<?xml version="1.0" encoding="utf-8"?>
<Catchment xmlns:xsi="http://www.w3.org/2001/XMLSchema-instance" xmlns:xsd="http://www.w3.org/2001/XMLSchema">
  <CatchmentParameters>
    <KSI>0.001</KSI>
    <KGmin>0.05</KGmin>
    <RangeKG>0.1</RangeKG>
    <AG>0.1</AG>
    <PERC>4.1381960254642474</PERC>
    <Alpha>0</Alpha>
    <UZL>133.50555218602426</UZL>
    <K0>0.30907330044307008</K0>
    <K1>0.10763318492542126</K1>
    <K2>0.025308963112310789</K2>
    <MAXBAS>1</MAXBAS>
    <Cet>0</Cet>
    <PCALT>10</PCALT>
    <TCALT>0.6</TCALT>
    <Pelev>3100</Pelev>
    <Telev>3100</Telev>
    <PART>0.5</PART>
    <DELAY>1</DELAY>
  </CatchmentParameters>
  <VegetationZone>
    <VegetationZoneParameters>
      <TT>-0.45150248052525205</TT>
      <CFMAX>1.28830937940676</CFMAX>
      <SP>0</SP>
      <SFCF>1.2656132419802102</SFCF>
      <CFR>0.015991828815993391</CFR>
      <CWH>0.19995413735855427</CWH>
      <CFGlacier>1</CFGlacier>
      <CFSlope>1</CFSlope>
      <FC>642.17226827973388</FC>
      <LP>0.88022070422116083</LP>
      <BETA>2.5910636135826324</BETA>
    </VegetationZoneParameters>
  </VegetationZone>
  <SubCatchment>
    <SubCatchmentParameters>
      <KSI>0.001</KSI>
      <KGmin>0.05</KGmin>
      <RangeKG>0.1</RangeKG>
      <AG>0.1</AG>
      <PERC>4.1381960254642474</PERC>
      <Alpha>0</Alpha>
      <UZL>133.50555218602426</UZL>
      <K0>0.30907330044307008</K0>
      <K1>0.10763318492542126</K1>
      <K2>0.025308963112310789</K2>
      <MAXBAS>1</MAXBAS>
      <Cet>0</Cet>
      <PCALT>10</PCALT>
      <TCALT>0.6</TCALT>
      <Pelev>3100</Pelev>
      <Telev>3100</Telev>
      <PART>0.5</PART>
      <DELAY>1</DELAY>
    </SubCatchmentParameters>
    <SubCatchmentVegetationZone>
      <SubCatchmentVegetationZoneParameters>
        <TT>-0.45150248052525205</TT>
        <CFMAX>1.28830937940676</CFMAX>
        <SP>0</SP>
        <SFCF>1.2656132419802102</SFCF>
        <CFR>0.015991828815993391</CFR>
        <CWH>0.19995413735855427</CWH>
        <CFGlacier>1</CFGlacier>
        <CFSlope>1</CFSlope>
        <FC>642.17226827973388</FC>
        <LP>0.88022070422116083</LP>
        <BETA>2.5910636135826324</BETA>
      </SubCatchmentVegetationZoneParameters>
    </SubCatchmentVegetationZone>
  </SubCatchment>
</Catchment>