<?xml version="1.0" encoding="utf-8"?>
<Catchment xmlns:xsi="http://www.w3.org/2001/XMLSchema-instance" xmlns:xsd="http://www.w3.org/2001/XMLSchema">
  <CatchmentParameters>
    <KSI>0.001</KSI>
    <KGmin>0.05</KGmin>
    <RangeKG>0.1</RangeKG>
    <AG>0.1</AG>
    <PERC>3.42081552052004</PERC>
    <Alpha>0</Alpha>
    <UZL>96.7691609690788</UZL>
    <K0>0.5472328401365979</K0>
    <K1>0.0450376332363103</K1>
    <K2>0.025045044649042333</K2>
    <MAXBAS>1</MAXBAS>
    <Cet>0</Cet>
    <PCALT>10</PCALT>
    <TCALT>0.6</TCALT>
    <Pelev>3100</Pelev>
    <Telev>3100</Telev>
    <PART>0.5</PART>
    <DELAY>1</DELAY>
  </CatchmentParameters>
  <VegetationZone>
    <VegetationZoneParameters>
      <TT>1.2320755346668628</TT>
      <CFMAX>4.0128693500301109</CFMAX>
      <SP>0</SP>
      <SFCF>1.2251049404636556</SFCF>
      <CFR>0.033551914609776821</CFR>
      <CWH>0.19999814006109187</CWH>
      <CFGlacier>1</CFGlacier>
      <CFSlope>1</CFSlope>
      <FC>699.74693441105819</FC>
      <LP>0.83199667535795374</LP>
      <BETA>2.26998844082882</BETA>
    </VegetationZoneParameters>
  </VegetationZone>
  <SubCatchment>
    <SubCatchmentParameters>
      <KSI>0.001</KSI>
      <KGmin>0.05</KGmin>
      <RangeKG>0.1</RangeKG>
      <AG>0.1</AG>
      <PERC>3.42081552052004</PERC>
      <Alpha>0</Alpha>
      <UZL>96.7691609690788</UZL>
      <K0>0.5472328401365979</K0>
      <K1>0.0450376332363103</K1>
      <K2>0.025045044649042333</K2>
      <MAXBAS>1</MAXBAS>
      <Cet>0</Cet>
      <PCALT>10</PCALT>
      <TCALT>0.6</TCALT>
      <Pelev>3100</Pelev>
      <Telev>3100</Telev>
      <PART>0.5</PART>
      <DELAY>1</DELAY>
    </SubCatchmentParameters>
    <SubCatchmentVegetationZone>
      <SubCatchmentVegetationZoneParameters>
        <TT>1.2320755346668628</TT>
        <CFMAX>4.0128693500301109</CFMAX>
        <SP>0</SP>
        <SFCF>1.2251049404636556</SFCF>
        <CFR>0.033551914609776821</CFR>
        <CWH>0.19999814006109187</CWH>
        <CFGlacier>1</CFGlacier>
        <CFSlope>1</CFSlope>
        <FC>699.74693441105819</FC>
        <LP>0.83199667535795374</LP>
        <BETA>2.26998844082882</BETA>
      </SubCatchmentVegetationZoneParameters>
    </SubCatchmentVegetationZone>
  </SubCatchment>
</Catchment>