<?xml version="1.0" encoding="utf-8"?>
<Catchment xmlns:xsi="http://www.w3.org/2001/XMLSchema-instance" xmlns:xsd="http://www.w3.org/2001/XMLSchema">
  <CatchmentParameters>
    <KSI>0.001</KSI>
    <KGmin>0.05</KGmin>
    <RangeKG>0.1</RangeKG>
    <AG>0.1</AG>
    <PERC>5.1235637801660063</PERC>
    <Alpha>0</Alpha>
    <UZL>156.02706894494747</UZL>
    <K0>0.053305005987444094</K0>
    <K1>0.15490161982537382</K1>
    <K2>0.027133332446905193</K2>
    <MAXBAS>1</MAXBAS>
    <Cet>0</Cet>
    <PCALT>10</PCALT>
    <TCALT>0.6</TCALT>
    <Pelev>3100</Pelev>
    <Telev>3100</Telev>
    <PART>0.5</PART>
    <DELAY>1</DELAY>
  </CatchmentParameters>
  <VegetationZone>
    <VegetationZoneParameters>
      <TT>-0.299998740951891</TT>
      <CFMAX>1.6285365591301158</CFMAX>
      <SP>0</SP>
      <SFCF>1.4999999995005613</SFCF>
      <CFR>0.02235714675838698</CFR>
      <CWH>0.1999983756627845</CWH>
      <CFGlacier>1</CFGlacier>
      <CFSlope>1</CFSlope>
      <FC>802.45248455563308</FC>
      <LP>0.5077495597416275</LP>
      <BETA>1.4877269631352132</BETA>
    </VegetationZoneParameters>
  </VegetationZone>
  <SubCatchment>
    <SubCatchmentParameters>
      <KSI>0.001</KSI>
      <KGmin>0.05</KGmin>
      <RangeKG>0.1</RangeKG>
      <AG>0.1</AG>
      <PERC>5.1235637801660063</PERC>
      <Alpha>0</Alpha>
      <UZL>156.02706894494747</UZL>
      <K0>0.053305005987444094</K0>
      <K1>0.15490161982537382</K1>
      <K2>0.027133332446905193</K2>
      <MAXBAS>1</MAXBAS>
      <Cet>0</Cet>
      <PCALT>10</PCALT>
      <TCALT>0.6</TCALT>
      <Pelev>3100</Pelev>
      <Telev>3100</Telev>
      <PART>0.5</PART>
      <DELAY>1</DELAY>
    </SubCatchmentParameters>
    <SubCatchmentVegetationZone>
      <SubCatchmentVegetationZoneParameters>
        <TT>-0.299998740951891</TT>
        <CFMAX>1.6285365591301158</CFMAX>
        <SP>0</SP>
        <SFCF>1.4999999995005613</SFCF>
        <CFR>0.02235714675838698</CFR>
        <CWH>0.1999983756627845</CWH>
        <CFGlacier>1</CFGlacier>
        <CFSlope>1</CFSlope>
        <FC>802.45248455563308</FC>
        <LP>0.5077495597416275</LP>
        <BETA>1.4877269631352132</BETA>
      </SubCatchmentVegetationZoneParameters>
    </SubCatchmentVegetationZone>
  </SubCatchment>
</Catchment>