<?xml version="1.0" encoding="utf-8"?>
<Catchment xmlns:xsi="http://www.w3.org/2001/XMLSchema-instance" xmlns:xsd="http://www.w3.org/2001/XMLSchema">
  <CatchmentParameters>
    <KSI>0.001</KSI>
    <KGmin>0.05</KGmin>
    <RangeKG>0.1</RangeKG>
    <AG>0.1</AG>
    <PERC>2.3213509302066915</PERC>
    <Alpha>0</Alpha>
    <UZL>124.71354703709365</UZL>
    <K0>0.36580770456398082</K0>
    <K1>0.0373727381267928</K1>
    <K2>0.020631103740706234</K2>
    <MAXBAS>1</MAXBAS>
    <Cet>0</Cet>
    <PCALT>10</PCALT>
    <TCALT>0.6</TCALT>
    <Pelev>3100</Pelev>
    <Telev>3100</Telev>
    <PART>0.5</PART>
    <DELAY>1</DELAY>
  </CatchmentParameters>
  <VegetationZone>
    <VegetationZoneParameters>
      <TT>0.8867530528068458</TT>
      <CFMAX>3.4610751129011361</CFMAX>
      <SP>0</SP>
      <SFCF>1.1866855924780488</SFCF>
      <CFR>0.069262285267264759</CFR>
      <CWH>0.1725176388749757</CWH>
      <CFGlacier>1</CFGlacier>
      <CFSlope>1</CFSlope>
      <FC>500.18153385734252</FC>
      <LP>0.79376474926481655</LP>
      <BETA>2.0609974016018322</BETA>
    </VegetationZoneParameters>
  </VegetationZone>
  <SubCatchment>
    <SubCatchmentParameters>
      <KSI>0.001</KSI>
      <KGmin>0.05</KGmin>
      <RangeKG>0.1</RangeKG>
      <AG>0.1</AG>
      <PERC>2.3213509302066915</PERC>
      <Alpha>0</Alpha>
      <UZL>124.71354703709365</UZL>
      <K0>0.36580770456398082</K0>
      <K1>0.0373727381267928</K1>
      <K2>0.020631103740706234</K2>
      <MAXBAS>1</MAXBAS>
      <Cet>0</Cet>
      <PCALT>10</PCALT>
      <TCALT>0.6</TCALT>
      <Pelev>3100</Pelev>
      <Telev>3100</Telev>
      <PART>0.5</PART>
      <DELAY>1</DELAY>
    </SubCatchmentParameters>
    <SubCatchmentVegetationZone>
      <SubCatchmentVegetationZoneParameters>
        <TT>0.8867530528068458</TT>
        <CFMAX>3.4610751129011361</CFMAX>
        <SP>0</SP>
        <SFCF>1.1866855924780488</SFCF>
        <CFR>0.069262285267264759</CFR>
        <CWH>0.1725176388749757</CWH>
        <CFGlacier>1</CFGlacier>
        <CFSlope>1</CFSlope>
        <FC>500.18153385734252</FC>
        <LP>0.79376474926481655</LP>
        <BETA>2.0609974016018322</BETA>
      </SubCatchmentVegetationZoneParameters>
    </SubCatchmentVegetationZone>
  </SubCatchment>
</Catchment>