<?xml version="1.0" encoding="utf-8"?>
<Catchment xmlns:xsi="http://www.w3.org/2001/XMLSchema-instance" xmlns:xsd="http://www.w3.org/2001/XMLSchema">
  <CatchmentParameters>
    <KSI>0.001</KSI>
    <KGmin>0.05</KGmin>
    <RangeKG>0.1</RangeKG>
    <AG>0.1</AG>
    <PERC>1.6812764322890745</PERC>
    <Alpha>0</Alpha>
    <UZL>148.85926014231228</UZL>
    <K0>0.23211563964226636</K0>
    <K1>0.038090136602479105</K1>
    <K2>0.020610107189874445</K2>
    <MAXBAS>1</MAXBAS>
    <Cet>0</Cet>
    <PCALT>10</PCALT>
    <TCALT>0.6</TCALT>
    <Pelev>3100</Pelev>
    <Telev>3100</Telev>
    <PART>0.5</PART>
    <DELAY>1</DELAY>
  </CatchmentParameters>
  <VegetationZone>
    <VegetationZoneParameters>
      <TT>0.71177496140491248</TT>
      <CFMAX>3.2666929894215224</CFMAX>
      <SP>0</SP>
      <SFCF>1.311144660111615</SFCF>
      <CFR>0.04335062098420657</CFR>
      <CWH>0.19999937730299719</CWH>
      <CFGlacier>1</CFGlacier>
      <CFSlope>1</CFSlope>
      <FC>692.59484849480009</FC>
      <LP>0.79830404499879037</LP>
      <BETA>2.2874599242718525</BETA>
    </VegetationZoneParameters>
  </VegetationZone>
  <SubCatchment>
    <SubCatchmentParameters>
      <KSI>0.001</KSI>
      <KGmin>0.05</KGmin>
      <RangeKG>0.1</RangeKG>
      <AG>0.1</AG>
      <PERC>1.6812764322890745</PERC>
      <Alpha>0</Alpha>
      <UZL>148.85926014231228</UZL>
      <K0>0.23211563964226636</K0>
      <K1>0.038090136602479105</K1>
      <K2>0.020610107189874445</K2>
      <MAXBAS>1</MAXBAS>
      <Cet>0</Cet>
      <PCALT>10</PCALT>
      <TCALT>0.6</TCALT>
      <Pelev>3100</Pelev>
      <Telev>3100</Telev>
      <PART>0.5</PART>
      <DELAY>1</DELAY>
    </SubCatchmentParameters>
    <SubCatchmentVegetationZone>
      <SubCatchmentVegetationZoneParameters>
        <TT>0.71177496140491248</TT>
        <CFMAX>3.2666929894215224</CFMAX>
        <SP>0</SP>
        <SFCF>1.311144660111615</SFCF>
        <CFR>0.04335062098420657</CFR>
        <CWH>0.19999937730299719</CWH>
        <CFGlacier>1</CFGlacier>
        <CFSlope>1</CFSlope>
        <FC>692.59484849480009</FC>
        <LP>0.79830404499879037</LP>
        <BETA>2.2874599242718525</BETA>
      </SubCatchmentVegetationZoneParameters>
    </SubCatchmentVegetationZone>
  </SubCatchment>
</Catchment>