<?xml version="1.0" encoding="utf-8"?>
<Catchment xmlns:xsi="http://www.w3.org/2001/XMLSchema-instance" xmlns:xsd="http://www.w3.org/2001/XMLSchema">
  <CatchmentParameters>
    <KSI>0.001</KSI>
    <KGmin>0.05</KGmin>
    <RangeKG>0.1</RangeKG>
    <AG>0.1</AG>
    <PERC>5.6041817953550535</PERC>
    <Alpha>0</Alpha>
    <UZL>193.67378748680997</UZL>
    <K0>0.25845817307675023</K0>
    <K1>0.12156381257388112</K1>
    <K2>0.027946525600346519</K2>
    <MAXBAS>1</MAXBAS>
    <Cet>0</Cet>
    <PCALT>10</PCALT>
    <TCALT>0.6</TCALT>
    <Pelev>3100</Pelev>
    <Telev>3100</Telev>
    <PART>0.5</PART>
    <DELAY>1</DELAY>
  </CatchmentParameters>
  <VegetationZone>
    <VegetationZoneParameters>
      <TT>0.10919414430223345</TT>
      <CFMAX>1.7653940756356623</CFMAX>
      <SP>0</SP>
      <SFCF>1.350328727336189</SFCF>
      <CFR>0.015630233984534836</CFR>
      <CWH>0.19997582272702469</CWH>
      <CFGlacier>1</CFGlacier>
      <CFSlope>1</CFSlope>
      <FC>728.49194831746308</FC>
      <LP>0.76571503053194556</LP>
      <BETA>2.2780748244658411</BETA>
    </VegetationZoneParameters>
  </VegetationZone>
  <SubCatchment>
    <SubCatchmentParameters>
      <KSI>0.001</KSI>
      <KGmin>0.05</KGmin>
      <RangeKG>0.1</RangeKG>
      <AG>0.1</AG>
      <PERC>5.6041817953550535</PERC>
      <Alpha>0</Alpha>
      <UZL>193.67378748680997</UZL>
      <K0>0.25845817307675023</K0>
      <K1>0.12156381257388112</K1>
      <K2>0.027946525600346519</K2>
      <MAXBAS>1</MAXBAS>
      <Cet>0</Cet>
      <PCALT>10</PCALT>
      <TCALT>0.6</TCALT>
      <Pelev>3100</Pelev>
      <Telev>3100</Telev>
      <PART>0.5</PART>
      <DELAY>1</DELAY>
    </SubCatchmentParameters>
    <SubCatchmentVegetationZone>
      <SubCatchmentVegetationZoneParameters>
        <TT>0.10919414430223345</TT>
        <CFMAX>1.7653940756356623</CFMAX>
        <SP>0</SP>
        <SFCF>1.350328727336189</SFCF>
        <CFR>0.015630233984534836</CFR>
        <CWH>0.19997582272702469</CWH>
        <CFGlacier>1</CFGlacier>
        <CFSlope>1</CFSlope>
        <FC>728.49194831746308</FC>
        <LP>0.76571503053194556</LP>
        <BETA>2.2780748244658411</BETA>
      </SubCatchmentVegetationZoneParameters>
    </SubCatchmentVegetationZone>
  </SubCatchment>
</Catchment>