<?xml version="1.0" encoding="utf-8"?>
<Catchment xmlns:xsi="http://www.w3.org/2001/XMLSchema-instance" xmlns:xsd="http://www.w3.org/2001/XMLSchema">
  <CatchmentParameters>
    <KSI>0.001</KSI>
    <KGmin>0.05</KGmin>
    <RangeKG>0.1</RangeKG>
    <AG>0.1</AG>
    <PERC>5.6218518834084517</PERC>
    <Alpha>0</Alpha>
    <UZL>59.23431116474805</UZL>
    <K0>0.27585647321916063</K0>
    <K1>0.0739675956290893</K1>
    <K2>0.026807866814724073</K2>
    <MAXBAS>1</MAXBAS>
    <Cet>0</Cet>
    <PCALT>10</PCALT>
    <TCALT>0.6</TCALT>
    <Pelev>3100</Pelev>
    <Telev>3100</Telev>
    <PART>0.5</PART>
    <DELAY>1</DELAY>
  </CatchmentParameters>
  <VegetationZone>
    <VegetationZoneParameters>
      <TT>3.2663123071090261E-06</TT>
      <CFMAX>2.1986978381151721</CFMAX>
      <SP>0</SP>
      <SFCF>1.3331850103493961</SFCF>
      <CFR>0.087062230013228575</CFR>
      <CWH>0.19999895664741893</CWH>
      <CFGlacier>1</CFGlacier>
      <CFSlope>1</CFSlope>
      <FC>652.78614859537424</FC>
      <LP>0.6570227208236834</LP>
      <BETA>1.7200640450614164</BETA>
    </VegetationZoneParameters>
  </VegetationZone>
  <SubCatchment>
    <SubCatchmentParameters>
      <KSI>0.001</KSI>
      <KGmin>0.05</KGmin>
      <RangeKG>0.1</RangeKG>
      <AG>0.1</AG>
      <PERC>5.6218518834084517</PERC>
      <Alpha>0</Alpha>
      <UZL>59.23431116474805</UZL>
      <K0>0.27585647321916063</K0>
      <K1>0.0739675956290893</K1>
      <K2>0.026807866814724073</K2>
      <MAXBAS>1</MAXBAS>
      <Cet>0</Cet>
      <PCALT>10</PCALT>
      <TCALT>0.6</TCALT>
      <Pelev>3100</Pelev>
      <Telev>3100</Telev>
      <PART>0.5</PART>
      <DELAY>1</DELAY>
    </SubCatchmentParameters>
    <SubCatchmentVegetationZone>
      <SubCatchmentVegetationZoneParameters>
        <TT>3.2663123071090261E-06</TT>
        <CFMAX>2.1986978381151721</CFMAX>
        <SP>0</SP>
        <SFCF>1.3331850103493961</SFCF>
        <CFR>0.087062230013228575</CFR>
        <CWH>0.19999895664741893</CWH>
        <CFGlacier>1</CFGlacier>
        <CFSlope>1</CFSlope>
        <FC>652.78614859537424</FC>
        <LP>0.6570227208236834</LP>
        <BETA>1.7200640450614164</BETA>
      </SubCatchmentVegetationZoneParameters>
    </SubCatchmentVegetationZone>
  </SubCatchment>
</Catchment>