<?xml version="1.0" encoding="utf-8"?>
<Catchment xmlns:xsi="http://www.w3.org/2001/XMLSchema-instance" xmlns:xsd="http://www.w3.org/2001/XMLSchema">
  <CatchmentParameters>
    <KSI>0.001</KSI>
    <KGmin>0.05</KGmin>
    <RangeKG>0.1</RangeKG>
    <AG>0.1</AG>
    <PERC>5.5249452245205717</PERC>
    <Alpha>0</Alpha>
    <UZL>121.16512936508056</UZL>
    <K0>0.1946604068316472</K0>
    <K1>0.0782108487278627</K1>
    <K2>0.025433641396244582</K2>
    <MAXBAS>1</MAXBAS>
    <Cet>0</Cet>
    <PCALT>10</PCALT>
    <TCALT>0.6</TCALT>
    <Pelev>3100</Pelev>
    <Telev>3100</Telev>
    <PART>0.5</PART>
    <DELAY>1</DELAY>
  </CatchmentParameters>
  <VegetationZone>
    <VegetationZoneParameters>
      <TT>1.1155071924093935E-07</TT>
      <CFMAX>1.95787805829133</CFMAX>
      <SP>0</SP>
      <SFCF>1.3582149089566356</SFCF>
      <CFR>0.014031522007357442</CFR>
      <CWH>0.19999921937423726</CWH>
      <CFGlacier>1</CFGlacier>
      <CFSlope>1</CFSlope>
      <FC>651.67104605871316</FC>
      <LP>0.81920587902953923</LP>
      <BETA>2.5535327005503277</BETA>
    </VegetationZoneParameters>
  </VegetationZone>
  <SubCatchment>
    <SubCatchmentParameters>
      <KSI>0.001</KSI>
      <KGmin>0.05</KGmin>
      <RangeKG>0.1</RangeKG>
      <AG>0.1</AG>
      <PERC>5.5249452245205717</PERC>
      <Alpha>0</Alpha>
      <UZL>121.16512936508056</UZL>
      <K0>0.1946604068316472</K0>
      <K1>0.0782108487278627</K1>
      <K2>0.025433641396244582</K2>
      <MAXBAS>1</MAXBAS>
      <Cet>0</Cet>
      <PCALT>10</PCALT>
      <TCALT>0.6</TCALT>
      <Pelev>3100</Pelev>
      <Telev>3100</Telev>
      <PART>0.5</PART>
      <DELAY>1</DELAY>
    </SubCatchmentParameters>
    <SubCatchmentVegetationZone>
      <SubCatchmentVegetationZoneParameters>
        <TT>1.1155071924093935E-07</TT>
        <CFMAX>1.95787805829133</CFMAX>
        <SP>0</SP>
        <SFCF>1.3582149089566356</SFCF>
        <CFR>0.014031522007357442</CFR>
        <CWH>0.19999921937423726</CWH>
        <CFGlacier>1</CFGlacier>
        <CFSlope>1</CFSlope>
        <FC>651.67104605871316</FC>
        <LP>0.81920587902953923</LP>
        <BETA>2.5535327005503277</BETA>
      </SubCatchmentVegetationZoneParameters>
    </SubCatchmentVegetationZone>
  </SubCatchment>
</Catchment>