<?xml version="1.0" encoding="utf-8"?>
<Catchment xmlns:xsi="http://www.w3.org/2001/XMLSchema-instance" xmlns:xsd="http://www.w3.org/2001/XMLSchema">
  <CatchmentParameters>
    <KSI>0.001</KSI>
    <KGmin>0.05</KGmin>
    <RangeKG>0.1</RangeKG>
    <AG>0.1</AG>
    <PERC>3.3518563983944674</PERC>
    <Alpha>0</Alpha>
    <UZL>110.4208160387066</UZL>
    <K0>0.39530033087369559</K0>
    <K1>0.050476092759945253</K1>
    <K2>0.022972290958799213</K2>
    <MAXBAS>1</MAXBAS>
    <Cet>0</Cet>
    <PCALT>10</PCALT>
    <TCALT>0.6</TCALT>
    <Pelev>3100</Pelev>
    <Telev>3100</Telev>
    <PART>0.5</PART>
    <DELAY>1</DELAY>
  </CatchmentParameters>
  <VegetationZone>
    <VegetationZoneParameters>
      <TT>0.025553532433389817</TT>
      <CFMAX>1.9537899483253327</CFMAX>
      <SP>0</SP>
      <SFCF>1.3182824735788137</SFCF>
      <CFR>0.006982833716929422</CFR>
      <CWH>0.18839881817061097</CWH>
      <CFGlacier>1</CFGlacier>
      <CFSlope>1</CFSlope>
      <FC>666.92397111121318</FC>
      <LP>0.9542713653231738</LP>
      <BETA>3.28066247281242</BETA>
    </VegetationZoneParameters>
  </VegetationZone>
  <SubCatchment>
    <SubCatchmentParameters>
      <KSI>0.001</KSI>
      <KGmin>0.05</KGmin>
      <RangeKG>0.1</RangeKG>
      <AG>0.1</AG>
      <PERC>3.3518563983944674</PERC>
      <Alpha>0</Alpha>
      <UZL>110.4208160387066</UZL>
      <K0>0.39530033087369559</K0>
      <K1>0.050476092759945253</K1>
      <K2>0.022972290958799213</K2>
      <MAXBAS>1</MAXBAS>
      <Cet>0</Cet>
      <PCALT>10</PCALT>
      <TCALT>0.6</TCALT>
      <Pelev>3100</Pelev>
      <Telev>3100</Telev>
      <PART>0.5</PART>
      <DELAY>1</DELAY>
    </SubCatchmentParameters>
    <SubCatchmentVegetationZone>
      <SubCatchmentVegetationZoneParameters>
        <TT>0.025553532433389817</TT>
        <CFMAX>1.9537899483253327</CFMAX>
        <SP>0</SP>
        <SFCF>1.3182824735788137</SFCF>
        <CFR>0.006982833716929422</CFR>
        <CWH>0.18839881817061097</CWH>
        <CFGlacier>1</CFGlacier>
        <CFSlope>1</CFSlope>
        <FC>666.92397111121318</FC>
        <LP>0.9542713653231738</LP>
        <BETA>3.28066247281242</BETA>
      </SubCatchmentVegetationZoneParameters>
    </SubCatchmentVegetationZone>
  </SubCatchment>
</Catchment>