<?xml version="1.0" encoding="utf-8"?>
<Catchment xmlns:xsi="http://www.w3.org/2001/XMLSchema-instance" xmlns:xsd="http://www.w3.org/2001/XMLSchema">
  <CatchmentParameters>
    <KSI>0.001</KSI>
    <KGmin>0.05</KGmin>
    <RangeKG>0.1</RangeKG>
    <AG>0.1</AG>
    <PERC>4.2182586116532468</PERC>
    <Alpha>0</Alpha>
    <UZL>124.84126733342143</UZL>
    <K0>0.3046181890751315</K0>
    <K1>0.057317127743359772</K1>
    <K2>0.025931802409016987</K2>
    <MAXBAS>1</MAXBAS>
    <Cet>0</Cet>
    <PCALT>10</PCALT>
    <TCALT>0.6</TCALT>
    <Pelev>3100</Pelev>
    <Telev>3100</Telev>
    <PART>0.5</PART>
    <DELAY>1</DELAY>
  </CatchmentParameters>
  <VegetationZone>
    <VegetationZoneParameters>
      <TT>0.50174557076221615</TT>
      <CFMAX>2.7289786032082652</CFMAX>
      <SP>0</SP>
      <SFCF>1.2715221919586277</SFCF>
      <CFR>0.053705783940508747</CFR>
      <CWH>0.19998224252541166</CWH>
      <CFGlacier>1</CFGlacier>
      <CFSlope>1</CFSlope>
      <FC>658.2407994252635</FC>
      <LP>0.68566492362903531</LP>
      <BETA>1.7770681231908252</BETA>
    </VegetationZoneParameters>
  </VegetationZone>
  <SubCatchment>
    <SubCatchmentParameters>
      <KSI>0.001</KSI>
      <KGmin>0.05</KGmin>
      <RangeKG>0.1</RangeKG>
      <AG>0.1</AG>
      <PERC>4.2182586116532468</PERC>
      <Alpha>0</Alpha>
      <UZL>124.84126733342143</UZL>
      <K0>0.3046181890751315</K0>
      <K1>0.057317127743359772</K1>
      <K2>0.025931802409016987</K2>
      <MAXBAS>1</MAXBAS>
      <Cet>0</Cet>
      <PCALT>10</PCALT>
      <TCALT>0.6</TCALT>
      <Pelev>3100</Pelev>
      <Telev>3100</Telev>
      <PART>0.5</PART>
      <DELAY>1</DELAY>
    </SubCatchmentParameters>
    <SubCatchmentVegetationZone>
      <SubCatchmentVegetationZoneParameters>
        <TT>0.50174557076221615</TT>
        <CFMAX>2.7289786032082652</CFMAX>
        <SP>0</SP>
        <SFCF>1.2715221919586277</SFCF>
        <CFR>0.053705783940508747</CFR>
        <CWH>0.19998224252541166</CWH>
        <CFGlacier>1</CFGlacier>
        <CFSlope>1</CFSlope>
        <FC>658.2407994252635</FC>
        <LP>0.68566492362903531</LP>
        <BETA>1.7770681231908252</BETA>
      </SubCatchmentVegetationZoneParameters>
    </SubCatchmentVegetationZone>
  </SubCatchment>
</Catchment>