<?xml version="1.0" encoding="utf-8"?>
<Catchment xmlns:xsi="http://www.w3.org/2001/XMLSchema-instance" xmlns:xsd="http://www.w3.org/2001/XMLSchema">
  <CatchmentParameters>
    <KSI>0.001</KSI>
    <KGmin>0.05</KGmin>
    <RangeKG>0.1</RangeKG>
    <AG>0.1</AG>
    <PERC>0.96686347532632655</PERC>
    <Alpha>0</Alpha>
    <UZL>193.44967228818115</UZL>
    <K0>0.57390176705670615</K0>
    <K1>0.036746616101777631</K1>
    <K2>0.016391410301052442</K2>
    <MAXBAS>1</MAXBAS>
    <Cet>0</Cet>
    <PCALT>10</PCALT>
    <TCALT>0.6</TCALT>
    <Pelev>3100</Pelev>
    <Telev>3100</Telev>
    <PART>0.5</PART>
    <DELAY>1</DELAY>
  </CatchmentParameters>
  <VegetationZone>
    <VegetationZoneParameters>
      <TT>-0.071674272011807844</TT>
      <CFMAX>2.2847320687550781</CFMAX>
      <SP>0</SP>
      <SFCF>1.4826692628692153</SFCF>
      <CFR>0.051202190689801787</CFR>
      <CWH>0.14013681252100801</CWH>
      <CFGlacier>1</CFGlacier>
      <CFSlope>1</CFSlope>
      <FC>603.46347726360329</FC>
      <LP>0.587353066021471</LP>
      <BETA>1.7767838776150293</BETA>
    </VegetationZoneParameters>
  </VegetationZone>
  <SubCatchment>
    <SubCatchmentParameters>
      <KSI>0.001</KSI>
      <KGmin>0.05</KGmin>
      <RangeKG>0.1</RangeKG>
      <AG>0.1</AG>
      <PERC>0.96686347532632655</PERC>
      <Alpha>0</Alpha>
      <UZL>193.44967228818115</UZL>
      <K0>0.57390176705670615</K0>
      <K1>0.036746616101777631</K1>
      <K2>0.016391410301052442</K2>
      <MAXBAS>1</MAXBAS>
      <Cet>0</Cet>
      <PCALT>10</PCALT>
      <TCALT>0.6</TCALT>
      <Pelev>3100</Pelev>
      <Telev>3100</Telev>
      <PART>0.5</PART>
      <DELAY>1</DELAY>
    </SubCatchmentParameters>
    <SubCatchmentVegetationZone>
      <SubCatchmentVegetationZoneParameters>
        <TT>-0.071674272011807844</TT>
        <CFMAX>2.2847320687550781</CFMAX>
        <SP>0</SP>
        <SFCF>1.4826692628692153</SFCF>
        <CFR>0.051202190689801787</CFR>
        <CWH>0.14013681252100801</CWH>
        <CFGlacier>1</CFGlacier>
        <CFSlope>1</CFSlope>
        <FC>603.46347726360329</FC>
        <LP>0.587353066021471</LP>
        <BETA>1.7767838776150293</BETA>
      </SubCatchmentVegetationZoneParameters>
    </SubCatchmentVegetationZone>
  </SubCatchment>
</Catchment>