<?xml version="1.0" encoding="utf-8"?>
<Catchment xmlns:xsi="http://www.w3.org/2001/XMLSchema-instance" xmlns:xsd="http://www.w3.org/2001/XMLSchema">
  <CatchmentParameters>
    <KSI>0.001</KSI>
    <KGmin>0.05</KGmin>
    <RangeKG>0.1</RangeKG>
    <AG>0.1</AG>
    <PERC>5.2089412126933823</PERC>
    <Alpha>0</Alpha>
    <UZL>149.32447051702076</UZL>
    <K0>0.52015804182138137</K0>
    <K1>0.070768344925643573</K1>
    <K2>0.025515464917099356</K2>
    <MAXBAS>1</MAXBAS>
    <Cet>0</Cet>
    <PCALT>10</PCALT>
    <TCALT>0.6</TCALT>
    <Pelev>3100</Pelev>
    <Telev>3100</Telev>
    <PART>0.5</PART>
    <DELAY>1</DELAY>
  </CatchmentParameters>
  <VegetationZone>
    <VegetationZoneParameters>
      <TT>0.0400415308547116</TT>
      <CFMAX>2.0694863549885163</CFMAX>
      <SP>0</SP>
      <SFCF>1.4204371999042238</SFCF>
      <CFR>0.0065643946049220867</CFR>
      <CWH>0.1999999339225334</CWH>
      <CFGlacier>1</CFGlacier>
      <CFSlope>1</CFSlope>
      <FC>836.80990026391964</FC>
      <LP>0.95229398208034965</LP>
      <BETA>3.727097596213174</BETA>
    </VegetationZoneParameters>
  </VegetationZone>
  <SubCatchment>
    <SubCatchmentParameters>
      <KSI>0.001</KSI>
      <KGmin>0.05</KGmin>
      <RangeKG>0.1</RangeKG>
      <AG>0.1</AG>
      <PERC>5.2089412126933823</PERC>
      <Alpha>0</Alpha>
      <UZL>149.32447051702076</UZL>
      <K0>0.52015804182138137</K0>
      <K1>0.070768344925643573</K1>
      <K2>0.025515464917099356</K2>
      <MAXBAS>1</MAXBAS>
      <Cet>0</Cet>
      <PCALT>10</PCALT>
      <TCALT>0.6</TCALT>
      <Pelev>3100</Pelev>
      <Telev>3100</Telev>
      <PART>0.5</PART>
      <DELAY>1</DELAY>
    </SubCatchmentParameters>
    <SubCatchmentVegetationZone>
      <SubCatchmentVegetationZoneParameters>
        <TT>0.0400415308547116</TT>
        <CFMAX>2.0694863549885163</CFMAX>
        <SP>0</SP>
        <SFCF>1.4204371999042238</SFCF>
        <CFR>0.0065643946049220867</CFR>
        <CWH>0.1999999339225334</CWH>
        <CFGlacier>1</CFGlacier>
        <CFSlope>1</CFSlope>
        <FC>836.80990026391964</FC>
        <LP>0.95229398208034965</LP>
        <BETA>3.727097596213174</BETA>
      </SubCatchmentVegetationZoneParameters>
    </SubCatchmentVegetationZone>
  </SubCatchment>
</Catchment>