<?xml version="1.0" encoding="utf-8"?>
<Catchment xmlns:xsi="http://www.w3.org/2001/XMLSchema-instance" xmlns:xsd="http://www.w3.org/2001/XMLSchema">
  <CatchmentParameters>
    <KSI>0.001</KSI>
    <KGmin>0.05</KGmin>
    <RangeKG>0.1</RangeKG>
    <AG>0.1</AG>
    <PERC>5.0223905897211294</PERC>
    <Alpha>0</Alpha>
    <UZL>82.843640007818308</UZL>
    <K0>0.58019420414955836</K0>
    <K1>0.15346265291260933</K1>
    <K2>0.026656276111812295</K2>
    <MAXBAS>1</MAXBAS>
    <Cet>0</Cet>
    <PCALT>10</PCALT>
    <TCALT>0.6</TCALT>
    <Pelev>3100</Pelev>
    <Telev>3100</Telev>
    <PART>0.5</PART>
    <DELAY>1</DELAY>
  </CatchmentParameters>
  <VegetationZone>
    <VegetationZoneParameters>
      <TT>-0.59771617917940056</TT>
      <CFMAX>1.5150047606628203</CFMAX>
      <SP>0</SP>
      <SFCF>1.491617653252743</SFCF>
      <CFR>0.070511559114385461</CFR>
      <CWH>0.10271755031495002</CWH>
      <CFGlacier>1</CFGlacier>
      <CFSlope>1</CFSlope>
      <FC>870.82057784056758</FC>
      <LP>0.85161137887516969</LP>
      <BETA>3.0237622962137238</BETA>
    </VegetationZoneParameters>
  </VegetationZone>
  <SubCatchment>
    <SubCatchmentParameters>
      <KSI>0.001</KSI>
      <KGmin>0.05</KGmin>
      <RangeKG>0.1</RangeKG>
      <AG>0.1</AG>
      <PERC>5.0223905897211294</PERC>
      <Alpha>0</Alpha>
      <UZL>82.843640007818308</UZL>
      <K0>0.58019420414955836</K0>
      <K1>0.15346265291260933</K1>
      <K2>0.026656276111812295</K2>
      <MAXBAS>1</MAXBAS>
      <Cet>0</Cet>
      <PCALT>10</PCALT>
      <TCALT>0.6</TCALT>
      <Pelev>3100</Pelev>
      <Telev>3100</Telev>
      <PART>0.5</PART>
      <DELAY>1</DELAY>
    </SubCatchmentParameters>
    <SubCatchmentVegetationZone>
      <SubCatchmentVegetationZoneParameters>
        <TT>-0.59771617917940056</TT>
        <CFMAX>1.5150047606628203</CFMAX>
        <SP>0</SP>
        <SFCF>1.491617653252743</SFCF>
        <CFR>0.070511559114385461</CFR>
        <CWH>0.10271755031495002</CWH>
        <CFGlacier>1</CFGlacier>
        <CFSlope>1</CFSlope>
        <FC>870.82057784056758</FC>
        <LP>0.85161137887516969</LP>
        <BETA>3.0237622962137238</BETA>
      </SubCatchmentVegetationZoneParameters>
    </SubCatchmentVegetationZone>
  </SubCatchment>
</Catchment>