<?xml version="1.0" encoding="utf-8"?>
<Catchment xmlns:xsi="http://www.w3.org/2001/XMLSchema-instance" xmlns:xsd="http://www.w3.org/2001/XMLSchema">
  <CatchmentParameters>
    <KSI>0.001</KSI>
    <KGmin>0.05</KGmin>
    <RangeKG>0.1</RangeKG>
    <AG>0.1</AG>
    <PERC>1.2803959526896396</PERC>
    <Alpha>0</Alpha>
    <UZL>123.41848825329635</UZL>
    <K0>0.60054352927070886</K0>
    <K1>0.033276103944522559</K1>
    <K2>0.018046603195435017</K2>
    <MAXBAS>1</MAXBAS>
    <Cet>0</Cet>
    <PCALT>10</PCALT>
    <TCALT>0.6</TCALT>
    <Pelev>3100</Pelev>
    <Telev>3100</Telev>
    <PART>0.5</PART>
    <DELAY>1</DELAY>
  </CatchmentParameters>
  <VegetationZone>
    <VegetationZoneParameters>
      <TT>0.047349730918526713</TT>
      <CFMAX>2.311710720180018</CFMAX>
      <SP>0</SP>
      <SFCF>1.3827317208766374</SFCF>
      <CFR>0.071587335694453719</CFR>
      <CWH>0.15811903735051114</CWH>
      <CFGlacier>1</CFGlacier>
      <CFSlope>1</CFSlope>
      <FC>579.9294895259485</FC>
      <LP>0.60941748320520206</LP>
      <BETA>1.7195259494355797</BETA>
    </VegetationZoneParameters>
  </VegetationZone>
  <SubCatchment>
    <SubCatchmentParameters>
      <KSI>0.001</KSI>
      <KGmin>0.05</KGmin>
      <RangeKG>0.1</RangeKG>
      <AG>0.1</AG>
      <PERC>1.2803959526896396</PERC>
      <Alpha>0</Alpha>
      <UZL>123.41848825329635</UZL>
      <K0>0.60054352927070886</K0>
      <K1>0.033276103944522559</K1>
      <K2>0.018046603195435017</K2>
      <MAXBAS>1</MAXBAS>
      <Cet>0</Cet>
      <PCALT>10</PCALT>
      <TCALT>0.6</TCALT>
      <Pelev>3100</Pelev>
      <Telev>3100</Telev>
      <PART>0.5</PART>
      <DELAY>1</DELAY>
    </SubCatchmentParameters>
    <SubCatchmentVegetationZone>
      <SubCatchmentVegetationZoneParameters>
        <TT>0.047349730918526713</TT>
        <CFMAX>2.311710720180018</CFMAX>
        <SP>0</SP>
        <SFCF>1.3827317208766374</SFCF>
        <CFR>0.071587335694453719</CFR>
        <CWH>0.15811903735051114</CWH>
        <CFGlacier>1</CFGlacier>
        <CFSlope>1</CFSlope>
        <FC>579.9294895259485</FC>
        <LP>0.60941748320520206</LP>
        <BETA>1.7195259494355797</BETA>
      </SubCatchmentVegetationZoneParameters>
    </SubCatchmentVegetationZone>
  </SubCatchment>
</Catchment>