<?xml version="1.0" encoding="utf-8"?>
<Catchment xmlns:xsi="http://www.w3.org/2001/XMLSchema-instance" xmlns:xsd="http://www.w3.org/2001/XMLSchema">
  <CatchmentParameters>
    <KSI>0.001</KSI>
    <KGmin>0.05</KGmin>
    <RangeKG>0.1</RangeKG>
    <AG>0.1</AG>
    <PERC>5.4164401976991163</PERC>
    <Alpha>0</Alpha>
    <UZL>125.18966589574735</UZL>
    <K0>0.6008909031751557</K0>
    <K1>0.088111739078952311</K1>
    <K2>0.025369571067075828</K2>
    <MAXBAS>1</MAXBAS>
    <Cet>0</Cet>
    <PCALT>10</PCALT>
    <TCALT>0.6</TCALT>
    <Pelev>3100</Pelev>
    <Telev>3100</Telev>
    <PART>0.5</PART>
    <DELAY>1</DELAY>
  </CatchmentParameters>
  <VegetationZone>
    <VegetationZoneParameters>
      <TT>-0.25738450845013283</TT>
      <CFMAX>1.7648069476573425</CFMAX>
      <SP>0</SP>
      <SFCF>1.3955904274085289</SFCF>
      <CFR>0.012751601527794691</CFR>
      <CWH>0.19999867772982358</CWH>
      <CFGlacier>1</CFGlacier>
      <CFSlope>1</CFSlope>
      <FC>672.60585317403786</FC>
      <LP>0.82944751758525037</LP>
      <BETA>2.6210274363032613</BETA>
    </VegetationZoneParameters>
  </VegetationZone>
  <SubCatchment>
    <SubCatchmentParameters>
      <KSI>0.001</KSI>
      <KGmin>0.05</KGmin>
      <RangeKG>0.1</RangeKG>
      <AG>0.1</AG>
      <PERC>5.4164401976991163</PERC>
      <Alpha>0</Alpha>
      <UZL>125.18966589574735</UZL>
      <K0>0.6008909031751557</K0>
      <K1>0.088111739078952311</K1>
      <K2>0.025369571067075828</K2>
      <MAXBAS>1</MAXBAS>
      <Cet>0</Cet>
      <PCALT>10</PCALT>
      <TCALT>0.6</TCALT>
      <Pelev>3100</Pelev>
      <Telev>3100</Telev>
      <PART>0.5</PART>
      <DELAY>1</DELAY>
    </SubCatchmentParameters>
    <SubCatchmentVegetationZone>
      <SubCatchmentVegetationZoneParameters>
        <TT>-0.25738450845013283</TT>
        <CFMAX>1.7648069476573425</CFMAX>
        <SP>0</SP>
        <SFCF>1.3955904274085289</SFCF>
        <CFR>0.012751601527794691</CFR>
        <CWH>0.19999867772982358</CWH>
        <CFGlacier>1</CFGlacier>
        <CFSlope>1</CFSlope>
        <FC>672.60585317403786</FC>
        <LP>0.82944751758525037</LP>
        <BETA>2.6210274363032613</BETA>
      </SubCatchmentVegetationZoneParameters>
    </SubCatchmentVegetationZone>
  </SubCatchment>
</Catchment>