<?xml version="1.0" encoding="utf-8"?>
<Catchment xmlns:xsi="http://www.w3.org/2001/XMLSchema-instance" xmlns:xsd="http://www.w3.org/2001/XMLSchema">
  <CatchmentParameters>
    <KSI>0.001</KSI>
    <KGmin>0.05</KGmin>
    <RangeKG>0.1</RangeKG>
    <AG>0.1</AG>
    <PERC>3.2992124933293834</PERC>
    <Alpha>0</Alpha>
    <UZL>136.18569214111702</UZL>
    <K0>0.050000349613954685</K0>
    <K1>0.052095338892348894</K1>
    <K2>0.025384580071525803</K2>
    <MAXBAS>1</MAXBAS>
    <Cet>0</Cet>
    <PCALT>10</PCALT>
    <TCALT>0.6</TCALT>
    <Pelev>3100</Pelev>
    <Telev>3100</Telev>
    <PART>0.5</PART>
    <DELAY>1</DELAY>
  </CatchmentParameters>
  <VegetationZone>
    <VegetationZoneParameters>
      <TT>0.42249003704124677</TT>
      <CFMAX>2.8986392814474233</CFMAX>
      <SP>0</SP>
      <SFCF>1.3403659171448066</SFCF>
      <CFR>0.055837015143142259</CFR>
      <CWH>0.18673779460594514</CWH>
      <CFGlacier>1</CFGlacier>
      <CFSlope>1</CFSlope>
      <FC>767.06599151164562</FC>
      <LP>0.8360392286234456</LP>
      <BETA>2.5521350740087496</BETA>
    </VegetationZoneParameters>
  </VegetationZone>
  <SubCatchment>
    <SubCatchmentParameters>
      <KSI>0.001</KSI>
      <KGmin>0.05</KGmin>
      <RangeKG>0.1</RangeKG>
      <AG>0.1</AG>
      <PERC>3.2992124933293834</PERC>
      <Alpha>0</Alpha>
      <UZL>136.18569214111702</UZL>
      <K0>0.050000349613954685</K0>
      <K1>0.052095338892348894</K1>
      <K2>0.025384580071525803</K2>
      <MAXBAS>1</MAXBAS>
      <Cet>0</Cet>
      <PCALT>10</PCALT>
      <TCALT>0.6</TCALT>
      <Pelev>3100</Pelev>
      <Telev>3100</Telev>
      <PART>0.5</PART>
      <DELAY>1</DELAY>
    </SubCatchmentParameters>
    <SubCatchmentVegetationZone>
      <SubCatchmentVegetationZoneParameters>
        <TT>0.42249003704124677</TT>
        <CFMAX>2.8986392814474233</CFMAX>
        <SP>0</SP>
        <SFCF>1.3403659171448066</SFCF>
        <CFR>0.055837015143142259</CFR>
        <CWH>0.18673779460594514</CWH>
        <CFGlacier>1</CFGlacier>
        <CFSlope>1</CFSlope>
        <FC>767.06599151164562</FC>
        <LP>0.8360392286234456</LP>
        <BETA>2.5521350740087496</BETA>
      </SubCatchmentVegetationZoneParameters>
    </SubCatchmentVegetationZone>
  </SubCatchment>
</Catchment>