<?xml version="1.0" encoding="utf-8"?>
<Catchment xmlns:xsi="http://www.w3.org/2001/XMLSchema-instance" xmlns:xsd="http://www.w3.org/2001/XMLSchema">
  <CatchmentParameters>
    <KSI>0.001</KSI>
    <KGmin>0.05</KGmin>
    <RangeKG>0.1</RangeKG>
    <AG>0.1</AG>
    <PERC>1.1461730687426361</PERC>
    <Alpha>0</Alpha>
    <UZL>170.39086344455052</UZL>
    <K0>0.1585714408908987</K0>
    <K1>0.037736932905986537</K1>
    <K2>0.017801896683981393</K2>
    <MAXBAS>1</MAXBAS>
    <Cet>0</Cet>
    <PCALT>10</PCALT>
    <TCALT>0.6</TCALT>
    <Pelev>3100</Pelev>
    <Telev>3100</Telev>
    <PART>0.5</PART>
    <DELAY>1</DELAY>
  </CatchmentParameters>
  <VegetationZone>
    <VegetationZoneParameters>
      <TT>0.600000061759641</TT>
      <CFMAX>3.0562021224986444</CFMAX>
      <SP>0</SP>
      <SFCF>1.3748392685801834</SFCF>
      <CFR>0.017512768392405256</CFR>
      <CWH>0.18056861374248284</CWH>
      <CFGlacier>1</CFGlacier>
      <CFSlope>1</CFSlope>
      <FC>834.63724394700773</FC>
      <LP>0.940143310880024</LP>
      <BETA>3.4210569484593187</BETA>
    </VegetationZoneParameters>
  </VegetationZone>
  <SubCatchment>
    <SubCatchmentParameters>
      <KSI>0.001</KSI>
      <KGmin>0.05</KGmin>
      <RangeKG>0.1</RangeKG>
      <AG>0.1</AG>
      <PERC>1.1461730687426361</PERC>
      <Alpha>0</Alpha>
      <UZL>170.39086344455052</UZL>
      <K0>0.1585714408908987</K0>
      <K1>0.037736932905986537</K1>
      <K2>0.017801896683981393</K2>
      <MAXBAS>1</MAXBAS>
      <Cet>0</Cet>
      <PCALT>10</PCALT>
      <TCALT>0.6</TCALT>
      <Pelev>3100</Pelev>
      <Telev>3100</Telev>
      <PART>0.5</PART>
      <DELAY>1</DELAY>
    </SubCatchmentParameters>
    <SubCatchmentVegetationZone>
      <SubCatchmentVegetationZoneParameters>
        <TT>0.600000061759641</TT>
        <CFMAX>3.0562021224986444</CFMAX>
        <SP>0</SP>
        <SFCF>1.3748392685801834</SFCF>
        <CFR>0.017512768392405256</CFR>
        <CWH>0.18056861374248284</CWH>
        <CFGlacier>1</CFGlacier>
        <CFSlope>1</CFSlope>
        <FC>834.63724394700773</FC>
        <LP>0.940143310880024</LP>
        <BETA>3.4210569484593187</BETA>
      </SubCatchmentVegetationZoneParameters>
    </SubCatchmentVegetationZone>
  </SubCatchment>
</Catchment>