<?xml version="1.0" encoding="utf-8"?>
<Catchment xmlns:xsi="http://www.w3.org/2001/XMLSchema-instance" xmlns:xsd="http://www.w3.org/2001/XMLSchema">
  <CatchmentParameters>
    <KSI>0.001</KSI>
    <KGmin>0.05</KGmin>
    <RangeKG>0.1</RangeKG>
    <AG>0.1</AG>
    <PERC>2.1901429245690451</PERC>
    <Alpha>0</Alpha>
    <UZL>132.58607128618823</UZL>
    <K0>0.12940016808018232</K0>
    <K1>0.03919629613693866</K1>
    <K2>0.01974171662289766</K2>
    <MAXBAS>1</MAXBAS>
    <Cet>0</Cet>
    <PCALT>10</PCALT>
    <TCALT>0.6</TCALT>
    <Pelev>3100</Pelev>
    <Telev>3100</Telev>
    <PART>0.5</PART>
    <DELAY>1</DELAY>
  </CatchmentParameters>
  <VegetationZone>
    <VegetationZoneParameters>
      <TT>0.6000609262035943</TT>
      <CFMAX>2.6797002880884415</CFMAX>
      <SP>0</SP>
      <SFCF>1.1864460622885584</SFCF>
      <CFR>0.019574303145206425</CFR>
      <CWH>0.18355553405165864</CWH>
      <CFGlacier>1</CFGlacier>
      <CFSlope>1</CFSlope>
      <FC>447.86277079601746</FC>
      <LP>0.5954523237720879</LP>
      <BETA>1.521393407764305</BETA>
    </VegetationZoneParameters>
  </VegetationZone>
  <SubCatchment>
    <SubCatchmentParameters>
      <KSI>0.001</KSI>
      <KGmin>0.05</KGmin>
      <RangeKG>0.1</RangeKG>
      <AG>0.1</AG>
      <PERC>2.1901429245690451</PERC>
      <Alpha>0</Alpha>
      <UZL>132.58607128618823</UZL>
      <K0>0.12940016808018232</K0>
      <K1>0.03919629613693866</K1>
      <K2>0.01974171662289766</K2>
      <MAXBAS>1</MAXBAS>
      <Cet>0</Cet>
      <PCALT>10</PCALT>
      <TCALT>0.6</TCALT>
      <Pelev>3100</Pelev>
      <Telev>3100</Telev>
      <PART>0.5</PART>
      <DELAY>1</DELAY>
    </SubCatchmentParameters>
    <SubCatchmentVegetationZone>
      <SubCatchmentVegetationZoneParameters>
        <TT>0.6000609262035943</TT>
        <CFMAX>2.6797002880884415</CFMAX>
        <SP>0</SP>
        <SFCF>1.1864460622885584</SFCF>
        <CFR>0.019574303145206425</CFR>
        <CWH>0.18355553405165864</CWH>
        <CFGlacier>1</CFGlacier>
        <CFSlope>1</CFSlope>
        <FC>447.86277079601746</FC>
        <LP>0.5954523237720879</LP>
        <BETA>1.521393407764305</BETA>
      </SubCatchmentVegetationZoneParameters>
    </SubCatchmentVegetationZone>
  </SubCatchment>
</Catchment>