<?xml version="1.0" encoding="utf-8"?>
<Catchment xmlns:xsi="http://www.w3.org/2001/XMLSchema-instance" xmlns:xsd="http://www.w3.org/2001/XMLSchema">
  <CatchmentParameters>
    <KSI>0.001</KSI>
    <KGmin>0.05</KGmin>
    <RangeKG>0.1</RangeKG>
    <AG>0.1</AG>
    <PERC>3.6309690299093651</PERC>
    <Alpha>0</Alpha>
    <UZL>90.66159243340347</UZL>
    <K0>0.4793143434753746</K0>
    <K1>0.054969335668866019</K1>
    <K2>0.023976836496272705</K2>
    <MAXBAS>1</MAXBAS>
    <Cet>0</Cet>
    <PCALT>10</PCALT>
    <TCALT>0.6</TCALT>
    <Pelev>3100</Pelev>
    <Telev>3100</Telev>
    <PART>0.5</PART>
    <DELAY>1</DELAY>
  </CatchmentParameters>
  <VegetationZone>
    <VegetationZoneParameters>
      <TT>0.10000389371197536</TT>
      <CFMAX>2.2727904139229178</CFMAX>
      <SP>0</SP>
      <SFCF>1.4999997826076197</SFCF>
      <CFR>0.0091826730143320535</CFR>
      <CWH>0.19387150629008521</CWH>
      <CFGlacier>1</CFGlacier>
      <CFSlope>1</CFSlope>
      <FC>751.62951282277277</FC>
      <LP>0.72605606360016262</LP>
      <BETA>2.4189570069721884</BETA>
    </VegetationZoneParameters>
  </VegetationZone>
  <SubCatchment>
    <SubCatchmentParameters>
      <KSI>0.001</KSI>
      <KGmin>0.05</KGmin>
      <RangeKG>0.1</RangeKG>
      <AG>0.1</AG>
      <PERC>3.6309690299093651</PERC>
      <Alpha>0</Alpha>
      <UZL>90.66159243340347</UZL>
      <K0>0.4793143434753746</K0>
      <K1>0.054969335668866019</K1>
      <K2>0.023976836496272705</K2>
      <MAXBAS>1</MAXBAS>
      <Cet>0</Cet>
      <PCALT>10</PCALT>
      <TCALT>0.6</TCALT>
      <Pelev>3100</Pelev>
      <Telev>3100</Telev>
      <PART>0.5</PART>
      <DELAY>1</DELAY>
    </SubCatchmentParameters>
    <SubCatchmentVegetationZone>
      <SubCatchmentVegetationZoneParameters>
        <TT>0.10000389371197536</TT>
        <CFMAX>2.2727904139229178</CFMAX>
        <SP>0</SP>
        <SFCF>1.4999997826076197</SFCF>
        <CFR>0.0091826730143320535</CFR>
        <CWH>0.19387150629008521</CWH>
        <CFGlacier>1</CFGlacier>
        <CFSlope>1</CFSlope>
        <FC>751.62951282277277</FC>
        <LP>0.72605606360016262</LP>
        <BETA>2.4189570069721884</BETA>
      </SubCatchmentVegetationZoneParameters>
    </SubCatchmentVegetationZone>
  </SubCatchment>
</Catchment>