<?xml version="1.0" encoding="utf-8"?>
<Catchment xmlns:xsi="http://www.w3.org/2001/XMLSchema-instance" xmlns:xsd="http://www.w3.org/2001/XMLSchema">
  <CatchmentParameters>
    <KSI>0.001</KSI>
    <KGmin>0.05</KGmin>
    <RangeKG>0.1</RangeKG>
    <AG>0.1</AG>
    <PERC>3.0289481273809749</PERC>
    <Alpha>0</Alpha>
    <UZL>193.68276041252116</UZL>
    <K0>0.058326489539249488</K0>
    <K1>0.046605264714982719</K1>
    <K2>0.0233201070914738</K2>
    <MAXBAS>1</MAXBAS>
    <Cet>0</Cet>
    <PCALT>10</PCALT>
    <TCALT>0.6</TCALT>
    <Pelev>3100</Pelev>
    <Telev>3100</Telev>
    <PART>0.5</PART>
    <DELAY>1</DELAY>
  </CatchmentParameters>
  <VegetationZone>
    <VegetationZoneParameters>
      <TT>0.0015714209644529936</TT>
      <CFMAX>2.29097716124889</CFMAX>
      <SP>0</SP>
      <SFCF>1.4438056658069058</SFCF>
      <CFR>0.030896893046400187</CFR>
      <CWH>0.19369119341594421</CWH>
      <CFGlacier>1</CFGlacier>
      <CFSlope>1</CFSlope>
      <FC>790.33435164272407</FC>
      <LP>0.89471853673863833</LP>
      <BETA>3.215219203903009</BETA>
    </VegetationZoneParameters>
  </VegetationZone>
  <SubCatchment>
    <SubCatchmentParameters>
      <KSI>0.001</KSI>
      <KGmin>0.05</KGmin>
      <RangeKG>0.1</RangeKG>
      <AG>0.1</AG>
      <PERC>3.0289481273809749</PERC>
      <Alpha>0</Alpha>
      <UZL>193.68276041252116</UZL>
      <K0>0.058326489539249488</K0>
      <K1>0.046605264714982719</K1>
      <K2>0.0233201070914738</K2>
      <MAXBAS>1</MAXBAS>
      <Cet>0</Cet>
      <PCALT>10</PCALT>
      <TCALT>0.6</TCALT>
      <Pelev>3100</Pelev>
      <Telev>3100</Telev>
      <PART>0.5</PART>
      <DELAY>1</DELAY>
    </SubCatchmentParameters>
    <SubCatchmentVegetationZone>
      <SubCatchmentVegetationZoneParameters>
        <TT>0.0015714209644529936</TT>
        <CFMAX>2.29097716124889</CFMAX>
        <SP>0</SP>
        <SFCF>1.4438056658069058</SFCF>
        <CFR>0.030896893046400187</CFR>
        <CWH>0.19369119341594421</CWH>
        <CFGlacier>1</CFGlacier>
        <CFSlope>1</CFSlope>
        <FC>790.33435164272407</FC>
        <LP>0.89471853673863833</LP>
        <BETA>3.215219203903009</BETA>
      </SubCatchmentVegetationZoneParameters>
    </SubCatchmentVegetationZone>
  </SubCatchment>
</Catchment>