<?xml version="1.0" encoding="utf-8"?>
<Catchment xmlns:xsi="http://www.w3.org/2001/XMLSchema-instance" xmlns:xsd="http://www.w3.org/2001/XMLSchema">
  <CatchmentParameters>
    <KSI>0.001</KSI>
    <KGmin>0.05</KGmin>
    <RangeKG>0.1</RangeKG>
    <AG>0.1</AG>
    <PERC>5.5685420743516207</PERC>
    <Alpha>0</Alpha>
    <UZL>68.6054973202706</UZL>
    <K0>0.3461722220411495</K0>
    <K1>0.048315102126818971</K1>
    <K2>0.025118907478786357</K2>
    <MAXBAS>1</MAXBAS>
    <Cet>0</Cet>
    <PCALT>10</PCALT>
    <TCALT>0.6</TCALT>
    <Pelev>3100</Pelev>
    <Telev>3100</Telev>
    <PART>0.5</PART>
    <DELAY>1</DELAY>
  </CatchmentParameters>
  <VegetationZone>
    <VegetationZoneParameters>
      <TT>0.45047265664645342</TT>
      <CFMAX>2.9644793269496454</CFMAX>
      <SP>0</SP>
      <SFCF>1.3278317462602822</SFCF>
      <CFR>0.0381526460488857</CFR>
      <CWH>0.181437888189133</CWH>
      <CFGlacier>1</CFGlacier>
      <CFSlope>1</CFSlope>
      <FC>629.1557205121693</FC>
      <LP>0.69967623910665477</LP>
      <BETA>1.9582307965616037</BETA>
    </VegetationZoneParameters>
  </VegetationZone>
  <SubCatchment>
    <SubCatchmentParameters>
      <KSI>0.001</KSI>
      <KGmin>0.05</KGmin>
      <RangeKG>0.1</RangeKG>
      <AG>0.1</AG>
      <PERC>5.5685420743516207</PERC>
      <Alpha>0</Alpha>
      <UZL>68.6054973202706</UZL>
      <K0>0.3461722220411495</K0>
      <K1>0.048315102126818971</K1>
      <K2>0.025118907478786357</K2>
      <MAXBAS>1</MAXBAS>
      <Cet>0</Cet>
      <PCALT>10</PCALT>
      <TCALT>0.6</TCALT>
      <Pelev>3100</Pelev>
      <Telev>3100</Telev>
      <PART>0.5</PART>
      <DELAY>1</DELAY>
    </SubCatchmentParameters>
    <SubCatchmentVegetationZone>
      <SubCatchmentVegetationZoneParameters>
        <TT>0.45047265664645342</TT>
        <CFMAX>2.9644793269496454</CFMAX>
        <SP>0</SP>
        <SFCF>1.3278317462602822</SFCF>
        <CFR>0.0381526460488857</CFR>
        <CWH>0.181437888189133</CWH>
        <CFGlacier>1</CFGlacier>
        <CFSlope>1</CFSlope>
        <FC>629.1557205121693</FC>
        <LP>0.69967623910665477</LP>
        <BETA>1.9582307965616037</BETA>
      </SubCatchmentVegetationZoneParameters>
    </SubCatchmentVegetationZone>
  </SubCatchment>
</Catchment>