<?xml version="1.0" encoding="utf-8"?>
<Catchment xmlns:xsi="http://www.w3.org/2001/XMLSchema-instance" xmlns:xsd="http://www.w3.org/2001/XMLSchema">
  <CatchmentParameters>
    <KSI>0.001</KSI>
    <KGmin>0.05</KGmin>
    <RangeKG>0.1</RangeKG>
    <AG>0.1</AG>
    <PERC>1.0053038299775481</PERC>
    <Alpha>0</Alpha>
    <UZL>127.79553436616752</UZL>
    <K0>0.54103731830766022</K0>
    <K1>0.03814821575692072</K1>
    <K2>0.01732046222725556</K2>
    <MAXBAS>1</MAXBAS>
    <Cet>0</Cet>
    <PCALT>10</PCALT>
    <TCALT>0.6</TCALT>
    <Pelev>3100</Pelev>
    <Telev>3100</Telev>
    <PART>0.5</PART>
    <DELAY>1</DELAY>
  </CatchmentParameters>
  <VegetationZone>
    <VegetationZoneParameters>
      <TT>0.63772315104617294</TT>
      <CFMAX>2.5874620321749009</CFMAX>
      <SP>0</SP>
      <SFCF>1.2958273894563577</SFCF>
      <CFR>9.785612289344E-08</CFR>
      <CWH>0.15804050621966234</CWH>
      <CFGlacier>1</CFGlacier>
      <CFSlope>1</CFSlope>
      <FC>613.16835542900162</FC>
      <LP>0.65432144906412293</LP>
      <BETA>1.7783921777788614</BETA>
    </VegetationZoneParameters>
  </VegetationZone>
  <SubCatchment>
    <SubCatchmentParameters>
      <KSI>0.001</KSI>
      <KGmin>0.05</KGmin>
      <RangeKG>0.1</RangeKG>
      <AG>0.1</AG>
      <PERC>1.0053038299775481</PERC>
      <Alpha>0</Alpha>
      <UZL>127.79553436616752</UZL>
      <K0>0.54103731830766022</K0>
      <K1>0.03814821575692072</K1>
      <K2>0.01732046222725556</K2>
      <MAXBAS>1</MAXBAS>
      <Cet>0</Cet>
      <PCALT>10</PCALT>
      <TCALT>0.6</TCALT>
      <Pelev>3100</Pelev>
      <Telev>3100</Telev>
      <PART>0.5</PART>
      <DELAY>1</DELAY>
    </SubCatchmentParameters>
    <SubCatchmentVegetationZone>
      <SubCatchmentVegetationZoneParameters>
        <TT>0.63772315104617294</TT>
        <CFMAX>2.5874620321749009</CFMAX>
        <SP>0</SP>
        <SFCF>1.2958273894563577</SFCF>
        <CFR>9.785612289344E-08</CFR>
        <CWH>0.15804050621966234</CWH>
        <CFGlacier>1</CFGlacier>
        <CFSlope>1</CFSlope>
        <FC>613.16835542900162</FC>
        <LP>0.65432144906412293</LP>
        <BETA>1.7783921777788614</BETA>
      </SubCatchmentVegetationZoneParameters>
    </SubCatchmentVegetationZone>
  </SubCatchment>
</Catchment>