<?xml version="1.0" encoding="utf-8"?>
<Catchment xmlns:xsi="http://www.w3.org/2001/XMLSchema-instance" xmlns:xsd="http://www.w3.org/2001/XMLSchema">
  <CatchmentParameters>
    <KSI>0.001</KSI>
    <KGmin>0.05</KGmin>
    <RangeKG>0.1</RangeKG>
    <AG>0.1</AG>
    <PERC>5.0657842443117511</PERC>
    <Alpha>0</Alpha>
    <UZL>73.804728110859173</UZL>
    <K0>0.050150281345650541</K0>
    <K1>0.056973668076920274</K1>
    <K2>0.025764877866665654</K2>
    <MAXBAS>1</MAXBAS>
    <Cet>0</Cet>
    <PCALT>10</PCALT>
    <TCALT>0.6</TCALT>
    <Pelev>3100</Pelev>
    <Telev>3100</Telev>
    <PART>0.5</PART>
    <DELAY>1</DELAY>
  </CatchmentParameters>
  <VegetationZone>
    <VegetationZoneParameters>
      <TT>0.56975180531873737</TT>
      <CFMAX>2.7787262340707035</CFMAX>
      <SP>0</SP>
      <SFCF>1.2910839516001673</SFCF>
      <CFR>0.018346752963358519</CFR>
      <CWH>0.17992344642137914</CWH>
      <CFGlacier>1</CFGlacier>
      <CFSlope>1</CFSlope>
      <FC>757.15356794673176</FC>
      <LP>0.94313810717817292</LP>
      <BETA>3.08342685045513</BETA>
    </VegetationZoneParameters>
  </VegetationZone>
  <SubCatchment>
    <SubCatchmentParameters>
      <KSI>0.001</KSI>
      <KGmin>0.05</KGmin>
      <RangeKG>0.1</RangeKG>
      <AG>0.1</AG>
      <PERC>5.0657842443117511</PERC>
      <Alpha>0</Alpha>
      <UZL>73.804728110859173</UZL>
      <K0>0.050150281345650541</K0>
      <K1>0.056973668076920274</K1>
      <K2>0.025764877866665654</K2>
      <MAXBAS>1</MAXBAS>
      <Cet>0</Cet>
      <PCALT>10</PCALT>
      <TCALT>0.6</TCALT>
      <Pelev>3100</Pelev>
      <Telev>3100</Telev>
      <PART>0.5</PART>
      <DELAY>1</DELAY>
    </SubCatchmentParameters>
    <SubCatchmentVegetationZone>
      <SubCatchmentVegetationZoneParameters>
        <TT>0.56975180531873737</TT>
        <CFMAX>2.7787262340707035</CFMAX>
        <SP>0</SP>
        <SFCF>1.2910839516001673</SFCF>
        <CFR>0.018346752963358519</CFR>
        <CWH>0.17992344642137914</CWH>
        <CFGlacier>1</CFGlacier>
        <CFSlope>1</CFSlope>
        <FC>757.15356794673176</FC>
        <LP>0.94313810717817292</LP>
        <BETA>3.08342685045513</BETA>
      </SubCatchmentVegetationZoneParameters>
    </SubCatchmentVegetationZone>
  </SubCatchment>
</Catchment>