<?xml version="1.0" encoding="utf-8"?>
<Catchment xmlns:xsi="http://www.w3.org/2001/XMLSchema-instance" xmlns:xsd="http://www.w3.org/2001/XMLSchema">
  <CatchmentParameters>
    <KSI>0.001</KSI>
    <KGmin>0.05</KGmin>
    <RangeKG>0.1</RangeKG>
    <AG>0.1</AG>
    <PERC>3.0214967026343196</PERC>
    <Alpha>0</Alpha>
    <UZL>150.8662208753077</UZL>
    <K0>0.44316043327228466</K0>
    <K1>0.052750852684337685</K1>
    <K2>0.024539425798378211</K2>
    <MAXBAS>1</MAXBAS>
    <Cet>0</Cet>
    <PCALT>10</PCALT>
    <TCALT>0.6</TCALT>
    <Pelev>3100</Pelev>
    <Telev>3100</Telev>
    <PART>0.5</PART>
    <DELAY>1</DELAY>
  </CatchmentParameters>
  <VegetationZone>
    <VegetationZoneParameters>
      <TT>0.40000000079477777</TT>
      <CFMAX>2.569710902445641</CFMAX>
      <SP>0</SP>
      <SFCF>1.3500610352177827</SFCF>
      <CFR>0.0023465593858708889</CFR>
      <CWH>0.12089570659241643</CWH>
      <CFGlacier>1</CFGlacier>
      <CFSlope>1</CFSlope>
      <FC>767.95806326666025</FC>
      <LP>0.90910891226388635</LP>
      <BETA>3.07713451698459</BETA>
    </VegetationZoneParameters>
  </VegetationZone>
  <SubCatchment>
    <SubCatchmentParameters>
      <KSI>0.001</KSI>
      <KGmin>0.05</KGmin>
      <RangeKG>0.1</RangeKG>
      <AG>0.1</AG>
      <PERC>3.0214967026343196</PERC>
      <Alpha>0</Alpha>
      <UZL>150.8662208753077</UZL>
      <K0>0.44316043327228466</K0>
      <K1>0.052750852684337685</K1>
      <K2>0.024539425798378211</K2>
      <MAXBAS>1</MAXBAS>
      <Cet>0</Cet>
      <PCALT>10</PCALT>
      <TCALT>0.6</TCALT>
      <Pelev>3100</Pelev>
      <Telev>3100</Telev>
      <PART>0.5</PART>
      <DELAY>1</DELAY>
    </SubCatchmentParameters>
    <SubCatchmentVegetationZone>
      <SubCatchmentVegetationZoneParameters>
        <TT>0.40000000079477777</TT>
        <CFMAX>2.569710902445641</CFMAX>
        <SP>0</SP>
        <SFCF>1.3500610352177827</SFCF>
        <CFR>0.0023465593858708889</CFR>
        <CWH>0.12089570659241643</CWH>
        <CFGlacier>1</CFGlacier>
        <CFSlope>1</CFSlope>
        <FC>767.95806326666025</FC>
        <LP>0.90910891226388635</LP>
        <BETA>3.07713451698459</BETA>
      </SubCatchmentVegetationZoneParameters>
    </SubCatchmentVegetationZone>
  </SubCatchment>
</Catchment>