<?xml version="1.0" encoding="utf-8"?>
<Catchment xmlns:xsi="http://www.w3.org/2001/XMLSchema-instance" xmlns:xsd="http://www.w3.org/2001/XMLSchema">
  <CatchmentParameters>
    <KSI>0.001</KSI>
    <KGmin>0.05</KGmin>
    <RangeKG>0.1</RangeKG>
    <AG>0.1</AG>
    <PERC>2.4865805846451332</PERC>
    <Alpha>0</Alpha>
    <UZL>104.20618796424489</UZL>
    <K0>0.68394018442709026</K0>
    <K1>0.043760242900270786</K1>
    <K2>0.0226679134521569</K2>
    <MAXBAS>1</MAXBAS>
    <Cet>0</Cet>
    <PCALT>10</PCALT>
    <TCALT>0.6</TCALT>
    <Pelev>3100</Pelev>
    <Telev>3100</Telev>
    <PART>0.5</PART>
    <DELAY>1</DELAY>
  </CatchmentParameters>
  <VegetationZone>
    <VegetationZoneParameters>
      <TT>0.6551462730317652</TT>
      <CFMAX>3.2877352919275262</CFMAX>
      <SP>0</SP>
      <SFCF>1.4692431089805054</SFCF>
      <CFR>0.021554542362755148</CFR>
      <CWH>0.15963434941881785</CWH>
      <CFGlacier>1</CFGlacier>
      <CFSlope>1</CFSlope>
      <FC>833.317014845981</FC>
      <LP>0.69471928629225954</LP>
      <BETA>2.2053375354877773</BETA>
    </VegetationZoneParameters>
  </VegetationZone>
  <SubCatchment>
    <SubCatchmentParameters>
      <KSI>0.001</KSI>
      <KGmin>0.05</KGmin>
      <RangeKG>0.1</RangeKG>
      <AG>0.1</AG>
      <PERC>2.4865805846451332</PERC>
      <Alpha>0</Alpha>
      <UZL>104.20618796424489</UZL>
      <K0>0.68394018442709026</K0>
      <K1>0.043760242900270786</K1>
      <K2>0.0226679134521569</K2>
      <MAXBAS>1</MAXBAS>
      <Cet>0</Cet>
      <PCALT>10</PCALT>
      <TCALT>0.6</TCALT>
      <Pelev>3100</Pelev>
      <Telev>3100</Telev>
      <PART>0.5</PART>
      <DELAY>1</DELAY>
    </SubCatchmentParameters>
    <SubCatchmentVegetationZone>
      <SubCatchmentVegetationZoneParameters>
        <TT>0.6551462730317652</TT>
        <CFMAX>3.2877352919275262</CFMAX>
        <SP>0</SP>
        <SFCF>1.4692431089805054</SFCF>
        <CFR>0.021554542362755148</CFR>
        <CWH>0.15963434941881785</CWH>
        <CFGlacier>1</CFGlacier>
        <CFSlope>1</CFSlope>
        <FC>833.317014845981</FC>
        <LP>0.69471928629225954</LP>
        <BETA>2.2053375354877773</BETA>
      </SubCatchmentVegetationZoneParameters>
    </SubCatchmentVegetationZone>
  </SubCatchment>
</Catchment>