<?xml version="1.0" encoding="utf-8"?>
<Catchment xmlns:xsi="http://www.w3.org/2001/XMLSchema-instance" xmlns:xsd="http://www.w3.org/2001/XMLSchema">
  <CatchmentParameters>
    <KSI>0.001</KSI>
    <KGmin>0.05</KGmin>
    <RangeKG>0.1</RangeKG>
    <AG>0.1</AG>
    <PERC>3.9147363865802141</PERC>
    <Alpha>0</Alpha>
    <UZL>148.42406624934273</UZL>
    <K0>0.54411536499013569</K0>
    <K1>0.052369079347123537</K1>
    <K2>0.024474277044466964</K2>
    <MAXBAS>1</MAXBAS>
    <Cet>0</Cet>
    <PCALT>10</PCALT>
    <TCALT>0.6</TCALT>
    <Pelev>3100</Pelev>
    <Telev>3100</Telev>
    <PART>0.5</PART>
    <DELAY>1</DELAY>
  </CatchmentParameters>
  <VegetationZone>
    <VegetationZoneParameters>
      <TT>4.9682638203676074E-07</TT>
      <CFMAX>2.2661138096109568</CFMAX>
      <SP>0</SP>
      <SFCF>1.3757197336724074</SFCF>
      <CFR>0.0750931825884482</CFR>
      <CWH>0.19999906875790618</CWH>
      <CFGlacier>1</CFGlacier>
      <CFSlope>1</CFSlope>
      <FC>678.56361703842</FC>
      <LP>0.78414570771960979</LP>
      <BETA>2.3615262294574846</BETA>
    </VegetationZoneParameters>
  </VegetationZone>
  <SubCatchment>
    <SubCatchmentParameters>
      <KSI>0.001</KSI>
      <KGmin>0.05</KGmin>
      <RangeKG>0.1</RangeKG>
      <AG>0.1</AG>
      <PERC>3.9147363865802141</PERC>
      <Alpha>0</Alpha>
      <UZL>148.42406624934273</UZL>
      <K0>0.54411536499013569</K0>
      <K1>0.052369079347123537</K1>
      <K2>0.024474277044466964</K2>
      <MAXBAS>1</MAXBAS>
      <Cet>0</Cet>
      <PCALT>10</PCALT>
      <TCALT>0.6</TCALT>
      <Pelev>3100</Pelev>
      <Telev>3100</Telev>
      <PART>0.5</PART>
      <DELAY>1</DELAY>
    </SubCatchmentParameters>
    <SubCatchmentVegetationZone>
      <SubCatchmentVegetationZoneParameters>
        <TT>4.9682638203676074E-07</TT>
        <CFMAX>2.2661138096109568</CFMAX>
        <SP>0</SP>
        <SFCF>1.3757197336724074</SFCF>
        <CFR>0.0750931825884482</CFR>
        <CWH>0.19999906875790618</CWH>
        <CFGlacier>1</CFGlacier>
        <CFSlope>1</CFSlope>
        <FC>678.56361703842</FC>
        <LP>0.78414570771960979</LP>
        <BETA>2.3615262294574846</BETA>
      </SubCatchmentVegetationZoneParameters>
    </SubCatchmentVegetationZone>
  </SubCatchment>
</Catchment>