<?xml version="1.0" encoding="utf-8"?>
<Catchment xmlns:xsi="http://www.w3.org/2001/XMLSchema-instance" xmlns:xsd="http://www.w3.org/2001/XMLSchema">
  <CatchmentParameters>
    <KSI>0.001</KSI>
    <KGmin>0.05</KGmin>
    <RangeKG>0.1</RangeKG>
    <AG>0.1</AG>
    <PERC>3.890101953784852</PERC>
    <Alpha>0</Alpha>
    <UZL>134.82755511883593</UZL>
    <K0>0.058723179930573549</K0>
    <K1>0.052318980877920578</K1>
    <K2>0.024949677094839664</K2>
    <MAXBAS>1</MAXBAS>
    <Cet>0</Cet>
    <PCALT>10</PCALT>
    <TCALT>0.6</TCALT>
    <Pelev>3100</Pelev>
    <Telev>3100</Telev>
    <PART>0.5</PART>
    <DELAY>1</DELAY>
  </CatchmentParameters>
  <VegetationZone>
    <VegetationZoneParameters>
      <TT>0.040785728210984591</TT>
      <CFMAX>2.3099559252438233</CFMAX>
      <SP>0</SP>
      <SFCF>1.3744282358201814</SFCF>
      <CFR>0.073290704328224182</CFR>
      <CWH>0.17752878686679977</CWH>
      <CFGlacier>1</CFGlacier>
      <CFSlope>1</CFSlope>
      <FC>704.76932085522037</FC>
      <LP>0.80519565472734289</LP>
      <BETA>2.3921027134464725</BETA>
    </VegetationZoneParameters>
  </VegetationZone>
  <SubCatchment>
    <SubCatchmentParameters>
      <KSI>0.001</KSI>
      <KGmin>0.05</KGmin>
      <RangeKG>0.1</RangeKG>
      <AG>0.1</AG>
      <PERC>3.890101953784852</PERC>
      <Alpha>0</Alpha>
      <UZL>134.82755511883593</UZL>
      <K0>0.058723179930573549</K0>
      <K1>0.052318980877920578</K1>
      <K2>0.024949677094839664</K2>
      <MAXBAS>1</MAXBAS>
      <Cet>0</Cet>
      <PCALT>10</PCALT>
      <TCALT>0.6</TCALT>
      <Pelev>3100</Pelev>
      <Telev>3100</Telev>
      <PART>0.5</PART>
      <DELAY>1</DELAY>
    </SubCatchmentParameters>
    <SubCatchmentVegetationZone>
      <SubCatchmentVegetationZoneParameters>
        <TT>0.040785728210984591</TT>
        <CFMAX>2.3099559252438233</CFMAX>
        <SP>0</SP>
        <SFCF>1.3744282358201814</SFCF>
        <CFR>0.073290704328224182</CFR>
        <CWH>0.17752878686679977</CWH>
        <CFGlacier>1</CFGlacier>
        <CFSlope>1</CFSlope>
        <FC>704.76932085522037</FC>
        <LP>0.80519565472734289</LP>
        <BETA>2.3921027134464725</BETA>
      </SubCatchmentVegetationZoneParameters>
    </SubCatchmentVegetationZone>
  </SubCatchment>
</Catchment>