<?xml version="1.0" encoding="utf-8"?>
<Catchment xmlns:xsi="http://www.w3.org/2001/XMLSchema-instance" xmlns:xsd="http://www.w3.org/2001/XMLSchema">
  <CatchmentParameters>
    <KSI>0.001</KSI>
    <KGmin>0.05</KGmin>
    <RangeKG>0.1</RangeKG>
    <AG>0.1</AG>
    <PERC>4.1092415656840071</PERC>
    <Alpha>0</Alpha>
    <UZL>130.99883696357114</UZL>
    <K0>0.46821562203094186</K0>
    <K1>0.074579288214464287</K1>
    <K2>0.025100623149598357</K2>
    <MAXBAS>1</MAXBAS>
    <Cet>0</Cet>
    <PCALT>10</PCALT>
    <TCALT>0.6</TCALT>
    <Pelev>3100</Pelev>
    <Telev>3100</Telev>
    <PART>0.5</PART>
    <DELAY>1</DELAY>
  </CatchmentParameters>
  <VegetationZone>
    <VegetationZoneParameters>
      <TT>0.0082485311187855213</TT>
      <CFMAX>1.6776759153103764</CFMAX>
      <SP>0</SP>
      <SFCF>1.33825969295571</SFCF>
      <CFR>2.3879586524911485E-08</CFR>
      <CWH>0.12559977132520861</CWH>
      <CFGlacier>1</CFGlacier>
      <CFSlope>1</CFSlope>
      <FC>617.21255828362575</FC>
      <LP>0.73154626467805373</LP>
      <BETA>2.115892123498857</BETA>
    </VegetationZoneParameters>
  </VegetationZone>
  <SubCatchment>
    <SubCatchmentParameters>
      <KSI>0.001</KSI>
      <KGmin>0.05</KGmin>
      <RangeKG>0.1</RangeKG>
      <AG>0.1</AG>
      <PERC>4.1092415656840071</PERC>
      <Alpha>0</Alpha>
      <UZL>130.99883696357114</UZL>
      <K0>0.46821562203094186</K0>
      <K1>0.074579288214464287</K1>
      <K2>0.025100623149598357</K2>
      <MAXBAS>1</MAXBAS>
      <Cet>0</Cet>
      <PCALT>10</PCALT>
      <TCALT>0.6</TCALT>
      <Pelev>3100</Pelev>
      <Telev>3100</Telev>
      <PART>0.5</PART>
      <DELAY>1</DELAY>
    </SubCatchmentParameters>
    <SubCatchmentVegetationZone>
      <SubCatchmentVegetationZoneParameters>
        <TT>0.0082485311187855213</TT>
        <CFMAX>1.6776759153103764</CFMAX>
        <SP>0</SP>
        <SFCF>1.33825969295571</SFCF>
        <CFR>2.3879586524911485E-08</CFR>
        <CWH>0.12559977132520861</CWH>
        <CFGlacier>1</CFGlacier>
        <CFSlope>1</CFSlope>
        <FC>617.21255828362575</FC>
        <LP>0.73154626467805373</LP>
        <BETA>2.115892123498857</BETA>
      </SubCatchmentVegetationZoneParameters>
    </SubCatchmentVegetationZone>
  </SubCatchment>
</Catchment>