<?xml version="1.0" encoding="utf-8"?>
<Catchment xmlns:xsi="http://www.w3.org/2001/XMLSchema-instance" xmlns:xsd="http://www.w3.org/2001/XMLSchema">
  <CatchmentParameters>
    <KSI>0.001</KSI>
    <KGmin>0.05</KGmin>
    <RangeKG>0.1</RangeKG>
    <AG>0.1</AG>
    <PERC>3.3616576107584346</PERC>
    <Alpha>0</Alpha>
    <UZL>90.074214876436528</UZL>
    <K0>0.050014609921388779</K0>
    <K1>0.050271652844498409</K1>
    <K2>0.023652669873201842</K2>
    <MAXBAS>1</MAXBAS>
    <Cet>0</Cet>
    <PCALT>10</PCALT>
    <TCALT>0.6</TCALT>
    <Pelev>3100</Pelev>
    <Telev>3100</Telev>
    <PART>0.5</PART>
    <DELAY>1</DELAY>
  </CatchmentParameters>
  <VegetationZone>
    <VegetationZoneParameters>
      <TT>0.25110714656176286</TT>
      <CFMAX>2.412643619581933</CFMAX>
      <SP>0</SP>
      <SFCF>1.3111304569089357</SFCF>
      <CFR>0.043144992128466578</CFR>
      <CWH>0.16061449943164741</CWH>
      <CFGlacier>1</CFGlacier>
      <CFSlope>1</CFSlope>
      <FC>619.99527758472277</FC>
      <LP>0.77361882902560719</LP>
      <BETA>2.1802165155178463</BETA>
    </VegetationZoneParameters>
  </VegetationZone>
  <SubCatchment>
    <SubCatchmentParameters>
      <KSI>0.001</KSI>
      <KGmin>0.05</KGmin>
      <RangeKG>0.1</RangeKG>
      <AG>0.1</AG>
      <PERC>3.3616576107584346</PERC>
      <Alpha>0</Alpha>
      <UZL>90.074214876436528</UZL>
      <K0>0.050014609921388779</K0>
      <K1>0.050271652844498409</K1>
      <K2>0.023652669873201842</K2>
      <MAXBAS>1</MAXBAS>
      <Cet>0</Cet>
      <PCALT>10</PCALT>
      <TCALT>0.6</TCALT>
      <Pelev>3100</Pelev>
      <Telev>3100</Telev>
      <PART>0.5</PART>
      <DELAY>1</DELAY>
    </SubCatchmentParameters>
    <SubCatchmentVegetationZone>
      <SubCatchmentVegetationZoneParameters>
        <TT>0.25110714656176286</TT>
        <CFMAX>2.412643619581933</CFMAX>
        <SP>0</SP>
        <SFCF>1.3111304569089357</SFCF>
        <CFR>0.043144992128466578</CFR>
        <CWH>0.16061449943164741</CWH>
        <CFGlacier>1</CFGlacier>
        <CFSlope>1</CFSlope>
        <FC>619.99527758472277</FC>
        <LP>0.77361882902560719</LP>
        <BETA>2.1802165155178463</BETA>
      </SubCatchmentVegetationZoneParameters>
    </SubCatchmentVegetationZone>
  </SubCatchment>
</Catchment>