<?xml version="1.0" encoding="utf-8"?>
<Catchment xmlns:xsi="http://www.w3.org/2001/XMLSchema-instance" xmlns:xsd="http://www.w3.org/2001/XMLSchema">
  <CatchmentParameters>
    <KSI>0.001</KSI>
    <KGmin>0.05</KGmin>
    <RangeKG>0.1</RangeKG>
    <AG>0.1</AG>
    <PERC>4.1011818738309387</PERC>
    <Alpha>0</Alpha>
    <UZL>116.04559117194937</UZL>
    <K0>0.75427273063082212</K0>
    <K1>0.062377126752120177</K1>
    <K2>0.022834896928493515</K2>
    <MAXBAS>1</MAXBAS>
    <Cet>0</Cet>
    <PCALT>10</PCALT>
    <TCALT>0.6</TCALT>
    <Pelev>3100</Pelev>
    <Telev>3100</Telev>
    <PART>0.5</PART>
    <DELAY>1</DELAY>
  </CatchmentParameters>
  <VegetationZone>
    <VegetationZoneParameters>
      <TT>-0.59999792189844259</TT>
      <CFMAX>1.5580018533820566</CFMAX>
      <SP>0</SP>
      <SFCF>1.290128586245294</SFCF>
      <CFR>0.068566658100549252</CFR>
      <CWH>0.19777953445740346</CWH>
      <CFGlacier>1</CFGlacier>
      <CFSlope>1</CFSlope>
      <FC>488.07806706509967</FC>
      <LP>0.66978540919360918</LP>
      <BETA>1.782292275231752</BETA>
    </VegetationZoneParameters>
  </VegetationZone>
  <SubCatchment>
    <SubCatchmentParameters>
      <KSI>0.001</KSI>
      <KGmin>0.05</KGmin>
      <RangeKG>0.1</RangeKG>
      <AG>0.1</AG>
      <PERC>4.1011818738309387</PERC>
      <Alpha>0</Alpha>
      <UZL>116.04559117194937</UZL>
      <K0>0.75427273063082212</K0>
      <K1>0.062377126752120177</K1>
      <K2>0.022834896928493515</K2>
      <MAXBAS>1</MAXBAS>
      <Cet>0</Cet>
      <PCALT>10</PCALT>
      <TCALT>0.6</TCALT>
      <Pelev>3100</Pelev>
      <Telev>3100</Telev>
      <PART>0.5</PART>
      <DELAY>1</DELAY>
    </SubCatchmentParameters>
    <SubCatchmentVegetationZone>
      <SubCatchmentVegetationZoneParameters>
        <TT>-0.59999792189844259</TT>
        <CFMAX>1.5580018533820566</CFMAX>
        <SP>0</SP>
        <SFCF>1.290128586245294</SFCF>
        <CFR>0.068566658100549252</CFR>
        <CWH>0.19777953445740346</CWH>
        <CFGlacier>1</CFGlacier>
        <CFSlope>1</CFSlope>
        <FC>488.07806706509967</FC>
        <LP>0.66978540919360918</LP>
        <BETA>1.782292275231752</BETA>
      </SubCatchmentVegetationZoneParameters>
    </SubCatchmentVegetationZone>
  </SubCatchment>
</Catchment>