<?xml version="1.0" encoding="utf-8"?>
<Catchment xmlns:xsi="http://www.w3.org/2001/XMLSchema-instance" xmlns:xsd="http://www.w3.org/2001/XMLSchema">
  <CatchmentParameters>
    <KSI>0.001</KSI>
    <KGmin>0.05</KGmin>
    <RangeKG>0.1</RangeKG>
    <AG>0.1</AG>
    <PERC>2.5899205030990871</PERC>
    <Alpha>0</Alpha>
    <UZL>109.94550109668634</UZL>
    <K0>0.14341638981143362</K0>
    <K1>0.046593465511234541</K1>
    <K2>0.020868121854138114</K2>
    <MAXBAS>1</MAXBAS>
    <Cet>0</Cet>
    <PCALT>10</PCALT>
    <TCALT>0.6</TCALT>
    <Pelev>3100</Pelev>
    <Telev>3100</Telev>
    <PART>0.5</PART>
    <DELAY>1</DELAY>
  </CatchmentParameters>
  <VegetationZone>
    <VegetationZoneParameters>
      <TT>0.31945175427704853</TT>
      <CFMAX>2.7403638029830386</CFMAX>
      <SP>0</SP>
      <SFCF>1.3405807428525514</SFCF>
      <CFR>0.057240971290598915</CFR>
      <CWH>0.19997995266617194</CWH>
      <CFGlacier>1</CFGlacier>
      <CFSlope>1</CFSlope>
      <FC>556.51346894357766</FC>
      <LP>0.56560247752130355</LP>
      <BETA>1.6053221794808774</BETA>
    </VegetationZoneParameters>
  </VegetationZone>
  <SubCatchment>
    <SubCatchmentParameters>
      <KSI>0.001</KSI>
      <KGmin>0.05</KGmin>
      <RangeKG>0.1</RangeKG>
      <AG>0.1</AG>
      <PERC>2.5899205030990871</PERC>
      <Alpha>0</Alpha>
      <UZL>109.94550109668634</UZL>
      <K0>0.14341638981143362</K0>
      <K1>0.046593465511234541</K1>
      <K2>0.020868121854138114</K2>
      <MAXBAS>1</MAXBAS>
      <Cet>0</Cet>
      <PCALT>10</PCALT>
      <TCALT>0.6</TCALT>
      <Pelev>3100</Pelev>
      <Telev>3100</Telev>
      <PART>0.5</PART>
      <DELAY>1</DELAY>
    </SubCatchmentParameters>
    <SubCatchmentVegetationZone>
      <SubCatchmentVegetationZoneParameters>
        <TT>0.31945175427704853</TT>
        <CFMAX>2.7403638029830386</CFMAX>
        <SP>0</SP>
        <SFCF>1.3405807428525514</SFCF>
        <CFR>0.057240971290598915</CFR>
        <CWH>0.19997995266617194</CWH>
        <CFGlacier>1</CFGlacier>
        <CFSlope>1</CFSlope>
        <FC>556.51346894357766</FC>
        <LP>0.56560247752130355</LP>
        <BETA>1.6053221794808774</BETA>
      </SubCatchmentVegetationZoneParameters>
    </SubCatchmentVegetationZone>
  </SubCatchment>
</Catchment>