<?xml version="1.0" encoding="utf-8"?>
<Catchment xmlns:xsi="http://www.w3.org/2001/XMLSchema-instance" xmlns:xsd="http://www.w3.org/2001/XMLSchema">
  <CatchmentParameters>
    <KSI>0.001</KSI>
    <KGmin>0.05</KGmin>
    <RangeKG>0.1</RangeKG>
    <AG>0.1</AG>
    <PERC>1.1148137578263722</PERC>
    <Alpha>0</Alpha>
    <UZL>138.18001750359258</UZL>
    <K0>0.050007502542331883</K0>
    <K1>0.03753599362288567</K1>
    <K2>0.020050516456747075</K2>
    <MAXBAS>1</MAXBAS>
    <Cet>0</Cet>
    <PCALT>10</PCALT>
    <TCALT>0.6</TCALT>
    <Pelev>3100</Pelev>
    <Telev>3100</Telev>
    <PART>0.5</PART>
    <DELAY>1</DELAY>
  </CatchmentParameters>
  <VegetationZone>
    <VegetationZoneParameters>
      <TT>0.6939391977759779</TT>
      <CFMAX>3.4029103528410269</CFMAX>
      <SP>0</SP>
      <SFCF>1.3658265577392814</SFCF>
      <CFR>0.045206572311948724</CFR>
      <CWH>0.1943743846062489</CWH>
      <CFGlacier>1</CFGlacier>
      <CFSlope>1</CFSlope>
      <FC>787.85635050074745</FC>
      <LP>0.85536979938649227</LP>
      <BETA>2.714862779830082</BETA>
    </VegetationZoneParameters>
  </VegetationZone>
  <SubCatchment>
    <SubCatchmentParameters>
      <KSI>0.001</KSI>
      <KGmin>0.05</KGmin>
      <RangeKG>0.1</RangeKG>
      <AG>0.1</AG>
      <PERC>1.1148137578263722</PERC>
      <Alpha>0</Alpha>
      <UZL>138.18001750359258</UZL>
      <K0>0.050007502542331883</K0>
      <K1>0.03753599362288567</K1>
      <K2>0.020050516456747075</K2>
      <MAXBAS>1</MAXBAS>
      <Cet>0</Cet>
      <PCALT>10</PCALT>
      <TCALT>0.6</TCALT>
      <Pelev>3100</Pelev>
      <Telev>3100</Telev>
      <PART>0.5</PART>
      <DELAY>1</DELAY>
    </SubCatchmentParameters>
    <SubCatchmentVegetationZone>
      <SubCatchmentVegetationZoneParameters>
        <TT>0.6939391977759779</TT>
        <CFMAX>3.4029103528410269</CFMAX>
        <SP>0</SP>
        <SFCF>1.3658265577392814</SFCF>
        <CFR>0.045206572311948724</CFR>
        <CWH>0.1943743846062489</CWH>
        <CFGlacier>1</CFGlacier>
        <CFSlope>1</CFSlope>
        <FC>787.85635050074745</FC>
        <LP>0.85536979938649227</LP>
        <BETA>2.714862779830082</BETA>
      </SubCatchmentVegetationZoneParameters>
    </SubCatchmentVegetationZone>
  </SubCatchment>
</Catchment>