<?xml version="1.0" encoding="utf-8"?>
<Catchment xmlns:xsi="http://www.w3.org/2001/XMLSchema-instance" xmlns:xsd="http://www.w3.org/2001/XMLSchema">
  <CatchmentParameters>
    <KSI>0.001</KSI>
    <KGmin>0.05</KGmin>
    <RangeKG>0.1</RangeKG>
    <AG>0.1</AG>
    <PERC>2.4649384393387441</PERC>
    <Alpha>0</Alpha>
    <UZL>119.17661672656097</UZL>
    <K0>0.50712010809812791</K0>
    <K1>0.039737006815139947</K1>
    <K2>0.022598053750947179</K2>
    <MAXBAS>1</MAXBAS>
    <Cet>0</Cet>
    <PCALT>10</PCALT>
    <TCALT>0.6</TCALT>
    <Pelev>3100</Pelev>
    <Telev>3100</Telev>
    <PART>0.5</PART>
    <DELAY>1</DELAY>
  </CatchmentParameters>
  <VegetationZone>
    <VegetationZoneParameters>
      <TT>1.229095451446961</TT>
      <CFMAX>4.4260733320204766</CFMAX>
      <SP>0</SP>
      <SFCF>1.2803373492708536</SFCF>
      <CFR>0.041449068311684871</CFR>
      <CWH>0.14797580316881026</CWH>
      <CFGlacier>1</CFGlacier>
      <CFSlope>1</CFSlope>
      <FC>751.28444887534977</FC>
      <LP>0.90483948970938866</LP>
      <BETA>2.8797898938491286</BETA>
    </VegetationZoneParameters>
  </VegetationZone>
  <SubCatchment>
    <SubCatchmentParameters>
      <KSI>0.001</KSI>
      <KGmin>0.05</KGmin>
      <RangeKG>0.1</RangeKG>
      <AG>0.1</AG>
      <PERC>2.4649384393387441</PERC>
      <Alpha>0</Alpha>
      <UZL>119.17661672656097</UZL>
      <K0>0.50712010809812791</K0>
      <K1>0.039737006815139947</K1>
      <K2>0.022598053750947179</K2>
      <MAXBAS>1</MAXBAS>
      <Cet>0</Cet>
      <PCALT>10</PCALT>
      <TCALT>0.6</TCALT>
      <Pelev>3100</Pelev>
      <Telev>3100</Telev>
      <PART>0.5</PART>
      <DELAY>1</DELAY>
    </SubCatchmentParameters>
    <SubCatchmentVegetationZone>
      <SubCatchmentVegetationZoneParameters>
        <TT>1.229095451446961</TT>
        <CFMAX>4.4260733320204766</CFMAX>
        <SP>0</SP>
        <SFCF>1.2803373492708536</SFCF>
        <CFR>0.041449068311684871</CFR>
        <CWH>0.14797580316881026</CWH>
        <CFGlacier>1</CFGlacier>
        <CFSlope>1</CFSlope>
        <FC>751.28444887534977</FC>
        <LP>0.90483948970938866</LP>
        <BETA>2.8797898938491286</BETA>
      </SubCatchmentVegetationZoneParameters>
    </SubCatchmentVegetationZone>
  </SubCatchment>
</Catchment>