<?xml version="1.0" encoding="utf-8"?>
<Catchment xmlns:xsi="http://www.w3.org/2001/XMLSchema-instance" xmlns:xsd="http://www.w3.org/2001/XMLSchema">
  <CatchmentParameters>
    <KSI>0.001</KSI>
    <KGmin>0.05</KGmin>
    <RangeKG>0.1</RangeKG>
    <AG>0.1</AG>
    <PERC>3.2282754763797237</PERC>
    <Alpha>0</Alpha>
    <UZL>141.4150528766483</UZL>
    <K0>0.191919422452692</K0>
    <K1>0.046897592516685037</K1>
    <K2>0.0240600445240412</K2>
    <MAXBAS>1</MAXBAS>
    <Cet>0</Cet>
    <PCALT>10</PCALT>
    <TCALT>0.6</TCALT>
    <Pelev>3100</Pelev>
    <Telev>3100</Telev>
    <PART>0.5</PART>
    <DELAY>1</DELAY>
  </CatchmentParameters>
  <VegetationZone>
    <VegetationZoneParameters>
      <TT>0.65893017512701413</TT>
      <CFMAX>3.1774433427691804</CFMAX>
      <SP>0</SP>
      <SFCF>1.3406942232969619</SFCF>
      <CFR>0.042385618690223781</CFR>
      <CWH>0.19999867755978512</CWH>
      <CFGlacier>1</CFGlacier>
      <CFSlope>1</CFSlope>
      <FC>708.47484364253455</FC>
      <LP>0.73187625963322744</LP>
      <BETA>2.111546068155604</BETA>
    </VegetationZoneParameters>
  </VegetationZone>
  <SubCatchment>
    <SubCatchmentParameters>
      <KSI>0.001</KSI>
      <KGmin>0.05</KGmin>
      <RangeKG>0.1</RangeKG>
      <AG>0.1</AG>
      <PERC>3.2282754763797237</PERC>
      <Alpha>0</Alpha>
      <UZL>141.4150528766483</UZL>
      <K0>0.191919422452692</K0>
      <K1>0.046897592516685037</K1>
      <K2>0.0240600445240412</K2>
      <MAXBAS>1</MAXBAS>
      <Cet>0</Cet>
      <PCALT>10</PCALT>
      <TCALT>0.6</TCALT>
      <Pelev>3100</Pelev>
      <Telev>3100</Telev>
      <PART>0.5</PART>
      <DELAY>1</DELAY>
    </SubCatchmentParameters>
    <SubCatchmentVegetationZone>
      <SubCatchmentVegetationZoneParameters>
        <TT>0.65893017512701413</TT>
        <CFMAX>3.1774433427691804</CFMAX>
        <SP>0</SP>
        <SFCF>1.3406942232969619</SFCF>
        <CFR>0.042385618690223781</CFR>
        <CWH>0.19999867755978512</CWH>
        <CFGlacier>1</CFGlacier>
        <CFSlope>1</CFSlope>
        <FC>708.47484364253455</FC>
        <LP>0.73187625963322744</LP>
        <BETA>2.111546068155604</BETA>
      </SubCatchmentVegetationZoneParameters>
    </SubCatchmentVegetationZone>
  </SubCatchment>
</Catchment>