<?xml version="1.0" encoding="utf-8"?>
<Catchment xmlns:xsi="http://www.w3.org/2001/XMLSchema-instance" xmlns:xsd="http://www.w3.org/2001/XMLSchema">
  <CatchmentParameters>
    <KSI>0.001</KSI>
    <KGmin>0.05</KGmin>
    <RangeKG>0.1</RangeKG>
    <AG>0.1</AG>
    <PERC>3.1961125977849965</PERC>
    <Alpha>0</Alpha>
    <UZL>108.46131673443863</UZL>
    <K0>0.14358017456866612</K0>
    <K1>0.057711327398322972</K1>
    <K2>0.023363240314659091</K2>
    <MAXBAS>1</MAXBAS>
    <Cet>0</Cet>
    <PCALT>10</PCALT>
    <TCALT>0.6</TCALT>
    <Pelev>3100</Pelev>
    <Telev>3100</Telev>
    <PART>0.5</PART>
    <DELAY>1</DELAY>
  </CatchmentParameters>
  <VegetationZone>
    <VegetationZoneParameters>
      <TT>0.50001631602771912</TT>
      <CFMAX>2.7550485440965855</CFMAX>
      <SP>0</SP>
      <SFCF>1.3873921986931728</SFCF>
      <CFR>0.0041591169678691017</CFR>
      <CWH>0.1356118596608073</CWH>
      <CFGlacier>1</CFGlacier>
      <CFSlope>1</CFSlope>
      <FC>840.81457307984</FC>
      <LP>0.9567394807170273</LP>
      <BETA>3.8204294704936639</BETA>
    </VegetationZoneParameters>
  </VegetationZone>
  <SubCatchment>
    <SubCatchmentParameters>
      <KSI>0.001</KSI>
      <KGmin>0.05</KGmin>
      <RangeKG>0.1</RangeKG>
      <AG>0.1</AG>
      <PERC>3.1961125977849965</PERC>
      <Alpha>0</Alpha>
      <UZL>108.46131673443863</UZL>
      <K0>0.14358017456866612</K0>
      <K1>0.057711327398322972</K1>
      <K2>0.023363240314659091</K2>
      <MAXBAS>1</MAXBAS>
      <Cet>0</Cet>
      <PCALT>10</PCALT>
      <TCALT>0.6</TCALT>
      <Pelev>3100</Pelev>
      <Telev>3100</Telev>
      <PART>0.5</PART>
      <DELAY>1</DELAY>
    </SubCatchmentParameters>
    <SubCatchmentVegetationZone>
      <SubCatchmentVegetationZoneParameters>
        <TT>0.50001631602771912</TT>
        <CFMAX>2.7550485440965855</CFMAX>
        <SP>0</SP>
        <SFCF>1.3873921986931728</SFCF>
        <CFR>0.0041591169678691017</CFR>
        <CWH>0.1356118596608073</CWH>
        <CFGlacier>1</CFGlacier>
        <CFSlope>1</CFSlope>
        <FC>840.81457307984</FC>
        <LP>0.9567394807170273</LP>
        <BETA>3.8204294704936639</BETA>
      </SubCatchmentVegetationZoneParameters>
    </SubCatchmentVegetationZone>
  </SubCatchment>
</Catchment>