<?xml version="1.0" encoding="utf-8"?>
<Catchment xmlns:xsi="http://www.w3.org/2001/XMLSchema-instance" xmlns:xsd="http://www.w3.org/2001/XMLSchema">
  <CatchmentParameters>
    <KSI>0.001</KSI>
    <KGmin>0.05</KGmin>
    <RangeKG>0.1</RangeKG>
    <AG>0.1</AG>
    <PERC>4.1930657639465174</PERC>
    <Alpha>0</Alpha>
    <UZL>97.013792413497868</UZL>
    <K0>0.582657868966071</K0>
    <K1>0.083917483337846377</K1>
    <K2>0.023813048759067992</K2>
    <MAXBAS>1</MAXBAS>
    <Cet>0</Cet>
    <PCALT>10</PCALT>
    <TCALT>0.6</TCALT>
    <Pelev>3100</Pelev>
    <Telev>3100</Telev>
    <PART>0.5</PART>
    <DELAY>1</DELAY>
  </CatchmentParameters>
  <VegetationZone>
    <VegetationZoneParameters>
      <TT>-0.89823681890886009</TT>
      <CFMAX>1.1583520249286521</CFMAX>
      <SP>0</SP>
      <SFCF>1.2723229592852263</SFCF>
      <CFR>0.019161307753749121</CFR>
      <CWH>0.18415952337829189</CWH>
      <CFGlacier>1</CFGlacier>
      <CFSlope>1</CFSlope>
      <FC>554.9920769898149</FC>
      <LP>0.85879030115032118</LP>
      <BETA>2.4213086635366503</BETA>
    </VegetationZoneParameters>
  </VegetationZone>
  <SubCatchment>
    <SubCatchmentParameters>
      <KSI>0.001</KSI>
      <KGmin>0.05</KGmin>
      <RangeKG>0.1</RangeKG>
      <AG>0.1</AG>
      <PERC>4.1930657639465174</PERC>
      <Alpha>0</Alpha>
      <UZL>97.013792413497868</UZL>
      <K0>0.582657868966071</K0>
      <K1>0.083917483337846377</K1>
      <K2>0.023813048759067992</K2>
      <MAXBAS>1</MAXBAS>
      <Cet>0</Cet>
      <PCALT>10</PCALT>
      <TCALT>0.6</TCALT>
      <Pelev>3100</Pelev>
      <Telev>3100</Telev>
      <PART>0.5</PART>
      <DELAY>1</DELAY>
    </SubCatchmentParameters>
    <SubCatchmentVegetationZone>
      <SubCatchmentVegetationZoneParameters>
        <TT>-0.89823681890886009</TT>
        <CFMAX>1.1583520249286521</CFMAX>
        <SP>0</SP>
        <SFCF>1.2723229592852263</SFCF>
        <CFR>0.019161307753749121</CFR>
        <CWH>0.18415952337829189</CWH>
        <CFGlacier>1</CFGlacier>
        <CFSlope>1</CFSlope>
        <FC>554.9920769898149</FC>
        <LP>0.85879030115032118</LP>
        <BETA>2.4213086635366503</BETA>
      </SubCatchmentVegetationZoneParameters>
    </SubCatchmentVegetationZone>
  </SubCatchment>
</Catchment>