<?xml version="1.0" encoding="utf-8"?>
<Catchment xmlns:xsi="http://www.w3.org/2001/XMLSchema-instance" xmlns:xsd="http://www.w3.org/2001/XMLSchema">
  <CatchmentParameters>
    <KSI>0.001</KSI>
    <KGmin>0.05</KGmin>
    <RangeKG>0.1</RangeKG>
    <AG>0.1</AG>
    <PERC>3.5008063516581625</PERC>
    <Alpha>0</Alpha>
    <UZL>160.89811548737532</UZL>
    <K0>0.0500000991607545</K0>
    <K1>0.050538333630716671</K1>
    <K2>0.02437754064107038</K2>
    <MAXBAS>1</MAXBAS>
    <Cet>0</Cet>
    <PCALT>10</PCALT>
    <TCALT>0.6</TCALT>
    <Pelev>3100</Pelev>
    <Telev>3100</Telev>
    <PART>0.5</PART>
    <DELAY>1</DELAY>
  </CatchmentParameters>
  <VegetationZone>
    <VegetationZoneParameters>
      <TT>0.11653941250349933</TT>
      <CFMAX>2.3080033591301579</CFMAX>
      <SP>0</SP>
      <SFCF>1.3512917488203333</SFCF>
      <CFR>0.05305405273172898</CFR>
      <CWH>0.15057982058382713</CWH>
      <CFGlacier>1</CFGlacier>
      <CFSlope>1</CFSlope>
      <FC>686.09238129193943</FC>
      <LP>0.862086403429765</LP>
      <BETA>2.6379167894830071</BETA>
    </VegetationZoneParameters>
  </VegetationZone>
  <SubCatchment>
    <SubCatchmentParameters>
      <KSI>0.001</KSI>
      <KGmin>0.05</KGmin>
      <RangeKG>0.1</RangeKG>
      <AG>0.1</AG>
      <PERC>3.5008063516581625</PERC>
      <Alpha>0</Alpha>
      <UZL>160.89811548737532</UZL>
      <K0>0.0500000991607545</K0>
      <K1>0.050538333630716671</K1>
      <K2>0.02437754064107038</K2>
      <MAXBAS>1</MAXBAS>
      <Cet>0</Cet>
      <PCALT>10</PCALT>
      <TCALT>0.6</TCALT>
      <Pelev>3100</Pelev>
      <Telev>3100</Telev>
      <PART>0.5</PART>
      <DELAY>1</DELAY>
    </SubCatchmentParameters>
    <SubCatchmentVegetationZone>
      <SubCatchmentVegetationZoneParameters>
        <TT>0.11653941250349933</TT>
        <CFMAX>2.3080033591301579</CFMAX>
        <SP>0</SP>
        <SFCF>1.3512917488203333</SFCF>
        <CFR>0.05305405273172898</CFR>
        <CWH>0.15057982058382713</CWH>
        <CFGlacier>1</CFGlacier>
        <CFSlope>1</CFSlope>
        <FC>686.09238129193943</FC>
        <LP>0.862086403429765</LP>
        <BETA>2.6379167894830071</BETA>
      </SubCatchmentVegetationZoneParameters>
    </SubCatchmentVegetationZone>
  </SubCatchment>
</Catchment>