<?xml version="1.0" encoding="utf-8"?>
<Catchment xmlns:xsi="http://www.w3.org/2001/XMLSchema-instance" xmlns:xsd="http://www.w3.org/2001/XMLSchema">
  <CatchmentParameters>
    <KSI>0.001</KSI>
    <KGmin>0.05</KGmin>
    <RangeKG>0.1</RangeKG>
    <AG>0.1</AG>
    <PERC>3.0988007793409027</PERC>
    <Alpha>0</Alpha>
    <UZL>162.97741751830989</UZL>
    <K0>0.58025435971124517</K0>
    <K1>0.051201483320263495</K1>
    <K2>0.02613133787142697</K2>
    <MAXBAS>1</MAXBAS>
    <Cet>0</Cet>
    <PCALT>10</PCALT>
    <TCALT>0.6</TCALT>
    <Pelev>3100</Pelev>
    <Telev>3100</Telev>
    <PART>0.5</PART>
    <DELAY>1</DELAY>
  </CatchmentParameters>
  <VegetationZone>
    <VegetationZoneParameters>
      <TT>0.66968515717553767</TT>
      <CFMAX>2.829661593133701</CFMAX>
      <SP>0</SP>
      <SFCF>1.199235936610354</SFCF>
      <CFR>0.049898635229958445</CFR>
      <CWH>0.19999999999995724</CWH>
      <CFGlacier>1</CFGlacier>
      <CFSlope>1</CFSlope>
      <FC>621.41797449323656</FC>
      <LP>0.661325875620352</LP>
      <BETA>1.5513389036982681</BETA>
    </VegetationZoneParameters>
  </VegetationZone>
  <SubCatchment>
    <SubCatchmentParameters>
      <KSI>0.001</KSI>
      <KGmin>0.05</KGmin>
      <RangeKG>0.1</RangeKG>
      <AG>0.1</AG>
      <PERC>3.0988007793409027</PERC>
      <Alpha>0</Alpha>
      <UZL>162.97741751830989</UZL>
      <K0>0.58025435971124517</K0>
      <K1>0.051201483320263495</K1>
      <K2>0.02613133787142697</K2>
      <MAXBAS>1</MAXBAS>
      <Cet>0</Cet>
      <PCALT>10</PCALT>
      <TCALT>0.6</TCALT>
      <Pelev>3100</Pelev>
      <Telev>3100</Telev>
      <PART>0.5</PART>
      <DELAY>1</DELAY>
    </SubCatchmentParameters>
    <SubCatchmentVegetationZone>
      <SubCatchmentVegetationZoneParameters>
        <TT>0.66968515717553767</TT>
        <CFMAX>2.829661593133701</CFMAX>
        <SP>0</SP>
        <SFCF>1.199235936610354</SFCF>
        <CFR>0.049898635229958445</CFR>
        <CWH>0.19999999999995724</CWH>
        <CFGlacier>1</CFGlacier>
        <CFSlope>1</CFSlope>
        <FC>621.41797449323656</FC>
        <LP>0.661325875620352</LP>
        <BETA>1.5513389036982681</BETA>
      </SubCatchmentVegetationZoneParameters>
    </SubCatchmentVegetationZone>
  </SubCatchment>
</Catchment>