<?xml version="1.0" encoding="utf-8"?>
<Catchment xmlns:xsi="http://www.w3.org/2001/XMLSchema-instance" xmlns:xsd="http://www.w3.org/2001/XMLSchema">
  <CatchmentParameters>
    <KSI>0.001</KSI>
    <KGmin>0.05</KGmin>
    <RangeKG>0.1</RangeKG>
    <AG>0.1</AG>
    <PERC>3.1921780280257348</PERC>
    <Alpha>0</Alpha>
    <UZL>88.829965653832048</UZL>
    <K0>0.12664247117348651</K0>
    <K1>0.056265744478505873</K1>
    <K2>0.024348819612051171</K2>
    <MAXBAS>1</MAXBAS>
    <Cet>0</Cet>
    <PCALT>10</PCALT>
    <TCALT>0.6</TCALT>
    <Pelev>3100</Pelev>
    <Telev>3100</Telev>
    <PART>0.5</PART>
    <DELAY>1</DELAY>
  </CatchmentParameters>
  <VegetationZone>
    <VegetationZoneParameters>
      <TT>0.60000160393664093</TT>
      <CFMAX>2.33065951925359</CFMAX>
      <SP>0</SP>
      <SFCF>1.1886353034474233</SFCF>
      <CFR>9.533006980761717E-07</CFR>
      <CWH>0.11692939722526292</CWH>
      <CFGlacier>1</CFGlacier>
      <CFSlope>1</CFSlope>
      <FC>620.679312084836</FC>
      <LP>0.9714172953215563</LP>
      <BETA>2.9169963309344364</BETA>
    </VegetationZoneParameters>
  </VegetationZone>
  <SubCatchment>
    <SubCatchmentParameters>
      <KSI>0.001</KSI>
      <KGmin>0.05</KGmin>
      <RangeKG>0.1</RangeKG>
      <AG>0.1</AG>
      <PERC>3.1921780280257348</PERC>
      <Alpha>0</Alpha>
      <UZL>88.829965653832048</UZL>
      <K0>0.12664247117348651</K0>
      <K1>0.056265744478505873</K1>
      <K2>0.024348819612051171</K2>
      <MAXBAS>1</MAXBAS>
      <Cet>0</Cet>
      <PCALT>10</PCALT>
      <TCALT>0.6</TCALT>
      <Pelev>3100</Pelev>
      <Telev>3100</Telev>
      <PART>0.5</PART>
      <DELAY>1</DELAY>
    </SubCatchmentParameters>
    <SubCatchmentVegetationZone>
      <SubCatchmentVegetationZoneParameters>
        <TT>0.60000160393664093</TT>
        <CFMAX>2.33065951925359</CFMAX>
        <SP>0</SP>
        <SFCF>1.1886353034474233</SFCF>
        <CFR>9.533006980761717E-07</CFR>
        <CWH>0.11692939722526292</CWH>
        <CFGlacier>1</CFGlacier>
        <CFSlope>1</CFSlope>
        <FC>620.679312084836</FC>
        <LP>0.9714172953215563</LP>
        <BETA>2.9169963309344364</BETA>
      </SubCatchmentVegetationZoneParameters>
    </SubCatchmentVegetationZone>
  </SubCatchment>
</Catchment>