<?xml version="1.0" encoding="utf-8"?>
<Catchment xmlns:xsi="http://www.w3.org/2001/XMLSchema-instance" xmlns:xsd="http://www.w3.org/2001/XMLSchema">
  <CatchmentParameters>
    <KSI>0.001</KSI>
    <KGmin>0.05</KGmin>
    <RangeKG>0.1</RangeKG>
    <AG>0.1</AG>
    <PERC>3.135650586494501</PERC>
    <Alpha>0</Alpha>
    <UZL>101.56855183649095</UZL>
    <K0>0.14121365644783426</K0>
    <K1>0.045467091168902692</K1>
    <K2>0.023597797387878119</K2>
    <MAXBAS>1</MAXBAS>
    <Cet>0</Cet>
    <PCALT>10</PCALT>
    <TCALT>0.6</TCALT>
    <Pelev>3100</Pelev>
    <Telev>3100</Telev>
    <PART>0.5</PART>
    <DELAY>1</DELAY>
  </CatchmentParameters>
  <VegetationZone>
    <VegetationZoneParameters>
      <TT>1.0000006662610661</TT>
      <CFMAX>3.258673153552551</CFMAX>
      <SP>0</SP>
      <SFCF>1.1045258467416756</SFCF>
      <CFR>0.044535768402456967</CFR>
      <CWH>0.19999925634796026</CWH>
      <CFGlacier>1</CFGlacier>
      <CFSlope>1</CFSlope>
      <FC>492.95797016317664</FC>
      <LP>0.72066166148111421</LP>
      <BETA>1.6764211802792863</BETA>
    </VegetationZoneParameters>
  </VegetationZone>
  <SubCatchment>
    <SubCatchmentParameters>
      <KSI>0.001</KSI>
      <KGmin>0.05</KGmin>
      <RangeKG>0.1</RangeKG>
      <AG>0.1</AG>
      <PERC>3.135650586494501</PERC>
      <Alpha>0</Alpha>
      <UZL>101.56855183649095</UZL>
      <K0>0.14121365644783426</K0>
      <K1>0.045467091168902692</K1>
      <K2>0.023597797387878119</K2>
      <MAXBAS>1</MAXBAS>
      <Cet>0</Cet>
      <PCALT>10</PCALT>
      <TCALT>0.6</TCALT>
      <Pelev>3100</Pelev>
      <Telev>3100</Telev>
      <PART>0.5</PART>
      <DELAY>1</DELAY>
    </SubCatchmentParameters>
    <SubCatchmentVegetationZone>
      <SubCatchmentVegetationZoneParameters>
        <TT>1.0000006662610661</TT>
        <CFMAX>3.258673153552551</CFMAX>
        <SP>0</SP>
        <SFCF>1.1045258467416756</SFCF>
        <CFR>0.044535768402456967</CFR>
        <CWH>0.19999925634796026</CWH>
        <CFGlacier>1</CFGlacier>
        <CFSlope>1</CFSlope>
        <FC>492.95797016317664</FC>
        <LP>0.72066166148111421</LP>
        <BETA>1.6764211802792863</BETA>
      </SubCatchmentVegetationZoneParameters>
    </SubCatchmentVegetationZone>
  </SubCatchment>
</Catchment>