<?xml version="1.0" encoding="utf-8"?>
<Catchment xmlns:xsi="http://www.w3.org/2001/XMLSchema-instance" xmlns:xsd="http://www.w3.org/2001/XMLSchema">
  <CatchmentParameters>
    <KSI>0.001</KSI>
    <KGmin>0.05</KGmin>
    <RangeKG>0.1</RangeKG>
    <AG>0.1</AG>
    <PERC>4.7428570974383053</PERC>
    <Alpha>0</Alpha>
    <UZL>42.522153936158261</UZL>
    <K0>0.49090464434108494</K0>
    <K1>0.1394391434250522</K1>
    <K2>0.025593435914411336</K2>
    <MAXBAS>1</MAXBAS>
    <Cet>0</Cet>
    <PCALT>10</PCALT>
    <TCALT>0.6</TCALT>
    <Pelev>3100</Pelev>
    <Telev>3100</Telev>
    <PART>0.5</PART>
    <DELAY>1</DELAY>
  </CatchmentParameters>
  <VegetationZone>
    <VegetationZoneParameters>
      <TT>-0.57471911686910726</TT>
      <CFMAX>1.2450141073343226</CFMAX>
      <SP>0</SP>
      <SFCF>1.301913380175741</SFCF>
      <CFR>0.016028396496286727</CFR>
      <CWH>0.16216511659826866</CWH>
      <CFGlacier>1</CFGlacier>
      <CFSlope>1</CFSlope>
      <FC>670.51249806349017</FC>
      <LP>0.91207802648765446</LP>
      <BETA>2.8930311577577039</BETA>
    </VegetationZoneParameters>
  </VegetationZone>
  <SubCatchment>
    <SubCatchmentParameters>
      <KSI>0.001</KSI>
      <KGmin>0.05</KGmin>
      <RangeKG>0.1</RangeKG>
      <AG>0.1</AG>
      <PERC>4.7428570974383053</PERC>
      <Alpha>0</Alpha>
      <UZL>42.522153936158261</UZL>
      <K0>0.49090464434108494</K0>
      <K1>0.1394391434250522</K1>
      <K2>0.025593435914411336</K2>
      <MAXBAS>1</MAXBAS>
      <Cet>0</Cet>
      <PCALT>10</PCALT>
      <TCALT>0.6</TCALT>
      <Pelev>3100</Pelev>
      <Telev>3100</Telev>
      <PART>0.5</PART>
      <DELAY>1</DELAY>
    </SubCatchmentParameters>
    <SubCatchmentVegetationZone>
      <SubCatchmentVegetationZoneParameters>
        <TT>-0.57471911686910726</TT>
        <CFMAX>1.2450141073343226</CFMAX>
        <SP>0</SP>
        <SFCF>1.301913380175741</SFCF>
        <CFR>0.016028396496286727</CFR>
        <CWH>0.16216511659826866</CWH>
        <CFGlacier>1</CFGlacier>
        <CFSlope>1</CFSlope>
        <FC>670.51249806349017</FC>
        <LP>0.91207802648765446</LP>
        <BETA>2.8930311577577039</BETA>
      </SubCatchmentVegetationZoneParameters>
    </SubCatchmentVegetationZone>
  </SubCatchment>
</Catchment>