<?xml version="1.0" encoding="utf-8"?>
<Catchment xmlns:xsi="http://www.w3.org/2001/XMLSchema-instance" xmlns:xsd="http://www.w3.org/2001/XMLSchema">
  <CatchmentParameters>
    <KSI>0.001</KSI>
    <KGmin>0.05</KGmin>
    <RangeKG>0.1</RangeKG>
    <AG>0.1</AG>
    <PERC>2.224031947622751</PERC>
    <Alpha>0</Alpha>
    <UZL>114.08234990147594</UZL>
    <K0>0.21912857697960653</K0>
    <K1>0.038719926709601685</K1>
    <K2>0.022812463972684962</K2>
    <MAXBAS>1</MAXBAS>
    <Cet>0</Cet>
    <PCALT>10</PCALT>
    <TCALT>0.6</TCALT>
    <Pelev>3100</Pelev>
    <Telev>3100</Telev>
    <PART>0.5</PART>
    <DELAY>1</DELAY>
  </CatchmentParameters>
  <VegetationZone>
    <VegetationZoneParameters>
      <TT>1.0191759060876073</TT>
      <CFMAX>3.7919893066653474</CFMAX>
      <SP>0</SP>
      <SFCF>1.220428380515838</SFCF>
      <CFR>0.045218832853306509</CFR>
      <CWH>0.14854175796947505</CWH>
      <CFGlacier>1</CFGlacier>
      <CFSlope>1</CFSlope>
      <FC>734.85798590442494</FC>
      <LP>0.995547671402856</LP>
      <BETA>3.0753543277556128</BETA>
    </VegetationZoneParameters>
  </VegetationZone>
  <SubCatchment>
    <SubCatchmentParameters>
      <KSI>0.001</KSI>
      <KGmin>0.05</KGmin>
      <RangeKG>0.1</RangeKG>
      <AG>0.1</AG>
      <PERC>2.224031947622751</PERC>
      <Alpha>0</Alpha>
      <UZL>114.08234990147594</UZL>
      <K0>0.21912857697960653</K0>
      <K1>0.038719926709601685</K1>
      <K2>0.022812463972684962</K2>
      <MAXBAS>1</MAXBAS>
      <Cet>0</Cet>
      <PCALT>10</PCALT>
      <TCALT>0.6</TCALT>
      <Pelev>3100</Pelev>
      <Telev>3100</Telev>
      <PART>0.5</PART>
      <DELAY>1</DELAY>
    </SubCatchmentParameters>
    <SubCatchmentVegetationZone>
      <SubCatchmentVegetationZoneParameters>
        <TT>1.0191759060876073</TT>
        <CFMAX>3.7919893066653474</CFMAX>
        <SP>0</SP>
        <SFCF>1.220428380515838</SFCF>
        <CFR>0.045218832853306509</CFR>
        <CWH>0.14854175796947505</CWH>
        <CFGlacier>1</CFGlacier>
        <CFSlope>1</CFSlope>
        <FC>734.85798590442494</FC>
        <LP>0.995547671402856</LP>
        <BETA>3.0753543277556128</BETA>
      </SubCatchmentVegetationZoneParameters>
    </SubCatchmentVegetationZone>
  </SubCatchment>
</Catchment>