<?xml version="1.0" encoding="utf-8"?>
<Catchment xmlns:xsi="http://www.w3.org/2001/XMLSchema-instance" xmlns:xsd="http://www.w3.org/2001/XMLSchema">
  <CatchmentParameters>
    <KSI>0.001</KSI>
    <KGmin>0.05</KGmin>
    <RangeKG>0.1</RangeKG>
    <AG>0.1</AG>
    <PERC>3.1593437047282604</PERC>
    <Alpha>0</Alpha>
    <UZL>147.59949111969939</UZL>
    <K0>0.431423973159877</K0>
    <K1>0.04752504688899533</K1>
    <K2>0.024772559590764669</K2>
    <MAXBAS>1</MAXBAS>
    <Cet>0</Cet>
    <PCALT>10</PCALT>
    <TCALT>0.6</TCALT>
    <Pelev>3100</Pelev>
    <Telev>3100</Telev>
    <PART>0.5</PART>
    <DELAY>1</DELAY>
  </CatchmentParameters>
  <VegetationZone>
    <VegetationZoneParameters>
      <TT>0.61922842006133494</TT>
      <CFMAX>3.0430604836408963</CFMAX>
      <SP>0</SP>
      <SFCF>1.3178105491633514</SFCF>
      <CFR>0.050147208762186347</CFR>
      <CWH>0.17404663282953375</CWH>
      <CFGlacier>1</CFGlacier>
      <CFSlope>1</CFSlope>
      <FC>719.64257297039251</FC>
      <LP>0.657165488780701</LP>
      <BETA>1.7315639651854797</BETA>
    </VegetationZoneParameters>
  </VegetationZone>
  <SubCatchment>
    <SubCatchmentParameters>
      <KSI>0.001</KSI>
      <KGmin>0.05</KGmin>
      <RangeKG>0.1</RangeKG>
      <AG>0.1</AG>
      <PERC>3.1593437047282604</PERC>
      <Alpha>0</Alpha>
      <UZL>147.59949111969939</UZL>
      <K0>0.431423973159877</K0>
      <K1>0.04752504688899533</K1>
      <K2>0.024772559590764669</K2>
      <MAXBAS>1</MAXBAS>
      <Cet>0</Cet>
      <PCALT>10</PCALT>
      <TCALT>0.6</TCALT>
      <Pelev>3100</Pelev>
      <Telev>3100</Telev>
      <PART>0.5</PART>
      <DELAY>1</DELAY>
    </SubCatchmentParameters>
    <SubCatchmentVegetationZone>
      <SubCatchmentVegetationZoneParameters>
        <TT>0.61922842006133494</TT>
        <CFMAX>3.0430604836408963</CFMAX>
        <SP>0</SP>
        <SFCF>1.3178105491633514</SFCF>
        <CFR>0.050147208762186347</CFR>
        <CWH>0.17404663282953375</CWH>
        <CFGlacier>1</CFGlacier>
        <CFSlope>1</CFSlope>
        <FC>719.64257297039251</FC>
        <LP>0.657165488780701</LP>
        <BETA>1.7315639651854797</BETA>
      </SubCatchmentVegetationZoneParameters>
    </SubCatchmentVegetationZone>
  </SubCatchment>
</Catchment>