<?xml version="1.0" encoding="utf-8"?>
<Catchment xmlns:xsi="http://www.w3.org/2001/XMLSchema-instance" xmlns:xsd="http://www.w3.org/2001/XMLSchema">
  <CatchmentParameters>
    <KSI>0.001</KSI>
    <KGmin>0.05</KGmin>
    <RangeKG>0.1</RangeKG>
    <AG>0.1</AG>
    <PERC>4.396832453219166</PERC>
    <Alpha>0</Alpha>
    <UZL>151.44812188787452</UZL>
    <K0>0.35928136223949536</K0>
    <K1>0.066540291513051908</K1>
    <K2>0.025970347233458178</K2>
    <MAXBAS>1</MAXBAS>
    <Cet>0</Cet>
    <PCALT>10</PCALT>
    <TCALT>0.6</TCALT>
    <Pelev>3100</Pelev>
    <Telev>3100</Telev>
    <PART>0.5</PART>
    <DELAY>1</DELAY>
  </CatchmentParameters>
  <VegetationZone>
    <VegetationZoneParameters>
      <TT>0.40942101565075556</TT>
      <CFMAX>2.576832437872735</CFMAX>
      <SP>0</SP>
      <SFCF>1.4299784470217754</SFCF>
      <CFR>1.3215445735802754E-11</CFR>
      <CWH>0.14679690895318875</CWH>
      <CFGlacier>1</CFGlacier>
      <CFSlope>1</CFSlope>
      <FC>792.54801575807517</FC>
      <LP>0.71361671181170583</LP>
      <BETA>2.2022975263856361</BETA>
    </VegetationZoneParameters>
  </VegetationZone>
  <SubCatchment>
    <SubCatchmentParameters>
      <KSI>0.001</KSI>
      <KGmin>0.05</KGmin>
      <RangeKG>0.1</RangeKG>
      <AG>0.1</AG>
      <PERC>4.396832453219166</PERC>
      <Alpha>0</Alpha>
      <UZL>151.44812188787452</UZL>
      <K0>0.35928136223949536</K0>
      <K1>0.066540291513051908</K1>
      <K2>0.025970347233458178</K2>
      <MAXBAS>1</MAXBAS>
      <Cet>0</Cet>
      <PCALT>10</PCALT>
      <TCALT>0.6</TCALT>
      <Pelev>3100</Pelev>
      <Telev>3100</Telev>
      <PART>0.5</PART>
      <DELAY>1</DELAY>
    </SubCatchmentParameters>
    <SubCatchmentVegetationZone>
      <SubCatchmentVegetationZoneParameters>
        <TT>0.40942101565075556</TT>
        <CFMAX>2.576832437872735</CFMAX>
        <SP>0</SP>
        <SFCF>1.4299784470217754</SFCF>
        <CFR>1.3215445735802754E-11</CFR>
        <CWH>0.14679690895318875</CWH>
        <CFGlacier>1</CFGlacier>
        <CFSlope>1</CFSlope>
        <FC>792.54801575807517</FC>
        <LP>0.71361671181170583</LP>
        <BETA>2.2022975263856361</BETA>
      </SubCatchmentVegetationZoneParameters>
    </SubCatchmentVegetationZone>
  </SubCatchment>
</Catchment>