<?xml version="1.0" encoding="utf-8"?>
<Catchment xmlns:xsi="http://www.w3.org/2001/XMLSchema-instance" xmlns:xsd="http://www.w3.org/2001/XMLSchema">
  <CatchmentParameters>
    <KSI>0.001</KSI>
    <KGmin>0.05</KGmin>
    <RangeKG>0.1</RangeKG>
    <AG>0.1</AG>
    <PERC>5.4290925173009263</PERC>
    <Alpha>0</Alpha>
    <UZL>91.943752122000461</UZL>
    <K0>0.11480097925085149</K0>
    <K1>0.08789489156560179</K1>
    <K2>0.026473304013071235</K2>
    <MAXBAS>1</MAXBAS>
    <Cet>0</Cet>
    <PCALT>10</PCALT>
    <TCALT>0.6</TCALT>
    <Pelev>3100</Pelev>
    <Telev>3100</Telev>
    <PART>0.5</PART>
    <DELAY>1</DELAY>
  </CatchmentParameters>
  <VegetationZone>
    <VegetationZoneParameters>
      <TT>0.03741580853086475</TT>
      <CFMAX>1.833039764159953</CFMAX>
      <SP>0</SP>
      <SFCF>1.2901118572712202</SFCF>
      <CFR>0.021332161043636357</CFR>
      <CWH>0.19999968254508177</CWH>
      <CFGlacier>1</CFGlacier>
      <CFSlope>1</CFSlope>
      <FC>605.95693652881209</FC>
      <LP>0.71552174361893139</LP>
      <BETA>1.894797435980069</BETA>
    </VegetationZoneParameters>
  </VegetationZone>
  <SubCatchment>
    <SubCatchmentParameters>
      <KSI>0.001</KSI>
      <KGmin>0.05</KGmin>
      <RangeKG>0.1</RangeKG>
      <AG>0.1</AG>
      <PERC>5.4290925173009263</PERC>
      <Alpha>0</Alpha>
      <UZL>91.943752122000461</UZL>
      <K0>0.11480097925085149</K0>
      <K1>0.08789489156560179</K1>
      <K2>0.026473304013071235</K2>
      <MAXBAS>1</MAXBAS>
      <Cet>0</Cet>
      <PCALT>10</PCALT>
      <TCALT>0.6</TCALT>
      <Pelev>3100</Pelev>
      <Telev>3100</Telev>
      <PART>0.5</PART>
      <DELAY>1</DELAY>
    </SubCatchmentParameters>
    <SubCatchmentVegetationZone>
      <SubCatchmentVegetationZoneParameters>
        <TT>0.03741580853086475</TT>
        <CFMAX>1.833039764159953</CFMAX>
        <SP>0</SP>
        <SFCF>1.2901118572712202</SFCF>
        <CFR>0.021332161043636357</CFR>
        <CWH>0.19999968254508177</CWH>
        <CFGlacier>1</CFGlacier>
        <CFSlope>1</CFSlope>
        <FC>605.95693652881209</FC>
        <LP>0.71552174361893139</LP>
        <BETA>1.894797435980069</BETA>
      </SubCatchmentVegetationZoneParameters>
    </SubCatchmentVegetationZone>
  </SubCatchment>
</Catchment>