<?xml version="1.0" encoding="utf-8"?>
<Catchment xmlns:xsi="http://www.w3.org/2001/XMLSchema-instance" xmlns:xsd="http://www.w3.org/2001/XMLSchema">
  <CatchmentParameters>
    <KSI>0.001</KSI>
    <KGmin>0.05</KGmin>
    <RangeKG>0.1</RangeKG>
    <AG>0.1</AG>
    <PERC>0.80174499644709885</PERC>
    <Alpha>0</Alpha>
    <UZL>156.3933317581656</UZL>
    <K0>0.51121082354492153</K0>
    <K1>0.032767154218959163</K1>
    <K2>0.013551973022823011</K2>
    <MAXBAS>1</MAXBAS>
    <Cet>0</Cet>
    <PCALT>10</PCALT>
    <TCALT>0.6</TCALT>
    <Pelev>3100</Pelev>
    <Telev>3100</Telev>
    <PART>0.5</PART>
    <DELAY>1</DELAY>
  </CatchmentParameters>
  <VegetationZone>
    <VegetationZoneParameters>
      <TT>0.037502438091523649</TT>
      <CFMAX>2.2068358486056914</CFMAX>
      <SP>0</SP>
      <SFCF>1.3598006876519921</SFCF>
      <CFR>0.022914003214358835</CFR>
      <CWH>0.13315839678113889</CWH>
      <CFGlacier>1</CFGlacier>
      <CFSlope>1</CFSlope>
      <FC>590.81578268975363</FC>
      <LP>0.91364144675951842</LP>
      <BETA>3.1272152053348679</BETA>
    </VegetationZoneParameters>
  </VegetationZone>
  <SubCatchment>
    <SubCatchmentParameters>
      <KSI>0.001</KSI>
      <KGmin>0.05</KGmin>
      <RangeKG>0.1</RangeKG>
      <AG>0.1</AG>
      <PERC>0.80174499644709885</PERC>
      <Alpha>0</Alpha>
      <UZL>156.3933317581656</UZL>
      <K0>0.51121082354492153</K0>
      <K1>0.032767154218959163</K1>
      <K2>0.013551973022823011</K2>
      <MAXBAS>1</MAXBAS>
      <Cet>0</Cet>
      <PCALT>10</PCALT>
      <TCALT>0.6</TCALT>
      <Pelev>3100</Pelev>
      <Telev>3100</Telev>
      <PART>0.5</PART>
      <DELAY>1</DELAY>
    </SubCatchmentParameters>
    <SubCatchmentVegetationZone>
      <SubCatchmentVegetationZoneParameters>
        <TT>0.037502438091523649</TT>
        <CFMAX>2.2068358486056914</CFMAX>
        <SP>0</SP>
        <SFCF>1.3598006876519921</SFCF>
        <CFR>0.022914003214358835</CFR>
        <CWH>0.13315839678113889</CWH>
        <CFGlacier>1</CFGlacier>
        <CFSlope>1</CFSlope>
        <FC>590.81578268975363</FC>
        <LP>0.91364144675951842</LP>
        <BETA>3.1272152053348679</BETA>
      </SubCatchmentVegetationZoneParameters>
    </SubCatchmentVegetationZone>
  </SubCatchment>
</Catchment>