<?xml version="1.0" encoding="utf-8"?>
<Catchment xmlns:xsi="http://www.w3.org/2001/XMLSchema-instance" xmlns:xsd="http://www.w3.org/2001/XMLSchema">
  <CatchmentParameters>
    <KSI>0.001</KSI>
    <KGmin>0.05</KGmin>
    <RangeKG>0.1</RangeKG>
    <AG>0.1</AG>
    <PERC>4.275152160827723</PERC>
    <Alpha>0</Alpha>
    <UZL>71.522806534931362</UZL>
    <K0>0.46630208890525388</K0>
    <K1>0.063425034653529652</K1>
    <K2>0.026150800882678051</K2>
    <MAXBAS>1</MAXBAS>
    <Cet>0</Cet>
    <PCALT>10</PCALT>
    <TCALT>0.6</TCALT>
    <Pelev>3100</Pelev>
    <Telev>3100</Telev>
    <PART>0.5</PART>
    <DELAY>1</DELAY>
  </CatchmentParameters>
  <VegetationZone>
    <VegetationZoneParameters>
      <TT>0.57486453769857115</TT>
      <CFMAX>2.3146982750592313</CFMAX>
      <SP>0</SP>
      <SFCF>1.2000170202342091</SFCF>
      <CFR>0.0074209572814062444</CFR>
      <CWH>0.19999538353207663</CWH>
      <CFGlacier>1</CFGlacier>
      <CFSlope>1</CFSlope>
      <FC>604.94309162703416</FC>
      <LP>0.791244249889684</LP>
      <BETA>2.0465755288874257</BETA>
    </VegetationZoneParameters>
  </VegetationZone>
  <SubCatchment>
    <SubCatchmentParameters>
      <KSI>0.001</KSI>
      <KGmin>0.05</KGmin>
      <RangeKG>0.1</RangeKG>
      <AG>0.1</AG>
      <PERC>4.275152160827723</PERC>
      <Alpha>0</Alpha>
      <UZL>71.522806534931362</UZL>
      <K0>0.46630208890525388</K0>
      <K1>0.063425034653529652</K1>
      <K2>0.026150800882678051</K2>
      <MAXBAS>1</MAXBAS>
      <Cet>0</Cet>
      <PCALT>10</PCALT>
      <TCALT>0.6</TCALT>
      <Pelev>3100</Pelev>
      <Telev>3100</Telev>
      <PART>0.5</PART>
      <DELAY>1</DELAY>
    </SubCatchmentParameters>
    <SubCatchmentVegetationZone>
      <SubCatchmentVegetationZoneParameters>
        <TT>0.57486453769857115</TT>
        <CFMAX>2.3146982750592313</CFMAX>
        <SP>0</SP>
        <SFCF>1.2000170202342091</SFCF>
        <CFR>0.0074209572814062444</CFR>
        <CWH>0.19999538353207663</CWH>
        <CFGlacier>1</CFGlacier>
        <CFSlope>1</CFSlope>
        <FC>604.94309162703416</FC>
        <LP>0.791244249889684</LP>
        <BETA>2.0465755288874257</BETA>
      </SubCatchmentVegetationZoneParameters>
    </SubCatchmentVegetationZone>
  </SubCatchment>
</Catchment>