<?xml version="1.0" encoding="utf-8"?>
<Catchment xmlns:xsi="http://www.w3.org/2001/XMLSchema-instance" xmlns:xsd="http://www.w3.org/2001/XMLSchema">
  <CatchmentParameters>
    <KSI>0.001</KSI>
    <KGmin>0.05</KGmin>
    <RangeKG>0.1</RangeKG>
    <AG>0.1</AG>
    <PERC>1.1274971122263666</PERC>
    <Alpha>0</Alpha>
    <UZL>150.66974408586492</UZL>
    <K0>0.45635715750659506</K0>
    <K1>0.037714857381820108</K1>
    <K2>0.021240184975915212</K2>
    <MAXBAS>1</MAXBAS>
    <Cet>0</Cet>
    <PCALT>10</PCALT>
    <TCALT>0.6</TCALT>
    <Pelev>3100</Pelev>
    <Telev>3100</Telev>
    <PART>0.5</PART>
    <DELAY>1</DELAY>
  </CatchmentParameters>
  <VegetationZone>
    <VegetationZoneParameters>
      <TT>1.3216884838451544</TT>
      <CFMAX>4.5889664324826249</CFMAX>
      <SP>0</SP>
      <SFCF>1.351700796372697</SFCF>
      <CFR>0.027269790135152447</CFR>
      <CWH>0.19999738419455723</CWH>
      <CFGlacier>1</CFGlacier>
      <CFSlope>1</CFSlope>
      <FC>830.96203529465208</FC>
      <LP>0.75873402885198571</LP>
      <BETA>2.3173604830316563</BETA>
    </VegetationZoneParameters>
  </VegetationZone>
  <SubCatchment>
    <SubCatchmentParameters>
      <KSI>0.001</KSI>
      <KGmin>0.05</KGmin>
      <RangeKG>0.1</RangeKG>
      <AG>0.1</AG>
      <PERC>1.1274971122263666</PERC>
      <Alpha>0</Alpha>
      <UZL>150.66974408586492</UZL>
      <K0>0.45635715750659506</K0>
      <K1>0.037714857381820108</K1>
      <K2>0.021240184975915212</K2>
      <MAXBAS>1</MAXBAS>
      <Cet>0</Cet>
      <PCALT>10</PCALT>
      <TCALT>0.6</TCALT>
      <Pelev>3100</Pelev>
      <Telev>3100</Telev>
      <PART>0.5</PART>
      <DELAY>1</DELAY>
    </SubCatchmentParameters>
    <SubCatchmentVegetationZone>
      <SubCatchmentVegetationZoneParameters>
        <TT>1.3216884838451544</TT>
        <CFMAX>4.5889664324826249</CFMAX>
        <SP>0</SP>
        <SFCF>1.351700796372697</SFCF>
        <CFR>0.027269790135152447</CFR>
        <CWH>0.19999738419455723</CWH>
        <CFGlacier>1</CFGlacier>
        <CFSlope>1</CFSlope>
        <FC>830.96203529465208</FC>
        <LP>0.75873402885198571</LP>
        <BETA>2.3173604830316563</BETA>
      </SubCatchmentVegetationZoneParameters>
    </SubCatchmentVegetationZone>
  </SubCatchment>
</Catchment>