<?xml version="1.0" encoding="utf-8"?>
<Catchment xmlns:xsi="http://www.w3.org/2001/XMLSchema-instance" xmlns:xsd="http://www.w3.org/2001/XMLSchema">
  <CatchmentParameters>
    <KSI>0.001</KSI>
    <KGmin>0.05</KGmin>
    <RangeKG>0.1</RangeKG>
    <AG>0.1</AG>
    <PERC>0.75333621616217328</PERC>
    <Alpha>0</Alpha>
    <UZL>197.62032975794952</UZL>
    <K0>0.0706506907276081</K0>
    <K1>0.032222467006642649</K1>
    <K2>0.015093508323589992</K2>
    <MAXBAS>1</MAXBAS>
    <Cet>0</Cet>
    <PCALT>10</PCALT>
    <TCALT>0.6</TCALT>
    <Pelev>3100</Pelev>
    <Telev>3100</Telev>
    <PART>0.5</PART>
    <DELAY>1</DELAY>
  </CatchmentParameters>
  <VegetationZone>
    <VegetationZoneParameters>
      <TT>1.1025320354009256</TT>
      <CFMAX>4.984823047318689</CFMAX>
      <SP>0</SP>
      <SFCF>1.4764259571063254</SFCF>
      <CFR>0.061795464908559694</CFR>
      <CWH>0.10336655640108197</CWH>
      <CFGlacier>1</CFGlacier>
      <CFSlope>1</CFSlope>
      <FC>910.94141041558055</FC>
      <LP>0.81236760777349526</LP>
      <BETA>2.8559142608576353</BETA>
    </VegetationZoneParameters>
  </VegetationZone>
  <SubCatchment>
    <SubCatchmentParameters>
      <KSI>0.001</KSI>
      <KGmin>0.05</KGmin>
      <RangeKG>0.1</RangeKG>
      <AG>0.1</AG>
      <PERC>0.75333621616217328</PERC>
      <Alpha>0</Alpha>
      <UZL>197.62032975794952</UZL>
      <K0>0.0706506907276081</K0>
      <K1>0.032222467006642649</K1>
      <K2>0.015093508323589992</K2>
      <MAXBAS>1</MAXBAS>
      <Cet>0</Cet>
      <PCALT>10</PCALT>
      <TCALT>0.6</TCALT>
      <Pelev>3100</Pelev>
      <Telev>3100</Telev>
      <PART>0.5</PART>
      <DELAY>1</DELAY>
    </SubCatchmentParameters>
    <SubCatchmentVegetationZone>
      <SubCatchmentVegetationZoneParameters>
        <TT>1.1025320354009256</TT>
        <CFMAX>4.984823047318689</CFMAX>
        <SP>0</SP>
        <SFCF>1.4764259571063254</SFCF>
        <CFR>0.061795464908559694</CFR>
        <CWH>0.10336655640108197</CWH>
        <CFGlacier>1</CFGlacier>
        <CFSlope>1</CFSlope>
        <FC>910.94141041558055</FC>
        <LP>0.81236760777349526</LP>
        <BETA>2.8559142608576353</BETA>
      </SubCatchmentVegetationZoneParameters>
    </SubCatchmentVegetationZone>
  </SubCatchment>
</Catchment>