<?xml version="1.0" encoding="utf-8"?>
<Catchment xmlns:xsi="http://www.w3.org/2001/XMLSchema-instance" xmlns:xsd="http://www.w3.org/2001/XMLSchema">
  <CatchmentParameters>
    <KSI>0.001</KSI>
    <KGmin>0.05</KGmin>
    <RangeKG>0.1</RangeKG>
    <AG>0.1</AG>
    <PERC>5.989493913065659</PERC>
    <Alpha>0</Alpha>
    <UZL>141.64147062589589</UZL>
    <K0>0.53477964124942</K0>
    <K1>0.15561351767711024</K1>
    <K2>0.023103328629682864</K2>
    <MAXBAS>1</MAXBAS>
    <Cet>0</Cet>
    <PCALT>10</PCALT>
    <TCALT>0.6</TCALT>
    <Pelev>3100</Pelev>
    <Telev>3100</Telev>
    <PART>0.5</PART>
    <DELAY>1</DELAY>
  </CatchmentParameters>
  <VegetationZone>
    <VegetationZoneParameters>
      <TT>-0.48474839542575382</TT>
      <CFMAX>1.2433272311912951</CFMAX>
      <SP>0</SP>
      <SFCF>1.1876114234164794</SFCF>
      <CFR>0.028305068697214435</CFR>
      <CWH>0.17835531158928716</CWH>
      <CFGlacier>1</CFGlacier>
      <CFSlope>1</CFSlope>
      <FC>424.91957680019243</FC>
      <LP>0.74769103267658032</LP>
      <BETA>2.1179235225019521</BETA>
    </VegetationZoneParameters>
  </VegetationZone>
  <SubCatchment>
    <SubCatchmentParameters>
      <KSI>0.001</KSI>
      <KGmin>0.05</KGmin>
      <RangeKG>0.1</RangeKG>
      <AG>0.1</AG>
      <PERC>5.989493913065659</PERC>
      <Alpha>0</Alpha>
      <UZL>141.64147062589589</UZL>
      <K0>0.53477964124942</K0>
      <K1>0.15561351767711024</K1>
      <K2>0.023103328629682864</K2>
      <MAXBAS>1</MAXBAS>
      <Cet>0</Cet>
      <PCALT>10</PCALT>
      <TCALT>0.6</TCALT>
      <Pelev>3100</Pelev>
      <Telev>3100</Telev>
      <PART>0.5</PART>
      <DELAY>1</DELAY>
    </SubCatchmentParameters>
    <SubCatchmentVegetationZone>
      <SubCatchmentVegetationZoneParameters>
        <TT>-0.48474839542575382</TT>
        <CFMAX>1.2433272311912951</CFMAX>
        <SP>0</SP>
        <SFCF>1.1876114234164794</SFCF>
        <CFR>0.028305068697214435</CFR>
        <CWH>0.17835531158928716</CWH>
        <CFGlacier>1</CFGlacier>
        <CFSlope>1</CFSlope>
        <FC>424.91957680019243</FC>
        <LP>0.74769103267658032</LP>
        <BETA>2.1179235225019521</BETA>
      </SubCatchmentVegetationZoneParameters>
    </SubCatchmentVegetationZone>
  </SubCatchment>
</Catchment>