<?xml version="1.0" encoding="utf-8"?>
<Catchment xmlns:xsi="http://www.w3.org/2001/XMLSchema-instance" xmlns:xsd="http://www.w3.org/2001/XMLSchema">
  <CatchmentParameters>
    <KSI>0.001</KSI>
    <KGmin>0.05</KGmin>
    <RangeKG>0.1</RangeKG>
    <AG>0.1</AG>
    <PERC>1.0468209880204558</PERC>
    <Alpha>0</Alpha>
    <UZL>184.06248180936774</UZL>
    <K0>0.35316738461529296</K0>
    <K1>0.034318739213403462</K1>
    <K2>0.016431543726243066</K2>
    <MAXBAS>1</MAXBAS>
    <Cet>0</Cet>
    <PCALT>10</PCALT>
    <TCALT>0.6</TCALT>
    <Pelev>3100</Pelev>
    <Telev>3100</Telev>
    <PART>0.5</PART>
    <DELAY>1</DELAY>
  </CatchmentParameters>
  <VegetationZone>
    <VegetationZoneParameters>
      <TT>0.46758299925418456</TT>
      <CFMAX>2.4652899276146534</CFMAX>
      <SP>0</SP>
      <SFCF>1.1959737194622853</SFCF>
      <CFR>0.021079017948121902</CFR>
      <CWH>0.18483624325467646</CWH>
      <CFGlacier>1</CFGlacier>
      <CFSlope>1</CFSlope>
      <FC>512.77155949320047</FC>
      <LP>0.81268810214629794</LP>
      <BETA>2.1266630587461139</BETA>
    </VegetationZoneParameters>
  </VegetationZone>
  <SubCatchment>
    <SubCatchmentParameters>
      <KSI>0.001</KSI>
      <KGmin>0.05</KGmin>
      <RangeKG>0.1</RangeKG>
      <AG>0.1</AG>
      <PERC>1.0468209880204558</PERC>
      <Alpha>0</Alpha>
      <UZL>184.06248180936774</UZL>
      <K0>0.35316738461529296</K0>
      <K1>0.034318739213403462</K1>
      <K2>0.016431543726243066</K2>
      <MAXBAS>1</MAXBAS>
      <Cet>0</Cet>
      <PCALT>10</PCALT>
      <TCALT>0.6</TCALT>
      <Pelev>3100</Pelev>
      <Telev>3100</Telev>
      <PART>0.5</PART>
      <DELAY>1</DELAY>
    </SubCatchmentParameters>
    <SubCatchmentVegetationZone>
      <SubCatchmentVegetationZoneParameters>
        <TT>0.46758299925418456</TT>
        <CFMAX>2.4652899276146534</CFMAX>
        <SP>0</SP>
        <SFCF>1.1959737194622853</SFCF>
        <CFR>0.021079017948121902</CFR>
        <CWH>0.18483624325467646</CWH>
        <CFGlacier>1</CFGlacier>
        <CFSlope>1</CFSlope>
        <FC>512.77155949320047</FC>
        <LP>0.81268810214629794</LP>
        <BETA>2.1266630587461139</BETA>
      </SubCatchmentVegetationZoneParameters>
    </SubCatchmentVegetationZone>
  </SubCatchment>
</Catchment>