<?xml version="1.0" encoding="utf-8"?>
<Catchment xmlns:xsi="http://www.w3.org/2001/XMLSchema-instance" xmlns:xsd="http://www.w3.org/2001/XMLSchema">
  <CatchmentParameters>
    <KSI>0.001</KSI>
    <KGmin>0.05</KGmin>
    <RangeKG>0.1</RangeKG>
    <AG>0.1</AG>
    <PERC>3.2472381745670647</PERC>
    <Alpha>0</Alpha>
    <UZL>84.56905170652233</UZL>
    <K0>0.14621191200942529</K0>
    <K1>0.05042506816052273</K1>
    <K2>0.022208155325516055</K2>
    <MAXBAS>1</MAXBAS>
    <Cet>0</Cet>
    <PCALT>10</PCALT>
    <TCALT>0.6</TCALT>
    <Pelev>3100</Pelev>
    <Telev>3100</Telev>
    <PART>0.5</PART>
    <DELAY>1</DELAY>
  </CatchmentParameters>
  <VegetationZone>
    <VegetationZoneParameters>
      <TT>-0.24206275275049219</TT>
      <CFMAX>1.7656211319449022</CFMAX>
      <SP>0</SP>
      <SFCF>1.2358871864229293</SFCF>
      <CFR>0.051808381143240753</CFR>
      <CWH>0.19649974112131433</CWH>
      <CFGlacier>1</CFGlacier>
      <CFSlope>1</CFSlope>
      <FC>515.36160949807913</FC>
      <LP>0.88730250494022345</LP>
      <BETA>2.524383033032453</BETA>
    </VegetationZoneParameters>
  </VegetationZone>
  <SubCatchment>
    <SubCatchmentParameters>
      <KSI>0.001</KSI>
      <KGmin>0.05</KGmin>
      <RangeKG>0.1</RangeKG>
      <AG>0.1</AG>
      <PERC>3.2472381745670647</PERC>
      <Alpha>0</Alpha>
      <UZL>84.56905170652233</UZL>
      <K0>0.14621191200942529</K0>
      <K1>0.05042506816052273</K1>
      <K2>0.022208155325516055</K2>
      <MAXBAS>1</MAXBAS>
      <Cet>0</Cet>
      <PCALT>10</PCALT>
      <TCALT>0.6</TCALT>
      <Pelev>3100</Pelev>
      <Telev>3100</Telev>
      <PART>0.5</PART>
      <DELAY>1</DELAY>
    </SubCatchmentParameters>
    <SubCatchmentVegetationZone>
      <SubCatchmentVegetationZoneParameters>
        <TT>-0.24206275275049219</TT>
        <CFMAX>1.7656211319449022</CFMAX>
        <SP>0</SP>
        <SFCF>1.2358871864229293</SFCF>
        <CFR>0.051808381143240753</CFR>
        <CWH>0.19649974112131433</CWH>
        <CFGlacier>1</CFGlacier>
        <CFSlope>1</CFSlope>
        <FC>515.36160949807913</FC>
        <LP>0.88730250494022345</LP>
        <BETA>2.524383033032453</BETA>
      </SubCatchmentVegetationZoneParameters>
    </SubCatchmentVegetationZone>
  </SubCatchment>
</Catchment>