<?xml version="1.0" encoding="utf-8"?>
<Catchment xmlns:xsi="http://www.w3.org/2001/XMLSchema-instance" xmlns:xsd="http://www.w3.org/2001/XMLSchema">
  <CatchmentParameters>
    <KSI>0.001</KSI>
    <KGmin>0.05</KGmin>
    <RangeKG>0.1</RangeKG>
    <AG>0.1</AG>
    <PERC>1.1296120072235456</PERC>
    <Alpha>0</Alpha>
    <UZL>149.94274100056666</UZL>
    <K0>0.23299113737687524</K0>
    <K1>0.035741533301900108</K1>
    <K2>0.016377599635283367</K2>
    <MAXBAS>1</MAXBAS>
    <Cet>0</Cet>
    <PCALT>10</PCALT>
    <TCALT>0.6</TCALT>
    <Pelev>3100</Pelev>
    <Telev>3100</Telev>
    <PART>0.5</PART>
    <DELAY>1</DELAY>
  </CatchmentParameters>
  <VegetationZone>
    <VegetationZoneParameters>
      <TT>0.61706789496991166</TT>
      <CFMAX>2.5861374797312591</CFMAX>
      <SP>0</SP>
      <SFCF>1.1535530834486707</SFCF>
      <CFR>0.030482574856459308</CFR>
      <CWH>0.12219923456786667</CWH>
      <CFGlacier>1</CFGlacier>
      <CFSlope>1</CFSlope>
      <FC>485.019249002041</FC>
      <LP>0.88187507306340784</LP>
      <BETA>2.3418018804531791</BETA>
    </VegetationZoneParameters>
  </VegetationZone>
  <SubCatchment>
    <SubCatchmentParameters>
      <KSI>0.001</KSI>
      <KGmin>0.05</KGmin>
      <RangeKG>0.1</RangeKG>
      <AG>0.1</AG>
      <PERC>1.1296120072235456</PERC>
      <Alpha>0</Alpha>
      <UZL>149.94274100056666</UZL>
      <K0>0.23299113737687524</K0>
      <K1>0.035741533301900108</K1>
      <K2>0.016377599635283367</K2>
      <MAXBAS>1</MAXBAS>
      <Cet>0</Cet>
      <PCALT>10</PCALT>
      <TCALT>0.6</TCALT>
      <Pelev>3100</Pelev>
      <Telev>3100</Telev>
      <PART>0.5</PART>
      <DELAY>1</DELAY>
    </SubCatchmentParameters>
    <SubCatchmentVegetationZone>
      <SubCatchmentVegetationZoneParameters>
        <TT>0.61706789496991166</TT>
        <CFMAX>2.5861374797312591</CFMAX>
        <SP>0</SP>
        <SFCF>1.1535530834486707</SFCF>
        <CFR>0.030482574856459308</CFR>
        <CWH>0.12219923456786667</CWH>
        <CFGlacier>1</CFGlacier>
        <CFSlope>1</CFSlope>
        <FC>485.019249002041</FC>
        <LP>0.88187507306340784</LP>
        <BETA>2.3418018804531791</BETA>
      </SubCatchmentVegetationZoneParameters>
    </SubCatchmentVegetationZone>
  </SubCatchment>
</Catchment>