<?xml version="1.0" encoding="utf-8"?>
<Catchment xmlns:xsi="http://www.w3.org/2001/XMLSchema-instance" xmlns:xsd="http://www.w3.org/2001/XMLSchema">
  <CatchmentParameters>
    <KSI>0.001</KSI>
    <KGmin>0.05</KGmin>
    <RangeKG>0.1</RangeKG>
    <AG>0.1</AG>
    <PERC>5.528533291918432</PERC>
    <Alpha>0</Alpha>
    <UZL>165.15839876419227</UZL>
    <K0>0.050385509394638414</K0>
    <K1>0.17224601490810443</K1>
    <K2>0.027292330413786</K2>
    <MAXBAS>1</MAXBAS>
    <Cet>0</Cet>
    <PCALT>10</PCALT>
    <TCALT>0.6</TCALT>
    <Pelev>3100</Pelev>
    <Telev>3100</Telev>
    <PART>0.5</PART>
    <DELAY>1</DELAY>
  </CatchmentParameters>
  <VegetationZone>
    <VegetationZoneParameters>
      <TT>-0.5250289053227527</TT>
      <CFMAX>1.4469843696960332</CFMAX>
      <SP>0</SP>
      <SFCF>1.3993020360618858</SFCF>
      <CFR>0.055686294889179352</CFR>
      <CWH>0.18028726550362503</CWH>
      <CFGlacier>1</CFGlacier>
      <CFSlope>1</CFSlope>
      <FC>766.2989904400938</FC>
      <LP>0.79850991138622462</LP>
      <BETA>2.4040459451485354</BETA>
    </VegetationZoneParameters>
  </VegetationZone>
  <SubCatchment>
    <SubCatchmentParameters>
      <KSI>0.001</KSI>
      <KGmin>0.05</KGmin>
      <RangeKG>0.1</RangeKG>
      <AG>0.1</AG>
      <PERC>5.528533291918432</PERC>
      <Alpha>0</Alpha>
      <UZL>165.15839876419227</UZL>
      <K0>0.050385509394638414</K0>
      <K1>0.17224601490810443</K1>
      <K2>0.027292330413786</K2>
      <MAXBAS>1</MAXBAS>
      <Cet>0</Cet>
      <PCALT>10</PCALT>
      <TCALT>0.6</TCALT>
      <Pelev>3100</Pelev>
      <Telev>3100</Telev>
      <PART>0.5</PART>
      <DELAY>1</DELAY>
    </SubCatchmentParameters>
    <SubCatchmentVegetationZone>
      <SubCatchmentVegetationZoneParameters>
        <TT>-0.5250289053227527</TT>
        <CFMAX>1.4469843696960332</CFMAX>
        <SP>0</SP>
        <SFCF>1.3993020360618858</SFCF>
        <CFR>0.055686294889179352</CFR>
        <CWH>0.18028726550362503</CWH>
        <CFGlacier>1</CFGlacier>
        <CFSlope>1</CFSlope>
        <FC>766.2989904400938</FC>
        <LP>0.79850991138622462</LP>
        <BETA>2.4040459451485354</BETA>
      </SubCatchmentVegetationZoneParameters>
    </SubCatchmentVegetationZone>
  </SubCatchment>
</Catchment>