<?xml version="1.0" encoding="utf-8"?>
<Catchment xmlns:xsi="http://www.w3.org/2001/XMLSchema-instance" xmlns:xsd="http://www.w3.org/2001/XMLSchema">
  <CatchmentParameters>
    <KSI>0.001</KSI>
    <KGmin>0.05</KGmin>
    <RangeKG>0.1</RangeKG>
    <AG>0.1</AG>
    <PERC>2.6383525212344887</PERC>
    <Alpha>0</Alpha>
    <UZL>105.54988388903743</UZL>
    <K0>0.24328019111800295</K0>
    <K1>0.042016138420194818</K1>
    <K2>0.021947259238229759</K2>
    <MAXBAS>1</MAXBAS>
    <Cet>0</Cet>
    <PCALT>10</PCALT>
    <TCALT>0.6</TCALT>
    <Pelev>3100</Pelev>
    <Telev>3100</Telev>
    <PART>0.5</PART>
    <DELAY>1</DELAY>
  </CatchmentParameters>
  <VegetationZone>
    <VegetationZoneParameters>
      <TT>0.6446808209912358</TT>
      <CFMAX>3.3014388452183421</CFMAX>
      <SP>0</SP>
      <SFCF>1.4107122583713283</SFCF>
      <CFR>0.035650521650838096</CFR>
      <CWH>0.10932782551037472</CWH>
      <CFGlacier>1</CFGlacier>
      <CFSlope>1</CFSlope>
      <FC>831.93487844641686</FC>
      <LP>0.90778635741725944</LP>
      <BETA>3.4298496899489792</BETA>
    </VegetationZoneParameters>
  </VegetationZone>
  <SubCatchment>
    <SubCatchmentParameters>
      <KSI>0.001</KSI>
      <KGmin>0.05</KGmin>
      <RangeKG>0.1</RangeKG>
      <AG>0.1</AG>
      <PERC>2.6383525212344887</PERC>
      <Alpha>0</Alpha>
      <UZL>105.54988388903743</UZL>
      <K0>0.24328019111800295</K0>
      <K1>0.042016138420194818</K1>
      <K2>0.021947259238229759</K2>
      <MAXBAS>1</MAXBAS>
      <Cet>0</Cet>
      <PCALT>10</PCALT>
      <TCALT>0.6</TCALT>
      <Pelev>3100</Pelev>
      <Telev>3100</Telev>
      <PART>0.5</PART>
      <DELAY>1</DELAY>
    </SubCatchmentParameters>
    <SubCatchmentVegetationZone>
      <SubCatchmentVegetationZoneParameters>
        <TT>0.6446808209912358</TT>
        <CFMAX>3.3014388452183421</CFMAX>
        <SP>0</SP>
        <SFCF>1.4107122583713283</SFCF>
        <CFR>0.035650521650838096</CFR>
        <CWH>0.10932782551037472</CWH>
        <CFGlacier>1</CFGlacier>
        <CFSlope>1</CFSlope>
        <FC>831.93487844641686</FC>
        <LP>0.90778635741725944</LP>
        <BETA>3.4298496899489792</BETA>
      </SubCatchmentVegetationZoneParameters>
    </SubCatchmentVegetationZone>
  </SubCatchment>
</Catchment>