<?xml version="1.0" encoding="utf-8"?>
<Catchment xmlns:xsi="http://www.w3.org/2001/XMLSchema-instance" xmlns:xsd="http://www.w3.org/2001/XMLSchema">
  <CatchmentParameters>
    <KSI>0.001</KSI>
    <KGmin>0.05</KGmin>
    <RangeKG>0.1</RangeKG>
    <AG>0.1</AG>
    <PERC>2.9744690116986741</PERC>
    <Alpha>0</Alpha>
    <UZL>129.10308606148146</UZL>
    <K0>0.45402483266158244</K0>
    <K1>0.044894859586078029</K1>
    <K2>0.024379200889851169</K2>
    <MAXBAS>1</MAXBAS>
    <Cet>0</Cet>
    <PCALT>10</PCALT>
    <TCALT>0.6</TCALT>
    <Pelev>3100</Pelev>
    <Telev>3100</Telev>
    <PART>0.5</PART>
    <DELAY>1</DELAY>
  </CatchmentParameters>
  <VegetationZone>
    <VegetationZoneParameters>
      <TT>1.2064655026618345</TT>
      <CFMAX>3.5341290122969471</CFMAX>
      <SP>0</SP>
      <SFCF>1.119453370530491</SFCF>
      <CFR>0.037292765536331596</CFR>
      <CWH>0.19999995986682656</CWH>
      <CFGlacier>1</CFGlacier>
      <CFSlope>1</CFSlope>
      <FC>573.7304160166932</FC>
      <LP>0.80466277281140486</LP>
      <BETA>1.9319664782064863</BETA>
    </VegetationZoneParameters>
  </VegetationZone>
  <SubCatchment>
    <SubCatchmentParameters>
      <KSI>0.001</KSI>
      <KGmin>0.05</KGmin>
      <RangeKG>0.1</RangeKG>
      <AG>0.1</AG>
      <PERC>2.9744690116986741</PERC>
      <Alpha>0</Alpha>
      <UZL>129.10308606148146</UZL>
      <K0>0.45402483266158244</K0>
      <K1>0.044894859586078029</K1>
      <K2>0.024379200889851169</K2>
      <MAXBAS>1</MAXBAS>
      <Cet>0</Cet>
      <PCALT>10</PCALT>
      <TCALT>0.6</TCALT>
      <Pelev>3100</Pelev>
      <Telev>3100</Telev>
      <PART>0.5</PART>
      <DELAY>1</DELAY>
    </SubCatchmentParameters>
    <SubCatchmentVegetationZone>
      <SubCatchmentVegetationZoneParameters>
        <TT>1.2064655026618345</TT>
        <CFMAX>3.5341290122969471</CFMAX>
        <SP>0</SP>
        <SFCF>1.119453370530491</SFCF>
        <CFR>0.037292765536331596</CFR>
        <CWH>0.19999995986682656</CWH>
        <CFGlacier>1</CFGlacier>
        <CFSlope>1</CFSlope>
        <FC>573.7304160166932</FC>
        <LP>0.80466277281140486</LP>
        <BETA>1.9319664782064863</BETA>
      </SubCatchmentVegetationZoneParameters>
    </SubCatchmentVegetationZone>
  </SubCatchment>
</Catchment>