<?xml version="1.0" encoding="utf-8"?>
<Catchment xmlns:xsi="http://www.w3.org/2001/XMLSchema-instance" xmlns:xsd="http://www.w3.org/2001/XMLSchema">
  <CatchmentParameters>
    <KSI>0.001</KSI>
    <KGmin>0.05</KGmin>
    <RangeKG>0.1</RangeKG>
    <AG>0.1</AG>
    <PERC>5.2429668571081125</PERC>
    <Alpha>0</Alpha>
    <UZL>98.8017985698521</UZL>
    <K0>0.447011926022512</K0>
    <K1>0.076620600151501114</K1>
    <K2>0.02684339937644762</K2>
    <MAXBAS>1</MAXBAS>
    <Cet>0</Cet>
    <PCALT>10</PCALT>
    <TCALT>0.6</TCALT>
    <Pelev>3100</Pelev>
    <Telev>3100</Telev>
    <PART>0.5</PART>
    <DELAY>1</DELAY>
  </CatchmentParameters>
  <VegetationZone>
    <VegetationZoneParameters>
      <TT>0.1239781038868725</TT>
      <CFMAX>2.0173634678738188</CFMAX>
      <SP>0</SP>
      <SFCF>1.4042579900732293</SFCF>
      <CFR>8.6259475707018086E-07</CFR>
      <CWH>0.19999994854561773</CWH>
      <CFGlacier>1</CFGlacier>
      <CFSlope>1</CFSlope>
      <FC>782.72061755024924</FC>
      <LP>0.85065499277300627</LP>
      <BETA>2.7804312920175644</BETA>
    </VegetationZoneParameters>
  </VegetationZone>
  <SubCatchment>
    <SubCatchmentParameters>
      <KSI>0.001</KSI>
      <KGmin>0.05</KGmin>
      <RangeKG>0.1</RangeKG>
      <AG>0.1</AG>
      <PERC>5.2429668571081125</PERC>
      <Alpha>0</Alpha>
      <UZL>98.8017985698521</UZL>
      <K0>0.447011926022512</K0>
      <K1>0.076620600151501114</K1>
      <K2>0.02684339937644762</K2>
      <MAXBAS>1</MAXBAS>
      <Cet>0</Cet>
      <PCALT>10</PCALT>
      <TCALT>0.6</TCALT>
      <Pelev>3100</Pelev>
      <Telev>3100</Telev>
      <PART>0.5</PART>
      <DELAY>1</DELAY>
    </SubCatchmentParameters>
    <SubCatchmentVegetationZone>
      <SubCatchmentVegetationZoneParameters>
        <TT>0.1239781038868725</TT>
        <CFMAX>2.0173634678738188</CFMAX>
        <SP>0</SP>
        <SFCF>1.4042579900732293</SFCF>
        <CFR>8.6259475707018086E-07</CFR>
        <CWH>0.19999994854561773</CWH>
        <CFGlacier>1</CFGlacier>
        <CFSlope>1</CFSlope>
        <FC>782.72061755024924</FC>
        <LP>0.85065499277300627</LP>
        <BETA>2.7804312920175644</BETA>
      </SubCatchmentVegetationZoneParameters>
    </SubCatchmentVegetationZone>
  </SubCatchment>
</Catchment>