<?xml version="1.0" encoding="utf-8"?>
<Catchment xmlns:xsi="http://www.w3.org/2001/XMLSchema-instance" xmlns:xsd="http://www.w3.org/2001/XMLSchema">
  <CatchmentParameters>
    <KSI>0.001</KSI>
    <KGmin>0.05</KGmin>
    <RangeKG>0.1</RangeKG>
    <AG>0.1</AG>
    <PERC>3.0624214044495468</PERC>
    <Alpha>0</Alpha>
    <UZL>117.81606464521106</UZL>
    <K0>0.43159581870949365</K0>
    <K1>0.046021351933257279</K1>
    <K2>0.024221028553912338</K2>
    <MAXBAS>1</MAXBAS>
    <Cet>0</Cet>
    <PCALT>10</PCALT>
    <TCALT>0.6</TCALT>
    <Pelev>3100</Pelev>
    <Telev>3100</Telev>
    <PART>0.5</PART>
    <DELAY>1</DELAY>
  </CatchmentParameters>
  <VegetationZone>
    <VegetationZoneParameters>
      <TT>0.75901615228829433</TT>
      <CFMAX>3.0982267774824948</CFMAX>
      <SP>0</SP>
      <SFCF>1.2591998209310309</SFCF>
      <CFR>0.032930672965776578</CFR>
      <CWH>0.19999854059734107</CWH>
      <CFGlacier>1</CFGlacier>
      <CFSlope>1</CFSlope>
      <FC>711.65887858950077</FC>
      <LP>0.88786159719116664</LP>
      <BETA>2.5848606515745876</BETA>
    </VegetationZoneParameters>
  </VegetationZone>
  <SubCatchment>
    <SubCatchmentParameters>
      <KSI>0.001</KSI>
      <KGmin>0.05</KGmin>
      <RangeKG>0.1</RangeKG>
      <AG>0.1</AG>
      <PERC>3.0624214044495468</PERC>
      <Alpha>0</Alpha>
      <UZL>117.81606464521106</UZL>
      <K0>0.43159581870949365</K0>
      <K1>0.046021351933257279</K1>
      <K2>0.024221028553912338</K2>
      <MAXBAS>1</MAXBAS>
      <Cet>0</Cet>
      <PCALT>10</PCALT>
      <TCALT>0.6</TCALT>
      <Pelev>3100</Pelev>
      <Telev>3100</Telev>
      <PART>0.5</PART>
      <DELAY>1</DELAY>
    </SubCatchmentParameters>
    <SubCatchmentVegetationZone>
      <SubCatchmentVegetationZoneParameters>
        <TT>0.75901615228829433</TT>
        <CFMAX>3.0982267774824948</CFMAX>
        <SP>0</SP>
        <SFCF>1.2591998209310309</SFCF>
        <CFR>0.032930672965776578</CFR>
        <CWH>0.19999854059734107</CWH>
        <CFGlacier>1</CFGlacier>
        <CFSlope>1</CFSlope>
        <FC>711.65887858950077</FC>
        <LP>0.88786159719116664</LP>
        <BETA>2.5848606515745876</BETA>
      </SubCatchmentVegetationZoneParameters>
    </SubCatchmentVegetationZone>
  </SubCatchment>
</Catchment>