<?xml version="1.0" encoding="utf-8"?>
<Catchment xmlns:xsi="http://www.w3.org/2001/XMLSchema-instance" xmlns:xsd="http://www.w3.org/2001/XMLSchema">
  <CatchmentParameters>
    <KSI>0.001</KSI>
    <KGmin>0.05</KGmin>
    <RangeKG>0.1</RangeKG>
    <AG>0.1</AG>
    <PERC>4.0132674219003146</PERC>
    <Alpha>0</Alpha>
    <UZL>103.93231583694779</UZL>
    <K0>0.052246090091890927</K0>
    <K1>0.096054287847875522</K1>
    <K2>0.026066378271539181</K2>
    <MAXBAS>1</MAXBAS>
    <Cet>0</Cet>
    <PCALT>10</PCALT>
    <TCALT>0.6</TCALT>
    <Pelev>3100</Pelev>
    <Telev>3100</Telev>
    <PART>0.5</PART>
    <DELAY>1</DELAY>
  </CatchmentParameters>
  <VegetationZone>
    <VegetationZoneParameters>
      <TT>-0.29979413334741012</TT>
      <CFMAX>1.5762327118025046</CFMAX>
      <SP>0</SP>
      <SFCF>1.4820310315525271</SFCF>
      <CFR>0.0010483312261523937</CFR>
      <CWH>0.18368322673437526</CWH>
      <CFGlacier>1</CFGlacier>
      <CFSlope>1</CFSlope>
      <FC>930.90763225988371</FC>
      <LP>0.89167642221380916</LP>
      <BETA>3.4514944287603337</BETA>
    </VegetationZoneParameters>
  </VegetationZone>
  <SubCatchment>
    <SubCatchmentParameters>
      <KSI>0.001</KSI>
      <KGmin>0.05</KGmin>
      <RangeKG>0.1</RangeKG>
      <AG>0.1</AG>
      <PERC>4.0132674219003146</PERC>
      <Alpha>0</Alpha>
      <UZL>103.93231583694779</UZL>
      <K0>0.052246090091890927</K0>
      <K1>0.096054287847875522</K1>
      <K2>0.026066378271539181</K2>
      <MAXBAS>1</MAXBAS>
      <Cet>0</Cet>
      <PCALT>10</PCALT>
      <TCALT>0.6</TCALT>
      <Pelev>3100</Pelev>
      <Telev>3100</Telev>
      <PART>0.5</PART>
      <DELAY>1</DELAY>
    </SubCatchmentParameters>
    <SubCatchmentVegetationZone>
      <SubCatchmentVegetationZoneParameters>
        <TT>-0.29979413334741012</TT>
        <CFMAX>1.5762327118025046</CFMAX>
        <SP>0</SP>
        <SFCF>1.4820310315525271</SFCF>
        <CFR>0.0010483312261523937</CFR>
        <CWH>0.18368322673437526</CWH>
        <CFGlacier>1</CFGlacier>
        <CFSlope>1</CFSlope>
        <FC>930.90763225988371</FC>
        <LP>0.89167642221380916</LP>
        <BETA>3.4514944287603337</BETA>
      </SubCatchmentVegetationZoneParameters>
    </SubCatchmentVegetationZone>
  </SubCatchment>
</Catchment>