<?xml version="1.0" encoding="utf-8"?>
<Catchment xmlns:xsi="http://www.w3.org/2001/XMLSchema-instance" xmlns:xsd="http://www.w3.org/2001/XMLSchema">
  <CatchmentParameters>
    <KSI>0.001</KSI>
    <KGmin>0.05</KGmin>
    <RangeKG>0.1</RangeKG>
    <AG>0.1</AG>
    <PERC>1.1333353516940132</PERC>
    <Alpha>0</Alpha>
    <UZL>140.7594232793461</UZL>
    <K0>0.10424987126945375</K0>
    <K1>0.035064609084938213</K1>
    <K2>0.021752280439483639</K2>
    <MAXBAS>1</MAXBAS>
    <Cet>0</Cet>
    <PCALT>10</PCALT>
    <TCALT>0.6</TCALT>
    <Pelev>3100</Pelev>
    <Telev>3100</Telev>
    <PART>0.5</PART>
    <DELAY>1</DELAY>
  </CatchmentParameters>
  <VegetationZone>
    <VegetationZoneParameters>
      <TT>1.00000030274947</TT>
      <CFMAX>4.33609870181166</CFMAX>
      <SP>0</SP>
      <SFCF>1.4216529703323884</SFCF>
      <CFR>0.030373073295104861</CFR>
      <CWH>0.16125249179780948</CWH>
      <CFGlacier>1</CFGlacier>
      <CFSlope>1</CFSlope>
      <FC>920.97357966152072</FC>
      <LP>0.87511483160682657</LP>
      <BETA>3.1644988182785734</BETA>
    </VegetationZoneParameters>
  </VegetationZone>
  <SubCatchment>
    <SubCatchmentParameters>
      <KSI>0.001</KSI>
      <KGmin>0.05</KGmin>
      <RangeKG>0.1</RangeKG>
      <AG>0.1</AG>
      <PERC>1.1333353516940132</PERC>
      <Alpha>0</Alpha>
      <UZL>140.7594232793461</UZL>
      <K0>0.10424987126945375</K0>
      <K1>0.035064609084938213</K1>
      <K2>0.021752280439483639</K2>
      <MAXBAS>1</MAXBAS>
      <Cet>0</Cet>
      <PCALT>10</PCALT>
      <TCALT>0.6</TCALT>
      <Pelev>3100</Pelev>
      <Telev>3100</Telev>
      <PART>0.5</PART>
      <DELAY>1</DELAY>
    </SubCatchmentParameters>
    <SubCatchmentVegetationZone>
      <SubCatchmentVegetationZoneParameters>
        <TT>1.00000030274947</TT>
        <CFMAX>4.33609870181166</CFMAX>
        <SP>0</SP>
        <SFCF>1.4216529703323884</SFCF>
        <CFR>0.030373073295104861</CFR>
        <CWH>0.16125249179780948</CWH>
        <CFGlacier>1</CFGlacier>
        <CFSlope>1</CFSlope>
        <FC>920.97357966152072</FC>
        <LP>0.87511483160682657</LP>
        <BETA>3.1644988182785734</BETA>
      </SubCatchmentVegetationZoneParameters>
    </SubCatchmentVegetationZone>
  </SubCatchment>
</Catchment>