<?xml version="1.0" encoding="utf-8"?>
<Catchment xmlns:xsi="http://www.w3.org/2001/XMLSchema-instance" xmlns:xsd="http://www.w3.org/2001/XMLSchema">
  <CatchmentParameters>
    <KSI>0.001</KSI>
    <KGmin>0.05</KGmin>
    <RangeKG>0.1</RangeKG>
    <AG>0.1</AG>
    <PERC>0.89506436276776358</PERC>
    <Alpha>0</Alpha>
    <UZL>161.04286505784572</UZL>
    <K0>0.54471100214146428</K0>
    <K1>0.034133592389708353</K1>
    <K2>0.01649282520792613</K2>
    <MAXBAS>1</MAXBAS>
    <Cet>0</Cet>
    <PCALT>10</PCALT>
    <TCALT>0.6</TCALT>
    <Pelev>3100</Pelev>
    <Telev>3100</Telev>
    <PART>0.5</PART>
    <DELAY>1</DELAY>
  </CatchmentParameters>
  <VegetationZone>
    <VegetationZoneParameters>
      <TT>0.87528877621956136</TT>
      <CFMAX>3.9359413301327861</CFMAX>
      <SP>0</SP>
      <SFCF>1.4224225183034962</SFCF>
      <CFR>0.038048639455653871</CFR>
      <CWH>0.19999664307616344</CWH>
      <CFGlacier>1</CFGlacier>
      <CFSlope>1</CFSlope>
      <FC>818.26535684702048</FC>
      <LP>0.85143804708637172</LP>
      <BETA>2.901545361087269</BETA>
    </VegetationZoneParameters>
  </VegetationZone>
  <SubCatchment>
    <SubCatchmentParameters>
      <KSI>0.001</KSI>
      <KGmin>0.05</KGmin>
      <RangeKG>0.1</RangeKG>
      <AG>0.1</AG>
      <PERC>0.89506436276776358</PERC>
      <Alpha>0</Alpha>
      <UZL>161.04286505784572</UZL>
      <K0>0.54471100214146428</K0>
      <K1>0.034133592389708353</K1>
      <K2>0.01649282520792613</K2>
      <MAXBAS>1</MAXBAS>
      <Cet>0</Cet>
      <PCALT>10</PCALT>
      <TCALT>0.6</TCALT>
      <Pelev>3100</Pelev>
      <Telev>3100</Telev>
      <PART>0.5</PART>
      <DELAY>1</DELAY>
    </SubCatchmentParameters>
    <SubCatchmentVegetationZone>
      <SubCatchmentVegetationZoneParameters>
        <TT>0.87528877621956136</TT>
        <CFMAX>3.9359413301327861</CFMAX>
        <SP>0</SP>
        <SFCF>1.4224225183034962</SFCF>
        <CFR>0.038048639455653871</CFR>
        <CWH>0.19999664307616344</CWH>
        <CFGlacier>1</CFGlacier>
        <CFSlope>1</CFSlope>
        <FC>818.26535684702048</FC>
        <LP>0.85143804708637172</LP>
        <BETA>2.901545361087269</BETA>
      </SubCatchmentVegetationZoneParameters>
    </SubCatchmentVegetationZone>
  </SubCatchment>
</Catchment>