<?xml version="1.0" encoding="utf-8"?>
<Catchment xmlns:xsi="http://www.w3.org/2001/XMLSchema-instance" xmlns:xsd="http://www.w3.org/2001/XMLSchema">
  <CatchmentParameters>
    <KSI>0.001</KSI>
    <KGmin>0.05</KGmin>
    <RangeKG>0.1</RangeKG>
    <AG>0.1</AG>
    <PERC>4.4358614670428427</PERC>
    <Alpha>0</Alpha>
    <UZL>84.624859167362359</UZL>
    <K0>0.39419265484707794</K0>
    <K1>0.047806739558177581</K1>
    <K2>0.025452769115645396</K2>
    <MAXBAS>1</MAXBAS>
    <Cet>0</Cet>
    <PCALT>10</PCALT>
    <TCALT>0.6</TCALT>
    <Pelev>3100</Pelev>
    <Telev>3100</Telev>
    <PART>0.5</PART>
    <DELAY>1</DELAY>
  </CatchmentParameters>
  <VegetationZone>
    <VegetationZoneParameters>
      <TT>1.2257309260193285</TT>
      <CFMAX>4.6270306854842662</CFMAX>
      <SP>0</SP>
      <SFCF>1.4417237084008594</SFCF>
      <CFR>0.029567230291605514</CFR>
      <CWH>0.15690683313177545</CWH>
      <CFGlacier>1</CFGlacier>
      <CFSlope>1</CFSlope>
      <FC>1155.1944643289696</FC>
      <LP>0.95553694942098666</LP>
      <BETA>4.3967224137344143</BETA>
    </VegetationZoneParameters>
  </VegetationZone>
  <SubCatchment>
    <SubCatchmentParameters>
      <KSI>0.001</KSI>
      <KGmin>0.05</KGmin>
      <RangeKG>0.1</RangeKG>
      <AG>0.1</AG>
      <PERC>4.4358614670428427</PERC>
      <Alpha>0</Alpha>
      <UZL>84.624859167362359</UZL>
      <K0>0.39419265484707794</K0>
      <K1>0.047806739558177581</K1>
      <K2>0.025452769115645396</K2>
      <MAXBAS>1</MAXBAS>
      <Cet>0</Cet>
      <PCALT>10</PCALT>
      <TCALT>0.6</TCALT>
      <Pelev>3100</Pelev>
      <Telev>3100</Telev>
      <PART>0.5</PART>
      <DELAY>1</DELAY>
    </SubCatchmentParameters>
    <SubCatchmentVegetationZone>
      <SubCatchmentVegetationZoneParameters>
        <TT>1.2257309260193285</TT>
        <CFMAX>4.6270306854842662</CFMAX>
        <SP>0</SP>
        <SFCF>1.4417237084008594</SFCF>
        <CFR>0.029567230291605514</CFR>
        <CWH>0.15690683313177545</CWH>
        <CFGlacier>1</CFGlacier>
        <CFSlope>1</CFSlope>
        <FC>1155.1944643289696</FC>
        <LP>0.95553694942098666</LP>
        <BETA>4.3967224137344143</BETA>
      </SubCatchmentVegetationZoneParameters>
    </SubCatchmentVegetationZone>
  </SubCatchment>
</Catchment>