<?xml version="1.0" encoding="utf-8"?>
<Catchment xmlns:xsi="http://www.w3.org/2001/XMLSchema-instance" xmlns:xsd="http://www.w3.org/2001/XMLSchema">
  <CatchmentParameters>
    <KSI>0.001</KSI>
    <KGmin>0.05</KGmin>
    <RangeKG>0.1</RangeKG>
    <AG>0.1</AG>
    <PERC>4.37792520218938</PERC>
    <Alpha>0</Alpha>
    <UZL>80.777688426393269</UZL>
    <K0>0.52435729511913387</K0>
    <K1>0.057659056057429547</K1>
    <K2>0.02441163250993765</K2>
    <MAXBAS>1</MAXBAS>
    <Cet>0</Cet>
    <PCALT>10</PCALT>
    <TCALT>0.6</TCALT>
    <Pelev>3100</Pelev>
    <Telev>3100</Telev>
    <PART>0.5</PART>
    <DELAY>1</DELAY>
  </CatchmentParameters>
  <VegetationZone>
    <VegetationZoneParameters>
      <TT>-0.29844884874639271</TT>
      <CFMAX>2.0340875326488574</CFMAX>
      <SP>0</SP>
      <SFCF>1.4042062808930913</SFCF>
      <CFR>0.083651988706700944</CFR>
      <CWH>0.17620664247267437</CWH>
      <CFGlacier>1</CFGlacier>
      <CFSlope>1</CFSlope>
      <FC>795.36557511237208</FC>
      <LP>0.97590031822583789</LP>
      <BETA>3.6381201805184964</BETA>
    </VegetationZoneParameters>
  </VegetationZone>
  <SubCatchment>
    <SubCatchmentParameters>
      <KSI>0.001</KSI>
      <KGmin>0.05</KGmin>
      <RangeKG>0.1</RangeKG>
      <AG>0.1</AG>
      <PERC>4.37792520218938</PERC>
      <Alpha>0</Alpha>
      <UZL>80.777688426393269</UZL>
      <K0>0.52435729511913387</K0>
      <K1>0.057659056057429547</K1>
      <K2>0.02441163250993765</K2>
      <MAXBAS>1</MAXBAS>
      <Cet>0</Cet>
      <PCALT>10</PCALT>
      <TCALT>0.6</TCALT>
      <Pelev>3100</Pelev>
      <Telev>3100</Telev>
      <PART>0.5</PART>
      <DELAY>1</DELAY>
    </SubCatchmentParameters>
    <SubCatchmentVegetationZone>
      <SubCatchmentVegetationZoneParameters>
        <TT>-0.29844884874639271</TT>
        <CFMAX>2.0340875326488574</CFMAX>
        <SP>0</SP>
        <SFCF>1.4042062808930913</SFCF>
        <CFR>0.083651988706700944</CFR>
        <CWH>0.17620664247267437</CWH>
        <CFGlacier>1</CFGlacier>
        <CFSlope>1</CFSlope>
        <FC>795.36557511237208</FC>
        <LP>0.97590031822583789</LP>
        <BETA>3.6381201805184964</BETA>
      </SubCatchmentVegetationZoneParameters>
    </SubCatchmentVegetationZone>
  </SubCatchment>
</Catchment>