<?xml version="1.0" encoding="utf-8"?>
<Catchment xmlns:xsi="http://www.w3.org/2001/XMLSchema-instance" xmlns:xsd="http://www.w3.org/2001/XMLSchema">
  <CatchmentParameters>
    <KSI>0.001</KSI>
    <KGmin>0.05</KGmin>
    <RangeKG>0.1</RangeKG>
    <AG>0.1</AG>
    <PERC>1.6427660271265769</PERC>
    <Alpha>0</Alpha>
    <UZL>149.95898715437383</UZL>
    <K0>0.50037543834116494</K0>
    <K1>0.0391693186654793</K1>
    <K2>0.01736751213614179</K2>
    <MAXBAS>1</MAXBAS>
    <Cet>0</Cet>
    <PCALT>10</PCALT>
    <TCALT>0.6</TCALT>
    <Pelev>3100</Pelev>
    <Telev>3100</Telev>
    <PART>0.5</PART>
    <DELAY>1</DELAY>
  </CatchmentParameters>
  <VegetationZone>
    <VegetationZoneParameters>
      <TT>0.88727694476711194</TT>
      <CFMAX>3.446139024565718</CFMAX>
      <SP>0</SP>
      <SFCF>1.240021399514357</SFCF>
      <CFR>0.038267056813986143</CFR>
      <CWH>0.1805925895215256</CWH>
      <CFGlacier>1</CFGlacier>
      <CFSlope>1</CFSlope>
      <FC>535.1855545983949</FC>
      <LP>0.85288796650230436</LP>
      <BETA>2.54306830790099</BETA>
    </VegetationZoneParameters>
  </VegetationZone>
  <SubCatchment>
    <SubCatchmentParameters>
      <KSI>0.001</KSI>
      <KGmin>0.05</KGmin>
      <RangeKG>0.1</RangeKG>
      <AG>0.1</AG>
      <PERC>1.6427660271265769</PERC>
      <Alpha>0</Alpha>
      <UZL>149.95898715437383</UZL>
      <K0>0.50037543834116494</K0>
      <K1>0.0391693186654793</K1>
      <K2>0.01736751213614179</K2>
      <MAXBAS>1</MAXBAS>
      <Cet>0</Cet>
      <PCALT>10</PCALT>
      <TCALT>0.6</TCALT>
      <Pelev>3100</Pelev>
      <Telev>3100</Telev>
      <PART>0.5</PART>
      <DELAY>1</DELAY>
    </SubCatchmentParameters>
    <SubCatchmentVegetationZone>
      <SubCatchmentVegetationZoneParameters>
        <TT>0.88727694476711194</TT>
        <CFMAX>3.446139024565718</CFMAX>
        <SP>0</SP>
        <SFCF>1.240021399514357</SFCF>
        <CFR>0.038267056813986143</CFR>
        <CWH>0.1805925895215256</CWH>
        <CFGlacier>1</CFGlacier>
        <CFSlope>1</CFSlope>
        <FC>535.1855545983949</FC>
        <LP>0.85288796650230436</LP>
        <BETA>2.54306830790099</BETA>
      </SubCatchmentVegetationZoneParameters>
    </SubCatchmentVegetationZone>
  </SubCatchment>
</Catchment>