<?xml version="1.0" encoding="utf-8"?>
<Catchment xmlns:xsi="http://www.w3.org/2001/XMLSchema-instance" xmlns:xsd="http://www.w3.org/2001/XMLSchema">
  <CatchmentParameters>
    <KSI>0.001</KSI>
    <KGmin>0.05</KGmin>
    <RangeKG>0.1</RangeKG>
    <AG>0.1</AG>
    <PERC>5.9192981569790524</PERC>
    <Alpha>0</Alpha>
    <UZL>116.29308141714073</UZL>
    <K0>0.15551250750567061</K0>
    <K1>0.11704582547409785</K1>
    <K2>0.0270695247187422</K2>
    <MAXBAS>1</MAXBAS>
    <Cet>0</Cet>
    <PCALT>10</PCALT>
    <TCALT>0.6</TCALT>
    <Pelev>3100</Pelev>
    <Telev>3100</Telev>
    <PART>0.5</PART>
    <DELAY>1</DELAY>
  </CatchmentParameters>
  <VegetationZone>
    <VegetationZoneParameters>
      <TT>0.0013179487954312007</TT>
      <CFMAX>2.0553762435052647</CFMAX>
      <SP>0</SP>
      <SFCF>1.4999165090721796</SFCF>
      <CFR>0.056081665124350956</CFR>
      <CWH>0.14274228616648998</CWH>
      <CFGlacier>1</CFGlacier>
      <CFSlope>1</CFSlope>
      <FC>827.218962918084</FC>
      <LP>0.56328301674972514</LP>
      <BETA>1.671170361334996</BETA>
    </VegetationZoneParameters>
  </VegetationZone>
  <SubCatchment>
    <SubCatchmentParameters>
      <KSI>0.001</KSI>
      <KGmin>0.05</KGmin>
      <RangeKG>0.1</RangeKG>
      <AG>0.1</AG>
      <PERC>5.9192981569790524</PERC>
      <Alpha>0</Alpha>
      <UZL>116.29308141714073</UZL>
      <K0>0.15551250750567061</K0>
      <K1>0.11704582547409785</K1>
      <K2>0.0270695247187422</K2>
      <MAXBAS>1</MAXBAS>
      <Cet>0</Cet>
      <PCALT>10</PCALT>
      <TCALT>0.6</TCALT>
      <Pelev>3100</Pelev>
      <Telev>3100</Telev>
      <PART>0.5</PART>
      <DELAY>1</DELAY>
    </SubCatchmentParameters>
    <SubCatchmentVegetationZone>
      <SubCatchmentVegetationZoneParameters>
        <TT>0.0013179487954312007</TT>
        <CFMAX>2.0553762435052647</CFMAX>
        <SP>0</SP>
        <SFCF>1.4999165090721796</SFCF>
        <CFR>0.056081665124350956</CFR>
        <CWH>0.14274228616648998</CWH>
        <CFGlacier>1</CFGlacier>
        <CFSlope>1</CFSlope>
        <FC>827.218962918084</FC>
        <LP>0.56328301674972514</LP>
        <BETA>1.671170361334996</BETA>
      </SubCatchmentVegetationZoneParameters>
    </SubCatchmentVegetationZone>
  </SubCatchment>
</Catchment>