<?xml version="1.0" encoding="utf-8"?>
<Catchment xmlns:xsi="http://www.w3.org/2001/XMLSchema-instance" xmlns:xsd="http://www.w3.org/2001/XMLSchema">
  <CatchmentParameters>
    <KSI>0.001</KSI>
    <KGmin>0.05</KGmin>
    <RangeKG>0.1</RangeKG>
    <AG>0.1</AG>
    <PERC>4.7201447645092491</PERC>
    <Alpha>0</Alpha>
    <UZL>102.95138131463659</UZL>
    <K0>0.34434716029598406</K0>
    <K1>0.065059375458301719</K1>
    <K2>0.026195429221816221</K2>
    <MAXBAS>1</MAXBAS>
    <Cet>0</Cet>
    <PCALT>10</PCALT>
    <TCALT>0.6</TCALT>
    <Pelev>3100</Pelev>
    <Telev>3100</Telev>
    <PART>0.5</PART>
    <DELAY>1</DELAY>
  </CatchmentParameters>
  <VegetationZone>
    <VegetationZoneParameters>
      <TT>1.3699921415551163E-07</TT>
      <CFMAX>2.1105071789128726</CFMAX>
      <SP>0</SP>
      <SFCF>1.3565439887137571</SFCF>
      <CFR>0.061246130540494229</CFR>
      <CWH>0.19999921683733216</CWH>
      <CFGlacier>1</CFGlacier>
      <CFSlope>1</CFSlope>
      <FC>669.21201518153123</FC>
      <LP>0.62391696816227971</LP>
      <BETA>1.6478454342075029</BETA>
    </VegetationZoneParameters>
  </VegetationZone>
  <SubCatchment>
    <SubCatchmentParameters>
      <KSI>0.001</KSI>
      <KGmin>0.05</KGmin>
      <RangeKG>0.1</RangeKG>
      <AG>0.1</AG>
      <PERC>4.7201447645092491</PERC>
      <Alpha>0</Alpha>
      <UZL>102.95138131463659</UZL>
      <K0>0.34434716029598406</K0>
      <K1>0.065059375458301719</K1>
      <K2>0.026195429221816221</K2>
      <MAXBAS>1</MAXBAS>
      <Cet>0</Cet>
      <PCALT>10</PCALT>
      <TCALT>0.6</TCALT>
      <Pelev>3100</Pelev>
      <Telev>3100</Telev>
      <PART>0.5</PART>
      <DELAY>1</DELAY>
    </SubCatchmentParameters>
    <SubCatchmentVegetationZone>
      <SubCatchmentVegetationZoneParameters>
        <TT>1.3699921415551163E-07</TT>
        <CFMAX>2.1105071789128726</CFMAX>
        <SP>0</SP>
        <SFCF>1.3565439887137571</SFCF>
        <CFR>0.061246130540494229</CFR>
        <CWH>0.19999921683733216</CWH>
        <CFGlacier>1</CFGlacier>
        <CFSlope>1</CFSlope>
        <FC>669.21201518153123</FC>
        <LP>0.62391696816227971</LP>
        <BETA>1.6478454342075029</BETA>
      </SubCatchmentVegetationZoneParameters>
    </SubCatchmentVegetationZone>
  </SubCatchment>
</Catchment>