<?xml version="1.0" encoding="utf-8"?>
<Catchment xmlns:xsi="http://www.w3.org/2001/XMLSchema-instance" xmlns:xsd="http://www.w3.org/2001/XMLSchema">
  <CatchmentParameters>
    <KSI>0.001</KSI>
    <KGmin>0.05</KGmin>
    <RangeKG>0.1</RangeKG>
    <AG>0.1</AG>
    <PERC>4.0369591268579681</PERC>
    <Alpha>0</Alpha>
    <UZL>84.639906609087561</UZL>
    <K0>0.36544258909382143</K0>
    <K1>0.062707161264711209</K1>
    <K2>0.025511648659037461</K2>
    <MAXBAS>1</MAXBAS>
    <Cet>0</Cet>
    <PCALT>10</PCALT>
    <TCALT>0.6</TCALT>
    <Pelev>3100</Pelev>
    <Telev>3100</Telev>
    <PART>0.5</PART>
    <DELAY>1</DELAY>
  </CatchmentParameters>
  <VegetationZone>
    <VegetationZoneParameters>
      <TT>-0.39916445070516582</TT>
      <CFMAX>1.8094007200914326</CFMAX>
      <SP>0</SP>
      <SFCF>1.4444105010822685</SFCF>
      <CFR>0.042460594465597704</CFR>
      <CWH>0.19999935275448194</CWH>
      <CFGlacier>1</CFGlacier>
      <CFSlope>1</CFSlope>
      <FC>733.84261777142228</FC>
      <LP>0.79742640747386784</LP>
      <BETA>2.484484440883457</BETA>
    </VegetationZoneParameters>
  </VegetationZone>
  <SubCatchment>
    <SubCatchmentParameters>
      <KSI>0.001</KSI>
      <KGmin>0.05</KGmin>
      <RangeKG>0.1</RangeKG>
      <AG>0.1</AG>
      <PERC>4.0369591268579681</PERC>
      <Alpha>0</Alpha>
      <UZL>84.639906609087561</UZL>
      <K0>0.36544258909382143</K0>
      <K1>0.062707161264711209</K1>
      <K2>0.025511648659037461</K2>
      <MAXBAS>1</MAXBAS>
      <Cet>0</Cet>
      <PCALT>10</PCALT>
      <TCALT>0.6</TCALT>
      <Pelev>3100</Pelev>
      <Telev>3100</Telev>
      <PART>0.5</PART>
      <DELAY>1</DELAY>
    </SubCatchmentParameters>
    <SubCatchmentVegetationZone>
      <SubCatchmentVegetationZoneParameters>
        <TT>-0.39916445070516582</TT>
        <CFMAX>1.8094007200914326</CFMAX>
        <SP>0</SP>
        <SFCF>1.4444105010822685</SFCF>
        <CFR>0.042460594465597704</CFR>
        <CWH>0.19999935275448194</CWH>
        <CFGlacier>1</CFGlacier>
        <CFSlope>1</CFSlope>
        <FC>733.84261777142228</FC>
        <LP>0.79742640747386784</LP>
        <BETA>2.484484440883457</BETA>
      </SubCatchmentVegetationZoneParameters>
    </SubCatchmentVegetationZone>
  </SubCatchment>
</Catchment>