<?xml version="1.0" encoding="utf-8"?>
<Catchment xmlns:xsi="http://www.w3.org/2001/XMLSchema-instance" xmlns:xsd="http://www.w3.org/2001/XMLSchema">
  <CatchmentParameters>
    <KSI>0.001</KSI>
    <KGmin>0.05</KGmin>
    <RangeKG>0.1</RangeKG>
    <AG>0.1</AG>
    <PERC>1.8527872119128919</PERC>
    <Alpha>0</Alpha>
    <UZL>183.67759909215135</UZL>
    <K0>0.46801756629981694</K0>
    <K1>0.034539095168336774</K1>
    <K2>0.021565343045764858</K2>
    <MAXBAS>1</MAXBAS>
    <Cet>0</Cet>
    <PCALT>10</PCALT>
    <TCALT>0.6</TCALT>
    <Pelev>3100</Pelev>
    <Telev>3100</Telev>
    <PART>0.5</PART>
    <DELAY>1</DELAY>
  </CatchmentParameters>
  <VegetationZone>
    <VegetationZoneParameters>
      <TT>0.65929665838572837</TT>
      <CFMAX>3.1472474675965056</CFMAX>
      <SP>0</SP>
      <SFCF>1.2831997115027134</SFCF>
      <CFR>0.043505594234570726</CFR>
      <CWH>0.14949018963393843</CWH>
      <CFGlacier>1</CFGlacier>
      <CFSlope>1</CFSlope>
      <FC>691.40802150731929</FC>
      <LP>0.92384696110293207</LP>
      <BETA>2.8536886745944</BETA>
    </VegetationZoneParameters>
  </VegetationZone>
  <SubCatchment>
    <SubCatchmentParameters>
      <KSI>0.001</KSI>
      <KGmin>0.05</KGmin>
      <RangeKG>0.1</RangeKG>
      <AG>0.1</AG>
      <PERC>1.8527872119128919</PERC>
      <Alpha>0</Alpha>
      <UZL>183.67759909215135</UZL>
      <K0>0.46801756629981694</K0>
      <K1>0.034539095168336774</K1>
      <K2>0.021565343045764858</K2>
      <MAXBAS>1</MAXBAS>
      <Cet>0</Cet>
      <PCALT>10</PCALT>
      <TCALT>0.6</TCALT>
      <Pelev>3100</Pelev>
      <Telev>3100</Telev>
      <PART>0.5</PART>
      <DELAY>1</DELAY>
    </SubCatchmentParameters>
    <SubCatchmentVegetationZone>
      <SubCatchmentVegetationZoneParameters>
        <TT>0.65929665838572837</TT>
        <CFMAX>3.1472474675965056</CFMAX>
        <SP>0</SP>
        <SFCF>1.2831997115027134</SFCF>
        <CFR>0.043505594234570726</CFR>
        <CWH>0.14949018963393843</CWH>
        <CFGlacier>1</CFGlacier>
        <CFSlope>1</CFSlope>
        <FC>691.40802150731929</FC>
        <LP>0.92384696110293207</LP>
        <BETA>2.8536886745944</BETA>
      </SubCatchmentVegetationZoneParameters>
    </SubCatchmentVegetationZone>
  </SubCatchment>
</Catchment>