<?xml version="1.0" encoding="utf-8"?>
<Catchment xmlns:xsi="http://www.w3.org/2001/XMLSchema-instance" xmlns:xsd="http://www.w3.org/2001/XMLSchema">
  <CatchmentParameters>
    <KSI>0.001</KSI>
    <KGmin>0.05</KGmin>
    <RangeKG>0.1</RangeKG>
    <AG>0.1</AG>
    <PERC>1.5015085228125193</PERC>
    <Alpha>0</Alpha>
    <UZL>167.72943628936088</UZL>
    <K0>0.57375918936636594</K0>
    <K1>0.037631857276282675</K1>
    <K2>0.018616757775694121</K2>
    <MAXBAS>1</MAXBAS>
    <Cet>0</Cet>
    <PCALT>10</PCALT>
    <TCALT>0.6</TCALT>
    <Pelev>3100</Pelev>
    <Telev>3100</Telev>
    <PART>0.5</PART>
    <DELAY>1</DELAY>
  </CatchmentParameters>
  <VegetationZone>
    <VegetationZoneParameters>
      <TT>0.60004935471981025</TT>
      <CFMAX>2.6545709444222361</CFMAX>
      <SP>0</SP>
      <SFCF>1.1929481377504767</SFCF>
      <CFR>0.038849915920205272</CFR>
      <CWH>0.12961381167094119</CWH>
      <CFGlacier>1</CFGlacier>
      <CFSlope>1</CFSlope>
      <FC>490.32987587488992</FC>
      <LP>0.67539550696867</LP>
      <BETA>1.6882656815346093</BETA>
    </VegetationZoneParameters>
  </VegetationZone>
  <SubCatchment>
    <SubCatchmentParameters>
      <KSI>0.001</KSI>
      <KGmin>0.05</KGmin>
      <RangeKG>0.1</RangeKG>
      <AG>0.1</AG>
      <PERC>1.5015085228125193</PERC>
      <Alpha>0</Alpha>
      <UZL>167.72943628936088</UZL>
      <K0>0.57375918936636594</K0>
      <K1>0.037631857276282675</K1>
      <K2>0.018616757775694121</K2>
      <MAXBAS>1</MAXBAS>
      <Cet>0</Cet>
      <PCALT>10</PCALT>
      <TCALT>0.6</TCALT>
      <Pelev>3100</Pelev>
      <Telev>3100</Telev>
      <PART>0.5</PART>
      <DELAY>1</DELAY>
    </SubCatchmentParameters>
    <SubCatchmentVegetationZone>
      <SubCatchmentVegetationZoneParameters>
        <TT>0.60004935471981025</TT>
        <CFMAX>2.6545709444222361</CFMAX>
        <SP>0</SP>
        <SFCF>1.1929481377504767</SFCF>
        <CFR>0.038849915920205272</CFR>
        <CWH>0.12961381167094119</CWH>
        <CFGlacier>1</CFGlacier>
        <CFSlope>1</CFSlope>
        <FC>490.32987587488992</FC>
        <LP>0.67539550696867</LP>
        <BETA>1.6882656815346093</BETA>
      </SubCatchmentVegetationZoneParameters>
    </SubCatchmentVegetationZone>
  </SubCatchment>
</Catchment>