<?xml version="1.0" encoding="utf-8"?>
<Catchment xmlns:xsi="http://www.w3.org/2001/XMLSchema-instance" xmlns:xsd="http://www.w3.org/2001/XMLSchema">
  <CatchmentParameters>
    <KSI>0.001</KSI>
    <KGmin>0.05</KGmin>
    <RangeKG>0.1</RangeKG>
    <AG>0.1</AG>
    <PERC>4.0815148340075185</PERC>
    <Alpha>0</Alpha>
    <UZL>81.504003458499767</UZL>
    <K0>0.37268677272670836</K0>
    <K1>0.062302762942034406</K1>
    <K2>0.021790858642485436</K2>
    <MAXBAS>1</MAXBAS>
    <Cet>0</Cet>
    <PCALT>10</PCALT>
    <TCALT>0.6</TCALT>
    <Pelev>3100</Pelev>
    <Telev>3100</Telev>
    <PART>0.5</PART>
    <DELAY>1</DELAY>
  </CatchmentParameters>
  <VegetationZone>
    <VegetationZoneParameters>
      <TT>-0.52045924662248821</TT>
      <CFMAX>1.5245847965267951</CFMAX>
      <SP>0</SP>
      <SFCF>1.2659448351385285</SFCF>
      <CFR>0.042694678298129861</CFR>
      <CWH>0.1999982317936434</CWH>
      <CFGlacier>1</CFGlacier>
      <CFSlope>1</CFSlope>
      <FC>446.4811522980981</FC>
      <LP>0.67843488090393833</LP>
      <BETA>1.8545847568635991</BETA>
    </VegetationZoneParameters>
  </VegetationZone>
  <SubCatchment>
    <SubCatchmentParameters>
      <KSI>0.001</KSI>
      <KGmin>0.05</KGmin>
      <RangeKG>0.1</RangeKG>
      <AG>0.1</AG>
      <PERC>4.0815148340075185</PERC>
      <Alpha>0</Alpha>
      <UZL>81.504003458499767</UZL>
      <K0>0.37268677272670836</K0>
      <K1>0.062302762942034406</K1>
      <K2>0.021790858642485436</K2>
      <MAXBAS>1</MAXBAS>
      <Cet>0</Cet>
      <PCALT>10</PCALT>
      <TCALT>0.6</TCALT>
      <Pelev>3100</Pelev>
      <Telev>3100</Telev>
      <PART>0.5</PART>
      <DELAY>1</DELAY>
    </SubCatchmentParameters>
    <SubCatchmentVegetationZone>
      <SubCatchmentVegetationZoneParameters>
        <TT>-0.52045924662248821</TT>
        <CFMAX>1.5245847965267951</CFMAX>
        <SP>0</SP>
        <SFCF>1.2659448351385285</SFCF>
        <CFR>0.042694678298129861</CFR>
        <CWH>0.1999982317936434</CWH>
        <CFGlacier>1</CFGlacier>
        <CFSlope>1</CFSlope>
        <FC>446.4811522980981</FC>
        <LP>0.67843488090393833</LP>
        <BETA>1.8545847568635991</BETA>
      </SubCatchmentVegetationZoneParameters>
    </SubCatchmentVegetationZone>
  </SubCatchment>
</Catchment>