<?xml version="1.0" encoding="utf-8"?>
<Catchment xmlns:xsi="http://www.w3.org/2001/XMLSchema-instance" xmlns:xsd="http://www.w3.org/2001/XMLSchema">
  <CatchmentParameters>
    <KSI>0.001</KSI>
    <KGmin>0.05</KGmin>
    <RangeKG>0.1</RangeKG>
    <AG>0.1</AG>
    <PERC>9.84737498270495</PERC>
    <Alpha>0</Alpha>
    <UZL>162.37071744994816</UZL>
    <K0>0.52351352825847652</K0>
    <K1>0.010000212760606534</K1>
    <K2>0.086598608193730248</K2>
    <MAXBAS>1.1448917436293988</MAXBAS>
    <Cet>0</Cet>
    <PCALT>10</PCALT>
    <TCALT>0.6</TCALT>
    <Pelev>3022</Pelev>
    <Telev>3058</Telev>
    <PART>0.5</PART>
    <DELAY>1</DELAY>
  </CatchmentParameters>
  <VegetationZone>
    <VegetationZoneParameters>
      <TT>2.4999980829866955</TT>
      <CFMAX>2.9926460333988305</CFMAX>
      <SP>0</SP>
      <SFCF>0.61102112794942143</SFCF>
      <CFR>0.099999577442862</CFR>
      <CWH>0.19999833161271791</CWH>
      <CFGlacier>1</CFGlacier>
      <CFSlope>1</CFSlope>
      <FC>384.88276655425864</FC>
      <LP>0.40053853450218146</LP>
      <BETA>5.9999750029928549</BETA>
    </VegetationZoneParameters>
  </VegetationZone>
  <SubCatchment>
    <SubCatchmentParameters>
      <KSI>0.001</KSI>
      <KGmin>0.05</KGmin>
      <RangeKG>0.1</RangeKG>
      <AG>0.1</AG>
      <PERC>9.84737498270495</PERC>
      <Alpha>0</Alpha>
      <UZL>162.37071744994816</UZL>
      <K0>0.52351352825847652</K0>
      <K1>0.010000212760606534</K1>
      <K2>0.086598608193730248</K2>
      <MAXBAS>1.1448917436293988</MAXBAS>
      <Cet>0</Cet>
      <PCALT>10</PCALT>
      <TCALT>0.6</TCALT>
      <Pelev>3022</Pelev>
      <Telev>3058</Telev>
      <PART>0.5</PART>
      <DELAY>1</DELAY>
    </SubCatchmentParameters>
    <SubCatchmentVegetationZone>
      <SubCatchmentVegetationZoneParameters>
        <TT>2.4999980829866955</TT>
        <CFMAX>2.9926460333988305</CFMAX>
        <SP>0</SP>
        <SFCF>0.61102112794942143</SFCF>
        <CFR>0.099999577442862</CFR>
        <CWH>0.19999833161271791</CWH>
        <CFGlacier>1</CFGlacier>
        <CFSlope>1</CFSlope>
        <FC>384.88276655425864</FC>
        <LP>0.40053853450218146</LP>
        <BETA>5.9999750029928549</BETA>
      </SubCatchmentVegetationZoneParameters>
    </SubCatchmentVegetationZone>
  </SubCatchment>
</Catchment>