<?xml version="1.0" encoding="utf-8"?>
<Catchment xmlns:xsi="http://www.w3.org/2001/XMLSchema-instance" xmlns:xsd="http://www.w3.org/2001/XMLSchema">
  <CatchmentParameters>
    <KSI>0.001</KSI>
    <KGmin>0.05</KGmin>
    <RangeKG>0.1</RangeKG>
    <AG>0.1</AG>
    <PERC>6.1923022475088123</PERC>
    <Alpha>0</Alpha>
    <UZL>81.900874151022549</UZL>
    <K0>0.18830145371547347</K0>
    <K1>0.098454580362642471</K1>
    <K2>0.10892004497132893</K2>
    <MAXBAS>1.1950567006430086</MAXBAS>
    <Cet>0</Cet>
    <PCALT>10</PCALT>
    <TCALT>0.6</TCALT>
    <Pelev>3022</Pelev>
    <Telev>3058</Telev>
    <PART>0.5</PART>
    <DELAY>1</DELAY>
  </CatchmentParameters>
  <VegetationZone>
    <VegetationZoneParameters>
      <TT>2.4046394043577735</TT>
      <CFMAX>2.5600737475120821</CFMAX>
      <SP>0</SP>
      <SFCF>0.6672573546955245</SFCF>
      <CFR>0.099999999696646691</CFR>
      <CWH>0.19999569485634258</CWH>
      <CFGlacier>1</CFGlacier>
      <CFSlope>1</CFSlope>
      <FC>561.98021441743174</FC>
      <LP>0.49735864871667285</LP>
      <BETA>4.0104073246267351</BETA>
    </VegetationZoneParameters>
  </VegetationZone>
  <SubCatchment>
    <SubCatchmentParameters>
      <KSI>0.001</KSI>
      <KGmin>0.05</KGmin>
      <RangeKG>0.1</RangeKG>
      <AG>0.1</AG>
      <PERC>6.1923022475088123</PERC>
      <Alpha>0</Alpha>
      <UZL>81.900874151022549</UZL>
      <K0>0.18830145371547347</K0>
      <K1>0.098454580362642471</K1>
      <K2>0.10892004497132893</K2>
      <MAXBAS>1.1950567006430086</MAXBAS>
      <Cet>0</Cet>
      <PCALT>10</PCALT>
      <TCALT>0.6</TCALT>
      <Pelev>3022</Pelev>
      <Telev>3058</Telev>
      <PART>0.5</PART>
      <DELAY>1</DELAY>
    </SubCatchmentParameters>
    <SubCatchmentVegetationZone>
      <SubCatchmentVegetationZoneParameters>
        <TT>2.4046394043577735</TT>
        <CFMAX>2.5600737475120821</CFMAX>
        <SP>0</SP>
        <SFCF>0.6672573546955245</SFCF>
        <CFR>0.099999999696646691</CFR>
        <CWH>0.19999569485634258</CWH>
        <CFGlacier>1</CFGlacier>
        <CFSlope>1</CFSlope>
        <FC>561.98021441743174</FC>
        <LP>0.49735864871667285</LP>
        <BETA>4.0104073246267351</BETA>
      </SubCatchmentVegetationZoneParameters>
    </SubCatchmentVegetationZone>
  </SubCatchment>
</Catchment>