<?xml version="1.0" encoding="utf-8"?>
<Catchment xmlns:xsi="http://www.w3.org/2001/XMLSchema-instance" xmlns:xsd="http://www.w3.org/2001/XMLSchema">
  <CatchmentParameters>
    <KSI>0.001</KSI>
    <KGmin>0.05</KGmin>
    <RangeKG>0.1</RangeKG>
    <AG>0.1</AG>
    <PERC>9.9999036068726035</PERC>
    <Alpha>0</Alpha>
    <UZL>100.76369059861635</UZL>
    <K0>0.40370745455581203</K0>
    <K1>0.11979323897160926</K1>
    <K2>0.10037738527265069</K2>
    <MAXBAS>1.109689179578661</MAXBAS>
    <Cet>0</Cet>
    <PCALT>10</PCALT>
    <TCALT>0.6</TCALT>
    <Pelev>3022</Pelev>
    <Telev>3058</Telev>
    <PART>0.5</PART>
    <DELAY>1</DELAY>
  </CatchmentParameters>
  <VegetationZone>
    <VegetationZoneParameters>
      <TT>1.8701183844535054</TT>
      <CFMAX>2.0925936558131792</CFMAX>
      <SP>0</SP>
      <SFCF>0.61637829291766333</SFCF>
      <CFR>0.099999913522408432</CFR>
      <CWH>0.18204675623902528</CWH>
      <CFGlacier>1</CFGlacier>
      <CFSlope>1</CFSlope>
      <FC>417.30478300622559</FC>
      <LP>0.38231830199017686</LP>
      <BETA>5.3461522398622536</BETA>
    </VegetationZoneParameters>
  </VegetationZone>
  <SubCatchment>
    <SubCatchmentParameters>
      <KSI>0.001</KSI>
      <KGmin>0.05</KGmin>
      <RangeKG>0.1</RangeKG>
      <AG>0.1</AG>
      <PERC>9.9999036068726035</PERC>
      <Alpha>0</Alpha>
      <UZL>100.76369059861635</UZL>
      <K0>0.40370745455581203</K0>
      <K1>0.11979323897160926</K1>
      <K2>0.10037738527265069</K2>
      <MAXBAS>1.109689179578661</MAXBAS>
      <Cet>0</Cet>
      <PCALT>10</PCALT>
      <TCALT>0.6</TCALT>
      <Pelev>3022</Pelev>
      <Telev>3058</Telev>
      <PART>0.5</PART>
      <DELAY>1</DELAY>
    </SubCatchmentParameters>
    <SubCatchmentVegetationZone>
      <SubCatchmentVegetationZoneParameters>
        <TT>1.8701183844535054</TT>
        <CFMAX>2.0925936558131792</CFMAX>
        <SP>0</SP>
        <SFCF>0.61637829291766333</SFCF>
        <CFR>0.099999913522408432</CFR>
        <CWH>0.18204675623902528</CWH>
        <CFGlacier>1</CFGlacier>
        <CFSlope>1</CFSlope>
        <FC>417.30478300622559</FC>
        <LP>0.38231830199017686</LP>
        <BETA>5.3461522398622536</BETA>
      </SubCatchmentVegetationZoneParameters>
    </SubCatchmentVegetationZone>
  </SubCatchment>
</Catchment>