<?xml version="1.0" encoding="utf-8"?>
<Catchment xmlns:xsi="http://www.w3.org/2001/XMLSchema-instance" xmlns:xsd="http://www.w3.org/2001/XMLSchema">
  <CatchmentParameters>
    <KSI>0.001</KSI>
    <KGmin>0.05</KGmin>
    <RangeKG>0.1</RangeKG>
    <AG>0.1</AG>
    <PERC>8.2689669096204863</PERC>
    <Alpha>0</Alpha>
    <UZL>106.63495152086658</UZL>
    <K0>0.090924204218409591</K0>
    <K1>0.25211826338890625</K1>
    <K2>0.12353069891215474</K2>
    <MAXBAS>1.4748177693060809</MAXBAS>
    <Cet>0</Cet>
    <PCALT>10</PCALT>
    <TCALT>0.6</TCALT>
    <Pelev>3022</Pelev>
    <Telev>3058</Telev>
    <PART>0.5</PART>
    <DELAY>1</DELAY>
  </CatchmentParameters>
  <VegetationZone>
    <VegetationZoneParameters>
      <TT>1.4657518402766805</TT>
      <CFMAX>1.5637692788428137</CFMAX>
      <SP>0</SP>
      <SFCF>0.577703170424786</SFCF>
      <CFR>0.051351365662097637</CFR>
      <CWH>0.19999999903001473</CWH>
      <CFGlacier>1</CFGlacier>
      <CFSlope>1</CFSlope>
      <FC>486.45675976322133</FC>
      <LP>0.557624852204153</LP>
      <BETA>5.745732185471442</BETA>
    </VegetationZoneParameters>
  </VegetationZone>
  <SubCatchment>
    <SubCatchmentParameters>
      <KSI>0.001</KSI>
      <KGmin>0.05</KGmin>
      <RangeKG>0.1</RangeKG>
      <AG>0.1</AG>
      <PERC>8.2689669096204863</PERC>
      <Alpha>0</Alpha>
      <UZL>106.63495152086658</UZL>
      <K0>0.090924204218409591</K0>
      <K1>0.25211826338890625</K1>
      <K2>0.12353069891215474</K2>
      <MAXBAS>1.4748177693060809</MAXBAS>
      <Cet>0</Cet>
      <PCALT>10</PCALT>
      <TCALT>0.6</TCALT>
      <Pelev>3022</Pelev>
      <Telev>3058</Telev>
      <PART>0.5</PART>
      <DELAY>1</DELAY>
    </SubCatchmentParameters>
    <SubCatchmentVegetationZone>
      <SubCatchmentVegetationZoneParameters>
        <TT>1.4657518402766805</TT>
        <CFMAX>1.5637692788428137</CFMAX>
        <SP>0</SP>
        <SFCF>0.577703170424786</SFCF>
        <CFR>0.051351365662097637</CFR>
        <CWH>0.19999999903001473</CWH>
        <CFGlacier>1</CFGlacier>
        <CFSlope>1</CFSlope>
        <FC>486.45675976322133</FC>
        <LP>0.557624852204153</LP>
        <BETA>5.745732185471442</BETA>
      </SubCatchmentVegetationZoneParameters>
    </SubCatchmentVegetationZone>
  </SubCatchment>
</Catchment>