<?xml version="1.0" encoding="utf-8"?>
<Catchment xmlns:xsi="http://www.w3.org/2001/XMLSchema-instance" xmlns:xsd="http://www.w3.org/2001/XMLSchema">
  <CatchmentParameters>
    <KSI>0.001</KSI>
    <KGmin>0.05</KGmin>
    <RangeKG>0.1</RangeKG>
    <AG>0.1</AG>
    <PERC>9.9408800262079016</PERC>
    <Alpha>0</Alpha>
    <UZL>84.323705431519585</UZL>
    <K0>0.24770687621210205</K0>
    <K1>0.17929554409751944</K1>
    <K2>0.11198570787891395</K2>
    <MAXBAS>1.4650051922309828</MAXBAS>
    <Cet>0</Cet>
    <PCALT>10</PCALT>
    <TCALT>0.6</TCALT>
    <Pelev>3022</Pelev>
    <Telev>3058</Telev>
    <PART>0.5</PART>
    <DELAY>1</DELAY>
  </CatchmentParameters>
  <VegetationZone>
    <VegetationZoneParameters>
      <TT>1.9059409029833434</TT>
      <CFMAX>1.8947113129493474</CFMAX>
      <SP>0</SP>
      <SFCF>0.58928413302416183</SFCF>
      <CFR>0.097512825869196629</CFR>
      <CWH>0.19999950870642472</CWH>
      <CFGlacier>1</CFGlacier>
      <CFSlope>1</CFSlope>
      <FC>484.54979792475575</FC>
      <LP>0.55667479692091859</LP>
      <BETA>5.3421472611426433</BETA>
    </VegetationZoneParameters>
  </VegetationZone>
  <SubCatchment>
    <SubCatchmentParameters>
      <KSI>0.001</KSI>
      <KGmin>0.05</KGmin>
      <RangeKG>0.1</RangeKG>
      <AG>0.1</AG>
      <PERC>9.9408800262079016</PERC>
      <Alpha>0</Alpha>
      <UZL>84.323705431519585</UZL>
      <K0>0.24770687621210205</K0>
      <K1>0.17929554409751944</K1>
      <K2>0.11198570787891395</K2>
      <MAXBAS>1.4650051922309828</MAXBAS>
      <Cet>0</Cet>
      <PCALT>10</PCALT>
      <TCALT>0.6</TCALT>
      <Pelev>3022</Pelev>
      <Telev>3058</Telev>
      <PART>0.5</PART>
      <DELAY>1</DELAY>
    </SubCatchmentParameters>
    <SubCatchmentVegetationZone>
      <SubCatchmentVegetationZoneParameters>
        <TT>1.9059409029833434</TT>
        <CFMAX>1.8947113129493474</CFMAX>
        <SP>0</SP>
        <SFCF>0.58928413302416183</SFCF>
        <CFR>0.097512825869196629</CFR>
        <CWH>0.19999950870642472</CWH>
        <CFGlacier>1</CFGlacier>
        <CFSlope>1</CFSlope>
        <FC>484.54979792475575</FC>
        <LP>0.55667479692091859</LP>
        <BETA>5.3421472611426433</BETA>
      </SubCatchmentVegetationZoneParameters>
    </SubCatchmentVegetationZone>
  </SubCatchment>
</Catchment>