<?xml version="1.0" encoding="utf-8"?>
<Catchment xmlns:xsi="http://www.w3.org/2001/XMLSchema-instance" xmlns:xsd="http://www.w3.org/2001/XMLSchema">
  <CatchmentParameters>
    <KSI>0.001</KSI>
    <KGmin>0.05</KGmin>
    <RangeKG>0.1</RangeKG>
    <AG>0.1</AG>
    <PERC>9.999997015092184</PERC>
    <Alpha>0</Alpha>
    <UZL>153.90523607856139</UZL>
    <K0>0.47491505277223323</K0>
    <K1>0.127465049143863</K1>
    <K2>0.094820100068358462</K2>
    <MAXBAS>1.2642679014294991</MAXBAS>
    <Cet>0</Cet>
    <PCALT>10</PCALT>
    <TCALT>0.6</TCALT>
    <Pelev>3022</Pelev>
    <Telev>3058</Telev>
    <PART>0.5</PART>
    <DELAY>1</DELAY>
  </CatchmentParameters>
  <VegetationZone>
    <VegetationZoneParameters>
      <TT>1.3222853101784378</TT>
      <CFMAX>1.6892448114048959</CFMAX>
      <SP>0</SP>
      <SFCF>0.58820877662137372</SFCF>
      <CFR>0.098946844900629174</CFR>
      <CWH>0.19351772232838488</CWH>
      <CFGlacier>1</CFGlacier>
      <CFSlope>1</CFSlope>
      <FC>369.13568630416887</FC>
      <LP>0.31138117441341762</LP>
      <BETA>5.9999861680251945</BETA>
    </VegetationZoneParameters>
  </VegetationZone>
  <SubCatchment>
    <SubCatchmentParameters>
      <KSI>0.001</KSI>
      <KGmin>0.05</KGmin>
      <RangeKG>0.1</RangeKG>
      <AG>0.1</AG>
      <PERC>9.999997015092184</PERC>
      <Alpha>0</Alpha>
      <UZL>153.90523607856139</UZL>
      <K0>0.47491505277223323</K0>
      <K1>0.127465049143863</K1>
      <K2>0.094820100068358462</K2>
      <MAXBAS>1.2642679014294991</MAXBAS>
      <Cet>0</Cet>
      <PCALT>10</PCALT>
      <TCALT>0.6</TCALT>
      <Pelev>3022</Pelev>
      <Telev>3058</Telev>
      <PART>0.5</PART>
      <DELAY>1</DELAY>
    </SubCatchmentParameters>
    <SubCatchmentVegetationZone>
      <SubCatchmentVegetationZoneParameters>
        <TT>1.3222853101784378</TT>
        <CFMAX>1.6892448114048959</CFMAX>
        <SP>0</SP>
        <SFCF>0.58820877662137372</SFCF>
        <CFR>0.098946844900629174</CFR>
        <CWH>0.19351772232838488</CWH>
        <CFGlacier>1</CFGlacier>
        <CFSlope>1</CFSlope>
        <FC>369.13568630416887</FC>
        <LP>0.31138117441341762</LP>
        <BETA>5.9999861680251945</BETA>
      </SubCatchmentVegetationZoneParameters>
    </SubCatchmentVegetationZone>
  </SubCatchment>
</Catchment>