<?xml version="1.0" encoding="utf-8"?>
<Catchment xmlns:xsi="http://www.w3.org/2001/XMLSchema-instance" xmlns:xsd="http://www.w3.org/2001/XMLSchema">
  <CatchmentParameters>
    <KSI>0.001</KSI>
    <KGmin>0.05</KGmin>
    <RangeKG>0.1</RangeKG>
    <AG>0.1</AG>
    <PERC>0.06020797325397198</PERC>
    <Alpha>0</Alpha>
    <UZL>81.028432608241317</UZL>
    <K0>0.59761879096666648</K0>
    <K1>0.13393047417566453</K1>
    <K2>0.010003296846137957</K2>
    <MAXBAS>1</MAXBAS>
    <Cet>0</Cet>
    <PCALT>10</PCALT>
    <TCALT>0.6</TCALT>
    <Pelev>3022</Pelev>
    <Telev>3058</Telev>
    <PART>0.5</PART>
    <DELAY>1</DELAY>
  </CatchmentParameters>
  <VegetationZone>
    <VegetationZoneParameters>
      <TT>0.14702404863974822</TT>
      <CFMAX>1.3576076771186088</CFMAX>
      <SP>0</SP>
      <SFCF>0.73147820126288376</SFCF>
      <CFR>0.02095941360852947</CFR>
      <CWH>0.10754728226105864</CWH>
      <CFGlacier>1</CFGlacier>
      <CFSlope>1</CFSlope>
      <FC>659.837656354586</FC>
      <LP>0.30210534757185653</LP>
      <BETA>5.4408070068420979</BETA>
    </VegetationZoneParameters>
  </VegetationZone>
  <SubCatchment>
    <SubCatchmentParameters>
      <KSI>0.001</KSI>
      <KGmin>0.05</KGmin>
      <RangeKG>0.1</RangeKG>
      <AG>0.1</AG>
      <PERC>0.06020797325397198</PERC>
      <Alpha>0</Alpha>
      <UZL>81.028432608241317</UZL>
      <K0>0.59761879096666648</K0>
      <K1>0.13393047417566453</K1>
      <K2>0.010003296846137957</K2>
      <MAXBAS>1</MAXBAS>
      <Cet>0</Cet>
      <PCALT>10</PCALT>
      <TCALT>0.6</TCALT>
      <Pelev>3022</Pelev>
      <Telev>3058</Telev>
      <PART>0.5</PART>
      <DELAY>1</DELAY>
    </SubCatchmentParameters>
    <SubCatchmentVegetationZone>
      <SubCatchmentVegetationZoneParameters>
        <TT>0.14702404863974822</TT>
        <CFMAX>1.3576076771186088</CFMAX>
        <SP>0</SP>
        <SFCF>0.73147820126288376</SFCF>
        <CFR>0.02095941360852947</CFR>
        <CWH>0.10754728226105864</CWH>
        <CFGlacier>1</CFGlacier>
        <CFSlope>1</CFSlope>
        <FC>659.837656354586</FC>
        <LP>0.30210534757185653</LP>
        <BETA>5.4408070068420979</BETA>
      </SubCatchmentVegetationZoneParameters>
    </SubCatchmentVegetationZone>
  </SubCatchment>
</Catchment>