<?xml version="1.0" encoding="utf-8"?>
<Catchment xmlns:xsi="http://www.w3.org/2001/XMLSchema-instance" xmlns:xsd="http://www.w3.org/2001/XMLSchema">
  <CatchmentParameters>
    <KSI>0.001</KSI>
    <KGmin>0.05</KGmin>
    <RangeKG>0.1</RangeKG>
    <AG>0.1</AG>
    <PERC>8.1543758677587235</PERC>
    <Alpha>0</Alpha>
    <UZL>156.80033729679161</UZL>
    <K0>0.14525236381132622</K0>
    <K1>0.29548024330983436</K1>
    <K2>0.13025398297578311</K2>
    <MAXBAS>1.6650936610688047</MAXBAS>
    <Cet>0</Cet>
    <PCALT>10</PCALT>
    <TCALT>0.6</TCALT>
    <Pelev>3022</Pelev>
    <Telev>3058</Telev>
    <PART>0.5</PART>
    <DELAY>1</DELAY>
  </CatchmentParameters>
  <VegetationZone>
    <VegetationZoneParameters>
      <TT>1.659966909213934</TT>
      <CFMAX>1.6857472180063837</CFMAX>
      <SP>0</SP>
      <SFCF>0.60039606703973825</SFCF>
      <CFR>0.099999741717030438</CFR>
      <CWH>0.1936862929005623</CWH>
      <CFGlacier>1</CFGlacier>
      <CFSlope>1</CFSlope>
      <FC>510.91263113473372</FC>
      <LP>0.5012821456258556</LP>
      <BETA>4.4642263034232164</BETA>
    </VegetationZoneParameters>
  </VegetationZone>
  <SubCatchment>
    <SubCatchmentParameters>
      <KSI>0.001</KSI>
      <KGmin>0.05</KGmin>
      <RangeKG>0.1</RangeKG>
      <AG>0.1</AG>
      <PERC>8.1543758677587235</PERC>
      <Alpha>0</Alpha>
      <UZL>156.80033729679161</UZL>
      <K0>0.14525236381132622</K0>
      <K1>0.29548024330983436</K1>
      <K2>0.13025398297578311</K2>
      <MAXBAS>1.6650936610688047</MAXBAS>
      <Cet>0</Cet>
      <PCALT>10</PCALT>
      <TCALT>0.6</TCALT>
      <Pelev>3022</Pelev>
      <Telev>3058</Telev>
      <PART>0.5</PART>
      <DELAY>1</DELAY>
    </SubCatchmentParameters>
    <SubCatchmentVegetationZone>
      <SubCatchmentVegetationZoneParameters>
        <TT>1.659966909213934</TT>
        <CFMAX>1.6857472180063837</CFMAX>
        <SP>0</SP>
        <SFCF>0.60039606703973825</SFCF>
        <CFR>0.099999741717030438</CFR>
        <CWH>0.1936862929005623</CWH>
        <CFGlacier>1</CFGlacier>
        <CFSlope>1</CFSlope>
        <FC>510.91263113473372</FC>
        <LP>0.5012821456258556</LP>
        <BETA>4.4642263034232164</BETA>
      </SubCatchmentVegetationZoneParameters>
    </SubCatchmentVegetationZone>
  </SubCatchment>
</Catchment>