<?xml version="1.0" encoding="utf-8"?>
<Catchment xmlns:xsi="http://www.w3.org/2001/XMLSchema-instance" xmlns:xsd="http://www.w3.org/2001/XMLSchema">
  <CatchmentParameters>
    <KSI>0.001</KSI>
    <KGmin>0.05</KGmin>
    <RangeKG>0.1</RangeKG>
    <AG>0.1</AG>
    <PERC>0.044005729223026722</PERC>
    <Alpha>0</Alpha>
    <UZL>91.741148794270046</UZL>
    <K0>0.53782261126067876</K0>
    <K1>0.11559034874930484</K1>
    <K2>0.010000032798321944</K2>
    <MAXBAS>1</MAXBAS>
    <Cet>0</Cet>
    <PCALT>10</PCALT>
    <TCALT>0.6</TCALT>
    <Pelev>3022</Pelev>
    <Telev>3058</Telev>
    <PART>0.5</PART>
    <DELAY>1</DELAY>
  </CatchmentParameters>
  <VegetationZone>
    <VegetationZoneParameters>
      <TT>1.2549240462712996</TT>
      <CFMAX>2.051908300454298</CFMAX>
      <SP>0</SP>
      <SFCF>0.71248781480493284</SFCF>
      <CFR>0.074609245811755473</CFR>
      <CWH>0.10001268162783343</CWH>
      <CFGlacier>1</CFGlacier>
      <CFSlope>1</CFSlope>
      <FC>865.58864709604075</FC>
      <LP>0.58984888671542868</LP>
      <BETA>5.9539765366787387</BETA>
    </VegetationZoneParameters>
  </VegetationZone>
  <SubCatchment>
    <SubCatchmentParameters>
      <KSI>0.001</KSI>
      <KGmin>0.05</KGmin>
      <RangeKG>0.1</RangeKG>
      <AG>0.1</AG>
      <PERC>0.044005729223026722</PERC>
      <Alpha>0</Alpha>
      <UZL>91.741148794270046</UZL>
      <K0>0.53782261126067876</K0>
      <K1>0.11559034874930484</K1>
      <K2>0.010000032798321944</K2>
      <MAXBAS>1</MAXBAS>
      <Cet>0</Cet>
      <PCALT>10</PCALT>
      <TCALT>0.6</TCALT>
      <Pelev>3022</Pelev>
      <Telev>3058</Telev>
      <PART>0.5</PART>
      <DELAY>1</DELAY>
    </SubCatchmentParameters>
    <SubCatchmentVegetationZone>
      <SubCatchmentVegetationZoneParameters>
        <TT>1.2549240462712996</TT>
        <CFMAX>2.051908300454298</CFMAX>
        <SP>0</SP>
        <SFCF>0.71248781480493284</SFCF>
        <CFR>0.074609245811755473</CFR>
        <CWH>0.10001268162783343</CWH>
        <CFGlacier>1</CFGlacier>
        <CFSlope>1</CFSlope>
        <FC>865.58864709604075</FC>
        <LP>0.58984888671542868</LP>
        <BETA>5.9539765366787387</BETA>
      </SubCatchmentVegetationZoneParameters>
    </SubCatchmentVegetationZone>
  </SubCatchment>
</Catchment>