<?xml version="1.0" encoding="utf-8"?>
<Catchment xmlns:xsi="http://www.w3.org/2001/XMLSchema-instance" xmlns:xsd="http://www.w3.org/2001/XMLSchema">
  <CatchmentParameters>
    <KSI>0.001</KSI>
    <KGmin>0.05</KGmin>
    <RangeKG>0.1</RangeKG>
    <AG>0.1</AG>
    <PERC>9.9999465117434028</PERC>
    <Alpha>0</Alpha>
    <UZL>164.22039260159471</UZL>
    <K0>0.39746102768963248</K0>
    <K1>0.17363919227504096</K1>
    <K2>0.10108382204325085</K2>
    <MAXBAS>1.4549926796654162</MAXBAS>
    <Cet>0</Cet>
    <PCALT>10</PCALT>
    <TCALT>0.6</TCALT>
    <Pelev>3022</Pelev>
    <Telev>3058</Telev>
    <PART>0.5</PART>
    <DELAY>1</DELAY>
  </CatchmentParameters>
  <VegetationZone>
    <VegetationZoneParameters>
      <TT>1.3419536361535698</TT>
      <CFMAX>1.7983159337559989</CFMAX>
      <SP>0</SP>
      <SFCF>0.63859698409733456</SFCF>
      <CFR>0.099999430260638261</CFR>
      <CWH>0.18957114413021514</CWH>
      <CFGlacier>1</CFGlacier>
      <CFSlope>1</CFSlope>
      <FC>429.13078505999312</FC>
      <LP>0.32637330722723962</LP>
      <BETA>4.7994595599832133</BETA>
    </VegetationZoneParameters>
  </VegetationZone>
  <SubCatchment>
    <SubCatchmentParameters>
      <KSI>0.001</KSI>
      <KGmin>0.05</KGmin>
      <RangeKG>0.1</RangeKG>
      <AG>0.1</AG>
      <PERC>9.9999465117434028</PERC>
      <Alpha>0</Alpha>
      <UZL>164.22039260159471</UZL>
      <K0>0.39746102768963248</K0>
      <K1>0.17363919227504096</K1>
      <K2>0.10108382204325085</K2>
      <MAXBAS>1.4549926796654162</MAXBAS>
      <Cet>0</Cet>
      <PCALT>10</PCALT>
      <TCALT>0.6</TCALT>
      <Pelev>3022</Pelev>
      <Telev>3058</Telev>
      <PART>0.5</PART>
      <DELAY>1</DELAY>
    </SubCatchmentParameters>
    <SubCatchmentVegetationZone>
      <SubCatchmentVegetationZoneParameters>
        <TT>1.3419536361535698</TT>
        <CFMAX>1.7983159337559989</CFMAX>
        <SP>0</SP>
        <SFCF>0.63859698409733456</SFCF>
        <CFR>0.099999430260638261</CFR>
        <CWH>0.18957114413021514</CWH>
        <CFGlacier>1</CFGlacier>
        <CFSlope>1</CFSlope>
        <FC>429.13078505999312</FC>
        <LP>0.32637330722723962</LP>
        <BETA>4.7994595599832133</BETA>
      </SubCatchmentVegetationZoneParameters>
    </SubCatchmentVegetationZone>
  </SubCatchment>
</Catchment>