<?xml version="1.0" encoding="utf-8"?>
<Catchment xmlns:xsi="http://www.w3.org/2001/XMLSchema-instance" xmlns:xsd="http://www.w3.org/2001/XMLSchema">
  <CatchmentParameters>
    <KSI>0.001</KSI>
    <KGmin>0.05</KGmin>
    <RangeKG>0.1</RangeKG>
    <AG>0.1</AG>
    <PERC>0.047997673865474884</PERC>
    <Alpha>0</Alpha>
    <UZL>126.40046023084653</UZL>
    <K0>0.19849652424324796</K0>
    <K1>0.11351521204146195</K1>
    <K2>0.010000002111233688</K2>
    <MAXBAS>1</MAXBAS>
    <Cet>0</Cet>
    <PCALT>10</PCALT>
    <TCALT>0.6</TCALT>
    <Pelev>3022</Pelev>
    <Telev>3058</Telev>
    <PART>0.5</PART>
    <DELAY>1</DELAY>
  </CatchmentParameters>
  <VegetationZone>
    <VegetationZoneParameters>
      <TT>0.72803318116494764</TT>
      <CFMAX>1.8188164148063128</CFMAX>
      <SP>0</SP>
      <SFCF>0.739548068794962</SFCF>
      <CFR>0.061875203146955715</CFR>
      <CWH>0.10000042945636693</CWH>
      <CFGlacier>1</CFGlacier>
      <CFSlope>1</CFSlope>
      <FC>766.1283905143564</FC>
      <LP>0.43146036155815592</LP>
      <BETA>5.605314522319901</BETA>
    </VegetationZoneParameters>
  </VegetationZone>
  <SubCatchment>
    <SubCatchmentParameters>
      <KSI>0.001</KSI>
      <KGmin>0.05</KGmin>
      <RangeKG>0.1</RangeKG>
      <AG>0.1</AG>
      <PERC>0.047997673865474884</PERC>
      <Alpha>0</Alpha>
      <UZL>126.40046023084653</UZL>
      <K0>0.19849652424324796</K0>
      <K1>0.11351521204146195</K1>
      <K2>0.010000002111233688</K2>
      <MAXBAS>1</MAXBAS>
      <Cet>0</Cet>
      <PCALT>10</PCALT>
      <TCALT>0.6</TCALT>
      <Pelev>3022</Pelev>
      <Telev>3058</Telev>
      <PART>0.5</PART>
      <DELAY>1</DELAY>
    </SubCatchmentParameters>
    <SubCatchmentVegetationZone>
      <SubCatchmentVegetationZoneParameters>
        <TT>0.72803318116494764</TT>
        <CFMAX>1.8188164148063128</CFMAX>
        <SP>0</SP>
        <SFCF>0.739548068794962</SFCF>
        <CFR>0.061875203146955715</CFR>
        <CWH>0.10000042945636693</CWH>
        <CFGlacier>1</CFGlacier>
        <CFSlope>1</CFSlope>
        <FC>766.1283905143564</FC>
        <LP>0.43146036155815592</LP>
        <BETA>5.605314522319901</BETA>
      </SubCatchmentVegetationZoneParameters>
    </SubCatchmentVegetationZone>
  </SubCatchment>
</Catchment>