<?xml version="1.0" encoding="utf-8"?>
<Catchment xmlns:xsi="http://www.w3.org/2001/XMLSchema-instance" xmlns:xsd="http://www.w3.org/2001/XMLSchema">
  <CatchmentParameters>
    <KSI>0.001</KSI>
    <KGmin>0.05</KGmin>
    <RangeKG>0.1</RangeKG>
    <AG>0.1</AG>
    <PERC>0.046176818718349374</PERC>
    <Alpha>0</Alpha>
    <UZL>106.62571053911327</UZL>
    <K0>0.0685170662246145</K0>
    <K1>0.10816785264221202</K1>
    <K2>0.010000000361828187</K2>
    <MAXBAS>1</MAXBAS>
    <Cet>0</Cet>
    <PCALT>10</PCALT>
    <TCALT>0.6</TCALT>
    <Pelev>3022</Pelev>
    <Telev>3058</Telev>
    <PART>0.5</PART>
    <DELAY>1</DELAY>
  </CatchmentParameters>
  <VegetationZone>
    <VegetationZoneParameters>
      <TT>1.2719754567560384</TT>
      <CFMAX>2.2007182190518932</CFMAX>
      <SP>0</SP>
      <SFCF>0.73143177271889259</SFCF>
      <CFR>0.099956605062897719</CFR>
      <CWH>0.10000290929968402</CWH>
      <CFGlacier>1</CFGlacier>
      <CFSlope>1</CFSlope>
      <FC>786.39923540909069</FC>
      <LP>0.49158217498930928</LP>
      <BETA>5.4345313169608058</BETA>
    </VegetationZoneParameters>
  </VegetationZone>
  <SubCatchment>
    <SubCatchmentParameters>
      <KSI>0.001</KSI>
      <KGmin>0.05</KGmin>
      <RangeKG>0.1</RangeKG>
      <AG>0.1</AG>
      <PERC>0.046176818718349374</PERC>
      <Alpha>0</Alpha>
      <UZL>106.62571053911327</UZL>
      <K0>0.0685170662246145</K0>
      <K1>0.10816785264221202</K1>
      <K2>0.010000000361828187</K2>
      <MAXBAS>1</MAXBAS>
      <Cet>0</Cet>
      <PCALT>10</PCALT>
      <TCALT>0.6</TCALT>
      <Pelev>3022</Pelev>
      <Telev>3058</Telev>
      <PART>0.5</PART>
      <DELAY>1</DELAY>
    </SubCatchmentParameters>
    <SubCatchmentVegetationZone>
      <SubCatchmentVegetationZoneParameters>
        <TT>1.2719754567560384</TT>
        <CFMAX>2.2007182190518932</CFMAX>
        <SP>0</SP>
        <SFCF>0.73143177271889259</SFCF>
        <CFR>0.099956605062897719</CFR>
        <CWH>0.10000290929968402</CWH>
        <CFGlacier>1</CFGlacier>
        <CFSlope>1</CFSlope>
        <FC>786.39923540909069</FC>
        <LP>0.49158217498930928</LP>
        <BETA>5.4345313169608058</BETA>
      </SubCatchmentVegetationZoneParameters>
    </SubCatchmentVegetationZone>
  </SubCatchment>
</Catchment>