<?xml version="1.0" encoding="utf-8"?>
<Catchment xmlns:xsi="http://www.w3.org/2001/XMLSchema-instance" xmlns:xsd="http://www.w3.org/2001/XMLSchema">
  <CatchmentParameters>
    <KSI>0.001</KSI>
    <KGmin>0.05</KGmin>
    <RangeKG>0.1</RangeKG>
    <AG>0.1</AG>
    <PERC>9.999958993072088</PERC>
    <Alpha>0</Alpha>
    <UZL>136.2744747884594</UZL>
    <K0>0.54902601115362037</K0>
    <K1>0.2163621594659112</K1>
    <K2>0.10930208089932846</K2>
    <MAXBAS>1.775031648524867</MAXBAS>
    <Cet>0</Cet>
    <PCALT>10</PCALT>
    <TCALT>0.6</TCALT>
    <Pelev>3022</Pelev>
    <Telev>3058</Telev>
    <PART>0.5</PART>
    <DELAY>1</DELAY>
  </CatchmentParameters>
  <VegetationZone>
    <VegetationZoneParameters>
      <TT>2.0872140649142006</TT>
      <CFMAX>2.3546249903671455</CFMAX>
      <SP>0</SP>
      <SFCF>0.69906437140227484</SFCF>
      <CFR>0.0967943639943086</CFR>
      <CWH>0.19999924645523004</CWH>
      <CFGlacier>1</CFGlacier>
      <CFSlope>1</CFSlope>
      <FC>591.03615947778144</FC>
      <LP>0.39336464532479826</LP>
      <BETA>3.0023509548819458</BETA>
    </VegetationZoneParameters>
  </VegetationZone>
  <SubCatchment>
    <SubCatchmentParameters>
      <KSI>0.001</KSI>
      <KGmin>0.05</KGmin>
      <RangeKG>0.1</RangeKG>
      <AG>0.1</AG>
      <PERC>9.999958993072088</PERC>
      <Alpha>0</Alpha>
      <UZL>136.2744747884594</UZL>
      <K0>0.54902601115362037</K0>
      <K1>0.2163621594659112</K1>
      <K2>0.10930208089932846</K2>
      <MAXBAS>1.775031648524867</MAXBAS>
      <Cet>0</Cet>
      <PCALT>10</PCALT>
      <TCALT>0.6</TCALT>
      <Pelev>3022</Pelev>
      <Telev>3058</Telev>
      <PART>0.5</PART>
      <DELAY>1</DELAY>
    </SubCatchmentParameters>
    <SubCatchmentVegetationZone>
      <SubCatchmentVegetationZoneParameters>
        <TT>2.0872140649142006</TT>
        <CFMAX>2.3546249903671455</CFMAX>
        <SP>0</SP>
        <SFCF>0.69906437140227484</SFCF>
        <CFR>0.0967943639943086</CFR>
        <CWH>0.19999924645523004</CWH>
        <CFGlacier>1</CFGlacier>
        <CFSlope>1</CFSlope>
        <FC>591.03615947778144</FC>
        <LP>0.39336464532479826</LP>
        <BETA>3.0023509548819458</BETA>
      </SubCatchmentVegetationZoneParameters>
    </SubCatchmentVegetationZone>
  </SubCatchment>
</Catchment>