<?xml version="1.0" encoding="utf-8"?>
<Catchment xmlns:xsi="http://www.w3.org/2001/XMLSchema-instance" xmlns:xsd="http://www.w3.org/2001/XMLSchema">
  <CatchmentParameters>
    <KSI>0.001</KSI>
    <KGmin>0.05</KGmin>
    <RangeKG>0.1</RangeKG>
    <AG>0.1</AG>
    <PERC>0.03496739945366379</PERC>
    <Alpha>0</Alpha>
    <UZL>163.2066086243932</UZL>
    <K0>0.60367432004038235</K0>
    <K1>0.15507849073325897</K1>
    <K2>0.011447592985407658</K2>
    <MAXBAS>1</MAXBAS>
    <Cet>0</Cet>
    <PCALT>10</PCALT>
    <TCALT>0.6</TCALT>
    <Pelev>3022</Pelev>
    <Telev>3058</Telev>
    <PART>0.5</PART>
    <DELAY>1</DELAY>
  </CatchmentParameters>
  <VegetationZone>
    <VegetationZoneParameters>
      <TT>0.765676693975146</TT>
      <CFMAX>1.5717210639099339</CFMAX>
      <SP>0</SP>
      <SFCF>0.76921633022425362</SFCF>
      <CFR>0.031776363191337108</CFR>
      <CWH>0.19102313590588971</CWH>
      <CFGlacier>1</CFGlacier>
      <CFSlope>1</CFSlope>
      <FC>1335.1247039380137</FC>
      <LP>0.46913920933083936</LP>
      <BETA>3.2968503810549596</BETA>
    </VegetationZoneParameters>
  </VegetationZone>
  <SubCatchment>
    <SubCatchmentParameters>
      <KSI>0.001</KSI>
      <KGmin>0.05</KGmin>
      <RangeKG>0.1</RangeKG>
      <AG>0.1</AG>
      <PERC>0.03496739945366379</PERC>
      <Alpha>0</Alpha>
      <UZL>163.2066086243932</UZL>
      <K0>0.60367432004038235</K0>
      <K1>0.15507849073325897</K1>
      <K2>0.011447592985407658</K2>
      <MAXBAS>1</MAXBAS>
      <Cet>0</Cet>
      <PCALT>10</PCALT>
      <TCALT>0.6</TCALT>
      <Pelev>3022</Pelev>
      <Telev>3058</Telev>
      <PART>0.5</PART>
      <DELAY>1</DELAY>
    </SubCatchmentParameters>
    <SubCatchmentVegetationZone>
      <SubCatchmentVegetationZoneParameters>
        <TT>0.765676693975146</TT>
        <CFMAX>1.5717210639099339</CFMAX>
        <SP>0</SP>
        <SFCF>0.76921633022425362</SFCF>
        <CFR>0.031776363191337108</CFR>
        <CWH>0.19102313590588971</CWH>
        <CFGlacier>1</CFGlacier>
        <CFSlope>1</CFSlope>
        <FC>1335.1247039380137</FC>
        <LP>0.46913920933083936</LP>
        <BETA>3.2968503810549596</BETA>
      </SubCatchmentVegetationZoneParameters>
    </SubCatchmentVegetationZone>
  </SubCatchment>
</Catchment>