<?xml version="1.0" encoding="utf-8"?>
<Catchment xmlns:xsi="http://www.w3.org/2001/XMLSchema-instance" xmlns:xsd="http://www.w3.org/2001/XMLSchema">
  <CatchmentParameters>
    <KSI>0.001</KSI>
    <KGmin>0.05</KGmin>
    <RangeKG>0.1</RangeKG>
    <AG>0.1</AG>
    <PERC>0.47339185328647959</PERC>
    <Alpha>0</Alpha>
    <UZL>74.648373332875352</UZL>
    <K0>0.718532705705349</K0>
    <K1>0.091171880235956251</K1>
    <K2>0.033661980786653251</K2>
    <MAXBAS>1.2049366612497652</MAXBAS>
    <Cet>0</Cet>
    <PCALT>10</PCALT>
    <TCALT>0.6</TCALT>
    <Pelev>3022</Pelev>
    <Telev>3058</Telev>
    <PART>0.5</PART>
    <DELAY>1</DELAY>
  </CatchmentParameters>
  <VegetationZone>
    <VegetationZoneParameters>
      <TT>1.3239984089661705</TT>
      <CFMAX>1.7854063942076137</CFMAX>
      <SP>0</SP>
      <SFCF>0.61394584859683365</SFCF>
      <CFR>0.099953091458459875</CFR>
      <CWH>0.1453371857031836</CWH>
      <CFGlacier>1</CFGlacier>
      <CFSlope>1</CFSlope>
      <FC>398.13487006991988</FC>
      <LP>0.38837676064172871</LP>
      <BETA>5.9999816440825464</BETA>
    </VegetationZoneParameters>
  </VegetationZone>
  <SubCatchment>
    <SubCatchmentParameters>
      <KSI>0.001</KSI>
      <KGmin>0.05</KGmin>
      <RangeKG>0.1</RangeKG>
      <AG>0.1</AG>
      <PERC>0.47339185328647959</PERC>
      <Alpha>0</Alpha>
      <UZL>74.648373332875352</UZL>
      <K0>0.718532705705349</K0>
      <K1>0.091171880235956251</K1>
      <K2>0.033661980786653251</K2>
      <MAXBAS>1.2049366612497652</MAXBAS>
      <Cet>0</Cet>
      <PCALT>10</PCALT>
      <TCALT>0.6</TCALT>
      <Pelev>3022</Pelev>
      <Telev>3058</Telev>
      <PART>0.5</PART>
      <DELAY>1</DELAY>
    </SubCatchmentParameters>
    <SubCatchmentVegetationZone>
      <SubCatchmentVegetationZoneParameters>
        <TT>1.3239984089661705</TT>
        <CFMAX>1.7854063942076137</CFMAX>
        <SP>0</SP>
        <SFCF>0.61394584859683365</SFCF>
        <CFR>0.099953091458459875</CFR>
        <CWH>0.1453371857031836</CWH>
        <CFGlacier>1</CFGlacier>
        <CFSlope>1</CFSlope>
        <FC>398.13487006991988</FC>
        <LP>0.38837676064172871</LP>
        <BETA>5.9999816440825464</BETA>
      </SubCatchmentVegetationZoneParameters>
    </SubCatchmentVegetationZone>
  </SubCatchment>
</Catchment>