<?xml version="1.0" encoding="utf-8"?>
<Catchment xmlns:xsi="http://www.w3.org/2001/XMLSchema-instance" xmlns:xsd="http://www.w3.org/2001/XMLSchema">
  <CatchmentParameters>
    <KSI>0.001</KSI>
    <KGmin>0.05</KGmin>
    <RangeKG>0.1</RangeKG>
    <AG>0.1</AG>
    <PERC>6.3714840673866027</PERC>
    <Alpha>0</Alpha>
    <UZL>110.82829638835653</UZL>
    <K0>0.39614949365947066</K0>
    <K1>0.068380991896707932</K1>
    <K2>0.1002085227829719</K2>
    <MAXBAS>1.0049724592519413</MAXBAS>
    <Cet>0</Cet>
    <PCALT>10</PCALT>
    <TCALT>0.6</TCALT>
    <Pelev>3022</Pelev>
    <Telev>3058</Telev>
    <PART>0.5</PART>
    <DELAY>1</DELAY>
  </CatchmentParameters>
  <VegetationZone>
    <VegetationZoneParameters>
      <TT>2.10599446275705</TT>
      <CFMAX>2.2293473542897382</CFMAX>
      <SP>0</SP>
      <SFCF>0.59070877222029328</SFCF>
      <CFR>0.086263573853045367</CFR>
      <CWH>0.19999999778815847</CWH>
      <CFGlacier>1</CFGlacier>
      <CFSlope>1</CFSlope>
      <FC>437.93519530849238</FC>
      <LP>0.54042151055801158</LP>
      <BETA>5.9999960833042518</BETA>
    </VegetationZoneParameters>
  </VegetationZone>
  <SubCatchment>
    <SubCatchmentParameters>
      <KSI>0.001</KSI>
      <KGmin>0.05</KGmin>
      <RangeKG>0.1</RangeKG>
      <AG>0.1</AG>
      <PERC>6.3714840673866027</PERC>
      <Alpha>0</Alpha>
      <UZL>110.82829638835653</UZL>
      <K0>0.39614949365947066</K0>
      <K1>0.068380991896707932</K1>
      <K2>0.1002085227829719</K2>
      <MAXBAS>1.0049724592519413</MAXBAS>
      <Cet>0</Cet>
      <PCALT>10</PCALT>
      <TCALT>0.6</TCALT>
      <Pelev>3022</Pelev>
      <Telev>3058</Telev>
      <PART>0.5</PART>
      <DELAY>1</DELAY>
    </SubCatchmentParameters>
    <SubCatchmentVegetationZone>
      <SubCatchmentVegetationZoneParameters>
        <TT>2.10599446275705</TT>
        <CFMAX>2.2293473542897382</CFMAX>
        <SP>0</SP>
        <SFCF>0.59070877222029328</SFCF>
        <CFR>0.086263573853045367</CFR>
        <CWH>0.19999999778815847</CWH>
        <CFGlacier>1</CFGlacier>
        <CFSlope>1</CFSlope>
        <FC>437.93519530849238</FC>
        <LP>0.54042151055801158</LP>
        <BETA>5.9999960833042518</BETA>
      </SubCatchmentVegetationZoneParameters>
    </SubCatchmentVegetationZone>
  </SubCatchment>
</Catchment>