<?xml version="1.0" encoding="utf-8"?>
<Catchment xmlns:xsi="http://www.w3.org/2001/XMLSchema-instance" xmlns:xsd="http://www.w3.org/2001/XMLSchema">
  <CatchmentParameters>
    <KSI>0.001</KSI>
    <KGmin>0.05</KGmin>
    <RangeKG>0.1</RangeKG>
    <AG>0.1</AG>
    <PERC>0.03695141387479061</PERC>
    <Alpha>0</Alpha>
    <UZL>46.357275198170363</UZL>
    <K0>0.47838572081238473</K0>
    <K1>0.12499855731414807</K1>
    <K2>0.010000000310495636</K2>
    <MAXBAS>1</MAXBAS>
    <Cet>0</Cet>
    <PCALT>10</PCALT>
    <TCALT>0.6</TCALT>
    <Pelev>3022</Pelev>
    <Telev>3058</Telev>
    <PART>0.5</PART>
    <DELAY>1</DELAY>
  </CatchmentParameters>
  <VegetationZone>
    <VegetationZoneParameters>
      <TT>1.3239850883483904</TT>
      <CFMAX>1.9848162870818498</CFMAX>
      <SP>0</SP>
      <SFCF>0.726695257861219</SFCF>
      <CFR>0.099998367768701774</CFR>
      <CWH>0.11382058932547882</CWH>
      <CFGlacier>1</CFGlacier>
      <CFSlope>1</CFSlope>
      <FC>827.38670192411939</FC>
      <LP>0.373766332460045</LP>
      <BETA>3.2511297506265917</BETA>
    </VegetationZoneParameters>
  </VegetationZone>
  <SubCatchment>
    <SubCatchmentParameters>
      <KSI>0.001</KSI>
      <KGmin>0.05</KGmin>
      <RangeKG>0.1</RangeKG>
      <AG>0.1</AG>
      <PERC>0.03695141387479061</PERC>
      <Alpha>0</Alpha>
      <UZL>46.357275198170363</UZL>
      <K0>0.47838572081238473</K0>
      <K1>0.12499855731414807</K1>
      <K2>0.010000000310495636</K2>
      <MAXBAS>1</MAXBAS>
      <Cet>0</Cet>
      <PCALT>10</PCALT>
      <TCALT>0.6</TCALT>
      <Pelev>3022</Pelev>
      <Telev>3058</Telev>
      <PART>0.5</PART>
      <DELAY>1</DELAY>
    </SubCatchmentParameters>
    <SubCatchmentVegetationZone>
      <SubCatchmentVegetationZoneParameters>
        <TT>1.3239850883483904</TT>
        <CFMAX>1.9848162870818498</CFMAX>
        <SP>0</SP>
        <SFCF>0.726695257861219</SFCF>
        <CFR>0.099998367768701774</CFR>
        <CWH>0.11382058932547882</CWH>
        <CFGlacier>1</CFGlacier>
        <CFSlope>1</CFSlope>
        <FC>827.38670192411939</FC>
        <LP>0.373766332460045</LP>
        <BETA>3.2511297506265917</BETA>
      </SubCatchmentVegetationZoneParameters>
    </SubCatchmentVegetationZone>
  </SubCatchment>
</Catchment>