<?xml version="1.0" encoding="utf-8"?>
<Catchment xmlns:xsi="http://www.w3.org/2001/XMLSchema-instance" xmlns:xsd="http://www.w3.org/2001/XMLSchema">
  <CatchmentParameters>
    <KSI>0.001</KSI>
    <KGmin>0.05</KGmin>
    <RangeKG>0.1</RangeKG>
    <AG>0.1</AG>
    <PERC>6.7889692354408382</PERC>
    <Alpha>0</Alpha>
    <UZL>111.5595586938199</UZL>
    <K0>0.19415819203947121</K0>
    <K1>0.074594398750983684</K1>
    <K2>0.099672047408330383</K2>
    <MAXBAS>1.0000207582865675</MAXBAS>
    <Cet>0</Cet>
    <PCALT>10</PCALT>
    <TCALT>0.6</TCALT>
    <Pelev>3022</Pelev>
    <Telev>3058</Telev>
    <PART>0.5</PART>
    <DELAY>1</DELAY>
  </CatchmentParameters>
  <VegetationZone>
    <VegetationZoneParameters>
      <TT>2.4239859834531932</TT>
      <CFMAX>2.5252528145646957</CFMAX>
      <SP>0</SP>
      <SFCF>0.61041690899616863</SFCF>
      <CFR>0.0999999172634152</CFR>
      <CWH>0.19999974986123467</CWH>
      <CFGlacier>1</CFGlacier>
      <CFSlope>1</CFSlope>
      <FC>517.1744508981277</FC>
      <LP>0.63990651247453989</LP>
      <BETA>5.9999633327782478</BETA>
    </VegetationZoneParameters>
  </VegetationZone>
  <SubCatchment>
    <SubCatchmentParameters>
      <KSI>0.001</KSI>
      <KGmin>0.05</KGmin>
      <RangeKG>0.1</RangeKG>
      <AG>0.1</AG>
      <PERC>6.7889692354408382</PERC>
      <Alpha>0</Alpha>
      <UZL>111.5595586938199</UZL>
      <K0>0.19415819203947121</K0>
      <K1>0.074594398750983684</K1>
      <K2>0.099672047408330383</K2>
      <MAXBAS>1.0000207582865675</MAXBAS>
      <Cet>0</Cet>
      <PCALT>10</PCALT>
      <TCALT>0.6</TCALT>
      <Pelev>3022</Pelev>
      <Telev>3058</Telev>
      <PART>0.5</PART>
      <DELAY>1</DELAY>
    </SubCatchmentParameters>
    <SubCatchmentVegetationZone>
      <SubCatchmentVegetationZoneParameters>
        <TT>2.4239859834531932</TT>
        <CFMAX>2.5252528145646957</CFMAX>
        <SP>0</SP>
        <SFCF>0.61041690899616863</SFCF>
        <CFR>0.0999999172634152</CFR>
        <CWH>0.19999974986123467</CWH>
        <CFGlacier>1</CFGlacier>
        <CFSlope>1</CFSlope>
        <FC>517.1744508981277</FC>
        <LP>0.63990651247453989</LP>
        <BETA>5.9999633327782478</BETA>
      </SubCatchmentVegetationZoneParameters>
    </SubCatchmentVegetationZone>
  </SubCatchment>
</Catchment>