<?xml version="1.0" encoding="utf-8"?>
<Catchment xmlns:xsi="http://www.w3.org/2001/XMLSchema-instance" xmlns:xsd="http://www.w3.org/2001/XMLSchema">
  <CatchmentParameters>
    <KSI>0.001</KSI>
    <KGmin>0.05</KGmin>
    <RangeKG>0.1</RangeKG>
    <AG>0.1</AG>
    <PERC>0.041649920597203793</PERC>
    <Alpha>0</Alpha>
    <UZL>175.05253701933344</UZL>
    <K0>0.24126283159379364</K0>
    <K1>0.13009429030530728</K1>
    <K2>0.01001043224468994</K2>
    <MAXBAS>1</MAXBAS>
    <Cet>0</Cet>
    <PCALT>10</PCALT>
    <TCALT>0.6</TCALT>
    <Pelev>3022</Pelev>
    <Telev>3058</Telev>
    <PART>0.5</PART>
    <DELAY>1</DELAY>
  </CatchmentParameters>
  <VegetationZone>
    <VegetationZoneParameters>
      <TT>0.66556853171393093</TT>
      <CFMAX>1.4620110217102729</CFMAX>
      <SP>0</SP>
      <SFCF>0.66282265251150174</SFCF>
      <CFR>0.0010608970344007196</CFR>
      <CWH>0.19999926015694558</CWH>
      <CFGlacier>1</CFGlacier>
      <CFSlope>1</CFSlope>
      <FC>677.60019726115877</FC>
      <LP>0.46440748857614861</LP>
      <BETA>4.0344160451544155</BETA>
    </VegetationZoneParameters>
  </VegetationZone>
  <SubCatchment>
    <SubCatchmentParameters>
      <KSI>0.001</KSI>
      <KGmin>0.05</KGmin>
      <RangeKG>0.1</RangeKG>
      <AG>0.1</AG>
      <PERC>0.041649920597203793</PERC>
      <Alpha>0</Alpha>
      <UZL>175.05253701933344</UZL>
      <K0>0.24126283159379364</K0>
      <K1>0.13009429030530728</K1>
      <K2>0.01001043224468994</K2>
      <MAXBAS>1</MAXBAS>
      <Cet>0</Cet>
      <PCALT>10</PCALT>
      <TCALT>0.6</TCALT>
      <Pelev>3022</Pelev>
      <Telev>3058</Telev>
      <PART>0.5</PART>
      <DELAY>1</DELAY>
    </SubCatchmentParameters>
    <SubCatchmentVegetationZone>
      <SubCatchmentVegetationZoneParameters>
        <TT>0.66556853171393093</TT>
        <CFMAX>1.4620110217102729</CFMAX>
        <SP>0</SP>
        <SFCF>0.66282265251150174</SFCF>
        <CFR>0.0010608970344007196</CFR>
        <CWH>0.19999926015694558</CWH>
        <CFGlacier>1</CFGlacier>
        <CFSlope>1</CFSlope>
        <FC>677.60019726115877</FC>
        <LP>0.46440748857614861</LP>
        <BETA>4.0344160451544155</BETA>
      </SubCatchmentVegetationZoneParameters>
    </SubCatchmentVegetationZone>
  </SubCatchment>
</Catchment>