<?xml version="1.0" encoding="utf-8"?>
<Catchment xmlns:xsi="http://www.w3.org/2001/XMLSchema-instance" xmlns:xsd="http://www.w3.org/2001/XMLSchema">
  <CatchmentParameters>
    <KSI>0.001</KSI>
    <KGmin>0.05</KGmin>
    <RangeKG>0.1</RangeKG>
    <AG>0.1</AG>
    <PERC>5.255246758848573</PERC>
    <Alpha>0</Alpha>
    <UZL>122.24328350934631</UZL>
    <K0>0.28969517020449786</K0>
    <K1>0.081716575522244567</K1>
    <K2>0.087444062315140153</K2>
    <MAXBAS>1.3249344394550571</MAXBAS>
    <Cet>0</Cet>
    <PCALT>10</PCALT>
    <TCALT>0.6</TCALT>
    <Pelev>3022</Pelev>
    <Telev>3058</Telev>
    <PART>0.5</PART>
    <DELAY>1</DELAY>
  </CatchmentParameters>
  <VegetationZone>
    <VegetationZoneParameters>
      <TT>2.1973129059361782</TT>
      <CFMAX>2.1005116756893112</CFMAX>
      <SP>0</SP>
      <SFCF>0.5377556141388844</SFCF>
      <CFR>0.098320944955608169</CFR>
      <CWH>0.19999870932209571</CWH>
      <CFGlacier>1</CFGlacier>
      <CFSlope>1</CFSlope>
      <FC>333.52844075370973</FC>
      <LP>0.41964250706507605</LP>
      <BETA>5.9999908676808476</BETA>
    </VegetationZoneParameters>
  </VegetationZone>
  <SubCatchment>
    <SubCatchmentParameters>
      <KSI>0.001</KSI>
      <KGmin>0.05</KGmin>
      <RangeKG>0.1</RangeKG>
      <AG>0.1</AG>
      <PERC>5.255246758848573</PERC>
      <Alpha>0</Alpha>
      <UZL>122.24328350934631</UZL>
      <K0>0.28969517020449786</K0>
      <K1>0.081716575522244567</K1>
      <K2>0.087444062315140153</K2>
      <MAXBAS>1.3249344394550571</MAXBAS>
      <Cet>0</Cet>
      <PCALT>10</PCALT>
      <TCALT>0.6</TCALT>
      <Pelev>3022</Pelev>
      <Telev>3058</Telev>
      <PART>0.5</PART>
      <DELAY>1</DELAY>
    </SubCatchmentParameters>
    <SubCatchmentVegetationZone>
      <SubCatchmentVegetationZoneParameters>
        <TT>2.1973129059361782</TT>
        <CFMAX>2.1005116756893112</CFMAX>
        <SP>0</SP>
        <SFCF>0.5377556141388844</SFCF>
        <CFR>0.098320944955608169</CFR>
        <CWH>0.19999870932209571</CWH>
        <CFGlacier>1</CFGlacier>
        <CFSlope>1</CFSlope>
        <FC>333.52844075370973</FC>
        <LP>0.41964250706507605</LP>
        <BETA>5.9999908676808476</BETA>
      </SubCatchmentVegetationZoneParameters>
    </SubCatchmentVegetationZone>
  </SubCatchment>
</Catchment>