<?xml version="1.0" encoding="utf-8"?>
<Catchment xmlns:xsi="http://www.w3.org/2001/XMLSchema-instance" xmlns:xsd="http://www.w3.org/2001/XMLSchema">
  <CatchmentParameters>
    <KSI>0.001</KSI>
    <KGmin>0.05</KGmin>
    <RangeKG>0.1</RangeKG>
    <AG>0.1</AG>
    <PERC>0.037936017936561414</PERC>
    <Alpha>0</Alpha>
    <UZL>75.758128412406009</UZL>
    <K0>0.49347507553745124</K0>
    <K1>0.13181550443253631</K1>
    <K2>0.010000016961996629</K2>
    <MAXBAS>1</MAXBAS>
    <Cet>0</Cet>
    <PCALT>10</PCALT>
    <TCALT>0.6</TCALT>
    <Pelev>3022</Pelev>
    <Telev>3058</Telev>
    <PART>0.5</PART>
    <DELAY>1</DELAY>
  </CatchmentParameters>
  <VegetationZone>
    <VegetationZoneParameters>
      <TT>1.9059979277997525</TT>
      <CFMAX>2.4308034346655889</CFMAX>
      <SP>0</SP>
      <SFCF>0.76940563206082346</SFCF>
      <CFR>0.0999994400300444</CFR>
      <CWH>0.19997208034993591</CWH>
      <CFGlacier>1</CFGlacier>
      <CFSlope>1</CFSlope>
      <FC>1245.4686913633382</FC>
      <LP>0.44336340319222139</LP>
      <BETA>2.8693238979768059</BETA>
    </VegetationZoneParameters>
  </VegetationZone>
  <SubCatchment>
    <SubCatchmentParameters>
      <KSI>0.001</KSI>
      <KGmin>0.05</KGmin>
      <RangeKG>0.1</RangeKG>
      <AG>0.1</AG>
      <PERC>0.037936017936561414</PERC>
      <Alpha>0</Alpha>
      <UZL>75.758128412406009</UZL>
      <K0>0.49347507553745124</K0>
      <K1>0.13181550443253631</K1>
      <K2>0.010000016961996629</K2>
      <MAXBAS>1</MAXBAS>
      <Cet>0</Cet>
      <PCALT>10</PCALT>
      <TCALT>0.6</TCALT>
      <Pelev>3022</Pelev>
      <Telev>3058</Telev>
      <PART>0.5</PART>
      <DELAY>1</DELAY>
    </SubCatchmentParameters>
    <SubCatchmentVegetationZone>
      <SubCatchmentVegetationZoneParameters>
        <TT>1.9059979277997525</TT>
        <CFMAX>2.4308034346655889</CFMAX>
        <SP>0</SP>
        <SFCF>0.76940563206082346</SFCF>
        <CFR>0.0999994400300444</CFR>
        <CWH>0.19997208034993591</CWH>
        <CFGlacier>1</CFGlacier>
        <CFSlope>1</CFSlope>
        <FC>1245.4686913633382</FC>
        <LP>0.44336340319222139</LP>
        <BETA>2.8693238979768059</BETA>
      </SubCatchmentVegetationZoneParameters>
    </SubCatchmentVegetationZone>
  </SubCatchment>
</Catchment>