<?xml version="1.0" encoding="utf-8"?>
<Catchment xmlns:xsi="http://www.w3.org/2001/XMLSchema-instance" xmlns:xsd="http://www.w3.org/2001/XMLSchema">
  <CatchmentParameters>
    <KSI>0.001</KSI>
    <KGmin>0.05</KGmin>
    <RangeKG>0.1</RangeKG>
    <AG>0.1</AG>
    <PERC>2.4543956278111865</PERC>
    <Alpha>0</Alpha>
    <UZL>48.523305333863775</UZL>
    <K0>0.4858892705925465</K0>
    <K1>0.084358444274534941</K1>
    <K2>0.14999942629921012</K2>
    <MAXBAS>1.0349841342428752</MAXBAS>
    <Cet>0</Cet>
    <PCALT>10</PCALT>
    <TCALT>0.6</TCALT>
    <Pelev>3022</Pelev>
    <Telev>3058</Telev>
    <PART>0.5</PART>
    <DELAY>1</DELAY>
  </CatchmentParameters>
  <VegetationZone>
    <VegetationZoneParameters>
      <TT>2.4120213608958281</TT>
      <CFMAX>2.565468696897089</CFMAX>
      <SP>0</SP>
      <SFCF>0.66691875016433388</SFCF>
      <CFR>0.096785623607856336</CFR>
      <CWH>0.19999942454153372</CWH>
      <CFGlacier>1</CFGlacier>
      <CFSlope>1</CFSlope>
      <FC>578.81329193444049</FC>
      <LP>0.50922120030902518</LP>
      <BETA>4.1017459881537537</BETA>
    </VegetationZoneParameters>
  </VegetationZone>
  <SubCatchment>
    <SubCatchmentParameters>
      <KSI>0.001</KSI>
      <KGmin>0.05</KGmin>
      <RangeKG>0.1</RangeKG>
      <AG>0.1</AG>
      <PERC>2.4543956278111865</PERC>
      <Alpha>0</Alpha>
      <UZL>48.523305333863775</UZL>
      <K0>0.4858892705925465</K0>
      <K1>0.084358444274534941</K1>
      <K2>0.14999942629921012</K2>
      <MAXBAS>1.0349841342428752</MAXBAS>
      <Cet>0</Cet>
      <PCALT>10</PCALT>
      <TCALT>0.6</TCALT>
      <Pelev>3022</Pelev>
      <Telev>3058</Telev>
      <PART>0.5</PART>
      <DELAY>1</DELAY>
    </SubCatchmentParameters>
    <SubCatchmentVegetationZone>
      <SubCatchmentVegetationZoneParameters>
        <TT>2.4120213608958281</TT>
        <CFMAX>2.565468696897089</CFMAX>
        <SP>0</SP>
        <SFCF>0.66691875016433388</SFCF>
        <CFR>0.096785623607856336</CFR>
        <CWH>0.19999942454153372</CWH>
        <CFGlacier>1</CFGlacier>
        <CFSlope>1</CFSlope>
        <FC>578.81329193444049</FC>
        <LP>0.50922120030902518</LP>
        <BETA>4.1017459881537537</BETA>
      </SubCatchmentVegetationZoneParameters>
    </SubCatchmentVegetationZone>
  </SubCatchment>
</Catchment>