<?xml version="1.0" encoding="utf-8"?>
<Catchment xmlns:xsi="http://www.w3.org/2001/XMLSchema-instance" xmlns:xsd="http://www.w3.org/2001/XMLSchema">
  <CatchmentParameters>
    <KSI>0.001</KSI>
    <KGmin>0.05</KGmin>
    <RangeKG>0.1</RangeKG>
    <AG>0.1</AG>
    <PERC>0.045754044219543759</PERC>
    <Alpha>0</Alpha>
    <UZL>91.004433024922008</UZL>
    <K0>0.35852112965347221</K0>
    <K1>0.13003486143803375</K1>
    <K2>0.01000000209046009</K2>
    <MAXBAS>1</MAXBAS>
    <Cet>0</Cet>
    <PCALT>10</PCALT>
    <TCALT>0.6</TCALT>
    <Pelev>3022</Pelev>
    <Telev>3058</Telev>
    <PART>0.5</PART>
    <DELAY>1</DELAY>
  </CatchmentParameters>
  <VegetationZone>
    <VegetationZoneParameters>
      <TT>0.55159469324597987</TT>
      <CFMAX>1.5358420430627195</CFMAX>
      <SP>0</SP>
      <SFCF>0.70367391870203</SFCF>
      <CFR>0.023320408976849092</CFR>
      <CWH>0.11334449021170637</CWH>
      <CFGlacier>1</CFGlacier>
      <CFSlope>1</CFSlope>
      <FC>666.32365143784671</FC>
      <LP>0.34544740251474426</LP>
      <BETA>4.2027406349883023</BETA>
    </VegetationZoneParameters>
  </VegetationZone>
  <SubCatchment>
    <SubCatchmentParameters>
      <KSI>0.001</KSI>
      <KGmin>0.05</KGmin>
      <RangeKG>0.1</RangeKG>
      <AG>0.1</AG>
      <PERC>0.045754044219543759</PERC>
      <Alpha>0</Alpha>
      <UZL>91.004433024922008</UZL>
      <K0>0.35852112965347221</K0>
      <K1>0.13003486143803375</K1>
      <K2>0.01000000209046009</K2>
      <MAXBAS>1</MAXBAS>
      <Cet>0</Cet>
      <PCALT>10</PCALT>
      <TCALT>0.6</TCALT>
      <Pelev>3022</Pelev>
      <Telev>3058</Telev>
      <PART>0.5</PART>
      <DELAY>1</DELAY>
    </SubCatchmentParameters>
    <SubCatchmentVegetationZone>
      <SubCatchmentVegetationZoneParameters>
        <TT>0.55159469324597987</TT>
        <CFMAX>1.5358420430627195</CFMAX>
        <SP>0</SP>
        <SFCF>0.70367391870203</SFCF>
        <CFR>0.023320408976849092</CFR>
        <CWH>0.11334449021170637</CWH>
        <CFGlacier>1</CFGlacier>
        <CFSlope>1</CFSlope>
        <FC>666.32365143784671</FC>
        <LP>0.34544740251474426</LP>
        <BETA>4.2027406349883023</BETA>
      </SubCatchmentVegetationZoneParameters>
    </SubCatchmentVegetationZone>
  </SubCatchment>
</Catchment>