<?xml version="1.0" encoding="utf-8"?>
<Catchment xmlns:xsi="http://www.w3.org/2001/XMLSchema-instance" xmlns:xsd="http://www.w3.org/2001/XMLSchema">
  <CatchmentParameters>
    <KSI>0.001</KSI>
    <KGmin>0.05</KGmin>
    <RangeKG>0.1</RangeKG>
    <AG>0.1</AG>
    <PERC>0.026988496122398984</PERC>
    <Alpha>0</Alpha>
    <UZL>124.39965047743755</UZL>
    <K0>0.53340227762425818</K0>
    <K1>0.15254698919811216</K1>
    <K2>0.010002959353766565</K2>
    <MAXBAS>1</MAXBAS>
    <Cet>0</Cet>
    <PCALT>10</PCALT>
    <TCALT>0.6</TCALT>
    <Pelev>3022</Pelev>
    <Telev>3058</Telev>
    <PART>0.5</PART>
    <DELAY>1</DELAY>
  </CatchmentParameters>
  <VegetationZone>
    <VegetationZoneParameters>
      <TT>0.14810451961824755</TT>
      <CFMAX>1.4774896189771327</CFMAX>
      <SP>0</SP>
      <SFCF>0.85944720355127413</SFCF>
      <CFR>0.076716098101926117</CFR>
      <CWH>0.15541098729070443</CWH>
      <CFGlacier>1</CFGlacier>
      <CFSlope>1</CFSlope>
      <FC>1811.5881354257313</FC>
      <LP>0.52525152256339236</LP>
      <BETA>4.5257008626204849</BETA>
    </VegetationZoneParameters>
  </VegetationZone>
  <SubCatchment>
    <SubCatchmentParameters>
      <KSI>0.001</KSI>
      <KGmin>0.05</KGmin>
      <RangeKG>0.1</RangeKG>
      <AG>0.1</AG>
      <PERC>0.026988496122398984</PERC>
      <Alpha>0</Alpha>
      <UZL>124.39965047743755</UZL>
      <K0>0.53340227762425818</K0>
      <K1>0.15254698919811216</K1>
      <K2>0.010002959353766565</K2>
      <MAXBAS>1</MAXBAS>
      <Cet>0</Cet>
      <PCALT>10</PCALT>
      <TCALT>0.6</TCALT>
      <Pelev>3022</Pelev>
      <Telev>3058</Telev>
      <PART>0.5</PART>
      <DELAY>1</DELAY>
    </SubCatchmentParameters>
    <SubCatchmentVegetationZone>
      <SubCatchmentVegetationZoneParameters>
        <TT>0.14810451961824755</TT>
        <CFMAX>1.4774896189771327</CFMAX>
        <SP>0</SP>
        <SFCF>0.85944720355127413</SFCF>
        <CFR>0.076716098101926117</CFR>
        <CWH>0.15541098729070443</CWH>
        <CFGlacier>1</CFGlacier>
        <CFSlope>1</CFSlope>
        <FC>1811.5881354257313</FC>
        <LP>0.52525152256339236</LP>
        <BETA>4.5257008626204849</BETA>
      </SubCatchmentVegetationZoneParameters>
    </SubCatchmentVegetationZone>
  </SubCatchment>
</Catchment>