<?xml version="1.0" encoding="utf-8"?>
<Catchment xmlns:xsi="http://www.w3.org/2001/XMLSchema-instance" xmlns:xsd="http://www.w3.org/2001/XMLSchema">
  <CatchmentParameters>
    <KSI>0.001</KSI>
    <KGmin>0.05</KGmin>
    <RangeKG>0.1</RangeKG>
    <AG>0.1</AG>
    <PERC>6.6649197388169128</PERC>
    <Alpha>0</Alpha>
    <UZL>146.12204199002508</UZL>
    <K0>0.1351527937904051</K0>
    <K1>0.067673220734165471</K1>
    <K2>0.097567610901894614</K2>
    <MAXBAS>1.0049951020072578</MAXBAS>
    <Cet>0</Cet>
    <PCALT>10</PCALT>
    <TCALT>0.6</TCALT>
    <Pelev>3022</Pelev>
    <Telev>3058</Telev>
    <PART>0.5</PART>
    <DELAY>1</DELAY>
  </CatchmentParameters>
  <VegetationZone>
    <VegetationZoneParameters>
      <TT>2.4154267661357212</TT>
      <CFMAX>2.7257107589801404</CFMAX>
      <SP>0</SP>
      <SFCF>0.65134063154980593</SFCF>
      <CFR>0.099121942080325515</CFR>
      <CWH>0.12570463703252818</CWH>
      <CFGlacier>1</CFGlacier>
      <CFSlope>1</CFSlope>
      <FC>555.77836801167962</FC>
      <LP>0.60696071837954957</LP>
      <BETA>5.9999841234032729</BETA>
    </VegetationZoneParameters>
  </VegetationZone>
  <SubCatchment>
    <SubCatchmentParameters>
      <KSI>0.001</KSI>
      <KGmin>0.05</KGmin>
      <RangeKG>0.1</RangeKG>
      <AG>0.1</AG>
      <PERC>6.6649197388169128</PERC>
      <Alpha>0</Alpha>
      <UZL>146.12204199002508</UZL>
      <K0>0.1351527937904051</K0>
      <K1>0.067673220734165471</K1>
      <K2>0.097567610901894614</K2>
      <MAXBAS>1.0049951020072578</MAXBAS>
      <Cet>0</Cet>
      <PCALT>10</PCALT>
      <TCALT>0.6</TCALT>
      <Pelev>3022</Pelev>
      <Telev>3058</Telev>
      <PART>0.5</PART>
      <DELAY>1</DELAY>
    </SubCatchmentParameters>
    <SubCatchmentVegetationZone>
      <SubCatchmentVegetationZoneParameters>
        <TT>2.4154267661357212</TT>
        <CFMAX>2.7257107589801404</CFMAX>
        <SP>0</SP>
        <SFCF>0.65134063154980593</SFCF>
        <CFR>0.099121942080325515</CFR>
        <CWH>0.12570463703252818</CWH>
        <CFGlacier>1</CFGlacier>
        <CFSlope>1</CFSlope>
        <FC>555.77836801167962</FC>
        <LP>0.60696071837954957</LP>
        <BETA>5.9999841234032729</BETA>
      </SubCatchmentVegetationZoneParameters>
    </SubCatchmentVegetationZone>
  </SubCatchment>
</Catchment>