<?xml version="1.0" encoding="utf-8"?>
<Catchment xmlns:xsi="http://www.w3.org/2001/XMLSchema-instance" xmlns:xsd="http://www.w3.org/2001/XMLSchema">
  <CatchmentParameters>
    <KSI>0.001</KSI>
    <KGmin>0.05</KGmin>
    <RangeKG>0.1</RangeKG>
    <AG>0.1</AG>
    <PERC>9.99972032063313</PERC>
    <Alpha>0</Alpha>
    <UZL>75.831409512461022</UZL>
    <K0>0.10835530249522177</K0>
    <K1>0.101103921960426</K1>
    <K2>0.095040012154088457</K2>
    <MAXBAS>1.2648590758467804</MAXBAS>
    <Cet>0</Cet>
    <PCALT>10</PCALT>
    <TCALT>0.6</TCALT>
    <Pelev>3022</Pelev>
    <Telev>3058</Telev>
    <PART>0.5</PART>
    <DELAY>1</DELAY>
  </CatchmentParameters>
  <VegetationZone>
    <VegetationZoneParameters>
      <TT>2.386956077974038</TT>
      <CFMAX>2.7315231753988116</CFMAX>
      <SP>0</SP>
      <SFCF>0.66845557065018879</SFCF>
      <CFR>0.09999981644266559</CFR>
      <CWH>0.18631384223516925</CWH>
      <CFGlacier>1</CFGlacier>
      <CFSlope>1</CFSlope>
      <FC>461.03546263803469</FC>
      <LP>0.36424409811415348</LP>
      <BETA>4.2460675035759428</BETA>
    </VegetationZoneParameters>
  </VegetationZone>
  <SubCatchment>
    <SubCatchmentParameters>
      <KSI>0.001</KSI>
      <KGmin>0.05</KGmin>
      <RangeKG>0.1</RangeKG>
      <AG>0.1</AG>
      <PERC>9.99972032063313</PERC>
      <Alpha>0</Alpha>
      <UZL>75.831409512461022</UZL>
      <K0>0.10835530249522177</K0>
      <K1>0.101103921960426</K1>
      <K2>0.095040012154088457</K2>
      <MAXBAS>1.2648590758467804</MAXBAS>
      <Cet>0</Cet>
      <PCALT>10</PCALT>
      <TCALT>0.6</TCALT>
      <Pelev>3022</Pelev>
      <Telev>3058</Telev>
      <PART>0.5</PART>
      <DELAY>1</DELAY>
    </SubCatchmentParameters>
    <SubCatchmentVegetationZone>
      <SubCatchmentVegetationZoneParameters>
        <TT>2.386956077974038</TT>
        <CFMAX>2.7315231753988116</CFMAX>
        <SP>0</SP>
        <SFCF>0.66845557065018879</SFCF>
        <CFR>0.09999981644266559</CFR>
        <CWH>0.18631384223516925</CWH>
        <CFGlacier>1</CFGlacier>
        <CFSlope>1</CFSlope>
        <FC>461.03546263803469</FC>
        <LP>0.36424409811415348</LP>
        <BETA>4.2460675035759428</BETA>
      </SubCatchmentVegetationZoneParameters>
    </SubCatchmentVegetationZone>
  </SubCatchment>
</Catchment>