<?xml version="1.0" encoding="utf-8"?>
<Catchment xmlns:xsi="http://www.w3.org/2001/XMLSchema-instance" xmlns:xsd="http://www.w3.org/2001/XMLSchema">
  <CatchmentParameters>
    <KSI>0.001</KSI>
    <KGmin>0.05</KGmin>
    <RangeKG>0.1</RangeKG>
    <AG>0.1</AG>
    <PERC>9.99999438006984</PERC>
    <Alpha>0</Alpha>
    <UZL>103.6534870827094</UZL>
    <K0>0.45138318311887393</K0>
    <K1>0.11483179361802773</K1>
    <K2>0.096225116663319787</K2>
    <MAXBAS>1.3749968730671116</MAXBAS>
    <Cet>0</Cet>
    <PCALT>10</PCALT>
    <TCALT>0.6</TCALT>
    <Pelev>3022</Pelev>
    <Telev>3058</Telev>
    <PART>0.5</PART>
    <DELAY>1</DELAY>
  </CatchmentParameters>
  <VegetationZone>
    <VegetationZoneParameters>
      <TT>1.4475191854901566</TT>
      <CFMAX>1.5477939317690592</CFMAX>
      <SP>0</SP>
      <SFCF>0.5202220468212142</SFCF>
      <CFR>0.099999563182206416</CFR>
      <CWH>0.19999815120008782</CWH>
      <CFGlacier>1</CFGlacier>
      <CFSlope>1</CFSlope>
      <FC>377.49704928548726</FC>
      <LP>0.56513446699824366</LP>
      <BETA>5.9999871460593</BETA>
    </VegetationZoneParameters>
  </VegetationZone>
  <SubCatchment>
    <SubCatchmentParameters>
      <KSI>0.001</KSI>
      <KGmin>0.05</KGmin>
      <RangeKG>0.1</RangeKG>
      <AG>0.1</AG>
      <PERC>9.99999438006984</PERC>
      <Alpha>0</Alpha>
      <UZL>103.6534870827094</UZL>
      <K0>0.45138318311887393</K0>
      <K1>0.11483179361802773</K1>
      <K2>0.096225116663319787</K2>
      <MAXBAS>1.3749968730671116</MAXBAS>
      <Cet>0</Cet>
      <PCALT>10</PCALT>
      <TCALT>0.6</TCALT>
      <Pelev>3022</Pelev>
      <Telev>3058</Telev>
      <PART>0.5</PART>
      <DELAY>1</DELAY>
    </SubCatchmentParameters>
    <SubCatchmentVegetationZone>
      <SubCatchmentVegetationZoneParameters>
        <TT>1.4475191854901566</TT>
        <CFMAX>1.5477939317690592</CFMAX>
        <SP>0</SP>
        <SFCF>0.5202220468212142</SFCF>
        <CFR>0.099999563182206416</CFR>
        <CWH>0.19999815120008782</CWH>
        <CFGlacier>1</CFGlacier>
        <CFSlope>1</CFSlope>
        <FC>377.49704928548726</FC>
        <LP>0.56513446699824366</LP>
        <BETA>5.9999871460593</BETA>
      </SubCatchmentVegetationZoneParameters>
    </SubCatchmentVegetationZone>
  </SubCatchment>
</Catchment>