<?xml version="1.0" encoding="utf-8"?>
<Catchment xmlns:xsi="http://www.w3.org/2001/XMLSchema-instance" xmlns:xsd="http://www.w3.org/2001/XMLSchema">
  <CatchmentParameters>
    <KSI>0.001</KSI>
    <KGmin>0.05</KGmin>
    <RangeKG>0.1</RangeKG>
    <AG>0.1</AG>
    <PERC>0.42983033251598346</PERC>
    <Alpha>0</Alpha>
    <UZL>179.13332421817657</UZL>
    <K0>0.32105102777354272</K0>
    <K1>0.11070163983835198</K1>
    <K2>0.041790103681221047</K2>
    <MAXBAS>1.1349754285093183</MAXBAS>
    <Cet>0</Cet>
    <PCALT>10</PCALT>
    <TCALT>0.6</TCALT>
    <Pelev>3022</Pelev>
    <Telev>3058</Telev>
    <PART>0.5</PART>
    <DELAY>1</DELAY>
  </CatchmentParameters>
  <VegetationZone>
    <VegetationZoneParameters>
      <TT>0.67876101076244821</TT>
      <CFMAX>1.3008020771227216</CFMAX>
      <SP>0</SP>
      <SFCF>0.5867489026227859</SFCF>
      <CFR>0.081131412053119786</CFR>
      <CWH>0.12782611113857126</CWH>
      <CFGlacier>1</CFGlacier>
      <CFSlope>1</CFSlope>
      <FC>402.83941897463154</FC>
      <LP>0.37435120913286257</LP>
      <BETA>5.9999999932904542</BETA>
    </VegetationZoneParameters>
  </VegetationZone>
  <SubCatchment>
    <SubCatchmentParameters>
      <KSI>0.001</KSI>
      <KGmin>0.05</KGmin>
      <RangeKG>0.1</RangeKG>
      <AG>0.1</AG>
      <PERC>0.42983033251598346</PERC>
      <Alpha>0</Alpha>
      <UZL>179.13332421817657</UZL>
      <K0>0.32105102777354272</K0>
      <K1>0.11070163983835198</K1>
      <K2>0.041790103681221047</K2>
      <MAXBAS>1.1349754285093183</MAXBAS>
      <Cet>0</Cet>
      <PCALT>10</PCALT>
      <TCALT>0.6</TCALT>
      <Pelev>3022</Pelev>
      <Telev>3058</Telev>
      <PART>0.5</PART>
      <DELAY>1</DELAY>
    </SubCatchmentParameters>
    <SubCatchmentVegetationZone>
      <SubCatchmentVegetationZoneParameters>
        <TT>0.67876101076244821</TT>
        <CFMAX>1.3008020771227216</CFMAX>
        <SP>0</SP>
        <SFCF>0.5867489026227859</SFCF>
        <CFR>0.081131412053119786</CFR>
        <CWH>0.12782611113857126</CWH>
        <CFGlacier>1</CFGlacier>
        <CFSlope>1</CFSlope>
        <FC>402.83941897463154</FC>
        <LP>0.37435120913286257</LP>
        <BETA>5.9999999932904542</BETA>
      </SubCatchmentVegetationZoneParameters>
    </SubCatchmentVegetationZone>
  </SubCatchment>
</Catchment>