<?xml version="1.0" encoding="utf-8"?>
<Catchment xmlns:xsi="http://www.w3.org/2001/XMLSchema-instance" xmlns:xsd="http://www.w3.org/2001/XMLSchema">
  <CatchmentParameters>
    <KSI>0.001</KSI>
    <KGmin>0.05</KGmin>
    <RangeKG>0.1</RangeKG>
    <AG>0.1</AG>
    <PERC>0.043330188616043923</PERC>
    <Alpha>0</Alpha>
    <UZL>108.91560324912183</UZL>
    <K0>0.50025901738140022</K0>
    <K1>0.12584852504363045</K1>
    <K2>0.010000007139202778</K2>
    <MAXBAS>1</MAXBAS>
    <Cet>0</Cet>
    <PCALT>10</PCALT>
    <TCALT>0.6</TCALT>
    <Pelev>3022</Pelev>
    <Telev>3058</Telev>
    <PART>0.5</PART>
    <DELAY>1</DELAY>
  </CatchmentParameters>
  <VegetationZone>
    <VegetationZoneParameters>
      <TT>0.87974952201088308</TT>
      <CFMAX>1.5339930210119579</CFMAX>
      <SP>0</SP>
      <SFCF>0.65824311642679656</SFCF>
      <CFR>3.8149161552924592E-07</CFR>
      <CWH>0.1000011464699357</CWH>
      <CFGlacier>1</CFGlacier>
      <CFSlope>1</CFSlope>
      <FC>627.02236054873219</FC>
      <LP>0.46784778615535583</LP>
      <BETA>4.4479536881301129</BETA>
    </VegetationZoneParameters>
  </VegetationZone>
  <SubCatchment>
    <SubCatchmentParameters>
      <KSI>0.001</KSI>
      <KGmin>0.05</KGmin>
      <RangeKG>0.1</RangeKG>
      <AG>0.1</AG>
      <PERC>0.043330188616043923</PERC>
      <Alpha>0</Alpha>
      <UZL>108.91560324912183</UZL>
      <K0>0.50025901738140022</K0>
      <K1>0.12584852504363045</K1>
      <K2>0.010000007139202778</K2>
      <MAXBAS>1</MAXBAS>
      <Cet>0</Cet>
      <PCALT>10</PCALT>
      <TCALT>0.6</TCALT>
      <Pelev>3022</Pelev>
      <Telev>3058</Telev>
      <PART>0.5</PART>
      <DELAY>1</DELAY>
    </SubCatchmentParameters>
    <SubCatchmentVegetationZone>
      <SubCatchmentVegetationZoneParameters>
        <TT>0.87974952201088308</TT>
        <CFMAX>1.5339930210119579</CFMAX>
        <SP>0</SP>
        <SFCF>0.65824311642679656</SFCF>
        <CFR>3.8149161552924592E-07</CFR>
        <CWH>0.1000011464699357</CWH>
        <CFGlacier>1</CFGlacier>
        <CFSlope>1</CFSlope>
        <FC>627.02236054873219</FC>
        <LP>0.46784778615535583</LP>
        <BETA>4.4479536881301129</BETA>
      </SubCatchmentVegetationZoneParameters>
    </SubCatchmentVegetationZone>
  </SubCatchment>
</Catchment>