<?xml version="1.0" encoding="utf-8"?>
<Catchment xmlns:xsi="http://www.w3.org/2001/XMLSchema-instance" xmlns:xsd="http://www.w3.org/2001/XMLSchema">
  <CatchmentParameters>
    <KSI>0.001</KSI>
    <KGmin>0.05</KGmin>
    <RangeKG>0.1</RangeKG>
    <AG>0.1</AG>
    <PERC>9.9999731493918773</PERC>
    <Alpha>0</Alpha>
    <UZL>194.5125685939841</UZL>
    <K0>0.54226899122843708</K0>
    <K1>0.1648072440280049</K1>
    <K2>0.10494834308402336</K2>
    <MAXBAS>1.3548191305995929</MAXBAS>
    <Cet>0</Cet>
    <PCALT>10</PCALT>
    <TCALT>0.6</TCALT>
    <Pelev>3022</Pelev>
    <Telev>3058</Telev>
    <PART>0.5</PART>
    <DELAY>1</DELAY>
  </CatchmentParameters>
  <VegetationZone>
    <VegetationZoneParameters>
      <TT>2.2284534354963945</TT>
      <CFMAX>2.3041031086524306</CFMAX>
      <SP>0</SP>
      <SFCF>0.62984042474752111</SFCF>
      <CFR>0.099999490922131215</CFR>
      <CWH>0.17802042627360251</CWH>
      <CFGlacier>1</CFGlacier>
      <CFSlope>1</CFSlope>
      <FC>592.657840553057</FC>
      <LP>0.64943356000657748</LP>
      <BETA>5.9054971354495525</BETA>
    </VegetationZoneParameters>
  </VegetationZone>
  <SubCatchment>
    <SubCatchmentParameters>
      <KSI>0.001</KSI>
      <KGmin>0.05</KGmin>
      <RangeKG>0.1</RangeKG>
      <AG>0.1</AG>
      <PERC>9.9999731493918773</PERC>
      <Alpha>0</Alpha>
      <UZL>194.5125685939841</UZL>
      <K0>0.54226899122843708</K0>
      <K1>0.1648072440280049</K1>
      <K2>0.10494834308402336</K2>
      <MAXBAS>1.3548191305995929</MAXBAS>
      <Cet>0</Cet>
      <PCALT>10</PCALT>
      <TCALT>0.6</TCALT>
      <Pelev>3022</Pelev>
      <Telev>3058</Telev>
      <PART>0.5</PART>
      <DELAY>1</DELAY>
    </SubCatchmentParameters>
    <SubCatchmentVegetationZone>
      <SubCatchmentVegetationZoneParameters>
        <TT>2.2284534354963945</TT>
        <CFMAX>2.3041031086524306</CFMAX>
        <SP>0</SP>
        <SFCF>0.62984042474752111</SFCF>
        <CFR>0.099999490922131215</CFR>
        <CWH>0.17802042627360251</CWH>
        <CFGlacier>1</CFGlacier>
        <CFSlope>1</CFSlope>
        <FC>592.657840553057</FC>
        <LP>0.64943356000657748</LP>
        <BETA>5.9054971354495525</BETA>
      </SubCatchmentVegetationZoneParameters>
    </SubCatchmentVegetationZone>
  </SubCatchment>
</Catchment>