<?xml version="1.0" encoding="utf-8"?>
<Catchment xmlns:xsi="http://www.w3.org/2001/XMLSchema-instance" xmlns:xsd="http://www.w3.org/2001/XMLSchema">
  <CatchmentParameters>
    <KSI>0.001</KSI>
    <KGmin>0.05</KGmin>
    <RangeKG>0.1</RangeKG>
    <AG>0.1</AG>
    <PERC>0.043623088013434737</PERC>
    <Alpha>0</Alpha>
    <UZL>176.73331585584356</UZL>
    <K0>0.35467441356706386</K0>
    <K1>0.13612870905533117</K1>
    <K2>0.01547598983223508</K2>
    <MAXBAS>1</MAXBAS>
    <Cet>0</Cet>
    <PCALT>10</PCALT>
    <TCALT>0.6</TCALT>
    <Pelev>3022</Pelev>
    <Telev>3058</Telev>
    <PART>0.5</PART>
    <DELAY>1</DELAY>
  </CatchmentParameters>
  <VegetationZone>
    <VegetationZoneParameters>
      <TT>-0.044004191725650559</TT>
      <CFMAX>1.1181391705768931</CFMAX>
      <SP>0</SP>
      <SFCF>0.65712504660138371</SFCF>
      <CFR>0.028937884694536838</CFR>
      <CWH>0.16781198150421556</CWH>
      <CFGlacier>1</CFGlacier>
      <CFSlope>1</CFSlope>
      <FC>639.04943365524912</FC>
      <LP>0.30000045121737651</LP>
      <BETA>3.1735075317559014</BETA>
    </VegetationZoneParameters>
  </VegetationZone>
  <SubCatchment>
    <SubCatchmentParameters>
      <KSI>0.001</KSI>
      <KGmin>0.05</KGmin>
      <RangeKG>0.1</RangeKG>
      <AG>0.1</AG>
      <PERC>0.043623088013434737</PERC>
      <Alpha>0</Alpha>
      <UZL>176.73331585584356</UZL>
      <K0>0.35467441356706386</K0>
      <K1>0.13612870905533117</K1>
      <K2>0.01547598983223508</K2>
      <MAXBAS>1</MAXBAS>
      <Cet>0</Cet>
      <PCALT>10</PCALT>
      <TCALT>0.6</TCALT>
      <Pelev>3022</Pelev>
      <Telev>3058</Telev>
      <PART>0.5</PART>
      <DELAY>1</DELAY>
    </SubCatchmentParameters>
    <SubCatchmentVegetationZone>
      <SubCatchmentVegetationZoneParameters>
        <TT>-0.044004191725650559</TT>
        <CFMAX>1.1181391705768931</CFMAX>
        <SP>0</SP>
        <SFCF>0.65712504660138371</SFCF>
        <CFR>0.028937884694536838</CFR>
        <CWH>0.16781198150421556</CWH>
        <CFGlacier>1</CFGlacier>
        <CFSlope>1</CFSlope>
        <FC>639.04943365524912</FC>
        <LP>0.30000045121737651</LP>
        <BETA>3.1735075317559014</BETA>
      </SubCatchmentVegetationZoneParameters>
    </SubCatchmentVegetationZone>
  </SubCatchment>
</Catchment>