<?xml version="1.0" encoding="utf-8"?>
<Catchment xmlns:xsi="http://www.w3.org/2001/XMLSchema-instance" xmlns:xsd="http://www.w3.org/2001/XMLSchema">
  <CatchmentParameters>
    <KSI>0.001</KSI>
    <KGmin>0.05</KGmin>
    <RangeKG>0.1</RangeKG>
    <AG>0.1</AG>
    <PERC>9.9999486039387158</PERC>
    <Alpha>0</Alpha>
    <UZL>177.63003272104834</UZL>
    <K0>0.48386839313713931</K0>
    <K1>0.15708762723885356</K1>
    <K2>0.092430511105079216</K2>
    <MAXBAS>1.6048649197215368</MAXBAS>
    <Cet>0</Cet>
    <PCALT>10</PCALT>
    <TCALT>0.6</TCALT>
    <Pelev>3022</Pelev>
    <Telev>3058</Telev>
    <PART>0.5</PART>
    <DELAY>1</DELAY>
  </CatchmentParameters>
  <VegetationZone>
    <VegetationZoneParameters>
      <TT>1.2418828790778604</TT>
      <CFMAX>1.7582781534082101</CFMAX>
      <SP>0</SP>
      <SFCF>0.64188152884859162</SFCF>
      <CFR>0.017222794539019</CFR>
      <CWH>0.11745933717287058</CWH>
      <CFGlacier>1</CFGlacier>
      <CFSlope>1</CFSlope>
      <FC>428.43477256222417</FC>
      <LP>0.36480437877100491</LP>
      <BETA>5.9999999993088329</BETA>
    </VegetationZoneParameters>
  </VegetationZone>
  <SubCatchment>
    <SubCatchmentParameters>
      <KSI>0.001</KSI>
      <KGmin>0.05</KGmin>
      <RangeKG>0.1</RangeKG>
      <AG>0.1</AG>
      <PERC>9.9999486039387158</PERC>
      <Alpha>0</Alpha>
      <UZL>177.63003272104834</UZL>
      <K0>0.48386839313713931</K0>
      <K1>0.15708762723885356</K1>
      <K2>0.092430511105079216</K2>
      <MAXBAS>1.6048649197215368</MAXBAS>
      <Cet>0</Cet>
      <PCALT>10</PCALT>
      <TCALT>0.6</TCALT>
      <Pelev>3022</Pelev>
      <Telev>3058</Telev>
      <PART>0.5</PART>
      <DELAY>1</DELAY>
    </SubCatchmentParameters>
    <SubCatchmentVegetationZone>
      <SubCatchmentVegetationZoneParameters>
        <TT>1.2418828790778604</TT>
        <CFMAX>1.7582781534082101</CFMAX>
        <SP>0</SP>
        <SFCF>0.64188152884859162</SFCF>
        <CFR>0.017222794539019</CFR>
        <CWH>0.11745933717287058</CWH>
        <CFGlacier>1</CFGlacier>
        <CFSlope>1</CFSlope>
        <FC>428.43477256222417</FC>
        <LP>0.36480437877100491</LP>
        <BETA>5.9999999993088329</BETA>
      </SubCatchmentVegetationZoneParameters>
    </SubCatchmentVegetationZone>
  </SubCatchment>
</Catchment>