<?xml version="1.0" encoding="utf-8"?>
<Catchment xmlns:xsi="http://www.w3.org/2001/XMLSchema-instance" xmlns:xsd="http://www.w3.org/2001/XMLSchema">
  <CatchmentParameters>
    <KSI>0.001</KSI>
    <KGmin>0.05</KGmin>
    <RangeKG>0.1</RangeKG>
    <AG>0.1</AG>
    <PERC>9.9997105426223243</PERC>
    <Alpha>0</Alpha>
    <UZL>42.6968983297601</UZL>
    <K0>0.42256697939644827</K0>
    <K1>0.11169285507695397</K1>
    <K2>0.099776943823889311</K2>
    <MAXBAS>1.1649525075249025</MAXBAS>
    <Cet>0</Cet>
    <PCALT>10</PCALT>
    <TCALT>0.6</TCALT>
    <Pelev>3022</Pelev>
    <Telev>3058</Telev>
    <PART>0.5</PART>
    <DELAY>1</DELAY>
  </CatchmentParameters>
  <VegetationZone>
    <VegetationZoneParameters>
      <TT>2.4552941791375589</TT>
      <CFMAX>2.6000565891648852</CFMAX>
      <SP>0</SP>
      <SFCF>0.62480396415753647</SFCF>
      <CFR>0.094342280959716737</CFR>
      <CWH>0.19999900609954177</CWH>
      <CFGlacier>1</CFGlacier>
      <CFSlope>1</CFSlope>
      <FC>658.38578257507936</FC>
      <LP>0.74119952133844835</LP>
      <BETA>5.9999904800211175</BETA>
    </VegetationZoneParameters>
  </VegetationZone>
  <SubCatchment>
    <SubCatchmentParameters>
      <KSI>0.001</KSI>
      <KGmin>0.05</KGmin>
      <RangeKG>0.1</RangeKG>
      <AG>0.1</AG>
      <PERC>9.9997105426223243</PERC>
      <Alpha>0</Alpha>
      <UZL>42.6968983297601</UZL>
      <K0>0.42256697939644827</K0>
      <K1>0.11169285507695397</K1>
      <K2>0.099776943823889311</K2>
      <MAXBAS>1.1649525075249025</MAXBAS>
      <Cet>0</Cet>
      <PCALT>10</PCALT>
      <TCALT>0.6</TCALT>
      <Pelev>3022</Pelev>
      <Telev>3058</Telev>
      <PART>0.5</PART>
      <DELAY>1</DELAY>
    </SubCatchmentParameters>
    <SubCatchmentVegetationZone>
      <SubCatchmentVegetationZoneParameters>
        <TT>2.4552941791375589</TT>
        <CFMAX>2.6000565891648852</CFMAX>
        <SP>0</SP>
        <SFCF>0.62480396415753647</SFCF>
        <CFR>0.094342280959716737</CFR>
        <CWH>0.19999900609954177</CWH>
        <CFGlacier>1</CFGlacier>
        <CFSlope>1</CFSlope>
        <FC>658.38578257507936</FC>
        <LP>0.74119952133844835</LP>
        <BETA>5.9999904800211175</BETA>
      </SubCatchmentVegetationZoneParameters>
    </SubCatchmentVegetationZone>
  </SubCatchment>
</Catchment>