<?xml version="1.0" encoding="utf-8"?>
<Catchment xmlns:xsi="http://www.w3.org/2001/XMLSchema-instance" xmlns:xsd="http://www.w3.org/2001/XMLSchema">
  <CatchmentParameters>
    <KSI>0.001</KSI>
    <KGmin>0.05</KGmin>
    <RangeKG>0.1</RangeKG>
    <AG>0.1</AG>
    <PERC>9.999912178252405</PERC>
    <Alpha>0</Alpha>
    <UZL>152.58035268760975</UZL>
    <K0>0.53288211670452212</K0>
    <K1>0.14983703473219709</K1>
    <K2>0.10672711442754096</K2>
    <MAXBAS>1.3450444572038243</MAXBAS>
    <Cet>0</Cet>
    <PCALT>10</PCALT>
    <TCALT>0.6</TCALT>
    <Pelev>3022</Pelev>
    <Telev>3058</Telev>
    <PART>0.5</PART>
    <DELAY>1</DELAY>
  </CatchmentParameters>
  <VegetationZone>
    <VegetationZoneParameters>
      <TT>1.8654356043693552</TT>
      <CFMAX>2.100062332353402</CFMAX>
      <SP>0</SP>
      <SFCF>0.633717972511871</SFCF>
      <CFR>0.099982946124307262</CFR>
      <CWH>0.19999987295206773</CWH>
      <CFGlacier>1</CFGlacier>
      <CFSlope>1</CFSlope>
      <FC>560.95638819155283</FC>
      <LP>0.572138272668408</LP>
      <BETA>5.5647027181064415</BETA>
    </VegetationZoneParameters>
  </VegetationZone>
  <SubCatchment>
    <SubCatchmentParameters>
      <KSI>0.001</KSI>
      <KGmin>0.05</KGmin>
      <RangeKG>0.1</RangeKG>
      <AG>0.1</AG>
      <PERC>9.999912178252405</PERC>
      <Alpha>0</Alpha>
      <UZL>152.58035268760975</UZL>
      <K0>0.53288211670452212</K0>
      <K1>0.14983703473219709</K1>
      <K2>0.10672711442754096</K2>
      <MAXBAS>1.3450444572038243</MAXBAS>
      <Cet>0</Cet>
      <PCALT>10</PCALT>
      <TCALT>0.6</TCALT>
      <Pelev>3022</Pelev>
      <Telev>3058</Telev>
      <PART>0.5</PART>
      <DELAY>1</DELAY>
    </SubCatchmentParameters>
    <SubCatchmentVegetationZone>
      <SubCatchmentVegetationZoneParameters>
        <TT>1.8654356043693552</TT>
        <CFMAX>2.100062332353402</CFMAX>
        <SP>0</SP>
        <SFCF>0.633717972511871</SFCF>
        <CFR>0.099982946124307262</CFR>
        <CWH>0.19999987295206773</CWH>
        <CFGlacier>1</CFGlacier>
        <CFSlope>1</CFSlope>
        <FC>560.95638819155283</FC>
        <LP>0.572138272668408</LP>
        <BETA>5.5647027181064415</BETA>
      </SubCatchmentVegetationZoneParameters>
    </SubCatchmentVegetationZone>
  </SubCatchment>
</Catchment>