<?xml version="1.0" encoding="utf-8"?>
<Catchment xmlns:xsi="http://www.w3.org/2001/XMLSchema-instance" xmlns:xsd="http://www.w3.org/2001/XMLSchema">
  <CatchmentParameters>
    <KSI>0.001</KSI>
    <KGmin>0.05</KGmin>
    <RangeKG>0.1</RangeKG>
    <AG>0.1</AG>
    <PERC>9.9999973166056755</PERC>
    <Alpha>0</Alpha>
    <UZL>150.70963368197209</UZL>
    <K0>0.49850753303506168</K0>
    <K1>0.10952189039307009</K1>
    <K2>0.098597354805451176</K2>
    <MAXBAS>1.1392960613171794</MAXBAS>
    <Cet>0</Cet>
    <PCALT>10</PCALT>
    <TCALT>0.6</TCALT>
    <Pelev>3022</Pelev>
    <Telev>3058</Telev>
    <PART>0.5</PART>
    <DELAY>1</DELAY>
  </CatchmentParameters>
  <VegetationZone>
    <VegetationZoneParameters>
      <TT>1.5599098806355844</TT>
      <CFMAX>1.7630866675119499</CFMAX>
      <SP>0</SP>
      <SFCF>0.58169987002912038</SFCF>
      <CFR>0.094754113974241175</CFR>
      <CWH>0.19998245502811521</CWH>
      <CFGlacier>1</CFGlacier>
      <CFSlope>1</CFSlope>
      <FC>405.51281783547779</FC>
      <LP>0.44891562622511488</LP>
      <BETA>5.9999839107476669</BETA>
    </VegetationZoneParameters>
  </VegetationZone>
  <SubCatchment>
    <SubCatchmentParameters>
      <KSI>0.001</KSI>
      <KGmin>0.05</KGmin>
      <RangeKG>0.1</RangeKG>
      <AG>0.1</AG>
      <PERC>9.9999973166056755</PERC>
      <Alpha>0</Alpha>
      <UZL>150.70963368197209</UZL>
      <K0>0.49850753303506168</K0>
      <K1>0.10952189039307009</K1>
      <K2>0.098597354805451176</K2>
      <MAXBAS>1.1392960613171794</MAXBAS>
      <Cet>0</Cet>
      <PCALT>10</PCALT>
      <TCALT>0.6</TCALT>
      <Pelev>3022</Pelev>
      <Telev>3058</Telev>
      <PART>0.5</PART>
      <DELAY>1</DELAY>
    </SubCatchmentParameters>
    <SubCatchmentVegetationZone>
      <SubCatchmentVegetationZoneParameters>
        <TT>1.5599098806355844</TT>
        <CFMAX>1.7630866675119499</CFMAX>
        <SP>0</SP>
        <SFCF>0.58169987002912038</SFCF>
        <CFR>0.094754113974241175</CFR>
        <CWH>0.19998245502811521</CWH>
        <CFGlacier>1</CFGlacier>
        <CFSlope>1</CFSlope>
        <FC>405.51281783547779</FC>
        <LP>0.44891562622511488</LP>
        <BETA>5.9999839107476669</BETA>
      </SubCatchmentVegetationZoneParameters>
    </SubCatchmentVegetationZone>
  </SubCatchment>
</Catchment>