<?xml version="1.0" encoding="utf-8"?>
<Catchment xmlns:xsi="http://www.w3.org/2001/XMLSchema-instance" xmlns:xsd="http://www.w3.org/2001/XMLSchema">
  <CatchmentParameters>
    <KSI>0.001</KSI>
    <KGmin>0.05</KGmin>
    <RangeKG>0.1</RangeKG>
    <AG>0.1</AG>
    <PERC>0.38479233459695811</PERC>
    <Alpha>0</Alpha>
    <UZL>197.0759419318963</UZL>
    <K0>0.31586923638401254</K0>
    <K1>0.0947304140313686</K1>
    <K2>0.020000000185482307</K2>
    <MAXBAS>1.0618481794237193</MAXBAS>
    <Cet>0</Cet>
    <PCALT>10</PCALT>
    <TCALT>0.6</TCALT>
    <Pelev>3022</Pelev>
    <Telev>3058</Telev>
    <PART>0.5</PART>
    <DELAY>1</DELAY>
  </CatchmentParameters>
  <VegetationZone>
    <VegetationZoneParameters>
      <TT>2.2282242258401856</TT>
      <CFMAX>2.5511656448167828</CFMAX>
      <SP>0</SP>
      <SFCF>0.65915029940456016</SFCF>
      <CFR>0.09411261515338297</CFR>
      <CWH>0.19999327384686519</CWH>
      <CFGlacier>1</CFGlacier>
      <CFSlope>1</CFSlope>
      <FC>465.47234066612344</FC>
      <LP>0.4412057623849488</LP>
      <BETA>5.0594614242127838</BETA>
    </VegetationZoneParameters>
  </VegetationZone>
  <SubCatchment>
    <SubCatchmentParameters>
      <KSI>0.001</KSI>
      <KGmin>0.05</KGmin>
      <RangeKG>0.1</RangeKG>
      <AG>0.1</AG>
      <PERC>0.38479233459695811</PERC>
      <Alpha>0</Alpha>
      <UZL>197.0759419318963</UZL>
      <K0>0.31586923638401254</K0>
      <K1>0.0947304140313686</K1>
      <K2>0.020000000185482307</K2>
      <MAXBAS>1.0618481794237193</MAXBAS>
      <Cet>0</Cet>
      <PCALT>10</PCALT>
      <TCALT>0.6</TCALT>
      <Pelev>3022</Pelev>
      <Telev>3058</Telev>
      <PART>0.5</PART>
      <DELAY>1</DELAY>
    </SubCatchmentParameters>
    <SubCatchmentVegetationZone>
      <SubCatchmentVegetationZoneParameters>
        <TT>2.2282242258401856</TT>
        <CFMAX>2.5511656448167828</CFMAX>
        <SP>0</SP>
        <SFCF>0.65915029940456016</SFCF>
        <CFR>0.09411261515338297</CFR>
        <CWH>0.19999327384686519</CWH>
        <CFGlacier>1</CFGlacier>
        <CFSlope>1</CFSlope>
        <FC>465.47234066612344</FC>
        <LP>0.4412057623849488</LP>
        <BETA>5.0594614242127838</BETA>
      </SubCatchmentVegetationZoneParameters>
    </SubCatchmentVegetationZone>
  </SubCatchment>
</Catchment>