<?xml version="1.0" encoding="utf-8"?>
<Catchment xmlns:xsi="http://www.w3.org/2001/XMLSchema-instance" xmlns:xsd="http://www.w3.org/2001/XMLSchema">
  <CatchmentParameters>
    <KSI>0.001</KSI>
    <KGmin>0.05</KGmin>
    <RangeKG>0.1</RangeKG>
    <AG>0.1</AG>
    <PERC>9.9999610324494412</PERC>
    <Alpha>0</Alpha>
    <UZL>156.8456313208344</UZL>
    <K0>0.15497606332731054</K0>
    <K1>0.14557750178749312</K1>
    <K2>0.094442731035270691</K2>
    <MAXBAS>1.5251015983539102</MAXBAS>
    <Cet>0</Cet>
    <PCALT>10</PCALT>
    <TCALT>0.6</TCALT>
    <Pelev>3022</Pelev>
    <Telev>3058</Telev>
    <PART>0.5</PART>
    <DELAY>1</DELAY>
  </CatchmentParameters>
  <VegetationZone>
    <VegetationZoneParameters>
      <TT>1.4386027740519938</TT>
      <CFMAX>1.9702229914044203</CFMAX>
      <SP>0</SP>
      <SFCF>0.64585025784556571</SFCF>
      <CFR>0.099999079407054992</CFR>
      <CWH>0.19999988450699777</CWH>
      <CFGlacier>1</CFGlacier>
      <CFSlope>1</CFSlope>
      <FC>559.405761898526</FC>
      <LP>0.59065763578055563</LP>
      <BETA>5.9999809753279871</BETA>
    </VegetationZoneParameters>
  </VegetationZone>
  <SubCatchment>
    <SubCatchmentParameters>
      <KSI>0.001</KSI>
      <KGmin>0.05</KGmin>
      <RangeKG>0.1</RangeKG>
      <AG>0.1</AG>
      <PERC>9.9999610324494412</PERC>
      <Alpha>0</Alpha>
      <UZL>156.8456313208344</UZL>
      <K0>0.15497606332731054</K0>
      <K1>0.14557750178749312</K1>
      <K2>0.094442731035270691</K2>
      <MAXBAS>1.5251015983539102</MAXBAS>
      <Cet>0</Cet>
      <PCALT>10</PCALT>
      <TCALT>0.6</TCALT>
      <Pelev>3022</Pelev>
      <Telev>3058</Telev>
      <PART>0.5</PART>
      <DELAY>1</DELAY>
    </SubCatchmentParameters>
    <SubCatchmentVegetationZone>
      <SubCatchmentVegetationZoneParameters>
        <TT>1.4386027740519938</TT>
        <CFMAX>1.9702229914044203</CFMAX>
        <SP>0</SP>
        <SFCF>0.64585025784556571</SFCF>
        <CFR>0.099999079407054992</CFR>
        <CWH>0.19999988450699777</CWH>
        <CFGlacier>1</CFGlacier>
        <CFSlope>1</CFSlope>
        <FC>559.405761898526</FC>
        <LP>0.59065763578055563</LP>
        <BETA>5.9999809753279871</BETA>
      </SubCatchmentVegetationZoneParameters>
    </SubCatchmentVegetationZone>
  </SubCatchment>
</Catchment>