<?xml version="1.0" encoding="utf-8"?>
<Catchment xmlns:xsi="http://www.w3.org/2001/XMLSchema-instance" xmlns:xsd="http://www.w3.org/2001/XMLSchema">
  <CatchmentParameters>
    <KSI>0.001</KSI>
    <KGmin>0.05</KGmin>
    <RangeKG>0.1</RangeKG>
    <AG>0.1</AG>
    <PERC>0.046003077555402061</PERC>
    <Alpha>0</Alpha>
    <UZL>67.91805911114615</UZL>
    <K0>0.2323241514195914</K0>
    <K1>0.14512861525083715</K1>
    <K2>0.010000000145110681</K2>
    <MAXBAS>1</MAXBAS>
    <Cet>0</Cet>
    <PCALT>10</PCALT>
    <TCALT>0.6</TCALT>
    <Pelev>3022</Pelev>
    <Telev>3058</Telev>
    <PART>0.5</PART>
    <DELAY>1</DELAY>
  </CatchmentParameters>
  <VegetationZone>
    <VegetationZoneParameters>
      <TT>1.3599774727583935</TT>
      <CFMAX>1.7444587798884104</CFMAX>
      <SP>0</SP>
      <SFCF>0.681305907365648</SFCF>
      <CFR>0.060130669899453308</CFR>
      <CWH>0.10000015189512852</CWH>
      <CFGlacier>1</CFGlacier>
      <CFSlope>1</CFSlope>
      <FC>770.42815541906009</FC>
      <LP>0.51681890163273259</LP>
      <BETA>4.86716920243239</BETA>
    </VegetationZoneParameters>
  </VegetationZone>
  <SubCatchment>
    <SubCatchmentParameters>
      <KSI>0.001</KSI>
      <KGmin>0.05</KGmin>
      <RangeKG>0.1</RangeKG>
      <AG>0.1</AG>
      <PERC>0.046003077555402061</PERC>
      <Alpha>0</Alpha>
      <UZL>67.91805911114615</UZL>
      <K0>0.2323241514195914</K0>
      <K1>0.14512861525083715</K1>
      <K2>0.010000000145110681</K2>
      <MAXBAS>1</MAXBAS>
      <Cet>0</Cet>
      <PCALT>10</PCALT>
      <TCALT>0.6</TCALT>
      <Pelev>3022</Pelev>
      <Telev>3058</Telev>
      <PART>0.5</PART>
      <DELAY>1</DELAY>
    </SubCatchmentParameters>
    <SubCatchmentVegetationZone>
      <SubCatchmentVegetationZoneParameters>
        <TT>1.3599774727583935</TT>
        <CFMAX>1.7444587798884104</CFMAX>
        <SP>0</SP>
        <SFCF>0.681305907365648</SFCF>
        <CFR>0.060130669899453308</CFR>
        <CWH>0.10000015189512852</CWH>
        <CFGlacier>1</CFGlacier>
        <CFSlope>1</CFSlope>
        <FC>770.42815541906009</FC>
        <LP>0.51681890163273259</LP>
        <BETA>4.86716920243239</BETA>
      </SubCatchmentVegetationZoneParameters>
    </SubCatchmentVegetationZone>
  </SubCatchment>
</Catchment>