<?xml version="1.0" encoding="utf-8"?>
<Catchment xmlns:xsi="http://www.w3.org/2001/XMLSchema-instance" xmlns:xsd="http://www.w3.org/2001/XMLSchema">
  <CatchmentParameters>
    <KSI>0.001</KSI>
    <KGmin>0.05</KGmin>
    <RangeKG>0.1</RangeKG>
    <AG>0.1</AG>
    <PERC>0.042891617938598026</PERC>
    <Alpha>0</Alpha>
    <UZL>120.71948526188407</UZL>
    <K0>0.87216919550501859</K0>
    <K1>0.14946336163844937</K1>
    <K2>0.010000010667671489</K2>
    <MAXBAS>1</MAXBAS>
    <Cet>0</Cet>
    <PCALT>10</PCALT>
    <TCALT>0.6</TCALT>
    <Pelev>3022</Pelev>
    <Telev>3058</Telev>
    <PART>0.5</PART>
    <DELAY>1</DELAY>
  </CatchmentParameters>
  <VegetationZone>
    <VegetationZoneParameters>
      <TT>0.45297570716962415</TT>
      <CFMAX>1.1096169273539824</CFMAX>
      <SP>0</SP>
      <SFCF>0.59576877369503123</SFCF>
      <CFR>0.097025184127061292</CFR>
      <CWH>0.10004807448359597</CWH>
      <CFGlacier>1</CFGlacier>
      <CFSlope>1</CFSlope>
      <FC>573.73398639681034</FC>
      <LP>0.44976035797782232</LP>
      <BETA>3.995083883012617</BETA>
    </VegetationZoneParameters>
  </VegetationZone>
  <SubCatchment>
    <SubCatchmentParameters>
      <KSI>0.001</KSI>
      <KGmin>0.05</KGmin>
      <RangeKG>0.1</RangeKG>
      <AG>0.1</AG>
      <PERC>0.042891617938598026</PERC>
      <Alpha>0</Alpha>
      <UZL>120.71948526188407</UZL>
      <K0>0.87216919550501859</K0>
      <K1>0.14946336163844937</K1>
      <K2>0.010000010667671489</K2>
      <MAXBAS>1</MAXBAS>
      <Cet>0</Cet>
      <PCALT>10</PCALT>
      <TCALT>0.6</TCALT>
      <Pelev>3022</Pelev>
      <Telev>3058</Telev>
      <PART>0.5</PART>
      <DELAY>1</DELAY>
    </SubCatchmentParameters>
    <SubCatchmentVegetationZone>
      <SubCatchmentVegetationZoneParameters>
        <TT>0.45297570716962415</TT>
        <CFMAX>1.1096169273539824</CFMAX>
        <SP>0</SP>
        <SFCF>0.59576877369503123</SFCF>
        <CFR>0.097025184127061292</CFR>
        <CWH>0.10004807448359597</CWH>
        <CFGlacier>1</CFGlacier>
        <CFSlope>1</CFSlope>
        <FC>573.73398639681034</FC>
        <LP>0.44976035797782232</LP>
        <BETA>3.995083883012617</BETA>
      </SubCatchmentVegetationZoneParameters>
    </SubCatchmentVegetationZone>
  </SubCatchment>
</Catchment>