<?xml version="1.0" encoding="utf-8"?>
<Catchment xmlns:xsi="http://www.w3.org/2001/XMLSchema-instance" xmlns:xsd="http://www.w3.org/2001/XMLSchema">
  <CatchmentParameters>
    <KSI>0.001</KSI>
    <KGmin>0.05</KGmin>
    <RangeKG>0.1</RangeKG>
    <AG>0.1</AG>
    <PERC>0.053577542376326129</PERC>
    <Alpha>0</Alpha>
    <UZL>95.612218901547692</UZL>
    <K0>0.12293772721115841</K0>
    <K1>0.11082647882144309</K1>
    <K2>0.010000007505760486</K2>
    <MAXBAS>1</MAXBAS>
    <Cet>0</Cet>
    <PCALT>10</PCALT>
    <TCALT>0.6</TCALT>
    <Pelev>3022</Pelev>
    <Telev>3058</Telev>
    <PART>0.5</PART>
    <DELAY>1</DELAY>
  </CatchmentParameters>
  <VegetationZone>
    <VegetationZoneParameters>
      <TT>0.068565171612933989</TT>
      <CFMAX>1.6156000870786895</CFMAX>
      <SP>0</SP>
      <SFCF>0.77927740414047642</SFCF>
      <CFR>0.087861964100613921</CFR>
      <CWH>0.11611778511178617</CWH>
      <CFGlacier>1</CFGlacier>
      <CFSlope>1</CFSlope>
      <FC>812.88613129549753</FC>
      <LP>0.3860742181529076</LP>
      <BETA>5.9999993822965969</BETA>
    </VegetationZoneParameters>
  </VegetationZone>
  <SubCatchment>
    <SubCatchmentParameters>
      <KSI>0.001</KSI>
      <KGmin>0.05</KGmin>
      <RangeKG>0.1</RangeKG>
      <AG>0.1</AG>
      <PERC>0.053577542376326129</PERC>
      <Alpha>0</Alpha>
      <UZL>95.612218901547692</UZL>
      <K0>0.12293772721115841</K0>
      <K1>0.11082647882144309</K1>
      <K2>0.010000007505760486</K2>
      <MAXBAS>1</MAXBAS>
      <Cet>0</Cet>
      <PCALT>10</PCALT>
      <TCALT>0.6</TCALT>
      <Pelev>3022</Pelev>
      <Telev>3058</Telev>
      <PART>0.5</PART>
      <DELAY>1</DELAY>
    </SubCatchmentParameters>
    <SubCatchmentVegetationZone>
      <SubCatchmentVegetationZoneParameters>
        <TT>0.068565171612933989</TT>
        <CFMAX>1.6156000870786895</CFMAX>
        <SP>0</SP>
        <SFCF>0.77927740414047642</SFCF>
        <CFR>0.087861964100613921</CFR>
        <CWH>0.11611778511178617</CWH>
        <CFGlacier>1</CFGlacier>
        <CFSlope>1</CFSlope>
        <FC>812.88613129549753</FC>
        <LP>0.3860742181529076</LP>
        <BETA>5.9999993822965969</BETA>
      </SubCatchmentVegetationZoneParameters>
    </SubCatchmentVegetationZone>
  </SubCatchment>
</Catchment>