<?xml version="1.0" encoding="utf-8"?>
<Catchment xmlns:xsi="http://www.w3.org/2001/XMLSchema-instance" xmlns:xsd="http://www.w3.org/2001/XMLSchema">
  <CatchmentParameters>
    <KSI>0.001</KSI>
    <KGmin>0.05</KGmin>
    <RangeKG>0.1</RangeKG>
    <AG>0.1</AG>
    <PERC>0.040995717391058235</PERC>
    <Alpha>0</Alpha>
    <UZL>125.69858087750444</UZL>
    <K0>0.13032433748376826</K0>
    <K1>0.12379621473251772</K1>
    <K2>0.010000007805541479</K2>
    <MAXBAS>1</MAXBAS>
    <Cet>0</Cet>
    <PCALT>10</PCALT>
    <TCALT>0.6</TCALT>
    <Pelev>3022</Pelev>
    <Telev>3058</Telev>
    <PART>0.5</PART>
    <DELAY>1</DELAY>
  </CatchmentParameters>
  <VegetationZone>
    <VegetationZoneParameters>
      <TT>1.3226502681222676</TT>
      <CFMAX>1.8127948937737684</CFMAX>
      <SP>0</SP>
      <SFCF>0.66081864650372235</SFCF>
      <CFR>0.05246789025198851</CFR>
      <CWH>0.10001901674224044</CWH>
      <CFGlacier>1</CFGlacier>
      <CFSlope>1</CFSlope>
      <FC>740.17931154810617</FC>
      <LP>0.58553873123465927</LP>
      <BETA>4.9786642432099493</BETA>
    </VegetationZoneParameters>
  </VegetationZone>
  <SubCatchment>
    <SubCatchmentParameters>
      <KSI>0.001</KSI>
      <KGmin>0.05</KGmin>
      <RangeKG>0.1</RangeKG>
      <AG>0.1</AG>
      <PERC>0.040995717391058235</PERC>
      <Alpha>0</Alpha>
      <UZL>125.69858087750444</UZL>
      <K0>0.13032433748376826</K0>
      <K1>0.12379621473251772</K1>
      <K2>0.010000007805541479</K2>
      <MAXBAS>1</MAXBAS>
      <Cet>0</Cet>
      <PCALT>10</PCALT>
      <TCALT>0.6</TCALT>
      <Pelev>3022</Pelev>
      <Telev>3058</Telev>
      <PART>0.5</PART>
      <DELAY>1</DELAY>
    </SubCatchmentParameters>
    <SubCatchmentVegetationZone>
      <SubCatchmentVegetationZoneParameters>
        <TT>1.3226502681222676</TT>
        <CFMAX>1.8127948937737684</CFMAX>
        <SP>0</SP>
        <SFCF>0.66081864650372235</SFCF>
        <CFR>0.05246789025198851</CFR>
        <CWH>0.10001901674224044</CWH>
        <CFGlacier>1</CFGlacier>
        <CFSlope>1</CFSlope>
        <FC>740.17931154810617</FC>
        <LP>0.58553873123465927</LP>
        <BETA>4.9786642432099493</BETA>
      </SubCatchmentVegetationZoneParameters>
    </SubCatchmentVegetationZone>
  </SubCatchment>
</Catchment>