<?xml version="1.0" encoding="utf-8"?>
<Catchment xmlns:xsi="http://www.w3.org/2001/XMLSchema-instance" xmlns:xsd="http://www.w3.org/2001/XMLSchema">
  <CatchmentParameters>
    <KSI>0.001</KSI>
    <KGmin>0.05</KGmin>
    <RangeKG>0.1</RangeKG>
    <AG>0.1</AG>
    <PERC>9.9370961363972814</PERC>
    <Alpha>0</Alpha>
    <UZL>128.591293710136</UZL>
    <K0>0.2530677982666717</K0>
    <K1>0.2270557403300528</K1>
    <K2>0.11406864904335562</K2>
    <MAXBAS>1.6086709130569525</MAXBAS>
    <Cet>0</Cet>
    <PCALT>10</PCALT>
    <TCALT>0.6</TCALT>
    <Pelev>3022</Pelev>
    <Telev>3058</Telev>
    <PART>0.5</PART>
    <DELAY>1</DELAY>
  </CatchmentParameters>
  <VegetationZone>
    <VegetationZoneParameters>
      <TT>1.4327955268468446</TT>
      <CFMAX>1.7467590476313608</CFMAX>
      <SP>0</SP>
      <SFCF>0.629479750426865</SFCF>
      <CFR>0.09537199095395589</CFR>
      <CWH>0.19991103572308122</CWH>
      <CFGlacier>1</CFGlacier>
      <CFSlope>1</CFSlope>
      <FC>453.83573806365604</FC>
      <LP>0.39250763068756817</LP>
      <BETA>4.6494980063659979</BETA>
    </VegetationZoneParameters>
  </VegetationZone>
  <SubCatchment>
    <SubCatchmentParameters>
      <KSI>0.001</KSI>
      <KGmin>0.05</KGmin>
      <RangeKG>0.1</RangeKG>
      <AG>0.1</AG>
      <PERC>9.9370961363972814</PERC>
      <Alpha>0</Alpha>
      <UZL>128.591293710136</UZL>
      <K0>0.2530677982666717</K0>
      <K1>0.2270557403300528</K1>
      <K2>0.11406864904335562</K2>
      <MAXBAS>1.6086709130569525</MAXBAS>
      <Cet>0</Cet>
      <PCALT>10</PCALT>
      <TCALT>0.6</TCALT>
      <Pelev>3022</Pelev>
      <Telev>3058</Telev>
      <PART>0.5</PART>
      <DELAY>1</DELAY>
    </SubCatchmentParameters>
    <SubCatchmentVegetationZone>
      <SubCatchmentVegetationZoneParameters>
        <TT>1.4327955268468446</TT>
        <CFMAX>1.7467590476313608</CFMAX>
        <SP>0</SP>
        <SFCF>0.629479750426865</SFCF>
        <CFR>0.09537199095395589</CFR>
        <CWH>0.19991103572308122</CWH>
        <CFGlacier>1</CFGlacier>
        <CFSlope>1</CFSlope>
        <FC>453.83573806365604</FC>
        <LP>0.39250763068756817</LP>
        <BETA>4.6494980063659979</BETA>
      </SubCatchmentVegetationZoneParameters>
    </SubCatchmentVegetationZone>
  </SubCatchment>
</Catchment>