<?xml version="1.0" encoding="utf-8"?>
<Catchment xmlns:xsi="http://www.w3.org/2001/XMLSchema-instance" xmlns:xsd="http://www.w3.org/2001/XMLSchema">
  <CatchmentParameters>
    <KSI>0.001</KSI>
    <KGmin>0.05</KGmin>
    <RangeKG>0.1</RangeKG>
    <AG>0.1</AG>
    <PERC>0.24486043609338887</PERC>
    <Alpha>0</Alpha>
    <UZL>193.23215658166967</UZL>
    <K0>0.19908959918428751</K0>
    <K1>0.087383960963013985</K1>
    <K2>0.020000697345118713</K2>
    <MAXBAS>1.12498238739641</MAXBAS>
    <Cet>0</Cet>
    <PCALT>10</PCALT>
    <TCALT>0.6</TCALT>
    <Pelev>3022</Pelev>
    <Telev>3058</Telev>
    <PART>0.5</PART>
    <DELAY>1</DELAY>
  </CatchmentParameters>
  <VegetationZone>
    <VegetationZoneParameters>
      <TT>1.8654956848525173</TT>
      <CFMAX>2.1079170831805611</CFMAX>
      <SP>0</SP>
      <SFCF>0.59964721798833465</SFCF>
      <CFR>0.096737133930147615</CFR>
      <CWH>0.19271296974993113</CWH>
      <CFGlacier>1</CFGlacier>
      <CFSlope>1</CFSlope>
      <FC>353.11972463220485</FC>
      <LP>0.30000066926387092</LP>
      <BETA>5.9998433709319974</BETA>
    </VegetationZoneParameters>
  </VegetationZone>
  <SubCatchment>
    <SubCatchmentParameters>
      <KSI>0.001</KSI>
      <KGmin>0.05</KGmin>
      <RangeKG>0.1</RangeKG>
      <AG>0.1</AG>
      <PERC>0.24486043609338887</PERC>
      <Alpha>0</Alpha>
      <UZL>193.23215658166967</UZL>
      <K0>0.19908959918428751</K0>
      <K1>0.087383960963013985</K1>
      <K2>0.020000697345118713</K2>
      <MAXBAS>1.12498238739641</MAXBAS>
      <Cet>0</Cet>
      <PCALT>10</PCALT>
      <TCALT>0.6</TCALT>
      <Pelev>3022</Pelev>
      <Telev>3058</Telev>
      <PART>0.5</PART>
      <DELAY>1</DELAY>
    </SubCatchmentParameters>
    <SubCatchmentVegetationZone>
      <SubCatchmentVegetationZoneParameters>
        <TT>1.8654956848525173</TT>
        <CFMAX>2.1079170831805611</CFMAX>
        <SP>0</SP>
        <SFCF>0.59964721798833465</SFCF>
        <CFR>0.096737133930147615</CFR>
        <CWH>0.19271296974993113</CWH>
        <CFGlacier>1</CFGlacier>
        <CFSlope>1</CFSlope>
        <FC>353.11972463220485</FC>
        <LP>0.30000066926387092</LP>
        <BETA>5.9998433709319974</BETA>
      </SubCatchmentVegetationZoneParameters>
    </SubCatchmentVegetationZone>
  </SubCatchment>
</Catchment>