<?xml version="1.0" encoding="utf-8"?>
<Catchment xmlns:xsi="http://www.w3.org/2001/XMLSchema-instance" xmlns:xsd="http://www.w3.org/2001/XMLSchema">
  <CatchmentParameters>
    <KSI>0.001</KSI>
    <KGmin>0.05</KGmin>
    <RangeKG>0.1</RangeKG>
    <AG>0.1</AG>
    <PERC>0.065133053423459486</PERC>
    <Alpha>0</Alpha>
    <UZL>119.03565104424777</UZL>
    <K0>0.50841548889804289</K0>
    <K1>0.13930584534347057</K1>
    <K2>0.010000001151844976</K2>
    <MAXBAS>1</MAXBAS>
    <Cet>0</Cet>
    <PCALT>10</PCALT>
    <TCALT>0.6</TCALT>
    <Pelev>3022</Pelev>
    <Telev>3058</Telev>
    <PART>0.5</PART>
    <DELAY>1</DELAY>
  </CatchmentParameters>
  <VegetationZone>
    <VegetationZoneParameters>
      <TT>-0.34456983710235056</TT>
      <CFMAX>1.0916696870575944</CFMAX>
      <SP>0</SP>
      <SFCF>0.688799251247222</SFCF>
      <CFR>0.073587892374509564</CFR>
      <CWH>0.11930268135289242</CWH>
      <CFGlacier>1</CFGlacier>
      <CFSlope>1</CFSlope>
      <FC>604.39311468765243</FC>
      <LP>0.300001407089162</LP>
      <BETA>5.597414277414</BETA>
    </VegetationZoneParameters>
  </VegetationZone>
  <SubCatchment>
    <SubCatchmentParameters>
      <KSI>0.001</KSI>
      <KGmin>0.05</KGmin>
      <RangeKG>0.1</RangeKG>
      <AG>0.1</AG>
      <PERC>0.065133053423459486</PERC>
      <Alpha>0</Alpha>
      <UZL>119.03565104424777</UZL>
      <K0>0.50841548889804289</K0>
      <K1>0.13930584534347057</K1>
      <K2>0.010000001151844976</K2>
      <MAXBAS>1</MAXBAS>
      <Cet>0</Cet>
      <PCALT>10</PCALT>
      <TCALT>0.6</TCALT>
      <Pelev>3022</Pelev>
      <Telev>3058</Telev>
      <PART>0.5</PART>
      <DELAY>1</DELAY>
    </SubCatchmentParameters>
    <SubCatchmentVegetationZone>
      <SubCatchmentVegetationZoneParameters>
        <TT>-0.34456983710235056</TT>
        <CFMAX>1.0916696870575944</CFMAX>
        <SP>0</SP>
        <SFCF>0.688799251247222</SFCF>
        <CFR>0.073587892374509564</CFR>
        <CWH>0.11930268135289242</CWH>
        <CFGlacier>1</CFGlacier>
        <CFSlope>1</CFSlope>
        <FC>604.39311468765243</FC>
        <LP>0.300001407089162</LP>
        <BETA>5.597414277414</BETA>
      </SubCatchmentVegetationZoneParameters>
    </SubCatchmentVegetationZone>
  </SubCatchment>
</Catchment>