<?xml version="1.0" encoding="utf-8"?>
<Catchment xmlns:xsi="http://www.w3.org/2001/XMLSchema-instance" xmlns:xsd="http://www.w3.org/2001/XMLSchema">
  <CatchmentParameters>
    <KSI>0.001</KSI>
    <KGmin>0.05</KGmin>
    <RangeKG>0.1</RangeKG>
    <AG>0.1</AG>
    <PERC>0.046461903205507027</PERC>
    <Alpha>0</Alpha>
    <UZL>101.81262345507382</UZL>
    <K0>0.50555200440481329</K0>
    <K1>0.12930433445599124</K1>
    <K2>0.010000166142769088</K2>
    <MAXBAS>1</MAXBAS>
    <Cet>0</Cet>
    <PCALT>10</PCALT>
    <TCALT>0.6</TCALT>
    <Pelev>3022</Pelev>
    <Telev>3058</Telev>
    <PART>0.5</PART>
    <DELAY>1</DELAY>
  </CatchmentParameters>
  <VegetationZone>
    <VegetationZoneParameters>
      <TT>0.60205491645160647</TT>
      <CFMAX>1.3874990919697352</CFMAX>
      <SP>0</SP>
      <SFCF>0.63545348963642023</SFCF>
      <CFR>0.080611562843283843</CFR>
      <CWH>0.10000118602750832</CWH>
      <CFGlacier>1</CFGlacier>
      <CFSlope>1</CFSlope>
      <FC>714.16024078192538</FC>
      <LP>0.61743457947486358</LP>
      <BETA>5.99994849568767</BETA>
    </VegetationZoneParameters>
  </VegetationZone>
  <SubCatchment>
    <SubCatchmentParameters>
      <KSI>0.001</KSI>
      <KGmin>0.05</KGmin>
      <RangeKG>0.1</RangeKG>
      <AG>0.1</AG>
      <PERC>0.046461903205507027</PERC>
      <Alpha>0</Alpha>
      <UZL>101.81262345507382</UZL>
      <K0>0.50555200440481329</K0>
      <K1>0.12930433445599124</K1>
      <K2>0.010000166142769088</K2>
      <MAXBAS>1</MAXBAS>
      <Cet>0</Cet>
      <PCALT>10</PCALT>
      <TCALT>0.6</TCALT>
      <Pelev>3022</Pelev>
      <Telev>3058</Telev>
      <PART>0.5</PART>
      <DELAY>1</DELAY>
    </SubCatchmentParameters>
    <SubCatchmentVegetationZone>
      <SubCatchmentVegetationZoneParameters>
        <TT>0.60205491645160647</TT>
        <CFMAX>1.3874990919697352</CFMAX>
        <SP>0</SP>
        <SFCF>0.63545348963642023</SFCF>
        <CFR>0.080611562843283843</CFR>
        <CWH>0.10000118602750832</CWH>
        <CFGlacier>1</CFGlacier>
        <CFSlope>1</CFSlope>
        <FC>714.16024078192538</FC>
        <LP>0.61743457947486358</LP>
        <BETA>5.99994849568767</BETA>
      </SubCatchmentVegetationZoneParameters>
    </SubCatchmentVegetationZone>
  </SubCatchment>
</Catchment>