<?xml version="1.0" encoding="utf-8"?>
<Catchment xmlns:xsi="http://www.w3.org/2001/XMLSchema-instance" xmlns:xsd="http://www.w3.org/2001/XMLSchema">
  <CatchmentParameters>
    <KSI>0.001</KSI>
    <KGmin>0.05</KGmin>
    <RangeKG>0.1</RangeKG>
    <AG>0.1</AG>
    <PERC>6.64653836733743</PERC>
    <Alpha>0</Alpha>
    <UZL>82.214042607031445</UZL>
    <K0>0.061130250566535288</K0>
    <K1>0.066482916463756828</K1>
    <K2>0.094928578835024369</K2>
    <MAXBAS>1.3206443232044869</MAXBAS>
    <Cet>0</Cet>
    <PCALT>10</PCALT>
    <TCALT>0.6</TCALT>
    <Pelev>3022</Pelev>
    <Telev>3058</Telev>
    <PART>0.5</PART>
    <DELAY>1</DELAY>
  </CatchmentParameters>
  <VegetationZone>
    <VegetationZoneParameters>
      <TT>1.7709875218396531</TT>
      <CFMAX>1.8567070073607357</CFMAX>
      <SP>0</SP>
      <SFCF>0.563073625207518</SFCF>
      <CFR>0.018912237119241847</CFR>
      <CWH>0.19999877233341995</CWH>
      <CFGlacier>1</CFGlacier>
      <CFSlope>1</CFSlope>
      <FC>353.16119896824046</FC>
      <LP>0.41509223718881688</LP>
      <BETA>5.9999999976736884</BETA>
    </VegetationZoneParameters>
  </VegetationZone>
  <SubCatchment>
    <SubCatchmentParameters>
      <KSI>0.001</KSI>
      <KGmin>0.05</KGmin>
      <RangeKG>0.1</RangeKG>
      <AG>0.1</AG>
      <PERC>6.64653836733743</PERC>
      <Alpha>0</Alpha>
      <UZL>82.214042607031445</UZL>
      <K0>0.061130250566535288</K0>
      <K1>0.066482916463756828</K1>
      <K2>0.094928578835024369</K2>
      <MAXBAS>1.3206443232044869</MAXBAS>
      <Cet>0</Cet>
      <PCALT>10</PCALT>
      <TCALT>0.6</TCALT>
      <Pelev>3022</Pelev>
      <Telev>3058</Telev>
      <PART>0.5</PART>
      <DELAY>1</DELAY>
    </SubCatchmentParameters>
    <SubCatchmentVegetationZone>
      <SubCatchmentVegetationZoneParameters>
        <TT>1.7709875218396531</TT>
        <CFMAX>1.8567070073607357</CFMAX>
        <SP>0</SP>
        <SFCF>0.563073625207518</SFCF>
        <CFR>0.018912237119241847</CFR>
        <CWH>0.19999877233341995</CWH>
        <CFGlacier>1</CFGlacier>
        <CFSlope>1</CFSlope>
        <FC>353.16119896824046</FC>
        <LP>0.41509223718881688</LP>
        <BETA>5.9999999976736884</BETA>
      </SubCatchmentVegetationZoneParameters>
    </SubCatchmentVegetationZone>
  </SubCatchment>
</Catchment>