<?xml version="1.0" encoding="utf-8"?>
<Catchment xmlns:xsi="http://www.w3.org/2001/XMLSchema-instance" xmlns:xsd="http://www.w3.org/2001/XMLSchema">
  <CatchmentParameters>
    <KSI>0.001</KSI>
    <KGmin>0.05</KGmin>
    <RangeKG>0.1</RangeKG>
    <AG>0.1</AG>
    <PERC>0.043492997106047517</PERC>
    <Alpha>0</Alpha>
    <UZL>154.21236857577318</UZL>
    <K0>0.57882506241150089</K0>
    <K1>0.11941039714108753</K1>
    <K2>0.010000253822901832</K2>
    <MAXBAS>1</MAXBAS>
    <Cet>0</Cet>
    <PCALT>10</PCALT>
    <TCALT>0.6</TCALT>
    <Pelev>3022</Pelev>
    <Telev>3058</Telev>
    <PART>0.5</PART>
    <DELAY>1</DELAY>
  </CatchmentParameters>
  <VegetationZone>
    <VegetationZoneParameters>
      <TT>1.2871476795685946</TT>
      <CFMAX>1.9651528272408407</CFMAX>
      <SP>0</SP>
      <SFCF>0.68706033390203014</SFCF>
      <CFR>0.099998937879718433</CFR>
      <CWH>0.10000030811717124</CWH>
      <CFGlacier>1</CFGlacier>
      <CFSlope>1</CFSlope>
      <FC>648.72497440290579</FC>
      <LP>0.37720237137692753</LP>
      <BETA>3.4160784264378643</BETA>
    </VegetationZoneParameters>
  </VegetationZone>
  <SubCatchment>
    <SubCatchmentParameters>
      <KSI>0.001</KSI>
      <KGmin>0.05</KGmin>
      <RangeKG>0.1</RangeKG>
      <AG>0.1</AG>
      <PERC>0.043492997106047517</PERC>
      <Alpha>0</Alpha>
      <UZL>154.21236857577318</UZL>
      <K0>0.57882506241150089</K0>
      <K1>0.11941039714108753</K1>
      <K2>0.010000253822901832</K2>
      <MAXBAS>1</MAXBAS>
      <Cet>0</Cet>
      <PCALT>10</PCALT>
      <TCALT>0.6</TCALT>
      <Pelev>3022</Pelev>
      <Telev>3058</Telev>
      <PART>0.5</PART>
      <DELAY>1</DELAY>
    </SubCatchmentParameters>
    <SubCatchmentVegetationZone>
      <SubCatchmentVegetationZoneParameters>
        <TT>1.2871476795685946</TT>
        <CFMAX>1.9651528272408407</CFMAX>
        <SP>0</SP>
        <SFCF>0.68706033390203014</SFCF>
        <CFR>0.099998937879718433</CFR>
        <CWH>0.10000030811717124</CWH>
        <CFGlacier>1</CFGlacier>
        <CFSlope>1</CFSlope>
        <FC>648.72497440290579</FC>
        <LP>0.37720237137692753</LP>
        <BETA>3.4160784264378643</BETA>
      </SubCatchmentVegetationZoneParameters>
    </SubCatchmentVegetationZone>
  </SubCatchment>
</Catchment>