<?xml version="1.0" encoding="utf-8"?>
<Catchment xmlns:xsi="http://www.w3.org/2001/XMLSchema-instance" xmlns:xsd="http://www.w3.org/2001/XMLSchema">
  <CatchmentParameters>
    <KSI>0.001</KSI>
    <KGmin>0.05</KGmin>
    <RangeKG>0.1</RangeKG>
    <AG>0.1</AG>
    <PERC>9.9999812018100585</PERC>
    <Alpha>0</Alpha>
    <UZL>130.07883207060783</UZL>
    <K0>0.072464667380421441</K0>
    <K1>0.1190312082920339</K1>
    <K2>0.10351293576668967</K2>
    <MAXBAS>1.1550992839615559</MAXBAS>
    <Cet>0</Cet>
    <PCALT>10</PCALT>
    <TCALT>0.6</TCALT>
    <Pelev>3022</Pelev>
    <Telev>3058</Telev>
    <PART>0.5</PART>
    <DELAY>1</DELAY>
  </CatchmentParameters>
  <VegetationZone>
    <VegetationZoneParameters>
      <TT>1.8539944543855442</TT>
      <CFMAX>1.8772083965195414</CFMAX>
      <SP>0</SP>
      <SFCF>0.569719721892235</SFCF>
      <CFR>0.099462326505672369</CFR>
      <CWH>0.19542858964586654</CWH>
      <CFGlacier>1</CFGlacier>
      <CFSlope>1</CFSlope>
      <FC>473.10876561146023</FC>
      <LP>0.61368640794118712</LP>
      <BETA>5.999982513272176</BETA>
    </VegetationZoneParameters>
  </VegetationZone>
  <SubCatchment>
    <SubCatchmentParameters>
      <KSI>0.001</KSI>
      <KGmin>0.05</KGmin>
      <RangeKG>0.1</RangeKG>
      <AG>0.1</AG>
      <PERC>9.9999812018100585</PERC>
      <Alpha>0</Alpha>
      <UZL>130.07883207060783</UZL>
      <K0>0.072464667380421441</K0>
      <K1>0.1190312082920339</K1>
      <K2>0.10351293576668967</K2>
      <MAXBAS>1.1550992839615559</MAXBAS>
      <Cet>0</Cet>
      <PCALT>10</PCALT>
      <TCALT>0.6</TCALT>
      <Pelev>3022</Pelev>
      <Telev>3058</Telev>
      <PART>0.5</PART>
      <DELAY>1</DELAY>
    </SubCatchmentParameters>
    <SubCatchmentVegetationZone>
      <SubCatchmentVegetationZoneParameters>
        <TT>1.8539944543855442</TT>
        <CFMAX>1.8772083965195414</CFMAX>
        <SP>0</SP>
        <SFCF>0.569719721892235</SFCF>
        <CFR>0.099462326505672369</CFR>
        <CWH>0.19542858964586654</CWH>
        <CFGlacier>1</CFGlacier>
        <CFSlope>1</CFSlope>
        <FC>473.10876561146023</FC>
        <LP>0.61368640794118712</LP>
        <BETA>5.999982513272176</BETA>
      </SubCatchmentVegetationZoneParameters>
    </SubCatchmentVegetationZone>
  </SubCatchment>
</Catchment>