<?xml version="1.0" encoding="utf-8"?>
<Catchment xmlns:xsi="http://www.w3.org/2001/XMLSchema-instance" xmlns:xsd="http://www.w3.org/2001/XMLSchema">
  <CatchmentParameters>
    <KSI>0.001</KSI>
    <KGmin>0.05</KGmin>
    <RangeKG>0.1</RangeKG>
    <AG>0.1</AG>
    <PERC>0.032010491328093173</PERC>
    <Alpha>0</Alpha>
    <UZL>60.939374903207977</UZL>
    <K0>0.4634402527779079</K0>
    <K1>0.14309243910640612</K1>
    <K2>0.012832989446666183</K2>
    <MAXBAS>1</MAXBAS>
    <Cet>0</Cet>
    <PCALT>10</PCALT>
    <TCALT>0.6</TCALT>
    <Pelev>3022</Pelev>
    <Telev>3058</Telev>
    <PART>0.5</PART>
    <DELAY>1</DELAY>
  </CatchmentParameters>
  <VegetationZone>
    <VegetationZoneParameters>
      <TT>1.7936585551637474</TT>
      <CFMAX>2.1916787604218082</CFMAX>
      <SP>0</SP>
      <SFCF>0.76966902658556258</SFCF>
      <CFR>0.099999074196340812</CFR>
      <CWH>0.10000022965109415</CWH>
      <CFGlacier>1</CFGlacier>
      <CFSlope>1</CFSlope>
      <FC>1764.9077166609761</FC>
      <LP>0.58812516884758748</LP>
      <BETA>3.5909321545569108</BETA>
    </VegetationZoneParameters>
  </VegetationZone>
  <SubCatchment>
    <SubCatchmentParameters>
      <KSI>0.001</KSI>
      <KGmin>0.05</KGmin>
      <RangeKG>0.1</RangeKG>
      <AG>0.1</AG>
      <PERC>0.032010491328093173</PERC>
      <Alpha>0</Alpha>
      <UZL>60.939374903207977</UZL>
      <K0>0.4634402527779079</K0>
      <K1>0.14309243910640612</K1>
      <K2>0.012832989446666183</K2>
      <MAXBAS>1</MAXBAS>
      <Cet>0</Cet>
      <PCALT>10</PCALT>
      <TCALT>0.6</TCALT>
      <Pelev>3022</Pelev>
      <Telev>3058</Telev>
      <PART>0.5</PART>
      <DELAY>1</DELAY>
    </SubCatchmentParameters>
    <SubCatchmentVegetationZone>
      <SubCatchmentVegetationZoneParameters>
        <TT>1.7936585551637474</TT>
        <CFMAX>2.1916787604218082</CFMAX>
        <SP>0</SP>
        <SFCF>0.76966902658556258</SFCF>
        <CFR>0.099999074196340812</CFR>
        <CWH>0.10000022965109415</CWH>
        <CFGlacier>1</CFGlacier>
        <CFSlope>1</CFSlope>
        <FC>1764.9077166609761</FC>
        <LP>0.58812516884758748</LP>
        <BETA>3.5909321545569108</BETA>
      </SubCatchmentVegetationZoneParameters>
    </SubCatchmentVegetationZone>
  </SubCatchment>
</Catchment>