<?xml version="1.0" encoding="utf-8"?>
<Catchment xmlns:xsi="http://www.w3.org/2001/XMLSchema-instance" xmlns:xsd="http://www.w3.org/2001/XMLSchema">
  <CatchmentParameters>
    <KSI>0.001</KSI>
    <KGmin>0.05</KGmin>
    <RangeKG>0.1</RangeKG>
    <AG>0.1</AG>
    <PERC>0.043876776417335776</PERC>
    <Alpha>0</Alpha>
    <UZL>47.351763570793686</UZL>
    <K0>0.49454291586831517</K0>
    <K1>0.16463877651924236</K1>
    <K2>0.010000006890411991</K2>
    <MAXBAS>1</MAXBAS>
    <Cet>0</Cet>
    <PCALT>10</PCALT>
    <TCALT>0.6</TCALT>
    <Pelev>3022</Pelev>
    <Telev>3058</Telev>
    <PART>0.5</PART>
    <DELAY>1</DELAY>
  </CatchmentParameters>
  <VegetationZone>
    <VegetationZoneParameters>
      <TT>1.3155567672922066</TT>
      <CFMAX>1.6409230154605143</CFMAX>
      <SP>0</SP>
      <SFCF>0.69226345098716846</SFCF>
      <CFR>0.063980496833836</CFR>
      <CWH>0.1000015349564231</CWH>
      <CFGlacier>1</CFGlacier>
      <CFSlope>1</CFSlope>
      <FC>792.63603582037217</FC>
      <LP>0.46197875279585959</LP>
      <BETA>4.7610907564425515</BETA>
    </VegetationZoneParameters>
  </VegetationZone>
  <SubCatchment>
    <SubCatchmentParameters>
      <KSI>0.001</KSI>
      <KGmin>0.05</KGmin>
      <RangeKG>0.1</RangeKG>
      <AG>0.1</AG>
      <PERC>0.043876776417335776</PERC>
      <Alpha>0</Alpha>
      <UZL>47.351763570793686</UZL>
      <K0>0.49454291586831517</K0>
      <K1>0.16463877651924236</K1>
      <K2>0.010000006890411991</K2>
      <MAXBAS>1</MAXBAS>
      <Cet>0</Cet>
      <PCALT>10</PCALT>
      <TCALT>0.6</TCALT>
      <Pelev>3022</Pelev>
      <Telev>3058</Telev>
      <PART>0.5</PART>
      <DELAY>1</DELAY>
    </SubCatchmentParameters>
    <SubCatchmentVegetationZone>
      <SubCatchmentVegetationZoneParameters>
        <TT>1.3155567672922066</TT>
        <CFMAX>1.6409230154605143</CFMAX>
        <SP>0</SP>
        <SFCF>0.69226345098716846</SFCF>
        <CFR>0.063980496833836</CFR>
        <CWH>0.1000015349564231</CWH>
        <CFGlacier>1</CFGlacier>
        <CFSlope>1</CFSlope>
        <FC>792.63603582037217</FC>
        <LP>0.46197875279585959</LP>
        <BETA>4.7610907564425515</BETA>
      </SubCatchmentVegetationZoneParameters>
    </SubCatchmentVegetationZone>
  </SubCatchment>
</Catchment>