<?xml version="1.0" encoding="utf-8"?>
<Catchment xmlns:xsi="http://www.w3.org/2001/XMLSchema-instance" xmlns:xsd="http://www.w3.org/2001/XMLSchema">
  <CatchmentParameters>
    <KSI>0.001</KSI>
    <KGmin>0.05</KGmin>
    <RangeKG>0.1</RangeKG>
    <AG>0.1</AG>
    <PERC>9.999990179640875</PERC>
    <Alpha>0</Alpha>
    <UZL>111.95778859497349</UZL>
    <K0>0.23726830603385651</K0>
    <K1>0.13605473029081153</K1>
    <K2>0.11159397186343242</K2>
    <MAXBAS>1.2750778858269385</MAXBAS>
    <Cet>0</Cet>
    <PCALT>10</PCALT>
    <TCALT>0.6</TCALT>
    <Pelev>3022</Pelev>
    <Telev>3058</Telev>
    <PART>0.5</PART>
    <DELAY>1</DELAY>
  </CatchmentParameters>
  <VegetationZone>
    <VegetationZoneParameters>
      <TT>2.4209443772025523</TT>
      <CFMAX>2.4795856367824167</CFMAX>
      <SP>0</SP>
      <SFCF>0.62170688061045021</SFCF>
      <CFR>0.099683599752273422</CFR>
      <CWH>0.19999768967241288</CWH>
      <CFGlacier>1</CFGlacier>
      <CFSlope>1</CFSlope>
      <FC>486.12013543089637</FC>
      <LP>0.47615308694533109</LP>
      <BETA>4.5613139915729075</BETA>
    </VegetationZoneParameters>
  </VegetationZone>
  <SubCatchment>
    <SubCatchmentParameters>
      <KSI>0.001</KSI>
      <KGmin>0.05</KGmin>
      <RangeKG>0.1</RangeKG>
      <AG>0.1</AG>
      <PERC>9.999990179640875</PERC>
      <Alpha>0</Alpha>
      <UZL>111.95778859497349</UZL>
      <K0>0.23726830603385651</K0>
      <K1>0.13605473029081153</K1>
      <K2>0.11159397186343242</K2>
      <MAXBAS>1.2750778858269385</MAXBAS>
      <Cet>0</Cet>
      <PCALT>10</PCALT>
      <TCALT>0.6</TCALT>
      <Pelev>3022</Pelev>
      <Telev>3058</Telev>
      <PART>0.5</PART>
      <DELAY>1</DELAY>
    </SubCatchmentParameters>
    <SubCatchmentVegetationZone>
      <SubCatchmentVegetationZoneParameters>
        <TT>2.4209443772025523</TT>
        <CFMAX>2.4795856367824167</CFMAX>
        <SP>0</SP>
        <SFCF>0.62170688061045021</SFCF>
        <CFR>0.099683599752273422</CFR>
        <CWH>0.19999768967241288</CWH>
        <CFGlacier>1</CFGlacier>
        <CFSlope>1</CFSlope>
        <FC>486.12013543089637</FC>
        <LP>0.47615308694533109</LP>
        <BETA>4.5613139915729075</BETA>
      </SubCatchmentVegetationZoneParameters>
    </SubCatchmentVegetationZone>
  </SubCatchment>
</Catchment>