<?xml version="1.0" encoding="utf-8"?>
<Catchment xmlns:xsi="http://www.w3.org/2001/XMLSchema-instance" xmlns:xsd="http://www.w3.org/2001/XMLSchema">
  <CatchmentParameters>
    <KSI>0.001</KSI>
    <KGmin>0.05</KGmin>
    <RangeKG>0.1</RangeKG>
    <AG>0.1</AG>
    <PERC>7.8012562536480115</PERC>
    <Alpha>0</Alpha>
    <UZL>153.73371812242789</UZL>
    <K0>0.19359415252332535</K0>
    <K1>0.068284850851836859</K1>
    <K2>0.093361909015254277</K2>
    <MAXBAS>1.0149631532590782</MAXBAS>
    <Cet>0</Cet>
    <PCALT>10</PCALT>
    <TCALT>0.6</TCALT>
    <Pelev>3022</Pelev>
    <Telev>3058</Telev>
    <PART>0.5</PART>
    <DELAY>1</DELAY>
  </CatchmentParameters>
  <VegetationZone>
    <VegetationZoneParameters>
      <TT>2.4488319300578829</TT>
      <CFMAX>2.3523831815722804</CFMAX>
      <SP>0</SP>
      <SFCF>0.56423262006204122</SFCF>
      <CFR>0.09999932167265764</CFR>
      <CWH>0.19997348230807421</CWH>
      <CFGlacier>1</CFGlacier>
      <CFSlope>1</CFSlope>
      <FC>374.97122098891913</FC>
      <LP>0.48239336624619</LP>
      <BETA>5.9998750699521546</BETA>
    </VegetationZoneParameters>
  </VegetationZone>
  <SubCatchment>
    <SubCatchmentParameters>
      <KSI>0.001</KSI>
      <KGmin>0.05</KGmin>
      <RangeKG>0.1</RangeKG>
      <AG>0.1</AG>
      <PERC>7.8012562536480115</PERC>
      <Alpha>0</Alpha>
      <UZL>153.73371812242789</UZL>
      <K0>0.19359415252332535</K0>
      <K1>0.068284850851836859</K1>
      <K2>0.093361909015254277</K2>
      <MAXBAS>1.0149631532590782</MAXBAS>
      <Cet>0</Cet>
      <PCALT>10</PCALT>
      <TCALT>0.6</TCALT>
      <Pelev>3022</Pelev>
      <Telev>3058</Telev>
      <PART>0.5</PART>
      <DELAY>1</DELAY>
    </SubCatchmentParameters>
    <SubCatchmentVegetationZone>
      <SubCatchmentVegetationZoneParameters>
        <TT>2.4488319300578829</TT>
        <CFMAX>2.3523831815722804</CFMAX>
        <SP>0</SP>
        <SFCF>0.56423262006204122</SFCF>
        <CFR>0.09999932167265764</CFR>
        <CWH>0.19997348230807421</CWH>
        <CFGlacier>1</CFGlacier>
        <CFSlope>1</CFSlope>
        <FC>374.97122098891913</FC>
        <LP>0.48239336624619</LP>
        <BETA>5.9998750699521546</BETA>
      </SubCatchmentVegetationZoneParameters>
    </SubCatchmentVegetationZone>
  </SubCatchment>
</Catchment>