<?xml version="1.0" encoding="utf-8"?>
<Catchment xmlns:xsi="http://www.w3.org/2001/XMLSchema-instance" xmlns:xsd="http://www.w3.org/2001/XMLSchema">
  <CatchmentParameters>
    <KSI>0.001</KSI>
    <KGmin>0.05</KGmin>
    <RangeKG>0.1</RangeKG>
    <AG>0.1</AG>
    <PERC>0.35245792156193861</PERC>
    <Alpha>0</Alpha>
    <UZL>130.22566570569936</UZL>
    <K0>0.51756012015527086</K0>
    <K1>0.087647673367966028</K1>
    <K2>0.020000000152186208</K2>
    <MAXBAS>1.4047293018060458</MAXBAS>
    <Cet>0</Cet>
    <PCALT>10</PCALT>
    <TCALT>0.6</TCALT>
    <Pelev>3022</Pelev>
    <Telev>3058</Telev>
    <PART>0.5</PART>
    <DELAY>1</DELAY>
  </CatchmentParameters>
  <VegetationZone>
    <VegetationZoneParameters>
      <TT>2.0219130236772358</TT>
      <CFMAX>2.223775121101387</CFMAX>
      <SP>0</SP>
      <SFCF>0.59891729768369351</SFCF>
      <CFR>0.099998587971558167</CFR>
      <CWH>0.19999709792498277</CWH>
      <CFGlacier>1</CFGlacier>
      <CFSlope>1</CFSlope>
      <FC>449.00644483707043</FC>
      <LP>0.60186177198840907</LP>
      <BETA>5.9999933131498207</BETA>
    </VegetationZoneParameters>
  </VegetationZone>
  <SubCatchment>
    <SubCatchmentParameters>
      <KSI>0.001</KSI>
      <KGmin>0.05</KGmin>
      <RangeKG>0.1</RangeKG>
      <AG>0.1</AG>
      <PERC>0.35245792156193861</PERC>
      <Alpha>0</Alpha>
      <UZL>130.22566570569936</UZL>
      <K0>0.51756012015527086</K0>
      <K1>0.087647673367966028</K1>
      <K2>0.020000000152186208</K2>
      <MAXBAS>1.4047293018060458</MAXBAS>
      <Cet>0</Cet>
      <PCALT>10</PCALT>
      <TCALT>0.6</TCALT>
      <Pelev>3022</Pelev>
      <Telev>3058</Telev>
      <PART>0.5</PART>
      <DELAY>1</DELAY>
    </SubCatchmentParameters>
    <SubCatchmentVegetationZone>
      <SubCatchmentVegetationZoneParameters>
        <TT>2.0219130236772358</TT>
        <CFMAX>2.223775121101387</CFMAX>
        <SP>0</SP>
        <SFCF>0.59891729768369351</SFCF>
        <CFR>0.099998587971558167</CFR>
        <CWH>0.19999709792498277</CWH>
        <CFGlacier>1</CFGlacier>
        <CFSlope>1</CFSlope>
        <FC>449.00644483707043</FC>
        <LP>0.60186177198840907</LP>
        <BETA>5.9999933131498207</BETA>
      </SubCatchmentVegetationZoneParameters>
    </SubCatchmentVegetationZone>
  </SubCatchment>
</Catchment>