<?xml version="1.0" encoding="utf-8"?>
<Catchment xmlns:xsi="http://www.w3.org/2001/XMLSchema-instance" xmlns:xsd="http://www.w3.org/2001/XMLSchema">
  <CatchmentParameters>
    <KSI>0.001</KSI>
    <KGmin>0.05</KGmin>
    <RangeKG>0.1</RangeKG>
    <AG>0.1</AG>
    <PERC>9.9999051937697079</PERC>
    <Alpha>0</Alpha>
    <UZL>100.14793517835069</UZL>
    <K0>0.87776327987326375</K0>
    <K1>0.161472796363475</K1>
    <K2>0.10621787643404208</K2>
    <MAXBAS>1.4352197319406519</MAXBAS>
    <Cet>0</Cet>
    <PCALT>10</PCALT>
    <TCALT>0.6</TCALT>
    <Pelev>3022</Pelev>
    <Telev>3058</Telev>
    <PART>0.5</PART>
    <DELAY>1</DELAY>
  </CatchmentParameters>
  <VegetationZone>
    <VegetationZoneParameters>
      <TT>1.9638840701616789</TT>
      <CFMAX>2.210765210469436</CFMAX>
      <SP>0</SP>
      <SFCF>0.65184080327624616</SFCF>
      <CFR>0.0995267553851719</CFR>
      <CWH>0.19999809614279915</CWH>
      <CFGlacier>1</CFGlacier>
      <CFSlope>1</CFSlope>
      <FC>694.12042248432613</FC>
      <LP>0.68019995688751178</LP>
      <BETA>5.9999866312692713</BETA>
    </VegetationZoneParameters>
  </VegetationZone>
  <SubCatchment>
    <SubCatchmentParameters>
      <KSI>0.001</KSI>
      <KGmin>0.05</KGmin>
      <RangeKG>0.1</RangeKG>
      <AG>0.1</AG>
      <PERC>9.9999051937697079</PERC>
      <Alpha>0</Alpha>
      <UZL>100.14793517835069</UZL>
      <K0>0.87776327987326375</K0>
      <K1>0.161472796363475</K1>
      <K2>0.10621787643404208</K2>
      <MAXBAS>1.4352197319406519</MAXBAS>
      <Cet>0</Cet>
      <PCALT>10</PCALT>
      <TCALT>0.6</TCALT>
      <Pelev>3022</Pelev>
      <Telev>3058</Telev>
      <PART>0.5</PART>
      <DELAY>1</DELAY>
    </SubCatchmentParameters>
    <SubCatchmentVegetationZone>
      <SubCatchmentVegetationZoneParameters>
        <TT>1.9638840701616789</TT>
        <CFMAX>2.210765210469436</CFMAX>
        <SP>0</SP>
        <SFCF>0.65184080327624616</SFCF>
        <CFR>0.0995267553851719</CFR>
        <CWH>0.19999809614279915</CWH>
        <CFGlacier>1</CFGlacier>
        <CFSlope>1</CFSlope>
        <FC>694.12042248432613</FC>
        <LP>0.68019995688751178</LP>
        <BETA>5.9999866312692713</BETA>
      </SubCatchmentVegetationZoneParameters>
    </SubCatchmentVegetationZone>
  </SubCatchment>
</Catchment>