<?xml version="1.0" encoding="utf-8"?>
<Catchment xmlns:xsi="http://www.w3.org/2001/XMLSchema-instance" xmlns:xsd="http://www.w3.org/2001/XMLSchema">
  <CatchmentParameters>
    <KSI>0.001</KSI>
    <KGmin>0.05</KGmin>
    <RangeKG>0.1</RangeKG>
    <AG>0.1</AG>
    <PERC>0.0569610467871913</PERC>
    <Alpha>0</Alpha>
    <UZL>160.5905438683717</UZL>
    <K0>0.33009213943415128</K0>
    <K1>0.12632370161193807</K1>
    <K2>0.010000006419508855</K2>
    <MAXBAS>1</MAXBAS>
    <Cet>0</Cet>
    <PCALT>10</PCALT>
    <TCALT>0.6</TCALT>
    <Pelev>3022</Pelev>
    <Telev>3058</Telev>
    <PART>0.5</PART>
    <DELAY>1</DELAY>
  </CatchmentParameters>
  <VegetationZone>
    <VegetationZoneParameters>
      <TT>0.66700217568149589</TT>
      <CFMAX>1.7058116120748836</CFMAX>
      <SP>0</SP>
      <SFCF>0.74740651039829586</SFCF>
      <CFR>0.046407868449544309</CFR>
      <CWH>0.10000160958219226</CWH>
      <CFGlacier>1</CFGlacier>
      <CFSlope>1</CFSlope>
      <FC>690.45139781591342</FC>
      <LP>0.300000802664303</LP>
      <BETA>4.9754126981595652</BETA>
    </VegetationZoneParameters>
  </VegetationZone>
  <SubCatchment>
    <SubCatchmentParameters>
      <KSI>0.001</KSI>
      <KGmin>0.05</KGmin>
      <RangeKG>0.1</RangeKG>
      <AG>0.1</AG>
      <PERC>0.0569610467871913</PERC>
      <Alpha>0</Alpha>
      <UZL>160.5905438683717</UZL>
      <K0>0.33009213943415128</K0>
      <K1>0.12632370161193807</K1>
      <K2>0.010000006419508855</K2>
      <MAXBAS>1</MAXBAS>
      <Cet>0</Cet>
      <PCALT>10</PCALT>
      <TCALT>0.6</TCALT>
      <Pelev>3022</Pelev>
      <Telev>3058</Telev>
      <PART>0.5</PART>
      <DELAY>1</DELAY>
    </SubCatchmentParameters>
    <SubCatchmentVegetationZone>
      <SubCatchmentVegetationZoneParameters>
        <TT>0.66700217568149589</TT>
        <CFMAX>1.7058116120748836</CFMAX>
        <SP>0</SP>
        <SFCF>0.74740651039829586</SFCF>
        <CFR>0.046407868449544309</CFR>
        <CWH>0.10000160958219226</CWH>
        <CFGlacier>1</CFGlacier>
        <CFSlope>1</CFSlope>
        <FC>690.45139781591342</FC>
        <LP>0.300000802664303</LP>
        <BETA>4.9754126981595652</BETA>
      </SubCatchmentVegetationZoneParameters>
    </SubCatchmentVegetationZone>
  </SubCatchment>
</Catchment>