<?xml version="1.0" encoding="utf-8"?>
<Catchment xmlns:xsi="http://www.w3.org/2001/XMLSchema-instance" xmlns:xsd="http://www.w3.org/2001/XMLSchema">
  <CatchmentParameters>
    <KSI>0.001</KSI>
    <KGmin>0.05</KGmin>
    <RangeKG>0.1</RangeKG>
    <AG>0.1</AG>
    <PERC>9.5548701364370316</PERC>
    <Alpha>0</Alpha>
    <UZL>47.628710071912018</UZL>
    <K0>0.4287711320443145</K0>
    <K1>0.1954654394789031</K1>
    <K2>0.10225485432304363</K2>
    <MAXBAS>1.8549810159031586</MAXBAS>
    <Cet>0</Cet>
    <PCALT>10</PCALT>
    <TCALT>0.6</TCALT>
    <Pelev>3022</Pelev>
    <Telev>3058</Telev>
    <PART>0.5</PART>
    <DELAY>1</DELAY>
  </CatchmentParameters>
  <VegetationZone>
    <VegetationZoneParameters>
      <TT>0.72659371134003647</TT>
      <CFMAX>1.4611378244579705</CFMAX>
      <SP>0</SP>
      <SFCF>0.61471148671327391</SFCF>
      <CFR>0.068517764307261544</CFR>
      <CWH>0.19683116972797729</CWH>
      <CFGlacier>1</CFGlacier>
      <CFSlope>1</CFSlope>
      <FC>514.41681735688746</FC>
      <LP>0.54938605990263778</LP>
      <BETA>5.999999997955296</BETA>
    </VegetationZoneParameters>
  </VegetationZone>
  <SubCatchment>
    <SubCatchmentParameters>
      <KSI>0.001</KSI>
      <KGmin>0.05</KGmin>
      <RangeKG>0.1</RangeKG>
      <AG>0.1</AG>
      <PERC>9.5548701364370316</PERC>
      <Alpha>0</Alpha>
      <UZL>47.628710071912018</UZL>
      <K0>0.4287711320443145</K0>
      <K1>0.1954654394789031</K1>
      <K2>0.10225485432304363</K2>
      <MAXBAS>1.8549810159031586</MAXBAS>
      <Cet>0</Cet>
      <PCALT>10</PCALT>
      <TCALT>0.6</TCALT>
      <Pelev>3022</Pelev>
      <Telev>3058</Telev>
      <PART>0.5</PART>
      <DELAY>1</DELAY>
    </SubCatchmentParameters>
    <SubCatchmentVegetationZone>
      <SubCatchmentVegetationZoneParameters>
        <TT>0.72659371134003647</TT>
        <CFMAX>1.4611378244579705</CFMAX>
        <SP>0</SP>
        <SFCF>0.61471148671327391</SFCF>
        <CFR>0.068517764307261544</CFR>
        <CWH>0.19683116972797729</CWH>
        <CFGlacier>1</CFGlacier>
        <CFSlope>1</CFSlope>
        <FC>514.41681735688746</FC>
        <LP>0.54938605990263778</LP>
        <BETA>5.999999997955296</BETA>
      </SubCatchmentVegetationZoneParameters>
    </SubCatchmentVegetationZone>
  </SubCatchment>
</Catchment>