<?xml version="1.0" encoding="utf-8"?>
<Catchment xmlns:xsi="http://www.w3.org/2001/XMLSchema-instance" xmlns:xsd="http://www.w3.org/2001/XMLSchema">
  <CatchmentParameters>
    <KSI>0.001</KSI>
    <KGmin>0.05</KGmin>
    <RangeKG>0.1</RangeKG>
    <AG>0.1</AG>
    <PERC>0.045688081733239787</PERC>
    <Alpha>0</Alpha>
    <UZL>156.63764476334757</UZL>
    <K0>0.29385739381019155</K0>
    <K1>0.1398844526043041</K1>
    <K2>0.010000003394819728</K2>
    <MAXBAS>1</MAXBAS>
    <Cet>0</Cet>
    <PCALT>10</PCALT>
    <TCALT>0.6</TCALT>
    <Pelev>3022</Pelev>
    <Telev>3058</Telev>
    <PART>0.5</PART>
    <DELAY>1</DELAY>
  </CatchmentParameters>
  <VegetationZone>
    <VegetationZoneParameters>
      <TT>0.686898199893334</TT>
      <CFMAX>1.4341293271655451</CFMAX>
      <SP>0</SP>
      <SFCF>0.67655912779072047</SFCF>
      <CFR>0.014181764073216674</CFR>
      <CWH>0.10000091947868994</CWH>
      <CFGlacier>1</CFGlacier>
      <CFSlope>1</CFSlope>
      <FC>736.268704117087</FC>
      <LP>0.51018451067068726</LP>
      <BETA>5.3552433581885248</BETA>
    </VegetationZoneParameters>
  </VegetationZone>
  <SubCatchment>
    <SubCatchmentParameters>
      <KSI>0.001</KSI>
      <KGmin>0.05</KGmin>
      <RangeKG>0.1</RangeKG>
      <AG>0.1</AG>
      <PERC>0.045688081733239787</PERC>
      <Alpha>0</Alpha>
      <UZL>156.63764476334757</UZL>
      <K0>0.29385739381019155</K0>
      <K1>0.1398844526043041</K1>
      <K2>0.010000003394819728</K2>
      <MAXBAS>1</MAXBAS>
      <Cet>0</Cet>
      <PCALT>10</PCALT>
      <TCALT>0.6</TCALT>
      <Pelev>3022</Pelev>
      <Telev>3058</Telev>
      <PART>0.5</PART>
      <DELAY>1</DELAY>
    </SubCatchmentParameters>
    <SubCatchmentVegetationZone>
      <SubCatchmentVegetationZoneParameters>
        <TT>0.686898199893334</TT>
        <CFMAX>1.4341293271655451</CFMAX>
        <SP>0</SP>
        <SFCF>0.67655912779072047</SFCF>
        <CFR>0.014181764073216674</CFR>
        <CWH>0.10000091947868994</CWH>
        <CFGlacier>1</CFGlacier>
        <CFSlope>1</CFSlope>
        <FC>736.268704117087</FC>
        <LP>0.51018451067068726</LP>
        <BETA>5.3552433581885248</BETA>
      </SubCatchmentVegetationZoneParameters>
    </SubCatchmentVegetationZone>
  </SubCatchment>
</Catchment>