<?xml version="1.0" encoding="utf-8"?>
<Catchment xmlns:xsi="http://www.w3.org/2001/XMLSchema-instance" xmlns:xsd="http://www.w3.org/2001/XMLSchema">
  <CatchmentParameters>
    <KSI>0.001</KSI>
    <KGmin>0.05</KGmin>
    <RangeKG>0.1</RangeKG>
    <AG>0.1</AG>
    <PERC>0.047248691159324611</PERC>
    <Alpha>0</Alpha>
    <UZL>155.122593112321</UZL>
    <K0>0.2234635459584228</K0>
    <K1>0.10129387856369893</K1>
    <K2>0.010000001845232753</K2>
    <MAXBAS>1</MAXBAS>
    <Cet>0</Cet>
    <PCALT>10</PCALT>
    <TCALT>0.6</TCALT>
    <Pelev>3022</Pelev>
    <Telev>3058</Telev>
    <PART>0.5</PART>
    <DELAY>1</DELAY>
  </CatchmentParameters>
  <VegetationZone>
    <VegetationZoneParameters>
      <TT>0.61292906584570472</TT>
      <CFMAX>1.9806657853775216</CFMAX>
      <SP>0</SP>
      <SFCF>0.77914883187102335</SFCF>
      <CFR>0.097197586803371733</CFR>
      <CWH>0.10000168429956037</CWH>
      <CFGlacier>1</CFGlacier>
      <CFSlope>1</CFSlope>
      <FC>834.26584603727463</FC>
      <LP>0.45118662776703461</LP>
      <BETA>5.9999310550643337</BETA>
    </VegetationZoneParameters>
  </VegetationZone>
  <SubCatchment>
    <SubCatchmentParameters>
      <KSI>0.001</KSI>
      <KGmin>0.05</KGmin>
      <RangeKG>0.1</RangeKG>
      <AG>0.1</AG>
      <PERC>0.047248691159324611</PERC>
      <Alpha>0</Alpha>
      <UZL>155.122593112321</UZL>
      <K0>0.2234635459584228</K0>
      <K1>0.10129387856369893</K1>
      <K2>0.010000001845232753</K2>
      <MAXBAS>1</MAXBAS>
      <Cet>0</Cet>
      <PCALT>10</PCALT>
      <TCALT>0.6</TCALT>
      <Pelev>3022</Pelev>
      <Telev>3058</Telev>
      <PART>0.5</PART>
      <DELAY>1</DELAY>
    </SubCatchmentParameters>
    <SubCatchmentVegetationZone>
      <SubCatchmentVegetationZoneParameters>
        <TT>0.61292906584570472</TT>
        <CFMAX>1.9806657853775216</CFMAX>
        <SP>0</SP>
        <SFCF>0.77914883187102335</SFCF>
        <CFR>0.097197586803371733</CFR>
        <CWH>0.10000168429956037</CWH>
        <CFGlacier>1</CFGlacier>
        <CFSlope>1</CFSlope>
        <FC>834.26584603727463</FC>
        <LP>0.45118662776703461</LP>
        <BETA>5.9999310550643337</BETA>
      </SubCatchmentVegetationZoneParameters>
    </SubCatchmentVegetationZone>
  </SubCatchment>
</Catchment>