<?xml version="1.0" encoding="utf-8"?>
<Catchment xmlns:xsi="http://www.w3.org/2001/XMLSchema-instance" xmlns:xsd="http://www.w3.org/2001/XMLSchema">
  <CatchmentParameters>
    <KSI>0.001</KSI>
    <KGmin>0.05</KGmin>
    <RangeKG>0.1</RangeKG>
    <AG>0.1</AG>
    <PERC>0.060439373127304866</PERC>
    <Alpha>0</Alpha>
    <UZL>91.320202375547709</UZL>
    <K0>0.057036627244815556</K0>
    <K1>0.14398292523028392</K1>
    <K2>0.013415316439283471</K2>
    <MAXBAS>1</MAXBAS>
    <Cet>0</Cet>
    <PCALT>10</PCALT>
    <TCALT>0.6</TCALT>
    <Pelev>3022</Pelev>
    <Telev>3058</Telev>
    <PART>0.5</PART>
    <DELAY>1</DELAY>
  </CatchmentParameters>
  <VegetationZone>
    <VegetationZoneParameters>
      <TT>0.42301141071968812</TT>
      <CFMAX>1.1715211058859967</CFMAX>
      <SP>0</SP>
      <SFCF>0.6072035573061022</SFCF>
      <CFR>0.07108371127507436</CFR>
      <CWH>0.10000017044829239</CWH>
      <CFGlacier>1</CFGlacier>
      <CFSlope>1</CFSlope>
      <FC>714.7045004313992</FC>
      <LP>0.63638604895032169</LP>
      <BETA>5.9999056929668253</BETA>
    </VegetationZoneParameters>
  </VegetationZone>
  <SubCatchment>
    <SubCatchmentParameters>
      <KSI>0.001</KSI>
      <KGmin>0.05</KGmin>
      <RangeKG>0.1</RangeKG>
      <AG>0.1</AG>
      <PERC>0.060439373127304866</PERC>
      <Alpha>0</Alpha>
      <UZL>91.320202375547709</UZL>
      <K0>0.057036627244815556</K0>
      <K1>0.14398292523028392</K1>
      <K2>0.013415316439283471</K2>
      <MAXBAS>1</MAXBAS>
      <Cet>0</Cet>
      <PCALT>10</PCALT>
      <TCALT>0.6</TCALT>
      <Pelev>3022</Pelev>
      <Telev>3058</Telev>
      <PART>0.5</PART>
      <DELAY>1</DELAY>
    </SubCatchmentParameters>
    <SubCatchmentVegetationZone>
      <SubCatchmentVegetationZoneParameters>
        <TT>0.42301141071968812</TT>
        <CFMAX>1.1715211058859967</CFMAX>
        <SP>0</SP>
        <SFCF>0.6072035573061022</SFCF>
        <CFR>0.07108371127507436</CFR>
        <CWH>0.10000017044829239</CWH>
        <CFGlacier>1</CFGlacier>
        <CFSlope>1</CFSlope>
        <FC>714.7045004313992</FC>
        <LP>0.63638604895032169</LP>
        <BETA>5.9999056929668253</BETA>
      </SubCatchmentVegetationZoneParameters>
    </SubCatchmentVegetationZone>
  </SubCatchment>
</Catchment>