<?xml version="1.0" encoding="utf-8"?>
<Catchment xmlns:xsi="http://www.w3.org/2001/XMLSchema-instance" xmlns:xsd="http://www.w3.org/2001/XMLSchema">
  <CatchmentParameters>
    <KSI>0.001</KSI>
    <KGmin>0.05</KGmin>
    <RangeKG>0.1</RangeKG>
    <AG>0.1</AG>
    <PERC>0.06046732856531481</PERC>
    <Alpha>0</Alpha>
    <UZL>95.821352399081235</UZL>
    <K0>0.050061238489986962</K0>
    <K1>0.12401504871393443</K1>
    <K2>0.014029755320591607</K2>
    <MAXBAS>1</MAXBAS>
    <Cet>0</Cet>
    <PCALT>10</PCALT>
    <TCALT>0.6</TCALT>
    <Pelev>3022</Pelev>
    <Telev>3058</Telev>
    <PART>0.5</PART>
    <DELAY>1</DELAY>
  </CatchmentParameters>
  <VegetationZone>
    <VegetationZoneParameters>
      <TT>0.71050104696141025</TT>
      <CFMAX>1.7189337451182003</CFMAX>
      <SP>0</SP>
      <SFCF>0.74737512048183441</SFCF>
      <CFR>0.032992065938873112</CFR>
      <CWH>0.10000083253275913</CWH>
      <CFGlacier>1</CFGlacier>
      <CFSlope>1</CFSlope>
      <FC>735.99780736681328</FC>
      <LP>0.3203745210879132</LP>
      <BETA>4.3246898254640884</BETA>
    </VegetationZoneParameters>
  </VegetationZone>
  <SubCatchment>
    <SubCatchmentParameters>
      <KSI>0.001</KSI>
      <KGmin>0.05</KGmin>
      <RangeKG>0.1</RangeKG>
      <AG>0.1</AG>
      <PERC>0.06046732856531481</PERC>
      <Alpha>0</Alpha>
      <UZL>95.821352399081235</UZL>
      <K0>0.050061238489986962</K0>
      <K1>0.12401504871393443</K1>
      <K2>0.014029755320591607</K2>
      <MAXBAS>1</MAXBAS>
      <Cet>0</Cet>
      <PCALT>10</PCALT>
      <TCALT>0.6</TCALT>
      <Pelev>3022</Pelev>
      <Telev>3058</Telev>
      <PART>0.5</PART>
      <DELAY>1</DELAY>
    </SubCatchmentParameters>
    <SubCatchmentVegetationZone>
      <SubCatchmentVegetationZoneParameters>
        <TT>0.71050104696141025</TT>
        <CFMAX>1.7189337451182003</CFMAX>
        <SP>0</SP>
        <SFCF>0.74737512048183441</SFCF>
        <CFR>0.032992065938873112</CFR>
        <CWH>0.10000083253275913</CWH>
        <CFGlacier>1</CFGlacier>
        <CFSlope>1</CFSlope>
        <FC>735.99780736681328</FC>
        <LP>0.3203745210879132</LP>
        <BETA>4.3246898254640884</BETA>
      </SubCatchmentVegetationZoneParameters>
    </SubCatchmentVegetationZone>
  </SubCatchment>
</Catchment>