<?xml version="1.0" encoding="utf-8"?>
<Catchment xmlns:xsi="http://www.w3.org/2001/XMLSchema-instance" xmlns:xsd="http://www.w3.org/2001/XMLSchema">
  <CatchmentParameters>
    <KSI>0.001</KSI>
    <KGmin>0.05</KGmin>
    <RangeKG>0.1</RangeKG>
    <AG>0.1</AG>
    <PERC>9.9999519612737089</PERC>
    <Alpha>0</Alpha>
    <UZL>57.684532153610185</UZL>
    <K0>0.43105331731030333</K0>
    <K1>0.20958731049402068</K1>
    <K2>0.11385994145106154</K2>
    <MAXBAS>1.5349414201293259</MAXBAS>
    <Cet>0</Cet>
    <PCALT>10</PCALT>
    <TCALT>0.6</TCALT>
    <Pelev>3022</Pelev>
    <Telev>3058</Telev>
    <PART>0.5</PART>
    <DELAY>1</DELAY>
  </CatchmentParameters>
  <VegetationZone>
    <VegetationZoneParameters>
      <TT>2.0103229846790973</TT>
      <CFMAX>2.0056436488277134</CFMAX>
      <SP>0</SP>
      <SFCF>0.59294995259471917</SFCF>
      <CFR>0.075441062111287</CFR>
      <CWH>0.19999819304533176</CWH>
      <CFGlacier>1</CFGlacier>
      <CFSlope>1</CFSlope>
      <FC>610.89168032315649</FC>
      <LP>0.72691185898149113</LP>
      <BETA>5.9999872545680208</BETA>
    </VegetationZoneParameters>
  </VegetationZone>
  <SubCatchment>
    <SubCatchmentParameters>
      <KSI>0.001</KSI>
      <KGmin>0.05</KGmin>
      <RangeKG>0.1</RangeKG>
      <AG>0.1</AG>
      <PERC>9.9999519612737089</PERC>
      <Alpha>0</Alpha>
      <UZL>57.684532153610185</UZL>
      <K0>0.43105331731030333</K0>
      <K1>0.20958731049402068</K1>
      <K2>0.11385994145106154</K2>
      <MAXBAS>1.5349414201293259</MAXBAS>
      <Cet>0</Cet>
      <PCALT>10</PCALT>
      <TCALT>0.6</TCALT>
      <Pelev>3022</Pelev>
      <Telev>3058</Telev>
      <PART>0.5</PART>
      <DELAY>1</DELAY>
    </SubCatchmentParameters>
    <SubCatchmentVegetationZone>
      <SubCatchmentVegetationZoneParameters>
        <TT>2.0103229846790973</TT>
        <CFMAX>2.0056436488277134</CFMAX>
        <SP>0</SP>
        <SFCF>0.59294995259471917</SFCF>
        <CFR>0.075441062111287</CFR>
        <CWH>0.19999819304533176</CWH>
        <CFGlacier>1</CFGlacier>
        <CFSlope>1</CFSlope>
        <FC>610.89168032315649</FC>
        <LP>0.72691185898149113</LP>
        <BETA>5.9999872545680208</BETA>
      </SubCatchmentVegetationZoneParameters>
    </SubCatchmentVegetationZone>
  </SubCatchment>
</Catchment>