<?xml version="1.0" encoding="utf-8"?>
<Catchment xmlns:xsi="http://www.w3.org/2001/XMLSchema-instance" xmlns:xsd="http://www.w3.org/2001/XMLSchema">
  <CatchmentParameters>
    <KSI>0.001</KSI>
    <KGmin>0.05</KGmin>
    <RangeKG>0.1</RangeKG>
    <AG>0.1</AG>
    <PERC>9.9999920794680968</PERC>
    <Alpha>0</Alpha>
    <UZL>136.47758819084677</UZL>
    <K0>0.18243664465724527</K0>
    <K1>0.13557313556049683</K1>
    <K2>0.11036611869243462</K2>
    <MAXBAS>1.4949421000057086</MAXBAS>
    <Cet>0</Cet>
    <PCALT>10</PCALT>
    <TCALT>0.6</TCALT>
    <Pelev>3022</Pelev>
    <Telev>3058</Telev>
    <PART>0.5</PART>
    <DELAY>1</DELAY>
  </CatchmentParameters>
  <VegetationZone>
    <VegetationZoneParameters>
      <TT>2.1779949342717848</TT>
      <CFMAX>2.3621488248940872</CFMAX>
      <SP>0</SP>
      <SFCF>0.64526203228808332</SFCF>
      <CFR>0.099999722943968458</CFR>
      <CWH>0.19999948311609625</CWH>
      <CFGlacier>1</CFGlacier>
      <CFSlope>1</CFSlope>
      <FC>531.1586453888998</FC>
      <LP>0.50563025311675014</LP>
      <BETA>4.76667087150756</BETA>
    </VegetationZoneParameters>
  </VegetationZone>
  <SubCatchment>
    <SubCatchmentParameters>
      <KSI>0.001</KSI>
      <KGmin>0.05</KGmin>
      <RangeKG>0.1</RangeKG>
      <AG>0.1</AG>
      <PERC>9.9999920794680968</PERC>
      <Alpha>0</Alpha>
      <UZL>136.47758819084677</UZL>
      <K0>0.18243664465724527</K0>
      <K1>0.13557313556049683</K1>
      <K2>0.11036611869243462</K2>
      <MAXBAS>1.4949421000057086</MAXBAS>
      <Cet>0</Cet>
      <PCALT>10</PCALT>
      <TCALT>0.6</TCALT>
      <Pelev>3022</Pelev>
      <Telev>3058</Telev>
      <PART>0.5</PART>
      <DELAY>1</DELAY>
    </SubCatchmentParameters>
    <SubCatchmentVegetationZone>
      <SubCatchmentVegetationZoneParameters>
        <TT>2.1779949342717848</TT>
        <CFMAX>2.3621488248940872</CFMAX>
        <SP>0</SP>
        <SFCF>0.64526203228808332</SFCF>
        <CFR>0.099999722943968458</CFR>
        <CWH>0.19999948311609625</CWH>
        <CFGlacier>1</CFGlacier>
        <CFSlope>1</CFSlope>
        <FC>531.1586453888998</FC>
        <LP>0.50563025311675014</LP>
        <BETA>4.76667087150756</BETA>
      </SubCatchmentVegetationZoneParameters>
    </SubCatchmentVegetationZone>
  </SubCatchment>
</Catchment>