<?xml version="1.0" encoding="utf-8"?>
<Catchment xmlns:xsi="http://www.w3.org/2001/XMLSchema-instance" xmlns:xsd="http://www.w3.org/2001/XMLSchema">
  <CatchmentParameters>
    <KSI>0.001</KSI>
    <KGmin>0.05</KGmin>
    <RangeKG>0.1</RangeKG>
    <AG>0.1</AG>
    <PERC>0.035893835729955942</PERC>
    <Alpha>0</Alpha>
    <UZL>152.96667914209581</UZL>
    <K0>0.88505858773695945</K0>
    <K1>0.13720378830976907</K1>
    <K2>0.010000009789534529</K2>
    <MAXBAS>1</MAXBAS>
    <Cet>0</Cet>
    <PCALT>10</PCALT>
    <TCALT>0.6</TCALT>
    <Pelev>3022</Pelev>
    <Telev>3058</Telev>
    <PART>0.5</PART>
    <DELAY>1</DELAY>
  </CatchmentParameters>
  <VegetationZone>
    <VegetationZoneParameters>
      <TT>1.5946430940308498</TT>
      <CFMAX>2.233076067811528</CFMAX>
      <SP>0</SP>
      <SFCF>0.80229075760730617</SFCF>
      <CFR>0.065015178434444279</CFR>
      <CWH>0.19999964062301956</CWH>
      <CFGlacier>1</CFGlacier>
      <CFSlope>1</CFSlope>
      <FC>1796.0863679376528</FC>
      <LP>0.61443773485767639</LP>
      <BETA>4.6094876068043442</BETA>
    </VegetationZoneParameters>
  </VegetationZone>
  <SubCatchment>
    <SubCatchmentParameters>
      <KSI>0.001</KSI>
      <KGmin>0.05</KGmin>
      <RangeKG>0.1</RangeKG>
      <AG>0.1</AG>
      <PERC>0.035893835729955942</PERC>
      <Alpha>0</Alpha>
      <UZL>152.96667914209581</UZL>
      <K0>0.88505858773695945</K0>
      <K1>0.13720378830976907</K1>
      <K2>0.010000009789534529</K2>
      <MAXBAS>1</MAXBAS>
      <Cet>0</Cet>
      <PCALT>10</PCALT>
      <TCALT>0.6</TCALT>
      <Pelev>3022</Pelev>
      <Telev>3058</Telev>
      <PART>0.5</PART>
      <DELAY>1</DELAY>
    </SubCatchmentParameters>
    <SubCatchmentVegetationZone>
      <SubCatchmentVegetationZoneParameters>
        <TT>1.5946430940308498</TT>
        <CFMAX>2.233076067811528</CFMAX>
        <SP>0</SP>
        <SFCF>0.80229075760730617</SFCF>
        <CFR>0.065015178434444279</CFR>
        <CWH>0.19999964062301956</CWH>
        <CFGlacier>1</CFGlacier>
        <CFSlope>1</CFSlope>
        <FC>1796.0863679376528</FC>
        <LP>0.61443773485767639</LP>
        <BETA>4.6094876068043442</BETA>
      </SubCatchmentVegetationZoneParameters>
    </SubCatchmentVegetationZone>
  </SubCatchment>
</Catchment>