<?xml version="1.0" encoding="utf-8"?>
<Catchment xmlns:xsi="http://www.w3.org/2001/XMLSchema-instance" xmlns:xsd="http://www.w3.org/2001/XMLSchema">
  <CatchmentParameters>
    <KSI>0.001</KSI>
    <KGmin>0.05</KGmin>
    <RangeKG>0.1</RangeKG>
    <AG>0.1</AG>
    <PERC>7.5409721660760258</PERC>
    <Alpha>0</Alpha>
    <UZL>74.896072373510663</UZL>
    <K0>0.18365142809379856</K0>
    <K1>0.12611323277205835</K1>
    <K2>0.11552221192205479</K2>
    <MAXBAS>1.4724530659351807</MAXBAS>
    <Cet>0</Cet>
    <PCALT>10</PCALT>
    <TCALT>0.6</TCALT>
    <Pelev>3022</Pelev>
    <Telev>3058</Telev>
    <PART>0.5</PART>
    <DELAY>1</DELAY>
  </CatchmentParameters>
  <VegetationZone>
    <VegetationZoneParameters>
      <TT>2.3571528669746553</TT>
      <CFMAX>2.2073878287185549</CFMAX>
      <SP>0</SP>
      <SFCF>0.59024429177378257</SFCF>
      <CFR>0.0999997322331771</CFR>
      <CWH>0.19999999780439326</CWH>
      <CFGlacier>1</CFGlacier>
      <CFSlope>1</CFSlope>
      <FC>567.11346946012532</FC>
      <LP>0.66369403348689071</LP>
      <BETA>5.3699477970466232</BETA>
    </VegetationZoneParameters>
  </VegetationZone>
  <SubCatchment>
    <SubCatchmentParameters>
      <KSI>0.001</KSI>
      <KGmin>0.05</KGmin>
      <RangeKG>0.1</RangeKG>
      <AG>0.1</AG>
      <PERC>7.5409721660760258</PERC>
      <Alpha>0</Alpha>
      <UZL>74.896072373510663</UZL>
      <K0>0.18365142809379856</K0>
      <K1>0.12611323277205835</K1>
      <K2>0.11552221192205479</K2>
      <MAXBAS>1.4724530659351807</MAXBAS>
      <Cet>0</Cet>
      <PCALT>10</PCALT>
      <TCALT>0.6</TCALT>
      <Pelev>3022</Pelev>
      <Telev>3058</Telev>
      <PART>0.5</PART>
      <DELAY>1</DELAY>
    </SubCatchmentParameters>
    <SubCatchmentVegetationZone>
      <SubCatchmentVegetationZoneParameters>
        <TT>2.3571528669746553</TT>
        <CFMAX>2.2073878287185549</CFMAX>
        <SP>0</SP>
        <SFCF>0.59024429177378257</SFCF>
        <CFR>0.0999997322331771</CFR>
        <CWH>0.19999999780439326</CWH>
        <CFGlacier>1</CFGlacier>
        <CFSlope>1</CFSlope>
        <FC>567.11346946012532</FC>
        <LP>0.66369403348689071</LP>
        <BETA>5.3699477970466232</BETA>
      </SubCatchmentVegetationZoneParameters>
    </SubCatchmentVegetationZone>
  </SubCatchment>
</Catchment>