<?xml version="1.0" encoding="utf-8"?>
<Catchment xmlns:xsi="http://www.w3.org/2001/XMLSchema-instance" xmlns:xsd="http://www.w3.org/2001/XMLSchema">
  <CatchmentParameters>
    <KSI>0.001</KSI>
    <KGmin>0.05</KGmin>
    <RangeKG>0.1</RangeKG>
    <AG>0.1</AG>
    <PERC>8.9026456235666913</PERC>
    <Alpha>0</Alpha>
    <UZL>91.075466316337568</UZL>
    <K0>0.050007905904887767</K0>
    <K1>0.29716089931000889</K1>
    <K2>0.11947767527791381</K2>
    <MAXBAS>1.7149425552664122</MAXBAS>
    <Cet>0</Cet>
    <PCALT>10</PCALT>
    <TCALT>0.6</TCALT>
    <Pelev>3022</Pelev>
    <Telev>3058</Telev>
    <PART>0.5</PART>
    <DELAY>1</DELAY>
  </CatchmentParameters>
  <VegetationZone>
    <VegetationZoneParameters>
      <TT>1.505994370488587</TT>
      <CFMAX>1.775548047622632</CFMAX>
      <SP>0</SP>
      <SFCF>0.66279206172369054</SFCF>
      <CFR>0.050329483236129229</CFR>
      <CWH>0.16889578338675862</CWH>
      <CFGlacier>1</CFGlacier>
      <CFSlope>1</CFSlope>
      <FC>559.7649647335063</FC>
      <LP>0.49942137550783461</LP>
      <BETA>4.7409354126531591</BETA>
    </VegetationZoneParameters>
  </VegetationZone>
  <SubCatchment>
    <SubCatchmentParameters>
      <KSI>0.001</KSI>
      <KGmin>0.05</KGmin>
      <RangeKG>0.1</RangeKG>
      <AG>0.1</AG>
      <PERC>8.9026456235666913</PERC>
      <Alpha>0</Alpha>
      <UZL>91.075466316337568</UZL>
      <K0>0.050007905904887767</K0>
      <K1>0.29716089931000889</K1>
      <K2>0.11947767527791381</K2>
      <MAXBAS>1.7149425552664122</MAXBAS>
      <Cet>0</Cet>
      <PCALT>10</PCALT>
      <TCALT>0.6</TCALT>
      <Pelev>3022</Pelev>
      <Telev>3058</Telev>
      <PART>0.5</PART>
      <DELAY>1</DELAY>
    </SubCatchmentParameters>
    <SubCatchmentVegetationZone>
      <SubCatchmentVegetationZoneParameters>
        <TT>1.505994370488587</TT>
        <CFMAX>1.775548047622632</CFMAX>
        <SP>0</SP>
        <SFCF>0.66279206172369054</SFCF>
        <CFR>0.050329483236129229</CFR>
        <CWH>0.16889578338675862</CWH>
        <CFGlacier>1</CFGlacier>
        <CFSlope>1</CFSlope>
        <FC>559.7649647335063</FC>
        <LP>0.49942137550783461</LP>
        <BETA>4.7409354126531591</BETA>
      </SubCatchmentVegetationZoneParameters>
    </SubCatchmentVegetationZone>
  </SubCatchment>
</Catchment>