<?xml version="1.0" encoding="utf-8"?>
<Catchment xmlns:xsi="http://www.w3.org/2001/XMLSchema-instance" xmlns:xsd="http://www.w3.org/2001/XMLSchema">
  <CatchmentParameters>
    <KSI>0.001</KSI>
    <KGmin>0.05</KGmin>
    <RangeKG>0.1</RangeKG>
    <AG>0.1</AG>
    <PERC>0.060231243467705094</PERC>
    <Alpha>0</Alpha>
    <UZL>199.3954421796349</UZL>
    <K0>0.5861351388633258</K0>
    <K1>0.12859857741987146</K1>
    <K2>0.010000010090347965</K2>
    <MAXBAS>1</MAXBAS>
    <Cet>0</Cet>
    <PCALT>10</PCALT>
    <TCALT>0.6</TCALT>
    <Pelev>3022</Pelev>
    <Telev>3058</Telev>
    <PART>0.5</PART>
    <DELAY>1</DELAY>
  </CatchmentParameters>
  <VegetationZone>
    <VegetationZoneParameters>
      <TT>-0.058009779285475141</TT>
      <CFMAX>1.4132224921279</CFMAX>
      <SP>0</SP>
      <SFCF>0.75870415990818529</SFCF>
      <CFR>0.029459960231766995</CFR>
      <CWH>0.11534900058955711</CWH>
      <CFGlacier>1</CFGlacier>
      <CFSlope>1</CFSlope>
      <FC>724.252361092014</FC>
      <LP>0.30080200596311546</LP>
      <BETA>5.7967560057866869</BETA>
    </VegetationZoneParameters>
  </VegetationZone>
  <SubCatchment>
    <SubCatchmentParameters>
      <KSI>0.001</KSI>
      <KGmin>0.05</KGmin>
      <RangeKG>0.1</RangeKG>
      <AG>0.1</AG>
      <PERC>0.060231243467705094</PERC>
      <Alpha>0</Alpha>
      <UZL>199.3954421796349</UZL>
      <K0>0.5861351388633258</K0>
      <K1>0.12859857741987146</K1>
      <K2>0.010000010090347965</K2>
      <MAXBAS>1</MAXBAS>
      <Cet>0</Cet>
      <PCALT>10</PCALT>
      <TCALT>0.6</TCALT>
      <Pelev>3022</Pelev>
      <Telev>3058</Telev>
      <PART>0.5</PART>
      <DELAY>1</DELAY>
    </SubCatchmentParameters>
    <SubCatchmentVegetationZone>
      <SubCatchmentVegetationZoneParameters>
        <TT>-0.058009779285475141</TT>
        <CFMAX>1.4132224921279</CFMAX>
        <SP>0</SP>
        <SFCF>0.75870415990818529</SFCF>
        <CFR>0.029459960231766995</CFR>
        <CWH>0.11534900058955711</CWH>
        <CFGlacier>1</CFGlacier>
        <CFSlope>1</CFSlope>
        <FC>724.252361092014</FC>
        <LP>0.30080200596311546</LP>
        <BETA>5.7967560057866869</BETA>
      </SubCatchmentVegetationZoneParameters>
    </SubCatchmentVegetationZone>
  </SubCatchment>
</Catchment>