<?xml version="1.0" encoding="utf-8"?>
<Catchment xmlns:xsi="http://www.w3.org/2001/XMLSchema-instance" xmlns:xsd="http://www.w3.org/2001/XMLSchema">
  <CatchmentParameters>
    <KSI>0.001</KSI>
    <KGmin>0.05</KGmin>
    <RangeKG>0.1</RangeKG>
    <AG>0.1</AG>
    <PERC>0.037684505352226949</PERC>
    <Alpha>0</Alpha>
    <UZL>119.73768489286647</UZL>
    <K0>0.10271960349464798</K0>
    <K1>0.10502949451826145</K1>
    <K2>0.010000393661116628</K2>
    <MAXBAS>1</MAXBAS>
    <Cet>0</Cet>
    <PCALT>10</PCALT>
    <TCALT>0.6</TCALT>
    <Pelev>3022</Pelev>
    <Telev>3058</Telev>
    <PART>0.5</PART>
    <DELAY>1</DELAY>
  </CatchmentParameters>
  <VegetationZone>
    <VegetationZoneParameters>
      <TT>0.0037790275955920964</TT>
      <CFMAX>1.6913102476634394</CFMAX>
      <SP>0</SP>
      <SFCF>0.79350209737599264</SFCF>
      <CFR>0.073436364213028127</CFR>
      <CWH>0.19202620745254412</CWH>
      <CFGlacier>1</CFGlacier>
      <CFSlope>1</CFSlope>
      <FC>932.26511151921682</FC>
      <LP>0.3683367224062461</LP>
      <BETA>4.1059654150322862</BETA>
    </VegetationZoneParameters>
  </VegetationZone>
  <SubCatchment>
    <SubCatchmentParameters>
      <KSI>0.001</KSI>
      <KGmin>0.05</KGmin>
      <RangeKG>0.1</RangeKG>
      <AG>0.1</AG>
      <PERC>0.037684505352226949</PERC>
      <Alpha>0</Alpha>
      <UZL>119.73768489286647</UZL>
      <K0>0.10271960349464798</K0>
      <K1>0.10502949451826145</K1>
      <K2>0.010000393661116628</K2>
      <MAXBAS>1</MAXBAS>
      <Cet>0</Cet>
      <PCALT>10</PCALT>
      <TCALT>0.6</TCALT>
      <Pelev>3022</Pelev>
      <Telev>3058</Telev>
      <PART>0.5</PART>
      <DELAY>1</DELAY>
    </SubCatchmentParameters>
    <SubCatchmentVegetationZone>
      <SubCatchmentVegetationZoneParameters>
        <TT>0.0037790275955920964</TT>
        <CFMAX>1.6913102476634394</CFMAX>
        <SP>0</SP>
        <SFCF>0.79350209737599264</SFCF>
        <CFR>0.073436364213028127</CFR>
        <CWH>0.19202620745254412</CWH>
        <CFGlacier>1</CFGlacier>
        <CFSlope>1</CFSlope>
        <FC>932.26511151921682</FC>
        <LP>0.3683367224062461</LP>
        <BETA>4.1059654150322862</BETA>
      </SubCatchmentVegetationZoneParameters>
    </SubCatchmentVegetationZone>
  </SubCatchment>
</Catchment>