<?xml version="1.0" encoding="utf-8"?>
<Catchment xmlns:xsi="http://www.w3.org/2001/XMLSchema-instance" xmlns:xsd="http://www.w3.org/2001/XMLSchema">
  <CatchmentParameters>
    <KSI>0.001</KSI>
    <KGmin>0.05</KGmin>
    <RangeKG>0.1</RangeKG>
    <AG>0.1</AG>
    <PERC>0.037239830585813927</PERC>
    <Alpha>0</Alpha>
    <UZL>161.45143484401982</UZL>
    <K0>0.80818857829687329</K0>
    <K1>0.13632577975917173</K1>
    <K2>0.014800923500498532</K2>
    <MAXBAS>1</MAXBAS>
    <Cet>0</Cet>
    <PCALT>10</PCALT>
    <TCALT>0.6</TCALT>
    <Pelev>3022</Pelev>
    <Telev>3058</Telev>
    <PART>0.5</PART>
    <DELAY>1</DELAY>
  </CatchmentParameters>
  <VegetationZone>
    <VegetationZoneParameters>
      <TT>0.96251868149473718</TT>
      <CFMAX>1.9229370329974367</CFMAX>
      <SP>0</SP>
      <SFCF>0.83268097190377877</SFCF>
      <CFR>0.059658383321885243</CFR>
      <CWH>0.12134926317067443</CWH>
      <CFGlacier>1</CFGlacier>
      <CFSlope>1</CFSlope>
      <FC>1615.0607379797502</FC>
      <LP>0.50582993591454273</LP>
      <BETA>3.8886849667600649</BETA>
    </VegetationZoneParameters>
  </VegetationZone>
  <SubCatchment>
    <SubCatchmentParameters>
      <KSI>0.001</KSI>
      <KGmin>0.05</KGmin>
      <RangeKG>0.1</RangeKG>
      <AG>0.1</AG>
      <PERC>0.037239830585813927</PERC>
      <Alpha>0</Alpha>
      <UZL>161.45143484401982</UZL>
      <K0>0.80818857829687329</K0>
      <K1>0.13632577975917173</K1>
      <K2>0.014800923500498532</K2>
      <MAXBAS>1</MAXBAS>
      <Cet>0</Cet>
      <PCALT>10</PCALT>
      <TCALT>0.6</TCALT>
      <Pelev>3022</Pelev>
      <Telev>3058</Telev>
      <PART>0.5</PART>
      <DELAY>1</DELAY>
    </SubCatchmentParameters>
    <SubCatchmentVegetationZone>
      <SubCatchmentVegetationZoneParameters>
        <TT>0.96251868149473718</TT>
        <CFMAX>1.9229370329974367</CFMAX>
        <SP>0</SP>
        <SFCF>0.83268097190377877</SFCF>
        <CFR>0.059658383321885243</CFR>
        <CWH>0.12134926317067443</CWH>
        <CFGlacier>1</CFGlacier>
        <CFSlope>1</CFSlope>
        <FC>1615.0607379797502</FC>
        <LP>0.50582993591454273</LP>
        <BETA>3.8886849667600649</BETA>
      </SubCatchmentVegetationZoneParameters>
    </SubCatchmentVegetationZone>
  </SubCatchment>
</Catchment>