<?xml version="1.0" encoding="utf-8"?>
<Catchment xmlns:xsi="http://www.w3.org/2001/XMLSchema-instance" xmlns:xsd="http://www.w3.org/2001/XMLSchema">
  <CatchmentParameters>
    <KSI>0.001</KSI>
    <KGmin>0.05</KGmin>
    <RangeKG>0.1</RangeKG>
    <AG>0.1</AG>
    <PERC>9.9997691053276938</PERC>
    <Alpha>0</Alpha>
    <UZL>197.91930452369957</UZL>
    <K0>0.44238576278227892</K0>
    <K1>0.16944856284569768</K1>
    <K2>0.11193570468786475</K2>
    <MAXBAS>1.294969443908893</MAXBAS>
    <Cet>0</Cet>
    <PCALT>10</PCALT>
    <TCALT>0.6</TCALT>
    <Pelev>3022</Pelev>
    <Telev>3058</Telev>
    <PART>0.5</PART>
    <DELAY>1</DELAY>
  </CatchmentParameters>
  <VegetationZone>
    <VegetationZoneParameters>
      <TT>2.1019103656370861</TT>
      <CFMAX>1.9008277940603418</CFMAX>
      <SP>0</SP>
      <SFCF>0.56285541332624212</SFCF>
      <CFR>0.099999441636357447</CFR>
      <CWH>0.19999525517903646</CWH>
      <CFGlacier>1</CFGlacier>
      <CFSlope>1</CFSlope>
      <FC>495.95712953741167</FC>
      <LP>0.65513058071284314</LP>
      <BETA>5.7775684476603519</BETA>
    </VegetationZoneParameters>
  </VegetationZone>
  <SubCatchment>
    <SubCatchmentParameters>
      <KSI>0.001</KSI>
      <KGmin>0.05</KGmin>
      <RangeKG>0.1</RangeKG>
      <AG>0.1</AG>
      <PERC>9.9997691053276938</PERC>
      <Alpha>0</Alpha>
      <UZL>197.91930452369957</UZL>
      <K0>0.44238576278227892</K0>
      <K1>0.16944856284569768</K1>
      <K2>0.11193570468786475</K2>
      <MAXBAS>1.294969443908893</MAXBAS>
      <Cet>0</Cet>
      <PCALT>10</PCALT>
      <TCALT>0.6</TCALT>
      <Pelev>3022</Pelev>
      <Telev>3058</Telev>
      <PART>0.5</PART>
      <DELAY>1</DELAY>
    </SubCatchmentParameters>
    <SubCatchmentVegetationZone>
      <SubCatchmentVegetationZoneParameters>
        <TT>2.1019103656370861</TT>
        <CFMAX>1.9008277940603418</CFMAX>
        <SP>0</SP>
        <SFCF>0.56285541332624212</SFCF>
        <CFR>0.099999441636357447</CFR>
        <CWH>0.19999525517903646</CWH>
        <CFGlacier>1</CFGlacier>
        <CFSlope>1</CFSlope>
        <FC>495.95712953741167</FC>
        <LP>0.65513058071284314</LP>
        <BETA>5.7775684476603519</BETA>
      </SubCatchmentVegetationZoneParameters>
    </SubCatchmentVegetationZone>
  </SubCatchment>
</Catchment>