<?xml version="1.0" encoding="utf-8"?>
<Catchment xmlns:xsi="http://www.w3.org/2001/XMLSchema-instance" xmlns:xsd="http://www.w3.org/2001/XMLSchema">
  <CatchmentParameters>
    <KSI>0.001</KSI>
    <KGmin>0.05</KGmin>
    <RangeKG>0.1</RangeKG>
    <AG>0.1</AG>
    <PERC>9.9998898099698987</PERC>
    <Alpha>0</Alpha>
    <UZL>137.89927771004426</UZL>
    <K0>0.33158295197711984</K0>
    <K1>0.16517284432185139</K1>
    <K2>0.11456969662922752</K2>
    <MAXBAS>1.3850142139374997</MAXBAS>
    <Cet>0</Cet>
    <PCALT>10</PCALT>
    <TCALT>0.6</TCALT>
    <Pelev>3022</Pelev>
    <Telev>3058</Telev>
    <PART>0.5</PART>
    <DELAY>1</DELAY>
  </CatchmentParameters>
  <VegetationZone>
    <VegetationZoneParameters>
      <TT>2.3979826735955769</TT>
      <CFMAX>2.3227548826437525</CFMAX>
      <SP>0</SP>
      <SFCF>0.60473772356966593</SFCF>
      <CFR>0.099999445192330019</CFR>
      <CWH>0.19999735636737775</CWH>
      <CFGlacier>1</CFGlacier>
      <CFSlope>1</CFSlope>
      <FC>544.97865825490794</FC>
      <LP>0.628208958521054</LP>
      <BETA>5.2710626360811261</BETA>
    </VegetationZoneParameters>
  </VegetationZone>
  <SubCatchment>
    <SubCatchmentParameters>
      <KSI>0.001</KSI>
      <KGmin>0.05</KGmin>
      <RangeKG>0.1</RangeKG>
      <AG>0.1</AG>
      <PERC>9.9998898099698987</PERC>
      <Alpha>0</Alpha>
      <UZL>137.89927771004426</UZL>
      <K0>0.33158295197711984</K0>
      <K1>0.16517284432185139</K1>
      <K2>0.11456969662922752</K2>
      <MAXBAS>1.3850142139374997</MAXBAS>
      <Cet>0</Cet>
      <PCALT>10</PCALT>
      <TCALT>0.6</TCALT>
      <Pelev>3022</Pelev>
      <Telev>3058</Telev>
      <PART>0.5</PART>
      <DELAY>1</DELAY>
    </SubCatchmentParameters>
    <SubCatchmentVegetationZone>
      <SubCatchmentVegetationZoneParameters>
        <TT>2.3979826735955769</TT>
        <CFMAX>2.3227548826437525</CFMAX>
        <SP>0</SP>
        <SFCF>0.60473772356966593</SFCF>
        <CFR>0.099999445192330019</CFR>
        <CWH>0.19999735636737775</CWH>
        <CFGlacier>1</CFGlacier>
        <CFSlope>1</CFSlope>
        <FC>544.97865825490794</FC>
        <LP>0.628208958521054</LP>
        <BETA>5.2710626360811261</BETA>
      </SubCatchmentVegetationZoneParameters>
    </SubCatchmentVegetationZone>
  </SubCatchment>
</Catchment>