<?xml version="1.0" encoding="utf-8"?>
<Catchment xmlns:xsi="http://www.w3.org/2001/XMLSchema-instance" xmlns:xsd="http://www.w3.org/2001/XMLSchema">
  <CatchmentParameters>
    <KSI>0.001</KSI>
    <KGmin>0.05</KGmin>
    <RangeKG>0.1</RangeKG>
    <AG>0.1</AG>
    <PERC>0.049643492731805614</PERC>
    <Alpha>0</Alpha>
    <UZL>120.82373902664912</UZL>
    <K0>0.48715527578465739</K0>
    <K1>0.15844708679137137</K1>
    <K2>0.010811627653192598</K2>
    <MAXBAS>1</MAXBAS>
    <Cet>0</Cet>
    <PCALT>10</PCALT>
    <TCALT>0.6</TCALT>
    <Pelev>3022</Pelev>
    <Telev>3058</Telev>
    <PART>0.5</PART>
    <DELAY>1</DELAY>
  </CatchmentParameters>
  <VegetationZone>
    <VegetationZoneParameters>
      <TT>0.64052971723599006</TT>
      <CFMAX>1.5326474363332068</CFMAX>
      <SP>0</SP>
      <SFCF>0.7489079918926832</SFCF>
      <CFR>0.00701764992461815</CFR>
      <CWH>0.10608014459978651</CWH>
      <CFGlacier>1</CFGlacier>
      <CFSlope>1</CFSlope>
      <FC>916.38788767405049</FC>
      <LP>0.49193621864447024</LP>
      <BETA>5.99999886261647</BETA>
    </VegetationZoneParameters>
  </VegetationZone>
  <SubCatchment>
    <SubCatchmentParameters>
      <KSI>0.001</KSI>
      <KGmin>0.05</KGmin>
      <RangeKG>0.1</RangeKG>
      <AG>0.1</AG>
      <PERC>0.049643492731805614</PERC>
      <Alpha>0</Alpha>
      <UZL>120.82373902664912</UZL>
      <K0>0.48715527578465739</K0>
      <K1>0.15844708679137137</K1>
      <K2>0.010811627653192598</K2>
      <MAXBAS>1</MAXBAS>
      <Cet>0</Cet>
      <PCALT>10</PCALT>
      <TCALT>0.6</TCALT>
      <Pelev>3022</Pelev>
      <Telev>3058</Telev>
      <PART>0.5</PART>
      <DELAY>1</DELAY>
    </SubCatchmentParameters>
    <SubCatchmentVegetationZone>
      <SubCatchmentVegetationZoneParameters>
        <TT>0.64052971723599006</TT>
        <CFMAX>1.5326474363332068</CFMAX>
        <SP>0</SP>
        <SFCF>0.7489079918926832</SFCF>
        <CFR>0.00701764992461815</CFR>
        <CWH>0.10608014459978651</CWH>
        <CFGlacier>1</CFGlacier>
        <CFSlope>1</CFSlope>
        <FC>916.38788767405049</FC>
        <LP>0.49193621864447024</LP>
        <BETA>5.99999886261647</BETA>
      </SubCatchmentVegetationZoneParameters>
    </SubCatchmentVegetationZone>
  </SubCatchment>
</Catchment>