<?xml version="1.0" encoding="utf-8"?>
<Catchment xmlns:xsi="http://www.w3.org/2001/XMLSchema-instance" xmlns:xsd="http://www.w3.org/2001/XMLSchema">
  <CatchmentParameters>
    <KSI>0.001</KSI>
    <KGmin>0.05</KGmin>
    <RangeKG>0.1</RangeKG>
    <AG>0.1</AG>
    <PERC>7.7310170571383861</PERC>
    <Alpha>0</Alpha>
    <UZL>193.12779178203908</UZL>
    <K0>0.42330717576247351</K0>
    <K1>0.07296218619529829</K1>
    <K2>0.083321723575090836</K2>
    <MAXBAS>1.0002205405290732</MAXBAS>
    <Cet>0</Cet>
    <PCALT>10</PCALT>
    <TCALT>0.6</TCALT>
    <Pelev>3022</Pelev>
    <Telev>3058</Telev>
    <PART>0.5</PART>
    <DELAY>1</DELAY>
  </CatchmentParameters>
  <VegetationZone>
    <VegetationZoneParameters>
      <TT>2.131360893968484</TT>
      <CFMAX>2.4395076268332514</CFMAX>
      <SP>0</SP>
      <SFCF>0.63123504432498079</SFCF>
      <CFR>0.099999544255354525</CFR>
      <CWH>0.19998777908725551</CWH>
      <CFGlacier>1</CFGlacier>
      <CFSlope>1</CFSlope>
      <FC>417.36280307604949</FC>
      <LP>0.44310046066765091</LP>
      <BETA>5.99999166347052</BETA>
    </VegetationZoneParameters>
  </VegetationZone>
  <SubCatchment>
    <SubCatchmentParameters>
      <KSI>0.001</KSI>
      <KGmin>0.05</KGmin>
      <RangeKG>0.1</RangeKG>
      <AG>0.1</AG>
      <PERC>7.7310170571383861</PERC>
      <Alpha>0</Alpha>
      <UZL>193.12779178203908</UZL>
      <K0>0.42330717576247351</K0>
      <K1>0.07296218619529829</K1>
      <K2>0.083321723575090836</K2>
      <MAXBAS>1.0002205405290732</MAXBAS>
      <Cet>0</Cet>
      <PCALT>10</PCALT>
      <TCALT>0.6</TCALT>
      <Pelev>3022</Pelev>
      <Telev>3058</Telev>
      <PART>0.5</PART>
      <DELAY>1</DELAY>
    </SubCatchmentParameters>
    <SubCatchmentVegetationZone>
      <SubCatchmentVegetationZoneParameters>
        <TT>2.131360893968484</TT>
        <CFMAX>2.4395076268332514</CFMAX>
        <SP>0</SP>
        <SFCF>0.63123504432498079</SFCF>
        <CFR>0.099999544255354525</CFR>
        <CWH>0.19998777908725551</CWH>
        <CFGlacier>1</CFGlacier>
        <CFSlope>1</CFSlope>
        <FC>417.36280307604949</FC>
        <LP>0.44310046066765091</LP>
        <BETA>5.99999166347052</BETA>
      </SubCatchmentVegetationZoneParameters>
    </SubCatchmentVegetationZone>
  </SubCatchment>
</Catchment>