<?xml version="1.0" encoding="utf-8"?>
<Catchment xmlns:xsi="http://www.w3.org/2001/XMLSchema-instance" xmlns:xsd="http://www.w3.org/2001/XMLSchema">
  <CatchmentParameters>
    <KSI>0.001</KSI>
    <KGmin>0.05</KGmin>
    <RangeKG>0.1</RangeKG>
    <AG>0.1</AG>
    <PERC>5.7907458244198953</PERC>
    <Alpha>0</Alpha>
    <UZL>96.814826729595268</UZL>
    <K0>0.45893659739382731</K0>
    <K1>0.099356972161741219</K1>
    <K2>0.10342755493862796</K2>
    <MAXBAS>1.0149097259992324</MAXBAS>
    <Cet>0</Cet>
    <PCALT>10</PCALT>
    <TCALT>0.6</TCALT>
    <Pelev>3022</Pelev>
    <Telev>3058</Telev>
    <PART>0.5</PART>
    <DELAY>1</DELAY>
  </CatchmentParameters>
  <VegetationZone>
    <VegetationZoneParameters>
      <TT>1.9059888129818365</TT>
      <CFMAX>2.179088033716627</CFMAX>
      <SP>0</SP>
      <SFCF>0.6136542614202134</SFCF>
      <CFR>0.09999972490025566</CFR>
      <CWH>0.19999900498163459</CWH>
      <CFGlacier>1</CFGlacier>
      <CFSlope>1</CFSlope>
      <FC>531.55027422290459</FC>
      <LP>0.616596676864022</LP>
      <BETA>5.9999922328859618</BETA>
    </VegetationZoneParameters>
  </VegetationZone>
  <SubCatchment>
    <SubCatchmentParameters>
      <KSI>0.001</KSI>
      <KGmin>0.05</KGmin>
      <RangeKG>0.1</RangeKG>
      <AG>0.1</AG>
      <PERC>5.7907458244198953</PERC>
      <Alpha>0</Alpha>
      <UZL>96.814826729595268</UZL>
      <K0>0.45893659739382731</K0>
      <K1>0.099356972161741219</K1>
      <K2>0.10342755493862796</K2>
      <MAXBAS>1.0149097259992324</MAXBAS>
      <Cet>0</Cet>
      <PCALT>10</PCALT>
      <TCALT>0.6</TCALT>
      <Pelev>3022</Pelev>
      <Telev>3058</Telev>
      <PART>0.5</PART>
      <DELAY>1</DELAY>
    </SubCatchmentParameters>
    <SubCatchmentVegetationZone>
      <SubCatchmentVegetationZoneParameters>
        <TT>1.9059888129818365</TT>
        <CFMAX>2.179088033716627</CFMAX>
        <SP>0</SP>
        <SFCF>0.6136542614202134</SFCF>
        <CFR>0.09999972490025566</CFR>
        <CWH>0.19999900498163459</CWH>
        <CFGlacier>1</CFGlacier>
        <CFSlope>1</CFSlope>
        <FC>531.55027422290459</FC>
        <LP>0.616596676864022</LP>
        <BETA>5.9999922328859618</BETA>
      </SubCatchmentVegetationZoneParameters>
    </SubCatchmentVegetationZone>
  </SubCatchment>
</Catchment>