<?xml version="1.0" encoding="utf-8"?>
<Catchment xmlns:xsi="http://www.w3.org/2001/XMLSchema-instance" xmlns:xsd="http://www.w3.org/2001/XMLSchema">
  <CatchmentParameters>
    <KSI>0.001</KSI>
    <KGmin>0.05</KGmin>
    <RangeKG>0.1</RangeKG>
    <AG>0.1</AG>
    <PERC>9.999998771864858</PERC>
    <Alpha>0</Alpha>
    <UZL>91.210396624310945</UZL>
    <K0>0.20395236337330078</K0>
    <K1>0.12933075388663157</K1>
    <K2>0.091838033694172358</K2>
    <MAXBAS>1.3066674540937122</MAXBAS>
    <Cet>0</Cet>
    <PCALT>10</PCALT>
    <TCALT>0.6</TCALT>
    <Pelev>3022</Pelev>
    <Telev>3058</Telev>
    <PART>0.5</PART>
    <DELAY>1</DELAY>
  </CatchmentParameters>
  <VegetationZone>
    <VegetationZoneParameters>
      <TT>1.4748597708314333</TT>
      <CFMAX>1.9239618752248511</CFMAX>
      <SP>0</SP>
      <SFCF>0.65056241354611133</SFCF>
      <CFR>0.026790966223615847</CFR>
      <CWH>0.19999247991764579</CWH>
      <CFGlacier>1</CFGlacier>
      <CFSlope>1</CFSlope>
      <FC>478.66973418853325</FC>
      <LP>0.45445275698929483</LP>
      <BETA>5.9884570211462593</BETA>
    </VegetationZoneParameters>
  </VegetationZone>
  <SubCatchment>
    <SubCatchmentParameters>
      <KSI>0.001</KSI>
      <KGmin>0.05</KGmin>
      <RangeKG>0.1</RangeKG>
      <AG>0.1</AG>
      <PERC>9.999998771864858</PERC>
      <Alpha>0</Alpha>
      <UZL>91.210396624310945</UZL>
      <K0>0.20395236337330078</K0>
      <K1>0.12933075388663157</K1>
      <K2>0.091838033694172358</K2>
      <MAXBAS>1.3066674540937122</MAXBAS>
      <Cet>0</Cet>
      <PCALT>10</PCALT>
      <TCALT>0.6</TCALT>
      <Pelev>3022</Pelev>
      <Telev>3058</Telev>
      <PART>0.5</PART>
      <DELAY>1</DELAY>
    </SubCatchmentParameters>
    <SubCatchmentVegetationZone>
      <SubCatchmentVegetationZoneParameters>
        <TT>1.4748597708314333</TT>
        <CFMAX>1.9239618752248511</CFMAX>
        <SP>0</SP>
        <SFCF>0.65056241354611133</SFCF>
        <CFR>0.026790966223615847</CFR>
        <CWH>0.19999247991764579</CWH>
        <CFGlacier>1</CFGlacier>
        <CFSlope>1</CFSlope>
        <FC>478.66973418853325</FC>
        <LP>0.45445275698929483</LP>
        <BETA>5.9884570211462593</BETA>
      </SubCatchmentVegetationZoneParameters>
    </SubCatchmentVegetationZone>
  </SubCatchment>
</Catchment>