<?xml version="1.0" encoding="utf-8"?>
<Catchment xmlns:xsi="http://www.w3.org/2001/XMLSchema-instance" xmlns:xsd="http://www.w3.org/2001/XMLSchema">
  <CatchmentParameters>
    <KSI>0.001</KSI>
    <KGmin>0.05</KGmin>
    <RangeKG>0.1</RangeKG>
    <AG>0.1</AG>
    <PERC>7.7968434447878776</PERC>
    <Alpha>0</Alpha>
    <UZL>106.25979574277653</UZL>
    <K0>0.19713813773687533</K0>
    <K1>0.2223819012948669</K1>
    <K2>0.114738231371079</K2>
    <MAXBAS>1.7148880971935314</MAXBAS>
    <Cet>0</Cet>
    <PCALT>10</PCALT>
    <TCALT>0.6</TCALT>
    <Pelev>3022</Pelev>
    <Telev>3058</Telev>
    <PART>0.5</PART>
    <DELAY>1</DELAY>
  </CatchmentParameters>
  <VegetationZone>
    <VegetationZoneParameters>
      <TT>0.69280946416179023</TT>
      <CFMAX>1.4215803548109225</CFMAX>
      <SP>0</SP>
      <SFCF>0.64213780069937665</SFCF>
      <CFR>0.013274553377692159</CFR>
      <CWH>0.19999928535586287</CWH>
      <CFGlacier>1</CFGlacier>
      <CFSlope>1</CFSlope>
      <FC>455.66948870742453</FC>
      <LP>0.34715756017491778</LP>
      <BETA>5.9741664168299389</BETA>
    </VegetationZoneParameters>
  </VegetationZone>
  <SubCatchment>
    <SubCatchmentParameters>
      <KSI>0.001</KSI>
      <KGmin>0.05</KGmin>
      <RangeKG>0.1</RangeKG>
      <AG>0.1</AG>
      <PERC>7.7968434447878776</PERC>
      <Alpha>0</Alpha>
      <UZL>106.25979574277653</UZL>
      <K0>0.19713813773687533</K0>
      <K1>0.2223819012948669</K1>
      <K2>0.114738231371079</K2>
      <MAXBAS>1.7148880971935314</MAXBAS>
      <Cet>0</Cet>
      <PCALT>10</PCALT>
      <TCALT>0.6</TCALT>
      <Pelev>3022</Pelev>
      <Telev>3058</Telev>
      <PART>0.5</PART>
      <DELAY>1</DELAY>
    </SubCatchmentParameters>
    <SubCatchmentVegetationZone>
      <SubCatchmentVegetationZoneParameters>
        <TT>0.69280946416179023</TT>
        <CFMAX>1.4215803548109225</CFMAX>
        <SP>0</SP>
        <SFCF>0.64213780069937665</SFCF>
        <CFR>0.013274553377692159</CFR>
        <CWH>0.19999928535586287</CWH>
        <CFGlacier>1</CFGlacier>
        <CFSlope>1</CFSlope>
        <FC>455.66948870742453</FC>
        <LP>0.34715756017491778</LP>
        <BETA>5.9741664168299389</BETA>
      </SubCatchmentVegetationZoneParameters>
    </SubCatchmentVegetationZone>
  </SubCatchment>
</Catchment>