<?xml version="1.0" encoding="utf-8"?>
<Catchment xmlns:xsi="http://www.w3.org/2001/XMLSchema-instance" xmlns:xsd="http://www.w3.org/2001/XMLSchema">
  <CatchmentParameters>
    <KSI>0.001</KSI>
    <KGmin>0.05</KGmin>
    <RangeKG>0.1</RangeKG>
    <AG>0.1</AG>
    <PERC>5.8085874677933624</PERC>
    <Alpha>0</Alpha>
    <UZL>118.13548890928909</UZL>
    <K0>0.3349912068306482</K0>
    <K1>0.17410312279022217</K1>
    <K2>0.11882953171250245</K2>
    <MAXBAS>1.5549330456555115</MAXBAS>
    <Cet>0</Cet>
    <PCALT>10</PCALT>
    <TCALT>0.6</TCALT>
    <Pelev>3022</Pelev>
    <Telev>3058</Telev>
    <PART>0.5</PART>
    <DELAY>1</DELAY>
  </CatchmentParameters>
  <VegetationZone>
    <VegetationZoneParameters>
      <TT>0.70169825429907517</TT>
      <CFMAX>1.2284449996121136</CFMAX>
      <SP>0</SP>
      <SFCF>0.57578862700492817</SFCF>
      <CFR>0.029294302711019897</CFR>
      <CWH>0.1999993227642537</CWH>
      <CFGlacier>1</CFGlacier>
      <CFSlope>1</CFSlope>
      <FC>515.63645268141556</FC>
      <LP>0.6072027130113572</LP>
      <BETA>5.9999983364174989</BETA>
    </VegetationZoneParameters>
  </VegetationZone>
  <SubCatchment>
    <SubCatchmentParameters>
      <KSI>0.001</KSI>
      <KGmin>0.05</KGmin>
      <RangeKG>0.1</RangeKG>
      <AG>0.1</AG>
      <PERC>5.8085874677933624</PERC>
      <Alpha>0</Alpha>
      <UZL>118.13548890928909</UZL>
      <K0>0.3349912068306482</K0>
      <K1>0.17410312279022217</K1>
      <K2>0.11882953171250245</K2>
      <MAXBAS>1.5549330456555115</MAXBAS>
      <Cet>0</Cet>
      <PCALT>10</PCALT>
      <TCALT>0.6</TCALT>
      <Pelev>3022</Pelev>
      <Telev>3058</Telev>
      <PART>0.5</PART>
      <DELAY>1</DELAY>
    </SubCatchmentParameters>
    <SubCatchmentVegetationZone>
      <SubCatchmentVegetationZoneParameters>
        <TT>0.70169825429907517</TT>
        <CFMAX>1.2284449996121136</CFMAX>
        <SP>0</SP>
        <SFCF>0.57578862700492817</SFCF>
        <CFR>0.029294302711019897</CFR>
        <CWH>0.1999993227642537</CWH>
        <CFGlacier>1</CFGlacier>
        <CFSlope>1</CFSlope>
        <FC>515.63645268141556</FC>
        <LP>0.6072027130113572</LP>
        <BETA>5.9999983364174989</BETA>
      </SubCatchmentVegetationZoneParameters>
    </SubCatchmentVegetationZone>
  </SubCatchment>
</Catchment>