<?xml version="1.0" encoding="utf-8"?>
<Catchment xmlns:xsi="http://www.w3.org/2001/XMLSchema-instance" xmlns:xsd="http://www.w3.org/2001/XMLSchema">
  <CatchmentParameters>
    <KSI>0.001</KSI>
    <KGmin>0.05</KGmin>
    <RangeKG>0.1</RangeKG>
    <AG>0.1</AG>
    <PERC>0.045018966882781959</PERC>
    <Alpha>0</Alpha>
    <UZL>115.92741426116976</UZL>
    <K0>0.55634406440787765</K0>
    <K1>0.11796842215581674</K1>
    <K2>0.01000001062270389</K2>
    <MAXBAS>1</MAXBAS>
    <Cet>0</Cet>
    <PCALT>10</PCALT>
    <TCALT>0.6</TCALT>
    <Pelev>3022</Pelev>
    <Telev>3058</Telev>
    <PART>0.5</PART>
    <DELAY>1</DELAY>
  </CatchmentParameters>
  <VegetationZone>
    <VegetationZoneParameters>
      <TT>1.2824541300051793</TT>
      <CFMAX>2.1702574264841106</CFMAX>
      <SP>0</SP>
      <SFCF>0.75682825257024811</SFCF>
      <CFR>0.099998331167160392</CFR>
      <CWH>0.10001148528916619</CWH>
      <CFGlacier>1</CFGlacier>
      <CFSlope>1</CFSlope>
      <FC>942.89010495519892</FC>
      <LP>0.52167517570513366</LP>
      <BETA>5.9297798306852574</BETA>
    </VegetationZoneParameters>
  </VegetationZone>
  <SubCatchment>
    <SubCatchmentParameters>
      <KSI>0.001</KSI>
      <KGmin>0.05</KGmin>
      <RangeKG>0.1</RangeKG>
      <AG>0.1</AG>
      <PERC>0.045018966882781959</PERC>
      <Alpha>0</Alpha>
      <UZL>115.92741426116976</UZL>
      <K0>0.55634406440787765</K0>
      <K1>0.11796842215581674</K1>
      <K2>0.01000001062270389</K2>
      <MAXBAS>1</MAXBAS>
      <Cet>0</Cet>
      <PCALT>10</PCALT>
      <TCALT>0.6</TCALT>
      <Pelev>3022</Pelev>
      <Telev>3058</Telev>
      <PART>0.5</PART>
      <DELAY>1</DELAY>
    </SubCatchmentParameters>
    <SubCatchmentVegetationZone>
      <SubCatchmentVegetationZoneParameters>
        <TT>1.2824541300051793</TT>
        <CFMAX>2.1702574264841106</CFMAX>
        <SP>0</SP>
        <SFCF>0.75682825257024811</SFCF>
        <CFR>0.099998331167160392</CFR>
        <CWH>0.10001148528916619</CWH>
        <CFGlacier>1</CFGlacier>
        <CFSlope>1</CFSlope>
        <FC>942.89010495519892</FC>
        <LP>0.52167517570513366</LP>
        <BETA>5.9297798306852574</BETA>
      </SubCatchmentVegetationZoneParameters>
    </SubCatchmentVegetationZone>
  </SubCatchment>
</Catchment>