<?xml version="1.0" encoding="utf-8"?>
<Catchment xmlns:xsi="http://www.w3.org/2001/XMLSchema-instance" xmlns:xsd="http://www.w3.org/2001/XMLSchema">
  <CatchmentParameters>
    <KSI>0.001</KSI>
    <KGmin>0.05</KGmin>
    <RangeKG>0.1</RangeKG>
    <AG>0.1</AG>
    <PERC>8.292301520428417</PERC>
    <Alpha>0</Alpha>
    <UZL>154.62761508427991</UZL>
    <K0>0.18110360734105158</K0>
    <K1>0.15072120520486676</K1>
    <K2>0.1127748225002712</K2>
    <MAXBAS>1.2250116896158407</MAXBAS>
    <Cet>0</Cet>
    <PCALT>10</PCALT>
    <TCALT>0.6</TCALT>
    <Pelev>3022</Pelev>
    <Telev>3058</Telev>
    <PART>0.5</PART>
    <DELAY>1</DELAY>
  </CatchmentParameters>
  <VegetationZone>
    <VegetationZoneParameters>
      <TT>1.8059999345572726</TT>
      <CFMAX>1.8778264697912126</CFMAX>
      <SP>0</SP>
      <SFCF>0.60312132629053739</SFCF>
      <CFR>0.099999700848881323</CFR>
      <CWH>0.19999994759498288</CWH>
      <CFGlacier>1</CFGlacier>
      <CFSlope>1</CFSlope>
      <FC>435.86322660121283</FC>
      <LP>0.40398601998844708</LP>
      <BETA>4.4258071701777464</BETA>
    </VegetationZoneParameters>
  </VegetationZone>
  <SubCatchment>
    <SubCatchmentParameters>
      <KSI>0.001</KSI>
      <KGmin>0.05</KGmin>
      <RangeKG>0.1</RangeKG>
      <AG>0.1</AG>
      <PERC>8.292301520428417</PERC>
      <Alpha>0</Alpha>
      <UZL>154.62761508427991</UZL>
      <K0>0.18110360734105158</K0>
      <K1>0.15072120520486676</K1>
      <K2>0.1127748225002712</K2>
      <MAXBAS>1.2250116896158407</MAXBAS>
      <Cet>0</Cet>
      <PCALT>10</PCALT>
      <TCALT>0.6</TCALT>
      <Pelev>3022</Pelev>
      <Telev>3058</Telev>
      <PART>0.5</PART>
      <DELAY>1</DELAY>
    </SubCatchmentParameters>
    <SubCatchmentVegetationZone>
      <SubCatchmentVegetationZoneParameters>
        <TT>1.8059999345572726</TT>
        <CFMAX>1.8778264697912126</CFMAX>
        <SP>0</SP>
        <SFCF>0.60312132629053739</SFCF>
        <CFR>0.099999700848881323</CFR>
        <CWH>0.19999994759498288</CWH>
        <CFGlacier>1</CFGlacier>
        <CFSlope>1</CFSlope>
        <FC>435.86322660121283</FC>
        <LP>0.40398601998844708</LP>
        <BETA>4.4258071701777464</BETA>
      </SubCatchmentVegetationZoneParameters>
    </SubCatchmentVegetationZone>
  </SubCatchment>
</Catchment>