<?xml version="1.0" encoding="utf-8"?>
<Catchment xmlns:xsi="http://www.w3.org/2001/XMLSchema-instance" xmlns:xsd="http://www.w3.org/2001/XMLSchema">
  <CatchmentParameters>
    <KSI>0.001</KSI>
    <KGmin>0.05</KGmin>
    <RangeKG>0.1</RangeKG>
    <AG>0.1</AG>
    <PERC>6.4234169809964214</PERC>
    <Alpha>0</Alpha>
    <UZL>84.850162714926427</UZL>
    <K0>0.25557023053678174</K0>
    <K1>0.088769501744770662</K1>
    <K2>0.098332837686301952</K2>
    <MAXBAS>1.2148480416709466</MAXBAS>
    <Cet>0</Cet>
    <PCALT>10</PCALT>
    <TCALT>0.6</TCALT>
    <Pelev>3022</Pelev>
    <Telev>3058</Telev>
    <PART>0.5</PART>
    <DELAY>1</DELAY>
  </CatchmentParameters>
  <VegetationZone>
    <VegetationZoneParameters>
      <TT>2.3481656253364087</TT>
      <CFMAX>2.6731007842799177</CFMAX>
      <SP>0</SP>
      <SFCF>0.64902337058033266</SFCF>
      <CFR>0.099999909853705743</CFR>
      <CWH>0.19999263297011724</CWH>
      <CFGlacier>1</CFGlacier>
      <CFSlope>1</CFSlope>
      <FC>578.72912846992551</FC>
      <LP>0.62813562332156869</LP>
      <BETA>5.999994584504547</BETA>
    </VegetationZoneParameters>
  </VegetationZone>
  <SubCatchment>
    <SubCatchmentParameters>
      <KSI>0.001</KSI>
      <KGmin>0.05</KGmin>
      <RangeKG>0.1</RangeKG>
      <AG>0.1</AG>
      <PERC>6.4234169809964214</PERC>
      <Alpha>0</Alpha>
      <UZL>84.850162714926427</UZL>
      <K0>0.25557023053678174</K0>
      <K1>0.088769501744770662</K1>
      <K2>0.098332837686301952</K2>
      <MAXBAS>1.2148480416709466</MAXBAS>
      <Cet>0</Cet>
      <PCALT>10</PCALT>
      <TCALT>0.6</TCALT>
      <Pelev>3022</Pelev>
      <Telev>3058</Telev>
      <PART>0.5</PART>
      <DELAY>1</DELAY>
    </SubCatchmentParameters>
    <SubCatchmentVegetationZone>
      <SubCatchmentVegetationZoneParameters>
        <TT>2.3481656253364087</TT>
        <CFMAX>2.6731007842799177</CFMAX>
        <SP>0</SP>
        <SFCF>0.64902337058033266</SFCF>
        <CFR>0.099999909853705743</CFR>
        <CWH>0.19999263297011724</CWH>
        <CFGlacier>1</CFGlacier>
        <CFSlope>1</CFSlope>
        <FC>578.72912846992551</FC>
        <LP>0.62813562332156869</LP>
        <BETA>5.999994584504547</BETA>
      </SubCatchmentVegetationZoneParameters>
    </SubCatchmentVegetationZone>
  </SubCatchment>
</Catchment>