<?xml version="1.0" encoding="utf-8"?>
<Catchment xmlns:xsi="http://www.w3.org/2001/XMLSchema-instance" xmlns:xsd="http://www.w3.org/2001/XMLSchema">
  <CatchmentParameters>
    <KSI>0.001</KSI>
    <KGmin>0.05</KGmin>
    <RangeKG>0.1</RangeKG>
    <AG>0.1</AG>
    <PERC>9.9998221821504512</PERC>
    <Alpha>0</Alpha>
    <UZL>146.63893069532679</UZL>
    <K0>0.43086160186744582</K0>
    <K1>0.19288634388593626</K1>
    <K2>0.1149591554101834</K2>
    <MAXBAS>1.5143988017800718</MAXBAS>
    <Cet>0</Cet>
    <PCALT>10</PCALT>
    <TCALT>0.6</TCALT>
    <Pelev>3022</Pelev>
    <Telev>3058</Telev>
    <PART>0.5</PART>
    <DELAY>1</DELAY>
  </CatchmentParameters>
  <VegetationZone>
    <VegetationZoneParameters>
      <TT>2.1008791907560478</TT>
      <CFMAX>1.9695492077020238</CFMAX>
      <SP>0</SP>
      <SFCF>0.58348587942996744</SFCF>
      <CFR>0.099999031520936074</CFR>
      <CWH>0.19999958554580954</CWH>
      <CFGlacier>1</CFGlacier>
      <CFSlope>1</CFSlope>
      <FC>605.32766541827345</FC>
      <LP>0.7454976240718284</LP>
      <BETA>5.9999769637047411</BETA>
    </VegetationZoneParameters>
  </VegetationZone>
  <SubCatchment>
    <SubCatchmentParameters>
      <KSI>0.001</KSI>
      <KGmin>0.05</KGmin>
      <RangeKG>0.1</RangeKG>
      <AG>0.1</AG>
      <PERC>9.9998221821504512</PERC>
      <Alpha>0</Alpha>
      <UZL>146.63893069532679</UZL>
      <K0>0.43086160186744582</K0>
      <K1>0.19288634388593626</K1>
      <K2>0.1149591554101834</K2>
      <MAXBAS>1.5143988017800718</MAXBAS>
      <Cet>0</Cet>
      <PCALT>10</PCALT>
      <TCALT>0.6</TCALT>
      <Pelev>3022</Pelev>
      <Telev>3058</Telev>
      <PART>0.5</PART>
      <DELAY>1</DELAY>
    </SubCatchmentParameters>
    <SubCatchmentVegetationZone>
      <SubCatchmentVegetationZoneParameters>
        <TT>2.1008791907560478</TT>
        <CFMAX>1.9695492077020238</CFMAX>
        <SP>0</SP>
        <SFCF>0.58348587942996744</SFCF>
        <CFR>0.099999031520936074</CFR>
        <CWH>0.19999958554580954</CWH>
        <CFGlacier>1</CFGlacier>
        <CFSlope>1</CFSlope>
        <FC>605.32766541827345</FC>
        <LP>0.7454976240718284</LP>
        <BETA>5.9999769637047411</BETA>
      </SubCatchmentVegetationZoneParameters>
    </SubCatchmentVegetationZone>
  </SubCatchment>
</Catchment>