<?xml version="1.0" encoding="utf-8"?>
<Catchment xmlns:xsi="http://www.w3.org/2001/XMLSchema-instance" xmlns:xsd="http://www.w3.org/2001/XMLSchema">
  <CatchmentParameters>
    <KSI>0.001</KSI>
    <KGmin>0.05</KGmin>
    <RangeKG>0.1</RangeKG>
    <AG>0.1</AG>
    <PERC>0.050782686990883508</PERC>
    <Alpha>0</Alpha>
    <UZL>71.16388273902902</UZL>
    <K0>0.43141124182564794</K0>
    <K1>0.13502776763314325</K1>
    <K2>0.020405677204747365</K2>
    <MAXBAS>1</MAXBAS>
    <Cet>0</Cet>
    <PCALT>10</PCALT>
    <TCALT>0.6</TCALT>
    <Pelev>3022</Pelev>
    <Telev>3058</Telev>
    <PART>0.5</PART>
    <DELAY>1</DELAY>
  </CatchmentParameters>
  <VegetationZone>
    <VegetationZoneParameters>
      <TT>0.0059225513281003506</TT>
      <CFMAX>1.6260668613330076</CFMAX>
      <SP>0</SP>
      <SFCF>0.91668441295176961</SFCF>
      <CFR>0.099999682263950812</CFR>
      <CWH>0.13362327794882994</CWH>
      <CFGlacier>1</CFGlacier>
      <CFSlope>1</CFSlope>
      <FC>2106.8193316956613</FC>
      <LP>0.53823533144521163</LP>
      <BETA>4.5983210827871508</BETA>
    </VegetationZoneParameters>
  </VegetationZone>
  <SubCatchment>
    <SubCatchmentParameters>
      <KSI>0.001</KSI>
      <KGmin>0.05</KGmin>
      <RangeKG>0.1</RangeKG>
      <AG>0.1</AG>
      <PERC>0.050782686990883508</PERC>
      <Alpha>0</Alpha>
      <UZL>71.16388273902902</UZL>
      <K0>0.43141124182564794</K0>
      <K1>0.13502776763314325</K1>
      <K2>0.020405677204747365</K2>
      <MAXBAS>1</MAXBAS>
      <Cet>0</Cet>
      <PCALT>10</PCALT>
      <TCALT>0.6</TCALT>
      <Pelev>3022</Pelev>
      <Telev>3058</Telev>
      <PART>0.5</PART>
      <DELAY>1</DELAY>
    </SubCatchmentParameters>
    <SubCatchmentVegetationZone>
      <SubCatchmentVegetationZoneParameters>
        <TT>0.0059225513281003506</TT>
        <CFMAX>1.6260668613330076</CFMAX>
        <SP>0</SP>
        <SFCF>0.91668441295176961</SFCF>
        <CFR>0.099999682263950812</CFR>
        <CWH>0.13362327794882994</CWH>
        <CFGlacier>1</CFGlacier>
        <CFSlope>1</CFSlope>
        <FC>2106.8193316956613</FC>
        <LP>0.53823533144521163</LP>
        <BETA>4.5983210827871508</BETA>
      </SubCatchmentVegetationZoneParameters>
    </SubCatchmentVegetationZone>
  </SubCatchment>
</Catchment>