<?xml version="1.0" encoding="utf-8"?>
<Catchment xmlns:xsi="http://www.w3.org/2001/XMLSchema-instance" xmlns:xsd="http://www.w3.org/2001/XMLSchema">
  <CatchmentParameters>
    <KSI>0.001</KSI>
    <KGmin>0.05</KGmin>
    <RangeKG>0.1</RangeKG>
    <AG>0.1</AG>
    <PERC>4.9248275300827178</PERC>
    <Alpha>0</Alpha>
    <UZL>34.034693916087058</UZL>
    <K0>0.31007228029117689</K0>
    <K1>0.057819667116189334</K1>
    <K2>0.10975679778534876</K2>
    <MAXBAS>1.0042887379509582</MAXBAS>
    <Cet>0</Cet>
    <PCALT>10</PCALT>
    <TCALT>0.6</TCALT>
    <Pelev>3022</Pelev>
    <Telev>3058</Telev>
    <PART>0.5</PART>
    <DELAY>1</DELAY>
  </CatchmentParameters>
  <VegetationZone>
    <VegetationZoneParameters>
      <TT>1.8779758071109451</TT>
      <CFMAX>1.9660270650673473</CFMAX>
      <SP>0</SP>
      <SFCF>0.5753001069635596</SFCF>
      <CFR>0.099999081485686828</CFR>
      <CWH>0.1999873551493502</CWH>
      <CFGlacier>1</CFGlacier>
      <CFSlope>1</CFSlope>
      <FC>388.90620869313329</FC>
      <LP>0.44197472926766979</LP>
      <BETA>5.9999897513612668</BETA>
    </VegetationZoneParameters>
  </VegetationZone>
  <SubCatchment>
    <SubCatchmentParameters>
      <KSI>0.001</KSI>
      <KGmin>0.05</KGmin>
      <RangeKG>0.1</RangeKG>
      <AG>0.1</AG>
      <PERC>4.9248275300827178</PERC>
      <Alpha>0</Alpha>
      <UZL>34.034693916087058</UZL>
      <K0>0.31007228029117689</K0>
      <K1>0.057819667116189334</K1>
      <K2>0.10975679778534876</K2>
      <MAXBAS>1.0042887379509582</MAXBAS>
      <Cet>0</Cet>
      <PCALT>10</PCALT>
      <TCALT>0.6</TCALT>
      <Pelev>3022</Pelev>
      <Telev>3058</Telev>
      <PART>0.5</PART>
      <DELAY>1</DELAY>
    </SubCatchmentParameters>
    <SubCatchmentVegetationZone>
      <SubCatchmentVegetationZoneParameters>
        <TT>1.8779758071109451</TT>
        <CFMAX>1.9660270650673473</CFMAX>
        <SP>0</SP>
        <SFCF>0.5753001069635596</SFCF>
        <CFR>0.099999081485686828</CFR>
        <CWH>0.1999873551493502</CWH>
        <CFGlacier>1</CFGlacier>
        <CFSlope>1</CFSlope>
        <FC>388.90620869313329</FC>
        <LP>0.44197472926766979</LP>
        <BETA>5.9999897513612668</BETA>
      </SubCatchmentVegetationZoneParameters>
    </SubCatchmentVegetationZone>
  </SubCatchment>
</Catchment>