<?xml version="1.0" encoding="utf-8"?>
<Catchment xmlns:xsi="http://www.w3.org/2001/XMLSchema-instance" xmlns:xsd="http://www.w3.org/2001/XMLSchema">
  <CatchmentParameters>
    <KSI>0.001</KSI>
    <KGmin>0.05</KGmin>
    <RangeKG>0.1</RangeKG>
    <AG>0.1</AG>
    <PERC>9.9998632137578625</PERC>
    <Alpha>0</Alpha>
    <UZL>104.86648527712205</UZL>
    <K0>0.11001139302491436</K0>
    <K1>0.12136811284927074</K1>
    <K2>0.10470250352951672</K2>
    <MAXBAS>1.38495189979225</MAXBAS>
    <Cet>0</Cet>
    <PCALT>10</PCALT>
    <TCALT>0.6</TCALT>
    <Pelev>3022</Pelev>
    <Telev>3058</Telev>
    <PART>0.5</PART>
    <DELAY>1</DELAY>
  </CatchmentParameters>
  <VegetationZone>
    <VegetationZoneParameters>
      <TT>2.430403100179698</TT>
      <CFMAX>2.6434928586123743</CFMAX>
      <SP>0</SP>
      <SFCF>0.64971198477437275</SFCF>
      <CFR>0.099998635338114442</CFR>
      <CWH>0.19999848264218237</CWH>
      <CFGlacier>1</CFGlacier>
      <CFSlope>1</CFSlope>
      <FC>579.17276500168953</FC>
      <LP>0.55879442154237657</LP>
      <BETA>4.7871844802920043</BETA>
    </VegetationZoneParameters>
  </VegetationZone>
  <SubCatchment>
    <SubCatchmentParameters>
      <KSI>0.001</KSI>
      <KGmin>0.05</KGmin>
      <RangeKG>0.1</RangeKG>
      <AG>0.1</AG>
      <PERC>9.9998632137578625</PERC>
      <Alpha>0</Alpha>
      <UZL>104.86648527712205</UZL>
      <K0>0.11001139302491436</K0>
      <K1>0.12136811284927074</K1>
      <K2>0.10470250352951672</K2>
      <MAXBAS>1.38495189979225</MAXBAS>
      <Cet>0</Cet>
      <PCALT>10</PCALT>
      <TCALT>0.6</TCALT>
      <Pelev>3022</Pelev>
      <Telev>3058</Telev>
      <PART>0.5</PART>
      <DELAY>1</DELAY>
    </SubCatchmentParameters>
    <SubCatchmentVegetationZone>
      <SubCatchmentVegetationZoneParameters>
        <TT>2.430403100179698</TT>
        <CFMAX>2.6434928586123743</CFMAX>
        <SP>0</SP>
        <SFCF>0.64971198477437275</SFCF>
        <CFR>0.099998635338114442</CFR>
        <CWH>0.19999848264218237</CWH>
        <CFGlacier>1</CFGlacier>
        <CFSlope>1</CFSlope>
        <FC>579.17276500168953</FC>
        <LP>0.55879442154237657</LP>
        <BETA>4.7871844802920043</BETA>
      </SubCatchmentVegetationZoneParameters>
    </SubCatchmentVegetationZone>
  </SubCatchment>
</Catchment>