<?xml version="1.0" encoding="utf-8"?>
<Catchment xmlns:xsi="http://www.w3.org/2001/XMLSchema-instance" xmlns:xsd="http://www.w3.org/2001/XMLSchema">
  <CatchmentParameters>
    <KSI>0.001</KSI>
    <KGmin>0.05</KGmin>
    <RangeKG>0.1</RangeKG>
    <AG>0.1</AG>
    <PERC>9.999946593467568</PERC>
    <Alpha>0</Alpha>
    <UZL>178.73757199274286</UZL>
    <K0>0.49702053246943712</K0>
    <K1>0.10267768193673246</K1>
    <K2>0.093454901336738588</K2>
    <MAXBAS>1.2827634154172751</MAXBAS>
    <Cet>0</Cet>
    <PCALT>10</PCALT>
    <TCALT>0.6</TCALT>
    <Pelev>3022</Pelev>
    <Telev>3058</Telev>
    <PART>0.5</PART>
    <DELAY>1</DELAY>
  </CatchmentParameters>
  <VegetationZone>
    <VegetationZoneParameters>
      <TT>2.0252956842725105</TT>
      <CFMAX>2.4572561100820685</CFMAX>
      <SP>0</SP>
      <SFCF>0.65953000724524924</SFCF>
      <CFR>0.096960062786452264</CFR>
      <CWH>0.19999964073420271</CWH>
      <CFGlacier>1</CFGlacier>
      <CFSlope>1</CFSlope>
      <FC>432.33321753347093</FC>
      <LP>0.3200723905638701</LP>
      <BETA>4.682131060310903</BETA>
    </VegetationZoneParameters>
  </VegetationZone>
  <SubCatchment>
    <SubCatchmentParameters>
      <KSI>0.001</KSI>
      <KGmin>0.05</KGmin>
      <RangeKG>0.1</RangeKG>
      <AG>0.1</AG>
      <PERC>9.999946593467568</PERC>
      <Alpha>0</Alpha>
      <UZL>178.73757199274286</UZL>
      <K0>0.49702053246943712</K0>
      <K1>0.10267768193673246</K1>
      <K2>0.093454901336738588</K2>
      <MAXBAS>1.2827634154172751</MAXBAS>
      <Cet>0</Cet>
      <PCALT>10</PCALT>
      <TCALT>0.6</TCALT>
      <Pelev>3022</Pelev>
      <Telev>3058</Telev>
      <PART>0.5</PART>
      <DELAY>1</DELAY>
    </SubCatchmentParameters>
    <SubCatchmentVegetationZone>
      <SubCatchmentVegetationZoneParameters>
        <TT>2.0252956842725105</TT>
        <CFMAX>2.4572561100820685</CFMAX>
        <SP>0</SP>
        <SFCF>0.65953000724524924</SFCF>
        <CFR>0.096960062786452264</CFR>
        <CWH>0.19999964073420271</CWH>
        <CFGlacier>1</CFGlacier>
        <CFSlope>1</CFSlope>
        <FC>432.33321753347093</FC>
        <LP>0.3200723905638701</LP>
        <BETA>4.682131060310903</BETA>
      </SubCatchmentVegetationZoneParameters>
    </SubCatchmentVegetationZone>
  </SubCatchment>
</Catchment>