<?xml version="1.0" encoding="utf-8"?>
<Catchment xmlns:xsi="http://www.w3.org/2001/XMLSchema-instance" xmlns:xsd="http://www.w3.org/2001/XMLSchema">
  <CatchmentParameters>
    <KSI>0.001</KSI>
    <KGmin>0.05</KGmin>
    <RangeKG>0.1</RangeKG>
    <AG>0.1</AG>
    <PERC>0.047326145961900518</PERC>
    <Alpha>0</Alpha>
    <UZL>94.470651163614676</UZL>
    <K0>0.81599100614462894</K0>
    <K1>0.14796848136389662</K1>
    <K2>0.010690312799448277</K2>
    <MAXBAS>1</MAXBAS>
    <Cet>0</Cet>
    <PCALT>10</PCALT>
    <TCALT>0.6</TCALT>
    <Pelev>3022</Pelev>
    <Telev>3058</Telev>
    <PART>0.5</PART>
    <DELAY>1</DELAY>
  </CatchmentParameters>
  <VegetationZone>
    <VegetationZoneParameters>
      <TT>0.741999715037128</TT>
      <CFMAX>1.2294287871463017</CFMAX>
      <SP>0</SP>
      <SFCF>0.59471409591286828</SFCF>
      <CFR>0.089895840594491946</CFR>
      <CWH>0.10000219731476329</CWH>
      <CFGlacier>1</CFGlacier>
      <CFSlope>1</CFSlope>
      <FC>611.44565741123472</FC>
      <LP>0.54521558289772121</LP>
      <BETA>4.4962558069108347</BETA>
    </VegetationZoneParameters>
  </VegetationZone>
  <SubCatchment>
    <SubCatchmentParameters>
      <KSI>0.001</KSI>
      <KGmin>0.05</KGmin>
      <RangeKG>0.1</RangeKG>
      <AG>0.1</AG>
      <PERC>0.047326145961900518</PERC>
      <Alpha>0</Alpha>
      <UZL>94.470651163614676</UZL>
      <K0>0.81599100614462894</K0>
      <K1>0.14796848136389662</K1>
      <K2>0.010690312799448277</K2>
      <MAXBAS>1</MAXBAS>
      <Cet>0</Cet>
      <PCALT>10</PCALT>
      <TCALT>0.6</TCALT>
      <Pelev>3022</Pelev>
      <Telev>3058</Telev>
      <PART>0.5</PART>
      <DELAY>1</DELAY>
    </SubCatchmentParameters>
    <SubCatchmentVegetationZone>
      <SubCatchmentVegetationZoneParameters>
        <TT>0.741999715037128</TT>
        <CFMAX>1.2294287871463017</CFMAX>
        <SP>0</SP>
        <SFCF>0.59471409591286828</SFCF>
        <CFR>0.089895840594491946</CFR>
        <CWH>0.10000219731476329</CWH>
        <CFGlacier>1</CFGlacier>
        <CFSlope>1</CFSlope>
        <FC>611.44565741123472</FC>
        <LP>0.54521558289772121</LP>
        <BETA>4.4962558069108347</BETA>
      </SubCatchmentVegetationZoneParameters>
    </SubCatchmentVegetationZone>
  </SubCatchment>
</Catchment>