<?xml version="1.0" encoding="utf-8"?>
<Catchment xmlns:xsi="http://www.w3.org/2001/XMLSchema-instance" xmlns:xsd="http://www.w3.org/2001/XMLSchema">
  <CatchmentParameters>
    <KSI>0.001</KSI>
    <KGmin>0.05</KGmin>
    <RangeKG>0.1</RangeKG>
    <AG>0.1</AG>
    <PERC>8.1705678977330365</PERC>
    <Alpha>0</Alpha>
    <UZL>121.38142567164849</UZL>
    <K0>0.555590399148611</K0>
    <K1>0.18004817762861558</K1>
    <K2>0.10786504751318644</K2>
    <MAXBAS>1.5009310864110748</MAXBAS>
    <Cet>0</Cet>
    <PCALT>10</PCALT>
    <TCALT>0.6</TCALT>
    <Pelev>3022</Pelev>
    <Telev>3058</Telev>
    <PART>0.5</PART>
    <DELAY>1</DELAY>
  </CatchmentParameters>
  <VegetationZone>
    <VegetationZoneParameters>
      <TT>1.1983231263040086</TT>
      <CFMAX>1.7471570516654882</CFMAX>
      <SP>0</SP>
      <SFCF>0.63769723419460911</SFCF>
      <CFR>0.099999999849260543</CFR>
      <CWH>0.19999609925020642</CWH>
      <CFGlacier>1</CFGlacier>
      <CFSlope>1</CFSlope>
      <FC>511.38714500371617</FC>
      <LP>0.48937912520132754</LP>
      <BETA>5.6768180258803822</BETA>
    </VegetationZoneParameters>
  </VegetationZone>
  <SubCatchment>
    <SubCatchmentParameters>
      <KSI>0.001</KSI>
      <KGmin>0.05</KGmin>
      <RangeKG>0.1</RangeKG>
      <AG>0.1</AG>
      <PERC>8.1705678977330365</PERC>
      <Alpha>0</Alpha>
      <UZL>121.38142567164849</UZL>
      <K0>0.555590399148611</K0>
      <K1>0.18004817762861558</K1>
      <K2>0.10786504751318644</K2>
      <MAXBAS>1.5009310864110748</MAXBAS>
      <Cet>0</Cet>
      <PCALT>10</PCALT>
      <TCALT>0.6</TCALT>
      <Pelev>3022</Pelev>
      <Telev>3058</Telev>
      <PART>0.5</PART>
      <DELAY>1</DELAY>
    </SubCatchmentParameters>
    <SubCatchmentVegetationZone>
      <SubCatchmentVegetationZoneParameters>
        <TT>1.1983231263040086</TT>
        <CFMAX>1.7471570516654882</CFMAX>
        <SP>0</SP>
        <SFCF>0.63769723419460911</SFCF>
        <CFR>0.099999999849260543</CFR>
        <CWH>0.19999609925020642</CWH>
        <CFGlacier>1</CFGlacier>
        <CFSlope>1</CFSlope>
        <FC>511.38714500371617</FC>
        <LP>0.48937912520132754</LP>
        <BETA>5.6768180258803822</BETA>
      </SubCatchmentVegetationZoneParameters>
    </SubCatchmentVegetationZone>
  </SubCatchment>
</Catchment>