<?xml version="1.0" encoding="utf-8"?>
<Catchment xmlns:xsi="http://www.w3.org/2001/XMLSchema-instance" xmlns:xsd="http://www.w3.org/2001/XMLSchema">
  <CatchmentParameters>
    <KSI>0.001</KSI>
    <KGmin>0.05</KGmin>
    <RangeKG>0.1</RangeKG>
    <AG>0.1</AG>
    <PERC>0.043730394291191264</PERC>
    <Alpha>0</Alpha>
    <UZL>48.598779210709338</UZL>
    <K0>0.62030540774065945</K0>
    <K1>0.12089035727857062</K1>
    <K2>0.010000024986370789</K2>
    <MAXBAS>1</MAXBAS>
    <Cet>0</Cet>
    <PCALT>10</PCALT>
    <TCALT>0.6</TCALT>
    <Pelev>3022</Pelev>
    <Telev>3058</Telev>
    <PART>0.5</PART>
    <DELAY>1</DELAY>
  </CatchmentParameters>
  <VegetationZone>
    <VegetationZoneParameters>
      <TT>0.20078734618090427</TT>
      <CFMAX>1.3884589580475044</CFMAX>
      <SP>0</SP>
      <SFCF>0.70789906971396066</SFCF>
      <CFR>0.063476480065826665</CFR>
      <CWH>0.10496288379386176</CWH>
      <CFGlacier>1</CFGlacier>
      <CFSlope>1</CFSlope>
      <FC>731.1780221999303</FC>
      <LP>0.43163631006758485</LP>
      <BETA>5.0812254406924833</BETA>
    </VegetationZoneParameters>
  </VegetationZone>
  <SubCatchment>
    <SubCatchmentParameters>
      <KSI>0.001</KSI>
      <KGmin>0.05</KGmin>
      <RangeKG>0.1</RangeKG>
      <AG>0.1</AG>
      <PERC>0.043730394291191264</PERC>
      <Alpha>0</Alpha>
      <UZL>48.598779210709338</UZL>
      <K0>0.62030540774065945</K0>
      <K1>0.12089035727857062</K1>
      <K2>0.010000024986370789</K2>
      <MAXBAS>1</MAXBAS>
      <Cet>0</Cet>
      <PCALT>10</PCALT>
      <TCALT>0.6</TCALT>
      <Pelev>3022</Pelev>
      <Telev>3058</Telev>
      <PART>0.5</PART>
      <DELAY>1</DELAY>
    </SubCatchmentParameters>
    <SubCatchmentVegetationZone>
      <SubCatchmentVegetationZoneParameters>
        <TT>0.20078734618090427</TT>
        <CFMAX>1.3884589580475044</CFMAX>
        <SP>0</SP>
        <SFCF>0.70789906971396066</SFCF>
        <CFR>0.063476480065826665</CFR>
        <CWH>0.10496288379386176</CWH>
        <CFGlacier>1</CFGlacier>
        <CFSlope>1</CFSlope>
        <FC>731.1780221999303</FC>
        <LP>0.43163631006758485</LP>
        <BETA>5.0812254406924833</BETA>
      </SubCatchmentVegetationZoneParameters>
    </SubCatchmentVegetationZone>
  </SubCatchment>
</Catchment>