<?xml version="1.0" encoding="utf-8"?>
<Catchment xmlns:xsi="http://www.w3.org/2001/XMLSchema-instance" xmlns:xsd="http://www.w3.org/2001/XMLSchema">
  <CatchmentParameters>
    <KSI>0.001</KSI>
    <KGmin>0.05</KGmin>
    <RangeKG>0.1</RangeKG>
    <AG>0.1</AG>
    <PERC>9.99998634882341</PERC>
    <Alpha>0</Alpha>
    <UZL>60.472507653903293</UZL>
    <K0>0.38455154002433284</K0>
    <K1>0.15608794035395185</K1>
    <K2>0.10564257914083211</K2>
    <MAXBAS>1.425166754424122</MAXBAS>
    <Cet>0</Cet>
    <PCALT>10</PCALT>
    <TCALT>0.6</TCALT>
    <Pelev>3022</Pelev>
    <Telev>3058</Telev>
    <PART>0.5</PART>
    <DELAY>1</DELAY>
  </CatchmentParameters>
  <VegetationZone>
    <VegetationZoneParameters>
      <TT>2.1082123041326617</TT>
      <CFMAX>2.3634832371009948</CFMAX>
      <SP>0</SP>
      <SFCF>0.66721103865700881</SFCF>
      <CFR>0.083920739939012654</CFR>
      <CWH>0.19721100906261824</CWH>
      <CFGlacier>1</CFGlacier>
      <CFSlope>1</CFSlope>
      <FC>559.50403449796272</FC>
      <LP>0.508894727469102</LP>
      <BETA>4.6629531146569052</BETA>
    </VegetationZoneParameters>
  </VegetationZone>
  <SubCatchment>
    <SubCatchmentParameters>
      <KSI>0.001</KSI>
      <KGmin>0.05</KGmin>
      <RangeKG>0.1</RangeKG>
      <AG>0.1</AG>
      <PERC>9.99998634882341</PERC>
      <Alpha>0</Alpha>
      <UZL>60.472507653903293</UZL>
      <K0>0.38455154002433284</K0>
      <K1>0.15608794035395185</K1>
      <K2>0.10564257914083211</K2>
      <MAXBAS>1.425166754424122</MAXBAS>
      <Cet>0</Cet>
      <PCALT>10</PCALT>
      <TCALT>0.6</TCALT>
      <Pelev>3022</Pelev>
      <Telev>3058</Telev>
      <PART>0.5</PART>
      <DELAY>1</DELAY>
    </SubCatchmentParameters>
    <SubCatchmentVegetationZone>
      <SubCatchmentVegetationZoneParameters>
        <TT>2.1082123041326617</TT>
        <CFMAX>2.3634832371009948</CFMAX>
        <SP>0</SP>
        <SFCF>0.66721103865700881</SFCF>
        <CFR>0.083920739939012654</CFR>
        <CWH>0.19721100906261824</CWH>
        <CFGlacier>1</CFGlacier>
        <CFSlope>1</CFSlope>
        <FC>559.50403449796272</FC>
        <LP>0.508894727469102</LP>
        <BETA>4.6629531146569052</BETA>
      </SubCatchmentVegetationZoneParameters>
    </SubCatchmentVegetationZone>
  </SubCatchment>
</Catchment>