<?xml version="1.0" encoding="utf-8"?>
<Catchment xmlns:xsi="http://www.w3.org/2001/XMLSchema-instance" xmlns:xsd="http://www.w3.org/2001/XMLSchema">
  <CatchmentParameters>
    <KSI>0.001</KSI>
    <KGmin>0.05</KGmin>
    <RangeKG>0.1</RangeKG>
    <AG>0.1</AG>
    <PERC>0.046510296340908037</PERC>
    <Alpha>0</Alpha>
    <UZL>170.35238973763612</UZL>
    <K0>0.39038037006207371</K0>
    <K1>0.13124222334660976</K1>
    <K2>0.010000107635010727</K2>
    <MAXBAS>1</MAXBAS>
    <Cet>0</Cet>
    <PCALT>10</PCALT>
    <TCALT>0.6</TCALT>
    <Pelev>3022</Pelev>
    <Telev>3058</Telev>
    <PART>0.5</PART>
    <DELAY>1</DELAY>
  </CatchmentParameters>
  <VegetationZone>
    <VegetationZoneParameters>
      <TT>0.69699523612348258</TT>
      <CFMAX>1.4782695417106404</CFMAX>
      <SP>0</SP>
      <SFCF>0.67017275563555834</SFCF>
      <CFR>0.068021226445807811</CFR>
      <CWH>0.10000360350830188</CWH>
      <CFGlacier>1</CFGlacier>
      <CFSlope>1</CFSlope>
      <FC>653.50421400792936</FC>
      <LP>0.43061528912315811</LP>
      <BETA>4.4814582280229684</BETA>
    </VegetationZoneParameters>
  </VegetationZone>
  <SubCatchment>
    <SubCatchmentParameters>
      <KSI>0.001</KSI>
      <KGmin>0.05</KGmin>
      <RangeKG>0.1</RangeKG>
      <AG>0.1</AG>
      <PERC>0.046510296340908037</PERC>
      <Alpha>0</Alpha>
      <UZL>170.35238973763612</UZL>
      <K0>0.39038037006207371</K0>
      <K1>0.13124222334660976</K1>
      <K2>0.010000107635010727</K2>
      <MAXBAS>1</MAXBAS>
      <Cet>0</Cet>
      <PCALT>10</PCALT>
      <TCALT>0.6</TCALT>
      <Pelev>3022</Pelev>
      <Telev>3058</Telev>
      <PART>0.5</PART>
      <DELAY>1</DELAY>
    </SubCatchmentParameters>
    <SubCatchmentVegetationZone>
      <SubCatchmentVegetationZoneParameters>
        <TT>0.69699523612348258</TT>
        <CFMAX>1.4782695417106404</CFMAX>
        <SP>0</SP>
        <SFCF>0.67017275563555834</SFCF>
        <CFR>0.068021226445807811</CFR>
        <CWH>0.10000360350830188</CWH>
        <CFGlacier>1</CFGlacier>
        <CFSlope>1</CFSlope>
        <FC>653.50421400792936</FC>
        <LP>0.43061528912315811</LP>
        <BETA>4.4814582280229684</BETA>
      </SubCatchmentVegetationZoneParameters>
    </SubCatchmentVegetationZone>
  </SubCatchment>
</Catchment>