<?xml version="1.0" encoding="utf-8"?>
<Catchment xmlns:xsi="http://www.w3.org/2001/XMLSchema-instance" xmlns:xsd="http://www.w3.org/2001/XMLSchema">
  <CatchmentParameters>
    <KSI>0.001</KSI>
    <KGmin>0.05</KGmin>
    <RangeKG>0.1</RangeKG>
    <AG>0.1</AG>
    <PERC>9.9999710981132743</PERC>
    <Alpha>0</Alpha>
    <UZL>89.891804809410615</UZL>
    <K0>0.45547382836133504</K0>
    <K1>0.13404524841259358</K1>
    <K2>0.10775685262975732</K2>
    <MAXBAS>1.3151875031541782</MAXBAS>
    <Cet>0</Cet>
    <PCALT>10</PCALT>
    <TCALT>0.6</TCALT>
    <Pelev>3022</Pelev>
    <Telev>3058</Telev>
    <PART>0.5</PART>
    <DELAY>1</DELAY>
  </CatchmentParameters>
  <VegetationZone>
    <VegetationZoneParameters>
      <TT>2.0314451704948358</TT>
      <CFMAX>1.9248707397646567</CFMAX>
      <SP>0</SP>
      <SFCF>0.55960266457018792</SFCF>
      <CFR>0.093156111141814879</CFR>
      <CWH>0.19999936430138207</CWH>
      <CFGlacier>1</CFGlacier>
      <CFSlope>1</CFSlope>
      <FC>514.26121503840352</FC>
      <LP>0.68643388554338691</LP>
      <BETA>5.9999967437408941</BETA>
    </VegetationZoneParameters>
  </VegetationZone>
  <SubCatchment>
    <SubCatchmentParameters>
      <KSI>0.001</KSI>
      <KGmin>0.05</KGmin>
      <RangeKG>0.1</RangeKG>
      <AG>0.1</AG>
      <PERC>9.9999710981132743</PERC>
      <Alpha>0</Alpha>
      <UZL>89.891804809410615</UZL>
      <K0>0.45547382836133504</K0>
      <K1>0.13404524841259358</K1>
      <K2>0.10775685262975732</K2>
      <MAXBAS>1.3151875031541782</MAXBAS>
      <Cet>0</Cet>
      <PCALT>10</PCALT>
      <TCALT>0.6</TCALT>
      <Pelev>3022</Pelev>
      <Telev>3058</Telev>
      <PART>0.5</PART>
      <DELAY>1</DELAY>
    </SubCatchmentParameters>
    <SubCatchmentVegetationZone>
      <SubCatchmentVegetationZoneParameters>
        <TT>2.0314451704948358</TT>
        <CFMAX>1.9248707397646567</CFMAX>
        <SP>0</SP>
        <SFCF>0.55960266457018792</SFCF>
        <CFR>0.093156111141814879</CFR>
        <CWH>0.19999936430138207</CWH>
        <CFGlacier>1</CFGlacier>
        <CFSlope>1</CFSlope>
        <FC>514.26121503840352</FC>
        <LP>0.68643388554338691</LP>
        <BETA>5.9999967437408941</BETA>
      </SubCatchmentVegetationZoneParameters>
    </SubCatchmentVegetationZone>
  </SubCatchment>
</Catchment>