<?xml version="1.0" encoding="utf-8"?>
<Catchment xmlns:xsi="http://www.w3.org/2001/XMLSchema-instance" xmlns:xsd="http://www.w3.org/2001/XMLSchema">
  <CatchmentParameters>
    <KSI>0.001</KSI>
    <KGmin>0.05</KGmin>
    <RangeKG>0.1</RangeKG>
    <AG>0.1</AG>
    <PERC>0.0398372753537754</PERC>
    <Alpha>0</Alpha>
    <UZL>41.23796363959022</UZL>
    <K0>0.46852868730697417</K0>
    <K1>0.14268155989002915</K1>
    <K2>0.010000000178994788</K2>
    <MAXBAS>1</MAXBAS>
    <Cet>0</Cet>
    <PCALT>10</PCALT>
    <TCALT>0.6</TCALT>
    <Pelev>3022</Pelev>
    <Telev>3058</Telev>
    <PART>0.5</PART>
    <DELAY>1</DELAY>
  </CatchmentParameters>
  <VegetationZone>
    <VegetationZoneParameters>
      <TT>1.858581506629527</TT>
      <CFMAX>2.0850061032794085</CFMAX>
      <SP>0</SP>
      <SFCF>0.71337429328246638</SFCF>
      <CFR>0.099999460071267726</CFR>
      <CWH>0.16477592757155005</CWH>
      <CFGlacier>1</CFGlacier>
      <CFSlope>1</CFSlope>
      <FC>944.04562471641862</FC>
      <LP>0.43993158911896907</LP>
      <BETA>3.1334127435982615</BETA>
    </VegetationZoneParameters>
  </VegetationZone>
  <SubCatchment>
    <SubCatchmentParameters>
      <KSI>0.001</KSI>
      <KGmin>0.05</KGmin>
      <RangeKG>0.1</RangeKG>
      <AG>0.1</AG>
      <PERC>0.0398372753537754</PERC>
      <Alpha>0</Alpha>
      <UZL>41.23796363959022</UZL>
      <K0>0.46852868730697417</K0>
      <K1>0.14268155989002915</K1>
      <K2>0.010000000178994788</K2>
      <MAXBAS>1</MAXBAS>
      <Cet>0</Cet>
      <PCALT>10</PCALT>
      <TCALT>0.6</TCALT>
      <Pelev>3022</Pelev>
      <Telev>3058</Telev>
      <PART>0.5</PART>
      <DELAY>1</DELAY>
    </SubCatchmentParameters>
    <SubCatchmentVegetationZone>
      <SubCatchmentVegetationZoneParameters>
        <TT>1.858581506629527</TT>
        <CFMAX>2.0850061032794085</CFMAX>
        <SP>0</SP>
        <SFCF>0.71337429328246638</SFCF>
        <CFR>0.099999460071267726</CFR>
        <CWH>0.16477592757155005</CWH>
        <CFGlacier>1</CFGlacier>
        <CFSlope>1</CFSlope>
        <FC>944.04562471641862</FC>
        <LP>0.43993158911896907</LP>
        <BETA>3.1334127435982615</BETA>
      </SubCatchmentVegetationZoneParameters>
    </SubCatchmentVegetationZone>
  </SubCatchment>
</Catchment>