<?xml version="1.0" encoding="utf-8"?>
<Catchment xmlns:xsi="http://www.w3.org/2001/XMLSchema-instance" xmlns:xsd="http://www.w3.org/2001/XMLSchema">
  <CatchmentParameters>
    <KSI>0.001</KSI>
    <KGmin>0.05</KGmin>
    <RangeKG>0.1</RangeKG>
    <AG>0.1</AG>
    <PERC>2.1434425305085747</PERC>
    <Alpha>0</Alpha>
    <UZL>117.07633695393163</UZL>
    <K0>0.23491768513366923</K0>
    <K1>0.09540541806410506</K1>
    <K2>0.12781035940828642</K2>
    <MAXBAS>1.0043033425760555</MAXBAS>
    <Cet>0</Cet>
    <PCALT>10</PCALT>
    <TCALT>0.6</TCALT>
    <Pelev>3022</Pelev>
    <Telev>3058</Telev>
    <PART>0.5</PART>
    <DELAY>1</DELAY>
  </CatchmentParameters>
  <VegetationZone>
    <VegetationZoneParameters>
      <TT>1.3239992515911399</TT>
      <CFMAX>1.5120656332829865</CFMAX>
      <SP>0</SP>
      <SFCF>0.57107339425056991</SFCF>
      <CFR>8.87026988947031E-09</CFR>
      <CWH>0.19999898398911464</CWH>
      <CFGlacier>1</CFGlacier>
      <CFSlope>1</CFSlope>
      <FC>374.00316721371752</FC>
      <LP>0.36965115880766564</LP>
      <BETA>5.9999905281702093</BETA>
    </VegetationZoneParameters>
  </VegetationZone>
  <SubCatchment>
    <SubCatchmentParameters>
      <KSI>0.001</KSI>
      <KGmin>0.05</KGmin>
      <RangeKG>0.1</RangeKG>
      <AG>0.1</AG>
      <PERC>2.1434425305085747</PERC>
      <Alpha>0</Alpha>
      <UZL>117.07633695393163</UZL>
      <K0>0.23491768513366923</K0>
      <K1>0.09540541806410506</K1>
      <K2>0.12781035940828642</K2>
      <MAXBAS>1.0043033425760555</MAXBAS>
      <Cet>0</Cet>
      <PCALT>10</PCALT>
      <TCALT>0.6</TCALT>
      <Pelev>3022</Pelev>
      <Telev>3058</Telev>
      <PART>0.5</PART>
      <DELAY>1</DELAY>
    </SubCatchmentParameters>
    <SubCatchmentVegetationZone>
      <SubCatchmentVegetationZoneParameters>
        <TT>1.3239992515911399</TT>
        <CFMAX>1.5120656332829865</CFMAX>
        <SP>0</SP>
        <SFCF>0.57107339425056991</SFCF>
        <CFR>8.87026988947031E-09</CFR>
        <CWH>0.19999898398911464</CWH>
        <CFGlacier>1</CFGlacier>
        <CFSlope>1</CFSlope>
        <FC>374.00316721371752</FC>
        <LP>0.36965115880766564</LP>
        <BETA>5.9999905281702093</BETA>
      </SubCatchmentVegetationZoneParameters>
    </SubCatchmentVegetationZone>
  </SubCatchment>
</Catchment>