<?xml version="1.0" encoding="utf-8"?>
<Catchment xmlns:xsi="http://www.w3.org/2001/XMLSchema-instance" xmlns:xsd="http://www.w3.org/2001/XMLSchema">
  <CatchmentParameters>
    <KSI>0.001</KSI>
    <KGmin>0.05</KGmin>
    <RangeKG>0.1</RangeKG>
    <AG>0.1</AG>
    <PERC>0.060518797620606288</PERC>
    <Alpha>0</Alpha>
    <UZL>125.61017202503919</UZL>
    <K0>0.45514325497472125</K0>
    <K1>0.10841929083163346</K1>
    <K2>0.010000004703395064</K2>
    <MAXBAS>1</MAXBAS>
    <Cet>0</Cet>
    <PCALT>10</PCALT>
    <TCALT>0.6</TCALT>
    <Pelev>3022</Pelev>
    <Telev>3058</Telev>
    <PART>0.5</PART>
    <DELAY>1</DELAY>
  </CatchmentParameters>
  <VegetationZone>
    <VegetationZoneParameters>
      <TT>0.7142876467887106</TT>
      <CFMAX>1.8554853995170795</CFMAX>
      <SP>0</SP>
      <SFCF>0.74112783936409421</SFCF>
      <CFR>0.099819821908014569</CFR>
      <CWH>0.10000095387396175</CWH>
      <CFGlacier>1</CFGlacier>
      <CFSlope>1</CFSlope>
      <FC>655.40078922140867</FC>
      <LP>0.32886432454698267</LP>
      <BETA>5.2678926338146548</BETA>
    </VegetationZoneParameters>
  </VegetationZone>
  <SubCatchment>
    <SubCatchmentParameters>
      <KSI>0.001</KSI>
      <KGmin>0.05</KGmin>
      <RangeKG>0.1</RangeKG>
      <AG>0.1</AG>
      <PERC>0.060518797620606288</PERC>
      <Alpha>0</Alpha>
      <UZL>125.61017202503919</UZL>
      <K0>0.45514325497472125</K0>
      <K1>0.10841929083163346</K1>
      <K2>0.010000004703395064</K2>
      <MAXBAS>1</MAXBAS>
      <Cet>0</Cet>
      <PCALT>10</PCALT>
      <TCALT>0.6</TCALT>
      <Pelev>3022</Pelev>
      <Telev>3058</Telev>
      <PART>0.5</PART>
      <DELAY>1</DELAY>
    </SubCatchmentParameters>
    <SubCatchmentVegetationZone>
      <SubCatchmentVegetationZoneParameters>
        <TT>0.7142876467887106</TT>
        <CFMAX>1.8554853995170795</CFMAX>
        <SP>0</SP>
        <SFCF>0.74112783936409421</SFCF>
        <CFR>0.099819821908014569</CFR>
        <CWH>0.10000095387396175</CWH>
        <CFGlacier>1</CFGlacier>
        <CFSlope>1</CFSlope>
        <FC>655.40078922140867</FC>
        <LP>0.32886432454698267</LP>
        <BETA>5.2678926338146548</BETA>
      </SubCatchmentVegetationZoneParameters>
    </SubCatchmentVegetationZone>
  </SubCatchment>
</Catchment>