<?xml version="1.0" encoding="utf-8"?>
<Catchment xmlns:xsi="http://www.w3.org/2001/XMLSchema-instance" xmlns:xsd="http://www.w3.org/2001/XMLSchema">
  <CatchmentParameters>
    <KSI>0.001</KSI>
    <KGmin>0.05</KGmin>
    <RangeKG>0.1</RangeKG>
    <AG>0.1</AG>
    <PERC>6.2621156434686149</PERC>
    <Alpha>0</Alpha>
    <UZL>15.500758581102309</UZL>
    <K0>0.25977850029916577</K0>
    <K1>0.037213131674694644</K1>
    <K2>0.13156640268628642</K2>
    <MAXBAS>1.1648822710963673</MAXBAS>
    <Cet>0</Cet>
    <PCALT>10</PCALT>
    <TCALT>0.6</TCALT>
    <Pelev>3022</Pelev>
    <Telev>3058</Telev>
    <PART>0.5</PART>
    <DELAY>1</DELAY>
  </CatchmentParameters>
  <VegetationZone>
    <VegetationZoneParameters>
      <TT>2.1306063240076942</TT>
      <CFMAX>1.9843183945406662</CFMAX>
      <SP>0</SP>
      <SFCF>0.55911317199362909</SFCF>
      <CFR>0.099445212409668068</CFR>
      <CWH>0.19999777674048072</CWH>
      <CFGlacier>1</CFGlacier>
      <CFSlope>1</CFSlope>
      <FC>450.22513269070691</FC>
      <LP>0.54351782423183492</LP>
      <BETA>4.8529601413476247</BETA>
    </VegetationZoneParameters>
  </VegetationZone>
  <SubCatchment>
    <SubCatchmentParameters>
      <KSI>0.001</KSI>
      <KGmin>0.05</KGmin>
      <RangeKG>0.1</RangeKG>
      <AG>0.1</AG>
      <PERC>6.2621156434686149</PERC>
      <Alpha>0</Alpha>
      <UZL>15.500758581102309</UZL>
      <K0>0.25977850029916577</K0>
      <K1>0.037213131674694644</K1>
      <K2>0.13156640268628642</K2>
      <MAXBAS>1.1648822710963673</MAXBAS>
      <Cet>0</Cet>
      <PCALT>10</PCALT>
      <TCALT>0.6</TCALT>
      <Pelev>3022</Pelev>
      <Telev>3058</Telev>
      <PART>0.5</PART>
      <DELAY>1</DELAY>
    </SubCatchmentParameters>
    <SubCatchmentVegetationZone>
      <SubCatchmentVegetationZoneParameters>
        <TT>2.1306063240076942</TT>
        <CFMAX>1.9843183945406662</CFMAX>
        <SP>0</SP>
        <SFCF>0.55911317199362909</SFCF>
        <CFR>0.099445212409668068</CFR>
        <CWH>0.19999777674048072</CWH>
        <CFGlacier>1</CFGlacier>
        <CFSlope>1</CFSlope>
        <FC>450.22513269070691</FC>
        <LP>0.54351782423183492</LP>
        <BETA>4.8529601413476247</BETA>
      </SubCatchmentVegetationZoneParameters>
    </SubCatchmentVegetationZone>
  </SubCatchment>
</Catchment>