<?xml version="1.0" encoding="utf-8"?>
<Catchment xmlns:xsi="http://www.w3.org/2001/XMLSchema-instance" xmlns:xsd="http://www.w3.org/2001/XMLSchema">
  <CatchmentParameters>
    <KSI>0.001</KSI>
    <KGmin>0.05</KGmin>
    <RangeKG>0.1</RangeKG>
    <AG>0.1</AG>
    <PERC>6.782289210600986</PERC>
    <Alpha>0</Alpha>
    <UZL>102.80367749859165</UZL>
    <K0>0.570648743291844</K0>
    <K1>0.085698656787571353</K1>
    <K2>0.0911510477395504</K2>
    <MAXBAS>1.0832578555398862</MAXBAS>
    <Cet>0</Cet>
    <PCALT>10</PCALT>
    <TCALT>0.6</TCALT>
    <Pelev>3022</Pelev>
    <Telev>3058</Telev>
    <PART>0.5</PART>
    <DELAY>1</DELAY>
  </CatchmentParameters>
  <VegetationZone>
    <VegetationZoneParameters>
      <TT>2.3165753119396668</TT>
      <CFMAX>2.5711224880948738</CFMAX>
      <SP>0</SP>
      <SFCF>0.64043793109454561</SFCF>
      <CFR>0.099999491694010165</CFR>
      <CWH>0.19999646949051464</CWH>
      <CFGlacier>1</CFGlacier>
      <CFSlope>1</CFSlope>
      <FC>541.70656886682593</FC>
      <LP>0.61981715475284616</LP>
      <BETA>5.9999999696956721</BETA>
    </VegetationZoneParameters>
  </VegetationZone>
  <SubCatchment>
    <SubCatchmentParameters>
      <KSI>0.001</KSI>
      <KGmin>0.05</KGmin>
      <RangeKG>0.1</RangeKG>
      <AG>0.1</AG>
      <PERC>6.782289210600986</PERC>
      <Alpha>0</Alpha>
      <UZL>102.80367749859165</UZL>
      <K0>0.570648743291844</K0>
      <K1>0.085698656787571353</K1>
      <K2>0.0911510477395504</K2>
      <MAXBAS>1.0832578555398862</MAXBAS>
      <Cet>0</Cet>
      <PCALT>10</PCALT>
      <TCALT>0.6</TCALT>
      <Pelev>3022</Pelev>
      <Telev>3058</Telev>
      <PART>0.5</PART>
      <DELAY>1</DELAY>
    </SubCatchmentParameters>
    <SubCatchmentVegetationZone>
      <SubCatchmentVegetationZoneParameters>
        <TT>2.3165753119396668</TT>
        <CFMAX>2.5711224880948738</CFMAX>
        <SP>0</SP>
        <SFCF>0.64043793109454561</SFCF>
        <CFR>0.099999491694010165</CFR>
        <CWH>0.19999646949051464</CWH>
        <CFGlacier>1</CFGlacier>
        <CFSlope>1</CFSlope>
        <FC>541.70656886682593</FC>
        <LP>0.61981715475284616</LP>
        <BETA>5.9999999696956721</BETA>
      </SubCatchmentVegetationZoneParameters>
    </SubCatchmentVegetationZone>
  </SubCatchment>
</Catchment>