<?xml version="1.0" encoding="utf-8"?>
<Catchment xmlns:xsi="http://www.w3.org/2001/XMLSchema-instance" xmlns:xsd="http://www.w3.org/2001/XMLSchema">
  <CatchmentParameters>
    <KSI>0.001</KSI>
    <KGmin>0.05</KGmin>
    <RangeKG>0.1</RangeKG>
    <AG>0.1</AG>
    <PERC>6.8487142975094173</PERC>
    <Alpha>0</Alpha>
    <UZL>86.716157650756244</UZL>
    <K0>0.54193431568593</K0>
    <K1>0.069438021761388816</K1>
    <K2>0.0953993367535964</K2>
    <MAXBAS>1.0052233373404971</MAXBAS>
    <Cet>0</Cet>
    <PCALT>10</PCALT>
    <TCALT>0.6</TCALT>
    <Pelev>3022</Pelev>
    <Telev>3058</Telev>
    <PART>0.5</PART>
    <DELAY>1</DELAY>
  </CatchmentParameters>
  <VegetationZone>
    <VegetationZoneParameters>
      <TT>2.1000722478203993</TT>
      <CFMAX>2.1466446668236121</CFMAX>
      <SP>0</SP>
      <SFCF>0.5725902660048573</SFCF>
      <CFR>0.099999903081961022</CFR>
      <CWH>0.19999705849879193</CWH>
      <CFGlacier>1</CFGlacier>
      <CFSlope>1</CFSlope>
      <FC>373.95289389955138</FC>
      <LP>0.41938579897812422</LP>
      <BETA>5.9999818817658541</BETA>
    </VegetationZoneParameters>
  </VegetationZone>
  <SubCatchment>
    <SubCatchmentParameters>
      <KSI>0.001</KSI>
      <KGmin>0.05</KGmin>
      <RangeKG>0.1</RangeKG>
      <AG>0.1</AG>
      <PERC>6.8487142975094173</PERC>
      <Alpha>0</Alpha>
      <UZL>86.716157650756244</UZL>
      <K0>0.54193431568593</K0>
      <K1>0.069438021761388816</K1>
      <K2>0.0953993367535964</K2>
      <MAXBAS>1.0052233373404971</MAXBAS>
      <Cet>0</Cet>
      <PCALT>10</PCALT>
      <TCALT>0.6</TCALT>
      <Pelev>3022</Pelev>
      <Telev>3058</Telev>
      <PART>0.5</PART>
      <DELAY>1</DELAY>
    </SubCatchmentParameters>
    <SubCatchmentVegetationZone>
      <SubCatchmentVegetationZoneParameters>
        <TT>2.1000722478203993</TT>
        <CFMAX>2.1466446668236121</CFMAX>
        <SP>0</SP>
        <SFCF>0.5725902660048573</SFCF>
        <CFR>0.099999903081961022</CFR>
        <CWH>0.19999705849879193</CWH>
        <CFGlacier>1</CFGlacier>
        <CFSlope>1</CFSlope>
        <FC>373.95289389955138</FC>
        <LP>0.41938579897812422</LP>
        <BETA>5.9999818817658541</BETA>
      </SubCatchmentVegetationZoneParameters>
    </SubCatchmentVegetationZone>
  </SubCatchment>
</Catchment>