<?xml version="1.0" encoding="utf-8"?>
<Catchment xmlns:xsi="http://www.w3.org/2001/XMLSchema-instance" xmlns:xsd="http://www.w3.org/2001/XMLSchema">
  <CatchmentParameters>
    <KSI>0.001</KSI>
    <KGmin>0.05</KGmin>
    <RangeKG>0.1</RangeKG>
    <AG>0.1</AG>
    <PERC>6.9057461420500355</PERC>
    <Alpha>0</Alpha>
    <UZL>73.41598658165826</UZL>
    <K0>0.44327848282208743</K0>
    <K1>0.062832255550701654</K1>
    <K2>0.097601536725082969</K2>
    <MAXBAS>1.0050018034662638</MAXBAS>
    <Cet>0</Cet>
    <PCALT>10</PCALT>
    <TCALT>0.6</TCALT>
    <Pelev>3022</Pelev>
    <Telev>3058</Telev>
    <PART>0.5</PART>
    <DELAY>1</DELAY>
  </CatchmentParameters>
  <VegetationZone>
    <VegetationZoneParameters>
      <TT>2.4754643551331852</TT>
      <CFMAX>2.3692697984097197</CFMAX>
      <SP>0</SP>
      <SFCF>0.54834168724006449</SFCF>
      <CFR>0.099999442686535669</CFR>
      <CWH>0.19999734156173887</CWH>
      <CFGlacier>1</CFGlacier>
      <CFSlope>1</CFSlope>
      <FC>378.96580011304928</FC>
      <LP>0.53509545905796041</LP>
      <BETA>5.9998952781325769</BETA>
    </VegetationZoneParameters>
  </VegetationZone>
  <SubCatchment>
    <SubCatchmentParameters>
      <KSI>0.001</KSI>
      <KGmin>0.05</KGmin>
      <RangeKG>0.1</RangeKG>
      <AG>0.1</AG>
      <PERC>6.9057461420500355</PERC>
      <Alpha>0</Alpha>
      <UZL>73.41598658165826</UZL>
      <K0>0.44327848282208743</K0>
      <K1>0.062832255550701654</K1>
      <K2>0.097601536725082969</K2>
      <MAXBAS>1.0050018034662638</MAXBAS>
      <Cet>0</Cet>
      <PCALT>10</PCALT>
      <TCALT>0.6</TCALT>
      <Pelev>3022</Pelev>
      <Telev>3058</Telev>
      <PART>0.5</PART>
      <DELAY>1</DELAY>
    </SubCatchmentParameters>
    <SubCatchmentVegetationZone>
      <SubCatchmentVegetationZoneParameters>
        <TT>2.4754643551331852</TT>
        <CFMAX>2.3692697984097197</CFMAX>
        <SP>0</SP>
        <SFCF>0.54834168724006449</SFCF>
        <CFR>0.099999442686535669</CFR>
        <CWH>0.19999734156173887</CWH>
        <CFGlacier>1</CFGlacier>
        <CFSlope>1</CFSlope>
        <FC>378.96580011304928</FC>
        <LP>0.53509545905796041</LP>
        <BETA>5.9998952781325769</BETA>
      </SubCatchmentVegetationZoneParameters>
    </SubCatchmentVegetationZone>
  </SubCatchment>
</Catchment>