<?xml version="1.0" encoding="utf-8"?>
<Catchment xmlns:xsi="http://www.w3.org/2001/XMLSchema-instance" xmlns:xsd="http://www.w3.org/2001/XMLSchema">
  <CatchmentParameters>
    <KSI>0.001</KSI>
    <KGmin>0.05</KGmin>
    <RangeKG>0.1</RangeKG>
    <AG>0.1</AG>
    <PERC>9.9994736808613354</PERC>
    <Alpha>0</Alpha>
    <UZL>143.3294494025138</UZL>
    <K0>0.082903698121700717</K0>
    <K1>0.17065446252563543</K1>
    <K2>0.10010762180354373</K2>
    <MAXBAS>1.5250319680138138</MAXBAS>
    <Cet>0</Cet>
    <PCALT>10</PCALT>
    <TCALT>0.6</TCALT>
    <Pelev>3022</Pelev>
    <Telev>3058</Telev>
    <PART>0.5</PART>
    <DELAY>1</DELAY>
  </CatchmentParameters>
  <VegetationZone>
    <VegetationZoneParameters>
      <TT>1.2540540817327806</TT>
      <CFMAX>1.8202610610904981</CFMAX>
      <SP>0</SP>
      <SFCF>0.64331068955662407</SFCF>
      <CFR>0.099996693477339457</CFR>
      <CWH>0.19507752610500012</CWH>
      <CFGlacier>1</CFGlacier>
      <CFSlope>1</CFSlope>
      <FC>429.97414153952747</FC>
      <LP>0.30000618605732027</LP>
      <BETA>4.741992290188378</BETA>
    </VegetationZoneParameters>
  </VegetationZone>
  <SubCatchment>
    <SubCatchmentParameters>
      <KSI>0.001</KSI>
      <KGmin>0.05</KGmin>
      <RangeKG>0.1</RangeKG>
      <AG>0.1</AG>
      <PERC>9.9994736808613354</PERC>
      <Alpha>0</Alpha>
      <UZL>143.3294494025138</UZL>
      <K0>0.082903698121700717</K0>
      <K1>0.17065446252563543</K1>
      <K2>0.10010762180354373</K2>
      <MAXBAS>1.5250319680138138</MAXBAS>
      <Cet>0</Cet>
      <PCALT>10</PCALT>
      <TCALT>0.6</TCALT>
      <Pelev>3022</Pelev>
      <Telev>3058</Telev>
      <PART>0.5</PART>
      <DELAY>1</DELAY>
    </SubCatchmentParameters>
    <SubCatchmentVegetationZone>
      <SubCatchmentVegetationZoneParameters>
        <TT>1.2540540817327806</TT>
        <CFMAX>1.8202610610904981</CFMAX>
        <SP>0</SP>
        <SFCF>0.64331068955662407</SFCF>
        <CFR>0.099996693477339457</CFR>
        <CWH>0.19507752610500012</CWH>
        <CFGlacier>1</CFGlacier>
        <CFSlope>1</CFSlope>
        <FC>429.97414153952747</FC>
        <LP>0.30000618605732027</LP>
        <BETA>4.741992290188378</BETA>
      </SubCatchmentVegetationZoneParameters>
    </SubCatchmentVegetationZone>
  </SubCatchment>
</Catchment>