<?xml version="1.0" encoding="utf-8"?>
<Catchment xmlns:xsi="http://www.w3.org/2001/XMLSchema-instance" xmlns:xsd="http://www.w3.org/2001/XMLSchema">
  <CatchmentParameters>
    <KSI>0.001</KSI>
    <KGmin>0.05</KGmin>
    <RangeKG>0.1</RangeKG>
    <AG>0.1</AG>
    <PERC>9.9999134265673355</PERC>
    <Alpha>0</Alpha>
    <UZL>198.65454814084694</UZL>
    <K0>0.06812813250611055</K0>
    <K1>0.088371271932842554</K1>
    <K2>0.094950161891328086</K2>
    <MAXBAS>1.3537217197294915</MAXBAS>
    <Cet>0</Cet>
    <PCALT>10</PCALT>
    <TCALT>0.6</TCALT>
    <Pelev>3022</Pelev>
    <Telev>3058</Telev>
    <PART>0.5</PART>
    <DELAY>1</DELAY>
  </CatchmentParameters>
  <VegetationZone>
    <VegetationZoneParameters>
      <TT>1.9059996778024484</TT>
      <CFMAX>2.1304616118119304</CFMAX>
      <SP>0</SP>
      <SFCF>0.60310580479105513</SFCF>
      <CFR>0.0999915097583987</CFR>
      <CWH>0.19999864651733162</CWH>
      <CFGlacier>1</CFGlacier>
      <CFSlope>1</CFSlope>
      <FC>491.27059901721594</FC>
      <LP>0.59406169708577972</LP>
      <BETA>5.999996391619292</BETA>
    </VegetationZoneParameters>
  </VegetationZone>
  <SubCatchment>
    <SubCatchmentParameters>
      <KSI>0.001</KSI>
      <KGmin>0.05</KGmin>
      <RangeKG>0.1</RangeKG>
      <AG>0.1</AG>
      <PERC>9.9999134265673355</PERC>
      <Alpha>0</Alpha>
      <UZL>198.65454814084694</UZL>
      <K0>0.06812813250611055</K0>
      <K1>0.088371271932842554</K1>
      <K2>0.094950161891328086</K2>
      <MAXBAS>1.3537217197294915</MAXBAS>
      <Cet>0</Cet>
      <PCALT>10</PCALT>
      <TCALT>0.6</TCALT>
      <Pelev>3022</Pelev>
      <Telev>3058</Telev>
      <PART>0.5</PART>
      <DELAY>1</DELAY>
    </SubCatchmentParameters>
    <SubCatchmentVegetationZone>
      <SubCatchmentVegetationZoneParameters>
        <TT>1.9059996778024484</TT>
        <CFMAX>2.1304616118119304</CFMAX>
        <SP>0</SP>
        <SFCF>0.60310580479105513</SFCF>
        <CFR>0.0999915097583987</CFR>
        <CWH>0.19999864651733162</CWH>
        <CFGlacier>1</CFGlacier>
        <CFSlope>1</CFSlope>
        <FC>491.27059901721594</FC>
        <LP>0.59406169708577972</LP>
        <BETA>5.999996391619292</BETA>
      </SubCatchmentVegetationZoneParameters>
    </SubCatchmentVegetationZone>
  </SubCatchment>
</Catchment>