<?xml version="1.0" encoding="utf-8"?>
<Catchment xmlns:xsi="http://www.w3.org/2001/XMLSchema-instance" xmlns:xsd="http://www.w3.org/2001/XMLSchema">
  <CatchmentParameters>
    <KSI>0.001</KSI>
    <KGmin>0.05</KGmin>
    <RangeKG>0.1</RangeKG>
    <AG>0.1</AG>
    <PERC>0.043730311516936973</PERC>
    <Alpha>0</Alpha>
    <UZL>133.00088746603964</UZL>
    <K0>0.3854548411742027</K0>
    <K1>0.1491729858041021</K1>
    <K2>0.010000005928008475</K2>
    <MAXBAS>1</MAXBAS>
    <Cet>0</Cet>
    <PCALT>10</PCALT>
    <TCALT>0.6</TCALT>
    <Pelev>3022</Pelev>
    <Telev>3058</Telev>
    <PART>0.5</PART>
    <DELAY>1</DELAY>
  </CatchmentParameters>
  <VegetationZone>
    <VegetationZoneParameters>
      <TT>1.073180450222549</TT>
      <CFMAX>1.4505297582923928</CFMAX>
      <SP>0</SP>
      <SFCF>0.64176674093383956</SFCF>
      <CFR>0.01918303114658939</CFR>
      <CWH>0.10281665759391674</CWH>
      <CFGlacier>1</CFGlacier>
      <CFSlope>1</CFSlope>
      <FC>741.1669005260901</FC>
      <LP>0.5855645532552215</LP>
      <BETA>5.2951340511740135</BETA>
    </VegetationZoneParameters>
  </VegetationZone>
  <SubCatchment>
    <SubCatchmentParameters>
      <KSI>0.001</KSI>
      <KGmin>0.05</KGmin>
      <RangeKG>0.1</RangeKG>
      <AG>0.1</AG>
      <PERC>0.043730311516936973</PERC>
      <Alpha>0</Alpha>
      <UZL>133.00088746603964</UZL>
      <K0>0.3854548411742027</K0>
      <K1>0.1491729858041021</K1>
      <K2>0.010000005928008475</K2>
      <MAXBAS>1</MAXBAS>
      <Cet>0</Cet>
      <PCALT>10</PCALT>
      <TCALT>0.6</TCALT>
      <Pelev>3022</Pelev>
      <Telev>3058</Telev>
      <PART>0.5</PART>
      <DELAY>1</DELAY>
    </SubCatchmentParameters>
    <SubCatchmentVegetationZone>
      <SubCatchmentVegetationZoneParameters>
        <TT>1.073180450222549</TT>
        <CFMAX>1.4505297582923928</CFMAX>
        <SP>0</SP>
        <SFCF>0.64176674093383956</SFCF>
        <CFR>0.01918303114658939</CFR>
        <CWH>0.10281665759391674</CWH>
        <CFGlacier>1</CFGlacier>
        <CFSlope>1</CFSlope>
        <FC>741.1669005260901</FC>
        <LP>0.5855645532552215</LP>
        <BETA>5.2951340511740135</BETA>
      </SubCatchmentVegetationZoneParameters>
    </SubCatchmentVegetationZone>
  </SubCatchment>
</Catchment>