<?xml version="1.0" encoding="utf-8"?>
<Catchment xmlns:xsi="http://www.w3.org/2001/XMLSchema-instance" xmlns:xsd="http://www.w3.org/2001/XMLSchema">
  <CatchmentParameters>
    <KSI>0.001</KSI>
    <KGmin>0.05</KGmin>
    <RangeKG>0.1</RangeKG>
    <AG>0.1</AG>
    <PERC>9.9999833557424633</PERC>
    <Alpha>0</Alpha>
    <UZL>156.937046833514</UZL>
    <K0>0.065507986803367585</K0>
    <K1>0.11455178803257035</K1>
    <K2>0.0864989560635714</K2>
    <MAXBAS>1.5750059874047673</MAXBAS>
    <Cet>0</Cet>
    <PCALT>10</PCALT>
    <TCALT>0.6</TCALT>
    <Pelev>3022</Pelev>
    <Telev>3058</Telev>
    <PART>0.5</PART>
    <DELAY>1</DELAY>
  </CatchmentParameters>
  <VegetationZone>
    <VegetationZoneParameters>
      <TT>1.3077594287354011</TT>
      <CFMAX>2.1383934175600596</CFMAX>
      <SP>0</SP>
      <SFCF>0.69320670130313</SFCF>
      <CFR>0.097997975045980526</CFR>
      <CWH>0.19999936470935581</CWH>
      <CFGlacier>1</CFGlacier>
      <CFSlope>1</CFSlope>
      <FC>594.86723711120965</FC>
      <LP>0.53896145372487791</LP>
      <BETA>5.9996092518462332</BETA>
    </VegetationZoneParameters>
  </VegetationZone>
  <SubCatchment>
    <SubCatchmentParameters>
      <KSI>0.001</KSI>
      <KGmin>0.05</KGmin>
      <RangeKG>0.1</RangeKG>
      <AG>0.1</AG>
      <PERC>9.9999833557424633</PERC>
      <Alpha>0</Alpha>
      <UZL>156.937046833514</UZL>
      <K0>0.065507986803367585</K0>
      <K1>0.11455178803257035</K1>
      <K2>0.0864989560635714</K2>
      <MAXBAS>1.5750059874047673</MAXBAS>
      <Cet>0</Cet>
      <PCALT>10</PCALT>
      <TCALT>0.6</TCALT>
      <Pelev>3022</Pelev>
      <Telev>3058</Telev>
      <PART>0.5</PART>
      <DELAY>1</DELAY>
    </SubCatchmentParameters>
    <SubCatchmentVegetationZone>
      <SubCatchmentVegetationZoneParameters>
        <TT>1.3077594287354011</TT>
        <CFMAX>2.1383934175600596</CFMAX>
        <SP>0</SP>
        <SFCF>0.69320670130313</SFCF>
        <CFR>0.097997975045980526</CFR>
        <CWH>0.19999936470935581</CWH>
        <CFGlacier>1</CFGlacier>
        <CFSlope>1</CFSlope>
        <FC>594.86723711120965</FC>
        <LP>0.53896145372487791</LP>
        <BETA>5.9996092518462332</BETA>
      </SubCatchmentVegetationZoneParameters>
    </SubCatchmentVegetationZone>
  </SubCatchment>
</Catchment>