<?xml version="1.0" encoding="utf-8"?>
<Catchment xmlns:xsi="http://www.w3.org/2001/XMLSchema-instance" xmlns:xsd="http://www.w3.org/2001/XMLSchema">
  <CatchmentParameters>
    <KSI>0.001</KSI>
    <KGmin>0.05</KGmin>
    <RangeKG>0.1</RangeKG>
    <AG>0.1</AG>
    <PERC>9.9999669180572859</PERC>
    <Alpha>0</Alpha>
    <UZL>199.97334606029384</UZL>
    <K0>0.3726695859822019</K0>
    <K1>0.095938107264231</K1>
    <K2>0.088957159460193211</K2>
    <MAXBAS>1.4392917086762445</MAXBAS>
    <Cet>0</Cet>
    <PCALT>10</PCALT>
    <TCALT>0.6</TCALT>
    <Pelev>3022</Pelev>
    <Telev>3058</Telev>
    <PART>0.5</PART>
    <DELAY>1</DELAY>
  </CatchmentParameters>
  <VegetationZone>
    <VegetationZoneParameters>
      <TT>1.5378226588661201</TT>
      <CFMAX>2.17685175738184</CFMAX>
      <SP>0</SP>
      <SFCF>0.68543289374907246</SFCF>
      <CFR>0.0999998502232025</CFR>
      <CWH>0.15274287837012532</CWH>
      <CFGlacier>1</CFGlacier>
      <CFSlope>1</CFSlope>
      <FC>533.85203739684653</FC>
      <LP>0.48017663220202789</LP>
      <BETA>5.8170329884580374</BETA>
    </VegetationZoneParameters>
  </VegetationZone>
  <SubCatchment>
    <SubCatchmentParameters>
      <KSI>0.001</KSI>
      <KGmin>0.05</KGmin>
      <RangeKG>0.1</RangeKG>
      <AG>0.1</AG>
      <PERC>9.9999669180572859</PERC>
      <Alpha>0</Alpha>
      <UZL>199.97334606029384</UZL>
      <K0>0.3726695859822019</K0>
      <K1>0.095938107264231</K1>
      <K2>0.088957159460193211</K2>
      <MAXBAS>1.4392917086762445</MAXBAS>
      <Cet>0</Cet>
      <PCALT>10</PCALT>
      <TCALT>0.6</TCALT>
      <Pelev>3022</Pelev>
      <Telev>3058</Telev>
      <PART>0.5</PART>
      <DELAY>1</DELAY>
    </SubCatchmentParameters>
    <SubCatchmentVegetationZone>
      <SubCatchmentVegetationZoneParameters>
        <TT>1.5378226588661201</TT>
        <CFMAX>2.17685175738184</CFMAX>
        <SP>0</SP>
        <SFCF>0.68543289374907246</SFCF>
        <CFR>0.0999998502232025</CFR>
        <CWH>0.15274287837012532</CWH>
        <CFGlacier>1</CFGlacier>
        <CFSlope>1</CFSlope>
        <FC>533.85203739684653</FC>
        <LP>0.48017663220202789</LP>
        <BETA>5.8170329884580374</BETA>
      </SubCatchmentVegetationZoneParameters>
    </SubCatchmentVegetationZone>
  </SubCatchment>
</Catchment>