<?xml version="1.0" encoding="utf-8"?>
<Catchment xmlns:xsi="http://www.w3.org/2001/XMLSchema-instance" xmlns:xsd="http://www.w3.org/2001/XMLSchema">
  <CatchmentParameters>
    <KSI>0.001</KSI>
    <KGmin>0.05</KGmin>
    <RangeKG>0.1</RangeKG>
    <AG>0.1</AG>
    <PERC>0.047206946942701632</PERC>
    <Alpha>0</Alpha>
    <UZL>151.54299085884895</UZL>
    <K0>0.8238683740570365</K0>
    <K1>0.15244964212282372</K1>
    <K2>0.010000000734322497</K2>
    <MAXBAS>1</MAXBAS>
    <Cet>0</Cet>
    <PCALT>10</PCALT>
    <TCALT>0.6</TCALT>
    <Pelev>3022</Pelev>
    <Telev>3058</Telev>
    <PART>0.5</PART>
    <DELAY>1</DELAY>
  </CatchmentParameters>
  <VegetationZone>
    <VegetationZoneParameters>
      <TT>1.7419892693008752</TT>
      <CFMAX>1.7560511980021418</CFMAX>
      <SP>0</SP>
      <SFCF>0.63635026040276588</SFCF>
      <CFR>0.078340666142044477</CFR>
      <CWH>0.1000000199679026</CWH>
      <CFGlacier>1</CFGlacier>
      <CFSlope>1</CFSlope>
      <FC>789.01018726413065</FC>
      <LP>0.63721851946158525</LP>
      <BETA>5.2395409731781326</BETA>
    </VegetationZoneParameters>
  </VegetationZone>
  <SubCatchment>
    <SubCatchmentParameters>
      <KSI>0.001</KSI>
      <KGmin>0.05</KGmin>
      <RangeKG>0.1</RangeKG>
      <AG>0.1</AG>
      <PERC>0.047206946942701632</PERC>
      <Alpha>0</Alpha>
      <UZL>151.54299085884895</UZL>
      <K0>0.8238683740570365</K0>
      <K1>0.15244964212282372</K1>
      <K2>0.010000000734322497</K2>
      <MAXBAS>1</MAXBAS>
      <Cet>0</Cet>
      <PCALT>10</PCALT>
      <TCALT>0.6</TCALT>
      <Pelev>3022</Pelev>
      <Telev>3058</Telev>
      <PART>0.5</PART>
      <DELAY>1</DELAY>
    </SubCatchmentParameters>
    <SubCatchmentVegetationZone>
      <SubCatchmentVegetationZoneParameters>
        <TT>1.7419892693008752</TT>
        <CFMAX>1.7560511980021418</CFMAX>
        <SP>0</SP>
        <SFCF>0.63635026040276588</SFCF>
        <CFR>0.078340666142044477</CFR>
        <CWH>0.1000000199679026</CWH>
        <CFGlacier>1</CFGlacier>
        <CFSlope>1</CFSlope>
        <FC>789.01018726413065</FC>
        <LP>0.63721851946158525</LP>
        <BETA>5.2395409731781326</BETA>
      </SubCatchmentVegetationZoneParameters>
    </SubCatchmentVegetationZone>
  </SubCatchment>
</Catchment>