<?xml version="1.0" encoding="utf-8"?>
<Catchment xmlns:xsi="http://www.w3.org/2001/XMLSchema-instance" xmlns:xsd="http://www.w3.org/2001/XMLSchema">
  <CatchmentParameters>
    <KSI>0.001</KSI>
    <KGmin>0.05</KGmin>
    <RangeKG>0.1</RangeKG>
    <AG>0.1</AG>
    <PERC>0.047967109159235154</PERC>
    <Alpha>0</Alpha>
    <UZL>46.865008345777909</UZL>
    <K0>0.49928528333874778</K0>
    <K1>0.17445466128120599</K1>
    <K2>0.010000002407738112</K2>
    <MAXBAS>1</MAXBAS>
    <Cet>0</Cet>
    <PCALT>10</PCALT>
    <TCALT>0.6</TCALT>
    <Pelev>3022</Pelev>
    <Telev>3058</Telev>
    <PART>0.5</PART>
    <DELAY>1</DELAY>
  </CatchmentParameters>
  <VegetationZone>
    <VegetationZoneParameters>
      <TT>1.823982625076817</TT>
      <CFMAX>1.6566740181389152</CFMAX>
      <SP>0</SP>
      <SFCF>0.64213235788102441</SFCF>
      <CFR>1.0827434491246513E-05</CFR>
      <CWH>0.10000046204795572</CWH>
      <CFGlacier>1</CFGlacier>
      <CFSlope>1</CFSlope>
      <FC>769.51151035568546</FC>
      <LP>0.58466557199943769</LP>
      <BETA>4.8528282023292286</BETA>
    </VegetationZoneParameters>
  </VegetationZone>
  <SubCatchment>
    <SubCatchmentParameters>
      <KSI>0.001</KSI>
      <KGmin>0.05</KGmin>
      <RangeKG>0.1</RangeKG>
      <AG>0.1</AG>
      <PERC>0.047967109159235154</PERC>
      <Alpha>0</Alpha>
      <UZL>46.865008345777909</UZL>
      <K0>0.49928528333874778</K0>
      <K1>0.17445466128120599</K1>
      <K2>0.010000002407738112</K2>
      <MAXBAS>1</MAXBAS>
      <Cet>0</Cet>
      <PCALT>10</PCALT>
      <TCALT>0.6</TCALT>
      <Pelev>3022</Pelev>
      <Telev>3058</Telev>
      <PART>0.5</PART>
      <DELAY>1</DELAY>
    </SubCatchmentParameters>
    <SubCatchmentVegetationZone>
      <SubCatchmentVegetationZoneParameters>
        <TT>1.823982625076817</TT>
        <CFMAX>1.6566740181389152</CFMAX>
        <SP>0</SP>
        <SFCF>0.64213235788102441</SFCF>
        <CFR>1.0827434491246513E-05</CFR>
        <CWH>0.10000046204795572</CWH>
        <CFGlacier>1</CFGlacier>
        <CFSlope>1</CFSlope>
        <FC>769.51151035568546</FC>
        <LP>0.58466557199943769</LP>
        <BETA>4.8528282023292286</BETA>
      </SubCatchmentVegetationZoneParameters>
    </SubCatchmentVegetationZone>
  </SubCatchment>
</Catchment>