<?xml version="1.0" encoding="utf-8"?>
<Catchment xmlns:xsi="http://www.w3.org/2001/XMLSchema-instance" xmlns:xsd="http://www.w3.org/2001/XMLSchema">
  <CatchmentParameters>
    <KSI>0.001</KSI>
    <KGmin>0.05</KGmin>
    <RangeKG>0.1</RangeKG>
    <AG>0.1</AG>
    <PERC>8.2230759366350128</PERC>
    <Alpha>0</Alpha>
    <UZL>198.38492870496856</UZL>
    <K0>0.20288954972949855</K0>
    <K1>0.27812677263114083</K1>
    <K2>0.12650370339636169</K2>
    <MAXBAS>1.6650705618279775</MAXBAS>
    <Cet>0</Cet>
    <PCALT>10</PCALT>
    <TCALT>0.6</TCALT>
    <Pelev>3022</Pelev>
    <Telev>3058</Telev>
    <PART>0.5</PART>
    <DELAY>1</DELAY>
  </CatchmentParameters>
  <VegetationZone>
    <VegetationZoneParameters>
      <TT>1.9892939292285188</TT>
      <CFMAX>1.8193408943191698</CFMAX>
      <SP>0</SP>
      <SFCF>0.602720613639262</SFCF>
      <CFR>0.068405114082331214</CFR>
      <CWH>0.15910303852039717</CWH>
      <CFGlacier>1</CFGlacier>
      <CFSlope>1</CFSlope>
      <FC>454.1925877835252</FC>
      <LP>0.40955702231482505</LP>
      <BETA>3.8322921561411443</BETA>
    </VegetationZoneParameters>
  </VegetationZone>
  <SubCatchment>
    <SubCatchmentParameters>
      <KSI>0.001</KSI>
      <KGmin>0.05</KGmin>
      <RangeKG>0.1</RangeKG>
      <AG>0.1</AG>
      <PERC>8.2230759366350128</PERC>
      <Alpha>0</Alpha>
      <UZL>198.38492870496856</UZL>
      <K0>0.20288954972949855</K0>
      <K1>0.27812677263114083</K1>
      <K2>0.12650370339636169</K2>
      <MAXBAS>1.6650705618279775</MAXBAS>
      <Cet>0</Cet>
      <PCALT>10</PCALT>
      <TCALT>0.6</TCALT>
      <Pelev>3022</Pelev>
      <Telev>3058</Telev>
      <PART>0.5</PART>
      <DELAY>1</DELAY>
    </SubCatchmentParameters>
    <SubCatchmentVegetationZone>
      <SubCatchmentVegetationZoneParameters>
        <TT>1.9892939292285188</TT>
        <CFMAX>1.8193408943191698</CFMAX>
        <SP>0</SP>
        <SFCF>0.602720613639262</SFCF>
        <CFR>0.068405114082331214</CFR>
        <CWH>0.15910303852039717</CWH>
        <CFGlacier>1</CFGlacier>
        <CFSlope>1</CFSlope>
        <FC>454.1925877835252</FC>
        <LP>0.40955702231482505</LP>
        <BETA>3.8322921561411443</BETA>
      </SubCatchmentVegetationZoneParameters>
    </SubCatchmentVegetationZone>
  </SubCatchment>
</Catchment>