<?xml version="1.0" encoding="utf-8"?>
<Catchment xmlns:xsi="http://www.w3.org/2001/XMLSchema-instance" xmlns:xsd="http://www.w3.org/2001/XMLSchema">
  <CatchmentParameters>
    <KSI>0.001</KSI>
    <KGmin>0.05</KGmin>
    <RangeKG>0.1</RangeKG>
    <AG>0.1</AG>
    <PERC>9.9998597469233488</PERC>
    <Alpha>0</Alpha>
    <UZL>108.80182145511124</UZL>
    <K0>0.48198645554103303</K0>
    <K1>0.16984917454161555</K1>
    <K2>0.10627411878388231</K2>
    <MAXBAS>1.6234812112799983</MAXBAS>
    <Cet>0</Cet>
    <PCALT>10</PCALT>
    <TCALT>0.6</TCALT>
    <Pelev>3022</Pelev>
    <Telev>3058</Telev>
    <PART>0.5</PART>
    <DELAY>1</DELAY>
  </CatchmentParameters>
  <VegetationZone>
    <VegetationZoneParameters>
      <TT>1.6599982846341268</TT>
      <CFMAX>1.8405195107737224</CFMAX>
      <SP>0</SP>
      <SFCF>0.59973621770632779</SFCF>
      <CFR>0.099999671886819436</CFR>
      <CWH>0.19999875468155878</CWH>
      <CFGlacier>1</CFGlacier>
      <CFSlope>1</CFSlope>
      <FC>585.06639591122985</FC>
      <LP>0.69916960165047337</LP>
      <BETA>5.99998527682982</BETA>
    </VegetationZoneParameters>
  </VegetationZone>
  <SubCatchment>
    <SubCatchmentParameters>
      <KSI>0.001</KSI>
      <KGmin>0.05</KGmin>
      <RangeKG>0.1</RangeKG>
      <AG>0.1</AG>
      <PERC>9.9998597469233488</PERC>
      <Alpha>0</Alpha>
      <UZL>108.80182145511124</UZL>
      <K0>0.48198645554103303</K0>
      <K1>0.16984917454161555</K1>
      <K2>0.10627411878388231</K2>
      <MAXBAS>1.6234812112799983</MAXBAS>
      <Cet>0</Cet>
      <PCALT>10</PCALT>
      <TCALT>0.6</TCALT>
      <Pelev>3022</Pelev>
      <Telev>3058</Telev>
      <PART>0.5</PART>
      <DELAY>1</DELAY>
    </SubCatchmentParameters>
    <SubCatchmentVegetationZone>
      <SubCatchmentVegetationZoneParameters>
        <TT>1.6599982846341268</TT>
        <CFMAX>1.8405195107737224</CFMAX>
        <SP>0</SP>
        <SFCF>0.59973621770632779</SFCF>
        <CFR>0.099999671886819436</CFR>
        <CWH>0.19999875468155878</CWH>
        <CFGlacier>1</CFGlacier>
        <CFSlope>1</CFSlope>
        <FC>585.06639591122985</FC>
        <LP>0.69916960165047337</LP>
        <BETA>5.99998527682982</BETA>
      </SubCatchmentVegetationZoneParameters>
    </SubCatchmentVegetationZone>
  </SubCatchment>
</Catchment>