<?xml version="1.0" encoding="utf-8"?>
<Catchment xmlns:xsi="http://www.w3.org/2001/XMLSchema-instance" xmlns:xsd="http://www.w3.org/2001/XMLSchema">
  <CatchmentParameters>
    <KSI>0.001</KSI>
    <KGmin>0.05</KGmin>
    <RangeKG>0.1</RangeKG>
    <AG>0.1</AG>
    <PERC>9.9145695759551558</PERC>
    <Alpha>0</Alpha>
    <UZL>157.22480122766694</UZL>
    <K0>0.163310466650357</K0>
    <K1>0.26500985802498</K1>
    <K2>0.12634032745944546</K2>
    <MAXBAS>1.6750224571594039</MAXBAS>
    <Cet>0</Cet>
    <PCALT>10</PCALT>
    <TCALT>0.6</TCALT>
    <Pelev>3022</Pelev>
    <Telev>3058</Telev>
    <PART>0.5</PART>
    <DELAY>1</DELAY>
  </CatchmentParameters>
  <VegetationZone>
    <VegetationZoneParameters>
      <TT>1.90588256739602</TT>
      <CFMAX>1.9133433349656659</CFMAX>
      <SP>0</SP>
      <SFCF>0.606855901175996</SFCF>
      <CFR>0.0999991366391377</CFR>
      <CWH>0.19999814753531281</CWH>
      <CFGlacier>1</CFGlacier>
      <CFSlope>1</CFSlope>
      <FC>469.30718536789669</FC>
      <LP>0.42793826541451835</LP>
      <BETA>3.7732817045294875</BETA>
    </VegetationZoneParameters>
  </VegetationZone>
  <SubCatchment>
    <SubCatchmentParameters>
      <KSI>0.001</KSI>
      <KGmin>0.05</KGmin>
      <RangeKG>0.1</RangeKG>
      <AG>0.1</AG>
      <PERC>9.9145695759551558</PERC>
      <Alpha>0</Alpha>
      <UZL>157.22480122766694</UZL>
      <K0>0.163310466650357</K0>
      <K1>0.26500985802498</K1>
      <K2>0.12634032745944546</K2>
      <MAXBAS>1.6750224571594039</MAXBAS>
      <Cet>0</Cet>
      <PCALT>10</PCALT>
      <TCALT>0.6</TCALT>
      <Pelev>3022</Pelev>
      <Telev>3058</Telev>
      <PART>0.5</PART>
      <DELAY>1</DELAY>
    </SubCatchmentParameters>
    <SubCatchmentVegetationZone>
      <SubCatchmentVegetationZoneParameters>
        <TT>1.90588256739602</TT>
        <CFMAX>1.9133433349656659</CFMAX>
        <SP>0</SP>
        <SFCF>0.606855901175996</SFCF>
        <CFR>0.0999991366391377</CFR>
        <CWH>0.19999814753531281</CWH>
        <CFGlacier>1</CFGlacier>
        <CFSlope>1</CFSlope>
        <FC>469.30718536789669</FC>
        <LP>0.42793826541451835</LP>
        <BETA>3.7732817045294875</BETA>
      </SubCatchmentVegetationZoneParameters>
    </SubCatchmentVegetationZone>
  </SubCatchment>
</Catchment>