<?xml version="1.0" encoding="utf-8"?>
<Catchment xmlns:xsi="http://www.w3.org/2001/XMLSchema-instance" xmlns:xsd="http://www.w3.org/2001/XMLSchema">
  <CatchmentParameters>
    <KSI>0.001</KSI>
    <KGmin>0.05</KGmin>
    <RangeKG>0.1</RangeKG>
    <AG>0.1</AG>
    <PERC>0.046645391301501832</PERC>
    <Alpha>0</Alpha>
    <UZL>96.488246266536464</UZL>
    <K0>0.46112036609058604</K0>
    <K1>0.11901593090987109</K1>
    <K2>0.010000868449286287</K2>
    <MAXBAS>1</MAXBAS>
    <Cet>0</Cet>
    <PCALT>10</PCALT>
    <TCALT>0.6</TCALT>
    <Pelev>3022</Pelev>
    <Telev>3058</Telev>
    <PART>0.5</PART>
    <DELAY>1</DELAY>
  </CatchmentParameters>
  <VegetationZone>
    <VegetationZoneParameters>
      <TT>0.74192635592168266</TT>
      <CFMAX>1.8216249978074814</CFMAX>
      <SP>0</SP>
      <SFCF>0.763019793777558</SFCF>
      <CFR>0.017200303609082694</CFR>
      <CWH>0.10003342471963735</CWH>
      <CFGlacier>1</CFGlacier>
      <CFSlope>1</CFSlope>
      <FC>841.29812888815854</FC>
      <LP>0.44425674220574096</LP>
      <BETA>5.8922725046833158</BETA>
    </VegetationZoneParameters>
  </VegetationZone>
  <SubCatchment>
    <SubCatchmentParameters>
      <KSI>0.001</KSI>
      <KGmin>0.05</KGmin>
      <RangeKG>0.1</RangeKG>
      <AG>0.1</AG>
      <PERC>0.046645391301501832</PERC>
      <Alpha>0</Alpha>
      <UZL>96.488246266536464</UZL>
      <K0>0.46112036609058604</K0>
      <K1>0.11901593090987109</K1>
      <K2>0.010000868449286287</K2>
      <MAXBAS>1</MAXBAS>
      <Cet>0</Cet>
      <PCALT>10</PCALT>
      <TCALT>0.6</TCALT>
      <Pelev>3022</Pelev>
      <Telev>3058</Telev>
      <PART>0.5</PART>
      <DELAY>1</DELAY>
    </SubCatchmentParameters>
    <SubCatchmentVegetationZone>
      <SubCatchmentVegetationZoneParameters>
        <TT>0.74192635592168266</TT>
        <CFMAX>1.8216249978074814</CFMAX>
        <SP>0</SP>
        <SFCF>0.763019793777558</SFCF>
        <CFR>0.017200303609082694</CFR>
        <CWH>0.10003342471963735</CWH>
        <CFGlacier>1</CFGlacier>
        <CFSlope>1</CFSlope>
        <FC>841.29812888815854</FC>
        <LP>0.44425674220574096</LP>
        <BETA>5.8922725046833158</BETA>
      </SubCatchmentVegetationZoneParameters>
    </SubCatchmentVegetationZone>
  </SubCatchment>
</Catchment>