<?xml version="1.0" encoding="utf-8"?>
<Catchment xmlns:xsi="http://www.w3.org/2001/XMLSchema-instance" xmlns:xsd="http://www.w3.org/2001/XMLSchema">
  <CatchmentParameters>
    <KSI>0.001</KSI>
    <KGmin>0.05</KGmin>
    <RangeKG>0.1</RangeKG>
    <AG>0.1</AG>
    <PERC>9.9999375776501633</PERC>
    <Alpha>0</Alpha>
    <UZL>85.834868348681923</UZL>
    <K0>0.17363401435765424</K0>
    <K1>0.15402884361804645</K1>
    <K2>0.10848461802549103</K2>
    <MAXBAS>1.4650080095327671</MAXBAS>
    <Cet>0</Cet>
    <PCALT>10</PCALT>
    <TCALT>0.6</TCALT>
    <Pelev>3022</Pelev>
    <Telev>3058</Telev>
    <PART>0.5</PART>
    <DELAY>1</DELAY>
  </CatchmentParameters>
  <VegetationZone>
    <VegetationZoneParameters>
      <TT>2.49999727578398</TT>
      <CFMAX>2.62900964636508</CFMAX>
      <SP>0</SP>
      <SFCF>0.65581709172268043</SFCF>
      <CFR>0.099999353104043426</CFR>
      <CWH>0.19999934047146215</CWH>
      <CFGlacier>1</CFGlacier>
      <CFSlope>1</CFSlope>
      <FC>505.32620399532436</FC>
      <LP>0.39729805032375154</LP>
      <BETA>3.4806840952499445</BETA>
    </VegetationZoneParameters>
  </VegetationZone>
  <SubCatchment>
    <SubCatchmentParameters>
      <KSI>0.001</KSI>
      <KGmin>0.05</KGmin>
      <RangeKG>0.1</RangeKG>
      <AG>0.1</AG>
      <PERC>9.9999375776501633</PERC>
      <Alpha>0</Alpha>
      <UZL>85.834868348681923</UZL>
      <K0>0.17363401435765424</K0>
      <K1>0.15402884361804645</K1>
      <K2>0.10848461802549103</K2>
      <MAXBAS>1.4650080095327671</MAXBAS>
      <Cet>0</Cet>
      <PCALT>10</PCALT>
      <TCALT>0.6</TCALT>
      <Pelev>3022</Pelev>
      <Telev>3058</Telev>
      <PART>0.5</PART>
      <DELAY>1</DELAY>
    </SubCatchmentParameters>
    <SubCatchmentVegetationZone>
      <SubCatchmentVegetationZoneParameters>
        <TT>2.49999727578398</TT>
        <CFMAX>2.62900964636508</CFMAX>
        <SP>0</SP>
        <SFCF>0.65581709172268043</SFCF>
        <CFR>0.099999353104043426</CFR>
        <CWH>0.19999934047146215</CWH>
        <CFGlacier>1</CFGlacier>
        <CFSlope>1</CFSlope>
        <FC>505.32620399532436</FC>
        <LP>0.39729805032375154</LP>
        <BETA>3.4806840952499445</BETA>
      </SubCatchmentVegetationZoneParameters>
    </SubCatchmentVegetationZone>
  </SubCatchment>
</Catchment>