<?xml version="1.0" encoding="utf-8"?>
<Catchment xmlns:xsi="http://www.w3.org/2001/XMLSchema-instance" xmlns:xsd="http://www.w3.org/2001/XMLSchema">
  <CatchmentParameters>
    <KSI>0.001</KSI>
    <KGmin>0.05</KGmin>
    <RangeKG>0.1</RangeKG>
    <AG>0.1</AG>
    <PERC>7.4128660757730058</PERC>
    <Alpha>0</Alpha>
    <UZL>20.113891873146489</UZL>
    <K0>0.43699739113428471</K0>
    <K1>0.010000181150838909</K1>
    <K2>0.10200857743580673</K2>
    <MAXBAS>1.164959226343727</MAXBAS>
    <Cet>0</Cet>
    <PCALT>10</PCALT>
    <TCALT>0.6</TCALT>
    <Pelev>3022</Pelev>
    <Telev>3058</Telev>
    <PART>0.5</PART>
    <DELAY>1</DELAY>
  </CatchmentParameters>
  <VegetationZone>
    <VegetationZoneParameters>
      <TT>1.3054283967510745</TT>
      <CFMAX>1.8786971348489241</CFMAX>
      <SP>0</SP>
      <SFCF>0.63914590955818174</SFCF>
      <CFR>0.0999995739676425</CFR>
      <CWH>0.19405024082274669</CWH>
      <CFGlacier>1</CFGlacier>
      <CFSlope>1</CFSlope>
      <FC>441.01646989991184</FC>
      <LP>0.38121032206648858</LP>
      <BETA>5.8327662875447031</BETA>
    </VegetationZoneParameters>
  </VegetationZone>
  <SubCatchment>
    <SubCatchmentParameters>
      <KSI>0.001</KSI>
      <KGmin>0.05</KGmin>
      <RangeKG>0.1</RangeKG>
      <AG>0.1</AG>
      <PERC>7.4128660757730058</PERC>
      <Alpha>0</Alpha>
      <UZL>20.113891873146489</UZL>
      <K0>0.43699739113428471</K0>
      <K1>0.010000181150838909</K1>
      <K2>0.10200857743580673</K2>
      <MAXBAS>1.164959226343727</MAXBAS>
      <Cet>0</Cet>
      <PCALT>10</PCALT>
      <TCALT>0.6</TCALT>
      <Pelev>3022</Pelev>
      <Telev>3058</Telev>
      <PART>0.5</PART>
      <DELAY>1</DELAY>
    </SubCatchmentParameters>
    <SubCatchmentVegetationZone>
      <SubCatchmentVegetationZoneParameters>
        <TT>1.3054283967510745</TT>
        <CFMAX>1.8786971348489241</CFMAX>
        <SP>0</SP>
        <SFCF>0.63914590955818174</SFCF>
        <CFR>0.0999995739676425</CFR>
        <CWH>0.19405024082274669</CWH>
        <CFGlacier>1</CFGlacier>
        <CFSlope>1</CFSlope>
        <FC>441.01646989991184</FC>
        <LP>0.38121032206648858</LP>
        <BETA>5.8327662875447031</BETA>
      </SubCatchmentVegetationZoneParameters>
    </SubCatchmentVegetationZone>
  </SubCatchment>
</Catchment>