<?xml version="1.0" encoding="utf-8"?>
<Catchment xmlns:xsi="http://www.w3.org/2001/XMLSchema-instance" xmlns:xsd="http://www.w3.org/2001/XMLSchema">
  <CatchmentParameters>
    <KSI>0.001</KSI>
    <KGmin>0.05</KGmin>
    <RangeKG>0.1</RangeKG>
    <AG>0.1</AG>
    <PERC>9.9999465982708422</PERC>
    <Alpha>0</Alpha>
    <UZL>69.376742044500546</UZL>
    <K0>0.586003128305752</K0>
    <K1>0.11608752469119539</K1>
    <K2>0.10027355278085041</K2>
    <MAXBAS>1.0050389096772874</MAXBAS>
    <Cet>0</Cet>
    <PCALT>10</PCALT>
    <TCALT>0.6</TCALT>
    <Pelev>3022</Pelev>
    <Telev>3058</Telev>
    <PART>0.5</PART>
    <DELAY>1</DELAY>
  </CatchmentParameters>
  <VegetationZone>
    <VegetationZoneParameters>
      <TT>2.1239952690961674</TT>
      <CFMAX>2.3128872427868421</CFMAX>
      <SP>0</SP>
      <SFCF>0.63656405394678062</SFCF>
      <CFR>0.099999932252054488</CFR>
      <CWH>0.19766656193198889</CWH>
      <CFGlacier>1</CFGlacier>
      <CFSlope>1</CFSlope>
      <FC>502.47506353155967</FC>
      <LP>0.50743856446188873</LP>
      <BETA>5.1757583351509453</BETA>
    </VegetationZoneParameters>
  </VegetationZone>
  <SubCatchment>
    <SubCatchmentParameters>
      <KSI>0.001</KSI>
      <KGmin>0.05</KGmin>
      <RangeKG>0.1</RangeKG>
      <AG>0.1</AG>
      <PERC>9.9999465982708422</PERC>
      <Alpha>0</Alpha>
      <UZL>69.376742044500546</UZL>
      <K0>0.586003128305752</K0>
      <K1>0.11608752469119539</K1>
      <K2>0.10027355278085041</K2>
      <MAXBAS>1.0050389096772874</MAXBAS>
      <Cet>0</Cet>
      <PCALT>10</PCALT>
      <TCALT>0.6</TCALT>
      <Pelev>3022</Pelev>
      <Telev>3058</Telev>
      <PART>0.5</PART>
      <DELAY>1</DELAY>
    </SubCatchmentParameters>
    <SubCatchmentVegetationZone>
      <SubCatchmentVegetationZoneParameters>
        <TT>2.1239952690961674</TT>
        <CFMAX>2.3128872427868421</CFMAX>
        <SP>0</SP>
        <SFCF>0.63656405394678062</SFCF>
        <CFR>0.099999932252054488</CFR>
        <CWH>0.19766656193198889</CWH>
        <CFGlacier>1</CFGlacier>
        <CFSlope>1</CFSlope>
        <FC>502.47506353155967</FC>
        <LP>0.50743856446188873</LP>
        <BETA>5.1757583351509453</BETA>
      </SubCatchmentVegetationZoneParameters>
    </SubCatchmentVegetationZone>
  </SubCatchment>
</Catchment>