<?xml version="1.0" encoding="utf-8"?>
<Catchment xmlns:xsi="http://www.w3.org/2001/XMLSchema-instance" xmlns:xsd="http://www.w3.org/2001/XMLSchema">
  <CatchmentParameters>
    <KSI>0.001</KSI>
    <KGmin>0.05</KGmin>
    <RangeKG>0.1</RangeKG>
    <AG>0.1</AG>
    <PERC>8.2244877988999328</PERC>
    <Alpha>0</Alpha>
    <UZL>99.252374304324931</UZL>
    <K0>0.81329721840657176</K0>
    <K1>0.22504021317271222</K1>
    <K2>0.12645787314863594</K2>
    <MAXBAS>1.4848767243117267</MAXBAS>
    <Cet>0</Cet>
    <PCALT>10</PCALT>
    <TCALT>0.6</TCALT>
    <Pelev>3022</Pelev>
    <Telev>3058</Telev>
    <PART>0.5</PART>
    <DELAY>1</DELAY>
  </CatchmentParameters>
  <VegetationZone>
    <VegetationZoneParameters>
      <TT>1.8885232425209859</TT>
      <CFMAX>1.5864113538957037</CFMAX>
      <SP>0</SP>
      <SFCF>0.557969101737882</SFCF>
      <CFR>2.2664961494923282E-08</CFR>
      <CWH>0.19999888158759771</CWH>
      <CFGlacier>1</CFGlacier>
      <CFSlope>1</CFSlope>
      <FC>395.99919235045724</FC>
      <LP>0.39618561676660646</LP>
      <BETA>4.4307543703333341</BETA>
    </VegetationZoneParameters>
  </VegetationZone>
  <SubCatchment>
    <SubCatchmentParameters>
      <KSI>0.001</KSI>
      <KGmin>0.05</KGmin>
      <RangeKG>0.1</RangeKG>
      <AG>0.1</AG>
      <PERC>8.2244877988999328</PERC>
      <Alpha>0</Alpha>
      <UZL>99.252374304324931</UZL>
      <K0>0.81329721840657176</K0>
      <K1>0.22504021317271222</K1>
      <K2>0.12645787314863594</K2>
      <MAXBAS>1.4848767243117267</MAXBAS>
      <Cet>0</Cet>
      <PCALT>10</PCALT>
      <TCALT>0.6</TCALT>
      <Pelev>3022</Pelev>
      <Telev>3058</Telev>
      <PART>0.5</PART>
      <DELAY>1</DELAY>
    </SubCatchmentParameters>
    <SubCatchmentVegetationZone>
      <SubCatchmentVegetationZoneParameters>
        <TT>1.8885232425209859</TT>
        <CFMAX>1.5864113538957037</CFMAX>
        <SP>0</SP>
        <SFCF>0.557969101737882</SFCF>
        <CFR>2.2664961494923282E-08</CFR>
        <CWH>0.19999888158759771</CWH>
        <CFGlacier>1</CFGlacier>
        <CFSlope>1</CFSlope>
        <FC>395.99919235045724</FC>
        <LP>0.39618561676660646</LP>
        <BETA>4.4307543703333341</BETA>
      </SubCatchmentVegetationZoneParameters>
    </SubCatchmentVegetationZone>
  </SubCatchment>
</Catchment>