<?xml version="1.0" encoding="utf-8"?>
<Catchment xmlns:xsi="http://www.w3.org/2001/XMLSchema-instance" xmlns:xsd="http://www.w3.org/2001/XMLSchema">
  <CatchmentParameters>
    <KSI>0.001</KSI>
    <KGmin>0.05</KGmin>
    <RangeKG>0.1</RangeKG>
    <AG>0.1</AG>
    <PERC>0.049538226910343618</PERC>
    <Alpha>0</Alpha>
    <UZL>161.39712598837889</UZL>
    <K0>0.20564182266648656</K0>
    <K1>0.105223718225143</K1>
    <K2>0.010000008166904016</K2>
    <MAXBAS>1</MAXBAS>
    <Cet>0</Cet>
    <PCALT>10</PCALT>
    <TCALT>0.6</TCALT>
    <Pelev>3022</Pelev>
    <Telev>3058</Telev>
    <PART>0.5</PART>
    <DELAY>1</DELAY>
  </CatchmentParameters>
  <VegetationZone>
    <VegetationZoneParameters>
      <TT>2.4923954485532618</TT>
      <CFMAX>3.1638239544381417</CFMAX>
      <SP>0</SP>
      <SFCF>0.69995842673452668</SFCF>
      <CFR>0.09999933770379088</CFR>
      <CWH>0.10000029451336111</CWH>
      <CFGlacier>1</CFGlacier>
      <CFSlope>1</CFSlope>
      <FC>773.33165180251387</FC>
      <LP>0.57990099521147642</LP>
      <BETA>5.0552553051916638</BETA>
    </VegetationZoneParameters>
  </VegetationZone>
  <SubCatchment>
    <SubCatchmentParameters>
      <KSI>0.001</KSI>
      <KGmin>0.05</KGmin>
      <RangeKG>0.1</RangeKG>
      <AG>0.1</AG>
      <PERC>0.049538226910343618</PERC>
      <Alpha>0</Alpha>
      <UZL>161.39712598837889</UZL>
      <K0>0.20564182266648656</K0>
      <K1>0.105223718225143</K1>
      <K2>0.010000008166904016</K2>
      <MAXBAS>1</MAXBAS>
      <Cet>0</Cet>
      <PCALT>10</PCALT>
      <TCALT>0.6</TCALT>
      <Pelev>3022</Pelev>
      <Telev>3058</Telev>
      <PART>0.5</PART>
      <DELAY>1</DELAY>
    </SubCatchmentParameters>
    <SubCatchmentVegetationZone>
      <SubCatchmentVegetationZoneParameters>
        <TT>2.4923954485532618</TT>
        <CFMAX>3.1638239544381417</CFMAX>
        <SP>0</SP>
        <SFCF>0.69995842673452668</SFCF>
        <CFR>0.09999933770379088</CFR>
        <CWH>0.10000029451336111</CWH>
        <CFGlacier>1</CFGlacier>
        <CFSlope>1</CFSlope>
        <FC>773.33165180251387</FC>
        <LP>0.57990099521147642</LP>
        <BETA>5.0552553051916638</BETA>
      </SubCatchmentVegetationZoneParameters>
    </SubCatchmentVegetationZone>
  </SubCatchment>
</Catchment>