<?xml version="1.0" encoding="utf-8"?>
<Catchment xmlns:xsi="http://www.w3.org/2001/XMLSchema-instance" xmlns:xsd="http://www.w3.org/2001/XMLSchema">
  <CatchmentParameters>
    <KSI>0.001</KSI>
    <KGmin>0.05</KGmin>
    <RangeKG>0.1</RangeKG>
    <AG>0.1</AG>
    <PERC>0.27836551194781717</PERC>
    <Alpha>0</Alpha>
    <UZL>110.22277772420502</UZL>
    <K0>0.44843637644348244</K0>
    <K1>0.10161488237065539</K1>
    <K2>0.02018655306315599</K2>
    <MAXBAS>1.0048176973822511</MAXBAS>
    <Cet>0</Cet>
    <PCALT>10</PCALT>
    <TCALT>0.6</TCALT>
    <Pelev>3022</Pelev>
    <Telev>3058</Telev>
    <PART>0.5</PART>
    <DELAY>1</DELAY>
  </CatchmentParameters>
  <VegetationZone>
    <VegetationZoneParameters>
      <TT>1.3070901647019659</TT>
      <CFMAX>1.5829327886435227</CFMAX>
      <SP>0</SP>
      <SFCF>0.56559089484041736</SFCF>
      <CFR>0.068132251346314329</CFR>
      <CWH>0.19999999989222658</CWH>
      <CFGlacier>1</CFGlacier>
      <CFSlope>1</CFSlope>
      <FC>403.42293943931196</FC>
      <LP>0.51093584548816351</LP>
      <BETA>5.9999844403315876</BETA>
    </VegetationZoneParameters>
  </VegetationZone>
  <SubCatchment>
    <SubCatchmentParameters>
      <KSI>0.001</KSI>
      <KGmin>0.05</KGmin>
      <RangeKG>0.1</RangeKG>
      <AG>0.1</AG>
      <PERC>0.27836551194781717</PERC>
      <Alpha>0</Alpha>
      <UZL>110.22277772420502</UZL>
      <K0>0.44843637644348244</K0>
      <K1>0.10161488237065539</K1>
      <K2>0.02018655306315599</K2>
      <MAXBAS>1.0048176973822511</MAXBAS>
      <Cet>0</Cet>
      <PCALT>10</PCALT>
      <TCALT>0.6</TCALT>
      <Pelev>3022</Pelev>
      <Telev>3058</Telev>
      <PART>0.5</PART>
      <DELAY>1</DELAY>
    </SubCatchmentParameters>
    <SubCatchmentVegetationZone>
      <SubCatchmentVegetationZoneParameters>
        <TT>1.3070901647019659</TT>
        <CFMAX>1.5829327886435227</CFMAX>
        <SP>0</SP>
        <SFCF>0.56559089484041736</SFCF>
        <CFR>0.068132251346314329</CFR>
        <CWH>0.19999999989222658</CWH>
        <CFGlacier>1</CFGlacier>
        <CFSlope>1</CFSlope>
        <FC>403.42293943931196</FC>
        <LP>0.51093584548816351</LP>
        <BETA>5.9999844403315876</BETA>
      </SubCatchmentVegetationZoneParameters>
    </SubCatchmentVegetationZone>
  </SubCatchment>
</Catchment>