<?xml version="1.0" encoding="utf-8"?>
<Catchment xmlns:xsi="http://www.w3.org/2001/XMLSchema-instance" xmlns:xsd="http://www.w3.org/2001/XMLSchema">
  <CatchmentParameters>
    <KSI>0.001</KSI>
    <KGmin>0.05</KGmin>
    <RangeKG>0.1</RangeKG>
    <AG>0.1</AG>
    <PERC>0.03502705275607277</PERC>
    <Alpha>0</Alpha>
    <UZL>77.626083199706756</UZL>
    <K0>0.15031766394475191</K0>
    <K1>0.12594493053002492</K1>
    <K2>0.010000007676165944</K2>
    <MAXBAS>1</MAXBAS>
    <Cet>0</Cet>
    <PCALT>10</PCALT>
    <TCALT>0.6</TCALT>
    <Pelev>3022</Pelev>
    <Telev>3058</Telev>
    <PART>0.5</PART>
    <DELAY>1</DELAY>
  </CatchmentParameters>
  <VegetationZone>
    <VegetationZoneParameters>
      <TT>1.2393522594525277</TT>
      <CFMAX>2.0153547670986938</CFMAX>
      <SP>0</SP>
      <SFCF>0.76675833331297283</SFCF>
      <CFR>0.099999884807928818</CFR>
      <CWH>0.18970729121727886</CWH>
      <CFGlacier>1</CFGlacier>
      <CFSlope>1</CFSlope>
      <FC>1158.8620978063198</FC>
      <LP>0.43421148480489513</LP>
      <BETA>3.0850331985442079</BETA>
    </VegetationZoneParameters>
  </VegetationZone>
  <SubCatchment>
    <SubCatchmentParameters>
      <KSI>0.001</KSI>
      <KGmin>0.05</KGmin>
      <RangeKG>0.1</RangeKG>
      <AG>0.1</AG>
      <PERC>0.03502705275607277</PERC>
      <Alpha>0</Alpha>
      <UZL>77.626083199706756</UZL>
      <K0>0.15031766394475191</K0>
      <K1>0.12594493053002492</K1>
      <K2>0.010000007676165944</K2>
      <MAXBAS>1</MAXBAS>
      <Cet>0</Cet>
      <PCALT>10</PCALT>
      <TCALT>0.6</TCALT>
      <Pelev>3022</Pelev>
      <Telev>3058</Telev>
      <PART>0.5</PART>
      <DELAY>1</DELAY>
    </SubCatchmentParameters>
    <SubCatchmentVegetationZone>
      <SubCatchmentVegetationZoneParameters>
        <TT>1.2393522594525277</TT>
        <CFMAX>2.0153547670986938</CFMAX>
        <SP>0</SP>
        <SFCF>0.76675833331297283</SFCF>
        <CFR>0.099999884807928818</CFR>
        <CWH>0.18970729121727886</CWH>
        <CFGlacier>1</CFGlacier>
        <CFSlope>1</CFSlope>
        <FC>1158.8620978063198</FC>
        <LP>0.43421148480489513</LP>
        <BETA>3.0850331985442079</BETA>
      </SubCatchmentVegetationZoneParameters>
    </SubCatchmentVegetationZone>
  </SubCatchment>
</Catchment>