<?xml version="1.0" encoding="utf-8"?>
<Catchment xmlns:xsi="http://www.w3.org/2001/XMLSchema-instance" xmlns:xsd="http://www.w3.org/2001/XMLSchema">
  <CatchmentParameters>
    <KSI>0.001</KSI>
    <KGmin>0.05</KGmin>
    <RangeKG>0.1</RangeKG>
    <AG>0.1</AG>
    <PERC>0.047345168732972204</PERC>
    <Alpha>0</Alpha>
    <UZL>154.27180113094218</UZL>
    <K0>0.050008814818520889</K0>
    <K1>0.14031839714819214</K1>
    <K2>0.012864534012471405</K2>
    <MAXBAS>1</MAXBAS>
    <Cet>0</Cet>
    <PCALT>10</PCALT>
    <TCALT>0.6</TCALT>
    <Pelev>3022</Pelev>
    <Telev>3058</Telev>
    <PART>0.5</PART>
    <DELAY>1</DELAY>
  </CatchmentParameters>
  <VegetationZone>
    <VegetationZoneParameters>
      <TT>1.2067298383098963</TT>
      <CFMAX>1.46909421002981</CFMAX>
      <SP>0</SP>
      <SFCF>0.61479467612959249</SFCF>
      <CFR>7.177267407879193E-08</CFR>
      <CWH>0.10000115014840269</CWH>
      <CFGlacier>1</CFGlacier>
      <CFSlope>1</CFSlope>
      <FC>641.03448694129668</FC>
      <LP>0.54340762932723563</LP>
      <BETA>4.01848946057911</BETA>
    </VegetationZoneParameters>
  </VegetationZone>
  <SubCatchment>
    <SubCatchmentParameters>
      <KSI>0.001</KSI>
      <KGmin>0.05</KGmin>
      <RangeKG>0.1</RangeKG>
      <AG>0.1</AG>
      <PERC>0.047345168732972204</PERC>
      <Alpha>0</Alpha>
      <UZL>154.27180113094218</UZL>
      <K0>0.050008814818520889</K0>
      <K1>0.14031839714819214</K1>
      <K2>0.012864534012471405</K2>
      <MAXBAS>1</MAXBAS>
      <Cet>0</Cet>
      <PCALT>10</PCALT>
      <TCALT>0.6</TCALT>
      <Pelev>3022</Pelev>
      <Telev>3058</Telev>
      <PART>0.5</PART>
      <DELAY>1</DELAY>
    </SubCatchmentParameters>
    <SubCatchmentVegetationZone>
      <SubCatchmentVegetationZoneParameters>
        <TT>1.2067298383098963</TT>
        <CFMAX>1.46909421002981</CFMAX>
        <SP>0</SP>
        <SFCF>0.61479467612959249</SFCF>
        <CFR>7.177267407879193E-08</CFR>
        <CWH>0.10000115014840269</CWH>
        <CFGlacier>1</CFGlacier>
        <CFSlope>1</CFSlope>
        <FC>641.03448694129668</FC>
        <LP>0.54340762932723563</LP>
        <BETA>4.01848946057911</BETA>
      </SubCatchmentVegetationZoneParameters>
    </SubCatchmentVegetationZone>
  </SubCatchment>
</Catchment>