<?xml version="1.0" encoding="utf-8"?>
<Catchment xmlns:xsi="http://www.w3.org/2001/XMLSchema-instance" xmlns:xsd="http://www.w3.org/2001/XMLSchema">
  <CatchmentParameters>
    <KSI>0.001</KSI>
    <KGmin>0.05</KGmin>
    <RangeKG>0.1</RangeKG>
    <AG>0.1</AG>
    <PERC>0.2618647919867243</PERC>
    <Alpha>0</Alpha>
    <UZL>198.24160987056658</UZL>
    <K0>0.28798030650552153</K0>
    <K1>0.10906780492384086</K1>
    <K2>0.020000018749708335</K2>
    <MAXBAS>1.0050020136262163</MAXBAS>
    <Cet>0</Cet>
    <PCALT>10</PCALT>
    <TCALT>0.6</TCALT>
    <Pelev>3022</Pelev>
    <Telev>3058</Telev>
    <PART>0.5</PART>
    <DELAY>1</DELAY>
  </CatchmentParameters>
  <VegetationZone>
    <VegetationZoneParameters>
      <TT>1.6420001674739562</TT>
      <CFMAX>1.7694236404296004</CFMAX>
      <SP>0</SP>
      <SFCF>0.59970948657865786</SFCF>
      <CFR>0.00921569771121407</CFR>
      <CWH>0.19999837802782669</CWH>
      <CFGlacier>1</CFGlacier>
      <CFSlope>1</CFSlope>
      <FC>464.2092599153649</FC>
      <LP>0.54208992874272843</LP>
      <BETA>5.9999822731734067</BETA>
    </VegetationZoneParameters>
  </VegetationZone>
  <SubCatchment>
    <SubCatchmentParameters>
      <KSI>0.001</KSI>
      <KGmin>0.05</KGmin>
      <RangeKG>0.1</RangeKG>
      <AG>0.1</AG>
      <PERC>0.2618647919867243</PERC>
      <Alpha>0</Alpha>
      <UZL>198.24160987056658</UZL>
      <K0>0.28798030650552153</K0>
      <K1>0.10906780492384086</K1>
      <K2>0.020000018749708335</K2>
      <MAXBAS>1.0050020136262163</MAXBAS>
      <Cet>0</Cet>
      <PCALT>10</PCALT>
      <TCALT>0.6</TCALT>
      <Pelev>3022</Pelev>
      <Telev>3058</Telev>
      <PART>0.5</PART>
      <DELAY>1</DELAY>
    </SubCatchmentParameters>
    <SubCatchmentVegetationZone>
      <SubCatchmentVegetationZoneParameters>
        <TT>1.6420001674739562</TT>
        <CFMAX>1.7694236404296004</CFMAX>
        <SP>0</SP>
        <SFCF>0.59970948657865786</SFCF>
        <CFR>0.00921569771121407</CFR>
        <CWH>0.19999837802782669</CWH>
        <CFGlacier>1</CFGlacier>
        <CFSlope>1</CFSlope>
        <FC>464.2092599153649</FC>
        <LP>0.54208992874272843</LP>
        <BETA>5.9999822731734067</BETA>
      </SubCatchmentVegetationZoneParameters>
    </SubCatchmentVegetationZone>
  </SubCatchment>
</Catchment>