<?xml version="1.0" encoding="utf-8"?>
<Catchment xmlns:xsi="http://www.w3.org/2001/XMLSchema-instance" xmlns:xsd="http://www.w3.org/2001/XMLSchema">
  <CatchmentParameters>
    <KSI>0.001</KSI>
    <KGmin>0.05</KGmin>
    <RangeKG>0.1</RangeKG>
    <AG>0.1</AG>
    <PERC>9.42155909473685</PERC>
    <Alpha>0</Alpha>
    <UZL>175.14093560996895</UZL>
    <K0>0.1658009439947529</K0>
    <K1>0.200802086448629</K1>
    <K2>0.11189025024159677</K2>
    <MAXBAS>1.5639553323642919</MAXBAS>
    <Cet>0</Cet>
    <PCALT>10</PCALT>
    <TCALT>0.6</TCALT>
    <Pelev>3022</Pelev>
    <Telev>3058</Telev>
    <PART>0.5</PART>
    <DELAY>1</DELAY>
  </CatchmentParameters>
  <VegetationZone>
    <VegetationZoneParameters>
      <TT>1.0104352937950882</TT>
      <CFMAX>1.5158500847548793</CFMAX>
      <SP>0</SP>
      <SFCF>0.62015755205889844</SFCF>
      <CFR>5.0441841867754789E-07</CFR>
      <CWH>0.19999946341395977</CWH>
      <CFGlacier>1</CFGlacier>
      <CFSlope>1</CFSlope>
      <FC>499.40939230737069</FC>
      <LP>0.50237739882654786</LP>
      <BETA>5.9999821223877126</BETA>
    </VegetationZoneParameters>
  </VegetationZone>
  <SubCatchment>
    <SubCatchmentParameters>
      <KSI>0.001</KSI>
      <KGmin>0.05</KGmin>
      <RangeKG>0.1</RangeKG>
      <AG>0.1</AG>
      <PERC>9.42155909473685</PERC>
      <Alpha>0</Alpha>
      <UZL>175.14093560996895</UZL>
      <K0>0.1658009439947529</K0>
      <K1>0.200802086448629</K1>
      <K2>0.11189025024159677</K2>
      <MAXBAS>1.5639553323642919</MAXBAS>
      <Cet>0</Cet>
      <PCALT>10</PCALT>
      <TCALT>0.6</TCALT>
      <Pelev>3022</Pelev>
      <Telev>3058</Telev>
      <PART>0.5</PART>
      <DELAY>1</DELAY>
    </SubCatchmentParameters>
    <SubCatchmentVegetationZone>
      <SubCatchmentVegetationZoneParameters>
        <TT>1.0104352937950882</TT>
        <CFMAX>1.5158500847548793</CFMAX>
        <SP>0</SP>
        <SFCF>0.62015755205889844</SFCF>
        <CFR>5.0441841867754789E-07</CFR>
        <CWH>0.19999946341395977</CWH>
        <CFGlacier>1</CFGlacier>
        <CFSlope>1</CFSlope>
        <FC>499.40939230737069</FC>
        <LP>0.50237739882654786</LP>
        <BETA>5.9999821223877126</BETA>
      </SubCatchmentVegetationZoneParameters>
    </SubCatchmentVegetationZone>
  </SubCatchment>
</Catchment>