<?xml version="1.0" encoding="utf-8"?>
<Catchment xmlns:xsi="http://www.w3.org/2001/XMLSchema-instance" xmlns:xsd="http://www.w3.org/2001/XMLSchema">
  <CatchmentParameters>
    <KSI>0.001</KSI>
    <KGmin>0.05</KGmin>
    <RangeKG>0.1</RangeKG>
    <AG>0.1</AG>
    <PERC>6.89540663469451</PERC>
    <Alpha>0</Alpha>
    <UZL>102.60215314410361</UZL>
    <K0>0.30525553288290369</K0>
    <K1>0.069176025496634333</K1>
    <K2>0.091496136488775262</K2>
    <MAXBAS>1.2149796216542483</MAXBAS>
    <Cet>0</Cet>
    <PCALT>10</PCALT>
    <TCALT>0.6</TCALT>
    <Pelev>3022</Pelev>
    <Telev>3058</Telev>
    <PART>0.5</PART>
    <DELAY>1</DELAY>
  </CatchmentParameters>
  <VegetationZone>
    <VegetationZoneParameters>
      <TT>1.9059966687410774</TT>
      <CFMAX>2.5312239970726784</CFMAX>
      <SP>0</SP>
      <SFCF>0.67692262097689671</SFCF>
      <CFR>0.099999809082743529</CFR>
      <CWH>0.19999829567130767</CWH>
      <CFGlacier>1</CFGlacier>
      <CFSlope>1</CFSlope>
      <FC>463.26988459244831</FC>
      <LP>0.36623761704524271</LP>
      <BETA>5.3150475799397894</BETA>
    </VegetationZoneParameters>
  </VegetationZone>
  <SubCatchment>
    <SubCatchmentParameters>
      <KSI>0.001</KSI>
      <KGmin>0.05</KGmin>
      <RangeKG>0.1</RangeKG>
      <AG>0.1</AG>
      <PERC>6.89540663469451</PERC>
      <Alpha>0</Alpha>
      <UZL>102.60215314410361</UZL>
      <K0>0.30525553288290369</K0>
      <K1>0.069176025496634333</K1>
      <K2>0.091496136488775262</K2>
      <MAXBAS>1.2149796216542483</MAXBAS>
      <Cet>0</Cet>
      <PCALT>10</PCALT>
      <TCALT>0.6</TCALT>
      <Pelev>3022</Pelev>
      <Telev>3058</Telev>
      <PART>0.5</PART>
      <DELAY>1</DELAY>
    </SubCatchmentParameters>
    <SubCatchmentVegetationZone>
      <SubCatchmentVegetationZoneParameters>
        <TT>1.9059966687410774</TT>
        <CFMAX>2.5312239970726784</CFMAX>
        <SP>0</SP>
        <SFCF>0.67692262097689671</SFCF>
        <CFR>0.099999809082743529</CFR>
        <CWH>0.19999829567130767</CWH>
        <CFGlacier>1</CFGlacier>
        <CFSlope>1</CFSlope>
        <FC>463.26988459244831</FC>
        <LP>0.36623761704524271</LP>
        <BETA>5.3150475799397894</BETA>
      </SubCatchmentVegetationZoneParameters>
    </SubCatchmentVegetationZone>
  </SubCatchment>
</Catchment>