<?xml version="1.0" encoding="utf-8"?>
<Catchment xmlns:xsi="http://www.w3.org/2001/XMLSchema-instance" xmlns:xsd="http://www.w3.org/2001/XMLSchema">
  <CatchmentParameters>
    <KSI>0.001</KSI>
    <KGmin>0.05</KGmin>
    <RangeKG>0.1</RangeKG>
    <AG>0.1</AG>
    <PERC>0.027010572729178294</PERC>
    <Alpha>0</Alpha>
    <UZL>103.08763688666741</UZL>
    <K0>0.10024797017513434</K0>
    <K1>0.14079667454787473</K1>
    <K2>0.010003656259730409</K2>
    <MAXBAS>1</MAXBAS>
    <Cet>0</Cet>
    <PCALT>10</PCALT>
    <TCALT>0.6</TCALT>
    <Pelev>3022</Pelev>
    <Telev>3058</Telev>
    <PART>0.5</PART>
    <DELAY>1</DELAY>
  </CatchmentParameters>
  <VegetationZone>
    <VegetationZoneParameters>
      <TT>-0.30520117161782406</TT>
      <CFMAX>1.212536969299346</CFMAX>
      <SP>0</SP>
      <SFCF>0.78132962257668093</SFCF>
      <CFR>0.085483210188729258</CFR>
      <CWH>0.19995692667615678</CWH>
      <CFGlacier>1</CFGlacier>
      <CFSlope>1</CFSlope>
      <FC>1422.0899212834931</FC>
      <LP>0.50821143189642937</LP>
      <BETA>4.060623509386553</BETA>
    </VegetationZoneParameters>
  </VegetationZone>
  <SubCatchment>
    <SubCatchmentParameters>
      <KSI>0.001</KSI>
      <KGmin>0.05</KGmin>
      <RangeKG>0.1</RangeKG>
      <AG>0.1</AG>
      <PERC>0.027010572729178294</PERC>
      <Alpha>0</Alpha>
      <UZL>103.08763688666741</UZL>
      <K0>0.10024797017513434</K0>
      <K1>0.14079667454787473</K1>
      <K2>0.010003656259730409</K2>
      <MAXBAS>1</MAXBAS>
      <Cet>0</Cet>
      <PCALT>10</PCALT>
      <TCALT>0.6</TCALT>
      <Pelev>3022</Pelev>
      <Telev>3058</Telev>
      <PART>0.5</PART>
      <DELAY>1</DELAY>
    </SubCatchmentParameters>
    <SubCatchmentVegetationZone>
      <SubCatchmentVegetationZoneParameters>
        <TT>-0.30520117161782406</TT>
        <CFMAX>1.212536969299346</CFMAX>
        <SP>0</SP>
        <SFCF>0.78132962257668093</SFCF>
        <CFR>0.085483210188729258</CFR>
        <CWH>0.19995692667615678</CWH>
        <CFGlacier>1</CFGlacier>
        <CFSlope>1</CFSlope>
        <FC>1422.0899212834931</FC>
        <LP>0.50821143189642937</LP>
        <BETA>4.060623509386553</BETA>
      </SubCatchmentVegetationZoneParameters>
    </SubCatchmentVegetationZone>
  </SubCatchment>
</Catchment>