<?xml version="1.0" encoding="utf-8"?>
<Catchment xmlns:xsi="http://www.w3.org/2001/XMLSchema-instance" xmlns:xsd="http://www.w3.org/2001/XMLSchema">
  <CatchmentParameters>
    <KSI>0.001</KSI>
    <KGmin>0.05</KGmin>
    <RangeKG>0.1</RangeKG>
    <AG>0.1</AG>
    <PERC>9.9999082131899133</PERC>
    <Alpha>0</Alpha>
    <UZL>116.52569497562681</UZL>
    <K0>0.50464251449240694</K0>
    <K1>0.10026045802552124</K1>
    <K2>0.0947951168641687</K2>
    <MAXBAS>1.3750033536204951</MAXBAS>
    <Cet>0</Cet>
    <PCALT>10</PCALT>
    <TCALT>0.6</TCALT>
    <Pelev>3022</Pelev>
    <Telev>3058</Telev>
    <PART>0.5</PART>
    <DELAY>1</DELAY>
  </CatchmentParameters>
  <VegetationZone>
    <VegetationZoneParameters>
      <TT>1.8685469555988443</TT>
      <CFMAX>2.3196696843271516</CFMAX>
      <SP>0</SP>
      <SFCF>0.65542839875046666</SFCF>
      <CFR>0.09737020418635664</CFR>
      <CWH>0.19999905488717013</CWH>
      <CFGlacier>1</CFGlacier>
      <CFSlope>1</CFSlope>
      <FC>544.25355999436715</FC>
      <LP>0.56297869040806425</LP>
      <BETA>5.9999916529865382</BETA>
    </VegetationZoneParameters>
  </VegetationZone>
  <SubCatchment>
    <SubCatchmentParameters>
      <KSI>0.001</KSI>
      <KGmin>0.05</KGmin>
      <RangeKG>0.1</RangeKG>
      <AG>0.1</AG>
      <PERC>9.9999082131899133</PERC>
      <Alpha>0</Alpha>
      <UZL>116.52569497562681</UZL>
      <K0>0.50464251449240694</K0>
      <K1>0.10026045802552124</K1>
      <K2>0.0947951168641687</K2>
      <MAXBAS>1.3750033536204951</MAXBAS>
      <Cet>0</Cet>
      <PCALT>10</PCALT>
      <TCALT>0.6</TCALT>
      <Pelev>3022</Pelev>
      <Telev>3058</Telev>
      <PART>0.5</PART>
      <DELAY>1</DELAY>
    </SubCatchmentParameters>
    <SubCatchmentVegetationZone>
      <SubCatchmentVegetationZoneParameters>
        <TT>1.8685469555988443</TT>
        <CFMAX>2.3196696843271516</CFMAX>
        <SP>0</SP>
        <SFCF>0.65542839875046666</SFCF>
        <CFR>0.09737020418635664</CFR>
        <CWH>0.19999905488717013</CWH>
        <CFGlacier>1</CFGlacier>
        <CFSlope>1</CFSlope>
        <FC>544.25355999436715</FC>
        <LP>0.56297869040806425</LP>
        <BETA>5.9999916529865382</BETA>
      </SubCatchmentVegetationZoneParameters>
    </SubCatchmentVegetationZone>
  </SubCatchment>
</Catchment>