<?xml version="1.0" encoding="utf-8"?>
<Catchment xmlns:xsi="http://www.w3.org/2001/XMLSchema-instance" xmlns:xsd="http://www.w3.org/2001/XMLSchema">
  <CatchmentParameters>
    <KSI>0.001</KSI>
    <KGmin>0.05</KGmin>
    <RangeKG>0.1</RangeKG>
    <AG>0.1</AG>
    <PERC>6.9469323387949542</PERC>
    <Alpha>0</Alpha>
    <UZL>179.98345110557477</UZL>
    <K0>0.480975534956047</K0>
    <K1>0.068387062508216731</K1>
    <K2>0.10255089306974413</K2>
    <MAXBAS>1.0000000310741948</MAXBAS>
    <Cet>0</Cet>
    <PCALT>10</PCALT>
    <TCALT>0.6</TCALT>
    <Pelev>3022</Pelev>
    <Telev>3058</Telev>
    <PART>0.5</PART>
    <DELAY>1</DELAY>
  </CatchmentParameters>
  <VegetationZone>
    <VegetationZoneParameters>
      <TT>2.40600584325412</TT>
      <CFMAX>2.3827220650799212</CFMAX>
      <SP>0</SP>
      <SFCF>0.58378317251539091</SFCF>
      <CFR>0.091683453328450182</CFR>
      <CWH>0.17049286838102448</CWH>
      <CFGlacier>1</CFGlacier>
      <CFSlope>1</CFSlope>
      <FC>403.84010960835025</FC>
      <LP>0.48577312666838512</LP>
      <BETA>5.9999891743083271</BETA>
    </VegetationZoneParameters>
  </VegetationZone>
  <SubCatchment>
    <SubCatchmentParameters>
      <KSI>0.001</KSI>
      <KGmin>0.05</KGmin>
      <RangeKG>0.1</RangeKG>
      <AG>0.1</AG>
      <PERC>6.9469323387949542</PERC>
      <Alpha>0</Alpha>
      <UZL>179.98345110557477</UZL>
      <K0>0.480975534956047</K0>
      <K1>0.068387062508216731</K1>
      <K2>0.10255089306974413</K2>
      <MAXBAS>1.0000000310741948</MAXBAS>
      <Cet>0</Cet>
      <PCALT>10</PCALT>
      <TCALT>0.6</TCALT>
      <Pelev>3022</Pelev>
      <Telev>3058</Telev>
      <PART>0.5</PART>
      <DELAY>1</DELAY>
    </SubCatchmentParameters>
    <SubCatchmentVegetationZone>
      <SubCatchmentVegetationZoneParameters>
        <TT>2.40600584325412</TT>
        <CFMAX>2.3827220650799212</CFMAX>
        <SP>0</SP>
        <SFCF>0.58378317251539091</SFCF>
        <CFR>0.091683453328450182</CFR>
        <CWH>0.17049286838102448</CWH>
        <CFGlacier>1</CFGlacier>
        <CFSlope>1</CFSlope>
        <FC>403.84010960835025</FC>
        <LP>0.48577312666838512</LP>
        <BETA>5.9999891743083271</BETA>
      </SubCatchmentVegetationZoneParameters>
    </SubCatchmentVegetationZone>
  </SubCatchment>
</Catchment>