<?xml version="1.0" encoding="utf-8"?>
<Catchment xmlns:xsi="http://www.w3.org/2001/XMLSchema-instance" xmlns:xsd="http://www.w3.org/2001/XMLSchema">
  <CatchmentParameters>
    <KSI>0.001</KSI>
    <KGmin>0.05</KGmin>
    <RangeKG>0.1</RangeKG>
    <AG>0.1</AG>
    <PERC>8.9056750464889891</PERC>
    <Alpha>0</Alpha>
    <UZL>100.94652504375296</UZL>
    <K0>0.40582306317040479</K0>
    <K1>0.2427342230439723</K1>
    <K2>0.1219634521633181</K2>
    <MAXBAS>1.6150125769424573</MAXBAS>
    <Cet>0</Cet>
    <PCALT>10</PCALT>
    <TCALT>0.6</TCALT>
    <Pelev>3022</Pelev>
    <Telev>3058</Telev>
    <PART>0.5</PART>
    <DELAY>1</DELAY>
  </CatchmentParameters>
  <VegetationZone>
    <VegetationZoneParameters>
      <TT>1.8920498089662674</TT>
      <CFMAX>1.9232453022040581</CFMAX>
      <SP>0</SP>
      <SFCF>0.61913703435697831</SFCF>
      <CFR>0.099999760429346912</CFR>
      <CWH>0.19993340093536705</CWH>
      <CFGlacier>1</CFGlacier>
      <CFSlope>1</CFSlope>
      <FC>491.6845221470835</FC>
      <LP>0.4528592975923747</LP>
      <BETA>4.0504539623597564</BETA>
    </VegetationZoneParameters>
  </VegetationZone>
  <SubCatchment>
    <SubCatchmentParameters>
      <KSI>0.001</KSI>
      <KGmin>0.05</KGmin>
      <RangeKG>0.1</RangeKG>
      <AG>0.1</AG>
      <PERC>8.9056750464889891</PERC>
      <Alpha>0</Alpha>
      <UZL>100.94652504375296</UZL>
      <K0>0.40582306317040479</K0>
      <K1>0.2427342230439723</K1>
      <K2>0.1219634521633181</K2>
      <MAXBAS>1.6150125769424573</MAXBAS>
      <Cet>0</Cet>
      <PCALT>10</PCALT>
      <TCALT>0.6</TCALT>
      <Pelev>3022</Pelev>
      <Telev>3058</Telev>
      <PART>0.5</PART>
      <DELAY>1</DELAY>
    </SubCatchmentParameters>
    <SubCatchmentVegetationZone>
      <SubCatchmentVegetationZoneParameters>
        <TT>1.8920498089662674</TT>
        <CFMAX>1.9232453022040581</CFMAX>
        <SP>0</SP>
        <SFCF>0.61913703435697831</SFCF>
        <CFR>0.099999760429346912</CFR>
        <CWH>0.19993340093536705</CWH>
        <CFGlacier>1</CFGlacier>
        <CFSlope>1</CFSlope>
        <FC>491.6845221470835</FC>
        <LP>0.4528592975923747</LP>
        <BETA>4.0504539623597564</BETA>
      </SubCatchmentVegetationZoneParameters>
    </SubCatchmentVegetationZone>
  </SubCatchment>
</Catchment>