<?xml version="1.0" encoding="utf-8"?>
<Catchment xmlns:xsi="http://www.w3.org/2001/XMLSchema-instance" xmlns:xsd="http://www.w3.org/2001/XMLSchema">
  <CatchmentParameters>
    <KSI>0.001</KSI>
    <KGmin>0.05</KGmin>
    <RangeKG>0.1</RangeKG>
    <AG>0.1</AG>
    <PERC>0.15849093534912831</PERC>
    <Alpha>0</Alpha>
    <UZL>61.840472702579795</UZL>
    <K0>0.29861557005227141</K0>
    <K1>0.095378569959061243</K1>
    <K2>0.020000002608755185</K2>
    <MAXBAS>1.5251287620094283</MAXBAS>
    <Cet>0</Cet>
    <PCALT>10</PCALT>
    <TCALT>0.6</TCALT>
    <Pelev>3022</Pelev>
    <Telev>3058</Telev>
    <PART>0.5</PART>
    <DELAY>1</DELAY>
  </CatchmentParameters>
  <VegetationZone>
    <VegetationZoneParameters>
      <TT>0.70599648529651871</TT>
      <CFMAX>1.4915379190758822</CFMAX>
      <SP>0</SP>
      <SFCF>0.62876933784669131</SFCF>
      <CFR>0.0797154997629282</CFR>
      <CWH>0.1580345969760534</CWH>
      <CFGlacier>1</CFGlacier>
      <CFSlope>1</CFSlope>
      <FC>436.37507949875243</FC>
      <LP>0.36960065213413829</LP>
      <BETA>5.9999897470785006</BETA>
    </VegetationZoneParameters>
  </VegetationZone>
  <SubCatchment>
    <SubCatchmentParameters>
      <KSI>0.001</KSI>
      <KGmin>0.05</KGmin>
      <RangeKG>0.1</RangeKG>
      <AG>0.1</AG>
      <PERC>0.15849093534912831</PERC>
      <Alpha>0</Alpha>
      <UZL>61.840472702579795</UZL>
      <K0>0.29861557005227141</K0>
      <K1>0.095378569959061243</K1>
      <K2>0.020000002608755185</K2>
      <MAXBAS>1.5251287620094283</MAXBAS>
      <Cet>0</Cet>
      <PCALT>10</PCALT>
      <TCALT>0.6</TCALT>
      <Pelev>3022</Pelev>
      <Telev>3058</Telev>
      <PART>0.5</PART>
      <DELAY>1</DELAY>
    </SubCatchmentParameters>
    <SubCatchmentVegetationZone>
      <SubCatchmentVegetationZoneParameters>
        <TT>0.70599648529651871</TT>
        <CFMAX>1.4915379190758822</CFMAX>
        <SP>0</SP>
        <SFCF>0.62876933784669131</SFCF>
        <CFR>0.0797154997629282</CFR>
        <CWH>0.1580345969760534</CWH>
        <CFGlacier>1</CFGlacier>
        <CFSlope>1</CFSlope>
        <FC>436.37507949875243</FC>
        <LP>0.36960065213413829</LP>
        <BETA>5.9999897470785006</BETA>
      </SubCatchmentVegetationZoneParameters>
    </SubCatchmentVegetationZone>
  </SubCatchment>
</Catchment>