<?xml version="1.0" encoding="utf-8"?>
<Catchment xmlns:xsi="http://www.w3.org/2001/XMLSchema-instance" xmlns:xsd="http://www.w3.org/2001/XMLSchema">
  <CatchmentParameters>
    <KSI>0.001</KSI>
    <KGmin>0.05</KGmin>
    <RangeKG>0.1</RangeKG>
    <AG>0.1</AG>
    <PERC>4.1980716473756514</PERC>
    <Alpha>0</Alpha>
    <UZL>159.39649432519153</UZL>
    <K0>0.074148965704946626</K0>
    <K1>0.13237377487954347</K1>
    <K2>0.0921374712889483</K2>
    <MAXBAS>1.5849482469160807</MAXBAS>
    <Cet>0</Cet>
    <PCALT>10</PCALT>
    <TCALT>0.6</TCALT>
    <Pelev>3022</Pelev>
    <Telev>3058</Telev>
    <PART>0.5</PART>
    <DELAY>1</DELAY>
  </CatchmentParameters>
  <VegetationZone>
    <VegetationZoneParameters>
      <TT>0.71361128713699651</TT>
      <CFMAX>1.3975865755966017</CFMAX>
      <SP>0</SP>
      <SFCF>0.62097159231911891</SFCF>
      <CFR>0.00046890410144361763</CFR>
      <CWH>0.19999998688946821</CWH>
      <CFGlacier>1</CFGlacier>
      <CFSlope>1</CFSlope>
      <FC>444.22124322833207</FC>
      <LP>0.45285063271090387</LP>
      <BETA>5.99999449186526</BETA>
    </VegetationZoneParameters>
  </VegetationZone>
  <SubCatchment>
    <SubCatchmentParameters>
      <KSI>0.001</KSI>
      <KGmin>0.05</KGmin>
      <RangeKG>0.1</RangeKG>
      <AG>0.1</AG>
      <PERC>4.1980716473756514</PERC>
      <Alpha>0</Alpha>
      <UZL>159.39649432519153</UZL>
      <K0>0.074148965704946626</K0>
      <K1>0.13237377487954347</K1>
      <K2>0.0921374712889483</K2>
      <MAXBAS>1.5849482469160807</MAXBAS>
      <Cet>0</Cet>
      <PCALT>10</PCALT>
      <TCALT>0.6</TCALT>
      <Pelev>3022</Pelev>
      <Telev>3058</Telev>
      <PART>0.5</PART>
      <DELAY>1</DELAY>
    </SubCatchmentParameters>
    <SubCatchmentVegetationZone>
      <SubCatchmentVegetationZoneParameters>
        <TT>0.71361128713699651</TT>
        <CFMAX>1.3975865755966017</CFMAX>
        <SP>0</SP>
        <SFCF>0.62097159231911891</SFCF>
        <CFR>0.00046890410144361763</CFR>
        <CWH>0.19999998688946821</CWH>
        <CFGlacier>1</CFGlacier>
        <CFSlope>1</CFSlope>
        <FC>444.22124322833207</FC>
        <LP>0.45285063271090387</LP>
        <BETA>5.99999449186526</BETA>
      </SubCatchmentVegetationZoneParameters>
    </SubCatchmentVegetationZone>
  </SubCatchment>
</Catchment>