<?xml version="1.0" encoding="utf-8"?>
<Catchment xmlns:xsi="http://www.w3.org/2001/XMLSchema-instance" xmlns:xsd="http://www.w3.org/2001/XMLSchema">
  <CatchmentParameters>
    <KSI>0.001</KSI>
    <KGmin>0.05</KGmin>
    <RangeKG>0.1</RangeKG>
    <AG>0.1</AG>
    <PERC>0.057317884734216812</PERC>
    <Alpha>0</Alpha>
    <UZL>126.64936344511533</UZL>
    <K0>0.84817483493907653</K0>
    <K1>0.10392702438823326</K1>
    <K2>0.013544665042990487</K2>
    <MAXBAS>1</MAXBAS>
    <Cet>0</Cet>
    <PCALT>10</PCALT>
    <TCALT>0.6</TCALT>
    <Pelev>3022</Pelev>
    <Telev>3058</Telev>
    <PART>0.5</PART>
    <DELAY>1</DELAY>
  </CatchmentParameters>
  <VegetationZone>
    <VegetationZoneParameters>
      <TT>0.741999905644345</TT>
      <CFMAX>2.0563339060873878</CFMAX>
      <SP>0</SP>
      <SFCF>0.790429510515124</SFCF>
      <CFR>0.099995345564746124</CFR>
      <CWH>0.10000005853901771</CWH>
      <CFGlacier>1</CFGlacier>
      <CFSlope>1</CFSlope>
      <FC>818.94143375539807</FC>
      <LP>0.37236808566518709</LP>
      <BETA>4.8680170425137277</BETA>
    </VegetationZoneParameters>
  </VegetationZone>
  <SubCatchment>
    <SubCatchmentParameters>
      <KSI>0.001</KSI>
      <KGmin>0.05</KGmin>
      <RangeKG>0.1</RangeKG>
      <AG>0.1</AG>
      <PERC>0.057317884734216812</PERC>
      <Alpha>0</Alpha>
      <UZL>126.64936344511533</UZL>
      <K0>0.84817483493907653</K0>
      <K1>0.10392702438823326</K1>
      <K2>0.013544665042990487</K2>
      <MAXBAS>1</MAXBAS>
      <Cet>0</Cet>
      <PCALT>10</PCALT>
      <TCALT>0.6</TCALT>
      <Pelev>3022</Pelev>
      <Telev>3058</Telev>
      <PART>0.5</PART>
      <DELAY>1</DELAY>
    </SubCatchmentParameters>
    <SubCatchmentVegetationZone>
      <SubCatchmentVegetationZoneParameters>
        <TT>0.741999905644345</TT>
        <CFMAX>2.0563339060873878</CFMAX>
        <SP>0</SP>
        <SFCF>0.790429510515124</SFCF>
        <CFR>0.099995345564746124</CFR>
        <CWH>0.10000005853901771</CWH>
        <CFGlacier>1</CFGlacier>
        <CFSlope>1</CFSlope>
        <FC>818.94143375539807</FC>
        <LP>0.37236808566518709</LP>
        <BETA>4.8680170425137277</BETA>
      </SubCatchmentVegetationZoneParameters>
    </SubCatchmentVegetationZone>
  </SubCatchment>
</Catchment>