<?xml version="1.0" encoding="utf-8"?>
<Catchment xmlns:xsi="http://www.w3.org/2001/XMLSchema-instance" xmlns:xsd="http://www.w3.org/2001/XMLSchema">
  <CatchmentParameters>
    <KSI>0.001</KSI>
    <KGmin>0.05</KGmin>
    <RangeKG>0.1</RangeKG>
    <AG>0.1</AG>
    <PERC>8.32009145873872</PERC>
    <Alpha>0</Alpha>
    <UZL>119.57828511568205</UZL>
    <K0>0.54072012685159487</K0>
    <K1>0.218016836839596</K1>
    <K2>0.11828961002815094</K2>
    <MAXBAS>1.5650244031088052</MAXBAS>
    <Cet>0</Cet>
    <PCALT>10</PCALT>
    <TCALT>0.6</TCALT>
    <Pelev>3022</Pelev>
    <Telev>3058</Telev>
    <PART>0.5</PART>
    <DELAY>1</DELAY>
  </CatchmentParameters>
  <VegetationZone>
    <VegetationZoneParameters>
      <TT>1.7751167740728662</TT>
      <CFMAX>1.785297922109566</CFMAX>
      <SP>0</SP>
      <SFCF>0.59927343879208328</SFCF>
      <CFR>0.054000951459346754</CFR>
      <CWH>0.19577656086516365</CWH>
      <CFGlacier>1</CFGlacier>
      <CFSlope>1</CFSlope>
      <FC>471.35187460951215</FC>
      <LP>0.46380089179853667</LP>
      <BETA>4.369358627363308</BETA>
    </VegetationZoneParameters>
  </VegetationZone>
  <SubCatchment>
    <SubCatchmentParameters>
      <KSI>0.001</KSI>
      <KGmin>0.05</KGmin>
      <RangeKG>0.1</RangeKG>
      <AG>0.1</AG>
      <PERC>8.32009145873872</PERC>
      <Alpha>0</Alpha>
      <UZL>119.57828511568205</UZL>
      <K0>0.54072012685159487</K0>
      <K1>0.218016836839596</K1>
      <K2>0.11828961002815094</K2>
      <MAXBAS>1.5650244031088052</MAXBAS>
      <Cet>0</Cet>
      <PCALT>10</PCALT>
      <TCALT>0.6</TCALT>
      <Pelev>3022</Pelev>
      <Telev>3058</Telev>
      <PART>0.5</PART>
      <DELAY>1</DELAY>
    </SubCatchmentParameters>
    <SubCatchmentVegetationZone>
      <SubCatchmentVegetationZoneParameters>
        <TT>1.7751167740728662</TT>
        <CFMAX>1.785297922109566</CFMAX>
        <SP>0</SP>
        <SFCF>0.59927343879208328</SFCF>
        <CFR>0.054000951459346754</CFR>
        <CWH>0.19577656086516365</CWH>
        <CFGlacier>1</CFGlacier>
        <CFSlope>1</CFSlope>
        <FC>471.35187460951215</FC>
        <LP>0.46380089179853667</LP>
        <BETA>4.369358627363308</BETA>
      </SubCatchmentVegetationZoneParameters>
    </SubCatchmentVegetationZone>
  </SubCatchment>
</Catchment>