<?xml version="1.0" encoding="utf-8"?>
<Catchment xmlns:xsi="http://www.w3.org/2001/XMLSchema-instance" xmlns:xsd="http://www.w3.org/2001/XMLSchema">
  <CatchmentParameters>
    <KSI>0.001</KSI>
    <KGmin>0.05</KGmin>
    <RangeKG>0.1</RangeKG>
    <AG>0.1</AG>
    <PERC>9.9999921611693949</PERC>
    <Alpha>0</Alpha>
    <UZL>169.64136650169272</UZL>
    <K0>0.096024435356455065</K0>
    <K1>0.10729399470848045</K1>
    <K2>0.10199048571121308</K2>
    <MAXBAS>1.1455458396047333</MAXBAS>
    <Cet>0</Cet>
    <PCALT>10</PCALT>
    <TCALT>0.6</TCALT>
    <Pelev>3022</Pelev>
    <Telev>3058</Telev>
    <PART>0.5</PART>
    <DELAY>1</DELAY>
  </CatchmentParameters>
  <VegetationZone>
    <VegetationZoneParameters>
      <TT>2.4891386497798309</TT>
      <CFMAX>2.0534526408993083</CFMAX>
      <SP>0</SP>
      <SFCF>0.525056859395704</SFCF>
      <CFR>0.089605391849251093</CFR>
      <CWH>0.19999587453304552</CWH>
      <CFGlacier>1</CFGlacier>
      <CFSlope>1</CFSlope>
      <FC>415.3205873343216</FC>
      <LP>0.65882141811311956</LP>
      <BETA>5.87997002147214</BETA>
    </VegetationZoneParameters>
  </VegetationZone>
  <SubCatchment>
    <SubCatchmentParameters>
      <KSI>0.001</KSI>
      <KGmin>0.05</KGmin>
      <RangeKG>0.1</RangeKG>
      <AG>0.1</AG>
      <PERC>9.9999921611693949</PERC>
      <Alpha>0</Alpha>
      <UZL>169.64136650169272</UZL>
      <K0>0.096024435356455065</K0>
      <K1>0.10729399470848045</K1>
      <K2>0.10199048571121308</K2>
      <MAXBAS>1.1455458396047333</MAXBAS>
      <Cet>0</Cet>
      <PCALT>10</PCALT>
      <TCALT>0.6</TCALT>
      <Pelev>3022</Pelev>
      <Telev>3058</Telev>
      <PART>0.5</PART>
      <DELAY>1</DELAY>
    </SubCatchmentParameters>
    <SubCatchmentVegetationZone>
      <SubCatchmentVegetationZoneParameters>
        <TT>2.4891386497798309</TT>
        <CFMAX>2.0534526408993083</CFMAX>
        <SP>0</SP>
        <SFCF>0.525056859395704</SFCF>
        <CFR>0.089605391849251093</CFR>
        <CWH>0.19999587453304552</CWH>
        <CFGlacier>1</CFGlacier>
        <CFSlope>1</CFSlope>
        <FC>415.3205873343216</FC>
        <LP>0.65882141811311956</LP>
        <BETA>5.87997002147214</BETA>
      </SubCatchmentVegetationZoneParameters>
    </SubCatchmentVegetationZone>
  </SubCatchment>
</Catchment>