<?xml version="1.0" encoding="utf-8"?>
<Catchment xmlns:xsi="http://www.w3.org/2001/XMLSchema-instance" xmlns:xsd="http://www.w3.org/2001/XMLSchema">
  <CatchmentParameters>
    <KSI>0.001</KSI>
    <KGmin>0.05</KGmin>
    <RangeKG>0.1</RangeKG>
    <AG>0.1</AG>
    <PERC>9.9998554446623018</PERC>
    <Alpha>0</Alpha>
    <UZL>182.47155186750624</UZL>
    <K0>0.22991452002100363</K0>
    <K1>0.22133722357679342</K1>
    <K2>0.11485713543968543</K2>
    <MAXBAS>1.6150433796444128</MAXBAS>
    <Cet>0</Cet>
    <PCALT>10</PCALT>
    <TCALT>0.6</TCALT>
    <Pelev>3022</Pelev>
    <Telev>3058</Telev>
    <PART>0.5</PART>
    <DELAY>1</DELAY>
  </CatchmentParameters>
  <VegetationZone>
    <VegetationZoneParameters>
      <TT>1.9333569023073245</TT>
      <CFMAX>2.0665764904552013</CFMAX>
      <SP>0</SP>
      <SFCF>0.63608690899059173</SFCF>
      <CFR>0.099999853038303957</CFR>
      <CWH>0.19998464645325129</CWH>
      <CFGlacier>1</CFGlacier>
      <CFSlope>1</CFSlope>
      <FC>564.86868087611651</FC>
      <LP>0.560140096625847</LP>
      <BETA>4.8610374861154009</BETA>
    </VegetationZoneParameters>
  </VegetationZone>
  <SubCatchment>
    <SubCatchmentParameters>
      <KSI>0.001</KSI>
      <KGmin>0.05</KGmin>
      <RangeKG>0.1</RangeKG>
      <AG>0.1</AG>
      <PERC>9.9998554446623018</PERC>
      <Alpha>0</Alpha>
      <UZL>182.47155186750624</UZL>
      <K0>0.22991452002100363</K0>
      <K1>0.22133722357679342</K1>
      <K2>0.11485713543968543</K2>
      <MAXBAS>1.6150433796444128</MAXBAS>
      <Cet>0</Cet>
      <PCALT>10</PCALT>
      <TCALT>0.6</TCALT>
      <Pelev>3022</Pelev>
      <Telev>3058</Telev>
      <PART>0.5</PART>
      <DELAY>1</DELAY>
    </SubCatchmentParameters>
    <SubCatchmentVegetationZone>
      <SubCatchmentVegetationZoneParameters>
        <TT>1.9333569023073245</TT>
        <CFMAX>2.0665764904552013</CFMAX>
        <SP>0</SP>
        <SFCF>0.63608690899059173</SFCF>
        <CFR>0.099999853038303957</CFR>
        <CWH>0.19998464645325129</CWH>
        <CFGlacier>1</CFGlacier>
        <CFSlope>1</CFSlope>
        <FC>564.86868087611651</FC>
        <LP>0.560140096625847</LP>
        <BETA>4.8610374861154009</BETA>
      </SubCatchmentVegetationZoneParameters>
    </SubCatchmentVegetationZone>
  </SubCatchment>
</Catchment>