<?xml version="1.0" encoding="utf-8"?>
<Catchment xmlns:xsi="http://www.w3.org/2001/XMLSchema-instance" xmlns:xsd="http://www.w3.org/2001/XMLSchema">
  <CatchmentParameters>
    <KSI>0.001</KSI>
    <KGmin>0.05</KGmin>
    <RangeKG>0.1</RangeKG>
    <AG>0.1</AG>
    <PERC>9.999955169496312</PERC>
    <Alpha>0</Alpha>
    <UZL>103.51125828763334</UZL>
    <K0>0.30253762058367245</K0>
    <K1>0.17189259645442687</K1>
    <K2>0.095324236245772451</K2>
    <MAXBAS>1.49498978468821</MAXBAS>
    <Cet>0</Cet>
    <PCALT>10</PCALT>
    <TCALT>0.6</TCALT>
    <Pelev>3022</Pelev>
    <Telev>3058</Telev>
    <PART>0.5</PART>
    <DELAY>1</DELAY>
  </CatchmentParameters>
  <VegetationZone>
    <VegetationZoneParameters>
      <TT>1.188856342316178</TT>
      <CFMAX>1.7393476074756586</CFMAX>
      <SP>0</SP>
      <SFCF>0.628341629599713</SFCF>
      <CFR>0.062966166684927521</CFR>
      <CWH>0.15903662622183323</CWH>
      <CFGlacier>1</CFGlacier>
      <CFSlope>1</CFSlope>
      <FC>428.41436197035523</FC>
      <LP>0.3824441674075843</LP>
      <BETA>5.9999636794763305</BETA>
    </VegetationZoneParameters>
  </VegetationZone>
  <SubCatchment>
    <SubCatchmentParameters>
      <KSI>0.001</KSI>
      <KGmin>0.05</KGmin>
      <RangeKG>0.1</RangeKG>
      <AG>0.1</AG>
      <PERC>9.999955169496312</PERC>
      <Alpha>0</Alpha>
      <UZL>103.51125828763334</UZL>
      <K0>0.30253762058367245</K0>
      <K1>0.17189259645442687</K1>
      <K2>0.095324236245772451</K2>
      <MAXBAS>1.49498978468821</MAXBAS>
      <Cet>0</Cet>
      <PCALT>10</PCALT>
      <TCALT>0.6</TCALT>
      <Pelev>3022</Pelev>
      <Telev>3058</Telev>
      <PART>0.5</PART>
      <DELAY>1</DELAY>
    </SubCatchmentParameters>
    <SubCatchmentVegetationZone>
      <SubCatchmentVegetationZoneParameters>
        <TT>1.188856342316178</TT>
        <CFMAX>1.7393476074756586</CFMAX>
        <SP>0</SP>
        <SFCF>0.628341629599713</SFCF>
        <CFR>0.062966166684927521</CFR>
        <CWH>0.15903662622183323</CWH>
        <CFGlacier>1</CFGlacier>
        <CFSlope>1</CFSlope>
        <FC>428.41436197035523</FC>
        <LP>0.3824441674075843</LP>
        <BETA>5.9999636794763305</BETA>
      </SubCatchmentVegetationZoneParameters>
    </SubCatchmentVegetationZone>
  </SubCatchment>
</Catchment>