<?xml version="1.0" encoding="utf-8"?>
<Catchment xmlns:xsi="http://www.w3.org/2001/XMLSchema-instance" xmlns:xsd="http://www.w3.org/2001/XMLSchema">
  <CatchmentParameters>
    <KSI>0.001</KSI>
    <KGmin>0.05</KGmin>
    <RangeKG>0.1</RangeKG>
    <AG>0.1</AG>
    <PERC>9.9999784271847485</PERC>
    <Alpha>0</Alpha>
    <UZL>65.70748748575086</UZL>
    <K0>0.24950621871328724</K0>
    <K1>0.15761891912860657</K1>
    <K2>0.10407066797511903</K2>
    <MAXBAS>1.3547173482662871</MAXBAS>
    <Cet>0</Cet>
    <PCALT>10</PCALT>
    <TCALT>0.6</TCALT>
    <Pelev>3022</Pelev>
    <Telev>3058</Telev>
    <PART>0.5</PART>
    <DELAY>1</DELAY>
  </CatchmentParameters>
  <VegetationZone>
    <VegetationZoneParameters>
      <TT>2.2024141342059038</TT>
      <CFMAX>2.2023071871783246</CFMAX>
      <SP>0</SP>
      <SFCF>0.60209203359313179</SFCF>
      <CFR>0.082665371012650174</CFR>
      <CWH>0.19999966493465424</CWH>
      <CFGlacier>1</CFGlacier>
      <CFSlope>1</CFSlope>
      <FC>410.68536907512373</FC>
      <LP>0.38540701699422952</LP>
      <BETA>4.8348918619551817</BETA>
    </VegetationZoneParameters>
  </VegetationZone>
  <SubCatchment>
    <SubCatchmentParameters>
      <KSI>0.001</KSI>
      <KGmin>0.05</KGmin>
      <RangeKG>0.1</RangeKG>
      <AG>0.1</AG>
      <PERC>9.9999784271847485</PERC>
      <Alpha>0</Alpha>
      <UZL>65.70748748575086</UZL>
      <K0>0.24950621871328724</K0>
      <K1>0.15761891912860657</K1>
      <K2>0.10407066797511903</K2>
      <MAXBAS>1.3547173482662871</MAXBAS>
      <Cet>0</Cet>
      <PCALT>10</PCALT>
      <TCALT>0.6</TCALT>
      <Pelev>3022</Pelev>
      <Telev>3058</Telev>
      <PART>0.5</PART>
      <DELAY>1</DELAY>
    </SubCatchmentParameters>
    <SubCatchmentVegetationZone>
      <SubCatchmentVegetationZoneParameters>
        <TT>2.2024141342059038</TT>
        <CFMAX>2.2023071871783246</CFMAX>
        <SP>0</SP>
        <SFCF>0.60209203359313179</SFCF>
        <CFR>0.082665371012650174</CFR>
        <CWH>0.19999966493465424</CWH>
        <CFGlacier>1</CFGlacier>
        <CFSlope>1</CFSlope>
        <FC>410.68536907512373</FC>
        <LP>0.38540701699422952</LP>
        <BETA>4.8348918619551817</BETA>
      </SubCatchmentVegetationZoneParameters>
    </SubCatchmentVegetationZone>
  </SubCatchment>
</Catchment>