<?xml version="1.0" encoding="utf-8"?>
<Catchment xmlns:xsi="http://www.w3.org/2001/XMLSchema-instance" xmlns:xsd="http://www.w3.org/2001/XMLSchema">
  <CatchmentParameters>
    <KSI>0.001</KSI>
    <KGmin>0.05</KGmin>
    <RangeKG>0.1</RangeKG>
    <AG>0.1</AG>
    <PERC>9.99994659263469</PERC>
    <Alpha>0</Alpha>
    <UZL>153.595508150546</UZL>
    <K0>0.50768569319994261</K0>
    <K1>0.13762634622207512</K1>
    <K2>0.10375411793523397</K2>
    <MAXBAS>1.2638630054300604</MAXBAS>
    <Cet>0</Cet>
    <PCALT>10</PCALT>
    <TCALT>0.6</TCALT>
    <Pelev>3022</Pelev>
    <Telev>3058</Telev>
    <PART>0.5</PART>
    <DELAY>1</DELAY>
  </CatchmentParameters>
  <VegetationZone>
    <VegetationZoneParameters>
      <TT>2.1146688749493268</TT>
      <CFMAX>1.9274104101747918</CFMAX>
      <SP>0</SP>
      <SFCF>0.55433958468209421</SFCF>
      <CFR>0.075247925199787166</CFR>
      <CWH>0.199995156620244</CWH>
      <CFGlacier>1</CFGlacier>
      <CFSlope>1</CFSlope>
      <FC>475.17361604044862</FC>
      <LP>0.67960110612493019</LP>
      <BETA>5.9999885071082355</BETA>
    </VegetationZoneParameters>
  </VegetationZone>
  <SubCatchment>
    <SubCatchmentParameters>
      <KSI>0.001</KSI>
      <KGmin>0.05</KGmin>
      <RangeKG>0.1</RangeKG>
      <AG>0.1</AG>
      <PERC>9.99994659263469</PERC>
      <Alpha>0</Alpha>
      <UZL>153.595508150546</UZL>
      <K0>0.50768569319994261</K0>
      <K1>0.13762634622207512</K1>
      <K2>0.10375411793523397</K2>
      <MAXBAS>1.2638630054300604</MAXBAS>
      <Cet>0</Cet>
      <PCALT>10</PCALT>
      <TCALT>0.6</TCALT>
      <Pelev>3022</Pelev>
      <Telev>3058</Telev>
      <PART>0.5</PART>
      <DELAY>1</DELAY>
    </SubCatchmentParameters>
    <SubCatchmentVegetationZone>
      <SubCatchmentVegetationZoneParameters>
        <TT>2.1146688749493268</TT>
        <CFMAX>1.9274104101747918</CFMAX>
        <SP>0</SP>
        <SFCF>0.55433958468209421</SFCF>
        <CFR>0.075247925199787166</CFR>
        <CWH>0.199995156620244</CWH>
        <CFGlacier>1</CFGlacier>
        <CFSlope>1</CFSlope>
        <FC>475.17361604044862</FC>
        <LP>0.67960110612493019</LP>
        <BETA>5.9999885071082355</BETA>
      </SubCatchmentVegetationZoneParameters>
    </SubCatchmentVegetationZone>
  </SubCatchment>
</Catchment>