<?xml version="1.0" encoding="utf-8"?>
<Catchment xmlns:xsi="http://www.w3.org/2001/XMLSchema-instance" xmlns:xsd="http://www.w3.org/2001/XMLSchema">
  <CatchmentParameters>
    <KSI>0.001</KSI>
    <KGmin>0.05</KGmin>
    <RangeKG>0.1</RangeKG>
    <AG>0.1</AG>
    <PERC>3.5483737463060105</PERC>
    <Alpha>0</Alpha>
    <UZL>82.419963581789347</UZL>
    <K0>0.1277538352838507</K0>
    <K1>0.074181946351837766</K1>
    <K2>0.10062269139303162</K2>
    <MAXBAS>1.0050196616379274</MAXBAS>
    <Cet>0</Cet>
    <PCALT>10</PCALT>
    <TCALT>0.6</TCALT>
    <Pelev>3022</Pelev>
    <Telev>3058</Telev>
    <PART>0.5</PART>
    <DELAY>1</DELAY>
  </CatchmentParameters>
  <VegetationZone>
    <VegetationZoneParameters>
      <TT>1.7640950703006058</TT>
      <CFMAX>2.06355085673017</CFMAX>
      <SP>0</SP>
      <SFCF>0.59381990040265908</SFCF>
      <CFR>0.097878021841811866</CFR>
      <CWH>0.19999528998226984</CWH>
      <CFGlacier>1</CFGlacier>
      <CFSlope>1</CFSlope>
      <FC>402.22730516794303</FC>
      <LP>0.43137270841844139</LP>
      <BETA>5.9999899453966714</BETA>
    </VegetationZoneParameters>
  </VegetationZone>
  <SubCatchment>
    <SubCatchmentParameters>
      <KSI>0.001</KSI>
      <KGmin>0.05</KGmin>
      <RangeKG>0.1</RangeKG>
      <AG>0.1</AG>
      <PERC>3.5483737463060105</PERC>
      <Alpha>0</Alpha>
      <UZL>82.419963581789347</UZL>
      <K0>0.1277538352838507</K0>
      <K1>0.074181946351837766</K1>
      <K2>0.10062269139303162</K2>
      <MAXBAS>1.0050196616379274</MAXBAS>
      <Cet>0</Cet>
      <PCALT>10</PCALT>
      <TCALT>0.6</TCALT>
      <Pelev>3022</Pelev>
      <Telev>3058</Telev>
      <PART>0.5</PART>
      <DELAY>1</DELAY>
    </SubCatchmentParameters>
    <SubCatchmentVegetationZone>
      <SubCatchmentVegetationZoneParameters>
        <TT>1.7640950703006058</TT>
        <CFMAX>2.06355085673017</CFMAX>
        <SP>0</SP>
        <SFCF>0.59381990040265908</SFCF>
        <CFR>0.097878021841811866</CFR>
        <CWH>0.19999528998226984</CWH>
        <CFGlacier>1</CFGlacier>
        <CFSlope>1</CFSlope>
        <FC>402.22730516794303</FC>
        <LP>0.43137270841844139</LP>
        <BETA>5.9999899453966714</BETA>
      </SubCatchmentVegetationZoneParameters>
    </SubCatchmentVegetationZone>
  </SubCatchment>
</Catchment>