<?xml version="1.0" encoding="utf-8"?>
<Catchment xmlns:xsi="http://www.w3.org/2001/XMLSchema-instance" xmlns:xsd="http://www.w3.org/2001/XMLSchema">
  <CatchmentParameters>
    <KSI>0.001</KSI>
    <KGmin>0.05</KGmin>
    <RangeKG>0.1</RangeKG>
    <AG>0.1</AG>
    <PERC>9.9999036539555153</PERC>
    <Alpha>0</Alpha>
    <UZL>177.80461652535797</UZL>
    <K0>0.32914181826360339</K0>
    <K1>0.095044390557955424</K1>
    <K2>0.098799460113891</K2>
    <MAXBAS>1.0049959453525732</MAXBAS>
    <Cet>0</Cet>
    <PCALT>10</PCALT>
    <TCALT>0.6</TCALT>
    <Pelev>3022</Pelev>
    <Telev>3058</Telev>
    <PART>0.5</PART>
    <DELAY>1</DELAY>
  </CatchmentParameters>
  <VegetationZone>
    <VegetationZoneParameters>
      <TT>1.4419885494013611</TT>
      <CFMAX>1.5913159296678865</CFMAX>
      <SP>0</SP>
      <SFCF>0.55807849015330779</SFCF>
      <CFR>0.072443337875960023</CFR>
      <CWH>0.16230112084396839</CWH>
      <CFGlacier>1</CFGlacier>
      <CFSlope>1</CFSlope>
      <FC>370.823560778444</FC>
      <LP>0.4209423245440948</LP>
      <BETA>5.9999999934312234</BETA>
    </VegetationZoneParameters>
  </VegetationZone>
  <SubCatchment>
    <SubCatchmentParameters>
      <KSI>0.001</KSI>
      <KGmin>0.05</KGmin>
      <RangeKG>0.1</RangeKG>
      <AG>0.1</AG>
      <PERC>9.9999036539555153</PERC>
      <Alpha>0</Alpha>
      <UZL>177.80461652535797</UZL>
      <K0>0.32914181826360339</K0>
      <K1>0.095044390557955424</K1>
      <K2>0.098799460113891</K2>
      <MAXBAS>1.0049959453525732</MAXBAS>
      <Cet>0</Cet>
      <PCALT>10</PCALT>
      <TCALT>0.6</TCALT>
      <Pelev>3022</Pelev>
      <Telev>3058</Telev>
      <PART>0.5</PART>
      <DELAY>1</DELAY>
    </SubCatchmentParameters>
    <SubCatchmentVegetationZone>
      <SubCatchmentVegetationZoneParameters>
        <TT>1.4419885494013611</TT>
        <CFMAX>1.5913159296678865</CFMAX>
        <SP>0</SP>
        <SFCF>0.55807849015330779</SFCF>
        <CFR>0.072443337875960023</CFR>
        <CWH>0.16230112084396839</CWH>
        <CFGlacier>1</CFGlacier>
        <CFSlope>1</CFSlope>
        <FC>370.823560778444</FC>
        <LP>0.4209423245440948</LP>
        <BETA>5.9999999934312234</BETA>
      </SubCatchmentVegetationZoneParameters>
    </SubCatchmentVegetationZone>
  </SubCatchment>
</Catchment>