<?xml version="1.0" encoding="utf-8"?>
<Catchment xmlns:xsi="http://www.w3.org/2001/XMLSchema-instance" xmlns:xsd="http://www.w3.org/2001/XMLSchema">
  <CatchmentParameters>
    <KSI>0.001</KSI>
    <KGmin>0.05</KGmin>
    <RangeKG>0.1</RangeKG>
    <AG>0.1</AG>
    <PERC>0.05326482858689055</PERC>
    <Alpha>0</Alpha>
    <UZL>146.37385957092181</UZL>
    <K0>0.23369467288094689</K0>
    <K1>0.13153802389495467</K1>
    <K2>0.010000026727311919</K2>
    <MAXBAS>1</MAXBAS>
    <Cet>0</Cet>
    <PCALT>10</PCALT>
    <TCALT>0.6</TCALT>
    <Pelev>3022</Pelev>
    <Telev>3058</Telev>
    <PART>0.5</PART>
    <DELAY>1</DELAY>
  </CatchmentParameters>
  <VegetationZone>
    <VegetationZoneParameters>
      <TT>2.21845093276554</TT>
      <CFMAX>2.3018473405687785</CFMAX>
      <SP>0</SP>
      <SFCF>0.67665347497235373</SFCF>
      <CFR>0.059250356275996834</CFR>
      <CWH>0.10000023756591507</CWH>
      <CFGlacier>1</CFGlacier>
      <CFSlope>1</CFSlope>
      <FC>689.22165756409038</FC>
      <LP>0.49225160741081009</LP>
      <BETA>4.3900221005891167</BETA>
    </VegetationZoneParameters>
  </VegetationZone>
  <SubCatchment>
    <SubCatchmentParameters>
      <KSI>0.001</KSI>
      <KGmin>0.05</KGmin>
      <RangeKG>0.1</RangeKG>
      <AG>0.1</AG>
      <PERC>0.05326482858689055</PERC>
      <Alpha>0</Alpha>
      <UZL>146.37385957092181</UZL>
      <K0>0.23369467288094689</K0>
      <K1>0.13153802389495467</K1>
      <K2>0.010000026727311919</K2>
      <MAXBAS>1</MAXBAS>
      <Cet>0</Cet>
      <PCALT>10</PCALT>
      <TCALT>0.6</TCALT>
      <Pelev>3022</Pelev>
      <Telev>3058</Telev>
      <PART>0.5</PART>
      <DELAY>1</DELAY>
    </SubCatchmentParameters>
    <SubCatchmentVegetationZone>
      <SubCatchmentVegetationZoneParameters>
        <TT>2.21845093276554</TT>
        <CFMAX>2.3018473405687785</CFMAX>
        <SP>0</SP>
        <SFCF>0.67665347497235373</SFCF>
        <CFR>0.059250356275996834</CFR>
        <CWH>0.10000023756591507</CWH>
        <CFGlacier>1</CFGlacier>
        <CFSlope>1</CFSlope>
        <FC>689.22165756409038</FC>
        <LP>0.49225160741081009</LP>
        <BETA>4.3900221005891167</BETA>
      </SubCatchmentVegetationZoneParameters>
    </SubCatchmentVegetationZone>
  </SubCatchment>
</Catchment>