<?xml version="1.0" encoding="utf-8"?>
<Catchment xmlns:xsi="http://www.w3.org/2001/XMLSchema-instance" xmlns:xsd="http://www.w3.org/2001/XMLSchema">
  <CatchmentParameters>
    <KSI>0.001</KSI>
    <KGmin>0.05</KGmin>
    <RangeKG>0.1</RangeKG>
    <AG>0.1</AG>
    <PERC>9.999428187005341</PERC>
    <Alpha>0</Alpha>
    <UZL>62.206321746895775</UZL>
    <K0>0.535014953665627</K0>
    <K1>0.21807309152871868</K1>
    <K2>0.11228027841812699</K2>
    <MAXBAS>1.6649648072716226</MAXBAS>
    <Cet>0</Cet>
    <PCALT>10</PCALT>
    <TCALT>0.6</TCALT>
    <Pelev>3022</Pelev>
    <Telev>3058</Telev>
    <PART>0.5</PART>
    <DELAY>1</DELAY>
  </CatchmentParameters>
  <VegetationZone>
    <VegetationZoneParameters>
      <TT>2.0164566752604274</TT>
      <CFMAX>2.3035171864744113</CFMAX>
      <SP>0</SP>
      <SFCF>0.66583689519992473</SFCF>
      <CFR>0.09999965830487445</CFR>
      <CWH>0.19999855796082308</CWH>
      <CFGlacier>1</CFGlacier>
      <CFSlope>1</CFSlope>
      <FC>548.1726758753839</FC>
      <LP>0.43117908954046213</LP>
      <BETA>3.8796610246623997</BETA>
    </VegetationZoneParameters>
  </VegetationZone>
  <SubCatchment>
    <SubCatchmentParameters>
      <KSI>0.001</KSI>
      <KGmin>0.05</KGmin>
      <RangeKG>0.1</RangeKG>
      <AG>0.1</AG>
      <PERC>9.999428187005341</PERC>
      <Alpha>0</Alpha>
      <UZL>62.206321746895775</UZL>
      <K0>0.535014953665627</K0>
      <K1>0.21807309152871868</K1>
      <K2>0.11228027841812699</K2>
      <MAXBAS>1.6649648072716226</MAXBAS>
      <Cet>0</Cet>
      <PCALT>10</PCALT>
      <TCALT>0.6</TCALT>
      <Pelev>3022</Pelev>
      <Telev>3058</Telev>
      <PART>0.5</PART>
      <DELAY>1</DELAY>
    </SubCatchmentParameters>
    <SubCatchmentVegetationZone>
      <SubCatchmentVegetationZoneParameters>
        <TT>2.0164566752604274</TT>
        <CFMAX>2.3035171864744113</CFMAX>
        <SP>0</SP>
        <SFCF>0.66583689519992473</SFCF>
        <CFR>0.09999965830487445</CFR>
        <CWH>0.19999855796082308</CWH>
        <CFGlacier>1</CFGlacier>
        <CFSlope>1</CFSlope>
        <FC>548.1726758753839</FC>
        <LP>0.43117908954046213</LP>
        <BETA>3.8796610246623997</BETA>
      </SubCatchmentVegetationZoneParameters>
    </SubCatchmentVegetationZone>
  </SubCatchment>
</Catchment>