<?xml version="1.0" encoding="utf-8"?>
<Catchment xmlns:xsi="http://www.w3.org/2001/XMLSchema-instance" xmlns:xsd="http://www.w3.org/2001/XMLSchema">
  <CatchmentParameters>
    <KSI>0.001</KSI>
    <KGmin>0.05</KGmin>
    <RangeKG>0.1</RangeKG>
    <AG>0.1</AG>
    <PERC>0.046390944971083953</PERC>
    <Alpha>0</Alpha>
    <UZL>184.65730691926609</UZL>
    <K0>0.093339759286023852</K0>
    <K1>0.13280486639277694</K1>
    <K2>0.010000002683911553</K2>
    <MAXBAS>1</MAXBAS>
    <Cet>0</Cet>
    <PCALT>10</PCALT>
    <TCALT>0.6</TCALT>
    <Pelev>3022</Pelev>
    <Telev>3058</Telev>
    <PART>0.5</PART>
    <DELAY>1</DELAY>
  </CatchmentParameters>
  <VegetationZone>
    <VegetationZoneParameters>
      <TT>1.4808920916378912</TT>
      <CFMAX>1.9498801239060903</CFMAX>
      <SP>0</SP>
      <SFCF>0.69579473439571182</SFCF>
      <CFR>0.09432231084799135</CFR>
      <CWH>0.10000007216789308</CWH>
      <CFGlacier>1</CFGlacier>
      <CFSlope>1</CFSlope>
      <FC>783.24134398834849</FC>
      <LP>0.51915261382462474</LP>
      <BETA>4.8991207759159412</BETA>
    </VegetationZoneParameters>
  </VegetationZone>
  <SubCatchment>
    <SubCatchmentParameters>
      <KSI>0.001</KSI>
      <KGmin>0.05</KGmin>
      <RangeKG>0.1</RangeKG>
      <AG>0.1</AG>
      <PERC>0.046390944971083953</PERC>
      <Alpha>0</Alpha>
      <UZL>184.65730691926609</UZL>
      <K0>0.093339759286023852</K0>
      <K1>0.13280486639277694</K1>
      <K2>0.010000002683911553</K2>
      <MAXBAS>1</MAXBAS>
      <Cet>0</Cet>
      <PCALT>10</PCALT>
      <TCALT>0.6</TCALT>
      <Pelev>3022</Pelev>
      <Telev>3058</Telev>
      <PART>0.5</PART>
      <DELAY>1</DELAY>
    </SubCatchmentParameters>
    <SubCatchmentVegetationZone>
      <SubCatchmentVegetationZoneParameters>
        <TT>1.4808920916378912</TT>
        <CFMAX>1.9498801239060903</CFMAX>
        <SP>0</SP>
        <SFCF>0.69579473439571182</SFCF>
        <CFR>0.09432231084799135</CFR>
        <CWH>0.10000007216789308</CWH>
        <CFGlacier>1</CFGlacier>
        <CFSlope>1</CFSlope>
        <FC>783.24134398834849</FC>
        <LP>0.51915261382462474</LP>
        <BETA>4.8991207759159412</BETA>
      </SubCatchmentVegetationZoneParameters>
    </SubCatchmentVegetationZone>
  </SubCatchment>
</Catchment>