<?xml version="1.0" encoding="utf-8"?>
<Catchment xmlns:xsi="http://www.w3.org/2001/XMLSchema-instance" xmlns:xsd="http://www.w3.org/2001/XMLSchema">
  <CatchmentParameters>
    <KSI>0.001</KSI>
    <KGmin>0.05</KGmin>
    <RangeKG>0.1</RangeKG>
    <AG>0.1</AG>
    <PERC>9.9996280734770462</PERC>
    <Alpha>0</Alpha>
    <UZL>105.98814131669425</UZL>
    <K0>0.51033247308785712</K0>
    <K1>0.0923490343985022</K1>
    <K2>0.10540886649638503</K2>
    <MAXBAS>1.4854819262579118</MAXBAS>
    <Cet>0</Cet>
    <PCALT>10</PCALT>
    <TCALT>0.6</TCALT>
    <Pelev>3022</Pelev>
    <Telev>3058</Telev>
    <PART>0.5</PART>
    <DELAY>1</DELAY>
  </CatchmentParameters>
  <VegetationZone>
    <VegetationZoneParameters>
      <TT>0.70597519074979431</TT>
      <CFMAX>1.3317697231461818</CFMAX>
      <SP>0</SP>
      <SFCF>0.61707127309720367</SFCF>
      <CFR>0.00050144721078104911</CFR>
      <CWH>0.19999742537481227</CWH>
      <CFGlacier>1</CFGlacier>
      <CFSlope>1</CFSlope>
      <FC>404.37658637947078</FC>
      <LP>0.36163112884503068</LP>
      <BETA>5.9999695719905919</BETA>
    </VegetationZoneParameters>
  </VegetationZone>
  <SubCatchment>
    <SubCatchmentParameters>
      <KSI>0.001</KSI>
      <KGmin>0.05</KGmin>
      <RangeKG>0.1</RangeKG>
      <AG>0.1</AG>
      <PERC>9.9996280734770462</PERC>
      <Alpha>0</Alpha>
      <UZL>105.98814131669425</UZL>
      <K0>0.51033247308785712</K0>
      <K1>0.0923490343985022</K1>
      <K2>0.10540886649638503</K2>
      <MAXBAS>1.4854819262579118</MAXBAS>
      <Cet>0</Cet>
      <PCALT>10</PCALT>
      <TCALT>0.6</TCALT>
      <Pelev>3022</Pelev>
      <Telev>3058</Telev>
      <PART>0.5</PART>
      <DELAY>1</DELAY>
    </SubCatchmentParameters>
    <SubCatchmentVegetationZone>
      <SubCatchmentVegetationZoneParameters>
        <TT>0.70597519074979431</TT>
        <CFMAX>1.3317697231461818</CFMAX>
        <SP>0</SP>
        <SFCF>0.61707127309720367</SFCF>
        <CFR>0.00050144721078104911</CFR>
        <CWH>0.19999742537481227</CWH>
        <CFGlacier>1</CFGlacier>
        <CFSlope>1</CFSlope>
        <FC>404.37658637947078</FC>
        <LP>0.36163112884503068</LP>
        <BETA>5.9999695719905919</BETA>
      </SubCatchmentVegetationZoneParameters>
    </SubCatchmentVegetationZone>
  </SubCatchment>
</Catchment>