<?xml version="1.0" encoding="utf-8"?>
<Catchment xmlns:xsi="http://www.w3.org/2001/XMLSchema-instance" xmlns:xsd="http://www.w3.org/2001/XMLSchema">
  <CatchmentParameters>
    <KSI>0.001</KSI>
    <KGmin>0.05</KGmin>
    <RangeKG>0.1</RangeKG>
    <AG>0.1</AG>
    <PERC>1.7485530255952257</PERC>
    <Alpha>0</Alpha>
    <UZL>188.50812212893416</UZL>
    <K0>0.37246089065765892</K0>
    <K1>0.094580531004058346</K1>
    <K2>0.14999624811954079</K2>
    <MAXBAS>1.0049369103868118</MAXBAS>
    <Cet>0</Cet>
    <PCALT>10</PCALT>
    <TCALT>0.6</TCALT>
    <Pelev>3022</Pelev>
    <Telev>3058</Telev>
    <PART>0.5</PART>
    <DELAY>1</DELAY>
  </CatchmentParameters>
  <VegetationZone>
    <VegetationZoneParameters>
      <TT>2.3895193074152838</TT>
      <CFMAX>2.5143806742454728</CFMAX>
      <SP>0</SP>
      <SFCF>0.62410508424222433</SFCF>
      <CFR>0.099999994068979012</CFR>
      <CWH>0.19999769533447173</CWH>
      <CFGlacier>1</CFGlacier>
      <CFSlope>1</CFSlope>
      <FC>569.273322059327</FC>
      <LP>0.656596159375964</LP>
      <BETA>5.9999749162870382</BETA>
    </VegetationZoneParameters>
  </VegetationZone>
  <SubCatchment>
    <SubCatchmentParameters>
      <KSI>0.001</KSI>
      <KGmin>0.05</KGmin>
      <RangeKG>0.1</RangeKG>
      <AG>0.1</AG>
      <PERC>1.7485530255952257</PERC>
      <Alpha>0</Alpha>
      <UZL>188.50812212893416</UZL>
      <K0>0.37246089065765892</K0>
      <K1>0.094580531004058346</K1>
      <K2>0.14999624811954079</K2>
      <MAXBAS>1.0049369103868118</MAXBAS>
      <Cet>0</Cet>
      <PCALT>10</PCALT>
      <TCALT>0.6</TCALT>
      <Pelev>3022</Pelev>
      <Telev>3058</Telev>
      <PART>0.5</PART>
      <DELAY>1</DELAY>
    </SubCatchmentParameters>
    <SubCatchmentVegetationZone>
      <SubCatchmentVegetationZoneParameters>
        <TT>2.3895193074152838</TT>
        <CFMAX>2.5143806742454728</CFMAX>
        <SP>0</SP>
        <SFCF>0.62410508424222433</SFCF>
        <CFR>0.099999994068979012</CFR>
        <CWH>0.19999769533447173</CWH>
        <CFGlacier>1</CFGlacier>
        <CFSlope>1</CFSlope>
        <FC>569.273322059327</FC>
        <LP>0.656596159375964</LP>
        <BETA>5.9999749162870382</BETA>
      </SubCatchmentVegetationZoneParameters>
    </SubCatchmentVegetationZone>
  </SubCatchment>
</Catchment>