<?xml version="1.0" encoding="utf-8"?>
<Catchment xmlns:xsi="http://www.w3.org/2001/XMLSchema-instance" xmlns:xsd="http://www.w3.org/2001/XMLSchema">
  <CatchmentParameters>
    <KSI>0.001</KSI>
    <KGmin>0.05</KGmin>
    <RangeKG>0.1</RangeKG>
    <AG>0.1</AG>
    <PERC>0.054198617718855417</PERC>
    <Alpha>0</Alpha>
    <UZL>80.334709337576783</UZL>
    <K0>0.53482045525381916</K0>
    <K1>0.16239746815347883</K1>
    <K2>0.010000010148389938</K2>
    <MAXBAS>1</MAXBAS>
    <Cet>0</Cet>
    <PCALT>10</PCALT>
    <TCALT>0.6</TCALT>
    <Pelev>3022</Pelev>
    <Telev>3058</Telev>
    <PART>0.5</PART>
    <DELAY>1</DELAY>
  </CatchmentParameters>
  <VegetationZone>
    <VegetationZoneParameters>
      <TT>0.72402305285379942</TT>
      <CFMAX>1.4001479802292998</CFMAX>
      <SP>0</SP>
      <SFCF>0.70538725647937017</SFCF>
      <CFR>1.5681239284890541E-05</CFR>
      <CWH>0.14453746916061425</CWH>
      <CFGlacier>1</CFGlacier>
      <CFSlope>1</CFSlope>
      <FC>780.7300880281673</FC>
      <LP>0.44179044860264832</LP>
      <BETA>5.4633054900429352</BETA>
    </VegetationZoneParameters>
  </VegetationZone>
  <SubCatchment>
    <SubCatchmentParameters>
      <KSI>0.001</KSI>
      <KGmin>0.05</KGmin>
      <RangeKG>0.1</RangeKG>
      <AG>0.1</AG>
      <PERC>0.054198617718855417</PERC>
      <Alpha>0</Alpha>
      <UZL>80.334709337576783</UZL>
      <K0>0.53482045525381916</K0>
      <K1>0.16239746815347883</K1>
      <K2>0.010000010148389938</K2>
      <MAXBAS>1</MAXBAS>
      <Cet>0</Cet>
      <PCALT>10</PCALT>
      <TCALT>0.6</TCALT>
      <Pelev>3022</Pelev>
      <Telev>3058</Telev>
      <PART>0.5</PART>
      <DELAY>1</DELAY>
    </SubCatchmentParameters>
    <SubCatchmentVegetationZone>
      <SubCatchmentVegetationZoneParameters>
        <TT>0.72402305285379942</TT>
        <CFMAX>1.4001479802292998</CFMAX>
        <SP>0</SP>
        <SFCF>0.70538725647937017</SFCF>
        <CFR>1.5681239284890541E-05</CFR>
        <CWH>0.14453746916061425</CWH>
        <CFGlacier>1</CFGlacier>
        <CFSlope>1</CFSlope>
        <FC>780.7300880281673</FC>
        <LP>0.44179044860264832</LP>
        <BETA>5.4633054900429352</BETA>
      </SubCatchmentVegetationZoneParameters>
    </SubCatchmentVegetationZone>
  </SubCatchment>
</Catchment>