<?xml version="1.0" encoding="utf-8"?>
<Catchment xmlns:xsi="http://www.w3.org/2001/XMLSchema-instance" xmlns:xsd="http://www.w3.org/2001/XMLSchema">
  <CatchmentParameters>
    <KSI>0.001</KSI>
    <KGmin>0.05</KGmin>
    <RangeKG>0.1</RangeKG>
    <AG>0.1</AG>
    <PERC>9.99985614316257</PERC>
    <Alpha>0</Alpha>
    <UZL>148.59149167238218</UZL>
    <K0>0.5176669344457101</K0>
    <K1>0.16762079937200103</K1>
    <K2>0.11316380003725018</K2>
    <MAXBAS>1.3448394546288536</MAXBAS>
    <Cet>0</Cet>
    <PCALT>10</PCALT>
    <TCALT>0.6</TCALT>
    <Pelev>3022</Pelev>
    <Telev>3058</Telev>
    <PART>0.5</PART>
    <DELAY>1</DELAY>
  </CatchmentParameters>
  <VegetationZone>
    <VegetationZoneParameters>
      <TT>2.4205049889555541</TT>
      <CFMAX>2.34923211766444</CFMAX>
      <SP>0</SP>
      <SFCF>0.61859376164593727</SFCF>
      <CFR>0.099999723112914107</CFR>
      <CWH>0.19999847431862322</CWH>
      <CFGlacier>1</CFGlacier>
      <CFSlope>1</CFSlope>
      <FC>490.22977583914962</FC>
      <LP>0.47911215268807406</LP>
      <BETA>4.079528425509471</BETA>
    </VegetationZoneParameters>
  </VegetationZone>
  <SubCatchment>
    <SubCatchmentParameters>
      <KSI>0.001</KSI>
      <KGmin>0.05</KGmin>
      <RangeKG>0.1</RangeKG>
      <AG>0.1</AG>
      <PERC>9.99985614316257</PERC>
      <Alpha>0</Alpha>
      <UZL>148.59149167238218</UZL>
      <K0>0.5176669344457101</K0>
      <K1>0.16762079937200103</K1>
      <K2>0.11316380003725018</K2>
      <MAXBAS>1.3448394546288536</MAXBAS>
      <Cet>0</Cet>
      <PCALT>10</PCALT>
      <TCALT>0.6</TCALT>
      <Pelev>3022</Pelev>
      <Telev>3058</Telev>
      <PART>0.5</PART>
      <DELAY>1</DELAY>
    </SubCatchmentParameters>
    <SubCatchmentVegetationZone>
      <SubCatchmentVegetationZoneParameters>
        <TT>2.4205049889555541</TT>
        <CFMAX>2.34923211766444</CFMAX>
        <SP>0</SP>
        <SFCF>0.61859376164593727</SFCF>
        <CFR>0.099999723112914107</CFR>
        <CWH>0.19999847431862322</CWH>
        <CFGlacier>1</CFGlacier>
        <CFSlope>1</CFSlope>
        <FC>490.22977583914962</FC>
        <LP>0.47911215268807406</LP>
        <BETA>4.079528425509471</BETA>
      </SubCatchmentVegetationZoneParameters>
    </SubCatchmentVegetationZone>
  </SubCatchment>
</Catchment>