<?xml version="1.0" encoding="utf-8"?>
<Catchment xmlns:xsi="http://www.w3.org/2001/XMLSchema-instance" xmlns:xsd="http://www.w3.org/2001/XMLSchema">
  <CatchmentParameters>
    <KSI>0.001</KSI>
    <KGmin>0.05</KGmin>
    <RangeKG>0.1</RangeKG>
    <AG>0.1</AG>
    <PERC>0.044005716761873974</PERC>
    <Alpha>0</Alpha>
    <UZL>119.48827951022102</UZL>
    <K0>0.49241395384001346</K0>
    <K1>0.13335908853136627</K1>
    <K2>0.010006626352608527</K2>
    <MAXBAS>1</MAXBAS>
    <Cet>0</Cet>
    <PCALT>10</PCALT>
    <TCALT>0.6</TCALT>
    <Pelev>3022</Pelev>
    <Telev>3058</Telev>
    <PART>0.5</PART>
    <DELAY>1</DELAY>
  </CatchmentParameters>
  <VegetationZone>
    <VegetationZoneParameters>
      <TT>0.74199841354413965</TT>
      <CFMAX>1.5029670174007377</CFMAX>
      <SP>0</SP>
      <SFCF>0.67645519791559172</SFCF>
      <CFR>0.037050860466910175</CFR>
      <CWH>0.10000032244861562</CWH>
      <CFGlacier>1</CFGlacier>
      <CFSlope>1</CFSlope>
      <FC>651.29136681508976</FC>
      <LP>0.39683690986791226</LP>
      <BETA>4.1416807300143894</BETA>
    </VegetationZoneParameters>
  </VegetationZone>
  <SubCatchment>
    <SubCatchmentParameters>
      <KSI>0.001</KSI>
      <KGmin>0.05</KGmin>
      <RangeKG>0.1</RangeKG>
      <AG>0.1</AG>
      <PERC>0.044005716761873974</PERC>
      <Alpha>0</Alpha>
      <UZL>119.48827951022102</UZL>
      <K0>0.49241395384001346</K0>
      <K1>0.13335908853136627</K1>
      <K2>0.010006626352608527</K2>
      <MAXBAS>1</MAXBAS>
      <Cet>0</Cet>
      <PCALT>10</PCALT>
      <TCALT>0.6</TCALT>
      <Pelev>3022</Pelev>
      <Telev>3058</Telev>
      <PART>0.5</PART>
      <DELAY>1</DELAY>
    </SubCatchmentParameters>
    <SubCatchmentVegetationZone>
      <SubCatchmentVegetationZoneParameters>
        <TT>0.74199841354413965</TT>
        <CFMAX>1.5029670174007377</CFMAX>
        <SP>0</SP>
        <SFCF>0.67645519791559172</SFCF>
        <CFR>0.037050860466910175</CFR>
        <CWH>0.10000032244861562</CWH>
        <CFGlacier>1</CFGlacier>
        <CFSlope>1</CFSlope>
        <FC>651.29136681508976</FC>
        <LP>0.39683690986791226</LP>
        <BETA>4.1416807300143894</BETA>
      </SubCatchmentVegetationZoneParameters>
    </SubCatchmentVegetationZone>
  </SubCatchment>
</Catchment>