<?xml version="1.0" encoding="utf-8"?>
<Catchment xmlns:xsi="http://www.w3.org/2001/XMLSchema-instance" xmlns:xsd="http://www.w3.org/2001/XMLSchema">
  <CatchmentParameters>
    <KSI>0.001</KSI>
    <KGmin>0.05</KGmin>
    <RangeKG>0.1</RangeKG>
    <AG>0.1</AG>
    <PERC>0.042441485873920957</PERC>
    <Alpha>0</Alpha>
    <UZL>88.55744853373055</UZL>
    <K0>0.60570411162052606</K0>
    <K1>0.13033421208051269</K1>
    <K2>0.010000004814415365</K2>
    <MAXBAS>1</MAXBAS>
    <Cet>0</Cet>
    <PCALT>10</PCALT>
    <TCALT>0.6</TCALT>
    <Pelev>3022</Pelev>
    <Telev>3058</Telev>
    <PART>0.5</PART>
    <DELAY>1</DELAY>
  </CatchmentParameters>
  <VegetationZone>
    <VegetationZoneParameters>
      <TT>0.549579334405338</TT>
      <CFMAX>1.7189951055053363</CFMAX>
      <SP>0</SP>
      <SFCF>0.78173431310133679</SFCF>
      <CFR>0.038000475956881809</CFR>
      <CWH>0.12725603002372676</CWH>
      <CFGlacier>1</CFGlacier>
      <CFSlope>1</CFSlope>
      <FC>996.43300987955274</FC>
      <LP>0.47940012338184107</LP>
      <BETA>5.9999638835936064</BETA>
    </VegetationZoneParameters>
  </VegetationZone>
  <SubCatchment>
    <SubCatchmentParameters>
      <KSI>0.001</KSI>
      <KGmin>0.05</KGmin>
      <RangeKG>0.1</RangeKG>
      <AG>0.1</AG>
      <PERC>0.042441485873920957</PERC>
      <Alpha>0</Alpha>
      <UZL>88.55744853373055</UZL>
      <K0>0.60570411162052606</K0>
      <K1>0.13033421208051269</K1>
      <K2>0.010000004814415365</K2>
      <MAXBAS>1</MAXBAS>
      <Cet>0</Cet>
      <PCALT>10</PCALT>
      <TCALT>0.6</TCALT>
      <Pelev>3022</Pelev>
      <Telev>3058</Telev>
      <PART>0.5</PART>
      <DELAY>1</DELAY>
    </SubCatchmentParameters>
    <SubCatchmentVegetationZone>
      <SubCatchmentVegetationZoneParameters>
        <TT>0.549579334405338</TT>
        <CFMAX>1.7189951055053363</CFMAX>
        <SP>0</SP>
        <SFCF>0.78173431310133679</SFCF>
        <CFR>0.038000475956881809</CFR>
        <CWH>0.12725603002372676</CWH>
        <CFGlacier>1</CFGlacier>
        <CFSlope>1</CFSlope>
        <FC>996.43300987955274</FC>
        <LP>0.47940012338184107</LP>
        <BETA>5.9999638835936064</BETA>
      </SubCatchmentVegetationZoneParameters>
    </SubCatchmentVegetationZone>
  </SubCatchment>
</Catchment>