<?xml version="1.0" encoding="utf-8"?>
<Catchment xmlns:xsi="http://www.w3.org/2001/XMLSchema-instance" xmlns:xsd="http://www.w3.org/2001/XMLSchema">
  <CatchmentParameters>
    <KSI>0.001</KSI>
    <KGmin>0.05</KGmin>
    <RangeKG>0.1</RangeKG>
    <AG>0.1</AG>
    <PERC>0.044324019935836886</PERC>
    <Alpha>0</Alpha>
    <UZL>89.936716069088348</UZL>
    <K0>0.19311754899091382</K0>
    <K1>0.12996161309267773</K1>
    <K2>0.01000000707016835</K2>
    <MAXBAS>1</MAXBAS>
    <Cet>0</Cet>
    <PCALT>10</PCALT>
    <TCALT>0.6</TCALT>
    <Pelev>3022</Pelev>
    <Telev>3058</Telev>
    <PART>0.5</PART>
    <DELAY>1</DELAY>
  </CatchmentParameters>
  <VegetationZone>
    <VegetationZoneParameters>
      <TT>1.1850530945412952</TT>
      <CFMAX>1.7292750116603821</CFMAX>
      <SP>0</SP>
      <SFCF>0.66385518705603</SFCF>
      <CFR>0.0776543372534334</CFR>
      <CWH>0.10000026031472167</CWH>
      <CFGlacier>1</CFGlacier>
      <CFSlope>1</CFSlope>
      <FC>676.641792030109</FC>
      <LP>0.49538786856387867</LP>
      <BETA>4.2778120509327122</BETA>
    </VegetationZoneParameters>
  </VegetationZone>
  <SubCatchment>
    <SubCatchmentParameters>
      <KSI>0.001</KSI>
      <KGmin>0.05</KGmin>
      <RangeKG>0.1</RangeKG>
      <AG>0.1</AG>
      <PERC>0.044324019935836886</PERC>
      <Alpha>0</Alpha>
      <UZL>89.936716069088348</UZL>
      <K0>0.19311754899091382</K0>
      <K1>0.12996161309267773</K1>
      <K2>0.01000000707016835</K2>
      <MAXBAS>1</MAXBAS>
      <Cet>0</Cet>
      <PCALT>10</PCALT>
      <TCALT>0.6</TCALT>
      <Pelev>3022</Pelev>
      <Telev>3058</Telev>
      <PART>0.5</PART>
      <DELAY>1</DELAY>
    </SubCatchmentParameters>
    <SubCatchmentVegetationZone>
      <SubCatchmentVegetationZoneParameters>
        <TT>1.1850530945412952</TT>
        <CFMAX>1.7292750116603821</CFMAX>
        <SP>0</SP>
        <SFCF>0.66385518705603</SFCF>
        <CFR>0.0776543372534334</CFR>
        <CWH>0.10000026031472167</CWH>
        <CFGlacier>1</CFGlacier>
        <CFSlope>1</CFSlope>
        <FC>676.641792030109</FC>
        <LP>0.49538786856387867</LP>
        <BETA>4.2778120509327122</BETA>
      </SubCatchmentVegetationZoneParameters>
    </SubCatchmentVegetationZone>
  </SubCatchment>
</Catchment>