<?xml version="1.0" encoding="utf-8"?>
<Catchment xmlns:xsi="http://www.w3.org/2001/XMLSchema-instance" xmlns:xsd="http://www.w3.org/2001/XMLSchema">
  <CatchmentParameters>
    <KSI>0.001</KSI>
    <KGmin>0.05</KGmin>
    <RangeKG>0.1</RangeKG>
    <AG>0.1</AG>
    <PERC>0.032391990856679889</PERC>
    <Alpha>0</Alpha>
    <UZL>115.46094931217604</UZL>
    <K0>0.58557251723580939</K0>
    <K1>0.14832321837312232</K1>
    <K2>0.010000005394747148</K2>
    <MAXBAS>1</MAXBAS>
    <Cet>0</Cet>
    <PCALT>10</PCALT>
    <TCALT>0.6</TCALT>
    <Pelev>3022</Pelev>
    <Telev>3058</Telev>
    <PART>0.5</PART>
    <DELAY>1</DELAY>
  </CatchmentParameters>
  <VegetationZone>
    <VegetationZoneParameters>
      <TT>1.273442645319165</TT>
      <CFMAX>1.9462828228679525</CFMAX>
      <SP>0</SP>
      <SFCF>0.82747368005648625</SFCF>
      <CFR>0.058261010302150848</CFR>
      <CWH>0.1999991965156751</CWH>
      <CFGlacier>1</CFGlacier>
      <CFSlope>1</CFSlope>
      <FC>2094.1953141508993</FC>
      <LP>0.55255026650685224</LP>
      <BETA>3.5403988613052824</BETA>
    </VegetationZoneParameters>
  </VegetationZone>
  <SubCatchment>
    <SubCatchmentParameters>
      <KSI>0.001</KSI>
      <KGmin>0.05</KGmin>
      <RangeKG>0.1</RangeKG>
      <AG>0.1</AG>
      <PERC>0.032391990856679889</PERC>
      <Alpha>0</Alpha>
      <UZL>115.46094931217604</UZL>
      <K0>0.58557251723580939</K0>
      <K1>0.14832321837312232</K1>
      <K2>0.010000005394747148</K2>
      <MAXBAS>1</MAXBAS>
      <Cet>0</Cet>
      <PCALT>10</PCALT>
      <TCALT>0.6</TCALT>
      <Pelev>3022</Pelev>
      <Telev>3058</Telev>
      <PART>0.5</PART>
      <DELAY>1</DELAY>
    </SubCatchmentParameters>
    <SubCatchmentVegetationZone>
      <SubCatchmentVegetationZoneParameters>
        <TT>1.273442645319165</TT>
        <CFMAX>1.9462828228679525</CFMAX>
        <SP>0</SP>
        <SFCF>0.82747368005648625</SFCF>
        <CFR>0.058261010302150848</CFR>
        <CWH>0.1999991965156751</CWH>
        <CFGlacier>1</CFGlacier>
        <CFSlope>1</CFSlope>
        <FC>2094.1953141508993</FC>
        <LP>0.55255026650685224</LP>
        <BETA>3.5403988613052824</BETA>
      </SubCatchmentVegetationZoneParameters>
    </SubCatchmentVegetationZone>
  </SubCatchment>
</Catchment>