<?xml version="1.0" encoding="utf-8"?>
<Catchment xmlns:xsi="http://www.w3.org/2001/XMLSchema-instance" xmlns:xsd="http://www.w3.org/2001/XMLSchema">
  <CatchmentParameters>
    <KSI>0.001</KSI>
    <KGmin>0.05</KGmin>
    <RangeKG>0.1</RangeKG>
    <AG>0.1</AG>
    <PERC>9.9999752118705327</PERC>
    <Alpha>0</Alpha>
    <UZL>111.61789321907015</UZL>
    <K0>0.52626488541194394</K0>
    <K1>0.16088518661652043</K1>
    <K2>0.10411669409602971</K2>
    <MAXBAS>1.3050349223342888</MAXBAS>
    <Cet>0</Cet>
    <PCALT>10</PCALT>
    <TCALT>0.6</TCALT>
    <Pelev>3022</Pelev>
    <Telev>3058</Telev>
    <PART>0.5</PART>
    <DELAY>1</DELAY>
  </CatchmentParameters>
  <VegetationZone>
    <VegetationZoneParameters>
      <TT>2.1197548287097558</TT>
      <CFMAX>2.0433856647907804</CFMAX>
      <SP>0</SP>
      <SFCF>0.589716110548357</SFCF>
      <CFR>0.067942131129749839</CFR>
      <CWH>0.18389894944926943</CWH>
      <CFGlacier>1</CFGlacier>
      <CFSlope>1</CFSlope>
      <FC>431.98996366184434</FC>
      <LP>0.48460890185784516</LP>
      <BETA>5.34606700029785</BETA>
    </VegetationZoneParameters>
  </VegetationZone>
  <SubCatchment>
    <SubCatchmentParameters>
      <KSI>0.001</KSI>
      <KGmin>0.05</KGmin>
      <RangeKG>0.1</RangeKG>
      <AG>0.1</AG>
      <PERC>9.9999752118705327</PERC>
      <Alpha>0</Alpha>
      <UZL>111.61789321907015</UZL>
      <K0>0.52626488541194394</K0>
      <K1>0.16088518661652043</K1>
      <K2>0.10411669409602971</K2>
      <MAXBAS>1.3050349223342888</MAXBAS>
      <Cet>0</Cet>
      <PCALT>10</PCALT>
      <TCALT>0.6</TCALT>
      <Pelev>3022</Pelev>
      <Telev>3058</Telev>
      <PART>0.5</PART>
      <DELAY>1</DELAY>
    </SubCatchmentParameters>
    <SubCatchmentVegetationZone>
      <SubCatchmentVegetationZoneParameters>
        <TT>2.1197548287097558</TT>
        <CFMAX>2.0433856647907804</CFMAX>
        <SP>0</SP>
        <SFCF>0.589716110548357</SFCF>
        <CFR>0.067942131129749839</CFR>
        <CWH>0.18389894944926943</CWH>
        <CFGlacier>1</CFGlacier>
        <CFSlope>1</CFSlope>
        <FC>431.98996366184434</FC>
        <LP>0.48460890185784516</LP>
        <BETA>5.34606700029785</BETA>
      </SubCatchmentVegetationZoneParameters>
    </SubCatchmentVegetationZone>
  </SubCatchment>
</Catchment>