<?xml version="1.0" encoding="utf-8"?>
<Catchment xmlns:xsi="http://www.w3.org/2001/XMLSchema-instance" xmlns:xsd="http://www.w3.org/2001/XMLSchema">
  <CatchmentParameters>
    <KSI>0.001</KSI>
    <KGmin>0.05</KGmin>
    <RangeKG>0.1</RangeKG>
    <AG>0.1</AG>
    <PERC>0.072159090235088319</PERC>
    <Alpha>0</Alpha>
    <UZL>134.08896664676635</UZL>
    <K0>0.43512461079381159</K0>
    <K1>0.16613871347648046</K1>
    <K2>0.017894819646001984</K2>
    <MAXBAS>1</MAXBAS>
    <Cet>0</Cet>
    <PCALT>10</PCALT>
    <TCALT>0.6</TCALT>
    <Pelev>3022</Pelev>
    <Telev>3058</Telev>
    <PART>0.5</PART>
    <DELAY>1</DELAY>
  </CatchmentParameters>
  <VegetationZone>
    <VegetationZoneParameters>
      <TT>-0.067824913744490289</TT>
      <CFMAX>0.74066270570476722</CFMAX>
      <SP>0</SP>
      <SFCF>0.51543780408728479</SFCF>
      <CFR>1.1978075432987906E-06</CFR>
      <CWH>0.10011579405718799</CWH>
      <CFGlacier>1</CFGlacier>
      <CFSlope>1</CFSlope>
      <FC>601.72758848986678</FC>
      <LP>0.619902434159905</LP>
      <BETA>4.8042197236734392</BETA>
    </VegetationZoneParameters>
  </VegetationZone>
  <SubCatchment>
    <SubCatchmentParameters>
      <KSI>0.001</KSI>
      <KGmin>0.05</KGmin>
      <RangeKG>0.1</RangeKG>
      <AG>0.1</AG>
      <PERC>0.072159090235088319</PERC>
      <Alpha>0</Alpha>
      <UZL>134.08896664676635</UZL>
      <K0>0.43512461079381159</K0>
      <K1>0.16613871347648046</K1>
      <K2>0.017894819646001984</K2>
      <MAXBAS>1</MAXBAS>
      <Cet>0</Cet>
      <PCALT>10</PCALT>
      <TCALT>0.6</TCALT>
      <Pelev>3022</Pelev>
      <Telev>3058</Telev>
      <PART>0.5</PART>
      <DELAY>1</DELAY>
    </SubCatchmentParameters>
    <SubCatchmentVegetationZone>
      <SubCatchmentVegetationZoneParameters>
        <TT>-0.067824913744490289</TT>
        <CFMAX>0.74066270570476722</CFMAX>
        <SP>0</SP>
        <SFCF>0.51543780408728479</SFCF>
        <CFR>1.1978075432987906E-06</CFR>
        <CWH>0.10011579405718799</CWH>
        <CFGlacier>1</CFGlacier>
        <CFSlope>1</CFSlope>
        <FC>601.72758848986678</FC>
        <LP>0.619902434159905</LP>
        <BETA>4.8042197236734392</BETA>
      </SubCatchmentVegetationZoneParameters>
    </SubCatchmentVegetationZone>
  </SubCatchment>
</Catchment>