<?xml version="1.0" encoding="utf-8"?>
<Catchment xmlns:xsi="http://www.w3.org/2001/XMLSchema-instance" xmlns:xsd="http://www.w3.org/2001/XMLSchema">
  <CatchmentParameters>
    <KSI>0.001</KSI>
    <KGmin>0.05</KGmin>
    <RangeKG>0.1</RangeKG>
    <AG>0.1</AG>
    <PERC>0.051742137058740589</PERC>
    <Alpha>0</Alpha>
    <UZL>164.60777184662598</UZL>
    <K0>0.286963581104978</K0>
    <K1>0.12298017661544965</K1>
    <K2>0.010000009903147969</K2>
    <MAXBAS>1</MAXBAS>
    <Cet>0</Cet>
    <PCALT>10</PCALT>
    <TCALT>0.6</TCALT>
    <Pelev>3022</Pelev>
    <Telev>3058</Telev>
    <PART>0.5</PART>
    <DELAY>1</DELAY>
  </CatchmentParameters>
  <VegetationZone>
    <VegetationZoneParameters>
      <TT>0.449126994950586</TT>
      <CFMAX>1.6560439583997484</CFMAX>
      <SP>0</SP>
      <SFCF>0.74713939863152923</SFCF>
      <CFR>0.091900470108331592</CFR>
      <CWH>0.12859848924260509</CWH>
      <CFGlacier>1</CFGlacier>
      <CFSlope>1</CFSlope>
      <FC>729.8738011448994</FC>
      <LP>0.30002635468838657</LP>
      <BETA>4.6283773314139154</BETA>
    </VegetationZoneParameters>
  </VegetationZone>
  <SubCatchment>
    <SubCatchmentParameters>
      <KSI>0.001</KSI>
      <KGmin>0.05</KGmin>
      <RangeKG>0.1</RangeKG>
      <AG>0.1</AG>
      <PERC>0.051742137058740589</PERC>
      <Alpha>0</Alpha>
      <UZL>164.60777184662598</UZL>
      <K0>0.286963581104978</K0>
      <K1>0.12298017661544965</K1>
      <K2>0.010000009903147969</K2>
      <MAXBAS>1</MAXBAS>
      <Cet>0</Cet>
      <PCALT>10</PCALT>
      <TCALT>0.6</TCALT>
      <Pelev>3022</Pelev>
      <Telev>3058</Telev>
      <PART>0.5</PART>
      <DELAY>1</DELAY>
    </SubCatchmentParameters>
    <SubCatchmentVegetationZone>
      <SubCatchmentVegetationZoneParameters>
        <TT>0.449126994950586</TT>
        <CFMAX>1.6560439583997484</CFMAX>
        <SP>0</SP>
        <SFCF>0.74713939863152923</SFCF>
        <CFR>0.091900470108331592</CFR>
        <CWH>0.12859848924260509</CWH>
        <CFGlacier>1</CFGlacier>
        <CFSlope>1</CFSlope>
        <FC>729.8738011448994</FC>
        <LP>0.30002635468838657</LP>
        <BETA>4.6283773314139154</BETA>
      </SubCatchmentVegetationZoneParameters>
    </SubCatchmentVegetationZone>
  </SubCatchment>
</Catchment>