<?xml version="1.0" encoding="utf-8"?>
<Catchment xmlns:xsi="http://www.w3.org/2001/XMLSchema-instance" xmlns:xsd="http://www.w3.org/2001/XMLSchema">
  <CatchmentParameters>
    <KSI>0.001</KSI>
    <KGmin>0.05</KGmin>
    <RangeKG>0.1</RangeKG>
    <AG>0.1</AG>
    <PERC>0.42659551974776994</PERC>
    <Alpha>0</Alpha>
    <UZL>136.72813831108547</UZL>
    <K0>0.32121279950150894</K0>
    <K1>0.095547564451658379</K1>
    <K2>0.02000001846876838</K2>
    <MAXBAS>1.0000024769856875</MAXBAS>
    <Cet>0</Cet>
    <PCALT>10</PCALT>
    <TCALT>0.6</TCALT>
    <Pelev>3022</Pelev>
    <Telev>3058</Telev>
    <PART>0.5</PART>
    <DELAY>1</DELAY>
  </CatchmentParameters>
  <VegetationZone>
    <VegetationZoneParameters>
      <TT>2.399408880889653</TT>
      <CFMAX>2.5728794492282749</CFMAX>
      <SP>0</SP>
      <SFCF>0.63585248451710563</SFCF>
      <CFR>0.081342052072616369</CFR>
      <CWH>0.19999267639561721</CWH>
      <CFGlacier>1</CFGlacier>
      <CFSlope>1</CFSlope>
      <FC>380.25852094020541</FC>
      <LP>0.3000001143219686</LP>
      <BETA>4.617547929691967</BETA>
    </VegetationZoneParameters>
  </VegetationZone>
  <SubCatchment>
    <SubCatchmentParameters>
      <KSI>0.001</KSI>
      <KGmin>0.05</KGmin>
      <RangeKG>0.1</RangeKG>
      <AG>0.1</AG>
      <PERC>0.42659551974776994</PERC>
      <Alpha>0</Alpha>
      <UZL>136.72813831108547</UZL>
      <K0>0.32121279950150894</K0>
      <K1>0.095547564451658379</K1>
      <K2>0.02000001846876838</K2>
      <MAXBAS>1.0000024769856875</MAXBAS>
      <Cet>0</Cet>
      <PCALT>10</PCALT>
      <TCALT>0.6</TCALT>
      <Pelev>3022</Pelev>
      <Telev>3058</Telev>
      <PART>0.5</PART>
      <DELAY>1</DELAY>
    </SubCatchmentParameters>
    <SubCatchmentVegetationZone>
      <SubCatchmentVegetationZoneParameters>
        <TT>2.399408880889653</TT>
        <CFMAX>2.5728794492282749</CFMAX>
        <SP>0</SP>
        <SFCF>0.63585248451710563</SFCF>
        <CFR>0.081342052072616369</CFR>
        <CWH>0.19999267639561721</CWH>
        <CFGlacier>1</CFGlacier>
        <CFSlope>1</CFSlope>
        <FC>380.25852094020541</FC>
        <LP>0.3000001143219686</LP>
        <BETA>4.617547929691967</BETA>
      </SubCatchmentVegetationZoneParameters>
    </SubCatchmentVegetationZone>
  </SubCatchment>
</Catchment>