<?xml version="1.0" encoding="utf-8"?>
<Catchment xmlns:xsi="http://www.w3.org/2001/XMLSchema-instance" xmlns:xsd="http://www.w3.org/2001/XMLSchema">
  <CatchmentParameters>
    <KSI>0.001</KSI>
    <KGmin>0.05</KGmin>
    <RangeKG>0.1</RangeKG>
    <AG>0.1</AG>
    <PERC>0.026235121947471164</PERC>
    <Alpha>0</Alpha>
    <UZL>94.915464607357848</UZL>
    <K0>0.30522716087082014</K0>
    <K1>0.13978046613082154</K1>
    <K2>0.010000018608335486</K2>
    <MAXBAS>1</MAXBAS>
    <Cet>0</Cet>
    <PCALT>10</PCALT>
    <TCALT>0.6</TCALT>
    <Pelev>3022</Pelev>
    <Telev>3058</Telev>
    <PART>0.5</PART>
    <DELAY>1</DELAY>
  </CatchmentParameters>
  <VegetationZone>
    <VegetationZoneParameters>
      <TT>0.98746089541443771</TT>
      <CFMAX>1.7992633946973551</CFMAX>
      <SP>0</SP>
      <SFCF>0.785539218189245</SFCF>
      <CFR>0.029541624502461172</CFR>
      <CWH>0.14247336082882708</CWH>
      <CFGlacier>1</CFGlacier>
      <CFSlope>1</CFSlope>
      <FC>1373.0425118919195</FC>
      <LP>0.46793839085783812</LP>
      <BETA>3.2286636042733492</BETA>
    </VegetationZoneParameters>
  </VegetationZone>
  <SubCatchment>
    <SubCatchmentParameters>
      <KSI>0.001</KSI>
      <KGmin>0.05</KGmin>
      <RangeKG>0.1</RangeKG>
      <AG>0.1</AG>
      <PERC>0.026235121947471164</PERC>
      <Alpha>0</Alpha>
      <UZL>94.915464607357848</UZL>
      <K0>0.30522716087082014</K0>
      <K1>0.13978046613082154</K1>
      <K2>0.010000018608335486</K2>
      <MAXBAS>1</MAXBAS>
      <Cet>0</Cet>
      <PCALT>10</PCALT>
      <TCALT>0.6</TCALT>
      <Pelev>3022</Pelev>
      <Telev>3058</Telev>
      <PART>0.5</PART>
      <DELAY>1</DELAY>
    </SubCatchmentParameters>
    <SubCatchmentVegetationZone>
      <SubCatchmentVegetationZoneParameters>
        <TT>0.98746089541443771</TT>
        <CFMAX>1.7992633946973551</CFMAX>
        <SP>0</SP>
        <SFCF>0.785539218189245</SFCF>
        <CFR>0.029541624502461172</CFR>
        <CWH>0.14247336082882708</CWH>
        <CFGlacier>1</CFGlacier>
        <CFSlope>1</CFSlope>
        <FC>1373.0425118919195</FC>
        <LP>0.46793839085783812</LP>
        <BETA>3.2286636042733492</BETA>
      </SubCatchmentVegetationZoneParameters>
    </SubCatchmentVegetationZone>
  </SubCatchment>
</Catchment>