<?xml version="1.0" encoding="utf-8"?>
<Catchment xmlns:xsi="http://www.w3.org/2001/XMLSchema-instance" xmlns:xsd="http://www.w3.org/2001/XMLSchema">
  <CatchmentParameters>
    <KSI>0.001</KSI>
    <KGmin>0.05</KGmin>
    <RangeKG>0.1</RangeKG>
    <AG>0.1</AG>
    <PERC>0.046409870711704083</PERC>
    <Alpha>0</Alpha>
    <UZL>81.61347687285982</UZL>
    <K0>0.35479363236477796</K0>
    <K1>0.13252090528050323</K1>
    <K2>0.010002862782971833</K2>
    <MAXBAS>1</MAXBAS>
    <Cet>0</Cet>
    <PCALT>10</PCALT>
    <TCALT>0.6</TCALT>
    <Pelev>3022</Pelev>
    <Telev>3058</Telev>
    <PART>0.5</PART>
    <DELAY>1</DELAY>
  </CatchmentParameters>
  <VegetationZone>
    <VegetationZoneParameters>
      <TT>1.478346820570871</TT>
      <CFMAX>1.7684895289793556</CFMAX>
      <SP>0</SP>
      <SFCF>0.63687863197625427</SFCF>
      <CFR>0.099998772409613</CFR>
      <CWH>0.10000013290714435</CWH>
      <CFGlacier>1</CFGlacier>
      <CFSlope>1</CFSlope>
      <FC>681.890721023327</FC>
      <LP>0.57678464941160412</LP>
      <BETA>4.680965549095923</BETA>
    </VegetationZoneParameters>
  </VegetationZone>
  <SubCatchment>
    <SubCatchmentParameters>
      <KSI>0.001</KSI>
      <KGmin>0.05</KGmin>
      <RangeKG>0.1</RangeKG>
      <AG>0.1</AG>
      <PERC>0.046409870711704083</PERC>
      <Alpha>0</Alpha>
      <UZL>81.61347687285982</UZL>
      <K0>0.35479363236477796</K0>
      <K1>0.13252090528050323</K1>
      <K2>0.010002862782971833</K2>
      <MAXBAS>1</MAXBAS>
      <Cet>0</Cet>
      <PCALT>10</PCALT>
      <TCALT>0.6</TCALT>
      <Pelev>3022</Pelev>
      <Telev>3058</Telev>
      <PART>0.5</PART>
      <DELAY>1</DELAY>
    </SubCatchmentParameters>
    <SubCatchmentVegetationZone>
      <SubCatchmentVegetationZoneParameters>
        <TT>1.478346820570871</TT>
        <CFMAX>1.7684895289793556</CFMAX>
        <SP>0</SP>
        <SFCF>0.63687863197625427</SFCF>
        <CFR>0.099998772409613</CFR>
        <CWH>0.10000013290714435</CWH>
        <CFGlacier>1</CFGlacier>
        <CFSlope>1</CFSlope>
        <FC>681.890721023327</FC>
        <LP>0.57678464941160412</LP>
        <BETA>4.680965549095923</BETA>
      </SubCatchmentVegetationZoneParameters>
    </SubCatchmentVegetationZone>
  </SubCatchment>
</Catchment>