<?xml version="1.0" encoding="utf-8"?>
<Catchment xmlns:xsi="http://www.w3.org/2001/XMLSchema-instance" xmlns:xsd="http://www.w3.org/2001/XMLSchema">
  <CatchmentParameters>
    <KSI>0.001</KSI>
    <KGmin>0.05</KGmin>
    <RangeKG>0.1</RangeKG>
    <AG>0.1</AG>
    <PERC>6.3752592784160882</PERC>
    <Alpha>0</Alpha>
    <UZL>140.22540928662616</UZL>
    <K0>0.24977355170185817</K0>
    <K1>0.064773152656396563</K1>
    <K2>0.09923235729239796</K2>
    <MAXBAS>1.0049867605996476</MAXBAS>
    <Cet>0</Cet>
    <PCALT>10</PCALT>
    <TCALT>0.6</TCALT>
    <Pelev>3022</Pelev>
    <Telev>3058</Telev>
    <PART>0.5</PART>
    <DELAY>1</DELAY>
  </CatchmentParameters>
  <VegetationZone>
    <VegetationZoneParameters>
      <TT>2.023997555497981</TT>
      <CFMAX>2.3057329746698403</CFMAX>
      <SP>0</SP>
      <SFCF>0.61966010726182807</SFCF>
      <CFR>0.099999997674261792</CFR>
      <CWH>0.18940633460404291</CWH>
      <CFGlacier>1</CFGlacier>
      <CFSlope>1</CFSlope>
      <FC>432.78955414185674</FC>
      <LP>0.44874235158151043</LP>
      <BETA>5.9999623216296172</BETA>
    </VegetationZoneParameters>
  </VegetationZone>
  <SubCatchment>
    <SubCatchmentParameters>
      <KSI>0.001</KSI>
      <KGmin>0.05</KGmin>
      <RangeKG>0.1</RangeKG>
      <AG>0.1</AG>
      <PERC>6.3752592784160882</PERC>
      <Alpha>0</Alpha>
      <UZL>140.22540928662616</UZL>
      <K0>0.24977355170185817</K0>
      <K1>0.064773152656396563</K1>
      <K2>0.09923235729239796</K2>
      <MAXBAS>1.0049867605996476</MAXBAS>
      <Cet>0</Cet>
      <PCALT>10</PCALT>
      <TCALT>0.6</TCALT>
      <Pelev>3022</Pelev>
      <Telev>3058</Telev>
      <PART>0.5</PART>
      <DELAY>1</DELAY>
    </SubCatchmentParameters>
    <SubCatchmentVegetationZone>
      <SubCatchmentVegetationZoneParameters>
        <TT>2.023997555497981</TT>
        <CFMAX>2.3057329746698403</CFMAX>
        <SP>0</SP>
        <SFCF>0.61966010726182807</SFCF>
        <CFR>0.099999997674261792</CFR>
        <CWH>0.18940633460404291</CWH>
        <CFGlacier>1</CFGlacier>
        <CFSlope>1</CFSlope>
        <FC>432.78955414185674</FC>
        <LP>0.44874235158151043</LP>
        <BETA>5.9999623216296172</BETA>
      </SubCatchmentVegetationZoneParameters>
    </SubCatchmentVegetationZone>
  </SubCatchment>
</Catchment>