<?xml version="1.0" encoding="utf-8"?>
<Catchment xmlns:xsi="http://www.w3.org/2001/XMLSchema-instance" xmlns:xsd="http://www.w3.org/2001/XMLSchema">
  <CatchmentParameters>
    <KSI>0.001</KSI>
    <KGmin>0.05</KGmin>
    <RangeKG>0.1</RangeKG>
    <AG>0.1</AG>
    <PERC>9.9998934261453343</PERC>
    <Alpha>0</Alpha>
    <UZL>105.48259411358175</UZL>
    <K0>0.43908296581891659</K0>
    <K1>0.10136478780623881</K1>
    <K2>0.097244623866140092</K2>
    <MAXBAS>1.244927013285402</MAXBAS>
    <Cet>0</Cet>
    <PCALT>10</PCALT>
    <TCALT>0.6</TCALT>
    <Pelev>3022</Pelev>
    <Telev>3058</Telev>
    <PART>0.5</PART>
    <DELAY>1</DELAY>
  </CatchmentParameters>
  <VegetationZone>
    <VegetationZoneParameters>
      <TT>2.4999946474854795</TT>
      <CFMAX>2.5303905916540494</CFMAX>
      <SP>0</SP>
      <SFCF>0.60715308835354942</SFCF>
      <CFR>0.083446798636014438</CFR>
      <CWH>0.19998462630084146</CWH>
      <CFGlacier>1</CFGlacier>
      <CFSlope>1</CFSlope>
      <FC>517.61610647944065</FC>
      <LP>0.64554861764305216</LP>
      <BETA>5.9999893706041361</BETA>
    </VegetationZoneParameters>
  </VegetationZone>
  <SubCatchment>
    <SubCatchmentParameters>
      <KSI>0.001</KSI>
      <KGmin>0.05</KGmin>
      <RangeKG>0.1</RangeKG>
      <AG>0.1</AG>
      <PERC>9.9998934261453343</PERC>
      <Alpha>0</Alpha>
      <UZL>105.48259411358175</UZL>
      <K0>0.43908296581891659</K0>
      <K1>0.10136478780623881</K1>
      <K2>0.097244623866140092</K2>
      <MAXBAS>1.244927013285402</MAXBAS>
      <Cet>0</Cet>
      <PCALT>10</PCALT>
      <TCALT>0.6</TCALT>
      <Pelev>3022</Pelev>
      <Telev>3058</Telev>
      <PART>0.5</PART>
      <DELAY>1</DELAY>
    </SubCatchmentParameters>
    <SubCatchmentVegetationZone>
      <SubCatchmentVegetationZoneParameters>
        <TT>2.4999946474854795</TT>
        <CFMAX>2.5303905916540494</CFMAX>
        <SP>0</SP>
        <SFCF>0.60715308835354942</SFCF>
        <CFR>0.083446798636014438</CFR>
        <CWH>0.19998462630084146</CWH>
        <CFGlacier>1</CFGlacier>
        <CFSlope>1</CFSlope>
        <FC>517.61610647944065</FC>
        <LP>0.64554861764305216</LP>
        <BETA>5.9999893706041361</BETA>
      </SubCatchmentVegetationZoneParameters>
    </SubCatchmentVegetationZone>
  </SubCatchment>
</Catchment>