<?xml version="1.0" encoding="utf-8"?>
<Catchment xmlns:xsi="http://www.w3.org/2001/XMLSchema-instance" xmlns:xsd="http://www.w3.org/2001/XMLSchema">
  <CatchmentParameters>
    <KSI>0.001</KSI>
    <KGmin>0.05</KGmin>
    <RangeKG>0.1</RangeKG>
    <AG>0.1</AG>
    <PERC>8.8203674338689311</PERC>
    <Alpha>0</Alpha>
    <UZL>180.98003515014764</UZL>
    <K0>0.486304347710341</K0>
    <K1>0.051482239844628172</K1>
    <K2>0.094991476594029262</K2>
    <MAXBAS>1.1035591008517927</MAXBAS>
    <Cet>0</Cet>
    <PCALT>10</PCALT>
    <TCALT>0.6</TCALT>
    <Pelev>3022</Pelev>
    <Telev>3058</Telev>
    <PART>0.5</PART>
    <DELAY>1</DELAY>
  </CatchmentParameters>
  <VegetationZone>
    <VegetationZoneParameters>
      <TT>2.3476900278276189</TT>
      <CFMAX>2.544815754240759</CFMAX>
      <SP>0</SP>
      <SFCF>0.63759180013239425</SFCF>
      <CFR>0.081909873176182382</CFR>
      <CWH>0.19999813329549637</CWH>
      <CFGlacier>1</CFGlacier>
      <CFSlope>1</CFSlope>
      <FC>553.52653893893921</FC>
      <LP>0.63585987868770177</LP>
      <BETA>5.9999730237268</BETA>
    </VegetationZoneParameters>
  </VegetationZone>
  <SubCatchment>
    <SubCatchmentParameters>
      <KSI>0.001</KSI>
      <KGmin>0.05</KGmin>
      <RangeKG>0.1</RangeKG>
      <AG>0.1</AG>
      <PERC>8.8203674338689311</PERC>
      <Alpha>0</Alpha>
      <UZL>180.98003515014764</UZL>
      <K0>0.486304347710341</K0>
      <K1>0.051482239844628172</K1>
      <K2>0.094991476594029262</K2>
      <MAXBAS>1.1035591008517927</MAXBAS>
      <Cet>0</Cet>
      <PCALT>10</PCALT>
      <TCALT>0.6</TCALT>
      <Pelev>3022</Pelev>
      <Telev>3058</Telev>
      <PART>0.5</PART>
      <DELAY>1</DELAY>
    </SubCatchmentParameters>
    <SubCatchmentVegetationZone>
      <SubCatchmentVegetationZoneParameters>
        <TT>2.3476900278276189</TT>
        <CFMAX>2.544815754240759</CFMAX>
        <SP>0</SP>
        <SFCF>0.63759180013239425</SFCF>
        <CFR>0.081909873176182382</CFR>
        <CWH>0.19999813329549637</CWH>
        <CFGlacier>1</CFGlacier>
        <CFSlope>1</CFSlope>
        <FC>553.52653893893921</FC>
        <LP>0.63585987868770177</LP>
        <BETA>5.9999730237268</BETA>
      </SubCatchmentVegetationZoneParameters>
    </SubCatchmentVegetationZone>
  </SubCatchment>
</Catchment>