<?xml version="1.0" encoding="utf-8"?>
<Catchment xmlns:xsi="http://www.w3.org/2001/XMLSchema-instance" xmlns:xsd="http://www.w3.org/2001/XMLSchema">
  <CatchmentParameters>
    <KSI>0.001</KSI>
    <KGmin>0.05</KGmin>
    <RangeKG>0.1</RangeKG>
    <AG>0.1</AG>
    <PERC>9.9998674344135985</PERC>
    <Alpha>0</Alpha>
    <UZL>179.747993770909</UZL>
    <K0>0.14140998876993832</K0>
    <K1>0.12964415350461311</K1>
    <K2>0.1071196542397051</K2>
    <MAXBAS>1.1721230380560728</MAXBAS>
    <Cet>0</Cet>
    <PCALT>10</PCALT>
    <TCALT>0.6</TCALT>
    <Pelev>3022</Pelev>
    <Telev>3058</Telev>
    <PART>0.5</PART>
    <DELAY>1</DELAY>
  </CatchmentParameters>
  <VegetationZone>
    <VegetationZoneParameters>
      <TT>1.8861038577549225</TT>
      <CFMAX>2.1126105528996231</CFMAX>
      <SP>0</SP>
      <SFCF>0.63546328664444141</SFCF>
      <CFR>0.097876507230908724</CFR>
      <CWH>0.19994501782542792</CWH>
      <CFGlacier>1</CFGlacier>
      <CFSlope>1</CFSlope>
      <FC>432.25587762184637</FC>
      <LP>0.34075354531542223</LP>
      <BETA>4.3996191240893143</BETA>
    </VegetationZoneParameters>
  </VegetationZone>
  <SubCatchment>
    <SubCatchmentParameters>
      <KSI>0.001</KSI>
      <KGmin>0.05</KGmin>
      <RangeKG>0.1</RangeKG>
      <AG>0.1</AG>
      <PERC>9.9998674344135985</PERC>
      <Alpha>0</Alpha>
      <UZL>179.747993770909</UZL>
      <K0>0.14140998876993832</K0>
      <K1>0.12964415350461311</K1>
      <K2>0.1071196542397051</K2>
      <MAXBAS>1.1721230380560728</MAXBAS>
      <Cet>0</Cet>
      <PCALT>10</PCALT>
      <TCALT>0.6</TCALT>
      <Pelev>3022</Pelev>
      <Telev>3058</Telev>
      <PART>0.5</PART>
      <DELAY>1</DELAY>
    </SubCatchmentParameters>
    <SubCatchmentVegetationZone>
      <SubCatchmentVegetationZoneParameters>
        <TT>1.8861038577549225</TT>
        <CFMAX>2.1126105528996231</CFMAX>
        <SP>0</SP>
        <SFCF>0.63546328664444141</SFCF>
        <CFR>0.097876507230908724</CFR>
        <CWH>0.19994501782542792</CWH>
        <CFGlacier>1</CFGlacier>
        <CFSlope>1</CFSlope>
        <FC>432.25587762184637</FC>
        <LP>0.34075354531542223</LP>
        <BETA>4.3996191240893143</BETA>
      </SubCatchmentVegetationZoneParameters>
    </SubCatchmentVegetationZone>
  </SubCatchment>
</Catchment>