<?xml version="1.0" encoding="utf-8"?>
<Catchment xmlns:xsi="http://www.w3.org/2001/XMLSchema-instance" xmlns:xsd="http://www.w3.org/2001/XMLSchema">
  <CatchmentParameters>
    <KSI>0.001</KSI>
    <KGmin>0.05</KGmin>
    <RangeKG>0.1</RangeKG>
    <AG>0.1</AG>
    <PERC>6.8832582217061713</PERC>
    <Alpha>0</Alpha>
    <UZL>50.091569498896085</UZL>
    <K0>0.50298120612930619</K0>
    <K1>0.30713539639995541</K1>
    <K2>0.13660812885464024</K2>
    <MAXBAS>1.8047546485092934</MAXBAS>
    <Cet>0</Cet>
    <PCALT>10</PCALT>
    <TCALT>0.6</TCALT>
    <Pelev>3022</Pelev>
    <Telev>3058</Telev>
    <PART>0.5</PART>
    <DELAY>1</DELAY>
  </CatchmentParameters>
  <VegetationZone>
    <VegetationZoneParameters>
      <TT>1.8398287261788258</TT>
      <CFMAX>1.7955149958837313</CFMAX>
      <SP>0</SP>
      <SFCF>0.64165027605569347</SFCF>
      <CFR>0.099999300714914557</CFR>
      <CWH>0.19999999998867782</CWH>
      <CFGlacier>1</CFGlacier>
      <CFSlope>1</CFSlope>
      <FC>712.83982075544816</FC>
      <LP>0.64018867705622062</LP>
      <BETA>4.221674411320687</BETA>
    </VegetationZoneParameters>
  </VegetationZone>
  <SubCatchment>
    <SubCatchmentParameters>
      <KSI>0.001</KSI>
      <KGmin>0.05</KGmin>
      <RangeKG>0.1</RangeKG>
      <AG>0.1</AG>
      <PERC>6.8832582217061713</PERC>
      <Alpha>0</Alpha>
      <UZL>50.091569498896085</UZL>
      <K0>0.50298120612930619</K0>
      <K1>0.30713539639995541</K1>
      <K2>0.13660812885464024</K2>
      <MAXBAS>1.8047546485092934</MAXBAS>
      <Cet>0</Cet>
      <PCALT>10</PCALT>
      <TCALT>0.6</TCALT>
      <Pelev>3022</Pelev>
      <Telev>3058</Telev>
      <PART>0.5</PART>
      <DELAY>1</DELAY>
    </SubCatchmentParameters>
    <SubCatchmentVegetationZone>
      <SubCatchmentVegetationZoneParameters>
        <TT>1.8398287261788258</TT>
        <CFMAX>1.7955149958837313</CFMAX>
        <SP>0</SP>
        <SFCF>0.64165027605569347</SFCF>
        <CFR>0.099999300714914557</CFR>
        <CWH>0.19999999998867782</CWH>
        <CFGlacier>1</CFGlacier>
        <CFSlope>1</CFSlope>
        <FC>712.83982075544816</FC>
        <LP>0.64018867705622062</LP>
        <BETA>4.221674411320687</BETA>
      </SubCatchmentVegetationZoneParameters>
    </SubCatchmentVegetationZone>
  </SubCatchment>
</Catchment>