<?xml version="1.0" encoding="utf-8"?>
<Catchment xmlns:xsi="http://www.w3.org/2001/XMLSchema-instance" xmlns:xsd="http://www.w3.org/2001/XMLSchema">
  <CatchmentParameters>
    <KSI>0.001</KSI>
    <KGmin>0.05</KGmin>
    <RangeKG>0.1</RangeKG>
    <AG>0.1</AG>
    <PERC>8.2178475297285249</PERC>
    <Alpha>0</Alpha>
    <UZL>72.2090393695163</UZL>
    <K0>0.51379602418021875</K0>
    <K1>0.27303923244592759</K1>
    <K2>0.12328172814499513</K2>
    <MAXBAS>1.6450004493553634</MAXBAS>
    <Cet>0</Cet>
    <PCALT>10</PCALT>
    <TCALT>0.6</TCALT>
    <Pelev>3022</Pelev>
    <Telev>3058</Telev>
    <PART>0.5</PART>
    <DELAY>1</DELAY>
  </CatchmentParameters>
  <VegetationZone>
    <VegetationZoneParameters>
      <TT>1.6599985258656977</TT>
      <CFMAX>1.7533909997180879</CFMAX>
      <SP>0</SP>
      <SFCF>0.62034811847626192</SFCF>
      <CFR>0.099767686463066357</CFR>
      <CWH>0.1999974473896137</CWH>
      <CFGlacier>1</CFGlacier>
      <CFSlope>1</CFSlope>
      <FC>489.752868828692</FC>
      <LP>0.44238618018891684</LP>
      <BETA>4.1364655129285595</BETA>
    </VegetationZoneParameters>
  </VegetationZone>
  <SubCatchment>
    <SubCatchmentParameters>
      <KSI>0.001</KSI>
      <KGmin>0.05</KGmin>
      <RangeKG>0.1</RangeKG>
      <AG>0.1</AG>
      <PERC>8.2178475297285249</PERC>
      <Alpha>0</Alpha>
      <UZL>72.2090393695163</UZL>
      <K0>0.51379602418021875</K0>
      <K1>0.27303923244592759</K1>
      <K2>0.12328172814499513</K2>
      <MAXBAS>1.6450004493553634</MAXBAS>
      <Cet>0</Cet>
      <PCALT>10</PCALT>
      <TCALT>0.6</TCALT>
      <Pelev>3022</Pelev>
      <Telev>3058</Telev>
      <PART>0.5</PART>
      <DELAY>1</DELAY>
    </SubCatchmentParameters>
    <SubCatchmentVegetationZone>
      <SubCatchmentVegetationZoneParameters>
        <TT>1.6599985258656977</TT>
        <CFMAX>1.7533909997180879</CFMAX>
        <SP>0</SP>
        <SFCF>0.62034811847626192</SFCF>
        <CFR>0.099767686463066357</CFR>
        <CWH>0.1999974473896137</CWH>
        <CFGlacier>1</CFGlacier>
        <CFSlope>1</CFSlope>
        <FC>489.752868828692</FC>
        <LP>0.44238618018891684</LP>
        <BETA>4.1364655129285595</BETA>
      </SubCatchmentVegetationZoneParameters>
    </SubCatchmentVegetationZone>
  </SubCatchment>
</Catchment>