<?xml version="1.0" encoding="utf-8"?>
<Catchment xmlns:xsi="http://www.w3.org/2001/XMLSchema-instance" xmlns:xsd="http://www.w3.org/2001/XMLSchema">
  <CatchmentParameters>
    <KSI>0.001</KSI>
    <KGmin>0.05</KGmin>
    <RangeKG>0.1</RangeKG>
    <AG>0.1</AG>
    <PERC>0.053644324052400022</PERC>
    <Alpha>0</Alpha>
    <UZL>101.69894586901388</UZL>
    <K0>0.47753595819883571</K0>
    <K1>0.13348480866618914</K1>
    <K2>0.010000417420461686</K2>
    <MAXBAS>1</MAXBAS>
    <Cet>0</Cet>
    <PCALT>10</PCALT>
    <TCALT>0.6</TCALT>
    <Pelev>3022</Pelev>
    <Telev>3058</Telev>
    <PART>0.5</PART>
    <DELAY>1</DELAY>
  </CatchmentParameters>
  <VegetationZone>
    <VegetationZoneParameters>
      <TT>0.59884567136703915</TT>
      <CFMAX>1.5228739766373558</CFMAX>
      <SP>0</SP>
      <SFCF>0.69966030191616113</SFCF>
      <CFR>0.057105538123167113</CFR>
      <CWH>0.10002850761919022</CWH>
      <CFGlacier>1</CFGlacier>
      <CFSlope>1</CFSlope>
      <FC>626.44181891814912</FC>
      <LP>0.30000172693726534</LP>
      <BETA>4.3993398407982873</BETA>
    </VegetationZoneParameters>
  </VegetationZone>
  <SubCatchment>
    <SubCatchmentParameters>
      <KSI>0.001</KSI>
      <KGmin>0.05</KGmin>
      <RangeKG>0.1</RangeKG>
      <AG>0.1</AG>
      <PERC>0.053644324052400022</PERC>
      <Alpha>0</Alpha>
      <UZL>101.69894586901388</UZL>
      <K0>0.47753595819883571</K0>
      <K1>0.13348480866618914</K1>
      <K2>0.010000417420461686</K2>
      <MAXBAS>1</MAXBAS>
      <Cet>0</Cet>
      <PCALT>10</PCALT>
      <TCALT>0.6</TCALT>
      <Pelev>3022</Pelev>
      <Telev>3058</Telev>
      <PART>0.5</PART>
      <DELAY>1</DELAY>
    </SubCatchmentParameters>
    <SubCatchmentVegetationZone>
      <SubCatchmentVegetationZoneParameters>
        <TT>0.59884567136703915</TT>
        <CFMAX>1.5228739766373558</CFMAX>
        <SP>0</SP>
        <SFCF>0.69966030191616113</SFCF>
        <CFR>0.057105538123167113</CFR>
        <CWH>0.10002850761919022</CWH>
        <CFGlacier>1</CFGlacier>
        <CFSlope>1</CFSlope>
        <FC>626.44181891814912</FC>
        <LP>0.30000172693726534</LP>
        <BETA>4.3993398407982873</BETA>
      </SubCatchmentVegetationZoneParameters>
    </SubCatchmentVegetationZone>
  </SubCatchment>
</Catchment>