<?xml version="1.0" encoding="utf-8"?>
<Catchment xmlns:xsi="http://www.w3.org/2001/XMLSchema-instance" xmlns:xsd="http://www.w3.org/2001/XMLSchema">
  <CatchmentParameters>
    <KSI>0.001</KSI>
    <KGmin>0.05</KGmin>
    <RangeKG>0.1</RangeKG>
    <AG>0.1</AG>
    <PERC>8.2346521791814311</PERC>
    <Alpha>0</Alpha>
    <UZL>147.73510858811417</UZL>
    <K0>0.19726363916198714</K0>
    <K1>0.26429712471723554</K1>
    <K2>0.12701865178195471</K2>
    <MAXBAS>1.6249423634219076</MAXBAS>
    <Cet>0</Cet>
    <PCALT>10</PCALT>
    <TCALT>0.6</TCALT>
    <Pelev>3022</Pelev>
    <Telev>3058</Telev>
    <PART>0.5</PART>
    <DELAY>1</DELAY>
  </CatchmentParameters>
  <VegetationZone>
    <VegetationZoneParameters>
      <TT>2.0021395562605129</TT>
      <CFMAX>1.8522262103209379</CFMAX>
      <SP>0</SP>
      <SFCF>0.59913660636537758</SFCF>
      <CFR>0.099998009475286448</CFR>
      <CWH>0.1999911134101573</CWH>
      <CFGlacier>1</CFGlacier>
      <CFSlope>1</CFSlope>
      <FC>452.42853809294724</FC>
      <LP>0.40355887481182595</LP>
      <BETA>3.6070686331860653</BETA>
    </VegetationZoneParameters>
  </VegetationZone>
  <SubCatchment>
    <SubCatchmentParameters>
      <KSI>0.001</KSI>
      <KGmin>0.05</KGmin>
      <RangeKG>0.1</RangeKG>
      <AG>0.1</AG>
      <PERC>8.2346521791814311</PERC>
      <Alpha>0</Alpha>
      <UZL>147.73510858811417</UZL>
      <K0>0.19726363916198714</K0>
      <K1>0.26429712471723554</K1>
      <K2>0.12701865178195471</K2>
      <MAXBAS>1.6249423634219076</MAXBAS>
      <Cet>0</Cet>
      <PCALT>10</PCALT>
      <TCALT>0.6</TCALT>
      <Pelev>3022</Pelev>
      <Telev>3058</Telev>
      <PART>0.5</PART>
      <DELAY>1</DELAY>
    </SubCatchmentParameters>
    <SubCatchmentVegetationZone>
      <SubCatchmentVegetationZoneParameters>
        <TT>2.0021395562605129</TT>
        <CFMAX>1.8522262103209379</CFMAX>
        <SP>0</SP>
        <SFCF>0.59913660636537758</SFCF>
        <CFR>0.099998009475286448</CFR>
        <CWH>0.1999911134101573</CWH>
        <CFGlacier>1</CFGlacier>
        <CFSlope>1</CFSlope>
        <FC>452.42853809294724</FC>
        <LP>0.40355887481182595</LP>
        <BETA>3.6070686331860653</BETA>
      </SubCatchmentVegetationZoneParameters>
    </SubCatchmentVegetationZone>
  </SubCatchment>
</Catchment>