<?xml version="1.0" encoding="utf-8"?>
<Catchment xmlns:xsi="http://www.w3.org/2001/XMLSchema-instance" xmlns:xsd="http://www.w3.org/2001/XMLSchema">
  <CatchmentParameters>
    <KSI>0.001</KSI>
    <KGmin>0.05</KGmin>
    <RangeKG>0.1</RangeKG>
    <AG>0.1</AG>
    <PERC>0.048297796626703027</PERC>
    <Alpha>0</Alpha>
    <UZL>98.694277750378347</UZL>
    <K0>0.49742099695591752</K0>
    <K1>0.12639297847177433</K1>
    <K2>0.01000257896337099</K2>
    <MAXBAS>1</MAXBAS>
    <Cet>0</Cet>
    <PCALT>10</PCALT>
    <TCALT>0.6</TCALT>
    <Pelev>3022</Pelev>
    <Telev>3058</Telev>
    <PART>0.5</PART>
    <DELAY>1</DELAY>
  </CatchmentParameters>
  <VegetationZone>
    <VegetationZoneParameters>
      <TT>-0.067143104462303829</TT>
      <CFMAX>1.3154885623439636</CFMAX>
      <SP>0</SP>
      <SFCF>0.71312144140981515</SFCF>
      <CFR>0.073879918560704458</CFR>
      <CWH>0.14370716567971736</CWH>
      <CFGlacier>1</CFGlacier>
      <CFSlope>1</CFSlope>
      <FC>735.15680214178974</FC>
      <LP>0.39759950512594511</LP>
      <BETA>5.1237873955496</BETA>
    </VegetationZoneParameters>
  </VegetationZone>
  <SubCatchment>
    <SubCatchmentParameters>
      <KSI>0.001</KSI>
      <KGmin>0.05</KGmin>
      <RangeKG>0.1</RangeKG>
      <AG>0.1</AG>
      <PERC>0.048297796626703027</PERC>
      <Alpha>0</Alpha>
      <UZL>98.694277750378347</UZL>
      <K0>0.49742099695591752</K0>
      <K1>0.12639297847177433</K1>
      <K2>0.01000257896337099</K2>
      <MAXBAS>1</MAXBAS>
      <Cet>0</Cet>
      <PCALT>10</PCALT>
      <TCALT>0.6</TCALT>
      <Pelev>3022</Pelev>
      <Telev>3058</Telev>
      <PART>0.5</PART>
      <DELAY>1</DELAY>
    </SubCatchmentParameters>
    <SubCatchmentVegetationZone>
      <SubCatchmentVegetationZoneParameters>
        <TT>-0.067143104462303829</TT>
        <CFMAX>1.3154885623439636</CFMAX>
        <SP>0</SP>
        <SFCF>0.71312144140981515</SFCF>
        <CFR>0.073879918560704458</CFR>
        <CWH>0.14370716567971736</CWH>
        <CFGlacier>1</CFGlacier>
        <CFSlope>1</CFSlope>
        <FC>735.15680214178974</FC>
        <LP>0.39759950512594511</LP>
        <BETA>5.1237873955496</BETA>
      </SubCatchmentVegetationZoneParameters>
    </SubCatchmentVegetationZone>
  </SubCatchment>
</Catchment>