<?xml version="1.0" encoding="utf-8"?>
<Catchment xmlns:xsi="http://www.w3.org/2001/XMLSchema-instance" xmlns:xsd="http://www.w3.org/2001/XMLSchema">
  <CatchmentParameters>
    <KSI>0.001</KSI>
    <KGmin>0.05</KGmin>
    <RangeKG>0.1</RangeKG>
    <AG>0.1</AG>
    <PERC>0.086515736165317228</PERC>
    <Alpha>0</Alpha>
    <UZL>143.32804530079633</UZL>
    <K0>0.43140979371848553</K0>
    <K1>0.12993608793568068</K1>
    <K2>0.01767986308633435</K2>
    <MAXBAS>1</MAXBAS>
    <Cet>0</Cet>
    <PCALT>10</PCALT>
    <TCALT>0.6</TCALT>
    <Pelev>3022</Pelev>
    <Telev>3058</Telev>
    <PART>0.5</PART>
    <DELAY>1</DELAY>
  </CatchmentParameters>
  <VegetationZone>
    <VegetationZoneParameters>
      <TT>-0.058001693214763277</TT>
      <CFMAX>1.2893845500277932</CFMAX>
      <SP>0</SP>
      <SFCF>0.720410590917587</SFCF>
      <CFR>0.022211205328750913</CFR>
      <CWH>0.10000022380900149</CWH>
      <CFGlacier>1</CFGlacier>
      <CFSlope>1</CFSlope>
      <FC>744.94482370530329</FC>
      <LP>0.38162629500127676</LP>
      <BETA>4.9194931112938329</BETA>
    </VegetationZoneParameters>
  </VegetationZone>
  <SubCatchment>
    <SubCatchmentParameters>
      <KSI>0.001</KSI>
      <KGmin>0.05</KGmin>
      <RangeKG>0.1</RangeKG>
      <AG>0.1</AG>
      <PERC>0.086515736165317228</PERC>
      <Alpha>0</Alpha>
      <UZL>143.32804530079633</UZL>
      <K0>0.43140979371848553</K0>
      <K1>0.12993608793568068</K1>
      <K2>0.01767986308633435</K2>
      <MAXBAS>1</MAXBAS>
      <Cet>0</Cet>
      <PCALT>10</PCALT>
      <TCALT>0.6</TCALT>
      <Pelev>3022</Pelev>
      <Telev>3058</Telev>
      <PART>0.5</PART>
      <DELAY>1</DELAY>
    </SubCatchmentParameters>
    <SubCatchmentVegetationZone>
      <SubCatchmentVegetationZoneParameters>
        <TT>-0.058001693214763277</TT>
        <CFMAX>1.2893845500277932</CFMAX>
        <SP>0</SP>
        <SFCF>0.720410590917587</SFCF>
        <CFR>0.022211205328750913</CFR>
        <CWH>0.10000022380900149</CWH>
        <CFGlacier>1</CFGlacier>
        <CFSlope>1</CFSlope>
        <FC>744.94482370530329</FC>
        <LP>0.38162629500127676</LP>
        <BETA>4.9194931112938329</BETA>
      </SubCatchmentVegetationZoneParameters>
    </SubCatchmentVegetationZone>
  </SubCatchment>
</Catchment>