<?xml version="1.0" encoding="utf-8"?>
<Catchment xmlns:xsi="http://www.w3.org/2001/XMLSchema-instance" xmlns:xsd="http://www.w3.org/2001/XMLSchema">
  <CatchmentParameters>
    <KSI>0.001</KSI>
    <KGmin>0.05</KGmin>
    <RangeKG>0.1</RangeKG>
    <AG>0.1</AG>
    <PERC>5.7395308295430683</PERC>
    <Alpha>0</Alpha>
    <UZL>105.89545243916798</UZL>
    <K0>0.53092051139884988</K0>
    <K1>0.079454578439315776</K1>
    <K2>0.10455125058234441</K2>
    <MAXBAS>1.01507745851809</MAXBAS>
    <Cet>0</Cet>
    <PCALT>10</PCALT>
    <TCALT>0.6</TCALT>
    <Pelev>3022</Pelev>
    <Telev>3058</Telev>
    <PART>0.5</PART>
    <DELAY>1</DELAY>
  </CatchmentParameters>
  <VegetationZone>
    <VegetationZoneParameters>
      <TT>2.0471912770306893</TT>
      <CFMAX>2.3124082077135184</CFMAX>
      <SP>0</SP>
      <SFCF>0.62693034926542412</SFCF>
      <CFR>0.099999942841242459</CFR>
      <CWH>0.19999823568852693</CWH>
      <CFGlacier>1</CFGlacier>
      <CFSlope>1</CFSlope>
      <FC>448.47152191303149</FC>
      <LP>0.41083680030008</LP>
      <BETA>5.308174465268837</BETA>
    </VegetationZoneParameters>
  </VegetationZone>
  <SubCatchment>
    <SubCatchmentParameters>
      <KSI>0.001</KSI>
      <KGmin>0.05</KGmin>
      <RangeKG>0.1</RangeKG>
      <AG>0.1</AG>
      <PERC>5.7395308295430683</PERC>
      <Alpha>0</Alpha>
      <UZL>105.89545243916798</UZL>
      <K0>0.53092051139884988</K0>
      <K1>0.079454578439315776</K1>
      <K2>0.10455125058234441</K2>
      <MAXBAS>1.01507745851809</MAXBAS>
      <Cet>0</Cet>
      <PCALT>10</PCALT>
      <TCALT>0.6</TCALT>
      <Pelev>3022</Pelev>
      <Telev>3058</Telev>
      <PART>0.5</PART>
      <DELAY>1</DELAY>
    </SubCatchmentParameters>
    <SubCatchmentVegetationZone>
      <SubCatchmentVegetationZoneParameters>
        <TT>2.0471912770306893</TT>
        <CFMAX>2.3124082077135184</CFMAX>
        <SP>0</SP>
        <SFCF>0.62693034926542412</SFCF>
        <CFR>0.099999942841242459</CFR>
        <CWH>0.19999823568852693</CWH>
        <CFGlacier>1</CFGlacier>
        <CFSlope>1</CFSlope>
        <FC>448.47152191303149</FC>
        <LP>0.41083680030008</LP>
        <BETA>5.308174465268837</BETA>
      </SubCatchmentVegetationZoneParameters>
    </SubCatchmentVegetationZone>
  </SubCatchment>
</Catchment>