<?xml version="1.0" encoding="utf-8"?>
<Catchment xmlns:xsi="http://www.w3.org/2001/XMLSchema-instance" xmlns:xsd="http://www.w3.org/2001/XMLSchema">
  <CatchmentParameters>
    <KSI>0.001</KSI>
    <KGmin>0.05</KGmin>
    <RangeKG>0.1</RangeKG>
    <AG>0.1</AG>
    <PERC>8.55384310408374</PERC>
    <Alpha>0</Alpha>
    <UZL>87.908462852321648</UZL>
    <K0>0.13276685347696687</K0>
    <K1>0.22227590433432115</K1>
    <K2>0.11113005668638534</K2>
    <MAXBAS>1.7131537674741797</MAXBAS>
    <Cet>0</Cet>
    <PCALT>10</PCALT>
    <TCALT>0.6</TCALT>
    <Pelev>3022</Pelev>
    <Telev>3058</Telev>
    <PART>0.5</PART>
    <DELAY>1</DELAY>
  </CatchmentParameters>
  <VegetationZone>
    <VegetationZoneParameters>
      <TT>0.85660705308888585</TT>
      <CFMAX>1.4268663988261567</CFMAX>
      <SP>0</SP>
      <SFCF>0.61568126332709983</SFCF>
      <CFR>1.5107134323745204E-05</CFR>
      <CWH>0.19999850946484851</CWH>
      <CFGlacier>1</CFGlacier>
      <CFSlope>1</CFSlope>
      <FC>441.99132469703903</FC>
      <LP>0.40830466674171623</LP>
      <BETA>5.9999942526388645</BETA>
    </VegetationZoneParameters>
  </VegetationZone>
  <SubCatchment>
    <SubCatchmentParameters>
      <KSI>0.001</KSI>
      <KGmin>0.05</KGmin>
      <RangeKG>0.1</RangeKG>
      <AG>0.1</AG>
      <PERC>8.55384310408374</PERC>
      <Alpha>0</Alpha>
      <UZL>87.908462852321648</UZL>
      <K0>0.13276685347696687</K0>
      <K1>0.22227590433432115</K1>
      <K2>0.11113005668638534</K2>
      <MAXBAS>1.7131537674741797</MAXBAS>
      <Cet>0</Cet>
      <PCALT>10</PCALT>
      <TCALT>0.6</TCALT>
      <Pelev>3022</Pelev>
      <Telev>3058</Telev>
      <PART>0.5</PART>
      <DELAY>1</DELAY>
    </SubCatchmentParameters>
    <SubCatchmentVegetationZone>
      <SubCatchmentVegetationZoneParameters>
        <TT>0.85660705308888585</TT>
        <CFMAX>1.4268663988261567</CFMAX>
        <SP>0</SP>
        <SFCF>0.61568126332709983</SFCF>
        <CFR>1.5107134323745204E-05</CFR>
        <CWH>0.19999850946484851</CWH>
        <CFGlacier>1</CFGlacier>
        <CFSlope>1</CFSlope>
        <FC>441.99132469703903</FC>
        <LP>0.40830466674171623</LP>
        <BETA>5.9999942526388645</BETA>
      </SubCatchmentVegetationZoneParameters>
    </SubCatchmentVegetationZone>
  </SubCatchment>
</Catchment>