<?xml version="1.0" encoding="utf-8"?>
<Catchment xmlns:xsi="http://www.w3.org/2001/XMLSchema-instance" xmlns:xsd="http://www.w3.org/2001/XMLSchema">
  <CatchmentParameters>
    <KSI>0.001</KSI>
    <KGmin>0.05</KGmin>
    <RangeKG>0.1</RangeKG>
    <AG>0.1</AG>
    <PERC>9.9998008505333846</PERC>
    <Alpha>0</Alpha>
    <UZL>50.300025958215954</UZL>
    <K0>0.16277971227586713</K0>
    <K1>0.16432193791413102</K1>
    <K2>0.10752548283788552</K2>
    <MAXBAS>1.5050027110395536</MAXBAS>
    <Cet>0</Cet>
    <PCALT>10</PCALT>
    <TCALT>0.6</TCALT>
    <Pelev>3022</Pelev>
    <Telev>3058</Telev>
    <PART>0.5</PART>
    <DELAY>1</DELAY>
  </CatchmentParameters>
  <VegetationZone>
    <VegetationZoneParameters>
      <TT>1.877974751256174</TT>
      <CFMAX>2.2080139531539489</CFMAX>
      <SP>0</SP>
      <SFCF>0.664851091477314</SFCF>
      <CFR>0.099999689639183278</CFR>
      <CWH>0.19999872981994052</CWH>
      <CFGlacier>1</CFGlacier>
      <CFSlope>1</CFSlope>
      <FC>559.99925631497763</FC>
      <LP>0.47847749433816356</LP>
      <BETA>4.427008242763474</BETA>
    </VegetationZoneParameters>
  </VegetationZone>
  <SubCatchment>
    <SubCatchmentParameters>
      <KSI>0.001</KSI>
      <KGmin>0.05</KGmin>
      <RangeKG>0.1</RangeKG>
      <AG>0.1</AG>
      <PERC>9.9998008505333846</PERC>
      <Alpha>0</Alpha>
      <UZL>50.300025958215954</UZL>
      <K0>0.16277971227586713</K0>
      <K1>0.16432193791413102</K1>
      <K2>0.10752548283788552</K2>
      <MAXBAS>1.5050027110395536</MAXBAS>
      <Cet>0</Cet>
      <PCALT>10</PCALT>
      <TCALT>0.6</TCALT>
      <Pelev>3022</Pelev>
      <Telev>3058</Telev>
      <PART>0.5</PART>
      <DELAY>1</DELAY>
    </SubCatchmentParameters>
    <SubCatchmentVegetationZone>
      <SubCatchmentVegetationZoneParameters>
        <TT>1.877974751256174</TT>
        <CFMAX>2.2080139531539489</CFMAX>
        <SP>0</SP>
        <SFCF>0.664851091477314</SFCF>
        <CFR>0.099999689639183278</CFR>
        <CWH>0.19999872981994052</CWH>
        <CFGlacier>1</CFGlacier>
        <CFSlope>1</CFSlope>
        <FC>559.99925631497763</FC>
        <LP>0.47847749433816356</LP>
        <BETA>4.427008242763474</BETA>
      </SubCatchmentVegetationZoneParameters>
    </SubCatchmentVegetationZone>
  </SubCatchment>
</Catchment>