<?xml version="1.0" encoding="utf-8"?>
<Catchment xmlns:xsi="http://www.w3.org/2001/XMLSchema-instance" xmlns:xsd="http://www.w3.org/2001/XMLSchema">
  <CatchmentParameters>
    <KSI>0.001</KSI>
    <KGmin>0.05</KGmin>
    <RangeKG>0.1</RangeKG>
    <AG>0.1</AG>
    <PERC>0.0460215964471844</PERC>
    <Alpha>0</Alpha>
    <UZL>130.99624031205292</UZL>
    <K0>0.49764049741913763</K0>
    <K1>0.11946912384745474</K1>
    <K2>0.010000008450419011</K2>
    <MAXBAS>1</MAXBAS>
    <Cet>0</Cet>
    <PCALT>10</PCALT>
    <TCALT>0.6</TCALT>
    <Pelev>3022</Pelev>
    <Telev>3058</Telev>
    <PART>0.5</PART>
    <DELAY>1</DELAY>
  </CatchmentParameters>
  <VegetationZone>
    <VegetationZoneParameters>
      <TT>0.37922790331079809</TT>
      <CFMAX>1.5515740245591991</CFMAX>
      <SP>0</SP>
      <SFCF>0.71041679060842167</SFCF>
      <CFR>0.099993905772353758</CFR>
      <CWH>0.11457981769445153</CWH>
      <CFGlacier>1</CFGlacier>
      <CFSlope>1</CFSlope>
      <FC>704.81704409885731</FC>
      <LP>0.40330227973816174</LP>
      <BETA>4.6993610176739864</BETA>
    </VegetationZoneParameters>
  </VegetationZone>
  <SubCatchment>
    <SubCatchmentParameters>
      <KSI>0.001</KSI>
      <KGmin>0.05</KGmin>
      <RangeKG>0.1</RangeKG>
      <AG>0.1</AG>
      <PERC>0.0460215964471844</PERC>
      <Alpha>0</Alpha>
      <UZL>130.99624031205292</UZL>
      <K0>0.49764049741913763</K0>
      <K1>0.11946912384745474</K1>
      <K2>0.010000008450419011</K2>
      <MAXBAS>1</MAXBAS>
      <Cet>0</Cet>
      <PCALT>10</PCALT>
      <TCALT>0.6</TCALT>
      <Pelev>3022</Pelev>
      <Telev>3058</Telev>
      <PART>0.5</PART>
      <DELAY>1</DELAY>
    </SubCatchmentParameters>
    <SubCatchmentVegetationZone>
      <SubCatchmentVegetationZoneParameters>
        <TT>0.37922790331079809</TT>
        <CFMAX>1.5515740245591991</CFMAX>
        <SP>0</SP>
        <SFCF>0.71041679060842167</SFCF>
        <CFR>0.099993905772353758</CFR>
        <CWH>0.11457981769445153</CWH>
        <CFGlacier>1</CFGlacier>
        <CFSlope>1</CFSlope>
        <FC>704.81704409885731</FC>
        <LP>0.40330227973816174</LP>
        <BETA>4.6993610176739864</BETA>
      </SubCatchmentVegetationZoneParameters>
    </SubCatchmentVegetationZone>
  </SubCatchment>
</Catchment>