<?xml version="1.0" encoding="utf-8"?>
<Catchment xmlns:xsi="http://www.w3.org/2001/XMLSchema-instance" xmlns:xsd="http://www.w3.org/2001/XMLSchema">
  <CatchmentParameters>
    <KSI>0.001</KSI>
    <KGmin>0.05</KGmin>
    <RangeKG>0.1</RangeKG>
    <AG>0.1</AG>
    <PERC>0.0496247465879716</PERC>
    <Alpha>0</Alpha>
    <UZL>61.830914426965734</UZL>
    <K0>0.35118938250123394</K0>
    <K1>0.16558577771128341</K1>
    <K2>0.010001702591308261</K2>
    <MAXBAS>1</MAXBAS>
    <Cet>0</Cet>
    <PCALT>10</PCALT>
    <TCALT>0.6</TCALT>
    <Pelev>3022</Pelev>
    <Telev>3058</Telev>
    <PART>0.5</PART>
    <DELAY>1</DELAY>
  </CatchmentParameters>
  <VegetationZone>
    <VegetationZoneParameters>
      <TT>0.53727176403044341</TT>
      <CFMAX>1.1092665476903836</CFMAX>
      <SP>0</SP>
      <SFCF>0.60808282316889417</SFCF>
      <CFR>0.011697956227548259</CFR>
      <CWH>0.10002916893104992</CWH>
      <CFGlacier>1</CFGlacier>
      <CFSlope>1</CFSlope>
      <FC>651.48999363199562</FC>
      <LP>0.5452704001531824</LP>
      <BETA>5.2750111078484245</BETA>
    </VegetationZoneParameters>
  </VegetationZone>
  <SubCatchment>
    <SubCatchmentParameters>
      <KSI>0.001</KSI>
      <KGmin>0.05</KGmin>
      <RangeKG>0.1</RangeKG>
      <AG>0.1</AG>
      <PERC>0.0496247465879716</PERC>
      <Alpha>0</Alpha>
      <UZL>61.830914426965734</UZL>
      <K0>0.35118938250123394</K0>
      <K1>0.16558577771128341</K1>
      <K2>0.010001702591308261</K2>
      <MAXBAS>1</MAXBAS>
      <Cet>0</Cet>
      <PCALT>10</PCALT>
      <TCALT>0.6</TCALT>
      <Pelev>3022</Pelev>
      <Telev>3058</Telev>
      <PART>0.5</PART>
      <DELAY>1</DELAY>
    </SubCatchmentParameters>
    <SubCatchmentVegetationZone>
      <SubCatchmentVegetationZoneParameters>
        <TT>0.53727176403044341</TT>
        <CFMAX>1.1092665476903836</CFMAX>
        <SP>0</SP>
        <SFCF>0.60808282316889417</SFCF>
        <CFR>0.011697956227548259</CFR>
        <CWH>0.10002916893104992</CWH>
        <CFGlacier>1</CFGlacier>
        <CFSlope>1</CFSlope>
        <FC>651.48999363199562</FC>
        <LP>0.5452704001531824</LP>
        <BETA>5.2750111078484245</BETA>
      </SubCatchmentVegetationZoneParameters>
    </SubCatchmentVegetationZone>
  </SubCatchment>
</Catchment>