<?xml version="1.0" encoding="utf-8"?>
<Catchment xmlns:xsi="http://www.w3.org/2001/XMLSchema-instance" xmlns:xsd="http://www.w3.org/2001/XMLSchema">
  <CatchmentParameters>
    <KSI>0.001</KSI>
    <KGmin>0.05</KGmin>
    <RangeKG>0.1</RangeKG>
    <AG>0.1</AG>
    <PERC>9.99998214949286</PERC>
    <Alpha>0</Alpha>
    <UZL>184.979944010942</UZL>
    <K0>0.15851548051280981</K0>
    <K1>0.13675359106261087</K1>
    <K2>0.093578068416119917</K2>
    <MAXBAS>1.4748433408771007</MAXBAS>
    <Cet>0</Cet>
    <PCALT>10</PCALT>
    <TCALT>0.6</TCALT>
    <Pelev>3022</Pelev>
    <Telev>3058</Telev>
    <PART>0.5</PART>
    <DELAY>1</DELAY>
  </CatchmentParameters>
  <VegetationZone>
    <VegetationZoneParameters>
      <TT>1.5775387116051591</TT>
      <CFMAX>2.161031333609436</CFMAX>
      <SP>0</SP>
      <SFCF>0.67510259033028208</SFCF>
      <CFR>0.099710789402379388</CFR>
      <CWH>0.19999804765925047</CWH>
      <CFGlacier>1</CFGlacier>
      <CFSlope>1</CFSlope>
      <FC>602.85840082157745</FC>
      <LP>0.578140009321028</LP>
      <BETA>5.9999977052720705</BETA>
    </VegetationZoneParameters>
  </VegetationZone>
  <SubCatchment>
    <SubCatchmentParameters>
      <KSI>0.001</KSI>
      <KGmin>0.05</KGmin>
      <RangeKG>0.1</RangeKG>
      <AG>0.1</AG>
      <PERC>9.99998214949286</PERC>
      <Alpha>0</Alpha>
      <UZL>184.979944010942</UZL>
      <K0>0.15851548051280981</K0>
      <K1>0.13675359106261087</K1>
      <K2>0.093578068416119917</K2>
      <MAXBAS>1.4748433408771007</MAXBAS>
      <Cet>0</Cet>
      <PCALT>10</PCALT>
      <TCALT>0.6</TCALT>
      <Pelev>3022</Pelev>
      <Telev>3058</Telev>
      <PART>0.5</PART>
      <DELAY>1</DELAY>
    </SubCatchmentParameters>
    <SubCatchmentVegetationZone>
      <SubCatchmentVegetationZoneParameters>
        <TT>1.5775387116051591</TT>
        <CFMAX>2.161031333609436</CFMAX>
        <SP>0</SP>
        <SFCF>0.67510259033028208</SFCF>
        <CFR>0.099710789402379388</CFR>
        <CWH>0.19999804765925047</CWH>
        <CFGlacier>1</CFGlacier>
        <CFSlope>1</CFSlope>
        <FC>602.85840082157745</FC>
        <LP>0.578140009321028</LP>
        <BETA>5.9999977052720705</BETA>
      </SubCatchmentVegetationZoneParameters>
    </SubCatchmentVegetationZone>
  </SubCatchment>
</Catchment>