<?xml version="1.0" encoding="utf-8"?>
<Catchment xmlns:xsi="http://www.w3.org/2001/XMLSchema-instance" xmlns:xsd="http://www.w3.org/2001/XMLSchema">
  <CatchmentParameters>
    <KSI>0.001</KSI>
    <KGmin>0.05</KGmin>
    <RangeKG>0.1</RangeKG>
    <AG>0.1</AG>
    <PERC>0.04204837029048554</PERC>
    <Alpha>0</Alpha>
    <UZL>173.8136488011107</UZL>
    <K0>0.06916203069918421</K0>
    <K1>0.1388143033429371</K1>
    <K2>0.010000003920900766</K2>
    <MAXBAS>1</MAXBAS>
    <Cet>0</Cet>
    <PCALT>10</PCALT>
    <TCALT>0.6</TCALT>
    <Pelev>3022</Pelev>
    <Telev>3058</Telev>
    <PART>0.5</PART>
    <DELAY>1</DELAY>
  </CatchmentParameters>
  <VegetationZone>
    <VegetationZoneParameters>
      <TT>0.42627141445139133</TT>
      <CFMAX>1.3852936968553538</CFMAX>
      <SP>0</SP>
      <SFCF>0.69506024970204</SFCF>
      <CFR>0.03273295741400508</CFR>
      <CWH>0.12401956345848976</CWH>
      <CFGlacier>1</CFGlacier>
      <CFSlope>1</CFSlope>
      <FC>661.96520758607085</FC>
      <LP>0.34595312657959792</LP>
      <BETA>4.0042006776285</BETA>
    </VegetationZoneParameters>
  </VegetationZone>
  <SubCatchment>
    <SubCatchmentParameters>
      <KSI>0.001</KSI>
      <KGmin>0.05</KGmin>
      <RangeKG>0.1</RangeKG>
      <AG>0.1</AG>
      <PERC>0.04204837029048554</PERC>
      <Alpha>0</Alpha>
      <UZL>173.8136488011107</UZL>
      <K0>0.06916203069918421</K0>
      <K1>0.1388143033429371</K1>
      <K2>0.010000003920900766</K2>
      <MAXBAS>1</MAXBAS>
      <Cet>0</Cet>
      <PCALT>10</PCALT>
      <TCALT>0.6</TCALT>
      <Pelev>3022</Pelev>
      <Telev>3058</Telev>
      <PART>0.5</PART>
      <DELAY>1</DELAY>
    </SubCatchmentParameters>
    <SubCatchmentVegetationZone>
      <SubCatchmentVegetationZoneParameters>
        <TT>0.42627141445139133</TT>
        <CFMAX>1.3852936968553538</CFMAX>
        <SP>0</SP>
        <SFCF>0.69506024970204</SFCF>
        <CFR>0.03273295741400508</CFR>
        <CWH>0.12401956345848976</CWH>
        <CFGlacier>1</CFGlacier>
        <CFSlope>1</CFSlope>
        <FC>661.96520758607085</FC>
        <LP>0.34595312657959792</LP>
        <BETA>4.0042006776285</BETA>
      </SubCatchmentVegetationZoneParameters>
    </SubCatchmentVegetationZone>
  </SubCatchment>
</Catchment>