<?xml version="1.0" encoding="utf-8"?>
<Catchment xmlns:xsi="http://www.w3.org/2001/XMLSchema-instance" xmlns:xsd="http://www.w3.org/2001/XMLSchema">
  <CatchmentParameters>
    <KSI>0.001</KSI>
    <KGmin>0.05</KGmin>
    <RangeKG>0.1</RangeKG>
    <AG>0.1</AG>
    <PERC>9.9999884811456425</PERC>
    <Alpha>0</Alpha>
    <UZL>135.15391979844571</UZL>
    <K0>0.26312163914546022</K0>
    <K1>0.15406132605775602</K1>
    <K2>0.10430403914849455</K2>
    <MAXBAS>1.3452222120405235</MAXBAS>
    <Cet>0</Cet>
    <PCALT>10</PCALT>
    <TCALT>0.6</TCALT>
    <Pelev>3022</Pelev>
    <Telev>3058</Telev>
    <PART>0.5</PART>
    <DELAY>1</DELAY>
  </CatchmentParameters>
  <VegetationZone>
    <VegetationZoneParameters>
      <TT>1.9771722850030655</TT>
      <CFMAX>2.1392167376197659</CFMAX>
      <SP>0</SP>
      <SFCF>0.61933966229100523</SFCF>
      <CFR>0.099998302742327724</CFR>
      <CWH>0.19999350735358645</CWH>
      <CFGlacier>1</CFGlacier>
      <CFSlope>1</CFSlope>
      <FC>561.79010256473725</FC>
      <LP>0.63836353615448393</LP>
      <BETA>5.9999623268763447</BETA>
    </VegetationZoneParameters>
  </VegetationZone>
  <SubCatchment>
    <SubCatchmentParameters>
      <KSI>0.001</KSI>
      <KGmin>0.05</KGmin>
      <RangeKG>0.1</RangeKG>
      <AG>0.1</AG>
      <PERC>9.9999884811456425</PERC>
      <Alpha>0</Alpha>
      <UZL>135.15391979844571</UZL>
      <K0>0.26312163914546022</K0>
      <K1>0.15406132605775602</K1>
      <K2>0.10430403914849455</K2>
      <MAXBAS>1.3452222120405235</MAXBAS>
      <Cet>0</Cet>
      <PCALT>10</PCALT>
      <TCALT>0.6</TCALT>
      <Pelev>3022</Pelev>
      <Telev>3058</Telev>
      <PART>0.5</PART>
      <DELAY>1</DELAY>
    </SubCatchmentParameters>
    <SubCatchmentVegetationZone>
      <SubCatchmentVegetationZoneParameters>
        <TT>1.9771722850030655</TT>
        <CFMAX>2.1392167376197659</CFMAX>
        <SP>0</SP>
        <SFCF>0.61933966229100523</SFCF>
        <CFR>0.099998302742327724</CFR>
        <CWH>0.19999350735358645</CWH>
        <CFGlacier>1</CFGlacier>
        <CFSlope>1</CFSlope>
        <FC>561.79010256473725</FC>
        <LP>0.63836353615448393</LP>
        <BETA>5.9999623268763447</BETA>
      </SubCatchmentVegetationZoneParameters>
    </SubCatchmentVegetationZone>
  </SubCatchment>
</Catchment>