<?xml version="1.0" encoding="utf-8"?>
<Catchment xmlns:xsi="http://www.w3.org/2001/XMLSchema-instance" xmlns:xsd="http://www.w3.org/2001/XMLSchema">
  <CatchmentParameters>
    <KSI>0.001</KSI>
    <KGmin>0.05</KGmin>
    <RangeKG>0.1</RangeKG>
    <AG>0.1</AG>
    <PERC>0.05494628941832707</PERC>
    <Alpha>0</Alpha>
    <UZL>83.516900012587257</UZL>
    <K0>0.50263730248238458</K0>
    <K1>0.11909551175783227</K1>
    <K2>0.014594235589360577</K2>
    <MAXBAS>1</MAXBAS>
    <Cet>0</Cet>
    <PCALT>10</PCALT>
    <TCALT>0.6</TCALT>
    <Pelev>3022</Pelev>
    <Telev>3058</Telev>
    <PART>0.5</PART>
    <DELAY>1</DELAY>
  </CatchmentParameters>
  <VegetationZone>
    <VegetationZoneParameters>
      <TT>0.74187588749678957</TT>
      <CFMAX>1.6181890341514944</CFMAX>
      <SP>0</SP>
      <SFCF>0.69140732592679544</SFCF>
      <CFR>0.058284561211728411</CFR>
      <CWH>0.1000002507910672</CWH>
      <CFGlacier>1</CFGlacier>
      <CFSlope>1</CFSlope>
      <FC>701.5785477398357</FC>
      <LP>0.428956885030511</LP>
      <BETA>4.2054813465443219</BETA>
    </VegetationZoneParameters>
  </VegetationZone>
  <SubCatchment>
    <SubCatchmentParameters>
      <KSI>0.001</KSI>
      <KGmin>0.05</KGmin>
      <RangeKG>0.1</RangeKG>
      <AG>0.1</AG>
      <PERC>0.05494628941832707</PERC>
      <Alpha>0</Alpha>
      <UZL>83.516900012587257</UZL>
      <K0>0.50263730248238458</K0>
      <K1>0.11909551175783227</K1>
      <K2>0.014594235589360577</K2>
      <MAXBAS>1</MAXBAS>
      <Cet>0</Cet>
      <PCALT>10</PCALT>
      <TCALT>0.6</TCALT>
      <Pelev>3022</Pelev>
      <Telev>3058</Telev>
      <PART>0.5</PART>
      <DELAY>1</DELAY>
    </SubCatchmentParameters>
    <SubCatchmentVegetationZone>
      <SubCatchmentVegetationZoneParameters>
        <TT>0.74187588749678957</TT>
        <CFMAX>1.6181890341514944</CFMAX>
        <SP>0</SP>
        <SFCF>0.69140732592679544</SFCF>
        <CFR>0.058284561211728411</CFR>
        <CWH>0.1000002507910672</CWH>
        <CFGlacier>1</CFGlacier>
        <CFSlope>1</CFSlope>
        <FC>701.5785477398357</FC>
        <LP>0.428956885030511</LP>
        <BETA>4.2054813465443219</BETA>
      </SubCatchmentVegetationZoneParameters>
    </SubCatchmentVegetationZone>
  </SubCatchment>
</Catchment>