<?xml version="1.0" encoding="utf-8"?>
<Catchment xmlns:xsi="http://www.w3.org/2001/XMLSchema-instance" xmlns:xsd="http://www.w3.org/2001/XMLSchema">
  <CatchmentParameters>
    <KSI>0.001</KSI>
    <KGmin>0.05</KGmin>
    <RangeKG>0.1</RangeKG>
    <AG>0.1</AG>
    <PERC>9.9999988586913382</PERC>
    <Alpha>0</Alpha>
    <UZL>48.691932774965984</UZL>
    <K0>0.52614993803376953</K0>
    <K1>0.10604358742106021</K1>
    <K2>0.084418686371522181</K2>
    <MAXBAS>1.455097337843104</MAXBAS>
    <Cet>0</Cet>
    <PCALT>10</PCALT>
    <TCALT>0.6</TCALT>
    <Pelev>3022</Pelev>
    <Telev>3058</Telev>
    <PART>0.5</PART>
    <DELAY>1</DELAY>
  </CatchmentParameters>
  <VegetationZone>
    <VegetationZoneParameters>
      <TT>1.2691566279893227</TT>
      <CFMAX>2.0226161700582024</CFMAX>
      <SP>0</SP>
      <SFCF>0.67255146438565172</SFCF>
      <CFR>0.09999998997726442</CFR>
      <CWH>0.19999442906193088</CWH>
      <CFGlacier>1</CFGlacier>
      <CFSlope>1</CFSlope>
      <FC>460.70127646552896</FC>
      <LP>0.38511461851591711</LP>
      <BETA>5.830040081065782</BETA>
    </VegetationZoneParameters>
  </VegetationZone>
  <SubCatchment>
    <SubCatchmentParameters>
      <KSI>0.001</KSI>
      <KGmin>0.05</KGmin>
      <RangeKG>0.1</RangeKG>
      <AG>0.1</AG>
      <PERC>9.9999988586913382</PERC>
      <Alpha>0</Alpha>
      <UZL>48.691932774965984</UZL>
      <K0>0.52614993803376953</K0>
      <K1>0.10604358742106021</K1>
      <K2>0.084418686371522181</K2>
      <MAXBAS>1.455097337843104</MAXBAS>
      <Cet>0</Cet>
      <PCALT>10</PCALT>
      <TCALT>0.6</TCALT>
      <Pelev>3022</Pelev>
      <Telev>3058</Telev>
      <PART>0.5</PART>
      <DELAY>1</DELAY>
    </SubCatchmentParameters>
    <SubCatchmentVegetationZone>
      <SubCatchmentVegetationZoneParameters>
        <TT>1.2691566279893227</TT>
        <CFMAX>2.0226161700582024</CFMAX>
        <SP>0</SP>
        <SFCF>0.67255146438565172</SFCF>
        <CFR>0.09999998997726442</CFR>
        <CWH>0.19999442906193088</CWH>
        <CFGlacier>1</CFGlacier>
        <CFSlope>1</CFSlope>
        <FC>460.70127646552896</FC>
        <LP>0.38511461851591711</LP>
        <BETA>5.830040081065782</BETA>
      </SubCatchmentVegetationZoneParameters>
    </SubCatchmentVegetationZone>
  </SubCatchment>
</Catchment>