<?xml version="1.0" encoding="utf-8"?>
<Catchment xmlns:xsi="http://www.w3.org/2001/XMLSchema-instance" xmlns:xsd="http://www.w3.org/2001/XMLSchema">
  <CatchmentParameters>
    <KSI>0.001</KSI>
    <KGmin>0.05</KGmin>
    <RangeKG>0.1</RangeKG>
    <AG>0.1</AG>
    <PERC>0.050634655089509775</PERC>
    <Alpha>0</Alpha>
    <UZL>164.37093385591581</UZL>
    <K0>0.523684192206897</K0>
    <K1>0.133926634346961</K1>
    <K2>0.010000004968545358</K2>
    <MAXBAS>1</MAXBAS>
    <Cet>0</Cet>
    <PCALT>10</PCALT>
    <TCALT>0.6</TCALT>
    <Pelev>3022</Pelev>
    <Telev>3058</Telev>
    <PART>0.5</PART>
    <DELAY>1</DELAY>
  </CatchmentParameters>
  <VegetationZone>
    <VegetationZoneParameters>
      <TT>0.578868622809987</TT>
      <CFMAX>1.41069339593457</CFMAX>
      <SP>0</SP>
      <SFCF>0.6629828223628873</SFCF>
      <CFR>0.050110234802341405</CFR>
      <CWH>0.10000019151306203</CWH>
      <CFGlacier>1</CFGlacier>
      <CFSlope>1</CFSlope>
      <FC>667.00925701784161</FC>
      <LP>0.5010387769676008</LP>
      <BETA>5.5718968801538038</BETA>
    </VegetationZoneParameters>
  </VegetationZone>
  <SubCatchment>
    <SubCatchmentParameters>
      <KSI>0.001</KSI>
      <KGmin>0.05</KGmin>
      <RangeKG>0.1</RangeKG>
      <AG>0.1</AG>
      <PERC>0.050634655089509775</PERC>
      <Alpha>0</Alpha>
      <UZL>164.37093385591581</UZL>
      <K0>0.523684192206897</K0>
      <K1>0.133926634346961</K1>
      <K2>0.010000004968545358</K2>
      <MAXBAS>1</MAXBAS>
      <Cet>0</Cet>
      <PCALT>10</PCALT>
      <TCALT>0.6</TCALT>
      <Pelev>3022</Pelev>
      <Telev>3058</Telev>
      <PART>0.5</PART>
      <DELAY>1</DELAY>
    </SubCatchmentParameters>
    <SubCatchmentVegetationZone>
      <SubCatchmentVegetationZoneParameters>
        <TT>0.578868622809987</TT>
        <CFMAX>1.41069339593457</CFMAX>
        <SP>0</SP>
        <SFCF>0.6629828223628873</SFCF>
        <CFR>0.050110234802341405</CFR>
        <CWH>0.10000019151306203</CWH>
        <CFGlacier>1</CFGlacier>
        <CFSlope>1</CFSlope>
        <FC>667.00925701784161</FC>
        <LP>0.5010387769676008</LP>
        <BETA>5.5718968801538038</BETA>
      </SubCatchmentVegetationZoneParameters>
    </SubCatchmentVegetationZone>
  </SubCatchment>
</Catchment>