<?xml version="1.0" encoding="utf-8"?>
<Catchment xmlns:xsi="http://www.w3.org/2001/XMLSchema-instance" xmlns:xsd="http://www.w3.org/2001/XMLSchema">
  <CatchmentParameters>
    <KSI>0.001</KSI>
    <KGmin>0.05</KGmin>
    <RangeKG>0.1</RangeKG>
    <AG>0.1</AG>
    <PERC>9.9999631567611047</PERC>
    <Alpha>0</Alpha>
    <UZL>142.96700454974342</UZL>
    <K0>0.59620063402627277</K0>
    <K1>0.1634367495849654</K1>
    <K2>0.10614525951439077</K2>
    <MAXBAS>1.5850104450836924</MAXBAS>
    <Cet>0</Cet>
    <PCALT>10</PCALT>
    <TCALT>0.6</TCALT>
    <Pelev>3022</Pelev>
    <Telev>3058</Telev>
    <PART>0.5</PART>
    <DELAY>1</DELAY>
  </CatchmentParameters>
  <VegetationZone>
    <VegetationZoneParameters>
      <TT>1.6599987812886925</TT>
      <CFMAX>1.9706480747123718</CFMAX>
      <SP>0</SP>
      <SFCF>0.6396433689834099</SFCF>
      <CFR>0.099999744651696851</CFR>
      <CWH>0.19999868488784683</CWH>
      <CFGlacier>1</CFGlacier>
      <CFSlope>1</CFSlope>
      <FC>524.32086648839049</FC>
      <LP>0.50374211627469234</LP>
      <BETA>5.2257145709670185</BETA>
    </VegetationZoneParameters>
  </VegetationZone>
  <SubCatchment>
    <SubCatchmentParameters>
      <KSI>0.001</KSI>
      <KGmin>0.05</KGmin>
      <RangeKG>0.1</RangeKG>
      <AG>0.1</AG>
      <PERC>9.9999631567611047</PERC>
      <Alpha>0</Alpha>
      <UZL>142.96700454974342</UZL>
      <K0>0.59620063402627277</K0>
      <K1>0.1634367495849654</K1>
      <K2>0.10614525951439077</K2>
      <MAXBAS>1.5850104450836924</MAXBAS>
      <Cet>0</Cet>
      <PCALT>10</PCALT>
      <TCALT>0.6</TCALT>
      <Pelev>3022</Pelev>
      <Telev>3058</Telev>
      <PART>0.5</PART>
      <DELAY>1</DELAY>
    </SubCatchmentParameters>
    <SubCatchmentVegetationZone>
      <SubCatchmentVegetationZoneParameters>
        <TT>1.6599987812886925</TT>
        <CFMAX>1.9706480747123718</CFMAX>
        <SP>0</SP>
        <SFCF>0.6396433689834099</SFCF>
        <CFR>0.099999744651696851</CFR>
        <CWH>0.19999868488784683</CWH>
        <CFGlacier>1</CFGlacier>
        <CFSlope>1</CFSlope>
        <FC>524.32086648839049</FC>
        <LP>0.50374211627469234</LP>
        <BETA>5.2257145709670185</BETA>
      </SubCatchmentVegetationZoneParameters>
    </SubCatchmentVegetationZone>
  </SubCatchment>
</Catchment>