<?xml version="1.0" encoding="utf-8"?>
<Catchment xmlns:xsi="http://www.w3.org/2001/XMLSchema-instance" xmlns:xsd="http://www.w3.org/2001/XMLSchema">
  <CatchmentParameters>
    <KSI>0.001</KSI>
    <KGmin>0.05</KGmin>
    <RangeKG>0.1</RangeKG>
    <AG>0.1</AG>
    <PERC>2.0512770464555503</PERC>
    <Alpha>0</Alpha>
    <UZL>166.21798225297096</UZL>
    <K0>0.79034349144545724</K0>
    <K1>0.088617604714241113</K1>
    <K2>0.13027755501759203</K2>
    <MAXBAS>1.0049711373495398</MAXBAS>
    <Cet>0</Cet>
    <PCALT>10</PCALT>
    <TCALT>0.6</TCALT>
    <Pelev>3022</Pelev>
    <Telev>3058</Telev>
    <PART>0.5</PART>
    <DELAY>1</DELAY>
  </CatchmentParameters>
  <VegetationZone>
    <VegetationZoneParameters>
      <TT>2.3492496789074768</TT>
      <CFMAX>2.1066686620268871</CFMAX>
      <SP>0</SP>
      <SFCF>0.52247032979798147</SFCF>
      <CFR>0.09880705451443722</CFR>
      <CWH>0.1999990990185635</CWH>
      <CFGlacier>1</CFGlacier>
      <CFSlope>1</CFSlope>
      <FC>393.63867214265952</FC>
      <LP>0.62664066030088539</LP>
      <BETA>5.999983500307339</BETA>
    </VegetationZoneParameters>
  </VegetationZone>
  <SubCatchment>
    <SubCatchmentParameters>
      <KSI>0.001</KSI>
      <KGmin>0.05</KGmin>
      <RangeKG>0.1</RangeKG>
      <AG>0.1</AG>
      <PERC>2.0512770464555503</PERC>
      <Alpha>0</Alpha>
      <UZL>166.21798225297096</UZL>
      <K0>0.79034349144545724</K0>
      <K1>0.088617604714241113</K1>
      <K2>0.13027755501759203</K2>
      <MAXBAS>1.0049711373495398</MAXBAS>
      <Cet>0</Cet>
      <PCALT>10</PCALT>
      <TCALT>0.6</TCALT>
      <Pelev>3022</Pelev>
      <Telev>3058</Telev>
      <PART>0.5</PART>
      <DELAY>1</DELAY>
    </SubCatchmentParameters>
    <SubCatchmentVegetationZone>
      <SubCatchmentVegetationZoneParameters>
        <TT>2.3492496789074768</TT>
        <CFMAX>2.1066686620268871</CFMAX>
        <SP>0</SP>
        <SFCF>0.52247032979798147</SFCF>
        <CFR>0.09880705451443722</CFR>
        <CWH>0.1999990990185635</CWH>
        <CFGlacier>1</CFGlacier>
        <CFSlope>1</CFSlope>
        <FC>393.63867214265952</FC>
        <LP>0.62664066030088539</LP>
        <BETA>5.999983500307339</BETA>
      </SubCatchmentVegetationZoneParameters>
    </SubCatchmentVegetationZone>
  </SubCatchment>
</Catchment>