<?xml version="1.0" encoding="utf-8"?>
<Catchment xmlns:xsi="http://www.w3.org/2001/XMLSchema-instance" xmlns:xsd="http://www.w3.org/2001/XMLSchema">
  <CatchmentParameters>
    <KSI>0.001</KSI>
    <KGmin>0.05</KGmin>
    <RangeKG>0.1</RangeKG>
    <AG>0.1</AG>
    <PERC>0.044065955682500824</PERC>
    <Alpha>0</Alpha>
    <UZL>197.3888573911423</UZL>
    <K0>0.270349284876329</K0>
    <K1>0.11608814263093206</K1>
    <K2>0.010000003744387483</K2>
    <MAXBAS>1</MAXBAS>
    <Cet>0</Cet>
    <PCALT>10</PCALT>
    <TCALT>0.6</TCALT>
    <Pelev>3022</Pelev>
    <Telev>3058</Telev>
    <PART>0.5</PART>
    <DELAY>1</DELAY>
  </CatchmentParameters>
  <VegetationZone>
    <VegetationZoneParameters>
      <TT>0.54621804891999526</TT>
      <CFMAX>1.681616506523576</CFMAX>
      <SP>0</SP>
      <SFCF>0.72125101141293213</SFCF>
      <CFR>0.059984621315001839</CFR>
      <CWH>0.10842797101433702</CWH>
      <CFGlacier>1</CFGlacier>
      <CFSlope>1</CFSlope>
      <FC>784.26636188615248</FC>
      <LP>0.49168947925158779</LP>
      <BETA>5.5178371505548</BETA>
    </VegetationZoneParameters>
  </VegetationZone>
  <SubCatchment>
    <SubCatchmentParameters>
      <KSI>0.001</KSI>
      <KGmin>0.05</KGmin>
      <RangeKG>0.1</RangeKG>
      <AG>0.1</AG>
      <PERC>0.044065955682500824</PERC>
      <Alpha>0</Alpha>
      <UZL>197.3888573911423</UZL>
      <K0>0.270349284876329</K0>
      <K1>0.11608814263093206</K1>
      <K2>0.010000003744387483</K2>
      <MAXBAS>1</MAXBAS>
      <Cet>0</Cet>
      <PCALT>10</PCALT>
      <TCALT>0.6</TCALT>
      <Pelev>3022</Pelev>
      <Telev>3058</Telev>
      <PART>0.5</PART>
      <DELAY>1</DELAY>
    </SubCatchmentParameters>
    <SubCatchmentVegetationZone>
      <SubCatchmentVegetationZoneParameters>
        <TT>0.54621804891999526</TT>
        <CFMAX>1.681616506523576</CFMAX>
        <SP>0</SP>
        <SFCF>0.72125101141293213</SFCF>
        <CFR>0.059984621315001839</CFR>
        <CWH>0.10842797101433702</CWH>
        <CFGlacier>1</CFGlacier>
        <CFSlope>1</CFSlope>
        <FC>784.26636188615248</FC>
        <LP>0.49168947925158779</LP>
        <BETA>5.5178371505548</BETA>
      </SubCatchmentVegetationZoneParameters>
    </SubCatchmentVegetationZone>
  </SubCatchment>
</Catchment>