<?xml version="1.0" encoding="utf-8"?>
<Catchment xmlns:xsi="http://www.w3.org/2001/XMLSchema-instance" xmlns:xsd="http://www.w3.org/2001/XMLSchema">
  <CatchmentParameters>
    <KSI>0.001</KSI>
    <KGmin>0.05</KGmin>
    <RangeKG>0.1</RangeKG>
    <AG>0.1</AG>
    <PERC>6.5553275838386629</PERC>
    <Alpha>0</Alpha>
    <UZL>98.461167579989208</UZL>
    <K0>0.52761639437218144</K0>
    <K1>0.0740080677113471</K1>
    <K2>0.08962926076090659</K2>
    <MAXBAS>1.4148784212756362</MAXBAS>
    <Cet>0</Cet>
    <PCALT>10</PCALT>
    <TCALT>0.6</TCALT>
    <Pelev>3022</Pelev>
    <Telev>3058</Telev>
    <PART>0.5</PART>
    <DELAY>1</DELAY>
  </CatchmentParameters>
  <VegetationZone>
    <VegetationZoneParameters>
      <TT>1.8909625695818753</TT>
      <CFMAX>2.1393517574670415</CFMAX>
      <SP>0</SP>
      <SFCF>0.59890974628623384</SFCF>
      <CFR>0.099999753105498551</CFR>
      <CWH>0.19999834616492279</CWH>
      <CFGlacier>1</CFGlacier>
      <CFSlope>1</CFSlope>
      <FC>401.589119852231</FC>
      <LP>0.44097748169055695</LP>
      <BETA>5.9999704219654753</BETA>
    </VegetationZoneParameters>
  </VegetationZone>
  <SubCatchment>
    <SubCatchmentParameters>
      <KSI>0.001</KSI>
      <KGmin>0.05</KGmin>
      <RangeKG>0.1</RangeKG>
      <AG>0.1</AG>
      <PERC>6.5553275838386629</PERC>
      <Alpha>0</Alpha>
      <UZL>98.461167579989208</UZL>
      <K0>0.52761639437218144</K0>
      <K1>0.0740080677113471</K1>
      <K2>0.08962926076090659</K2>
      <MAXBAS>1.4148784212756362</MAXBAS>
      <Cet>0</Cet>
      <PCALT>10</PCALT>
      <TCALT>0.6</TCALT>
      <Pelev>3022</Pelev>
      <Telev>3058</Telev>
      <PART>0.5</PART>
      <DELAY>1</DELAY>
    </SubCatchmentParameters>
    <SubCatchmentVegetationZone>
      <SubCatchmentVegetationZoneParameters>
        <TT>1.8909625695818753</TT>
        <CFMAX>2.1393517574670415</CFMAX>
        <SP>0</SP>
        <SFCF>0.59890974628623384</SFCF>
        <CFR>0.099999753105498551</CFR>
        <CWH>0.19999834616492279</CWH>
        <CFGlacier>1</CFGlacier>
        <CFSlope>1</CFSlope>
        <FC>401.589119852231</FC>
        <LP>0.44097748169055695</LP>
        <BETA>5.9999704219654753</BETA>
      </SubCatchmentVegetationZoneParameters>
    </SubCatchmentVegetationZone>
  </SubCatchment>
</Catchment>