<?xml version="1.0" encoding="utf-8"?>
<Catchment xmlns:xsi="http://www.w3.org/2001/XMLSchema-instance" xmlns:xsd="http://www.w3.org/2001/XMLSchema">
  <CatchmentParameters>
    <KSI>0.001</KSI>
    <KGmin>0.05</KGmin>
    <RangeKG>0.1</RangeKG>
    <AG>0.1</AG>
    <PERC>6.36289572661513</PERC>
    <Alpha>0</Alpha>
    <UZL>172.55751205659581</UZL>
    <K0>0.57454186205716751</K0>
    <K1>0.078430582719754144</K1>
    <K2>0.10005424784065303</K2>
    <MAXBAS>1.2497976491943408</MAXBAS>
    <Cet>0</Cet>
    <PCALT>10</PCALT>
    <TCALT>0.6</TCALT>
    <Pelev>3022</Pelev>
    <Telev>3058</Telev>
    <PART>0.5</PART>
    <DELAY>1</DELAY>
  </CatchmentParameters>
  <VegetationZone>
    <VegetationZoneParameters>
      <TT>2.4463250603135349</TT>
      <CFMAX>2.8873922734045507</CFMAX>
      <SP>0</SP>
      <SFCF>0.66389382345800163</SFCF>
      <CFR>0.099999501626161988</CFR>
      <CWH>0.1999969146888663</CWH>
      <CFGlacier>1</CFGlacier>
      <CFSlope>1</CFSlope>
      <FC>563.74376383496769</FC>
      <LP>0.56488714769227422</LP>
      <BETA>5.9993971648605218</BETA>
    </VegetationZoneParameters>
  </VegetationZone>
  <SubCatchment>
    <SubCatchmentParameters>
      <KSI>0.001</KSI>
      <KGmin>0.05</KGmin>
      <RangeKG>0.1</RangeKG>
      <AG>0.1</AG>
      <PERC>6.36289572661513</PERC>
      <Alpha>0</Alpha>
      <UZL>172.55751205659581</UZL>
      <K0>0.57454186205716751</K0>
      <K1>0.078430582719754144</K1>
      <K2>0.10005424784065303</K2>
      <MAXBAS>1.2497976491943408</MAXBAS>
      <Cet>0</Cet>
      <PCALT>10</PCALT>
      <TCALT>0.6</TCALT>
      <Pelev>3022</Pelev>
      <Telev>3058</Telev>
      <PART>0.5</PART>
      <DELAY>1</DELAY>
    </SubCatchmentParameters>
    <SubCatchmentVegetationZone>
      <SubCatchmentVegetationZoneParameters>
        <TT>2.4463250603135349</TT>
        <CFMAX>2.8873922734045507</CFMAX>
        <SP>0</SP>
        <SFCF>0.66389382345800163</SFCF>
        <CFR>0.099999501626161988</CFR>
        <CWH>0.1999969146888663</CWH>
        <CFGlacier>1</CFGlacier>
        <CFSlope>1</CFSlope>
        <FC>563.74376383496769</FC>
        <LP>0.56488714769227422</LP>
        <BETA>5.9993971648605218</BETA>
      </SubCatchmentVegetationZoneParameters>
    </SubCatchmentVegetationZone>
  </SubCatchment>
</Catchment>