<?xml version="1.0" encoding="utf-8"?>
<Catchment xmlns:xsi="http://www.w3.org/2001/XMLSchema-instance" xmlns:xsd="http://www.w3.org/2001/XMLSchema">
  <CatchmentParameters>
    <KSI>0.001</KSI>
    <KGmin>0.05</KGmin>
    <RangeKG>0.1</RangeKG>
    <AG>0.1</AG>
    <PERC>2.0373657771190161</PERC>
    <Alpha>0</Alpha>
    <UZL>145.62291243540119</UZL>
    <K0>0.29849787104721631</K0>
    <K1>0.0798878276119433</K1>
    <K2>0.14817134172969587</K2>
    <MAXBAS>1.524684853578266</MAXBAS>
    <Cet>0</Cet>
    <PCALT>10</PCALT>
    <TCALT>0.6</TCALT>
    <Pelev>3022</Pelev>
    <Telev>3058</Telev>
    <PART>0.5</PART>
    <DELAY>1</DELAY>
  </CatchmentParameters>
  <VegetationZone>
    <VegetationZoneParameters>
      <TT>2.454813930778653</TT>
      <CFMAX>2.768156221924575</CFMAX>
      <SP>0</SP>
      <SFCF>0.63722250847088657</SFCF>
      <CFR>0.088225694523533557</CFR>
      <CWH>0.19999759007955881</CWH>
      <CFGlacier>1</CFGlacier>
      <CFSlope>1</CFSlope>
      <FC>505.79242122738628</FC>
      <LP>0.56797491466533023</LP>
      <BETA>5.9999276753141633</BETA>
    </VegetationZoneParameters>
  </VegetationZone>
  <SubCatchment>
    <SubCatchmentParameters>
      <KSI>0.001</KSI>
      <KGmin>0.05</KGmin>
      <RangeKG>0.1</RangeKG>
      <AG>0.1</AG>
      <PERC>2.0373657771190161</PERC>
      <Alpha>0</Alpha>
      <UZL>145.62291243540119</UZL>
      <K0>0.29849787104721631</K0>
      <K1>0.0798878276119433</K1>
      <K2>0.14817134172969587</K2>
      <MAXBAS>1.524684853578266</MAXBAS>
      <Cet>0</Cet>
      <PCALT>10</PCALT>
      <TCALT>0.6</TCALT>
      <Pelev>3022</Pelev>
      <Telev>3058</Telev>
      <PART>0.5</PART>
      <DELAY>1</DELAY>
    </SubCatchmentParameters>
    <SubCatchmentVegetationZone>
      <SubCatchmentVegetationZoneParameters>
        <TT>2.454813930778653</TT>
        <CFMAX>2.768156221924575</CFMAX>
        <SP>0</SP>
        <SFCF>0.63722250847088657</SFCF>
        <CFR>0.088225694523533557</CFR>
        <CWH>0.19999759007955881</CWH>
        <CFGlacier>1</CFGlacier>
        <CFSlope>1</CFSlope>
        <FC>505.79242122738628</FC>
        <LP>0.56797491466533023</LP>
        <BETA>5.9999276753141633</BETA>
      </SubCatchmentVegetationZoneParameters>
    </SubCatchmentVegetationZone>
  </SubCatchment>
</Catchment>