<?xml version="1.0" encoding="utf-8"?>
<Catchment xmlns:xsi="http://www.w3.org/2001/XMLSchema-instance" xmlns:xsd="http://www.w3.org/2001/XMLSchema">
  <CatchmentParameters>
    <KSI>0.001</KSI>
    <KGmin>0.05</KGmin>
    <RangeKG>0.1</RangeKG>
    <AG>0.1</AG>
    <PERC>0.042843050804212628</PERC>
    <Alpha>0</Alpha>
    <UZL>199.99876548203216</UZL>
    <K0>0.43140535995230611</K0>
    <K1>0.14337307618726883</K1>
    <K2>0.010000009953267693</K2>
    <MAXBAS>1</MAXBAS>
    <Cet>0</Cet>
    <PCALT>10</PCALT>
    <TCALT>0.6</TCALT>
    <Pelev>3022</Pelev>
    <Telev>3058</Telev>
    <PART>0.5</PART>
    <DELAY>1</DELAY>
  </CatchmentParameters>
  <VegetationZone>
    <VegetationZoneParameters>
      <TT>1.3045098361453369</TT>
      <CFMAX>1.6565905463833912</CFMAX>
      <SP>0</SP>
      <SFCF>0.6654169371344687</SFCF>
      <CFR>0.02282148330521705</CFR>
      <CWH>0.10000008939955436</CWH>
      <CFGlacier>1</CFGlacier>
      <CFSlope>1</CFSlope>
      <FC>705.2285368811747</FC>
      <LP>0.48185455196502436</LP>
      <BETA>4.2159849873083948</BETA>
    </VegetationZoneParameters>
  </VegetationZone>
  <SubCatchment>
    <SubCatchmentParameters>
      <KSI>0.001</KSI>
      <KGmin>0.05</KGmin>
      <RangeKG>0.1</RangeKG>
      <AG>0.1</AG>
      <PERC>0.042843050804212628</PERC>
      <Alpha>0</Alpha>
      <UZL>199.99876548203216</UZL>
      <K0>0.43140535995230611</K0>
      <K1>0.14337307618726883</K1>
      <K2>0.010000009953267693</K2>
      <MAXBAS>1</MAXBAS>
      <Cet>0</Cet>
      <PCALT>10</PCALT>
      <TCALT>0.6</TCALT>
      <Pelev>3022</Pelev>
      <Telev>3058</Telev>
      <PART>0.5</PART>
      <DELAY>1</DELAY>
    </SubCatchmentParameters>
    <SubCatchmentVegetationZone>
      <SubCatchmentVegetationZoneParameters>
        <TT>1.3045098361453369</TT>
        <CFMAX>1.6565905463833912</CFMAX>
        <SP>0</SP>
        <SFCF>0.6654169371344687</SFCF>
        <CFR>0.02282148330521705</CFR>
        <CWH>0.10000008939955436</CWH>
        <CFGlacier>1</CFGlacier>
        <CFSlope>1</CFSlope>
        <FC>705.2285368811747</FC>
        <LP>0.48185455196502436</LP>
        <BETA>4.2159849873083948</BETA>
      </SubCatchmentVegetationZoneParameters>
    </SubCatchmentVegetationZone>
  </SubCatchment>
</Catchment>