<?xml version="1.0" encoding="utf-8"?>
<Catchment xmlns:xsi="http://www.w3.org/2001/XMLSchema-instance" xmlns:xsd="http://www.w3.org/2001/XMLSchema">
  <CatchmentParameters>
    <KSI>0.001</KSI>
    <KGmin>0.05</KGmin>
    <RangeKG>0.1</RangeKG>
    <AG>0.1</AG>
    <PERC>6.57441018644562</PERC>
    <Alpha>0</Alpha>
    <UZL>154.22654151895245</UZL>
    <K0>0.49492556026268492</K0>
    <K1>0.093505975955271076</K1>
    <K2>0.0986195494336394</K2>
    <MAXBAS>1.0149367580161977</MAXBAS>
    <Cet>0</Cet>
    <PCALT>10</PCALT>
    <TCALT>0.6</TCALT>
    <Pelev>3022</Pelev>
    <Telev>3058</Telev>
    <PART>0.5</PART>
    <DELAY>1</DELAY>
  </CatchmentParameters>
  <VegetationZone>
    <VegetationZoneParameters>
      <TT>2.3478204915807952</TT>
      <CFMAX>2.6901560665364306</CFMAX>
      <SP>0</SP>
      <SFCF>0.663401275911395</SFCF>
      <CFR>0.099999907011039238</CFR>
      <CWH>0.1999975394031227</CWH>
      <CFGlacier>1</CFGlacier>
      <CFSlope>1</CFSlope>
      <FC>485.95931667709237</FC>
      <LP>0.42465707596151792</LP>
      <BETA>4.6747957449327062</BETA>
    </VegetationZoneParameters>
  </VegetationZone>
  <SubCatchment>
    <SubCatchmentParameters>
      <KSI>0.001</KSI>
      <KGmin>0.05</KGmin>
      <RangeKG>0.1</RangeKG>
      <AG>0.1</AG>
      <PERC>6.57441018644562</PERC>
      <Alpha>0</Alpha>
      <UZL>154.22654151895245</UZL>
      <K0>0.49492556026268492</K0>
      <K1>0.093505975955271076</K1>
      <K2>0.0986195494336394</K2>
      <MAXBAS>1.0149367580161977</MAXBAS>
      <Cet>0</Cet>
      <PCALT>10</PCALT>
      <TCALT>0.6</TCALT>
      <Pelev>3022</Pelev>
      <Telev>3058</Telev>
      <PART>0.5</PART>
      <DELAY>1</DELAY>
    </SubCatchmentParameters>
    <SubCatchmentVegetationZone>
      <SubCatchmentVegetationZoneParameters>
        <TT>2.3478204915807952</TT>
        <CFMAX>2.6901560665364306</CFMAX>
        <SP>0</SP>
        <SFCF>0.663401275911395</SFCF>
        <CFR>0.099999907011039238</CFR>
        <CWH>0.1999975394031227</CWH>
        <CFGlacier>1</CFGlacier>
        <CFSlope>1</CFSlope>
        <FC>485.95931667709237</FC>
        <LP>0.42465707596151792</LP>
        <BETA>4.6747957449327062</BETA>
      </SubCatchmentVegetationZoneParameters>
    </SubCatchmentVegetationZone>
  </SubCatchment>
</Catchment>