<?xml version="1.0" encoding="utf-8"?>
<Catchment xmlns:xsi="http://www.w3.org/2001/XMLSchema-instance" xmlns:xsd="http://www.w3.org/2001/XMLSchema">
  <CatchmentParameters>
    <KSI>0.001</KSI>
    <KGmin>0.05</KGmin>
    <RangeKG>0.1</RangeKG>
    <AG>0.1</AG>
    <PERC>0.0459720791040576</PERC>
    <Alpha>0</Alpha>
    <UZL>192.94604444033013</UZL>
    <K0>0.3702054990735496</K0>
    <K1>0.12120038680378339</K1>
    <K2>0.0100000117963205</K2>
    <MAXBAS>1</MAXBAS>
    <Cet>0</Cet>
    <PCALT>10</PCALT>
    <TCALT>0.6</TCALT>
    <Pelev>3022</Pelev>
    <Telev>3058</Telev>
    <PART>0.5</PART>
    <DELAY>1</DELAY>
  </CatchmentParameters>
  <VegetationZone>
    <VegetationZoneParameters>
      <TT>1.3927343148360782</TT>
      <CFMAX>1.7454539882160149</CFMAX>
      <SP>0</SP>
      <SFCF>0.634830506647646</SFCF>
      <CFR>0.016909611040033849</CFR>
      <CWH>0.10000020771943284</CWH>
      <CFGlacier>1</CFGlacier>
      <CFSlope>1</CFSlope>
      <FC>724.26663532444115</FC>
      <LP>0.66392349301458442</LP>
      <BETA>5.9999109728478892</BETA>
    </VegetationZoneParameters>
  </VegetationZone>
  <SubCatchment>
    <SubCatchmentParameters>
      <KSI>0.001</KSI>
      <KGmin>0.05</KGmin>
      <RangeKG>0.1</RangeKG>
      <AG>0.1</AG>
      <PERC>0.0459720791040576</PERC>
      <Alpha>0</Alpha>
      <UZL>192.94604444033013</UZL>
      <K0>0.3702054990735496</K0>
      <K1>0.12120038680378339</K1>
      <K2>0.0100000117963205</K2>
      <MAXBAS>1</MAXBAS>
      <Cet>0</Cet>
      <PCALT>10</PCALT>
      <TCALT>0.6</TCALT>
      <Pelev>3022</Pelev>
      <Telev>3058</Telev>
      <PART>0.5</PART>
      <DELAY>1</DELAY>
    </SubCatchmentParameters>
    <SubCatchmentVegetationZone>
      <SubCatchmentVegetationZoneParameters>
        <TT>1.3927343148360782</TT>
        <CFMAX>1.7454539882160149</CFMAX>
        <SP>0</SP>
        <SFCF>0.634830506647646</SFCF>
        <CFR>0.016909611040033849</CFR>
        <CWH>0.10000020771943284</CWH>
        <CFGlacier>1</CFGlacier>
        <CFSlope>1</CFSlope>
        <FC>724.26663532444115</FC>
        <LP>0.66392349301458442</LP>
        <BETA>5.9999109728478892</BETA>
      </SubCatchmentVegetationZoneParameters>
    </SubCatchmentVegetationZone>
  </SubCatchment>
</Catchment>