<?xml version="1.0" encoding="utf-8"?>
<Catchment xmlns:xsi="http://www.w3.org/2001/XMLSchema-instance" xmlns:xsd="http://www.w3.org/2001/XMLSchema">
  <CatchmentParameters>
    <KSI>0.001</KSI>
    <KGmin>0.05</KGmin>
    <RangeKG>0.1</RangeKG>
    <AG>0.1</AG>
    <PERC>0.047680569080124774</PERC>
    <Alpha>0</Alpha>
    <UZL>144.96682376307729</UZL>
    <K0>0.15370779012234015</K0>
    <K1>0.16026946355238242</K1>
    <K2>0.010000207331762431</K2>
    <MAXBAS>1</MAXBAS>
    <Cet>0</Cet>
    <PCALT>10</PCALT>
    <TCALT>0.6</TCALT>
    <Pelev>3022</Pelev>
    <Telev>3058</Telev>
    <PART>0.5</PART>
    <DELAY>1</DELAY>
  </CatchmentParameters>
  <VegetationZone>
    <VegetationZoneParameters>
      <TT>0.96289694834813166</TT>
      <CFMAX>1.5333092015244234</CFMAX>
      <SP>0</SP>
      <SFCF>0.70915545469661656</SFCF>
      <CFR>0.020343643759988494</CFR>
      <CWH>0.11323167173677348</CWH>
      <CFGlacier>1</CFGlacier>
      <CFSlope>1</CFSlope>
      <FC>754.89323293590155</FC>
      <LP>0.41488195569684644</LP>
      <BETA>4.7765843452621661</BETA>
    </VegetationZoneParameters>
  </VegetationZone>
  <SubCatchment>
    <SubCatchmentParameters>
      <KSI>0.001</KSI>
      <KGmin>0.05</KGmin>
      <RangeKG>0.1</RangeKG>
      <AG>0.1</AG>
      <PERC>0.047680569080124774</PERC>
      <Alpha>0</Alpha>
      <UZL>144.96682376307729</UZL>
      <K0>0.15370779012234015</K0>
      <K1>0.16026946355238242</K1>
      <K2>0.010000207331762431</K2>
      <MAXBAS>1</MAXBAS>
      <Cet>0</Cet>
      <PCALT>10</PCALT>
      <TCALT>0.6</TCALT>
      <Pelev>3022</Pelev>
      <Telev>3058</Telev>
      <PART>0.5</PART>
      <DELAY>1</DELAY>
    </SubCatchmentParameters>
    <SubCatchmentVegetationZone>
      <SubCatchmentVegetationZoneParameters>
        <TT>0.96289694834813166</TT>
        <CFMAX>1.5333092015244234</CFMAX>
        <SP>0</SP>
        <SFCF>0.70915545469661656</SFCF>
        <CFR>0.020343643759988494</CFR>
        <CWH>0.11323167173677348</CWH>
        <CFGlacier>1</CFGlacier>
        <CFSlope>1</CFSlope>
        <FC>754.89323293590155</FC>
        <LP>0.41488195569684644</LP>
        <BETA>4.7765843452621661</BETA>
      </SubCatchmentVegetationZoneParameters>
    </SubCatchmentVegetationZone>
  </SubCatchment>
</Catchment>