<?xml version="1.0" encoding="utf-8"?>
<Catchment xmlns:xsi="http://www.w3.org/2001/XMLSchema-instance" xmlns:xsd="http://www.w3.org/2001/XMLSchema">
  <CatchmentParameters>
    <KSI>0.001</KSI>
    <KGmin>0.05</KGmin>
    <RangeKG>0.1</RangeKG>
    <AG>0.1</AG>
    <PERC>6.305861901387213</PERC>
    <Alpha>0</Alpha>
    <UZL>132.58535981260647</UZL>
    <K0>0.13260360377151245</K0>
    <K1>0.06255097893412026</K1>
    <K2>0.0918341425984234</K2>
    <MAXBAS>1.0049031399225537</MAXBAS>
    <Cet>0</Cet>
    <PCALT>10</PCALT>
    <TCALT>0.6</TCALT>
    <Pelev>3022</Pelev>
    <Telev>3058</Telev>
    <PART>0.5</PART>
    <DELAY>1</DELAY>
  </CatchmentParameters>
  <VegetationZone>
    <VegetationZoneParameters>
      <TT>1.6596374106740364</TT>
      <CFMAX>2.2991996604067477</CFMAX>
      <SP>0</SP>
      <SFCF>0.6524174203826667</SFCF>
      <CFR>0.098495678075633336</CFR>
      <CWH>0.19999703758144088</CWH>
      <CFGlacier>1</CFGlacier>
      <CFSlope>1</CFSlope>
      <FC>456.44286611932625</FC>
      <LP>0.42963793628078761</LP>
      <BETA>5.9999999997965077</BETA>
    </VegetationZoneParameters>
  </VegetationZone>
  <SubCatchment>
    <SubCatchmentParameters>
      <KSI>0.001</KSI>
      <KGmin>0.05</KGmin>
      <RangeKG>0.1</RangeKG>
      <AG>0.1</AG>
      <PERC>6.305861901387213</PERC>
      <Alpha>0</Alpha>
      <UZL>132.58535981260647</UZL>
      <K0>0.13260360377151245</K0>
      <K1>0.06255097893412026</K1>
      <K2>0.0918341425984234</K2>
      <MAXBAS>1.0049031399225537</MAXBAS>
      <Cet>0</Cet>
      <PCALT>10</PCALT>
      <TCALT>0.6</TCALT>
      <Pelev>3022</Pelev>
      <Telev>3058</Telev>
      <PART>0.5</PART>
      <DELAY>1</DELAY>
    </SubCatchmentParameters>
    <SubCatchmentVegetationZone>
      <SubCatchmentVegetationZoneParameters>
        <TT>1.6596374106740364</TT>
        <CFMAX>2.2991996604067477</CFMAX>
        <SP>0</SP>
        <SFCF>0.6524174203826667</SFCF>
        <CFR>0.098495678075633336</CFR>
        <CWH>0.19999703758144088</CWH>
        <CFGlacier>1</CFGlacier>
        <CFSlope>1</CFSlope>
        <FC>456.44286611932625</FC>
        <LP>0.42963793628078761</LP>
        <BETA>5.9999999997965077</BETA>
      </SubCatchmentVegetationZoneParameters>
    </SubCatchmentVegetationZone>
  </SubCatchment>
</Catchment>