<?xml version="1.0" encoding="utf-8"?>
<Catchment xmlns:xsi="http://www.w3.org/2001/XMLSchema-instance" xmlns:xsd="http://www.w3.org/2001/XMLSchema">
  <CatchmentParameters>
    <KSI>0.001</KSI>
    <KGmin>0.05</KGmin>
    <RangeKG>0.1</RangeKG>
    <AG>0.1</AG>
    <PERC>9.9999465396400211</PERC>
    <Alpha>0</Alpha>
    <UZL>129.55399737714774</UZL>
    <K0>0.27990680409484575</K0>
    <K1>0.14864404761561986</K1>
    <K2>0.10804153080148944</K2>
    <MAXBAS>1.3849471859840437</MAXBAS>
    <Cet>0</Cet>
    <PCALT>10</PCALT>
    <TCALT>0.6</TCALT>
    <Pelev>3022</Pelev>
    <Telev>3058</Telev>
    <PART>0.5</PART>
    <DELAY>1</DELAY>
  </CatchmentParameters>
  <VegetationZone>
    <VegetationZoneParameters>
      <TT>2.4109466474943173</TT>
      <CFMAX>2.5727333732820772</CFMAX>
      <SP>0</SP>
      <SFCF>0.662380836326722</SFCF>
      <CFR>0.099980231153410926</CFR>
      <CWH>0.19999923184103044</CWH>
      <CFGlacier>1</CFGlacier>
      <CFSlope>1</CFSlope>
      <FC>589.14382017311561</FC>
      <LP>0.53155329460965006</LP>
      <BETA>4.2048159983939222</BETA>
    </VegetationZoneParameters>
  </VegetationZone>
  <SubCatchment>
    <SubCatchmentParameters>
      <KSI>0.001</KSI>
      <KGmin>0.05</KGmin>
      <RangeKG>0.1</RangeKG>
      <AG>0.1</AG>
      <PERC>9.9999465396400211</PERC>
      <Alpha>0</Alpha>
      <UZL>129.55399737714774</UZL>
      <K0>0.27990680409484575</K0>
      <K1>0.14864404761561986</K1>
      <K2>0.10804153080148944</K2>
      <MAXBAS>1.3849471859840437</MAXBAS>
      <Cet>0</Cet>
      <PCALT>10</PCALT>
      <TCALT>0.6</TCALT>
      <Pelev>3022</Pelev>
      <Telev>3058</Telev>
      <PART>0.5</PART>
      <DELAY>1</DELAY>
    </SubCatchmentParameters>
    <SubCatchmentVegetationZone>
      <SubCatchmentVegetationZoneParameters>
        <TT>2.4109466474943173</TT>
        <CFMAX>2.5727333732820772</CFMAX>
        <SP>0</SP>
        <SFCF>0.662380836326722</SFCF>
        <CFR>0.099980231153410926</CFR>
        <CWH>0.19999923184103044</CWH>
        <CFGlacier>1</CFGlacier>
        <CFSlope>1</CFSlope>
        <FC>589.14382017311561</FC>
        <LP>0.53155329460965006</LP>
        <BETA>4.2048159983939222</BETA>
      </SubCatchmentVegetationZoneParameters>
    </SubCatchmentVegetationZone>
  </SubCatchment>
</Catchment>