<?xml version="1.0" encoding="utf-8"?>
<Catchment xmlns:xsi="http://www.w3.org/2001/XMLSchema-instance" xmlns:xsd="http://www.w3.org/2001/XMLSchema">
  <CatchmentParameters>
    <KSI>0.001</KSI>
    <KGmin>0.05</KGmin>
    <RangeKG>0.1</RangeKG>
    <AG>0.1</AG>
    <PERC>9.9999862460258875</PERC>
    <Alpha>0</Alpha>
    <UZL>198.23052411904712</UZL>
    <K0>0.5190218265445492</K0>
    <K1>0.20597295632891116</K1>
    <K2>0.11005909055263087</K2>
    <MAXBAS>1.5051743985479182</MAXBAS>
    <Cet>0</Cet>
    <PCALT>10</PCALT>
    <TCALT>0.6</TCALT>
    <Pelev>3022</Pelev>
    <Telev>3058</Telev>
    <PART>0.5</PART>
    <DELAY>1</DELAY>
  </CatchmentParameters>
  <VegetationZone>
    <VegetationZoneParameters>
      <TT>1.4361536645126922</TT>
      <CFMAX>1.6728945085128242</CFMAX>
      <SP>0</SP>
      <SFCF>0.58563160012212379</SFCF>
      <CFR>0.08294397350934328</CFR>
      <CWH>0.15524235801164166</CWH>
      <CFGlacier>1</CFGlacier>
      <CFSlope>1</CFSlope>
      <FC>424.79023339611439</FC>
      <LP>0.45150219140270587</LP>
      <BETA>5.9999815362374074</BETA>
    </VegetationZoneParameters>
  </VegetationZone>
  <SubCatchment>
    <SubCatchmentParameters>
      <KSI>0.001</KSI>
      <KGmin>0.05</KGmin>
      <RangeKG>0.1</RangeKG>
      <AG>0.1</AG>
      <PERC>9.9999862460258875</PERC>
      <Alpha>0</Alpha>
      <UZL>198.23052411904712</UZL>
      <K0>0.5190218265445492</K0>
      <K1>0.20597295632891116</K1>
      <K2>0.11005909055263087</K2>
      <MAXBAS>1.5051743985479182</MAXBAS>
      <Cet>0</Cet>
      <PCALT>10</PCALT>
      <TCALT>0.6</TCALT>
      <Pelev>3022</Pelev>
      <Telev>3058</Telev>
      <PART>0.5</PART>
      <DELAY>1</DELAY>
    </SubCatchmentParameters>
    <SubCatchmentVegetationZone>
      <SubCatchmentVegetationZoneParameters>
        <TT>1.4361536645126922</TT>
        <CFMAX>1.6728945085128242</CFMAX>
        <SP>0</SP>
        <SFCF>0.58563160012212379</SFCF>
        <CFR>0.08294397350934328</CFR>
        <CWH>0.15524235801164166</CWH>
        <CFGlacier>1</CFGlacier>
        <CFSlope>1</CFSlope>
        <FC>424.79023339611439</FC>
        <LP>0.45150219140270587</LP>
        <BETA>5.9999815362374074</BETA>
      </SubCatchmentVegetationZoneParameters>
    </SubCatchmentVegetationZone>
  </SubCatchment>
</Catchment>