<?xml version="1.0" encoding="utf-8"?>
<Catchment xmlns:xsi="http://www.w3.org/2001/XMLSchema-instance" xmlns:xsd="http://www.w3.org/2001/XMLSchema">
  <CatchmentParameters>
    <KSI>0.001</KSI>
    <KGmin>0.05</KGmin>
    <RangeKG>0.1</RangeKG>
    <AG>0.1</AG>
    <PERC>0.04650664583004141</PERC>
    <Alpha>0</Alpha>
    <UZL>178.60016892908902</UZL>
    <K0>0.57361618443132534</K0>
    <K1>0.10762346991889039</K1>
    <K2>0.01000000313673193</K2>
    <MAXBAS>1</MAXBAS>
    <Cet>0</Cet>
    <PCALT>10</PCALT>
    <TCALT>0.6</TCALT>
    <Pelev>3022</Pelev>
    <Telev>3058</Telev>
    <PART>0.5</PART>
    <DELAY>1</DELAY>
  </CatchmentParameters>
  <VegetationZone>
    <VegetationZoneParameters>
      <TT>0.69396218735113191</TT>
      <CFMAX>1.8837670550159951</CFMAX>
      <SP>0</SP>
      <SFCF>0.74646362695110291</SFCF>
      <CFR>0.051721556560490441</CFR>
      <CWH>0.1000187270634032</CWH>
      <CFGlacier>1</CFGlacier>
      <CFSlope>1</CFSlope>
      <FC>741.69034721880087</FC>
      <LP>0.38633232019303432</LP>
      <BETA>4.9689412154022188</BETA>
    </VegetationZoneParameters>
  </VegetationZone>
  <SubCatchment>
    <SubCatchmentParameters>
      <KSI>0.001</KSI>
      <KGmin>0.05</KGmin>
      <RangeKG>0.1</RangeKG>
      <AG>0.1</AG>
      <PERC>0.04650664583004141</PERC>
      <Alpha>0</Alpha>
      <UZL>178.60016892908902</UZL>
      <K0>0.57361618443132534</K0>
      <K1>0.10762346991889039</K1>
      <K2>0.01000000313673193</K2>
      <MAXBAS>1</MAXBAS>
      <Cet>0</Cet>
      <PCALT>10</PCALT>
      <TCALT>0.6</TCALT>
      <Pelev>3022</Pelev>
      <Telev>3058</Telev>
      <PART>0.5</PART>
      <DELAY>1</DELAY>
    </SubCatchmentParameters>
    <SubCatchmentVegetationZone>
      <SubCatchmentVegetationZoneParameters>
        <TT>0.69396218735113191</TT>
        <CFMAX>1.8837670550159951</CFMAX>
        <SP>0</SP>
        <SFCF>0.74646362695110291</SFCF>
        <CFR>0.051721556560490441</CFR>
        <CWH>0.1000187270634032</CWH>
        <CFGlacier>1</CFGlacier>
        <CFSlope>1</CFSlope>
        <FC>741.69034721880087</FC>
        <LP>0.38633232019303432</LP>
        <BETA>4.9689412154022188</BETA>
      </SubCatchmentVegetationZoneParameters>
    </SubCatchmentVegetationZone>
  </SubCatchment>
</Catchment>