<?xml version="1.0" encoding="utf-8"?>
<Catchment xmlns:xsi="http://www.w3.org/2001/XMLSchema-instance" xmlns:xsd="http://www.w3.org/2001/XMLSchema">
  <CatchmentParameters>
    <KSI>0.001</KSI>
    <KGmin>0.05</KGmin>
    <RangeKG>0.1</RangeKG>
    <AG>0.1</AG>
    <PERC>0.030184428735478296</PERC>
    <Alpha>0</Alpha>
    <UZL>119.02241312099015</UZL>
    <K0>0.37287701181484811</K0>
    <K1>0.12738054361079892</K1>
    <K2>0.010003675283735547</K2>
    <MAXBAS>1</MAXBAS>
    <Cet>0</Cet>
    <PCALT>10</PCALT>
    <TCALT>0.6</TCALT>
    <Pelev>3022</Pelev>
    <Telev>3058</Telev>
    <PART>0.5</PART>
    <DELAY>1</DELAY>
  </CatchmentParameters>
  <VegetationZone>
    <VegetationZoneParameters>
      <TT>1.209865499746257</TT>
      <CFMAX>2.0850949820240889</CFMAX>
      <SP>0</SP>
      <SFCF>0.778661082843465</SFCF>
      <CFR>0.099999268759273272</CFR>
      <CWH>0.14333455295334624</CWH>
      <CFGlacier>1</CFGlacier>
      <CFSlope>1</CFSlope>
      <FC>1246.9473913920967</FC>
      <LP>0.4662901902383092</LP>
      <BETA>3.2834044973417633</BETA>
    </VegetationZoneParameters>
  </VegetationZone>
  <SubCatchment>
    <SubCatchmentParameters>
      <KSI>0.001</KSI>
      <KGmin>0.05</KGmin>
      <RangeKG>0.1</RangeKG>
      <AG>0.1</AG>
      <PERC>0.030184428735478296</PERC>
      <Alpha>0</Alpha>
      <UZL>119.02241312099015</UZL>
      <K0>0.37287701181484811</K0>
      <K1>0.12738054361079892</K1>
      <K2>0.010003675283735547</K2>
      <MAXBAS>1</MAXBAS>
      <Cet>0</Cet>
      <PCALT>10</PCALT>
      <TCALT>0.6</TCALT>
      <Pelev>3022</Pelev>
      <Telev>3058</Telev>
      <PART>0.5</PART>
      <DELAY>1</DELAY>
    </SubCatchmentParameters>
    <SubCatchmentVegetationZone>
      <SubCatchmentVegetationZoneParameters>
        <TT>1.209865499746257</TT>
        <CFMAX>2.0850949820240889</CFMAX>
        <SP>0</SP>
        <SFCF>0.778661082843465</SFCF>
        <CFR>0.099999268759273272</CFR>
        <CWH>0.14333455295334624</CWH>
        <CFGlacier>1</CFGlacier>
        <CFSlope>1</CFSlope>
        <FC>1246.9473913920967</FC>
        <LP>0.4662901902383092</LP>
        <BETA>3.2834044973417633</BETA>
      </SubCatchmentVegetationZoneParameters>
    </SubCatchmentVegetationZone>
  </SubCatchment>
</Catchment>