<?xml version="1.0" encoding="utf-8"?>
<Catchment xmlns:xsi="http://www.w3.org/2001/XMLSchema-instance" xmlns:xsd="http://www.w3.org/2001/XMLSchema">
  <CatchmentParameters>
    <KSI>0.001</KSI>
    <KGmin>0.05</KGmin>
    <RangeKG>0.1</RangeKG>
    <AG>0.1</AG>
    <PERC>8.7783598421711755</PERC>
    <Alpha>0</Alpha>
    <UZL>148.65488669760802</UZL>
    <K0>0.57212797922428094</K0>
    <K1>0.25545062937329815</K1>
    <K2>0.12576283397135324</K2>
    <MAXBAS>1.5950085030832986</MAXBAS>
    <Cet>0</Cet>
    <PCALT>10</PCALT>
    <TCALT>0.6</TCALT>
    <Pelev>3022</Pelev>
    <Telev>3058</Telev>
    <PART>0.5</PART>
    <DELAY>1</DELAY>
  </CatchmentParameters>
  <VegetationZone>
    <VegetationZoneParameters>
      <TT>1.9056565030895314</TT>
      <CFMAX>1.7179755579776352</CFMAX>
      <SP>0</SP>
      <SFCF>0.57126773609024983</SFCF>
      <CFR>0.099998376337696954</CFR>
      <CWH>0.17749141525516748</CWH>
      <CFGlacier>1</CFGlacier>
      <CFSlope>1</CFSlope>
      <FC>529.98953625028685</FC>
      <LP>0.6612855431311786</LP>
      <BETA>5.5528857070511011</BETA>
    </VegetationZoneParameters>
  </VegetationZone>
  <SubCatchment>
    <SubCatchmentParameters>
      <KSI>0.001</KSI>
      <KGmin>0.05</KGmin>
      <RangeKG>0.1</RangeKG>
      <AG>0.1</AG>
      <PERC>8.7783598421711755</PERC>
      <Alpha>0</Alpha>
      <UZL>148.65488669760802</UZL>
      <K0>0.57212797922428094</K0>
      <K1>0.25545062937329815</K1>
      <K2>0.12576283397135324</K2>
      <MAXBAS>1.5950085030832986</MAXBAS>
      <Cet>0</Cet>
      <PCALT>10</PCALT>
      <TCALT>0.6</TCALT>
      <Pelev>3022</Pelev>
      <Telev>3058</Telev>
      <PART>0.5</PART>
      <DELAY>1</DELAY>
    </SubCatchmentParameters>
    <SubCatchmentVegetationZone>
      <SubCatchmentVegetationZoneParameters>
        <TT>1.9056565030895314</TT>
        <CFMAX>1.7179755579776352</CFMAX>
        <SP>0</SP>
        <SFCF>0.57126773609024983</SFCF>
        <CFR>0.099998376337696954</CFR>
        <CWH>0.17749141525516748</CWH>
        <CFGlacier>1</CFGlacier>
        <CFSlope>1</CFSlope>
        <FC>529.98953625028685</FC>
        <LP>0.6612855431311786</LP>
        <BETA>5.5528857070511011</BETA>
      </SubCatchmentVegetationZoneParameters>
    </SubCatchmentVegetationZone>
  </SubCatchment>
</Catchment>