<?xml version="1.0" encoding="utf-8"?>
<Catchment xmlns:xsi="http://www.w3.org/2001/XMLSchema-instance" xmlns:xsd="http://www.w3.org/2001/XMLSchema">
  <CatchmentParameters>
    <KSI>0.001</KSI>
    <KGmin>0.05</KGmin>
    <RangeKG>0.1</RangeKG>
    <AG>0.1</AG>
    <PERC>0.050815319902017972</PERC>
    <Alpha>0</Alpha>
    <UZL>106.63488470865896</UZL>
    <K0>0.11850616234716063</K0>
    <K1>0.14118410280834653</K1>
    <K2>0.017356437068271405</K2>
    <MAXBAS>1</MAXBAS>
    <Cet>0</Cet>
    <PCALT>10</PCALT>
    <TCALT>0.6</TCALT>
    <Pelev>3022</Pelev>
    <Telev>3058</Telev>
    <PART>0.5</PART>
    <DELAY>1</DELAY>
  </CatchmentParameters>
  <VegetationZone>
    <VegetationZoneParameters>
      <TT>1.1540781534635565</TT>
      <CFMAX>1.7965630261387189</CFMAX>
      <SP>0</SP>
      <SFCF>0.75720835102594564</SFCF>
      <CFR>0.0003397173993782591</CFR>
      <CWH>0.17289103152471563</CWH>
      <CFGlacier>1</CFGlacier>
      <CFSlope>1</CFSlope>
      <FC>1230.8463236339464</FC>
      <LP>0.4626879037005458</LP>
      <BETA>3.0560664507687241</BETA>
    </VegetationZoneParameters>
  </VegetationZone>
  <SubCatchment>
    <SubCatchmentParameters>
      <KSI>0.001</KSI>
      <KGmin>0.05</KGmin>
      <RangeKG>0.1</RangeKG>
      <AG>0.1</AG>
      <PERC>0.050815319902017972</PERC>
      <Alpha>0</Alpha>
      <UZL>106.63488470865896</UZL>
      <K0>0.11850616234716063</K0>
      <K1>0.14118410280834653</K1>
      <K2>0.017356437068271405</K2>
      <MAXBAS>1</MAXBAS>
      <Cet>0</Cet>
      <PCALT>10</PCALT>
      <TCALT>0.6</TCALT>
      <Pelev>3022</Pelev>
      <Telev>3058</Telev>
      <PART>0.5</PART>
      <DELAY>1</DELAY>
    </SubCatchmentParameters>
    <SubCatchmentVegetationZone>
      <SubCatchmentVegetationZoneParameters>
        <TT>1.1540781534635565</TT>
        <CFMAX>1.7965630261387189</CFMAX>
        <SP>0</SP>
        <SFCF>0.75720835102594564</SFCF>
        <CFR>0.0003397173993782591</CFR>
        <CWH>0.17289103152471563</CWH>
        <CFGlacier>1</CFGlacier>
        <CFSlope>1</CFSlope>
        <FC>1230.8463236339464</FC>
        <LP>0.4626879037005458</LP>
        <BETA>3.0560664507687241</BETA>
      </SubCatchmentVegetationZoneParameters>
    </SubCatchmentVegetationZone>
  </SubCatchment>
</Catchment>