<?xml version="1.0" encoding="utf-8"?>
<Catchment xmlns:xsi="http://www.w3.org/2001/XMLSchema-instance" xmlns:xsd="http://www.w3.org/2001/XMLSchema">
  <CatchmentParameters>
    <KSI>0.001</KSI>
    <KGmin>0.05</KGmin>
    <RangeKG>0.1</RangeKG>
    <AG>0.1</AG>
    <PERC>0.047258696302180422</PERC>
    <Alpha>0</Alpha>
    <UZL>184.11632674246053</UZL>
    <K0>0.15026644774615156</K0>
    <K1>0.11574453965200889</K1>
    <K2>0.010000008276219533</K2>
    <MAXBAS>1</MAXBAS>
    <Cet>0</Cet>
    <PCALT>10</PCALT>
    <TCALT>0.6</TCALT>
    <Pelev>3022</Pelev>
    <Telev>3058</Telev>
    <PART>0.5</PART>
    <DELAY>1</DELAY>
  </CatchmentParameters>
  <VegetationZone>
    <VegetationZoneParameters>
      <TT>0.15830787936088689</TT>
      <CFMAX>1.4850739948829455</CFMAX>
      <SP>0</SP>
      <SFCF>0.73303251321679441</SFCF>
      <CFR>0.099900398648066185</CFR>
      <CWH>0.10002479636296094</CWH>
      <CFGlacier>1</CFGlacier>
      <CFSlope>1</CFSlope>
      <FC>775.11042009547339</FC>
      <LP>0.44600021317384253</LP>
      <BETA>5.9100962113119468</BETA>
    </VegetationZoneParameters>
  </VegetationZone>
  <SubCatchment>
    <SubCatchmentParameters>
      <KSI>0.001</KSI>
      <KGmin>0.05</KGmin>
      <RangeKG>0.1</RangeKG>
      <AG>0.1</AG>
      <PERC>0.047258696302180422</PERC>
      <Alpha>0</Alpha>
      <UZL>184.11632674246053</UZL>
      <K0>0.15026644774615156</K0>
      <K1>0.11574453965200889</K1>
      <K2>0.010000008276219533</K2>
      <MAXBAS>1</MAXBAS>
      <Cet>0</Cet>
      <PCALT>10</PCALT>
      <TCALT>0.6</TCALT>
      <Pelev>3022</Pelev>
      <Telev>3058</Telev>
      <PART>0.5</PART>
      <DELAY>1</DELAY>
    </SubCatchmentParameters>
    <SubCatchmentVegetationZone>
      <SubCatchmentVegetationZoneParameters>
        <TT>0.15830787936088689</TT>
        <CFMAX>1.4850739948829455</CFMAX>
        <SP>0</SP>
        <SFCF>0.73303251321679441</SFCF>
        <CFR>0.099900398648066185</CFR>
        <CWH>0.10002479636296094</CWH>
        <CFGlacier>1</CFGlacier>
        <CFSlope>1</CFSlope>
        <FC>775.11042009547339</FC>
        <LP>0.44600021317384253</LP>
        <BETA>5.9100962113119468</BETA>
      </SubCatchmentVegetationZoneParameters>
    </SubCatchmentVegetationZone>
  </SubCatchment>
</Catchment>