<?xml version="1.0" encoding="utf-8"?>
<Catchment xmlns:xsi="http://www.w3.org/2001/XMLSchema-instance" xmlns:xsd="http://www.w3.org/2001/XMLSchema">
  <CatchmentParameters>
    <KSI>0.001</KSI>
    <KGmin>0.05</KGmin>
    <RangeKG>0.1</RangeKG>
    <AG>0.1</AG>
    <PERC>0.05388132386133055</PERC>
    <Alpha>0</Alpha>
    <UZL>157.52844620059642</UZL>
    <K0>0.0530390348109331</K0>
    <K1>0.10534422720505551</K1>
    <K2>0.010000009613661785</K2>
    <MAXBAS>1</MAXBAS>
    <Cet>0</Cet>
    <PCALT>10</PCALT>
    <TCALT>0.6</TCALT>
    <Pelev>3022</Pelev>
    <Telev>3058</Telev>
    <PART>0.5</PART>
    <DELAY>1</DELAY>
  </CatchmentParameters>
  <VegetationZone>
    <VegetationZoneParameters>
      <TT>-0.22363004379198181</TT>
      <CFMAX>1.4622365007257825</CFMAX>
      <SP>0</SP>
      <SFCF>0.76172924258138841</SFCF>
      <CFR>0.061659638104245476</CFR>
      <CWH>0.13823131810859729</CWH>
      <CFGlacier>1</CFGlacier>
      <CFSlope>1</CFSlope>
      <FC>805.72605969573885</FC>
      <LP>0.40398402310470022</LP>
      <BETA>5.9999984175199126</BETA>
    </VegetationZoneParameters>
  </VegetationZone>
  <SubCatchment>
    <SubCatchmentParameters>
      <KSI>0.001</KSI>
      <KGmin>0.05</KGmin>
      <RangeKG>0.1</RangeKG>
      <AG>0.1</AG>
      <PERC>0.05388132386133055</PERC>
      <Alpha>0</Alpha>
      <UZL>157.52844620059642</UZL>
      <K0>0.0530390348109331</K0>
      <K1>0.10534422720505551</K1>
      <K2>0.010000009613661785</K2>
      <MAXBAS>1</MAXBAS>
      <Cet>0</Cet>
      <PCALT>10</PCALT>
      <TCALT>0.6</TCALT>
      <Pelev>3022</Pelev>
      <Telev>3058</Telev>
      <PART>0.5</PART>
      <DELAY>1</DELAY>
    </SubCatchmentParameters>
    <SubCatchmentVegetationZone>
      <SubCatchmentVegetationZoneParameters>
        <TT>-0.22363004379198181</TT>
        <CFMAX>1.4622365007257825</CFMAX>
        <SP>0</SP>
        <SFCF>0.76172924258138841</SFCF>
        <CFR>0.061659638104245476</CFR>
        <CWH>0.13823131810859729</CWH>
        <CFGlacier>1</CFGlacier>
        <CFSlope>1</CFSlope>
        <FC>805.72605969573885</FC>
        <LP>0.40398402310470022</LP>
        <BETA>5.9999984175199126</BETA>
      </SubCatchmentVegetationZoneParameters>
    </SubCatchmentVegetationZone>
  </SubCatchment>
</Catchment>