<?xml version="1.0" encoding="utf-8"?>
<Catchment xmlns:xsi="http://www.w3.org/2001/XMLSchema-instance" xmlns:xsd="http://www.w3.org/2001/XMLSchema">
  <CatchmentParameters>
    <KSI>0.001</KSI>
    <KGmin>0.05</KGmin>
    <RangeKG>0.1</RangeKG>
    <AG>0.1</AG>
    <PERC>9.9999789176464464</PERC>
    <Alpha>0</Alpha>
    <UZL>28.910450783956858</UZL>
    <K0>0.28184249289679242</K0>
    <K1>0.13727506470479203</K1>
    <K2>0.10703597130747922</K2>
    <MAXBAS>1.3250724710100239</MAXBAS>
    <Cet>0</Cet>
    <PCALT>10</PCALT>
    <TCALT>0.6</TCALT>
    <Pelev>3022</Pelev>
    <Telev>3058</Telev>
    <PART>0.5</PART>
    <DELAY>1</DELAY>
  </CatchmentParameters>
  <VegetationZone>
    <VegetationZoneParameters>
      <TT>1.8039836162586329</TT>
      <CFMAX>1.8850166535214874</CFMAX>
      <SP>0</SP>
      <SFCF>0.59169156226832142</SFCF>
      <CFR>0.062214535264585015</CFR>
      <CWH>0.17900176678646226</CWH>
      <CFGlacier>1</CFGlacier>
      <CFSlope>1</CFSlope>
      <FC>415.96031867255181</FC>
      <LP>0.43384878658100973</LP>
      <BETA>5.5458134974584885</BETA>
    </VegetationZoneParameters>
  </VegetationZone>
  <SubCatchment>
    <SubCatchmentParameters>
      <KSI>0.001</KSI>
      <KGmin>0.05</KGmin>
      <RangeKG>0.1</RangeKG>
      <AG>0.1</AG>
      <PERC>9.9999789176464464</PERC>
      <Alpha>0</Alpha>
      <UZL>28.910450783956858</UZL>
      <K0>0.28184249289679242</K0>
      <K1>0.13727506470479203</K1>
      <K2>0.10703597130747922</K2>
      <MAXBAS>1.3250724710100239</MAXBAS>
      <Cet>0</Cet>
      <PCALT>10</PCALT>
      <TCALT>0.6</TCALT>
      <Pelev>3022</Pelev>
      <Telev>3058</Telev>
      <PART>0.5</PART>
      <DELAY>1</DELAY>
    </SubCatchmentParameters>
    <SubCatchmentVegetationZone>
      <SubCatchmentVegetationZoneParameters>
        <TT>1.8039836162586329</TT>
        <CFMAX>1.8850166535214874</CFMAX>
        <SP>0</SP>
        <SFCF>0.59169156226832142</SFCF>
        <CFR>0.062214535264585015</CFR>
        <CWH>0.17900176678646226</CWH>
        <CFGlacier>1</CFGlacier>
        <CFSlope>1</CFSlope>
        <FC>415.96031867255181</FC>
        <LP>0.43384878658100973</LP>
        <BETA>5.5458134974584885</BETA>
      </SubCatchmentVegetationZoneParameters>
    </SubCatchmentVegetationZone>
  </SubCatchment>
</Catchment>