<?xml version="1.0" encoding="utf-8"?>
<Catchment xmlns:xsi="http://www.w3.org/2001/XMLSchema-instance" xmlns:xsd="http://www.w3.org/2001/XMLSchema">
  <CatchmentParameters>
    <KSI>0.001</KSI>
    <KGmin>0.05</KGmin>
    <RangeKG>0.1</RangeKG>
    <AG>0.1</AG>
    <PERC>9.9999922035576567</PERC>
    <Alpha>0</Alpha>
    <UZL>37.741671086390134</UZL>
    <K0>0.23708234881349177</K0>
    <K1>0.12264814935741868</K1>
    <K2>0.10262682521250895</K2>
    <MAXBAS>1.1949178055487726</MAXBAS>
    <Cet>0</Cet>
    <PCALT>10</PCALT>
    <TCALT>0.6</TCALT>
    <Pelev>3022</Pelev>
    <Telev>3058</Telev>
    <PART>0.5</PART>
    <DELAY>1</DELAY>
  </CatchmentParameters>
  <VegetationZone>
    <VegetationZoneParameters>
      <TT>2.1915557130855525</TT>
      <CFMAX>2.1019731779447883</CFMAX>
      <SP>0</SP>
      <SFCF>0.57100406022304773</SFCF>
      <CFR>0.099999198506782336</CFR>
      <CWH>0.19998057989409349</CWH>
      <CFGlacier>1</CFGlacier>
      <CFSlope>1</CFSlope>
      <FC>422.71861512736166</FC>
      <LP>0.5323142463870304</LP>
      <BETA>5.72546874308364</BETA>
    </VegetationZoneParameters>
  </VegetationZone>
  <SubCatchment>
    <SubCatchmentParameters>
      <KSI>0.001</KSI>
      <KGmin>0.05</KGmin>
      <RangeKG>0.1</RangeKG>
      <AG>0.1</AG>
      <PERC>9.9999922035576567</PERC>
      <Alpha>0</Alpha>
      <UZL>37.741671086390134</UZL>
      <K0>0.23708234881349177</K0>
      <K1>0.12264814935741868</K1>
      <K2>0.10262682521250895</K2>
      <MAXBAS>1.1949178055487726</MAXBAS>
      <Cet>0</Cet>
      <PCALT>10</PCALT>
      <TCALT>0.6</TCALT>
      <Pelev>3022</Pelev>
      <Telev>3058</Telev>
      <PART>0.5</PART>
      <DELAY>1</DELAY>
    </SubCatchmentParameters>
    <SubCatchmentVegetationZone>
      <SubCatchmentVegetationZoneParameters>
        <TT>2.1915557130855525</TT>
        <CFMAX>2.1019731779447883</CFMAX>
        <SP>0</SP>
        <SFCF>0.57100406022304773</SFCF>
        <CFR>0.099999198506782336</CFR>
        <CWH>0.19998057989409349</CWH>
        <CFGlacier>1</CFGlacier>
        <CFSlope>1</CFSlope>
        <FC>422.71861512736166</FC>
        <LP>0.5323142463870304</LP>
        <BETA>5.72546874308364</BETA>
      </SubCatchmentVegetationZoneParameters>
    </SubCatchmentVegetationZone>
  </SubCatchment>
</Catchment>