<?xml version="1.0" encoding="utf-8"?>
<Catchment xmlns:xsi="http://www.w3.org/2001/XMLSchema-instance" xmlns:xsd="http://www.w3.org/2001/XMLSchema">
  <CatchmentParameters>
    <KSI>0.001</KSI>
    <KGmin>0.05</KGmin>
    <RangeKG>0.1</RangeKG>
    <AG>0.1</AG>
    <PERC>0.028020394045873045</PERC>
    <Alpha>0</Alpha>
    <UZL>132.4620783326144</UZL>
    <K0>0.35728922757372217</K0>
    <K1>0.13393813893377507</K1>
    <K2>0.010000917046291104</K2>
    <MAXBAS>1</MAXBAS>
    <Cet>0</Cet>
    <PCALT>10</PCALT>
    <TCALT>0.6</TCALT>
    <Pelev>3022</Pelev>
    <Telev>3058</Telev>
    <PART>0.5</PART>
    <DELAY>1</DELAY>
  </CatchmentParameters>
  <VegetationZone>
    <VegetationZoneParameters>
      <TT>1.1979790364913099</TT>
      <CFMAX>1.9996331602939317</CFMAX>
      <SP>0</SP>
      <SFCF>0.79653285919280381</SFCF>
      <CFR>0.024861030237917865</CFR>
      <CWH>0.15662907660242773</CWH>
      <CFGlacier>1</CFGlacier>
      <CFSlope>1</CFSlope>
      <FC>1543.7573274144934</FC>
      <LP>0.55631752825167347</LP>
      <BETA>4.0557585570117087</BETA>
    </VegetationZoneParameters>
  </VegetationZone>
  <SubCatchment>
    <SubCatchmentParameters>
      <KSI>0.001</KSI>
      <KGmin>0.05</KGmin>
      <RangeKG>0.1</RangeKG>
      <AG>0.1</AG>
      <PERC>0.028020394045873045</PERC>
      <Alpha>0</Alpha>
      <UZL>132.4620783326144</UZL>
      <K0>0.35728922757372217</K0>
      <K1>0.13393813893377507</K1>
      <K2>0.010000917046291104</K2>
      <MAXBAS>1</MAXBAS>
      <Cet>0</Cet>
      <PCALT>10</PCALT>
      <TCALT>0.6</TCALT>
      <Pelev>3022</Pelev>
      <Telev>3058</Telev>
      <PART>0.5</PART>
      <DELAY>1</DELAY>
    </SubCatchmentParameters>
    <SubCatchmentVegetationZone>
      <SubCatchmentVegetationZoneParameters>
        <TT>1.1979790364913099</TT>
        <CFMAX>1.9996331602939317</CFMAX>
        <SP>0</SP>
        <SFCF>0.79653285919280381</SFCF>
        <CFR>0.024861030237917865</CFR>
        <CWH>0.15662907660242773</CWH>
        <CFGlacier>1</CFGlacier>
        <CFSlope>1</CFSlope>
        <FC>1543.7573274144934</FC>
        <LP>0.55631752825167347</LP>
        <BETA>4.0557585570117087</BETA>
      </SubCatchmentVegetationZoneParameters>
    </SubCatchmentVegetationZone>
  </SubCatchment>
</Catchment>