<?xml version="1.0" encoding="utf-8"?>
<Catchment xmlns:xsi="http://www.w3.org/2001/XMLSchema-instance" xmlns:xsd="http://www.w3.org/2001/XMLSchema">
  <CatchmentParameters>
    <KSI>0.001</KSI>
    <KGmin>0.05</KGmin>
    <RangeKG>0.1</RangeKG>
    <AG>0.1</AG>
    <PERC>9.9999645838828943</PERC>
    <Alpha>0</Alpha>
    <UZL>27.397346270762561</UZL>
    <K0>0.07724664337929632</K0>
    <K1>0.17961833119245352</K1>
    <K2>0.11215473510486583</K2>
    <MAXBAS>1.4448208346904028</MAXBAS>
    <Cet>0</Cet>
    <PCALT>10</PCALT>
    <TCALT>0.6</TCALT>
    <Pelev>3022</Pelev>
    <Telev>3058</Telev>
    <PART>0.5</PART>
    <DELAY>1</DELAY>
  </CatchmentParameters>
  <VegetationZone>
    <VegetationZoneParameters>
      <TT>2.0206943653192284</TT>
      <CFMAX>1.971808394015258</CFMAX>
      <SP>0</SP>
      <SFCF>0.57034550931170669</SFCF>
      <CFR>0.099999299839342984</CFR>
      <CWH>0.19999811506056994</CWH>
      <CFGlacier>1</CFGlacier>
      <CFSlope>1</CFSlope>
      <FC>474.46722110386889</FC>
      <LP>0.60776940504989785</LP>
      <BETA>5.9999968618358039</BETA>
    </VegetationZoneParameters>
  </VegetationZone>
  <SubCatchment>
    <SubCatchmentParameters>
      <KSI>0.001</KSI>
      <KGmin>0.05</KGmin>
      <RangeKG>0.1</RangeKG>
      <AG>0.1</AG>
      <PERC>9.9999645838828943</PERC>
      <Alpha>0</Alpha>
      <UZL>27.397346270762561</UZL>
      <K0>0.07724664337929632</K0>
      <K1>0.17961833119245352</K1>
      <K2>0.11215473510486583</K2>
      <MAXBAS>1.4448208346904028</MAXBAS>
      <Cet>0</Cet>
      <PCALT>10</PCALT>
      <TCALT>0.6</TCALT>
      <Pelev>3022</Pelev>
      <Telev>3058</Telev>
      <PART>0.5</PART>
      <DELAY>1</DELAY>
    </SubCatchmentParameters>
    <SubCatchmentVegetationZone>
      <SubCatchmentVegetationZoneParameters>
        <TT>2.0206943653192284</TT>
        <CFMAX>1.971808394015258</CFMAX>
        <SP>0</SP>
        <SFCF>0.57034550931170669</SFCF>
        <CFR>0.099999299839342984</CFR>
        <CWH>0.19999811506056994</CWH>
        <CFGlacier>1</CFGlacier>
        <CFSlope>1</CFSlope>
        <FC>474.46722110386889</FC>
        <LP>0.60776940504989785</LP>
        <BETA>5.9999968618358039</BETA>
      </SubCatchmentVegetationZoneParameters>
    </SubCatchmentVegetationZone>
  </SubCatchment>
</Catchment>