<?xml version="1.0" encoding="utf-8"?>
<Catchment xmlns:xsi="http://www.w3.org/2001/XMLSchema-instance" xmlns:xsd="http://www.w3.org/2001/XMLSchema">
  <CatchmentParameters>
    <KSI>0.001</KSI>
    <KGmin>0.05</KGmin>
    <RangeKG>0.1</RangeKG>
    <AG>0.1</AG>
    <PERC>0.045954016941123062</PERC>
    <Alpha>0</Alpha>
    <UZL>102.72263387790348</UZL>
    <K0>0.54111273931112347</K0>
    <K1>0.12713454344267669</K1>
    <K2>0.010000000377952442</K2>
    <MAXBAS>1</MAXBAS>
    <Cet>0</Cet>
    <PCALT>10</PCALT>
    <TCALT>0.6</TCALT>
    <Pelev>3022</Pelev>
    <Telev>3058</Telev>
    <PART>0.5</PART>
    <DELAY>1</DELAY>
  </CatchmentParameters>
  <VegetationZone>
    <VegetationZoneParameters>
      <TT>0.55519257784617382</TT>
      <CFMAX>1.6077391742056577</CFMAX>
      <SP>0</SP>
      <SFCF>0.71360245560470059</SFCF>
      <CFR>0.094975062447834283</CFR>
      <CWH>0.10272564873560017</CWH>
      <CFGlacier>1</CFGlacier>
      <CFSlope>1</CFSlope>
      <FC>749.357967040799</FC>
      <LP>0.44026872799879557</LP>
      <BETA>5.0063959883776716</BETA>
    </VegetationZoneParameters>
  </VegetationZone>
  <SubCatchment>
    <SubCatchmentParameters>
      <KSI>0.001</KSI>
      <KGmin>0.05</KGmin>
      <RangeKG>0.1</RangeKG>
      <AG>0.1</AG>
      <PERC>0.045954016941123062</PERC>
      <Alpha>0</Alpha>
      <UZL>102.72263387790348</UZL>
      <K0>0.54111273931112347</K0>
      <K1>0.12713454344267669</K1>
      <K2>0.010000000377952442</K2>
      <MAXBAS>1</MAXBAS>
      <Cet>0</Cet>
      <PCALT>10</PCALT>
      <TCALT>0.6</TCALT>
      <Pelev>3022</Pelev>
      <Telev>3058</Telev>
      <PART>0.5</PART>
      <DELAY>1</DELAY>
    </SubCatchmentParameters>
    <SubCatchmentVegetationZone>
      <SubCatchmentVegetationZoneParameters>
        <TT>0.55519257784617382</TT>
        <CFMAX>1.6077391742056577</CFMAX>
        <SP>0</SP>
        <SFCF>0.71360245560470059</SFCF>
        <CFR>0.094975062447834283</CFR>
        <CWH>0.10272564873560017</CWH>
        <CFGlacier>1</CFGlacier>
        <CFSlope>1</CFSlope>
        <FC>749.357967040799</FC>
        <LP>0.44026872799879557</LP>
        <BETA>5.0063959883776716</BETA>
      </SubCatchmentVegetationZoneParameters>
    </SubCatchmentVegetationZone>
  </SubCatchment>
</Catchment>