<?xml version="1.0" encoding="utf-8"?>
<Catchment xmlns:xsi="http://www.w3.org/2001/XMLSchema-instance" xmlns:xsd="http://www.w3.org/2001/XMLSchema">
  <CatchmentParameters>
    <KSI>0.001</KSI>
    <KGmin>0.05</KGmin>
    <RangeKG>0.1</RangeKG>
    <AG>0.1</AG>
    <PERC>0.053419712597182534</PERC>
    <Alpha>0</Alpha>
    <UZL>136.35871579827753</UZL>
    <K0>0.54423858388634372</K0>
    <K1>0.12119391829458887</K1>
    <K2>0.01000001964125438</K2>
    <MAXBAS>1</MAXBAS>
    <Cet>0</Cet>
    <PCALT>10</PCALT>
    <TCALT>0.6</TCALT>
    <Pelev>3022</Pelev>
    <Telev>3058</Telev>
    <PART>0.5</PART>
    <DELAY>1</DELAY>
  </CatchmentParameters>
  <VegetationZone>
    <VegetationZoneParameters>
      <TT>-0.021397999879898405</TT>
      <CFMAX>1.4015473400241247</CFMAX>
      <SP>0</SP>
      <SFCF>0.7355694659229941</SFCF>
      <CFR>0.065643476837650261</CFR>
      <CWH>0.10009593560886475</CWH>
      <CFGlacier>1</CFGlacier>
      <CFSlope>1</CFSlope>
      <FC>742.65774521477749</FC>
      <LP>0.36399803971588784</LP>
      <BETA>5.5695897048792062</BETA>
    </VegetationZoneParameters>
  </VegetationZone>
  <SubCatchment>
    <SubCatchmentParameters>
      <KSI>0.001</KSI>
      <KGmin>0.05</KGmin>
      <RangeKG>0.1</RangeKG>
      <AG>0.1</AG>
      <PERC>0.053419712597182534</PERC>
      <Alpha>0</Alpha>
      <UZL>136.35871579827753</UZL>
      <K0>0.54423858388634372</K0>
      <K1>0.12119391829458887</K1>
      <K2>0.01000001964125438</K2>
      <MAXBAS>1</MAXBAS>
      <Cet>0</Cet>
      <PCALT>10</PCALT>
      <TCALT>0.6</TCALT>
      <Pelev>3022</Pelev>
      <Telev>3058</Telev>
      <PART>0.5</PART>
      <DELAY>1</DELAY>
    </SubCatchmentParameters>
    <SubCatchmentVegetationZone>
      <SubCatchmentVegetationZoneParameters>
        <TT>-0.021397999879898405</TT>
        <CFMAX>1.4015473400241247</CFMAX>
        <SP>0</SP>
        <SFCF>0.7355694659229941</SFCF>
        <CFR>0.065643476837650261</CFR>
        <CWH>0.10009593560886475</CWH>
        <CFGlacier>1</CFGlacier>
        <CFSlope>1</CFSlope>
        <FC>742.65774521477749</FC>
        <LP>0.36399803971588784</LP>
        <BETA>5.5695897048792062</BETA>
      </SubCatchmentVegetationZoneParameters>
    </SubCatchmentVegetationZone>
  </SubCatchment>
</Catchment>