<?xml version="1.0" encoding="utf-8"?>
<Catchment xmlns:xsi="http://www.w3.org/2001/XMLSchema-instance" xmlns:xsd="http://www.w3.org/2001/XMLSchema">
  <CatchmentParameters>
    <KSI>0.001</KSI>
    <KGmin>0.05</KGmin>
    <RangeKG>0.1</RangeKG>
    <AG>0.1</AG>
    <PERC>9.7523210293747518</PERC>
    <Alpha>0</Alpha>
    <UZL>80.657402793082042</UZL>
    <K0>0.29321388018115696</K0>
    <K1>0.21567210324090802</K1>
    <K2>0.11168487514606591</K2>
    <MAXBAS>1.5850381728245468</MAXBAS>
    <Cet>0</Cet>
    <PCALT>10</PCALT>
    <TCALT>0.6</TCALT>
    <Pelev>3022</Pelev>
    <Telev>3058</Telev>
    <PART>0.5</PART>
    <DELAY>1</DELAY>
  </CatchmentParameters>
  <VegetationZone>
    <VegetationZoneParameters>
      <TT>1.6555959322002687</TT>
      <CFMAX>1.8960719296364206</CFMAX>
      <SP>0</SP>
      <SFCF>0.64008085266674353</SFCF>
      <CFR>0.099999362399948777</CFR>
      <CWH>0.19999826044308366</CWH>
      <CFGlacier>1</CFGlacier>
      <CFSlope>1</CFSlope>
      <FC>525.48886122505951</FC>
      <LP>0.49245487710566727</LP>
      <BETA>4.6979671787227515</BETA>
    </VegetationZoneParameters>
  </VegetationZone>
  <SubCatchment>
    <SubCatchmentParameters>
      <KSI>0.001</KSI>
      <KGmin>0.05</KGmin>
      <RangeKG>0.1</RangeKG>
      <AG>0.1</AG>
      <PERC>9.7523210293747518</PERC>
      <Alpha>0</Alpha>
      <UZL>80.657402793082042</UZL>
      <K0>0.29321388018115696</K0>
      <K1>0.21567210324090802</K1>
      <K2>0.11168487514606591</K2>
      <MAXBAS>1.5850381728245468</MAXBAS>
      <Cet>0</Cet>
      <PCALT>10</PCALT>
      <TCALT>0.6</TCALT>
      <Pelev>3022</Pelev>
      <Telev>3058</Telev>
      <PART>0.5</PART>
      <DELAY>1</DELAY>
    </SubCatchmentParameters>
    <SubCatchmentVegetationZone>
      <SubCatchmentVegetationZoneParameters>
        <TT>1.6555959322002687</TT>
        <CFMAX>1.8960719296364206</CFMAX>
        <SP>0</SP>
        <SFCF>0.64008085266674353</SFCF>
        <CFR>0.099999362399948777</CFR>
        <CWH>0.19999826044308366</CWH>
        <CFGlacier>1</CFGlacier>
        <CFSlope>1</CFSlope>
        <FC>525.48886122505951</FC>
        <LP>0.49245487710566727</LP>
        <BETA>4.6979671787227515</BETA>
      </SubCatchmentVegetationZoneParameters>
    </SubCatchmentVegetationZone>
  </SubCatchment>
</Catchment>