<?xml version="1.0" encoding="utf-8"?>
<Catchment xmlns:xsi="http://www.w3.org/2001/XMLSchema-instance" xmlns:xsd="http://www.w3.org/2001/XMLSchema">
  <CatchmentParameters>
    <KSI>0.001</KSI>
    <KGmin>0.05</KGmin>
    <RangeKG>0.1</RangeKG>
    <AG>0.1</AG>
    <PERC>0.047196285133304219</PERC>
    <Alpha>0</Alpha>
    <UZL>132.36201291300054</UZL>
    <K0>0.53111568696815525</K0>
    <K1>0.12813733517874315</K1>
    <K2>0.010001319304048731</K2>
    <MAXBAS>1</MAXBAS>
    <Cet>0</Cet>
    <PCALT>10</PCALT>
    <TCALT>0.6</TCALT>
    <Pelev>3022</Pelev>
    <Telev>3058</Telev>
    <PART>0.5</PART>
    <DELAY>1</DELAY>
  </CatchmentParameters>
  <VegetationZone>
    <VegetationZoneParameters>
      <TT>-0.023121566956618139</TT>
      <CFMAX>1.3116601394394607</CFMAX>
      <SP>0</SP>
      <SFCF>0.6994773640652121</SFCF>
      <CFR>0.065921175253857489</CFR>
      <CWH>0.1999881716931553</CWH>
      <CFGlacier>1</CFGlacier>
      <CFSlope>1</CFSlope>
      <FC>667.683766616783</FC>
      <LP>0.31469282389062</LP>
      <BETA>3.9098453358807004</BETA>
    </VegetationZoneParameters>
  </VegetationZone>
  <SubCatchment>
    <SubCatchmentParameters>
      <KSI>0.001</KSI>
      <KGmin>0.05</KGmin>
      <RangeKG>0.1</RangeKG>
      <AG>0.1</AG>
      <PERC>0.047196285133304219</PERC>
      <Alpha>0</Alpha>
      <UZL>132.36201291300054</UZL>
      <K0>0.53111568696815525</K0>
      <K1>0.12813733517874315</K1>
      <K2>0.010001319304048731</K2>
      <MAXBAS>1</MAXBAS>
      <Cet>0</Cet>
      <PCALT>10</PCALT>
      <TCALT>0.6</TCALT>
      <Pelev>3022</Pelev>
      <Telev>3058</Telev>
      <PART>0.5</PART>
      <DELAY>1</DELAY>
    </SubCatchmentParameters>
    <SubCatchmentVegetationZone>
      <SubCatchmentVegetationZoneParameters>
        <TT>-0.023121566956618139</TT>
        <CFMAX>1.3116601394394607</CFMAX>
        <SP>0</SP>
        <SFCF>0.6994773640652121</SFCF>
        <CFR>0.065921175253857489</CFR>
        <CWH>0.1999881716931553</CWH>
        <CFGlacier>1</CFGlacier>
        <CFSlope>1</CFSlope>
        <FC>667.683766616783</FC>
        <LP>0.31469282389062</LP>
        <BETA>3.9098453358807004</BETA>
      </SubCatchmentVegetationZoneParameters>
    </SubCatchmentVegetationZone>
  </SubCatchment>
</Catchment>