<?xml version="1.0" encoding="utf-8"?>
<Catchment xmlns:xsi="http://www.w3.org/2001/XMLSchema-instance" xmlns:xsd="http://www.w3.org/2001/XMLSchema">
  <CatchmentParameters>
    <KSI>0.001</KSI>
    <KGmin>0.05</KGmin>
    <RangeKG>0.1</RangeKG>
    <AG>0.1</AG>
    <PERC>6.1713983764683125</PERC>
    <Alpha>0</Alpha>
    <UZL>154.07412286809003</UZL>
    <K0>0.23614329035241377</K0>
    <K1>0.23554944493690472</K1>
    <K2>0.12232041510340515</K2>
    <MAXBAS>1.7200400904179356</MAXBAS>
    <Cet>0</Cet>
    <PCALT>10</PCALT>
    <TCALT>0.6</TCALT>
    <Pelev>3022</Pelev>
    <Telev>3058</Telev>
    <PART>0.5</PART>
    <DELAY>1</DELAY>
  </CatchmentParameters>
  <VegetationZone>
    <VegetationZoneParameters>
      <TT>1.800813659864966</TT>
      <CFMAX>1.8599357406095807</CFMAX>
      <SP>0</SP>
      <SFCF>0.65091410723886445</SFCF>
      <CFR>0.099999999999594552</CFR>
      <CWH>0.19999945125516594</CWH>
      <CFGlacier>1</CFGlacier>
      <CFSlope>1</CFSlope>
      <FC>559.853083903243</FC>
      <LP>0.389395536239061</LP>
      <BETA>2.7294876658367597</BETA>
    </VegetationZoneParameters>
  </VegetationZone>
  <SubCatchment>
    <SubCatchmentParameters>
      <KSI>0.001</KSI>
      <KGmin>0.05</KGmin>
      <RangeKG>0.1</RangeKG>
      <AG>0.1</AG>
      <PERC>6.1713983764683125</PERC>
      <Alpha>0</Alpha>
      <UZL>154.07412286809003</UZL>
      <K0>0.23614329035241377</K0>
      <K1>0.23554944493690472</K1>
      <K2>0.12232041510340515</K2>
      <MAXBAS>1.7200400904179356</MAXBAS>
      <Cet>0</Cet>
      <PCALT>10</PCALT>
      <TCALT>0.6</TCALT>
      <Pelev>3022</Pelev>
      <Telev>3058</Telev>
      <PART>0.5</PART>
      <DELAY>1</DELAY>
    </SubCatchmentParameters>
    <SubCatchmentVegetationZone>
      <SubCatchmentVegetationZoneParameters>
        <TT>1.800813659864966</TT>
        <CFMAX>1.8599357406095807</CFMAX>
        <SP>0</SP>
        <SFCF>0.65091410723886445</SFCF>
        <CFR>0.099999999999594552</CFR>
        <CWH>0.19999945125516594</CWH>
        <CFGlacier>1</CFGlacier>
        <CFSlope>1</CFSlope>
        <FC>559.853083903243</FC>
        <LP>0.389395536239061</LP>
        <BETA>2.7294876658367597</BETA>
      </SubCatchmentVegetationZoneParameters>
    </SubCatchmentVegetationZone>
  </SubCatchment>
</Catchment>