<?xml version="1.0" encoding="utf-8"?>
<Catchment xmlns:xsi="http://www.w3.org/2001/XMLSchema-instance" xmlns:xsd="http://www.w3.org/2001/XMLSchema">
  <CatchmentParameters>
    <KSI>0.001</KSI>
    <KGmin>0.05</KGmin>
    <RangeKG>0.1</RangeKG>
    <AG>0.1</AG>
    <PERC>9.9999450531108547</PERC>
    <Alpha>0</Alpha>
    <UZL>119.48403316139815</UZL>
    <K0>0.41093976719379488</K0>
    <K1>0.14598452076455587</K1>
    <K2>0.099985842979400164</K2>
    <MAXBAS>1.3250024101227873</MAXBAS>
    <Cet>0</Cet>
    <PCALT>10</PCALT>
    <TCALT>0.6</TCALT>
    <Pelev>3022</Pelev>
    <Telev>3058</Telev>
    <PART>0.5</PART>
    <DELAY>1</DELAY>
  </CatchmentParameters>
  <VegetationZone>
    <VegetationZoneParameters>
      <TT>1.8877984943006596</TT>
      <CFMAX>1.8644102316405522</CFMAX>
      <SP>0</SP>
      <SFCF>0.5754426469879601</SFCF>
      <CFR>0.055607217218286063</CFR>
      <CWH>0.19998878891912864</CWH>
      <CFGlacier>1</CFGlacier>
      <CFSlope>1</CFSlope>
      <FC>454.23144955017381</FC>
      <LP>0.59347046171455642</LP>
      <BETA>5.9999946920961191</BETA>
    </VegetationZoneParameters>
  </VegetationZone>
  <SubCatchment>
    <SubCatchmentParameters>
      <KSI>0.001</KSI>
      <KGmin>0.05</KGmin>
      <RangeKG>0.1</RangeKG>
      <AG>0.1</AG>
      <PERC>9.9999450531108547</PERC>
      <Alpha>0</Alpha>
      <UZL>119.48403316139815</UZL>
      <K0>0.41093976719379488</K0>
      <K1>0.14598452076455587</K1>
      <K2>0.099985842979400164</K2>
      <MAXBAS>1.3250024101227873</MAXBAS>
      <Cet>0</Cet>
      <PCALT>10</PCALT>
      <TCALT>0.6</TCALT>
      <Pelev>3022</Pelev>
      <Telev>3058</Telev>
      <PART>0.5</PART>
      <DELAY>1</DELAY>
    </SubCatchmentParameters>
    <SubCatchmentVegetationZone>
      <SubCatchmentVegetationZoneParameters>
        <TT>1.8877984943006596</TT>
        <CFMAX>1.8644102316405522</CFMAX>
        <SP>0</SP>
        <SFCF>0.5754426469879601</SFCF>
        <CFR>0.055607217218286063</CFR>
        <CWH>0.19998878891912864</CWH>
        <CFGlacier>1</CFGlacier>
        <CFSlope>1</CFSlope>
        <FC>454.23144955017381</FC>
        <LP>0.59347046171455642</LP>
        <BETA>5.9999946920961191</BETA>
      </SubCatchmentVegetationZoneParameters>
    </SubCatchmentVegetationZone>
  </SubCatchment>
</Catchment>