<?xml version="1.0" encoding="utf-8"?>
<Catchment xmlns:xsi="http://www.w3.org/2001/XMLSchema-instance" xmlns:xsd="http://www.w3.org/2001/XMLSchema">
  <CatchmentParameters>
    <KSI>0.001</KSI>
    <KGmin>0.05</KGmin>
    <RangeKG>0.1</RangeKG>
    <AG>0.1</AG>
    <PERC>0.049339071647938167</PERC>
    <Alpha>0</Alpha>
    <UZL>123.07080478164325</UZL>
    <K0>0.20934146145826588</K0>
    <K1>0.15875995457441985</K1>
    <K2>0.010000014513860057</K2>
    <MAXBAS>1</MAXBAS>
    <Cet>0</Cet>
    <PCALT>10</PCALT>
    <TCALT>0.6</TCALT>
    <Pelev>3022</Pelev>
    <Telev>3058</Telev>
    <PART>0.5</PART>
    <DELAY>1</DELAY>
  </CatchmentParameters>
  <VegetationZone>
    <VegetationZoneParameters>
      <TT>1.5136586596362569</TT>
      <CFMAX>1.7299481021661762</CFMAX>
      <SP>0</SP>
      <SFCF>0.68246274323135891</SFCF>
      <CFR>0.043725647185358624</CFR>
      <CWH>0.10000018411393014</CWH>
      <CFGlacier>1</CFGlacier>
      <CFSlope>1</CFSlope>
      <FC>827.132106988837</FC>
      <LP>0.54775821700872473</LP>
      <BETA>5.3830765602244366</BETA>
    </VegetationZoneParameters>
  </VegetationZone>
  <SubCatchment>
    <SubCatchmentParameters>
      <KSI>0.001</KSI>
      <KGmin>0.05</KGmin>
      <RangeKG>0.1</RangeKG>
      <AG>0.1</AG>
      <PERC>0.049339071647938167</PERC>
      <Alpha>0</Alpha>
      <UZL>123.07080478164325</UZL>
      <K0>0.20934146145826588</K0>
      <K1>0.15875995457441985</K1>
      <K2>0.010000014513860057</K2>
      <MAXBAS>1</MAXBAS>
      <Cet>0</Cet>
      <PCALT>10</PCALT>
      <TCALT>0.6</TCALT>
      <Pelev>3022</Pelev>
      <Telev>3058</Telev>
      <PART>0.5</PART>
      <DELAY>1</DELAY>
    </SubCatchmentParameters>
    <SubCatchmentVegetationZone>
      <SubCatchmentVegetationZoneParameters>
        <TT>1.5136586596362569</TT>
        <CFMAX>1.7299481021661762</CFMAX>
        <SP>0</SP>
        <SFCF>0.68246274323135891</SFCF>
        <CFR>0.043725647185358624</CFR>
        <CWH>0.10000018411393014</CWH>
        <CFGlacier>1</CFGlacier>
        <CFSlope>1</CFSlope>
        <FC>827.132106988837</FC>
        <LP>0.54775821700872473</LP>
        <BETA>5.3830765602244366</BETA>
      </SubCatchmentVegetationZoneParameters>
    </SubCatchmentVegetationZone>
  </SubCatchment>
</Catchment>