<?xml version="1.0" encoding="utf-8"?>
<Catchment xmlns:xsi="http://www.w3.org/2001/XMLSchema-instance" xmlns:xsd="http://www.w3.org/2001/XMLSchema">
  <CatchmentParameters>
    <KSI>0.001</KSI>
    <KGmin>0.05</KGmin>
    <RangeKG>0.1</RangeKG>
    <AG>0.1</AG>
    <PERC>1.896911766057837</PERC>
    <Alpha>0</Alpha>
    <UZL>61.512219273961783</UZL>
    <K0>0.22690815503265527</K0>
    <K1>0.080005223510070916</K1>
    <K2>0.10720391245175003</K2>
    <MAXBAS>1.6391275460132759</MAXBAS>
    <Cet>0</Cet>
    <PCALT>10</PCALT>
    <TCALT>0.6</TCALT>
    <Pelev>3022</Pelev>
    <Telev>3058</Telev>
    <PART>0.5</PART>
    <DELAY>1</DELAY>
  </CatchmentParameters>
  <VegetationZone>
    <VegetationZoneParameters>
      <TT>1.5823278305736774</TT>
      <CFMAX>2.1036132748983323</CFMAX>
      <SP>0</SP>
      <SFCF>0.63145116717789207</SFCF>
      <CFR>0.095147792214965443</CFR>
      <CWH>0.19999807720450472</CWH>
      <CFGlacier>1</CFGlacier>
      <CFSlope>1</CFSlope>
      <FC>410.74712077043762</FC>
      <LP>0.35990177955121933</LP>
      <BETA>5.9999527325596782</BETA>
    </VegetationZoneParameters>
  </VegetationZone>
  <SubCatchment>
    <SubCatchmentParameters>
      <KSI>0.001</KSI>
      <KGmin>0.05</KGmin>
      <RangeKG>0.1</RangeKG>
      <AG>0.1</AG>
      <PERC>1.896911766057837</PERC>
      <Alpha>0</Alpha>
      <UZL>61.512219273961783</UZL>
      <K0>0.22690815503265527</K0>
      <K1>0.080005223510070916</K1>
      <K2>0.10720391245175003</K2>
      <MAXBAS>1.6391275460132759</MAXBAS>
      <Cet>0</Cet>
      <PCALT>10</PCALT>
      <TCALT>0.6</TCALT>
      <Pelev>3022</Pelev>
      <Telev>3058</Telev>
      <PART>0.5</PART>
      <DELAY>1</DELAY>
    </SubCatchmentParameters>
    <SubCatchmentVegetationZone>
      <SubCatchmentVegetationZoneParameters>
        <TT>1.5823278305736774</TT>
        <CFMAX>2.1036132748983323</CFMAX>
        <SP>0</SP>
        <SFCF>0.63145116717789207</SFCF>
        <CFR>0.095147792214965443</CFR>
        <CWH>0.19999807720450472</CWH>
        <CFGlacier>1</CFGlacier>
        <CFSlope>1</CFSlope>
        <FC>410.74712077043762</FC>
        <LP>0.35990177955121933</LP>
        <BETA>5.9999527325596782</BETA>
      </SubCatchmentVegetationZoneParameters>
    </SubCatchmentVegetationZone>
  </SubCatchment>
</Catchment>