<?xml version="1.0" encoding="utf-8"?>
<Catchment xmlns:xsi="http://www.w3.org/2001/XMLSchema-instance" xmlns:xsd="http://www.w3.org/2001/XMLSchema">
  <CatchmentParameters>
    <KSI>0.001</KSI>
    <KGmin>0.05</KGmin>
    <RangeKG>0.1</RangeKG>
    <AG>0.1</AG>
    <PERC>9.99999094151847</PERC>
    <Alpha>0</Alpha>
    <UZL>146.04200293113905</UZL>
    <K0>0.10045053887715028</K0>
    <K1>0.1393320151158286</K1>
    <K2>0.091690287489462174</K2>
    <MAXBAS>1.575312435874195</MAXBAS>
    <Cet>0</Cet>
    <PCALT>10</PCALT>
    <TCALT>0.6</TCALT>
    <Pelev>3022</Pelev>
    <Telev>3058</Telev>
    <PART>0.5</PART>
    <DELAY>1</DELAY>
  </CatchmentParameters>
  <VegetationZone>
    <VegetationZoneParameters>
      <TT>1.3111142961531792</TT>
      <CFMAX>1.8807289000718663</CFMAX>
      <SP>0</SP>
      <SFCF>0.63801981332018731</SFCF>
      <CFR>0.099999205644417666</CFR>
      <CWH>0.19999687329636684</CWH>
      <CFGlacier>1</CFGlacier>
      <CFSlope>1</CFSlope>
      <FC>512.18241242399415</FC>
      <LP>0.53688098824580555</LP>
      <BETA>5.9999962526963495</BETA>
    </VegetationZoneParameters>
  </VegetationZone>
  <SubCatchment>
    <SubCatchmentParameters>
      <KSI>0.001</KSI>
      <KGmin>0.05</KGmin>
      <RangeKG>0.1</RangeKG>
      <AG>0.1</AG>
      <PERC>9.99999094151847</PERC>
      <Alpha>0</Alpha>
      <UZL>146.04200293113905</UZL>
      <K0>0.10045053887715028</K0>
      <K1>0.1393320151158286</K1>
      <K2>0.091690287489462174</K2>
      <MAXBAS>1.575312435874195</MAXBAS>
      <Cet>0</Cet>
      <PCALT>10</PCALT>
      <TCALT>0.6</TCALT>
      <Pelev>3022</Pelev>
      <Telev>3058</Telev>
      <PART>0.5</PART>
      <DELAY>1</DELAY>
    </SubCatchmentParameters>
    <SubCatchmentVegetationZone>
      <SubCatchmentVegetationZoneParameters>
        <TT>1.3111142961531792</TT>
        <CFMAX>1.8807289000718663</CFMAX>
        <SP>0</SP>
        <SFCF>0.63801981332018731</SFCF>
        <CFR>0.099999205644417666</CFR>
        <CWH>0.19999687329636684</CWH>
        <CFGlacier>1</CFGlacier>
        <CFSlope>1</CFSlope>
        <FC>512.18241242399415</FC>
        <LP>0.53688098824580555</LP>
        <BETA>5.9999962526963495</BETA>
      </SubCatchmentVegetationZoneParameters>
    </SubCatchmentVegetationZone>
  </SubCatchment>
</Catchment>