<?xml version="1.0" encoding="utf-8"?>
<Catchment xmlns:xsi="http://www.w3.org/2001/XMLSchema-instance" xmlns:xsd="http://www.w3.org/2001/XMLSchema">
  <CatchmentParameters>
    <KSI>0.001</KSI>
    <KGmin>0.05</KGmin>
    <RangeKG>0.1</RangeKG>
    <AG>0.1</AG>
    <PERC>9.9999435139084429</PERC>
    <Alpha>0</Alpha>
    <UZL>90.114892503519</UZL>
    <K0>0.26822866880866852</K0>
    <K1>0.13634287434616957</K1>
    <K2>0.10871467027926533</K2>
    <MAXBAS>1.3955991710544058</MAXBAS>
    <Cet>0</Cet>
    <PCALT>10</PCALT>
    <TCALT>0.6</TCALT>
    <Pelev>3022</Pelev>
    <Telev>3058</Telev>
    <PART>0.5</PART>
    <DELAY>1</DELAY>
  </CatchmentParameters>
  <VegetationZone>
    <VegetationZoneParameters>
      <TT>2.2419814650058845</TT>
      <CFMAX>2.0638091040453577</CFMAX>
      <SP>0</SP>
      <SFCF>0.55927101761618137</SFCF>
      <CFR>0.099947574458143493</CFR>
      <CWH>0.19997917378655811</CWH>
      <CFGlacier>1</CFGlacier>
      <CFSlope>1</CFSlope>
      <FC>509.426095674853</FC>
      <LP>0.70773066340665369</LP>
      <BETA>5.99999875927244</BETA>
    </VegetationZoneParameters>
  </VegetationZone>
  <SubCatchment>
    <SubCatchmentParameters>
      <KSI>0.001</KSI>
      <KGmin>0.05</KGmin>
      <RangeKG>0.1</RangeKG>
      <AG>0.1</AG>
      <PERC>9.9999435139084429</PERC>
      <Alpha>0</Alpha>
      <UZL>90.114892503519</UZL>
      <K0>0.26822866880866852</K0>
      <K1>0.13634287434616957</K1>
      <K2>0.10871467027926533</K2>
      <MAXBAS>1.3955991710544058</MAXBAS>
      <Cet>0</Cet>
      <PCALT>10</PCALT>
      <TCALT>0.6</TCALT>
      <Pelev>3022</Pelev>
      <Telev>3058</Telev>
      <PART>0.5</PART>
      <DELAY>1</DELAY>
    </SubCatchmentParameters>
    <SubCatchmentVegetationZone>
      <SubCatchmentVegetationZoneParameters>
        <TT>2.2419814650058845</TT>
        <CFMAX>2.0638091040453577</CFMAX>
        <SP>0</SP>
        <SFCF>0.55927101761618137</SFCF>
        <CFR>0.099947574458143493</CFR>
        <CWH>0.19997917378655811</CWH>
        <CFGlacier>1</CFGlacier>
        <CFSlope>1</CFSlope>
        <FC>509.426095674853</FC>
        <LP>0.70773066340665369</LP>
        <BETA>5.99999875927244</BETA>
      </SubCatchmentVegetationZoneParameters>
    </SubCatchmentVegetationZone>
  </SubCatchment>
</Catchment>