<?xml version="1.0" encoding="utf-8"?>
<Catchment xmlns:xsi="http://www.w3.org/2001/XMLSchema-instance" xmlns:xsd="http://www.w3.org/2001/XMLSchema">
  <CatchmentParameters>
    <KSI>0.001</KSI>
    <KGmin>0.05</KGmin>
    <RangeKG>0.1</RangeKG>
    <AG>0.1</AG>
    <PERC>0.047475867879313648</PERC>
    <Alpha>0</Alpha>
    <UZL>172.81460153927162</UZL>
    <K0>0.140893870964309</K0>
    <K1>0.11448843949810873</K1>
    <K2>0.010003052915415077</K2>
    <MAXBAS>1</MAXBAS>
    <Cet>0</Cet>
    <PCALT>10</PCALT>
    <TCALT>0.6</TCALT>
    <Pelev>3022</Pelev>
    <Telev>3058</Telev>
    <PART>0.5</PART>
    <DELAY>1</DELAY>
  </CatchmentParameters>
  <VegetationZone>
    <VegetationZoneParameters>
      <TT>0.57406239409361426</TT>
      <CFMAX>1.6843124018815452</CFMAX>
      <SP>0</SP>
      <SFCF>0.71116168957526849</SFCF>
      <CFR>0.099158213861633981</CFR>
      <CWH>0.10000018379488</CWH>
      <CFGlacier>1</CFGlacier>
      <CFSlope>1</CFSlope>
      <FC>748.76613501852239</FC>
      <LP>0.49488493165768094</LP>
      <BETA>5.7904698037228526</BETA>
    </VegetationZoneParameters>
  </VegetationZone>
  <SubCatchment>
    <SubCatchmentParameters>
      <KSI>0.001</KSI>
      <KGmin>0.05</KGmin>
      <RangeKG>0.1</RangeKG>
      <AG>0.1</AG>
      <PERC>0.047475867879313648</PERC>
      <Alpha>0</Alpha>
      <UZL>172.81460153927162</UZL>
      <K0>0.140893870964309</K0>
      <K1>0.11448843949810873</K1>
      <K2>0.010003052915415077</K2>
      <MAXBAS>1</MAXBAS>
      <Cet>0</Cet>
      <PCALT>10</PCALT>
      <TCALT>0.6</TCALT>
      <Pelev>3022</Pelev>
      <Telev>3058</Telev>
      <PART>0.5</PART>
      <DELAY>1</DELAY>
    </SubCatchmentParameters>
    <SubCatchmentVegetationZone>
      <SubCatchmentVegetationZoneParameters>
        <TT>0.57406239409361426</TT>
        <CFMAX>1.6843124018815452</CFMAX>
        <SP>0</SP>
        <SFCF>0.71116168957526849</SFCF>
        <CFR>0.099158213861633981</CFR>
        <CWH>0.10000018379488</CWH>
        <CFGlacier>1</CFGlacier>
        <CFSlope>1</CFSlope>
        <FC>748.76613501852239</FC>
        <LP>0.49488493165768094</LP>
        <BETA>5.7904698037228526</BETA>
      </SubCatchmentVegetationZoneParameters>
    </SubCatchmentVegetationZone>
  </SubCatchment>
</Catchment>