<?xml version="1.0" encoding="utf-8"?>
<Catchment xmlns:xsi="http://www.w3.org/2001/XMLSchema-instance" xmlns:xsd="http://www.w3.org/2001/XMLSchema">
  <CatchmentParameters>
    <KSI>0.001</KSI>
    <KGmin>0.05</KGmin>
    <RangeKG>0.1</RangeKG>
    <AG>0.1</AG>
    <PERC>0.043608504355572272</PERC>
    <Alpha>0</Alpha>
    <UZL>131.52214166925677</UZL>
    <K0>0.2962710378301065</K0>
    <K1>0.14788568488192652</K1>
    <K2>0.016723183131014147</K2>
    <MAXBAS>1</MAXBAS>
    <Cet>0</Cet>
    <PCALT>10</PCALT>
    <TCALT>0.6</TCALT>
    <Pelev>3022</Pelev>
    <Telev>3058</Telev>
    <PART>0.5</PART>
    <DELAY>1</DELAY>
  </CatchmentParameters>
  <VegetationZone>
    <VegetationZoneParameters>
      <TT>0.093421320707253966</TT>
      <CFMAX>1.3297124976299257</CFMAX>
      <SP>0</SP>
      <SFCF>0.77032870684874211</SFCF>
      <CFR>0.0011177798376438861</CFR>
      <CWH>0.16327360390941567</CWH>
      <CFGlacier>1</CFGlacier>
      <CFSlope>1</CFSlope>
      <FC>1221.1904191922849</FC>
      <LP>0.47748275368269671</LP>
      <BETA>4.0042488617645624</BETA>
    </VegetationZoneParameters>
  </VegetationZone>
  <SubCatchment>
    <SubCatchmentParameters>
      <KSI>0.001</KSI>
      <KGmin>0.05</KGmin>
      <RangeKG>0.1</RangeKG>
      <AG>0.1</AG>
      <PERC>0.043608504355572272</PERC>
      <Alpha>0</Alpha>
      <UZL>131.52214166925677</UZL>
      <K0>0.2962710378301065</K0>
      <K1>0.14788568488192652</K1>
      <K2>0.016723183131014147</K2>
      <MAXBAS>1</MAXBAS>
      <Cet>0</Cet>
      <PCALT>10</PCALT>
      <TCALT>0.6</TCALT>
      <Pelev>3022</Pelev>
      <Telev>3058</Telev>
      <PART>0.5</PART>
      <DELAY>1</DELAY>
    </SubCatchmentParameters>
    <SubCatchmentVegetationZone>
      <SubCatchmentVegetationZoneParameters>
        <TT>0.093421320707253966</TT>
        <CFMAX>1.3297124976299257</CFMAX>
        <SP>0</SP>
        <SFCF>0.77032870684874211</SFCF>
        <CFR>0.0011177798376438861</CFR>
        <CWH>0.16327360390941567</CWH>
        <CFGlacier>1</CFGlacier>
        <CFSlope>1</CFSlope>
        <FC>1221.1904191922849</FC>
        <LP>0.47748275368269671</LP>
        <BETA>4.0042488617645624</BETA>
      </SubCatchmentVegetationZoneParameters>
    </SubCatchmentVegetationZone>
  </SubCatchment>
</Catchment>