<?xml version="1.0" encoding="utf-8"?>
<Catchment xmlns:xsi="http://www.w3.org/2001/XMLSchema-instance" xmlns:xsd="http://www.w3.org/2001/XMLSchema">
  <CatchmentParameters>
    <KSI>0.001</KSI>
    <KGmin>0.05</KGmin>
    <RangeKG>0.1</RangeKG>
    <AG>0.1</AG>
    <PERC>6.4016977054429436</PERC>
    <Alpha>0</Alpha>
    <UZL>94.3521843463014</UZL>
    <K0>0.52862967456732135</K0>
    <K1>0.067158924104317536</K1>
    <K2>0.098517945266729731</K2>
    <MAXBAS>1.0149620614136916</MAXBAS>
    <Cet>0</Cet>
    <PCALT>10</PCALT>
    <TCALT>0.6</TCALT>
    <Pelev>3022</Pelev>
    <Telev>3058</Telev>
    <PART>0.5</PART>
    <DELAY>1</DELAY>
  </CatchmentParameters>
  <VegetationZone>
    <VegetationZoneParameters>
      <TT>2.4082075488757839</TT>
      <CFMAX>2.846029889709778</CFMAX>
      <SP>0</SP>
      <SFCF>0.67120323624391343</SFCF>
      <CFR>0.09999987571423849</CFR>
      <CWH>0.19999724573379157</CWH>
      <CFGlacier>1</CFGlacier>
      <CFSlope>1</CFSlope>
      <FC>616.1075867733208</FC>
      <LP>0.61175980224997828</LP>
      <BETA>5.9997719048614071</BETA>
    </VegetationZoneParameters>
  </VegetationZone>
  <SubCatchment>
    <SubCatchmentParameters>
      <KSI>0.001</KSI>
      <KGmin>0.05</KGmin>
      <RangeKG>0.1</RangeKG>
      <AG>0.1</AG>
      <PERC>6.4016977054429436</PERC>
      <Alpha>0</Alpha>
      <UZL>94.3521843463014</UZL>
      <K0>0.52862967456732135</K0>
      <K1>0.067158924104317536</K1>
      <K2>0.098517945266729731</K2>
      <MAXBAS>1.0149620614136916</MAXBAS>
      <Cet>0</Cet>
      <PCALT>10</PCALT>
      <TCALT>0.6</TCALT>
      <Pelev>3022</Pelev>
      <Telev>3058</Telev>
      <PART>0.5</PART>
      <DELAY>1</DELAY>
    </SubCatchmentParameters>
    <SubCatchmentVegetationZone>
      <SubCatchmentVegetationZoneParameters>
        <TT>2.4082075488757839</TT>
        <CFMAX>2.846029889709778</CFMAX>
        <SP>0</SP>
        <SFCF>0.67120323624391343</SFCF>
        <CFR>0.09999987571423849</CFR>
        <CWH>0.19999724573379157</CWH>
        <CFGlacier>1</CFGlacier>
        <CFSlope>1</CFSlope>
        <FC>616.1075867733208</FC>
        <LP>0.61175980224997828</LP>
        <BETA>5.9997719048614071</BETA>
      </SubCatchmentVegetationZoneParameters>
    </SubCatchmentVegetationZone>
  </SubCatchment>
</Catchment>