<?xml version="1.0" encoding="utf-8"?>
<Catchment xmlns:xsi="http://www.w3.org/2001/XMLSchema-instance" xmlns:xsd="http://www.w3.org/2001/XMLSchema">
  <CatchmentParameters>
    <KSI>0.001</KSI>
    <KGmin>0.05</KGmin>
    <RangeKG>0.1</RangeKG>
    <AG>0.1</AG>
    <PERC>9.9999704662679036</PERC>
    <Alpha>0</Alpha>
    <UZL>85.821957283377</UZL>
    <K0>0.27134817667826611</K0>
    <K1>0.15767335775865243</K1>
    <K2>0.10674545358841282</K2>
    <MAXBAS>1.3449419316103541</MAXBAS>
    <Cet>0</Cet>
    <PCALT>10</PCALT>
    <TCALT>0.6</TCALT>
    <Pelev>3022</Pelev>
    <Telev>3058</Telev>
    <PART>0.5</PART>
    <DELAY>1</DELAY>
  </CatchmentParameters>
  <VegetationZone>
    <VegetationZoneParameters>
      <TT>1.5513994751043378</TT>
      <CFMAX>1.7443857317161824</CFMAX>
      <SP>0</SP>
      <SFCF>0.58700957244888186</SFCF>
      <CFR>0.099985972336587584</CFR>
      <CWH>0.15795514286764303</CWH>
      <CFGlacier>1</CFGlacier>
      <CFSlope>1</CFSlope>
      <FC>506.24157483739179</FC>
      <LP>0.62137809347466522</LP>
      <BETA>5.9999916871369354</BETA>
    </VegetationZoneParameters>
  </VegetationZone>
  <SubCatchment>
    <SubCatchmentParameters>
      <KSI>0.001</KSI>
      <KGmin>0.05</KGmin>
      <RangeKG>0.1</RangeKG>
      <AG>0.1</AG>
      <PERC>9.9999704662679036</PERC>
      <Alpha>0</Alpha>
      <UZL>85.821957283377</UZL>
      <K0>0.27134817667826611</K0>
      <K1>0.15767335775865243</K1>
      <K2>0.10674545358841282</K2>
      <MAXBAS>1.3449419316103541</MAXBAS>
      <Cet>0</Cet>
      <PCALT>10</PCALT>
      <TCALT>0.6</TCALT>
      <Pelev>3022</Pelev>
      <Telev>3058</Telev>
      <PART>0.5</PART>
      <DELAY>1</DELAY>
    </SubCatchmentParameters>
    <SubCatchmentVegetationZone>
      <SubCatchmentVegetationZoneParameters>
        <TT>1.5513994751043378</TT>
        <CFMAX>1.7443857317161824</CFMAX>
        <SP>0</SP>
        <SFCF>0.58700957244888186</SFCF>
        <CFR>0.099985972336587584</CFR>
        <CWH>0.15795514286764303</CWH>
        <CFGlacier>1</CFGlacier>
        <CFSlope>1</CFSlope>
        <FC>506.24157483739179</FC>
        <LP>0.62137809347466522</LP>
        <BETA>5.9999916871369354</BETA>
      </SubCatchmentVegetationZoneParameters>
    </SubCatchmentVegetationZone>
  </SubCatchment>
</Catchment>