<?xml version="1.0" encoding="utf-8"?>
<Catchment xmlns:xsi="http://www.w3.org/2001/XMLSchema-instance" xmlns:xsd="http://www.w3.org/2001/XMLSchema">
  <CatchmentParameters>
    <KSI>0.001</KSI>
    <KGmin>0.05</KGmin>
    <RangeKG>0.1</RangeKG>
    <AG>0.1</AG>
    <PERC>9.9999558659368759</PERC>
    <Alpha>0</Alpha>
    <UZL>55.721540370392454</UZL>
    <K0>0.49196591077328955</K0>
    <K1>0.22128941988531728</K1>
    <K2>0.10771714105044615</K2>
    <MAXBAS>1.4849762641721132</MAXBAS>
    <Cet>0</Cet>
    <PCALT>10</PCALT>
    <TCALT>0.6</TCALT>
    <Pelev>3022</Pelev>
    <Telev>3058</Telev>
    <PART>0.5</PART>
    <DELAY>1</DELAY>
  </CatchmentParameters>
  <VegetationZone>
    <VegetationZoneParameters>
      <TT>1.43159888521853</TT>
      <CFMAX>1.7769831526949222</CFMAX>
      <SP>0</SP>
      <SFCF>0.63664790437790209</SFCF>
      <CFR>0.0999980986627615</CFR>
      <CWH>0.19999888795127083</CWH>
      <CFGlacier>1</CFGlacier>
      <CFSlope>1</CFSlope>
      <FC>539.70293532008748</FC>
      <LP>0.55588405913297878</LP>
      <BETA>5.4444266387784808</BETA>
    </VegetationZoneParameters>
  </VegetationZone>
  <SubCatchment>
    <SubCatchmentParameters>
      <KSI>0.001</KSI>
      <KGmin>0.05</KGmin>
      <RangeKG>0.1</RangeKG>
      <AG>0.1</AG>
      <PERC>9.9999558659368759</PERC>
      <Alpha>0</Alpha>
      <UZL>55.721540370392454</UZL>
      <K0>0.49196591077328955</K0>
      <K1>0.22128941988531728</K1>
      <K2>0.10771714105044615</K2>
      <MAXBAS>1.4849762641721132</MAXBAS>
      <Cet>0</Cet>
      <PCALT>10</PCALT>
      <TCALT>0.6</TCALT>
      <Pelev>3022</Pelev>
      <Telev>3058</Telev>
      <PART>0.5</PART>
      <DELAY>1</DELAY>
    </SubCatchmentParameters>
    <SubCatchmentVegetationZone>
      <SubCatchmentVegetationZoneParameters>
        <TT>1.43159888521853</TT>
        <CFMAX>1.7769831526949222</CFMAX>
        <SP>0</SP>
        <SFCF>0.63664790437790209</SFCF>
        <CFR>0.0999980986627615</CFR>
        <CWH>0.19999888795127083</CWH>
        <CFGlacier>1</CFGlacier>
        <CFSlope>1</CFSlope>
        <FC>539.70293532008748</FC>
        <LP>0.55588405913297878</LP>
        <BETA>5.4444266387784808</BETA>
      </SubCatchmentVegetationZoneParameters>
    </SubCatchmentVegetationZone>
  </SubCatchment>
</Catchment>