<?xml version="1.0" encoding="utf-8"?>
<Catchment xmlns:xsi="http://www.w3.org/2001/XMLSchema-instance" xmlns:xsd="http://www.w3.org/2001/XMLSchema">
  <CatchmentParameters>
    <KSI>0.001</KSI>
    <KGmin>0.05</KGmin>
    <RangeKG>0.1</RangeKG>
    <AG>0.1</AG>
    <PERC>0.11678210691651987</PERC>
    <Alpha>0</Alpha>
    <UZL>116.79203369065608</UZL>
    <K0>0.677812372144164</K0>
    <K1>0.095351250724456757</K1>
    <K2>0.0200000001817862</K2>
    <MAXBAS>1.0848214060087389</MAXBAS>
    <Cet>0</Cet>
    <PCALT>10</PCALT>
    <TCALT>0.6</TCALT>
    <Pelev>3022</Pelev>
    <Telev>3058</Telev>
    <PART>0.5</PART>
    <DELAY>1</DELAY>
  </CatchmentParameters>
  <VegetationZone>
    <VegetationZoneParameters>
      <TT>2.4778580683829929</TT>
      <CFMAX>2.4509213017223352</CFMAX>
      <SP>0</SP>
      <SFCF>0.583465856508923</SFCF>
      <CFR>0.099996160032294709</CFR>
      <CWH>0.19999897307624312</CWH>
      <CFGlacier>1</CFGlacier>
      <CFSlope>1</CFSlope>
      <FC>434.28179720452516</FC>
      <LP>0.54943845877550512</LP>
      <BETA>5.6986475979755813</BETA>
    </VegetationZoneParameters>
  </VegetationZone>
  <SubCatchment>
    <SubCatchmentParameters>
      <KSI>0.001</KSI>
      <KGmin>0.05</KGmin>
      <RangeKG>0.1</RangeKG>
      <AG>0.1</AG>
      <PERC>0.11678210691651987</PERC>
      <Alpha>0</Alpha>
      <UZL>116.79203369065608</UZL>
      <K0>0.677812372144164</K0>
      <K1>0.095351250724456757</K1>
      <K2>0.0200000001817862</K2>
      <MAXBAS>1.0848214060087389</MAXBAS>
      <Cet>0</Cet>
      <PCALT>10</PCALT>
      <TCALT>0.6</TCALT>
      <Pelev>3022</Pelev>
      <Telev>3058</Telev>
      <PART>0.5</PART>
      <DELAY>1</DELAY>
    </SubCatchmentParameters>
    <SubCatchmentVegetationZone>
      <SubCatchmentVegetationZoneParameters>
        <TT>2.4778580683829929</TT>
        <CFMAX>2.4509213017223352</CFMAX>
        <SP>0</SP>
        <SFCF>0.583465856508923</SFCF>
        <CFR>0.099996160032294709</CFR>
        <CWH>0.19999897307624312</CWH>
        <CFGlacier>1</CFGlacier>
        <CFSlope>1</CFSlope>
        <FC>434.28179720452516</FC>
        <LP>0.54943845877550512</LP>
        <BETA>5.6986475979755813</BETA>
      </SubCatchmentVegetationZoneParameters>
    </SubCatchmentVegetationZone>
  </SubCatchment>
</Catchment>