<?xml version="1.0" encoding="utf-8"?>
<Catchment xmlns:xsi="http://www.w3.org/2001/XMLSchema-instance" xmlns:xsd="http://www.w3.org/2001/XMLSchema">
  <CatchmentParameters>
    <KSI>0.001</KSI>
    <KGmin>0.05</KGmin>
    <RangeKG>0.1</RangeKG>
    <AG>0.1</AG>
    <PERC>2.5329137987573231</PERC>
    <Alpha>0</Alpha>
    <UZL>122.01416305390032</UZL>
    <K0>0.11046496751816086</K0>
    <K1>0.071697000142628642</K1>
    <K2>0.12456303549717725</K2>
    <MAXBAS>1.4350205157195963</MAXBAS>
    <Cet>0</Cet>
    <PCALT>10</PCALT>
    <TCALT>0.6</TCALT>
    <Pelev>3022</Pelev>
    <Telev>3058</Telev>
    <PART>0.5</PART>
    <DELAY>1</DELAY>
  </CatchmentParameters>
  <VegetationZone>
    <VegetationZoneParameters>
      <TT>2.3989445216635863</TT>
      <CFMAX>2.9957599457094961</CFMAX>
      <SP>0</SP>
      <SFCF>0.66217210558263706</SFCF>
      <CFR>0.099999999963444011</CFR>
      <CWH>0.19999930494168636</CWH>
      <CFGlacier>1</CFGlacier>
      <CFSlope>1</CFSlope>
      <FC>430.72748994947671</FC>
      <LP>0.3562947354373181</LP>
      <BETA>5.864702932377873</BETA>
    </VegetationZoneParameters>
  </VegetationZone>
  <SubCatchment>
    <SubCatchmentParameters>
      <KSI>0.001</KSI>
      <KGmin>0.05</KGmin>
      <RangeKG>0.1</RangeKG>
      <AG>0.1</AG>
      <PERC>2.5329137987573231</PERC>
      <Alpha>0</Alpha>
      <UZL>122.01416305390032</UZL>
      <K0>0.11046496751816086</K0>
      <K1>0.071697000142628642</K1>
      <K2>0.12456303549717725</K2>
      <MAXBAS>1.4350205157195963</MAXBAS>
      <Cet>0</Cet>
      <PCALT>10</PCALT>
      <TCALT>0.6</TCALT>
      <Pelev>3022</Pelev>
      <Telev>3058</Telev>
      <PART>0.5</PART>
      <DELAY>1</DELAY>
    </SubCatchmentParameters>
    <SubCatchmentVegetationZone>
      <SubCatchmentVegetationZoneParameters>
        <TT>2.3989445216635863</TT>
        <CFMAX>2.9957599457094961</CFMAX>
        <SP>0</SP>
        <SFCF>0.66217210558263706</SFCF>
        <CFR>0.099999999963444011</CFR>
        <CWH>0.19999930494168636</CWH>
        <CFGlacier>1</CFGlacier>
        <CFSlope>1</CFSlope>
        <FC>430.72748994947671</FC>
        <LP>0.3562947354373181</LP>
        <BETA>5.864702932377873</BETA>
      </SubCatchmentVegetationZoneParameters>
    </SubCatchmentVegetationZone>
  </SubCatchment>
</Catchment>