<?xml version="1.0" encoding="utf-8"?>
<Catchment xmlns:xsi="http://www.w3.org/2001/XMLSchema-instance" xmlns:xsd="http://www.w3.org/2001/XMLSchema">
  <CatchmentParameters>
    <KSI>0.001</KSI>
    <KGmin>0.05</KGmin>
    <RangeKG>0.1</RangeKG>
    <AG>0.1</AG>
    <PERC>9.9998284575747629</PERC>
    <Alpha>0</Alpha>
    <UZL>65.548786173804217</UZL>
    <K0>0.25291808991354675</K0>
    <K1>0.075864586852413443</K1>
    <K2>0.07246984733062331</K2>
    <MAXBAS>2.1048757838750953</MAXBAS>
    <Cet>0</Cet>
    <PCALT>10</PCALT>
    <TCALT>0.6</TCALT>
    <Pelev>3022</Pelev>
    <Telev>3058</Telev>
    <PART>0.5</PART>
    <DELAY>1</DELAY>
  </CatchmentParameters>
  <VegetationZone>
    <VegetationZoneParameters>
      <TT>0.74974997768566254</TT>
      <CFMAX>1.9757818124408966</CFMAX>
      <SP>0</SP>
      <SFCF>0.69286612399358583</SFCF>
      <CFR>0.099990774765168433</CFR>
      <CWH>0.18721764793553594</CWH>
      <CFGlacier>1</CFGlacier>
      <CFSlope>1</CFSlope>
      <FC>439.02548146572457</FC>
      <LP>0.32659865574435021</LP>
      <BETA>5.9999952102753369</BETA>
    </VegetationZoneParameters>
  </VegetationZone>
  <SubCatchment>
    <SubCatchmentParameters>
      <KSI>0.001</KSI>
      <KGmin>0.05</KGmin>
      <RangeKG>0.1</RangeKG>
      <AG>0.1</AG>
      <PERC>9.9998284575747629</PERC>
      <Alpha>0</Alpha>
      <UZL>65.548786173804217</UZL>
      <K0>0.25291808991354675</K0>
      <K1>0.075864586852413443</K1>
      <K2>0.07246984733062331</K2>
      <MAXBAS>2.1048757838750953</MAXBAS>
      <Cet>0</Cet>
      <PCALT>10</PCALT>
      <TCALT>0.6</TCALT>
      <Pelev>3022</Pelev>
      <Telev>3058</Telev>
      <PART>0.5</PART>
      <DELAY>1</DELAY>
    </SubCatchmentParameters>
    <SubCatchmentVegetationZone>
      <SubCatchmentVegetationZoneParameters>
        <TT>0.74974997768566254</TT>
        <CFMAX>1.9757818124408966</CFMAX>
        <SP>0</SP>
        <SFCF>0.69286612399358583</SFCF>
        <CFR>0.099990774765168433</CFR>
        <CWH>0.18721764793553594</CWH>
        <CFGlacier>1</CFGlacier>
        <CFSlope>1</CFSlope>
        <FC>439.02548146572457</FC>
        <LP>0.32659865574435021</LP>
        <BETA>5.9999952102753369</BETA>
      </SubCatchmentVegetationZoneParameters>
    </SubCatchmentVegetationZone>
  </SubCatchment>
</Catchment>