<?xml version="1.0" encoding="utf-8"?>
<Catchment xmlns:xsi="http://www.w3.org/2001/XMLSchema-instance" xmlns:xsd="http://www.w3.org/2001/XMLSchema">
  <CatchmentParameters>
    <KSI>0.001</KSI>
    <KGmin>0.05</KGmin>
    <RangeKG>0.1</RangeKG>
    <AG>0.1</AG>
    <PERC>0.069873849544753064</PERC>
    <Alpha>0</Alpha>
    <UZL>105.52666616957646</UZL>
    <K0>0.050019894799038567</K0>
    <K1>0.14691828357411071</K1>
    <K2>0.022762820815937123</K2>
    <MAXBAS>1</MAXBAS>
    <Cet>0</Cet>
    <PCALT>10</PCALT>
    <TCALT>0.6</TCALT>
    <Pelev>3022</Pelev>
    <Telev>3058</Telev>
    <PART>0.5</PART>
    <DELAY>1</DELAY>
  </CatchmentParameters>
  <VegetationZone>
    <VegetationZoneParameters>
      <TT>0.41322691844559029</TT>
      <CFMAX>1.5372678937352644</CFMAX>
      <SP>0</SP>
      <SFCF>0.79026041187532159</SFCF>
      <CFR>0.073053383091741156</CFR>
      <CWH>0.10000108694149534</CWH>
      <CFGlacier>1</CFGlacier>
      <CFSlope>1</CFSlope>
      <FC>1592.35774885869</FC>
      <LP>0.60444469862811634</LP>
      <BETA>5.2580782548033982</BETA>
    </VegetationZoneParameters>
  </VegetationZone>
  <SubCatchment>
    <SubCatchmentParameters>
      <KSI>0.001</KSI>
      <KGmin>0.05</KGmin>
      <RangeKG>0.1</RangeKG>
      <AG>0.1</AG>
      <PERC>0.069873849544753064</PERC>
      <Alpha>0</Alpha>
      <UZL>105.52666616957646</UZL>
      <K0>0.050019894799038567</K0>
      <K1>0.14691828357411071</K1>
      <K2>0.022762820815937123</K2>
      <MAXBAS>1</MAXBAS>
      <Cet>0</Cet>
      <PCALT>10</PCALT>
      <TCALT>0.6</TCALT>
      <Pelev>3022</Pelev>
      <Telev>3058</Telev>
      <PART>0.5</PART>
      <DELAY>1</DELAY>
    </SubCatchmentParameters>
    <SubCatchmentVegetationZone>
      <SubCatchmentVegetationZoneParameters>
        <TT>0.41322691844559029</TT>
        <CFMAX>1.5372678937352644</CFMAX>
        <SP>0</SP>
        <SFCF>0.79026041187532159</SFCF>
        <CFR>0.073053383091741156</CFR>
        <CWH>0.10000108694149534</CWH>
        <CFGlacier>1</CFGlacier>
        <CFSlope>1</CFSlope>
        <FC>1592.35774885869</FC>
        <LP>0.60444469862811634</LP>
        <BETA>5.2580782548033982</BETA>
      </SubCatchmentVegetationZoneParameters>
    </SubCatchmentVegetationZone>
  </SubCatchment>
</Catchment>