<?xml version="1.0" encoding="utf-8"?>
<Catchment xmlns:xsi="http://www.w3.org/2001/XMLSchema-instance" xmlns:xsd="http://www.w3.org/2001/XMLSchema">
  <CatchmentParameters>
    <KSI>0.001</KSI>
    <KGmin>0.05</KGmin>
    <RangeKG>0.1</RangeKG>
    <AG>0.1</AG>
    <PERC>4.3658009972752811</PERC>
    <Alpha>0</Alpha>
    <UZL>89.854647709382618</UZL>
    <K0>0.72128458766391224</K0>
    <K1>0.12935368793241164</K1>
    <K2>0.10034460944507907</K2>
    <MAXBAS>1.4050147692949149</MAXBAS>
    <Cet>0</Cet>
    <PCALT>10</PCALT>
    <TCALT>0.6</TCALT>
    <Pelev>3022</Pelev>
    <Telev>3058</Telev>
    <PART>0.5</PART>
    <DELAY>1</DELAY>
  </CatchmentParameters>
  <VegetationZone>
    <VegetationZoneParameters>
      <TT>0.74199731141413283</TT>
      <CFMAX>1.2735784773265164</CFMAX>
      <SP>0</SP>
      <SFCF>0.5774483784860116</SFCF>
      <CFR>0.00011799452732729008</CFR>
      <CWH>0.19999923113437335</CWH>
      <CFGlacier>1</CFGlacier>
      <CFSlope>1</CFSlope>
      <FC>381.2182110896029</FC>
      <LP>0.32820984832368372</LP>
      <BETA>5.9999844066045709</BETA>
    </VegetationZoneParameters>
  </VegetationZone>
  <SubCatchment>
    <SubCatchmentParameters>
      <KSI>0.001</KSI>
      <KGmin>0.05</KGmin>
      <RangeKG>0.1</RangeKG>
      <AG>0.1</AG>
      <PERC>4.3658009972752811</PERC>
      <Alpha>0</Alpha>
      <UZL>89.854647709382618</UZL>
      <K0>0.72128458766391224</K0>
      <K1>0.12935368793241164</K1>
      <K2>0.10034460944507907</K2>
      <MAXBAS>1.4050147692949149</MAXBAS>
      <Cet>0</Cet>
      <PCALT>10</PCALT>
      <TCALT>0.6</TCALT>
      <Pelev>3022</Pelev>
      <Telev>3058</Telev>
      <PART>0.5</PART>
      <DELAY>1</DELAY>
    </SubCatchmentParameters>
    <SubCatchmentVegetationZone>
      <SubCatchmentVegetationZoneParameters>
        <TT>0.74199731141413283</TT>
        <CFMAX>1.2735784773265164</CFMAX>
        <SP>0</SP>
        <SFCF>0.5774483784860116</SFCF>
        <CFR>0.00011799452732729008</CFR>
        <CWH>0.19999923113437335</CWH>
        <CFGlacier>1</CFGlacier>
        <CFSlope>1</CFSlope>
        <FC>381.2182110896029</FC>
        <LP>0.32820984832368372</LP>
        <BETA>5.9999844066045709</BETA>
      </SubCatchmentVegetationZoneParameters>
    </SubCatchmentVegetationZone>
  </SubCatchment>
</Catchment>