<?xml version="1.0" encoding="utf-8"?>
<Catchment xmlns:xsi="http://www.w3.org/2001/XMLSchema-instance" xmlns:xsd="http://www.w3.org/2001/XMLSchema">
  <CatchmentParameters>
    <KSI>0.001</KSI>
    <KGmin>0.05</KGmin>
    <RangeKG>0.1</RangeKG>
    <AG>0.1</AG>
    <PERC>9.999943378787389</PERC>
    <Alpha>0</Alpha>
    <UZL>30.951303217095358</UZL>
    <K0>0.16356314117447529</K0>
    <K1>0.14500585097592705</K1>
    <K2>0.1132063530886257</K2>
    <MAXBAS>1.0451163877944603</MAXBAS>
    <Cet>0</Cet>
    <PCALT>10</PCALT>
    <TCALT>0.6</TCALT>
    <Pelev>3022</Pelev>
    <Telev>3058</Telev>
    <PART>0.5</PART>
    <DELAY>1</DELAY>
  </CatchmentParameters>
  <VegetationZone>
    <VegetationZoneParameters>
      <TT>2.1630237513177391</TT>
      <CFMAX>1.7479951378220553</CFMAX>
      <SP>0</SP>
      <SFCF>0.51590281908889846</SFCF>
      <CFR>0.099410419073497278</CFR>
      <CWH>0.19998301208902566</CWH>
      <CFGlacier>1</CFGlacier>
      <CFSlope>1</CFSlope>
      <FC>312.27086886467521</FC>
      <LP>0.30000025670071723</LP>
      <BETA>4.7988089477863305</BETA>
    </VegetationZoneParameters>
  </VegetationZone>
  <SubCatchment>
    <SubCatchmentParameters>
      <KSI>0.001</KSI>
      <KGmin>0.05</KGmin>
      <RangeKG>0.1</RangeKG>
      <AG>0.1</AG>
      <PERC>9.999943378787389</PERC>
      <Alpha>0</Alpha>
      <UZL>30.951303217095358</UZL>
      <K0>0.16356314117447529</K0>
      <K1>0.14500585097592705</K1>
      <K2>0.1132063530886257</K2>
      <MAXBAS>1.0451163877944603</MAXBAS>
      <Cet>0</Cet>
      <PCALT>10</PCALT>
      <TCALT>0.6</TCALT>
      <Pelev>3022</Pelev>
      <Telev>3058</Telev>
      <PART>0.5</PART>
      <DELAY>1</DELAY>
    </SubCatchmentParameters>
    <SubCatchmentVegetationZone>
      <SubCatchmentVegetationZoneParameters>
        <TT>2.1630237513177391</TT>
        <CFMAX>1.7479951378220553</CFMAX>
        <SP>0</SP>
        <SFCF>0.51590281908889846</SFCF>
        <CFR>0.099410419073497278</CFR>
        <CWH>0.19998301208902566</CWH>
        <CFGlacier>1</CFGlacier>
        <CFSlope>1</CFSlope>
        <FC>312.27086886467521</FC>
        <LP>0.30000025670071723</LP>
        <BETA>4.7988089477863305</BETA>
      </SubCatchmentVegetationZoneParameters>
    </SubCatchmentVegetationZone>
  </SubCatchment>
</Catchment>