<?xml version="1.0" encoding="utf-8"?>
<Catchment xmlns:xsi="http://www.w3.org/2001/XMLSchema-instance" xmlns:xsd="http://www.w3.org/2001/XMLSchema">
  <CatchmentParameters>
    <KSI>0.001</KSI>
    <KGmin>0.05</KGmin>
    <RangeKG>0.1</RangeKG>
    <AG>0.1</AG>
    <PERC>0.049343177810924108</PERC>
    <Alpha>0</Alpha>
    <UZL>105.94508544568728</UZL>
    <K0>0.14877926582282419</K0>
    <K1>0.13214215352585043</K1>
    <K2>0.010000760650277284</K2>
    <MAXBAS>1</MAXBAS>
    <Cet>0</Cet>
    <PCALT>10</PCALT>
    <TCALT>0.6</TCALT>
    <Pelev>3022</Pelev>
    <Telev>3058</Telev>
    <PART>0.5</PART>
    <DELAY>1</DELAY>
  </CatchmentParameters>
  <VegetationZone>
    <VegetationZoneParameters>
      <TT>1.5533182749882286</TT>
      <CFMAX>1.4366389494389811</CFMAX>
      <SP>0</SP>
      <SFCF>0.54687822552197773</SFCF>
      <CFR>2.0436887938928611E-10</CFR>
      <CWH>0.10000056015582445</CWH>
      <CFGlacier>1</CFGlacier>
      <CFSlope>1</CFSlope>
      <FC>568.50430292436693</FC>
      <LP>0.70442344799820467</LP>
      <BETA>5.30206381593452</BETA>
    </VegetationZoneParameters>
  </VegetationZone>
  <SubCatchment>
    <SubCatchmentParameters>
      <KSI>0.001</KSI>
      <KGmin>0.05</KGmin>
      <RangeKG>0.1</RangeKG>
      <AG>0.1</AG>
      <PERC>0.049343177810924108</PERC>
      <Alpha>0</Alpha>
      <UZL>105.94508544568728</UZL>
      <K0>0.14877926582282419</K0>
      <K1>0.13214215352585043</K1>
      <K2>0.010000760650277284</K2>
      <MAXBAS>1</MAXBAS>
      <Cet>0</Cet>
      <PCALT>10</PCALT>
      <TCALT>0.6</TCALT>
      <Pelev>3022</Pelev>
      <Telev>3058</Telev>
      <PART>0.5</PART>
      <DELAY>1</DELAY>
    </SubCatchmentParameters>
    <SubCatchmentVegetationZone>
      <SubCatchmentVegetationZoneParameters>
        <TT>1.5533182749882286</TT>
        <CFMAX>1.4366389494389811</CFMAX>
        <SP>0</SP>
        <SFCF>0.54687822552197773</SFCF>
        <CFR>2.0436887938928611E-10</CFR>
        <CWH>0.10000056015582445</CWH>
        <CFGlacier>1</CFGlacier>
        <CFSlope>1</CFSlope>
        <FC>568.50430292436693</FC>
        <LP>0.70442344799820467</LP>
        <BETA>5.30206381593452</BETA>
      </SubCatchmentVegetationZoneParameters>
    </SubCatchmentVegetationZone>
  </SubCatchment>
</Catchment>