<?xml version="1.0" encoding="utf-8"?>
<Catchment xmlns:xsi="http://www.w3.org/2001/XMLSchema-instance" xmlns:xsd="http://www.w3.org/2001/XMLSchema">
  <CatchmentParameters>
    <KSI>0.001</KSI>
    <KGmin>0.05</KGmin>
    <RangeKG>0.1</RangeKG>
    <AG>0.1</AG>
    <PERC>0.03736165258107612</PERC>
    <Alpha>0</Alpha>
    <UZL>180.33234293754236</UZL>
    <K0>0.2811647876751821</K0>
    <K1>0.20098404533262615</K1>
    <K2>0.011727020466538691</K2>
    <MAXBAS>1</MAXBAS>
    <Cet>0</Cet>
    <PCALT>10</PCALT>
    <TCALT>0.6</TCALT>
    <Pelev>3022</Pelev>
    <Telev>3058</Telev>
    <PART>0.5</PART>
    <DELAY>1</DELAY>
  </CatchmentParameters>
  <VegetationZone>
    <VegetationZoneParameters>
      <TT>0.97569959391327854</TT>
      <CFMAX>1.4139282773754731</CFMAX>
      <SP>0</SP>
      <SFCF>0.76206900145094891</SFCF>
      <CFR>0.099999985182591553</CFR>
      <CWH>0.1309473794010195</CWH>
      <CFGlacier>1</CFGlacier>
      <CFSlope>1</CFSlope>
      <FC>1553.3451857507364</FC>
      <LP>0.46595323528405447</LP>
      <BETA>3.0605728165824813</BETA>
    </VegetationZoneParameters>
  </VegetationZone>
  <SubCatchment>
    <SubCatchmentParameters>
      <KSI>0.001</KSI>
      <KGmin>0.05</KGmin>
      <RangeKG>0.1</RangeKG>
      <AG>0.1</AG>
      <PERC>0.03736165258107612</PERC>
      <Alpha>0</Alpha>
      <UZL>180.33234293754236</UZL>
      <K0>0.2811647876751821</K0>
      <K1>0.20098404533262615</K1>
      <K2>0.011727020466538691</K2>
      <MAXBAS>1</MAXBAS>
      <Cet>0</Cet>
      <PCALT>10</PCALT>
      <TCALT>0.6</TCALT>
      <Pelev>3022</Pelev>
      <Telev>3058</Telev>
      <PART>0.5</PART>
      <DELAY>1</DELAY>
    </SubCatchmentParameters>
    <SubCatchmentVegetationZone>
      <SubCatchmentVegetationZoneParameters>
        <TT>0.97569959391327854</TT>
        <CFMAX>1.4139282773754731</CFMAX>
        <SP>0</SP>
        <SFCF>0.76206900145094891</SFCF>
        <CFR>0.099999985182591553</CFR>
        <CWH>0.1309473794010195</CWH>
        <CFGlacier>1</CFGlacier>
        <CFSlope>1</CFSlope>
        <FC>1553.3451857507364</FC>
        <LP>0.46595323528405447</LP>
        <BETA>3.0605728165824813</BETA>
      </SubCatchmentVegetationZoneParameters>
    </SubCatchmentVegetationZone>
  </SubCatchment>
</Catchment>