<?xml version="1.0" encoding="utf-8"?>
<Catchment xmlns:xsi="http://www.w3.org/2001/XMLSchema-instance" xmlns:xsd="http://www.w3.org/2001/XMLSchema">
  <CatchmentParameters>
    <KSI>0.001</KSI>
    <KGmin>0.05</KGmin>
    <RangeKG>0.1</RangeKG>
    <AG>0.1</AG>
    <PERC>9.9999717960184284</PERC>
    <Alpha>0</Alpha>
    <UZL>127.90624486169622</UZL>
    <K0>0.17699215622808329</K0>
    <K1>0.13053554339666015</K1>
    <K2>0.093900363875149287</K2>
    <MAXBAS>1.3847722095077242</MAXBAS>
    <Cet>0</Cet>
    <PCALT>10</PCALT>
    <TCALT>0.6</TCALT>
    <Pelev>3022</Pelev>
    <Telev>3058</Telev>
    <PART>0.5</PART>
    <DELAY>1</DELAY>
  </CatchmentParameters>
  <VegetationZone>
    <VegetationZoneParameters>
      <TT>1.4626664135116307</TT>
      <CFMAX>2.0273270339212934</CFMAX>
      <SP>0</SP>
      <SFCF>0.65015421126803508</SFCF>
      <CFR>0.099999358485039574</CFR>
      <CWH>0.19298486566444464</CWH>
      <CFGlacier>1</CFGlacier>
      <CFSlope>1</CFSlope>
      <FC>507.49456696307413</FC>
      <LP>0.49509825690318665</LP>
      <BETA>5.9999864804840382</BETA>
    </VegetationZoneParameters>
  </VegetationZone>
  <SubCatchment>
    <SubCatchmentParameters>
      <KSI>0.001</KSI>
      <KGmin>0.05</KGmin>
      <RangeKG>0.1</RangeKG>
      <AG>0.1</AG>
      <PERC>9.9999717960184284</PERC>
      <Alpha>0</Alpha>
      <UZL>127.90624486169622</UZL>
      <K0>0.17699215622808329</K0>
      <K1>0.13053554339666015</K1>
      <K2>0.093900363875149287</K2>
      <MAXBAS>1.3847722095077242</MAXBAS>
      <Cet>0</Cet>
      <PCALT>10</PCALT>
      <TCALT>0.6</TCALT>
      <Pelev>3022</Pelev>
      <Telev>3058</Telev>
      <PART>0.5</PART>
      <DELAY>1</DELAY>
    </SubCatchmentParameters>
    <SubCatchmentVegetationZone>
      <SubCatchmentVegetationZoneParameters>
        <TT>1.4626664135116307</TT>
        <CFMAX>2.0273270339212934</CFMAX>
        <SP>0</SP>
        <SFCF>0.65015421126803508</SFCF>
        <CFR>0.099999358485039574</CFR>
        <CWH>0.19298486566444464</CWH>
        <CFGlacier>1</CFGlacier>
        <CFSlope>1</CFSlope>
        <FC>507.49456696307413</FC>
        <LP>0.49509825690318665</LP>
        <BETA>5.9999864804840382</BETA>
      </SubCatchmentVegetationZoneParameters>
    </SubCatchmentVegetationZone>
  </SubCatchment>
</Catchment>