<?xml version="1.0" encoding="utf-8"?>
<Catchment xmlns:xsi="http://www.w3.org/2001/XMLSchema-instance" xmlns:xsd="http://www.w3.org/2001/XMLSchema">
  <CatchmentParameters>
    <KSI>0.001</KSI>
    <KGmin>0.05</KGmin>
    <RangeKG>0.1</RangeKG>
    <AG>0.1</AG>
    <PERC>9.99998490545589</PERC>
    <Alpha>0</Alpha>
    <UZL>76.82992984079182</UZL>
    <K0>0.45312414590900535</K0>
    <K1>0.096295526265277986</K1>
    <K2>0.096345170108011052</K2>
    <MAXBAS>1.2550378972264085</MAXBAS>
    <Cet>0</Cet>
    <PCALT>10</PCALT>
    <TCALT>0.6</TCALT>
    <Pelev>3022</Pelev>
    <Telev>3058</Telev>
    <PART>0.5</PART>
    <DELAY>1</DELAY>
  </CatchmentParameters>
  <VegetationZone>
    <VegetationZoneParameters>
      <TT>1.9751725634989854</TT>
      <CFMAX>2.4111488453665024</CFMAX>
      <SP>0</SP>
      <SFCF>0.6608772444141443</SFCF>
      <CFR>0.097376081490807939</CFR>
      <CWH>0.19999882066123584</CWH>
      <CFGlacier>1</CFGlacier>
      <CFSlope>1</CFSlope>
      <FC>590.96765008419516</FC>
      <LP>0.57273070894347511</LP>
      <BETA>5.9827758424182624</BETA>
    </VegetationZoneParameters>
  </VegetationZone>
  <SubCatchment>
    <SubCatchmentParameters>
      <KSI>0.001</KSI>
      <KGmin>0.05</KGmin>
      <RangeKG>0.1</RangeKG>
      <AG>0.1</AG>
      <PERC>9.99998490545589</PERC>
      <Alpha>0</Alpha>
      <UZL>76.82992984079182</UZL>
      <K0>0.45312414590900535</K0>
      <K1>0.096295526265277986</K1>
      <K2>0.096345170108011052</K2>
      <MAXBAS>1.2550378972264085</MAXBAS>
      <Cet>0</Cet>
      <PCALT>10</PCALT>
      <TCALT>0.6</TCALT>
      <Pelev>3022</Pelev>
      <Telev>3058</Telev>
      <PART>0.5</PART>
      <DELAY>1</DELAY>
    </SubCatchmentParameters>
    <SubCatchmentVegetationZone>
      <SubCatchmentVegetationZoneParameters>
        <TT>1.9751725634989854</TT>
        <CFMAX>2.4111488453665024</CFMAX>
        <SP>0</SP>
        <SFCF>0.6608772444141443</SFCF>
        <CFR>0.097376081490807939</CFR>
        <CWH>0.19999882066123584</CWH>
        <CFGlacier>1</CFGlacier>
        <CFSlope>1</CFSlope>
        <FC>590.96765008419516</FC>
        <LP>0.57273070894347511</LP>
        <BETA>5.9827758424182624</BETA>
      </SubCatchmentVegetationZoneParameters>
    </SubCatchmentVegetationZone>
  </SubCatchment>
</Catchment>