<?xml version="1.0" encoding="utf-8"?>
<Catchment xmlns:xsi="http://www.w3.org/2001/XMLSchema-instance" xmlns:xsd="http://www.w3.org/2001/XMLSchema">
  <CatchmentParameters>
    <KSI>0.001</KSI>
    <KGmin>0.05</KGmin>
    <RangeKG>0.1</RangeKG>
    <AG>0.1</AG>
    <PERC>0.0640757245157573</PERC>
    <Alpha>0</Alpha>
    <UZL>84.243284314308042</UZL>
    <K0>0.55130308651355719</K0>
    <K1>0.12205610774156177</K1>
    <K2>0.010001285688977622</K2>
    <MAXBAS>1</MAXBAS>
    <Cet>0</Cet>
    <PCALT>10</PCALT>
    <TCALT>0.6</TCALT>
    <Pelev>3022</Pelev>
    <Telev>3058</Telev>
    <PART>0.5</PART>
    <DELAY>1</DELAY>
  </CatchmentParameters>
  <VegetationZone>
    <VegetationZoneParameters>
      <TT>-0.22200049508069683</TT>
      <CFMAX>1.2726625375038485</CFMAX>
      <SP>0</SP>
      <SFCF>0.71613842411820472</SFCF>
      <CFR>0.066550687627960722</CFR>
      <CWH>0.12234943354477616</CWH>
      <CFGlacier>1</CFGlacier>
      <CFSlope>1</CFSlope>
      <FC>656.98429843529152</FC>
      <LP>0.31936809545836936</LP>
      <BETA>5.819085004591062</BETA>
    </VegetationZoneParameters>
  </VegetationZone>
  <SubCatchment>
    <SubCatchmentParameters>
      <KSI>0.001</KSI>
      <KGmin>0.05</KGmin>
      <RangeKG>0.1</RangeKG>
      <AG>0.1</AG>
      <PERC>0.0640757245157573</PERC>
      <Alpha>0</Alpha>
      <UZL>84.243284314308042</UZL>
      <K0>0.55130308651355719</K0>
      <K1>0.12205610774156177</K1>
      <K2>0.010001285688977622</K2>
      <MAXBAS>1</MAXBAS>
      <Cet>0</Cet>
      <PCALT>10</PCALT>
      <TCALT>0.6</TCALT>
      <Pelev>3022</Pelev>
      <Telev>3058</Telev>
      <PART>0.5</PART>
      <DELAY>1</DELAY>
    </SubCatchmentParameters>
    <SubCatchmentVegetationZone>
      <SubCatchmentVegetationZoneParameters>
        <TT>-0.22200049508069683</TT>
        <CFMAX>1.2726625375038485</CFMAX>
        <SP>0</SP>
        <SFCF>0.71613842411820472</SFCF>
        <CFR>0.066550687627960722</CFR>
        <CWH>0.12234943354477616</CWH>
        <CFGlacier>1</CFGlacier>
        <CFSlope>1</CFSlope>
        <FC>656.98429843529152</FC>
        <LP>0.31936809545836936</LP>
        <BETA>5.819085004591062</BETA>
      </SubCatchmentVegetationZoneParameters>
    </SubCatchmentVegetationZone>
  </SubCatchment>
</Catchment>