<?xml version="1.0" encoding="utf-8"?>
<Catchment xmlns:xsi="http://www.w3.org/2001/XMLSchema-instance" xmlns:xsd="http://www.w3.org/2001/XMLSchema">
  <CatchmentParameters>
    <KSI>0.001</KSI>
    <KGmin>0.05</KGmin>
    <RangeKG>0.1</RangeKG>
    <AG>0.1</AG>
    <PERC>7.9642087410031772</PERC>
    <Alpha>0</Alpha>
    <UZL>101.15106328543084</UZL>
    <K0>0.24884542355668352</K0>
    <K1>0.22273400403919672</K1>
    <K2>0.1156598819030208</K2>
    <MAXBAS>1.5444073838792964</MAXBAS>
    <Cet>0</Cet>
    <PCALT>10</PCALT>
    <TCALT>0.6</TCALT>
    <Pelev>3022</Pelev>
    <Telev>3058</Telev>
    <PART>0.5</PART>
    <DELAY>1</DELAY>
  </CatchmentParameters>
  <VegetationZone>
    <VegetationZoneParameters>
      <TT>0.85726462761500177</TT>
      <CFMAX>1.3911510479559237</CFMAX>
      <SP>0</SP>
      <SFCF>0.62071853418057854</SFCF>
      <CFR>0.00028154229680281656</CFR>
      <CWH>0.19999944158548091</CWH>
      <CFGlacier>1</CFGlacier>
      <CFSlope>1</CFSlope>
      <FC>484.96023956303992</FC>
      <LP>0.48785653788498085</LP>
      <BETA>5.9999860471676758</BETA>
    </VegetationZoneParameters>
  </VegetationZone>
  <SubCatchment>
    <SubCatchmentParameters>
      <KSI>0.001</KSI>
      <KGmin>0.05</KGmin>
      <RangeKG>0.1</RangeKG>
      <AG>0.1</AG>
      <PERC>7.9642087410031772</PERC>
      <Alpha>0</Alpha>
      <UZL>101.15106328543084</UZL>
      <K0>0.24884542355668352</K0>
      <K1>0.22273400403919672</K1>
      <K2>0.1156598819030208</K2>
      <MAXBAS>1.5444073838792964</MAXBAS>
      <Cet>0</Cet>
      <PCALT>10</PCALT>
      <TCALT>0.6</TCALT>
      <Pelev>3022</Pelev>
      <Telev>3058</Telev>
      <PART>0.5</PART>
      <DELAY>1</DELAY>
    </SubCatchmentParameters>
    <SubCatchmentVegetationZone>
      <SubCatchmentVegetationZoneParameters>
        <TT>0.85726462761500177</TT>
        <CFMAX>1.3911510479559237</CFMAX>
        <SP>0</SP>
        <SFCF>0.62071853418057854</SFCF>
        <CFR>0.00028154229680281656</CFR>
        <CWH>0.19999944158548091</CWH>
        <CFGlacier>1</CFGlacier>
        <CFSlope>1</CFSlope>
        <FC>484.96023956303992</FC>
        <LP>0.48785653788498085</LP>
        <BETA>5.9999860471676758</BETA>
      </SubCatchmentVegetationZoneParameters>
    </SubCatchmentVegetationZone>
  </SubCatchment>
</Catchment>