<?xml version="1.0" encoding="utf-8"?>
<Catchment xmlns:xsi="http://www.w3.org/2001/XMLSchema-instance" xmlns:xsd="http://www.w3.org/2001/XMLSchema">
  <CatchmentParameters>
    <KSI>0.001</KSI>
    <KGmin>0.05</KGmin>
    <RangeKG>0.1</RangeKG>
    <AG>0.1</AG>
    <PERC>0.066078686288616767</PERC>
    <Alpha>0</Alpha>
    <UZL>160.70470837633064</UZL>
    <K0>0.22306224024935073</K0>
    <K1>0.11474124300603532</K1>
    <K2>0.016733658101959675</K2>
    <MAXBAS>1</MAXBAS>
    <Cet>0</Cet>
    <PCALT>10</PCALT>
    <TCALT>0.6</TCALT>
    <Pelev>3022</Pelev>
    <Telev>3058</Telev>
    <PART>0.5</PART>
    <DELAY>1</DELAY>
  </CatchmentParameters>
  <VegetationZone>
    <VegetationZoneParameters>
      <TT>0.93776477500182853</TT>
      <CFMAX>1.7598841035768604</CFMAX>
      <SP>0</SP>
      <SFCF>0.67701814593250864</SFCF>
      <CFR>0.0673043574913738</CFR>
      <CWH>0.10000004515649223</CWH>
      <CFGlacier>1</CFGlacier>
      <CFSlope>1</CFSlope>
      <FC>651.91740472260369</FC>
      <LP>0.43655287242533192</LP>
      <BETA>3.8322433401091058</BETA>
    </VegetationZoneParameters>
  </VegetationZone>
  <SubCatchment>
    <SubCatchmentParameters>
      <KSI>0.001</KSI>
      <KGmin>0.05</KGmin>
      <RangeKG>0.1</RangeKG>
      <AG>0.1</AG>
      <PERC>0.066078686288616767</PERC>
      <Alpha>0</Alpha>
      <UZL>160.70470837633064</UZL>
      <K0>0.22306224024935073</K0>
      <K1>0.11474124300603532</K1>
      <K2>0.016733658101959675</K2>
      <MAXBAS>1</MAXBAS>
      <Cet>0</Cet>
      <PCALT>10</PCALT>
      <TCALT>0.6</TCALT>
      <Pelev>3022</Pelev>
      <Telev>3058</Telev>
      <PART>0.5</PART>
      <DELAY>1</DELAY>
    </SubCatchmentParameters>
    <SubCatchmentVegetationZone>
      <SubCatchmentVegetationZoneParameters>
        <TT>0.93776477500182853</TT>
        <CFMAX>1.7598841035768604</CFMAX>
        <SP>0</SP>
        <SFCF>0.67701814593250864</SFCF>
        <CFR>0.0673043574913738</CFR>
        <CWH>0.10000004515649223</CWH>
        <CFGlacier>1</CFGlacier>
        <CFSlope>1</CFSlope>
        <FC>651.91740472260369</FC>
        <LP>0.43655287242533192</LP>
        <BETA>3.8322433401091058</BETA>
      </SubCatchmentVegetationZoneParameters>
    </SubCatchmentVegetationZone>
  </SubCatchment>
</Catchment>