<?xml version="1.0" encoding="utf-8"?>
<Catchment xmlns:xsi="http://www.w3.org/2001/XMLSchema-instance" xmlns:xsd="http://www.w3.org/2001/XMLSchema">
  <CatchmentParameters>
    <KSI>0.001</KSI>
    <KGmin>0.05</KGmin>
    <RangeKG>0.1</RangeKG>
    <AG>0.1</AG>
    <PERC>0.042434936108416484</PERC>
    <Alpha>0</Alpha>
    <UZL>48.282840447042972</UZL>
    <K0>0.56378869020115563</K0>
    <K1>0.12114267053357197</K1>
    <K2>0.010000005950023509</K2>
    <MAXBAS>1</MAXBAS>
    <Cet>0</Cet>
    <PCALT>10</PCALT>
    <TCALT>0.6</TCALT>
    <Pelev>3022</Pelev>
    <Telev>3058</Telev>
    <PART>0.5</PART>
    <DELAY>1</DELAY>
  </CatchmentParameters>
  <VegetationZone>
    <VegetationZoneParameters>
      <TT>0.57062603510793752</TT>
      <CFMAX>1.4575025203883822</CFMAX>
      <SP>0</SP>
      <SFCF>0.66708592528818544</SFCF>
      <CFR>0.099999291488919548</CFR>
      <CWH>0.10000082202095223</CWH>
      <CFGlacier>1</CFGlacier>
      <CFSlope>1</CFSlope>
      <FC>805.97946887847013</FC>
      <LP>0.60504480555378459</LP>
      <BETA>5.9999341347983846</BETA>
    </VegetationZoneParameters>
  </VegetationZone>
  <SubCatchment>
    <SubCatchmentParameters>
      <KSI>0.001</KSI>
      <KGmin>0.05</KGmin>
      <RangeKG>0.1</RangeKG>
      <AG>0.1</AG>
      <PERC>0.042434936108416484</PERC>
      <Alpha>0</Alpha>
      <UZL>48.282840447042972</UZL>
      <K0>0.56378869020115563</K0>
      <K1>0.12114267053357197</K1>
      <K2>0.010000005950023509</K2>
      <MAXBAS>1</MAXBAS>
      <Cet>0</Cet>
      <PCALT>10</PCALT>
      <TCALT>0.6</TCALT>
      <Pelev>3022</Pelev>
      <Telev>3058</Telev>
      <PART>0.5</PART>
      <DELAY>1</DELAY>
    </SubCatchmentParameters>
    <SubCatchmentVegetationZone>
      <SubCatchmentVegetationZoneParameters>
        <TT>0.57062603510793752</TT>
        <CFMAX>1.4575025203883822</CFMAX>
        <SP>0</SP>
        <SFCF>0.66708592528818544</SFCF>
        <CFR>0.099999291488919548</CFR>
        <CWH>0.10000082202095223</CWH>
        <CFGlacier>1</CFGlacier>
        <CFSlope>1</CFSlope>
        <FC>805.97946887847013</FC>
        <LP>0.60504480555378459</LP>
        <BETA>5.9999341347983846</BETA>
      </SubCatchmentVegetationZoneParameters>
    </SubCatchmentVegetationZone>
  </SubCatchment>
</Catchment>