<?xml version="1.0" encoding="utf-8"?>
<Catchment xmlns:xsi="http://www.w3.org/2001/XMLSchema-instance" xmlns:xsd="http://www.w3.org/2001/XMLSchema">
  <CatchmentParameters>
    <KSI>0.001</KSI>
    <KGmin>0.05</KGmin>
    <RangeKG>0.1</RangeKG>
    <AG>0.1</AG>
    <PERC>9.9999773018123683</PERC>
    <Alpha>0</Alpha>
    <UZL>162.20378028922056</UZL>
    <K0>0.29150550761532</K0>
    <K1>0.20843738393942224</K1>
    <K2>0.11344449560601316</K2>
    <MAXBAS>1.6149822514310721</MAXBAS>
    <Cet>0</Cet>
    <PCALT>10</PCALT>
    <TCALT>0.6</TCALT>
    <Pelev>3022</Pelev>
    <Telev>3058</Telev>
    <PART>0.5</PART>
    <DELAY>1</DELAY>
  </CatchmentParameters>
  <VegetationZone>
    <VegetationZoneParameters>
      <TT>1.9059972130089244</TT>
      <CFMAX>2.0938574049751963</CFMAX>
      <SP>0</SP>
      <SFCF>0.62698920951839721</SFCF>
      <CFR>0.099267405479629436</CFR>
      <CWH>0.19999884698105824</CWH>
      <CFGlacier>1</CFGlacier>
      <CFSlope>1</CFSlope>
      <FC>573.70907047652406</FC>
      <LP>0.59702529315936625</LP>
      <BETA>5.683056022441864</BETA>
    </VegetationZoneParameters>
  </VegetationZone>
  <SubCatchment>
    <SubCatchmentParameters>
      <KSI>0.001</KSI>
      <KGmin>0.05</KGmin>
      <RangeKG>0.1</RangeKG>
      <AG>0.1</AG>
      <PERC>9.9999773018123683</PERC>
      <Alpha>0</Alpha>
      <UZL>162.20378028922056</UZL>
      <K0>0.29150550761532</K0>
      <K1>0.20843738393942224</K1>
      <K2>0.11344449560601316</K2>
      <MAXBAS>1.6149822514310721</MAXBAS>
      <Cet>0</Cet>
      <PCALT>10</PCALT>
      <TCALT>0.6</TCALT>
      <Pelev>3022</Pelev>
      <Telev>3058</Telev>
      <PART>0.5</PART>
      <DELAY>1</DELAY>
    </SubCatchmentParameters>
    <SubCatchmentVegetationZone>
      <SubCatchmentVegetationZoneParameters>
        <TT>1.9059972130089244</TT>
        <CFMAX>2.0938574049751963</CFMAX>
        <SP>0</SP>
        <SFCF>0.62698920951839721</SFCF>
        <CFR>0.099267405479629436</CFR>
        <CWH>0.19999884698105824</CWH>
        <CFGlacier>1</CFGlacier>
        <CFSlope>1</CFSlope>
        <FC>573.70907047652406</FC>
        <LP>0.59702529315936625</LP>
        <BETA>5.683056022441864</BETA>
      </SubCatchmentVegetationZoneParameters>
    </SubCatchmentVegetationZone>
  </SubCatchment>
</Catchment>