<?xml version="1.0" encoding="utf-8"?>
<Catchment xmlns:xsi="http://www.w3.org/2001/XMLSchema-instance" xmlns:xsd="http://www.w3.org/2001/XMLSchema">
  <CatchmentParameters>
    <KSI>0.001</KSI>
    <KGmin>0.05</KGmin>
    <RangeKG>0.1</RangeKG>
    <AG>0.1</AG>
    <PERC>6.7701435721672407</PERC>
    <Alpha>0</Alpha>
    <UZL>108.38309099628606</UZL>
    <K0>0.26177944522447116</K0>
    <K1>0.0649008109222924</K1>
    <K2>0.090497361372735521</K2>
    <MAXBAS>1.2851445860458981</MAXBAS>
    <Cet>0</Cet>
    <PCALT>10</PCALT>
    <TCALT>0.6</TCALT>
    <Pelev>3022</Pelev>
    <Telev>3058</Telev>
    <PART>0.5</PART>
    <DELAY>1</DELAY>
  </CatchmentParameters>
  <VegetationZone>
    <VegetationZoneParameters>
      <TT>2.4779909089894159</TT>
      <CFMAX>3.0347553712649136</CFMAX>
      <SP>0</SP>
      <SFCF>0.66566445884790171</SFCF>
      <CFR>0.0999995345750867</CFR>
      <CWH>0.19999571018998635</CWH>
      <CFGlacier>1</CFGlacier>
      <CFSlope>1</CFSlope>
      <FC>459.42729252536031</FC>
      <LP>0.42400129837332562</LP>
      <BETA>5.7750759152825628</BETA>
    </VegetationZoneParameters>
  </VegetationZone>
  <SubCatchment>
    <SubCatchmentParameters>
      <KSI>0.001</KSI>
      <KGmin>0.05</KGmin>
      <RangeKG>0.1</RangeKG>
      <AG>0.1</AG>
      <PERC>6.7701435721672407</PERC>
      <Alpha>0</Alpha>
      <UZL>108.38309099628606</UZL>
      <K0>0.26177944522447116</K0>
      <K1>0.0649008109222924</K1>
      <K2>0.090497361372735521</K2>
      <MAXBAS>1.2851445860458981</MAXBAS>
      <Cet>0</Cet>
      <PCALT>10</PCALT>
      <TCALT>0.6</TCALT>
      <Pelev>3022</Pelev>
      <Telev>3058</Telev>
      <PART>0.5</PART>
      <DELAY>1</DELAY>
    </SubCatchmentParameters>
    <SubCatchmentVegetationZone>
      <SubCatchmentVegetationZoneParameters>
        <TT>2.4779909089894159</TT>
        <CFMAX>3.0347553712649136</CFMAX>
        <SP>0</SP>
        <SFCF>0.66566445884790171</SFCF>
        <CFR>0.0999995345750867</CFR>
        <CWH>0.19999571018998635</CWH>
        <CFGlacier>1</CFGlacier>
        <CFSlope>1</CFSlope>
        <FC>459.42729252536031</FC>
        <LP>0.42400129837332562</LP>
        <BETA>5.7750759152825628</BETA>
      </SubCatchmentVegetationZoneParameters>
    </SubCatchmentVegetationZone>
  </SubCatchment>
</Catchment>