<?xml version="1.0" encoding="utf-8"?>
<Catchment xmlns:xsi="http://www.w3.org/2001/XMLSchema-instance" xmlns:xsd="http://www.w3.org/2001/XMLSchema">
  <CatchmentParameters>
    <KSI>0.001</KSI>
    <KGmin>0.05</KGmin>
    <RangeKG>0.1</RangeKG>
    <AG>0.1</AG>
    <PERC>2.4666850507676066</PERC>
    <Alpha>0</Alpha>
    <UZL>140.15609742623207</UZL>
    <K0>0.74222138585980491</K0>
    <K1>0.069426080216257485</K1>
    <K2>0.010000002458681793</K2>
    <MAXBAS>1</MAXBAS>
    <Cet>0</Cet>
    <PCALT>10</PCALT>
    <TCALT>0.6</TCALT>
    <Pelev>3100</Pelev>
    <Telev>3100</Telev>
    <PART>0.5</PART>
    <DELAY>1</DELAY>
  </CatchmentParameters>
  <VegetationZone>
    <VegetationZoneParameters>
      <TT>-0.80000106520910375</TT>
      <CFMAX>3.0109479624038791</CFMAX>
      <SP>0</SP>
      <SFCF>0.79832252163952588</SFCF>
      <CFR>0.041339716033675429</CFR>
      <CWH>0.11573984667061005</CWH>
      <CFGlacier>1</CFGlacier>
      <CFSlope>1</CFSlope>
      <FC>720.6375989122597</FC>
      <LP>0.68198454966131461</LP>
      <BETA>3.9544445162663635</BETA>
    </VegetationZoneParameters>
  </VegetationZone>
  <SubCatchment>
    <SubCatchmentParameters>
      <KSI>0.001</KSI>
      <KGmin>0.05</KGmin>
      <RangeKG>0.1</RangeKG>
      <AG>0.1</AG>
      <PERC>2.4666850507676066</PERC>
      <Alpha>0</Alpha>
      <UZL>140.15609742623207</UZL>
      <K0>0.74222138585980491</K0>
      <K1>0.069426080216257485</K1>
      <K2>0.010000002458681793</K2>
      <MAXBAS>1</MAXBAS>
      <Cet>0</Cet>
      <PCALT>10</PCALT>
      <TCALT>0.6</TCALT>
      <Pelev>3100</Pelev>
      <Telev>3100</Telev>
      <PART>0.5</PART>
      <DELAY>1</DELAY>
    </SubCatchmentParameters>
    <SubCatchmentVegetationZone>
      <SubCatchmentVegetationZoneParameters>
        <TT>-0.80000106520910375</TT>
        <CFMAX>3.0109479624038791</CFMAX>
        <SP>0</SP>
        <SFCF>0.79832252163952588</SFCF>
        <CFR>0.041339716033675429</CFR>
        <CWH>0.11573984667061005</CWH>
        <CFGlacier>1</CFGlacier>
        <CFSlope>1</CFSlope>
        <FC>720.6375989122597</FC>
        <LP>0.68198454966131461</LP>
        <BETA>3.9544445162663635</BETA>
      </SubCatchmentVegetationZoneParameters>
    </SubCatchmentVegetationZone>
  </SubCatchment>
</Catchment>