<?xml version="1.0" encoding="utf-8"?>
<Catchment xmlns:xsi="http://www.w3.org/2001/XMLSchema-instance" xmlns:xsd="http://www.w3.org/2001/XMLSchema">
  <CatchmentParameters>
    <KSI>0.001</KSI>
    <KGmin>0.05</KGmin>
    <RangeKG>0.1</RangeKG>
    <AG>0.1</AG>
    <PERC>1.9274977981378911</PERC>
    <Alpha>0</Alpha>
    <UZL>143.35186501295755</UZL>
    <K0>0.54821561228126758</K0>
    <K1>0.05015747851359225</K1>
    <K2>0.010000003965525623</K2>
    <MAXBAS>1</MAXBAS>
    <Cet>0</Cet>
    <PCALT>10</PCALT>
    <TCALT>0.6</TCALT>
    <Pelev>3100</Pelev>
    <Telev>3100</Telev>
    <PART>0.5</PART>
    <DELAY>1</DELAY>
  </CatchmentParameters>
  <VegetationZone>
    <VegetationZoneParameters>
      <TT>-0.056624812528221886</TT>
      <CFMAX>3.9278436733477635</CFMAX>
      <SP>0</SP>
      <SFCF>0.76310079232940653</SFCF>
      <CFR>0.034623911417411106</CFR>
      <CWH>0.13400043370433248</CWH>
      <CFGlacier>1</CFGlacier>
      <CFSlope>1</CFSlope>
      <FC>698.15539504695153</FC>
      <LP>0.66887951106887378</LP>
      <BETA>3.7201058929161719</BETA>
    </VegetationZoneParameters>
  </VegetationZone>
  <SubCatchment>
    <SubCatchmentParameters>
      <KSI>0.001</KSI>
      <KGmin>0.05</KGmin>
      <RangeKG>0.1</RangeKG>
      <AG>0.1</AG>
      <PERC>1.9274977981378911</PERC>
      <Alpha>0</Alpha>
      <UZL>143.35186501295755</UZL>
      <K0>0.54821561228126758</K0>
      <K1>0.05015747851359225</K1>
      <K2>0.010000003965525623</K2>
      <MAXBAS>1</MAXBAS>
      <Cet>0</Cet>
      <PCALT>10</PCALT>
      <TCALT>0.6</TCALT>
      <Pelev>3100</Pelev>
      <Telev>3100</Telev>
      <PART>0.5</PART>
      <DELAY>1</DELAY>
    </SubCatchmentParameters>
    <SubCatchmentVegetationZone>
      <SubCatchmentVegetationZoneParameters>
        <TT>-0.056624812528221886</TT>
        <CFMAX>3.9278436733477635</CFMAX>
        <SP>0</SP>
        <SFCF>0.76310079232940653</SFCF>
        <CFR>0.034623911417411106</CFR>
        <CWH>0.13400043370433248</CWH>
        <CFGlacier>1</CFGlacier>
        <CFSlope>1</CFSlope>
        <FC>698.15539504695153</FC>
        <LP>0.66887951106887378</LP>
        <BETA>3.7201058929161719</BETA>
      </SubCatchmentVegetationZoneParameters>
    </SubCatchmentVegetationZone>
  </SubCatchment>
</Catchment>