<?xml version="1.0" encoding="utf-8"?>
<Catchment xmlns:xsi="http://www.w3.org/2001/XMLSchema-instance" xmlns:xsd="http://www.w3.org/2001/XMLSchema">
  <CatchmentParameters>
    <KSI>0.001</KSI>
    <KGmin>0.05</KGmin>
    <RangeKG>0.1</RangeKG>
    <AG>0.1</AG>
    <PERC>9.0597439367319659</PERC>
    <Alpha>0</Alpha>
    <UZL>33.558030567816168</UZL>
    <K0>0.30446322607380638</K0>
    <K1>0.2174434630199073</K1>
    <K2>0.12004110265641868</K2>
    <MAXBAS>1.1791847589296869</MAXBAS>
    <Cet>0</Cet>
    <PCALT>10</PCALT>
    <TCALT>0.6</TCALT>
    <Pelev>3100</Pelev>
    <Telev>3100</Telev>
    <PART>0.5</PART>
    <DELAY>1</DELAY>
  </CatchmentParameters>
  <VegetationZone>
    <VegetationZoneParameters>
      <TT>1.7236081938866672</TT>
      <CFMAX>3.9403091864791859</CFMAX>
      <SP>0</SP>
      <SFCF>0.86154285622046134</SFCF>
      <CFR>0.0721569485597691</CFR>
      <CWH>0.12233868451692141</CWH>
      <CFGlacier>1</CFGlacier>
      <CFSlope>1</CFSlope>
      <FC>533.92814211524683</FC>
      <LP>0.63491237328177663</LP>
      <BETA>5.4468722573775619</BETA>
    </VegetationZoneParameters>
  </VegetationZone>
  <SubCatchment>
    <SubCatchmentParameters>
      <KSI>0.001</KSI>
      <KGmin>0.05</KGmin>
      <RangeKG>0.1</RangeKG>
      <AG>0.1</AG>
      <PERC>9.0597439367319659</PERC>
      <Alpha>0</Alpha>
      <UZL>33.558030567816168</UZL>
      <K0>0.30446322607380638</K0>
      <K1>0.2174434630199073</K1>
      <K2>0.12004110265641868</K2>
      <MAXBAS>1.1791847589296869</MAXBAS>
      <Cet>0</Cet>
      <PCALT>10</PCALT>
      <TCALT>0.6</TCALT>
      <Pelev>3100</Pelev>
      <Telev>3100</Telev>
      <PART>0.5</PART>
      <DELAY>1</DELAY>
    </SubCatchmentParameters>
    <SubCatchmentVegetationZone>
      <SubCatchmentVegetationZoneParameters>
        <TT>1.7236081938866672</TT>
        <CFMAX>3.9403091864791859</CFMAX>
        <SP>0</SP>
        <SFCF>0.86154285622046134</SFCF>
        <CFR>0.0721569485597691</CFR>
        <CWH>0.12233868451692141</CWH>
        <CFGlacier>1</CFGlacier>
        <CFSlope>1</CFSlope>
        <FC>533.92814211524683</FC>
        <LP>0.63491237328177663</LP>
        <BETA>5.4468722573775619</BETA>
      </SubCatchmentVegetationZoneParameters>
    </SubCatchmentVegetationZone>
  </SubCatchment>
</Catchment>