<?xml version="1.0" encoding="utf-8"?>
<Catchment xmlns:xsi="http://www.w3.org/2001/XMLSchema-instance" xmlns:xsd="http://www.w3.org/2001/XMLSchema">
  <CatchmentParameters>
    <KSI>0.001</KSI>
    <KGmin>0.05</KGmin>
    <RangeKG>0.1</RangeKG>
    <AG>0.1</AG>
    <PERC>5.76794405219227</PERC>
    <Alpha>0</Alpha>
    <UZL>76.55773728854264</UZL>
    <K0>0.10054161232223788</K0>
    <K1>0.79985850142430548</K1>
    <K2>0.014225958044540105</K2>
    <MAXBAS>1</MAXBAS>
    <Cet>0</Cet>
    <PCALT>10</PCALT>
    <TCALT>0.6</TCALT>
    <Pelev>3100</Pelev>
    <Telev>3100</Telev>
    <PART>0.5</PART>
    <DELAY>1</DELAY>
  </CatchmentParameters>
  <VegetationZone>
    <VegetationZoneParameters>
      <TT>-1.9753101642885416</TT>
      <CFMAX>3.6315759021801526</CFMAX>
      <SP>0</SP>
      <SFCF>0.9802041215931514</SFCF>
      <CFR>0.049304414390429145</CFR>
      <CWH>0.10000000181499354</CWH>
      <CFGlacier>1</CFGlacier>
      <CFSlope>1</CFSlope>
      <FC>1074.8312845113589</FC>
      <LP>0.6167225384312599</LP>
      <BETA>3.5481855628955832</BETA>
    </VegetationZoneParameters>
  </VegetationZone>
  <SubCatchment>
    <SubCatchmentParameters>
      <KSI>0.001</KSI>
      <KGmin>0.05</KGmin>
      <RangeKG>0.1</RangeKG>
      <AG>0.1</AG>
      <PERC>5.76794405219227</PERC>
      <Alpha>0</Alpha>
      <UZL>76.55773728854264</UZL>
      <K0>0.10054161232223788</K0>
      <K1>0.79985850142430548</K1>
      <K2>0.014225958044540105</K2>
      <MAXBAS>1</MAXBAS>
      <Cet>0</Cet>
      <PCALT>10</PCALT>
      <TCALT>0.6</TCALT>
      <Pelev>3100</Pelev>
      <Telev>3100</Telev>
      <PART>0.5</PART>
      <DELAY>1</DELAY>
    </SubCatchmentParameters>
    <SubCatchmentVegetationZone>
      <SubCatchmentVegetationZoneParameters>
        <TT>-1.9753101642885416</TT>
        <CFMAX>3.6315759021801526</CFMAX>
        <SP>0</SP>
        <SFCF>0.9802041215931514</SFCF>
        <CFR>0.049304414390429145</CFR>
        <CWH>0.10000000181499354</CWH>
        <CFGlacier>1</CFGlacier>
        <CFSlope>1</CFSlope>
        <FC>1074.8312845113589</FC>
        <LP>0.6167225384312599</LP>
        <BETA>3.5481855628955832</BETA>
      </SubCatchmentVegetationZoneParameters>
    </SubCatchmentVegetationZone>
  </SubCatchment>
</Catchment>