<?xml version="1.0" encoding="utf-8"?>
<Catchment xmlns:xsi="http://www.w3.org/2001/XMLSchema-instance" xmlns:xsd="http://www.w3.org/2001/XMLSchema">
  <CatchmentParameters>
    <KSI>0.001</KSI>
    <KGmin>0.05</KGmin>
    <RangeKG>0.1</RangeKG>
    <AG>0.1</AG>
    <PERC>5.6076857036934538</PERC>
    <Alpha>0</Alpha>
    <UZL>118.093567559788</UZL>
    <K0>0.96193608994683566</K0>
    <K1>0.79998297520896511</K1>
    <K2>0.012752570099338653</K2>
    <MAXBAS>1</MAXBAS>
    <Cet>0</Cet>
    <PCALT>10</PCALT>
    <TCALT>0.6</TCALT>
    <Pelev>3100</Pelev>
    <Telev>3100</Telev>
    <PART>0.5</PART>
    <DELAY>1</DELAY>
  </CatchmentParameters>
  <VegetationZone>
    <VegetationZoneParameters>
      <TT>-1.6507875866995012</TT>
      <CFMAX>2.6260888254182251</CFMAX>
      <SP>0</SP>
      <SFCF>0.6805097489505374</SFCF>
      <CFR>0.0090388891034880268</CFR>
      <CWH>0.10000000468131605</CWH>
      <CFGlacier>1</CFGlacier>
      <CFSlope>1</CFSlope>
      <FC>780.22168143470151</FC>
      <LP>0.9111319971919245</LP>
      <BETA>5.2501236465512644</BETA>
    </VegetationZoneParameters>
  </VegetationZone>
  <SubCatchment>
    <SubCatchmentParameters>
      <KSI>0.001</KSI>
      <KGmin>0.05</KGmin>
      <RangeKG>0.1</RangeKG>
      <AG>0.1</AG>
      <PERC>5.6076857036934538</PERC>
      <Alpha>0</Alpha>
      <UZL>118.093567559788</UZL>
      <K0>0.96193608994683566</K0>
      <K1>0.79998297520896511</K1>
      <K2>0.012752570099338653</K2>
      <MAXBAS>1</MAXBAS>
      <Cet>0</Cet>
      <PCALT>10</PCALT>
      <TCALT>0.6</TCALT>
      <Pelev>3100</Pelev>
      <Telev>3100</Telev>
      <PART>0.5</PART>
      <DELAY>1</DELAY>
    </SubCatchmentParameters>
    <SubCatchmentVegetationZone>
      <SubCatchmentVegetationZoneParameters>
        <TT>-1.6507875866995012</TT>
        <CFMAX>2.6260888254182251</CFMAX>
        <SP>0</SP>
        <SFCF>0.6805097489505374</SFCF>
        <CFR>0.0090388891034880268</CFR>
        <CWH>0.10000000468131605</CWH>
        <CFGlacier>1</CFGlacier>
        <CFSlope>1</CFSlope>
        <FC>780.22168143470151</FC>
        <LP>0.9111319971919245</LP>
        <BETA>5.2501236465512644</BETA>
      </SubCatchmentVegetationZoneParameters>
    </SubCatchmentVegetationZone>
  </SubCatchment>
</Catchment>