<?xml version="1.0" encoding="utf-8"?>
<Catchment xmlns:xsi="http://www.w3.org/2001/XMLSchema-instance" xmlns:xsd="http://www.w3.org/2001/XMLSchema">
  <CatchmentParameters>
    <KSI>0.001</KSI>
    <KGmin>0.05</KGmin>
    <RangeKG>0.1</RangeKG>
    <AG>0.1</AG>
    <PERC>6.3477466032820686</PERC>
    <Alpha>0</Alpha>
    <UZL>110.07391378505753</UZL>
    <K0>0.55938948239935571</K0>
    <K1>0.29663794839743107</K1>
    <K2>0.063334648639312985</K2>
    <MAXBAS>1.5866608533130346</MAXBAS>
    <Cet>0</Cet>
    <PCALT>10</PCALT>
    <TCALT>0.6</TCALT>
    <Pelev>3100</Pelev>
    <Telev>3100</Telev>
    <PART>0.5</PART>
    <DELAY>1</DELAY>
  </CatchmentParameters>
  <VegetationZone>
    <VegetationZoneParameters>
      <TT>2.2797349657973562</TT>
      <CFMAX>4.0755161937946509</CFMAX>
      <SP>0</SP>
      <SFCF>0.989893475656213</SFCF>
      <CFR>0.014022485461667567</CFR>
      <CWH>0.13033927959215019</CWH>
      <CFGlacier>1</CFGlacier>
      <CFSlope>1</CFSlope>
      <FC>378.57845327985655</FC>
      <LP>0.67268540158069412</LP>
      <BETA>3.9031994996751189</BETA>
    </VegetationZoneParameters>
  </VegetationZone>
  <SubCatchment>
    <SubCatchmentParameters>
      <KSI>0.001</KSI>
      <KGmin>0.05</KGmin>
      <RangeKG>0.1</RangeKG>
      <AG>0.1</AG>
      <PERC>6.3477466032820686</PERC>
      <Alpha>0</Alpha>
      <UZL>110.07391378505753</UZL>
      <K0>0.55938948239935571</K0>
      <K1>0.29663794839743107</K1>
      <K2>0.063334648639312985</K2>
      <MAXBAS>1.5866608533130346</MAXBAS>
      <Cet>0</Cet>
      <PCALT>10</PCALT>
      <TCALT>0.6</TCALT>
      <Pelev>3100</Pelev>
      <Telev>3100</Telev>
      <PART>0.5</PART>
      <DELAY>1</DELAY>
    </SubCatchmentParameters>
    <SubCatchmentVegetationZone>
      <SubCatchmentVegetationZoneParameters>
        <TT>2.2797349657973562</TT>
        <CFMAX>4.0755161937946509</CFMAX>
        <SP>0</SP>
        <SFCF>0.989893475656213</SFCF>
        <CFR>0.014022485461667567</CFR>
        <CWH>0.13033927959215019</CWH>
        <CFGlacier>1</CFGlacier>
        <CFSlope>1</CFSlope>
        <FC>378.57845327985655</FC>
        <LP>0.67268540158069412</LP>
        <BETA>3.9031994996751189</BETA>
      </SubCatchmentVegetationZoneParameters>
    </SubCatchmentVegetationZone>
  </SubCatchment>
</Catchment>