<?xml version="1.0" encoding="utf-8"?>
<Catchment xmlns:xsi="http://www.w3.org/2001/XMLSchema-instance" xmlns:xsd="http://www.w3.org/2001/XMLSchema">
  <CatchmentParameters>
    <KSI>0.001</KSI>
    <KGmin>0.05</KGmin>
    <RangeKG>0.1</RangeKG>
    <AG>0.1</AG>
    <PERC>3.648741750545879</PERC>
    <Alpha>0</Alpha>
    <UZL>59.3353667234043</UZL>
    <K0>0.097047686735969224</K0>
    <K1>0.23178571394400635</K1>
    <K2>0.011315340176904595</K2>
    <MAXBAS>1</MAXBAS>
    <Cet>0</Cet>
    <PCALT>10</PCALT>
    <TCALT>0.6</TCALT>
    <Pelev>3100</Pelev>
    <Telev>3100</Telev>
    <PART>0.5</PART>
    <DELAY>1</DELAY>
  </CatchmentParameters>
  <VegetationZone>
    <VegetationZoneParameters>
      <TT>-0.903548931895745</TT>
      <CFMAX>3.6006302109898578</CFMAX>
      <SP>0</SP>
      <SFCF>0.997825115145485</SFCF>
      <CFR>0.037035342375790051</CFR>
      <CWH>0.10000008581619996</CWH>
      <CFGlacier>1</CFGlacier>
      <CFSlope>1</CFSlope>
      <FC>975.20481687041081</FC>
      <LP>0.36143318868212365</LP>
      <BETA>2.2805651486891181</BETA>
    </VegetationZoneParameters>
  </VegetationZone>
  <SubCatchment>
    <SubCatchmentParameters>
      <KSI>0.001</KSI>
      <KGmin>0.05</KGmin>
      <RangeKG>0.1</RangeKG>
      <AG>0.1</AG>
      <PERC>3.648741750545879</PERC>
      <Alpha>0</Alpha>
      <UZL>59.3353667234043</UZL>
      <K0>0.097047686735969224</K0>
      <K1>0.23178571394400635</K1>
      <K2>0.011315340176904595</K2>
      <MAXBAS>1</MAXBAS>
      <Cet>0</Cet>
      <PCALT>10</PCALT>
      <TCALT>0.6</TCALT>
      <Pelev>3100</Pelev>
      <Telev>3100</Telev>
      <PART>0.5</PART>
      <DELAY>1</DELAY>
    </SubCatchmentParameters>
    <SubCatchmentVegetationZone>
      <SubCatchmentVegetationZoneParameters>
        <TT>-0.903548931895745</TT>
        <CFMAX>3.6006302109898578</CFMAX>
        <SP>0</SP>
        <SFCF>0.997825115145485</SFCF>
        <CFR>0.037035342375790051</CFR>
        <CWH>0.10000008581619996</CWH>
        <CFGlacier>1</CFGlacier>
        <CFSlope>1</CFSlope>
        <FC>975.20481687041081</FC>
        <LP>0.36143318868212365</LP>
        <BETA>2.2805651486891181</BETA>
      </SubCatchmentVegetationZoneParameters>
    </SubCatchmentVegetationZone>
  </SubCatchment>
</Catchment>