<?xml version="1.0" encoding="utf-8"?>
<Catchment xmlns:xsi="http://www.w3.org/2001/XMLSchema-instance" xmlns:xsd="http://www.w3.org/2001/XMLSchema">
  <CatchmentParameters>
    <KSI>0.001</KSI>
    <KGmin>0.05</KGmin>
    <RangeKG>0.1</RangeKG>
    <AG>0.1</AG>
    <PERC>7.5658944528379246</PERC>
    <Alpha>0</Alpha>
    <UZL>193.03878428892924</UZL>
    <K0>0.49602049031676282</K0>
    <K1>0.20384496084738429</K1>
    <K2>0.087609289261203788</K2>
    <MAXBAS>1.3327071661205538</MAXBAS>
    <Cet>0</Cet>
    <PCALT>10</PCALT>
    <TCALT>0.6</TCALT>
    <Pelev>3100</Pelev>
    <Telev>3100</Telev>
    <PART>0.5</PART>
    <DELAY>1</DELAY>
  </CatchmentParameters>
  <VegetationZone>
    <VegetationZoneParameters>
      <TT>1.9807440234972829</TT>
      <CFMAX>4.0781592129654269</CFMAX>
      <SP>0</SP>
      <SFCF>0.85248987599071258</SFCF>
      <CFR>0.050303246890189411</CFR>
      <CWH>0.1260682007811518</CWH>
      <CFGlacier>1</CFGlacier>
      <CFSlope>1</CFSlope>
      <FC>593.55221064332329</FC>
      <LP>0.54807915701165066</LP>
      <BETA>5.368400473529845</BETA>
    </VegetationZoneParameters>
  </VegetationZone>
  <SubCatchment>
    <SubCatchmentParameters>
      <KSI>0.001</KSI>
      <KGmin>0.05</KGmin>
      <RangeKG>0.1</RangeKG>
      <AG>0.1</AG>
      <PERC>7.5658944528379246</PERC>
      <Alpha>0</Alpha>
      <UZL>193.03878428892924</UZL>
      <K0>0.49602049031676282</K0>
      <K1>0.20384496084738429</K1>
      <K2>0.087609289261203788</K2>
      <MAXBAS>1.3327071661205538</MAXBAS>
      <Cet>0</Cet>
      <PCALT>10</PCALT>
      <TCALT>0.6</TCALT>
      <Pelev>3100</Pelev>
      <Telev>3100</Telev>
      <PART>0.5</PART>
      <DELAY>1</DELAY>
    </SubCatchmentParameters>
    <SubCatchmentVegetationZone>
      <SubCatchmentVegetationZoneParameters>
        <TT>1.9807440234972829</TT>
        <CFMAX>4.0781592129654269</CFMAX>
        <SP>0</SP>
        <SFCF>0.85248987599071258</SFCF>
        <CFR>0.050303246890189411</CFR>
        <CWH>0.1260682007811518</CWH>
        <CFGlacier>1</CFGlacier>
        <CFSlope>1</CFSlope>
        <FC>593.55221064332329</FC>
        <LP>0.54807915701165066</LP>
        <BETA>5.368400473529845</BETA>
      </SubCatchmentVegetationZoneParameters>
    </SubCatchmentVegetationZone>
  </SubCatchment>
</Catchment>