<?xml version="1.0" encoding="utf-8"?>
<Catchment xmlns:xsi="http://www.w3.org/2001/XMLSchema-instance" xmlns:xsd="http://www.w3.org/2001/XMLSchema">
  <CatchmentParameters>
    <KSI>0.001</KSI>
    <KGmin>0.05</KGmin>
    <RangeKG>0.1</RangeKG>
    <AG>0.1</AG>
    <PERC>8.5469357948936739</PERC>
    <Alpha>0</Alpha>
    <UZL>183.74063404308441</UZL>
    <K0>0.54366739780031237</K0>
    <K1>0.38617183244949538</K1>
    <K2>0.080368111608347961</K2>
    <MAXBAS>1.0718940568284894</MAXBAS>
    <Cet>0</Cet>
    <PCALT>10</PCALT>
    <TCALT>0.6</TCALT>
    <Pelev>3100</Pelev>
    <Telev>3100</Telev>
    <PART>0.5</PART>
    <DELAY>1</DELAY>
  </CatchmentParameters>
  <VegetationZone>
    <VegetationZoneParameters>
      <TT>1.5621613986181231</TT>
      <CFMAX>4.1129264671527235</CFMAX>
      <SP>0</SP>
      <SFCF>0.5518596373767618</SFCF>
      <CFR>0.041047022539914754</CFR>
      <CWH>0.13708863630872034</CWH>
      <CFGlacier>1</CFGlacier>
      <CFSlope>1</CFSlope>
      <FC>529.038913234265</FC>
      <LP>0.60241556086714343</LP>
      <BETA>5.04904110751978</BETA>
    </VegetationZoneParameters>
  </VegetationZone>
  <SubCatchment>
    <SubCatchmentParameters>
      <KSI>0.001</KSI>
      <KGmin>0.05</KGmin>
      <RangeKG>0.1</RangeKG>
      <AG>0.1</AG>
      <PERC>8.5469357948936739</PERC>
      <Alpha>0</Alpha>
      <UZL>183.74063404308441</UZL>
      <K0>0.54366739780031237</K0>
      <K1>0.38617183244949538</K1>
      <K2>0.080368111608347961</K2>
      <MAXBAS>1.0718940568284894</MAXBAS>
      <Cet>0</Cet>
      <PCALT>10</PCALT>
      <TCALT>0.6</TCALT>
      <Pelev>3100</Pelev>
      <Telev>3100</Telev>
      <PART>0.5</PART>
      <DELAY>1</DELAY>
    </SubCatchmentParameters>
    <SubCatchmentVegetationZone>
      <SubCatchmentVegetationZoneParameters>
        <TT>1.5621613986181231</TT>
        <CFMAX>4.1129264671527235</CFMAX>
        <SP>0</SP>
        <SFCF>0.5518596373767618</SFCF>
        <CFR>0.041047022539914754</CFR>
        <CWH>0.13708863630872034</CWH>
        <CFGlacier>1</CFGlacier>
        <CFSlope>1</CFSlope>
        <FC>529.038913234265</FC>
        <LP>0.60241556086714343</LP>
        <BETA>5.04904110751978</BETA>
      </SubCatchmentVegetationZoneParameters>
    </SubCatchmentVegetationZone>
  </SubCatchment>
</Catchment>