<?xml version="1.0" encoding="utf-8"?>
<Catchment xmlns:xsi="http://www.w3.org/2001/XMLSchema-instance" xmlns:xsd="http://www.w3.org/2001/XMLSchema">
  <CatchmentParameters>
    <KSI>0.001</KSI>
    <KGmin>0.05</KGmin>
    <RangeKG>0.1</RangeKG>
    <AG>0.1</AG>
    <PERC>3.8895754984541631</PERC>
    <Alpha>0</Alpha>
    <UZL>113.17328252522655</UZL>
    <K0>0.51829231459045588</K0>
    <K1>0.25681081440818126</K1>
    <K2>0.01265122967667889</K2>
    <MAXBAS>1</MAXBAS>
    <Cet>0</Cet>
    <PCALT>10</PCALT>
    <TCALT>0.6</TCALT>
    <Pelev>3100</Pelev>
    <Telev>3100</Telev>
    <PART>0.5</PART>
    <DELAY>1</DELAY>
  </CatchmentParameters>
  <VegetationZone>
    <VegetationZoneParameters>
      <TT>-2.050522070676156</TT>
      <CFMAX>2.6068361419137012</CFMAX>
      <SP>0</SP>
      <SFCF>0.88492574239153088</SFCF>
      <CFR>0.0033845054969439212</CFR>
      <CWH>0.10000000012884774</CWH>
      <CFGlacier>1</CFGlacier>
      <CFSlope>1</CFSlope>
      <FC>875.61203293226788</FC>
      <LP>0.60117453077739957</LP>
      <BETA>3.2878050875322913</BETA>
    </VegetationZoneParameters>
  </VegetationZone>
  <SubCatchment>
    <SubCatchmentParameters>
      <KSI>0.001</KSI>
      <KGmin>0.05</KGmin>
      <RangeKG>0.1</RangeKG>
      <AG>0.1</AG>
      <PERC>3.8895754984541631</PERC>
      <Alpha>0</Alpha>
      <UZL>113.17328252522655</UZL>
      <K0>0.51829231459045588</K0>
      <K1>0.25681081440818126</K1>
      <K2>0.01265122967667889</K2>
      <MAXBAS>1</MAXBAS>
      <Cet>0</Cet>
      <PCALT>10</PCALT>
      <TCALT>0.6</TCALT>
      <Pelev>3100</Pelev>
      <Telev>3100</Telev>
      <PART>0.5</PART>
      <DELAY>1</DELAY>
    </SubCatchmentParameters>
    <SubCatchmentVegetationZone>
      <SubCatchmentVegetationZoneParameters>
        <TT>-2.050522070676156</TT>
        <CFMAX>2.6068361419137012</CFMAX>
        <SP>0</SP>
        <SFCF>0.88492574239153088</SFCF>
        <CFR>0.0033845054969439212</CFR>
        <CWH>0.10000000012884774</CWH>
        <CFGlacier>1</CFGlacier>
        <CFSlope>1</CFSlope>
        <FC>875.61203293226788</FC>
        <LP>0.60117453077739957</LP>
        <BETA>3.2878050875322913</BETA>
      </SubCatchmentVegetationZoneParameters>
    </SubCatchmentVegetationZone>
  </SubCatchment>
</Catchment>