<?xml version="1.0" encoding="utf-8"?>
<Catchment xmlns:xsi="http://www.w3.org/2001/XMLSchema-instance" xmlns:xsd="http://www.w3.org/2001/XMLSchema">
  <CatchmentParameters>
    <KSI>0.001</KSI>
    <KGmin>0.05</KGmin>
    <RangeKG>0.1</RangeKG>
    <AG>0.1</AG>
    <PERC>4.33264277819658</PERC>
    <Alpha>0</Alpha>
    <UZL>134.698489266629</UZL>
    <K0>0.22698350547372173</K0>
    <K1>0.35336351722472831</K1>
    <K2>0.013387583195003761</K2>
    <MAXBAS>1</MAXBAS>
    <Cet>0</Cet>
    <PCALT>10</PCALT>
    <TCALT>0.6</TCALT>
    <Pelev>3100</Pelev>
    <Telev>3100</Telev>
    <PART>0.5</PART>
    <DELAY>1</DELAY>
  </CatchmentParameters>
  <VegetationZone>
    <VegetationZoneParameters>
      <TT>-2.0134991448673087</TT>
      <CFMAX>3.1203888385554905</CFMAX>
      <SP>0</SP>
      <SFCF>0.91307317171295732</SFCF>
      <CFR>0.056987716924464263</CFR>
      <CWH>0.10000000002113903</CWH>
      <CFGlacier>1</CFGlacier>
      <CFSlope>1</CFSlope>
      <FC>975.65881838596044</FC>
      <LP>0.54652352113227309</LP>
      <BETA>2.9201697478880653</BETA>
    </VegetationZoneParameters>
  </VegetationZone>
  <SubCatchment>
    <SubCatchmentParameters>
      <KSI>0.001</KSI>
      <KGmin>0.05</KGmin>
      <RangeKG>0.1</RangeKG>
      <AG>0.1</AG>
      <PERC>4.33264277819658</PERC>
      <Alpha>0</Alpha>
      <UZL>134.698489266629</UZL>
      <K0>0.22698350547372173</K0>
      <K1>0.35336351722472831</K1>
      <K2>0.013387583195003761</K2>
      <MAXBAS>1</MAXBAS>
      <Cet>0</Cet>
      <PCALT>10</PCALT>
      <TCALT>0.6</TCALT>
      <Pelev>3100</Pelev>
      <Telev>3100</Telev>
      <PART>0.5</PART>
      <DELAY>1</DELAY>
    </SubCatchmentParameters>
    <SubCatchmentVegetationZone>
      <SubCatchmentVegetationZoneParameters>
        <TT>-2.0134991448673087</TT>
        <CFMAX>3.1203888385554905</CFMAX>
        <SP>0</SP>
        <SFCF>0.91307317171295732</SFCF>
        <CFR>0.056987716924464263</CFR>
        <CWH>0.10000000002113903</CWH>
        <CFGlacier>1</CFGlacier>
        <CFSlope>1</CFSlope>
        <FC>975.65881838596044</FC>
        <LP>0.54652352113227309</LP>
        <BETA>2.9201697478880653</BETA>
      </SubCatchmentVegetationZoneParameters>
    </SubCatchmentVegetationZone>
  </SubCatchment>
</Catchment>