<?xml version="1.0" encoding="utf-8"?>
<Catchment xmlns:xsi="http://www.w3.org/2001/XMLSchema-instance" xmlns:xsd="http://www.w3.org/2001/XMLSchema">
  <CatchmentParameters>
    <KSI>0.001</KSI>
    <KGmin>0.05</KGmin>
    <RangeKG>0.1</RangeKG>
    <AG>0.1</AG>
    <PERC>3.3235737181364637</PERC>
    <Alpha>0</Alpha>
    <UZL>95.98890972574155</UZL>
    <K0>0.52907688059925562</K0>
    <K1>0.37837838230490828</K1>
    <K2>0.091415316708093441</K2>
    <MAXBAS>1.0651786847546809</MAXBAS>
    <Cet>0</Cet>
    <PCALT>10</PCALT>
    <TCALT>0.6</TCALT>
    <Pelev>3100</Pelev>
    <Telev>3100</Telev>
    <PART>0.5</PART>
    <DELAY>1</DELAY>
  </CatchmentParameters>
  <VegetationZone>
    <VegetationZoneParameters>
      <TT>1.5548711673846394</TT>
      <CFMAX>4.6675525813877989</CFMAX>
      <SP>0</SP>
      <SFCF>1.1110467768190124</SFCF>
      <CFR>0.015883535183216852</CFR>
      <CWH>0.12292097370158854</CWH>
      <CFGlacier>1</CFGlacier>
      <CFSlope>1</CFSlope>
      <FC>691.21799668690664</FC>
      <LP>0.60499703190461951</LP>
      <BETA>5.4309970571521182</BETA>
    </VegetationZoneParameters>
  </VegetationZone>
  <SubCatchment>
    <SubCatchmentParameters>
      <KSI>0.001</KSI>
      <KGmin>0.05</KGmin>
      <RangeKG>0.1</RangeKG>
      <AG>0.1</AG>
      <PERC>3.3235737181364637</PERC>
      <Alpha>0</Alpha>
      <UZL>95.98890972574155</UZL>
      <K0>0.52907688059925562</K0>
      <K1>0.37837838230490828</K1>
      <K2>0.091415316708093441</K2>
      <MAXBAS>1.0651786847546809</MAXBAS>
      <Cet>0</Cet>
      <PCALT>10</PCALT>
      <TCALT>0.6</TCALT>
      <Pelev>3100</Pelev>
      <Telev>3100</Telev>
      <PART>0.5</PART>
      <DELAY>1</DELAY>
    </SubCatchmentParameters>
    <SubCatchmentVegetationZone>
      <SubCatchmentVegetationZoneParameters>
        <TT>1.5548711673846394</TT>
        <CFMAX>4.6675525813877989</CFMAX>
        <SP>0</SP>
        <SFCF>1.1110467768190124</SFCF>
        <CFR>0.015883535183216852</CFR>
        <CWH>0.12292097370158854</CWH>
        <CFGlacier>1</CFGlacier>
        <CFSlope>1</CFSlope>
        <FC>691.21799668690664</FC>
        <LP>0.60499703190461951</LP>
        <BETA>5.4309970571521182</BETA>
      </SubCatchmentVegetationZoneParameters>
    </SubCatchmentVegetationZone>
  </SubCatchment>
</Catchment>