<?xml version="1.0" encoding="utf-8"?>
<Catchment xmlns:xsi="http://www.w3.org/2001/XMLSchema-instance" xmlns:xsd="http://www.w3.org/2001/XMLSchema">
  <CatchmentParameters>
    <KSI>0.001</KSI>
    <KGmin>0.05</KGmin>
    <RangeKG>0.1</RangeKG>
    <AG>0.1</AG>
    <PERC>8.2958678546659854</PERC>
    <Alpha>0</Alpha>
    <UZL>95.676770588218432</UZL>
    <K0>0.60041049621810438</K0>
    <K1>0.16041696970424418</K1>
    <K2>0.093271114831574534</K2>
    <MAXBAS>1.4713752378802067</MAXBAS>
    <Cet>0</Cet>
    <PCALT>10</PCALT>
    <TCALT>0.6</TCALT>
    <Pelev>3100</Pelev>
    <Telev>3100</Telev>
    <PART>0.5</PART>
    <DELAY>1</DELAY>
  </CatchmentParameters>
  <VegetationZone>
    <VegetationZoneParameters>
      <TT>2.0601513993711524</TT>
      <CFMAX>4.3674151355416919</CFMAX>
      <SP>0</SP>
      <SFCF>0.67234304367027831</SFCF>
      <CFR>0.082224823156334045</CFR>
      <CWH>0.15534272301240654</CWH>
      <CFGlacier>1</CFGlacier>
      <CFSlope>1</CFSlope>
      <FC>534.84773036655224</FC>
      <LP>0.55804569098379864</LP>
      <BETA>4.1597584742539881</BETA>
    </VegetationZoneParameters>
  </VegetationZone>
  <SubCatchment>
    <SubCatchmentParameters>
      <KSI>0.001</KSI>
      <KGmin>0.05</KGmin>
      <RangeKG>0.1</RangeKG>
      <AG>0.1</AG>
      <PERC>8.2958678546659854</PERC>
      <Alpha>0</Alpha>
      <UZL>95.676770588218432</UZL>
      <K0>0.60041049621810438</K0>
      <K1>0.16041696970424418</K1>
      <K2>0.093271114831574534</K2>
      <MAXBAS>1.4713752378802067</MAXBAS>
      <Cet>0</Cet>
      <PCALT>10</PCALT>
      <TCALT>0.6</TCALT>
      <Pelev>3100</Pelev>
      <Telev>3100</Telev>
      <PART>0.5</PART>
      <DELAY>1</DELAY>
    </SubCatchmentParameters>
    <SubCatchmentVegetationZone>
      <SubCatchmentVegetationZoneParameters>
        <TT>2.0601513993711524</TT>
        <CFMAX>4.3674151355416919</CFMAX>
        <SP>0</SP>
        <SFCF>0.67234304367027831</SFCF>
        <CFR>0.082224823156334045</CFR>
        <CWH>0.15534272301240654</CWH>
        <CFGlacier>1</CFGlacier>
        <CFSlope>1</CFSlope>
        <FC>534.84773036655224</FC>
        <LP>0.55804569098379864</LP>
        <BETA>4.1597584742539881</BETA>
      </SubCatchmentVegetationZoneParameters>
    </SubCatchmentVegetationZone>
  </SubCatchment>
</Catchment>