<?xml version="1.0" encoding="utf-8"?>
<Catchment xmlns:xsi="http://www.w3.org/2001/XMLSchema-instance" xmlns:xsd="http://www.w3.org/2001/XMLSchema">
  <CatchmentParameters>
    <KSI>0.001</KSI>
    <KGmin>0.05</KGmin>
    <RangeKG>0.1</RangeKG>
    <AG>0.1</AG>
    <PERC>6.3941002021176345</PERC>
    <Alpha>0</Alpha>
    <UZL>94.204394096592679</UZL>
    <K0>0.0801410263361867</K0>
    <K1>0.25730330529596213</K1>
    <K2>0.1088635737705726</K2>
    <MAXBAS>1.5966763475342223</MAXBAS>
    <Cet>0</Cet>
    <PCALT>10</PCALT>
    <TCALT>0.6</TCALT>
    <Pelev>3100</Pelev>
    <Telev>3100</Telev>
    <PART>0.5</PART>
    <DELAY>1</DELAY>
  </CatchmentParameters>
  <VegetationZone>
    <VegetationZoneParameters>
      <TT>1.7791510595477076</TT>
      <CFMAX>4.1561887359856833</CFMAX>
      <SP>0</SP>
      <SFCF>0.69840596736902139</SFCF>
      <CFR>0.030615331760654164</CFR>
      <CWH>0.15311842246478447</CWH>
      <CFGlacier>1</CFGlacier>
      <CFSlope>1</CFSlope>
      <FC>551.13858149690384</FC>
      <LP>0.56607036108837716</LP>
      <BETA>4.4510499684545781</BETA>
    </VegetationZoneParameters>
  </VegetationZone>
  <SubCatchment>
    <SubCatchmentParameters>
      <KSI>0.001</KSI>
      <KGmin>0.05</KGmin>
      <RangeKG>0.1</RangeKG>
      <AG>0.1</AG>
      <PERC>6.3941002021176345</PERC>
      <Alpha>0</Alpha>
      <UZL>94.204394096592679</UZL>
      <K0>0.0801410263361867</K0>
      <K1>0.25730330529596213</K1>
      <K2>0.1088635737705726</K2>
      <MAXBAS>1.5966763475342223</MAXBAS>
      <Cet>0</Cet>
      <PCALT>10</PCALT>
      <TCALT>0.6</TCALT>
      <Pelev>3100</Pelev>
      <Telev>3100</Telev>
      <PART>0.5</PART>
      <DELAY>1</DELAY>
    </SubCatchmentParameters>
    <SubCatchmentVegetationZone>
      <SubCatchmentVegetationZoneParameters>
        <TT>1.7791510595477076</TT>
        <CFMAX>4.1561887359856833</CFMAX>
        <SP>0</SP>
        <SFCF>0.69840596736902139</SFCF>
        <CFR>0.030615331760654164</CFR>
        <CWH>0.15311842246478447</CWH>
        <CFGlacier>1</CFGlacier>
        <CFSlope>1</CFSlope>
        <FC>551.13858149690384</FC>
        <LP>0.56607036108837716</LP>
        <BETA>4.4510499684545781</BETA>
      </SubCatchmentVegetationZoneParameters>
    </SubCatchmentVegetationZone>
  </SubCatchment>
</Catchment>