<?xml version="1.0" encoding="utf-8"?>
<Catchment xmlns:xsi="http://www.w3.org/2001/XMLSchema-instance" xmlns:xsd="http://www.w3.org/2001/XMLSchema">
  <CatchmentParameters>
    <KSI>0.001</KSI>
    <KGmin>0.05</KGmin>
    <RangeKG>0.1</RangeKG>
    <AG>0.1</AG>
    <PERC>4.5378145709590019</PERC>
    <Alpha>0</Alpha>
    <UZL>86.252715357638138</UZL>
    <K0>0.070687406061955227</K0>
    <K1>0.25870075242188623</K1>
    <K2>0.10206239093020238</K2>
    <MAXBAS>1.5985425664178257</MAXBAS>
    <Cet>0</Cet>
    <PCALT>10</PCALT>
    <TCALT>0.6</TCALT>
    <Pelev>3100</Pelev>
    <Telev>3100</Telev>
    <PART>0.5</PART>
    <DELAY>1</DELAY>
  </CatchmentParameters>
  <VegetationZone>
    <VegetationZoneParameters>
      <TT>2.1252532222565139</TT>
      <CFMAX>2.6568480004499424</CFMAX>
      <SP>0</SP>
      <SFCF>1.0757834076497579</SFCF>
      <CFR>0.056629178860155151</CFR>
      <CWH>0.15725929098214292</CWH>
      <CFGlacier>1</CFGlacier>
      <CFSlope>1</CFSlope>
      <FC>548.81224015029534</FC>
      <LP>0.40191435563438122</LP>
      <BETA>5.3356970226085849</BETA>
    </VegetationZoneParameters>
  </VegetationZone>
  <SubCatchment>
    <SubCatchmentParameters>
      <KSI>0.001</KSI>
      <KGmin>0.05</KGmin>
      <RangeKG>0.1</RangeKG>
      <AG>0.1</AG>
      <PERC>4.5378145709590019</PERC>
      <Alpha>0</Alpha>
      <UZL>86.252715357638138</UZL>
      <K0>0.070687406061955227</K0>
      <K1>0.25870075242188623</K1>
      <K2>0.10206239093020238</K2>
      <MAXBAS>1.5985425664178257</MAXBAS>
      <Cet>0</Cet>
      <PCALT>10</PCALT>
      <TCALT>0.6</TCALT>
      <Pelev>3100</Pelev>
      <Telev>3100</Telev>
      <PART>0.5</PART>
      <DELAY>1</DELAY>
    </SubCatchmentParameters>
    <SubCatchmentVegetationZone>
      <SubCatchmentVegetationZoneParameters>
        <TT>2.1252532222565139</TT>
        <CFMAX>2.6568480004499424</CFMAX>
        <SP>0</SP>
        <SFCF>1.0757834076497579</SFCF>
        <CFR>0.056629178860155151</CFR>
        <CWH>0.15725929098214292</CWH>
        <CFGlacier>1</CFGlacier>
        <CFSlope>1</CFSlope>
        <FC>548.81224015029534</FC>
        <LP>0.40191435563438122</LP>
        <BETA>5.3356970226085849</BETA>
      </SubCatchmentVegetationZoneParameters>
    </SubCatchmentVegetationZone>
  </SubCatchment>
</Catchment>