<?xml version="1.0" encoding="utf-8"?>
<Catchment xmlns:xsi="http://www.w3.org/2001/XMLSchema-instance" xmlns:xsd="http://www.w3.org/2001/XMLSchema">
  <CatchmentParameters>
    <KSI>0.001</KSI>
    <KGmin>0.05</KGmin>
    <RangeKG>0.1</RangeKG>
    <AG>0.1</AG>
    <PERC>3.7884196504133252</PERC>
    <Alpha>0</Alpha>
    <UZL>138.07214983617598</UZL>
    <K0>0.16867226043009598</K0>
    <K1>0.35287973407291168</K1>
    <K2>0.1127769233436661</K2>
    <MAXBAS>1.1493628540762328</MAXBAS>
    <Cet>0</Cet>
    <PCALT>10</PCALT>
    <TCALT>0.6</TCALT>
    <Pelev>3100</Pelev>
    <Telev>3100</Telev>
    <PART>0.5</PART>
    <DELAY>1</DELAY>
  </CatchmentParameters>
  <VegetationZone>
    <VegetationZoneParameters>
      <TT>1.0901913583553426</TT>
      <CFMAX>4.1383240340743184</CFMAX>
      <SP>0</SP>
      <SFCF>0.79634995765482419</SFCF>
      <CFR>0.016424515321353382</CFR>
      <CWH>0.19242195969141063</CWH>
      <CFGlacier>1</CFGlacier>
      <CFSlope>1</CFSlope>
      <FC>437.99117018887665</FC>
      <LP>0.45960346621331249</LP>
      <BETA>5.2724477660258682</BETA>
    </VegetationZoneParameters>
  </VegetationZone>
  <SubCatchment>
    <SubCatchmentParameters>
      <KSI>0.001</KSI>
      <KGmin>0.05</KGmin>
      <RangeKG>0.1</RangeKG>
      <AG>0.1</AG>
      <PERC>3.7884196504133252</PERC>
      <Alpha>0</Alpha>
      <UZL>138.07214983617598</UZL>
      <K0>0.16867226043009598</K0>
      <K1>0.35287973407291168</K1>
      <K2>0.1127769233436661</K2>
      <MAXBAS>1.1493628540762328</MAXBAS>
      <Cet>0</Cet>
      <PCALT>10</PCALT>
      <TCALT>0.6</TCALT>
      <Pelev>3100</Pelev>
      <Telev>3100</Telev>
      <PART>0.5</PART>
      <DELAY>1</DELAY>
    </SubCatchmentParameters>
    <SubCatchmentVegetationZone>
      <SubCatchmentVegetationZoneParameters>
        <TT>1.0901913583553426</TT>
        <CFMAX>4.1383240340743184</CFMAX>
        <SP>0</SP>
        <SFCF>0.79634995765482419</SFCF>
        <CFR>0.016424515321353382</CFR>
        <CWH>0.19242195969141063</CWH>
        <CFGlacier>1</CFGlacier>
        <CFSlope>1</CFSlope>
        <FC>437.99117018887665</FC>
        <LP>0.45960346621331249</LP>
        <BETA>5.2724477660258682</BETA>
      </SubCatchmentVegetationZoneParameters>
    </SubCatchmentVegetationZone>
  </SubCatchment>
</Catchment>