<?xml version="1.0" encoding="utf-8"?>
<Catchment xmlns:xsi="http://www.w3.org/2001/XMLSchema-instance" xmlns:xsd="http://www.w3.org/2001/XMLSchema">
  <CatchmentParameters>
    <KSI>0.001</KSI>
    <KGmin>0.05</KGmin>
    <RangeKG>0.1</RangeKG>
    <AG>0.1</AG>
    <PERC>1.7394353504845139</PERC>
    <Alpha>0</Alpha>
    <UZL>55.342062269268993</UZL>
    <K0>0.37579493158633365</K0>
    <K1>0.052970829297244858</K1>
    <K2>0.010496185646179037</K2>
    <MAXBAS>1</MAXBAS>
    <Cet>0</Cet>
    <PCALT>10</PCALT>
    <TCALT>0.6</TCALT>
    <Pelev>3100</Pelev>
    <Telev>3100</Telev>
    <PART>0.5</PART>
    <DELAY>1</DELAY>
  </CatchmentParameters>
  <VegetationZone>
    <VegetationZoneParameters>
      <TT>-1.106465850772711</TT>
      <CFMAX>2.978322301791021</CFMAX>
      <SP>0</SP>
      <SFCF>0.86945936455832551</SFCF>
      <CFR>0.051657424540647735</CFR>
      <CWH>0.13218576346245897</CWH>
      <CFGlacier>1</CFGlacier>
      <CFSlope>1</CFSlope>
      <FC>851.88129808400072</FC>
      <LP>0.58002553973254</LP>
      <BETA>3.2813724263356865</BETA>
    </VegetationZoneParameters>
  </VegetationZone>
  <SubCatchment>
    <SubCatchmentParameters>
      <KSI>0.001</KSI>
      <KGmin>0.05</KGmin>
      <RangeKG>0.1</RangeKG>
      <AG>0.1</AG>
      <PERC>1.7394353504845139</PERC>
      <Alpha>0</Alpha>
      <UZL>55.342062269268993</UZL>
      <K0>0.37579493158633365</K0>
      <K1>0.052970829297244858</K1>
      <K2>0.010496185646179037</K2>
      <MAXBAS>1</MAXBAS>
      <Cet>0</Cet>
      <PCALT>10</PCALT>
      <TCALT>0.6</TCALT>
      <Pelev>3100</Pelev>
      <Telev>3100</Telev>
      <PART>0.5</PART>
      <DELAY>1</DELAY>
    </SubCatchmentParameters>
    <SubCatchmentVegetationZone>
      <SubCatchmentVegetationZoneParameters>
        <TT>-1.106465850772711</TT>
        <CFMAX>2.978322301791021</CFMAX>
        <SP>0</SP>
        <SFCF>0.86945936455832551</SFCF>
        <CFR>0.051657424540647735</CFR>
        <CWH>0.13218576346245897</CWH>
        <CFGlacier>1</CFGlacier>
        <CFSlope>1</CFSlope>
        <FC>851.88129808400072</FC>
        <LP>0.58002553973254</LP>
        <BETA>3.2813724263356865</BETA>
      </SubCatchmentVegetationZoneParameters>
    </SubCatchmentVegetationZone>
  </SubCatchment>
</Catchment>