<?xml version="1.0" encoding="utf-8"?>
<Catchment xmlns:xsi="http://www.w3.org/2001/XMLSchema-instance" xmlns:xsd="http://www.w3.org/2001/XMLSchema">
  <CatchmentParameters>
    <KSI>0.001</KSI>
    <KGmin>0.05</KGmin>
    <RangeKG>0.1</RangeKG>
    <AG>0.1</AG>
    <PERC>8.53407427550099</PERC>
    <Alpha>0</Alpha>
    <UZL>104.88232364976705</UZL>
    <K0>0.58437744881572828</K0>
    <K1>0.366530976937918</K1>
    <K2>0.084575364039884221</K2>
    <MAXBAS>1.568548552486893</MAXBAS>
    <Cet>0</Cet>
    <PCALT>10</PCALT>
    <TCALT>0.6</TCALT>
    <Pelev>3100</Pelev>
    <Telev>3100</Telev>
    <PART>0.5</PART>
    <DELAY>1</DELAY>
  </CatchmentParameters>
  <VegetationZone>
    <VegetationZoneParameters>
      <TT>1.8574405822061757</TT>
      <CFMAX>4.6865411454637416</CFMAX>
      <SP>0</SP>
      <SFCF>0.82971371050228659</SFCF>
      <CFR>0.047151520757565811</CFR>
      <CWH>0.12346099330390262</CWH>
      <CFGlacier>1</CFGlacier>
      <CFSlope>1</CFSlope>
      <FC>609.98423431223125</FC>
      <LP>0.77038555732405034</LP>
      <BETA>5.8732995437967457</BETA>
    </VegetationZoneParameters>
  </VegetationZone>
  <SubCatchment>
    <SubCatchmentParameters>
      <KSI>0.001</KSI>
      <KGmin>0.05</KGmin>
      <RangeKG>0.1</RangeKG>
      <AG>0.1</AG>
      <PERC>8.53407427550099</PERC>
      <Alpha>0</Alpha>
      <UZL>104.88232364976705</UZL>
      <K0>0.58437744881572828</K0>
      <K1>0.366530976937918</K1>
      <K2>0.084575364039884221</K2>
      <MAXBAS>1.568548552486893</MAXBAS>
      <Cet>0</Cet>
      <PCALT>10</PCALT>
      <TCALT>0.6</TCALT>
      <Pelev>3100</Pelev>
      <Telev>3100</Telev>
      <PART>0.5</PART>
      <DELAY>1</DELAY>
    </SubCatchmentParameters>
    <SubCatchmentVegetationZone>
      <SubCatchmentVegetationZoneParameters>
        <TT>1.8574405822061757</TT>
        <CFMAX>4.6865411454637416</CFMAX>
        <SP>0</SP>
        <SFCF>0.82971371050228659</SFCF>
        <CFR>0.047151520757565811</CFR>
        <CWH>0.12346099330390262</CWH>
        <CFGlacier>1</CFGlacier>
        <CFSlope>1</CFSlope>
        <FC>609.98423431223125</FC>
        <LP>0.77038555732405034</LP>
        <BETA>5.8732995437967457</BETA>
      </SubCatchmentVegetationZoneParameters>
    </SubCatchmentVegetationZone>
  </SubCatchment>
</Catchment>