<?xml version="1.0" encoding="utf-8"?>
<Catchment xmlns:xsi="http://www.w3.org/2001/XMLSchema-instance" xmlns:xsd="http://www.w3.org/2001/XMLSchema">
  <CatchmentParameters>
    <KSI>0.001</KSI>
    <KGmin>0.05</KGmin>
    <RangeKG>0.1</RangeKG>
    <AG>0.1</AG>
    <PERC>9.50437097863994</PERC>
    <Alpha>0</Alpha>
    <UZL>114.86489523324863</UZL>
    <K0>0.2484081129550566</K0>
    <K1>0.047458034820693329</K1>
    <K2>0.089586648305630345</K2>
    <MAXBAS>1.6069380582831516</MAXBAS>
    <Cet>0</Cet>
    <PCALT>10</PCALT>
    <TCALT>0.6</TCALT>
    <Pelev>3100</Pelev>
    <Telev>3100</Telev>
    <PART>0.5</PART>
    <DELAY>1</DELAY>
  </CatchmentParameters>
  <VegetationZone>
    <VegetationZoneParameters>
      <TT>1.8093346026147614</TT>
      <CFMAX>4.7615572950512126</CFMAX>
      <SP>0</SP>
      <SFCF>0.72072915157482131</SFCF>
      <CFR>0.053308623631619818</CFR>
      <CWH>0.14350833750791536</CWH>
      <CFGlacier>1</CFGlacier>
      <CFSlope>1</CFSlope>
      <FC>450.53091859973517</FC>
      <LP>0.51426441998824057</LP>
      <BETA>4.0225204741916514</BETA>
    </VegetationZoneParameters>
  </VegetationZone>
  <SubCatchment>
    <SubCatchmentParameters>
      <KSI>0.001</KSI>
      <KGmin>0.05</KGmin>
      <RangeKG>0.1</RangeKG>
      <AG>0.1</AG>
      <PERC>9.50437097863994</PERC>
      <Alpha>0</Alpha>
      <UZL>114.86489523324863</UZL>
      <K0>0.2484081129550566</K0>
      <K1>0.047458034820693329</K1>
      <K2>0.089586648305630345</K2>
      <MAXBAS>1.6069380582831516</MAXBAS>
      <Cet>0</Cet>
      <PCALT>10</PCALT>
      <TCALT>0.6</TCALT>
      <Pelev>3100</Pelev>
      <Telev>3100</Telev>
      <PART>0.5</PART>
      <DELAY>1</DELAY>
    </SubCatchmentParameters>
    <SubCatchmentVegetationZone>
      <SubCatchmentVegetationZoneParameters>
        <TT>1.8093346026147614</TT>
        <CFMAX>4.7615572950512126</CFMAX>
        <SP>0</SP>
        <SFCF>0.72072915157482131</SFCF>
        <CFR>0.053308623631619818</CFR>
        <CWH>0.14350833750791536</CWH>
        <CFGlacier>1</CFGlacier>
        <CFSlope>1</CFSlope>
        <FC>450.53091859973517</FC>
        <LP>0.51426441998824057</LP>
        <BETA>4.0225204741916514</BETA>
      </SubCatchmentVegetationZoneParameters>
    </SubCatchmentVegetationZone>
  </SubCatchment>
</Catchment>