<?xml version="1.0" encoding="utf-8"?>
<Catchment xmlns:xsi="http://www.w3.org/2001/XMLSchema-instance" xmlns:xsd="http://www.w3.org/2001/XMLSchema">
  <CatchmentParameters>
    <KSI>0.001</KSI>
    <KGmin>0.05</KGmin>
    <RangeKG>0.1</RangeKG>
    <AG>0.1</AG>
    <PERC>5.6829562951035379</PERC>
    <Alpha>0</Alpha>
    <UZL>86.244371127550011</UZL>
    <K0>0.441283522541937</K0>
    <K1>0.50728137448857746</K1>
    <K2>0.12055071949169882</K2>
    <MAXBAS>2.0811833312375585</MAXBAS>
    <Cet>0</Cet>
    <PCALT>10</PCALT>
    <TCALT>0.6</TCALT>
    <Pelev>3100</Pelev>
    <Telev>3100</Telev>
    <PART>0.5</PART>
    <DELAY>1</DELAY>
  </CatchmentParameters>
  <VegetationZone>
    <VegetationZoneParameters>
      <TT>0.34923051663600413</TT>
      <CFMAX>4.7693350875230536</CFMAX>
      <SP>0</SP>
      <SFCF>1.0902080827732303</SFCF>
      <CFR>0.06517887882218576</CFR>
      <CWH>0.14654656470922808</CWH>
      <CFGlacier>1</CFGlacier>
      <CFSlope>1</CFSlope>
      <FC>576.07656236426556</FC>
      <LP>0.55814058981951442</LP>
      <BETA>5.4617911721986854</BETA>
    </VegetationZoneParameters>
  </VegetationZone>
  <SubCatchment>
    <SubCatchmentParameters>
      <KSI>0.001</KSI>
      <KGmin>0.05</KGmin>
      <RangeKG>0.1</RangeKG>
      <AG>0.1</AG>
      <PERC>5.6829562951035379</PERC>
      <Alpha>0</Alpha>
      <UZL>86.244371127550011</UZL>
      <K0>0.441283522541937</K0>
      <K1>0.50728137448857746</K1>
      <K2>0.12055071949169882</K2>
      <MAXBAS>2.0811833312375585</MAXBAS>
      <Cet>0</Cet>
      <PCALT>10</PCALT>
      <TCALT>0.6</TCALT>
      <Pelev>3100</Pelev>
      <Telev>3100</Telev>
      <PART>0.5</PART>
      <DELAY>1</DELAY>
    </SubCatchmentParameters>
    <SubCatchmentVegetationZone>
      <SubCatchmentVegetationZoneParameters>
        <TT>0.34923051663600413</TT>
        <CFMAX>4.7693350875230536</CFMAX>
        <SP>0</SP>
        <SFCF>1.0902080827732303</SFCF>
        <CFR>0.06517887882218576</CFR>
        <CWH>0.14654656470922808</CWH>
        <CFGlacier>1</CFGlacier>
        <CFSlope>1</CFSlope>
        <FC>576.07656236426556</FC>
        <LP>0.55814058981951442</LP>
        <BETA>5.4617911721986854</BETA>
      </SubCatchmentVegetationZoneParameters>
    </SubCatchmentVegetationZone>
  </SubCatchment>
</Catchment>