<?xml version="1.0" encoding="utf-8"?>
<Catchment xmlns:xsi="http://www.w3.org/2001/XMLSchema-instance" xmlns:xsd="http://www.w3.org/2001/XMLSchema">
  <CatchmentParameters>
    <KSI>0.001</KSI>
    <KGmin>0.05</KGmin>
    <RangeKG>0.1</RangeKG>
    <AG>0.1</AG>
    <PERC>4.0869425802133108</PERC>
    <Alpha>0</Alpha>
    <UZL>110.91102406618647</UZL>
    <K0>0.060745316956245188</K0>
    <K1>0.36295841120044858</K1>
    <K2>0.10463931385760505</K2>
    <MAXBAS>1.1117171007082036</MAXBAS>
    <Cet>0</Cet>
    <PCALT>10</PCALT>
    <TCALT>0.6</TCALT>
    <Pelev>3100</Pelev>
    <Telev>3100</Telev>
    <PART>0.5</PART>
    <DELAY>1</DELAY>
  </CatchmentParameters>
  <VegetationZone>
    <VegetationZoneParameters>
      <TT>1.7802344978654654</TT>
      <CFMAX>2.7245035272815281</CFMAX>
      <SP>0</SP>
      <SFCF>0.80664644226592985</SFCF>
      <CFR>0.049226930510128969</CFR>
      <CWH>0.15926072090663201</CWH>
      <CFGlacier>1</CFGlacier>
      <CFSlope>1</CFSlope>
      <FC>226.60611144039658</FC>
      <LP>0.61129123367492821</LP>
      <BETA>5.6884532772700114</BETA>
    </VegetationZoneParameters>
  </VegetationZone>
  <SubCatchment>
    <SubCatchmentParameters>
      <KSI>0.001</KSI>
      <KGmin>0.05</KGmin>
      <RangeKG>0.1</RangeKG>
      <AG>0.1</AG>
      <PERC>4.0869425802133108</PERC>
      <Alpha>0</Alpha>
      <UZL>110.91102406618647</UZL>
      <K0>0.060745316956245188</K0>
      <K1>0.36295841120044858</K1>
      <K2>0.10463931385760505</K2>
      <MAXBAS>1.1117171007082036</MAXBAS>
      <Cet>0</Cet>
      <PCALT>10</PCALT>
      <TCALT>0.6</TCALT>
      <Pelev>3100</Pelev>
      <Telev>3100</Telev>
      <PART>0.5</PART>
      <DELAY>1</DELAY>
    </SubCatchmentParameters>
    <SubCatchmentVegetationZone>
      <SubCatchmentVegetationZoneParameters>
        <TT>1.7802344978654654</TT>
        <CFMAX>2.7245035272815281</CFMAX>
        <SP>0</SP>
        <SFCF>0.80664644226592985</SFCF>
        <CFR>0.049226930510128969</CFR>
        <CWH>0.15926072090663201</CWH>
        <CFGlacier>1</CFGlacier>
        <CFSlope>1</CFSlope>
        <FC>226.60611144039658</FC>
        <LP>0.61129123367492821</LP>
        <BETA>5.6884532772700114</BETA>
      </SubCatchmentVegetationZoneParameters>
    </SubCatchmentVegetationZone>
  </SubCatchment>
</Catchment>