<?xml version="1.0" encoding="utf-8"?>
<Catchment xmlns:xsi="http://www.w3.org/2001/XMLSchema-instance" xmlns:xsd="http://www.w3.org/2001/XMLSchema">
  <CatchmentParameters>
    <KSI>0.001</KSI>
    <KGmin>0.05</KGmin>
    <RangeKG>0.1</RangeKG>
    <AG>0.1</AG>
    <PERC>4.9658885390911962</PERC>
    <Alpha>0</Alpha>
    <UZL>82.211607009190189</UZL>
    <K0>0.14011855508185167</K0>
    <K1>0.26196596722036042</K1>
    <K2>0.0954362570621445</K2>
    <MAXBAS>1.5479262678211267</MAXBAS>
    <Cet>0</Cet>
    <PCALT>10</PCALT>
    <TCALT>0.6</TCALT>
    <Pelev>3100</Pelev>
    <Telev>3100</Telev>
    <PART>0.5</PART>
    <DELAY>1</DELAY>
  </CatchmentParameters>
  <VegetationZone>
    <VegetationZoneParameters>
      <TT>2.3711747464829704</TT>
      <CFMAX>4.2836508767412989</CFMAX>
      <SP>0</SP>
      <SFCF>1.0087609515007614</SFCF>
      <CFR>0.062774596016222386</CFR>
      <CWH>0.14469441627527346</CWH>
      <CFGlacier>1</CFGlacier>
      <CFSlope>1</CFSlope>
      <FC>273.10752602108414</FC>
      <LP>0.418085211659705</LP>
      <BETA>5.4040622078090488</BETA>
    </VegetationZoneParameters>
  </VegetationZone>
  <SubCatchment>
    <SubCatchmentParameters>
      <KSI>0.001</KSI>
      <KGmin>0.05</KGmin>
      <RangeKG>0.1</RangeKG>
      <AG>0.1</AG>
      <PERC>4.9658885390911962</PERC>
      <Alpha>0</Alpha>
      <UZL>82.211607009190189</UZL>
      <K0>0.14011855508185167</K0>
      <K1>0.26196596722036042</K1>
      <K2>0.0954362570621445</K2>
      <MAXBAS>1.5479262678211267</MAXBAS>
      <Cet>0</Cet>
      <PCALT>10</PCALT>
      <TCALT>0.6</TCALT>
      <Pelev>3100</Pelev>
      <Telev>3100</Telev>
      <PART>0.5</PART>
      <DELAY>1</DELAY>
    </SubCatchmentParameters>
    <SubCatchmentVegetationZone>
      <SubCatchmentVegetationZoneParameters>
        <TT>2.3711747464829704</TT>
        <CFMAX>4.2836508767412989</CFMAX>
        <SP>0</SP>
        <SFCF>1.0087609515007614</SFCF>
        <CFR>0.062774596016222386</CFR>
        <CWH>0.14469441627527346</CWH>
        <CFGlacier>1</CFGlacier>
        <CFSlope>1</CFSlope>
        <FC>273.10752602108414</FC>
        <LP>0.418085211659705</LP>
        <BETA>5.4040622078090488</BETA>
      </SubCatchmentVegetationZoneParameters>
    </SubCatchmentVegetationZone>
  </SubCatchment>
</Catchment>