<?xml version="1.0" encoding="utf-8"?>
<Catchment xmlns:xsi="http://www.w3.org/2001/XMLSchema-instance" xmlns:xsd="http://www.w3.org/2001/XMLSchema">
  <CatchmentParameters>
    <KSI>0.001</KSI>
    <KGmin>0.05</KGmin>
    <RangeKG>0.1</RangeKG>
    <AG>0.1</AG>
    <PERC>9.4212511272917272</PERC>
    <Alpha>0</Alpha>
    <UZL>125.40573802374658</UZL>
    <K0>0.28772367621084333</K0>
    <K1>0.38147101847650072</K1>
    <K2>0.092647969311378031</K2>
    <MAXBAS>2.0681258970361576</MAXBAS>
    <Cet>0</Cet>
    <PCALT>10</PCALT>
    <TCALT>0.6</TCALT>
    <Pelev>3100</Pelev>
    <Telev>3100</Telev>
    <PART>0.5</PART>
    <DELAY>1</DELAY>
  </CatchmentParameters>
  <VegetationZone>
    <VegetationZoneParameters>
      <TT>1.6576780192516905</TT>
      <CFMAX>3.5515441999041757</CFMAX>
      <SP>0</SP>
      <SFCF>0.84784183941523883</SFCF>
      <CFR>0.065681180089824376</CFR>
      <CWH>0.15590716282342285</CWH>
      <CFGlacier>1</CFGlacier>
      <CFSlope>1</CFSlope>
      <FC>340.52021733380678</FC>
      <LP>0.63757477796647033</LP>
      <BETA>5.5265500498426139</BETA>
    </VegetationZoneParameters>
  </VegetationZone>
  <SubCatchment>
    <SubCatchmentParameters>
      <KSI>0.001</KSI>
      <KGmin>0.05</KGmin>
      <RangeKG>0.1</RangeKG>
      <AG>0.1</AG>
      <PERC>9.4212511272917272</PERC>
      <Alpha>0</Alpha>
      <UZL>125.40573802374658</UZL>
      <K0>0.28772367621084333</K0>
      <K1>0.38147101847650072</K1>
      <K2>0.092647969311378031</K2>
      <MAXBAS>2.0681258970361576</MAXBAS>
      <Cet>0</Cet>
      <PCALT>10</PCALT>
      <TCALT>0.6</TCALT>
      <Pelev>3100</Pelev>
      <Telev>3100</Telev>
      <PART>0.5</PART>
      <DELAY>1</DELAY>
    </SubCatchmentParameters>
    <SubCatchmentVegetationZone>
      <SubCatchmentVegetationZoneParameters>
        <TT>1.6576780192516905</TT>
        <CFMAX>3.5515441999041757</CFMAX>
        <SP>0</SP>
        <SFCF>0.84784183941523883</SFCF>
        <CFR>0.065681180089824376</CFR>
        <CWH>0.15590716282342285</CWH>
        <CFGlacier>1</CFGlacier>
        <CFSlope>1</CFSlope>
        <FC>340.52021733380678</FC>
        <LP>0.63757477796647033</LP>
        <BETA>5.5265500498426139</BETA>
      </SubCatchmentVegetationZoneParameters>
    </SubCatchmentVegetationZone>
  </SubCatchment>
</Catchment>