<?xml version="1.0" encoding="utf-8"?>
<Catchment xmlns:xsi="http://www.w3.org/2001/XMLSchema-instance" xmlns:xsd="http://www.w3.org/2001/XMLSchema">
  <CatchmentParameters>
    <KSI>0.001</KSI>
    <KGmin>0.05</KGmin>
    <RangeKG>0.1</RangeKG>
    <AG>0.1</AG>
    <PERC>6.4606536120574027</PERC>
    <Alpha>0</Alpha>
    <UZL>44.630121443642018</UZL>
    <K0>0.50439024577739011</K0>
    <K1>0.28051488306136751</K1>
    <K2>0.076998047151770332</K2>
    <MAXBAS>1.4432323880727527</MAXBAS>
    <Cet>0</Cet>
    <PCALT>10</PCALT>
    <TCALT>0.6</TCALT>
    <Pelev>3100</Pelev>
    <Telev>3100</Telev>
    <PART>0.5</PART>
    <DELAY>1</DELAY>
  </CatchmentParameters>
  <VegetationZone>
    <VegetationZoneParameters>
      <TT>1.6306970021335325</TT>
      <CFMAX>3.14021456949334</CFMAX>
      <SP>0</SP>
      <SFCF>0.70507933385493493</SFCF>
      <CFR>0.030171396558913294</CFR>
      <CWH>0.16718463157566155</CWH>
      <CFGlacier>1</CFGlacier>
      <CFSlope>1</CFSlope>
      <FC>548.68038787550552</FC>
      <LP>0.71670646214618783</LP>
      <BETA>5.3097223269050113</BETA>
    </VegetationZoneParameters>
  </VegetationZone>
  <SubCatchment>
    <SubCatchmentParameters>
      <KSI>0.001</KSI>
      <KGmin>0.05</KGmin>
      <RangeKG>0.1</RangeKG>
      <AG>0.1</AG>
      <PERC>6.4606536120574027</PERC>
      <Alpha>0</Alpha>
      <UZL>44.630121443642018</UZL>
      <K0>0.50439024577739011</K0>
      <K1>0.28051488306136751</K1>
      <K2>0.076998047151770332</K2>
      <MAXBAS>1.4432323880727527</MAXBAS>
      <Cet>0</Cet>
      <PCALT>10</PCALT>
      <TCALT>0.6</TCALT>
      <Pelev>3100</Pelev>
      <Telev>3100</Telev>
      <PART>0.5</PART>
      <DELAY>1</DELAY>
    </SubCatchmentParameters>
    <SubCatchmentVegetationZone>
      <SubCatchmentVegetationZoneParameters>
        <TT>1.6306970021335325</TT>
        <CFMAX>3.14021456949334</CFMAX>
        <SP>0</SP>
        <SFCF>0.70507933385493493</SFCF>
        <CFR>0.030171396558913294</CFR>
        <CWH>0.16718463157566155</CWH>
        <CFGlacier>1</CFGlacier>
        <CFSlope>1</CFSlope>
        <FC>548.68038787550552</FC>
        <LP>0.71670646214618783</LP>
        <BETA>5.3097223269050113</BETA>
      </SubCatchmentVegetationZoneParameters>
    </SubCatchmentVegetationZone>
  </SubCatchment>
</Catchment>