<?xml version="1.0" encoding="utf-8"?>
<Catchment xmlns:xsi="http://www.w3.org/2001/XMLSchema-instance" xmlns:xsd="http://www.w3.org/2001/XMLSchema">
  <CatchmentParameters>
    <KSI>0.001</KSI>
    <KGmin>0.05</KGmin>
    <RangeKG>0.1</RangeKG>
    <AG>0.1</AG>
    <PERC>3.6690533441175708</PERC>
    <Alpha>0</Alpha>
    <UZL>121.51663517225163</UZL>
    <K0>0.63362420582733048</K0>
    <K1>0.35229898413486582</K1>
    <K2>0.010000236640724304</K2>
    <MAXBAS>1</MAXBAS>
    <Cet>0</Cet>
    <PCALT>10</PCALT>
    <TCALT>0.6</TCALT>
    <Pelev>3100</Pelev>
    <Telev>3100</Telev>
    <PART>0.5</PART>
    <DELAY>1</DELAY>
  </CatchmentParameters>
  <VegetationZone>
    <VegetationZoneParameters>
      <TT>-0.76076559007624778</TT>
      <CFMAX>2.525268462043563</CFMAX>
      <SP>0</SP>
      <SFCF>0.64570697473079253</SFCF>
      <CFR>0.0352480041536757</CFR>
      <CWH>0.110714991997917</CWH>
      <CFGlacier>1</CFGlacier>
      <CFSlope>1</CFSlope>
      <FC>604.27587582320143</FC>
      <LP>0.58077127574978138</LP>
      <BETA>2.7706410712358029</BETA>
    </VegetationZoneParameters>
  </VegetationZone>
  <SubCatchment>
    <SubCatchmentParameters>
      <KSI>0.001</KSI>
      <KGmin>0.05</KGmin>
      <RangeKG>0.1</RangeKG>
      <AG>0.1</AG>
      <PERC>3.6690533441175708</PERC>
      <Alpha>0</Alpha>
      <UZL>121.51663517225163</UZL>
      <K0>0.63362420582733048</K0>
      <K1>0.35229898413486582</K1>
      <K2>0.010000236640724304</K2>
      <MAXBAS>1</MAXBAS>
      <Cet>0</Cet>
      <PCALT>10</PCALT>
      <TCALT>0.6</TCALT>
      <Pelev>3100</Pelev>
      <Telev>3100</Telev>
      <PART>0.5</PART>
      <DELAY>1</DELAY>
    </SubCatchmentParameters>
    <SubCatchmentVegetationZone>
      <SubCatchmentVegetationZoneParameters>
        <TT>-0.76076559007624778</TT>
        <CFMAX>2.525268462043563</CFMAX>
        <SP>0</SP>
        <SFCF>0.64570697473079253</SFCF>
        <CFR>0.0352480041536757</CFR>
        <CWH>0.110714991997917</CWH>
        <CFGlacier>1</CFGlacier>
        <CFSlope>1</CFSlope>
        <FC>604.27587582320143</FC>
        <LP>0.58077127574978138</LP>
        <BETA>2.7706410712358029</BETA>
      </SubCatchmentVegetationZoneParameters>
    </SubCatchmentVegetationZone>
  </SubCatchment>
</Catchment>