<?xml version="1.0" encoding="utf-8"?>
<Catchment xmlns:xsi="http://www.w3.org/2001/XMLSchema-instance" xmlns:xsd="http://www.w3.org/2001/XMLSchema">
  <CatchmentParameters>
    <KSI>0.001</KSI>
    <KGmin>0.05</KGmin>
    <RangeKG>0.1</RangeKG>
    <AG>0.1</AG>
    <PERC>9.5330102582342828</PERC>
    <Alpha>0</Alpha>
    <UZL>42.738043582054836</UZL>
    <K0>0.23793280087663771</K0>
    <K1>0.36479394525366987</K1>
    <K2>0.11402528673813243</K2>
    <MAXBAS>1.5991816989961625</MAXBAS>
    <Cet>0</Cet>
    <PCALT>10</PCALT>
    <TCALT>0.6</TCALT>
    <Pelev>3100</Pelev>
    <Telev>3100</Telev>
    <PART>0.5</PART>
    <DELAY>1</DELAY>
  </CatchmentParameters>
  <VegetationZone>
    <VegetationZoneParameters>
      <TT>2.0030756667263891</TT>
      <CFMAX>4.8832937730283295</CFMAX>
      <SP>0</SP>
      <SFCF>0.94073196564954753</SFCF>
      <CFR>0.069818606003035188</CFR>
      <CWH>0.17083276667589031</CWH>
      <CFGlacier>1</CFGlacier>
      <CFSlope>1</CFSlope>
      <FC>532.84543028881239</FC>
      <LP>0.55159956699487867</LP>
      <BETA>5.3700849425557</BETA>
    </VegetationZoneParameters>
  </VegetationZone>
  <SubCatchment>
    <SubCatchmentParameters>
      <KSI>0.001</KSI>
      <KGmin>0.05</KGmin>
      <RangeKG>0.1</RangeKG>
      <AG>0.1</AG>
      <PERC>9.5330102582342828</PERC>
      <Alpha>0</Alpha>
      <UZL>42.738043582054836</UZL>
      <K0>0.23793280087663771</K0>
      <K1>0.36479394525366987</K1>
      <K2>0.11402528673813243</K2>
      <MAXBAS>1.5991816989961625</MAXBAS>
      <Cet>0</Cet>
      <PCALT>10</PCALT>
      <TCALT>0.6</TCALT>
      <Pelev>3100</Pelev>
      <Telev>3100</Telev>
      <PART>0.5</PART>
      <DELAY>1</DELAY>
    </SubCatchmentParameters>
    <SubCatchmentVegetationZone>
      <SubCatchmentVegetationZoneParameters>
        <TT>2.0030756667263891</TT>
        <CFMAX>4.8832937730283295</CFMAX>
        <SP>0</SP>
        <SFCF>0.94073196564954753</SFCF>
        <CFR>0.069818606003035188</CFR>
        <CWH>0.17083276667589031</CWH>
        <CFGlacier>1</CFGlacier>
        <CFSlope>1</CFSlope>
        <FC>532.84543028881239</FC>
        <LP>0.55159956699487867</LP>
        <BETA>5.3700849425557</BETA>
      </SubCatchmentVegetationZoneParameters>
    </SubCatchmentVegetationZone>
  </SubCatchment>
</Catchment>