<?xml version="1.0" encoding="utf-8"?>
<Catchment xmlns:xsi="http://www.w3.org/2001/XMLSchema-instance" xmlns:xsd="http://www.w3.org/2001/XMLSchema">
  <CatchmentParameters>
    <KSI>0.001</KSI>
    <KGmin>0.05</KGmin>
    <RangeKG>0.1</RangeKG>
    <AG>0.1</AG>
    <PERC>9.7269382058531573</PERC>
    <Alpha>0</Alpha>
    <UZL>61.001149572339727</UZL>
    <K0>0.1848272752423234</K0>
    <K1>0.22445515982870731</K1>
    <K2>0.06247997974796133</K2>
    <MAXBAS>1.8108790155205896</MAXBAS>
    <Cet>0</Cet>
    <PCALT>10</PCALT>
    <TCALT>0.6</TCALT>
    <Pelev>3100</Pelev>
    <Telev>3100</Telev>
    <PART>0.5</PART>
    <DELAY>1</DELAY>
  </CatchmentParameters>
  <VegetationZone>
    <VegetationZoneParameters>
      <TT>2.1866366649491491</TT>
      <CFMAX>4.6844750690063535</CFMAX>
      <SP>0</SP>
      <SFCF>1.037096289484376</SFCF>
      <CFR>0.070856157829152555</CFR>
      <CWH>0.16657098099651552</CWH>
      <CFGlacier>1</CFGlacier>
      <CFSlope>1</CFSlope>
      <FC>771.8205628814419</FC>
      <LP>0.7263666886232838</LP>
      <BETA>5.7609846277925794</BETA>
    </VegetationZoneParameters>
  </VegetationZone>
  <SubCatchment>
    <SubCatchmentParameters>
      <KSI>0.001</KSI>
      <KGmin>0.05</KGmin>
      <RangeKG>0.1</RangeKG>
      <AG>0.1</AG>
      <PERC>9.7269382058531573</PERC>
      <Alpha>0</Alpha>
      <UZL>61.001149572339727</UZL>
      <K0>0.1848272752423234</K0>
      <K1>0.22445515982870731</K1>
      <K2>0.06247997974796133</K2>
      <MAXBAS>1.8108790155205896</MAXBAS>
      <Cet>0</Cet>
      <PCALT>10</PCALT>
      <TCALT>0.6</TCALT>
      <Pelev>3100</Pelev>
      <Telev>3100</Telev>
      <PART>0.5</PART>
      <DELAY>1</DELAY>
    </SubCatchmentParameters>
    <SubCatchmentVegetationZone>
      <SubCatchmentVegetationZoneParameters>
        <TT>2.1866366649491491</TT>
        <CFMAX>4.6844750690063535</CFMAX>
        <SP>0</SP>
        <SFCF>1.037096289484376</SFCF>
        <CFR>0.070856157829152555</CFR>
        <CWH>0.16657098099651552</CWH>
        <CFGlacier>1</CFGlacier>
        <CFSlope>1</CFSlope>
        <FC>771.8205628814419</FC>
        <LP>0.7263666886232838</LP>
        <BETA>5.7609846277925794</BETA>
      </SubCatchmentVegetationZoneParameters>
    </SubCatchmentVegetationZone>
  </SubCatchment>
</Catchment>