<?xml version="1.0" encoding="utf-8"?>
<Catchment xmlns:xsi="http://www.w3.org/2001/XMLSchema-instance" xmlns:xsd="http://www.w3.org/2001/XMLSchema">
  <CatchmentParameters>
    <KSI>0.001</KSI>
    <KGmin>0.05</KGmin>
    <RangeKG>0.1</RangeKG>
    <AG>0.1</AG>
    <PERC>6.500658831353519</PERC>
    <Alpha>0</Alpha>
    <UZL>113.94056290526996</UZL>
    <K0>0.23664523636701174</K0>
    <K1>0.39128751642635839</K1>
    <K2>0.054956771301787395</K2>
    <MAXBAS>1.7742377973540084</MAXBAS>
    <Cet>0</Cet>
    <PCALT>10</PCALT>
    <TCALT>0.6</TCALT>
    <Pelev>3100</Pelev>
    <Telev>3100</Telev>
    <PART>0.5</PART>
    <DELAY>1</DELAY>
  </CatchmentParameters>
  <VegetationZone>
    <VegetationZoneParameters>
      <TT>1.5127438939106512</TT>
      <CFMAX>4.301989316296436</CFMAX>
      <SP>0</SP>
      <SFCF>0.726057902961967</SFCF>
      <CFR>0.072011621425702</CFR>
      <CWH>0.16403258284627922</CWH>
      <CFGlacier>1</CFGlacier>
      <CFSlope>1</CFSlope>
      <FC>642.49711769272017</FC>
      <LP>0.50147410507053225</LP>
      <BETA>5.4211104131651657</BETA>
    </VegetationZoneParameters>
  </VegetationZone>
  <SubCatchment>
    <SubCatchmentParameters>
      <KSI>0.001</KSI>
      <KGmin>0.05</KGmin>
      <RangeKG>0.1</RangeKG>
      <AG>0.1</AG>
      <PERC>6.500658831353519</PERC>
      <Alpha>0</Alpha>
      <UZL>113.94056290526996</UZL>
      <K0>0.23664523636701174</K0>
      <K1>0.39128751642635839</K1>
      <K2>0.054956771301787395</K2>
      <MAXBAS>1.7742377973540084</MAXBAS>
      <Cet>0</Cet>
      <PCALT>10</PCALT>
      <TCALT>0.6</TCALT>
      <Pelev>3100</Pelev>
      <Telev>3100</Telev>
      <PART>0.5</PART>
      <DELAY>1</DELAY>
    </SubCatchmentParameters>
    <SubCatchmentVegetationZone>
      <SubCatchmentVegetationZoneParameters>
        <TT>1.5127438939106512</TT>
        <CFMAX>4.301989316296436</CFMAX>
        <SP>0</SP>
        <SFCF>0.726057902961967</SFCF>
        <CFR>0.072011621425702</CFR>
        <CWH>0.16403258284627922</CWH>
        <CFGlacier>1</CFGlacier>
        <CFSlope>1</CFSlope>
        <FC>642.49711769272017</FC>
        <LP>0.50147410507053225</LP>
        <BETA>5.4211104131651657</BETA>
      </SubCatchmentVegetationZoneParameters>
    </SubCatchmentVegetationZone>
  </SubCatchment>
</Catchment>