<?xml version="1.0" encoding="utf-8"?>
<Catchment xmlns:xsi="http://www.w3.org/2001/XMLSchema-instance" xmlns:xsd="http://www.w3.org/2001/XMLSchema">
  <CatchmentParameters>
    <KSI>0.001</KSI>
    <KGmin>0.05</KGmin>
    <RangeKG>0.1</RangeKG>
    <AG>0.1</AG>
    <PERC>7.967506196888781</PERC>
    <Alpha>0</Alpha>
    <UZL>132.73325381938128</UZL>
    <K0>0.43630077357325592</K0>
    <K1>0.50220962016544513</K1>
    <K2>0.10836507280662661</K2>
    <MAXBAS>1.2312364474497008</MAXBAS>
    <Cet>0</Cet>
    <PCALT>10</PCALT>
    <TCALT>0.6</TCALT>
    <Pelev>3100</Pelev>
    <Telev>3100</Telev>
    <PART>0.5</PART>
    <DELAY>1</DELAY>
  </CatchmentParameters>
  <VegetationZone>
    <VegetationZoneParameters>
      <TT>1.9129891598453366</TT>
      <CFMAX>4.5069948815505692</CFMAX>
      <SP>0</SP>
      <SFCF>0.6709871772654753</SFCF>
      <CFR>0.066150445411288089</CFR>
      <CWH>0.15226179451457841</CWH>
      <CFGlacier>1</CFGlacier>
      <CFSlope>1</CFSlope>
      <FC>790.17632848943947</FC>
      <LP>0.62427955713336236</LP>
      <BETA>4.4365357242147043</BETA>
    </VegetationZoneParameters>
  </VegetationZone>
  <SubCatchment>
    <SubCatchmentParameters>
      <KSI>0.001</KSI>
      <KGmin>0.05</KGmin>
      <RangeKG>0.1</RangeKG>
      <AG>0.1</AG>
      <PERC>7.967506196888781</PERC>
      <Alpha>0</Alpha>
      <UZL>132.73325381938128</UZL>
      <K0>0.43630077357325592</K0>
      <K1>0.50220962016544513</K1>
      <K2>0.10836507280662661</K2>
      <MAXBAS>1.2312364474497008</MAXBAS>
      <Cet>0</Cet>
      <PCALT>10</PCALT>
      <TCALT>0.6</TCALT>
      <Pelev>3100</Pelev>
      <Telev>3100</Telev>
      <PART>0.5</PART>
      <DELAY>1</DELAY>
    </SubCatchmentParameters>
    <SubCatchmentVegetationZone>
      <SubCatchmentVegetationZoneParameters>
        <TT>1.9129891598453366</TT>
        <CFMAX>4.5069948815505692</CFMAX>
        <SP>0</SP>
        <SFCF>0.6709871772654753</SFCF>
        <CFR>0.066150445411288089</CFR>
        <CWH>0.15226179451457841</CWH>
        <CFGlacier>1</CFGlacier>
        <CFSlope>1</CFSlope>
        <FC>790.17632848943947</FC>
        <LP>0.62427955713336236</LP>
        <BETA>4.4365357242147043</BETA>
      </SubCatchmentVegetationZoneParameters>
    </SubCatchmentVegetationZone>
  </SubCatchment>
</Catchment>