<?xml version="1.0" encoding="utf-8"?>
<Catchment xmlns:xsi="http://www.w3.org/2001/XMLSchema-instance" xmlns:xsd="http://www.w3.org/2001/XMLSchema">
  <CatchmentParameters>
    <KSI>0.001</KSI>
    <KGmin>0.05</KGmin>
    <RangeKG>0.1</RangeKG>
    <AG>0.1</AG>
    <PERC>6.711620829970645</PERC>
    <Alpha>0</Alpha>
    <UZL>85.800046438526209</UZL>
    <K0>0.33548618525850193</K0>
    <K1>0.0406064739607831</K1>
    <K2>0.11652246777358526</K2>
    <MAXBAS>1.5216026550490822</MAXBAS>
    <Cet>0</Cet>
    <PCALT>10</PCALT>
    <TCALT>0.6</TCALT>
    <Pelev>3100</Pelev>
    <Telev>3100</Telev>
    <PART>0.5</PART>
    <DELAY>1</DELAY>
  </CatchmentParameters>
  <VegetationZone>
    <VegetationZoneParameters>
      <TT>1.6524843847022215</TT>
      <CFMAX>4.9096617200729877</CFMAX>
      <SP>0</SP>
      <SFCF>0.90989739860735042</SFCF>
      <CFR>0.040331080414612371</CFR>
      <CWH>0.13793511204072811</CWH>
      <CFGlacier>1</CFGlacier>
      <CFSlope>1</CFSlope>
      <FC>771.280014647848</FC>
      <LP>0.67994156200114675</LP>
      <BETA>4.8223966258176549</BETA>
    </VegetationZoneParameters>
  </VegetationZone>
  <SubCatchment>
    <SubCatchmentParameters>
      <KSI>0.001</KSI>
      <KGmin>0.05</KGmin>
      <RangeKG>0.1</RangeKG>
      <AG>0.1</AG>
      <PERC>6.711620829970645</PERC>
      <Alpha>0</Alpha>
      <UZL>85.800046438526209</UZL>
      <K0>0.33548618525850193</K0>
      <K1>0.0406064739607831</K1>
      <K2>0.11652246777358526</K2>
      <MAXBAS>1.5216026550490822</MAXBAS>
      <Cet>0</Cet>
      <PCALT>10</PCALT>
      <TCALT>0.6</TCALT>
      <Pelev>3100</Pelev>
      <Telev>3100</Telev>
      <PART>0.5</PART>
      <DELAY>1</DELAY>
    </SubCatchmentParameters>
    <SubCatchmentVegetationZone>
      <SubCatchmentVegetationZoneParameters>
        <TT>1.6524843847022215</TT>
        <CFMAX>4.9096617200729877</CFMAX>
        <SP>0</SP>
        <SFCF>0.90989739860735042</SFCF>
        <CFR>0.040331080414612371</CFR>
        <CWH>0.13793511204072811</CWH>
        <CFGlacier>1</CFGlacier>
        <CFSlope>1</CFSlope>
        <FC>771.280014647848</FC>
        <LP>0.67994156200114675</LP>
        <BETA>4.8223966258176549</BETA>
      </SubCatchmentVegetationZoneParameters>
    </SubCatchmentVegetationZone>
  </SubCatchment>
</Catchment>