<?xml version="1.0" encoding="utf-8"?>
<Catchment xmlns:xsi="http://www.w3.org/2001/XMLSchema-instance" xmlns:xsd="http://www.w3.org/2001/XMLSchema">
  <CatchmentParameters>
    <KSI>0.001</KSI>
    <KGmin>0.05</KGmin>
    <RangeKG>0.1</RangeKG>
    <AG>0.1</AG>
    <PERC>5.7234280807544708</PERC>
    <Alpha>0</Alpha>
    <UZL>194.95248882667559</UZL>
    <K0>0.583855602376614</K0>
    <K1>0.059357917784235228</K1>
    <K2>0.11219040116979637</K2>
    <MAXBAS>2.0632245160759393</MAXBAS>
    <Cet>0</Cet>
    <PCALT>10</PCALT>
    <TCALT>0.6</TCALT>
    <Pelev>3100</Pelev>
    <Telev>3100</Telev>
    <PART>0.5</PART>
    <DELAY>1</DELAY>
  </CatchmentParameters>
  <VegetationZone>
    <VegetationZoneParameters>
      <TT>0.69089578018848208</TT>
      <CFMAX>2.5937639847205789</CFMAX>
      <SP>0</SP>
      <SFCF>0.98655251975823355</SFCF>
      <CFR>0.055046483712607723</CFR>
      <CWH>0.128886536812535</CWH>
      <CFGlacier>1</CFGlacier>
      <CFSlope>1</CFSlope>
      <FC>677.70300252593086</FC>
      <LP>0.73000249565094988</LP>
      <BETA>5.7503487430382281</BETA>
    </VegetationZoneParameters>
  </VegetationZone>
  <SubCatchment>
    <SubCatchmentParameters>
      <KSI>0.001</KSI>
      <KGmin>0.05</KGmin>
      <RangeKG>0.1</RangeKG>
      <AG>0.1</AG>
      <PERC>5.7234280807544708</PERC>
      <Alpha>0</Alpha>
      <UZL>194.95248882667559</UZL>
      <K0>0.583855602376614</K0>
      <K1>0.059357917784235228</K1>
      <K2>0.11219040116979637</K2>
      <MAXBAS>2.0632245160759393</MAXBAS>
      <Cet>0</Cet>
      <PCALT>10</PCALT>
      <TCALT>0.6</TCALT>
      <Pelev>3100</Pelev>
      <Telev>3100</Telev>
      <PART>0.5</PART>
      <DELAY>1</DELAY>
    </SubCatchmentParameters>
    <SubCatchmentVegetationZone>
      <SubCatchmentVegetationZoneParameters>
        <TT>0.69089578018848208</TT>
        <CFMAX>2.5937639847205789</CFMAX>
        <SP>0</SP>
        <SFCF>0.98655251975823355</SFCF>
        <CFR>0.055046483712607723</CFR>
        <CWH>0.128886536812535</CWH>
        <CFGlacier>1</CFGlacier>
        <CFSlope>1</CFSlope>
        <FC>677.70300252593086</FC>
        <LP>0.73000249565094988</LP>
        <BETA>5.7503487430382281</BETA>
      </SubCatchmentVegetationZoneParameters>
    </SubCatchmentVegetationZone>
  </SubCatchment>
</Catchment>