<?xml version="1.0" encoding="utf-8"?>
<Catchment xmlns:xsi="http://www.w3.org/2001/XMLSchema-instance" xmlns:xsd="http://www.w3.org/2001/XMLSchema">
  <CatchmentParameters>
    <KSI>0.001</KSI>
    <KGmin>0.05</KGmin>
    <RangeKG>0.1</RangeKG>
    <AG>0.1</AG>
    <PERC>7.4997850190991011</PERC>
    <Alpha>0</Alpha>
    <UZL>68.098371144653811</UZL>
    <K0>0.49201332520409741</K0>
    <K1>0.18676238100038628</K1>
    <K2>0.062254141054470781</K2>
    <MAXBAS>1.200719357059252</MAXBAS>
    <Cet>0</Cet>
    <PCALT>10</PCALT>
    <TCALT>0.6</TCALT>
    <Pelev>3100</Pelev>
    <Telev>3100</Telev>
    <PART>0.5</PART>
    <DELAY>1</DELAY>
  </CatchmentParameters>
  <VegetationZone>
    <VegetationZoneParameters>
      <TT>1.5536233463768112</TT>
      <CFMAX>4.0124237198561969</CFMAX>
      <SP>0</SP>
      <SFCF>0.9231765256788913</SFCF>
      <CFR>0.068979097167094314</CFR>
      <CWH>0.16448237890242917</CWH>
      <CFGlacier>1</CFGlacier>
      <CFSlope>1</CFSlope>
      <FC>606.38089133429423</FC>
      <LP>0.39587933106662376</LP>
      <BETA>3.9746092480031727</BETA>
    </VegetationZoneParameters>
  </VegetationZone>
  <SubCatchment>
    <SubCatchmentParameters>
      <KSI>0.001</KSI>
      <KGmin>0.05</KGmin>
      <RangeKG>0.1</RangeKG>
      <AG>0.1</AG>
      <PERC>7.4997850190991011</PERC>
      <Alpha>0</Alpha>
      <UZL>68.098371144653811</UZL>
      <K0>0.49201332520409741</K0>
      <K1>0.18676238100038628</K1>
      <K2>0.062254141054470781</K2>
      <MAXBAS>1.200719357059252</MAXBAS>
      <Cet>0</Cet>
      <PCALT>10</PCALT>
      <TCALT>0.6</TCALT>
      <Pelev>3100</Pelev>
      <Telev>3100</Telev>
      <PART>0.5</PART>
      <DELAY>1</DELAY>
    </SubCatchmentParameters>
    <SubCatchmentVegetationZone>
      <SubCatchmentVegetationZoneParameters>
        <TT>1.5536233463768112</TT>
        <CFMAX>4.0124237198561969</CFMAX>
        <SP>0</SP>
        <SFCF>0.9231765256788913</SFCF>
        <CFR>0.068979097167094314</CFR>
        <CWH>0.16448237890242917</CWH>
        <CFGlacier>1</CFGlacier>
        <CFSlope>1</CFSlope>
        <FC>606.38089133429423</FC>
        <LP>0.39587933106662376</LP>
        <BETA>3.9746092480031727</BETA>
      </SubCatchmentVegetationZoneParameters>
    </SubCatchmentVegetationZone>
  </SubCatchment>
</Catchment>