<?xml version="1.0" encoding="utf-8"?>
<Catchment xmlns:xsi="http://www.w3.org/2001/XMLSchema-instance" xmlns:xsd="http://www.w3.org/2001/XMLSchema">
  <CatchmentParameters>
    <KSI>0.001</KSI>
    <KGmin>0.05</KGmin>
    <RangeKG>0.1</RangeKG>
    <AG>0.1</AG>
    <PERC>7.5905939446886377</PERC>
    <Alpha>0</Alpha>
    <UZL>100.6129228294854</UZL>
    <K0>0.24839075953094203</K0>
    <K1>0.38569995884150543</K1>
    <K2>0.1320869259032868</K2>
    <MAXBAS>1.1998072653968541</MAXBAS>
    <Cet>0</Cet>
    <PCALT>10</PCALT>
    <TCALT>0.6</TCALT>
    <Pelev>3100</Pelev>
    <Telev>3100</Telev>
    <PART>0.5</PART>
    <DELAY>1</DELAY>
  </CatchmentParameters>
  <VegetationZone>
    <VegetationZoneParameters>
      <TT>2.378794469553513</TT>
      <CFMAX>4.6072115220566552</CFMAX>
      <SP>0</SP>
      <SFCF>1.105852785221507</SFCF>
      <CFR>0.03015850723787674</CFR>
      <CWH>0.10472883488351038</CWH>
      <CFGlacier>1</CFGlacier>
      <CFSlope>1</CFSlope>
      <FC>255.69092387004147</FC>
      <LP>0.56116085258899351</LP>
      <BETA>5.2022306408084145</BETA>
    </VegetationZoneParameters>
  </VegetationZone>
  <SubCatchment>
    <SubCatchmentParameters>
      <KSI>0.001</KSI>
      <KGmin>0.05</KGmin>
      <RangeKG>0.1</RangeKG>
      <AG>0.1</AG>
      <PERC>7.5905939446886377</PERC>
      <Alpha>0</Alpha>
      <UZL>100.6129228294854</UZL>
      <K0>0.24839075953094203</K0>
      <K1>0.38569995884150543</K1>
      <K2>0.1320869259032868</K2>
      <MAXBAS>1.1998072653968541</MAXBAS>
      <Cet>0</Cet>
      <PCALT>10</PCALT>
      <TCALT>0.6</TCALT>
      <Pelev>3100</Pelev>
      <Telev>3100</Telev>
      <PART>0.5</PART>
      <DELAY>1</DELAY>
    </SubCatchmentParameters>
    <SubCatchmentVegetationZone>
      <SubCatchmentVegetationZoneParameters>
        <TT>2.378794469553513</TT>
        <CFMAX>4.6072115220566552</CFMAX>
        <SP>0</SP>
        <SFCF>1.105852785221507</SFCF>
        <CFR>0.03015850723787674</CFR>
        <CWH>0.10472883488351038</CWH>
        <CFGlacier>1</CFGlacier>
        <CFSlope>1</CFSlope>
        <FC>255.69092387004147</FC>
        <LP>0.56116085258899351</LP>
        <BETA>5.2022306408084145</BETA>
      </SubCatchmentVegetationZoneParameters>
    </SubCatchmentVegetationZone>
  </SubCatchment>
</Catchment>