<?xml version="1.0" encoding="utf-8"?>
<Catchment xmlns:xsi="http://www.w3.org/2001/XMLSchema-instance" xmlns:xsd="http://www.w3.org/2001/XMLSchema">
  <CatchmentParameters>
    <KSI>0.001</KSI>
    <KGmin>0.05</KGmin>
    <RangeKG>0.1</RangeKG>
    <AG>0.1</AG>
    <PERC>9.2117402455106312</PERC>
    <Alpha>0</Alpha>
    <UZL>57.210415107659408</UZL>
    <K0>0.42361102511029586</K0>
    <K1>0.32206741510295511</K1>
    <K2>0.073428938790896167</K2>
    <MAXBAS>1.2124050933811481</MAXBAS>
    <Cet>0</Cet>
    <PCALT>10</PCALT>
    <TCALT>0.6</TCALT>
    <Pelev>3100</Pelev>
    <Telev>3100</Telev>
    <PART>0.5</PART>
    <DELAY>1</DELAY>
  </CatchmentParameters>
  <VegetationZone>
    <VegetationZoneParameters>
      <TT>1.7783372331513005</TT>
      <CFMAX>4.6739690046024807</CFMAX>
      <SP>0</SP>
      <SFCF>1.0519765098463227</SFCF>
      <CFR>0.051800471637132639</CFR>
      <CWH>0.16230532872469491</CWH>
      <CFGlacier>1</CFGlacier>
      <CFSlope>1</CFSlope>
      <FC>70.477018368666563</FC>
      <LP>0.46649114890707022</LP>
      <BETA>5.3321232523622566</BETA>
    </VegetationZoneParameters>
  </VegetationZone>
  <SubCatchment>
    <SubCatchmentParameters>
      <KSI>0.001</KSI>
      <KGmin>0.05</KGmin>
      <RangeKG>0.1</RangeKG>
      <AG>0.1</AG>
      <PERC>9.2117402455106312</PERC>
      <Alpha>0</Alpha>
      <UZL>57.210415107659408</UZL>
      <K0>0.42361102511029586</K0>
      <K1>0.32206741510295511</K1>
      <K2>0.073428938790896167</K2>
      <MAXBAS>1.2124050933811481</MAXBAS>
      <Cet>0</Cet>
      <PCALT>10</PCALT>
      <TCALT>0.6</TCALT>
      <Pelev>3100</Pelev>
      <Telev>3100</Telev>
      <PART>0.5</PART>
      <DELAY>1</DELAY>
    </SubCatchmentParameters>
    <SubCatchmentVegetationZone>
      <SubCatchmentVegetationZoneParameters>
        <TT>1.7783372331513005</TT>
        <CFMAX>4.6739690046024807</CFMAX>
        <SP>0</SP>
        <SFCF>1.0519765098463227</SFCF>
        <CFR>0.051800471637132639</CFR>
        <CWH>0.16230532872469491</CWH>
        <CFGlacier>1</CFGlacier>
        <CFSlope>1</CFSlope>
        <FC>70.477018368666563</FC>
        <LP>0.46649114890707022</LP>
        <BETA>5.3321232523622566</BETA>
      </SubCatchmentVegetationZoneParameters>
    </SubCatchmentVegetationZone>
  </SubCatchment>
</Catchment>