<?xml version="1.0" encoding="utf-8"?>
<Catchment xmlns:xsi="http://www.w3.org/2001/XMLSchema-instance" xmlns:xsd="http://www.w3.org/2001/XMLSchema">
  <CatchmentParameters>
    <KSI>0.001</KSI>
    <KGmin>0.05</KGmin>
    <RangeKG>0.1</RangeKG>
    <AG>0.1</AG>
    <PERC>8.8729808343185432</PERC>
    <Alpha>0</Alpha>
    <UZL>95.269559831192041</UZL>
    <K0>0.22179298828713015</K0>
    <K1>0.1434180617202192</K1>
    <K2>0.047039745441012179</K2>
    <MAXBAS>1.300320863735204</MAXBAS>
    <Cet>0</Cet>
    <PCALT>10</PCALT>
    <TCALT>0.6</TCALT>
    <Pelev>3100</Pelev>
    <Telev>3100</Telev>
    <PART>0.5</PART>
    <DELAY>1</DELAY>
  </CatchmentParameters>
  <VegetationZone>
    <VegetationZoneParameters>
      <TT>2.2848560425417519</TT>
      <CFMAX>4.58331248991166</CFMAX>
      <SP>0</SP>
      <SFCF>0.5563459909927</SFCF>
      <CFR>0.050529122411403775</CFR>
      <CWH>0.12519420860739383</CWH>
      <CFGlacier>1</CFGlacier>
      <CFSlope>1</CFSlope>
      <FC>540.76748135476146</FC>
      <LP>0.712986663908651</LP>
      <BETA>4.6875907084257964</BETA>
    </VegetationZoneParameters>
  </VegetationZone>
  <SubCatchment>
    <SubCatchmentParameters>
      <KSI>0.001</KSI>
      <KGmin>0.05</KGmin>
      <RangeKG>0.1</RangeKG>
      <AG>0.1</AG>
      <PERC>8.8729808343185432</PERC>
      <Alpha>0</Alpha>
      <UZL>95.269559831192041</UZL>
      <K0>0.22179298828713015</K0>
      <K1>0.1434180617202192</K1>
      <K2>0.047039745441012179</K2>
      <MAXBAS>1.300320863735204</MAXBAS>
      <Cet>0</Cet>
      <PCALT>10</PCALT>
      <TCALT>0.6</TCALT>
      <Pelev>3100</Pelev>
      <Telev>3100</Telev>
      <PART>0.5</PART>
      <DELAY>1</DELAY>
    </SubCatchmentParameters>
    <SubCatchmentVegetationZone>
      <SubCatchmentVegetationZoneParameters>
        <TT>2.2848560425417519</TT>
        <CFMAX>4.58331248991166</CFMAX>
        <SP>0</SP>
        <SFCF>0.5563459909927</SFCF>
        <CFR>0.050529122411403775</CFR>
        <CWH>0.12519420860739383</CWH>
        <CFGlacier>1</CFGlacier>
        <CFSlope>1</CFSlope>
        <FC>540.76748135476146</FC>
        <LP>0.712986663908651</LP>
        <BETA>4.6875907084257964</BETA>
      </SubCatchmentVegetationZoneParameters>
    </SubCatchmentVegetationZone>
  </SubCatchment>
</Catchment>