<?xml version="1.0" encoding="utf-8"?>
<Catchment xmlns:xsi="http://www.w3.org/2001/XMLSchema-instance" xmlns:xsd="http://www.w3.org/2001/XMLSchema">
  <CatchmentParameters>
    <KSI>0.001</KSI>
    <KGmin>0.05</KGmin>
    <RangeKG>0.1</RangeKG>
    <AG>0.1</AG>
    <PERC>8.0614895387044747</PERC>
    <Alpha>0</Alpha>
    <UZL>67.2923551980068</UZL>
    <K0>0.4679390296161931</K0>
    <K1>0.45489171337704093</K1>
    <K2>0.058216708164244381</K2>
    <MAXBAS>1.5395398249089649</MAXBAS>
    <Cet>0</Cet>
    <PCALT>10</PCALT>
    <TCALT>0.6</TCALT>
    <Pelev>3100</Pelev>
    <Telev>3100</Telev>
    <PART>0.5</PART>
    <DELAY>1</DELAY>
  </CatchmentParameters>
  <VegetationZone>
    <VegetationZoneParameters>
      <TT>1.3572094448721153</TT>
      <CFMAX>4.6006811475378919</CFMAX>
      <SP>0</SP>
      <SFCF>0.98989002039543994</SFCF>
      <CFR>0.067101682720960454</CFR>
      <CWH>0.14835421940688914</CWH>
      <CFGlacier>1</CFGlacier>
      <CFSlope>1</CFSlope>
      <FC>521.86654040654889</FC>
      <LP>0.3126083635730742</LP>
      <BETA>5.1100054780094624</BETA>
    </VegetationZoneParameters>
  </VegetationZone>
  <SubCatchment>
    <SubCatchmentParameters>
      <KSI>0.001</KSI>
      <KGmin>0.05</KGmin>
      <RangeKG>0.1</RangeKG>
      <AG>0.1</AG>
      <PERC>8.0614895387044747</PERC>
      <Alpha>0</Alpha>
      <UZL>67.2923551980068</UZL>
      <K0>0.4679390296161931</K0>
      <K1>0.45489171337704093</K1>
      <K2>0.058216708164244381</K2>
      <MAXBAS>1.5395398249089649</MAXBAS>
      <Cet>0</Cet>
      <PCALT>10</PCALT>
      <TCALT>0.6</TCALT>
      <Pelev>3100</Pelev>
      <Telev>3100</Telev>
      <PART>0.5</PART>
      <DELAY>1</DELAY>
    </SubCatchmentParameters>
    <SubCatchmentVegetationZone>
      <SubCatchmentVegetationZoneParameters>
        <TT>1.3572094448721153</TT>
        <CFMAX>4.6006811475378919</CFMAX>
        <SP>0</SP>
        <SFCF>0.98989002039543994</SFCF>
        <CFR>0.067101682720960454</CFR>
        <CWH>0.14835421940688914</CWH>
        <CFGlacier>1</CFGlacier>
        <CFSlope>1</CFSlope>
        <FC>521.86654040654889</FC>
        <LP>0.3126083635730742</LP>
        <BETA>5.1100054780094624</BETA>
      </SubCatchmentVegetationZoneParameters>
    </SubCatchmentVegetationZone>
  </SubCatchment>
</Catchment>