<?xml version="1.0" encoding="utf-8"?>
<Catchment xmlns:xsi="http://www.w3.org/2001/XMLSchema-instance" xmlns:xsd="http://www.w3.org/2001/XMLSchema">
  <CatchmentParameters>
    <KSI>0.001</KSI>
    <KGmin>0.05</KGmin>
    <RangeKG>0.1</RangeKG>
    <AG>0.1</AG>
    <PERC>7.008685019222022</PERC>
    <Alpha>0</Alpha>
    <UZL>93.668002457412385</UZL>
    <K0>0.28900598077202166</K0>
    <K1>0.26486314835840291</K1>
    <K2>0.12234575772924183</K2>
    <MAXBAS>1.531639664582239</MAXBAS>
    <Cet>0</Cet>
    <PCALT>10</PCALT>
    <TCALT>0.6</TCALT>
    <Pelev>3100</Pelev>
    <Telev>3100</Telev>
    <PART>0.5</PART>
    <DELAY>1</DELAY>
  </CatchmentParameters>
  <VegetationZone>
    <VegetationZoneParameters>
      <TT>2.3725995884957625</TT>
      <CFMAX>4.7801784052306857</CFMAX>
      <SP>0</SP>
      <SFCF>0.69819434772484645</SFCF>
      <CFR>0.043101428842733248</CFR>
      <CWH>0.15872789159437689</CWH>
      <CFGlacier>1</CFGlacier>
      <CFSlope>1</CFSlope>
      <FC>765.990248432865</FC>
      <LP>0.61474376863734859</LP>
      <BETA>5.1391542829025774</BETA>
    </VegetationZoneParameters>
  </VegetationZone>
  <SubCatchment>
    <SubCatchmentParameters>
      <KSI>0.001</KSI>
      <KGmin>0.05</KGmin>
      <RangeKG>0.1</RangeKG>
      <AG>0.1</AG>
      <PERC>7.008685019222022</PERC>
      <Alpha>0</Alpha>
      <UZL>93.668002457412385</UZL>
      <K0>0.28900598077202166</K0>
      <K1>0.26486314835840291</K1>
      <K2>0.12234575772924183</K2>
      <MAXBAS>1.531639664582239</MAXBAS>
      <Cet>0</Cet>
      <PCALT>10</PCALT>
      <TCALT>0.6</TCALT>
      <Pelev>3100</Pelev>
      <Telev>3100</Telev>
      <PART>0.5</PART>
      <DELAY>1</DELAY>
    </SubCatchmentParameters>
    <SubCatchmentVegetationZone>
      <SubCatchmentVegetationZoneParameters>
        <TT>2.3725995884957625</TT>
        <CFMAX>4.7801784052306857</CFMAX>
        <SP>0</SP>
        <SFCF>0.69819434772484645</SFCF>
        <CFR>0.043101428842733248</CFR>
        <CWH>0.15872789159437689</CWH>
        <CFGlacier>1</CFGlacier>
        <CFSlope>1</CFSlope>
        <FC>765.990248432865</FC>
        <LP>0.61474376863734859</LP>
        <BETA>5.1391542829025774</BETA>
      </SubCatchmentVegetationZoneParameters>
    </SubCatchmentVegetationZone>
  </SubCatchment>
</Catchment>