<?xml version="1.0" encoding="utf-8"?>
<Catchment xmlns:xsi="http://www.w3.org/2001/XMLSchema-instance" xmlns:xsd="http://www.w3.org/2001/XMLSchema">
  <CatchmentParameters>
    <KSI>0.001</KSI>
    <KGmin>0.05</KGmin>
    <RangeKG>0.1</RangeKG>
    <AG>0.1</AG>
    <PERC>4.8164215393914773</PERC>
    <Alpha>0</Alpha>
    <UZL>199.42098212792138</UZL>
    <K0>0.45311119008919626</K0>
    <K1>0.11018259422345018</K1>
    <K2>0.01000024367236645</K2>
    <MAXBAS>1</MAXBAS>
    <Cet>0</Cet>
    <PCALT>10</PCALT>
    <TCALT>0.6</TCALT>
    <Pelev>3100</Pelev>
    <Telev>3100</Telev>
    <PART>0.5</PART>
    <DELAY>1</DELAY>
  </CatchmentParameters>
  <VegetationZone>
    <VegetationZoneParameters>
      <TT>-0.3477678497321271</TT>
      <CFMAX>4.5158185954168184</CFMAX>
      <SP>0</SP>
      <SFCF>0.76488078680927218</SFCF>
      <CFR>0.053534281573377078</CFR>
      <CWH>0.19438795140218326</CWH>
      <CFGlacier>1</CFGlacier>
      <CFSlope>1</CFSlope>
      <FC>724.63468245350066</FC>
      <LP>0.70138759314984811</LP>
      <BETA>3.8952394721840449</BETA>
    </VegetationZoneParameters>
  </VegetationZone>
  <SubCatchment>
    <SubCatchmentParameters>
      <KSI>0.001</KSI>
      <KGmin>0.05</KGmin>
      <RangeKG>0.1</RangeKG>
      <AG>0.1</AG>
      <PERC>4.8164215393914773</PERC>
      <Alpha>0</Alpha>
      <UZL>199.42098212792138</UZL>
      <K0>0.45311119008919626</K0>
      <K1>0.11018259422345018</K1>
      <K2>0.01000024367236645</K2>
      <MAXBAS>1</MAXBAS>
      <Cet>0</Cet>
      <PCALT>10</PCALT>
      <TCALT>0.6</TCALT>
      <Pelev>3100</Pelev>
      <Telev>3100</Telev>
      <PART>0.5</PART>
      <DELAY>1</DELAY>
    </SubCatchmentParameters>
    <SubCatchmentVegetationZone>
      <SubCatchmentVegetationZoneParameters>
        <TT>-0.3477678497321271</TT>
        <CFMAX>4.5158185954168184</CFMAX>
        <SP>0</SP>
        <SFCF>0.76488078680927218</SFCF>
        <CFR>0.053534281573377078</CFR>
        <CWH>0.19438795140218326</CWH>
        <CFGlacier>1</CFGlacier>
        <CFSlope>1</CFSlope>
        <FC>724.63468245350066</FC>
        <LP>0.70138759314984811</LP>
        <BETA>3.8952394721840449</BETA>
      </SubCatchmentVegetationZoneParameters>
    </SubCatchmentVegetationZone>
  </SubCatchment>
</Catchment>