<?xml version="1.0" encoding="utf-8"?>
<Catchment xmlns:xsi="http://www.w3.org/2001/XMLSchema-instance" xmlns:xsd="http://www.w3.org/2001/XMLSchema">
  <CatchmentParameters>
    <KSI>0.001</KSI>
    <KGmin>0.05</KGmin>
    <RangeKG>0.1</RangeKG>
    <AG>0.1</AG>
    <PERC>2.7333596082726608</PERC>
    <Alpha>0</Alpha>
    <UZL>48.777209581574013</UZL>
    <K0>0.33713297924760677</K0>
    <K1>0.1726208865487818</K1>
    <K2>0.012057676724601679</K2>
    <MAXBAS>1</MAXBAS>
    <Cet>0</Cet>
    <PCALT>10</PCALT>
    <TCALT>0.6</TCALT>
    <Pelev>3100</Pelev>
    <Telev>3100</Telev>
    <PART>0.5</PART>
    <DELAY>1</DELAY>
  </CatchmentParameters>
  <VegetationZone>
    <VegetationZoneParameters>
      <TT>-1.9639803432958509</TT>
      <CFMAX>2.3553874799350676</CFMAX>
      <SP>0</SP>
      <SFCF>0.94449269167193539</SFCF>
      <CFR>0.005799420103037722</CFR>
      <CWH>0.10000000002126884</CWH>
      <CFGlacier>1</CFGlacier>
      <CFSlope>1</CFSlope>
      <FC>948.11603157771958</FC>
      <LP>0.56783370917714127</LP>
      <BETA>3.28872658577335</BETA>
    </VegetationZoneParameters>
  </VegetationZone>
  <SubCatchment>
    <SubCatchmentParameters>
      <KSI>0.001</KSI>
      <KGmin>0.05</KGmin>
      <RangeKG>0.1</RangeKG>
      <AG>0.1</AG>
      <PERC>2.7333596082726608</PERC>
      <Alpha>0</Alpha>
      <UZL>48.777209581574013</UZL>
      <K0>0.33713297924760677</K0>
      <K1>0.1726208865487818</K1>
      <K2>0.012057676724601679</K2>
      <MAXBAS>1</MAXBAS>
      <Cet>0</Cet>
      <PCALT>10</PCALT>
      <TCALT>0.6</TCALT>
      <Pelev>3100</Pelev>
      <Telev>3100</Telev>
      <PART>0.5</PART>
      <DELAY>1</DELAY>
    </SubCatchmentParameters>
    <SubCatchmentVegetationZone>
      <SubCatchmentVegetationZoneParameters>
        <TT>-1.9639803432958509</TT>
        <CFMAX>2.3553874799350676</CFMAX>
        <SP>0</SP>
        <SFCF>0.94449269167193539</SFCF>
        <CFR>0.005799420103037722</CFR>
        <CWH>0.10000000002126884</CWH>
        <CFGlacier>1</CFGlacier>
        <CFSlope>1</CFSlope>
        <FC>948.11603157771958</FC>
        <LP>0.56783370917714127</LP>
        <BETA>3.28872658577335</BETA>
      </SubCatchmentVegetationZoneParameters>
    </SubCatchmentVegetationZone>
  </SubCatchment>
</Catchment>