<?xml version="1.0" encoding="utf-8"?>
<Catchment xmlns:xsi="http://www.w3.org/2001/XMLSchema-instance" xmlns:xsd="http://www.w3.org/2001/XMLSchema">
  <CatchmentParameters>
    <KSI>0.001</KSI>
    <KGmin>0.05</KGmin>
    <RangeKG>0.1</RangeKG>
    <AG>0.1</AG>
    <PERC>7.5758941540550282</PERC>
    <Alpha>0</Alpha>
    <UZL>142.49985815913468</UZL>
    <K0>0.39561498383938354</K0>
    <K1>0.4674948783717604</K1>
    <K2>0.021665686901739343</K2>
    <MAXBAS>1.7813635316773611</MAXBAS>
    <Cet>0</Cet>
    <PCALT>10</PCALT>
    <TCALT>0.6</TCALT>
    <Pelev>3100</Pelev>
    <Telev>3100</Telev>
    <PART>0.5</PART>
    <DELAY>1</DELAY>
  </CatchmentParameters>
  <VegetationZone>
    <VegetationZoneParameters>
      <TT>0.71803895463126666</TT>
      <CFMAX>4.2274450007656466</CFMAX>
      <SP>0</SP>
      <SFCF>1.0911001755673229</SFCF>
      <CFR>0.080550277482443311</CFR>
      <CWH>0.12640530119820909</CWH>
      <CFGlacier>1</CFGlacier>
      <CFSlope>1</CFSlope>
      <FC>127.49561214574227</FC>
      <LP>0.32989899328232664</LP>
      <BETA>5.1774546226694067</BETA>
    </VegetationZoneParameters>
  </VegetationZone>
  <SubCatchment>
    <SubCatchmentParameters>
      <KSI>0.001</KSI>
      <KGmin>0.05</KGmin>
      <RangeKG>0.1</RangeKG>
      <AG>0.1</AG>
      <PERC>7.5758941540550282</PERC>
      <Alpha>0</Alpha>
      <UZL>142.49985815913468</UZL>
      <K0>0.39561498383938354</K0>
      <K1>0.4674948783717604</K1>
      <K2>0.021665686901739343</K2>
      <MAXBAS>1.7813635316773611</MAXBAS>
      <Cet>0</Cet>
      <PCALT>10</PCALT>
      <TCALT>0.6</TCALT>
      <Pelev>3100</Pelev>
      <Telev>3100</Telev>
      <PART>0.5</PART>
      <DELAY>1</DELAY>
    </SubCatchmentParameters>
    <SubCatchmentVegetationZone>
      <SubCatchmentVegetationZoneParameters>
        <TT>0.71803895463126666</TT>
        <CFMAX>4.2274450007656466</CFMAX>
        <SP>0</SP>
        <SFCF>1.0911001755673229</SFCF>
        <CFR>0.080550277482443311</CFR>
        <CWH>0.12640530119820909</CWH>
        <CFGlacier>1</CFGlacier>
        <CFSlope>1</CFSlope>
        <FC>127.49561214574227</FC>
        <LP>0.32989899328232664</LP>
        <BETA>5.1774546226694067</BETA>
      </SubCatchmentVegetationZoneParameters>
    </SubCatchmentVegetationZone>
  </SubCatchment>
</Catchment>