<?xml version="1.0" encoding="utf-8"?>
<Catchment xmlns:xsi="http://www.w3.org/2001/XMLSchema-instance" xmlns:xsd="http://www.w3.org/2001/XMLSchema">
  <CatchmentParameters>
    <KSI>0.001</KSI>
    <KGmin>0.05</KGmin>
    <RangeKG>0.1</RangeKG>
    <AG>0.1</AG>
    <PERC>9.2757919656688372</PERC>
    <Alpha>0</Alpha>
    <UZL>88.604543719257947</UZL>
    <K0>0.32324791088266686</K0>
    <K1>0.13189950992121013</K1>
    <K2>0.11501105362433867</K2>
    <MAXBAS>1.0681666069055216</MAXBAS>
    <Cet>0</Cet>
    <PCALT>10</PCALT>
    <TCALT>0.6</TCALT>
    <Pelev>3100</Pelev>
    <Telev>3100</Telev>
    <PART>0.5</PART>
    <DELAY>1</DELAY>
  </CatchmentParameters>
  <VegetationZone>
    <VegetationZoneParameters>
      <TT>1.5352699704166839</TT>
      <CFMAX>4.6268106424580768</CFMAX>
      <SP>0</SP>
      <SFCF>0.76348974401438741</SFCF>
      <CFR>0.0541073601422062</CFR>
      <CWH>0.14096090086641774</CWH>
      <CFGlacier>1</CFGlacier>
      <CFSlope>1</CFSlope>
      <FC>192.64525430491327</FC>
      <LP>0.59041933840883021</LP>
      <BETA>5.4196388322397908</BETA>
    </VegetationZoneParameters>
  </VegetationZone>
  <SubCatchment>
    <SubCatchmentParameters>
      <KSI>0.001</KSI>
      <KGmin>0.05</KGmin>
      <RangeKG>0.1</RangeKG>
      <AG>0.1</AG>
      <PERC>9.2757919656688372</PERC>
      <Alpha>0</Alpha>
      <UZL>88.604543719257947</UZL>
      <K0>0.32324791088266686</K0>
      <K1>0.13189950992121013</K1>
      <K2>0.11501105362433867</K2>
      <MAXBAS>1.0681666069055216</MAXBAS>
      <Cet>0</Cet>
      <PCALT>10</PCALT>
      <TCALT>0.6</TCALT>
      <Pelev>3100</Pelev>
      <Telev>3100</Telev>
      <PART>0.5</PART>
      <DELAY>1</DELAY>
    </SubCatchmentParameters>
    <SubCatchmentVegetationZone>
      <SubCatchmentVegetationZoneParameters>
        <TT>1.5352699704166839</TT>
        <CFMAX>4.6268106424580768</CFMAX>
        <SP>0</SP>
        <SFCF>0.76348974401438741</SFCF>
        <CFR>0.0541073601422062</CFR>
        <CWH>0.14096090086641774</CWH>
        <CFGlacier>1</CFGlacier>
        <CFSlope>1</CFSlope>
        <FC>192.64525430491327</FC>
        <LP>0.59041933840883021</LP>
        <BETA>5.4196388322397908</BETA>
      </SubCatchmentVegetationZoneParameters>
    </SubCatchmentVegetationZone>
  </SubCatchment>
</Catchment>