<?xml version="1.0" encoding="utf-8"?>
<Catchment xmlns:xsi="http://www.w3.org/2001/XMLSchema-instance" xmlns:xsd="http://www.w3.org/2001/XMLSchema">
  <CatchmentParameters>
    <KSI>0.001</KSI>
    <KGmin>0.05</KGmin>
    <RangeKG>0.1</RangeKG>
    <AG>0.1</AG>
    <PERC>6.2928134147671608</PERC>
    <Alpha>0</Alpha>
    <UZL>36.967901854870824</UZL>
    <K0>0.50744360300427582</K0>
    <K1>0.36910492238639131</K1>
    <K2>0.099632632128159287</K2>
    <MAXBAS>1.6132493566260662</MAXBAS>
    <Cet>0</Cet>
    <PCALT>10</PCALT>
    <TCALT>0.6</TCALT>
    <Pelev>3100</Pelev>
    <Telev>3100</Telev>
    <PART>0.5</PART>
    <DELAY>1</DELAY>
  </CatchmentParameters>
  <VegetationZone>
    <VegetationZoneParameters>
      <TT>1.6896876000919192</TT>
      <CFMAX>4.4681311182895271</CFMAX>
      <SP>0</SP>
      <SFCF>0.60533828008053014</SFCF>
      <CFR>0.034106727361965024</CFR>
      <CWH>0.148321068245372</CWH>
      <CFGlacier>1</CFGlacier>
      <CFSlope>1</CFSlope>
      <FC>900.72672465353173</FC>
      <LP>0.72819120038039586</LP>
      <BETA>5.7508372511374155</BETA>
    </VegetationZoneParameters>
  </VegetationZone>
  <SubCatchment>
    <SubCatchmentParameters>
      <KSI>0.001</KSI>
      <KGmin>0.05</KGmin>
      <RangeKG>0.1</RangeKG>
      <AG>0.1</AG>
      <PERC>6.2928134147671608</PERC>
      <Alpha>0</Alpha>
      <UZL>36.967901854870824</UZL>
      <K0>0.50744360300427582</K0>
      <K1>0.36910492238639131</K1>
      <K2>0.099632632128159287</K2>
      <MAXBAS>1.6132493566260662</MAXBAS>
      <Cet>0</Cet>
      <PCALT>10</PCALT>
      <TCALT>0.6</TCALT>
      <Pelev>3100</Pelev>
      <Telev>3100</Telev>
      <PART>0.5</PART>
      <DELAY>1</DELAY>
    </SubCatchmentParameters>
    <SubCatchmentVegetationZone>
      <SubCatchmentVegetationZoneParameters>
        <TT>1.6896876000919192</TT>
        <CFMAX>4.4681311182895271</CFMAX>
        <SP>0</SP>
        <SFCF>0.60533828008053014</SFCF>
        <CFR>0.034106727361965024</CFR>
        <CWH>0.148321068245372</CWH>
        <CFGlacier>1</CFGlacier>
        <CFSlope>1</CFSlope>
        <FC>900.72672465353173</FC>
        <LP>0.72819120038039586</LP>
        <BETA>5.7508372511374155</BETA>
      </SubCatchmentVegetationZoneParameters>
    </SubCatchmentVegetationZone>
  </SubCatchment>
</Catchment>