<?xml version="1.0" encoding="utf-8"?>
<Catchment xmlns:xsi="http://www.w3.org/2001/XMLSchema-instance" xmlns:xsd="http://www.w3.org/2001/XMLSchema">
  <CatchmentParameters>
    <KSI>0.001</KSI>
    <KGmin>0.05</KGmin>
    <RangeKG>0.1</RangeKG>
    <AG>0.1</AG>
    <PERC>2.9919856785425689</PERC>
    <Alpha>0</Alpha>
    <UZL>141.26290778727898</UZL>
    <K0>0.34605450184699488</K0>
    <K1>0.17836375489387421</K1>
    <K2>0.010932017666124462</K2>
    <MAXBAS>1</MAXBAS>
    <Cet>0</Cet>
    <PCALT>10</PCALT>
    <TCALT>0.6</TCALT>
    <Pelev>3100</Pelev>
    <Telev>3100</Telev>
    <PART>0.5</PART>
    <DELAY>1</DELAY>
  </CatchmentParameters>
  <VegetationZone>
    <VegetationZoneParameters>
      <TT>-1.8340702883310709</TT>
      <CFMAX>2.1774833536514819</CFMAX>
      <SP>0</SP>
      <SFCF>0.82365904353312791</SFCF>
      <CFR>0.0059396203919954652</CFR>
      <CWH>0.10000000001866045</CWH>
      <CFGlacier>1</CFGlacier>
      <CFSlope>1</CFSlope>
      <FC>786.438956417917</FC>
      <LP>0.71127724721529184</LP>
      <BETA>4.1771219150770671</BETA>
    </VegetationZoneParameters>
  </VegetationZone>
  <SubCatchment>
    <SubCatchmentParameters>
      <KSI>0.001</KSI>
      <KGmin>0.05</KGmin>
      <RangeKG>0.1</RangeKG>
      <AG>0.1</AG>
      <PERC>2.9919856785425689</PERC>
      <Alpha>0</Alpha>
      <UZL>141.26290778727898</UZL>
      <K0>0.34605450184699488</K0>
      <K1>0.17836375489387421</K1>
      <K2>0.010932017666124462</K2>
      <MAXBAS>1</MAXBAS>
      <Cet>0</Cet>
      <PCALT>10</PCALT>
      <TCALT>0.6</TCALT>
      <Pelev>3100</Pelev>
      <Telev>3100</Telev>
      <PART>0.5</PART>
      <DELAY>1</DELAY>
    </SubCatchmentParameters>
    <SubCatchmentVegetationZone>
      <SubCatchmentVegetationZoneParameters>
        <TT>-1.8340702883310709</TT>
        <CFMAX>2.1774833536514819</CFMAX>
        <SP>0</SP>
        <SFCF>0.82365904353312791</SFCF>
        <CFR>0.0059396203919954652</CFR>
        <CWH>0.10000000001866045</CWH>
        <CFGlacier>1</CFGlacier>
        <CFSlope>1</CFSlope>
        <FC>786.438956417917</FC>
        <LP>0.71127724721529184</LP>
        <BETA>4.1771219150770671</BETA>
      </SubCatchmentVegetationZoneParameters>
    </SubCatchmentVegetationZone>
  </SubCatchment>
</Catchment>