<?xml version="1.0" encoding="utf-8"?>
<Catchment xmlns:xsi="http://www.w3.org/2001/XMLSchema-instance" xmlns:xsd="http://www.w3.org/2001/XMLSchema">
  <CatchmentParameters>
    <KSI>0.001</KSI>
    <KGmin>0.05</KGmin>
    <RangeKG>0.1</RangeKG>
    <AG>0.1</AG>
    <PERC>9.5828927653503442</PERC>
    <Alpha>0</Alpha>
    <UZL>77.494567620908214</UZL>
    <K0>0.557377000009195</K0>
    <K1>0.26439754659249304</K1>
    <K2>0.043569605576841593</K2>
    <MAXBAS>1.9726277443464455</MAXBAS>
    <Cet>0</Cet>
    <PCALT>10</PCALT>
    <TCALT>0.6</TCALT>
    <Pelev>3100</Pelev>
    <Telev>3100</Telev>
    <PART>0.5</PART>
    <DELAY>1</DELAY>
  </CatchmentParameters>
  <VegetationZone>
    <VegetationZoneParameters>
      <TT>1.6658127155783544</TT>
      <CFMAX>4.8548414877468211</CFMAX>
      <SP>0</SP>
      <SFCF>0.8811929441272971</SFCF>
      <CFR>0.059112444181153391</CFR>
      <CWH>0.1420307879049024</CWH>
      <CFGlacier>1</CFGlacier>
      <CFSlope>1</CFSlope>
      <FC>483.3022989993799</FC>
      <LP>0.61124261190763518</LP>
      <BETA>5.84639142936484</BETA>
    </VegetationZoneParameters>
  </VegetationZone>
  <SubCatchment>
    <SubCatchmentParameters>
      <KSI>0.001</KSI>
      <KGmin>0.05</KGmin>
      <RangeKG>0.1</RangeKG>
      <AG>0.1</AG>
      <PERC>9.5828927653503442</PERC>
      <Alpha>0</Alpha>
      <UZL>77.494567620908214</UZL>
      <K0>0.557377000009195</K0>
      <K1>0.26439754659249304</K1>
      <K2>0.043569605576841593</K2>
      <MAXBAS>1.9726277443464455</MAXBAS>
      <Cet>0</Cet>
      <PCALT>10</PCALT>
      <TCALT>0.6</TCALT>
      <Pelev>3100</Pelev>
      <Telev>3100</Telev>
      <PART>0.5</PART>
      <DELAY>1</DELAY>
    </SubCatchmentParameters>
    <SubCatchmentVegetationZone>
      <SubCatchmentVegetationZoneParameters>
        <TT>1.6658127155783544</TT>
        <CFMAX>4.8548414877468211</CFMAX>
        <SP>0</SP>
        <SFCF>0.8811929441272971</SFCF>
        <CFR>0.059112444181153391</CFR>
        <CWH>0.1420307879049024</CWH>
        <CFGlacier>1</CFGlacier>
        <CFSlope>1</CFSlope>
        <FC>483.3022989993799</FC>
        <LP>0.61124261190763518</LP>
        <BETA>5.84639142936484</BETA>
      </SubCatchmentVegetationZoneParameters>
    </SubCatchmentVegetationZone>
  </SubCatchment>
</Catchment>