<?xml version="1.0" encoding="utf-8"?>
<Catchment xmlns:xsi="http://www.w3.org/2001/XMLSchema-instance" xmlns:xsd="http://www.w3.org/2001/XMLSchema">
  <CatchmentParameters>
    <KSI>0.001</KSI>
    <KGmin>0.05</KGmin>
    <RangeKG>0.1</RangeKG>
    <AG>0.1</AG>
    <PERC>3.7392665316230875</PERC>
    <Alpha>0</Alpha>
    <UZL>176.37403303000053</UZL>
    <K0>0.38295610748581349</K0>
    <K1>0.20503895051316545</K1>
    <K2>0.010738074619152572</K2>
    <MAXBAS>1</MAXBAS>
    <Cet>0</Cet>
    <PCALT>10</PCALT>
    <TCALT>0.6</TCALT>
    <Pelev>3100</Pelev>
    <Telev>3100</Telev>
    <PART>0.5</PART>
    <DELAY>1</DELAY>
  </CatchmentParameters>
  <VegetationZone>
    <VegetationZoneParameters>
      <TT>-0.76453395707762872</TT>
      <CFMAX>3.3369568990537117</CFMAX>
      <SP>0</SP>
      <SFCF>0.88280619194966237</SFCF>
      <CFR>0.030193729306748539</CFR>
      <CWH>0.10000050007317884</CWH>
      <CFGlacier>1</CFGlacier>
      <CFSlope>1</CFSlope>
      <FC>844.44424555362582</FC>
      <LP>0.58774836876874981</LP>
      <BETA>3.4122828683937776</BETA>
    </VegetationZoneParameters>
  </VegetationZone>
  <SubCatchment>
    <SubCatchmentParameters>
      <KSI>0.001</KSI>
      <KGmin>0.05</KGmin>
      <RangeKG>0.1</RangeKG>
      <AG>0.1</AG>
      <PERC>3.7392665316230875</PERC>
      <Alpha>0</Alpha>
      <UZL>176.37403303000053</UZL>
      <K0>0.38295610748581349</K0>
      <K1>0.20503895051316545</K1>
      <K2>0.010738074619152572</K2>
      <MAXBAS>1</MAXBAS>
      <Cet>0</Cet>
      <PCALT>10</PCALT>
      <TCALT>0.6</TCALT>
      <Pelev>3100</Pelev>
      <Telev>3100</Telev>
      <PART>0.5</PART>
      <DELAY>1</DELAY>
    </SubCatchmentParameters>
    <SubCatchmentVegetationZone>
      <SubCatchmentVegetationZoneParameters>
        <TT>-0.76453395707762872</TT>
        <CFMAX>3.3369568990537117</CFMAX>
        <SP>0</SP>
        <SFCF>0.88280619194966237</SFCF>
        <CFR>0.030193729306748539</CFR>
        <CWH>0.10000050007317884</CWH>
        <CFGlacier>1</CFGlacier>
        <CFSlope>1</CFSlope>
        <FC>844.44424555362582</FC>
        <LP>0.58774836876874981</LP>
        <BETA>3.4122828683937776</BETA>
      </SubCatchmentVegetationZoneParameters>
    </SubCatchmentVegetationZone>
  </SubCatchment>
</Catchment>