<?xml version="1.0" encoding="utf-8"?>
<Catchment xmlns:xsi="http://www.w3.org/2001/XMLSchema-instance" xmlns:xsd="http://www.w3.org/2001/XMLSchema">
  <CatchmentParameters>
    <KSI>0.001</KSI>
    <KGmin>0.05</KGmin>
    <RangeKG>0.1</RangeKG>
    <AG>0.1</AG>
    <PERC>5.0964628357126074</PERC>
    <Alpha>0</Alpha>
    <UZL>52.551921042492218</UZL>
    <K0>0.50823181931320438</K0>
    <K1>0.3180505003413634</K1>
    <K2>0.11451811793017476</K2>
    <MAXBAS>1.2351322987693081</MAXBAS>
    <Cet>0</Cet>
    <PCALT>10</PCALT>
    <TCALT>0.6</TCALT>
    <Pelev>3100</Pelev>
    <Telev>3100</Telev>
    <PART>0.5</PART>
    <DELAY>1</DELAY>
  </CatchmentParameters>
  <VegetationZone>
    <VegetationZoneParameters>
      <TT>1.9735693697549204</TT>
      <CFMAX>4.0431207545500705</CFMAX>
      <SP>0</SP>
      <SFCF>1.0669834944175112</SFCF>
      <CFR>0.0756987570962897</CFR>
      <CWH>0.13043240446362886</CWH>
      <CFGlacier>1</CFGlacier>
      <CFSlope>1</CFSlope>
      <FC>344.90793246875705</FC>
      <LP>0.6059416383315317</LP>
      <BETA>3.7465394825103875</BETA>
    </VegetationZoneParameters>
  </VegetationZone>
  <SubCatchment>
    <SubCatchmentParameters>
      <KSI>0.001</KSI>
      <KGmin>0.05</KGmin>
      <RangeKG>0.1</RangeKG>
      <AG>0.1</AG>
      <PERC>5.0964628357126074</PERC>
      <Alpha>0</Alpha>
      <UZL>52.551921042492218</UZL>
      <K0>0.50823181931320438</K0>
      <K1>0.3180505003413634</K1>
      <K2>0.11451811793017476</K2>
      <MAXBAS>1.2351322987693081</MAXBAS>
      <Cet>0</Cet>
      <PCALT>10</PCALT>
      <TCALT>0.6</TCALT>
      <Pelev>3100</Pelev>
      <Telev>3100</Telev>
      <PART>0.5</PART>
      <DELAY>1</DELAY>
    </SubCatchmentParameters>
    <SubCatchmentVegetationZone>
      <SubCatchmentVegetationZoneParameters>
        <TT>1.9735693697549204</TT>
        <CFMAX>4.0431207545500705</CFMAX>
        <SP>0</SP>
        <SFCF>1.0669834944175112</SFCF>
        <CFR>0.0756987570962897</CFR>
        <CWH>0.13043240446362886</CWH>
        <CFGlacier>1</CFGlacier>
        <CFSlope>1</CFSlope>
        <FC>344.90793246875705</FC>
        <LP>0.6059416383315317</LP>
        <BETA>3.7465394825103875</BETA>
      </SubCatchmentVegetationZoneParameters>
    </SubCatchmentVegetationZone>
  </SubCatchment>
</Catchment>