<?xml version="1.0" encoding="utf-8"?>
<Catchment xmlns:xsi="http://www.w3.org/2001/XMLSchema-instance" xmlns:xsd="http://www.w3.org/2001/XMLSchema">
  <CatchmentParameters>
    <KSI>0.001</KSI>
    <KGmin>0.05</KGmin>
    <RangeKG>0.1</RangeKG>
    <AG>0.1</AG>
    <PERC>2.0244917406829153</PERC>
    <Alpha>0</Alpha>
    <UZL>122.86335717938255</UZL>
    <K0>0.60098955452147473</K0>
    <K1>0.11049883779148741</K1>
    <K2>0.01192731664861638</K2>
    <MAXBAS>1</MAXBAS>
    <Cet>0</Cet>
    <PCALT>10</PCALT>
    <TCALT>0.6</TCALT>
    <Pelev>3100</Pelev>
    <Telev>3100</Telev>
    <PART>0.5</PART>
    <DELAY>1</DELAY>
  </CatchmentParameters>
  <VegetationZone>
    <VegetationZoneParameters>
      <TT>-1.5686457968670149</TT>
      <CFMAX>1.822991065302815</CFMAX>
      <SP>0</SP>
      <SFCF>0.66282136525080881</SFCF>
      <CFR>6.50002119160156E-13</CFR>
      <CWH>0.10000031111118161</CWH>
      <CFGlacier>1</CFGlacier>
      <CFSlope>1</CFSlope>
      <FC>652.33635466083922</FC>
      <LP>0.69015312708244458</LP>
      <BETA>3.41475292265888</BETA>
    </VegetationZoneParameters>
  </VegetationZone>
  <SubCatchment>
    <SubCatchmentParameters>
      <KSI>0.001</KSI>
      <KGmin>0.05</KGmin>
      <RangeKG>0.1</RangeKG>
      <AG>0.1</AG>
      <PERC>2.0244917406829153</PERC>
      <Alpha>0</Alpha>
      <UZL>122.86335717938255</UZL>
      <K0>0.60098955452147473</K0>
      <K1>0.11049883779148741</K1>
      <K2>0.01192731664861638</K2>
      <MAXBAS>1</MAXBAS>
      <Cet>0</Cet>
      <PCALT>10</PCALT>
      <TCALT>0.6</TCALT>
      <Pelev>3100</Pelev>
      <Telev>3100</Telev>
      <PART>0.5</PART>
      <DELAY>1</DELAY>
    </SubCatchmentParameters>
    <SubCatchmentVegetationZone>
      <SubCatchmentVegetationZoneParameters>
        <TT>-1.5686457968670149</TT>
        <CFMAX>1.822991065302815</CFMAX>
        <SP>0</SP>
        <SFCF>0.66282136525080881</SFCF>
        <CFR>6.50002119160156E-13</CFR>
        <CWH>0.10000031111118161</CWH>
        <CFGlacier>1</CFGlacier>
        <CFSlope>1</CFSlope>
        <FC>652.33635466083922</FC>
        <LP>0.69015312708244458</LP>
        <BETA>3.41475292265888</BETA>
      </SubCatchmentVegetationZoneParameters>
    </SubCatchmentVegetationZone>
  </SubCatchment>
</Catchment>