<?xml version="1.0" encoding="utf-8"?>
<Catchment xmlns:xsi="http://www.w3.org/2001/XMLSchema-instance" xmlns:xsd="http://www.w3.org/2001/XMLSchema">
  <CatchmentParameters>
    <KSI>0.001</KSI>
    <KGmin>0.05</KGmin>
    <RangeKG>0.1</RangeKG>
    <AG>0.1</AG>
    <PERC>2.5220462525043548</PERC>
    <Alpha>0</Alpha>
    <UZL>53.508527254498276</UZL>
    <K0>0.14505744683985328</K0>
    <K1>0.08313388663692578</K1>
    <K2>0.01073911809915463</K2>
    <MAXBAS>1</MAXBAS>
    <Cet>0</Cet>
    <PCALT>10</PCALT>
    <TCALT>0.6</TCALT>
    <Pelev>3100</Pelev>
    <Telev>3100</Telev>
    <PART>0.5</PART>
    <DELAY>1</DELAY>
  </CatchmentParameters>
  <VegetationZone>
    <VegetationZoneParameters>
      <TT>-0.85378862576188164</TT>
      <CFMAX>3.6690620599044079</CFMAX>
      <SP>0</SP>
      <SFCF>1.0038282145951705</SFCF>
      <CFR>0.034055139281601018</CFR>
      <CWH>0.10000000001037965</CWH>
      <CFGlacier>1</CFGlacier>
      <CFSlope>1</CFSlope>
      <FC>1006.261491159172</FC>
      <LP>0.52740036968249027</LP>
      <BETA>3.2814466246770055</BETA>
    </VegetationZoneParameters>
  </VegetationZone>
  <SubCatchment>
    <SubCatchmentParameters>
      <KSI>0.001</KSI>
      <KGmin>0.05</KGmin>
      <RangeKG>0.1</RangeKG>
      <AG>0.1</AG>
      <PERC>2.5220462525043548</PERC>
      <Alpha>0</Alpha>
      <UZL>53.508527254498276</UZL>
      <K0>0.14505744683985328</K0>
      <K1>0.08313388663692578</K1>
      <K2>0.01073911809915463</K2>
      <MAXBAS>1</MAXBAS>
      <Cet>0</Cet>
      <PCALT>10</PCALT>
      <TCALT>0.6</TCALT>
      <Pelev>3100</Pelev>
      <Telev>3100</Telev>
      <PART>0.5</PART>
      <DELAY>1</DELAY>
    </SubCatchmentParameters>
    <SubCatchmentVegetationZone>
      <SubCatchmentVegetationZoneParameters>
        <TT>-0.85378862576188164</TT>
        <CFMAX>3.6690620599044079</CFMAX>
        <SP>0</SP>
        <SFCF>1.0038282145951705</SFCF>
        <CFR>0.034055139281601018</CFR>
        <CWH>0.10000000001037965</CWH>
        <CFGlacier>1</CFGlacier>
        <CFSlope>1</CFSlope>
        <FC>1006.261491159172</FC>
        <LP>0.52740036968249027</LP>
        <BETA>3.2814466246770055</BETA>
      </SubCatchmentVegetationZoneParameters>
    </SubCatchmentVegetationZone>
  </SubCatchment>
</Catchment>