<?xml version="1.0" encoding="utf-8"?>
<Catchment xmlns:xsi="http://www.w3.org/2001/XMLSchema-instance" xmlns:xsd="http://www.w3.org/2001/XMLSchema">
  <CatchmentParameters>
    <KSI>0.001</KSI>
    <KGmin>0.05</KGmin>
    <RangeKG>0.1</RangeKG>
    <AG>0.1</AG>
    <PERC>8.8729963962812342</PERC>
    <Alpha>0</Alpha>
    <UZL>88.159342112004438</UZL>
    <K0>0.51302249316486381</K0>
    <K1>0.3008019272531039</K1>
    <K2>0.11609527647286783</K2>
    <MAXBAS>1.2644589833273399</MAXBAS>
    <Cet>0</Cet>
    <PCALT>10</PCALT>
    <TCALT>0.6</TCALT>
    <Pelev>3100</Pelev>
    <Telev>3100</Telev>
    <PART>0.5</PART>
    <DELAY>1</DELAY>
  </CatchmentParameters>
  <VegetationZone>
    <VegetationZoneParameters>
      <TT>2.2769883147738681</TT>
      <CFMAX>3.8193621071092387</CFMAX>
      <SP>0</SP>
      <SFCF>0.77699531135154343</SFCF>
      <CFR>0.038020677354763777</CFR>
      <CWH>0.13293194500397781</CWH>
      <CFGlacier>1</CFGlacier>
      <CFSlope>1</CFSlope>
      <FC>739.14301777669584</FC>
      <LP>0.43006393546361538</LP>
      <BETA>5.2352303392220865</BETA>
    </VegetationZoneParameters>
  </VegetationZone>
  <SubCatchment>
    <SubCatchmentParameters>
      <KSI>0.001</KSI>
      <KGmin>0.05</KGmin>
      <RangeKG>0.1</RangeKG>
      <AG>0.1</AG>
      <PERC>8.8729963962812342</PERC>
      <Alpha>0</Alpha>
      <UZL>88.159342112004438</UZL>
      <K0>0.51302249316486381</K0>
      <K1>0.3008019272531039</K1>
      <K2>0.11609527647286783</K2>
      <MAXBAS>1.2644589833273399</MAXBAS>
      <Cet>0</Cet>
      <PCALT>10</PCALT>
      <TCALT>0.6</TCALT>
      <Pelev>3100</Pelev>
      <Telev>3100</Telev>
      <PART>0.5</PART>
      <DELAY>1</DELAY>
    </SubCatchmentParameters>
    <SubCatchmentVegetationZone>
      <SubCatchmentVegetationZoneParameters>
        <TT>2.2769883147738681</TT>
        <CFMAX>3.8193621071092387</CFMAX>
        <SP>0</SP>
        <SFCF>0.77699531135154343</SFCF>
        <CFR>0.038020677354763777</CFR>
        <CWH>0.13293194500397781</CWH>
        <CFGlacier>1</CFGlacier>
        <CFSlope>1</CFSlope>
        <FC>739.14301777669584</FC>
        <LP>0.43006393546361538</LP>
        <BETA>5.2352303392220865</BETA>
      </SubCatchmentVegetationZoneParameters>
    </SubCatchmentVegetationZone>
  </SubCatchment>
</Catchment>