<?xml version="1.0" encoding="utf-8"?>
<Catchment xmlns:xsi="http://www.w3.org/2001/XMLSchema-instance" xmlns:xsd="http://www.w3.org/2001/XMLSchema">
  <CatchmentParameters>
    <KSI>0.001</KSI>
    <KGmin>0.05</KGmin>
    <RangeKG>0.1</RangeKG>
    <AG>0.1</AG>
    <PERC>7.9970118539033193</PERC>
    <Alpha>0</Alpha>
    <UZL>93.269161274413889</UZL>
    <K0>0.22040960675641175</K0>
    <K1>0.36981525995628944</K1>
    <K2>0.084240972401568567</K2>
    <MAXBAS>1.3351326159928747</MAXBAS>
    <Cet>0</Cet>
    <PCALT>10</PCALT>
    <TCALT>0.6</TCALT>
    <Pelev>3100</Pelev>
    <Telev>3100</Telev>
    <PART>0.5</PART>
    <DELAY>1</DELAY>
  </CatchmentParameters>
  <VegetationZone>
    <VegetationZoneParameters>
      <TT>1.6486402439006078</TT>
      <CFMAX>4.7980654173155965</CFMAX>
      <SP>0</SP>
      <SFCF>0.58180293164747565</SFCF>
      <CFR>0.010982013062336178</CFR>
      <CWH>0.18421243497703438</CWH>
      <CFGlacier>1</CFGlacier>
      <CFSlope>1</CFSlope>
      <FC>406.65614425055765</FC>
      <LP>0.51520794253792546</LP>
      <BETA>5.62539504963031</BETA>
    </VegetationZoneParameters>
  </VegetationZone>
  <SubCatchment>
    <SubCatchmentParameters>
      <KSI>0.001</KSI>
      <KGmin>0.05</KGmin>
      <RangeKG>0.1</RangeKG>
      <AG>0.1</AG>
      <PERC>7.9970118539033193</PERC>
      <Alpha>0</Alpha>
      <UZL>93.269161274413889</UZL>
      <K0>0.22040960675641175</K0>
      <K1>0.36981525995628944</K1>
      <K2>0.084240972401568567</K2>
      <MAXBAS>1.3351326159928747</MAXBAS>
      <Cet>0</Cet>
      <PCALT>10</PCALT>
      <TCALT>0.6</TCALT>
      <Pelev>3100</Pelev>
      <Telev>3100</Telev>
      <PART>0.5</PART>
      <DELAY>1</DELAY>
    </SubCatchmentParameters>
    <SubCatchmentVegetationZone>
      <SubCatchmentVegetationZoneParameters>
        <TT>1.6486402439006078</TT>
        <CFMAX>4.7980654173155965</CFMAX>
        <SP>0</SP>
        <SFCF>0.58180293164747565</SFCF>
        <CFR>0.010982013062336178</CFR>
        <CWH>0.18421243497703438</CWH>
        <CFGlacier>1</CFGlacier>
        <CFSlope>1</CFSlope>
        <FC>406.65614425055765</FC>
        <LP>0.51520794253792546</LP>
        <BETA>5.62539504963031</BETA>
      </SubCatchmentVegetationZoneParameters>
    </SubCatchmentVegetationZone>
  </SubCatchment>
</Catchment>