<?xml version="1.0" encoding="utf-8"?>
<Catchment xmlns:xsi="http://www.w3.org/2001/XMLSchema-instance" xmlns:xsd="http://www.w3.org/2001/XMLSchema">
  <CatchmentParameters>
    <KSI>0.001</KSI>
    <KGmin>0.05</KGmin>
    <RangeKG>0.1</RangeKG>
    <AG>0.1</AG>
    <PERC>7.6991063469333234</PERC>
    <Alpha>0</Alpha>
    <UZL>19.166717086619013</UZL>
    <K0>0.29629360458483028</K0>
    <K1>0.34244729089747261</K1>
    <K2>0.076735904325716586</K2>
    <MAXBAS>1.1541418348669437</MAXBAS>
    <Cet>0</Cet>
    <PCALT>10</PCALT>
    <TCALT>0.6</TCALT>
    <Pelev>3100</Pelev>
    <Telev>3100</Telev>
    <PART>0.5</PART>
    <DELAY>1</DELAY>
  </CatchmentParameters>
  <VegetationZone>
    <VegetationZoneParameters>
      <TT>2.1650082887038096</TT>
      <CFMAX>4.5495368212927785</CFMAX>
      <SP>0</SP>
      <SFCF>0.94713975428829589</SFCF>
      <CFR>0.064359176747314492</CFR>
      <CWH>0.12451897704066955</CWH>
      <CFGlacier>1</CFGlacier>
      <CFSlope>1</CFSlope>
      <FC>467.538947355374</FC>
      <LP>0.5377252623857588</LP>
      <BETA>5.5277622515876379</BETA>
    </VegetationZoneParameters>
  </VegetationZone>
  <SubCatchment>
    <SubCatchmentParameters>
      <KSI>0.001</KSI>
      <KGmin>0.05</KGmin>
      <RangeKG>0.1</RangeKG>
      <AG>0.1</AG>
      <PERC>7.6991063469333234</PERC>
      <Alpha>0</Alpha>
      <UZL>19.166717086619013</UZL>
      <K0>0.29629360458483028</K0>
      <K1>0.34244729089747261</K1>
      <K2>0.076735904325716586</K2>
      <MAXBAS>1.1541418348669437</MAXBAS>
      <Cet>0</Cet>
      <PCALT>10</PCALT>
      <TCALT>0.6</TCALT>
      <Pelev>3100</Pelev>
      <Telev>3100</Telev>
      <PART>0.5</PART>
      <DELAY>1</DELAY>
    </SubCatchmentParameters>
    <SubCatchmentVegetationZone>
      <SubCatchmentVegetationZoneParameters>
        <TT>2.1650082887038096</TT>
        <CFMAX>4.5495368212927785</CFMAX>
        <SP>0</SP>
        <SFCF>0.94713975428829589</SFCF>
        <CFR>0.064359176747314492</CFR>
        <CWH>0.12451897704066955</CWH>
        <CFGlacier>1</CFGlacier>
        <CFSlope>1</CFSlope>
        <FC>467.538947355374</FC>
        <LP>0.5377252623857588</LP>
        <BETA>5.5277622515876379</BETA>
      </SubCatchmentVegetationZoneParameters>
    </SubCatchmentVegetationZone>
  </SubCatchment>
</Catchment>