<?xml version="1.0" encoding="utf-8"?>
<Catchment xmlns:xsi="http://www.w3.org/2001/XMLSchema-instance" xmlns:xsd="http://www.w3.org/2001/XMLSchema">
  <CatchmentParameters>
    <KSI>0.001</KSI>
    <KGmin>0.05</KGmin>
    <RangeKG>0.1</RangeKG>
    <AG>0.1</AG>
    <PERC>4.8869946765525007</PERC>
    <Alpha>0</Alpha>
    <UZL>111.64125138780344</UZL>
    <K0>0.40320723198182884</K0>
    <K1>0.051613726185041828</K1>
    <K2>0.1300881127559016</K2>
    <MAXBAS>2.0013303880882427</MAXBAS>
    <Cet>0</Cet>
    <PCALT>10</PCALT>
    <TCALT>0.6</TCALT>
    <Pelev>3100</Pelev>
    <Telev>3100</Telev>
    <PART>0.5</PART>
    <DELAY>1</DELAY>
  </CatchmentParameters>
  <VegetationZone>
    <VegetationZoneParameters>
      <TT>0.536490804642701</TT>
      <CFMAX>2.8016463582881519</CFMAX>
      <SP>0</SP>
      <SFCF>0.53815722388581333</SFCF>
      <CFR>0.045575237181745623</CFR>
      <CWH>0.13647025104796137</CWH>
      <CFGlacier>1</CFGlacier>
      <CFSlope>1</CFSlope>
      <FC>362.60313162222252</FC>
      <LP>0.55021095518971774</LP>
      <BETA>5.359441172055865</BETA>
    </VegetationZoneParameters>
  </VegetationZone>
  <SubCatchment>
    <SubCatchmentParameters>
      <KSI>0.001</KSI>
      <KGmin>0.05</KGmin>
      <RangeKG>0.1</RangeKG>
      <AG>0.1</AG>
      <PERC>4.8869946765525007</PERC>
      <Alpha>0</Alpha>
      <UZL>111.64125138780344</UZL>
      <K0>0.40320723198182884</K0>
      <K1>0.051613726185041828</K1>
      <K2>0.1300881127559016</K2>
      <MAXBAS>2.0013303880882427</MAXBAS>
      <Cet>0</Cet>
      <PCALT>10</PCALT>
      <TCALT>0.6</TCALT>
      <Pelev>3100</Pelev>
      <Telev>3100</Telev>
      <PART>0.5</PART>
      <DELAY>1</DELAY>
    </SubCatchmentParameters>
    <SubCatchmentVegetationZone>
      <SubCatchmentVegetationZoneParameters>
        <TT>0.536490804642701</TT>
        <CFMAX>2.8016463582881519</CFMAX>
        <SP>0</SP>
        <SFCF>0.53815722388581333</SFCF>
        <CFR>0.045575237181745623</CFR>
        <CWH>0.13647025104796137</CWH>
        <CFGlacier>1</CFGlacier>
        <CFSlope>1</CFSlope>
        <FC>362.60313162222252</FC>
        <LP>0.55021095518971774</LP>
        <BETA>5.359441172055865</BETA>
      </SubCatchmentVegetationZoneParameters>
    </SubCatchmentVegetationZone>
  </SubCatchment>
</Catchment>