<?xml version="1.0" encoding="utf-8"?>
<Catchment xmlns:xsi="http://www.w3.org/2001/XMLSchema-instance" xmlns:xsd="http://www.w3.org/2001/XMLSchema">
  <CatchmentParameters>
    <KSI>0.001</KSI>
    <KGmin>0.05</KGmin>
    <RangeKG>0.1</RangeKG>
    <AG>0.1</AG>
    <PERC>9.4573899923270854</PERC>
    <Alpha>0</Alpha>
    <UZL>81.974731843979612</UZL>
    <K0>0.50691795226904468</K0>
    <K1>0.12390216769767448</K1>
    <K2>0.077989283836619572</K2>
    <MAXBAS>1.1571840261265698</MAXBAS>
    <Cet>0</Cet>
    <PCALT>10</PCALT>
    <TCALT>0.6</TCALT>
    <Pelev>3100</Pelev>
    <Telev>3100</Telev>
    <PART>0.5</PART>
    <DELAY>1</DELAY>
  </CatchmentParameters>
  <VegetationZone>
    <VegetationZoneParameters>
      <TT>0.78779141135498909</TT>
      <CFMAX>4.062646739798601</CFMAX>
      <SP>0</SP>
      <SFCF>0.641864193039965</SFCF>
      <CFR>0.081090515127218266</CFR>
      <CWH>0.17020074403871044</CWH>
      <CFGlacier>1</CFGlacier>
      <CFSlope>1</CFSlope>
      <FC>264.73791513214849</FC>
      <LP>0.626643392818807</LP>
      <BETA>5.0257651772273046</BETA>
    </VegetationZoneParameters>
  </VegetationZone>
  <SubCatchment>
    <SubCatchmentParameters>
      <KSI>0.001</KSI>
      <KGmin>0.05</KGmin>
      <RangeKG>0.1</RangeKG>
      <AG>0.1</AG>
      <PERC>9.4573899923270854</PERC>
      <Alpha>0</Alpha>
      <UZL>81.974731843979612</UZL>
      <K0>0.50691795226904468</K0>
      <K1>0.12390216769767448</K1>
      <K2>0.077989283836619572</K2>
      <MAXBAS>1.1571840261265698</MAXBAS>
      <Cet>0</Cet>
      <PCALT>10</PCALT>
      <TCALT>0.6</TCALT>
      <Pelev>3100</Pelev>
      <Telev>3100</Telev>
      <PART>0.5</PART>
      <DELAY>1</DELAY>
    </SubCatchmentParameters>
    <SubCatchmentVegetationZone>
      <SubCatchmentVegetationZoneParameters>
        <TT>0.78779141135498909</TT>
        <CFMAX>4.062646739798601</CFMAX>
        <SP>0</SP>
        <SFCF>0.641864193039965</SFCF>
        <CFR>0.081090515127218266</CFR>
        <CWH>0.17020074403871044</CWH>
        <CFGlacier>1</CFGlacier>
        <CFSlope>1</CFSlope>
        <FC>264.73791513214849</FC>
        <LP>0.626643392818807</LP>
        <BETA>5.0257651772273046</BETA>
      </SubCatchmentVegetationZoneParameters>
    </SubCatchmentVegetationZone>
  </SubCatchment>
</Catchment>