<?xml version="1.0" encoding="utf-8"?>
<Catchment xmlns:xsi="http://www.w3.org/2001/XMLSchema-instance" xmlns:xsd="http://www.w3.org/2001/XMLSchema">
  <CatchmentParameters>
    <KSI>0.001</KSI>
    <KGmin>0.05</KGmin>
    <RangeKG>0.1</RangeKG>
    <AG>0.1</AG>
    <PERC>9.60072301776966</PERC>
    <Alpha>0</Alpha>
    <UZL>120.10771808503331</UZL>
    <K0>0.16931478556512625</K0>
    <K1>0.15865493484703386</K1>
    <K2>0.03582519374858157</K2>
    <MAXBAS>1.3936199543510672</MAXBAS>
    <Cet>0</Cet>
    <PCALT>10</PCALT>
    <TCALT>0.6</TCALT>
    <Pelev>3100</Pelev>
    <Telev>3100</Telev>
    <PART>0.5</PART>
    <DELAY>1</DELAY>
  </CatchmentParameters>
  <VegetationZone>
    <VegetationZoneParameters>
      <TT>1.3078395242291794</TT>
      <CFMAX>4.2452240360926456</CFMAX>
      <SP>0</SP>
      <SFCF>0.8009410331815533</SFCF>
      <CFR>0.042530917425192077</CFR>
      <CWH>0.1564435971720769</CWH>
      <CFGlacier>1</CFGlacier>
      <CFSlope>1</CFSlope>
      <FC>502.48047311763918</FC>
      <LP>0.52206195457476678</LP>
      <BETA>4.5853352689865368</BETA>
    </VegetationZoneParameters>
  </VegetationZone>
  <SubCatchment>
    <SubCatchmentParameters>
      <KSI>0.001</KSI>
      <KGmin>0.05</KGmin>
      <RangeKG>0.1</RangeKG>
      <AG>0.1</AG>
      <PERC>9.60072301776966</PERC>
      <Alpha>0</Alpha>
      <UZL>120.10771808503331</UZL>
      <K0>0.16931478556512625</K0>
      <K1>0.15865493484703386</K1>
      <K2>0.03582519374858157</K2>
      <MAXBAS>1.3936199543510672</MAXBAS>
      <Cet>0</Cet>
      <PCALT>10</PCALT>
      <TCALT>0.6</TCALT>
      <Pelev>3100</Pelev>
      <Telev>3100</Telev>
      <PART>0.5</PART>
      <DELAY>1</DELAY>
    </SubCatchmentParameters>
    <SubCatchmentVegetationZone>
      <SubCatchmentVegetationZoneParameters>
        <TT>1.3078395242291794</TT>
        <CFMAX>4.2452240360926456</CFMAX>
        <SP>0</SP>
        <SFCF>0.8009410331815533</SFCF>
        <CFR>0.042530917425192077</CFR>
        <CWH>0.1564435971720769</CWH>
        <CFGlacier>1</CFGlacier>
        <CFSlope>1</CFSlope>
        <FC>502.48047311763918</FC>
        <LP>0.52206195457476678</LP>
        <BETA>4.5853352689865368</BETA>
      </SubCatchmentVegetationZoneParameters>
    </SubCatchmentVegetationZone>
  </SubCatchment>
</Catchment>