<?xml version="1.0" encoding="utf-8"?>
<Catchment xmlns:xsi="http://www.w3.org/2001/XMLSchema-instance" xmlns:xsd="http://www.w3.org/2001/XMLSchema">
  <CatchmentParameters>
    <KSI>0.001</KSI>
    <KGmin>0.05</KGmin>
    <RangeKG>0.1</RangeKG>
    <AG>0.1</AG>
    <PERC>7.5095169935972743</PERC>
    <Alpha>0</Alpha>
    <UZL>157.13954334096192</UZL>
    <K0>0.17250363597432983</K0>
    <K1>0.34731650364213179</K1>
    <K2>0.095771291697527586</K2>
    <MAXBAS>1.3811515877622216</MAXBAS>
    <Cet>0</Cet>
    <PCALT>10</PCALT>
    <TCALT>0.6</TCALT>
    <Pelev>3100</Pelev>
    <Telev>3100</Telev>
    <PART>0.5</PART>
    <DELAY>1</DELAY>
  </CatchmentParameters>
  <VegetationZone>
    <VegetationZoneParameters>
      <TT>1.6985975359840433</TT>
      <CFMAX>4.3012681490671705</CFMAX>
      <SP>0</SP>
      <SFCF>1.0619062033912381</SFCF>
      <CFR>0.024819044416277965</CFR>
      <CWH>0.15355851915222937</CWH>
      <CFGlacier>1</CFGlacier>
      <CFSlope>1</CFSlope>
      <FC>321.1791963402253</FC>
      <LP>0.79083340070092267</LP>
      <BETA>4.63960356834096</BETA>
    </VegetationZoneParameters>
  </VegetationZone>
  <SubCatchment>
    <SubCatchmentParameters>
      <KSI>0.001</KSI>
      <KGmin>0.05</KGmin>
      <RangeKG>0.1</RangeKG>
      <AG>0.1</AG>
      <PERC>7.5095169935972743</PERC>
      <Alpha>0</Alpha>
      <UZL>157.13954334096192</UZL>
      <K0>0.17250363597432983</K0>
      <K1>0.34731650364213179</K1>
      <K2>0.095771291697527586</K2>
      <MAXBAS>1.3811515877622216</MAXBAS>
      <Cet>0</Cet>
      <PCALT>10</PCALT>
      <TCALT>0.6</TCALT>
      <Pelev>3100</Pelev>
      <Telev>3100</Telev>
      <PART>0.5</PART>
      <DELAY>1</DELAY>
    </SubCatchmentParameters>
    <SubCatchmentVegetationZone>
      <SubCatchmentVegetationZoneParameters>
        <TT>1.6985975359840433</TT>
        <CFMAX>4.3012681490671705</CFMAX>
        <SP>0</SP>
        <SFCF>1.0619062033912381</SFCF>
        <CFR>0.024819044416277965</CFR>
        <CWH>0.15355851915222937</CWH>
        <CFGlacier>1</CFGlacier>
        <CFSlope>1</CFSlope>
        <FC>321.1791963402253</FC>
        <LP>0.79083340070092267</LP>
        <BETA>4.63960356834096</BETA>
      </SubCatchmentVegetationZoneParameters>
    </SubCatchmentVegetationZone>
  </SubCatchment>
</Catchment>