<?xml version="1.0" encoding="utf-8"?>
<Catchment xmlns:xsi="http://www.w3.org/2001/XMLSchema-instance" xmlns:xsd="http://www.w3.org/2001/XMLSchema">
  <CatchmentParameters>
    <KSI>0.001</KSI>
    <KGmin>0.05</KGmin>
    <RangeKG>0.1</RangeKG>
    <AG>0.1</AG>
    <PERC>3.8294255828824375</PERC>
    <Alpha>0</Alpha>
    <UZL>149.42264919595448</UZL>
    <K0>0.92190567666623169</K0>
    <K1>0.13428426212410871</K1>
    <K2>0.011615822939497264</K2>
    <MAXBAS>1</MAXBAS>
    <Cet>0</Cet>
    <PCALT>10</PCALT>
    <TCALT>0.6</TCALT>
    <Pelev>3100</Pelev>
    <Telev>3100</Telev>
    <PART>0.5</PART>
    <DELAY>1</DELAY>
  </CatchmentParameters>
  <VegetationZone>
    <VegetationZoneParameters>
      <TT>-0.85214222185876676</TT>
      <CFMAX>3.121012870775175</CFMAX>
      <SP>0</SP>
      <SFCF>0.69352556819762035</SFCF>
      <CFR>0.031460010604066009</CFR>
      <CWH>0.10709314099755427</CWH>
      <CFGlacier>1</CFGlacier>
      <CFSlope>1</CFSlope>
      <FC>625.70754773761848</FC>
      <LP>0.56527259507248151</LP>
      <BETA>2.7341356660384784</BETA>
    </VegetationZoneParameters>
  </VegetationZone>
  <SubCatchment>
    <SubCatchmentParameters>
      <KSI>0.001</KSI>
      <KGmin>0.05</KGmin>
      <RangeKG>0.1</RangeKG>
      <AG>0.1</AG>
      <PERC>3.8294255828824375</PERC>
      <Alpha>0</Alpha>
      <UZL>149.42264919595448</UZL>
      <K0>0.92190567666623169</K0>
      <K1>0.13428426212410871</K1>
      <K2>0.011615822939497264</K2>
      <MAXBAS>1</MAXBAS>
      <Cet>0</Cet>
      <PCALT>10</PCALT>
      <TCALT>0.6</TCALT>
      <Pelev>3100</Pelev>
      <Telev>3100</Telev>
      <PART>0.5</PART>
      <DELAY>1</DELAY>
    </SubCatchmentParameters>
    <SubCatchmentVegetationZone>
      <SubCatchmentVegetationZoneParameters>
        <TT>-0.85214222185876676</TT>
        <CFMAX>3.121012870775175</CFMAX>
        <SP>0</SP>
        <SFCF>0.69352556819762035</SFCF>
        <CFR>0.031460010604066009</CFR>
        <CWH>0.10709314099755427</CWH>
        <CFGlacier>1</CFGlacier>
        <CFSlope>1</CFSlope>
        <FC>625.70754773761848</FC>
        <LP>0.56527259507248151</LP>
        <BETA>2.7341356660384784</BETA>
      </SubCatchmentVegetationZoneParameters>
    </SubCatchmentVegetationZone>
  </SubCatchment>
</Catchment>