<?xml version="1.0" encoding="utf-8"?>
<Catchment xmlns:xsi="http://www.w3.org/2001/XMLSchema-instance" xmlns:xsd="http://www.w3.org/2001/XMLSchema">
  <CatchmentParameters>
    <KSI>0.001</KSI>
    <KGmin>0.05</KGmin>
    <RangeKG>0.1</RangeKG>
    <AG>0.1</AG>
    <PERC>6.1238905570283357</PERC>
    <Alpha>0</Alpha>
    <UZL>94.126868430228413</UZL>
    <K0>0.56414559461941949</K0>
    <K1>0.24676243771900019</K1>
    <K2>0.080275195606872324</K2>
    <MAXBAS>1.1827596206378477</MAXBAS>
    <Cet>0</Cet>
    <PCALT>10</PCALT>
    <TCALT>0.6</TCALT>
    <Pelev>3100</Pelev>
    <Telev>3100</Telev>
    <PART>0.5</PART>
    <DELAY>1</DELAY>
  </CatchmentParameters>
  <VegetationZone>
    <VegetationZoneParameters>
      <TT>1.5140303604693872</TT>
      <CFMAX>4.1685280967807179</CFMAX>
      <SP>0</SP>
      <SFCF>0.58371688314866665</SFCF>
      <CFR>0.082250351275584277</CFR>
      <CWH>0.15183033014883429</CWH>
      <CFGlacier>1</CFGlacier>
      <CFSlope>1</CFSlope>
      <FC>458.075114150056</FC>
      <LP>0.71396074699430223</LP>
      <BETA>5.8637729452527516</BETA>
    </VegetationZoneParameters>
  </VegetationZone>
  <SubCatchment>
    <SubCatchmentParameters>
      <KSI>0.001</KSI>
      <KGmin>0.05</KGmin>
      <RangeKG>0.1</RangeKG>
      <AG>0.1</AG>
      <PERC>6.1238905570283357</PERC>
      <Alpha>0</Alpha>
      <UZL>94.126868430228413</UZL>
      <K0>0.56414559461941949</K0>
      <K1>0.24676243771900019</K1>
      <K2>0.080275195606872324</K2>
      <MAXBAS>1.1827596206378477</MAXBAS>
      <Cet>0</Cet>
      <PCALT>10</PCALT>
      <TCALT>0.6</TCALT>
      <Pelev>3100</Pelev>
      <Telev>3100</Telev>
      <PART>0.5</PART>
      <DELAY>1</DELAY>
    </SubCatchmentParameters>
    <SubCatchmentVegetationZone>
      <SubCatchmentVegetationZoneParameters>
        <TT>1.5140303604693872</TT>
        <CFMAX>4.1685280967807179</CFMAX>
        <SP>0</SP>
        <SFCF>0.58371688314866665</SFCF>
        <CFR>0.082250351275584277</CFR>
        <CWH>0.15183033014883429</CWH>
        <CFGlacier>1</CFGlacier>
        <CFSlope>1</CFSlope>
        <FC>458.075114150056</FC>
        <LP>0.71396074699430223</LP>
        <BETA>5.8637729452527516</BETA>
      </SubCatchmentVegetationZoneParameters>
    </SubCatchmentVegetationZone>
  </SubCatchment>
</Catchment>