<?xml version="1.0" encoding="utf-8"?>
<Catchment xmlns:xsi="http://www.w3.org/2001/XMLSchema-instance" xmlns:xsd="http://www.w3.org/2001/XMLSchema">
  <CatchmentParameters>
    <KSI>0.001</KSI>
    <KGmin>0.05</KGmin>
    <RangeKG>0.1</RangeKG>
    <AG>0.1</AG>
    <PERC>4.0807189939170723</PERC>
    <Alpha>0</Alpha>
    <UZL>82.833397391904384</UZL>
    <K0>0.40474838476523106</K0>
    <K1>0.37933752991878011</K1>
    <K2>0.010929245078511686</K2>
    <MAXBAS>1</MAXBAS>
    <Cet>0</Cet>
    <PCALT>10</PCALT>
    <TCALT>0.6</TCALT>
    <Pelev>3100</Pelev>
    <Telev>3100</Telev>
    <PART>0.5</PART>
    <DELAY>1</DELAY>
  </CatchmentParameters>
  <VegetationZone>
    <VegetationZoneParameters>
      <TT>-0.70000072583726891</TT>
      <CFMAX>2.9261544827823776</CFMAX>
      <SP>0</SP>
      <SFCF>0.73031936907493766</SFCF>
      <CFR>0.034536927513112971</CFR>
      <CWH>0.10342462980562144</CWH>
      <CFGlacier>1</CFGlacier>
      <CFSlope>1</CFSlope>
      <FC>694.33521221792864</FC>
      <LP>0.61311821016234014</LP>
      <BETA>3.1304796094613359</BETA>
    </VegetationZoneParameters>
  </VegetationZone>
  <SubCatchment>
    <SubCatchmentParameters>
      <KSI>0.001</KSI>
      <KGmin>0.05</KGmin>
      <RangeKG>0.1</RangeKG>
      <AG>0.1</AG>
      <PERC>4.0807189939170723</PERC>
      <Alpha>0</Alpha>
      <UZL>82.833397391904384</UZL>
      <K0>0.40474838476523106</K0>
      <K1>0.37933752991878011</K1>
      <K2>0.010929245078511686</K2>
      <MAXBAS>1</MAXBAS>
      <Cet>0</Cet>
      <PCALT>10</PCALT>
      <TCALT>0.6</TCALT>
      <Pelev>3100</Pelev>
      <Telev>3100</Telev>
      <PART>0.5</PART>
      <DELAY>1</DELAY>
    </SubCatchmentParameters>
    <SubCatchmentVegetationZone>
      <SubCatchmentVegetationZoneParameters>
        <TT>-0.70000072583726891</TT>
        <CFMAX>2.9261544827823776</CFMAX>
        <SP>0</SP>
        <SFCF>0.73031936907493766</SFCF>
        <CFR>0.034536927513112971</CFR>
        <CWH>0.10342462980562144</CWH>
        <CFGlacier>1</CFGlacier>
        <CFSlope>1</CFSlope>
        <FC>694.33521221792864</FC>
        <LP>0.61311821016234014</LP>
        <BETA>3.1304796094613359</BETA>
      </SubCatchmentVegetationZoneParameters>
    </SubCatchmentVegetationZone>
  </SubCatchment>
</Catchment>