<?xml version="1.0" encoding="utf-8"?>
<Catchment xmlns:xsi="http://www.w3.org/2001/XMLSchema-instance" xmlns:xsd="http://www.w3.org/2001/XMLSchema">
  <CatchmentParameters>
    <KSI>0.001</KSI>
    <KGmin>0.05</KGmin>
    <RangeKG>0.1</RangeKG>
    <AG>0.1</AG>
    <PERC>8.3440632105420942</PERC>
    <Alpha>0</Alpha>
    <UZL>138.21474503935036</UZL>
    <K0>0.36197867193396654</K0>
    <K1>0.17345245827729061</K1>
    <K2>0.046323342458582856</K2>
    <MAXBAS>1.3003494443627148</MAXBAS>
    <Cet>0</Cet>
    <PCALT>10</PCALT>
    <TCALT>0.6</TCALT>
    <Pelev>3100</Pelev>
    <Telev>3100</Telev>
    <PART>0.5</PART>
    <DELAY>1</DELAY>
  </CatchmentParameters>
  <VegetationZone>
    <VegetationZoneParameters>
      <TT>2.2469505365548907</TT>
      <CFMAX>4.6763022303127144</CFMAX>
      <SP>0</SP>
      <SFCF>0.8762694295163147</SFCF>
      <CFR>0.0069972413915696443</CFR>
      <CWH>0.12354263694762996</CWH>
      <CFGlacier>1</CFGlacier>
      <CFSlope>1</CFSlope>
      <FC>642.15693624457458</FC>
      <LP>0.62328054662488819</LP>
      <BETA>5.4310333996048286</BETA>
    </VegetationZoneParameters>
  </VegetationZone>
  <SubCatchment>
    <SubCatchmentParameters>
      <KSI>0.001</KSI>
      <KGmin>0.05</KGmin>
      <RangeKG>0.1</RangeKG>
      <AG>0.1</AG>
      <PERC>8.3440632105420942</PERC>
      <Alpha>0</Alpha>
      <UZL>138.21474503935036</UZL>
      <K0>0.36197867193396654</K0>
      <K1>0.17345245827729061</K1>
      <K2>0.046323342458582856</K2>
      <MAXBAS>1.3003494443627148</MAXBAS>
      <Cet>0</Cet>
      <PCALT>10</PCALT>
      <TCALT>0.6</TCALT>
      <Pelev>3100</Pelev>
      <Telev>3100</Telev>
      <PART>0.5</PART>
      <DELAY>1</DELAY>
    </SubCatchmentParameters>
    <SubCatchmentVegetationZone>
      <SubCatchmentVegetationZoneParameters>
        <TT>2.2469505365548907</TT>
        <CFMAX>4.6763022303127144</CFMAX>
        <SP>0</SP>
        <SFCF>0.8762694295163147</SFCF>
        <CFR>0.0069972413915696443</CFR>
        <CWH>0.12354263694762996</CWH>
        <CFGlacier>1</CFGlacier>
        <CFSlope>1</CFSlope>
        <FC>642.15693624457458</FC>
        <LP>0.62328054662488819</LP>
        <BETA>5.4310333996048286</BETA>
      </SubCatchmentVegetationZoneParameters>
    </SubCatchmentVegetationZone>
  </SubCatchment>
</Catchment>