<?xml version="1.0" encoding="utf-8"?>
<Catchment xmlns:xsi="http://www.w3.org/2001/XMLSchema-instance" xmlns:xsd="http://www.w3.org/2001/XMLSchema">
  <CatchmentParameters>
    <KSI>0.001</KSI>
    <KGmin>0.05</KGmin>
    <RangeKG>0.1</RangeKG>
    <AG>0.1</AG>
    <PERC>7.9947889437332273</PERC>
    <Alpha>0</Alpha>
    <UZL>29.728703353071946</UZL>
    <K0>0.4615574519269437</K0>
    <K1>0.45000671185602437</K1>
    <K2>0.080395867664655</K2>
    <MAXBAS>1.473253330285643</MAXBAS>
    <Cet>0</Cet>
    <PCALT>10</PCALT>
    <TCALT>0.6</TCALT>
    <Pelev>3100</Pelev>
    <Telev>3100</Telev>
    <PART>0.5</PART>
    <DELAY>1</DELAY>
  </CatchmentParameters>
  <VegetationZone>
    <VegetationZoneParameters>
      <TT>1.2800287522128233</TT>
      <CFMAX>4.1955258143484162</CFMAX>
      <SP>0</SP>
      <SFCF>0.80732426105885757</SFCF>
      <CFR>0.03817606207241369</CFR>
      <CWH>0.13565620594371702</CWH>
      <CFGlacier>1</CFGlacier>
      <CFSlope>1</CFSlope>
      <FC>317.1775953719993</FC>
      <LP>0.56995354898721617</LP>
      <BETA>5.074801442358118</BETA>
    </VegetationZoneParameters>
  </VegetationZone>
  <SubCatchment>
    <SubCatchmentParameters>
      <KSI>0.001</KSI>
      <KGmin>0.05</KGmin>
      <RangeKG>0.1</RangeKG>
      <AG>0.1</AG>
      <PERC>7.9947889437332273</PERC>
      <Alpha>0</Alpha>
      <UZL>29.728703353071946</UZL>
      <K0>0.4615574519269437</K0>
      <K1>0.45000671185602437</K1>
      <K2>0.080395867664655</K2>
      <MAXBAS>1.473253330285643</MAXBAS>
      <Cet>0</Cet>
      <PCALT>10</PCALT>
      <TCALT>0.6</TCALT>
      <Pelev>3100</Pelev>
      <Telev>3100</Telev>
      <PART>0.5</PART>
      <DELAY>1</DELAY>
    </SubCatchmentParameters>
    <SubCatchmentVegetationZone>
      <SubCatchmentVegetationZoneParameters>
        <TT>1.2800287522128233</TT>
        <CFMAX>4.1955258143484162</CFMAX>
        <SP>0</SP>
        <SFCF>0.80732426105885757</SFCF>
        <CFR>0.03817606207241369</CFR>
        <CWH>0.13565620594371702</CWH>
        <CFGlacier>1</CFGlacier>
        <CFSlope>1</CFSlope>
        <FC>317.1775953719993</FC>
        <LP>0.56995354898721617</LP>
        <BETA>5.074801442358118</BETA>
      </SubCatchmentVegetationZoneParameters>
    </SubCatchmentVegetationZone>
  </SubCatchment>
</Catchment>