<?xml version="1.0" encoding="utf-8"?>
<Catchment xmlns:xsi="http://www.w3.org/2001/XMLSchema-instance" xmlns:xsd="http://www.w3.org/2001/XMLSchema">
  <CatchmentParameters>
    <KSI>0.001</KSI>
    <KGmin>0.05</KGmin>
    <RangeKG>0.1</RangeKG>
    <AG>0.1</AG>
    <PERC>8.84143545777627</PERC>
    <Alpha>0</Alpha>
    <UZL>84.795025699157591</UZL>
    <K0>0.41029040907053921</K0>
    <K1>0.23762581487617124</K1>
    <K2>0.066646455487324049</K2>
    <MAXBAS>2.0014020844533942</MAXBAS>
    <Cet>0</Cet>
    <PCALT>10</PCALT>
    <TCALT>0.6</TCALT>
    <Pelev>3100</Pelev>
    <Telev>3100</Telev>
    <PART>0.5</PART>
    <DELAY>1</DELAY>
  </CatchmentParameters>
  <VegetationZone>
    <VegetationZoneParameters>
      <TT>2.4999056995602631</TT>
      <CFMAX>4.7357533081678689</CFMAX>
      <SP>0</SP>
      <SFCF>0.5510597999156136</SFCF>
      <CFR>0.077535348305163926</CFR>
      <CWH>0.1686450944086183</CWH>
      <CFGlacier>1</CFGlacier>
      <CFSlope>1</CFSlope>
      <FC>464.50325970314657</FC>
      <LP>0.58343971728052468</LP>
      <BETA>4.8432365211266</BETA>
    </VegetationZoneParameters>
  </VegetationZone>
  <SubCatchment>
    <SubCatchmentParameters>
      <KSI>0.001</KSI>
      <KGmin>0.05</KGmin>
      <RangeKG>0.1</RangeKG>
      <AG>0.1</AG>
      <PERC>8.84143545777627</PERC>
      <Alpha>0</Alpha>
      <UZL>84.795025699157591</UZL>
      <K0>0.41029040907053921</K0>
      <K1>0.23762581487617124</K1>
      <K2>0.066646455487324049</K2>
      <MAXBAS>2.0014020844533942</MAXBAS>
      <Cet>0</Cet>
      <PCALT>10</PCALT>
      <TCALT>0.6</TCALT>
      <Pelev>3100</Pelev>
      <Telev>3100</Telev>
      <PART>0.5</PART>
      <DELAY>1</DELAY>
    </SubCatchmentParameters>
    <SubCatchmentVegetationZone>
      <SubCatchmentVegetationZoneParameters>
        <TT>2.4999056995602631</TT>
        <CFMAX>4.7357533081678689</CFMAX>
        <SP>0</SP>
        <SFCF>0.5510597999156136</SFCF>
        <CFR>0.077535348305163926</CFR>
        <CWH>0.1686450944086183</CWH>
        <CFGlacier>1</CFGlacier>
        <CFSlope>1</CFSlope>
        <FC>464.50325970314657</FC>
        <LP>0.58343971728052468</LP>
        <BETA>4.8432365211266</BETA>
      </SubCatchmentVegetationZoneParameters>
    </SubCatchmentVegetationZone>
  </SubCatchment>
</Catchment>