<?xml version="1.0" encoding="utf-8"?>
<Catchment xmlns:xsi="http://www.w3.org/2001/XMLSchema-instance" xmlns:xsd="http://www.w3.org/2001/XMLSchema">
  <CatchmentParameters>
    <KSI>0.001</KSI>
    <KGmin>0.05</KGmin>
    <RangeKG>0.1</RangeKG>
    <AG>0.1</AG>
    <PERC>0.21930780447772863</PERC>
    <Alpha>0</Alpha>
    <UZL>91.18629369374645</UZL>
    <K0>0.33244428902561768</K0>
    <K1>0.018728418143655719</K1>
    <K2>0.011111103144016137</K2>
    <MAXBAS>1</MAXBAS>
    <Cet>0</Cet>
    <PCALT>10</PCALT>
    <TCALT>0.6</TCALT>
    <Pelev>3100</Pelev>
    <Telev>3100</Telev>
    <PART>0.5</PART>
    <DELAY>1</DELAY>
  </CatchmentParameters>
  <VegetationZone>
    <VegetationZoneParameters>
      <TT>-1.9268550018230162</TT>
      <CFMAX>3.7032801127475068</CFMAX>
      <SP>0</SP>
      <SFCF>1.0877352606032718</SFCF>
      <CFR>0.005633426496061503</CFR>
      <CWH>0.10000000635053634</CWH>
      <CFGlacier>1</CFGlacier>
      <CFSlope>1</CFSlope>
      <FC>1075.0158241504057</FC>
      <LP>0.52976970670207824</LP>
      <BETA>3.2619162929084307</BETA>
    </VegetationZoneParameters>
  </VegetationZone>
  <SubCatchment>
    <SubCatchmentParameters>
      <KSI>0.001</KSI>
      <KGmin>0.05</KGmin>
      <RangeKG>0.1</RangeKG>
      <AG>0.1</AG>
      <PERC>0.21930780447772863</PERC>
      <Alpha>0</Alpha>
      <UZL>91.18629369374645</UZL>
      <K0>0.33244428902561768</K0>
      <K1>0.018728418143655719</K1>
      <K2>0.011111103144016137</K2>
      <MAXBAS>1</MAXBAS>
      <Cet>0</Cet>
      <PCALT>10</PCALT>
      <TCALT>0.6</TCALT>
      <Pelev>3100</Pelev>
      <Telev>3100</Telev>
      <PART>0.5</PART>
      <DELAY>1</DELAY>
    </SubCatchmentParameters>
    <SubCatchmentVegetationZone>
      <SubCatchmentVegetationZoneParameters>
        <TT>-1.9268550018230162</TT>
        <CFMAX>3.7032801127475068</CFMAX>
        <SP>0</SP>
        <SFCF>1.0877352606032718</SFCF>
        <CFR>0.005633426496061503</CFR>
        <CWH>0.10000000635053634</CWH>
        <CFGlacier>1</CFGlacier>
        <CFSlope>1</CFSlope>
        <FC>1075.0158241504057</FC>
        <LP>0.52976970670207824</LP>
        <BETA>3.2619162929084307</BETA>
      </SubCatchmentVegetationZoneParameters>
    </SubCatchmentVegetationZone>
  </SubCatchment>
</Catchment>