<?xml version="1.0" encoding="utf-8"?>
<Catchment xmlns:xsi="http://www.w3.org/2001/XMLSchema-instance" xmlns:xsd="http://www.w3.org/2001/XMLSchema">
  <CatchmentParameters>
    <KSI>0.001</KSI>
    <KGmin>0.05</KGmin>
    <RangeKG>0.1</RangeKG>
    <AG>0.1</AG>
    <PERC>7.1098449621068065</PERC>
    <Alpha>0</Alpha>
    <UZL>61.011595460142829</UZL>
    <K0>0.16332545181981473</K0>
    <K1>0.37836112085591961</K1>
    <K2>0.058453588178955927</K2>
    <MAXBAS>1.1158113007631072</MAXBAS>
    <Cet>0</Cet>
    <PCALT>10</PCALT>
    <TCALT>0.6</TCALT>
    <Pelev>3100</Pelev>
    <Telev>3100</Telev>
    <PART>0.5</PART>
    <DELAY>1</DELAY>
  </CatchmentParameters>
  <VegetationZone>
    <VegetationZoneParameters>
      <TT>1.6018005923567051</TT>
      <CFMAX>2.8441176455222124</CFMAX>
      <SP>0</SP>
      <SFCF>0.70318764371610232</SFCF>
      <CFR>0.085423216058185883</CFR>
      <CWH>0.16754901317708199</CWH>
      <CFGlacier>1</CFGlacier>
      <CFSlope>1</CFSlope>
      <FC>426.39001410333219</FC>
      <LP>0.59335608166855869</LP>
      <BETA>5.8391111461985652</BETA>
    </VegetationZoneParameters>
  </VegetationZone>
  <SubCatchment>
    <SubCatchmentParameters>
      <KSI>0.001</KSI>
      <KGmin>0.05</KGmin>
      <RangeKG>0.1</RangeKG>
      <AG>0.1</AG>
      <PERC>7.1098449621068065</PERC>
      <Alpha>0</Alpha>
      <UZL>61.011595460142829</UZL>
      <K0>0.16332545181981473</K0>
      <K1>0.37836112085591961</K1>
      <K2>0.058453588178955927</K2>
      <MAXBAS>1.1158113007631072</MAXBAS>
      <Cet>0</Cet>
      <PCALT>10</PCALT>
      <TCALT>0.6</TCALT>
      <Pelev>3100</Pelev>
      <Telev>3100</Telev>
      <PART>0.5</PART>
      <DELAY>1</DELAY>
    </SubCatchmentParameters>
    <SubCatchmentVegetationZone>
      <SubCatchmentVegetationZoneParameters>
        <TT>1.6018005923567051</TT>
        <CFMAX>2.8441176455222124</CFMAX>
        <SP>0</SP>
        <SFCF>0.70318764371610232</SFCF>
        <CFR>0.085423216058185883</CFR>
        <CWH>0.16754901317708199</CWH>
        <CFGlacier>1</CFGlacier>
        <CFSlope>1</CFSlope>
        <FC>426.39001410333219</FC>
        <LP>0.59335608166855869</LP>
        <BETA>5.8391111461985652</BETA>
      </SubCatchmentVegetationZoneParameters>
    </SubCatchmentVegetationZone>
  </SubCatchment>
</Catchment>