<?xml version="1.0" encoding="utf-8"?>
<Catchment xmlns:xsi="http://www.w3.org/2001/XMLSchema-instance" xmlns:xsd="http://www.w3.org/2001/XMLSchema">
  <CatchmentParameters>
    <KSI>0.001</KSI>
    <KGmin>0.05</KGmin>
    <RangeKG>0.1</RangeKG>
    <AG>0.1</AG>
    <PERC>3.1818949244732231</PERC>
    <Alpha>0</Alpha>
    <UZL>134.8763751799485</UZL>
    <K0>0.70190434473044416</K0>
    <K1>0.36059397192148612</K1>
    <K2>0.013402872206833035</K2>
    <MAXBAS>1</MAXBAS>
    <Cet>0</Cet>
    <PCALT>10</PCALT>
    <TCALT>0.6</TCALT>
    <Pelev>3100</Pelev>
    <Telev>3100</Telev>
    <PART>0.5</PART>
    <DELAY>1</DELAY>
  </CatchmentParameters>
  <VegetationZone>
    <VegetationZoneParameters>
      <TT>-1.4097278724654851</TT>
      <CFMAX>2.2976134328021214</CFMAX>
      <SP>0</SP>
      <SFCF>0.74144899072915937</SFCF>
      <CFR>0.0025728284970824261</CFR>
      <CWH>0.10000001099992081</CWH>
      <CFGlacier>1</CFGlacier>
      <CFSlope>1</CFSlope>
      <FC>764.80205735947652</FC>
      <LP>0.50284974270208571</LP>
      <BETA>2.4795588807692517</BETA>
    </VegetationZoneParameters>
  </VegetationZone>
  <SubCatchment>
    <SubCatchmentParameters>
      <KSI>0.001</KSI>
      <KGmin>0.05</KGmin>
      <RangeKG>0.1</RangeKG>
      <AG>0.1</AG>
      <PERC>3.1818949244732231</PERC>
      <Alpha>0</Alpha>
      <UZL>134.8763751799485</UZL>
      <K0>0.70190434473044416</K0>
      <K1>0.36059397192148612</K1>
      <K2>0.013402872206833035</K2>
      <MAXBAS>1</MAXBAS>
      <Cet>0</Cet>
      <PCALT>10</PCALT>
      <TCALT>0.6</TCALT>
      <Pelev>3100</Pelev>
      <Telev>3100</Telev>
      <PART>0.5</PART>
      <DELAY>1</DELAY>
    </SubCatchmentParameters>
    <SubCatchmentVegetationZone>
      <SubCatchmentVegetationZoneParameters>
        <TT>-1.4097278724654851</TT>
        <CFMAX>2.2976134328021214</CFMAX>
        <SP>0</SP>
        <SFCF>0.74144899072915937</SFCF>
        <CFR>0.0025728284970824261</CFR>
        <CWH>0.10000001099992081</CWH>
        <CFGlacier>1</CFGlacier>
        <CFSlope>1</CFSlope>
        <FC>764.80205735947652</FC>
        <LP>0.50284974270208571</LP>
        <BETA>2.4795588807692517</BETA>
      </SubCatchmentVegetationZoneParameters>
    </SubCatchmentVegetationZone>
  </SubCatchment>
</Catchment>