<?xml version="1.0" encoding="utf-8"?>
<Catchment xmlns:xsi="http://www.w3.org/2001/XMLSchema-instance" xmlns:xsd="http://www.w3.org/2001/XMLSchema">
  <CatchmentParameters>
    <KSI>0.001</KSI>
    <KGmin>0.05</KGmin>
    <RangeKG>0.1</RangeKG>
    <AG>0.1</AG>
    <PERC>7.8699898319421093</PERC>
    <Alpha>0</Alpha>
    <UZL>144.5709848971139</UZL>
    <K0>0.130047694824612</K0>
    <K1>0.31216698643787405</K1>
    <K2>0.11509532459392649</K2>
    <MAXBAS>1.9608840520594062</MAXBAS>
    <Cet>0</Cet>
    <PCALT>10</PCALT>
    <TCALT>0.6</TCALT>
    <Pelev>3100</Pelev>
    <Telev>3100</Telev>
    <PART>0.5</PART>
    <DELAY>1</DELAY>
  </CatchmentParameters>
  <VegetationZone>
    <VegetationZoneParameters>
      <TT>0.34291784557116456</TT>
      <CFMAX>4.3540443299815781</CFMAX>
      <SP>0</SP>
      <SFCF>0.96437881413785687</SFCF>
      <CFR>0.059943104754390616</CFR>
      <CWH>0.16668580061188032</CWH>
      <CFGlacier>1</CFGlacier>
      <CFSlope>1</CFSlope>
      <FC>540.34652744495429</FC>
      <LP>0.70504512904960759</LP>
      <BETA>3.7118772873412582</BETA>
    </VegetationZoneParameters>
  </VegetationZone>
  <SubCatchment>
    <SubCatchmentParameters>
      <KSI>0.001</KSI>
      <KGmin>0.05</KGmin>
      <RangeKG>0.1</RangeKG>
      <AG>0.1</AG>
      <PERC>7.8699898319421093</PERC>
      <Alpha>0</Alpha>
      <UZL>144.5709848971139</UZL>
      <K0>0.130047694824612</K0>
      <K1>0.31216698643787405</K1>
      <K2>0.11509532459392649</K2>
      <MAXBAS>1.9608840520594062</MAXBAS>
      <Cet>0</Cet>
      <PCALT>10</PCALT>
      <TCALT>0.6</TCALT>
      <Pelev>3100</Pelev>
      <Telev>3100</Telev>
      <PART>0.5</PART>
      <DELAY>1</DELAY>
    </SubCatchmentParameters>
    <SubCatchmentVegetationZone>
      <SubCatchmentVegetationZoneParameters>
        <TT>0.34291784557116456</TT>
        <CFMAX>4.3540443299815781</CFMAX>
        <SP>0</SP>
        <SFCF>0.96437881413785687</SFCF>
        <CFR>0.059943104754390616</CFR>
        <CWH>0.16668580061188032</CWH>
        <CFGlacier>1</CFGlacier>
        <CFSlope>1</CFSlope>
        <FC>540.34652744495429</FC>
        <LP>0.70504512904960759</LP>
        <BETA>3.7118772873412582</BETA>
      </SubCatchmentVegetationZoneParameters>
    </SubCatchmentVegetationZone>
  </SubCatchment>
</Catchment>