<?xml version="1.0" encoding="utf-8"?>
<Catchment xmlns:xsi="http://www.w3.org/2001/XMLSchema-instance" xmlns:xsd="http://www.w3.org/2001/XMLSchema">
  <CatchmentParameters>
    <KSI>0.001</KSI>
    <KGmin>0.05</KGmin>
    <RangeKG>0.1</RangeKG>
    <AG>0.1</AG>
    <PERC>8.205797958830626</PERC>
    <Alpha>0</Alpha>
    <UZL>68.298340325508775</UZL>
    <K0>0.49296274195708134</K0>
    <K1>0.26107419340794241</K1>
    <K2>0.098989753859313884</K2>
    <MAXBAS>1.6060573946135934</MAXBAS>
    <Cet>0</Cet>
    <PCALT>10</PCALT>
    <TCALT>0.6</TCALT>
    <Pelev>3100</Pelev>
    <Telev>3100</Telev>
    <PART>0.5</PART>
    <DELAY>1</DELAY>
  </CatchmentParameters>
  <VegetationZone>
    <VegetationZoneParameters>
      <TT>2.4746545244450466</TT>
      <CFMAX>4.5850474721399817</CFMAX>
      <SP>0</SP>
      <SFCF>0.5798975992600317</SFCF>
      <CFR>0.086563915266998651</CFR>
      <CWH>0.14704846714505737</CWH>
      <CFGlacier>1</CFGlacier>
      <CFSlope>1</CFSlope>
      <FC>205.7304360647822</FC>
      <LP>0.40233273128857855</LP>
      <BETA>5.2860254985953024</BETA>
    </VegetationZoneParameters>
  </VegetationZone>
  <SubCatchment>
    <SubCatchmentParameters>
      <KSI>0.001</KSI>
      <KGmin>0.05</KGmin>
      <RangeKG>0.1</RangeKG>
      <AG>0.1</AG>
      <PERC>8.205797958830626</PERC>
      <Alpha>0</Alpha>
      <UZL>68.298340325508775</UZL>
      <K0>0.49296274195708134</K0>
      <K1>0.26107419340794241</K1>
      <K2>0.098989753859313884</K2>
      <MAXBAS>1.6060573946135934</MAXBAS>
      <Cet>0</Cet>
      <PCALT>10</PCALT>
      <TCALT>0.6</TCALT>
      <Pelev>3100</Pelev>
      <Telev>3100</Telev>
      <PART>0.5</PART>
      <DELAY>1</DELAY>
    </SubCatchmentParameters>
    <SubCatchmentVegetationZone>
      <SubCatchmentVegetationZoneParameters>
        <TT>2.4746545244450466</TT>
        <CFMAX>4.5850474721399817</CFMAX>
        <SP>0</SP>
        <SFCF>0.5798975992600317</SFCF>
        <CFR>0.086563915266998651</CFR>
        <CWH>0.14704846714505737</CWH>
        <CFGlacier>1</CFGlacier>
        <CFSlope>1</CFSlope>
        <FC>205.7304360647822</FC>
        <LP>0.40233273128857855</LP>
        <BETA>5.2860254985953024</BETA>
      </SubCatchmentVegetationZoneParameters>
    </SubCatchmentVegetationZone>
  </SubCatchment>
</Catchment>