<?xml version="1.0" encoding="utf-8"?>
<Catchment xmlns:xsi="http://www.w3.org/2001/XMLSchema-instance" xmlns:xsd="http://www.w3.org/2001/XMLSchema">
  <CatchmentParameters>
    <KSI>0.001</KSI>
    <KGmin>0.05</KGmin>
    <RangeKG>0.1</RangeKG>
    <AG>0.1</AG>
    <PERC>5.9999953293499875</PERC>
    <Alpha>0</Alpha>
    <UZL>92.969050461368184</UZL>
    <K0>0.45270173827165772</K0>
    <K1>0.40071604929361126</K1>
    <K2>0.012307166371444314</K2>
    <MAXBAS>1</MAXBAS>
    <Cet>0</Cet>
    <PCALT>10</PCALT>
    <TCALT>0.6</TCALT>
    <Pelev>3100</Pelev>
    <Telev>3100</Telev>
    <PART>0.5</PART>
    <DELAY>1</DELAY>
  </CatchmentParameters>
  <VegetationZone>
    <VegetationZoneParameters>
      <TT>-0.19201018382211416</TT>
      <CFMAX>4.2066353189455228</CFMAX>
      <SP>0</SP>
      <SFCF>0.72449186641483154</SFCF>
      <CFR>0.051401079354714038</CFR>
      <CWH>0.10000000656660731</CWH>
      <CFGlacier>1</CFGlacier>
      <CFSlope>1</CFSlope>
      <FC>711.49684506703659</FC>
      <LP>0.53923948751007622</LP>
      <BETA>2.619091848997297</BETA>
    </VegetationZoneParameters>
  </VegetationZone>
  <SubCatchment>
    <SubCatchmentParameters>
      <KSI>0.001</KSI>
      <KGmin>0.05</KGmin>
      <RangeKG>0.1</RangeKG>
      <AG>0.1</AG>
      <PERC>5.9999953293499875</PERC>
      <Alpha>0</Alpha>
      <UZL>92.969050461368184</UZL>
      <K0>0.45270173827165772</K0>
      <K1>0.40071604929361126</K1>
      <K2>0.012307166371444314</K2>
      <MAXBAS>1</MAXBAS>
      <Cet>0</Cet>
      <PCALT>10</PCALT>
      <TCALT>0.6</TCALT>
      <Pelev>3100</Pelev>
      <Telev>3100</Telev>
      <PART>0.5</PART>
      <DELAY>1</DELAY>
    </SubCatchmentParameters>
    <SubCatchmentVegetationZone>
      <SubCatchmentVegetationZoneParameters>
        <TT>-0.19201018382211416</TT>
        <CFMAX>4.2066353189455228</CFMAX>
        <SP>0</SP>
        <SFCF>0.72449186641483154</SFCF>
        <CFR>0.051401079354714038</CFR>
        <CWH>0.10000000656660731</CWH>
        <CFGlacier>1</CFGlacier>
        <CFSlope>1</CFSlope>
        <FC>711.49684506703659</FC>
        <LP>0.53923948751007622</LP>
        <BETA>2.619091848997297</BETA>
      </SubCatchmentVegetationZoneParameters>
    </SubCatchmentVegetationZone>
  </SubCatchment>
</Catchment>