<?xml version="1.0" encoding="utf-8"?>
<Catchment xmlns:xsi="http://www.w3.org/2001/XMLSchema-instance" xmlns:xsd="http://www.w3.org/2001/XMLSchema">
  <CatchmentParameters>
    <KSI>0.001</KSI>
    <KGmin>0.05</KGmin>
    <RangeKG>0.1</RangeKG>
    <AG>0.1</AG>
    <PERC>1.6998874082303639</PERC>
    <Alpha>0</Alpha>
    <UZL>88.397932222456234</UZL>
    <K0>0.79284971380353519</K0>
    <K1>0.060144611096266433</K1>
    <K2>0.011487529202178456</K2>
    <MAXBAS>1</MAXBAS>
    <Cet>0</Cet>
    <PCALT>10</PCALT>
    <TCALT>0.6</TCALT>
    <Pelev>3100</Pelev>
    <Telev>3100</Telev>
    <PART>0.5</PART>
    <DELAY>1</DELAY>
  </CatchmentParameters>
  <VegetationZone>
    <VegetationZoneParameters>
      <TT>-0.70000067496977081</TT>
      <CFMAX>4.1068441198141921</CFMAX>
      <SP>0</SP>
      <SFCF>1.0665397542026194</SFCF>
      <CFR>0.032213880084679652</CFR>
      <CWH>0.10000009557058256</CWH>
      <CFGlacier>1</CFGlacier>
      <CFSlope>1</CFSlope>
      <FC>1232.9870190610398</FC>
      <LP>0.51700164757593314</LP>
      <BETA>3.28851954533441</BETA>
    </VegetationZoneParameters>
  </VegetationZone>
  <SubCatchment>
    <SubCatchmentParameters>
      <KSI>0.001</KSI>
      <KGmin>0.05</KGmin>
      <RangeKG>0.1</RangeKG>
      <AG>0.1</AG>
      <PERC>1.6998874082303639</PERC>
      <Alpha>0</Alpha>
      <UZL>88.397932222456234</UZL>
      <K0>0.79284971380353519</K0>
      <K1>0.060144611096266433</K1>
      <K2>0.011487529202178456</K2>
      <MAXBAS>1</MAXBAS>
      <Cet>0</Cet>
      <PCALT>10</PCALT>
      <TCALT>0.6</TCALT>
      <Pelev>3100</Pelev>
      <Telev>3100</Telev>
      <PART>0.5</PART>
      <DELAY>1</DELAY>
    </SubCatchmentParameters>
    <SubCatchmentVegetationZone>
      <SubCatchmentVegetationZoneParameters>
        <TT>-0.70000067496977081</TT>
        <CFMAX>4.1068441198141921</CFMAX>
        <SP>0</SP>
        <SFCF>1.0665397542026194</SFCF>
        <CFR>0.032213880084679652</CFR>
        <CWH>0.10000009557058256</CWH>
        <CFGlacier>1</CFGlacier>
        <CFSlope>1</CFSlope>
        <FC>1232.9870190610398</FC>
        <LP>0.51700164757593314</LP>
        <BETA>3.28851954533441</BETA>
      </SubCatchmentVegetationZoneParameters>
    </SubCatchmentVegetationZone>
  </SubCatchment>
</Catchment>