<?xml version="1.0" encoding="utf-8"?>
<Catchment xmlns:xsi="http://www.w3.org/2001/XMLSchema-instance" xmlns:xsd="http://www.w3.org/2001/XMLSchema">
  <CatchmentParameters>
    <KSI>0.001</KSI>
    <KGmin>0.05</KGmin>
    <RangeKG>0.1</RangeKG>
    <AG>0.1</AG>
    <PERC>7.4176620346754589</PERC>
    <Alpha>0</Alpha>
    <UZL>85.177238443117758</UZL>
    <K0>0.29596062033859716</K0>
    <K1>0.47075458307784346</K1>
    <K2>0.1082321408953236</K2>
    <MAXBAS>1.0284272902724494</MAXBAS>
    <Cet>0</Cet>
    <PCALT>10</PCALT>
    <TCALT>0.6</TCALT>
    <Pelev>3100</Pelev>
    <Telev>3100</Telev>
    <PART>0.5</PART>
    <DELAY>1</DELAY>
  </CatchmentParameters>
  <VegetationZone>
    <VegetationZoneParameters>
      <TT>2.260572149882393</TT>
      <CFMAX>4.6303481950669827</CFMAX>
      <SP>0</SP>
      <SFCF>0.68461288323607827</SFCF>
      <CFR>0.061081071632162809</CFR>
      <CWH>0.14820029806571305</CWH>
      <CFGlacier>1</CFGlacier>
      <CFSlope>1</CFSlope>
      <FC>613.1602142156928</FC>
      <LP>0.61895060758554932</LP>
      <BETA>4.5841357040402695</BETA>
    </VegetationZoneParameters>
  </VegetationZone>
  <SubCatchment>
    <SubCatchmentParameters>
      <KSI>0.001</KSI>
      <KGmin>0.05</KGmin>
      <RangeKG>0.1</RangeKG>
      <AG>0.1</AG>
      <PERC>7.4176620346754589</PERC>
      <Alpha>0</Alpha>
      <UZL>85.177238443117758</UZL>
      <K0>0.29596062033859716</K0>
      <K1>0.47075458307784346</K1>
      <K2>0.1082321408953236</K2>
      <MAXBAS>1.0284272902724494</MAXBAS>
      <Cet>0</Cet>
      <PCALT>10</PCALT>
      <TCALT>0.6</TCALT>
      <Pelev>3100</Pelev>
      <Telev>3100</Telev>
      <PART>0.5</PART>
      <DELAY>1</DELAY>
    </SubCatchmentParameters>
    <SubCatchmentVegetationZone>
      <SubCatchmentVegetationZoneParameters>
        <TT>2.260572149882393</TT>
        <CFMAX>4.6303481950669827</CFMAX>
        <SP>0</SP>
        <SFCF>0.68461288323607827</SFCF>
        <CFR>0.061081071632162809</CFR>
        <CWH>0.14820029806571305</CWH>
        <CFGlacier>1</CFGlacier>
        <CFSlope>1</CFSlope>
        <FC>613.1602142156928</FC>
        <LP>0.61895060758554932</LP>
        <BETA>4.5841357040402695</BETA>
      </SubCatchmentVegetationZoneParameters>
    </SubCatchmentVegetationZone>
  </SubCatchment>
</Catchment>