<?xml version="1.0" encoding="utf-8"?>
<Catchment xmlns:xsi="http://www.w3.org/2001/XMLSchema-instance" xmlns:xsd="http://www.w3.org/2001/XMLSchema">
  <CatchmentParameters>
    <KSI>0.001</KSI>
    <KGmin>0.05</KGmin>
    <RangeKG>0.1</RangeKG>
    <AG>0.1</AG>
    <PERC>9.7772491168865052</PERC>
    <Alpha>0</Alpha>
    <UZL>173.18438907673504</UZL>
    <K0>0.54613377604270152</K0>
    <K1>0.092292984756731769</K1>
    <K2>0.0674722927649979</K2>
    <MAXBAS>1.430547067092748</MAXBAS>
    <Cet>0</Cet>
    <PCALT>10</PCALT>
    <TCALT>0.6</TCALT>
    <Pelev>3100</Pelev>
    <Telev>3100</Telev>
    <PART>0.5</PART>
    <DELAY>1</DELAY>
  </CatchmentParameters>
  <VegetationZone>
    <VegetationZoneParameters>
      <TT>1.6866933151439492</TT>
      <CFMAX>4.2895200285248425</CFMAX>
      <SP>0</SP>
      <SFCF>0.62042404594372746</SFCF>
      <CFR>0.026952289319345554</CFR>
      <CWH>0.18105188117366444</CWH>
      <CFGlacier>1</CFGlacier>
      <CFSlope>1</CFSlope>
      <FC>630.9029596233645</FC>
      <LP>0.31681922496484616</LP>
      <BETA>5.5693709941596783</BETA>
    </VegetationZoneParameters>
  </VegetationZone>
  <SubCatchment>
    <SubCatchmentParameters>
      <KSI>0.001</KSI>
      <KGmin>0.05</KGmin>
      <RangeKG>0.1</RangeKG>
      <AG>0.1</AG>
      <PERC>9.7772491168865052</PERC>
      <Alpha>0</Alpha>
      <UZL>173.18438907673504</UZL>
      <K0>0.54613377604270152</K0>
      <K1>0.092292984756731769</K1>
      <K2>0.0674722927649979</K2>
      <MAXBAS>1.430547067092748</MAXBAS>
      <Cet>0</Cet>
      <PCALT>10</PCALT>
      <TCALT>0.6</TCALT>
      <Pelev>3100</Pelev>
      <Telev>3100</Telev>
      <PART>0.5</PART>
      <DELAY>1</DELAY>
    </SubCatchmentParameters>
    <SubCatchmentVegetationZone>
      <SubCatchmentVegetationZoneParameters>
        <TT>1.6866933151439492</TT>
        <CFMAX>4.2895200285248425</CFMAX>
        <SP>0</SP>
        <SFCF>0.62042404594372746</SFCF>
        <CFR>0.026952289319345554</CFR>
        <CWH>0.18105188117366444</CWH>
        <CFGlacier>1</CFGlacier>
        <CFSlope>1</CFSlope>
        <FC>630.9029596233645</FC>
        <LP>0.31681922496484616</LP>
        <BETA>5.5693709941596783</BETA>
      </SubCatchmentVegetationZoneParameters>
    </SubCatchmentVegetationZone>
  </SubCatchment>
</Catchment>