<?xml version="1.0" encoding="utf-8"?>
<Catchment xmlns:xsi="http://www.w3.org/2001/XMLSchema-instance" xmlns:xsd="http://www.w3.org/2001/XMLSchema">
  <CatchmentParameters>
    <KSI>0.001</KSI>
    <KGmin>0.05</KGmin>
    <RangeKG>0.1</RangeKG>
    <AG>0.1</AG>
    <PERC>4.3438072287289762</PERC>
    <Alpha>0</Alpha>
    <UZL>57.501825260701239</UZL>
    <K0>0.48530603934513034</K0>
    <K1>0.21895839828543276</K1>
    <K2>0.012384986821353153</K2>
    <MAXBAS>1</MAXBAS>
    <Cet>0</Cet>
    <PCALT>10</PCALT>
    <TCALT>0.6</TCALT>
    <Pelev>3100</Pelev>
    <Telev>3100</Telev>
    <PART>0.5</PART>
    <DELAY>1</DELAY>
  </CatchmentParameters>
  <VegetationZone>
    <VegetationZoneParameters>
      <TT>-0.70000126136116381</TT>
      <CFMAX>3.9814311648804281</CFMAX>
      <SP>0</SP>
      <SFCF>0.95506036398253091</SFCF>
      <CFR>0.028700918823979925</CFR>
      <CWH>0.1000000043889267</CWH>
      <CFGlacier>1</CFGlacier>
      <CFSlope>1</CFSlope>
      <FC>1023.7630666261943</FC>
      <LP>0.56241179009754472</LP>
      <BETA>3.296812913025652</BETA>
    </VegetationZoneParameters>
  </VegetationZone>
  <SubCatchment>
    <SubCatchmentParameters>
      <KSI>0.001</KSI>
      <KGmin>0.05</KGmin>
      <RangeKG>0.1</RangeKG>
      <AG>0.1</AG>
      <PERC>4.3438072287289762</PERC>
      <Alpha>0</Alpha>
      <UZL>57.501825260701239</UZL>
      <K0>0.48530603934513034</K0>
      <K1>0.21895839828543276</K1>
      <K2>0.012384986821353153</K2>
      <MAXBAS>1</MAXBAS>
      <Cet>0</Cet>
      <PCALT>10</PCALT>
      <TCALT>0.6</TCALT>
      <Pelev>3100</Pelev>
      <Telev>3100</Telev>
      <PART>0.5</PART>
      <DELAY>1</DELAY>
    </SubCatchmentParameters>
    <SubCatchmentVegetationZone>
      <SubCatchmentVegetationZoneParameters>
        <TT>-0.70000126136116381</TT>
        <CFMAX>3.9814311648804281</CFMAX>
        <SP>0</SP>
        <SFCF>0.95506036398253091</SFCF>
        <CFR>0.028700918823979925</CFR>
        <CWH>0.1000000043889267</CWH>
        <CFGlacier>1</CFGlacier>
        <CFSlope>1</CFSlope>
        <FC>1023.7630666261943</FC>
        <LP>0.56241179009754472</LP>
        <BETA>3.296812913025652</BETA>
      </SubCatchmentVegetationZoneParameters>
    </SubCatchmentVegetationZone>
  </SubCatchment>
</Catchment>