<?xml version="1.0" encoding="utf-8"?>
<Catchment xmlns:xsi="http://www.w3.org/2001/XMLSchema-instance" xmlns:xsd="http://www.w3.org/2001/XMLSchema">
  <CatchmentParameters>
    <KSI>0.001</KSI>
    <KGmin>0.05</KGmin>
    <RangeKG>0.1</RangeKG>
    <AG>0.1</AG>
    <PERC>2.5103203159113257</PERC>
    <Alpha>0</Alpha>
    <UZL>62.331758242671114</UZL>
    <K0>0.53702120353488481</K0>
    <K1>0.07453557787357383</K1>
    <K2>0.011391483326728187</K2>
    <MAXBAS>1</MAXBAS>
    <Cet>0</Cet>
    <PCALT>10</PCALT>
    <TCALT>0.6</TCALT>
    <Pelev>3100</Pelev>
    <Telev>3100</Telev>
    <PART>0.5</PART>
    <DELAY>1</DELAY>
  </CatchmentParameters>
  <VegetationZone>
    <VegetationZoneParameters>
      <TT>0.33834665057784424</TT>
      <CFMAX>4.2006022414341011</CFMAX>
      <SP>0</SP>
      <SFCF>0.79389647777995609</SFCF>
      <CFR>0.015563014731318228</CFR>
      <CWH>0.10000007433763555</CWH>
      <CFGlacier>1</CFGlacier>
      <CFSlope>1</CFSlope>
      <FC>774.46110534942568</FC>
      <LP>0.56020559820861682</LP>
      <BETA>2.9766930441377761</BETA>
    </VegetationZoneParameters>
  </VegetationZone>
  <SubCatchment>
    <SubCatchmentParameters>
      <KSI>0.001</KSI>
      <KGmin>0.05</KGmin>
      <RangeKG>0.1</RangeKG>
      <AG>0.1</AG>
      <PERC>2.5103203159113257</PERC>
      <Alpha>0</Alpha>
      <UZL>62.331758242671114</UZL>
      <K0>0.53702120353488481</K0>
      <K1>0.07453557787357383</K1>
      <K2>0.011391483326728187</K2>
      <MAXBAS>1</MAXBAS>
      <Cet>0</Cet>
      <PCALT>10</PCALT>
      <TCALT>0.6</TCALT>
      <Pelev>3100</Pelev>
      <Telev>3100</Telev>
      <PART>0.5</PART>
      <DELAY>1</DELAY>
    </SubCatchmentParameters>
    <SubCatchmentVegetationZone>
      <SubCatchmentVegetationZoneParameters>
        <TT>0.33834665057784424</TT>
        <CFMAX>4.2006022414341011</CFMAX>
        <SP>0</SP>
        <SFCF>0.79389647777995609</SFCF>
        <CFR>0.015563014731318228</CFR>
        <CWH>0.10000007433763555</CWH>
        <CFGlacier>1</CFGlacier>
        <CFSlope>1</CFSlope>
        <FC>774.46110534942568</FC>
        <LP>0.56020559820861682</LP>
        <BETA>2.9766930441377761</BETA>
      </SubCatchmentVegetationZoneParameters>
    </SubCatchmentVegetationZone>
  </SubCatchment>
</Catchment>