<?xml version="1.0" encoding="utf-8"?>
<Catchment xmlns:xsi="http://www.w3.org/2001/XMLSchema-instance" xmlns:xsd="http://www.w3.org/2001/XMLSchema">
  <CatchmentParameters>
    <KSI>0.001</KSI>
    <KGmin>0.05</KGmin>
    <RangeKG>0.1</RangeKG>
    <AG>0.1</AG>
    <PERC>5.2206274337162331</PERC>
    <Alpha>0</Alpha>
    <UZL>109.00044991445627</UZL>
    <K0>0.35425863778561895</K0>
    <K1>0.238296874225088</K1>
    <K2>0.064671168069903973</K2>
    <MAXBAS>1.9126861965321202</MAXBAS>
    <Cet>0</Cet>
    <PCALT>10</PCALT>
    <TCALT>0.6</TCALT>
    <Pelev>3100</Pelev>
    <Telev>3100</Telev>
    <PART>0.5</PART>
    <DELAY>1</DELAY>
  </CatchmentParameters>
  <VegetationZone>
    <VegetationZoneParameters>
      <TT>2.311295134847386</TT>
      <CFMAX>3.3082307476266894</CFMAX>
      <SP>0</SP>
      <SFCF>0.72326360369103126</SFCF>
      <CFR>0.053134498705920678</CFR>
      <CWH>0.11651217772235933</CWH>
      <CFGlacier>1</CFGlacier>
      <CFSlope>1</CFSlope>
      <FC>672.53613372905454</FC>
      <LP>0.61337177853800084</LP>
      <BETA>5.3692631280948877</BETA>
    </VegetationZoneParameters>
  </VegetationZone>
  <SubCatchment>
    <SubCatchmentParameters>
      <KSI>0.001</KSI>
      <KGmin>0.05</KGmin>
      <RangeKG>0.1</RangeKG>
      <AG>0.1</AG>
      <PERC>5.2206274337162331</PERC>
      <Alpha>0</Alpha>
      <UZL>109.00044991445627</UZL>
      <K0>0.35425863778561895</K0>
      <K1>0.238296874225088</K1>
      <K2>0.064671168069903973</K2>
      <MAXBAS>1.9126861965321202</MAXBAS>
      <Cet>0</Cet>
      <PCALT>10</PCALT>
      <TCALT>0.6</TCALT>
      <Pelev>3100</Pelev>
      <Telev>3100</Telev>
      <PART>0.5</PART>
      <DELAY>1</DELAY>
    </SubCatchmentParameters>
    <SubCatchmentVegetationZone>
      <SubCatchmentVegetationZoneParameters>
        <TT>2.311295134847386</TT>
        <CFMAX>3.3082307476266894</CFMAX>
        <SP>0</SP>
        <SFCF>0.72326360369103126</SFCF>
        <CFR>0.053134498705920678</CFR>
        <CWH>0.11651217772235933</CWH>
        <CFGlacier>1</CFGlacier>
        <CFSlope>1</CFSlope>
        <FC>672.53613372905454</FC>
        <LP>0.61337177853800084</LP>
        <BETA>5.3692631280948877</BETA>
      </SubCatchmentVegetationZoneParameters>
    </SubCatchmentVegetationZone>
  </SubCatchment>
</Catchment>