<?xml version="1.0" encoding="utf-8"?>
<Catchment xmlns:xsi="http://www.w3.org/2001/XMLSchema-instance" xmlns:xsd="http://www.w3.org/2001/XMLSchema">
  <CatchmentParameters>
    <KSI>0.001</KSI>
    <KGmin>0.05</KGmin>
    <RangeKG>0.1</RangeKG>
    <AG>0.1</AG>
    <PERC>2.2819848921463315</PERC>
    <Alpha>0</Alpha>
    <UZL>162.61880219403668</UZL>
    <K0>0.44934892966231105</K0>
    <K1>0.12055161809424991</K1>
    <K2>0.012401274726396863</K2>
    <MAXBAS>1</MAXBAS>
    <Cet>0</Cet>
    <PCALT>10</PCALT>
    <TCALT>0.6</TCALT>
    <Pelev>3100</Pelev>
    <Telev>3100</Telev>
    <PART>0.5</PART>
    <DELAY>1</DELAY>
  </CatchmentParameters>
  <VegetationZone>
    <VegetationZoneParameters>
      <TT>-1.7564216688682606</TT>
      <CFMAX>2.4232290012248145</CFMAX>
      <SP>0</SP>
      <SFCF>0.88032489341124931</SFCF>
      <CFR>0.052198821130306342</CFR>
      <CWH>0.10001138253456746</CWH>
      <CFGlacier>1</CFGlacier>
      <CFSlope>1</CFSlope>
      <FC>958.15594645685917</FC>
      <LP>0.46038691592355752</LP>
      <BETA>2.4873852175610236</BETA>
    </VegetationZoneParameters>
  </VegetationZone>
  <SubCatchment>
    <SubCatchmentParameters>
      <KSI>0.001</KSI>
      <KGmin>0.05</KGmin>
      <RangeKG>0.1</RangeKG>
      <AG>0.1</AG>
      <PERC>2.2819848921463315</PERC>
      <Alpha>0</Alpha>
      <UZL>162.61880219403668</UZL>
      <K0>0.44934892966231105</K0>
      <K1>0.12055161809424991</K1>
      <K2>0.012401274726396863</K2>
      <MAXBAS>1</MAXBAS>
      <Cet>0</Cet>
      <PCALT>10</PCALT>
      <TCALT>0.6</TCALT>
      <Pelev>3100</Pelev>
      <Telev>3100</Telev>
      <PART>0.5</PART>
      <DELAY>1</DELAY>
    </SubCatchmentParameters>
    <SubCatchmentVegetationZone>
      <SubCatchmentVegetationZoneParameters>
        <TT>-1.7564216688682606</TT>
        <CFMAX>2.4232290012248145</CFMAX>
        <SP>0</SP>
        <SFCF>0.88032489341124931</SFCF>
        <CFR>0.052198821130306342</CFR>
        <CWH>0.10001138253456746</CWH>
        <CFGlacier>1</CFGlacier>
        <CFSlope>1</CFSlope>
        <FC>958.15594645685917</FC>
        <LP>0.46038691592355752</LP>
        <BETA>2.4873852175610236</BETA>
      </SubCatchmentVegetationZoneParameters>
    </SubCatchmentVegetationZone>
  </SubCatchment>
</Catchment>