<?xml version="1.0" encoding="utf-8"?>
<Catchment xmlns:xsi="http://www.w3.org/2001/XMLSchema-instance" xmlns:xsd="http://www.w3.org/2001/XMLSchema">
  <CatchmentParameters>
    <KSI>0.001</KSI>
    <KGmin>0.05</KGmin>
    <RangeKG>0.1</RangeKG>
    <AG>0.1</AG>
    <PERC>7.4000773267973869</PERC>
    <Alpha>0</Alpha>
    <UZL>77.097219421260036</UZL>
    <K0>0.057210045482049887</K0>
    <K1>0.35019274375221393</K1>
    <K2>0.085138893933511844</K2>
    <MAXBAS>1.1613317904695064</MAXBAS>
    <Cet>0</Cet>
    <PCALT>10</PCALT>
    <TCALT>0.6</TCALT>
    <Pelev>3100</Pelev>
    <Telev>3100</Telev>
    <PART>0.5</PART>
    <DELAY>1</DELAY>
  </CatchmentParameters>
  <VegetationZone>
    <VegetationZoneParameters>
      <TT>2.2118680860569691</TT>
      <CFMAX>4.3102846719733217</CFMAX>
      <SP>0</SP>
      <SFCF>0.66367158274482219</SFCF>
      <CFR>0.058620755926971184</CFR>
      <CWH>0.15184718527964763</CWH>
      <CFGlacier>1</CFGlacier>
      <CFSlope>1</CFSlope>
      <FC>318.19071788773761</FC>
      <LP>0.79821542942560841</LP>
      <BETA>4.1645570673982748</BETA>
    </VegetationZoneParameters>
  </VegetationZone>
  <SubCatchment>
    <SubCatchmentParameters>
      <KSI>0.001</KSI>
      <KGmin>0.05</KGmin>
      <RangeKG>0.1</RangeKG>
      <AG>0.1</AG>
      <PERC>7.4000773267973869</PERC>
      <Alpha>0</Alpha>
      <UZL>77.097219421260036</UZL>
      <K0>0.057210045482049887</K0>
      <K1>0.35019274375221393</K1>
      <K2>0.085138893933511844</K2>
      <MAXBAS>1.1613317904695064</MAXBAS>
      <Cet>0</Cet>
      <PCALT>10</PCALT>
      <TCALT>0.6</TCALT>
      <Pelev>3100</Pelev>
      <Telev>3100</Telev>
      <PART>0.5</PART>
      <DELAY>1</DELAY>
    </SubCatchmentParameters>
    <SubCatchmentVegetationZone>
      <SubCatchmentVegetationZoneParameters>
        <TT>2.2118680860569691</TT>
        <CFMAX>4.3102846719733217</CFMAX>
        <SP>0</SP>
        <SFCF>0.66367158274482219</SFCF>
        <CFR>0.058620755926971184</CFR>
        <CWH>0.15184718527964763</CWH>
        <CFGlacier>1</CFGlacier>
        <CFSlope>1</CFSlope>
        <FC>318.19071788773761</FC>
        <LP>0.79821542942560841</LP>
        <BETA>4.1645570673982748</BETA>
      </SubCatchmentVegetationZoneParameters>
    </SubCatchmentVegetationZone>
  </SubCatchment>
</Catchment>