<?xml version="1.0" encoding="utf-8"?>
<Catchment xmlns:xsi="http://www.w3.org/2001/XMLSchema-instance" xmlns:xsd="http://www.w3.org/2001/XMLSchema">
  <CatchmentParameters>
    <KSI>0.001</KSI>
    <KGmin>0.05</KGmin>
    <RangeKG>0.1</RangeKG>
    <AG>0.1</AG>
    <PERC>3.4339912959686272</PERC>
    <Alpha>0</Alpha>
    <UZL>84.12771123344082</UZL>
    <K0>0.27703585207537879</K0>
    <K1>0.16958676533887027</K1>
    <K2>0.010989381508527218</K2>
    <MAXBAS>1</MAXBAS>
    <Cet>0</Cet>
    <PCALT>10</PCALT>
    <TCALT>0.6</TCALT>
    <Pelev>3100</Pelev>
    <Telev>3100</Telev>
    <PART>0.5</PART>
    <DELAY>1</DELAY>
  </CatchmentParameters>
  <VegetationZone>
    <VegetationZoneParameters>
      <TT>-0.71393912235784451</TT>
      <CFMAX>3.4319984997013164</CFMAX>
      <SP>0</SP>
      <SFCF>0.87994098757969375</SFCF>
      <CFR>0.03284853389811529</CFR>
      <CWH>0.10322472826865459</CWH>
      <CFGlacier>1</CFGlacier>
      <CFSlope>1</CFSlope>
      <FC>862.33980556113136</FC>
      <LP>0.52324532407339985</LP>
      <BETA>2.9406373010611584</BETA>
    </VegetationZoneParameters>
  </VegetationZone>
  <SubCatchment>
    <SubCatchmentParameters>
      <KSI>0.001</KSI>
      <KGmin>0.05</KGmin>
      <RangeKG>0.1</RangeKG>
      <AG>0.1</AG>
      <PERC>3.4339912959686272</PERC>
      <Alpha>0</Alpha>
      <UZL>84.12771123344082</UZL>
      <K0>0.27703585207537879</K0>
      <K1>0.16958676533887027</K1>
      <K2>0.010989381508527218</K2>
      <MAXBAS>1</MAXBAS>
      <Cet>0</Cet>
      <PCALT>10</PCALT>
      <TCALT>0.6</TCALT>
      <Pelev>3100</Pelev>
      <Telev>3100</Telev>
      <PART>0.5</PART>
      <DELAY>1</DELAY>
    </SubCatchmentParameters>
    <SubCatchmentVegetationZone>
      <SubCatchmentVegetationZoneParameters>
        <TT>-0.71393912235784451</TT>
        <CFMAX>3.4319984997013164</CFMAX>
        <SP>0</SP>
        <SFCF>0.87994098757969375</SFCF>
        <CFR>0.03284853389811529</CFR>
        <CWH>0.10322472826865459</CWH>
        <CFGlacier>1</CFGlacier>
        <CFSlope>1</CFSlope>
        <FC>862.33980556113136</FC>
        <LP>0.52324532407339985</LP>
        <BETA>2.9406373010611584</BETA>
      </SubCatchmentVegetationZoneParameters>
    </SubCatchmentVegetationZone>
  </SubCatchment>
</Catchment>