<?xml version="1.0" encoding="utf-8"?>
<Catchment xmlns:xsi="http://www.w3.org/2001/XMLSchema-instance" xmlns:xsd="http://www.w3.org/2001/XMLSchema">
  <CatchmentParameters>
    <KSI>0.001</KSI>
    <KGmin>0.05</KGmin>
    <RangeKG>0.1</RangeKG>
    <AG>0.1</AG>
    <PERC>4.5138636473494493</PERC>
    <Alpha>0</Alpha>
    <UZL>76.4696875968877</UZL>
    <K0>0.29454284060640057</K0>
    <K1>0.43226149142801151</K1>
    <K2>0.02647255428637918</K2>
    <MAXBAS>1.5936044786338737</MAXBAS>
    <Cet>0</Cet>
    <PCALT>10</PCALT>
    <TCALT>0.6</TCALT>
    <Pelev>3100</Pelev>
    <Telev>3100</Telev>
    <PART>0.5</PART>
    <DELAY>1</DELAY>
  </CatchmentParameters>
  <VegetationZone>
    <VegetationZoneParameters>
      <TT>1.641111878631081</TT>
      <CFMAX>4.5598505374789271</CFMAX>
      <SP>0</SP>
      <SFCF>0.95717157974031963</SFCF>
      <CFR>0.034408632140128834</CFR>
      <CWH>0.12802002000784446</CWH>
      <CFGlacier>1</CFGlacier>
      <CFSlope>1</CFSlope>
      <FC>193.28068308715567</FC>
      <LP>0.35402932538517856</LP>
      <BETA>5.3900079974650268</BETA>
    </VegetationZoneParameters>
  </VegetationZone>
  <SubCatchment>
    <SubCatchmentParameters>
      <KSI>0.001</KSI>
      <KGmin>0.05</KGmin>
      <RangeKG>0.1</RangeKG>
      <AG>0.1</AG>
      <PERC>4.5138636473494493</PERC>
      <Alpha>0</Alpha>
      <UZL>76.4696875968877</UZL>
      <K0>0.29454284060640057</K0>
      <K1>0.43226149142801151</K1>
      <K2>0.02647255428637918</K2>
      <MAXBAS>1.5936044786338737</MAXBAS>
      <Cet>0</Cet>
      <PCALT>10</PCALT>
      <TCALT>0.6</TCALT>
      <Pelev>3100</Pelev>
      <Telev>3100</Telev>
      <PART>0.5</PART>
      <DELAY>1</DELAY>
    </SubCatchmentParameters>
    <SubCatchmentVegetationZone>
      <SubCatchmentVegetationZoneParameters>
        <TT>1.641111878631081</TT>
        <CFMAX>4.5598505374789271</CFMAX>
        <SP>0</SP>
        <SFCF>0.95717157974031963</SFCF>
        <CFR>0.034408632140128834</CFR>
        <CWH>0.12802002000784446</CWH>
        <CFGlacier>1</CFGlacier>
        <CFSlope>1</CFSlope>
        <FC>193.28068308715567</FC>
        <LP>0.35402932538517856</LP>
        <BETA>5.3900079974650268</BETA>
      </SubCatchmentVegetationZoneParameters>
    </SubCatchmentVegetationZone>
  </SubCatchment>
</Catchment>