<?xml version="1.0" encoding="utf-8"?>
<Catchment xmlns:xsi="http://www.w3.org/2001/XMLSchema-instance" xmlns:xsd="http://www.w3.org/2001/XMLSchema">
  <CatchmentParameters>
    <KSI>0.001</KSI>
    <KGmin>0.05</KGmin>
    <RangeKG>0.1</RangeKG>
    <AG>0.1</AG>
    <PERC>5.80400601296657</PERC>
    <Alpha>0</Alpha>
    <UZL>89.8381547898676</UZL>
    <K0>0.530095923604074</K0>
    <K1>0.12353032170052826</K1>
    <K2>0.031575784419330649</K2>
    <MAXBAS>1.9954004500666485</MAXBAS>
    <Cet>0</Cet>
    <PCALT>10</PCALT>
    <TCALT>0.6</TCALT>
    <Pelev>3100</Pelev>
    <Telev>3100</Telev>
    <PART>0.5</PART>
    <DELAY>1</DELAY>
  </CatchmentParameters>
  <VegetationZone>
    <VegetationZoneParameters>
      <TT>1.7381081415653221</TT>
      <CFMAX>4.5732104524641617</CFMAX>
      <SP>0</SP>
      <SFCF>0.89426098149173561</SFCF>
      <CFR>0.037670407959939867</CFR>
      <CWH>0.16887246669800013</CWH>
      <CFGlacier>1</CFGlacier>
      <CFSlope>1</CFSlope>
      <FC>648.46534458619146</FC>
      <LP>0.62766291932101892</LP>
      <BETA>5.9281849326131493</BETA>
    </VegetationZoneParameters>
  </VegetationZone>
  <SubCatchment>
    <SubCatchmentParameters>
      <KSI>0.001</KSI>
      <KGmin>0.05</KGmin>
      <RangeKG>0.1</RangeKG>
      <AG>0.1</AG>
      <PERC>5.80400601296657</PERC>
      <Alpha>0</Alpha>
      <UZL>89.8381547898676</UZL>
      <K0>0.530095923604074</K0>
      <K1>0.12353032170052826</K1>
      <K2>0.031575784419330649</K2>
      <MAXBAS>1.9954004500666485</MAXBAS>
      <Cet>0</Cet>
      <PCALT>10</PCALT>
      <TCALT>0.6</TCALT>
      <Pelev>3100</Pelev>
      <Telev>3100</Telev>
      <PART>0.5</PART>
      <DELAY>1</DELAY>
    </SubCatchmentParameters>
    <SubCatchmentVegetationZone>
      <SubCatchmentVegetationZoneParameters>
        <TT>1.7381081415653221</TT>
        <CFMAX>4.5732104524641617</CFMAX>
        <SP>0</SP>
        <SFCF>0.89426098149173561</SFCF>
        <CFR>0.037670407959939867</CFR>
        <CWH>0.16887246669800013</CWH>
        <CFGlacier>1</CFGlacier>
        <CFSlope>1</CFSlope>
        <FC>648.46534458619146</FC>
        <LP>0.62766291932101892</LP>
        <BETA>5.9281849326131493</BETA>
      </SubCatchmentVegetationZoneParameters>
    </SubCatchmentVegetationZone>
  </SubCatchment>
</Catchment>