<?xml version="1.0" encoding="utf-8"?>
<Catchment xmlns:xsi="http://www.w3.org/2001/XMLSchema-instance" xmlns:xsd="http://www.w3.org/2001/XMLSchema">
  <CatchmentParameters>
    <KSI>0.001</KSI>
    <KGmin>0.05</KGmin>
    <RangeKG>0.1</RangeKG>
    <AG>0.1</AG>
    <PERC>1.8712035287190085</PERC>
    <Alpha>0</Alpha>
    <UZL>53.444655547508852</UZL>
    <K0>0.050395258066144269</K0>
    <K1>0.0874789701910273</K1>
    <K2>0.012099559774542005</K2>
    <MAXBAS>1</MAXBAS>
    <Cet>0</Cet>
    <PCALT>10</PCALT>
    <TCALT>0.6</TCALT>
    <Pelev>3100</Pelev>
    <Telev>3100</Telev>
    <PART>0.5</PART>
    <DELAY>1</DELAY>
  </CatchmentParameters>
  <VegetationZone>
    <VegetationZoneParameters>
      <TT>-1.9738401201537021</TT>
      <CFMAX>2.2481285874861014</CFMAX>
      <SP>0</SP>
      <SFCF>0.86874964452392689</SFCF>
      <CFR>0.073742750197148307</CFR>
      <CWH>0.13077987955324949</CWH>
      <CFGlacier>1</CFGlacier>
      <CFSlope>1</CFSlope>
      <FC>972.22441788688741</FC>
      <LP>0.41922511123853395</LP>
      <BETA>2.2581171296364939</BETA>
    </VegetationZoneParameters>
  </VegetationZone>
  <SubCatchment>
    <SubCatchmentParameters>
      <KSI>0.001</KSI>
      <KGmin>0.05</KGmin>
      <RangeKG>0.1</RangeKG>
      <AG>0.1</AG>
      <PERC>1.8712035287190085</PERC>
      <Alpha>0</Alpha>
      <UZL>53.444655547508852</UZL>
      <K0>0.050395258066144269</K0>
      <K1>0.0874789701910273</K1>
      <K2>0.012099559774542005</K2>
      <MAXBAS>1</MAXBAS>
      <Cet>0</Cet>
      <PCALT>10</PCALT>
      <TCALT>0.6</TCALT>
      <Pelev>3100</Pelev>
      <Telev>3100</Telev>
      <PART>0.5</PART>
      <DELAY>1</DELAY>
    </SubCatchmentParameters>
    <SubCatchmentVegetationZone>
      <SubCatchmentVegetationZoneParameters>
        <TT>-1.9738401201537021</TT>
        <CFMAX>2.2481285874861014</CFMAX>
        <SP>0</SP>
        <SFCF>0.86874964452392689</SFCF>
        <CFR>0.073742750197148307</CFR>
        <CWH>0.13077987955324949</CWH>
        <CFGlacier>1</CFGlacier>
        <CFSlope>1</CFSlope>
        <FC>972.22441788688741</FC>
        <LP>0.41922511123853395</LP>
        <BETA>2.2581171296364939</BETA>
      </SubCatchmentVegetationZoneParameters>
    </SubCatchmentVegetationZone>
  </SubCatchment>
</Catchment>