<?xml version="1.0" encoding="utf-8"?>
<Catchment xmlns:xsi="http://www.w3.org/2001/XMLSchema-instance" xmlns:xsd="http://www.w3.org/2001/XMLSchema">
  <CatchmentParameters>
    <KSI>0.001</KSI>
    <KGmin>0.05</KGmin>
    <RangeKG>0.1</RangeKG>
    <AG>0.1</AG>
    <PERC>3.0089187064417593</PERC>
    <Alpha>0</Alpha>
    <UZL>111.25813834359769</UZL>
    <K0>0.3889745450238084</K0>
    <K1>0.38619009118235315</K1>
    <K2>0.023275420860168788</K2>
    <MAXBAS>2.0088329043200175</MAXBAS>
    <Cet>0</Cet>
    <PCALT>10</PCALT>
    <TCALT>0.6</TCALT>
    <Pelev>3100</Pelev>
    <Telev>3100</Telev>
    <PART>0.5</PART>
    <DELAY>1</DELAY>
  </CatchmentParameters>
  <VegetationZone>
    <VegetationZoneParameters>
      <TT>1.9530242075300808</TT>
      <CFMAX>4.1120149069328589</CFMAX>
      <SP>0</SP>
      <SFCF>0.60424759033530118</SFCF>
      <CFR>0.073537527860567081</CFR>
      <CWH>0.14895637862460948</CWH>
      <CFGlacier>1</CFGlacier>
      <CFSlope>1</CFSlope>
      <FC>636.37867077426642</FC>
      <LP>0.6492685885074494</LP>
      <BETA>5.0785385829284362</BETA>
    </VegetationZoneParameters>
  </VegetationZone>
  <SubCatchment>
    <SubCatchmentParameters>
      <KSI>0.001</KSI>
      <KGmin>0.05</KGmin>
      <RangeKG>0.1</RangeKG>
      <AG>0.1</AG>
      <PERC>3.0089187064417593</PERC>
      <Alpha>0</Alpha>
      <UZL>111.25813834359769</UZL>
      <K0>0.3889745450238084</K0>
      <K1>0.38619009118235315</K1>
      <K2>0.023275420860168788</K2>
      <MAXBAS>2.0088329043200175</MAXBAS>
      <Cet>0</Cet>
      <PCALT>10</PCALT>
      <TCALT>0.6</TCALT>
      <Pelev>3100</Pelev>
      <Telev>3100</Telev>
      <PART>0.5</PART>
      <DELAY>1</DELAY>
    </SubCatchmentParameters>
    <SubCatchmentVegetationZone>
      <SubCatchmentVegetationZoneParameters>
        <TT>1.9530242075300808</TT>
        <CFMAX>4.1120149069328589</CFMAX>
        <SP>0</SP>
        <SFCF>0.60424759033530118</SFCF>
        <CFR>0.073537527860567081</CFR>
        <CWH>0.14895637862460948</CWH>
        <CFGlacier>1</CFGlacier>
        <CFSlope>1</CFSlope>
        <FC>636.37867077426642</FC>
        <LP>0.6492685885074494</LP>
        <BETA>5.0785385829284362</BETA>
      </SubCatchmentVegetationZoneParameters>
    </SubCatchmentVegetationZone>
  </SubCatchment>
</Catchment>