<?xml version="1.0" encoding="utf-8"?>
<Catchment xmlns:xsi="http://www.w3.org/2001/XMLSchema-instance" xmlns:xsd="http://www.w3.org/2001/XMLSchema">
  <CatchmentParameters>
    <KSI>0.001</KSI>
    <KGmin>0.05</KGmin>
    <RangeKG>0.1</RangeKG>
    <AG>0.1</AG>
    <PERC>5.711155220325713</PERC>
    <Alpha>0</Alpha>
    <UZL>81.207438206939287</UZL>
    <K0>0.40247374710623424</K0>
    <K1>0.3397336413487827</K1>
    <K2>0.011113533580615263</K2>
    <MAXBAS>1</MAXBAS>
    <Cet>0</Cet>
    <PCALT>10</PCALT>
    <TCALT>0.6</TCALT>
    <Pelev>3100</Pelev>
    <Telev>3100</Telev>
    <PART>0.5</PART>
    <DELAY>1</DELAY>
  </CatchmentParameters>
  <VegetationZone>
    <VegetationZoneParameters>
      <TT>0.553718186468335</TT>
      <CFMAX>4.2173649780377884</CFMAX>
      <SP>0</SP>
      <SFCF>0.62078223255554277</SFCF>
      <CFR>0.015552065124953269</CFR>
      <CWH>0.10000007297983966</CWH>
      <CFGlacier>1</CFGlacier>
      <CFSlope>1</CFSlope>
      <FC>545.16583722698317</FC>
      <LP>0.66121323395528442</LP>
      <BETA>3.1495176212117819</BETA>
    </VegetationZoneParameters>
  </VegetationZone>
  <SubCatchment>
    <SubCatchmentParameters>
      <KSI>0.001</KSI>
      <KGmin>0.05</KGmin>
      <RangeKG>0.1</RangeKG>
      <AG>0.1</AG>
      <PERC>5.711155220325713</PERC>
      <Alpha>0</Alpha>
      <UZL>81.207438206939287</UZL>
      <K0>0.40247374710623424</K0>
      <K1>0.3397336413487827</K1>
      <K2>0.011113533580615263</K2>
      <MAXBAS>1</MAXBAS>
      <Cet>0</Cet>
      <PCALT>10</PCALT>
      <TCALT>0.6</TCALT>
      <Pelev>3100</Pelev>
      <Telev>3100</Telev>
      <PART>0.5</PART>
      <DELAY>1</DELAY>
    </SubCatchmentParameters>
    <SubCatchmentVegetationZone>
      <SubCatchmentVegetationZoneParameters>
        <TT>0.553718186468335</TT>
        <CFMAX>4.2173649780377884</CFMAX>
        <SP>0</SP>
        <SFCF>0.62078223255554277</SFCF>
        <CFR>0.015552065124953269</CFR>
        <CWH>0.10000007297983966</CWH>
        <CFGlacier>1</CFGlacier>
        <CFSlope>1</CFSlope>
        <FC>545.16583722698317</FC>
        <LP>0.66121323395528442</LP>
        <BETA>3.1495176212117819</BETA>
      </SubCatchmentVegetationZoneParameters>
    </SubCatchmentVegetationZone>
  </SubCatchment>
</Catchment>