<?xml version="1.0" encoding="utf-8"?>
<Catchment xmlns:xsi="http://www.w3.org/2001/XMLSchema-instance" xmlns:xsd="http://www.w3.org/2001/XMLSchema">
  <CatchmentParameters>
    <KSI>0.001</KSI>
    <KGmin>0.05</KGmin>
    <RangeKG>0.1</RangeKG>
    <AG>0.1</AG>
    <PERC>8.3807917347109058</PERC>
    <Alpha>0</Alpha>
    <UZL>146.9259408208959</UZL>
    <K0>0.46477240627100996</K0>
    <K1>0.29090175087408526</K1>
    <K2>0.12411847066680973</K2>
    <MAXBAS>1.5697074056918223</MAXBAS>
    <Cet>0</Cet>
    <PCALT>10</PCALT>
    <TCALT>0.6</TCALT>
    <Pelev>3100</Pelev>
    <Telev>3100</Telev>
    <PART>0.5</PART>
    <DELAY>1</DELAY>
  </CatchmentParameters>
  <VegetationZone>
    <VegetationZoneParameters>
      <TT>2.3804784706842961</TT>
      <CFMAX>4.4979734350004641</CFMAX>
      <SP>0</SP>
      <SFCF>0.65530012283230088</SFCF>
      <CFR>0.040580624322712866</CFR>
      <CWH>0.14758231034812264</CWH>
      <CFGlacier>1</CFGlacier>
      <CFSlope>1</CFSlope>
      <FC>437.77505229829762</FC>
      <LP>0.73134339525811221</LP>
      <BETA>5.5079546235286116</BETA>
    </VegetationZoneParameters>
  </VegetationZone>
  <SubCatchment>
    <SubCatchmentParameters>
      <KSI>0.001</KSI>
      <KGmin>0.05</KGmin>
      <RangeKG>0.1</RangeKG>
      <AG>0.1</AG>
      <PERC>8.3807917347109058</PERC>
      <Alpha>0</Alpha>
      <UZL>146.9259408208959</UZL>
      <K0>0.46477240627100996</K0>
      <K1>0.29090175087408526</K1>
      <K2>0.12411847066680973</K2>
      <MAXBAS>1.5697074056918223</MAXBAS>
      <Cet>0</Cet>
      <PCALT>10</PCALT>
      <TCALT>0.6</TCALT>
      <Pelev>3100</Pelev>
      <Telev>3100</Telev>
      <PART>0.5</PART>
      <DELAY>1</DELAY>
    </SubCatchmentParameters>
    <SubCatchmentVegetationZone>
      <SubCatchmentVegetationZoneParameters>
        <TT>2.3804784706842961</TT>
        <CFMAX>4.4979734350004641</CFMAX>
        <SP>0</SP>
        <SFCF>0.65530012283230088</SFCF>
        <CFR>0.040580624322712866</CFR>
        <CWH>0.14758231034812264</CWH>
        <CFGlacier>1</CFGlacier>
        <CFSlope>1</CFSlope>
        <FC>437.77505229829762</FC>
        <LP>0.73134339525811221</LP>
        <BETA>5.5079546235286116</BETA>
      </SubCatchmentVegetationZoneParameters>
    </SubCatchmentVegetationZone>
  </SubCatchment>
</Catchment>