<?xml version="1.0" encoding="utf-8"?>
<Catchment xmlns:xsi="http://www.w3.org/2001/XMLSchema-instance" xmlns:xsd="http://www.w3.org/2001/XMLSchema">
  <CatchmentParameters>
    <KSI>0.001</KSI>
    <KGmin>0.05</KGmin>
    <RangeKG>0.1</RangeKG>
    <AG>0.1</AG>
    <PERC>3.7296232980915263</PERC>
    <Alpha>0</Alpha>
    <UZL>170.48157645339981</UZL>
    <K0>0.5861877071237892</K0>
    <K1>0.13288174129795582</K1>
    <K2>0.010303560657525907</K2>
    <MAXBAS>1</MAXBAS>
    <Cet>0</Cet>
    <PCALT>10</PCALT>
    <TCALT>0.6</TCALT>
    <Pelev>3100</Pelev>
    <Telev>3100</Telev>
    <PART>0.5</PART>
    <DELAY>1</DELAY>
  </CatchmentParameters>
  <VegetationZone>
    <VegetationZoneParameters>
      <TT>-0.47710432037841111</TT>
      <CFMAX>3.4580738763442871</CFMAX>
      <SP>0</SP>
      <SFCF>0.80833494407669837</SFCF>
      <CFR>0.02302778711500815</CFR>
      <CWH>0.10000004688571743</CWH>
      <CFGlacier>1</CFGlacier>
      <CFSlope>1</CFSlope>
      <FC>782.36230577063145</FC>
      <LP>0.7473693681614223</LP>
      <BETA>4.5487914180997926</BETA>
    </VegetationZoneParameters>
  </VegetationZone>
  <SubCatchment>
    <SubCatchmentParameters>
      <KSI>0.001</KSI>
      <KGmin>0.05</KGmin>
      <RangeKG>0.1</RangeKG>
      <AG>0.1</AG>
      <PERC>3.7296232980915263</PERC>
      <Alpha>0</Alpha>
      <UZL>170.48157645339981</UZL>
      <K0>0.5861877071237892</K0>
      <K1>0.13288174129795582</K1>
      <K2>0.010303560657525907</K2>
      <MAXBAS>1</MAXBAS>
      <Cet>0</Cet>
      <PCALT>10</PCALT>
      <TCALT>0.6</TCALT>
      <Pelev>3100</Pelev>
      <Telev>3100</Telev>
      <PART>0.5</PART>
      <DELAY>1</DELAY>
    </SubCatchmentParameters>
    <SubCatchmentVegetationZone>
      <SubCatchmentVegetationZoneParameters>
        <TT>-0.47710432037841111</TT>
        <CFMAX>3.4580738763442871</CFMAX>
        <SP>0</SP>
        <SFCF>0.80833494407669837</SFCF>
        <CFR>0.02302778711500815</CFR>
        <CWH>0.10000004688571743</CWH>
        <CFGlacier>1</CFGlacier>
        <CFSlope>1</CFSlope>
        <FC>782.36230577063145</FC>
        <LP>0.7473693681614223</LP>
        <BETA>4.5487914180997926</BETA>
      </SubCatchmentVegetationZoneParameters>
    </SubCatchmentVegetationZone>
  </SubCatchment>
</Catchment>