<?xml version="1.0" encoding="utf-8"?>
<Catchment xmlns:xsi="http://www.w3.org/2001/XMLSchema-instance" xmlns:xsd="http://www.w3.org/2001/XMLSchema">
  <CatchmentParameters>
    <KSI>0.001</KSI>
    <KGmin>0.05</KGmin>
    <RangeKG>0.1</RangeKG>
    <AG>0.1</AG>
    <PERC>8.4482317582924065</PERC>
    <Alpha>0</Alpha>
    <UZL>157.95079688095279</UZL>
    <K0>0.57989481487221506</K0>
    <K1>0.37727096651290465</K1>
    <K2>0.11540708023778741</K2>
    <MAXBAS>2.0196408951607552</MAXBAS>
    <Cet>0</Cet>
    <PCALT>10</PCALT>
    <TCALT>0.6</TCALT>
    <Pelev>3100</Pelev>
    <Telev>3100</Telev>
    <PART>0.5</PART>
    <DELAY>1</DELAY>
  </CatchmentParameters>
  <VegetationZone>
    <VegetationZoneParameters>
      <TT>0.25194972520136361</TT>
      <CFMAX>4.1147548620027576</CFMAX>
      <SP>0</SP>
      <SFCF>0.60344408001975947</SFCF>
      <CFR>0.046866682362451222</CFR>
      <CWH>0.15184737378351548</CWH>
      <CFGlacier>1</CFGlacier>
      <CFSlope>1</CFSlope>
      <FC>312.4073528729582</FC>
      <LP>0.5998632461897484</LP>
      <BETA>5.5018021099289927</BETA>
    </VegetationZoneParameters>
  </VegetationZone>
  <SubCatchment>
    <SubCatchmentParameters>
      <KSI>0.001</KSI>
      <KGmin>0.05</KGmin>
      <RangeKG>0.1</RangeKG>
      <AG>0.1</AG>
      <PERC>8.4482317582924065</PERC>
      <Alpha>0</Alpha>
      <UZL>157.95079688095279</UZL>
      <K0>0.57989481487221506</K0>
      <K1>0.37727096651290465</K1>
      <K2>0.11540708023778741</K2>
      <MAXBAS>2.0196408951607552</MAXBAS>
      <Cet>0</Cet>
      <PCALT>10</PCALT>
      <TCALT>0.6</TCALT>
      <Pelev>3100</Pelev>
      <Telev>3100</Telev>
      <PART>0.5</PART>
      <DELAY>1</DELAY>
    </SubCatchmentParameters>
    <SubCatchmentVegetationZone>
      <SubCatchmentVegetationZoneParameters>
        <TT>0.25194972520136361</TT>
        <CFMAX>4.1147548620027576</CFMAX>
        <SP>0</SP>
        <SFCF>0.60344408001975947</SFCF>
        <CFR>0.046866682362451222</CFR>
        <CWH>0.15184737378351548</CWH>
        <CFGlacier>1</CFGlacier>
        <CFSlope>1</CFSlope>
        <FC>312.4073528729582</FC>
        <LP>0.5998632461897484</LP>
        <BETA>5.5018021099289927</BETA>
      </SubCatchmentVegetationZoneParameters>
    </SubCatchmentVegetationZone>
  </SubCatchment>
</Catchment>