<?xml version="1.0" encoding="utf-8"?>
<Catchment xmlns:xsi="http://www.w3.org/2001/XMLSchema-instance" xmlns:xsd="http://www.w3.org/2001/XMLSchema">
  <CatchmentParameters>
    <KSI>0.001</KSI>
    <KGmin>0.05</KGmin>
    <RangeKG>0.1</RangeKG>
    <AG>0.1</AG>
    <PERC>2.7058088732126815</PERC>
    <Alpha>0</Alpha>
    <UZL>65.222928461842116</UZL>
    <K0>0.59042261194380263</K0>
    <K1>0.23839374093328858</K1>
    <K2>0.012133149664590335</K2>
    <MAXBAS>1</MAXBAS>
    <Cet>0</Cet>
    <PCALT>10</PCALT>
    <TCALT>0.6</TCALT>
    <Pelev>3100</Pelev>
    <Telev>3100</Telev>
    <PART>0.5</PART>
    <DELAY>1</DELAY>
  </CatchmentParameters>
  <VegetationZone>
    <VegetationZoneParameters>
      <TT>-1.8411860219065572</TT>
      <CFMAX>2.193850943718457</CFMAX>
      <SP>0</SP>
      <SFCF>0.811573651470944</SFCF>
      <CFR>0.064686632313873518</CFR>
      <CWH>0.1113589280647849</CWH>
      <CFGlacier>1</CFGlacier>
      <CFSlope>1</CFSlope>
      <FC>822.81515685044837</FC>
      <LP>0.44561819290885679</LP>
      <BETA>2.3389036302949311</BETA>
    </VegetationZoneParameters>
  </VegetationZone>
  <SubCatchment>
    <SubCatchmentParameters>
      <KSI>0.001</KSI>
      <KGmin>0.05</KGmin>
      <RangeKG>0.1</RangeKG>
      <AG>0.1</AG>
      <PERC>2.7058088732126815</PERC>
      <Alpha>0</Alpha>
      <UZL>65.222928461842116</UZL>
      <K0>0.59042261194380263</K0>
      <K1>0.23839374093328858</K1>
      <K2>0.012133149664590335</K2>
      <MAXBAS>1</MAXBAS>
      <Cet>0</Cet>
      <PCALT>10</PCALT>
      <TCALT>0.6</TCALT>
      <Pelev>3100</Pelev>
      <Telev>3100</Telev>
      <PART>0.5</PART>
      <DELAY>1</DELAY>
    </SubCatchmentParameters>
    <SubCatchmentVegetationZone>
      <SubCatchmentVegetationZoneParameters>
        <TT>-1.8411860219065572</TT>
        <CFMAX>2.193850943718457</CFMAX>
        <SP>0</SP>
        <SFCF>0.811573651470944</SFCF>
        <CFR>0.064686632313873518</CFR>
        <CWH>0.1113589280647849</CWH>
        <CFGlacier>1</CFGlacier>
        <CFSlope>1</CFSlope>
        <FC>822.81515685044837</FC>
        <LP>0.44561819290885679</LP>
        <BETA>2.3389036302949311</BETA>
      </SubCatchmentVegetationZoneParameters>
    </SubCatchmentVegetationZone>
  </SubCatchment>
</Catchment>