<?xml version="1.0" encoding="utf-8"?>
<Catchment xmlns:xsi="http://www.w3.org/2001/XMLSchema-instance" xmlns:xsd="http://www.w3.org/2001/XMLSchema">
  <CatchmentParameters>
    <KSI>0.001</KSI>
    <KGmin>0.05</KGmin>
    <RangeKG>0.1</RangeKG>
    <AG>0.1</AG>
    <PERC>9.4827533607055976</PERC>
    <Alpha>0</Alpha>
    <UZL>129.60135924540944</UZL>
    <K0>0.097032399087864651</K0>
    <K1>0.41576107398923146</K1>
    <K2>0.043852265428508487</K2>
    <MAXBAS>1.0438983347701178</MAXBAS>
    <Cet>0</Cet>
    <PCALT>10</PCALT>
    <TCALT>0.6</TCALT>
    <Pelev>3100</Pelev>
    <Telev>3100</Telev>
    <PART>0.5</PART>
    <DELAY>1</DELAY>
  </CatchmentParameters>
  <VegetationZone>
    <VegetationZoneParameters>
      <TT>2.4590211491704643</TT>
      <CFMAX>4.9230449970062748</CFMAX>
      <SP>0</SP>
      <SFCF>0.75635918358458187</SFCF>
      <CFR>0.03390322900795046</CFR>
      <CWH>0.17071902976650744</CWH>
      <CFGlacier>1</CFGlacier>
      <CFSlope>1</CFSlope>
      <FC>885.277417240477</FC>
      <LP>0.68116552535260222</LP>
      <BETA>5.1948069240787831</BETA>
    </VegetationZoneParameters>
  </VegetationZone>
  <SubCatchment>
    <SubCatchmentParameters>
      <KSI>0.001</KSI>
      <KGmin>0.05</KGmin>
      <RangeKG>0.1</RangeKG>
      <AG>0.1</AG>
      <PERC>9.4827533607055976</PERC>
      <Alpha>0</Alpha>
      <UZL>129.60135924540944</UZL>
      <K0>0.097032399087864651</K0>
      <K1>0.41576107398923146</K1>
      <K2>0.043852265428508487</K2>
      <MAXBAS>1.0438983347701178</MAXBAS>
      <Cet>0</Cet>
      <PCALT>10</PCALT>
      <TCALT>0.6</TCALT>
      <Pelev>3100</Pelev>
      <Telev>3100</Telev>
      <PART>0.5</PART>
      <DELAY>1</DELAY>
    </SubCatchmentParameters>
    <SubCatchmentVegetationZone>
      <SubCatchmentVegetationZoneParameters>
        <TT>2.4590211491704643</TT>
        <CFMAX>4.9230449970062748</CFMAX>
        <SP>0</SP>
        <SFCF>0.75635918358458187</SFCF>
        <CFR>0.03390322900795046</CFR>
        <CWH>0.17071902976650744</CWH>
        <CFGlacier>1</CFGlacier>
        <CFSlope>1</CFSlope>
        <FC>885.277417240477</FC>
        <LP>0.68116552535260222</LP>
        <BETA>5.1948069240787831</BETA>
      </SubCatchmentVegetationZoneParameters>
    </SubCatchmentVegetationZone>
  </SubCatchment>
</Catchment>