<?xml version="1.0" encoding="utf-8"?>
<Catchment xmlns:xsi="http://www.w3.org/2001/XMLSchema-instance" xmlns:xsd="http://www.w3.org/2001/XMLSchema">
  <CatchmentParameters>
    <KSI>0.001</KSI>
    <KGmin>0.05</KGmin>
    <RangeKG>0.1</RangeKG>
    <AG>0.1</AG>
    <PERC>6.9865958374997756</PERC>
    <Alpha>0</Alpha>
    <UZL>15.192006352335209</UZL>
    <K0>0.55808740519009692</K0>
    <K1>0.28323628965595238</K1>
    <K2>0.10569972060117926</K2>
    <MAXBAS>1.518375494210368</MAXBAS>
    <Cet>0</Cet>
    <PCALT>10</PCALT>
    <TCALT>0.6</TCALT>
    <Pelev>3100</Pelev>
    <Telev>3100</Telev>
    <PART>0.5</PART>
    <DELAY>1</DELAY>
  </CatchmentParameters>
  <VegetationZone>
    <VegetationZoneParameters>
      <TT>1.6347032263620667</TT>
      <CFMAX>4.8114897159161814</CFMAX>
      <SP>0</SP>
      <SFCF>0.68347415549289481</SFCF>
      <CFR>0.02562977531638606</CFR>
      <CWH>0.1604781308784082</CWH>
      <CFGlacier>1</CFGlacier>
      <CFSlope>1</CFSlope>
      <FC>435.53350710150079</FC>
      <LP>0.66292295772540033</LP>
      <BETA>5.5266237654392</BETA>
    </VegetationZoneParameters>
  </VegetationZone>
  <SubCatchment>
    <SubCatchmentParameters>
      <KSI>0.001</KSI>
      <KGmin>0.05</KGmin>
      <RangeKG>0.1</RangeKG>
      <AG>0.1</AG>
      <PERC>6.9865958374997756</PERC>
      <Alpha>0</Alpha>
      <UZL>15.192006352335209</UZL>
      <K0>0.55808740519009692</K0>
      <K1>0.28323628965595238</K1>
      <K2>0.10569972060117926</K2>
      <MAXBAS>1.518375494210368</MAXBAS>
      <Cet>0</Cet>
      <PCALT>10</PCALT>
      <TCALT>0.6</TCALT>
      <Pelev>3100</Pelev>
      <Telev>3100</Telev>
      <PART>0.5</PART>
      <DELAY>1</DELAY>
    </SubCatchmentParameters>
    <SubCatchmentVegetationZone>
      <SubCatchmentVegetationZoneParameters>
        <TT>1.6347032263620667</TT>
        <CFMAX>4.8114897159161814</CFMAX>
        <SP>0</SP>
        <SFCF>0.68347415549289481</SFCF>
        <CFR>0.02562977531638606</CFR>
        <CWH>0.1604781308784082</CWH>
        <CFGlacier>1</CFGlacier>
        <CFSlope>1</CFSlope>
        <FC>435.53350710150079</FC>
        <LP>0.66292295772540033</LP>
        <BETA>5.5266237654392</BETA>
      </SubCatchmentVegetationZoneParameters>
    </SubCatchmentVegetationZone>
  </SubCatchment>
</Catchment>