<?xml version="1.0" encoding="utf-8"?>
<Catchment xmlns:xsi="http://www.w3.org/2001/XMLSchema-instance" xmlns:xsd="http://www.w3.org/2001/XMLSchema">
  <CatchmentParameters>
    <KSI>0.001</KSI>
    <KGmin>0.05</KGmin>
    <RangeKG>0.1</RangeKG>
    <AG>0.1</AG>
    <PERC>2.107200338325157</PERC>
    <Alpha>0</Alpha>
    <UZL>140.74435656112453</UZL>
    <K0>0.45836356877584367</K0>
    <K1>0.064245624356414149</K1>
    <K2>0.010000000008566112</K2>
    <MAXBAS>1</MAXBAS>
    <Cet>0</Cet>
    <PCALT>10</PCALT>
    <TCALT>0.6</TCALT>
    <Pelev>3100</Pelev>
    <Telev>3100</Telev>
    <PART>0.5</PART>
    <DELAY>1</DELAY>
  </CatchmentParameters>
  <VegetationZone>
    <VegetationZoneParameters>
      <TT>0.50185079166777125</TT>
      <CFMAX>3.7578102883971383</CFMAX>
      <SP>0</SP>
      <SFCF>0.64927429512122459</SFCF>
      <CFR>0.022309349198375083</CFR>
      <CWH>0.10004782598522283</CWH>
      <CFGlacier>1</CFGlacier>
      <CFSlope>1</CFSlope>
      <FC>539.59293413680291</FC>
      <LP>0.6873243406104601</LP>
      <BETA>3.5466384146778771</BETA>
    </VegetationZoneParameters>
  </VegetationZone>
  <SubCatchment>
    <SubCatchmentParameters>
      <KSI>0.001</KSI>
      <KGmin>0.05</KGmin>
      <RangeKG>0.1</RangeKG>
      <AG>0.1</AG>
      <PERC>2.107200338325157</PERC>
      <Alpha>0</Alpha>
      <UZL>140.74435656112453</UZL>
      <K0>0.45836356877584367</K0>
      <K1>0.064245624356414149</K1>
      <K2>0.010000000008566112</K2>
      <MAXBAS>1</MAXBAS>
      <Cet>0</Cet>
      <PCALT>10</PCALT>
      <TCALT>0.6</TCALT>
      <Pelev>3100</Pelev>
      <Telev>3100</Telev>
      <PART>0.5</PART>
      <DELAY>1</DELAY>
    </SubCatchmentParameters>
    <SubCatchmentVegetationZone>
      <SubCatchmentVegetationZoneParameters>
        <TT>0.50185079166777125</TT>
        <CFMAX>3.7578102883971383</CFMAX>
        <SP>0</SP>
        <SFCF>0.64927429512122459</SFCF>
        <CFR>0.022309349198375083</CFR>
        <CWH>0.10004782598522283</CWH>
        <CFGlacier>1</CFGlacier>
        <CFSlope>1</CFSlope>
        <FC>539.59293413680291</FC>
        <LP>0.6873243406104601</LP>
        <BETA>3.5466384146778771</BETA>
      </SubCatchmentVegetationZoneParameters>
    </SubCatchmentVegetationZone>
  </SubCatchment>
</Catchment>