<?xml version="1.0" encoding="utf-8"?>
<Catchment xmlns:xsi="http://www.w3.org/2001/XMLSchema-instance" xmlns:xsd="http://www.w3.org/2001/XMLSchema">
  <CatchmentParameters>
    <KSI>0.001</KSI>
    <KGmin>0.05</KGmin>
    <RangeKG>0.1</RangeKG>
    <AG>0.1</AG>
    <PERC>3.9018487125578112</PERC>
    <Alpha>0</Alpha>
    <UZL>187.56725813445624</UZL>
    <K0>0.17713755918601032</K0>
    <K1>0.37115604894117082</K1>
    <K2>0.01248513783596057</K2>
    <MAXBAS>1</MAXBAS>
    <Cet>0</Cet>
    <PCALT>10</PCALT>
    <TCALT>0.6</TCALT>
    <Pelev>3100</Pelev>
    <Telev>3100</Telev>
    <PART>0.5</PART>
    <DELAY>1</DELAY>
  </CatchmentParameters>
  <VegetationZone>
    <VegetationZoneParameters>
      <TT>-0.7082221699984369</TT>
      <CFMAX>3.2086084886612003</CFMAX>
      <SP>0</SP>
      <SFCF>0.81719724399786486</SFCF>
      <CFR>0.031562120546722784</CFR>
      <CWH>0.10000002927297702</CWH>
      <CFGlacier>1</CFGlacier>
      <CFSlope>1</CFSlope>
      <FC>832.3803979892549</FC>
      <LP>0.5393175903871007</LP>
      <BETA>2.8532188960714646</BETA>
    </VegetationZoneParameters>
  </VegetationZone>
  <SubCatchment>
    <SubCatchmentParameters>
      <KSI>0.001</KSI>
      <KGmin>0.05</KGmin>
      <RangeKG>0.1</RangeKG>
      <AG>0.1</AG>
      <PERC>3.9018487125578112</PERC>
      <Alpha>0</Alpha>
      <UZL>187.56725813445624</UZL>
      <K0>0.17713755918601032</K0>
      <K1>0.37115604894117082</K1>
      <K2>0.01248513783596057</K2>
      <MAXBAS>1</MAXBAS>
      <Cet>0</Cet>
      <PCALT>10</PCALT>
      <TCALT>0.6</TCALT>
      <Pelev>3100</Pelev>
      <Telev>3100</Telev>
      <PART>0.5</PART>
      <DELAY>1</DELAY>
    </SubCatchmentParameters>
    <SubCatchmentVegetationZone>
      <SubCatchmentVegetationZoneParameters>
        <TT>-0.7082221699984369</TT>
        <CFMAX>3.2086084886612003</CFMAX>
        <SP>0</SP>
        <SFCF>0.81719724399786486</SFCF>
        <CFR>0.031562120546722784</CFR>
        <CWH>0.10000002927297702</CWH>
        <CFGlacier>1</CFGlacier>
        <CFSlope>1</CFSlope>
        <FC>832.3803979892549</FC>
        <LP>0.5393175903871007</LP>
        <BETA>2.8532188960714646</BETA>
      </SubCatchmentVegetationZoneParameters>
    </SubCatchmentVegetationZone>
  </SubCatchment>
</Catchment>