<?xml version="1.0" encoding="utf-8"?>
<Catchment xmlns:xsi="http://www.w3.org/2001/XMLSchema-instance" xmlns:xsd="http://www.w3.org/2001/XMLSchema">
  <CatchmentParameters>
    <KSI>0.001</KSI>
    <KGmin>0.05</KGmin>
    <RangeKG>0.1</RangeKG>
    <AG>0.1</AG>
    <PERC>3.0364756615351789</PERC>
    <Alpha>0</Alpha>
    <UZL>199.42242024078379</UZL>
    <K0>0.75978288872742916</K0>
    <K1>0.25511902650523133</K1>
    <K2>0.011651689131727504</K2>
    <MAXBAS>1</MAXBAS>
    <Cet>0</Cet>
    <PCALT>10</PCALT>
    <TCALT>0.6</TCALT>
    <Pelev>3100</Pelev>
    <Telev>3100</Telev>
    <PART>0.5</PART>
    <DELAY>1</DELAY>
  </CatchmentParameters>
  <VegetationZone>
    <VegetationZoneParameters>
      <TT>-1.4211570774156206</TT>
      <CFMAX>2.4295774930370175</CFMAX>
      <SP>0</SP>
      <SFCF>0.77410165915044615</SFCF>
      <CFR>0.057176442671855787</CFR>
      <CWH>0.10210558750976023</CWH>
      <CFGlacier>1</CFGlacier>
      <CFSlope>1</CFSlope>
      <FC>764.488691384254</FC>
      <LP>0.47131369768654308</LP>
      <BETA>2.4202917382410924</BETA>
    </VegetationZoneParameters>
  </VegetationZone>
  <SubCatchment>
    <SubCatchmentParameters>
      <KSI>0.001</KSI>
      <KGmin>0.05</KGmin>
      <RangeKG>0.1</RangeKG>
      <AG>0.1</AG>
      <PERC>3.0364756615351789</PERC>
      <Alpha>0</Alpha>
      <UZL>199.42242024078379</UZL>
      <K0>0.75978288872742916</K0>
      <K1>0.25511902650523133</K1>
      <K2>0.011651689131727504</K2>
      <MAXBAS>1</MAXBAS>
      <Cet>0</Cet>
      <PCALT>10</PCALT>
      <TCALT>0.6</TCALT>
      <Pelev>3100</Pelev>
      <Telev>3100</Telev>
      <PART>0.5</PART>
      <DELAY>1</DELAY>
    </SubCatchmentParameters>
    <SubCatchmentVegetationZone>
      <SubCatchmentVegetationZoneParameters>
        <TT>-1.4211570774156206</TT>
        <CFMAX>2.4295774930370175</CFMAX>
        <SP>0</SP>
        <SFCF>0.77410165915044615</SFCF>
        <CFR>0.057176442671855787</CFR>
        <CWH>0.10210558750976023</CWH>
        <CFGlacier>1</CFGlacier>
        <CFSlope>1</CFSlope>
        <FC>764.488691384254</FC>
        <LP>0.47131369768654308</LP>
        <BETA>2.4202917382410924</BETA>
      </SubCatchmentVegetationZoneParameters>
    </SubCatchmentVegetationZone>
  </SubCatchment>
</Catchment>