<?xml version="1.0" encoding="utf-8"?>
<Catchment xmlns:xsi="http://www.w3.org/2001/XMLSchema-instance" xmlns:xsd="http://www.w3.org/2001/XMLSchema">
  <CatchmentParameters>
    <KSI>0.001</KSI>
    <KGmin>0.05</KGmin>
    <RangeKG>0.1</RangeKG>
    <AG>0.1</AG>
    <PERC>6.6672749885831744</PERC>
    <Alpha>0</Alpha>
    <UZL>66.311537595464316</UZL>
    <K0>0.51031914147441249</K0>
    <K1>0.30872482735604473</K1>
    <K2>0.13762518918395755</K2>
    <MAXBAS>1.9059816894797983</MAXBAS>
    <Cet>0</Cet>
    <PCALT>10</PCALT>
    <TCALT>0.6</TCALT>
    <Pelev>3100</Pelev>
    <Telev>3100</Telev>
    <PART>0.5</PART>
    <DELAY>1</DELAY>
  </CatchmentParameters>
  <VegetationZone>
    <VegetationZoneParameters>
      <TT>2.1067707012980588</TT>
      <CFMAX>2.7590744694775706</CFMAX>
      <SP>0</SP>
      <SFCF>0.61023389969602759</SFCF>
      <CFR>0.0876522570410897</CFR>
      <CWH>0.14437993287828968</CWH>
      <CFGlacier>1</CFGlacier>
      <CFSlope>1</CFSlope>
      <FC>465.33434005185273</FC>
      <LP>0.67591240179979373</LP>
      <BETA>5.5966762608132505</BETA>
    </VegetationZoneParameters>
  </VegetationZone>
  <SubCatchment>
    <SubCatchmentParameters>
      <KSI>0.001</KSI>
      <KGmin>0.05</KGmin>
      <RangeKG>0.1</RangeKG>
      <AG>0.1</AG>
      <PERC>6.6672749885831744</PERC>
      <Alpha>0</Alpha>
      <UZL>66.311537595464316</UZL>
      <K0>0.51031914147441249</K0>
      <K1>0.30872482735604473</K1>
      <K2>0.13762518918395755</K2>
      <MAXBAS>1.9059816894797983</MAXBAS>
      <Cet>0</Cet>
      <PCALT>10</PCALT>
      <TCALT>0.6</TCALT>
      <Pelev>3100</Pelev>
      <Telev>3100</Telev>
      <PART>0.5</PART>
      <DELAY>1</DELAY>
    </SubCatchmentParameters>
    <SubCatchmentVegetationZone>
      <SubCatchmentVegetationZoneParameters>
        <TT>2.1067707012980588</TT>
        <CFMAX>2.7590744694775706</CFMAX>
        <SP>0</SP>
        <SFCF>0.61023389969602759</SFCF>
        <CFR>0.0876522570410897</CFR>
        <CWH>0.14437993287828968</CWH>
        <CFGlacier>1</CFGlacier>
        <CFSlope>1</CFSlope>
        <FC>465.33434005185273</FC>
        <LP>0.67591240179979373</LP>
        <BETA>5.5966762608132505</BETA>
      </SubCatchmentVegetationZoneParameters>
    </SubCatchmentVegetationZone>
  </SubCatchment>
</Catchment>