<?xml version="1.0" encoding="utf-8"?>
<Catchment xmlns:xsi="http://www.w3.org/2001/XMLSchema-instance" xmlns:xsd="http://www.w3.org/2001/XMLSchema">
  <CatchmentParameters>
    <KSI>0.001</KSI>
    <KGmin>0.05</KGmin>
    <RangeKG>0.1</RangeKG>
    <AG>0.1</AG>
    <PERC>9.911527415032868</PERC>
    <Alpha>0</Alpha>
    <UZL>68.335502299444855</UZL>
    <K0>0.45907873056566334</K0>
    <K1>0.3995177343151371</K1>
    <K2>0.0613879636785435</K2>
    <MAXBAS>1.1772712512074364</MAXBAS>
    <Cet>0</Cet>
    <PCALT>10</PCALT>
    <TCALT>0.6</TCALT>
    <Pelev>3100</Pelev>
    <Telev>3100</Telev>
    <PART>0.5</PART>
    <DELAY>1</DELAY>
  </CatchmentParameters>
  <VegetationZone>
    <VegetationZoneParameters>
      <TT>2.2600639597494787</TT>
      <CFMAX>4.4512252843637992</CFMAX>
      <SP>0</SP>
      <SFCF>1.0581761245585679</SFCF>
      <CFR>0.04097344067483457</CFR>
      <CWH>0.18527493443378373</CWH>
      <CFGlacier>1</CFGlacier>
      <CFSlope>1</CFSlope>
      <FC>282.67088208894262</FC>
      <LP>0.48454694137922921</LP>
      <BETA>5.4849006525430868</BETA>
    </VegetationZoneParameters>
  </VegetationZone>
  <SubCatchment>
    <SubCatchmentParameters>
      <KSI>0.001</KSI>
      <KGmin>0.05</KGmin>
      <RangeKG>0.1</RangeKG>
      <AG>0.1</AG>
      <PERC>9.911527415032868</PERC>
      <Alpha>0</Alpha>
      <UZL>68.335502299444855</UZL>
      <K0>0.45907873056566334</K0>
      <K1>0.3995177343151371</K1>
      <K2>0.0613879636785435</K2>
      <MAXBAS>1.1772712512074364</MAXBAS>
      <Cet>0</Cet>
      <PCALT>10</PCALT>
      <TCALT>0.6</TCALT>
      <Pelev>3100</Pelev>
      <Telev>3100</Telev>
      <PART>0.5</PART>
      <DELAY>1</DELAY>
    </SubCatchmentParameters>
    <SubCatchmentVegetationZone>
      <SubCatchmentVegetationZoneParameters>
        <TT>2.2600639597494787</TT>
        <CFMAX>4.4512252843637992</CFMAX>
        <SP>0</SP>
        <SFCF>1.0581761245585679</SFCF>
        <CFR>0.04097344067483457</CFR>
        <CWH>0.18527493443378373</CWH>
        <CFGlacier>1</CFGlacier>
        <CFSlope>1</CFSlope>
        <FC>282.67088208894262</FC>
        <LP>0.48454694137922921</LP>
        <BETA>5.4849006525430868</BETA>
      </SubCatchmentVegetationZoneParameters>
    </SubCatchmentVegetationZone>
  </SubCatchment>
</Catchment>