<?xml version="1.0" encoding="utf-8"?>
<Catchment xmlns:xsi="http://www.w3.org/2001/XMLSchema-instance" xmlns:xsd="http://www.w3.org/2001/XMLSchema">
  <CatchmentParameters>
    <KSI>0.001</KSI>
    <KGmin>0.05</KGmin>
    <RangeKG>0.1</RangeKG>
    <AG>0.1</AG>
    <PERC>6.1430810997711944</PERC>
    <Alpha>0</Alpha>
    <UZL>167.03111050131602</UZL>
    <K0>0.51458732621918646</K0>
    <K1>0.3613320451750196</K1>
    <K2>0.082178445296904143</K2>
    <MAXBAS>1.3347453593072913</MAXBAS>
    <Cet>0</Cet>
    <PCALT>10</PCALT>
    <TCALT>0.6</TCALT>
    <Pelev>3100</Pelev>
    <Telev>3100</Telev>
    <PART>0.5</PART>
    <DELAY>1</DELAY>
  </CatchmentParameters>
  <VegetationZone>
    <VegetationZoneParameters>
      <TT>0.56107577415981691</TT>
      <CFMAX>3.1461592909797238</CFMAX>
      <SP>0</SP>
      <SFCF>1.0220288020400117</SFCF>
      <CFR>0.0041260809016569581</CFR>
      <CWH>0.14590183853062616</CWH>
      <CFGlacier>1</CFGlacier>
      <CFSlope>1</CFSlope>
      <FC>420.26985977186769</FC>
      <LP>0.55123260986964617</LP>
      <BETA>3.8140384575095672</BETA>
    </VegetationZoneParameters>
  </VegetationZone>
  <SubCatchment>
    <SubCatchmentParameters>
      <KSI>0.001</KSI>
      <KGmin>0.05</KGmin>
      <RangeKG>0.1</RangeKG>
      <AG>0.1</AG>
      <PERC>6.1430810997711944</PERC>
      <Alpha>0</Alpha>
      <UZL>167.03111050131602</UZL>
      <K0>0.51458732621918646</K0>
      <K1>0.3613320451750196</K1>
      <K2>0.082178445296904143</K2>
      <MAXBAS>1.3347453593072913</MAXBAS>
      <Cet>0</Cet>
      <PCALT>10</PCALT>
      <TCALT>0.6</TCALT>
      <Pelev>3100</Pelev>
      <Telev>3100</Telev>
      <PART>0.5</PART>
      <DELAY>1</DELAY>
    </SubCatchmentParameters>
    <SubCatchmentVegetationZone>
      <SubCatchmentVegetationZoneParameters>
        <TT>0.56107577415981691</TT>
        <CFMAX>3.1461592909797238</CFMAX>
        <SP>0</SP>
        <SFCF>1.0220288020400117</SFCF>
        <CFR>0.0041260809016569581</CFR>
        <CWH>0.14590183853062616</CWH>
        <CFGlacier>1</CFGlacier>
        <CFSlope>1</CFSlope>
        <FC>420.26985977186769</FC>
        <LP>0.55123260986964617</LP>
        <BETA>3.8140384575095672</BETA>
      </SubCatchmentVegetationZoneParameters>
    </SubCatchmentVegetationZone>
  </SubCatchment>
</Catchment>