<?xml version="1.0" encoding="utf-8"?>
<Catchment xmlns:xsi="http://www.w3.org/2001/XMLSchema-instance" xmlns:xsd="http://www.w3.org/2001/XMLSchema">
  <CatchmentParameters>
    <KSI>0.001</KSI>
    <KGmin>0.05</KGmin>
    <RangeKG>0.1</RangeKG>
    <AG>0.1</AG>
    <PERC>7.0073286995827209</PERC>
    <Alpha>0</Alpha>
    <UZL>67.084903264372116</UZL>
    <K0>0.22343748724342105</K0>
    <K1>0.33896161601021507</K1>
    <K2>0.095435301635031333</K2>
    <MAXBAS>1.2932088427091859</MAXBAS>
    <Cet>0</Cet>
    <PCALT>10</PCALT>
    <TCALT>0.6</TCALT>
    <Pelev>3100</Pelev>
    <Telev>3100</Telev>
    <PART>0.5</PART>
    <DELAY>1</DELAY>
  </CatchmentParameters>
  <VegetationZone>
    <VegetationZoneParameters>
      <TT>2.1686854280548808</TT>
      <CFMAX>4.9689219605570587</CFMAX>
      <SP>0</SP>
      <SFCF>0.52939864823013882</SFCF>
      <CFR>0.022257903419471488</CFR>
      <CWH>0.14675725896300534</CWH>
      <CFGlacier>1</CFGlacier>
      <CFSlope>1</CFSlope>
      <FC>579.0373089745608</FC>
      <LP>0.31527798474015911</LP>
      <BETA>5.3545936577939539</BETA>
    </VegetationZoneParameters>
  </VegetationZone>
  <SubCatchment>
    <SubCatchmentParameters>
      <KSI>0.001</KSI>
      <KGmin>0.05</KGmin>
      <RangeKG>0.1</RangeKG>
      <AG>0.1</AG>
      <PERC>7.0073286995827209</PERC>
      <Alpha>0</Alpha>
      <UZL>67.084903264372116</UZL>
      <K0>0.22343748724342105</K0>
      <K1>0.33896161601021507</K1>
      <K2>0.095435301635031333</K2>
      <MAXBAS>1.2932088427091859</MAXBAS>
      <Cet>0</Cet>
      <PCALT>10</PCALT>
      <TCALT>0.6</TCALT>
      <Pelev>3100</Pelev>
      <Telev>3100</Telev>
      <PART>0.5</PART>
      <DELAY>1</DELAY>
    </SubCatchmentParameters>
    <SubCatchmentVegetationZone>
      <SubCatchmentVegetationZoneParameters>
        <TT>2.1686854280548808</TT>
        <CFMAX>4.9689219605570587</CFMAX>
        <SP>0</SP>
        <SFCF>0.52939864823013882</SFCF>
        <CFR>0.022257903419471488</CFR>
        <CWH>0.14675725896300534</CWH>
        <CFGlacier>1</CFGlacier>
        <CFSlope>1</CFSlope>
        <FC>579.0373089745608</FC>
        <LP>0.31527798474015911</LP>
        <BETA>5.3545936577939539</BETA>
      </SubCatchmentVegetationZoneParameters>
    </SubCatchmentVegetationZone>
  </SubCatchment>
</Catchment>