<?xml version="1.0" encoding="utf-8"?>
<Catchment xmlns:xsi="http://www.w3.org/2001/XMLSchema-instance" xmlns:xsd="http://www.w3.org/2001/XMLSchema">
  <CatchmentParameters>
    <KSI>0.001</KSI>
    <KGmin>0.05</KGmin>
    <RangeKG>0.1</RangeKG>
    <AG>0.1</AG>
    <PERC>9.4950565709146684</PERC>
    <Alpha>0</Alpha>
    <UZL>67.553306177808636</UZL>
    <K0>0.35583906895753109</K0>
    <K1>0.3535608229448145</K1>
    <K2>0.094240968388250593</K2>
    <MAXBAS>1.1745993384523228</MAXBAS>
    <Cet>0</Cet>
    <PCALT>10</PCALT>
    <TCALT>0.6</TCALT>
    <Pelev>3100</Pelev>
    <Telev>3100</Telev>
    <PART>0.5</PART>
    <DELAY>1</DELAY>
  </CatchmentParameters>
  <VegetationZone>
    <VegetationZoneParameters>
      <TT>1.8495037317451111</TT>
      <CFMAX>4.9025696594384378</CFMAX>
      <SP>0</SP>
      <SFCF>0.543844101612169</SFCF>
      <CFR>0.030484848876239194</CFR>
      <CWH>0.169363235689872</CWH>
      <CFGlacier>1</CFGlacier>
      <CFSlope>1</CFSlope>
      <FC>813.454039632664</FC>
      <LP>0.41649417865071775</LP>
      <BETA>5.8717555429074082</BETA>
    </VegetationZoneParameters>
  </VegetationZone>
  <SubCatchment>
    <SubCatchmentParameters>
      <KSI>0.001</KSI>
      <KGmin>0.05</KGmin>
      <RangeKG>0.1</RangeKG>
      <AG>0.1</AG>
      <PERC>9.4950565709146684</PERC>
      <Alpha>0</Alpha>
      <UZL>67.553306177808636</UZL>
      <K0>0.35583906895753109</K0>
      <K1>0.3535608229448145</K1>
      <K2>0.094240968388250593</K2>
      <MAXBAS>1.1745993384523228</MAXBAS>
      <Cet>0</Cet>
      <PCALT>10</PCALT>
      <TCALT>0.6</TCALT>
      <Pelev>3100</Pelev>
      <Telev>3100</Telev>
      <PART>0.5</PART>
      <DELAY>1</DELAY>
    </SubCatchmentParameters>
    <SubCatchmentVegetationZone>
      <SubCatchmentVegetationZoneParameters>
        <TT>1.8495037317451111</TT>
        <CFMAX>4.9025696594384378</CFMAX>
        <SP>0</SP>
        <SFCF>0.543844101612169</SFCF>
        <CFR>0.030484848876239194</CFR>
        <CWH>0.169363235689872</CWH>
        <CFGlacier>1</CFGlacier>
        <CFSlope>1</CFSlope>
        <FC>813.454039632664</FC>
        <LP>0.41649417865071775</LP>
        <BETA>5.8717555429074082</BETA>
      </SubCatchmentVegetationZoneParameters>
    </SubCatchmentVegetationZone>
  </SubCatchment>
</Catchment>