<?xml version="1.0" encoding="utf-8"?>
<Catchment xmlns:xsi="http://www.w3.org/2001/XMLSchema-instance" xmlns:xsd="http://www.w3.org/2001/XMLSchema">
  <CatchmentParameters>
    <KSI>0.001</KSI>
    <KGmin>0.05</KGmin>
    <RangeKG>0.1</RangeKG>
    <AG>0.1</AG>
    <PERC>2.7158536094722927</PERC>
    <Alpha>0</Alpha>
    <UZL>27.002450828057796</UZL>
    <K0>0.24169364579274394</K0>
    <K1>0.31737838585796452</K1>
    <K2>0.013435414155724714</K2>
    <MAXBAS>1</MAXBAS>
    <Cet>0</Cet>
    <PCALT>10</PCALT>
    <TCALT>0.6</TCALT>
    <Pelev>3100</Pelev>
    <Telev>3100</Telev>
    <PART>0.5</PART>
    <DELAY>1</DELAY>
  </CatchmentParameters>
  <VegetationZone>
    <VegetationZoneParameters>
      <TT>-1.2954113315913676</TT>
      <CFMAX>2.0711007586912329</CFMAX>
      <SP>0</SP>
      <SFCF>0.6883638917374838</SFCF>
      <CFR>0.0016991198417537217</CFR>
      <CWH>0.10000000013788524</CWH>
      <CFGlacier>1</CFGlacier>
      <CFSlope>1</CFSlope>
      <FC>815.92282275088576</FC>
      <LP>0.3387733021303535</LP>
      <BETA>1.7291939852943192</BETA>
    </VegetationZoneParameters>
  </VegetationZone>
  <SubCatchment>
    <SubCatchmentParameters>
      <KSI>0.001</KSI>
      <KGmin>0.05</KGmin>
      <RangeKG>0.1</RangeKG>
      <AG>0.1</AG>
      <PERC>2.7158536094722927</PERC>
      <Alpha>0</Alpha>
      <UZL>27.002450828057796</UZL>
      <K0>0.24169364579274394</K0>
      <K1>0.31737838585796452</K1>
      <K2>0.013435414155724714</K2>
      <MAXBAS>1</MAXBAS>
      <Cet>0</Cet>
      <PCALT>10</PCALT>
      <TCALT>0.6</TCALT>
      <Pelev>3100</Pelev>
      <Telev>3100</Telev>
      <PART>0.5</PART>
      <DELAY>1</DELAY>
    </SubCatchmentParameters>
    <SubCatchmentVegetationZone>
      <SubCatchmentVegetationZoneParameters>
        <TT>-1.2954113315913676</TT>
        <CFMAX>2.0711007586912329</CFMAX>
        <SP>0</SP>
        <SFCF>0.6883638917374838</SFCF>
        <CFR>0.0016991198417537217</CFR>
        <CWH>0.10000000013788524</CWH>
        <CFGlacier>1</CFGlacier>
        <CFSlope>1</CFSlope>
        <FC>815.92282275088576</FC>
        <LP>0.3387733021303535</LP>
        <BETA>1.7291939852943192</BETA>
      </SubCatchmentVegetationZoneParameters>
    </SubCatchmentVegetationZone>
  </SubCatchment>
</Catchment>