<?xml version="1.0" encoding="utf-8"?>
<Catchment xmlns:xsi="http://www.w3.org/2001/XMLSchema-instance" xmlns:xsd="http://www.w3.org/2001/XMLSchema">
  <CatchmentParameters>
    <KSI>0.001</KSI>
    <KGmin>0.05</KGmin>
    <RangeKG>0.1</RangeKG>
    <AG>0.1</AG>
    <PERC>9.504847036073846</PERC>
    <Alpha>0</Alpha>
    <UZL>62.484311160387712</UZL>
    <K0>0.44685349316546658</K0>
    <K1>0.36628140659869191</K1>
    <K2>0.11072316987952977</K2>
    <MAXBAS>1.5546895027721253</MAXBAS>
    <Cet>0</Cet>
    <PCALT>10</PCALT>
    <TCALT>0.6</TCALT>
    <Pelev>3100</Pelev>
    <Telev>3100</Telev>
    <PART>0.5</PART>
    <DELAY>1</DELAY>
  </CatchmentParameters>
  <VegetationZone>
    <VegetationZoneParameters>
      <TT>1.5556675909313804</TT>
      <CFMAX>4.4324652863360523</CFMAX>
      <SP>0</SP>
      <SFCF>1.1104068805287835</SFCF>
      <CFR>0.020265584336398183</CFR>
      <CWH>0.15431245574337435</CWH>
      <CFGlacier>1</CFGlacier>
      <CFSlope>1</CFSlope>
      <FC>735.17259329490344</FC>
      <LP>0.71784755566656722</LP>
      <BETA>5.09841866003289</BETA>
    </VegetationZoneParameters>
  </VegetationZone>
  <SubCatchment>
    <SubCatchmentParameters>
      <KSI>0.001</KSI>
      <KGmin>0.05</KGmin>
      <RangeKG>0.1</RangeKG>
      <AG>0.1</AG>
      <PERC>9.504847036073846</PERC>
      <Alpha>0</Alpha>
      <UZL>62.484311160387712</UZL>
      <K0>0.44685349316546658</K0>
      <K1>0.36628140659869191</K1>
      <K2>0.11072316987952977</K2>
      <MAXBAS>1.5546895027721253</MAXBAS>
      <Cet>0</Cet>
      <PCALT>10</PCALT>
      <TCALT>0.6</TCALT>
      <Pelev>3100</Pelev>
      <Telev>3100</Telev>
      <PART>0.5</PART>
      <DELAY>1</DELAY>
    </SubCatchmentParameters>
    <SubCatchmentVegetationZone>
      <SubCatchmentVegetationZoneParameters>
        <TT>1.5556675909313804</TT>
        <CFMAX>4.4324652863360523</CFMAX>
        <SP>0</SP>
        <SFCF>1.1104068805287835</SFCF>
        <CFR>0.020265584336398183</CFR>
        <CWH>0.15431245574337435</CWH>
        <CFGlacier>1</CFGlacier>
        <CFSlope>1</CFSlope>
        <FC>735.17259329490344</FC>
        <LP>0.71784755566656722</LP>
        <BETA>5.09841866003289</BETA>
      </SubCatchmentVegetationZoneParameters>
    </SubCatchmentVegetationZone>
  </SubCatchment>
</Catchment>