<?xml version="1.0" encoding="utf-8"?>
<Catchment xmlns:xsi="http://www.w3.org/2001/XMLSchema-instance" xmlns:xsd="http://www.w3.org/2001/XMLSchema">
  <CatchmentParameters>
    <KSI>0.001</KSI>
    <KGmin>0.05</KGmin>
    <RangeKG>0.1</RangeKG>
    <AG>0.1</AG>
    <PERC>7.2312085998106346</PERC>
    <Alpha>0</Alpha>
    <UZL>139.43959324850616</UZL>
    <K0>0.50236773073577</K0>
    <K1>0.35225502982047174</K1>
    <K2>0.13154585530182569</K2>
    <MAXBAS>1.5387891958562896</MAXBAS>
    <Cet>0</Cet>
    <PCALT>10</PCALT>
    <TCALT>0.6</TCALT>
    <Pelev>3100</Pelev>
    <Telev>3100</Telev>
    <PART>0.5</PART>
    <DELAY>1</DELAY>
  </CatchmentParameters>
  <VegetationZone>
    <VegetationZoneParameters>
      <TT>0.40762680743559532</TT>
      <CFMAX>4.2875953363123429</CFMAX>
      <SP>0</SP>
      <SFCF>0.85818752569462864</SFCF>
      <CFR>0.081542696436266521</CFR>
      <CWH>0.188111036092924</CWH>
      <CFGlacier>1</CFGlacier>
      <CFSlope>1</CFSlope>
      <FC>997.19694233240239</FC>
      <LP>0.62546628240660052</LP>
      <BETA>4.7702546184635386</BETA>
    </VegetationZoneParameters>
  </VegetationZone>
  <SubCatchment>
    <SubCatchmentParameters>
      <KSI>0.001</KSI>
      <KGmin>0.05</KGmin>
      <RangeKG>0.1</RangeKG>
      <AG>0.1</AG>
      <PERC>7.2312085998106346</PERC>
      <Alpha>0</Alpha>
      <UZL>139.43959324850616</UZL>
      <K0>0.50236773073577</K0>
      <K1>0.35225502982047174</K1>
      <K2>0.13154585530182569</K2>
      <MAXBAS>1.5387891958562896</MAXBAS>
      <Cet>0</Cet>
      <PCALT>10</PCALT>
      <TCALT>0.6</TCALT>
      <Pelev>3100</Pelev>
      <Telev>3100</Telev>
      <PART>0.5</PART>
      <DELAY>1</DELAY>
    </SubCatchmentParameters>
    <SubCatchmentVegetationZone>
      <SubCatchmentVegetationZoneParameters>
        <TT>0.40762680743559532</TT>
        <CFMAX>4.2875953363123429</CFMAX>
        <SP>0</SP>
        <SFCF>0.85818752569462864</SFCF>
        <CFR>0.081542696436266521</CFR>
        <CWH>0.188111036092924</CWH>
        <CFGlacier>1</CFGlacier>
        <CFSlope>1</CFSlope>
        <FC>997.19694233240239</FC>
        <LP>0.62546628240660052</LP>
        <BETA>4.7702546184635386</BETA>
      </SubCatchmentVegetationZoneParameters>
    </SubCatchmentVegetationZone>
  </SubCatchment>
</Catchment>