<?xml version="1.0" encoding="utf-8"?>
<Catchment xmlns:xsi="http://www.w3.org/2001/XMLSchema-instance" xmlns:xsd="http://www.w3.org/2001/XMLSchema">
  <CatchmentParameters>
    <KSI>0.001</KSI>
    <KGmin>0.05</KGmin>
    <RangeKG>0.1</RangeKG>
    <AG>0.1</AG>
    <PERC>3.9837795302438144</PERC>
    <Alpha>0</Alpha>
    <UZL>159.32741571344323</UZL>
    <K0>0.53416811793400587</K0>
    <K1>0.33859484269617535</K1>
    <K2>0.010971897953384276</K2>
    <MAXBAS>1</MAXBAS>
    <Cet>0</Cet>
    <PCALT>10</PCALT>
    <TCALT>0.6</TCALT>
    <Pelev>3100</Pelev>
    <Telev>3100</Telev>
    <PART>0.5</PART>
    <DELAY>1</DELAY>
  </CatchmentParameters>
  <VegetationZone>
    <VegetationZoneParameters>
      <TT>-0.80000267709390938</TT>
      <CFMAX>2.5665443294485022</CFMAX>
      <SP>0</SP>
      <SFCF>0.6658501631950966</SFCF>
      <CFR>0.043674772574666766</CFR>
      <CWH>0.13388556546515862</CWH>
      <CFGlacier>1</CFGlacier>
      <CFSlope>1</CFSlope>
      <FC>580.28101899227488</FC>
      <LP>0.56839863217877751</LP>
      <BETA>2.7734917680463451</BETA>
    </VegetationZoneParameters>
  </VegetationZone>
  <SubCatchment>
    <SubCatchmentParameters>
      <KSI>0.001</KSI>
      <KGmin>0.05</KGmin>
      <RangeKG>0.1</RangeKG>
      <AG>0.1</AG>
      <PERC>3.9837795302438144</PERC>
      <Alpha>0</Alpha>
      <UZL>159.32741571344323</UZL>
      <K0>0.53416811793400587</K0>
      <K1>0.33859484269617535</K1>
      <K2>0.010971897953384276</K2>
      <MAXBAS>1</MAXBAS>
      <Cet>0</Cet>
      <PCALT>10</PCALT>
      <TCALT>0.6</TCALT>
      <Pelev>3100</Pelev>
      <Telev>3100</Telev>
      <PART>0.5</PART>
      <DELAY>1</DELAY>
    </SubCatchmentParameters>
    <SubCatchmentVegetationZone>
      <SubCatchmentVegetationZoneParameters>
        <TT>-0.80000267709390938</TT>
        <CFMAX>2.5665443294485022</CFMAX>
        <SP>0</SP>
        <SFCF>0.6658501631950966</SFCF>
        <CFR>0.043674772574666766</CFR>
        <CWH>0.13388556546515862</CWH>
        <CFGlacier>1</CFGlacier>
        <CFSlope>1</CFSlope>
        <FC>580.28101899227488</FC>
        <LP>0.56839863217877751</LP>
        <BETA>2.7734917680463451</BETA>
      </SubCatchmentVegetationZoneParameters>
    </SubCatchmentVegetationZone>
  </SubCatchment>
</Catchment>