<?xml version="1.0" encoding="utf-8"?>
<Catchment xmlns:xsi="http://www.w3.org/2001/XMLSchema-instance" xmlns:xsd="http://www.w3.org/2001/XMLSchema">
  <CatchmentParameters>
    <KSI>0.001</KSI>
    <KGmin>0.05</KGmin>
    <RangeKG>0.1</RangeKG>
    <AG>0.1</AG>
    <PERC>7.2218845560291873</PERC>
    <Alpha>0</Alpha>
    <UZL>119.11177412522432</UZL>
    <K0>0.25246605754158413</K0>
    <K1>0.32532458299174932</K1>
    <K2>0.10821389892860167</K2>
    <MAXBAS>1.1607535262236541</MAXBAS>
    <Cet>0</Cet>
    <PCALT>10</PCALT>
    <TCALT>0.6</TCALT>
    <Pelev>3100</Pelev>
    <Telev>3100</Telev>
    <PART>0.5</PART>
    <DELAY>1</DELAY>
  </CatchmentParameters>
  <VegetationZone>
    <VegetationZoneParameters>
      <TT>1.2541981884233051</TT>
      <CFMAX>3.116111718186648</CFMAX>
      <SP>0</SP>
      <SFCF>0.98379603344511457</SFCF>
      <CFR>0.025542501494311653</CFR>
      <CWH>0.16125351886055561</CWH>
      <CFGlacier>1</CFGlacier>
      <CFSlope>1</CFSlope>
      <FC>770.93638383110988</FC>
      <LP>0.528386270661897</LP>
      <BETA>5.8939623066678326</BETA>
    </VegetationZoneParameters>
  </VegetationZone>
  <SubCatchment>
    <SubCatchmentParameters>
      <KSI>0.001</KSI>
      <KGmin>0.05</KGmin>
      <RangeKG>0.1</RangeKG>
      <AG>0.1</AG>
      <PERC>7.2218845560291873</PERC>
      <Alpha>0</Alpha>
      <UZL>119.11177412522432</UZL>
      <K0>0.25246605754158413</K0>
      <K1>0.32532458299174932</K1>
      <K2>0.10821389892860167</K2>
      <MAXBAS>1.1607535262236541</MAXBAS>
      <Cet>0</Cet>
      <PCALT>10</PCALT>
      <TCALT>0.6</TCALT>
      <Pelev>3100</Pelev>
      <Telev>3100</Telev>
      <PART>0.5</PART>
      <DELAY>1</DELAY>
    </SubCatchmentParameters>
    <SubCatchmentVegetationZone>
      <SubCatchmentVegetationZoneParameters>
        <TT>1.2541981884233051</TT>
        <CFMAX>3.116111718186648</CFMAX>
        <SP>0</SP>
        <SFCF>0.98379603344511457</SFCF>
        <CFR>0.025542501494311653</CFR>
        <CWH>0.16125351886055561</CWH>
        <CFGlacier>1</CFGlacier>
        <CFSlope>1</CFSlope>
        <FC>770.93638383110988</FC>
        <LP>0.528386270661897</LP>
        <BETA>5.8939623066678326</BETA>
      </SubCatchmentVegetationZoneParameters>
    </SubCatchmentVegetationZone>
  </SubCatchment>
</Catchment>