<?xml version="1.0" encoding="utf-8"?>
<Catchment xmlns:xsi="http://www.w3.org/2001/XMLSchema-instance" xmlns:xsd="http://www.w3.org/2001/XMLSchema">
  <CatchmentParameters>
    <KSI>0.001</KSI>
    <KGmin>0.05</KGmin>
    <RangeKG>0.1</RangeKG>
    <AG>0.1</AG>
    <PERC>4.4314681956942508</PERC>
    <Alpha>0</Alpha>
    <UZL>45.902928075775769</UZL>
    <K0>0.1124643814962252</K0>
    <K1>0.35444269004629725</K1>
    <K2>0.064435277788788228</K2>
    <MAXBAS>1.541505524514136</MAXBAS>
    <Cet>0</Cet>
    <PCALT>10</PCALT>
    <TCALT>0.6</TCALT>
    <Pelev>3100</Pelev>
    <Telev>3100</Telev>
    <PART>0.5</PART>
    <DELAY>1</DELAY>
  </CatchmentParameters>
  <VegetationZone>
    <VegetationZoneParameters>
      <TT>1.6483420629816918</TT>
      <CFMAX>4.5877955476053156</CFMAX>
      <SP>0</SP>
      <SFCF>0.920544581947362</SFCF>
      <CFR>0.033594144729145417</CFR>
      <CWH>0.16398439066369236</CWH>
      <CFGlacier>1</CFGlacier>
      <CFSlope>1</CFSlope>
      <FC>342.93309768669735</FC>
      <LP>0.4183624663430533</LP>
      <BETA>5.460123142344913</BETA>
    </VegetationZoneParameters>
  </VegetationZone>
  <SubCatchment>
    <SubCatchmentParameters>
      <KSI>0.001</KSI>
      <KGmin>0.05</KGmin>
      <RangeKG>0.1</RangeKG>
      <AG>0.1</AG>
      <PERC>4.4314681956942508</PERC>
      <Alpha>0</Alpha>
      <UZL>45.902928075775769</UZL>
      <K0>0.1124643814962252</K0>
      <K1>0.35444269004629725</K1>
      <K2>0.064435277788788228</K2>
      <MAXBAS>1.541505524514136</MAXBAS>
      <Cet>0</Cet>
      <PCALT>10</PCALT>
      <TCALT>0.6</TCALT>
      <Pelev>3100</Pelev>
      <Telev>3100</Telev>
      <PART>0.5</PART>
      <DELAY>1</DELAY>
    </SubCatchmentParameters>
    <SubCatchmentVegetationZone>
      <SubCatchmentVegetationZoneParameters>
        <TT>1.6483420629816918</TT>
        <CFMAX>4.5877955476053156</CFMAX>
        <SP>0</SP>
        <SFCF>0.920544581947362</SFCF>
        <CFR>0.033594144729145417</CFR>
        <CWH>0.16398439066369236</CWH>
        <CFGlacier>1</CFGlacier>
        <CFSlope>1</CFSlope>
        <FC>342.93309768669735</FC>
        <LP>0.4183624663430533</LP>
        <BETA>5.460123142344913</BETA>
      </SubCatchmentVegetationZoneParameters>
    </SubCatchmentVegetationZone>
  </SubCatchment>
</Catchment>