<?xml version="1.0" encoding="utf-8"?>
<Catchment xmlns:xsi="http://www.w3.org/2001/XMLSchema-instance" xmlns:xsd="http://www.w3.org/2001/XMLSchema">
  <CatchmentParameters>
    <KSI>0.001</KSI>
    <KGmin>0.05</KGmin>
    <RangeKG>0.1</RangeKG>
    <AG>0.1</AG>
    <PERC>2.3284376311337707</PERC>
    <Alpha>0</Alpha>
    <UZL>84.789764838128789</UZL>
    <K0>0.19705904512598255</K0>
    <K1>0.080239937035441453</K1>
    <K2>0.0113006385082446</K2>
    <MAXBAS>1</MAXBAS>
    <Cet>0</Cet>
    <PCALT>10</PCALT>
    <TCALT>0.6</TCALT>
    <Pelev>3100</Pelev>
    <Telev>3100</Telev>
    <PART>0.5</PART>
    <DELAY>1</DELAY>
  </CatchmentParameters>
  <VegetationZone>
    <VegetationZoneParameters>
      <TT>-0.72678720856178547</TT>
      <CFMAX>3.3418469004961637</CFMAX>
      <SP>0</SP>
      <SFCF>0.88174975529776689</SFCF>
      <CFR>0.024498714076031613</CFR>
      <CWH>0.10000000440963731</CWH>
      <CFGlacier>1</CFGlacier>
      <CFSlope>1</CFSlope>
      <FC>889.00874366544156</FC>
      <LP>0.5834703161993936</LP>
      <BETA>3.3121580373500059</BETA>
    </VegetationZoneParameters>
  </VegetationZone>
  <SubCatchment>
    <SubCatchmentParameters>
      <KSI>0.001</KSI>
      <KGmin>0.05</KGmin>
      <RangeKG>0.1</RangeKG>
      <AG>0.1</AG>
      <PERC>2.3284376311337707</PERC>
      <Alpha>0</Alpha>
      <UZL>84.789764838128789</UZL>
      <K0>0.19705904512598255</K0>
      <K1>0.080239937035441453</K1>
      <K2>0.0113006385082446</K2>
      <MAXBAS>1</MAXBAS>
      <Cet>0</Cet>
      <PCALT>10</PCALT>
      <TCALT>0.6</TCALT>
      <Pelev>3100</Pelev>
      <Telev>3100</Telev>
      <PART>0.5</PART>
      <DELAY>1</DELAY>
    </SubCatchmentParameters>
    <SubCatchmentVegetationZone>
      <SubCatchmentVegetationZoneParameters>
        <TT>-0.72678720856178547</TT>
        <CFMAX>3.3418469004961637</CFMAX>
        <SP>0</SP>
        <SFCF>0.88174975529776689</SFCF>
        <CFR>0.024498714076031613</CFR>
        <CWH>0.10000000440963731</CWH>
        <CFGlacier>1</CFGlacier>
        <CFSlope>1</CFSlope>
        <FC>889.00874366544156</FC>
        <LP>0.5834703161993936</LP>
        <BETA>3.3121580373500059</BETA>
      </SubCatchmentVegetationZoneParameters>
    </SubCatchmentVegetationZone>
  </SubCatchment>
</Catchment>