<?xml version="1.0" encoding="utf-8"?>
<Catchment xmlns:xsi="http://www.w3.org/2001/XMLSchema-instance" xmlns:xsd="http://www.w3.org/2001/XMLSchema">
  <CatchmentParameters>
    <KSI>0.001</KSI>
    <KGmin>0.05</KGmin>
    <RangeKG>0.1</RangeKG>
    <AG>0.1</AG>
    <PERC>9.6241137611754031</PERC>
    <Alpha>0</Alpha>
    <UZL>165.05205671409524</UZL>
    <K0>0.43087148502245409</K0>
    <K1>0.40584446196410306</K1>
    <K2>0.079872175512543886</K2>
    <MAXBAS>1.0633899456873301</MAXBAS>
    <Cet>0</Cet>
    <PCALT>10</PCALT>
    <TCALT>0.6</TCALT>
    <Pelev>3100</Pelev>
    <Telev>3100</Telev>
    <PART>0.5</PART>
    <DELAY>1</DELAY>
  </CatchmentParameters>
  <VegetationZone>
    <VegetationZoneParameters>
      <TT>2.0483994847214277</TT>
      <CFMAX>4.56649271148311</CFMAX>
      <SP>0</SP>
      <SFCF>1.0410854961785214</SFCF>
      <CFR>0.075279830857287941</CFR>
      <CWH>0.14944588614516688</CWH>
      <CFGlacier>1</CFGlacier>
      <CFSlope>1</CFSlope>
      <FC>584.67662093350475</FC>
      <LP>0.61433252101302349</LP>
      <BETA>5.9875081707952553</BETA>
    </VegetationZoneParameters>
  </VegetationZone>
  <SubCatchment>
    <SubCatchmentParameters>
      <KSI>0.001</KSI>
      <KGmin>0.05</KGmin>
      <RangeKG>0.1</RangeKG>
      <AG>0.1</AG>
      <PERC>9.6241137611754031</PERC>
      <Alpha>0</Alpha>
      <UZL>165.05205671409524</UZL>
      <K0>0.43087148502245409</K0>
      <K1>0.40584446196410306</K1>
      <K2>0.079872175512543886</K2>
      <MAXBAS>1.0633899456873301</MAXBAS>
      <Cet>0</Cet>
      <PCALT>10</PCALT>
      <TCALT>0.6</TCALT>
      <Pelev>3100</Pelev>
      <Telev>3100</Telev>
      <PART>0.5</PART>
      <DELAY>1</DELAY>
    </SubCatchmentParameters>
    <SubCatchmentVegetationZone>
      <SubCatchmentVegetationZoneParameters>
        <TT>2.0483994847214277</TT>
        <CFMAX>4.56649271148311</CFMAX>
        <SP>0</SP>
        <SFCF>1.0410854961785214</SFCF>
        <CFR>0.075279830857287941</CFR>
        <CWH>0.14944588614516688</CWH>
        <CFGlacier>1</CFGlacier>
        <CFSlope>1</CFSlope>
        <FC>584.67662093350475</FC>
        <LP>0.61433252101302349</LP>
        <BETA>5.9875081707952553</BETA>
      </SubCatchmentVegetationZoneParameters>
    </SubCatchmentVegetationZone>
  </SubCatchment>
</Catchment>