<?xml version="1.0" encoding="utf-8"?>
<Catchment xmlns:xsi="http://www.w3.org/2001/XMLSchema-instance" xmlns:xsd="http://www.w3.org/2001/XMLSchema">
  <CatchmentParameters>
    <KSI>0.001</KSI>
    <KGmin>0.05</KGmin>
    <RangeKG>0.1</RangeKG>
    <AG>0.1</AG>
    <PERC>9.7870678647472573</PERC>
    <Alpha>0</Alpha>
    <UZL>110.95983321468542</UZL>
    <K0>0.38677007462980145</K0>
    <K1>0.3116191949629204</K1>
    <K2>0.0799318131571778</K2>
    <MAXBAS>1.2522309745331604</MAXBAS>
    <Cet>0</Cet>
    <PCALT>10</PCALT>
    <TCALT>0.6</TCALT>
    <Pelev>3100</Pelev>
    <Telev>3100</Telev>
    <PART>0.5</PART>
    <DELAY>1</DELAY>
  </CatchmentParameters>
  <VegetationZone>
    <VegetationZoneParameters>
      <TT>2.0887544464319237</TT>
      <CFMAX>4.5997757759969691</CFMAX>
      <SP>0</SP>
      <SFCF>0.84804947931272634</SFCF>
      <CFR>0.028613258629732741</CFR>
      <CWH>0.13694012230090261</CWH>
      <CFGlacier>1</CFGlacier>
      <CFSlope>1</CFSlope>
      <FC>372.28704433495466</FC>
      <LP>0.55036078913113362</LP>
      <BETA>5.3748876428351569</BETA>
    </VegetationZoneParameters>
  </VegetationZone>
  <SubCatchment>
    <SubCatchmentParameters>
      <KSI>0.001</KSI>
      <KGmin>0.05</KGmin>
      <RangeKG>0.1</RangeKG>
      <AG>0.1</AG>
      <PERC>9.7870678647472573</PERC>
      <Alpha>0</Alpha>
      <UZL>110.95983321468542</UZL>
      <K0>0.38677007462980145</K0>
      <K1>0.3116191949629204</K1>
      <K2>0.0799318131571778</K2>
      <MAXBAS>1.2522309745331604</MAXBAS>
      <Cet>0</Cet>
      <PCALT>10</PCALT>
      <TCALT>0.6</TCALT>
      <Pelev>3100</Pelev>
      <Telev>3100</Telev>
      <PART>0.5</PART>
      <DELAY>1</DELAY>
    </SubCatchmentParameters>
    <SubCatchmentVegetationZone>
      <SubCatchmentVegetationZoneParameters>
        <TT>2.0887544464319237</TT>
        <CFMAX>4.5997757759969691</CFMAX>
        <SP>0</SP>
        <SFCF>0.84804947931272634</SFCF>
        <CFR>0.028613258629732741</CFR>
        <CWH>0.13694012230090261</CWH>
        <CFGlacier>1</CFGlacier>
        <CFSlope>1</CFSlope>
        <FC>372.28704433495466</FC>
        <LP>0.55036078913113362</LP>
        <BETA>5.3748876428351569</BETA>
      </SubCatchmentVegetationZoneParameters>
    </SubCatchmentVegetationZone>
  </SubCatchment>
</Catchment>