<?xml version="1.0" encoding="utf-8"?>
<Catchment xmlns:xsi="http://www.w3.org/2001/XMLSchema-instance" xmlns:xsd="http://www.w3.org/2001/XMLSchema">
  <CatchmentParameters>
    <KSI>0.001</KSI>
    <KGmin>0.05</KGmin>
    <RangeKG>0.1</RangeKG>
    <AG>0.1</AG>
    <PERC>1.509732360078982</PERC>
    <Alpha>0</Alpha>
    <UZL>121.27459357879305</UZL>
    <K0>0.50047605578056709</K0>
    <K1>0.088397859709195767</K1>
    <K2>0.012192330644904274</K2>
    <MAXBAS>1</MAXBAS>
    <Cet>0</Cet>
    <PCALT>10</PCALT>
    <TCALT>0.6</TCALT>
    <Pelev>3100</Pelev>
    <Telev>3100</Telev>
    <PART>0.5</PART>
    <DELAY>1</DELAY>
  </CatchmentParameters>
  <VegetationZone>
    <VegetationZoneParameters>
      <TT>-1.8358395431134871</TT>
      <CFMAX>1.7526240868147478</CFMAX>
      <SP>0</SP>
      <SFCF>0.70168485538241865</SFCF>
      <CFR>0.0038682827176011931</CFR>
      <CWH>0.10000001014180084</CWH>
      <CFGlacier>1</CFGlacier>
      <CFSlope>1</CFSlope>
      <FC>782.06540175438261</FC>
      <LP>0.39416676395744471</LP>
      <BETA>1.9594039783955248</BETA>
    </VegetationZoneParameters>
  </VegetationZone>
  <SubCatchment>
    <SubCatchmentParameters>
      <KSI>0.001</KSI>
      <KGmin>0.05</KGmin>
      <RangeKG>0.1</RangeKG>
      <AG>0.1</AG>
      <PERC>1.509732360078982</PERC>
      <Alpha>0</Alpha>
      <UZL>121.27459357879305</UZL>
      <K0>0.50047605578056709</K0>
      <K1>0.088397859709195767</K1>
      <K2>0.012192330644904274</K2>
      <MAXBAS>1</MAXBAS>
      <Cet>0</Cet>
      <PCALT>10</PCALT>
      <TCALT>0.6</TCALT>
      <Pelev>3100</Pelev>
      <Telev>3100</Telev>
      <PART>0.5</PART>
      <DELAY>1</DELAY>
    </SubCatchmentParameters>
    <SubCatchmentVegetationZone>
      <SubCatchmentVegetationZoneParameters>
        <TT>-1.8358395431134871</TT>
        <CFMAX>1.7526240868147478</CFMAX>
        <SP>0</SP>
        <SFCF>0.70168485538241865</SFCF>
        <CFR>0.0038682827176011931</CFR>
        <CWH>0.10000001014180084</CWH>
        <CFGlacier>1</CFGlacier>
        <CFSlope>1</CFSlope>
        <FC>782.06540175438261</FC>
        <LP>0.39416676395744471</LP>
        <BETA>1.9594039783955248</BETA>
      </SubCatchmentVegetationZoneParameters>
    </SubCatchmentVegetationZone>
  </SubCatchment>
</Catchment>