<?xml version="1.0" encoding="utf-8"?>
<Catchment xmlns:xsi="http://www.w3.org/2001/XMLSchema-instance" xmlns:xsd="http://www.w3.org/2001/XMLSchema">
  <CatchmentParameters>
    <KSI>0.001</KSI>
    <KGmin>0.05</KGmin>
    <RangeKG>0.1</RangeKG>
    <AG>0.1</AG>
    <PERC>0.34199319171722381</PERC>
    <Alpha>0</Alpha>
    <UZL>58.252664701621747</UZL>
    <K0>0.43968678062086025</K0>
    <K1>0.020481241539013244</K1>
    <K2>0.010000319344902909</K2>
    <MAXBAS>1</MAXBAS>
    <Cet>0</Cet>
    <PCALT>10</PCALT>
    <TCALT>0.6</TCALT>
    <Pelev>3100</Pelev>
    <Telev>3100</Telev>
    <PART>0.5</PART>
    <DELAY>1</DELAY>
  </CatchmentParameters>
  <VegetationZone>
    <VegetationZoneParameters>
      <TT>-0.28427356415666494</TT>
      <CFMAX>3.6282981618953984</CFMAX>
      <SP>0</SP>
      <SFCF>0.80625495407664127</SFCF>
      <CFR>0.015537940398316484</CFR>
      <CWH>0.10000005352070726</CWH>
      <CFGlacier>1</CFGlacier>
      <CFSlope>1</CFSlope>
      <FC>641.76294413799212</FC>
      <LP>0.44002817781384884</LP>
      <BETA>2.5072956986808737</BETA>
    </VegetationZoneParameters>
  </VegetationZone>
  <SubCatchment>
    <SubCatchmentParameters>
      <KSI>0.001</KSI>
      <KGmin>0.05</KGmin>
      <RangeKG>0.1</RangeKG>
      <AG>0.1</AG>
      <PERC>0.34199319171722381</PERC>
      <Alpha>0</Alpha>
      <UZL>58.252664701621747</UZL>
      <K0>0.43968678062086025</K0>
      <K1>0.020481241539013244</K1>
      <K2>0.010000319344902909</K2>
      <MAXBAS>1</MAXBAS>
      <Cet>0</Cet>
      <PCALT>10</PCALT>
      <TCALT>0.6</TCALT>
      <Pelev>3100</Pelev>
      <Telev>3100</Telev>
      <PART>0.5</PART>
      <DELAY>1</DELAY>
    </SubCatchmentParameters>
    <SubCatchmentVegetationZone>
      <SubCatchmentVegetationZoneParameters>
        <TT>-0.28427356415666494</TT>
        <CFMAX>3.6282981618953984</CFMAX>
        <SP>0</SP>
        <SFCF>0.80625495407664127</SFCF>
        <CFR>0.015537940398316484</CFR>
        <CWH>0.10000005352070726</CWH>
        <CFGlacier>1</CFGlacier>
        <CFSlope>1</CFSlope>
        <FC>641.76294413799212</FC>
        <LP>0.44002817781384884</LP>
        <BETA>2.5072956986808737</BETA>
      </SubCatchmentVegetationZoneParameters>
    </SubCatchmentVegetationZone>
  </SubCatchment>
</Catchment>