<?xml version="1.0" encoding="utf-8"?>
<Catchment xmlns:xsi="http://www.w3.org/2001/XMLSchema-instance" xmlns:xsd="http://www.w3.org/2001/XMLSchema">
  <CatchmentParameters>
    <KSI>0.001</KSI>
    <KGmin>0.05</KGmin>
    <RangeKG>0.1</RangeKG>
    <AG>0.1</AG>
    <PERC>8.0214785270485454</PERC>
    <Alpha>0</Alpha>
    <UZL>129.20796546453798</UZL>
    <K0>0.60209470411402255</K0>
    <K1>0.16926054483136602</K1>
    <K2>0.056523632644224435</K2>
    <MAXBAS>1.1486570630153685</MAXBAS>
    <Cet>0</Cet>
    <PCALT>10</PCALT>
    <TCALT>0.6</TCALT>
    <Pelev>3100</Pelev>
    <Telev>3100</Telev>
    <PART>0.5</PART>
    <DELAY>1</DELAY>
  </CatchmentParameters>
  <VegetationZone>
    <VegetationZoneParameters>
      <TT>2.0034873988007975</TT>
      <CFMAX>4.9644011413857871</CFMAX>
      <SP>0</SP>
      <SFCF>0.74292670693960527</SFCF>
      <CFR>0.043310886321355858</CFR>
      <CWH>0.1459892667949847</CWH>
      <CFGlacier>1</CFGlacier>
      <CFSlope>1</CFSlope>
      <FC>179.94377963579251</FC>
      <LP>0.34324354302477483</LP>
      <BETA>5.6882938301080843</BETA>
    </VegetationZoneParameters>
  </VegetationZone>
  <SubCatchment>
    <SubCatchmentParameters>
      <KSI>0.001</KSI>
      <KGmin>0.05</KGmin>
      <RangeKG>0.1</RangeKG>
      <AG>0.1</AG>
      <PERC>8.0214785270485454</PERC>
      <Alpha>0</Alpha>
      <UZL>129.20796546453798</UZL>
      <K0>0.60209470411402255</K0>
      <K1>0.16926054483136602</K1>
      <K2>0.056523632644224435</K2>
      <MAXBAS>1.1486570630153685</MAXBAS>
      <Cet>0</Cet>
      <PCALT>10</PCALT>
      <TCALT>0.6</TCALT>
      <Pelev>3100</Pelev>
      <Telev>3100</Telev>
      <PART>0.5</PART>
      <DELAY>1</DELAY>
    </SubCatchmentParameters>
    <SubCatchmentVegetationZone>
      <SubCatchmentVegetationZoneParameters>
        <TT>2.0034873988007975</TT>
        <CFMAX>4.9644011413857871</CFMAX>
        <SP>0</SP>
        <SFCF>0.74292670693960527</SFCF>
        <CFR>0.043310886321355858</CFR>
        <CWH>0.1459892667949847</CWH>
        <CFGlacier>1</CFGlacier>
        <CFSlope>1</CFSlope>
        <FC>179.94377963579251</FC>
        <LP>0.34324354302477483</LP>
        <BETA>5.6882938301080843</BETA>
      </SubCatchmentVegetationZoneParameters>
    </SubCatchmentVegetationZone>
  </SubCatchment>
</Catchment>