<?xml version="1.0" encoding="utf-8"?>
<Catchment xmlns:xsi="http://www.w3.org/2001/XMLSchema-instance" xmlns:xsd="http://www.w3.org/2001/XMLSchema">
  <CatchmentParameters>
    <KSI>0.001</KSI>
    <KGmin>0.05</KGmin>
    <RangeKG>0.1</RangeKG>
    <AG>0.1</AG>
    <PERC>4.1968873687269612</PERC>
    <Alpha>0</Alpha>
    <UZL>174.90104614664651</UZL>
    <K0>0.69732822872630007</K0>
    <K1>0.35580376241638229</K1>
    <K2>0.010655094150358266</K2>
    <MAXBAS>1</MAXBAS>
    <Cet>0</Cet>
    <PCALT>10</PCALT>
    <TCALT>0.6</TCALT>
    <Pelev>3100</Pelev>
    <Telev>3100</Telev>
    <PART>0.5</PART>
    <DELAY>1</DELAY>
  </CatchmentParameters>
  <VegetationZone>
    <VegetationZoneParameters>
      <TT>-1.1905548533500596</TT>
      <CFMAX>2.5454258978613127</CFMAX>
      <SP>0</SP>
      <SFCF>0.72708231294255177</SFCF>
      <CFR>0.040470413123155136</CFR>
      <CWH>0.12049787457395977</CWH>
      <CFGlacier>1</CFGlacier>
      <CFSlope>1</CFSlope>
      <FC>640.01949839861379</FC>
      <LP>0.6210601806890681</LP>
      <BETA>3.2454499627543214</BETA>
    </VegetationZoneParameters>
  </VegetationZone>
  <SubCatchment>
    <SubCatchmentParameters>
      <KSI>0.001</KSI>
      <KGmin>0.05</KGmin>
      <RangeKG>0.1</RangeKG>
      <AG>0.1</AG>
      <PERC>4.1968873687269612</PERC>
      <Alpha>0</Alpha>
      <UZL>174.90104614664651</UZL>
      <K0>0.69732822872630007</K0>
      <K1>0.35580376241638229</K1>
      <K2>0.010655094150358266</K2>
      <MAXBAS>1</MAXBAS>
      <Cet>0</Cet>
      <PCALT>10</PCALT>
      <TCALT>0.6</TCALT>
      <Pelev>3100</Pelev>
      <Telev>3100</Telev>
      <PART>0.5</PART>
      <DELAY>1</DELAY>
    </SubCatchmentParameters>
    <SubCatchmentVegetationZone>
      <SubCatchmentVegetationZoneParameters>
        <TT>-1.1905548533500596</TT>
        <CFMAX>2.5454258978613127</CFMAX>
        <SP>0</SP>
        <SFCF>0.72708231294255177</SFCF>
        <CFR>0.040470413123155136</CFR>
        <CWH>0.12049787457395977</CWH>
        <CFGlacier>1</CFGlacier>
        <CFSlope>1</CFSlope>
        <FC>640.01949839861379</FC>
        <LP>0.6210601806890681</LP>
        <BETA>3.2454499627543214</BETA>
      </SubCatchmentVegetationZoneParameters>
    </SubCatchmentVegetationZone>
  </SubCatchment>
</Catchment>