<?xml version="1.0" encoding="utf-8"?>
<Catchment xmlns:xsi="http://www.w3.org/2001/XMLSchema-instance" xmlns:xsd="http://www.w3.org/2001/XMLSchema">
  <CatchmentParameters>
    <KSI>0.001</KSI>
    <KGmin>0.05</KGmin>
    <RangeKG>0.1</RangeKG>
    <AG>0.1</AG>
    <PERC>8.6144090238234874</PERC>
    <Alpha>0</Alpha>
    <UZL>80.104014829510874</UZL>
    <K0>0.27464500597982594</K0>
    <K1>0.14117041400444627</K1>
    <K2>0.07649090577801608</K2>
    <MAXBAS>1.5190664524515278</MAXBAS>
    <Cet>0</Cet>
    <PCALT>10</PCALT>
    <TCALT>0.6</TCALT>
    <Pelev>3100</Pelev>
    <Telev>3100</Telev>
    <PART>0.5</PART>
    <DELAY>1</DELAY>
  </CatchmentParameters>
  <VegetationZone>
    <VegetationZoneParameters>
      <TT>2.1287713070077894</TT>
      <CFMAX>4.3272357710946974</CFMAX>
      <SP>0</SP>
      <SFCF>0.64865896504920539</SFCF>
      <CFR>0.038454448404306465</CFR>
      <CWH>0.15013949644576752</CWH>
      <CFGlacier>1</CFGlacier>
      <CFSlope>1</CFSlope>
      <FC>378.76094019725826</FC>
      <LP>0.68634717113899368</LP>
      <BETA>4.9007266565073957</BETA>
    </VegetationZoneParameters>
  </VegetationZone>
  <SubCatchment>
    <SubCatchmentParameters>
      <KSI>0.001</KSI>
      <KGmin>0.05</KGmin>
      <RangeKG>0.1</RangeKG>
      <AG>0.1</AG>
      <PERC>8.6144090238234874</PERC>
      <Alpha>0</Alpha>
      <UZL>80.104014829510874</UZL>
      <K0>0.27464500597982594</K0>
      <K1>0.14117041400444627</K1>
      <K2>0.07649090577801608</K2>
      <MAXBAS>1.5190664524515278</MAXBAS>
      <Cet>0</Cet>
      <PCALT>10</PCALT>
      <TCALT>0.6</TCALT>
      <Pelev>3100</Pelev>
      <Telev>3100</Telev>
      <PART>0.5</PART>
      <DELAY>1</DELAY>
    </SubCatchmentParameters>
    <SubCatchmentVegetationZone>
      <SubCatchmentVegetationZoneParameters>
        <TT>2.1287713070077894</TT>
        <CFMAX>4.3272357710946974</CFMAX>
        <SP>0</SP>
        <SFCF>0.64865896504920539</SFCF>
        <CFR>0.038454448404306465</CFR>
        <CWH>0.15013949644576752</CWH>
        <CFGlacier>1</CFGlacier>
        <CFSlope>1</CFSlope>
        <FC>378.76094019725826</FC>
        <LP>0.68634717113899368</LP>
        <BETA>4.9007266565073957</BETA>
      </SubCatchmentVegetationZoneParameters>
    </SubCatchmentVegetationZone>
  </SubCatchment>
</Catchment>