<?xml version="1.0" encoding="utf-8"?>
<Catchment xmlns:xsi="http://www.w3.org/2001/XMLSchema-instance" xmlns:xsd="http://www.w3.org/2001/XMLSchema">
  <CatchmentParameters>
    <KSI>0.001</KSI>
    <KGmin>0.05</KGmin>
    <RangeKG>0.1</RangeKG>
    <AG>0.1</AG>
    <PERC>5.7334198604398718</PERC>
    <Alpha>0</Alpha>
    <UZL>92.800206225823487</UZL>
    <K0>0.30223579465130862</K0>
    <K1>0.037313240352285212</K1>
    <K2>0.092279061281116723</K2>
    <MAXBAS>1.519742079288928</MAXBAS>
    <Cet>0</Cet>
    <PCALT>10</PCALT>
    <TCALT>0.6</TCALT>
    <Pelev>3100</Pelev>
    <Telev>3100</Telev>
    <PART>0.5</PART>
    <DELAY>1</DELAY>
  </CatchmentParameters>
  <VegetationZone>
    <VegetationZoneParameters>
      <TT>1.1444707647208519</TT>
      <CFMAX>4.3319884057187368</CFMAX>
      <SP>0</SP>
      <SFCF>1.0154391280941009</SFCF>
      <CFR>0.0441478651100091</CFR>
      <CWH>0.177712654090907</CWH>
      <CFGlacier>1</CFGlacier>
      <CFSlope>1</CFSlope>
      <FC>956.6148531408287</FC>
      <LP>0.58789721538118211</LP>
      <BETA>5.04310461659249</BETA>
    </VegetationZoneParameters>
  </VegetationZone>
  <SubCatchment>
    <SubCatchmentParameters>
      <KSI>0.001</KSI>
      <KGmin>0.05</KGmin>
      <RangeKG>0.1</RangeKG>
      <AG>0.1</AG>
      <PERC>5.7334198604398718</PERC>
      <Alpha>0</Alpha>
      <UZL>92.800206225823487</UZL>
      <K0>0.30223579465130862</K0>
      <K1>0.037313240352285212</K1>
      <K2>0.092279061281116723</K2>
      <MAXBAS>1.519742079288928</MAXBAS>
      <Cet>0</Cet>
      <PCALT>10</PCALT>
      <TCALT>0.6</TCALT>
      <Pelev>3100</Pelev>
      <Telev>3100</Telev>
      <PART>0.5</PART>
      <DELAY>1</DELAY>
    </SubCatchmentParameters>
    <SubCatchmentVegetationZone>
      <SubCatchmentVegetationZoneParameters>
        <TT>1.1444707647208519</TT>
        <CFMAX>4.3319884057187368</CFMAX>
        <SP>0</SP>
        <SFCF>1.0154391280941009</SFCF>
        <CFR>0.0441478651100091</CFR>
        <CWH>0.177712654090907</CWH>
        <CFGlacier>1</CFGlacier>
        <CFSlope>1</CFSlope>
        <FC>956.6148531408287</FC>
        <LP>0.58789721538118211</LP>
        <BETA>5.04310461659249</BETA>
      </SubCatchmentVegetationZoneParameters>
    </SubCatchmentVegetationZone>
  </SubCatchment>
</Catchment>