<?xml version="1.0" encoding="utf-8"?>
<Catchment xmlns:xsi="http://www.w3.org/2001/XMLSchema-instance" xmlns:xsd="http://www.w3.org/2001/XMLSchema">
  <CatchmentParameters>
    <KSI>0.001</KSI>
    <KGmin>0.05</KGmin>
    <RangeKG>0.1</RangeKG>
    <AG>0.1</AG>
    <PERC>8.1145999862869544</PERC>
    <Alpha>0</Alpha>
    <UZL>142.67704702909714</UZL>
    <K0>0.563908175662509</K0>
    <K1>0.11667344703020018</K1>
    <K2>0.042083953019201349</K2>
    <MAXBAS>1.5795027357934255</MAXBAS>
    <Cet>0</Cet>
    <PCALT>10</PCALT>
    <TCALT>0.6</TCALT>
    <Pelev>3100</Pelev>
    <Telev>3100</Telev>
    <PART>0.5</PART>
    <DELAY>1</DELAY>
  </CatchmentParameters>
  <VegetationZone>
    <VegetationZoneParameters>
      <TT>2.0509578368930068</TT>
      <CFMAX>4.4667987355096095</CFMAX>
      <SP>0</SP>
      <SFCF>0.691072269213421</SFCF>
      <CFR>0.015712596940311126</CFR>
      <CWH>0.11221330383546681</CWH>
      <CFGlacier>1</CFGlacier>
      <CFSlope>1</CFSlope>
      <FC>745.73856578387165</FC>
      <LP>0.553490481254586</LP>
      <BETA>5.4203085000178381</BETA>
    </VegetationZoneParameters>
  </VegetationZone>
  <SubCatchment>
    <SubCatchmentParameters>
      <KSI>0.001</KSI>
      <KGmin>0.05</KGmin>
      <RangeKG>0.1</RangeKG>
      <AG>0.1</AG>
      <PERC>8.1145999862869544</PERC>
      <Alpha>0</Alpha>
      <UZL>142.67704702909714</UZL>
      <K0>0.563908175662509</K0>
      <K1>0.11667344703020018</K1>
      <K2>0.042083953019201349</K2>
      <MAXBAS>1.5795027357934255</MAXBAS>
      <Cet>0</Cet>
      <PCALT>10</PCALT>
      <TCALT>0.6</TCALT>
      <Pelev>3100</Pelev>
      <Telev>3100</Telev>
      <PART>0.5</PART>
      <DELAY>1</DELAY>
    </SubCatchmentParameters>
    <SubCatchmentVegetationZone>
      <SubCatchmentVegetationZoneParameters>
        <TT>2.0509578368930068</TT>
        <CFMAX>4.4667987355096095</CFMAX>
        <SP>0</SP>
        <SFCF>0.691072269213421</SFCF>
        <CFR>0.015712596940311126</CFR>
        <CWH>0.11221330383546681</CWH>
        <CFGlacier>1</CFGlacier>
        <CFSlope>1</CFSlope>
        <FC>745.73856578387165</FC>
        <LP>0.553490481254586</LP>
        <BETA>5.4203085000178381</BETA>
      </SubCatchmentVegetationZoneParameters>
    </SubCatchmentVegetationZone>
  </SubCatchment>
</Catchment>