<?xml version="1.0" encoding="utf-8"?>
<Catchment xmlns:xsi="http://www.w3.org/2001/XMLSchema-instance" xmlns:xsd="http://www.w3.org/2001/XMLSchema">
  <CatchmentParameters>
    <KSI>0.001</KSI>
    <KGmin>0.05</KGmin>
    <RangeKG>0.1</RangeKG>
    <AG>0.1</AG>
    <PERC>9.1801171995119244</PERC>
    <Alpha>0</Alpha>
    <UZL>157.39806260350957</UZL>
    <K0>0.5420389224617066</K0>
    <K1>0.34877737257558528</K1>
    <K2>0.071039339004009674</K2>
    <MAXBAS>1.7097139413696776</MAXBAS>
    <Cet>0</Cet>
    <PCALT>10</PCALT>
    <TCALT>0.6</TCALT>
    <Pelev>3100</Pelev>
    <Telev>3100</Telev>
    <PART>0.5</PART>
    <DELAY>1</DELAY>
  </CatchmentParameters>
  <VegetationZone>
    <VegetationZoneParameters>
      <TT>2.4625206872713568</TT>
      <CFMAX>4.7799018839207932</CFMAX>
      <SP>0</SP>
      <SFCF>1.0448880123464843</SFCF>
      <CFR>0.078027114702230282</CFR>
      <CWH>0.17185036633010212</CWH>
      <CFGlacier>1</CFGlacier>
      <CFSlope>1</CFSlope>
      <FC>217.41501409845552</FC>
      <LP>0.61678053394459653</LP>
      <BETA>4.9006463672967149</BETA>
    </VegetationZoneParameters>
  </VegetationZone>
  <SubCatchment>
    <SubCatchmentParameters>
      <KSI>0.001</KSI>
      <KGmin>0.05</KGmin>
      <RangeKG>0.1</RangeKG>
      <AG>0.1</AG>
      <PERC>9.1801171995119244</PERC>
      <Alpha>0</Alpha>
      <UZL>157.39806260350957</UZL>
      <K0>0.5420389224617066</K0>
      <K1>0.34877737257558528</K1>
      <K2>0.071039339004009674</K2>
      <MAXBAS>1.7097139413696776</MAXBAS>
      <Cet>0</Cet>
      <PCALT>10</PCALT>
      <TCALT>0.6</TCALT>
      <Pelev>3100</Pelev>
      <Telev>3100</Telev>
      <PART>0.5</PART>
      <DELAY>1</DELAY>
    </SubCatchmentParameters>
    <SubCatchmentVegetationZone>
      <SubCatchmentVegetationZoneParameters>
        <TT>2.4625206872713568</TT>
        <CFMAX>4.7799018839207932</CFMAX>
        <SP>0</SP>
        <SFCF>1.0448880123464843</SFCF>
        <CFR>0.078027114702230282</CFR>
        <CWH>0.17185036633010212</CWH>
        <CFGlacier>1</CFGlacier>
        <CFSlope>1</CFSlope>
        <FC>217.41501409845552</FC>
        <LP>0.61678053394459653</LP>
        <BETA>4.9006463672967149</BETA>
      </SubCatchmentVegetationZoneParameters>
    </SubCatchmentVegetationZone>
  </SubCatchment>
</Catchment>