<?xml version="1.0" encoding="utf-8"?>
<Catchment xmlns:xsi="http://www.w3.org/2001/XMLSchema-instance" xmlns:xsd="http://www.w3.org/2001/XMLSchema">
  <CatchmentParameters>
    <KSI>0.001</KSI>
    <KGmin>0.05</KGmin>
    <RangeKG>0.1</RangeKG>
    <AG>0.1</AG>
    <PERC>3.293995802761656</PERC>
    <Alpha>0</Alpha>
    <UZL>180.6349841358</UZL>
    <K0>0.503994346716232</K0>
    <K1>0.26858524446760118</K1>
    <K2>0.011466805307669621</K2>
    <MAXBAS>1</MAXBAS>
    <Cet>0</Cet>
    <PCALT>10</PCALT>
    <TCALT>0.6</TCALT>
    <Pelev>3100</Pelev>
    <Telev>3100</Telev>
    <PART>0.5</PART>
    <DELAY>1</DELAY>
  </CatchmentParameters>
  <VegetationZone>
    <VegetationZoneParameters>
      <TT>-0.80001878591983877</TT>
      <CFMAX>2.8806093201947207</CFMAX>
      <SP>0</SP>
      <SFCF>0.7862979971873737</SFCF>
      <CFR>0.036112466822638377</CFR>
      <CWH>0.10000193898858452</CWH>
      <CFGlacier>1</CFGlacier>
      <CFSlope>1</CFSlope>
      <FC>816.10846416245</FC>
      <LP>0.47888797530987082</LP>
      <BETA>2.469917778438635</BETA>
    </VegetationZoneParameters>
  </VegetationZone>
  <SubCatchment>
    <SubCatchmentParameters>
      <KSI>0.001</KSI>
      <KGmin>0.05</KGmin>
      <RangeKG>0.1</RangeKG>
      <AG>0.1</AG>
      <PERC>3.293995802761656</PERC>
      <Alpha>0</Alpha>
      <UZL>180.6349841358</UZL>
      <K0>0.503994346716232</K0>
      <K1>0.26858524446760118</K1>
      <K2>0.011466805307669621</K2>
      <MAXBAS>1</MAXBAS>
      <Cet>0</Cet>
      <PCALT>10</PCALT>
      <TCALT>0.6</TCALT>
      <Pelev>3100</Pelev>
      <Telev>3100</Telev>
      <PART>0.5</PART>
      <DELAY>1</DELAY>
    </SubCatchmentParameters>
    <SubCatchmentVegetationZone>
      <SubCatchmentVegetationZoneParameters>
        <TT>-0.80001878591983877</TT>
        <CFMAX>2.8806093201947207</CFMAX>
        <SP>0</SP>
        <SFCF>0.7862979971873737</SFCF>
        <CFR>0.036112466822638377</CFR>
        <CWH>0.10000193898858452</CWH>
        <CFGlacier>1</CFGlacier>
        <CFSlope>1</CFSlope>
        <FC>816.10846416245</FC>
        <LP>0.47888797530987082</LP>
        <BETA>2.469917778438635</BETA>
      </SubCatchmentVegetationZoneParameters>
    </SubCatchmentVegetationZone>
  </SubCatchment>
</Catchment>