<?xml version="1.0" encoding="utf-8"?>
<Catchment xmlns:xsi="http://www.w3.org/2001/XMLSchema-instance" xmlns:xsd="http://www.w3.org/2001/XMLSchema">
  <CatchmentParameters>
    <KSI>0.001</KSI>
    <KGmin>0.05</KGmin>
    <RangeKG>0.1</RangeKG>
    <AG>0.1</AG>
    <PERC>5.8901934898662258</PERC>
    <Alpha>0</Alpha>
    <UZL>140.7266414017561</UZL>
    <K0>0.26078309596112415</K0>
    <K1>0.11475721224111982</K1>
    <K2>0.099312342430468742</K2>
    <MAXBAS>1.3891012101982105</MAXBAS>
    <Cet>0</Cet>
    <PCALT>10</PCALT>
    <TCALT>0.6</TCALT>
    <Pelev>3100</Pelev>
    <Telev>3100</Telev>
    <PART>0.5</PART>
    <DELAY>1</DELAY>
  </CatchmentParameters>
  <VegetationZone>
    <VegetationZoneParameters>
      <TT>1.7943089346077203</TT>
      <CFMAX>4.0468782562435379</CFMAX>
      <SP>0</SP>
      <SFCF>1.0413072290664633</SFCF>
      <CFR>0.035423400889006647</CFR>
      <CWH>0.129773788125739</CWH>
      <CFGlacier>1</CFGlacier>
      <CFSlope>1</CFSlope>
      <FC>534.43069212445687</FC>
      <LP>0.57234123004649839</LP>
      <BETA>5.339337181487223</BETA>
    </VegetationZoneParameters>
  </VegetationZone>
  <SubCatchment>
    <SubCatchmentParameters>
      <KSI>0.001</KSI>
      <KGmin>0.05</KGmin>
      <RangeKG>0.1</RangeKG>
      <AG>0.1</AG>
      <PERC>5.8901934898662258</PERC>
      <Alpha>0</Alpha>
      <UZL>140.7266414017561</UZL>
      <K0>0.26078309596112415</K0>
      <K1>0.11475721224111982</K1>
      <K2>0.099312342430468742</K2>
      <MAXBAS>1.3891012101982105</MAXBAS>
      <Cet>0</Cet>
      <PCALT>10</PCALT>
      <TCALT>0.6</TCALT>
      <Pelev>3100</Pelev>
      <Telev>3100</Telev>
      <PART>0.5</PART>
      <DELAY>1</DELAY>
    </SubCatchmentParameters>
    <SubCatchmentVegetationZone>
      <SubCatchmentVegetationZoneParameters>
        <TT>1.7943089346077203</TT>
        <CFMAX>4.0468782562435379</CFMAX>
        <SP>0</SP>
        <SFCF>1.0413072290664633</SFCF>
        <CFR>0.035423400889006647</CFR>
        <CWH>0.129773788125739</CWH>
        <CFGlacier>1</CFGlacier>
        <CFSlope>1</CFSlope>
        <FC>534.43069212445687</FC>
        <LP>0.57234123004649839</LP>
        <BETA>5.339337181487223</BETA>
      </SubCatchmentVegetationZoneParameters>
    </SubCatchmentVegetationZone>
  </SubCatchment>
</Catchment>