<?xml version="1.0" encoding="utf-8"?>
<Catchment xmlns:xsi="http://www.w3.org/2001/XMLSchema-instance" xmlns:xsd="http://www.w3.org/2001/XMLSchema">
  <CatchmentParameters>
    <KSI>0.001</KSI>
    <KGmin>0.05</KGmin>
    <RangeKG>0.1</RangeKG>
    <AG>0.1</AG>
    <PERC>9.2276774107732322</PERC>
    <Alpha>0</Alpha>
    <UZL>105.08902431943811</UZL>
    <K0>0.07147833839402995</K0>
    <K1>0.41507324477880592</K1>
    <K2>0.076215058629737417</K2>
    <MAXBAS>1.2632088062792053</MAXBAS>
    <Cet>0</Cet>
    <PCALT>10</PCALT>
    <TCALT>0.6</TCALT>
    <Pelev>3100</Pelev>
    <Telev>3100</Telev>
    <PART>0.5</PART>
    <DELAY>1</DELAY>
  </CatchmentParameters>
  <VegetationZone>
    <VegetationZoneParameters>
      <TT>2.0605559213530675</TT>
      <CFMAX>4.297085254925932</CFMAX>
      <SP>0</SP>
      <SFCF>0.995309122795592</SFCF>
      <CFR>0.077911809164261131</CFR>
      <CWH>0.15019126317370249</CWH>
      <CFGlacier>1</CFGlacier>
      <CFSlope>1</CFSlope>
      <FC>902.48982931940157</FC>
      <LP>0.32861714612307497</LP>
      <BETA>3.7187252800211423</BETA>
    </VegetationZoneParameters>
  </VegetationZone>
  <SubCatchment>
    <SubCatchmentParameters>
      <KSI>0.001</KSI>
      <KGmin>0.05</KGmin>
      <RangeKG>0.1</RangeKG>
      <AG>0.1</AG>
      <PERC>9.2276774107732322</PERC>
      <Alpha>0</Alpha>
      <UZL>105.08902431943811</UZL>
      <K0>0.07147833839402995</K0>
      <K1>0.41507324477880592</K1>
      <K2>0.076215058629737417</K2>
      <MAXBAS>1.2632088062792053</MAXBAS>
      <Cet>0</Cet>
      <PCALT>10</PCALT>
      <TCALT>0.6</TCALT>
      <Pelev>3100</Pelev>
      <Telev>3100</Telev>
      <PART>0.5</PART>
      <DELAY>1</DELAY>
    </SubCatchmentParameters>
    <SubCatchmentVegetationZone>
      <SubCatchmentVegetationZoneParameters>
        <TT>2.0605559213530675</TT>
        <CFMAX>4.297085254925932</CFMAX>
        <SP>0</SP>
        <SFCF>0.995309122795592</SFCF>
        <CFR>0.077911809164261131</CFR>
        <CWH>0.15019126317370249</CWH>
        <CFGlacier>1</CFGlacier>
        <CFSlope>1</CFSlope>
        <FC>902.48982931940157</FC>
        <LP>0.32861714612307497</LP>
        <BETA>3.7187252800211423</BETA>
      </SubCatchmentVegetationZoneParameters>
    </SubCatchmentVegetationZone>
  </SubCatchment>
</Catchment>