<?xml version="1.0" encoding="utf-8"?>
<Catchment xmlns:xsi="http://www.w3.org/2001/XMLSchema-instance" xmlns:xsd="http://www.w3.org/2001/XMLSchema">
  <CatchmentParameters>
    <KSI>0.001</KSI>
    <KGmin>0.05</KGmin>
    <RangeKG>0.1</RangeKG>
    <AG>0.1</AG>
    <PERC>6.69307155616888</PERC>
    <Alpha>0</Alpha>
    <UZL>150.53357750006097</UZL>
    <K0>0.25953534330393707</K0>
    <K1>0.39770146442265986</K1>
    <K2>0.092427336607795341</K2>
    <MAXBAS>1.9811741789418269</MAXBAS>
    <Cet>0</Cet>
    <PCALT>10</PCALT>
    <TCALT>0.6</TCALT>
    <Pelev>3100</Pelev>
    <Telev>3100</Telev>
    <PART>0.5</PART>
    <DELAY>1</DELAY>
  </CatchmentParameters>
  <VegetationZone>
    <VegetationZoneParameters>
      <TT>2.305357294430836</TT>
      <CFMAX>3.6035206113082721</CFMAX>
      <SP>0</SP>
      <SFCF>0.84848343384060854</SFCF>
      <CFR>0.00035199358261158987</CFR>
      <CWH>0.16242992236270568</CWH>
      <CFGlacier>1</CFGlacier>
      <CFSlope>1</CFSlope>
      <FC>503.66248567288</FC>
      <LP>0.48737656479330771</LP>
      <BETA>5.1013932456704891</BETA>
    </VegetationZoneParameters>
  </VegetationZone>
  <SubCatchment>
    <SubCatchmentParameters>
      <KSI>0.001</KSI>
      <KGmin>0.05</KGmin>
      <RangeKG>0.1</RangeKG>
      <AG>0.1</AG>
      <PERC>6.69307155616888</PERC>
      <Alpha>0</Alpha>
      <UZL>150.53357750006097</UZL>
      <K0>0.25953534330393707</K0>
      <K1>0.39770146442265986</K1>
      <K2>0.092427336607795341</K2>
      <MAXBAS>1.9811741789418269</MAXBAS>
      <Cet>0</Cet>
      <PCALT>10</PCALT>
      <TCALT>0.6</TCALT>
      <Pelev>3100</Pelev>
      <Telev>3100</Telev>
      <PART>0.5</PART>
      <DELAY>1</DELAY>
    </SubCatchmentParameters>
    <SubCatchmentVegetationZone>
      <SubCatchmentVegetationZoneParameters>
        <TT>2.305357294430836</TT>
        <CFMAX>3.6035206113082721</CFMAX>
        <SP>0</SP>
        <SFCF>0.84848343384060854</SFCF>
        <CFR>0.00035199358261158987</CFR>
        <CWH>0.16242992236270568</CWH>
        <CFGlacier>1</CFGlacier>
        <CFSlope>1</CFSlope>
        <FC>503.66248567288</FC>
        <LP>0.48737656479330771</LP>
        <BETA>5.1013932456704891</BETA>
      </SubCatchmentVegetationZoneParameters>
    </SubCatchmentVegetationZone>
  </SubCatchment>
</Catchment>