<?xml version="1.0" encoding="utf-8"?>
<Catchment xmlns:xsi="http://www.w3.org/2001/XMLSchema-instance" xmlns:xsd="http://www.w3.org/2001/XMLSchema">
  <CatchmentParameters>
    <KSI>0.001</KSI>
    <KGmin>0.05</KGmin>
    <RangeKG>0.1</RangeKG>
    <AG>0.1</AG>
    <PERC>7.0896883459658664</PERC>
    <Alpha>0</Alpha>
    <UZL>127.98378079524194</UZL>
    <K0>0.5122452611266316</K0>
    <K1>0.28178195604133843</K1>
    <K2>0.059877132108492333</K2>
    <MAXBAS>1.7175443495422802</MAXBAS>
    <Cet>0</Cet>
    <PCALT>10</PCALT>
    <TCALT>0.6</TCALT>
    <Pelev>3100</Pelev>
    <Telev>3100</Telev>
    <PART>0.5</PART>
    <DELAY>1</DELAY>
  </CatchmentParameters>
  <VegetationZone>
    <VegetationZoneParameters>
      <TT>2.0074631084800272</TT>
      <CFMAX>4.894255993138124</CFMAX>
      <SP>0</SP>
      <SFCF>0.60408501867967812</SFCF>
      <CFR>0.070111332243596516</CFR>
      <CWH>0.14732774429636025</CWH>
      <CFGlacier>1</CFGlacier>
      <CFSlope>1</CFSlope>
      <FC>658.37710850365875</FC>
      <LP>0.61056069592303386</LP>
      <BETA>5.7037671615985648</BETA>
    </VegetationZoneParameters>
  </VegetationZone>
  <SubCatchment>
    <SubCatchmentParameters>
      <KSI>0.001</KSI>
      <KGmin>0.05</KGmin>
      <RangeKG>0.1</RangeKG>
      <AG>0.1</AG>
      <PERC>7.0896883459658664</PERC>
      <Alpha>0</Alpha>
      <UZL>127.98378079524194</UZL>
      <K0>0.5122452611266316</K0>
      <K1>0.28178195604133843</K1>
      <K2>0.059877132108492333</K2>
      <MAXBAS>1.7175443495422802</MAXBAS>
      <Cet>0</Cet>
      <PCALT>10</PCALT>
      <TCALT>0.6</TCALT>
      <Pelev>3100</Pelev>
      <Telev>3100</Telev>
      <PART>0.5</PART>
      <DELAY>1</DELAY>
    </SubCatchmentParameters>
    <SubCatchmentVegetationZone>
      <SubCatchmentVegetationZoneParameters>
        <TT>2.0074631084800272</TT>
        <CFMAX>4.894255993138124</CFMAX>
        <SP>0</SP>
        <SFCF>0.60408501867967812</SFCF>
        <CFR>0.070111332243596516</CFR>
        <CWH>0.14732774429636025</CWH>
        <CFGlacier>1</CFGlacier>
        <CFSlope>1</CFSlope>
        <FC>658.37710850365875</FC>
        <LP>0.61056069592303386</LP>
        <BETA>5.7037671615985648</BETA>
      </SubCatchmentVegetationZoneParameters>
    </SubCatchmentVegetationZone>
  </SubCatchment>
</Catchment>