<?xml version="1.0" encoding="utf-8"?>
<Catchment xmlns:xsi="http://www.w3.org/2001/XMLSchema-instance" xmlns:xsd="http://www.w3.org/2001/XMLSchema">
  <CatchmentParameters>
    <KSI>0.001</KSI>
    <KGmin>0.05</KGmin>
    <RangeKG>0.1</RangeKG>
    <AG>0.1</AG>
    <PERC>5.453588726534508</PERC>
    <Alpha>0</Alpha>
    <UZL>148.075849996052</UZL>
    <K0>0.23918595249748179</K0>
    <K1>0.23340180845036271</K1>
    <K2>0.010604294125350907</K2>
    <MAXBAS>1</MAXBAS>
    <Cet>0</Cet>
    <PCALT>10</PCALT>
    <TCALT>0.6</TCALT>
    <Pelev>3100</Pelev>
    <Telev>3100</Telev>
    <PART>0.5</PART>
    <DELAY>1</DELAY>
  </CatchmentParameters>
  <VegetationZone>
    <VegetationZoneParameters>
      <TT>-1.1000514780649264</TT>
      <CFMAX>3.5683871434983736</CFMAX>
      <SP>0</SP>
      <SFCF>0.8469392571808565</SFCF>
      <CFR>0.029965769466600005</CFR>
      <CWH>0.10001153925173248</CWH>
      <CFGlacier>1</CFGlacier>
      <CFSlope>1</CFSlope>
      <FC>749.73425496030313</FC>
      <LP>0.63921968114517358</LP>
      <BETA>3.664917710903393</BETA>
    </VegetationZoneParameters>
  </VegetationZone>
  <SubCatchment>
    <SubCatchmentParameters>
      <KSI>0.001</KSI>
      <KGmin>0.05</KGmin>
      <RangeKG>0.1</RangeKG>
      <AG>0.1</AG>
      <PERC>5.453588726534508</PERC>
      <Alpha>0</Alpha>
      <UZL>148.075849996052</UZL>
      <K0>0.23918595249748179</K0>
      <K1>0.23340180845036271</K1>
      <K2>0.010604294125350907</K2>
      <MAXBAS>1</MAXBAS>
      <Cet>0</Cet>
      <PCALT>10</PCALT>
      <TCALT>0.6</TCALT>
      <Pelev>3100</Pelev>
      <Telev>3100</Telev>
      <PART>0.5</PART>
      <DELAY>1</DELAY>
    </SubCatchmentParameters>
    <SubCatchmentVegetationZone>
      <SubCatchmentVegetationZoneParameters>
        <TT>-1.1000514780649264</TT>
        <CFMAX>3.5683871434983736</CFMAX>
        <SP>0</SP>
        <SFCF>0.8469392571808565</SFCF>
        <CFR>0.029965769466600005</CFR>
        <CWH>0.10001153925173248</CWH>
        <CFGlacier>1</CFGlacier>
        <CFSlope>1</CFSlope>
        <FC>749.73425496030313</FC>
        <LP>0.63921968114517358</LP>
        <BETA>3.664917710903393</BETA>
      </SubCatchmentVegetationZoneParameters>
    </SubCatchmentVegetationZone>
  </SubCatchment>
</Catchment>