<?xml version="1.0" encoding="utf-8"?>
<Catchment xmlns:xsi="http://www.w3.org/2001/XMLSchema-instance" xmlns:xsd="http://www.w3.org/2001/XMLSchema">
  <CatchmentParameters>
    <KSI>0.001</KSI>
    <KGmin>0.05</KGmin>
    <RangeKG>0.1</RangeKG>
    <AG>0.1</AG>
    <PERC>2.7067971666536836</PERC>
    <Alpha>0</Alpha>
    <UZL>124.20957899061838</UZL>
    <K0>0.49810932115296908</K0>
    <K1>0.0743720062193466</K1>
    <K2>0.010000000144709054</K2>
    <MAXBAS>1</MAXBAS>
    <Cet>0</Cet>
    <PCALT>10</PCALT>
    <TCALT>0.6</TCALT>
    <Pelev>3100</Pelev>
    <Telev>3100</Telev>
    <PART>0.5</PART>
    <DELAY>1</DELAY>
  </CatchmentParameters>
  <VegetationZone>
    <VegetationZoneParameters>
      <TT>-0.32655958271246727</TT>
      <CFMAX>2.8184716772332483</CFMAX>
      <SP>0</SP>
      <SFCF>0.62135262599559959</SFCF>
      <CFR>0.027188709946624479</CFR>
      <CWH>0.10262975084283464</CWH>
      <CFGlacier>1</CFGlacier>
      <CFSlope>1</CFSlope>
      <FC>530.89109686252812</FC>
      <LP>0.77018125869332443</LP>
      <BETA>3.9989290368680019</BETA>
    </VegetationZoneParameters>
  </VegetationZone>
  <SubCatchment>
    <SubCatchmentParameters>
      <KSI>0.001</KSI>
      <KGmin>0.05</KGmin>
      <RangeKG>0.1</RangeKG>
      <AG>0.1</AG>
      <PERC>2.7067971666536836</PERC>
      <Alpha>0</Alpha>
      <UZL>124.20957899061838</UZL>
      <K0>0.49810932115296908</K0>
      <K1>0.0743720062193466</K1>
      <K2>0.010000000144709054</K2>
      <MAXBAS>1</MAXBAS>
      <Cet>0</Cet>
      <PCALT>10</PCALT>
      <TCALT>0.6</TCALT>
      <Pelev>3100</Pelev>
      <Telev>3100</Telev>
      <PART>0.5</PART>
      <DELAY>1</DELAY>
    </SubCatchmentParameters>
    <SubCatchmentVegetationZone>
      <SubCatchmentVegetationZoneParameters>
        <TT>-0.32655958271246727</TT>
        <CFMAX>2.8184716772332483</CFMAX>
        <SP>0</SP>
        <SFCF>0.62135262599559959</SFCF>
        <CFR>0.027188709946624479</CFR>
        <CWH>0.10262975084283464</CWH>
        <CFGlacier>1</CFGlacier>
        <CFSlope>1</CFSlope>
        <FC>530.89109686252812</FC>
        <LP>0.77018125869332443</LP>
        <BETA>3.9989290368680019</BETA>
      </SubCatchmentVegetationZoneParameters>
    </SubCatchmentVegetationZone>
  </SubCatchment>
</Catchment>