<?xml version="1.0" encoding="utf-8"?>
<Catchment xmlns:xsi="http://www.w3.org/2001/XMLSchema-instance" xmlns:xsd="http://www.w3.org/2001/XMLSchema">
  <CatchmentParameters>
    <KSI>0.001</KSI>
    <KGmin>0.05</KGmin>
    <RangeKG>0.1</RangeKG>
    <AG>0.1</AG>
    <PERC>4.0066011436639943</PERC>
    <Alpha>0</Alpha>
    <UZL>90.441447070430073</UZL>
    <K0>0.058394319499059939</K0>
    <K1>0.0702000345122657</K1>
    <K2>0.01207606586162089</K2>
    <MAXBAS>1</MAXBAS>
    <Cet>0</Cet>
    <PCALT>10</PCALT>
    <TCALT>0.6</TCALT>
    <Pelev>3100</Pelev>
    <Telev>3100</Telev>
    <PART>0.5</PART>
    <DELAY>1</DELAY>
  </CatchmentParameters>
  <VegetationZone>
    <VegetationZoneParameters>
      <TT>-0.055998643402977777</TT>
      <CFMAX>4.6944267201428511</CFMAX>
      <SP>0</SP>
      <SFCF>0.76365145006676916</SFCF>
      <CFR>0.020055794325889623</CFR>
      <CWH>0.10000000012650354</CWH>
      <CFGlacier>1</CFGlacier>
      <CFSlope>1</CFSlope>
      <FC>737.531707856874</FC>
      <LP>0.60055385010417661</LP>
      <BETA>3.0378581165039416</BETA>
    </VegetationZoneParameters>
  </VegetationZone>
  <SubCatchment>
    <SubCatchmentParameters>
      <KSI>0.001</KSI>
      <KGmin>0.05</KGmin>
      <RangeKG>0.1</RangeKG>
      <AG>0.1</AG>
      <PERC>4.0066011436639943</PERC>
      <Alpha>0</Alpha>
      <UZL>90.441447070430073</UZL>
      <K0>0.058394319499059939</K0>
      <K1>0.0702000345122657</K1>
      <K2>0.01207606586162089</K2>
      <MAXBAS>1</MAXBAS>
      <Cet>0</Cet>
      <PCALT>10</PCALT>
      <TCALT>0.6</TCALT>
      <Pelev>3100</Pelev>
      <Telev>3100</Telev>
      <PART>0.5</PART>
      <DELAY>1</DELAY>
    </SubCatchmentParameters>
    <SubCatchmentVegetationZone>
      <SubCatchmentVegetationZoneParameters>
        <TT>-0.055998643402977777</TT>
        <CFMAX>4.6944267201428511</CFMAX>
        <SP>0</SP>
        <SFCF>0.76365145006676916</SFCF>
        <CFR>0.020055794325889623</CFR>
        <CWH>0.10000000012650354</CWH>
        <CFGlacier>1</CFGlacier>
        <CFSlope>1</CFSlope>
        <FC>737.531707856874</FC>
        <LP>0.60055385010417661</LP>
        <BETA>3.0378581165039416</BETA>
      </SubCatchmentVegetationZoneParameters>
    </SubCatchmentVegetationZone>
  </SubCatchment>
</Catchment>