<?xml version="1.0" encoding="utf-8"?>
<Catchment xmlns:xsi="http://www.w3.org/2001/XMLSchema-instance" xmlns:xsd="http://www.w3.org/2001/XMLSchema">
  <CatchmentParameters>
    <KSI>0.001</KSI>
    <KGmin>0.05</KGmin>
    <RangeKG>0.1</RangeKG>
    <AG>0.1</AG>
    <PERC>8.7509190899730029</PERC>
    <Alpha>0</Alpha>
    <UZL>148.77470741872608</UZL>
    <K0>0.52810458893013079</K0>
    <K1>0.30682764185487138</K1>
    <K2>0.10871912157685798</K2>
    <MAXBAS>1.1847809466587527</MAXBAS>
    <Cet>0</Cet>
    <PCALT>10</PCALT>
    <TCALT>0.6</TCALT>
    <Pelev>3100</Pelev>
    <Telev>3100</Telev>
    <PART>0.5</PART>
    <DELAY>1</DELAY>
  </CatchmentParameters>
  <VegetationZone>
    <VegetationZoneParameters>
      <TT>2.4759751836811046</TT>
      <CFMAX>2.927988191289157</CFMAX>
      <SP>0</SP>
      <SFCF>0.72570790991367506</SFCF>
      <CFR>0.068852711773875808</CFR>
      <CWH>0.15737185150416738</CWH>
      <CFGlacier>1</CFGlacier>
      <CFSlope>1</CFSlope>
      <FC>666.07581903018331</FC>
      <LP>0.5548554821410695</LP>
      <BETA>3.6502540601329665</BETA>
    </VegetationZoneParameters>
  </VegetationZone>
  <SubCatchment>
    <SubCatchmentParameters>
      <KSI>0.001</KSI>
      <KGmin>0.05</KGmin>
      <RangeKG>0.1</RangeKG>
      <AG>0.1</AG>
      <PERC>8.7509190899730029</PERC>
      <Alpha>0</Alpha>
      <UZL>148.77470741872608</UZL>
      <K0>0.52810458893013079</K0>
      <K1>0.30682764185487138</K1>
      <K2>0.10871912157685798</K2>
      <MAXBAS>1.1847809466587527</MAXBAS>
      <Cet>0</Cet>
      <PCALT>10</PCALT>
      <TCALT>0.6</TCALT>
      <Pelev>3100</Pelev>
      <Telev>3100</Telev>
      <PART>0.5</PART>
      <DELAY>1</DELAY>
    </SubCatchmentParameters>
    <SubCatchmentVegetationZone>
      <SubCatchmentVegetationZoneParameters>
        <TT>2.4759751836811046</TT>
        <CFMAX>2.927988191289157</CFMAX>
        <SP>0</SP>
        <SFCF>0.72570790991367506</SFCF>
        <CFR>0.068852711773875808</CFR>
        <CWH>0.15737185150416738</CWH>
        <CFGlacier>1</CFGlacier>
        <CFSlope>1</CFSlope>
        <FC>666.07581903018331</FC>
        <LP>0.5548554821410695</LP>
        <BETA>3.6502540601329665</BETA>
      </SubCatchmentVegetationZoneParameters>
    </SubCatchmentVegetationZone>
  </SubCatchment>
</Catchment>