<?xml version="1.0" encoding="utf-8"?>
<Catchment xmlns:xsi="http://www.w3.org/2001/XMLSchema-instance" xmlns:xsd="http://www.w3.org/2001/XMLSchema">
  <CatchmentParameters>
    <KSI>0.001</KSI>
    <KGmin>0.05</KGmin>
    <RangeKG>0.1</RangeKG>
    <AG>0.1</AG>
    <PERC>3.7387684565043768</PERC>
    <Alpha>0</Alpha>
    <UZL>163.75717125071458</UZL>
    <K0>0.59414626673633508</K0>
    <K1>0.20903157322470023</K1>
    <K2>0.010574920282683364</K2>
    <MAXBAS>1</MAXBAS>
    <Cet>0</Cet>
    <PCALT>10</PCALT>
    <TCALT>0.6</TCALT>
    <Pelev>3100</Pelev>
    <Telev>3100</Telev>
    <PART>0.5</PART>
    <DELAY>1</DELAY>
  </CatchmentParameters>
  <VegetationZone>
    <VegetationZoneParameters>
      <TT>-0.81276382242547607</TT>
      <CFMAX>3.4032586484777605</CFMAX>
      <SP>0</SP>
      <SFCF>0.91171403976074028</SFCF>
      <CFR>0.032413812028694561</CFR>
      <CWH>0.10000657805456166</CWH>
      <CFGlacier>1</CFGlacier>
      <CFSlope>1</CFSlope>
      <FC>820.55994325979145</FC>
      <LP>0.44408310936230944</LP>
      <BETA>2.6184639865269363</BETA>
    </VegetationZoneParameters>
  </VegetationZone>
  <SubCatchment>
    <SubCatchmentParameters>
      <KSI>0.001</KSI>
      <KGmin>0.05</KGmin>
      <RangeKG>0.1</RangeKG>
      <AG>0.1</AG>
      <PERC>3.7387684565043768</PERC>
      <Alpha>0</Alpha>
      <UZL>163.75717125071458</UZL>
      <K0>0.59414626673633508</K0>
      <K1>0.20903157322470023</K1>
      <K2>0.010574920282683364</K2>
      <MAXBAS>1</MAXBAS>
      <Cet>0</Cet>
      <PCALT>10</PCALT>
      <TCALT>0.6</TCALT>
      <Pelev>3100</Pelev>
      <Telev>3100</Telev>
      <PART>0.5</PART>
      <DELAY>1</DELAY>
    </SubCatchmentParameters>
    <SubCatchmentVegetationZone>
      <SubCatchmentVegetationZoneParameters>
        <TT>-0.81276382242547607</TT>
        <CFMAX>3.4032586484777605</CFMAX>
        <SP>0</SP>
        <SFCF>0.91171403976074028</SFCF>
        <CFR>0.032413812028694561</CFR>
        <CWH>0.10000657805456166</CWH>
        <CFGlacier>1</CFGlacier>
        <CFSlope>1</CFSlope>
        <FC>820.55994325979145</FC>
        <LP>0.44408310936230944</LP>
        <BETA>2.6184639865269363</BETA>
      </SubCatchmentVegetationZoneParameters>
    </SubCatchmentVegetationZone>
  </SubCatchment>
</Catchment>