<?xml version="1.0" encoding="utf-8"?>
<Catchment xmlns:xsi="http://www.w3.org/2001/XMLSchema-instance" xmlns:xsd="http://www.w3.org/2001/XMLSchema">
  <CatchmentParameters>
    <KSI>0.001</KSI>
    <KGmin>0.05</KGmin>
    <RangeKG>0.1</RangeKG>
    <AG>0.1</AG>
    <PERC>8.983488705111462</PERC>
    <Alpha>0</Alpha>
    <UZL>65.325742640896735</UZL>
    <K0>0.52492148629597912</K0>
    <K1>0.35076412741202234</K1>
    <K2>0.10217407333416931</K2>
    <MAXBAS>1.6842238619970358</MAXBAS>
    <Cet>0</Cet>
    <PCALT>10</PCALT>
    <TCALT>0.6</TCALT>
    <Pelev>3100</Pelev>
    <Telev>3100</Telev>
    <PART>0.5</PART>
    <DELAY>1</DELAY>
  </CatchmentParameters>
  <VegetationZone>
    <VegetationZoneParameters>
      <TT>1.8765856286426996</TT>
      <CFMAX>3.8314845831485513</CFMAX>
      <SP>0</SP>
      <SFCF>0.93076857137851687</SFCF>
      <CFR>0.07297251661722666</CFR>
      <CWH>0.16750329425156485</CWH>
      <CFGlacier>1</CFGlacier>
      <CFSlope>1</CFSlope>
      <FC>269.94845161970278</FC>
      <LP>0.48295468830012167</LP>
      <BETA>5.0776375402807394</BETA>
    </VegetationZoneParameters>
  </VegetationZone>
  <SubCatchment>
    <SubCatchmentParameters>
      <KSI>0.001</KSI>
      <KGmin>0.05</KGmin>
      <RangeKG>0.1</RangeKG>
      <AG>0.1</AG>
      <PERC>8.983488705111462</PERC>
      <Alpha>0</Alpha>
      <UZL>65.325742640896735</UZL>
      <K0>0.52492148629597912</K0>
      <K1>0.35076412741202234</K1>
      <K2>0.10217407333416931</K2>
      <MAXBAS>1.6842238619970358</MAXBAS>
      <Cet>0</Cet>
      <PCALT>10</PCALT>
      <TCALT>0.6</TCALT>
      <Pelev>3100</Pelev>
      <Telev>3100</Telev>
      <PART>0.5</PART>
      <DELAY>1</DELAY>
    </SubCatchmentParameters>
    <SubCatchmentVegetationZone>
      <SubCatchmentVegetationZoneParameters>
        <TT>1.8765856286426996</TT>
        <CFMAX>3.8314845831485513</CFMAX>
        <SP>0</SP>
        <SFCF>0.93076857137851687</SFCF>
        <CFR>0.07297251661722666</CFR>
        <CWH>0.16750329425156485</CWH>
        <CFGlacier>1</CFGlacier>
        <CFSlope>1</CFSlope>
        <FC>269.94845161970278</FC>
        <LP>0.48295468830012167</LP>
        <BETA>5.0776375402807394</BETA>
      </SubCatchmentVegetationZoneParameters>
    </SubCatchmentVegetationZone>
  </SubCatchment>
</Catchment>