<?xml version="1.0" encoding="utf-8"?>
<Catchment xmlns:xsi="http://www.w3.org/2001/XMLSchema-instance" xmlns:xsd="http://www.w3.org/2001/XMLSchema">
  <CatchmentParameters>
    <KSI>0.001</KSI>
    <KGmin>0.05</KGmin>
    <RangeKG>0.1</RangeKG>
    <AG>0.1</AG>
    <PERC>2.4574929743892722</PERC>
    <Alpha>0</Alpha>
    <UZL>133.39764357312362</UZL>
    <K0>0.29047838584699831</K0>
    <K1>0.0614208462948576</K1>
    <K2>0.010000000885714977</K2>
    <MAXBAS>1</MAXBAS>
    <Cet>0</Cet>
    <PCALT>10</PCALT>
    <TCALT>0.6</TCALT>
    <Pelev>3100</Pelev>
    <Telev>3100</Telev>
    <PART>0.5</PART>
    <DELAY>1</DELAY>
  </CatchmentParameters>
  <VegetationZone>
    <VegetationZoneParameters>
      <TT>0.33851072715490005</TT>
      <CFMAX>3.3466165192207176</CFMAX>
      <SP>0</SP>
      <SFCF>0.59798588748662784</SFCF>
      <CFR>0.03469269071615011</CFR>
      <CWH>0.10870474652173676</CWH>
      <CFGlacier>1</CFGlacier>
      <CFSlope>1</CFSlope>
      <FC>503.17680296722244</FC>
      <LP>0.75919049781444037</LP>
      <BETA>3.8531218931139533</BETA>
    </VegetationZoneParameters>
  </VegetationZone>
  <SubCatchment>
    <SubCatchmentParameters>
      <KSI>0.001</KSI>
      <KGmin>0.05</KGmin>
      <RangeKG>0.1</RangeKG>
      <AG>0.1</AG>
      <PERC>2.4574929743892722</PERC>
      <Alpha>0</Alpha>
      <UZL>133.39764357312362</UZL>
      <K0>0.29047838584699831</K0>
      <K1>0.0614208462948576</K1>
      <K2>0.010000000885714977</K2>
      <MAXBAS>1</MAXBAS>
      <Cet>0</Cet>
      <PCALT>10</PCALT>
      <TCALT>0.6</TCALT>
      <Pelev>3100</Pelev>
      <Telev>3100</Telev>
      <PART>0.5</PART>
      <DELAY>1</DELAY>
    </SubCatchmentParameters>
    <SubCatchmentVegetationZone>
      <SubCatchmentVegetationZoneParameters>
        <TT>0.33851072715490005</TT>
        <CFMAX>3.3466165192207176</CFMAX>
        <SP>0</SP>
        <SFCF>0.59798588748662784</SFCF>
        <CFR>0.03469269071615011</CFR>
        <CWH>0.10870474652173676</CWH>
        <CFGlacier>1</CFGlacier>
        <CFSlope>1</CFSlope>
        <FC>503.17680296722244</FC>
        <LP>0.75919049781444037</LP>
        <BETA>3.8531218931139533</BETA>
      </SubCatchmentVegetationZoneParameters>
    </SubCatchmentVegetationZone>
  </SubCatchment>
</Catchment>