<?xml version="1.0" encoding="utf-8"?>
<Catchment xmlns:xsi="http://www.w3.org/2001/XMLSchema-instance" xmlns:xsd="http://www.w3.org/2001/XMLSchema">
  <CatchmentParameters>
    <KSI>0.001</KSI>
    <KGmin>0.05</KGmin>
    <RangeKG>0.1</RangeKG>
    <AG>0.1</AG>
    <PERC>6.6850660806154547</PERC>
    <Alpha>0</Alpha>
    <UZL>171.84551189440683</UZL>
    <K0>0.14770939658348559</K0>
    <K1>0.51000586821336413</K1>
    <K2>0.12947897732699779</K2>
    <MAXBAS>1.5371996679270694</MAXBAS>
    <Cet>0</Cet>
    <PCALT>10</PCALT>
    <TCALT>0.6</TCALT>
    <Pelev>3100</Pelev>
    <Telev>3100</Telev>
    <PART>0.5</PART>
    <DELAY>1</DELAY>
  </CatchmentParameters>
  <VegetationZone>
    <VegetationZoneParameters>
      <TT>1.5372861103507782</TT>
      <CFMAX>4.3994207517472024</CFMAX>
      <SP>0</SP>
      <SFCF>0.54515496389984619</SFCF>
      <CFR>0.0019598548600763023</CFR>
      <CWH>0.16030961844998484</CWH>
      <CFGlacier>1</CFGlacier>
      <CFSlope>1</CFSlope>
      <FC>216.53780558040867</FC>
      <LP>0.57962619839203933</LP>
      <BETA>5.074961517555149</BETA>
    </VegetationZoneParameters>
  </VegetationZone>
  <SubCatchment>
    <SubCatchmentParameters>
      <KSI>0.001</KSI>
      <KGmin>0.05</KGmin>
      <RangeKG>0.1</RangeKG>
      <AG>0.1</AG>
      <PERC>6.6850660806154547</PERC>
      <Alpha>0</Alpha>
      <UZL>171.84551189440683</UZL>
      <K0>0.14770939658348559</K0>
      <K1>0.51000586821336413</K1>
      <K2>0.12947897732699779</K2>
      <MAXBAS>1.5371996679270694</MAXBAS>
      <Cet>0</Cet>
      <PCALT>10</PCALT>
      <TCALT>0.6</TCALT>
      <Pelev>3100</Pelev>
      <Telev>3100</Telev>
      <PART>0.5</PART>
      <DELAY>1</DELAY>
    </SubCatchmentParameters>
    <SubCatchmentVegetationZone>
      <SubCatchmentVegetationZoneParameters>
        <TT>1.5372861103507782</TT>
        <CFMAX>4.3994207517472024</CFMAX>
        <SP>0</SP>
        <SFCF>0.54515496389984619</SFCF>
        <CFR>0.0019598548600763023</CFR>
        <CWH>0.16030961844998484</CWH>
        <CFGlacier>1</CFGlacier>
        <CFSlope>1</CFSlope>
        <FC>216.53780558040867</FC>
        <LP>0.57962619839203933</LP>
        <BETA>5.074961517555149</BETA>
      </SubCatchmentVegetationZoneParameters>
    </SubCatchmentVegetationZone>
  </SubCatchment>
</Catchment>