<?xml version="1.0" encoding="utf-8"?>
<Catchment xmlns:xsi="http://www.w3.org/2001/XMLSchema-instance" xmlns:xsd="http://www.w3.org/2001/XMLSchema">
  <CatchmentParameters>
    <KSI>0.001</KSI>
    <KGmin>0.05</KGmin>
    <RangeKG>0.1</RangeKG>
    <AG>0.1</AG>
    <PERC>3.3118930872245471</PERC>
    <Alpha>0</Alpha>
    <UZL>36.5139856671562</UZL>
    <K0>0.30211800671615757</K0>
    <K1>0.076471726109407237</K1>
    <K2>0.011695233743461108</K2>
    <MAXBAS>1</MAXBAS>
    <Cet>0</Cet>
    <PCALT>10</PCALT>
    <TCALT>0.6</TCALT>
    <Pelev>3100</Pelev>
    <Telev>3100</Telev>
    <PART>0.5</PART>
    <DELAY>1</DELAY>
  </CatchmentParameters>
  <VegetationZone>
    <VegetationZoneParameters>
      <TT>-0.918649508025145</TT>
      <CFMAX>4.1582809239315361</CFMAX>
      <SP>0</SP>
      <SFCF>0.96514697349293876</SFCF>
      <CFR>0.010636642466234711</CFR>
      <CWH>0.11585503106909502</CWH>
      <CFGlacier>1</CFGlacier>
      <CFSlope>1</CFSlope>
      <FC>986.60288552440738</FC>
      <LP>0.57829464624368787</LP>
      <BETA>3.4128528619493972</BETA>
    </VegetationZoneParameters>
  </VegetationZone>
  <SubCatchment>
    <SubCatchmentParameters>
      <KSI>0.001</KSI>
      <KGmin>0.05</KGmin>
      <RangeKG>0.1</RangeKG>
      <AG>0.1</AG>
      <PERC>3.3118930872245471</PERC>
      <Alpha>0</Alpha>
      <UZL>36.5139856671562</UZL>
      <K0>0.30211800671615757</K0>
      <K1>0.076471726109407237</K1>
      <K2>0.011695233743461108</K2>
      <MAXBAS>1</MAXBAS>
      <Cet>0</Cet>
      <PCALT>10</PCALT>
      <TCALT>0.6</TCALT>
      <Pelev>3100</Pelev>
      <Telev>3100</Telev>
      <PART>0.5</PART>
      <DELAY>1</DELAY>
    </SubCatchmentParameters>
    <SubCatchmentVegetationZone>
      <SubCatchmentVegetationZoneParameters>
        <TT>-0.918649508025145</TT>
        <CFMAX>4.1582809239315361</CFMAX>
        <SP>0</SP>
        <SFCF>0.96514697349293876</SFCF>
        <CFR>0.010636642466234711</CFR>
        <CWH>0.11585503106909502</CWH>
        <CFGlacier>1</CFGlacier>
        <CFSlope>1</CFSlope>
        <FC>986.60288552440738</FC>
        <LP>0.57829464624368787</LP>
        <BETA>3.4128528619493972</BETA>
      </SubCatchmentVegetationZoneParameters>
    </SubCatchmentVegetationZone>
  </SubCatchment>
</Catchment>