<?xml version="1.0" encoding="utf-8"?>
<Catchment xmlns:xsi="http://www.w3.org/2001/XMLSchema-instance" xmlns:xsd="http://www.w3.org/2001/XMLSchema">
  <CatchmentParameters>
    <KSI>0.001</KSI>
    <KGmin>0.05</KGmin>
    <RangeKG>0.1</RangeKG>
    <AG>0.1</AG>
    <PERC>3.3620980983276487</PERC>
    <Alpha>0</Alpha>
    <UZL>143.28038808640548</UZL>
    <K0>0.38371257931112185</K0>
    <K1>0.16081018788164853</K1>
    <K2>0.01077422349879999</K2>
    <MAXBAS>1</MAXBAS>
    <Cet>0</Cet>
    <PCALT>10</PCALT>
    <TCALT>0.6</TCALT>
    <Pelev>3100</Pelev>
    <Telev>3100</Telev>
    <PART>0.5</PART>
    <DELAY>1</DELAY>
  </CatchmentParameters>
  <VegetationZone>
    <VegetationZoneParameters>
      <TT>-1.4157123182116118</TT>
      <CFMAX>2.6586830453765145</CFMAX>
      <SP>0</SP>
      <SFCF>0.83326874763122516</SFCF>
      <CFR>0.056599886715196265</CFR>
      <CWH>0.11442623246937934</CWH>
      <CFGlacier>1</CFGlacier>
      <CFSlope>1</CFSlope>
      <FC>759.30271532637289</FC>
      <LP>0.60443018614867872</LP>
      <BETA>3.3778777538427422</BETA>
    </VegetationZoneParameters>
  </VegetationZone>
  <SubCatchment>
    <SubCatchmentParameters>
      <KSI>0.001</KSI>
      <KGmin>0.05</KGmin>
      <RangeKG>0.1</RangeKG>
      <AG>0.1</AG>
      <PERC>3.3620980983276487</PERC>
      <Alpha>0</Alpha>
      <UZL>143.28038808640548</UZL>
      <K0>0.38371257931112185</K0>
      <K1>0.16081018788164853</K1>
      <K2>0.01077422349879999</K2>
      <MAXBAS>1</MAXBAS>
      <Cet>0</Cet>
      <PCALT>10</PCALT>
      <TCALT>0.6</TCALT>
      <Pelev>3100</Pelev>
      <Telev>3100</Telev>
      <PART>0.5</PART>
      <DELAY>1</DELAY>
    </SubCatchmentParameters>
    <SubCatchmentVegetationZone>
      <SubCatchmentVegetationZoneParameters>
        <TT>-1.4157123182116118</TT>
        <CFMAX>2.6586830453765145</CFMAX>
        <SP>0</SP>
        <SFCF>0.83326874763122516</SFCF>
        <CFR>0.056599886715196265</CFR>
        <CWH>0.11442623246937934</CWH>
        <CFGlacier>1</CFGlacier>
        <CFSlope>1</CFSlope>
        <FC>759.30271532637289</FC>
        <LP>0.60443018614867872</LP>
        <BETA>3.3778777538427422</BETA>
      </SubCatchmentVegetationZoneParameters>
    </SubCatchmentVegetationZone>
  </SubCatchment>
</Catchment>