<?xml version="1.0" encoding="utf-8"?>
<Catchment xmlns:xsi="http://www.w3.org/2001/XMLSchema-instance" xmlns:xsd="http://www.w3.org/2001/XMLSchema">
  <CatchmentParameters>
    <KSI>0.001</KSI>
    <KGmin>0.05</KGmin>
    <RangeKG>0.1</RangeKG>
    <AG>0.1</AG>
    <PERC>9.460403183288733</PERC>
    <Alpha>0</Alpha>
    <UZL>125.98508144553054</UZL>
    <K0>0.055050814225453326</K0>
    <K1>0.43653046360564485</K1>
    <K2>0.09433677338523383</K2>
    <MAXBAS>1.21215752086996</MAXBAS>
    <Cet>0</Cet>
    <PCALT>10</PCALT>
    <TCALT>0.6</TCALT>
    <Pelev>3100</Pelev>
    <Telev>3100</Telev>
    <PART>0.5</PART>
    <DELAY>1</DELAY>
  </CatchmentParameters>
  <VegetationZone>
    <VegetationZoneParameters>
      <TT>1.6811443532867905</TT>
      <CFMAX>4.1538316326869387</CFMAX>
      <SP>0</SP>
      <SFCF>0.98756998850439914</SFCF>
      <CFR>0.071150234171029919</CFR>
      <CWH>0.14402023270007053</CWH>
      <CFGlacier>1</CFGlacier>
      <CFSlope>1</CFSlope>
      <FC>477.5047106550731</FC>
      <LP>0.5286807721894331</LP>
      <BETA>4.2348450597187695</BETA>
    </VegetationZoneParameters>
  </VegetationZone>
  <SubCatchment>
    <SubCatchmentParameters>
      <KSI>0.001</KSI>
      <KGmin>0.05</KGmin>
      <RangeKG>0.1</RangeKG>
      <AG>0.1</AG>
      <PERC>9.460403183288733</PERC>
      <Alpha>0</Alpha>
      <UZL>125.98508144553054</UZL>
      <K0>0.055050814225453326</K0>
      <K1>0.43653046360564485</K1>
      <K2>0.09433677338523383</K2>
      <MAXBAS>1.21215752086996</MAXBAS>
      <Cet>0</Cet>
      <PCALT>10</PCALT>
      <TCALT>0.6</TCALT>
      <Pelev>3100</Pelev>
      <Telev>3100</Telev>
      <PART>0.5</PART>
      <DELAY>1</DELAY>
    </SubCatchmentParameters>
    <SubCatchmentVegetationZone>
      <SubCatchmentVegetationZoneParameters>
        <TT>1.6811443532867905</TT>
        <CFMAX>4.1538316326869387</CFMAX>
        <SP>0</SP>
        <SFCF>0.98756998850439914</SFCF>
        <CFR>0.071150234171029919</CFR>
        <CWH>0.14402023270007053</CWH>
        <CFGlacier>1</CFGlacier>
        <CFSlope>1</CFSlope>
        <FC>477.5047106550731</FC>
        <LP>0.5286807721894331</LP>
        <BETA>4.2348450597187695</BETA>
      </SubCatchmentVegetationZoneParameters>
    </SubCatchmentVegetationZone>
  </SubCatchment>
</Catchment>