<?xml version="1.0" encoding="utf-8"?>
<Catchment xmlns:xsi="http://www.w3.org/2001/XMLSchema-instance" xmlns:xsd="http://www.w3.org/2001/XMLSchema">
  <CatchmentParameters>
    <KSI>0.001</KSI>
    <KGmin>0.05</KGmin>
    <RangeKG>0.1</RangeKG>
    <AG>0.1</AG>
    <PERC>8.3634825919019473</PERC>
    <Alpha>0</Alpha>
    <UZL>117.59311110471805</UZL>
    <K0>0.15730607059924595</K0>
    <K1>0.1971187289665601</K1>
    <K2>0.083555970882230671</K2>
    <MAXBAS>1.075994898057965</MAXBAS>
    <Cet>0</Cet>
    <PCALT>10</PCALT>
    <TCALT>0.6</TCALT>
    <Pelev>3100</Pelev>
    <Telev>3100</Telev>
    <PART>0.5</PART>
    <DELAY>1</DELAY>
  </CatchmentParameters>
  <VegetationZone>
    <VegetationZoneParameters>
      <TT>1.7905192811678115</TT>
      <CFMAX>4.4798429175477379</CFMAX>
      <SP>0</SP>
      <SFCF>0.69818924497752344</SFCF>
      <CFR>0.044054009972678353</CFR>
      <CWH>0.12414808018827092</CWH>
      <CFGlacier>1</CFGlacier>
      <CFSlope>1</CFSlope>
      <FC>683.36840176036435</FC>
      <LP>0.58924075707368118</LP>
      <BETA>5.1548726187312361</BETA>
    </VegetationZoneParameters>
  </VegetationZone>
  <SubCatchment>
    <SubCatchmentParameters>
      <KSI>0.001</KSI>
      <KGmin>0.05</KGmin>
      <RangeKG>0.1</RangeKG>
      <AG>0.1</AG>
      <PERC>8.3634825919019473</PERC>
      <Alpha>0</Alpha>
      <UZL>117.59311110471805</UZL>
      <K0>0.15730607059924595</K0>
      <K1>0.1971187289665601</K1>
      <K2>0.083555970882230671</K2>
      <MAXBAS>1.075994898057965</MAXBAS>
      <Cet>0</Cet>
      <PCALT>10</PCALT>
      <TCALT>0.6</TCALT>
      <Pelev>3100</Pelev>
      <Telev>3100</Telev>
      <PART>0.5</PART>
      <DELAY>1</DELAY>
    </SubCatchmentParameters>
    <SubCatchmentVegetationZone>
      <SubCatchmentVegetationZoneParameters>
        <TT>1.7905192811678115</TT>
        <CFMAX>4.4798429175477379</CFMAX>
        <SP>0</SP>
        <SFCF>0.69818924497752344</SFCF>
        <CFR>0.044054009972678353</CFR>
        <CWH>0.12414808018827092</CWH>
        <CFGlacier>1</CFGlacier>
        <CFSlope>1</CFSlope>
        <FC>683.36840176036435</FC>
        <LP>0.58924075707368118</LP>
        <BETA>5.1548726187312361</BETA>
      </SubCatchmentVegetationZoneParameters>
    </SubCatchmentVegetationZone>
  </SubCatchment>
</Catchment>