<?xml version="1.0" encoding="utf-8"?>
<Catchment xmlns:xsi="http://www.w3.org/2001/XMLSchema-instance" xmlns:xsd="http://www.w3.org/2001/XMLSchema">
  <CatchmentParameters>
    <KSI>0.001</KSI>
    <KGmin>0.05</KGmin>
    <RangeKG>0.1</RangeKG>
    <AG>0.1</AG>
    <PERC>6.7303755391962072</PERC>
    <Alpha>0</Alpha>
    <UZL>135.97293811206663</UZL>
    <K0>0.35394570046248319</K0>
    <K1>0.08248028055349732</K1>
    <K2>0.0631665268086149</K2>
    <MAXBAS>2.0337796282603109</MAXBAS>
    <Cet>0</Cet>
    <PCALT>10</PCALT>
    <TCALT>0.6</TCALT>
    <Pelev>3100</Pelev>
    <Telev>3100</Telev>
    <PART>0.5</PART>
    <DELAY>1</DELAY>
  </CatchmentParameters>
  <VegetationZone>
    <VegetationZoneParameters>
      <TT>2.2353875503364451</TT>
      <CFMAX>3.0435461249549176</CFMAX>
      <SP>0</SP>
      <SFCF>0.55522564102142724</SFCF>
      <CFR>0.079291770800073463</CFR>
      <CWH>0.15830337192398455</CWH>
      <CFGlacier>1</CFGlacier>
      <CFSlope>1</CFSlope>
      <FC>443.69217169803579</FC>
      <LP>0.45615543200683478</LP>
      <BETA>5.8996998357401917</BETA>
    </VegetationZoneParameters>
  </VegetationZone>
  <SubCatchment>
    <SubCatchmentParameters>
      <KSI>0.001</KSI>
      <KGmin>0.05</KGmin>
      <RangeKG>0.1</RangeKG>
      <AG>0.1</AG>
      <PERC>6.7303755391962072</PERC>
      <Alpha>0</Alpha>
      <UZL>135.97293811206663</UZL>
      <K0>0.35394570046248319</K0>
      <K1>0.08248028055349732</K1>
      <K2>0.0631665268086149</K2>
      <MAXBAS>2.0337796282603109</MAXBAS>
      <Cet>0</Cet>
      <PCALT>10</PCALT>
      <TCALT>0.6</TCALT>
      <Pelev>3100</Pelev>
      <Telev>3100</Telev>
      <PART>0.5</PART>
      <DELAY>1</DELAY>
    </SubCatchmentParameters>
    <SubCatchmentVegetationZone>
      <SubCatchmentVegetationZoneParameters>
        <TT>2.2353875503364451</TT>
        <CFMAX>3.0435461249549176</CFMAX>
        <SP>0</SP>
        <SFCF>0.55522564102142724</SFCF>
        <CFR>0.079291770800073463</CFR>
        <CWH>0.15830337192398455</CWH>
        <CFGlacier>1</CFGlacier>
        <CFSlope>1</CFSlope>
        <FC>443.69217169803579</FC>
        <LP>0.45615543200683478</LP>
        <BETA>5.8996998357401917</BETA>
      </SubCatchmentVegetationZoneParameters>
    </SubCatchmentVegetationZone>
  </SubCatchment>
</Catchment>