<?xml version="1.0" encoding="utf-8"?>
<Catchment xmlns:xsi="http://www.w3.org/2001/XMLSchema-instance" xmlns:xsd="http://www.w3.org/2001/XMLSchema">
  <CatchmentParameters>
    <KSI>0.001</KSI>
    <KGmin>0.05</KGmin>
    <RangeKG>0.1</RangeKG>
    <AG>0.1</AG>
    <PERC>7.6639584629536426</PERC>
    <Alpha>0</Alpha>
    <UZL>189.988513983425</UZL>
    <K0>0.59237931171232672</K0>
    <K1>0.32688272573735144</K1>
    <K2>0.10297578550775431</K2>
    <MAXBAS>1.4401273541202113</MAXBAS>
    <Cet>0</Cet>
    <PCALT>10</PCALT>
    <TCALT>0.6</TCALT>
    <Pelev>3100</Pelev>
    <Telev>3100</Telev>
    <PART>0.5</PART>
    <DELAY>1</DELAY>
  </CatchmentParameters>
  <VegetationZone>
    <VegetationZoneParameters>
      <TT>1.8004509437021858</TT>
      <CFMAX>4.4436403000645122</CFMAX>
      <SP>0</SP>
      <SFCF>0.58026161477636162</SFCF>
      <CFR>0.092961496758695181</CFR>
      <CWH>0.15951549211512658</CWH>
      <CFGlacier>1</CFGlacier>
      <CFSlope>1</CFSlope>
      <FC>702.12530832278912</FC>
      <LP>0.53931095180989963</LP>
      <BETA>5.5206058821560706</BETA>
    </VegetationZoneParameters>
  </VegetationZone>
  <SubCatchment>
    <SubCatchmentParameters>
      <KSI>0.001</KSI>
      <KGmin>0.05</KGmin>
      <RangeKG>0.1</RangeKG>
      <AG>0.1</AG>
      <PERC>7.6639584629536426</PERC>
      <Alpha>0</Alpha>
      <UZL>189.988513983425</UZL>
      <K0>0.59237931171232672</K0>
      <K1>0.32688272573735144</K1>
      <K2>0.10297578550775431</K2>
      <MAXBAS>1.4401273541202113</MAXBAS>
      <Cet>0</Cet>
      <PCALT>10</PCALT>
      <TCALT>0.6</TCALT>
      <Pelev>3100</Pelev>
      <Telev>3100</Telev>
      <PART>0.5</PART>
      <DELAY>1</DELAY>
    </SubCatchmentParameters>
    <SubCatchmentVegetationZone>
      <SubCatchmentVegetationZoneParameters>
        <TT>1.8004509437021858</TT>
        <CFMAX>4.4436403000645122</CFMAX>
        <SP>0</SP>
        <SFCF>0.58026161477636162</SFCF>
        <CFR>0.092961496758695181</CFR>
        <CWH>0.15951549211512658</CWH>
        <CFGlacier>1</CFGlacier>
        <CFSlope>1</CFSlope>
        <FC>702.12530832278912</FC>
        <LP>0.53931095180989963</LP>
        <BETA>5.5206058821560706</BETA>
      </SubCatchmentVegetationZoneParameters>
    </SubCatchmentVegetationZone>
  </SubCatchment>
</Catchment>