<?xml version="1.0" encoding="utf-8"?>
<Catchment xmlns:xsi="http://www.w3.org/2001/XMLSchema-instance" xmlns:xsd="http://www.w3.org/2001/XMLSchema">
  <CatchmentParameters>
    <KSI>0.001</KSI>
    <KGmin>0.05</KGmin>
    <RangeKG>0.1</RangeKG>
    <AG>0.1</AG>
    <PERC>5.8973819988651268</PERC>
    <Alpha>0</Alpha>
    <UZL>30.020184148744303</UZL>
    <K0>0.15726495592662704</K0>
    <K1>0.42595839814137104</K1>
    <K2>0.12887748412277494</K2>
    <MAXBAS>1.0183082948071407</MAXBAS>
    <Cet>0</Cet>
    <PCALT>10</PCALT>
    <TCALT>0.6</TCALT>
    <Pelev>3100</Pelev>
    <Telev>3100</Telev>
    <PART>0.5</PART>
    <DELAY>1</DELAY>
  </CatchmentParameters>
  <VegetationZone>
    <VegetationZoneParameters>
      <TT>2.2341976084585764</TT>
      <CFMAX>3.6014216318402363</CFMAX>
      <SP>0</SP>
      <SFCF>1.0708694656886217</SFCF>
      <CFR>0.015302687500515031</CFR>
      <CWH>0.16437498131679926</CWH>
      <CFGlacier>1</CFGlacier>
      <CFSlope>1</CFSlope>
      <FC>272.09775115792473</FC>
      <LP>0.784491091547812</LP>
      <BETA>5.4470003636665529</BETA>
    </VegetationZoneParameters>
  </VegetationZone>
  <SubCatchment>
    <SubCatchmentParameters>
      <KSI>0.001</KSI>
      <KGmin>0.05</KGmin>
      <RangeKG>0.1</RangeKG>
      <AG>0.1</AG>
      <PERC>5.8973819988651268</PERC>
      <Alpha>0</Alpha>
      <UZL>30.020184148744303</UZL>
      <K0>0.15726495592662704</K0>
      <K1>0.42595839814137104</K1>
      <K2>0.12887748412277494</K2>
      <MAXBAS>1.0183082948071407</MAXBAS>
      <Cet>0</Cet>
      <PCALT>10</PCALT>
      <TCALT>0.6</TCALT>
      <Pelev>3100</Pelev>
      <Telev>3100</Telev>
      <PART>0.5</PART>
      <DELAY>1</DELAY>
    </SubCatchmentParameters>
    <SubCatchmentVegetationZone>
      <SubCatchmentVegetationZoneParameters>
        <TT>2.2341976084585764</TT>
        <CFMAX>3.6014216318402363</CFMAX>
        <SP>0</SP>
        <SFCF>1.0708694656886217</SFCF>
        <CFR>0.015302687500515031</CFR>
        <CWH>0.16437498131679926</CWH>
        <CFGlacier>1</CFGlacier>
        <CFSlope>1</CFSlope>
        <FC>272.09775115792473</FC>
        <LP>0.784491091547812</LP>
        <BETA>5.4470003636665529</BETA>
      </SubCatchmentVegetationZoneParameters>
    </SubCatchmentVegetationZone>
  </SubCatchment>
</Catchment>