<?xml version="1.0" encoding="utf-8"?>
<Catchment xmlns:xsi="http://www.w3.org/2001/XMLSchema-instance" xmlns:xsd="http://www.w3.org/2001/XMLSchema">
  <CatchmentParameters>
    <KSI>0.001</KSI>
    <KGmin>0.05</KGmin>
    <RangeKG>0.1</RangeKG>
    <AG>0.1</AG>
    <PERC>4.9758851711046361</PERC>
    <Alpha>0</Alpha>
    <UZL>59.920154983825526</UZL>
    <K0>0.50227043933057558</K0>
    <K1>0.26957963486784159</K1>
    <K2>0.035152384407318285</K2>
    <MAXBAS>1.1978186538572011</MAXBAS>
    <Cet>0</Cet>
    <PCALT>10</PCALT>
    <TCALT>0.6</TCALT>
    <Pelev>3100</Pelev>
    <Telev>3100</Telev>
    <PART>0.5</PART>
    <DELAY>1</DELAY>
  </CatchmentParameters>
  <VegetationZone>
    <VegetationZoneParameters>
      <TT>1.5434805798194762</TT>
      <CFMAX>4.3977307306062876</CFMAX>
      <SP>0</SP>
      <SFCF>1.0106664688052494</SFCF>
      <CFR>0.049562446403918069</CFR>
      <CWH>0.1839002363968846</CWH>
      <CFGlacier>1</CFGlacier>
      <CFSlope>1</CFSlope>
      <FC>335.64489832282112</FC>
      <LP>0.53989064572847412</LP>
      <BETA>5.3517466217425493</BETA>
    </VegetationZoneParameters>
  </VegetationZone>
  <SubCatchment>
    <SubCatchmentParameters>
      <KSI>0.001</KSI>
      <KGmin>0.05</KGmin>
      <RangeKG>0.1</RangeKG>
      <AG>0.1</AG>
      <PERC>4.9758851711046361</PERC>
      <Alpha>0</Alpha>
      <UZL>59.920154983825526</UZL>
      <K0>0.50227043933057558</K0>
      <K1>0.26957963486784159</K1>
      <K2>0.035152384407318285</K2>
      <MAXBAS>1.1978186538572011</MAXBAS>
      <Cet>0</Cet>
      <PCALT>10</PCALT>
      <TCALT>0.6</TCALT>
      <Pelev>3100</Pelev>
      <Telev>3100</Telev>
      <PART>0.5</PART>
      <DELAY>1</DELAY>
    </SubCatchmentParameters>
    <SubCatchmentVegetationZone>
      <SubCatchmentVegetationZoneParameters>
        <TT>1.5434805798194762</TT>
        <CFMAX>4.3977307306062876</CFMAX>
        <SP>0</SP>
        <SFCF>1.0106664688052494</SFCF>
        <CFR>0.049562446403918069</CFR>
        <CWH>0.1839002363968846</CWH>
        <CFGlacier>1</CFGlacier>
        <CFSlope>1</CFSlope>
        <FC>335.64489832282112</FC>
        <LP>0.53989064572847412</LP>
        <BETA>5.3517466217425493</BETA>
      </SubCatchmentVegetationZoneParameters>
    </SubCatchmentVegetationZone>
  </SubCatchment>
</Catchment>