<?xml version="1.0" encoding="utf-8"?>
<Catchment xmlns:xsi="http://www.w3.org/2001/XMLSchema-instance" xmlns:xsd="http://www.w3.org/2001/XMLSchema">
  <CatchmentParameters>
    <KSI>0.001</KSI>
    <KGmin>0.05</KGmin>
    <RangeKG>0.1</RangeKG>
    <AG>0.1</AG>
    <PERC>5.2290954718506271</PERC>
    <Alpha>0</Alpha>
    <UZL>185.31014444834082</UZL>
    <K0>0.31353282784951836</K0>
    <K1>0.011012100888824428</K1>
    <K2>0.067811583655630975</K2>
    <MAXBAS>2.0436539458342406</MAXBAS>
    <Cet>0</Cet>
    <PCALT>10</PCALT>
    <TCALT>0.6</TCALT>
    <Pelev>3100</Pelev>
    <Telev>3100</Telev>
    <PART>0.5</PART>
    <DELAY>1</DELAY>
  </CatchmentParameters>
  <VegetationZone>
    <VegetationZoneParameters>
      <TT>0.568723147876931</TT>
      <CFMAX>4.97409368399633</CFMAX>
      <SP>0</SP>
      <SFCF>0.51968684323642977</SFCF>
      <CFR>0.075203390784327168</CFR>
      <CWH>0.1560209053975409</CWH>
      <CFGlacier>1</CFGlacier>
      <CFSlope>1</CFSlope>
      <FC>69.940859599587014</FC>
      <LP>0.49859624748504822</LP>
      <BETA>4.9041545820296344</BETA>
    </VegetationZoneParameters>
  </VegetationZone>
  <SubCatchment>
    <SubCatchmentParameters>
      <KSI>0.001</KSI>
      <KGmin>0.05</KGmin>
      <RangeKG>0.1</RangeKG>
      <AG>0.1</AG>
      <PERC>5.2290954718506271</PERC>
      <Alpha>0</Alpha>
      <UZL>185.31014444834082</UZL>
      <K0>0.31353282784951836</K0>
      <K1>0.011012100888824428</K1>
      <K2>0.067811583655630975</K2>
      <MAXBAS>2.0436539458342406</MAXBAS>
      <Cet>0</Cet>
      <PCALT>10</PCALT>
      <TCALT>0.6</TCALT>
      <Pelev>3100</Pelev>
      <Telev>3100</Telev>
      <PART>0.5</PART>
      <DELAY>1</DELAY>
    </SubCatchmentParameters>
    <SubCatchmentVegetationZone>
      <SubCatchmentVegetationZoneParameters>
        <TT>0.568723147876931</TT>
        <CFMAX>4.97409368399633</CFMAX>
        <SP>0</SP>
        <SFCF>0.51968684323642977</SFCF>
        <CFR>0.075203390784327168</CFR>
        <CWH>0.1560209053975409</CWH>
        <CFGlacier>1</CFGlacier>
        <CFSlope>1</CFSlope>
        <FC>69.940859599587014</FC>
        <LP>0.49859624748504822</LP>
        <BETA>4.9041545820296344</BETA>
      </SubCatchmentVegetationZoneParameters>
    </SubCatchmentVegetationZone>
  </SubCatchment>
</Catchment>