<?xml version="1.0" encoding="utf-8"?>
<Catchment xmlns:xsi="http://www.w3.org/2001/XMLSchema-instance" xmlns:xsd="http://www.w3.org/2001/XMLSchema">
  <CatchmentParameters>
    <KSI>0.001</KSI>
    <KGmin>0.05</KGmin>
    <RangeKG>0.1</RangeKG>
    <AG>0.1</AG>
    <PERC>3.31975590289022</PERC>
    <Alpha>0</Alpha>
    <UZL>64.230449127442625</UZL>
    <K0>0.28969210637611414</K0>
    <K1>0.17352895117091172</K1>
    <K2>0.011695638689643862</K2>
    <MAXBAS>1</MAXBAS>
    <Cet>0</Cet>
    <PCALT>10</PCALT>
    <TCALT>0.6</TCALT>
    <Pelev>3100</Pelev>
    <Telev>3100</Telev>
    <PART>0.5</PART>
    <DELAY>1</DELAY>
  </CatchmentParameters>
  <VegetationZone>
    <VegetationZoneParameters>
      <TT>-0.790839409226483</TT>
      <CFMAX>4.0628102649840239</CFMAX>
      <SP>0</SP>
      <SFCF>1.0904862058841298</SFCF>
      <CFR>0.024942451008953162</CFR>
      <CWH>0.10000021962871006</CWH>
      <CFGlacier>1</CFGlacier>
      <CFSlope>1</CFSlope>
      <FC>1271.0000465721657</FC>
      <LP>0.53891757432244081</LP>
      <BETA>3.538170240020841</BETA>
    </VegetationZoneParameters>
  </VegetationZone>
  <SubCatchment>
    <SubCatchmentParameters>
      <KSI>0.001</KSI>
      <KGmin>0.05</KGmin>
      <RangeKG>0.1</RangeKG>
      <AG>0.1</AG>
      <PERC>3.31975590289022</PERC>
      <Alpha>0</Alpha>
      <UZL>64.230449127442625</UZL>
      <K0>0.28969210637611414</K0>
      <K1>0.17352895117091172</K1>
      <K2>0.011695638689643862</K2>
      <MAXBAS>1</MAXBAS>
      <Cet>0</Cet>
      <PCALT>10</PCALT>
      <TCALT>0.6</TCALT>
      <Pelev>3100</Pelev>
      <Telev>3100</Telev>
      <PART>0.5</PART>
      <DELAY>1</DELAY>
    </SubCatchmentParameters>
    <SubCatchmentVegetationZone>
      <SubCatchmentVegetationZoneParameters>
        <TT>-0.790839409226483</TT>
        <CFMAX>4.0628102649840239</CFMAX>
        <SP>0</SP>
        <SFCF>1.0904862058841298</SFCF>
        <CFR>0.024942451008953162</CFR>
        <CWH>0.10000021962871006</CWH>
        <CFGlacier>1</CFGlacier>
        <CFSlope>1</CFSlope>
        <FC>1271.0000465721657</FC>
        <LP>0.53891757432244081</LP>
        <BETA>3.538170240020841</BETA>
      </SubCatchmentVegetationZoneParameters>
    </SubCatchmentVegetationZone>
  </SubCatchment>
</Catchment>