<?xml version="1.0" encoding="utf-8"?>
<Catchment xmlns:xsi="http://www.w3.org/2001/XMLSchema-instance" xmlns:xsd="http://www.w3.org/2001/XMLSchema">
  <CatchmentParameters>
    <KSI>0.001</KSI>
    <KGmin>0.05</KGmin>
    <RangeKG>0.1</RangeKG>
    <AG>0.1</AG>
    <PERC>9.020594324797333</PERC>
    <Alpha>0</Alpha>
    <UZL>24.978782945412611</UZL>
    <K0>0.4980241770886038</K0>
    <K1>0.060791170205405476</K1>
    <K2>0.040463254000224783</K2>
    <MAXBAS>1.3154116845549448</MAXBAS>
    <Cet>0</Cet>
    <PCALT>10</PCALT>
    <TCALT>0.6</TCALT>
    <Pelev>3100</Pelev>
    <Telev>3100</Telev>
    <PART>0.5</PART>
    <DELAY>1</DELAY>
  </CatchmentParameters>
  <VegetationZone>
    <VegetationZoneParameters>
      <TT>2.374635035112203</TT>
      <CFMAX>4.721690414437357</CFMAX>
      <SP>0</SP>
      <SFCF>0.55915882537290729</SFCF>
      <CFR>0.0485146970363007</CFR>
      <CWH>0.13435181879099728</CWH>
      <CFGlacier>1</CFGlacier>
      <CFSlope>1</CFSlope>
      <FC>532.15861618815507</FC>
      <LP>0.46735924640754373</LP>
      <BETA>5.7035575052637464</BETA>
    </VegetationZoneParameters>
  </VegetationZone>
  <SubCatchment>
    <SubCatchmentParameters>
      <KSI>0.001</KSI>
      <KGmin>0.05</KGmin>
      <RangeKG>0.1</RangeKG>
      <AG>0.1</AG>
      <PERC>9.020594324797333</PERC>
      <Alpha>0</Alpha>
      <UZL>24.978782945412611</UZL>
      <K0>0.4980241770886038</K0>
      <K1>0.060791170205405476</K1>
      <K2>0.040463254000224783</K2>
      <MAXBAS>1.3154116845549448</MAXBAS>
      <Cet>0</Cet>
      <PCALT>10</PCALT>
      <TCALT>0.6</TCALT>
      <Pelev>3100</Pelev>
      <Telev>3100</Telev>
      <PART>0.5</PART>
      <DELAY>1</DELAY>
    </SubCatchmentParameters>
    <SubCatchmentVegetationZone>
      <SubCatchmentVegetationZoneParameters>
        <TT>2.374635035112203</TT>
        <CFMAX>4.721690414437357</CFMAX>
        <SP>0</SP>
        <SFCF>0.55915882537290729</SFCF>
        <CFR>0.0485146970363007</CFR>
        <CWH>0.13435181879099728</CWH>
        <CFGlacier>1</CFGlacier>
        <CFSlope>1</CFSlope>
        <FC>532.15861618815507</FC>
        <LP>0.46735924640754373</LP>
        <BETA>5.7035575052637464</BETA>
      </SubCatchmentVegetationZoneParameters>
    </SubCatchmentVegetationZone>
  </SubCatchment>
</Catchment>