<?xml version="1.0" encoding="utf-8"?>
<Catchment xmlns:xsi="http://www.w3.org/2001/XMLSchema-instance" xmlns:xsd="http://www.w3.org/2001/XMLSchema">
  <CatchmentParameters>
    <KSI>0.001</KSI>
    <KGmin>0.05</KGmin>
    <RangeKG>0.1</RangeKG>
    <AG>0.1</AG>
    <PERC>1.9043318849935931</PERC>
    <Alpha>0</Alpha>
    <UZL>51.819338443336633</UZL>
    <K0>0.098997790923920845</K0>
    <K1>0.077114752659840968</K1>
    <K2>0.01167189682466006</K2>
    <MAXBAS>1</MAXBAS>
    <Cet>0</Cet>
    <PCALT>10</PCALT>
    <TCALT>0.6</TCALT>
    <Pelev>3100</Pelev>
    <Telev>3100</Telev>
    <PART>0.5</PART>
    <DELAY>1</DELAY>
  </CatchmentParameters>
  <VegetationZone>
    <VegetationZoneParameters>
      <TT>-1.1000012014486325</TT>
      <CFMAX>3.0102775442579506</CFMAX>
      <SP>0</SP>
      <SFCF>0.89469370243704216</SFCF>
      <CFR>0.044876846784613372</CFR>
      <CWH>0.11221221963566251</CWH>
      <CFGlacier>1</CFGlacier>
      <CFSlope>1</CFSlope>
      <FC>946.34868570795527</FC>
      <LP>0.47941633996389954</LP>
      <BETA>2.6607826852076562</BETA>
    </VegetationZoneParameters>
  </VegetationZone>
  <SubCatchment>
    <SubCatchmentParameters>
      <KSI>0.001</KSI>
      <KGmin>0.05</KGmin>
      <RangeKG>0.1</RangeKG>
      <AG>0.1</AG>
      <PERC>1.9043318849935931</PERC>
      <Alpha>0</Alpha>
      <UZL>51.819338443336633</UZL>
      <K0>0.098997790923920845</K0>
      <K1>0.077114752659840968</K1>
      <K2>0.01167189682466006</K2>
      <MAXBAS>1</MAXBAS>
      <Cet>0</Cet>
      <PCALT>10</PCALT>
      <TCALT>0.6</TCALT>
      <Pelev>3100</Pelev>
      <Telev>3100</Telev>
      <PART>0.5</PART>
      <DELAY>1</DELAY>
    </SubCatchmentParameters>
    <SubCatchmentVegetationZone>
      <SubCatchmentVegetationZoneParameters>
        <TT>-1.1000012014486325</TT>
        <CFMAX>3.0102775442579506</CFMAX>
        <SP>0</SP>
        <SFCF>0.89469370243704216</SFCF>
        <CFR>0.044876846784613372</CFR>
        <CWH>0.11221221963566251</CWH>
        <CFGlacier>1</CFGlacier>
        <CFSlope>1</CFSlope>
        <FC>946.34868570795527</FC>
        <LP>0.47941633996389954</LP>
        <BETA>2.6607826852076562</BETA>
      </SubCatchmentVegetationZoneParameters>
    </SubCatchmentVegetationZone>
  </SubCatchment>
</Catchment>