<?xml version="1.0" encoding="utf-8"?>
<Catchment xmlns:xsi="http://www.w3.org/2001/XMLSchema-instance" xmlns:xsd="http://www.w3.org/2001/XMLSchema">
  <CatchmentParameters>
    <KSI>0.001</KSI>
    <KGmin>0.05</KGmin>
    <RangeKG>0.1</RangeKG>
    <AG>0.1</AG>
    <PERC>5.40555875452492</PERC>
    <Alpha>0</Alpha>
    <UZL>80.977820754798415</UZL>
    <K0>0.32158363721617511</K0>
    <K1>0.30480616280362027</K1>
    <K2>0.072630834420278956</K2>
    <MAXBAS>1.1823837868219476</MAXBAS>
    <Cet>0</Cet>
    <PCALT>10</PCALT>
    <TCALT>0.6</TCALT>
    <Pelev>3100</Pelev>
    <Telev>3100</Telev>
    <PART>0.5</PART>
    <DELAY>1</DELAY>
  </CatchmentParameters>
  <VegetationZone>
    <VegetationZoneParameters>
      <TT>2.20059362168467</TT>
      <CFMAX>4.5496221106447843</CFMAX>
      <SP>0</SP>
      <SFCF>0.728897611694877</SFCF>
      <CFR>0.080859008684459319</CFR>
      <CWH>0.1651499508464746</CWH>
      <CFGlacier>1</CFGlacier>
      <CFSlope>1</CFSlope>
      <FC>617.65852413171274</FC>
      <LP>0.48834106238160935</LP>
      <BETA>5.2783967792893245</BETA>
    </VegetationZoneParameters>
  </VegetationZone>
  <SubCatchment>
    <SubCatchmentParameters>
      <KSI>0.001</KSI>
      <KGmin>0.05</KGmin>
      <RangeKG>0.1</RangeKG>
      <AG>0.1</AG>
      <PERC>5.40555875452492</PERC>
      <Alpha>0</Alpha>
      <UZL>80.977820754798415</UZL>
      <K0>0.32158363721617511</K0>
      <K1>0.30480616280362027</K1>
      <K2>0.072630834420278956</K2>
      <MAXBAS>1.1823837868219476</MAXBAS>
      <Cet>0</Cet>
      <PCALT>10</PCALT>
      <TCALT>0.6</TCALT>
      <Pelev>3100</Pelev>
      <Telev>3100</Telev>
      <PART>0.5</PART>
      <DELAY>1</DELAY>
    </SubCatchmentParameters>
    <SubCatchmentVegetationZone>
      <SubCatchmentVegetationZoneParameters>
        <TT>2.20059362168467</TT>
        <CFMAX>4.5496221106447843</CFMAX>
        <SP>0</SP>
        <SFCF>0.728897611694877</SFCF>
        <CFR>0.080859008684459319</CFR>
        <CWH>0.1651499508464746</CWH>
        <CFGlacier>1</CFGlacier>
        <CFSlope>1</CFSlope>
        <FC>617.65852413171274</FC>
        <LP>0.48834106238160935</LP>
        <BETA>5.2783967792893245</BETA>
      </SubCatchmentVegetationZoneParameters>
    </SubCatchmentVegetationZone>
  </SubCatchment>
</Catchment>