<?xml version="1.0" encoding="utf-8"?>
<Catchment xmlns:xsi="http://www.w3.org/2001/XMLSchema-instance" xmlns:xsd="http://www.w3.org/2001/XMLSchema">
  <CatchmentParameters>
    <KSI>0.001</KSI>
    <KGmin>0.05</KGmin>
    <RangeKG>0.1</RangeKG>
    <AG>0.1</AG>
    <PERC>6.6073649296023671</PERC>
    <Alpha>0</Alpha>
    <UZL>141.78999277958704</UZL>
    <K0>0.095668772737352858</K0>
    <K1>0.18675654663720961</K1>
    <K2>0.065234041422112962</K2>
    <MAXBAS>1.069606651200985</MAXBAS>
    <Cet>0</Cet>
    <PCALT>10</PCALT>
    <TCALT>0.6</TCALT>
    <Pelev>3100</Pelev>
    <Telev>3100</Telev>
    <PART>0.5</PART>
    <DELAY>1</DELAY>
  </CatchmentParameters>
  <VegetationZone>
    <VegetationZoneParameters>
      <TT>1.9912860688407403</TT>
      <CFMAX>2.5332440466465673</CFMAX>
      <SP>0</SP>
      <SFCF>1.00394641821467</SFCF>
      <CFR>0.05980645046129441</CFR>
      <CWH>0.13915436046009919</CWH>
      <CFGlacier>1</CFGlacier>
      <CFSlope>1</CFSlope>
      <FC>509.96409454457904</FC>
      <LP>0.56210718427138</LP>
      <BETA>4.9089317407669837</BETA>
    </VegetationZoneParameters>
  </VegetationZone>
  <SubCatchment>
    <SubCatchmentParameters>
      <KSI>0.001</KSI>
      <KGmin>0.05</KGmin>
      <RangeKG>0.1</RangeKG>
      <AG>0.1</AG>
      <PERC>6.6073649296023671</PERC>
      <Alpha>0</Alpha>
      <UZL>141.78999277958704</UZL>
      <K0>0.095668772737352858</K0>
      <K1>0.18675654663720961</K1>
      <K2>0.065234041422112962</K2>
      <MAXBAS>1.069606651200985</MAXBAS>
      <Cet>0</Cet>
      <PCALT>10</PCALT>
      <TCALT>0.6</TCALT>
      <Pelev>3100</Pelev>
      <Telev>3100</Telev>
      <PART>0.5</PART>
      <DELAY>1</DELAY>
    </SubCatchmentParameters>
    <SubCatchmentVegetationZone>
      <SubCatchmentVegetationZoneParameters>
        <TT>1.9912860688407403</TT>
        <CFMAX>2.5332440466465673</CFMAX>
        <SP>0</SP>
        <SFCF>1.00394641821467</SFCF>
        <CFR>0.05980645046129441</CFR>
        <CWH>0.13915436046009919</CWH>
        <CFGlacier>1</CFGlacier>
        <CFSlope>1</CFSlope>
        <FC>509.96409454457904</FC>
        <LP>0.56210718427138</LP>
        <BETA>4.9089317407669837</BETA>
      </SubCatchmentVegetationZoneParameters>
    </SubCatchmentVegetationZone>
  </SubCatchment>
</Catchment>