<?xml version="1.0" encoding="utf-8"?>
<Catchment xmlns:xsi="http://www.w3.org/2001/XMLSchema-instance" xmlns:xsd="http://www.w3.org/2001/XMLSchema">
  <CatchmentParameters>
    <KSI>0.001</KSI>
    <KGmin>0.05</KGmin>
    <RangeKG>0.1</RangeKG>
    <AG>0.1</AG>
    <PERC>2.5409574000490252</PERC>
    <Alpha>0</Alpha>
    <UZL>45.343173849929805</UZL>
    <K0>0.35859424815679936</K0>
    <K1>0.069351249134698811</K1>
    <K2>0.010182870062082624</K2>
    <MAXBAS>1</MAXBAS>
    <Cet>0</Cet>
    <PCALT>10</PCALT>
    <TCALT>0.6</TCALT>
    <Pelev>3100</Pelev>
    <Telev>3100</Telev>
    <PART>0.5</PART>
    <DELAY>1</DELAY>
  </CatchmentParameters>
  <VegetationZone>
    <VegetationZoneParameters>
      <TT>-0.26428220211382969</TT>
      <CFMAX>3.9284339048214316</CFMAX>
      <SP>0</SP>
      <SFCF>0.844973786878837</SFCF>
      <CFR>0.022345361030181563</CFR>
      <CWH>0.10000000329651511</CWH>
      <CFGlacier>1</CFGlacier>
      <CFSlope>1</CFSlope>
      <FC>783.8255820278074</FC>
      <LP>0.62904914812437029</LP>
      <BETA>3.6567513728933436</BETA>
    </VegetationZoneParameters>
  </VegetationZone>
  <SubCatchment>
    <SubCatchmentParameters>
      <KSI>0.001</KSI>
      <KGmin>0.05</KGmin>
      <RangeKG>0.1</RangeKG>
      <AG>0.1</AG>
      <PERC>2.5409574000490252</PERC>
      <Alpha>0</Alpha>
      <UZL>45.343173849929805</UZL>
      <K0>0.35859424815679936</K0>
      <K1>0.069351249134698811</K1>
      <K2>0.010182870062082624</K2>
      <MAXBAS>1</MAXBAS>
      <Cet>0</Cet>
      <PCALT>10</PCALT>
      <TCALT>0.6</TCALT>
      <Pelev>3100</Pelev>
      <Telev>3100</Telev>
      <PART>0.5</PART>
      <DELAY>1</DELAY>
    </SubCatchmentParameters>
    <SubCatchmentVegetationZone>
      <SubCatchmentVegetationZoneParameters>
        <TT>-0.26428220211382969</TT>
        <CFMAX>3.9284339048214316</CFMAX>
        <SP>0</SP>
        <SFCF>0.844973786878837</SFCF>
        <CFR>0.022345361030181563</CFR>
        <CWH>0.10000000329651511</CWH>
        <CFGlacier>1</CFGlacier>
        <CFSlope>1</CFSlope>
        <FC>783.8255820278074</FC>
        <LP>0.62904914812437029</LP>
        <BETA>3.6567513728933436</BETA>
      </SubCatchmentVegetationZoneParameters>
    </SubCatchmentVegetationZone>
  </SubCatchment>
</Catchment>