<?xml version="1.0" encoding="utf-8"?>
<Catchment xmlns:xsi="http://www.w3.org/2001/XMLSchema-instance" xmlns:xsd="http://www.w3.org/2001/XMLSchema">
  <CatchmentParameters>
    <KSI>0.001</KSI>
    <KGmin>0.05</KGmin>
    <RangeKG>0.1</RangeKG>
    <AG>0.1</AG>
    <PERC>6.6691421050401773</PERC>
    <Alpha>0</Alpha>
    <UZL>64.97194202462606</UZL>
    <K0>0.43632137548213534</K0>
    <K1>0.4142096835148722</K1>
    <K2>0.12473092244401116</K2>
    <MAXBAS>1.2740547215857832</MAXBAS>
    <Cet>0</Cet>
    <PCALT>10</PCALT>
    <TCALT>0.6</TCALT>
    <Pelev>3100</Pelev>
    <Telev>3100</Telev>
    <PART>0.5</PART>
    <DELAY>1</DELAY>
  </CatchmentParameters>
  <VegetationZone>
    <VegetationZoneParameters>
      <TT>0.070541397249997528</TT>
      <CFMAX>4.3484135821392167</CFMAX>
      <SP>0</SP>
      <SFCF>0.52702845315019442</SFCF>
      <CFR>0.068786990688410543</CFR>
      <CWH>0.14156302411460067</CWH>
      <CFGlacier>1</CFGlacier>
      <CFSlope>1</CFSlope>
      <FC>512.43841307655828</FC>
      <LP>0.43339530795797293</LP>
      <BETA>5.7898441939105876</BETA>
    </VegetationZoneParameters>
  </VegetationZone>
  <SubCatchment>
    <SubCatchmentParameters>
      <KSI>0.001</KSI>
      <KGmin>0.05</KGmin>
      <RangeKG>0.1</RangeKG>
      <AG>0.1</AG>
      <PERC>6.6691421050401773</PERC>
      <Alpha>0</Alpha>
      <UZL>64.97194202462606</UZL>
      <K0>0.43632137548213534</K0>
      <K1>0.4142096835148722</K1>
      <K2>0.12473092244401116</K2>
      <MAXBAS>1.2740547215857832</MAXBAS>
      <Cet>0</Cet>
      <PCALT>10</PCALT>
      <TCALT>0.6</TCALT>
      <Pelev>3100</Pelev>
      <Telev>3100</Telev>
      <PART>0.5</PART>
      <DELAY>1</DELAY>
    </SubCatchmentParameters>
    <SubCatchmentVegetationZone>
      <SubCatchmentVegetationZoneParameters>
        <TT>0.070541397249997528</TT>
        <CFMAX>4.3484135821392167</CFMAX>
        <SP>0</SP>
        <SFCF>0.52702845315019442</SFCF>
        <CFR>0.068786990688410543</CFR>
        <CWH>0.14156302411460067</CWH>
        <CFGlacier>1</CFGlacier>
        <CFSlope>1</CFSlope>
        <FC>512.43841307655828</FC>
        <LP>0.43339530795797293</LP>
        <BETA>5.7898441939105876</BETA>
      </SubCatchmentVegetationZoneParameters>
    </SubCatchmentVegetationZone>
  </SubCatchment>
</Catchment>