<?xml version="1.0" encoding="utf-8"?>
<Catchment xmlns:xsi="http://www.w3.org/2001/XMLSchema-instance" xmlns:xsd="http://www.w3.org/2001/XMLSchema">
  <CatchmentParameters>
    <KSI>0.001</KSI>
    <KGmin>0.05</KGmin>
    <RangeKG>0.1</RangeKG>
    <AG>0.1</AG>
    <PERC>3.0794361453559627</PERC>
    <Alpha>0</Alpha>
    <UZL>135.56222433938629</UZL>
    <K0>0.35129245012818178</K0>
    <K1>0.22375343580988755</K1>
    <K2>0.012768914828471542</K2>
    <MAXBAS>1</MAXBAS>
    <Cet>0</Cet>
    <PCALT>10</PCALT>
    <TCALT>0.6</TCALT>
    <Pelev>3100</Pelev>
    <Telev>3100</Telev>
    <PART>0.5</PART>
    <DELAY>1</DELAY>
  </CatchmentParameters>
  <VegetationZone>
    <VegetationZoneParameters>
      <TT>-1.1999991761310227</TT>
      <CFMAX>3.1252894566838871</CFMAX>
      <SP>0</SP>
      <SFCF>0.972471920666142</SFCF>
      <CFR>0.038044535512914056</CFR>
      <CWH>0.10666729828648354</CWH>
      <CFGlacier>1</CFGlacier>
      <CFSlope>1</CFSlope>
      <FC>1170.6212292082955</FC>
      <LP>0.4294641110048143</LP>
      <BETA>2.4643775270671946</BETA>
    </VegetationZoneParameters>
  </VegetationZone>
  <SubCatchment>
    <SubCatchmentParameters>
      <KSI>0.001</KSI>
      <KGmin>0.05</KGmin>
      <RangeKG>0.1</RangeKG>
      <AG>0.1</AG>
      <PERC>3.0794361453559627</PERC>
      <Alpha>0</Alpha>
      <UZL>135.56222433938629</UZL>
      <K0>0.35129245012818178</K0>
      <K1>0.22375343580988755</K1>
      <K2>0.012768914828471542</K2>
      <MAXBAS>1</MAXBAS>
      <Cet>0</Cet>
      <PCALT>10</PCALT>
      <TCALT>0.6</TCALT>
      <Pelev>3100</Pelev>
      <Telev>3100</Telev>
      <PART>0.5</PART>
      <DELAY>1</DELAY>
    </SubCatchmentParameters>
    <SubCatchmentVegetationZone>
      <SubCatchmentVegetationZoneParameters>
        <TT>-1.1999991761310227</TT>
        <CFMAX>3.1252894566838871</CFMAX>
        <SP>0</SP>
        <SFCF>0.972471920666142</SFCF>
        <CFR>0.038044535512914056</CFR>
        <CWH>0.10666729828648354</CWH>
        <CFGlacier>1</CFGlacier>
        <CFSlope>1</CFSlope>
        <FC>1170.6212292082955</FC>
        <LP>0.4294641110048143</LP>
        <BETA>2.4643775270671946</BETA>
      </SubCatchmentVegetationZoneParameters>
    </SubCatchmentVegetationZone>
  </SubCatchment>
</Catchment>