<?xml version="1.0" encoding="utf-8"?>
<Catchment xmlns:xsi="http://www.w3.org/2001/XMLSchema-instance" xmlns:xsd="http://www.w3.org/2001/XMLSchema">
  <CatchmentParameters>
    <KSI>0.001</KSI>
    <KGmin>0.05</KGmin>
    <RangeKG>0.1</RangeKG>
    <AG>0.1</AG>
    <PERC>6.6472645041801677</PERC>
    <Alpha>0</Alpha>
    <UZL>88.80951226759845</UZL>
    <K0>0.43969590680416387</K0>
    <K1>0.312643026596459</K1>
    <K2>0.12255751744148548</K2>
    <MAXBAS>1.0745873316602181</MAXBAS>
    <Cet>0</Cet>
    <PCALT>10</PCALT>
    <TCALT>0.6</TCALT>
    <Pelev>3100</Pelev>
    <Telev>3100</Telev>
    <PART>0.5</PART>
    <DELAY>1</DELAY>
  </CatchmentParameters>
  <VegetationZone>
    <VegetationZoneParameters>
      <TT>1.8074630635158093</TT>
      <CFMAX>4.4830270919107766</CFMAX>
      <SP>0</SP>
      <SFCF>0.86626780998779129</SFCF>
      <CFR>0.035947052538342204</CFR>
      <CWH>0.18117535346164024</CWH>
      <CFGlacier>1</CFGlacier>
      <CFSlope>1</CFSlope>
      <FC>678.54244920976259</FC>
      <LP>0.52935538116817249</LP>
      <BETA>5.0868603713464031</BETA>
    </VegetationZoneParameters>
  </VegetationZone>
  <SubCatchment>
    <SubCatchmentParameters>
      <KSI>0.001</KSI>
      <KGmin>0.05</KGmin>
      <RangeKG>0.1</RangeKG>
      <AG>0.1</AG>
      <PERC>6.6472645041801677</PERC>
      <Alpha>0</Alpha>
      <UZL>88.80951226759845</UZL>
      <K0>0.43969590680416387</K0>
      <K1>0.312643026596459</K1>
      <K2>0.12255751744148548</K2>
      <MAXBAS>1.0745873316602181</MAXBAS>
      <Cet>0</Cet>
      <PCALT>10</PCALT>
      <TCALT>0.6</TCALT>
      <Pelev>3100</Pelev>
      <Telev>3100</Telev>
      <PART>0.5</PART>
      <DELAY>1</DELAY>
    </SubCatchmentParameters>
    <SubCatchmentVegetationZone>
      <SubCatchmentVegetationZoneParameters>
        <TT>1.8074630635158093</TT>
        <CFMAX>4.4830270919107766</CFMAX>
        <SP>0</SP>
        <SFCF>0.86626780998779129</SFCF>
        <CFR>0.035947052538342204</CFR>
        <CWH>0.18117535346164024</CWH>
        <CFGlacier>1</CFGlacier>
        <CFSlope>1</CFSlope>
        <FC>678.54244920976259</FC>
        <LP>0.52935538116817249</LP>
        <BETA>5.0868603713464031</BETA>
      </SubCatchmentVegetationZoneParameters>
    </SubCatchmentVegetationZone>
  </SubCatchment>
</Catchment>