<?xml version="1.0" encoding="utf-8"?>
<Catchment xmlns:xsi="http://www.w3.org/2001/XMLSchema-instance" xmlns:xsd="http://www.w3.org/2001/XMLSchema">
  <CatchmentParameters>
    <KSI>0.001</KSI>
    <KGmin>0.05</KGmin>
    <RangeKG>0.1</RangeKG>
    <AG>0.1</AG>
    <PERC>9.5599722455009957</PERC>
    <Alpha>0</Alpha>
    <UZL>141.33504748229169</UZL>
    <K0>0.5811351357418626</K0>
    <K1>0.040313849434685634</K1>
    <K2>0.086968532716458144</K2>
    <MAXBAS>1.9985342350247501</MAXBAS>
    <Cet>0</Cet>
    <PCALT>10</PCALT>
    <TCALT>0.6</TCALT>
    <Pelev>3100</Pelev>
    <Telev>3100</Telev>
    <PART>0.5</PART>
    <DELAY>1</DELAY>
  </CatchmentParameters>
  <VegetationZone>
    <VegetationZoneParameters>
      <TT>1.5932671724638712</TT>
      <CFMAX>4.8473097694458591</CFMAX>
      <SP>0</SP>
      <SFCF>0.83501204790460182</SFCF>
      <CFR>0.048585263634371219</CFR>
      <CWH>0.13345194258240473</CWH>
      <CFGlacier>1</CFGlacier>
      <CFSlope>1</CFSlope>
      <FC>259.58700604874264</FC>
      <LP>0.50238073114085413</LP>
      <BETA>5.8711418840834959</BETA>
    </VegetationZoneParameters>
  </VegetationZone>
  <SubCatchment>
    <SubCatchmentParameters>
      <KSI>0.001</KSI>
      <KGmin>0.05</KGmin>
      <RangeKG>0.1</RangeKG>
      <AG>0.1</AG>
      <PERC>9.5599722455009957</PERC>
      <Alpha>0</Alpha>
      <UZL>141.33504748229169</UZL>
      <K0>0.5811351357418626</K0>
      <K1>0.040313849434685634</K1>
      <K2>0.086968532716458144</K2>
      <MAXBAS>1.9985342350247501</MAXBAS>
      <Cet>0</Cet>
      <PCALT>10</PCALT>
      <TCALT>0.6</TCALT>
      <Pelev>3100</Pelev>
      <Telev>3100</Telev>
      <PART>0.5</PART>
      <DELAY>1</DELAY>
    </SubCatchmentParameters>
    <SubCatchmentVegetationZone>
      <SubCatchmentVegetationZoneParameters>
        <TT>1.5932671724638712</TT>
        <CFMAX>4.8473097694458591</CFMAX>
        <SP>0</SP>
        <SFCF>0.83501204790460182</SFCF>
        <CFR>0.048585263634371219</CFR>
        <CWH>0.13345194258240473</CWH>
        <CFGlacier>1</CFGlacier>
        <CFSlope>1</CFSlope>
        <FC>259.58700604874264</FC>
        <LP>0.50238073114085413</LP>
        <BETA>5.8711418840834959</BETA>
      </SubCatchmentVegetationZoneParameters>
    </SubCatchmentVegetationZone>
  </SubCatchment>
</Catchment>