<?xml version="1.0" encoding="utf-8"?>
<Catchment xmlns:xsi="http://www.w3.org/2001/XMLSchema-instance" xmlns:xsd="http://www.w3.org/2001/XMLSchema">
  <CatchmentParameters>
    <KSI>0.001</KSI>
    <KGmin>0.05</KGmin>
    <RangeKG>0.1</RangeKG>
    <AG>0.1</AG>
    <PERC>7.7931647172667891</PERC>
    <Alpha>0</Alpha>
    <UZL>88.815108369694045</UZL>
    <K0>0.32077465386892662</K0>
    <K1>0.31189798296349308</K1>
    <K2>0.072356415724830453</K2>
    <MAXBAS>1.0065828571732829</MAXBAS>
    <Cet>0</Cet>
    <PCALT>10</PCALT>
    <TCALT>0.6</TCALT>
    <Pelev>3100</Pelev>
    <Telev>3100</Telev>
    <PART>0.5</PART>
    <DELAY>1</DELAY>
  </CatchmentParameters>
  <VegetationZone>
    <VegetationZoneParameters>
      <TT>1.8821657057131176</TT>
      <CFMAX>4.4894967001516424</CFMAX>
      <SP>0</SP>
      <SFCF>0.918845761821983</SFCF>
      <CFR>0.030686445924628949</CFR>
      <CWH>0.159604828115406</CWH>
      <CFGlacier>1</CFGlacier>
      <CFSlope>1</CFSlope>
      <FC>267.07384330886879</FC>
      <LP>0.53919861335484742</LP>
      <BETA>5.855818676866285</BETA>
    </VegetationZoneParameters>
  </VegetationZone>
  <SubCatchment>
    <SubCatchmentParameters>
      <KSI>0.001</KSI>
      <KGmin>0.05</KGmin>
      <RangeKG>0.1</RangeKG>
      <AG>0.1</AG>
      <PERC>7.7931647172667891</PERC>
      <Alpha>0</Alpha>
      <UZL>88.815108369694045</UZL>
      <K0>0.32077465386892662</K0>
      <K1>0.31189798296349308</K1>
      <K2>0.072356415724830453</K2>
      <MAXBAS>1.0065828571732829</MAXBAS>
      <Cet>0</Cet>
      <PCALT>10</PCALT>
      <TCALT>0.6</TCALT>
      <Pelev>3100</Pelev>
      <Telev>3100</Telev>
      <PART>0.5</PART>
      <DELAY>1</DELAY>
    </SubCatchmentParameters>
    <SubCatchmentVegetationZone>
      <SubCatchmentVegetationZoneParameters>
        <TT>1.8821657057131176</TT>
        <CFMAX>4.4894967001516424</CFMAX>
        <SP>0</SP>
        <SFCF>0.918845761821983</SFCF>
        <CFR>0.030686445924628949</CFR>
        <CWH>0.159604828115406</CWH>
        <CFGlacier>1</CFGlacier>
        <CFSlope>1</CFSlope>
        <FC>267.07384330886879</FC>
        <LP>0.53919861335484742</LP>
        <BETA>5.855818676866285</BETA>
      </SubCatchmentVegetationZoneParameters>
    </SubCatchmentVegetationZone>
  </SubCatchment>
</Catchment>