<?xml version="1.0" encoding="utf-8"?>
<Catchment xmlns:xsi="http://www.w3.org/2001/XMLSchema-instance" xmlns:xsd="http://www.w3.org/2001/XMLSchema">
  <CatchmentParameters>
    <KSI>0.001</KSI>
    <KGmin>0.05</KGmin>
    <RangeKG>0.1</RangeKG>
    <AG>0.1</AG>
    <PERC>7.1414043999512966</PERC>
    <Alpha>0</Alpha>
    <UZL>111.58329220899351</UZL>
    <K0>0.56503747034648244</K0>
    <K1>0.40256570545755266</K1>
    <K2>0.11925217997608335</K2>
    <MAXBAS>1.0306910548270727</MAXBAS>
    <Cet>0</Cet>
    <PCALT>10</PCALT>
    <TCALT>0.6</TCALT>
    <Pelev>3100</Pelev>
    <Telev>3100</Telev>
    <PART>0.5</PART>
    <DELAY>1</DELAY>
  </CatchmentParameters>
  <VegetationZone>
    <VegetationZoneParameters>
      <TT>1.986741147165259</TT>
      <CFMAX>4.5167227300694508</CFMAX>
      <SP>0</SP>
      <SFCF>0.63479591911817124</SFCF>
      <CFR>0.059229947135623712</CFR>
      <CWH>0.10194807572497773</CWH>
      <CFGlacier>1</CFGlacier>
      <CFSlope>1</CFSlope>
      <FC>307.84979952693885</FC>
      <LP>0.6968855712409382</LP>
      <BETA>4.994387479299089</BETA>
    </VegetationZoneParameters>
  </VegetationZone>
  <SubCatchment>
    <SubCatchmentParameters>
      <KSI>0.001</KSI>
      <KGmin>0.05</KGmin>
      <RangeKG>0.1</RangeKG>
      <AG>0.1</AG>
      <PERC>7.1414043999512966</PERC>
      <Alpha>0</Alpha>
      <UZL>111.58329220899351</UZL>
      <K0>0.56503747034648244</K0>
      <K1>0.40256570545755266</K1>
      <K2>0.11925217997608335</K2>
      <MAXBAS>1.0306910548270727</MAXBAS>
      <Cet>0</Cet>
      <PCALT>10</PCALT>
      <TCALT>0.6</TCALT>
      <Pelev>3100</Pelev>
      <Telev>3100</Telev>
      <PART>0.5</PART>
      <DELAY>1</DELAY>
    </SubCatchmentParameters>
    <SubCatchmentVegetationZone>
      <SubCatchmentVegetationZoneParameters>
        <TT>1.986741147165259</TT>
        <CFMAX>4.5167227300694508</CFMAX>
        <SP>0</SP>
        <SFCF>0.63479591911817124</SFCF>
        <CFR>0.059229947135623712</CFR>
        <CWH>0.10194807572497773</CWH>
        <CFGlacier>1</CFGlacier>
        <CFSlope>1</CFSlope>
        <FC>307.84979952693885</FC>
        <LP>0.6968855712409382</LP>
        <BETA>4.994387479299089</BETA>
      </SubCatchmentVegetationZoneParameters>
    </SubCatchmentVegetationZone>
  </SubCatchment>
</Catchment>