<?xml version="1.0" encoding="utf-8"?>
<Catchment xmlns:xsi="http://www.w3.org/2001/XMLSchema-instance" xmlns:xsd="http://www.w3.org/2001/XMLSchema">
  <CatchmentParameters>
    <KSI>0.001</KSI>
    <KGmin>0.05</KGmin>
    <RangeKG>0.1</RangeKG>
    <AG>0.1</AG>
    <PERC>5.0393524408675514</PERC>
    <Alpha>0</Alpha>
    <UZL>76.586075225332451</UZL>
    <K0>0.27229551146684383</K0>
    <K1>0.21667089374255066</K1>
    <K2>0.097165965563881421</K2>
    <MAXBAS>1.2478320987881362</MAXBAS>
    <Cet>0</Cet>
    <PCALT>10</PCALT>
    <TCALT>0.6</TCALT>
    <Pelev>3100</Pelev>
    <Telev>3100</Telev>
    <PART>0.5</PART>
    <DELAY>1</DELAY>
  </CatchmentParameters>
  <VegetationZone>
    <VegetationZoneParameters>
      <TT>1.8386993868567321</TT>
      <CFMAX>4.2537092140000539</CFMAX>
      <SP>0</SP>
      <SFCF>1.0128202989030943</SFCF>
      <CFR>0.019091529115479386</CFR>
      <CWH>0.15005921377811993</CWH>
      <CFGlacier>1</CFGlacier>
      <CFSlope>1</CFSlope>
      <FC>757.66178651475241</FC>
      <LP>0.59226096399292094</LP>
      <BETA>5.8887002825153214</BETA>
    </VegetationZoneParameters>
  </VegetationZone>
  <SubCatchment>
    <SubCatchmentParameters>
      <KSI>0.001</KSI>
      <KGmin>0.05</KGmin>
      <RangeKG>0.1</RangeKG>
      <AG>0.1</AG>
      <PERC>5.0393524408675514</PERC>
      <Alpha>0</Alpha>
      <UZL>76.586075225332451</UZL>
      <K0>0.27229551146684383</K0>
      <K1>0.21667089374255066</K1>
      <K2>0.097165965563881421</K2>
      <MAXBAS>1.2478320987881362</MAXBAS>
      <Cet>0</Cet>
      <PCALT>10</PCALT>
      <TCALT>0.6</TCALT>
      <Pelev>3100</Pelev>
      <Telev>3100</Telev>
      <PART>0.5</PART>
      <DELAY>1</DELAY>
    </SubCatchmentParameters>
    <SubCatchmentVegetationZone>
      <SubCatchmentVegetationZoneParameters>
        <TT>1.8386993868567321</TT>
        <CFMAX>4.2537092140000539</CFMAX>
        <SP>0</SP>
        <SFCF>1.0128202989030943</SFCF>
        <CFR>0.019091529115479386</CFR>
        <CWH>0.15005921377811993</CWH>
        <CFGlacier>1</CFGlacier>
        <CFSlope>1</CFSlope>
        <FC>757.66178651475241</FC>
        <LP>0.59226096399292094</LP>
        <BETA>5.8887002825153214</BETA>
      </SubCatchmentVegetationZoneParameters>
    </SubCatchmentVegetationZone>
  </SubCatchment>
</Catchment>