<?xml version="1.0" encoding="utf-8"?>
<Catchment xmlns:xsi="http://www.w3.org/2001/XMLSchema-instance" xmlns:xsd="http://www.w3.org/2001/XMLSchema">
  <CatchmentParameters>
    <KSI>0.001</KSI>
    <KGmin>0.05</KGmin>
    <RangeKG>0.1</RangeKG>
    <AG>0.1</AG>
    <PERC>2.17575191112856</PERC>
    <Alpha>0</Alpha>
    <UZL>66.359218722722744</UZL>
    <K0>0.8204465176972342</K0>
    <K1>0.075305606452976764</K1>
    <K2>0.013894779894873801</K2>
    <MAXBAS>1</MAXBAS>
    <Cet>0</Cet>
    <PCALT>10</PCALT>
    <TCALT>0.6</TCALT>
    <Pelev>3100</Pelev>
    <Telev>3100</Telev>
    <PART>0.5</PART>
    <DELAY>1</DELAY>
  </CatchmentParameters>
  <VegetationZone>
    <VegetationZoneParameters>
      <TT>-0.0836496126066427</TT>
      <CFMAX>3.8177253802148119</CFMAX>
      <SP>0</SP>
      <SFCF>0.77349500509575242</SFCF>
      <CFR>0.030542252079563653</CFR>
      <CWH>0.10000000090852323</CWH>
      <CFGlacier>1</CFGlacier>
      <CFSlope>1</CFSlope>
      <FC>905.36925430731128</FC>
      <LP>0.37072896929351379</LP>
      <BETA>1.9458668793306186</BETA>
    </VegetationZoneParameters>
  </VegetationZone>
  <SubCatchment>
    <SubCatchmentParameters>
      <KSI>0.001</KSI>
      <KGmin>0.05</KGmin>
      <RangeKG>0.1</RangeKG>
      <AG>0.1</AG>
      <PERC>2.17575191112856</PERC>
      <Alpha>0</Alpha>
      <UZL>66.359218722722744</UZL>
      <K0>0.8204465176972342</K0>
      <K1>0.075305606452976764</K1>
      <K2>0.013894779894873801</K2>
      <MAXBAS>1</MAXBAS>
      <Cet>0</Cet>
      <PCALT>10</PCALT>
      <TCALT>0.6</TCALT>
      <Pelev>3100</Pelev>
      <Telev>3100</Telev>
      <PART>0.5</PART>
      <DELAY>1</DELAY>
    </SubCatchmentParameters>
    <SubCatchmentVegetationZone>
      <SubCatchmentVegetationZoneParameters>
        <TT>-0.0836496126066427</TT>
        <CFMAX>3.8177253802148119</CFMAX>
        <SP>0</SP>
        <SFCF>0.77349500509575242</SFCF>
        <CFR>0.030542252079563653</CFR>
        <CWH>0.10000000090852323</CWH>
        <CFGlacier>1</CFGlacier>
        <CFSlope>1</CFSlope>
        <FC>905.36925430731128</FC>
        <LP>0.37072896929351379</LP>
        <BETA>1.9458668793306186</BETA>
      </SubCatchmentVegetationZoneParameters>
    </SubCatchmentVegetationZone>
  </SubCatchment>
</Catchment>