<?xml version="1.0" encoding="utf-8"?>
<Catchment xmlns:xsi="http://www.w3.org/2001/XMLSchema-instance" xmlns:xsd="http://www.w3.org/2001/XMLSchema">
  <CatchmentParameters>
    <KSI>0.001</KSI>
    <KGmin>0.05</KGmin>
    <RangeKG>0.1</RangeKG>
    <AG>0.1</AG>
    <PERC>7.1965410186358323</PERC>
    <Alpha>0</Alpha>
    <UZL>161.03846209974705</UZL>
    <K0>0.27067177081656862</K0>
    <K1>0.30258310579870412</K1>
    <K2>0.043197654872046971</K2>
    <MAXBAS>1.0837552920041351</MAXBAS>
    <Cet>0</Cet>
    <PCALT>10</PCALT>
    <TCALT>0.6</TCALT>
    <Pelev>3100</Pelev>
    <Telev>3100</Telev>
    <PART>0.5</PART>
    <DELAY>1</DELAY>
  </CatchmentParameters>
  <VegetationZone>
    <VegetationZoneParameters>
      <TT>1.5959616537370067</TT>
      <CFMAX>4.5281903248332194</CFMAX>
      <SP>0</SP>
      <SFCF>0.51531701846199918</SFCF>
      <CFR>0.07080873238542866</CFR>
      <CWH>0.17150691117487982</CWH>
      <CFGlacier>1</CFGlacier>
      <CFSlope>1</CFSlope>
      <FC>951.814166710253</FC>
      <LP>0.52732216547661259</LP>
      <BETA>4.5402498061939287</BETA>
    </VegetationZoneParameters>
  </VegetationZone>
  <SubCatchment>
    <SubCatchmentParameters>
      <KSI>0.001</KSI>
      <KGmin>0.05</KGmin>
      <RangeKG>0.1</RangeKG>
      <AG>0.1</AG>
      <PERC>7.1965410186358323</PERC>
      <Alpha>0</Alpha>
      <UZL>161.03846209974705</UZL>
      <K0>0.27067177081656862</K0>
      <K1>0.30258310579870412</K1>
      <K2>0.043197654872046971</K2>
      <MAXBAS>1.0837552920041351</MAXBAS>
      <Cet>0</Cet>
      <PCALT>10</PCALT>
      <TCALT>0.6</TCALT>
      <Pelev>3100</Pelev>
      <Telev>3100</Telev>
      <PART>0.5</PART>
      <DELAY>1</DELAY>
    </SubCatchmentParameters>
    <SubCatchmentVegetationZone>
      <SubCatchmentVegetationZoneParameters>
        <TT>1.5959616537370067</TT>
        <CFMAX>4.5281903248332194</CFMAX>
        <SP>0</SP>
        <SFCF>0.51531701846199918</SFCF>
        <CFR>0.07080873238542866</CFR>
        <CWH>0.17150691117487982</CWH>
        <CFGlacier>1</CFGlacier>
        <CFSlope>1</CFSlope>
        <FC>951.814166710253</FC>
        <LP>0.52732216547661259</LP>
        <BETA>4.5402498061939287</BETA>
      </SubCatchmentVegetationZoneParameters>
    </SubCatchmentVegetationZone>
  </SubCatchment>
</Catchment>