<?xml version="1.0" encoding="utf-8"?>
<Catchment xmlns:xsi="http://www.w3.org/2001/XMLSchema-instance" xmlns:xsd="http://www.w3.org/2001/XMLSchema">
  <CatchmentParameters>
    <KSI>0.001</KSI>
    <KGmin>0.05</KGmin>
    <RangeKG>0.1</RangeKG>
    <AG>0.1</AG>
    <PERC>2.4894434260385143</PERC>
    <Alpha>0</Alpha>
    <UZL>122.0020155178881</UZL>
    <K0>0.62122590419108714</K0>
    <K1>0.087154240110418585</K1>
    <K2>0.011318168301807709</K2>
    <MAXBAS>1</MAXBAS>
    <Cet>0</Cet>
    <PCALT>10</PCALT>
    <TCALT>0.6</TCALT>
    <Pelev>3100</Pelev>
    <Telev>3100</Telev>
    <PART>0.5</PART>
    <DELAY>1</DELAY>
  </CatchmentParameters>
  <VegetationZone>
    <VegetationZoneParameters>
      <TT>-0.70000183940637473</TT>
      <CFMAX>3.5520092891353761</CFMAX>
      <SP>0</SP>
      <SFCF>0.91826801647484957</SFCF>
      <CFR>0.032054781653060228</CFR>
      <CWH>0.10000000064155236</CWH>
      <CFGlacier>1</CFGlacier>
      <CFSlope>1</CFSlope>
      <FC>942.82775326782667</FC>
      <LP>0.54075481199329667</LP>
      <BETA>3.1183193048922813</BETA>
    </VegetationZoneParameters>
  </VegetationZone>
  <SubCatchment>
    <SubCatchmentParameters>
      <KSI>0.001</KSI>
      <KGmin>0.05</KGmin>
      <RangeKG>0.1</RangeKG>
      <AG>0.1</AG>
      <PERC>2.4894434260385143</PERC>
      <Alpha>0</Alpha>
      <UZL>122.0020155178881</UZL>
      <K0>0.62122590419108714</K0>
      <K1>0.087154240110418585</K1>
      <K2>0.011318168301807709</K2>
      <MAXBAS>1</MAXBAS>
      <Cet>0</Cet>
      <PCALT>10</PCALT>
      <TCALT>0.6</TCALT>
      <Pelev>3100</Pelev>
      <Telev>3100</Telev>
      <PART>0.5</PART>
      <DELAY>1</DELAY>
    </SubCatchmentParameters>
    <SubCatchmentVegetationZone>
      <SubCatchmentVegetationZoneParameters>
        <TT>-0.70000183940637473</TT>
        <CFMAX>3.5520092891353761</CFMAX>
        <SP>0</SP>
        <SFCF>0.91826801647484957</SFCF>
        <CFR>0.032054781653060228</CFR>
        <CWH>0.10000000064155236</CWH>
        <CFGlacier>1</CFGlacier>
        <CFSlope>1</CFSlope>
        <FC>942.82775326782667</FC>
        <LP>0.54075481199329667</LP>
        <BETA>3.1183193048922813</BETA>
      </SubCatchmentVegetationZoneParameters>
    </SubCatchmentVegetationZone>
  </SubCatchment>
</Catchment>