<?xml version="1.0" encoding="utf-8"?>
<Catchment xmlns:xsi="http://www.w3.org/2001/XMLSchema-instance" xmlns:xsd="http://www.w3.org/2001/XMLSchema">
  <CatchmentParameters>
    <KSI>0.001</KSI>
    <KGmin>0.05</KGmin>
    <RangeKG>0.1</RangeKG>
    <AG>0.1</AG>
    <PERC>3.65757740937647</PERC>
    <Alpha>0</Alpha>
    <UZL>111.75083321480282</UZL>
    <K0>0.35301695357457746</K0>
    <K1>0.10084757584758425</K1>
    <K2>0.012290398600228594</K2>
    <MAXBAS>1</MAXBAS>
    <Cet>0</Cet>
    <PCALT>10</PCALT>
    <TCALT>0.6</TCALT>
    <Pelev>3100</Pelev>
    <Telev>3100</Telev>
    <PART>0.5</PART>
    <DELAY>1</DELAY>
  </CatchmentParameters>
  <VegetationZone>
    <VegetationZoneParameters>
      <TT>-0.80000071950982277</TT>
      <CFMAX>3.9998862300770233</CFMAX>
      <SP>0</SP>
      <SFCF>0.85965043440034628</SFCF>
      <CFR>0.029828847274766888</CFR>
      <CWH>0.11040109875658206</CWH>
      <CFGlacier>1</CFGlacier>
      <CFSlope>1</CFSlope>
      <FC>881.62887842734278</FC>
      <LP>0.49870638114762433</LP>
      <BETA>2.6541803529891306</BETA>
    </VegetationZoneParameters>
  </VegetationZone>
  <SubCatchment>
    <SubCatchmentParameters>
      <KSI>0.001</KSI>
      <KGmin>0.05</KGmin>
      <RangeKG>0.1</RangeKG>
      <AG>0.1</AG>
      <PERC>3.65757740937647</PERC>
      <Alpha>0</Alpha>
      <UZL>111.75083321480282</UZL>
      <K0>0.35301695357457746</K0>
      <K1>0.10084757584758425</K1>
      <K2>0.012290398600228594</K2>
      <MAXBAS>1</MAXBAS>
      <Cet>0</Cet>
      <PCALT>10</PCALT>
      <TCALT>0.6</TCALT>
      <Pelev>3100</Pelev>
      <Telev>3100</Telev>
      <PART>0.5</PART>
      <DELAY>1</DELAY>
    </SubCatchmentParameters>
    <SubCatchmentVegetationZone>
      <SubCatchmentVegetationZoneParameters>
        <TT>-0.80000071950982277</TT>
        <CFMAX>3.9998862300770233</CFMAX>
        <SP>0</SP>
        <SFCF>0.85965043440034628</SFCF>
        <CFR>0.029828847274766888</CFR>
        <CWH>0.11040109875658206</CWH>
        <CFGlacier>1</CFGlacier>
        <CFSlope>1</CFSlope>
        <FC>881.62887842734278</FC>
        <LP>0.49870638114762433</LP>
        <BETA>2.6541803529891306</BETA>
      </SubCatchmentVegetationZoneParameters>
    </SubCatchmentVegetationZone>
  </SubCatchment>
</Catchment>