<?xml version="1.0" encoding="utf-8"?>
<Catchment xmlns:xsi="http://www.w3.org/2001/XMLSchema-instance" xmlns:xsd="http://www.w3.org/2001/XMLSchema">
  <CatchmentParameters>
    <KSI>0.001</KSI>
    <KGmin>0.05</KGmin>
    <RangeKG>0.1</RangeKG>
    <AG>0.1</AG>
    <PERC>8.3641887016595629</PERC>
    <Alpha>0</Alpha>
    <UZL>113.64403308188865</UZL>
    <K0>0.24481414324250631</K0>
    <K1>0.3683519711077502</K1>
    <K2>0.13117813193049493</K2>
    <MAXBAS>1.3097648983654708</MAXBAS>
    <Cet>0</Cet>
    <PCALT>10</PCALT>
    <TCALT>0.6</TCALT>
    <Pelev>3100</Pelev>
    <Telev>3100</Telev>
    <PART>0.5</PART>
    <DELAY>1</DELAY>
  </CatchmentParameters>
  <VegetationZone>
    <VegetationZoneParameters>
      <TT>0.82550419394690677</TT>
      <CFMAX>4.2541865138291657</CFMAX>
      <SP>0</SP>
      <SFCF>0.64874147332339216</SFCF>
      <CFR>0.074672192012331232</CFR>
      <CWH>0.15935506924646262</CWH>
      <CFGlacier>1</CFGlacier>
      <CFSlope>1</CFSlope>
      <FC>262.94824125253797</FC>
      <LP>0.48418923068344816</LP>
      <BETA>5.4570771922380414</BETA>
    </VegetationZoneParameters>
  </VegetationZone>
  <SubCatchment>
    <SubCatchmentParameters>
      <KSI>0.001</KSI>
      <KGmin>0.05</KGmin>
      <RangeKG>0.1</RangeKG>
      <AG>0.1</AG>
      <PERC>8.3641887016595629</PERC>
      <Alpha>0</Alpha>
      <UZL>113.64403308188865</UZL>
      <K0>0.24481414324250631</K0>
      <K1>0.3683519711077502</K1>
      <K2>0.13117813193049493</K2>
      <MAXBAS>1.3097648983654708</MAXBAS>
      <Cet>0</Cet>
      <PCALT>10</PCALT>
      <TCALT>0.6</TCALT>
      <Pelev>3100</Pelev>
      <Telev>3100</Telev>
      <PART>0.5</PART>
      <DELAY>1</DELAY>
    </SubCatchmentParameters>
    <SubCatchmentVegetationZone>
      <SubCatchmentVegetationZoneParameters>
        <TT>0.82550419394690677</TT>
        <CFMAX>4.2541865138291657</CFMAX>
        <SP>0</SP>
        <SFCF>0.64874147332339216</SFCF>
        <CFR>0.074672192012331232</CFR>
        <CWH>0.15935506924646262</CWH>
        <CFGlacier>1</CFGlacier>
        <CFSlope>1</CFSlope>
        <FC>262.94824125253797</FC>
        <LP>0.48418923068344816</LP>
        <BETA>5.4570771922380414</BETA>
      </SubCatchmentVegetationZoneParameters>
    </SubCatchmentVegetationZone>
  </SubCatchment>
</Catchment>