<?xml version="1.0" encoding="utf-8"?>
<Catchment xmlns:xsi="http://www.w3.org/2001/XMLSchema-instance" xmlns:xsd="http://www.w3.org/2001/XMLSchema">
  <CatchmentParameters>
    <KSI>0.001</KSI>
    <KGmin>0.05</KGmin>
    <RangeKG>0.1</RangeKG>
    <AG>0.1</AG>
    <PERC>2.5945033240996351</PERC>
    <Alpha>0</Alpha>
    <UZL>86.041910315415464</UZL>
    <K0>0.47444287802790769</K0>
    <K1>0.082745307759887532</K1>
    <K2>0.010897288428359794</K2>
    <MAXBAS>1</MAXBAS>
    <Cet>0</Cet>
    <PCALT>10</PCALT>
    <TCALT>0.6</TCALT>
    <Pelev>3100</Pelev>
    <Telev>3100</Telev>
    <PART>0.5</PART>
    <DELAY>1</DELAY>
  </CatchmentParameters>
  <VegetationZone>
    <VegetationZoneParameters>
      <TT>-0.066884575689244566</TT>
      <CFMAX>3.83988162958923</CFMAX>
      <SP>0</SP>
      <SFCF>0.82047513773103753</SFCF>
      <CFR>0.024403744255296032</CFR>
      <CWH>0.10000002323515513</CWH>
      <CFGlacier>1</CFGlacier>
      <CFSlope>1</CFSlope>
      <FC>783.56114357025513</FC>
      <LP>0.50035360599554568</LP>
      <BETA>2.734116216322581</BETA>
    </VegetationZoneParameters>
  </VegetationZone>
  <SubCatchment>
    <SubCatchmentParameters>
      <KSI>0.001</KSI>
      <KGmin>0.05</KGmin>
      <RangeKG>0.1</RangeKG>
      <AG>0.1</AG>
      <PERC>2.5945033240996351</PERC>
      <Alpha>0</Alpha>
      <UZL>86.041910315415464</UZL>
      <K0>0.47444287802790769</K0>
      <K1>0.082745307759887532</K1>
      <K2>0.010897288428359794</K2>
      <MAXBAS>1</MAXBAS>
      <Cet>0</Cet>
      <PCALT>10</PCALT>
      <TCALT>0.6</TCALT>
      <Pelev>3100</Pelev>
      <Telev>3100</Telev>
      <PART>0.5</PART>
      <DELAY>1</DELAY>
    </SubCatchmentParameters>
    <SubCatchmentVegetationZone>
      <SubCatchmentVegetationZoneParameters>
        <TT>-0.066884575689244566</TT>
        <CFMAX>3.83988162958923</CFMAX>
        <SP>0</SP>
        <SFCF>0.82047513773103753</SFCF>
        <CFR>0.024403744255296032</CFR>
        <CWH>0.10000002323515513</CWH>
        <CFGlacier>1</CFGlacier>
        <CFSlope>1</CFSlope>
        <FC>783.56114357025513</FC>
        <LP>0.50035360599554568</LP>
        <BETA>2.734116216322581</BETA>
      </SubCatchmentVegetationZoneParameters>
    </SubCatchmentVegetationZone>
  </SubCatchment>
</Catchment>