<?xml version="1.0" encoding="utf-8"?>
<Catchment xmlns:xsi="http://www.w3.org/2001/XMLSchema-instance" xmlns:xsd="http://www.w3.org/2001/XMLSchema">
  <CatchmentParameters>
    <KSI>0.001</KSI>
    <KGmin>0.05</KGmin>
    <RangeKG>0.1</RangeKG>
    <AG>0.1</AG>
    <PERC>4.0476398036655494</PERC>
    <Alpha>0</Alpha>
    <UZL>20.415146335553342</UZL>
    <K0>0.51600531222647172</K0>
    <K1>0.46008294350857065</K1>
    <K2>0.012231387610841011</K2>
    <MAXBAS>1</MAXBAS>
    <Cet>0</Cet>
    <PCALT>10</PCALT>
    <TCALT>0.6</TCALT>
    <Pelev>3100</Pelev>
    <Telev>3100</Telev>
    <PART>0.5</PART>
    <DELAY>1</DELAY>
  </CatchmentParameters>
  <VegetationZone>
    <VegetationZoneParameters>
      <TT>-0.36420909163733411</TT>
      <CFMAX>3.3475564634503692</CFMAX>
      <SP>0</SP>
      <SFCF>0.7472403234357281</SFCF>
      <CFR>0.028631638586937923</CFR>
      <CWH>0.10000234535691525</CWH>
      <CFGlacier>1</CFGlacier>
      <CFSlope>1</CFSlope>
      <FC>774.61510004298418</FC>
      <LP>0.385850882828964</LP>
      <BETA>2.0091512673298331</BETA>
    </VegetationZoneParameters>
  </VegetationZone>
  <SubCatchment>
    <SubCatchmentParameters>
      <KSI>0.001</KSI>
      <KGmin>0.05</KGmin>
      <RangeKG>0.1</RangeKG>
      <AG>0.1</AG>
      <PERC>4.0476398036655494</PERC>
      <Alpha>0</Alpha>
      <UZL>20.415146335553342</UZL>
      <K0>0.51600531222647172</K0>
      <K1>0.46008294350857065</K1>
      <K2>0.012231387610841011</K2>
      <MAXBAS>1</MAXBAS>
      <Cet>0</Cet>
      <PCALT>10</PCALT>
      <TCALT>0.6</TCALT>
      <Pelev>3100</Pelev>
      <Telev>3100</Telev>
      <PART>0.5</PART>
      <DELAY>1</DELAY>
    </SubCatchmentParameters>
    <SubCatchmentVegetationZone>
      <SubCatchmentVegetationZoneParameters>
        <TT>-0.36420909163733411</TT>
        <CFMAX>3.3475564634503692</CFMAX>
        <SP>0</SP>
        <SFCF>0.7472403234357281</SFCF>
        <CFR>0.028631638586937923</CFR>
        <CWH>0.10000234535691525</CWH>
        <CFGlacier>1</CFGlacier>
        <CFSlope>1</CFSlope>
        <FC>774.61510004298418</FC>
        <LP>0.385850882828964</LP>
        <BETA>2.0091512673298331</BETA>
      </SubCatchmentVegetationZoneParameters>
    </SubCatchmentVegetationZone>
  </SubCatchment>
</Catchment>