<?xml version="1.0" encoding="utf-8"?>
<Catchment xmlns:xsi="http://www.w3.org/2001/XMLSchema-instance" xmlns:xsd="http://www.w3.org/2001/XMLSchema">
  <CatchmentParameters>
    <KSI>0.001</KSI>
    <KGmin>0.05</KGmin>
    <RangeKG>0.1</RangeKG>
    <AG>0.1</AG>
    <PERC>9.3866527306689669</PERC>
    <Alpha>0</Alpha>
    <UZL>93.039978595643589</UZL>
    <K0>0.44236906733535547</K0>
    <K1>0.049041480142681948</K1>
    <K2>0.08260498851772316</K2>
    <MAXBAS>1.3515683406168004</MAXBAS>
    <Cet>0</Cet>
    <PCALT>10</PCALT>
    <TCALT>0.6</TCALT>
    <Pelev>3100</Pelev>
    <Telev>3100</Telev>
    <PART>0.5</PART>
    <DELAY>1</DELAY>
  </CatchmentParameters>
  <VegetationZone>
    <VegetationZoneParameters>
      <TT>1.6151284795418173</TT>
      <CFMAX>3.7856384574156881</CFMAX>
      <SP>0</SP>
      <SFCF>0.95214257280856029</SFCF>
      <CFR>0.075043182446187989</CFR>
      <CWH>0.17141199242634886</CWH>
      <CFGlacier>1</CFGlacier>
      <CFSlope>1</CFSlope>
      <FC>311.59138597759039</FC>
      <LP>0.61593612514149332</LP>
      <BETA>5.2686764146324112</BETA>
    </VegetationZoneParameters>
  </VegetationZone>
  <SubCatchment>
    <SubCatchmentParameters>
      <KSI>0.001</KSI>
      <KGmin>0.05</KGmin>
      <RangeKG>0.1</RangeKG>
      <AG>0.1</AG>
      <PERC>9.3866527306689669</PERC>
      <Alpha>0</Alpha>
      <UZL>93.039978595643589</UZL>
      <K0>0.44236906733535547</K0>
      <K1>0.049041480142681948</K1>
      <K2>0.08260498851772316</K2>
      <MAXBAS>1.3515683406168004</MAXBAS>
      <Cet>0</Cet>
      <PCALT>10</PCALT>
      <TCALT>0.6</TCALT>
      <Pelev>3100</Pelev>
      <Telev>3100</Telev>
      <PART>0.5</PART>
      <DELAY>1</DELAY>
    </SubCatchmentParameters>
    <SubCatchmentVegetationZone>
      <SubCatchmentVegetationZoneParameters>
        <TT>1.6151284795418173</TT>
        <CFMAX>3.7856384574156881</CFMAX>
        <SP>0</SP>
        <SFCF>0.95214257280856029</SFCF>
        <CFR>0.075043182446187989</CFR>
        <CWH>0.17141199242634886</CWH>
        <CFGlacier>1</CFGlacier>
        <CFSlope>1</CFSlope>
        <FC>311.59138597759039</FC>
        <LP>0.61593612514149332</LP>
        <BETA>5.2686764146324112</BETA>
      </SubCatchmentVegetationZoneParameters>
    </SubCatchmentVegetationZone>
  </SubCatchment>
</Catchment>