<?xml version="1.0" encoding="utf-8"?>
<Catchment xmlns:xsi="http://www.w3.org/2001/XMLSchema-instance" xmlns:xsd="http://www.w3.org/2001/XMLSchema">
  <CatchmentParameters>
    <KSI>0.001</KSI>
    <KGmin>0.05</KGmin>
    <RangeKG>0.1</RangeKG>
    <AG>0.1</AG>
    <PERC>2.1037119803132835</PERC>
    <Alpha>0</Alpha>
    <UZL>186.88139802390606</UZL>
    <K0>0.5479110553614599</K0>
    <K1>0.082122396625458949</K1>
    <K2>0.011306468608895547</K2>
    <MAXBAS>1</MAXBAS>
    <Cet>0</Cet>
    <PCALT>10</PCALT>
    <TCALT>0.6</TCALT>
    <Pelev>3100</Pelev>
    <Telev>3100</Telev>
    <PART>0.5</PART>
    <DELAY>1</DELAY>
  </CatchmentParameters>
  <VegetationZone>
    <VegetationZoneParameters>
      <TT>-0.88545073238514349</TT>
      <CFMAX>3.6640966156489707</CFMAX>
      <SP>0</SP>
      <SFCF>1.0211250600675517</SFCF>
      <CFR>0.033374515893827207</CFR>
      <CWH>0.1000004137220801</CWH>
      <CFGlacier>1</CFGlacier>
      <CFSlope>1</CFSlope>
      <FC>1106.8762874467182</FC>
      <LP>0.52151788250097308</LP>
      <BETA>3.2254158848760075</BETA>
    </VegetationZoneParameters>
  </VegetationZone>
  <SubCatchment>
    <SubCatchmentParameters>
      <KSI>0.001</KSI>
      <KGmin>0.05</KGmin>
      <RangeKG>0.1</RangeKG>
      <AG>0.1</AG>
      <PERC>2.1037119803132835</PERC>
      <Alpha>0</Alpha>
      <UZL>186.88139802390606</UZL>
      <K0>0.5479110553614599</K0>
      <K1>0.082122396625458949</K1>
      <K2>0.011306468608895547</K2>
      <MAXBAS>1</MAXBAS>
      <Cet>0</Cet>
      <PCALT>10</PCALT>
      <TCALT>0.6</TCALT>
      <Pelev>3100</Pelev>
      <Telev>3100</Telev>
      <PART>0.5</PART>
      <DELAY>1</DELAY>
    </SubCatchmentParameters>
    <SubCatchmentVegetationZone>
      <SubCatchmentVegetationZoneParameters>
        <TT>-0.88545073238514349</TT>
        <CFMAX>3.6640966156489707</CFMAX>
        <SP>0</SP>
        <SFCF>1.0211250600675517</SFCF>
        <CFR>0.033374515893827207</CFR>
        <CWH>0.1000004137220801</CWH>
        <CFGlacier>1</CFGlacier>
        <CFSlope>1</CFSlope>
        <FC>1106.8762874467182</FC>
        <LP>0.52151788250097308</LP>
        <BETA>3.2254158848760075</BETA>
      </SubCatchmentVegetationZoneParameters>
    </SubCatchmentVegetationZone>
  </SubCatchment>
</Catchment>