<?xml version="1.0" encoding="utf-8"?>
<Catchment xmlns:xsi="http://www.w3.org/2001/XMLSchema-instance" xmlns:xsd="http://www.w3.org/2001/XMLSchema">
  <CatchmentParameters>
    <KSI>0.001</KSI>
    <KGmin>0.05</KGmin>
    <RangeKG>0.1</RangeKG>
    <AG>0.1</AG>
    <PERC>6.8816497050700773</PERC>
    <Alpha>0</Alpha>
    <UZL>164.92071737836812</UZL>
    <K0>0.16312071561906094</K0>
    <K1>0.3387621442174682</K1>
    <K2>0.12078191373650415</K2>
    <MAXBAS>2.1124858864358558</MAXBAS>
    <Cet>0</Cet>
    <PCALT>10</PCALT>
    <TCALT>0.6</TCALT>
    <Pelev>3100</Pelev>
    <Telev>3100</Telev>
    <PART>0.5</PART>
    <DELAY>1</DELAY>
  </CatchmentParameters>
  <VegetationZone>
    <VegetationZoneParameters>
      <TT>1.7828095399113544</TT>
      <CFMAX>4.7731293970601936</CFMAX>
      <SP>0</SP>
      <SFCF>1.083217567596378</SFCF>
      <CFR>0.055826674233235035</CFR>
      <CWH>0.14707716950698896</CWH>
      <CFGlacier>1</CFGlacier>
      <CFSlope>1</CFSlope>
      <FC>375.42359302345562</FC>
      <LP>0.69337788013873392</LP>
      <BETA>3.6125689000327226</BETA>
    </VegetationZoneParameters>
  </VegetationZone>
  <SubCatchment>
    <SubCatchmentParameters>
      <KSI>0.001</KSI>
      <KGmin>0.05</KGmin>
      <RangeKG>0.1</RangeKG>
      <AG>0.1</AG>
      <PERC>6.8816497050700773</PERC>
      <Alpha>0</Alpha>
      <UZL>164.92071737836812</UZL>
      <K0>0.16312071561906094</K0>
      <K1>0.3387621442174682</K1>
      <K2>0.12078191373650415</K2>
      <MAXBAS>2.1124858864358558</MAXBAS>
      <Cet>0</Cet>
      <PCALT>10</PCALT>
      <TCALT>0.6</TCALT>
      <Pelev>3100</Pelev>
      <Telev>3100</Telev>
      <PART>0.5</PART>
      <DELAY>1</DELAY>
    </SubCatchmentParameters>
    <SubCatchmentVegetationZone>
      <SubCatchmentVegetationZoneParameters>
        <TT>1.7828095399113544</TT>
        <CFMAX>4.7731293970601936</CFMAX>
        <SP>0</SP>
        <SFCF>1.083217567596378</SFCF>
        <CFR>0.055826674233235035</CFR>
        <CWH>0.14707716950698896</CWH>
        <CFGlacier>1</CFGlacier>
        <CFSlope>1</CFSlope>
        <FC>375.42359302345562</FC>
        <LP>0.69337788013873392</LP>
        <BETA>3.6125689000327226</BETA>
      </SubCatchmentVegetationZoneParameters>
    </SubCatchmentVegetationZone>
  </SubCatchment>
</Catchment>