<?xml version="1.0" encoding="utf-8"?>
<Catchment xmlns:xsi="http://www.w3.org/2001/XMLSchema-instance" xmlns:xsd="http://www.w3.org/2001/XMLSchema">
  <CatchmentParameters>
    <KSI>0.001</KSI>
    <KGmin>0.05</KGmin>
    <RangeKG>0.1</RangeKG>
    <AG>0.1</AG>
    <PERC>1.7482164120189088</PERC>
    <Alpha>0</Alpha>
    <UZL>104.58608012019541</UZL>
    <K0>0.13818167111938209</K0>
    <K1>0.082233528624793162</K1>
    <K2>0.011486095588092387</K2>
    <MAXBAS>1</MAXBAS>
    <Cet>0</Cet>
    <PCALT>10</PCALT>
    <TCALT>0.6</TCALT>
    <Pelev>3100</Pelev>
    <Telev>3100</Telev>
    <PART>0.5</PART>
    <DELAY>1</DELAY>
  </CatchmentParameters>
  <VegetationZone>
    <VegetationZoneParameters>
      <TT>-2.0126327262168453</TT>
      <CFMAX>2.0894948980931449</CFMAX>
      <SP>0</SP>
      <SFCF>0.8497502481443292</SFCF>
      <CFR>0.00717996104549396</CFR>
      <CWH>0.10013169468666525</CWH>
      <CFGlacier>1</CFGlacier>
      <CFSlope>1</CFSlope>
      <FC>829.1919417210521</FC>
      <LP>0.49532956294668673</LP>
      <BETA>2.6613142256677214</BETA>
    </VegetationZoneParameters>
  </VegetationZone>
  <SubCatchment>
    <SubCatchmentParameters>
      <KSI>0.001</KSI>
      <KGmin>0.05</KGmin>
      <RangeKG>0.1</RangeKG>
      <AG>0.1</AG>
      <PERC>1.7482164120189088</PERC>
      <Alpha>0</Alpha>
      <UZL>104.58608012019541</UZL>
      <K0>0.13818167111938209</K0>
      <K1>0.082233528624793162</K1>
      <K2>0.011486095588092387</K2>
      <MAXBAS>1</MAXBAS>
      <Cet>0</Cet>
      <PCALT>10</PCALT>
      <TCALT>0.6</TCALT>
      <Pelev>3100</Pelev>
      <Telev>3100</Telev>
      <PART>0.5</PART>
      <DELAY>1</DELAY>
    </SubCatchmentParameters>
    <SubCatchmentVegetationZone>
      <SubCatchmentVegetationZoneParameters>
        <TT>-2.0126327262168453</TT>
        <CFMAX>2.0894948980931449</CFMAX>
        <SP>0</SP>
        <SFCF>0.8497502481443292</SFCF>
        <CFR>0.00717996104549396</CFR>
        <CWH>0.10013169468666525</CWH>
        <CFGlacier>1</CFGlacier>
        <CFSlope>1</CFSlope>
        <FC>829.1919417210521</FC>
        <LP>0.49532956294668673</LP>
        <BETA>2.6613142256677214</BETA>
      </SubCatchmentVegetationZoneParameters>
    </SubCatchmentVegetationZone>
  </SubCatchment>
</Catchment>