<?xml version="1.0" encoding="utf-8"?>
<Catchment xmlns:xsi="http://www.w3.org/2001/XMLSchema-instance" xmlns:xsd="http://www.w3.org/2001/XMLSchema">
  <CatchmentParameters>
    <KSI>0.001</KSI>
    <KGmin>0.05</KGmin>
    <RangeKG>0.1</RangeKG>
    <AG>0.1</AG>
    <PERC>3.1734864484715528</PERC>
    <Alpha>0</Alpha>
    <UZL>45.956945516407849</UZL>
    <K0>0.57209501235346971</K0>
    <K1>0.11840802355000817</K1>
    <K2>0.011201449279726633</K2>
    <MAXBAS>1</MAXBAS>
    <Cet>0</Cet>
    <PCALT>10</PCALT>
    <TCALT>0.6</TCALT>
    <Pelev>3100</Pelev>
    <Telev>3100</Telev>
    <PART>0.5</PART>
    <DELAY>1</DELAY>
  </CatchmentParameters>
  <VegetationZone>
    <VegetationZoneParameters>
      <TT>-1.1365997094720917</TT>
      <CFMAX>3.2449579908331154</CFMAX>
      <SP>0</SP>
      <SFCF>0.99569872231393486</SFCF>
      <CFR>0.029929110826197983</CFR>
      <CWH>0.100000184662605</CWH>
      <CFGlacier>1</CFGlacier>
      <CFSlope>1</CFSlope>
      <FC>979.70256947177052</FC>
      <LP>0.50807535165965</LP>
      <BETA>3.1036388916713697</BETA>
    </VegetationZoneParameters>
  </VegetationZone>
  <SubCatchment>
    <SubCatchmentParameters>
      <KSI>0.001</KSI>
      <KGmin>0.05</KGmin>
      <RangeKG>0.1</RangeKG>
      <AG>0.1</AG>
      <PERC>3.1734864484715528</PERC>
      <Alpha>0</Alpha>
      <UZL>45.956945516407849</UZL>
      <K0>0.57209501235346971</K0>
      <K1>0.11840802355000817</K1>
      <K2>0.011201449279726633</K2>
      <MAXBAS>1</MAXBAS>
      <Cet>0</Cet>
      <PCALT>10</PCALT>
      <TCALT>0.6</TCALT>
      <Pelev>3100</Pelev>
      <Telev>3100</Telev>
      <PART>0.5</PART>
      <DELAY>1</DELAY>
    </SubCatchmentParameters>
    <SubCatchmentVegetationZone>
      <SubCatchmentVegetationZoneParameters>
        <TT>-1.1365997094720917</TT>
        <CFMAX>3.2449579908331154</CFMAX>
        <SP>0</SP>
        <SFCF>0.99569872231393486</SFCF>
        <CFR>0.029929110826197983</CFR>
        <CWH>0.100000184662605</CWH>
        <CFGlacier>1</CFGlacier>
        <CFSlope>1</CFSlope>
        <FC>979.70256947177052</FC>
        <LP>0.50807535165965</LP>
        <BETA>3.1036388916713697</BETA>
      </SubCatchmentVegetationZoneParameters>
    </SubCatchmentVegetationZone>
  </SubCatchment>
</Catchment>