<?xml version="1.0" encoding="utf-8"?>
<Catchment xmlns:xsi="http://www.w3.org/2001/XMLSchema-instance" xmlns:xsd="http://www.w3.org/2001/XMLSchema">
  <CatchmentParameters>
    <KSI>0.001</KSI>
    <KGmin>0.05</KGmin>
    <RangeKG>0.1</RangeKG>
    <AG>0.1</AG>
    <PERC>2.711541210118031</PERC>
    <Alpha>0</Alpha>
    <UZL>91.755918341631542</UZL>
    <K0>0.31796699510573473</K0>
    <K1>0.16369511767419065</K1>
    <K2>0.011281266039970478</K2>
    <MAXBAS>1</MAXBAS>
    <Cet>0</Cet>
    <PCALT>10</PCALT>
    <TCALT>0.6</TCALT>
    <Pelev>3100</Pelev>
    <Telev>3100</Telev>
    <PART>0.5</PART>
    <DELAY>1</DELAY>
  </CatchmentParameters>
  <VegetationZone>
    <VegetationZoneParameters>
      <TT>-1.1091581795037417</TT>
      <CFMAX>2.5553993559351471</CFMAX>
      <SP>0</SP>
      <SFCF>0.74459546363152673</SFCF>
      <CFR>0.058186715202427984</CFR>
      <CWH>0.15303981891639806</CWH>
      <CFGlacier>1</CFGlacier>
      <CFSlope>1</CFSlope>
      <FC>725.63544543232661</FC>
      <LP>0.532306199857156</LP>
      <BETA>2.6953068893087986</BETA>
    </VegetationZoneParameters>
  </VegetationZone>
  <SubCatchment>
    <SubCatchmentParameters>
      <KSI>0.001</KSI>
      <KGmin>0.05</KGmin>
      <RangeKG>0.1</RangeKG>
      <AG>0.1</AG>
      <PERC>2.711541210118031</PERC>
      <Alpha>0</Alpha>
      <UZL>91.755918341631542</UZL>
      <K0>0.31796699510573473</K0>
      <K1>0.16369511767419065</K1>
      <K2>0.011281266039970478</K2>
      <MAXBAS>1</MAXBAS>
      <Cet>0</Cet>
      <PCALT>10</PCALT>
      <TCALT>0.6</TCALT>
      <Pelev>3100</Pelev>
      <Telev>3100</Telev>
      <PART>0.5</PART>
      <DELAY>1</DELAY>
    </SubCatchmentParameters>
    <SubCatchmentVegetationZone>
      <SubCatchmentVegetationZoneParameters>
        <TT>-1.1091581795037417</TT>
        <CFMAX>2.5553993559351471</CFMAX>
        <SP>0</SP>
        <SFCF>0.74459546363152673</SFCF>
        <CFR>0.058186715202427984</CFR>
        <CWH>0.15303981891639806</CWH>
        <CFGlacier>1</CFGlacier>
        <CFSlope>1</CFSlope>
        <FC>725.63544543232661</FC>
        <LP>0.532306199857156</LP>
        <BETA>2.6953068893087986</BETA>
      </SubCatchmentVegetationZoneParameters>
    </SubCatchmentVegetationZone>
  </SubCatchment>
</Catchment>