<?xml version="1.0" encoding="utf-8"?>
<Catchment xmlns:xsi="http://www.w3.org/2001/XMLSchema-instance" xmlns:xsd="http://www.w3.org/2001/XMLSchema">
  <CatchmentParameters>
    <KSI>0.001</KSI>
    <KGmin>0.05</KGmin>
    <RangeKG>0.1</RangeKG>
    <AG>0.1</AG>
    <PERC>9.9732818545312156</PERC>
    <Alpha>0</Alpha>
    <UZL>101.20160233581704</UZL>
    <K0>0.52195597496079493</K0>
    <K1>0.28283342268499018</K1>
    <K2>0.13195166359861579</K2>
    <MAXBAS>1.9806800585116662</MAXBAS>
    <Cet>0</Cet>
    <PCALT>10</PCALT>
    <TCALT>0.6</TCALT>
    <Pelev>3100</Pelev>
    <Telev>3100</Telev>
    <PART>0.5</PART>
    <DELAY>1</DELAY>
  </CatchmentParameters>
  <VegetationZone>
    <VegetationZoneParameters>
      <TT>1.7771617019926773</TT>
      <CFMAX>4.1123174526544979</CFMAX>
      <SP>0</SP>
      <SFCF>1.0983717725712268</SFCF>
      <CFR>0.051361186263161822</CFR>
      <CWH>0.1659496935752752</CWH>
      <CFGlacier>1</CFGlacier>
      <CFSlope>1</CFSlope>
      <FC>355.51518619430328</FC>
      <LP>0.53447350562955609</LP>
      <BETA>5.9918214834156291</BETA>
    </VegetationZoneParameters>
  </VegetationZone>
  <SubCatchment>
    <SubCatchmentParameters>
      <KSI>0.001</KSI>
      <KGmin>0.05</KGmin>
      <RangeKG>0.1</RangeKG>
      <AG>0.1</AG>
      <PERC>9.9732818545312156</PERC>
      <Alpha>0</Alpha>
      <UZL>101.20160233581704</UZL>
      <K0>0.52195597496079493</K0>
      <K1>0.28283342268499018</K1>
      <K2>0.13195166359861579</K2>
      <MAXBAS>1.9806800585116662</MAXBAS>
      <Cet>0</Cet>
      <PCALT>10</PCALT>
      <TCALT>0.6</TCALT>
      <Pelev>3100</Pelev>
      <Telev>3100</Telev>
      <PART>0.5</PART>
      <DELAY>1</DELAY>
    </SubCatchmentParameters>
    <SubCatchmentVegetationZone>
      <SubCatchmentVegetationZoneParameters>
        <TT>1.7771617019926773</TT>
        <CFMAX>4.1123174526544979</CFMAX>
        <SP>0</SP>
        <SFCF>1.0983717725712268</SFCF>
        <CFR>0.051361186263161822</CFR>
        <CWH>0.1659496935752752</CWH>
        <CFGlacier>1</CFGlacier>
        <CFSlope>1</CFSlope>
        <FC>355.51518619430328</FC>
        <LP>0.53447350562955609</LP>
        <BETA>5.9918214834156291</BETA>
      </SubCatchmentVegetationZoneParameters>
    </SubCatchmentVegetationZone>
  </SubCatchment>
</Catchment>