<?xml version="1.0" encoding="utf-8"?>
<Catchment xmlns:xsi="http://www.w3.org/2001/XMLSchema-instance" xmlns:xsd="http://www.w3.org/2001/XMLSchema">
  <CatchmentParameters>
    <KSI>0.001</KSI>
    <KGmin>0.05</KGmin>
    <RangeKG>0.1</RangeKG>
    <AG>0.1</AG>
    <PERC>3.4666154024669376</PERC>
    <Alpha>0</Alpha>
    <UZL>71.218971924303418</UZL>
    <K0>0.52695156671906507</K0>
    <K1>0.13636643279447613</K1>
    <K2>0.1252190636490032</K2>
    <MAXBAS>2.1048420566305692</MAXBAS>
    <Cet>0</Cet>
    <PCALT>10</PCALT>
    <TCALT>0.6</TCALT>
    <Pelev>3100</Pelev>
    <Telev>3100</Telev>
    <PART>0.5</PART>
    <DELAY>1</DELAY>
  </CatchmentParameters>
  <VegetationZone>
    <VegetationZoneParameters>
      <TT>0.55606214915726393</TT>
      <CFMAX>4.2831151259145388</CFMAX>
      <SP>0</SP>
      <SFCF>0.93324314716836854</SFCF>
      <CFR>0.021942080377947634</CFR>
      <CWH>0.11511535615549549</CWH>
      <CFGlacier>1</CFGlacier>
      <CFSlope>1</CFSlope>
      <FC>503.82913563261388</FC>
      <LP>0.41604742595886829</LP>
      <BETA>3.9899681347985139</BETA>
    </VegetationZoneParameters>
  </VegetationZone>
  <SubCatchment>
    <SubCatchmentParameters>
      <KSI>0.001</KSI>
      <KGmin>0.05</KGmin>
      <RangeKG>0.1</RangeKG>
      <AG>0.1</AG>
      <PERC>3.4666154024669376</PERC>
      <Alpha>0</Alpha>
      <UZL>71.218971924303418</UZL>
      <K0>0.52695156671906507</K0>
      <K1>0.13636643279447613</K1>
      <K2>0.1252190636490032</K2>
      <MAXBAS>2.1048420566305692</MAXBAS>
      <Cet>0</Cet>
      <PCALT>10</PCALT>
      <TCALT>0.6</TCALT>
      <Pelev>3100</Pelev>
      <Telev>3100</Telev>
      <PART>0.5</PART>
      <DELAY>1</DELAY>
    </SubCatchmentParameters>
    <SubCatchmentVegetationZone>
      <SubCatchmentVegetationZoneParameters>
        <TT>0.55606214915726393</TT>
        <CFMAX>4.2831151259145388</CFMAX>
        <SP>0</SP>
        <SFCF>0.93324314716836854</SFCF>
        <CFR>0.021942080377947634</CFR>
        <CWH>0.11511535615549549</CWH>
        <CFGlacier>1</CFGlacier>
        <CFSlope>1</CFSlope>
        <FC>503.82913563261388</FC>
        <LP>0.41604742595886829</LP>
        <BETA>3.9899681347985139</BETA>
      </SubCatchmentVegetationZoneParameters>
    </SubCatchmentVegetationZone>
  </SubCatchment>
</Catchment>