<?xml version="1.0" encoding="utf-8"?>
<Catchment xmlns:xsi="http://www.w3.org/2001/XMLSchema-instance" xmlns:xsd="http://www.w3.org/2001/XMLSchema">
  <CatchmentParameters>
    <KSI>0.001</KSI>
    <KGmin>0.05</KGmin>
    <RangeKG>0.1</RangeKG>
    <AG>0.1</AG>
    <PERC>8.72667988363235</PERC>
    <Alpha>0</Alpha>
    <UZL>55.571060537792796</UZL>
    <K0>0.51741577186666554</K0>
    <K1>0.3144953504436383</K1>
    <K2>0.09118119926122413</K2>
    <MAXBAS>1.4253033692671879</MAXBAS>
    <Cet>0</Cet>
    <PCALT>10</PCALT>
    <TCALT>0.6</TCALT>
    <Pelev>3100</Pelev>
    <Telev>3100</Telev>
    <PART>0.5</PART>
    <DELAY>1</DELAY>
  </CatchmentParameters>
  <VegetationZone>
    <VegetationZoneParameters>
      <TT>2.339483104831535</TT>
      <CFMAX>4.85145078564809</CFMAX>
      <SP>0</SP>
      <SFCF>1.1139209031114026</SFCF>
      <CFR>0.070823024812571564</CFR>
      <CWH>0.13913102435491634</CWH>
      <CFGlacier>1</CFGlacier>
      <CFSlope>1</CFSlope>
      <FC>593.15116363301217</FC>
      <LP>0.63459300999057888</LP>
      <BETA>5.9655164160715977</BETA>
    </VegetationZoneParameters>
  </VegetationZone>
  <SubCatchment>
    <SubCatchmentParameters>
      <KSI>0.001</KSI>
      <KGmin>0.05</KGmin>
      <RangeKG>0.1</RangeKG>
      <AG>0.1</AG>
      <PERC>8.72667988363235</PERC>
      <Alpha>0</Alpha>
      <UZL>55.571060537792796</UZL>
      <K0>0.51741577186666554</K0>
      <K1>0.3144953504436383</K1>
      <K2>0.09118119926122413</K2>
      <MAXBAS>1.4253033692671879</MAXBAS>
      <Cet>0</Cet>
      <PCALT>10</PCALT>
      <TCALT>0.6</TCALT>
      <Pelev>3100</Pelev>
      <Telev>3100</Telev>
      <PART>0.5</PART>
      <DELAY>1</DELAY>
    </SubCatchmentParameters>
    <SubCatchmentVegetationZone>
      <SubCatchmentVegetationZoneParameters>
        <TT>2.339483104831535</TT>
        <CFMAX>4.85145078564809</CFMAX>
        <SP>0</SP>
        <SFCF>1.1139209031114026</SFCF>
        <CFR>0.070823024812571564</CFR>
        <CWH>0.13913102435491634</CWH>
        <CFGlacier>1</CFGlacier>
        <CFSlope>1</CFSlope>
        <FC>593.15116363301217</FC>
        <LP>0.63459300999057888</LP>
        <BETA>5.9655164160715977</BETA>
      </SubCatchmentVegetationZoneParameters>
    </SubCatchmentVegetationZone>
  </SubCatchment>
</Catchment>