<?xml version="1.0" encoding="utf-8"?>
<Catchment xmlns:xsi="http://www.w3.org/2001/XMLSchema-instance" xmlns:xsd="http://www.w3.org/2001/XMLSchema">
  <CatchmentParameters>
    <KSI>0.001</KSI>
    <KGmin>0.05</KGmin>
    <RangeKG>0.1</RangeKG>
    <AG>0.1</AG>
    <PERC>3.5363614197018678</PERC>
    <Alpha>0</Alpha>
    <UZL>149.29150360332537</UZL>
    <K0>0.05000000033009315</K0>
    <K1>0.30149469663405781</K1>
    <K2>0.012381115987107835</K2>
    <MAXBAS>1</MAXBAS>
    <Cet>0</Cet>
    <PCALT>10</PCALT>
    <TCALT>0.6</TCALT>
    <Pelev>3100</Pelev>
    <Telev>3100</Telev>
    <PART>0.5</PART>
    <DELAY>1</DELAY>
  </CatchmentParameters>
  <VegetationZone>
    <VegetationZoneParameters>
      <TT>-1.2549008178098107</TT>
      <CFMAX>3.2958711022248837</CFMAX>
      <SP>0</SP>
      <SFCF>1.0044740195754813</SFCF>
      <CFR>0.063266812485569743</CFR>
      <CWH>0.10441028285212164</CWH>
      <CFGlacier>1</CFGlacier>
      <CFSlope>1</CFSlope>
      <FC>1165.0972328869643</FC>
      <LP>0.54123397555227026</LP>
      <BETA>3.2242617154790443</BETA>
    </VegetationZoneParameters>
  </VegetationZone>
  <SubCatchment>
    <SubCatchmentParameters>
      <KSI>0.001</KSI>
      <KGmin>0.05</KGmin>
      <RangeKG>0.1</RangeKG>
      <AG>0.1</AG>
      <PERC>3.5363614197018678</PERC>
      <Alpha>0</Alpha>
      <UZL>149.29150360332537</UZL>
      <K0>0.05000000033009315</K0>
      <K1>0.30149469663405781</K1>
      <K2>0.012381115987107835</K2>
      <MAXBAS>1</MAXBAS>
      <Cet>0</Cet>
      <PCALT>10</PCALT>
      <TCALT>0.6</TCALT>
      <Pelev>3100</Pelev>
      <Telev>3100</Telev>
      <PART>0.5</PART>
      <DELAY>1</DELAY>
    </SubCatchmentParameters>
    <SubCatchmentVegetationZone>
      <SubCatchmentVegetationZoneParameters>
        <TT>-1.2549008178098107</TT>
        <CFMAX>3.2958711022248837</CFMAX>
        <SP>0</SP>
        <SFCF>1.0044740195754813</SFCF>
        <CFR>0.063266812485569743</CFR>
        <CWH>0.10441028285212164</CWH>
        <CFGlacier>1</CFGlacier>
        <CFSlope>1</CFSlope>
        <FC>1165.0972328869643</FC>
        <LP>0.54123397555227026</LP>
        <BETA>3.2242617154790443</BETA>
      </SubCatchmentVegetationZoneParameters>
    </SubCatchmentVegetationZone>
  </SubCatchment>
</Catchment>