<?xml version="1.0" encoding="utf-8"?>
<Catchment xmlns:xsi="http://www.w3.org/2001/XMLSchema-instance" xmlns:xsd="http://www.w3.org/2001/XMLSchema">
  <CatchmentParameters>
    <KSI>0.001</KSI>
    <KGmin>0.05</KGmin>
    <RangeKG>0.1</RangeKG>
    <AG>0.1</AG>
    <PERC>4.3411105944740678</PERC>
    <Alpha>0</Alpha>
    <UZL>84.82670668989779</UZL>
    <K0>0.53169794419017757</K0>
    <K1>0.33499440734881752</K1>
    <K2>0.011085217742863316</K2>
    <MAXBAS>1</MAXBAS>
    <Cet>0</Cet>
    <PCALT>10</PCALT>
    <TCALT>0.6</TCALT>
    <Pelev>3100</Pelev>
    <Telev>3100</Telev>
    <PART>0.5</PART>
    <DELAY>1</DELAY>
  </CatchmentParameters>
  <VegetationZone>
    <VegetationZoneParameters>
      <TT>-1.151543275329235</TT>
      <CFMAX>2.7273732509891486</CFMAX>
      <SP>0</SP>
      <SFCF>0.75363968133709069</SFCF>
      <CFR>0.058905042424217888</CFR>
      <CWH>0.10522354574831347</CWH>
      <CFGlacier>1</CFGlacier>
      <CFSlope>1</CFSlope>
      <FC>652.91462686755256</FC>
      <LP>0.62452994623378943</LP>
      <BETA>3.3352114931602146</BETA>
    </VegetationZoneParameters>
  </VegetationZone>
  <SubCatchment>
    <SubCatchmentParameters>
      <KSI>0.001</KSI>
      <KGmin>0.05</KGmin>
      <RangeKG>0.1</RangeKG>
      <AG>0.1</AG>
      <PERC>4.3411105944740678</PERC>
      <Alpha>0</Alpha>
      <UZL>84.82670668989779</UZL>
      <K0>0.53169794419017757</K0>
      <K1>0.33499440734881752</K1>
      <K2>0.011085217742863316</K2>
      <MAXBAS>1</MAXBAS>
      <Cet>0</Cet>
      <PCALT>10</PCALT>
      <TCALT>0.6</TCALT>
      <Pelev>3100</Pelev>
      <Telev>3100</Telev>
      <PART>0.5</PART>
      <DELAY>1</DELAY>
    </SubCatchmentParameters>
    <SubCatchmentVegetationZone>
      <SubCatchmentVegetationZoneParameters>
        <TT>-1.151543275329235</TT>
        <CFMAX>2.7273732509891486</CFMAX>
        <SP>0</SP>
        <SFCF>0.75363968133709069</SFCF>
        <CFR>0.058905042424217888</CFR>
        <CWH>0.10522354574831347</CWH>
        <CFGlacier>1</CFGlacier>
        <CFSlope>1</CFSlope>
        <FC>652.91462686755256</FC>
        <LP>0.62452994623378943</LP>
        <BETA>3.3352114931602146</BETA>
      </SubCatchmentVegetationZoneParameters>
    </SubCatchmentVegetationZone>
  </SubCatchment>
</Catchment>