<?xml version="1.0" encoding="utf-8"?>
<Catchment xmlns:xsi="http://www.w3.org/2001/XMLSchema-instance" xmlns:xsd="http://www.w3.org/2001/XMLSchema">
  <CatchmentParameters>
    <KSI>0.001</KSI>
    <KGmin>0.05</KGmin>
    <RangeKG>0.1</RangeKG>
    <AG>0.1</AG>
    <PERC>3.194922974466464</PERC>
    <Alpha>0</Alpha>
    <UZL>134.20888306466566</UZL>
    <K0>0.4885416316723154</K0>
    <K1>0.25989334898341732</K1>
    <K2>0.012639932797735997</K2>
    <MAXBAS>1</MAXBAS>
    <Cet>0</Cet>
    <PCALT>10</PCALT>
    <TCALT>0.6</TCALT>
    <Pelev>3100</Pelev>
    <Telev>3100</Telev>
    <PART>0.5</PART>
    <DELAY>1</DELAY>
  </CatchmentParameters>
  <VegetationZone>
    <VegetationZoneParameters>
      <TT>-0.88886149367995759</TT>
      <CFMAX>3.2872680613034841</CFMAX>
      <SP>0</SP>
      <SFCF>0.90827800177203566</SFCF>
      <CFR>0.0352072495667908</CFR>
      <CWH>0.10000130942485912</CWH>
      <CFGlacier>1</CFGlacier>
      <CFSlope>1</CFSlope>
      <FC>1109.3217554847195</FC>
      <LP>0.32293541479337212</LP>
      <BETA>1.9043145006672055</BETA>
    </VegetationZoneParameters>
  </VegetationZone>
  <SubCatchment>
    <SubCatchmentParameters>
      <KSI>0.001</KSI>
      <KGmin>0.05</KGmin>
      <RangeKG>0.1</RangeKG>
      <AG>0.1</AG>
      <PERC>3.194922974466464</PERC>
      <Alpha>0</Alpha>
      <UZL>134.20888306466566</UZL>
      <K0>0.4885416316723154</K0>
      <K1>0.25989334898341732</K1>
      <K2>0.012639932797735997</K2>
      <MAXBAS>1</MAXBAS>
      <Cet>0</Cet>
      <PCALT>10</PCALT>
      <TCALT>0.6</TCALT>
      <Pelev>3100</Pelev>
      <Telev>3100</Telev>
      <PART>0.5</PART>
      <DELAY>1</DELAY>
    </SubCatchmentParameters>
    <SubCatchmentVegetationZone>
      <SubCatchmentVegetationZoneParameters>
        <TT>-0.88886149367995759</TT>
        <CFMAX>3.2872680613034841</CFMAX>
        <SP>0</SP>
        <SFCF>0.90827800177203566</SFCF>
        <CFR>0.0352072495667908</CFR>
        <CWH>0.10000130942485912</CWH>
        <CFGlacier>1</CFGlacier>
        <CFSlope>1</CFSlope>
        <FC>1109.3217554847195</FC>
        <LP>0.32293541479337212</LP>
        <BETA>1.9043145006672055</BETA>
      </SubCatchmentVegetationZoneParameters>
    </SubCatchmentVegetationZone>
  </SubCatchment>
</Catchment>