<?xml version="1.0" encoding="utf-8"?>
<Catchment xmlns:xsi="http://www.w3.org/2001/XMLSchema-instance" xmlns:xsd="http://www.w3.org/2001/XMLSchema">
  <CatchmentParameters>
    <KSI>0.001</KSI>
    <KGmin>0.05</KGmin>
    <RangeKG>0.1</RangeKG>
    <AG>0.1</AG>
    <PERC>7.813761772151536</PERC>
    <Alpha>0</Alpha>
    <UZL>55.218636221796508</UZL>
    <K0>0.25043485654719011</K0>
    <K1>0.26857072573176172</K1>
    <K2>0.090049076239413578</K2>
    <MAXBAS>1.0484354533843514</MAXBAS>
    <Cet>0</Cet>
    <PCALT>10</PCALT>
    <TCALT>0.6</TCALT>
    <Pelev>3100</Pelev>
    <Telev>3100</Telev>
    <PART>0.5</PART>
    <DELAY>1</DELAY>
  </CatchmentParameters>
  <VegetationZone>
    <VegetationZoneParameters>
      <TT>1.6288079890650424</TT>
      <CFMAX>4.7209196535512756</CFMAX>
      <SP>0</SP>
      <SFCF>0.77309955828646781</SFCF>
      <CFR>0.028978502422058613</CFR>
      <CWH>0.11061919740081139</CWH>
      <CFGlacier>1</CFGlacier>
      <CFSlope>1</CFSlope>
      <FC>285.92920280611941</FC>
      <LP>0.57476708155702849</LP>
      <BETA>5.6310213277397629</BETA>
    </VegetationZoneParameters>
  </VegetationZone>
  <SubCatchment>
    <SubCatchmentParameters>
      <KSI>0.001</KSI>
      <KGmin>0.05</KGmin>
      <RangeKG>0.1</RangeKG>
      <AG>0.1</AG>
      <PERC>7.813761772151536</PERC>
      <Alpha>0</Alpha>
      <UZL>55.218636221796508</UZL>
      <K0>0.25043485654719011</K0>
      <K1>0.26857072573176172</K1>
      <K2>0.090049076239413578</K2>
      <MAXBAS>1.0484354533843514</MAXBAS>
      <Cet>0</Cet>
      <PCALT>10</PCALT>
      <TCALT>0.6</TCALT>
      <Pelev>3100</Pelev>
      <Telev>3100</Telev>
      <PART>0.5</PART>
      <DELAY>1</DELAY>
    </SubCatchmentParameters>
    <SubCatchmentVegetationZone>
      <SubCatchmentVegetationZoneParameters>
        <TT>1.6288079890650424</TT>
        <CFMAX>4.7209196535512756</CFMAX>
        <SP>0</SP>
        <SFCF>0.77309955828646781</SFCF>
        <CFR>0.028978502422058613</CFR>
        <CWH>0.11061919740081139</CWH>
        <CFGlacier>1</CFGlacier>
        <CFSlope>1</CFSlope>
        <FC>285.92920280611941</FC>
        <LP>0.57476708155702849</LP>
        <BETA>5.6310213277397629</BETA>
      </SubCatchmentVegetationZoneParameters>
    </SubCatchmentVegetationZone>
  </SubCatchment>
</Catchment>