<?xml version="1.0" encoding="utf-8"?>
<Catchment xmlns:xsi="http://www.w3.org/2001/XMLSchema-instance" xmlns:xsd="http://www.w3.org/2001/XMLSchema">
  <CatchmentParameters>
    <KSI>0.001</KSI>
    <KGmin>0.05</KGmin>
    <RangeKG>0.1</RangeKG>
    <AG>0.1</AG>
    <PERC>9.4254535928866066</PERC>
    <Alpha>0</Alpha>
    <UZL>106.79211518766782</UZL>
    <K0>0.35183552000336271</K0>
    <K1>0.24153501585637996</K1>
    <K2>0.12369228356742268</K2>
    <MAXBAS>1.5525698391563356</MAXBAS>
    <Cet>0</Cet>
    <PCALT>10</PCALT>
    <TCALT>0.6</TCALT>
    <Pelev>3100</Pelev>
    <Telev>3100</Telev>
    <PART>0.5</PART>
    <DELAY>1</DELAY>
  </CatchmentParameters>
  <VegetationZone>
    <VegetationZoneParameters>
      <TT>1.8449488388633408</TT>
      <CFMAX>4.4009905907570577</CFMAX>
      <SP>0</SP>
      <SFCF>0.98620121076083433</SFCF>
      <CFR>0.077166503884072118</CFR>
      <CWH>0.15123518272942982</CWH>
      <CFGlacier>1</CFGlacier>
      <CFSlope>1</CFSlope>
      <FC>638.900040506048</FC>
      <LP>0.3219354249586085</LP>
      <BETA>5.1957522558134244</BETA>
    </VegetationZoneParameters>
  </VegetationZone>
  <SubCatchment>
    <SubCatchmentParameters>
      <KSI>0.001</KSI>
      <KGmin>0.05</KGmin>
      <RangeKG>0.1</RangeKG>
      <AG>0.1</AG>
      <PERC>9.4254535928866066</PERC>
      <Alpha>0</Alpha>
      <UZL>106.79211518766782</UZL>
      <K0>0.35183552000336271</K0>
      <K1>0.24153501585637996</K1>
      <K2>0.12369228356742268</K2>
      <MAXBAS>1.5525698391563356</MAXBAS>
      <Cet>0</Cet>
      <PCALT>10</PCALT>
      <TCALT>0.6</TCALT>
      <Pelev>3100</Pelev>
      <Telev>3100</Telev>
      <PART>0.5</PART>
      <DELAY>1</DELAY>
    </SubCatchmentParameters>
    <SubCatchmentVegetationZone>
      <SubCatchmentVegetationZoneParameters>
        <TT>1.8449488388633408</TT>
        <CFMAX>4.4009905907570577</CFMAX>
        <SP>0</SP>
        <SFCF>0.98620121076083433</SFCF>
        <CFR>0.077166503884072118</CFR>
        <CWH>0.15123518272942982</CWH>
        <CFGlacier>1</CFGlacier>
        <CFSlope>1</CFSlope>
        <FC>638.900040506048</FC>
        <LP>0.3219354249586085</LP>
        <BETA>5.1957522558134244</BETA>
      </SubCatchmentVegetationZoneParameters>
    </SubCatchmentVegetationZone>
  </SubCatchment>
</Catchment>