<?xml version="1.0" encoding="utf-8"?>
<Catchment xmlns:xsi="http://www.w3.org/2001/XMLSchema-instance" xmlns:xsd="http://www.w3.org/2001/XMLSchema">
  <CatchmentParameters>
    <KSI>0.001</KSI>
    <KGmin>0.05</KGmin>
    <RangeKG>0.1</RangeKG>
    <AG>0.1</AG>
    <PERC>4.4197406674063826</PERC>
    <Alpha>0</Alpha>
    <UZL>157.56932607072341</UZL>
    <K0>0.5812211733813395</K0>
    <K1>0.354880851321016</K1>
    <K2>0.069987258799113466</K2>
    <MAXBAS>1.2401760808834177</MAXBAS>
    <Cet>0</Cet>
    <PCALT>10</PCALT>
    <TCALT>0.6</TCALT>
    <Pelev>3100</Pelev>
    <Telev>3100</Telev>
    <PART>0.5</PART>
    <DELAY>1</DELAY>
  </CatchmentParameters>
  <VegetationZone>
    <VegetationZoneParameters>
      <TT>1.7357250910576081</TT>
      <CFMAX>3.0010080329664</CFMAX>
      <SP>0</SP>
      <SFCF>0.724004213331552</SFCF>
      <CFR>0.086493779438949675</CFR>
      <CWH>0.14271041638392795</CWH>
      <CFGlacier>1</CFGlacier>
      <CFSlope>1</CFSlope>
      <FC>570.28942328761411</FC>
      <LP>0.4098912116920565</LP>
      <BETA>5.2450003679414809</BETA>
    </VegetationZoneParameters>
  </VegetationZone>
  <SubCatchment>
    <SubCatchmentParameters>
      <KSI>0.001</KSI>
      <KGmin>0.05</KGmin>
      <RangeKG>0.1</RangeKG>
      <AG>0.1</AG>
      <PERC>4.4197406674063826</PERC>
      <Alpha>0</Alpha>
      <UZL>157.56932607072341</UZL>
      <K0>0.5812211733813395</K0>
      <K1>0.354880851321016</K1>
      <K2>0.069987258799113466</K2>
      <MAXBAS>1.2401760808834177</MAXBAS>
      <Cet>0</Cet>
      <PCALT>10</PCALT>
      <TCALT>0.6</TCALT>
      <Pelev>3100</Pelev>
      <Telev>3100</Telev>
      <PART>0.5</PART>
      <DELAY>1</DELAY>
    </SubCatchmentParameters>
    <SubCatchmentVegetationZone>
      <SubCatchmentVegetationZoneParameters>
        <TT>1.7357250910576081</TT>
        <CFMAX>3.0010080329664</CFMAX>
        <SP>0</SP>
        <SFCF>0.724004213331552</SFCF>
        <CFR>0.086493779438949675</CFR>
        <CWH>0.14271041638392795</CWH>
        <CFGlacier>1</CFGlacier>
        <CFSlope>1</CFSlope>
        <FC>570.28942328761411</FC>
        <LP>0.4098912116920565</LP>
        <BETA>5.2450003679414809</BETA>
      </SubCatchmentVegetationZoneParameters>
    </SubCatchmentVegetationZone>
  </SubCatchment>
</Catchment>