<?xml version="1.0" encoding="utf-8"?>
<Catchment xmlns:xsi="http://www.w3.org/2001/XMLSchema-instance" xmlns:xsd="http://www.w3.org/2001/XMLSchema">
  <CatchmentParameters>
    <KSI>0.001</KSI>
    <KGmin>0.05</KGmin>
    <RangeKG>0.1</RangeKG>
    <AG>0.1</AG>
    <PERC>3.8200958401181131</PERC>
    <Alpha>0</Alpha>
    <UZL>75.102372512345738</UZL>
    <K0>0.050394382083264209</K0>
    <K1>0.10746933003527284</K1>
    <K2>0.012422852912587963</K2>
    <MAXBAS>1</MAXBAS>
    <Cet>0</Cet>
    <PCALT>10</PCALT>
    <TCALT>0.6</TCALT>
    <Pelev>3100</Pelev>
    <Telev>3100</Telev>
    <PART>0.5</PART>
    <DELAY>1</DELAY>
  </CatchmentParameters>
  <VegetationZone>
    <VegetationZoneParameters>
      <TT>-1.9136100846774433</TT>
      <CFMAX>3.1327968543762168</CFMAX>
      <SP>0</SP>
      <SFCF>0.96888612506101524</SFCF>
      <CFR>0.0020654289961125646</CFR>
      <CWH>0.10000015466254524</CWH>
      <CFGlacier>1</CFGlacier>
      <CFSlope>1</CFSlope>
      <FC>962.98585709915176</FC>
      <LP>0.57159356386674842</LP>
      <BETA>3.2860606521609221</BETA>
    </VegetationZoneParameters>
  </VegetationZone>
  <SubCatchment>
    <SubCatchmentParameters>
      <KSI>0.001</KSI>
      <KGmin>0.05</KGmin>
      <RangeKG>0.1</RangeKG>
      <AG>0.1</AG>
      <PERC>3.8200958401181131</PERC>
      <Alpha>0</Alpha>
      <UZL>75.102372512345738</UZL>
      <K0>0.050394382083264209</K0>
      <K1>0.10746933003527284</K1>
      <K2>0.012422852912587963</K2>
      <MAXBAS>1</MAXBAS>
      <Cet>0</Cet>
      <PCALT>10</PCALT>
      <TCALT>0.6</TCALT>
      <Pelev>3100</Pelev>
      <Telev>3100</Telev>
      <PART>0.5</PART>
      <DELAY>1</DELAY>
    </SubCatchmentParameters>
    <SubCatchmentVegetationZone>
      <SubCatchmentVegetationZoneParameters>
        <TT>-1.9136100846774433</TT>
        <CFMAX>3.1327968543762168</CFMAX>
        <SP>0</SP>
        <SFCF>0.96888612506101524</SFCF>
        <CFR>0.0020654289961125646</CFR>
        <CWH>0.10000015466254524</CWH>
        <CFGlacier>1</CFGlacier>
        <CFSlope>1</CFSlope>
        <FC>962.98585709915176</FC>
        <LP>0.57159356386674842</LP>
        <BETA>3.2860606521609221</BETA>
      </SubCatchmentVegetationZoneParameters>
    </SubCatchmentVegetationZone>
  </SubCatchment>
</Catchment>