<?xml version="1.0" encoding="utf-8"?>
<Catchment xmlns:xsi="http://www.w3.org/2001/XMLSchema-instance" xmlns:xsd="http://www.w3.org/2001/XMLSchema">
  <CatchmentParameters>
    <KSI>0.001</KSI>
    <KGmin>0.05</KGmin>
    <RangeKG>0.1</RangeKG>
    <AG>0.1</AG>
    <PERC>0.98065777015690558</PERC>
    <Alpha>0</Alpha>
    <UZL>139.16671728345688</UZL>
    <K0>0.13100765276521512</K0>
    <K1>0.037221769594030604</K1>
    <K2>0.010000001865955234</K2>
    <MAXBAS>1</MAXBAS>
    <Cet>0</Cet>
    <PCALT>10</PCALT>
    <TCALT>0.6</TCALT>
    <Pelev>3100</Pelev>
    <Telev>3100</Telev>
    <PART>0.5</PART>
    <DELAY>1</DELAY>
  </CatchmentParameters>
  <VegetationZone>
    <VegetationZoneParameters>
      <TT>0.82632965188164909</TT>
      <CFMAX>4.47047182573131</CFMAX>
      <SP>0</SP>
      <SFCF>0.683408779451991</SFCF>
      <CFR>0.017742168472625053</CFR>
      <CWH>0.15287619745689532</CWH>
      <CFGlacier>1</CFGlacier>
      <CFSlope>1</CFSlope>
      <FC>591.06222504085133</FC>
      <LP>0.59750744895000363</LP>
      <BETA>3.0271762228800836</BETA>
    </VegetationZoneParameters>
  </VegetationZone>
  <SubCatchment>
    <SubCatchmentParameters>
      <KSI>0.001</KSI>
      <KGmin>0.05</KGmin>
      <RangeKG>0.1</RangeKG>
      <AG>0.1</AG>
      <PERC>0.98065777015690558</PERC>
      <Alpha>0</Alpha>
      <UZL>139.16671728345688</UZL>
      <K0>0.13100765276521512</K0>
      <K1>0.037221769594030604</K1>
      <K2>0.010000001865955234</K2>
      <MAXBAS>1</MAXBAS>
      <Cet>0</Cet>
      <PCALT>10</PCALT>
      <TCALT>0.6</TCALT>
      <Pelev>3100</Pelev>
      <Telev>3100</Telev>
      <PART>0.5</PART>
      <DELAY>1</DELAY>
    </SubCatchmentParameters>
    <SubCatchmentVegetationZone>
      <SubCatchmentVegetationZoneParameters>
        <TT>0.82632965188164909</TT>
        <CFMAX>4.47047182573131</CFMAX>
        <SP>0</SP>
        <SFCF>0.683408779451991</SFCF>
        <CFR>0.017742168472625053</CFR>
        <CWH>0.15287619745689532</CWH>
        <CFGlacier>1</CFGlacier>
        <CFSlope>1</CFSlope>
        <FC>591.06222504085133</FC>
        <LP>0.59750744895000363</LP>
        <BETA>3.0271762228800836</BETA>
      </SubCatchmentVegetationZoneParameters>
    </SubCatchmentVegetationZone>
  </SubCatchment>
</Catchment>