<?xml version="1.0" encoding="utf-8"?>
<Catchment xmlns:xsi="http://www.w3.org/2001/XMLSchema-instance" xmlns:xsd="http://www.w3.org/2001/XMLSchema">
  <CatchmentParameters>
    <KSI>0.001</KSI>
    <KGmin>0.05</KGmin>
    <RangeKG>0.1</RangeKG>
    <AG>0.1</AG>
    <PERC>7.7461389714229671</PERC>
    <Alpha>0</Alpha>
    <UZL>63.540210485020417</UZL>
    <K0>0.58715665044595411</K0>
    <K1>0.34774102929919187</K1>
    <K2>0.057687662162551792</K2>
    <MAXBAS>1.1008243326956304</MAXBAS>
    <Cet>0</Cet>
    <PCALT>10</PCALT>
    <TCALT>0.6</TCALT>
    <Pelev>3100</Pelev>
    <Telev>3100</Telev>
    <PART>0.5</PART>
    <DELAY>1</DELAY>
  </CatchmentParameters>
  <VegetationZone>
    <VegetationZoneParameters>
      <TT>2.4163690603824706</TT>
      <CFMAX>4.8762142122497227</CFMAX>
      <SP>0</SP>
      <SFCF>0.91175149753361806</SFCF>
      <CFR>0.045784155749123256</CFR>
      <CWH>0.16177289233548189</CWH>
      <CFGlacier>1</CFGlacier>
      <CFSlope>1</CFSlope>
      <FC>933.86088680992691</FC>
      <LP>0.58758610305437531</LP>
      <BETA>5.9029264665172505</BETA>
    </VegetationZoneParameters>
  </VegetationZone>
  <SubCatchment>
    <SubCatchmentParameters>
      <KSI>0.001</KSI>
      <KGmin>0.05</KGmin>
      <RangeKG>0.1</RangeKG>
      <AG>0.1</AG>
      <PERC>7.7461389714229671</PERC>
      <Alpha>0</Alpha>
      <UZL>63.540210485020417</UZL>
      <K0>0.58715665044595411</K0>
      <K1>0.34774102929919187</K1>
      <K2>0.057687662162551792</K2>
      <MAXBAS>1.1008243326956304</MAXBAS>
      <Cet>0</Cet>
      <PCALT>10</PCALT>
      <TCALT>0.6</TCALT>
      <Pelev>3100</Pelev>
      <Telev>3100</Telev>
      <PART>0.5</PART>
      <DELAY>1</DELAY>
    </SubCatchmentParameters>
    <SubCatchmentVegetationZone>
      <SubCatchmentVegetationZoneParameters>
        <TT>2.4163690603824706</TT>
        <CFMAX>4.8762142122497227</CFMAX>
        <SP>0</SP>
        <SFCF>0.91175149753361806</SFCF>
        <CFR>0.045784155749123256</CFR>
        <CWH>0.16177289233548189</CWH>
        <CFGlacier>1</CFGlacier>
        <CFSlope>1</CFSlope>
        <FC>933.86088680992691</FC>
        <LP>0.58758610305437531</LP>
        <BETA>5.9029264665172505</BETA>
      </SubCatchmentVegetationZoneParameters>
    </SubCatchmentVegetationZone>
  </SubCatchment>
</Catchment>