<?xml version="1.0" encoding="utf-8"?>
<Catchment xmlns:xsi="http://www.w3.org/2001/XMLSchema-instance" xmlns:xsd="http://www.w3.org/2001/XMLSchema">
  <CatchmentParameters>
    <KSI>0.001</KSI>
    <KGmin>0.05</KGmin>
    <RangeKG>0.1</RangeKG>
    <AG>0.1</AG>
    <PERC>6.6538094324208314</PERC>
    <Alpha>0</Alpha>
    <UZL>116.45638640542224</UZL>
    <K0>0.41818860989035039</K0>
    <K1>0.22867731348518663</K1>
    <K2>0.055825737353023368</K2>
    <MAXBAS>1.5486843798339967</MAXBAS>
    <Cet>0</Cet>
    <PCALT>10</PCALT>
    <TCALT>0.6</TCALT>
    <Pelev>3100</Pelev>
    <Telev>3100</Telev>
    <PART>0.5</PART>
    <DELAY>1</DELAY>
  </CatchmentParameters>
  <VegetationZone>
    <VegetationZoneParameters>
      <TT>0.96435725255889326</TT>
      <CFMAX>4.0035285470056685</CFMAX>
      <SP>0</SP>
      <SFCF>0.71754612663791473</SFCF>
      <CFR>0.033524226960990992</CFR>
      <CWH>0.16716547808829441</CWH>
      <CFGlacier>1</CFGlacier>
      <CFSlope>1</CFSlope>
      <FC>258.71886342459834</FC>
      <LP>0.62507882732161224</LP>
      <BETA>5.5154686608742658</BETA>
    </VegetationZoneParameters>
  </VegetationZone>
  <SubCatchment>
    <SubCatchmentParameters>
      <KSI>0.001</KSI>
      <KGmin>0.05</KGmin>
      <RangeKG>0.1</RangeKG>
      <AG>0.1</AG>
      <PERC>6.6538094324208314</PERC>
      <Alpha>0</Alpha>
      <UZL>116.45638640542224</UZL>
      <K0>0.41818860989035039</K0>
      <K1>0.22867731348518663</K1>
      <K2>0.055825737353023368</K2>
      <MAXBAS>1.5486843798339967</MAXBAS>
      <Cet>0</Cet>
      <PCALT>10</PCALT>
      <TCALT>0.6</TCALT>
      <Pelev>3100</Pelev>
      <Telev>3100</Telev>
      <PART>0.5</PART>
      <DELAY>1</DELAY>
    </SubCatchmentParameters>
    <SubCatchmentVegetationZone>
      <SubCatchmentVegetationZoneParameters>
        <TT>0.96435725255889326</TT>
        <CFMAX>4.0035285470056685</CFMAX>
        <SP>0</SP>
        <SFCF>0.71754612663791473</SFCF>
        <CFR>0.033524226960990992</CFR>
        <CWH>0.16716547808829441</CWH>
        <CFGlacier>1</CFGlacier>
        <CFSlope>1</CFSlope>
        <FC>258.71886342459834</FC>
        <LP>0.62507882732161224</LP>
        <BETA>5.5154686608742658</BETA>
      </SubCatchmentVegetationZoneParameters>
    </SubCatchmentVegetationZone>
  </SubCatchment>
</Catchment>