<?xml version="1.0" encoding="utf-8"?>
<Catchment xmlns:xsi="http://www.w3.org/2001/XMLSchema-instance" xmlns:xsd="http://www.w3.org/2001/XMLSchema">
  <CatchmentParameters>
    <KSI>0.001</KSI>
    <KGmin>0.05</KGmin>
    <RangeKG>0.1</RangeKG>
    <AG>0.1</AG>
    <PERC>4.4798720316902552</PERC>
    <Alpha>0</Alpha>
    <UZL>133.66763377985203</UZL>
    <K0>0.47487247842735925</K0>
    <K1>0.21091239954323104</K1>
    <K2>0.010233036526279379</K2>
    <MAXBAS>1</MAXBAS>
    <Cet>0</Cet>
    <PCALT>10</PCALT>
    <TCALT>0.6</TCALT>
    <Pelev>3100</Pelev>
    <Telev>3100</Telev>
    <PART>0.5</PART>
    <DELAY>1</DELAY>
  </CatchmentParameters>
  <VegetationZone>
    <VegetationZoneParameters>
      <TT>-0.17523836156811792</TT>
      <CFMAX>3.2177551721108522</CFMAX>
      <SP>0</SP>
      <SFCF>0.65703315065906565</SFCF>
      <CFR>0.021460446958669589</CFR>
      <CWH>0.10000000773119966</CWH>
      <CFGlacier>1</CFGlacier>
      <CFSlope>1</CFSlope>
      <FC>539.91990221857418</FC>
      <LP>0.68037174151322011</LP>
      <BETA>3.4804467668819012</BETA>
    </VegetationZoneParameters>
  </VegetationZone>
  <SubCatchment>
    <SubCatchmentParameters>
      <KSI>0.001</KSI>
      <KGmin>0.05</KGmin>
      <RangeKG>0.1</RangeKG>
      <AG>0.1</AG>
      <PERC>4.4798720316902552</PERC>
      <Alpha>0</Alpha>
      <UZL>133.66763377985203</UZL>
      <K0>0.47487247842735925</K0>
      <K1>0.21091239954323104</K1>
      <K2>0.010233036526279379</K2>
      <MAXBAS>1</MAXBAS>
      <Cet>0</Cet>
      <PCALT>10</PCALT>
      <TCALT>0.6</TCALT>
      <Pelev>3100</Pelev>
      <Telev>3100</Telev>
      <PART>0.5</PART>
      <DELAY>1</DELAY>
    </SubCatchmentParameters>
    <SubCatchmentVegetationZone>
      <SubCatchmentVegetationZoneParameters>
        <TT>-0.17523836156811792</TT>
        <CFMAX>3.2177551721108522</CFMAX>
        <SP>0</SP>
        <SFCF>0.65703315065906565</SFCF>
        <CFR>0.021460446958669589</CFR>
        <CWH>0.10000000773119966</CWH>
        <CFGlacier>1</CFGlacier>
        <CFSlope>1</CFSlope>
        <FC>539.91990221857418</FC>
        <LP>0.68037174151322011</LP>
        <BETA>3.4804467668819012</BETA>
      </SubCatchmentVegetationZoneParameters>
    </SubCatchmentVegetationZone>
  </SubCatchment>
</Catchment>