<?xml version="1.0" encoding="utf-8"?>
<Catchment xmlns:xsi="http://www.w3.org/2001/XMLSchema-instance" xmlns:xsd="http://www.w3.org/2001/XMLSchema">
  <CatchmentParameters>
    <KSI>0.001</KSI>
    <KGmin>0.05</KGmin>
    <RangeKG>0.1</RangeKG>
    <AG>0.1</AG>
    <PERC>2.6973306340786642</PERC>
    <Alpha>0</Alpha>
    <UZL>76.466505455330008</UZL>
    <K0>0.20799437256658115</K0>
    <K1>0.43681944617845103</K1>
    <K2>0.11980964015648937</K2>
    <MAXBAS>1.0546128759195095</MAXBAS>
    <Cet>0</Cet>
    <PCALT>10</PCALT>
    <TCALT>0.6</TCALT>
    <Pelev>3100</Pelev>
    <Telev>3100</Telev>
    <PART>0.5</PART>
    <DELAY>1</DELAY>
  </CatchmentParameters>
  <VegetationZone>
    <VegetationZoneParameters>
      <TT>0.81442224737650259</TT>
      <CFMAX>3.3536320501183172</CFMAX>
      <SP>0</SP>
      <SFCF>0.91317876542830767</SFCF>
      <CFR>0.066924525166083423</CFR>
      <CWH>0.13758830596850613</CWH>
      <CFGlacier>1</CFGlacier>
      <CFSlope>1</CFSlope>
      <FC>614.00937643300767</FC>
      <LP>0.61735852499842969</LP>
      <BETA>5.7612535521587782</BETA>
    </VegetationZoneParameters>
  </VegetationZone>
  <SubCatchment>
    <SubCatchmentParameters>
      <KSI>0.001</KSI>
      <KGmin>0.05</KGmin>
      <RangeKG>0.1</RangeKG>
      <AG>0.1</AG>
      <PERC>2.6973306340786642</PERC>
      <Alpha>0</Alpha>
      <UZL>76.466505455330008</UZL>
      <K0>0.20799437256658115</K0>
      <K1>0.43681944617845103</K1>
      <K2>0.11980964015648937</K2>
      <MAXBAS>1.0546128759195095</MAXBAS>
      <Cet>0</Cet>
      <PCALT>10</PCALT>
      <TCALT>0.6</TCALT>
      <Pelev>3100</Pelev>
      <Telev>3100</Telev>
      <PART>0.5</PART>
      <DELAY>1</DELAY>
    </SubCatchmentParameters>
    <SubCatchmentVegetationZone>
      <SubCatchmentVegetationZoneParameters>
        <TT>0.81442224737650259</TT>
        <CFMAX>3.3536320501183172</CFMAX>
        <SP>0</SP>
        <SFCF>0.91317876542830767</SFCF>
        <CFR>0.066924525166083423</CFR>
        <CWH>0.13758830596850613</CWH>
        <CFGlacier>1</CFGlacier>
        <CFSlope>1</CFSlope>
        <FC>614.00937643300767</FC>
        <LP>0.61735852499842969</LP>
        <BETA>5.7612535521587782</BETA>
      </SubCatchmentVegetationZoneParameters>
    </SubCatchmentVegetationZone>
  </SubCatchment>
</Catchment>