<?xml version="1.0" encoding="utf-8"?>
<Catchment xmlns:xsi="http://www.w3.org/2001/XMLSchema-instance" xmlns:xsd="http://www.w3.org/2001/XMLSchema">
  <CatchmentParameters>
    <KSI>0.001</KSI>
    <KGmin>0.05</KGmin>
    <RangeKG>0.1</RangeKG>
    <AG>0.1</AG>
    <PERC>0.47294626951891044</PERC>
    <Alpha>0</Alpha>
    <UZL>100.52179944526706</UZL>
    <K0>0.4976669366051289</K0>
    <K1>0.019426908520937796</K1>
    <K2>0.010000000758238953</K2>
    <MAXBAS>1</MAXBAS>
    <Cet>0</Cet>
    <PCALT>10</PCALT>
    <TCALT>0.6</TCALT>
    <Pelev>3100</Pelev>
    <Telev>3100</Telev>
    <PART>0.5</PART>
    <DELAY>1</DELAY>
  </CatchmentParameters>
  <VegetationZone>
    <VegetationZoneParameters>
      <TT>0.64684025492648345</TT>
      <CFMAX>4.8067591182980189</CFMAX>
      <SP>0</SP>
      <SFCF>0.75954773141497633</SFCF>
      <CFR>0.034566921553678069</CFR>
      <CWH>0.100712473897425</CWH>
      <CFGlacier>1</CFGlacier>
      <CFSlope>1</CFSlope>
      <FC>530.56167280903367</FC>
      <LP>0.43389743328526131</LP>
      <BETA>2.5500546088811817</BETA>
    </VegetationZoneParameters>
  </VegetationZone>
  <SubCatchment>
    <SubCatchmentParameters>
      <KSI>0.001</KSI>
      <KGmin>0.05</KGmin>
      <RangeKG>0.1</RangeKG>
      <AG>0.1</AG>
      <PERC>0.47294626951891044</PERC>
      <Alpha>0</Alpha>
      <UZL>100.52179944526706</UZL>
      <K0>0.4976669366051289</K0>
      <K1>0.019426908520937796</K1>
      <K2>0.010000000758238953</K2>
      <MAXBAS>1</MAXBAS>
      <Cet>0</Cet>
      <PCALT>10</PCALT>
      <TCALT>0.6</TCALT>
      <Pelev>3100</Pelev>
      <Telev>3100</Telev>
      <PART>0.5</PART>
      <DELAY>1</DELAY>
    </SubCatchmentParameters>
    <SubCatchmentVegetationZone>
      <SubCatchmentVegetationZoneParameters>
        <TT>0.64684025492648345</TT>
        <CFMAX>4.8067591182980189</CFMAX>
        <SP>0</SP>
        <SFCF>0.75954773141497633</SFCF>
        <CFR>0.034566921553678069</CFR>
        <CWH>0.100712473897425</CWH>
        <CFGlacier>1</CFGlacier>
        <CFSlope>1</CFSlope>
        <FC>530.56167280903367</FC>
        <LP>0.43389743328526131</LP>
        <BETA>2.5500546088811817</BETA>
      </SubCatchmentVegetationZoneParameters>
    </SubCatchmentVegetationZone>
  </SubCatchment>
</Catchment>