<?xml version="1.0" encoding="utf-8"?>
<Catchment xmlns:xsi="http://www.w3.org/2001/XMLSchema-instance" xmlns:xsd="http://www.w3.org/2001/XMLSchema">
  <CatchmentParameters>
    <KSI>0.001</KSI>
    <KGmin>0.05</KGmin>
    <RangeKG>0.1</RangeKG>
    <AG>0.1</AG>
    <PERC>8.010201989344921</PERC>
    <Alpha>0</Alpha>
    <UZL>175.48830982475826</UZL>
    <K0>0.29796236096611417</K0>
    <K1>0.063398486283610667</K1>
    <K2>0.097271736571026973</K2>
    <MAXBAS>1.1828664332937064</MAXBAS>
    <Cet>0</Cet>
    <PCALT>10</PCALT>
    <TCALT>0.6</TCALT>
    <Pelev>3100</Pelev>
    <Telev>3100</Telev>
    <PART>0.5</PART>
    <DELAY>1</DELAY>
  </CatchmentParameters>
  <VegetationZone>
    <VegetationZoneParameters>
      <TT>1.9462434688727659</TT>
      <CFMAX>3.7311890604685947</CFMAX>
      <SP>0</SP>
      <SFCF>1.0512080190798612</SFCF>
      <CFR>0.05227871048800193</CFR>
      <CWH>0.15389348809439729</CWH>
      <CFGlacier>1</CFGlacier>
      <CFSlope>1</CFSlope>
      <FC>657.19884494901351</FC>
      <LP>0.574477857278961</LP>
      <BETA>5.8780792470840568</BETA>
    </VegetationZoneParameters>
  </VegetationZone>
  <SubCatchment>
    <SubCatchmentParameters>
      <KSI>0.001</KSI>
      <KGmin>0.05</KGmin>
      <RangeKG>0.1</RangeKG>
      <AG>0.1</AG>
      <PERC>8.010201989344921</PERC>
      <Alpha>0</Alpha>
      <UZL>175.48830982475826</UZL>
      <K0>0.29796236096611417</K0>
      <K1>0.063398486283610667</K1>
      <K2>0.097271736571026973</K2>
      <MAXBAS>1.1828664332937064</MAXBAS>
      <Cet>0</Cet>
      <PCALT>10</PCALT>
      <TCALT>0.6</TCALT>
      <Pelev>3100</Pelev>
      <Telev>3100</Telev>
      <PART>0.5</PART>
      <DELAY>1</DELAY>
    </SubCatchmentParameters>
    <SubCatchmentVegetationZone>
      <SubCatchmentVegetationZoneParameters>
        <TT>1.9462434688727659</TT>
        <CFMAX>3.7311890604685947</CFMAX>
        <SP>0</SP>
        <SFCF>1.0512080190798612</SFCF>
        <CFR>0.05227871048800193</CFR>
        <CWH>0.15389348809439729</CWH>
        <CFGlacier>1</CFGlacier>
        <CFSlope>1</CFSlope>
        <FC>657.19884494901351</FC>
        <LP>0.574477857278961</LP>
        <BETA>5.8780792470840568</BETA>
      </SubCatchmentVegetationZoneParameters>
    </SubCatchmentVegetationZone>
  </SubCatchment>
</Catchment>