<?xml version="1.0" encoding="utf-8"?>
<Catchment xmlns:xsi="http://www.w3.org/2001/XMLSchema-instance" xmlns:xsd="http://www.w3.org/2001/XMLSchema">
  <CatchmentParameters>
    <KSI>0.001</KSI>
    <KGmin>0.05</KGmin>
    <RangeKG>0.1</RangeKG>
    <AG>0.1</AG>
    <PERC>6.9119400552809767</PERC>
    <Alpha>0</Alpha>
    <UZL>131.37759524209287</UZL>
    <K0>0.15505100146741635</K0>
    <K1>0.41489648665588452</K1>
    <K2>0.11020783910116799</K2>
    <MAXBAS>1.3786904566617504</MAXBAS>
    <Cet>0</Cet>
    <PCALT>10</PCALT>
    <TCALT>0.6</TCALT>
    <Pelev>3100</Pelev>
    <Telev>3100</Telev>
    <PART>0.5</PART>
    <DELAY>1</DELAY>
  </CatchmentParameters>
  <VegetationZone>
    <VegetationZoneParameters>
      <TT>2.2714706173594483</TT>
      <CFMAX>4.3140293881098879</CFMAX>
      <SP>0</SP>
      <SFCF>1.0316938008415493</SFCF>
      <CFR>0.043834510053324179</CFR>
      <CWH>0.12471474524923698</CWH>
      <CFGlacier>1</CFGlacier>
      <CFSlope>1</CFSlope>
      <FC>940.30890995056609</FC>
      <LP>0.57289186367263467</LP>
      <BETA>5.7557856868946446</BETA>
    </VegetationZoneParameters>
  </VegetationZone>
  <SubCatchment>
    <SubCatchmentParameters>
      <KSI>0.001</KSI>
      <KGmin>0.05</KGmin>
      <RangeKG>0.1</RangeKG>
      <AG>0.1</AG>
      <PERC>6.9119400552809767</PERC>
      <Alpha>0</Alpha>
      <UZL>131.37759524209287</UZL>
      <K0>0.15505100146741635</K0>
      <K1>0.41489648665588452</K1>
      <K2>0.11020783910116799</K2>
      <MAXBAS>1.3786904566617504</MAXBAS>
      <Cet>0</Cet>
      <PCALT>10</PCALT>
      <TCALT>0.6</TCALT>
      <Pelev>3100</Pelev>
      <Telev>3100</Telev>
      <PART>0.5</PART>
      <DELAY>1</DELAY>
    </SubCatchmentParameters>
    <SubCatchmentVegetationZone>
      <SubCatchmentVegetationZoneParameters>
        <TT>2.2714706173594483</TT>
        <CFMAX>4.3140293881098879</CFMAX>
        <SP>0</SP>
        <SFCF>1.0316938008415493</SFCF>
        <CFR>0.043834510053324179</CFR>
        <CWH>0.12471474524923698</CWH>
        <CFGlacier>1</CFGlacier>
        <CFSlope>1</CFSlope>
        <FC>940.30890995056609</FC>
        <LP>0.57289186367263467</LP>
        <BETA>5.7557856868946446</BETA>
      </SubCatchmentVegetationZoneParameters>
    </SubCatchmentVegetationZone>
  </SubCatchment>
</Catchment>