<?xml version="1.0" encoding="utf-8"?>
<Catchment xmlns:xsi="http://www.w3.org/2001/XMLSchema-instance" xmlns:xsd="http://www.w3.org/2001/XMLSchema">
  <CatchmentParameters>
    <KSI>0.001</KSI>
    <KGmin>0.05</KGmin>
    <RangeKG>0.1</RangeKG>
    <AG>0.1</AG>
    <PERC>1.6648674372900003</PERC>
    <Alpha>0</Alpha>
    <UZL>71.977798408918488</UZL>
    <K0>0.16060676530839513</K0>
    <K1>0.0544774876823291</K1>
    <K2>0.010887959283926278</K2>
    <MAXBAS>1</MAXBAS>
    <Cet>0</Cet>
    <PCALT>10</PCALT>
    <TCALT>0.6</TCALT>
    <Pelev>3100</Pelev>
    <Telev>3100</Telev>
    <PART>0.5</PART>
    <DELAY>1</DELAY>
  </CatchmentParameters>
  <VegetationZone>
    <VegetationZoneParameters>
      <TT>-1.1429947605064719</TT>
      <CFMAX>2.7437721219355757</CFMAX>
      <SP>0</SP>
      <SFCF>0.82031687590771651</SFCF>
      <CFR>0.051144201024182288</CFR>
      <CWH>0.10729412489801712</CWH>
      <CFGlacier>1</CFGlacier>
      <CFSlope>1</CFSlope>
      <FC>788.61914470233455</FC>
      <LP>0.5043179443257686</LP>
      <BETA>2.7045090699816292</BETA>
    </VegetationZoneParameters>
  </VegetationZone>
  <SubCatchment>
    <SubCatchmentParameters>
      <KSI>0.001</KSI>
      <KGmin>0.05</KGmin>
      <RangeKG>0.1</RangeKG>
      <AG>0.1</AG>
      <PERC>1.6648674372900003</PERC>
      <Alpha>0</Alpha>
      <UZL>71.977798408918488</UZL>
      <K0>0.16060676530839513</K0>
      <K1>0.0544774876823291</K1>
      <K2>0.010887959283926278</K2>
      <MAXBAS>1</MAXBAS>
      <Cet>0</Cet>
      <PCALT>10</PCALT>
      <TCALT>0.6</TCALT>
      <Pelev>3100</Pelev>
      <Telev>3100</Telev>
      <PART>0.5</PART>
      <DELAY>1</DELAY>
    </SubCatchmentParameters>
    <SubCatchmentVegetationZone>
      <SubCatchmentVegetationZoneParameters>
        <TT>-1.1429947605064719</TT>
        <CFMAX>2.7437721219355757</CFMAX>
        <SP>0</SP>
        <SFCF>0.82031687590771651</SFCF>
        <CFR>0.051144201024182288</CFR>
        <CWH>0.10729412489801712</CWH>
        <CFGlacier>1</CFGlacier>
        <CFSlope>1</CFSlope>
        <FC>788.61914470233455</FC>
        <LP>0.5043179443257686</LP>
        <BETA>2.7045090699816292</BETA>
      </SubCatchmentVegetationZoneParameters>
    </SubCatchmentVegetationZone>
  </SubCatchment>
</Catchment>