<?xml version="1.0" encoding="utf-8"?>
<Catchment xmlns:xsi="http://www.w3.org/2001/XMLSchema-instance" xmlns:xsd="http://www.w3.org/2001/XMLSchema">
  <CatchmentParameters>
    <KSI>0.001</KSI>
    <KGmin>0.05</KGmin>
    <RangeKG>0.1</RangeKG>
    <AG>0.1</AG>
    <PERC>2.82390783418223</PERC>
    <Alpha>0</Alpha>
    <UZL>139.92112996207274</UZL>
    <K0>0.14243804082734377</K0>
    <K1>0.30372713810404744</K1>
    <K2>0.013575346072076198</K2>
    <MAXBAS>1</MAXBAS>
    <Cet>0</Cet>
    <PCALT>10</PCALT>
    <TCALT>0.6</TCALT>
    <Pelev>3100</Pelev>
    <Telev>3100</Telev>
    <PART>0.5</PART>
    <DELAY>1</DELAY>
  </CatchmentParameters>
  <VegetationZone>
    <VegetationZoneParameters>
      <TT>-1.9382339343079493</TT>
      <CFMAX>2.2903956500061953</CFMAX>
      <SP>0</SP>
      <SFCF>0.87969749835660627</SFCF>
      <CFR>0.057040546990835266</CFR>
      <CWH>0.1000000004767148</CWH>
      <CFGlacier>1</CFGlacier>
      <CFSlope>1</CFSlope>
      <FC>1005.7043476869661</FC>
      <LP>0.43781470031794789</LP>
      <BETA>2.3440300409054018</BETA>
    </VegetationZoneParameters>
  </VegetationZone>
  <SubCatchment>
    <SubCatchmentParameters>
      <KSI>0.001</KSI>
      <KGmin>0.05</KGmin>
      <RangeKG>0.1</RangeKG>
      <AG>0.1</AG>
      <PERC>2.82390783418223</PERC>
      <Alpha>0</Alpha>
      <UZL>139.92112996207274</UZL>
      <K0>0.14243804082734377</K0>
      <K1>0.30372713810404744</K1>
      <K2>0.013575346072076198</K2>
      <MAXBAS>1</MAXBAS>
      <Cet>0</Cet>
      <PCALT>10</PCALT>
      <TCALT>0.6</TCALT>
      <Pelev>3100</Pelev>
      <Telev>3100</Telev>
      <PART>0.5</PART>
      <DELAY>1</DELAY>
    </SubCatchmentParameters>
    <SubCatchmentVegetationZone>
      <SubCatchmentVegetationZoneParameters>
        <TT>-1.9382339343079493</TT>
        <CFMAX>2.2903956500061953</CFMAX>
        <SP>0</SP>
        <SFCF>0.87969749835660627</SFCF>
        <CFR>0.057040546990835266</CFR>
        <CWH>0.1000000004767148</CWH>
        <CFGlacier>1</CFGlacier>
        <CFSlope>1</CFSlope>
        <FC>1005.7043476869661</FC>
        <LP>0.43781470031794789</LP>
        <BETA>2.3440300409054018</BETA>
      </SubCatchmentVegetationZoneParameters>
    </SubCatchmentVegetationZone>
  </SubCatchment>
</Catchment>