<?xml version="1.0" encoding="utf-8"?>
<Catchment xmlns:xsi="http://www.w3.org/2001/XMLSchema-instance" xmlns:xsd="http://www.w3.org/2001/XMLSchema">
  <CatchmentParameters>
    <KSI>0.001</KSI>
    <KGmin>0.05</KGmin>
    <RangeKG>0.1</RangeKG>
    <AG>0.1</AG>
    <PERC>3.8436827685754889</PERC>
    <Alpha>0</Alpha>
    <UZL>87.42448871625372</UZL>
    <K0>0.279147511849997</K0>
    <K1>0.014840176748604494</K1>
    <K2>0.082673345817150315</K2>
    <MAXBAS>1.4044313805289805</MAXBAS>
    <Cet>0</Cet>
    <PCALT>10</PCALT>
    <TCALT>0.6</TCALT>
    <Pelev>3100</Pelev>
    <Telev>3100</Telev>
    <PART>0.5</PART>
    <DELAY>1</DELAY>
  </CatchmentParameters>
  <VegetationZone>
    <VegetationZoneParameters>
      <TT>2.311434546474469</TT>
      <CFMAX>4.5380270564522878</CFMAX>
      <SP>0</SP>
      <SFCF>0.70560987764170524</SFCF>
      <CFR>0.024413999453141169</CFR>
      <CWH>0.15433115633690428</CWH>
      <CFGlacier>1</CFGlacier>
      <CFSlope>1</CFSlope>
      <FC>520.91530379237031</FC>
      <LP>0.6742470220581358</LP>
      <BETA>5.8752791048546094</BETA>
    </VegetationZoneParameters>
  </VegetationZone>
  <SubCatchment>
    <SubCatchmentParameters>
      <KSI>0.001</KSI>
      <KGmin>0.05</KGmin>
      <RangeKG>0.1</RangeKG>
      <AG>0.1</AG>
      <PERC>3.8436827685754889</PERC>
      <Alpha>0</Alpha>
      <UZL>87.42448871625372</UZL>
      <K0>0.279147511849997</K0>
      <K1>0.014840176748604494</K1>
      <K2>0.082673345817150315</K2>
      <MAXBAS>1.4044313805289805</MAXBAS>
      <Cet>0</Cet>
      <PCALT>10</PCALT>
      <TCALT>0.6</TCALT>
      <Pelev>3100</Pelev>
      <Telev>3100</Telev>
      <PART>0.5</PART>
      <DELAY>1</DELAY>
    </SubCatchmentParameters>
    <SubCatchmentVegetationZone>
      <SubCatchmentVegetationZoneParameters>
        <TT>2.311434546474469</TT>
        <CFMAX>4.5380270564522878</CFMAX>
        <SP>0</SP>
        <SFCF>0.70560987764170524</SFCF>
        <CFR>0.024413999453141169</CFR>
        <CWH>0.15433115633690428</CWH>
        <CFGlacier>1</CFGlacier>
        <CFSlope>1</CFSlope>
        <FC>520.91530379237031</FC>
        <LP>0.6742470220581358</LP>
        <BETA>5.8752791048546094</BETA>
      </SubCatchmentVegetationZoneParameters>
    </SubCatchmentVegetationZone>
  </SubCatchment>
</Catchment>