<?xml version="1.0" encoding="utf-8"?>
<Catchment xmlns:xsi="http://www.w3.org/2001/XMLSchema-instance" xmlns:xsd="http://www.w3.org/2001/XMLSchema">
  <CatchmentParameters>
    <KSI>0.001</KSI>
    <KGmin>0.05</KGmin>
    <RangeKG>0.1</RangeKG>
    <AG>0.1</AG>
    <PERC>3.5413999581330962</PERC>
    <Alpha>0</Alpha>
    <UZL>64.1464740206825</UZL>
    <K0>0.5676887770163237</K0>
    <K1>0.29969728212719837</K1>
    <K2>0.011786162521950423</K2>
    <MAXBAS>1</MAXBAS>
    <Cet>0</Cet>
    <PCALT>10</PCALT>
    <TCALT>0.6</TCALT>
    <Pelev>3100</Pelev>
    <Telev>3100</Telev>
    <PART>0.5</PART>
    <DELAY>1</DELAY>
  </CatchmentParameters>
  <VegetationZone>
    <VegetationZoneParameters>
      <TT>-1.1008801942661872</TT>
      <CFMAX>2.9056828934963406</CFMAX>
      <SP>0</SP>
      <SFCF>0.84641916797218208</SFCF>
      <CFR>0.047361148191681565</CFR>
      <CWH>0.11905808953527294</CWH>
      <CFGlacier>1</CFGlacier>
      <CFSlope>1</CFSlope>
      <FC>858.806616748588</FC>
      <LP>0.54329892518405842</LP>
      <BETA>2.9472669968952014</BETA>
    </VegetationZoneParameters>
  </VegetationZone>
  <SubCatchment>
    <SubCatchmentParameters>
      <KSI>0.001</KSI>
      <KGmin>0.05</KGmin>
      <RangeKG>0.1</RangeKG>
      <AG>0.1</AG>
      <PERC>3.5413999581330962</PERC>
      <Alpha>0</Alpha>
      <UZL>64.1464740206825</UZL>
      <K0>0.5676887770163237</K0>
      <K1>0.29969728212719837</K1>
      <K2>0.011786162521950423</K2>
      <MAXBAS>1</MAXBAS>
      <Cet>0</Cet>
      <PCALT>10</PCALT>
      <TCALT>0.6</TCALT>
      <Pelev>3100</Pelev>
      <Telev>3100</Telev>
      <PART>0.5</PART>
      <DELAY>1</DELAY>
    </SubCatchmentParameters>
    <SubCatchmentVegetationZone>
      <SubCatchmentVegetationZoneParameters>
        <TT>-1.1008801942661872</TT>
        <CFMAX>2.9056828934963406</CFMAX>
        <SP>0</SP>
        <SFCF>0.84641916797218208</SFCF>
        <CFR>0.047361148191681565</CFR>
        <CWH>0.11905808953527294</CWH>
        <CFGlacier>1</CFGlacier>
        <CFSlope>1</CFSlope>
        <FC>858.806616748588</FC>
        <LP>0.54329892518405842</LP>
        <BETA>2.9472669968952014</BETA>
      </SubCatchmentVegetationZoneParameters>
    </SubCatchmentVegetationZone>
  </SubCatchment>
</Catchment>