<?xml version="1.0" encoding="utf-8"?>
<Catchment xmlns:xsi="http://www.w3.org/2001/XMLSchema-instance" xmlns:xsd="http://www.w3.org/2001/XMLSchema">
  <CatchmentParameters>
    <KSI>0.001</KSI>
    <KGmin>0.05</KGmin>
    <RangeKG>0.1</RangeKG>
    <AG>0.1</AG>
    <PERC>3.7258158602204108</PERC>
    <Alpha>0</Alpha>
    <UZL>79.537253027729321</UZL>
    <K0>0.27052713685603391</K0>
    <K1>0.27926823699205511</K1>
    <K2>0.01151405280718657</K2>
    <MAXBAS>1</MAXBAS>
    <Cet>0</Cet>
    <PCALT>10</PCALT>
    <TCALT>0.6</TCALT>
    <Pelev>3100</Pelev>
    <Telev>3100</Telev>
    <PART>0.5</PART>
    <DELAY>1</DELAY>
  </CatchmentParameters>
  <VegetationZone>
    <VegetationZoneParameters>
      <TT>-0.89830790389939419</TT>
      <CFMAX>3.0854191841864074</CFMAX>
      <SP>0</SP>
      <SFCF>0.85092803504190118</SFCF>
      <CFR>0.033349381536229593</CFR>
      <CWH>0.10000000074964092</CWH>
      <CFGlacier>1</CFGlacier>
      <CFSlope>1</CFSlope>
      <FC>864.76868519448067</FC>
      <LP>0.62907373757966378</LP>
      <BETA>3.5581069039162672</BETA>
    </VegetationZoneParameters>
  </VegetationZone>
  <SubCatchment>
    <SubCatchmentParameters>
      <KSI>0.001</KSI>
      <KGmin>0.05</KGmin>
      <RangeKG>0.1</RangeKG>
      <AG>0.1</AG>
      <PERC>3.7258158602204108</PERC>
      <Alpha>0</Alpha>
      <UZL>79.537253027729321</UZL>
      <K0>0.27052713685603391</K0>
      <K1>0.27926823699205511</K1>
      <K2>0.01151405280718657</K2>
      <MAXBAS>1</MAXBAS>
      <Cet>0</Cet>
      <PCALT>10</PCALT>
      <TCALT>0.6</TCALT>
      <Pelev>3100</Pelev>
      <Telev>3100</Telev>
      <PART>0.5</PART>
      <DELAY>1</DELAY>
    </SubCatchmentParameters>
    <SubCatchmentVegetationZone>
      <SubCatchmentVegetationZoneParameters>
        <TT>-0.89830790389939419</TT>
        <CFMAX>3.0854191841864074</CFMAX>
        <SP>0</SP>
        <SFCF>0.85092803504190118</SFCF>
        <CFR>0.033349381536229593</CFR>
        <CWH>0.10000000074964092</CWH>
        <CFGlacier>1</CFGlacier>
        <CFSlope>1</CFSlope>
        <FC>864.76868519448067</FC>
        <LP>0.62907373757966378</LP>
        <BETA>3.5581069039162672</BETA>
      </SubCatchmentVegetationZoneParameters>
    </SubCatchmentVegetationZone>
  </SubCatchment>
</Catchment>