<?xml version="1.0" encoding="utf-8"?>
<Catchment xmlns:xsi="http://www.w3.org/2001/XMLSchema-instance" xmlns:xsd="http://www.w3.org/2001/XMLSchema">
  <CatchmentParameters>
    <KSI>0.001</KSI>
    <KGmin>0.05</KGmin>
    <RangeKG>0.1</RangeKG>
    <AG>0.1</AG>
    <PERC>4.8381084760642672</PERC>
    <Alpha>0</Alpha>
    <UZL>74.403719334948008</UZL>
    <K0>0.21453970986480969</K0>
    <K1>0.031162215444113794</K1>
    <K2>0.093494971452510039</K2>
    <MAXBAS>1.3464708186310208</MAXBAS>
    <Cet>0</Cet>
    <PCALT>10</PCALT>
    <TCALT>0.6</TCALT>
    <Pelev>3100</Pelev>
    <Telev>3100</Telev>
    <PART>0.5</PART>
    <DELAY>1</DELAY>
  </CatchmentParameters>
  <VegetationZone>
    <VegetationZoneParameters>
      <TT>2.3256098724949155</TT>
      <CFMAX>3.9097182971504689</CFMAX>
      <SP>0</SP>
      <SFCF>0.68287449342066064</SFCF>
      <CFR>0.058641303245808858</CFR>
      <CWH>0.14031330842644404</CWH>
      <CFGlacier>1</CFGlacier>
      <CFSlope>1</CFSlope>
      <FC>355.008920772613</FC>
      <LP>0.71705083420972415</LP>
      <BETA>5.4712116333112757</BETA>
    </VegetationZoneParameters>
  </VegetationZone>
  <SubCatchment>
    <SubCatchmentParameters>
      <KSI>0.001</KSI>
      <KGmin>0.05</KGmin>
      <RangeKG>0.1</RangeKG>
      <AG>0.1</AG>
      <PERC>4.8381084760642672</PERC>
      <Alpha>0</Alpha>
      <UZL>74.403719334948008</UZL>
      <K0>0.21453970986480969</K0>
      <K1>0.031162215444113794</K1>
      <K2>0.093494971452510039</K2>
      <MAXBAS>1.3464708186310208</MAXBAS>
      <Cet>0</Cet>
      <PCALT>10</PCALT>
      <TCALT>0.6</TCALT>
      <Pelev>3100</Pelev>
      <Telev>3100</Telev>
      <PART>0.5</PART>
      <DELAY>1</DELAY>
    </SubCatchmentParameters>
    <SubCatchmentVegetationZone>
      <SubCatchmentVegetationZoneParameters>
        <TT>2.3256098724949155</TT>
        <CFMAX>3.9097182971504689</CFMAX>
        <SP>0</SP>
        <SFCF>0.68287449342066064</SFCF>
        <CFR>0.058641303245808858</CFR>
        <CWH>0.14031330842644404</CWH>
        <CFGlacier>1</CFGlacier>
        <CFSlope>1</CFSlope>
        <FC>355.008920772613</FC>
        <LP>0.71705083420972415</LP>
        <BETA>5.4712116333112757</BETA>
      </SubCatchmentVegetationZoneParameters>
    </SubCatchmentVegetationZone>
  </SubCatchment>
</Catchment>