<?xml version="1.0" encoding="utf-8"?>
<Catchment xmlns:xsi="http://www.w3.org/2001/XMLSchema-instance" xmlns:xsd="http://www.w3.org/2001/XMLSchema">
  <CatchmentParameters>
    <KSI>0.001</KSI>
    <KGmin>0.05</KGmin>
    <RangeKG>0.1</RangeKG>
    <AG>0.1</AG>
    <PERC>5.71156598779875</PERC>
    <Alpha>0</Alpha>
    <UZL>40.239777857136545</UZL>
    <K0>0.30177627651129313</K0>
    <K1>0.39925406753654558</K1>
    <K2>0.051075629292442422</K2>
    <MAXBAS>1.9323508200051247</MAXBAS>
    <Cet>0</Cet>
    <PCALT>10</PCALT>
    <TCALT>0.6</TCALT>
    <Pelev>3100</Pelev>
    <Telev>3100</Telev>
    <PART>0.5</PART>
    <DELAY>1</DELAY>
  </CatchmentParameters>
  <VegetationZone>
    <VegetationZoneParameters>
      <TT>2.1143019683243547</TT>
      <CFMAX>3.2084032082664926</CFMAX>
      <SP>0</SP>
      <SFCF>0.72197347707887471</SFCF>
      <CFR>0.052540325278963025</CFR>
      <CWH>0.14346638969759526</CWH>
      <CFGlacier>1</CFGlacier>
      <CFSlope>1</CFSlope>
      <FC>364.38516438133036</FC>
      <LP>0.676605493905393</LP>
      <BETA>5.9167865428296986</BETA>
    </VegetationZoneParameters>
  </VegetationZone>
  <SubCatchment>
    <SubCatchmentParameters>
      <KSI>0.001</KSI>
      <KGmin>0.05</KGmin>
      <RangeKG>0.1</RangeKG>
      <AG>0.1</AG>
      <PERC>5.71156598779875</PERC>
      <Alpha>0</Alpha>
      <UZL>40.239777857136545</UZL>
      <K0>0.30177627651129313</K0>
      <K1>0.39925406753654558</K1>
      <K2>0.051075629292442422</K2>
      <MAXBAS>1.9323508200051247</MAXBAS>
      <Cet>0</Cet>
      <PCALT>10</PCALT>
      <TCALT>0.6</TCALT>
      <Pelev>3100</Pelev>
      <Telev>3100</Telev>
      <PART>0.5</PART>
      <DELAY>1</DELAY>
    </SubCatchmentParameters>
    <SubCatchmentVegetationZone>
      <SubCatchmentVegetationZoneParameters>
        <TT>2.1143019683243547</TT>
        <CFMAX>3.2084032082664926</CFMAX>
        <SP>0</SP>
        <SFCF>0.72197347707887471</SFCF>
        <CFR>0.052540325278963025</CFR>
        <CWH>0.14346638969759526</CWH>
        <CFGlacier>1</CFGlacier>
        <CFSlope>1</CFSlope>
        <FC>364.38516438133036</FC>
        <LP>0.676605493905393</LP>
        <BETA>5.9167865428296986</BETA>
      </SubCatchmentVegetationZoneParameters>
    </SubCatchmentVegetationZone>
  </SubCatchment>
</Catchment>