<?xml version="1.0" encoding="utf-8"?>
<Catchment xmlns:xsi="http://www.w3.org/2001/XMLSchema-instance" xmlns:xsd="http://www.w3.org/2001/XMLSchema">
  <CatchmentParameters>
    <KSI>0.001</KSI>
    <KGmin>0.05</KGmin>
    <RangeKG>0.1</RangeKG>
    <AG>0.1</AG>
    <PERC>5.6669527114704046</PERC>
    <Alpha>0</Alpha>
    <UZL>114.05394116780104</UZL>
    <K0>0.056266041557147206</K0>
    <K1>0.34639431924987618</K1>
    <K2>0.061887654216938842</K2>
    <MAXBAS>1.3949909311768987</MAXBAS>
    <Cet>0</Cet>
    <PCALT>10</PCALT>
    <TCALT>0.6</TCALT>
    <Pelev>3100</Pelev>
    <Telev>3100</Telev>
    <PART>0.5</PART>
    <DELAY>1</DELAY>
  </CatchmentParameters>
  <VegetationZone>
    <VegetationZoneParameters>
      <TT>1.6727571404663526</TT>
      <CFMAX>4.5456645982060175</CFMAX>
      <SP>0</SP>
      <SFCF>0.59383763283605007</SFCF>
      <CFR>0.056511660446185517</CFR>
      <CWH>0.11839836513005629</CWH>
      <CFGlacier>1</CFGlacier>
      <CFSlope>1</CFSlope>
      <FC>433.23863961463871</FC>
      <LP>0.69184185487163563</LP>
      <BETA>5.9198659825002551</BETA>
    </VegetationZoneParameters>
  </VegetationZone>
  <SubCatchment>
    <SubCatchmentParameters>
      <KSI>0.001</KSI>
      <KGmin>0.05</KGmin>
      <RangeKG>0.1</RangeKG>
      <AG>0.1</AG>
      <PERC>5.6669527114704046</PERC>
      <Alpha>0</Alpha>
      <UZL>114.05394116780104</UZL>
      <K0>0.056266041557147206</K0>
      <K1>0.34639431924987618</K1>
      <K2>0.061887654216938842</K2>
      <MAXBAS>1.3949909311768987</MAXBAS>
      <Cet>0</Cet>
      <PCALT>10</PCALT>
      <TCALT>0.6</TCALT>
      <Pelev>3100</Pelev>
      <Telev>3100</Telev>
      <PART>0.5</PART>
      <DELAY>1</DELAY>
    </SubCatchmentParameters>
    <SubCatchmentVegetationZone>
      <SubCatchmentVegetationZoneParameters>
        <TT>1.6727571404663526</TT>
        <CFMAX>4.5456645982060175</CFMAX>
        <SP>0</SP>
        <SFCF>0.59383763283605007</SFCF>
        <CFR>0.056511660446185517</CFR>
        <CWH>0.11839836513005629</CWH>
        <CFGlacier>1</CFGlacier>
        <CFSlope>1</CFSlope>
        <FC>433.23863961463871</FC>
        <LP>0.69184185487163563</LP>
        <BETA>5.9198659825002551</BETA>
      </SubCatchmentVegetationZoneParameters>
    </SubCatchmentVegetationZone>
  </SubCatchment>
</Catchment>