<?xml version="1.0" encoding="utf-8"?>
<Catchment xmlns:xsi="http://www.w3.org/2001/XMLSchema-instance" xmlns:xsd="http://www.w3.org/2001/XMLSchema">
  <CatchmentParameters>
    <KSI>0.001</KSI>
    <KGmin>0.05</KGmin>
    <RangeKG>0.1</RangeKG>
    <AG>0.1</AG>
    <PERC>8.940265755932586</PERC>
    <Alpha>0</Alpha>
    <UZL>167.9581872326863</UZL>
    <K0>0.49970744468477213</K0>
    <K1>0.392515984140246</K1>
    <K2>0.041563460265319228</K2>
    <MAXBAS>1.9345812544105017</MAXBAS>
    <Cet>0</Cet>
    <PCALT>10</PCALT>
    <TCALT>0.6</TCALT>
    <Pelev>3100</Pelev>
    <Telev>3100</Telev>
    <PART>0.5</PART>
    <DELAY>1</DELAY>
  </CatchmentParameters>
  <VegetationZone>
    <VegetationZoneParameters>
      <TT>0.6449319409682801</TT>
      <CFMAX>4.6819373987170181</CFMAX>
      <SP>0</SP>
      <SFCF>1.0805848711362549</SFCF>
      <CFR>0.018285970380899175</CFR>
      <CWH>0.14746126720051631</CWH>
      <CFGlacier>1</CFGlacier>
      <CFSlope>1</CFSlope>
      <FC>689.4091314573983</FC>
      <LP>0.71567234073590524</LP>
      <BETA>4.7097071208738619</BETA>
    </VegetationZoneParameters>
  </VegetationZone>
  <SubCatchment>
    <SubCatchmentParameters>
      <KSI>0.001</KSI>
      <KGmin>0.05</KGmin>
      <RangeKG>0.1</RangeKG>
      <AG>0.1</AG>
      <PERC>8.940265755932586</PERC>
      <Alpha>0</Alpha>
      <UZL>167.9581872326863</UZL>
      <K0>0.49970744468477213</K0>
      <K1>0.392515984140246</K1>
      <K2>0.041563460265319228</K2>
      <MAXBAS>1.9345812544105017</MAXBAS>
      <Cet>0</Cet>
      <PCALT>10</PCALT>
      <TCALT>0.6</TCALT>
      <Pelev>3100</Pelev>
      <Telev>3100</Telev>
      <PART>0.5</PART>
      <DELAY>1</DELAY>
    </SubCatchmentParameters>
    <SubCatchmentVegetationZone>
      <SubCatchmentVegetationZoneParameters>
        <TT>0.6449319409682801</TT>
        <CFMAX>4.6819373987170181</CFMAX>
        <SP>0</SP>
        <SFCF>1.0805848711362549</SFCF>
        <CFR>0.018285970380899175</CFR>
        <CWH>0.14746126720051631</CWH>
        <CFGlacier>1</CFGlacier>
        <CFSlope>1</CFSlope>
        <FC>689.4091314573983</FC>
        <LP>0.71567234073590524</LP>
        <BETA>4.7097071208738619</BETA>
      </SubCatchmentVegetationZoneParameters>
    </SubCatchmentVegetationZone>
  </SubCatchment>
</Catchment>