<?xml version="1.0" encoding="utf-8"?>
<Catchment xmlns:xsi="http://www.w3.org/2001/XMLSchema-instance" xmlns:xsd="http://www.w3.org/2001/XMLSchema">
  <CatchmentParameters>
    <KSI>0.001</KSI>
    <KGmin>0.05</KGmin>
    <RangeKG>0.1</RangeKG>
    <AG>0.1</AG>
    <PERC>5.9971613050356405</PERC>
    <Alpha>0</Alpha>
    <UZL>103.20739457455059</UZL>
    <K0>0.25736427200602907</K0>
    <K1>0.39416468032043322</K1>
    <K2>0.072351862597707928</K2>
    <MAXBAS>1.059057445275204</MAXBAS>
    <Cet>0</Cet>
    <PCALT>10</PCALT>
    <TCALT>0.6</TCALT>
    <Pelev>3100</Pelev>
    <Telev>3100</Telev>
    <PART>0.5</PART>
    <DELAY>1</DELAY>
  </CatchmentParameters>
  <VegetationZone>
    <VegetationZoneParameters>
      <TT>2.4073184850362086</TT>
      <CFMAX>4.4504873872377075</CFMAX>
      <SP>0</SP>
      <SFCF>0.91368450142476532</SFCF>
      <CFR>0.047017673072445483</CFR>
      <CWH>0.16027650114991415</CWH>
      <CFGlacier>1</CFGlacier>
      <CFSlope>1</CFSlope>
      <FC>665.92963051786444</FC>
      <LP>0.49221184187596007</LP>
      <BETA>5.338554596208323</BETA>
    </VegetationZoneParameters>
  </VegetationZone>
  <SubCatchment>
    <SubCatchmentParameters>
      <KSI>0.001</KSI>
      <KGmin>0.05</KGmin>
      <RangeKG>0.1</RangeKG>
      <AG>0.1</AG>
      <PERC>5.9971613050356405</PERC>
      <Alpha>0</Alpha>
      <UZL>103.20739457455059</UZL>
      <K0>0.25736427200602907</K0>
      <K1>0.39416468032043322</K1>
      <K2>0.072351862597707928</K2>
      <MAXBAS>1.059057445275204</MAXBAS>
      <Cet>0</Cet>
      <PCALT>10</PCALT>
      <TCALT>0.6</TCALT>
      <Pelev>3100</Pelev>
      <Telev>3100</Telev>
      <PART>0.5</PART>
      <DELAY>1</DELAY>
    </SubCatchmentParameters>
    <SubCatchmentVegetationZone>
      <SubCatchmentVegetationZoneParameters>
        <TT>2.4073184850362086</TT>
        <CFMAX>4.4504873872377075</CFMAX>
        <SP>0</SP>
        <SFCF>0.91368450142476532</SFCF>
        <CFR>0.047017673072445483</CFR>
        <CWH>0.16027650114991415</CWH>
        <CFGlacier>1</CFGlacier>
        <CFSlope>1</CFSlope>
        <FC>665.92963051786444</FC>
        <LP>0.49221184187596007</LP>
        <BETA>5.338554596208323</BETA>
      </SubCatchmentVegetationZoneParameters>
    </SubCatchmentVegetationZone>
  </SubCatchment>
</Catchment>