<?xml version="1.0" encoding="utf-8"?>
<Catchment xmlns:xsi="http://www.w3.org/2001/XMLSchema-instance" xmlns:xsd="http://www.w3.org/2001/XMLSchema">
  <CatchmentParameters>
    <KSI>0.001</KSI>
    <KGmin>0.05</KGmin>
    <RangeKG>0.1</RangeKG>
    <AG>0.1</AG>
    <PERC>1.864365374673336</PERC>
    <Alpha>0</Alpha>
    <UZL>88.259508200973656</UZL>
    <K0>0.51156362044593529</K0>
    <K1>0.087372877209520666</K1>
    <K2>0.011905756923979244</K2>
    <MAXBAS>1</MAXBAS>
    <Cet>0</Cet>
    <PCALT>10</PCALT>
    <TCALT>0.6</TCALT>
    <Pelev>3100</Pelev>
    <Telev>3100</Telev>
    <PART>0.5</PART>
    <DELAY>1</DELAY>
  </CatchmentParameters>
  <VegetationZone>
    <VegetationZoneParameters>
      <TT>-1.5014644165805486</TT>
      <CFMAX>2.117399650477418</CFMAX>
      <SP>0</SP>
      <SFCF>0.7368575006664575</SFCF>
      <CFR>0.003472698428883618</CFR>
      <CWH>0.10000000012468398</CWH>
      <CFGlacier>1</CFGlacier>
      <CFSlope>1</CFSlope>
      <FC>731.39575146476977</FC>
      <LP>0.56526933194211437</LP>
      <BETA>2.8027718561641488</BETA>
    </VegetationZoneParameters>
  </VegetationZone>
  <SubCatchment>
    <SubCatchmentParameters>
      <KSI>0.001</KSI>
      <KGmin>0.05</KGmin>
      <RangeKG>0.1</RangeKG>
      <AG>0.1</AG>
      <PERC>1.864365374673336</PERC>
      <Alpha>0</Alpha>
      <UZL>88.259508200973656</UZL>
      <K0>0.51156362044593529</K0>
      <K1>0.087372877209520666</K1>
      <K2>0.011905756923979244</K2>
      <MAXBAS>1</MAXBAS>
      <Cet>0</Cet>
      <PCALT>10</PCALT>
      <TCALT>0.6</TCALT>
      <Pelev>3100</Pelev>
      <Telev>3100</Telev>
      <PART>0.5</PART>
      <DELAY>1</DELAY>
    </SubCatchmentParameters>
    <SubCatchmentVegetationZone>
      <SubCatchmentVegetationZoneParameters>
        <TT>-1.5014644165805486</TT>
        <CFMAX>2.117399650477418</CFMAX>
        <SP>0</SP>
        <SFCF>0.7368575006664575</SFCF>
        <CFR>0.003472698428883618</CFR>
        <CWH>0.10000000012468398</CWH>
        <CFGlacier>1</CFGlacier>
        <CFSlope>1</CFSlope>
        <FC>731.39575146476977</FC>
        <LP>0.56526933194211437</LP>
        <BETA>2.8027718561641488</BETA>
      </SubCatchmentVegetationZoneParameters>
    </SubCatchmentVegetationZone>
  </SubCatchment>
</Catchment>