<?xml version="1.0" encoding="utf-8"?>
<Catchment xmlns:xsi="http://www.w3.org/2001/XMLSchema-instance" xmlns:xsd="http://www.w3.org/2001/XMLSchema">
  <CatchmentParameters>
    <KSI>0.001</KSI>
    <KGmin>0.05</KGmin>
    <RangeKG>0.1</RangeKG>
    <AG>0.1</AG>
    <PERC>2.2541119254308484</PERC>
    <Alpha>0</Alpha>
    <UZL>81.9950650613011</UZL>
    <K0>0.4453609976400828</K0>
    <K1>0.078619267808280158</K1>
    <K2>0.01159318780218546</K2>
    <MAXBAS>1</MAXBAS>
    <Cet>0</Cet>
    <PCALT>10</PCALT>
    <TCALT>0.6</TCALT>
    <Pelev>3100</Pelev>
    <Telev>3100</Telev>
    <PART>0.5</PART>
    <DELAY>1</DELAY>
  </CatchmentParameters>
  <VegetationZone>
    <VegetationZoneParameters>
      <TT>-0.80497776417083022</TT>
      <CFMAX>3.685614427356644</CFMAX>
      <SP>0</SP>
      <SFCF>0.99096464703569032</SFCF>
      <CFR>0.033941679953892842</CFR>
      <CWH>0.10000000000121122</CWH>
      <CFGlacier>1</CFGlacier>
      <CFSlope>1</CFSlope>
      <FC>1078.0375154100018</FC>
      <LP>0.53518142528369228</LP>
      <BETA>3.2363047770697073</BETA>
    </VegetationZoneParameters>
  </VegetationZone>
  <SubCatchment>
    <SubCatchmentParameters>
      <KSI>0.001</KSI>
      <KGmin>0.05</KGmin>
      <RangeKG>0.1</RangeKG>
      <AG>0.1</AG>
      <PERC>2.2541119254308484</PERC>
      <Alpha>0</Alpha>
      <UZL>81.9950650613011</UZL>
      <K0>0.4453609976400828</K0>
      <K1>0.078619267808280158</K1>
      <K2>0.01159318780218546</K2>
      <MAXBAS>1</MAXBAS>
      <Cet>0</Cet>
      <PCALT>10</PCALT>
      <TCALT>0.6</TCALT>
      <Pelev>3100</Pelev>
      <Telev>3100</Telev>
      <PART>0.5</PART>
      <DELAY>1</DELAY>
    </SubCatchmentParameters>
    <SubCatchmentVegetationZone>
      <SubCatchmentVegetationZoneParameters>
        <TT>-0.80497776417083022</TT>
        <CFMAX>3.685614427356644</CFMAX>
        <SP>0</SP>
        <SFCF>0.99096464703569032</SFCF>
        <CFR>0.033941679953892842</CFR>
        <CWH>0.10000000000121122</CWH>
        <CFGlacier>1</CFGlacier>
        <CFSlope>1</CFSlope>
        <FC>1078.0375154100018</FC>
        <LP>0.53518142528369228</LP>
        <BETA>3.2363047770697073</BETA>
      </SubCatchmentVegetationZoneParameters>
    </SubCatchmentVegetationZone>
  </SubCatchment>
</Catchment>