<?xml version="1.0" encoding="utf-8"?>
<Catchment xmlns:xsi="http://www.w3.org/2001/XMLSchema-instance" xmlns:xsd="http://www.w3.org/2001/XMLSchema">
  <CatchmentParameters>
    <KSI>0.001</KSI>
    <KGmin>0.05</KGmin>
    <RangeKG>0.1</RangeKG>
    <AG>0.1</AG>
    <PERC>9.5218459705366</PERC>
    <Alpha>0</Alpha>
    <UZL>124.25473621069556</UZL>
    <K0>0.40031420655677979</K0>
    <K1>0.38193316311882819</K1>
    <K2>0.088234985328411689</K2>
    <MAXBAS>2.4999836021831832</MAXBAS>
    <Cet>0</Cet>
    <PCALT>10</PCALT>
    <TCALT>0.6</TCALT>
    <Pelev>2541</Pelev>
    <Telev>2541</Telev>
    <PART>0.5</PART>
    <DELAY>1</DELAY>
  </CatchmentParameters>
  <VegetationZone>
    <VegetationZoneParameters>
      <TT>0.16218992873913424</TT>
      <CFMAX>1.3465408214607486</CFMAX>
      <SP>0</SP>
      <SFCF>0.89533922974795666</SFCF>
      <CFR>1.0944014799659784E-06</CFR>
      <CWH>0.10000010362510414</CWH>
      <CFGlacier>1</CFGlacier>
      <CFSlope>1</CFSlope>
      <FC>243.68760393826346</FC>
      <LP>0.30000196965868953</LP>
      <BETA>2.5254984735076507</BETA>
    </VegetationZoneParameters>
  </VegetationZone>
  <SubCatchment>
    <SubCatchmentParameters>
      <KSI>0.001</KSI>
      <KGmin>0.05</KGmin>
      <RangeKG>0.1</RangeKG>
      <AG>0.1</AG>
      <PERC>9.5218459705366</PERC>
      <Alpha>0</Alpha>
      <UZL>124.25473621069556</UZL>
      <K0>0.40031420655677979</K0>
      <K1>0.38193316311882819</K1>
      <K2>0.088234985328411689</K2>
      <MAXBAS>2.4999836021831832</MAXBAS>
      <Cet>0</Cet>
      <PCALT>10</PCALT>
      <TCALT>0.6</TCALT>
      <Pelev>2541</Pelev>
      <Telev>2541</Telev>
      <PART>0.5</PART>
      <DELAY>1</DELAY>
    </SubCatchmentParameters>
    <SubCatchmentVegetationZone>
      <SubCatchmentVegetationZoneParameters>
        <TT>0.16218992873913424</TT>
        <CFMAX>1.3465408214607486</CFMAX>
        <SP>0</SP>
        <SFCF>0.89533922974795666</SFCF>
        <CFR>1.0944014799659784E-06</CFR>
        <CWH>0.10000010362510414</CWH>
        <CFGlacier>1</CFGlacier>
        <CFSlope>1</CFSlope>
        <FC>243.68760393826346</FC>
        <LP>0.30000196965868953</LP>
        <BETA>2.5254984735076507</BETA>
      </SubCatchmentVegetationZoneParameters>
    </SubCatchmentVegetationZone>
  </SubCatchment>
</Catchment>