<?xml version="1.0" encoding="utf-8"?>
<Catchment xmlns:xsi="http://www.w3.org/2001/XMLSchema-instance" xmlns:xsd="http://www.w3.org/2001/XMLSchema">
  <CatchmentParameters>
    <KSI>0.001</KSI>
    <KGmin>0.05</KGmin>
    <RangeKG>0.1</RangeKG>
    <AG>0.1</AG>
    <PERC>8.5691463897142857</PERC>
    <Alpha>0</Alpha>
    <UZL>18.646595042587641</UZL>
    <K0>0.98998836419404557</K0>
    <K1>0.22434680737546311</K1>
    <K2>0.10924776941851519</K2>
    <MAXBAS>1.9995890730617052</MAXBAS>
    <Cet>0</Cet>
    <PCALT>10</PCALT>
    <TCALT>0.6</TCALT>
    <Pelev>2541</Pelev>
    <Telev>2541</Telev>
    <PART>0.5</PART>
    <DELAY>1</DELAY>
  </CatchmentParameters>
  <VegetationZone>
    <VegetationZoneParameters>
      <TT>-0.90513326113476178</TT>
      <CFMAX>1.1071531655552944</CFMAX>
      <SP>0</SP>
      <SFCF>1.0810861350235959</SFCF>
      <CFR>0.099999268985690823</CFR>
      <CWH>0.12631444674749334</CWH>
      <CFGlacier>1</CFGlacier>
      <CFSlope>1</CFSlope>
      <FC>416.33672365499149</FC>
      <LP>0.66517384329885731</LP>
      <BETA>2.6532078541752231</BETA>
    </VegetationZoneParameters>
  </VegetationZone>
  <SubCatchment>
    <SubCatchmentParameters>
      <KSI>0.001</KSI>
      <KGmin>0.05</KGmin>
      <RangeKG>0.1</RangeKG>
      <AG>0.1</AG>
      <PERC>8.5691463897142857</PERC>
      <Alpha>0</Alpha>
      <UZL>18.646595042587641</UZL>
      <K0>0.98998836419404557</K0>
      <K1>0.22434680737546311</K1>
      <K2>0.10924776941851519</K2>
      <MAXBAS>1.9995890730617052</MAXBAS>
      <Cet>0</Cet>
      <PCALT>10</PCALT>
      <TCALT>0.6</TCALT>
      <Pelev>2541</Pelev>
      <Telev>2541</Telev>
      <PART>0.5</PART>
      <DELAY>1</DELAY>
    </SubCatchmentParameters>
    <SubCatchmentVegetationZone>
      <SubCatchmentVegetationZoneParameters>
        <TT>-0.90513326113476178</TT>
        <CFMAX>1.1071531655552944</CFMAX>
        <SP>0</SP>
        <SFCF>1.0810861350235959</SFCF>
        <CFR>0.099999268985690823</CFR>
        <CWH>0.12631444674749334</CWH>
        <CFGlacier>1</CFGlacier>
        <CFSlope>1</CFSlope>
        <FC>416.33672365499149</FC>
        <LP>0.66517384329885731</LP>
        <BETA>2.6532078541752231</BETA>
      </SubCatchmentVegetationZoneParameters>
    </SubCatchmentVegetationZone>
  </SubCatchment>
</Catchment>