<?xml version="1.0" encoding="utf-8"?>
<Catchment xmlns:xsi="http://www.w3.org/2001/XMLSchema-instance" xmlns:xsd="http://www.w3.org/2001/XMLSchema">
  <CatchmentParameters>
    <KSI>0.001</KSI>
    <KGmin>0.05</KGmin>
    <RangeKG>0.1</RangeKG>
    <AG>0.1</AG>
    <PERC>9.6928745593648866</PERC>
    <Alpha>0</Alpha>
    <UZL>74.051872470974288</UZL>
    <K0>0.11824720116422825</K0>
    <K1>0.40063628444767169</K1>
    <K2>0.092935465136286866</K2>
    <MAXBAS>2.4999886213882796</MAXBAS>
    <Cet>0</Cet>
    <PCALT>10</PCALT>
    <TCALT>0.6</TCALT>
    <Pelev>2541</Pelev>
    <Telev>2541</Telev>
    <PART>0.5</PART>
    <DELAY>1</DELAY>
  </CatchmentParameters>
  <VegetationZone>
    <VegetationZoneParameters>
      <TT>-0.24593415259084403</TT>
      <CFMAX>1.2799922864742863</CFMAX>
      <SP>0</SP>
      <SFCF>0.96263686152390182</SFCF>
      <CFR>1.0674503674404525E-07</CFR>
      <CWH>0.10000003617014491</CWH>
      <CFGlacier>1</CFGlacier>
      <CFSlope>1</CFSlope>
      <FC>276.72990461881318</FC>
      <LP>0.30000339831269451</LP>
      <BETA>2.2441449704577012</BETA>
    </VegetationZoneParameters>
  </VegetationZone>
  <SubCatchment>
    <SubCatchmentParameters>
      <KSI>0.001</KSI>
      <KGmin>0.05</KGmin>
      <RangeKG>0.1</RangeKG>
      <AG>0.1</AG>
      <PERC>9.6928745593648866</PERC>
      <Alpha>0</Alpha>
      <UZL>74.051872470974288</UZL>
      <K0>0.11824720116422825</K0>
      <K1>0.40063628444767169</K1>
      <K2>0.092935465136286866</K2>
      <MAXBAS>2.4999886213882796</MAXBAS>
      <Cet>0</Cet>
      <PCALT>10</PCALT>
      <TCALT>0.6</TCALT>
      <Pelev>2541</Pelev>
      <Telev>2541</Telev>
      <PART>0.5</PART>
      <DELAY>1</DELAY>
    </SubCatchmentParameters>
    <SubCatchmentVegetationZone>
      <SubCatchmentVegetationZoneParameters>
        <TT>-0.24593415259084403</TT>
        <CFMAX>1.2799922864742863</CFMAX>
        <SP>0</SP>
        <SFCF>0.96263686152390182</SFCF>
        <CFR>1.0674503674404525E-07</CFR>
        <CWH>0.10000003617014491</CWH>
        <CFGlacier>1</CFGlacier>
        <CFSlope>1</CFSlope>
        <FC>276.72990461881318</FC>
        <LP>0.30000339831269451</LP>
        <BETA>2.2441449704577012</BETA>
      </SubCatchmentVegetationZoneParameters>
    </SubCatchmentVegetationZone>
  </SubCatchment>
</Catchment>