<?xml version="1.0" encoding="utf-8"?>
<Catchment xmlns:xsi="http://www.w3.org/2001/XMLSchema-instance" xmlns:xsd="http://www.w3.org/2001/XMLSchema">
  <CatchmentParameters>
    <KSI>0.001</KSI>
    <KGmin>0.05</KGmin>
    <RangeKG>0.1</RangeKG>
    <AG>0.1</AG>
    <PERC>9.88436638849584</PERC>
    <Alpha>0</Alpha>
    <UZL>100.56679533273298</UZL>
    <K0>0.53628614100134064</K0>
    <K1>0.44092392355295446</K1>
    <K2>0.10325023815650992</K2>
    <MAXBAS>2.3981607179234632</MAXBAS>
    <Cet>0</Cet>
    <PCALT>10</PCALT>
    <TCALT>0.6</TCALT>
    <Pelev>2541</Pelev>
    <Telev>2541</Telev>
    <PART>0.5</PART>
    <DELAY>1</DELAY>
  </CatchmentParameters>
  <VegetationZone>
    <VegetationZoneParameters>
      <TT>-0.97803682954661264</TT>
      <CFMAX>1.2354757577712521</CFMAX>
      <SP>0</SP>
      <SFCF>1.1867558465069956</SFCF>
      <CFR>0.09999915312645237</CFR>
      <CWH>0.1000001103654775</CWH>
      <CFGlacier>1</CFGlacier>
      <CFSlope>1</CFSlope>
      <FC>407.79935528187741</FC>
      <LP>0.30000684884493128</LP>
      <BETA>1.7403410549419773</BETA>
    </VegetationZoneParameters>
  </VegetationZone>
  <SubCatchment>
    <SubCatchmentParameters>
      <KSI>0.001</KSI>
      <KGmin>0.05</KGmin>
      <RangeKG>0.1</RangeKG>
      <AG>0.1</AG>
      <PERC>9.88436638849584</PERC>
      <Alpha>0</Alpha>
      <UZL>100.56679533273298</UZL>
      <K0>0.53628614100134064</K0>
      <K1>0.44092392355295446</K1>
      <K2>0.10325023815650992</K2>
      <MAXBAS>2.3981607179234632</MAXBAS>
      <Cet>0</Cet>
      <PCALT>10</PCALT>
      <TCALT>0.6</TCALT>
      <Pelev>2541</Pelev>
      <Telev>2541</Telev>
      <PART>0.5</PART>
      <DELAY>1</DELAY>
    </SubCatchmentParameters>
    <SubCatchmentVegetationZone>
      <SubCatchmentVegetationZoneParameters>
        <TT>-0.97803682954661264</TT>
        <CFMAX>1.2354757577712521</CFMAX>
        <SP>0</SP>
        <SFCF>1.1867558465069956</SFCF>
        <CFR>0.09999915312645237</CFR>
        <CWH>0.1000001103654775</CWH>
        <CFGlacier>1</CFGlacier>
        <CFSlope>1</CFSlope>
        <FC>407.79935528187741</FC>
        <LP>0.30000684884493128</LP>
        <BETA>1.7403410549419773</BETA>
      </SubCatchmentVegetationZoneParameters>
    </SubCatchmentVegetationZone>
  </SubCatchment>
</Catchment>