<?xml version="1.0" encoding="utf-8"?>
<Catchment xmlns:xsi="http://www.w3.org/2001/XMLSchema-instance" xmlns:xsd="http://www.w3.org/2001/XMLSchema">
  <CatchmentParameters>
    <KSI>0.001</KSI>
    <KGmin>0.05</KGmin>
    <RangeKG>0.1</RangeKG>
    <AG>0.1</AG>
    <PERC>1.1361563347377748</PERC>
    <Alpha>0</Alpha>
    <UZL>122.008745834176</UZL>
    <K0>0.35612012558213335</K0>
    <K1>0.097292789596845217</K1>
    <K2>0.02177752249913599</K2>
    <MAXBAS>1</MAXBAS>
    <Cet>0</Cet>
    <PCALT>10</PCALT>
    <TCALT>0.6</TCALT>
    <Pelev>2541</Pelev>
    <Telev>2541</Telev>
    <PART>0.5</PART>
    <DELAY>1</DELAY>
  </CatchmentParameters>
  <VegetationZone>
    <VegetationZoneParameters>
      <TT>-0.20428533606066895</TT>
      <CFMAX>1.8916005847506576</CFMAX>
      <SP>0</SP>
      <SFCF>1.2223772131558395</SFCF>
      <CFR>6.9045648538470109E-08</CFR>
      <CWH>0.10000020650492179</CWH>
      <CFGlacier>1</CFGlacier>
      <CFSlope>1</CFSlope>
      <FC>698.69455914263517</FC>
      <LP>0.86943772867597235</LP>
      <BETA>2.2647317638278608</BETA>
    </VegetationZoneParameters>
  </VegetationZone>
  <SubCatchment>
    <SubCatchmentParameters>
      <KSI>0.001</KSI>
      <KGmin>0.05</KGmin>
      <RangeKG>0.1</RangeKG>
      <AG>0.1</AG>
      <PERC>1.1361563347377748</PERC>
      <Alpha>0</Alpha>
      <UZL>122.008745834176</UZL>
      <K0>0.35612012558213335</K0>
      <K1>0.097292789596845217</K1>
      <K2>0.02177752249913599</K2>
      <MAXBAS>1</MAXBAS>
      <Cet>0</Cet>
      <PCALT>10</PCALT>
      <TCALT>0.6</TCALT>
      <Pelev>2541</Pelev>
      <Telev>2541</Telev>
      <PART>0.5</PART>
      <DELAY>1</DELAY>
    </SubCatchmentParameters>
    <SubCatchmentVegetationZone>
      <SubCatchmentVegetationZoneParameters>
        <TT>-0.20428533606066895</TT>
        <CFMAX>1.8916005847506576</CFMAX>
        <SP>0</SP>
        <SFCF>1.2223772131558395</SFCF>
        <CFR>6.9045648538470109E-08</CFR>
        <CWH>0.10000020650492179</CWH>
        <CFGlacier>1</CFGlacier>
        <CFSlope>1</CFSlope>
        <FC>698.69455914263517</FC>
        <LP>0.86943772867597235</LP>
        <BETA>2.2647317638278608</BETA>
      </SubCatchmentVegetationZoneParameters>
    </SubCatchmentVegetationZone>
  </SubCatchment>
</Catchment>