<?xml version="1.0" encoding="utf-8"?>
<Catchment xmlns:xsi="http://www.w3.org/2001/XMLSchema-instance" xmlns:xsd="http://www.w3.org/2001/XMLSchema">
  <CatchmentParameters>
    <KSI>0.001</KSI>
    <KGmin>0.05</KGmin>
    <RangeKG>0.1</RangeKG>
    <AG>0.1</AG>
    <PERC>9.9999337687173817</PERC>
    <Alpha>0</Alpha>
    <UZL>94.763940218038258</UZL>
    <K0>0.673708345572586</K0>
    <K1>0.51242656280865451</K1>
    <K2>0.10857955632668599</K2>
    <MAXBAS>2.4999739934060754</MAXBAS>
    <Cet>0</Cet>
    <PCALT>10</PCALT>
    <TCALT>0.6</TCALT>
    <Pelev>2541</Pelev>
    <Telev>2541</Telev>
    <PART>0.5</PART>
    <DELAY>1</DELAY>
  </CatchmentParameters>
  <VegetationZone>
    <VegetationZoneParameters>
      <TT>-1.0093676546706547</TT>
      <CFMAX>1.2498440395139672</CFMAX>
      <SP>0</SP>
      <SFCF>1.2094015722606202</SFCF>
      <CFR>0.088673359402604235</CFR>
      <CWH>0.10000025401453719</CWH>
      <CFGlacier>1</CFGlacier>
      <CFSlope>1</CFSlope>
      <FC>496.75965773317955</FC>
      <LP>0.554589990530463</LP>
      <BETA>2.04407958582479</BETA>
    </VegetationZoneParameters>
  </VegetationZone>
  <SubCatchment>
    <SubCatchmentParameters>
      <KSI>0.001</KSI>
      <KGmin>0.05</KGmin>
      <RangeKG>0.1</RangeKG>
      <AG>0.1</AG>
      <PERC>9.9999337687173817</PERC>
      <Alpha>0</Alpha>
      <UZL>94.763940218038258</UZL>
      <K0>0.673708345572586</K0>
      <K1>0.51242656280865451</K1>
      <K2>0.10857955632668599</K2>
      <MAXBAS>2.4999739934060754</MAXBAS>
      <Cet>0</Cet>
      <PCALT>10</PCALT>
      <TCALT>0.6</TCALT>
      <Pelev>2541</Pelev>
      <Telev>2541</Telev>
      <PART>0.5</PART>
      <DELAY>1</DELAY>
    </SubCatchmentParameters>
    <SubCatchmentVegetationZone>
      <SubCatchmentVegetationZoneParameters>
        <TT>-1.0093676546706547</TT>
        <CFMAX>1.2498440395139672</CFMAX>
        <SP>0</SP>
        <SFCF>1.2094015722606202</SFCF>
        <CFR>0.088673359402604235</CFR>
        <CWH>0.10000025401453719</CWH>
        <CFGlacier>1</CFGlacier>
        <CFSlope>1</CFSlope>
        <FC>496.75965773317955</FC>
        <LP>0.554589990530463</LP>
        <BETA>2.04407958582479</BETA>
      </SubCatchmentVegetationZoneParameters>
    </SubCatchmentVegetationZone>
  </SubCatchment>
</Catchment>