<?xml version="1.0" encoding="utf-8"?>
<Catchment xmlns:xsi="http://www.w3.org/2001/XMLSchema-instance" xmlns:xsd="http://www.w3.org/2001/XMLSchema">
  <CatchmentParameters>
    <KSI>0.001</KSI>
    <KGmin>0.05</KGmin>
    <RangeKG>0.1</RangeKG>
    <AG>0.1</AG>
    <PERC>9.7912386350617453</PERC>
    <Alpha>0</Alpha>
    <UZL>126.08788923877791</UZL>
    <K0>0.40831679539261112</K0>
    <K1>0.401109935349302</K1>
    <K2>0.10829867071217714</K2>
    <MAXBAS>2.0584725749946045</MAXBAS>
    <Cet>0</Cet>
    <PCALT>10</PCALT>
    <TCALT>0.6</TCALT>
    <Pelev>2541</Pelev>
    <Telev>2541</Telev>
    <PART>0.5</PART>
    <DELAY>1</DELAY>
  </CatchmentParameters>
  <VegetationZone>
    <VegetationZoneParameters>
      <TT>-0.87131267745741359</TT>
      <CFMAX>1.2115970676565118</CFMAX>
      <SP>0</SP>
      <SFCF>1.1488122761341739</SFCF>
      <CFR>0.099999922279711176</CFR>
      <CWH>0.1000003261045241</CWH>
      <CFGlacier>1</CFGlacier>
      <CFSlope>1</CFSlope>
      <FC>428.44499342208883</FC>
      <LP>0.51007972128310519</LP>
      <BETA>2.0824491280849715</BETA>
    </VegetationZoneParameters>
  </VegetationZone>
  <SubCatchment>
    <SubCatchmentParameters>
      <KSI>0.001</KSI>
      <KGmin>0.05</KGmin>
      <RangeKG>0.1</RangeKG>
      <AG>0.1</AG>
      <PERC>9.7912386350617453</PERC>
      <Alpha>0</Alpha>
      <UZL>126.08788923877791</UZL>
      <K0>0.40831679539261112</K0>
      <K1>0.401109935349302</K1>
      <K2>0.10829867071217714</K2>
      <MAXBAS>2.0584725749946045</MAXBAS>
      <Cet>0</Cet>
      <PCALT>10</PCALT>
      <TCALT>0.6</TCALT>
      <Pelev>2541</Pelev>
      <Telev>2541</Telev>
      <PART>0.5</PART>
      <DELAY>1</DELAY>
    </SubCatchmentParameters>
    <SubCatchmentVegetationZone>
      <SubCatchmentVegetationZoneParameters>
        <TT>-0.87131267745741359</TT>
        <CFMAX>1.2115970676565118</CFMAX>
        <SP>0</SP>
        <SFCF>1.1488122761341739</SFCF>
        <CFR>0.099999922279711176</CFR>
        <CWH>0.1000003261045241</CWH>
        <CFGlacier>1</CFGlacier>
        <CFSlope>1</CFSlope>
        <FC>428.44499342208883</FC>
        <LP>0.51007972128310519</LP>
        <BETA>2.0824491280849715</BETA>
      </SubCatchmentVegetationZoneParameters>
    </SubCatchmentVegetationZone>
  </SubCatchment>
</Catchment>