<?xml version="1.0" encoding="utf-8"?>
<Catchment xmlns:xsi="http://www.w3.org/2001/XMLSchema-instance" xmlns:xsd="http://www.w3.org/2001/XMLSchema">
  <CatchmentParameters>
    <KSI>0.001</KSI>
    <KGmin>0.05</KGmin>
    <RangeKG>0.1</RangeKG>
    <AG>0.1</AG>
    <PERC>8.5465441623462137</PERC>
    <Alpha>0</Alpha>
    <UZL>118.52722289725568</UZL>
    <K0>0.17854197560700408</K0>
    <K1>0.38596161551539654</K1>
    <K2>0.096847532843832337</K2>
    <MAXBAS>2.4999915990405137</MAXBAS>
    <Cet>0</Cet>
    <PCALT>10</PCALT>
    <TCALT>0.6</TCALT>
    <Pelev>2541</Pelev>
    <Telev>2541</Telev>
    <PART>0.5</PART>
    <DELAY>1</DELAY>
  </CatchmentParameters>
  <VegetationZone>
    <VegetationZoneParameters>
      <TT>-0.26527469012132154</TT>
      <CFMAX>1.2016686434042565</CFMAX>
      <SP>0</SP>
      <SFCF>0.93351547167712734</SFCF>
      <CFR>5.5142556394036091E-06</CFR>
      <CWH>0.10000000213294032</CWH>
      <CFGlacier>1</CFGlacier>
      <CFSlope>1</CFSlope>
      <FC>273.49607716250915</FC>
      <LP>0.30000231426776397</LP>
      <BETA>2.3609011365322927</BETA>
    </VegetationZoneParameters>
  </VegetationZone>
  <SubCatchment>
    <SubCatchmentParameters>
      <KSI>0.001</KSI>
      <KGmin>0.05</KGmin>
      <RangeKG>0.1</RangeKG>
      <AG>0.1</AG>
      <PERC>8.5465441623462137</PERC>
      <Alpha>0</Alpha>
      <UZL>118.52722289725568</UZL>
      <K0>0.17854197560700408</K0>
      <K1>0.38596161551539654</K1>
      <K2>0.096847532843832337</K2>
      <MAXBAS>2.4999915990405137</MAXBAS>
      <Cet>0</Cet>
      <PCALT>10</PCALT>
      <TCALT>0.6</TCALT>
      <Pelev>2541</Pelev>
      <Telev>2541</Telev>
      <PART>0.5</PART>
      <DELAY>1</DELAY>
    </SubCatchmentParameters>
    <SubCatchmentVegetationZone>
      <SubCatchmentVegetationZoneParameters>
        <TT>-0.26527469012132154</TT>
        <CFMAX>1.2016686434042565</CFMAX>
        <SP>0</SP>
        <SFCF>0.93351547167712734</SFCF>
        <CFR>5.5142556394036091E-06</CFR>
        <CWH>0.10000000213294032</CWH>
        <CFGlacier>1</CFGlacier>
        <CFSlope>1</CFSlope>
        <FC>273.49607716250915</FC>
        <LP>0.30000231426776397</LP>
        <BETA>2.3609011365322927</BETA>
      </SubCatchmentVegetationZoneParameters>
    </SubCatchmentVegetationZone>
  </SubCatchment>
</Catchment>