<?xml version="1.0" encoding="utf-8"?>
<Catchment xmlns:xsi="http://www.w3.org/2001/XMLSchema-instance" xmlns:xsd="http://www.w3.org/2001/XMLSchema">
  <CatchmentParameters>
    <KSI>0.001</KSI>
    <KGmin>0.05</KGmin>
    <RangeKG>0.1</RangeKG>
    <AG>0.1</AG>
    <PERC>0.64354740844037051</PERC>
    <Alpha>0</Alpha>
    <UZL>46.056307302660016</UZL>
    <K0>0.12517680839956716</K0>
    <K1>0.10113261453636062</K1>
    <K2>0.017221457071192249</K2>
    <MAXBAS>1</MAXBAS>
    <Cet>0</Cet>
    <PCALT>10</PCALT>
    <TCALT>0.6</TCALT>
    <Pelev>2541</Pelev>
    <Telev>2541</Telev>
    <PART>0.5</PART>
    <DELAY>1</DELAY>
  </CatchmentParameters>
  <VegetationZone>
    <VegetationZoneParameters>
      <TT>-1.4046462311544787</TT>
      <CFMAX>1.1569583774701788</CFMAX>
      <SP>0</SP>
      <SFCF>1.2706558220343589</SFCF>
      <CFR>0.018130810177116947</CFR>
      <CWH>0.10000008240614097</CWH>
      <CFGlacier>1</CFGlacier>
      <CFSlope>1</CFSlope>
      <FC>716.85146029758528</FC>
      <LP>0.89348527481493389</LP>
      <BETA>2.8666687402270821</BETA>
    </VegetationZoneParameters>
  </VegetationZone>
  <SubCatchment>
    <SubCatchmentParameters>
      <KSI>0.001</KSI>
      <KGmin>0.05</KGmin>
      <RangeKG>0.1</RangeKG>
      <AG>0.1</AG>
      <PERC>0.64354740844037051</PERC>
      <Alpha>0</Alpha>
      <UZL>46.056307302660016</UZL>
      <K0>0.12517680839956716</K0>
      <K1>0.10113261453636062</K1>
      <K2>0.017221457071192249</K2>
      <MAXBAS>1</MAXBAS>
      <Cet>0</Cet>
      <PCALT>10</PCALT>
      <TCALT>0.6</TCALT>
      <Pelev>2541</Pelev>
      <Telev>2541</Telev>
      <PART>0.5</PART>
      <DELAY>1</DELAY>
    </SubCatchmentParameters>
    <SubCatchmentVegetationZone>
      <SubCatchmentVegetationZoneParameters>
        <TT>-1.4046462311544787</TT>
        <CFMAX>1.1569583774701788</CFMAX>
        <SP>0</SP>
        <SFCF>1.2706558220343589</SFCF>
        <CFR>0.018130810177116947</CFR>
        <CWH>0.10000008240614097</CWH>
        <CFGlacier>1</CFGlacier>
        <CFSlope>1</CFSlope>
        <FC>716.85146029758528</FC>
        <LP>0.89348527481493389</LP>
        <BETA>2.8666687402270821</BETA>
      </SubCatchmentVegetationZoneParameters>
    </SubCatchmentVegetationZone>
  </SubCatchment>
</Catchment>