<?xml version="1.0" encoding="utf-8"?>
<Catchment xmlns:xsi="http://www.w3.org/2001/XMLSchema-instance" xmlns:xsd="http://www.w3.org/2001/XMLSchema">
  <CatchmentParameters>
    <KSI>0.001</KSI>
    <KGmin>0.05</KGmin>
    <RangeKG>0.1</RangeKG>
    <AG>0.1</AG>
    <PERC>3.1981416543898589</PERC>
    <Alpha>0</Alpha>
    <UZL>124.22278913853579</UZL>
    <K0>0.51807145702924062</K0>
    <K1>0.14632945120713806</K1>
    <K2>0.063395511427341414</K2>
    <MAXBAS>1.7405314549405744</MAXBAS>
    <Cet>0</Cet>
    <PCALT>10</PCALT>
    <TCALT>0.6</TCALT>
    <Pelev>2541</Pelev>
    <Telev>2541</Telev>
    <PART>0.5</PART>
    <DELAY>1</DELAY>
  </CatchmentParameters>
  <VegetationZone>
    <VegetationZoneParameters>
      <TT>-0.25675993753988063</TT>
      <CFMAX>1.492546411241422</CFMAX>
      <SP>0</SP>
      <SFCF>1.0334924886731733</SFCF>
      <CFR>0.0999966939465232</CFR>
      <CWH>0.10000015352197472</CWH>
      <CFGlacier>1</CFGlacier>
      <CFSlope>1</CFSlope>
      <FC>360.58443200703425</FC>
      <LP>0.49579175048919133</LP>
      <BETA>1.6412530686806792</BETA>
    </VegetationZoneParameters>
  </VegetationZone>
  <SubCatchment>
    <SubCatchmentParameters>
      <KSI>0.001</KSI>
      <KGmin>0.05</KGmin>
      <RangeKG>0.1</RangeKG>
      <AG>0.1</AG>
      <PERC>3.1981416543898589</PERC>
      <Alpha>0</Alpha>
      <UZL>124.22278913853579</UZL>
      <K0>0.51807145702924062</K0>
      <K1>0.14632945120713806</K1>
      <K2>0.063395511427341414</K2>
      <MAXBAS>1.7405314549405744</MAXBAS>
      <Cet>0</Cet>
      <PCALT>10</PCALT>
      <TCALT>0.6</TCALT>
      <Pelev>2541</Pelev>
      <Telev>2541</Telev>
      <PART>0.5</PART>
      <DELAY>1</DELAY>
    </SubCatchmentParameters>
    <SubCatchmentVegetationZone>
      <SubCatchmentVegetationZoneParameters>
        <TT>-0.25675993753988063</TT>
        <CFMAX>1.492546411241422</CFMAX>
        <SP>0</SP>
        <SFCF>1.0334924886731733</SFCF>
        <CFR>0.0999966939465232</CFR>
        <CWH>0.10000015352197472</CWH>
        <CFGlacier>1</CFGlacier>
        <CFSlope>1</CFSlope>
        <FC>360.58443200703425</FC>
        <LP>0.49579175048919133</LP>
        <BETA>1.6412530686806792</BETA>
      </SubCatchmentVegetationZoneParameters>
    </SubCatchmentVegetationZone>
  </SubCatchment>
</Catchment>