<?xml version="1.0" encoding="utf-8"?>
<Catchment xmlns:xsi="http://www.w3.org/2001/XMLSchema-instance" xmlns:xsd="http://www.w3.org/2001/XMLSchema">
  <CatchmentParameters>
    <KSI>0.001</KSI>
    <KGmin>0.05</KGmin>
    <RangeKG>0.1</RangeKG>
    <AG>0.1</AG>
    <PERC>9.99238490979851</PERC>
    <Alpha>0</Alpha>
    <UZL>115.54341333164523</UZL>
    <K0>0.50689545826166249</K0>
    <K1>0.48868475524932581</K1>
    <K2>0.11428342806832369</K2>
    <MAXBAS>2.0093927420697839</MAXBAS>
    <Cet>0</Cet>
    <PCALT>10</PCALT>
    <TCALT>0.6</TCALT>
    <Pelev>2541</Pelev>
    <Telev>2541</Telev>
    <PART>0.5</PART>
    <DELAY>1</DELAY>
  </CatchmentParameters>
  <VegetationZone>
    <VegetationZoneParameters>
      <TT>-0.99297854274876807</TT>
      <CFMAX>1.0528167624908873</CFMAX>
      <SP>0</SP>
      <SFCF>1.0342014758207196</SFCF>
      <CFR>0.099656121101549491</CFR>
      <CWH>0.15953081833635202</CWH>
      <CFGlacier>1</CFGlacier>
      <CFSlope>1</CFSlope>
      <FC>353.02634296092668</FC>
      <LP>0.33542193247941243</LP>
      <BETA>2.3004484231212152</BETA>
    </VegetationZoneParameters>
  </VegetationZone>
  <SubCatchment>
    <SubCatchmentParameters>
      <KSI>0.001</KSI>
      <KGmin>0.05</KGmin>
      <RangeKG>0.1</RangeKG>
      <AG>0.1</AG>
      <PERC>9.99238490979851</PERC>
      <Alpha>0</Alpha>
      <UZL>115.54341333164523</UZL>
      <K0>0.50689545826166249</K0>
      <K1>0.48868475524932581</K1>
      <K2>0.11428342806832369</K2>
      <MAXBAS>2.0093927420697839</MAXBAS>
      <Cet>0</Cet>
      <PCALT>10</PCALT>
      <TCALT>0.6</TCALT>
      <Pelev>2541</Pelev>
      <Telev>2541</Telev>
      <PART>0.5</PART>
      <DELAY>1</DELAY>
    </SubCatchmentParameters>
    <SubCatchmentVegetationZone>
      <SubCatchmentVegetationZoneParameters>
        <TT>-0.99297854274876807</TT>
        <CFMAX>1.0528167624908873</CFMAX>
        <SP>0</SP>
        <SFCF>1.0342014758207196</SFCF>
        <CFR>0.099656121101549491</CFR>
        <CWH>0.15953081833635202</CWH>
        <CFGlacier>1</CFGlacier>
        <CFSlope>1</CFSlope>
        <FC>353.02634296092668</FC>
        <LP>0.33542193247941243</LP>
        <BETA>2.3004484231212152</BETA>
      </SubCatchmentVegetationZoneParameters>
    </SubCatchmentVegetationZone>
  </SubCatchment>
</Catchment>