<?xml version="1.0" encoding="utf-8"?>
<Catchment xmlns:xsi="http://www.w3.org/2001/XMLSchema-instance" xmlns:xsd="http://www.w3.org/2001/XMLSchema">
  <CatchmentParameters>
    <KSI>0.001</KSI>
    <KGmin>0.05</KGmin>
    <RangeKG>0.1</RangeKG>
    <AG>0.1</AG>
    <PERC>9.7968450005364645</PERC>
    <Alpha>0</Alpha>
    <UZL>199.85573587095408</UZL>
    <K0>0.17298817947435369</K0>
    <K1>0.37832858223995652</K1>
    <K2>0.088063400713415119</K2>
    <MAXBAS>2.4999826622154342</MAXBAS>
    <Cet>0</Cet>
    <PCALT>10</PCALT>
    <TCALT>0.6</TCALT>
    <Pelev>2541</Pelev>
    <Telev>2541</Telev>
    <PART>0.5</PART>
    <DELAY>1</DELAY>
  </CatchmentParameters>
  <VegetationZone>
    <VegetationZoneParameters>
      <TT>-0.26529182085615566</TT>
      <CFMAX>1.3387920188603995</CFMAX>
      <SP>0</SP>
      <SFCF>0.9810221475350237</SFCF>
      <CFR>0.054574638348840118</CFR>
      <CWH>0.10000002547977362</CWH>
      <CFGlacier>1</CFGlacier>
      <CFSlope>1</CFSlope>
      <FC>276.6705019749129</FC>
      <LP>0.30000210164359714</LP>
      <BETA>2.1140261940300009</BETA>
    </VegetationZoneParameters>
  </VegetationZone>
  <SubCatchment>
    <SubCatchmentParameters>
      <KSI>0.001</KSI>
      <KGmin>0.05</KGmin>
      <RangeKG>0.1</RangeKG>
      <AG>0.1</AG>
      <PERC>9.7968450005364645</PERC>
      <Alpha>0</Alpha>
      <UZL>199.85573587095408</UZL>
      <K0>0.17298817947435369</K0>
      <K1>0.37832858223995652</K1>
      <K2>0.088063400713415119</K2>
      <MAXBAS>2.4999826622154342</MAXBAS>
      <Cet>0</Cet>
      <PCALT>10</PCALT>
      <TCALT>0.6</TCALT>
      <Pelev>2541</Pelev>
      <Telev>2541</Telev>
      <PART>0.5</PART>
      <DELAY>1</DELAY>
    </SubCatchmentParameters>
    <SubCatchmentVegetationZone>
      <SubCatchmentVegetationZoneParameters>
        <TT>-0.26529182085615566</TT>
        <CFMAX>1.3387920188603995</CFMAX>
        <SP>0</SP>
        <SFCF>0.9810221475350237</SFCF>
        <CFR>0.054574638348840118</CFR>
        <CWH>0.10000002547977362</CWH>
        <CFGlacier>1</CFGlacier>
        <CFSlope>1</CFSlope>
        <FC>276.6705019749129</FC>
        <LP>0.30000210164359714</LP>
        <BETA>2.1140261940300009</BETA>
      </SubCatchmentVegetationZoneParameters>
    </SubCatchmentVegetationZone>
  </SubCatchment>
</Catchment>