<?xml version="1.0" encoding="utf-8"?>
<Catchment xmlns:xsi="http://www.w3.org/2001/XMLSchema-instance" xmlns:xsd="http://www.w3.org/2001/XMLSchema">
  <CatchmentParameters>
    <KSI>0.001</KSI>
    <KGmin>0.05</KGmin>
    <RangeKG>0.1</RangeKG>
    <AG>0.1</AG>
    <PERC>0.92977553530368717</PERC>
    <Alpha>0</Alpha>
    <UZL>144.92939010019714</UZL>
    <K0>0.254740679705434</K0>
    <K1>0.088688590528102434</K1>
    <K2>0.019809540913431057</K2>
    <MAXBAS>1</MAXBAS>
    <Cet>0</Cet>
    <PCALT>10</PCALT>
    <TCALT>0.6</TCALT>
    <Pelev>2541</Pelev>
    <Telev>2541</Telev>
    <PART>0.5</PART>
    <DELAY>1</DELAY>
  </CatchmentParameters>
  <VegetationZone>
    <VegetationZoneParameters>
      <TT>-0.26527801555049074</TT>
      <CFMAX>1.9387020211608426</CFMAX>
      <SP>0</SP>
      <SFCF>1.2383418390676757</SFCF>
      <CFR>4.8957556969179969E-07</CFR>
      <CWH>0.10000016155297044</CWH>
      <CFGlacier>1</CFGlacier>
      <CFSlope>1</CFSlope>
      <FC>707.78894444437344</FC>
      <LP>0.8418680045569108</LP>
      <BETA>2.18542745650418</BETA>
    </VegetationZoneParameters>
  </VegetationZone>
  <SubCatchment>
    <SubCatchmentParameters>
      <KSI>0.001</KSI>
      <KGmin>0.05</KGmin>
      <RangeKG>0.1</RangeKG>
      <AG>0.1</AG>
      <PERC>0.92977553530368717</PERC>
      <Alpha>0</Alpha>
      <UZL>144.92939010019714</UZL>
      <K0>0.254740679705434</K0>
      <K1>0.088688590528102434</K1>
      <K2>0.019809540913431057</K2>
      <MAXBAS>1</MAXBAS>
      <Cet>0</Cet>
      <PCALT>10</PCALT>
      <TCALT>0.6</TCALT>
      <Pelev>2541</Pelev>
      <Telev>2541</Telev>
      <PART>0.5</PART>
      <DELAY>1</DELAY>
    </SubCatchmentParameters>
    <SubCatchmentVegetationZone>
      <SubCatchmentVegetationZoneParameters>
        <TT>-0.26527801555049074</TT>
        <CFMAX>1.9387020211608426</CFMAX>
        <SP>0</SP>
        <SFCF>1.2383418390676757</SFCF>
        <CFR>4.8957556969179969E-07</CFR>
        <CWH>0.10000016155297044</CWH>
        <CFGlacier>1</CFGlacier>
        <CFSlope>1</CFSlope>
        <FC>707.78894444437344</FC>
        <LP>0.8418680045569108</LP>
        <BETA>2.18542745650418</BETA>
      </SubCatchmentVegetationZoneParameters>
    </SubCatchmentVegetationZone>
  </SubCatchment>
</Catchment>