<?xml version="1.0" encoding="utf-8"?>
<Catchment xmlns:xsi="http://www.w3.org/2001/XMLSchema-instance" xmlns:xsd="http://www.w3.org/2001/XMLSchema">
  <CatchmentParameters>
    <KSI>0.001</KSI>
    <KGmin>0.05</KGmin>
    <RangeKG>0.1</RangeKG>
    <AG>0.1</AG>
    <PERC>1.4093478322621511</PERC>
    <Alpha>0</Alpha>
    <UZL>182.0941256829712</UZL>
    <K0>0.37287425161790477</K0>
    <K1>0.065885459060156831</K1>
    <K2>0.023804009197606189</K2>
    <MAXBAS>1</MAXBAS>
    <Cet>0</Cet>
    <PCALT>10</PCALT>
    <TCALT>0.6</TCALT>
    <Pelev>2541</Pelev>
    <Telev>2541</Telev>
    <PART>0.5</PART>
    <DELAY>1</DELAY>
  </CatchmentParameters>
  <VegetationZone>
    <VegetationZoneParameters>
      <TT>0.96331766791799822</TT>
      <CFMAX>3.6398433155961283</CFMAX>
      <SP>0</SP>
      <SFCF>1.3497836138606172</SFCF>
      <CFR>3.5361428480547297E-06</CFR>
      <CWH>0.10000016143208773</CWH>
      <CFGlacier>1</CFGlacier>
      <CFSlope>1</CFSlope>
      <FC>1067.1017862912772</FC>
      <LP>0.673590660422542</LP>
      <BETA>2.0229821094747984</BETA>
    </VegetationZoneParameters>
  </VegetationZone>
  <SubCatchment>
    <SubCatchmentParameters>
      <KSI>0.001</KSI>
      <KGmin>0.05</KGmin>
      <RangeKG>0.1</RangeKG>
      <AG>0.1</AG>
      <PERC>1.4093478322621511</PERC>
      <Alpha>0</Alpha>
      <UZL>182.0941256829712</UZL>
      <K0>0.37287425161790477</K0>
      <K1>0.065885459060156831</K1>
      <K2>0.023804009197606189</K2>
      <MAXBAS>1</MAXBAS>
      <Cet>0</Cet>
      <PCALT>10</PCALT>
      <TCALT>0.6</TCALT>
      <Pelev>2541</Pelev>
      <Telev>2541</Telev>
      <PART>0.5</PART>
      <DELAY>1</DELAY>
    </SubCatchmentParameters>
    <SubCatchmentVegetationZone>
      <SubCatchmentVegetationZoneParameters>
        <TT>0.96331766791799822</TT>
        <CFMAX>3.6398433155961283</CFMAX>
        <SP>0</SP>
        <SFCF>1.3497836138606172</SFCF>
        <CFR>3.5361428480547297E-06</CFR>
        <CWH>0.10000016143208773</CWH>
        <CFGlacier>1</CFGlacier>
        <CFSlope>1</CFSlope>
        <FC>1067.1017862912772</FC>
        <LP>0.673590660422542</LP>
        <BETA>2.0229821094747984</BETA>
      </SubCatchmentVegetationZoneParameters>
    </SubCatchmentVegetationZone>
  </SubCatchment>
</Catchment>