<?xml version="1.0" encoding="utf-8"?>
<Catchment xmlns:xsi="http://www.w3.org/2001/XMLSchema-instance" xmlns:xsd="http://www.w3.org/2001/XMLSchema">
  <CatchmentParameters>
    <KSI>0.001</KSI>
    <KGmin>0.05</KGmin>
    <RangeKG>0.1</RangeKG>
    <AG>0.1</AG>
    <PERC>9.29438158825325</PERC>
    <Alpha>0</Alpha>
    <UZL>64.69555398700939</UZL>
    <K0>0.18277240785598242</K0>
    <K1>0.43680391639414684</K1>
    <K2>0.11547585757502368</K2>
    <MAXBAS>1.8813305652967596</MAXBAS>
    <Cet>0</Cet>
    <PCALT>10</PCALT>
    <TCALT>0.6</TCALT>
    <Pelev>2541</Pelev>
    <Telev>2541</Telev>
    <PART>0.5</PART>
    <DELAY>1</DELAY>
  </CatchmentParameters>
  <VegetationZone>
    <VegetationZoneParameters>
      <TT>-1.4761615403528443</TT>
      <CFMAX>1.1112707374432023</CFMAX>
      <SP>0</SP>
      <SFCF>1.2706353456517299</SFCF>
      <CFR>0.099999997531239393</CFR>
      <CWH>0.11987342386822739</CWH>
      <CFGlacier>1</CFGlacier>
      <CFSlope>1</CFSlope>
      <FC>544.46464825183239</FC>
      <LP>0.59382864592437112</LP>
      <BETA>2.2551523728215215</BETA>
    </VegetationZoneParameters>
  </VegetationZone>
  <SubCatchment>
    <SubCatchmentParameters>
      <KSI>0.001</KSI>
      <KGmin>0.05</KGmin>
      <RangeKG>0.1</RangeKG>
      <AG>0.1</AG>
      <PERC>9.29438158825325</PERC>
      <Alpha>0</Alpha>
      <UZL>64.69555398700939</UZL>
      <K0>0.18277240785598242</K0>
      <K1>0.43680391639414684</K1>
      <K2>0.11547585757502368</K2>
      <MAXBAS>1.8813305652967596</MAXBAS>
      <Cet>0</Cet>
      <PCALT>10</PCALT>
      <TCALT>0.6</TCALT>
      <Pelev>2541</Pelev>
      <Telev>2541</Telev>
      <PART>0.5</PART>
      <DELAY>1</DELAY>
    </SubCatchmentParameters>
    <SubCatchmentVegetationZone>
      <SubCatchmentVegetationZoneParameters>
        <TT>-1.4761615403528443</TT>
        <CFMAX>1.1112707374432023</CFMAX>
        <SP>0</SP>
        <SFCF>1.2706353456517299</SFCF>
        <CFR>0.099999997531239393</CFR>
        <CWH>0.11987342386822739</CWH>
        <CFGlacier>1</CFGlacier>
        <CFSlope>1</CFSlope>
        <FC>544.46464825183239</FC>
        <LP>0.59382864592437112</LP>
        <BETA>2.2551523728215215</BETA>
      </SubCatchmentVegetationZoneParameters>
    </SubCatchmentVegetationZone>
  </SubCatchment>
</Catchment>