<?xml version="1.0" encoding="utf-8"?>
<Catchment xmlns:xsi="http://www.w3.org/2001/XMLSchema-instance" xmlns:xsd="http://www.w3.org/2001/XMLSchema">
  <CatchmentParameters>
    <KSI>0.001</KSI>
    <KGmin>0.05</KGmin>
    <RangeKG>0.1</RangeKG>
    <AG>0.1</AG>
    <PERC>9.2738026409421774</PERC>
    <Alpha>0</Alpha>
    <UZL>68.101611954016732</UZL>
    <K0>0.11933766077617121</K0>
    <K1>0.40404027664832581</K1>
    <K2>0.10101938169494254</K2>
    <MAXBAS>2.499986187483016</MAXBAS>
    <Cet>0</Cet>
    <PCALT>10</PCALT>
    <TCALT>0.6</TCALT>
    <Pelev>2541</Pelev>
    <Telev>2541</Telev>
    <PART>0.5</PART>
    <DELAY>1</DELAY>
  </CatchmentParameters>
  <VegetationZone>
    <VegetationZoneParameters>
      <TT>-0.30124502089795296</TT>
      <CFMAX>1.3208282326211343</CFMAX>
      <SP>0</SP>
      <SFCF>1.0302443996430613</SFCF>
      <CFR>6.7333640363983344E-07</CFR>
      <CWH>0.10000000123100009</CWH>
      <CFGlacier>1</CFGlacier>
      <CFSlope>1</CFSlope>
      <FC>358.74563736097537</FC>
      <LP>0.49351992625152041</LP>
      <BETA>2.0065203441660078</BETA>
    </VegetationZoneParameters>
  </VegetationZone>
  <SubCatchment>
    <SubCatchmentParameters>
      <KSI>0.001</KSI>
      <KGmin>0.05</KGmin>
      <RangeKG>0.1</RangeKG>
      <AG>0.1</AG>
      <PERC>9.2738026409421774</PERC>
      <Alpha>0</Alpha>
      <UZL>68.101611954016732</UZL>
      <K0>0.11933766077617121</K0>
      <K1>0.40404027664832581</K1>
      <K2>0.10101938169494254</K2>
      <MAXBAS>2.499986187483016</MAXBAS>
      <Cet>0</Cet>
      <PCALT>10</PCALT>
      <TCALT>0.6</TCALT>
      <Pelev>2541</Pelev>
      <Telev>2541</Telev>
      <PART>0.5</PART>
      <DELAY>1</DELAY>
    </SubCatchmentParameters>
    <SubCatchmentVegetationZone>
      <SubCatchmentVegetationZoneParameters>
        <TT>-0.30124502089795296</TT>
        <CFMAX>1.3208282326211343</CFMAX>
        <SP>0</SP>
        <SFCF>1.0302443996430613</SFCF>
        <CFR>6.7333640363983344E-07</CFR>
        <CWH>0.10000000123100009</CWH>
        <CFGlacier>1</CFGlacier>
        <CFSlope>1</CFSlope>
        <FC>358.74563736097537</FC>
        <LP>0.49351992625152041</LP>
        <BETA>2.0065203441660078</BETA>
      </SubCatchmentVegetationZoneParameters>
    </SubCatchmentVegetationZone>
  </SubCatchment>
</Catchment>