<?xml version="1.0" encoding="utf-8"?>
<Catchment xmlns:xsi="http://www.w3.org/2001/XMLSchema-instance" xmlns:xsd="http://www.w3.org/2001/XMLSchema">
  <CatchmentParameters>
    <KSI>0.001</KSI>
    <KGmin>0.05</KGmin>
    <RangeKG>0.1</RangeKG>
    <AG>0.1</AG>
    <PERC>8.0870097874308247</PERC>
    <Alpha>0</Alpha>
    <UZL>119.70293847137812</UZL>
    <K0>0.37289941043756514</K0>
    <K1>0.33938278682138173</K1>
    <K2>0.11869912662869253</K2>
    <MAXBAS>1.6812868575593938</MAXBAS>
    <Cet>0</Cet>
    <PCALT>10</PCALT>
    <TCALT>0.6</TCALT>
    <Pelev>2541</Pelev>
    <Telev>2541</Telev>
    <PART>0.5</PART>
    <DELAY>1</DELAY>
  </CatchmentParameters>
  <VegetationZone>
    <VegetationZoneParameters>
      <TT>-1.8913694468823319</TT>
      <CFMAX>1.0085346209595358</CFMAX>
      <SP>0</SP>
      <SFCF>1.3178296437605643</SFCF>
      <CFR>0.099998273210703287</CFR>
      <CWH>0.18459106169968848</CWH>
      <CFGlacier>1</CFGlacier>
      <CFSlope>1</CFSlope>
      <FC>525.024653286641</FC>
      <LP>0.46607037374846882</LP>
      <BETA>1.9648997958818419</BETA>
    </VegetationZoneParameters>
  </VegetationZone>
  <SubCatchment>
    <SubCatchmentParameters>
      <KSI>0.001</KSI>
      <KGmin>0.05</KGmin>
      <RangeKG>0.1</RangeKG>
      <AG>0.1</AG>
      <PERC>8.0870097874308247</PERC>
      <Alpha>0</Alpha>
      <UZL>119.70293847137812</UZL>
      <K0>0.37289941043756514</K0>
      <K1>0.33938278682138173</K1>
      <K2>0.11869912662869253</K2>
      <MAXBAS>1.6812868575593938</MAXBAS>
      <Cet>0</Cet>
      <PCALT>10</PCALT>
      <TCALT>0.6</TCALT>
      <Pelev>2541</Pelev>
      <Telev>2541</Telev>
      <PART>0.5</PART>
      <DELAY>1</DELAY>
    </SubCatchmentParameters>
    <SubCatchmentVegetationZone>
      <SubCatchmentVegetationZoneParameters>
        <TT>-1.8913694468823319</TT>
        <CFMAX>1.0085346209595358</CFMAX>
        <SP>0</SP>
        <SFCF>1.3178296437605643</SFCF>
        <CFR>0.099998273210703287</CFR>
        <CWH>0.18459106169968848</CWH>
        <CFGlacier>1</CFGlacier>
        <CFSlope>1</CFSlope>
        <FC>525.024653286641</FC>
        <LP>0.46607037374846882</LP>
        <BETA>1.9648997958818419</BETA>
      </SubCatchmentVegetationZoneParameters>
    </SubCatchmentVegetationZone>
  </SubCatchment>
</Catchment>