<?xml version="1.0" encoding="utf-8"?>
<Catchment xmlns:xsi="http://www.w3.org/2001/XMLSchema-instance" xmlns:xsd="http://www.w3.org/2001/XMLSchema">
  <CatchmentParameters>
    <KSI>0.001</KSI>
    <KGmin>0.05</KGmin>
    <RangeKG>0.1</RangeKG>
    <AG>0.1</AG>
    <PERC>0.63851302432720192</PERC>
    <Alpha>0</Alpha>
    <UZL>49.722668181273349</UZL>
    <K0>0.12086548209674611</K0>
    <K1>0.096367414146938862</K1>
    <K2>0.016323194073853717</K2>
    <MAXBAS>1</MAXBAS>
    <Cet>0</Cet>
    <PCALT>10</PCALT>
    <TCALT>0.6</TCALT>
    <Pelev>2541</Pelev>
    <Telev>2541</Telev>
    <PART>0.5</PART>
    <DELAY>1</DELAY>
  </CatchmentParameters>
  <VegetationZone>
    <VegetationZoneParameters>
      <TT>-1.4955236254577717</TT>
      <CFMAX>1.1628305396410874</CFMAX>
      <SP>0</SP>
      <SFCF>1.2441633748608574</SFCF>
      <CFR>0.076285556020896955</CFR>
      <CWH>0.1000001532202055</CWH>
      <CFGlacier>1</CFGlacier>
      <CFSlope>1</CFSlope>
      <FC>630.33469991727213</FC>
      <LP>0.85094767198913</LP>
      <BETA>2.510332275411991</BETA>
    </VegetationZoneParameters>
  </VegetationZone>
  <SubCatchment>
    <SubCatchmentParameters>
      <KSI>0.001</KSI>
      <KGmin>0.05</KGmin>
      <RangeKG>0.1</RangeKG>
      <AG>0.1</AG>
      <PERC>0.63851302432720192</PERC>
      <Alpha>0</Alpha>
      <UZL>49.722668181273349</UZL>
      <K0>0.12086548209674611</K0>
      <K1>0.096367414146938862</K1>
      <K2>0.016323194073853717</K2>
      <MAXBAS>1</MAXBAS>
      <Cet>0</Cet>
      <PCALT>10</PCALT>
      <TCALT>0.6</TCALT>
      <Pelev>2541</Pelev>
      <Telev>2541</Telev>
      <PART>0.5</PART>
      <DELAY>1</DELAY>
    </SubCatchmentParameters>
    <SubCatchmentVegetationZone>
      <SubCatchmentVegetationZoneParameters>
        <TT>-1.4955236254577717</TT>
        <CFMAX>1.1628305396410874</CFMAX>
        <SP>0</SP>
        <SFCF>1.2441633748608574</SFCF>
        <CFR>0.076285556020896955</CFR>
        <CWH>0.1000001532202055</CWH>
        <CFGlacier>1</CFGlacier>
        <CFSlope>1</CFSlope>
        <FC>630.33469991727213</FC>
        <LP>0.85094767198913</LP>
        <BETA>2.510332275411991</BETA>
      </SubCatchmentVegetationZoneParameters>
    </SubCatchmentVegetationZone>
  </SubCatchment>
</Catchment>