<?xml version="1.0" encoding="utf-8"?>
<Catchment xmlns:xsi="http://www.w3.org/2001/XMLSchema-instance" xmlns:xsd="http://www.w3.org/2001/XMLSchema">
  <CatchmentParameters>
    <KSI>0.001</KSI>
    <KGmin>0.05</KGmin>
    <RangeKG>0.1</RangeKG>
    <AG>0.1</AG>
    <PERC>9.2329577691017359</PERC>
    <Alpha>0</Alpha>
    <UZL>96.480974524078221</UZL>
    <K0>0.5344762636062822</K0>
    <K1>0.42366922874695312</K1>
    <K2>0.1162532402710129</K2>
    <MAXBAS>1.9303542889377374</MAXBAS>
    <Cet>0</Cet>
    <PCALT>10</PCALT>
    <TCALT>0.6</TCALT>
    <Pelev>2541</Pelev>
    <Telev>2541</Telev>
    <PART>0.5</PART>
    <DELAY>1</DELAY>
  </CatchmentParameters>
  <VegetationZone>
    <VegetationZoneParameters>
      <TT>-1.2598158569693672</TT>
      <CFMAX>1.043304189732513</CFMAX>
      <SP>0</SP>
      <SFCF>1.1317527010048194</SFCF>
      <CFR>0.099999193892689783</CFR>
      <CWH>0.1646756650858012</CWH>
      <CFGlacier>1</CFGlacier>
      <CFSlope>1</CFSlope>
      <FC>380.76502438945471</FC>
      <LP>0.30000811530109783</LP>
      <BETA>1.9892575403820407</BETA>
    </VegetationZoneParameters>
  </VegetationZone>
  <SubCatchment>
    <SubCatchmentParameters>
      <KSI>0.001</KSI>
      <KGmin>0.05</KGmin>
      <RangeKG>0.1</RangeKG>
      <AG>0.1</AG>
      <PERC>9.2329577691017359</PERC>
      <Alpha>0</Alpha>
      <UZL>96.480974524078221</UZL>
      <K0>0.5344762636062822</K0>
      <K1>0.42366922874695312</K1>
      <K2>0.1162532402710129</K2>
      <MAXBAS>1.9303542889377374</MAXBAS>
      <Cet>0</Cet>
      <PCALT>10</PCALT>
      <TCALT>0.6</TCALT>
      <Pelev>2541</Pelev>
      <Telev>2541</Telev>
      <PART>0.5</PART>
      <DELAY>1</DELAY>
    </SubCatchmentParameters>
    <SubCatchmentVegetationZone>
      <SubCatchmentVegetationZoneParameters>
        <TT>-1.2598158569693672</TT>
        <CFMAX>1.043304189732513</CFMAX>
        <SP>0</SP>
        <SFCF>1.1317527010048194</SFCF>
        <CFR>0.099999193892689783</CFR>
        <CWH>0.1646756650858012</CWH>
        <CFGlacier>1</CFGlacier>
        <CFSlope>1</CFSlope>
        <FC>380.76502438945471</FC>
        <LP>0.30000811530109783</LP>
        <BETA>1.9892575403820407</BETA>
      </SubCatchmentVegetationZoneParameters>
    </SubCatchmentVegetationZone>
  </SubCatchment>
</Catchment>