<?xml version="1.0" encoding="utf-8"?>
<Catchment xmlns:xsi="http://www.w3.org/2001/XMLSchema-instance" xmlns:xsd="http://www.w3.org/2001/XMLSchema">
  <CatchmentParameters>
    <KSI>0.001</KSI>
    <KGmin>0.05</KGmin>
    <RangeKG>0.1</RangeKG>
    <AG>0.1</AG>
    <PERC>9.9999636390462978</PERC>
    <Alpha>0</Alpha>
    <UZL>184.23823274447287</UZL>
    <K0>0.59759950866929146</K0>
    <K1>0.51096983230751969</K1>
    <K2>0.12031841726849421</K2>
    <MAXBAS>1.9007428025627502</MAXBAS>
    <Cet>0</Cet>
    <PCALT>10</PCALT>
    <TCALT>0.6</TCALT>
    <Pelev>2541</Pelev>
    <Telev>2541</Telev>
    <PART>0.5</PART>
    <DELAY>1</DELAY>
  </CatchmentParameters>
  <VegetationZone>
    <VegetationZoneParameters>
      <TT>-1.4762250184337218</TT>
      <CFMAX>1.0558182841805348</CFMAX>
      <SP>0</SP>
      <SFCF>1.2178815442233753</SFCF>
      <CFR>0.0999938436412725</CFR>
      <CWH>0.14580692474523105</CWH>
      <CFGlacier>1</CFGlacier>
      <CFSlope>1</CFSlope>
      <FC>445.18301285391027</FC>
      <LP>0.37561593090049583</LP>
      <BETA>1.9573942789526224</BETA>
    </VegetationZoneParameters>
  </VegetationZone>
  <SubCatchment>
    <SubCatchmentParameters>
      <KSI>0.001</KSI>
      <KGmin>0.05</KGmin>
      <RangeKG>0.1</RangeKG>
      <AG>0.1</AG>
      <PERC>9.9999636390462978</PERC>
      <Alpha>0</Alpha>
      <UZL>184.23823274447287</UZL>
      <K0>0.59759950866929146</K0>
      <K1>0.51096983230751969</K1>
      <K2>0.12031841726849421</K2>
      <MAXBAS>1.9007428025627502</MAXBAS>
      <Cet>0</Cet>
      <PCALT>10</PCALT>
      <TCALT>0.6</TCALT>
      <Pelev>2541</Pelev>
      <Telev>2541</Telev>
      <PART>0.5</PART>
      <DELAY>1</DELAY>
    </SubCatchmentParameters>
    <SubCatchmentVegetationZone>
      <SubCatchmentVegetationZoneParameters>
        <TT>-1.4762250184337218</TT>
        <CFMAX>1.0558182841805348</CFMAX>
        <SP>0</SP>
        <SFCF>1.2178815442233753</SFCF>
        <CFR>0.0999938436412725</CFR>
        <CWH>0.14580692474523105</CWH>
        <CFGlacier>1</CFGlacier>
        <CFSlope>1</CFSlope>
        <FC>445.18301285391027</FC>
        <LP>0.37561593090049583</LP>
        <BETA>1.9573942789526224</BETA>
      </SubCatchmentVegetationZoneParameters>
    </SubCatchmentVegetationZone>
  </SubCatchment>
</Catchment>