<?xml version="1.0" encoding="utf-8"?>
<Catchment xmlns:xsi="http://www.w3.org/2001/XMLSchema-instance" xmlns:xsd="http://www.w3.org/2001/XMLSchema">
  <CatchmentParameters>
    <KSI>0.001</KSI>
    <KGmin>0.05</KGmin>
    <RangeKG>0.1</RangeKG>
    <AG>0.1</AG>
    <PERC>9.2685925435041074</PERC>
    <Alpha>0</Alpha>
    <UZL>78.6487098029582</UZL>
    <K0>0.18499997854688705</K0>
    <K1>0.37773575150388466</K1>
    <K2>0.0936550070428327</K2>
    <MAXBAS>2.4999999982744012</MAXBAS>
    <Cet>0</Cet>
    <PCALT>10</PCALT>
    <TCALT>0.6</TCALT>
    <Pelev>2541</Pelev>
    <Telev>2541</Telev>
    <PART>0.5</PART>
    <DELAY>1</DELAY>
  </CatchmentParameters>
  <VegetationZone>
    <VegetationZoneParameters>
      <TT>-0.26528430900000144</TT>
      <CFMAX>1.2813861179022632</CFMAX>
      <SP>0</SP>
      <SFCF>0.98367096646895158</SFCF>
      <CFR>1.4634300070487644E-07</CFR>
      <CWH>0.10000005653339075</CWH>
      <CFGlacier>1</CFGlacier>
      <CFSlope>1</CFSlope>
      <FC>289.73543910265721</FC>
      <LP>0.30000102565733794</LP>
      <BETA>2.05520285816805</BETA>
    </VegetationZoneParameters>
  </VegetationZone>
  <SubCatchment>
    <SubCatchmentParameters>
      <KSI>0.001</KSI>
      <KGmin>0.05</KGmin>
      <RangeKG>0.1</RangeKG>
      <AG>0.1</AG>
      <PERC>9.2685925435041074</PERC>
      <Alpha>0</Alpha>
      <UZL>78.6487098029582</UZL>
      <K0>0.18499997854688705</K0>
      <K1>0.37773575150388466</K1>
      <K2>0.0936550070428327</K2>
      <MAXBAS>2.4999999982744012</MAXBAS>
      <Cet>0</Cet>
      <PCALT>10</PCALT>
      <TCALT>0.6</TCALT>
      <Pelev>2541</Pelev>
      <Telev>2541</Telev>
      <PART>0.5</PART>
      <DELAY>1</DELAY>
    </SubCatchmentParameters>
    <SubCatchmentVegetationZone>
      <SubCatchmentVegetationZoneParameters>
        <TT>-0.26528430900000144</TT>
        <CFMAX>1.2813861179022632</CFMAX>
        <SP>0</SP>
        <SFCF>0.98367096646895158</SFCF>
        <CFR>1.4634300070487644E-07</CFR>
        <CWH>0.10000005653339075</CWH>
        <CFGlacier>1</CFGlacier>
        <CFSlope>1</CFSlope>
        <FC>289.73543910265721</FC>
        <LP>0.30000102565733794</LP>
        <BETA>2.05520285816805</BETA>
      </SubCatchmentVegetationZoneParameters>
    </SubCatchmentVegetationZone>
  </SubCatchment>
</Catchment>