<?xml version="1.0" encoding="utf-8"?>
<Catchment xmlns:xsi="http://www.w3.org/2001/XMLSchema-instance" xmlns:xsd="http://www.w3.org/2001/XMLSchema">
  <CatchmentParameters>
    <KSI>0.001</KSI>
    <KGmin>0.05</KGmin>
    <RangeKG>0.1</RangeKG>
    <AG>0.1</AG>
    <PERC>1.0297331425465541</PERC>
    <Alpha>0</Alpha>
    <UZL>138.41465640133671</UZL>
    <K0>0.18311995261727798</K0>
    <K1>0.099570214976373764</K1>
    <K2>0.021131111876368829</K2>
    <MAXBAS>1</MAXBAS>
    <Cet>0</Cet>
    <PCALT>10</PCALT>
    <TCALT>0.6</TCALT>
    <Pelev>2541</Pelev>
    <Telev>2541</Telev>
    <PART>0.5</PART>
    <DELAY>1</DELAY>
  </CatchmentParameters>
  <VegetationZone>
    <VegetationZoneParameters>
      <TT>-0.55074048712461066</TT>
      <CFMAX>1.8869132001093951</CFMAX>
      <SP>0</SP>
      <SFCF>1.3397999304893724</SFCF>
      <CFR>1.3726265405305574E-06</CFR>
      <CWH>0.10000040580010072</CWH>
      <CFGlacier>1</CFGlacier>
      <CFSlope>1</CFSlope>
      <FC>879.39071025709768</FC>
      <LP>0.803944097977588</LP>
      <BETA>2.4267881446396307</BETA>
    </VegetationZoneParameters>
  </VegetationZone>
  <SubCatchment>
    <SubCatchmentParameters>
      <KSI>0.001</KSI>
      <KGmin>0.05</KGmin>
      <RangeKG>0.1</RangeKG>
      <AG>0.1</AG>
      <PERC>1.0297331425465541</PERC>
      <Alpha>0</Alpha>
      <UZL>138.41465640133671</UZL>
      <K0>0.18311995261727798</K0>
      <K1>0.099570214976373764</K1>
      <K2>0.021131111876368829</K2>
      <MAXBAS>1</MAXBAS>
      <Cet>0</Cet>
      <PCALT>10</PCALT>
      <TCALT>0.6</TCALT>
      <Pelev>2541</Pelev>
      <Telev>2541</Telev>
      <PART>0.5</PART>
      <DELAY>1</DELAY>
    </SubCatchmentParameters>
    <SubCatchmentVegetationZone>
      <SubCatchmentVegetationZoneParameters>
        <TT>-0.55074048712461066</TT>
        <CFMAX>1.8869132001093951</CFMAX>
        <SP>0</SP>
        <SFCF>1.3397999304893724</SFCF>
        <CFR>1.3726265405305574E-06</CFR>
        <CWH>0.10000040580010072</CWH>
        <CFGlacier>1</CFGlacier>
        <CFSlope>1</CFSlope>
        <FC>879.39071025709768</FC>
        <LP>0.803944097977588</LP>
        <BETA>2.4267881446396307</BETA>
      </SubCatchmentVegetationZoneParameters>
    </SubCatchmentVegetationZone>
  </SubCatchment>
</Catchment>