<?xml version="1.0" encoding="utf-8"?>
<Catchment xmlns:xsi="http://www.w3.org/2001/XMLSchema-instance" xmlns:xsd="http://www.w3.org/2001/XMLSchema">
  <CatchmentParameters>
    <KSI>0.001</KSI>
    <KGmin>0.05</KGmin>
    <RangeKG>0.1</RangeKG>
    <AG>0.1</AG>
    <PERC>0.87351636626647722</PERC>
    <Alpha>0</Alpha>
    <UZL>106.31506399751282</UZL>
    <K0>0.050003674184379995</K0>
    <K1>0.089932312622488422</K1>
    <K2>0.018975434277804154</K2>
    <MAXBAS>1</MAXBAS>
    <Cet>0</Cet>
    <PCALT>10</PCALT>
    <TCALT>0.6</TCALT>
    <Pelev>2541</Pelev>
    <Telev>2541</Telev>
    <PART>0.5</PART>
    <DELAY>1</DELAY>
  </CatchmentParameters>
  <VegetationZone>
    <VegetationZoneParameters>
      <TT>-0.078896941498182049</TT>
      <CFMAX>1.9810087546848345</CFMAX>
      <SP>0</SP>
      <SFCF>1.2146106884582373</SFCF>
      <CFR>1.5822176960415043E-06</CFR>
      <CWH>0.10000009125929114</CWH>
      <CFGlacier>1</CFGlacier>
      <CFSlope>1</CFSlope>
      <FC>669.72171006354154</FC>
      <LP>0.872693544960605</LP>
      <BETA>2.3256147242113396</BETA>
    </VegetationZoneParameters>
  </VegetationZone>
  <SubCatchment>
    <SubCatchmentParameters>
      <KSI>0.001</KSI>
      <KGmin>0.05</KGmin>
      <RangeKG>0.1</RangeKG>
      <AG>0.1</AG>
      <PERC>0.87351636626647722</PERC>
      <Alpha>0</Alpha>
      <UZL>106.31506399751282</UZL>
      <K0>0.050003674184379995</K0>
      <K1>0.089932312622488422</K1>
      <K2>0.018975434277804154</K2>
      <MAXBAS>1</MAXBAS>
      <Cet>0</Cet>
      <PCALT>10</PCALT>
      <TCALT>0.6</TCALT>
      <Pelev>2541</Pelev>
      <Telev>2541</Telev>
      <PART>0.5</PART>
      <DELAY>1</DELAY>
    </SubCatchmentParameters>
    <SubCatchmentVegetationZone>
      <SubCatchmentVegetationZoneParameters>
        <TT>-0.078896941498182049</TT>
        <CFMAX>1.9810087546848345</CFMAX>
        <SP>0</SP>
        <SFCF>1.2146106884582373</SFCF>
        <CFR>1.5822176960415043E-06</CFR>
        <CWH>0.10000009125929114</CWH>
        <CFGlacier>1</CFGlacier>
        <CFSlope>1</CFSlope>
        <FC>669.72171006354154</FC>
        <LP>0.872693544960605</LP>
        <BETA>2.3256147242113396</BETA>
      </SubCatchmentVegetationZoneParameters>
    </SubCatchmentVegetationZone>
  </SubCatchment>
</Catchment>