<?xml version="1.0" encoding="utf-8"?>
<Catchment xmlns:xsi="http://www.w3.org/2001/XMLSchema-instance" xmlns:xsd="http://www.w3.org/2001/XMLSchema">
  <CatchmentParameters>
    <KSI>0.001</KSI>
    <KGmin>0.05</KGmin>
    <RangeKG>0.1</RangeKG>
    <AG>0.1</AG>
    <PERC>0.62313498650165522</PERC>
    <Alpha>0</Alpha>
    <UZL>137.67622463682011</UZL>
    <K0>0.49324844968250203</K0>
    <K1>0.11901349741181652</K1>
    <K2>0.016452502013160657</K2>
    <MAXBAS>1</MAXBAS>
    <Cet>0</Cet>
    <PCALT>10</PCALT>
    <TCALT>0.6</TCALT>
    <Pelev>2541</Pelev>
    <Telev>2541</Telev>
    <PART>0.5</PART>
    <DELAY>1</DELAY>
  </CatchmentParameters>
  <VegetationZone>
    <VegetationZoneParameters>
      <TT>-1.4817982340870028</TT>
      <CFMAX>1.1101511071051449</CFMAX>
      <SP>0</SP>
      <SFCF>1.235265880370696</SFCF>
      <CFR>0.033737763634742027</CFR>
      <CWH>0.10000439612716949</CWH>
      <CFGlacier>1</CFGlacier>
      <CFSlope>1</CFSlope>
      <FC>666.40903244542915</FC>
      <LP>0.92562559031970182</LP>
      <BETA>2.9128330196260617</BETA>
    </VegetationZoneParameters>
  </VegetationZone>
  <SubCatchment>
    <SubCatchmentParameters>
      <KSI>0.001</KSI>
      <KGmin>0.05</KGmin>
      <RangeKG>0.1</RangeKG>
      <AG>0.1</AG>
      <PERC>0.62313498650165522</PERC>
      <Alpha>0</Alpha>
      <UZL>137.67622463682011</UZL>
      <K0>0.49324844968250203</K0>
      <K1>0.11901349741181652</K1>
      <K2>0.016452502013160657</K2>
      <MAXBAS>1</MAXBAS>
      <Cet>0</Cet>
      <PCALT>10</PCALT>
      <TCALT>0.6</TCALT>
      <Pelev>2541</Pelev>
      <Telev>2541</Telev>
      <PART>0.5</PART>
      <DELAY>1</DELAY>
    </SubCatchmentParameters>
    <SubCatchmentVegetationZone>
      <SubCatchmentVegetationZoneParameters>
        <TT>-1.4817982340870028</TT>
        <CFMAX>1.1101511071051449</CFMAX>
        <SP>0</SP>
        <SFCF>1.235265880370696</SFCF>
        <CFR>0.033737763634742027</CFR>
        <CWH>0.10000439612716949</CWH>
        <CFGlacier>1</CFGlacier>
        <CFSlope>1</CFSlope>
        <FC>666.40903244542915</FC>
        <LP>0.92562559031970182</LP>
        <BETA>2.9128330196260617</BETA>
      </SubCatchmentVegetationZoneParameters>
    </SubCatchmentVegetationZone>
  </SubCatchment>
</Catchment>