<?xml version="1.0" encoding="utf-8"?>
<Catchment xmlns:xsi="http://www.w3.org/2001/XMLSchema-instance" xmlns:xsd="http://www.w3.org/2001/XMLSchema">
  <CatchmentParameters>
    <KSI>0.001</KSI>
    <KGmin>0.05</KGmin>
    <RangeKG>0.1</RangeKG>
    <AG>0.1</AG>
    <PERC>9.9999905644558584</PERC>
    <Alpha>0</Alpha>
    <UZL>116.25009611715637</UZL>
    <K0>0.57596016837017872</K0>
    <K1>0.37344739724491516</K1>
    <K2>0.09352725009256023</K2>
    <MAXBAS>2.4999894650934111</MAXBAS>
    <Cet>0</Cet>
    <PCALT>10</PCALT>
    <TCALT>0.6</TCALT>
    <Pelev>2541</Pelev>
    <Telev>2541</Telev>
    <PART>0.5</PART>
    <DELAY>1</DELAY>
  </CatchmentParameters>
  <VegetationZone>
    <VegetationZoneParameters>
      <TT>-0.29430368726834011</TT>
      <CFMAX>1.5151613658620613</CFMAX>
      <SP>0</SP>
      <SFCF>1.1090249877353646</SFCF>
      <CFR>7.6803480891993181E-06</CFR>
      <CWH>0.10000020837655087</CWH>
      <CFGlacier>1</CFGlacier>
      <CFSlope>1</CFSlope>
      <FC>379.92807167967027</FC>
      <LP>0.30002366756116389</LP>
      <BETA>1.5173468667224277</BETA>
    </VegetationZoneParameters>
  </VegetationZone>
  <SubCatchment>
    <SubCatchmentParameters>
      <KSI>0.001</KSI>
      <KGmin>0.05</KGmin>
      <RangeKG>0.1</RangeKG>
      <AG>0.1</AG>
      <PERC>9.9999905644558584</PERC>
      <Alpha>0</Alpha>
      <UZL>116.25009611715637</UZL>
      <K0>0.57596016837017872</K0>
      <K1>0.37344739724491516</K1>
      <K2>0.09352725009256023</K2>
      <MAXBAS>2.4999894650934111</MAXBAS>
      <Cet>0</Cet>
      <PCALT>10</PCALT>
      <TCALT>0.6</TCALT>
      <Pelev>2541</Pelev>
      <Telev>2541</Telev>
      <PART>0.5</PART>
      <DELAY>1</DELAY>
    </SubCatchmentParameters>
    <SubCatchmentVegetationZone>
      <SubCatchmentVegetationZoneParameters>
        <TT>-0.29430368726834011</TT>
        <CFMAX>1.5151613658620613</CFMAX>
        <SP>0</SP>
        <SFCF>1.1090249877353646</SFCF>
        <CFR>7.6803480891993181E-06</CFR>
        <CWH>0.10000020837655087</CWH>
        <CFGlacier>1</CFGlacier>
        <CFSlope>1</CFSlope>
        <FC>379.92807167967027</FC>
        <LP>0.30002366756116389</LP>
        <BETA>1.5173468667224277</BETA>
      </SubCatchmentVegetationZoneParameters>
    </SubCatchmentVegetationZone>
  </SubCatchment>
</Catchment>