<?xml version="1.0" encoding="utf-8"?>
<Catchment xmlns:xsi="http://www.w3.org/2001/XMLSchema-instance" xmlns:xsd="http://www.w3.org/2001/XMLSchema">
  <CatchmentParameters>
    <KSI>0.001</KSI>
    <KGmin>0.05</KGmin>
    <RangeKG>0.1</RangeKG>
    <AG>0.1</AG>
    <PERC>0.77224607232673315</PERC>
    <Alpha>0</Alpha>
    <UZL>122.95730112893808</UZL>
    <K0>0.32310890324008568</K0>
    <K1>0.11020696846511835</K1>
    <K2>0.016802012479178202</K2>
    <MAXBAS>1</MAXBAS>
    <Cet>0</Cet>
    <PCALT>10</PCALT>
    <TCALT>0.6</TCALT>
    <Pelev>2541</Pelev>
    <Telev>2541</Telev>
    <PART>0.5</PART>
    <DELAY>1</DELAY>
  </CatchmentParameters>
  <VegetationZone>
    <VegetationZoneParameters>
      <TT>-0.6576562624409994</TT>
      <CFMAX>1.2762677469974</CFMAX>
      <SP>0</SP>
      <SFCF>1.0772572312026667</SFCF>
      <CFR>0.073020808558084557</CFR>
      <CWH>0.10000016660579369</CWH>
      <CFGlacier>1</CFGlacier>
      <CFSlope>1</CFSlope>
      <FC>414.62288041076368</FC>
      <LP>0.84683965375171366</LP>
      <BETA>2.2286688100455838</BETA>
    </VegetationZoneParameters>
  </VegetationZone>
  <SubCatchment>
    <SubCatchmentParameters>
      <KSI>0.001</KSI>
      <KGmin>0.05</KGmin>
      <RangeKG>0.1</RangeKG>
      <AG>0.1</AG>
      <PERC>0.77224607232673315</PERC>
      <Alpha>0</Alpha>
      <UZL>122.95730112893808</UZL>
      <K0>0.32310890324008568</K0>
      <K1>0.11020696846511835</K1>
      <K2>0.016802012479178202</K2>
      <MAXBAS>1</MAXBAS>
      <Cet>0</Cet>
      <PCALT>10</PCALT>
      <TCALT>0.6</TCALT>
      <Pelev>2541</Pelev>
      <Telev>2541</Telev>
      <PART>0.5</PART>
      <DELAY>1</DELAY>
    </SubCatchmentParameters>
    <SubCatchmentVegetationZone>
      <SubCatchmentVegetationZoneParameters>
        <TT>-0.6576562624409994</TT>
        <CFMAX>1.2762677469974</CFMAX>
        <SP>0</SP>
        <SFCF>1.0772572312026667</SFCF>
        <CFR>0.073020808558084557</CFR>
        <CWH>0.10000016660579369</CWH>
        <CFGlacier>1</CFGlacier>
        <CFSlope>1</CFSlope>
        <FC>414.62288041076368</FC>
        <LP>0.84683965375171366</LP>
        <BETA>2.2286688100455838</BETA>
      </SubCatchmentVegetationZoneParameters>
    </SubCatchmentVegetationZone>
  </SubCatchment>
</Catchment>