<?xml version="1.0" encoding="utf-8"?>
<Catchment xmlns:xsi="http://www.w3.org/2001/XMLSchema-instance" xmlns:xsd="http://www.w3.org/2001/XMLSchema">
  <CatchmentParameters>
    <KSI>0.001</KSI>
    <KGmin>0.05</KGmin>
    <RangeKG>0.1</RangeKG>
    <AG>0.1</AG>
    <PERC>0.81817410504001</PERC>
    <Alpha>0</Alpha>
    <UZL>50.983476243815375</UZL>
    <K0>0.29688600228088385</K0>
    <K1>0.11789393577251585</K1>
    <K2>0.023477854849872706</K2>
    <MAXBAS>1</MAXBAS>
    <Cet>0</Cet>
    <PCALT>10</PCALT>
    <TCALT>0.6</TCALT>
    <Pelev>2541</Pelev>
    <Telev>2541</Telev>
    <PART>0.5</PART>
    <DELAY>1</DELAY>
  </CatchmentParameters>
  <VegetationZone>
    <VegetationZoneParameters>
      <TT>-2.0238213210172735</TT>
      <CFMAX>1.0543583702459241</CFMAX>
      <SP>0</SP>
      <SFCF>1.4117650544200917</SFCF>
      <CFR>0.018042881762870607</CFR>
      <CWH>0.10000082540594778</CWH>
      <CFGlacier>1</CFGlacier>
      <CFSlope>1</CFSlope>
      <FC>959.78239663028126</FC>
      <LP>0.90048756356808513</LP>
      <BETA>3.5404977061630309</BETA>
    </VegetationZoneParameters>
  </VegetationZone>
  <SubCatchment>
    <SubCatchmentParameters>
      <KSI>0.001</KSI>
      <KGmin>0.05</KGmin>
      <RangeKG>0.1</RangeKG>
      <AG>0.1</AG>
      <PERC>0.81817410504001</PERC>
      <Alpha>0</Alpha>
      <UZL>50.983476243815375</UZL>
      <K0>0.29688600228088385</K0>
      <K1>0.11789393577251585</K1>
      <K2>0.023477854849872706</K2>
      <MAXBAS>1</MAXBAS>
      <Cet>0</Cet>
      <PCALT>10</PCALT>
      <TCALT>0.6</TCALT>
      <Pelev>2541</Pelev>
      <Telev>2541</Telev>
      <PART>0.5</PART>
      <DELAY>1</DELAY>
    </SubCatchmentParameters>
    <SubCatchmentVegetationZone>
      <SubCatchmentVegetationZoneParameters>
        <TT>-2.0238213210172735</TT>
        <CFMAX>1.0543583702459241</CFMAX>
        <SP>0</SP>
        <SFCF>1.4117650544200917</SFCF>
        <CFR>0.018042881762870607</CFR>
        <CWH>0.10000082540594778</CWH>
        <CFGlacier>1</CFGlacier>
        <CFSlope>1</CFSlope>
        <FC>959.78239663028126</FC>
        <LP>0.90048756356808513</LP>
        <BETA>3.5404977061630309</BETA>
      </SubCatchmentVegetationZoneParameters>
    </SubCatchmentVegetationZone>
  </SubCatchment>
</Catchment>