<?xml version="1.0" encoding="utf-8"?>
<Catchment xmlns:xsi="http://www.w3.org/2001/XMLSchema-instance" xmlns:xsd="http://www.w3.org/2001/XMLSchema">
  <CatchmentParameters>
    <KSI>0.001</KSI>
    <KGmin>0.05</KGmin>
    <RangeKG>0.1</RangeKG>
    <AG>0.1</AG>
    <PERC>1.1021924055213699</PERC>
    <Alpha>0</Alpha>
    <UZL>125.27771930365195</UZL>
    <K0>0.56456630040176192</K0>
    <K1>0.10499102502986947</K1>
    <K2>0.021969519550734763</K2>
    <MAXBAS>1</MAXBAS>
    <Cet>0</Cet>
    <PCALT>10</PCALT>
    <TCALT>0.6</TCALT>
    <Pelev>2541</Pelev>
    <Telev>2541</Telev>
    <PART>0.5</PART>
    <DELAY>1</DELAY>
  </CatchmentParameters>
  <VegetationZone>
    <VegetationZoneParameters>
      <TT>-0.76714460872291923</TT>
      <CFMAX>1.6945475815775515</CFMAX>
      <SP>0</SP>
      <SFCF>1.3222486597863148</SFCF>
      <CFR>3.1261002163352217E-10</CFR>
      <CWH>0.1000000579468666</CWH>
      <CFGlacier>1</CFGlacier>
      <CFSlope>1</CFSlope>
      <FC>1011.2713628555831</FC>
      <LP>0.93964659912299542</LP>
      <BETA>3.1545466584819613</BETA>
    </VegetationZoneParameters>
  </VegetationZone>
  <SubCatchment>
    <SubCatchmentParameters>
      <KSI>0.001</KSI>
      <KGmin>0.05</KGmin>
      <RangeKG>0.1</RangeKG>
      <AG>0.1</AG>
      <PERC>1.1021924055213699</PERC>
      <Alpha>0</Alpha>
      <UZL>125.27771930365195</UZL>
      <K0>0.56456630040176192</K0>
      <K1>0.10499102502986947</K1>
      <K2>0.021969519550734763</K2>
      <MAXBAS>1</MAXBAS>
      <Cet>0</Cet>
      <PCALT>10</PCALT>
      <TCALT>0.6</TCALT>
      <Pelev>2541</Pelev>
      <Telev>2541</Telev>
      <PART>0.5</PART>
      <DELAY>1</DELAY>
    </SubCatchmentParameters>
    <SubCatchmentVegetationZone>
      <SubCatchmentVegetationZoneParameters>
        <TT>-0.76714460872291923</TT>
        <CFMAX>1.6945475815775515</CFMAX>
        <SP>0</SP>
        <SFCF>1.3222486597863148</SFCF>
        <CFR>3.1261002163352217E-10</CFR>
        <CWH>0.1000000579468666</CWH>
        <CFGlacier>1</CFGlacier>
        <CFSlope>1</CFSlope>
        <FC>1011.2713628555831</FC>
        <LP>0.93964659912299542</LP>
        <BETA>3.1545466584819613</BETA>
      </SubCatchmentVegetationZoneParameters>
    </SubCatchmentVegetationZone>
  </SubCatchment>
</Catchment>