<?xml version="1.0" encoding="utf-8"?>
<Catchment xmlns:xsi="http://www.w3.org/2001/XMLSchema-instance" xmlns:xsd="http://www.w3.org/2001/XMLSchema">
  <CatchmentParameters>
    <KSI>0.001</KSI>
    <KGmin>0.05</KGmin>
    <RangeKG>0.1</RangeKG>
    <AG>0.1</AG>
    <PERC>1.0088288508077807</PERC>
    <Alpha>0</Alpha>
    <UZL>155.23842282731326</UZL>
    <K0>0.53760609059991638</K0>
    <K1>0.078853721871831817</K1>
    <K2>0.022912429531696202</K2>
    <MAXBAS>1</MAXBAS>
    <Cet>0</Cet>
    <PCALT>10</PCALT>
    <TCALT>0.6</TCALT>
    <Pelev>2541</Pelev>
    <Telev>2541</Telev>
    <PART>0.5</PART>
    <DELAY>1</DELAY>
  </CatchmentParameters>
  <VegetationZone>
    <VegetationZoneParameters>
      <TT>-0.26527289708595997</TT>
      <CFMAX>2.4693072698084815</CFMAX>
      <SP>0</SP>
      <SFCF>1.4325723692189336</SFCF>
      <CFR>2.1269943830182449E-07</CFR>
      <CWH>0.10000000043107328</CWH>
      <CFGlacier>1</CFGlacier>
      <CFSlope>1</CFSlope>
      <FC>1396.9693130053643</FC>
      <LP>0.8259580868003551</LP>
      <BETA>3.1509784165572303</BETA>
    </VegetationZoneParameters>
  </VegetationZone>
  <SubCatchment>
    <SubCatchmentParameters>
      <KSI>0.001</KSI>
      <KGmin>0.05</KGmin>
      <RangeKG>0.1</RangeKG>
      <AG>0.1</AG>
      <PERC>1.0088288508077807</PERC>
      <Alpha>0</Alpha>
      <UZL>155.23842282731326</UZL>
      <K0>0.53760609059991638</K0>
      <K1>0.078853721871831817</K1>
      <K2>0.022912429531696202</K2>
      <MAXBAS>1</MAXBAS>
      <Cet>0</Cet>
      <PCALT>10</PCALT>
      <TCALT>0.6</TCALT>
      <Pelev>2541</Pelev>
      <Telev>2541</Telev>
      <PART>0.5</PART>
      <DELAY>1</DELAY>
    </SubCatchmentParameters>
    <SubCatchmentVegetationZone>
      <SubCatchmentVegetationZoneParameters>
        <TT>-0.26527289708595997</TT>
        <CFMAX>2.4693072698084815</CFMAX>
        <SP>0</SP>
        <SFCF>1.4325723692189336</SFCF>
        <CFR>2.1269943830182449E-07</CFR>
        <CWH>0.10000000043107328</CWH>
        <CFGlacier>1</CFGlacier>
        <CFSlope>1</CFSlope>
        <FC>1396.9693130053643</FC>
        <LP>0.8259580868003551</LP>
        <BETA>3.1509784165572303</BETA>
      </SubCatchmentVegetationZoneParameters>
    </SubCatchmentVegetationZone>
  </SubCatchment>
</Catchment>