<?xml version="1.0" encoding="utf-8"?>
<Catchment xmlns:xsi="http://www.w3.org/2001/XMLSchema-instance" xmlns:xsd="http://www.w3.org/2001/XMLSchema">
  <CatchmentParameters>
    <KSI>0.001</KSI>
    <KGmin>0.05</KGmin>
    <RangeKG>0.1</RangeKG>
    <AG>0.1</AG>
    <PERC>9.9999825510348543</PERC>
    <Alpha>0</Alpha>
    <UZL>165.07911763734481</UZL>
    <K0>0.40633512506277591</K0>
    <K1>0.36750383204024462</K1>
    <K2>0.079184484549249756</K2>
    <MAXBAS>2.4999961275554923</MAXBAS>
    <Cet>0</Cet>
    <PCALT>10</PCALT>
    <TCALT>0.6</TCALT>
    <Pelev>2541</Pelev>
    <Telev>2541</Telev>
    <PART>0.5</PART>
    <DELAY>1</DELAY>
  </CatchmentParameters>
  <VegetationZone>
    <VegetationZoneParameters>
      <TT>0.19862197642912016</TT>
      <CFMAX>1.5806980324218198</CFMAX>
      <SP>0</SP>
      <SFCF>0.98418528447900344</SFCF>
      <CFR>6.8915177061852163E-07</CFR>
      <CWH>0.10000003732621951</CWH>
      <CFGlacier>1</CFGlacier>
      <CFSlope>1</CFSlope>
      <FC>278.38301489901573</FC>
      <LP>0.30000277465408443</LP>
      <BETA>1.6482462892789134</BETA>
    </VegetationZoneParameters>
  </VegetationZone>
  <SubCatchment>
    <SubCatchmentParameters>
      <KSI>0.001</KSI>
      <KGmin>0.05</KGmin>
      <RangeKG>0.1</RangeKG>
      <AG>0.1</AG>
      <PERC>9.9999825510348543</PERC>
      <Alpha>0</Alpha>
      <UZL>165.07911763734481</UZL>
      <K0>0.40633512506277591</K0>
      <K1>0.36750383204024462</K1>
      <K2>0.079184484549249756</K2>
      <MAXBAS>2.4999961275554923</MAXBAS>
      <Cet>0</Cet>
      <PCALT>10</PCALT>
      <TCALT>0.6</TCALT>
      <Pelev>2541</Pelev>
      <Telev>2541</Telev>
      <PART>0.5</PART>
      <DELAY>1</DELAY>
    </SubCatchmentParameters>
    <SubCatchmentVegetationZone>
      <SubCatchmentVegetationZoneParameters>
        <TT>0.19862197642912016</TT>
        <CFMAX>1.5806980324218198</CFMAX>
        <SP>0</SP>
        <SFCF>0.98418528447900344</SFCF>
        <CFR>6.8915177061852163E-07</CFR>
        <CWH>0.10000003732621951</CWH>
        <CFGlacier>1</CFGlacier>
        <CFSlope>1</CFSlope>
        <FC>278.38301489901573</FC>
        <LP>0.30000277465408443</LP>
        <BETA>1.6482462892789134</BETA>
      </SubCatchmentVegetationZoneParameters>
    </SubCatchmentVegetationZone>
  </SubCatchment>
</Catchment>