<?xml version="1.0" encoding="utf-8"?>
<Catchment xmlns:xsi="http://www.w3.org/2001/XMLSchema-instance" xmlns:xsd="http://www.w3.org/2001/XMLSchema">
  <CatchmentParameters>
    <KSI>0.001</KSI>
    <KGmin>0.05</KGmin>
    <RangeKG>0.1</RangeKG>
    <AG>0.1</AG>
    <PERC>9.1882495111093743</PERC>
    <Alpha>0</Alpha>
    <UZL>157.85649341927467</UZL>
    <K0>0.27206208130402915</K0>
    <K1>0.42472814770422557</K1>
    <K2>0.11408202115015996</K2>
    <MAXBAS>1.9701870366188106</MAXBAS>
    <Cet>0</Cet>
    <PCALT>10</PCALT>
    <TCALT>0.6</TCALT>
    <Pelev>2541</Pelev>
    <Telev>2541</Telev>
    <PART>0.5</PART>
    <DELAY>1</DELAY>
  </CatchmentParameters>
  <VegetationZone>
    <VegetationZoneParameters>
      <TT>-1.2576370307180533</TT>
      <CFMAX>1.0852376545592384</CFMAX>
      <SP>0</SP>
      <SFCF>1.1612667144915485</SFCF>
      <CFR>0.099999999094658509</CFR>
      <CWH>0.14300959927049187</CWH>
      <CFGlacier>1</CFGlacier>
      <CFSlope>1</CFSlope>
      <FC>414.79721652271638</FC>
      <LP>0.35714646349478252</LP>
      <BETA>1.9850452188534604</BETA>
    </VegetationZoneParameters>
  </VegetationZone>
  <SubCatchment>
    <SubCatchmentParameters>
      <KSI>0.001</KSI>
      <KGmin>0.05</KGmin>
      <RangeKG>0.1</RangeKG>
      <AG>0.1</AG>
      <PERC>9.1882495111093743</PERC>
      <Alpha>0</Alpha>
      <UZL>157.85649341927467</UZL>
      <K0>0.27206208130402915</K0>
      <K1>0.42472814770422557</K1>
      <K2>0.11408202115015996</K2>
      <MAXBAS>1.9701870366188106</MAXBAS>
      <Cet>0</Cet>
      <PCALT>10</PCALT>
      <TCALT>0.6</TCALT>
      <Pelev>2541</Pelev>
      <Telev>2541</Telev>
      <PART>0.5</PART>
      <DELAY>1</DELAY>
    </SubCatchmentParameters>
    <SubCatchmentVegetationZone>
      <SubCatchmentVegetationZoneParameters>
        <TT>-1.2576370307180533</TT>
        <CFMAX>1.0852376545592384</CFMAX>
        <SP>0</SP>
        <SFCF>1.1612667144915485</SFCF>
        <CFR>0.099999999094658509</CFR>
        <CWH>0.14300959927049187</CWH>
        <CFGlacier>1</CFGlacier>
        <CFSlope>1</CFSlope>
        <FC>414.79721652271638</FC>
        <LP>0.35714646349478252</LP>
        <BETA>1.9850452188534604</BETA>
      </SubCatchmentVegetationZoneParameters>
    </SubCatchmentVegetationZone>
  </SubCatchment>
</Catchment>