<?xml version="1.0" encoding="utf-8"?>
<Catchment xmlns:xsi="http://www.w3.org/2001/XMLSchema-instance" xmlns:xsd="http://www.w3.org/2001/XMLSchema">
  <CatchmentParameters>
    <KSI>0.001</KSI>
    <KGmin>0.05</KGmin>
    <RangeKG>0.1</RangeKG>
    <AG>0.1</AG>
    <PERC>9.9999160633590432</PERC>
    <Alpha>0</Alpha>
    <UZL>155.2774871842671</UZL>
    <K0>0.49132872997825811</K0>
    <K1>0.376649489832635</K1>
    <K2>0.0895087160201095</K2>
    <MAXBAS>2.4999988582396675</MAXBAS>
    <Cet>0</Cet>
    <PCALT>10</PCALT>
    <TCALT>0.6</TCALT>
    <Pelev>2541</Pelev>
    <Telev>2541</Telev>
    <PART>0.5</PART>
    <DELAY>1</DELAY>
  </CatchmentParameters>
  <VegetationZone>
    <VegetationZoneParameters>
      <TT>-0.26527449494809485</TT>
      <CFMAX>1.4455152584296496</CFMAX>
      <SP>0</SP>
      <SFCF>1.0548691916550739</SFCF>
      <CFR>5.7513857014002794E-07</CFR>
      <CWH>0.10000005550944074</CWH>
      <CFGlacier>1</CFGlacier>
      <CFSlope>1</CFSlope>
      <FC>411.03508267935047</FC>
      <LP>0.76389343517785546</LP>
      <BETA>2.1029898636843281</BETA>
    </VegetationZoneParameters>
  </VegetationZone>
  <SubCatchment>
    <SubCatchmentParameters>
      <KSI>0.001</KSI>
      <KGmin>0.05</KGmin>
      <RangeKG>0.1</RangeKG>
      <AG>0.1</AG>
      <PERC>9.9999160633590432</PERC>
      <Alpha>0</Alpha>
      <UZL>155.2774871842671</UZL>
      <K0>0.49132872997825811</K0>
      <K1>0.376649489832635</K1>
      <K2>0.0895087160201095</K2>
      <MAXBAS>2.4999988582396675</MAXBAS>
      <Cet>0</Cet>
      <PCALT>10</PCALT>
      <TCALT>0.6</TCALT>
      <Pelev>2541</Pelev>
      <Telev>2541</Telev>
      <PART>0.5</PART>
      <DELAY>1</DELAY>
    </SubCatchmentParameters>
    <SubCatchmentVegetationZone>
      <SubCatchmentVegetationZoneParameters>
        <TT>-0.26527449494809485</TT>
        <CFMAX>1.4455152584296496</CFMAX>
        <SP>0</SP>
        <SFCF>1.0548691916550739</SFCF>
        <CFR>5.7513857014002794E-07</CFR>
        <CWH>0.10000005550944074</CWH>
        <CFGlacier>1</CFGlacier>
        <CFSlope>1</CFSlope>
        <FC>411.03508267935047</FC>
        <LP>0.76389343517785546</LP>
        <BETA>2.1029898636843281</BETA>
      </SubCatchmentVegetationZoneParameters>
    </SubCatchmentVegetationZone>
  </SubCatchment>
</Catchment>