<?xml version="1.0" encoding="utf-8"?>
<Catchment xmlns:xsi="http://www.w3.org/2001/XMLSchema-instance" xmlns:xsd="http://www.w3.org/2001/XMLSchema">
  <CatchmentParameters>
    <KSI>0.001</KSI>
    <KGmin>0.05</KGmin>
    <RangeKG>0.1</RangeKG>
    <AG>0.1</AG>
    <PERC>0.86510575993261352</PERC>
    <Alpha>0</Alpha>
    <UZL>122.64984088845152</UZL>
    <K0>0.27647512772262633</K0>
    <K1>0.093246547140447042</K1>
    <K2>0.019121974234359459</K2>
    <MAXBAS>1</MAXBAS>
    <Cet>0</Cet>
    <PCALT>10</PCALT>
    <TCALT>0.6</TCALT>
    <Pelev>2541</Pelev>
    <Telev>2541</Telev>
    <PART>0.5</PART>
    <DELAY>1</DELAY>
  </CatchmentParameters>
  <VegetationZone>
    <VegetationZoneParameters>
      <TT>-0.29427463853238817</TT>
      <CFMAX>2.0361138782819248</CFMAX>
      <SP>0</SP>
      <SFCF>1.3112599421896873</SFCF>
      <CFR>9.0836493856644887E-07</CFR>
      <CWH>0.10000016945785921</CWH>
      <CFGlacier>1</CFGlacier>
      <CFSlope>1</CFSlope>
      <FC>800.12394987457856</FC>
      <LP>0.78894744167331987</LP>
      <BETA>2.357358928538293</BETA>
    </VegetationZoneParameters>
  </VegetationZone>
  <SubCatchment>
    <SubCatchmentParameters>
      <KSI>0.001</KSI>
      <KGmin>0.05</KGmin>
      <RangeKG>0.1</RangeKG>
      <AG>0.1</AG>
      <PERC>0.86510575993261352</PERC>
      <Alpha>0</Alpha>
      <UZL>122.64984088845152</UZL>
      <K0>0.27647512772262633</K0>
      <K1>0.093246547140447042</K1>
      <K2>0.019121974234359459</K2>
      <MAXBAS>1</MAXBAS>
      <Cet>0</Cet>
      <PCALT>10</PCALT>
      <TCALT>0.6</TCALT>
      <Pelev>2541</Pelev>
      <Telev>2541</Telev>
      <PART>0.5</PART>
      <DELAY>1</DELAY>
    </SubCatchmentParameters>
    <SubCatchmentVegetationZone>
      <SubCatchmentVegetationZoneParameters>
        <TT>-0.29427463853238817</TT>
        <CFMAX>2.0361138782819248</CFMAX>
        <SP>0</SP>
        <SFCF>1.3112599421896873</SFCF>
        <CFR>9.0836493856644887E-07</CFR>
        <CWH>0.10000016945785921</CWH>
        <CFGlacier>1</CFGlacier>
        <CFSlope>1</CFSlope>
        <FC>800.12394987457856</FC>
        <LP>0.78894744167331987</LP>
        <BETA>2.357358928538293</BETA>
      </SubCatchmentVegetationZoneParameters>
    </SubCatchmentVegetationZone>
  </SubCatchment>
</Catchment>