<?xml version="1.0" encoding="utf-8"?>
<Catchment xmlns:xsi="http://www.w3.org/2001/XMLSchema-instance" xmlns:xsd="http://www.w3.org/2001/XMLSchema">
  <CatchmentParameters>
    <KSI>0.001</KSI>
    <KGmin>0.05</KGmin>
    <RangeKG>0.1</RangeKG>
    <AG>0.1</AG>
    <PERC>0.879605614546903</PERC>
    <Alpha>0</Alpha>
    <UZL>133.28102980368703</UZL>
    <K0>0.072434684828825271</K0>
    <K1>0.093542686667561131</K1>
    <K2>0.019704593502795513</K2>
    <MAXBAS>1</MAXBAS>
    <Cet>0</Cet>
    <PCALT>10</PCALT>
    <TCALT>0.6</TCALT>
    <Pelev>2541</Pelev>
    <Telev>2541</Telev>
    <PART>0.5</PART>
    <DELAY>1</DELAY>
  </CatchmentParameters>
  <VegetationZone>
    <VegetationZoneParameters>
      <TT>-0.11800596706325231</TT>
      <CFMAX>1.9818743936539627</CFMAX>
      <SP>0</SP>
      <SFCF>1.2253190986401668</SFCF>
      <CFR>1.4969406418051975E-07</CFR>
      <CWH>0.10000034019319376</CWH>
      <CFGlacier>1</CFGlacier>
      <CFSlope>1</CFSlope>
      <FC>717.73415148121273</FC>
      <LP>0.9018452709368675</LP>
      <BETA>2.4701733189329942</BETA>
    </VegetationZoneParameters>
  </VegetationZone>
  <SubCatchment>
    <SubCatchmentParameters>
      <KSI>0.001</KSI>
      <KGmin>0.05</KGmin>
      <RangeKG>0.1</RangeKG>
      <AG>0.1</AG>
      <PERC>0.879605614546903</PERC>
      <Alpha>0</Alpha>
      <UZL>133.28102980368703</UZL>
      <K0>0.072434684828825271</K0>
      <K1>0.093542686667561131</K1>
      <K2>0.019704593502795513</K2>
      <MAXBAS>1</MAXBAS>
      <Cet>0</Cet>
      <PCALT>10</PCALT>
      <TCALT>0.6</TCALT>
      <Pelev>2541</Pelev>
      <Telev>2541</Telev>
      <PART>0.5</PART>
      <DELAY>1</DELAY>
    </SubCatchmentParameters>
    <SubCatchmentVegetationZone>
      <SubCatchmentVegetationZoneParameters>
        <TT>-0.11800596706325231</TT>
        <CFMAX>1.9818743936539627</CFMAX>
        <SP>0</SP>
        <SFCF>1.2253190986401668</SFCF>
        <CFR>1.4969406418051975E-07</CFR>
        <CWH>0.10000034019319376</CWH>
        <CFGlacier>1</CFGlacier>
        <CFSlope>1</CFSlope>
        <FC>717.73415148121273</FC>
        <LP>0.9018452709368675</LP>
        <BETA>2.4701733189329942</BETA>
      </SubCatchmentVegetationZoneParameters>
    </SubCatchmentVegetationZone>
  </SubCatchment>
</Catchment>