<?xml version="1.0" encoding="utf-8"?>
<Catchment xmlns:xsi="http://www.w3.org/2001/XMLSchema-instance" xmlns:xsd="http://www.w3.org/2001/XMLSchema">
  <CatchmentParameters>
    <KSI>0.001</KSI>
    <KGmin>0.05</KGmin>
    <RangeKG>0.1</RangeKG>
    <AG>0.1</AG>
    <PERC>9.9995204402313078</PERC>
    <Alpha>0</Alpha>
    <UZL>92.092212909551534</UZL>
    <K0>0.22145401543785509</K0>
    <K1>0.40784391236786854</K1>
    <K2>0.098724880321281114</K2>
    <MAXBAS>2.4999817905514576</MAXBAS>
    <Cet>0</Cet>
    <PCALT>10</PCALT>
    <TCALT>0.6</TCALT>
    <Pelev>2541</Pelev>
    <Telev>2541</Telev>
    <PART>0.5</PART>
    <DELAY>1</DELAY>
  </CatchmentParameters>
  <VegetationZone>
    <VegetationZoneParameters>
      <TT>-0.30678421074127826</TT>
      <CFMAX>1.379510418142746</CFMAX>
      <SP>0</SP>
      <SFCF>1.0267598037605072</SFCF>
      <CFR>0.099997433642551425</CFR>
      <CWH>0.10000004756256049</CWH>
      <CFGlacier>1</CFGlacier>
      <CFSlope>1</CFSlope>
      <FC>315.7600426207951</FC>
      <LP>0.30000653060513865</LP>
      <BETA>1.9208915913589133</BETA>
    </VegetationZoneParameters>
  </VegetationZone>
  <SubCatchment>
    <SubCatchmentParameters>
      <KSI>0.001</KSI>
      <KGmin>0.05</KGmin>
      <RangeKG>0.1</RangeKG>
      <AG>0.1</AG>
      <PERC>9.9995204402313078</PERC>
      <Alpha>0</Alpha>
      <UZL>92.092212909551534</UZL>
      <K0>0.22145401543785509</K0>
      <K1>0.40784391236786854</K1>
      <K2>0.098724880321281114</K2>
      <MAXBAS>2.4999817905514576</MAXBAS>
      <Cet>0</Cet>
      <PCALT>10</PCALT>
      <TCALT>0.6</TCALT>
      <Pelev>2541</Pelev>
      <Telev>2541</Telev>
      <PART>0.5</PART>
      <DELAY>1</DELAY>
    </SubCatchmentParameters>
    <SubCatchmentVegetationZone>
      <SubCatchmentVegetationZoneParameters>
        <TT>-0.30678421074127826</TT>
        <CFMAX>1.379510418142746</CFMAX>
        <SP>0</SP>
        <SFCF>1.0267598037605072</SFCF>
        <CFR>0.099997433642551425</CFR>
        <CWH>0.10000004756256049</CWH>
        <CFGlacier>1</CFGlacier>
        <CFSlope>1</CFSlope>
        <FC>315.7600426207951</FC>
        <LP>0.30000653060513865</LP>
        <BETA>1.9208915913589133</BETA>
      </SubCatchmentVegetationZoneParameters>
    </SubCatchmentVegetationZone>
  </SubCatchment>
</Catchment>