<?xml version="1.0" encoding="utf-8"?>
<Catchment xmlns:xsi="http://www.w3.org/2001/XMLSchema-instance" xmlns:xsd="http://www.w3.org/2001/XMLSchema">
  <CatchmentParameters>
    <KSI>0.001</KSI>
    <KGmin>0.05</KGmin>
    <RangeKG>0.1</RangeKG>
    <AG>0.1</AG>
    <PERC>1.3471742022514055</PERC>
    <Alpha>0</Alpha>
    <UZL>92.192637788279541</UZL>
    <K0>0.050877818798074195</K0>
    <K1>0.074838472123814975</K1>
    <K2>0.02305759197129376</K2>
    <MAXBAS>1</MAXBAS>
    <Cet>0</Cet>
    <PCALT>10</PCALT>
    <TCALT>0.6</TCALT>
    <Pelev>2541</Pelev>
    <Telev>2541</Telev>
    <PART>0.5</PART>
    <DELAY>1</DELAY>
  </CatchmentParameters>
  <VegetationZone>
    <VegetationZoneParameters>
      <TT>0.028822069136076697</TT>
      <CFMAX>2.393081932508299</CFMAX>
      <SP>0</SP>
      <SFCF>1.3009329252620185</SFCF>
      <CFR>2.6983138173434021E-06</CFR>
      <CWH>0.10000000013258083</CWH>
      <CFGlacier>1</CFGlacier>
      <CFSlope>1</CFSlope>
      <FC>919.68805670491872</FC>
      <LP>0.82996690423323427</LP>
      <BETA>2.289427613244881</BETA>
    </VegetationZoneParameters>
  </VegetationZone>
  <SubCatchment>
    <SubCatchmentParameters>
      <KSI>0.001</KSI>
      <KGmin>0.05</KGmin>
      <RangeKG>0.1</RangeKG>
      <AG>0.1</AG>
      <PERC>1.3471742022514055</PERC>
      <Alpha>0</Alpha>
      <UZL>92.192637788279541</UZL>
      <K0>0.050877818798074195</K0>
      <K1>0.074838472123814975</K1>
      <K2>0.02305759197129376</K2>
      <MAXBAS>1</MAXBAS>
      <Cet>0</Cet>
      <PCALT>10</PCALT>
      <TCALT>0.6</TCALT>
      <Pelev>2541</Pelev>
      <Telev>2541</Telev>
      <PART>0.5</PART>
      <DELAY>1</DELAY>
    </SubCatchmentParameters>
    <SubCatchmentVegetationZone>
      <SubCatchmentVegetationZoneParameters>
        <TT>0.028822069136076697</TT>
        <CFMAX>2.393081932508299</CFMAX>
        <SP>0</SP>
        <SFCF>1.3009329252620185</SFCF>
        <CFR>2.6983138173434021E-06</CFR>
        <CWH>0.10000000013258083</CWH>
        <CFGlacier>1</CFGlacier>
        <CFSlope>1</CFSlope>
        <FC>919.68805670491872</FC>
        <LP>0.82996690423323427</LP>
        <BETA>2.289427613244881</BETA>
      </SubCatchmentVegetationZoneParameters>
    </SubCatchmentVegetationZone>
  </SubCatchment>
</Catchment>