<?xml version="1.0" encoding="utf-8"?>
<Catchment xmlns:xsi="http://www.w3.org/2001/XMLSchema-instance" xmlns:xsd="http://www.w3.org/2001/XMLSchema">
  <CatchmentParameters>
    <KSI>0.001</KSI>
    <KGmin>0.05</KGmin>
    <RangeKG>0.1</RangeKG>
    <AG>0.1</AG>
    <PERC>0.78408935876213925</PERC>
    <Alpha>0</Alpha>
    <UZL>131.16005778911406</UZL>
    <K0>0.37280453187526685</K0>
    <K1>0.10636581334940264</K1>
    <K2>0.018550337802067569</K2>
    <MAXBAS>1</MAXBAS>
    <Cet>0</Cet>
    <PCALT>10</PCALT>
    <TCALT>0.6</TCALT>
    <Pelev>2541</Pelev>
    <Telev>2541</Telev>
    <PART>0.5</PART>
    <DELAY>1</DELAY>
  </CatchmentParameters>
  <VegetationZone>
    <VegetationZoneParameters>
      <TT>-0.76450376295831268</TT>
      <CFMAX>1.4887719728282689</CFMAX>
      <SP>0</SP>
      <SFCF>1.2245189798901208</SFCF>
      <CFR>1.6703673927281534E-06</CFR>
      <CWH>0.10000000260905616</CWH>
      <CFGlacier>1</CFGlacier>
      <CFSlope>1</CFSlope>
      <FC>569.922021276884</FC>
      <LP>0.716442176906872</LP>
      <BETA>1.9272883255395641</BETA>
    </VegetationZoneParameters>
  </VegetationZone>
  <SubCatchment>
    <SubCatchmentParameters>
      <KSI>0.001</KSI>
      <KGmin>0.05</KGmin>
      <RangeKG>0.1</RangeKG>
      <AG>0.1</AG>
      <PERC>0.78408935876213925</PERC>
      <Alpha>0</Alpha>
      <UZL>131.16005778911406</UZL>
      <K0>0.37280453187526685</K0>
      <K1>0.10636581334940264</K1>
      <K2>0.018550337802067569</K2>
      <MAXBAS>1</MAXBAS>
      <Cet>0</Cet>
      <PCALT>10</PCALT>
      <TCALT>0.6</TCALT>
      <Pelev>2541</Pelev>
      <Telev>2541</Telev>
      <PART>0.5</PART>
      <DELAY>1</DELAY>
    </SubCatchmentParameters>
    <SubCatchmentVegetationZone>
      <SubCatchmentVegetationZoneParameters>
        <TT>-0.76450376295831268</TT>
        <CFMAX>1.4887719728282689</CFMAX>
        <SP>0</SP>
        <SFCF>1.2245189798901208</SFCF>
        <CFR>1.6703673927281534E-06</CFR>
        <CWH>0.10000000260905616</CWH>
        <CFGlacier>1</CFGlacier>
        <CFSlope>1</CFSlope>
        <FC>569.922021276884</FC>
        <LP>0.716442176906872</LP>
        <BETA>1.9272883255395641</BETA>
      </SubCatchmentVegetationZoneParameters>
    </SubCatchmentVegetationZone>
  </SubCatchment>
</Catchment>