<?xml version="1.0" encoding="utf-8"?>
<Catchment xmlns:xsi="http://www.w3.org/2001/XMLSchema-instance" xmlns:xsd="http://www.w3.org/2001/XMLSchema">
  <CatchmentParameters>
    <KSI>0.001</KSI>
    <KGmin>0.05</KGmin>
    <RangeKG>0.1</RangeKG>
    <AG>0.1</AG>
    <PERC>8.8506541427455083</PERC>
    <Alpha>0</Alpha>
    <UZL>112.33777819172612</UZL>
    <K0>0.41131824251952503</K0>
    <K1>0.35119642865727158</K1>
    <K2>0.088585909279527392</K2>
    <MAXBAS>2.4999972238591894</MAXBAS>
    <Cet>0</Cet>
    <PCALT>10</PCALT>
    <TCALT>0.6</TCALT>
    <Pelev>2541</Pelev>
    <Telev>2541</Telev>
    <PART>0.5</PART>
    <DELAY>1</DELAY>
  </CatchmentParameters>
  <VegetationZone>
    <VegetationZoneParameters>
      <TT>-0.29426096963981518</TT>
      <CFMAX>1.2883079424320674</CFMAX>
      <SP>0</SP>
      <SFCF>0.98102898004826655</SFCF>
      <CFR>0.099998820228397123</CFR>
      <CWH>0.10000003699723485</CWH>
      <CFGlacier>1</CFGlacier>
      <CFSlope>1</CFSlope>
      <FC>282.10130028212217</FC>
      <LP>0.30000182969255451</LP>
      <BETA>2.1336529955312691</BETA>
    </VegetationZoneParameters>
  </VegetationZone>
  <SubCatchment>
    <SubCatchmentParameters>
      <KSI>0.001</KSI>
      <KGmin>0.05</KGmin>
      <RangeKG>0.1</RangeKG>
      <AG>0.1</AG>
      <PERC>8.8506541427455083</PERC>
      <Alpha>0</Alpha>
      <UZL>112.33777819172612</UZL>
      <K0>0.41131824251952503</K0>
      <K1>0.35119642865727158</K1>
      <K2>0.088585909279527392</K2>
      <MAXBAS>2.4999972238591894</MAXBAS>
      <Cet>0</Cet>
      <PCALT>10</PCALT>
      <TCALT>0.6</TCALT>
      <Pelev>2541</Pelev>
      <Telev>2541</Telev>
      <PART>0.5</PART>
      <DELAY>1</DELAY>
    </SubCatchmentParameters>
    <SubCatchmentVegetationZone>
      <SubCatchmentVegetationZoneParameters>
        <TT>-0.29426096963981518</TT>
        <CFMAX>1.2883079424320674</CFMAX>
        <SP>0</SP>
        <SFCF>0.98102898004826655</SFCF>
        <CFR>0.099998820228397123</CFR>
        <CWH>0.10000003699723485</CWH>
        <CFGlacier>1</CFGlacier>
        <CFSlope>1</CFSlope>
        <FC>282.10130028212217</FC>
        <LP>0.30000182969255451</LP>
        <BETA>2.1336529955312691</BETA>
      </SubCatchmentVegetationZoneParameters>
    </SubCatchmentVegetationZone>
  </SubCatchment>
</Catchment>