<?xml version="1.0" encoding="utf-8"?>
<Catchment xmlns:xsi="http://www.w3.org/2001/XMLSchema-instance" xmlns:xsd="http://www.w3.org/2001/XMLSchema">
  <CatchmentParameters>
    <KSI>0.001</KSI>
    <KGmin>0.05</KGmin>
    <RangeKG>0.1</RangeKG>
    <AG>0.1</AG>
    <PERC>1.0248277332471643</PERC>
    <Alpha>0</Alpha>
    <UZL>100.10138645761255</UZL>
    <K0>0.3902070352515144</K0>
    <K1>0.11194278382816254</K1>
    <K2>0.021014257338389995</K2>
    <MAXBAS>1</MAXBAS>
    <Cet>0</Cet>
    <PCALT>10</PCALT>
    <TCALT>0.6</TCALT>
    <Pelev>2541</Pelev>
    <Telev>2541</Telev>
    <PART>0.5</PART>
    <DELAY>1</DELAY>
  </CatchmentParameters>
  <VegetationZone>
    <VegetationZoneParameters>
      <TT>-0.93685034629968611</TT>
      <CFMAX>1.3494800864174776</CFMAX>
      <SP>0</SP>
      <SFCF>1.2030574591862238</SFCF>
      <CFR>0.039017710917666149</CFR>
      <CWH>0.10000000014920356</CWH>
      <CFGlacier>1</CFGlacier>
      <CFSlope>1</CFSlope>
      <FC>595.64493648569157</FC>
      <LP>0.88583062471575791</LP>
      <BETA>2.5645452926126215</BETA>
    </VegetationZoneParameters>
  </VegetationZone>
  <SubCatchment>
    <SubCatchmentParameters>
      <KSI>0.001</KSI>
      <KGmin>0.05</KGmin>
      <RangeKG>0.1</RangeKG>
      <AG>0.1</AG>
      <PERC>1.0248277332471643</PERC>
      <Alpha>0</Alpha>
      <UZL>100.10138645761255</UZL>
      <K0>0.3902070352515144</K0>
      <K1>0.11194278382816254</K1>
      <K2>0.021014257338389995</K2>
      <MAXBAS>1</MAXBAS>
      <Cet>0</Cet>
      <PCALT>10</PCALT>
      <TCALT>0.6</TCALT>
      <Pelev>2541</Pelev>
      <Telev>2541</Telev>
      <PART>0.5</PART>
      <DELAY>1</DELAY>
    </SubCatchmentParameters>
    <SubCatchmentVegetationZone>
      <SubCatchmentVegetationZoneParameters>
        <TT>-0.93685034629968611</TT>
        <CFMAX>1.3494800864174776</CFMAX>
        <SP>0</SP>
        <SFCF>1.2030574591862238</SFCF>
        <CFR>0.039017710917666149</CFR>
        <CWH>0.10000000014920356</CWH>
        <CFGlacier>1</CFGlacier>
        <CFSlope>1</CFSlope>
        <FC>595.64493648569157</FC>
        <LP>0.88583062471575791</LP>
        <BETA>2.5645452926126215</BETA>
      </SubCatchmentVegetationZoneParameters>
    </SubCatchmentVegetationZone>
  </SubCatchment>
</Catchment>