<?xml version="1.0" encoding="utf-8"?>
<Catchment xmlns:xsi="http://www.w3.org/2001/XMLSchema-instance" xmlns:xsd="http://www.w3.org/2001/XMLSchema">
  <CatchmentParameters>
    <KSI>0.001</KSI>
    <KGmin>0.05</KGmin>
    <RangeKG>0.1</RangeKG>
    <AG>0.1</AG>
    <PERC>1.3042990495726829</PERC>
    <Alpha>0</Alpha>
    <UZL>138.56743751001298</UZL>
    <K0>0.28161808914461411</K0>
    <K1>0.085973132294869761</K1>
    <K2>0.022790238882053462</K2>
    <MAXBAS>1</MAXBAS>
    <Cet>0</Cet>
    <PCALT>10</PCALT>
    <TCALT>0.6</TCALT>
    <Pelev>2541</Pelev>
    <Telev>2541</Telev>
    <PART>0.5</PART>
    <DELAY>1</DELAY>
  </CatchmentParameters>
  <VegetationZone>
    <VegetationZoneParameters>
      <TT>-0.13508360054551102</TT>
      <CFMAX>2.4448102836904226</CFMAX>
      <SP>0</SP>
      <SFCF>1.3813317820279456</SFCF>
      <CFR>1.2561838121623548E-07</CFR>
      <CWH>0.10000000018421042</CWH>
      <CFGlacier>1</CFGlacier>
      <CFSlope>1</CFSlope>
      <FC>1217.0218852256878</FC>
      <LP>0.84145640277929035</LP>
      <BETA>2.833722907189328</BETA>
    </VegetationZoneParameters>
  </VegetationZone>
  <SubCatchment>
    <SubCatchmentParameters>
      <KSI>0.001</KSI>
      <KGmin>0.05</KGmin>
      <RangeKG>0.1</RangeKG>
      <AG>0.1</AG>
      <PERC>1.3042990495726829</PERC>
      <Alpha>0</Alpha>
      <UZL>138.56743751001298</UZL>
      <K0>0.28161808914461411</K0>
      <K1>0.085973132294869761</K1>
      <K2>0.022790238882053462</K2>
      <MAXBAS>1</MAXBAS>
      <Cet>0</Cet>
      <PCALT>10</PCALT>
      <TCALT>0.6</TCALT>
      <Pelev>2541</Pelev>
      <Telev>2541</Telev>
      <PART>0.5</PART>
      <DELAY>1</DELAY>
    </SubCatchmentParameters>
    <SubCatchmentVegetationZone>
      <SubCatchmentVegetationZoneParameters>
        <TT>-0.13508360054551102</TT>
        <CFMAX>2.4448102836904226</CFMAX>
        <SP>0</SP>
        <SFCF>1.3813317820279456</SFCF>
        <CFR>1.2561838121623548E-07</CFR>
        <CWH>0.10000000018421042</CWH>
        <CFGlacier>1</CFGlacier>
        <CFSlope>1</CFSlope>
        <FC>1217.0218852256878</FC>
        <LP>0.84145640277929035</LP>
        <BETA>2.833722907189328</BETA>
      </SubCatchmentVegetationZoneParameters>
    </SubCatchmentVegetationZone>
  </SubCatchment>
</Catchment>