<?xml version="1.0" encoding="utf-8"?>
<Catchment xmlns:xsi="http://www.w3.org/2001/XMLSchema-instance" xmlns:xsd="http://www.w3.org/2001/XMLSchema">
  <CatchmentParameters>
    <KSI>0.001</KSI>
    <KGmin>0.05</KGmin>
    <RangeKG>0.1</RangeKG>
    <AG>0.1</AG>
    <PERC>9.7893418086568165</PERC>
    <Alpha>0</Alpha>
    <UZL>96.501520559090707</UZL>
    <K0>0.54352805949624372</K0>
    <K1>0.42267100522733375</K1>
    <K2>0.10466750307656979</K2>
    <MAXBAS>2.4999926490451045</MAXBAS>
    <Cet>0</Cet>
    <PCALT>10</PCALT>
    <TCALT>0.6</TCALT>
    <Pelev>2541</Pelev>
    <Telev>2541</Telev>
    <PART>0.5</PART>
    <DELAY>1</DELAY>
  </CatchmentParameters>
  <VegetationZone>
    <VegetationZoneParameters>
      <TT>-0.30803227659324045</TT>
      <CFMAX>1.2215020808185271</CFMAX>
      <SP>0</SP>
      <SFCF>0.94991685369986778</SFCF>
      <CFR>0.099996487575290241</CFR>
      <CWH>0.10000023301267329</CWH>
      <CFGlacier>1</CFGlacier>
      <CFSlope>1</CFSlope>
      <FC>277.95886594067008</FC>
      <LP>0.30000043751613342</LP>
      <BETA>2.4240243118012117</BETA>
    </VegetationZoneParameters>
  </VegetationZone>
  <SubCatchment>
    <SubCatchmentParameters>
      <KSI>0.001</KSI>
      <KGmin>0.05</KGmin>
      <RangeKG>0.1</RangeKG>
      <AG>0.1</AG>
      <PERC>9.7893418086568165</PERC>
      <Alpha>0</Alpha>
      <UZL>96.501520559090707</UZL>
      <K0>0.54352805949624372</K0>
      <K1>0.42267100522733375</K1>
      <K2>0.10466750307656979</K2>
      <MAXBAS>2.4999926490451045</MAXBAS>
      <Cet>0</Cet>
      <PCALT>10</PCALT>
      <TCALT>0.6</TCALT>
      <Pelev>2541</Pelev>
      <Telev>2541</Telev>
      <PART>0.5</PART>
      <DELAY>1</DELAY>
    </SubCatchmentParameters>
    <SubCatchmentVegetationZone>
      <SubCatchmentVegetationZoneParameters>
        <TT>-0.30803227659324045</TT>
        <CFMAX>1.2215020808185271</CFMAX>
        <SP>0</SP>
        <SFCF>0.94991685369986778</SFCF>
        <CFR>0.099996487575290241</CFR>
        <CWH>0.10000023301267329</CWH>
        <CFGlacier>1</CFGlacier>
        <CFSlope>1</CFSlope>
        <FC>277.95886594067008</FC>
        <LP>0.30000043751613342</LP>
        <BETA>2.4240243118012117</BETA>
      </SubCatchmentVegetationZoneParameters>
    </SubCatchmentVegetationZone>
  </SubCatchment>
</Catchment>