<?xml version="1.0" encoding="utf-8"?>
<Catchment xmlns:xsi="http://www.w3.org/2001/XMLSchema-instance" xmlns:xsd="http://www.w3.org/2001/XMLSchema">
  <CatchmentParameters>
    <KSI>0.001</KSI>
    <KGmin>0.05</KGmin>
    <RangeKG>0.1</RangeKG>
    <AG>0.1</AG>
    <PERC>9.9999892006097237</PERC>
    <Alpha>0</Alpha>
    <UZL>137.53226807393943</UZL>
    <K0>0.54083616945149526</K0>
    <K1>0.35028893188795757</K1>
    <K2>0.068588058931525059</K2>
    <MAXBAS>2.4999925825528773</MAXBAS>
    <Cet>0</Cet>
    <PCALT>10</PCALT>
    <TCALT>0.6</TCALT>
    <Pelev>2541</Pelev>
    <Telev>2541</Telev>
    <PART>0.5</PART>
    <DELAY>1</DELAY>
  </CatchmentParameters>
  <VegetationZone>
    <VegetationZoneParameters>
      <TT>0.591451418764938</TT>
      <CFMAX>1.6023876541265023</CFMAX>
      <SP>0</SP>
      <SFCF>0.89656796533194494</SFCF>
      <CFR>2.6382560033715006E-07</CFR>
      <CWH>0.10000005832096573</CWH>
      <CFGlacier>1</CFGlacier>
      <CFSlope>1</CFSlope>
      <FC>213.18507603180609</FC>
      <LP>0.30000001694865125</LP>
      <BETA>3.0244918379261336</BETA>
    </VegetationZoneParameters>
  </VegetationZone>
  <SubCatchment>
    <SubCatchmentParameters>
      <KSI>0.001</KSI>
      <KGmin>0.05</KGmin>
      <RangeKG>0.1</RangeKG>
      <AG>0.1</AG>
      <PERC>9.9999892006097237</PERC>
      <Alpha>0</Alpha>
      <UZL>137.53226807393943</UZL>
      <K0>0.54083616945149526</K0>
      <K1>0.35028893188795757</K1>
      <K2>0.068588058931525059</K2>
      <MAXBAS>2.4999925825528773</MAXBAS>
      <Cet>0</Cet>
      <PCALT>10</PCALT>
      <TCALT>0.6</TCALT>
      <Pelev>2541</Pelev>
      <Telev>2541</Telev>
      <PART>0.5</PART>
      <DELAY>1</DELAY>
    </SubCatchmentParameters>
    <SubCatchmentVegetationZone>
      <SubCatchmentVegetationZoneParameters>
        <TT>0.591451418764938</TT>
        <CFMAX>1.6023876541265023</CFMAX>
        <SP>0</SP>
        <SFCF>0.89656796533194494</SFCF>
        <CFR>2.6382560033715006E-07</CFR>
        <CWH>0.10000005832096573</CWH>
        <CFGlacier>1</CFGlacier>
        <CFSlope>1</CFSlope>
        <FC>213.18507603180609</FC>
        <LP>0.30000001694865125</LP>
        <BETA>3.0244918379261336</BETA>
      </SubCatchmentVegetationZoneParameters>
    </SubCatchmentVegetationZone>
  </SubCatchment>
</Catchment>