<?xml version="1.0" encoding="utf-8"?>
<Catchment xmlns:xsi="http://www.w3.org/2001/XMLSchema-instance" xmlns:xsd="http://www.w3.org/2001/XMLSchema">
  <CatchmentParameters>
    <KSI>0.001</KSI>
    <KGmin>0.05</KGmin>
    <RangeKG>0.1</RangeKG>
    <AG>0.1</AG>
    <PERC>0.95115114234747722</PERC>
    <Alpha>0</Alpha>
    <UZL>119.32389834984004</UZL>
    <K0>0.239646695378143</K0>
    <K1>0.10769661257048588</K1>
    <K2>0.0238192021159136</K2>
    <MAXBAS>1</MAXBAS>
    <Cet>0</Cet>
    <PCALT>10</PCALT>
    <TCALT>0.6</TCALT>
    <Pelev>2541</Pelev>
    <Telev>2541</Telev>
    <PART>0.5</PART>
    <DELAY>1</DELAY>
  </CatchmentParameters>
  <VegetationZone>
    <VegetationZoneParameters>
      <TT>-0.93684442542775415</TT>
      <CFMAX>1.4873038311574727</CFMAX>
      <SP>0</SP>
      <SFCF>1.2846909912494426</SFCF>
      <CFR>0.0075431351426913954</CFR>
      <CWH>0.10000003171367079</CWH>
      <CFGlacier>1</CFGlacier>
      <CFSlope>1</CFSlope>
      <FC>870.6422330984675</FC>
      <LP>0.9654786344178149</LP>
      <BETA>3.1311940295737157</BETA>
    </VegetationZoneParameters>
  </VegetationZone>
  <SubCatchment>
    <SubCatchmentParameters>
      <KSI>0.001</KSI>
      <KGmin>0.05</KGmin>
      <RangeKG>0.1</RangeKG>
      <AG>0.1</AG>
      <PERC>0.95115114234747722</PERC>
      <Alpha>0</Alpha>
      <UZL>119.32389834984004</UZL>
      <K0>0.239646695378143</K0>
      <K1>0.10769661257048588</K1>
      <K2>0.0238192021159136</K2>
      <MAXBAS>1</MAXBAS>
      <Cet>0</Cet>
      <PCALT>10</PCALT>
      <TCALT>0.6</TCALT>
      <Pelev>2541</Pelev>
      <Telev>2541</Telev>
      <PART>0.5</PART>
      <DELAY>1</DELAY>
    </SubCatchmentParameters>
    <SubCatchmentVegetationZone>
      <SubCatchmentVegetationZoneParameters>
        <TT>-0.93684442542775415</TT>
        <CFMAX>1.4873038311574727</CFMAX>
        <SP>0</SP>
        <SFCF>1.2846909912494426</SFCF>
        <CFR>0.0075431351426913954</CFR>
        <CWH>0.10000003171367079</CWH>
        <CFGlacier>1</CFGlacier>
        <CFSlope>1</CFSlope>
        <FC>870.6422330984675</FC>
        <LP>0.9654786344178149</LP>
        <BETA>3.1311940295737157</BETA>
      </SubCatchmentVegetationZoneParameters>
    </SubCatchmentVegetationZone>
  </SubCatchment>
</Catchment>