<?xml version="1.0" encoding="utf-8"?>
<Catchment xmlns:xsi="http://www.w3.org/2001/XMLSchema-instance" xmlns:xsd="http://www.w3.org/2001/XMLSchema">
  <CatchmentParameters>
    <KSI>0.001</KSI>
    <KGmin>0.05</KGmin>
    <RangeKG>0.1</RangeKG>
    <AG>0.1</AG>
    <PERC>9.1596010013132609</PERC>
    <Alpha>0</Alpha>
    <UZL>120.49325692976667</UZL>
    <K0>0.42900215722643331</K0>
    <K1>0.38702092998883059</K1>
    <K2>0.09579218212282925</K2>
    <MAXBAS>2.4999852100486804</MAXBAS>
    <Cet>0</Cet>
    <PCALT>10</PCALT>
    <TCALT>0.6</TCALT>
    <Pelev>2541</Pelev>
    <Telev>2541</Telev>
    <PART>0.5</PART>
    <DELAY>1</DELAY>
  </CatchmentParameters>
  <VegetationZone>
    <VegetationZoneParameters>
      <TT>-0.075047263348496637</TT>
      <CFMAX>1.2915825615443144</CFMAX>
      <SP>0</SP>
      <SFCF>0.95468395283167762</SFCF>
      <CFR>1.0051183579660075E-06</CFR>
      <CWH>0.10000002490956114</CWH>
      <CFGlacier>1</CFGlacier>
      <CFSlope>1</CFSlope>
      <FC>275.46165368379593</FC>
      <LP>0.30000552706000694</LP>
      <BETA>2.2037671073142446</BETA>
    </VegetationZoneParameters>
  </VegetationZone>
  <SubCatchment>
    <SubCatchmentParameters>
      <KSI>0.001</KSI>
      <KGmin>0.05</KGmin>
      <RangeKG>0.1</RangeKG>
      <AG>0.1</AG>
      <PERC>9.1596010013132609</PERC>
      <Alpha>0</Alpha>
      <UZL>120.49325692976667</UZL>
      <K0>0.42900215722643331</K0>
      <K1>0.38702092998883059</K1>
      <K2>0.09579218212282925</K2>
      <MAXBAS>2.4999852100486804</MAXBAS>
      <Cet>0</Cet>
      <PCALT>10</PCALT>
      <TCALT>0.6</TCALT>
      <Pelev>2541</Pelev>
      <Telev>2541</Telev>
      <PART>0.5</PART>
      <DELAY>1</DELAY>
    </SubCatchmentParameters>
    <SubCatchmentVegetationZone>
      <SubCatchmentVegetationZoneParameters>
        <TT>-0.075047263348496637</TT>
        <CFMAX>1.2915825615443144</CFMAX>
        <SP>0</SP>
        <SFCF>0.95468395283167762</SFCF>
        <CFR>1.0051183579660075E-06</CFR>
        <CWH>0.10000002490956114</CWH>
        <CFGlacier>1</CFGlacier>
        <CFSlope>1</CFSlope>
        <FC>275.46165368379593</FC>
        <LP>0.30000552706000694</LP>
        <BETA>2.2037671073142446</BETA>
      </SubCatchmentVegetationZoneParameters>
    </SubCatchmentVegetationZone>
  </SubCatchment>
</Catchment>