<?xml version="1.0" encoding="utf-8"?>
<Catchment xmlns:xsi="http://www.w3.org/2001/XMLSchema-instance" xmlns:xsd="http://www.w3.org/2001/XMLSchema">
  <CatchmentParameters>
    <KSI>0.001</KSI>
    <KGmin>0.05</KGmin>
    <RangeKG>0.1</RangeKG>
    <AG>0.1</AG>
    <PERC>0.79897388294909155</PERC>
    <Alpha>0</Alpha>
    <UZL>111.52100240276641</UZL>
    <K0>0.57774290668061867</K0>
    <K1>0.10438721718143768</K1>
    <K2>0.017346285870620207</K2>
    <MAXBAS>1</MAXBAS>
    <Cet>0</Cet>
    <PCALT>10</PCALT>
    <TCALT>0.6</TCALT>
    <Pelev>2541</Pelev>
    <Telev>2541</Telev>
    <PART>0.5</PART>
    <DELAY>1</DELAY>
  </CatchmentParameters>
  <VegetationZone>
    <VegetationZoneParameters>
      <TT>-0.42848284580590995</TT>
      <CFMAX>1.4879081634258604</CFMAX>
      <SP>0</SP>
      <SFCF>1.1174185963631411</SFCF>
      <CFR>0.016553421352243226</CFR>
      <CWH>0.10000026449278175</CWH>
      <CFGlacier>1</CFGlacier>
      <CFSlope>1</CFSlope>
      <FC>466.40095579004793</FC>
      <LP>0.81716118119994274</LP>
      <BETA>2.0556969937893497</BETA>
    </VegetationZoneParameters>
  </VegetationZone>
  <SubCatchment>
    <SubCatchmentParameters>
      <KSI>0.001</KSI>
      <KGmin>0.05</KGmin>
      <RangeKG>0.1</RangeKG>
      <AG>0.1</AG>
      <PERC>0.79897388294909155</PERC>
      <Alpha>0</Alpha>
      <UZL>111.52100240276641</UZL>
      <K0>0.57774290668061867</K0>
      <K1>0.10438721718143768</K1>
      <K2>0.017346285870620207</K2>
      <MAXBAS>1</MAXBAS>
      <Cet>0</Cet>
      <PCALT>10</PCALT>
      <TCALT>0.6</TCALT>
      <Pelev>2541</Pelev>
      <Telev>2541</Telev>
      <PART>0.5</PART>
      <DELAY>1</DELAY>
    </SubCatchmentParameters>
    <SubCatchmentVegetationZone>
      <SubCatchmentVegetationZoneParameters>
        <TT>-0.42848284580590995</TT>
        <CFMAX>1.4879081634258604</CFMAX>
        <SP>0</SP>
        <SFCF>1.1174185963631411</SFCF>
        <CFR>0.016553421352243226</CFR>
        <CWH>0.10000026449278175</CWH>
        <CFGlacier>1</CFGlacier>
        <CFSlope>1</CFSlope>
        <FC>466.40095579004793</FC>
        <LP>0.81716118119994274</LP>
        <BETA>2.0556969937893497</BETA>
      </SubCatchmentVegetationZoneParameters>
    </SubCatchmentVegetationZone>
  </SubCatchment>
</Catchment>