<?xml version="1.0" encoding="utf-8"?>
<Catchment xmlns:xsi="http://www.w3.org/2001/XMLSchema-instance" xmlns:xsd="http://www.w3.org/2001/XMLSchema">
  <CatchmentParameters>
    <KSI>0.001</KSI>
    <KGmin>0.05</KGmin>
    <RangeKG>0.1</RangeKG>
    <AG>0.1</AG>
    <PERC>8.7469514975478049</PERC>
    <Alpha>0</Alpha>
    <UZL>128.26463762051418</UZL>
    <K0>0.27865281398251607</K0>
    <K1>0.40625653088689012</K1>
    <K2>0.11223440993280859</K2>
    <MAXBAS>1.8563032568728668</MAXBAS>
    <Cet>0</Cet>
    <PCALT>10</PCALT>
    <TCALT>0.6</TCALT>
    <Pelev>2541</Pelev>
    <Telev>2541</Telev>
    <PART>0.5</PART>
    <DELAY>1</DELAY>
  </CatchmentParameters>
  <VegetationZone>
    <VegetationZoneParameters>
      <TT>-1.7540148730254761</TT>
      <CFMAX>1.0560688346374738</CFMAX>
      <SP>0</SP>
      <SFCF>1.3077189030499339</SFCF>
      <CFR>0.099999999038142551</CFR>
      <CWH>0.13992897489069958</CWH>
      <CFGlacier>1</CFGlacier>
      <CFSlope>1</CFSlope>
      <FC>631.609283595097</FC>
      <LP>0.73265922659574</LP>
      <BETA>2.6378933590093907</BETA>
    </VegetationZoneParameters>
  </VegetationZone>
  <SubCatchment>
    <SubCatchmentParameters>
      <KSI>0.001</KSI>
      <KGmin>0.05</KGmin>
      <RangeKG>0.1</RangeKG>
      <AG>0.1</AG>
      <PERC>8.7469514975478049</PERC>
      <Alpha>0</Alpha>
      <UZL>128.26463762051418</UZL>
      <K0>0.27865281398251607</K0>
      <K1>0.40625653088689012</K1>
      <K2>0.11223440993280859</K2>
      <MAXBAS>1.8563032568728668</MAXBAS>
      <Cet>0</Cet>
      <PCALT>10</PCALT>
      <TCALT>0.6</TCALT>
      <Pelev>2541</Pelev>
      <Telev>2541</Telev>
      <PART>0.5</PART>
      <DELAY>1</DELAY>
    </SubCatchmentParameters>
    <SubCatchmentVegetationZone>
      <SubCatchmentVegetationZoneParameters>
        <TT>-1.7540148730254761</TT>
        <CFMAX>1.0560688346374738</CFMAX>
        <SP>0</SP>
        <SFCF>1.3077189030499339</SFCF>
        <CFR>0.099999999038142551</CFR>
        <CWH>0.13992897489069958</CWH>
        <CFGlacier>1</CFGlacier>
        <CFSlope>1</CFSlope>
        <FC>631.609283595097</FC>
        <LP>0.73265922659574</LP>
        <BETA>2.6378933590093907</BETA>
      </SubCatchmentVegetationZoneParameters>
    </SubCatchmentVegetationZone>
  </SubCatchment>
</Catchment>