<?xml version="1.0" encoding="utf-8"?>
<Catchment xmlns:xsi="http://www.w3.org/2001/XMLSchema-instance" xmlns:xsd="http://www.w3.org/2001/XMLSchema">
  <CatchmentParameters>
    <KSI>0.001</KSI>
    <KGmin>0.05</KGmin>
    <RangeKG>0.1</RangeKG>
    <AG>0.1</AG>
    <PERC>1.0404971904601994</PERC>
    <Alpha>0</Alpha>
    <UZL>127.19367204343864</UZL>
    <K0>0.47977308210576725</K0>
    <K1>0.099001183394852241</K1>
    <K2>0.021186170695851356</K2>
    <MAXBAS>1</MAXBAS>
    <Cet>0</Cet>
    <PCALT>10</PCALT>
    <TCALT>0.6</TCALT>
    <Pelev>2541</Pelev>
    <Telev>2541</Telev>
    <PART>0.5</PART>
    <DELAY>1</DELAY>
  </CatchmentParameters>
  <VegetationZone>
    <VegetationZoneParameters>
      <TT>-0.31796365715792657</TT>
      <CFMAX>2.1533845684837538</CFMAX>
      <SP>0</SP>
      <SFCF>1.3977912447890728</SFCF>
      <CFR>1.4454029967017207E-07</CFR>
      <CWH>0.10000000075792162</CWH>
      <CFGlacier>1</CFGlacier>
      <CFSlope>1</CFSlope>
      <FC>1063.2224904445461</FC>
      <LP>0.74970906906871926</LP>
      <BETA>2.4758985937956166</BETA>
    </VegetationZoneParameters>
  </VegetationZone>
  <SubCatchment>
    <SubCatchmentParameters>
      <KSI>0.001</KSI>
      <KGmin>0.05</KGmin>
      <RangeKG>0.1</RangeKG>
      <AG>0.1</AG>
      <PERC>1.0404971904601994</PERC>
      <Alpha>0</Alpha>
      <UZL>127.19367204343864</UZL>
      <K0>0.47977308210576725</K0>
      <K1>0.099001183394852241</K1>
      <K2>0.021186170695851356</K2>
      <MAXBAS>1</MAXBAS>
      <Cet>0</Cet>
      <PCALT>10</PCALT>
      <TCALT>0.6</TCALT>
      <Pelev>2541</Pelev>
      <Telev>2541</Telev>
      <PART>0.5</PART>
      <DELAY>1</DELAY>
    </SubCatchmentParameters>
    <SubCatchmentVegetationZone>
      <SubCatchmentVegetationZoneParameters>
        <TT>-0.31796365715792657</TT>
        <CFMAX>2.1533845684837538</CFMAX>
        <SP>0</SP>
        <SFCF>1.3977912447890728</SFCF>
        <CFR>1.4454029967017207E-07</CFR>
        <CWH>0.10000000075792162</CWH>
        <CFGlacier>1</CFGlacier>
        <CFSlope>1</CFSlope>
        <FC>1063.2224904445461</FC>
        <LP>0.74970906906871926</LP>
        <BETA>2.4758985937956166</BETA>
      </SubCatchmentVegetationZoneParameters>
    </SubCatchmentVegetationZone>
  </SubCatchment>
</Catchment>