<?xml version="1.0" encoding="utf-8"?>
<Catchment xmlns:xsi="http://www.w3.org/2001/XMLSchema-instance" xmlns:xsd="http://www.w3.org/2001/XMLSchema">
  <CatchmentParameters>
    <KSI>0.001</KSI>
    <KGmin>0.05</KGmin>
    <RangeKG>0.1</RangeKG>
    <AG>0.1</AG>
    <PERC>0.97903369028678777</PERC>
    <Alpha>0</Alpha>
    <UZL>127.91202089851436</UZL>
    <K0>0.54005507659318541</K0>
    <K1>0.096472622725346985</K1>
    <K2>0.020688806357746465</K2>
    <MAXBAS>1</MAXBAS>
    <Cet>0</Cet>
    <PCALT>10</PCALT>
    <TCALT>0.6</TCALT>
    <Pelev>2541</Pelev>
    <Telev>2541</Telev>
    <PART>0.5</PART>
    <DELAY>1</DELAY>
  </CatchmentParameters>
  <VegetationZone>
    <VegetationZoneParameters>
      <TT>-0.30035358165375287</TT>
      <CFMAX>2.0893847129196872</CFMAX>
      <SP>0</SP>
      <SFCF>1.3351049679090077</SFCF>
      <CFR>1.8678584527608121E-07</CFR>
      <CWH>0.10000020052086589</CWH>
      <CFGlacier>1</CFGlacier>
      <CFSlope>1</CFSlope>
      <FC>1020.2090501339396</FC>
      <LP>0.88312009031367211</LP>
      <BETA>2.8855287430276024</BETA>
    </VegetationZoneParameters>
  </VegetationZone>
  <SubCatchment>
    <SubCatchmentParameters>
      <KSI>0.001</KSI>
      <KGmin>0.05</KGmin>
      <RangeKG>0.1</RangeKG>
      <AG>0.1</AG>
      <PERC>0.97903369028678777</PERC>
      <Alpha>0</Alpha>
      <UZL>127.91202089851436</UZL>
      <K0>0.54005507659318541</K0>
      <K1>0.096472622725346985</K1>
      <K2>0.020688806357746465</K2>
      <MAXBAS>1</MAXBAS>
      <Cet>0</Cet>
      <PCALT>10</PCALT>
      <TCALT>0.6</TCALT>
      <Pelev>2541</Pelev>
      <Telev>2541</Telev>
      <PART>0.5</PART>
      <DELAY>1</DELAY>
    </SubCatchmentParameters>
    <SubCatchmentVegetationZone>
      <SubCatchmentVegetationZoneParameters>
        <TT>-0.30035358165375287</TT>
        <CFMAX>2.0893847129196872</CFMAX>
        <SP>0</SP>
        <SFCF>1.3351049679090077</SFCF>
        <CFR>1.8678584527608121E-07</CFR>
        <CWH>0.10000020052086589</CWH>
        <CFGlacier>1</CFGlacier>
        <CFSlope>1</CFSlope>
        <FC>1020.2090501339396</FC>
        <LP>0.88312009031367211</LP>
        <BETA>2.8855287430276024</BETA>
      </SubCatchmentVegetationZoneParameters>
    </SubCatchmentVegetationZone>
  </SubCatchment>
</Catchment>