<?xml version="1.0" encoding="utf-8"?>
<Catchment xmlns:xsi="http://www.w3.org/2001/XMLSchema-instance" xmlns:xsd="http://www.w3.org/2001/XMLSchema">
  <CatchmentParameters>
    <KSI>0.001</KSI>
    <KGmin>0.05</KGmin>
    <RangeKG>0.1</RangeKG>
    <AG>0.1</AG>
    <PERC>0.84858509312191976</PERC>
    <Alpha>0</Alpha>
    <UZL>179.43738970700497</UZL>
    <K0>0.59562604880157433</K0>
    <K1>0.087705158515888337</K1>
    <K2>0.019850728235689424</K2>
    <MAXBAS>1</MAXBAS>
    <Cet>0</Cet>
    <PCALT>10</PCALT>
    <TCALT>0.6</TCALT>
    <Pelev>2541</Pelev>
    <Telev>2541</Telev>
    <PART>0.5</PART>
    <DELAY>1</DELAY>
  </CatchmentParameters>
  <VegetationZone>
    <VegetationZoneParameters>
      <TT>-0.078918385421032147</TT>
      <CFMAX>2.1798891500024804</CFMAX>
      <SP>0</SP>
      <SFCF>1.3163645374073087</SFCF>
      <CFR>1.4151737198766822E-07</CFR>
      <CWH>0.10000020607799956</CWH>
      <CFGlacier>1</CFGlacier>
      <CFSlope>1</CFSlope>
      <FC>931.31469497001012</FC>
      <LP>0.81380269351497936</LP>
      <BETA>2.3543246577490025</BETA>
    </VegetationZoneParameters>
  </VegetationZone>
  <SubCatchment>
    <SubCatchmentParameters>
      <KSI>0.001</KSI>
      <KGmin>0.05</KGmin>
      <RangeKG>0.1</RangeKG>
      <AG>0.1</AG>
      <PERC>0.84858509312191976</PERC>
      <Alpha>0</Alpha>
      <UZL>179.43738970700497</UZL>
      <K0>0.59562604880157433</K0>
      <K1>0.087705158515888337</K1>
      <K2>0.019850728235689424</K2>
      <MAXBAS>1</MAXBAS>
      <Cet>0</Cet>
      <PCALT>10</PCALT>
      <TCALT>0.6</TCALT>
      <Pelev>2541</Pelev>
      <Telev>2541</Telev>
      <PART>0.5</PART>
      <DELAY>1</DELAY>
    </SubCatchmentParameters>
    <SubCatchmentVegetationZone>
      <SubCatchmentVegetationZoneParameters>
        <TT>-0.078918385421032147</TT>
        <CFMAX>2.1798891500024804</CFMAX>
        <SP>0</SP>
        <SFCF>1.3163645374073087</SFCF>
        <CFR>1.4151737198766822E-07</CFR>
        <CWH>0.10000020607799956</CWH>
        <CFGlacier>1</CFGlacier>
        <CFSlope>1</CFSlope>
        <FC>931.31469497001012</FC>
        <LP>0.81380269351497936</LP>
        <BETA>2.3543246577490025</BETA>
      </SubCatchmentVegetationZoneParameters>
    </SubCatchmentVegetationZone>
  </SubCatchment>
</Catchment>