<?xml version="1.0" encoding="utf-8"?>
<Catchment xmlns:xsi="http://www.w3.org/2001/XMLSchema-instance" xmlns:xsd="http://www.w3.org/2001/XMLSchema">
  <CatchmentParameters>
    <KSI>0.001</KSI>
    <KGmin>0.05</KGmin>
    <RangeKG>0.1</RangeKG>
    <AG>0.1</AG>
    <PERC>0.85227941494639781</PERC>
    <Alpha>0</Alpha>
    <UZL>173.90087976204566</UZL>
    <K0>0.12596499376009118</K0>
    <K1>0.072618768300001912</K1>
    <K2>0.020091610340072844</K2>
    <MAXBAS>1</MAXBAS>
    <Cet>0</Cet>
    <PCALT>10</PCALT>
    <TCALT>0.6</TCALT>
    <Pelev>2541</Pelev>
    <Telev>2541</Telev>
    <PART>0.5</PART>
    <DELAY>1</DELAY>
  </CatchmentParameters>
  <VegetationZone>
    <VegetationZoneParameters>
      <TT>0.16607096705145605</TT>
      <CFMAX>2.7485564076513755</CFMAX>
      <SP>0</SP>
      <SFCF>1.382717747613172</SFCF>
      <CFR>1.5173766029200819E-07</CFR>
      <CWH>0.10000008201253595</CWH>
      <CFGlacier>1</CFGlacier>
      <CFSlope>1</CFSlope>
      <FC>1115.8001151080011</FC>
      <LP>0.74760468619748344</LP>
      <BETA>2.407006152282289</BETA>
    </VegetationZoneParameters>
  </VegetationZone>
  <SubCatchment>
    <SubCatchmentParameters>
      <KSI>0.001</KSI>
      <KGmin>0.05</KGmin>
      <RangeKG>0.1</RangeKG>
      <AG>0.1</AG>
      <PERC>0.85227941494639781</PERC>
      <Alpha>0</Alpha>
      <UZL>173.90087976204566</UZL>
      <K0>0.12596499376009118</K0>
      <K1>0.072618768300001912</K1>
      <K2>0.020091610340072844</K2>
      <MAXBAS>1</MAXBAS>
      <Cet>0</Cet>
      <PCALT>10</PCALT>
      <TCALT>0.6</TCALT>
      <Pelev>2541</Pelev>
      <Telev>2541</Telev>
      <PART>0.5</PART>
      <DELAY>1</DELAY>
    </SubCatchmentParameters>
    <SubCatchmentVegetationZone>
      <SubCatchmentVegetationZoneParameters>
        <TT>0.16607096705145605</TT>
        <CFMAX>2.7485564076513755</CFMAX>
        <SP>0</SP>
        <SFCF>1.382717747613172</SFCF>
        <CFR>1.5173766029200819E-07</CFR>
        <CWH>0.10000008201253595</CWH>
        <CFGlacier>1</CFGlacier>
        <CFSlope>1</CFSlope>
        <FC>1115.8001151080011</FC>
        <LP>0.74760468619748344</LP>
        <BETA>2.407006152282289</BETA>
      </SubCatchmentVegetationZoneParameters>
    </SubCatchmentVegetationZone>
  </SubCatchment>
</Catchment>