<?xml version="1.0" encoding="utf-8"?>
<Catchment xmlns:xsi="http://www.w3.org/2001/XMLSchema-instance" xmlns:xsd="http://www.w3.org/2001/XMLSchema">
  <CatchmentParameters>
    <KSI>0.001</KSI>
    <KGmin>0.05</KGmin>
    <RangeKG>0.1</RangeKG>
    <AG>0.1</AG>
    <PERC>1.071070641298844</PERC>
    <Alpha>0</Alpha>
    <UZL>100.32357566952098</UZL>
    <K0>0.59454838314057423</K0>
    <K1>0.10381309223412311</K1>
    <K2>0.02142796493120554</K2>
    <MAXBAS>1</MAXBAS>
    <Cet>0</Cet>
    <PCALT>10</PCALT>
    <TCALT>0.6</TCALT>
    <Pelev>2541</Pelev>
    <Telev>2541</Telev>
    <PART>0.5</PART>
    <DELAY>1</DELAY>
  </CatchmentParameters>
  <VegetationZone>
    <VegetationZoneParameters>
      <TT>-0.47204898909801268</TT>
      <CFMAX>1.8107573418047813</CFMAX>
      <SP>0</SP>
      <SFCF>1.2847737699030755</SFCF>
      <CFR>2.4624753613521312E-07</CFR>
      <CWH>0.1000000002255465</CWH>
      <CFGlacier>1</CFGlacier>
      <CFSlope>1</CFSlope>
      <FC>906.0547999513775</FC>
      <LP>0.925453601564922</LP>
      <BETA>2.8675831475207048</BETA>
    </VegetationZoneParameters>
  </VegetationZone>
  <SubCatchment>
    <SubCatchmentParameters>
      <KSI>0.001</KSI>
      <KGmin>0.05</KGmin>
      <RangeKG>0.1</RangeKG>
      <AG>0.1</AG>
      <PERC>1.071070641298844</PERC>
      <Alpha>0</Alpha>
      <UZL>100.32357566952098</UZL>
      <K0>0.59454838314057423</K0>
      <K1>0.10381309223412311</K1>
      <K2>0.02142796493120554</K2>
      <MAXBAS>1</MAXBAS>
      <Cet>0</Cet>
      <PCALT>10</PCALT>
      <TCALT>0.6</TCALT>
      <Pelev>2541</Pelev>
      <Telev>2541</Telev>
      <PART>0.5</PART>
      <DELAY>1</DELAY>
    </SubCatchmentParameters>
    <SubCatchmentVegetationZone>
      <SubCatchmentVegetationZoneParameters>
        <TT>-0.47204898909801268</TT>
        <CFMAX>1.8107573418047813</CFMAX>
        <SP>0</SP>
        <SFCF>1.2847737699030755</SFCF>
        <CFR>2.4624753613521312E-07</CFR>
        <CWH>0.1000000002255465</CWH>
        <CFGlacier>1</CFGlacier>
        <CFSlope>1</CFSlope>
        <FC>906.0547999513775</FC>
        <LP>0.925453601564922</LP>
        <BETA>2.8675831475207048</BETA>
      </SubCatchmentVegetationZoneParameters>
    </SubCatchmentVegetationZone>
  </SubCatchment>
</Catchment>