<?xml version="1.0" encoding="utf-8"?>
<Catchment xmlns:xsi="http://www.w3.org/2001/XMLSchema-instance" xmlns:xsd="http://www.w3.org/2001/XMLSchema">
  <CatchmentParameters>
    <KSI>0.001</KSI>
    <KGmin>0.05</KGmin>
    <RangeKG>0.1</RangeKG>
    <AG>0.1</AG>
    <PERC>8.8338312119325177</PERC>
    <Alpha>0</Alpha>
    <UZL>69.656386938846921</UZL>
    <K0>0.37281040774887131</K0>
    <K1>0.38703733120922124</K1>
    <K2>0.11404831724168742</K2>
    <MAXBAS>1.9395609817201915</MAXBAS>
    <Cet>0</Cet>
    <PCALT>10</PCALT>
    <TCALT>0.6</TCALT>
    <Pelev>2541</Pelev>
    <Telev>2541</Telev>
    <PART>0.5</PART>
    <DELAY>1</DELAY>
  </CatchmentParameters>
  <VegetationZone>
    <VegetationZoneParameters>
      <TT>-1.0145569484165771</TT>
      <CFMAX>1.0842552943592652</CFMAX>
      <SP>0</SP>
      <SFCF>1.083301057135289</SFCF>
      <CFR>0.099998505949683722</CFR>
      <CWH>0.12508655467415483</CWH>
      <CFGlacier>1</CFGlacier>
      <CFSlope>1</CFSlope>
      <FC>423.06818054998371</FC>
      <LP>0.55994660670824048</LP>
      <BETA>2.3555940965504609</BETA>
    </VegetationZoneParameters>
  </VegetationZone>
  <SubCatchment>
    <SubCatchmentParameters>
      <KSI>0.001</KSI>
      <KGmin>0.05</KGmin>
      <RangeKG>0.1</RangeKG>
      <AG>0.1</AG>
      <PERC>8.8338312119325177</PERC>
      <Alpha>0</Alpha>
      <UZL>69.656386938846921</UZL>
      <K0>0.37281040774887131</K0>
      <K1>0.38703733120922124</K1>
      <K2>0.11404831724168742</K2>
      <MAXBAS>1.9395609817201915</MAXBAS>
      <Cet>0</Cet>
      <PCALT>10</PCALT>
      <TCALT>0.6</TCALT>
      <Pelev>2541</Pelev>
      <Telev>2541</Telev>
      <PART>0.5</PART>
      <DELAY>1</DELAY>
    </SubCatchmentParameters>
    <SubCatchmentVegetationZone>
      <SubCatchmentVegetationZoneParameters>
        <TT>-1.0145569484165771</TT>
        <CFMAX>1.0842552943592652</CFMAX>
        <SP>0</SP>
        <SFCF>1.083301057135289</SFCF>
        <CFR>0.099998505949683722</CFR>
        <CWH>0.12508655467415483</CWH>
        <CFGlacier>1</CFGlacier>
        <CFSlope>1</CFSlope>
        <FC>423.06818054998371</FC>
        <LP>0.55994660670824048</LP>
        <BETA>2.3555940965504609</BETA>
      </SubCatchmentVegetationZoneParameters>
    </SubCatchmentVegetationZone>
  </SubCatchment>
</Catchment>