<?xml version="1.0" encoding="utf-8"?>
<Catchment xmlns:xsi="http://www.w3.org/2001/XMLSchema-instance" xmlns:xsd="http://www.w3.org/2001/XMLSchema">
  <CatchmentParameters>
    <KSI>0.001</KSI>
    <KGmin>0.05</KGmin>
    <RangeKG>0.1</RangeKG>
    <AG>0.1</AG>
    <PERC>0.872140316747449</PERC>
    <Alpha>0</Alpha>
    <UZL>133.48110872584638</UZL>
    <K0>0.16710037895923124</K0>
    <K1>0.10278901357404895</K1>
    <K2>0.019511446060074475</K2>
    <MAXBAS>1</MAXBAS>
    <Cet>0</Cet>
    <PCALT>10</PCALT>
    <TCALT>0.6</TCALT>
    <Pelev>2541</Pelev>
    <Telev>2541</Telev>
    <PART>0.5</PART>
    <DELAY>1</DELAY>
  </CatchmentParameters>
  <VegetationZone>
    <VegetationZoneParameters>
      <TT>-0.31797764824761687</TT>
      <CFMAX>1.7622950234208519</CFMAX>
      <SP>0</SP>
      <SFCF>1.2174897356811516</SFCF>
      <CFR>3.1021037157525437E-07</CFR>
      <CWH>0.100000138360804</CWH>
      <CFGlacier>1</CFGlacier>
      <CFSlope>1</CFSlope>
      <FC>562.95862194981885</FC>
      <LP>0.64057660434475516</LP>
      <BETA>1.6504731374235304</BETA>
    </VegetationZoneParameters>
  </VegetationZone>
  <SubCatchment>
    <SubCatchmentParameters>
      <KSI>0.001</KSI>
      <KGmin>0.05</KGmin>
      <RangeKG>0.1</RangeKG>
      <AG>0.1</AG>
      <PERC>0.872140316747449</PERC>
      <Alpha>0</Alpha>
      <UZL>133.48110872584638</UZL>
      <K0>0.16710037895923124</K0>
      <K1>0.10278901357404895</K1>
      <K2>0.019511446060074475</K2>
      <MAXBAS>1</MAXBAS>
      <Cet>0</Cet>
      <PCALT>10</PCALT>
      <TCALT>0.6</TCALT>
      <Pelev>2541</Pelev>
      <Telev>2541</Telev>
      <PART>0.5</PART>
      <DELAY>1</DELAY>
    </SubCatchmentParameters>
    <SubCatchmentVegetationZone>
      <SubCatchmentVegetationZoneParameters>
        <TT>-0.31797764824761687</TT>
        <CFMAX>1.7622950234208519</CFMAX>
        <SP>0</SP>
        <SFCF>1.2174897356811516</SFCF>
        <CFR>3.1021037157525437E-07</CFR>
        <CWH>0.100000138360804</CWH>
        <CFGlacier>1</CFGlacier>
        <CFSlope>1</CFSlope>
        <FC>562.95862194981885</FC>
        <LP>0.64057660434475516</LP>
        <BETA>1.6504731374235304</BETA>
      </SubCatchmentVegetationZoneParameters>
    </SubCatchmentVegetationZone>
  </SubCatchment>
</Catchment>