<?xml version="1.0" encoding="utf-8"?>
<Catchment xmlns:xsi="http://www.w3.org/2001/XMLSchema-instance" xmlns:xsd="http://www.w3.org/2001/XMLSchema">
  <CatchmentParameters>
    <KSI>0.001</KSI>
    <KGmin>0.05</KGmin>
    <RangeKG>0.1</RangeKG>
    <AG>0.1</AG>
    <PERC>9.99997284173584</PERC>
    <Alpha>0</Alpha>
    <UZL>110.20719600620642</UZL>
    <K0>0.52606309289671116</K0>
    <K1>0.36446844450496946</K1>
    <K2>0.0766956860676667</K2>
    <MAXBAS>2.4999953249831308</MAXBAS>
    <Cet>0</Cet>
    <PCALT>10</PCALT>
    <TCALT>0.6</TCALT>
    <Pelev>2541</Pelev>
    <Telev>2541</Telev>
    <PART>0.5</PART>
    <DELAY>1</DELAY>
  </CatchmentParameters>
  <VegetationZone>
    <VegetationZoneParameters>
      <TT>0.64305538331438161</TT>
      <CFMAX>1.4489894601157525</CFMAX>
      <SP>0</SP>
      <SFCF>0.83442837530358083</SFCF>
      <CFR>1.0838477305884954E-07</CFR>
      <CWH>0.10000009234957479</CWH>
      <CFGlacier>1</CFGlacier>
      <CFSlope>1</CFSlope>
      <FC>197.83779501539249</FC>
      <LP>0.30000215396095914</LP>
      <BETA>4.3543230761673248</BETA>
    </VegetationZoneParameters>
  </VegetationZone>
  <SubCatchment>
    <SubCatchmentParameters>
      <KSI>0.001</KSI>
      <KGmin>0.05</KGmin>
      <RangeKG>0.1</RangeKG>
      <AG>0.1</AG>
      <PERC>9.99997284173584</PERC>
      <Alpha>0</Alpha>
      <UZL>110.20719600620642</UZL>
      <K0>0.52606309289671116</K0>
      <K1>0.36446844450496946</K1>
      <K2>0.0766956860676667</K2>
      <MAXBAS>2.4999953249831308</MAXBAS>
      <Cet>0</Cet>
      <PCALT>10</PCALT>
      <TCALT>0.6</TCALT>
      <Pelev>2541</Pelev>
      <Telev>2541</Telev>
      <PART>0.5</PART>
      <DELAY>1</DELAY>
    </SubCatchmentParameters>
    <SubCatchmentVegetationZone>
      <SubCatchmentVegetationZoneParameters>
        <TT>0.64305538331438161</TT>
        <CFMAX>1.4489894601157525</CFMAX>
        <SP>0</SP>
        <SFCF>0.83442837530358083</SFCF>
        <CFR>1.0838477305884954E-07</CFR>
        <CWH>0.10000009234957479</CWH>
        <CFGlacier>1</CFGlacier>
        <CFSlope>1</CFSlope>
        <FC>197.83779501539249</FC>
        <LP>0.30000215396095914</LP>
        <BETA>4.3543230761673248</BETA>
      </SubCatchmentVegetationZoneParameters>
    </SubCatchmentVegetationZone>
  </SubCatchment>
</Catchment>