<?xml version="1.0" encoding="utf-8"?>
<Catchment xmlns:xsi="http://www.w3.org/2001/XMLSchema-instance" xmlns:xsd="http://www.w3.org/2001/XMLSchema">
  <CatchmentParameters>
    <KSI>0.001</KSI>
    <KGmin>0.05</KGmin>
    <RangeKG>0.1</RangeKG>
    <AG>0.1</AG>
    <PERC>0.99769611047903939</PERC>
    <Alpha>0</Alpha>
    <UZL>117.27182001562342</UZL>
    <K0>0.5291236525634</K0>
    <K1>0.099443481563306235</K1>
    <K2>0.021994450246072078</K2>
    <MAXBAS>1</MAXBAS>
    <Cet>0</Cet>
    <PCALT>10</PCALT>
    <TCALT>0.6</TCALT>
    <Pelev>2541</Pelev>
    <Telev>2541</Telev>
    <PART>0.5</PART>
    <DELAY>1</DELAY>
  </CatchmentParameters>
  <VegetationZone>
    <VegetationZoneParameters>
      <TT>-0.31790319077649892</TT>
      <CFMAX>2.1263661460062266</CFMAX>
      <SP>0</SP>
      <SFCF>1.3628335229574413</SFCF>
      <CFR>4.0855960091686015E-08</CFR>
      <CWH>0.10000010708035799</CWH>
      <CFGlacier>1</CFGlacier>
      <CFSlope>1</CFSlope>
      <FC>1256.5932637934848</FC>
      <LP>0.93087309709081523</LP>
      <BETA>3.5876079575918105</BETA>
    </VegetationZoneParameters>
  </VegetationZone>
  <SubCatchment>
    <SubCatchmentParameters>
      <KSI>0.001</KSI>
      <KGmin>0.05</KGmin>
      <RangeKG>0.1</RangeKG>
      <AG>0.1</AG>
      <PERC>0.99769611047903939</PERC>
      <Alpha>0</Alpha>
      <UZL>117.27182001562342</UZL>
      <K0>0.5291236525634</K0>
      <K1>0.099443481563306235</K1>
      <K2>0.021994450246072078</K2>
      <MAXBAS>1</MAXBAS>
      <Cet>0</Cet>
      <PCALT>10</PCALT>
      <TCALT>0.6</TCALT>
      <Pelev>2541</Pelev>
      <Telev>2541</Telev>
      <PART>0.5</PART>
      <DELAY>1</DELAY>
    </SubCatchmentParameters>
    <SubCatchmentVegetationZone>
      <SubCatchmentVegetationZoneParameters>
        <TT>-0.31790319077649892</TT>
        <CFMAX>2.1263661460062266</CFMAX>
        <SP>0</SP>
        <SFCF>1.3628335229574413</SFCF>
        <CFR>4.0855960091686015E-08</CFR>
        <CWH>0.10000010708035799</CWH>
        <CFGlacier>1</CFGlacier>
        <CFSlope>1</CFSlope>
        <FC>1256.5932637934848</FC>
        <LP>0.93087309709081523</LP>
        <BETA>3.5876079575918105</BETA>
      </SubCatchmentVegetationZoneParameters>
    </SubCatchmentVegetationZone>
  </SubCatchment>
</Catchment>