<?xml version="1.0" encoding="utf-8"?>
<Catchment xmlns:xsi="http://www.w3.org/2001/XMLSchema-instance" xmlns:xsd="http://www.w3.org/2001/XMLSchema">
  <CatchmentParameters>
    <KSI>0.001</KSI>
    <KGmin>0.05</KGmin>
    <RangeKG>0.1</RangeKG>
    <AG>0.1</AG>
    <PERC>0.97925737115719769</PERC>
    <Alpha>0</Alpha>
    <UZL>105.22753397288766</UZL>
    <K0>0.373237397864536</K0>
    <K1>0.11442965010858794</K1>
    <K2>0.024624494891771979</K2>
    <MAXBAS>1</MAXBAS>
    <Cet>0</Cet>
    <PCALT>10</PCALT>
    <TCALT>0.6</TCALT>
    <Pelev>2541</Pelev>
    <Telev>2541</Telev>
    <PART>0.5</PART>
    <DELAY>1</DELAY>
  </CatchmentParameters>
  <VegetationZone>
    <VegetationZoneParameters>
      <TT>-0.87127595224762266</TT>
      <CFMAX>1.4882300008014611</CFMAX>
      <SP>0</SP>
      <SFCF>1.3217402066865236</SFCF>
      <CFR>0.00059932461484885156</CFR>
      <CWH>0.10000007909747871</CWH>
      <CFGlacier>1</CFGlacier>
      <CFSlope>1</CFSlope>
      <FC>740.11545953217581</FC>
      <LP>0.71219648360427223</LP>
      <BETA>2.0692792718493807</BETA>
    </VegetationZoneParameters>
  </VegetationZone>
  <SubCatchment>
    <SubCatchmentParameters>
      <KSI>0.001</KSI>
      <KGmin>0.05</KGmin>
      <RangeKG>0.1</RangeKG>
      <AG>0.1</AG>
      <PERC>0.97925737115719769</PERC>
      <Alpha>0</Alpha>
      <UZL>105.22753397288766</UZL>
      <K0>0.373237397864536</K0>
      <K1>0.11442965010858794</K1>
      <K2>0.024624494891771979</K2>
      <MAXBAS>1</MAXBAS>
      <Cet>0</Cet>
      <PCALT>10</PCALT>
      <TCALT>0.6</TCALT>
      <Pelev>2541</Pelev>
      <Telev>2541</Telev>
      <PART>0.5</PART>
      <DELAY>1</DELAY>
    </SubCatchmentParameters>
    <SubCatchmentVegetationZone>
      <SubCatchmentVegetationZoneParameters>
        <TT>-0.87127595224762266</TT>
        <CFMAX>1.4882300008014611</CFMAX>
        <SP>0</SP>
        <SFCF>1.3217402066865236</SFCF>
        <CFR>0.00059932461484885156</CFR>
        <CWH>0.10000007909747871</CWH>
        <CFGlacier>1</CFGlacier>
        <CFSlope>1</CFSlope>
        <FC>740.11545953217581</FC>
        <LP>0.71219648360427223</LP>
        <BETA>2.0692792718493807</BETA>
      </SubCatchmentVegetationZoneParameters>
    </SubCatchmentVegetationZone>
  </SubCatchment>
</Catchment>