<?xml version="1.0" encoding="utf-8"?>
<Catchment xmlns:xsi="http://www.w3.org/2001/XMLSchema-instance" xmlns:xsd="http://www.w3.org/2001/XMLSchema">
  <CatchmentParameters>
    <KSI>0.001</KSI>
    <KGmin>0.05</KGmin>
    <RangeKG>0.1</RangeKG>
    <AG>0.1</AG>
    <PERC>0.85408676440363418</PERC>
    <Alpha>0</Alpha>
    <UZL>141.8354619057441</UZL>
    <K0>0.15209303510674127</K0>
    <K1>0.10727753332919864</K1>
    <K2>0.020078320737654021</K2>
    <MAXBAS>1</MAXBAS>
    <Cet>0</Cet>
    <PCALT>10</PCALT>
    <TCALT>0.6</TCALT>
    <Pelev>2541</Pelev>
    <Telev>2541</Telev>
    <PART>0.5</PART>
    <DELAY>1</DELAY>
  </CatchmentParameters>
  <VegetationZone>
    <VegetationZoneParameters>
      <TT>-1.0025566467008693</TT>
      <CFMAX>1.6026049030073255</CFMAX>
      <SP>0</SP>
      <SFCF>1.3943613440019667</SFCF>
      <CFR>4.3653662364807883E-07</CFR>
      <CWH>0.10000020923655544</CWH>
      <CFGlacier>1</CFGlacier>
      <CFSlope>1</CFSlope>
      <FC>1266.694629932942</FC>
      <LP>0.95102739451728291</LP>
      <BETA>4.1176633611528644</BETA>
    </VegetationZoneParameters>
  </VegetationZone>
  <SubCatchment>
    <SubCatchmentParameters>
      <KSI>0.001</KSI>
      <KGmin>0.05</KGmin>
      <RangeKG>0.1</RangeKG>
      <AG>0.1</AG>
      <PERC>0.85408676440363418</PERC>
      <Alpha>0</Alpha>
      <UZL>141.8354619057441</UZL>
      <K0>0.15209303510674127</K0>
      <K1>0.10727753332919864</K1>
      <K2>0.020078320737654021</K2>
      <MAXBAS>1</MAXBAS>
      <Cet>0</Cet>
      <PCALT>10</PCALT>
      <TCALT>0.6</TCALT>
      <Pelev>2541</Pelev>
      <Telev>2541</Telev>
      <PART>0.5</PART>
      <DELAY>1</DELAY>
    </SubCatchmentParameters>
    <SubCatchmentVegetationZone>
      <SubCatchmentVegetationZoneParameters>
        <TT>-1.0025566467008693</TT>
        <CFMAX>1.6026049030073255</CFMAX>
        <SP>0</SP>
        <SFCF>1.3943613440019667</SFCF>
        <CFR>4.3653662364807883E-07</CFR>
        <CWH>0.10000020923655544</CWH>
        <CFGlacier>1</CFGlacier>
        <CFSlope>1</CFSlope>
        <FC>1266.694629932942</FC>
        <LP>0.95102739451728291</LP>
        <BETA>4.1176633611528644</BETA>
      </SubCatchmentVegetationZoneParameters>
    </SubCatchmentVegetationZone>
  </SubCatchment>
</Catchment>