<?xml version="1.0" encoding="utf-8"?>
<Catchment xmlns:xsi="http://www.w3.org/2001/XMLSchema-instance" xmlns:xsd="http://www.w3.org/2001/XMLSchema">
  <CatchmentParameters>
    <KSI>0.001</KSI>
    <KGmin>0.05</KGmin>
    <RangeKG>0.1</RangeKG>
    <AG>0.1</AG>
    <PERC>9.9999795412923387</PERC>
    <Alpha>0</Alpha>
    <UZL>197.78918841411735</UZL>
    <K0>0.19414565728727531</K0>
    <K1>0.37567673673405805</K1>
    <K2>0.07680644777146077</K2>
    <MAXBAS>2.4999986095360529</MAXBAS>
    <Cet>0</Cet>
    <PCALT>10</PCALT>
    <TCALT>0.6</TCALT>
    <Pelev>2541</Pelev>
    <Telev>2541</Telev>
    <PART>0.5</PART>
    <DELAY>1</DELAY>
  </CatchmentParameters>
  <VegetationZone>
    <VegetationZoneParameters>
      <TT>0.40338152079080553</TT>
      <CFMAX>1.4273652738193157</CFMAX>
      <SP>0</SP>
      <SFCF>0.86052503269770175</SFCF>
      <CFR>9.5087688089085024E-07</CFR>
      <CWH>0.1000000831421432</CWH>
      <CFGlacier>1</CFGlacier>
      <CFSlope>1</CFSlope>
      <FC>210.45146488795464</FC>
      <LP>0.3000002021740264</LP>
      <BETA>4.0263059468074553</BETA>
    </VegetationZoneParameters>
  </VegetationZone>
  <SubCatchment>
    <SubCatchmentParameters>
      <KSI>0.001</KSI>
      <KGmin>0.05</KGmin>
      <RangeKG>0.1</RangeKG>
      <AG>0.1</AG>
      <PERC>9.9999795412923387</PERC>
      <Alpha>0</Alpha>
      <UZL>197.78918841411735</UZL>
      <K0>0.19414565728727531</K0>
      <K1>0.37567673673405805</K1>
      <K2>0.07680644777146077</K2>
      <MAXBAS>2.4999986095360529</MAXBAS>
      <Cet>0</Cet>
      <PCALT>10</PCALT>
      <TCALT>0.6</TCALT>
      <Pelev>2541</Pelev>
      <Telev>2541</Telev>
      <PART>0.5</PART>
      <DELAY>1</DELAY>
    </SubCatchmentParameters>
    <SubCatchmentVegetationZone>
      <SubCatchmentVegetationZoneParameters>
        <TT>0.40338152079080553</TT>
        <CFMAX>1.4273652738193157</CFMAX>
        <SP>0</SP>
        <SFCF>0.86052503269770175</SFCF>
        <CFR>9.5087688089085024E-07</CFR>
        <CWH>0.1000000831421432</CWH>
        <CFGlacier>1</CFGlacier>
        <CFSlope>1</CFSlope>
        <FC>210.45146488795464</FC>
        <LP>0.3000002021740264</LP>
        <BETA>4.0263059468074553</BETA>
      </SubCatchmentVegetationZoneParameters>
    </SubCatchmentVegetationZone>
  </SubCatchment>
</Catchment>