<?xml version="1.0" encoding="utf-8"?>
<Catchment xmlns:xsi="http://www.w3.org/2001/XMLSchema-instance" xmlns:xsd="http://www.w3.org/2001/XMLSchema">
  <CatchmentParameters>
    <KSI>0.001</KSI>
    <KGmin>0.05</KGmin>
    <RangeKG>0.1</RangeKG>
    <AG>0.1</AG>
    <PERC>8.6490600982636678</PERC>
    <Alpha>0</Alpha>
    <UZL>140.40274579032203</UZL>
    <K0>0.27391559042548275</K0>
    <K1>0.42618486419330426</K1>
    <K2>0.10926989605312101</K2>
    <MAXBAS>2.4999704132599838</MAXBAS>
    <Cet>0</Cet>
    <PCALT>10</PCALT>
    <TCALT>0.6</TCALT>
    <Pelev>2541</Pelev>
    <Telev>2541</Telev>
    <PART>0.5</PART>
    <DELAY>1</DELAY>
  </CatchmentParameters>
  <VegetationZone>
    <VegetationZoneParameters>
      <TT>-0.65763538449092518</TT>
      <CFMAX>1.1384589587532792</CFMAX>
      <SP>0</SP>
      <SFCF>1.0017828075734623</SFCF>
      <CFR>0.099998126293519979</CFR>
      <CWH>0.1387851375331372</CWH>
      <CFGlacier>1</CFGlacier>
      <CFSlope>1</CFSlope>
      <FC>324.68371771357459</FC>
      <LP>0.30018032568837172</LP>
      <BETA>2.3209729563279913</BETA>
    </VegetationZoneParameters>
  </VegetationZone>
  <SubCatchment>
    <SubCatchmentParameters>
      <KSI>0.001</KSI>
      <KGmin>0.05</KGmin>
      <RangeKG>0.1</RangeKG>
      <AG>0.1</AG>
      <PERC>8.6490600982636678</PERC>
      <Alpha>0</Alpha>
      <UZL>140.40274579032203</UZL>
      <K0>0.27391559042548275</K0>
      <K1>0.42618486419330426</K1>
      <K2>0.10926989605312101</K2>
      <MAXBAS>2.4999704132599838</MAXBAS>
      <Cet>0</Cet>
      <PCALT>10</PCALT>
      <TCALT>0.6</TCALT>
      <Pelev>2541</Pelev>
      <Telev>2541</Telev>
      <PART>0.5</PART>
      <DELAY>1</DELAY>
    </SubCatchmentParameters>
    <SubCatchmentVegetationZone>
      <SubCatchmentVegetationZoneParameters>
        <TT>-0.65763538449092518</TT>
        <CFMAX>1.1384589587532792</CFMAX>
        <SP>0</SP>
        <SFCF>1.0017828075734623</SFCF>
        <CFR>0.099998126293519979</CFR>
        <CWH>0.1387851375331372</CWH>
        <CFGlacier>1</CFGlacier>
        <CFSlope>1</CFSlope>
        <FC>324.68371771357459</FC>
        <LP>0.30018032568837172</LP>
        <BETA>2.3209729563279913</BETA>
      </SubCatchmentVegetationZoneParameters>
    </SubCatchmentVegetationZone>
  </SubCatchment>
</Catchment>