<?xml version="1.0" encoding="utf-8"?>
<Catchment xmlns:xsi="http://www.w3.org/2001/XMLSchema-instance" xmlns:xsd="http://www.w3.org/2001/XMLSchema">
  <CatchmentParameters>
    <KSI>0.001</KSI>
    <KGmin>0.05</KGmin>
    <RangeKG>0.1</RangeKG>
    <AG>0.1</AG>
    <PERC>1.0529072897539156</PERC>
    <Alpha>0</Alpha>
    <UZL>141.60253416774583</UZL>
    <K0>0.25687110175914341</K0>
    <K1>0.097854961162696014</K1>
    <K2>0.020931992471710802</K2>
    <MAXBAS>1</MAXBAS>
    <Cet>0</Cet>
    <PCALT>10</PCALT>
    <TCALT>0.6</TCALT>
    <Pelev>2541</Pelev>
    <Telev>2541</Telev>
    <PART>0.5</PART>
    <DELAY>1</DELAY>
  </CatchmentParameters>
  <VegetationZone>
    <VegetationZoneParameters>
      <TT>-0.2942795563056278</TT>
      <CFMAX>2.0049412363530084</CFMAX>
      <SP>0</SP>
      <SFCF>1.3058961300905343</SFCF>
      <CFR>1.3821394978294351E-06</CFR>
      <CWH>0.10000000029772745</CWH>
      <CFGlacier>1</CFGlacier>
      <CFSlope>1</CFSlope>
      <FC>834.49814429184278</FC>
      <LP>0.80750905251844418</LP>
      <BETA>2.3041735821104887</BETA>
    </VegetationZoneParameters>
  </VegetationZone>
  <SubCatchment>
    <SubCatchmentParameters>
      <KSI>0.001</KSI>
      <KGmin>0.05</KGmin>
      <RangeKG>0.1</RangeKG>
      <AG>0.1</AG>
      <PERC>1.0529072897539156</PERC>
      <Alpha>0</Alpha>
      <UZL>141.60253416774583</UZL>
      <K0>0.25687110175914341</K0>
      <K1>0.097854961162696014</K1>
      <K2>0.020931992471710802</K2>
      <MAXBAS>1</MAXBAS>
      <Cet>0</Cet>
      <PCALT>10</PCALT>
      <TCALT>0.6</TCALT>
      <Pelev>2541</Pelev>
      <Telev>2541</Telev>
      <PART>0.5</PART>
      <DELAY>1</DELAY>
    </SubCatchmentParameters>
    <SubCatchmentVegetationZone>
      <SubCatchmentVegetationZoneParameters>
        <TT>-0.2942795563056278</TT>
        <CFMAX>2.0049412363530084</CFMAX>
        <SP>0</SP>
        <SFCF>1.3058961300905343</SFCF>
        <CFR>1.3821394978294351E-06</CFR>
        <CWH>0.10000000029772745</CWH>
        <CFGlacier>1</CFGlacier>
        <CFSlope>1</CFSlope>
        <FC>834.49814429184278</FC>
        <LP>0.80750905251844418</LP>
        <BETA>2.3041735821104887</BETA>
      </SubCatchmentVegetationZoneParameters>
    </SubCatchmentVegetationZone>
  </SubCatchment>
</Catchment>