<?xml version="1.0" encoding="utf-8"?>
<Catchment xmlns:xsi="http://www.w3.org/2001/XMLSchema-instance" xmlns:xsd="http://www.w3.org/2001/XMLSchema">
  <CatchmentParameters>
    <KSI>0.001</KSI>
    <KGmin>0.05</KGmin>
    <RangeKG>0.1</RangeKG>
    <AG>0.1</AG>
    <PERC>3.4410445814099049</PERC>
    <Alpha>0</Alpha>
    <UZL>126.29147663678413</UZL>
    <K0>0.21943140387885135</K0>
    <K1>0.14555634541625326</K1>
    <K2>0.071284051694692513</K2>
    <MAXBAS>1.8704077566551098</MAXBAS>
    <Cet>0</Cet>
    <PCALT>10</PCALT>
    <TCALT>0.6</TCALT>
    <Pelev>2541</Pelev>
    <Telev>2541</Telev>
    <PART>0.5</PART>
    <DELAY>1</DELAY>
  </CatchmentParameters>
  <VegetationZone>
    <VegetationZoneParameters>
      <TT>-0.078898161818400217</TT>
      <CFMAX>1.5106625313690012</CFMAX>
      <SP>0</SP>
      <SFCF>1.047379667934969</SFCF>
      <CFR>0.00014937399459311962</CFR>
      <CWH>0.10000010386367098</CWH>
      <CFGlacier>1</CFGlacier>
      <CFSlope>1</CFSlope>
      <FC>430.13727920727649</FC>
      <LP>0.75543199622560808</LP>
      <BETA>1.9727322284152951</BETA>
    </VegetationZoneParameters>
  </VegetationZone>
  <SubCatchment>
    <SubCatchmentParameters>
      <KSI>0.001</KSI>
      <KGmin>0.05</KGmin>
      <RangeKG>0.1</RangeKG>
      <AG>0.1</AG>
      <PERC>3.4410445814099049</PERC>
      <Alpha>0</Alpha>
      <UZL>126.29147663678413</UZL>
      <K0>0.21943140387885135</K0>
      <K1>0.14555634541625326</K1>
      <K2>0.071284051694692513</K2>
      <MAXBAS>1.8704077566551098</MAXBAS>
      <Cet>0</Cet>
      <PCALT>10</PCALT>
      <TCALT>0.6</TCALT>
      <Pelev>2541</Pelev>
      <Telev>2541</Telev>
      <PART>0.5</PART>
      <DELAY>1</DELAY>
    </SubCatchmentParameters>
    <SubCatchmentVegetationZone>
      <SubCatchmentVegetationZoneParameters>
        <TT>-0.078898161818400217</TT>
        <CFMAX>1.5106625313690012</CFMAX>
        <SP>0</SP>
        <SFCF>1.047379667934969</SFCF>
        <CFR>0.00014937399459311962</CFR>
        <CWH>0.10000010386367098</CWH>
        <CFGlacier>1</CFGlacier>
        <CFSlope>1</CFSlope>
        <FC>430.13727920727649</FC>
        <LP>0.75543199622560808</LP>
        <BETA>1.9727322284152951</BETA>
      </SubCatchmentVegetationZoneParameters>
    </SubCatchmentVegetationZone>
  </SubCatchment>
</Catchment>