<?xml version="1.0" encoding="utf-8"?>
<Catchment xmlns:xsi="http://www.w3.org/2001/XMLSchema-instance" xmlns:xsd="http://www.w3.org/2001/XMLSchema">
  <CatchmentParameters>
    <KSI>0.001</KSI>
    <KGmin>0.05</KGmin>
    <RangeKG>0.1</RangeKG>
    <AG>0.1</AG>
    <PERC>9.9999869857011738</PERC>
    <Alpha>0</Alpha>
    <UZL>123.76059728968416</UZL>
    <K0>0.076391259285659582</K0>
    <K1>0.45346404438369625</K1>
    <K2>0.10711499084057759</K2>
    <MAXBAS>2.0105717009435589</MAXBAS>
    <Cet>0</Cet>
    <PCALT>10</PCALT>
    <TCALT>0.6</TCALT>
    <Pelev>2541</Pelev>
    <Telev>2541</Telev>
    <PART>0.5</PART>
    <DELAY>1</DELAY>
  </CatchmentParameters>
  <VegetationZone>
    <VegetationZoneParameters>
      <TT>-0.94799861088499493</TT>
      <CFMAX>1.0933138399641891</CFMAX>
      <SP>0</SP>
      <SFCF>1.0610055867292836</SFCF>
      <CFR>0.0999964296694965</CFR>
      <CWH>0.15107540879115811</CWH>
      <CFGlacier>1</CFGlacier>
      <CFSlope>1</CFSlope>
      <FC>339.52997990105052</FC>
      <LP>0.30000520859994734</LP>
      <BETA>2.1520437144207771</BETA>
    </VegetationZoneParameters>
  </VegetationZone>
  <SubCatchment>
    <SubCatchmentParameters>
      <KSI>0.001</KSI>
      <KGmin>0.05</KGmin>
      <RangeKG>0.1</RangeKG>
      <AG>0.1</AG>
      <PERC>9.9999869857011738</PERC>
      <Alpha>0</Alpha>
      <UZL>123.76059728968416</UZL>
      <K0>0.076391259285659582</K0>
      <K1>0.45346404438369625</K1>
      <K2>0.10711499084057759</K2>
      <MAXBAS>2.0105717009435589</MAXBAS>
      <Cet>0</Cet>
      <PCALT>10</PCALT>
      <TCALT>0.6</TCALT>
      <Pelev>2541</Pelev>
      <Telev>2541</Telev>
      <PART>0.5</PART>
      <DELAY>1</DELAY>
    </SubCatchmentParameters>
    <SubCatchmentVegetationZone>
      <SubCatchmentVegetationZoneParameters>
        <TT>-0.94799861088499493</TT>
        <CFMAX>1.0933138399641891</CFMAX>
        <SP>0</SP>
        <SFCF>1.0610055867292836</SFCF>
        <CFR>0.0999964296694965</CFR>
        <CWH>0.15107540879115811</CWH>
        <CFGlacier>1</CFGlacier>
        <CFSlope>1</CFSlope>
        <FC>339.52997990105052</FC>
        <LP>0.30000520859994734</LP>
        <BETA>2.1520437144207771</BETA>
      </SubCatchmentVegetationZoneParameters>
    </SubCatchmentVegetationZone>
  </SubCatchment>
</Catchment>