<?xml version="1.0" encoding="utf-8"?>
<Catchment xmlns:xsi="http://www.w3.org/2001/XMLSchema-instance" xmlns:xsd="http://www.w3.org/2001/XMLSchema">
  <CatchmentParameters>
    <KSI>0.001</KSI>
    <KGmin>0.05</KGmin>
    <RangeKG>0.1</RangeKG>
    <AG>0.1</AG>
    <PERC>1.8398359647472282</PERC>
    <Alpha>0</Alpha>
    <UZL>127.38298965598196</UZL>
    <K0>0.30095786731909707</K0>
    <K1>0.10280153595844652</K1>
    <K2>0.025298288947770978</K2>
    <MAXBAS>1</MAXBAS>
    <Cet>0</Cet>
    <PCALT>10</PCALT>
    <TCALT>0.6</TCALT>
    <Pelev>2541</Pelev>
    <Telev>2541</Telev>
    <PART>0.5</PART>
    <DELAY>1</DELAY>
  </CatchmentParameters>
  <VegetationZone>
    <VegetationZoneParameters>
      <TT>-0.2942650607434702</TT>
      <CFMAX>2.172693039137247</CFMAX>
      <SP>0</SP>
      <SFCF>1.3620832191922241</SFCF>
      <CFR>5.910249410828145E-08</CFR>
      <CWH>0.10000004688380211</CWH>
      <CFGlacier>1</CFGlacier>
      <CFSlope>1</CFSlope>
      <FC>950.50607369914974</FC>
      <LP>0.74737779629625967</LP>
      <BETA>2.1541326114451209</BETA>
    </VegetationZoneParameters>
  </VegetationZone>
  <SubCatchment>
    <SubCatchmentParameters>
      <KSI>0.001</KSI>
      <KGmin>0.05</KGmin>
      <RangeKG>0.1</RangeKG>
      <AG>0.1</AG>
      <PERC>1.8398359647472282</PERC>
      <Alpha>0</Alpha>
      <UZL>127.38298965598196</UZL>
      <K0>0.30095786731909707</K0>
      <K1>0.10280153595844652</K1>
      <K2>0.025298288947770978</K2>
      <MAXBAS>1</MAXBAS>
      <Cet>0</Cet>
      <PCALT>10</PCALT>
      <TCALT>0.6</TCALT>
      <Pelev>2541</Pelev>
      <Telev>2541</Telev>
      <PART>0.5</PART>
      <DELAY>1</DELAY>
    </SubCatchmentParameters>
    <SubCatchmentVegetationZone>
      <SubCatchmentVegetationZoneParameters>
        <TT>-0.2942650607434702</TT>
        <CFMAX>2.172693039137247</CFMAX>
        <SP>0</SP>
        <SFCF>1.3620832191922241</SFCF>
        <CFR>5.910249410828145E-08</CFR>
        <CWH>0.10000004688380211</CWH>
        <CFGlacier>1</CFGlacier>
        <CFSlope>1</CFSlope>
        <FC>950.50607369914974</FC>
        <LP>0.74737779629625967</LP>
        <BETA>2.1541326114451209</BETA>
      </SubCatchmentVegetationZoneParameters>
    </SubCatchmentVegetationZone>
  </SubCatchment>
</Catchment>