<?xml version="1.0" encoding="utf-8"?>
<Catchment xmlns:xsi="http://www.w3.org/2001/XMLSchema-instance" xmlns:xsd="http://www.w3.org/2001/XMLSchema">
  <CatchmentParameters>
    <KSI>0.001</KSI>
    <KGmin>0.05</KGmin>
    <RangeKG>0.1</RangeKG>
    <AG>0.1</AG>
    <PERC>9.9976260715420953</PERC>
    <Alpha>0</Alpha>
    <UZL>38.5825037934809</UZL>
    <K0>0.44581543355197112</K0>
    <K1>0.54635333214189741</K1>
    <K2>0.12330113652725525</K2>
    <MAXBAS>1.8508049900888064</MAXBAS>
    <Cet>0</Cet>
    <PCALT>10</PCALT>
    <TCALT>0.6</TCALT>
    <Pelev>2541</Pelev>
    <Telev>2541</Telev>
    <PART>0.5</PART>
    <DELAY>1</DELAY>
  </CatchmentParameters>
  <VegetationZone>
    <VegetationZoneParameters>
      <TT>-1.4048928141127031</TT>
      <CFMAX>1.0103605886958922</CFMAX>
      <SP>0</SP>
      <SFCF>1.1538136430663828</SFCF>
      <CFR>0.09999842987580293</CFR>
      <CWH>0.17238355597585225</CWH>
      <CFGlacier>1</CFGlacier>
      <CFSlope>1</CFSlope>
      <FC>446.12798793092355</FC>
      <LP>0.51154359332614485</LP>
      <BETA>2.3562831066063508</BETA>
    </VegetationZoneParameters>
  </VegetationZone>
  <SubCatchment>
    <SubCatchmentParameters>
      <KSI>0.001</KSI>
      <KGmin>0.05</KGmin>
      <RangeKG>0.1</RangeKG>
      <AG>0.1</AG>
      <PERC>9.9976260715420953</PERC>
      <Alpha>0</Alpha>
      <UZL>38.5825037934809</UZL>
      <K0>0.44581543355197112</K0>
      <K1>0.54635333214189741</K1>
      <K2>0.12330113652725525</K2>
      <MAXBAS>1.8508049900888064</MAXBAS>
      <Cet>0</Cet>
      <PCALT>10</PCALT>
      <TCALT>0.6</TCALT>
      <Pelev>2541</Pelev>
      <Telev>2541</Telev>
      <PART>0.5</PART>
      <DELAY>1</DELAY>
    </SubCatchmentParameters>
    <SubCatchmentVegetationZone>
      <SubCatchmentVegetationZoneParameters>
        <TT>-1.4048928141127031</TT>
        <CFMAX>1.0103605886958922</CFMAX>
        <SP>0</SP>
        <SFCF>1.1538136430663828</SFCF>
        <CFR>0.09999842987580293</CFR>
        <CWH>0.17238355597585225</CWH>
        <CFGlacier>1</CFGlacier>
        <CFSlope>1</CFSlope>
        <FC>446.12798793092355</FC>
        <LP>0.51154359332614485</LP>
        <BETA>2.3562831066063508</BETA>
      </SubCatchmentVegetationZoneParameters>
    </SubCatchmentVegetationZone>
  </SubCatchment>
</Catchment>