<?xml version="1.0" encoding="utf-8"?>
<Catchment xmlns:xsi="http://www.w3.org/2001/XMLSchema-instance" xmlns:xsd="http://www.w3.org/2001/XMLSchema">
  <CatchmentParameters>
    <KSI>0.001</KSI>
    <KGmin>0.05</KGmin>
    <RangeKG>0.1</RangeKG>
    <AG>0.1</AG>
    <PERC>9.7637218793594585</PERC>
    <Alpha>0</Alpha>
    <UZL>162.51185100594034</UZL>
    <K0>0.47345762782451833</K0>
    <K1>0.39909444388945814</K1>
    <K2>0.09044614713734013</K2>
    <MAXBAS>2.4999962285355752</MAXBAS>
    <Cet>0</Cet>
    <PCALT>10</PCALT>
    <TCALT>0.6</TCALT>
    <Pelev>2541</Pelev>
    <Telev>2541</Telev>
    <PART>0.5</PART>
    <DELAY>1</DELAY>
  </CatchmentParameters>
  <VegetationZone>
    <VegetationZoneParameters>
      <TT>-0.22983481757541205</TT>
      <CFMAX>1.2901413482743782</CFMAX>
      <SP>0</SP>
      <SFCF>0.96135794404264918</SFCF>
      <CFR>1.2724502208208676E-06</CFR>
      <CWH>0.10000015749008855</CWH>
      <CFGlacier>1</CFGlacier>
      <CFSlope>1</CFSlope>
      <FC>273.40447525770156</FC>
      <LP>0.30000015409979552</LP>
      <BETA>2.2668891010570849</BETA>
    </VegetationZoneParameters>
  </VegetationZone>
  <SubCatchment>
    <SubCatchmentParameters>
      <KSI>0.001</KSI>
      <KGmin>0.05</KGmin>
      <RangeKG>0.1</RangeKG>
      <AG>0.1</AG>
      <PERC>9.7637218793594585</PERC>
      <Alpha>0</Alpha>
      <UZL>162.51185100594034</UZL>
      <K0>0.47345762782451833</K0>
      <K1>0.39909444388945814</K1>
      <K2>0.09044614713734013</K2>
      <MAXBAS>2.4999962285355752</MAXBAS>
      <Cet>0</Cet>
      <PCALT>10</PCALT>
      <TCALT>0.6</TCALT>
      <Pelev>2541</Pelev>
      <Telev>2541</Telev>
      <PART>0.5</PART>
      <DELAY>1</DELAY>
    </SubCatchmentParameters>
    <SubCatchmentVegetationZone>
      <SubCatchmentVegetationZoneParameters>
        <TT>-0.22983481757541205</TT>
        <CFMAX>1.2901413482743782</CFMAX>
        <SP>0</SP>
        <SFCF>0.96135794404264918</SFCF>
        <CFR>1.2724502208208676E-06</CFR>
        <CWH>0.10000015749008855</CWH>
        <CFGlacier>1</CFGlacier>
        <CFSlope>1</CFSlope>
        <FC>273.40447525770156</FC>
        <LP>0.30000015409979552</LP>
        <BETA>2.2668891010570849</BETA>
      </SubCatchmentVegetationZoneParameters>
    </SubCatchmentVegetationZone>
  </SubCatchment>
</Catchment>