<?xml version="1.0" encoding="utf-8"?>
<Catchment xmlns:xsi="http://www.w3.org/2001/XMLSchema-instance" xmlns:xsd="http://www.w3.org/2001/XMLSchema">
  <CatchmentParameters>
    <KSI>0.001</KSI>
    <KGmin>0.05</KGmin>
    <RangeKG>0.1</RangeKG>
    <AG>0.1</AG>
    <PERC>1.2160692947302849</PERC>
    <Alpha>0</Alpha>
    <UZL>151.82023666043966</UZL>
    <K0>0.14529051415775474</K0>
    <K1>0.096232185665311165</K1>
    <K2>0.022212301351776331</K2>
    <MAXBAS>1</MAXBAS>
    <Cet>0</Cet>
    <PCALT>10</PCALT>
    <TCALT>0.6</TCALT>
    <Pelev>2541</Pelev>
    <Telev>2541</Telev>
    <PART>0.5</PART>
    <DELAY>1</DELAY>
  </CatchmentParameters>
  <VegetationZone>
    <VegetationZoneParameters>
      <TT>-0.29426625377550414</TT>
      <CFMAX>2.2763969266766857</CFMAX>
      <SP>0</SP>
      <SFCF>1.4292091141164447</SFCF>
      <CFR>1.0360237965892555E-06</CFR>
      <CWH>0.10000024915452088</CWH>
      <CFGlacier>1</CFGlacier>
      <CFSlope>1</CFSlope>
      <FC>989.9918531004181</FC>
      <LP>0.61693207951947082</LP>
      <BETA>1.9520709262132745</BETA>
    </VegetationZoneParameters>
  </VegetationZone>
  <SubCatchment>
    <SubCatchmentParameters>
      <KSI>0.001</KSI>
      <KGmin>0.05</KGmin>
      <RangeKG>0.1</RangeKG>
      <AG>0.1</AG>
      <PERC>1.2160692947302849</PERC>
      <Alpha>0</Alpha>
      <UZL>151.82023666043966</UZL>
      <K0>0.14529051415775474</K0>
      <K1>0.096232185665311165</K1>
      <K2>0.022212301351776331</K2>
      <MAXBAS>1</MAXBAS>
      <Cet>0</Cet>
      <PCALT>10</PCALT>
      <TCALT>0.6</TCALT>
      <Pelev>2541</Pelev>
      <Telev>2541</Telev>
      <PART>0.5</PART>
      <DELAY>1</DELAY>
    </SubCatchmentParameters>
    <SubCatchmentVegetationZone>
      <SubCatchmentVegetationZoneParameters>
        <TT>-0.29426625377550414</TT>
        <CFMAX>2.2763969266766857</CFMAX>
        <SP>0</SP>
        <SFCF>1.4292091141164447</SFCF>
        <CFR>1.0360237965892555E-06</CFR>
        <CWH>0.10000024915452088</CWH>
        <CFGlacier>1</CFGlacier>
        <CFSlope>1</CFSlope>
        <FC>989.9918531004181</FC>
        <LP>0.61693207951947082</LP>
        <BETA>1.9520709262132745</BETA>
      </SubCatchmentVegetationZoneParameters>
    </SubCatchmentVegetationZone>
  </SubCatchment>
</Catchment>