<?xml version="1.0" encoding="utf-8"?>
<Catchment xmlns:xsi="http://www.w3.org/2001/XMLSchema-instance" xmlns:xsd="http://www.w3.org/2001/XMLSchema">
  <CatchmentParameters>
    <KSI>0.001</KSI>
    <KGmin>0.05</KGmin>
    <RangeKG>0.1</RangeKG>
    <AG>0.1</AG>
    <PERC>7.3192983299117742</PERC>
    <Alpha>0</Alpha>
    <UZL>23.264568913694806</UZL>
    <K0>0.989985751413014</K0>
    <K1>0.20916225404502206</K1>
    <K2>0.098444098803909766</K2>
    <MAXBAS>2.4999995924920597</MAXBAS>
    <Cet>0</Cet>
    <PCALT>10</PCALT>
    <TCALT>0.6</TCALT>
    <Pelev>2541</Pelev>
    <Telev>2541</Telev>
    <PART>0.5</PART>
    <DELAY>1</DELAY>
  </CatchmentParameters>
  <VegetationZone>
    <VegetationZoneParameters>
      <TT>-0.26527564332503</TT>
      <CFMAX>1.1464089020867676</CFMAX>
      <SP>0</SP>
      <SFCF>0.91231639441570123</SFCF>
      <CFR>0.0028009641874129866</CFR>
      <CWH>0.12466384749744328</CWH>
      <CFGlacier>1</CFGlacier>
      <CFSlope>1</CFSlope>
      <FC>267.89514883434038</FC>
      <LP>0.30000154296942344</LP>
      <BETA>2.7643687966792805</BETA>
    </VegetationZoneParameters>
  </VegetationZone>
  <SubCatchment>
    <SubCatchmentParameters>
      <KSI>0.001</KSI>
      <KGmin>0.05</KGmin>
      <RangeKG>0.1</RangeKG>
      <AG>0.1</AG>
      <PERC>7.3192983299117742</PERC>
      <Alpha>0</Alpha>
      <UZL>23.264568913694806</UZL>
      <K0>0.989985751413014</K0>
      <K1>0.20916225404502206</K1>
      <K2>0.098444098803909766</K2>
      <MAXBAS>2.4999995924920597</MAXBAS>
      <Cet>0</Cet>
      <PCALT>10</PCALT>
      <TCALT>0.6</TCALT>
      <Pelev>2541</Pelev>
      <Telev>2541</Telev>
      <PART>0.5</PART>
      <DELAY>1</DELAY>
    </SubCatchmentParameters>
    <SubCatchmentVegetationZone>
      <SubCatchmentVegetationZoneParameters>
        <TT>-0.26527564332503</TT>
        <CFMAX>1.1464089020867676</CFMAX>
        <SP>0</SP>
        <SFCF>0.91231639441570123</SFCF>
        <CFR>0.0028009641874129866</CFR>
        <CWH>0.12466384749744328</CWH>
        <CFGlacier>1</CFGlacier>
        <CFSlope>1</CFSlope>
        <FC>267.89514883434038</FC>
        <LP>0.30000154296942344</LP>
        <BETA>2.7643687966792805</BETA>
      </SubCatchmentVegetationZoneParameters>
    </SubCatchmentVegetationZone>
  </SubCatchment>
</Catchment>