<?xml version="1.0" encoding="utf-8"?>
<Catchment xmlns:xsi="http://www.w3.org/2001/XMLSchema-instance" xmlns:xsd="http://www.w3.org/2001/XMLSchema">
  <CatchmentParameters>
    <KSI>0.001</KSI>
    <KGmin>0.05</KGmin>
    <RangeKG>0.1</RangeKG>
    <AG>0.1</AG>
    <PERC>9.6092902798575945</PERC>
    <Alpha>0</Alpha>
    <UZL>122.93829586508088</UZL>
    <K0>0.53639140433816279</K0>
    <K1>0.41255782984521927</K1>
    <K2>0.10600850820065376</K2>
    <MAXBAS>1.9799193255834371</MAXBAS>
    <Cet>0</Cet>
    <PCALT>10</PCALT>
    <TCALT>0.6</TCALT>
    <Pelev>2541</Pelev>
    <Telev>2541</Telev>
    <PART>0.5</PART>
    <DELAY>1</DELAY>
  </CatchmentParameters>
  <VegetationZone>
    <VegetationZoneParameters>
      <TT>-1.2576284684686452</TT>
      <CFMAX>1.1399897071851595</CFMAX>
      <SP>0</SP>
      <SFCF>1.2108726775539922</SFCF>
      <CFR>0.0999987105430906</CFR>
      <CWH>0.10000584745101643</CWH>
      <CFGlacier>1</CFGlacier>
      <CFSlope>1</CFSlope>
      <FC>524.85662280437339</FC>
      <LP>0.73325618384663427</LP>
      <BETA>2.4582629000853484</BETA>
    </VegetationZoneParameters>
  </VegetationZone>
  <SubCatchment>
    <SubCatchmentParameters>
      <KSI>0.001</KSI>
      <KGmin>0.05</KGmin>
      <RangeKG>0.1</RangeKG>
      <AG>0.1</AG>
      <PERC>9.6092902798575945</PERC>
      <Alpha>0</Alpha>
      <UZL>122.93829586508088</UZL>
      <K0>0.53639140433816279</K0>
      <K1>0.41255782984521927</K1>
      <K2>0.10600850820065376</K2>
      <MAXBAS>1.9799193255834371</MAXBAS>
      <Cet>0</Cet>
      <PCALT>10</PCALT>
      <TCALT>0.6</TCALT>
      <Pelev>2541</Pelev>
      <Telev>2541</Telev>
      <PART>0.5</PART>
      <DELAY>1</DELAY>
    </SubCatchmentParameters>
    <SubCatchmentVegetationZone>
      <SubCatchmentVegetationZoneParameters>
        <TT>-1.2576284684686452</TT>
        <CFMAX>1.1399897071851595</CFMAX>
        <SP>0</SP>
        <SFCF>1.2108726775539922</SFCF>
        <CFR>0.0999987105430906</CFR>
        <CWH>0.10000584745101643</CWH>
        <CFGlacier>1</CFGlacier>
        <CFSlope>1</CFSlope>
        <FC>524.85662280437339</FC>
        <LP>0.73325618384663427</LP>
        <BETA>2.4582629000853484</BETA>
      </SubCatchmentVegetationZoneParameters>
    </SubCatchmentVegetationZone>
  </SubCatchment>
</Catchment>