<?xml version="1.0" encoding="utf-8"?>
<Catchment xmlns:xsi="http://www.w3.org/2001/XMLSchema-instance" xmlns:xsd="http://www.w3.org/2001/XMLSchema">
  <CatchmentParameters>
    <KSI>0.001</KSI>
    <KGmin>0.05</KGmin>
    <RangeKG>0.1</RangeKG>
    <AG>0.1</AG>
    <PERC>1.0245060993991759</PERC>
    <Alpha>0</Alpha>
    <UZL>144.58061606209211</UZL>
    <K0>0.34389368284499078</K0>
    <K1>0.089332953518631644</K1>
    <K2>0.022838369749576367</K2>
    <MAXBAS>1</MAXBAS>
    <Cet>0</Cet>
    <PCALT>10</PCALT>
    <TCALT>0.6</TCALT>
    <Pelev>2541</Pelev>
    <Telev>2541</Telev>
    <PART>0.5</PART>
    <DELAY>1</DELAY>
  </CatchmentParameters>
  <VegetationZone>
    <VegetationZoneParameters>
      <TT>-0.078963426772457629</TT>
      <CFMAX>1.9927364275544275</CFMAX>
      <SP>0</SP>
      <SFCF>1.224756710644265</SFCF>
      <CFR>3.7947962754691163E-07</CFR>
      <CWH>0.10000020034825413</CWH>
      <CFGlacier>1</CFGlacier>
      <CFSlope>1</CFSlope>
      <FC>779.63840883346973</FC>
      <LP>0.93598073779042334</LP>
      <BETA>2.4955150776326906</BETA>
    </VegetationZoneParameters>
  </VegetationZone>
  <SubCatchment>
    <SubCatchmentParameters>
      <KSI>0.001</KSI>
      <KGmin>0.05</KGmin>
      <RangeKG>0.1</RangeKG>
      <AG>0.1</AG>
      <PERC>1.0245060993991759</PERC>
      <Alpha>0</Alpha>
      <UZL>144.58061606209211</UZL>
      <K0>0.34389368284499078</K0>
      <K1>0.089332953518631644</K1>
      <K2>0.022838369749576367</K2>
      <MAXBAS>1</MAXBAS>
      <Cet>0</Cet>
      <PCALT>10</PCALT>
      <TCALT>0.6</TCALT>
      <Pelev>2541</Pelev>
      <Telev>2541</Telev>
      <PART>0.5</PART>
      <DELAY>1</DELAY>
    </SubCatchmentParameters>
    <SubCatchmentVegetationZone>
      <SubCatchmentVegetationZoneParameters>
        <TT>-0.078963426772457629</TT>
        <CFMAX>1.9927364275544275</CFMAX>
        <SP>0</SP>
        <SFCF>1.224756710644265</SFCF>
        <CFR>3.7947962754691163E-07</CFR>
        <CWH>0.10000020034825413</CWH>
        <CFGlacier>1</CFGlacier>
        <CFSlope>1</CFSlope>
        <FC>779.63840883346973</FC>
        <LP>0.93598073779042334</LP>
        <BETA>2.4955150776326906</BETA>
      </SubCatchmentVegetationZoneParameters>
    </SubCatchmentVegetationZone>
  </SubCatchment>
</Catchment>