<?xml version="1.0" encoding="utf-8"?>
<Catchment xmlns:xsi="http://www.w3.org/2001/XMLSchema-instance" xmlns:xsd="http://www.w3.org/2001/XMLSchema">
  <CatchmentParameters>
    <KSI>0.001</KSI>
    <KGmin>0.05</KGmin>
    <RangeKG>0.1</RangeKG>
    <AG>0.1</AG>
    <PERC>9.7647721798012537</PERC>
    <Alpha>0</Alpha>
    <UZL>106.99279853250491</UZL>
    <K0>0.36219809454609997</K0>
    <K1>0.47327309479148483</K1>
    <K2>0.11655217174291321</K2>
    <MAXBAS>1.851729113049017</MAXBAS>
    <Cet>0</Cet>
    <PCALT>10</PCALT>
    <TCALT>0.6</TCALT>
    <Pelev>2541</Pelev>
    <Telev>2541</Telev>
    <PART>0.5</PART>
    <DELAY>1</DELAY>
  </CatchmentParameters>
  <VegetationZone>
    <VegetationZoneParameters>
      <TT>-1.4796622988715606</TT>
      <CFMAX>1.0455841760945275</CFMAX>
      <SP>0</SP>
      <SFCF>1.199605200630308</SFCF>
      <CFR>0.099999988717497421</CFR>
      <CWH>0.14568028485114806</CWH>
      <CFGlacier>1</CFGlacier>
      <CFSlope>1</CFSlope>
      <FC>545.44736109169344</FC>
      <LP>0.75499932177942308</LP>
      <BETA>2.7009214942320172</BETA>
    </VegetationZoneParameters>
  </VegetationZone>
  <SubCatchment>
    <SubCatchmentParameters>
      <KSI>0.001</KSI>
      <KGmin>0.05</KGmin>
      <RangeKG>0.1</RangeKG>
      <AG>0.1</AG>
      <PERC>9.7647721798012537</PERC>
      <Alpha>0</Alpha>
      <UZL>106.99279853250491</UZL>
      <K0>0.36219809454609997</K0>
      <K1>0.47327309479148483</K1>
      <K2>0.11655217174291321</K2>
      <MAXBAS>1.851729113049017</MAXBAS>
      <Cet>0</Cet>
      <PCALT>10</PCALT>
      <TCALT>0.6</TCALT>
      <Pelev>2541</Pelev>
      <Telev>2541</Telev>
      <PART>0.5</PART>
      <DELAY>1</DELAY>
    </SubCatchmentParameters>
    <SubCatchmentVegetationZone>
      <SubCatchmentVegetationZoneParameters>
        <TT>-1.4796622988715606</TT>
        <CFMAX>1.0455841760945275</CFMAX>
        <SP>0</SP>
        <SFCF>1.199605200630308</SFCF>
        <CFR>0.099999988717497421</CFR>
        <CWH>0.14568028485114806</CWH>
        <CFGlacier>1</CFGlacier>
        <CFSlope>1</CFSlope>
        <FC>545.44736109169344</FC>
        <LP>0.75499932177942308</LP>
        <BETA>2.7009214942320172</BETA>
      </SubCatchmentVegetationZoneParameters>
    </SubCatchmentVegetationZone>
  </SubCatchment>
</Catchment>