<?xml version="1.0" encoding="utf-8"?>
<Catchment xmlns:xsi="http://www.w3.org/2001/XMLSchema-instance" xmlns:xsd="http://www.w3.org/2001/XMLSchema">
  <CatchmentParameters>
    <KSI>0.001</KSI>
    <KGmin>0.05</KGmin>
    <RangeKG>0.1</RangeKG>
    <AG>0.1</AG>
    <PERC>1.019965971568926</PERC>
    <Alpha>0</Alpha>
    <UZL>197.77048021324478</UZL>
    <K0>0.14707172578577044</K0>
    <K1>0.079746734878591852</K1>
    <K2>0.021128585320223589</K2>
    <MAXBAS>1</MAXBAS>
    <Cet>0</Cet>
    <PCALT>10</PCALT>
    <TCALT>0.6</TCALT>
    <Pelev>2541</Pelev>
    <Telev>2541</Telev>
    <PART>0.5</PART>
    <DELAY>1</DELAY>
  </CatchmentParameters>
  <VegetationZone>
    <VegetationZoneParameters>
      <TT>0.16218886223345855</TT>
      <CFMAX>2.5991463079840575</CFMAX>
      <SP>0</SP>
      <SFCF>1.352830537688533</SFCF>
      <CFR>2.411706143037343E-08</CFR>
      <CWH>0.10000000875209113</CWH>
      <CFGlacier>1</CFGlacier>
      <CFSlope>1</CFSlope>
      <FC>1104.5558276502695</FC>
      <LP>0.79493853036080631</LP>
      <BETA>2.482730302119323</BETA>
    </VegetationZoneParameters>
  </VegetationZone>
  <SubCatchment>
    <SubCatchmentParameters>
      <KSI>0.001</KSI>
      <KGmin>0.05</KGmin>
      <RangeKG>0.1</RangeKG>
      <AG>0.1</AG>
      <PERC>1.019965971568926</PERC>
      <Alpha>0</Alpha>
      <UZL>197.77048021324478</UZL>
      <K0>0.14707172578577044</K0>
      <K1>0.079746734878591852</K1>
      <K2>0.021128585320223589</K2>
      <MAXBAS>1</MAXBAS>
      <Cet>0</Cet>
      <PCALT>10</PCALT>
      <TCALT>0.6</TCALT>
      <Pelev>2541</Pelev>
      <Telev>2541</Telev>
      <PART>0.5</PART>
      <DELAY>1</DELAY>
    </SubCatchmentParameters>
    <SubCatchmentVegetationZone>
      <SubCatchmentVegetationZoneParameters>
        <TT>0.16218886223345855</TT>
        <CFMAX>2.5991463079840575</CFMAX>
        <SP>0</SP>
        <SFCF>1.352830537688533</SFCF>
        <CFR>2.411706143037343E-08</CFR>
        <CWH>0.10000000875209113</CWH>
        <CFGlacier>1</CFGlacier>
        <CFSlope>1</CFSlope>
        <FC>1104.5558276502695</FC>
        <LP>0.79493853036080631</LP>
        <BETA>2.482730302119323</BETA>
      </SubCatchmentVegetationZoneParameters>
    </SubCatchmentVegetationZone>
  </SubCatchment>
</Catchment>