<?xml version="1.0" encoding="utf-8"?>
<Catchment xmlns:xsi="http://www.w3.org/2001/XMLSchema-instance" xmlns:xsd="http://www.w3.org/2001/XMLSchema">
  <CatchmentParameters>
    <KSI>0.001</KSI>
    <KGmin>0.05</KGmin>
    <RangeKG>0.1</RangeKG>
    <AG>0.1</AG>
    <PERC>9.9999778161506825</PERC>
    <Alpha>0</Alpha>
    <UZL>63.526109816725537</UZL>
    <K0>0.52359156617086011</K0>
    <K1>0.37573226496792617</K1>
    <K2>0.088847870458274955</K2>
    <MAXBAS>2.4999927171189085</MAXBAS>
    <Cet>0</Cet>
    <PCALT>10</PCALT>
    <TCALT>0.6</TCALT>
    <Pelev>2541</Pelev>
    <Telev>2541</Telev>
    <PART>0.5</PART>
    <DELAY>1</DELAY>
  </CatchmentParameters>
  <VegetationZone>
    <VegetationZoneParameters>
      <TT>-0.26527350560716362</TT>
      <CFMAX>1.4034124143866706</CFMAX>
      <SP>0</SP>
      <SFCF>1.0102889667163235</SFCF>
      <CFR>0.064505908360545636</CFR>
      <CWH>0.10000007300655588</CWH>
      <CFGlacier>1</CFGlacier>
      <CFSlope>1</CFSlope>
      <FC>298.07647419975791</FC>
      <LP>0.300004471742233</LP>
      <BETA>1.9058264068112114</BETA>
    </VegetationZoneParameters>
  </VegetationZone>
  <SubCatchment>
    <SubCatchmentParameters>
      <KSI>0.001</KSI>
      <KGmin>0.05</KGmin>
      <RangeKG>0.1</RangeKG>
      <AG>0.1</AG>
      <PERC>9.9999778161506825</PERC>
      <Alpha>0</Alpha>
      <UZL>63.526109816725537</UZL>
      <K0>0.52359156617086011</K0>
      <K1>0.37573226496792617</K1>
      <K2>0.088847870458274955</K2>
      <MAXBAS>2.4999927171189085</MAXBAS>
      <Cet>0</Cet>
      <PCALT>10</PCALT>
      <TCALT>0.6</TCALT>
      <Pelev>2541</Pelev>
      <Telev>2541</Telev>
      <PART>0.5</PART>
      <DELAY>1</DELAY>
    </SubCatchmentParameters>
    <SubCatchmentVegetationZone>
      <SubCatchmentVegetationZoneParameters>
        <TT>-0.26527350560716362</TT>
        <CFMAX>1.4034124143866706</CFMAX>
        <SP>0</SP>
        <SFCF>1.0102889667163235</SFCF>
        <CFR>0.064505908360545636</CFR>
        <CWH>0.10000007300655588</CWH>
        <CFGlacier>1</CFGlacier>
        <CFSlope>1</CFSlope>
        <FC>298.07647419975791</FC>
        <LP>0.300004471742233</LP>
        <BETA>1.9058264068112114</BETA>
      </SubCatchmentVegetationZoneParameters>
    </SubCatchmentVegetationZone>
  </SubCatchment>
</Catchment>