<?xml version="1.0" encoding="utf-8"?>
<Catchment xmlns:xsi="http://www.w3.org/2001/XMLSchema-instance" xmlns:xsd="http://www.w3.org/2001/XMLSchema">
  <CatchmentParameters>
    <KSI>0.001</KSI>
    <KGmin>0.05</KGmin>
    <RangeKG>0.1</RangeKG>
    <AG>0.1</AG>
    <PERC>1.2375292610181807</PERC>
    <Alpha>0</Alpha>
    <UZL>122.02231585688804</UZL>
    <K0>0.37469603202347468</K0>
    <K1>0.10509988316964834</K1>
    <K2>0.021982296981746637</K2>
    <MAXBAS>1</MAXBAS>
    <Cet>0</Cet>
    <PCALT>10</PCALT>
    <TCALT>0.6</TCALT>
    <Pelev>2541</Pelev>
    <Telev>2541</Telev>
    <PART>0.5</PART>
    <DELAY>1</DELAY>
  </CatchmentParameters>
  <VegetationZone>
    <VegetationZoneParameters>
      <TT>-0.3134529519315985</TT>
      <CFMAX>1.7023831073113684</CFMAX>
      <SP>0</SP>
      <SFCF>1.172982780777948</SFCF>
      <CFR>2.7978837488834012E-07</CFR>
      <CWH>0.1000000000861174</CWH>
      <CFGlacier>1</CFGlacier>
      <CFSlope>1</CFSlope>
      <FC>578.18226923961333</FC>
      <LP>0.85276908202186374</LP>
      <BETA>2.0812514435707814</BETA>
    </VegetationZoneParameters>
  </VegetationZone>
  <SubCatchment>
    <SubCatchmentParameters>
      <KSI>0.001</KSI>
      <KGmin>0.05</KGmin>
      <RangeKG>0.1</RangeKG>
      <AG>0.1</AG>
      <PERC>1.2375292610181807</PERC>
      <Alpha>0</Alpha>
      <UZL>122.02231585688804</UZL>
      <K0>0.37469603202347468</K0>
      <K1>0.10509988316964834</K1>
      <K2>0.021982296981746637</K2>
      <MAXBAS>1</MAXBAS>
      <Cet>0</Cet>
      <PCALT>10</PCALT>
      <TCALT>0.6</TCALT>
      <Pelev>2541</Pelev>
      <Telev>2541</Telev>
      <PART>0.5</PART>
      <DELAY>1</DELAY>
    </SubCatchmentParameters>
    <SubCatchmentVegetationZone>
      <SubCatchmentVegetationZoneParameters>
        <TT>-0.3134529519315985</TT>
        <CFMAX>1.7023831073113684</CFMAX>
        <SP>0</SP>
        <SFCF>1.172982780777948</SFCF>
        <CFR>2.7978837488834012E-07</CFR>
        <CWH>0.1000000000861174</CWH>
        <CFGlacier>1</CFGlacier>
        <CFSlope>1</CFSlope>
        <FC>578.18226923961333</FC>
        <LP>0.85276908202186374</LP>
        <BETA>2.0812514435707814</BETA>
      </SubCatchmentVegetationZoneParameters>
    </SubCatchmentVegetationZone>
  </SubCatchment>
</Catchment>