<?xml version="1.0" encoding="utf-8"?>
<Catchment xmlns:xsi="http://www.w3.org/2001/XMLSchema-instance" xmlns:xsd="http://www.w3.org/2001/XMLSchema">
  <CatchmentParameters>
    <KSI>0.001</KSI>
    <KGmin>0.05</KGmin>
    <RangeKG>0.1</RangeKG>
    <AG>0.1</AG>
    <PERC>0.87336712465623356</PERC>
    <Alpha>0</Alpha>
    <UZL>183.149859389334</UZL>
    <K0>0.3333656219936843</K0>
    <K1>0.072904869392099586</K1>
    <K2>0.020881010705712025</K2>
    <MAXBAS>1</MAXBAS>
    <Cet>0</Cet>
    <PCALT>10</PCALT>
    <TCALT>0.6</TCALT>
    <Pelev>2541</Pelev>
    <Telev>2541</Telev>
    <PART>0.5</PART>
    <DELAY>1</DELAY>
  </CatchmentParameters>
  <VegetationZone>
    <VegetationZoneParameters>
      <TT>0.20336590310279926</TT>
      <CFMAX>2.6409880839764455</CFMAX>
      <SP>0</SP>
      <SFCF>1.3437670687706502</SFCF>
      <CFR>3.2148953042242205E-07</CFR>
      <CWH>0.10000001633303383</CWH>
      <CFGlacier>1</CFGlacier>
      <CFSlope>1</CFSlope>
      <FC>1119.8800654781398</FC>
      <LP>0.81033191068873112</LP>
      <BETA>2.4925900591288386</BETA>
    </VegetationZoneParameters>
  </VegetationZone>
  <SubCatchment>
    <SubCatchmentParameters>
      <KSI>0.001</KSI>
      <KGmin>0.05</KGmin>
      <RangeKG>0.1</RangeKG>
      <AG>0.1</AG>
      <PERC>0.87336712465623356</PERC>
      <Alpha>0</Alpha>
      <UZL>183.149859389334</UZL>
      <K0>0.3333656219936843</K0>
      <K1>0.072904869392099586</K1>
      <K2>0.020881010705712025</K2>
      <MAXBAS>1</MAXBAS>
      <Cet>0</Cet>
      <PCALT>10</PCALT>
      <TCALT>0.6</TCALT>
      <Pelev>2541</Pelev>
      <Telev>2541</Telev>
      <PART>0.5</PART>
      <DELAY>1</DELAY>
    </SubCatchmentParameters>
    <SubCatchmentVegetationZone>
      <SubCatchmentVegetationZoneParameters>
        <TT>0.20336590310279926</TT>
        <CFMAX>2.6409880839764455</CFMAX>
        <SP>0</SP>
        <SFCF>1.3437670687706502</SFCF>
        <CFR>3.2148953042242205E-07</CFR>
        <CWH>0.10000001633303383</CWH>
        <CFGlacier>1</CFGlacier>
        <CFSlope>1</CFSlope>
        <FC>1119.8800654781398</FC>
        <LP>0.81033191068873112</LP>
        <BETA>2.4925900591288386</BETA>
      </SubCatchmentVegetationZoneParameters>
    </SubCatchmentVegetationZone>
  </SubCatchment>
</Catchment>