<?xml version="1.0" encoding="utf-8"?>
<Catchment xmlns:xsi="http://www.w3.org/2001/XMLSchema-instance" xmlns:xsd="http://www.w3.org/2001/XMLSchema">
  <CatchmentParameters>
    <KSI>0.001</KSI>
    <KGmin>0.05</KGmin>
    <RangeKG>0.1</RangeKG>
    <AG>0.1</AG>
    <PERC>0.94477064373102937</PERC>
    <Alpha>0</Alpha>
    <UZL>154.58232325489911</UZL>
    <K0>0.51316134490684362</K0>
    <K1>0.11078411766090701</K1>
    <K2>0.018720059615605869</K2>
    <MAXBAS>1</MAXBAS>
    <Cet>0</Cet>
    <PCALT>10</PCALT>
    <TCALT>0.6</TCALT>
    <Pelev>2541</Pelev>
    <Telev>2541</Telev>
    <PART>0.5</PART>
    <DELAY>1</DELAY>
  </CatchmentParameters>
  <VegetationZone>
    <VegetationZoneParameters>
      <TT>-0.76447152535609542</TT>
      <CFMAX>1.2664383365663403</CFMAX>
      <SP>0</SP>
      <SFCF>1.0814294605569594</SFCF>
      <CFR>0.0817149709849057</CFR>
      <CWH>0.10000000144617216</CWH>
      <CFGlacier>1</CFGlacier>
      <CFSlope>1</CFSlope>
      <FC>380.1960640027076</FC>
      <LP>0.68442550713820838</LP>
      <BETA>1.8953650336861374</BETA>
    </VegetationZoneParameters>
  </VegetationZone>
  <SubCatchment>
    <SubCatchmentParameters>
      <KSI>0.001</KSI>
      <KGmin>0.05</KGmin>
      <RangeKG>0.1</RangeKG>
      <AG>0.1</AG>
      <PERC>0.94477064373102937</PERC>
      <Alpha>0</Alpha>
      <UZL>154.58232325489911</UZL>
      <K0>0.51316134490684362</K0>
      <K1>0.11078411766090701</K1>
      <K2>0.018720059615605869</K2>
      <MAXBAS>1</MAXBAS>
      <Cet>0</Cet>
      <PCALT>10</PCALT>
      <TCALT>0.6</TCALT>
      <Pelev>2541</Pelev>
      <Telev>2541</Telev>
      <PART>0.5</PART>
      <DELAY>1</DELAY>
    </SubCatchmentParameters>
    <SubCatchmentVegetationZone>
      <SubCatchmentVegetationZoneParameters>
        <TT>-0.76447152535609542</TT>
        <CFMAX>1.2664383365663403</CFMAX>
        <SP>0</SP>
        <SFCF>1.0814294605569594</SFCF>
        <CFR>0.0817149709849057</CFR>
        <CWH>0.10000000144617216</CWH>
        <CFGlacier>1</CFGlacier>
        <CFSlope>1</CFSlope>
        <FC>380.1960640027076</FC>
        <LP>0.68442550713820838</LP>
        <BETA>1.8953650336861374</BETA>
      </SubCatchmentVegetationZoneParameters>
    </SubCatchmentVegetationZone>
  </SubCatchment>
</Catchment>