<?xml version="1.0" encoding="utf-8"?>
<Catchment xmlns:xsi="http://www.w3.org/2001/XMLSchema-instance" xmlns:xsd="http://www.w3.org/2001/XMLSchema">
  <CatchmentParameters>
    <KSI>0.001</KSI>
    <KGmin>0.05</KGmin>
    <RangeKG>0.1</RangeKG>
    <AG>0.1</AG>
    <PERC>8.3900881537166327</PERC>
    <Alpha>0</Alpha>
    <UZL>153.97468194486211</UZL>
    <K0>0.6047753301257407</K0>
    <K1>0.41075573163045348</K1>
    <K2>0.11711390262011812</K2>
    <MAXBAS>1.7710785809631815</MAXBAS>
    <Cet>0</Cet>
    <PCALT>10</PCALT>
    <TCALT>0.6</TCALT>
    <Pelev>2541</Pelev>
    <Telev>2541</Telev>
    <PART>0.5</PART>
    <DELAY>1</DELAY>
  </CatchmentParameters>
  <VegetationZone>
    <VegetationZoneParameters>
      <TT>-1.4161832728160808</TT>
      <CFMAX>1.0137672278403693</CFMAX>
      <SP>0</SP>
      <SFCF>1.1602336517301504</SFCF>
      <CFR>0.099999429917924959</CFR>
      <CWH>0.16321833415888726</CWH>
      <CFGlacier>1</CFGlacier>
      <CFSlope>1</CFSlope>
      <FC>531.41769889133229</FC>
      <LP>0.76149576967900556</LP>
      <BETA>2.8063142506362468</BETA>
    </VegetationZoneParameters>
  </VegetationZone>
  <SubCatchment>
    <SubCatchmentParameters>
      <KSI>0.001</KSI>
      <KGmin>0.05</KGmin>
      <RangeKG>0.1</RangeKG>
      <AG>0.1</AG>
      <PERC>8.3900881537166327</PERC>
      <Alpha>0</Alpha>
      <UZL>153.97468194486211</UZL>
      <K0>0.6047753301257407</K0>
      <K1>0.41075573163045348</K1>
      <K2>0.11711390262011812</K2>
      <MAXBAS>1.7710785809631815</MAXBAS>
      <Cet>0</Cet>
      <PCALT>10</PCALT>
      <TCALT>0.6</TCALT>
      <Pelev>2541</Pelev>
      <Telev>2541</Telev>
      <PART>0.5</PART>
      <DELAY>1</DELAY>
    </SubCatchmentParameters>
    <SubCatchmentVegetationZone>
      <SubCatchmentVegetationZoneParameters>
        <TT>-1.4161832728160808</TT>
        <CFMAX>1.0137672278403693</CFMAX>
        <SP>0</SP>
        <SFCF>1.1602336517301504</SFCF>
        <CFR>0.099999429917924959</CFR>
        <CWH>0.16321833415888726</CWH>
        <CFGlacier>1</CFGlacier>
        <CFSlope>1</CFSlope>
        <FC>531.41769889133229</FC>
        <LP>0.76149576967900556</LP>
        <BETA>2.8063142506362468</BETA>
      </SubCatchmentVegetationZoneParameters>
    </SubCatchmentVegetationZone>
  </SubCatchment>
</Catchment>