<?xml version="1.0" encoding="utf-8"?>
<Catchment xmlns:xsi="http://www.w3.org/2001/XMLSchema-instance" xmlns:xsd="http://www.w3.org/2001/XMLSchema">
  <CatchmentParameters>
    <KSI>0.001</KSI>
    <KGmin>0.05</KGmin>
    <RangeKG>0.1</RangeKG>
    <AG>0.1</AG>
    <PERC>0.8340388280435671</PERC>
    <Alpha>0</Alpha>
    <UZL>163.37454263201514</UZL>
    <K0>0.49131892996041826</K0>
    <K1>0.11117220749281508</K1>
    <K2>0.019665348819541923</K2>
    <MAXBAS>1</MAXBAS>
    <Cet>0</Cet>
    <PCALT>10</PCALT>
    <TCALT>0.6</TCALT>
    <Pelev>2541</Pelev>
    <Telev>2541</Telev>
    <PART>0.5</PART>
    <DELAY>1</DELAY>
  </CatchmentParameters>
  <VegetationZone>
    <VegetationZoneParameters>
      <TT>-1.2577417886295672</TT>
      <CFMAX>1.422807466518885</CFMAX>
      <SP>0</SP>
      <SFCF>1.3567371659089009</SFCF>
      <CFR>0.032202183309839164</CFR>
      <CWH>0.10000000058039446</CWH>
      <CFGlacier>1</CFGlacier>
      <CFSlope>1</CFSlope>
      <FC>882.49951309708945</FC>
      <LP>0.8674869414015971</LP>
      <BETA>2.9962246784869748</BETA>
    </VegetationZoneParameters>
  </VegetationZone>
  <SubCatchment>
    <SubCatchmentParameters>
      <KSI>0.001</KSI>
      <KGmin>0.05</KGmin>
      <RangeKG>0.1</RangeKG>
      <AG>0.1</AG>
      <PERC>0.8340388280435671</PERC>
      <Alpha>0</Alpha>
      <UZL>163.37454263201514</UZL>
      <K0>0.49131892996041826</K0>
      <K1>0.11117220749281508</K1>
      <K2>0.019665348819541923</K2>
      <MAXBAS>1</MAXBAS>
      <Cet>0</Cet>
      <PCALT>10</PCALT>
      <TCALT>0.6</TCALT>
      <Pelev>2541</Pelev>
      <Telev>2541</Telev>
      <PART>0.5</PART>
      <DELAY>1</DELAY>
    </SubCatchmentParameters>
    <SubCatchmentVegetationZone>
      <SubCatchmentVegetationZoneParameters>
        <TT>-1.2577417886295672</TT>
        <CFMAX>1.422807466518885</CFMAX>
        <SP>0</SP>
        <SFCF>1.3567371659089009</SFCF>
        <CFR>0.032202183309839164</CFR>
        <CWH>0.10000000058039446</CWH>
        <CFGlacier>1</CFGlacier>
        <CFSlope>1</CFSlope>
        <FC>882.49951309708945</FC>
        <LP>0.8674869414015971</LP>
        <BETA>2.9962246784869748</BETA>
      </SubCatchmentVegetationZoneParameters>
    </SubCatchmentVegetationZone>
  </SubCatchment>
</Catchment>