<?xml version="1.0" encoding="utf-8"?>
<Catchment xmlns:xsi="http://www.w3.org/2001/XMLSchema-instance" xmlns:xsd="http://www.w3.org/2001/XMLSchema">
  <CatchmentParameters>
    <KSI>0.001</KSI>
    <KGmin>0.05</KGmin>
    <RangeKG>0.1</RangeKG>
    <AG>0.1</AG>
    <PERC>9.4783510835007458</PERC>
    <Alpha>0</Alpha>
    <UZL>99.878507920425321</UZL>
    <K0>0.25579578232365374</K0>
    <K1>0.4104762069939788</K1>
    <K2>0.1198041446035676</K2>
    <MAXBAS>1.7620425697523006</MAXBAS>
    <Cet>0</Cet>
    <PCALT>10</PCALT>
    <TCALT>0.6</TCALT>
    <Pelev>2541</Pelev>
    <Telev>2541</Telev>
    <PART>0.5</PART>
    <DELAY>1</DELAY>
  </CatchmentParameters>
  <VegetationZone>
    <VegetationZoneParameters>
      <TT>-1.4954935994278749</TT>
      <CFMAX>1.0721714818086341</CFMAX>
      <SP>0</SP>
      <SFCF>1.2305123299504401</SFCF>
      <CFR>0.099997497890165821</CFR>
      <CWH>0.13494999797616022</CWH>
      <CFGlacier>1</CFGlacier>
      <CFSlope>1</CFSlope>
      <FC>470.15965763823959</FC>
      <LP>0.45148308359168055</LP>
      <BETA>2.0187831602406385</BETA>
    </VegetationZoneParameters>
  </VegetationZone>
  <SubCatchment>
    <SubCatchmentParameters>
      <KSI>0.001</KSI>
      <KGmin>0.05</KGmin>
      <RangeKG>0.1</RangeKG>
      <AG>0.1</AG>
      <PERC>9.4783510835007458</PERC>
      <Alpha>0</Alpha>
      <UZL>99.878507920425321</UZL>
      <K0>0.25579578232365374</K0>
      <K1>0.4104762069939788</K1>
      <K2>0.1198041446035676</K2>
      <MAXBAS>1.7620425697523006</MAXBAS>
      <Cet>0</Cet>
      <PCALT>10</PCALT>
      <TCALT>0.6</TCALT>
      <Pelev>2541</Pelev>
      <Telev>2541</Telev>
      <PART>0.5</PART>
      <DELAY>1</DELAY>
    </SubCatchmentParameters>
    <SubCatchmentVegetationZone>
      <SubCatchmentVegetationZoneParameters>
        <TT>-1.4954935994278749</TT>
        <CFMAX>1.0721714818086341</CFMAX>
        <SP>0</SP>
        <SFCF>1.2305123299504401</SFCF>
        <CFR>0.099997497890165821</CFR>
        <CWH>0.13494999797616022</CWH>
        <CFGlacier>1</CFGlacier>
        <CFSlope>1</CFSlope>
        <FC>470.15965763823959</FC>
        <LP>0.45148308359168055</LP>
        <BETA>2.0187831602406385</BETA>
      </SubCatchmentVegetationZoneParameters>
    </SubCatchmentVegetationZone>
  </SubCatchment>
</Catchment>