<?xml version="1.0" encoding="utf-8"?>
<Catchment xmlns:xsi="http://www.w3.org/2001/XMLSchema-instance" xmlns:xsd="http://www.w3.org/2001/XMLSchema">
  <CatchmentParameters>
    <KSI>0.001</KSI>
    <KGmin>0.05</KGmin>
    <RangeKG>0.1</RangeKG>
    <AG>0.1</AG>
    <PERC>8.5053086927909174</PERC>
    <Alpha>0</Alpha>
    <UZL>158.9593264210086</UZL>
    <K0>0.18005359651429853</K0>
    <K1>0.18503195010849205</K1>
    <K2>0.07620037535477267</K2>
    <MAXBAS>2.0397589757219685</MAXBAS>
    <Cet>0</Cet>
    <PCALT>10</PCALT>
    <TCALT>0.6</TCALT>
    <Pelev>2541</Pelev>
    <Telev>2541</Telev>
    <PART>0.5</PART>
    <DELAY>1</DELAY>
  </CatchmentParameters>
  <VegetationZone>
    <VegetationZoneParameters>
      <TT>0.67247481297972023</TT>
      <CFMAX>1.448524146588458</CFMAX>
      <SP>0</SP>
      <SFCF>0.83055803268436312</SFCF>
      <CFR>0.0034263821425306509</CFR>
      <CWH>0.10000007443049884</CWH>
      <CFGlacier>1</CFGlacier>
      <CFSlope>1</CFSlope>
      <FC>194.57936932535202</FC>
      <LP>0.30000183063517222</LP>
      <BETA>4.4973085110438111</BETA>
    </VegetationZoneParameters>
  </VegetationZone>
  <SubCatchment>
    <SubCatchmentParameters>
      <KSI>0.001</KSI>
      <KGmin>0.05</KGmin>
      <RangeKG>0.1</RangeKG>
      <AG>0.1</AG>
      <PERC>8.5053086927909174</PERC>
      <Alpha>0</Alpha>
      <UZL>158.9593264210086</UZL>
      <K0>0.18005359651429853</K0>
      <K1>0.18503195010849205</K1>
      <K2>0.07620037535477267</K2>
      <MAXBAS>2.0397589757219685</MAXBAS>
      <Cet>0</Cet>
      <PCALT>10</PCALT>
      <TCALT>0.6</TCALT>
      <Pelev>2541</Pelev>
      <Telev>2541</Telev>
      <PART>0.5</PART>
      <DELAY>1</DELAY>
    </SubCatchmentParameters>
    <SubCatchmentVegetationZone>
      <SubCatchmentVegetationZoneParameters>
        <TT>0.67247481297972023</TT>
        <CFMAX>1.448524146588458</CFMAX>
        <SP>0</SP>
        <SFCF>0.83055803268436312</SFCF>
        <CFR>0.0034263821425306509</CFR>
        <CWH>0.10000007443049884</CWH>
        <CFGlacier>1</CFGlacier>
        <CFSlope>1</CFSlope>
        <FC>194.57936932535202</FC>
        <LP>0.30000183063517222</LP>
        <BETA>4.4973085110438111</BETA>
      </SubCatchmentVegetationZoneParameters>
    </SubCatchmentVegetationZone>
  </SubCatchment>
</Catchment>