<?xml version="1.0" encoding="utf-8"?>
<Catchment xmlns:xsi="http://www.w3.org/2001/XMLSchema-instance" xmlns:xsd="http://www.w3.org/2001/XMLSchema">
  <CatchmentParameters>
    <KSI>0.001</KSI>
    <KGmin>0.05</KGmin>
    <RangeKG>0.1</RangeKG>
    <AG>0.1</AG>
    <PERC>0.78447034043242558</PERC>
    <Alpha>0</Alpha>
    <UZL>136.23569590524929</UZL>
    <K0>0.57843817717206025</K0>
    <K1>0.10172256338693632</K1>
    <K2>0.018817729525814716</K2>
    <MAXBAS>1</MAXBAS>
    <Cet>0</Cet>
    <PCALT>10</PCALT>
    <TCALT>0.6</TCALT>
    <Pelev>2541</Pelev>
    <Telev>2541</Telev>
    <PART>0.5</PART>
    <DELAY>1</DELAY>
  </CatchmentParameters>
  <VegetationZone>
    <VegetationZoneParameters>
      <TT>-0.72456280569830189</TT>
      <CFMAX>1.7052395800346385</CFMAX>
      <SP>0</SP>
      <SFCF>1.317628987218624</SFCF>
      <CFR>6.6717220783595108E-08</CFR>
      <CWH>0.10001144322736354</CWH>
      <CFGlacier>1</CFGlacier>
      <CFSlope>1</CFSlope>
      <FC>922.24208920307262</FC>
      <LP>0.90644047205675427</LP>
      <BETA>2.9335775472097252</BETA>
    </VegetationZoneParameters>
  </VegetationZone>
  <SubCatchment>
    <SubCatchmentParameters>
      <KSI>0.001</KSI>
      <KGmin>0.05</KGmin>
      <RangeKG>0.1</RangeKG>
      <AG>0.1</AG>
      <PERC>0.78447034043242558</PERC>
      <Alpha>0</Alpha>
      <UZL>136.23569590524929</UZL>
      <K0>0.57843817717206025</K0>
      <K1>0.10172256338693632</K1>
      <K2>0.018817729525814716</K2>
      <MAXBAS>1</MAXBAS>
      <Cet>0</Cet>
      <PCALT>10</PCALT>
      <TCALT>0.6</TCALT>
      <Pelev>2541</Pelev>
      <Telev>2541</Telev>
      <PART>0.5</PART>
      <DELAY>1</DELAY>
    </SubCatchmentParameters>
    <SubCatchmentVegetationZone>
      <SubCatchmentVegetationZoneParameters>
        <TT>-0.72456280569830189</TT>
        <CFMAX>1.7052395800346385</CFMAX>
        <SP>0</SP>
        <SFCF>1.317628987218624</SFCF>
        <CFR>6.6717220783595108E-08</CFR>
        <CWH>0.10001144322736354</CWH>
        <CFGlacier>1</CFGlacier>
        <CFSlope>1</CFSlope>
        <FC>922.24208920307262</FC>
        <LP>0.90644047205675427</LP>
        <BETA>2.9335775472097252</BETA>
      </SubCatchmentVegetationZoneParameters>
    </SubCatchmentVegetationZone>
  </SubCatchment>
</Catchment>