<?xml version="1.0" encoding="utf-8"?>
<Catchment xmlns:xsi="http://www.w3.org/2001/XMLSchema-instance" xmlns:xsd="http://www.w3.org/2001/XMLSchema">
  <CatchmentParameters>
    <KSI>0.001</KSI>
    <KGmin>0.05</KGmin>
    <RangeKG>0.1</RangeKG>
    <AG>0.1</AG>
    <PERC>1.048414806367133</PERC>
    <Alpha>0</Alpha>
    <UZL>174.56429917147725</UZL>
    <K0>0.45314356395523842</K0>
    <K1>0.08804600368623175</K1>
    <K2>0.022046108870583409</K2>
    <MAXBAS>1</MAXBAS>
    <Cet>0</Cet>
    <PCALT>10</PCALT>
    <TCALT>0.6</TCALT>
    <Pelev>2541</Pelev>
    <Telev>2541</Telev>
    <PART>0.5</PART>
    <DELAY>1</DELAY>
  </CatchmentParameters>
  <VegetationZone>
    <VegetationZoneParameters>
      <TT>-0.305957236623925</TT>
      <CFMAX>2.4176649142394218</CFMAX>
      <SP>0</SP>
      <SFCF>1.4349897486013437</SFCF>
      <CFR>5.8940444971218812E-07</CFR>
      <CWH>0.10000012981758877</CWH>
      <CFGlacier>1</CFGlacier>
      <CFSlope>1</CFSlope>
      <FC>1462.4941761082257</FC>
      <LP>0.87148046397279755</LP>
      <BETA>3.6249020973362232</BETA>
    </VegetationZoneParameters>
  </VegetationZone>
  <SubCatchment>
    <SubCatchmentParameters>
      <KSI>0.001</KSI>
      <KGmin>0.05</KGmin>
      <RangeKG>0.1</RangeKG>
      <AG>0.1</AG>
      <PERC>1.048414806367133</PERC>
      <Alpha>0</Alpha>
      <UZL>174.56429917147725</UZL>
      <K0>0.45314356395523842</K0>
      <K1>0.08804600368623175</K1>
      <K2>0.022046108870583409</K2>
      <MAXBAS>1</MAXBAS>
      <Cet>0</Cet>
      <PCALT>10</PCALT>
      <TCALT>0.6</TCALT>
      <Pelev>2541</Pelev>
      <Telev>2541</Telev>
      <PART>0.5</PART>
      <DELAY>1</DELAY>
    </SubCatchmentParameters>
    <SubCatchmentVegetationZone>
      <SubCatchmentVegetationZoneParameters>
        <TT>-0.305957236623925</TT>
        <CFMAX>2.4176649142394218</CFMAX>
        <SP>0</SP>
        <SFCF>1.4349897486013437</SFCF>
        <CFR>5.8940444971218812E-07</CFR>
        <CWH>0.10000012981758877</CWH>
        <CFGlacier>1</CFGlacier>
        <CFSlope>1</CFSlope>
        <FC>1462.4941761082257</FC>
        <LP>0.87148046397279755</LP>
        <BETA>3.6249020973362232</BETA>
      </SubCatchmentVegetationZoneParameters>
    </SubCatchmentVegetationZone>
  </SubCatchment>
</Catchment>