<?xml version="1.0" encoding="utf-8"?>
<Catchment xmlns:xsi="http://www.w3.org/2001/XMLSchema-instance" xmlns:xsd="http://www.w3.org/2001/XMLSchema">
  <CatchmentParameters>
    <KSI>0.001</KSI>
    <KGmin>0.05</KGmin>
    <RangeKG>0.1</RangeKG>
    <AG>0.1</AG>
    <PERC>0.75479616094204027</PERC>
    <Alpha>0</Alpha>
    <UZL>150.32461549390629</UZL>
    <K0>0.246589547111688</K0>
    <K1>0.1092802524497916</K1>
    <K2>0.017598479451582726</K2>
    <MAXBAS>1</MAXBAS>
    <Cet>0</Cet>
    <PCALT>10</PCALT>
    <TCALT>0.6</TCALT>
    <Pelev>2541</Pelev>
    <Telev>2541</Telev>
    <PART>0.5</PART>
    <DELAY>1</DELAY>
  </CatchmentParameters>
  <VegetationZone>
    <VegetationZoneParameters>
      <TT>-0.8713219535211294</TT>
      <CFMAX>1.4294901180452391</CFMAX>
      <SP>0</SP>
      <SFCF>1.2266843018440889</SFCF>
      <CFR>0.071581205271171622</CFR>
      <CWH>0.10000000002349084</CWH>
      <CFGlacier>1</CFGlacier>
      <CFSlope>1</CFSlope>
      <FC>602.47925640340554</FC>
      <LP>0.79057442623563157</LP>
      <BETA>2.1890393520410227</BETA>
    </VegetationZoneParameters>
  </VegetationZone>
  <SubCatchment>
    <SubCatchmentParameters>
      <KSI>0.001</KSI>
      <KGmin>0.05</KGmin>
      <RangeKG>0.1</RangeKG>
      <AG>0.1</AG>
      <PERC>0.75479616094204027</PERC>
      <Alpha>0</Alpha>
      <UZL>150.32461549390629</UZL>
      <K0>0.246589547111688</K0>
      <K1>0.1092802524497916</K1>
      <K2>0.017598479451582726</K2>
      <MAXBAS>1</MAXBAS>
      <Cet>0</Cet>
      <PCALT>10</PCALT>
      <TCALT>0.6</TCALT>
      <Pelev>2541</Pelev>
      <Telev>2541</Telev>
      <PART>0.5</PART>
      <DELAY>1</DELAY>
    </SubCatchmentParameters>
    <SubCatchmentVegetationZone>
      <SubCatchmentVegetationZoneParameters>
        <TT>-0.8713219535211294</TT>
        <CFMAX>1.4294901180452391</CFMAX>
        <SP>0</SP>
        <SFCF>1.2266843018440889</SFCF>
        <CFR>0.071581205271171622</CFR>
        <CWH>0.10000000002349084</CWH>
        <CFGlacier>1</CFGlacier>
        <CFSlope>1</CFSlope>
        <FC>602.47925640340554</FC>
        <LP>0.79057442623563157</LP>
        <BETA>2.1890393520410227</BETA>
      </SubCatchmentVegetationZoneParameters>
    </SubCatchmentVegetationZone>
  </SubCatchment>
</Catchment>