<?xml version="1.0" encoding="utf-8"?>
<Catchment xmlns:xsi="http://www.w3.org/2001/XMLSchema-instance" xmlns:xsd="http://www.w3.org/2001/XMLSchema">
  <CatchmentParameters>
    <KSI>0.001</KSI>
    <KGmin>0.05</KGmin>
    <RangeKG>0.1</RangeKG>
    <AG>0.1</AG>
    <PERC>8.3338524158697691</PERC>
    <Alpha>0</Alpha>
    <UZL>25.676970131730549</UZL>
    <K0>0.98999313030190716</K0>
    <K1>0.19629925888194066</K1>
    <K2>0.0855333551656792</K2>
    <MAXBAS>2.4998668997385209</MAXBAS>
    <Cet>0</Cet>
    <PCALT>10</PCALT>
    <TCALT>0.6</TCALT>
    <Pelev>2541</Pelev>
    <Telev>2541</Telev>
    <PART>0.5</PART>
    <DELAY>1</DELAY>
  </CatchmentParameters>
  <VegetationZone>
    <VegetationZoneParameters>
      <TT>-0.29426288075772211</TT>
      <CFMAX>1.37153504333159</CFMAX>
      <SP>0</SP>
      <SFCF>1.0390300405339623</SFCF>
      <CFR>0.026583136827040776</CFR>
      <CWH>0.10000000776126634</CWH>
      <CFGlacier>1</CFGlacier>
      <CFSlope>1</CFSlope>
      <FC>293.75127819936586</FC>
      <LP>0.30000196580164651</LP>
      <BETA>2.0194023124650506</BETA>
    </VegetationZoneParameters>
  </VegetationZone>
  <SubCatchment>
    <SubCatchmentParameters>
      <KSI>0.001</KSI>
      <KGmin>0.05</KGmin>
      <RangeKG>0.1</RangeKG>
      <AG>0.1</AG>
      <PERC>8.3338524158697691</PERC>
      <Alpha>0</Alpha>
      <UZL>25.676970131730549</UZL>
      <K0>0.98999313030190716</K0>
      <K1>0.19629925888194066</K1>
      <K2>0.0855333551656792</K2>
      <MAXBAS>2.4998668997385209</MAXBAS>
      <Cet>0</Cet>
      <PCALT>10</PCALT>
      <TCALT>0.6</TCALT>
      <Pelev>2541</Pelev>
      <Telev>2541</Telev>
      <PART>0.5</PART>
      <DELAY>1</DELAY>
    </SubCatchmentParameters>
    <SubCatchmentVegetationZone>
      <SubCatchmentVegetationZoneParameters>
        <TT>-0.29426288075772211</TT>
        <CFMAX>1.37153504333159</CFMAX>
        <SP>0</SP>
        <SFCF>1.0390300405339623</SFCF>
        <CFR>0.026583136827040776</CFR>
        <CWH>0.10000000776126634</CWH>
        <CFGlacier>1</CFGlacier>
        <CFSlope>1</CFSlope>
        <FC>293.75127819936586</FC>
        <LP>0.30000196580164651</LP>
        <BETA>2.0194023124650506</BETA>
      </SubCatchmentVegetationZoneParameters>
    </SubCatchmentVegetationZone>
  </SubCatchment>
</Catchment>