<?xml version="1.0" encoding="utf-8"?>
<Catchment xmlns:xsi="http://www.w3.org/2001/XMLSchema-instance" xmlns:xsd="http://www.w3.org/2001/XMLSchema">
  <CatchmentParameters>
    <KSI>0.001</KSI>
    <KGmin>0.05</KGmin>
    <RangeKG>0.1</RangeKG>
    <AG>0.1</AG>
    <PERC>6.61099897904837</PERC>
    <Alpha>0</Alpha>
    <UZL>22.691187983939411</UZL>
    <K0>0.9899832690012188</K0>
    <K1>0.22509345541497711</K1>
    <K2>0.11928867567473585</K2>
    <MAXBAS>1.6209481766338343</MAXBAS>
    <Cet>0</Cet>
    <PCALT>10</PCALT>
    <TCALT>0.6</TCALT>
    <Pelev>2541</Pelev>
    <Telev>2541</Telev>
    <PART>0.5</PART>
    <DELAY>1</DELAY>
  </CatchmentParameters>
  <VegetationZone>
    <VegetationZoneParameters>
      <TT>-1.2838175701765842</TT>
      <CFMAX>0.94010845537039411</CFMAX>
      <SP>0</SP>
      <SFCF>1.0566326349015685</SFCF>
      <CFR>0.099999218852324323</CFR>
      <CWH>0.19493902626605625</CWH>
      <CFGlacier>1</CFGlacier>
      <CFSlope>1</CFSlope>
      <FC>458.55925656153437</FC>
      <LP>0.79713633688828611</LP>
      <BETA>3.211752024342422</BETA>
    </VegetationZoneParameters>
  </VegetationZone>
  <SubCatchment>
    <SubCatchmentParameters>
      <KSI>0.001</KSI>
      <KGmin>0.05</KGmin>
      <RangeKG>0.1</RangeKG>
      <AG>0.1</AG>
      <PERC>6.61099897904837</PERC>
      <Alpha>0</Alpha>
      <UZL>22.691187983939411</UZL>
      <K0>0.9899832690012188</K0>
      <K1>0.22509345541497711</K1>
      <K2>0.11928867567473585</K2>
      <MAXBAS>1.6209481766338343</MAXBAS>
      <Cet>0</Cet>
      <PCALT>10</PCALT>
      <TCALT>0.6</TCALT>
      <Pelev>2541</Pelev>
      <Telev>2541</Telev>
      <PART>0.5</PART>
      <DELAY>1</DELAY>
    </SubCatchmentParameters>
    <SubCatchmentVegetationZone>
      <SubCatchmentVegetationZoneParameters>
        <TT>-1.2838175701765842</TT>
        <CFMAX>0.94010845537039411</CFMAX>
        <SP>0</SP>
        <SFCF>1.0566326349015685</SFCF>
        <CFR>0.099999218852324323</CFR>
        <CWH>0.19493902626605625</CWH>
        <CFGlacier>1</CFGlacier>
        <CFSlope>1</CFSlope>
        <FC>458.55925656153437</FC>
        <LP>0.79713633688828611</LP>
        <BETA>3.211752024342422</BETA>
      </SubCatchmentVegetationZoneParameters>
    </SubCatchmentVegetationZone>
  </SubCatchment>
</Catchment>