<?xml version="1.0" encoding="utf-8"?>
<Catchment xmlns:xsi="http://www.w3.org/2001/XMLSchema-instance" xmlns:xsd="http://www.w3.org/2001/XMLSchema">
  <CatchmentParameters>
    <KSI>0.001</KSI>
    <KGmin>0.05</KGmin>
    <RangeKG>0.1</RangeKG>
    <AG>0.1</AG>
    <PERC>9.5119098353548424</PERC>
    <Alpha>0</Alpha>
    <UZL>187.90358893361847</UZL>
    <K0>0.57307032267019953</K0>
    <K1>0.36157347964323883</K1>
    <K2>0.093176043078885412</K2>
    <MAXBAS>2.4999983771583532</MAXBAS>
    <Cet>0</Cet>
    <PCALT>10</PCALT>
    <TCALT>0.6</TCALT>
    <Pelev>2541</Pelev>
    <Telev>2541</Telev>
    <PART>0.5</PART>
    <DELAY>1</DELAY>
  </CatchmentParameters>
  <VegetationZone>
    <VegetationZoneParameters>
      <TT>-0.29426324223112349</TT>
      <CFMAX>1.3525513028474252</CFMAX>
      <SP>0</SP>
      <SFCF>1.0039520511825129</SFCF>
      <CFR>0.099999498576488044</CFR>
      <CWH>0.10000003025025563</CWH>
      <CFGlacier>1</CFGlacier>
      <CFSlope>1</CFSlope>
      <FC>291.54548029591626</FC>
      <LP>0.30000691251011313</LP>
      <BETA>1.9655281739759203</BETA>
    </VegetationZoneParameters>
  </VegetationZone>
  <SubCatchment>
    <SubCatchmentParameters>
      <KSI>0.001</KSI>
      <KGmin>0.05</KGmin>
      <RangeKG>0.1</RangeKG>
      <AG>0.1</AG>
      <PERC>9.5119098353548424</PERC>
      <Alpha>0</Alpha>
      <UZL>187.90358893361847</UZL>
      <K0>0.57307032267019953</K0>
      <K1>0.36157347964323883</K1>
      <K2>0.093176043078885412</K2>
      <MAXBAS>2.4999983771583532</MAXBAS>
      <Cet>0</Cet>
      <PCALT>10</PCALT>
      <TCALT>0.6</TCALT>
      <Pelev>2541</Pelev>
      <Telev>2541</Telev>
      <PART>0.5</PART>
      <DELAY>1</DELAY>
    </SubCatchmentParameters>
    <SubCatchmentVegetationZone>
      <SubCatchmentVegetationZoneParameters>
        <TT>-0.29426324223112349</TT>
        <CFMAX>1.3525513028474252</CFMAX>
        <SP>0</SP>
        <SFCF>1.0039520511825129</SFCF>
        <CFR>0.099999498576488044</CFR>
        <CWH>0.10000003025025563</CWH>
        <CFGlacier>1</CFGlacier>
        <CFSlope>1</CFSlope>
        <FC>291.54548029591626</FC>
        <LP>0.30000691251011313</LP>
        <BETA>1.9655281739759203</BETA>
      </SubCatchmentVegetationZoneParameters>
    </SubCatchmentVegetationZone>
  </SubCatchment>
</Catchment>