<?xml version="1.0" encoding="utf-8"?>
<Catchment xmlns:xsi="http://www.w3.org/2001/XMLSchema-instance" xmlns:xsd="http://www.w3.org/2001/XMLSchema">
  <CatchmentParameters>
    <KSI>0.001</KSI>
    <KGmin>0.05</KGmin>
    <RangeKG>0.1</RangeKG>
    <AG>0.1</AG>
    <PERC>8.1750487015143865</PERC>
    <Alpha>0</Alpha>
    <UZL>117.49229375215055</UZL>
    <K0>0.21479542864316914</K0>
    <K1>0.34569141028641792</K1>
    <K2>0.094817010140275951</K2>
    <MAXBAS>2.4999999961609967</MAXBAS>
    <Cet>0</Cet>
    <PCALT>10</PCALT>
    <TCALT>0.6</TCALT>
    <Pelev>2541</Pelev>
    <Telev>2541</Telev>
    <PART>0.5</PART>
    <DELAY>1</DELAY>
  </CatchmentParameters>
  <VegetationZone>
    <VegetationZoneParameters>
      <TT>-0.26799094333261725</TT>
      <CFMAX>1.225507588002456</CFMAX>
      <SP>0</SP>
      <SFCF>0.92548628497684993</SFCF>
      <CFR>0.09999808192085928</CFR>
      <CWH>0.10000041194229653</CWH>
      <CFGlacier>1</CFGlacier>
      <CFSlope>1</CFSlope>
      <FC>265.73563566759555</FC>
      <LP>0.30000259547443975</LP>
      <BETA>2.5106509747846881</BETA>
    </VegetationZoneParameters>
  </VegetationZone>
  <SubCatchment>
    <SubCatchmentParameters>
      <KSI>0.001</KSI>
      <KGmin>0.05</KGmin>
      <RangeKG>0.1</RangeKG>
      <AG>0.1</AG>
      <PERC>8.1750487015143865</PERC>
      <Alpha>0</Alpha>
      <UZL>117.49229375215055</UZL>
      <K0>0.21479542864316914</K0>
      <K1>0.34569141028641792</K1>
      <K2>0.094817010140275951</K2>
      <MAXBAS>2.4999999961609967</MAXBAS>
      <Cet>0</Cet>
      <PCALT>10</PCALT>
      <TCALT>0.6</TCALT>
      <Pelev>2541</Pelev>
      <Telev>2541</Telev>
      <PART>0.5</PART>
      <DELAY>1</DELAY>
    </SubCatchmentParameters>
    <SubCatchmentVegetationZone>
      <SubCatchmentVegetationZoneParameters>
        <TT>-0.26799094333261725</TT>
        <CFMAX>1.225507588002456</CFMAX>
        <SP>0</SP>
        <SFCF>0.92548628497684993</SFCF>
        <CFR>0.09999808192085928</CFR>
        <CWH>0.10000041194229653</CWH>
        <CFGlacier>1</CFGlacier>
        <CFSlope>1</CFSlope>
        <FC>265.73563566759555</FC>
        <LP>0.30000259547443975</LP>
        <BETA>2.5106509747846881</BETA>
      </SubCatchmentVegetationZoneParameters>
    </SubCatchmentVegetationZone>
  </SubCatchment>
</Catchment>