<?xml version="1.0" encoding="utf-8"?>
<Catchment xmlns:xsi="http://www.w3.org/2001/XMLSchema-instance" xmlns:xsd="http://www.w3.org/2001/XMLSchema">
  <CatchmentParameters>
    <KSI>0.001</KSI>
    <KGmin>0.05</KGmin>
    <RangeKG>0.1</RangeKG>
    <AG>0.1</AG>
    <PERC>8.2450074065562688</PERC>
    <Alpha>0</Alpha>
    <UZL>17.645882348455231</UZL>
    <K0>0.98999356911040559</K0>
    <K1>0.26454146037822451</K1>
    <K2>0.1165132420853424</K2>
    <MAXBAS>1.4881686081077257</MAXBAS>
    <Cet>0</Cet>
    <PCALT>10</PCALT>
    <TCALT>0.6</TCALT>
    <Pelev>2541</Pelev>
    <Telev>2541</Telev>
    <PART>0.5</PART>
    <DELAY>1</DELAY>
  </CatchmentParameters>
  <VegetationZone>
    <VegetationZoneParameters>
      <TT>-1.471276073420263</TT>
      <CFMAX>0.98531322027851342</CFMAX>
      <SP>0</SP>
      <SFCF>1.1419450214610456</SFCF>
      <CFR>0.099997149713227623</CFR>
      <CWH>0.18248494653048974</CWH>
      <CFGlacier>1</CFGlacier>
      <CFSlope>1</CFSlope>
      <FC>512.41807592995485</FC>
      <LP>0.79458772813725553</LP>
      <BETA>2.9119002943134529</BETA>
    </VegetationZoneParameters>
  </VegetationZone>
  <SubCatchment>
    <SubCatchmentParameters>
      <KSI>0.001</KSI>
      <KGmin>0.05</KGmin>
      <RangeKG>0.1</RangeKG>
      <AG>0.1</AG>
      <PERC>8.2450074065562688</PERC>
      <Alpha>0</Alpha>
      <UZL>17.645882348455231</UZL>
      <K0>0.98999356911040559</K0>
      <K1>0.26454146037822451</K1>
      <K2>0.1165132420853424</K2>
      <MAXBAS>1.4881686081077257</MAXBAS>
      <Cet>0</Cet>
      <PCALT>10</PCALT>
      <TCALT>0.6</TCALT>
      <Pelev>2541</Pelev>
      <Telev>2541</Telev>
      <PART>0.5</PART>
      <DELAY>1</DELAY>
    </SubCatchmentParameters>
    <SubCatchmentVegetationZone>
      <SubCatchmentVegetationZoneParameters>
        <TT>-1.471276073420263</TT>
        <CFMAX>0.98531322027851342</CFMAX>
        <SP>0</SP>
        <SFCF>1.1419450214610456</SFCF>
        <CFR>0.099997149713227623</CFR>
        <CWH>0.18248494653048974</CWH>
        <CFGlacier>1</CFGlacier>
        <CFSlope>1</CFSlope>
        <FC>512.41807592995485</FC>
        <LP>0.79458772813725553</LP>
        <BETA>2.9119002943134529</BETA>
      </SubCatchmentVegetationZoneParameters>
    </SubCatchmentVegetationZone>
  </SubCatchment>
</Catchment>