<?xml version="1.0" encoding="utf-8"?>
<Catchment xmlns:xsi="http://www.w3.org/2001/XMLSchema-instance" xmlns:xsd="http://www.w3.org/2001/XMLSchema">
  <CatchmentParameters>
    <KSI>0.001</KSI>
    <KGmin>0.05</KGmin>
    <RangeKG>0.1</RangeKG>
    <AG>0.1</AG>
    <PERC>9.5688005241957139</PERC>
    <Alpha>0</Alpha>
    <UZL>153.32183164649925</UZL>
    <K0>0.71970526013035374</K0>
    <K1>0.43493832635925983</K1>
    <K2>0.11269113505844199</K2>
    <MAXBAS>1.9584351509891766</MAXBAS>
    <Cet>0</Cet>
    <PCALT>10</PCALT>
    <TCALT>0.6</TCALT>
    <Pelev>2541</Pelev>
    <Telev>2541</Telev>
    <PART>0.5</PART>
    <DELAY>1</DELAY>
  </CatchmentParameters>
  <VegetationZone>
    <VegetationZoneParameters>
      <TT>-1.0153964192372387</TT>
      <CFMAX>1.0447823430407395</CFMAX>
      <SP>0</SP>
      <SFCF>1.0487192418894924</SFCF>
      <CFR>0.099998314492604351</CFR>
      <CWH>0.1590467609407803</CWH>
      <CFGlacier>1</CFGlacier>
      <CFSlope>1</CFSlope>
      <FC>346.638868357661</FC>
      <LP>0.30000203196698666</LP>
      <BETA>2.1893025067182936</BETA>
    </VegetationZoneParameters>
  </VegetationZone>
  <SubCatchment>
    <SubCatchmentParameters>
      <KSI>0.001</KSI>
      <KGmin>0.05</KGmin>
      <RangeKG>0.1</RangeKG>
      <AG>0.1</AG>
      <PERC>9.5688005241957139</PERC>
      <Alpha>0</Alpha>
      <UZL>153.32183164649925</UZL>
      <K0>0.71970526013035374</K0>
      <K1>0.43493832635925983</K1>
      <K2>0.11269113505844199</K2>
      <MAXBAS>1.9584351509891766</MAXBAS>
      <Cet>0</Cet>
      <PCALT>10</PCALT>
      <TCALT>0.6</TCALT>
      <Pelev>2541</Pelev>
      <Telev>2541</Telev>
      <PART>0.5</PART>
      <DELAY>1</DELAY>
    </SubCatchmentParameters>
    <SubCatchmentVegetationZone>
      <SubCatchmentVegetationZoneParameters>
        <TT>-1.0153964192372387</TT>
        <CFMAX>1.0447823430407395</CFMAX>
        <SP>0</SP>
        <SFCF>1.0487192418894924</SFCF>
        <CFR>0.099998314492604351</CFR>
        <CWH>0.1590467609407803</CWH>
        <CFGlacier>1</CFGlacier>
        <CFSlope>1</CFSlope>
        <FC>346.638868357661</FC>
        <LP>0.30000203196698666</LP>
        <BETA>2.1893025067182936</BETA>
      </SubCatchmentVegetationZoneParameters>
    </SubCatchmentVegetationZone>
  </SubCatchment>
</Catchment>