<?xml version="1.0" encoding="utf-8"?>
<Catchment xmlns:xsi="http://www.w3.org/2001/XMLSchema-instance" xmlns:xsd="http://www.w3.org/2001/XMLSchema">
  <CatchmentParameters>
    <KSI>0.001</KSI>
    <KGmin>0.05</KGmin>
    <RangeKG>0.1</RangeKG>
    <AG>0.1</AG>
    <PERC>9.9999674135900865</PERC>
    <Alpha>0</Alpha>
    <UZL>91.161246621320757</UZL>
    <K0>0.56422060496199</K0>
    <K1>0.37848753521649581</K1>
    <K2>0.079477025454471856</K2>
    <MAXBAS>2.4999881380548752</MAXBAS>
    <Cet>0</Cet>
    <PCALT>10</PCALT>
    <TCALT>0.6</TCALT>
    <Pelev>2541</Pelev>
    <Telev>2541</Telev>
    <PART>0.5</PART>
    <DELAY>1</DELAY>
  </CatchmentParameters>
  <VegetationZone>
    <VegetationZoneParameters>
      <TT>0.162189586935804</TT>
      <CFMAX>1.4488352786486074</CFMAX>
      <SP>0</SP>
      <SFCF>0.92364740762214692</SFCF>
      <CFR>4.1028169419117274E-07</CFR>
      <CWH>0.1000001563333089</CWH>
      <CFGlacier>1</CFGlacier>
      <CFSlope>1</CFSlope>
      <FC>244.61746650708761</FC>
      <LP>0.30000052810742506</LP>
      <BETA>2.3043385449450486</BETA>
    </VegetationZoneParameters>
  </VegetationZone>
  <SubCatchment>
    <SubCatchmentParameters>
      <KSI>0.001</KSI>
      <KGmin>0.05</KGmin>
      <RangeKG>0.1</RangeKG>
      <AG>0.1</AG>
      <PERC>9.9999674135900865</PERC>
      <Alpha>0</Alpha>
      <UZL>91.161246621320757</UZL>
      <K0>0.56422060496199</K0>
      <K1>0.37848753521649581</K1>
      <K2>0.079477025454471856</K2>
      <MAXBAS>2.4999881380548752</MAXBAS>
      <Cet>0</Cet>
      <PCALT>10</PCALT>
      <TCALT>0.6</TCALT>
      <Pelev>2541</Pelev>
      <Telev>2541</Telev>
      <PART>0.5</PART>
      <DELAY>1</DELAY>
    </SubCatchmentParameters>
    <SubCatchmentVegetationZone>
      <SubCatchmentVegetationZoneParameters>
        <TT>0.162189586935804</TT>
        <CFMAX>1.4488352786486074</CFMAX>
        <SP>0</SP>
        <SFCF>0.92364740762214692</SFCF>
        <CFR>4.1028169419117274E-07</CFR>
        <CWH>0.1000001563333089</CWH>
        <CFGlacier>1</CFGlacier>
        <CFSlope>1</CFSlope>
        <FC>244.61746650708761</FC>
        <LP>0.30000052810742506</LP>
        <BETA>2.3043385449450486</BETA>
      </SubCatchmentVegetationZoneParameters>
    </SubCatchmentVegetationZone>
  </SubCatchment>
</Catchment>