<?xml version="1.0" encoding="utf-8"?>
<Catchment xmlns:xsi="http://www.w3.org/2001/XMLSchema-instance" xmlns:xsd="http://www.w3.org/2001/XMLSchema">
  <CatchmentParameters>
    <KSI>0.001</KSI>
    <KGmin>0.05</KGmin>
    <RangeKG>0.1</RangeKG>
    <AG>0.1</AG>
    <PERC>9.9999580174874936</PERC>
    <Alpha>0</Alpha>
    <UZL>139.42991898907914</UZL>
    <K0>0.87337356773122843</K0>
    <K1>0.51619383663321616</K1>
    <K2>0.10767977087396857</K2>
    <MAXBAS>2.4999732931709162</MAXBAS>
    <Cet>0</Cet>
    <PCALT>10</PCALT>
    <TCALT>0.6</TCALT>
    <Pelev>2541</Pelev>
    <Telev>2541</Telev>
    <PART>0.5</PART>
    <DELAY>1</DELAY>
  </CatchmentParameters>
  <VegetationZone>
    <VegetationZoneParameters>
      <TT>-0.88926067603302084</TT>
      <CFMAX>1.2062667729459711</CFMAX>
      <SP>0</SP>
      <SFCF>1.1723911553430015</SFCF>
      <CFR>0.016522702564671313</CFR>
      <CWH>0.10000041712840649</CWH>
      <CFGlacier>1</CFGlacier>
      <CFSlope>1</CFSlope>
      <FC>467.85005053423237</FC>
      <LP>0.58321125292392728</LP>
      <BETA>2.2025484828778974</BETA>
    </VegetationZoneParameters>
  </VegetationZone>
  <SubCatchment>
    <SubCatchmentParameters>
      <KSI>0.001</KSI>
      <KGmin>0.05</KGmin>
      <RangeKG>0.1</RangeKG>
      <AG>0.1</AG>
      <PERC>9.9999580174874936</PERC>
      <Alpha>0</Alpha>
      <UZL>139.42991898907914</UZL>
      <K0>0.87337356773122843</K0>
      <K1>0.51619383663321616</K1>
      <K2>0.10767977087396857</K2>
      <MAXBAS>2.4999732931709162</MAXBAS>
      <Cet>0</Cet>
      <PCALT>10</PCALT>
      <TCALT>0.6</TCALT>
      <Pelev>2541</Pelev>
      <Telev>2541</Telev>
      <PART>0.5</PART>
      <DELAY>1</DELAY>
    </SubCatchmentParameters>
    <SubCatchmentVegetationZone>
      <SubCatchmentVegetationZoneParameters>
        <TT>-0.88926067603302084</TT>
        <CFMAX>1.2062667729459711</CFMAX>
        <SP>0</SP>
        <SFCF>1.1723911553430015</SFCF>
        <CFR>0.016522702564671313</CFR>
        <CWH>0.10000041712840649</CWH>
        <CFGlacier>1</CFGlacier>
        <CFSlope>1</CFSlope>
        <FC>467.85005053423237</FC>
        <LP>0.58321125292392728</LP>
        <BETA>2.2025484828778974</BETA>
      </SubCatchmentVegetationZoneParameters>
    </SubCatchmentVegetationZone>
  </SubCatchment>
</Catchment>