<?xml version="1.0" encoding="utf-8"?>
<Catchment xmlns:xsi="http://www.w3.org/2001/XMLSchema-instance" xmlns:xsd="http://www.w3.org/2001/XMLSchema">
  <CatchmentParameters>
    <KSI>0.001</KSI>
    <KGmin>0.05</KGmin>
    <RangeKG>0.1</RangeKG>
    <AG>0.1</AG>
    <PERC>1.1720930026709182</PERC>
    <Alpha>0</Alpha>
    <UZL>164.52356033847354</UZL>
    <K0>0.54200173373612259</K0>
    <K1>0.0975356446483755</K1>
    <K2>0.02114916914018096</K2>
    <MAXBAS>1</MAXBAS>
    <Cet>0</Cet>
    <PCALT>10</PCALT>
    <TCALT>0.6</TCALT>
    <Pelev>2541</Pelev>
    <Telev>2541</Telev>
    <PART>0.5</PART>
    <DELAY>1</DELAY>
  </CatchmentParameters>
  <VegetationZone>
    <VegetationZoneParameters>
      <TT>-0.2680130618557981</TT>
      <CFMAX>1.6191698387756346</CFMAX>
      <SP>0</SP>
      <SFCF>1.1065891881013938</SFCF>
      <CFR>2.1264782275577635E-08</CFR>
      <CWH>0.10000015099292194</CWH>
      <CFGlacier>1</CFGlacier>
      <CFSlope>1</CFSlope>
      <FC>500.02885071264882</FC>
      <LP>0.9282263546093914</LP>
      <BETA>2.1520980753953571</BETA>
    </VegetationZoneParameters>
  </VegetationZone>
  <SubCatchment>
    <SubCatchmentParameters>
      <KSI>0.001</KSI>
      <KGmin>0.05</KGmin>
      <RangeKG>0.1</RangeKG>
      <AG>0.1</AG>
      <PERC>1.1720930026709182</PERC>
      <Alpha>0</Alpha>
      <UZL>164.52356033847354</UZL>
      <K0>0.54200173373612259</K0>
      <K1>0.0975356446483755</K1>
      <K2>0.02114916914018096</K2>
      <MAXBAS>1</MAXBAS>
      <Cet>0</Cet>
      <PCALT>10</PCALT>
      <TCALT>0.6</TCALT>
      <Pelev>2541</Pelev>
      <Telev>2541</Telev>
      <PART>0.5</PART>
      <DELAY>1</DELAY>
    </SubCatchmentParameters>
    <SubCatchmentVegetationZone>
      <SubCatchmentVegetationZoneParameters>
        <TT>-0.2680130618557981</TT>
        <CFMAX>1.6191698387756346</CFMAX>
        <SP>0</SP>
        <SFCF>1.1065891881013938</SFCF>
        <CFR>2.1264782275577635E-08</CFR>
        <CWH>0.10000015099292194</CWH>
        <CFGlacier>1</CFGlacier>
        <CFSlope>1</CFSlope>
        <FC>500.02885071264882</FC>
        <LP>0.9282263546093914</LP>
        <BETA>2.1520980753953571</BETA>
      </SubCatchmentVegetationZoneParameters>
    </SubCatchmentVegetationZone>
  </SubCatchment>
</Catchment>