<?xml version="1.0" encoding="utf-8"?>
<Catchment xmlns:xsi="http://www.w3.org/2001/XMLSchema-instance" xmlns:xsd="http://www.w3.org/2001/XMLSchema">
  <CatchmentParameters>
    <KSI>0.001</KSI>
    <KGmin>0.05</KGmin>
    <RangeKG>0.1</RangeKG>
    <AG>0.1</AG>
    <PERC>1.0051564476511092</PERC>
    <Alpha>0</Alpha>
    <UZL>184.11292780408203</UZL>
    <K0>0.27840311910924742</K0>
    <K1>0.092459525401154832</K1>
    <K2>0.020857707794795129</K2>
    <MAXBAS>1</MAXBAS>
    <Cet>0</Cet>
    <PCALT>10</PCALT>
    <TCALT>0.6</TCALT>
    <Pelev>2541</Pelev>
    <Telev>2541</Telev>
    <PART>0.5</PART>
    <DELAY>1</DELAY>
  </CatchmentParameters>
  <VegetationZone>
    <VegetationZoneParameters>
      <TT>-0.11576080765555669</TT>
      <CFMAX>2.1273070929320785</CFMAX>
      <SP>0</SP>
      <SFCF>1.2924879509374778</SFCF>
      <CFR>1.2217862204891618E-10</CFR>
      <CWH>0.10000014446360687</CWH>
      <CFGlacier>1</CFGlacier>
      <CFSlope>1</CFSlope>
      <FC>944.81411110676231</FC>
      <LP>0.88340011112026984</LP>
      <BETA>2.6257964100630105</BETA>
    </VegetationZoneParameters>
  </VegetationZone>
  <SubCatchment>
    <SubCatchmentParameters>
      <KSI>0.001</KSI>
      <KGmin>0.05</KGmin>
      <RangeKG>0.1</RangeKG>
      <AG>0.1</AG>
      <PERC>1.0051564476511092</PERC>
      <Alpha>0</Alpha>
      <UZL>184.11292780408203</UZL>
      <K0>0.27840311910924742</K0>
      <K1>0.092459525401154832</K1>
      <K2>0.020857707794795129</K2>
      <MAXBAS>1</MAXBAS>
      <Cet>0</Cet>
      <PCALT>10</PCALT>
      <TCALT>0.6</TCALT>
      <Pelev>2541</Pelev>
      <Telev>2541</Telev>
      <PART>0.5</PART>
      <DELAY>1</DELAY>
    </SubCatchmentParameters>
    <SubCatchmentVegetationZone>
      <SubCatchmentVegetationZoneParameters>
        <TT>-0.11576080765555669</TT>
        <CFMAX>2.1273070929320785</CFMAX>
        <SP>0</SP>
        <SFCF>1.2924879509374778</SFCF>
        <CFR>1.2217862204891618E-10</CFR>
        <CWH>0.10000014446360687</CWH>
        <CFGlacier>1</CFGlacier>
        <CFSlope>1</CFSlope>
        <FC>944.81411110676231</FC>
        <LP>0.88340011112026984</LP>
        <BETA>2.6257964100630105</BETA>
      </SubCatchmentVegetationZoneParameters>
    </SubCatchmentVegetationZone>
  </SubCatchment>
</Catchment>