<?xml version="1.0" encoding="utf-8"?>
<Catchment xmlns:xsi="http://www.w3.org/2001/XMLSchema-instance" xmlns:xsd="http://www.w3.org/2001/XMLSchema">
  <CatchmentParameters>
    <KSI>0.001</KSI>
    <KGmin>0.05</KGmin>
    <RangeKG>0.1</RangeKG>
    <AG>0.1</AG>
    <PERC>9.4915846659767418</PERC>
    <Alpha>0</Alpha>
    <UZL>164.15756969109597</UZL>
    <K0>0.66383333330648009</K0>
    <K1>0.4296039668757517</K1>
    <K2>0.11246701677229298</K2>
    <MAXBAS>2.0090492147975079</MAXBAS>
    <Cet>0</Cet>
    <PCALT>10</PCALT>
    <TCALT>0.6</TCALT>
    <Pelev>2541</Pelev>
    <Telev>2541</Telev>
    <PART>0.5</PART>
    <DELAY>1</DELAY>
  </CatchmentParameters>
  <VegetationZone>
    <VegetationZoneParameters>
      <TT>-1.0153961257976076</TT>
      <CFMAX>1.1025408321272041</CFMAX>
      <SP>0</SP>
      <SFCF>1.0985328727166963</SFCF>
      <CFR>0.099998661704752648</CFR>
      <CWH>0.12200567611465733</CWH>
      <CFGlacier>1</CFGlacier>
      <CFSlope>1</CFSlope>
      <FC>413.8775454588141</FC>
      <LP>0.52608442826424229</LP>
      <BETA>2.2542608869922875</BETA>
    </VegetationZoneParameters>
  </VegetationZone>
  <SubCatchment>
    <SubCatchmentParameters>
      <KSI>0.001</KSI>
      <KGmin>0.05</KGmin>
      <RangeKG>0.1</RangeKG>
      <AG>0.1</AG>
      <PERC>9.4915846659767418</PERC>
      <Alpha>0</Alpha>
      <UZL>164.15756969109597</UZL>
      <K0>0.66383333330648009</K0>
      <K1>0.4296039668757517</K1>
      <K2>0.11246701677229298</K2>
      <MAXBAS>2.0090492147975079</MAXBAS>
      <Cet>0</Cet>
      <PCALT>10</PCALT>
      <TCALT>0.6</TCALT>
      <Pelev>2541</Pelev>
      <Telev>2541</Telev>
      <PART>0.5</PART>
      <DELAY>1</DELAY>
    </SubCatchmentParameters>
    <SubCatchmentVegetationZone>
      <SubCatchmentVegetationZoneParameters>
        <TT>-1.0153961257976076</TT>
        <CFMAX>1.1025408321272041</CFMAX>
        <SP>0</SP>
        <SFCF>1.0985328727166963</SFCF>
        <CFR>0.099998661704752648</CFR>
        <CWH>0.12200567611465733</CWH>
        <CFGlacier>1</CFGlacier>
        <CFSlope>1</CFSlope>
        <FC>413.8775454588141</FC>
        <LP>0.52608442826424229</LP>
        <BETA>2.2542608869922875</BETA>
      </SubCatchmentVegetationZoneParameters>
    </SubCatchmentVegetationZone>
  </SubCatchment>
</Catchment>