<?xml version="1.0" encoding="utf-8"?>
<Catchment xmlns:xsi="http://www.w3.org/2001/XMLSchema-instance" xmlns:xsd="http://www.w3.org/2001/XMLSchema">
  <CatchmentParameters>
    <KSI>0.001</KSI>
    <KGmin>0.05</KGmin>
    <RangeKG>0.1</RangeKG>
    <AG>0.1</AG>
    <PERC>6.7855825875768687</PERC>
    <Alpha>0</Alpha>
    <UZL>128.3797189077913</UZL>
    <K0>0.31696263585127388</K0>
    <K1>0.26231904271917106</K1>
    <K2>0.086104031154280586</K2>
    <MAXBAS>2.3409494953628371</MAXBAS>
    <Cet>0</Cet>
    <PCALT>10</PCALT>
    <TCALT>0.6</TCALT>
    <Pelev>2541</Pelev>
    <Telev>2541</Telev>
    <PART>0.5</PART>
    <DELAY>1</DELAY>
  </CatchmentParameters>
  <VegetationZone>
    <VegetationZoneParameters>
      <TT>-0.078920094466966142</TT>
      <CFMAX>1.3213571410889826</CFMAX>
      <SP>0</SP>
      <SFCF>0.975552365761558</SFCF>
      <CFR>2.1456221804457555E-08</CFR>
      <CWH>0.10000007368896582</CWH>
      <CFGlacier>1</CFGlacier>
      <CFSlope>1</CFSlope>
      <FC>314.07241087248951</FC>
      <LP>0.55218456183722608</LP>
      <BETA>2.0742437783002377</BETA>
    </VegetationZoneParameters>
  </VegetationZone>
  <SubCatchment>
    <SubCatchmentParameters>
      <KSI>0.001</KSI>
      <KGmin>0.05</KGmin>
      <RangeKG>0.1</RangeKG>
      <AG>0.1</AG>
      <PERC>6.7855825875768687</PERC>
      <Alpha>0</Alpha>
      <UZL>128.3797189077913</UZL>
      <K0>0.31696263585127388</K0>
      <K1>0.26231904271917106</K1>
      <K2>0.086104031154280586</K2>
      <MAXBAS>2.3409494953628371</MAXBAS>
      <Cet>0</Cet>
      <PCALT>10</PCALT>
      <TCALT>0.6</TCALT>
      <Pelev>2541</Pelev>
      <Telev>2541</Telev>
      <PART>0.5</PART>
      <DELAY>1</DELAY>
    </SubCatchmentParameters>
    <SubCatchmentVegetationZone>
      <SubCatchmentVegetationZoneParameters>
        <TT>-0.078920094466966142</TT>
        <CFMAX>1.3213571410889826</CFMAX>
        <SP>0</SP>
        <SFCF>0.975552365761558</SFCF>
        <CFR>2.1456221804457555E-08</CFR>
        <CWH>0.10000007368896582</CWH>
        <CFGlacier>1</CFGlacier>
        <CFSlope>1</CFSlope>
        <FC>314.07241087248951</FC>
        <LP>0.55218456183722608</LP>
        <BETA>2.0742437783002377</BETA>
      </SubCatchmentVegetationZoneParameters>
    </SubCatchmentVegetationZone>
  </SubCatchment>
</Catchment>