<?xml version="1.0" encoding="utf-8"?>
<Catchment xmlns:xsi="http://www.w3.org/2001/XMLSchema-instance" xmlns:xsd="http://www.w3.org/2001/XMLSchema">
  <CatchmentParameters>
    <KSI>0.001</KSI>
    <KGmin>0.05</KGmin>
    <RangeKG>0.1</RangeKG>
    <AG>0.1</AG>
    <PERC>7.7674802191178109</PERC>
    <Alpha>0</Alpha>
    <UZL>22.198458535948177</UZL>
    <K0>0.989994593970417</K0>
    <K1>0.21872912530810537</K1>
    <K2>0.11107982003143645</K2>
    <MAXBAS>1.7089450507460142</MAXBAS>
    <Cet>0</Cet>
    <PCALT>10</PCALT>
    <TCALT>0.6</TCALT>
    <Pelev>2541</Pelev>
    <Telev>2541</Telev>
    <PART>0.5</PART>
    <DELAY>1</DELAY>
  </CatchmentParameters>
  <VegetationZone>
    <VegetationZoneParameters>
      <TT>-0.94689523926343422</TT>
      <CFMAX>1.0570360154781997</CFMAX>
      <SP>0</SP>
      <SFCF>1.0475939582335956</SFCF>
      <CFR>0.09999753956649847</CFR>
      <CWH>0.16193247338403471</CWH>
      <CFGlacier>1</CFGlacier>
      <CFSlope>1</CFSlope>
      <FC>348.87474182100794</FC>
      <LP>0.33782444839850534</LP>
      <BETA>2.2711408131411686</BETA>
    </VegetationZoneParameters>
  </VegetationZone>
  <SubCatchment>
    <SubCatchmentParameters>
      <KSI>0.001</KSI>
      <KGmin>0.05</KGmin>
      <RangeKG>0.1</RangeKG>
      <AG>0.1</AG>
      <PERC>7.7674802191178109</PERC>
      <Alpha>0</Alpha>
      <UZL>22.198458535948177</UZL>
      <K0>0.989994593970417</K0>
      <K1>0.21872912530810537</K1>
      <K2>0.11107982003143645</K2>
      <MAXBAS>1.7089450507460142</MAXBAS>
      <Cet>0</Cet>
      <PCALT>10</PCALT>
      <TCALT>0.6</TCALT>
      <Pelev>2541</Pelev>
      <Telev>2541</Telev>
      <PART>0.5</PART>
      <DELAY>1</DELAY>
    </SubCatchmentParameters>
    <SubCatchmentVegetationZone>
      <SubCatchmentVegetationZoneParameters>
        <TT>-0.94689523926343422</TT>
        <CFMAX>1.0570360154781997</CFMAX>
        <SP>0</SP>
        <SFCF>1.0475939582335956</SFCF>
        <CFR>0.09999753956649847</CFR>
        <CWH>0.16193247338403471</CWH>
        <CFGlacier>1</CFGlacier>
        <CFSlope>1</CFSlope>
        <FC>348.87474182100794</FC>
        <LP>0.33782444839850534</LP>
        <BETA>2.2711408131411686</BETA>
      </SubCatchmentVegetationZoneParameters>
    </SubCatchmentVegetationZone>
  </SubCatchment>
</Catchment>