<?xml version="1.0" encoding="utf-8"?>
<Catchment xmlns:xsi="http://www.w3.org/2001/XMLSchema-instance" xmlns:xsd="http://www.w3.org/2001/XMLSchema">
  <CatchmentParameters>
    <KSI>0.001</KSI>
    <KGmin>0.05</KGmin>
    <RangeKG>0.1</RangeKG>
    <AG>0.1</AG>
    <PERC>3.554834828530248</PERC>
    <Alpha>0</Alpha>
    <UZL>142.2614053944821</UZL>
    <K0>0.44706388040792017</K0>
    <K1>0.13380379417415739</K1>
    <K2>0.053292769262625495</K2>
    <MAXBAS>1.6707527741077652</MAXBAS>
    <Cet>0</Cet>
    <PCALT>10</PCALT>
    <TCALT>0.6</TCALT>
    <Pelev>2541</Pelev>
    <Telev>2541</Telev>
    <PART>0.5</PART>
    <DELAY>1</DELAY>
  </CatchmentParameters>
  <VegetationZone>
    <VegetationZoneParameters>
      <TT>0.47310350871015711</TT>
      <CFMAX>1.5857826311443026</CFMAX>
      <SP>0</SP>
      <SFCF>0.929843392138362</SFCF>
      <CFR>0.00045051191294499023</CFR>
      <CWH>0.10000022367030313</CWH>
      <CFGlacier>1</CFGlacier>
      <CFSlope>1</CFSlope>
      <FC>240.46654514875755</FC>
      <LP>0.30000595294315241</LP>
      <BETA>1.851930972087374</BETA>
    </VegetationZoneParameters>
  </VegetationZone>
  <SubCatchment>
    <SubCatchmentParameters>
      <KSI>0.001</KSI>
      <KGmin>0.05</KGmin>
      <RangeKG>0.1</RangeKG>
      <AG>0.1</AG>
      <PERC>3.554834828530248</PERC>
      <Alpha>0</Alpha>
      <UZL>142.2614053944821</UZL>
      <K0>0.44706388040792017</K0>
      <K1>0.13380379417415739</K1>
      <K2>0.053292769262625495</K2>
      <MAXBAS>1.6707527741077652</MAXBAS>
      <Cet>0</Cet>
      <PCALT>10</PCALT>
      <TCALT>0.6</TCALT>
      <Pelev>2541</Pelev>
      <Telev>2541</Telev>
      <PART>0.5</PART>
      <DELAY>1</DELAY>
    </SubCatchmentParameters>
    <SubCatchmentVegetationZone>
      <SubCatchmentVegetationZoneParameters>
        <TT>0.47310350871015711</TT>
        <CFMAX>1.5857826311443026</CFMAX>
        <SP>0</SP>
        <SFCF>0.929843392138362</SFCF>
        <CFR>0.00045051191294499023</CFR>
        <CWH>0.10000022367030313</CWH>
        <CFGlacier>1</CFGlacier>
        <CFSlope>1</CFSlope>
        <FC>240.46654514875755</FC>
        <LP>0.30000595294315241</LP>
        <BETA>1.851930972087374</BETA>
      </SubCatchmentVegetationZoneParameters>
    </SubCatchmentVegetationZone>
  </SubCatchment>
</Catchment>