<?xml version="1.0" encoding="utf-8"?>
<Catchment xmlns:xsi="http://www.w3.org/2001/XMLSchema-instance" xmlns:xsd="http://www.w3.org/2001/XMLSchema">
  <CatchmentParameters>
    <KSI>0.001</KSI>
    <KGmin>0.05</KGmin>
    <RangeKG>0.1</RangeKG>
    <AG>0.1</AG>
    <PERC>8.7888849505960156</PERC>
    <Alpha>0</Alpha>
    <UZL>48.132068117369442</UZL>
    <K0>0.054563670513604029</K0>
    <K1>0.39030019638820418</K1>
    <K2>0.10156084531742816</K2>
    <MAXBAS>2.4999959618844945</MAXBAS>
    <Cet>0</Cet>
    <PCALT>10</PCALT>
    <TCALT>0.6</TCALT>
    <Pelev>2541</Pelev>
    <Telev>2541</Telev>
    <PART>0.5</PART>
    <DELAY>1</DELAY>
  </CatchmentParameters>
  <VegetationZone>
    <VegetationZoneParameters>
      <TT>-0.15847092229526755</TT>
      <CFMAX>1.2272591727636839</CFMAX>
      <SP>0</SP>
      <SFCF>0.93457391308295179</SFCF>
      <CFR>5.2087217381936051E-07</CFR>
      <CWH>0.10000024624413827</CWH>
      <CFGlacier>1</CFGlacier>
      <CFSlope>1</CFSlope>
      <FC>283.04351894002394</FC>
      <LP>0.30003788397796316</LP>
      <BETA>2.309751870812875</BETA>
    </VegetationZoneParameters>
  </VegetationZone>
  <SubCatchment>
    <SubCatchmentParameters>
      <KSI>0.001</KSI>
      <KGmin>0.05</KGmin>
      <RangeKG>0.1</RangeKG>
      <AG>0.1</AG>
      <PERC>8.7888849505960156</PERC>
      <Alpha>0</Alpha>
      <UZL>48.132068117369442</UZL>
      <K0>0.054563670513604029</K0>
      <K1>0.39030019638820418</K1>
      <K2>0.10156084531742816</K2>
      <MAXBAS>2.4999959618844945</MAXBAS>
      <Cet>0</Cet>
      <PCALT>10</PCALT>
      <TCALT>0.6</TCALT>
      <Pelev>2541</Pelev>
      <Telev>2541</Telev>
      <PART>0.5</PART>
      <DELAY>1</DELAY>
    </SubCatchmentParameters>
    <SubCatchmentVegetationZone>
      <SubCatchmentVegetationZoneParameters>
        <TT>-0.15847092229526755</TT>
        <CFMAX>1.2272591727636839</CFMAX>
        <SP>0</SP>
        <SFCF>0.93457391308295179</SFCF>
        <CFR>5.2087217381936051E-07</CFR>
        <CWH>0.10000024624413827</CWH>
        <CFGlacier>1</CFGlacier>
        <CFSlope>1</CFSlope>
        <FC>283.04351894002394</FC>
        <LP>0.30003788397796316</LP>
        <BETA>2.309751870812875</BETA>
      </SubCatchmentVegetationZoneParameters>
    </SubCatchmentVegetationZone>
  </SubCatchment>
</Catchment>