<?xml version="1.0" encoding="utf-8"?>
<Catchment xmlns:xsi="http://www.w3.org/2001/XMLSchema-instance" xmlns:xsd="http://www.w3.org/2001/XMLSchema">
  <CatchmentParameters>
    <KSI>0.001</KSI>
    <KGmin>0.05</KGmin>
    <RangeKG>0.1</RangeKG>
    <AG>0.1</AG>
    <PERC>1.307819639131846</PERC>
    <Alpha>0</Alpha>
    <UZL>160.29297057209166</UZL>
    <K0>0.420508609599475</K0>
    <K1>0.073138719528365537</K1>
    <K2>0.025663154790550886</K2>
    <MAXBAS>1</MAXBAS>
    <Cet>0</Cet>
    <PCALT>10</PCALT>
    <TCALT>0.6</TCALT>
    <Pelev>2541</Pelev>
    <Telev>2541</Telev>
    <PART>0.5</PART>
    <DELAY>1</DELAY>
  </CatchmentParameters>
  <VegetationZone>
    <VegetationZoneParameters>
      <TT>0.34515996533981586</TT>
      <CFMAX>2.8556125398278338</CFMAX>
      <SP>0</SP>
      <SFCF>1.3425968589958479</SFCF>
      <CFR>2.4740489696151758E-08</CFR>
      <CWH>0.10000007274861324</CWH>
      <CFGlacier>1</CFGlacier>
      <CFSlope>1</CFSlope>
      <FC>1109.3354401915597</FC>
      <LP>0.80984611062652767</LP>
      <BETA>2.4970603222554839</BETA>
    </VegetationZoneParameters>
  </VegetationZone>
  <SubCatchment>
    <SubCatchmentParameters>
      <KSI>0.001</KSI>
      <KGmin>0.05</KGmin>
      <RangeKG>0.1</RangeKG>
      <AG>0.1</AG>
      <PERC>1.307819639131846</PERC>
      <Alpha>0</Alpha>
      <UZL>160.29297057209166</UZL>
      <K0>0.420508609599475</K0>
      <K1>0.073138719528365537</K1>
      <K2>0.025663154790550886</K2>
      <MAXBAS>1</MAXBAS>
      <Cet>0</Cet>
      <PCALT>10</PCALT>
      <TCALT>0.6</TCALT>
      <Pelev>2541</Pelev>
      <Telev>2541</Telev>
      <PART>0.5</PART>
      <DELAY>1</DELAY>
    </SubCatchmentParameters>
    <SubCatchmentVegetationZone>
      <SubCatchmentVegetationZoneParameters>
        <TT>0.34515996533981586</TT>
        <CFMAX>2.8556125398278338</CFMAX>
        <SP>0</SP>
        <SFCF>1.3425968589958479</SFCF>
        <CFR>2.4740489696151758E-08</CFR>
        <CWH>0.10000007274861324</CWH>
        <CFGlacier>1</CFGlacier>
        <CFSlope>1</CFSlope>
        <FC>1109.3354401915597</FC>
        <LP>0.80984611062652767</LP>
        <BETA>2.4970603222554839</BETA>
      </SubCatchmentVegetationZoneParameters>
    </SubCatchmentVegetationZone>
  </SubCatchment>
</Catchment>