<?xml version="1.0" encoding="utf-8"?>
<Catchment xmlns:xsi="http://www.w3.org/2001/XMLSchema-instance" xmlns:xsd="http://www.w3.org/2001/XMLSchema">
  <CatchmentParameters>
    <KSI>0.001</KSI>
    <KGmin>0.05</KGmin>
    <RangeKG>0.1</RangeKG>
    <AG>0.1</AG>
    <PERC>8.4083457559302239</PERC>
    <Alpha>0</Alpha>
    <UZL>184.33826024148976</UZL>
    <K0>0.49275436148907981</K0>
    <K1>0.40692487651683051</K1>
    <K2>0.1156599240003493</K2>
    <MAXBAS>1.7623377923309469</MAXBAS>
    <Cet>0</Cet>
    <PCALT>10</PCALT>
    <TCALT>0.6</TCALT>
    <Pelev>2541</Pelev>
    <Telev>2541</Telev>
    <PART>0.5</PART>
    <DELAY>1</DELAY>
  </CatchmentParameters>
  <VegetationZone>
    <VegetationZoneParameters>
      <TT>-1.4955082878622847</TT>
      <CFMAX>1.0072662725746915</CFMAX>
      <SP>0</SP>
      <SFCF>1.1628819774110768</SFCF>
      <CFR>0.099998593229152624</CFR>
      <CWH>0.17783696950323052</CWH>
      <CFGlacier>1</CFGlacier>
      <CFSlope>1</CFSlope>
      <FC>493.56655046660887</FC>
      <LP>0.6728290005530756</LP>
      <BETA>2.5583492545176738</BETA>
    </VegetationZoneParameters>
  </VegetationZone>
  <SubCatchment>
    <SubCatchmentParameters>
      <KSI>0.001</KSI>
      <KGmin>0.05</KGmin>
      <RangeKG>0.1</RangeKG>
      <AG>0.1</AG>
      <PERC>8.4083457559302239</PERC>
      <Alpha>0</Alpha>
      <UZL>184.33826024148976</UZL>
      <K0>0.49275436148907981</K0>
      <K1>0.40692487651683051</K1>
      <K2>0.1156599240003493</K2>
      <MAXBAS>1.7623377923309469</MAXBAS>
      <Cet>0</Cet>
      <PCALT>10</PCALT>
      <TCALT>0.6</TCALT>
      <Pelev>2541</Pelev>
      <Telev>2541</Telev>
      <PART>0.5</PART>
      <DELAY>1</DELAY>
    </SubCatchmentParameters>
    <SubCatchmentVegetationZone>
      <SubCatchmentVegetationZoneParameters>
        <TT>-1.4955082878622847</TT>
        <CFMAX>1.0072662725746915</CFMAX>
        <SP>0</SP>
        <SFCF>1.1628819774110768</SFCF>
        <CFR>0.099998593229152624</CFR>
        <CWH>0.17783696950323052</CWH>
        <CFGlacier>1</CFGlacier>
        <CFSlope>1</CFSlope>
        <FC>493.56655046660887</FC>
        <LP>0.6728290005530756</LP>
        <BETA>2.5583492545176738</BETA>
      </SubCatchmentVegetationZoneParameters>
    </SubCatchmentVegetationZone>
  </SubCatchment>
</Catchment>