<?xml version="1.0" encoding="utf-8"?>
<Catchment xmlns:xsi="http://www.w3.org/2001/XMLSchema-instance" xmlns:xsd="http://www.w3.org/2001/XMLSchema">
  <CatchmentParameters>
    <KSI>0.001</KSI>
    <KGmin>0.05</KGmin>
    <RangeKG>0.1</RangeKG>
    <AG>0.1</AG>
    <PERC>1.2387406640835699</PERC>
    <Alpha>0</Alpha>
    <UZL>77.1981512013351</UZL>
    <K0>0.050001392905429987</K0>
    <K1>0.097262129170009759</K1>
    <K2>0.022467666566473012</K2>
    <MAXBAS>1</MAXBAS>
    <Cet>0</Cet>
    <PCALT>10</PCALT>
    <TCALT>0.6</TCALT>
    <Pelev>2541</Pelev>
    <Telev>2541</Telev>
    <PART>0.5</PART>
    <DELAY>1</DELAY>
  </CatchmentParameters>
  <VegetationZone>
    <VegetationZoneParameters>
      <TT>-0.40137242908765852</TT>
      <CFMAX>1.8121691459392642</CFMAX>
      <SP>0</SP>
      <SFCF>1.2515558692021798</SFCF>
      <CFR>7.5076223376670445E-07</CFR>
      <CWH>0.10000015079100744</CWH>
      <CFGlacier>1</CFGlacier>
      <CFSlope>1</CFSlope>
      <FC>766.08387292333953</FC>
      <LP>0.88737492420603337</LP>
      <BETA>2.3908049151474065</BETA>
    </VegetationZoneParameters>
  </VegetationZone>
  <SubCatchment>
    <SubCatchmentParameters>
      <KSI>0.001</KSI>
      <KGmin>0.05</KGmin>
      <RangeKG>0.1</RangeKG>
      <AG>0.1</AG>
      <PERC>1.2387406640835699</PERC>
      <Alpha>0</Alpha>
      <UZL>77.1981512013351</UZL>
      <K0>0.050001392905429987</K0>
      <K1>0.097262129170009759</K1>
      <K2>0.022467666566473012</K2>
      <MAXBAS>1</MAXBAS>
      <Cet>0</Cet>
      <PCALT>10</PCALT>
      <TCALT>0.6</TCALT>
      <Pelev>2541</Pelev>
      <Telev>2541</Telev>
      <PART>0.5</PART>
      <DELAY>1</DELAY>
    </SubCatchmentParameters>
    <SubCatchmentVegetationZone>
      <SubCatchmentVegetationZoneParameters>
        <TT>-0.40137242908765852</TT>
        <CFMAX>1.8121691459392642</CFMAX>
        <SP>0</SP>
        <SFCF>1.2515558692021798</SFCF>
        <CFR>7.5076223376670445E-07</CFR>
        <CWH>0.10000015079100744</CWH>
        <CFGlacier>1</CFGlacier>
        <CFSlope>1</CFSlope>
        <FC>766.08387292333953</FC>
        <LP>0.88737492420603337</LP>
        <BETA>2.3908049151474065</BETA>
      </SubCatchmentVegetationZoneParameters>
    </SubCatchmentVegetationZone>
  </SubCatchment>
</Catchment>