<?xml version="1.0" encoding="utf-8"?>
<Catchment xmlns:xsi="http://www.w3.org/2001/XMLSchema-instance" xmlns:xsd="http://www.w3.org/2001/XMLSchema">
  <CatchmentParameters>
    <KSI>0.001</KSI>
    <KGmin>0.05</KGmin>
    <RangeKG>0.1</RangeKG>
    <AG>0.1</AG>
    <PERC>0.92913201133978018</PERC>
    <Alpha>0</Alpha>
    <UZL>167.69656780711324</UZL>
    <K0>0.064432456542360655</K0>
    <K1>0.087595423884842677</K1>
    <K2>0.019650790627358538</K2>
    <MAXBAS>1</MAXBAS>
    <Cet>0</Cet>
    <PCALT>10</PCALT>
    <TCALT>0.6</TCALT>
    <Pelev>2541</Pelev>
    <Telev>2541</Telev>
    <PART>0.5</PART>
    <DELAY>1</DELAY>
  </CatchmentParameters>
  <VegetationZone>
    <VegetationZoneParameters>
      <TT>-0.238330035867152</TT>
      <CFMAX>1.9404994149439587</CFMAX>
      <SP>0</SP>
      <SFCF>1.2007393292810826</SFCF>
      <CFR>0.032705340551599009</CFR>
      <CWH>0.10000000000220907</CWH>
      <CFGlacier>1</CFGlacier>
      <CFSlope>1</CFSlope>
      <FC>636.075398042802</FC>
      <LP>0.85676472358841171</LP>
      <BETA>2.0960532108521952</BETA>
    </VegetationZoneParameters>
  </VegetationZone>
  <SubCatchment>
    <SubCatchmentParameters>
      <KSI>0.001</KSI>
      <KGmin>0.05</KGmin>
      <RangeKG>0.1</RangeKG>
      <AG>0.1</AG>
      <PERC>0.92913201133978018</PERC>
      <Alpha>0</Alpha>
      <UZL>167.69656780711324</UZL>
      <K0>0.064432456542360655</K0>
      <K1>0.087595423884842677</K1>
      <K2>0.019650790627358538</K2>
      <MAXBAS>1</MAXBAS>
      <Cet>0</Cet>
      <PCALT>10</PCALT>
      <TCALT>0.6</TCALT>
      <Pelev>2541</Pelev>
      <Telev>2541</Telev>
      <PART>0.5</PART>
      <DELAY>1</DELAY>
    </SubCatchmentParameters>
    <SubCatchmentVegetationZone>
      <SubCatchmentVegetationZoneParameters>
        <TT>-0.238330035867152</TT>
        <CFMAX>1.9404994149439587</CFMAX>
        <SP>0</SP>
        <SFCF>1.2007393292810826</SFCF>
        <CFR>0.032705340551599009</CFR>
        <CWH>0.10000000000220907</CWH>
        <CFGlacier>1</CFGlacier>
        <CFSlope>1</CFSlope>
        <FC>636.075398042802</FC>
        <LP>0.85676472358841171</LP>
        <BETA>2.0960532108521952</BETA>
      </SubCatchmentVegetationZoneParameters>
    </SubCatchmentVegetationZone>
  </SubCatchment>
</Catchment>