<?xml version="1.0" encoding="utf-8"?>
<Catchment xmlns:xsi="http://www.w3.org/2001/XMLSchema-instance" xmlns:xsd="http://www.w3.org/2001/XMLSchema">
  <CatchmentParameters>
    <KSI>0.001</KSI>
    <KGmin>0.05</KGmin>
    <RangeKG>0.1</RangeKG>
    <AG>0.1</AG>
    <PERC>6.1319914198784122</PERC>
    <Alpha>0</Alpha>
    <UZL>32.2553106591738</UZL>
    <K0>0.989986381361728</K0>
    <K1>0.17417823859722245</K1>
    <K2>0.096380660469964685</K2>
    <MAXBAS>1.6012625389212707</MAXBAS>
    <Cet>0</Cet>
    <PCALT>10</PCALT>
    <TCALT>0.6</TCALT>
    <Pelev>2541</Pelev>
    <Telev>2541</Telev>
    <PART>0.5</PART>
    <DELAY>1</DELAY>
  </CatchmentParameters>
  <VegetationZone>
    <VegetationZoneParameters>
      <TT>-0.87131092529884246</TT>
      <CFMAX>1.0720047619356263</CFMAX>
      <SP>0</SP>
      <SFCF>1.0639775621476622</SFCF>
      <CFR>0.099999999183988469</CFR>
      <CWH>0.10451870952351042</CWH>
      <CFGlacier>1</CFGlacier>
      <CFSlope>1</CFSlope>
      <FC>362.19293137432095</FC>
      <LP>0.56645688936285354</LP>
      <BETA>2.5625057744566493</BETA>
    </VegetationZoneParameters>
  </VegetationZone>
  <SubCatchment>
    <SubCatchmentParameters>
      <KSI>0.001</KSI>
      <KGmin>0.05</KGmin>
      <RangeKG>0.1</RangeKG>
      <AG>0.1</AG>
      <PERC>6.1319914198784122</PERC>
      <Alpha>0</Alpha>
      <UZL>32.2553106591738</UZL>
      <K0>0.989986381361728</K0>
      <K1>0.17417823859722245</K1>
      <K2>0.096380660469964685</K2>
      <MAXBAS>1.6012625389212707</MAXBAS>
      <Cet>0</Cet>
      <PCALT>10</PCALT>
      <TCALT>0.6</TCALT>
      <Pelev>2541</Pelev>
      <Telev>2541</Telev>
      <PART>0.5</PART>
      <DELAY>1</DELAY>
    </SubCatchmentParameters>
    <SubCatchmentVegetationZone>
      <SubCatchmentVegetationZoneParameters>
        <TT>-0.87131092529884246</TT>
        <CFMAX>1.0720047619356263</CFMAX>
        <SP>0</SP>
        <SFCF>1.0639775621476622</SFCF>
        <CFR>0.099999999183988469</CFR>
        <CWH>0.10451870952351042</CWH>
        <CFGlacier>1</CFGlacier>
        <CFSlope>1</CFSlope>
        <FC>362.19293137432095</FC>
        <LP>0.56645688936285354</LP>
        <BETA>2.5625057744566493</BETA>
      </SubCatchmentVegetationZoneParameters>
    </SubCatchmentVegetationZone>
  </SubCatchment>
</Catchment>