<?xml version="1.0" encoding="utf-8"?>
<Catchment xmlns:xsi="http://www.w3.org/2001/XMLSchema-instance" xmlns:xsd="http://www.w3.org/2001/XMLSchema">
  <CatchmentParameters>
    <KSI>0.001</KSI>
    <KGmin>0.05</KGmin>
    <RangeKG>0.1</RangeKG>
    <AG>0.1</AG>
    <PERC>0.86966942791561686</PERC>
    <Alpha>0</Alpha>
    <UZL>100.95466153135367</UZL>
    <K0>0.050004522471215763</K0>
    <K1>0.09171437843412665</K1>
    <K2>0.020423931057247054</K2>
    <MAXBAS>1</MAXBAS>
    <Cet>0</Cet>
    <PCALT>10</PCALT>
    <TCALT>0.6</TCALT>
    <Pelev>2541</Pelev>
    <Telev>2541</Telev>
    <PART>0.5</PART>
    <DELAY>1</DELAY>
  </CatchmentParameters>
  <VegetationZone>
    <VegetationZoneParameters>
      <TT>-0.26800190028373355</TT>
      <CFMAX>1.9068561252489498</CFMAX>
      <SP>0</SP>
      <SFCF>1.2484849192368646</SFCF>
      <CFR>6.7812888117023114E-07</CFR>
      <CWH>0.10000012941521042</CWH>
      <CFGlacier>1</CFGlacier>
      <CFSlope>1</CFSlope>
      <FC>775.9158311312359</FC>
      <LP>0.87565059636940934</LP>
      <BETA>2.3885613606165523</BETA>
    </VegetationZoneParameters>
  </VegetationZone>
  <SubCatchment>
    <SubCatchmentParameters>
      <KSI>0.001</KSI>
      <KGmin>0.05</KGmin>
      <RangeKG>0.1</RangeKG>
      <AG>0.1</AG>
      <PERC>0.86966942791561686</PERC>
      <Alpha>0</Alpha>
      <UZL>100.95466153135367</UZL>
      <K0>0.050004522471215763</K0>
      <K1>0.09171437843412665</K1>
      <K2>0.020423931057247054</K2>
      <MAXBAS>1</MAXBAS>
      <Cet>0</Cet>
      <PCALT>10</PCALT>
      <TCALT>0.6</TCALT>
      <Pelev>2541</Pelev>
      <Telev>2541</Telev>
      <PART>0.5</PART>
      <DELAY>1</DELAY>
    </SubCatchmentParameters>
    <SubCatchmentVegetationZone>
      <SubCatchmentVegetationZoneParameters>
        <TT>-0.26800190028373355</TT>
        <CFMAX>1.9068561252489498</CFMAX>
        <SP>0</SP>
        <SFCF>1.2484849192368646</SFCF>
        <CFR>6.7812888117023114E-07</CFR>
        <CWH>0.10000012941521042</CWH>
        <CFGlacier>1</CFGlacier>
        <CFSlope>1</CFSlope>
        <FC>775.9158311312359</FC>
        <LP>0.87565059636940934</LP>
        <BETA>2.3885613606165523</BETA>
      </SubCatchmentVegetationZoneParameters>
    </SubCatchmentVegetationZone>
  </SubCatchment>
</Catchment>