<?xml version="1.0" encoding="utf-8"?>
<Catchment xmlns:xsi="http://www.w3.org/2001/XMLSchema-instance" xmlns:xsd="http://www.w3.org/2001/XMLSchema">
  <CatchmentParameters>
    <KSI>0.001</KSI>
    <KGmin>0.05</KGmin>
    <RangeKG>0.1</RangeKG>
    <AG>0.1</AG>
    <PERC>1.1565080562988619</PERC>
    <Alpha>0</Alpha>
    <UZL>134.91091092182197</UZL>
    <K0>0.49065748636321083</K0>
    <K1>0.097526191370365375</K1>
    <K2>0.022295049683316394</K2>
    <MAXBAS>1</MAXBAS>
    <Cet>0</Cet>
    <PCALT>10</PCALT>
    <TCALT>0.6</TCALT>
    <Pelev>2541</Pelev>
    <Telev>2541</Telev>
    <PART>0.5</PART>
    <DELAY>1</DELAY>
  </CatchmentParameters>
  <VegetationZone>
    <VegetationZoneParameters>
      <TT>-0.70000522688428168</TT>
      <CFMAX>1.9383763632502609</CFMAX>
      <SP>0</SP>
      <SFCF>1.3783243615671683</SFCF>
      <CFR>0.013736224435892055</CFR>
      <CWH>0.100000046833776</CWH>
      <CFGlacier>1</CFGlacier>
      <CFSlope>1</CFSlope>
      <FC>1352.5284974576896</FC>
      <LP>0.98175899849398462</LP>
      <BETA>4.0743194004223984</BETA>
    </VegetationZoneParameters>
  </VegetationZone>
  <SubCatchment>
    <SubCatchmentParameters>
      <KSI>0.001</KSI>
      <KGmin>0.05</KGmin>
      <RangeKG>0.1</RangeKG>
      <AG>0.1</AG>
      <PERC>1.1565080562988619</PERC>
      <Alpha>0</Alpha>
      <UZL>134.91091092182197</UZL>
      <K0>0.49065748636321083</K0>
      <K1>0.097526191370365375</K1>
      <K2>0.022295049683316394</K2>
      <MAXBAS>1</MAXBAS>
      <Cet>0</Cet>
      <PCALT>10</PCALT>
      <TCALT>0.6</TCALT>
      <Pelev>2541</Pelev>
      <Telev>2541</Telev>
      <PART>0.5</PART>
      <DELAY>1</DELAY>
    </SubCatchmentParameters>
    <SubCatchmentVegetationZone>
      <SubCatchmentVegetationZoneParameters>
        <TT>-0.70000522688428168</TT>
        <CFMAX>1.9383763632502609</CFMAX>
        <SP>0</SP>
        <SFCF>1.3783243615671683</SFCF>
        <CFR>0.013736224435892055</CFR>
        <CWH>0.100000046833776</CWH>
        <CFGlacier>1</CFGlacier>
        <CFSlope>1</CFSlope>
        <FC>1352.5284974576896</FC>
        <LP>0.98175899849398462</LP>
        <BETA>4.0743194004223984</BETA>
      </SubCatchmentVegetationZoneParameters>
    </SubCatchmentVegetationZone>
  </SubCatchment>
</Catchment>