<?xml version="1.0" encoding="utf-8"?>
<Catchment xmlns:xsi="http://www.w3.org/2001/XMLSchema-instance" xmlns:xsd="http://www.w3.org/2001/XMLSchema">
  <CatchmentParameters>
    <KSI>0.001</KSI>
    <KGmin>0.05</KGmin>
    <RangeKG>0.1</RangeKG>
    <AG>0.1</AG>
    <PERC>9.9623903362726569</PERC>
    <Alpha>0</Alpha>
    <UZL>97.215163315482911</UZL>
    <K0>0.19097288984755068</K0>
    <K1>0.39026396668964353</K1>
    <K2>0.083773911098126028</K2>
    <MAXBAS>2.4999939517363523</MAXBAS>
    <Cet>0</Cet>
    <PCALT>10</PCALT>
    <TCALT>0.6</TCALT>
    <Pelev>2541</Pelev>
    <Telev>2541</Telev>
    <PART>0.5</PART>
    <DELAY>1</DELAY>
  </CatchmentParameters>
  <VegetationZone>
    <VegetationZoneParameters>
      <TT>0.28200183187780314</TT>
      <CFMAX>1.3495491173941299</CFMAX>
      <SP>0</SP>
      <SFCF>0.86368663912906751</SFCF>
      <CFR>0.011963308731499105</CFR>
      <CWH>0.10000024742717577</CWH>
      <CFGlacier>1</CFGlacier>
      <CFSlope>1</CFSlope>
      <FC>216.31842956817687</FC>
      <LP>0.30000056932722413</LP>
      <BETA>4.122527513842317</BETA>
    </VegetationZoneParameters>
  </VegetationZone>
  <SubCatchment>
    <SubCatchmentParameters>
      <KSI>0.001</KSI>
      <KGmin>0.05</KGmin>
      <RangeKG>0.1</RangeKG>
      <AG>0.1</AG>
      <PERC>9.9623903362726569</PERC>
      <Alpha>0</Alpha>
      <UZL>97.215163315482911</UZL>
      <K0>0.19097288984755068</K0>
      <K1>0.39026396668964353</K1>
      <K2>0.083773911098126028</K2>
      <MAXBAS>2.4999939517363523</MAXBAS>
      <Cet>0</Cet>
      <PCALT>10</PCALT>
      <TCALT>0.6</TCALT>
      <Pelev>2541</Pelev>
      <Telev>2541</Telev>
      <PART>0.5</PART>
      <DELAY>1</DELAY>
    </SubCatchmentParameters>
    <SubCatchmentVegetationZone>
      <SubCatchmentVegetationZoneParameters>
        <TT>0.28200183187780314</TT>
        <CFMAX>1.3495491173941299</CFMAX>
        <SP>0</SP>
        <SFCF>0.86368663912906751</SFCF>
        <CFR>0.011963308731499105</CFR>
        <CWH>0.10000024742717577</CWH>
        <CFGlacier>1</CFGlacier>
        <CFSlope>1</CFSlope>
        <FC>216.31842956817687</FC>
        <LP>0.30000056932722413</LP>
        <BETA>4.122527513842317</BETA>
      </SubCatchmentVegetationZoneParameters>
    </SubCatchmentVegetationZone>
  </SubCatchment>
</Catchment>