<?xml version="1.0" encoding="utf-8"?>
<Catchment xmlns:xsi="http://www.w3.org/2001/XMLSchema-instance" xmlns:xsd="http://www.w3.org/2001/XMLSchema">
  <CatchmentParameters>
    <KSI>0.001</KSI>
    <KGmin>0.05</KGmin>
    <RangeKG>0.1</RangeKG>
    <AG>0.1</AG>
    <PERC>8.9992029637566038</PERC>
    <Alpha>0</Alpha>
    <UZL>102.95885797436395</UZL>
    <K0>0.372849683448908</K0>
    <K1>0.4109281766130754</K1>
    <K2>0.10991345116907125</K2>
    <MAXBAS>1.857794744819163</MAXBAS>
    <Cet>0</Cet>
    <PCALT>10</PCALT>
    <TCALT>0.6</TCALT>
    <Pelev>2541</Pelev>
    <Telev>2541</Telev>
    <PART>0.5</PART>
    <DELAY>1</DELAY>
  </CatchmentParameters>
  <VegetationZone>
    <VegetationZoneParameters>
      <TT>-1.495583195086174</TT>
      <CFMAX>1.133262155184011</CFMAX>
      <SP>0</SP>
      <SFCF>1.2729236863275901</SFCF>
      <CFR>0.099997064457031076</CFR>
      <CWH>0.13277397918991096</CWH>
      <CFGlacier>1</CFGlacier>
      <CFSlope>1</CFSlope>
      <FC>511.47168798330671</FC>
      <LP>0.470247666718818</LP>
      <BETA>1.96249592896266</BETA>
    </VegetationZoneParameters>
  </VegetationZone>
  <SubCatchment>
    <SubCatchmentParameters>
      <KSI>0.001</KSI>
      <KGmin>0.05</KGmin>
      <RangeKG>0.1</RangeKG>
      <AG>0.1</AG>
      <PERC>8.9992029637566038</PERC>
      <Alpha>0</Alpha>
      <UZL>102.95885797436395</UZL>
      <K0>0.372849683448908</K0>
      <K1>0.4109281766130754</K1>
      <K2>0.10991345116907125</K2>
      <MAXBAS>1.857794744819163</MAXBAS>
      <Cet>0</Cet>
      <PCALT>10</PCALT>
      <TCALT>0.6</TCALT>
      <Pelev>2541</Pelev>
      <Telev>2541</Telev>
      <PART>0.5</PART>
      <DELAY>1</DELAY>
    </SubCatchmentParameters>
    <SubCatchmentVegetationZone>
      <SubCatchmentVegetationZoneParameters>
        <TT>-1.495583195086174</TT>
        <CFMAX>1.133262155184011</CFMAX>
        <SP>0</SP>
        <SFCF>1.2729236863275901</SFCF>
        <CFR>0.099997064457031076</CFR>
        <CWH>0.13277397918991096</CWH>
        <CFGlacier>1</CFGlacier>
        <CFSlope>1</CFSlope>
        <FC>511.47168798330671</FC>
        <LP>0.470247666718818</LP>
        <BETA>1.96249592896266</BETA>
      </SubCatchmentVegetationZoneParameters>
    </SubCatchmentVegetationZone>
  </SubCatchment>
</Catchment>