<?xml version="1.0" encoding="utf-8"?>
<Catchment xmlns:xsi="http://www.w3.org/2001/XMLSchema-instance" xmlns:xsd="http://www.w3.org/2001/XMLSchema">
  <CatchmentParameters>
    <KSI>0.001</KSI>
    <KGmin>0.05</KGmin>
    <RangeKG>0.1</RangeKG>
    <AG>0.1</AG>
    <PERC>4.1483255531343843</PERC>
    <Alpha>0</Alpha>
    <UZL>180.31014138407494</UZL>
    <K0>0.27735023592233332</K0>
    <K1>0.11144465348809553</K1>
    <K2>0.0446268796175716</K2>
    <MAXBAS>1.6338856494125391</MAXBAS>
    <Cet>0</Cet>
    <PCALT>10</PCALT>
    <TCALT>0.6</TCALT>
    <Pelev>2541</Pelev>
    <Telev>2541</Telev>
    <PART>0.5</PART>
    <DELAY>1</DELAY>
  </CatchmentParameters>
  <VegetationZone>
    <VegetationZoneParameters>
      <TT>0.47310324811481125</TT>
      <CFMAX>1.7825860301048662</CFMAX>
      <SP>0</SP>
      <SFCF>0.92289615396337421</SFCF>
      <CFR>0.099999407391783257</CFR>
      <CWH>0.10000002646653552</CWH>
      <CFGlacier>1</CFGlacier>
      <CFSlope>1</CFSlope>
      <FC>200.46203049398403</FC>
      <LP>0.30000000008715744</LP>
      <BETA>2.2236735384589426</BETA>
    </VegetationZoneParameters>
  </VegetationZone>
  <SubCatchment>
    <SubCatchmentParameters>
      <KSI>0.001</KSI>
      <KGmin>0.05</KGmin>
      <RangeKG>0.1</RangeKG>
      <AG>0.1</AG>
      <PERC>4.1483255531343843</PERC>
      <Alpha>0</Alpha>
      <UZL>180.31014138407494</UZL>
      <K0>0.27735023592233332</K0>
      <K1>0.11144465348809553</K1>
      <K2>0.0446268796175716</K2>
      <MAXBAS>1.6338856494125391</MAXBAS>
      <Cet>0</Cet>
      <PCALT>10</PCALT>
      <TCALT>0.6</TCALT>
      <Pelev>2541</Pelev>
      <Telev>2541</Telev>
      <PART>0.5</PART>
      <DELAY>1</DELAY>
    </SubCatchmentParameters>
    <SubCatchmentVegetationZone>
      <SubCatchmentVegetationZoneParameters>
        <TT>0.47310324811481125</TT>
        <CFMAX>1.7825860301048662</CFMAX>
        <SP>0</SP>
        <SFCF>0.92289615396337421</SFCF>
        <CFR>0.099999407391783257</CFR>
        <CWH>0.10000002646653552</CWH>
        <CFGlacier>1</CFGlacier>
        <CFSlope>1</CFSlope>
        <FC>200.46203049398403</FC>
        <LP>0.30000000008715744</LP>
        <BETA>2.2236735384589426</BETA>
      </SubCatchmentVegetationZoneParameters>
    </SubCatchmentVegetationZone>
  </SubCatchment>
</Catchment>