<?xml version="1.0" encoding="utf-8"?>
<Catchment xmlns:xsi="http://www.w3.org/2001/XMLSchema-instance" xmlns:xsd="http://www.w3.org/2001/XMLSchema">
  <CatchmentParameters>
    <KSI>0.001</KSI>
    <KGmin>0.05</KGmin>
    <RangeKG>0.1</RangeKG>
    <AG>0.1</AG>
    <PERC>9.9489800459137037</PERC>
    <Alpha>0</Alpha>
    <UZL>198.38501869948408</UZL>
    <K0>0.087576725758548413</K0>
    <K1>0.46391842039878345</K1>
    <K2>0.10310879600210483</K2>
    <MAXBAS>2.2622236725478189</MAXBAS>
    <Cet>0</Cet>
    <PCALT>10</PCALT>
    <TCALT>0.6</TCALT>
    <Pelev>2541</Pelev>
    <Telev>2541</Telev>
    <PART>0.5</PART>
    <DELAY>1</DELAY>
  </CatchmentParameters>
  <VegetationZone>
    <VegetationZoneParameters>
      <TT>-0.87128221515949378</TT>
      <CFMAX>1.2340755307607492</CFMAX>
      <SP>0</SP>
      <SFCF>1.1490652287406074</SFCF>
      <CFR>0.0999985857866005</CFR>
      <CWH>0.10000010988902951</CWH>
      <CFGlacier>1</CFGlacier>
      <CFSlope>1</CFSlope>
      <FC>458.33485579471221</FC>
      <LP>0.65575325624512848</LP>
      <BETA>2.2421548971245833</BETA>
    </VegetationZoneParameters>
  </VegetationZone>
  <SubCatchment>
    <SubCatchmentParameters>
      <KSI>0.001</KSI>
      <KGmin>0.05</KGmin>
      <RangeKG>0.1</RangeKG>
      <AG>0.1</AG>
      <PERC>9.9489800459137037</PERC>
      <Alpha>0</Alpha>
      <UZL>198.38501869948408</UZL>
      <K0>0.087576725758548413</K0>
      <K1>0.46391842039878345</K1>
      <K2>0.10310879600210483</K2>
      <MAXBAS>2.2622236725478189</MAXBAS>
      <Cet>0</Cet>
      <PCALT>10</PCALT>
      <TCALT>0.6</TCALT>
      <Pelev>2541</Pelev>
      <Telev>2541</Telev>
      <PART>0.5</PART>
      <DELAY>1</DELAY>
    </SubCatchmentParameters>
    <SubCatchmentVegetationZone>
      <SubCatchmentVegetationZoneParameters>
        <TT>-0.87128221515949378</TT>
        <CFMAX>1.2340755307607492</CFMAX>
        <SP>0</SP>
        <SFCF>1.1490652287406074</SFCF>
        <CFR>0.0999985857866005</CFR>
        <CWH>0.10000010988902951</CWH>
        <CFGlacier>1</CFGlacier>
        <CFSlope>1</CFSlope>
        <FC>458.33485579471221</FC>
        <LP>0.65575325624512848</LP>
        <BETA>2.2421548971245833</BETA>
      </SubCatchmentVegetationZoneParameters>
    </SubCatchmentVegetationZone>
  </SubCatchment>
</Catchment>