<?xml version="1.0" encoding="utf-8"?>
<Catchment xmlns:xsi="http://www.w3.org/2001/XMLSchema-instance" xmlns:xsd="http://www.w3.org/2001/XMLSchema">
  <CatchmentParameters>
    <KSI>0.001</KSI>
    <KGmin>0.05</KGmin>
    <RangeKG>0.1</RangeKG>
    <AG>0.1</AG>
    <PERC>8.4458225242842229</PERC>
    <Alpha>0</Alpha>
    <UZL>183.58546957512968</UZL>
    <K0>0.45794378328910024</K0>
    <K1>0.40055984974999176</K1>
    <K2>0.10936228988593667</K2>
    <MAXBAS>2.4999718512099722</MAXBAS>
    <Cet>0</Cet>
    <PCALT>10</PCALT>
    <TCALT>0.6</TCALT>
    <Pelev>2541</Pelev>
    <Telev>2541</Telev>
    <PART>0.5</PART>
    <DELAY>1</DELAY>
  </CatchmentParameters>
  <VegetationZone>
    <VegetationZoneParameters>
      <TT>-0.75182745923087746</TT>
      <CFMAX>1.1413390292657917</CFMAX>
      <SP>0</SP>
      <SFCF>1.0237739294131745</SFCF>
      <CFR>0.099999786496221793</CFR>
      <CWH>0.11781013692441364</CWH>
      <CFGlacier>1</CFGlacier>
      <CFSlope>1</CFSlope>
      <FC>332.91408452238318</FC>
      <LP>0.30002975077177152</LP>
      <BETA>2.1544104931828021</BETA>
    </VegetationZoneParameters>
  </VegetationZone>
  <SubCatchment>
    <SubCatchmentParameters>
      <KSI>0.001</KSI>
      <KGmin>0.05</KGmin>
      <RangeKG>0.1</RangeKG>
      <AG>0.1</AG>
      <PERC>8.4458225242842229</PERC>
      <Alpha>0</Alpha>
      <UZL>183.58546957512968</UZL>
      <K0>0.45794378328910024</K0>
      <K1>0.40055984974999176</K1>
      <K2>0.10936228988593667</K2>
      <MAXBAS>2.4999718512099722</MAXBAS>
      <Cet>0</Cet>
      <PCALT>10</PCALT>
      <TCALT>0.6</TCALT>
      <Pelev>2541</Pelev>
      <Telev>2541</Telev>
      <PART>0.5</PART>
      <DELAY>1</DELAY>
    </SubCatchmentParameters>
    <SubCatchmentVegetationZone>
      <SubCatchmentVegetationZoneParameters>
        <TT>-0.75182745923087746</TT>
        <CFMAX>1.1413390292657917</CFMAX>
        <SP>0</SP>
        <SFCF>1.0237739294131745</SFCF>
        <CFR>0.099999786496221793</CFR>
        <CWH>0.11781013692441364</CWH>
        <CFGlacier>1</CFGlacier>
        <CFSlope>1</CFSlope>
        <FC>332.91408452238318</FC>
        <LP>0.30002975077177152</LP>
        <BETA>2.1544104931828021</BETA>
      </SubCatchmentVegetationZoneParameters>
    </SubCatchmentVegetationZone>
  </SubCatchment>
</Catchment>