<?xml version="1.0" encoding="utf-8"?>
<Catchment xmlns:xsi="http://www.w3.org/2001/XMLSchema-instance" xmlns:xsd="http://www.w3.org/2001/XMLSchema">
  <CatchmentParameters>
    <KSI>0.001</KSI>
    <KGmin>0.05</KGmin>
    <RangeKG>0.1</RangeKG>
    <AG>0.1</AG>
    <PERC>4.2835670616417039</PERC>
    <Alpha>0</Alpha>
    <UZL>72.56690071469454</UZL>
    <K0>0.19704688374102747</K0>
    <K1>0.15754488567754571</K1>
    <K2>0.074936590504325662</K2>
    <MAXBAS>1.9384214168285259</MAXBAS>
    <Cet>0</Cet>
    <PCALT>10</PCALT>
    <TCALT>0.6</TCALT>
    <Pelev>2541</Pelev>
    <Telev>2541</Telev>
    <PART>0.5</PART>
    <DELAY>1</DELAY>
  </CatchmentParameters>
  <VegetationZone>
    <VegetationZoneParameters>
      <TT>-0.2652742965208284</TT>
      <CFMAX>1.4989906210004829</CFMAX>
      <SP>0</SP>
      <SFCF>1.0812046813821068</SFCF>
      <CFR>0.00029415058986924196</CFR>
      <CWH>0.10000015779614148</CWH>
      <CFGlacier>1</CFGlacier>
      <CFSlope>1</CFSlope>
      <FC>386.58856561954786</FC>
      <LP>0.41203661322978358</LP>
      <BETA>1.5592398381204984</BETA>
    </VegetationZoneParameters>
  </VegetationZone>
  <SubCatchment>
    <SubCatchmentParameters>
      <KSI>0.001</KSI>
      <KGmin>0.05</KGmin>
      <RangeKG>0.1</RangeKG>
      <AG>0.1</AG>
      <PERC>4.2835670616417039</PERC>
      <Alpha>0</Alpha>
      <UZL>72.56690071469454</UZL>
      <K0>0.19704688374102747</K0>
      <K1>0.15754488567754571</K1>
      <K2>0.074936590504325662</K2>
      <MAXBAS>1.9384214168285259</MAXBAS>
      <Cet>0</Cet>
      <PCALT>10</PCALT>
      <TCALT>0.6</TCALT>
      <Pelev>2541</Pelev>
      <Telev>2541</Telev>
      <PART>0.5</PART>
      <DELAY>1</DELAY>
    </SubCatchmentParameters>
    <SubCatchmentVegetationZone>
      <SubCatchmentVegetationZoneParameters>
        <TT>-0.2652742965208284</TT>
        <CFMAX>1.4989906210004829</CFMAX>
        <SP>0</SP>
        <SFCF>1.0812046813821068</SFCF>
        <CFR>0.00029415058986924196</CFR>
        <CWH>0.10000015779614148</CWH>
        <CFGlacier>1</CFGlacier>
        <CFSlope>1</CFSlope>
        <FC>386.58856561954786</FC>
        <LP>0.41203661322978358</LP>
        <BETA>1.5592398381204984</BETA>
      </SubCatchmentVegetationZoneParameters>
    </SubCatchmentVegetationZone>
  </SubCatchment>
</Catchment>