<?xml version="1.0" encoding="utf-8"?>
<Catchment xmlns:xsi="http://www.w3.org/2001/XMLSchema-instance" xmlns:xsd="http://www.w3.org/2001/XMLSchema">
  <CatchmentParameters>
    <KSI>0.001</KSI>
    <KGmin>0.05</KGmin>
    <RangeKG>0.1</RangeKG>
    <AG>0.1</AG>
    <PERC>8.372050228322049</PERC>
    <Alpha>0</Alpha>
    <UZL>135.0255152468456</UZL>
    <K0>0.35049493330993586</K0>
    <K1>0.34271023100122894</K1>
    <K2>0.11332285220699603</K2>
    <MAXBAS>1.7003402781275683</MAXBAS>
    <Cet>0</Cet>
    <PCALT>10</PCALT>
    <TCALT>0.6</TCALT>
    <Pelev>2541</Pelev>
    <Telev>2541</Telev>
    <PART>0.5</PART>
    <DELAY>1</DELAY>
  </CatchmentParameters>
  <VegetationZone>
    <VegetationZoneParameters>
      <TT>-1.7275576264535497</TT>
      <CFMAX>1.0164400724338087</CFMAX>
      <SP>0</SP>
      <SFCF>1.264313293638349</SFCF>
      <CFR>0.099999999197986564</CFR>
      <CWH>0.18622773288916344</CWH>
      <CFGlacier>1</CFGlacier>
      <CFSlope>1</CFSlope>
      <FC>536.075600513389</FC>
      <LP>0.6430486404473007</LP>
      <BETA>2.3430098703754729</BETA>
    </VegetationZoneParameters>
  </VegetationZone>
  <SubCatchment>
    <SubCatchmentParameters>
      <KSI>0.001</KSI>
      <KGmin>0.05</KGmin>
      <RangeKG>0.1</RangeKG>
      <AG>0.1</AG>
      <PERC>8.372050228322049</PERC>
      <Alpha>0</Alpha>
      <UZL>135.0255152468456</UZL>
      <K0>0.35049493330993586</K0>
      <K1>0.34271023100122894</K1>
      <K2>0.11332285220699603</K2>
      <MAXBAS>1.7003402781275683</MAXBAS>
      <Cet>0</Cet>
      <PCALT>10</PCALT>
      <TCALT>0.6</TCALT>
      <Pelev>2541</Pelev>
      <Telev>2541</Telev>
      <PART>0.5</PART>
      <DELAY>1</DELAY>
    </SubCatchmentParameters>
    <SubCatchmentVegetationZone>
      <SubCatchmentVegetationZoneParameters>
        <TT>-1.7275576264535497</TT>
        <CFMAX>1.0164400724338087</CFMAX>
        <SP>0</SP>
        <SFCF>1.264313293638349</SFCF>
        <CFR>0.099999999197986564</CFR>
        <CWH>0.18622773288916344</CWH>
        <CFGlacier>1</CFGlacier>
        <CFSlope>1</CFSlope>
        <FC>536.075600513389</FC>
        <LP>0.6430486404473007</LP>
        <BETA>2.3430098703754729</BETA>
      </SubCatchmentVegetationZoneParameters>
    </SubCatchmentVegetationZone>
  </SubCatchment>
</Catchment>