<?xml version="1.0" encoding="utf-8"?>
<Catchment xmlns:xsi="http://www.w3.org/2001/XMLSchema-instance" xmlns:xsd="http://www.w3.org/2001/XMLSchema">
  <CatchmentParameters>
    <KSI>0.001</KSI>
    <KGmin>0.05</KGmin>
    <RangeKG>0.1</RangeKG>
    <AG>0.1</AG>
    <PERC>9.9996073270973653</PERC>
    <Alpha>0</Alpha>
    <UZL>154.9069571502265</UZL>
    <K0>0.561813509710109</K0>
    <K1>0.38884979964539107</K1>
    <K2>0.079924579918975</K2>
    <MAXBAS>2.4999921612447897</MAXBAS>
    <Cet>0</Cet>
    <PCALT>10</PCALT>
    <TCALT>0.6</TCALT>
    <Pelev>2541</Pelev>
    <Telev>2541</Telev>
    <PART>0.5</PART>
    <DELAY>1</DELAY>
  </CatchmentParameters>
  <VegetationZone>
    <VegetationZoneParameters>
      <TT>0.3498663698597746</TT>
      <CFMAX>1.3594233530315172</CFMAX>
      <SP>0</SP>
      <SFCF>0.85381315144963643</SFCF>
      <CFR>9.5261452329100267E-07</CFR>
      <CWH>0.10000034042176681</CWH>
      <CFGlacier>1</CFGlacier>
      <CFSlope>1</CFSlope>
      <FC>213.1004884155569</FC>
      <LP>0.30000039975603576</LP>
      <BETA>4.2941391211216331</BETA>
    </VegetationZoneParameters>
  </VegetationZone>
  <SubCatchment>
    <SubCatchmentParameters>
      <KSI>0.001</KSI>
      <KGmin>0.05</KGmin>
      <RangeKG>0.1</RangeKG>
      <AG>0.1</AG>
      <PERC>9.9996073270973653</PERC>
      <Alpha>0</Alpha>
      <UZL>154.9069571502265</UZL>
      <K0>0.561813509710109</K0>
      <K1>0.38884979964539107</K1>
      <K2>0.079924579918975</K2>
      <MAXBAS>2.4999921612447897</MAXBAS>
      <Cet>0</Cet>
      <PCALT>10</PCALT>
      <TCALT>0.6</TCALT>
      <Pelev>2541</Pelev>
      <Telev>2541</Telev>
      <PART>0.5</PART>
      <DELAY>1</DELAY>
    </SubCatchmentParameters>
    <SubCatchmentVegetationZone>
      <SubCatchmentVegetationZoneParameters>
        <TT>0.3498663698597746</TT>
        <CFMAX>1.3594233530315172</CFMAX>
        <SP>0</SP>
        <SFCF>0.85381315144963643</SFCF>
        <CFR>9.5261452329100267E-07</CFR>
        <CWH>0.10000034042176681</CWH>
        <CFGlacier>1</CFGlacier>
        <CFSlope>1</CFSlope>
        <FC>213.1004884155569</FC>
        <LP>0.30000039975603576</LP>
        <BETA>4.2941391211216331</BETA>
      </SubCatchmentVegetationZoneParameters>
    </SubCatchmentVegetationZone>
  </SubCatchment>
</Catchment>