<?xml version="1.0" encoding="utf-8"?>
<Catchment xmlns:xsi="http://www.w3.org/2001/XMLSchema-instance" xmlns:xsd="http://www.w3.org/2001/XMLSchema">
  <CatchmentParameters>
    <KSI>0.001</KSI>
    <KGmin>0.05</KGmin>
    <RangeKG>0.1</RangeKG>
    <AG>0.1</AG>
    <PERC>0.69325161679152658</PERC>
    <Alpha>0</Alpha>
    <UZL>156.06364706555385</UZL>
    <K0>0.37518611682326453</K0>
    <K1>0.10020144916799093</K1>
    <K2>0.017278527458737918</K2>
    <MAXBAS>1</MAXBAS>
    <Cet>0</Cet>
    <PCALT>10</PCALT>
    <TCALT>0.6</TCALT>
    <Pelev>2541</Pelev>
    <Telev>2541</Telev>
    <PART>0.5</PART>
    <DELAY>1</DELAY>
  </CatchmentParameters>
  <VegetationZone>
    <VegetationZoneParameters>
      <TT>-0.657630320612971</TT>
      <CFMAX>1.5130179899043734</CFMAX>
      <SP>0</SP>
      <SFCF>1.2003429686449676</SFCF>
      <CFR>0.0066629019777069611</CFR>
      <CWH>0.10000033502566788</CWH>
      <CFGlacier>1</CFGlacier>
      <CFSlope>1</CFSlope>
      <FC>649.69985697283073</FC>
      <LP>0.95378951291799674</LP>
      <BETA>2.7659073443319384</BETA>
    </VegetationZoneParameters>
  </VegetationZone>
  <SubCatchment>
    <SubCatchmentParameters>
      <KSI>0.001</KSI>
      <KGmin>0.05</KGmin>
      <RangeKG>0.1</RangeKG>
      <AG>0.1</AG>
      <PERC>0.69325161679152658</PERC>
      <Alpha>0</Alpha>
      <UZL>156.06364706555385</UZL>
      <K0>0.37518611682326453</K0>
      <K1>0.10020144916799093</K1>
      <K2>0.017278527458737918</K2>
      <MAXBAS>1</MAXBAS>
      <Cet>0</Cet>
      <PCALT>10</PCALT>
      <TCALT>0.6</TCALT>
      <Pelev>2541</Pelev>
      <Telev>2541</Telev>
      <PART>0.5</PART>
      <DELAY>1</DELAY>
    </SubCatchmentParameters>
    <SubCatchmentVegetationZone>
      <SubCatchmentVegetationZoneParameters>
        <TT>-0.657630320612971</TT>
        <CFMAX>1.5130179899043734</CFMAX>
        <SP>0</SP>
        <SFCF>1.2003429686449676</SFCF>
        <CFR>0.0066629019777069611</CFR>
        <CWH>0.10000033502566788</CWH>
        <CFGlacier>1</CFGlacier>
        <CFSlope>1</CFSlope>
        <FC>649.69985697283073</FC>
        <LP>0.95378951291799674</LP>
        <BETA>2.7659073443319384</BETA>
      </SubCatchmentVegetationZoneParameters>
    </SubCatchmentVegetationZone>
  </SubCatchment>
</Catchment>