<?xml version="1.0" encoding="utf-8"?>
<Catchment xmlns:xsi="http://www.w3.org/2001/XMLSchema-instance" xmlns:xsd="http://www.w3.org/2001/XMLSchema">
  <CatchmentParameters>
    <KSI>0.001</KSI>
    <KGmin>0.05</KGmin>
    <RangeKG>0.1</RangeKG>
    <AG>0.1</AG>
    <PERC>8.7042990961275031</PERC>
    <Alpha>0</Alpha>
    <UZL>170.99758112224072</UZL>
    <K0>0.47051016360077791</K0>
    <K1>0.41178328270314768</K1>
    <K2>0.11616251333315433</K2>
    <MAXBAS>1.8104885961530253</MAXBAS>
    <Cet>0</Cet>
    <PCALT>10</PCALT>
    <TCALT>0.6</TCALT>
    <Pelev>2541</Pelev>
    <Telev>2541</Telev>
    <PART>0.5</PART>
    <DELAY>1</DELAY>
  </CatchmentParameters>
  <VegetationZone>
    <VegetationZoneParameters>
      <TT>-1.4761834785106551</TT>
      <CFMAX>1.0601442453351686</CFMAX>
      <SP>0</SP>
      <SFCF>1.2206925551560397</SFCF>
      <CFR>0.09999827714306174</CFR>
      <CWH>0.14687706051562841</CWH>
      <CFGlacier>1</CFGlacier>
      <CFSlope>1</CFSlope>
      <FC>480.37214785291428</FC>
      <LP>0.529932657316881</LP>
      <BETA>2.1763900772978095</BETA>
    </VegetationZoneParameters>
  </VegetationZone>
  <SubCatchment>
    <SubCatchmentParameters>
      <KSI>0.001</KSI>
      <KGmin>0.05</KGmin>
      <RangeKG>0.1</RangeKG>
      <AG>0.1</AG>
      <PERC>8.7042990961275031</PERC>
      <Alpha>0</Alpha>
      <UZL>170.99758112224072</UZL>
      <K0>0.47051016360077791</K0>
      <K1>0.41178328270314768</K1>
      <K2>0.11616251333315433</K2>
      <MAXBAS>1.8104885961530253</MAXBAS>
      <Cet>0</Cet>
      <PCALT>10</PCALT>
      <TCALT>0.6</TCALT>
      <Pelev>2541</Pelev>
      <Telev>2541</Telev>
      <PART>0.5</PART>
      <DELAY>1</DELAY>
    </SubCatchmentParameters>
    <SubCatchmentVegetationZone>
      <SubCatchmentVegetationZoneParameters>
        <TT>-1.4761834785106551</TT>
        <CFMAX>1.0601442453351686</CFMAX>
        <SP>0</SP>
        <SFCF>1.2206925551560397</SFCF>
        <CFR>0.09999827714306174</CFR>
        <CWH>0.14687706051562841</CWH>
        <CFGlacier>1</CFGlacier>
        <CFSlope>1</CFSlope>
        <FC>480.37214785291428</FC>
        <LP>0.529932657316881</LP>
        <BETA>2.1763900772978095</BETA>
      </SubCatchmentVegetationZoneParameters>
    </SubCatchmentVegetationZone>
  </SubCatchment>
</Catchment>