<?xml version="1.0" encoding="utf-8"?>
<Catchment xmlns:xsi="http://www.w3.org/2001/XMLSchema-instance" xmlns:xsd="http://www.w3.org/2001/XMLSchema">
  <CatchmentParameters>
    <KSI>0.001</KSI>
    <KGmin>0.05</KGmin>
    <RangeKG>0.1</RangeKG>
    <AG>0.1</AG>
    <PERC>9.0859119018268881</PERC>
    <Alpha>0</Alpha>
    <UZL>47.80020073612679</UZL>
    <K0>0.54901912746202564</K0>
    <K1>0.430696137549306</K1>
    <K2>0.11610682021390505</K2>
    <MAXBAS>1.9287752510000069</MAXBAS>
    <Cet>0</Cet>
    <PCALT>10</PCALT>
    <TCALT>0.6</TCALT>
    <Pelev>2541</Pelev>
    <Telev>2541</Telev>
    <PART>0.5</PART>
    <DELAY>1</DELAY>
  </CatchmentParameters>
  <VegetationZone>
    <VegetationZoneParameters>
      <TT>-1.3164158528000487</TT>
      <CFMAX>1.044965598205698</CFMAX>
      <SP>0</SP>
      <SFCF>1.1315970638264565</SFCF>
      <CFR>0.09999999871286494</CFR>
      <CWH>0.16126570949451929</CWH>
      <CFGlacier>1</CFGlacier>
      <CFSlope>1</CFSlope>
      <FC>441.18196776941272</FC>
      <LP>0.56679314258085167</LP>
      <BETA>2.3006382710102167</BETA>
    </VegetationZoneParameters>
  </VegetationZone>
  <SubCatchment>
    <SubCatchmentParameters>
      <KSI>0.001</KSI>
      <KGmin>0.05</KGmin>
      <RangeKG>0.1</RangeKG>
      <AG>0.1</AG>
      <PERC>9.0859119018268881</PERC>
      <Alpha>0</Alpha>
      <UZL>47.80020073612679</UZL>
      <K0>0.54901912746202564</K0>
      <K1>0.430696137549306</K1>
      <K2>0.11610682021390505</K2>
      <MAXBAS>1.9287752510000069</MAXBAS>
      <Cet>0</Cet>
      <PCALT>10</PCALT>
      <TCALT>0.6</TCALT>
      <Pelev>2541</Pelev>
      <Telev>2541</Telev>
      <PART>0.5</PART>
      <DELAY>1</DELAY>
    </SubCatchmentParameters>
    <SubCatchmentVegetationZone>
      <SubCatchmentVegetationZoneParameters>
        <TT>-1.3164158528000487</TT>
        <CFMAX>1.044965598205698</CFMAX>
        <SP>0</SP>
        <SFCF>1.1315970638264565</SFCF>
        <CFR>0.09999999871286494</CFR>
        <CWH>0.16126570949451929</CWH>
        <CFGlacier>1</CFGlacier>
        <CFSlope>1</CFSlope>
        <FC>441.18196776941272</FC>
        <LP>0.56679314258085167</LP>
        <BETA>2.3006382710102167</BETA>
      </SubCatchmentVegetationZoneParameters>
    </SubCatchmentVegetationZone>
  </SubCatchment>
</Catchment>