<?xml version="1.0" encoding="utf-8"?>
<Catchment xmlns:xsi="http://www.w3.org/2001/XMLSchema-instance" xmlns:xsd="http://www.w3.org/2001/XMLSchema">
  <CatchmentParameters>
    <KSI>0.001</KSI>
    <KGmin>0.05</KGmin>
    <RangeKG>0.1</RangeKG>
    <AG>0.1</AG>
    <PERC>9.3519958879788376</PERC>
    <Alpha>0</Alpha>
    <UZL>156.23445461745311</UZL>
    <K0>0.24126717747362286</K0>
    <K1>0.448125301576674</K1>
    <K2>0.1124221155612303</K2>
    <MAXBAS>1.8204690429881671</MAXBAS>
    <Cet>0</Cet>
    <PCALT>10</PCALT>
    <TCALT>0.6</TCALT>
    <Pelev>2541</Pelev>
    <Telev>2541</Telev>
    <PART>0.5</PART>
    <DELAY>1</DELAY>
  </CatchmentParameters>
  <VegetationZone>
    <VegetationZoneParameters>
      <TT>-1.4046285669934373</TT>
      <CFMAX>1.0571714251414934</CFMAX>
      <SP>0</SP>
      <SFCF>1.1792846392113743</SFCF>
      <CFR>0.099995766869707223</CFR>
      <CWH>0.16602764222231908</CWH>
      <CFGlacier>1</CFGlacier>
      <CFSlope>1</CFSlope>
      <FC>470.03885246579296</FC>
      <LP>0.590939056300064</LP>
      <BETA>2.3259255391498326</BETA>
    </VegetationZoneParameters>
  </VegetationZone>
  <SubCatchment>
    <SubCatchmentParameters>
      <KSI>0.001</KSI>
      <KGmin>0.05</KGmin>
      <RangeKG>0.1</RangeKG>
      <AG>0.1</AG>
      <PERC>9.3519958879788376</PERC>
      <Alpha>0</Alpha>
      <UZL>156.23445461745311</UZL>
      <K0>0.24126717747362286</K0>
      <K1>0.448125301576674</K1>
      <K2>0.1124221155612303</K2>
      <MAXBAS>1.8204690429881671</MAXBAS>
      <Cet>0</Cet>
      <PCALT>10</PCALT>
      <TCALT>0.6</TCALT>
      <Pelev>2541</Pelev>
      <Telev>2541</Telev>
      <PART>0.5</PART>
      <DELAY>1</DELAY>
    </SubCatchmentParameters>
    <SubCatchmentVegetationZone>
      <SubCatchmentVegetationZoneParameters>
        <TT>-1.4046285669934373</TT>
        <CFMAX>1.0571714251414934</CFMAX>
        <SP>0</SP>
        <SFCF>1.1792846392113743</SFCF>
        <CFR>0.099995766869707223</CFR>
        <CWH>0.16602764222231908</CWH>
        <CFGlacier>1</CFGlacier>
        <CFSlope>1</CFSlope>
        <FC>470.03885246579296</FC>
        <LP>0.590939056300064</LP>
        <BETA>2.3259255391498326</BETA>
      </SubCatchmentVegetationZoneParameters>
    </SubCatchmentVegetationZone>
  </SubCatchment>
</Catchment>