<?xml version="1.0" encoding="utf-8"?>
<Catchment xmlns:xsi="http://www.w3.org/2001/XMLSchema-instance" xmlns:xsd="http://www.w3.org/2001/XMLSchema">
  <CatchmentParameters>
    <KSI>0.001</KSI>
    <KGmin>0.05</KGmin>
    <RangeKG>0.1</RangeKG>
    <AG>0.1</AG>
    <PERC>1.0310319890638742</PERC>
    <Alpha>0</Alpha>
    <UZL>194.86191160070842</UZL>
    <K0>0.49738738455886961</K0>
    <K1>0.11196071010597419</K1>
    <K2>0.025401070751369652</K2>
    <MAXBAS>1</MAXBAS>
    <Cet>0</Cet>
    <PCALT>10</PCALT>
    <TCALT>0.6</TCALT>
    <Pelev>2541</Pelev>
    <Telev>2541</Telev>
    <PART>0.5</PART>
    <DELAY>1</DELAY>
  </CatchmentParameters>
  <VegetationZone>
    <VegetationZoneParameters>
      <TT>-1.5112367135675111</TT>
      <CFMAX>1.4433225175639308</CFMAX>
      <SP>0</SP>
      <SFCF>1.4510179395623177</SFCF>
      <CFR>0.050711315823113549</CFR>
      <CWH>0.10000000362969556</CWH>
      <CFGlacier>1</CFGlacier>
      <CFSlope>1</CFSlope>
      <FC>1271.7870078706133</FC>
      <LP>0.927763136833049</LP>
      <BETA>4.2417526739185591</BETA>
    </VegetationZoneParameters>
  </VegetationZone>
  <SubCatchment>
    <SubCatchmentParameters>
      <KSI>0.001</KSI>
      <KGmin>0.05</KGmin>
      <RangeKG>0.1</RangeKG>
      <AG>0.1</AG>
      <PERC>1.0310319890638742</PERC>
      <Alpha>0</Alpha>
      <UZL>194.86191160070842</UZL>
      <K0>0.49738738455886961</K0>
      <K1>0.11196071010597419</K1>
      <K2>0.025401070751369652</K2>
      <MAXBAS>1</MAXBAS>
      <Cet>0</Cet>
      <PCALT>10</PCALT>
      <TCALT>0.6</TCALT>
      <Pelev>2541</Pelev>
      <Telev>2541</Telev>
      <PART>0.5</PART>
      <DELAY>1</DELAY>
    </SubCatchmentParameters>
    <SubCatchmentVegetationZone>
      <SubCatchmentVegetationZoneParameters>
        <TT>-1.5112367135675111</TT>
        <CFMAX>1.4433225175639308</CFMAX>
        <SP>0</SP>
        <SFCF>1.4510179395623177</SFCF>
        <CFR>0.050711315823113549</CFR>
        <CWH>0.10000000362969556</CWH>
        <CFGlacier>1</CFGlacier>
        <CFSlope>1</CFSlope>
        <FC>1271.7870078706133</FC>
        <LP>0.927763136833049</LP>
        <BETA>4.2417526739185591</BETA>
      </SubCatchmentVegetationZoneParameters>
    </SubCatchmentVegetationZone>
  </SubCatchment>
</Catchment>