<?xml version="1.0" encoding="utf-8"?>
<Catchment xmlns:xsi="http://www.w3.org/2001/XMLSchema-instance" xmlns:xsd="http://www.w3.org/2001/XMLSchema">
  <CatchmentParameters>
    <KSI>0.001</KSI>
    <KGmin>0.05</KGmin>
    <RangeKG>0.1</RangeKG>
    <AG>0.1</AG>
    <PERC>9.9998667744882788</PERC>
    <Alpha>0</Alpha>
    <UZL>103.16733268976542</UZL>
    <K0>0.397775132351498</K0>
    <K1>0.45363604407134955</K1>
    <K2>0.11027163246034338</K2>
    <MAXBAS>1.9908676331175745</MAXBAS>
    <Cet>0</Cet>
    <PCALT>10</PCALT>
    <TCALT>0.6</TCALT>
    <Pelev>2541</Pelev>
    <Telev>2541</Telev>
    <PART>0.5</PART>
    <DELAY>1</DELAY>
  </CatchmentParameters>
  <VegetationZone>
    <VegetationZoneParameters>
      <TT>-0.94799554218251758</TT>
      <CFMAX>1.0822921585002188</CFMAX>
      <SP>0</SP>
      <SFCF>1.0622647510281431</SFCF>
      <CFR>0.099999254709852714</CFR>
      <CWH>0.154844853172857</CWH>
      <CFGlacier>1</CFGlacier>
      <CFSlope>1</CFSlope>
      <FC>340.83407815378894</FC>
      <LP>0.30000088845483636</LP>
      <BETA>2.1533661915175273</BETA>
    </VegetationZoneParameters>
  </VegetationZone>
  <SubCatchment>
    <SubCatchmentParameters>
      <KSI>0.001</KSI>
      <KGmin>0.05</KGmin>
      <RangeKG>0.1</RangeKG>
      <AG>0.1</AG>
      <PERC>9.9998667744882788</PERC>
      <Alpha>0</Alpha>
      <UZL>103.16733268976542</UZL>
      <K0>0.397775132351498</K0>
      <K1>0.45363604407134955</K1>
      <K2>0.11027163246034338</K2>
      <MAXBAS>1.9908676331175745</MAXBAS>
      <Cet>0</Cet>
      <PCALT>10</PCALT>
      <TCALT>0.6</TCALT>
      <Pelev>2541</Pelev>
      <Telev>2541</Telev>
      <PART>0.5</PART>
      <DELAY>1</DELAY>
    </SubCatchmentParameters>
    <SubCatchmentVegetationZone>
      <SubCatchmentVegetationZoneParameters>
        <TT>-0.94799554218251758</TT>
        <CFMAX>1.0822921585002188</CFMAX>
        <SP>0</SP>
        <SFCF>1.0622647510281431</SFCF>
        <CFR>0.099999254709852714</CFR>
        <CWH>0.154844853172857</CWH>
        <CFGlacier>1</CFGlacier>
        <CFSlope>1</CFSlope>
        <FC>340.83407815378894</FC>
        <LP>0.30000088845483636</LP>
        <BETA>2.1533661915175273</BETA>
      </SubCatchmentVegetationZoneParameters>
    </SubCatchmentVegetationZone>
  </SubCatchment>
</Catchment>