<?xml version="1.0" encoding="utf-8"?>
<Catchment xmlns:xsi="http://www.w3.org/2001/XMLSchema-instance" xmlns:xsd="http://www.w3.org/2001/XMLSchema">
  <CatchmentParameters>
    <KSI>0.001</KSI>
    <KGmin>0.05</KGmin>
    <RangeKG>0.1</RangeKG>
    <AG>0.1</AG>
    <PERC>1.1176492414464911</PERC>
    <Alpha>0</Alpha>
    <UZL>158.3512216315867</UZL>
    <K0>0.10558108535332</K0>
    <K1>0.081737982853410149</K1>
    <K2>0.021787047610863738</K2>
    <MAXBAS>1</MAXBAS>
    <Cet>0</Cet>
    <PCALT>10</PCALT>
    <TCALT>0.6</TCALT>
    <Pelev>2541</Pelev>
    <Telev>2541</Telev>
    <PART>0.5</PART>
    <DELAY>1</DELAY>
  </CatchmentParameters>
  <VegetationZone>
    <VegetationZoneParameters>
      <TT>-0.12587789682244924</TT>
      <CFMAX>2.5573601438427227</CFMAX>
      <SP>0</SP>
      <SFCF>1.4113091281147543</SFCF>
      <CFR>2.0363641066452072E-08</CFR>
      <CWH>0.10000000045922612</CWH>
      <CFGlacier>1</CFGlacier>
      <CFSlope>1</CFSlope>
      <FC>1419.4694246275258</FC>
      <LP>0.86607466584852444</LP>
      <BETA>3.37097938433383</BETA>
    </VegetationZoneParameters>
  </VegetationZone>
  <SubCatchment>
    <SubCatchmentParameters>
      <KSI>0.001</KSI>
      <KGmin>0.05</KGmin>
      <RangeKG>0.1</RangeKG>
      <AG>0.1</AG>
      <PERC>1.1176492414464911</PERC>
      <Alpha>0</Alpha>
      <UZL>158.3512216315867</UZL>
      <K0>0.10558108535332</K0>
      <K1>0.081737982853410149</K1>
      <K2>0.021787047610863738</K2>
      <MAXBAS>1</MAXBAS>
      <Cet>0</Cet>
      <PCALT>10</PCALT>
      <TCALT>0.6</TCALT>
      <Pelev>2541</Pelev>
      <Telev>2541</Telev>
      <PART>0.5</PART>
      <DELAY>1</DELAY>
    </SubCatchmentParameters>
    <SubCatchmentVegetationZone>
      <SubCatchmentVegetationZoneParameters>
        <TT>-0.12587789682244924</TT>
        <CFMAX>2.5573601438427227</CFMAX>
        <SP>0</SP>
        <SFCF>1.4113091281147543</SFCF>
        <CFR>2.0363641066452072E-08</CFR>
        <CWH>0.10000000045922612</CWH>
        <CFGlacier>1</CFGlacier>
        <CFSlope>1</CFSlope>
        <FC>1419.4694246275258</FC>
        <LP>0.86607466584852444</LP>
        <BETA>3.37097938433383</BETA>
      </SubCatchmentVegetationZoneParameters>
    </SubCatchmentVegetationZone>
  </SubCatchment>
</Catchment>