<?xml version="1.0" encoding="utf-8"?>
<Catchment xmlns:xsi="http://www.w3.org/2001/XMLSchema-instance" xmlns:xsd="http://www.w3.org/2001/XMLSchema">
  <CatchmentParameters>
    <KSI>0.001</KSI>
    <KGmin>0.05</KGmin>
    <RangeKG>0.1</RangeKG>
    <AG>0.1</AG>
    <PERC>1.2287543651174129</PERC>
    <Alpha>0</Alpha>
    <UZL>170.23023924041365</UZL>
    <K0>0.076734429287366221</K0>
    <K1>0.095235998465956567</K1>
    <K2>0.022103653850216703</K2>
    <MAXBAS>1</MAXBAS>
    <Cet>0</Cet>
    <PCALT>10</PCALT>
    <TCALT>0.6</TCALT>
    <Pelev>2541</Pelev>
    <Telev>2541</Telev>
    <PART>0.5</PART>
    <DELAY>1</DELAY>
  </CatchmentParameters>
  <VegetationZone>
    <VegetationZoneParameters>
      <TT>-0.29428036050391126</TT>
      <CFMAX>1.9435721578664462</CFMAX>
      <SP>0</SP>
      <SFCF>1.2230982002513018</SFCF>
      <CFR>0.046028758431787685</CFR>
      <CWH>0.10000000076801814</CWH>
      <CFGlacier>1</CFGlacier>
      <CFSlope>1</CFSlope>
      <FC>790.90298172599967</FC>
      <LP>0.98204869572648956</LP>
      <BETA>2.6801081027112708</BETA>
    </VegetationZoneParameters>
  </VegetationZone>
  <SubCatchment>
    <SubCatchmentParameters>
      <KSI>0.001</KSI>
      <KGmin>0.05</KGmin>
      <RangeKG>0.1</RangeKG>
      <AG>0.1</AG>
      <PERC>1.2287543651174129</PERC>
      <Alpha>0</Alpha>
      <UZL>170.23023924041365</UZL>
      <K0>0.076734429287366221</K0>
      <K1>0.095235998465956567</K1>
      <K2>0.022103653850216703</K2>
      <MAXBAS>1</MAXBAS>
      <Cet>0</Cet>
      <PCALT>10</PCALT>
      <TCALT>0.6</TCALT>
      <Pelev>2541</Pelev>
      <Telev>2541</Telev>
      <PART>0.5</PART>
      <DELAY>1</DELAY>
    </SubCatchmentParameters>
    <SubCatchmentVegetationZone>
      <SubCatchmentVegetationZoneParameters>
        <TT>-0.29428036050391126</TT>
        <CFMAX>1.9435721578664462</CFMAX>
        <SP>0</SP>
        <SFCF>1.2230982002513018</SFCF>
        <CFR>0.046028758431787685</CFR>
        <CWH>0.10000000076801814</CWH>
        <CFGlacier>1</CFGlacier>
        <CFSlope>1</CFSlope>
        <FC>790.90298172599967</FC>
        <LP>0.98204869572648956</LP>
        <BETA>2.6801081027112708</BETA>
      </SubCatchmentVegetationZoneParameters>
    </SubCatchmentVegetationZone>
  </SubCatchment>
</Catchment>