<?xml version="1.0" encoding="utf-8"?>
<Catchment xmlns:xsi="http://www.w3.org/2001/XMLSchema-instance" xmlns:xsd="http://www.w3.org/2001/XMLSchema">
  <CatchmentParameters>
    <KSI>0.001</KSI>
    <KGmin>0.05</KGmin>
    <RangeKG>0.1</RangeKG>
    <AG>0.1</AG>
    <PERC>9.4207896335200445</PERC>
    <Alpha>0</Alpha>
    <UZL>177.51672621482155</UZL>
    <K0>0.33628879955538621</K0>
    <K1>0.40979417554387737</K1>
    <K2>0.11091288636519858</K2>
    <MAXBAS>1.919696255313363</MAXBAS>
    <Cet>0</Cet>
    <PCALT>10</PCALT>
    <TCALT>0.6</TCALT>
    <Pelev>2541</Pelev>
    <Telev>2541</Telev>
    <PART>0.5</PART>
    <DELAY>1</DELAY>
  </CatchmentParameters>
  <VegetationZone>
    <VegetationZoneParameters>
      <TT>-0.94794120520503733</TT>
      <CFMAX>1.0465738591628468</CFMAX>
      <SP>0</SP>
      <SFCF>1.0330486045123184</SFCF>
      <CFR>0.099998694765193907</CFR>
      <CWH>0.16639548807286547</CWH>
      <CFGlacier>1</CFGlacier>
      <CFSlope>1</CFSlope>
      <FC>330.526452532095</FC>
      <LP>0.30000197741052131</LP>
      <BETA>2.1714681684702781</BETA>
    </VegetationZoneParameters>
  </VegetationZone>
  <SubCatchment>
    <SubCatchmentParameters>
      <KSI>0.001</KSI>
      <KGmin>0.05</KGmin>
      <RangeKG>0.1</RangeKG>
      <AG>0.1</AG>
      <PERC>9.4207896335200445</PERC>
      <Alpha>0</Alpha>
      <UZL>177.51672621482155</UZL>
      <K0>0.33628879955538621</K0>
      <K1>0.40979417554387737</K1>
      <K2>0.11091288636519858</K2>
      <MAXBAS>1.919696255313363</MAXBAS>
      <Cet>0</Cet>
      <PCALT>10</PCALT>
      <TCALT>0.6</TCALT>
      <Pelev>2541</Pelev>
      <Telev>2541</Telev>
      <PART>0.5</PART>
      <DELAY>1</DELAY>
    </SubCatchmentParameters>
    <SubCatchmentVegetationZone>
      <SubCatchmentVegetationZoneParameters>
        <TT>-0.94794120520503733</TT>
        <CFMAX>1.0465738591628468</CFMAX>
        <SP>0</SP>
        <SFCF>1.0330486045123184</SFCF>
        <CFR>0.099998694765193907</CFR>
        <CWH>0.16639548807286547</CWH>
        <CFGlacier>1</CFGlacier>
        <CFSlope>1</CFSlope>
        <FC>330.526452532095</FC>
        <LP>0.30000197741052131</LP>
        <BETA>2.1714681684702781</BETA>
      </SubCatchmentVegetationZoneParameters>
    </SubCatchmentVegetationZone>
  </SubCatchment>
</Catchment>