<?xml version="1.0" encoding="utf-8"?>
<Catchment xmlns:xsi="http://www.w3.org/2001/XMLSchema-instance" xmlns:xsd="http://www.w3.org/2001/XMLSchema">
  <CatchmentParameters>
    <KSI>0.001</KSI>
    <KGmin>0.05</KGmin>
    <RangeKG>0.1</RangeKG>
    <AG>0.1</AG>
    <PERC>1.4250280945434157</PERC>
    <Alpha>0</Alpha>
    <UZL>135.47906520540496</UZL>
    <K0>0.35302086251824255</K0>
    <K1>0.10593046540725915</K1>
    <K2>0.02297394050169279</K2>
    <MAXBAS>1</MAXBAS>
    <Cet>0</Cet>
    <PCALT>10</PCALT>
    <TCALT>0.6</TCALT>
    <Pelev>2541</Pelev>
    <Telev>2541</Telev>
    <PART>0.5</PART>
    <DELAY>1</DELAY>
  </CatchmentParameters>
  <VegetationZone>
    <VegetationZoneParameters>
      <TT>-0.29427495147047028</TT>
      <CFMAX>1.8092761225003828</CFMAX>
      <SP>0</SP>
      <SFCF>1.180770620513665</SFCF>
      <CFR>0.070062089343110326</CFR>
      <CWH>0.10000000561158257</CWH>
      <CFGlacier>1</CFGlacier>
      <CFSlope>1</CFSlope>
      <FC>582.29866395310319</FC>
      <LP>0.832200213380024</LP>
      <BETA>1.9663129103618822</BETA>
    </VegetationZoneParameters>
  </VegetationZone>
  <SubCatchment>
    <SubCatchmentParameters>
      <KSI>0.001</KSI>
      <KGmin>0.05</KGmin>
      <RangeKG>0.1</RangeKG>
      <AG>0.1</AG>
      <PERC>1.4250280945434157</PERC>
      <Alpha>0</Alpha>
      <UZL>135.47906520540496</UZL>
      <K0>0.35302086251824255</K0>
      <K1>0.10593046540725915</K1>
      <K2>0.02297394050169279</K2>
      <MAXBAS>1</MAXBAS>
      <Cet>0</Cet>
      <PCALT>10</PCALT>
      <TCALT>0.6</TCALT>
      <Pelev>2541</Pelev>
      <Telev>2541</Telev>
      <PART>0.5</PART>
      <DELAY>1</DELAY>
    </SubCatchmentParameters>
    <SubCatchmentVegetationZone>
      <SubCatchmentVegetationZoneParameters>
        <TT>-0.29427495147047028</TT>
        <CFMAX>1.8092761225003828</CFMAX>
        <SP>0</SP>
        <SFCF>1.180770620513665</SFCF>
        <CFR>0.070062089343110326</CFR>
        <CWH>0.10000000561158257</CWH>
        <CFGlacier>1</CFGlacier>
        <CFSlope>1</CFSlope>
        <FC>582.29866395310319</FC>
        <LP>0.832200213380024</LP>
        <BETA>1.9663129103618822</BETA>
      </SubCatchmentVegetationZoneParameters>
    </SubCatchmentVegetationZone>
  </SubCatchment>
</Catchment>