<?xml version="1.0" encoding="utf-8"?>
<Catchment xmlns:xsi="http://www.w3.org/2001/XMLSchema-instance" xmlns:xsd="http://www.w3.org/2001/XMLSchema">
  <CatchmentParameters>
    <KSI>0.001</KSI>
    <KGmin>0.05</KGmin>
    <RangeKG>0.1</RangeKG>
    <AG>0.1</AG>
    <PERC>5.0530660435986432</PERC>
    <Alpha>0</Alpha>
    <UZL>36.905779464990047</UZL>
    <K0>0.989991864864328</K0>
    <K1>0.14613624778758275</K1>
    <K2>0.0657330400973437</K2>
    <MAXBAS>2.4999876486403854</MAXBAS>
    <Cet>0</Cet>
    <PCALT>10</PCALT>
    <TCALT>0.6</TCALT>
    <Pelev>2541</Pelev>
    <Telev>2541</Telev>
    <PART>0.5</PART>
    <DELAY>1</DELAY>
  </CatchmentParameters>
  <VegetationZone>
    <VegetationZoneParameters>
      <TT>0.16736151003495289</TT>
      <CFMAX>1.3092720671509772</CFMAX>
      <SP>0</SP>
      <SFCF>0.88624459740261352</SFCF>
      <CFR>1.1099874515267008E-06</CFR>
      <CWH>0.10000010072368659</CWH>
      <CFGlacier>1</CFGlacier>
      <CFSlope>1</CFSlope>
      <FC>218.26424971136149</FC>
      <LP>0.30000024338415543</LP>
      <BETA>3.2775638018714131</BETA>
    </VegetationZoneParameters>
  </VegetationZone>
  <SubCatchment>
    <SubCatchmentParameters>
      <KSI>0.001</KSI>
      <KGmin>0.05</KGmin>
      <RangeKG>0.1</RangeKG>
      <AG>0.1</AG>
      <PERC>5.0530660435986432</PERC>
      <Alpha>0</Alpha>
      <UZL>36.905779464990047</UZL>
      <K0>0.989991864864328</K0>
      <K1>0.14613624778758275</K1>
      <K2>0.0657330400973437</K2>
      <MAXBAS>2.4999876486403854</MAXBAS>
      <Cet>0</Cet>
      <PCALT>10</PCALT>
      <TCALT>0.6</TCALT>
      <Pelev>2541</Pelev>
      <Telev>2541</Telev>
      <PART>0.5</PART>
      <DELAY>1</DELAY>
    </SubCatchmentParameters>
    <SubCatchmentVegetationZone>
      <SubCatchmentVegetationZoneParameters>
        <TT>0.16736151003495289</TT>
        <CFMAX>1.3092720671509772</CFMAX>
        <SP>0</SP>
        <SFCF>0.88624459740261352</SFCF>
        <CFR>1.1099874515267008E-06</CFR>
        <CWH>0.10000010072368659</CWH>
        <CFGlacier>1</CFGlacier>
        <CFSlope>1</CFSlope>
        <FC>218.26424971136149</FC>
        <LP>0.30000024338415543</LP>
        <BETA>3.2775638018714131</BETA>
      </SubCatchmentVegetationZoneParameters>
    </SubCatchmentVegetationZone>
  </SubCatchment>
</Catchment>