<?xml version="1.0" encoding="utf-8"?>
<Catchment xmlns:xsi="http://www.w3.org/2001/XMLSchema-instance" xmlns:xsd="http://www.w3.org/2001/XMLSchema">
  <CatchmentParameters>
    <KSI>0.001</KSI>
    <KGmin>0.05</KGmin>
    <RangeKG>0.1</RangeKG>
    <AG>0.1</AG>
    <PERC>9.06424388103352</PERC>
    <Alpha>0</Alpha>
    <UZL>54.568356081381872</UZL>
    <K0>0.57529544674883926</K0>
    <K1>0.4020049847112882</K1>
    <K2>0.10725725464707607</K2>
    <MAXBAS>1.8979053492963223</MAXBAS>
    <Cet>0</Cet>
    <PCALT>10</PCALT>
    <TCALT>0.6</TCALT>
    <Pelev>2541</Pelev>
    <Telev>2541</Telev>
    <PART>0.5</PART>
    <DELAY>1</DELAY>
  </CatchmentParameters>
  <VegetationZone>
    <VegetationZoneParameters>
      <TT>-1.4761610551364617</TT>
      <CFMAX>1.2171734075999527</CFMAX>
      <SP>0</SP>
      <SFCF>1.3591237844887349</SFCF>
      <CFR>0.099159365618156942</CFR>
      <CWH>0.10000031739837786</CWH>
      <CFGlacier>1</CFGlacier>
      <CFSlope>1</CFSlope>
      <FC>668.05712303942016</FC>
      <LP>0.69090487852622073</LP>
      <BETA>2.3373420244102903</BETA>
    </VegetationZoneParameters>
  </VegetationZone>
  <SubCatchment>
    <SubCatchmentParameters>
      <KSI>0.001</KSI>
      <KGmin>0.05</KGmin>
      <RangeKG>0.1</RangeKG>
      <AG>0.1</AG>
      <PERC>9.06424388103352</PERC>
      <Alpha>0</Alpha>
      <UZL>54.568356081381872</UZL>
      <K0>0.57529544674883926</K0>
      <K1>0.4020049847112882</K1>
      <K2>0.10725725464707607</K2>
      <MAXBAS>1.8979053492963223</MAXBAS>
      <Cet>0</Cet>
      <PCALT>10</PCALT>
      <TCALT>0.6</TCALT>
      <Pelev>2541</Pelev>
      <Telev>2541</Telev>
      <PART>0.5</PART>
      <DELAY>1</DELAY>
    </SubCatchmentParameters>
    <SubCatchmentVegetationZone>
      <SubCatchmentVegetationZoneParameters>
        <TT>-1.4761610551364617</TT>
        <CFMAX>1.2171734075999527</CFMAX>
        <SP>0</SP>
        <SFCF>1.3591237844887349</SFCF>
        <CFR>0.099159365618156942</CFR>
        <CWH>0.10000031739837786</CWH>
        <CFGlacier>1</CFGlacier>
        <CFSlope>1</CFSlope>
        <FC>668.05712303942016</FC>
        <LP>0.69090487852622073</LP>
        <BETA>2.3373420244102903</BETA>
      </SubCatchmentVegetationZoneParameters>
    </SubCatchmentVegetationZone>
  </SubCatchment>
</Catchment>