<?xml version="1.0" encoding="utf-8"?>
<Catchment xmlns:xsi="http://www.w3.org/2001/XMLSchema-instance" xmlns:xsd="http://www.w3.org/2001/XMLSchema">
  <CatchmentParameters>
    <KSI>0.001</KSI>
    <KGmin>0.05</KGmin>
    <RangeKG>0.1</RangeKG>
    <AG>0.1</AG>
    <PERC>9.9999915919282323</PERC>
    <Alpha>0</Alpha>
    <UZL>89.167835064219346</UZL>
    <K0>0.070278808974591878</K0>
    <K1>0.52057469180824612</K1>
    <K2>0.12117238749835094</K2>
    <MAXBAS>1.8604478320953082</MAXBAS>
    <Cet>0</Cet>
    <PCALT>10</PCALT>
    <TCALT>0.6</TCALT>
    <Pelev>2541</Pelev>
    <Telev>2541</Telev>
    <PART>0.5</PART>
    <DELAY>1</DELAY>
  </CatchmentParameters>
  <VegetationZone>
    <VegetationZoneParameters>
      <TT>-1.4894548938130985</TT>
      <CFMAX>1.0118881075759898</CFMAX>
      <SP>0</SP>
      <SFCF>1.1724617180064025</SFCF>
      <CFR>0.099997627985069254</CFR>
      <CWH>0.18841932879997653</CWH>
      <CFGlacier>1</CFGlacier>
      <CFSlope>1</CFSlope>
      <FC>401.26244945818723</FC>
      <LP>0.30000277425122718</LP>
      <BETA>2.0558330600718233</BETA>
    </VegetationZoneParameters>
  </VegetationZone>
  <SubCatchment>
    <SubCatchmentParameters>
      <KSI>0.001</KSI>
      <KGmin>0.05</KGmin>
      <RangeKG>0.1</RangeKG>
      <AG>0.1</AG>
      <PERC>9.9999915919282323</PERC>
      <Alpha>0</Alpha>
      <UZL>89.167835064219346</UZL>
      <K0>0.070278808974591878</K0>
      <K1>0.52057469180824612</K1>
      <K2>0.12117238749835094</K2>
      <MAXBAS>1.8604478320953082</MAXBAS>
      <Cet>0</Cet>
      <PCALT>10</PCALT>
      <TCALT>0.6</TCALT>
      <Pelev>2541</Pelev>
      <Telev>2541</Telev>
      <PART>0.5</PART>
      <DELAY>1</DELAY>
    </SubCatchmentParameters>
    <SubCatchmentVegetationZone>
      <SubCatchmentVegetationZoneParameters>
        <TT>-1.4894548938130985</TT>
        <CFMAX>1.0118881075759898</CFMAX>
        <SP>0</SP>
        <SFCF>1.1724617180064025</SFCF>
        <CFR>0.099997627985069254</CFR>
        <CWH>0.18841932879997653</CWH>
        <CFGlacier>1</CFGlacier>
        <CFSlope>1</CFSlope>
        <FC>401.26244945818723</FC>
        <LP>0.30000277425122718</LP>
        <BETA>2.0558330600718233</BETA>
      </SubCatchmentVegetationZoneParameters>
    </SubCatchmentVegetationZone>
  </SubCatchment>
</Catchment>