<?xml version="1.0" encoding="utf-8"?>
<Catchment xmlns:xsi="http://www.w3.org/2001/XMLSchema-instance" xmlns:xsd="http://www.w3.org/2001/XMLSchema">
  <CatchmentParameters>
    <KSI>0.001</KSI>
    <KGmin>0.05</KGmin>
    <RangeKG>0.1</RangeKG>
    <AG>0.1</AG>
    <PERC>9.1226218946943138</PERC>
    <Alpha>0</Alpha>
    <UZL>100.36882716180359</UZL>
    <K0>0.458683520630773</K0>
    <K1>0.3756997837203146</K1>
    <K2>0.086363930459410293</K2>
    <MAXBAS>2.4999959963367391</MAXBAS>
    <Cet>0</Cet>
    <PCALT>10</PCALT>
    <TCALT>0.6</TCALT>
    <Pelev>2541</Pelev>
    <Telev>2541</Telev>
    <PART>0.5</PART>
    <DELAY>1</DELAY>
  </CatchmentParameters>
  <VegetationZone>
    <VegetationZoneParameters>
      <TT>0.050768779263136735</TT>
      <CFMAX>1.312059766491646</CFMAX>
      <SP>0</SP>
      <SFCF>0.9134312289302039</SFCF>
      <CFR>4.45958193085429E-07</CFR>
      <CWH>0.10000022076080892</CWH>
      <CFGlacier>1</CFGlacier>
      <CFSlope>1</CFSlope>
      <FC>250.9250860083813</FC>
      <LP>0.30000037687531511</LP>
      <BETA>2.3172787759837776</BETA>
    </VegetationZoneParameters>
  </VegetationZone>
  <SubCatchment>
    <SubCatchmentParameters>
      <KSI>0.001</KSI>
      <KGmin>0.05</KGmin>
      <RangeKG>0.1</RangeKG>
      <AG>0.1</AG>
      <PERC>9.1226218946943138</PERC>
      <Alpha>0</Alpha>
      <UZL>100.36882716180359</UZL>
      <K0>0.458683520630773</K0>
      <K1>0.3756997837203146</K1>
      <K2>0.086363930459410293</K2>
      <MAXBAS>2.4999959963367391</MAXBAS>
      <Cet>0</Cet>
      <PCALT>10</PCALT>
      <TCALT>0.6</TCALT>
      <Pelev>2541</Pelev>
      <Telev>2541</Telev>
      <PART>0.5</PART>
      <DELAY>1</DELAY>
    </SubCatchmentParameters>
    <SubCatchmentVegetationZone>
      <SubCatchmentVegetationZoneParameters>
        <TT>0.050768779263136735</TT>
        <CFMAX>1.312059766491646</CFMAX>
        <SP>0</SP>
        <SFCF>0.9134312289302039</SFCF>
        <CFR>4.45958193085429E-07</CFR>
        <CWH>0.10000022076080892</CWH>
        <CFGlacier>1</CFGlacier>
        <CFSlope>1</CFSlope>
        <FC>250.9250860083813</FC>
        <LP>0.30000037687531511</LP>
        <BETA>2.3172787759837776</BETA>
      </SubCatchmentVegetationZoneParameters>
    </SubCatchmentVegetationZone>
  </SubCatchment>
</Catchment>