<?xml version="1.0" encoding="utf-8"?>
<Catchment xmlns:xsi="http://www.w3.org/2001/XMLSchema-instance" xmlns:xsd="http://www.w3.org/2001/XMLSchema">
  <CatchmentParameters>
    <KSI>0.001</KSI>
    <KGmin>0.05</KGmin>
    <RangeKG>0.1</RangeKG>
    <AG>0.1</AG>
    <PERC>9.9999816481351171</PERC>
    <Alpha>0</Alpha>
    <UZL>189.52119060321707</UZL>
    <K0>0.096335142217011754</K0>
    <K1>0.38765937682452445</K1>
    <K2>0.09511546340482277</K2>
    <MAXBAS>2.49999423789998</MAXBAS>
    <Cet>0</Cet>
    <PCALT>10</PCALT>
    <TCALT>0.6</TCALT>
    <Pelev>2541</Pelev>
    <Telev>2541</Telev>
    <PART>0.5</PART>
    <DELAY>1</DELAY>
  </CatchmentParameters>
  <VegetationZone>
    <VegetationZoneParameters>
      <TT>-0.26799473151012293</TT>
      <CFMAX>1.3776396084395546</CFMAX>
      <SP>0</SP>
      <SFCF>1.0297793065601786</SFCF>
      <CFR>6.9703368948118065E-07</CFR>
      <CWH>0.1000001030105835</CWH>
      <CFGlacier>1</CFGlacier>
      <CFSlope>1</CFSlope>
      <FC>326.42059423365345</FC>
      <LP>0.30006948443068504</LP>
      <BETA>1.8501619715011788</BETA>
    </VegetationZoneParameters>
  </VegetationZone>
  <SubCatchment>
    <SubCatchmentParameters>
      <KSI>0.001</KSI>
      <KGmin>0.05</KGmin>
      <RangeKG>0.1</RangeKG>
      <AG>0.1</AG>
      <PERC>9.9999816481351171</PERC>
      <Alpha>0</Alpha>
      <UZL>189.52119060321707</UZL>
      <K0>0.096335142217011754</K0>
      <K1>0.38765937682452445</K1>
      <K2>0.09511546340482277</K2>
      <MAXBAS>2.49999423789998</MAXBAS>
      <Cet>0</Cet>
      <PCALT>10</PCALT>
      <TCALT>0.6</TCALT>
      <Pelev>2541</Pelev>
      <Telev>2541</Telev>
      <PART>0.5</PART>
      <DELAY>1</DELAY>
    </SubCatchmentParameters>
    <SubCatchmentVegetationZone>
      <SubCatchmentVegetationZoneParameters>
        <TT>-0.26799473151012293</TT>
        <CFMAX>1.3776396084395546</CFMAX>
        <SP>0</SP>
        <SFCF>1.0297793065601786</SFCF>
        <CFR>6.9703368948118065E-07</CFR>
        <CWH>0.1000001030105835</CWH>
        <CFGlacier>1</CFGlacier>
        <CFSlope>1</CFSlope>
        <FC>326.42059423365345</FC>
        <LP>0.30006948443068504</LP>
        <BETA>1.8501619715011788</BETA>
      </SubCatchmentVegetationZoneParameters>
    </SubCatchmentVegetationZone>
  </SubCatchment>
</Catchment>