<?xml version="1.0" encoding="utf-8"?>
<Catchment xmlns:xsi="http://www.w3.org/2001/XMLSchema-instance" xmlns:xsd="http://www.w3.org/2001/XMLSchema">
  <CatchmentParameters>
    <KSI>0.001</KSI>
    <KGmin>0.05</KGmin>
    <RangeKG>0.1</RangeKG>
    <AG>0.1</AG>
    <PERC>9.3203252503776888</PERC>
    <Alpha>0</Alpha>
    <UZL>63.959187902616193</UZL>
    <K0>0.22575025389298148</K0>
    <K1>0.43436761152428321</K1>
    <K2>0.11399921635826167</K2>
    <MAXBAS>1.9115901237958597</MAXBAS>
    <Cet>0</Cet>
    <PCALT>10</PCALT>
    <TCALT>0.6</TCALT>
    <Pelev>2541</Pelev>
    <Telev>2541</Telev>
    <PART>0.5</PART>
    <DELAY>1</DELAY>
  </CatchmentParameters>
  <VegetationZone>
    <VegetationZoneParameters>
      <TT>-1.7240893411277245</TT>
      <CFMAX>1.0953817089285389</CFMAX>
      <SP>0</SP>
      <SFCF>1.3437206961605419</SFCF>
      <CFR>0.099999994620414714</CFR>
      <CWH>0.13812290605600636</CWH>
      <CFGlacier>1</CFGlacier>
      <CFSlope>1</CFSlope>
      <FC>519.94641852244035</FC>
      <LP>0.37609875246760344</LP>
      <BETA>1.8393137903788734</BETA>
    </VegetationZoneParameters>
  </VegetationZone>
  <SubCatchment>
    <SubCatchmentParameters>
      <KSI>0.001</KSI>
      <KGmin>0.05</KGmin>
      <RangeKG>0.1</RangeKG>
      <AG>0.1</AG>
      <PERC>9.3203252503776888</PERC>
      <Alpha>0</Alpha>
      <UZL>63.959187902616193</UZL>
      <K0>0.22575025389298148</K0>
      <K1>0.43436761152428321</K1>
      <K2>0.11399921635826167</K2>
      <MAXBAS>1.9115901237958597</MAXBAS>
      <Cet>0</Cet>
      <PCALT>10</PCALT>
      <TCALT>0.6</TCALT>
      <Pelev>2541</Pelev>
      <Telev>2541</Telev>
      <PART>0.5</PART>
      <DELAY>1</DELAY>
    </SubCatchmentParameters>
    <SubCatchmentVegetationZone>
      <SubCatchmentVegetationZoneParameters>
        <TT>-1.7240893411277245</TT>
        <CFMAX>1.0953817089285389</CFMAX>
        <SP>0</SP>
        <SFCF>1.3437206961605419</SFCF>
        <CFR>0.099999994620414714</CFR>
        <CWH>0.13812290605600636</CWH>
        <CFGlacier>1</CFGlacier>
        <CFSlope>1</CFSlope>
        <FC>519.94641852244035</FC>
        <LP>0.37609875246760344</LP>
        <BETA>1.8393137903788734</BETA>
      </SubCatchmentVegetationZoneParameters>
    </SubCatchmentVegetationZone>
  </SubCatchment>
</Catchment>