<?xml version="1.0" encoding="utf-8"?>
<Catchment xmlns:xsi="http://www.w3.org/2001/XMLSchema-instance" xmlns:xsd="http://www.w3.org/2001/XMLSchema">
  <CatchmentParameters>
    <KSI>0.001</KSI>
    <KGmin>0.05</KGmin>
    <RangeKG>0.1</RangeKG>
    <AG>0.1</AG>
    <PERC>9.27580108336661</PERC>
    <Alpha>0</Alpha>
    <UZL>97.3266335356488</UZL>
    <K0>0.14714541568694256</K0>
    <K1>0.43827447730575431</K1>
    <K2>0.11146062386958827</K2>
    <MAXBAS>2.4999901559235642</MAXBAS>
    <Cet>0</Cet>
    <PCALT>10</PCALT>
    <TCALT>0.6</TCALT>
    <Pelev>2541</Pelev>
    <Telev>2541</Telev>
    <PART>0.5</PART>
    <DELAY>1</DELAY>
  </CatchmentParameters>
  <VegetationZone>
    <VegetationZoneParameters>
      <TT>-0.69104411064979321</TT>
      <CFMAX>1.1501655352363653</CFMAX>
      <SP>0</SP>
      <SFCF>1.0166429911924579</SFCF>
      <CFR>0.099996336030357361</CFR>
      <CWH>0.13035071183996547</CWH>
      <CFGlacier>1</CFGlacier>
      <CFSlope>1</CFSlope>
      <FC>325.03388900312444</FC>
      <LP>0.30000364285273073</LP>
      <BETA>2.2032452094354604</BETA>
    </VegetationZoneParameters>
  </VegetationZone>
  <SubCatchment>
    <SubCatchmentParameters>
      <KSI>0.001</KSI>
      <KGmin>0.05</KGmin>
      <RangeKG>0.1</RangeKG>
      <AG>0.1</AG>
      <PERC>9.27580108336661</PERC>
      <Alpha>0</Alpha>
      <UZL>97.3266335356488</UZL>
      <K0>0.14714541568694256</K0>
      <K1>0.43827447730575431</K1>
      <K2>0.11146062386958827</K2>
      <MAXBAS>2.4999901559235642</MAXBAS>
      <Cet>0</Cet>
      <PCALT>10</PCALT>
      <TCALT>0.6</TCALT>
      <Pelev>2541</Pelev>
      <Telev>2541</Telev>
      <PART>0.5</PART>
      <DELAY>1</DELAY>
    </SubCatchmentParameters>
    <SubCatchmentVegetationZone>
      <SubCatchmentVegetationZoneParameters>
        <TT>-0.69104411064979321</TT>
        <CFMAX>1.1501655352363653</CFMAX>
        <SP>0</SP>
        <SFCF>1.0166429911924579</SFCF>
        <CFR>0.099996336030357361</CFR>
        <CWH>0.13035071183996547</CWH>
        <CFGlacier>1</CFGlacier>
        <CFSlope>1</CFSlope>
        <FC>325.03388900312444</FC>
        <LP>0.30000364285273073</LP>
        <BETA>2.2032452094354604</BETA>
      </SubCatchmentVegetationZoneParameters>
    </SubCatchmentVegetationZone>
  </SubCatchment>
</Catchment>