<?xml version="1.0" encoding="utf-8"?>
<Catchment xmlns:xsi="http://www.w3.org/2001/XMLSchema-instance" xmlns:xsd="http://www.w3.org/2001/XMLSchema">
  <CatchmentParameters>
    <KSI>0.001</KSI>
    <KGmin>0.05</KGmin>
    <RangeKG>0.1</RangeKG>
    <AG>0.1</AG>
    <PERC>9.9999852256497359</PERC>
    <Alpha>0</Alpha>
    <UZL>150.21193789822658</UZL>
    <K0>0.21402123633177567</K0>
    <K1>0.49458789369721279</K1>
    <K2>0.11232029214376918</K2>
    <MAXBAS>2.2512748644531149</MAXBAS>
    <Cet>0</Cet>
    <PCALT>10</PCALT>
    <TCALT>0.6</TCALT>
    <Pelev>2541</Pelev>
    <Telev>2541</Telev>
    <PART>0.5</PART>
    <DELAY>1</DELAY>
  </CatchmentParameters>
  <VegetationZone>
    <VegetationZoneParameters>
      <TT>-1.0132634599373089</TT>
      <CFMAX>1.0964136631385884</CFMAX>
      <SP>0</SP>
      <SFCF>1.0852167969246094</SFCF>
      <CFR>0.0999964096263869</CFR>
      <CWH>0.13676427224005885</CWH>
      <CFGlacier>1</CFGlacier>
      <CFSlope>1</CFSlope>
      <FC>373.28899501070055</FC>
      <LP>0.31963373582478172</LP>
      <BETA>2.1467344703967388</BETA>
    </VegetationZoneParameters>
  </VegetationZone>
  <SubCatchment>
    <SubCatchmentParameters>
      <KSI>0.001</KSI>
      <KGmin>0.05</KGmin>
      <RangeKG>0.1</RangeKG>
      <AG>0.1</AG>
      <PERC>9.9999852256497359</PERC>
      <Alpha>0</Alpha>
      <UZL>150.21193789822658</UZL>
      <K0>0.21402123633177567</K0>
      <K1>0.49458789369721279</K1>
      <K2>0.11232029214376918</K2>
      <MAXBAS>2.2512748644531149</MAXBAS>
      <Cet>0</Cet>
      <PCALT>10</PCALT>
      <TCALT>0.6</TCALT>
      <Pelev>2541</Pelev>
      <Telev>2541</Telev>
      <PART>0.5</PART>
      <DELAY>1</DELAY>
    </SubCatchmentParameters>
    <SubCatchmentVegetationZone>
      <SubCatchmentVegetationZoneParameters>
        <TT>-1.0132634599373089</TT>
        <CFMAX>1.0964136631385884</CFMAX>
        <SP>0</SP>
        <SFCF>1.0852167969246094</SFCF>
        <CFR>0.0999964096263869</CFR>
        <CWH>0.13676427224005885</CWH>
        <CFGlacier>1</CFGlacier>
        <CFSlope>1</CFSlope>
        <FC>373.28899501070055</FC>
        <LP>0.31963373582478172</LP>
        <BETA>2.1467344703967388</BETA>
      </SubCatchmentVegetationZoneParameters>
    </SubCatchmentVegetationZone>
  </SubCatchment>
</Catchment>