<?xml version="1.0" encoding="utf-8"?>
<Catchment xmlns:xsi="http://www.w3.org/2001/XMLSchema-instance" xmlns:xsd="http://www.w3.org/2001/XMLSchema">
  <CatchmentParameters>
    <KSI>0.001</KSI>
    <KGmin>0.05</KGmin>
    <RangeKG>0.1</RangeKG>
    <AG>0.1</AG>
    <PERC>7.6658134341200954</PERC>
    <Alpha>0</Alpha>
    <UZL>27.194994606872541</UZL>
    <K0>0.98999540245549067</K0>
    <K1>0.18490751924395554</K1>
    <K2>0.08109804689338336</K2>
    <MAXBAS>2.4999889720517832</MAXBAS>
    <Cet>0</Cet>
    <PCALT>10</PCALT>
    <TCALT>0.6</TCALT>
    <Pelev>2541</Pelev>
    <Telev>2541</Telev>
    <PART>0.5</PART>
    <DELAY>1</DELAY>
  </CatchmentParameters>
  <VegetationZone>
    <VegetationZoneParameters>
      <TT>0.28200141416252467</TT>
      <CFMAX>1.3354230867249617</CFMAX>
      <SP>0</SP>
      <SFCF>0.856913801867627</SFCF>
      <CFR>0.019150507439876133</CFR>
      <CWH>0.10000008606689104</CWH>
      <CFGlacier>1</CFGlacier>
      <CFSlope>1</CFSlope>
      <FC>216.61061536194552</FC>
      <LP>0.30000043976373758</LP>
      <BETA>3.7668258627996405</BETA>
    </VegetationZoneParameters>
  </VegetationZone>
  <SubCatchment>
    <SubCatchmentParameters>
      <KSI>0.001</KSI>
      <KGmin>0.05</KGmin>
      <RangeKG>0.1</RangeKG>
      <AG>0.1</AG>
      <PERC>7.6658134341200954</PERC>
      <Alpha>0</Alpha>
      <UZL>27.194994606872541</UZL>
      <K0>0.98999540245549067</K0>
      <K1>0.18490751924395554</K1>
      <K2>0.08109804689338336</K2>
      <MAXBAS>2.4999889720517832</MAXBAS>
      <Cet>0</Cet>
      <PCALT>10</PCALT>
      <TCALT>0.6</TCALT>
      <Pelev>2541</Pelev>
      <Telev>2541</Telev>
      <PART>0.5</PART>
      <DELAY>1</DELAY>
    </SubCatchmentParameters>
    <SubCatchmentVegetationZone>
      <SubCatchmentVegetationZoneParameters>
        <TT>0.28200141416252467</TT>
        <CFMAX>1.3354230867249617</CFMAX>
        <SP>0</SP>
        <SFCF>0.856913801867627</SFCF>
        <CFR>0.019150507439876133</CFR>
        <CWH>0.10000008606689104</CWH>
        <CFGlacier>1</CFGlacier>
        <CFSlope>1</CFSlope>
        <FC>216.61061536194552</FC>
        <LP>0.30000043976373758</LP>
        <BETA>3.7668258627996405</BETA>
      </SubCatchmentVegetationZoneParameters>
    </SubCatchmentVegetationZone>
  </SubCatchment>
</Catchment>