<?xml version="1.0" encoding="utf-8"?>
<Catchment xmlns:xsi="http://www.w3.org/2001/XMLSchema-instance" xmlns:xsd="http://www.w3.org/2001/XMLSchema">
  <CatchmentParameters>
    <KSI>0.001</KSI>
    <KGmin>0.05</KGmin>
    <RangeKG>0.1</RangeKG>
    <AG>0.1</AG>
    <PERC>8.9018363309208528</PERC>
    <Alpha>0</Alpha>
    <UZL>16.759125989757322</UZL>
    <K0>0.98999752252295026</K0>
    <K1>0.28360293695806393</K1>
    <K2>0.11597662891204034</K2>
    <MAXBAS>1.520904170283178</MAXBAS>
    <Cet>0</Cet>
    <PCALT>10</PCALT>
    <TCALT>0.6</TCALT>
    <Pelev>2541</Pelev>
    <Telev>2541</Telev>
    <PART>0.5</PART>
    <DELAY>1</DELAY>
  </CatchmentParameters>
  <VegetationZone>
    <VegetationZoneParameters>
      <TT>-1.4046381945739321</TT>
      <CFMAX>1.0325709386572215</CFMAX>
      <SP>0</SP>
      <SFCF>1.1680949769577531</SFCF>
      <CFR>0.0999993726914923</CFR>
      <CWH>0.18358678167501824</CWH>
      <CFGlacier>1</CFGlacier>
      <CFSlope>1</CFSlope>
      <FC>441.97030813206948</FC>
      <LP>0.52434957408474314</LP>
      <BETA>2.1947889884615663</BETA>
    </VegetationZoneParameters>
  </VegetationZone>
  <SubCatchment>
    <SubCatchmentParameters>
      <KSI>0.001</KSI>
      <KGmin>0.05</KGmin>
      <RangeKG>0.1</RangeKG>
      <AG>0.1</AG>
      <PERC>8.9018363309208528</PERC>
      <Alpha>0</Alpha>
      <UZL>16.759125989757322</UZL>
      <K0>0.98999752252295026</K0>
      <K1>0.28360293695806393</K1>
      <K2>0.11597662891204034</K2>
      <MAXBAS>1.520904170283178</MAXBAS>
      <Cet>0</Cet>
      <PCALT>10</PCALT>
      <TCALT>0.6</TCALT>
      <Pelev>2541</Pelev>
      <Telev>2541</Telev>
      <PART>0.5</PART>
      <DELAY>1</DELAY>
    </SubCatchmentParameters>
    <SubCatchmentVegetationZone>
      <SubCatchmentVegetationZoneParameters>
        <TT>-1.4046381945739321</TT>
        <CFMAX>1.0325709386572215</CFMAX>
        <SP>0</SP>
        <SFCF>1.1680949769577531</SFCF>
        <CFR>0.0999993726914923</CFR>
        <CWH>0.18358678167501824</CWH>
        <CFGlacier>1</CFGlacier>
        <CFSlope>1</CFSlope>
        <FC>441.97030813206948</FC>
        <LP>0.52434957408474314</LP>
        <BETA>2.1947889884615663</BETA>
      </SubCatchmentVegetationZoneParameters>
    </SubCatchmentVegetationZone>
  </SubCatchment>
</Catchment>