<?xml version="1.0" encoding="utf-8"?>
<Catchment xmlns:xsi="http://www.w3.org/2001/XMLSchema-instance" xmlns:xsd="http://www.w3.org/2001/XMLSchema">
  <CatchmentParameters>
    <KSI>0.001</KSI>
    <KGmin>0.05</KGmin>
    <RangeKG>0.1</RangeKG>
    <AG>0.1</AG>
    <PERC>9.9999866266257644</PERC>
    <Alpha>0</Alpha>
    <UZL>197.75915504339281</UZL>
    <K0>0.2282825119402245</K0>
    <K1>0.36051722045074897</K1>
    <K2>0.074696997630287559</K2>
    <MAXBAS>2.4999844979003347</MAXBAS>
    <Cet>0</Cet>
    <PCALT>10</PCALT>
    <TCALT>0.6</TCALT>
    <Pelev>2541</Pelev>
    <Telev>2541</Telev>
    <PART>0.5</PART>
    <DELAY>1</DELAY>
  </CatchmentParameters>
  <VegetationZone>
    <VegetationZoneParameters>
      <TT>0.28202454798592269</TT>
      <CFMAX>1.450299119327733</CFMAX>
      <SP>0</SP>
      <SFCF>0.87876373672206054</SFCF>
      <CFR>0.018173802035555364</CFR>
      <CWH>0.10000001195500888</CWH>
      <CFGlacier>1</CFGlacier>
      <CFSlope>1</CFSlope>
      <FC>212.52508063431202</FC>
      <LP>0.30000106712959707</LP>
      <BETA>3.779409005732187</BETA>
    </VegetationZoneParameters>
  </VegetationZone>
  <SubCatchment>
    <SubCatchmentParameters>
      <KSI>0.001</KSI>
      <KGmin>0.05</KGmin>
      <RangeKG>0.1</RangeKG>
      <AG>0.1</AG>
      <PERC>9.9999866266257644</PERC>
      <Alpha>0</Alpha>
      <UZL>197.75915504339281</UZL>
      <K0>0.2282825119402245</K0>
      <K1>0.36051722045074897</K1>
      <K2>0.074696997630287559</K2>
      <MAXBAS>2.4999844979003347</MAXBAS>
      <Cet>0</Cet>
      <PCALT>10</PCALT>
      <TCALT>0.6</TCALT>
      <Pelev>2541</Pelev>
      <Telev>2541</Telev>
      <PART>0.5</PART>
      <DELAY>1</DELAY>
    </SubCatchmentParameters>
    <SubCatchmentVegetationZone>
      <SubCatchmentVegetationZoneParameters>
        <TT>0.28202454798592269</TT>
        <CFMAX>1.450299119327733</CFMAX>
        <SP>0</SP>
        <SFCF>0.87876373672206054</SFCF>
        <CFR>0.018173802035555364</CFR>
        <CWH>0.10000001195500888</CWH>
        <CFGlacier>1</CFGlacier>
        <CFSlope>1</CFSlope>
        <FC>212.52508063431202</FC>
        <LP>0.30000106712959707</LP>
        <BETA>3.779409005732187</BETA>
      </SubCatchmentVegetationZoneParameters>
    </SubCatchmentVegetationZone>
  </SubCatchment>
</Catchment>