<?xml version="1.0" encoding="utf-8"?>
<Catchment xmlns:xsi="http://www.w3.org/2001/XMLSchema-instance" xmlns:xsd="http://www.w3.org/2001/XMLSchema">
  <CatchmentParameters>
    <KSI>0.001</KSI>
    <KGmin>0.05</KGmin>
    <RangeKG>0.1</RangeKG>
    <AG>0.1</AG>
    <PERC>8.1584449726844728</PERC>
    <Alpha>0</Alpha>
    <UZL>106.67287776292999</UZL>
    <K0>0.514272706550106</K0>
    <K1>0.34877903338663774</K1>
    <K2>0.094699914933236831</K2>
    <MAXBAS>2.4999863616093867</MAXBAS>
    <Cet>0</Cet>
    <PCALT>10</PCALT>
    <TCALT>0.6</TCALT>
    <Pelev>2541</Pelev>
    <Telev>2541</Telev>
    <PART>0.5</PART>
    <DELAY>1</DELAY>
  </CatchmentParameters>
  <VegetationZone>
    <VegetationZoneParameters>
      <TT>-0.2653277130846684</TT>
      <CFMAX>1.2164720784444743</CFMAX>
      <SP>0</SP>
      <SFCF>0.954363177615133</SFCF>
      <CFR>6.7908534872925724E-07</CFR>
      <CWH>0.10019149635485934</CWH>
      <CFGlacier>1</CFGlacier>
      <CFSlope>1</CFSlope>
      <FC>280.18837338106596</FC>
      <LP>0.30000077006246145</LP>
      <BETA>2.2256072369964364</BETA>
    </VegetationZoneParameters>
  </VegetationZone>
  <SubCatchment>
    <SubCatchmentParameters>
      <KSI>0.001</KSI>
      <KGmin>0.05</KGmin>
      <RangeKG>0.1</RangeKG>
      <AG>0.1</AG>
      <PERC>8.1584449726844728</PERC>
      <Alpha>0</Alpha>
      <UZL>106.67287776292999</UZL>
      <K0>0.514272706550106</K0>
      <K1>0.34877903338663774</K1>
      <K2>0.094699914933236831</K2>
      <MAXBAS>2.4999863616093867</MAXBAS>
      <Cet>0</Cet>
      <PCALT>10</PCALT>
      <TCALT>0.6</TCALT>
      <Pelev>2541</Pelev>
      <Telev>2541</Telev>
      <PART>0.5</PART>
      <DELAY>1</DELAY>
    </SubCatchmentParameters>
    <SubCatchmentVegetationZone>
      <SubCatchmentVegetationZoneParameters>
        <TT>-0.2653277130846684</TT>
        <CFMAX>1.2164720784444743</CFMAX>
        <SP>0</SP>
        <SFCF>0.954363177615133</SFCF>
        <CFR>6.7908534872925724E-07</CFR>
        <CWH>0.10019149635485934</CWH>
        <CFGlacier>1</CFGlacier>
        <CFSlope>1</CFSlope>
        <FC>280.18837338106596</FC>
        <LP>0.30000077006246145</LP>
        <BETA>2.2256072369964364</BETA>
      </SubCatchmentVegetationZoneParameters>
    </SubCatchmentVegetationZone>
  </SubCatchment>
</Catchment>