<?xml version="1.0" encoding="utf-8"?>
<Catchment xmlns:xsi="http://www.w3.org/2001/XMLSchema-instance" xmlns:xsd="http://www.w3.org/2001/XMLSchema">
  <CatchmentParameters>
    <KSI>0.001</KSI>
    <KGmin>0.05</KGmin>
    <RangeKG>0.1</RangeKG>
    <AG>0.1</AG>
    <PERC>5.2853236366050744</PERC>
    <Alpha>0</Alpha>
    <UZL>35.704917812825258</UZL>
    <K0>0.98998961585996947</K0>
    <K1>0.17768141872804549</K1>
    <K2>0.088615616761645782</K2>
    <MAXBAS>1.6603775913716905</MAXBAS>
    <Cet>0</Cet>
    <PCALT>10</PCALT>
    <TCALT>0.6</TCALT>
    <Pelev>2541</Pelev>
    <Telev>2541</Telev>
    <PART>0.5</PART>
    <DELAY>1</DELAY>
  </CatchmentParameters>
  <VegetationZone>
    <VegetationZoneParameters>
      <TT>-0.93684419222551207</TT>
      <CFMAX>1.0421217764793116</CFMAX>
      <SP>0</SP>
      <SFCF>1.0401623448262856</SFCF>
      <CFR>0.099995750455050117</CFR>
      <CWH>0.1545471958009586</CWH>
      <CFGlacier>1</CFGlacier>
      <CFSlope>1</CFSlope>
      <FC>311.96350336596851</FC>
      <LP>0.30000064874004712</LP>
      <BETA>2.2733562381433914</BETA>
    </VegetationZoneParameters>
  </VegetationZone>
  <SubCatchment>
    <SubCatchmentParameters>
      <KSI>0.001</KSI>
      <KGmin>0.05</KGmin>
      <RangeKG>0.1</RangeKG>
      <AG>0.1</AG>
      <PERC>5.2853236366050744</PERC>
      <Alpha>0</Alpha>
      <UZL>35.704917812825258</UZL>
      <K0>0.98998961585996947</K0>
      <K1>0.17768141872804549</K1>
      <K2>0.088615616761645782</K2>
      <MAXBAS>1.6603775913716905</MAXBAS>
      <Cet>0</Cet>
      <PCALT>10</PCALT>
      <TCALT>0.6</TCALT>
      <Pelev>2541</Pelev>
      <Telev>2541</Telev>
      <PART>0.5</PART>
      <DELAY>1</DELAY>
    </SubCatchmentParameters>
    <SubCatchmentVegetationZone>
      <SubCatchmentVegetationZoneParameters>
        <TT>-0.93684419222551207</TT>
        <CFMAX>1.0421217764793116</CFMAX>
        <SP>0</SP>
        <SFCF>1.0401623448262856</SFCF>
        <CFR>0.099995750455050117</CFR>
        <CWH>0.1545471958009586</CWH>
        <CFGlacier>1</CFGlacier>
        <CFSlope>1</CFSlope>
        <FC>311.96350336596851</FC>
        <LP>0.30000064874004712</LP>
        <BETA>2.2733562381433914</BETA>
      </SubCatchmentVegetationZoneParameters>
    </SubCatchmentVegetationZone>
  </SubCatchment>
</Catchment>