<?xml version="1.0" encoding="utf-8"?>
<Catchment xmlns:xsi="http://www.w3.org/2001/XMLSchema-instance" xmlns:xsd="http://www.w3.org/2001/XMLSchema">
  <CatchmentParameters>
    <KSI>0.001</KSI>
    <KGmin>0.05</KGmin>
    <RangeKG>0.1</RangeKG>
    <AG>0.1</AG>
    <PERC>5.8056434252329181</PERC>
    <Alpha>0</Alpha>
    <UZL>188.79942113364044</UZL>
    <K0>0.71761231285467164</K0>
    <K1>0.24616207921467975</K1>
    <K2>0.084351247576098368</K2>
    <MAXBAS>2.2991356859932894</MAXBAS>
    <Cet>0</Cet>
    <PCALT>10</PCALT>
    <TCALT>0.6</TCALT>
    <Pelev>2541</Pelev>
    <Telev>2541</Telev>
    <PART>0.5</PART>
    <DELAY>1</DELAY>
  </CatchmentParameters>
  <VegetationZone>
    <VegetationZoneParameters>
      <TT>-0.26533485088575759</TT>
      <CFMAX>1.2373764739818864</CFMAX>
      <SP>0</SP>
      <SFCF>0.94322504824955533</SFCF>
      <CFR>0.0999861191505156</CFR>
      <CWH>0.1000002187077461</CWH>
      <CFGlacier>1</CFGlacier>
      <CFSlope>1</CFSlope>
      <FC>265.38263458800367</FC>
      <LP>0.30000122990409167</LP>
      <BETA>2.3744941511862971</BETA>
    </VegetationZoneParameters>
  </VegetationZone>
  <SubCatchment>
    <SubCatchmentParameters>
      <KSI>0.001</KSI>
      <KGmin>0.05</KGmin>
      <RangeKG>0.1</RangeKG>
      <AG>0.1</AG>
      <PERC>5.8056434252329181</PERC>
      <Alpha>0</Alpha>
      <UZL>188.79942113364044</UZL>
      <K0>0.71761231285467164</K0>
      <K1>0.24616207921467975</K1>
      <K2>0.084351247576098368</K2>
      <MAXBAS>2.2991356859932894</MAXBAS>
      <Cet>0</Cet>
      <PCALT>10</PCALT>
      <TCALT>0.6</TCALT>
      <Pelev>2541</Pelev>
      <Telev>2541</Telev>
      <PART>0.5</PART>
      <DELAY>1</DELAY>
    </SubCatchmentParameters>
    <SubCatchmentVegetationZone>
      <SubCatchmentVegetationZoneParameters>
        <TT>-0.26533485088575759</TT>
        <CFMAX>1.2373764739818864</CFMAX>
        <SP>0</SP>
        <SFCF>0.94322504824955533</SFCF>
        <CFR>0.0999861191505156</CFR>
        <CWH>0.1000002187077461</CWH>
        <CFGlacier>1</CFGlacier>
        <CFSlope>1</CFSlope>
        <FC>265.38263458800367</FC>
        <LP>0.30000122990409167</LP>
        <BETA>2.3744941511862971</BETA>
      </SubCatchmentVegetationZoneParameters>
    </SubCatchmentVegetationZone>
  </SubCatchment>
</Catchment>