<?xml version="1.0" encoding="utf-8"?>
<Catchment xmlns:xsi="http://www.w3.org/2001/XMLSchema-instance" xmlns:xsd="http://www.w3.org/2001/XMLSchema">
  <CatchmentParameters>
    <KSI>0.001</KSI>
    <KGmin>0.05</KGmin>
    <RangeKG>0.1</RangeKG>
    <AG>0.1</AG>
    <PERC>0.94377719253194814</PERC>
    <Alpha>0</Alpha>
    <UZL>127.21731745478571</UZL>
    <K0>0.27755227152209394</K0>
    <K1>0.0998931958604719</K1>
    <K2>0.019208336438127954</K2>
    <MAXBAS>1</MAXBAS>
    <Cet>0</Cet>
    <PCALT>10</PCALT>
    <TCALT>0.6</TCALT>
    <Pelev>2541</Pelev>
    <Telev>2541</Telev>
    <PART>0.5</PART>
    <DELAY>1</DELAY>
  </CatchmentParameters>
  <VegetationZone>
    <VegetationZoneParameters>
      <TT>-0.27021531139994975</TT>
      <CFMAX>1.687596824136546</CFMAX>
      <SP>0</SP>
      <SFCF>1.1542561614503464</SFCF>
      <CFR>1.035827772544754E-08</CFR>
      <CWH>0.10000032831567562</CWH>
      <CFGlacier>1</CFGlacier>
      <CFSlope>1</CFSlope>
      <FC>508.80299762110963</FC>
      <LP>0.73157112249096767</LP>
      <BETA>1.7639956380330588</BETA>
    </VegetationZoneParameters>
  </VegetationZone>
  <SubCatchment>
    <SubCatchmentParameters>
      <KSI>0.001</KSI>
      <KGmin>0.05</KGmin>
      <RangeKG>0.1</RangeKG>
      <AG>0.1</AG>
      <PERC>0.94377719253194814</PERC>
      <Alpha>0</Alpha>
      <UZL>127.21731745478571</UZL>
      <K0>0.27755227152209394</K0>
      <K1>0.0998931958604719</K1>
      <K2>0.019208336438127954</K2>
      <MAXBAS>1</MAXBAS>
      <Cet>0</Cet>
      <PCALT>10</PCALT>
      <TCALT>0.6</TCALT>
      <Pelev>2541</Pelev>
      <Telev>2541</Telev>
      <PART>0.5</PART>
      <DELAY>1</DELAY>
    </SubCatchmentParameters>
    <SubCatchmentVegetationZone>
      <SubCatchmentVegetationZoneParameters>
        <TT>-0.27021531139994975</TT>
        <CFMAX>1.687596824136546</CFMAX>
        <SP>0</SP>
        <SFCF>1.1542561614503464</SFCF>
        <CFR>1.035827772544754E-08</CFR>
        <CWH>0.10000032831567562</CWH>
        <CFGlacier>1</CFGlacier>
        <CFSlope>1</CFSlope>
        <FC>508.80299762110963</FC>
        <LP>0.73157112249096767</LP>
        <BETA>1.7639956380330588</BETA>
      </SubCatchmentVegetationZoneParameters>
    </SubCatchmentVegetationZone>
  </SubCatchment>
</Catchment>