<?xml version="1.0" encoding="utf-8"?>
<Catchment xmlns:xsi="http://www.w3.org/2001/XMLSchema-instance" xmlns:xsd="http://www.w3.org/2001/XMLSchema">
  <CatchmentParameters>
    <KSI>0.001</KSI>
    <KGmin>0.05</KGmin>
    <RangeKG>0.1</RangeKG>
    <AG>0.1</AG>
    <PERC>9.6900494378646567</PERC>
    <Alpha>0</Alpha>
    <UZL>10.038050791655838</UZL>
    <K0>0.763815622396504</K0>
    <K1>0.26854475515967813</K1>
    <K2>0.11238889595193821</K2>
    <MAXBAS>2.4999903725293584</MAXBAS>
    <Cet>0</Cet>
    <PCALT>10</PCALT>
    <TCALT>0.6</TCALT>
    <Pelev>2541</Pelev>
    <Telev>2541</Telev>
    <PART>0.5</PART>
    <DELAY>1</DELAY>
  </CatchmentParameters>
  <VegetationZone>
    <VegetationZoneParameters>
      <TT>-0.93692220308944651</TT>
      <CFMAX>1.0953193146262537</CFMAX>
      <SP>0</SP>
      <SFCF>1.0745724932866769</SFCF>
      <CFR>0.099999020881876247</CFR>
      <CWH>0.13880078287047076</CWH>
      <CFGlacier>1</CFGlacier>
      <CFSlope>1</CFSlope>
      <FC>376.25457775293313</FC>
      <LP>0.48952114255140849</LP>
      <BETA>2.3526380195056595</BETA>
    </VegetationZoneParameters>
  </VegetationZone>
  <SubCatchment>
    <SubCatchmentParameters>
      <KSI>0.001</KSI>
      <KGmin>0.05</KGmin>
      <RangeKG>0.1</RangeKG>
      <AG>0.1</AG>
      <PERC>9.6900494378646567</PERC>
      <Alpha>0</Alpha>
      <UZL>10.038050791655838</UZL>
      <K0>0.763815622396504</K0>
      <K1>0.26854475515967813</K1>
      <K2>0.11238889595193821</K2>
      <MAXBAS>2.4999903725293584</MAXBAS>
      <Cet>0</Cet>
      <PCALT>10</PCALT>
      <TCALT>0.6</TCALT>
      <Pelev>2541</Pelev>
      <Telev>2541</Telev>
      <PART>0.5</PART>
      <DELAY>1</DELAY>
    </SubCatchmentParameters>
    <SubCatchmentVegetationZone>
      <SubCatchmentVegetationZoneParameters>
        <TT>-0.93692220308944651</TT>
        <CFMAX>1.0953193146262537</CFMAX>
        <SP>0</SP>
        <SFCF>1.0745724932866769</SFCF>
        <CFR>0.099999020881876247</CFR>
        <CWH>0.13880078287047076</CWH>
        <CFGlacier>1</CFGlacier>
        <CFSlope>1</CFSlope>
        <FC>376.25457775293313</FC>
        <LP>0.48952114255140849</LP>
        <BETA>2.3526380195056595</BETA>
      </SubCatchmentVegetationZoneParameters>
    </SubCatchmentVegetationZone>
  </SubCatchment>
</Catchment>