<?xml version="1.0" encoding="utf-8"?>
<Catchment xmlns:xsi="http://www.w3.org/2001/XMLSchema-instance" xmlns:xsd="http://www.w3.org/2001/XMLSchema">
  <CatchmentParameters>
    <KSI>0.001</KSI>
    <KGmin>0.05</KGmin>
    <RangeKG>0.1</RangeKG>
    <AG>0.1</AG>
    <PERC>0.94742262381422193</PERC>
    <Alpha>0</Alpha>
    <UZL>150.241139258624</UZL>
    <K0>0.49377731031073235</K0>
    <K1>0.081333362784957466</K1>
    <K2>0.020026699189812133</K2>
    <MAXBAS>1</MAXBAS>
    <Cet>0</Cet>
    <PCALT>10</PCALT>
    <TCALT>0.6</TCALT>
    <Pelev>2541</Pelev>
    <Telev>2541</Telev>
    <PART>0.5</PART>
    <DELAY>1</DELAY>
  </CatchmentParameters>
  <VegetationZone>
    <VegetationZoneParameters>
      <TT>-0.29426388381487362</TT>
      <CFMAX>2.5475665296238379</CFMAX>
      <SP>0</SP>
      <SFCF>1.4542319176455416</SFCF>
      <CFR>0.028646881953008869</CFR>
      <CWH>0.10000000033013827</CWH>
      <CFGlacier>1</CFGlacier>
      <CFSlope>1</CFSlope>
      <FC>1279.6134982813651</FC>
      <LP>0.79827296447358265</LP>
      <BETA>3.1340166177539568</BETA>
    </VegetationZoneParameters>
  </VegetationZone>
  <SubCatchment>
    <SubCatchmentParameters>
      <KSI>0.001</KSI>
      <KGmin>0.05</KGmin>
      <RangeKG>0.1</RangeKG>
      <AG>0.1</AG>
      <PERC>0.94742262381422193</PERC>
      <Alpha>0</Alpha>
      <UZL>150.241139258624</UZL>
      <K0>0.49377731031073235</K0>
      <K1>0.081333362784957466</K1>
      <K2>0.020026699189812133</K2>
      <MAXBAS>1</MAXBAS>
      <Cet>0</Cet>
      <PCALT>10</PCALT>
      <TCALT>0.6</TCALT>
      <Pelev>2541</Pelev>
      <Telev>2541</Telev>
      <PART>0.5</PART>
      <DELAY>1</DELAY>
    </SubCatchmentParameters>
    <SubCatchmentVegetationZone>
      <SubCatchmentVegetationZoneParameters>
        <TT>-0.29426388381487362</TT>
        <CFMAX>2.5475665296238379</CFMAX>
        <SP>0</SP>
        <SFCF>1.4542319176455416</SFCF>
        <CFR>0.028646881953008869</CFR>
        <CWH>0.10000000033013827</CWH>
        <CFGlacier>1</CFGlacier>
        <CFSlope>1</CFSlope>
        <FC>1279.6134982813651</FC>
        <LP>0.79827296447358265</LP>
        <BETA>3.1340166177539568</BETA>
      </SubCatchmentVegetationZoneParameters>
    </SubCatchmentVegetationZone>
  </SubCatchment>
</Catchment>