<?xml version="1.0" encoding="utf-8"?>
<Catchment xmlns:xsi="http://www.w3.org/2001/XMLSchema-instance" xmlns:xsd="http://www.w3.org/2001/XMLSchema">
  <CatchmentParameters>
    <KSI>0.001</KSI>
    <KGmin>0.05</KGmin>
    <RangeKG>0.1</RangeKG>
    <AG>0.1</AG>
    <PERC>0.94000220188333949</PERC>
    <Alpha>0</Alpha>
    <UZL>149.24131489847153</UZL>
    <K0>0.55597653462254393</K0>
    <K1>0.096966614783429453</K1>
    <K2>0.020898068578143112</K2>
    <MAXBAS>1</MAXBAS>
    <Cet>0</Cet>
    <PCALT>10</PCALT>
    <TCALT>0.6</TCALT>
    <Pelev>2541</Pelev>
    <Telev>2541</Telev>
    <PART>0.5</PART>
    <DELAY>1</DELAY>
  </CatchmentParameters>
  <VegetationZone>
    <VegetationZoneParameters>
      <TT>-0.2942651204360725</TT>
      <CFMAX>1.9187193684604329</CFMAX>
      <SP>0</SP>
      <SFCF>1.2691002099119835</SFCF>
      <CFR>3.2876146253534716E-07</CFR>
      <CWH>0.10000010823619682</CWH>
      <CFGlacier>1</CFGlacier>
      <CFSlope>1</CFSlope>
      <FC>655.638123395132</FC>
      <LP>0.64032383665430537</LP>
      <BETA>1.6697179143083789</BETA>
    </VegetationZoneParameters>
  </VegetationZone>
  <SubCatchment>
    <SubCatchmentParameters>
      <KSI>0.001</KSI>
      <KGmin>0.05</KGmin>
      <RangeKG>0.1</RangeKG>
      <AG>0.1</AG>
      <PERC>0.94000220188333949</PERC>
      <Alpha>0</Alpha>
      <UZL>149.24131489847153</UZL>
      <K0>0.55597653462254393</K0>
      <K1>0.096966614783429453</K1>
      <K2>0.020898068578143112</K2>
      <MAXBAS>1</MAXBAS>
      <Cet>0</Cet>
      <PCALT>10</PCALT>
      <TCALT>0.6</TCALT>
      <Pelev>2541</Pelev>
      <Telev>2541</Telev>
      <PART>0.5</PART>
      <DELAY>1</DELAY>
    </SubCatchmentParameters>
    <SubCatchmentVegetationZone>
      <SubCatchmentVegetationZoneParameters>
        <TT>-0.2942651204360725</TT>
        <CFMAX>1.9187193684604329</CFMAX>
        <SP>0</SP>
        <SFCF>1.2691002099119835</SFCF>
        <CFR>3.2876146253534716E-07</CFR>
        <CWH>0.10000010823619682</CWH>
        <CFGlacier>1</CFGlacier>
        <CFSlope>1</CFSlope>
        <FC>655.638123395132</FC>
        <LP>0.64032383665430537</LP>
        <BETA>1.6697179143083789</BETA>
      </SubCatchmentVegetationZoneParameters>
    </SubCatchmentVegetationZone>
  </SubCatchment>
</Catchment>