<?xml version="1.0" encoding="utf-8"?>
<Catchment xmlns:xsi="http://www.w3.org/2001/XMLSchema-instance" xmlns:xsd="http://www.w3.org/2001/XMLSchema">
  <CatchmentParameters>
    <KSI>0.001</KSI>
    <KGmin>0.05</KGmin>
    <RangeKG>0.1</RangeKG>
    <AG>0.1</AG>
    <PERC>9.8484404501008527</PERC>
    <Alpha>0</Alpha>
    <UZL>162.03417332705098</UZL>
    <K0>0.26507285920136942</K0>
    <K1>0.42133082064549132</K1>
    <K2>0.10247176616889622</K2>
    <MAXBAS>2.4999875474948183</MAXBAS>
    <Cet>0</Cet>
    <PCALT>10</PCALT>
    <TCALT>0.6</TCALT>
    <Pelev>2541</Pelev>
    <Telev>2541</Telev>
    <PART>0.5</PART>
    <DELAY>1</DELAY>
  </CatchmentParameters>
  <VegetationZone>
    <VegetationZoneParameters>
      <TT>-0.514219964293936</TT>
      <CFMAX>1.2894884889134202</CFMAX>
      <SP>0</SP>
      <SFCF>1.0933827091267347</SFCF>
      <CFR>2.4213543291144485E-07</CFR>
      <CWH>0.1000001466519779</CWH>
      <CFGlacier>1</CFGlacier>
      <CFSlope>1</CFSlope>
      <FC>410.84205501039065</FC>
      <LP>0.544173304415364</LP>
      <BETA>2.0646283122388174</BETA>
    </VegetationZoneParameters>
  </VegetationZone>
  <SubCatchment>
    <SubCatchmentParameters>
      <KSI>0.001</KSI>
      <KGmin>0.05</KGmin>
      <RangeKG>0.1</RangeKG>
      <AG>0.1</AG>
      <PERC>9.8484404501008527</PERC>
      <Alpha>0</Alpha>
      <UZL>162.03417332705098</UZL>
      <K0>0.26507285920136942</K0>
      <K1>0.42133082064549132</K1>
      <K2>0.10247176616889622</K2>
      <MAXBAS>2.4999875474948183</MAXBAS>
      <Cet>0</Cet>
      <PCALT>10</PCALT>
      <TCALT>0.6</TCALT>
      <Pelev>2541</Pelev>
      <Telev>2541</Telev>
      <PART>0.5</PART>
      <DELAY>1</DELAY>
    </SubCatchmentParameters>
    <SubCatchmentVegetationZone>
      <SubCatchmentVegetationZoneParameters>
        <TT>-0.514219964293936</TT>
        <CFMAX>1.2894884889134202</CFMAX>
        <SP>0</SP>
        <SFCF>1.0933827091267347</SFCF>
        <CFR>2.4213543291144485E-07</CFR>
        <CWH>0.1000001466519779</CWH>
        <CFGlacier>1</CFGlacier>
        <CFSlope>1</CFSlope>
        <FC>410.84205501039065</FC>
        <LP>0.544173304415364</LP>
        <BETA>2.0646283122388174</BETA>
      </SubCatchmentVegetationZoneParameters>
    </SubCatchmentVegetationZone>
  </SubCatchment>
</Catchment>