<?xml version="1.0" encoding="utf-8"?>
<Catchment xmlns:xsi="http://www.w3.org/2001/XMLSchema-instance" xmlns:xsd="http://www.w3.org/2001/XMLSchema">
  <CatchmentParameters>
    <KSI>0.001</KSI>
    <KGmin>0.05</KGmin>
    <RangeKG>0.1</RangeKG>
    <AG>0.1</AG>
    <PERC>9.5931479109166169</PERC>
    <Alpha>0</Alpha>
    <UZL>144.37216899046507</UZL>
    <K0>0.37584845289794971</K0>
    <K1>0.38117892744038973</K1>
    <K2>0.089774673153485626</K2>
    <MAXBAS>2.49999093438508</MAXBAS>
    <Cet>0</Cet>
    <PCALT>10</PCALT>
    <TCALT>0.6</TCALT>
    <Pelev>2541</Pelev>
    <Telev>2541</Telev>
    <PART>0.5</PART>
    <DELAY>1</DELAY>
  </CatchmentParameters>
  <VegetationZone>
    <VegetationZoneParameters>
      <TT>-0.12771034131565159</TT>
      <CFMAX>1.3242785524032612</CFMAX>
      <SP>0</SP>
      <SFCF>0.96412940037349015</SFCF>
      <CFR>6.700119575889427E-08</CFR>
      <CWH>0.10000002764967189</CWH>
      <CFGlacier>1</CFGlacier>
      <CFSlope>1</CFSlope>
      <FC>273.76833758116362</FC>
      <LP>0.30000025360504234</LP>
      <BETA>2.2090940819486917</BETA>
    </VegetationZoneParameters>
  </VegetationZone>
  <SubCatchment>
    <SubCatchmentParameters>
      <KSI>0.001</KSI>
      <KGmin>0.05</KGmin>
      <RangeKG>0.1</RangeKG>
      <AG>0.1</AG>
      <PERC>9.5931479109166169</PERC>
      <Alpha>0</Alpha>
      <UZL>144.37216899046507</UZL>
      <K0>0.37584845289794971</K0>
      <K1>0.38117892744038973</K1>
      <K2>0.089774673153485626</K2>
      <MAXBAS>2.49999093438508</MAXBAS>
      <Cet>0</Cet>
      <PCALT>10</PCALT>
      <TCALT>0.6</TCALT>
      <Pelev>2541</Pelev>
      <Telev>2541</Telev>
      <PART>0.5</PART>
      <DELAY>1</DELAY>
    </SubCatchmentParameters>
    <SubCatchmentVegetationZone>
      <SubCatchmentVegetationZoneParameters>
        <TT>-0.12771034131565159</TT>
        <CFMAX>1.3242785524032612</CFMAX>
        <SP>0</SP>
        <SFCF>0.96412940037349015</SFCF>
        <CFR>6.700119575889427E-08</CFR>
        <CWH>0.10000002764967189</CWH>
        <CFGlacier>1</CFGlacier>
        <CFSlope>1</CFSlope>
        <FC>273.76833758116362</FC>
        <LP>0.30000025360504234</LP>
        <BETA>2.2090940819486917</BETA>
      </SubCatchmentVegetationZoneParameters>
    </SubCatchmentVegetationZone>
  </SubCatchment>
</Catchment>