<?xml version="1.0" encoding="utf-8"?>
<Catchment xmlns:xsi="http://www.w3.org/2001/XMLSchema-instance" xmlns:xsd="http://www.w3.org/2001/XMLSchema">
  <CatchmentParameters>
    <KSI>0.001</KSI>
    <KGmin>0.05</KGmin>
    <RangeKG>0.1</RangeKG>
    <AG>0.1</AG>
    <PERC>9.9998598529476332</PERC>
    <Alpha>0</Alpha>
    <UZL>100.48704321160899</UZL>
    <K0>0.065089511685890319</K0>
    <K1>0.46524085653913994</K1>
    <K2>0.10414229859914621</K2>
    <MAXBAS>1.8590224021690633</MAXBAS>
    <Cet>0</Cet>
    <PCALT>10</PCALT>
    <TCALT>0.6</TCALT>
    <Pelev>2541</Pelev>
    <Telev>2541</Telev>
    <PART>0.5</PART>
    <DELAY>1</DELAY>
  </CatchmentParameters>
  <VegetationZone>
    <VegetationZoneParameters>
      <TT>-1.4955787416600308</TT>
      <CFMAX>1.0942896213879221</CFMAX>
      <SP>0</SP>
      <SFCF>1.2319163568676574</SFCF>
      <CFR>0.099994854480075362</CFR>
      <CWH>0.14193283072185645</CWH>
      <CFGlacier>1</CFGlacier>
      <CFSlope>1</CFSlope>
      <FC>432.100416832294</FC>
      <LP>0.30019010327841211</LP>
      <BETA>1.8054372902721219</BETA>
    </VegetationZoneParameters>
  </VegetationZone>
  <SubCatchment>
    <SubCatchmentParameters>
      <KSI>0.001</KSI>
      <KGmin>0.05</KGmin>
      <RangeKG>0.1</RangeKG>
      <AG>0.1</AG>
      <PERC>9.9998598529476332</PERC>
      <Alpha>0</Alpha>
      <UZL>100.48704321160899</UZL>
      <K0>0.065089511685890319</K0>
      <K1>0.46524085653913994</K1>
      <K2>0.10414229859914621</K2>
      <MAXBAS>1.8590224021690633</MAXBAS>
      <Cet>0</Cet>
      <PCALT>10</PCALT>
      <TCALT>0.6</TCALT>
      <Pelev>2541</Pelev>
      <Telev>2541</Telev>
      <PART>0.5</PART>
      <DELAY>1</DELAY>
    </SubCatchmentParameters>
    <SubCatchmentVegetationZone>
      <SubCatchmentVegetationZoneParameters>
        <TT>-1.4955787416600308</TT>
        <CFMAX>1.0942896213879221</CFMAX>
        <SP>0</SP>
        <SFCF>1.2319163568676574</SFCF>
        <CFR>0.099994854480075362</CFR>
        <CWH>0.14193283072185645</CWH>
        <CFGlacier>1</CFGlacier>
        <CFSlope>1</CFSlope>
        <FC>432.100416832294</FC>
        <LP>0.30019010327841211</LP>
        <BETA>1.8054372902721219</BETA>
      </SubCatchmentVegetationZoneParameters>
    </SubCatchmentVegetationZone>
  </SubCatchment>
</Catchment>