<?xml version="1.0" encoding="utf-8"?>
<Catchment xmlns:xsi="http://www.w3.org/2001/XMLSchema-instance" xmlns:xsd="http://www.w3.org/2001/XMLSchema">
  <CatchmentParameters>
    <KSI>0.001</KSI>
    <KGmin>0.05</KGmin>
    <RangeKG>0.1</RangeKG>
    <AG>0.1</AG>
    <PERC>3.4652599474311776</PERC>
    <Alpha>0</Alpha>
    <UZL>109.51177491972983</UZL>
    <K0>0.26082822037179354</K0>
    <K1>0.12464557511728501</K1>
    <K2>0.052332602809328811</K2>
    <MAXBAS>1.6306390726418623</MAXBAS>
    <Cet>0</Cet>
    <PCALT>10</PCALT>
    <TCALT>0.6</TCALT>
    <Pelev>2541</Pelev>
    <Telev>2541</Telev>
    <PART>0.5</PART>
    <DELAY>1</DELAY>
  </CatchmentParameters>
  <VegetationZone>
    <VegetationZoneParameters>
      <TT>0.79716009426194612</TT>
      <CFMAX>1.7367366221272793</CFMAX>
      <SP>0</SP>
      <SFCF>0.89340472511228708</SFCF>
      <CFR>0.044185919855280524</CFR>
      <CWH>0.10000012207904362</CWH>
      <CFGlacier>1</CFGlacier>
      <CFSlope>1</CFSlope>
      <FC>220.46592478700683</FC>
      <LP>0.30000000109932706</LP>
      <BETA>1.9137098524773974</BETA>
    </VegetationZoneParameters>
  </VegetationZone>
  <SubCatchment>
    <SubCatchmentParameters>
      <KSI>0.001</KSI>
      <KGmin>0.05</KGmin>
      <RangeKG>0.1</RangeKG>
      <AG>0.1</AG>
      <PERC>3.4652599474311776</PERC>
      <Alpha>0</Alpha>
      <UZL>109.51177491972983</UZL>
      <K0>0.26082822037179354</K0>
      <K1>0.12464557511728501</K1>
      <K2>0.052332602809328811</K2>
      <MAXBAS>1.6306390726418623</MAXBAS>
      <Cet>0</Cet>
      <PCALT>10</PCALT>
      <TCALT>0.6</TCALT>
      <Pelev>2541</Pelev>
      <Telev>2541</Telev>
      <PART>0.5</PART>
      <DELAY>1</DELAY>
    </SubCatchmentParameters>
    <SubCatchmentVegetationZone>
      <SubCatchmentVegetationZoneParameters>
        <TT>0.79716009426194612</TT>
        <CFMAX>1.7367366221272793</CFMAX>
        <SP>0</SP>
        <SFCF>0.89340472511228708</SFCF>
        <CFR>0.044185919855280524</CFR>
        <CWH>0.10000012207904362</CWH>
        <CFGlacier>1</CFGlacier>
        <CFSlope>1</CFSlope>
        <FC>220.46592478700683</FC>
        <LP>0.30000000109932706</LP>
        <BETA>1.9137098524773974</BETA>
      </SubCatchmentVegetationZoneParameters>
    </SubCatchmentVegetationZone>
  </SubCatchment>
</Catchment>