<?xml version="1.0" encoding="utf-8"?>
<Catchment xmlns:xsi="http://www.w3.org/2001/XMLSchema-instance" xmlns:xsd="http://www.w3.org/2001/XMLSchema">
  <CatchmentParameters>
    <KSI>0.001</KSI>
    <KGmin>0.05</KGmin>
    <RangeKG>0.1</RangeKG>
    <AG>0.1</AG>
    <PERC>9.9999931262419448</PERC>
    <Alpha>0</Alpha>
    <UZL>153.4494331378155</UZL>
    <K0>0.5119692045724793</K0>
    <K1>0.36925656050732092</K1>
    <K2>0.091953110508312064</K2>
    <MAXBAS>2.4999827700428048</MAXBAS>
    <Cet>0</Cet>
    <PCALT>10</PCALT>
    <TCALT>0.6</TCALT>
    <Pelev>2541</Pelev>
    <Telev>2541</Telev>
    <PART>0.5</PART>
    <DELAY>1</DELAY>
  </CatchmentParameters>
  <VegetationZone>
    <VegetationZoneParameters>
      <TT>-0.2942596385855078</TT>
      <CFMAX>1.5150613256823811</CFMAX>
      <SP>0</SP>
      <SFCF>1.1005129567431775</SFCF>
      <CFR>0.016174034411538533</CFR>
      <CWH>0.100000184741091</CWH>
      <CFGlacier>1</CFGlacier>
      <CFSlope>1</CFSlope>
      <FC>367.93828750832159</FC>
      <LP>0.30000431992980153</LP>
      <BETA>1.5336040225037508</BETA>
    </VegetationZoneParameters>
  </VegetationZone>
  <SubCatchment>
    <SubCatchmentParameters>
      <KSI>0.001</KSI>
      <KGmin>0.05</KGmin>
      <RangeKG>0.1</RangeKG>
      <AG>0.1</AG>
      <PERC>9.9999931262419448</PERC>
      <Alpha>0</Alpha>
      <UZL>153.4494331378155</UZL>
      <K0>0.5119692045724793</K0>
      <K1>0.36925656050732092</K1>
      <K2>0.091953110508312064</K2>
      <MAXBAS>2.4999827700428048</MAXBAS>
      <Cet>0</Cet>
      <PCALT>10</PCALT>
      <TCALT>0.6</TCALT>
      <Pelev>2541</Pelev>
      <Telev>2541</Telev>
      <PART>0.5</PART>
      <DELAY>1</DELAY>
    </SubCatchmentParameters>
    <SubCatchmentVegetationZone>
      <SubCatchmentVegetationZoneParameters>
        <TT>-0.2942596385855078</TT>
        <CFMAX>1.5150613256823811</CFMAX>
        <SP>0</SP>
        <SFCF>1.1005129567431775</SFCF>
        <CFR>0.016174034411538533</CFR>
        <CWH>0.100000184741091</CWH>
        <CFGlacier>1</CFGlacier>
        <CFSlope>1</CFSlope>
        <FC>367.93828750832159</FC>
        <LP>0.30000431992980153</LP>
        <BETA>1.5336040225037508</BETA>
      </SubCatchmentVegetationZoneParameters>
    </SubCatchmentVegetationZone>
  </SubCatchment>
</Catchment>