<?xml version="1.0" encoding="utf-8"?>
<Catchment xmlns:xsi="http://www.w3.org/2001/XMLSchema-instance" xmlns:xsd="http://www.w3.org/2001/XMLSchema">
  <CatchmentParameters>
    <KSI>0.001</KSI>
    <KGmin>0.05</KGmin>
    <RangeKG>0.1</RangeKG>
    <AG>0.1</AG>
    <PERC>8.6914779604172345</PERC>
    <Alpha>0</Alpha>
    <UZL>134.43545915857627</UZL>
    <K0>0.33077868524639376</K0>
    <K1>0.41111956489241613</K1>
    <K2>0.11274050660610062</K2>
    <MAXBAS>1.8007191564967389</MAXBAS>
    <Cet>0</Cet>
    <PCALT>10</PCALT>
    <TCALT>0.6</TCALT>
    <Pelev>2541</Pelev>
    <Telev>2541</Telev>
    <PART>0.5</PART>
    <DELAY>1</DELAY>
  </CatchmentParameters>
  <VegetationZone>
    <VegetationZoneParameters>
      <TT>-1.4849949844829045</TT>
      <CFMAX>1.0332880997932636</CFMAX>
      <SP>0</SP>
      <SFCF>1.1895029993159938</SFCF>
      <CFR>0.09999827266111401</CFR>
      <CWH>0.17483365727303996</CWH>
      <CFGlacier>1</CFGlacier>
      <CFSlope>1</CFSlope>
      <FC>413.21490820908</FC>
      <LP>0.30000282138905465</LP>
      <BETA>1.9084199880257118</BETA>
    </VegetationZoneParameters>
  </VegetationZone>
  <SubCatchment>
    <SubCatchmentParameters>
      <KSI>0.001</KSI>
      <KGmin>0.05</KGmin>
      <RangeKG>0.1</RangeKG>
      <AG>0.1</AG>
      <PERC>8.6914779604172345</PERC>
      <Alpha>0</Alpha>
      <UZL>134.43545915857627</UZL>
      <K0>0.33077868524639376</K0>
      <K1>0.41111956489241613</K1>
      <K2>0.11274050660610062</K2>
      <MAXBAS>1.8007191564967389</MAXBAS>
      <Cet>0</Cet>
      <PCALT>10</PCALT>
      <TCALT>0.6</TCALT>
      <Pelev>2541</Pelev>
      <Telev>2541</Telev>
      <PART>0.5</PART>
      <DELAY>1</DELAY>
    </SubCatchmentParameters>
    <SubCatchmentVegetationZone>
      <SubCatchmentVegetationZoneParameters>
        <TT>-1.4849949844829045</TT>
        <CFMAX>1.0332880997932636</CFMAX>
        <SP>0</SP>
        <SFCF>1.1895029993159938</SFCF>
        <CFR>0.09999827266111401</CFR>
        <CWH>0.17483365727303996</CWH>
        <CFGlacier>1</CFGlacier>
        <CFSlope>1</CFSlope>
        <FC>413.21490820908</FC>
        <LP>0.30000282138905465</LP>
        <BETA>1.9084199880257118</BETA>
      </SubCatchmentVegetationZoneParameters>
    </SubCatchmentVegetationZone>
  </SubCatchment>
</Catchment>