<?xml version="1.0" encoding="utf-8"?>
<Catchment xmlns:xsi="http://www.w3.org/2001/XMLSchema-instance" xmlns:xsd="http://www.w3.org/2001/XMLSchema">
  <CatchmentParameters>
    <KSI>0.001</KSI>
    <KGmin>0.05</KGmin>
    <RangeKG>0.1</RangeKG>
    <AG>0.1</AG>
    <PERC>0.77517637835494413</PERC>
    <Alpha>0</Alpha>
    <UZL>113.21900407684022</UZL>
    <K0>0.05000153362033604</K0>
    <K1>0.061105469549651133</K1>
    <K2>0.019618433833203809</K2>
    <MAXBAS>1</MAXBAS>
    <Cet>0</Cet>
    <PCALT>10</PCALT>
    <TCALT>0.6</TCALT>
    <Pelev>2541</Pelev>
    <Telev>2541</Telev>
    <PART>0.5</PART>
    <DELAY>1</DELAY>
  </CatchmentParameters>
  <VegetationZone>
    <VegetationZoneParameters>
      <TT>0.8047381077496687</TT>
      <CFMAX>3.1551639464562711</CFMAX>
      <SP>0</SP>
      <SFCF>1.328582475912047</SFCF>
      <CFR>9.7371104840814507E-08</CFR>
      <CWH>0.10000005940059721</CWH>
      <CFGlacier>1</CFGlacier>
      <CFSlope>1</CFSlope>
      <FC>937.32024061114112</FC>
      <LP>0.607301100404113</LP>
      <BETA>1.6810482144768488</BETA>
    </VegetationZoneParameters>
  </VegetationZone>
  <SubCatchment>
    <SubCatchmentParameters>
      <KSI>0.001</KSI>
      <KGmin>0.05</KGmin>
      <RangeKG>0.1</RangeKG>
      <AG>0.1</AG>
      <PERC>0.77517637835494413</PERC>
      <Alpha>0</Alpha>
      <UZL>113.21900407684022</UZL>
      <K0>0.05000153362033604</K0>
      <K1>0.061105469549651133</K1>
      <K2>0.019618433833203809</K2>
      <MAXBAS>1</MAXBAS>
      <Cet>0</Cet>
      <PCALT>10</PCALT>
      <TCALT>0.6</TCALT>
      <Pelev>2541</Pelev>
      <Telev>2541</Telev>
      <PART>0.5</PART>
      <DELAY>1</DELAY>
    </SubCatchmentParameters>
    <SubCatchmentVegetationZone>
      <SubCatchmentVegetationZoneParameters>
        <TT>0.8047381077496687</TT>
        <CFMAX>3.1551639464562711</CFMAX>
        <SP>0</SP>
        <SFCF>1.328582475912047</SFCF>
        <CFR>9.7371104840814507E-08</CFR>
        <CWH>0.10000005940059721</CWH>
        <CFGlacier>1</CFGlacier>
        <CFSlope>1</CFSlope>
        <FC>937.32024061114112</FC>
        <LP>0.607301100404113</LP>
        <BETA>1.6810482144768488</BETA>
      </SubCatchmentVegetationZoneParameters>
    </SubCatchmentVegetationZone>
  </SubCatchment>
</Catchment>