<?xml version="1.0" encoding="utf-8"?>
<Catchment xmlns:xsi="http://www.w3.org/2001/XMLSchema-instance" xmlns:xsd="http://www.w3.org/2001/XMLSchema">
  <CatchmentParameters>
    <KSI>0.001</KSI>
    <KGmin>0.05</KGmin>
    <RangeKG>0.1</RangeKG>
    <AG>0.1</AG>
    <PERC>1.2962839352233742</PERC>
    <Alpha>0</Alpha>
    <UZL>154.53405091160158</UZL>
    <K0>0.43766861352930192</K0>
    <K1>0.076569157053657688</K1>
    <K2>0.023314315254597782</K2>
    <MAXBAS>1</MAXBAS>
    <Cet>0</Cet>
    <PCALT>10</PCALT>
    <TCALT>0.6</TCALT>
    <Pelev>2541</Pelev>
    <Telev>2541</Telev>
    <PART>0.5</PART>
    <DELAY>1</DELAY>
  </CatchmentParameters>
  <VegetationZone>
    <VegetationZoneParameters>
      <TT>0.37617933365909573</TT>
      <CFMAX>2.7545855666804546</CFMAX>
      <SP>0</SP>
      <SFCF>1.3176754528429595</SFCF>
      <CFR>5.7009004526623987E-08</CFR>
      <CWH>0.1000001174136584</CWH>
      <CFGlacier>1</CFGlacier>
      <CFSlope>1</CFSlope>
      <FC>1244.5325160433233</FC>
      <LP>0.9083926776210457</LP>
      <BETA>3.04085337954289</BETA>
    </VegetationZoneParameters>
  </VegetationZone>
  <SubCatchment>
    <SubCatchmentParameters>
      <KSI>0.001</KSI>
      <KGmin>0.05</KGmin>
      <RangeKG>0.1</RangeKG>
      <AG>0.1</AG>
      <PERC>1.2962839352233742</PERC>
      <Alpha>0</Alpha>
      <UZL>154.53405091160158</UZL>
      <K0>0.43766861352930192</K0>
      <K1>0.076569157053657688</K1>
      <K2>0.023314315254597782</K2>
      <MAXBAS>1</MAXBAS>
      <Cet>0</Cet>
      <PCALT>10</PCALT>
      <TCALT>0.6</TCALT>
      <Pelev>2541</Pelev>
      <Telev>2541</Telev>
      <PART>0.5</PART>
      <DELAY>1</DELAY>
    </SubCatchmentParameters>
    <SubCatchmentVegetationZone>
      <SubCatchmentVegetationZoneParameters>
        <TT>0.37617933365909573</TT>
        <CFMAX>2.7545855666804546</CFMAX>
        <SP>0</SP>
        <SFCF>1.3176754528429595</SFCF>
        <CFR>5.7009004526623987E-08</CFR>
        <CWH>0.1000001174136584</CWH>
        <CFGlacier>1</CFGlacier>
        <CFSlope>1</CFSlope>
        <FC>1244.5325160433233</FC>
        <LP>0.9083926776210457</LP>
        <BETA>3.04085337954289</BETA>
      </SubCatchmentVegetationZoneParameters>
    </SubCatchmentVegetationZone>
  </SubCatchment>
</Catchment>