<?xml version="1.0" encoding="utf-8"?>
<Catchment xmlns:xsi="http://www.w3.org/2001/XMLSchema-instance" xmlns:xsd="http://www.w3.org/2001/XMLSchema">
  <CatchmentParameters>
    <KSI>0.001</KSI>
    <KGmin>0.05</KGmin>
    <RangeKG>0.1</RangeKG>
    <AG>0.1</AG>
    <PERC>9.4050824477389554</PERC>
    <Alpha>0</Alpha>
    <UZL>113.13514296469361</UZL>
    <K0>0.12748876004684745</K0>
    <K1>0.38955900866813314</K1>
    <K2>0.096318132781087876</K2>
    <MAXBAS>2.49999487101711</MAXBAS>
    <Cet>0</Cet>
    <PCALT>10</PCALT>
    <TCALT>0.6</TCALT>
    <Pelev>2541</Pelev>
    <Telev>2541</Telev>
    <PART>0.5</PART>
    <DELAY>1</DELAY>
  </CatchmentParameters>
  <VegetationZone>
    <VegetationZoneParameters>
      <TT>0.28200021142254</TT>
      <CFMAX>1.2314790393426145</CFMAX>
      <SP>0</SP>
      <SFCF>0.82590884869635928</SFCF>
      <CFR>2.0897835416531997E-07</CFR>
      <CWH>0.10000002049523173</CWH>
      <CFGlacier>1</CFGlacier>
      <CFSlope>1</CFSlope>
      <FC>221.37146991186819</FC>
      <LP>0.30000045033766237</LP>
      <BETA>3.8627410686520056</BETA>
    </VegetationZoneParameters>
  </VegetationZone>
  <SubCatchment>
    <SubCatchmentParameters>
      <KSI>0.001</KSI>
      <KGmin>0.05</KGmin>
      <RangeKG>0.1</RangeKG>
      <AG>0.1</AG>
      <PERC>9.4050824477389554</PERC>
      <Alpha>0</Alpha>
      <UZL>113.13514296469361</UZL>
      <K0>0.12748876004684745</K0>
      <K1>0.38955900866813314</K1>
      <K2>0.096318132781087876</K2>
      <MAXBAS>2.49999487101711</MAXBAS>
      <Cet>0</Cet>
      <PCALT>10</PCALT>
      <TCALT>0.6</TCALT>
      <Pelev>2541</Pelev>
      <Telev>2541</Telev>
      <PART>0.5</PART>
      <DELAY>1</DELAY>
    </SubCatchmentParameters>
    <SubCatchmentVegetationZone>
      <SubCatchmentVegetationZoneParameters>
        <TT>0.28200021142254</TT>
        <CFMAX>1.2314790393426145</CFMAX>
        <SP>0</SP>
        <SFCF>0.82590884869635928</SFCF>
        <CFR>2.0897835416531997E-07</CFR>
        <CWH>0.10000002049523173</CWH>
        <CFGlacier>1</CFGlacier>
        <CFSlope>1</CFSlope>
        <FC>221.37146991186819</FC>
        <LP>0.30000045033766237</LP>
        <BETA>3.8627410686520056</BETA>
      </SubCatchmentVegetationZoneParameters>
    </SubCatchmentVegetationZone>
  </SubCatchment>
</Catchment>