<?xml version="1.0" encoding="utf-8"?>
<Catchment xmlns:xsi="http://www.w3.org/2001/XMLSchema-instance" xmlns:xsd="http://www.w3.org/2001/XMLSchema">
  <CatchmentParameters>
    <KSI>0.001</KSI>
    <KGmin>0.05</KGmin>
    <RangeKG>0.1</RangeKG>
    <AG>0.1</AG>
    <PERC>0.8570971614503744</PERC>
    <Alpha>0</Alpha>
    <UZL>174.88955552081484</UZL>
    <K0>0.098406152748376635</K0>
    <K1>0.075684132331056461</K1>
    <K2>0.01986295591807415</K2>
    <MAXBAS>1</MAXBAS>
    <Cet>0</Cet>
    <PCALT>10</PCALT>
    <TCALT>0.6</TCALT>
    <Pelev>2541</Pelev>
    <Telev>2541</Telev>
    <PART>0.5</PART>
    <DELAY>1</DELAY>
  </CatchmentParameters>
  <VegetationZone>
    <VegetationZoneParameters>
      <TT>0.2000098647943927</TT>
      <CFMAX>2.5178741870685806</CFMAX>
      <SP>0</SP>
      <SFCF>1.2890457700181162</SFCF>
      <CFR>2.7520477867824522E-07</CFR>
      <CWH>0.10000041311627793</CWH>
      <CFGlacier>1</CFGlacier>
      <CFSlope>1</CFSlope>
      <FC>1173.0724354838806</FC>
      <LP>0.97628373444194316</LP>
      <BETA>3.3178253865958327</BETA>
    </VegetationZoneParameters>
  </VegetationZone>
  <SubCatchment>
    <SubCatchmentParameters>
      <KSI>0.001</KSI>
      <KGmin>0.05</KGmin>
      <RangeKG>0.1</RangeKG>
      <AG>0.1</AG>
      <PERC>0.8570971614503744</PERC>
      <Alpha>0</Alpha>
      <UZL>174.88955552081484</UZL>
      <K0>0.098406152748376635</K0>
      <K1>0.075684132331056461</K1>
      <K2>0.01986295591807415</K2>
      <MAXBAS>1</MAXBAS>
      <Cet>0</Cet>
      <PCALT>10</PCALT>
      <TCALT>0.6</TCALT>
      <Pelev>2541</Pelev>
      <Telev>2541</Telev>
      <PART>0.5</PART>
      <DELAY>1</DELAY>
    </SubCatchmentParameters>
    <SubCatchmentVegetationZone>
      <SubCatchmentVegetationZoneParameters>
        <TT>0.2000098647943927</TT>
        <CFMAX>2.5178741870685806</CFMAX>
        <SP>0</SP>
        <SFCF>1.2890457700181162</SFCF>
        <CFR>2.7520477867824522E-07</CFR>
        <CWH>0.10000041311627793</CWH>
        <CFGlacier>1</CFGlacier>
        <CFSlope>1</CFSlope>
        <FC>1173.0724354838806</FC>
        <LP>0.97628373444194316</LP>
        <BETA>3.3178253865958327</BETA>
      </SubCatchmentVegetationZoneParameters>
    </SubCatchmentVegetationZone>
  </SubCatchment>
</Catchment>