<?xml version="1.0" encoding="utf-8"?>
<Catchment xmlns:xsi="http://www.w3.org/2001/XMLSchema-instance" xmlns:xsd="http://www.w3.org/2001/XMLSchema">
  <CatchmentParameters>
    <KSI>0.001</KSI>
    <KGmin>0.05</KGmin>
    <RangeKG>0.1</RangeKG>
    <AG>0.1</AG>
    <PERC>1.104835373978097</PERC>
    <Alpha>0</Alpha>
    <UZL>163.28728726240846</UZL>
    <K0>0.88491567404503035</K0>
    <K1>0.099114504091571715</K1>
    <K2>0.021499000301954407</K2>
    <MAXBAS>1</MAXBAS>
    <Cet>0</Cet>
    <PCALT>10</PCALT>
    <TCALT>0.6</TCALT>
    <Pelev>2541</Pelev>
    <Telev>2541</Telev>
    <PART>0.5</PART>
    <DELAY>1</DELAY>
  </CatchmentParameters>
  <VegetationZone>
    <VegetationZoneParameters>
      <TT>-0.29427541860804651</TT>
      <CFMAX>2.1174346893022258</CFMAX>
      <SP>0</SP>
      <SFCF>1.3521044137743778</SFCF>
      <CFR>3.3436631048634483E-10</CFR>
      <CWH>0.10000023296786409</CWH>
      <CFGlacier>1</CFGlacier>
      <CFSlope>1</CFSlope>
      <FC>934.23421244066094</FC>
      <LP>0.75527847311472485</LP>
      <BETA>2.295411686306005</BETA>
    </VegetationZoneParameters>
  </VegetationZone>
  <SubCatchment>
    <SubCatchmentParameters>
      <KSI>0.001</KSI>
      <KGmin>0.05</KGmin>
      <RangeKG>0.1</RangeKG>
      <AG>0.1</AG>
      <PERC>1.104835373978097</PERC>
      <Alpha>0</Alpha>
      <UZL>163.28728726240846</UZL>
      <K0>0.88491567404503035</K0>
      <K1>0.099114504091571715</K1>
      <K2>0.021499000301954407</K2>
      <MAXBAS>1</MAXBAS>
      <Cet>0</Cet>
      <PCALT>10</PCALT>
      <TCALT>0.6</TCALT>
      <Pelev>2541</Pelev>
      <Telev>2541</Telev>
      <PART>0.5</PART>
      <DELAY>1</DELAY>
    </SubCatchmentParameters>
    <SubCatchmentVegetationZone>
      <SubCatchmentVegetationZoneParameters>
        <TT>-0.29427541860804651</TT>
        <CFMAX>2.1174346893022258</CFMAX>
        <SP>0</SP>
        <SFCF>1.3521044137743778</SFCF>
        <CFR>3.3436631048634483E-10</CFR>
        <CWH>0.10000023296786409</CWH>
        <CFGlacier>1</CFGlacier>
        <CFSlope>1</CFSlope>
        <FC>934.23421244066094</FC>
        <LP>0.75527847311472485</LP>
        <BETA>2.295411686306005</BETA>
      </SubCatchmentVegetationZoneParameters>
    </SubCatchmentVegetationZone>
  </SubCatchment>
</Catchment>