<?xml version="1.0" encoding="utf-8"?>
<Catchment xmlns:xsi="http://www.w3.org/2001/XMLSchema-instance" xmlns:xsd="http://www.w3.org/2001/XMLSchema">
  <CatchmentParameters>
    <KSI>0.001</KSI>
    <KGmin>0.05</KGmin>
    <RangeKG>0.1</RangeKG>
    <AG>0.1</AG>
    <PERC>3.4894064320183626</PERC>
    <Alpha>0</Alpha>
    <UZL>104.15968405374635</UZL>
    <K0>0.19594119706761703</K0>
    <K1>0.12392015810411711</K1>
    <K2>0.053026087124592905</K2>
    <MAXBAS>1.5788524387289922</MAXBAS>
    <Cet>0</Cet>
    <PCALT>10</PCALT>
    <TCALT>0.6</TCALT>
    <Pelev>2541</Pelev>
    <Telev>2541</Telev>
    <PART>0.5</PART>
    <DELAY>1</DELAY>
  </CatchmentParameters>
  <VegetationZone>
    <VegetationZoneParameters>
      <TT>0.79725802858463524</TT>
      <CFMAX>1.7222353343282932</CFMAX>
      <SP>0</SP>
      <SFCF>0.89154564923370971</SFCF>
      <CFR>0.031399271893713457</CFR>
      <CWH>0.10000020814581045</CWH>
      <CFGlacier>1</CFGlacier>
      <CFSlope>1</CFSlope>
      <FC>228.94482082898918</FC>
      <LP>0.30000345428458131</LP>
      <BETA>1.9783955186101743</BETA>
    </VegetationZoneParameters>
  </VegetationZone>
  <SubCatchment>
    <SubCatchmentParameters>
      <KSI>0.001</KSI>
      <KGmin>0.05</KGmin>
      <RangeKG>0.1</RangeKG>
      <AG>0.1</AG>
      <PERC>3.4894064320183626</PERC>
      <Alpha>0</Alpha>
      <UZL>104.15968405374635</UZL>
      <K0>0.19594119706761703</K0>
      <K1>0.12392015810411711</K1>
      <K2>0.053026087124592905</K2>
      <MAXBAS>1.5788524387289922</MAXBAS>
      <Cet>0</Cet>
      <PCALT>10</PCALT>
      <TCALT>0.6</TCALT>
      <Pelev>2541</Pelev>
      <Telev>2541</Telev>
      <PART>0.5</PART>
      <DELAY>1</DELAY>
    </SubCatchmentParameters>
    <SubCatchmentVegetationZone>
      <SubCatchmentVegetationZoneParameters>
        <TT>0.79725802858463524</TT>
        <CFMAX>1.7222353343282932</CFMAX>
        <SP>0</SP>
        <SFCF>0.89154564923370971</SFCF>
        <CFR>0.031399271893713457</CFR>
        <CWH>0.10000020814581045</CWH>
        <CFGlacier>1</CFGlacier>
        <CFSlope>1</CFSlope>
        <FC>228.94482082898918</FC>
        <LP>0.30000345428458131</LP>
        <BETA>1.9783955186101743</BETA>
      </SubCatchmentVegetationZoneParameters>
    </SubCatchmentVegetationZone>
  </SubCatchment>
</Catchment>