<?xml version="1.0" encoding="utf-8"?>
<Catchment xmlns:xsi="http://www.w3.org/2001/XMLSchema-instance" xmlns:xsd="http://www.w3.org/2001/XMLSchema">
  <CatchmentParameters>
    <KSI>0.001</KSI>
    <KGmin>0.05</KGmin>
    <RangeKG>0.1</RangeKG>
    <AG>0.1</AG>
    <PERC>4.1418840532122694</PERC>
    <Alpha>0</Alpha>
    <UZL>24.3500904070276</UZL>
    <K0>0.39483725864334956</K0>
    <K1>0.13182501887468756</K1>
    <K2>0.098567568971625927</K2>
    <MAXBAS>1.739683308470859</MAXBAS>
    <Cet>0</Cet>
    <PCALT>10</PCALT>
    <TCALT>0.6</TCALT>
    <Pelev>2541</Pelev>
    <Telev>2541</Telev>
    <PART>0.5</PART>
    <DELAY>1</DELAY>
  </CatchmentParameters>
  <VegetationZone>
    <VegetationZoneParameters>
      <TT>-1.4999955484801597</TT>
      <CFMAX>0.90707271850336657</CFMAX>
      <SP>0</SP>
      <SFCF>1.0900145995739623</SFCF>
      <CFR>0.097200597448025464</CFR>
      <CWH>0.19999998979691491</CWH>
      <CFGlacier>1</CFGlacier>
      <CFSlope>1</CFSlope>
      <FC>380.51381577177784</FC>
      <LP>0.46890269880711438</LP>
      <BETA>2.1907955779904382</BETA>
    </VegetationZoneParameters>
  </VegetationZone>
  <SubCatchment>
    <SubCatchmentParameters>
      <KSI>0.001</KSI>
      <KGmin>0.05</KGmin>
      <RangeKG>0.1</RangeKG>
      <AG>0.1</AG>
      <PERC>4.1418840532122694</PERC>
      <Alpha>0</Alpha>
      <UZL>24.3500904070276</UZL>
      <K0>0.39483725864334956</K0>
      <K1>0.13182501887468756</K1>
      <K2>0.098567568971625927</K2>
      <MAXBAS>1.739683308470859</MAXBAS>
      <Cet>0</Cet>
      <PCALT>10</PCALT>
      <TCALT>0.6</TCALT>
      <Pelev>2541</Pelev>
      <Telev>2541</Telev>
      <PART>0.5</PART>
      <DELAY>1</DELAY>
    </SubCatchmentParameters>
    <SubCatchmentVegetationZone>
      <SubCatchmentVegetationZoneParameters>
        <TT>-1.4999955484801597</TT>
        <CFMAX>0.90707271850336657</CFMAX>
        <SP>0</SP>
        <SFCF>1.0900145995739623</SFCF>
        <CFR>0.097200597448025464</CFR>
        <CWH>0.19999998979691491</CWH>
        <CFGlacier>1</CFGlacier>
        <CFSlope>1</CFSlope>
        <FC>380.51381577177784</FC>
        <LP>0.46890269880711438</LP>
        <BETA>2.1907955779904382</BETA>
      </SubCatchmentVegetationZoneParameters>
    </SubCatchmentVegetationZone>
  </SubCatchment>
</Catchment>