<?xml version="1.0" encoding="utf-8"?>
<Catchment xmlns:xsi="http://www.w3.org/2001/XMLSchema-instance" xmlns:xsd="http://www.w3.org/2001/XMLSchema">
  <CatchmentParameters>
    <KSI>0.001</KSI>
    <KGmin>0.05</KGmin>
    <RangeKG>0.1</RangeKG>
    <AG>0.1</AG>
    <PERC>9.9999852790121064</PERC>
    <Alpha>0</Alpha>
    <UZL>181.9560061700499</UZL>
    <K0>0.33948723321745405</K0>
    <K1>0.50122168565721115</K1>
    <K2>0.10863184010403942</K2>
    <MAXBAS>2.3307578587994922</MAXBAS>
    <Cet>0</Cet>
    <PCALT>10</PCALT>
    <TCALT>0.6</TCALT>
    <Pelev>2541</Pelev>
    <Telev>2541</Telev>
    <PART>0.5</PART>
    <DELAY>1</DELAY>
  </CatchmentParameters>
  <VegetationZone>
    <VegetationZoneParameters>
      <TT>-0.87129609806930985</TT>
      <CFMAX>1.1251018584088428</CFMAX>
      <SP>0</SP>
      <SFCF>1.0621197219694194</SFCF>
      <CFR>0.099997434719535858</CFR>
      <CWH>0.1473664680081353</CWH>
      <CFGlacier>1</CFGlacier>
      <CFSlope>1</CFSlope>
      <FC>354.7569861776521</FC>
      <LP>0.30006453326916288</LP>
      <BETA>2.1476810279876779</BETA>
    </VegetationZoneParameters>
  </VegetationZone>
  <SubCatchment>
    <SubCatchmentParameters>
      <KSI>0.001</KSI>
      <KGmin>0.05</KGmin>
      <RangeKG>0.1</RangeKG>
      <AG>0.1</AG>
      <PERC>9.9999852790121064</PERC>
      <Alpha>0</Alpha>
      <UZL>181.9560061700499</UZL>
      <K0>0.33948723321745405</K0>
      <K1>0.50122168565721115</K1>
      <K2>0.10863184010403942</K2>
      <MAXBAS>2.3307578587994922</MAXBAS>
      <Cet>0</Cet>
      <PCALT>10</PCALT>
      <TCALT>0.6</TCALT>
      <Pelev>2541</Pelev>
      <Telev>2541</Telev>
      <PART>0.5</PART>
      <DELAY>1</DELAY>
    </SubCatchmentParameters>
    <SubCatchmentVegetationZone>
      <SubCatchmentVegetationZoneParameters>
        <TT>-0.87129609806930985</TT>
        <CFMAX>1.1251018584088428</CFMAX>
        <SP>0</SP>
        <SFCF>1.0621197219694194</SFCF>
        <CFR>0.099997434719535858</CFR>
        <CWH>0.1473664680081353</CWH>
        <CFGlacier>1</CFGlacier>
        <CFSlope>1</CFSlope>
        <FC>354.7569861776521</FC>
        <LP>0.30006453326916288</LP>
        <BETA>2.1476810279876779</BETA>
      </SubCatchmentVegetationZoneParameters>
    </SubCatchmentVegetationZone>
  </SubCatchment>
</Catchment>