<?xml version="1.0" encoding="utf-8"?>
<Catchment xmlns:xsi="http://www.w3.org/2001/XMLSchema-instance" xmlns:xsd="http://www.w3.org/2001/XMLSchema">
  <CatchmentParameters>
    <KSI>0.001</KSI>
    <KGmin>0.05</KGmin>
    <RangeKG>0.1</RangeKG>
    <AG>0.1</AG>
    <PERC>7.6062943210344116</PERC>
    <Alpha>0</Alpha>
    <UZL>21.013102742190728</UZL>
    <K0>0.98999202559118926</K0>
    <K1>0.22417814126146413</K1>
    <K2>0.11629777528153092</K2>
    <MAXBAS>1.6621143987628502</MAXBAS>
    <Cet>0</Cet>
    <PCALT>10</PCALT>
    <TCALT>0.6</TCALT>
    <Pelev>2541</Pelev>
    <Telev>2541</Telev>
    <PART>0.5</PART>
    <DELAY>1</DELAY>
  </CatchmentParameters>
  <VegetationZone>
    <VegetationZoneParameters>
      <TT>-0.94799780583929816</TT>
      <CFMAX>0.99398595544525425</CFMAX>
      <SP>0</SP>
      <SFCF>0.99704290714119637</SFCF>
      <CFR>0.099999537607650624</CFR>
      <CWH>0.19816669005635085</CWH>
      <CFGlacier>1</CFGlacier>
      <CFSlope>1</CFSlope>
      <FC>330.39241138894386</FC>
      <LP>0.43022400887240708</LP>
      <BETA>2.5683400016480893</BETA>
    </VegetationZoneParameters>
  </VegetationZone>
  <SubCatchment>
    <SubCatchmentParameters>
      <KSI>0.001</KSI>
      <KGmin>0.05</KGmin>
      <RangeKG>0.1</RangeKG>
      <AG>0.1</AG>
      <PERC>7.6062943210344116</PERC>
      <Alpha>0</Alpha>
      <UZL>21.013102742190728</UZL>
      <K0>0.98999202559118926</K0>
      <K1>0.22417814126146413</K1>
      <K2>0.11629777528153092</K2>
      <MAXBAS>1.6621143987628502</MAXBAS>
      <Cet>0</Cet>
      <PCALT>10</PCALT>
      <TCALT>0.6</TCALT>
      <Pelev>2541</Pelev>
      <Telev>2541</Telev>
      <PART>0.5</PART>
      <DELAY>1</DELAY>
    </SubCatchmentParameters>
    <SubCatchmentVegetationZone>
      <SubCatchmentVegetationZoneParameters>
        <TT>-0.94799780583929816</TT>
        <CFMAX>0.99398595544525425</CFMAX>
        <SP>0</SP>
        <SFCF>0.99704290714119637</SFCF>
        <CFR>0.099999537607650624</CFR>
        <CWH>0.19816669005635085</CWH>
        <CFGlacier>1</CFGlacier>
        <CFSlope>1</CFSlope>
        <FC>330.39241138894386</FC>
        <LP>0.43022400887240708</LP>
        <BETA>2.5683400016480893</BETA>
      </SubCatchmentVegetationZoneParameters>
    </SubCatchmentVegetationZone>
  </SubCatchment>
</Catchment>