<?xml version="1.0" encoding="utf-8"?>
<Catchment xmlns:xsi="http://www.w3.org/2001/XMLSchema-instance" xmlns:xsd="http://www.w3.org/2001/XMLSchema">
  <CatchmentParameters>
    <KSI>0.001</KSI>
    <KGmin>0.05</KGmin>
    <RangeKG>0.1</RangeKG>
    <AG>0.1</AG>
    <PERC>9.2412071337245916</PERC>
    <Alpha>0</Alpha>
    <UZL>57.249822233470518</UZL>
    <K0>0.48124130394038028</K0>
    <K1>0.43838663911128006</K1>
    <K2>0.11218232598875777</K2>
    <MAXBAS>2.4999756076169013</MAXBAS>
    <Cet>0</Cet>
    <PCALT>10</PCALT>
    <TCALT>0.6</TCALT>
    <Pelev>2541</Pelev>
    <Telev>2541</Telev>
    <PART>0.5</PART>
    <DELAY>1</DELAY>
  </CatchmentParameters>
  <VegetationZone>
    <VegetationZoneParameters>
      <TT>-0.79861637089414483</TT>
      <CFMAX>1.1757772621215399</CFMAX>
      <SP>0</SP>
      <SFCF>1.0573273751768197</SFCF>
      <CFR>0.099999511848253286</CFR>
      <CWH>0.10000002998522285</CWH>
      <CFGlacier>1</CFGlacier>
      <CFSlope>1</CFSlope>
      <FC>401.97095695020982</FC>
      <LP>0.57713780595717112</LP>
      <BETA>2.3867429022664473</BETA>
    </VegetationZoneParameters>
  </VegetationZone>
  <SubCatchment>
    <SubCatchmentParameters>
      <KSI>0.001</KSI>
      <KGmin>0.05</KGmin>
      <RangeKG>0.1</RangeKG>
      <AG>0.1</AG>
      <PERC>9.2412071337245916</PERC>
      <Alpha>0</Alpha>
      <UZL>57.249822233470518</UZL>
      <K0>0.48124130394038028</K0>
      <K1>0.43838663911128006</K1>
      <K2>0.11218232598875777</K2>
      <MAXBAS>2.4999756076169013</MAXBAS>
      <Cet>0</Cet>
      <PCALT>10</PCALT>
      <TCALT>0.6</TCALT>
      <Pelev>2541</Pelev>
      <Telev>2541</Telev>
      <PART>0.5</PART>
      <DELAY>1</DELAY>
    </SubCatchmentParameters>
    <SubCatchmentVegetationZone>
      <SubCatchmentVegetationZoneParameters>
        <TT>-0.79861637089414483</TT>
        <CFMAX>1.1757772621215399</CFMAX>
        <SP>0</SP>
        <SFCF>1.0573273751768197</SFCF>
        <CFR>0.099999511848253286</CFR>
        <CWH>0.10000002998522285</CWH>
        <CFGlacier>1</CFGlacier>
        <CFSlope>1</CFSlope>
        <FC>401.97095695020982</FC>
        <LP>0.57713780595717112</LP>
        <BETA>2.3867429022664473</BETA>
      </SubCatchmentVegetationZoneParameters>
    </SubCatchmentVegetationZone>
  </SubCatchment>
</Catchment>