<?xml version="1.0" encoding="utf-8"?>
<Catchment xmlns:xsi="http://www.w3.org/2001/XMLSchema-instance" xmlns:xsd="http://www.w3.org/2001/XMLSchema">
  <CatchmentParameters>
    <KSI>0.001</KSI>
    <KGmin>0.05</KGmin>
    <RangeKG>0.1</RangeKG>
    <AG>0.1</AG>
    <PERC>1.5189087013463192</PERC>
    <Alpha>0</Alpha>
    <UZL>148.79540004213521</UZL>
    <K0>0.54178422370888291</K0>
    <K1>0.099601672449238163</K1>
    <K2>0.0237484470437288</K2>
    <MAXBAS>1</MAXBAS>
    <Cet>0</Cet>
    <PCALT>10</PCALT>
    <TCALT>0.6</TCALT>
    <Pelev>2541</Pelev>
    <Telev>2541</Telev>
    <PART>0.5</PART>
    <DELAY>1</DELAY>
  </CatchmentParameters>
  <VegetationZone>
    <VegetationZoneParameters>
      <TT>-0.29426474576730993</TT>
      <CFMAX>2.3923932587612624</CFMAX>
      <SP>0</SP>
      <SFCF>1.4489825396913776</SFCF>
      <CFR>1.9592091363971004E-07</CFR>
      <CWH>0.10000003470348018</CWH>
      <CFGlacier>1</CFGlacier>
      <CFSlope>1</CFSlope>
      <FC>1458.1483643798752</FC>
      <LP>0.85403444304118659</LP>
      <BETA>3.7197873842064211</BETA>
    </VegetationZoneParameters>
  </VegetationZone>
  <SubCatchment>
    <SubCatchmentParameters>
      <KSI>0.001</KSI>
      <KGmin>0.05</KGmin>
      <RangeKG>0.1</RangeKG>
      <AG>0.1</AG>
      <PERC>1.5189087013463192</PERC>
      <Alpha>0</Alpha>
      <UZL>148.79540004213521</UZL>
      <K0>0.54178422370888291</K0>
      <K1>0.099601672449238163</K1>
      <K2>0.0237484470437288</K2>
      <MAXBAS>1</MAXBAS>
      <Cet>0</Cet>
      <PCALT>10</PCALT>
      <TCALT>0.6</TCALT>
      <Pelev>2541</Pelev>
      <Telev>2541</Telev>
      <PART>0.5</PART>
      <DELAY>1</DELAY>
    </SubCatchmentParameters>
    <SubCatchmentVegetationZone>
      <SubCatchmentVegetationZoneParameters>
        <TT>-0.29426474576730993</TT>
        <CFMAX>2.3923932587612624</CFMAX>
        <SP>0</SP>
        <SFCF>1.4489825396913776</SFCF>
        <CFR>1.9592091363971004E-07</CFR>
        <CWH>0.10000003470348018</CWH>
        <CFGlacier>1</CFGlacier>
        <CFSlope>1</CFSlope>
        <FC>1458.1483643798752</FC>
        <LP>0.85403444304118659</LP>
        <BETA>3.7197873842064211</BETA>
      </SubCatchmentVegetationZoneParameters>
    </SubCatchmentVegetationZone>
  </SubCatchment>
</Catchment>