<?xml version="1.0" encoding="utf-8"?>
<Catchment xmlns:xsi="http://www.w3.org/2001/XMLSchema-instance" xmlns:xsd="http://www.w3.org/2001/XMLSchema">
  <CatchmentParameters>
    <KSI>0.001</KSI>
    <KGmin>0.05</KGmin>
    <RangeKG>0.1</RangeKG>
    <AG>0.1</AG>
    <PERC>1.3768848003275134</PERC>
    <Alpha>0</Alpha>
    <UZL>197.7255686599822</UZL>
    <K0>0.13376535099707521</K0>
    <K1>0.079749942810165009</K1>
    <K2>0.023312979579570837</K2>
    <MAXBAS>1</MAXBAS>
    <Cet>0</Cet>
    <PCALT>10</PCALT>
    <TCALT>0.6</TCALT>
    <Pelev>2541</Pelev>
    <Telev>2541</Telev>
    <PART>0.5</PART>
    <DELAY>1</DELAY>
  </CatchmentParameters>
  <VegetationZone>
    <VegetationZoneParameters>
      <TT>0.011789096689484708</TT>
      <CFMAX>2.7368909935622496</CFMAX>
      <SP>0</SP>
      <SFCF>1.4134305832632039</SFCF>
      <CFR>7.3532378567977879E-10</CFR>
      <CWH>0.10000006132726148</CWH>
      <CFGlacier>1</CFGlacier>
      <CFSlope>1</CFSlope>
      <FC>1378.1929495304314</FC>
      <LP>0.8164078605449373</LP>
      <BETA>2.9760111678132755</BETA>
    </VegetationZoneParameters>
  </VegetationZone>
  <SubCatchment>
    <SubCatchmentParameters>
      <KSI>0.001</KSI>
      <KGmin>0.05</KGmin>
      <RangeKG>0.1</RangeKG>
      <AG>0.1</AG>
      <PERC>1.3768848003275134</PERC>
      <Alpha>0</Alpha>
      <UZL>197.7255686599822</UZL>
      <K0>0.13376535099707521</K0>
      <K1>0.079749942810165009</K1>
      <K2>0.023312979579570837</K2>
      <MAXBAS>1</MAXBAS>
      <Cet>0</Cet>
      <PCALT>10</PCALT>
      <TCALT>0.6</TCALT>
      <Pelev>2541</Pelev>
      <Telev>2541</Telev>
      <PART>0.5</PART>
      <DELAY>1</DELAY>
    </SubCatchmentParameters>
    <SubCatchmentVegetationZone>
      <SubCatchmentVegetationZoneParameters>
        <TT>0.011789096689484708</TT>
        <CFMAX>2.7368909935622496</CFMAX>
        <SP>0</SP>
        <SFCF>1.4134305832632039</SFCF>
        <CFR>7.3532378567977879E-10</CFR>
        <CWH>0.10000006132726148</CWH>
        <CFGlacier>1</CFGlacier>
        <CFSlope>1</CFSlope>
        <FC>1378.1929495304314</FC>
        <LP>0.8164078605449373</LP>
        <BETA>2.9760111678132755</BETA>
      </SubCatchmentVegetationZoneParameters>
    </SubCatchmentVegetationZone>
  </SubCatchment>
</Catchment>