<?xml version="1.0" encoding="utf-8"?>
<Catchment xmlns:xsi="http://www.w3.org/2001/XMLSchema-instance" xmlns:xsd="http://www.w3.org/2001/XMLSchema">
  <CatchmentParameters>
    <KSI>0.001</KSI>
    <KGmin>0.05</KGmin>
    <RangeKG>0.1</RangeKG>
    <AG>0.1</AG>
    <PERC>5.7356908246313223</PERC>
    <Alpha>0</Alpha>
    <UZL>23.006321351985861</UZL>
    <K0>0.65676562631623736</K0>
    <K1>0.14865919791138196</K1>
    <K2>0.10045327612448173</K2>
    <MAXBAS>1.91710296921895</MAXBAS>
    <Cet>0</Cet>
    <PCALT>10</PCALT>
    <TCALT>0.6</TCALT>
    <Pelev>2541</Pelev>
    <Telev>2541</Telev>
    <PART>0.5</PART>
    <DELAY>1</DELAY>
  </CatchmentParameters>
  <VegetationZone>
    <VegetationZoneParameters>
      <TT>-1.7327438408348435</TT>
      <CFMAX>1.0016817780859453</CFMAX>
      <SP>0</SP>
      <SFCF>1.282875883835549</SFCF>
      <CFR>0.099998506136819779</CFR>
      <CWH>0.12906705813506927</CWH>
      <CFGlacier>1</CFGlacier>
      <CFSlope>1</CFSlope>
      <FC>523.00684666225584</FC>
      <LP>0.60514335718713985</LP>
      <BETA>2.2204841607196739</BETA>
    </VegetationZoneParameters>
  </VegetationZone>
  <SubCatchment>
    <SubCatchmentParameters>
      <KSI>0.001</KSI>
      <KGmin>0.05</KGmin>
      <RangeKG>0.1</RangeKG>
      <AG>0.1</AG>
      <PERC>5.7356908246313223</PERC>
      <Alpha>0</Alpha>
      <UZL>23.006321351985861</UZL>
      <K0>0.65676562631623736</K0>
      <K1>0.14865919791138196</K1>
      <K2>0.10045327612448173</K2>
      <MAXBAS>1.91710296921895</MAXBAS>
      <Cet>0</Cet>
      <PCALT>10</PCALT>
      <TCALT>0.6</TCALT>
      <Pelev>2541</Pelev>
      <Telev>2541</Telev>
      <PART>0.5</PART>
      <DELAY>1</DELAY>
    </SubCatchmentParameters>
    <SubCatchmentVegetationZone>
      <SubCatchmentVegetationZoneParameters>
        <TT>-1.7327438408348435</TT>
        <CFMAX>1.0016817780859453</CFMAX>
        <SP>0</SP>
        <SFCF>1.282875883835549</SFCF>
        <CFR>0.099998506136819779</CFR>
        <CWH>0.12906705813506927</CWH>
        <CFGlacier>1</CFGlacier>
        <CFSlope>1</CFSlope>
        <FC>523.00684666225584</FC>
        <LP>0.60514335718713985</LP>
        <BETA>2.2204841607196739</BETA>
      </SubCatchmentVegetationZoneParameters>
    </SubCatchmentVegetationZone>
  </SubCatchment>
</Catchment>