<?xml version="1.0" encoding="utf-8"?>
<Catchment xmlns:xsi="http://www.w3.org/2001/XMLSchema-instance" xmlns:xsd="http://www.w3.org/2001/XMLSchema">
  <CatchmentParameters>
    <KSI>0.001</KSI>
    <KGmin>0.05</KGmin>
    <RangeKG>0.1</RangeKG>
    <AG>0.1</AG>
    <PERC>8.8989800385446145</PERC>
    <Alpha>0</Alpha>
    <UZL>107.29611362155548</UZL>
    <K0>0.52514035857738162</K0>
    <K1>0.39369500372097282</K1>
    <K2>0.098108078862957582</K2>
    <MAXBAS>2.4999896273228</MAXBAS>
    <Cet>0</Cet>
    <PCALT>10</PCALT>
    <TCALT>0.6</TCALT>
    <Pelev>2541</Pelev>
    <Telev>2541</Telev>
    <PART>0.5</PART>
    <DELAY>1</DELAY>
  </CatchmentParameters>
  <VegetationZone>
    <VegetationZoneParameters>
      <TT>-0.29426111705366476</TT>
      <CFMAX>1.2391579927234444</CFMAX>
      <SP>0</SP>
      <SFCF>0.98126047989854837</SFCF>
      <CFR>0.019306648963674383</CFR>
      <CWH>0.10000028693772359</CWH>
      <CFGlacier>1</CFGlacier>
      <CFSlope>1</CFSlope>
      <FC>294.65894496091738</FC>
      <LP>0.30000234180852275</LP>
      <BETA>2.0928148786709451</BETA>
    </VegetationZoneParameters>
  </VegetationZone>
  <SubCatchment>
    <SubCatchmentParameters>
      <KSI>0.001</KSI>
      <KGmin>0.05</KGmin>
      <RangeKG>0.1</RangeKG>
      <AG>0.1</AG>
      <PERC>8.8989800385446145</PERC>
      <Alpha>0</Alpha>
      <UZL>107.29611362155548</UZL>
      <K0>0.52514035857738162</K0>
      <K1>0.39369500372097282</K1>
      <K2>0.098108078862957582</K2>
      <MAXBAS>2.4999896273228</MAXBAS>
      <Cet>0</Cet>
      <PCALT>10</PCALT>
      <TCALT>0.6</TCALT>
      <Pelev>2541</Pelev>
      <Telev>2541</Telev>
      <PART>0.5</PART>
      <DELAY>1</DELAY>
    </SubCatchmentParameters>
    <SubCatchmentVegetationZone>
      <SubCatchmentVegetationZoneParameters>
        <TT>-0.29426111705366476</TT>
        <CFMAX>1.2391579927234444</CFMAX>
        <SP>0</SP>
        <SFCF>0.98126047989854837</SFCF>
        <CFR>0.019306648963674383</CFR>
        <CWH>0.10000028693772359</CWH>
        <CFGlacier>1</CFGlacier>
        <CFSlope>1</CFSlope>
        <FC>294.65894496091738</FC>
        <LP>0.30000234180852275</LP>
        <BETA>2.0928148786709451</BETA>
      </SubCatchmentVegetationZoneParameters>
    </SubCatchmentVegetationZone>
  </SubCatchment>
</Catchment>