<?xml version="1.0" encoding="utf-8"?>
<Catchment xmlns:xsi="http://www.w3.org/2001/XMLSchema-instance" xmlns:xsd="http://www.w3.org/2001/XMLSchema">
  <CatchmentParameters>
    <KSI>0.001</KSI>
    <KGmin>0.05</KGmin>
    <RangeKG>0.1</RangeKG>
    <AG>0.1</AG>
    <PERC>1.2479862741545782</PERC>
    <Alpha>0</Alpha>
    <UZL>122.91893303058136</UZL>
    <K0>0.5969620049944635</K0>
    <K1>0.095187956714154073</K1>
    <K2>0.022669522386670745</K2>
    <MAXBAS>1</MAXBAS>
    <Cet>0</Cet>
    <PCALT>10</PCALT>
    <TCALT>0.6</TCALT>
    <Pelev>2541</Pelev>
    <Telev>2541</Telev>
    <PART>0.5</PART>
    <DELAY>1</DELAY>
  </CatchmentParameters>
  <VegetationZone>
    <VegetationZoneParameters>
      <TT>-0.550741885706028</TT>
      <CFMAX>2.1507775441257739</CFMAX>
      <SP>0</SP>
      <SFCF>1.4396356280241054</SFCF>
      <CFR>4.2213776838319213E-08</CFR>
      <CWH>0.10000000401311293</CWH>
      <CFGlacier>1</CFGlacier>
      <CFSlope>1</CFSlope>
      <FC>1485.821932176463</FC>
      <LP>0.90290502322233845</LP>
      <BETA>3.9624669028851334</BETA>
    </VegetationZoneParameters>
  </VegetationZone>
  <SubCatchment>
    <SubCatchmentParameters>
      <KSI>0.001</KSI>
      <KGmin>0.05</KGmin>
      <RangeKG>0.1</RangeKG>
      <AG>0.1</AG>
      <PERC>1.2479862741545782</PERC>
      <Alpha>0</Alpha>
      <UZL>122.91893303058136</UZL>
      <K0>0.5969620049944635</K0>
      <K1>0.095187956714154073</K1>
      <K2>0.022669522386670745</K2>
      <MAXBAS>1</MAXBAS>
      <Cet>0</Cet>
      <PCALT>10</PCALT>
      <TCALT>0.6</TCALT>
      <Pelev>2541</Pelev>
      <Telev>2541</Telev>
      <PART>0.5</PART>
      <DELAY>1</DELAY>
    </SubCatchmentParameters>
    <SubCatchmentVegetationZone>
      <SubCatchmentVegetationZoneParameters>
        <TT>-0.550741885706028</TT>
        <CFMAX>2.1507775441257739</CFMAX>
        <SP>0</SP>
        <SFCF>1.4396356280241054</SFCF>
        <CFR>4.2213776838319213E-08</CFR>
        <CWH>0.10000000401311293</CWH>
        <CFGlacier>1</CFGlacier>
        <CFSlope>1</CFSlope>
        <FC>1485.821932176463</FC>
        <LP>0.90290502322233845</LP>
        <BETA>3.9624669028851334</BETA>
      </SubCatchmentVegetationZoneParameters>
    </SubCatchmentVegetationZone>
  </SubCatchment>
</Catchment>