<?xml version="1.0" encoding="utf-8"?>
<Catchment xmlns:xsi="http://www.w3.org/2001/XMLSchema-instance" xmlns:xsd="http://www.w3.org/2001/XMLSchema">
  <CatchmentParameters>
    <KSI>0.001</KSI>
    <KGmin>0.05</KGmin>
    <RangeKG>0.1</RangeKG>
    <AG>0.1</AG>
    <PERC>9.108796344382208</PERC>
    <Alpha>0</Alpha>
    <UZL>117.95859560414519</UZL>
    <K0>0.286977849647886</K0>
    <K1>0.38957997128114796</K1>
    <K2>0.096903967868361543</K2>
    <MAXBAS>2.4999640652897783</MAXBAS>
    <Cet>0</Cet>
    <PCALT>10</PCALT>
    <TCALT>0.6</TCALT>
    <Pelev>2541</Pelev>
    <Telev>2541</Telev>
    <PART>0.5</PART>
    <DELAY>1</DELAY>
  </CatchmentParameters>
  <VegetationZone>
    <VegetationZoneParameters>
      <TT>-0.29427292088180534</TT>
      <CFMAX>1.2631349711051196</CFMAX>
      <SP>0</SP>
      <SFCF>0.967121375113158</SFCF>
      <CFR>0.099998740801704761</CFR>
      <CWH>0.10000031549652072</CWH>
      <CFGlacier>1</CFGlacier>
      <CFSlope>1</CFSlope>
      <FC>281.61975862557051</FC>
      <LP>0.30000172129176006</LP>
      <BETA>2.2301518190714975</BETA>
    </VegetationZoneParameters>
  </VegetationZone>
  <SubCatchment>
    <SubCatchmentParameters>
      <KSI>0.001</KSI>
      <KGmin>0.05</KGmin>
      <RangeKG>0.1</RangeKG>
      <AG>0.1</AG>
      <PERC>9.108796344382208</PERC>
      <Alpha>0</Alpha>
      <UZL>117.95859560414519</UZL>
      <K0>0.286977849647886</K0>
      <K1>0.38957997128114796</K1>
      <K2>0.096903967868361543</K2>
      <MAXBAS>2.4999640652897783</MAXBAS>
      <Cet>0</Cet>
      <PCALT>10</PCALT>
      <TCALT>0.6</TCALT>
      <Pelev>2541</Pelev>
      <Telev>2541</Telev>
      <PART>0.5</PART>
      <DELAY>1</DELAY>
    </SubCatchmentParameters>
    <SubCatchmentVegetationZone>
      <SubCatchmentVegetationZoneParameters>
        <TT>-0.29427292088180534</TT>
        <CFMAX>1.2631349711051196</CFMAX>
        <SP>0</SP>
        <SFCF>0.967121375113158</SFCF>
        <CFR>0.099998740801704761</CFR>
        <CWH>0.10000031549652072</CWH>
        <CFGlacier>1</CFGlacier>
        <CFSlope>1</CFSlope>
        <FC>281.61975862557051</FC>
        <LP>0.30000172129176006</LP>
        <BETA>2.2301518190714975</BETA>
      </SubCatchmentVegetationZoneParameters>
    </SubCatchmentVegetationZone>
  </SubCatchment>
</Catchment>