<?xml version="1.0" encoding="utf-8"?>
<Catchment xmlns:xsi="http://www.w3.org/2001/XMLSchema-instance" xmlns:xsd="http://www.w3.org/2001/XMLSchema">
  <CatchmentParameters>
    <KSI>0.001</KSI>
    <KGmin>0.05</KGmin>
    <RangeKG>0.1</RangeKG>
    <AG>0.1</AG>
    <PERC>9.99999188386081</PERC>
    <Alpha>0</Alpha>
    <UZL>111.71673987474503</UZL>
    <K0>0.14615629773788505</K0>
    <K1>0.5193849841642415</K1>
    <K2>0.10555540745345265</K2>
    <MAXBAS>2.4776022915971629</MAXBAS>
    <Cet>0</Cet>
    <PCALT>10</PCALT>
    <TCALT>0.6</TCALT>
    <Pelev>2541</Pelev>
    <Telev>2541</Telev>
    <PART>0.5</PART>
    <DELAY>1</DELAY>
  </CatchmentParameters>
  <VegetationZone>
    <VegetationZoneParameters>
      <TT>-0.8713024644626145</TT>
      <CFMAX>1.1895500704889197</CFMAX>
      <SP>0</SP>
      <SFCF>1.1475604661332266</SFCF>
      <CFR>0.077626156510079453</CFR>
      <CWH>0.10000000004481853</CWH>
      <CFGlacier>1</CFGlacier>
      <CFSlope>1</CFSlope>
      <FC>452.17633232445655</FC>
      <LP>0.61992272930527226</LP>
      <BETA>2.3248642054001727</BETA>
    </VegetationZoneParameters>
  </VegetationZone>
  <SubCatchment>
    <SubCatchmentParameters>
      <KSI>0.001</KSI>
      <KGmin>0.05</KGmin>
      <RangeKG>0.1</RangeKG>
      <AG>0.1</AG>
      <PERC>9.99999188386081</PERC>
      <Alpha>0</Alpha>
      <UZL>111.71673987474503</UZL>
      <K0>0.14615629773788505</K0>
      <K1>0.5193849841642415</K1>
      <K2>0.10555540745345265</K2>
      <MAXBAS>2.4776022915971629</MAXBAS>
      <Cet>0</Cet>
      <PCALT>10</PCALT>
      <TCALT>0.6</TCALT>
      <Pelev>2541</Pelev>
      <Telev>2541</Telev>
      <PART>0.5</PART>
      <DELAY>1</DELAY>
    </SubCatchmentParameters>
    <SubCatchmentVegetationZone>
      <SubCatchmentVegetationZoneParameters>
        <TT>-0.8713024644626145</TT>
        <CFMAX>1.1895500704889197</CFMAX>
        <SP>0</SP>
        <SFCF>1.1475604661332266</SFCF>
        <CFR>0.077626156510079453</CFR>
        <CWH>0.10000000004481853</CWH>
        <CFGlacier>1</CFGlacier>
        <CFSlope>1</CFSlope>
        <FC>452.17633232445655</FC>
        <LP>0.61992272930527226</LP>
        <BETA>2.3248642054001727</BETA>
      </SubCatchmentVegetationZoneParameters>
    </SubCatchmentVegetationZone>
  </SubCatchment>
</Catchment>