<?xml version="1.0" encoding="utf-8"?>
<Catchment xmlns:xsi="http://www.w3.org/2001/XMLSchema-instance" xmlns:xsd="http://www.w3.org/2001/XMLSchema">
  <CatchmentParameters>
    <KSI>0.001</KSI>
    <KGmin>0.05</KGmin>
    <RangeKG>0.1</RangeKG>
    <AG>0.1</AG>
    <PERC>3.6118823947698533</PERC>
    <Alpha>0</Alpha>
    <UZL>166.2552024291042</UZL>
    <K0>0.534376671814855</K0>
    <K1>0.11597122343938884</K1>
    <K2>0.0550832248010728</K2>
    <MAXBAS>1.7581343978175674</MAXBAS>
    <Cet>0</Cet>
    <PCALT>10</PCALT>
    <TCALT>0.6</TCALT>
    <Pelev>2541</Pelev>
    <Telev>2541</Telev>
    <PART>0.5</PART>
    <DELAY>1</DELAY>
  </CatchmentParameters>
  <VegetationZone>
    <VegetationZoneParameters>
      <TT>0.16220531844403074</TT>
      <CFMAX>1.9882894402955693</CFMAX>
      <SP>0</SP>
      <SFCF>1.1207853133939281</SFCF>
      <CFR>0.038033050954387582</CFR>
      <CWH>0.10000000003502854</CWH>
      <CFGlacier>1</CFGlacier>
      <CFSlope>1</CFSlope>
      <FC>528.61667496028576</FC>
      <LP>0.62751786180578972</LP>
      <BETA>1.3743696007450854</BETA>
    </VegetationZoneParameters>
  </VegetationZone>
  <SubCatchment>
    <SubCatchmentParameters>
      <KSI>0.001</KSI>
      <KGmin>0.05</KGmin>
      <RangeKG>0.1</RangeKG>
      <AG>0.1</AG>
      <PERC>3.6118823947698533</PERC>
      <Alpha>0</Alpha>
      <UZL>166.2552024291042</UZL>
      <K0>0.534376671814855</K0>
      <K1>0.11597122343938884</K1>
      <K2>0.0550832248010728</K2>
      <MAXBAS>1.7581343978175674</MAXBAS>
      <Cet>0</Cet>
      <PCALT>10</PCALT>
      <TCALT>0.6</TCALT>
      <Pelev>2541</Pelev>
      <Telev>2541</Telev>
      <PART>0.5</PART>
      <DELAY>1</DELAY>
    </SubCatchmentParameters>
    <SubCatchmentVegetationZone>
      <SubCatchmentVegetationZoneParameters>
        <TT>0.16220531844403074</TT>
        <CFMAX>1.9882894402955693</CFMAX>
        <SP>0</SP>
        <SFCF>1.1207853133939281</SFCF>
        <CFR>0.038033050954387582</CFR>
        <CWH>0.10000000003502854</CWH>
        <CFGlacier>1</CFGlacier>
        <CFSlope>1</CFSlope>
        <FC>528.61667496028576</FC>
        <LP>0.62751786180578972</LP>
        <BETA>1.3743696007450854</BETA>
      </SubCatchmentVegetationZoneParameters>
    </SubCatchmentVegetationZone>
  </SubCatchment>
</Catchment>