<?xml version="1.0" encoding="utf-8"?>
<Catchment xmlns:xsi="http://www.w3.org/2001/XMLSchema-instance" xmlns:xsd="http://www.w3.org/2001/XMLSchema">
  <CatchmentParameters>
    <KSI>0.001</KSI>
    <KGmin>0.05</KGmin>
    <RangeKG>0.1</RangeKG>
    <AG>0.1</AG>
    <PERC>0.76477074238817833</PERC>
    <Alpha>0</Alpha>
    <UZL>185.15134935790189</UZL>
    <K0>0.95282797751849646</K0>
    <K1>0.07967242348195723</K1>
    <K2>0.018342503898514308</K2>
    <MAXBAS>1</MAXBAS>
    <Cet>0</Cet>
    <PCALT>10</PCALT>
    <TCALT>0.6</TCALT>
    <Pelev>2541</Pelev>
    <Telev>2541</Telev>
    <PART>0.5</PART>
    <DELAY>1</DELAY>
  </CatchmentParameters>
  <VegetationZone>
    <VegetationZoneParameters>
      <TT>0.2012347809582126</TT>
      <CFMAX>2.1765834749699091</CFMAX>
      <SP>0</SP>
      <SFCF>1.1998523972751012</SFCF>
      <CFR>4.6815832020197122E-07</CFR>
      <CWH>0.10000004720826845</CWH>
      <CFGlacier>1</CFGlacier>
      <CFSlope>1</CFSlope>
      <FC>619.50401071981264</FC>
      <LP>0.742936977829615</LP>
      <BETA>1.7282484742665141</BETA>
    </VegetationZoneParameters>
  </VegetationZone>
  <SubCatchment>
    <SubCatchmentParameters>
      <KSI>0.001</KSI>
      <KGmin>0.05</KGmin>
      <RangeKG>0.1</RangeKG>
      <AG>0.1</AG>
      <PERC>0.76477074238817833</PERC>
      <Alpha>0</Alpha>
      <UZL>185.15134935790189</UZL>
      <K0>0.95282797751849646</K0>
      <K1>0.07967242348195723</K1>
      <K2>0.018342503898514308</K2>
      <MAXBAS>1</MAXBAS>
      <Cet>0</Cet>
      <PCALT>10</PCALT>
      <TCALT>0.6</TCALT>
      <Pelev>2541</Pelev>
      <Telev>2541</Telev>
      <PART>0.5</PART>
      <DELAY>1</DELAY>
    </SubCatchmentParameters>
    <SubCatchmentVegetationZone>
      <SubCatchmentVegetationZoneParameters>
        <TT>0.2012347809582126</TT>
        <CFMAX>2.1765834749699091</CFMAX>
        <SP>0</SP>
        <SFCF>1.1998523972751012</SFCF>
        <CFR>4.6815832020197122E-07</CFR>
        <CWH>0.10000004720826845</CWH>
        <CFGlacier>1</CFGlacier>
        <CFSlope>1</CFSlope>
        <FC>619.50401071981264</FC>
        <LP>0.742936977829615</LP>
        <BETA>1.7282484742665141</BETA>
      </SubCatchmentVegetationZoneParameters>
    </SubCatchmentVegetationZone>
  </SubCatchment>
</Catchment>