<?xml version="1.0" encoding="utf-8"?>
<Catchment xmlns:xsi="http://www.w3.org/2001/XMLSchema-instance" xmlns:xsd="http://www.w3.org/2001/XMLSchema">
  <CatchmentParameters>
    <KSI>0.001</KSI>
    <KGmin>0.05</KGmin>
    <RangeKG>0.1</RangeKG>
    <AG>0.1</AG>
    <PERC>0.855655266482398</PERC>
    <Alpha>0</Alpha>
    <UZL>168.37982304014921</UZL>
    <K0>0.51036174346249652</K0>
    <K1>0.073924370127690958</K1>
    <K2>0.020171193599639151</K2>
    <MAXBAS>1</MAXBAS>
    <Cet>0</Cet>
    <PCALT>10</PCALT>
    <TCALT>0.6</TCALT>
    <Pelev>2541</Pelev>
    <Telev>2541</Telev>
    <PART>0.5</PART>
    <DELAY>1</DELAY>
  </CatchmentParameters>
  <VegetationZone>
    <VegetationZoneParameters>
      <TT>0.38013928005214276</TT>
      <CFMAX>2.9515288844169816</CFMAX>
      <SP>0</SP>
      <SFCF>1.3933816472278822</SFCF>
      <CFR>1.025181941931106E-07</CFR>
      <CWH>0.10000009649571044</CWH>
      <CFGlacier>1</CFGlacier>
      <CFSlope>1</CFSlope>
      <FC>1400.309339648089</FC>
      <LP>0.79895032929713694</LP>
      <BETA>2.8972066997127497</BETA>
    </VegetationZoneParameters>
  </VegetationZone>
  <SubCatchment>
    <SubCatchmentParameters>
      <KSI>0.001</KSI>
      <KGmin>0.05</KGmin>
      <RangeKG>0.1</RangeKG>
      <AG>0.1</AG>
      <PERC>0.855655266482398</PERC>
      <Alpha>0</Alpha>
      <UZL>168.37982304014921</UZL>
      <K0>0.51036174346249652</K0>
      <K1>0.073924370127690958</K1>
      <K2>0.020171193599639151</K2>
      <MAXBAS>1</MAXBAS>
      <Cet>0</Cet>
      <PCALT>10</PCALT>
      <TCALT>0.6</TCALT>
      <Pelev>2541</Pelev>
      <Telev>2541</Telev>
      <PART>0.5</PART>
      <DELAY>1</DELAY>
    </SubCatchmentParameters>
    <SubCatchmentVegetationZone>
      <SubCatchmentVegetationZoneParameters>
        <TT>0.38013928005214276</TT>
        <CFMAX>2.9515288844169816</CFMAX>
        <SP>0</SP>
        <SFCF>1.3933816472278822</SFCF>
        <CFR>1.025181941931106E-07</CFR>
        <CWH>0.10000009649571044</CWH>
        <CFGlacier>1</CFGlacier>
        <CFSlope>1</CFSlope>
        <FC>1400.309339648089</FC>
        <LP>0.79895032929713694</LP>
        <BETA>2.8972066997127497</BETA>
      </SubCatchmentVegetationZoneParameters>
    </SubCatchmentVegetationZone>
  </SubCatchment>
</Catchment>