<?xml version="1.0" encoding="utf-8"?>
<Catchment xmlns:xsi="http://www.w3.org/2001/XMLSchema-instance" xmlns:xsd="http://www.w3.org/2001/XMLSchema">
  <CatchmentParameters>
    <KSI>0.001</KSI>
    <KGmin>0.05</KGmin>
    <RangeKG>0.1</RangeKG>
    <AG>0.1</AG>
    <PERC>8.4227381449809489</PERC>
    <Alpha>0</Alpha>
    <UZL>113.28372682075509</UZL>
    <K0>0.53198960998194489</K0>
    <K1>0.39268926602929621</K1>
    <K2>0.10646082669861622</K2>
    <MAXBAS>2.4999738541981542</MAXBAS>
    <Cet>0</Cet>
    <PCALT>10</PCALT>
    <TCALT>0.6</TCALT>
    <Pelev>2541</Pelev>
    <Telev>2541</Telev>
    <PART>0.5</PART>
    <DELAY>1</DELAY>
  </CatchmentParameters>
  <VegetationZone>
    <VegetationZoneParameters>
      <TT>-0.72049564480919981</TT>
      <CFMAX>1.1579122686617214</CFMAX>
      <SP>0</SP>
      <SFCF>1.037605943002847</SFCF>
      <CFR>0.099999995851575582</CFR>
      <CWH>0.10000063247579216</CWH>
      <CFGlacier>1</CFGlacier>
      <CFSlope>1</CFSlope>
      <FC>335.17381194130684</FC>
      <LP>0.30000021870286719</LP>
      <BETA>2.0518299565214875</BETA>
    </VegetationZoneParameters>
  </VegetationZone>
  <SubCatchment>
    <SubCatchmentParameters>
      <KSI>0.001</KSI>
      <KGmin>0.05</KGmin>
      <RangeKG>0.1</RangeKG>
      <AG>0.1</AG>
      <PERC>8.4227381449809489</PERC>
      <Alpha>0</Alpha>
      <UZL>113.28372682075509</UZL>
      <K0>0.53198960998194489</K0>
      <K1>0.39268926602929621</K1>
      <K2>0.10646082669861622</K2>
      <MAXBAS>2.4999738541981542</MAXBAS>
      <Cet>0</Cet>
      <PCALT>10</PCALT>
      <TCALT>0.6</TCALT>
      <Pelev>2541</Pelev>
      <Telev>2541</Telev>
      <PART>0.5</PART>
      <DELAY>1</DELAY>
    </SubCatchmentParameters>
    <SubCatchmentVegetationZone>
      <SubCatchmentVegetationZoneParameters>
        <TT>-0.72049564480919981</TT>
        <CFMAX>1.1579122686617214</CFMAX>
        <SP>0</SP>
        <SFCF>1.037605943002847</SFCF>
        <CFR>0.099999995851575582</CFR>
        <CWH>0.10000063247579216</CWH>
        <CFGlacier>1</CFGlacier>
        <CFSlope>1</CFSlope>
        <FC>335.17381194130684</FC>
        <LP>0.30000021870286719</LP>
        <BETA>2.0518299565214875</BETA>
      </SubCatchmentVegetationZoneParameters>
    </SubCatchmentVegetationZone>
  </SubCatchment>
</Catchment>