<?xml version="1.0" encoding="utf-8"?>
<Catchment xmlns:xsi="http://www.w3.org/2001/XMLSchema-instance" xmlns:xsd="http://www.w3.org/2001/XMLSchema">
  <CatchmentParameters>
    <KSI>0.001</KSI>
    <KGmin>0.05</KGmin>
    <RangeKG>0.1</RangeKG>
    <AG>0.1</AG>
    <PERC>9.99997958808273</PERC>
    <Alpha>0</Alpha>
    <UZL>110.6029325169588</UZL>
    <K0>0.18512074982713073</K0>
    <K1>0.51276232399047028</K1>
    <K2>0.10976488172774568</K2>
    <MAXBAS>2.3905317068681593</MAXBAS>
    <Cet>0</Cet>
    <PCALT>10</PCALT>
    <TCALT>0.6</TCALT>
    <Pelev>2541</Pelev>
    <Telev>2541</Telev>
    <PART>0.5</PART>
    <DELAY>1</DELAY>
  </CatchmentParameters>
  <VegetationZone>
    <VegetationZoneParameters>
      <TT>-0.94799978342015867</TT>
      <CFMAX>1.1342686937805515</CFMAX>
      <SP>0</SP>
      <SFCF>1.0920540515711315</SFCF>
      <CFR>0.099997802968189928</CFR>
      <CWH>0.12919316606124107</CWH>
      <CFGlacier>1</CFGlacier>
      <CFSlope>1</CFSlope>
      <FC>418.866359899231</FC>
      <LP>0.58856367238212</LP>
      <BETA>2.3323946981631742</BETA>
    </VegetationZoneParameters>
  </VegetationZone>
  <SubCatchment>
    <SubCatchmentParameters>
      <KSI>0.001</KSI>
      <KGmin>0.05</KGmin>
      <RangeKG>0.1</RangeKG>
      <AG>0.1</AG>
      <PERC>9.99997958808273</PERC>
      <Alpha>0</Alpha>
      <UZL>110.6029325169588</UZL>
      <K0>0.18512074982713073</K0>
      <K1>0.51276232399047028</K1>
      <K2>0.10976488172774568</K2>
      <MAXBAS>2.3905317068681593</MAXBAS>
      <Cet>0</Cet>
      <PCALT>10</PCALT>
      <TCALT>0.6</TCALT>
      <Pelev>2541</Pelev>
      <Telev>2541</Telev>
      <PART>0.5</PART>
      <DELAY>1</DELAY>
    </SubCatchmentParameters>
    <SubCatchmentVegetationZone>
      <SubCatchmentVegetationZoneParameters>
        <TT>-0.94799978342015867</TT>
        <CFMAX>1.1342686937805515</CFMAX>
        <SP>0</SP>
        <SFCF>1.0920540515711315</SFCF>
        <CFR>0.099997802968189928</CFR>
        <CWH>0.12919316606124107</CWH>
        <CFGlacier>1</CFGlacier>
        <CFSlope>1</CFSlope>
        <FC>418.866359899231</FC>
        <LP>0.58856367238212</LP>
        <BETA>2.3323946981631742</BETA>
      </SubCatchmentVegetationZoneParameters>
    </SubCatchmentVegetationZone>
  </SubCatchment>
</Catchment>