<?xml version="1.0" encoding="utf-8"?>
<Catchment xmlns:xsi="http://www.w3.org/2001/XMLSchema-instance" xmlns:xsd="http://www.w3.org/2001/XMLSchema">
  <CatchmentParameters>
    <KSI>0.001</KSI>
    <KGmin>0.05</KGmin>
    <RangeKG>0.1</RangeKG>
    <AG>0.1</AG>
    <PERC>1.4468155446117759</PERC>
    <Alpha>0</Alpha>
    <UZL>66.904705239577922</UZL>
    <K0>0.98986697991981465</K0>
    <K1>0.098973606420447752</K1>
    <K2>0.02661117646710293</K2>
    <MAXBAS>1</MAXBAS>
    <Cet>0</Cet>
    <PCALT>10</PCALT>
    <TCALT>0.6</TCALT>
    <Pelev>2541</Pelev>
    <Telev>2541</Telev>
    <PART>0.5</PART>
    <DELAY>1</DELAY>
  </CatchmentParameters>
  <VegetationZone>
    <VegetationZoneParameters>
      <TT>-1.499999910871693</TT>
      <CFMAX>1.4013212229947423</CFMAX>
      <SP>0</SP>
      <SFCF>1.3016602010452576</SFCF>
      <CFR>0.030798033766199925</CFR>
      <CWH>0.10000006675677688</CWH>
      <CFGlacier>1</CFGlacier>
      <CFSlope>1</CFSlope>
      <FC>666.87442567552728</FC>
      <LP>0.80224264667668943</LP>
      <BETA>2.2582903532614393</BETA>
    </VegetationZoneParameters>
  </VegetationZone>
  <SubCatchment>
    <SubCatchmentParameters>
      <KSI>0.001</KSI>
      <KGmin>0.05</KGmin>
      <RangeKG>0.1</RangeKG>
      <AG>0.1</AG>
      <PERC>1.4468155446117759</PERC>
      <Alpha>0</Alpha>
      <UZL>66.904705239577922</UZL>
      <K0>0.98986697991981465</K0>
      <K1>0.098973606420447752</K1>
      <K2>0.02661117646710293</K2>
      <MAXBAS>1</MAXBAS>
      <Cet>0</Cet>
      <PCALT>10</PCALT>
      <TCALT>0.6</TCALT>
      <Pelev>2541</Pelev>
      <Telev>2541</Telev>
      <PART>0.5</PART>
      <DELAY>1</DELAY>
    </SubCatchmentParameters>
    <SubCatchmentVegetationZone>
      <SubCatchmentVegetationZoneParameters>
        <TT>-1.499999910871693</TT>
        <CFMAX>1.4013212229947423</CFMAX>
        <SP>0</SP>
        <SFCF>1.3016602010452576</SFCF>
        <CFR>0.030798033766199925</CFR>
        <CWH>0.10000006675677688</CWH>
        <CFGlacier>1</CFGlacier>
        <CFSlope>1</CFSlope>
        <FC>666.87442567552728</FC>
        <LP>0.80224264667668943</LP>
        <BETA>2.2582903532614393</BETA>
      </SubCatchmentVegetationZoneParameters>
    </SubCatchmentVegetationZone>
  </SubCatchment>
</Catchment>