<?xml version="1.0" encoding="utf-8"?>
<Catchment xmlns:xsi="http://www.w3.org/2001/XMLSchema-instance" xmlns:xsd="http://www.w3.org/2001/XMLSchema">
  <CatchmentParameters>
    <KSI>0.001</KSI>
    <KGmin>0.05</KGmin>
    <RangeKG>0.1</RangeKG>
    <AG>0.1</AG>
    <PERC>9.899595678585797</PERC>
    <Alpha>0</Alpha>
    <UZL>122.96379568294719</UZL>
    <K0>0.503321306035202</K0>
    <K1>0.39611059698376777</K1>
    <K2>0.0868055129290463</K2>
    <MAXBAS>2.4999975728853325</MAXBAS>
    <Cet>0</Cet>
    <PCALT>10</PCALT>
    <TCALT>0.6</TCALT>
    <Pelev>2541</Pelev>
    <Telev>2541</Telev>
    <PART>0.5</PART>
    <DELAY>1</DELAY>
  </CatchmentParameters>
  <VegetationZone>
    <VegetationZoneParameters>
      <TT>0.28200245101120341</TT>
      <CFMAX>1.3472261929985421</CFMAX>
      <SP>0</SP>
      <SFCF>0.86931521879816953</SFCF>
      <CFR>2.3123875920169599E-07</CFR>
      <CWH>0.10000020460558316</CWH>
      <CFGlacier>1</CFGlacier>
      <CFSlope>1</CFSlope>
      <FC>220.19781472532142</FC>
      <LP>0.30000611361208585</LP>
      <BETA>3.7552843703294863</BETA>
    </VegetationZoneParameters>
  </VegetationZone>
  <SubCatchment>
    <SubCatchmentParameters>
      <KSI>0.001</KSI>
      <KGmin>0.05</KGmin>
      <RangeKG>0.1</RangeKG>
      <AG>0.1</AG>
      <PERC>9.899595678585797</PERC>
      <Alpha>0</Alpha>
      <UZL>122.96379568294719</UZL>
      <K0>0.503321306035202</K0>
      <K1>0.39611059698376777</K1>
      <K2>0.0868055129290463</K2>
      <MAXBAS>2.4999975728853325</MAXBAS>
      <Cet>0</Cet>
      <PCALT>10</PCALT>
      <TCALT>0.6</TCALT>
      <Pelev>2541</Pelev>
      <Telev>2541</Telev>
      <PART>0.5</PART>
      <DELAY>1</DELAY>
    </SubCatchmentParameters>
    <SubCatchmentVegetationZone>
      <SubCatchmentVegetationZoneParameters>
        <TT>0.28200245101120341</TT>
        <CFMAX>1.3472261929985421</CFMAX>
        <SP>0</SP>
        <SFCF>0.86931521879816953</SFCF>
        <CFR>2.3123875920169599E-07</CFR>
        <CWH>0.10000020460558316</CWH>
        <CFGlacier>1</CFGlacier>
        <CFSlope>1</CFSlope>
        <FC>220.19781472532142</FC>
        <LP>0.30000611361208585</LP>
        <BETA>3.7552843703294863</BETA>
      </SubCatchmentVegetationZoneParameters>
    </SubCatchmentVegetationZone>
  </SubCatchment>
</Catchment>