<?xml version="1.0" encoding="utf-8"?>
<Catchment xmlns:xsi="http://www.w3.org/2001/XMLSchema-instance" xmlns:xsd="http://www.w3.org/2001/XMLSchema">
  <CatchmentParameters>
    <KSI>0.001</KSI>
    <KGmin>0.05</KGmin>
    <RangeKG>0.1</RangeKG>
    <AG>0.1</AG>
    <PERC>9.9999898773408855</PERC>
    <Alpha>0</Alpha>
    <UZL>120.80311086868593</UZL>
    <K0>0.40462881054687933</K0>
    <K1>0.339727104152822</K1>
    <K2>0.081198406877685717</K2>
    <MAXBAS>2.4999971671513408</MAXBAS>
    <Cet>0</Cet>
    <PCALT>10</PCALT>
    <TCALT>0.6</TCALT>
    <Pelev>2541</Pelev>
    <Telev>2541</Telev>
    <PART>0.5</PART>
    <DELAY>1</DELAY>
  </CatchmentParameters>
  <VegetationZone>
    <VegetationZoneParameters>
      <TT>0.09145555351885537</TT>
      <CFMAX>1.6238493210919653</CFMAX>
      <SP>0</SP>
      <SFCF>1.0285625602832205</SFCF>
      <CFR>7.31001769874273E-08</CFR>
      <CWH>0.10000019101029686</CWH>
      <CFGlacier>1</CFGlacier>
      <CFSlope>1</CFSlope>
      <FC>360.06574170946482</FC>
      <LP>0.38326569479485451</LP>
      <BETA>1.4319336209831781</BETA>
    </VegetationZoneParameters>
  </VegetationZone>
  <SubCatchment>
    <SubCatchmentParameters>
      <KSI>0.001</KSI>
      <KGmin>0.05</KGmin>
      <RangeKG>0.1</RangeKG>
      <AG>0.1</AG>
      <PERC>9.9999898773408855</PERC>
      <Alpha>0</Alpha>
      <UZL>120.80311086868593</UZL>
      <K0>0.40462881054687933</K0>
      <K1>0.339727104152822</K1>
      <K2>0.081198406877685717</K2>
      <MAXBAS>2.4999971671513408</MAXBAS>
      <Cet>0</Cet>
      <PCALT>10</PCALT>
      <TCALT>0.6</TCALT>
      <Pelev>2541</Pelev>
      <Telev>2541</Telev>
      <PART>0.5</PART>
      <DELAY>1</DELAY>
    </SubCatchmentParameters>
    <SubCatchmentVegetationZone>
      <SubCatchmentVegetationZoneParameters>
        <TT>0.09145555351885537</TT>
        <CFMAX>1.6238493210919653</CFMAX>
        <SP>0</SP>
        <SFCF>1.0285625602832205</SFCF>
        <CFR>7.31001769874273E-08</CFR>
        <CWH>0.10000019101029686</CWH>
        <CFGlacier>1</CFGlacier>
        <CFSlope>1</CFSlope>
        <FC>360.06574170946482</FC>
        <LP>0.38326569479485451</LP>
        <BETA>1.4319336209831781</BETA>
      </SubCatchmentVegetationZoneParameters>
    </SubCatchmentVegetationZone>
  </SubCatchment>
</Catchment>