<?xml version="1.0" encoding="utf-8"?>
<Catchment xmlns:xsi="http://www.w3.org/2001/XMLSchema-instance" xmlns:xsd="http://www.w3.org/2001/XMLSchema">
  <CatchmentParameters>
    <KSI>0.001</KSI>
    <KGmin>0.05</KGmin>
    <RangeKG>0.1</RangeKG>
    <AG>0.1</AG>
    <PERC>3.7550025952598491</PERC>
    <Alpha>0</Alpha>
    <UZL>163.4716342663298</UZL>
    <K0>0.05745172908028752</K0>
    <K1>0.17016456023292684</K1>
    <K2>0.072530511160859124</K2>
    <MAXBAS>1.7705432186533443</MAXBAS>
    <Cet>0</Cet>
    <PCALT>10</PCALT>
    <TCALT>0.6</TCALT>
    <Pelev>2541</Pelev>
    <Telev>2541</Telev>
    <PART>0.5</PART>
    <DELAY>1</DELAY>
  </CatchmentParameters>
  <VegetationZone>
    <VegetationZoneParameters>
      <TT>-0.76447136079445865</TT>
      <CFMAX>1.3741901081997654</CFMAX>
      <SP>0</SP>
      <SFCF>1.1664468740332561</SFCF>
      <CFR>0.099995638614181273</CFR>
      <CWH>0.10000016291262148</CWH>
      <CFGlacier>1</CFGlacier>
      <CFSlope>1</CFSlope>
      <FC>519.32257380120564</FC>
      <LP>0.71481211252417287</LP>
      <BETA>2.0108637110150567</BETA>
    </VegetationZoneParameters>
  </VegetationZone>
  <SubCatchment>
    <SubCatchmentParameters>
      <KSI>0.001</KSI>
      <KGmin>0.05</KGmin>
      <RangeKG>0.1</RangeKG>
      <AG>0.1</AG>
      <PERC>3.7550025952598491</PERC>
      <Alpha>0</Alpha>
      <UZL>163.4716342663298</UZL>
      <K0>0.05745172908028752</K0>
      <K1>0.17016456023292684</K1>
      <K2>0.072530511160859124</K2>
      <MAXBAS>1.7705432186533443</MAXBAS>
      <Cet>0</Cet>
      <PCALT>10</PCALT>
      <TCALT>0.6</TCALT>
      <Pelev>2541</Pelev>
      <Telev>2541</Telev>
      <PART>0.5</PART>
      <DELAY>1</DELAY>
    </SubCatchmentParameters>
    <SubCatchmentVegetationZone>
      <SubCatchmentVegetationZoneParameters>
        <TT>-0.76447136079445865</TT>
        <CFMAX>1.3741901081997654</CFMAX>
        <SP>0</SP>
        <SFCF>1.1664468740332561</SFCF>
        <CFR>0.099995638614181273</CFR>
        <CWH>0.10000016291262148</CWH>
        <CFGlacier>1</CFGlacier>
        <CFSlope>1</CFSlope>
        <FC>519.32257380120564</FC>
        <LP>0.71481211252417287</LP>
        <BETA>2.0108637110150567</BETA>
      </SubCatchmentVegetationZoneParameters>
    </SubCatchmentVegetationZone>
  </SubCatchment>
</Catchment>