<?xml version="1.0" encoding="utf-8"?>
<Catchment xmlns:xsi="http://www.w3.org/2001/XMLSchema-instance" xmlns:xsd="http://www.w3.org/2001/XMLSchema">
  <CatchmentParameters>
    <KSI>0.001</KSI>
    <KGmin>0.05</KGmin>
    <RangeKG>0.1</RangeKG>
    <AG>0.1</AG>
    <PERC>9.9129105301401665</PERC>
    <Alpha>0</Alpha>
    <UZL>99.355691153695815</UZL>
    <K0>0.32656376171062024</K0>
    <K1>0.47031789666812074</K1>
    <K2>0.10740243153726872</K2>
    <MAXBAS>2.3292081852188988</MAXBAS>
    <Cet>0</Cet>
    <PCALT>10</PCALT>
    <TCALT>0.6</TCALT>
    <Pelev>2541</Pelev>
    <Telev>2541</Telev>
    <PART>0.5</PART>
    <DELAY>1</DELAY>
  </CatchmentParameters>
  <VegetationZone>
    <VegetationZoneParameters>
      <TT>-0.94798914008191881</TT>
      <CFMAX>1.1631311810795395</CFMAX>
      <SP>0</SP>
      <SFCF>1.1158969665254876</SFCF>
      <CFR>0.099995724280235329</CFR>
      <CWH>0.11823427078673879</CWH>
      <CFGlacier>1</CFGlacier>
      <CFSlope>1</CFSlope>
      <FC>398.75394295590866</FC>
      <LP>0.44935422125546209</LP>
      <BETA>2.0926126345658256</BETA>
    </VegetationZoneParameters>
  </VegetationZone>
  <SubCatchment>
    <SubCatchmentParameters>
      <KSI>0.001</KSI>
      <KGmin>0.05</KGmin>
      <RangeKG>0.1</RangeKG>
      <AG>0.1</AG>
      <PERC>9.9129105301401665</PERC>
      <Alpha>0</Alpha>
      <UZL>99.355691153695815</UZL>
      <K0>0.32656376171062024</K0>
      <K1>0.47031789666812074</K1>
      <K2>0.10740243153726872</K2>
      <MAXBAS>2.3292081852188988</MAXBAS>
      <Cet>0</Cet>
      <PCALT>10</PCALT>
      <TCALT>0.6</TCALT>
      <Pelev>2541</Pelev>
      <Telev>2541</Telev>
      <PART>0.5</PART>
      <DELAY>1</DELAY>
    </SubCatchmentParameters>
    <SubCatchmentVegetationZone>
      <SubCatchmentVegetationZoneParameters>
        <TT>-0.94798914008191881</TT>
        <CFMAX>1.1631311810795395</CFMAX>
        <SP>0</SP>
        <SFCF>1.1158969665254876</SFCF>
        <CFR>0.099995724280235329</CFR>
        <CWH>0.11823427078673879</CWH>
        <CFGlacier>1</CFGlacier>
        <CFSlope>1</CFSlope>
        <FC>398.75394295590866</FC>
        <LP>0.44935422125546209</LP>
        <BETA>2.0926126345658256</BETA>
      </SubCatchmentVegetationZoneParameters>
    </SubCatchmentVegetationZone>
  </SubCatchment>
</Catchment>