<?xml version="1.0" encoding="utf-8"?>
<Catchment xmlns:xsi="http://www.w3.org/2001/XMLSchema-instance" xmlns:xsd="http://www.w3.org/2001/XMLSchema">
  <CatchmentParameters>
    <KSI>0.001</KSI>
    <KGmin>0.05</KGmin>
    <RangeKG>0.1</RangeKG>
    <AG>0.1</AG>
    <PERC>8.5896015551941058</PERC>
    <Alpha>0</Alpha>
    <UZL>109.83018257702427</UZL>
    <K0>0.058478342173239328</K0>
    <K1>0.40111262974666023</K1>
    <K2>0.11623319936747309</K2>
    <MAXBAS>1.7903239045416062</MAXBAS>
    <Cet>0</Cet>
    <PCALT>10</PCALT>
    <TCALT>0.6</TCALT>
    <Pelev>2541</Pelev>
    <Telev>2541</Telev>
    <PART>0.5</PART>
    <DELAY>1</DELAY>
  </CatchmentParameters>
  <VegetationZone>
    <VegetationZoneParameters>
      <TT>-1.5433970624878046</TT>
      <CFMAX>1.0541094523629786</CFMAX>
      <SP>0</SP>
      <SFCF>1.2287485625957368</SFCF>
      <CFR>0.099999961592208808</CFR>
      <CWH>0.13809858999513358</CWH>
      <CFGlacier>1</CFGlacier>
      <CFSlope>1</CFSlope>
      <FC>583.7755871641607</FC>
      <LP>0.74109192707620419</LP>
      <BETA>2.7569421819489532</BETA>
    </VegetationZoneParameters>
  </VegetationZone>
  <SubCatchment>
    <SubCatchmentParameters>
      <KSI>0.001</KSI>
      <KGmin>0.05</KGmin>
      <RangeKG>0.1</RangeKG>
      <AG>0.1</AG>
      <PERC>8.5896015551941058</PERC>
      <Alpha>0</Alpha>
      <UZL>109.83018257702427</UZL>
      <K0>0.058478342173239328</K0>
      <K1>0.40111262974666023</K1>
      <K2>0.11623319936747309</K2>
      <MAXBAS>1.7903239045416062</MAXBAS>
      <Cet>0</Cet>
      <PCALT>10</PCALT>
      <TCALT>0.6</TCALT>
      <Pelev>2541</Pelev>
      <Telev>2541</Telev>
      <PART>0.5</PART>
      <DELAY>1</DELAY>
    </SubCatchmentParameters>
    <SubCatchmentVegetationZone>
      <SubCatchmentVegetationZoneParameters>
        <TT>-1.5433970624878046</TT>
        <CFMAX>1.0541094523629786</CFMAX>
        <SP>0</SP>
        <SFCF>1.2287485625957368</SFCF>
        <CFR>0.099999961592208808</CFR>
        <CWH>0.13809858999513358</CWH>
        <CFGlacier>1</CFGlacier>
        <CFSlope>1</CFSlope>
        <FC>583.7755871641607</FC>
        <LP>0.74109192707620419</LP>
        <BETA>2.7569421819489532</BETA>
      </SubCatchmentVegetationZoneParameters>
    </SubCatchmentVegetationZone>
  </SubCatchment>
</Catchment>