<?xml version="1.0" encoding="utf-8"?>
<Catchment xmlns:xsi="http://www.w3.org/2001/XMLSchema-instance" xmlns:xsd="http://www.w3.org/2001/XMLSchema">
  <CatchmentParameters>
    <KSI>0.001</KSI>
    <KGmin>0.05</KGmin>
    <RangeKG>0.1</RangeKG>
    <AG>0.1</AG>
    <PERC>1.3322968275402438</PERC>
    <Alpha>0</Alpha>
    <UZL>153.66167193278227</UZL>
    <K0>0.24541708370941856</K0>
    <K1>0.10245405927015724</K1>
    <K2>0.023041724603662949</K2>
    <MAXBAS>1</MAXBAS>
    <Cet>0</Cet>
    <PCALT>10</PCALT>
    <TCALT>0.6</TCALT>
    <Pelev>2541</Pelev>
    <Telev>2541</Telev>
    <PART>0.5</PART>
    <DELAY>1</DELAY>
  </CatchmentParameters>
  <VegetationZone>
    <VegetationZoneParameters>
      <TT>-0.30684444544163469</TT>
      <CFMAX>1.9464593221646982</CFMAX>
      <SP>0</SP>
      <SFCF>1.2709889526292206</SFCF>
      <CFR>2.4629677827013441E-07</CFR>
      <CWH>0.10000000025267811</CWH>
      <CFGlacier>1</CFGlacier>
      <CFSlope>1</CFSlope>
      <FC>891.49280267332745</FC>
      <LP>0.95212818158230761</LP>
      <BETA>2.9100160671576547</BETA>
    </VegetationZoneParameters>
  </VegetationZone>
  <SubCatchment>
    <SubCatchmentParameters>
      <KSI>0.001</KSI>
      <KGmin>0.05</KGmin>
      <RangeKG>0.1</RangeKG>
      <AG>0.1</AG>
      <PERC>1.3322968275402438</PERC>
      <Alpha>0</Alpha>
      <UZL>153.66167193278227</UZL>
      <K0>0.24541708370941856</K0>
      <K1>0.10245405927015724</K1>
      <K2>0.023041724603662949</K2>
      <MAXBAS>1</MAXBAS>
      <Cet>0</Cet>
      <PCALT>10</PCALT>
      <TCALT>0.6</TCALT>
      <Pelev>2541</Pelev>
      <Telev>2541</Telev>
      <PART>0.5</PART>
      <DELAY>1</DELAY>
    </SubCatchmentParameters>
    <SubCatchmentVegetationZone>
      <SubCatchmentVegetationZoneParameters>
        <TT>-0.30684444544163469</TT>
        <CFMAX>1.9464593221646982</CFMAX>
        <SP>0</SP>
        <SFCF>1.2709889526292206</SFCF>
        <CFR>2.4629677827013441E-07</CFR>
        <CWH>0.10000000025267811</CWH>
        <CFGlacier>1</CFGlacier>
        <CFSlope>1</CFSlope>
        <FC>891.49280267332745</FC>
        <LP>0.95212818158230761</LP>
        <BETA>2.9100160671576547</BETA>
      </SubCatchmentVegetationZoneParameters>
    </SubCatchmentVegetationZone>
  </SubCatchment>
</Catchment>