<?xml version="1.0" encoding="utf-8"?>
<Catchment xmlns:xsi="http://www.w3.org/2001/XMLSchema-instance" xmlns:xsd="http://www.w3.org/2001/XMLSchema">
  <CatchmentParameters>
    <KSI>0.001</KSI>
    <KGmin>0.05</KGmin>
    <RangeKG>0.1</RangeKG>
    <AG>0.1</AG>
    <PERC>9.3985731503152987</PERC>
    <Alpha>0</Alpha>
    <UZL>178.65858547002438</UZL>
    <K0>0.5162987895667851</K0>
    <K1>0.43172349038812413</K1>
    <K2>0.10766912085295136</K2>
    <MAXBAS>2.4999872052553274</MAXBAS>
    <Cet>0</Cet>
    <PCALT>10</PCALT>
    <TCALT>0.6</TCALT>
    <Pelev>2541</Pelev>
    <Telev>2541</Telev>
    <PART>0.5</PART>
    <DELAY>1</DELAY>
  </CatchmentParameters>
  <VegetationZone>
    <VegetationZoneParameters>
      <TT>-0.6576381091385064</TT>
      <CFMAX>1.2361346337719275</CFMAX>
      <SP>0</SP>
      <SFCF>1.0789947477655701</SFCF>
      <CFR>0.081707504307949069</CFR>
      <CWH>0.10000006059826307</CWH>
      <CFGlacier>1</CFGlacier>
      <CFSlope>1</CFSlope>
      <FC>410.96443207773518</FC>
      <LP>0.62149995103990674</LP>
      <BETA>2.3487915803090411</BETA>
    </VegetationZoneParameters>
  </VegetationZone>
  <SubCatchment>
    <SubCatchmentParameters>
      <KSI>0.001</KSI>
      <KGmin>0.05</KGmin>
      <RangeKG>0.1</RangeKG>
      <AG>0.1</AG>
      <PERC>9.3985731503152987</PERC>
      <Alpha>0</Alpha>
      <UZL>178.65858547002438</UZL>
      <K0>0.5162987895667851</K0>
      <K1>0.43172349038812413</K1>
      <K2>0.10766912085295136</K2>
      <MAXBAS>2.4999872052553274</MAXBAS>
      <Cet>0</Cet>
      <PCALT>10</PCALT>
      <TCALT>0.6</TCALT>
      <Pelev>2541</Pelev>
      <Telev>2541</Telev>
      <PART>0.5</PART>
      <DELAY>1</DELAY>
    </SubCatchmentParameters>
    <SubCatchmentVegetationZone>
      <SubCatchmentVegetationZoneParameters>
        <TT>-0.6576381091385064</TT>
        <CFMAX>1.2361346337719275</CFMAX>
        <SP>0</SP>
        <SFCF>1.0789947477655701</SFCF>
        <CFR>0.081707504307949069</CFR>
        <CWH>0.10000006059826307</CWH>
        <CFGlacier>1</CFGlacier>
        <CFSlope>1</CFSlope>
        <FC>410.96443207773518</FC>
        <LP>0.62149995103990674</LP>
        <BETA>2.3487915803090411</BETA>
      </SubCatchmentVegetationZoneParameters>
    </SubCatchmentVegetationZone>
  </SubCatchment>
</Catchment>