<?xml version="1.0" encoding="utf-8"?>
<Catchment xmlns:xsi="http://www.w3.org/2001/XMLSchema-instance" xmlns:xsd="http://www.w3.org/2001/XMLSchema">
  <CatchmentParameters>
    <KSI>0.001</KSI>
    <KGmin>0.05</KGmin>
    <RangeKG>0.1</RangeKG>
    <AG>0.1</AG>
    <PERC>9.5378582553892262</PERC>
    <Alpha>0</Alpha>
    <UZL>70.612039927750146</UZL>
    <K0>0.523712809967953</K0>
    <K1>0.419122709181409</K1>
    <K2>0.11078052120337703</K2>
    <MAXBAS>2.0382952955424951</MAXBAS>
    <Cet>0</Cet>
    <PCALT>10</PCALT>
    <TCALT>0.6</TCALT>
    <Pelev>2541</Pelev>
    <Telev>2541</Telev>
    <PART>0.5</PART>
    <DELAY>1</DELAY>
  </CatchmentParameters>
  <VegetationZone>
    <VegetationZoneParameters>
      <TT>-1.2577136641970883</TT>
      <CFMAX>1.1497771052644412</CFMAX>
      <SP>0</SP>
      <SFCF>1.2173901590247538</SFCF>
      <CFR>0.099996926245949483</CFR>
      <CWH>0.11829086392313741</CWH>
      <CFGlacier>1</CFGlacier>
      <CFSlope>1</CFSlope>
      <FC>433.91062995053079</FC>
      <LP>0.3000040783446043</LP>
      <BETA>1.7969377873975174</BETA>
    </VegetationZoneParameters>
  </VegetationZone>
  <SubCatchment>
    <SubCatchmentParameters>
      <KSI>0.001</KSI>
      <KGmin>0.05</KGmin>
      <RangeKG>0.1</RangeKG>
      <AG>0.1</AG>
      <PERC>9.5378582553892262</PERC>
      <Alpha>0</Alpha>
      <UZL>70.612039927750146</UZL>
      <K0>0.523712809967953</K0>
      <K1>0.419122709181409</K1>
      <K2>0.11078052120337703</K2>
      <MAXBAS>2.0382952955424951</MAXBAS>
      <Cet>0</Cet>
      <PCALT>10</PCALT>
      <TCALT>0.6</TCALT>
      <Pelev>2541</Pelev>
      <Telev>2541</Telev>
      <PART>0.5</PART>
      <DELAY>1</DELAY>
    </SubCatchmentParameters>
    <SubCatchmentVegetationZone>
      <SubCatchmentVegetationZoneParameters>
        <TT>-1.2577136641970883</TT>
        <CFMAX>1.1497771052644412</CFMAX>
        <SP>0</SP>
        <SFCF>1.2173901590247538</SFCF>
        <CFR>0.099996926245949483</CFR>
        <CWH>0.11829086392313741</CWH>
        <CFGlacier>1</CFGlacier>
        <CFSlope>1</CFSlope>
        <FC>433.91062995053079</FC>
        <LP>0.3000040783446043</LP>
        <BETA>1.7969377873975174</BETA>
      </SubCatchmentVegetationZoneParameters>
    </SubCatchmentVegetationZone>
  </SubCatchment>
</Catchment>