<?xml version="1.0" encoding="utf-8"?>
<Catchment xmlns:xsi="http://www.w3.org/2001/XMLSchema-instance" xmlns:xsd="http://www.w3.org/2001/XMLSchema">
  <CatchmentParameters>
    <KSI>0.001</KSI>
    <KGmin>0.05</KGmin>
    <RangeKG>0.1</RangeKG>
    <AG>0.1</AG>
    <PERC>1.0026882990817694</PERC>
    <Alpha>0</Alpha>
    <UZL>169.50388418910225</UZL>
    <K0>0.32755709850924253</K0>
    <K1>0.10024731101367043</K1>
    <K2>0.022422902340650946</K2>
    <MAXBAS>1</MAXBAS>
    <Cet>0</Cet>
    <PCALT>10</PCALT>
    <TCALT>0.6</TCALT>
    <Pelev>2541</Pelev>
    <Telev>2541</Telev>
    <PART>0.5</PART>
    <DELAY>1</DELAY>
  </CatchmentParameters>
  <VegetationZone>
    <VegetationZoneParameters>
      <TT>-0.40137284973193793</TT>
      <CFMAX>1.6558691720764098</CFMAX>
      <SP>0</SP>
      <SFCF>1.1791381848560798</SFCF>
      <CFR>1.2976864229854071E-07</CFR>
      <CWH>0.10000007813482656</CWH>
      <CFGlacier>1</CFGlacier>
      <CFSlope>1</CFSlope>
      <FC>554.173692991376</FC>
      <LP>0.79761015667580948</LP>
      <BETA>1.9248498794432372</BETA>
    </VegetationZoneParameters>
  </VegetationZone>
  <SubCatchment>
    <SubCatchmentParameters>
      <KSI>0.001</KSI>
      <KGmin>0.05</KGmin>
      <RangeKG>0.1</RangeKG>
      <AG>0.1</AG>
      <PERC>1.0026882990817694</PERC>
      <Alpha>0</Alpha>
      <UZL>169.50388418910225</UZL>
      <K0>0.32755709850924253</K0>
      <K1>0.10024731101367043</K1>
      <K2>0.022422902340650946</K2>
      <MAXBAS>1</MAXBAS>
      <Cet>0</Cet>
      <PCALT>10</PCALT>
      <TCALT>0.6</TCALT>
      <Pelev>2541</Pelev>
      <Telev>2541</Telev>
      <PART>0.5</PART>
      <DELAY>1</DELAY>
    </SubCatchmentParameters>
    <SubCatchmentVegetationZone>
      <SubCatchmentVegetationZoneParameters>
        <TT>-0.40137284973193793</TT>
        <CFMAX>1.6558691720764098</CFMAX>
        <SP>0</SP>
        <SFCF>1.1791381848560798</SFCF>
        <CFR>1.2976864229854071E-07</CFR>
        <CWH>0.10000007813482656</CWH>
        <CFGlacier>1</CFGlacier>
        <CFSlope>1</CFSlope>
        <FC>554.173692991376</FC>
        <LP>0.79761015667580948</LP>
        <BETA>1.9248498794432372</BETA>
      </SubCatchmentVegetationZoneParameters>
    </SubCatchmentVegetationZone>
  </SubCatchment>
</Catchment>