<?xml version="1.0" encoding="utf-8"?>
<Catchment xmlns:xsi="http://www.w3.org/2001/XMLSchema-instance" xmlns:xsd="http://www.w3.org/2001/XMLSchema">
  <CatchmentParameters>
    <KSI>0.001</KSI>
    <KGmin>0.05</KGmin>
    <RangeKG>0.1</RangeKG>
    <AG>0.1</AG>
    <PERC>6.7278865543101052</PERC>
    <Alpha>0</Alpha>
    <UZL>198.14110070368096</UZL>
    <K0>0.58373184442261217</K0>
    <K1>0.33487311787966129</K1>
    <K2>0.1077212976567986</K2>
    <MAXBAS>1.7392364637751168</MAXBAS>
    <Cet>0</Cet>
    <PCALT>10</PCALT>
    <TCALT>0.6</TCALT>
    <Pelev>2541</Pelev>
    <Telev>2541</Telev>
    <PART>0.5</PART>
    <DELAY>1</DELAY>
  </CatchmentParameters>
  <VegetationZone>
    <VegetationZoneParameters>
      <TT>-1.4918136580972568</TT>
      <CFMAX>1.0149553000971261</CFMAX>
      <SP>0</SP>
      <SFCF>1.1841631071257219</SFCF>
      <CFR>0.099999999899930359</CFR>
      <CWH>0.14893503052610743</CWH>
      <CFGlacier>1</CFGlacier>
      <CFSlope>1</CFSlope>
      <FC>437.88538796031173</FC>
      <LP>0.34754607210420962</LP>
      <BETA>1.9178886278005667</BETA>
    </VegetationZoneParameters>
  </VegetationZone>
  <SubCatchment>
    <SubCatchmentParameters>
      <KSI>0.001</KSI>
      <KGmin>0.05</KGmin>
      <RangeKG>0.1</RangeKG>
      <AG>0.1</AG>
      <PERC>6.7278865543101052</PERC>
      <Alpha>0</Alpha>
      <UZL>198.14110070368096</UZL>
      <K0>0.58373184442261217</K0>
      <K1>0.33487311787966129</K1>
      <K2>0.1077212976567986</K2>
      <MAXBAS>1.7392364637751168</MAXBAS>
      <Cet>0</Cet>
      <PCALT>10</PCALT>
      <TCALT>0.6</TCALT>
      <Pelev>2541</Pelev>
      <Telev>2541</Telev>
      <PART>0.5</PART>
      <DELAY>1</DELAY>
    </SubCatchmentParameters>
    <SubCatchmentVegetationZone>
      <SubCatchmentVegetationZoneParameters>
        <TT>-1.4918136580972568</TT>
        <CFMAX>1.0149553000971261</CFMAX>
        <SP>0</SP>
        <SFCF>1.1841631071257219</SFCF>
        <CFR>0.099999999899930359</CFR>
        <CWH>0.14893503052610743</CWH>
        <CFGlacier>1</CFGlacier>
        <CFSlope>1</CFSlope>
        <FC>437.88538796031173</FC>
        <LP>0.34754607210420962</LP>
        <BETA>1.9178886278005667</BETA>
      </SubCatchmentVegetationZoneParameters>
    </SubCatchmentVegetationZone>
  </SubCatchment>
</Catchment>