<?xml version="1.0" encoding="utf-8"?>
<Catchment xmlns:xsi="http://www.w3.org/2001/XMLSchema-instance" xmlns:xsd="http://www.w3.org/2001/XMLSchema">
  <CatchmentParameters>
    <KSI>0.001</KSI>
    <KGmin>0.05</KGmin>
    <RangeKG>0.1</RangeKG>
    <AG>0.1</AG>
    <PERC>0.72052352874632408</PERC>
    <Alpha>0</Alpha>
    <UZL>126.77556959991276</UZL>
    <K0>0.2550707372670713</K0>
    <K1>0.10803155475479773</K1>
    <K2>0.015909130337358066</K2>
    <MAXBAS>1</MAXBAS>
    <Cet>0</Cet>
    <PCALT>10</PCALT>
    <TCALT>0.6</TCALT>
    <Pelev>2541</Pelev>
    <Telev>2541</Telev>
    <PART>0.5</PART>
    <DELAY>1</DELAY>
  </CatchmentParameters>
  <VegetationZone>
    <VegetationZoneParameters>
      <TT>-0.6576436443914897</TT>
      <CFMAX>1.2867763029927415</CFMAX>
      <SP>0</SP>
      <SFCF>1.0746679148303957</SFCF>
      <CFR>0.099989117213414747</CFR>
      <CWH>0.10000002099987136</CWH>
      <CFGlacier>1</CFGlacier>
      <CFSlope>1</CFSlope>
      <FC>397.87087199093259</FC>
      <LP>0.80419511579030722</LP>
      <BETA>2.1882552816016556</BETA>
    </VegetationZoneParameters>
  </VegetationZone>
  <SubCatchment>
    <SubCatchmentParameters>
      <KSI>0.001</KSI>
      <KGmin>0.05</KGmin>
      <RangeKG>0.1</RangeKG>
      <AG>0.1</AG>
      <PERC>0.72052352874632408</PERC>
      <Alpha>0</Alpha>
      <UZL>126.77556959991276</UZL>
      <K0>0.2550707372670713</K0>
      <K1>0.10803155475479773</K1>
      <K2>0.015909130337358066</K2>
      <MAXBAS>1</MAXBAS>
      <Cet>0</Cet>
      <PCALT>10</PCALT>
      <TCALT>0.6</TCALT>
      <Pelev>2541</Pelev>
      <Telev>2541</Telev>
      <PART>0.5</PART>
      <DELAY>1</DELAY>
    </SubCatchmentParameters>
    <SubCatchmentVegetationZone>
      <SubCatchmentVegetationZoneParameters>
        <TT>-0.6576436443914897</TT>
        <CFMAX>1.2867763029927415</CFMAX>
        <SP>0</SP>
        <SFCF>1.0746679148303957</SFCF>
        <CFR>0.099989117213414747</CFR>
        <CWH>0.10000002099987136</CWH>
        <CFGlacier>1</CFGlacier>
        <CFSlope>1</CFSlope>
        <FC>397.87087199093259</FC>
        <LP>0.80419511579030722</LP>
        <BETA>2.1882552816016556</BETA>
      </SubCatchmentVegetationZoneParameters>
    </SubCatchmentVegetationZone>
  </SubCatchment>
</Catchment>