<?xml version="1.0" encoding="utf-8"?>
<Catchment xmlns:xsi="http://www.w3.org/2001/XMLSchema-instance" xmlns:xsd="http://www.w3.org/2001/XMLSchema">
  <CatchmentParameters>
    <KSI>0.001</KSI>
    <KGmin>0.05</KGmin>
    <RangeKG>0.1</RangeKG>
    <AG>0.1</AG>
    <PERC>8.400823726039123</PERC>
    <Alpha>0</Alpha>
    <UZL>146.63175209243158</UZL>
    <K0>0.37228508715978414</K0>
    <K1>0.40919512821684806</K1>
    <K2>0.11272392240724397</K2>
    <MAXBAS>1.7814470678804242</MAXBAS>
    <Cet>0</Cet>
    <PCALT>10</PCALT>
    <TCALT>0.6</TCALT>
    <Pelev>2541</Pelev>
    <Telev>2541</Telev>
    <PART>0.5</PART>
    <DELAY>1</DELAY>
  </CatchmentParameters>
  <VegetationZone>
    <VegetationZoneParameters>
      <TT>-1.4761607861917139</TT>
      <CFMAX>1.0154162888775347</CFMAX>
      <SP>0</SP>
      <SFCF>1.1682913683900855</SFCF>
      <CFR>0.099998476102198489</CFR>
      <CWH>0.16554926007866791</CWH>
      <CFGlacier>1</CFGlacier>
      <CFSlope>1</CFSlope>
      <FC>609.17987081772333</FC>
      <LP>0.91135745379057909</LP>
      <BETA>3.2905975800256968</BETA>
    </VegetationZoneParameters>
  </VegetationZone>
  <SubCatchment>
    <SubCatchmentParameters>
      <KSI>0.001</KSI>
      <KGmin>0.05</KGmin>
      <RangeKG>0.1</RangeKG>
      <AG>0.1</AG>
      <PERC>8.400823726039123</PERC>
      <Alpha>0</Alpha>
      <UZL>146.63175209243158</UZL>
      <K0>0.37228508715978414</K0>
      <K1>0.40919512821684806</K1>
      <K2>0.11272392240724397</K2>
      <MAXBAS>1.7814470678804242</MAXBAS>
      <Cet>0</Cet>
      <PCALT>10</PCALT>
      <TCALT>0.6</TCALT>
      <Pelev>2541</Pelev>
      <Telev>2541</Telev>
      <PART>0.5</PART>
      <DELAY>1</DELAY>
    </SubCatchmentParameters>
    <SubCatchmentVegetationZone>
      <SubCatchmentVegetationZoneParameters>
        <TT>-1.4761607861917139</TT>
        <CFMAX>1.0154162888775347</CFMAX>
        <SP>0</SP>
        <SFCF>1.1682913683900855</SFCF>
        <CFR>0.099998476102198489</CFR>
        <CWH>0.16554926007866791</CWH>
        <CFGlacier>1</CFGlacier>
        <CFSlope>1</CFSlope>
        <FC>609.17987081772333</FC>
        <LP>0.91135745379057909</LP>
        <BETA>3.2905975800256968</BETA>
      </SubCatchmentVegetationZoneParameters>
    </SubCatchmentVegetationZone>
  </SubCatchment>
</Catchment>