<?xml version="1.0" encoding="utf-8"?>
<Catchment xmlns:xsi="http://www.w3.org/2001/XMLSchema-instance" xmlns:xsd="http://www.w3.org/2001/XMLSchema">
  <CatchmentParameters>
    <KSI>0.001</KSI>
    <KGmin>0.05</KGmin>
    <RangeKG>0.1</RangeKG>
    <AG>0.1</AG>
    <PERC>9.99983844132412</PERC>
    <Alpha>0</Alpha>
    <UZL>192.58170860068591</UZL>
    <K0>0.93067215852527019</K0>
    <K1>0.46067316145327913</K1>
    <K2>0.11616413186664226</K2>
    <MAXBAS>1.8820191594040521</MAXBAS>
    <Cet>0</Cet>
    <PCALT>10</PCALT>
    <TCALT>0.6</TCALT>
    <Pelev>2541</Pelev>
    <Telev>2541</Telev>
    <PART>0.5</PART>
    <DELAY>1</DELAY>
  </CatchmentParameters>
  <VegetationZone>
    <VegetationZoneParameters>
      <TT>-1.4762994792967774</TT>
      <CFMAX>1.0852367245364278</CFMAX>
      <SP>0</SP>
      <SFCF>1.2427706692741432</SFCF>
      <CFR>0.099998211779163709</CFR>
      <CWH>0.12484595386987589</CWH>
      <CFGlacier>1</CFGlacier>
      <CFSlope>1</CFSlope>
      <FC>453.30348456796423</FC>
      <LP>0.34794009485836042</LP>
      <BETA>1.9175076672194713</BETA>
    </VegetationZoneParameters>
  </VegetationZone>
  <SubCatchment>
    <SubCatchmentParameters>
      <KSI>0.001</KSI>
      <KGmin>0.05</KGmin>
      <RangeKG>0.1</RangeKG>
      <AG>0.1</AG>
      <PERC>9.99983844132412</PERC>
      <Alpha>0</Alpha>
      <UZL>192.58170860068591</UZL>
      <K0>0.93067215852527019</K0>
      <K1>0.46067316145327913</K1>
      <K2>0.11616413186664226</K2>
      <MAXBAS>1.8820191594040521</MAXBAS>
      <Cet>0</Cet>
      <PCALT>10</PCALT>
      <TCALT>0.6</TCALT>
      <Pelev>2541</Pelev>
      <Telev>2541</Telev>
      <PART>0.5</PART>
      <DELAY>1</DELAY>
    </SubCatchmentParameters>
    <SubCatchmentVegetationZone>
      <SubCatchmentVegetationZoneParameters>
        <TT>-1.4762994792967774</TT>
        <CFMAX>1.0852367245364278</CFMAX>
        <SP>0</SP>
        <SFCF>1.2427706692741432</SFCF>
        <CFR>0.099998211779163709</CFR>
        <CWH>0.12484595386987589</CWH>
        <CFGlacier>1</CFGlacier>
        <CFSlope>1</CFSlope>
        <FC>453.30348456796423</FC>
        <LP>0.34794009485836042</LP>
        <BETA>1.9175076672194713</BETA>
      </SubCatchmentVegetationZoneParameters>
    </SubCatchmentVegetationZone>
  </SubCatchment>
</Catchment>