<?xml version="1.0" encoding="utf-8"?>
<Catchment xmlns:xsi="http://www.w3.org/2001/XMLSchema-instance" xmlns:xsd="http://www.w3.org/2001/XMLSchema">
  <CatchmentParameters>
    <KSI>0.001</KSI>
    <KGmin>0.05</KGmin>
    <RangeKG>0.1</RangeKG>
    <AG>0.1</AG>
    <PERC>9.6743908823964446</PERC>
    <Alpha>0</Alpha>
    <UZL>90.619367686265221</UZL>
    <K0>0.54252114531801132</K0>
    <K1>0.41512172991100449</K1>
    <K2>0.10308964300539002</K2>
    <MAXBAS>2.4999894680425352</MAXBAS>
    <Cet>0</Cet>
    <PCALT>10</PCALT>
    <TCALT>0.6</TCALT>
    <Pelev>2541</Pelev>
    <Telev>2541</Telev>
    <PART>0.5</PART>
    <DELAY>1</DELAY>
  </CatchmentParameters>
  <VegetationZone>
    <VegetationZoneParameters>
      <TT>-0.66352384320437052</TT>
      <CFMAX>1.2895362903851593</CFMAX>
      <SP>0</SP>
      <SFCF>1.14011301244334</SFCF>
      <CFR>7.2185277970295068E-10</CFR>
      <CWH>0.10000001622318756</CWH>
      <CFGlacier>1</CFGlacier>
      <CFSlope>1</CFSlope>
      <FC>477.7042244481292</FC>
      <LP>0.744634538449716</LP>
      <BETA>2.3780179581863643</BETA>
    </VegetationZoneParameters>
  </VegetationZone>
  <SubCatchment>
    <SubCatchmentParameters>
      <KSI>0.001</KSI>
      <KGmin>0.05</KGmin>
      <RangeKG>0.1</RangeKG>
      <AG>0.1</AG>
      <PERC>9.6743908823964446</PERC>
      <Alpha>0</Alpha>
      <UZL>90.619367686265221</UZL>
      <K0>0.54252114531801132</K0>
      <K1>0.41512172991100449</K1>
      <K2>0.10308964300539002</K2>
      <MAXBAS>2.4999894680425352</MAXBAS>
      <Cet>0</Cet>
      <PCALT>10</PCALT>
      <TCALT>0.6</TCALT>
      <Pelev>2541</Pelev>
      <Telev>2541</Telev>
      <PART>0.5</PART>
      <DELAY>1</DELAY>
    </SubCatchmentParameters>
    <SubCatchmentVegetationZone>
      <SubCatchmentVegetationZoneParameters>
        <TT>-0.66352384320437052</TT>
        <CFMAX>1.2895362903851593</CFMAX>
        <SP>0</SP>
        <SFCF>1.14011301244334</SFCF>
        <CFR>7.2185277970295068E-10</CFR>
        <CWH>0.10000001622318756</CWH>
        <CFGlacier>1</CFGlacier>
        <CFSlope>1</CFSlope>
        <FC>477.7042244481292</FC>
        <LP>0.744634538449716</LP>
        <BETA>2.3780179581863643</BETA>
      </SubCatchmentVegetationZoneParameters>
    </SubCatchmentVegetationZone>
  </SubCatchment>
</Catchment>