<?xml version="1.0" encoding="utf-8"?>
<Catchment xmlns:xsi="http://www.w3.org/2001/XMLSchema-instance" xmlns:xsd="http://www.w3.org/2001/XMLSchema">
  <CatchmentParameters>
    <KSI>0.001</KSI>
    <KGmin>0.05</KGmin>
    <RangeKG>0.1</RangeKG>
    <AG>0.1</AG>
    <PERC>7.6632772035828678</PERC>
    <Alpha>0</Alpha>
    <UZL>130.81355122907178</UZL>
    <K0>0.35160956282489025</K0>
    <K1>0.3671955404462971</K1>
    <K2>0.11093594048966848</K2>
    <MAXBAS>2.4725381543775624</MAXBAS>
    <Cet>0</Cet>
    <PCALT>10</PCALT>
    <TCALT>0.6</TCALT>
    <Pelev>2541</Pelev>
    <Telev>2541</Telev>
    <PART>0.5</PART>
    <DELAY>1</DELAY>
  </CatchmentParameters>
  <VegetationZone>
    <VegetationZoneParameters>
      <TT>-0.70425216210949559</TT>
      <CFMAX>1.111707352994759</CFMAX>
      <SP>0</SP>
      <SFCF>1.0044266293821724</SFCF>
      <CFR>0.099998451008297642</CFR>
      <CWH>0.10000019222447532</CWH>
      <CFGlacier>1</CFGlacier>
      <CFSlope>1</CFSlope>
      <FC>356.54232893091444</FC>
      <LP>0.4606269339041959</LP>
      <BETA>2.3247680998821809</BETA>
    </VegetationZoneParameters>
  </VegetationZone>
  <SubCatchment>
    <SubCatchmentParameters>
      <KSI>0.001</KSI>
      <KGmin>0.05</KGmin>
      <RangeKG>0.1</RangeKG>
      <AG>0.1</AG>
      <PERC>7.6632772035828678</PERC>
      <Alpha>0</Alpha>
      <UZL>130.81355122907178</UZL>
      <K0>0.35160956282489025</K0>
      <K1>0.3671955404462971</K1>
      <K2>0.11093594048966848</K2>
      <MAXBAS>2.4725381543775624</MAXBAS>
      <Cet>0</Cet>
      <PCALT>10</PCALT>
      <TCALT>0.6</TCALT>
      <Pelev>2541</Pelev>
      <Telev>2541</Telev>
      <PART>0.5</PART>
      <DELAY>1</DELAY>
    </SubCatchmentParameters>
    <SubCatchmentVegetationZone>
      <SubCatchmentVegetationZoneParameters>
        <TT>-0.70425216210949559</TT>
        <CFMAX>1.111707352994759</CFMAX>
        <SP>0</SP>
        <SFCF>1.0044266293821724</SFCF>
        <CFR>0.099998451008297642</CFR>
        <CWH>0.10000019222447532</CWH>
        <CFGlacier>1</CFGlacier>
        <CFSlope>1</CFSlope>
        <FC>356.54232893091444</FC>
        <LP>0.4606269339041959</LP>
        <BETA>2.3247680998821809</BETA>
      </SubCatchmentVegetationZoneParameters>
    </SubCatchmentVegetationZone>
  </SubCatchment>
</Catchment>