<?xml version="1.0" encoding="utf-8"?>
<Catchment xmlns:xsi="http://www.w3.org/2001/XMLSchema-instance" xmlns:xsd="http://www.w3.org/2001/XMLSchema">
  <CatchmentParameters>
    <KSI>0.001</KSI>
    <KGmin>0.05</KGmin>
    <RangeKG>0.1</RangeKG>
    <AG>0.1</AG>
    <PERC>9.4822227868368874</PERC>
    <Alpha>0</Alpha>
    <UZL>81.70230979280592</UZL>
    <K0>0.52633947053669061</K0>
    <K1>0.39080376222473151</K1>
    <K2>0.095684266499011156</K2>
    <MAXBAS>2.4999895211622403</MAXBAS>
    <Cet>0</Cet>
    <PCALT>10</PCALT>
    <TCALT>0.6</TCALT>
    <Pelev>2541</Pelev>
    <Telev>2541</Telev>
    <PART>0.5</PART>
    <DELAY>1</DELAY>
  </CatchmentParameters>
  <VegetationZone>
    <VegetationZoneParameters>
      <TT>-0.15847053677859677</TT>
      <CFMAX>1.3139259189755763</CFMAX>
      <SP>0</SP>
      <SFCF>0.96518622857777214</SFCF>
      <CFR>1.0681024528182542E-07</CFR>
      <CWH>0.10000012261087744</CWH>
      <CFGlacier>1</CFGlacier>
      <CFSlope>1</CFSlope>
      <FC>283.54073374377037</FC>
      <LP>0.30000714413071461</LP>
      <BETA>2.0676175085577233</BETA>
    </VegetationZoneParameters>
  </VegetationZone>
  <SubCatchment>
    <SubCatchmentParameters>
      <KSI>0.001</KSI>
      <KGmin>0.05</KGmin>
      <RangeKG>0.1</RangeKG>
      <AG>0.1</AG>
      <PERC>9.4822227868368874</PERC>
      <Alpha>0</Alpha>
      <UZL>81.70230979280592</UZL>
      <K0>0.52633947053669061</K0>
      <K1>0.39080376222473151</K1>
      <K2>0.095684266499011156</K2>
      <MAXBAS>2.4999895211622403</MAXBAS>
      <Cet>0</Cet>
      <PCALT>10</PCALT>
      <TCALT>0.6</TCALT>
      <Pelev>2541</Pelev>
      <Telev>2541</Telev>
      <PART>0.5</PART>
      <DELAY>1</DELAY>
    </SubCatchmentParameters>
    <SubCatchmentVegetationZone>
      <SubCatchmentVegetationZoneParameters>
        <TT>-0.15847053677859677</TT>
        <CFMAX>1.3139259189755763</CFMAX>
        <SP>0</SP>
        <SFCF>0.96518622857777214</SFCF>
        <CFR>1.0681024528182542E-07</CFR>
        <CWH>0.10000012261087744</CWH>
        <CFGlacier>1</CFGlacier>
        <CFSlope>1</CFSlope>
        <FC>283.54073374377037</FC>
        <LP>0.30000714413071461</LP>
        <BETA>2.0676175085577233</BETA>
      </SubCatchmentVegetationZoneParameters>
    </SubCatchmentVegetationZone>
  </SubCatchment>
</Catchment>