<?xml version="1.0" encoding="utf-8"?>
<Catchment xmlns:xsi="http://www.w3.org/2001/XMLSchema-instance" xmlns:xsd="http://www.w3.org/2001/XMLSchema">
  <CatchmentParameters>
    <KSI>0.001</KSI>
    <KGmin>0.05</KGmin>
    <RangeKG>0.1</RangeKG>
    <AG>0.1</AG>
    <PERC>8.568217463329189</PERC>
    <Alpha>0</Alpha>
    <UZL>92.73757081067096</UZL>
    <K0>0.51843115154378361</K0>
    <K1>0.36296133701080197</K1>
    <K2>0.099302851698347017</K2>
    <MAXBAS>2.4999845437811059</MAXBAS>
    <Cet>0</Cet>
    <PCALT>10</PCALT>
    <TCALT>0.6</TCALT>
    <Pelev>2541</Pelev>
    <Telev>2541</Telev>
    <PART>0.5</PART>
    <DELAY>1</DELAY>
  </CatchmentParameters>
  <VegetationZone>
    <VegetationZoneParameters>
      <TT>-0.079013078955304974</TT>
      <CFMAX>1.2013398968091618</CFMAX>
      <SP>0</SP>
      <SFCF>0.90658730510065677</SFCF>
      <CFR>1.1119011203139888E-09</CFR>
      <CWH>0.10000006143007599</CWH>
      <CFGlacier>1</CFGlacier>
      <CFSlope>1</CFSlope>
      <FC>263.96868750790128</FC>
      <LP>0.30000062181092035</LP>
      <BETA>2.5369139180354847</BETA>
    </VegetationZoneParameters>
  </VegetationZone>
  <SubCatchment>
    <SubCatchmentParameters>
      <KSI>0.001</KSI>
      <KGmin>0.05</KGmin>
      <RangeKG>0.1</RangeKG>
      <AG>0.1</AG>
      <PERC>8.568217463329189</PERC>
      <Alpha>0</Alpha>
      <UZL>92.73757081067096</UZL>
      <K0>0.51843115154378361</K0>
      <K1>0.36296133701080197</K1>
      <K2>0.099302851698347017</K2>
      <MAXBAS>2.4999845437811059</MAXBAS>
      <Cet>0</Cet>
      <PCALT>10</PCALT>
      <TCALT>0.6</TCALT>
      <Pelev>2541</Pelev>
      <Telev>2541</Telev>
      <PART>0.5</PART>
      <DELAY>1</DELAY>
    </SubCatchmentParameters>
    <SubCatchmentVegetationZone>
      <SubCatchmentVegetationZoneParameters>
        <TT>-0.079013078955304974</TT>
        <CFMAX>1.2013398968091618</CFMAX>
        <SP>0</SP>
        <SFCF>0.90658730510065677</SFCF>
        <CFR>1.1119011203139888E-09</CFR>
        <CWH>0.10000006143007599</CWH>
        <CFGlacier>1</CFGlacier>
        <CFSlope>1</CFSlope>
        <FC>263.96868750790128</FC>
        <LP>0.30000062181092035</LP>
        <BETA>2.5369139180354847</BETA>
      </SubCatchmentVegetationZoneParameters>
    </SubCatchmentVegetationZone>
  </SubCatchment>
</Catchment>