<?xml version="1.0" encoding="utf-8"?>
<Catchment xmlns:xsi="http://www.w3.org/2001/XMLSchema-instance" xmlns:xsd="http://www.w3.org/2001/XMLSchema">
  <CatchmentParameters>
    <KSI>0.001</KSI>
    <KGmin>0.05</KGmin>
    <RangeKG>0.1</RangeKG>
    <AG>0.1</AG>
    <PERC>0.97817797050047028</PERC>
    <Alpha>0</Alpha>
    <UZL>132.13139466915038</UZL>
    <K0>0.068937095784625174</K0>
    <K1>0.096577018647017829</K1>
    <K2>0.020071911798263956</K2>
    <MAXBAS>1</MAXBAS>
    <Cet>0</Cet>
    <PCALT>10</PCALT>
    <TCALT>0.6</TCALT>
    <Pelev>2541</Pelev>
    <Telev>2541</Telev>
    <PART>0.5</PART>
    <DELAY>1</DELAY>
  </CatchmentParameters>
  <VegetationZone>
    <VegetationZoneParameters>
      <TT>-0.3126255164616884</TT>
      <CFMAX>1.9891588537333651</CFMAX>
      <SP>0</SP>
      <SFCF>1.2989149319642885</SFCF>
      <CFR>9.9300195019128518E-07</CFR>
      <CWH>0.10000000043591202</CWH>
      <CFGlacier>1</CFGlacier>
      <CFSlope>1</CFSlope>
      <FC>787.50928114245914</FC>
      <LP>0.8110094966722825</LP>
      <BETA>2.4291054256216129</BETA>
    </VegetationZoneParameters>
  </VegetationZone>
  <SubCatchment>
    <SubCatchmentParameters>
      <KSI>0.001</KSI>
      <KGmin>0.05</KGmin>
      <RangeKG>0.1</RangeKG>
      <AG>0.1</AG>
      <PERC>0.97817797050047028</PERC>
      <Alpha>0</Alpha>
      <UZL>132.13139466915038</UZL>
      <K0>0.068937095784625174</K0>
      <K1>0.096577018647017829</K1>
      <K2>0.020071911798263956</K2>
      <MAXBAS>1</MAXBAS>
      <Cet>0</Cet>
      <PCALT>10</PCALT>
      <TCALT>0.6</TCALT>
      <Pelev>2541</Pelev>
      <Telev>2541</Telev>
      <PART>0.5</PART>
      <DELAY>1</DELAY>
    </SubCatchmentParameters>
    <SubCatchmentVegetationZone>
      <SubCatchmentVegetationZoneParameters>
        <TT>-0.3126255164616884</TT>
        <CFMAX>1.9891588537333651</CFMAX>
        <SP>0</SP>
        <SFCF>1.2989149319642885</SFCF>
        <CFR>9.9300195019128518E-07</CFR>
        <CWH>0.10000000043591202</CWH>
        <CFGlacier>1</CFGlacier>
        <CFSlope>1</CFSlope>
        <FC>787.50928114245914</FC>
        <LP>0.8110094966722825</LP>
        <BETA>2.4291054256216129</BETA>
      </SubCatchmentVegetationZoneParameters>
    </SubCatchmentVegetationZone>
  </SubCatchment>
</Catchment>