<?xml version="1.0" encoding="utf-8"?>
<Catchment xmlns:xsi="http://www.w3.org/2001/XMLSchema-instance" xmlns:xsd="http://www.w3.org/2001/XMLSchema">
  <CatchmentParameters>
    <KSI>0.001</KSI>
    <KGmin>0.05</KGmin>
    <RangeKG>0.1</RangeKG>
    <AG>0.1</AG>
    <PERC>8.4865898722927788</PERC>
    <Alpha>0</Alpha>
    <UZL>84.322273916962544</UZL>
    <K0>0.44841840576034719</K0>
    <K1>0.40847570101810859</K1>
    <K2>0.11387658043109232</K2>
    <MAXBAS>1.7842734392663786</MAXBAS>
    <Cet>0</Cet>
    <PCALT>10</PCALT>
    <TCALT>0.6</TCALT>
    <Pelev>2541</Pelev>
    <Telev>2541</Telev>
    <PART>0.5</PART>
    <DELAY>1</DELAY>
  </CatchmentParameters>
  <VegetationZone>
    <VegetationZoneParameters>
      <TT>-1.495516432312717</TT>
      <CFMAX>1.0164892932975582</CFMAX>
      <SP>0</SP>
      <SFCF>1.1788303227042418</SFCF>
      <CFR>0.099999999973701764</CFR>
      <CWH>0.15876397010455084</CWH>
      <CFGlacier>1</CFGlacier>
      <CFSlope>1</CFSlope>
      <FC>538.76488554982063</FC>
      <LP>0.76649485603188672</LP>
      <BETA>2.7925951905824848</BETA>
    </VegetationZoneParameters>
  </VegetationZone>
  <SubCatchment>
    <SubCatchmentParameters>
      <KSI>0.001</KSI>
      <KGmin>0.05</KGmin>
      <RangeKG>0.1</RangeKG>
      <AG>0.1</AG>
      <PERC>8.4865898722927788</PERC>
      <Alpha>0</Alpha>
      <UZL>84.322273916962544</UZL>
      <K0>0.44841840576034719</K0>
      <K1>0.40847570101810859</K1>
      <K2>0.11387658043109232</K2>
      <MAXBAS>1.7842734392663786</MAXBAS>
      <Cet>0</Cet>
      <PCALT>10</PCALT>
      <TCALT>0.6</TCALT>
      <Pelev>2541</Pelev>
      <Telev>2541</Telev>
      <PART>0.5</PART>
      <DELAY>1</DELAY>
    </SubCatchmentParameters>
    <SubCatchmentVegetationZone>
      <SubCatchmentVegetationZoneParameters>
        <TT>-1.495516432312717</TT>
        <CFMAX>1.0164892932975582</CFMAX>
        <SP>0</SP>
        <SFCF>1.1788303227042418</SFCF>
        <CFR>0.099999999973701764</CFR>
        <CWH>0.15876397010455084</CWH>
        <CFGlacier>1</CFGlacier>
        <CFSlope>1</CFSlope>
        <FC>538.76488554982063</FC>
        <LP>0.76649485603188672</LP>
        <BETA>2.7925951905824848</BETA>
      </SubCatchmentVegetationZoneParameters>
    </SubCatchmentVegetationZone>
  </SubCatchment>
</Catchment>