<?xml version="1.0" encoding="utf-8"?>
<Catchment xmlns:xsi="http://www.w3.org/2001/XMLSchema-instance" xmlns:xsd="http://www.w3.org/2001/XMLSchema">
  <CatchmentParameters>
    <KSI>0.001</KSI>
    <KGmin>0.05</KGmin>
    <RangeKG>0.1</RangeKG>
    <AG>0.1</AG>
    <PERC>9.34385321782867</PERC>
    <Alpha>0</Alpha>
    <UZL>111.87857966997065</UZL>
    <K0>0.49329695683846186</K0>
    <K1>0.42841510316592535</K1>
    <K2>0.10879434112747592</K2>
    <MAXBAS>2.4999861106203261</MAXBAS>
    <Cet>0</Cet>
    <PCALT>10</PCALT>
    <TCALT>0.6</TCALT>
    <Pelev>2541</Pelev>
    <Telev>2541</Telev>
    <PART>0.5</PART>
    <DELAY>1</DELAY>
  </CatchmentParameters>
  <VegetationZone>
    <VegetationZoneParameters>
      <TT>-0.68274470560722622</TT>
      <CFMAX>1.1892263572930175</CFMAX>
      <SP>0</SP>
      <SFCF>1.064174213170076</SFCF>
      <CFR>0.054504611034663662</CFR>
      <CWH>0.10000006816360976</CWH>
      <CFGlacier>1</CFGlacier>
      <CFSlope>1</CFSlope>
      <FC>355.58190472039155</FC>
      <LP>0.39082449984906265</LP>
      <BETA>1.9892054409114415</BETA>
    </VegetationZoneParameters>
  </VegetationZone>
  <SubCatchment>
    <SubCatchmentParameters>
      <KSI>0.001</KSI>
      <KGmin>0.05</KGmin>
      <RangeKG>0.1</RangeKG>
      <AG>0.1</AG>
      <PERC>9.34385321782867</PERC>
      <Alpha>0</Alpha>
      <UZL>111.87857966997065</UZL>
      <K0>0.49329695683846186</K0>
      <K1>0.42841510316592535</K1>
      <K2>0.10879434112747592</K2>
      <MAXBAS>2.4999861106203261</MAXBAS>
      <Cet>0</Cet>
      <PCALT>10</PCALT>
      <TCALT>0.6</TCALT>
      <Pelev>2541</Pelev>
      <Telev>2541</Telev>
      <PART>0.5</PART>
      <DELAY>1</DELAY>
    </SubCatchmentParameters>
    <SubCatchmentVegetationZone>
      <SubCatchmentVegetationZoneParameters>
        <TT>-0.68274470560722622</TT>
        <CFMAX>1.1892263572930175</CFMAX>
        <SP>0</SP>
        <SFCF>1.064174213170076</SFCF>
        <CFR>0.054504611034663662</CFR>
        <CWH>0.10000006816360976</CWH>
        <CFGlacier>1</CFGlacier>
        <CFSlope>1</CFSlope>
        <FC>355.58190472039155</FC>
        <LP>0.39082449984906265</LP>
        <BETA>1.9892054409114415</BETA>
      </SubCatchmentVegetationZoneParameters>
    </SubCatchmentVegetationZone>
  </SubCatchment>
</Catchment>