<?xml version="1.0" encoding="utf-8"?>
<Catchment xmlns:xsi="http://www.w3.org/2001/XMLSchema-instance" xmlns:xsd="http://www.w3.org/2001/XMLSchema">
  <CatchmentParameters>
    <KSI>0.001</KSI>
    <KGmin>0.05</KGmin>
    <RangeKG>0.1</RangeKG>
    <AG>0.1</AG>
    <PERC>0.97977254386532331</PERC>
    <Alpha>0</Alpha>
    <UZL>103.51534986350698</UZL>
    <K0>0.22256297898165528</K0>
    <K1>0.11121509315469245</K1>
    <K2>0.020632591005645365</K2>
    <MAXBAS>1</MAXBAS>
    <Cet>0</Cet>
    <PCALT>10</PCALT>
    <TCALT>0.6</TCALT>
    <Pelev>2541</Pelev>
    <Telev>2541</Telev>
    <PART>0.5</PART>
    <DELAY>1</DELAY>
  </CatchmentParameters>
  <VegetationZone>
    <VegetationZoneParameters>
      <TT>-0.93686204680822649</TT>
      <CFMAX>1.4450123675671673</CFMAX>
      <SP>0</SP>
      <SFCF>1.2845550662868022</SFCF>
      <CFR>1.1739819943699847E-07</CFR>
      <CWH>0.10000000391577177</CWH>
      <CFGlacier>1</CFGlacier>
      <CFSlope>1</CFSlope>
      <FC>690.92729714456652</FC>
      <LP>0.81745015079687311</LP>
      <BETA>2.6446820594620575</BETA>
    </VegetationZoneParameters>
  </VegetationZone>
  <SubCatchment>
    <SubCatchmentParameters>
      <KSI>0.001</KSI>
      <KGmin>0.05</KGmin>
      <RangeKG>0.1</RangeKG>
      <AG>0.1</AG>
      <PERC>0.97977254386532331</PERC>
      <Alpha>0</Alpha>
      <UZL>103.51534986350698</UZL>
      <K0>0.22256297898165528</K0>
      <K1>0.11121509315469245</K1>
      <K2>0.020632591005645365</K2>
      <MAXBAS>1</MAXBAS>
      <Cet>0</Cet>
      <PCALT>10</PCALT>
      <TCALT>0.6</TCALT>
      <Pelev>2541</Pelev>
      <Telev>2541</Telev>
      <PART>0.5</PART>
      <DELAY>1</DELAY>
    </SubCatchmentParameters>
    <SubCatchmentVegetationZone>
      <SubCatchmentVegetationZoneParameters>
        <TT>-0.93686204680822649</TT>
        <CFMAX>1.4450123675671673</CFMAX>
        <SP>0</SP>
        <SFCF>1.2845550662868022</SFCF>
        <CFR>1.1739819943699847E-07</CFR>
        <CWH>0.10000000391577177</CWH>
        <CFGlacier>1</CFGlacier>
        <CFSlope>1</CFSlope>
        <FC>690.92729714456652</FC>
        <LP>0.81745015079687311</LP>
        <BETA>2.6446820594620575</BETA>
      </SubCatchmentVegetationZoneParameters>
    </SubCatchmentVegetationZone>
  </SubCatchment>
</Catchment>