<?xml version="1.0" encoding="utf-8"?>
<Catchment xmlns:xsi="http://www.w3.org/2001/XMLSchema-instance" xmlns:xsd="http://www.w3.org/2001/XMLSchema">
  <CatchmentParameters>
    <KSI>0.001</KSI>
    <KGmin>0.05</KGmin>
    <RangeKG>0.1</RangeKG>
    <AG>0.1</AG>
    <PERC>9.9999901188257034</PERC>
    <Alpha>0</Alpha>
    <UZL>148.60296460685655</UZL>
    <K0>0.44652649654082111</K0>
    <K1>0.36677403126072966</K1>
    <K2>0.073222284338352067</K2>
    <MAXBAS>2.4999946413307317</MAXBAS>
    <Cet>0</Cet>
    <PCALT>10</PCALT>
    <TCALT>0.6</TCALT>
    <Pelev>2541</Pelev>
    <Telev>2541</Telev>
    <PART>0.5</PART>
    <DELAY>1</DELAY>
  </CatchmentParameters>
  <VegetationZone>
    <VegetationZoneParameters>
      <TT>0.6320059067120043</TT>
      <CFMAX>1.4849297398612866</CFMAX>
      <SP>0</SP>
      <SFCF>0.84640737949446776</SFCF>
      <CFR>2.702970133899044E-07</CFR>
      <CWH>0.10000004150370505</CWH>
      <CFGlacier>1</CFGlacier>
      <CFSlope>1</CFSlope>
      <FC>198.96343381911643</FC>
      <LP>0.30000135341261508</LP>
      <BETA>4.1029525018065964</BETA>
    </VegetationZoneParameters>
  </VegetationZone>
  <SubCatchment>
    <SubCatchmentParameters>
      <KSI>0.001</KSI>
      <KGmin>0.05</KGmin>
      <RangeKG>0.1</RangeKG>
      <AG>0.1</AG>
      <PERC>9.9999901188257034</PERC>
      <Alpha>0</Alpha>
      <UZL>148.60296460685655</UZL>
      <K0>0.44652649654082111</K0>
      <K1>0.36677403126072966</K1>
      <K2>0.073222284338352067</K2>
      <MAXBAS>2.4999946413307317</MAXBAS>
      <Cet>0</Cet>
      <PCALT>10</PCALT>
      <TCALT>0.6</TCALT>
      <Pelev>2541</Pelev>
      <Telev>2541</Telev>
      <PART>0.5</PART>
      <DELAY>1</DELAY>
    </SubCatchmentParameters>
    <SubCatchmentVegetationZone>
      <SubCatchmentVegetationZoneParameters>
        <TT>0.6320059067120043</TT>
        <CFMAX>1.4849297398612866</CFMAX>
        <SP>0</SP>
        <SFCF>0.84640737949446776</SFCF>
        <CFR>2.702970133899044E-07</CFR>
        <CWH>0.10000004150370505</CWH>
        <CFGlacier>1</CFGlacier>
        <CFSlope>1</CFSlope>
        <FC>198.96343381911643</FC>
        <LP>0.30000135341261508</LP>
        <BETA>4.1029525018065964</BETA>
      </SubCatchmentVegetationZoneParameters>
    </SubCatchmentVegetationZone>
  </SubCatchment>
</Catchment>