<?xml version="1.0" encoding="utf-8"?>
<Catchment xmlns:xsi="http://www.w3.org/2001/XMLSchema-instance" xmlns:xsd="http://www.w3.org/2001/XMLSchema">
  <CatchmentParameters>
    <KSI>0.001</KSI>
    <KGmin>0.05</KGmin>
    <RangeKG>0.1</RangeKG>
    <AG>0.1</AG>
    <PERC>1.1723454435933725</PERC>
    <Alpha>0</Alpha>
    <UZL>110.68665794574068</UZL>
    <K0>0.34645653984242558</K0>
    <K1>0.10337734532977985</K1>
    <K2>0.022105788451297494</K2>
    <MAXBAS>1</MAXBAS>
    <Cet>0</Cet>
    <PCALT>10</PCALT>
    <TCALT>0.6</TCALT>
    <Pelev>2541</Pelev>
    <Telev>2541</Telev>
    <PART>0.5</PART>
    <DELAY>1</DELAY>
  </CatchmentParameters>
  <VegetationZone>
    <VegetationZoneParameters>
      <TT>-0.31798576516569932</TT>
      <CFMAX>1.9709057217316486</CFMAX>
      <SP>0</SP>
      <SFCF>1.304028050129332</SFCF>
      <CFR>1.6764620946914266E-09</CFR>
      <CWH>0.10000008939706462</CWH>
      <CFGlacier>1</CFGlacier>
      <CFSlope>1</CFSlope>
      <FC>955.379953209318</FC>
      <LP>0.90291894003999484</LP>
      <BETA>2.8134701558264918</BETA>
    </VegetationZoneParameters>
  </VegetationZone>
  <SubCatchment>
    <SubCatchmentParameters>
      <KSI>0.001</KSI>
      <KGmin>0.05</KGmin>
      <RangeKG>0.1</RangeKG>
      <AG>0.1</AG>
      <PERC>1.1723454435933725</PERC>
      <Alpha>0</Alpha>
      <UZL>110.68665794574068</UZL>
      <K0>0.34645653984242558</K0>
      <K1>0.10337734532977985</K1>
      <K2>0.022105788451297494</K2>
      <MAXBAS>1</MAXBAS>
      <Cet>0</Cet>
      <PCALT>10</PCALT>
      <TCALT>0.6</TCALT>
      <Pelev>2541</Pelev>
      <Telev>2541</Telev>
      <PART>0.5</PART>
      <DELAY>1</DELAY>
    </SubCatchmentParameters>
    <SubCatchmentVegetationZone>
      <SubCatchmentVegetationZoneParameters>
        <TT>-0.31798576516569932</TT>
        <CFMAX>1.9709057217316486</CFMAX>
        <SP>0</SP>
        <SFCF>1.304028050129332</SFCF>
        <CFR>1.6764620946914266E-09</CFR>
        <CWH>0.10000008939706462</CWH>
        <CFGlacier>1</CFGlacier>
        <CFSlope>1</CFSlope>
        <FC>955.379953209318</FC>
        <LP>0.90291894003999484</LP>
        <BETA>2.8134701558264918</BETA>
      </SubCatchmentVegetationZoneParameters>
    </SubCatchmentVegetationZone>
  </SubCatchment>
</Catchment>