<?xml version="1.0" encoding="utf-8"?>
<Catchment xmlns:xsi="http://www.w3.org/2001/XMLSchema-instance" xmlns:xsd="http://www.w3.org/2001/XMLSchema">
  <CatchmentParameters>
    <KSI>0.001</KSI>
    <KGmin>0.05</KGmin>
    <RangeKG>0.1</RangeKG>
    <AG>0.1</AG>
    <PERC>5.1700731957106418</PERC>
    <Alpha>0</Alpha>
    <UZL>89.369813866852624</UZL>
    <K0>0.42218762111707092</K0>
    <K1>0.22339032690013438</K1>
    <K2>0.090292174523420976</K2>
    <MAXBAS>1.6442208945637833</MAXBAS>
    <Cet>0</Cet>
    <PCALT>10</PCALT>
    <TCALT>0.6</TCALT>
    <Pelev>2541</Pelev>
    <Telev>2541</Telev>
    <PART>0.5</PART>
    <DELAY>1</DELAY>
  </CatchmentParameters>
  <VegetationZone>
    <VegetationZoneParameters>
      <TT>-1.0847518922767625</TT>
      <CFMAX>1.230595307456025</CFMAX>
      <SP>0</SP>
      <SFCF>1.2714056915892436</SFCF>
      <CFR>0.099999374064353178</CFR>
      <CWH>0.10000000554832902</CWH>
      <CFGlacier>1</CFGlacier>
      <CFSlope>1</CFSlope>
      <FC>585.81669645359386</FC>
      <LP>0.68187432445704954</LP>
      <BETA>2.2043554204955447</BETA>
    </VegetationZoneParameters>
  </VegetationZone>
  <SubCatchment>
    <SubCatchmentParameters>
      <KSI>0.001</KSI>
      <KGmin>0.05</KGmin>
      <RangeKG>0.1</RangeKG>
      <AG>0.1</AG>
      <PERC>5.1700731957106418</PERC>
      <Alpha>0</Alpha>
      <UZL>89.369813866852624</UZL>
      <K0>0.42218762111707092</K0>
      <K1>0.22339032690013438</K1>
      <K2>0.090292174523420976</K2>
      <MAXBAS>1.6442208945637833</MAXBAS>
      <Cet>0</Cet>
      <PCALT>10</PCALT>
      <TCALT>0.6</TCALT>
      <Pelev>2541</Pelev>
      <Telev>2541</Telev>
      <PART>0.5</PART>
      <DELAY>1</DELAY>
    </SubCatchmentParameters>
    <SubCatchmentVegetationZone>
      <SubCatchmentVegetationZoneParameters>
        <TT>-1.0847518922767625</TT>
        <CFMAX>1.230595307456025</CFMAX>
        <SP>0</SP>
        <SFCF>1.2714056915892436</SFCF>
        <CFR>0.099999374064353178</CFR>
        <CWH>0.10000000554832902</CWH>
        <CFGlacier>1</CFGlacier>
        <CFSlope>1</CFSlope>
        <FC>585.81669645359386</FC>
        <LP>0.68187432445704954</LP>
        <BETA>2.2043554204955447</BETA>
      </SubCatchmentVegetationZoneParameters>
    </SubCatchmentVegetationZone>
  </SubCatchment>
</Catchment>