<?xml version="1.0" encoding="utf-8"?>
<Catchment xmlns:xsi="http://www.w3.org/2001/XMLSchema-instance" xmlns:xsd="http://www.w3.org/2001/XMLSchema">
  <CatchmentParameters>
    <KSI>0.001</KSI>
    <KGmin>0.05</KGmin>
    <RangeKG>0.1</RangeKG>
    <AG>0.1</AG>
    <PERC>4.5169023480685482</PERC>
    <Alpha>0</Alpha>
    <UZL>102.31625385388891</UZL>
    <K0>0.23395180336117771</K0>
    <K1>0.17524202397658659</K1>
    <K2>0.066561208737460964</K2>
    <MAXBAS>2.0045568114458274</MAXBAS>
    <Cet>0</Cet>
    <PCALT>10</PCALT>
    <TCALT>0.6</TCALT>
    <Pelev>2541</Pelev>
    <Telev>2541</Telev>
    <PART>0.5</PART>
    <DELAY>1</DELAY>
  </CatchmentParameters>
  <VegetationZone>
    <VegetationZoneParameters>
      <TT>0.28201028720114929</TT>
      <CFMAX>1.4450169022767148</CFMAX>
      <SP>0</SP>
      <SFCF>0.93241588776604634</SFCF>
      <CFR>4.5972896741916916E-06</CFR>
      <CWH>0.10000009145899792</CWH>
      <CFGlacier>1</CFGlacier>
      <CFSlope>1</CFSlope>
      <FC>249.79120523183448</FC>
      <LP>0.30000602240427265</LP>
      <BETA>2.0097769932681775</BETA>
    </VegetationZoneParameters>
  </VegetationZone>
  <SubCatchment>
    <SubCatchmentParameters>
      <KSI>0.001</KSI>
      <KGmin>0.05</KGmin>
      <RangeKG>0.1</RangeKG>
      <AG>0.1</AG>
      <PERC>4.5169023480685482</PERC>
      <Alpha>0</Alpha>
      <UZL>102.31625385388891</UZL>
      <K0>0.23395180336117771</K0>
      <K1>0.17524202397658659</K1>
      <K2>0.066561208737460964</K2>
      <MAXBAS>2.0045568114458274</MAXBAS>
      <Cet>0</Cet>
      <PCALT>10</PCALT>
      <TCALT>0.6</TCALT>
      <Pelev>2541</Pelev>
      <Telev>2541</Telev>
      <PART>0.5</PART>
      <DELAY>1</DELAY>
    </SubCatchmentParameters>
    <SubCatchmentVegetationZone>
      <SubCatchmentVegetationZoneParameters>
        <TT>0.28201028720114929</TT>
        <CFMAX>1.4450169022767148</CFMAX>
        <SP>0</SP>
        <SFCF>0.93241588776604634</SFCF>
        <CFR>4.5972896741916916E-06</CFR>
        <CWH>0.10000009145899792</CWH>
        <CFGlacier>1</CFGlacier>
        <CFSlope>1</CFSlope>
        <FC>249.79120523183448</FC>
        <LP>0.30000602240427265</LP>
        <BETA>2.0097769932681775</BETA>
      </SubCatchmentVegetationZoneParameters>
    </SubCatchmentVegetationZone>
  </SubCatchment>
</Catchment>