<?xml version="1.0" encoding="utf-8"?>
<Catchment xmlns:xsi="http://www.w3.org/2001/XMLSchema-instance" xmlns:xsd="http://www.w3.org/2001/XMLSchema">
  <CatchmentParameters>
    <KSI>0.001</KSI>
    <KGmin>0.05</KGmin>
    <RangeKG>0.1</RangeKG>
    <AG>0.1</AG>
    <PERC>6.1111816900675473</PERC>
    <Alpha>0</Alpha>
    <UZL>27.418448562764354</UZL>
    <K0>0.98999699156897136</K0>
    <K1>0.20071098076750429</K1>
    <K2>0.1032355798006645</K2>
    <MAXBAS>1.7583909250854652</MAXBAS>
    <Cet>0</Cet>
    <PCALT>10</PCALT>
    <TCALT>0.6</TCALT>
    <Pelev>2541</Pelev>
    <Telev>2541</Telev>
    <PART>0.5</PART>
    <DELAY>1</DELAY>
  </CatchmentParameters>
  <VegetationZone>
    <VegetationZoneParameters>
      <TT>-0.87217143529730323</TT>
      <CFMAX>1.079176977088373</CFMAX>
      <SP>0</SP>
      <SFCF>1.0713130819284289</SFCF>
      <CFR>0.099998495716852653</CFR>
      <CWH>0.11744990321646631</CWH>
      <CFGlacier>1</CFGlacier>
      <CFSlope>1</CFSlope>
      <FC>382.99777847122505</FC>
      <LP>0.50989709470177513</LP>
      <BETA>2.3295974788551752</BETA>
    </VegetationZoneParameters>
  </VegetationZone>
  <SubCatchment>
    <SubCatchmentParameters>
      <KSI>0.001</KSI>
      <KGmin>0.05</KGmin>
      <RangeKG>0.1</RangeKG>
      <AG>0.1</AG>
      <PERC>6.1111816900675473</PERC>
      <Alpha>0</Alpha>
      <UZL>27.418448562764354</UZL>
      <K0>0.98999699156897136</K0>
      <K1>0.20071098076750429</K1>
      <K2>0.1032355798006645</K2>
      <MAXBAS>1.7583909250854652</MAXBAS>
      <Cet>0</Cet>
      <PCALT>10</PCALT>
      <TCALT>0.6</TCALT>
      <Pelev>2541</Pelev>
      <Telev>2541</Telev>
      <PART>0.5</PART>
      <DELAY>1</DELAY>
    </SubCatchmentParameters>
    <SubCatchmentVegetationZone>
      <SubCatchmentVegetationZoneParameters>
        <TT>-0.87217143529730323</TT>
        <CFMAX>1.079176977088373</CFMAX>
        <SP>0</SP>
        <SFCF>1.0713130819284289</SFCF>
        <CFR>0.099998495716852653</CFR>
        <CWH>0.11744990321646631</CWH>
        <CFGlacier>1</CFGlacier>
        <CFSlope>1</CFSlope>
        <FC>382.99777847122505</FC>
        <LP>0.50989709470177513</LP>
        <BETA>2.3295974788551752</BETA>
      </SubCatchmentVegetationZoneParameters>
    </SubCatchmentVegetationZone>
  </SubCatchment>
</Catchment>