<?xml version="1.0" encoding="utf-8"?>
<Catchment xmlns:xsi="http://www.w3.org/2001/XMLSchema-instance" xmlns:xsd="http://www.w3.org/2001/XMLSchema">
  <CatchmentParameters>
    <KSI>0.001</KSI>
    <KGmin>0.05</KGmin>
    <RangeKG>0.1</RangeKG>
    <AG>0.1</AG>
    <PERC>0.98847562560089663</PERC>
    <Alpha>0</Alpha>
    <UZL>124.61096590940711</UZL>
    <K0>0.091490919631423084</K0>
    <K1>0.10288328695535286</K1>
    <K2>0.021177935282808986</K2>
    <MAXBAS>1</MAXBAS>
    <Cet>0</Cet>
    <PCALT>10</PCALT>
    <TCALT>0.6</TCALT>
    <Pelev>2541</Pelev>
    <Telev>2541</Telev>
    <PART>0.5</PART>
    <DELAY>1</DELAY>
  </CatchmentParameters>
  <VegetationZone>
    <VegetationZoneParameters>
      <TT>-0.69203967191716143</TT>
      <CFMAX>1.8658667637737085</CFMAX>
      <SP>0</SP>
      <SFCF>1.3879670101191524</SFCF>
      <CFR>2.10150147473621E-09</CFR>
      <CWH>0.10000016489206579</CWH>
      <CFGlacier>1</CFGlacier>
      <CFSlope>1</CFSlope>
      <FC>1205.7517196437605</FC>
      <LP>0.90764813465889593</LP>
      <BETA>3.4691677090914856</BETA>
    </VegetationZoneParameters>
  </VegetationZone>
  <SubCatchment>
    <SubCatchmentParameters>
      <KSI>0.001</KSI>
      <KGmin>0.05</KGmin>
      <RangeKG>0.1</RangeKG>
      <AG>0.1</AG>
      <PERC>0.98847562560089663</PERC>
      <Alpha>0</Alpha>
      <UZL>124.61096590940711</UZL>
      <K0>0.091490919631423084</K0>
      <K1>0.10288328695535286</K1>
      <K2>0.021177935282808986</K2>
      <MAXBAS>1</MAXBAS>
      <Cet>0</Cet>
      <PCALT>10</PCALT>
      <TCALT>0.6</TCALT>
      <Pelev>2541</Pelev>
      <Telev>2541</Telev>
      <PART>0.5</PART>
      <DELAY>1</DELAY>
    </SubCatchmentParameters>
    <SubCatchmentVegetationZone>
      <SubCatchmentVegetationZoneParameters>
        <TT>-0.69203967191716143</TT>
        <CFMAX>1.8658667637737085</CFMAX>
        <SP>0</SP>
        <SFCF>1.3879670101191524</SFCF>
        <CFR>2.10150147473621E-09</CFR>
        <CWH>0.10000016489206579</CWH>
        <CFGlacier>1</CFGlacier>
        <CFSlope>1</CFSlope>
        <FC>1205.7517196437605</FC>
        <LP>0.90764813465889593</LP>
        <BETA>3.4691677090914856</BETA>
      </SubCatchmentVegetationZoneParameters>
    </SubCatchmentVegetationZone>
  </SubCatchment>
</Catchment>