<?xml version="1.0" encoding="utf-8"?>
<Catchment xmlns:xsi="http://www.w3.org/2001/XMLSchema-instance" xmlns:xsd="http://www.w3.org/2001/XMLSchema">
  <CatchmentParameters>
    <KSI>0.001</KSI>
    <KGmin>0.05</KGmin>
    <RangeKG>0.1</RangeKG>
    <AG>0.1</AG>
    <PERC>6.7819098398775317</PERC>
    <Alpha>0</Alpha>
    <UZL>25.766887000053082</UZL>
    <K0>0.98999301388011407</K0>
    <K1>0.220791039799088</K1>
    <K2>0.094614951763665245</K2>
    <MAXBAS>2.4999910167238517</MAXBAS>
    <Cet>0</Cet>
    <PCALT>10</PCALT>
    <TCALT>0.6</TCALT>
    <Pelev>2541</Pelev>
    <Telev>2541</Telev>
    <PART>0.5</PART>
    <DELAY>1</DELAY>
  </CatchmentParameters>
  <VegetationZone>
    <VegetationZoneParameters>
      <TT>-0.15843729272428059</TT>
      <CFMAX>1.2209002243657945</CFMAX>
      <SP>0</SP>
      <SFCF>0.93476959038646135</SFCF>
      <CFR>6.2662512597170819E-07</CFR>
      <CWH>0.10000011292524269</CWH>
      <CFGlacier>1</CFGlacier>
      <CFSlope>1</CFSlope>
      <FC>285.8849508359566</FC>
      <LP>0.30017137681961548</LP>
      <BETA>2.5982008967925112</BETA>
    </VegetationZoneParameters>
  </VegetationZone>
  <SubCatchment>
    <SubCatchmentParameters>
      <KSI>0.001</KSI>
      <KGmin>0.05</KGmin>
      <RangeKG>0.1</RangeKG>
      <AG>0.1</AG>
      <PERC>6.7819098398775317</PERC>
      <Alpha>0</Alpha>
      <UZL>25.766887000053082</UZL>
      <K0>0.98999301388011407</K0>
      <K1>0.220791039799088</K1>
      <K2>0.094614951763665245</K2>
      <MAXBAS>2.4999910167238517</MAXBAS>
      <Cet>0</Cet>
      <PCALT>10</PCALT>
      <TCALT>0.6</TCALT>
      <Pelev>2541</Pelev>
      <Telev>2541</Telev>
      <PART>0.5</PART>
      <DELAY>1</DELAY>
    </SubCatchmentParameters>
    <SubCatchmentVegetationZone>
      <SubCatchmentVegetationZoneParameters>
        <TT>-0.15843729272428059</TT>
        <CFMAX>1.2209002243657945</CFMAX>
        <SP>0</SP>
        <SFCF>0.93476959038646135</SFCF>
        <CFR>6.2662512597170819E-07</CFR>
        <CWH>0.10000011292524269</CWH>
        <CFGlacier>1</CFGlacier>
        <CFSlope>1</CFSlope>
        <FC>285.8849508359566</FC>
        <LP>0.30017137681961548</LP>
        <BETA>2.5982008967925112</BETA>
      </SubCatchmentVegetationZoneParameters>
    </SubCatchmentVegetationZone>
  </SubCatchment>
</Catchment>