<?xml version="1.0" encoding="utf-8"?>
<Catchment xmlns:xsi="http://www.w3.org/2001/XMLSchema-instance" xmlns:xsd="http://www.w3.org/2001/XMLSchema">
  <CatchmentParameters>
    <KSI>0.001</KSI>
    <KGmin>0.05</KGmin>
    <RangeKG>0.1</RangeKG>
    <AG>0.1</AG>
    <PERC>1.2699280275233429</PERC>
    <Alpha>0</Alpha>
    <UZL>197.83805047584411</UZL>
    <K0>0.44181910100157507</K0>
    <K1>0.079874028478618728</K1>
    <K2>0.022506919051457446</K2>
    <MAXBAS>1</MAXBAS>
    <Cet>0</Cet>
    <PCALT>10</PCALT>
    <TCALT>0.6</TCALT>
    <Pelev>2541</Pelev>
    <Telev>2541</Telev>
    <PART>0.5</PART>
    <DELAY>1</DELAY>
  </CatchmentParameters>
  <VegetationZone>
    <VegetationZoneParameters>
      <TT>0.028829836590910218</TT>
      <CFMAX>2.3898286064896763</CFMAX>
      <SP>0</SP>
      <SFCF>1.2958041749338254</SFCF>
      <CFR>5.7487106683281445E-08</CFR>
      <CWH>0.10000000003143417</CWH>
      <CFGlacier>1</CFGlacier>
      <CFSlope>1</CFSlope>
      <FC>1119.5990777382465</FC>
      <LP>0.96282382158480817</LP>
      <BETA>3.1286000303380317</BETA>
    </VegetationZoneParameters>
  </VegetationZone>
  <SubCatchment>
    <SubCatchmentParameters>
      <KSI>0.001</KSI>
      <KGmin>0.05</KGmin>
      <RangeKG>0.1</RangeKG>
      <AG>0.1</AG>
      <PERC>1.2699280275233429</PERC>
      <Alpha>0</Alpha>
      <UZL>197.83805047584411</UZL>
      <K0>0.44181910100157507</K0>
      <K1>0.079874028478618728</K1>
      <K2>0.022506919051457446</K2>
      <MAXBAS>1</MAXBAS>
      <Cet>0</Cet>
      <PCALT>10</PCALT>
      <TCALT>0.6</TCALT>
      <Pelev>2541</Pelev>
      <Telev>2541</Telev>
      <PART>0.5</PART>
      <DELAY>1</DELAY>
    </SubCatchmentParameters>
    <SubCatchmentVegetationZone>
      <SubCatchmentVegetationZoneParameters>
        <TT>0.028829836590910218</TT>
        <CFMAX>2.3898286064896763</CFMAX>
        <SP>0</SP>
        <SFCF>1.2958041749338254</SFCF>
        <CFR>5.7487106683281445E-08</CFR>
        <CWH>0.10000000003143417</CWH>
        <CFGlacier>1</CFGlacier>
        <CFSlope>1</CFSlope>
        <FC>1119.5990777382465</FC>
        <LP>0.96282382158480817</LP>
        <BETA>3.1286000303380317</BETA>
      </SubCatchmentVegetationZoneParameters>
    </SubCatchmentVegetationZone>
  </SubCatchment>
</Catchment>