<?xml version="1.0" encoding="utf-8"?>
<Catchment xmlns:xsi="http://www.w3.org/2001/XMLSchema-instance" xmlns:xsd="http://www.w3.org/2001/XMLSchema">
  <CatchmentParameters>
    <KSI>0.001</KSI>
    <KGmin>0.05</KGmin>
    <RangeKG>0.1</RangeKG>
    <AG>0.1</AG>
    <PERC>9.99998073090278</PERC>
    <Alpha>0</Alpha>
    <UZL>169.06134222910893</UZL>
    <K0>0.42778220581515913</K0>
    <K1>0.48088403860049761</K1>
    <K2>0.10855865738554411</K2>
    <MAXBAS>2.2007847231775339</MAXBAS>
    <Cet>0</Cet>
    <PCALT>10</PCALT>
    <TCALT>0.6</TCALT>
    <Pelev>2541</Pelev>
    <Telev>2541</Telev>
    <PART>0.5</PART>
    <DELAY>1</DELAY>
  </CatchmentParameters>
  <VegetationZone>
    <VegetationZoneParameters>
      <TT>-0.88369578707965968</TT>
      <CFMAX>1.1250624139163692</CFMAX>
      <SP>0</SP>
      <SFCF>1.0661996761662465</SFCF>
      <CFR>0.099998748839817755</CFR>
      <CWH>0.14718733946561308</CWH>
      <CFGlacier>1</CFGlacier>
      <CFSlope>1</CFSlope>
      <FC>344.81705840488468</FC>
      <LP>0.30000000899188051</LP>
      <BETA>2.1109299714843321</BETA>
    </VegetationZoneParameters>
  </VegetationZone>
  <SubCatchment>
    <SubCatchmentParameters>
      <KSI>0.001</KSI>
      <KGmin>0.05</KGmin>
      <RangeKG>0.1</RangeKG>
      <AG>0.1</AG>
      <PERC>9.99998073090278</PERC>
      <Alpha>0</Alpha>
      <UZL>169.06134222910893</UZL>
      <K0>0.42778220581515913</K0>
      <K1>0.48088403860049761</K1>
      <K2>0.10855865738554411</K2>
      <MAXBAS>2.2007847231775339</MAXBAS>
      <Cet>0</Cet>
      <PCALT>10</PCALT>
      <TCALT>0.6</TCALT>
      <Pelev>2541</Pelev>
      <Telev>2541</Telev>
      <PART>0.5</PART>
      <DELAY>1</DELAY>
    </SubCatchmentParameters>
    <SubCatchmentVegetationZone>
      <SubCatchmentVegetationZoneParameters>
        <TT>-0.88369578707965968</TT>
        <CFMAX>1.1250624139163692</CFMAX>
        <SP>0</SP>
        <SFCF>1.0661996761662465</SFCF>
        <CFR>0.099998748839817755</CFR>
        <CWH>0.14718733946561308</CWH>
        <CFGlacier>1</CFGlacier>
        <CFSlope>1</CFSlope>
        <FC>344.81705840488468</FC>
        <LP>0.30000000899188051</LP>
        <BETA>2.1109299714843321</BETA>
      </SubCatchmentVegetationZoneParameters>
    </SubCatchmentVegetationZone>
  </SubCatchment>
</Catchment>