<?xml version="1.0" encoding="utf-8"?>
<Catchment xmlns:xsi="http://www.w3.org/2001/XMLSchema-instance" xmlns:xsd="http://www.w3.org/2001/XMLSchema">
  <CatchmentParameters>
    <KSI>0.001</KSI>
    <KGmin>0.05</KGmin>
    <RangeKG>0.1</RangeKG>
    <AG>0.1</AG>
    <PERC>9.999974357578628</PERC>
    <Alpha>0</Alpha>
    <UZL>76.908634540556449</UZL>
    <K0>0.59531121978457813</K0>
    <K1>0.50126025223990334</K1>
    <K2>0.11104655706887283</K2>
    <MAXBAS>2.2605437828327157</MAXBAS>
    <Cet>0</Cet>
    <PCALT>10</PCALT>
    <TCALT>0.6</TCALT>
    <Pelev>2541</Pelev>
    <Telev>2541</Telev>
    <PART>0.5</PART>
    <DELAY>1</DELAY>
  </CatchmentParameters>
  <VegetationZone>
    <VegetationZoneParameters>
      <TT>-0.94799561772320751</TT>
      <CFMAX>1.0815208019774072</CFMAX>
      <SP>0</SP>
      <SFCF>1.0533900656108322</SFCF>
      <CFR>0.099999806223431659</CFR>
      <CWH>0.15593840651846613</CWH>
      <CFGlacier>1</CFGlacier>
      <CFSlope>1</CFSlope>
      <FC>338.86339918233341</FC>
      <LP>0.300001226440492</LP>
      <BETA>2.2110206133162627</BETA>
    </VegetationZoneParameters>
  </VegetationZone>
  <SubCatchment>
    <SubCatchmentParameters>
      <KSI>0.001</KSI>
      <KGmin>0.05</KGmin>
      <RangeKG>0.1</RangeKG>
      <AG>0.1</AG>
      <PERC>9.999974357578628</PERC>
      <Alpha>0</Alpha>
      <UZL>76.908634540556449</UZL>
      <K0>0.59531121978457813</K0>
      <K1>0.50126025223990334</K1>
      <K2>0.11104655706887283</K2>
      <MAXBAS>2.2605437828327157</MAXBAS>
      <Cet>0</Cet>
      <PCALT>10</PCALT>
      <TCALT>0.6</TCALT>
      <Pelev>2541</Pelev>
      <Telev>2541</Telev>
      <PART>0.5</PART>
      <DELAY>1</DELAY>
    </SubCatchmentParameters>
    <SubCatchmentVegetationZone>
      <SubCatchmentVegetationZoneParameters>
        <TT>-0.94799561772320751</TT>
        <CFMAX>1.0815208019774072</CFMAX>
        <SP>0</SP>
        <SFCF>1.0533900656108322</SFCF>
        <CFR>0.099999806223431659</CFR>
        <CWH>0.15593840651846613</CWH>
        <CFGlacier>1</CFGlacier>
        <CFSlope>1</CFSlope>
        <FC>338.86339918233341</FC>
        <LP>0.300001226440492</LP>
        <BETA>2.2110206133162627</BETA>
      </SubCatchmentVegetationZoneParameters>
    </SubCatchmentVegetationZone>
  </SubCatchment>
</Catchment>