<?xml version="1.0" encoding="utf-8"?>
<Catchment xmlns:xsi="http://www.w3.org/2001/XMLSchema-instance" xmlns:xsd="http://www.w3.org/2001/XMLSchema">
  <CatchmentParameters>
    <KSI>0.001</KSI>
    <KGmin>0.05</KGmin>
    <RangeKG>0.1</RangeKG>
    <AG>0.1</AG>
    <PERC>5.8638779602579456</PERC>
    <Alpha>0</Alpha>
    <UZL>34.195060259521235</UZL>
    <K0>0.98999806228858245</K0>
    <K1>0.17412355362721554</K1>
    <K2>0.081184412159146957</K2>
    <MAXBAS>2.1910160007398658</MAXBAS>
    <Cet>0</Cet>
    <PCALT>10</PCALT>
    <TCALT>0.6</TCALT>
    <Pelev>2541</Pelev>
    <Telev>2541</Telev>
    <PART>0.5</PART>
    <DELAY>1</DELAY>
  </CatchmentParameters>
  <VegetationZone>
    <VegetationZoneParameters>
      <TT>-0.29426119786570309</TT>
      <CFMAX>1.2563167794390506</CFMAX>
      <SP>0</SP>
      <SFCF>0.93141646001851319</SFCF>
      <CFR>0.099999830876139534</CFR>
      <CWH>0.12062916235728624</CWH>
      <CFGlacier>1</CFGlacier>
      <CFSlope>1</CFSlope>
      <FC>262.06001197144343</FC>
      <LP>0.30000072248539694</LP>
      <BETA>2.6158555235117591</BETA>
    </VegetationZoneParameters>
  </VegetationZone>
  <SubCatchment>
    <SubCatchmentParameters>
      <KSI>0.001</KSI>
      <KGmin>0.05</KGmin>
      <RangeKG>0.1</RangeKG>
      <AG>0.1</AG>
      <PERC>5.8638779602579456</PERC>
      <Alpha>0</Alpha>
      <UZL>34.195060259521235</UZL>
      <K0>0.98999806228858245</K0>
      <K1>0.17412355362721554</K1>
      <K2>0.081184412159146957</K2>
      <MAXBAS>2.1910160007398658</MAXBAS>
      <Cet>0</Cet>
      <PCALT>10</PCALT>
      <TCALT>0.6</TCALT>
      <Pelev>2541</Pelev>
      <Telev>2541</Telev>
      <PART>0.5</PART>
      <DELAY>1</DELAY>
    </SubCatchmentParameters>
    <SubCatchmentVegetationZone>
      <SubCatchmentVegetationZoneParameters>
        <TT>-0.29426119786570309</TT>
        <CFMAX>1.2563167794390506</CFMAX>
        <SP>0</SP>
        <SFCF>0.93141646001851319</SFCF>
        <CFR>0.099999830876139534</CFR>
        <CWH>0.12062916235728624</CWH>
        <CFGlacier>1</CFGlacier>
        <CFSlope>1</CFSlope>
        <FC>262.06001197144343</FC>
        <LP>0.30000072248539694</LP>
        <BETA>2.6158555235117591</BETA>
      </SubCatchmentVegetationZoneParameters>
    </SubCatchmentVegetationZone>
  </SubCatchment>
</Catchment>