<?xml version="1.0" encoding="utf-8"?>
<Catchment xmlns:xsi="http://www.w3.org/2001/XMLSchema-instance" xmlns:xsd="http://www.w3.org/2001/XMLSchema">
  <CatchmentParameters>
    <KSI>0.001</KSI>
    <KGmin>0.05</KGmin>
    <RangeKG>0.1</RangeKG>
    <AG>0.1</AG>
    <PERC>9.998822804554532</PERC>
    <Alpha>0</Alpha>
    <UZL>152.07316753314009</UZL>
    <K0>0.41523585034118976</K0>
    <K1>0.22606386495363554</K1>
    <K2>0.074966727982631584</K2>
    <MAXBAS>2.3206552489421282</MAXBAS>
    <Cet>0</Cet>
    <PCALT>10</PCALT>
    <TCALT>0.6</TCALT>
    <Pelev>2541</Pelev>
    <Telev>2541</Telev>
    <PART>0.5</PART>
    <DELAY>1</DELAY>
  </CatchmentParameters>
  <VegetationZone>
    <VegetationZoneParameters>
      <TT>0.672414267094618</TT>
      <CFMAX>1.6744678894656919</CFMAX>
      <SP>0</SP>
      <SFCF>0.91448708260384526</SFCF>
      <CFR>1.1253034467278799E-07</CFR>
      <CWH>0.10000002031678844</CWH>
      <CFGlacier>1</CFGlacier>
      <CFSlope>1</CFSlope>
      <FC>233.0790204108433</FC>
      <LP>0.30000095825385359</LP>
      <BETA>1.9667306458109519</BETA>
    </VegetationZoneParameters>
  </VegetationZone>
  <SubCatchment>
    <SubCatchmentParameters>
      <KSI>0.001</KSI>
      <KGmin>0.05</KGmin>
      <RangeKG>0.1</RangeKG>
      <AG>0.1</AG>
      <PERC>9.998822804554532</PERC>
      <Alpha>0</Alpha>
      <UZL>152.07316753314009</UZL>
      <K0>0.41523585034118976</K0>
      <K1>0.22606386495363554</K1>
      <K2>0.074966727982631584</K2>
      <MAXBAS>2.3206552489421282</MAXBAS>
      <Cet>0</Cet>
      <PCALT>10</PCALT>
      <TCALT>0.6</TCALT>
      <Pelev>2541</Pelev>
      <Telev>2541</Telev>
      <PART>0.5</PART>
      <DELAY>1</DELAY>
    </SubCatchmentParameters>
    <SubCatchmentVegetationZone>
      <SubCatchmentVegetationZoneParameters>
        <TT>0.672414267094618</TT>
        <CFMAX>1.6744678894656919</CFMAX>
        <SP>0</SP>
        <SFCF>0.91448708260384526</SFCF>
        <CFR>1.1253034467278799E-07</CFR>
        <CWH>0.10000002031678844</CWH>
        <CFGlacier>1</CFGlacier>
        <CFSlope>1</CFSlope>
        <FC>233.0790204108433</FC>
        <LP>0.30000095825385359</LP>
        <BETA>1.9667306458109519</BETA>
      </SubCatchmentVegetationZoneParameters>
    </SubCatchmentVegetationZone>
  </SubCatchment>
</Catchment>