<?xml version="1.0" encoding="utf-8"?>
<Catchment xmlns:xsi="http://www.w3.org/2001/XMLSchema-instance" xmlns:xsd="http://www.w3.org/2001/XMLSchema">
  <CatchmentParameters>
    <KSI>0.001</KSI>
    <KGmin>0.05</KGmin>
    <RangeKG>0.1</RangeKG>
    <AG>0.1</AG>
    <PERC>8.19347303164678</PERC>
    <Alpha>0</Alpha>
    <UZL>142.12115204937967</UZL>
    <K0>0.5135554812287072</K0>
    <K1>0.40015959538154705</K1>
    <K2>0.11720712017131423</K2>
    <MAXBAS>2.4898376759598504</MAXBAS>
    <Cet>0</Cet>
    <PCALT>10</PCALT>
    <TCALT>0.6</TCALT>
    <Pelev>2541</Pelev>
    <Telev>2541</Telev>
    <PART>0.5</PART>
    <DELAY>1</DELAY>
  </CatchmentParameters>
  <VegetationZone>
    <VegetationZoneParameters>
      <TT>-0.79861414881548065</TT>
      <CFMAX>1.0553426355885818</CFMAX>
      <SP>0</SP>
      <SFCF>0.98100352530364987</SFCF>
      <CFR>0.081176537662224754</CFR>
      <CWH>0.14725687759434725</CWH>
      <CFGlacier>1</CFGlacier>
      <CFSlope>1</CFSlope>
      <FC>348.38064718241037</FC>
      <LP>0.477887043458287</LP>
      <BETA>2.5359517895598112</BETA>
    </VegetationZoneParameters>
  </VegetationZone>
  <SubCatchment>
    <SubCatchmentParameters>
      <KSI>0.001</KSI>
      <KGmin>0.05</KGmin>
      <RangeKG>0.1</RangeKG>
      <AG>0.1</AG>
      <PERC>8.19347303164678</PERC>
      <Alpha>0</Alpha>
      <UZL>142.12115204937967</UZL>
      <K0>0.5135554812287072</K0>
      <K1>0.40015959538154705</K1>
      <K2>0.11720712017131423</K2>
      <MAXBAS>2.4898376759598504</MAXBAS>
      <Cet>0</Cet>
      <PCALT>10</PCALT>
      <TCALT>0.6</TCALT>
      <Pelev>2541</Pelev>
      <Telev>2541</Telev>
      <PART>0.5</PART>
      <DELAY>1</DELAY>
    </SubCatchmentParameters>
    <SubCatchmentVegetationZone>
      <SubCatchmentVegetationZoneParameters>
        <TT>-0.79861414881548065</TT>
        <CFMAX>1.0553426355885818</CFMAX>
        <SP>0</SP>
        <SFCF>0.98100352530364987</SFCF>
        <CFR>0.081176537662224754</CFR>
        <CWH>0.14725687759434725</CWH>
        <CFGlacier>1</CFGlacier>
        <CFSlope>1</CFSlope>
        <FC>348.38064718241037</FC>
        <LP>0.477887043458287</LP>
        <BETA>2.5359517895598112</BETA>
      </SubCatchmentVegetationZoneParameters>
    </SubCatchmentVegetationZone>
  </SubCatchment>
</Catchment>