<?xml version="1.0" encoding="utf-8"?>
<Catchment xmlns:xsi="http://www.w3.org/2001/XMLSchema-instance" xmlns:xsd="http://www.w3.org/2001/XMLSchema">
  <CatchmentParameters>
    <KSI>0.001</KSI>
    <KGmin>0.05</KGmin>
    <RangeKG>0.1</RangeKG>
    <AG>0.1</AG>
    <PERC>3.5238450617284727</PERC>
    <Alpha>0</Alpha>
    <UZL>27.976157988520654</UZL>
    <K0>0.35607278833091033</K0>
    <K1>0.1303132571527498</K1>
    <K2>0.0785141358163551</K2>
    <MAXBAS>2.0091681175142782</MAXBAS>
    <Cet>0</Cet>
    <PCALT>10</PCALT>
    <TCALT>0.6</TCALT>
    <Pelev>2541</Pelev>
    <Telev>2541</Telev>
    <PART>0.5</PART>
    <DELAY>1</DELAY>
  </CatchmentParameters>
  <VegetationZone>
    <VegetationZoneParameters>
      <TT>-1.0868352064188736</TT>
      <CFMAX>1.0583866928357208</CFMAX>
      <SP>0</SP>
      <SFCF>1.1348382516106372</SFCF>
      <CFR>0.099999496906165261</CFR>
      <CWH>0.12136967909204036</CWH>
      <CFGlacier>1</CFGlacier>
      <CFSlope>1</CFSlope>
      <FC>370.978583544774</FC>
      <LP>0.30000061134652251</LP>
      <BETA>1.7644244736740411</BETA>
    </VegetationZoneParameters>
  </VegetationZone>
  <SubCatchment>
    <SubCatchmentParameters>
      <KSI>0.001</KSI>
      <KGmin>0.05</KGmin>
      <RangeKG>0.1</RangeKG>
      <AG>0.1</AG>
      <PERC>3.5238450617284727</PERC>
      <Alpha>0</Alpha>
      <UZL>27.976157988520654</UZL>
      <K0>0.35607278833091033</K0>
      <K1>0.1303132571527498</K1>
      <K2>0.0785141358163551</K2>
      <MAXBAS>2.0091681175142782</MAXBAS>
      <Cet>0</Cet>
      <PCALT>10</PCALT>
      <TCALT>0.6</TCALT>
      <Pelev>2541</Pelev>
      <Telev>2541</Telev>
      <PART>0.5</PART>
      <DELAY>1</DELAY>
    </SubCatchmentParameters>
    <SubCatchmentVegetationZone>
      <SubCatchmentVegetationZoneParameters>
        <TT>-1.0868352064188736</TT>
        <CFMAX>1.0583866928357208</CFMAX>
        <SP>0</SP>
        <SFCF>1.1348382516106372</SFCF>
        <CFR>0.099999496906165261</CFR>
        <CWH>0.12136967909204036</CWH>
        <CFGlacier>1</CFGlacier>
        <CFSlope>1</CFSlope>
        <FC>370.978583544774</FC>
        <LP>0.30000061134652251</LP>
        <BETA>1.7644244736740411</BETA>
      </SubCatchmentVegetationZoneParameters>
    </SubCatchmentVegetationZone>
  </SubCatchment>
</Catchment>