<?xml version="1.0" encoding="utf-8"?>
<Catchment xmlns:xsi="http://www.w3.org/2001/XMLSchema-instance" xmlns:xsd="http://www.w3.org/2001/XMLSchema">
  <CatchmentParameters>
    <KSI>0.001</KSI>
    <KGmin>0.05</KGmin>
    <RangeKG>0.1</RangeKG>
    <AG>0.1</AG>
    <PERC>8.6314163150797469</PERC>
    <Alpha>0</Alpha>
    <UZL>67.840280916213842</UZL>
    <K0>0.28405974980083182</K0>
    <K1>0.37637809614054657</K1>
    <K2>0.098754085499346</K2>
    <MAXBAS>2.4999945267176589</MAXBAS>
    <Cet>0</Cet>
    <PCALT>10</PCALT>
    <TCALT>0.6</TCALT>
    <Pelev>2541</Pelev>
    <Telev>2541</Telev>
    <PART>0.5</PART>
    <DELAY>1</DELAY>
  </CatchmentParameters>
  <VegetationZone>
    <VegetationZoneParameters>
      <TT>-0.26799439560307203</TT>
      <CFMAX>1.1958513234558994</CFMAX>
      <SP>0</SP>
      <SFCF>0.94083679561488276</SFCF>
      <CFR>4.30043956265545E-07</CFR>
      <CWH>0.10000021595169108</CWH>
      <CFGlacier>1</CFGlacier>
      <CFSlope>1</CFSlope>
      <FC>277.80872344001125</FC>
      <LP>0.30000107680562216</LP>
      <BETA>2.3294829140572464</BETA>
    </VegetationZoneParameters>
  </VegetationZone>
  <SubCatchment>
    <SubCatchmentParameters>
      <KSI>0.001</KSI>
      <KGmin>0.05</KGmin>
      <RangeKG>0.1</RangeKG>
      <AG>0.1</AG>
      <PERC>8.6314163150797469</PERC>
      <Alpha>0</Alpha>
      <UZL>67.840280916213842</UZL>
      <K0>0.28405974980083182</K0>
      <K1>0.37637809614054657</K1>
      <K2>0.098754085499346</K2>
      <MAXBAS>2.4999945267176589</MAXBAS>
      <Cet>0</Cet>
      <PCALT>10</PCALT>
      <TCALT>0.6</TCALT>
      <Pelev>2541</Pelev>
      <Telev>2541</Telev>
      <PART>0.5</PART>
      <DELAY>1</DELAY>
    </SubCatchmentParameters>
    <SubCatchmentVegetationZone>
      <SubCatchmentVegetationZoneParameters>
        <TT>-0.26799439560307203</TT>
        <CFMAX>1.1958513234558994</CFMAX>
        <SP>0</SP>
        <SFCF>0.94083679561488276</SFCF>
        <CFR>4.30043956265545E-07</CFR>
        <CWH>0.10000021595169108</CWH>
        <CFGlacier>1</CFGlacier>
        <CFSlope>1</CFSlope>
        <FC>277.80872344001125</FC>
        <LP>0.30000107680562216</LP>
        <BETA>2.3294829140572464</BETA>
      </SubCatchmentVegetationZoneParameters>
    </SubCatchmentVegetationZone>
  </SubCatchment>
</Catchment>