<?xml version="1.0" encoding="utf-8"?>
<Catchment xmlns:xsi="http://www.w3.org/2001/XMLSchema-instance" xmlns:xsd="http://www.w3.org/2001/XMLSchema">
  <CatchmentParameters>
    <KSI>0.001</KSI>
    <KGmin>0.05</KGmin>
    <RangeKG>0.1</RangeKG>
    <AG>0.1</AG>
    <PERC>9.83870910765768</PERC>
    <Alpha>0</Alpha>
    <UZL>174.46473134509898</UZL>
    <K0>0.21010892219175309</K0>
    <K1>0.47233751323829093</K1>
    <K2>0.11232445750295349</K2>
    <MAXBAS>2.4999542933326233</MAXBAS>
    <Cet>0</Cet>
    <PCALT>10</PCALT>
    <TCALT>0.6</TCALT>
    <Pelev>2541</Pelev>
    <Telev>2541</Telev>
    <PART>0.5</PART>
    <DELAY>1</DELAY>
  </CatchmentParameters>
  <VegetationZone>
    <VegetationZoneParameters>
      <TT>-0.5900694041885981</TT>
      <CFMAX>1.1601108587712781</CFMAX>
      <SP>0</SP>
      <SFCF>0.99543608362075608</SFCF>
      <CFR>0.0999996320076117</CFR>
      <CWH>0.12479212361443472</CWH>
      <CFGlacier>1</CFGlacier>
      <CFSlope>1</CFSlope>
      <FC>334.4509874348098</FC>
      <LP>0.52589058058407989</LP>
      <BETA>2.3951217749200837</BETA>
    </VegetationZoneParameters>
  </VegetationZone>
  <SubCatchment>
    <SubCatchmentParameters>
      <KSI>0.001</KSI>
      <KGmin>0.05</KGmin>
      <RangeKG>0.1</RangeKG>
      <AG>0.1</AG>
      <PERC>9.83870910765768</PERC>
      <Alpha>0</Alpha>
      <UZL>174.46473134509898</UZL>
      <K0>0.21010892219175309</K0>
      <K1>0.47233751323829093</K1>
      <K2>0.11232445750295349</K2>
      <MAXBAS>2.4999542933326233</MAXBAS>
      <Cet>0</Cet>
      <PCALT>10</PCALT>
      <TCALT>0.6</TCALT>
      <Pelev>2541</Pelev>
      <Telev>2541</Telev>
      <PART>0.5</PART>
      <DELAY>1</DELAY>
    </SubCatchmentParameters>
    <SubCatchmentVegetationZone>
      <SubCatchmentVegetationZoneParameters>
        <TT>-0.5900694041885981</TT>
        <CFMAX>1.1601108587712781</CFMAX>
        <SP>0</SP>
        <SFCF>0.99543608362075608</SFCF>
        <CFR>0.0999996320076117</CFR>
        <CWH>0.12479212361443472</CWH>
        <CFGlacier>1</CFGlacier>
        <CFSlope>1</CFSlope>
        <FC>334.4509874348098</FC>
        <LP>0.52589058058407989</LP>
        <BETA>2.3951217749200837</BETA>
      </SubCatchmentVegetationZoneParameters>
    </SubCatchmentVegetationZone>
  </SubCatchment>
</Catchment>