<?xml version="1.0" encoding="utf-8"?>
<Catchment xmlns:xsi="http://www.w3.org/2001/XMLSchema-instance" xmlns:xsd="http://www.w3.org/2001/XMLSchema">
  <CatchmentParameters>
    <KSI>0.001</KSI>
    <KGmin>0.05</KGmin>
    <RangeKG>0.1</RangeKG>
    <AG>0.1</AG>
    <PERC>1.1532270119059409</PERC>
    <Alpha>0</Alpha>
    <UZL>154.39955279739456</UZL>
    <K0>0.49827237990924311</K0>
    <K1>0.0889350966174895</K1>
    <K2>0.022236548112169106</K2>
    <MAXBAS>1</MAXBAS>
    <Cet>0</Cet>
    <PCALT>10</PCALT>
    <TCALT>0.6</TCALT>
    <Pelev>2541</Pelev>
    <Telev>2541</Telev>
    <PART>0.5</PART>
    <DELAY>1</DELAY>
  </CatchmentParameters>
  <VegetationZone>
    <VegetationZoneParameters>
      <TT>-0.0789512600314924</TT>
      <CFMAX>2.1030419378952452</CFMAX>
      <SP>0</SP>
      <SFCF>1.2813064441781057</SFCF>
      <CFR>1.8116937568952848E-07</CFR>
      <CWH>0.10000000020359526</CWH>
      <CFGlacier>1</CFGlacier>
      <CFSlope>1</CFSlope>
      <FC>1041.005386692168</FC>
      <LP>0.9731296111044222</LP>
      <BETA>3.1809907263441008</BETA>
    </VegetationZoneParameters>
  </VegetationZone>
  <SubCatchment>
    <SubCatchmentParameters>
      <KSI>0.001</KSI>
      <KGmin>0.05</KGmin>
      <RangeKG>0.1</RangeKG>
      <AG>0.1</AG>
      <PERC>1.1532270119059409</PERC>
      <Alpha>0</Alpha>
      <UZL>154.39955279739456</UZL>
      <K0>0.49827237990924311</K0>
      <K1>0.0889350966174895</K1>
      <K2>0.022236548112169106</K2>
      <MAXBAS>1</MAXBAS>
      <Cet>0</Cet>
      <PCALT>10</PCALT>
      <TCALT>0.6</TCALT>
      <Pelev>2541</Pelev>
      <Telev>2541</Telev>
      <PART>0.5</PART>
      <DELAY>1</DELAY>
    </SubCatchmentParameters>
    <SubCatchmentVegetationZone>
      <SubCatchmentVegetationZoneParameters>
        <TT>-0.0789512600314924</TT>
        <CFMAX>2.1030419378952452</CFMAX>
        <SP>0</SP>
        <SFCF>1.2813064441781057</SFCF>
        <CFR>1.8116937568952848E-07</CFR>
        <CWH>0.10000000020359526</CWH>
        <CFGlacier>1</CFGlacier>
        <CFSlope>1</CFSlope>
        <FC>1041.005386692168</FC>
        <LP>0.9731296111044222</LP>
        <BETA>3.1809907263441008</BETA>
      </SubCatchmentVegetationZoneParameters>
    </SubCatchmentVegetationZone>
  </SubCatchment>
</Catchment>