<?xml version="1.0" encoding="utf-8"?>
<Catchment xmlns:xsi="http://www.w3.org/2001/XMLSchema-instance" xmlns:xsd="http://www.w3.org/2001/XMLSchema">
  <CatchmentParameters>
    <KSI>0.001</KSI>
    <KGmin>0.05</KGmin>
    <RangeKG>0.1</RangeKG>
    <AG>0.1</AG>
    <PERC>9.9999580581581355</PERC>
    <Alpha>0</Alpha>
    <UZL>99.567072707218514</UZL>
    <K0>0.12506531874956992</K0>
    <K1>0.52658282501513209</K1>
    <K2>0.10943894409852469</K2>
    <MAXBAS>2.4999833123074788</MAXBAS>
    <Cet>0</Cet>
    <PCALT>10</PCALT>
    <TCALT>0.6</TCALT>
    <Pelev>2541</Pelev>
    <Telev>2541</Telev>
    <PART>0.5</PART>
    <DELAY>1</DELAY>
  </CatchmentParameters>
  <VegetationZone>
    <VegetationZoneParameters>
      <TT>-0.904178566588347</TT>
      <CFMAX>1.2020743332194561</CFMAX>
      <SP>0</SP>
      <SFCF>1.1495934108301249</SFCF>
      <CFR>0.099998017792424676</CFR>
      <CWH>0.10000038450706429</CWH>
      <CFGlacier>1</CFGlacier>
      <CFSlope>1</CFSlope>
      <FC>430.10448474341035</FC>
      <LP>0.4830646708712345</LP>
      <BETA>2.0771269795850067</BETA>
    </VegetationZoneParameters>
  </VegetationZone>
  <SubCatchment>
    <SubCatchmentParameters>
      <KSI>0.001</KSI>
      <KGmin>0.05</KGmin>
      <RangeKG>0.1</RangeKG>
      <AG>0.1</AG>
      <PERC>9.9999580581581355</PERC>
      <Alpha>0</Alpha>
      <UZL>99.567072707218514</UZL>
      <K0>0.12506531874956992</K0>
      <K1>0.52658282501513209</K1>
      <K2>0.10943894409852469</K2>
      <MAXBAS>2.4999833123074788</MAXBAS>
      <Cet>0</Cet>
      <PCALT>10</PCALT>
      <TCALT>0.6</TCALT>
      <Pelev>2541</Pelev>
      <Telev>2541</Telev>
      <PART>0.5</PART>
      <DELAY>1</DELAY>
    </SubCatchmentParameters>
    <SubCatchmentVegetationZone>
      <SubCatchmentVegetationZoneParameters>
        <TT>-0.904178566588347</TT>
        <CFMAX>1.2020743332194561</CFMAX>
        <SP>0</SP>
        <SFCF>1.1495934108301249</SFCF>
        <CFR>0.099998017792424676</CFR>
        <CWH>0.10000038450706429</CWH>
        <CFGlacier>1</CFGlacier>
        <CFSlope>1</CFSlope>
        <FC>430.10448474341035</FC>
        <LP>0.4830646708712345</LP>
        <BETA>2.0771269795850067</BETA>
      </SubCatchmentVegetationZoneParameters>
    </SubCatchmentVegetationZone>
  </SubCatchment>
</Catchment>