<?xml version="1.0" encoding="utf-8"?>
<Catchment xmlns:xsi="http://www.w3.org/2001/XMLSchema-instance" xmlns:xsd="http://www.w3.org/2001/XMLSchema">
  <CatchmentParameters>
    <KSI>0.001</KSI>
    <KGmin>0.05</KGmin>
    <RangeKG>0.1</RangeKG>
    <AG>0.1</AG>
    <PERC>2.9194795450851836</PERC>
    <Alpha>0</Alpha>
    <UZL>173.2466615560422</UZL>
    <K0>0.10865736539452063</K0>
    <K1>0.16789193662961066</K1>
    <K2>0.0626099186862395</K2>
    <MAXBAS>1.6689089470987408</MAXBAS>
    <Cet>0</Cet>
    <PCALT>10</PCALT>
    <TCALT>0.6</TCALT>
    <Pelev>2541</Pelev>
    <Telev>2541</Telev>
    <PART>0.5</PART>
    <DELAY>1</DELAY>
  </CatchmentParameters>
  <VegetationZone>
    <VegetationZoneParameters>
      <TT>-0.6576305827023905</TT>
      <CFMAX>1.3047358926537385</CFMAX>
      <SP>0</SP>
      <SFCF>1.1198015604166725</SFCF>
      <CFR>0.0999991606168193</CFR>
      <CWH>0.10000004986895629</CWH>
      <CFGlacier>1</CFGlacier>
      <CFSlope>1</CFSlope>
      <FC>378.90224005545969</FC>
      <LP>0.3187019634688335</LP>
      <BETA>1.6107843136406272</BETA>
    </VegetationZoneParameters>
  </VegetationZone>
  <SubCatchment>
    <SubCatchmentParameters>
      <KSI>0.001</KSI>
      <KGmin>0.05</KGmin>
      <RangeKG>0.1</RangeKG>
      <AG>0.1</AG>
      <PERC>2.9194795450851836</PERC>
      <Alpha>0</Alpha>
      <UZL>173.2466615560422</UZL>
      <K0>0.10865736539452063</K0>
      <K1>0.16789193662961066</K1>
      <K2>0.0626099186862395</K2>
      <MAXBAS>1.6689089470987408</MAXBAS>
      <Cet>0</Cet>
      <PCALT>10</PCALT>
      <TCALT>0.6</TCALT>
      <Pelev>2541</Pelev>
      <Telev>2541</Telev>
      <PART>0.5</PART>
      <DELAY>1</DELAY>
    </SubCatchmentParameters>
    <SubCatchmentVegetationZone>
      <SubCatchmentVegetationZoneParameters>
        <TT>-0.6576305827023905</TT>
        <CFMAX>1.3047358926537385</CFMAX>
        <SP>0</SP>
        <SFCF>1.1198015604166725</SFCF>
        <CFR>0.0999991606168193</CFR>
        <CWH>0.10000004986895629</CWH>
        <CFGlacier>1</CFGlacier>
        <CFSlope>1</CFSlope>
        <FC>378.90224005545969</FC>
        <LP>0.3187019634688335</LP>
        <BETA>1.6107843136406272</BETA>
      </SubCatchmentVegetationZoneParameters>
    </SubCatchmentVegetationZone>
  </SubCatchment>
</Catchment>