<?xml version="1.0" encoding="utf-8"?>
<Catchment xmlns:xsi="http://www.w3.org/2001/XMLSchema-instance" xmlns:xsd="http://www.w3.org/2001/XMLSchema">
  <CatchmentParameters>
    <KSI>0.001</KSI>
    <KGmin>0.05</KGmin>
    <RangeKG>0.1</RangeKG>
    <AG>0.1</AG>
    <PERC>9.99996337628813</PERC>
    <Alpha>0</Alpha>
    <UZL>88.59264750296002</UZL>
    <K0>0.58412008311952157</K0>
    <K1>0.5325121397005268</K1>
    <K2>0.11149748344649284</K2>
    <MAXBAS>2.499974240763398</MAXBAS>
    <Cet>0</Cet>
    <PCALT>10</PCALT>
    <TCALT>0.6</TCALT>
    <Pelev>2541</Pelev>
    <Telev>2541</Telev>
    <PART>0.5</PART>
    <DELAY>1</DELAY>
  </CatchmentParameters>
  <VegetationZone>
    <VegetationZoneParameters>
      <TT>-0.93935729317519268</TT>
      <CFMAX>1.173157369542323</CFMAX>
      <SP>0</SP>
      <SFCF>1.1484461528980803</SFCF>
      <CFR>0.074733993710143165</CFR>
      <CWH>0.10000058089213855</CWH>
      <CFGlacier>1</CFGlacier>
      <CFSlope>1</CFSlope>
      <FC>441.56771867561218</FC>
      <LP>0.526065965286776</LP>
      <BETA>2.1860016938172406</BETA>
    </VegetationZoneParameters>
  </VegetationZone>
  <SubCatchment>
    <SubCatchmentParameters>
      <KSI>0.001</KSI>
      <KGmin>0.05</KGmin>
      <RangeKG>0.1</RangeKG>
      <AG>0.1</AG>
      <PERC>9.99996337628813</PERC>
      <Alpha>0</Alpha>
      <UZL>88.59264750296002</UZL>
      <K0>0.58412008311952157</K0>
      <K1>0.5325121397005268</K1>
      <K2>0.11149748344649284</K2>
      <MAXBAS>2.499974240763398</MAXBAS>
      <Cet>0</Cet>
      <PCALT>10</PCALT>
      <TCALT>0.6</TCALT>
      <Pelev>2541</Pelev>
      <Telev>2541</Telev>
      <PART>0.5</PART>
      <DELAY>1</DELAY>
    </SubCatchmentParameters>
    <SubCatchmentVegetationZone>
      <SubCatchmentVegetationZoneParameters>
        <TT>-0.93935729317519268</TT>
        <CFMAX>1.173157369542323</CFMAX>
        <SP>0</SP>
        <SFCF>1.1484461528980803</SFCF>
        <CFR>0.074733993710143165</CFR>
        <CWH>0.10000058089213855</CWH>
        <CFGlacier>1</CFGlacier>
        <CFSlope>1</CFSlope>
        <FC>441.56771867561218</FC>
        <LP>0.526065965286776</LP>
        <BETA>2.1860016938172406</BETA>
      </SubCatchmentVegetationZoneParameters>
    </SubCatchmentVegetationZone>
  </SubCatchment>
</Catchment>