<?xml version="1.0" encoding="utf-8"?>
<Catchment xmlns:xsi="http://www.w3.org/2001/XMLSchema-instance" xmlns:xsd="http://www.w3.org/2001/XMLSchema">
  <CatchmentParameters>
    <KSI>0.001</KSI>
    <KGmin>0.05</KGmin>
    <RangeKG>0.1</RangeKG>
    <AG>0.1</AG>
    <PERC>0.77623727856095193</PERC>
    <Alpha>0</Alpha>
    <UZL>132.12275349584689</UZL>
    <K0>0.0566824775778412</K0>
    <K1>0.094483197491544588</K1>
    <K2>0.019403757784737935</K2>
    <MAXBAS>1</MAXBAS>
    <Cet>0</Cet>
    <PCALT>10</PCALT>
    <TCALT>0.6</TCALT>
    <Pelev>2541</Pelev>
    <Telev>2541</Telev>
    <PART>0.5</PART>
    <DELAY>1</DELAY>
  </CatchmentParameters>
  <VegetationZone>
    <VegetationZoneParameters>
      <TT>-0.30521222322222952</TT>
      <CFMAX>2.1714918984001232</CFMAX>
      <SP>0</SP>
      <SFCF>1.4096598624280965</SFCF>
      <CFR>2.7448958801736683E-07</CFR>
      <CWH>0.10000003472097629</CWH>
      <CFGlacier>1</CFGlacier>
      <CFSlope>1</CFSlope>
      <FC>1054.1264653340163</FC>
      <LP>0.72066360451508249</LP>
      <BETA>2.408730670938906</BETA>
    </VegetationZoneParameters>
  </VegetationZone>
  <SubCatchment>
    <SubCatchmentParameters>
      <KSI>0.001</KSI>
      <KGmin>0.05</KGmin>
      <RangeKG>0.1</RangeKG>
      <AG>0.1</AG>
      <PERC>0.77623727856095193</PERC>
      <Alpha>0</Alpha>
      <UZL>132.12275349584689</UZL>
      <K0>0.0566824775778412</K0>
      <K1>0.094483197491544588</K1>
      <K2>0.019403757784737935</K2>
      <MAXBAS>1</MAXBAS>
      <Cet>0</Cet>
      <PCALT>10</PCALT>
      <TCALT>0.6</TCALT>
      <Pelev>2541</Pelev>
      <Telev>2541</Telev>
      <PART>0.5</PART>
      <DELAY>1</DELAY>
    </SubCatchmentParameters>
    <SubCatchmentVegetationZone>
      <SubCatchmentVegetationZoneParameters>
        <TT>-0.30521222322222952</TT>
        <CFMAX>2.1714918984001232</CFMAX>
        <SP>0</SP>
        <SFCF>1.4096598624280965</SFCF>
        <CFR>2.7448958801736683E-07</CFR>
        <CWH>0.10000003472097629</CWH>
        <CFGlacier>1</CFGlacier>
        <CFSlope>1</CFSlope>
        <FC>1054.1264653340163</FC>
        <LP>0.72066360451508249</LP>
        <BETA>2.408730670938906</BETA>
      </SubCatchmentVegetationZoneParameters>
    </SubCatchmentVegetationZone>
  </SubCatchment>
</Catchment>