<?xml version="1.0" encoding="utf-8"?>
<Catchment xmlns:xsi="http://www.w3.org/2001/XMLSchema-instance" xmlns:xsd="http://www.w3.org/2001/XMLSchema">
  <CatchmentParameters>
    <KSI>0.001</KSI>
    <KGmin>0.05</KGmin>
    <RangeKG>0.1</RangeKG>
    <AG>0.1</AG>
    <PERC>9.2632626060968075</PERC>
    <Alpha>0</Alpha>
    <UZL>174.50265488656766</UZL>
    <K0>0.48149131813202833</K0>
    <K1>0.36416504949246281</K1>
    <K2>0.0948992055219664</K2>
    <MAXBAS>2.4999593679766785</MAXBAS>
    <Cet>0</Cet>
    <PCALT>10</PCALT>
    <TCALT>0.6</TCALT>
    <Pelev>2541</Pelev>
    <Telev>2541</Telev>
    <PART>0.5</PART>
    <DELAY>1</DELAY>
  </CatchmentParameters>
  <VegetationZone>
    <VegetationZoneParameters>
      <TT>-0.29426052919784723</TT>
      <CFMAX>1.3057456895829498</CFMAX>
      <SP>0</SP>
      <SFCF>1.0102540256995549</SFCF>
      <CFR>0.041053418196982987</CFR>
      <CWH>0.1000001379129504</CWH>
      <CFGlacier>1</CFGlacier>
      <CFSlope>1</CFSlope>
      <FC>296.46543092356234</FC>
      <LP>0.30000241702049568</LP>
      <BETA>1.9988791095141338</BETA>
    </VegetationZoneParameters>
  </VegetationZone>
  <SubCatchment>
    <SubCatchmentParameters>
      <KSI>0.001</KSI>
      <KGmin>0.05</KGmin>
      <RangeKG>0.1</RangeKG>
      <AG>0.1</AG>
      <PERC>9.2632626060968075</PERC>
      <Alpha>0</Alpha>
      <UZL>174.50265488656766</UZL>
      <K0>0.48149131813202833</K0>
      <K1>0.36416504949246281</K1>
      <K2>0.0948992055219664</K2>
      <MAXBAS>2.4999593679766785</MAXBAS>
      <Cet>0</Cet>
      <PCALT>10</PCALT>
      <TCALT>0.6</TCALT>
      <Pelev>2541</Pelev>
      <Telev>2541</Telev>
      <PART>0.5</PART>
      <DELAY>1</DELAY>
    </SubCatchmentParameters>
    <SubCatchmentVegetationZone>
      <SubCatchmentVegetationZoneParameters>
        <TT>-0.29426052919784723</TT>
        <CFMAX>1.3057456895829498</CFMAX>
        <SP>0</SP>
        <SFCF>1.0102540256995549</SFCF>
        <CFR>0.041053418196982987</CFR>
        <CWH>0.1000001379129504</CWH>
        <CFGlacier>1</CFGlacier>
        <CFSlope>1</CFSlope>
        <FC>296.46543092356234</FC>
        <LP>0.30000241702049568</LP>
        <BETA>1.9988791095141338</BETA>
      </SubCatchmentVegetationZoneParameters>
    </SubCatchmentVegetationZone>
  </SubCatchment>
</Catchment>