<?xml version="1.0" encoding="utf-8"?>
<Catchment xmlns:xsi="http://www.w3.org/2001/XMLSchema-instance" xmlns:xsd="http://www.w3.org/2001/XMLSchema">
  <CatchmentParameters>
    <KSI>0.001</KSI>
    <KGmin>0.05</KGmin>
    <RangeKG>0.1</RangeKG>
    <AG>0.1</AG>
    <PERC>9.5752633570120977</PERC>
    <Alpha>0</Alpha>
    <UZL>161.45734095751294</UZL>
    <K0>0.588146282534211</K0>
    <K1>0.43506225479828176</K1>
    <K2>0.10599382170816478</K2>
    <MAXBAS>2.4999851510083713</MAXBAS>
    <Cet>0</Cet>
    <PCALT>10</PCALT>
    <TCALT>0.6</TCALT>
    <Pelev>2541</Pelev>
    <Telev>2541</Telev>
    <PART>0.5</PART>
    <DELAY>1</DELAY>
  </CatchmentParameters>
  <VegetationZone>
    <VegetationZoneParameters>
      <TT>-0.65762867450924312</TT>
      <CFMAX>1.2215423788102779</CFMAX>
      <SP>0</SP>
      <SFCF>1.0594785061197345</SFCF>
      <CFR>0.099985352886804518</CFR>
      <CWH>0.10000239253342659</CWH>
      <CFGlacier>1</CFGlacier>
      <CFSlope>1</CFSlope>
      <FC>343.14090879854041</FC>
      <LP>0.30001868291245892</LP>
      <BETA>2.0258064388593766</BETA>
    </VegetationZoneParameters>
  </VegetationZone>
  <SubCatchment>
    <SubCatchmentParameters>
      <KSI>0.001</KSI>
      <KGmin>0.05</KGmin>
      <RangeKG>0.1</RangeKG>
      <AG>0.1</AG>
      <PERC>9.5752633570120977</PERC>
      <Alpha>0</Alpha>
      <UZL>161.45734095751294</UZL>
      <K0>0.588146282534211</K0>
      <K1>0.43506225479828176</K1>
      <K2>0.10599382170816478</K2>
      <MAXBAS>2.4999851510083713</MAXBAS>
      <Cet>0</Cet>
      <PCALT>10</PCALT>
      <TCALT>0.6</TCALT>
      <Pelev>2541</Pelev>
      <Telev>2541</Telev>
      <PART>0.5</PART>
      <DELAY>1</DELAY>
    </SubCatchmentParameters>
    <SubCatchmentVegetationZone>
      <SubCatchmentVegetationZoneParameters>
        <TT>-0.65762867450924312</TT>
        <CFMAX>1.2215423788102779</CFMAX>
        <SP>0</SP>
        <SFCF>1.0594785061197345</SFCF>
        <CFR>0.099985352886804518</CFR>
        <CWH>0.10000239253342659</CWH>
        <CFGlacier>1</CFGlacier>
        <CFSlope>1</CFSlope>
        <FC>343.14090879854041</FC>
        <LP>0.30001868291245892</LP>
        <BETA>2.0258064388593766</BETA>
      </SubCatchmentVegetationZoneParameters>
    </SubCatchmentVegetationZone>
  </SubCatchment>
</Catchment>