<?xml version="1.0" encoding="utf-8"?>
<Catchment xmlns:xsi="http://www.w3.org/2001/XMLSchema-instance" xmlns:xsd="http://www.w3.org/2001/XMLSchema">
  <CatchmentParameters>
    <KSI>0.001</KSI>
    <KGmin>0.05</KGmin>
    <RangeKG>0.1</RangeKG>
    <AG>0.1</AG>
    <PERC>8.9195553563058887</PERC>
    <Alpha>0</Alpha>
    <UZL>19.087545275939295</UZL>
    <K0>0.9650585371595275</K0>
    <K1>0.22616694423813452</K1>
    <K2>0.097206440716557638</K2>
    <MAXBAS>2.4999935650111835</MAXBAS>
    <Cet>0</Cet>
    <PCALT>10</PCALT>
    <TCALT>0.6</TCALT>
    <Pelev>2541</Pelev>
    <Telev>2541</Telev>
    <PART>0.5</PART>
    <DELAY>1</DELAY>
  </CatchmentParameters>
  <VegetationZone>
    <VegetationZoneParameters>
      <TT>-0.26527258074061849</TT>
      <CFMAX>1.2520643799618698</CFMAX>
      <SP>0</SP>
      <SFCF>0.96868690998355966</SFCF>
      <CFR>1.6836682991300792E-07</CFR>
      <CWH>0.1000003500088861</CWH>
      <CFGlacier>1</CFGlacier>
      <CFSlope>1</CFSlope>
      <FC>296.88280533597231</FC>
      <LP>0.5148681218247505</LP>
      <BETA>2.44033241579293</BETA>
    </VegetationZoneParameters>
  </VegetationZone>
  <SubCatchment>
    <SubCatchmentParameters>
      <KSI>0.001</KSI>
      <KGmin>0.05</KGmin>
      <RangeKG>0.1</RangeKG>
      <AG>0.1</AG>
      <PERC>8.9195553563058887</PERC>
      <Alpha>0</Alpha>
      <UZL>19.087545275939295</UZL>
      <K0>0.9650585371595275</K0>
      <K1>0.22616694423813452</K1>
      <K2>0.097206440716557638</K2>
      <MAXBAS>2.4999935650111835</MAXBAS>
      <Cet>0</Cet>
      <PCALT>10</PCALT>
      <TCALT>0.6</TCALT>
      <Pelev>2541</Pelev>
      <Telev>2541</Telev>
      <PART>0.5</PART>
      <DELAY>1</DELAY>
    </SubCatchmentParameters>
    <SubCatchmentVegetationZone>
      <SubCatchmentVegetationZoneParameters>
        <TT>-0.26527258074061849</TT>
        <CFMAX>1.2520643799618698</CFMAX>
        <SP>0</SP>
        <SFCF>0.96868690998355966</SFCF>
        <CFR>1.6836682991300792E-07</CFR>
        <CWH>0.1000003500088861</CWH>
        <CFGlacier>1</CFGlacier>
        <CFSlope>1</CFSlope>
        <FC>296.88280533597231</FC>
        <LP>0.5148681218247505</LP>
        <BETA>2.44033241579293</BETA>
      </SubCatchmentVegetationZoneParameters>
    </SubCatchmentVegetationZone>
  </SubCatchment>
</Catchment>