<?xml version="1.0" encoding="utf-8"?>
<Catchment xmlns:xsi="http://www.w3.org/2001/XMLSchema-instance" xmlns:xsd="http://www.w3.org/2001/XMLSchema">
  <CatchmentParameters>
    <KSI>0.001</KSI>
    <KGmin>0.05</KGmin>
    <RangeKG>0.1</RangeKG>
    <AG>0.1</AG>
    <PERC>0.72797204016914341</PERC>
    <Alpha>0</Alpha>
    <UZL>141.94963212855268</UZL>
    <K0>0.056982329452412189</K0>
    <K1>0.098697567855903875</K1>
    <K2>0.017706180227014031</K2>
    <MAXBAS>1</MAXBAS>
    <Cet>0</Cet>
    <PCALT>10</PCALT>
    <TCALT>0.6</TCALT>
    <Pelev>2541</Pelev>
    <Telev>2541</Telev>
    <PART>0.5</PART>
    <DELAY>1</DELAY>
  </CatchmentParameters>
  <VegetationZone>
    <VegetationZoneParameters>
      <TT>-0.65763101145810465</TT>
      <CFMAX>1.5991597656607042</CFMAX>
      <SP>0</SP>
      <SFCF>1.2326893389418074</SFCF>
      <CFR>0.01621106248425833</CFR>
      <CWH>0.10000000030874434</CWH>
      <CFGlacier>1</CFGlacier>
      <CFSlope>1</CFSlope>
      <FC>720.80852585357286</FC>
      <LP>0.95181978157317859</LP>
      <BETA>2.8528094136294</BETA>
    </VegetationZoneParameters>
  </VegetationZone>
  <SubCatchment>
    <SubCatchmentParameters>
      <KSI>0.001</KSI>
      <KGmin>0.05</KGmin>
      <RangeKG>0.1</RangeKG>
      <AG>0.1</AG>
      <PERC>0.72797204016914341</PERC>
      <Alpha>0</Alpha>
      <UZL>141.94963212855268</UZL>
      <K0>0.056982329452412189</K0>
      <K1>0.098697567855903875</K1>
      <K2>0.017706180227014031</K2>
      <MAXBAS>1</MAXBAS>
      <Cet>0</Cet>
      <PCALT>10</PCALT>
      <TCALT>0.6</TCALT>
      <Pelev>2541</Pelev>
      <Telev>2541</Telev>
      <PART>0.5</PART>
      <DELAY>1</DELAY>
    </SubCatchmentParameters>
    <SubCatchmentVegetationZone>
      <SubCatchmentVegetationZoneParameters>
        <TT>-0.65763101145810465</TT>
        <CFMAX>1.5991597656607042</CFMAX>
        <SP>0</SP>
        <SFCF>1.2326893389418074</SFCF>
        <CFR>0.01621106248425833</CFR>
        <CWH>0.10000000030874434</CWH>
        <CFGlacier>1</CFGlacier>
        <CFSlope>1</CFSlope>
        <FC>720.80852585357286</FC>
        <LP>0.95181978157317859</LP>
        <BETA>2.8528094136294</BETA>
      </SubCatchmentVegetationZoneParameters>
    </SubCatchmentVegetationZone>
  </SubCatchment>
</Catchment>