<?xml version="1.0" encoding="utf-8"?>
<Catchment xmlns:xsi="http://www.w3.org/2001/XMLSchema-instance" xmlns:xsd="http://www.w3.org/2001/XMLSchema">
  <CatchmentParameters>
    <KSI>0.001</KSI>
    <KGmin>0.05</KGmin>
    <RangeKG>0.1</RangeKG>
    <AG>0.1</AG>
    <PERC>0.98898255592155271</PERC>
    <Alpha>0</Alpha>
    <UZL>117.65534874221908</UZL>
    <K0>0.2945515719545358</K0>
    <K1>0.10026491419774018</K1>
    <K2>0.020932930404790329</K2>
    <MAXBAS>1</MAXBAS>
    <Cet>0</Cet>
    <PCALT>10</PCALT>
    <TCALT>0.6</TCALT>
    <Pelev>2541</Pelev>
    <Telev>2541</Telev>
    <PART>0.5</PART>
    <DELAY>1</DELAY>
  </CatchmentParameters>
  <VegetationZone>
    <VegetationZoneParameters>
      <TT>-0.72511721945481367</TT>
      <CFMAX>1.821768303246802</CFMAX>
      <SP>0</SP>
      <SFCF>1.3619156022835897</SFCF>
      <CFR>4.727835488014219E-10</CFR>
      <CWH>0.10000013171559104</CWH>
      <CFGlacier>1</CFGlacier>
      <CFSlope>1</CFSlope>
      <FC>1052.3559665196881</FC>
      <LP>0.90581271829240784</LP>
      <BETA>3.2598763017625756</BETA>
    </VegetationZoneParameters>
  </VegetationZone>
  <SubCatchment>
    <SubCatchmentParameters>
      <KSI>0.001</KSI>
      <KGmin>0.05</KGmin>
      <RangeKG>0.1</RangeKG>
      <AG>0.1</AG>
      <PERC>0.98898255592155271</PERC>
      <Alpha>0</Alpha>
      <UZL>117.65534874221908</UZL>
      <K0>0.2945515719545358</K0>
      <K1>0.10026491419774018</K1>
      <K2>0.020932930404790329</K2>
      <MAXBAS>1</MAXBAS>
      <Cet>0</Cet>
      <PCALT>10</PCALT>
      <TCALT>0.6</TCALT>
      <Pelev>2541</Pelev>
      <Telev>2541</Telev>
      <PART>0.5</PART>
      <DELAY>1</DELAY>
    </SubCatchmentParameters>
    <SubCatchmentVegetationZone>
      <SubCatchmentVegetationZoneParameters>
        <TT>-0.72511721945481367</TT>
        <CFMAX>1.821768303246802</CFMAX>
        <SP>0</SP>
        <SFCF>1.3619156022835897</SFCF>
        <CFR>4.727835488014219E-10</CFR>
        <CWH>0.10000013171559104</CWH>
        <CFGlacier>1</CFGlacier>
        <CFSlope>1</CFSlope>
        <FC>1052.3559665196881</FC>
        <LP>0.90581271829240784</LP>
        <BETA>3.2598763017625756</BETA>
      </SubCatchmentVegetationZoneParameters>
    </SubCatchmentVegetationZone>
  </SubCatchment>
</Catchment>