<?xml version="1.0" encoding="utf-8"?>
<Catchment xmlns:xsi="http://www.w3.org/2001/XMLSchema-instance" xmlns:xsd="http://www.w3.org/2001/XMLSchema">
  <CatchmentParameters>
    <KSI>0.001</KSI>
    <KGmin>0.05</KGmin>
    <RangeKG>0.1</RangeKG>
    <AG>0.1</AG>
    <PERC>9.270443594940641</PERC>
    <Alpha>0</Alpha>
    <UZL>122.30379628667284</UZL>
    <K0>0.09541531277590766</K0>
    <K1>0.42551863355339509</K1>
    <K2>0.11067071454571821</K2>
    <MAXBAS>2.4999970123073525</MAXBAS>
    <Cet>0</Cet>
    <PCALT>10</PCALT>
    <TCALT>0.6</TCALT>
    <Pelev>2541</Pelev>
    <Telev>2541</Telev>
    <PART>0.5</PART>
    <DELAY>1</DELAY>
  </CatchmentParameters>
  <VegetationZone>
    <VegetationZoneParameters>
      <TT>-0.66746727763741</TT>
      <CFMAX>1.2420947702384619</CFMAX>
      <SP>0</SP>
      <SFCF>1.1080985354638959</SFCF>
      <CFR>0.022825026135638311</CFR>
      <CWH>0.10000009933859856</CWH>
      <CFGlacier>1</CFGlacier>
      <CFSlope>1</CFSlope>
      <FC>393.40775491718546</FC>
      <LP>0.354013400327425</LP>
      <BETA>1.9026934291737319</BETA>
    </VegetationZoneParameters>
  </VegetationZone>
  <SubCatchment>
    <SubCatchmentParameters>
      <KSI>0.001</KSI>
      <KGmin>0.05</KGmin>
      <RangeKG>0.1</RangeKG>
      <AG>0.1</AG>
      <PERC>9.270443594940641</PERC>
      <Alpha>0</Alpha>
      <UZL>122.30379628667284</UZL>
      <K0>0.09541531277590766</K0>
      <K1>0.42551863355339509</K1>
      <K2>0.11067071454571821</K2>
      <MAXBAS>2.4999970123073525</MAXBAS>
      <Cet>0</Cet>
      <PCALT>10</PCALT>
      <TCALT>0.6</TCALT>
      <Pelev>2541</Pelev>
      <Telev>2541</Telev>
      <PART>0.5</PART>
      <DELAY>1</DELAY>
    </SubCatchmentParameters>
    <SubCatchmentVegetationZone>
      <SubCatchmentVegetationZoneParameters>
        <TT>-0.66746727763741</TT>
        <CFMAX>1.2420947702384619</CFMAX>
        <SP>0</SP>
        <SFCF>1.1080985354638959</SFCF>
        <CFR>0.022825026135638311</CFR>
        <CWH>0.10000009933859856</CWH>
        <CFGlacier>1</CFGlacier>
        <CFSlope>1</CFSlope>
        <FC>393.40775491718546</FC>
        <LP>0.354013400327425</LP>
        <BETA>1.9026934291737319</BETA>
      </SubCatchmentVegetationZoneParameters>
    </SubCatchmentVegetationZone>
  </SubCatchment>
</Catchment>