<?xml version="1.0" encoding="utf-8"?>
<Catchment xmlns:xsi="http://www.w3.org/2001/XMLSchema-instance" xmlns:xsd="http://www.w3.org/2001/XMLSchema">
  <CatchmentParameters>
    <KSI>0.001</KSI>
    <KGmin>0.05</KGmin>
    <RangeKG>0.1</RangeKG>
    <AG>0.1</AG>
    <PERC>0.9011147887735832</PERC>
    <Alpha>0</Alpha>
    <UZL>91.309901197009012</UZL>
    <K0>0.050009446247444168</K0>
    <K1>0.073005430133367924</K1>
    <K2>0.021086635272843331</K2>
    <MAXBAS>1</MAXBAS>
    <Cet>0</Cet>
    <PCALT>10</PCALT>
    <TCALT>0.6</TCALT>
    <Pelev>2541</Pelev>
    <Telev>2541</Telev>
    <PART>0.5</PART>
    <DELAY>1</DELAY>
  </CatchmentParameters>
  <VegetationZone>
    <VegetationZoneParameters>
      <TT>-0.093748087676025368</TT>
      <CFMAX>2.5568159122416878</CFMAX>
      <SP>0</SP>
      <SFCF>1.4332400711379274</SFCF>
      <CFR>2.3828848210216022E-07</CFR>
      <CWH>0.10000012669581379</CWH>
      <CFGlacier>1</CFGlacier>
      <CFSlope>1</CFSlope>
      <FC>1034.5128252532238</FC>
      <LP>0.60143827391262461</LP>
      <BETA>1.8774550049923457</BETA>
    </VegetationZoneParameters>
  </VegetationZone>
  <SubCatchment>
    <SubCatchmentParameters>
      <KSI>0.001</KSI>
      <KGmin>0.05</KGmin>
      <RangeKG>0.1</RangeKG>
      <AG>0.1</AG>
      <PERC>0.9011147887735832</PERC>
      <Alpha>0</Alpha>
      <UZL>91.309901197009012</UZL>
      <K0>0.050009446247444168</K0>
      <K1>0.073005430133367924</K1>
      <K2>0.021086635272843331</K2>
      <MAXBAS>1</MAXBAS>
      <Cet>0</Cet>
      <PCALT>10</PCALT>
      <TCALT>0.6</TCALT>
      <Pelev>2541</Pelev>
      <Telev>2541</Telev>
      <PART>0.5</PART>
      <DELAY>1</DELAY>
    </SubCatchmentParameters>
    <SubCatchmentVegetationZone>
      <SubCatchmentVegetationZoneParameters>
        <TT>-0.093748087676025368</TT>
        <CFMAX>2.5568159122416878</CFMAX>
        <SP>0</SP>
        <SFCF>1.4332400711379274</SFCF>
        <CFR>2.3828848210216022E-07</CFR>
        <CWH>0.10000012669581379</CWH>
        <CFGlacier>1</CFGlacier>
        <CFSlope>1</CFSlope>
        <FC>1034.5128252532238</FC>
        <LP>0.60143827391262461</LP>
        <BETA>1.8774550049923457</BETA>
      </SubCatchmentVegetationZoneParameters>
    </SubCatchmentVegetationZone>
  </SubCatchment>
</Catchment>