<?xml version="1.0" encoding="utf-8"?>
<Catchment xmlns:xsi="http://www.w3.org/2001/XMLSchema-instance" xmlns:xsd="http://www.w3.org/2001/XMLSchema">
  <CatchmentParameters>
    <KSI>0.001</KSI>
    <KGmin>0.05</KGmin>
    <RangeKG>0.1</RangeKG>
    <AG>0.1</AG>
    <PERC>9.9999005491802819</PERC>
    <Alpha>0</Alpha>
    <UZL>104.2958876787115</UZL>
    <K0>0.52850684053791586</K0>
    <K1>0.38990912926962534</K1>
    <K2>0.096929804106293843</K2>
    <MAXBAS>2.4999884928504525</MAXBAS>
    <Cet>0</Cet>
    <PCALT>10</PCALT>
    <TCALT>0.6</TCALT>
    <Pelev>2541</Pelev>
    <Telev>2541</Telev>
    <PART>0.5</PART>
    <DELAY>1</DELAY>
  </CatchmentParameters>
  <VegetationZone>
    <VegetationZoneParameters>
      <TT>-0.65762783391099888</TT>
      <CFMAX>1.4681265739150216</CFMAX>
      <SP>0</SP>
      <SFCF>1.2170903023209478</SFCF>
      <CFR>3.0922593781539612E-06</CFR>
      <CWH>0.10000004120206368</CWH>
      <CFGlacier>1</CFGlacier>
      <CFSlope>1</CFSlope>
      <FC>531.40083780438556</FC>
      <LP>0.61621375285819546</LP>
      <BETA>1.8210199867796415</BETA>
    </VegetationZoneParameters>
  </VegetationZone>
  <SubCatchment>
    <SubCatchmentParameters>
      <KSI>0.001</KSI>
      <KGmin>0.05</KGmin>
      <RangeKG>0.1</RangeKG>
      <AG>0.1</AG>
      <PERC>9.9999005491802819</PERC>
      <Alpha>0</Alpha>
      <UZL>104.2958876787115</UZL>
      <K0>0.52850684053791586</K0>
      <K1>0.38990912926962534</K1>
      <K2>0.096929804106293843</K2>
      <MAXBAS>2.4999884928504525</MAXBAS>
      <Cet>0</Cet>
      <PCALT>10</PCALT>
      <TCALT>0.6</TCALT>
      <Pelev>2541</Pelev>
      <Telev>2541</Telev>
      <PART>0.5</PART>
      <DELAY>1</DELAY>
    </SubCatchmentParameters>
    <SubCatchmentVegetationZone>
      <SubCatchmentVegetationZoneParameters>
        <TT>-0.65762783391099888</TT>
        <CFMAX>1.4681265739150216</CFMAX>
        <SP>0</SP>
        <SFCF>1.2170903023209478</SFCF>
        <CFR>3.0922593781539612E-06</CFR>
        <CWH>0.10000004120206368</CWH>
        <CFGlacier>1</CFGlacier>
        <CFSlope>1</CFSlope>
        <FC>531.40083780438556</FC>
        <LP>0.61621375285819546</LP>
        <BETA>1.8210199867796415</BETA>
      </SubCatchmentVegetationZoneParameters>
    </SubCatchmentVegetationZone>
  </SubCatchment>
</Catchment>