<?xml version="1.0" encoding="utf-8"?>
<Catchment xmlns:xsi="http://www.w3.org/2001/XMLSchema-instance" xmlns:xsd="http://www.w3.org/2001/XMLSchema">
  <CatchmentParameters>
    <KSI>0.001</KSI>
    <KGmin>0.05</KGmin>
    <RangeKG>0.1</RangeKG>
    <AG>0.1</AG>
    <PERC>0.83604496855888844</PERC>
    <Alpha>0</Alpha>
    <UZL>184.98759385739425</UZL>
    <K0>0.21996324200679523</K0>
    <K1>0.091903785165143151</K1>
    <K2>0.019401690152703325</K2>
    <MAXBAS>1</MAXBAS>
    <Cet>0</Cet>
    <PCALT>10</PCALT>
    <TCALT>0.6</TCALT>
    <Pelev>2541</Pelev>
    <Telev>2541</Telev>
    <PART>0.5</PART>
    <DELAY>1</DELAY>
  </CatchmentParameters>
  <VegetationZone>
    <VegetationZoneParameters>
      <TT>-0.11607667839540251</TT>
      <CFMAX>2.0581654428925873</CFMAX>
      <SP>0</SP>
      <SFCF>1.2844125698721494</SFCF>
      <CFR>9.1802338987907972E-08</CFR>
      <CWH>0.10000010394309776</CWH>
      <CFGlacier>1</CFGlacier>
      <CFSlope>1</CFSlope>
      <FC>879.95593699464484</FC>
      <LP>0.85871741934685608</LP>
      <BETA>2.4547629460819111</BETA>
    </VegetationZoneParameters>
  </VegetationZone>
  <SubCatchment>
    <SubCatchmentParameters>
      <KSI>0.001</KSI>
      <KGmin>0.05</KGmin>
      <RangeKG>0.1</RangeKG>
      <AG>0.1</AG>
      <PERC>0.83604496855888844</PERC>
      <Alpha>0</Alpha>
      <UZL>184.98759385739425</UZL>
      <K0>0.21996324200679523</K0>
      <K1>0.091903785165143151</K1>
      <K2>0.019401690152703325</K2>
      <MAXBAS>1</MAXBAS>
      <Cet>0</Cet>
      <PCALT>10</PCALT>
      <TCALT>0.6</TCALT>
      <Pelev>2541</Pelev>
      <Telev>2541</Telev>
      <PART>0.5</PART>
      <DELAY>1</DELAY>
    </SubCatchmentParameters>
    <SubCatchmentVegetationZone>
      <SubCatchmentVegetationZoneParameters>
        <TT>-0.11607667839540251</TT>
        <CFMAX>2.0581654428925873</CFMAX>
        <SP>0</SP>
        <SFCF>1.2844125698721494</SFCF>
        <CFR>9.1802338987907972E-08</CFR>
        <CWH>0.10000010394309776</CWH>
        <CFGlacier>1</CFGlacier>
        <CFSlope>1</CFSlope>
        <FC>879.95593699464484</FC>
        <LP>0.85871741934685608</LP>
        <BETA>2.4547629460819111</BETA>
      </SubCatchmentVegetationZoneParameters>
    </SubCatchmentVegetationZone>
  </SubCatchment>
</Catchment>