<?xml version="1.0" encoding="utf-8"?>
<Catchment xmlns:xsi="http://www.w3.org/2001/XMLSchema-instance" xmlns:xsd="http://www.w3.org/2001/XMLSchema">
  <CatchmentParameters>
    <KSI>0.001</KSI>
    <KGmin>0.05</KGmin>
    <RangeKG>0.1</RangeKG>
    <AG>0.1</AG>
    <PERC>1.1386835616339146</PERC>
    <Alpha>0</Alpha>
    <UZL>132.07628248059964</UZL>
    <K0>0.5254697924844689</K0>
    <K1>0.0965443945552796</K1>
    <K2>0.021751288601267627</K2>
    <MAXBAS>1</MAXBAS>
    <Cet>0</Cet>
    <PCALT>10</PCALT>
    <TCALT>0.6</TCALT>
    <Pelev>2541</Pelev>
    <Telev>2541</Telev>
    <PART>0.5</PART>
    <DELAY>1</DELAY>
  </CatchmentParameters>
  <VegetationZone>
    <VegetationZoneParameters>
      <TT>-0.29581799180153562</TT>
      <CFMAX>2.1814762303354898</CFMAX>
      <SP>0</SP>
      <SFCF>1.3681677199972511</SFCF>
      <CFR>9.9347122881934426E-08</CFR>
      <CWH>0.10000000014678304</CWH>
      <CFGlacier>1</CFGlacier>
      <CFSlope>1</CFSlope>
      <FC>1097.6945698555044</FC>
      <LP>0.85281033914456317</LP>
      <BETA>2.8601192253093646</BETA>
    </VegetationZoneParameters>
  </VegetationZone>
  <SubCatchment>
    <SubCatchmentParameters>
      <KSI>0.001</KSI>
      <KGmin>0.05</KGmin>
      <RangeKG>0.1</RangeKG>
      <AG>0.1</AG>
      <PERC>1.1386835616339146</PERC>
      <Alpha>0</Alpha>
      <UZL>132.07628248059964</UZL>
      <K0>0.5254697924844689</K0>
      <K1>0.0965443945552796</K1>
      <K2>0.021751288601267627</K2>
      <MAXBAS>1</MAXBAS>
      <Cet>0</Cet>
      <PCALT>10</PCALT>
      <TCALT>0.6</TCALT>
      <Pelev>2541</Pelev>
      <Telev>2541</Telev>
      <PART>0.5</PART>
      <DELAY>1</DELAY>
    </SubCatchmentParameters>
    <SubCatchmentVegetationZone>
      <SubCatchmentVegetationZoneParameters>
        <TT>-0.29581799180153562</TT>
        <CFMAX>2.1814762303354898</CFMAX>
        <SP>0</SP>
        <SFCF>1.3681677199972511</SFCF>
        <CFR>9.9347122881934426E-08</CFR>
        <CWH>0.10000000014678304</CWH>
        <CFGlacier>1</CFGlacier>
        <CFSlope>1</CFSlope>
        <FC>1097.6945698555044</FC>
        <LP>0.85281033914456317</LP>
        <BETA>2.8601192253093646</BETA>
      </SubCatchmentVegetationZoneParameters>
    </SubCatchmentVegetationZone>
  </SubCatchment>
</Catchment>