<?xml version="1.0" encoding="utf-8"?>
<Catchment xmlns:xsi="http://www.w3.org/2001/XMLSchema-instance" xmlns:xsd="http://www.w3.org/2001/XMLSchema">
  <CatchmentParameters>
    <KSI>0.001</KSI>
    <KGmin>0.05</KGmin>
    <RangeKG>0.1</RangeKG>
    <AG>0.1</AG>
    <PERC>8.7683471750488842</PERC>
    <Alpha>0</Alpha>
    <UZL>80.149934659290253</UZL>
    <K0>0.29364453911305416</K0>
    <K1>0.4078899148208327</K1>
    <K2>0.1067849837527783</K2>
    <MAXBAS>2.4999514454728251</MAXBAS>
    <Cet>0</Cet>
    <PCALT>10</PCALT>
    <TCALT>0.6</TCALT>
    <Pelev>2541</Pelev>
    <Telev>2541</Telev>
    <PART>0.5</PART>
    <DELAY>1</DELAY>
  </CatchmentParameters>
  <VegetationZone>
    <VegetationZoneParameters>
      <TT>-0.78970342313651154</TT>
      <CFMAX>1.1131613818671036</CFMAX>
      <SP>0</SP>
      <SFCF>1.0008978570283311</SFCF>
      <CFR>0.099996346590641313</CFR>
      <CWH>0.15110451797491734</CWH>
      <CFGlacier>1</CFGlacier>
      <CFSlope>1</CFSlope>
      <FC>310.86731165318156</FC>
      <LP>0.30000427738269653</LP>
      <BETA>2.2650940458496227</BETA>
    </VegetationZoneParameters>
  </VegetationZone>
  <SubCatchment>
    <SubCatchmentParameters>
      <KSI>0.001</KSI>
      <KGmin>0.05</KGmin>
      <RangeKG>0.1</RangeKG>
      <AG>0.1</AG>
      <PERC>8.7683471750488842</PERC>
      <Alpha>0</Alpha>
      <UZL>80.149934659290253</UZL>
      <K0>0.29364453911305416</K0>
      <K1>0.4078899148208327</K1>
      <K2>0.1067849837527783</K2>
      <MAXBAS>2.4999514454728251</MAXBAS>
      <Cet>0</Cet>
      <PCALT>10</PCALT>
      <TCALT>0.6</TCALT>
      <Pelev>2541</Pelev>
      <Telev>2541</Telev>
      <PART>0.5</PART>
      <DELAY>1</DELAY>
    </SubCatchmentParameters>
    <SubCatchmentVegetationZone>
      <SubCatchmentVegetationZoneParameters>
        <TT>-0.78970342313651154</TT>
        <CFMAX>1.1131613818671036</CFMAX>
        <SP>0</SP>
        <SFCF>1.0008978570283311</SFCF>
        <CFR>0.099996346590641313</CFR>
        <CWH>0.15110451797491734</CWH>
        <CFGlacier>1</CFGlacier>
        <CFSlope>1</CFSlope>
        <FC>310.86731165318156</FC>
        <LP>0.30000427738269653</LP>
        <BETA>2.2650940458496227</BETA>
      </SubCatchmentVegetationZoneParameters>
    </SubCatchmentVegetationZone>
  </SubCatchment>
</Catchment>