<?xml version="1.0" encoding="utf-8"?>
<Catchment xmlns:xsi="http://www.w3.org/2001/XMLSchema-instance" xmlns:xsd="http://www.w3.org/2001/XMLSchema">
  <CatchmentParameters>
    <KSI>0.001</KSI>
    <KGmin>0.05</KGmin>
    <RangeKG>0.1</RangeKG>
    <AG>0.1</AG>
    <PERC>0.72591219072868174</PERC>
    <Alpha>0</Alpha>
    <UZL>142.7389048640251</UZL>
    <K0>0.57648749739923677</K0>
    <K1>0.11194554688738878</K1>
    <K2>0.015969550632400856</K2>
    <MAXBAS>1</MAXBAS>
    <Cet>0</Cet>
    <PCALT>10</PCALT>
    <TCALT>0.6</TCALT>
    <Pelev>2541</Pelev>
    <Telev>2541</Telev>
    <PART>0.5</PART>
    <DELAY>1</DELAY>
  </CatchmentParameters>
  <VegetationZone>
    <VegetationZoneParameters>
      <TT>-0.93684005826880778</TT>
      <CFMAX>1.0978639597879374</CFMAX>
      <SP>0</SP>
      <SFCF>1.0471665890754109</SFCF>
      <CFR>0.092648308463965892</CFR>
      <CWH>0.13637877858167544</CWH>
      <CFGlacier>1</CFGlacier>
      <CFSlope>1</CFSlope>
      <FC>336.52035423989975</FC>
      <LP>0.6651276469911106</LP>
      <BETA>2.1039461725586888</BETA>
    </VegetationZoneParameters>
  </VegetationZone>
  <SubCatchment>
    <SubCatchmentParameters>
      <KSI>0.001</KSI>
      <KGmin>0.05</KGmin>
      <RangeKG>0.1</RangeKG>
      <AG>0.1</AG>
      <PERC>0.72591219072868174</PERC>
      <Alpha>0</Alpha>
      <UZL>142.7389048640251</UZL>
      <K0>0.57648749739923677</K0>
      <K1>0.11194554688738878</K1>
      <K2>0.015969550632400856</K2>
      <MAXBAS>1</MAXBAS>
      <Cet>0</Cet>
      <PCALT>10</PCALT>
      <TCALT>0.6</TCALT>
      <Pelev>2541</Pelev>
      <Telev>2541</Telev>
      <PART>0.5</PART>
      <DELAY>1</DELAY>
    </SubCatchmentParameters>
    <SubCatchmentVegetationZone>
      <SubCatchmentVegetationZoneParameters>
        <TT>-0.93684005826880778</TT>
        <CFMAX>1.0978639597879374</CFMAX>
        <SP>0</SP>
        <SFCF>1.0471665890754109</SFCF>
        <CFR>0.092648308463965892</CFR>
        <CWH>0.13637877858167544</CWH>
        <CFGlacier>1</CFGlacier>
        <CFSlope>1</CFSlope>
        <FC>336.52035423989975</FC>
        <LP>0.6651276469911106</LP>
        <BETA>2.1039461725586888</BETA>
      </SubCatchmentVegetationZoneParameters>
    </SubCatchmentVegetationZone>
  </SubCatchment>
</Catchment>