<?xml version="1.0" encoding="utf-8"?>
<Catchment xmlns:xsi="http://www.w3.org/2001/XMLSchema-instance" xmlns:xsd="http://www.w3.org/2001/XMLSchema">
  <CatchmentParameters>
    <KSI>0.001</KSI>
    <KGmin>0.05</KGmin>
    <RangeKG>0.1</RangeKG>
    <AG>0.1</AG>
    <PERC>8.4069270627796211</PERC>
    <Alpha>0</Alpha>
    <UZL>66.93522349270809</UZL>
    <K0>0.58543312686650906</K0>
    <K1>0.41550681036776893</K1>
    <K2>0.1157017481016802</K2>
    <MAXBAS>1.7399788332293762</MAXBAS>
    <Cet>0</Cet>
    <PCALT>10</PCALT>
    <TCALT>0.6</TCALT>
    <Pelev>2541</Pelev>
    <Telev>2541</Telev>
    <PART>0.5</PART>
    <DELAY>1</DELAY>
  </CatchmentParameters>
  <VegetationZone>
    <VegetationZoneParameters>
      <TT>-1.4761533827395554</TT>
      <CFMAX>0.98589659473269342</CFMAX>
      <SP>0</SP>
      <SFCF>1.1378944244767419</SFCF>
      <CFR>0.099997361884175337</CFR>
      <CWH>0.19694803406710751</CWH>
      <CFGlacier>1</CFGlacier>
      <CFSlope>1</CFSlope>
      <FC>473.835457313924</FC>
      <LP>0.70493065398956611</LP>
      <BETA>2.6627837280252824</BETA>
    </VegetationZoneParameters>
  </VegetationZone>
  <SubCatchment>
    <SubCatchmentParameters>
      <KSI>0.001</KSI>
      <KGmin>0.05</KGmin>
      <RangeKG>0.1</RangeKG>
      <AG>0.1</AG>
      <PERC>8.4069270627796211</PERC>
      <Alpha>0</Alpha>
      <UZL>66.93522349270809</UZL>
      <K0>0.58543312686650906</K0>
      <K1>0.41550681036776893</K1>
      <K2>0.1157017481016802</K2>
      <MAXBAS>1.7399788332293762</MAXBAS>
      <Cet>0</Cet>
      <PCALT>10</PCALT>
      <TCALT>0.6</TCALT>
      <Pelev>2541</Pelev>
      <Telev>2541</Telev>
      <PART>0.5</PART>
      <DELAY>1</DELAY>
    </SubCatchmentParameters>
    <SubCatchmentVegetationZone>
      <SubCatchmentVegetationZoneParameters>
        <TT>-1.4761533827395554</TT>
        <CFMAX>0.98589659473269342</CFMAX>
        <SP>0</SP>
        <SFCF>1.1378944244767419</SFCF>
        <CFR>0.099997361884175337</CFR>
        <CWH>0.19694803406710751</CWH>
        <CFGlacier>1</CFGlacier>
        <CFSlope>1</CFSlope>
        <FC>473.835457313924</FC>
        <LP>0.70493065398956611</LP>
        <BETA>2.6627837280252824</BETA>
      </SubCatchmentVegetationZoneParameters>
    </SubCatchmentVegetationZone>
  </SubCatchment>
</Catchment>