<?xml version="1.0" encoding="utf-8"?>
<Catchment xmlns:xsi="http://www.w3.org/2001/XMLSchema-instance" xmlns:xsd="http://www.w3.org/2001/XMLSchema">
  <CatchmentParameters>
    <KSI>0.001</KSI>
    <KGmin>0.05</KGmin>
    <RangeKG>0.1</RangeKG>
    <AG>0.1</AG>
    <PERC>9.9999053050735256</PERC>
    <Alpha>0</Alpha>
    <UZL>113.12415878608627</UZL>
    <K0>0.2398613213236071</K0>
    <K1>0.44923435046129168</K1>
    <K2>0.10120740834899476</K2>
    <MAXBAS>2.198113154052725</MAXBAS>
    <Cet>0</Cet>
    <PCALT>10</PCALT>
    <TCALT>0.6</TCALT>
    <Pelev>2541</Pelev>
    <Telev>2541</Telev>
    <PART>0.5</PART>
    <DELAY>1</DELAY>
  </CatchmentParameters>
  <VegetationZone>
    <VegetationZoneParameters>
      <TT>-0.87127752630943089</TT>
      <CFMAX>1.1858420576342552</CFMAX>
      <SP>0</SP>
      <SFCF>1.1135628700073872</SFCF>
      <CFR>0.099998254750088014</CFR>
      <CWH>0.12673562646523404</CWH>
      <CFGlacier>1</CFGlacier>
      <CFSlope>1</CFSlope>
      <FC>355.21499055471975</FC>
      <LP>0.30000260904310327</LP>
      <BETA>1.9575165962726544</BETA>
    </VegetationZoneParameters>
  </VegetationZone>
  <SubCatchment>
    <SubCatchmentParameters>
      <KSI>0.001</KSI>
      <KGmin>0.05</KGmin>
      <RangeKG>0.1</RangeKG>
      <AG>0.1</AG>
      <PERC>9.9999053050735256</PERC>
      <Alpha>0</Alpha>
      <UZL>113.12415878608627</UZL>
      <K0>0.2398613213236071</K0>
      <K1>0.44923435046129168</K1>
      <K2>0.10120740834899476</K2>
      <MAXBAS>2.198113154052725</MAXBAS>
      <Cet>0</Cet>
      <PCALT>10</PCALT>
      <TCALT>0.6</TCALT>
      <Pelev>2541</Pelev>
      <Telev>2541</Telev>
      <PART>0.5</PART>
      <DELAY>1</DELAY>
    </SubCatchmentParameters>
    <SubCatchmentVegetationZone>
      <SubCatchmentVegetationZoneParameters>
        <TT>-0.87127752630943089</TT>
        <CFMAX>1.1858420576342552</CFMAX>
        <SP>0</SP>
        <SFCF>1.1135628700073872</SFCF>
        <CFR>0.099998254750088014</CFR>
        <CWH>0.12673562646523404</CWH>
        <CFGlacier>1</CFGlacier>
        <CFSlope>1</CFSlope>
        <FC>355.21499055471975</FC>
        <LP>0.30000260904310327</LP>
        <BETA>1.9575165962726544</BETA>
      </SubCatchmentVegetationZoneParameters>
    </SubCatchmentVegetationZone>
  </SubCatchment>
</Catchment>