<?xml version="1.0" encoding="utf-8"?>
<Catchment xmlns:xsi="http://www.w3.org/2001/XMLSchema-instance" xmlns:xsd="http://www.w3.org/2001/XMLSchema">
  <CatchmentParameters>
    <KSI>0.001</KSI>
    <KGmin>0.05</KGmin>
    <RangeKG>0.1</RangeKG>
    <AG>0.1</AG>
    <PERC>0.82791507760992666</PERC>
    <Alpha>0</Alpha>
    <UZL>177.9036248424444</UZL>
    <K0>0.64595160246490524</K0>
    <K1>0.081401676627543662</K1>
    <K2>0.019518854217438049</K2>
    <MAXBAS>1</MAXBAS>
    <Cet>0</Cet>
    <PCALT>10</PCALT>
    <TCALT>0.6</TCALT>
    <Pelev>2541</Pelev>
    <Telev>2541</Telev>
    <PART>0.5</PART>
    <DELAY>1</DELAY>
  </CatchmentParameters>
  <VegetationZone>
    <VegetationZoneParameters>
      <TT>0.42449639484354745</TT>
      <CFMAX>2.3091699859579755</CFMAX>
      <SP>0</SP>
      <SFCF>1.1793410443581789</SFCF>
      <CFR>6.4925653146170365E-08</CFR>
      <CWH>0.10000003559302341</CWH>
      <CFGlacier>1</CFGlacier>
      <CFSlope>1</CFSlope>
      <FC>748.98593103973224</FC>
      <LP>0.96883747308676793</LP>
      <BETA>2.3790776897861243</BETA>
    </VegetationZoneParameters>
  </VegetationZone>
  <SubCatchment>
    <SubCatchmentParameters>
      <KSI>0.001</KSI>
      <KGmin>0.05</KGmin>
      <RangeKG>0.1</RangeKG>
      <AG>0.1</AG>
      <PERC>0.82791507760992666</PERC>
      <Alpha>0</Alpha>
      <UZL>177.9036248424444</UZL>
      <K0>0.64595160246490524</K0>
      <K1>0.081401676627543662</K1>
      <K2>0.019518854217438049</K2>
      <MAXBAS>1</MAXBAS>
      <Cet>0</Cet>
      <PCALT>10</PCALT>
      <TCALT>0.6</TCALT>
      <Pelev>2541</Pelev>
      <Telev>2541</Telev>
      <PART>0.5</PART>
      <DELAY>1</DELAY>
    </SubCatchmentParameters>
    <SubCatchmentVegetationZone>
      <SubCatchmentVegetationZoneParameters>
        <TT>0.42449639484354745</TT>
        <CFMAX>2.3091699859579755</CFMAX>
        <SP>0</SP>
        <SFCF>1.1793410443581789</SFCF>
        <CFR>6.4925653146170365E-08</CFR>
        <CWH>0.10000003559302341</CWH>
        <CFGlacier>1</CFGlacier>
        <CFSlope>1</CFSlope>
        <FC>748.98593103973224</FC>
        <LP>0.96883747308676793</LP>
        <BETA>2.3790776897861243</BETA>
      </SubCatchmentVegetationZoneParameters>
    </SubCatchmentVegetationZone>
  </SubCatchment>
</Catchment>