<?xml version="1.0" encoding="utf-8"?>
<Catchment xmlns:xsi="http://www.w3.org/2001/XMLSchema-instance" xmlns:xsd="http://www.w3.org/2001/XMLSchema">
  <CatchmentParameters>
    <KSI>0.001</KSI>
    <KGmin>0.05</KGmin>
    <RangeKG>0.1</RangeKG>
    <AG>0.1</AG>
    <PERC>1.2976916301789869</PERC>
    <Alpha>0</Alpha>
    <UZL>112.73790085877026</UZL>
    <K0>0.875569159915192</K0>
    <K1>0.099117559571870961</K1>
    <K2>0.022848912400841866</K2>
    <MAXBAS>1</MAXBAS>
    <Cet>0</Cet>
    <PCALT>10</PCALT>
    <TCALT>0.6</TCALT>
    <Pelev>2541</Pelev>
    <Telev>2541</Telev>
    <PART>0.5</PART>
    <DELAY>1</DELAY>
  </CatchmentParameters>
  <VegetationZone>
    <VegetationZoneParameters>
      <TT>-0.29524462931631446</TT>
      <CFMAX>2.2801024788830113</CFMAX>
      <SP>0</SP>
      <SFCF>1.4204632616267228</SFCF>
      <CFR>6.5650866244294874E-07</CFR>
      <CWH>0.10000000027838009</CWH>
      <CFGlacier>1</CFGlacier>
      <CFSlope>1</CFSlope>
      <FC>1238.6710650083783</FC>
      <LP>0.80323159607374517</LP>
      <BETA>2.8903062184772073</BETA>
    </VegetationZoneParameters>
  </VegetationZone>
  <SubCatchment>
    <SubCatchmentParameters>
      <KSI>0.001</KSI>
      <KGmin>0.05</KGmin>
      <RangeKG>0.1</RangeKG>
      <AG>0.1</AG>
      <PERC>1.2976916301789869</PERC>
      <Alpha>0</Alpha>
      <UZL>112.73790085877026</UZL>
      <K0>0.875569159915192</K0>
      <K1>0.099117559571870961</K1>
      <K2>0.022848912400841866</K2>
      <MAXBAS>1</MAXBAS>
      <Cet>0</Cet>
      <PCALT>10</PCALT>
      <TCALT>0.6</TCALT>
      <Pelev>2541</Pelev>
      <Telev>2541</Telev>
      <PART>0.5</PART>
      <DELAY>1</DELAY>
    </SubCatchmentParameters>
    <SubCatchmentVegetationZone>
      <SubCatchmentVegetationZoneParameters>
        <TT>-0.29524462931631446</TT>
        <CFMAX>2.2801024788830113</CFMAX>
        <SP>0</SP>
        <SFCF>1.4204632616267228</SFCF>
        <CFR>6.5650866244294874E-07</CFR>
        <CWH>0.10000000027838009</CWH>
        <CFGlacier>1</CFGlacier>
        <CFSlope>1</CFSlope>
        <FC>1238.6710650083783</FC>
        <LP>0.80323159607374517</LP>
        <BETA>2.8903062184772073</BETA>
      </SubCatchmentVegetationZoneParameters>
    </SubCatchmentVegetationZone>
  </SubCatchment>
</Catchment>