<?xml version="1.0" encoding="utf-8"?>
<Catchment xmlns:xsi="http://www.w3.org/2001/XMLSchema-instance" xmlns:xsd="http://www.w3.org/2001/XMLSchema">
  <CatchmentParameters>
    <KSI>0.001</KSI>
    <KGmin>0.05</KGmin>
    <RangeKG>0.1</RangeKG>
    <AG>0.1</AG>
    <PERC>8.1072228691640156</PERC>
    <Alpha>0</Alpha>
    <UZL>21.367488614140015</UZL>
    <K0>0.94149647751547427</K0>
    <K1>0.21597644508889055</K1>
    <K2>0.099885166955814161</K2>
    <MAXBAS>2.4999840530188471</MAXBAS>
    <Cet>0</Cet>
    <PCALT>10</PCALT>
    <TCALT>0.6</TCALT>
    <Pelev>2541</Pelev>
    <Telev>2541</Telev>
    <PART>0.5</PART>
    <DELAY>1</DELAY>
  </CatchmentParameters>
  <VegetationZone>
    <VegetationZoneParameters>
      <TT>-0.267966562230068</TT>
      <CFMAX>1.263732914207399</CFMAX>
      <SP>0</SP>
      <SFCF>0.94709758134191746</SFCF>
      <CFR>0.099998724157174868</CFR>
      <CWH>0.10000187646649567</CWH>
      <CFGlacier>1</CFGlacier>
      <CFSlope>1</CFSlope>
      <FC>285.922567720018</FC>
      <LP>0.30000331273490005</LP>
      <BETA>2.3418570957969065</BETA>
    </VegetationZoneParameters>
  </VegetationZone>
  <SubCatchment>
    <SubCatchmentParameters>
      <KSI>0.001</KSI>
      <KGmin>0.05</KGmin>
      <RangeKG>0.1</RangeKG>
      <AG>0.1</AG>
      <PERC>8.1072228691640156</PERC>
      <Alpha>0</Alpha>
      <UZL>21.367488614140015</UZL>
      <K0>0.94149647751547427</K0>
      <K1>0.21597644508889055</K1>
      <K2>0.099885166955814161</K2>
      <MAXBAS>2.4999840530188471</MAXBAS>
      <Cet>0</Cet>
      <PCALT>10</PCALT>
      <TCALT>0.6</TCALT>
      <Pelev>2541</Pelev>
      <Telev>2541</Telev>
      <PART>0.5</PART>
      <DELAY>1</DELAY>
    </SubCatchmentParameters>
    <SubCatchmentVegetationZone>
      <SubCatchmentVegetationZoneParameters>
        <TT>-0.267966562230068</TT>
        <CFMAX>1.263732914207399</CFMAX>
        <SP>0</SP>
        <SFCF>0.94709758134191746</SFCF>
        <CFR>0.099998724157174868</CFR>
        <CWH>0.10000187646649567</CWH>
        <CFGlacier>1</CFGlacier>
        <CFSlope>1</CFSlope>
        <FC>285.922567720018</FC>
        <LP>0.30000331273490005</LP>
        <BETA>2.3418570957969065</BETA>
      </SubCatchmentVegetationZoneParameters>
    </SubCatchmentVegetationZone>
  </SubCatchment>
</Catchment>