<?xml version="1.0" encoding="utf-8"?>
<Catchment xmlns:xsi="http://www.w3.org/2001/XMLSchema-instance" xmlns:xsd="http://www.w3.org/2001/XMLSchema">
  <CatchmentParameters>
    <KSI>0.001</KSI>
    <KGmin>0.05</KGmin>
    <RangeKG>0.1</RangeKG>
    <AG>0.1</AG>
    <PERC>0.87044023066011333</PERC>
    <Alpha>0</Alpha>
    <UZL>175.07984371861235</UZL>
    <K0>0.52019103697487667</K0>
    <K1>0.095217919782093152</K1>
    <K2>0.020851353918163753</K2>
    <MAXBAS>1</MAXBAS>
    <Cet>0</Cet>
    <PCALT>10</PCALT>
    <TCALT>0.6</TCALT>
    <Pelev>2541</Pelev>
    <Telev>2541</Telev>
    <PART>0.5</PART>
    <DELAY>1</DELAY>
  </CatchmentParameters>
  <VegetationZone>
    <VegetationZoneParameters>
      <TT>-0.65763004304745054</TT>
      <CFMAX>1.985381307958265</CFMAX>
      <SP>0</SP>
      <SFCF>1.4064235514709274</SFCF>
      <CFR>0.00068609481426006166</CFR>
      <CWH>0.10000014889720268</CWH>
      <CFGlacier>1</CFGlacier>
      <CFSlope>1</CFSlope>
      <FC>1012.8413279636366</FC>
      <LP>0.773603235999451</LP>
      <BETA>2.5256583929040426</BETA>
    </VegetationZoneParameters>
  </VegetationZone>
  <SubCatchment>
    <SubCatchmentParameters>
      <KSI>0.001</KSI>
      <KGmin>0.05</KGmin>
      <RangeKG>0.1</RangeKG>
      <AG>0.1</AG>
      <PERC>0.87044023066011333</PERC>
      <Alpha>0</Alpha>
      <UZL>175.07984371861235</UZL>
      <K0>0.52019103697487667</K0>
      <K1>0.095217919782093152</K1>
      <K2>0.020851353918163753</K2>
      <MAXBAS>1</MAXBAS>
      <Cet>0</Cet>
      <PCALT>10</PCALT>
      <TCALT>0.6</TCALT>
      <Pelev>2541</Pelev>
      <Telev>2541</Telev>
      <PART>0.5</PART>
      <DELAY>1</DELAY>
    </SubCatchmentParameters>
    <SubCatchmentVegetationZone>
      <SubCatchmentVegetationZoneParameters>
        <TT>-0.65763004304745054</TT>
        <CFMAX>1.985381307958265</CFMAX>
        <SP>0</SP>
        <SFCF>1.4064235514709274</SFCF>
        <CFR>0.00068609481426006166</CFR>
        <CWH>0.10000014889720268</CWH>
        <CFGlacier>1</CFGlacier>
        <CFSlope>1</CFSlope>
        <FC>1012.8413279636366</FC>
        <LP>0.773603235999451</LP>
        <BETA>2.5256583929040426</BETA>
      </SubCatchmentVegetationZoneParameters>
    </SubCatchmentVegetationZone>
  </SubCatchment>
</Catchment>