<?xml version="1.0" encoding="utf-8"?>
<Catchment xmlns:xsi="http://www.w3.org/2001/XMLSchema-instance" xmlns:xsd="http://www.w3.org/2001/XMLSchema">
  <CatchmentParameters>
    <KSI>0.001</KSI>
    <KGmin>0.05</KGmin>
    <RangeKG>0.1</RangeKG>
    <AG>0.1</AG>
    <PERC>9.999992563351098</PERC>
    <Alpha>0</Alpha>
    <UZL>137.741048915423</UZL>
    <K0>0.1166911918442136</K0>
    <K1>0.3571272069435894</K1>
    <K2>0.077259039371769769</K2>
    <MAXBAS>2.4999910470080038</MAXBAS>
    <Cet>0</Cet>
    <PCALT>10</PCALT>
    <TCALT>0.6</TCALT>
    <Pelev>2541</Pelev>
    <Telev>2541</Telev>
    <PART>0.5</PART>
    <DELAY>1</DELAY>
  </CatchmentParameters>
  <VegetationZone>
    <VegetationZoneParameters>
      <TT>0.19862718400006629</TT>
      <CFMAX>1.6262333092388448</CFMAX>
      <SP>0</SP>
      <SFCF>1.0022712049126941</SFCF>
      <CFR>0.0039748856629058908</CFR>
      <CWH>0.10000005076879448</CWH>
      <CFGlacier>1</CFGlacier>
      <CFSlope>1</CFSlope>
      <FC>302.9002528024858</FC>
      <LP>0.30000274086841855</LP>
      <BETA>1.5180185832525617</BETA>
    </VegetationZoneParameters>
  </VegetationZone>
  <SubCatchment>
    <SubCatchmentParameters>
      <KSI>0.001</KSI>
      <KGmin>0.05</KGmin>
      <RangeKG>0.1</RangeKG>
      <AG>0.1</AG>
      <PERC>9.999992563351098</PERC>
      <Alpha>0</Alpha>
      <UZL>137.741048915423</UZL>
      <K0>0.1166911918442136</K0>
      <K1>0.3571272069435894</K1>
      <K2>0.077259039371769769</K2>
      <MAXBAS>2.4999910470080038</MAXBAS>
      <Cet>0</Cet>
      <PCALT>10</PCALT>
      <TCALT>0.6</TCALT>
      <Pelev>2541</Pelev>
      <Telev>2541</Telev>
      <PART>0.5</PART>
      <DELAY>1</DELAY>
    </SubCatchmentParameters>
    <SubCatchmentVegetationZone>
      <SubCatchmentVegetationZoneParameters>
        <TT>0.19862718400006629</TT>
        <CFMAX>1.6262333092388448</CFMAX>
        <SP>0</SP>
        <SFCF>1.0022712049126941</SFCF>
        <CFR>0.0039748856629058908</CFR>
        <CWH>0.10000005076879448</CWH>
        <CFGlacier>1</CFGlacier>
        <CFSlope>1</CFSlope>
        <FC>302.9002528024858</FC>
        <LP>0.30000274086841855</LP>
        <BETA>1.5180185832525617</BETA>
      </SubCatchmentVegetationZoneParameters>
    </SubCatchmentVegetationZone>
  </SubCatchment>
</Catchment>