<?xml version="1.0" encoding="utf-8"?>
<Catchment xmlns:xsi="http://www.w3.org/2001/XMLSchema-instance" xmlns:xsd="http://www.w3.org/2001/XMLSchema">
  <CatchmentParameters>
    <KSI>0.001</KSI>
    <KGmin>0.05</KGmin>
    <RangeKG>0.1</RangeKG>
    <AG>0.1</AG>
    <PERC>0.84114151483082189</PERC>
    <Alpha>0</Alpha>
    <UZL>171.027003674422</UZL>
    <K0>0.56389339456617449</K0>
    <K1>0.0877018628424735</K1>
    <K2>0.019406549539799752</K2>
    <MAXBAS>1</MAXBAS>
    <Cet>0</Cet>
    <PCALT>10</PCALT>
    <TCALT>0.6</TCALT>
    <Pelev>2541</Pelev>
    <Telev>2541</Telev>
    <PART>0.5</PART>
    <DELAY>1</DELAY>
  </CatchmentParameters>
  <VegetationZone>
    <VegetationZoneParameters>
      <TT>-0.11597311633523962</TT>
      <CFMAX>2.293173117342393</CFMAX>
      <SP>0</SP>
      <SFCF>1.3557741073113041</SFCF>
      <CFR>5.723583049580281E-09</CFR>
      <CWH>0.10000008571615583</CWH>
      <CFGlacier>1</CFGlacier>
      <CFSlope>1</CFSlope>
      <FC>1194.7351459953559</FC>
      <LP>0.88585041626382166</LP>
      <BETA>3.0814910421285808</BETA>
    </VegetationZoneParameters>
  </VegetationZone>
  <SubCatchment>
    <SubCatchmentParameters>
      <KSI>0.001</KSI>
      <KGmin>0.05</KGmin>
      <RangeKG>0.1</RangeKG>
      <AG>0.1</AG>
      <PERC>0.84114151483082189</PERC>
      <Alpha>0</Alpha>
      <UZL>171.027003674422</UZL>
      <K0>0.56389339456617449</K0>
      <K1>0.0877018628424735</K1>
      <K2>0.019406549539799752</K2>
      <MAXBAS>1</MAXBAS>
      <Cet>0</Cet>
      <PCALT>10</PCALT>
      <TCALT>0.6</TCALT>
      <Pelev>2541</Pelev>
      <Telev>2541</Telev>
      <PART>0.5</PART>
      <DELAY>1</DELAY>
    </SubCatchmentParameters>
    <SubCatchmentVegetationZone>
      <SubCatchmentVegetationZoneParameters>
        <TT>-0.11597311633523962</TT>
        <CFMAX>2.293173117342393</CFMAX>
        <SP>0</SP>
        <SFCF>1.3557741073113041</SFCF>
        <CFR>5.723583049580281E-09</CFR>
        <CWH>0.10000008571615583</CWH>
        <CFGlacier>1</CFGlacier>
        <CFSlope>1</CFSlope>
        <FC>1194.7351459953559</FC>
        <LP>0.88585041626382166</LP>
        <BETA>3.0814910421285808</BETA>
      </SubCatchmentVegetationZoneParameters>
    </SubCatchmentVegetationZone>
  </SubCatchment>
</Catchment>