<?xml version="1.0" encoding="utf-8"?>
<Catchment xmlns:xsi="http://www.w3.org/2001/XMLSchema-instance" xmlns:xsd="http://www.w3.org/2001/XMLSchema">
  <CatchmentParameters>
    <KSI>0.001</KSI>
    <KGmin>0.05</KGmin>
    <RangeKG>0.1</RangeKG>
    <AG>0.1</AG>
    <PERC>8.6733134513283439</PERC>
    <Alpha>0</Alpha>
    <UZL>148.27741615951021</UZL>
    <K0>0.22970234044664786</K0>
    <K1>0.29891125076911756</K1>
    <K2>0.096775007543806121</K2>
    <MAXBAS>2.4512706527350541</MAXBAS>
    <Cet>0</Cet>
    <PCALT>10</PCALT>
    <TCALT>0.6</TCALT>
    <Pelev>2541</Pelev>
    <Telev>2541</Telev>
    <PART>0.5</PART>
    <DELAY>1</DELAY>
  </CatchmentParameters>
  <VegetationZone>
    <VegetationZoneParameters>
      <TT>-0.26529200322031238</TT>
      <CFMAX>1.2643349047117836</CFMAX>
      <SP>0</SP>
      <SFCF>0.94662555595829156</SFCF>
      <CFR>0.0999982645584839</CFR>
      <CWH>0.10000017565978384</CWH>
      <CFGlacier>1</CFGlacier>
      <CFSlope>1</CFSlope>
      <FC>266.41471341129443</FC>
      <LP>0.30000000071075944</LP>
      <BETA>2.4439548293727706</BETA>
    </VegetationZoneParameters>
  </VegetationZone>
  <SubCatchment>
    <SubCatchmentParameters>
      <KSI>0.001</KSI>
      <KGmin>0.05</KGmin>
      <RangeKG>0.1</RangeKG>
      <AG>0.1</AG>
      <PERC>8.6733134513283439</PERC>
      <Alpha>0</Alpha>
      <UZL>148.27741615951021</UZL>
      <K0>0.22970234044664786</K0>
      <K1>0.29891125076911756</K1>
      <K2>0.096775007543806121</K2>
      <MAXBAS>2.4512706527350541</MAXBAS>
      <Cet>0</Cet>
      <PCALT>10</PCALT>
      <TCALT>0.6</TCALT>
      <Pelev>2541</Pelev>
      <Telev>2541</Telev>
      <PART>0.5</PART>
      <DELAY>1</DELAY>
    </SubCatchmentParameters>
    <SubCatchmentVegetationZone>
      <SubCatchmentVegetationZoneParameters>
        <TT>-0.26529200322031238</TT>
        <CFMAX>1.2643349047117836</CFMAX>
        <SP>0</SP>
        <SFCF>0.94662555595829156</SFCF>
        <CFR>0.0999982645584839</CFR>
        <CWH>0.10000017565978384</CWH>
        <CFGlacier>1</CFGlacier>
        <CFSlope>1</CFSlope>
        <FC>266.41471341129443</FC>
        <LP>0.30000000071075944</LP>
        <BETA>2.4439548293727706</BETA>
      </SubCatchmentVegetationZoneParameters>
    </SubCatchmentVegetationZone>
  </SubCatchment>
</Catchment>