<?xml version="1.0" encoding="utf-8"?>
<Catchment xmlns:xsi="http://www.w3.org/2001/XMLSchema-instance" xmlns:xsd="http://www.w3.org/2001/XMLSchema">
  <CatchmentParameters>
    <KSI>0.001</KSI>
    <KGmin>0.05</KGmin>
    <RangeKG>0.1</RangeKG>
    <AG>0.1</AG>
    <PERC>9.5192526971462659</PERC>
    <Alpha>0</Alpha>
    <UZL>140.60982917292913</UZL>
    <K0>0.809605725058174</K0>
    <K1>0.42202777998364477</K1>
    <K2>0.11290190323412618</K2>
    <MAXBAS>1.9783800696339653</MAXBAS>
    <Cet>0</Cet>
    <PCALT>10</PCALT>
    <TCALT>0.6</TCALT>
    <Pelev>2541</Pelev>
    <Telev>2541</Telev>
    <PART>0.5</PART>
    <DELAY>1</DELAY>
  </CatchmentParameters>
  <VegetationZone>
    <VegetationZoneParameters>
      <TT>-1.257633008748402</TT>
      <CFMAX>1.1010155424145391</CFMAX>
      <SP>0</SP>
      <SFCF>1.1798397219342984</SFCF>
      <CFR>0.099993315891403284</CFR>
      <CWH>0.13098803451784616</CWH>
      <CFGlacier>1</CFGlacier>
      <CFSlope>1</CFSlope>
      <FC>409.55240359136241</FC>
      <LP>0.30013964902566626</LP>
      <BETA>1.8475244390518284</BETA>
    </VegetationZoneParameters>
  </VegetationZone>
  <SubCatchment>
    <SubCatchmentParameters>
      <KSI>0.001</KSI>
      <KGmin>0.05</KGmin>
      <RangeKG>0.1</RangeKG>
      <AG>0.1</AG>
      <PERC>9.5192526971462659</PERC>
      <Alpha>0</Alpha>
      <UZL>140.60982917292913</UZL>
      <K0>0.809605725058174</K0>
      <K1>0.42202777998364477</K1>
      <K2>0.11290190323412618</K2>
      <MAXBAS>1.9783800696339653</MAXBAS>
      <Cet>0</Cet>
      <PCALT>10</PCALT>
      <TCALT>0.6</TCALT>
      <Pelev>2541</Pelev>
      <Telev>2541</Telev>
      <PART>0.5</PART>
      <DELAY>1</DELAY>
    </SubCatchmentParameters>
    <SubCatchmentVegetationZone>
      <SubCatchmentVegetationZoneParameters>
        <TT>-1.257633008748402</TT>
        <CFMAX>1.1010155424145391</CFMAX>
        <SP>0</SP>
        <SFCF>1.1798397219342984</SFCF>
        <CFR>0.099993315891403284</CFR>
        <CWH>0.13098803451784616</CWH>
        <CFGlacier>1</CFGlacier>
        <CFSlope>1</CFSlope>
        <FC>409.55240359136241</FC>
        <LP>0.30013964902566626</LP>
        <BETA>1.8475244390518284</BETA>
      </SubCatchmentVegetationZoneParameters>
    </SubCatchmentVegetationZone>
  </SubCatchment>
</Catchment>