<?xml version="1.0" encoding="utf-8"?>
<Catchment xmlns:xsi="http://www.w3.org/2001/XMLSchema-instance" xmlns:xsd="http://www.w3.org/2001/XMLSchema">
  <CatchmentParameters>
    <KSI>0.001</KSI>
    <KGmin>0.05</KGmin>
    <RangeKG>0.1</RangeKG>
    <AG>0.1</AG>
    <PERC>9.9999607769730385</PERC>
    <Alpha>0</Alpha>
    <UZL>110.89977067777546</UZL>
    <K0>0.12239286529177852</K0>
    <K1>0.37097360936871077</K1>
    <K2>0.0880203405540526</K2>
    <MAXBAS>2.4999917610822933</MAXBAS>
    <Cet>0</Cet>
    <PCALT>10</PCALT>
    <TCALT>0.6</TCALT>
    <Pelev>2541</Pelev>
    <Telev>2541</Telev>
    <PART>0.5</PART>
    <DELAY>1</DELAY>
  </CatchmentParameters>
  <VegetationZone>
    <VegetationZoneParameters>
      <TT>-0.078920162034223612</TT>
      <CFMAX>1.4893922506101531</CFMAX>
      <SP>0</SP>
      <SFCF>1.01225425641618</SFCF>
      <CFR>0.040676702367506014</CFR>
      <CWH>0.10000023327433308</CWH>
      <CFGlacier>1</CFGlacier>
      <CFSlope>1</CFSlope>
      <FC>305.37115757282436</FC>
      <LP>0.30000887866233517</LP>
      <BETA>1.7394596230923294</BETA>
    </VegetationZoneParameters>
  </VegetationZone>
  <SubCatchment>
    <SubCatchmentParameters>
      <KSI>0.001</KSI>
      <KGmin>0.05</KGmin>
      <RangeKG>0.1</RangeKG>
      <AG>0.1</AG>
      <PERC>9.9999607769730385</PERC>
      <Alpha>0</Alpha>
      <UZL>110.89977067777546</UZL>
      <K0>0.12239286529177852</K0>
      <K1>0.37097360936871077</K1>
      <K2>0.0880203405540526</K2>
      <MAXBAS>2.4999917610822933</MAXBAS>
      <Cet>0</Cet>
      <PCALT>10</PCALT>
      <TCALT>0.6</TCALT>
      <Pelev>2541</Pelev>
      <Telev>2541</Telev>
      <PART>0.5</PART>
      <DELAY>1</DELAY>
    </SubCatchmentParameters>
    <SubCatchmentVegetationZone>
      <SubCatchmentVegetationZoneParameters>
        <TT>-0.078920162034223612</TT>
        <CFMAX>1.4893922506101531</CFMAX>
        <SP>0</SP>
        <SFCF>1.01225425641618</SFCF>
        <CFR>0.040676702367506014</CFR>
        <CWH>0.10000023327433308</CWH>
        <CFGlacier>1</CFGlacier>
        <CFSlope>1</CFSlope>
        <FC>305.37115757282436</FC>
        <LP>0.30000887866233517</LP>
        <BETA>1.7394596230923294</BETA>
      </SubCatchmentVegetationZoneParameters>
    </SubCatchmentVegetationZone>
  </SubCatchment>
</Catchment>