<?xml version="1.0" encoding="utf-8"?>
<Catchment xmlns:xsi="http://www.w3.org/2001/XMLSchema-instance" xmlns:xsd="http://www.w3.org/2001/XMLSchema">
  <CatchmentParameters>
    <KSI>0.001</KSI>
    <KGmin>0.05</KGmin>
    <RangeKG>0.1</RangeKG>
    <AG>0.1</AG>
    <PERC>9.473892912834371</PERC>
    <Alpha>0</Alpha>
    <UZL>125.58943327679312</UZL>
    <K0>0.49326662241706049</K0>
    <K1>0.3871117119874285</K1>
    <K2>0.096167619032518442</K2>
    <MAXBAS>2.4999904274811748</MAXBAS>
    <Cet>0</Cet>
    <PCALT>10</PCALT>
    <TCALT>0.6</TCALT>
    <Pelev>2541</Pelev>
    <Telev>2541</Telev>
    <PART>0.5</PART>
    <DELAY>1</DELAY>
  </CatchmentParameters>
  <VegetationZone>
    <VegetationZoneParameters>
      <TT>-0.15845490528072931</TT>
      <CFMAX>1.3449483889988652</CFMAX>
      <SP>0</SP>
      <SFCF>0.98482718908170075</SFCF>
      <CFR>7.6040667729105714E-06</CFR>
      <CWH>0.10000005304051306</CWH>
      <CFGlacier>1</CFGlacier>
      <CFSlope>1</CFSlope>
      <FC>305.17630736469414</FC>
      <LP>0.30016948991766068</LP>
      <BETA>2.0200138721552556</BETA>
    </VegetationZoneParameters>
  </VegetationZone>
  <SubCatchment>
    <SubCatchmentParameters>
      <KSI>0.001</KSI>
      <KGmin>0.05</KGmin>
      <RangeKG>0.1</RangeKG>
      <AG>0.1</AG>
      <PERC>9.473892912834371</PERC>
      <Alpha>0</Alpha>
      <UZL>125.58943327679312</UZL>
      <K0>0.49326662241706049</K0>
      <K1>0.3871117119874285</K1>
      <K2>0.096167619032518442</K2>
      <MAXBAS>2.4999904274811748</MAXBAS>
      <Cet>0</Cet>
      <PCALT>10</PCALT>
      <TCALT>0.6</TCALT>
      <Pelev>2541</Pelev>
      <Telev>2541</Telev>
      <PART>0.5</PART>
      <DELAY>1</DELAY>
    </SubCatchmentParameters>
    <SubCatchmentVegetationZone>
      <SubCatchmentVegetationZoneParameters>
        <TT>-0.15845490528072931</TT>
        <CFMAX>1.3449483889988652</CFMAX>
        <SP>0</SP>
        <SFCF>0.98482718908170075</SFCF>
        <CFR>7.6040667729105714E-06</CFR>
        <CWH>0.10000005304051306</CWH>
        <CFGlacier>1</CFGlacier>
        <CFSlope>1</CFSlope>
        <FC>305.17630736469414</FC>
        <LP>0.30016948991766068</LP>
        <BETA>2.0200138721552556</BETA>
      </SubCatchmentVegetationZoneParameters>
    </SubCatchmentVegetationZone>
  </SubCatchment>
</Catchment>