<?xml version="1.0" encoding="utf-8"?>
<Catchment xmlns:xsi="http://www.w3.org/2001/XMLSchema-instance" xmlns:xsd="http://www.w3.org/2001/XMLSchema">
  <CatchmentParameters>
    <KSI>0.001</KSI>
    <KGmin>0.05</KGmin>
    <RangeKG>0.1</RangeKG>
    <AG>0.1</AG>
    <PERC>1.1876972063107314</PERC>
    <Alpha>0</Alpha>
    <UZL>156.80278447678694</UZL>
    <K0>0.26362881819688178</K0>
    <K1>0.079965730877593844</K1>
    <K2>0.022128370580564119</K2>
    <MAXBAS>1</MAXBAS>
    <Cet>0</Cet>
    <PCALT>10</PCALT>
    <TCALT>0.6</TCALT>
    <Pelev>2541</Pelev>
    <Telev>2541</Telev>
    <PART>0.5</PART>
    <DELAY>1</DELAY>
  </CatchmentParameters>
  <VegetationZone>
    <VegetationZoneParameters>
      <TT>0.16866990462955328</TT>
      <CFMAX>2.3159150083131728</CFMAX>
      <SP>0</SP>
      <SFCF>1.2464870763120854</SFCF>
      <CFR>2.7479309968413242E-07</CFR>
      <CWH>0.10000000000867701</CWH>
      <CFGlacier>1</CFGlacier>
      <CFSlope>1</CFSlope>
      <FC>926.48849329904544</FC>
      <LP>0.95035886109943135</LP>
      <BETA>2.6943207270088627</BETA>
    </VegetationZoneParameters>
  </VegetationZone>
  <SubCatchment>
    <SubCatchmentParameters>
      <KSI>0.001</KSI>
      <KGmin>0.05</KGmin>
      <RangeKG>0.1</RangeKG>
      <AG>0.1</AG>
      <PERC>1.1876972063107314</PERC>
      <Alpha>0</Alpha>
      <UZL>156.80278447678694</UZL>
      <K0>0.26362881819688178</K0>
      <K1>0.079965730877593844</K1>
      <K2>0.022128370580564119</K2>
      <MAXBAS>1</MAXBAS>
      <Cet>0</Cet>
      <PCALT>10</PCALT>
      <TCALT>0.6</TCALT>
      <Pelev>2541</Pelev>
      <Telev>2541</Telev>
      <PART>0.5</PART>
      <DELAY>1</DELAY>
    </SubCatchmentParameters>
    <SubCatchmentVegetationZone>
      <SubCatchmentVegetationZoneParameters>
        <TT>0.16866990462955328</TT>
        <CFMAX>2.3159150083131728</CFMAX>
        <SP>0</SP>
        <SFCF>1.2464870763120854</SFCF>
        <CFR>2.7479309968413242E-07</CFR>
        <CWH>0.10000000000867701</CWH>
        <CFGlacier>1</CFGlacier>
        <CFSlope>1</CFSlope>
        <FC>926.48849329904544</FC>
        <LP>0.95035886109943135</LP>
        <BETA>2.6943207270088627</BETA>
      </SubCatchmentVegetationZoneParameters>
    </SubCatchmentVegetationZone>
  </SubCatchment>
</Catchment>