<?xml version="1.0" encoding="utf-8"?>
<Catchment xmlns:xsi="http://www.w3.org/2001/XMLSchema-instance" xmlns:xsd="http://www.w3.org/2001/XMLSchema">
  <CatchmentParameters>
    <KSI>0.001</KSI>
    <KGmin>0.05</KGmin>
    <RangeKG>0.1</RangeKG>
    <AG>0.1</AG>
    <PERC>1.0154265441623853</PERC>
    <Alpha>0</Alpha>
    <UZL>194.01934899155751</UZL>
    <K0>0.54223704761355607</K0>
    <K1>0.0769443253190846</K1>
    <K2>0.020263849834329422</K2>
    <MAXBAS>1</MAXBAS>
    <Cet>0</Cet>
    <PCALT>10</PCALT>
    <TCALT>0.6</TCALT>
    <Pelev>2541</Pelev>
    <Telev>2541</Telev>
    <PART>0.5</PART>
    <DELAY>1</DELAY>
  </CatchmentParameters>
  <VegetationZone>
    <VegetationZoneParameters>
      <TT>0.79993745337686561</TT>
      <CFMAX>2.3067165805380849</CFMAX>
      <SP>0</SP>
      <SFCF>1.0933888041598032</SFCF>
      <CFR>2.3121220165079673E-07</CFR>
      <CWH>0.10000013619508573</CWH>
      <CFGlacier>1</CFGlacier>
      <CFSlope>1</CFSlope>
      <FC>547.87698466799975</FC>
      <LP>0.97149811833107946</LP>
      <BETA>2.0670755753693739</BETA>
    </VegetationZoneParameters>
  </VegetationZone>
  <SubCatchment>
    <SubCatchmentParameters>
      <KSI>0.001</KSI>
      <KGmin>0.05</KGmin>
      <RangeKG>0.1</RangeKG>
      <AG>0.1</AG>
      <PERC>1.0154265441623853</PERC>
      <Alpha>0</Alpha>
      <UZL>194.01934899155751</UZL>
      <K0>0.54223704761355607</K0>
      <K1>0.0769443253190846</K1>
      <K2>0.020263849834329422</K2>
      <MAXBAS>1</MAXBAS>
      <Cet>0</Cet>
      <PCALT>10</PCALT>
      <TCALT>0.6</TCALT>
      <Pelev>2541</Pelev>
      <Telev>2541</Telev>
      <PART>0.5</PART>
      <DELAY>1</DELAY>
    </SubCatchmentParameters>
    <SubCatchmentVegetationZone>
      <SubCatchmentVegetationZoneParameters>
        <TT>0.79993745337686561</TT>
        <CFMAX>2.3067165805380849</CFMAX>
        <SP>0</SP>
        <SFCF>1.0933888041598032</SFCF>
        <CFR>2.3121220165079673E-07</CFR>
        <CWH>0.10000013619508573</CWH>
        <CFGlacier>1</CFGlacier>
        <CFSlope>1</CFSlope>
        <FC>547.87698466799975</FC>
        <LP>0.97149811833107946</LP>
        <BETA>2.0670755753693739</BETA>
      </SubCatchmentVegetationZoneParameters>
    </SubCatchmentVegetationZone>
  </SubCatchment>
</Catchment>