<?xml version="1.0" encoding="utf-8"?>
<Catchment xmlns:xsi="http://www.w3.org/2001/XMLSchema-instance" xmlns:xsd="http://www.w3.org/2001/XMLSchema">
  <CatchmentParameters>
    <KSI>0.001</KSI>
    <KGmin>0.05</KGmin>
    <RangeKG>0.1</RangeKG>
    <AG>0.1</AG>
    <PERC>1.0076054487987431</PERC>
    <Alpha>0</Alpha>
    <UZL>144.8441729044587</UZL>
    <K0>0.36462514054086265</K0>
    <K1>0.083739845005592645</K1>
    <K2>0.02001634403701507</K2>
    <MAXBAS>1</MAXBAS>
    <Cet>0</Cet>
    <PCALT>10</PCALT>
    <TCALT>0.6</TCALT>
    <Pelev>2541</Pelev>
    <Telev>2541</Telev>
    <PART>0.5</PART>
    <DELAY>1</DELAY>
  </CatchmentParameters>
  <VegetationZone>
    <VegetationZoneParameters>
      <TT>0.3761935374702397</TT>
      <CFMAX>2.0146092077582307</CFMAX>
      <SP>0</SP>
      <SFCF>1.0827988237120085</SFCF>
      <CFR>1.3997641884004732E-07</CFR>
      <CWH>0.10000000024929409</CWH>
      <CFGlacier>1</CFGlacier>
      <CFSlope>1</CFSlope>
      <FC>507.97828431843237</FC>
      <LP>0.98275659549655836</LP>
      <BETA>2.0953388843013334</BETA>
    </VegetationZoneParameters>
  </VegetationZone>
  <SubCatchment>
    <SubCatchmentParameters>
      <KSI>0.001</KSI>
      <KGmin>0.05</KGmin>
      <RangeKG>0.1</RangeKG>
      <AG>0.1</AG>
      <PERC>1.0076054487987431</PERC>
      <Alpha>0</Alpha>
      <UZL>144.8441729044587</UZL>
      <K0>0.36462514054086265</K0>
      <K1>0.083739845005592645</K1>
      <K2>0.02001634403701507</K2>
      <MAXBAS>1</MAXBAS>
      <Cet>0</Cet>
      <PCALT>10</PCALT>
      <TCALT>0.6</TCALT>
      <Pelev>2541</Pelev>
      <Telev>2541</Telev>
      <PART>0.5</PART>
      <DELAY>1</DELAY>
    </SubCatchmentParameters>
    <SubCatchmentVegetationZone>
      <SubCatchmentVegetationZoneParameters>
        <TT>0.3761935374702397</TT>
        <CFMAX>2.0146092077582307</CFMAX>
        <SP>0</SP>
        <SFCF>1.0827988237120085</SFCF>
        <CFR>1.3997641884004732E-07</CFR>
        <CWH>0.10000000024929409</CWH>
        <CFGlacier>1</CFGlacier>
        <CFSlope>1</CFSlope>
        <FC>507.97828431843237</FC>
        <LP>0.98275659549655836</LP>
        <BETA>2.0953388843013334</BETA>
      </SubCatchmentVegetationZoneParameters>
    </SubCatchmentVegetationZone>
  </SubCatchment>
</Catchment>