<?xml version="1.0" encoding="utf-8"?>
<Catchment xmlns:xsi="http://www.w3.org/2001/XMLSchema-instance" xmlns:xsd="http://www.w3.org/2001/XMLSchema">
  <CatchmentParameters>
    <KSI>0.001</KSI>
    <KGmin>0.05</KGmin>
    <RangeKG>0.1</RangeKG>
    <AG>0.1</AG>
    <PERC>8.4818424456769961</PERC>
    <Alpha>0</Alpha>
    <UZL>182.94611118389952</UZL>
    <K0>0.403206454838679</K0>
    <K1>0.37859195863418665</K1>
    <K2>0.099955150363507217</K2>
    <MAXBAS>2.3703884805825584</MAXBAS>
    <Cet>0</Cet>
    <PCALT>10</PCALT>
    <TCALT>0.6</TCALT>
    <Pelev>2541</Pelev>
    <Telev>2541</Telev>
    <PART>0.5</PART>
    <DELAY>1</DELAY>
  </CatchmentParameters>
  <VegetationZone>
    <VegetationZoneParameters>
      <TT>-0.31799828536047164</TT>
      <CFMAX>1.1961488483647182</CFMAX>
      <SP>0</SP>
      <SFCF>0.9458170499148425</SFCF>
      <CFR>0.099997533099828756</CFR>
      <CWH>0.10000001141206938</CWH>
      <CFGlacier>1</CFGlacier>
      <CFSlope>1</CFSlope>
      <FC>281.32433996351926</FC>
      <LP>0.30000461094261277</LP>
      <BETA>2.3032046010575176</BETA>
    </VegetationZoneParameters>
  </VegetationZone>
  <SubCatchment>
    <SubCatchmentParameters>
      <KSI>0.001</KSI>
      <KGmin>0.05</KGmin>
      <RangeKG>0.1</RangeKG>
      <AG>0.1</AG>
      <PERC>8.4818424456769961</PERC>
      <Alpha>0</Alpha>
      <UZL>182.94611118389952</UZL>
      <K0>0.403206454838679</K0>
      <K1>0.37859195863418665</K1>
      <K2>0.099955150363507217</K2>
      <MAXBAS>2.3703884805825584</MAXBAS>
      <Cet>0</Cet>
      <PCALT>10</PCALT>
      <TCALT>0.6</TCALT>
      <Pelev>2541</Pelev>
      <Telev>2541</Telev>
      <PART>0.5</PART>
      <DELAY>1</DELAY>
    </SubCatchmentParameters>
    <SubCatchmentVegetationZone>
      <SubCatchmentVegetationZoneParameters>
        <TT>-0.31799828536047164</TT>
        <CFMAX>1.1961488483647182</CFMAX>
        <SP>0</SP>
        <SFCF>0.9458170499148425</SFCF>
        <CFR>0.099997533099828756</CFR>
        <CWH>0.10000001141206938</CWH>
        <CFGlacier>1</CFGlacier>
        <CFSlope>1</CFSlope>
        <FC>281.32433996351926</FC>
        <LP>0.30000461094261277</LP>
        <BETA>2.3032046010575176</BETA>
      </SubCatchmentVegetationZoneParameters>
    </SubCatchmentVegetationZone>
  </SubCatchment>
</Catchment>