<?xml version="1.0" encoding="utf-8"?>
<Catchment xmlns:xsi="http://www.w3.org/2001/XMLSchema-instance" xmlns:xsd="http://www.w3.org/2001/XMLSchema">
  <CatchmentParameters>
    <KSI>0.001</KSI>
    <KGmin>0.05</KGmin>
    <RangeKG>0.1</RangeKG>
    <AG>0.1</AG>
    <PERC>1.0372914752817684</PERC>
    <Alpha>0</Alpha>
    <UZL>105.62899686140443</UZL>
    <K0>0.78577056882367136</K0>
    <K1>0.10493828643215093</K1>
    <K2>0.021516149597695836</K2>
    <MAXBAS>1</MAXBAS>
    <Cet>0</Cet>
    <PCALT>10</PCALT>
    <TCALT>0.6</TCALT>
    <Pelev>2541</Pelev>
    <Telev>2541</Telev>
    <PART>0.5</PART>
    <DELAY>1</DELAY>
  </CatchmentParameters>
  <VegetationZone>
    <VegetationZoneParameters>
      <TT>-0.7428583553278898</TT>
      <CFMAX>1.7817892043622123</CFMAX>
      <SP>0</SP>
      <SFCF>1.3625824156210824</SFCF>
      <CFR>3.822086345375009E-07</CFR>
      <CWH>0.10000000012220799</CWH>
      <CFGlacier>1</CFGlacier>
      <CFSlope>1</CFSlope>
      <FC>1036.3599584285205</FC>
      <LP>0.8819650896751543</LP>
      <BETA>3.0827672010193052</BETA>
    </VegetationZoneParameters>
  </VegetationZone>
  <SubCatchment>
    <SubCatchmentParameters>
      <KSI>0.001</KSI>
      <KGmin>0.05</KGmin>
      <RangeKG>0.1</RangeKG>
      <AG>0.1</AG>
      <PERC>1.0372914752817684</PERC>
      <Alpha>0</Alpha>
      <UZL>105.62899686140443</UZL>
      <K0>0.78577056882367136</K0>
      <K1>0.10493828643215093</K1>
      <K2>0.021516149597695836</K2>
      <MAXBAS>1</MAXBAS>
      <Cet>0</Cet>
      <PCALT>10</PCALT>
      <TCALT>0.6</TCALT>
      <Pelev>2541</Pelev>
      <Telev>2541</Telev>
      <PART>0.5</PART>
      <DELAY>1</DELAY>
    </SubCatchmentParameters>
    <SubCatchmentVegetationZone>
      <SubCatchmentVegetationZoneParameters>
        <TT>-0.7428583553278898</TT>
        <CFMAX>1.7817892043622123</CFMAX>
        <SP>0</SP>
        <SFCF>1.3625824156210824</SFCF>
        <CFR>3.822086345375009E-07</CFR>
        <CWH>0.10000000012220799</CWH>
        <CFGlacier>1</CFGlacier>
        <CFSlope>1</CFSlope>
        <FC>1036.3599584285205</FC>
        <LP>0.8819650896751543</LP>
        <BETA>3.0827672010193052</BETA>
      </SubCatchmentVegetationZoneParameters>
    </SubCatchmentVegetationZone>
  </SubCatchment>
</Catchment>