<?xml version="1.0" encoding="utf-8"?>
<Catchment xmlns:xsi="http://www.w3.org/2001/XMLSchema-instance" xmlns:xsd="http://www.w3.org/2001/XMLSchema">
  <CatchmentParameters>
    <KSI>0.001</KSI>
    <KGmin>0.05</KGmin>
    <RangeKG>0.1</RangeKG>
    <AG>0.1</AG>
    <PERC>9.9998922629306559</PERC>
    <Alpha>0</Alpha>
    <UZL>171.26057688304297</UZL>
    <K0>0.57323275123871276</K0>
    <K1>0.31577973822789812</K1>
    <K2>0.085956062213932219</K2>
    <MAXBAS>2.4999995795382679</MAXBAS>
    <Cet>0</Cet>
    <PCALT>10</PCALT>
    <TCALT>0.6</TCALT>
    <Pelev>2541</Pelev>
    <Telev>2541</Telev>
    <PART>0.5</PART>
    <DELAY>1</DELAY>
  </CatchmentParameters>
  <VegetationZone>
    <VegetationZoneParameters>
      <TT>-0.078918170247829059</TT>
      <CFMAX>1.4748387332046979</CFMAX>
      <SP>0</SP>
      <SFCF>1.0304219163923676</SFCF>
      <CFR>3.3565445065930796E-07</CFR>
      <CWH>0.10000002319419417</CWH>
      <CFGlacier>1</CFGlacier>
      <CFSlope>1</CFSlope>
      <FC>330.773532278393</FC>
      <LP>0.54517355022693736</LP>
      <BETA>1.8118080073936553</BETA>
    </VegetationZoneParameters>
  </VegetationZone>
  <SubCatchment>
    <SubCatchmentParameters>
      <KSI>0.001</KSI>
      <KGmin>0.05</KGmin>
      <RangeKG>0.1</RangeKG>
      <AG>0.1</AG>
      <PERC>9.9998922629306559</PERC>
      <Alpha>0</Alpha>
      <UZL>171.26057688304297</UZL>
      <K0>0.57323275123871276</K0>
      <K1>0.31577973822789812</K1>
      <K2>0.085956062213932219</K2>
      <MAXBAS>2.4999995795382679</MAXBAS>
      <Cet>0</Cet>
      <PCALT>10</PCALT>
      <TCALT>0.6</TCALT>
      <Pelev>2541</Pelev>
      <Telev>2541</Telev>
      <PART>0.5</PART>
      <DELAY>1</DELAY>
    </SubCatchmentParameters>
    <SubCatchmentVegetationZone>
      <SubCatchmentVegetationZoneParameters>
        <TT>-0.078918170247829059</TT>
        <CFMAX>1.4748387332046979</CFMAX>
        <SP>0</SP>
        <SFCF>1.0304219163923676</SFCF>
        <CFR>3.3565445065930796E-07</CFR>
        <CWH>0.10000002319419417</CWH>
        <CFGlacier>1</CFGlacier>
        <CFSlope>1</CFSlope>
        <FC>330.773532278393</FC>
        <LP>0.54517355022693736</LP>
        <BETA>1.8118080073936553</BETA>
      </SubCatchmentVegetationZoneParameters>
    </SubCatchmentVegetationZone>
  </SubCatchment>
</Catchment>