<?xml version="1.0" encoding="utf-8"?>
<Catchment xmlns:xsi="http://www.w3.org/2001/XMLSchema-instance" xmlns:xsd="http://www.w3.org/2001/XMLSchema">
  <CatchmentParameters>
    <KSI>0.001</KSI>
    <KGmin>0.05</KGmin>
    <RangeKG>0.1</RangeKG>
    <AG>0.1</AG>
    <PERC>0.74901019864208562</PERC>
    <Alpha>0</Alpha>
    <UZL>133.62199650084574</UZL>
    <K0>0.24906077413689787</K0>
    <K1>0.108852599535308</K1>
    <K2>0.018654328207140452</K2>
    <MAXBAS>1</MAXBAS>
    <Cet>0</Cet>
    <PCALT>10</PCALT>
    <TCALT>0.6</TCALT>
    <Pelev>2541</Pelev>
    <Telev>2541</Telev>
    <PART>0.5</PART>
    <DELAY>1</DELAY>
  </CatchmentParameters>
  <VegetationZone>
    <VegetationZoneParameters>
      <TT>-1.4955172979059872</TT>
      <CFMAX>1.3615305815281846</CFMAX>
      <SP>0</SP>
      <SFCF>1.3719143293874037</SFCF>
      <CFR>0.049645070064304742</CFR>
      <CWH>0.10000009301833666</CWH>
      <CFGlacier>1</CFGlacier>
      <CFSlope>1</CFSlope>
      <FC>1022.121912606377</FC>
      <LP>0.94263277030673076</LP>
      <BETA>3.5406448683956162</BETA>
    </VegetationZoneParameters>
  </VegetationZone>
  <SubCatchment>
    <SubCatchmentParameters>
      <KSI>0.001</KSI>
      <KGmin>0.05</KGmin>
      <RangeKG>0.1</RangeKG>
      <AG>0.1</AG>
      <PERC>0.74901019864208562</PERC>
      <Alpha>0</Alpha>
      <UZL>133.62199650084574</UZL>
      <K0>0.24906077413689787</K0>
      <K1>0.108852599535308</K1>
      <K2>0.018654328207140452</K2>
      <MAXBAS>1</MAXBAS>
      <Cet>0</Cet>
      <PCALT>10</PCALT>
      <TCALT>0.6</TCALT>
      <Pelev>2541</Pelev>
      <Telev>2541</Telev>
      <PART>0.5</PART>
      <DELAY>1</DELAY>
    </SubCatchmentParameters>
    <SubCatchmentVegetationZone>
      <SubCatchmentVegetationZoneParameters>
        <TT>-1.4955172979059872</TT>
        <CFMAX>1.3615305815281846</CFMAX>
        <SP>0</SP>
        <SFCF>1.3719143293874037</SFCF>
        <CFR>0.049645070064304742</CFR>
        <CWH>0.10000009301833666</CWH>
        <CFGlacier>1</CFGlacier>
        <CFSlope>1</CFSlope>
        <FC>1022.121912606377</FC>
        <LP>0.94263277030673076</LP>
        <BETA>3.5406448683956162</BETA>
      </SubCatchmentVegetationZoneParameters>
    </SubCatchmentVegetationZone>
  </SubCatchment>
</Catchment>