<?xml version="1.0" encoding="utf-8"?>
<Catchment xmlns:xsi="http://www.w3.org/2001/XMLSchema-instance" xmlns:xsd="http://www.w3.org/2001/XMLSchema">
  <CatchmentParameters>
    <KSI>0.001</KSI>
    <KGmin>0.05</KGmin>
    <RangeKG>0.1</RangeKG>
    <AG>0.1</AG>
    <PERC>0.80834547061896689</PERC>
    <Alpha>0</Alpha>
    <UZL>151.65203350470364</UZL>
    <K0>0.45340686600691965</K0>
    <K1>0.1008364609960294</K1>
    <K2>0.018461708557739129</K2>
    <MAXBAS>1</MAXBAS>
    <Cet>0</Cet>
    <PCALT>10</PCALT>
    <TCALT>0.6</TCALT>
    <Pelev>2541</Pelev>
    <Telev>2541</Telev>
    <PART>0.5</PART>
    <DELAY>1</DELAY>
  </CatchmentParameters>
  <VegetationZone>
    <VegetationZoneParameters>
      <TT>-0.47872085337560821</TT>
      <CFMAX>1.7119611525799643</CFMAX>
      <SP>0</SP>
      <SFCF>1.240056877190437</SFCF>
      <CFR>1.0631910503702794E-07</CFR>
      <CWH>0.10000010602794937</CWH>
      <CFGlacier>1</CFGlacier>
      <CFSlope>1</CFSlope>
      <FC>687.29704132871836</FC>
      <LP>0.85664135557015852</LP>
      <BETA>2.424713671446753</BETA>
    </VegetationZoneParameters>
  </VegetationZone>
  <SubCatchment>
    <SubCatchmentParameters>
      <KSI>0.001</KSI>
      <KGmin>0.05</KGmin>
      <RangeKG>0.1</RangeKG>
      <AG>0.1</AG>
      <PERC>0.80834547061896689</PERC>
      <Alpha>0</Alpha>
      <UZL>151.65203350470364</UZL>
      <K0>0.45340686600691965</K0>
      <K1>0.1008364609960294</K1>
      <K2>0.018461708557739129</K2>
      <MAXBAS>1</MAXBAS>
      <Cet>0</Cet>
      <PCALT>10</PCALT>
      <TCALT>0.6</TCALT>
      <Pelev>2541</Pelev>
      <Telev>2541</Telev>
      <PART>0.5</PART>
      <DELAY>1</DELAY>
    </SubCatchmentParameters>
    <SubCatchmentVegetationZone>
      <SubCatchmentVegetationZoneParameters>
        <TT>-0.47872085337560821</TT>
        <CFMAX>1.7119611525799643</CFMAX>
        <SP>0</SP>
        <SFCF>1.240056877190437</SFCF>
        <CFR>1.0631910503702794E-07</CFR>
        <CWH>0.10000010602794937</CWH>
        <CFGlacier>1</CFGlacier>
        <CFSlope>1</CFSlope>
        <FC>687.29704132871836</FC>
        <LP>0.85664135557015852</LP>
        <BETA>2.424713671446753</BETA>
      </SubCatchmentVegetationZoneParameters>
    </SubCatchmentVegetationZone>
  </SubCatchment>
</Catchment>