<?xml version="1.0" encoding="utf-8"?>
<Catchment xmlns:xsi="http://www.w3.org/2001/XMLSchema-instance" xmlns:xsd="http://www.w3.org/2001/XMLSchema">
  <CatchmentParameters>
    <KSI>0.001</KSI>
    <KGmin>0.05</KGmin>
    <RangeKG>0.1</RangeKG>
    <AG>0.1</AG>
    <PERC>9.9999632998865415</PERC>
    <Alpha>0</Alpha>
    <UZL>146.7748356735772</UZL>
    <K0>0.21717955429146763</K0>
    <K1>0.50794458109074891</K1>
    <K2>0.10545738589206784</K2>
    <MAXBAS>2.4999999962528352</MAXBAS>
    <Cet>0</Cet>
    <PCALT>10</PCALT>
    <TCALT>0.6</TCALT>
    <Pelev>2541</Pelev>
    <Telev>2541</Telev>
    <PART>0.5</PART>
    <DELAY>1</DELAY>
  </CatchmentParameters>
  <VegetationZone>
    <VegetationZoneParameters>
      <TT>-0.87127356416121</TT>
      <CFMAX>1.2918918469978378</CFMAX>
      <SP>0</SP>
      <SFCF>1.21192030352236</SFCF>
      <CFR>0.0851080602809693</CFR>
      <CWH>0.10000040507976957</CWH>
      <CFGlacier>1</CFGlacier>
      <CFSlope>1</CFSlope>
      <FC>450.25434499102926</FC>
      <LP>0.43116106559590844</LP>
      <BETA>1.7958147020224862</BETA>
    </VegetationZoneParameters>
  </VegetationZone>
  <SubCatchment>
    <SubCatchmentParameters>
      <KSI>0.001</KSI>
      <KGmin>0.05</KGmin>
      <RangeKG>0.1</RangeKG>
      <AG>0.1</AG>
      <PERC>9.9999632998865415</PERC>
      <Alpha>0</Alpha>
      <UZL>146.7748356735772</UZL>
      <K0>0.21717955429146763</K0>
      <K1>0.50794458109074891</K1>
      <K2>0.10545738589206784</K2>
      <MAXBAS>2.4999999962528352</MAXBAS>
      <Cet>0</Cet>
      <PCALT>10</PCALT>
      <TCALT>0.6</TCALT>
      <Pelev>2541</Pelev>
      <Telev>2541</Telev>
      <PART>0.5</PART>
      <DELAY>1</DELAY>
    </SubCatchmentParameters>
    <SubCatchmentVegetationZone>
      <SubCatchmentVegetationZoneParameters>
        <TT>-0.87127356416121</TT>
        <CFMAX>1.2918918469978378</CFMAX>
        <SP>0</SP>
        <SFCF>1.21192030352236</SFCF>
        <CFR>0.0851080602809693</CFR>
        <CWH>0.10000040507976957</CWH>
        <CFGlacier>1</CFGlacier>
        <CFSlope>1</CFSlope>
        <FC>450.25434499102926</FC>
        <LP>0.43116106559590844</LP>
        <BETA>1.7958147020224862</BETA>
      </SubCatchmentVegetationZoneParameters>
    </SubCatchmentVegetationZone>
  </SubCatchment>
</Catchment>