<?xml version="1.0" encoding="utf-8"?>
<Catchment xmlns:xsi="http://www.w3.org/2001/XMLSchema-instance" xmlns:xsd="http://www.w3.org/2001/XMLSchema">
  <CatchmentParameters>
    <KSI>0.001</KSI>
    <KGmin>0.05</KGmin>
    <RangeKG>0.1</RangeKG>
    <AG>0.1</AG>
    <PERC>9.5169343494563616</PERC>
    <Alpha>0</Alpha>
    <UZL>85.719403463335311</UZL>
    <K0>0.541243617595938</K0>
    <K1>0.35704240379552227</K1>
    <K2>0.11217924529850096</K2>
    <MAXBAS>1.8199389633862178</MAXBAS>
    <Cet>0</Cet>
    <PCALT>10</PCALT>
    <TCALT>0.6</TCALT>
    <Pelev>2541</Pelev>
    <Telev>2541</Telev>
    <PART>0.5</PART>
    <DELAY>1</DELAY>
  </CatchmentParameters>
  <VegetationZone>
    <VegetationZoneParameters>
      <TT>-0.874127297219959</TT>
      <CFMAX>1.0722378306717744</CFMAX>
      <SP>0</SP>
      <SFCF>1.0384790108492612</SFCF>
      <CFR>0.099999515619774493</CFR>
      <CWH>0.15752761125970941</CWH>
      <CFGlacier>1</CFGlacier>
      <CFSlope>1</CFSlope>
      <FC>335.73965044963268</FC>
      <LP>0.30000001970781359</LP>
      <BETA>2.1817367382584538</BETA>
    </VegetationZoneParameters>
  </VegetationZone>
  <SubCatchment>
    <SubCatchmentParameters>
      <KSI>0.001</KSI>
      <KGmin>0.05</KGmin>
      <RangeKG>0.1</RangeKG>
      <AG>0.1</AG>
      <PERC>9.5169343494563616</PERC>
      <Alpha>0</Alpha>
      <UZL>85.719403463335311</UZL>
      <K0>0.541243617595938</K0>
      <K1>0.35704240379552227</K1>
      <K2>0.11217924529850096</K2>
      <MAXBAS>1.8199389633862178</MAXBAS>
      <Cet>0</Cet>
      <PCALT>10</PCALT>
      <TCALT>0.6</TCALT>
      <Pelev>2541</Pelev>
      <Telev>2541</Telev>
      <PART>0.5</PART>
      <DELAY>1</DELAY>
    </SubCatchmentParameters>
    <SubCatchmentVegetationZone>
      <SubCatchmentVegetationZoneParameters>
        <TT>-0.874127297219959</TT>
        <CFMAX>1.0722378306717744</CFMAX>
        <SP>0</SP>
        <SFCF>1.0384790108492612</SFCF>
        <CFR>0.099999515619774493</CFR>
        <CWH>0.15752761125970941</CWH>
        <CFGlacier>1</CFGlacier>
        <CFSlope>1</CFSlope>
        <FC>335.73965044963268</FC>
        <LP>0.30000001970781359</LP>
        <BETA>2.1817367382584538</BETA>
      </SubCatchmentVegetationZoneParameters>
    </SubCatchmentVegetationZone>
  </SubCatchment>
</Catchment>