<?xml version="1.0" encoding="utf-8"?>
<Catchment xmlns:xsi="http://www.w3.org/2001/XMLSchema-instance" xmlns:xsd="http://www.w3.org/2001/XMLSchema">
  <CatchmentParameters>
    <KSI>0.001</KSI>
    <KGmin>0.05</KGmin>
    <RangeKG>0.1</RangeKG>
    <AG>0.1</AG>
    <PERC>0.70781670562953036</PERC>
    <Alpha>0</Alpha>
    <UZL>125.19720800797747</UZL>
    <K0>0.050255064841375457</K0>
    <K1>0.10658310082736333</K1>
    <K2>0.017826725732477552</K2>
    <MAXBAS>1</MAXBAS>
    <Cet>0</Cet>
    <PCALT>10</PCALT>
    <TCALT>0.6</TCALT>
    <Pelev>2541</Pelev>
    <Telev>2541</Telev>
    <PART>0.5</PART>
    <DELAY>1</DELAY>
  </CatchmentParameters>
  <VegetationZone>
    <VegetationZoneParameters>
      <TT>-0.94246202532520618</TT>
      <CFMAX>1.5853866916946187</CFMAX>
      <SP>0</SP>
      <SFCF>1.3629482574522787</SFCF>
      <CFR>9.9863667171726855E-07</CFR>
      <CWH>0.10000002914594719</CWH>
      <CFGlacier>1</CFGlacier>
      <CFSlope>1</CFSlope>
      <FC>898.78444364303584</FC>
      <LP>0.83623599555148154</LP>
      <BETA>2.9425475576736644</BETA>
    </VegetationZoneParameters>
  </VegetationZone>
  <SubCatchment>
    <SubCatchmentParameters>
      <KSI>0.001</KSI>
      <KGmin>0.05</KGmin>
      <RangeKG>0.1</RangeKG>
      <AG>0.1</AG>
      <PERC>0.70781670562953036</PERC>
      <Alpha>0</Alpha>
      <UZL>125.19720800797747</UZL>
      <K0>0.050255064841375457</K0>
      <K1>0.10658310082736333</K1>
      <K2>0.017826725732477552</K2>
      <MAXBAS>1</MAXBAS>
      <Cet>0</Cet>
      <PCALT>10</PCALT>
      <TCALT>0.6</TCALT>
      <Pelev>2541</Pelev>
      <Telev>2541</Telev>
      <PART>0.5</PART>
      <DELAY>1</DELAY>
    </SubCatchmentParameters>
    <SubCatchmentVegetationZone>
      <SubCatchmentVegetationZoneParameters>
        <TT>-0.94246202532520618</TT>
        <CFMAX>1.5853866916946187</CFMAX>
        <SP>0</SP>
        <SFCF>1.3629482574522787</SFCF>
        <CFR>9.9863667171726855E-07</CFR>
        <CWH>0.10000002914594719</CWH>
        <CFGlacier>1</CFGlacier>
        <CFSlope>1</CFSlope>
        <FC>898.78444364303584</FC>
        <LP>0.83623599555148154</LP>
        <BETA>2.9425475576736644</BETA>
      </SubCatchmentVegetationZoneParameters>
    </SubCatchmentVegetationZone>
  </SubCatchment>
</Catchment>