<?xml version="1.0" encoding="utf-8"?>
<Catchment xmlns:xsi="http://www.w3.org/2001/XMLSchema-instance" xmlns:xsd="http://www.w3.org/2001/XMLSchema">
  <CatchmentParameters>
    <KSI>0.001</KSI>
    <KGmin>0.05</KGmin>
    <RangeKG>0.1</RangeKG>
    <AG>0.1</AG>
    <PERC>9.9999697331205262</PERC>
    <Alpha>0</Alpha>
    <UZL>32.743776514242583</UZL>
    <K0>0.050226569768262036</K0>
    <K1>0.4885861778043728</K1>
    <K2>0.10776589515543662</K2>
    <MAXBAS>2.4293883644111012</MAXBAS>
    <Cet>0</Cet>
    <PCALT>10</PCALT>
    <TCALT>0.6</TCALT>
    <Pelev>2541</Pelev>
    <Telev>2541</Telev>
    <PART>0.5</PART>
    <DELAY>1</DELAY>
  </CatchmentParameters>
  <VegetationZone>
    <VegetationZoneParameters>
      <TT>-0.88259863236971714</TT>
      <CFMAX>1.1840442640698086</CFMAX>
      <SP>0</SP>
      <SFCF>1.1206559155828908</SFCF>
      <CFR>0.099996307970031145</CFR>
      <CWH>0.1009068356015114</CWH>
      <CFGlacier>1</CFGlacier>
      <CFSlope>1</CFSlope>
      <FC>458.96418596876111</FC>
      <LP>0.68670972344471215</LP>
      <BETA>2.4928580946588808</BETA>
    </VegetationZoneParameters>
  </VegetationZone>
  <SubCatchment>
    <SubCatchmentParameters>
      <KSI>0.001</KSI>
      <KGmin>0.05</KGmin>
      <RangeKG>0.1</RangeKG>
      <AG>0.1</AG>
      <PERC>9.9999697331205262</PERC>
      <Alpha>0</Alpha>
      <UZL>32.743776514242583</UZL>
      <K0>0.050226569768262036</K0>
      <K1>0.4885861778043728</K1>
      <K2>0.10776589515543662</K2>
      <MAXBAS>2.4293883644111012</MAXBAS>
      <Cet>0</Cet>
      <PCALT>10</PCALT>
      <TCALT>0.6</TCALT>
      <Pelev>2541</Pelev>
      <Telev>2541</Telev>
      <PART>0.5</PART>
      <DELAY>1</DELAY>
    </SubCatchmentParameters>
    <SubCatchmentVegetationZone>
      <SubCatchmentVegetationZoneParameters>
        <TT>-0.88259863236971714</TT>
        <CFMAX>1.1840442640698086</CFMAX>
        <SP>0</SP>
        <SFCF>1.1206559155828908</SFCF>
        <CFR>0.099996307970031145</CFR>
        <CWH>0.1009068356015114</CWH>
        <CFGlacier>1</CFGlacier>
        <CFSlope>1</CFSlope>
        <FC>458.96418596876111</FC>
        <LP>0.68670972344471215</LP>
        <BETA>2.4928580946588808</BETA>
      </SubCatchmentVegetationZoneParameters>
    </SubCatchmentVegetationZone>
  </SubCatchment>
</Catchment>