<?xml version="1.0" encoding="utf-8"?>
<Catchment xmlns:xsi="http://www.w3.org/2001/XMLSchema-instance" xmlns:xsd="http://www.w3.org/2001/XMLSchema">
  <CatchmentParameters>
    <KSI>0.001</KSI>
    <KGmin>0.05</KGmin>
    <RangeKG>0.1</RangeKG>
    <AG>0.1</AG>
    <PERC>0.8479171226789447</PERC>
    <Alpha>0</Alpha>
    <UZL>104.94754024014139</UZL>
    <K0>0.97076454620224339</K0>
    <K1>0.11245333521444775</K1>
    <K2>0.018482738493687555</K2>
    <MAXBAS>1</MAXBAS>
    <Cet>0</Cet>
    <PCALT>10</PCALT>
    <TCALT>0.6</TCALT>
    <Pelev>2541</Pelev>
    <Telev>2541</Telev>
    <PART>0.5</PART>
    <DELAY>1</DELAY>
  </CatchmentParameters>
  <VegetationZone>
    <VegetationZoneParameters>
      <TT>-0.93685209594322882</TT>
      <CFMAX>1.2619190186519429</CFMAX>
      <SP>0</SP>
      <SFCF>1.1619561329298331</SFCF>
      <CFR>0.031537571361655331</CFR>
      <CWH>0.10000101746988142</CWH>
      <CFGlacier>1</CFGlacier>
      <CFSlope>1</CFSlope>
      <FC>535.54660915289071</FC>
      <LP>0.91525612968267056</LP>
      <BETA>2.7778578915840613</BETA>
    </VegetationZoneParameters>
  </VegetationZone>
  <SubCatchment>
    <SubCatchmentParameters>
      <KSI>0.001</KSI>
      <KGmin>0.05</KGmin>
      <RangeKG>0.1</RangeKG>
      <AG>0.1</AG>
      <PERC>0.8479171226789447</PERC>
      <Alpha>0</Alpha>
      <UZL>104.94754024014139</UZL>
      <K0>0.97076454620224339</K0>
      <K1>0.11245333521444775</K1>
      <K2>0.018482738493687555</K2>
      <MAXBAS>1</MAXBAS>
      <Cet>0</Cet>
      <PCALT>10</PCALT>
      <TCALT>0.6</TCALT>
      <Pelev>2541</Pelev>
      <Telev>2541</Telev>
      <PART>0.5</PART>
      <DELAY>1</DELAY>
    </SubCatchmentParameters>
    <SubCatchmentVegetationZone>
      <SubCatchmentVegetationZoneParameters>
        <TT>-0.93685209594322882</TT>
        <CFMAX>1.2619190186519429</CFMAX>
        <SP>0</SP>
        <SFCF>1.1619561329298331</SFCF>
        <CFR>0.031537571361655331</CFR>
        <CWH>0.10000101746988142</CWH>
        <CFGlacier>1</CFGlacier>
        <CFSlope>1</CFSlope>
        <FC>535.54660915289071</FC>
        <LP>0.91525612968267056</LP>
        <BETA>2.7778578915840613</BETA>
      </SubCatchmentVegetationZoneParameters>
    </SubCatchmentVegetationZone>
  </SubCatchment>
</Catchment>