<?xml version="1.0" encoding="utf-8"?>
<Catchment xmlns:xsi="http://www.w3.org/2001/XMLSchema-instance" xmlns:xsd="http://www.w3.org/2001/XMLSchema">
  <CatchmentParameters>
    <KSI>0.001</KSI>
    <KGmin>0.05</KGmin>
    <RangeKG>0.1</RangeKG>
    <AG>0.1</AG>
    <PERC>0.90842362682032585</PERC>
    <Alpha>0</Alpha>
    <UZL>108.45557217293211</UZL>
    <K0>0.050196722379223707</K0>
    <K1>0.094922733259373129</K1>
    <K2>0.0205541010596518</K2>
    <MAXBAS>1</MAXBAS>
    <Cet>0</Cet>
    <PCALT>10</PCALT>
    <TCALT>0.6</TCALT>
    <Pelev>2541</Pelev>
    <Telev>2541</Telev>
    <PART>0.5</PART>
    <DELAY>1</DELAY>
  </CatchmentParameters>
  <VegetationZone>
    <VegetationZoneParameters>
      <TT>-0.44869998331922817</TT>
      <CFMAX>2.2473290841050964</CFMAX>
      <SP>0</SP>
      <SFCF>1.4518235581388945</SFCF>
      <CFR>8.0357507111085312E-07</CFR>
      <CWH>0.10000027013578454</CWH>
      <CFGlacier>1</CFGlacier>
      <CFSlope>1</CFSlope>
      <FC>1340.2389010730547</FC>
      <LP>0.80967572510977559</LP>
      <BETA>3.1508484097192557</BETA>
    </VegetationZoneParameters>
  </VegetationZone>
  <SubCatchment>
    <SubCatchmentParameters>
      <KSI>0.001</KSI>
      <KGmin>0.05</KGmin>
      <RangeKG>0.1</RangeKG>
      <AG>0.1</AG>
      <PERC>0.90842362682032585</PERC>
      <Alpha>0</Alpha>
      <UZL>108.45557217293211</UZL>
      <K0>0.050196722379223707</K0>
      <K1>0.094922733259373129</K1>
      <K2>0.0205541010596518</K2>
      <MAXBAS>1</MAXBAS>
      <Cet>0</Cet>
      <PCALT>10</PCALT>
      <TCALT>0.6</TCALT>
      <Pelev>2541</Pelev>
      <Telev>2541</Telev>
      <PART>0.5</PART>
      <DELAY>1</DELAY>
    </SubCatchmentParameters>
    <SubCatchmentVegetationZone>
      <SubCatchmentVegetationZoneParameters>
        <TT>-0.44869998331922817</TT>
        <CFMAX>2.2473290841050964</CFMAX>
        <SP>0</SP>
        <SFCF>1.4518235581388945</SFCF>
        <CFR>8.0357507111085312E-07</CFR>
        <CWH>0.10000027013578454</CWH>
        <CFGlacier>1</CFGlacier>
        <CFSlope>1</CFSlope>
        <FC>1340.2389010730547</FC>
        <LP>0.80967572510977559</LP>
        <BETA>3.1508484097192557</BETA>
      </SubCatchmentVegetationZoneParameters>
    </SubCatchmentVegetationZone>
  </SubCatchment>
</Catchment>