<?xml version="1.0" encoding="utf-8"?>
<Catchment xmlns:xsi="http://www.w3.org/2001/XMLSchema-instance" xmlns:xsd="http://www.w3.org/2001/XMLSchema">
  <CatchmentParameters>
    <KSI>0.001</KSI>
    <KGmin>0.05</KGmin>
    <RangeKG>0.1</RangeKG>
    <AG>0.1</AG>
    <PERC>0.56831705428824175</PERC>
    <Alpha>0</Alpha>
    <UZL>55.642783889044523</UZL>
    <K0>0.22283788920979519</K0>
    <K1>0.096691228301838961</K1>
    <K2>0.014579913858814349</K2>
    <MAXBAS>1</MAXBAS>
    <Cet>0</Cet>
    <PCALT>10</PCALT>
    <TCALT>0.6</TCALT>
    <Pelev>2541</Pelev>
    <Telev>2541</Telev>
    <PART>0.5</PART>
    <DELAY>1</DELAY>
  </CatchmentParameters>
  <VegetationZone>
    <VegetationZoneParameters>
      <TT>-1.4955257949617307</TT>
      <CFMAX>1.0598819115429234</CFMAX>
      <SP>0</SP>
      <SFCF>1.2001474500247285</SFCF>
      <CFR>0.09712429502714072</CFR>
      <CWH>0.10000005451253922</CWH>
      <CFGlacier>1</CFGlacier>
      <CFSlope>1</CFSlope>
      <FC>494.062455691685</FC>
      <LP>0.74078207110384275</LP>
      <BETA>2.5249775067049676</BETA>
    </VegetationZoneParameters>
  </VegetationZone>
  <SubCatchment>
    <SubCatchmentParameters>
      <KSI>0.001</KSI>
      <KGmin>0.05</KGmin>
      <RangeKG>0.1</RangeKG>
      <AG>0.1</AG>
      <PERC>0.56831705428824175</PERC>
      <Alpha>0</Alpha>
      <UZL>55.642783889044523</UZL>
      <K0>0.22283788920979519</K0>
      <K1>0.096691228301838961</K1>
      <K2>0.014579913858814349</K2>
      <MAXBAS>1</MAXBAS>
      <Cet>0</Cet>
      <PCALT>10</PCALT>
      <TCALT>0.6</TCALT>
      <Pelev>2541</Pelev>
      <Telev>2541</Telev>
      <PART>0.5</PART>
      <DELAY>1</DELAY>
    </SubCatchmentParameters>
    <SubCatchmentVegetationZone>
      <SubCatchmentVegetationZoneParameters>
        <TT>-1.4955257949617307</TT>
        <CFMAX>1.0598819115429234</CFMAX>
        <SP>0</SP>
        <SFCF>1.2001474500247285</SFCF>
        <CFR>0.09712429502714072</CFR>
        <CWH>0.10000005451253922</CWH>
        <CFGlacier>1</CFGlacier>
        <CFSlope>1</CFSlope>
        <FC>494.062455691685</FC>
        <LP>0.74078207110384275</LP>
        <BETA>2.5249775067049676</BETA>
      </SubCatchmentVegetationZoneParameters>
    </SubCatchmentVegetationZone>
  </SubCatchment>
</Catchment>