<?xml version="1.0" encoding="utf-8"?>
<Catchment xmlns:xsi="http://www.w3.org/2001/XMLSchema-instance" xmlns:xsd="http://www.w3.org/2001/XMLSchema">
  <CatchmentParameters>
    <KSI>0.001</KSI>
    <KGmin>0.05</KGmin>
    <RangeKG>0.1</RangeKG>
    <AG>0.1</AG>
    <PERC>7.9215566330619032</PERC>
    <Alpha>0</Alpha>
    <UZL>109.31523272855495</UZL>
    <K0>0.52112598733039839</K0>
    <K1>0.37524200209258962</K1>
    <K2>0.11295103072191438</K2>
    <MAXBAS>1.7823875828001514</MAXBAS>
    <Cet>0</Cet>
    <PCALT>10</PCALT>
    <TCALT>0.6</TCALT>
    <Pelev>2541</Pelev>
    <Telev>2541</Telev>
    <PART>0.5</PART>
    <DELAY>1</DELAY>
  </CatchmentParameters>
  <VegetationZone>
    <VegetationZoneParameters>
      <TT>-1.5355328441029628</TT>
      <CFMAX>1.0661049047898226</CFMAX>
      <SP>0</SP>
      <SFCF>1.2399676875425205</SFCF>
      <CFR>0.0999997249374968</CFR>
      <CWH>0.14450068679504344</CWH>
      <CFGlacier>1</CFGlacier>
      <CFSlope>1</CFSlope>
      <FC>459.34280002059262</FC>
      <LP>0.300012956963344</LP>
      <BETA>1.8613749458213065</BETA>
    </VegetationZoneParameters>
  </VegetationZone>
  <SubCatchment>
    <SubCatchmentParameters>
      <KSI>0.001</KSI>
      <KGmin>0.05</KGmin>
      <RangeKG>0.1</RangeKG>
      <AG>0.1</AG>
      <PERC>7.9215566330619032</PERC>
      <Alpha>0</Alpha>
      <UZL>109.31523272855495</UZL>
      <K0>0.52112598733039839</K0>
      <K1>0.37524200209258962</K1>
      <K2>0.11295103072191438</K2>
      <MAXBAS>1.7823875828001514</MAXBAS>
      <Cet>0</Cet>
      <PCALT>10</PCALT>
      <TCALT>0.6</TCALT>
      <Pelev>2541</Pelev>
      <Telev>2541</Telev>
      <PART>0.5</PART>
      <DELAY>1</DELAY>
    </SubCatchmentParameters>
    <SubCatchmentVegetationZone>
      <SubCatchmentVegetationZoneParameters>
        <TT>-1.5355328441029628</TT>
        <CFMAX>1.0661049047898226</CFMAX>
        <SP>0</SP>
        <SFCF>1.2399676875425205</SFCF>
        <CFR>0.0999997249374968</CFR>
        <CWH>0.14450068679504344</CWH>
        <CFGlacier>1</CFGlacier>
        <CFSlope>1</CFSlope>
        <FC>459.34280002059262</FC>
        <LP>0.300012956963344</LP>
        <BETA>1.8613749458213065</BETA>
      </SubCatchmentVegetationZoneParameters>
    </SubCatchmentVegetationZone>
  </SubCatchment>
</Catchment>