<?xml version="1.0" encoding="utf-8"?>
<Catchment xmlns:xsi="http://www.w3.org/2001/XMLSchema-instance" xmlns:xsd="http://www.w3.org/2001/XMLSchema">
  <CatchmentParameters>
    <KSI>0.001</KSI>
    <KGmin>0.05</KGmin>
    <RangeKG>0.1</RangeKG>
    <AG>0.1</AG>
    <PERC>9.9999944602358486</PERC>
    <Alpha>0</Alpha>
    <UZL>171.26099909924778</UZL>
    <K0>0.1825528718479848</K0>
    <K1>0.37676046447181594</K1>
    <K2>0.078166034054514347</K2>
    <MAXBAS>2.4999943983257387</MAXBAS>
    <Cet>0</Cet>
    <PCALT>10</PCALT>
    <TCALT>0.6</TCALT>
    <Pelev>2541</Pelev>
    <Telev>2541</Telev>
    <PART>0.5</PART>
    <DELAY>1</DELAY>
  </CatchmentParameters>
  <VegetationZone>
    <VegetationZoneParameters>
      <TT>0.16219194101379689</TT>
      <CFMAX>1.4588624015575702</CFMAX>
      <SP>0</SP>
      <SFCF>0.93003442196333586</SFCF>
      <CFR>2.7551937061325642E-07</CFR>
      <CWH>0.10000014592231525</CWH>
      <CFGlacier>1</CFGlacier>
      <CFSlope>1</CFSlope>
      <FC>250.33831260416903</FC>
      <LP>0.30000205568975252</LP>
      <BETA>2.1524081647850259</BETA>
    </VegetationZoneParameters>
  </VegetationZone>
  <SubCatchment>
    <SubCatchmentParameters>
      <KSI>0.001</KSI>
      <KGmin>0.05</KGmin>
      <RangeKG>0.1</RangeKG>
      <AG>0.1</AG>
      <PERC>9.9999944602358486</PERC>
      <Alpha>0</Alpha>
      <UZL>171.26099909924778</UZL>
      <K0>0.1825528718479848</K0>
      <K1>0.37676046447181594</K1>
      <K2>0.078166034054514347</K2>
      <MAXBAS>2.4999943983257387</MAXBAS>
      <Cet>0</Cet>
      <PCALT>10</PCALT>
      <TCALT>0.6</TCALT>
      <Pelev>2541</Pelev>
      <Telev>2541</Telev>
      <PART>0.5</PART>
      <DELAY>1</DELAY>
    </SubCatchmentParameters>
    <SubCatchmentVegetationZone>
      <SubCatchmentVegetationZoneParameters>
        <TT>0.16219194101379689</TT>
        <CFMAX>1.4588624015575702</CFMAX>
        <SP>0</SP>
        <SFCF>0.93003442196333586</SFCF>
        <CFR>2.7551937061325642E-07</CFR>
        <CWH>0.10000014592231525</CWH>
        <CFGlacier>1</CFGlacier>
        <CFSlope>1</CFSlope>
        <FC>250.33831260416903</FC>
        <LP>0.30000205568975252</LP>
        <BETA>2.1524081647850259</BETA>
      </SubCatchmentVegetationZoneParameters>
    </SubCatchmentVegetationZone>
  </SubCatchment>
</Catchment>