<?xml version="1.0" encoding="utf-8"?>
<Catchment xmlns:xsi="http://www.w3.org/2001/XMLSchema-instance" xmlns:xsd="http://www.w3.org/2001/XMLSchema">
  <CatchmentParameters>
    <KSI>0.001</KSI>
    <KGmin>0.05</KGmin>
    <RangeKG>0.1</RangeKG>
    <AG>0.1</AG>
    <PERC>0.98871811864002568</PERC>
    <Alpha>0</Alpha>
    <UZL>141.76164749000191</UZL>
    <K0>0.54740781047299536</K0>
    <K1>0.080362990094923037</K1>
    <K2>0.020753845205274048</K2>
    <MAXBAS>1</MAXBAS>
    <Cet>0</Cet>
    <PCALT>10</PCALT>
    <TCALT>0.6</TCALT>
    <Pelev>2541</Pelev>
    <Telev>2541</Telev>
    <PART>0.5</PART>
    <DELAY>1</DELAY>
  </CatchmentParameters>
  <VegetationZone>
    <VegetationZoneParameters>
      <TT>-0.18690115420709896</TT>
      <CFMAX>2.4007406938932876</CFMAX>
      <SP>0</SP>
      <SFCF>1.3761241046793395</SFCF>
      <CFR>1.506879220504907E-07</CFR>
      <CWH>0.10000043186123571</CWH>
      <CFGlacier>1</CFGlacier>
      <CFSlope>1</CFSlope>
      <FC>1139.9404583830608</FC>
      <LP>0.83326732336742748</LP>
      <BETA>2.7471625453468742</BETA>
    </VegetationZoneParameters>
  </VegetationZone>
  <SubCatchment>
    <SubCatchmentParameters>
      <KSI>0.001</KSI>
      <KGmin>0.05</KGmin>
      <RangeKG>0.1</RangeKG>
      <AG>0.1</AG>
      <PERC>0.98871811864002568</PERC>
      <Alpha>0</Alpha>
      <UZL>141.76164749000191</UZL>
      <K0>0.54740781047299536</K0>
      <K1>0.080362990094923037</K1>
      <K2>0.020753845205274048</K2>
      <MAXBAS>1</MAXBAS>
      <Cet>0</Cet>
      <PCALT>10</PCALT>
      <TCALT>0.6</TCALT>
      <Pelev>2541</Pelev>
      <Telev>2541</Telev>
      <PART>0.5</PART>
      <DELAY>1</DELAY>
    </SubCatchmentParameters>
    <SubCatchmentVegetationZone>
      <SubCatchmentVegetationZoneParameters>
        <TT>-0.18690115420709896</TT>
        <CFMAX>2.4007406938932876</CFMAX>
        <SP>0</SP>
        <SFCF>1.3761241046793395</SFCF>
        <CFR>1.506879220504907E-07</CFR>
        <CWH>0.10000043186123571</CWH>
        <CFGlacier>1</CFGlacier>
        <CFSlope>1</CFSlope>
        <FC>1139.9404583830608</FC>
        <LP>0.83326732336742748</LP>
        <BETA>2.7471625453468742</BETA>
      </SubCatchmentVegetationZoneParameters>
    </SubCatchmentVegetationZone>
  </SubCatchment>
</Catchment>