<?xml version="1.0" encoding="utf-8"?>
<Catchment xmlns:xsi="http://www.w3.org/2001/XMLSchema-instance" xmlns:xsd="http://www.w3.org/2001/XMLSchema">
  <CatchmentParameters>
    <KSI>0.001</KSI>
    <KGmin>0.05</KGmin>
    <RangeKG>0.1</RangeKG>
    <AG>0.1</AG>
    <PERC>7.4970238896759893</PERC>
    <Alpha>0</Alpha>
    <UZL>114.14330193296523</UZL>
    <K0>0.65323255871962393</K0>
    <K1>0.34070432354245656</K1>
    <K2>0.1103028828863078</K2>
    <MAXBAS>1.7601992953103871</MAXBAS>
    <Cet>0</Cet>
    <PCALT>10</PCALT>
    <TCALT>0.6</TCALT>
    <Pelev>2541</Pelev>
    <Telev>2541</Telev>
    <PART>0.5</PART>
    <DELAY>1</DELAY>
  </CatchmentParameters>
  <VegetationZone>
    <VegetationZoneParameters>
      <TT>-1.2670584233143896</TT>
      <CFMAX>0.96925559131607286</CFMAX>
      <SP>0</SP>
      <SFCF>1.0717239011748694</SFCF>
      <CFR>0.099998793842704312</CFR>
      <CWH>0.19999884155022057</CWH>
      <CFGlacier>1</CFGlacier>
      <CFSlope>1</CFSlope>
      <FC>341.53383753173927</FC>
      <LP>0.3000063658917681</LP>
      <BETA>2.1952196728521938</BETA>
    </VegetationZoneParameters>
  </VegetationZone>
  <SubCatchment>
    <SubCatchmentParameters>
      <KSI>0.001</KSI>
      <KGmin>0.05</KGmin>
      <RangeKG>0.1</RangeKG>
      <AG>0.1</AG>
      <PERC>7.4970238896759893</PERC>
      <Alpha>0</Alpha>
      <UZL>114.14330193296523</UZL>
      <K0>0.65323255871962393</K0>
      <K1>0.34070432354245656</K1>
      <K2>0.1103028828863078</K2>
      <MAXBAS>1.7601992953103871</MAXBAS>
      <Cet>0</Cet>
      <PCALT>10</PCALT>
      <TCALT>0.6</TCALT>
      <Pelev>2541</Pelev>
      <Telev>2541</Telev>
      <PART>0.5</PART>
      <DELAY>1</DELAY>
    </SubCatchmentParameters>
    <SubCatchmentVegetationZone>
      <SubCatchmentVegetationZoneParameters>
        <TT>-1.2670584233143896</TT>
        <CFMAX>0.96925559131607286</CFMAX>
        <SP>0</SP>
        <SFCF>1.0717239011748694</SFCF>
        <CFR>0.099998793842704312</CFR>
        <CWH>0.19999884155022057</CWH>
        <CFGlacier>1</CFGlacier>
        <CFSlope>1</CFSlope>
        <FC>341.53383753173927</FC>
        <LP>0.3000063658917681</LP>
        <BETA>2.1952196728521938</BETA>
      </SubCatchmentVegetationZoneParameters>
    </SubCatchmentVegetationZone>
  </SubCatchment>
</Catchment>