<?xml version="1.0" encoding="utf-8"?>
<Catchment xmlns:xsi="http://www.w3.org/2001/XMLSchema-instance" xmlns:xsd="http://www.w3.org/2001/XMLSchema">
  <CatchmentParameters>
    <KSI>0.001</KSI>
    <KGmin>0.05</KGmin>
    <RangeKG>0.1</RangeKG>
    <AG>0.1</AG>
    <PERC>9.9599452118661489</PERC>
    <Alpha>0</Alpha>
    <UZL>146.2530809338314</UZL>
    <K0>0.42844188722521531</K0>
    <K1>0.39328659038326863</K1>
    <K2>0.090853218935214031</K2>
    <MAXBAS>2.4999948316595253</MAXBAS>
    <Cet>0</Cet>
    <PCALT>10</PCALT>
    <TCALT>0.6</TCALT>
    <Pelev>2541</Pelev>
    <Telev>2541</Telev>
    <PART>0.5</PART>
    <DELAY>1</DELAY>
  </CatchmentParameters>
  <VegetationZone>
    <VegetationZoneParameters>
      <TT>-0.26527370666178574</TT>
      <CFMAX>1.26548193406504</CFMAX>
      <SP>0</SP>
      <SFCF>0.94479237085731338</SFCF>
      <CFR>0.018860734090402745</CFR>
      <CWH>0.10000020080274949</CWH>
      <CFGlacier>1</CFGlacier>
      <CFSlope>1</CFSlope>
      <FC>271.07525943937969</FC>
      <LP>0.3000006706509642</LP>
      <BETA>2.366900217862479</BETA>
    </VegetationZoneParameters>
  </VegetationZone>
  <SubCatchment>
    <SubCatchmentParameters>
      <KSI>0.001</KSI>
      <KGmin>0.05</KGmin>
      <RangeKG>0.1</RangeKG>
      <AG>0.1</AG>
      <PERC>9.9599452118661489</PERC>
      <Alpha>0</Alpha>
      <UZL>146.2530809338314</UZL>
      <K0>0.42844188722521531</K0>
      <K1>0.39328659038326863</K1>
      <K2>0.090853218935214031</K2>
      <MAXBAS>2.4999948316595253</MAXBAS>
      <Cet>0</Cet>
      <PCALT>10</PCALT>
      <TCALT>0.6</TCALT>
      <Pelev>2541</Pelev>
      <Telev>2541</Telev>
      <PART>0.5</PART>
      <DELAY>1</DELAY>
    </SubCatchmentParameters>
    <SubCatchmentVegetationZone>
      <SubCatchmentVegetationZoneParameters>
        <TT>-0.26527370666178574</TT>
        <CFMAX>1.26548193406504</CFMAX>
        <SP>0</SP>
        <SFCF>0.94479237085731338</SFCF>
        <CFR>0.018860734090402745</CFR>
        <CWH>0.10000020080274949</CWH>
        <CFGlacier>1</CFGlacier>
        <CFSlope>1</CFSlope>
        <FC>271.07525943937969</FC>
        <LP>0.3000006706509642</LP>
        <BETA>2.366900217862479</BETA>
      </SubCatchmentVegetationZoneParameters>
    </SubCatchmentVegetationZone>
  </SubCatchment>
</Catchment>