<?xml version="1.0" encoding="utf-8"?>
<Catchment xmlns:xsi="http://www.w3.org/2001/XMLSchema-instance" xmlns:xsd="http://www.w3.org/2001/XMLSchema">
  <CatchmentParameters>
    <KSI>0.001</KSI>
    <KGmin>0.05</KGmin>
    <RangeKG>0.1</RangeKG>
    <AG>0.1</AG>
    <PERC>0.99356238944438513</PERC>
    <Alpha>0</Alpha>
    <UZL>110.07804881872939</UZL>
    <K0>0.34026362811972521</K0>
    <K1>0.10397763119272686</K1>
    <K2>0.023231650662168975</K2>
    <MAXBAS>1</MAXBAS>
    <Cet>0</Cet>
    <PCALT>10</PCALT>
    <TCALT>0.6</TCALT>
    <Pelev>2541</Pelev>
    <Telev>2541</Telev>
    <PART>0.5</PART>
    <DELAY>1</DELAY>
  </CatchmentParameters>
  <VegetationZone>
    <VegetationZoneParameters>
      <TT>-0.66339869336485957</TT>
      <CFMAX>1.7704448992844952</CFMAX>
      <SP>0</SP>
      <SFCF>1.3385970288188367</SFCF>
      <CFR>3.7996773341293191E-07</CFR>
      <CWH>0.10000003567706518</CWH>
      <CFGlacier>1</CFGlacier>
      <CFSlope>1</CFSlope>
      <FC>1137.7914326425089</FC>
      <LP>0.96856108222844572</LP>
      <BETA>3.6199082159629019</BETA>
    </VegetationZoneParameters>
  </VegetationZone>
  <SubCatchment>
    <SubCatchmentParameters>
      <KSI>0.001</KSI>
      <KGmin>0.05</KGmin>
      <RangeKG>0.1</RangeKG>
      <AG>0.1</AG>
      <PERC>0.99356238944438513</PERC>
      <Alpha>0</Alpha>
      <UZL>110.07804881872939</UZL>
      <K0>0.34026362811972521</K0>
      <K1>0.10397763119272686</K1>
      <K2>0.023231650662168975</K2>
      <MAXBAS>1</MAXBAS>
      <Cet>0</Cet>
      <PCALT>10</PCALT>
      <TCALT>0.6</TCALT>
      <Pelev>2541</Pelev>
      <Telev>2541</Telev>
      <PART>0.5</PART>
      <DELAY>1</DELAY>
    </SubCatchmentParameters>
    <SubCatchmentVegetationZone>
      <SubCatchmentVegetationZoneParameters>
        <TT>-0.66339869336485957</TT>
        <CFMAX>1.7704448992844952</CFMAX>
        <SP>0</SP>
        <SFCF>1.3385970288188367</SFCF>
        <CFR>3.7996773341293191E-07</CFR>
        <CWH>0.10000003567706518</CWH>
        <CFGlacier>1</CFGlacier>
        <CFSlope>1</CFSlope>
        <FC>1137.7914326425089</FC>
        <LP>0.96856108222844572</LP>
        <BETA>3.6199082159629019</BETA>
      </SubCatchmentVegetationZoneParameters>
    </SubCatchmentVegetationZone>
  </SubCatchment>
</Catchment>