<?xml version="1.0" encoding="utf-8"?>
<Catchment xmlns:xsi="http://www.w3.org/2001/XMLSchema-instance" xmlns:xsd="http://www.w3.org/2001/XMLSchema">
  <CatchmentParameters>
    <KSI>0.001</KSI>
    <KGmin>0.05</KGmin>
    <RangeKG>0.1</RangeKG>
    <AG>0.1</AG>
    <PERC>4.8318548172338929</PERC>
    <Alpha>0</Alpha>
    <UZL>94.19381046320332</UZL>
    <K0>0.47013257386799773</K0>
    <K1>0.22780028056626178</K1>
    <K2>0.093256805060462411</K2>
    <MAXBAS>1.6688767219433545</MAXBAS>
    <Cet>0</Cet>
    <PCALT>10</PCALT>
    <TCALT>0.6</TCALT>
    <Pelev>2541</Pelev>
    <Telev>2541</Telev>
    <PART>0.5</PART>
    <DELAY>1</DELAY>
  </CatchmentParameters>
  <VegetationZone>
    <VegetationZoneParameters>
      <TT>-0.94799610166986148</TT>
      <CFMAX>1.1321958087114312</CFMAX>
      <SP>0</SP>
      <SFCF>1.1239791325944704</SFCF>
      <CFR>0.099998277191341828</CFR>
      <CWH>0.1000000258644889</CWH>
      <CFGlacier>1</CFGlacier>
      <CFSlope>1</CFSlope>
      <FC>491.58249407164237</FC>
      <LP>0.76779630244569474</LP>
      <BETA>2.526739273913007</BETA>
    </VegetationZoneParameters>
  </VegetationZone>
  <SubCatchment>
    <SubCatchmentParameters>
      <KSI>0.001</KSI>
      <KGmin>0.05</KGmin>
      <RangeKG>0.1</RangeKG>
      <AG>0.1</AG>
      <PERC>4.8318548172338929</PERC>
      <Alpha>0</Alpha>
      <UZL>94.19381046320332</UZL>
      <K0>0.47013257386799773</K0>
      <K1>0.22780028056626178</K1>
      <K2>0.093256805060462411</K2>
      <MAXBAS>1.6688767219433545</MAXBAS>
      <Cet>0</Cet>
      <PCALT>10</PCALT>
      <TCALT>0.6</TCALT>
      <Pelev>2541</Pelev>
      <Telev>2541</Telev>
      <PART>0.5</PART>
      <DELAY>1</DELAY>
    </SubCatchmentParameters>
    <SubCatchmentVegetationZone>
      <SubCatchmentVegetationZoneParameters>
        <TT>-0.94799610166986148</TT>
        <CFMAX>1.1321958087114312</CFMAX>
        <SP>0</SP>
        <SFCF>1.1239791325944704</SFCF>
        <CFR>0.099998277191341828</CFR>
        <CWH>0.1000000258644889</CWH>
        <CFGlacier>1</CFGlacier>
        <CFSlope>1</CFSlope>
        <FC>491.58249407164237</FC>
        <LP>0.76779630244569474</LP>
        <BETA>2.526739273913007</BETA>
      </SubCatchmentVegetationZoneParameters>
    </SubCatchmentVegetationZone>
  </SubCatchment>
</Catchment>