<?xml version="1.0" encoding="utf-8"?>
<Catchment xmlns:xsi="http://www.w3.org/2001/XMLSchema-instance" xmlns:xsd="http://www.w3.org/2001/XMLSchema">
  <CatchmentParameters>
    <KSI>0.001</KSI>
    <KGmin>0.05</KGmin>
    <RangeKG>0.1</RangeKG>
    <AG>0.1</AG>
    <PERC>9.9999461998966517</PERC>
    <Alpha>0</Alpha>
    <UZL>151.58345439849526</UZL>
    <K0>0.0984949797844381</K0>
    <K1>0.48756575681918035</K1>
    <K2>0.11219890907616506</K2>
    <MAXBAS>2.1093656240102834</MAXBAS>
    <Cet>0</Cet>
    <PCALT>10</PCALT>
    <TCALT>0.6</TCALT>
    <Pelev>2541</Pelev>
    <Telev>2541</Telev>
    <PART>0.5</PART>
    <DELAY>1</DELAY>
  </CatchmentParameters>
  <VegetationZone>
    <VegetationZoneParameters>
      <TT>-0.94799764832561684</TT>
      <CFMAX>1.0914284527862121</CFMAX>
      <SP>0</SP>
      <SFCF>1.0591771743717369</SFCF>
      <CFR>0.099998306698549866</CFR>
      <CWH>0.13984199950542889</CWH>
      <CFGlacier>1</CFGlacier>
      <CFSlope>1</CFSlope>
      <FC>406.85042993361452</FC>
      <LP>0.62035833898274828</LP>
      <BETA>2.5489863762782905</BETA>
    </VegetationZoneParameters>
  </VegetationZone>
  <SubCatchment>
    <SubCatchmentParameters>
      <KSI>0.001</KSI>
      <KGmin>0.05</KGmin>
      <RangeKG>0.1</RangeKG>
      <AG>0.1</AG>
      <PERC>9.9999461998966517</PERC>
      <Alpha>0</Alpha>
      <UZL>151.58345439849526</UZL>
      <K0>0.0984949797844381</K0>
      <K1>0.48756575681918035</K1>
      <K2>0.11219890907616506</K2>
      <MAXBAS>2.1093656240102834</MAXBAS>
      <Cet>0</Cet>
      <PCALT>10</PCALT>
      <TCALT>0.6</TCALT>
      <Pelev>2541</Pelev>
      <Telev>2541</Telev>
      <PART>0.5</PART>
      <DELAY>1</DELAY>
    </SubCatchmentParameters>
    <SubCatchmentVegetationZone>
      <SubCatchmentVegetationZoneParameters>
        <TT>-0.94799764832561684</TT>
        <CFMAX>1.0914284527862121</CFMAX>
        <SP>0</SP>
        <SFCF>1.0591771743717369</SFCF>
        <CFR>0.099998306698549866</CFR>
        <CWH>0.13984199950542889</CWH>
        <CFGlacier>1</CFGlacier>
        <CFSlope>1</CFSlope>
        <FC>406.85042993361452</FC>
        <LP>0.62035833898274828</LP>
        <BETA>2.5489863762782905</BETA>
      </SubCatchmentVegetationZoneParameters>
    </SubCatchmentVegetationZone>
  </SubCatchment>
</Catchment>