<?xml version="1.0" encoding="utf-8"?>
<Catchment xmlns:xsi="http://www.w3.org/2001/XMLSchema-instance" xmlns:xsd="http://www.w3.org/2001/XMLSchema">
  <CatchmentParameters>
    <KSI>0.001</KSI>
    <KGmin>0.05</KGmin>
    <RangeKG>0.1</RangeKG>
    <AG>0.1</AG>
    <PERC>9.0393746284661773</PERC>
    <Alpha>0</Alpha>
    <UZL>165.53952510893882</UZL>
    <K0>0.29088314025418449</K0>
    <K1>0.36839399608803169</K1>
    <K2>0.1033338043997248</K2>
    <MAXBAS>2.4984917029650644</MAXBAS>
    <Cet>0</Cet>
    <PCALT>10</PCALT>
    <TCALT>0.6</TCALT>
    <Pelev>2541</Pelev>
    <Telev>2541</Telev>
    <PART>0.5</PART>
    <DELAY>1</DELAY>
  </CatchmentParameters>
  <VegetationZone>
    <VegetationZoneParameters>
      <TT>-0.66110643600111552</TT>
      <CFMAX>1.2319415625449932</CFMAX>
      <SP>0</SP>
      <SFCF>1.0702957289812636</SFCF>
      <CFR>0.099998750987119675</CFR>
      <CWH>0.10000034857048329</CWH>
      <CFGlacier>1</CFGlacier>
      <CFSlope>1</CFSlope>
      <FC>340.51042004977609</FC>
      <LP>0.3000000696935492</LP>
      <BETA>1.8863245345344717</BETA>
    </VegetationZoneParameters>
  </VegetationZone>
  <SubCatchment>
    <SubCatchmentParameters>
      <KSI>0.001</KSI>
      <KGmin>0.05</KGmin>
      <RangeKG>0.1</RangeKG>
      <AG>0.1</AG>
      <PERC>9.0393746284661773</PERC>
      <Alpha>0</Alpha>
      <UZL>165.53952510893882</UZL>
      <K0>0.29088314025418449</K0>
      <K1>0.36839399608803169</K1>
      <K2>0.1033338043997248</K2>
      <MAXBAS>2.4984917029650644</MAXBAS>
      <Cet>0</Cet>
      <PCALT>10</PCALT>
      <TCALT>0.6</TCALT>
      <Pelev>2541</Pelev>
      <Telev>2541</Telev>
      <PART>0.5</PART>
      <DELAY>1</DELAY>
    </SubCatchmentParameters>
    <SubCatchmentVegetationZone>
      <SubCatchmentVegetationZoneParameters>
        <TT>-0.66110643600111552</TT>
        <CFMAX>1.2319415625449932</CFMAX>
        <SP>0</SP>
        <SFCF>1.0702957289812636</SFCF>
        <CFR>0.099998750987119675</CFR>
        <CWH>0.10000034857048329</CWH>
        <CFGlacier>1</CFGlacier>
        <CFSlope>1</CFSlope>
        <FC>340.51042004977609</FC>
        <LP>0.3000000696935492</LP>
        <BETA>1.8863245345344717</BETA>
      </SubCatchmentVegetationZoneParameters>
    </SubCatchmentVegetationZone>
  </SubCatchment>
</Catchment>