<?xml version="1.0" encoding="utf-8"?>
<Catchment xmlns:xsi="http://www.w3.org/2001/XMLSchema-instance" xmlns:xsd="http://www.w3.org/2001/XMLSchema">
  <CatchmentParameters>
    <KSI>0.001</KSI>
    <KGmin>0.05</KGmin>
    <RangeKG>0.1</RangeKG>
    <AG>0.1</AG>
    <PERC>1.1729246246190435</PERC>
    <Alpha>0</Alpha>
    <UZL>184.13913155313372</UZL>
    <K0>0.46934638580923094</K0>
    <K1>0.090217516903102118</K1>
    <K2>0.021165386223020145</K2>
    <MAXBAS>1</MAXBAS>
    <Cet>0</Cet>
    <PCALT>10</PCALT>
    <TCALT>0.6</TCALT>
    <Pelev>2541</Pelev>
    <Telev>2541</Telev>
    <PART>0.5</PART>
    <DELAY>1</DELAY>
  </CatchmentParameters>
  <VegetationZone>
    <VegetationZoneParameters>
      <TT>-0.078896472730202311</TT>
      <CFMAX>1.8286410738142815</CFMAX>
      <SP>0</SP>
      <SFCF>1.1322109167708994</SFCF>
      <CFR>5.69928214617238E-06</CFR>
      <CWH>0.10000000021040489</CWH>
      <CFGlacier>1</CFGlacier>
      <CFSlope>1</CFSlope>
      <FC>555.32833276947417</FC>
      <LP>0.95524084478614812</LP>
      <BETA>2.2680451103472969</BETA>
    </VegetationZoneParameters>
  </VegetationZone>
  <SubCatchment>
    <SubCatchmentParameters>
      <KSI>0.001</KSI>
      <KGmin>0.05</KGmin>
      <RangeKG>0.1</RangeKG>
      <AG>0.1</AG>
      <PERC>1.1729246246190435</PERC>
      <Alpha>0</Alpha>
      <UZL>184.13913155313372</UZL>
      <K0>0.46934638580923094</K0>
      <K1>0.090217516903102118</K1>
      <K2>0.021165386223020145</K2>
      <MAXBAS>1</MAXBAS>
      <Cet>0</Cet>
      <PCALT>10</PCALT>
      <TCALT>0.6</TCALT>
      <Pelev>2541</Pelev>
      <Telev>2541</Telev>
      <PART>0.5</PART>
      <DELAY>1</DELAY>
    </SubCatchmentParameters>
    <SubCatchmentVegetationZone>
      <SubCatchmentVegetationZoneParameters>
        <TT>-0.078896472730202311</TT>
        <CFMAX>1.8286410738142815</CFMAX>
        <SP>0</SP>
        <SFCF>1.1322109167708994</SFCF>
        <CFR>5.69928214617238E-06</CFR>
        <CWH>0.10000000021040489</CWH>
        <CFGlacier>1</CFGlacier>
        <CFSlope>1</CFSlope>
        <FC>555.32833276947417</FC>
        <LP>0.95524084478614812</LP>
        <BETA>2.2680451103472969</BETA>
      </SubCatchmentVegetationZoneParameters>
    </SubCatchmentVegetationZone>
  </SubCatchment>
</Catchment>