<?xml version="1.0" encoding="utf-8"?>
<Catchment xmlns:xsi="http://www.w3.org/2001/XMLSchema-instance" xmlns:xsd="http://www.w3.org/2001/XMLSchema">
  <CatchmentParameters>
    <KSI>0.001</KSI>
    <KGmin>0.05</KGmin>
    <RangeKG>0.1</RangeKG>
    <AG>0.1</AG>
    <PERC>9.999982033230431</PERC>
    <Alpha>0</Alpha>
    <UZL>92.985033091510886</UZL>
    <K0>0.5345724525634965</K0>
    <K1>0.395907271111232</K1>
    <K2>0.10921224007355286</K2>
    <MAXBAS>1.8984918823951051</MAXBAS>
    <Cet>0</Cet>
    <PCALT>10</PCALT>
    <TCALT>0.6</TCALT>
    <Pelev>2541</Pelev>
    <Telev>2541</Telev>
    <PART>0.5</PART>
    <DELAY>1</DELAY>
  </CatchmentParameters>
  <VegetationZone>
    <VegetationZoneParameters>
      <TT>-0.94755317861291544</TT>
      <CFMAX>1.0856469140508636</CFMAX>
      <SP>0</SP>
      <SFCF>1.0567833314887074</SFCF>
      <CFR>0.099998033016403</CFR>
      <CWH>0.15048238268318548</CWH>
      <CFGlacier>1</CFGlacier>
      <CFSlope>1</CFSlope>
      <FC>337.10065330857384</FC>
      <LP>0.30000825585830743</LP>
      <BETA>2.1833166180457364</BETA>
    </VegetationZoneParameters>
  </VegetationZone>
  <SubCatchment>
    <SubCatchmentParameters>
      <KSI>0.001</KSI>
      <KGmin>0.05</KGmin>
      <RangeKG>0.1</RangeKG>
      <AG>0.1</AG>
      <PERC>9.999982033230431</PERC>
      <Alpha>0</Alpha>
      <UZL>92.985033091510886</UZL>
      <K0>0.5345724525634965</K0>
      <K1>0.395907271111232</K1>
      <K2>0.10921224007355286</K2>
      <MAXBAS>1.8984918823951051</MAXBAS>
      <Cet>0</Cet>
      <PCALT>10</PCALT>
      <TCALT>0.6</TCALT>
      <Pelev>2541</Pelev>
      <Telev>2541</Telev>
      <PART>0.5</PART>
      <DELAY>1</DELAY>
    </SubCatchmentParameters>
    <SubCatchmentVegetationZone>
      <SubCatchmentVegetationZoneParameters>
        <TT>-0.94755317861291544</TT>
        <CFMAX>1.0856469140508636</CFMAX>
        <SP>0</SP>
        <SFCF>1.0567833314887074</SFCF>
        <CFR>0.099998033016403</CFR>
        <CWH>0.15048238268318548</CWH>
        <CFGlacier>1</CFGlacier>
        <CFSlope>1</CFSlope>
        <FC>337.10065330857384</FC>
        <LP>0.30000825585830743</LP>
        <BETA>2.1833166180457364</BETA>
      </SubCatchmentVegetationZoneParameters>
    </SubCatchmentVegetationZone>
  </SubCatchment>
</Catchment>