<?xml version="1.0" encoding="utf-8"?>
<Catchment xmlns:xsi="http://www.w3.org/2001/XMLSchema-instance" xmlns:xsd="http://www.w3.org/2001/XMLSchema">
  <CatchmentParameters>
    <KSI>0.001</KSI>
    <KGmin>0.05</KGmin>
    <RangeKG>0.1</RangeKG>
    <AG>0.1</AG>
    <PERC>1.1865503239793798</PERC>
    <Alpha>0</Alpha>
    <UZL>121.57875875971745</UZL>
    <K0>0.3326376558665966</K0>
    <K1>0.10001171557378155</K1>
    <K2>0.024236339431233211</K2>
    <MAXBAS>1</MAXBAS>
    <Cet>0</Cet>
    <PCALT>10</PCALT>
    <TCALT>0.6</TCALT>
    <Pelev>2541</Pelev>
    <Telev>2541</Telev>
    <PART>0.5</PART>
    <DELAY>1</DELAY>
  </CatchmentParameters>
  <VegetationZone>
    <VegetationZoneParameters>
      <TT>-0.29427227551497881</TT>
      <CFMAX>1.7489025215270135</CFMAX>
      <SP>0</SP>
      <SFCF>1.1788359323805242</SFCF>
      <CFR>0.0027914483650178937</CFR>
      <CWH>0.1000000694476301</CWH>
      <CFGlacier>1</CFGlacier>
      <CFSlope>1</CFSlope>
      <FC>579.19172962180619</FC>
      <LP>0.83591097050675967</LP>
      <BETA>1.9808222069130379</BETA>
    </VegetationZoneParameters>
  </VegetationZone>
  <SubCatchment>
    <SubCatchmentParameters>
      <KSI>0.001</KSI>
      <KGmin>0.05</KGmin>
      <RangeKG>0.1</RangeKG>
      <AG>0.1</AG>
      <PERC>1.1865503239793798</PERC>
      <Alpha>0</Alpha>
      <UZL>121.57875875971745</UZL>
      <K0>0.3326376558665966</K0>
      <K1>0.10001171557378155</K1>
      <K2>0.024236339431233211</K2>
      <MAXBAS>1</MAXBAS>
      <Cet>0</Cet>
      <PCALT>10</PCALT>
      <TCALT>0.6</TCALT>
      <Pelev>2541</Pelev>
      <Telev>2541</Telev>
      <PART>0.5</PART>
      <DELAY>1</DELAY>
    </SubCatchmentParameters>
    <SubCatchmentVegetationZone>
      <SubCatchmentVegetationZoneParameters>
        <TT>-0.29427227551497881</TT>
        <CFMAX>1.7489025215270135</CFMAX>
        <SP>0</SP>
        <SFCF>1.1788359323805242</SFCF>
        <CFR>0.0027914483650178937</CFR>
        <CWH>0.1000000694476301</CWH>
        <CFGlacier>1</CFGlacier>
        <CFSlope>1</CFSlope>
        <FC>579.19172962180619</FC>
        <LP>0.83591097050675967</LP>
        <BETA>1.9808222069130379</BETA>
      </SubCatchmentVegetationZoneParameters>
    </SubCatchmentVegetationZone>
  </SubCatchment>
</Catchment>