<?xml version="1.0" encoding="utf-8"?>
<Catchment xmlns:xsi="http://www.w3.org/2001/XMLSchema-instance" xmlns:xsd="http://www.w3.org/2001/XMLSchema">
  <CatchmentParameters>
    <KSI>0.001</KSI>
    <KGmin>0.05</KGmin>
    <RangeKG>0.1</RangeKG>
    <AG>0.1</AG>
    <PERC>9.1996216874722752</PERC>
    <Alpha>0</Alpha>
    <UZL>48.229630287653826</UZL>
    <K0>0.5145996220896174</K0>
    <K1>0.43763226870519845</K1>
    <K2>0.11503178343642137</K2>
    <MAXBAS>1.8414249249188648</MAXBAS>
    <Cet>0</Cet>
    <PCALT>10</PCALT>
    <TCALT>0.6</TCALT>
    <Pelev>2541</Pelev>
    <Telev>2541</Telev>
    <PART>0.5</PART>
    <DELAY>1</DELAY>
  </CatchmentParameters>
  <VegetationZone>
    <VegetationZoneParameters>
      <TT>-1.7241057393535628</TT>
      <CFMAX>1.0070065960961672</CFMAX>
      <SP>0</SP>
      <SFCF>1.2430763431482852</SFCF>
      <CFR>0.09999904862485999</CFR>
      <CWH>0.18599969756713397</CWH>
      <CFGlacier>1</CFGlacier>
      <CFSlope>1</CFSlope>
      <FC>524.32707096588956</FC>
      <LP>0.63544393079486938</LP>
      <BETA>2.3610549940356123</BETA>
    </VegetationZoneParameters>
  </VegetationZone>
  <SubCatchment>
    <SubCatchmentParameters>
      <KSI>0.001</KSI>
      <KGmin>0.05</KGmin>
      <RangeKG>0.1</RangeKG>
      <AG>0.1</AG>
      <PERC>9.1996216874722752</PERC>
      <Alpha>0</Alpha>
      <UZL>48.229630287653826</UZL>
      <K0>0.5145996220896174</K0>
      <K1>0.43763226870519845</K1>
      <K2>0.11503178343642137</K2>
      <MAXBAS>1.8414249249188648</MAXBAS>
      <Cet>0</Cet>
      <PCALT>10</PCALT>
      <TCALT>0.6</TCALT>
      <Pelev>2541</Pelev>
      <Telev>2541</Telev>
      <PART>0.5</PART>
      <DELAY>1</DELAY>
    </SubCatchmentParameters>
    <SubCatchmentVegetationZone>
      <SubCatchmentVegetationZoneParameters>
        <TT>-1.7241057393535628</TT>
        <CFMAX>1.0070065960961672</CFMAX>
        <SP>0</SP>
        <SFCF>1.2430763431482852</SFCF>
        <CFR>0.09999904862485999</CFR>
        <CWH>0.18599969756713397</CWH>
        <CFGlacier>1</CFGlacier>
        <CFSlope>1</CFSlope>
        <FC>524.32707096588956</FC>
        <LP>0.63544393079486938</LP>
        <BETA>2.3610549940356123</BETA>
      </SubCatchmentVegetationZoneParameters>
    </SubCatchmentVegetationZone>
  </SubCatchment>
</Catchment>