<?xml version="1.0" encoding="utf-8"?>
<Catchment xmlns:xsi="http://www.w3.org/2001/XMLSchema-instance" xmlns:xsd="http://www.w3.org/2001/XMLSchema">
  <CatchmentParameters>
    <KSI>0.001</KSI>
    <KGmin>0.05</KGmin>
    <RangeKG>0.1</RangeKG>
    <AG>0.1</AG>
    <PERC>9.5751048681455426</PERC>
    <Alpha>0</Alpha>
    <UZL>88.13577513582</UZL>
    <K0>0.14246731455577241</K0>
    <K1>0.437010611805293</K1>
    <K2>0.11047300457241363</K2>
    <MAXBAS>1.82807696747175</MAXBAS>
    <Cet>0</Cet>
    <PCALT>10</PCALT>
    <TCALT>0.6</TCALT>
    <Pelev>2541</Pelev>
    <Telev>2541</Telev>
    <PART>0.5</PART>
    <DELAY>1</DELAY>
  </CatchmentParameters>
  <VegetationZone>
    <VegetationZoneParameters>
      <TT>-1.4761794784391353</TT>
      <CFMAX>1.0419413839167724</CFMAX>
      <SP>0</SP>
      <SFCF>1.1951322248189047</SFCF>
      <CFR>0.09999099555260299</CFR>
      <CWH>0.14752095838665669</CWH>
      <CFGlacier>1</CFGlacier>
      <CFSlope>1</CFSlope>
      <FC>434.54502917581794</FC>
      <LP>0.50050882902612159</LP>
      <BETA>2.068436016058294</BETA>
    </VegetationZoneParameters>
  </VegetationZone>
  <SubCatchment>
    <SubCatchmentParameters>
      <KSI>0.001</KSI>
      <KGmin>0.05</KGmin>
      <RangeKG>0.1</RangeKG>
      <AG>0.1</AG>
      <PERC>9.5751048681455426</PERC>
      <Alpha>0</Alpha>
      <UZL>88.13577513582</UZL>
      <K0>0.14246731455577241</K0>
      <K1>0.437010611805293</K1>
      <K2>0.11047300457241363</K2>
      <MAXBAS>1.82807696747175</MAXBAS>
      <Cet>0</Cet>
      <PCALT>10</PCALT>
      <TCALT>0.6</TCALT>
      <Pelev>2541</Pelev>
      <Telev>2541</Telev>
      <PART>0.5</PART>
      <DELAY>1</DELAY>
    </SubCatchmentParameters>
    <SubCatchmentVegetationZone>
      <SubCatchmentVegetationZoneParameters>
        <TT>-1.4761794784391353</TT>
        <CFMAX>1.0419413839167724</CFMAX>
        <SP>0</SP>
        <SFCF>1.1951322248189047</SFCF>
        <CFR>0.09999099555260299</CFR>
        <CWH>0.14752095838665669</CWH>
        <CFGlacier>1</CFGlacier>
        <CFSlope>1</CFSlope>
        <FC>434.54502917581794</FC>
        <LP>0.50050882902612159</LP>
        <BETA>2.068436016058294</BETA>
      </SubCatchmentVegetationZoneParameters>
    </SubCatchmentVegetationZone>
  </SubCatchment>
</Catchment>