<?xml version="1.0" encoding="utf-8"?>
<Catchment xmlns:xsi="http://www.w3.org/2001/XMLSchema-instance" xmlns:xsd="http://www.w3.org/2001/XMLSchema">
  <CatchmentParameters>
    <KSI>0.001</KSI>
    <KGmin>0.05</KGmin>
    <RangeKG>0.1</RangeKG>
    <AG>0.1</AG>
    <PERC>8.37555043525524</PERC>
    <Alpha>0</Alpha>
    <UZL>18.42996987092868</UZL>
    <K0>0.98573587834255094</K0>
    <K1>0.21938048650385408</K1>
    <K2>0.10358495632500869</K2>
    <MAXBAS>2.2492705732760228</MAXBAS>
    <Cet>0</Cet>
    <PCALT>10</PCALT>
    <TCALT>0.6</TCALT>
    <Pelev>2541</Pelev>
    <Telev>2541</Telev>
    <PART>0.5</PART>
    <DELAY>1</DELAY>
  </CatchmentParameters>
  <VegetationZone>
    <VegetationZoneParameters>
      <TT>-0.8944464336251392</TT>
      <CFMAX>1.1520575601260694</CFMAX>
      <SP>0</SP>
      <SFCF>1.135527304838106</SFCF>
      <CFR>0.022780974618639711</CFR>
      <CWH>0.1000000043126415</CWH>
      <CFGlacier>1</CFGlacier>
      <CFSlope>1</CFSlope>
      <FC>468.75507042119762</FC>
      <LP>0.73621424876300146</LP>
      <BETA>2.5653094877556355</BETA>
    </VegetationZoneParameters>
  </VegetationZone>
  <SubCatchment>
    <SubCatchmentParameters>
      <KSI>0.001</KSI>
      <KGmin>0.05</KGmin>
      <RangeKG>0.1</RangeKG>
      <AG>0.1</AG>
      <PERC>8.37555043525524</PERC>
      <Alpha>0</Alpha>
      <UZL>18.42996987092868</UZL>
      <K0>0.98573587834255094</K0>
      <K1>0.21938048650385408</K1>
      <K2>0.10358495632500869</K2>
      <MAXBAS>2.2492705732760228</MAXBAS>
      <Cet>0</Cet>
      <PCALT>10</PCALT>
      <TCALT>0.6</TCALT>
      <Pelev>2541</Pelev>
      <Telev>2541</Telev>
      <PART>0.5</PART>
      <DELAY>1</DELAY>
    </SubCatchmentParameters>
    <SubCatchmentVegetationZone>
      <SubCatchmentVegetationZoneParameters>
        <TT>-0.8944464336251392</TT>
        <CFMAX>1.1520575601260694</CFMAX>
        <SP>0</SP>
        <SFCF>1.135527304838106</SFCF>
        <CFR>0.022780974618639711</CFR>
        <CWH>0.1000000043126415</CWH>
        <CFGlacier>1</CFGlacier>
        <CFSlope>1</CFSlope>
        <FC>468.75507042119762</FC>
        <LP>0.73621424876300146</LP>
        <BETA>2.5653094877556355</BETA>
      </SubCatchmentVegetationZoneParameters>
    </SubCatchmentVegetationZone>
  </SubCatchment>
</Catchment>