<?xml version="1.0" encoding="utf-8"?>
<Catchment xmlns:xsi="http://www.w3.org/2001/XMLSchema-instance" xmlns:xsd="http://www.w3.org/2001/XMLSchema">
  <CatchmentParameters>
    <KSI>0.001</KSI>
    <KGmin>0.05</KGmin>
    <RangeKG>0.1</RangeKG>
    <AG>0.1</AG>
    <PERC>0.73318763397867359</PERC>
    <Alpha>0</Alpha>
    <UZL>127.37431565986974</UZL>
    <K0>0.59060169055570966</K0>
    <K1>0.10662003373723905</K1>
    <K2>0.018021040016168721</K2>
    <MAXBAS>1</MAXBAS>
    <Cet>0</Cet>
    <PCALT>10</PCALT>
    <TCALT>0.6</TCALT>
    <Pelev>2541</Pelev>
    <Telev>2541</Telev>
    <PART>0.5</PART>
    <DELAY>1</DELAY>
  </CatchmentParameters>
  <VegetationZone>
    <VegetationZoneParameters>
      <TT>-0.93684168950085822</TT>
      <CFMAX>1.4694469770255534</CFMAX>
      <SP>0</SP>
      <SFCF>1.266547076664907</SFCF>
      <CFR>0.066092566412146239</CFR>
      <CWH>0.10000000031783772</CWH>
      <CFGlacier>1</CFGlacier>
      <CFSlope>1</CFSlope>
      <FC>677.74520753348361</FC>
      <LP>0.81466090761608745</LP>
      <BETA>2.3449103287122086</BETA>
    </VegetationZoneParameters>
  </VegetationZone>
  <SubCatchment>
    <SubCatchmentParameters>
      <KSI>0.001</KSI>
      <KGmin>0.05</KGmin>
      <RangeKG>0.1</RangeKG>
      <AG>0.1</AG>
      <PERC>0.73318763397867359</PERC>
      <Alpha>0</Alpha>
      <UZL>127.37431565986974</UZL>
      <K0>0.59060169055570966</K0>
      <K1>0.10662003373723905</K1>
      <K2>0.018021040016168721</K2>
      <MAXBAS>1</MAXBAS>
      <Cet>0</Cet>
      <PCALT>10</PCALT>
      <TCALT>0.6</TCALT>
      <Pelev>2541</Pelev>
      <Telev>2541</Telev>
      <PART>0.5</PART>
      <DELAY>1</DELAY>
    </SubCatchmentParameters>
    <SubCatchmentVegetationZone>
      <SubCatchmentVegetationZoneParameters>
        <TT>-0.93684168950085822</TT>
        <CFMAX>1.4694469770255534</CFMAX>
        <SP>0</SP>
        <SFCF>1.266547076664907</SFCF>
        <CFR>0.066092566412146239</CFR>
        <CWH>0.10000000031783772</CWH>
        <CFGlacier>1</CFGlacier>
        <CFSlope>1</CFSlope>
        <FC>677.74520753348361</FC>
        <LP>0.81466090761608745</LP>
        <BETA>2.3449103287122086</BETA>
      </SubCatchmentVegetationZoneParameters>
    </SubCatchmentVegetationZone>
  </SubCatchment>
</Catchment>