<?xml version="1.0" encoding="utf-8"?>
<Catchment xmlns:xsi="http://www.w3.org/2001/XMLSchema-instance" xmlns:xsd="http://www.w3.org/2001/XMLSchema">
  <CatchmentParameters>
    <KSI>0.001</KSI>
    <KGmin>0.05</KGmin>
    <RangeKG>0.1</RangeKG>
    <AG>0.1</AG>
    <PERC>8.2674565534859727</PERC>
    <Alpha>0</Alpha>
    <UZL>133.89398715053548</UZL>
    <K0>0.46616206761138879</K0>
    <K1>0.37344443991631732</K1>
    <K2>0.10543927773404141</K2>
    <MAXBAS>1.970977952620889</MAXBAS>
    <Cet>0</Cet>
    <PCALT>10</PCALT>
    <TCALT>0.6</TCALT>
    <Pelev>2541</Pelev>
    <Telev>2541</Telev>
    <PART>0.5</PART>
    <DELAY>1</DELAY>
  </CatchmentParameters>
  <VegetationZone>
    <VegetationZoneParameters>
      <TT>-1.012381154932066</TT>
      <CFMAX>1.1194436463882309</CFMAX>
      <SP>0</SP>
      <SFCF>1.1133422729430784</SFCF>
      <CFR>0.099998666058547458</CFR>
      <CWH>0.10000000005024662</CWH>
      <CFGlacier>1</CFGlacier>
      <CFSlope>1</CFSlope>
      <FC>438.33341223425043</FC>
      <LP>0.580447595029737</LP>
      <BETA>2.2752539956935611</BETA>
    </VegetationZoneParameters>
  </VegetationZone>
  <SubCatchment>
    <SubCatchmentParameters>
      <KSI>0.001</KSI>
      <KGmin>0.05</KGmin>
      <RangeKG>0.1</RangeKG>
      <AG>0.1</AG>
      <PERC>8.2674565534859727</PERC>
      <Alpha>0</Alpha>
      <UZL>133.89398715053548</UZL>
      <K0>0.46616206761138879</K0>
      <K1>0.37344443991631732</K1>
      <K2>0.10543927773404141</K2>
      <MAXBAS>1.970977952620889</MAXBAS>
      <Cet>0</Cet>
      <PCALT>10</PCALT>
      <TCALT>0.6</TCALT>
      <Pelev>2541</Pelev>
      <Telev>2541</Telev>
      <PART>0.5</PART>
      <DELAY>1</DELAY>
    </SubCatchmentParameters>
    <SubCatchmentVegetationZone>
      <SubCatchmentVegetationZoneParameters>
        <TT>-1.012381154932066</TT>
        <CFMAX>1.1194436463882309</CFMAX>
        <SP>0</SP>
        <SFCF>1.1133422729430784</SFCF>
        <CFR>0.099998666058547458</CFR>
        <CWH>0.10000000005024662</CWH>
        <CFGlacier>1</CFGlacier>
        <CFSlope>1</CFSlope>
        <FC>438.33341223425043</FC>
        <LP>0.580447595029737</LP>
        <BETA>2.2752539956935611</BETA>
      </SubCatchmentVegetationZoneParameters>
    </SubCatchmentVegetationZone>
  </SubCatchment>
</Catchment>