<?xml version="1.0" encoding="utf-8"?>
<Catchment xmlns:xsi="http://www.w3.org/2001/XMLSchema-instance" xmlns:xsd="http://www.w3.org/2001/XMLSchema">
  <CatchmentParameters>
    <KSI>0.001</KSI>
    <KGmin>0.05</KGmin>
    <RangeKG>0.1</RangeKG>
    <AG>0.1</AG>
    <PERC>8.8170247582712484</PERC>
    <Alpha>0</Alpha>
    <UZL>116.84839892279761</UZL>
    <K0>0.26255150553212053</K0>
    <K1>0.39952521538476926</K1>
    <K2>0.1081210741908772</K2>
    <MAXBAS>1.8605634028082718</MAXBAS>
    <Cet>0</Cet>
    <PCALT>10</PCALT>
    <TCALT>0.6</TCALT>
    <Pelev>2541</Pelev>
    <Telev>2541</Telev>
    <PART>0.5</PART>
    <DELAY>1</DELAY>
  </CatchmentParameters>
  <VegetationZone>
    <VegetationZoneParameters>
      <TT>-1.4761585023388777</TT>
      <CFMAX>1.145880843769761</CFMAX>
      <SP>0</SP>
      <SFCF>1.2901082963626163</SFCF>
      <CFR>0.0999989450930475</CFR>
      <CWH>0.10412056591101232</CWH>
      <CFGlacier>1</CFGlacier>
      <CFSlope>1</CFSlope>
      <FC>737.52779201467933</FC>
      <LP>0.88545216978174957</LP>
      <BETA>3.1290433014938097</BETA>
    </VegetationZoneParameters>
  </VegetationZone>
  <SubCatchment>
    <SubCatchmentParameters>
      <KSI>0.001</KSI>
      <KGmin>0.05</KGmin>
      <RangeKG>0.1</RangeKG>
      <AG>0.1</AG>
      <PERC>8.8170247582712484</PERC>
      <Alpha>0</Alpha>
      <UZL>116.84839892279761</UZL>
      <K0>0.26255150553212053</K0>
      <K1>0.39952521538476926</K1>
      <K2>0.1081210741908772</K2>
      <MAXBAS>1.8605634028082718</MAXBAS>
      <Cet>0</Cet>
      <PCALT>10</PCALT>
      <TCALT>0.6</TCALT>
      <Pelev>2541</Pelev>
      <Telev>2541</Telev>
      <PART>0.5</PART>
      <DELAY>1</DELAY>
    </SubCatchmentParameters>
    <SubCatchmentVegetationZone>
      <SubCatchmentVegetationZoneParameters>
        <TT>-1.4761585023388777</TT>
        <CFMAX>1.145880843769761</CFMAX>
        <SP>0</SP>
        <SFCF>1.2901082963626163</SFCF>
        <CFR>0.0999989450930475</CFR>
        <CWH>0.10412056591101232</CWH>
        <CFGlacier>1</CFGlacier>
        <CFSlope>1</CFSlope>
        <FC>737.52779201467933</FC>
        <LP>0.88545216978174957</LP>
        <BETA>3.1290433014938097</BETA>
      </SubCatchmentVegetationZoneParameters>
    </SubCatchmentVegetationZone>
  </SubCatchment>
</Catchment>