<?xml version="1.0" encoding="utf-8"?>
<Catchment xmlns:xsi="http://www.w3.org/2001/XMLSchema-instance" xmlns:xsd="http://www.w3.org/2001/XMLSchema">
  <CatchmentParameters>
    <KSI>0.001</KSI>
    <KGmin>0.05</KGmin>
    <RangeKG>0.1</RangeKG>
    <AG>0.1</AG>
    <PERC>1.0441184849815592</PERC>
    <Alpha>0</Alpha>
    <UZL>138.37746189430257</UZL>
    <K0>0.22507964906417743</K0>
    <K1>0.10131907738389462</K1>
    <K2>0.021203568900011852</K2>
    <MAXBAS>1</MAXBAS>
    <Cet>0</Cet>
    <PCALT>10</PCALT>
    <TCALT>0.6</TCALT>
    <Pelev>2541</Pelev>
    <Telev>2541</Telev>
    <PART>0.5</PART>
    <DELAY>1</DELAY>
  </CatchmentParameters>
  <VegetationZone>
    <VegetationZoneParameters>
      <TT>-0.47873930212630522</TT>
      <CFMAX>2.0584259537612546</CFMAX>
      <SP>0</SP>
      <SFCF>1.4124222637454644</SFCF>
      <CFR>1.4980860218966476E-08</CFR>
      <CWH>0.10000000022180294</CWH>
      <CFGlacier>1</CFGlacier>
      <CFSlope>1</CFSlope>
      <FC>1006.0136869197669</FC>
      <LP>0.7336708085932242</LP>
      <BETA>2.5916544026139468</BETA>
    </VegetationZoneParameters>
  </VegetationZone>
  <SubCatchment>
    <SubCatchmentParameters>
      <KSI>0.001</KSI>
      <KGmin>0.05</KGmin>
      <RangeKG>0.1</RangeKG>
      <AG>0.1</AG>
      <PERC>1.0441184849815592</PERC>
      <Alpha>0</Alpha>
      <UZL>138.37746189430257</UZL>
      <K0>0.22507964906417743</K0>
      <K1>0.10131907738389462</K1>
      <K2>0.021203568900011852</K2>
      <MAXBAS>1</MAXBAS>
      <Cet>0</Cet>
      <PCALT>10</PCALT>
      <TCALT>0.6</TCALT>
      <Pelev>2541</Pelev>
      <Telev>2541</Telev>
      <PART>0.5</PART>
      <DELAY>1</DELAY>
    </SubCatchmentParameters>
    <SubCatchmentVegetationZone>
      <SubCatchmentVegetationZoneParameters>
        <TT>-0.47873930212630522</TT>
        <CFMAX>2.0584259537612546</CFMAX>
        <SP>0</SP>
        <SFCF>1.4124222637454644</SFCF>
        <CFR>1.4980860218966476E-08</CFR>
        <CWH>0.10000000022180294</CWH>
        <CFGlacier>1</CFGlacier>
        <CFSlope>1</CFSlope>
        <FC>1006.0136869197669</FC>
        <LP>0.7336708085932242</LP>
        <BETA>2.5916544026139468</BETA>
      </SubCatchmentVegetationZoneParameters>
    </SubCatchmentVegetationZone>
  </SubCatchment>
</Catchment>