<?xml version="1.0" encoding="utf-8"?>
<Catchment xmlns:xsi="http://www.w3.org/2001/XMLSchema-instance" xmlns:xsd="http://www.w3.org/2001/XMLSchema">
  <CatchmentParameters>
    <KSI>0.001</KSI>
    <KGmin>0.05</KGmin>
    <RangeKG>0.1</RangeKG>
    <AG>0.1</AG>
    <PERC>0.95161240079761467</PERC>
    <Alpha>0</Alpha>
    <UZL>131.25040733451715</UZL>
    <K0>0.064126824832073021</K0>
    <K1>0.098784273320411523</K1>
    <K2>0.020125249163004542</K2>
    <MAXBAS>1</MAXBAS>
    <Cet>0</Cet>
    <PCALT>10</PCALT>
    <TCALT>0.6</TCALT>
    <Pelev>2541</Pelev>
    <Telev>2541</Telev>
    <PART>0.5</PART>
    <DELAY>1</DELAY>
  </CatchmentParameters>
  <VegetationZone>
    <VegetationZoneParameters>
      <TT>-0.31798781473557908</TT>
      <CFMAX>2.045014886825014</CFMAX>
      <SP>0</SP>
      <SFCF>1.3374127696962852</SFCF>
      <CFR>1.9863821130478316E-07</CFR>
      <CWH>0.10000006307196586</CWH>
      <CFGlacier>1</CFGlacier>
      <CFSlope>1</CFSlope>
      <FC>890.01081845701674</FC>
      <LP>0.80826049170757852</LP>
      <BETA>2.6043145027166967</BETA>
    </VegetationZoneParameters>
  </VegetationZone>
  <SubCatchment>
    <SubCatchmentParameters>
      <KSI>0.001</KSI>
      <KGmin>0.05</KGmin>
      <RangeKG>0.1</RangeKG>
      <AG>0.1</AG>
      <PERC>0.95161240079761467</PERC>
      <Alpha>0</Alpha>
      <UZL>131.25040733451715</UZL>
      <K0>0.064126824832073021</K0>
      <K1>0.098784273320411523</K1>
      <K2>0.020125249163004542</K2>
      <MAXBAS>1</MAXBAS>
      <Cet>0</Cet>
      <PCALT>10</PCALT>
      <TCALT>0.6</TCALT>
      <Pelev>2541</Pelev>
      <Telev>2541</Telev>
      <PART>0.5</PART>
      <DELAY>1</DELAY>
    </SubCatchmentParameters>
    <SubCatchmentVegetationZone>
      <SubCatchmentVegetationZoneParameters>
        <TT>-0.31798781473557908</TT>
        <CFMAX>2.045014886825014</CFMAX>
        <SP>0</SP>
        <SFCF>1.3374127696962852</SFCF>
        <CFR>1.9863821130478316E-07</CFR>
        <CWH>0.10000006307196586</CWH>
        <CFGlacier>1</CFGlacier>
        <CFSlope>1</CFSlope>
        <FC>890.01081845701674</FC>
        <LP>0.80826049170757852</LP>
        <BETA>2.6043145027166967</BETA>
      </SubCatchmentVegetationZoneParameters>
    </SubCatchmentVegetationZone>
  </SubCatchment>
</Catchment>