<?xml version="1.0" encoding="utf-8"?>
<Catchment xmlns:xsi="http://www.w3.org/2001/XMLSchema-instance" xmlns:xsd="http://www.w3.org/2001/XMLSchema">
  <CatchmentParameters>
    <KSI>0.001</KSI>
    <KGmin>0.05</KGmin>
    <RangeKG>0.1</RangeKG>
    <AG>0.1</AG>
    <PERC>9.9999845466053472</PERC>
    <Alpha>0</Alpha>
    <UZL>162.47992271158105</UZL>
    <K0>0.20355533949059684</K0>
    <K1>0.36561911709658756</K1>
    <K2>0.074031755395504273</K2>
    <MAXBAS>2.4999866830795483</MAXBAS>
    <Cet>0</Cet>
    <PCALT>10</PCALT>
    <TCALT>0.6</TCALT>
    <Pelev>2541</Pelev>
    <Telev>2541</Telev>
    <PART>0.5</PART>
    <DELAY>1</DELAY>
  </CatchmentParameters>
  <VegetationZone>
    <VegetationZoneParameters>
      <TT>0.20335464981463883</TT>
      <CFMAX>1.4387743438462166</CFMAX>
      <SP>0</SP>
      <SFCF>0.89154542220303645</SFCF>
      <CFR>0.039208630005582862</CFR>
      <CWH>0.10000015819331611</CWH>
      <CFGlacier>1</CFGlacier>
      <CFSlope>1</CFSlope>
      <FC>226.3884661423246</FC>
      <LP>0.30000371611515309</LP>
      <BETA>2.939584695433195</BETA>
    </VegetationZoneParameters>
  </VegetationZone>
  <SubCatchment>
    <SubCatchmentParameters>
      <KSI>0.001</KSI>
      <KGmin>0.05</KGmin>
      <RangeKG>0.1</RangeKG>
      <AG>0.1</AG>
      <PERC>9.9999845466053472</PERC>
      <Alpha>0</Alpha>
      <UZL>162.47992271158105</UZL>
      <K0>0.20355533949059684</K0>
      <K1>0.36561911709658756</K1>
      <K2>0.074031755395504273</K2>
      <MAXBAS>2.4999866830795483</MAXBAS>
      <Cet>0</Cet>
      <PCALT>10</PCALT>
      <TCALT>0.6</TCALT>
      <Pelev>2541</Pelev>
      <Telev>2541</Telev>
      <PART>0.5</PART>
      <DELAY>1</DELAY>
    </SubCatchmentParameters>
    <SubCatchmentVegetationZone>
      <SubCatchmentVegetationZoneParameters>
        <TT>0.20335464981463883</TT>
        <CFMAX>1.4387743438462166</CFMAX>
        <SP>0</SP>
        <SFCF>0.89154542220303645</SFCF>
        <CFR>0.039208630005582862</CFR>
        <CWH>0.10000015819331611</CWH>
        <CFGlacier>1</CFGlacier>
        <CFSlope>1</CFSlope>
        <FC>226.3884661423246</FC>
        <LP>0.30000371611515309</LP>
        <BETA>2.939584695433195</BETA>
      </SubCatchmentVegetationZoneParameters>
    </SubCatchmentVegetationZone>
  </SubCatchment>
</Catchment>