<?xml version="1.0" encoding="utf-8"?>
<Catchment xmlns:xsi="http://www.w3.org/2001/XMLSchema-instance" xmlns:xsd="http://www.w3.org/2001/XMLSchema">
  <CatchmentParameters>
    <KSI>0.001</KSI>
    <KGmin>0.05</KGmin>
    <RangeKG>0.1</RangeKG>
    <AG>0.1</AG>
    <PERC>9.9999724811483386</PERC>
    <Alpha>0</Alpha>
    <UZL>136.14348602373988</UZL>
    <K0>0.1824509098963483</K0>
    <K1>0.38011484093801928</K1>
    <K2>0.097443049756154934</K2>
    <MAXBAS>2.4999986608042279</MAXBAS>
    <Cet>0</Cet>
    <PCALT>10</PCALT>
    <TCALT>0.6</TCALT>
    <Pelev>2541</Pelev>
    <Telev>2541</Telev>
    <PART>0.5</PART>
    <DELAY>1</DELAY>
  </CatchmentParameters>
  <VegetationZone>
    <VegetationZoneParameters>
      <TT>-0.65762910242755424</TT>
      <CFMAX>1.5528691237228598</CFMAX>
      <SP>0</SP>
      <SFCF>1.2626469059224683</SFCF>
      <CFR>0.01750206996672115</CFR>
      <CWH>0.10000000082838399</CWH>
      <CFGlacier>1</CFGlacier>
      <CFSlope>1</CFSlope>
      <FC>502.15212614132224</FC>
      <LP>0.30004030864503939</LP>
      <BETA>1.3201618676058764</BETA>
    </VegetationZoneParameters>
  </VegetationZone>
  <SubCatchment>
    <SubCatchmentParameters>
      <KSI>0.001</KSI>
      <KGmin>0.05</KGmin>
      <RangeKG>0.1</RangeKG>
      <AG>0.1</AG>
      <PERC>9.9999724811483386</PERC>
      <Alpha>0</Alpha>
      <UZL>136.14348602373988</UZL>
      <K0>0.1824509098963483</K0>
      <K1>0.38011484093801928</K1>
      <K2>0.097443049756154934</K2>
      <MAXBAS>2.4999986608042279</MAXBAS>
      <Cet>0</Cet>
      <PCALT>10</PCALT>
      <TCALT>0.6</TCALT>
      <Pelev>2541</Pelev>
      <Telev>2541</Telev>
      <PART>0.5</PART>
      <DELAY>1</DELAY>
    </SubCatchmentParameters>
    <SubCatchmentVegetationZone>
      <SubCatchmentVegetationZoneParameters>
        <TT>-0.65762910242755424</TT>
        <CFMAX>1.5528691237228598</CFMAX>
        <SP>0</SP>
        <SFCF>1.2626469059224683</SFCF>
        <CFR>0.01750206996672115</CFR>
        <CWH>0.10000000082838399</CWH>
        <CFGlacier>1</CFGlacier>
        <CFSlope>1</CFSlope>
        <FC>502.15212614132224</FC>
        <LP>0.30004030864503939</LP>
        <BETA>1.3201618676058764</BETA>
      </SubCatchmentVegetationZoneParameters>
    </SubCatchmentVegetationZone>
  </SubCatchment>
</Catchment>