<?xml version="1.0" encoding="utf-8"?>
<Catchment xmlns:xsi="http://www.w3.org/2001/XMLSchema-instance" xmlns:xsd="http://www.w3.org/2001/XMLSchema">
  <CatchmentParameters>
    <KSI>0.001</KSI>
    <KGmin>0.05</KGmin>
    <RangeKG>0.1</RangeKG>
    <AG>0.1</AG>
    <PERC>1.1134375990636594</PERC>
    <Alpha>0</Alpha>
    <UZL>141.82256533400908</UZL>
    <K0>0.50788061380690841</K0>
    <K1>0.092308729318352628</K1>
    <K2>0.021183796456196387</K2>
    <MAXBAS>1</MAXBAS>
    <Cet>0</Cet>
    <PCALT>10</PCALT>
    <TCALT>0.6</TCALT>
    <Pelev>2541</Pelev>
    <Telev>2541</Telev>
    <PART>0.5</PART>
    <DELAY>1</DELAY>
  </CatchmentParameters>
  <VegetationZone>
    <VegetationZoneParameters>
      <TT>-0.29426223368037646</TT>
      <CFMAX>1.9659040514426036</CFMAX>
      <SP>0</SP>
      <SFCF>1.2288397028297793</SFCF>
      <CFR>0.0734939600509915</CFR>
      <CWH>0.10000000001672797</CWH>
      <CFGlacier>1</CFGlacier>
      <CFSlope>1</CFSlope>
      <FC>749.94301266081914</FC>
      <LP>0.93223559010959345</LP>
      <BETA>2.5049760887326249</BETA>
    </VegetationZoneParameters>
  </VegetationZone>
  <SubCatchment>
    <SubCatchmentParameters>
      <KSI>0.001</KSI>
      <KGmin>0.05</KGmin>
      <RangeKG>0.1</RangeKG>
      <AG>0.1</AG>
      <PERC>1.1134375990636594</PERC>
      <Alpha>0</Alpha>
      <UZL>141.82256533400908</UZL>
      <K0>0.50788061380690841</K0>
      <K1>0.092308729318352628</K1>
      <K2>0.021183796456196387</K2>
      <MAXBAS>1</MAXBAS>
      <Cet>0</Cet>
      <PCALT>10</PCALT>
      <TCALT>0.6</TCALT>
      <Pelev>2541</Pelev>
      <Telev>2541</Telev>
      <PART>0.5</PART>
      <DELAY>1</DELAY>
    </SubCatchmentParameters>
    <SubCatchmentVegetationZone>
      <SubCatchmentVegetationZoneParameters>
        <TT>-0.29426223368037646</TT>
        <CFMAX>1.9659040514426036</CFMAX>
        <SP>0</SP>
        <SFCF>1.2288397028297793</SFCF>
        <CFR>0.0734939600509915</CFR>
        <CWH>0.10000000001672797</CWH>
        <CFGlacier>1</CFGlacier>
        <CFSlope>1</CFSlope>
        <FC>749.94301266081914</FC>
        <LP>0.93223559010959345</LP>
        <BETA>2.5049760887326249</BETA>
      </SubCatchmentVegetationZoneParameters>
    </SubCatchmentVegetationZone>
  </SubCatchment>
</Catchment>