<?xml version="1.0" encoding="utf-8"?>
<Catchment xmlns:xsi="http://www.w3.org/2001/XMLSchema-instance" xmlns:xsd="http://www.w3.org/2001/XMLSchema">
  <CatchmentParameters>
    <KSI>0.001</KSI>
    <KGmin>0.05</KGmin>
    <RangeKG>0.1</RangeKG>
    <AG>0.1</AG>
    <PERC>8.7947705773874727</PERC>
    <Alpha>0</Alpha>
    <UZL>71.819603686604111</UZL>
    <K0>0.64509783411662236</K0>
    <K1>0.40477401263208757</K1>
    <K2>0.11413107498413816</K2>
    <MAXBAS>1.9560288096078924</MAXBAS>
    <Cet>0</Cet>
    <PCALT>10</PCALT>
    <TCALT>0.6</TCALT>
    <Pelev>2541</Pelev>
    <Telev>2541</Telev>
    <PART>0.5</PART>
    <DELAY>1</DELAY>
  </CatchmentParameters>
  <VegetationZone>
    <VegetationZoneParameters>
      <TT>-1.1603106633270697</TT>
      <CFMAX>1.09126157473837</CFMAX>
      <SP>0</SP>
      <SFCF>1.1520681172395537</SFCF>
      <CFR>0.099997211708524852</CFR>
      <CWH>0.140802787542152</CWH>
      <CFGlacier>1</CFGlacier>
      <CFSlope>1</CFSlope>
      <FC>403.13047488225516</FC>
      <LP>0.30008959327179768</LP>
      <BETA>1.9291504524877705</BETA>
    </VegetationZoneParameters>
  </VegetationZone>
  <SubCatchment>
    <SubCatchmentParameters>
      <KSI>0.001</KSI>
      <KGmin>0.05</KGmin>
      <RangeKG>0.1</RangeKG>
      <AG>0.1</AG>
      <PERC>8.7947705773874727</PERC>
      <Alpha>0</Alpha>
      <UZL>71.819603686604111</UZL>
      <K0>0.64509783411662236</K0>
      <K1>0.40477401263208757</K1>
      <K2>0.11413107498413816</K2>
      <MAXBAS>1.9560288096078924</MAXBAS>
      <Cet>0</Cet>
      <PCALT>10</PCALT>
      <TCALT>0.6</TCALT>
      <Pelev>2541</Pelev>
      <Telev>2541</Telev>
      <PART>0.5</PART>
      <DELAY>1</DELAY>
    </SubCatchmentParameters>
    <SubCatchmentVegetationZone>
      <SubCatchmentVegetationZoneParameters>
        <TT>-1.1603106633270697</TT>
        <CFMAX>1.09126157473837</CFMAX>
        <SP>0</SP>
        <SFCF>1.1520681172395537</SFCF>
        <CFR>0.099997211708524852</CFR>
        <CWH>0.140802787542152</CWH>
        <CFGlacier>1</CFGlacier>
        <CFSlope>1</CFSlope>
        <FC>403.13047488225516</FC>
        <LP>0.30008959327179768</LP>
        <BETA>1.9291504524877705</BETA>
      </SubCatchmentVegetationZoneParameters>
    </SubCatchmentVegetationZone>
  </SubCatchment>
</Catchment>