<?xml version="1.0" encoding="utf-8"?>
<Catchment xmlns:xsi="http://www.w3.org/2001/XMLSchema-instance" xmlns:xsd="http://www.w3.org/2001/XMLSchema">
  <CatchmentParameters>
    <KSI>0.001</KSI>
    <KGmin>0.05</KGmin>
    <RangeKG>0.1</RangeKG>
    <AG>0.1</AG>
    <PERC>1.2214810054707632</PERC>
    <Alpha>0</Alpha>
    <UZL>121.50661384427619</UZL>
    <K0>0.28057472135402273</K0>
    <K1>0.091137100181113026</K1>
    <K2>0.022225425276744308</K2>
    <MAXBAS>1</MAXBAS>
    <Cet>0</Cet>
    <PCALT>10</PCALT>
    <TCALT>0.6</TCALT>
    <Pelev>2541</Pelev>
    <Telev>2541</Telev>
    <PART>0.5</PART>
    <DELAY>1</DELAY>
  </CatchmentParameters>
  <VegetationZone>
    <VegetationZoneParameters>
      <TT>-0.294265421179491</TT>
      <CFMAX>2.2661398844496161</CFMAX>
      <SP>0</SP>
      <SFCF>1.3897182114392588</SFCF>
      <CFR>0.00016323049139509429</CFR>
      <CWH>0.10000000000589152</CWH>
      <CFGlacier>1</CFGlacier>
      <CFSlope>1</CFSlope>
      <FC>1008.8795561482269</FC>
      <LP>0.73232655534636637</LP>
      <BETA>2.2814523098392878</BETA>
    </VegetationZoneParameters>
  </VegetationZone>
  <SubCatchment>
    <SubCatchmentParameters>
      <KSI>0.001</KSI>
      <KGmin>0.05</KGmin>
      <RangeKG>0.1</RangeKG>
      <AG>0.1</AG>
      <PERC>1.2214810054707632</PERC>
      <Alpha>0</Alpha>
      <UZL>121.50661384427619</UZL>
      <K0>0.28057472135402273</K0>
      <K1>0.091137100181113026</K1>
      <K2>0.022225425276744308</K2>
      <MAXBAS>1</MAXBAS>
      <Cet>0</Cet>
      <PCALT>10</PCALT>
      <TCALT>0.6</TCALT>
      <Pelev>2541</Pelev>
      <Telev>2541</Telev>
      <PART>0.5</PART>
      <DELAY>1</DELAY>
    </SubCatchmentParameters>
    <SubCatchmentVegetationZone>
      <SubCatchmentVegetationZoneParameters>
        <TT>-0.294265421179491</TT>
        <CFMAX>2.2661398844496161</CFMAX>
        <SP>0</SP>
        <SFCF>1.3897182114392588</SFCF>
        <CFR>0.00016323049139509429</CFR>
        <CWH>0.10000000000589152</CWH>
        <CFGlacier>1</CFGlacier>
        <CFSlope>1</CFSlope>
        <FC>1008.8795561482269</FC>
        <LP>0.73232655534636637</LP>
        <BETA>2.2814523098392878</BETA>
      </SubCatchmentVegetationZoneParameters>
    </SubCatchmentVegetationZone>
  </SubCatchment>
</Catchment>