<?xml version="1.0" encoding="utf-8"?>
<Catchment xmlns:xsi="http://www.w3.org/2001/XMLSchema-instance" xmlns:xsd="http://www.w3.org/2001/XMLSchema">
  <CatchmentParameters>
    <KSI>0.001</KSI>
    <KGmin>0.05</KGmin>
    <RangeKG>0.1</RangeKG>
    <AG>0.1</AG>
    <PERC>8.4875775466887333</PERC>
    <Alpha>0</Alpha>
    <UZL>86.643338901203876</UZL>
    <K0>0.26444041517741407</K0>
    <K1>0.41216286578055333</K1>
    <K2>0.11474665362071032</K2>
    <MAXBAS>1.7814402984661868</MAXBAS>
    <Cet>0</Cet>
    <PCALT>10</PCALT>
    <TCALT>0.6</TCALT>
    <Pelev>2541</Pelev>
    <Telev>2541</Telev>
    <PART>0.5</PART>
    <DELAY>1</DELAY>
  </CatchmentParameters>
  <VegetationZone>
    <VegetationZoneParameters>
      <TT>-1.4181294295333926</TT>
      <CFMAX>1.031192943029442</CFMAX>
      <SP>0</SP>
      <SFCF>1.17744765328793</SFCF>
      <CFR>0.099999997911273425</CFR>
      <CWH>0.16204231641637937</CWH>
      <CFGlacier>1</CFGlacier>
      <CFSlope>1</CFSlope>
      <FC>494.13499375797221</FC>
      <LP>0.653244845157298</LP>
      <BETA>2.4901292009948524</BETA>
    </VegetationZoneParameters>
  </VegetationZone>
  <SubCatchment>
    <SubCatchmentParameters>
      <KSI>0.001</KSI>
      <KGmin>0.05</KGmin>
      <RangeKG>0.1</RangeKG>
      <AG>0.1</AG>
      <PERC>8.4875775466887333</PERC>
      <Alpha>0</Alpha>
      <UZL>86.643338901203876</UZL>
      <K0>0.26444041517741407</K0>
      <K1>0.41216286578055333</K1>
      <K2>0.11474665362071032</K2>
      <MAXBAS>1.7814402984661868</MAXBAS>
      <Cet>0</Cet>
      <PCALT>10</PCALT>
      <TCALT>0.6</TCALT>
      <Pelev>2541</Pelev>
      <Telev>2541</Telev>
      <PART>0.5</PART>
      <DELAY>1</DELAY>
    </SubCatchmentParameters>
    <SubCatchmentVegetationZone>
      <SubCatchmentVegetationZoneParameters>
        <TT>-1.4181294295333926</TT>
        <CFMAX>1.031192943029442</CFMAX>
        <SP>0</SP>
        <SFCF>1.17744765328793</SFCF>
        <CFR>0.099999997911273425</CFR>
        <CWH>0.16204231641637937</CWH>
        <CFGlacier>1</CFGlacier>
        <CFSlope>1</CFSlope>
        <FC>494.13499375797221</FC>
        <LP>0.653244845157298</LP>
        <BETA>2.4901292009948524</BETA>
      </SubCatchmentVegetationZoneParameters>
    </SubCatchmentVegetationZone>
  </SubCatchment>
</Catchment>