<?xml version="1.0" encoding="utf-8"?>
<Catchment xmlns:xsi="http://www.w3.org/2001/XMLSchema-instance" xmlns:xsd="http://www.w3.org/2001/XMLSchema">
  <CatchmentParameters>
    <KSI>0.001</KSI>
    <KGmin>0.05</KGmin>
    <RangeKG>0.1</RangeKG>
    <AG>0.1</AG>
    <PERC>9.58330462021183</PERC>
    <Alpha>0</Alpha>
    <UZL>54.848249501179552</UZL>
    <K0>0.5076710663715045</K0>
    <K1>0.36140137512484682</K1>
    <K2>0.093771589914242365</K2>
    <MAXBAS>2.4999995624770697</MAXBAS>
    <Cet>0</Cet>
    <PCALT>10</PCALT>
    <TCALT>0.6</TCALT>
    <Pelev>2541</Pelev>
    <Telev>2541</Telev>
    <PART>0.5</PART>
    <DELAY>1</DELAY>
  </CatchmentParameters>
  <VegetationZone>
    <VegetationZoneParameters>
      <TT>-0.097470126220315492</TT>
      <CFMAX>1.3754396797766075</CFMAX>
      <SP>0</SP>
      <SFCF>0.99793437574286081</SFCF>
      <CFR>3.036835561242499E-07</CFR>
      <CWH>0.10000014756826553</CWH>
      <CFGlacier>1</CFGlacier>
      <CFSlope>1</CFSlope>
      <FC>298.07245767732621</FC>
      <LP>0.3000000217346469</LP>
      <BETA>1.8413048030291739</BETA>
    </VegetationZoneParameters>
  </VegetationZone>
  <SubCatchment>
    <SubCatchmentParameters>
      <KSI>0.001</KSI>
      <KGmin>0.05</KGmin>
      <RangeKG>0.1</RangeKG>
      <AG>0.1</AG>
      <PERC>9.58330462021183</PERC>
      <Alpha>0</Alpha>
      <UZL>54.848249501179552</UZL>
      <K0>0.5076710663715045</K0>
      <K1>0.36140137512484682</K1>
      <K2>0.093771589914242365</K2>
      <MAXBAS>2.4999995624770697</MAXBAS>
      <Cet>0</Cet>
      <PCALT>10</PCALT>
      <TCALT>0.6</TCALT>
      <Pelev>2541</Pelev>
      <Telev>2541</Telev>
      <PART>0.5</PART>
      <DELAY>1</DELAY>
    </SubCatchmentParameters>
    <SubCatchmentVegetationZone>
      <SubCatchmentVegetationZoneParameters>
        <TT>-0.097470126220315492</TT>
        <CFMAX>1.3754396797766075</CFMAX>
        <SP>0</SP>
        <SFCF>0.99793437574286081</SFCF>
        <CFR>3.036835561242499E-07</CFR>
        <CWH>0.10000014756826553</CWH>
        <CFGlacier>1</CFGlacier>
        <CFSlope>1</CFSlope>
        <FC>298.07245767732621</FC>
        <LP>0.3000000217346469</LP>
        <BETA>1.8413048030291739</BETA>
      </SubCatchmentVegetationZoneParameters>
    </SubCatchmentVegetationZone>
  </SubCatchment>
</Catchment>