<?xml version="1.0" encoding="utf-8"?>
<Catchment xmlns:xsi="http://www.w3.org/2001/XMLSchema-instance" xmlns:xsd="http://www.w3.org/2001/XMLSchema">
  <CatchmentParameters>
    <KSI>0.001</KSI>
    <KGmin>0.05</KGmin>
    <RangeKG>0.1</RangeKG>
    <AG>0.1</AG>
    <PERC>9.999909239715981</PERC>
    <Alpha>0</Alpha>
    <UZL>125.84728819156294</UZL>
    <K0>0.16521803628846898</K0>
    <K1>0.49202910628791091</K1>
    <K2>0.10287941968262271</K2>
    <MAXBAS>2.4999584748968422</MAXBAS>
    <Cet>0</Cet>
    <PCALT>10</PCALT>
    <TCALT>0.6</TCALT>
    <Pelev>2541</Pelev>
    <Telev>2541</Telev>
    <PART>0.5</PART>
    <DELAY>1</DELAY>
  </CatchmentParameters>
  <VegetationZone>
    <VegetationZoneParameters>
      <TT>-0.93718246769052782</TT>
      <CFMAX>1.2021296660588567</CFMAX>
      <SP>0</SP>
      <SFCF>1.149977544402691</SFCF>
      <CFR>0.099999165089175182</CFR>
      <CWH>0.10288727604831115</CWH>
      <CFGlacier>1</CFGlacier>
      <CFSlope>1</CFSlope>
      <FC>380.31640085207505</FC>
      <LP>0.3000005117701014</LP>
      <BETA>1.872001980419888</BETA>
    </VegetationZoneParameters>
  </VegetationZone>
  <SubCatchment>
    <SubCatchmentParameters>
      <KSI>0.001</KSI>
      <KGmin>0.05</KGmin>
      <RangeKG>0.1</RangeKG>
      <AG>0.1</AG>
      <PERC>9.999909239715981</PERC>
      <Alpha>0</Alpha>
      <UZL>125.84728819156294</UZL>
      <K0>0.16521803628846898</K0>
      <K1>0.49202910628791091</K1>
      <K2>0.10287941968262271</K2>
      <MAXBAS>2.4999584748968422</MAXBAS>
      <Cet>0</Cet>
      <PCALT>10</PCALT>
      <TCALT>0.6</TCALT>
      <Pelev>2541</Pelev>
      <Telev>2541</Telev>
      <PART>0.5</PART>
      <DELAY>1</DELAY>
    </SubCatchmentParameters>
    <SubCatchmentVegetationZone>
      <SubCatchmentVegetationZoneParameters>
        <TT>-0.93718246769052782</TT>
        <CFMAX>1.2021296660588567</CFMAX>
        <SP>0</SP>
        <SFCF>1.149977544402691</SFCF>
        <CFR>0.099999165089175182</CFR>
        <CWH>0.10288727604831115</CWH>
        <CFGlacier>1</CFGlacier>
        <CFSlope>1</CFSlope>
        <FC>380.31640085207505</FC>
        <LP>0.3000005117701014</LP>
        <BETA>1.872001980419888</BETA>
      </SubCatchmentVegetationZoneParameters>
    </SubCatchmentVegetationZone>
  </SubCatchment>
</Catchment>