<?xml version="1.0" encoding="utf-8"?>
<Catchment xmlns:xsi="http://www.w3.org/2001/XMLSchema-instance" xmlns:xsd="http://www.w3.org/2001/XMLSchema">
  <CatchmentParameters>
    <KSI>0.001</KSI>
    <KGmin>0.05</KGmin>
    <RangeKG>0.1</RangeKG>
    <AG>0.1</AG>
    <PERC>9.9999970610102373</PERC>
    <Alpha>0</Alpha>
    <UZL>139.87100836060642</UZL>
    <K0>0.18385075655867286</K0>
    <K1>0.47936990105795724</K1>
    <K2>0.10281155758255785</K2>
    <MAXBAS>2.4999632244295849</MAXBAS>
    <Cet>0</Cet>
    <PCALT>10</PCALT>
    <TCALT>0.6</TCALT>
    <Pelev>2541</Pelev>
    <Telev>2541</Telev>
    <PART>0.5</PART>
    <DELAY>1</DELAY>
  </CatchmentParameters>
  <VegetationZone>
    <VegetationZoneParameters>
      <TT>-0.87127366042647458</TT>
      <CFMAX>1.3263727410144464</CFMAX>
      <SP>0</SP>
      <SFCF>1.2270849698487922</SFCF>
      <CFR>0.089790902657763516</CFR>
      <CWH>0.1000001801122401</CWH>
      <CFGlacier>1</CFGlacier>
      <CFSlope>1</CFSlope>
      <FC>463.6817358735168</FC>
      <LP>0.46284663455402897</LP>
      <BETA>1.7774120425339139</BETA>
    </VegetationZoneParameters>
  </VegetationZone>
  <SubCatchment>
    <SubCatchmentParameters>
      <KSI>0.001</KSI>
      <KGmin>0.05</KGmin>
      <RangeKG>0.1</RangeKG>
      <AG>0.1</AG>
      <PERC>9.9999970610102373</PERC>
      <Alpha>0</Alpha>
      <UZL>139.87100836060642</UZL>
      <K0>0.18385075655867286</K0>
      <K1>0.47936990105795724</K1>
      <K2>0.10281155758255785</K2>
      <MAXBAS>2.4999632244295849</MAXBAS>
      <Cet>0</Cet>
      <PCALT>10</PCALT>
      <TCALT>0.6</TCALT>
      <Pelev>2541</Pelev>
      <Telev>2541</Telev>
      <PART>0.5</PART>
      <DELAY>1</DELAY>
    </SubCatchmentParameters>
    <SubCatchmentVegetationZone>
      <SubCatchmentVegetationZoneParameters>
        <TT>-0.87127366042647458</TT>
        <CFMAX>1.3263727410144464</CFMAX>
        <SP>0</SP>
        <SFCF>1.2270849698487922</SFCF>
        <CFR>0.089790902657763516</CFR>
        <CWH>0.1000001801122401</CWH>
        <CFGlacier>1</CFGlacier>
        <CFSlope>1</CFSlope>
        <FC>463.6817358735168</FC>
        <LP>0.46284663455402897</LP>
        <BETA>1.7774120425339139</BETA>
      </SubCatchmentVegetationZoneParameters>
    </SubCatchmentVegetationZone>
  </SubCatchment>
</Catchment>