<?xml version="1.0" encoding="utf-8"?>
<Catchment xmlns:xsi="http://www.w3.org/2001/XMLSchema-instance" xmlns:xsd="http://www.w3.org/2001/XMLSchema">
  <CatchmentParameters>
    <KSI>0.001</KSI>
    <KGmin>0.05</KGmin>
    <RangeKG>0.1</RangeKG>
    <AG>0.1</AG>
    <PERC>0.90625197176360062</PERC>
    <Alpha>0</Alpha>
    <UZL>131.33452563914395</UZL>
    <K0>0.12566655419998535</K0>
    <K1>0.082050280346398163</K1>
    <K2>0.019344399248828831</K2>
    <MAXBAS>1</MAXBAS>
    <Cet>0</Cet>
    <PCALT>10</PCALT>
    <TCALT>0.6</TCALT>
    <Pelev>2541</Pelev>
    <Telev>2541</Telev>
    <PART>0.5</PART>
    <DELAY>1</DELAY>
  </CatchmentParameters>
  <VegetationZone>
    <VegetationZoneParameters>
      <TT>0.2000022374942747</TT>
      <CFMAX>2.1187740850302177</CFMAX>
      <SP>0</SP>
      <SFCF>1.1680886348140203</SFCF>
      <CFR>2.2251134787278589E-07</CFR>
      <CWH>0.10000003231159184</CWH>
      <CFGlacier>1</CFGlacier>
      <CFSlope>1</CFSlope>
      <FC>590.34502148446325</FC>
      <LP>0.81060476101674406</LP>
      <BETA>1.8206476582241653</BETA>
    </VegetationZoneParameters>
  </VegetationZone>
  <SubCatchment>
    <SubCatchmentParameters>
      <KSI>0.001</KSI>
      <KGmin>0.05</KGmin>
      <RangeKG>0.1</RangeKG>
      <AG>0.1</AG>
      <PERC>0.90625197176360062</PERC>
      <Alpha>0</Alpha>
      <UZL>131.33452563914395</UZL>
      <K0>0.12566655419998535</K0>
      <K1>0.082050280346398163</K1>
      <K2>0.019344399248828831</K2>
      <MAXBAS>1</MAXBAS>
      <Cet>0</Cet>
      <PCALT>10</PCALT>
      <TCALT>0.6</TCALT>
      <Pelev>2541</Pelev>
      <Telev>2541</Telev>
      <PART>0.5</PART>
      <DELAY>1</DELAY>
    </SubCatchmentParameters>
    <SubCatchmentVegetationZone>
      <SubCatchmentVegetationZoneParameters>
        <TT>0.2000022374942747</TT>
        <CFMAX>2.1187740850302177</CFMAX>
        <SP>0</SP>
        <SFCF>1.1680886348140203</SFCF>
        <CFR>2.2251134787278589E-07</CFR>
        <CWH>0.10000003231159184</CWH>
        <CFGlacier>1</CFGlacier>
        <CFSlope>1</CFSlope>
        <FC>590.34502148446325</FC>
        <LP>0.81060476101674406</LP>
        <BETA>1.8206476582241653</BETA>
      </SubCatchmentVegetationZoneParameters>
    </SubCatchmentVegetationZone>
  </SubCatchment>
</Catchment>