<?xml version="1.0" encoding="utf-8"?>
<Catchment xmlns:xsi="http://www.w3.org/2001/XMLSchema-instance" xmlns:xsd="http://www.w3.org/2001/XMLSchema">
  <CatchmentParameters>
    <KSI>0.001</KSI>
    <KGmin>0.05</KGmin>
    <RangeKG>0.1</RangeKG>
    <AG>0.1</AG>
    <PERC>1.0317135577278542</PERC>
    <Alpha>0</Alpha>
    <UZL>94.643548557795754</UZL>
    <K0>0.59259072836621074</K0>
    <K1>0.10763574329393918</K1>
    <K2>0.020192943513285981</K2>
    <MAXBAS>1</MAXBAS>
    <Cet>0</Cet>
    <PCALT>10</PCALT>
    <TCALT>0.6</TCALT>
    <Pelev>2541</Pelev>
    <Telev>2541</Telev>
    <PART>0.5</PART>
    <DELAY>1</DELAY>
  </CatchmentParameters>
  <VegetationZone>
    <VegetationZoneParameters>
      <TT>-0.44386477958299525</TT>
      <CFMAX>1.5038813033549523</CFMAX>
      <SP>0</SP>
      <SFCF>1.1317647122453407</SFCF>
      <CFR>1.1271396479145304E-06</CFR>
      <CWH>0.10000047664698573</CWH>
      <CFGlacier>1</CFGlacier>
      <CFSlope>1</CFSlope>
      <FC>524.75405913437885</FC>
      <LP>0.92918514074919911</LP>
      <BETA>2.3883076919253652</BETA>
    </VegetationZoneParameters>
  </VegetationZone>
  <SubCatchment>
    <SubCatchmentParameters>
      <KSI>0.001</KSI>
      <KGmin>0.05</KGmin>
      <RangeKG>0.1</RangeKG>
      <AG>0.1</AG>
      <PERC>1.0317135577278542</PERC>
      <Alpha>0</Alpha>
      <UZL>94.643548557795754</UZL>
      <K0>0.59259072836621074</K0>
      <K1>0.10763574329393918</K1>
      <K2>0.020192943513285981</K2>
      <MAXBAS>1</MAXBAS>
      <Cet>0</Cet>
      <PCALT>10</PCALT>
      <TCALT>0.6</TCALT>
      <Pelev>2541</Pelev>
      <Telev>2541</Telev>
      <PART>0.5</PART>
      <DELAY>1</DELAY>
    </SubCatchmentParameters>
    <SubCatchmentVegetationZone>
      <SubCatchmentVegetationZoneParameters>
        <TT>-0.44386477958299525</TT>
        <CFMAX>1.5038813033549523</CFMAX>
        <SP>0</SP>
        <SFCF>1.1317647122453407</SFCF>
        <CFR>1.1271396479145304E-06</CFR>
        <CWH>0.10000047664698573</CWH>
        <CFGlacier>1</CFGlacier>
        <CFSlope>1</CFSlope>
        <FC>524.75405913437885</FC>
        <LP>0.92918514074919911</LP>
        <BETA>2.3883076919253652</BETA>
      </SubCatchmentVegetationZoneParameters>
    </SubCatchmentVegetationZone>
  </SubCatchment>
</Catchment>