<?xml version="1.0" encoding="utf-8"?>
<Catchment xmlns:xsi="http://www.w3.org/2001/XMLSchema-instance" xmlns:xsd="http://www.w3.org/2001/XMLSchema">
  <CatchmentParameters>
    <KSI>0.001</KSI>
    <KGmin>0.05</KGmin>
    <RangeKG>0.1</RangeKG>
    <AG>0.1</AG>
    <PERC>0.82442840762493574</PERC>
    <Alpha>0</Alpha>
    <UZL>131.61337124672426</UZL>
    <K0>0.40619854539275591</K0>
    <K1>0.11041133392940918</K1>
    <K2>0.019013756237515195</K2>
    <MAXBAS>1</MAXBAS>
    <Cet>0</Cet>
    <PCALT>10</PCALT>
    <TCALT>0.6</TCALT>
    <Pelev>2541</Pelev>
    <Telev>2541</Telev>
    <PART>0.5</PART>
    <DELAY>1</DELAY>
  </CatchmentParameters>
  <VegetationZone>
    <VegetationZoneParameters>
      <TT>-0.936843431764685</TT>
      <CFMAX>1.5186631740868279</CFMAX>
      <SP>0</SP>
      <SFCF>1.3356469564845306</SFCF>
      <CFR>1.4196040677582228E-07</CFR>
      <CWH>0.10000093346013735</CWH>
      <CFGlacier>1</CFGlacier>
      <CFSlope>1</CFSlope>
      <FC>766.71314758271023</FC>
      <LP>0.73803218213453581</LP>
      <BETA>2.2642610986655183</BETA>
    </VegetationZoneParameters>
  </VegetationZone>
  <SubCatchment>
    <SubCatchmentParameters>
      <KSI>0.001</KSI>
      <KGmin>0.05</KGmin>
      <RangeKG>0.1</RangeKG>
      <AG>0.1</AG>
      <PERC>0.82442840762493574</PERC>
      <Alpha>0</Alpha>
      <UZL>131.61337124672426</UZL>
      <K0>0.40619854539275591</K0>
      <K1>0.11041133392940918</K1>
      <K2>0.019013756237515195</K2>
      <MAXBAS>1</MAXBAS>
      <Cet>0</Cet>
      <PCALT>10</PCALT>
      <TCALT>0.6</TCALT>
      <Pelev>2541</Pelev>
      <Telev>2541</Telev>
      <PART>0.5</PART>
      <DELAY>1</DELAY>
    </SubCatchmentParameters>
    <SubCatchmentVegetationZone>
      <SubCatchmentVegetationZoneParameters>
        <TT>-0.936843431764685</TT>
        <CFMAX>1.5186631740868279</CFMAX>
        <SP>0</SP>
        <SFCF>1.3356469564845306</SFCF>
        <CFR>1.4196040677582228E-07</CFR>
        <CWH>0.10000093346013735</CWH>
        <CFGlacier>1</CFGlacier>
        <CFSlope>1</CFSlope>
        <FC>766.71314758271023</FC>
        <LP>0.73803218213453581</LP>
        <BETA>2.2642610986655183</BETA>
      </SubCatchmentVegetationZoneParameters>
    </SubCatchmentVegetationZone>
  </SubCatchment>
</Catchment>