<?xml version="1.0" encoding="utf-8"?>
<Catchment xmlns:xsi="http://www.w3.org/2001/XMLSchema-instance" xmlns:xsd="http://www.w3.org/2001/XMLSchema">
  <CatchmentParameters>
    <KSI>0.001</KSI>
    <KGmin>0.05</KGmin>
    <RangeKG>0.1</RangeKG>
    <AG>0.1</AG>
    <PERC>7.13388165906966</PERC>
    <Alpha>0</Alpha>
    <UZL>83.625957606922228</UZL>
    <K0>0.59142733509191436</K0>
    <K1>0.25384720283017354</K1>
    <K2>0.096782182598836516</K2>
    <MAXBAS>1.6302195967926487</MAXBAS>
    <Cet>0</Cet>
    <PCALT>10</PCALT>
    <TCALT>0.6</TCALT>
    <Pelev>2541</Pelev>
    <Telev>2541</Telev>
    <PART>0.5</PART>
    <DELAY>1</DELAY>
  </CatchmentParameters>
  <VegetationZone>
    <VegetationZoneParameters>
      <TT>-1.4761537581324233</TT>
      <CFMAX>1.1448280308199559</CFMAX>
      <SP>0</SP>
      <SFCF>1.3116818205253009</SFCF>
      <CFR>0.099999955337078061</CFR>
      <CWH>0.10000008016760649</CWH>
      <CFGlacier>1</CFGlacier>
      <CFSlope>1</CFSlope>
      <FC>613.15474736090857</FC>
      <LP>0.64153308975889267</LP>
      <BETA>2.2341168230919268</BETA>
    </VegetationZoneParameters>
  </VegetationZone>
  <SubCatchment>
    <SubCatchmentParameters>
      <KSI>0.001</KSI>
      <KGmin>0.05</KGmin>
      <RangeKG>0.1</RangeKG>
      <AG>0.1</AG>
      <PERC>7.13388165906966</PERC>
      <Alpha>0</Alpha>
      <UZL>83.625957606922228</UZL>
      <K0>0.59142733509191436</K0>
      <K1>0.25384720283017354</K1>
      <K2>0.096782182598836516</K2>
      <MAXBAS>1.6302195967926487</MAXBAS>
      <Cet>0</Cet>
      <PCALT>10</PCALT>
      <TCALT>0.6</TCALT>
      <Pelev>2541</Pelev>
      <Telev>2541</Telev>
      <PART>0.5</PART>
      <DELAY>1</DELAY>
    </SubCatchmentParameters>
    <SubCatchmentVegetationZone>
      <SubCatchmentVegetationZoneParameters>
        <TT>-1.4761537581324233</TT>
        <CFMAX>1.1448280308199559</CFMAX>
        <SP>0</SP>
        <SFCF>1.3116818205253009</SFCF>
        <CFR>0.099999955337078061</CFR>
        <CWH>0.10000008016760649</CWH>
        <CFGlacier>1</CFGlacier>
        <CFSlope>1</CFSlope>
        <FC>613.15474736090857</FC>
        <LP>0.64153308975889267</LP>
        <BETA>2.2341168230919268</BETA>
      </SubCatchmentVegetationZoneParameters>
    </SubCatchmentVegetationZone>
  </SubCatchment>
</Catchment>