<?xml version="1.0" encoding="utf-8"?>
<Catchment xmlns:xsi="http://www.w3.org/2001/XMLSchema-instance" xmlns:xsd="http://www.w3.org/2001/XMLSchema">
  <CatchmentParameters>
    <KSI>0.001</KSI>
    <KGmin>0.05</KGmin>
    <RangeKG>0.1</RangeKG>
    <AG>0.1</AG>
    <PERC>8.5854224721508174</PERC>
    <Alpha>0</Alpha>
    <UZL>150.38020564248947</UZL>
    <K0>0.51664958749934509</K0>
    <K1>0.37766380027747715</K1>
    <K2>0.097347525896743115</K2>
    <MAXBAS>2.499998268469855</MAXBAS>
    <Cet>0</Cet>
    <PCALT>10</PCALT>
    <TCALT>0.6</TCALT>
    <Pelev>2541</Pelev>
    <Telev>2541</Telev>
    <PART>0.5</PART>
    <DELAY>1</DELAY>
  </CatchmentParameters>
  <VegetationZone>
    <VegetationZoneParameters>
      <TT>-0.2944218897719611</TT>
      <CFMAX>1.2776955014421367</CFMAX>
      <SP>0</SP>
      <SFCF>1.0136342280394002</SFCF>
      <CFR>5.8353822516196442E-07</CFR>
      <CWH>0.10000038849050544</CWH>
      <CFGlacier>1</CFGlacier>
      <CFSlope>1</CFSlope>
      <FC>348.33986749221185</FC>
      <LP>0.51913548872887327</LP>
      <BETA>2.0664466790984148</BETA>
    </VegetationZoneParameters>
  </VegetationZone>
  <SubCatchment>
    <SubCatchmentParameters>
      <KSI>0.001</KSI>
      <KGmin>0.05</KGmin>
      <RangeKG>0.1</RangeKG>
      <AG>0.1</AG>
      <PERC>8.5854224721508174</PERC>
      <Alpha>0</Alpha>
      <UZL>150.38020564248947</UZL>
      <K0>0.51664958749934509</K0>
      <K1>0.37766380027747715</K1>
      <K2>0.097347525896743115</K2>
      <MAXBAS>2.499998268469855</MAXBAS>
      <Cet>0</Cet>
      <PCALT>10</PCALT>
      <TCALT>0.6</TCALT>
      <Pelev>2541</Pelev>
      <Telev>2541</Telev>
      <PART>0.5</PART>
      <DELAY>1</DELAY>
    </SubCatchmentParameters>
    <SubCatchmentVegetationZone>
      <SubCatchmentVegetationZoneParameters>
        <TT>-0.2944218897719611</TT>
        <CFMAX>1.2776955014421367</CFMAX>
        <SP>0</SP>
        <SFCF>1.0136342280394002</SFCF>
        <CFR>5.8353822516196442E-07</CFR>
        <CWH>0.10000038849050544</CWH>
        <CFGlacier>1</CFGlacier>
        <CFSlope>1</CFSlope>
        <FC>348.33986749221185</FC>
        <LP>0.51913548872887327</LP>
        <BETA>2.0664466790984148</BETA>
      </SubCatchmentVegetationZoneParameters>
    </SubCatchmentVegetationZone>
  </SubCatchment>
</Catchment>