<?xml version="1.0" encoding="utf-8"?>
<Catchment xmlns:xsi="http://www.w3.org/2001/XMLSchema-instance" xmlns:xsd="http://www.w3.org/2001/XMLSchema">
  <CatchmentParameters>
    <KSI>0.001</KSI>
    <KGmin>0.05</KGmin>
    <RangeKG>0.1</RangeKG>
    <AG>0.1</AG>
    <PERC>9.9996669783709464</PERC>
    <Alpha>0</Alpha>
    <UZL>125.31798461891214</UZL>
    <K0>0.41180703890466697</K0>
    <K1>0.45599602401078587</K1>
    <K2>0.10847248760627368</K2>
    <MAXBAS>1.9210840017680742</MAXBAS>
    <Cet>0</Cet>
    <PCALT>10</PCALT>
    <TCALT>0.6</TCALT>
    <Pelev>2541</Pelev>
    <Telev>2541</Telev>
    <PART>0.5</PART>
    <DELAY>1</DELAY>
  </CatchmentParameters>
  <VegetationZone>
    <VegetationZoneParameters>
      <TT>-1.476156532078321</TT>
      <CFMAX>1.1329296373548721</CFMAX>
      <SP>0</SP>
      <SFCF>1.261332343286758</SFCF>
      <CFR>0.099984810820679809</CFR>
      <CWH>0.12482883778222251</CWH>
      <CFGlacier>1</CFGlacier>
      <CFSlope>1</CFSlope>
      <FC>476.51458651402027</FC>
      <LP>0.41171792804557678</LP>
      <BETA>1.9220133861589264</BETA>
    </VegetationZoneParameters>
  </VegetationZone>
  <SubCatchment>
    <SubCatchmentParameters>
      <KSI>0.001</KSI>
      <KGmin>0.05</KGmin>
      <RangeKG>0.1</RangeKG>
      <AG>0.1</AG>
      <PERC>9.9996669783709464</PERC>
      <Alpha>0</Alpha>
      <UZL>125.31798461891214</UZL>
      <K0>0.41180703890466697</K0>
      <K1>0.45599602401078587</K1>
      <K2>0.10847248760627368</K2>
      <MAXBAS>1.9210840017680742</MAXBAS>
      <Cet>0</Cet>
      <PCALT>10</PCALT>
      <TCALT>0.6</TCALT>
      <Pelev>2541</Pelev>
      <Telev>2541</Telev>
      <PART>0.5</PART>
      <DELAY>1</DELAY>
    </SubCatchmentParameters>
    <SubCatchmentVegetationZone>
      <SubCatchmentVegetationZoneParameters>
        <TT>-1.476156532078321</TT>
        <CFMAX>1.1329296373548721</CFMAX>
        <SP>0</SP>
        <SFCF>1.261332343286758</SFCF>
        <CFR>0.099984810820679809</CFR>
        <CWH>0.12482883778222251</CWH>
        <CFGlacier>1</CFGlacier>
        <CFSlope>1</CFSlope>
        <FC>476.51458651402027</FC>
        <LP>0.41171792804557678</LP>
        <BETA>1.9220133861589264</BETA>
      </SubCatchmentVegetationZoneParameters>
    </SubCatchmentVegetationZone>
  </SubCatchment>
</Catchment>