<?xml version="1.0" encoding="utf-8"?>
<Catchment xmlns:xsi="http://www.w3.org/2001/XMLSchema-instance" xmlns:xsd="http://www.w3.org/2001/XMLSchema">
  <CatchmentParameters>
    <KSI>0.001</KSI>
    <KGmin>0.05</KGmin>
    <RangeKG>0.1</RangeKG>
    <AG>0.1</AG>
    <PERC>4.1445204639252635</PERC>
    <Alpha>0</Alpha>
    <UZL>169.8205343927882</UZL>
    <K0>0.5393351153597794</K0>
    <K1>0.20424776214869297</K1>
    <K2>0.081578056394503</K2>
    <MAXBAS>1.8879188060277024</MAXBAS>
    <Cet>0</Cet>
    <PCALT>10</PCALT>
    <TCALT>0.6</TCALT>
    <Pelev>2541</Pelev>
    <Telev>2541</Telev>
    <PART>0.5</PART>
    <DELAY>1</DELAY>
  </CatchmentParameters>
  <VegetationZone>
    <VegetationZoneParameters>
      <TT>-0.51200547565486565</TT>
      <CFMAX>1.2435093229797494</CFMAX>
      <SP>0</SP>
      <SFCF>1.0545294832200487</SFCF>
      <CFR>0.099998326657132541</CFR>
      <CWH>0.10000007800599078</CWH>
      <CFGlacier>1</CFGlacier>
      <CFSlope>1</CFSlope>
      <FC>348.91217543957629</FC>
      <LP>0.30005319035786243</LP>
      <BETA>1.8369754449970575</BETA>
    </VegetationZoneParameters>
  </VegetationZone>
  <SubCatchment>
    <SubCatchmentParameters>
      <KSI>0.001</KSI>
      <KGmin>0.05</KGmin>
      <RangeKG>0.1</RangeKG>
      <AG>0.1</AG>
      <PERC>4.1445204639252635</PERC>
      <Alpha>0</Alpha>
      <UZL>169.8205343927882</UZL>
      <K0>0.5393351153597794</K0>
      <K1>0.20424776214869297</K1>
      <K2>0.081578056394503</K2>
      <MAXBAS>1.8879188060277024</MAXBAS>
      <Cet>0</Cet>
      <PCALT>10</PCALT>
      <TCALT>0.6</TCALT>
      <Pelev>2541</Pelev>
      <Telev>2541</Telev>
      <PART>0.5</PART>
      <DELAY>1</DELAY>
    </SubCatchmentParameters>
    <SubCatchmentVegetationZone>
      <SubCatchmentVegetationZoneParameters>
        <TT>-0.51200547565486565</TT>
        <CFMAX>1.2435093229797494</CFMAX>
        <SP>0</SP>
        <SFCF>1.0545294832200487</SFCF>
        <CFR>0.099998326657132541</CFR>
        <CWH>0.10000007800599078</CWH>
        <CFGlacier>1</CFGlacier>
        <CFSlope>1</CFSlope>
        <FC>348.91217543957629</FC>
        <LP>0.30005319035786243</LP>
        <BETA>1.8369754449970575</BETA>
      </SubCatchmentVegetationZoneParameters>
    </SubCatchmentVegetationZone>
  </SubCatchment>
</Catchment>