<?xml version="1.0" encoding="utf-8"?>
<Catchment xmlns:xsi="http://www.w3.org/2001/XMLSchema-instance" xmlns:xsd="http://www.w3.org/2001/XMLSchema">
  <CatchmentParameters>
    <KSI>0.001</KSI>
    <KGmin>0.05</KGmin>
    <RangeKG>0.1</RangeKG>
    <AG>0.1</AG>
    <PERC>1.5005387873719871</PERC>
    <Alpha>0</Alpha>
    <UZL>99.664145415364729</UZL>
    <K0>0.30187875747665754</K0>
    <K1>0.1089541305750778</K1>
    <K2>0.023981287588746753</K2>
    <MAXBAS>1</MAXBAS>
    <Cet>0</Cet>
    <PCALT>10</PCALT>
    <TCALT>0.6</TCALT>
    <Pelev>2541</Pelev>
    <Telev>2541</Telev>
    <PART>0.5</PART>
    <DELAY>1</DELAY>
  </CatchmentParameters>
  <VegetationZone>
    <VegetationZoneParameters>
      <TT>-0.2977291755093146</TT>
      <CFMAX>1.9400100942256879</CFMAX>
      <SP>0</SP>
      <SFCF>1.2875952137553028</SFCF>
      <CFR>1.2701215643614069E-08</CFR>
      <CWH>0.10000003690136453</CWH>
      <CFGlacier>1</CFGlacier>
      <CFSlope>1</CFSlope>
      <FC>844.813305253566</FC>
      <LP>0.84558414375047586</LP>
      <BETA>2.3508940166805838</BETA>
    </VegetationZoneParameters>
  </VegetationZone>
  <SubCatchment>
    <SubCatchmentParameters>
      <KSI>0.001</KSI>
      <KGmin>0.05</KGmin>
      <RangeKG>0.1</RangeKG>
      <AG>0.1</AG>
      <PERC>1.5005387873719871</PERC>
      <Alpha>0</Alpha>
      <UZL>99.664145415364729</UZL>
      <K0>0.30187875747665754</K0>
      <K1>0.1089541305750778</K1>
      <K2>0.023981287588746753</K2>
      <MAXBAS>1</MAXBAS>
      <Cet>0</Cet>
      <PCALT>10</PCALT>
      <TCALT>0.6</TCALT>
      <Pelev>2541</Pelev>
      <Telev>2541</Telev>
      <PART>0.5</PART>
      <DELAY>1</DELAY>
    </SubCatchmentParameters>
    <SubCatchmentVegetationZone>
      <SubCatchmentVegetationZoneParameters>
        <TT>-0.2977291755093146</TT>
        <CFMAX>1.9400100942256879</CFMAX>
        <SP>0</SP>
        <SFCF>1.2875952137553028</SFCF>
        <CFR>1.2701215643614069E-08</CFR>
        <CWH>0.10000003690136453</CWH>
        <CFGlacier>1</CFGlacier>
        <CFSlope>1</CFSlope>
        <FC>844.813305253566</FC>
        <LP>0.84558414375047586</LP>
        <BETA>2.3508940166805838</BETA>
      </SubCatchmentVegetationZoneParameters>
    </SubCatchmentVegetationZone>
  </SubCatchment>
</Catchment>