<?xml version="1.0" encoding="utf-8"?>
<Catchment xmlns:xsi="http://www.w3.org/2001/XMLSchema-instance" xmlns:xsd="http://www.w3.org/2001/XMLSchema">
  <CatchmentParameters>
    <KSI>0.001</KSI>
    <KGmin>0.05</KGmin>
    <RangeKG>0.1</RangeKG>
    <AG>0.1</AG>
    <PERC>0.83945404956026193</PERC>
    <Alpha>0</Alpha>
    <UZL>133.28930742359381</UZL>
    <K0>0.0741451364505007</K0>
    <K1>0.079351569422270021</K1>
    <K2>0.019261430754501385</K2>
    <MAXBAS>1</MAXBAS>
    <Cet>0</Cet>
    <PCALT>10</PCALT>
    <TCALT>0.6</TCALT>
    <Pelev>2541</Pelev>
    <Telev>2541</Telev>
    <PART>0.5</PART>
    <DELAY>1</DELAY>
  </CatchmentParameters>
  <VegetationZone>
    <VegetationZoneParameters>
      <TT>0.16424755567955143</TT>
      <CFMAX>2.2404278761571614</CFMAX>
      <SP>0</SP>
      <SFCF>1.2198999989967083</SFCF>
      <CFR>4.0270430605414889E-07</CFR>
      <CWH>0.10000011350114599</CWH>
      <CFGlacier>1</CFGlacier>
      <CFSlope>1</CFSlope>
      <FC>732.59112383008528</FC>
      <LP>0.85734172718878743</LP>
      <BETA>2.1064526165822155</BETA>
    </VegetationZoneParameters>
  </VegetationZone>
  <SubCatchment>
    <SubCatchmentParameters>
      <KSI>0.001</KSI>
      <KGmin>0.05</KGmin>
      <RangeKG>0.1</RangeKG>
      <AG>0.1</AG>
      <PERC>0.83945404956026193</PERC>
      <Alpha>0</Alpha>
      <UZL>133.28930742359381</UZL>
      <K0>0.0741451364505007</K0>
      <K1>0.079351569422270021</K1>
      <K2>0.019261430754501385</K2>
      <MAXBAS>1</MAXBAS>
      <Cet>0</Cet>
      <PCALT>10</PCALT>
      <TCALT>0.6</TCALT>
      <Pelev>2541</Pelev>
      <Telev>2541</Telev>
      <PART>0.5</PART>
      <DELAY>1</DELAY>
    </SubCatchmentParameters>
    <SubCatchmentVegetationZone>
      <SubCatchmentVegetationZoneParameters>
        <TT>0.16424755567955143</TT>
        <CFMAX>2.2404278761571614</CFMAX>
        <SP>0</SP>
        <SFCF>1.2198999989967083</SFCF>
        <CFR>4.0270430605414889E-07</CFR>
        <CWH>0.10000011350114599</CWH>
        <CFGlacier>1</CFGlacier>
        <CFSlope>1</CFSlope>
        <FC>732.59112383008528</FC>
        <LP>0.85734172718878743</LP>
        <BETA>2.1064526165822155</BETA>
      </SubCatchmentVegetationZoneParameters>
    </SubCatchmentVegetationZone>
  </SubCatchment>
</Catchment>