<?xml version="1.0" encoding="utf-8"?>
<Catchment xmlns:xsi="http://www.w3.org/2001/XMLSchema-instance" xmlns:xsd="http://www.w3.org/2001/XMLSchema">
  <CatchmentParameters>
    <KSI>0.001</KSI>
    <KGmin>0.05</KGmin>
    <RangeKG>0.1</RangeKG>
    <AG>0.1</AG>
    <PERC>9.9996342498919741</PERC>
    <Alpha>0</Alpha>
    <UZL>51.591105312358295</UZL>
    <K0>0.836728629414102</K0>
    <K1>0.4404274367765364</K1>
    <K2>0.10353131744177051</K2>
    <MAXBAS>2.0584277258615176</MAXBAS>
    <Cet>0</Cet>
    <PCALT>10</PCALT>
    <TCALT>0.6</TCALT>
    <Pelev>2541</Pelev>
    <Telev>2541</Telev>
    <PART>0.5</PART>
    <DELAY>1</DELAY>
  </CatchmentParameters>
  <VegetationZone>
    <VegetationZoneParameters>
      <TT>-0.871282651620059</TT>
      <CFMAX>1.1450179253047508</CFMAX>
      <SP>0</SP>
      <SFCF>1.0803290966360473</SFCF>
      <CFR>0.09999872411170127</CFR>
      <CWH>0.147586437716849</CWH>
      <CFGlacier>1</CFGlacier>
      <CFSlope>1</CFSlope>
      <FC>342.43261092958755</FC>
      <LP>0.30000610752027362</LP>
      <BETA>2.0403840509491151</BETA>
    </VegetationZoneParameters>
  </VegetationZone>
  <SubCatchment>
    <SubCatchmentParameters>
      <KSI>0.001</KSI>
      <KGmin>0.05</KGmin>
      <RangeKG>0.1</RangeKG>
      <AG>0.1</AG>
      <PERC>9.9996342498919741</PERC>
      <Alpha>0</Alpha>
      <UZL>51.591105312358295</UZL>
      <K0>0.836728629414102</K0>
      <K1>0.4404274367765364</K1>
      <K2>0.10353131744177051</K2>
      <MAXBAS>2.0584277258615176</MAXBAS>
      <Cet>0</Cet>
      <PCALT>10</PCALT>
      <TCALT>0.6</TCALT>
      <Pelev>2541</Pelev>
      <Telev>2541</Telev>
      <PART>0.5</PART>
      <DELAY>1</DELAY>
    </SubCatchmentParameters>
    <SubCatchmentVegetationZone>
      <SubCatchmentVegetationZoneParameters>
        <TT>-0.871282651620059</TT>
        <CFMAX>1.1450179253047508</CFMAX>
        <SP>0</SP>
        <SFCF>1.0803290966360473</SFCF>
        <CFR>0.09999872411170127</CFR>
        <CWH>0.147586437716849</CWH>
        <CFGlacier>1</CFGlacier>
        <CFSlope>1</CFSlope>
        <FC>342.43261092958755</FC>
        <LP>0.30000610752027362</LP>
        <BETA>2.0403840509491151</BETA>
      </SubCatchmentVegetationZoneParameters>
    </SubCatchmentVegetationZone>
  </SubCatchment>
</Catchment>