<?xml version="1.0" encoding="utf-8"?>
<Catchment xmlns:xsi="http://www.w3.org/2001/XMLSchema-instance" xmlns:xsd="http://www.w3.org/2001/XMLSchema">
  <CatchmentParameters>
    <KSI>0.001</KSI>
    <KGmin>0.05</KGmin>
    <RangeKG>0.1</RangeKG>
    <AG>0.1</AG>
    <PERC>9.9999106927084238</PERC>
    <Alpha>0</Alpha>
    <UZL>110.8648471193206</UZL>
    <K0>0.51894017651676927</K0>
    <K1>0.46427051275600068</K1>
    <K2>0.10133593104931098</K2>
    <MAXBAS>2.4999732495338218</MAXBAS>
    <Cet>0</Cet>
    <PCALT>10</PCALT>
    <TCALT>0.6</TCALT>
    <Pelev>2541</Pelev>
    <Telev>2541</Telev>
    <PART>0.5</PART>
    <DELAY>1</DELAY>
  </CatchmentParameters>
  <VegetationZone>
    <VegetationZoneParameters>
      <TT>-0.871286736172179</TT>
      <CFMAX>1.2990518950836838</CFMAX>
      <SP>0</SP>
      <SFCF>1.2188069044136041</SFCF>
      <CFR>0.099973565417753624</CFR>
      <CWH>0.10000042122470688</CWH>
      <CFGlacier>1</CFGlacier>
      <CFSlope>1</CFSlope>
      <FC>404.42717115760695</FC>
      <LP>0.30002515612958774</LP>
      <BETA>1.6732399805839429</BETA>
    </VegetationZoneParameters>
  </VegetationZone>
  <SubCatchment>
    <SubCatchmentParameters>
      <KSI>0.001</KSI>
      <KGmin>0.05</KGmin>
      <RangeKG>0.1</RangeKG>
      <AG>0.1</AG>
      <PERC>9.9999106927084238</PERC>
      <Alpha>0</Alpha>
      <UZL>110.8648471193206</UZL>
      <K0>0.51894017651676927</K0>
      <K1>0.46427051275600068</K1>
      <K2>0.10133593104931098</K2>
      <MAXBAS>2.4999732495338218</MAXBAS>
      <Cet>0</Cet>
      <PCALT>10</PCALT>
      <TCALT>0.6</TCALT>
      <Pelev>2541</Pelev>
      <Telev>2541</Telev>
      <PART>0.5</PART>
      <DELAY>1</DELAY>
    </SubCatchmentParameters>
    <SubCatchmentVegetationZone>
      <SubCatchmentVegetationZoneParameters>
        <TT>-0.871286736172179</TT>
        <CFMAX>1.2990518950836838</CFMAX>
        <SP>0</SP>
        <SFCF>1.2188069044136041</SFCF>
        <CFR>0.099973565417753624</CFR>
        <CWH>0.10000042122470688</CWH>
        <CFGlacier>1</CFGlacier>
        <CFSlope>1</CFSlope>
        <FC>404.42717115760695</FC>
        <LP>0.30002515612958774</LP>
        <BETA>1.6732399805839429</BETA>
      </SubCatchmentVegetationZoneParameters>
    </SubCatchmentVegetationZone>
  </SubCatchment>
</Catchment>