<?xml version="1.0" encoding="utf-8"?>
<Catchment xmlns:xsi="http://www.w3.org/2001/XMLSchema-instance" xmlns:xsd="http://www.w3.org/2001/XMLSchema">
  <CatchmentParameters>
    <KSI>0.001</KSI>
    <KGmin>0.05</KGmin>
    <RangeKG>0.1</RangeKG>
    <AG>0.1</AG>
    <PERC>7.0807221431638006</PERC>
    <Alpha>0</Alpha>
    <UZL>27.038614714862355</UZL>
    <K0>0.98999794544447817</K0>
    <K1>0.2261612191273886</K1>
    <K2>0.091048261840444816</K2>
    <MAXBAS>2.4400299471897178</MAXBAS>
    <Cet>0</Cet>
    <PCALT>10</PCALT>
    <TCALT>0.6</TCALT>
    <Pelev>2541</Pelev>
    <Telev>2541</Telev>
    <PART>0.5</PART>
    <DELAY>1</DELAY>
  </CatchmentParameters>
  <VegetationZone>
    <VegetationZoneParameters>
      <TT>-0.26528117274434371</TT>
      <CFMAX>1.2677370132473462</CFMAX>
      <SP>0</SP>
      <SFCF>0.97312768266566441</SFCF>
      <CFR>6.5574096009407556E-06</CFR>
      <CWH>0.10000014481968594</CWH>
      <CFGlacier>1</CFGlacier>
      <CFSlope>1</CFSlope>
      <FC>313.96215961820604</FC>
      <LP>0.47850567358217133</LP>
      <BETA>2.277316214653061</BETA>
    </VegetationZoneParameters>
  </VegetationZone>
  <SubCatchment>
    <SubCatchmentParameters>
      <KSI>0.001</KSI>
      <KGmin>0.05</KGmin>
      <RangeKG>0.1</RangeKG>
      <AG>0.1</AG>
      <PERC>7.0807221431638006</PERC>
      <Alpha>0</Alpha>
      <UZL>27.038614714862355</UZL>
      <K0>0.98999794544447817</K0>
      <K1>0.2261612191273886</K1>
      <K2>0.091048261840444816</K2>
      <MAXBAS>2.4400299471897178</MAXBAS>
      <Cet>0</Cet>
      <PCALT>10</PCALT>
      <TCALT>0.6</TCALT>
      <Pelev>2541</Pelev>
      <Telev>2541</Telev>
      <PART>0.5</PART>
      <DELAY>1</DELAY>
    </SubCatchmentParameters>
    <SubCatchmentVegetationZone>
      <SubCatchmentVegetationZoneParameters>
        <TT>-0.26528117274434371</TT>
        <CFMAX>1.2677370132473462</CFMAX>
        <SP>0</SP>
        <SFCF>0.97312768266566441</SFCF>
        <CFR>6.5574096009407556E-06</CFR>
        <CWH>0.10000014481968594</CWH>
        <CFGlacier>1</CFGlacier>
        <CFSlope>1</CFSlope>
        <FC>313.96215961820604</FC>
        <LP>0.47850567358217133</LP>
        <BETA>2.277316214653061</BETA>
      </SubCatchmentVegetationZoneParameters>
    </SubCatchmentVegetationZone>
  </SubCatchment>
</Catchment>