<?xml version="1.0" encoding="utf-8"?>
<Catchment xmlns:xsi="http://www.w3.org/2001/XMLSchema-instance" xmlns:xsd="http://www.w3.org/2001/XMLSchema">
  <CatchmentParameters>
    <KSI>0.001</KSI>
    <KGmin>0.05</KGmin>
    <RangeKG>0.1</RangeKG>
    <AG>0.1</AG>
    <PERC>8.9520254031685784</PERC>
    <Alpha>0</Alpha>
    <UZL>119.80294583682755</UZL>
    <K0>0.11467097819108189</K0>
    <K1>0.43035712706480306</K1>
    <K2>0.1202211353779338</K2>
    <MAXBAS>1.8093979654480596</MAXBAS>
    <Cet>0</Cet>
    <PCALT>10</PCALT>
    <TCALT>0.6</TCALT>
    <Pelev>2541</Pelev>
    <Telev>2541</Telev>
    <PART>0.5</PART>
    <DELAY>1</DELAY>
  </CatchmentParameters>
  <VegetationZone>
    <VegetationZoneParameters>
      <TT>-1.4046210618338515</TT>
      <CFMAX>1.0365002936600309</CFMAX>
      <SP>0</SP>
      <SFCF>1.1769980317048989</SFCF>
      <CFR>0.099684003043858146</CFR>
      <CWH>0.15483108630769363</CWH>
      <CFGlacier>1</CFGlacier>
      <CFSlope>1</CFSlope>
      <FC>490.95141023768997</FC>
      <LP>0.63293864355716356</LP>
      <BETA>2.473604062278703</BETA>
    </VegetationZoneParameters>
  </VegetationZone>
  <SubCatchment>
    <SubCatchmentParameters>
      <KSI>0.001</KSI>
      <KGmin>0.05</KGmin>
      <RangeKG>0.1</RangeKG>
      <AG>0.1</AG>
      <PERC>8.9520254031685784</PERC>
      <Alpha>0</Alpha>
      <UZL>119.80294583682755</UZL>
      <K0>0.11467097819108189</K0>
      <K1>0.43035712706480306</K1>
      <K2>0.1202211353779338</K2>
      <MAXBAS>1.8093979654480596</MAXBAS>
      <Cet>0</Cet>
      <PCALT>10</PCALT>
      <TCALT>0.6</TCALT>
      <Pelev>2541</Pelev>
      <Telev>2541</Telev>
      <PART>0.5</PART>
      <DELAY>1</DELAY>
    </SubCatchmentParameters>
    <SubCatchmentVegetationZone>
      <SubCatchmentVegetationZoneParameters>
        <TT>-1.4046210618338515</TT>
        <CFMAX>1.0365002936600309</CFMAX>
        <SP>0</SP>
        <SFCF>1.1769980317048989</SFCF>
        <CFR>0.099684003043858146</CFR>
        <CWH>0.15483108630769363</CWH>
        <CFGlacier>1</CFGlacier>
        <CFSlope>1</CFSlope>
        <FC>490.95141023768997</FC>
        <LP>0.63293864355716356</LP>
        <BETA>2.473604062278703</BETA>
      </SubCatchmentVegetationZoneParameters>
    </SubCatchmentVegetationZone>
  </SubCatchment>
</Catchment>