<?xml version="1.0" encoding="utf-8"?>
<Catchment xmlns:xsi="http://www.w3.org/2001/XMLSchema-instance" xmlns:xsd="http://www.w3.org/2001/XMLSchema">
  <CatchmentParameters>
    <KSI>0.001</KSI>
    <KGmin>0.05</KGmin>
    <RangeKG>0.1</RangeKG>
    <AG>0.1</AG>
    <PERC>0.70212204740189765</PERC>
    <Alpha>0</Alpha>
    <UZL>135.33500101003</UZL>
    <K0>0.46807310364103538</K0>
    <K1>0.10771496961626374</K1>
    <K2>0.017945986308947115</K2>
    <MAXBAS>1</MAXBAS>
    <Cet>0</Cet>
    <PCALT>10</PCALT>
    <TCALT>0.6</TCALT>
    <Pelev>2541</Pelev>
    <Telev>2541</Telev>
    <PART>0.5</PART>
    <DELAY>1</DELAY>
  </CatchmentParameters>
  <VegetationZone>
    <VegetationZoneParameters>
      <TT>-1.4963091641021868</TT>
      <CFMAX>1.4546000654039892</CFMAX>
      <SP>0</SP>
      <SFCF>1.4440378084051753</SFCF>
      <CFR>0.07206803383320555</CFR>
      <CWH>0.10000002742193556</CWH>
      <CFGlacier>1</CFGlacier>
      <CFSlope>1</CFSlope>
      <FC>1054.0204636144895</FC>
      <LP>0.8389988002506471</LP>
      <BETA>3.2753365060549648</BETA>
    </VegetationZoneParameters>
  </VegetationZone>
  <SubCatchment>
    <SubCatchmentParameters>
      <KSI>0.001</KSI>
      <KGmin>0.05</KGmin>
      <RangeKG>0.1</RangeKG>
      <AG>0.1</AG>
      <PERC>0.70212204740189765</PERC>
      <Alpha>0</Alpha>
      <UZL>135.33500101003</UZL>
      <K0>0.46807310364103538</K0>
      <K1>0.10771496961626374</K1>
      <K2>0.017945986308947115</K2>
      <MAXBAS>1</MAXBAS>
      <Cet>0</Cet>
      <PCALT>10</PCALT>
      <TCALT>0.6</TCALT>
      <Pelev>2541</Pelev>
      <Telev>2541</Telev>
      <PART>0.5</PART>
      <DELAY>1</DELAY>
    </SubCatchmentParameters>
    <SubCatchmentVegetationZone>
      <SubCatchmentVegetationZoneParameters>
        <TT>-1.4963091641021868</TT>
        <CFMAX>1.4546000654039892</CFMAX>
        <SP>0</SP>
        <SFCF>1.4440378084051753</SFCF>
        <CFR>0.07206803383320555</CFR>
        <CWH>0.10000002742193556</CWH>
        <CFGlacier>1</CFGlacier>
        <CFSlope>1</CFSlope>
        <FC>1054.0204636144895</FC>
        <LP>0.8389988002506471</LP>
        <BETA>3.2753365060549648</BETA>
      </SubCatchmentVegetationZoneParameters>
    </SubCatchmentVegetationZone>
  </SubCatchment>
</Catchment>