<?xml version="1.0" encoding="utf-8"?>
<Catchment xmlns:xsi="http://www.w3.org/2001/XMLSchema-instance" xmlns:xsd="http://www.w3.org/2001/XMLSchema">
  <CatchmentParameters>
    <KSI>0.001</KSI>
    <KGmin>0.05</KGmin>
    <RangeKG>0.1</RangeKG>
    <AG>0.1</AG>
    <PERC>0.97850003471516833</PERC>
    <Alpha>0</Alpha>
    <UZL>143.57909217476981</UZL>
    <K0>0.98994799466267724</K0>
    <K1>0.10238298922951809</K1>
    <K2>0.020281730108845031</K2>
    <MAXBAS>1</MAXBAS>
    <Cet>0</Cet>
    <PCALT>10</PCALT>
    <TCALT>0.6</TCALT>
    <Pelev>2541</Pelev>
    <Telev>2541</Telev>
    <PART>0.5</PART>
    <DELAY>1</DELAY>
  </CatchmentParameters>
  <VegetationZone>
    <VegetationZoneParameters>
      <TT>-0.31799452607128076</TT>
      <CFMAX>1.8801211931881436</CFMAX>
      <SP>0</SP>
      <SFCF>1.2670712261135919</SFCF>
      <CFR>8.415157576391345E-08</CFR>
      <CWH>0.10000029717139942</CWH>
      <CFGlacier>1</CFGlacier>
      <CFSlope>1</CFSlope>
      <FC>753.33904359770872</FC>
      <LP>0.82086268318854461</LP>
      <BETA>2.2723783388410324</BETA>
    </VegetationZoneParameters>
  </VegetationZone>
  <SubCatchment>
    <SubCatchmentParameters>
      <KSI>0.001</KSI>
      <KGmin>0.05</KGmin>
      <RangeKG>0.1</RangeKG>
      <AG>0.1</AG>
      <PERC>0.97850003471516833</PERC>
      <Alpha>0</Alpha>
      <UZL>143.57909217476981</UZL>
      <K0>0.98994799466267724</K0>
      <K1>0.10238298922951809</K1>
      <K2>0.020281730108845031</K2>
      <MAXBAS>1</MAXBAS>
      <Cet>0</Cet>
      <PCALT>10</PCALT>
      <TCALT>0.6</TCALT>
      <Pelev>2541</Pelev>
      <Telev>2541</Telev>
      <PART>0.5</PART>
      <DELAY>1</DELAY>
    </SubCatchmentParameters>
    <SubCatchmentVegetationZone>
      <SubCatchmentVegetationZoneParameters>
        <TT>-0.31799452607128076</TT>
        <CFMAX>1.8801211931881436</CFMAX>
        <SP>0</SP>
        <SFCF>1.2670712261135919</SFCF>
        <CFR>8.415157576391345E-08</CFR>
        <CWH>0.10000029717139942</CWH>
        <CFGlacier>1</CFGlacier>
        <CFSlope>1</CFSlope>
        <FC>753.33904359770872</FC>
        <LP>0.82086268318854461</LP>
        <BETA>2.2723783388410324</BETA>
      </SubCatchmentVegetationZoneParameters>
    </SubCatchmentVegetationZone>
  </SubCatchment>
</Catchment>