<?xml version="1.0" encoding="utf-8"?>
<Catchment xmlns:xsi="http://www.w3.org/2001/XMLSchema-instance" xmlns:xsd="http://www.w3.org/2001/XMLSchema">
  <CatchmentParameters>
    <KSI>0.001</KSI>
    <KGmin>0.05</KGmin>
    <RangeKG>0.1</RangeKG>
    <AG>0.1</AG>
    <PERC>1.1886147650726902</PERC>
    <Alpha>0</Alpha>
    <UZL>158.10695603734797</UZL>
    <K0>0.4561452676559492</K0>
    <K1>0.096007377729723592</K1>
    <K2>0.021865044378724406</K2>
    <MAXBAS>1</MAXBAS>
    <Cet>0</Cet>
    <PCALT>10</PCALT>
    <TCALT>0.6</TCALT>
    <Pelev>2541</Pelev>
    <Telev>2541</Telev>
    <PART>0.5</PART>
    <DELAY>1</DELAY>
  </CatchmentParameters>
  <VegetationZone>
    <VegetationZoneParameters>
      <TT>-0.29536077816843614</TT>
      <CFMAX>2.1215528539426862</CFMAX>
      <SP>0</SP>
      <SFCF>1.3114790924669804</SFCF>
      <CFR>0.030766822527791421</CFR>
      <CWH>0.10000022990661947</CWH>
      <CFGlacier>1</CFGlacier>
      <CFSlope>1</CFSlope>
      <FC>894.5418935758388</FC>
      <LP>0.857240436490739</LP>
      <BETA>2.5229250853448395</BETA>
    </VegetationZoneParameters>
  </VegetationZone>
  <SubCatchment>
    <SubCatchmentParameters>
      <KSI>0.001</KSI>
      <KGmin>0.05</KGmin>
      <RangeKG>0.1</RangeKG>
      <AG>0.1</AG>
      <PERC>1.1886147650726902</PERC>
      <Alpha>0</Alpha>
      <UZL>158.10695603734797</UZL>
      <K0>0.4561452676559492</K0>
      <K1>0.096007377729723592</K1>
      <K2>0.021865044378724406</K2>
      <MAXBAS>1</MAXBAS>
      <Cet>0</Cet>
      <PCALT>10</PCALT>
      <TCALT>0.6</TCALT>
      <Pelev>2541</Pelev>
      <Telev>2541</Telev>
      <PART>0.5</PART>
      <DELAY>1</DELAY>
    </SubCatchmentParameters>
    <SubCatchmentVegetationZone>
      <SubCatchmentVegetationZoneParameters>
        <TT>-0.29536077816843614</TT>
        <CFMAX>2.1215528539426862</CFMAX>
        <SP>0</SP>
        <SFCF>1.3114790924669804</SFCF>
        <CFR>0.030766822527791421</CFR>
        <CWH>0.10000022990661947</CWH>
        <CFGlacier>1</CFGlacier>
        <CFSlope>1</CFSlope>
        <FC>894.5418935758388</FC>
        <LP>0.857240436490739</LP>
        <BETA>2.5229250853448395</BETA>
      </SubCatchmentVegetationZoneParameters>
    </SubCatchmentVegetationZone>
  </SubCatchment>
</Catchment>