<?xml version="1.0" encoding="utf-8"?>
<Catchment xmlns:xsi="http://www.w3.org/2001/XMLSchema-instance" xmlns:xsd="http://www.w3.org/2001/XMLSchema">
  <CatchmentParameters>
    <KSI>0.001</KSI>
    <KGmin>0.05</KGmin>
    <RangeKG>0.1</RangeKG>
    <AG>0.1</AG>
    <PERC>0.9997905745592206</PERC>
    <Alpha>0</Alpha>
    <UZL>131.98672996938507</UZL>
    <K0>0.52982261460011759</K0>
    <K1>0.088919912455518973</K1>
    <K2>0.020640420383900647</K2>
    <MAXBAS>1</MAXBAS>
    <Cet>0</Cet>
    <PCALT>10</PCALT>
    <TCALT>0.6</TCALT>
    <Pelev>2541</Pelev>
    <Telev>2541</Telev>
    <PART>0.5</PART>
    <DELAY>1</DELAY>
  </CatchmentParameters>
  <VegetationZone>
    <VegetationZoneParameters>
      <TT>-0.14800251703144829</TT>
      <CFMAX>2.0587752842467184</CFMAX>
      <SP>0</SP>
      <SFCF>1.2482589993127422</SFCF>
      <CFR>7.7971446221423419E-07</CFR>
      <CWH>0.10000026264496933</CWH>
      <CFGlacier>1</CFGlacier>
      <CFSlope>1</CFSlope>
      <FC>776.06634637276193</FC>
      <LP>0.88335103347840238</LP>
      <BETA>2.3395678564315241</BETA>
    </VegetationZoneParameters>
  </VegetationZone>
  <SubCatchment>
    <SubCatchmentParameters>
      <KSI>0.001</KSI>
      <KGmin>0.05</KGmin>
      <RangeKG>0.1</RangeKG>
      <AG>0.1</AG>
      <PERC>0.9997905745592206</PERC>
      <Alpha>0</Alpha>
      <UZL>131.98672996938507</UZL>
      <K0>0.52982261460011759</K0>
      <K1>0.088919912455518973</K1>
      <K2>0.020640420383900647</K2>
      <MAXBAS>1</MAXBAS>
      <Cet>0</Cet>
      <PCALT>10</PCALT>
      <TCALT>0.6</TCALT>
      <Pelev>2541</Pelev>
      <Telev>2541</Telev>
      <PART>0.5</PART>
      <DELAY>1</DELAY>
    </SubCatchmentParameters>
    <SubCatchmentVegetationZone>
      <SubCatchmentVegetationZoneParameters>
        <TT>-0.14800251703144829</TT>
        <CFMAX>2.0587752842467184</CFMAX>
        <SP>0</SP>
        <SFCF>1.2482589993127422</SFCF>
        <CFR>7.7971446221423419E-07</CFR>
        <CWH>0.10000026264496933</CWH>
        <CFGlacier>1</CFGlacier>
        <CFSlope>1</CFSlope>
        <FC>776.06634637276193</FC>
        <LP>0.88335103347840238</LP>
        <BETA>2.3395678564315241</BETA>
      </SubCatchmentVegetationZoneParameters>
    </SubCatchmentVegetationZone>
  </SubCatchment>
</Catchment>