<?xml version="1.0" encoding="utf-8"?>
<Catchment xmlns:xsi="http://www.w3.org/2001/XMLSchema-instance" xmlns:xsd="http://www.w3.org/2001/XMLSchema">
  <CatchmentParameters>
    <KSI>0.001</KSI>
    <KGmin>0.05</KGmin>
    <RangeKG>0.1</RangeKG>
    <AG>0.1</AG>
    <PERC>0.73874387868878</PERC>
    <Alpha>0</Alpha>
    <UZL>183.8529292350616</UZL>
    <K0>0.54102579695057684</K0>
    <K1>0.069629921588099414</K1>
    <K2>0.018208380100546286</K2>
    <MAXBAS>1</MAXBAS>
    <Cet>0</Cet>
    <PCALT>10</PCALT>
    <TCALT>0.6</TCALT>
    <Pelev>2541</Pelev>
    <Telev>2541</Telev>
    <PART>0.5</PART>
    <DELAY>1</DELAY>
  </CatchmentParameters>
  <VegetationZone>
    <VegetationZoneParameters>
      <TT>0.18102765775032223</TT>
      <CFMAX>2.5395090905883193</CFMAX>
      <SP>0</SP>
      <SFCF>1.2806602923335755</SFCF>
      <CFR>4.2044109346336622E-07</CFR>
      <CWH>0.10000008925353482</CWH>
      <CFGlacier>1</CFGlacier>
      <CFSlope>1</CFSlope>
      <FC>953.18047315879494</FC>
      <LP>0.92601832757950986</LP>
      <BETA>2.8680901124160592</BETA>
    </VegetationZoneParameters>
  </VegetationZone>
  <SubCatchment>
    <SubCatchmentParameters>
      <KSI>0.001</KSI>
      <KGmin>0.05</KGmin>
      <RangeKG>0.1</RangeKG>
      <AG>0.1</AG>
      <PERC>0.73874387868878</PERC>
      <Alpha>0</Alpha>
      <UZL>183.8529292350616</UZL>
      <K0>0.54102579695057684</K0>
      <K1>0.069629921588099414</K1>
      <K2>0.018208380100546286</K2>
      <MAXBAS>1</MAXBAS>
      <Cet>0</Cet>
      <PCALT>10</PCALT>
      <TCALT>0.6</TCALT>
      <Pelev>2541</Pelev>
      <Telev>2541</Telev>
      <PART>0.5</PART>
      <DELAY>1</DELAY>
    </SubCatchmentParameters>
    <SubCatchmentVegetationZone>
      <SubCatchmentVegetationZoneParameters>
        <TT>0.18102765775032223</TT>
        <CFMAX>2.5395090905883193</CFMAX>
        <SP>0</SP>
        <SFCF>1.2806602923335755</SFCF>
        <CFR>4.2044109346336622E-07</CFR>
        <CWH>0.10000008925353482</CWH>
        <CFGlacier>1</CFGlacier>
        <CFSlope>1</CFSlope>
        <FC>953.18047315879494</FC>
        <LP>0.92601832757950986</LP>
        <BETA>2.8680901124160592</BETA>
      </SubCatchmentVegetationZoneParameters>
    </SubCatchmentVegetationZone>
  </SubCatchment>
</Catchment>