<?xml version="1.0" encoding="utf-8"?>
<Catchment xmlns:xsi="http://www.w3.org/2001/XMLSchema-instance" xmlns:xsd="http://www.w3.org/2001/XMLSchema">
  <CatchmentParameters>
    <KSI>0.001</KSI>
    <KGmin>0.05</KGmin>
    <RangeKG>0.1</RangeKG>
    <AG>0.1</AG>
    <PERC>0.9995054885913276</PERC>
    <Alpha>0</Alpha>
    <UZL>145.31788170388626</UZL>
    <K0>0.52917529880038383</K0>
    <K1>0.0983730524778263</K1>
    <K2>0.021868625686009315</K2>
    <MAXBAS>1</MAXBAS>
    <Cet>0</Cet>
    <PCALT>10</PCALT>
    <TCALT>0.6</TCALT>
    <Pelev>2541</Pelev>
    <Telev>2541</Telev>
    <PART>0.5</PART>
    <DELAY>1</DELAY>
  </CatchmentParameters>
  <VegetationZone>
    <VegetationZoneParameters>
      <TT>-0.29425983290780611</TT>
      <CFMAX>1.9025877400178994</CFMAX>
      <SP>0</SP>
      <SFCF>1.2610866521736104</SFCF>
      <CFR>1.8255269252702064E-06</CFR>
      <CWH>0.10000014836189017</CWH>
      <CFGlacier>1</CFGlacier>
      <CFSlope>1</CFSlope>
      <FC>704.61068432742422</FC>
      <LP>0.80867138297579655</LP>
      <BETA>2.2537762633381018</BETA>
    </VegetationZoneParameters>
  </VegetationZone>
  <SubCatchment>
    <SubCatchmentParameters>
      <KSI>0.001</KSI>
      <KGmin>0.05</KGmin>
      <RangeKG>0.1</RangeKG>
      <AG>0.1</AG>
      <PERC>0.9995054885913276</PERC>
      <Alpha>0</Alpha>
      <UZL>145.31788170388626</UZL>
      <K0>0.52917529880038383</K0>
      <K1>0.0983730524778263</K1>
      <K2>0.021868625686009315</K2>
      <MAXBAS>1</MAXBAS>
      <Cet>0</Cet>
      <PCALT>10</PCALT>
      <TCALT>0.6</TCALT>
      <Pelev>2541</Pelev>
      <Telev>2541</Telev>
      <PART>0.5</PART>
      <DELAY>1</DELAY>
    </SubCatchmentParameters>
    <SubCatchmentVegetationZone>
      <SubCatchmentVegetationZoneParameters>
        <TT>-0.29425983290780611</TT>
        <CFMAX>1.9025877400178994</CFMAX>
        <SP>0</SP>
        <SFCF>1.2610866521736104</SFCF>
        <CFR>1.8255269252702064E-06</CFR>
        <CWH>0.10000014836189017</CWH>
        <CFGlacier>1</CFGlacier>
        <CFSlope>1</CFSlope>
        <FC>704.61068432742422</FC>
        <LP>0.80867138297579655</LP>
        <BETA>2.2537762633381018</BETA>
      </SubCatchmentVegetationZoneParameters>
    </SubCatchmentVegetationZone>
  </SubCatchment>
</Catchment>