<?xml version="1.0" encoding="utf-8"?>
<Catchment xmlns:xsi="http://www.w3.org/2001/XMLSchema-instance" xmlns:xsd="http://www.w3.org/2001/XMLSchema">
  <CatchmentParameters>
    <KSI>0.001</KSI>
    <KGmin>0.05</KGmin>
    <RangeKG>0.1</RangeKG>
    <AG>0.1</AG>
    <PERC>7.2430900903240643</PERC>
    <Alpha>0</Alpha>
    <UZL>19.38987824439095</UZL>
    <K0>0.91171261126437431</K0>
    <K1>0.23912775142776019</K1>
    <K2>0.1087494278944415</K2>
    <MAXBAS>2.3797531175264677</MAXBAS>
    <Cet>0</Cet>
    <PCALT>10</PCALT>
    <TCALT>0.6</TCALT>
    <Pelev>2541</Pelev>
    <Telev>2541</Telev>
    <PART>0.5</PART>
    <DELAY>1</DELAY>
  </CatchmentParameters>
  <VegetationZone>
    <VegetationZoneParameters>
      <TT>-1.258072693568673</TT>
      <CFMAX>1.0566772717070339</CFMAX>
      <SP>0</SP>
      <SFCF>1.1727233280060843</SFCF>
      <CFR>0.0999987337895433</CFR>
      <CWH>0.10509433288862476</CWH>
      <CFGlacier>1</CFGlacier>
      <CFSlope>1</CFSlope>
      <FC>405.02000879164473</FC>
      <LP>0.30000021281094857</LP>
      <BETA>1.9092982416875683</BETA>
    </VegetationZoneParameters>
  </VegetationZone>
  <SubCatchment>
    <SubCatchmentParameters>
      <KSI>0.001</KSI>
      <KGmin>0.05</KGmin>
      <RangeKG>0.1</RangeKG>
      <AG>0.1</AG>
      <PERC>7.2430900903240643</PERC>
      <Alpha>0</Alpha>
      <UZL>19.38987824439095</UZL>
      <K0>0.91171261126437431</K0>
      <K1>0.23912775142776019</K1>
      <K2>0.1087494278944415</K2>
      <MAXBAS>2.3797531175264677</MAXBAS>
      <Cet>0</Cet>
      <PCALT>10</PCALT>
      <TCALT>0.6</TCALT>
      <Pelev>2541</Pelev>
      <Telev>2541</Telev>
      <PART>0.5</PART>
      <DELAY>1</DELAY>
    </SubCatchmentParameters>
    <SubCatchmentVegetationZone>
      <SubCatchmentVegetationZoneParameters>
        <TT>-1.258072693568673</TT>
        <CFMAX>1.0566772717070339</CFMAX>
        <SP>0</SP>
        <SFCF>1.1727233280060843</SFCF>
        <CFR>0.0999987337895433</CFR>
        <CWH>0.10509433288862476</CWH>
        <CFGlacier>1</CFGlacier>
        <CFSlope>1</CFSlope>
        <FC>405.02000879164473</FC>
        <LP>0.30000021281094857</LP>
        <BETA>1.9092982416875683</BETA>
      </SubCatchmentVegetationZoneParameters>
    </SubCatchmentVegetationZone>
  </SubCatchment>
</Catchment>