<?xml version="1.0" encoding="utf-8"?>
<Catchment xmlns:xsi="http://www.w3.org/2001/XMLSchema-instance" xmlns:xsd="http://www.w3.org/2001/XMLSchema">
  <CatchmentParameters>
    <KSI>0.001</KSI>
    <KGmin>0.05</KGmin>
    <RangeKG>0.1</RangeKG>
    <AG>0.1</AG>
    <PERC>1.3187183344692823</PERC>
    <Alpha>0</Alpha>
    <UZL>92.310687805608538</UZL>
    <K0>0.11241842944476344</K0>
    <K1>0.10116895229834509</K1>
    <K2>0.023014794734601583</K2>
    <MAXBAS>1</MAXBAS>
    <Cet>0</Cet>
    <PCALT>10</PCALT>
    <TCALT>0.6</TCALT>
    <Pelev>2541</Pelev>
    <Telev>2541</Telev>
    <PART>0.5</PART>
    <DELAY>1</DELAY>
  </CatchmentParameters>
  <VegetationZone>
    <VegetationZoneParameters>
      <TT>-0.31168119310601888</TT>
      <CFMAX>1.8129957045260836</CFMAX>
      <SP>0</SP>
      <SFCF>1.2133398327051395</SFCF>
      <CFR>1.0226337805396982E-06</CFR>
      <CWH>0.10000000017639676</CWH>
      <CFGlacier>1</CFGlacier>
      <CFSlope>1</CFSlope>
      <FC>748.5268064975246</FC>
      <LP>0.96962894015784651</LP>
      <BETA>2.6128116359795315</BETA>
    </VegetationZoneParameters>
  </VegetationZone>
  <SubCatchment>
    <SubCatchmentParameters>
      <KSI>0.001</KSI>
      <KGmin>0.05</KGmin>
      <RangeKG>0.1</RangeKG>
      <AG>0.1</AG>
      <PERC>1.3187183344692823</PERC>
      <Alpha>0</Alpha>
      <UZL>92.310687805608538</UZL>
      <K0>0.11241842944476344</K0>
      <K1>0.10116895229834509</K1>
      <K2>0.023014794734601583</K2>
      <MAXBAS>1</MAXBAS>
      <Cet>0</Cet>
      <PCALT>10</PCALT>
      <TCALT>0.6</TCALT>
      <Pelev>2541</Pelev>
      <Telev>2541</Telev>
      <PART>0.5</PART>
      <DELAY>1</DELAY>
    </SubCatchmentParameters>
    <SubCatchmentVegetationZone>
      <SubCatchmentVegetationZoneParameters>
        <TT>-0.31168119310601888</TT>
        <CFMAX>1.8129957045260836</CFMAX>
        <SP>0</SP>
        <SFCF>1.2133398327051395</SFCF>
        <CFR>1.0226337805396982E-06</CFR>
        <CWH>0.10000000017639676</CWH>
        <CFGlacier>1</CFGlacier>
        <CFSlope>1</CFSlope>
        <FC>748.5268064975246</FC>
        <LP>0.96962894015784651</LP>
        <BETA>2.6128116359795315</BETA>
      </SubCatchmentVegetationZoneParameters>
    </SubCatchmentVegetationZone>
  </SubCatchment>
</Catchment>