<?xml version="1.0" encoding="utf-8"?>
<Catchment xmlns:xsi="http://www.w3.org/2001/XMLSchema-instance" xmlns:xsd="http://www.w3.org/2001/XMLSchema">
  <CatchmentParameters>
    <KSI>0.001</KSI>
    <KGmin>0.05</KGmin>
    <RangeKG>0.1</RangeKG>
    <AG>0.1</AG>
    <PERC>8.845655591875925</PERC>
    <Alpha>0</Alpha>
    <UZL>170.44743243467906</UZL>
    <K0>0.4773796424188641</K0>
    <K1>0.40630056765661882</K1>
    <K2>0.11347861419442223</K2>
    <MAXBAS>1.9486104647041096</MAXBAS>
    <Cet>0</Cet>
    <PCALT>10</PCALT>
    <TCALT>0.6</TCALT>
    <Pelev>2541</Pelev>
    <Telev>2541</Telev>
    <PART>0.5</PART>
    <DELAY>1</DELAY>
  </CatchmentParameters>
  <VegetationZone>
    <VegetationZoneParameters>
      <TT>-1.1018445453481971</TT>
      <CFMAX>1.0994114746966184</CFMAX>
      <SP>0</SP>
      <SFCF>1.1435273674589517</SFCF>
      <CFR>0.099998346026964155</CFR>
      <CWH>0.14005802117475777</CWH>
      <CFGlacier>1</CFGlacier>
      <CFSlope>1</CFSlope>
      <FC>396.40862103074505</FC>
      <LP>0.30005913288993152</LP>
      <BETA>1.9461490525382359</BETA>
    </VegetationZoneParameters>
  </VegetationZone>
  <SubCatchment>
    <SubCatchmentParameters>
      <KSI>0.001</KSI>
      <KGmin>0.05</KGmin>
      <RangeKG>0.1</RangeKG>
      <AG>0.1</AG>
      <PERC>8.845655591875925</PERC>
      <Alpha>0</Alpha>
      <UZL>170.44743243467906</UZL>
      <K0>0.4773796424188641</K0>
      <K1>0.40630056765661882</K1>
      <K2>0.11347861419442223</K2>
      <MAXBAS>1.9486104647041096</MAXBAS>
      <Cet>0</Cet>
      <PCALT>10</PCALT>
      <TCALT>0.6</TCALT>
      <Pelev>2541</Pelev>
      <Telev>2541</Telev>
      <PART>0.5</PART>
      <DELAY>1</DELAY>
    </SubCatchmentParameters>
    <SubCatchmentVegetationZone>
      <SubCatchmentVegetationZoneParameters>
        <TT>-1.1018445453481971</TT>
        <CFMAX>1.0994114746966184</CFMAX>
        <SP>0</SP>
        <SFCF>1.1435273674589517</SFCF>
        <CFR>0.099998346026964155</CFR>
        <CWH>0.14005802117475777</CWH>
        <CFGlacier>1</CFGlacier>
        <CFSlope>1</CFSlope>
        <FC>396.40862103074505</FC>
        <LP>0.30005913288993152</LP>
        <BETA>1.9461490525382359</BETA>
      </SubCatchmentVegetationZoneParameters>
    </SubCatchmentVegetationZone>
  </SubCatchment>
</Catchment>