<?xml version="1.0" encoding="utf-8"?>
<Catchment xmlns:xsi="http://www.w3.org/2001/XMLSchema-instance" xmlns:xsd="http://www.w3.org/2001/XMLSchema">
  <CatchmentParameters>
    <KSI>0.001</KSI>
    <KGmin>0.05</KGmin>
    <RangeKG>0.1</RangeKG>
    <AG>0.1</AG>
    <PERC>1.4062645118961215</PERC>
    <Alpha>0</Alpha>
    <UZL>101.48497951652793</UZL>
    <K0>0.53892682618683418</K0>
    <K1>0.10479064603817805</K1>
    <K2>0.023454016312775505</K2>
    <MAXBAS>1</MAXBAS>
    <Cet>0</Cet>
    <PCALT>10</PCALT>
    <TCALT>0.6</TCALT>
    <Pelev>2541</Pelev>
    <Telev>2541</Telev>
    <PART>0.5</PART>
    <DELAY>1</DELAY>
  </CatchmentParameters>
  <VegetationZone>
    <VegetationZoneParameters>
      <TT>-0.29490432495456942</TT>
      <CFMAX>2.074166931152555</CFMAX>
      <SP>0</SP>
      <SFCF>1.3369916493000524</SFCF>
      <CFR>3.914950342682536E-07</CFR>
      <CWH>0.10000012057468978</CWH>
      <CFGlacier>1</CFGlacier>
      <CFSlope>1</CFSlope>
      <FC>916.59506692458524</FC>
      <LP>0.7846971429090962</LP>
      <BETA>2.2852802658308082</BETA>
    </VegetationZoneParameters>
  </VegetationZone>
  <SubCatchment>
    <SubCatchmentParameters>
      <KSI>0.001</KSI>
      <KGmin>0.05</KGmin>
      <RangeKG>0.1</RangeKG>
      <AG>0.1</AG>
      <PERC>1.4062645118961215</PERC>
      <Alpha>0</Alpha>
      <UZL>101.48497951652793</UZL>
      <K0>0.53892682618683418</K0>
      <K1>0.10479064603817805</K1>
      <K2>0.023454016312775505</K2>
      <MAXBAS>1</MAXBAS>
      <Cet>0</Cet>
      <PCALT>10</PCALT>
      <TCALT>0.6</TCALT>
      <Pelev>2541</Pelev>
      <Telev>2541</Telev>
      <PART>0.5</PART>
      <DELAY>1</DELAY>
    </SubCatchmentParameters>
    <SubCatchmentVegetationZone>
      <SubCatchmentVegetationZoneParameters>
        <TT>-0.29490432495456942</TT>
        <CFMAX>2.074166931152555</CFMAX>
        <SP>0</SP>
        <SFCF>1.3369916493000524</SFCF>
        <CFR>3.914950342682536E-07</CFR>
        <CWH>0.10000012057468978</CWH>
        <CFGlacier>1</CFGlacier>
        <CFSlope>1</CFSlope>
        <FC>916.59506692458524</FC>
        <LP>0.7846971429090962</LP>
        <BETA>2.2852802658308082</BETA>
      </SubCatchmentVegetationZoneParameters>
    </SubCatchmentVegetationZone>
  </SubCatchment>
</Catchment>