<?xml version="1.0" encoding="utf-8"?>
<Catchment xmlns:xsi="http://www.w3.org/2001/XMLSchema-instance" xmlns:xsd="http://www.w3.org/2001/XMLSchema">
  <CatchmentParameters>
    <KSI>0.001</KSI>
    <KGmin>0.05</KGmin>
    <RangeKG>0.1</RangeKG>
    <AG>0.1</AG>
    <PERC>4.4859828596369473</PERC>
    <Alpha>0</Alpha>
    <UZL>168.71076485032913</UZL>
    <K0>0.050014540405169935</K0>
    <K1>0.16293703570475684</K1>
    <K2>0.060133686715751283</K2>
    <MAXBAS>1.9406648447324544</MAXBAS>
    <Cet>0</Cet>
    <PCALT>10</PCALT>
    <TCALT>0.6</TCALT>
    <Pelev>2541</Pelev>
    <Telev>2541</Telev>
    <PART>0.5</PART>
    <DELAY>1</DELAY>
  </CatchmentParameters>
  <VegetationZone>
    <VegetationZoneParameters>
      <TT>0.79719280380296142</TT>
      <CFMAX>1.449330338532796</CFMAX>
      <SP>0</SP>
      <SFCF>0.82288365395215646</SFCF>
      <CFR>0.01086699918330015</CFR>
      <CWH>0.1000010538788797</CWH>
      <CFGlacier>1</CFGlacier>
      <CFSlope>1</CFSlope>
      <FC>183.16891239946818</FC>
      <LP>0.30000133057299871</LP>
      <BETA>4.2484132079731438</BETA>
    </VegetationZoneParameters>
  </VegetationZone>
  <SubCatchment>
    <SubCatchmentParameters>
      <KSI>0.001</KSI>
      <KGmin>0.05</KGmin>
      <RangeKG>0.1</RangeKG>
      <AG>0.1</AG>
      <PERC>4.4859828596369473</PERC>
      <Alpha>0</Alpha>
      <UZL>168.71076485032913</UZL>
      <K0>0.050014540405169935</K0>
      <K1>0.16293703570475684</K1>
      <K2>0.060133686715751283</K2>
      <MAXBAS>1.9406648447324544</MAXBAS>
      <Cet>0</Cet>
      <PCALT>10</PCALT>
      <TCALT>0.6</TCALT>
      <Pelev>2541</Pelev>
      <Telev>2541</Telev>
      <PART>0.5</PART>
      <DELAY>1</DELAY>
    </SubCatchmentParameters>
    <SubCatchmentVegetationZone>
      <SubCatchmentVegetationZoneParameters>
        <TT>0.79719280380296142</TT>
        <CFMAX>1.449330338532796</CFMAX>
        <SP>0</SP>
        <SFCF>0.82288365395215646</SFCF>
        <CFR>0.01086699918330015</CFR>
        <CWH>0.1000010538788797</CWH>
        <CFGlacier>1</CFGlacier>
        <CFSlope>1</CFSlope>
        <FC>183.16891239946818</FC>
        <LP>0.30000133057299871</LP>
        <BETA>4.2484132079731438</BETA>
      </SubCatchmentVegetationZoneParameters>
    </SubCatchmentVegetationZone>
  </SubCatchment>
</Catchment>