<?xml version="1.0" encoding="utf-8"?>
<Catchment xmlns:xsi="http://www.w3.org/2001/XMLSchema-instance" xmlns:xsd="http://www.w3.org/2001/XMLSchema">
  <CatchmentParameters>
    <KSI>0.001</KSI>
    <KGmin>0.05</KGmin>
    <RangeKG>0.1</RangeKG>
    <AG>0.1</AG>
    <PERC>8.3922355109445927</PERC>
    <Alpha>0</Alpha>
    <UZL>114.5362496786386</UZL>
    <K0>0.17201567423907591</K0>
    <K1>0.40014976778299627</K1>
    <K2>0.10420260296201755</K2>
    <MAXBAS>2.4999962180725492</MAXBAS>
    <Cet>0</Cet>
    <PCALT>10</PCALT>
    <TCALT>0.6</TCALT>
    <Pelev>2541</Pelev>
    <Telev>2541</Telev>
    <PART>0.5</PART>
    <DELAY>1</DELAY>
  </CatchmentParameters>
  <VegetationZone>
    <VegetationZoneParameters>
      <TT>-0.65763025174636214</TT>
      <CFMAX>1.1827987427836488</CFMAX>
      <SP>0</SP>
      <SFCF>1.06192066198513</SFCF>
      <CFR>0.034195072626662326</CFR>
      <CWH>0.10000028905907098</CWH>
      <CFGlacier>1</CFGlacier>
      <CFSlope>1</CFSlope>
      <FC>364.42205455751912</FC>
      <LP>0.31015527150738481</LP>
      <BETA>1.9261935383312674</BETA>
    </VegetationZoneParameters>
  </VegetationZone>
  <SubCatchment>
    <SubCatchmentParameters>
      <KSI>0.001</KSI>
      <KGmin>0.05</KGmin>
      <RangeKG>0.1</RangeKG>
      <AG>0.1</AG>
      <PERC>8.3922355109445927</PERC>
      <Alpha>0</Alpha>
      <UZL>114.5362496786386</UZL>
      <K0>0.17201567423907591</K0>
      <K1>0.40014976778299627</K1>
      <K2>0.10420260296201755</K2>
      <MAXBAS>2.4999962180725492</MAXBAS>
      <Cet>0</Cet>
      <PCALT>10</PCALT>
      <TCALT>0.6</TCALT>
      <Pelev>2541</Pelev>
      <Telev>2541</Telev>
      <PART>0.5</PART>
      <DELAY>1</DELAY>
    </SubCatchmentParameters>
    <SubCatchmentVegetationZone>
      <SubCatchmentVegetationZoneParameters>
        <TT>-0.65763025174636214</TT>
        <CFMAX>1.1827987427836488</CFMAX>
        <SP>0</SP>
        <SFCF>1.06192066198513</SFCF>
        <CFR>0.034195072626662326</CFR>
        <CWH>0.10000028905907098</CWH>
        <CFGlacier>1</CFGlacier>
        <CFSlope>1</CFSlope>
        <FC>364.42205455751912</FC>
        <LP>0.31015527150738481</LP>
        <BETA>1.9261935383312674</BETA>
      </SubCatchmentVegetationZoneParameters>
    </SubCatchmentVegetationZone>
  </SubCatchment>
</Catchment>