<?xml version="1.0" encoding="utf-8"?>
<Catchment xmlns:xsi="http://www.w3.org/2001/XMLSchema-instance" xmlns:xsd="http://www.w3.org/2001/XMLSchema">
  <CatchmentParameters>
    <KSI>0.001</KSI>
    <KGmin>0.05</KGmin>
    <RangeKG>0.1</RangeKG>
    <AG>0.1</AG>
    <PERC>1.2637449278023789</PERC>
    <Alpha>0</Alpha>
    <UZL>192.26297201960307</UZL>
    <K0>0.39771849738764031</K0>
    <K1>0.0817529592425659</K1>
    <K2>0.022336930943094517</K2>
    <MAXBAS>1</MAXBAS>
    <Cet>0</Cet>
    <PCALT>10</PCALT>
    <TCALT>0.6</TCALT>
    <Pelev>2541</Pelev>
    <Telev>2541</Telev>
    <PART>0.5</PART>
    <DELAY>1</DELAY>
  </CatchmentParameters>
  <VegetationZone>
    <VegetationZoneParameters>
      <TT>-0.30735501500132334</TT>
      <CFMAX>2.5799341275334555</CFMAX>
      <SP>0</SP>
      <SFCF>1.4180543407847495</SFCF>
      <CFR>0.060243664765554365</CFR>
      <CWH>0.10000001233444861</CWH>
      <CFGlacier>1</CFGlacier>
      <CFSlope>1</CFSlope>
      <FC>1388.9257857297598</FC>
      <LP>0.8836184433914418</LP>
      <BETA>3.3904568712975838</BETA>
    </VegetationZoneParameters>
  </VegetationZone>
  <SubCatchment>
    <SubCatchmentParameters>
      <KSI>0.001</KSI>
      <KGmin>0.05</KGmin>
      <RangeKG>0.1</RangeKG>
      <AG>0.1</AG>
      <PERC>1.2637449278023789</PERC>
      <Alpha>0</Alpha>
      <UZL>192.26297201960307</UZL>
      <K0>0.39771849738764031</K0>
      <K1>0.0817529592425659</K1>
      <K2>0.022336930943094517</K2>
      <MAXBAS>1</MAXBAS>
      <Cet>0</Cet>
      <PCALT>10</PCALT>
      <TCALT>0.6</TCALT>
      <Pelev>2541</Pelev>
      <Telev>2541</Telev>
      <PART>0.5</PART>
      <DELAY>1</DELAY>
    </SubCatchmentParameters>
    <SubCatchmentVegetationZone>
      <SubCatchmentVegetationZoneParameters>
        <TT>-0.30735501500132334</TT>
        <CFMAX>2.5799341275334555</CFMAX>
        <SP>0</SP>
        <SFCF>1.4180543407847495</SFCF>
        <CFR>0.060243664765554365</CFR>
        <CWH>0.10000001233444861</CWH>
        <CFGlacier>1</CFGlacier>
        <CFSlope>1</CFSlope>
        <FC>1388.9257857297598</FC>
        <LP>0.8836184433914418</LP>
        <BETA>3.3904568712975838</BETA>
      </SubCatchmentVegetationZoneParameters>
    </SubCatchmentVegetationZone>
  </SubCatchment>
</Catchment>