<?xml version="1.0" encoding="utf-8"?>
<Catchment xmlns:xsi="http://www.w3.org/2001/XMLSchema-instance" xmlns:xsd="http://www.w3.org/2001/XMLSchema">
  <CatchmentParameters>
    <KSI>0.001</KSI>
    <KGmin>0.05</KGmin>
    <RangeKG>0.1</RangeKG>
    <AG>0.1</AG>
    <PERC>9.7398430416048161</PERC>
    <Alpha>0</Alpha>
    <UZL>164.47450101171845</UZL>
    <K0>0.35431716254099443</K0>
    <K1>0.445329966996491</K1>
    <K2>0.10992325475886369</K2>
    <MAXBAS>2.4999922064866142</MAXBAS>
    <Cet>0</Cet>
    <PCALT>10</PCALT>
    <TCALT>0.6</TCALT>
    <Pelev>2541</Pelev>
    <Telev>2541</Telev>
    <PART>0.5</PART>
    <DELAY>1</DELAY>
  </CatchmentParameters>
  <VegetationZone>
    <VegetationZoneParameters>
      <TT>-0.66671698344366925</TT>
      <CFMAX>1.2538024472699074</CFMAX>
      <SP>0</SP>
      <SFCF>1.0840196694428574</SFCF>
      <CFR>0.09998943163021258</CFR>
      <CWH>0.10000000293501273</CWH>
      <CFGlacier>1</CFGlacier>
      <CFSlope>1</CFSlope>
      <FC>379.90925410174651</FC>
      <LP>0.36337899214096853</LP>
      <BETA>1.9938183642560248</BETA>
    </VegetationZoneParameters>
  </VegetationZone>
  <SubCatchment>
    <SubCatchmentParameters>
      <KSI>0.001</KSI>
      <KGmin>0.05</KGmin>
      <RangeKG>0.1</RangeKG>
      <AG>0.1</AG>
      <PERC>9.7398430416048161</PERC>
      <Alpha>0</Alpha>
      <UZL>164.47450101171845</UZL>
      <K0>0.35431716254099443</K0>
      <K1>0.445329966996491</K1>
      <K2>0.10992325475886369</K2>
      <MAXBAS>2.4999922064866142</MAXBAS>
      <Cet>0</Cet>
      <PCALT>10</PCALT>
      <TCALT>0.6</TCALT>
      <Pelev>2541</Pelev>
      <Telev>2541</Telev>
      <PART>0.5</PART>
      <DELAY>1</DELAY>
    </SubCatchmentParameters>
    <SubCatchmentVegetationZone>
      <SubCatchmentVegetationZoneParameters>
        <TT>-0.66671698344366925</TT>
        <CFMAX>1.2538024472699074</CFMAX>
        <SP>0</SP>
        <SFCF>1.0840196694428574</SFCF>
        <CFR>0.09998943163021258</CFR>
        <CWH>0.10000000293501273</CWH>
        <CFGlacier>1</CFGlacier>
        <CFSlope>1</CFSlope>
        <FC>379.90925410174651</FC>
        <LP>0.36337899214096853</LP>
        <BETA>1.9938183642560248</BETA>
      </SubCatchmentVegetationZoneParameters>
    </SubCatchmentVegetationZone>
  </SubCatchment>
</Catchment>