<?xml version="1.0" encoding="utf-8"?>
<Catchment xmlns:xsi="http://www.w3.org/2001/XMLSchema-instance" xmlns:xsd="http://www.w3.org/2001/XMLSchema">
  <CatchmentParameters>
    <KSI>0.001</KSI>
    <KGmin>0.05</KGmin>
    <RangeKG>0.1</RangeKG>
    <AG>0.1</AG>
    <PERC>5.5646687967762363</PERC>
    <Alpha>0</Alpha>
    <UZL>29.4665688695624</UZL>
    <K0>0.98999220717696146</K0>
    <K1>0.19422488401419077</K1>
    <K2>0.09973143895060195</K2>
    <MAXBAS>1.663300225601533</MAXBAS>
    <Cet>0</Cet>
    <PCALT>10</PCALT>
    <TCALT>0.6</TCALT>
    <Pelev>2541</Pelev>
    <Telev>2541</Telev>
    <PART>0.5</PART>
    <DELAY>1</DELAY>
  </CatchmentParameters>
  <VegetationZone>
    <VegetationZoneParameters>
      <TT>-1.2801489762718306</TT>
      <CFMAX>1.0253767667827893</CFMAX>
      <SP>0</SP>
      <SFCF>1.1466650632523285</SFCF>
      <CFR>0.099435190942586932</CFR>
      <CWH>0.11661064114297833</CWH>
      <CFGlacier>1</CFGlacier>
      <CFSlope>1</CFSlope>
      <FC>580.51123892542387</FC>
      <LP>0.95396789755450762</LP>
      <BETA>3.3605320935616048</BETA>
    </VegetationZoneParameters>
  </VegetationZone>
  <SubCatchment>
    <SubCatchmentParameters>
      <KSI>0.001</KSI>
      <KGmin>0.05</KGmin>
      <RangeKG>0.1</RangeKG>
      <AG>0.1</AG>
      <PERC>5.5646687967762363</PERC>
      <Alpha>0</Alpha>
      <UZL>29.4665688695624</UZL>
      <K0>0.98999220717696146</K0>
      <K1>0.19422488401419077</K1>
      <K2>0.09973143895060195</K2>
      <MAXBAS>1.663300225601533</MAXBAS>
      <Cet>0</Cet>
      <PCALT>10</PCALT>
      <TCALT>0.6</TCALT>
      <Pelev>2541</Pelev>
      <Telev>2541</Telev>
      <PART>0.5</PART>
      <DELAY>1</DELAY>
    </SubCatchmentParameters>
    <SubCatchmentVegetationZone>
      <SubCatchmentVegetationZoneParameters>
        <TT>-1.2801489762718306</TT>
        <CFMAX>1.0253767667827893</CFMAX>
        <SP>0</SP>
        <SFCF>1.1466650632523285</SFCF>
        <CFR>0.099435190942586932</CFR>
        <CWH>0.11661064114297833</CWH>
        <CFGlacier>1</CFGlacier>
        <CFSlope>1</CFSlope>
        <FC>580.51123892542387</FC>
        <LP>0.95396789755450762</LP>
        <BETA>3.3605320935616048</BETA>
      </SubCatchmentVegetationZoneParameters>
    </SubCatchmentVegetationZone>
  </SubCatchment>
</Catchment>