<?xml version="1.0" encoding="utf-8"?>
<Catchment xmlns:xsi="http://www.w3.org/2001/XMLSchema-instance" xmlns:xsd="http://www.w3.org/2001/XMLSchema">
  <CatchmentParameters>
    <KSI>0.001</KSI>
    <KGmin>0.05</KGmin>
    <RangeKG>0.1</RangeKG>
    <AG>0.1</AG>
    <PERC>9.99995877184525</PERC>
    <Alpha>0</Alpha>
    <UZL>169.17516280639507</UZL>
    <K0>0.55832105010502953</K0>
    <K1>0.37082893220477992</K1>
    <K2>0.0748347515587949</K2>
    <MAXBAS>2.499996980729378</MAXBAS>
    <Cet>0</Cet>
    <PCALT>10</PCALT>
    <TCALT>0.6</TCALT>
    <Pelev>2541</Pelev>
    <Telev>2541</Telev>
    <PART>0.5</PART>
    <DELAY>1</DELAY>
  </CatchmentParameters>
  <VegetationZone>
    <VegetationZoneParameters>
      <TT>0.2027482378151311</TT>
      <CFMAX>1.4552879783371966</CFMAX>
      <SP>0</SP>
      <SFCF>0.91591510916537511</SFCF>
      <CFR>5.9298059841690983E-07</CFR>
      <CWH>0.10000020896488704</CWH>
      <CFGlacier>1</CFGlacier>
      <CFSlope>1</CFSlope>
      <FC>237.13902869632361</FC>
      <LP>0.30000270984649274</LP>
      <BETA>2.4995328230517311</BETA>
    </VegetationZoneParameters>
  </VegetationZone>
  <SubCatchment>
    <SubCatchmentParameters>
      <KSI>0.001</KSI>
      <KGmin>0.05</KGmin>
      <RangeKG>0.1</RangeKG>
      <AG>0.1</AG>
      <PERC>9.99995877184525</PERC>
      <Alpha>0</Alpha>
      <UZL>169.17516280639507</UZL>
      <K0>0.55832105010502953</K0>
      <K1>0.37082893220477992</K1>
      <K2>0.0748347515587949</K2>
      <MAXBAS>2.499996980729378</MAXBAS>
      <Cet>0</Cet>
      <PCALT>10</PCALT>
      <TCALT>0.6</TCALT>
      <Pelev>2541</Pelev>
      <Telev>2541</Telev>
      <PART>0.5</PART>
      <DELAY>1</DELAY>
    </SubCatchmentParameters>
    <SubCatchmentVegetationZone>
      <SubCatchmentVegetationZoneParameters>
        <TT>0.2027482378151311</TT>
        <CFMAX>1.4552879783371966</CFMAX>
        <SP>0</SP>
        <SFCF>0.91591510916537511</SFCF>
        <CFR>5.9298059841690983E-07</CFR>
        <CWH>0.10000020896488704</CWH>
        <CFGlacier>1</CFGlacier>
        <CFSlope>1</CFSlope>
        <FC>237.13902869632361</FC>
        <LP>0.30000270984649274</LP>
        <BETA>2.4995328230517311</BETA>
      </SubCatchmentVegetationZoneParameters>
    </SubCatchmentVegetationZone>
  </SubCatchment>
</Catchment>