<?xml version="1.0" encoding="utf-8"?>
<Catchment xmlns:xsi="http://www.w3.org/2001/XMLSchema-instance" xmlns:xsd="http://www.w3.org/2001/XMLSchema">
  <CatchmentParameters>
    <KSI>0.001</KSI>
    <KGmin>0.05</KGmin>
    <RangeKG>0.1</RangeKG>
    <AG>0.1</AG>
    <PERC>9.9046090316324253</PERC>
    <Alpha>0</Alpha>
    <UZL>117.93773464317343</UZL>
    <K0>0.050004777662978887</K0>
    <K1>0.4384215719874871</K1>
    <K2>0.10582037367473442</K2>
    <MAXBAS>2.0581614086393811</MAXBAS>
    <Cet>0</Cet>
    <PCALT>10</PCALT>
    <TCALT>0.6</TCALT>
    <Pelev>2541</Pelev>
    <Telev>2541</Telev>
    <PART>0.5</PART>
    <DELAY>1</DELAY>
  </CatchmentParameters>
  <VegetationZone>
    <VegetationZoneParameters>
      <TT>-0.87128396318708878</TT>
      <CFMAX>1.1611087267418265</CFMAX>
      <SP>0</SP>
      <SFCF>1.0946367476784575</SFCF>
      <CFR>0.099998569868559817</CFR>
      <CWH>0.12833542455407251</CWH>
      <CFGlacier>1</CFGlacier>
      <CFSlope>1</CFSlope>
      <FC>434.18113588043769</FC>
      <LP>0.71302329914680485</LP>
      <BETA>2.5255067203250059</BETA>
    </VegetationZoneParameters>
  </VegetationZone>
  <SubCatchment>
    <SubCatchmentParameters>
      <KSI>0.001</KSI>
      <KGmin>0.05</KGmin>
      <RangeKG>0.1</RangeKG>
      <AG>0.1</AG>
      <PERC>9.9046090316324253</PERC>
      <Alpha>0</Alpha>
      <UZL>117.93773464317343</UZL>
      <K0>0.050004777662978887</K0>
      <K1>0.4384215719874871</K1>
      <K2>0.10582037367473442</K2>
      <MAXBAS>2.0581614086393811</MAXBAS>
      <Cet>0</Cet>
      <PCALT>10</PCALT>
      <TCALT>0.6</TCALT>
      <Pelev>2541</Pelev>
      <Telev>2541</Telev>
      <PART>0.5</PART>
      <DELAY>1</DELAY>
    </SubCatchmentParameters>
    <SubCatchmentVegetationZone>
      <SubCatchmentVegetationZoneParameters>
        <TT>-0.87128396318708878</TT>
        <CFMAX>1.1611087267418265</CFMAX>
        <SP>0</SP>
        <SFCF>1.0946367476784575</SFCF>
        <CFR>0.099998569868559817</CFR>
        <CWH>0.12833542455407251</CWH>
        <CFGlacier>1</CFGlacier>
        <CFSlope>1</CFSlope>
        <FC>434.18113588043769</FC>
        <LP>0.71302329914680485</LP>
        <BETA>2.5255067203250059</BETA>
      </SubCatchmentVegetationZoneParameters>
    </SubCatchmentVegetationZone>
  </SubCatchment>
</Catchment>