<?xml version="1.0" encoding="utf-8"?>
<Catchment xmlns:xsi="http://www.w3.org/2001/XMLSchema-instance" xmlns:xsd="http://www.w3.org/2001/XMLSchema">
  <CatchmentParameters>
    <KSI>0.001</KSI>
    <KGmin>0.05</KGmin>
    <RangeKG>0.1</RangeKG>
    <AG>0.1</AG>
    <PERC>1.5024452826625756</PERC>
    <Alpha>0</Alpha>
    <UZL>168.55726150113333</UZL>
    <K0>0.25898595770153143</K0>
    <K1>0.075296483310177756</K1>
    <K2>0.023838023336702249</K2>
    <MAXBAS>1</MAXBAS>
    <Cet>0</Cet>
    <PCALT>10</PCALT>
    <TCALT>0.6</TCALT>
    <Pelev>2541</Pelev>
    <Telev>2541</Telev>
    <PART>0.5</PART>
    <DELAY>1</DELAY>
  </CatchmentParameters>
  <VegetationZone>
    <VegetationZoneParameters>
      <TT>0.17335301394094649</TT>
      <CFMAX>2.7700651579772955</CFMAX>
      <SP>0</SP>
      <SFCF>1.3535571380585325</SFCF>
      <CFR>2.3834476068221016E-10</CFR>
      <CWH>0.10000003535105387</CWH>
      <CFGlacier>1</CFGlacier>
      <CFSlope>1</CFSlope>
      <FC>1440.4843529769751</FC>
      <LP>0.94647612709385454</LP>
      <BETA>3.7906637558327754</BETA>
    </VegetationZoneParameters>
  </VegetationZone>
  <SubCatchment>
    <SubCatchmentParameters>
      <KSI>0.001</KSI>
      <KGmin>0.05</KGmin>
      <RangeKG>0.1</RangeKG>
      <AG>0.1</AG>
      <PERC>1.5024452826625756</PERC>
      <Alpha>0</Alpha>
      <UZL>168.55726150113333</UZL>
      <K0>0.25898595770153143</K0>
      <K1>0.075296483310177756</K1>
      <K2>0.023838023336702249</K2>
      <MAXBAS>1</MAXBAS>
      <Cet>0</Cet>
      <PCALT>10</PCALT>
      <TCALT>0.6</TCALT>
      <Pelev>2541</Pelev>
      <Telev>2541</Telev>
      <PART>0.5</PART>
      <DELAY>1</DELAY>
    </SubCatchmentParameters>
    <SubCatchmentVegetationZone>
      <SubCatchmentVegetationZoneParameters>
        <TT>0.17335301394094649</TT>
        <CFMAX>2.7700651579772955</CFMAX>
        <SP>0</SP>
        <SFCF>1.3535571380585325</SFCF>
        <CFR>2.3834476068221016E-10</CFR>
        <CWH>0.10000003535105387</CWH>
        <CFGlacier>1</CFGlacier>
        <CFSlope>1</CFSlope>
        <FC>1440.4843529769751</FC>
        <LP>0.94647612709385454</LP>
        <BETA>3.7906637558327754</BETA>
      </SubCatchmentVegetationZoneParameters>
    </SubCatchmentVegetationZone>
  </SubCatchment>
</Catchment>