<?xml version="1.0" encoding="utf-8"?>
<Catchment xmlns:xsi="http://www.w3.org/2001/XMLSchema-instance" xmlns:xsd="http://www.w3.org/2001/XMLSchema">
  <CatchmentParameters>
    <KSI>0.001</KSI>
    <KGmin>0.05</KGmin>
    <RangeKG>0.1</RangeKG>
    <AG>0.1</AG>
    <PERC>0.91049586356168166</PERC>
    <Alpha>0</Alpha>
    <UZL>168.64474649733461</UZL>
    <K0>0.30812535301003785</K0>
    <K1>0.090990996016819814</K1>
    <K2>0.020552666026704584</K2>
    <MAXBAS>1</MAXBAS>
    <Cet>0</Cet>
    <PCALT>10</PCALT>
    <TCALT>0.6</TCALT>
    <Pelev>2541</Pelev>
    <Telev>2541</Telev>
    <PART>0.5</PART>
    <DELAY>1</DELAY>
  </CatchmentParameters>
  <VegetationZone>
    <VegetationZoneParameters>
      <TT>-0.078895621199578977</TT>
      <CFMAX>2.0264894008275665</CFMAX>
      <SP>0</SP>
      <SFCF>1.2518687352311342</SFCF>
      <CFR>9.2026673432945678E-07</CFR>
      <CWH>0.10000005694327643</CWH>
      <CFGlacier>1</CFGlacier>
      <CFSlope>1</CFSlope>
      <FC>663.20665199892562</FC>
      <LP>0.67182063805182235</LP>
      <BETA>1.7008571794200287</BETA>
    </VegetationZoneParameters>
  </VegetationZone>
  <SubCatchment>
    <SubCatchmentParameters>
      <KSI>0.001</KSI>
      <KGmin>0.05</KGmin>
      <RangeKG>0.1</RangeKG>
      <AG>0.1</AG>
      <PERC>0.91049586356168166</PERC>
      <Alpha>0</Alpha>
      <UZL>168.64474649733461</UZL>
      <K0>0.30812535301003785</K0>
      <K1>0.090990996016819814</K1>
      <K2>0.020552666026704584</K2>
      <MAXBAS>1</MAXBAS>
      <Cet>0</Cet>
      <PCALT>10</PCALT>
      <TCALT>0.6</TCALT>
      <Pelev>2541</Pelev>
      <Telev>2541</Telev>
      <PART>0.5</PART>
      <DELAY>1</DELAY>
    </SubCatchmentParameters>
    <SubCatchmentVegetationZone>
      <SubCatchmentVegetationZoneParameters>
        <TT>-0.078895621199578977</TT>
        <CFMAX>2.0264894008275665</CFMAX>
        <SP>0</SP>
        <SFCF>1.2518687352311342</SFCF>
        <CFR>9.2026673432945678E-07</CFR>
        <CWH>0.10000005694327643</CWH>
        <CFGlacier>1</CFGlacier>
        <CFSlope>1</CFSlope>
        <FC>663.20665199892562</FC>
        <LP>0.67182063805182235</LP>
        <BETA>1.7008571794200287</BETA>
      </SubCatchmentVegetationZoneParameters>
    </SubCatchmentVegetationZone>
  </SubCatchment>
</Catchment>