<?xml version="1.0" encoding="utf-8"?>
<Catchment xmlns:xsi="http://www.w3.org/2001/XMLSchema-instance" xmlns:xsd="http://www.w3.org/2001/XMLSchema">
  <CatchmentParameters>
    <KSI>0.001</KSI>
    <KGmin>0.05</KGmin>
    <RangeKG>0.1</RangeKG>
    <AG>0.1</AG>
    <PERC>1.4303367892376131</PERC>
    <Alpha>0</Alpha>
    <UZL>114.14095515710113</UZL>
    <K0>0.41903871379592167</K0>
    <K1>0.10109005641066081</K1>
    <K2>0.023429443621678155</K2>
    <MAXBAS>1</MAXBAS>
    <Cet>0</Cet>
    <PCALT>10</PCALT>
    <TCALT>0.6</TCALT>
    <Pelev>2541</Pelev>
    <Telev>2541</Telev>
    <PART>0.5</PART>
    <DELAY>1</DELAY>
  </CatchmentParameters>
  <VegetationZone>
    <VegetationZoneParameters>
      <TT>-0.29426259492142959</TT>
      <CFMAX>2.1286171140697676</CFMAX>
      <SP>0</SP>
      <SFCF>1.3509321766958775</SFCF>
      <CFR>1.6136475537146736E-06</CFR>
      <CWH>0.10000007918523182</CWH>
      <CFGlacier>1</CFGlacier>
      <CFSlope>1</CFSlope>
      <FC>919.35909501065612</FC>
      <LP>0.75144312164515448</LP>
      <BETA>2.1769537954151565</BETA>
    </VegetationZoneParameters>
  </VegetationZone>
  <SubCatchment>
    <SubCatchmentParameters>
      <KSI>0.001</KSI>
      <KGmin>0.05</KGmin>
      <RangeKG>0.1</RangeKG>
      <AG>0.1</AG>
      <PERC>1.4303367892376131</PERC>
      <Alpha>0</Alpha>
      <UZL>114.14095515710113</UZL>
      <K0>0.41903871379592167</K0>
      <K1>0.10109005641066081</K1>
      <K2>0.023429443621678155</K2>
      <MAXBAS>1</MAXBAS>
      <Cet>0</Cet>
      <PCALT>10</PCALT>
      <TCALT>0.6</TCALT>
      <Pelev>2541</Pelev>
      <Telev>2541</Telev>
      <PART>0.5</PART>
      <DELAY>1</DELAY>
    </SubCatchmentParameters>
    <SubCatchmentVegetationZone>
      <SubCatchmentVegetationZoneParameters>
        <TT>-0.29426259492142959</TT>
        <CFMAX>2.1286171140697676</CFMAX>
        <SP>0</SP>
        <SFCF>1.3509321766958775</SFCF>
        <CFR>1.6136475537146736E-06</CFR>
        <CWH>0.10000007918523182</CWH>
        <CFGlacier>1</CFGlacier>
        <CFSlope>1</CFSlope>
        <FC>919.35909501065612</FC>
        <LP>0.75144312164515448</LP>
        <BETA>2.1769537954151565</BETA>
      </SubCatchmentVegetationZoneParameters>
    </SubCatchmentVegetationZone>
  </SubCatchment>
</Catchment>