<?xml version="1.0" encoding="utf-8"?>
<Catchment xmlns:xsi="http://www.w3.org/2001/XMLSchema-instance" xmlns:xsd="http://www.w3.org/2001/XMLSchema">
  <CatchmentParameters>
    <KSI>0.001</KSI>
    <KGmin>0.05</KGmin>
    <RangeKG>0.1</RangeKG>
    <AG>0.1</AG>
    <PERC>1.0333286978932772</PERC>
    <Alpha>0</Alpha>
    <UZL>126.50696310766047</UZL>
    <K0>0.24397844760715337</K0>
    <K1>0.092885960429600345</K1>
    <K2>0.02084599968417547</K2>
    <MAXBAS>1</MAXBAS>
    <Cet>0</Cet>
    <PCALT>10</PCALT>
    <TCALT>0.6</TCALT>
    <Pelev>2541</Pelev>
    <Telev>2541</Telev>
    <PART>0.5</PART>
    <DELAY>1</DELAY>
  </CatchmentParameters>
  <VegetationZone>
    <VegetationZoneParameters>
      <TT>-0.29426978103221457</TT>
      <CFMAX>2.0688634392400242</CFMAX>
      <SP>0</SP>
      <SFCF>1.3248870829988675</SFCF>
      <CFR>2.379378575498552E-07</CFR>
      <CWH>0.10000012392526221</CWH>
      <CFGlacier>1</CFGlacier>
      <CFSlope>1</CFSlope>
      <FC>1074.1358367609487</FC>
      <LP>0.9296094075800756</LP>
      <BETA>3.1671034277933945</BETA>
    </VegetationZoneParameters>
  </VegetationZone>
  <SubCatchment>
    <SubCatchmentParameters>
      <KSI>0.001</KSI>
      <KGmin>0.05</KGmin>
      <RangeKG>0.1</RangeKG>
      <AG>0.1</AG>
      <PERC>1.0333286978932772</PERC>
      <Alpha>0</Alpha>
      <UZL>126.50696310766047</UZL>
      <K0>0.24397844760715337</K0>
      <K1>0.092885960429600345</K1>
      <K2>0.02084599968417547</K2>
      <MAXBAS>1</MAXBAS>
      <Cet>0</Cet>
      <PCALT>10</PCALT>
      <TCALT>0.6</TCALT>
      <Pelev>2541</Pelev>
      <Telev>2541</Telev>
      <PART>0.5</PART>
      <DELAY>1</DELAY>
    </SubCatchmentParameters>
    <SubCatchmentVegetationZone>
      <SubCatchmentVegetationZoneParameters>
        <TT>-0.29426978103221457</TT>
        <CFMAX>2.0688634392400242</CFMAX>
        <SP>0</SP>
        <SFCF>1.3248870829988675</SFCF>
        <CFR>2.379378575498552E-07</CFR>
        <CWH>0.10000012392526221</CWH>
        <CFGlacier>1</CFGlacier>
        <CFSlope>1</CFSlope>
        <FC>1074.1358367609487</FC>
        <LP>0.9296094075800756</LP>
        <BETA>3.1671034277933945</BETA>
      </SubCatchmentVegetationZoneParameters>
    </SubCatchmentVegetationZone>
  </SubCatchment>
</Catchment>