<?xml version="1.0" encoding="utf-8"?>
<Catchment xmlns:xsi="http://www.w3.org/2001/XMLSchema-instance" xmlns:xsd="http://www.w3.org/2001/XMLSchema">
  <CatchmentParameters>
    <KSI>0.001</KSI>
    <KGmin>0.05</KGmin>
    <RangeKG>0.1</RangeKG>
    <AG>0.1</AG>
    <PERC>1.2324377714055164</PERC>
    <Alpha>0</Alpha>
    <UZL>161.3497054492546</UZL>
    <K0>0.12722298151315681</K0>
    <K1>0.080183103231760991</K1>
    <K2>0.022322731280056331</K2>
    <MAXBAS>1</MAXBAS>
    <Cet>0</Cet>
    <PCALT>10</PCALT>
    <TCALT>0.6</TCALT>
    <Pelev>2541</Pelev>
    <Telev>2541</Telev>
    <PART>0.5</PART>
    <DELAY>1</DELAY>
  </CatchmentParameters>
  <VegetationZone>
    <VegetationZoneParameters>
      <TT>-0.1158932222589654</TT>
      <CFMAX>2.5615770241304747</CFMAX>
      <SP>0</SP>
      <SFCF>1.3933503917541084</SFCF>
      <CFR>0.00023857662885284</CFR>
      <CWH>0.10000000017538813</CWH>
      <CFGlacier>1</CFGlacier>
      <CFSlope>1</CFSlope>
      <FC>1408.8991429067228</FC>
      <LP>0.90382403780593468</LP>
      <BETA>3.5505429391390115</BETA>
    </VegetationZoneParameters>
  </VegetationZone>
  <SubCatchment>
    <SubCatchmentParameters>
      <KSI>0.001</KSI>
      <KGmin>0.05</KGmin>
      <RangeKG>0.1</RangeKG>
      <AG>0.1</AG>
      <PERC>1.2324377714055164</PERC>
      <Alpha>0</Alpha>
      <UZL>161.3497054492546</UZL>
      <K0>0.12722298151315681</K0>
      <K1>0.080183103231760991</K1>
      <K2>0.022322731280056331</K2>
      <MAXBAS>1</MAXBAS>
      <Cet>0</Cet>
      <PCALT>10</PCALT>
      <TCALT>0.6</TCALT>
      <Pelev>2541</Pelev>
      <Telev>2541</Telev>
      <PART>0.5</PART>
      <DELAY>1</DELAY>
    </SubCatchmentParameters>
    <SubCatchmentVegetationZone>
      <SubCatchmentVegetationZoneParameters>
        <TT>-0.1158932222589654</TT>
        <CFMAX>2.5615770241304747</CFMAX>
        <SP>0</SP>
        <SFCF>1.3933503917541084</SFCF>
        <CFR>0.00023857662885284</CFR>
        <CWH>0.10000000017538813</CWH>
        <CFGlacier>1</CFGlacier>
        <CFSlope>1</CFSlope>
        <FC>1408.8991429067228</FC>
        <LP>0.90382403780593468</LP>
        <BETA>3.5505429391390115</BETA>
      </SubCatchmentVegetationZoneParameters>
    </SubCatchmentVegetationZone>
  </SubCatchment>
</Catchment>