<?xml version="1.0" encoding="utf-8"?>
<Catchment xmlns:xsi="http://www.w3.org/2001/XMLSchema-instance" xmlns:xsd="http://www.w3.org/2001/XMLSchema">
  <CatchmentParameters>
    <KSI>0.001</KSI>
    <KGmin>0.05</KGmin>
    <RangeKG>0.1</RangeKG>
    <AG>0.1</AG>
    <PERC>5.0561493435520415</PERC>
    <Alpha>0</Alpha>
    <UZL>33.463185875973615</UZL>
    <K0>0.98998698543845931</K0>
    <K1>0.17462109139001519</K1>
    <K2>0.093536224776807342</K2>
    <MAXBAS>1.7597560119698297</MAXBAS>
    <Cet>0</Cet>
    <PCALT>10</PCALT>
    <TCALT>0.6</TCALT>
    <Pelev>2541</Pelev>
    <Telev>2541</Telev>
    <PART>0.5</PART>
    <DELAY>1</DELAY>
  </CatchmentParameters>
  <VegetationZone>
    <VegetationZoneParameters>
      <TT>-0.87128740460192722</TT>
      <CFMAX>1.1201870175844626</CFMAX>
      <SP>0</SP>
      <SFCF>1.1091711032278604</SFCF>
      <CFR>0.099998568183340464</CFR>
      <CWH>0.10000001711151244</CWH>
      <CFGlacier>1</CFGlacier>
      <CFSlope>1</CFSlope>
      <FC>363.27138185532249</FC>
      <LP>0.30000719783131946</LP>
      <BETA>1.899933881508429</BETA>
    </VegetationZoneParameters>
  </VegetationZone>
  <SubCatchment>
    <SubCatchmentParameters>
      <KSI>0.001</KSI>
      <KGmin>0.05</KGmin>
      <RangeKG>0.1</RangeKG>
      <AG>0.1</AG>
      <PERC>5.0561493435520415</PERC>
      <Alpha>0</Alpha>
      <UZL>33.463185875973615</UZL>
      <K0>0.98998698543845931</K0>
      <K1>0.17462109139001519</K1>
      <K2>0.093536224776807342</K2>
      <MAXBAS>1.7597560119698297</MAXBAS>
      <Cet>0</Cet>
      <PCALT>10</PCALT>
      <TCALT>0.6</TCALT>
      <Pelev>2541</Pelev>
      <Telev>2541</Telev>
      <PART>0.5</PART>
      <DELAY>1</DELAY>
    </SubCatchmentParameters>
    <SubCatchmentVegetationZone>
      <SubCatchmentVegetationZoneParameters>
        <TT>-0.87128740460192722</TT>
        <CFMAX>1.1201870175844626</CFMAX>
        <SP>0</SP>
        <SFCF>1.1091711032278604</SFCF>
        <CFR>0.099998568183340464</CFR>
        <CWH>0.10000001711151244</CWH>
        <CFGlacier>1</CFGlacier>
        <CFSlope>1</CFSlope>
        <FC>363.27138185532249</FC>
        <LP>0.30000719783131946</LP>
        <BETA>1.899933881508429</BETA>
      </SubCatchmentVegetationZoneParameters>
    </SubCatchmentVegetationZone>
  </SubCatchment>
</Catchment>