<?xml version="1.0" encoding="utf-8"?>
<Catchment xmlns:xsi="http://www.w3.org/2001/XMLSchema-instance" xmlns:xsd="http://www.w3.org/2001/XMLSchema">
  <CatchmentParameters>
    <KSI>0.001</KSI>
    <KGmin>0.05</KGmin>
    <RangeKG>0.1</RangeKG>
    <AG>0.1</AG>
    <PERC>9.9998975690146246</PERC>
    <Alpha>0</Alpha>
    <UZL>81.008013926245567</UZL>
    <K0>0.51116232932807215</K0>
    <K1>0.5010520743077157</K1>
    <K2>0.10791621749087911</K2>
    <MAXBAS>2.2488859581988163</MAXBAS>
    <Cet>0</Cet>
    <PCALT>10</PCALT>
    <TCALT>0.6</TCALT>
    <Pelev>2541</Pelev>
    <Telev>2541</Telev>
    <PART>0.5</PART>
    <DELAY>1</DELAY>
  </CatchmentParameters>
  <VegetationZone>
    <VegetationZoneParameters>
      <TT>-0.9783991128913363</TT>
      <CFMAX>1.1344572987418531</CFMAX>
      <SP>0</SP>
      <SFCF>1.1200342435042565</SFCF>
      <CFR>0.098983159476101312</CFR>
      <CWH>0.10963306238316625</CWH>
      <CFGlacier>1</CFGlacier>
      <CFSlope>1</CFSlope>
      <FC>404.20121675780842</FC>
      <LP>0.41845522454801792</LP>
      <BETA>2.1524828804351084</BETA>
    </VegetationZoneParameters>
  </VegetationZone>
  <SubCatchment>
    <SubCatchmentParameters>
      <KSI>0.001</KSI>
      <KGmin>0.05</KGmin>
      <RangeKG>0.1</RangeKG>
      <AG>0.1</AG>
      <PERC>9.9998975690146246</PERC>
      <Alpha>0</Alpha>
      <UZL>81.008013926245567</UZL>
      <K0>0.51116232932807215</K0>
      <K1>0.5010520743077157</K1>
      <K2>0.10791621749087911</K2>
      <MAXBAS>2.2488859581988163</MAXBAS>
      <Cet>0</Cet>
      <PCALT>10</PCALT>
      <TCALT>0.6</TCALT>
      <Pelev>2541</Pelev>
      <Telev>2541</Telev>
      <PART>0.5</PART>
      <DELAY>1</DELAY>
    </SubCatchmentParameters>
    <SubCatchmentVegetationZone>
      <SubCatchmentVegetationZoneParameters>
        <TT>-0.9783991128913363</TT>
        <CFMAX>1.1344572987418531</CFMAX>
        <SP>0</SP>
        <SFCF>1.1200342435042565</SFCF>
        <CFR>0.098983159476101312</CFR>
        <CWH>0.10963306238316625</CWH>
        <CFGlacier>1</CFGlacier>
        <CFSlope>1</CFSlope>
        <FC>404.20121675780842</FC>
        <LP>0.41845522454801792</LP>
        <BETA>2.1524828804351084</BETA>
      </SubCatchmentVegetationZoneParameters>
    </SubCatchmentVegetationZone>
  </SubCatchment>
</Catchment>