<?xml version="1.0" encoding="utf-8"?>
<Catchment xmlns:xsi="http://www.w3.org/2001/XMLSchema-instance" xmlns:xsd="http://www.w3.org/2001/XMLSchema">
  <CatchmentParameters>
    <KSI>0.001</KSI>
    <KGmin>0.05</KGmin>
    <RangeKG>0.1</RangeKG>
    <AG>0.1</AG>
    <PERC>9.9999873955436041</PERC>
    <Alpha>0</Alpha>
    <UZL>51.621072130955149</UZL>
    <K0>0.56998393725254037</K0>
    <K1>0.49594019796925748</K1>
    <K2>0.10864691919607347</K2>
    <MAXBAS>2.3491276172184392</MAXBAS>
    <Cet>0</Cet>
    <PCALT>10</PCALT>
    <TCALT>0.6</TCALT>
    <Pelev>2541</Pelev>
    <Telev>2541</Telev>
    <PART>0.5</PART>
    <DELAY>1</DELAY>
  </CatchmentParameters>
  <VegetationZone>
    <VegetationZoneParameters>
      <TT>-0.9431038924489108</TT>
      <CFMAX>1.1442229328227087</CFMAX>
      <SP>0</SP>
      <SFCF>1.0974974111144553</SFCF>
      <CFR>0.099997216040382142</CFR>
      <CWH>0.12399569348967719</CWH>
      <CFGlacier>1</CFGlacier>
      <CFSlope>1</CFSlope>
      <FC>394.60425642114103</FC>
      <LP>0.54719953725086046</LP>
      <BETA>2.2573437865157087</BETA>
    </VegetationZoneParameters>
  </VegetationZone>
  <SubCatchment>
    <SubCatchmentParameters>
      <KSI>0.001</KSI>
      <KGmin>0.05</KGmin>
      <RangeKG>0.1</RangeKG>
      <AG>0.1</AG>
      <PERC>9.9999873955436041</PERC>
      <Alpha>0</Alpha>
      <UZL>51.621072130955149</UZL>
      <K0>0.56998393725254037</K0>
      <K1>0.49594019796925748</K1>
      <K2>0.10864691919607347</K2>
      <MAXBAS>2.3491276172184392</MAXBAS>
      <Cet>0</Cet>
      <PCALT>10</PCALT>
      <TCALT>0.6</TCALT>
      <Pelev>2541</Pelev>
      <Telev>2541</Telev>
      <PART>0.5</PART>
      <DELAY>1</DELAY>
    </SubCatchmentParameters>
    <SubCatchmentVegetationZone>
      <SubCatchmentVegetationZoneParameters>
        <TT>-0.9431038924489108</TT>
        <CFMAX>1.1442229328227087</CFMAX>
        <SP>0</SP>
        <SFCF>1.0974974111144553</SFCF>
        <CFR>0.099997216040382142</CFR>
        <CWH>0.12399569348967719</CWH>
        <CFGlacier>1</CFGlacier>
        <CFSlope>1</CFSlope>
        <FC>394.60425642114103</FC>
        <LP>0.54719953725086046</LP>
        <BETA>2.2573437865157087</BETA>
      </SubCatchmentVegetationZoneParameters>
    </SubCatchmentVegetationZone>
  </SubCatchment>
</Catchment>