<?xml version="1.0" encoding="utf-8"?>
<Catchment xmlns:xsi="http://www.w3.org/2001/XMLSchema-instance" xmlns:xsd="http://www.w3.org/2001/XMLSchema">
  <CatchmentParameters>
    <KSI>0.001</KSI>
    <KGmin>0.05</KGmin>
    <RangeKG>0.1</RangeKG>
    <AG>0.1</AG>
    <PERC>9.9999795879454112</PERC>
    <Alpha>0</Alpha>
    <UZL>96.127090370284378</UZL>
    <K0>0.55250464372495023</K0>
    <K1>0.40514780462835703</K1>
    <K2>0.096565494357587545</K2>
    <MAXBAS>2.4999939835258762</MAXBAS>
    <Cet>0</Cet>
    <PCALT>10</PCALT>
    <TCALT>0.6</TCALT>
    <Pelev>2541</Pelev>
    <Telev>2541</Telev>
    <PART>0.5</PART>
    <DELAY>1</DELAY>
  </CatchmentParameters>
  <VegetationZone>
    <VegetationZoneParameters>
      <TT>-0.51200047870772669</TT>
      <CFMAX>1.370933553214482</CFMAX>
      <SP>0</SP>
      <SFCF>1.1293005037188286</SFCF>
      <CFR>0.0076844239157575133</CFR>
      <CWH>0.10000023484649424</CWH>
      <CFGlacier>1</CFGlacier>
      <CFSlope>1</CFSlope>
      <FC>378.69163819291003</FC>
      <LP>0.30000227560803183</LP>
      <BETA>1.6520884471277557</BETA>
    </VegetationZoneParameters>
  </VegetationZone>
  <SubCatchment>
    <SubCatchmentParameters>
      <KSI>0.001</KSI>
      <KGmin>0.05</KGmin>
      <RangeKG>0.1</RangeKG>
      <AG>0.1</AG>
      <PERC>9.9999795879454112</PERC>
      <Alpha>0</Alpha>
      <UZL>96.127090370284378</UZL>
      <K0>0.55250464372495023</K0>
      <K1>0.40514780462835703</K1>
      <K2>0.096565494357587545</K2>
      <MAXBAS>2.4999939835258762</MAXBAS>
      <Cet>0</Cet>
      <PCALT>10</PCALT>
      <TCALT>0.6</TCALT>
      <Pelev>2541</Pelev>
      <Telev>2541</Telev>
      <PART>0.5</PART>
      <DELAY>1</DELAY>
    </SubCatchmentParameters>
    <SubCatchmentVegetationZone>
      <SubCatchmentVegetationZoneParameters>
        <TT>-0.51200047870772669</TT>
        <CFMAX>1.370933553214482</CFMAX>
        <SP>0</SP>
        <SFCF>1.1293005037188286</SFCF>
        <CFR>0.0076844239157575133</CFR>
        <CWH>0.10000023484649424</CWH>
        <CFGlacier>1</CFGlacier>
        <CFSlope>1</CFSlope>
        <FC>378.69163819291003</FC>
        <LP>0.30000227560803183</LP>
        <BETA>1.6520884471277557</BETA>
      </SubCatchmentVegetationZoneParameters>
    </SubCatchmentVegetationZone>
  </SubCatchment>
</Catchment>