<?xml version="1.0" encoding="utf-8"?>
<Catchment xmlns:xsi="http://www.w3.org/2001/XMLSchema-instance" xmlns:xsd="http://www.w3.org/2001/XMLSchema">
  <CatchmentParameters>
    <KSI>0.001</KSI>
    <KGmin>0.05</KGmin>
    <RangeKG>0.1</RangeKG>
    <AG>0.1</AG>
    <PERC>1.157321696044207</PERC>
    <Alpha>0</Alpha>
    <UZL>121.77698041179315</UZL>
    <K0>0.53015033931566946</K0>
    <K1>0.097771783745828372</K1>
    <K2>0.022027561676186698</K2>
    <MAXBAS>1</MAXBAS>
    <Cet>0</Cet>
    <PCALT>10</PCALT>
    <TCALT>0.6</TCALT>
    <Pelev>2541</Pelev>
    <Telev>2541</Telev>
    <PART>0.5</PART>
    <DELAY>1</DELAY>
  </CatchmentParameters>
  <VegetationZone>
    <VegetationZoneParameters>
      <TT>-0.36064525844860185</TT>
      <CFMAX>2.1971073969230268</CFMAX>
      <SP>0</SP>
      <SFCF>1.407830806463207</SFCF>
      <CFR>6.4820984268232131E-10</CFR>
      <CWH>0.10000002325323298</CWH>
      <CFGlacier>1</CFGlacier>
      <CFSlope>1</CFSlope>
      <FC>1214.6210571456015</FC>
      <LP>0.83636324488852232</LP>
      <BETA>3.1142421087412533</BETA>
    </VegetationZoneParameters>
  </VegetationZone>
  <SubCatchment>
    <SubCatchmentParameters>
      <KSI>0.001</KSI>
      <KGmin>0.05</KGmin>
      <RangeKG>0.1</RangeKG>
      <AG>0.1</AG>
      <PERC>1.157321696044207</PERC>
      <Alpha>0</Alpha>
      <UZL>121.77698041179315</UZL>
      <K0>0.53015033931566946</K0>
      <K1>0.097771783745828372</K1>
      <K2>0.022027561676186698</K2>
      <MAXBAS>1</MAXBAS>
      <Cet>0</Cet>
      <PCALT>10</PCALT>
      <TCALT>0.6</TCALT>
      <Pelev>2541</Pelev>
      <Telev>2541</Telev>
      <PART>0.5</PART>
      <DELAY>1</DELAY>
    </SubCatchmentParameters>
    <SubCatchmentVegetationZone>
      <SubCatchmentVegetationZoneParameters>
        <TT>-0.36064525844860185</TT>
        <CFMAX>2.1971073969230268</CFMAX>
        <SP>0</SP>
        <SFCF>1.407830806463207</SFCF>
        <CFR>6.4820984268232131E-10</CFR>
        <CWH>0.10000002325323298</CWH>
        <CFGlacier>1</CFGlacier>
        <CFSlope>1</CFSlope>
        <FC>1214.6210571456015</FC>
        <LP>0.83636324488852232</LP>
        <BETA>3.1142421087412533</BETA>
      </SubCatchmentVegetationZoneParameters>
    </SubCatchmentVegetationZone>
  </SubCatchment>
</Catchment>