<?xml version="1.0" encoding="utf-8"?>
<Catchment xmlns:xsi="http://www.w3.org/2001/XMLSchema-instance" xmlns:xsd="http://www.w3.org/2001/XMLSchema">
  <CatchmentParameters>
    <KSI>0.001</KSI>
    <KGmin>0.05</KGmin>
    <RangeKG>0.1</RangeKG>
    <AG>0.1</AG>
    <PERC>0.79442225309967984</PERC>
    <Alpha>0</Alpha>
    <UZL>113.41236935824048</UZL>
    <K0>0.12929127995700102</K0>
    <K1>0.10701869197113159</K1>
    <K2>0.018959487488054698</K2>
    <MAXBAS>1</MAXBAS>
    <Cet>0</Cet>
    <PCALT>10</PCALT>
    <TCALT>0.6</TCALT>
    <Pelev>2541</Pelev>
    <Telev>2541</Telev>
    <PART>0.5</PART>
    <DELAY>1</DELAY>
  </CatchmentParameters>
  <VegetationZone>
    <VegetationZoneParameters>
      <TT>-0.65765654098774173</TT>
      <CFMAX>1.4578066261813742</CFMAX>
      <SP>0</SP>
      <SFCF>1.1861712022428033</SFCF>
      <CFR>8.16461406004829E-07</CFR>
      <CWH>0.10000044821182633</CWH>
      <CFGlacier>1</CFGlacier>
      <CFSlope>1</CFSlope>
      <FC>579.88927249294534</FC>
      <LP>0.854357196282297</LP>
      <BETA>2.2466988543679474</BETA>
    </VegetationZoneParameters>
  </VegetationZone>
  <SubCatchment>
    <SubCatchmentParameters>
      <KSI>0.001</KSI>
      <KGmin>0.05</KGmin>
      <RangeKG>0.1</RangeKG>
      <AG>0.1</AG>
      <PERC>0.79442225309967984</PERC>
      <Alpha>0</Alpha>
      <UZL>113.41236935824048</UZL>
      <K0>0.12929127995700102</K0>
      <K1>0.10701869197113159</K1>
      <K2>0.018959487488054698</K2>
      <MAXBAS>1</MAXBAS>
      <Cet>0</Cet>
      <PCALT>10</PCALT>
      <TCALT>0.6</TCALT>
      <Pelev>2541</Pelev>
      <Telev>2541</Telev>
      <PART>0.5</PART>
      <DELAY>1</DELAY>
    </SubCatchmentParameters>
    <SubCatchmentVegetationZone>
      <SubCatchmentVegetationZoneParameters>
        <TT>-0.65765654098774173</TT>
        <CFMAX>1.4578066261813742</CFMAX>
        <SP>0</SP>
        <SFCF>1.1861712022428033</SFCF>
        <CFR>8.16461406004829E-07</CFR>
        <CWH>0.10000044821182633</CWH>
        <CFGlacier>1</CFGlacier>
        <CFSlope>1</CFSlope>
        <FC>579.88927249294534</FC>
        <LP>0.854357196282297</LP>
        <BETA>2.2466988543679474</BETA>
      </SubCatchmentVegetationZoneParameters>
    </SubCatchmentVegetationZone>
  </SubCatchment>
</Catchment>