<?xml version="1.0" encoding="utf-8"?>
<Catchment xmlns:xsi="http://www.w3.org/2001/XMLSchema-instance" xmlns:xsd="http://www.w3.org/2001/XMLSchema">
  <CatchmentParameters>
    <KSI>0.001</KSI>
    <KGmin>0.05</KGmin>
    <RangeKG>0.1</RangeKG>
    <AG>0.1</AG>
    <PERC>0.79274176981631517</PERC>
    <Alpha>0</Alpha>
    <UZL>47.460688763480576</UZL>
    <K0>0.12941187090106507</K0>
    <K1>0.091849196807299666</K1>
    <K2>0.018019960326993375</K2>
    <MAXBAS>1</MAXBAS>
    <Cet>0</Cet>
    <PCALT>10</PCALT>
    <TCALT>0.6</TCALT>
    <Pelev>2541</Pelev>
    <Telev>2541</Telev>
    <PART>0.5</PART>
    <DELAY>1</DELAY>
  </CatchmentParameters>
  <VegetationZone>
    <VegetationZoneParameters>
      <TT>-0.87127471420488911</TT>
      <CFMAX>1.1923859237062326</CFMAX>
      <SP>0</SP>
      <SFCF>1.10157197579851</SFCF>
      <CFR>0.099997228517255454</CFR>
      <CWH>0.10000000012521458</CWH>
      <CFGlacier>1</CFGlacier>
      <CFSlope>1</CFSlope>
      <FC>443.4879891668329</FC>
      <LP>0.85795961948261057</LP>
      <BETA>2.3202095341803051</BETA>
    </VegetationZoneParameters>
  </VegetationZone>
  <SubCatchment>
    <SubCatchmentParameters>
      <KSI>0.001</KSI>
      <KGmin>0.05</KGmin>
      <RangeKG>0.1</RangeKG>
      <AG>0.1</AG>
      <PERC>0.79274176981631517</PERC>
      <Alpha>0</Alpha>
      <UZL>47.460688763480576</UZL>
      <K0>0.12941187090106507</K0>
      <K1>0.091849196807299666</K1>
      <K2>0.018019960326993375</K2>
      <MAXBAS>1</MAXBAS>
      <Cet>0</Cet>
      <PCALT>10</PCALT>
      <TCALT>0.6</TCALT>
      <Pelev>2541</Pelev>
      <Telev>2541</Telev>
      <PART>0.5</PART>
      <DELAY>1</DELAY>
    </SubCatchmentParameters>
    <SubCatchmentVegetationZone>
      <SubCatchmentVegetationZoneParameters>
        <TT>-0.87127471420488911</TT>
        <CFMAX>1.1923859237062326</CFMAX>
        <SP>0</SP>
        <SFCF>1.10157197579851</SFCF>
        <CFR>0.099997228517255454</CFR>
        <CWH>0.10000000012521458</CWH>
        <CFGlacier>1</CFGlacier>
        <CFSlope>1</CFSlope>
        <FC>443.4879891668329</FC>
        <LP>0.85795961948261057</LP>
        <BETA>2.3202095341803051</BETA>
      </SubCatchmentVegetationZoneParameters>
    </SubCatchmentVegetationZone>
  </SubCatchment>
</Catchment>