<?xml version="1.0" encoding="utf-8"?>
<Catchment xmlns:xsi="http://www.w3.org/2001/XMLSchema-instance" xmlns:xsd="http://www.w3.org/2001/XMLSchema">
  <CatchmentParameters>
    <KSI>0.001</KSI>
    <KGmin>0.05</KGmin>
    <RangeKG>0.1</RangeKG>
    <AG>0.1</AG>
    <PERC>8.1390991244551216</PERC>
    <Alpha>0</Alpha>
    <UZL>143.98623883044067</UZL>
    <K0>0.19859699754867921</K0>
    <K1>0.3639403757050374</K1>
    <K2>0.10283980682350211</K2>
    <MAXBAS>2.4999935915572924</MAXBAS>
    <Cet>0</Cet>
    <PCALT>10</PCALT>
    <TCALT>0.6</TCALT>
    <Pelev>2541</Pelev>
    <Telev>2541</Telev>
    <PART>0.5</PART>
    <DELAY>1</DELAY>
  </CatchmentParameters>
  <VegetationZone>
    <VegetationZoneParameters>
      <TT>-0.26799583135232224</TT>
      <CFMAX>1.1446209339616882</CFMAX>
      <SP>0</SP>
      <SFCF>0.898259404477956</SFCF>
      <CFR>2.8921204367867909E-07</CFR>
      <CWH>0.10000016988159485</CWH>
      <CFGlacier>1</CFGlacier>
      <CFSlope>1</CFSlope>
      <FC>268.96839031893916</FC>
      <LP>0.300004539112044</LP>
      <BETA>2.6302078613845725</BETA>
    </VegetationZoneParameters>
  </VegetationZone>
  <SubCatchment>
    <SubCatchmentParameters>
      <KSI>0.001</KSI>
      <KGmin>0.05</KGmin>
      <RangeKG>0.1</RangeKG>
      <AG>0.1</AG>
      <PERC>8.1390991244551216</PERC>
      <Alpha>0</Alpha>
      <UZL>143.98623883044067</UZL>
      <K0>0.19859699754867921</K0>
      <K1>0.3639403757050374</K1>
      <K2>0.10283980682350211</K2>
      <MAXBAS>2.4999935915572924</MAXBAS>
      <Cet>0</Cet>
      <PCALT>10</PCALT>
      <TCALT>0.6</TCALT>
      <Pelev>2541</Pelev>
      <Telev>2541</Telev>
      <PART>0.5</PART>
      <DELAY>1</DELAY>
    </SubCatchmentParameters>
    <SubCatchmentVegetationZone>
      <SubCatchmentVegetationZoneParameters>
        <TT>-0.26799583135232224</TT>
        <CFMAX>1.1446209339616882</CFMAX>
        <SP>0</SP>
        <SFCF>0.898259404477956</SFCF>
        <CFR>2.8921204367867909E-07</CFR>
        <CWH>0.10000016988159485</CWH>
        <CFGlacier>1</CFGlacier>
        <CFSlope>1</CFSlope>
        <FC>268.96839031893916</FC>
        <LP>0.300004539112044</LP>
        <BETA>2.6302078613845725</BETA>
      </SubCatchmentVegetationZoneParameters>
    </SubCatchmentVegetationZone>
  </SubCatchment>
</Catchment>