<?xml version="1.0" encoding="utf-8"?>
<Catchment xmlns:xsi="http://www.w3.org/2001/XMLSchema-instance" xmlns:xsd="http://www.w3.org/2001/XMLSchema">
  <CatchmentParameters>
    <KSI>0.001</KSI>
    <KGmin>0.05</KGmin>
    <RangeKG>0.1</RangeKG>
    <AG>0.1</AG>
    <PERC>8.6964893351513339</PERC>
    <Alpha>0</Alpha>
    <UZL>141.03944257637252</UZL>
    <K0>0.80855540524633</K0>
    <K1>0.40885604282918</K1>
    <K2>0.11546467792879993</K2>
    <MAXBAS>1.8378606070686814</MAXBAS>
    <Cet>0</Cet>
    <PCALT>10</PCALT>
    <TCALT>0.6</TCALT>
    <Pelev>2541</Pelev>
    <Telev>2541</Telev>
    <PART>0.5</PART>
    <DELAY>1</DELAY>
  </CatchmentParameters>
  <VegetationZone>
    <VegetationZoneParameters>
      <TT>-1.755767396190919</TT>
      <CFMAX>1.0258632544900392</CFMAX>
      <SP>0</SP>
      <SFCF>1.2826793653501565</SFCF>
      <CFR>0.09999877398646051</CFR>
      <CWH>0.18002204405562558</CWH>
      <CFGlacier>1</CFGlacier>
      <CFSlope>1</CFSlope>
      <FC>522.03649241664584</FC>
      <LP>0.54467188671831912</LP>
      <BETA>2.1449405474318537</BETA>
    </VegetationZoneParameters>
  </VegetationZone>
  <SubCatchment>
    <SubCatchmentParameters>
      <KSI>0.001</KSI>
      <KGmin>0.05</KGmin>
      <RangeKG>0.1</RangeKG>
      <AG>0.1</AG>
      <PERC>8.6964893351513339</PERC>
      <Alpha>0</Alpha>
      <UZL>141.03944257637252</UZL>
      <K0>0.80855540524633</K0>
      <K1>0.40885604282918</K1>
      <K2>0.11546467792879993</K2>
      <MAXBAS>1.8378606070686814</MAXBAS>
      <Cet>0</Cet>
      <PCALT>10</PCALT>
      <TCALT>0.6</TCALT>
      <Pelev>2541</Pelev>
      <Telev>2541</Telev>
      <PART>0.5</PART>
      <DELAY>1</DELAY>
    </SubCatchmentParameters>
    <SubCatchmentVegetationZone>
      <SubCatchmentVegetationZoneParameters>
        <TT>-1.755767396190919</TT>
        <CFMAX>1.0258632544900392</CFMAX>
        <SP>0</SP>
        <SFCF>1.2826793653501565</SFCF>
        <CFR>0.09999877398646051</CFR>
        <CWH>0.18002204405562558</CWH>
        <CFGlacier>1</CFGlacier>
        <CFSlope>1</CFSlope>
        <FC>522.03649241664584</FC>
        <LP>0.54467188671831912</LP>
        <BETA>2.1449405474318537</BETA>
      </SubCatchmentVegetationZoneParameters>
    </SubCatchmentVegetationZone>
  </SubCatchment>
</Catchment>