<?xml version="1.0" encoding="utf-8"?>
<Catchment xmlns:xsi="http://www.w3.org/2001/XMLSchema-instance" xmlns:xsd="http://www.w3.org/2001/XMLSchema">
  <CatchmentParameters>
    <KSI>0.001</KSI>
    <KGmin>0.05</KGmin>
    <RangeKG>0.1</RangeKG>
    <AG>0.1</AG>
    <PERC>9.8211736862954027</PERC>
    <Alpha>0</Alpha>
    <UZL>162.8571929802487</UZL>
    <K0>0.59376076453508686</K0>
    <K1>0.37962327992936556</K1>
    <K2>0.087322531734430539</K2>
    <MAXBAS>2.4999869686715144</MAXBAS>
    <Cet>0</Cet>
    <PCALT>10</PCALT>
    <TCALT>0.6</TCALT>
    <Pelev>2541</Pelev>
    <Telev>2541</Telev>
    <PART>0.5</PART>
    <DELAY>1</DELAY>
  </CatchmentParameters>
  <VegetationZone>
    <VegetationZoneParameters>
      <TT>-0.0790927249253402</TT>
      <CFMAX>1.3777754800613422</CFMAX>
      <SP>0</SP>
      <SFCF>0.98782432931247244</SFCF>
      <CFR>1.1906803992982427E-05</CFR>
      <CWH>0.10000002598088133</CWH>
      <CFGlacier>1</CFGlacier>
      <CFSlope>1</CFSlope>
      <FC>280.79507446724909</FC>
      <LP>0.30000134138336532</LP>
      <BETA>1.980071449539752</BETA>
    </VegetationZoneParameters>
  </VegetationZone>
  <SubCatchment>
    <SubCatchmentParameters>
      <KSI>0.001</KSI>
      <KGmin>0.05</KGmin>
      <RangeKG>0.1</RangeKG>
      <AG>0.1</AG>
      <PERC>9.8211736862954027</PERC>
      <Alpha>0</Alpha>
      <UZL>162.8571929802487</UZL>
      <K0>0.59376076453508686</K0>
      <K1>0.37962327992936556</K1>
      <K2>0.087322531734430539</K2>
      <MAXBAS>2.4999869686715144</MAXBAS>
      <Cet>0</Cet>
      <PCALT>10</PCALT>
      <TCALT>0.6</TCALT>
      <Pelev>2541</Pelev>
      <Telev>2541</Telev>
      <PART>0.5</PART>
      <DELAY>1</DELAY>
    </SubCatchmentParameters>
    <SubCatchmentVegetationZone>
      <SubCatchmentVegetationZoneParameters>
        <TT>-0.0790927249253402</TT>
        <CFMAX>1.3777754800613422</CFMAX>
        <SP>0</SP>
        <SFCF>0.98782432931247244</SFCF>
        <CFR>1.1906803992982427E-05</CFR>
        <CWH>0.10000002598088133</CWH>
        <CFGlacier>1</CFGlacier>
        <CFSlope>1</CFSlope>
        <FC>280.79507446724909</FC>
        <LP>0.30000134138336532</LP>
        <BETA>1.980071449539752</BETA>
      </SubCatchmentVegetationZoneParameters>
    </SubCatchmentVegetationZone>
  </SubCatchment>
</Catchment>