<?xml version="1.0" encoding="utf-8"?>
<Catchment xmlns:xsi="http://www.w3.org/2001/XMLSchema-instance" xmlns:xsd="http://www.w3.org/2001/XMLSchema">
  <CatchmentParameters>
    <KSI>0.001</KSI>
    <KGmin>0.05</KGmin>
    <RangeKG>0.1</RangeKG>
    <AG>0.1</AG>
    <PERC>8.2761611060426787</PERC>
    <Alpha>0</Alpha>
    <UZL>99.756788299735078</UZL>
    <K0>0.55522877826364025</K0>
    <K1>0.37127915333005013</K1>
    <K2>0.10076956685066402</K2>
    <MAXBAS>2.4999984540859872</MAXBAS>
    <Cet>0</Cet>
    <PCALT>10</PCALT>
    <TCALT>0.6</TCALT>
    <Pelev>2541</Pelev>
    <Telev>2541</Telev>
    <PART>0.5</PART>
    <DELAY>1</DELAY>
  </CatchmentParameters>
  <VegetationZone>
    <VegetationZoneParameters>
      <TT>-0.26799595993682551</TT>
      <CFMAX>1.1482032659694341</CFMAX>
      <SP>0</SP>
      <SFCF>0.91156248224425562</SFCF>
      <CFR>1.7942358226177846E-05</CFR>
      <CWH>0.10000052064224743</CWH>
      <CFGlacier>1</CFGlacier>
      <CFSlope>1</CFSlope>
      <FC>273.647871919685</FC>
      <LP>0.30000026041395483</LP>
      <BETA>2.5002245549229238</BETA>
    </VegetationZoneParameters>
  </VegetationZone>
  <SubCatchment>
    <SubCatchmentParameters>
      <KSI>0.001</KSI>
      <KGmin>0.05</KGmin>
      <RangeKG>0.1</RangeKG>
      <AG>0.1</AG>
      <PERC>8.2761611060426787</PERC>
      <Alpha>0</Alpha>
      <UZL>99.756788299735078</UZL>
      <K0>0.55522877826364025</K0>
      <K1>0.37127915333005013</K1>
      <K2>0.10076956685066402</K2>
      <MAXBAS>2.4999984540859872</MAXBAS>
      <Cet>0</Cet>
      <PCALT>10</PCALT>
      <TCALT>0.6</TCALT>
      <Pelev>2541</Pelev>
      <Telev>2541</Telev>
      <PART>0.5</PART>
      <DELAY>1</DELAY>
    </SubCatchmentParameters>
    <SubCatchmentVegetationZone>
      <SubCatchmentVegetationZoneParameters>
        <TT>-0.26799595993682551</TT>
        <CFMAX>1.1482032659694341</CFMAX>
        <SP>0</SP>
        <SFCF>0.91156248224425562</SFCF>
        <CFR>1.7942358226177846E-05</CFR>
        <CWH>0.10000052064224743</CWH>
        <CFGlacier>1</CFGlacier>
        <CFSlope>1</CFSlope>
        <FC>273.647871919685</FC>
        <LP>0.30000026041395483</LP>
        <BETA>2.5002245549229238</BETA>
      </SubCatchmentVegetationZoneParameters>
    </SubCatchmentVegetationZone>
  </SubCatchment>
</Catchment>