<?xml version="1.0" encoding="utf-8"?>
<Catchment xmlns:xsi="http://www.w3.org/2001/XMLSchema-instance" xmlns:xsd="http://www.w3.org/2001/XMLSchema">
  <CatchmentParameters>
    <KSI>0.001</KSI>
    <KGmin>0.05</KGmin>
    <RangeKG>0.1</RangeKG>
    <AG>0.1</AG>
    <PERC>9.5489881473190774</PERC>
    <Alpha>0</Alpha>
    <UZL>23.762775096639132</UZL>
    <K0>0.98999011225756472</K0>
    <K1>0.19638680264190334</K1>
    <K2>0.075909920779801771</K2>
    <MAXBAS>2.4999940465659534</MAXBAS>
    <Cet>0</Cet>
    <PCALT>10</PCALT>
    <TCALT>0.6</TCALT>
    <Pelev>2541</Pelev>
    <Telev>2541</Telev>
    <PART>0.5</PART>
    <DELAY>1</DELAY>
  </CatchmentParameters>
  <VegetationZone>
    <VegetationZoneParameters>
      <TT>0.20338339184339474</TT>
      <CFMAX>1.4380179485657902</CFMAX>
      <SP>0</SP>
      <SFCF>0.899625879201869</SFCF>
      <CFR>0.01675213899901851</CFR>
      <CWH>0.1000000737144405</CWH>
      <CFGlacier>1</CFGlacier>
      <CFSlope>1</CFSlope>
      <FC>230.47162761699789</FC>
      <LP>0.30000219998746147</LP>
      <BETA>2.8132256552181705</BETA>
    </VegetationZoneParameters>
  </VegetationZone>
  <SubCatchment>
    <SubCatchmentParameters>
      <KSI>0.001</KSI>
      <KGmin>0.05</KGmin>
      <RangeKG>0.1</RangeKG>
      <AG>0.1</AG>
      <PERC>9.5489881473190774</PERC>
      <Alpha>0</Alpha>
      <UZL>23.762775096639132</UZL>
      <K0>0.98999011225756472</K0>
      <K1>0.19638680264190334</K1>
      <K2>0.075909920779801771</K2>
      <MAXBAS>2.4999940465659534</MAXBAS>
      <Cet>0</Cet>
      <PCALT>10</PCALT>
      <TCALT>0.6</TCALT>
      <Pelev>2541</Pelev>
      <Telev>2541</Telev>
      <PART>0.5</PART>
      <DELAY>1</DELAY>
    </SubCatchmentParameters>
    <SubCatchmentVegetationZone>
      <SubCatchmentVegetationZoneParameters>
        <TT>0.20338339184339474</TT>
        <CFMAX>1.4380179485657902</CFMAX>
        <SP>0</SP>
        <SFCF>0.899625879201869</SFCF>
        <CFR>0.01675213899901851</CFR>
        <CWH>0.1000000737144405</CWH>
        <CFGlacier>1</CFGlacier>
        <CFSlope>1</CFSlope>
        <FC>230.47162761699789</FC>
        <LP>0.30000219998746147</LP>
        <BETA>2.8132256552181705</BETA>
      </SubCatchmentVegetationZoneParameters>
    </SubCatchmentVegetationZone>
  </SubCatchment>
</Catchment>