<?xml version="1.0" encoding="utf-8"?>
<Catchment xmlns:xsi="http://www.w3.org/2001/XMLSchema-instance" xmlns:xsd="http://www.w3.org/2001/XMLSchema">
  <CatchmentParameters>
    <KSI>0.001</KSI>
    <KGmin>0.05</KGmin>
    <RangeKG>0.1</RangeKG>
    <AG>0.1</AG>
    <PERC>8.5318020689553116</PERC>
    <Alpha>0</Alpha>
    <UZL>185.7611904094525</UZL>
    <K0>0.53265798126356445</K0>
    <K1>0.410147738786758</K1>
    <K2>0.11631228361125645</K2>
    <MAXBAS>1.8195151859084697</MAXBAS>
    <Cet>0</Cet>
    <PCALT>10</PCALT>
    <TCALT>0.6</TCALT>
    <Pelev>2541</Pelev>
    <Telev>2541</Telev>
    <PART>0.5</PART>
    <DELAY>1</DELAY>
  </CatchmentParameters>
  <VegetationZone>
    <VegetationZoneParameters>
      <TT>-1.4955006970908771</TT>
      <CFMAX>1.0474638819846802</CFMAX>
      <SP>0</SP>
      <SFCF>1.2125466016430426</SFCF>
      <CFR>0.099997938390734939</CFR>
      <CWH>0.14712803620183029</CWH>
      <CFGlacier>1</CFGlacier>
      <CFSlope>1</CFSlope>
      <FC>487.2950674428912</FC>
      <LP>0.50784503133211822</LP>
      <BETA>2.181429160579571</BETA>
    </VegetationZoneParameters>
  </VegetationZone>
  <SubCatchment>
    <SubCatchmentParameters>
      <KSI>0.001</KSI>
      <KGmin>0.05</KGmin>
      <RangeKG>0.1</RangeKG>
      <AG>0.1</AG>
      <PERC>8.5318020689553116</PERC>
      <Alpha>0</Alpha>
      <UZL>185.7611904094525</UZL>
      <K0>0.53265798126356445</K0>
      <K1>0.410147738786758</K1>
      <K2>0.11631228361125645</K2>
      <MAXBAS>1.8195151859084697</MAXBAS>
      <Cet>0</Cet>
      <PCALT>10</PCALT>
      <TCALT>0.6</TCALT>
      <Pelev>2541</Pelev>
      <Telev>2541</Telev>
      <PART>0.5</PART>
      <DELAY>1</DELAY>
    </SubCatchmentParameters>
    <SubCatchmentVegetationZone>
      <SubCatchmentVegetationZoneParameters>
        <TT>-1.4955006970908771</TT>
        <CFMAX>1.0474638819846802</CFMAX>
        <SP>0</SP>
        <SFCF>1.2125466016430426</SFCF>
        <CFR>0.099997938390734939</CFR>
        <CWH>0.14712803620183029</CWH>
        <CFGlacier>1</CFGlacier>
        <CFSlope>1</CFSlope>
        <FC>487.2950674428912</FC>
        <LP>0.50784503133211822</LP>
        <BETA>2.181429160579571</BETA>
      </SubCatchmentVegetationZoneParameters>
    </SubCatchmentVegetationZone>
  </SubCatchment>
</Catchment>