<?xml version="1.0" encoding="utf-8"?>
<Catchment xmlns:xsi="http://www.w3.org/2001/XMLSchema-instance" xmlns:xsd="http://www.w3.org/2001/XMLSchema">
  <CatchmentParameters>
    <KSI>0.001</KSI>
    <KGmin>0.05</KGmin>
    <RangeKG>0.1</RangeKG>
    <AG>0.1</AG>
    <PERC>7.844282079936308</PERC>
    <Alpha>0</Alpha>
    <UZL>162.4165215639795</UZL>
    <K0>0.349493129112989</K0>
    <K1>0.37619442292164373</K1>
    <K2>0.11503707890522873</K2>
    <MAXBAS>1.7183688838639006</MAXBAS>
    <Cet>0</Cet>
    <PCALT>10</PCALT>
    <TCALT>0.6</TCALT>
    <Pelev>2541</Pelev>
    <Telev>2541</Telev>
    <PART>0.5</PART>
    <DELAY>1</DELAY>
  </CatchmentParameters>
  <VegetationZone>
    <VegetationZoneParameters>
      <TT>-1.4952652699324123</TT>
      <CFMAX>0.99079620141743974</CFMAX>
      <SP>0</SP>
      <SFCF>1.1469972545241212</SFCF>
      <CFR>0.09999805563387909</CFR>
      <CWH>0.18434627534691384</CWH>
      <CFGlacier>1</CFGlacier>
      <CFSlope>1</CFSlope>
      <FC>493.80527291319</FC>
      <LP>0.69854937919066706</LP>
      <BETA>2.6120239305325934</BETA>
    </VegetationZoneParameters>
  </VegetationZone>
  <SubCatchment>
    <SubCatchmentParameters>
      <KSI>0.001</KSI>
      <KGmin>0.05</KGmin>
      <RangeKG>0.1</RangeKG>
      <AG>0.1</AG>
      <PERC>7.844282079936308</PERC>
      <Alpha>0</Alpha>
      <UZL>162.4165215639795</UZL>
      <K0>0.349493129112989</K0>
      <K1>0.37619442292164373</K1>
      <K2>0.11503707890522873</K2>
      <MAXBAS>1.7183688838639006</MAXBAS>
      <Cet>0</Cet>
      <PCALT>10</PCALT>
      <TCALT>0.6</TCALT>
      <Pelev>2541</Pelev>
      <Telev>2541</Telev>
      <PART>0.5</PART>
      <DELAY>1</DELAY>
    </SubCatchmentParameters>
    <SubCatchmentVegetationZone>
      <SubCatchmentVegetationZoneParameters>
        <TT>-1.4952652699324123</TT>
        <CFMAX>0.99079620141743974</CFMAX>
        <SP>0</SP>
        <SFCF>1.1469972545241212</SFCF>
        <CFR>0.09999805563387909</CFR>
        <CWH>0.18434627534691384</CWH>
        <CFGlacier>1</CFGlacier>
        <CFSlope>1</CFSlope>
        <FC>493.80527291319</FC>
        <LP>0.69854937919066706</LP>
        <BETA>2.6120239305325934</BETA>
      </SubCatchmentVegetationZoneParameters>
    </SubCatchmentVegetationZone>
  </SubCatchment>
</Catchment>