<?xml version="1.0" encoding="utf-8"?>
<Catchment xmlns:xsi="http://www.w3.org/2001/XMLSchema-instance" xmlns:xsd="http://www.w3.org/2001/XMLSchema">
  <CatchmentParameters>
    <KSI>0.001</KSI>
    <KGmin>0.05</KGmin>
    <RangeKG>0.1</RangeKG>
    <AG>0.1</AG>
    <PERC>1.3255451847639421</PERC>
    <Alpha>0</Alpha>
    <UZL>124.06442854755092</UZL>
    <K0>0.42877971373713558</K0>
    <K1>0.094816931070866417</K1>
    <K2>0.022705115620339878</K2>
    <MAXBAS>1</MAXBAS>
    <Cet>0</Cet>
    <PCALT>10</PCALT>
    <TCALT>0.6</TCALT>
    <Pelev>2541</Pelev>
    <Telev>2541</Telev>
    <PART>0.5</PART>
    <DELAY>1</DELAY>
  </CatchmentParameters>
  <VegetationZone>
    <VegetationZoneParameters>
      <TT>-0.29426615567955905</TT>
      <CFMAX>2.2879391893772043</CFMAX>
      <SP>0</SP>
      <SFCF>1.394098579207099</SFCF>
      <CFR>4.8716724260110785E-09</CFR>
      <CWH>0.10000001328226696</CWH>
      <CFGlacier>1</CFGlacier>
      <CFSlope>1</CFSlope>
      <FC>1107.4410246843311</FC>
      <LP>0.8158048633836269</LP>
      <BETA>2.8008670207339263</BETA>
    </VegetationZoneParameters>
  </VegetationZone>
  <SubCatchment>
    <SubCatchmentParameters>
      <KSI>0.001</KSI>
      <KGmin>0.05</KGmin>
      <RangeKG>0.1</RangeKG>
      <AG>0.1</AG>
      <PERC>1.3255451847639421</PERC>
      <Alpha>0</Alpha>
      <UZL>124.06442854755092</UZL>
      <K0>0.42877971373713558</K0>
      <K1>0.094816931070866417</K1>
      <K2>0.022705115620339878</K2>
      <MAXBAS>1</MAXBAS>
      <Cet>0</Cet>
      <PCALT>10</PCALT>
      <TCALT>0.6</TCALT>
      <Pelev>2541</Pelev>
      <Telev>2541</Telev>
      <PART>0.5</PART>
      <DELAY>1</DELAY>
    </SubCatchmentParameters>
    <SubCatchmentVegetationZone>
      <SubCatchmentVegetationZoneParameters>
        <TT>-0.29426615567955905</TT>
        <CFMAX>2.2879391893772043</CFMAX>
        <SP>0</SP>
        <SFCF>1.394098579207099</SFCF>
        <CFR>4.8716724260110785E-09</CFR>
        <CWH>0.10000001328226696</CWH>
        <CFGlacier>1</CFGlacier>
        <CFSlope>1</CFSlope>
        <FC>1107.4410246843311</FC>
        <LP>0.8158048633836269</LP>
        <BETA>2.8008670207339263</BETA>
      </SubCatchmentVegetationZoneParameters>
    </SubCatchmentVegetationZone>
  </SubCatchment>
</Catchment>