<?xml version="1.0" encoding="utf-8"?>
<Catchment xmlns:xsi="http://www.w3.org/2001/XMLSchema-instance" xmlns:xsd="http://www.w3.org/2001/XMLSchema">
  <CatchmentParameters>
    <KSI>0.001</KSI>
    <KGmin>0.05</KGmin>
    <RangeKG>0.1</RangeKG>
    <AG>0.1</AG>
    <PERC>1.0634915664888613</PERC>
    <Alpha>0</Alpha>
    <UZL>157.44552304324725</UZL>
    <K0>0.2911156693523726</K0>
    <K1>0.083437358081412449</K1>
    <K2>0.021185045685202259</K2>
    <MAXBAS>1</MAXBAS>
    <Cet>0</Cet>
    <PCALT>10</PCALT>
    <TCALT>0.6</TCALT>
    <Pelev>2541</Pelev>
    <Telev>2541</Telev>
    <PART>0.5</PART>
    <DELAY>1</DELAY>
  </CatchmentParameters>
  <VegetationZone>
    <VegetationZoneParameters>
      <TT>0.16978523311289195</TT>
      <CFMAX>2.1776006096017193</CFMAX>
      <SP>0</SP>
      <SFCF>1.1950335656664928</SFCF>
      <CFR>1.5605837468510064E-07</CFR>
      <CWH>0.10000000019007355</CWH>
      <CFGlacier>1</CFGlacier>
      <CFSlope>1</CFSlope>
      <FC>729.90325613120046</FC>
      <LP>0.94219025439507287</LP>
      <BETA>2.3567198390568453</BETA>
    </VegetationZoneParameters>
  </VegetationZone>
  <SubCatchment>
    <SubCatchmentParameters>
      <KSI>0.001</KSI>
      <KGmin>0.05</KGmin>
      <RangeKG>0.1</RangeKG>
      <AG>0.1</AG>
      <PERC>1.0634915664888613</PERC>
      <Alpha>0</Alpha>
      <UZL>157.44552304324725</UZL>
      <K0>0.2911156693523726</K0>
      <K1>0.083437358081412449</K1>
      <K2>0.021185045685202259</K2>
      <MAXBAS>1</MAXBAS>
      <Cet>0</Cet>
      <PCALT>10</PCALT>
      <TCALT>0.6</TCALT>
      <Pelev>2541</Pelev>
      <Telev>2541</Telev>
      <PART>0.5</PART>
      <DELAY>1</DELAY>
    </SubCatchmentParameters>
    <SubCatchmentVegetationZone>
      <SubCatchmentVegetationZoneParameters>
        <TT>0.16978523311289195</TT>
        <CFMAX>2.1776006096017193</CFMAX>
        <SP>0</SP>
        <SFCF>1.1950335656664928</SFCF>
        <CFR>1.5605837468510064E-07</CFR>
        <CWH>0.10000000019007355</CWH>
        <CFGlacier>1</CFGlacier>
        <CFSlope>1</CFSlope>
        <FC>729.90325613120046</FC>
        <LP>0.94219025439507287</LP>
        <BETA>2.3567198390568453</BETA>
      </SubCatchmentVegetationZoneParameters>
    </SubCatchmentVegetationZone>
  </SubCatchment>
</Catchment>