<?xml version="1.0" encoding="utf-8"?>
<Catchment xmlns:xsi="http://www.w3.org/2001/XMLSchema-instance" xmlns:xsd="http://www.w3.org/2001/XMLSchema">
  <CatchmentParameters>
    <KSI>0.001</KSI>
    <KGmin>0.05</KGmin>
    <RangeKG>0.1</RangeKG>
    <AG>0.1</AG>
    <PERC>8.0108924176294014</PERC>
    <Alpha>0</Alpha>
    <UZL>155.05661187340735</UZL>
    <K0>0.39962548315593904</K0>
    <K1>0.39542484785548238</K1>
    <K2>0.11544573654759036</K2>
    <MAXBAS>1.738765653003904</MAXBAS>
    <Cet>0</Cet>
    <PCALT>10</PCALT>
    <TCALT>0.6</TCALT>
    <Pelev>2541</Pelev>
    <Telev>2541</Telev>
    <PART>0.5</PART>
    <DELAY>1</DELAY>
  </CatchmentParameters>
  <VegetationZone>
    <VegetationZoneParameters>
      <TT>-1.4850812442777002</TT>
      <CFMAX>0.97686677100581643</CFMAX>
      <SP>0</SP>
      <SFCF>1.1286628497170286</SFCF>
      <CFR>0.09999602421797639</CFR>
      <CWH>0.19999860024385324</CWH>
      <CFGlacier>1</CFGlacier>
      <CFSlope>1</CFSlope>
      <FC>442.44783205047457</FC>
      <LP>0.57612310871827788</LP>
      <BETA>2.3953971583135059</BETA>
    </VegetationZoneParameters>
  </VegetationZone>
  <SubCatchment>
    <SubCatchmentParameters>
      <KSI>0.001</KSI>
      <KGmin>0.05</KGmin>
      <RangeKG>0.1</RangeKG>
      <AG>0.1</AG>
      <PERC>8.0108924176294014</PERC>
      <Alpha>0</Alpha>
      <UZL>155.05661187340735</UZL>
      <K0>0.39962548315593904</K0>
      <K1>0.39542484785548238</K1>
      <K2>0.11544573654759036</K2>
      <MAXBAS>1.738765653003904</MAXBAS>
      <Cet>0</Cet>
      <PCALT>10</PCALT>
      <TCALT>0.6</TCALT>
      <Pelev>2541</Pelev>
      <Telev>2541</Telev>
      <PART>0.5</PART>
      <DELAY>1</DELAY>
    </SubCatchmentParameters>
    <SubCatchmentVegetationZone>
      <SubCatchmentVegetationZoneParameters>
        <TT>-1.4850812442777002</TT>
        <CFMAX>0.97686677100581643</CFMAX>
        <SP>0</SP>
        <SFCF>1.1286628497170286</SFCF>
        <CFR>0.09999602421797639</CFR>
        <CWH>0.19999860024385324</CWH>
        <CFGlacier>1</CFGlacier>
        <CFSlope>1</CFSlope>
        <FC>442.44783205047457</FC>
        <LP>0.57612310871827788</LP>
        <BETA>2.3953971583135059</BETA>
      </SubCatchmentVegetationZoneParameters>
    </SubCatchmentVegetationZone>
  </SubCatchment>
</Catchment>