<?xml version="1.0" encoding="utf-8"?>
<Catchment xmlns:xsi="http://www.w3.org/2001/XMLSchema-instance" xmlns:xsd="http://www.w3.org/2001/XMLSchema">
  <CatchmentParameters>
    <KSI>0.001</KSI>
    <KGmin>0.05</KGmin>
    <RangeKG>0.1</RangeKG>
    <AG>0.1</AG>
    <PERC>0.70672261457123875</PERC>
    <Alpha>0</Alpha>
    <UZL>154.30068521594762</UZL>
    <K0>0.23561845756537686</K0>
    <K1>0.096780768806907322</K1>
    <K2>0.016994059998102915</K2>
    <MAXBAS>1</MAXBAS>
    <Cet>0</Cet>
    <PCALT>10</PCALT>
    <TCALT>0.6</TCALT>
    <Pelev>2541</Pelev>
    <Telev>2541</Telev>
    <PART>0.5</PART>
    <DELAY>1</DELAY>
  </CatchmentParameters>
  <VegetationZone>
    <VegetationZoneParameters>
      <TT>-0.6576301423601173</TT>
      <CFMAX>1.6083667744743306</CFMAX>
      <SP>0</SP>
      <SFCF>1.217443091771566</SFCF>
      <CFR>0.025578501753888615</CFR>
      <CWH>0.10000013355833802</CWH>
      <CFGlacier>1</CFGlacier>
      <CFSlope>1</CFSlope>
      <FC>704.07434446369086</FC>
      <LP>0.96436895710197468</LP>
      <BETA>2.7132395218796703</BETA>
    </VegetationZoneParameters>
  </VegetationZone>
  <SubCatchment>
    <SubCatchmentParameters>
      <KSI>0.001</KSI>
      <KGmin>0.05</KGmin>
      <RangeKG>0.1</RangeKG>
      <AG>0.1</AG>
      <PERC>0.70672261457123875</PERC>
      <Alpha>0</Alpha>
      <UZL>154.30068521594762</UZL>
      <K0>0.23561845756537686</K0>
      <K1>0.096780768806907322</K1>
      <K2>0.016994059998102915</K2>
      <MAXBAS>1</MAXBAS>
      <Cet>0</Cet>
      <PCALT>10</PCALT>
      <TCALT>0.6</TCALT>
      <Pelev>2541</Pelev>
      <Telev>2541</Telev>
      <PART>0.5</PART>
      <DELAY>1</DELAY>
    </SubCatchmentParameters>
    <SubCatchmentVegetationZone>
      <SubCatchmentVegetationZoneParameters>
        <TT>-0.6576301423601173</TT>
        <CFMAX>1.6083667744743306</CFMAX>
        <SP>0</SP>
        <SFCF>1.217443091771566</SFCF>
        <CFR>0.025578501753888615</CFR>
        <CWH>0.10000013355833802</CWH>
        <CFGlacier>1</CFGlacier>
        <CFSlope>1</CFSlope>
        <FC>704.07434446369086</FC>
        <LP>0.96436895710197468</LP>
        <BETA>2.7132395218796703</BETA>
      </SubCatchmentVegetationZoneParameters>
    </SubCatchmentVegetationZone>
  </SubCatchment>
</Catchment>