<?xml version="1.0" encoding="utf-8"?>
<Catchment xmlns:xsi="http://www.w3.org/2001/XMLSchema-instance" xmlns:xsd="http://www.w3.org/2001/XMLSchema">
  <CatchmentParameters>
    <KSI>0.001</KSI>
    <KGmin>0.05</KGmin>
    <RangeKG>0.1</RangeKG>
    <AG>0.1</AG>
    <PERC>1.1392448423615258</PERC>
    <Alpha>0</Alpha>
    <UZL>145.64164289497649</UZL>
    <K0>0.37223636470316657</K0>
    <K1>0.10659811512756806</K1>
    <K2>0.021758789129033212</K2>
    <MAXBAS>1</MAXBAS>
    <Cet>0</Cet>
    <PCALT>10</PCALT>
    <TCALT>0.6</TCALT>
    <Pelev>2541</Pelev>
    <Telev>2541</Telev>
    <PART>0.5</PART>
    <DELAY>1</DELAY>
  </CatchmentParameters>
  <VegetationZone>
    <VegetationZoneParameters>
      <TT>-0.74318944075641857</TT>
      <CFMAX>1.5703598956099878</CFMAX>
      <SP>0</SP>
      <SFCF>1.2517385121571079</SFCF>
      <CFR>1.5209344082958057E-06</CFR>
      <CWH>0.10000000010081074</CWH>
      <CFGlacier>1</CFGlacier>
      <CFSlope>1</CFSlope>
      <FC>724.98789488445857</FC>
      <LP>0.91303364158940947</LP>
      <BETA>2.7873802674005974</BETA>
    </VegetationZoneParameters>
  </VegetationZone>
  <SubCatchment>
    <SubCatchmentParameters>
      <KSI>0.001</KSI>
      <KGmin>0.05</KGmin>
      <RangeKG>0.1</RangeKG>
      <AG>0.1</AG>
      <PERC>1.1392448423615258</PERC>
      <Alpha>0</Alpha>
      <UZL>145.64164289497649</UZL>
      <K0>0.37223636470316657</K0>
      <K1>0.10659811512756806</K1>
      <K2>0.021758789129033212</K2>
      <MAXBAS>1</MAXBAS>
      <Cet>0</Cet>
      <PCALT>10</PCALT>
      <TCALT>0.6</TCALT>
      <Pelev>2541</Pelev>
      <Telev>2541</Telev>
      <PART>0.5</PART>
      <DELAY>1</DELAY>
    </SubCatchmentParameters>
    <SubCatchmentVegetationZone>
      <SubCatchmentVegetationZoneParameters>
        <TT>-0.74318944075641857</TT>
        <CFMAX>1.5703598956099878</CFMAX>
        <SP>0</SP>
        <SFCF>1.2517385121571079</SFCF>
        <CFR>1.5209344082958057E-06</CFR>
        <CWH>0.10000000010081074</CWH>
        <CFGlacier>1</CFGlacier>
        <CFSlope>1</CFSlope>
        <FC>724.98789488445857</FC>
        <LP>0.91303364158940947</LP>
        <BETA>2.7873802674005974</BETA>
      </SubCatchmentVegetationZoneParameters>
    </SubCatchmentVegetationZone>
  </SubCatchment>
</Catchment>