<?xml version="1.0" encoding="utf-8"?>
<Catchment xmlns:xsi="http://www.w3.org/2001/XMLSchema-instance" xmlns:xsd="http://www.w3.org/2001/XMLSchema">
  <CatchmentParameters>
    <KSI>0.001</KSI>
    <KGmin>0.05</KGmin>
    <RangeKG>0.1</RangeKG>
    <AG>0.1</AG>
    <PERC>9.999989626197344</PERC>
    <Alpha>0</Alpha>
    <UZL>64.696399059781569</UZL>
    <K0>0.53784985544552466</K0>
    <K1>0.48429609492537246</K1>
    <K2>0.11133406074082997</K2>
    <MAXBAS>1.9992466108707983</MAXBAS>
    <Cet>0</Cet>
    <PCALT>10</PCALT>
    <TCALT>0.6</TCALT>
    <Pelev>2541</Pelev>
    <Telev>2541</Telev>
    <PART>0.5</PART>
    <DELAY>1</DELAY>
  </CatchmentParameters>
  <VegetationZone>
    <VegetationZoneParameters>
      <TT>-0.94799986274662884</TT>
      <CFMAX>1.0705813559533766</CFMAX>
      <SP>0</SP>
      <SFCF>1.0398219521861432</SFCF>
      <CFR>0.099997967996002315</CFR>
      <CWH>0.15547155624236667</CWH>
      <CFGlacier>1</CFGlacier>
      <CFSlope>1</CFSlope>
      <FC>401.75590522467047</FC>
      <LP>0.67194295553191852</LP>
      <BETA>2.6810890420728541</BETA>
    </VegetationZoneParameters>
  </VegetationZone>
  <SubCatchment>
    <SubCatchmentParameters>
      <KSI>0.001</KSI>
      <KGmin>0.05</KGmin>
      <RangeKG>0.1</RangeKG>
      <AG>0.1</AG>
      <PERC>9.999989626197344</PERC>
      <Alpha>0</Alpha>
      <UZL>64.696399059781569</UZL>
      <K0>0.53784985544552466</K0>
      <K1>0.48429609492537246</K1>
      <K2>0.11133406074082997</K2>
      <MAXBAS>1.9992466108707983</MAXBAS>
      <Cet>0</Cet>
      <PCALT>10</PCALT>
      <TCALT>0.6</TCALT>
      <Pelev>2541</Pelev>
      <Telev>2541</Telev>
      <PART>0.5</PART>
      <DELAY>1</DELAY>
    </SubCatchmentParameters>
    <SubCatchmentVegetationZone>
      <SubCatchmentVegetationZoneParameters>
        <TT>-0.94799986274662884</TT>
        <CFMAX>1.0705813559533766</CFMAX>
        <SP>0</SP>
        <SFCF>1.0398219521861432</SFCF>
        <CFR>0.099997967996002315</CFR>
        <CWH>0.15547155624236667</CWH>
        <CFGlacier>1</CFGlacier>
        <CFSlope>1</CFSlope>
        <FC>401.75590522467047</FC>
        <LP>0.67194295553191852</LP>
        <BETA>2.6810890420728541</BETA>
      </SubCatchmentVegetationZoneParameters>
    </SubCatchmentVegetationZone>
  </SubCatchment>
</Catchment>