<?xml version="1.0" encoding="utf-8"?>
<Catchment xmlns:xsi="http://www.w3.org/2001/XMLSchema-instance" xmlns:xsd="http://www.w3.org/2001/XMLSchema">
  <CatchmentParameters>
    <KSI>0.001</KSI>
    <KGmin>0.05</KGmin>
    <RangeKG>0.1</RangeKG>
    <AG>0.1</AG>
    <PERC>9.9999760800552036</PERC>
    <Alpha>0</Alpha>
    <UZL>99.583556445789057</UZL>
    <K0>0.73210555824081491</K0>
    <K1>0.37249930864806474</K1>
    <K2>0.0886658938470147</K2>
    <MAXBAS>2.4999863517884728</MAXBAS>
    <Cet>0</Cet>
    <PCALT>10</PCALT>
    <TCALT>0.6</TCALT>
    <Pelev>2541</Pelev>
    <Telev>2541</Telev>
    <PART>0.5</PART>
    <DELAY>1</DELAY>
  </CatchmentParameters>
  <VegetationZone>
    <VegetationZoneParameters>
      <TT>-0.078897421086629865</TT>
      <CFMAX>1.5008256719246329</CFMAX>
      <SP>0</SP>
      <SFCF>1.0408858223310673</SFCF>
      <CFR>2.1079927506046292E-06</CFR>
      <CWH>0.10000002175012449</CWH>
      <CFGlacier>1</CFGlacier>
      <CFSlope>1</CFSlope>
      <FC>333.26522554035012</FC>
      <LP>0.30000201140050631</LP>
      <BETA>1.6278555405107156</BETA>
    </VegetationZoneParameters>
  </VegetationZone>
  <SubCatchment>
    <SubCatchmentParameters>
      <KSI>0.001</KSI>
      <KGmin>0.05</KGmin>
      <RangeKG>0.1</RangeKG>
      <AG>0.1</AG>
      <PERC>9.9999760800552036</PERC>
      <Alpha>0</Alpha>
      <UZL>99.583556445789057</UZL>
      <K0>0.73210555824081491</K0>
      <K1>0.37249930864806474</K1>
      <K2>0.0886658938470147</K2>
      <MAXBAS>2.4999863517884728</MAXBAS>
      <Cet>0</Cet>
      <PCALT>10</PCALT>
      <TCALT>0.6</TCALT>
      <Pelev>2541</Pelev>
      <Telev>2541</Telev>
      <PART>0.5</PART>
      <DELAY>1</DELAY>
    </SubCatchmentParameters>
    <SubCatchmentVegetationZone>
      <SubCatchmentVegetationZoneParameters>
        <TT>-0.078897421086629865</TT>
        <CFMAX>1.5008256719246329</CFMAX>
        <SP>0</SP>
        <SFCF>1.0408858223310673</SFCF>
        <CFR>2.1079927506046292E-06</CFR>
        <CWH>0.10000002175012449</CWH>
        <CFGlacier>1</CFGlacier>
        <CFSlope>1</CFSlope>
        <FC>333.26522554035012</FC>
        <LP>0.30000201140050631</LP>
        <BETA>1.6278555405107156</BETA>
      </SubCatchmentVegetationZoneParameters>
    </SubCatchmentVegetationZone>
  </SubCatchment>
</Catchment>