<?xml version="1.0" encoding="utf-8"?>
<Catchment xmlns:xsi="http://www.w3.org/2001/XMLSchema-instance" xmlns:xsd="http://www.w3.org/2001/XMLSchema">
  <CatchmentParameters>
    <KSI>0.001</KSI>
    <KGmin>0.05</KGmin>
    <RangeKG>0.1</RangeKG>
    <AG>0.1</AG>
    <PERC>9.9999251113437317</PERC>
    <Alpha>0</Alpha>
    <UZL>87.554028333116875</UZL>
    <K0>0.44956572701135228</K0>
    <K1>0.4953085094640895</K1>
    <K2>0.11285839349980377</K2>
    <MAXBAS>1.9808759907715192</MAXBAS>
    <Cet>0</Cet>
    <PCALT>10</PCALT>
    <TCALT>0.6</TCALT>
    <Pelev>2541</Pelev>
    <Telev>2541</Telev>
    <PART>0.5</PART>
    <DELAY>1</DELAY>
  </CatchmentParameters>
  <VegetationZone>
    <VegetationZoneParameters>
      <TT>-0.94798078326132162</TT>
      <CFMAX>1.0484191940304297</CFMAX>
      <SP>0</SP>
      <SFCF>1.021841115072772</SFCF>
      <CFR>0.099997990282839719</CFR>
      <CWH>0.1670912233792384</CWH>
      <CFGlacier>1</CFGlacier>
      <CFSlope>1</CFSlope>
      <FC>401.56372174307671</FC>
      <LP>0.6992577958816063</LP>
      <BETA>2.7928631856885033</BETA>
    </VegetationZoneParameters>
  </VegetationZone>
  <SubCatchment>
    <SubCatchmentParameters>
      <KSI>0.001</KSI>
      <KGmin>0.05</KGmin>
      <RangeKG>0.1</RangeKG>
      <AG>0.1</AG>
      <PERC>9.9999251113437317</PERC>
      <Alpha>0</Alpha>
      <UZL>87.554028333116875</UZL>
      <K0>0.44956572701135228</K0>
      <K1>0.4953085094640895</K1>
      <K2>0.11285839349980377</K2>
      <MAXBAS>1.9808759907715192</MAXBAS>
      <Cet>0</Cet>
      <PCALT>10</PCALT>
      <TCALT>0.6</TCALT>
      <Pelev>2541</Pelev>
      <Telev>2541</Telev>
      <PART>0.5</PART>
      <DELAY>1</DELAY>
    </SubCatchmentParameters>
    <SubCatchmentVegetationZone>
      <SubCatchmentVegetationZoneParameters>
        <TT>-0.94798078326132162</TT>
        <CFMAX>1.0484191940304297</CFMAX>
        <SP>0</SP>
        <SFCF>1.021841115072772</SFCF>
        <CFR>0.099997990282839719</CFR>
        <CWH>0.1670912233792384</CWH>
        <CFGlacier>1</CFGlacier>
        <CFSlope>1</CFSlope>
        <FC>401.56372174307671</FC>
        <LP>0.6992577958816063</LP>
        <BETA>2.7928631856885033</BETA>
      </SubCatchmentVegetationZoneParameters>
    </SubCatchmentVegetationZone>
  </SubCatchment>
</Catchment>