<?xml version="1.0" encoding="utf-8"?>
<Catchment xmlns:xsi="http://www.w3.org/2001/XMLSchema-instance" xmlns:xsd="http://www.w3.org/2001/XMLSchema">
  <CatchmentParameters>
    <KSI>0.001</KSI>
    <KGmin>0.05</KGmin>
    <RangeKG>0.1</RangeKG>
    <AG>0.1</AG>
    <PERC>0.87045014341040949</PERC>
    <Alpha>0</Alpha>
    <UZL>155.90298925231045</UZL>
    <K0>0.55016089737357288</K0>
    <K1>0.10629704980321274</K1>
    <K2>0.0200005968255173</K2>
    <MAXBAS>1</MAXBAS>
    <Cet>0</Cet>
    <PCALT>10</PCALT>
    <TCALT>0.6</TCALT>
    <Pelev>2541</Pelev>
    <Telev>2541</Telev>
    <PART>0.5</PART>
    <DELAY>1</DELAY>
  </CatchmentParameters>
  <VegetationZone>
    <VegetationZoneParameters>
      <TT>-0.9368426870014267</TT>
      <CFMAX>1.5846379241000503</CFMAX>
      <SP>0</SP>
      <SFCF>1.3444666065005175</SFCF>
      <CFR>0.0049463836925820927</CFR>
      <CWH>0.10000087505709594</CWH>
      <CFGlacier>1</CFGlacier>
      <CFSlope>1</CFSlope>
      <FC>1019.025652593841</FC>
      <LP>0.94084696833697234</LP>
      <BETA>3.4505480666834036</BETA>
    </VegetationZoneParameters>
  </VegetationZone>
  <SubCatchment>
    <SubCatchmentParameters>
      <KSI>0.001</KSI>
      <KGmin>0.05</KGmin>
      <RangeKG>0.1</RangeKG>
      <AG>0.1</AG>
      <PERC>0.87045014341040949</PERC>
      <Alpha>0</Alpha>
      <UZL>155.90298925231045</UZL>
      <K0>0.55016089737357288</K0>
      <K1>0.10629704980321274</K1>
      <K2>0.0200005968255173</K2>
      <MAXBAS>1</MAXBAS>
      <Cet>0</Cet>
      <PCALT>10</PCALT>
      <TCALT>0.6</TCALT>
      <Pelev>2541</Pelev>
      <Telev>2541</Telev>
      <PART>0.5</PART>
      <DELAY>1</DELAY>
    </SubCatchmentParameters>
    <SubCatchmentVegetationZone>
      <SubCatchmentVegetationZoneParameters>
        <TT>-0.9368426870014267</TT>
        <CFMAX>1.5846379241000503</CFMAX>
        <SP>0</SP>
        <SFCF>1.3444666065005175</SFCF>
        <CFR>0.0049463836925820927</CFR>
        <CWH>0.10000087505709594</CWH>
        <CFGlacier>1</CFGlacier>
        <CFSlope>1</CFSlope>
        <FC>1019.025652593841</FC>
        <LP>0.94084696833697234</LP>
        <BETA>3.4505480666834036</BETA>
      </SubCatchmentVegetationZoneParameters>
    </SubCatchmentVegetationZone>
  </SubCatchment>
</Catchment>