<?xml version="1.0" encoding="utf-8"?>
<Catchment xmlns:xsi="http://www.w3.org/2001/XMLSchema-instance" xmlns:xsd="http://www.w3.org/2001/XMLSchema">
  <CatchmentParameters>
    <KSI>0.001</KSI>
    <KGmin>0.05</KGmin>
    <RangeKG>0.1</RangeKG>
    <AG>0.1</AG>
    <PERC>9.9992749978506055</PERC>
    <Alpha>0</Alpha>
    <UZL>198.75405454519165</UZL>
    <K0>0.27495489693417058</K0>
    <K1>0.47300154136669831</K1>
    <K2>0.11300218353595129</K2>
    <MAXBAS>2.2123545521880539</MAXBAS>
    <Cet>0</Cet>
    <PCALT>10</PCALT>
    <TCALT>0.6</TCALT>
    <Pelev>2541</Pelev>
    <Telev>2541</Telev>
    <PART>0.5</PART>
    <DELAY>1</DELAY>
  </CatchmentParameters>
  <VegetationZone>
    <VegetationZoneParameters>
      <TT>-0.94799236416989052</TT>
      <CFMAX>1.1190467002715445</CFMAX>
      <SP>0</SP>
      <SFCF>1.0893675652515957</SFCF>
      <CFR>0.099997708304838881</CFR>
      <CWH>0.12962656121206023</CWH>
      <CFGlacier>1</CFGlacier>
      <CFSlope>1</CFSlope>
      <FC>357.43600672480579</FC>
      <LP>0.30000017344285973</LP>
      <BETA>2.0675031044547336</BETA>
    </VegetationZoneParameters>
  </VegetationZone>
  <SubCatchment>
    <SubCatchmentParameters>
      <KSI>0.001</KSI>
      <KGmin>0.05</KGmin>
      <RangeKG>0.1</RangeKG>
      <AG>0.1</AG>
      <PERC>9.9992749978506055</PERC>
      <Alpha>0</Alpha>
      <UZL>198.75405454519165</UZL>
      <K0>0.27495489693417058</K0>
      <K1>0.47300154136669831</K1>
      <K2>0.11300218353595129</K2>
      <MAXBAS>2.2123545521880539</MAXBAS>
      <Cet>0</Cet>
      <PCALT>10</PCALT>
      <TCALT>0.6</TCALT>
      <Pelev>2541</Pelev>
      <Telev>2541</Telev>
      <PART>0.5</PART>
      <DELAY>1</DELAY>
    </SubCatchmentParameters>
    <SubCatchmentVegetationZone>
      <SubCatchmentVegetationZoneParameters>
        <TT>-0.94799236416989052</TT>
        <CFMAX>1.1190467002715445</CFMAX>
        <SP>0</SP>
        <SFCF>1.0893675652515957</SFCF>
        <CFR>0.099997708304838881</CFR>
        <CWH>0.12962656121206023</CWH>
        <CFGlacier>1</CFGlacier>
        <CFSlope>1</CFSlope>
        <FC>357.43600672480579</FC>
        <LP>0.30000017344285973</LP>
        <BETA>2.0675031044547336</BETA>
      </SubCatchmentVegetationZoneParameters>
    </SubCatchmentVegetationZone>
  </SubCatchment>
</Catchment>