<?xml version="1.0" encoding="utf-8"?>
<Catchment xmlns:xsi="http://www.w3.org/2001/XMLSchema-instance" xmlns:xsd="http://www.w3.org/2001/XMLSchema">
  <CatchmentParameters>
    <KSI>0.001</KSI>
    <KGmin>0.05</KGmin>
    <RangeKG>0.1</RangeKG>
    <AG>0.1</AG>
    <PERC>0.90229280512025889</PERC>
    <Alpha>0</Alpha>
    <UZL>174.73421531817218</UZL>
    <K0>0.5923219504614059</K0>
    <K1>0.088955559314903634</K1>
    <K2>0.018637822386947021</K2>
    <MAXBAS>1</MAXBAS>
    <Cet>0</Cet>
    <PCALT>10</PCALT>
    <TCALT>0.6</TCALT>
    <Pelev>2541</Pelev>
    <Telev>2541</Telev>
    <PART>0.5</PART>
    <DELAY>1</DELAY>
  </CatchmentParameters>
  <VegetationZone>
    <VegetationZoneParameters>
      <TT>0.22730202449676323</TT>
      <CFMAX>1.9284597484744082</CFMAX>
      <SP>0</SP>
      <SFCF>1.1116254350385506</SFCF>
      <CFR>4.7834930916782981E-07</CFR>
      <CWH>0.10000015416883223</CWH>
      <CFGlacier>1</CFGlacier>
      <CFSlope>1</CFSlope>
      <FC>474.89064480923781</FC>
      <LP>0.74224983549560331</LP>
      <BETA>1.6660114805280235</BETA>
    </VegetationZoneParameters>
  </VegetationZone>
  <SubCatchment>
    <SubCatchmentParameters>
      <KSI>0.001</KSI>
      <KGmin>0.05</KGmin>
      <RangeKG>0.1</RangeKG>
      <AG>0.1</AG>
      <PERC>0.90229280512025889</PERC>
      <Alpha>0</Alpha>
      <UZL>174.73421531817218</UZL>
      <K0>0.5923219504614059</K0>
      <K1>0.088955559314903634</K1>
      <K2>0.018637822386947021</K2>
      <MAXBAS>1</MAXBAS>
      <Cet>0</Cet>
      <PCALT>10</PCALT>
      <TCALT>0.6</TCALT>
      <Pelev>2541</Pelev>
      <Telev>2541</Telev>
      <PART>0.5</PART>
      <DELAY>1</DELAY>
    </SubCatchmentParameters>
    <SubCatchmentVegetationZone>
      <SubCatchmentVegetationZoneParameters>
        <TT>0.22730202449676323</TT>
        <CFMAX>1.9284597484744082</CFMAX>
        <SP>0</SP>
        <SFCF>1.1116254350385506</SFCF>
        <CFR>4.7834930916782981E-07</CFR>
        <CWH>0.10000015416883223</CWH>
        <CFGlacier>1</CFGlacier>
        <CFSlope>1</CFSlope>
        <FC>474.89064480923781</FC>
        <LP>0.74224983549560331</LP>
        <BETA>1.6660114805280235</BETA>
      </SubCatchmentVegetationZoneParameters>
    </SubCatchmentVegetationZone>
  </SubCatchment>
</Catchment>