<?xml version="1.0" encoding="utf-8"?>
<Catchment xmlns:xsi="http://www.w3.org/2001/XMLSchema-instance" xmlns:xsd="http://www.w3.org/2001/XMLSchema">
  <CatchmentParameters>
    <KSI>0.001</KSI>
    <KGmin>0.05</KGmin>
    <RangeKG>0.1</RangeKG>
    <AG>0.1</AG>
    <PERC>0.74824894639893991</PERC>
    <Alpha>0</Alpha>
    <UZL>118.29370038239398</UZL>
    <K0>0.546620877634794</K0>
    <K1>0.1091335283917885</K1>
    <K2>0.017262171384827284</K2>
    <MAXBAS>1</MAXBAS>
    <Cet>0</Cet>
    <PCALT>10</PCALT>
    <TCALT>0.6</TCALT>
    <Pelev>2541</Pelev>
    <Telev>2541</Telev>
    <PART>0.5</PART>
    <DELAY>1</DELAY>
  </CatchmentParameters>
  <VegetationZone>
    <VegetationZoneParameters>
      <TT>-0.6576341771347135</TT>
      <CFMAX>1.3180072179406621</CFMAX>
      <SP>0</SP>
      <SFCF>1.1126062767455593</SFCF>
      <CFR>0.0052795133743854207</CFR>
      <CWH>0.1000003584820692</CWH>
      <CFGlacier>1</CFGlacier>
      <CFSlope>1</CFSlope>
      <FC>478.70750691983193</FC>
      <LP>0.89793043534752381</LP>
      <BETA>2.3546676324969327</BETA>
    </VegetationZoneParameters>
  </VegetationZone>
  <SubCatchment>
    <SubCatchmentParameters>
      <KSI>0.001</KSI>
      <KGmin>0.05</KGmin>
      <RangeKG>0.1</RangeKG>
      <AG>0.1</AG>
      <PERC>0.74824894639893991</PERC>
      <Alpha>0</Alpha>
      <UZL>118.29370038239398</UZL>
      <K0>0.546620877634794</K0>
      <K1>0.1091335283917885</K1>
      <K2>0.017262171384827284</K2>
      <MAXBAS>1</MAXBAS>
      <Cet>0</Cet>
      <PCALT>10</PCALT>
      <TCALT>0.6</TCALT>
      <Pelev>2541</Pelev>
      <Telev>2541</Telev>
      <PART>0.5</PART>
      <DELAY>1</DELAY>
    </SubCatchmentParameters>
    <SubCatchmentVegetationZone>
      <SubCatchmentVegetationZoneParameters>
        <TT>-0.6576341771347135</TT>
        <CFMAX>1.3180072179406621</CFMAX>
        <SP>0</SP>
        <SFCF>1.1126062767455593</SFCF>
        <CFR>0.0052795133743854207</CFR>
        <CWH>0.1000003584820692</CWH>
        <CFGlacier>1</CFGlacier>
        <CFSlope>1</CFSlope>
        <FC>478.70750691983193</FC>
        <LP>0.89793043534752381</LP>
        <BETA>2.3546676324969327</BETA>
      </SubCatchmentVegetationZoneParameters>
    </SubCatchmentVegetationZone>
  </SubCatchment>
</Catchment>