<?xml version="1.0" encoding="utf-8"?>
<Catchment xmlns:xsi="http://www.w3.org/2001/XMLSchema-instance" xmlns:xsd="http://www.w3.org/2001/XMLSchema">
  <CatchmentParameters>
    <KSI>0.001</KSI>
    <KGmin>0.05</KGmin>
    <RangeKG>0.1</RangeKG>
    <AG>0.1</AG>
    <PERC>8.7677971196152082</PERC>
    <Alpha>0</Alpha>
    <UZL>105.00583756589447</UZL>
    <K0>0.322806434812646</K0>
    <K1>0.31424423103219928</K1>
    <K2>0.0867073857829728</K2>
    <MAXBAS>2.4999552154077387</MAXBAS>
    <Cet>0</Cet>
    <PCALT>10</PCALT>
    <TCALT>0.6</TCALT>
    <Pelev>2541</Pelev>
    <Telev>2541</Telev>
    <PART>0.5</PART>
    <DELAY>1</DELAY>
  </CatchmentParameters>
  <VegetationZone>
    <VegetationZoneParameters>
      <TT>0.086381555275292579</TT>
      <CFMAX>1.3555091627760167</CFMAX>
      <SP>0</SP>
      <SFCF>0.92865353740899126</SFCF>
      <CFR>9.9097020604815575E-08</CFR>
      <CWH>0.10000009488581493</CWH>
      <CFGlacier>1</CFGlacier>
      <CFSlope>1</CFSlope>
      <FC>253.8067265331249</FC>
      <LP>0.300002123156603</LP>
      <BETA>2.1847081078559083</BETA>
    </VegetationZoneParameters>
  </VegetationZone>
  <SubCatchment>
    <SubCatchmentParameters>
      <KSI>0.001</KSI>
      <KGmin>0.05</KGmin>
      <RangeKG>0.1</RangeKG>
      <AG>0.1</AG>
      <PERC>8.7677971196152082</PERC>
      <Alpha>0</Alpha>
      <UZL>105.00583756589447</UZL>
      <K0>0.322806434812646</K0>
      <K1>0.31424423103219928</K1>
      <K2>0.0867073857829728</K2>
      <MAXBAS>2.4999552154077387</MAXBAS>
      <Cet>0</Cet>
      <PCALT>10</PCALT>
      <TCALT>0.6</TCALT>
      <Pelev>2541</Pelev>
      <Telev>2541</Telev>
      <PART>0.5</PART>
      <DELAY>1</DELAY>
    </SubCatchmentParameters>
    <SubCatchmentVegetationZone>
      <SubCatchmentVegetationZoneParameters>
        <TT>0.086381555275292579</TT>
        <CFMAX>1.3555091627760167</CFMAX>
        <SP>0</SP>
        <SFCF>0.92865353740899126</SFCF>
        <CFR>9.9097020604815575E-08</CFR>
        <CWH>0.10000009488581493</CWH>
        <CFGlacier>1</CFGlacier>
        <CFSlope>1</CFSlope>
        <FC>253.8067265331249</FC>
        <LP>0.300002123156603</LP>
        <BETA>2.1847081078559083</BETA>
      </SubCatchmentVegetationZoneParameters>
    </SubCatchmentVegetationZone>
  </SubCatchment>
</Catchment>