<?xml version="1.0" encoding="utf-8"?>
<Catchment xmlns:xsi="http://www.w3.org/2001/XMLSchema-instance" xmlns:xsd="http://www.w3.org/2001/XMLSchema">
  <CatchmentParameters>
    <KSI>0.001</KSI>
    <KGmin>0.05</KGmin>
    <RangeKG>0.1</RangeKG>
    <AG>0.1</AG>
    <PERC>9.0053857240711785</PERC>
    <Alpha>0</Alpha>
    <UZL>132.05989288341669</UZL>
    <K0>0.26749403200800176</K0>
    <K1>0.3942788369681437</K1>
    <K2>0.10083330453170729</K2>
    <MAXBAS>2.4999885077077666</MAXBAS>
    <Cet>0</Cet>
    <PCALT>10</PCALT>
    <TCALT>0.6</TCALT>
    <Pelev>2541</Pelev>
    <Telev>2541</Telev>
    <PART>0.5</PART>
    <DELAY>1</DELAY>
  </CatchmentParameters>
  <VegetationZone>
    <VegetationZoneParameters>
      <TT>-0.31797525662023912</TT>
      <CFMAX>1.26858262374018</CFMAX>
      <SP>0</SP>
      <SFCF>0.97789705374327485</SFCF>
      <CFR>0.099996284219895842</CFR>
      <CWH>0.10000007526270011</CWH>
      <CFGlacier>1</CFGlacier>
      <CFSlope>1</CFSlope>
      <FC>298.95092604161351</FC>
      <LP>0.30003280664019633</LP>
      <BETA>2.1566340089433345</BETA>
    </VegetationZoneParameters>
  </VegetationZone>
  <SubCatchment>
    <SubCatchmentParameters>
      <KSI>0.001</KSI>
      <KGmin>0.05</KGmin>
      <RangeKG>0.1</RangeKG>
      <AG>0.1</AG>
      <PERC>9.0053857240711785</PERC>
      <Alpha>0</Alpha>
      <UZL>132.05989288341669</UZL>
      <K0>0.26749403200800176</K0>
      <K1>0.3942788369681437</K1>
      <K2>0.10083330453170729</K2>
      <MAXBAS>2.4999885077077666</MAXBAS>
      <Cet>0</Cet>
      <PCALT>10</PCALT>
      <TCALT>0.6</TCALT>
      <Pelev>2541</Pelev>
      <Telev>2541</Telev>
      <PART>0.5</PART>
      <DELAY>1</DELAY>
    </SubCatchmentParameters>
    <SubCatchmentVegetationZone>
      <SubCatchmentVegetationZoneParameters>
        <TT>-0.31797525662023912</TT>
        <CFMAX>1.26858262374018</CFMAX>
        <SP>0</SP>
        <SFCF>0.97789705374327485</SFCF>
        <CFR>0.099996284219895842</CFR>
        <CWH>0.10000007526270011</CWH>
        <CFGlacier>1</CFGlacier>
        <CFSlope>1</CFSlope>
        <FC>298.95092604161351</FC>
        <LP>0.30003280664019633</LP>
        <BETA>2.1566340089433345</BETA>
      </SubCatchmentVegetationZoneParameters>
    </SubCatchmentVegetationZone>
  </SubCatchment>
</Catchment>