<?xml version="1.0" encoding="utf-8"?>
<Catchment xmlns:xsi="http://www.w3.org/2001/XMLSchema-instance" xmlns:xsd="http://www.w3.org/2001/XMLSchema">
  <CatchmentParameters>
    <KSI>0.001</KSI>
    <KGmin>0.05</KGmin>
    <RangeKG>0.1</RangeKG>
    <AG>0.1</AG>
    <PERC>8.236872785771963</PERC>
    <Alpha>0</Alpha>
    <UZL>167.35729784287261</UZL>
    <K0>0.080180056482290943</K0>
    <K1>0.31334564074548826</K1>
    <K2>0.096719952608514834</K2>
    <MAXBAS>2.4999993113399905</MAXBAS>
    <Cet>0</Cet>
    <PCALT>10</PCALT>
    <TCALT>0.6</TCALT>
    <Pelev>2541</Pelev>
    <Telev>2541</Telev>
    <PART>0.5</PART>
    <DELAY>1</DELAY>
  </CatchmentParameters>
  <VegetationZone>
    <VegetationZoneParameters>
      <TT>-0.26799895988832034</TT>
      <CFMAX>1.2343861933848532</CFMAX>
      <SP>0</SP>
      <SFCF>0.93102790715240813</SFCF>
      <CFR>0.099996910457007857</CFR>
      <CWH>0.10000001820073268</CWH>
      <CFGlacier>1</CFGlacier>
      <CFSlope>1</CFSlope>
      <FC>269.53551523970094</FC>
      <LP>0.300004570232351</LP>
      <BETA>2.3714324046331074</BETA>
    </VegetationZoneParameters>
  </VegetationZone>
  <SubCatchment>
    <SubCatchmentParameters>
      <KSI>0.001</KSI>
      <KGmin>0.05</KGmin>
      <RangeKG>0.1</RangeKG>
      <AG>0.1</AG>
      <PERC>8.236872785771963</PERC>
      <Alpha>0</Alpha>
      <UZL>167.35729784287261</UZL>
      <K0>0.080180056482290943</K0>
      <K1>0.31334564074548826</K1>
      <K2>0.096719952608514834</K2>
      <MAXBAS>2.4999993113399905</MAXBAS>
      <Cet>0</Cet>
      <PCALT>10</PCALT>
      <TCALT>0.6</TCALT>
      <Pelev>2541</Pelev>
      <Telev>2541</Telev>
      <PART>0.5</PART>
      <DELAY>1</DELAY>
    </SubCatchmentParameters>
    <SubCatchmentVegetationZone>
      <SubCatchmentVegetationZoneParameters>
        <TT>-0.26799895988832034</TT>
        <CFMAX>1.2343861933848532</CFMAX>
        <SP>0</SP>
        <SFCF>0.93102790715240813</SFCF>
        <CFR>0.099996910457007857</CFR>
        <CWH>0.10000001820073268</CWH>
        <CFGlacier>1</CFGlacier>
        <CFSlope>1</CFSlope>
        <FC>269.53551523970094</FC>
        <LP>0.300004570232351</LP>
        <BETA>2.3714324046331074</BETA>
      </SubCatchmentVegetationZoneParameters>
    </SubCatchmentVegetationZone>
  </SubCatchment>
</Catchment>