<?xml version="1.0" encoding="utf-8"?>
<Catchment xmlns:xsi="http://www.w3.org/2001/XMLSchema-instance" xmlns:xsd="http://www.w3.org/2001/XMLSchema">
  <CatchmentParameters>
    <KSI>0.001</KSI>
    <KGmin>0.05</KGmin>
    <RangeKG>0.1</RangeKG>
    <AG>0.1</AG>
    <PERC>9.2623182909207245</PERC>
    <Alpha>0</Alpha>
    <UZL>162.09480201888184</UZL>
    <K0>0.4346194034858496</K0>
    <K1>0.39933955637395691</K1>
    <K2>0.097248747251277967</K2>
    <MAXBAS>2.4999901243286304</MAXBAS>
    <Cet>0</Cet>
    <PCALT>10</PCALT>
    <TCALT>0.6</TCALT>
    <Pelev>2541</Pelev>
    <Telev>2541</Telev>
    <PART>0.5</PART>
    <DELAY>1</DELAY>
  </CatchmentParameters>
  <VegetationZone>
    <VegetationZoneParameters>
      <TT>-0.29426362024058506</TT>
      <CFMAX>1.3184663980071207</CFMAX>
      <SP>0</SP>
      <SFCF>1.0264923201757603</SFCF>
      <CFR>4.55231497249297E-08</CFR>
      <CWH>0.10000000000354316</CWH>
      <CFGlacier>1</CFGlacier>
      <CFSlope>1</CFSlope>
      <FC>345.013102319945</FC>
      <LP>0.48257284439714176</LP>
      <BETA>2.0222883078599931</BETA>
    </VegetationZoneParameters>
  </VegetationZone>
  <SubCatchment>
    <SubCatchmentParameters>
      <KSI>0.001</KSI>
      <KGmin>0.05</KGmin>
      <RangeKG>0.1</RangeKG>
      <AG>0.1</AG>
      <PERC>9.2623182909207245</PERC>
      <Alpha>0</Alpha>
      <UZL>162.09480201888184</UZL>
      <K0>0.4346194034858496</K0>
      <K1>0.39933955637395691</K1>
      <K2>0.097248747251277967</K2>
      <MAXBAS>2.4999901243286304</MAXBAS>
      <Cet>0</Cet>
      <PCALT>10</PCALT>
      <TCALT>0.6</TCALT>
      <Pelev>2541</Pelev>
      <Telev>2541</Telev>
      <PART>0.5</PART>
      <DELAY>1</DELAY>
    </SubCatchmentParameters>
    <SubCatchmentVegetationZone>
      <SubCatchmentVegetationZoneParameters>
        <TT>-0.29426362024058506</TT>
        <CFMAX>1.3184663980071207</CFMAX>
        <SP>0</SP>
        <SFCF>1.0264923201757603</SFCF>
        <CFR>4.55231497249297E-08</CFR>
        <CWH>0.10000000000354316</CWH>
        <CFGlacier>1</CFGlacier>
        <CFSlope>1</CFSlope>
        <FC>345.013102319945</FC>
        <LP>0.48257284439714176</LP>
        <BETA>2.0222883078599931</BETA>
      </SubCatchmentVegetationZoneParameters>
    </SubCatchmentVegetationZone>
  </SubCatchment>
</Catchment>