<?xml version="1.0" encoding="utf-8"?>
<Catchment xmlns:xsi="http://www.w3.org/2001/XMLSchema-instance" xmlns:xsd="http://www.w3.org/2001/XMLSchema">
  <CatchmentParameters>
    <KSI>0.001</KSI>
    <KGmin>0.05</KGmin>
    <RangeKG>0.1</RangeKG>
    <AG>0.1</AG>
    <PERC>0.87350406646196621</PERC>
    <Alpha>0</Alpha>
    <UZL>55.74951652151281</UZL>
    <K0>0.26306060016587363</K0>
    <K1>0.099399771923276717</K1>
    <K2>0.019893055422551972</K2>
    <MAXBAS>1</MAXBAS>
    <Cet>0</Cet>
    <PCALT>10</PCALT>
    <TCALT>0.6</TCALT>
    <Pelev>2541</Pelev>
    <Telev>2541</Telev>
    <PART>0.5</PART>
    <DELAY>1</DELAY>
  </CatchmentParameters>
  <VegetationZone>
    <VegetationZoneParameters>
      <TT>-1.2576296008581953</TT>
      <CFMAX>1.054362825111554</CFMAX>
      <SP>0</SP>
      <SFCF>1.14878730493551</SFCF>
      <CFR>1.425400119960409E-06</CFR>
      <CWH>0.10000000014003357</CWH>
      <CFGlacier>1</CFGlacier>
      <CFSlope>1</CFSlope>
      <FC>555.75756412220971</FC>
      <LP>0.97232039626098155</LP>
      <BETA>2.8814505080760395</BETA>
    </VegetationZoneParameters>
  </VegetationZone>
  <SubCatchment>
    <SubCatchmentParameters>
      <KSI>0.001</KSI>
      <KGmin>0.05</KGmin>
      <RangeKG>0.1</RangeKG>
      <AG>0.1</AG>
      <PERC>0.87350406646196621</PERC>
      <Alpha>0</Alpha>
      <UZL>55.74951652151281</UZL>
      <K0>0.26306060016587363</K0>
      <K1>0.099399771923276717</K1>
      <K2>0.019893055422551972</K2>
      <MAXBAS>1</MAXBAS>
      <Cet>0</Cet>
      <PCALT>10</PCALT>
      <TCALT>0.6</TCALT>
      <Pelev>2541</Pelev>
      <Telev>2541</Telev>
      <PART>0.5</PART>
      <DELAY>1</DELAY>
    </SubCatchmentParameters>
    <SubCatchmentVegetationZone>
      <SubCatchmentVegetationZoneParameters>
        <TT>-1.2576296008581953</TT>
        <CFMAX>1.054362825111554</CFMAX>
        <SP>0</SP>
        <SFCF>1.14878730493551</SFCF>
        <CFR>1.425400119960409E-06</CFR>
        <CWH>0.10000000014003357</CWH>
        <CFGlacier>1</CFGlacier>
        <CFSlope>1</CFSlope>
        <FC>555.75756412220971</FC>
        <LP>0.97232039626098155</LP>
        <BETA>2.8814505080760395</BETA>
      </SubCatchmentVegetationZoneParameters>
    </SubCatchmentVegetationZone>
  </SubCatchment>
</Catchment>