<?xml version="1.0" encoding="utf-8"?>
<Catchment xmlns:xsi="http://www.w3.org/2001/XMLSchema-instance" xmlns:xsd="http://www.w3.org/2001/XMLSchema">
  <CatchmentParameters>
    <KSI>0.001</KSI>
    <KGmin>0.05</KGmin>
    <RangeKG>0.1</RangeKG>
    <AG>0.1</AG>
    <PERC>0.89154106686669154</PERC>
    <Alpha>0</Alpha>
    <UZL>146.99274283039443</UZL>
    <K0>0.6607281313555099</K0>
    <K1>0.090553536105357976</K1>
    <K2>0.01971142716641314</K2>
    <MAXBAS>1</MAXBAS>
    <Cet>0</Cet>
    <PCALT>10</PCALT>
    <TCALT>0.6</TCALT>
    <Pelev>2541</Pelev>
    <Telev>2541</Telev>
    <PART>0.5</PART>
    <DELAY>1</DELAY>
  </CatchmentParameters>
  <VegetationZone>
    <VegetationZoneParameters>
      <TT>-0.26615441816129148</TT>
      <CFMAX>1.8949888848412277</CFMAX>
      <SP>0</SP>
      <SFCF>1.2271281638936793</SFCF>
      <CFR>3.2942563456543536E-06</CFR>
      <CWH>0.10000005921322747</CWH>
      <CFGlacier>1</CFGlacier>
      <CFSlope>1</CFSlope>
      <FC>705.93374703707707</FC>
      <LP>0.86558111263895776</LP>
      <BETA>2.2649341250239092</BETA>
    </VegetationZoneParameters>
  </VegetationZone>
  <SubCatchment>
    <SubCatchmentParameters>
      <KSI>0.001</KSI>
      <KGmin>0.05</KGmin>
      <RangeKG>0.1</RangeKG>
      <AG>0.1</AG>
      <PERC>0.89154106686669154</PERC>
      <Alpha>0</Alpha>
      <UZL>146.99274283039443</UZL>
      <K0>0.6607281313555099</K0>
      <K1>0.090553536105357976</K1>
      <K2>0.01971142716641314</K2>
      <MAXBAS>1</MAXBAS>
      <Cet>0</Cet>
      <PCALT>10</PCALT>
      <TCALT>0.6</TCALT>
      <Pelev>2541</Pelev>
      <Telev>2541</Telev>
      <PART>0.5</PART>
      <DELAY>1</DELAY>
    </SubCatchmentParameters>
    <SubCatchmentVegetationZone>
      <SubCatchmentVegetationZoneParameters>
        <TT>-0.26615441816129148</TT>
        <CFMAX>1.8949888848412277</CFMAX>
        <SP>0</SP>
        <SFCF>1.2271281638936793</SFCF>
        <CFR>3.2942563456543536E-06</CFR>
        <CWH>0.10000005921322747</CWH>
        <CFGlacier>1</CFGlacier>
        <CFSlope>1</CFSlope>
        <FC>705.93374703707707</FC>
        <LP>0.86558111263895776</LP>
        <BETA>2.2649341250239092</BETA>
      </SubCatchmentVegetationZoneParameters>
    </SubCatchmentVegetationZone>
  </SubCatchment>
</Catchment>