<?xml version="1.0" encoding="utf-8"?>
<Catchment xmlns:xsi="http://www.w3.org/2001/XMLSchema-instance" xmlns:xsd="http://www.w3.org/2001/XMLSchema">
  <CatchmentParameters>
    <KSI>0.001</KSI>
    <KGmin>0.05</KGmin>
    <RangeKG>0.1</RangeKG>
    <AG>0.1</AG>
    <PERC>7.77871455677868</PERC>
    <Alpha>0</Alpha>
    <UZL>22.9796218177714</UZL>
    <K0>0.98998645140170172</K0>
    <K1>0.20944459578994495</K1>
    <K2>0.11050835323224607</K2>
    <MAXBAS>1.5799588609421666</MAXBAS>
    <Cet>0</Cet>
    <PCALT>10</PCALT>
    <TCALT>0.6</TCALT>
    <Pelev>2541</Pelev>
    <Telev>2541</Telev>
    <PART>0.5</PART>
    <DELAY>1</DELAY>
  </CatchmentParameters>
  <VegetationZone>
    <VegetationZoneParameters>
      <TT>-1.0153961988617761</TT>
      <CFMAX>1.0384798036346628</CFMAX>
      <SP>0</SP>
      <SFCF>1.0496444020514126</SFCF>
      <CFR>0.099996852601090119</CFR>
      <CWH>0.16249897898040855</CWH>
      <CFGlacier>1</CFGlacier>
      <CFSlope>1</CFSlope>
      <FC>365.08930667638856</FC>
      <LP>0.44143143357767684</LP>
      <BETA>2.4013949252963975</BETA>
    </VegetationZoneParameters>
  </VegetationZone>
  <SubCatchment>
    <SubCatchmentParameters>
      <KSI>0.001</KSI>
      <KGmin>0.05</KGmin>
      <RangeKG>0.1</RangeKG>
      <AG>0.1</AG>
      <PERC>7.77871455677868</PERC>
      <Alpha>0</Alpha>
      <UZL>22.9796218177714</UZL>
      <K0>0.98998645140170172</K0>
      <K1>0.20944459578994495</K1>
      <K2>0.11050835323224607</K2>
      <MAXBAS>1.5799588609421666</MAXBAS>
      <Cet>0</Cet>
      <PCALT>10</PCALT>
      <TCALT>0.6</TCALT>
      <Pelev>2541</Pelev>
      <Telev>2541</Telev>
      <PART>0.5</PART>
      <DELAY>1</DELAY>
    </SubCatchmentParameters>
    <SubCatchmentVegetationZone>
      <SubCatchmentVegetationZoneParameters>
        <TT>-1.0153961988617761</TT>
        <CFMAX>1.0384798036346628</CFMAX>
        <SP>0</SP>
        <SFCF>1.0496444020514126</SFCF>
        <CFR>0.099996852601090119</CFR>
        <CWH>0.16249897898040855</CWH>
        <CFGlacier>1</CFGlacier>
        <CFSlope>1</CFSlope>
        <FC>365.08930667638856</FC>
        <LP>0.44143143357767684</LP>
        <BETA>2.4013949252963975</BETA>
      </SubCatchmentVegetationZoneParameters>
    </SubCatchmentVegetationZone>
  </SubCatchment>
</Catchment>