<?xml version="1.0" encoding="utf-8"?>
<Catchment xmlns:xsi="http://www.w3.org/2001/XMLSchema-instance" xmlns:xsd="http://www.w3.org/2001/XMLSchema">
  <CatchmentParameters>
    <KSI>0.001</KSI>
    <KGmin>0.05</KGmin>
    <RangeKG>0.1</RangeKG>
    <AG>0.1</AG>
    <PERC>0.86454098765494047</PERC>
    <Alpha>0</Alpha>
    <UZL>167.8145182005058</UZL>
    <K0>0.27368874252138758</K0>
    <K1>0.09889613222616804</K1>
    <K2>0.019678912748482158</K2>
    <MAXBAS>1</MAXBAS>
    <Cet>0</Cet>
    <PCALT>10</PCALT>
    <TCALT>0.6</TCALT>
    <Pelev>2541</Pelev>
    <Telev>2541</Telev>
    <PART>0.5</PART>
    <DELAY>1</DELAY>
  </CatchmentParameters>
  <VegetationZone>
    <VegetationZoneParameters>
      <TT>-0.65763080483249914</TT>
      <CFMAX>1.8439144115279231</CFMAX>
      <SP>0</SP>
      <SFCF>1.367872730782659</SFCF>
      <CFR>1.2413629164282375E-06</CFR>
      <CWH>0.10000003937106246</CWH>
      <CFGlacier>1</CFGlacier>
      <CFSlope>1</CFSlope>
      <FC>812.60089129419021</FC>
      <LP>0.67353495333133384</LP>
      <BETA>2.0003183129462614</BETA>
    </VegetationZoneParameters>
  </VegetationZone>
  <SubCatchment>
    <SubCatchmentParameters>
      <KSI>0.001</KSI>
      <KGmin>0.05</KGmin>
      <RangeKG>0.1</RangeKG>
      <AG>0.1</AG>
      <PERC>0.86454098765494047</PERC>
      <Alpha>0</Alpha>
      <UZL>167.8145182005058</UZL>
      <K0>0.27368874252138758</K0>
      <K1>0.09889613222616804</K1>
      <K2>0.019678912748482158</K2>
      <MAXBAS>1</MAXBAS>
      <Cet>0</Cet>
      <PCALT>10</PCALT>
      <TCALT>0.6</TCALT>
      <Pelev>2541</Pelev>
      <Telev>2541</Telev>
      <PART>0.5</PART>
      <DELAY>1</DELAY>
    </SubCatchmentParameters>
    <SubCatchmentVegetationZone>
      <SubCatchmentVegetationZoneParameters>
        <TT>-0.65763080483249914</TT>
        <CFMAX>1.8439144115279231</CFMAX>
        <SP>0</SP>
        <SFCF>1.367872730782659</SFCF>
        <CFR>1.2413629164282375E-06</CFR>
        <CWH>0.10000003937106246</CWH>
        <CFGlacier>1</CFGlacier>
        <CFSlope>1</CFSlope>
        <FC>812.60089129419021</FC>
        <LP>0.67353495333133384</LP>
        <BETA>2.0003183129462614</BETA>
      </SubCatchmentVegetationZoneParameters>
    </SubCatchmentVegetationZone>
  </SubCatchment>
</Catchment>