<?xml version="1.0" encoding="utf-8"?>
<Catchment xmlns:xsi="http://www.w3.org/2001/XMLSchema-instance" xmlns:xsd="http://www.w3.org/2001/XMLSchema">
  <CatchmentParameters>
    <KSI>0.001</KSI>
    <KGmin>0.05</KGmin>
    <RangeKG>0.1</RangeKG>
    <AG>0.1</AG>
    <PERC>9.744977894263501</PERC>
    <Alpha>0</Alpha>
    <UZL>120.39894646684351</UZL>
    <K0>0.14922451968862766</K0>
    <K1>0.41674912837002487</K1>
    <K2>0.10328620767425135</K2>
    <MAXBAS>2.4999952029402155</MAXBAS>
    <Cet>0</Cet>
    <PCALT>10</PCALT>
    <TCALT>0.6</TCALT>
    <Pelev>2541</Pelev>
    <Telev>2541</Telev>
    <PART>0.5</PART>
    <DELAY>1</DELAY>
  </CatchmentParameters>
  <VegetationZone>
    <VegetationZoneParameters>
      <TT>-0.65763329820406624</TT>
      <CFMAX>1.3103848499076305</CFMAX>
      <SP>0</SP>
      <SFCF>1.1351105651058207</SFCF>
      <CFR>0.027922720160049781</CFR>
      <CWH>0.10000033787150499</CWH>
      <CFGlacier>1</CFGlacier>
      <CFSlope>1</CFSlope>
      <FC>420.78819149240343</FC>
      <LP>0.49275194111378534</LP>
      <BETA>1.9421664677204349</BETA>
    </VegetationZoneParameters>
  </VegetationZone>
  <SubCatchment>
    <SubCatchmentParameters>
      <KSI>0.001</KSI>
      <KGmin>0.05</KGmin>
      <RangeKG>0.1</RangeKG>
      <AG>0.1</AG>
      <PERC>9.744977894263501</PERC>
      <Alpha>0</Alpha>
      <UZL>120.39894646684351</UZL>
      <K0>0.14922451968862766</K0>
      <K1>0.41674912837002487</K1>
      <K2>0.10328620767425135</K2>
      <MAXBAS>2.4999952029402155</MAXBAS>
      <Cet>0</Cet>
      <PCALT>10</PCALT>
      <TCALT>0.6</TCALT>
      <Pelev>2541</Pelev>
      <Telev>2541</Telev>
      <PART>0.5</PART>
      <DELAY>1</DELAY>
    </SubCatchmentParameters>
    <SubCatchmentVegetationZone>
      <SubCatchmentVegetationZoneParameters>
        <TT>-0.65763329820406624</TT>
        <CFMAX>1.3103848499076305</CFMAX>
        <SP>0</SP>
        <SFCF>1.1351105651058207</SFCF>
        <CFR>0.027922720160049781</CFR>
        <CWH>0.10000033787150499</CWH>
        <CFGlacier>1</CFGlacier>
        <CFSlope>1</CFSlope>
        <FC>420.78819149240343</FC>
        <LP>0.49275194111378534</LP>
        <BETA>1.9421664677204349</BETA>
      </SubCatchmentVegetationZoneParameters>
    </SubCatchmentVegetationZone>
  </SubCatchment>
</Catchment>