<?xml version="1.0" encoding="utf-8"?>
<Catchment xmlns:xsi="http://www.w3.org/2001/XMLSchema-instance" xmlns:xsd="http://www.w3.org/2001/XMLSchema">
  <CatchmentParameters>
    <KSI>0.001</KSI>
    <KGmin>0.05</KGmin>
    <RangeKG>0.1</RangeKG>
    <AG>0.1</AG>
    <PERC>1.2823583155999709</PERC>
    <Alpha>0</Alpha>
    <UZL>126.70547996195158</UZL>
    <K0>0.98873763383270086</K0>
    <K1>0.091980764032170259</K1>
    <K2>0.02241789170546005</K2>
    <MAXBAS>1</MAXBAS>
    <Cet>0</Cet>
    <PCALT>10</PCALT>
    <TCALT>0.6</TCALT>
    <Pelev>2541</Pelev>
    <Telev>2541</Telev>
    <PART>0.5</PART>
    <DELAY>1</DELAY>
  </CatchmentParameters>
  <VegetationZone>
    <VegetationZoneParameters>
      <TT>0.16219092630291632</TT>
      <CFMAX>2.1733355223009481</CFMAX>
      <SP>0</SP>
      <SFCF>1.1996365685247181</SFCF>
      <CFR>2.9445835575923067E-08</CFR>
      <CWH>0.10000000173592141</CWH>
      <CFGlacier>1</CFGlacier>
      <CFSlope>1</CFSlope>
      <FC>714.24946168384008</FC>
      <LP>0.8936559500233161</LP>
      <BETA>2.1475366814682473</BETA>
    </VegetationZoneParameters>
  </VegetationZone>
  <SubCatchment>
    <SubCatchmentParameters>
      <KSI>0.001</KSI>
      <KGmin>0.05</KGmin>
      <RangeKG>0.1</RangeKG>
      <AG>0.1</AG>
      <PERC>1.2823583155999709</PERC>
      <Alpha>0</Alpha>
      <UZL>126.70547996195158</UZL>
      <K0>0.98873763383270086</K0>
      <K1>0.091980764032170259</K1>
      <K2>0.02241789170546005</K2>
      <MAXBAS>1</MAXBAS>
      <Cet>0</Cet>
      <PCALT>10</PCALT>
      <TCALT>0.6</TCALT>
      <Pelev>2541</Pelev>
      <Telev>2541</Telev>
      <PART>0.5</PART>
      <DELAY>1</DELAY>
    </SubCatchmentParameters>
    <SubCatchmentVegetationZone>
      <SubCatchmentVegetationZoneParameters>
        <TT>0.16219092630291632</TT>
        <CFMAX>2.1733355223009481</CFMAX>
        <SP>0</SP>
        <SFCF>1.1996365685247181</SFCF>
        <CFR>2.9445835575923067E-08</CFR>
        <CWH>0.10000000173592141</CWH>
        <CFGlacier>1</CFGlacier>
        <CFSlope>1</CFSlope>
        <FC>714.24946168384008</FC>
        <LP>0.8936559500233161</LP>
        <BETA>2.1475366814682473</BETA>
      </SubCatchmentVegetationZoneParameters>
    </SubCatchmentVegetationZone>
  </SubCatchment>
</Catchment>