<?xml version="1.0" encoding="utf-8"?>
<Catchment xmlns:xsi="http://www.w3.org/2001/XMLSchema-instance" xmlns:xsd="http://www.w3.org/2001/XMLSchema">
  <CatchmentParameters>
    <KSI>0.001</KSI>
    <KGmin>0.05</KGmin>
    <RangeKG>0.1</RangeKG>
    <AG>0.1</AG>
    <PERC>8.3297986240143427</PERC>
    <Alpha>0</Alpha>
    <UZL>21.875866668483397</UZL>
    <K0>0.91628674041256553</K0>
    <K1>0.19832460164589577</K1>
    <K2>0.086669145990329433</K2>
    <MAXBAS>2.4999961777792263</MAXBAS>
    <Cet>0</Cet>
    <PCALT>10</PCALT>
    <TCALT>0.6</TCALT>
    <Pelev>2541</Pelev>
    <Telev>2541</Telev>
    <PART>0.5</PART>
    <DELAY>1</DELAY>
  </CatchmentParameters>
  <VegetationZone>
    <VegetationZoneParameters>
      <TT>0.2820021045648769</TT>
      <CFMAX>1.3116415241339141</CFMAX>
      <SP>0</SP>
      <SFCF>0.85892082232124967</SFCF>
      <CFR>8.2464418971828807E-07</CFR>
      <CWH>0.1000000495071592</CWH>
      <CFGlacier>1</CFGlacier>
      <CFSlope>1</CFSlope>
      <FC>221.39344623781395</FC>
      <LP>0.30000280575672567</LP>
      <BETA>3.4407762014629109</BETA>
    </VegetationZoneParameters>
  </VegetationZone>
  <SubCatchment>
    <SubCatchmentParameters>
      <KSI>0.001</KSI>
      <KGmin>0.05</KGmin>
      <RangeKG>0.1</RangeKG>
      <AG>0.1</AG>
      <PERC>8.3297986240143427</PERC>
      <Alpha>0</Alpha>
      <UZL>21.875866668483397</UZL>
      <K0>0.91628674041256553</K0>
      <K1>0.19832460164589577</K1>
      <K2>0.086669145990329433</K2>
      <MAXBAS>2.4999961777792263</MAXBAS>
      <Cet>0</Cet>
      <PCALT>10</PCALT>
      <TCALT>0.6</TCALT>
      <Pelev>2541</Pelev>
      <Telev>2541</Telev>
      <PART>0.5</PART>
      <DELAY>1</DELAY>
    </SubCatchmentParameters>
    <SubCatchmentVegetationZone>
      <SubCatchmentVegetationZoneParameters>
        <TT>0.2820021045648769</TT>
        <CFMAX>1.3116415241339141</CFMAX>
        <SP>0</SP>
        <SFCF>0.85892082232124967</SFCF>
        <CFR>8.2464418971828807E-07</CFR>
        <CWH>0.1000000495071592</CWH>
        <CFGlacier>1</CFGlacier>
        <CFSlope>1</CFSlope>
        <FC>221.39344623781395</FC>
        <LP>0.30000280575672567</LP>
        <BETA>3.4407762014629109</BETA>
      </SubCatchmentVegetationZoneParameters>
    </SubCatchmentVegetationZone>
  </SubCatchment>
</Catchment>