<?xml version="1.0" encoding="utf-8"?>
<Catchment xmlns:xsi="http://www.w3.org/2001/XMLSchema-instance" xmlns:xsd="http://www.w3.org/2001/XMLSchema">
  <CatchmentParameters>
    <KSI>0.001</KSI>
    <KGmin>0.05</KGmin>
    <RangeKG>0.1</RangeKG>
    <AG>0.1</AG>
    <PERC>0.91716284997876163</PERC>
    <Alpha>0</Alpha>
    <UZL>199.69755024249</UZL>
    <K0>0.31488046347544479</K0>
    <K1>0.069320912640621651</K1>
    <K2>0.020404843282799973</K2>
    <MAXBAS>1</MAXBAS>
    <Cet>0</Cet>
    <PCALT>10</PCALT>
    <TCALT>0.6</TCALT>
    <Pelev>2541</Pelev>
    <Telev>2541</Telev>
    <PART>0.5</PART>
    <DELAY>1</DELAY>
  </CatchmentParameters>
  <VegetationZone>
    <VegetationZoneParameters>
      <TT>0.20337285947209027</TT>
      <CFMAX>2.8871601941175471</CFMAX>
      <SP>0</SP>
      <SFCF>1.394284616311757</SFCF>
      <CFR>3.0221445696489268E-07</CFR>
      <CWH>0.10000011609944987</CWH>
      <CFGlacier>1</CFGlacier>
      <CFSlope>1</CFSlope>
      <FC>1121.5984710108703</FC>
      <LP>0.72613492660990164</LP>
      <BETA>2.3747357483903806</BETA>
    </VegetationZoneParameters>
  </VegetationZone>
  <SubCatchment>
    <SubCatchmentParameters>
      <KSI>0.001</KSI>
      <KGmin>0.05</KGmin>
      <RangeKG>0.1</RangeKG>
      <AG>0.1</AG>
      <PERC>0.91716284997876163</PERC>
      <Alpha>0</Alpha>
      <UZL>199.69755024249</UZL>
      <K0>0.31488046347544479</K0>
      <K1>0.069320912640621651</K1>
      <K2>0.020404843282799973</K2>
      <MAXBAS>1</MAXBAS>
      <Cet>0</Cet>
      <PCALT>10</PCALT>
      <TCALT>0.6</TCALT>
      <Pelev>2541</Pelev>
      <Telev>2541</Telev>
      <PART>0.5</PART>
      <DELAY>1</DELAY>
    </SubCatchmentParameters>
    <SubCatchmentVegetationZone>
      <SubCatchmentVegetationZoneParameters>
        <TT>0.20337285947209027</TT>
        <CFMAX>2.8871601941175471</CFMAX>
        <SP>0</SP>
        <SFCF>1.394284616311757</SFCF>
        <CFR>3.0221445696489268E-07</CFR>
        <CWH>0.10000011609944987</CWH>
        <CFGlacier>1</CFGlacier>
        <CFSlope>1</CFSlope>
        <FC>1121.5984710108703</FC>
        <LP>0.72613492660990164</LP>
        <BETA>2.3747357483903806</BETA>
      </SubCatchmentVegetationZoneParameters>
    </SubCatchmentVegetationZone>
  </SubCatchment>
</Catchment>