<?xml version="1.0" encoding="utf-8"?>
<Catchment xmlns:xsi="http://www.w3.org/2001/XMLSchema-instance" xmlns:xsd="http://www.w3.org/2001/XMLSchema">
  <CatchmentParameters>
    <KSI>0.001</KSI>
    <KGmin>0.05</KGmin>
    <RangeKG>0.1</RangeKG>
    <AG>0.1</AG>
    <PERC>1.3732936595335983</PERC>
    <Alpha>0</Alpha>
    <UZL>102.18709649231018</UZL>
    <K0>0.050000061206371925</K0>
    <K1>0.070132401384863138</K1>
    <K2>0.023398189343202522</K2>
    <MAXBAS>1</MAXBAS>
    <Cet>0</Cet>
    <PCALT>10</PCALT>
    <TCALT>0.6</TCALT>
    <Pelev>2541</Pelev>
    <Telev>2541</Telev>
    <PART>0.5</PART>
    <DELAY>1</DELAY>
  </CatchmentParameters>
  <VegetationZone>
    <VegetationZoneParameters>
      <TT>0.19776076969211462</TT>
      <CFMAX>2.5579896272819713</CFMAX>
      <SP>0</SP>
      <SFCF>1.2773907149811727</SFCF>
      <CFR>8.7746796461225427E-07</CFR>
      <CWH>0.10000030867704694</CWH>
      <CFGlacier>1</CFGlacier>
      <CFSlope>1</CFSlope>
      <FC>1054.7226728471144</FC>
      <LP>0.95661163419920814</LP>
      <BETA>2.8960902323061233</BETA>
    </VegetationZoneParameters>
  </VegetationZone>
  <SubCatchment>
    <SubCatchmentParameters>
      <KSI>0.001</KSI>
      <KGmin>0.05</KGmin>
      <RangeKG>0.1</RangeKG>
      <AG>0.1</AG>
      <PERC>1.3732936595335983</PERC>
      <Alpha>0</Alpha>
      <UZL>102.18709649231018</UZL>
      <K0>0.050000061206371925</K0>
      <K1>0.070132401384863138</K1>
      <K2>0.023398189343202522</K2>
      <MAXBAS>1</MAXBAS>
      <Cet>0</Cet>
      <PCALT>10</PCALT>
      <TCALT>0.6</TCALT>
      <Pelev>2541</Pelev>
      <Telev>2541</Telev>
      <PART>0.5</PART>
      <DELAY>1</DELAY>
    </SubCatchmentParameters>
    <SubCatchmentVegetationZone>
      <SubCatchmentVegetationZoneParameters>
        <TT>0.19776076969211462</TT>
        <CFMAX>2.5579896272819713</CFMAX>
        <SP>0</SP>
        <SFCF>1.2773907149811727</SFCF>
        <CFR>8.7746796461225427E-07</CFR>
        <CWH>0.10000030867704694</CWH>
        <CFGlacier>1</CFGlacier>
        <CFSlope>1</CFSlope>
        <FC>1054.7226728471144</FC>
        <LP>0.95661163419920814</LP>
        <BETA>2.8960902323061233</BETA>
      </SubCatchmentVegetationZoneParameters>
    </SubCatchmentVegetationZone>
  </SubCatchment>
</Catchment>