<?xml version="1.0" encoding="utf-8"?>
<Catchment xmlns:xsi="http://www.w3.org/2001/XMLSchema-instance" xmlns:xsd="http://www.w3.org/2001/XMLSchema">
  <CatchmentParameters>
    <KSI>0.001</KSI>
    <KGmin>0.05</KGmin>
    <RangeKG>0.1</RangeKG>
    <AG>0.1</AG>
    <PERC>9.9999754885062622</PERC>
    <Alpha>0</Alpha>
    <UZL>59.370411218863296</UZL>
    <K0>0.22600909607805841</K0>
    <K1>0.40341406870199115</K1>
    <K2>0.094446783506129256</K2>
    <MAXBAS>2.4999959107520007</MAXBAS>
    <Cet>0</Cet>
    <PCALT>10</PCALT>
    <TCALT>0.6</TCALT>
    <Pelev>2541</Pelev>
    <Telev>2541</Telev>
    <PART>0.5</PART>
    <DELAY>1</DELAY>
  </CatchmentParameters>
  <VegetationZone>
    <VegetationZoneParameters>
      <TT>-0.1584695073294852</TT>
      <CFMAX>1.3056659520284721</CFMAX>
      <SP>0</SP>
      <SFCF>0.95911805626513824</SFCF>
      <CFR>8.7730516157490374E-07</CFR>
      <CWH>0.10000002466795604</CWH>
      <CFGlacier>1</CFGlacier>
      <CFSlope>1</CFSlope>
      <FC>279.3083188860345</FC>
      <LP>0.30000302133128687</LP>
      <BETA>2.1977199050212484</BETA>
    </VegetationZoneParameters>
  </VegetationZone>
  <SubCatchment>
    <SubCatchmentParameters>
      <KSI>0.001</KSI>
      <KGmin>0.05</KGmin>
      <RangeKG>0.1</RangeKG>
      <AG>0.1</AG>
      <PERC>9.9999754885062622</PERC>
      <Alpha>0</Alpha>
      <UZL>59.370411218863296</UZL>
      <K0>0.22600909607805841</K0>
      <K1>0.40341406870199115</K1>
      <K2>0.094446783506129256</K2>
      <MAXBAS>2.4999959107520007</MAXBAS>
      <Cet>0</Cet>
      <PCALT>10</PCALT>
      <TCALT>0.6</TCALT>
      <Pelev>2541</Pelev>
      <Telev>2541</Telev>
      <PART>0.5</PART>
      <DELAY>1</DELAY>
    </SubCatchmentParameters>
    <SubCatchmentVegetationZone>
      <SubCatchmentVegetationZoneParameters>
        <TT>-0.1584695073294852</TT>
        <CFMAX>1.3056659520284721</CFMAX>
        <SP>0</SP>
        <SFCF>0.95911805626513824</SFCF>
        <CFR>8.7730516157490374E-07</CFR>
        <CWH>0.10000002466795604</CWH>
        <CFGlacier>1</CFGlacier>
        <CFSlope>1</CFSlope>
        <FC>279.3083188860345</FC>
        <LP>0.30000302133128687</LP>
        <BETA>2.1977199050212484</BETA>
      </SubCatchmentVegetationZoneParameters>
    </SubCatchmentVegetationZone>
  </SubCatchment>
</Catchment>