<?xml version="1.0" encoding="utf-8"?>
<Catchment xmlns:xsi="http://www.w3.org/2001/XMLSchema-instance" xmlns:xsd="http://www.w3.org/2001/XMLSchema">
  <CatchmentParameters>
    <KSI>0.001</KSI>
    <KGmin>0.05</KGmin>
    <RangeKG>0.1</RangeKG>
    <AG>0.1</AG>
    <PERC>9.9999907229286347</PERC>
    <Alpha>0</Alpha>
    <UZL>127.36548296983452</UZL>
    <K0>0.24476650137507494</K0>
    <K1>0.30691285374966837</K1>
    <K2>0.064062870007808692</K2>
    <MAXBAS>2.4999854271816306</MAXBAS>
    <Cet>0</Cet>
    <PCALT>10</PCALT>
    <TCALT>0.6</TCALT>
    <Pelev>2541</Pelev>
    <Telev>2541</Telev>
    <PART>0.5</PART>
    <DELAY>1</DELAY>
  </CatchmentParameters>
  <VegetationZone>
    <VegetationZoneParameters>
      <TT>0.69745317639177518</TT>
      <CFMAX>1.628687542606021</CFMAX>
      <SP>0</SP>
      <SFCF>0.87900746947589459</SFCF>
      <CFR>0.022510852766747684</CFR>
      <CWH>0.1000001623905588</CWH>
      <CFGlacier>1</CFGlacier>
      <CFSlope>1</CFSlope>
      <FC>208.17802703279435</FC>
      <LP>0.300000395580377</LP>
      <BETA>3.5911747570905197</BETA>
    </VegetationZoneParameters>
  </VegetationZone>
  <SubCatchment>
    <SubCatchmentParameters>
      <KSI>0.001</KSI>
      <KGmin>0.05</KGmin>
      <RangeKG>0.1</RangeKG>
      <AG>0.1</AG>
      <PERC>9.9999907229286347</PERC>
      <Alpha>0</Alpha>
      <UZL>127.36548296983452</UZL>
      <K0>0.24476650137507494</K0>
      <K1>0.30691285374966837</K1>
      <K2>0.064062870007808692</K2>
      <MAXBAS>2.4999854271816306</MAXBAS>
      <Cet>0</Cet>
      <PCALT>10</PCALT>
      <TCALT>0.6</TCALT>
      <Pelev>2541</Pelev>
      <Telev>2541</Telev>
      <PART>0.5</PART>
      <DELAY>1</DELAY>
    </SubCatchmentParameters>
    <SubCatchmentVegetationZone>
      <SubCatchmentVegetationZoneParameters>
        <TT>0.69745317639177518</TT>
        <CFMAX>1.628687542606021</CFMAX>
        <SP>0</SP>
        <SFCF>0.87900746947589459</SFCF>
        <CFR>0.022510852766747684</CFR>
        <CWH>0.1000001623905588</CWH>
        <CFGlacier>1</CFGlacier>
        <CFSlope>1</CFSlope>
        <FC>208.17802703279435</FC>
        <LP>0.300000395580377</LP>
        <BETA>3.5911747570905197</BETA>
      </SubCatchmentVegetationZoneParameters>
    </SubCatchmentVegetationZone>
  </SubCatchment>
</Catchment>