<?xml version="1.0" encoding="utf-8"?>
<Catchment xmlns:xsi="http://www.w3.org/2001/XMLSchema-instance" xmlns:xsd="http://www.w3.org/2001/XMLSchema">
  <CatchmentParameters>
    <KSI>0.001</KSI>
    <KGmin>0.05</KGmin>
    <RangeKG>0.1</RangeKG>
    <AG>0.1</AG>
    <PERC>9.9999863419796782</PERC>
    <Alpha>0</Alpha>
    <UZL>97.592243818955154</UZL>
    <K0>0.73247076544842238</K0>
    <K1>0.37486064818178566</K1>
    <K2>0.073096189290827521</K2>
    <MAXBAS>2.4999924341676665</MAXBAS>
    <Cet>0</Cet>
    <PCALT>10</PCALT>
    <TCALT>0.6</TCALT>
    <Pelev>2541</Pelev>
    <Telev>2541</Telev>
    <PART>0.5</PART>
    <DELAY>1</DELAY>
  </CatchmentParameters>
  <VegetationZone>
    <VegetationZoneParameters>
      <TT>0.30583920924022762</TT>
      <CFMAX>1.4520746294868312</CFMAX>
      <SP>0</SP>
      <SFCF>0.89159081594652934</SFCF>
      <CFR>7.3705642339222973E-07</CFR>
      <CWH>0.10000012904477836</CWH>
      <CFGlacier>1</CFGlacier>
      <CFSlope>1</CFSlope>
      <FC>215.8610885018694</FC>
      <LP>0.30000527809927541</LP>
      <BETA>3.6070959702727312</BETA>
    </VegetationZoneParameters>
  </VegetationZone>
  <SubCatchment>
    <SubCatchmentParameters>
      <KSI>0.001</KSI>
      <KGmin>0.05</KGmin>
      <RangeKG>0.1</RangeKG>
      <AG>0.1</AG>
      <PERC>9.9999863419796782</PERC>
      <Alpha>0</Alpha>
      <UZL>97.592243818955154</UZL>
      <K0>0.73247076544842238</K0>
      <K1>0.37486064818178566</K1>
      <K2>0.073096189290827521</K2>
      <MAXBAS>2.4999924341676665</MAXBAS>
      <Cet>0</Cet>
      <PCALT>10</PCALT>
      <TCALT>0.6</TCALT>
      <Pelev>2541</Pelev>
      <Telev>2541</Telev>
      <PART>0.5</PART>
      <DELAY>1</DELAY>
    </SubCatchmentParameters>
    <SubCatchmentVegetationZone>
      <SubCatchmentVegetationZoneParameters>
        <TT>0.30583920924022762</TT>
        <CFMAX>1.4520746294868312</CFMAX>
        <SP>0</SP>
        <SFCF>0.89159081594652934</SFCF>
        <CFR>7.3705642339222973E-07</CFR>
        <CWH>0.10000012904477836</CWH>
        <CFGlacier>1</CFGlacier>
        <CFSlope>1</CFSlope>
        <FC>215.8610885018694</FC>
        <LP>0.30000527809927541</LP>
        <BETA>3.6070959702727312</BETA>
      </SubCatchmentVegetationZoneParameters>
    </SubCatchmentVegetationZone>
  </SubCatchment>
</Catchment>