<?xml version="1.0" encoding="utf-8"?>
<Catchment xmlns:xsi="http://www.w3.org/2001/XMLSchema-instance" xmlns:xsd="http://www.w3.org/2001/XMLSchema">
  <CatchmentParameters>
    <KSI>0.001</KSI>
    <KGmin>0.05</KGmin>
    <RangeKG>0.1</RangeKG>
    <AG>0.1</AG>
    <PERC>9.9999888216230755</PERC>
    <Alpha>0</Alpha>
    <UZL>135.17836827665136</UZL>
    <K0>0.4959100700111338</K0>
    <K1>0.36738378010461425</K1>
    <K2>0.0718997202260378</K2>
    <MAXBAS>2.49999323816642</MAXBAS>
    <Cet>0</Cet>
    <PCALT>10</PCALT>
    <TCALT>0.6</TCALT>
    <Pelev>2541</Pelev>
    <Telev>2541</Telev>
    <PART>0.5</PART>
    <DELAY>1</DELAY>
  </CatchmentParameters>
  <VegetationZone>
    <VegetationZoneParameters>
      <TT>0.55204854565654693</TT>
      <CFMAX>1.4855469544935105</CFMAX>
      <SP>0</SP>
      <SFCF>0.85970541074596984</SFCF>
      <CFR>7.5602398201496962E-07</CFR>
      <CWH>0.10000006460725265</CWH>
      <CFGlacier>1</CFGlacier>
      <CFSlope>1</CFSlope>
      <FC>202.40911263281589</FC>
      <LP>0.30000216821860121</LP>
      <BETA>4.1277453490076566</BETA>
    </VegetationZoneParameters>
  </VegetationZone>
  <SubCatchment>
    <SubCatchmentParameters>
      <KSI>0.001</KSI>
      <KGmin>0.05</KGmin>
      <RangeKG>0.1</RangeKG>
      <AG>0.1</AG>
      <PERC>9.9999888216230755</PERC>
      <Alpha>0</Alpha>
      <UZL>135.17836827665136</UZL>
      <K0>0.4959100700111338</K0>
      <K1>0.36738378010461425</K1>
      <K2>0.0718997202260378</K2>
      <MAXBAS>2.49999323816642</MAXBAS>
      <Cet>0</Cet>
      <PCALT>10</PCALT>
      <TCALT>0.6</TCALT>
      <Pelev>2541</Pelev>
      <Telev>2541</Telev>
      <PART>0.5</PART>
      <DELAY>1</DELAY>
    </SubCatchmentParameters>
    <SubCatchmentVegetationZone>
      <SubCatchmentVegetationZoneParameters>
        <TT>0.55204854565654693</TT>
        <CFMAX>1.4855469544935105</CFMAX>
        <SP>0</SP>
        <SFCF>0.85970541074596984</SFCF>
        <CFR>7.5602398201496962E-07</CFR>
        <CWH>0.10000006460725265</CWH>
        <CFGlacier>1</CFGlacier>
        <CFSlope>1</CFSlope>
        <FC>202.40911263281589</FC>
        <LP>0.30000216821860121</LP>
        <BETA>4.1277453490076566</BETA>
      </SubCatchmentVegetationZoneParameters>
    </SubCatchmentVegetationZone>
  </SubCatchment>
</Catchment>