<?xml version="1.0" encoding="utf-8"?>
<Catchment xmlns:xsi="http://www.w3.org/2001/XMLSchema-instance" xmlns:xsd="http://www.w3.org/2001/XMLSchema">
  <CatchmentParameters>
    <KSI>0.001</KSI>
    <KGmin>0.05</KGmin>
    <RangeKG>0.1</RangeKG>
    <AG>0.1</AG>
    <PERC>0.86709163941526146</PERC>
    <Alpha>0</Alpha>
    <UZL>164.47903010942491</UZL>
    <K0>0.31264992952659088</K0>
    <K1>0.0745044249194518</K1>
    <K2>0.019597752230696486</K2>
    <MAXBAS>1</MAXBAS>
    <Cet>0</Cet>
    <PCALT>10</PCALT>
    <TCALT>0.6</TCALT>
    <Pelev>2541</Pelev>
    <Telev>2541</Telev>
    <PART>0.5</PART>
    <DELAY>1</DELAY>
  </CatchmentParameters>
  <VegetationZone>
    <VegetationZoneParameters>
      <TT>0.16938282438292587</TT>
      <CFMAX>2.394584589075301</CFMAX>
      <SP>0</SP>
      <SFCF>1.2488902847902195</SFCF>
      <CFR>0.00022554394931186716</CFR>
      <CWH>0.10000001051992895</CWH>
      <CFGlacier>1</CFGlacier>
      <CFSlope>1</CFSlope>
      <FC>938.21706726198363</FC>
      <LP>0.98377428051212956</LP>
      <BETA>3.0030522606170633</BETA>
    </VegetationZoneParameters>
  </VegetationZone>
  <SubCatchment>
    <SubCatchmentParameters>
      <KSI>0.001</KSI>
      <KGmin>0.05</KGmin>
      <RangeKG>0.1</RangeKG>
      <AG>0.1</AG>
      <PERC>0.86709163941526146</PERC>
      <Alpha>0</Alpha>
      <UZL>164.47903010942491</UZL>
      <K0>0.31264992952659088</K0>
      <K1>0.0745044249194518</K1>
      <K2>0.019597752230696486</K2>
      <MAXBAS>1</MAXBAS>
      <Cet>0</Cet>
      <PCALT>10</PCALT>
      <TCALT>0.6</TCALT>
      <Pelev>2541</Pelev>
      <Telev>2541</Telev>
      <PART>0.5</PART>
      <DELAY>1</DELAY>
    </SubCatchmentParameters>
    <SubCatchmentVegetationZone>
      <SubCatchmentVegetationZoneParameters>
        <TT>0.16938282438292587</TT>
        <CFMAX>2.394584589075301</CFMAX>
        <SP>0</SP>
        <SFCF>1.2488902847902195</SFCF>
        <CFR>0.00022554394931186716</CFR>
        <CWH>0.10000001051992895</CWH>
        <CFGlacier>1</CFGlacier>
        <CFSlope>1</CFSlope>
        <FC>938.21706726198363</FC>
        <LP>0.98377428051212956</LP>
        <BETA>3.0030522606170633</BETA>
      </SubCatchmentVegetationZoneParameters>
    </SubCatchmentVegetationZone>
  </SubCatchment>
</Catchment>