<?xml version="1.0" encoding="utf-8"?>
<Catchment xmlns:xsi="http://www.w3.org/2001/XMLSchema-instance" xmlns:xsd="http://www.w3.org/2001/XMLSchema">
  <CatchmentParameters>
    <KSI>0.001</KSI>
    <KGmin>0.05</KGmin>
    <RangeKG>0.1</RangeKG>
    <AG>0.1</AG>
    <PERC>7.2574436005888883</PERC>
    <Alpha>0</Alpha>
    <UZL>196.34587092955775</UZL>
    <K0>0.47422861088642726</K0>
    <K1>0.17053433069207763</K1>
    <K2>0.061920034373565851</K2>
    <MAXBAS>2.0207443022838643</MAXBAS>
    <Cet>0</Cet>
    <PCALT>10</PCALT>
    <TCALT>0.6</TCALT>
    <Pelev>2541</Pelev>
    <Telev>2541</Telev>
    <PART>0.5</PART>
    <DELAY>1</DELAY>
  </CatchmentParameters>
  <VegetationZone>
    <VegetationZoneParameters>
      <TT>1.0725772044096653</TT>
      <CFMAX>1.6669231445705715</CFMAX>
      <SP>0</SP>
      <SFCF>0.81119713028017593</SFCF>
      <CFR>0.045083416889947096</CFR>
      <CWH>0.10000000017902432</CWH>
      <CFGlacier>1</CFGlacier>
      <CFSlope>1</CFSlope>
      <FC>168.88667231632422</FC>
      <LP>0.30000319394603592</LP>
      <BETA>5.9995918023940327</BETA>
    </VegetationZoneParameters>
  </VegetationZone>
  <SubCatchment>
    <SubCatchmentParameters>
      <KSI>0.001</KSI>
      <KGmin>0.05</KGmin>
      <RangeKG>0.1</RangeKG>
      <AG>0.1</AG>
      <PERC>7.2574436005888883</PERC>
      <Alpha>0</Alpha>
      <UZL>196.34587092955775</UZL>
      <K0>0.47422861088642726</K0>
      <K1>0.17053433069207763</K1>
      <K2>0.061920034373565851</K2>
      <MAXBAS>2.0207443022838643</MAXBAS>
      <Cet>0</Cet>
      <PCALT>10</PCALT>
      <TCALT>0.6</TCALT>
      <Pelev>2541</Pelev>
      <Telev>2541</Telev>
      <PART>0.5</PART>
      <DELAY>1</DELAY>
    </SubCatchmentParameters>
    <SubCatchmentVegetationZone>
      <SubCatchmentVegetationZoneParameters>
        <TT>1.0725772044096653</TT>
        <CFMAX>1.6669231445705715</CFMAX>
        <SP>0</SP>
        <SFCF>0.81119713028017593</SFCF>
        <CFR>0.045083416889947096</CFR>
        <CWH>0.10000000017902432</CWH>
        <CFGlacier>1</CFGlacier>
        <CFSlope>1</CFSlope>
        <FC>168.88667231632422</FC>
        <LP>0.30000319394603592</LP>
        <BETA>5.9995918023940327</BETA>
      </SubCatchmentVegetationZoneParameters>
    </SubCatchmentVegetationZone>
  </SubCatchment>
</Catchment>