<?xml version="1.0" encoding="utf-8"?>
<Catchment xmlns:xsi="http://www.w3.org/2001/XMLSchema-instance" xmlns:xsd="http://www.w3.org/2001/XMLSchema">
  <CatchmentParameters>
    <KSI>0.001</KSI>
    <KGmin>0.05</KGmin>
    <RangeKG>0.1</RangeKG>
    <AG>0.1</AG>
    <PERC>8.1161039933047245</PERC>
    <Alpha>0</Alpha>
    <UZL>71.58735035768558</UZL>
    <K0>0.20684560711525152</K0>
    <K1>0.36918501708114765</K1>
    <K2>0.10971505477198223</K2>
    <MAXBAS>1.917967511735198</MAXBAS>
    <Cet>0</Cet>
    <PCALT>10</PCALT>
    <TCALT>0.6</TCALT>
    <Pelev>2541</Pelev>
    <Telev>2541</Telev>
    <PART>0.5</PART>
    <DELAY>1</DELAY>
  </CatchmentParameters>
  <VegetationZone>
    <VegetationZoneParameters>
      <TT>-1.2636779091537154</TT>
      <CFMAX>1.1124012344028222</CFMAX>
      <SP>0</SP>
      <SFCF>1.1965206144630689</SFCF>
      <CFR>0.099999998218176248</CFR>
      <CWH>0.11578246262057375</CWH>
      <CFGlacier>1</CFGlacier>
      <CFSlope>1</CFSlope>
      <FC>529.638014057932</FC>
      <LP>0.68673773262048954</LP>
      <BETA>2.4541989132065702</BETA>
    </VegetationZoneParameters>
  </VegetationZone>
  <SubCatchment>
    <SubCatchmentParameters>
      <KSI>0.001</KSI>
      <KGmin>0.05</KGmin>
      <RangeKG>0.1</RangeKG>
      <AG>0.1</AG>
      <PERC>8.1161039933047245</PERC>
      <Alpha>0</Alpha>
      <UZL>71.58735035768558</UZL>
      <K0>0.20684560711525152</K0>
      <K1>0.36918501708114765</K1>
      <K2>0.10971505477198223</K2>
      <MAXBAS>1.917967511735198</MAXBAS>
      <Cet>0</Cet>
      <PCALT>10</PCALT>
      <TCALT>0.6</TCALT>
      <Pelev>2541</Pelev>
      <Telev>2541</Telev>
      <PART>0.5</PART>
      <DELAY>1</DELAY>
    </SubCatchmentParameters>
    <SubCatchmentVegetationZone>
      <SubCatchmentVegetationZoneParameters>
        <TT>-1.2636779091537154</TT>
        <CFMAX>1.1124012344028222</CFMAX>
        <SP>0</SP>
        <SFCF>1.1965206144630689</SFCF>
        <CFR>0.099999998218176248</CFR>
        <CWH>0.11578246262057375</CWH>
        <CFGlacier>1</CFGlacier>
        <CFSlope>1</CFSlope>
        <FC>529.638014057932</FC>
        <LP>0.68673773262048954</LP>
        <BETA>2.4541989132065702</BETA>
      </SubCatchmentVegetationZoneParameters>
    </SubCatchmentVegetationZone>
  </SubCatchment>
</Catchment>