<?xml version="1.0" encoding="utf-8"?>
<Catchment xmlns:xsi="http://www.w3.org/2001/XMLSchema-instance" xmlns:xsd="http://www.w3.org/2001/XMLSchema">
  <CatchmentParameters>
    <KSI>0.001</KSI>
    <KGmin>0.05</KGmin>
    <RangeKG>0.1</RangeKG>
    <AG>0.1</AG>
    <PERC>9.506661964410041</PERC>
    <Alpha>0</Alpha>
    <UZL>186.47331503384658</UZL>
    <K0>0.66815435658323241</K0>
    <K1>0.3849436754284819</K1>
    <K2>0.092847280466446122</K2>
    <MAXBAS>2.4999856647177392</MAXBAS>
    <Cet>0</Cet>
    <PCALT>10</PCALT>
    <TCALT>0.6</TCALT>
    <Pelev>2541</Pelev>
    <Telev>2541</Telev>
    <PART>0.5</PART>
    <DELAY>1</DELAY>
  </CatchmentParameters>
  <VegetationZone>
    <VegetationZoneParameters>
      <TT>-0.22984168295785531</TT>
      <CFMAX>1.2954908621908421</CFMAX>
      <SP>0</SP>
      <SFCF>0.9699557640488663</SFCF>
      <CFR>3.8035571224186603E-07</CFR>
      <CWH>0.10000011015551079</CWH>
      <CFGlacier>1</CFGlacier>
      <CFSlope>1</CFSlope>
      <FC>282.36213037151452</FC>
      <LP>0.30000253728983822</LP>
      <BETA>2.0710440811083495</BETA>
    </VegetationZoneParameters>
  </VegetationZone>
  <SubCatchment>
    <SubCatchmentParameters>
      <KSI>0.001</KSI>
      <KGmin>0.05</KGmin>
      <RangeKG>0.1</RangeKG>
      <AG>0.1</AG>
      <PERC>9.506661964410041</PERC>
      <Alpha>0</Alpha>
      <UZL>186.47331503384658</UZL>
      <K0>0.66815435658323241</K0>
      <K1>0.3849436754284819</K1>
      <K2>0.092847280466446122</K2>
      <MAXBAS>2.4999856647177392</MAXBAS>
      <Cet>0</Cet>
      <PCALT>10</PCALT>
      <TCALT>0.6</TCALT>
      <Pelev>2541</Pelev>
      <Telev>2541</Telev>
      <PART>0.5</PART>
      <DELAY>1</DELAY>
    </SubCatchmentParameters>
    <SubCatchmentVegetationZone>
      <SubCatchmentVegetationZoneParameters>
        <TT>-0.22984168295785531</TT>
        <CFMAX>1.2954908621908421</CFMAX>
        <SP>0</SP>
        <SFCF>0.9699557640488663</SFCF>
        <CFR>3.8035571224186603E-07</CFR>
        <CWH>0.10000011015551079</CWH>
        <CFGlacier>1</CFGlacier>
        <CFSlope>1</CFSlope>
        <FC>282.36213037151452</FC>
        <LP>0.30000253728983822</LP>
        <BETA>2.0710440811083495</BETA>
      </SubCatchmentVegetationZoneParameters>
    </SubCatchmentVegetationZone>
  </SubCatchment>
</Catchment>