<?xml version="1.0" encoding="utf-8"?>
<Catchment xmlns:xsi="http://www.w3.org/2001/XMLSchema-instance" xmlns:xsd="http://www.w3.org/2001/XMLSchema">
  <CatchmentParameters>
    <KSI>0.001</KSI>
    <KGmin>0.05</KGmin>
    <RangeKG>0.1</RangeKG>
    <AG>0.1</AG>
    <PERC>0.88593302611215774</PERC>
    <Alpha>0</Alpha>
    <UZL>125.99564346065276</UZL>
    <K0>0.274782979436667</K0>
    <K1>0.10712088180890343</K1>
    <K2>0.020747306252804073</K2>
    <MAXBAS>1</MAXBAS>
    <Cet>0</Cet>
    <PCALT>10</PCALT>
    <TCALT>0.6</TCALT>
    <Pelev>2541</Pelev>
    <Telev>2541</Telev>
    <PART>0.5</PART>
    <DELAY>1</DELAY>
  </CatchmentParameters>
  <VegetationZone>
    <VegetationZoneParameters>
      <TT>-0.7645583411608049</TT>
      <CFMAX>1.5792725003473427</CFMAX>
      <SP>0</SP>
      <SFCF>1.2826675170301696</SFCF>
      <CFR>2.2798632521775955E-08</CFR>
      <CWH>0.10000006464694232</CWH>
      <CFGlacier>1</CFGlacier>
      <CFSlope>1</CFSlope>
      <FC>572.883366829304</FC>
      <LP>0.473708549670498</LP>
      <BETA>1.4399115828586375</BETA>
    </VegetationZoneParameters>
  </VegetationZone>
  <SubCatchment>
    <SubCatchmentParameters>
      <KSI>0.001</KSI>
      <KGmin>0.05</KGmin>
      <RangeKG>0.1</RangeKG>
      <AG>0.1</AG>
      <PERC>0.88593302611215774</PERC>
      <Alpha>0</Alpha>
      <UZL>125.99564346065276</UZL>
      <K0>0.274782979436667</K0>
      <K1>0.10712088180890343</K1>
      <K2>0.020747306252804073</K2>
      <MAXBAS>1</MAXBAS>
      <Cet>0</Cet>
      <PCALT>10</PCALT>
      <TCALT>0.6</TCALT>
      <Pelev>2541</Pelev>
      <Telev>2541</Telev>
      <PART>0.5</PART>
      <DELAY>1</DELAY>
    </SubCatchmentParameters>
    <SubCatchmentVegetationZone>
      <SubCatchmentVegetationZoneParameters>
        <TT>-0.7645583411608049</TT>
        <CFMAX>1.5792725003473427</CFMAX>
        <SP>0</SP>
        <SFCF>1.2826675170301696</SFCF>
        <CFR>2.2798632521775955E-08</CFR>
        <CWH>0.10000006464694232</CWH>
        <CFGlacier>1</CFGlacier>
        <CFSlope>1</CFSlope>
        <FC>572.883366829304</FC>
        <LP>0.473708549670498</LP>
        <BETA>1.4399115828586375</BETA>
      </SubCatchmentVegetationZoneParameters>
    </SubCatchmentVegetationZone>
  </SubCatchment>
</Catchment>