<?xml version="1.0" encoding="utf-8"?>
<Catchment xmlns:xsi="http://www.w3.org/2001/XMLSchema-instance" xmlns:xsd="http://www.w3.org/2001/XMLSchema">
  <CatchmentParameters>
    <KSI>0.001</KSI>
    <KGmin>0.05</KGmin>
    <RangeKG>0.1</RangeKG>
    <AG>0.1</AG>
    <PERC>5.199294734215524</PERC>
    <Alpha>0</Alpha>
    <UZL>26.726525874185054</UZL>
    <K0>0.81100408165425963</K0>
    <K1>0.18699865646941627</K1>
    <K2>0.097438015872337941</K2>
    <MAXBAS>1.7619718595539808</MAXBAS>
    <Cet>0</Cet>
    <PCALT>10</PCALT>
    <TCALT>0.6</TCALT>
    <Pelev>2541</Pelev>
    <Telev>2541</Telev>
    <PART>0.5</PART>
    <DELAY>1</DELAY>
  </CatchmentParameters>
  <VegetationZone>
    <VegetationZoneParameters>
      <TT>-1.724112276682767</TT>
      <CFMAX>0.93311482228630283</CFMAX>
      <SP>0</SP>
      <SFCF>1.2016286589347085</SFCF>
      <CFR>0.099997278017903868</CFR>
      <CWH>0.19999976030092462</CWH>
      <CFGlacier>1</CFGlacier>
      <CFSlope>1</CFSlope>
      <FC>441.84324651332</FC>
      <LP>0.49151622921891147</LP>
      <BETA>2.1228574542080865</BETA>
    </VegetationZoneParameters>
  </VegetationZone>
  <SubCatchment>
    <SubCatchmentParameters>
      <KSI>0.001</KSI>
      <KGmin>0.05</KGmin>
      <RangeKG>0.1</RangeKG>
      <AG>0.1</AG>
      <PERC>5.199294734215524</PERC>
      <Alpha>0</Alpha>
      <UZL>26.726525874185054</UZL>
      <K0>0.81100408165425963</K0>
      <K1>0.18699865646941627</K1>
      <K2>0.097438015872337941</K2>
      <MAXBAS>1.7619718595539808</MAXBAS>
      <Cet>0</Cet>
      <PCALT>10</PCALT>
      <TCALT>0.6</TCALT>
      <Pelev>2541</Pelev>
      <Telev>2541</Telev>
      <PART>0.5</PART>
      <DELAY>1</DELAY>
    </SubCatchmentParameters>
    <SubCatchmentVegetationZone>
      <SubCatchmentVegetationZoneParameters>
        <TT>-1.724112276682767</TT>
        <CFMAX>0.93311482228630283</CFMAX>
        <SP>0</SP>
        <SFCF>1.2016286589347085</SFCF>
        <CFR>0.099997278017903868</CFR>
        <CWH>0.19999976030092462</CWH>
        <CFGlacier>1</CFGlacier>
        <CFSlope>1</CFSlope>
        <FC>441.84324651332</FC>
        <LP>0.49151622921891147</LP>
        <BETA>2.1228574542080865</BETA>
      </SubCatchmentVegetationZoneParameters>
    </SubCatchmentVegetationZone>
  </SubCatchment>
</Catchment>