<?xml version="1.0" encoding="utf-8"?>
<Catchment xmlns:xsi="http://www.w3.org/2001/XMLSchema-instance" xmlns:xsd="http://www.w3.org/2001/XMLSchema">
  <CatchmentParameters>
    <KSI>0.001</KSI>
    <KGmin>0.05</KGmin>
    <RangeKG>0.1</RangeKG>
    <AG>0.1</AG>
    <PERC>9.9998970635527726</PERC>
    <Alpha>0</Alpha>
    <UZL>71.62778762195822</UZL>
    <K0>0.265008255559874</K0>
    <K1>0.49534983291038909</K1>
    <K2>0.11041077861305443</K2>
    <MAXBAS>2.4715293831167</MAXBAS>
    <Cet>0</Cet>
    <PCALT>10</PCALT>
    <TCALT>0.6</TCALT>
    <Pelev>2541</Pelev>
    <Telev>2541</Telev>
    <PART>0.5</PART>
    <DELAY>1</DELAY>
  </CatchmentParameters>
  <VegetationZone>
    <VegetationZoneParameters>
      <TT>-0.94799717486380508</TT>
      <CFMAX>1.1389150536658268</CFMAX>
      <SP>0</SP>
      <SFCF>1.1178972221948267</SFCF>
      <CFR>0.0640392026258339</CFR>
      <CWH>0.11219702139462492</CWH>
      <CFGlacier>1</CFGlacier>
      <CFSlope>1</CFSlope>
      <FC>375.17649949684125</FC>
      <LP>0.30001402423171192</LP>
      <BETA>2.0161434536459373</BETA>
    </VegetationZoneParameters>
  </VegetationZone>
  <SubCatchment>
    <SubCatchmentParameters>
      <KSI>0.001</KSI>
      <KGmin>0.05</KGmin>
      <RangeKG>0.1</RangeKG>
      <AG>0.1</AG>
      <PERC>9.9998970635527726</PERC>
      <Alpha>0</Alpha>
      <UZL>71.62778762195822</UZL>
      <K0>0.265008255559874</K0>
      <K1>0.49534983291038909</K1>
      <K2>0.11041077861305443</K2>
      <MAXBAS>2.4715293831167</MAXBAS>
      <Cet>0</Cet>
      <PCALT>10</PCALT>
      <TCALT>0.6</TCALT>
      <Pelev>2541</Pelev>
      <Telev>2541</Telev>
      <PART>0.5</PART>
      <DELAY>1</DELAY>
    </SubCatchmentParameters>
    <SubCatchmentVegetationZone>
      <SubCatchmentVegetationZoneParameters>
        <TT>-0.94799717486380508</TT>
        <CFMAX>1.1389150536658268</CFMAX>
        <SP>0</SP>
        <SFCF>1.1178972221948267</SFCF>
        <CFR>0.0640392026258339</CFR>
        <CWH>0.11219702139462492</CWH>
        <CFGlacier>1</CFGlacier>
        <CFSlope>1</CFSlope>
        <FC>375.17649949684125</FC>
        <LP>0.30001402423171192</LP>
        <BETA>2.0161434536459373</BETA>
      </SubCatchmentVegetationZoneParameters>
    </SubCatchmentVegetationZone>
  </SubCatchment>
</Catchment>