<?xml version="1.0" encoding="utf-8"?>
<Catchment xmlns:xsi="http://www.w3.org/2001/XMLSchema-instance" xmlns:xsd="http://www.w3.org/2001/XMLSchema">
  <CatchmentParameters>
    <KSI>0.001</KSI>
    <KGmin>0.05</KGmin>
    <RangeKG>0.1</RangeKG>
    <AG>0.1</AG>
    <PERC>1.0924457193300556</PERC>
    <Alpha>0</Alpha>
    <UZL>137.11707640944505</UZL>
    <K0>0.16119719811944053</K0>
    <K1>0.10280859947742511</K1>
    <K2>0.020834209529829222</K2>
    <MAXBAS>1</MAXBAS>
    <Cet>0</Cet>
    <PCALT>10</PCALT>
    <TCALT>0.6</TCALT>
    <Pelev>2541</Pelev>
    <Telev>2541</Telev>
    <PART>0.5</PART>
    <DELAY>1</DELAY>
  </CatchmentParameters>
  <VegetationZone>
    <VegetationZoneParameters>
      <TT>-0.76463518238485217</TT>
      <CFMAX>1.5745208669229618</CFMAX>
      <SP>0</SP>
      <SFCF>1.2322669108814677</SFCF>
      <CFR>0.052604716883784292</CFR>
      <CWH>0.10000014177790198</CWH>
      <CFGlacier>1</CFGlacier>
      <CFSlope>1</CFSlope>
      <FC>516.13494446105585</FC>
      <LP>0.53904406265369331</LP>
      <BETA>1.567819194938586</BETA>
    </VegetationZoneParameters>
  </VegetationZone>
  <SubCatchment>
    <SubCatchmentParameters>
      <KSI>0.001</KSI>
      <KGmin>0.05</KGmin>
      <RangeKG>0.1</RangeKG>
      <AG>0.1</AG>
      <PERC>1.0924457193300556</PERC>
      <Alpha>0</Alpha>
      <UZL>137.11707640944505</UZL>
      <K0>0.16119719811944053</K0>
      <K1>0.10280859947742511</K1>
      <K2>0.020834209529829222</K2>
      <MAXBAS>1</MAXBAS>
      <Cet>0</Cet>
      <PCALT>10</PCALT>
      <TCALT>0.6</TCALT>
      <Pelev>2541</Pelev>
      <Telev>2541</Telev>
      <PART>0.5</PART>
      <DELAY>1</DELAY>
    </SubCatchmentParameters>
    <SubCatchmentVegetationZone>
      <SubCatchmentVegetationZoneParameters>
        <TT>-0.76463518238485217</TT>
        <CFMAX>1.5745208669229618</CFMAX>
        <SP>0</SP>
        <SFCF>1.2322669108814677</SFCF>
        <CFR>0.052604716883784292</CFR>
        <CWH>0.10000014177790198</CWH>
        <CFGlacier>1</CFGlacier>
        <CFSlope>1</CFSlope>
        <FC>516.13494446105585</FC>
        <LP>0.53904406265369331</LP>
        <BETA>1.567819194938586</BETA>
      </SubCatchmentVegetationZoneParameters>
    </SubCatchmentVegetationZone>
  </SubCatchment>
</Catchment>