<?xml version="1.0" encoding="utf-8"?>
<Catchment xmlns:xsi="http://www.w3.org/2001/XMLSchema-instance" xmlns:xsd="http://www.w3.org/2001/XMLSchema">
  <CatchmentParameters>
    <KSI>0.001</KSI>
    <KGmin>0.05</KGmin>
    <RangeKG>0.1</RangeKG>
    <AG>0.1</AG>
    <PERC>9.9999815729808059</PERC>
    <Alpha>0</Alpha>
    <UZL>115.09953746637932</UZL>
    <K0>0.30132525999530763</K0>
    <K1>0.35844490227173531</K1>
    <K2>0.078689613469421271</K2>
    <MAXBAS>2.4999877855699633</MAXBAS>
    <Cet>0</Cet>
    <PCALT>10</PCALT>
    <TCALT>0.6</TCALT>
    <Pelev>2541</Pelev>
    <Telev>2541</Telev>
    <PART>0.5</PART>
    <DELAY>1</DELAY>
  </CatchmentParameters>
  <VegetationZone>
    <VegetationZoneParameters>
      <TT>0.20336959406378594</TT>
      <CFMAX>1.597907405352353</CFMAX>
      <SP>0</SP>
      <SFCF>0.98714686838688914</SFCF>
      <CFR>6.2333952069962616E-07</CFR>
      <CWH>0.10000004129189573</CWH>
      <CFGlacier>1</CFGlacier>
      <CFSlope>1</CFSlope>
      <FC>282.59224930178675</FC>
      <LP>0.30000120296856486</LP>
      <BETA>1.6036093031651921</BETA>
    </VegetationZoneParameters>
  </VegetationZone>
  <SubCatchment>
    <SubCatchmentParameters>
      <KSI>0.001</KSI>
      <KGmin>0.05</KGmin>
      <RangeKG>0.1</RangeKG>
      <AG>0.1</AG>
      <PERC>9.9999815729808059</PERC>
      <Alpha>0</Alpha>
      <UZL>115.09953746637932</UZL>
      <K0>0.30132525999530763</K0>
      <K1>0.35844490227173531</K1>
      <K2>0.078689613469421271</K2>
      <MAXBAS>2.4999877855699633</MAXBAS>
      <Cet>0</Cet>
      <PCALT>10</PCALT>
      <TCALT>0.6</TCALT>
      <Pelev>2541</Pelev>
      <Telev>2541</Telev>
      <PART>0.5</PART>
      <DELAY>1</DELAY>
    </SubCatchmentParameters>
    <SubCatchmentVegetationZone>
      <SubCatchmentVegetationZoneParameters>
        <TT>0.20336959406378594</TT>
        <CFMAX>1.597907405352353</CFMAX>
        <SP>0</SP>
        <SFCF>0.98714686838688914</SFCF>
        <CFR>6.2333952069962616E-07</CFR>
        <CWH>0.10000004129189573</CWH>
        <CFGlacier>1</CFGlacier>
        <CFSlope>1</CFSlope>
        <FC>282.59224930178675</FC>
        <LP>0.30000120296856486</LP>
        <BETA>1.6036093031651921</BETA>
      </SubCatchmentVegetationZoneParameters>
    </SubCatchmentVegetationZone>
  </SubCatchment>
</Catchment>