<?xml version="1.0" encoding="utf-8"?>
<Catchment xmlns:xsi="http://www.w3.org/2001/XMLSchema-instance" xmlns:xsd="http://www.w3.org/2001/XMLSchema">
  <CatchmentParameters>
    <KSI>0.001</KSI>
    <KGmin>0.05</KGmin>
    <RangeKG>0.1</RangeKG>
    <AG>0.1</AG>
    <PERC>1.3994018477829395</PERC>
    <Alpha>0</Alpha>
    <UZL>171.71449791678791</UZL>
    <K0>0.21165118671510508</K0>
    <K1>0.10271856444937695</K1>
    <K2>0.023558654081289883</K2>
    <MAXBAS>1</MAXBAS>
    <Cet>0</Cet>
    <PCALT>10</PCALT>
    <TCALT>0.6</TCALT>
    <Pelev>2541</Pelev>
    <Telev>2541</Telev>
    <PART>0.5</PART>
    <DELAY>1</DELAY>
  </CatchmentParameters>
  <VegetationZone>
    <VegetationZoneParameters>
      <TT>-0.14740834781116594</TT>
      <CFMAX>2.0142389555680884</CFMAX>
      <SP>0</SP>
      <SFCF>1.267181119219841</SFCF>
      <CFR>6.64015751256344E-10</CFR>
      <CWH>0.1000000886232502</CWH>
      <CFGlacier>1</CFGlacier>
      <CFSlope>1</CFSlope>
      <FC>835.02480335698237</FC>
      <LP>0.8577117230829443</LP>
      <BETA>2.3060196832386897</BETA>
    </VegetationZoneParameters>
  </VegetationZone>
  <SubCatchment>
    <SubCatchmentParameters>
      <KSI>0.001</KSI>
      <KGmin>0.05</KGmin>
      <RangeKG>0.1</RangeKG>
      <AG>0.1</AG>
      <PERC>1.3994018477829395</PERC>
      <Alpha>0</Alpha>
      <UZL>171.71449791678791</UZL>
      <K0>0.21165118671510508</K0>
      <K1>0.10271856444937695</K1>
      <K2>0.023558654081289883</K2>
      <MAXBAS>1</MAXBAS>
      <Cet>0</Cet>
      <PCALT>10</PCALT>
      <TCALT>0.6</TCALT>
      <Pelev>2541</Pelev>
      <Telev>2541</Telev>
      <PART>0.5</PART>
      <DELAY>1</DELAY>
    </SubCatchmentParameters>
    <SubCatchmentVegetationZone>
      <SubCatchmentVegetationZoneParameters>
        <TT>-0.14740834781116594</TT>
        <CFMAX>2.0142389555680884</CFMAX>
        <SP>0</SP>
        <SFCF>1.267181119219841</SFCF>
        <CFR>6.64015751256344E-10</CFR>
        <CWH>0.1000000886232502</CWH>
        <CFGlacier>1</CFGlacier>
        <CFSlope>1</CFSlope>
        <FC>835.02480335698237</FC>
        <LP>0.8577117230829443</LP>
        <BETA>2.3060196832386897</BETA>
      </SubCatchmentVegetationZoneParameters>
    </SubCatchmentVegetationZone>
  </SubCatchment>
</Catchment>