<?xml version="1.0" encoding="utf-8"?>
<Catchment xmlns:xsi="http://www.w3.org/2001/XMLSchema-instance" xmlns:xsd="http://www.w3.org/2001/XMLSchema">
  <CatchmentParameters>
    <KSI>0.001</KSI>
    <KGmin>0.05</KGmin>
    <RangeKG>0.1</RangeKG>
    <AG>0.1</AG>
    <PERC>1.1230212170440523</PERC>
    <Alpha>0</Alpha>
    <UZL>131.40596420306164</UZL>
    <K0>0.28544283924915526</K0>
    <K1>0.10045726943758322</K1>
    <K2>0.021837884934134747</K2>
    <MAXBAS>1</MAXBAS>
    <Cet>0</Cet>
    <PCALT>10</PCALT>
    <TCALT>0.6</TCALT>
    <Pelev>2541</Pelev>
    <Telev>2541</Telev>
    <PART>0.5</PART>
    <DELAY>1</DELAY>
  </CatchmentParameters>
  <VegetationZone>
    <VegetationZoneParameters>
      <TT>-0.69204603037609058</TT>
      <CFMAX>1.8789181147424454</CFMAX>
      <SP>0</SP>
      <SFCF>1.3736184798969811</SFCF>
      <CFR>7.3988227779651891E-10</CFR>
      <CWH>0.10000000017739266</CWH>
      <CFGlacier>1</CFGlacier>
      <CFSlope>1</CFSlope>
      <FC>923.049536723813</FC>
      <LP>0.79196087382000835</LP>
      <BETA>2.5426135288249845</BETA>
    </VegetationZoneParameters>
  </VegetationZone>
  <SubCatchment>
    <SubCatchmentParameters>
      <KSI>0.001</KSI>
      <KGmin>0.05</KGmin>
      <RangeKG>0.1</RangeKG>
      <AG>0.1</AG>
      <PERC>1.1230212170440523</PERC>
      <Alpha>0</Alpha>
      <UZL>131.40596420306164</UZL>
      <K0>0.28544283924915526</K0>
      <K1>0.10045726943758322</K1>
      <K2>0.021837884934134747</K2>
      <MAXBAS>1</MAXBAS>
      <Cet>0</Cet>
      <PCALT>10</PCALT>
      <TCALT>0.6</TCALT>
      <Pelev>2541</Pelev>
      <Telev>2541</Telev>
      <PART>0.5</PART>
      <DELAY>1</DELAY>
    </SubCatchmentParameters>
    <SubCatchmentVegetationZone>
      <SubCatchmentVegetationZoneParameters>
        <TT>-0.69204603037609058</TT>
        <CFMAX>1.8789181147424454</CFMAX>
        <SP>0</SP>
        <SFCF>1.3736184798969811</SFCF>
        <CFR>7.3988227779651891E-10</CFR>
        <CWH>0.10000000017739266</CWH>
        <CFGlacier>1</CFGlacier>
        <CFSlope>1</CFSlope>
        <FC>923.049536723813</FC>
        <LP>0.79196087382000835</LP>
        <BETA>2.5426135288249845</BETA>
      </SubCatchmentVegetationZoneParameters>
    </SubCatchmentVegetationZone>
  </SubCatchment>
</Catchment>