<?xml version="1.0" encoding="utf-8"?>
<Catchment xmlns:xsi="http://www.w3.org/2001/XMLSchema-instance" xmlns:xsd="http://www.w3.org/2001/XMLSchema">
  <CatchmentParameters>
    <KSI>0.001</KSI>
    <KGmin>0.05</KGmin>
    <RangeKG>0.1</RangeKG>
    <AG>0.1</AG>
    <PERC>9.9999651127355378</PERC>
    <Alpha>0</Alpha>
    <UZL>158.5272670433331</UZL>
    <K0>0.26200752473643957</K0>
    <K1>0.46768361475567188</K1>
    <K2>0.11703607422163487</K2>
    <MAXBAS>1.9923167772727337</MAXBAS>
    <Cet>0</Cet>
    <PCALT>10</PCALT>
    <TCALT>0.6</TCALT>
    <Pelev>2541</Pelev>
    <Telev>2541</Telev>
    <PART>0.5</PART>
    <DELAY>1</DELAY>
  </CatchmentParameters>
  <VegetationZone>
    <VegetationZoneParameters>
      <TT>-0.94799998360817883</TT>
      <CFMAX>1.0723281887766294</CFMAX>
      <SP>0</SP>
      <SFCF>1.0642425266522793</SFCF>
      <CFR>0.099999662453628776</CFR>
      <CWH>0.12711552086055766</CWH>
      <CFGlacier>1</CFGlacier>
      <CFSlope>1</CFSlope>
      <FC>444.60672005857379</FC>
      <LP>0.73868126576079851</LP>
      <BETA>2.8117461475564758</BETA>
    </VegetationZoneParameters>
  </VegetationZone>
  <SubCatchment>
    <SubCatchmentParameters>
      <KSI>0.001</KSI>
      <KGmin>0.05</KGmin>
      <RangeKG>0.1</RangeKG>
      <AG>0.1</AG>
      <PERC>9.9999651127355378</PERC>
      <Alpha>0</Alpha>
      <UZL>158.5272670433331</UZL>
      <K0>0.26200752473643957</K0>
      <K1>0.46768361475567188</K1>
      <K2>0.11703607422163487</K2>
      <MAXBAS>1.9923167772727337</MAXBAS>
      <Cet>0</Cet>
      <PCALT>10</PCALT>
      <TCALT>0.6</TCALT>
      <Pelev>2541</Pelev>
      <Telev>2541</Telev>
      <PART>0.5</PART>
      <DELAY>1</DELAY>
    </SubCatchmentParameters>
    <SubCatchmentVegetationZone>
      <SubCatchmentVegetationZoneParameters>
        <TT>-0.94799998360817883</TT>
        <CFMAX>1.0723281887766294</CFMAX>
        <SP>0</SP>
        <SFCF>1.0642425266522793</SFCF>
        <CFR>0.099999662453628776</CFR>
        <CWH>0.12711552086055766</CWH>
        <CFGlacier>1</CFGlacier>
        <CFSlope>1</CFSlope>
        <FC>444.60672005857379</FC>
        <LP>0.73868126576079851</LP>
        <BETA>2.8117461475564758</BETA>
      </SubCatchmentVegetationZoneParameters>
    </SubCatchmentVegetationZone>
  </SubCatchment>
</Catchment>