<?xml version="1.0" encoding="utf-8"?>
<Catchment xmlns:xsi="http://www.w3.org/2001/XMLSchema-instance" xmlns:xsd="http://www.w3.org/2001/XMLSchema">
  <CatchmentParameters>
    <KSI>0.001</KSI>
    <KGmin>0.05</KGmin>
    <RangeKG>0.1</RangeKG>
    <AG>0.1</AG>
    <PERC>1.0304347274920072</PERC>
    <Alpha>0</Alpha>
    <UZL>117.91677311165849</UZL>
    <K0>0.17104306779609835</K0>
    <K1>0.093142152002811174</K1>
    <K2>0.021085606655043262</K2>
    <MAXBAS>1</MAXBAS>
    <Cet>0</Cet>
    <PCALT>10</PCALT>
    <TCALT>0.6</TCALT>
    <Pelev>2541</Pelev>
    <Telev>2541</Telev>
    <PART>0.5</PART>
    <DELAY>1</DELAY>
  </CatchmentParameters>
  <VegetationZone>
    <VegetationZoneParameters>
      <TT>-0.65762988064432548</TT>
      <CFMAX>1.9194796029234706</CFMAX>
      <SP>0</SP>
      <SFCF>1.336347752541122</SFCF>
      <CFR>0.099993122579195376</CFR>
      <CWH>0.10000002782197272</CWH>
      <CFGlacier>1</CFGlacier>
      <CFSlope>1</CFSlope>
      <FC>816.56046464115309</FC>
      <LP>0.758714336416531</LP>
      <BETA>2.1590191077995615</BETA>
    </VegetationZoneParameters>
  </VegetationZone>
  <SubCatchment>
    <SubCatchmentParameters>
      <KSI>0.001</KSI>
      <KGmin>0.05</KGmin>
      <RangeKG>0.1</RangeKG>
      <AG>0.1</AG>
      <PERC>1.0304347274920072</PERC>
      <Alpha>0</Alpha>
      <UZL>117.91677311165849</UZL>
      <K0>0.17104306779609835</K0>
      <K1>0.093142152002811174</K1>
      <K2>0.021085606655043262</K2>
      <MAXBAS>1</MAXBAS>
      <Cet>0</Cet>
      <PCALT>10</PCALT>
      <TCALT>0.6</TCALT>
      <Pelev>2541</Pelev>
      <Telev>2541</Telev>
      <PART>0.5</PART>
      <DELAY>1</DELAY>
    </SubCatchmentParameters>
    <SubCatchmentVegetationZone>
      <SubCatchmentVegetationZoneParameters>
        <TT>-0.65762988064432548</TT>
        <CFMAX>1.9194796029234706</CFMAX>
        <SP>0</SP>
        <SFCF>1.336347752541122</SFCF>
        <CFR>0.099993122579195376</CFR>
        <CWH>0.10000002782197272</CWH>
        <CFGlacier>1</CFGlacier>
        <CFSlope>1</CFSlope>
        <FC>816.56046464115309</FC>
        <LP>0.758714336416531</LP>
        <BETA>2.1590191077995615</BETA>
      </SubCatchmentVegetationZoneParameters>
    </SubCatchmentVegetationZone>
  </SubCatchment>
</Catchment>