<?xml version="1.0" encoding="utf-8"?>
<Catchment xmlns:xsi="http://www.w3.org/2001/XMLSchema-instance" xmlns:xsd="http://www.w3.org/2001/XMLSchema">
  <CatchmentParameters>
    <KSI>0.001</KSI>
    <KGmin>0.05</KGmin>
    <RangeKG>0.1</RangeKG>
    <AG>0.1</AG>
    <PERC>9.9999431804002015</PERC>
    <Alpha>0</Alpha>
    <UZL>77.212128920457232</UZL>
    <K0>0.526379097803549</K0>
    <K1>0.3345358947274647</K1>
    <K2>0.094845739118039243</K2>
    <MAXBAS>2.4999794218162439</MAXBAS>
    <Cet>0</Cet>
    <PCALT>10</PCALT>
    <TCALT>0.6</TCALT>
    <Pelev>2541</Pelev>
    <Telev>2541</Telev>
    <PART>0.5</PART>
    <DELAY>1</DELAY>
  </CatchmentParameters>
  <VegetationZone>
    <VegetationZoneParameters>
      <TT>-0.65762980306208463</TT>
      <CFMAX>1.5523112995906097</CFMAX>
      <SP>0</SP>
      <SFCF>1.2408793423289377</SFCF>
      <CFR>0.053341736045603744</CFR>
      <CWH>0.10000000010030541</CWH>
      <CFGlacier>1</CFGlacier>
      <CFSlope>1</CFSlope>
      <FC>557.4825728950849</FC>
      <LP>0.63102413494464971</LP>
      <BETA>1.7275879618061594</BETA>
    </VegetationZoneParameters>
  </VegetationZone>
  <SubCatchment>
    <SubCatchmentParameters>
      <KSI>0.001</KSI>
      <KGmin>0.05</KGmin>
      <RangeKG>0.1</RangeKG>
      <AG>0.1</AG>
      <PERC>9.9999431804002015</PERC>
      <Alpha>0</Alpha>
      <UZL>77.212128920457232</UZL>
      <K0>0.526379097803549</K0>
      <K1>0.3345358947274647</K1>
      <K2>0.094845739118039243</K2>
      <MAXBAS>2.4999794218162439</MAXBAS>
      <Cet>0</Cet>
      <PCALT>10</PCALT>
      <TCALT>0.6</TCALT>
      <Pelev>2541</Pelev>
      <Telev>2541</Telev>
      <PART>0.5</PART>
      <DELAY>1</DELAY>
    </SubCatchmentParameters>
    <SubCatchmentVegetationZone>
      <SubCatchmentVegetationZoneParameters>
        <TT>-0.65762980306208463</TT>
        <CFMAX>1.5523112995906097</CFMAX>
        <SP>0</SP>
        <SFCF>1.2408793423289377</SFCF>
        <CFR>0.053341736045603744</CFR>
        <CWH>0.10000000010030541</CWH>
        <CFGlacier>1</CFGlacier>
        <CFSlope>1</CFSlope>
        <FC>557.4825728950849</FC>
        <LP>0.63102413494464971</LP>
        <BETA>1.7275879618061594</BETA>
      </SubCatchmentVegetationZoneParameters>
    </SubCatchmentVegetationZone>
  </SubCatchment>
</Catchment>