<?xml version="1.0" encoding="utf-8"?>
<Catchment xmlns:xsi="http://www.w3.org/2001/XMLSchema-instance" xmlns:xsd="http://www.w3.org/2001/XMLSchema">
  <CatchmentParameters>
    <KSI>0.001</KSI>
    <KGmin>0.05</KGmin>
    <RangeKG>0.1</RangeKG>
    <AG>0.1</AG>
    <PERC>9.98744080403627</PERC>
    <Alpha>0</Alpha>
    <UZL>95.355261819716731</UZL>
    <K0>0.45068440792322229</K0>
    <K1>0.48180742743523103</K1>
    <K2>0.11455460357306858</K2>
    <MAXBAS>2.4999768443683781</MAXBAS>
    <Cet>0</Cet>
    <PCALT>10</PCALT>
    <TCALT>0.6</TCALT>
    <Pelev>2541</Pelev>
    <Telev>2541</Telev>
    <PART>0.5</PART>
    <DELAY>1</DELAY>
  </CatchmentParameters>
  <VegetationZone>
    <VegetationZoneParameters>
      <TT>-0.78190882301729214</TT>
      <CFMAX>1.131457962493331</CFMAX>
      <SP>0</SP>
      <SFCF>1.0221166056104085</SFCF>
      <CFR>0.099999337686088707</CFR>
      <CWH>0.12289621140928624</CWH>
      <CFGlacier>1</CFGlacier>
      <CFSlope>1</CFSlope>
      <FC>345.82432290178684</FC>
      <LP>0.425884046172109</LP>
      <BETA>2.3061429715169468</BETA>
    </VegetationZoneParameters>
  </VegetationZone>
  <SubCatchment>
    <SubCatchmentParameters>
      <KSI>0.001</KSI>
      <KGmin>0.05</KGmin>
      <RangeKG>0.1</RangeKG>
      <AG>0.1</AG>
      <PERC>9.98744080403627</PERC>
      <Alpha>0</Alpha>
      <UZL>95.355261819716731</UZL>
      <K0>0.45068440792322229</K0>
      <K1>0.48180742743523103</K1>
      <K2>0.11455460357306858</K2>
      <MAXBAS>2.4999768443683781</MAXBAS>
      <Cet>0</Cet>
      <PCALT>10</PCALT>
      <TCALT>0.6</TCALT>
      <Pelev>2541</Pelev>
      <Telev>2541</Telev>
      <PART>0.5</PART>
      <DELAY>1</DELAY>
    </SubCatchmentParameters>
    <SubCatchmentVegetationZone>
      <SubCatchmentVegetationZoneParameters>
        <TT>-0.78190882301729214</TT>
        <CFMAX>1.131457962493331</CFMAX>
        <SP>0</SP>
        <SFCF>1.0221166056104085</SFCF>
        <CFR>0.099999337686088707</CFR>
        <CWH>0.12289621140928624</CWH>
        <CFGlacier>1</CFGlacier>
        <CFSlope>1</CFSlope>
        <FC>345.82432290178684</FC>
        <LP>0.425884046172109</LP>
        <BETA>2.3061429715169468</BETA>
      </SubCatchmentVegetationZoneParameters>
    </SubCatchmentVegetationZone>
  </SubCatchment>
</Catchment>