<?xml version="1.0" encoding="utf-8"?>
<Catchment xmlns:xsi="http://www.w3.org/2001/XMLSchema-instance" xmlns:xsd="http://www.w3.org/2001/XMLSchema">
  <CatchmentParameters>
    <KSI>0.001</KSI>
    <KGmin>0.05</KGmin>
    <RangeKG>0.1</RangeKG>
    <AG>0.1</AG>
    <PERC>8.2316232435922281</PERC>
    <Alpha>0</Alpha>
    <UZL>124.78811421652631</UZL>
    <K0>0.075250099371391876</K0>
    <K1>0.39576465360436519</K1>
    <K2>0.1077517041266072</K2>
    <MAXBAS>2.4999810154088693</MAXBAS>
    <Cet>0</Cet>
    <PCALT>10</PCALT>
    <TCALT>0.6</TCALT>
    <Pelev>2541</Pelev>
    <Telev>2541</Telev>
    <PART>0.5</PART>
    <DELAY>1</DELAY>
  </CatchmentParameters>
  <VegetationZone>
    <VegetationZoneParameters>
      <TT>-0.79762912953487208</TT>
      <CFMAX>1.1072828689458538</CFMAX>
      <SP>0</SP>
      <SFCF>1.0064455893255251</SFCF>
      <CFR>0.099998665337666312</CFR>
      <CWH>0.13702359562858574</CWH>
      <CFGlacier>1</CFGlacier>
      <CFSlope>1</CFSlope>
      <FC>324.41186002367203</FC>
      <LP>0.30000000100939583</LP>
      <BETA>2.182472059187909</BETA>
    </VegetationZoneParameters>
  </VegetationZone>
  <SubCatchment>
    <SubCatchmentParameters>
      <KSI>0.001</KSI>
      <KGmin>0.05</KGmin>
      <RangeKG>0.1</RangeKG>
      <AG>0.1</AG>
      <PERC>8.2316232435922281</PERC>
      <Alpha>0</Alpha>
      <UZL>124.78811421652631</UZL>
      <K0>0.075250099371391876</K0>
      <K1>0.39576465360436519</K1>
      <K2>0.1077517041266072</K2>
      <MAXBAS>2.4999810154088693</MAXBAS>
      <Cet>0</Cet>
      <PCALT>10</PCALT>
      <TCALT>0.6</TCALT>
      <Pelev>2541</Pelev>
      <Telev>2541</Telev>
      <PART>0.5</PART>
      <DELAY>1</DELAY>
    </SubCatchmentParameters>
    <SubCatchmentVegetationZone>
      <SubCatchmentVegetationZoneParameters>
        <TT>-0.79762912953487208</TT>
        <CFMAX>1.1072828689458538</CFMAX>
        <SP>0</SP>
        <SFCF>1.0064455893255251</SFCF>
        <CFR>0.099998665337666312</CFR>
        <CWH>0.13702359562858574</CWH>
        <CFGlacier>1</CFGlacier>
        <CFSlope>1</CFSlope>
        <FC>324.41186002367203</FC>
        <LP>0.30000000100939583</LP>
        <BETA>2.182472059187909</BETA>
      </SubCatchmentVegetationZoneParameters>
    </SubCatchmentVegetationZone>
  </SubCatchment>
</Catchment>