<?xml version="1.0" encoding="utf-8"?>
<Catchment xmlns:xsi="http://www.w3.org/2001/XMLSchema-instance" xmlns:xsd="http://www.w3.org/2001/XMLSchema">
  <CatchmentParameters>
    <KSI>0.001</KSI>
    <KGmin>0.05</KGmin>
    <RangeKG>0.1</RangeKG>
    <AG>0.1</AG>
    <PERC>9.8721144833284526</PERC>
    <Alpha>0</Alpha>
    <UZL>25.75021853911797</UZL>
    <K0>0.989996228509278</K0>
    <K1>0.18293858628399207</K1>
    <K2>0.068181221348521212</K2>
    <MAXBAS>2.499994240943495</MAXBAS>
    <Cet>0</Cet>
    <PCALT>10</PCALT>
    <TCALT>0.6</TCALT>
    <Pelev>2541</Pelev>
    <Telev>2541</Telev>
    <PART>0.5</PART>
    <DELAY>1</DELAY>
  </CatchmentParameters>
  <VegetationZone>
    <VegetationZoneParameters>
      <TT>0.67240707996676241</TT>
      <CFMAX>1.5633135430143423</CFMAX>
      <SP>0</SP>
      <SFCF>0.85133593200050572</SFCF>
      <CFR>0.017757582961994423</CFR>
      <CWH>0.10000027333396383</CWH>
      <CFGlacier>1</CFGlacier>
      <CFSlope>1</CFSlope>
      <FC>192.63784941143831</FC>
      <LP>0.30000362458722</LP>
      <BETA>5.2867485361018307</BETA>
    </VegetationZoneParameters>
  </VegetationZone>
  <SubCatchment>
    <SubCatchmentParameters>
      <KSI>0.001</KSI>
      <KGmin>0.05</KGmin>
      <RangeKG>0.1</RangeKG>
      <AG>0.1</AG>
      <PERC>9.8721144833284526</PERC>
      <Alpha>0</Alpha>
      <UZL>25.75021853911797</UZL>
      <K0>0.989996228509278</K0>
      <K1>0.18293858628399207</K1>
      <K2>0.068181221348521212</K2>
      <MAXBAS>2.499994240943495</MAXBAS>
      <Cet>0</Cet>
      <PCALT>10</PCALT>
      <TCALT>0.6</TCALT>
      <Pelev>2541</Pelev>
      <Telev>2541</Telev>
      <PART>0.5</PART>
      <DELAY>1</DELAY>
    </SubCatchmentParameters>
    <SubCatchmentVegetationZone>
      <SubCatchmentVegetationZoneParameters>
        <TT>0.67240707996676241</TT>
        <CFMAX>1.5633135430143423</CFMAX>
        <SP>0</SP>
        <SFCF>0.85133593200050572</SFCF>
        <CFR>0.017757582961994423</CFR>
        <CWH>0.10000027333396383</CWH>
        <CFGlacier>1</CFGlacier>
        <CFSlope>1</CFSlope>
        <FC>192.63784941143831</FC>
        <LP>0.30000362458722</LP>
        <BETA>5.2867485361018307</BETA>
      </SubCatchmentVegetationZoneParameters>
    </SubCatchmentVegetationZone>
  </SubCatchment>
</Catchment>