<?xml version="1.0" encoding="utf-8"?>
<Catchment xmlns:xsi="http://www.w3.org/2001/XMLSchema-instance" xmlns:xsd="http://www.w3.org/2001/XMLSchema">
  <CatchmentParameters>
    <KSI>0.001</KSI>
    <KGmin>0.05</KGmin>
    <RangeKG>0.1</RangeKG>
    <AG>0.1</AG>
    <PERC>0.84597279284502269</PERC>
    <Alpha>0</Alpha>
    <UZL>138.04126071170074</UZL>
    <K0>0.37284382721964426</K0>
    <K1>0.085109169955480915</K1>
    <K2>0.01932177299973167</K2>
    <MAXBAS>1</MAXBAS>
    <Cet>0</Cet>
    <PCALT>10</PCALT>
    <TCALT>0.6</TCALT>
    <Pelev>2541</Pelev>
    <Telev>2541</Telev>
    <PART>0.5</PART>
    <DELAY>1</DELAY>
  </CatchmentParameters>
  <VegetationZone>
    <VegetationZoneParameters>
      <TT>-0.29426242063822278</TT>
      <CFMAX>2.3779945429601788</CFMAX>
      <SP>0</SP>
      <SFCF>1.4234841475411093</SFCF>
      <CFR>0.00089552390772544045</CFR>
      <CWH>0.10000016504251226</CWH>
      <CFGlacier>1</CFGlacier>
      <CFSlope>1</CFSlope>
      <FC>1322.9827152120524</FC>
      <LP>0.84150772599245616</LP>
      <BETA>3.1889102946432692</BETA>
    </VegetationZoneParameters>
  </VegetationZone>
  <SubCatchment>
    <SubCatchmentParameters>
      <KSI>0.001</KSI>
      <KGmin>0.05</KGmin>
      <RangeKG>0.1</RangeKG>
      <AG>0.1</AG>
      <PERC>0.84597279284502269</PERC>
      <Alpha>0</Alpha>
      <UZL>138.04126071170074</UZL>
      <K0>0.37284382721964426</K0>
      <K1>0.085109169955480915</K1>
      <K2>0.01932177299973167</K2>
      <MAXBAS>1</MAXBAS>
      <Cet>0</Cet>
      <PCALT>10</PCALT>
      <TCALT>0.6</TCALT>
      <Pelev>2541</Pelev>
      <Telev>2541</Telev>
      <PART>0.5</PART>
      <DELAY>1</DELAY>
    </SubCatchmentParameters>
    <SubCatchmentVegetationZone>
      <SubCatchmentVegetationZoneParameters>
        <TT>-0.29426242063822278</TT>
        <CFMAX>2.3779945429601788</CFMAX>
        <SP>0</SP>
        <SFCF>1.4234841475411093</SFCF>
        <CFR>0.00089552390772544045</CFR>
        <CWH>0.10000016504251226</CWH>
        <CFGlacier>1</CFGlacier>
        <CFSlope>1</CFSlope>
        <FC>1322.9827152120524</FC>
        <LP>0.84150772599245616</LP>
        <BETA>3.1889102946432692</BETA>
      </SubCatchmentVegetationZoneParameters>
    </SubCatchmentVegetationZone>
  </SubCatchment>
</Catchment>