<?xml version="1.0" encoding="utf-8"?>
<Catchment xmlns:xsi="http://www.w3.org/2001/XMLSchema-instance" xmlns:xsd="http://www.w3.org/2001/XMLSchema">
  <CatchmentParameters>
    <KSI>0.001</KSI>
    <KGmin>0.05</KGmin>
    <RangeKG>0.1</RangeKG>
    <AG>0.1</AG>
    <PERC>0.6581478059672462</PERC>
    <Alpha>0</Alpha>
    <UZL>182.26668627487692</UZL>
    <K0>0.37631120351814817</K0>
    <K1>0.10907402557831723</K1>
    <K2>0.017035732685015164</K2>
    <MAXBAS>1</MAXBAS>
    <Cet>0</Cet>
    <PCALT>10</PCALT>
    <TCALT>0.6</TCALT>
    <Pelev>2541</Pelev>
    <Telev>2541</Telev>
    <PART>0.5</PART>
    <DELAY>1</DELAY>
  </CatchmentParameters>
  <VegetationZone>
    <VegetationZoneParameters>
      <TT>-1.4761598782701555</TT>
      <CFMAX>1.4315230744801648</CFMAX>
      <SP>0</SP>
      <SFCF>1.4423217474220891</SFCF>
      <CFR>0.0020104383566337605</CFR>
      <CWH>0.10000019675074237</CWH>
      <CFGlacier>1</CFGlacier>
      <CFSlope>1</CFSlope>
      <FC>1155.086810116019</FC>
      <LP>0.8804025730366094</LP>
      <BETA>3.597231798994633</BETA>
    </VegetationZoneParameters>
  </VegetationZone>
  <SubCatchment>
    <SubCatchmentParameters>
      <KSI>0.001</KSI>
      <KGmin>0.05</KGmin>
      <RangeKG>0.1</RangeKG>
      <AG>0.1</AG>
      <PERC>0.6581478059672462</PERC>
      <Alpha>0</Alpha>
      <UZL>182.26668627487692</UZL>
      <K0>0.37631120351814817</K0>
      <K1>0.10907402557831723</K1>
      <K2>0.017035732685015164</K2>
      <MAXBAS>1</MAXBAS>
      <Cet>0</Cet>
      <PCALT>10</PCALT>
      <TCALT>0.6</TCALT>
      <Pelev>2541</Pelev>
      <Telev>2541</Telev>
      <PART>0.5</PART>
      <DELAY>1</DELAY>
    </SubCatchmentParameters>
    <SubCatchmentVegetationZone>
      <SubCatchmentVegetationZoneParameters>
        <TT>-1.4761598782701555</TT>
        <CFMAX>1.4315230744801648</CFMAX>
        <SP>0</SP>
        <SFCF>1.4423217474220891</SFCF>
        <CFR>0.0020104383566337605</CFR>
        <CWH>0.10000019675074237</CWH>
        <CFGlacier>1</CFGlacier>
        <CFSlope>1</CFSlope>
        <FC>1155.086810116019</FC>
        <LP>0.8804025730366094</LP>
        <BETA>3.597231798994633</BETA>
      </SubCatchmentVegetationZoneParameters>
    </SubCatchmentVegetationZone>
  </SubCatchment>
</Catchment>