<?xml version="1.0" encoding="utf-8"?>
<Catchment xmlns:xsi="http://www.w3.org/2001/XMLSchema-instance" xmlns:xsd="http://www.w3.org/2001/XMLSchema">
  <CatchmentParameters>
    <KSI>0.001</KSI>
    <KGmin>0.05</KGmin>
    <RangeKG>0.1</RangeKG>
    <AG>0.1</AG>
    <PERC>8.9114517106770581</PERC>
    <Alpha>0</Alpha>
    <UZL>44.519783164029278</UZL>
    <K0>0.47356298233664185</K0>
    <K1>0.39142266318282565</K1>
    <K2>0.0992339892177405</K2>
    <MAXBAS>2.4999754887742154</MAXBAS>
    <Cet>0</Cet>
    <PCALT>10</PCALT>
    <TCALT>0.6</TCALT>
    <Pelev>2541</Pelev>
    <Telev>2541</Telev>
    <PART>0.5</PART>
    <DELAY>1</DELAY>
  </CatchmentParameters>
  <VegetationZone>
    <VegetationZoneParameters>
      <TT>-0.29935113126963736</TT>
      <CFMAX>1.2469878376828081</CFMAX>
      <SP>0</SP>
      <SFCF>0.9698577499496317</SFCF>
      <CFR>0.099998699464932</CFR>
      <CWH>0.10000012809546771</CWH>
      <CFGlacier>1</CFGlacier>
      <CFSlope>1</CFSlope>
      <FC>283.33446394769732</FC>
      <LP>0.30000080063393714</LP>
      <BETA>2.20144352692525</BETA>
    </VegetationZoneParameters>
  </VegetationZone>
  <SubCatchment>
    <SubCatchmentParameters>
      <KSI>0.001</KSI>
      <KGmin>0.05</KGmin>
      <RangeKG>0.1</RangeKG>
      <AG>0.1</AG>
      <PERC>8.9114517106770581</PERC>
      <Alpha>0</Alpha>
      <UZL>44.519783164029278</UZL>
      <K0>0.47356298233664185</K0>
      <K1>0.39142266318282565</K1>
      <K2>0.0992339892177405</K2>
      <MAXBAS>2.4999754887742154</MAXBAS>
      <Cet>0</Cet>
      <PCALT>10</PCALT>
      <TCALT>0.6</TCALT>
      <Pelev>2541</Pelev>
      <Telev>2541</Telev>
      <PART>0.5</PART>
      <DELAY>1</DELAY>
    </SubCatchmentParameters>
    <SubCatchmentVegetationZone>
      <SubCatchmentVegetationZoneParameters>
        <TT>-0.29935113126963736</TT>
        <CFMAX>1.2469878376828081</CFMAX>
        <SP>0</SP>
        <SFCF>0.9698577499496317</SFCF>
        <CFR>0.099998699464932</CFR>
        <CWH>0.10000012809546771</CWH>
        <CFGlacier>1</CFGlacier>
        <CFSlope>1</CFSlope>
        <FC>283.33446394769732</FC>
        <LP>0.30000080063393714</LP>
        <BETA>2.20144352692525</BETA>
      </SubCatchmentVegetationZoneParameters>
    </SubCatchmentVegetationZone>
  </SubCatchment>
</Catchment>