<?xml version="1.0" encoding="utf-8"?>
<Catchment xmlns:xsi="http://www.w3.org/2001/XMLSchema-instance" xmlns:xsd="http://www.w3.org/2001/XMLSchema">
  <CatchmentParameters>
    <KSI>0.001</KSI>
    <KGmin>0.05</KGmin>
    <RangeKG>0.1</RangeKG>
    <AG>0.1</AG>
    <PERC>0.82652494694103318</PERC>
    <Alpha>0</Alpha>
    <UZL>188.35880776411511</UZL>
    <K0>0.26160835134176397</K0>
    <K1>0.066750875598548975</K1>
    <K2>0.019420250093228123</K2>
    <MAXBAS>1</MAXBAS>
    <Cet>0</Cet>
    <PCALT>10</PCALT>
    <TCALT>0.6</TCALT>
    <Pelev>2541</Pelev>
    <Telev>2541</Telev>
    <PART>0.5</PART>
    <DELAY>1</DELAY>
  </CatchmentParameters>
  <VegetationZone>
    <VegetationZoneParameters>
      <TT>0.45743288335104365</TT>
      <CFMAX>2.9228382737999694</CFMAX>
      <SP>0</SP>
      <SFCF>1.3179257317636079</SFCF>
      <CFR>3.6506362401321586E-07</CFR>
      <CWH>0.10000002960416951</CWH>
      <CFGlacier>1</CFGlacier>
      <CFSlope>1</CFSlope>
      <FC>1058.8559686921715</FC>
      <LP>0.87305022898184337</LP>
      <BETA>2.8764184163014614</BETA>
    </VegetationZoneParameters>
  </VegetationZone>
  <SubCatchment>
    <SubCatchmentParameters>
      <KSI>0.001</KSI>
      <KGmin>0.05</KGmin>
      <RangeKG>0.1</RangeKG>
      <AG>0.1</AG>
      <PERC>0.82652494694103318</PERC>
      <Alpha>0</Alpha>
      <UZL>188.35880776411511</UZL>
      <K0>0.26160835134176397</K0>
      <K1>0.066750875598548975</K1>
      <K2>0.019420250093228123</K2>
      <MAXBAS>1</MAXBAS>
      <Cet>0</Cet>
      <PCALT>10</PCALT>
      <TCALT>0.6</TCALT>
      <Pelev>2541</Pelev>
      <Telev>2541</Telev>
      <PART>0.5</PART>
      <DELAY>1</DELAY>
    </SubCatchmentParameters>
    <SubCatchmentVegetationZone>
      <SubCatchmentVegetationZoneParameters>
        <TT>0.45743288335104365</TT>
        <CFMAX>2.9228382737999694</CFMAX>
        <SP>0</SP>
        <SFCF>1.3179257317636079</SFCF>
        <CFR>3.6506362401321586E-07</CFR>
        <CWH>0.10000002960416951</CWH>
        <CFGlacier>1</CFGlacier>
        <CFSlope>1</CFSlope>
        <FC>1058.8559686921715</FC>
        <LP>0.87305022898184337</LP>
        <BETA>2.8764184163014614</BETA>
      </SubCatchmentVegetationZoneParameters>
    </SubCatchmentVegetationZone>
  </SubCatchment>
</Catchment>