<?xml version="1.0" encoding="utf-8"?>
<Catchment xmlns:xsi="http://www.w3.org/2001/XMLSchema-instance" xmlns:xsd="http://www.w3.org/2001/XMLSchema">
  <CatchmentParameters>
    <KSI>0.001</KSI>
    <KGmin>0.05</KGmin>
    <RangeKG>0.1</RangeKG>
    <AG>0.1</AG>
    <PERC>9.99997837739248</PERC>
    <Alpha>0</Alpha>
    <UZL>96.426929250033979</UZL>
    <K0>0.54540671142512676</K0>
    <K1>0.37521673912362707</K1>
    <K2>0.090147444364304039</K2>
    <MAXBAS>2.4999992434352465</MAXBAS>
    <Cet>0</Cet>
    <PCALT>10</PCALT>
    <TCALT>0.6</TCALT>
    <Pelev>2541</Pelev>
    <Telev>2541</Telev>
    <PART>0.5</PART>
    <DELAY>1</DELAY>
  </CatchmentParameters>
  <VegetationZone>
    <VegetationZoneParameters>
      <TT>-0.078898758131662153</TT>
      <CFMAX>1.4873422426788991</CFMAX>
      <SP>0</SP>
      <SFCF>1.0317317261959627</SFCF>
      <CFR>2.52990584219026E-07</CFR>
      <CWH>0.10000002738292138</CWH>
      <CFGlacier>1</CFGlacier>
      <CFSlope>1</CFSlope>
      <FC>342.92224445523459</FC>
      <LP>0.39568568992029679</LP>
      <BETA>1.7300525487651211</BETA>
    </VegetationZoneParameters>
  </VegetationZone>
  <SubCatchment>
    <SubCatchmentParameters>
      <KSI>0.001</KSI>
      <KGmin>0.05</KGmin>
      <RangeKG>0.1</RangeKG>
      <AG>0.1</AG>
      <PERC>9.99997837739248</PERC>
      <Alpha>0</Alpha>
      <UZL>96.426929250033979</UZL>
      <K0>0.54540671142512676</K0>
      <K1>0.37521673912362707</K1>
      <K2>0.090147444364304039</K2>
      <MAXBAS>2.4999992434352465</MAXBAS>
      <Cet>0</Cet>
      <PCALT>10</PCALT>
      <TCALT>0.6</TCALT>
      <Pelev>2541</Pelev>
      <Telev>2541</Telev>
      <PART>0.5</PART>
      <DELAY>1</DELAY>
    </SubCatchmentParameters>
    <SubCatchmentVegetationZone>
      <SubCatchmentVegetationZoneParameters>
        <TT>-0.078898758131662153</TT>
        <CFMAX>1.4873422426788991</CFMAX>
        <SP>0</SP>
        <SFCF>1.0317317261959627</SFCF>
        <CFR>2.52990584219026E-07</CFR>
        <CWH>0.10000002738292138</CWH>
        <CFGlacier>1</CFGlacier>
        <CFSlope>1</CFSlope>
        <FC>342.92224445523459</FC>
        <LP>0.39568568992029679</LP>
        <BETA>1.7300525487651211</BETA>
      </SubCatchmentVegetationZoneParameters>
    </SubCatchmentVegetationZone>
  </SubCatchment>
</Catchment>