<?xml version="1.0" encoding="utf-8"?>
<Catchment xmlns:xsi="http://www.w3.org/2001/XMLSchema-instance" xmlns:xsd="http://www.w3.org/2001/XMLSchema">
  <CatchmentParameters>
    <KSI>0.001</KSI>
    <KGmin>0.05</KGmin>
    <RangeKG>0.1</RangeKG>
    <AG>0.1</AG>
    <PERC>9.999945550416566</PERC>
    <Alpha>0</Alpha>
    <UZL>83.411714016804609</UZL>
    <K0>0.27055278288071721</K0>
    <K1>0.44839487538036521</K1>
    <K2>0.10211572142947362</K2>
    <MAXBAS>2.2708404536793827</MAXBAS>
    <Cet>0</Cet>
    <PCALT>10</PCALT>
    <TCALT>0.6</TCALT>
    <Pelev>2541</Pelev>
    <Telev>2541</Telev>
    <PART>0.5</PART>
    <DELAY>1</DELAY>
  </CatchmentParameters>
  <VegetationZone>
    <VegetationZoneParameters>
      <TT>-0.87127641089456709</TT>
      <CFMAX>1.1894631357983403</CFMAX>
      <SP>0</SP>
      <SFCF>1.1166024284337983</SFCF>
      <CFR>0.099997879679771015</CFR>
      <CWH>0.12495726201288571</CWH>
      <CFGlacier>1</CFGlacier>
      <CFSlope>1</CFSlope>
      <FC>357.15291819372004</FC>
      <LP>0.30000165995639971</LP>
      <BETA>1.9484353919152675</BETA>
    </VegetationZoneParameters>
  </VegetationZone>
  <SubCatchment>
    <SubCatchmentParameters>
      <KSI>0.001</KSI>
      <KGmin>0.05</KGmin>
      <RangeKG>0.1</RangeKG>
      <AG>0.1</AG>
      <PERC>9.999945550416566</PERC>
      <Alpha>0</Alpha>
      <UZL>83.411714016804609</UZL>
      <K0>0.27055278288071721</K0>
      <K1>0.44839487538036521</K1>
      <K2>0.10211572142947362</K2>
      <MAXBAS>2.2708404536793827</MAXBAS>
      <Cet>0</Cet>
      <PCALT>10</PCALT>
      <TCALT>0.6</TCALT>
      <Pelev>2541</Pelev>
      <Telev>2541</Telev>
      <PART>0.5</PART>
      <DELAY>1</DELAY>
    </SubCatchmentParameters>
    <SubCatchmentVegetationZone>
      <SubCatchmentVegetationZoneParameters>
        <TT>-0.87127641089456709</TT>
        <CFMAX>1.1894631357983403</CFMAX>
        <SP>0</SP>
        <SFCF>1.1166024284337983</SFCF>
        <CFR>0.099997879679771015</CFR>
        <CWH>0.12495726201288571</CWH>
        <CFGlacier>1</CFGlacier>
        <CFSlope>1</CFSlope>
        <FC>357.15291819372004</FC>
        <LP>0.30000165995639971</LP>
        <BETA>1.9484353919152675</BETA>
      </SubCatchmentVegetationZoneParameters>
    </SubCatchmentVegetationZone>
  </SubCatchment>
</Catchment>