<?xml version="1.0" encoding="utf-8"?>
<Catchment xmlns:xsi="http://www.w3.org/2001/XMLSchema-instance" xmlns:xsd="http://www.w3.org/2001/XMLSchema">
  <CatchmentParameters>
    <KSI>0.001</KSI>
    <KGmin>0.05</KGmin>
    <RangeKG>0.1</RangeKG>
    <AG>0.1</AG>
    <PERC>9.99996190878513</PERC>
    <Alpha>0</Alpha>
    <UZL>54.749707776109041</UZL>
    <K0>0.079014084567212262</K0>
    <K1>0.38139278353358125</K1>
    <K2>0.091712491536596066</K2>
    <MAXBAS>2.499993314348389</MAXBAS>
    <Cet>0</Cet>
    <PCALT>10</PCALT>
    <TCALT>0.6</TCALT>
    <Pelev>2541</Pelev>
    <Telev>2541</Telev>
    <PART>0.5</PART>
    <DELAY>1</DELAY>
  </CatchmentParameters>
  <VegetationZone>
    <VegetationZoneParameters>
      <TT>-0.22983830375484105</TT>
      <CFMAX>1.4623186365576495</CFMAX>
      <SP>0</SP>
      <SFCF>1.0485567563196212</SFCF>
      <CFR>0.00010085762460605025</CFR>
      <CWH>0.10000012222841745</CWH>
      <CFGlacier>1</CFGlacier>
      <CFSlope>1</CFSlope>
      <FC>396.15681159078144</FC>
      <LP>0.62231066889168085</LP>
      <BETA>1.9032809640378023</BETA>
    </VegetationZoneParameters>
  </VegetationZone>
  <SubCatchment>
    <SubCatchmentParameters>
      <KSI>0.001</KSI>
      <KGmin>0.05</KGmin>
      <RangeKG>0.1</RangeKG>
      <AG>0.1</AG>
      <PERC>9.99996190878513</PERC>
      <Alpha>0</Alpha>
      <UZL>54.749707776109041</UZL>
      <K0>0.079014084567212262</K0>
      <K1>0.38139278353358125</K1>
      <K2>0.091712491536596066</K2>
      <MAXBAS>2.499993314348389</MAXBAS>
      <Cet>0</Cet>
      <PCALT>10</PCALT>
      <TCALT>0.6</TCALT>
      <Pelev>2541</Pelev>
      <Telev>2541</Telev>
      <PART>0.5</PART>
      <DELAY>1</DELAY>
    </SubCatchmentParameters>
    <SubCatchmentVegetationZone>
      <SubCatchmentVegetationZoneParameters>
        <TT>-0.22983830375484105</TT>
        <CFMAX>1.4623186365576495</CFMAX>
        <SP>0</SP>
        <SFCF>1.0485567563196212</SFCF>
        <CFR>0.00010085762460605025</CFR>
        <CWH>0.10000012222841745</CWH>
        <CFGlacier>1</CFGlacier>
        <CFSlope>1</CFSlope>
        <FC>396.15681159078144</FC>
        <LP>0.62231066889168085</LP>
        <BETA>1.9032809640378023</BETA>
      </SubCatchmentVegetationZoneParameters>
    </SubCatchmentVegetationZone>
  </SubCatchment>
</Catchment>