<?xml version="1.0" encoding="utf-8"?>
<Catchment xmlns:xsi="http://www.w3.org/2001/XMLSchema-instance" xmlns:xsd="http://www.w3.org/2001/XMLSchema">
  <CatchmentParameters>
    <KSI>0.001</KSI>
    <KGmin>0.05</KGmin>
    <RangeKG>0.1</RangeKG>
    <AG>0.1</AG>
    <PERC>1.5088404666886397</PERC>
    <Alpha>0</Alpha>
    <UZL>131.88076087024692</UZL>
    <K0>0.36817294348228963</K0>
    <K1>0.094884547445615211</K1>
    <K2>0.023722257594449344</K2>
    <MAXBAS>1</MAXBAS>
    <Cet>0</Cet>
    <PCALT>10</PCALT>
    <TCALT>0.6</TCALT>
    <Pelev>2541</Pelev>
    <Telev>2541</Telev>
    <PART>0.5</PART>
    <DELAY>1</DELAY>
  </CatchmentParameters>
  <VegetationZone>
    <VegetationZoneParameters>
      <TT>-0.078915079331204743</TT>
      <CFMAX>2.0659107034813031</CFMAX>
      <SP>0</SP>
      <SFCF>1.2365954538866344</SFCF>
      <CFR>1.2866257214141882E-07</CFR>
      <CWH>0.10000001222764159</CWH>
      <CFGlacier>1</CFGlacier>
      <CFSlope>1</CFSlope>
      <FC>766.12229320056827</FC>
      <LP>0.90369567023103625</LP>
      <BETA>2.3852955434349665</BETA>
    </VegetationZoneParameters>
  </VegetationZone>
  <SubCatchment>
    <SubCatchmentParameters>
      <KSI>0.001</KSI>
      <KGmin>0.05</KGmin>
      <RangeKG>0.1</RangeKG>
      <AG>0.1</AG>
      <PERC>1.5088404666886397</PERC>
      <Alpha>0</Alpha>
      <UZL>131.88076087024692</UZL>
      <K0>0.36817294348228963</K0>
      <K1>0.094884547445615211</K1>
      <K2>0.023722257594449344</K2>
      <MAXBAS>1</MAXBAS>
      <Cet>0</Cet>
      <PCALT>10</PCALT>
      <TCALT>0.6</TCALT>
      <Pelev>2541</Pelev>
      <Telev>2541</Telev>
      <PART>0.5</PART>
      <DELAY>1</DELAY>
    </SubCatchmentParameters>
    <SubCatchmentVegetationZone>
      <SubCatchmentVegetationZoneParameters>
        <TT>-0.078915079331204743</TT>
        <CFMAX>2.0659107034813031</CFMAX>
        <SP>0</SP>
        <SFCF>1.2365954538866344</SFCF>
        <CFR>1.2866257214141882E-07</CFR>
        <CWH>0.10000001222764159</CWH>
        <CFGlacier>1</CFGlacier>
        <CFSlope>1</CFSlope>
        <FC>766.12229320056827</FC>
        <LP>0.90369567023103625</LP>
        <BETA>2.3852955434349665</BETA>
      </SubCatchmentVegetationZoneParameters>
    </SubCatchmentVegetationZone>
  </SubCatchment>
</Catchment>