<?xml version="1.0" encoding="utf-8"?>
<Catchment xmlns:xsi="http://www.w3.org/2001/XMLSchema-instance" xmlns:xsd="http://www.w3.org/2001/XMLSchema">
  <CatchmentParameters>
    <KSI>0.001</KSI>
    <KGmin>0.05</KGmin>
    <RangeKG>0.1</RangeKG>
    <AG>0.1</AG>
    <PERC>1.1162434909424488</PERC>
    <Alpha>0</Alpha>
    <UZL>145.52197021191003</UZL>
    <K0>0.62212372989285736</K0>
    <K1>0.086708112442422852</K1>
    <K2>0.02161615068057765</K2>
    <MAXBAS>1</MAXBAS>
    <Cet>0</Cet>
    <PCALT>10</PCALT>
    <TCALT>0.6</TCALT>
    <Pelev>2541</Pelev>
    <Telev>2541</Telev>
    <PART>0.5</PART>
    <DELAY>1</DELAY>
  </CatchmentParameters>
  <VegetationZone>
    <VegetationZoneParameters>
      <TT>-0.1475776179438914</TT>
      <CFMAX>2.4043857674340741</CFMAX>
      <SP>0</SP>
      <SFCF>1.3888678645350294</SFCF>
      <CFR>8.5192617902347217E-09</CFR>
      <CWH>0.10000000023916973</CWH>
      <CFGlacier>1</CFGlacier>
      <CFSlope>1</CFSlope>
      <FC>1245.5209337902334</FC>
      <LP>0.85995864761815222</LP>
      <BETA>3.1938557836122428</BETA>
    </VegetationZoneParameters>
  </VegetationZone>
  <SubCatchment>
    <SubCatchmentParameters>
      <KSI>0.001</KSI>
      <KGmin>0.05</KGmin>
      <RangeKG>0.1</RangeKG>
      <AG>0.1</AG>
      <PERC>1.1162434909424488</PERC>
      <Alpha>0</Alpha>
      <UZL>145.52197021191003</UZL>
      <K0>0.62212372989285736</K0>
      <K1>0.086708112442422852</K1>
      <K2>0.02161615068057765</K2>
      <MAXBAS>1</MAXBAS>
      <Cet>0</Cet>
      <PCALT>10</PCALT>
      <TCALT>0.6</TCALT>
      <Pelev>2541</Pelev>
      <Telev>2541</Telev>
      <PART>0.5</PART>
      <DELAY>1</DELAY>
    </SubCatchmentParameters>
    <SubCatchmentVegetationZone>
      <SubCatchmentVegetationZoneParameters>
        <TT>-0.1475776179438914</TT>
        <CFMAX>2.4043857674340741</CFMAX>
        <SP>0</SP>
        <SFCF>1.3888678645350294</SFCF>
        <CFR>8.5192617902347217E-09</CFR>
        <CWH>0.10000000023916973</CWH>
        <CFGlacier>1</CFGlacier>
        <CFSlope>1</CFSlope>
        <FC>1245.5209337902334</FC>
        <LP>0.85995864761815222</LP>
        <BETA>3.1938557836122428</BETA>
      </SubCatchmentVegetationZoneParameters>
    </SubCatchmentVegetationZone>
  </SubCatchment>
</Catchment>