<?xml version="1.0" encoding="utf-8"?>
<Catchment xmlns:xsi="http://www.w3.org/2001/XMLSchema-instance" xmlns:xsd="http://www.w3.org/2001/XMLSchema">
  <CatchmentParameters>
    <KSI>0.001</KSI>
    <KGmin>0.05</KGmin>
    <RangeKG>0.1</RangeKG>
    <AG>0.1</AG>
    <PERC>8.5175005210950854</PERC>
    <Alpha>0</Alpha>
    <UZL>126.24693485610516</UZL>
    <K0>0.277578512279198</K0>
    <K1>0.41495807927246692</K1>
    <K2>0.11530032716654949</K2>
    <MAXBAS>1.7701991384230253</MAXBAS>
    <Cet>0</Cet>
    <PCALT>10</PCALT>
    <TCALT>0.6</TCALT>
    <Pelev>2541</Pelev>
    <Telev>2541</Telev>
    <PART>0.5</PART>
    <DELAY>1</DELAY>
  </CatchmentParameters>
  <VegetationZone>
    <VegetationZoneParameters>
      <TT>-1.4955112502857708</TT>
      <CFMAX>0.9919014231113088</CFMAX>
      <SP>0</SP>
      <SFCF>1.1468402769791328</SFCF>
      <CFR>0.099997676433680849</CFR>
      <CWH>0.19999918129268202</CWH>
      <CFGlacier>1</CFGlacier>
      <CFSlope>1</CFSlope>
      <FC>395.75094550362093</FC>
      <LP>0.30004821437376694</LP>
      <BETA>2.0283606227298625</BETA>
    </VegetationZoneParameters>
  </VegetationZone>
  <SubCatchment>
    <SubCatchmentParameters>
      <KSI>0.001</KSI>
      <KGmin>0.05</KGmin>
      <RangeKG>0.1</RangeKG>
      <AG>0.1</AG>
      <PERC>8.5175005210950854</PERC>
      <Alpha>0</Alpha>
      <UZL>126.24693485610516</UZL>
      <K0>0.277578512279198</K0>
      <K1>0.41495807927246692</K1>
      <K2>0.11530032716654949</K2>
      <MAXBAS>1.7701991384230253</MAXBAS>
      <Cet>0</Cet>
      <PCALT>10</PCALT>
      <TCALT>0.6</TCALT>
      <Pelev>2541</Pelev>
      <Telev>2541</Telev>
      <PART>0.5</PART>
      <DELAY>1</DELAY>
    </SubCatchmentParameters>
    <SubCatchmentVegetationZone>
      <SubCatchmentVegetationZoneParameters>
        <TT>-1.4955112502857708</TT>
        <CFMAX>0.9919014231113088</CFMAX>
        <SP>0</SP>
        <SFCF>1.1468402769791328</SFCF>
        <CFR>0.099997676433680849</CFR>
        <CWH>0.19999918129268202</CWH>
        <CFGlacier>1</CFGlacier>
        <CFSlope>1</CFSlope>
        <FC>395.75094550362093</FC>
        <LP>0.30004821437376694</LP>
        <BETA>2.0283606227298625</BETA>
      </SubCatchmentVegetationZoneParameters>
    </SubCatchmentVegetationZone>
  </SubCatchment>
</Catchment>