<?xml version="1.0" encoding="utf-8"?>
<Catchment xmlns:xsi="http://www.w3.org/2001/XMLSchema-instance" xmlns:xsd="http://www.w3.org/2001/XMLSchema">
  <CatchmentParameters>
    <KSI>0.001</KSI>
    <KGmin>0.05</KGmin>
    <RangeKG>0.1</RangeKG>
    <AG>0.1</AG>
    <PERC>0.90558895956589636</PERC>
    <Alpha>0</Alpha>
    <UZL>171.12992312114611</UZL>
    <K0>0.12044926832743008</K0>
    <K1>0.10359907187623497</K1>
    <K2>0.02072879289892671</K2>
    <MAXBAS>1</MAXBAS>
    <Cet>0</Cet>
    <PCALT>10</PCALT>
    <TCALT>0.6</TCALT>
    <Pelev>2541</Pelev>
    <Telev>2541</Telev>
    <PART>0.5</PART>
    <DELAY>1</DELAY>
  </CatchmentParameters>
  <VegetationZone>
    <VegetationZoneParameters>
      <TT>-0.69203254800119463</TT>
      <CFMAX>1.7813417868494474</CFMAX>
      <SP>0</SP>
      <SFCF>1.3543988399834612</SFCF>
      <CFR>0.00037440887608964848</CFR>
      <CWH>0.10000001679567958</CWH>
      <CFGlacier>1</CFGlacier>
      <CFSlope>1</CFSlope>
      <FC>920.66265357216241</FC>
      <LP>0.84625958951247093</LP>
      <BETA>2.9301895883987581</BETA>
    </VegetationZoneParameters>
  </VegetationZone>
  <SubCatchment>
    <SubCatchmentParameters>
      <KSI>0.001</KSI>
      <KGmin>0.05</KGmin>
      <RangeKG>0.1</RangeKG>
      <AG>0.1</AG>
      <PERC>0.90558895956589636</PERC>
      <Alpha>0</Alpha>
      <UZL>171.12992312114611</UZL>
      <K0>0.12044926832743008</K0>
      <K1>0.10359907187623497</K1>
      <K2>0.02072879289892671</K2>
      <MAXBAS>1</MAXBAS>
      <Cet>0</Cet>
      <PCALT>10</PCALT>
      <TCALT>0.6</TCALT>
      <Pelev>2541</Pelev>
      <Telev>2541</Telev>
      <PART>0.5</PART>
      <DELAY>1</DELAY>
    </SubCatchmentParameters>
    <SubCatchmentVegetationZone>
      <SubCatchmentVegetationZoneParameters>
        <TT>-0.69203254800119463</TT>
        <CFMAX>1.7813417868494474</CFMAX>
        <SP>0</SP>
        <SFCF>1.3543988399834612</SFCF>
        <CFR>0.00037440887608964848</CFR>
        <CWH>0.10000001679567958</CWH>
        <CFGlacier>1</CFGlacier>
        <CFSlope>1</CFSlope>
        <FC>920.66265357216241</FC>
        <LP>0.84625958951247093</LP>
        <BETA>2.9301895883987581</BETA>
      </SubCatchmentVegetationZoneParameters>
    </SubCatchmentVegetationZone>
  </SubCatchment>
</Catchment>