<?xml version="1.0" encoding="utf-8"?>
<Catchment xmlns:xsi="http://www.w3.org/2001/XMLSchema-instance" xmlns:xsd="http://www.w3.org/2001/XMLSchema">
  <CatchmentParameters>
    <KSI>0.001</KSI>
    <KGmin>0.05</KGmin>
    <RangeKG>0.1</RangeKG>
    <AG>0.1</AG>
    <PERC>1.1142788490379931</PERC>
    <Alpha>0</Alpha>
    <UZL>121.63759340366083</UZL>
    <K0>0.50143907815103728</K0>
    <K1>0.10332984155698395</K1>
    <K2>0.022254997403790569</K2>
    <MAXBAS>1</MAXBAS>
    <Cet>0</Cet>
    <PCALT>10</PCALT>
    <TCALT>0.6</TCALT>
    <Pelev>2541</Pelev>
    <Telev>2541</Telev>
    <PART>0.5</PART>
    <DELAY>1</DELAY>
  </CatchmentParameters>
  <VegetationZone>
    <VegetationZoneParameters>
      <TT>-0.77027740558134061</TT>
      <CFMAX>1.766009419275878</CFMAX>
      <SP>0</SP>
      <SFCF>1.3495989079941637</SFCF>
      <CFR>4.5964768734215124E-10</CFR>
      <CWH>0.1000000069308975</CWH>
      <CFGlacier>1</CFGlacier>
      <CFSlope>1</CFSlope>
      <FC>1098.6772595847945</FC>
      <LP>0.93221704681987894</LP>
      <BETA>3.2900800748871637</BETA>
    </VegetationZoneParameters>
  </VegetationZone>
  <SubCatchment>
    <SubCatchmentParameters>
      <KSI>0.001</KSI>
      <KGmin>0.05</KGmin>
      <RangeKG>0.1</RangeKG>
      <AG>0.1</AG>
      <PERC>1.1142788490379931</PERC>
      <Alpha>0</Alpha>
      <UZL>121.63759340366083</UZL>
      <K0>0.50143907815103728</K0>
      <K1>0.10332984155698395</K1>
      <K2>0.022254997403790569</K2>
      <MAXBAS>1</MAXBAS>
      <Cet>0</Cet>
      <PCALT>10</PCALT>
      <TCALT>0.6</TCALT>
      <Pelev>2541</Pelev>
      <Telev>2541</Telev>
      <PART>0.5</PART>
      <DELAY>1</DELAY>
    </SubCatchmentParameters>
    <SubCatchmentVegetationZone>
      <SubCatchmentVegetationZoneParameters>
        <TT>-0.77027740558134061</TT>
        <CFMAX>1.766009419275878</CFMAX>
        <SP>0</SP>
        <SFCF>1.3495989079941637</SFCF>
        <CFR>4.5964768734215124E-10</CFR>
        <CWH>0.1000000069308975</CWH>
        <CFGlacier>1</CFGlacier>
        <CFSlope>1</CFSlope>
        <FC>1098.6772595847945</FC>
        <LP>0.93221704681987894</LP>
        <BETA>3.2900800748871637</BETA>
      </SubCatchmentVegetationZoneParameters>
    </SubCatchmentVegetationZone>
  </SubCatchment>
</Catchment>