<?xml version="1.0" encoding="utf-8"?>
<Catchment xmlns:xsi="http://www.w3.org/2001/XMLSchema-instance" xmlns:xsd="http://www.w3.org/2001/XMLSchema">
  <CatchmentParameters>
    <KSI>0.001</KSI>
    <KGmin>0.05</KGmin>
    <RangeKG>0.1</RangeKG>
    <AG>0.1</AG>
    <PERC>7.1520974922997471</PERC>
    <Alpha>0</Alpha>
    <UZL>25.712942098515988</UZL>
    <K0>0.98998713159224661</K0>
    <K1>0.211242864356683</K1>
    <K2>0.092097085071707038</K2>
    <MAXBAS>2.4999962274012866</MAXBAS>
    <Cet>0</Cet>
    <PCALT>10</PCALT>
    <TCALT>0.6</TCALT>
    <Pelev>2541</Pelev>
    <Telev>2541</Telev>
    <PART>0.5</PART>
    <DELAY>1</DELAY>
  </CatchmentParameters>
  <VegetationZone>
    <VegetationZoneParameters>
      <TT>-0.26799544837644007</TT>
      <CFMAX>1.2261716914806216</CFMAX>
      <SP>0</SP>
      <SFCF>0.96221295505118454</SFCF>
      <CFR>2.786365427374919E-06</CFR>
      <CWH>0.10000011585484632</CWH>
      <CFGlacier>1</CFGlacier>
      <CFSlope>1</CFSlope>
      <FC>283.49849179733309</FC>
      <LP>0.30000578907756231</LP>
      <BETA>2.2671506088391471</BETA>
    </VegetationZoneParameters>
  </VegetationZone>
  <SubCatchment>
    <SubCatchmentParameters>
      <KSI>0.001</KSI>
      <KGmin>0.05</KGmin>
      <RangeKG>0.1</RangeKG>
      <AG>0.1</AG>
      <PERC>7.1520974922997471</PERC>
      <Alpha>0</Alpha>
      <UZL>25.712942098515988</UZL>
      <K0>0.98998713159224661</K0>
      <K1>0.211242864356683</K1>
      <K2>0.092097085071707038</K2>
      <MAXBAS>2.4999962274012866</MAXBAS>
      <Cet>0</Cet>
      <PCALT>10</PCALT>
      <TCALT>0.6</TCALT>
      <Pelev>2541</Pelev>
      <Telev>2541</Telev>
      <PART>0.5</PART>
      <DELAY>1</DELAY>
    </SubCatchmentParameters>
    <SubCatchmentVegetationZone>
      <SubCatchmentVegetationZoneParameters>
        <TT>-0.26799544837644007</TT>
        <CFMAX>1.2261716914806216</CFMAX>
        <SP>0</SP>
        <SFCF>0.96221295505118454</SFCF>
        <CFR>2.786365427374919E-06</CFR>
        <CWH>0.10000011585484632</CWH>
        <CFGlacier>1</CFGlacier>
        <CFSlope>1</CFSlope>
        <FC>283.49849179733309</FC>
        <LP>0.30000578907756231</LP>
        <BETA>2.2671506088391471</BETA>
      </SubCatchmentVegetationZoneParameters>
    </SubCatchmentVegetationZone>
  </SubCatchment>
</Catchment>