<?xml version="1.0" encoding="utf-8"?>
<Catchment xmlns:xsi="http://www.w3.org/2001/XMLSchema-instance" xmlns:xsd="http://www.w3.org/2001/XMLSchema">
  <CatchmentParameters>
    <KSI>0.001</KSI>
    <KGmin>0.05</KGmin>
    <RangeKG>0.1</RangeKG>
    <AG>0.1</AG>
    <PERC>9.68573903041061</PERC>
    <Alpha>0</Alpha>
    <UZL>134.1043064220338</UZL>
    <K0>0.47266116591729229</K0>
    <K1>0.38442702144168245</K1>
    <K2>0.090983048170064543</K2>
    <MAXBAS>2.4999906362846391</MAXBAS>
    <Cet>0</Cet>
    <PCALT>10</PCALT>
    <TCALT>0.6</TCALT>
    <Pelev>2541</Pelev>
    <Telev>2541</Telev>
    <PART>0.5</PART>
    <DELAY>1</DELAY>
  </CatchmentParameters>
  <VegetationZone>
    <VegetationZoneParameters>
      <TT>-0.078900671384891125</TT>
      <CFMAX>1.3457148199967632</CFMAX>
      <SP>0</SP>
      <SFCF>0.940406492936717</SFCF>
      <CFR>0.085262008693157268</CFR>
      <CWH>0.10000009724097594</CWH>
      <CFGlacier>1</CFGlacier>
      <CFSlope>1</CFSlope>
      <FC>261.22789149709934</FC>
      <LP>0.30000414094490718</LP>
      <BETA>2.3708162633534515</BETA>
    </VegetationZoneParameters>
  </VegetationZone>
  <SubCatchment>
    <SubCatchmentParameters>
      <KSI>0.001</KSI>
      <KGmin>0.05</KGmin>
      <RangeKG>0.1</RangeKG>
      <AG>0.1</AG>
      <PERC>9.68573903041061</PERC>
      <Alpha>0</Alpha>
      <UZL>134.1043064220338</UZL>
      <K0>0.47266116591729229</K0>
      <K1>0.38442702144168245</K1>
      <K2>0.090983048170064543</K2>
      <MAXBAS>2.4999906362846391</MAXBAS>
      <Cet>0</Cet>
      <PCALT>10</PCALT>
      <TCALT>0.6</TCALT>
      <Pelev>2541</Pelev>
      <Telev>2541</Telev>
      <PART>0.5</PART>
      <DELAY>1</DELAY>
    </SubCatchmentParameters>
    <SubCatchmentVegetationZone>
      <SubCatchmentVegetationZoneParameters>
        <TT>-0.078900671384891125</TT>
        <CFMAX>1.3457148199967632</CFMAX>
        <SP>0</SP>
        <SFCF>0.940406492936717</SFCF>
        <CFR>0.085262008693157268</CFR>
        <CWH>0.10000009724097594</CWH>
        <CFGlacier>1</CFGlacier>
        <CFSlope>1</CFSlope>
        <FC>261.22789149709934</FC>
        <LP>0.30000414094490718</LP>
        <BETA>2.3708162633534515</BETA>
      </SubCatchmentVegetationZoneParameters>
    </SubCatchmentVegetationZone>
  </SubCatchment>
</Catchment>