<?xml version="1.0" encoding="utf-8"?>
<Catchment xmlns:xsi="http://www.w3.org/2001/XMLSchema-instance" xmlns:xsd="http://www.w3.org/2001/XMLSchema">
  <CatchmentParameters>
    <KSI>0.001</KSI>
    <KGmin>0.05</KGmin>
    <RangeKG>0.1</RangeKG>
    <AG>0.1</AG>
    <PERC>9.4624206840006053</PERC>
    <Alpha>0</Alpha>
    <UZL>95.828210426631728</UZL>
    <K0>0.30971679184202483</K0>
    <K1>0.38158634360836935</K1>
    <K2>0.090706964634379883</K2>
    <MAXBAS>2.49998562376474</MAXBAS>
    <Cet>0</Cet>
    <PCALT>10</PCALT>
    <TCALT>0.6</TCALT>
    <Pelev>2541</Pelev>
    <Telev>2541</Telev>
    <PART>0.5</PART>
    <DELAY>1</DELAY>
  </CatchmentParameters>
  <VegetationZone>
    <VegetationZoneParameters>
      <TT>0.015992887396303359</TT>
      <CFMAX>1.3482395817092174</CFMAX>
      <SP>0</SP>
      <SFCF>0.93624512518996306</SFCF>
      <CFR>0.016389448354366589</CFR>
      <CWH>0.10000003178635816</CWH>
      <CFGlacier>1</CFGlacier>
      <CFSlope>1</CFSlope>
      <FC>263.6892210350839</FC>
      <LP>0.30000133501607557</LP>
      <BETA>2.1305551295845544</BETA>
    </VegetationZoneParameters>
  </VegetationZone>
  <SubCatchment>
    <SubCatchmentParameters>
      <KSI>0.001</KSI>
      <KGmin>0.05</KGmin>
      <RangeKG>0.1</RangeKG>
      <AG>0.1</AG>
      <PERC>9.4624206840006053</PERC>
      <Alpha>0</Alpha>
      <UZL>95.828210426631728</UZL>
      <K0>0.30971679184202483</K0>
      <K1>0.38158634360836935</K1>
      <K2>0.090706964634379883</K2>
      <MAXBAS>2.49998562376474</MAXBAS>
      <Cet>0</Cet>
      <PCALT>10</PCALT>
      <TCALT>0.6</TCALT>
      <Pelev>2541</Pelev>
      <Telev>2541</Telev>
      <PART>0.5</PART>
      <DELAY>1</DELAY>
    </SubCatchmentParameters>
    <SubCatchmentVegetationZone>
      <SubCatchmentVegetationZoneParameters>
        <TT>0.015992887396303359</TT>
        <CFMAX>1.3482395817092174</CFMAX>
        <SP>0</SP>
        <SFCF>0.93624512518996306</SFCF>
        <CFR>0.016389448354366589</CFR>
        <CWH>0.10000003178635816</CWH>
        <CFGlacier>1</CFGlacier>
        <CFSlope>1</CFSlope>
        <FC>263.6892210350839</FC>
        <LP>0.30000133501607557</LP>
        <BETA>2.1305551295845544</BETA>
      </SubCatchmentVegetationZoneParameters>
    </SubCatchmentVegetationZone>
  </SubCatchment>
</Catchment>