<?xml version="1.0" encoding="utf-8"?>
<Catchment xmlns:xsi="http://www.w3.org/2001/XMLSchema-instance" xmlns:xsd="http://www.w3.org/2001/XMLSchema">
  <CatchmentParameters>
    <KSI>0.001</KSI>
    <KGmin>0.05</KGmin>
    <RangeKG>0.1</RangeKG>
    <AG>0.1</AG>
    <PERC>0.904316730163509</PERC>
    <Alpha>0</Alpha>
    <UZL>185.88116898857669</UZL>
    <K0>0.24584740013562842</K0>
    <K1>0.0741172114911506</K1>
    <K2>0.02014985544598771</K2>
    <MAXBAS>1</MAXBAS>
    <Cet>0</Cet>
    <PCALT>10</PCALT>
    <TCALT>0.6</TCALT>
    <Pelev>2541</Pelev>
    <Telev>2541</Telev>
    <PART>0.5</PART>
    <DELAY>1</DELAY>
  </CatchmentParameters>
  <VegetationZone>
    <VegetationZoneParameters>
      <TT>0.37617332773060125</TT>
      <CFMAX>2.7325727077013209</CFMAX>
      <SP>0</SP>
      <SFCF>1.3286807171894512</SFCF>
      <CFR>1.5713873677187975E-07</CFR>
      <CWH>0.10000006792966615</CWH>
      <CFGlacier>1</CFGlacier>
      <CFSlope>1</CFSlope>
      <FC>926.01798002431462</FC>
      <LP>0.73259304067514708</LP>
      <BETA>2.1884275008875815</BETA>
    </VegetationZoneParameters>
  </VegetationZone>
  <SubCatchment>
    <SubCatchmentParameters>
      <KSI>0.001</KSI>
      <KGmin>0.05</KGmin>
      <RangeKG>0.1</RangeKG>
      <AG>0.1</AG>
      <PERC>0.904316730163509</PERC>
      <Alpha>0</Alpha>
      <UZL>185.88116898857669</UZL>
      <K0>0.24584740013562842</K0>
      <K1>0.0741172114911506</K1>
      <K2>0.02014985544598771</K2>
      <MAXBAS>1</MAXBAS>
      <Cet>0</Cet>
      <PCALT>10</PCALT>
      <TCALT>0.6</TCALT>
      <Pelev>2541</Pelev>
      <Telev>2541</Telev>
      <PART>0.5</PART>
      <DELAY>1</DELAY>
    </SubCatchmentParameters>
    <SubCatchmentVegetationZone>
      <SubCatchmentVegetationZoneParameters>
        <TT>0.37617332773060125</TT>
        <CFMAX>2.7325727077013209</CFMAX>
        <SP>0</SP>
        <SFCF>1.3286807171894512</SFCF>
        <CFR>1.5713873677187975E-07</CFR>
        <CWH>0.10000006792966615</CWH>
        <CFGlacier>1</CFGlacier>
        <CFSlope>1</CFSlope>
        <FC>926.01798002431462</FC>
        <LP>0.73259304067514708</LP>
        <BETA>2.1884275008875815</BETA>
      </SubCatchmentVegetationZoneParameters>
    </SubCatchmentVegetationZone>
  </SubCatchment>
</Catchment>