<?xml version="1.0" encoding="utf-8"?>
<Catchment xmlns:xsi="http://www.w3.org/2001/XMLSchema-instance" xmlns:xsd="http://www.w3.org/2001/XMLSchema">
  <CatchmentParameters>
    <KSI>0.001</KSI>
    <KGmin>0.05</KGmin>
    <RangeKG>0.1</RangeKG>
    <AG>0.1</AG>
    <PERC>1.0873934647304755</PERC>
    <Alpha>0</Alpha>
    <UZL>162.74536427648087</UZL>
    <K0>0.56454614393861624</K0>
    <K1>0.103863781080596</K1>
    <K2>0.021576519056760574</K2>
    <MAXBAS>1</MAXBAS>
    <Cet>0</Cet>
    <PCALT>10</PCALT>
    <TCALT>0.6</TCALT>
    <Pelev>2541</Pelev>
    <Telev>2541</Telev>
    <PART>0.5</PART>
    <DELAY>1</DELAY>
  </CatchmentParameters>
  <VegetationZone>
    <VegetationZoneParameters>
      <TT>-0.70169967424484225</TT>
      <CFMAX>1.6999852725000462</CFMAX>
      <SP>0</SP>
      <SFCF>1.3082252581284639</SFCF>
      <CFR>5.0613730118592988E-07</CFR>
      <CWH>0.10000000024237268</CWH>
      <CFGlacier>1</CFGlacier>
      <CFSlope>1</CFSlope>
      <FC>808.82547272857107</FC>
      <LP>0.81920860336028289</LP>
      <BETA>2.3610520387374061</BETA>
    </VegetationZoneParameters>
  </VegetationZone>
  <SubCatchment>
    <SubCatchmentParameters>
      <KSI>0.001</KSI>
      <KGmin>0.05</KGmin>
      <RangeKG>0.1</RangeKG>
      <AG>0.1</AG>
      <PERC>1.0873934647304755</PERC>
      <Alpha>0</Alpha>
      <UZL>162.74536427648087</UZL>
      <K0>0.56454614393861624</K0>
      <K1>0.103863781080596</K1>
      <K2>0.021576519056760574</K2>
      <MAXBAS>1</MAXBAS>
      <Cet>0</Cet>
      <PCALT>10</PCALT>
      <TCALT>0.6</TCALT>
      <Pelev>2541</Pelev>
      <Telev>2541</Telev>
      <PART>0.5</PART>
      <DELAY>1</DELAY>
    </SubCatchmentParameters>
    <SubCatchmentVegetationZone>
      <SubCatchmentVegetationZoneParameters>
        <TT>-0.70169967424484225</TT>
        <CFMAX>1.6999852725000462</CFMAX>
        <SP>0</SP>
        <SFCF>1.3082252581284639</SFCF>
        <CFR>5.0613730118592988E-07</CFR>
        <CWH>0.10000000024237268</CWH>
        <CFGlacier>1</CFGlacier>
        <CFSlope>1</CFSlope>
        <FC>808.82547272857107</FC>
        <LP>0.81920860336028289</LP>
        <BETA>2.3610520387374061</BETA>
      </SubCatchmentVegetationZoneParameters>
    </SubCatchmentVegetationZone>
  </SubCatchment>
</Catchment>