<?xml version="1.0" encoding="utf-8"?>
<Catchment xmlns:xsi="http://www.w3.org/2001/XMLSchema-instance" xmlns:xsd="http://www.w3.org/2001/XMLSchema">
  <CatchmentParameters>
    <KSI>0.001</KSI>
    <KGmin>0.05</KGmin>
    <RangeKG>0.1</RangeKG>
    <AG>0.1</AG>
    <PERC>9.4624173754016532</PERC>
    <Alpha>0</Alpha>
    <UZL>14.103816157240098</UZL>
    <K0>0.98993875067542847</K0>
    <K1>0.28255871499476265</K1>
    <K2>0.11119754922686193</K2>
    <MAXBAS>1.8929349309814338</MAXBAS>
    <Cet>0</Cet>
    <PCALT>10</PCALT>
    <TCALT>0.6</TCALT>
    <Pelev>2541</Pelev>
    <Telev>2541</Telev>
    <PART>0.5</PART>
    <DELAY>1</DELAY>
  </CatchmentParameters>
  <VegetationZone>
    <VegetationZoneParameters>
      <TT>-1.4761614351527859</TT>
      <CFMAX>1.1096366844903329</CFMAX>
      <SP>0</SP>
      <SFCF>1.2482838373459604</SFCF>
      <CFR>0.099998796951066782</CFR>
      <CWH>0.13260564454688753</CWH>
      <CFGlacier>1</CFGlacier>
      <CFSlope>1</CFSlope>
      <FC>465.73296211365675</FC>
      <LP>0.40588551320669</LP>
      <BETA>1.90502776042576</BETA>
    </VegetationZoneParameters>
  </VegetationZone>
  <SubCatchment>
    <SubCatchmentParameters>
      <KSI>0.001</KSI>
      <KGmin>0.05</KGmin>
      <RangeKG>0.1</RangeKG>
      <AG>0.1</AG>
      <PERC>9.4624173754016532</PERC>
      <Alpha>0</Alpha>
      <UZL>14.103816157240098</UZL>
      <K0>0.98993875067542847</K0>
      <K1>0.28255871499476265</K1>
      <K2>0.11119754922686193</K2>
      <MAXBAS>1.8929349309814338</MAXBAS>
      <Cet>0</Cet>
      <PCALT>10</PCALT>
      <TCALT>0.6</TCALT>
      <Pelev>2541</Pelev>
      <Telev>2541</Telev>
      <PART>0.5</PART>
      <DELAY>1</DELAY>
    </SubCatchmentParameters>
    <SubCatchmentVegetationZone>
      <SubCatchmentVegetationZoneParameters>
        <TT>-1.4761614351527859</TT>
        <CFMAX>1.1096366844903329</CFMAX>
        <SP>0</SP>
        <SFCF>1.2482838373459604</SFCF>
        <CFR>0.099998796951066782</CFR>
        <CWH>0.13260564454688753</CWH>
        <CFGlacier>1</CFGlacier>
        <CFSlope>1</CFSlope>
        <FC>465.73296211365675</FC>
        <LP>0.40588551320669</LP>
        <BETA>1.90502776042576</BETA>
      </SubCatchmentVegetationZoneParameters>
    </SubCatchmentVegetationZone>
  </SubCatchment>
</Catchment>