<?xml version="1.0" encoding="utf-8"?>
<GAPSimulation xmlns:xsi="http://www.w3.org/2001/XMLSchema-instance" xmlns:xsd="http://www.w3.org/2001/XMLSchema">
  <ModelType>Standard</ModelType>
  <ModelVariant>Basic</ModelVariant>
  <UseOldSUZ>true</UseOldSUZ>
  <ETCorrection>false</ETCorrection>
  <PCALTFile>false</PCALTFile>
  <TCALTFile>false</TCALTFile>
  <GAPCatchmentParameters>
    <GAPCatchmentParameter>
      <Name>PERC</Name>
      <DisplayName>PERC</DisplayName>
      <Unit>mm/d</Unit>
      <LowerLimit>0</LowerLimit>
      <UpperLimit>6</UpperLimit>
      <ValuesPerSubCatchment>false</ValuesPerSubCatchment>
    </GAPCatchmentParameter>
    <GAPCatchmentParameter>
      <Name>UZL</Name>
      <DisplayName>UZL</DisplayName>
      <Unit>mm</Unit>
      <LowerLimit>0</LowerLimit>
      <UpperLimit>200</UpperLimit>
      <ValuesPerSubCatchment>false</ValuesPerSubCatchment>
    </GAPCatchmentParameter>
    <GAPCatchmentParameter>
      <Name>K0</Name>
      <DisplayName>K0</DisplayName>
      <Unit>1/d</Unit>
      <LowerLimit>0.05</LowerLimit>
      <UpperLimit>0.99</UpperLimit>
      <ValuesPerSubCatchment>false</ValuesPerSubCatchment>
    </GAPCatchmentParameter>
    <GAPCatchmentParameter>
      <Name>K1</Name>
      <DisplayName>K1</DisplayName>
      <Unit>1/d</Unit>
      <LowerLimit>0.01</LowerLimit>
      <UpperLimit>0.8</UpperLimit>
      <ValuesPerSubCatchment>false</ValuesPerSubCatchment>
    </GAPCatchmentParameter>
    <GAPCatchmentParameter>
      <Name>K2</Name>
      <DisplayName>K2</DisplayName>
      <Unit>1/d</Unit>
      <LowerLimit>0.01</LowerLimit>
      <UpperLimit>0.15</UpperLimit>
      <ValuesPerSubCatchment>false</ValuesPerSubCatchment>
    </GAPCatchmentParameter>
    <GAPCatchmentParameter>
      <Name>MAXBAS</Name>
      <DisplayName>MAXBAS</DisplayName>
      <Unit>d</Unit>
      <LowerLimit>1</LowerLimit>
      <UpperLimit>1</UpperLimit>
      <ValuesPerSubCatchment>false</ValuesPerSubCatchment>
    </GAPCatchmentParameter>
    <GAPCatchmentParameter>
      <Name>PCALT</Name>
      <DisplayName>PCALT</DisplayName>
      <Unit>%/100m</Unit>
      <LowerLimit>10</LowerLimit>
      <UpperLimit>10</UpperLimit>
      <ValuesPerSubCatchment>false</ValuesPerSubCatchment>
    </GAPCatchmentParameter>
    <GAPCatchmentParameter>
      <Name>TCALT</Name>
      <DisplayName>TCALT</DisplayName>
      <Unit>°C/100m</Unit>
      <LowerLimit>0.6</LowerLimit>
      <UpperLimit>0.6</UpperLimit>
      <ValuesPerSubCatchment>false</ValuesPerSubCatchment>
    </GAPCatchmentParameter>
    <GAPCatchmentParameter>
      <Name>Pelev</Name>
      <DisplayName>Elev. of P</DisplayName>
      <Unit>m</Unit>
      <LowerLimit>601.5</LowerLimit>
      <UpperLimit>601.5</UpperLimit>
      <ValuesPerSubCatchment>false</ValuesPerSubCatchment>
    </GAPCatchmentParameter>
    <GAPCatchmentParameter>
      <Name>Telev</Name>
      <DisplayName>Elev. of T</DisplayName>
      <Unit>m</Unit>
      <LowerLimit>601.5</LowerLimit>
      <UpperLimit>601.5</UpperLimit>
      <ValuesPerSubCatchment>false</ValuesPerSubCatchment>
    </GAPCatchmentParameter>
  </GAPCatchmentParameters>
  <GAPVegetationZoneParameters>
    <GAPVegetationZoneParameter>
      <Name>TT</Name>
      <DisplayName>TT</DisplayName>
      <Unit>°C</Unit>
      <LowerLimit>-2.5</LowerLimit>
      <UpperLimit>2.5</UpperLimit>
      <ValuesPerSubCatchment>false</ValuesPerSubCatchment>
      <ValuesPerVegetationZone>false</ValuesPerVegetationZone>
      <RandomValuePerVegetationZone>false</RandomValuePerVegetationZone>
    </GAPVegetationZoneParameter>
    <GAPVegetationZoneParameter>
      <Name>CFMAX</Name>
      <DisplayName>CFMAX</DisplayName>
      <Unit>mm/d °C</Unit>
      <LowerLimit>0.5</LowerLimit>
      <UpperLimit>5</UpperLimit>
      <ValuesPerSubCatchment>false</ValuesPerSubCatchment>
      <ValuesPerVegetationZone>false</ValuesPerVegetationZone>
      <RandomValuePerVegetationZone>false</RandomValuePerVegetationZone>
    </GAPVegetationZoneParameter>
    <GAPVegetationZoneParameter>
      <Name>SP</Name>
      <DisplayName>SP</DisplayName>
      <Unit>-</Unit>
      <LowerLimit>0</LowerLimit>
      <UpperLimit>0</UpperLimit>
      <ValuesPerSubCatchment>false</ValuesPerSubCatchment>
      <ValuesPerVegetationZone>false</ValuesPerVegetationZone>
      <RandomValuePerVegetationZone>false</RandomValuePerVegetationZone>
    </GAPVegetationZoneParameter>
    <GAPVegetationZoneParameter>
      <Name>SFCF</Name>
      <DisplayName>SFCF</DisplayName>
      <Unit>-</Unit>
      <LowerLimit>0.5</LowerLimit>
      <UpperLimit>1.5</UpperLimit>
      <ValuesPerSubCatchment>false</ValuesPerSubCatchment>
      <ValuesPerVegetationZone>false</ValuesPerVegetationZone>
      <RandomValuePerVegetationZone>false</RandomValuePerVegetationZone>
    </GAPVegetationZoneParameter>
    <GAPVegetationZoneParameter>
      <Name>CFR</Name>
      <DisplayName>CFR</DisplayName>
      <Unit>-</Unit>
      <LowerLimit>0</LowerLimit>
      <UpperLimit>0.1</UpperLimit>
      <ValuesPerSubCatchment>false</ValuesPerSubCatchment>
      <ValuesPerVegetationZone>false</ValuesPerVegetationZone>
      <RandomValuePerVegetationZone>false</RandomValuePerVegetationZone>
    </GAPVegetationZoneParameter>
    <GAPVegetationZoneParameter>
      <Name>CWH</Name>
      <DisplayName>CWH</DisplayName>
      <Unit>-</Unit>
      <LowerLimit>0.1</LowerLimit>
      <UpperLimit>0.2</UpperLimit>
      <ValuesPerSubCatchment>false</ValuesPerSubCatchment>
      <ValuesPerVegetationZone>false</ValuesPerVegetationZone>
      <RandomValuePerVegetationZone>false</RandomValuePerVegetationZone>
    </GAPVegetationZoneParameter>
    <GAPVegetationZoneParameter>
      <Name>FC</Name>
      <DisplayName>FC</DisplayName>
      <Unit>mm</Unit>
      <LowerLimit>50</LowerLimit>
      <UpperLimit>2500</UpperLimit>
      <ValuesPerSubCatchment>false</ValuesPerSubCatchment>
      <ValuesPerVegetationZone>false</ValuesPerVegetationZone>
      <RandomValuePerVegetationZone>false</RandomValuePerVegetationZone>
    </GAPVegetationZoneParameter>
    <GAPVegetationZoneParameter>
      <Name>LP</Name>
      <DisplayName>LP</DisplayName>
      <Unit>-</Unit>
      <LowerLimit>0.3</LowerLimit>
      <UpperLimit>1</UpperLimit>
      <ValuesPerSubCatchment>false</ValuesPerSubCatchment>
      <ValuesPerVegetationZone>false</ValuesPerVegetationZone>
      <RandomValuePerVegetationZone>false</RandomValuePerVegetationZone>
    </GAPVegetationZoneParameter>
    <GAPVegetationZoneParameter>
      <Name>BETA</Name>
      <DisplayName>BETA</DisplayName>
      <Unit>-</Unit>
      <LowerLimit>1</LowerLimit>
      <UpperLimit>6</UpperLimit>
      <ValuesPerSubCatchment>false</ValuesPerSubCatchment>
      <ValuesPerVegetationZone>false</ValuesPerVegetationZone>
      <RandomValuePerVegetationZone>false</RandomValuePerVegetationZone>
    </GAPVegetationZoneParameter>
  </GAPVegetationZoneParameters>
  <NumberOfRuns>2500</NumberOfRuns>
  <NumberOfPowellRuns>1000</NumberOfPowellRuns>
  <NumberOfParameterSets>50</NumberOfParameterSets>
  <NumberOfPopulations>1</NumberOfPopulations>
  <ExchangeFrequency>0</ExchangeFrequency>
  <ExchangeCount>0</ExchangeCount>
  <ProbOptimizeBetweenSets>0.01</ProbOptimizeBetweenSets>
  <ProbMutation>0.02</ProbMutation>
  <ProbOptimized>0</ProbOptimized>
  <ProbRandom>0.16</ProbRandom>
  <ProbOne>0.82</ProbOne>
  <SmallChange>0</SmallChange>
  <CValue>2</CValue>
  <CalibrateMultipleTimes>true</CalibrateMultipleTimes>
  <NumberOfCalibrations>200</NumberOfCalibrations>
  <Populations>
    <GAPPopulation>
      <Name>Population_1</Name>
      <ObjFunctionWeights>
        <ObjFunctionWeight>
          <ObjFunction>
            <Name>Reff</Name>
            <Index>-1</Index>
          </ObjFunction>
          <Weight>0.4</Weight>
        </ObjFunctionWeight>
        <ObjFunctionWeight>
          <ObjFunction>
            <Name>LogReff</Name>
            <Index>-1</Index>
          </ObjFunction>
          <Weight>0.4</Weight>
        </ObjFunctionWeight>
        <ObjFunctionWeight>
          <ObjFunction>
            <Name>VolumeError</Name>
            <Index>-1</Index>
          </ObjFunction>
          <Weight>0.2</Weight>
        </ObjFunctionWeight>
      </ObjFunctionWeights>
    </GAPPopulation>
  </Populations>
  <ObjFunctionUsage>UseOutlet</ObjFunctionUsage>
  <SubCatchmentWeights />
</GAPSimulation>