<?xml version="1.0" encoding="utf-8"?>
<Catchment xmlns:xsi="http://www.w3.org/2001/XMLSchema-instance" xmlns:xsd="http://www.w3.org/2001/XMLSchema">
  <CatchmentParameters>
    <KSI>0.001</KSI>
    <KGmin>0.05</KGmin>
    <RangeKG>0.1</RangeKG>
    <AG>0.1</AG>
    <PERC>4.3345766862340742</PERC>
    <Alpha>0</Alpha>
    <UZL>55.096641873129265</UZL>
    <K0>0.4807865479560644</K0>
    <K1>0.56521268732510532</K1>
    <K2>0.072262492998559386</K2>
    <MAXBAS>1</MAXBAS>
    <Cet>0</Cet>
    <PCALT>10</PCALT>
    <TCALT>0.6</TCALT>
    <Pelev>0</Pelev>
    <Telev>0</Telev>
    <PART>0.5</PART>
    <DELAY>1</DELAY>
  </CatchmentParameters>
  <VegetationZone>
    <VegetationZoneParameters>
      <TT>2.198118581045807</TT>
      <CFMAX>0.59363526491007634</CFMAX>
      <SP>0</SP>
      <SFCF>1.1903365235815167</SFCF>
      <CFR>0.057523070721154014</CFR>
      <CWH>0.14521168831441525</CWH>
      <CFGlacier>1</CFGlacier>
      <CFSlope>1</CFSlope>
      <FC>396.79731472614316</FC>
      <LP>0.76747827828495307</LP>
      <BETA>2.2977390129074635</BETA>
    </VegetationZoneParameters>
  </VegetationZone>
  <SubCatchment>
    <SubCatchmentParameters>
      <KSI>0.001</KSI>
      <KGmin>0.05</KGmin>
      <RangeKG>0.1</RangeKG>
      <AG>0.1</AG>
      <PERC>4.3345766862340742</PERC>
      <Alpha>0</Alpha>
      <UZL>55.096641873129265</UZL>
      <K0>0.4807865479560644</K0>
      <K1>0.56521268732510532</K1>
      <K2>0.072262492998559386</K2>
      <MAXBAS>1</MAXBAS>
      <Cet>0</Cet>
      <PCALT>10</PCALT>
      <TCALT>0.6</TCALT>
      <Pelev>0</Pelev>
      <Telev>0</Telev>
      <PART>0.5</PART>
      <DELAY>1</DELAY>
    </SubCatchmentParameters>
    <SubCatchmentVegetationZone>
      <SubCatchmentVegetationZoneParameters>
        <TT>2.198118581045807</TT>
        <CFMAX>0.59363526491007634</CFMAX>
        <SP>0</SP>
        <SFCF>1.1903365235815167</SFCF>
        <CFR>0.057523070721154014</CFR>
        <CWH>0.14521168831441525</CWH>
        <CFGlacier>1</CFGlacier>
        <CFSlope>1</CFSlope>
        <FC>396.79731472614316</FC>
        <LP>0.76747827828495307</LP>
        <BETA>2.2977390129074635</BETA>
      </SubCatchmentVegetationZoneParameters>
    </SubCatchmentVegetationZone>
  </SubCatchment>
</Catchment>