<?xml version="1.0" encoding="utf-8"?>
<Catchment xmlns:xsi="http://www.w3.org/2001/XMLSchema-instance" xmlns:xsd="http://www.w3.org/2001/XMLSchema">
  <CatchmentParameters>
    <KSI>0.001</KSI>
    <KGmin>0.05</KGmin>
    <RangeKG>0.1</RangeKG>
    <AG>0.1</AG>
    <PERC>4.439294316095884</PERC>
    <Alpha>0</Alpha>
    <UZL>95.992417991860023</UZL>
    <K0>0.11810557448389006</K0>
    <K1>0.52225002888481964</K1>
    <K2>0.071279615115126607</K2>
    <MAXBAS>1</MAXBAS>
    <Cet>0</Cet>
    <PCALT>10</PCALT>
    <TCALT>0.6</TCALT>
    <Pelev>0</Pelev>
    <Telev>0</Telev>
    <PART>0.5</PART>
    <DELAY>1</DELAY>
  </CatchmentParameters>
  <VegetationZone>
    <VegetationZoneParameters>
      <TT>1.8819946742821858</TT>
      <CFMAX>0.50000049446411987</CFMAX>
      <SP>0</SP>
      <SFCF>1.074816147430993</SFCF>
      <CFR>0.069174057092584187</CFR>
      <CWH>0.12187917907226639</CWH>
      <CFGlacier>1</CFGlacier>
      <CFSlope>1</CFSlope>
      <FC>297.49781401564644</FC>
      <LP>0.69019753100081982</LP>
      <BETA>2.1111142039538366</BETA>
    </VegetationZoneParameters>
  </VegetationZone>
  <SubCatchment>
    <SubCatchmentParameters>
      <KSI>0.001</KSI>
      <KGmin>0.05</KGmin>
      <RangeKG>0.1</RangeKG>
      <AG>0.1</AG>
      <PERC>4.439294316095884</PERC>
      <Alpha>0</Alpha>
      <UZL>95.992417991860023</UZL>
      <K0>0.11810557448389006</K0>
      <K1>0.52225002888481964</K1>
      <K2>0.071279615115126607</K2>
      <MAXBAS>1</MAXBAS>
      <Cet>0</Cet>
      <PCALT>10</PCALT>
      <TCALT>0.6</TCALT>
      <Pelev>0</Pelev>
      <Telev>0</Telev>
      <PART>0.5</PART>
      <DELAY>1</DELAY>
    </SubCatchmentParameters>
    <SubCatchmentVegetationZone>
      <SubCatchmentVegetationZoneParameters>
        <TT>1.8819946742821858</TT>
        <CFMAX>0.50000049446411987</CFMAX>
        <SP>0</SP>
        <SFCF>1.074816147430993</SFCF>
        <CFR>0.069174057092584187</CFR>
        <CWH>0.12187917907226639</CWH>
        <CFGlacier>1</CFGlacier>
        <CFSlope>1</CFSlope>
        <FC>297.49781401564644</FC>
        <LP>0.69019753100081982</LP>
        <BETA>2.1111142039538366</BETA>
      </SubCatchmentVegetationZoneParameters>
    </SubCatchmentVegetationZone>
  </SubCatchment>
</Catchment>