<?xml version="1.0" encoding="utf-8"?>
<Catchment xmlns:xsi="http://www.w3.org/2001/XMLSchema-instance" xmlns:xsd="http://www.w3.org/2001/XMLSchema">
  <CatchmentParameters>
    <KSI>0.001</KSI>
    <KGmin>0.05</KGmin>
    <RangeKG>0.1</RangeKG>
    <AG>0.1</AG>
    <PERC>9.999999438341888</PERC>
    <Alpha>0</Alpha>
    <UZL>137.09381812646566</UZL>
    <K0>0.12213936650597228</K0>
    <K1>0.4515649443162959</K1>
    <K2>0.10017451147927817</K2>
    <MAXBAS>1.18502324938835</MAXBAS>
    <Cet>0</Cet>
    <PCALT>10</PCALT>
    <TCALT>0.6</TCALT>
    <Pelev>0</Pelev>
    <Telev>0</Telev>
    <PART>0.5</PART>
    <DELAY>1</DELAY>
  </CatchmentParameters>
  <VegetationZone>
    <VegetationZoneParameters>
      <TT>1.2026933443986438</TT>
      <CFMAX>3.6408379333961278</CFMAX>
      <SP>0</SP>
      <SFCF>0.53105394810664419</SFCF>
      <CFR>0.0095958479032917984</CFR>
      <CWH>0.10001082723510965</CWH>
      <CFGlacier>1</CFGlacier>
      <CFSlope>1</CFSlope>
      <FC>93.006437318348375</FC>
      <LP>0.48837022876172947</LP>
      <BETA>3.1983965066703921</BETA>
    </VegetationZoneParameters>
  </VegetationZone>
  <SubCatchment>
    <SubCatchmentParameters>
      <KSI>0.001</KSI>
      <KGmin>0.05</KGmin>
      <RangeKG>0.1</RangeKG>
      <AG>0.1</AG>
      <PERC>9.999999438341888</PERC>
      <Alpha>0</Alpha>
      <UZL>137.09381812646566</UZL>
      <K0>0.12213936650597228</K0>
      <K1>0.4515649443162959</K1>
      <K2>0.10017451147927817</K2>
      <MAXBAS>1.18502324938835</MAXBAS>
      <Cet>0</Cet>
      <PCALT>10</PCALT>
      <TCALT>0.6</TCALT>
      <Pelev>0</Pelev>
      <Telev>0</Telev>
      <PART>0.5</PART>
      <DELAY>1</DELAY>
    </SubCatchmentParameters>
    <SubCatchmentVegetationZone>
      <SubCatchmentVegetationZoneParameters>
        <TT>1.2026933443986438</TT>
        <CFMAX>3.6408379333961278</CFMAX>
        <SP>0</SP>
        <SFCF>0.53105394810664419</SFCF>
        <CFR>0.0095958479032917984</CFR>
        <CWH>0.10001082723510965</CWH>
        <CFGlacier>1</CFGlacier>
        <CFSlope>1</CFSlope>
        <FC>93.006437318348375</FC>
        <LP>0.48837022876172947</LP>
        <BETA>3.1983965066703921</BETA>
      </SubCatchmentVegetationZoneParameters>
    </SubCatchmentVegetationZone>
  </SubCatchment>
</Catchment>