<?xml version="1.0" encoding="utf-8"?>
<Catchment xmlns:xsi="http://www.w3.org/2001/XMLSchema-instance" xmlns:xsd="http://www.w3.org/2001/XMLSchema">
  <CatchmentParameters>
    <KSI>0.001</KSI>
    <KGmin>0.05</KGmin>
    <RangeKG>0.1</RangeKG>
    <AG>0.1</AG>
    <PERC>9.99882521129141</PERC>
    <Alpha>0</Alpha>
    <UZL>22.341146448528505</UZL>
    <K0>0.9899389512718042</K0>
    <K1>0.51299037307980055</K1>
    <K2>0.14999539552332269</K2>
    <MAXBAS>1.3506557652758111</MAXBAS>
    <Cet>0</Cet>
    <PCALT>10</PCALT>
    <TCALT>0.6</TCALT>
    <Pelev>0</Pelev>
    <Telev>0</Telev>
    <PART>0.5</PART>
    <DELAY>1</DELAY>
  </CatchmentParameters>
  <VegetationZone>
    <VegetationZoneParameters>
      <TT>1.2222563737683043</TT>
      <CFMAX>3.6622753700628654</CFMAX>
      <SP>0</SP>
      <SFCF>0.50006397458157026</SFCF>
      <CFR>0.028057582838243007</CFR>
      <CWH>0.10000000128728522</CWH>
      <CFGlacier>1</CFGlacier>
      <CFSlope>1</CFSlope>
      <FC>106.74916993047377</FC>
      <LP>0.30000002431300754</LP>
      <BETA>2.2130478998410514</BETA>
    </VegetationZoneParameters>
  </VegetationZone>
  <SubCatchment>
    <SubCatchmentParameters>
      <KSI>0.001</KSI>
      <KGmin>0.05</KGmin>
      <RangeKG>0.1</RangeKG>
      <AG>0.1</AG>
      <PERC>9.99882521129141</PERC>
      <Alpha>0</Alpha>
      <UZL>22.341146448528505</UZL>
      <K0>0.9899389512718042</K0>
      <K1>0.51299037307980055</K1>
      <K2>0.14999539552332269</K2>
      <MAXBAS>1.3506557652758111</MAXBAS>
      <Cet>0</Cet>
      <PCALT>10</PCALT>
      <TCALT>0.6</TCALT>
      <Pelev>0</Pelev>
      <Telev>0</Telev>
      <PART>0.5</PART>
      <DELAY>1</DELAY>
    </SubCatchmentParameters>
    <SubCatchmentVegetationZone>
      <SubCatchmentVegetationZoneParameters>
        <TT>1.2222563737683043</TT>
        <CFMAX>3.6622753700628654</CFMAX>
        <SP>0</SP>
        <SFCF>0.50006397458157026</SFCF>
        <CFR>0.028057582838243007</CFR>
        <CWH>0.10000000128728522</CWH>
        <CFGlacier>1</CFGlacier>
        <CFSlope>1</CFSlope>
        <FC>106.74916993047377</FC>
        <LP>0.30000002431300754</LP>
        <BETA>2.2130478998410514</BETA>
      </SubCatchmentVegetationZoneParameters>
    </SubCatchmentVegetationZone>
  </SubCatchment>
</Catchment>