<?xml version="1.0" encoding="utf-8"?>
<Catchment xmlns:xsi="http://www.w3.org/2001/XMLSchema-instance" xmlns:xsd="http://www.w3.org/2001/XMLSchema">
  <CatchmentParameters>
    <KSI>0.001</KSI>
    <KGmin>0.05</KGmin>
    <RangeKG>0.1</RangeKG>
    <AG>0.1</AG>
    <PERC>5.2850318287383695</PERC>
    <Alpha>0</Alpha>
    <UZL>106.19031965448566</UZL>
    <K0>0.38544546268692015</K0>
    <K1>0.77886968971093351</K1>
    <K2>0.14999955044557878</K2>
    <MAXBAS>1.4134962219099108</MAXBAS>
    <Cet>0</Cet>
    <PCALT>10</PCALT>
    <TCALT>0.6</TCALT>
    <Pelev>0</Pelev>
    <Telev>0</Telev>
    <PART>0.5</PART>
    <DELAY>1</DELAY>
  </CatchmentParameters>
  <VegetationZone>
    <VegetationZoneParameters>
      <TT>2.3764304284843787</TT>
      <CFMAX>0.5081177929471028</CFMAX>
      <SP>0</SP>
      <SFCF>1.4999992802965037</SFCF>
      <CFR>0.026683081501268469</CFR>
      <CWH>0.12328613888701363</CWH>
      <CFGlacier>1</CFGlacier>
      <CFSlope>1</CFSlope>
      <FC>441.65665753662836</FC>
      <LP>0.88454555064288842</LP>
      <BETA>2.8774238034054695</BETA>
    </VegetationZoneParameters>
  </VegetationZone>
  <SubCatchment>
    <SubCatchmentParameters>
      <KSI>0.001</KSI>
      <KGmin>0.05</KGmin>
      <RangeKG>0.1</RangeKG>
      <AG>0.1</AG>
      <PERC>5.2850318287383695</PERC>
      <Alpha>0</Alpha>
      <UZL>106.19031965448566</UZL>
      <K0>0.38544546268692015</K0>
      <K1>0.77886968971093351</K1>
      <K2>0.14999955044557878</K2>
      <MAXBAS>1.4134962219099108</MAXBAS>
      <Cet>0</Cet>
      <PCALT>10</PCALT>
      <TCALT>0.6</TCALT>
      <Pelev>0</Pelev>
      <Telev>0</Telev>
      <PART>0.5</PART>
      <DELAY>1</DELAY>
    </SubCatchmentParameters>
    <SubCatchmentVegetationZone>
      <SubCatchmentVegetationZoneParameters>
        <TT>2.3764304284843787</TT>
        <CFMAX>0.5081177929471028</CFMAX>
        <SP>0</SP>
        <SFCF>1.4999992802965037</SFCF>
        <CFR>0.026683081501268469</CFR>
        <CWH>0.12328613888701363</CWH>
        <CFGlacier>1</CFGlacier>
        <CFSlope>1</CFSlope>
        <FC>441.65665753662836</FC>
        <LP>0.88454555064288842</LP>
        <BETA>2.8774238034054695</BETA>
      </SubCatchmentVegetationZoneParameters>
    </SubCatchmentVegetationZone>
  </SubCatchment>
</Catchment>