<?xml version="1.0" encoding="utf-8"?>
<Catchment xmlns:xsi="http://www.w3.org/2001/XMLSchema-instance" xmlns:xsd="http://www.w3.org/2001/XMLSchema">
  <CatchmentParameters>
    <KSI>0.001</KSI>
    <KGmin>0.05</KGmin>
    <RangeKG>0.1</RangeKG>
    <AG>0.1</AG>
    <PERC>4.21005025720951</PERC>
    <Alpha>0</Alpha>
    <UZL>190.39075059585662</UZL>
    <K0>0.58740427872939527</K0>
    <K1>0.52547594840306655</K1>
    <K2>0.074777133985106325</K2>
    <MAXBAS>1</MAXBAS>
    <Cet>0</Cet>
    <PCALT>10</PCALT>
    <TCALT>0.6</TCALT>
    <Pelev>0</Pelev>
    <Telev>0</Telev>
    <PART>0.5</PART>
    <DELAY>1</DELAY>
  </CatchmentParameters>
  <VegetationZone>
    <VegetationZoneParameters>
      <TT>0.80124759801145118</TT>
      <CFMAX>0.98576279740073791</CFMAX>
      <SP>0</SP>
      <SFCF>1.3768853034917612</SFCF>
      <CFR>0.039994219593382063</CFR>
      <CWH>0.19999367231698895</CWH>
      <CFGlacier>1</CFGlacier>
      <CFSlope>1</CFSlope>
      <FC>414.57361511087936</FC>
      <LP>0.89635922258837719</LP>
      <BETA>2.7166430528079242</BETA>
    </VegetationZoneParameters>
  </VegetationZone>
  <SubCatchment>
    <SubCatchmentParameters>
      <KSI>0.001</KSI>
      <KGmin>0.05</KGmin>
      <RangeKG>0.1</RangeKG>
      <AG>0.1</AG>
      <PERC>4.21005025720951</PERC>
      <Alpha>0</Alpha>
      <UZL>190.39075059585662</UZL>
      <K0>0.58740427872939527</K0>
      <K1>0.52547594840306655</K1>
      <K2>0.074777133985106325</K2>
      <MAXBAS>1</MAXBAS>
      <Cet>0</Cet>
      <PCALT>10</PCALT>
      <TCALT>0.6</TCALT>
      <Pelev>0</Pelev>
      <Telev>0</Telev>
      <PART>0.5</PART>
      <DELAY>1</DELAY>
    </SubCatchmentParameters>
    <SubCatchmentVegetationZone>
      <SubCatchmentVegetationZoneParameters>
        <TT>0.80124759801145118</TT>
        <CFMAX>0.98576279740073791</CFMAX>
        <SP>0</SP>
        <SFCF>1.3768853034917612</SFCF>
        <CFR>0.039994219593382063</CFR>
        <CWH>0.19999367231698895</CWH>
        <CFGlacier>1</CFGlacier>
        <CFSlope>1</CFSlope>
        <FC>414.57361511087936</FC>
        <LP>0.89635922258837719</LP>
        <BETA>2.7166430528079242</BETA>
      </SubCatchmentVegetationZoneParameters>
    </SubCatchmentVegetationZone>
  </SubCatchment>
</Catchment>