<?xml version="1.0" encoding="utf-8"?>
<Catchment xmlns:xsi="http://www.w3.org/2001/XMLSchema-instance" xmlns:xsd="http://www.w3.org/2001/XMLSchema">
  <CatchmentParameters>
    <KSI>0.001</KSI>
    <KGmin>0.05</KGmin>
    <RangeKG>0.1</RangeKG>
    <AG>0.1</AG>
    <PERC>6.0942977660480251</PERC>
    <Alpha>0</Alpha>
    <UZL>105.99440238915889</UZL>
    <K0>0.47589156482770822</K0>
    <K1>0.73918235524944964</K1>
    <K2>0.1499995667575513</K2>
    <MAXBAS>1.3982017524299557</MAXBAS>
    <Cet>0</Cet>
    <PCALT>10</PCALT>
    <TCALT>0.6</TCALT>
    <Pelev>0</Pelev>
    <Telev>0</Telev>
    <PART>0.5</PART>
    <DELAY>1</DELAY>
  </CatchmentParameters>
  <VegetationZone>
    <VegetationZoneParameters>
      <TT>2.4552035512956603</TT>
      <CFMAX>0.50202674472385422</CFMAX>
      <SP>0</SP>
      <SFCF>1.4999997431371952</SFCF>
      <CFR>0.001299422231690708</CFR>
      <CWH>0.10000109916804208</CWH>
      <CFGlacier>1</CFGlacier>
      <CFSlope>1</CFSlope>
      <FC>428.03241396445236</FC>
      <LP>0.89680364807080137</LP>
      <BETA>2.6733911921936335</BETA>
    </VegetationZoneParameters>
  </VegetationZone>
  <SubCatchment>
    <SubCatchmentParameters>
      <KSI>0.001</KSI>
      <KGmin>0.05</KGmin>
      <RangeKG>0.1</RangeKG>
      <AG>0.1</AG>
      <PERC>6.0942977660480251</PERC>
      <Alpha>0</Alpha>
      <UZL>105.99440238915889</UZL>
      <K0>0.47589156482770822</K0>
      <K1>0.73918235524944964</K1>
      <K2>0.1499995667575513</K2>
      <MAXBAS>1.3982017524299557</MAXBAS>
      <Cet>0</Cet>
      <PCALT>10</PCALT>
      <TCALT>0.6</TCALT>
      <Pelev>0</Pelev>
      <Telev>0</Telev>
      <PART>0.5</PART>
      <DELAY>1</DELAY>
    </SubCatchmentParameters>
    <SubCatchmentVegetationZone>
      <SubCatchmentVegetationZoneParameters>
        <TT>2.4552035512956603</TT>
        <CFMAX>0.50202674472385422</CFMAX>
        <SP>0</SP>
        <SFCF>1.4999997431371952</SFCF>
        <CFR>0.001299422231690708</CFR>
        <CWH>0.10000109916804208</CWH>
        <CFGlacier>1</CFGlacier>
        <CFSlope>1</CFSlope>
        <FC>428.03241396445236</FC>
        <LP>0.89680364807080137</LP>
        <BETA>2.6733911921936335</BETA>
      </SubCatchmentVegetationZoneParameters>
    </SubCatchmentVegetationZone>
  </SubCatchment>
</Catchment>