<?xml version="1.0" encoding="utf-8"?>
<Catchment xmlns:xsi="http://www.w3.org/2001/XMLSchema-instance" xmlns:xsd="http://www.w3.org/2001/XMLSchema">
  <CatchmentParameters>
    <KSI>0.001</KSI>
    <KGmin>0.05</KGmin>
    <RangeKG>0.1</RangeKG>
    <AG>0.1</AG>
    <PERC>5.1018474995841165</PERC>
    <Alpha>0</Alpha>
    <UZL>122.45574261676629</UZL>
    <K0>0.51804278588479669</K0>
    <K1>0.54244740291273918</K1>
    <K2>0.077145049676774574</K2>
    <MAXBAS>1</MAXBAS>
    <Cet>0</Cet>
    <PCALT>10</PCALT>
    <TCALT>0.6</TCALT>
    <Pelev>0</Pelev>
    <Telev>0</Telev>
    <PART>0.5</PART>
    <DELAY>1</DELAY>
  </CatchmentParameters>
  <VegetationZone>
    <VegetationZoneParameters>
      <TT>1.5006745666139134</TT>
      <CFMAX>0.510112339708951</CFMAX>
      <SP>0</SP>
      <SFCF>1.2329245489075473</SFCF>
      <CFR>0.099965142650319139</CFR>
      <CWH>0.10000081082914619</CWH>
      <CFGlacier>1</CFGlacier>
      <CFSlope>1</CFSlope>
      <FC>286.82022948827154</FC>
      <LP>0.89034306255860285</LP>
      <BETA>3.121350762109607</BETA>
    </VegetationZoneParameters>
  </VegetationZone>
  <SubCatchment>
    <SubCatchmentParameters>
      <KSI>0.001</KSI>
      <KGmin>0.05</KGmin>
      <RangeKG>0.1</RangeKG>
      <AG>0.1</AG>
      <PERC>5.1018474995841165</PERC>
      <Alpha>0</Alpha>
      <UZL>122.45574261676629</UZL>
      <K0>0.51804278588479669</K0>
      <K1>0.54244740291273918</K1>
      <K2>0.077145049676774574</K2>
      <MAXBAS>1</MAXBAS>
      <Cet>0</Cet>
      <PCALT>10</PCALT>
      <TCALT>0.6</TCALT>
      <Pelev>0</Pelev>
      <Telev>0</Telev>
      <PART>0.5</PART>
      <DELAY>1</DELAY>
    </SubCatchmentParameters>
    <SubCatchmentVegetationZone>
      <SubCatchmentVegetationZoneParameters>
        <TT>1.5006745666139134</TT>
        <CFMAX>0.510112339708951</CFMAX>
        <SP>0</SP>
        <SFCF>1.2329245489075473</SFCF>
        <CFR>0.099965142650319139</CFR>
        <CWH>0.10000081082914619</CWH>
        <CFGlacier>1</CFGlacier>
        <CFSlope>1</CFSlope>
        <FC>286.82022948827154</FC>
        <LP>0.89034306255860285</LP>
        <BETA>3.121350762109607</BETA>
      </SubCatchmentVegetationZoneParameters>
    </SubCatchmentVegetationZone>
  </SubCatchment>
</Catchment>