<?xml version="1.0" encoding="utf-8"?>
<Catchment xmlns:xsi="http://www.w3.org/2001/XMLSchema-instance" xmlns:xsd="http://www.w3.org/2001/XMLSchema">
  <CatchmentParameters>
    <KSI>0.001</KSI>
    <KGmin>0.05</KGmin>
    <RangeKG>0.1</RangeKG>
    <AG>0.1</AG>
    <PERC>4.9053609444807353</PERC>
    <Alpha>0</Alpha>
    <UZL>132.03057501222213</UZL>
    <K0>0.60511026789954225</K0>
    <K1>0.79999999181379122</K1>
    <K2>0.14999956947904491</K2>
    <MAXBAS>1.416880839358466</MAXBAS>
    <Cet>0</Cet>
    <PCALT>10</PCALT>
    <TCALT>0.6</TCALT>
    <Pelev>0</Pelev>
    <Telev>0</Telev>
    <PART>0.5</PART>
    <DELAY>1</DELAY>
  </CatchmentParameters>
  <VegetationZone>
    <VegetationZoneParameters>
      <TT>2.4974305679216835</TT>
      <CFMAX>0.52062670252519172</CFMAX>
      <SP>0</SP>
      <SFCF>1.4999993751221159</SFCF>
      <CFR>0.062455846689353951</CFR>
      <CWH>0.11997307952946439</CWH>
      <CFGlacier>1</CFGlacier>
      <CFSlope>1</CFSlope>
      <FC>404.60788827467314</FC>
      <LP>0.94069266246624539</LP>
      <BETA>3.6142604193064605</BETA>
    </VegetationZoneParameters>
  </VegetationZone>
  <SubCatchment>
    <SubCatchmentParameters>
      <KSI>0.001</KSI>
      <KGmin>0.05</KGmin>
      <RangeKG>0.1</RangeKG>
      <AG>0.1</AG>
      <PERC>4.9053609444807353</PERC>
      <Alpha>0</Alpha>
      <UZL>132.03057501222213</UZL>
      <K0>0.60511026789954225</K0>
      <K1>0.79999999181379122</K1>
      <K2>0.14999956947904491</K2>
      <MAXBAS>1.416880839358466</MAXBAS>
      <Cet>0</Cet>
      <PCALT>10</PCALT>
      <TCALT>0.6</TCALT>
      <Pelev>0</Pelev>
      <Telev>0</Telev>
      <PART>0.5</PART>
      <DELAY>1</DELAY>
    </SubCatchmentParameters>
    <SubCatchmentVegetationZone>
      <SubCatchmentVegetationZoneParameters>
        <TT>2.4974305679216835</TT>
        <CFMAX>0.52062670252519172</CFMAX>
        <SP>0</SP>
        <SFCF>1.4999993751221159</SFCF>
        <CFR>0.062455846689353951</CFR>
        <CWH>0.11997307952946439</CWH>
        <CFGlacier>1</CFGlacier>
        <CFSlope>1</CFSlope>
        <FC>404.60788827467314</FC>
        <LP>0.94069266246624539</LP>
        <BETA>3.6142604193064605</BETA>
      </SubCatchmentVegetationZoneParameters>
    </SubCatchmentVegetationZone>
  </SubCatchment>
</Catchment>