<?xml version="1.0" encoding="utf-8"?>
<Catchment xmlns:xsi="http://www.w3.org/2001/XMLSchema-instance" xmlns:xsd="http://www.w3.org/2001/XMLSchema">
  <CatchmentParameters>
    <KSI>0.001</KSI>
    <KGmin>0.05</KGmin>
    <RangeKG>0.1</RangeKG>
    <AG>0.1</AG>
    <PERC>6.0284702642832713</PERC>
    <Alpha>0</Alpha>
    <UZL>138.00933117802379</UZL>
    <K0>0.5638276683160377</K0>
    <K1>0.75639316874026874</K1>
    <K2>0.14999945500769785</K2>
    <MAXBAS>1.4134140705317111</MAXBAS>
    <Cet>0</Cet>
    <PCALT>10</PCALT>
    <TCALT>0.6</TCALT>
    <Pelev>0</Pelev>
    <Telev>0</Telev>
    <PART>0.5</PART>
    <DELAY>1</DELAY>
  </CatchmentParameters>
  <VegetationZone>
    <VegetationZoneParameters>
      <TT>2.4990558257346907</TT>
      <CFMAX>0.502786609170386</CFMAX>
      <SP>0</SP>
      <SFCF>1.4999992262613424</SFCF>
      <CFR>0.0071666095013577045</CFR>
      <CWH>0.10000436101525985</CWH>
      <CFGlacier>1</CFGlacier>
      <CFSlope>1</CFSlope>
      <FC>441.56527456232686</FC>
      <LP>0.83138780674271373</LP>
      <BETA>2.3285178178778478</BETA>
    </VegetationZoneParameters>
  </VegetationZone>
  <SubCatchment>
    <SubCatchmentParameters>
      <KSI>0.001</KSI>
      <KGmin>0.05</KGmin>
      <RangeKG>0.1</RangeKG>
      <AG>0.1</AG>
      <PERC>6.0284702642832713</PERC>
      <Alpha>0</Alpha>
      <UZL>138.00933117802379</UZL>
      <K0>0.5638276683160377</K0>
      <K1>0.75639316874026874</K1>
      <K2>0.14999945500769785</K2>
      <MAXBAS>1.4134140705317111</MAXBAS>
      <Cet>0</Cet>
      <PCALT>10</PCALT>
      <TCALT>0.6</TCALT>
      <Pelev>0</Pelev>
      <Telev>0</Telev>
      <PART>0.5</PART>
      <DELAY>1</DELAY>
    </SubCatchmentParameters>
    <SubCatchmentVegetationZone>
      <SubCatchmentVegetationZoneParameters>
        <TT>2.4990558257346907</TT>
        <CFMAX>0.502786609170386</CFMAX>
        <SP>0</SP>
        <SFCF>1.4999992262613424</SFCF>
        <CFR>0.0071666095013577045</CFR>
        <CWH>0.10000436101525985</CWH>
        <CFGlacier>1</CFGlacier>
        <CFSlope>1</CFSlope>
        <FC>441.56527456232686</FC>
        <LP>0.83138780674271373</LP>
        <BETA>2.3285178178778478</BETA>
      </SubCatchmentVegetationZoneParameters>
    </SubCatchmentVegetationZone>
  </SubCatchment>
</Catchment>