<?xml version="1.0" encoding="utf-8"?>
<Catchment xmlns:xsi="http://www.w3.org/2001/XMLSchema-instance" xmlns:xsd="http://www.w3.org/2001/XMLSchema">
  <CatchmentParameters>
    <KSI>0.001</KSI>
    <KGmin>0.05</KGmin>
    <RangeKG>0.1</RangeKG>
    <AG>0.1</AG>
    <PERC>5.114638737842486</PERC>
    <Alpha>0</Alpha>
    <UZL>118.44144381104499</UZL>
    <K0>0.52462289270031681</K0>
    <K1>0.76932766957085963</K1>
    <K2>0.1499999998202568</K2>
    <MAXBAS>1.4145149470608127</MAXBAS>
    <Cet>0</Cet>
    <PCALT>10</PCALT>
    <TCALT>0.6</TCALT>
    <Pelev>0</Pelev>
    <Telev>0</Telev>
    <PART>0.5</PART>
    <DELAY>1</DELAY>
  </CatchmentParameters>
  <VegetationZone>
    <VegetationZoneParameters>
      <TT>2.49945327146238</TT>
      <CFMAX>0.51909413614573552</CFMAX>
      <SP>0</SP>
      <SFCF>1.4999978819557052</SFCF>
      <CFR>0.05974680449090488</CFR>
      <CWH>0.10971370095929907</CWH>
      <CFGlacier>1</CFGlacier>
      <CFSlope>1</CFSlope>
      <FC>427.51736994931247</FC>
      <LP>0.82435412287740872</LP>
      <BETA>2.6237490981392533</BETA>
    </VegetationZoneParameters>
  </VegetationZone>
  <SubCatchment>
    <SubCatchmentParameters>
      <KSI>0.001</KSI>
      <KGmin>0.05</KGmin>
      <RangeKG>0.1</RangeKG>
      <AG>0.1</AG>
      <PERC>5.114638737842486</PERC>
      <Alpha>0</Alpha>
      <UZL>118.44144381104499</UZL>
      <K0>0.52462289270031681</K0>
      <K1>0.76932766957085963</K1>
      <K2>0.1499999998202568</K2>
      <MAXBAS>1.4145149470608127</MAXBAS>
      <Cet>0</Cet>
      <PCALT>10</PCALT>
      <TCALT>0.6</TCALT>
      <Pelev>0</Pelev>
      <Telev>0</Telev>
      <PART>0.5</PART>
      <DELAY>1</DELAY>
    </SubCatchmentParameters>
    <SubCatchmentVegetationZone>
      <SubCatchmentVegetationZoneParameters>
        <TT>2.49945327146238</TT>
        <CFMAX>0.51909413614573552</CFMAX>
        <SP>0</SP>
        <SFCF>1.4999978819557052</SFCF>
        <CFR>0.05974680449090488</CFR>
        <CWH>0.10971370095929907</CWH>
        <CFGlacier>1</CFGlacier>
        <CFSlope>1</CFSlope>
        <FC>427.51736994931247</FC>
        <LP>0.82435412287740872</LP>
        <BETA>2.6237490981392533</BETA>
      </SubCatchmentVegetationZoneParameters>
    </SubCatchmentVegetationZone>
  </SubCatchment>
</Catchment>