<?xml version="1.0" encoding="utf-8"?>
<Catchment xmlns:xsi="http://www.w3.org/2001/XMLSchema-instance" xmlns:xsd="http://www.w3.org/2001/XMLSchema">
  <CatchmentParameters>
    <KSI>0.001</KSI>
    <KGmin>0.05</KGmin>
    <RangeKG>0.1</RangeKG>
    <AG>0.1</AG>
    <PERC>4.9152018938341868</PERC>
    <Alpha>0</Alpha>
    <UZL>140.48166750509333</UZL>
    <K0>0.57673180007007774</K0>
    <K1>0.61690097324544779</K1>
    <K2>0.072619588991181316</K2>
    <MAXBAS>1</MAXBAS>
    <Cet>0</Cet>
    <PCALT>10</PCALT>
    <TCALT>0.6</TCALT>
    <Pelev>0</Pelev>
    <Telev>0</Telev>
    <PART>0.5</PART>
    <DELAY>1</DELAY>
  </CatchmentParameters>
  <VegetationZone>
    <VegetationZoneParameters>
      <TT>2.4043124811196268</TT>
      <CFMAX>0.50088572142484034</CFMAX>
      <SP>0</SP>
      <SFCF>0.9669756581540786</SFCF>
      <CFR>0.04383902684758572</CFR>
      <CWH>0.100044385015419</CWH>
      <CFGlacier>1</CFGlacier>
      <CFSlope>1</CFSlope>
      <FC>521.18305366101777</FC>
      <LP>0.71275115575044246</LP>
      <BETA>1.9733496420642609</BETA>
    </VegetationZoneParameters>
  </VegetationZone>
  <SubCatchment>
    <SubCatchmentParameters>
      <KSI>0.001</KSI>
      <KGmin>0.05</KGmin>
      <RangeKG>0.1</RangeKG>
      <AG>0.1</AG>
      <PERC>4.9152018938341868</PERC>
      <Alpha>0</Alpha>
      <UZL>140.48166750509333</UZL>
      <K0>0.57673180007007774</K0>
      <K1>0.61690097324544779</K1>
      <K2>0.072619588991181316</K2>
      <MAXBAS>1</MAXBAS>
      <Cet>0</Cet>
      <PCALT>10</PCALT>
      <TCALT>0.6</TCALT>
      <Pelev>0</Pelev>
      <Telev>0</Telev>
      <PART>0.5</PART>
      <DELAY>1</DELAY>
    </SubCatchmentParameters>
    <SubCatchmentVegetationZone>
      <SubCatchmentVegetationZoneParameters>
        <TT>2.4043124811196268</TT>
        <CFMAX>0.50088572142484034</CFMAX>
        <SP>0</SP>
        <SFCF>0.9669756581540786</SFCF>
        <CFR>0.04383902684758572</CFR>
        <CWH>0.100044385015419</CWH>
        <CFGlacier>1</CFGlacier>
        <CFSlope>1</CFSlope>
        <FC>521.18305366101777</FC>
        <LP>0.71275115575044246</LP>
        <BETA>1.9733496420642609</BETA>
      </SubCatchmentVegetationZoneParameters>
    </SubCatchmentVegetationZone>
  </SubCatchment>
</Catchment>