<?xml version="1.0" encoding="utf-8"?>
<Catchment xmlns:xsi="http://www.w3.org/2001/XMLSchema-instance" xmlns:xsd="http://www.w3.org/2001/XMLSchema">
  <CatchmentParameters>
    <KSI>0.001</KSI>
    <KGmin>0.05</KGmin>
    <RangeKG>0.1</RangeKG>
    <AG>0.1</AG>
    <PERC>5.1085919435591043</PERC>
    <Alpha>0</Alpha>
    <UZL>100.12036579485846</UZL>
    <K0>0.989803735714003</K0>
    <K1>0.77443850070035425</K1>
    <K2>0.14999980638270336</K2>
    <MAXBAS>1.4237837592795941</MAXBAS>
    <Cet>0</Cet>
    <PCALT>10</PCALT>
    <TCALT>0.6</TCALT>
    <Pelev>0</Pelev>
    <Telev>0</Telev>
    <PART>0.5</PART>
    <DELAY>1</DELAY>
  </CatchmentParameters>
  <VegetationZone>
    <VegetationZoneParameters>
      <TT>2.4947574189864827</TT>
      <CFMAX>0.54371169471142933</CFMAX>
      <SP>0</SP>
      <SFCF>1.4999993702818184</SFCF>
      <CFR>0.055966369714192839</CFR>
      <CWH>0.12443804588290278</CWH>
      <CFGlacier>1</CFGlacier>
      <CFSlope>1</CFSlope>
      <FC>418.13097443959475</FC>
      <LP>0.84494940126219442</LP>
      <BETA>2.7461219453727366</BETA>
    </VegetationZoneParameters>
  </VegetationZone>
  <SubCatchment>
    <SubCatchmentParameters>
      <KSI>0.001</KSI>
      <KGmin>0.05</KGmin>
      <RangeKG>0.1</RangeKG>
      <AG>0.1</AG>
      <PERC>5.1085919435591043</PERC>
      <Alpha>0</Alpha>
      <UZL>100.12036579485846</UZL>
      <K0>0.989803735714003</K0>
      <K1>0.77443850070035425</K1>
      <K2>0.14999980638270336</K2>
      <MAXBAS>1.4237837592795941</MAXBAS>
      <Cet>0</Cet>
      <PCALT>10</PCALT>
      <TCALT>0.6</TCALT>
      <Pelev>0</Pelev>
      <Telev>0</Telev>
      <PART>0.5</PART>
      <DELAY>1</DELAY>
    </SubCatchmentParameters>
    <SubCatchmentVegetationZone>
      <SubCatchmentVegetationZoneParameters>
        <TT>2.4947574189864827</TT>
        <CFMAX>0.54371169471142933</CFMAX>
        <SP>0</SP>
        <SFCF>1.4999993702818184</SFCF>
        <CFR>0.055966369714192839</CFR>
        <CWH>0.12443804588290278</CWH>
        <CFGlacier>1</CFGlacier>
        <CFSlope>1</CFSlope>
        <FC>418.13097443959475</FC>
        <LP>0.84494940126219442</LP>
        <BETA>2.7461219453727366</BETA>
      </SubCatchmentVegetationZoneParameters>
    </SubCatchmentVegetationZone>
  </SubCatchment>
</Catchment>