<?xml version="1.0" encoding="utf-8"?>
<Catchment xmlns:xsi="http://www.w3.org/2001/XMLSchema-instance" xmlns:xsd="http://www.w3.org/2001/XMLSchema">
  <CatchmentParameters>
    <KSI>0.001</KSI>
    <KGmin>0.05</KGmin>
    <RangeKG>0.1</RangeKG>
    <AG>0.1</AG>
    <PERC>5.9999805011798433</PERC>
    <Alpha>0</Alpha>
    <UZL>121.19803192595603</UZL>
    <K0>0.53081618430456046</K0>
    <K1>0.39326222117858389</K1>
    <K2>0.037601357120072065</K2>
    <MAXBAS>1</MAXBAS>
    <Cet>0</Cet>
    <PCALT>10</PCALT>
    <TCALT>0.6</TCALT>
    <Pelev>0</Pelev>
    <Telev>0</Telev>
    <PART>0.5</PART>
    <DELAY>1</DELAY>
  </CatchmentParameters>
  <VegetationZone>
    <VegetationZoneParameters>
      <TT>0.82352564102549886</TT>
      <CFMAX>4.9993198863389052</CFMAX>
      <SP>0</SP>
      <SFCF>0.56585125737504449</SFCF>
      <CFR>0.022168054924750782</CFR>
      <CWH>0.10001192389909609</CWH>
      <CFGlacier>1</CFGlacier>
      <CFSlope>1</CFSlope>
      <FC>117.83279109200961</FC>
      <LP>0.66242094422100217</LP>
      <BETA>3.1095953703540062</BETA>
    </VegetationZoneParameters>
  </VegetationZone>
  <SubCatchment>
    <SubCatchmentParameters>
      <KSI>0.001</KSI>
      <KGmin>0.05</KGmin>
      <RangeKG>0.1</RangeKG>
      <AG>0.1</AG>
      <PERC>5.9999805011798433</PERC>
      <Alpha>0</Alpha>
      <UZL>121.19803192595603</UZL>
      <K0>0.53081618430456046</K0>
      <K1>0.39326222117858389</K1>
      <K2>0.037601357120072065</K2>
      <MAXBAS>1</MAXBAS>
      <Cet>0</Cet>
      <PCALT>10</PCALT>
      <TCALT>0.6</TCALT>
      <Pelev>0</Pelev>
      <Telev>0</Telev>
      <PART>0.5</PART>
      <DELAY>1</DELAY>
    </SubCatchmentParameters>
    <SubCatchmentVegetationZone>
      <SubCatchmentVegetationZoneParameters>
        <TT>0.82352564102549886</TT>
        <CFMAX>4.9993198863389052</CFMAX>
        <SP>0</SP>
        <SFCF>0.56585125737504449</SFCF>
        <CFR>0.022168054924750782</CFR>
        <CWH>0.10001192389909609</CWH>
        <CFGlacier>1</CFGlacier>
        <CFSlope>1</CFSlope>
        <FC>117.83279109200961</FC>
        <LP>0.66242094422100217</LP>
        <BETA>3.1095953703540062</BETA>
      </SubCatchmentVegetationZoneParameters>
    </SubCatchmentVegetationZone>
  </SubCatchment>
</Catchment>