<?xml version="1.0" encoding="utf-8"?>
<Catchment xmlns:xsi="http://www.w3.org/2001/XMLSchema-instance" xmlns:xsd="http://www.w3.org/2001/XMLSchema">
  <CatchmentParameters>
    <KSI>0.001</KSI>
    <KGmin>0.05</KGmin>
    <RangeKG>0.1</RangeKG>
    <AG>0.1</AG>
    <PERC>9.9999841150044837</PERC>
    <Alpha>0</Alpha>
    <UZL>153.70490756787106</UZL>
    <K0>0.56353782486908544</K0>
    <K1>0.35871422919482326</K1>
    <K2>0.05482561295784754</K2>
    <MAXBAS>1.0006331117726182</MAXBAS>
    <Cet>0</Cet>
    <PCALT>10</PCALT>
    <TCALT>0.6</TCALT>
    <Pelev>0</Pelev>
    <Telev>0</Telev>
    <PART>0.5</PART>
    <DELAY>1</DELAY>
  </CatchmentParameters>
  <VegetationZone>
    <VegetationZoneParameters>
      <TT>-2.116930152608608</TT>
      <CFMAX>4.41292923902873</CFMAX>
      <SP>0</SP>
      <SFCF>0.500000262797099</SFCF>
      <CFR>0.058102894197110649</CFR>
      <CWH>0.15064665038057196</CWH>
      <CFGlacier>1</CFGlacier>
      <CFSlope>1</CFSlope>
      <FC>68.20587736601982</FC>
      <LP>0.30000000001153976</LP>
      <BETA>3.6408738142338546</BETA>
    </VegetationZoneParameters>
  </VegetationZone>
  <SubCatchment>
    <SubCatchmentParameters>
      <KSI>0.001</KSI>
      <KGmin>0.05</KGmin>
      <RangeKG>0.1</RangeKG>
      <AG>0.1</AG>
      <PERC>9.9999841150044837</PERC>
      <Alpha>0</Alpha>
      <UZL>153.70490756787106</UZL>
      <K0>0.56353782486908544</K0>
      <K1>0.35871422919482326</K1>
      <K2>0.05482561295784754</K2>
      <MAXBAS>1.0006331117726182</MAXBAS>
      <Cet>0</Cet>
      <PCALT>10</PCALT>
      <TCALT>0.6</TCALT>
      <Pelev>0</Pelev>
      <Telev>0</Telev>
      <PART>0.5</PART>
      <DELAY>1</DELAY>
    </SubCatchmentParameters>
    <SubCatchmentVegetationZone>
      <SubCatchmentVegetationZoneParameters>
        <TT>-2.116930152608608</TT>
        <CFMAX>4.41292923902873</CFMAX>
        <SP>0</SP>
        <SFCF>0.500000262797099</SFCF>
        <CFR>0.058102894197110649</CFR>
        <CWH>0.15064665038057196</CWH>
        <CFGlacier>1</CFGlacier>
        <CFSlope>1</CFSlope>
        <FC>68.20587736601982</FC>
        <LP>0.30000000001153976</LP>
        <BETA>3.6408738142338546</BETA>
      </SubCatchmentVegetationZoneParameters>
    </SubCatchmentVegetationZone>
  </SubCatchment>
</Catchment>