<?xml version="1.0" encoding="utf-8"?>
<Catchment xmlns:xsi="http://www.w3.org/2001/XMLSchema-instance" xmlns:xsd="http://www.w3.org/2001/XMLSchema">
  <CatchmentParameters>
    <KSI>0.001</KSI>
    <KGmin>0.05</KGmin>
    <RangeKG>0.1</RangeKG>
    <AG>0.1</AG>
    <PERC>4.9680666225448125</PERC>
    <Alpha>0</Alpha>
    <UZL>4.4397898562543077</UZL>
    <K0>0.6499857151858407</K0>
    <K1>0.4571973714020397</K1>
    <K2>0.14999971162694667</K2>
    <MAXBAS>1.5137313280339311</MAXBAS>
    <Cet>0</Cet>
    <PCALT>10</PCALT>
    <TCALT>0.6</TCALT>
    <Pelev>0</Pelev>
    <Telev>0</Telev>
    <PART>0.5</PART>
    <DELAY>1</DELAY>
  </CatchmentParameters>
  <VegetationZone>
    <VegetationZoneParameters>
      <TT>2.2241236821972246</TT>
      <CFMAX>0.50572201833572417</CFMAX>
      <SP>0</SP>
      <SFCF>1.4999983910552954</SFCF>
      <CFR>0.099019816311986655</CFR>
      <CWH>0.10000024812756632</CWH>
      <CFGlacier>1</CFGlacier>
      <CFSlope>1</CFSlope>
      <FC>433.01533532477612</FC>
      <LP>0.97718926852247812</LP>
      <BETA>3.8088532632339511</BETA>
    </VegetationZoneParameters>
  </VegetationZone>
  <SubCatchment>
    <SubCatchmentParameters>
      <KSI>0.001</KSI>
      <KGmin>0.05</KGmin>
      <RangeKG>0.1</RangeKG>
      <AG>0.1</AG>
      <PERC>4.9680666225448125</PERC>
      <Alpha>0</Alpha>
      <UZL>4.4397898562543077</UZL>
      <K0>0.6499857151858407</K0>
      <K1>0.4571973714020397</K1>
      <K2>0.14999971162694667</K2>
      <MAXBAS>1.5137313280339311</MAXBAS>
      <Cet>0</Cet>
      <PCALT>10</PCALT>
      <TCALT>0.6</TCALT>
      <Pelev>0</Pelev>
      <Telev>0</Telev>
      <PART>0.5</PART>
      <DELAY>1</DELAY>
    </SubCatchmentParameters>
    <SubCatchmentVegetationZone>
      <SubCatchmentVegetationZoneParameters>
        <TT>2.2241236821972246</TT>
        <CFMAX>0.50572201833572417</CFMAX>
        <SP>0</SP>
        <SFCF>1.4999983910552954</SFCF>
        <CFR>0.099019816311986655</CFR>
        <CWH>0.10000024812756632</CWH>
        <CFGlacier>1</CFGlacier>
        <CFSlope>1</CFSlope>
        <FC>433.01533532477612</FC>
        <LP>0.97718926852247812</LP>
        <BETA>3.8088532632339511</BETA>
      </SubCatchmentVegetationZoneParameters>
    </SubCatchmentVegetationZone>
  </SubCatchment>
</Catchment>