<?xml version="1.0" encoding="utf-8"?>
<Catchment xmlns:xsi="http://www.w3.org/2001/XMLSchema-instance" xmlns:xsd="http://www.w3.org/2001/XMLSchema">
  <CatchmentParameters>
    <KSI>0.001</KSI>
    <KGmin>0.05</KGmin>
    <RangeKG>0.1</RangeKG>
    <AG>0.1</AG>
    <PERC>5.9851166441276735</PERC>
    <Alpha>0</Alpha>
    <UZL>131.94513849723859</UZL>
    <K0>0.1319464519861055</K0>
    <K1>0.789841152166853</K1>
    <K2>0.149999631602302</K2>
    <MAXBAS>1.4195902750414136</MAXBAS>
    <Cet>0</Cet>
    <PCALT>10</PCALT>
    <TCALT>0.6</TCALT>
    <Pelev>0</Pelev>
    <Telev>0</Telev>
    <PART>0.5</PART>
    <DELAY>1</DELAY>
  </CatchmentParameters>
  <VegetationZone>
    <VegetationZoneParameters>
      <TT>2.4359109249766391</TT>
      <CFMAX>0.51214531406451114</CFMAX>
      <SP>0</SP>
      <SFCF>1.4999983414970062</SFCF>
      <CFR>0.0834538715546494</CFR>
      <CWH>0.1000045517626801</CWH>
      <CFGlacier>1</CFGlacier>
      <CFSlope>1</CFSlope>
      <FC>413.49548523464728</FC>
      <LP>0.897698916114156</LP>
      <BETA>2.8386031768914992</BETA>
    </VegetationZoneParameters>
  </VegetationZone>
  <SubCatchment>
    <SubCatchmentParameters>
      <KSI>0.001</KSI>
      <KGmin>0.05</KGmin>
      <RangeKG>0.1</RangeKG>
      <AG>0.1</AG>
      <PERC>5.9851166441276735</PERC>
      <Alpha>0</Alpha>
      <UZL>131.94513849723859</UZL>
      <K0>0.1319464519861055</K0>
      <K1>0.789841152166853</K1>
      <K2>0.149999631602302</K2>
      <MAXBAS>1.4195902750414136</MAXBAS>
      <Cet>0</Cet>
      <PCALT>10</PCALT>
      <TCALT>0.6</TCALT>
      <Pelev>0</Pelev>
      <Telev>0</Telev>
      <PART>0.5</PART>
      <DELAY>1</DELAY>
    </SubCatchmentParameters>
    <SubCatchmentVegetationZone>
      <SubCatchmentVegetationZoneParameters>
        <TT>2.4359109249766391</TT>
        <CFMAX>0.51214531406451114</CFMAX>
        <SP>0</SP>
        <SFCF>1.4999983414970062</SFCF>
        <CFR>0.0834538715546494</CFR>
        <CWH>0.1000045517626801</CWH>
        <CFGlacier>1</CFGlacier>
        <CFSlope>1</CFSlope>
        <FC>413.49548523464728</FC>
        <LP>0.897698916114156</LP>
        <BETA>2.8386031768914992</BETA>
      </SubCatchmentVegetationZoneParameters>
    </SubCatchmentVegetationZone>
  </SubCatchment>
</Catchment>