<?xml version="1.0" encoding="utf-8"?>
<Catchment xmlns:xsi="http://www.w3.org/2001/XMLSchema-instance" xmlns:xsd="http://www.w3.org/2001/XMLSchema">
  <CatchmentParameters>
    <KSI>0.001</KSI>
    <KGmin>0.05</KGmin>
    <RangeKG>0.1</RangeKG>
    <AG>0.1</AG>
    <PERC>5.0369352274825179</PERC>
    <Alpha>0</Alpha>
    <UZL>128.86244782537435</UZL>
    <K0>0.12218239962731117</K0>
    <K1>0.79999892165567954</K1>
    <K2>0.1499992015597495</K2>
    <MAXBAS>1.4110522732084709</MAXBAS>
    <Cet>0</Cet>
    <PCALT>10</PCALT>
    <TCALT>0.6</TCALT>
    <Pelev>0</Pelev>
    <Telev>0</Telev>
    <PART>0.5</PART>
    <DELAY>1</DELAY>
  </CatchmentParameters>
  <VegetationZone>
    <VegetationZoneParameters>
      <TT>2.4997615229302665</TT>
      <CFMAX>0.52553293913559063</CFMAX>
      <SP>0</SP>
      <SFCF>1.4999991822338739</SFCF>
      <CFR>0.083166627406518978</CFR>
      <CWH>0.12500922740928341</CWH>
      <CFGlacier>1</CFGlacier>
      <CFSlope>1</CFSlope>
      <FC>402.57920339103748</FC>
      <LP>0.95097872211353152</LP>
      <BETA>3.7321739423997036</BETA>
    </VegetationZoneParameters>
  </VegetationZone>
  <SubCatchment>
    <SubCatchmentParameters>
      <KSI>0.001</KSI>
      <KGmin>0.05</KGmin>
      <RangeKG>0.1</RangeKG>
      <AG>0.1</AG>
      <PERC>5.0369352274825179</PERC>
      <Alpha>0</Alpha>
      <UZL>128.86244782537435</UZL>
      <K0>0.12218239962731117</K0>
      <K1>0.79999892165567954</K1>
      <K2>0.1499992015597495</K2>
      <MAXBAS>1.4110522732084709</MAXBAS>
      <Cet>0</Cet>
      <PCALT>10</PCALT>
      <TCALT>0.6</TCALT>
      <Pelev>0</Pelev>
      <Telev>0</Telev>
      <PART>0.5</PART>
      <DELAY>1</DELAY>
    </SubCatchmentParameters>
    <SubCatchmentVegetationZone>
      <SubCatchmentVegetationZoneParameters>
        <TT>2.4997615229302665</TT>
        <CFMAX>0.52553293913559063</CFMAX>
        <SP>0</SP>
        <SFCF>1.4999991822338739</SFCF>
        <CFR>0.083166627406518978</CFR>
        <CWH>0.12500922740928341</CWH>
        <CFGlacier>1</CFGlacier>
        <CFSlope>1</CFSlope>
        <FC>402.57920339103748</FC>
        <LP>0.95097872211353152</LP>
        <BETA>3.7321739423997036</BETA>
      </SubCatchmentVegetationZoneParameters>
    </SubCatchmentVegetationZone>
  </SubCatchment>
</Catchment>