<?xml version="1.0" encoding="utf-8"?>
<Catchment xmlns:xsi="http://www.w3.org/2001/XMLSchema-instance" xmlns:xsd="http://www.w3.org/2001/XMLSchema">
  <CatchmentParameters>
    <KSI>0.001</KSI>
    <KGmin>0.05</KGmin>
    <RangeKG>0.1</RangeKG>
    <AG>0.1</AG>
    <PERC>6.957227361405554</PERC>
    <Alpha>0</Alpha>
    <UZL>18.537950064252936</UZL>
    <K0>0.9899999750978804</K0>
    <K1>0.51380336219874811</K1>
    <K2>0.14999995342278252</K2>
    <MAXBAS>1.4061565986567544</MAXBAS>
    <Cet>0</Cet>
    <PCALT>10</PCALT>
    <TCALT>0.6</TCALT>
    <Pelev>0</Pelev>
    <Telev>0</Telev>
    <PART>0.5</PART>
    <DELAY>1</DELAY>
  </CatchmentParameters>
  <VegetationZone>
    <VegetationZoneParameters>
      <TT>1.22918616723398</TT>
      <CFMAX>3.7525824138757691</CFMAX>
      <SP>0</SP>
      <SFCF>0.50001312141262666</SFCF>
      <CFR>0.0632053375246946</CFR>
      <CWH>0.100017655740383</CWH>
      <CFGlacier>1</CFGlacier>
      <CFSlope>1</CFSlope>
      <FC>138.37987685300226</FC>
      <LP>0.30000001682134064</LP>
      <BETA>1.6616914868908128</BETA>
    </VegetationZoneParameters>
  </VegetationZone>
  <SubCatchment>
    <SubCatchmentParameters>
      <KSI>0.001</KSI>
      <KGmin>0.05</KGmin>
      <RangeKG>0.1</RangeKG>
      <AG>0.1</AG>
      <PERC>6.957227361405554</PERC>
      <Alpha>0</Alpha>
      <UZL>18.537950064252936</UZL>
      <K0>0.9899999750978804</K0>
      <K1>0.51380336219874811</K1>
      <K2>0.14999995342278252</K2>
      <MAXBAS>1.4061565986567544</MAXBAS>
      <Cet>0</Cet>
      <PCALT>10</PCALT>
      <TCALT>0.6</TCALT>
      <Pelev>0</Pelev>
      <Telev>0</Telev>
      <PART>0.5</PART>
      <DELAY>1</DELAY>
    </SubCatchmentParameters>
    <SubCatchmentVegetationZone>
      <SubCatchmentVegetationZoneParameters>
        <TT>1.22918616723398</TT>
        <CFMAX>3.7525824138757691</CFMAX>
        <SP>0</SP>
        <SFCF>0.50001312141262666</SFCF>
        <CFR>0.0632053375246946</CFR>
        <CWH>0.100017655740383</CWH>
        <CFGlacier>1</CFGlacier>
        <CFSlope>1</CFSlope>
        <FC>138.37987685300226</FC>
        <LP>0.30000001682134064</LP>
        <BETA>1.6616914868908128</BETA>
      </SubCatchmentVegetationZoneParameters>
    </SubCatchmentVegetationZone>
  </SubCatchment>
</Catchment>