<?xml version="1.0" encoding="utf-8"?>
<Catchment xmlns:xsi="http://www.w3.org/2001/XMLSchema-instance" xmlns:xsd="http://www.w3.org/2001/XMLSchema">
  <CatchmentParameters>
    <KSI>0.001</KSI>
    <KGmin>0.05</KGmin>
    <RangeKG>0.1</RangeKG>
    <AG>0.1</AG>
    <PERC>9.999995959230418</PERC>
    <Alpha>0</Alpha>
    <UZL>178.18478288460943</UZL>
    <K0>0.40022804139492435</K0>
    <K1>0.48218195509081274</K1>
    <K2>0.086962321226820169</K2>
    <MAXBAS>1.2728672193385455</MAXBAS>
    <Cet>0</Cet>
    <PCALT>10</PCALT>
    <TCALT>0.6</TCALT>
    <Pelev>0</Pelev>
    <Telev>0</Telev>
    <PART>0.5</PART>
    <DELAY>1</DELAY>
  </CatchmentParameters>
  <VegetationZone>
    <VegetationZoneParameters>
      <TT>-1.0260962427741434</TT>
      <CFMAX>1.2049659698418391</CFMAX>
      <SP>0</SP>
      <SFCF>0.50000017323907764</SFCF>
      <CFR>0.068722887747910619</CFR>
      <CWH>0.19976326496010038</CWH>
      <CFGlacier>1</CFGlacier>
      <CFSlope>1</CFSlope>
      <FC>81.974178847432739</FC>
      <LP>0.30000007718705146</LP>
      <BETA>2.6576931488218327</BETA>
    </VegetationZoneParameters>
  </VegetationZone>
  <SubCatchment>
    <SubCatchmentParameters>
      <KSI>0.001</KSI>
      <KGmin>0.05</KGmin>
      <RangeKG>0.1</RangeKG>
      <AG>0.1</AG>
      <PERC>9.999995959230418</PERC>
      <Alpha>0</Alpha>
      <UZL>178.18478288460943</UZL>
      <K0>0.40022804139492435</K0>
      <K1>0.48218195509081274</K1>
      <K2>0.086962321226820169</K2>
      <MAXBAS>1.2728672193385455</MAXBAS>
      <Cet>0</Cet>
      <PCALT>10</PCALT>
      <TCALT>0.6</TCALT>
      <Pelev>0</Pelev>
      <Telev>0</Telev>
      <PART>0.5</PART>
      <DELAY>1</DELAY>
    </SubCatchmentParameters>
    <SubCatchmentVegetationZone>
      <SubCatchmentVegetationZoneParameters>
        <TT>-1.0260962427741434</TT>
        <CFMAX>1.2049659698418391</CFMAX>
        <SP>0</SP>
        <SFCF>0.50000017323907764</SFCF>
        <CFR>0.068722887747910619</CFR>
        <CWH>0.19976326496010038</CWH>
        <CFGlacier>1</CFGlacier>
        <CFSlope>1</CFSlope>
        <FC>81.974178847432739</FC>
        <LP>0.30000007718705146</LP>
        <BETA>2.6576931488218327</BETA>
      </SubCatchmentVegetationZoneParameters>
    </SubCatchmentVegetationZone>
  </SubCatchment>
</Catchment>