<?xml version="1.0" encoding="utf-8"?>
<Catchment xmlns:xsi="http://www.w3.org/2001/XMLSchema-instance" xmlns:xsd="http://www.w3.org/2001/XMLSchema">
  <CatchmentParameters>
    <KSI>0.001</KSI>
    <KGmin>0.05</KGmin>
    <RangeKG>0.1</RangeKG>
    <AG>0.1</AG>
    <PERC>5.3258544445856719</PERC>
    <Alpha>0</Alpha>
    <UZL>89.695029841624134</UZL>
    <K0>0.25610032406874844</K0>
    <K1>0.71901608402623729</K1>
    <K2>0.14999999999812555</K2>
    <MAXBAS>1.3164069788554362</MAXBAS>
    <Cet>0</Cet>
    <PCALT>10</PCALT>
    <TCALT>0.6</TCALT>
    <Pelev>0</Pelev>
    <Telev>0</Telev>
    <PART>0.5</PART>
    <DELAY>1</DELAY>
  </CatchmentParameters>
  <VegetationZone>
    <VegetationZoneParameters>
      <TT>2.4618161601946174</TT>
      <CFMAX>0.51000776102788614</CFMAX>
      <SP>0</SP>
      <SFCF>1.4999993901060014</SFCF>
      <CFR>0.053503379149046938</CFR>
      <CWH>0.10000143672288418</CWH>
      <CFGlacier>1</CFGlacier>
      <CFSlope>1</CFSlope>
      <FC>404.97676102540174</FC>
      <LP>0.96032677593163285</LP>
      <BETA>3.6422304479919436</BETA>
    </VegetationZoneParameters>
  </VegetationZone>
  <SubCatchment>
    <SubCatchmentParameters>
      <KSI>0.001</KSI>
      <KGmin>0.05</KGmin>
      <RangeKG>0.1</RangeKG>
      <AG>0.1</AG>
      <PERC>5.3258544445856719</PERC>
      <Alpha>0</Alpha>
      <UZL>89.695029841624134</UZL>
      <K0>0.25610032406874844</K0>
      <K1>0.71901608402623729</K1>
      <K2>0.14999999999812555</K2>
      <MAXBAS>1.3164069788554362</MAXBAS>
      <Cet>0</Cet>
      <PCALT>10</PCALT>
      <TCALT>0.6</TCALT>
      <Pelev>0</Pelev>
      <Telev>0</Telev>
      <PART>0.5</PART>
      <DELAY>1</DELAY>
    </SubCatchmentParameters>
    <SubCatchmentVegetationZone>
      <SubCatchmentVegetationZoneParameters>
        <TT>2.4618161601946174</TT>
        <CFMAX>0.51000776102788614</CFMAX>
        <SP>0</SP>
        <SFCF>1.4999993901060014</SFCF>
        <CFR>0.053503379149046938</CFR>
        <CWH>0.10000143672288418</CWH>
        <CFGlacier>1</CFGlacier>
        <CFSlope>1</CFSlope>
        <FC>404.97676102540174</FC>
        <LP>0.96032677593163285</LP>
        <BETA>3.6422304479919436</BETA>
      </SubCatchmentVegetationZoneParameters>
    </SubCatchmentVegetationZone>
  </SubCatchment>
</Catchment>