<?xml version="1.0" encoding="utf-8"?>
<Catchment xmlns:xsi="http://www.w3.org/2001/XMLSchema-instance" xmlns:xsd="http://www.w3.org/2001/XMLSchema">
  <CatchmentParameters>
    <KSI>0.001</KSI>
    <KGmin>0.05</KGmin>
    <RangeKG>0.1</RangeKG>
    <AG>0.1</AG>
    <PERC>6.407212356467415</PERC>
    <Alpha>0</Alpha>
    <UZL>40.291183133384948</UZL>
    <K0>0.296935368072812</K0>
    <K1>0.6429798533754848</K1>
    <K2>0.14999968261956687</K2>
    <MAXBAS>1.3627494811186891</MAXBAS>
    <Cet>0</Cet>
    <PCALT>10</PCALT>
    <TCALT>0.6</TCALT>
    <Pelev>0</Pelev>
    <Telev>0</Telev>
    <PART>0.5</PART>
    <DELAY>1</DELAY>
  </CatchmentParameters>
  <VegetationZone>
    <VegetationZoneParameters>
      <TT>1.1246498647808434</TT>
      <CFMAX>2.7755713822836383</CFMAX>
      <SP>0</SP>
      <SFCF>0.50799623290944573</SFCF>
      <CFR>0.0999953259872715</CFR>
      <CWH>0.10000013927433507</CWH>
      <CFGlacier>1</CFGlacier>
      <CFSlope>1</CFSlope>
      <FC>143.32073990621291</FC>
      <LP>0.30000002198117681</LP>
      <BETA>1.6546422424516492</BETA>
    </VegetationZoneParameters>
  </VegetationZone>
  <SubCatchment>
    <SubCatchmentParameters>
      <KSI>0.001</KSI>
      <KGmin>0.05</KGmin>
      <RangeKG>0.1</RangeKG>
      <AG>0.1</AG>
      <PERC>6.407212356467415</PERC>
      <Alpha>0</Alpha>
      <UZL>40.291183133384948</UZL>
      <K0>0.296935368072812</K0>
      <K1>0.6429798533754848</K1>
      <K2>0.14999968261956687</K2>
      <MAXBAS>1.3627494811186891</MAXBAS>
      <Cet>0</Cet>
      <PCALT>10</PCALT>
      <TCALT>0.6</TCALT>
      <Pelev>0</Pelev>
      <Telev>0</Telev>
      <PART>0.5</PART>
      <DELAY>1</DELAY>
    </SubCatchmentParameters>
    <SubCatchmentVegetationZone>
      <SubCatchmentVegetationZoneParameters>
        <TT>1.1246498647808434</TT>
        <CFMAX>2.7755713822836383</CFMAX>
        <SP>0</SP>
        <SFCF>0.50799623290944573</SFCF>
        <CFR>0.0999953259872715</CFR>
        <CWH>0.10000013927433507</CWH>
        <CFGlacier>1</CFGlacier>
        <CFSlope>1</CFSlope>
        <FC>143.32073990621291</FC>
        <LP>0.30000002198117681</LP>
        <BETA>1.6546422424516492</BETA>
      </SubCatchmentVegetationZoneParameters>
    </SubCatchmentVegetationZone>
  </SubCatchment>
</Catchment>