<?xml version="1.0" encoding="utf-8"?>
<Catchment xmlns:xsi="http://www.w3.org/2001/XMLSchema-instance" xmlns:xsd="http://www.w3.org/2001/XMLSchema">
  <CatchmentParameters>
    <KSI>0.001</KSI>
    <KGmin>0.05</KGmin>
    <RangeKG>0.1</RangeKG>
    <AG>0.1</AG>
    <PERC>4.8179813083156651</PERC>
    <Alpha>0</Alpha>
    <UZL>85.497467583654341</UZL>
    <K0>0.18724231642513428</K0>
    <K1>0.668049641999539</K1>
    <K2>0.076610628119544555</K2>
    <MAXBAS>1</MAXBAS>
    <Cet>0</Cet>
    <PCALT>10</PCALT>
    <TCALT>0.6</TCALT>
    <Pelev>0</Pelev>
    <Telev>0</Telev>
    <PART>0.5</PART>
    <DELAY>1</DELAY>
  </CatchmentParameters>
  <VegetationZone>
    <VegetationZoneParameters>
      <TT>1.1340226494229819</TT>
      <CFMAX>0.50000125383496463</CFMAX>
      <SP>0</SP>
      <SFCF>1.2580480786639732</SFCF>
      <CFR>0.061819828921582741</CFR>
      <CWH>0.15748202265228339</CWH>
      <CFGlacier>1</CFGlacier>
      <CFSlope>1</CFSlope>
      <FC>1710.6629668765522</FC>
      <LP>0.88331403596514557</LP>
      <BETA>2.9561441225735363</BETA>
    </VegetationZoneParameters>
  </VegetationZone>
  <SubCatchment>
    <SubCatchmentParameters>
      <KSI>0.001</KSI>
      <KGmin>0.05</KGmin>
      <RangeKG>0.1</RangeKG>
      <AG>0.1</AG>
      <PERC>4.8179813083156651</PERC>
      <Alpha>0</Alpha>
      <UZL>85.497467583654341</UZL>
      <K0>0.18724231642513428</K0>
      <K1>0.668049641999539</K1>
      <K2>0.076610628119544555</K2>
      <MAXBAS>1</MAXBAS>
      <Cet>0</Cet>
      <PCALT>10</PCALT>
      <TCALT>0.6</TCALT>
      <Pelev>0</Pelev>
      <Telev>0</Telev>
      <PART>0.5</PART>
      <DELAY>1</DELAY>
    </SubCatchmentParameters>
    <SubCatchmentVegetationZone>
      <SubCatchmentVegetationZoneParameters>
        <TT>1.1340226494229819</TT>
        <CFMAX>0.50000125383496463</CFMAX>
        <SP>0</SP>
        <SFCF>1.2580480786639732</SFCF>
        <CFR>0.061819828921582741</CFR>
        <CWH>0.15748202265228339</CWH>
        <CFGlacier>1</CFGlacier>
        <CFSlope>1</CFSlope>
        <FC>1710.6629668765522</FC>
        <LP>0.88331403596514557</LP>
        <BETA>2.9561441225735363</BETA>
      </SubCatchmentVegetationZoneParameters>
    </SubCatchmentVegetationZone>
  </SubCatchment>
</Catchment>