<?xml version="1.0" encoding="utf-8"?>
<Catchment xmlns:xsi="http://www.w3.org/2001/XMLSchema-instance" xmlns:xsd="http://www.w3.org/2001/XMLSchema">
  <CatchmentParameters>
    <KSI>0.001</KSI>
    <KGmin>0.05</KGmin>
    <RangeKG>0.1</RangeKG>
    <AG>0.1</AG>
    <PERC>5.3874250103973074</PERC>
    <Alpha>0</Alpha>
    <UZL>8.8181971467890481</UZL>
    <K0>0.98999664138149357</K0>
    <K1>0.6767404724517565</K1>
    <K2>0.069130187567719256</K2>
    <MAXBAS>1</MAXBAS>
    <Cet>0</Cet>
    <PCALT>10</PCALT>
    <TCALT>0.6</TCALT>
    <Pelev>0</Pelev>
    <Telev>0</Telev>
    <PART>0.5</PART>
    <DELAY>1</DELAY>
  </CatchmentParameters>
  <VegetationZone>
    <VegetationZoneParameters>
      <TT>-0.624139856784617</TT>
      <CFMAX>0.5000000959678097</CFMAX>
      <SP>0</SP>
      <SFCF>1.4999577696418505</SFCF>
      <CFR>0.099011633757120715</CFR>
      <CWH>0.19997819287292856</CWH>
      <CFGlacier>1</CFGlacier>
      <CFSlope>1</CFSlope>
      <FC>2086.1982117982216</FC>
      <LP>0.9336810310048802</LP>
      <BETA>3.383289269950323</BETA>
    </VegetationZoneParameters>
  </VegetationZone>
  <SubCatchment>
    <SubCatchmentParameters>
      <KSI>0.001</KSI>
      <KGmin>0.05</KGmin>
      <RangeKG>0.1</RangeKG>
      <AG>0.1</AG>
      <PERC>5.3874250103973074</PERC>
      <Alpha>0</Alpha>
      <UZL>8.8181971467890481</UZL>
      <K0>0.98999664138149357</K0>
      <K1>0.6767404724517565</K1>
      <K2>0.069130187567719256</K2>
      <MAXBAS>1</MAXBAS>
      <Cet>0</Cet>
      <PCALT>10</PCALT>
      <TCALT>0.6</TCALT>
      <Pelev>0</Pelev>
      <Telev>0</Telev>
      <PART>0.5</PART>
      <DELAY>1</DELAY>
    </SubCatchmentParameters>
    <SubCatchmentVegetationZone>
      <SubCatchmentVegetationZoneParameters>
        <TT>-0.624139856784617</TT>
        <CFMAX>0.5000000959678097</CFMAX>
        <SP>0</SP>
        <SFCF>1.4999577696418505</SFCF>
        <CFR>0.099011633757120715</CFR>
        <CWH>0.19997819287292856</CWH>
        <CFGlacier>1</CFGlacier>
        <CFSlope>1</CFSlope>
        <FC>2086.1982117982216</FC>
        <LP>0.9336810310048802</LP>
        <BETA>3.383289269950323</BETA>
      </SubCatchmentVegetationZoneParameters>
    </SubCatchmentVegetationZone>
  </SubCatchment>
</Catchment>