<?xml version="1.0" encoding="utf-8"?>
<Catchment xmlns:xsi="http://www.w3.org/2001/XMLSchema-instance" xmlns:xsd="http://www.w3.org/2001/XMLSchema">
  <CatchmentParameters>
    <KSI>0.001</KSI>
    <KGmin>0.05</KGmin>
    <RangeKG>0.1</RangeKG>
    <AG>0.1</AG>
    <PERC>5.9697228558584525</PERC>
    <Alpha>0</Alpha>
    <UZL>165.76570175949541</UZL>
    <K0>0.27181151273706006</K0>
    <K1>0.7854450244588651</K1>
    <K2>0.14999999981744475</K2>
    <MAXBAS>1.3986141299573636</MAXBAS>
    <Cet>0</Cet>
    <PCALT>10</PCALT>
    <TCALT>0.6</TCALT>
    <Pelev>0</Pelev>
    <Telev>0</Telev>
    <PART>0.5</PART>
    <DELAY>1</DELAY>
  </CatchmentParameters>
  <VegetationZone>
    <VegetationZoneParameters>
      <TT>2.4855359595885851</TT>
      <CFMAX>0.51441582909989791</CFMAX>
      <SP>0</SP>
      <SFCF>1.4999986083934889</SFCF>
      <CFR>0.055489141849503827</CFR>
      <CWH>0.1000008775395481</CWH>
      <CFGlacier>1</CFGlacier>
      <CFSlope>1</CFSlope>
      <FC>402.29212504237171</FC>
      <LP>0.97039950335763159</LP>
      <BETA>3.3225227149620982</BETA>
    </VegetationZoneParameters>
  </VegetationZone>
  <SubCatchment>
    <SubCatchmentParameters>
      <KSI>0.001</KSI>
      <KGmin>0.05</KGmin>
      <RangeKG>0.1</RangeKG>
      <AG>0.1</AG>
      <PERC>5.9697228558584525</PERC>
      <Alpha>0</Alpha>
      <UZL>165.76570175949541</UZL>
      <K0>0.27181151273706006</K0>
      <K1>0.7854450244588651</K1>
      <K2>0.14999999981744475</K2>
      <MAXBAS>1.3986141299573636</MAXBAS>
      <Cet>0</Cet>
      <PCALT>10</PCALT>
      <TCALT>0.6</TCALT>
      <Pelev>0</Pelev>
      <Telev>0</Telev>
      <PART>0.5</PART>
      <DELAY>1</DELAY>
    </SubCatchmentParameters>
    <SubCatchmentVegetationZone>
      <SubCatchmentVegetationZoneParameters>
        <TT>2.4855359595885851</TT>
        <CFMAX>0.51441582909989791</CFMAX>
        <SP>0</SP>
        <SFCF>1.4999986083934889</SFCF>
        <CFR>0.055489141849503827</CFR>
        <CWH>0.1000008775395481</CWH>
        <CFGlacier>1</CFGlacier>
        <CFSlope>1</CFSlope>
        <FC>402.29212504237171</FC>
        <LP>0.97039950335763159</LP>
        <BETA>3.3225227149620982</BETA>
      </SubCatchmentVegetationZoneParameters>
    </SubCatchmentVegetationZone>
  </SubCatchment>
</Catchment>