<?xml version="1.0" encoding="utf-8"?>
<Catchment xmlns:xsi="http://www.w3.org/2001/XMLSchema-instance" xmlns:xsd="http://www.w3.org/2001/XMLSchema">
  <CatchmentParameters>
    <KSI>0.001</KSI>
    <KGmin>0.05</KGmin>
    <RangeKG>0.1</RangeKG>
    <AG>0.1</AG>
    <PERC>2.3398032355478411</PERC>
    <Alpha>0</Alpha>
    <UZL>47.436741440400347</UZL>
    <K0>0.69684052510196981</K0>
    <K1>0.090475668231800366</K1>
    <K2>0.020000016361685916</K2>
    <MAXBAS>1.0000742448973927</MAXBAS>
    <Cet>0</Cet>
    <PCALT>10</PCALT>
    <TCALT>0.6</TCALT>
    <Pelev>0</Pelev>
    <Telev>0</Telev>
    <PART>0.5</PART>
    <DELAY>1</DELAY>
  </CatchmentParameters>
  <VegetationZone>
    <VegetationZoneParameters>
      <TT>-1.5814004907888344</TT>
      <CFMAX>0.94236852409538541</CFMAX>
      <SP>0</SP>
      <SFCF>0.50000045895726641</SFCF>
      <CFR>0.013278683554753977</CFR>
      <CWH>0.19980392271780292</CWH>
      <CFGlacier>1</CFGlacier>
      <CFSlope>1</CFSlope>
      <FC>50.000380695930168</FC>
      <LP>0.30000023971795531</LP>
      <BETA>5.99997384713255</BETA>
    </VegetationZoneParameters>
  </VegetationZone>
  <SubCatchment>
    <SubCatchmentParameters>
      <KSI>0.001</KSI>
      <KGmin>0.05</KGmin>
      <RangeKG>0.1</RangeKG>
      <AG>0.1</AG>
      <PERC>2.3398032355478411</PERC>
      <Alpha>0</Alpha>
      <UZL>47.436741440400347</UZL>
      <K0>0.69684052510196981</K0>
      <K1>0.090475668231800366</K1>
      <K2>0.020000016361685916</K2>
      <MAXBAS>1.0000742448973927</MAXBAS>
      <Cet>0</Cet>
      <PCALT>10</PCALT>
      <TCALT>0.6</TCALT>
      <Pelev>0</Pelev>
      <Telev>0</Telev>
      <PART>0.5</PART>
      <DELAY>1</DELAY>
    </SubCatchmentParameters>
    <SubCatchmentVegetationZone>
      <SubCatchmentVegetationZoneParameters>
        <TT>-1.5814004907888344</TT>
        <CFMAX>0.94236852409538541</CFMAX>
        <SP>0</SP>
        <SFCF>0.50000045895726641</SFCF>
        <CFR>0.013278683554753977</CFR>
        <CWH>0.19980392271780292</CWH>
        <CFGlacier>1</CFGlacier>
        <CFSlope>1</CFSlope>
        <FC>50.000380695930168</FC>
        <LP>0.30000023971795531</LP>
        <BETA>5.99997384713255</BETA>
      </SubCatchmentVegetationZoneParameters>
    </SubCatchmentVegetationZone>
  </SubCatchment>
</Catchment>