<?xml version="1.0" encoding="utf-8"?>
<Catchment xmlns:xsi="http://www.w3.org/2001/XMLSchema-instance" xmlns:xsd="http://www.w3.org/2001/XMLSchema">
  <CatchmentParameters>
    <KSI>0.001</KSI>
    <KGmin>0.05</KGmin>
    <RangeKG>0.1</RangeKG>
    <AG>0.1</AG>
    <PERC>4.9521311289319954</PERC>
    <Alpha>0</Alpha>
    <UZL>99.19868050449476</UZL>
    <K0>0.48384322851041189</K0>
    <K1>0.65231039954484082</K1>
    <K2>0.065333238406053679</K2>
    <MAXBAS>1</MAXBAS>
    <Cet>0</Cet>
    <PCALT>10</PCALT>
    <TCALT>0.6</TCALT>
    <Pelev>0</Pelev>
    <Telev>0</Telev>
    <PART>0.5</PART>
    <DELAY>1</DELAY>
  </CatchmentParameters>
  <VegetationZone>
    <VegetationZoneParameters>
      <TT>1.4175732658736617</TT>
      <CFMAX>0.86378691462585933</CFMAX>
      <SP>0</SP>
      <SFCF>0.73430071696314891</SFCF>
      <CFR>0.099883725520518274</CFR>
      <CWH>0.10000184890832414</CWH>
      <CFGlacier>1</CFGlacier>
      <CFSlope>1</CFSlope>
      <FC>1797.7433248336288</FC>
      <LP>0.93930384303865333</LP>
      <BETA>3.064258643871836</BETA>
    </VegetationZoneParameters>
  </VegetationZone>
  <SubCatchment>
    <SubCatchmentParameters>
      <KSI>0.001</KSI>
      <KGmin>0.05</KGmin>
      <RangeKG>0.1</RangeKG>
      <AG>0.1</AG>
      <PERC>4.9521311289319954</PERC>
      <Alpha>0</Alpha>
      <UZL>99.19868050449476</UZL>
      <K0>0.48384322851041189</K0>
      <K1>0.65231039954484082</K1>
      <K2>0.065333238406053679</K2>
      <MAXBAS>1</MAXBAS>
      <Cet>0</Cet>
      <PCALT>10</PCALT>
      <TCALT>0.6</TCALT>
      <Pelev>0</Pelev>
      <Telev>0</Telev>
      <PART>0.5</PART>
      <DELAY>1</DELAY>
    </SubCatchmentParameters>
    <SubCatchmentVegetationZone>
      <SubCatchmentVegetationZoneParameters>
        <TT>1.4175732658736617</TT>
        <CFMAX>0.86378691462585933</CFMAX>
        <SP>0</SP>
        <SFCF>0.73430071696314891</SFCF>
        <CFR>0.099883725520518274</CFR>
        <CWH>0.10000184890832414</CWH>
        <CFGlacier>1</CFGlacier>
        <CFSlope>1</CFSlope>
        <FC>1797.7433248336288</FC>
        <LP>0.93930384303865333</LP>
        <BETA>3.064258643871836</BETA>
      </SubCatchmentVegetationZoneParameters>
    </SubCatchmentVegetationZone>
  </SubCatchment>
</Catchment>