<?xml version="1.0" encoding="utf-8"?>
<Catchment xmlns:xsi="http://www.w3.org/2001/XMLSchema-instance" xmlns:xsd="http://www.w3.org/2001/XMLSchema">
  <CatchmentParameters>
    <KSI>0.001</KSI>
    <KGmin>0.05</KGmin>
    <RangeKG>0.1</RangeKG>
    <AG>0.1</AG>
    <PERC>5.2388679948380146</PERC>
    <Alpha>0</Alpha>
    <UZL>123.07074688789832</UZL>
    <K0>0.10203973275925334</K0>
    <K1>0.76912403471906976</K1>
    <K2>0.1499997294576837</K2>
    <MAXBAS>1.3993511813833668</MAXBAS>
    <Cet>0</Cet>
    <PCALT>10</PCALT>
    <TCALT>0.6</TCALT>
    <Pelev>0</Pelev>
    <Telev>0</Telev>
    <PART>0.5</PART>
    <DELAY>1</DELAY>
  </CatchmentParameters>
  <VegetationZone>
    <VegetationZoneParameters>
      <TT>2.4200565295381722</TT>
      <CFMAX>0.505533172096158</CFMAX>
      <SP>0</SP>
      <SFCF>1.4999988471692656</SFCF>
      <CFR>0.013763062290051776</CFR>
      <CWH>0.10000000005136847</CWH>
      <CFGlacier>1</CFGlacier>
      <CFSlope>1</CFSlope>
      <FC>436.59565487740633</FC>
      <LP>0.85590288163677375</LP>
      <BETA>2.7346192817023049</BETA>
    </VegetationZoneParameters>
  </VegetationZone>
  <SubCatchment>
    <SubCatchmentParameters>
      <KSI>0.001</KSI>
      <KGmin>0.05</KGmin>
      <RangeKG>0.1</RangeKG>
      <AG>0.1</AG>
      <PERC>5.2388679948380146</PERC>
      <Alpha>0</Alpha>
      <UZL>123.07074688789832</UZL>
      <K0>0.10203973275925334</K0>
      <K1>0.76912403471906976</K1>
      <K2>0.1499997294576837</K2>
      <MAXBAS>1.3993511813833668</MAXBAS>
      <Cet>0</Cet>
      <PCALT>10</PCALT>
      <TCALT>0.6</TCALT>
      <Pelev>0</Pelev>
      <Telev>0</Telev>
      <PART>0.5</PART>
      <DELAY>1</DELAY>
    </SubCatchmentParameters>
    <SubCatchmentVegetationZone>
      <SubCatchmentVegetationZoneParameters>
        <TT>2.4200565295381722</TT>
        <CFMAX>0.505533172096158</CFMAX>
        <SP>0</SP>
        <SFCF>1.4999988471692656</SFCF>
        <CFR>0.013763062290051776</CFR>
        <CWH>0.10000000005136847</CWH>
        <CFGlacier>1</CFGlacier>
        <CFSlope>1</CFSlope>
        <FC>436.59565487740633</FC>
        <LP>0.85590288163677375</LP>
        <BETA>2.7346192817023049</BETA>
      </SubCatchmentVegetationZoneParameters>
    </SubCatchmentVegetationZone>
  </SubCatchment>
</Catchment>