<?xml version="1.0" encoding="utf-8"?>
<Catchment xmlns:xsi="http://www.w3.org/2001/XMLSchema-instance" xmlns:xsd="http://www.w3.org/2001/XMLSchema">
  <CatchmentParameters>
    <KSI>0.001</KSI>
    <KGmin>0.05</KGmin>
    <RangeKG>0.1</RangeKG>
    <AG>0.1</AG>
    <PERC>5.4810681519985565</PERC>
    <Alpha>0</Alpha>
    <UZL>8.954974846409101</UZL>
    <K0>0.98999777250077947</K0>
    <K1>0.67889800896879238</K1>
    <K2>0.073429153672706374</K2>
    <MAXBAS>1</MAXBAS>
    <Cet>0</Cet>
    <PCALT>10</PCALT>
    <TCALT>0.6</TCALT>
    <Pelev>0</Pelev>
    <Telev>0</Telev>
    <PART>0.5</PART>
    <DELAY>1</DELAY>
  </CatchmentParameters>
  <VegetationZone>
    <VegetationZoneParameters>
      <TT>1.1479981868777336</TT>
      <CFMAX>0.50000045721558128</CFMAX>
      <SP>0</SP>
      <SFCF>1.137879307706906</SFCF>
      <CFR>0.099988866686946024</CFR>
      <CWH>0.19999691981887718</CWH>
      <CFGlacier>1</CFGlacier>
      <CFSlope>1</CFSlope>
      <FC>2234.1713951489978</FC>
      <LP>0.990778618229995</LP>
      <BETA>4.0709597804337756</BETA>
    </VegetationZoneParameters>
  </VegetationZone>
  <SubCatchment>
    <SubCatchmentParameters>
      <KSI>0.001</KSI>
      <KGmin>0.05</KGmin>
      <RangeKG>0.1</RangeKG>
      <AG>0.1</AG>
      <PERC>5.4810681519985565</PERC>
      <Alpha>0</Alpha>
      <UZL>8.954974846409101</UZL>
      <K0>0.98999777250077947</K0>
      <K1>0.67889800896879238</K1>
      <K2>0.073429153672706374</K2>
      <MAXBAS>1</MAXBAS>
      <Cet>0</Cet>
      <PCALT>10</PCALT>
      <TCALT>0.6</TCALT>
      <Pelev>0</Pelev>
      <Telev>0</Telev>
      <PART>0.5</PART>
      <DELAY>1</DELAY>
    </SubCatchmentParameters>
    <SubCatchmentVegetationZone>
      <SubCatchmentVegetationZoneParameters>
        <TT>1.1479981868777336</TT>
        <CFMAX>0.50000045721558128</CFMAX>
        <SP>0</SP>
        <SFCF>1.137879307706906</SFCF>
        <CFR>0.099988866686946024</CFR>
        <CWH>0.19999691981887718</CWH>
        <CFGlacier>1</CFGlacier>
        <CFSlope>1</CFSlope>
        <FC>2234.1713951489978</FC>
        <LP>0.990778618229995</LP>
        <BETA>4.0709597804337756</BETA>
      </SubCatchmentVegetationZoneParameters>
    </SubCatchmentVegetationZone>
  </SubCatchment>
</Catchment>