<?xml version="1.0" encoding="utf-8"?>
<Catchment xmlns:xsi="http://www.w3.org/2001/XMLSchema-instance" xmlns:xsd="http://www.w3.org/2001/XMLSchema">
  <CatchmentParameters>
    <KSI>0.001</KSI>
    <KGmin>0.05</KGmin>
    <RangeKG>0.1</RangeKG>
    <AG>0.1</AG>
    <PERC>2.6191342851778732</PERC>
    <Alpha>0</Alpha>
    <UZL>30.717787612652497</UZL>
    <K0>0.63871901158957745</K0>
    <K1>0.11128775117393822</K1>
    <K2>0.026626561629554811</K2>
    <MAXBAS>1</MAXBAS>
    <Cet>0</Cet>
    <PCALT>10</PCALT>
    <TCALT>0.6</TCALT>
    <Pelev>0</Pelev>
    <Telev>0</Telev>
    <PART>0.5</PART>
    <DELAY>1</DELAY>
  </CatchmentParameters>
  <VegetationZone>
    <VegetationZoneParameters>
      <TT>-0.073978729681430863</TT>
      <CFMAX>4.9994613483824715</CFMAX>
      <SP>0</SP>
      <SFCF>0.50000004476550364</SFCF>
      <CFR>0.0707493491644277</CFR>
      <CWH>0.1000573959251002</CWH>
      <CFGlacier>1</CFGlacier>
      <CFSlope>1</CFSlope>
      <FC>80.8842927951159</FC>
      <LP>0.46752855731565418</LP>
      <BETA>4.4414675528346939</BETA>
    </VegetationZoneParameters>
  </VegetationZone>
  <SubCatchment>
    <SubCatchmentParameters>
      <KSI>0.001</KSI>
      <KGmin>0.05</KGmin>
      <RangeKG>0.1</RangeKG>
      <AG>0.1</AG>
      <PERC>2.6191342851778732</PERC>
      <Alpha>0</Alpha>
      <UZL>30.717787612652497</UZL>
      <K0>0.63871901158957745</K0>
      <K1>0.11128775117393822</K1>
      <K2>0.026626561629554811</K2>
      <MAXBAS>1</MAXBAS>
      <Cet>0</Cet>
      <PCALT>10</PCALT>
      <TCALT>0.6</TCALT>
      <Pelev>0</Pelev>
      <Telev>0</Telev>
      <PART>0.5</PART>
      <DELAY>1</DELAY>
    </SubCatchmentParameters>
    <SubCatchmentVegetationZone>
      <SubCatchmentVegetationZoneParameters>
        <TT>-0.073978729681430863</TT>
        <CFMAX>4.9994613483824715</CFMAX>
        <SP>0</SP>
        <SFCF>0.50000004476550364</SFCF>
        <CFR>0.0707493491644277</CFR>
        <CWH>0.1000573959251002</CWH>
        <CFGlacier>1</CFGlacier>
        <CFSlope>1</CFSlope>
        <FC>80.8842927951159</FC>
        <LP>0.46752855731565418</LP>
        <BETA>4.4414675528346939</BETA>
      </SubCatchmentVegetationZoneParameters>
    </SubCatchmentVegetationZone>
  </SubCatchment>
</Catchment>