<?xml version="1.0" encoding="utf-8"?>
<Catchment xmlns:xsi="http://www.w3.org/2001/XMLSchema-instance" xmlns:xsd="http://www.w3.org/2001/XMLSchema">
  <CatchmentParameters>
    <KSI>0.001</KSI>
    <KGmin>0.05</KGmin>
    <RangeKG>0.1</RangeKG>
    <AG>0.1</AG>
    <PERC>4.4467870103791469</PERC>
    <Alpha>0</Alpha>
    <UZL>121.80730773088136</UZL>
    <K0>0.19360875287090434</K0>
    <K1>0.57746747742974291</K1>
    <K2>0.073124635253749473</K2>
    <MAXBAS>1</MAXBAS>
    <Cet>0</Cet>
    <PCALT>10</PCALT>
    <TCALT>0.6</TCALT>
    <Pelev>0</Pelev>
    <Telev>0</Telev>
    <PART>0.5</PART>
    <DELAY>1</DELAY>
  </CatchmentParameters>
  <VegetationZone>
    <VegetationZoneParameters>
      <TT>2.4999548001634238</TT>
      <CFMAX>0.76071282474735336</CFMAX>
      <SP>0</SP>
      <SFCF>1.4275574480294042</SFCF>
      <CFR>0.044326837716049061</CFR>
      <CWH>0.10000021664465891</CWH>
      <CFGlacier>1</CFGlacier>
      <CFSlope>1</CFSlope>
      <FC>374.36611851270732</FC>
      <LP>0.87309080622816448</LP>
      <BETA>2.890866753958774</BETA>
    </VegetationZoneParameters>
  </VegetationZone>
  <SubCatchment>
    <SubCatchmentParameters>
      <KSI>0.001</KSI>
      <KGmin>0.05</KGmin>
      <RangeKG>0.1</RangeKG>
      <AG>0.1</AG>
      <PERC>4.4467870103791469</PERC>
      <Alpha>0</Alpha>
      <UZL>121.80730773088136</UZL>
      <K0>0.19360875287090434</K0>
      <K1>0.57746747742974291</K1>
      <K2>0.073124635253749473</K2>
      <MAXBAS>1</MAXBAS>
      <Cet>0</Cet>
      <PCALT>10</PCALT>
      <TCALT>0.6</TCALT>
      <Pelev>0</Pelev>
      <Telev>0</Telev>
      <PART>0.5</PART>
      <DELAY>1</DELAY>
    </SubCatchmentParameters>
    <SubCatchmentVegetationZone>
      <SubCatchmentVegetationZoneParameters>
        <TT>2.4999548001634238</TT>
        <CFMAX>0.76071282474735336</CFMAX>
        <SP>0</SP>
        <SFCF>1.4275574480294042</SFCF>
        <CFR>0.044326837716049061</CFR>
        <CWH>0.10000021664465891</CWH>
        <CFGlacier>1</CFGlacier>
        <CFSlope>1</CFSlope>
        <FC>374.36611851270732</FC>
        <LP>0.87309080622816448</LP>
        <BETA>2.890866753958774</BETA>
      </SubCatchmentVegetationZoneParameters>
    </SubCatchmentVegetationZone>
  </SubCatchment>
</Catchment>