<?xml version="1.0" encoding="utf-8"?>
<Catchment xmlns:xsi="http://www.w3.org/2001/XMLSchema-instance" xmlns:xsd="http://www.w3.org/2001/XMLSchema">
  <CatchmentParameters>
    <KSI>0.001</KSI>
    <KGmin>0.05</KGmin>
    <RangeKG>0.1</RangeKG>
    <AG>0.1</AG>
    <PERC>9.6532755205090517</PERC>
    <Alpha>0</Alpha>
    <UZL>179.0139677956322</UZL>
    <K0>0.20578514924173608</K0>
    <K1>0.62140005614651528</K1>
    <K2>0.14999977783252144</K2>
    <MAXBAS>1.3319194539321224</MAXBAS>
    <Cet>0</Cet>
    <PCALT>10</PCALT>
    <TCALT>0.6</TCALT>
    <Pelev>0</Pelev>
    <Telev>0</Telev>
    <PART>0.5</PART>
    <DELAY>1</DELAY>
  </CatchmentParameters>
  <VegetationZone>
    <VegetationZoneParameters>
      <TT>-1.0268523444119411</TT>
      <CFMAX>1.2046243459259005</CFMAX>
      <SP>0</SP>
      <SFCF>0.5000001645242631</SFCF>
      <CFR>0.076091955911403442</CFR>
      <CWH>0.10221548581255115</CWH>
      <CFGlacier>1</CFGlacier>
      <CFSlope>1</CFSlope>
      <FC>112.35164068624654</FC>
      <LP>0.30000000002615357</LP>
      <BETA>2.1557792463919374</BETA>
    </VegetationZoneParameters>
  </VegetationZone>
  <SubCatchment>
    <SubCatchmentParameters>
      <KSI>0.001</KSI>
      <KGmin>0.05</KGmin>
      <RangeKG>0.1</RangeKG>
      <AG>0.1</AG>
      <PERC>9.6532755205090517</PERC>
      <Alpha>0</Alpha>
      <UZL>179.0139677956322</UZL>
      <K0>0.20578514924173608</K0>
      <K1>0.62140005614651528</K1>
      <K2>0.14999977783252144</K2>
      <MAXBAS>1.3319194539321224</MAXBAS>
      <Cet>0</Cet>
      <PCALT>10</PCALT>
      <TCALT>0.6</TCALT>
      <Pelev>0</Pelev>
      <Telev>0</Telev>
      <PART>0.5</PART>
      <DELAY>1</DELAY>
    </SubCatchmentParameters>
    <SubCatchmentVegetationZone>
      <SubCatchmentVegetationZoneParameters>
        <TT>-1.0268523444119411</TT>
        <CFMAX>1.2046243459259005</CFMAX>
        <SP>0</SP>
        <SFCF>0.5000001645242631</SFCF>
        <CFR>0.076091955911403442</CFR>
        <CWH>0.10221548581255115</CWH>
        <CFGlacier>1</CFGlacier>
        <CFSlope>1</CFSlope>
        <FC>112.35164068624654</FC>
        <LP>0.30000000002615357</LP>
        <BETA>2.1557792463919374</BETA>
      </SubCatchmentVegetationZoneParameters>
    </SubCatchmentVegetationZone>
  </SubCatchment>
</Catchment>