<?xml version="1.0" encoding="utf-8"?>
<Catchment xmlns:xsi="http://www.w3.org/2001/XMLSchema-instance" xmlns:xsd="http://www.w3.org/2001/XMLSchema">
  <CatchmentParameters>
    <KSI>0.001</KSI>
    <KGmin>0.05</KGmin>
    <RangeKG>0.1</RangeKG>
    <AG>0.1</AG>
    <PERC>5.5921923548617505</PERC>
    <Alpha>0</Alpha>
    <UZL>114.16654315822778</UZL>
    <K0>0.36083622615117106</K0>
    <K1>0.47742235107125675</K1>
    <K2>0.049548159671948019</K2>
    <MAXBAS>1</MAXBAS>
    <Cet>0</Cet>
    <PCALT>10</PCALT>
    <TCALT>0.6</TCALT>
    <Pelev>0</Pelev>
    <Telev>0</Telev>
    <PART>0.5</PART>
    <DELAY>1</DELAY>
  </CatchmentParameters>
  <VegetationZone>
    <VegetationZoneParameters>
      <TT>1.1002715842989927</TT>
      <CFMAX>0.510724937971992</CFMAX>
      <SP>0</SP>
      <SFCF>0.63299950778443537</SFCF>
      <CFR>0.099799047666415827</CFR>
      <CWH>0.19998565633237109</CWH>
      <CFGlacier>1</CFGlacier>
      <CFSlope>1</CFSlope>
      <FC>188.96231009069237</FC>
      <LP>0.45113146455485087</LP>
      <BETA>1.5966587623071982</BETA>
    </VegetationZoneParameters>
  </VegetationZone>
  <SubCatchment>
    <SubCatchmentParameters>
      <KSI>0.001</KSI>
      <KGmin>0.05</KGmin>
      <RangeKG>0.1</RangeKG>
      <AG>0.1</AG>
      <PERC>5.5921923548617505</PERC>
      <Alpha>0</Alpha>
      <UZL>114.16654315822778</UZL>
      <K0>0.36083622615117106</K0>
      <K1>0.47742235107125675</K1>
      <K2>0.049548159671948019</K2>
      <MAXBAS>1</MAXBAS>
      <Cet>0</Cet>
      <PCALT>10</PCALT>
      <TCALT>0.6</TCALT>
      <Pelev>0</Pelev>
      <Telev>0</Telev>
      <PART>0.5</PART>
      <DELAY>1</DELAY>
    </SubCatchmentParameters>
    <SubCatchmentVegetationZone>
      <SubCatchmentVegetationZoneParameters>
        <TT>1.1002715842989927</TT>
        <CFMAX>0.510724937971992</CFMAX>
        <SP>0</SP>
        <SFCF>0.63299950778443537</SFCF>
        <CFR>0.099799047666415827</CFR>
        <CWH>0.19998565633237109</CWH>
        <CFGlacier>1</CFGlacier>
        <CFSlope>1</CFSlope>
        <FC>188.96231009069237</FC>
        <LP>0.45113146455485087</LP>
        <BETA>1.5966587623071982</BETA>
      </SubCatchmentVegetationZoneParameters>
    </SubCatchmentVegetationZone>
  </SubCatchment>
</Catchment>