<?xml version="1.0" encoding="utf-8"?>
<Catchment xmlns:xsi="http://www.w3.org/2001/XMLSchema-instance" xmlns:xsd="http://www.w3.org/2001/XMLSchema">
  <CatchmentParameters>
    <KSI>0.001</KSI>
    <KGmin>0.05</KGmin>
    <RangeKG>0.1</RangeKG>
    <AG>0.1</AG>
    <PERC>4.9674351347505681</PERC>
    <Alpha>0</Alpha>
    <UZL>102.09476461125526</UZL>
    <K0>0.581294482730367</K0>
    <K1>0.54492139317262045</K1>
    <K2>0.080248488674158472</K2>
    <MAXBAS>1</MAXBAS>
    <Cet>0</Cet>
    <PCALT>10</PCALT>
    <TCALT>0.6</TCALT>
    <Pelev>0</Pelev>
    <Telev>0</Telev>
    <PART>0.5</PART>
    <DELAY>1</DELAY>
  </CatchmentParameters>
  <VegetationZone>
    <VegetationZoneParameters>
      <TT>1.7271012694443726</TT>
      <CFMAX>0.50002086871799956</CFMAX>
      <SP>0</SP>
      <SFCF>1.1848486799820293</SFCF>
      <CFR>0.082681141071199338</CFR>
      <CWH>0.14007289615347246</CWH>
      <CFGlacier>1</CFGlacier>
      <CFSlope>1</CFSlope>
      <FC>297.26469199347326</FC>
      <LP>0.95943112548810039</LP>
      <BETA>3.5192539634388007</BETA>
    </VegetationZoneParameters>
  </VegetationZone>
  <SubCatchment>
    <SubCatchmentParameters>
      <KSI>0.001</KSI>
      <KGmin>0.05</KGmin>
      <RangeKG>0.1</RangeKG>
      <AG>0.1</AG>
      <PERC>4.9674351347505681</PERC>
      <Alpha>0</Alpha>
      <UZL>102.09476461125526</UZL>
      <K0>0.581294482730367</K0>
      <K1>0.54492139317262045</K1>
      <K2>0.080248488674158472</K2>
      <MAXBAS>1</MAXBAS>
      <Cet>0</Cet>
      <PCALT>10</PCALT>
      <TCALT>0.6</TCALT>
      <Pelev>0</Pelev>
      <Telev>0</Telev>
      <PART>0.5</PART>
      <DELAY>1</DELAY>
    </SubCatchmentParameters>
    <SubCatchmentVegetationZone>
      <SubCatchmentVegetationZoneParameters>
        <TT>1.7271012694443726</TT>
        <CFMAX>0.50002086871799956</CFMAX>
        <SP>0</SP>
        <SFCF>1.1848486799820293</SFCF>
        <CFR>0.082681141071199338</CFR>
        <CWH>0.14007289615347246</CWH>
        <CFGlacier>1</CFGlacier>
        <CFSlope>1</CFSlope>
        <FC>297.26469199347326</FC>
        <LP>0.95943112548810039</LP>
        <BETA>3.5192539634388007</BETA>
      </SubCatchmentVegetationZoneParameters>
    </SubCatchmentVegetationZone>
  </SubCatchment>
</Catchment>