<?xml version="1.0" encoding="utf-8"?>
<Catchment xmlns:xsi="http://www.w3.org/2001/XMLSchema-instance" xmlns:xsd="http://www.w3.org/2001/XMLSchema">
  <CatchmentParameters>
    <KSI>0.001</KSI>
    <KGmin>0.05</KGmin>
    <RangeKG>0.1</RangeKG>
    <AG>0.1</AG>
    <PERC>9.9999976370512584</PERC>
    <Alpha>0</Alpha>
    <UZL>197.54978642178381</UZL>
    <K0>0.47383046280004759</K0>
    <K1>0.56407343993826609</K1>
    <K2>0.14192735695957118</K2>
    <MAXBAS>1.2708903615428</MAXBAS>
    <Cet>0</Cet>
    <PCALT>10</PCALT>
    <TCALT>0.6</TCALT>
    <Pelev>0</Pelev>
    <Telev>0</Telev>
    <PART>0.5</PART>
    <DELAY>1</DELAY>
  </CatchmentParameters>
  <VegetationZone>
    <VegetationZoneParameters>
      <TT>1.2905345135918558</TT>
      <CFMAX>4.8060080506988578</CFMAX>
      <SP>0</SP>
      <SFCF>0.50000000097745267</SFCF>
      <CFR>0.085770481859240577</CFR>
      <CWH>0.10000275282716137</CWH>
      <CFGlacier>1</CFGlacier>
      <CFSlope>1</CFSlope>
      <FC>95.432386674716057</FC>
      <LP>0.30000001324670039</LP>
      <BETA>2.3944628825149836</BETA>
    </VegetationZoneParameters>
  </VegetationZone>
  <SubCatchment>
    <SubCatchmentParameters>
      <KSI>0.001</KSI>
      <KGmin>0.05</KGmin>
      <RangeKG>0.1</RangeKG>
      <AG>0.1</AG>
      <PERC>9.9999976370512584</PERC>
      <Alpha>0</Alpha>
      <UZL>197.54978642178381</UZL>
      <K0>0.47383046280004759</K0>
      <K1>0.56407343993826609</K1>
      <K2>0.14192735695957118</K2>
      <MAXBAS>1.2708903615428</MAXBAS>
      <Cet>0</Cet>
      <PCALT>10</PCALT>
      <TCALT>0.6</TCALT>
      <Pelev>0</Pelev>
      <Telev>0</Telev>
      <PART>0.5</PART>
      <DELAY>1</DELAY>
    </SubCatchmentParameters>
    <SubCatchmentVegetationZone>
      <SubCatchmentVegetationZoneParameters>
        <TT>1.2905345135918558</TT>
        <CFMAX>4.8060080506988578</CFMAX>
        <SP>0</SP>
        <SFCF>0.50000000097745267</SFCF>
        <CFR>0.085770481859240577</CFR>
        <CWH>0.10000275282716137</CWH>
        <CFGlacier>1</CFGlacier>
        <CFSlope>1</CFSlope>
        <FC>95.432386674716057</FC>
        <LP>0.30000001324670039</LP>
        <BETA>2.3944628825149836</BETA>
      </SubCatchmentVegetationZoneParameters>
    </SubCatchmentVegetationZone>
  </SubCatchment>
</Catchment>