<?xml version="1.0" encoding="utf-8"?>
<Catchment xmlns:xsi="http://www.w3.org/2001/XMLSchema-instance" xmlns:xsd="http://www.w3.org/2001/XMLSchema">
  <CatchmentParameters>
    <KSI>0.001</KSI>
    <KGmin>0.05</KGmin>
    <RangeKG>0.1</RangeKG>
    <AG>0.1</AG>
    <PERC>4.6793769720726441</PERC>
    <Alpha>0</Alpha>
    <UZL>137.12085701631577</UZL>
    <K0>0.50260104175125808</K0>
    <K1>0.62086288511575072</K1>
    <K2>0.086060844963313066</K2>
    <MAXBAS>1</MAXBAS>
    <Cet>0</Cet>
    <PCALT>10</PCALT>
    <TCALT>0.6</TCALT>
    <Pelev>0</Pelev>
    <Telev>0</Telev>
    <PART>0.5</PART>
    <DELAY>1</DELAY>
  </CatchmentParameters>
  <VegetationZone>
    <VegetationZoneParameters>
      <TT>0.95976624731646321</TT>
      <CFMAX>0.56193694350126067</CFMAX>
      <SP>0</SP>
      <SFCF>1.4968021329928225</SFCF>
      <CFR>0.069655573552722019</CFR>
      <CWH>0.19999837620934829</CWH>
      <CFGlacier>1</CFGlacier>
      <CFSlope>1</CFSlope>
      <FC>508.81183626172952</FC>
      <LP>0.804215976804142</LP>
      <BETA>2.38155837516577</BETA>
    </VegetationZoneParameters>
  </VegetationZone>
  <SubCatchment>
    <SubCatchmentParameters>
      <KSI>0.001</KSI>
      <KGmin>0.05</KGmin>
      <RangeKG>0.1</RangeKG>
      <AG>0.1</AG>
      <PERC>4.6793769720726441</PERC>
      <Alpha>0</Alpha>
      <UZL>137.12085701631577</UZL>
      <K0>0.50260104175125808</K0>
      <K1>0.62086288511575072</K1>
      <K2>0.086060844963313066</K2>
      <MAXBAS>1</MAXBAS>
      <Cet>0</Cet>
      <PCALT>10</PCALT>
      <TCALT>0.6</TCALT>
      <Pelev>0</Pelev>
      <Telev>0</Telev>
      <PART>0.5</PART>
      <DELAY>1</DELAY>
    </SubCatchmentParameters>
    <SubCatchmentVegetationZone>
      <SubCatchmentVegetationZoneParameters>
        <TT>0.95976624731646321</TT>
        <CFMAX>0.56193694350126067</CFMAX>
        <SP>0</SP>
        <SFCF>1.4968021329928225</SFCF>
        <CFR>0.069655573552722019</CFR>
        <CWH>0.19999837620934829</CWH>
        <CFGlacier>1</CFGlacier>
        <CFSlope>1</CFSlope>
        <FC>508.81183626172952</FC>
        <LP>0.804215976804142</LP>
        <BETA>2.38155837516577</BETA>
      </SubCatchmentVegetationZoneParameters>
    </SubCatchmentVegetationZone>
  </SubCatchment>
</Catchment>