<?xml version="1.0" encoding="utf-8"?>
<Catchment xmlns:xsi="http://www.w3.org/2001/XMLSchema-instance" xmlns:xsd="http://www.w3.org/2001/XMLSchema">
  <CatchmentParameters>
    <KSI>0.001</KSI>
    <KGmin>0.05</KGmin>
    <RangeKG>0.1</RangeKG>
    <AG>0.1</AG>
    <PERC>5.0682904032468095</PERC>
    <Alpha>0</Alpha>
    <UZL>132.20559085487147</UZL>
    <K0>0.16095950429656541</K0>
    <K1>0.79999926647909214</K1>
    <K2>0.14999917765915807</K2>
    <MAXBAS>1.3999053797382637</MAXBAS>
    <Cet>0</Cet>
    <PCALT>10</PCALT>
    <TCALT>0.6</TCALT>
    <Pelev>0</Pelev>
    <Telev>0</Telev>
    <PART>0.5</PART>
    <DELAY>1</DELAY>
  </CatchmentParameters>
  <VegetationZone>
    <VegetationZoneParameters>
      <TT>2.4990545405157243</TT>
      <CFMAX>0.50773891209433064</CFMAX>
      <SP>0</SP>
      <SFCF>1.4999993310111792</SFCF>
      <CFR>0.012206776032730637</CFR>
      <CWH>0.12922290154347493</CWH>
      <CFGlacier>1</CFGlacier>
      <CFSlope>1</CFSlope>
      <FC>390.09449581423553</FC>
      <LP>0.99999977909669258</LP>
      <BETA>4.2631241677223422</BETA>
    </VegetationZoneParameters>
  </VegetationZone>
  <SubCatchment>
    <SubCatchmentParameters>
      <KSI>0.001</KSI>
      <KGmin>0.05</KGmin>
      <RangeKG>0.1</RangeKG>
      <AG>0.1</AG>
      <PERC>5.0682904032468095</PERC>
      <Alpha>0</Alpha>
      <UZL>132.20559085487147</UZL>
      <K0>0.16095950429656541</K0>
      <K1>0.79999926647909214</K1>
      <K2>0.14999917765915807</K2>
      <MAXBAS>1.3999053797382637</MAXBAS>
      <Cet>0</Cet>
      <PCALT>10</PCALT>
      <TCALT>0.6</TCALT>
      <Pelev>0</Pelev>
      <Telev>0</Telev>
      <PART>0.5</PART>
      <DELAY>1</DELAY>
    </SubCatchmentParameters>
    <SubCatchmentVegetationZone>
      <SubCatchmentVegetationZoneParameters>
        <TT>2.4990545405157243</TT>
        <CFMAX>0.50773891209433064</CFMAX>
        <SP>0</SP>
        <SFCF>1.4999993310111792</SFCF>
        <CFR>0.012206776032730637</CFR>
        <CWH>0.12922290154347493</CWH>
        <CFGlacier>1</CFGlacier>
        <CFSlope>1</CFSlope>
        <FC>390.09449581423553</FC>
        <LP>0.99999977909669258</LP>
        <BETA>4.2631241677223422</BETA>
      </SubCatchmentVegetationZoneParameters>
    </SubCatchmentVegetationZone>
  </SubCatchment>
</Catchment>