<?xml version="1.0" encoding="utf-8"?>
<Catchment xmlns:xsi="http://www.w3.org/2001/XMLSchema-instance" xmlns:xsd="http://www.w3.org/2001/XMLSchema">
  <CatchmentParameters>
    <KSI>0.001</KSI>
    <KGmin>0.05</KGmin>
    <RangeKG>0.1</RangeKG>
    <AG>0.1</AG>
    <PERC>0.84760775261325649</PERC>
    <Alpha>0</Alpha>
    <UZL>28.249233934896463</UZL>
    <K0>0.98999978749954354</K0>
    <K1>0.15175868115908675</K1>
    <K2>0.030564739438133606</K2>
    <MAXBAS>1.3225977977842489</MAXBAS>
    <Cet>0</Cet>
    <PCALT>10</PCALT>
    <TCALT>0.6</TCALT>
    <Pelev>0</Pelev>
    <Telev>0</Telev>
    <PART>0.5</PART>
    <DELAY>1</DELAY>
  </CatchmentParameters>
  <VegetationZone>
    <VegetationZoneParameters>
      <TT>1.2726241281606934</TT>
      <CFMAX>4.4419258781140973</CFMAX>
      <SP>0</SP>
      <SFCF>0.50000030424436426</SFCF>
      <CFR>0.0720466546841937</CFR>
      <CWH>0.10015438543323252</CWH>
      <CFGlacier>1</CFGlacier>
      <CFSlope>1</CFSlope>
      <FC>98.977191264827567</FC>
      <LP>0.3000036870931771</LP>
      <BETA>1.764253066099081</BETA>
    </VegetationZoneParameters>
  </VegetationZone>
  <SubCatchment>
    <SubCatchmentParameters>
      <KSI>0.001</KSI>
      <KGmin>0.05</KGmin>
      <RangeKG>0.1</RangeKG>
      <AG>0.1</AG>
      <PERC>0.84760775261325649</PERC>
      <Alpha>0</Alpha>
      <UZL>28.249233934896463</UZL>
      <K0>0.98999978749954354</K0>
      <K1>0.15175868115908675</K1>
      <K2>0.030564739438133606</K2>
      <MAXBAS>1.3225977977842489</MAXBAS>
      <Cet>0</Cet>
      <PCALT>10</PCALT>
      <TCALT>0.6</TCALT>
      <Pelev>0</Pelev>
      <Telev>0</Telev>
      <PART>0.5</PART>
      <DELAY>1</DELAY>
    </SubCatchmentParameters>
    <SubCatchmentVegetationZone>
      <SubCatchmentVegetationZoneParameters>
        <TT>1.2726241281606934</TT>
        <CFMAX>4.4419258781140973</CFMAX>
        <SP>0</SP>
        <SFCF>0.50000030424436426</SFCF>
        <CFR>0.0720466546841937</CFR>
        <CWH>0.10015438543323252</CWH>
        <CFGlacier>1</CFGlacier>
        <CFSlope>1</CFSlope>
        <FC>98.977191264827567</FC>
        <LP>0.3000036870931771</LP>
        <BETA>1.764253066099081</BETA>
      </SubCatchmentVegetationZoneParameters>
    </SubCatchmentVegetationZone>
  </SubCatchment>
</Catchment>