<?xml version="1.0" encoding="utf-8"?>
<Catchment xmlns:xsi="http://www.w3.org/2001/XMLSchema-instance" xmlns:xsd="http://www.w3.org/2001/XMLSchema">
  <CatchmentParameters>
    <KSI>0.001</KSI>
    <KGmin>0.05</KGmin>
    <RangeKG>0.1</RangeKG>
    <AG>0.1</AG>
    <PERC>9.9971843403145435</PERC>
    <Alpha>0</Alpha>
    <UZL>157.57058557506178</UZL>
    <K0>0.32735791842367773</K0>
    <K1>0.55132676378218282</K1>
    <K2>0.14999920490527241</K2>
    <MAXBAS>1.2407463201197542</MAXBAS>
    <Cet>0</Cet>
    <PCALT>10</PCALT>
    <TCALT>0.6</TCALT>
    <Pelev>0</Pelev>
    <Telev>0</Telev>
    <PART>0.5</PART>
    <DELAY>1</DELAY>
  </CatchmentParameters>
  <VegetationZone>
    <VegetationZoneParameters>
      <TT>0.74379486499087322</TT>
      <CFMAX>3.5144277584441772</CFMAX>
      <SP>0</SP>
      <SFCF>0.500230442429141</SFCF>
      <CFR>0.039407982712538411</CFR>
      <CWH>0.10000319419169636</CWH>
      <CFGlacier>1</CFGlacier>
      <CFSlope>1</CFSlope>
      <FC>107.67971284435112</FC>
      <LP>0.30000000000017429</LP>
      <BETA>1.8958439159383826</BETA>
    </VegetationZoneParameters>
  </VegetationZone>
  <SubCatchment>
    <SubCatchmentParameters>
      <KSI>0.001</KSI>
      <KGmin>0.05</KGmin>
      <RangeKG>0.1</RangeKG>
      <AG>0.1</AG>
      <PERC>9.9971843403145435</PERC>
      <Alpha>0</Alpha>
      <UZL>157.57058557506178</UZL>
      <K0>0.32735791842367773</K0>
      <K1>0.55132676378218282</K1>
      <K2>0.14999920490527241</K2>
      <MAXBAS>1.2407463201197542</MAXBAS>
      <Cet>0</Cet>
      <PCALT>10</PCALT>
      <TCALT>0.6</TCALT>
      <Pelev>0</Pelev>
      <Telev>0</Telev>
      <PART>0.5</PART>
      <DELAY>1</DELAY>
    </SubCatchmentParameters>
    <SubCatchmentVegetationZone>
      <SubCatchmentVegetationZoneParameters>
        <TT>0.74379486499087322</TT>
        <CFMAX>3.5144277584441772</CFMAX>
        <SP>0</SP>
        <SFCF>0.500230442429141</SFCF>
        <CFR>0.039407982712538411</CFR>
        <CWH>0.10000319419169636</CWH>
        <CFGlacier>1</CFGlacier>
        <CFSlope>1</CFSlope>
        <FC>107.67971284435112</FC>
        <LP>0.30000000000017429</LP>
        <BETA>1.8958439159383826</BETA>
      </SubCatchmentVegetationZoneParameters>
    </SubCatchmentVegetationZone>
  </SubCatchment>
</Catchment>