<?xml version="1.0" encoding="utf-8"?>
<Catchment xmlns:xsi="http://www.w3.org/2001/XMLSchema-instance" xmlns:xsd="http://www.w3.org/2001/XMLSchema">
  <CatchmentParameters>
    <KSI>0.001</KSI>
    <KGmin>0.05</KGmin>
    <RangeKG>0.1</RangeKG>
    <AG>0.1</AG>
    <PERC>4.7243856467593606</PERC>
    <Alpha>0</Alpha>
    <UZL>45.932415368516175</UZL>
    <K0>0.29399638301973646</K0>
    <K1>0.56686443317901059</K1>
    <K2>0.0802680953650803</K2>
    <MAXBAS>1</MAXBAS>
    <Cet>0</Cet>
    <PCALT>10</PCALT>
    <TCALT>0.6</TCALT>
    <Pelev>0</Pelev>
    <Telev>0</Telev>
    <PART>0.5</PART>
    <DELAY>1</DELAY>
  </CatchmentParameters>
  <VegetationZone>
    <VegetationZoneParameters>
      <TT>1.2344656885160641</TT>
      <CFMAX>0.5001487794278574</CFMAX>
      <SP>0</SP>
      <SFCF>1.3139299051387616</SFCF>
      <CFR>0.054925231291470991</CFR>
      <CWH>0.12233239465882322</CWH>
      <CFGlacier>1</CFGlacier>
      <CFSlope>1</CFSlope>
      <FC>352.24759106013357</FC>
      <LP>0.863289154443739</LP>
      <BETA>2.8141799837007277</BETA>
    </VegetationZoneParameters>
  </VegetationZone>
  <SubCatchment>
    <SubCatchmentParameters>
      <KSI>0.001</KSI>
      <KGmin>0.05</KGmin>
      <RangeKG>0.1</RangeKG>
      <AG>0.1</AG>
      <PERC>4.7243856467593606</PERC>
      <Alpha>0</Alpha>
      <UZL>45.932415368516175</UZL>
      <K0>0.29399638301973646</K0>
      <K1>0.56686443317901059</K1>
      <K2>0.0802680953650803</K2>
      <MAXBAS>1</MAXBAS>
      <Cet>0</Cet>
      <PCALT>10</PCALT>
      <TCALT>0.6</TCALT>
      <Pelev>0</Pelev>
      <Telev>0</Telev>
      <PART>0.5</PART>
      <DELAY>1</DELAY>
    </SubCatchmentParameters>
    <SubCatchmentVegetationZone>
      <SubCatchmentVegetationZoneParameters>
        <TT>1.2344656885160641</TT>
        <CFMAX>0.5001487794278574</CFMAX>
        <SP>0</SP>
        <SFCF>1.3139299051387616</SFCF>
        <CFR>0.054925231291470991</CFR>
        <CWH>0.12233239465882322</CWH>
        <CFGlacier>1</CFGlacier>
        <CFSlope>1</CFSlope>
        <FC>352.24759106013357</FC>
        <LP>0.863289154443739</LP>
        <BETA>2.8141799837007277</BETA>
      </SubCatchmentVegetationZoneParameters>
    </SubCatchmentVegetationZone>
  </SubCatchment>
</Catchment>