<?xml version="1.0" encoding="utf-8"?>
<Catchment xmlns:xsi="http://www.w3.org/2001/XMLSchema-instance" xmlns:xsd="http://www.w3.org/2001/XMLSchema">
  <CatchmentParameters>
    <KSI>0.001</KSI>
    <KGmin>0.05</KGmin>
    <RangeKG>0.1</RangeKG>
    <AG>0.1</AG>
    <PERC>9.9999965452306068</PERC>
    <Alpha>0</Alpha>
    <UZL>25.199094253469497</UZL>
    <K0>0.98999849760201908</K0>
    <K1>0.4820096506991689</K1>
    <K2>0.1146172360314662</K2>
    <MAXBAS>1.3842123190357945</MAXBAS>
    <Cet>0</Cet>
    <PCALT>10</PCALT>
    <TCALT>0.6</TCALT>
    <Pelev>0</Pelev>
    <Telev>0</Telev>
    <PART>0.5</PART>
    <DELAY>1</DELAY>
  </CatchmentParameters>
  <VegetationZone>
    <VegetationZoneParameters>
      <TT>0.656615834913192</TT>
      <CFMAX>4.9997712771336582</CFMAX>
      <SP>0</SP>
      <SFCF>0.50000007787723122</SFCF>
      <CFR>0.065382652110139661</CFR>
      <CWH>0.1000830518726778</CWH>
      <CFGlacier>1</CFGlacier>
      <CFSlope>1</CFSlope>
      <FC>91.284849102305671</FC>
      <LP>0.30000000002379473</LP>
      <BETA>2.3362731964564949</BETA>
    </VegetationZoneParameters>
  </VegetationZone>
  <SubCatchment>
    <SubCatchmentParameters>
      <KSI>0.001</KSI>
      <KGmin>0.05</KGmin>
      <RangeKG>0.1</RangeKG>
      <AG>0.1</AG>
      <PERC>9.9999965452306068</PERC>
      <Alpha>0</Alpha>
      <UZL>25.199094253469497</UZL>
      <K0>0.98999849760201908</K0>
      <K1>0.4820096506991689</K1>
      <K2>0.1146172360314662</K2>
      <MAXBAS>1.3842123190357945</MAXBAS>
      <Cet>0</Cet>
      <PCALT>10</PCALT>
      <TCALT>0.6</TCALT>
      <Pelev>0</Pelev>
      <Telev>0</Telev>
      <PART>0.5</PART>
      <DELAY>1</DELAY>
    </SubCatchmentParameters>
    <SubCatchmentVegetationZone>
      <SubCatchmentVegetationZoneParameters>
        <TT>0.656615834913192</TT>
        <CFMAX>4.9997712771336582</CFMAX>
        <SP>0</SP>
        <SFCF>0.50000007787723122</SFCF>
        <CFR>0.065382652110139661</CFR>
        <CWH>0.1000830518726778</CWH>
        <CFGlacier>1</CFGlacier>
        <CFSlope>1</CFSlope>
        <FC>91.284849102305671</FC>
        <LP>0.30000000002379473</LP>
        <BETA>2.3362731964564949</BETA>
      </SubCatchmentVegetationZoneParameters>
    </SubCatchmentVegetationZone>
  </SubCatchment>
</Catchment>