<?xml version="1.0" encoding="utf-8"?>
<Catchment xmlns:xsi="http://www.w3.org/2001/XMLSchema-instance" xmlns:xsd="http://www.w3.org/2001/XMLSchema">
  <CatchmentParameters>
    <KSI>0.001</KSI>
    <KGmin>0.05</KGmin>
    <RangeKG>0.1</RangeKG>
    <AG>0.1</AG>
    <PERC>8.91944178102276</PERC>
    <Alpha>0</Alpha>
    <UZL>88.5286220254829</UZL>
    <K0>0.40147356062093342</K0>
    <K1>0.60139970080264138</K1>
    <K2>0.14999853478900968</K2>
    <MAXBAS>1.3303456353392782</MAXBAS>
    <Cet>0</Cet>
    <PCALT>10</PCALT>
    <TCALT>0.6</TCALT>
    <Pelev>0</Pelev>
    <Telev>0</Telev>
    <PART>0.5</PART>
    <DELAY>1</DELAY>
  </CatchmentParameters>
  <VegetationZone>
    <VegetationZoneParameters>
      <TT>1.2149005978823371</TT>
      <CFMAX>4.1593084380951808</CFMAX>
      <SP>0</SP>
      <SFCF>0.500008827841494</SFCF>
      <CFR>0.044863974651759356</CFR>
      <CWH>0.10001079422713886</CWH>
      <CFGlacier>1</CFGlacier>
      <CFSlope>1</CFSlope>
      <FC>116.03995593114566</FC>
      <LP>0.30004556912283664</LP>
      <BETA>1.9697858094393181</BETA>
    </VegetationZoneParameters>
  </VegetationZone>
  <SubCatchment>
    <SubCatchmentParameters>
      <KSI>0.001</KSI>
      <KGmin>0.05</KGmin>
      <RangeKG>0.1</RangeKG>
      <AG>0.1</AG>
      <PERC>8.91944178102276</PERC>
      <Alpha>0</Alpha>
      <UZL>88.5286220254829</UZL>
      <K0>0.40147356062093342</K0>
      <K1>0.60139970080264138</K1>
      <K2>0.14999853478900968</K2>
      <MAXBAS>1.3303456353392782</MAXBAS>
      <Cet>0</Cet>
      <PCALT>10</PCALT>
      <TCALT>0.6</TCALT>
      <Pelev>0</Pelev>
      <Telev>0</Telev>
      <PART>0.5</PART>
      <DELAY>1</DELAY>
    </SubCatchmentParameters>
    <SubCatchmentVegetationZone>
      <SubCatchmentVegetationZoneParameters>
        <TT>1.2149005978823371</TT>
        <CFMAX>4.1593084380951808</CFMAX>
        <SP>0</SP>
        <SFCF>0.500008827841494</SFCF>
        <CFR>0.044863974651759356</CFR>
        <CWH>0.10001079422713886</CWH>
        <CFGlacier>1</CFGlacier>
        <CFSlope>1</CFSlope>
        <FC>116.03995593114566</FC>
        <LP>0.30004556912283664</LP>
        <BETA>1.9697858094393181</BETA>
      </SubCatchmentVegetationZoneParameters>
    </SubCatchmentVegetationZone>
  </SubCatchment>
</Catchment>