<?xml version="1.0" encoding="utf-8"?>
<Catchment xmlns:xsi="http://www.w3.org/2001/XMLSchema-instance" xmlns:xsd="http://www.w3.org/2001/XMLSchema">
  <CatchmentParameters>
    <KSI>0.001</KSI>
    <KGmin>0.05</KGmin>
    <RangeKG>0.1</RangeKG>
    <AG>0.1</AG>
    <PERC>5.5182724221070023</PERC>
    <Alpha>0</Alpha>
    <UZL>8.11424494809148</UZL>
    <K0>0.98999558680306754</K0>
    <K1>0.59337606771872153</K1>
    <K2>0.064218968167955984</K2>
    <MAXBAS>1</MAXBAS>
    <Cet>0</Cet>
    <PCALT>10</PCALT>
    <TCALT>0.6</TCALT>
    <Pelev>0</Pelev>
    <Telev>0</Telev>
    <PART>0.5</PART>
    <DELAY>1</DELAY>
  </CatchmentParameters>
  <VegetationZone>
    <VegetationZoneParameters>
      <TT>2.4826207142203112</TT>
      <CFMAX>1.3274445157334507</CFMAX>
      <SP>0</SP>
      <SFCF>0.85985270652472767</SFCF>
      <CFR>0.042810886683076275</CFR>
      <CWH>0.1999735271427901</CWH>
      <CFGlacier>1</CFGlacier>
      <CFSlope>1</CFSlope>
      <FC>2375.440246680675</FC>
      <LP>0.99990719033606912</LP>
      <BETA>4.0661602516127111</BETA>
    </VegetationZoneParameters>
  </VegetationZone>
  <SubCatchment>
    <SubCatchmentParameters>
      <KSI>0.001</KSI>
      <KGmin>0.05</KGmin>
      <RangeKG>0.1</RangeKG>
      <AG>0.1</AG>
      <PERC>5.5182724221070023</PERC>
      <Alpha>0</Alpha>
      <UZL>8.11424494809148</UZL>
      <K0>0.98999558680306754</K0>
      <K1>0.59337606771872153</K1>
      <K2>0.064218968167955984</K2>
      <MAXBAS>1</MAXBAS>
      <Cet>0</Cet>
      <PCALT>10</PCALT>
      <TCALT>0.6</TCALT>
      <Pelev>0</Pelev>
      <Telev>0</Telev>
      <PART>0.5</PART>
      <DELAY>1</DELAY>
    </SubCatchmentParameters>
    <SubCatchmentVegetationZone>
      <SubCatchmentVegetationZoneParameters>
        <TT>2.4826207142203112</TT>
        <CFMAX>1.3274445157334507</CFMAX>
        <SP>0</SP>
        <SFCF>0.85985270652472767</SFCF>
        <CFR>0.042810886683076275</CFR>
        <CWH>0.1999735271427901</CWH>
        <CFGlacier>1</CFGlacier>
        <CFSlope>1</CFSlope>
        <FC>2375.440246680675</FC>
        <LP>0.99990719033606912</LP>
        <BETA>4.0661602516127111</BETA>
      </SubCatchmentVegetationZoneParameters>
    </SubCatchmentVegetationZone>
  </SubCatchment>
</Catchment>