<?xml version="1.0" encoding="utf-8"?>
<Catchment xmlns:xsi="http://www.w3.org/2001/XMLSchema-instance" xmlns:xsd="http://www.w3.org/2001/XMLSchema">
  <CatchmentParameters>
    <KSI>0.001</KSI>
    <KGmin>0.05</KGmin>
    <RangeKG>0.1</RangeKG>
    <AG>0.1</AG>
    <PERC>8.0557336514227327</PERC>
    <Alpha>0</Alpha>
    <UZL>29.517968801709223</UZL>
    <K0>0.98999801548102573</K0>
    <K1>0.30954312475066553</K1>
    <K2>0.09295361227092587</K2>
    <MAXBAS>1.0248028901474979</MAXBAS>
    <Cet>0</Cet>
    <PCALT>10</PCALT>
    <TCALT>0.6</TCALT>
    <Pelev>0</Pelev>
    <Telev>0</Telev>
    <PART>0.5</PART>
    <DELAY>1</DELAY>
  </CatchmentParameters>
  <VegetationZone>
    <VegetationZoneParameters>
      <TT>1.300282712230354</TT>
      <CFMAX>4.9996486086347245</CFMAX>
      <SP>0</SP>
      <SFCF>0.5000000393951175</SFCF>
      <CFR>0.066179941108227433</CFR>
      <CWH>0.1000170731950833</CWH>
      <CFGlacier>1</CFGlacier>
      <CFSlope>1</CFSlope>
      <FC>84.282397808391835</FC>
      <LP>0.30000000016296946</LP>
      <BETA>2.4581679593363108</BETA>
    </VegetationZoneParameters>
  </VegetationZone>
  <SubCatchment>
    <SubCatchmentParameters>
      <KSI>0.001</KSI>
      <KGmin>0.05</KGmin>
      <RangeKG>0.1</RangeKG>
      <AG>0.1</AG>
      <PERC>8.0557336514227327</PERC>
      <Alpha>0</Alpha>
      <UZL>29.517968801709223</UZL>
      <K0>0.98999801548102573</K0>
      <K1>0.30954312475066553</K1>
      <K2>0.09295361227092587</K2>
      <MAXBAS>1.0248028901474979</MAXBAS>
      <Cet>0</Cet>
      <PCALT>10</PCALT>
      <TCALT>0.6</TCALT>
      <Pelev>0</Pelev>
      <Telev>0</Telev>
      <PART>0.5</PART>
      <DELAY>1</DELAY>
    </SubCatchmentParameters>
    <SubCatchmentVegetationZone>
      <SubCatchmentVegetationZoneParameters>
        <TT>1.300282712230354</TT>
        <CFMAX>4.9996486086347245</CFMAX>
        <SP>0</SP>
        <SFCF>0.5000000393951175</SFCF>
        <CFR>0.066179941108227433</CFR>
        <CWH>0.1000170731950833</CWH>
        <CFGlacier>1</CFGlacier>
        <CFSlope>1</CFSlope>
        <FC>84.282397808391835</FC>
        <LP>0.30000000016296946</LP>
        <BETA>2.4581679593363108</BETA>
      </SubCatchmentVegetationZoneParameters>
    </SubCatchmentVegetationZone>
  </SubCatchment>
</Catchment>