<?xml version="1.0" encoding="utf-8"?>
<Catchment xmlns:xsi="http://www.w3.org/2001/XMLSchema-instance" xmlns:xsd="http://www.w3.org/2001/XMLSchema">
  <CatchmentParameters>
    <KSI>0.001</KSI>
    <KGmin>0.05</KGmin>
    <RangeKG>0.1</RangeKG>
    <AG>0.1</AG>
    <PERC>5.0894729668691889</PERC>
    <Alpha>0</Alpha>
    <UZL>176.144401924537</UZL>
    <K0>0.16006603578359172</K0>
    <K1>0.7839815151482975</K1>
    <K2>0.14999999990464924</K2>
    <MAXBAS>1.4314530123635669</MAXBAS>
    <Cet>0</Cet>
    <PCALT>10</PCALT>
    <TCALT>0.6</TCALT>
    <Pelev>0</Pelev>
    <Telev>0</Telev>
    <PART>0.5</PART>
    <DELAY>1</DELAY>
  </CatchmentParameters>
  <VegetationZone>
    <VegetationZoneParameters>
      <TT>2.4608800763193228</TT>
      <CFMAX>0.50812670427053885</CFMAX>
      <SP>0</SP>
      <SFCF>1.4999964766178116</SFCF>
      <CFR>0.022403399325623515</CFR>
      <CWH>0.13676718246018838</CWH>
      <CFGlacier>1</CFGlacier>
      <CFSlope>1</CFSlope>
      <FC>438.2864528367565</FC>
      <LP>0.86069710054642479</LP>
      <BETA>2.7873567857273014</BETA>
    </VegetationZoneParameters>
  </VegetationZone>
  <SubCatchment>
    <SubCatchmentParameters>
      <KSI>0.001</KSI>
      <KGmin>0.05</KGmin>
      <RangeKG>0.1</RangeKG>
      <AG>0.1</AG>
      <PERC>5.0894729668691889</PERC>
      <Alpha>0</Alpha>
      <UZL>176.144401924537</UZL>
      <K0>0.16006603578359172</K0>
      <K1>0.7839815151482975</K1>
      <K2>0.14999999990464924</K2>
      <MAXBAS>1.4314530123635669</MAXBAS>
      <Cet>0</Cet>
      <PCALT>10</PCALT>
      <TCALT>0.6</TCALT>
      <Pelev>0</Pelev>
      <Telev>0</Telev>
      <PART>0.5</PART>
      <DELAY>1</DELAY>
    </SubCatchmentParameters>
    <SubCatchmentVegetationZone>
      <SubCatchmentVegetationZoneParameters>
        <TT>2.4608800763193228</TT>
        <CFMAX>0.50812670427053885</CFMAX>
        <SP>0</SP>
        <SFCF>1.4999964766178116</SFCF>
        <CFR>0.022403399325623515</CFR>
        <CWH>0.13676718246018838</CWH>
        <CFGlacier>1</CFGlacier>
        <CFSlope>1</CFSlope>
        <FC>438.2864528367565</FC>
        <LP>0.86069710054642479</LP>
        <BETA>2.7873567857273014</BETA>
      </SubCatchmentVegetationZoneParameters>
    </SubCatchmentVegetationZone>
  </SubCatchment>
</Catchment>