<?xml version="1.0" encoding="utf-8"?>
<Catchment xmlns:xsi="http://www.w3.org/2001/XMLSchema-instance" xmlns:xsd="http://www.w3.org/2001/XMLSchema">
  <CatchmentParameters>
    <KSI>0.001</KSI>
    <KGmin>0.05</KGmin>
    <RangeKG>0.1</RangeKG>
    <AG>0.1</AG>
    <PERC>4.5880347529607759</PERC>
    <Alpha>0</Alpha>
    <UZL>150.67920295632789</UZL>
    <K0>0.062161077600908526</K0>
    <K1>0.56260108240980222</K1>
    <K2>0.073945019575110127</K2>
    <MAXBAS>1</MAXBAS>
    <Cet>0</Cet>
    <PCALT>10</PCALT>
    <TCALT>0.6</TCALT>
    <Pelev>0</Pelev>
    <Telev>0</Telev>
    <PART>0.5</PART>
    <DELAY>1</DELAY>
  </CatchmentParameters>
  <VegetationZone>
    <VegetationZoneParameters>
      <TT>2.3411704063596446</TT>
      <CFMAX>0.66001129710346185</CFMAX>
      <SP>0</SP>
      <SFCF>1.3153184453183924</SFCF>
      <CFR>0.025710059037183677</CFR>
      <CWH>0.12843900107821174</CWH>
      <CFGlacier>1</CFGlacier>
      <CFSlope>1</CFSlope>
      <FC>327.84197036500279</FC>
      <LP>0.81648766270038464</LP>
      <BETA>2.67316048591437</BETA>
    </VegetationZoneParameters>
  </VegetationZone>
  <SubCatchment>
    <SubCatchmentParameters>
      <KSI>0.001</KSI>
      <KGmin>0.05</KGmin>
      <RangeKG>0.1</RangeKG>
      <AG>0.1</AG>
      <PERC>4.5880347529607759</PERC>
      <Alpha>0</Alpha>
      <UZL>150.67920295632789</UZL>
      <K0>0.062161077600908526</K0>
      <K1>0.56260108240980222</K1>
      <K2>0.073945019575110127</K2>
      <MAXBAS>1</MAXBAS>
      <Cet>0</Cet>
      <PCALT>10</PCALT>
      <TCALT>0.6</TCALT>
      <Pelev>0</Pelev>
      <Telev>0</Telev>
      <PART>0.5</PART>
      <DELAY>1</DELAY>
    </SubCatchmentParameters>
    <SubCatchmentVegetationZone>
      <SubCatchmentVegetationZoneParameters>
        <TT>2.3411704063596446</TT>
        <CFMAX>0.66001129710346185</CFMAX>
        <SP>0</SP>
        <SFCF>1.3153184453183924</SFCF>
        <CFR>0.025710059037183677</CFR>
        <CWH>0.12843900107821174</CWH>
        <CFGlacier>1</CFGlacier>
        <CFSlope>1</CFSlope>
        <FC>327.84197036500279</FC>
        <LP>0.81648766270038464</LP>
        <BETA>2.67316048591437</BETA>
      </SubCatchmentVegetationZoneParameters>
    </SubCatchmentVegetationZone>
  </SubCatchment>
</Catchment>