<?xml version="1.0" encoding="utf-8"?>
<Catchment xmlns:xsi="http://www.w3.org/2001/XMLSchema-instance" xmlns:xsd="http://www.w3.org/2001/XMLSchema">
  <CatchmentParameters>
    <KSI>0.001</KSI>
    <KGmin>0.05</KGmin>
    <RangeKG>0.1</RangeKG>
    <AG>0.1</AG>
    <PERC>6.7382002477853185</PERC>
    <Alpha>0</Alpha>
    <UZL>18.463796256815485</UZL>
    <K0>0.98999929477337634</K0>
    <K1>0.60862613874264959</K1>
    <K2>0.14999991778322416</K2>
    <MAXBAS>1.4743283669536835</MAXBAS>
    <Cet>0</Cet>
    <PCALT>10</PCALT>
    <TCALT>0.6</TCALT>
    <Pelev>0</Pelev>
    <Telev>0</Telev>
    <PART>0.5</PART>
    <DELAY>1</DELAY>
  </CatchmentParameters>
  <VegetationZone>
    <VegetationZoneParameters>
      <TT>-1.0996342787318063</TT>
      <CFMAX>1.1620615737822242</CFMAX>
      <SP>0</SP>
      <SFCF>0.50000005381288426</SFCF>
      <CFR>0.029120370922839506</CFR>
      <CWH>0.19981472352310623</CWH>
      <CFGlacier>1</CFGlacier>
      <CFSlope>1</CFSlope>
      <FC>137.81665645612026</FC>
      <LP>0.31378483208421837</LP>
      <BETA>1.8803287954267738</BETA>
    </VegetationZoneParameters>
  </VegetationZone>
  <SubCatchment>
    <SubCatchmentParameters>
      <KSI>0.001</KSI>
      <KGmin>0.05</KGmin>
      <RangeKG>0.1</RangeKG>
      <AG>0.1</AG>
      <PERC>6.7382002477853185</PERC>
      <Alpha>0</Alpha>
      <UZL>18.463796256815485</UZL>
      <K0>0.98999929477337634</K0>
      <K1>0.60862613874264959</K1>
      <K2>0.14999991778322416</K2>
      <MAXBAS>1.4743283669536835</MAXBAS>
      <Cet>0</Cet>
      <PCALT>10</PCALT>
      <TCALT>0.6</TCALT>
      <Pelev>0</Pelev>
      <Telev>0</Telev>
      <PART>0.5</PART>
      <DELAY>1</DELAY>
    </SubCatchmentParameters>
    <SubCatchmentVegetationZone>
      <SubCatchmentVegetationZoneParameters>
        <TT>-1.0996342787318063</TT>
        <CFMAX>1.1620615737822242</CFMAX>
        <SP>0</SP>
        <SFCF>0.50000005381288426</SFCF>
        <CFR>0.029120370922839506</CFR>
        <CWH>0.19981472352310623</CWH>
        <CFGlacier>1</CFGlacier>
        <CFSlope>1</CFSlope>
        <FC>137.81665645612026</FC>
        <LP>0.31378483208421837</LP>
        <BETA>1.8803287954267738</BETA>
      </SubCatchmentVegetationZoneParameters>
    </SubCatchmentVegetationZone>
  </SubCatchment>
</Catchment>