<?xml version="1.0" encoding="utf-8"?>
<Catchment xmlns:xsi="http://www.w3.org/2001/XMLSchema-instance" xmlns:xsd="http://www.w3.org/2001/XMLSchema">
  <CatchmentParameters>
    <KSI>0.001</KSI>
    <KGmin>0.05</KGmin>
    <RangeKG>0.1</RangeKG>
    <AG>0.1</AG>
    <PERC>5.255371476636598</PERC>
    <Alpha>0</Alpha>
    <UZL>98.071390099203086</UZL>
    <K0>0.53220548344741436</K0>
    <K1>0.79999139797745467</K1>
    <K2>0.14999961149647528</K2>
    <MAXBAS>1.4329381045947884</MAXBAS>
    <Cet>0</Cet>
    <PCALT>10</PCALT>
    <TCALT>0.6</TCALT>
    <Pelev>0</Pelev>
    <Telev>0</Telev>
    <PART>0.5</PART>
    <DELAY>1</DELAY>
  </CatchmentParameters>
  <VegetationZone>
    <VegetationZoneParameters>
      <TT>2.4995022675866534</TT>
      <CFMAX>0.51516018806526276</CFMAX>
      <SP>0</SP>
      <SFCF>1.4999989468575603</SFCF>
      <CFR>0.099591715054711427</CFR>
      <CWH>0.10000259704492431</CWH>
      <CFGlacier>1</CFGlacier>
      <CFSlope>1</CFSlope>
      <FC>439.37475502125807</FC>
      <LP>0.92454969948039822</LP>
      <BETA>3.238730481195359</BETA>
    </VegetationZoneParameters>
  </VegetationZone>
  <SubCatchment>
    <SubCatchmentParameters>
      <KSI>0.001</KSI>
      <KGmin>0.05</KGmin>
      <RangeKG>0.1</RangeKG>
      <AG>0.1</AG>
      <PERC>5.255371476636598</PERC>
      <Alpha>0</Alpha>
      <UZL>98.071390099203086</UZL>
      <K0>0.53220548344741436</K0>
      <K1>0.79999139797745467</K1>
      <K2>0.14999961149647528</K2>
      <MAXBAS>1.4329381045947884</MAXBAS>
      <Cet>0</Cet>
      <PCALT>10</PCALT>
      <TCALT>0.6</TCALT>
      <Pelev>0</Pelev>
      <Telev>0</Telev>
      <PART>0.5</PART>
      <DELAY>1</DELAY>
    </SubCatchmentParameters>
    <SubCatchmentVegetationZone>
      <SubCatchmentVegetationZoneParameters>
        <TT>2.4995022675866534</TT>
        <CFMAX>0.51516018806526276</CFMAX>
        <SP>0</SP>
        <SFCF>1.4999989468575603</SFCF>
        <CFR>0.099591715054711427</CFR>
        <CWH>0.10000259704492431</CWH>
        <CFGlacier>1</CFGlacier>
        <CFSlope>1</CFSlope>
        <FC>439.37475502125807</FC>
        <LP>0.92454969948039822</LP>
        <BETA>3.238730481195359</BETA>
      </SubCatchmentVegetationZoneParameters>
    </SubCatchmentVegetationZone>
  </SubCatchment>
</Catchment>