<?xml version="1.0" encoding="utf-8"?>
<Catchment xmlns:xsi="http://www.w3.org/2001/XMLSchema-instance" xmlns:xsd="http://www.w3.org/2001/XMLSchema">
  <CatchmentParameters>
    <KSI>0.001</KSI>
    <KGmin>0.05</KGmin>
    <RangeKG>0.1</RangeKG>
    <AG>0.1</AG>
    <PERC>4.5917754309821577</PERC>
    <Alpha>0</Alpha>
    <UZL>63.375253650442183</UZL>
    <K0>0.27950746777130647</K0>
    <K1>0.62210399527352178</K1>
    <K2>0.082780180838288614</K2>
    <MAXBAS>1</MAXBAS>
    <Cet>0</Cet>
    <PCALT>10</PCALT>
    <TCALT>0.6</TCALT>
    <Pelev>0</Pelev>
    <Telev>0</Telev>
    <PART>0.5</PART>
    <DELAY>1</DELAY>
  </CatchmentParameters>
  <VegetationZone>
    <VegetationZoneParameters>
      <TT>1.1445238787193677</TT>
      <CFMAX>0.50450377954071712</CFMAX>
      <SP>0</SP>
      <SFCF>1.301502488398258</SFCF>
      <CFR>0.099967495444127252</CFR>
      <CWH>0.19999983683110564</CWH>
      <CFGlacier>1</CFGlacier>
      <CFSlope>1</CFSlope>
      <FC>596.065351263971</FC>
      <LP>0.71586053910423153</LP>
      <BETA>2.0011751843868062</BETA>
    </VegetationZoneParameters>
  </VegetationZone>
  <SubCatchment>
    <SubCatchmentParameters>
      <KSI>0.001</KSI>
      <KGmin>0.05</KGmin>
      <RangeKG>0.1</RangeKG>
      <AG>0.1</AG>
      <PERC>4.5917754309821577</PERC>
      <Alpha>0</Alpha>
      <UZL>63.375253650442183</UZL>
      <K0>0.27950746777130647</K0>
      <K1>0.62210399527352178</K1>
      <K2>0.082780180838288614</K2>
      <MAXBAS>1</MAXBAS>
      <Cet>0</Cet>
      <PCALT>10</PCALT>
      <TCALT>0.6</TCALT>
      <Pelev>0</Pelev>
      <Telev>0</Telev>
      <PART>0.5</PART>
      <DELAY>1</DELAY>
    </SubCatchmentParameters>
    <SubCatchmentVegetationZone>
      <SubCatchmentVegetationZoneParameters>
        <TT>1.1445238787193677</TT>
        <CFMAX>0.50450377954071712</CFMAX>
        <SP>0</SP>
        <SFCF>1.301502488398258</SFCF>
        <CFR>0.099967495444127252</CFR>
        <CWH>0.19999983683110564</CWH>
        <CFGlacier>1</CFGlacier>
        <CFSlope>1</CFSlope>
        <FC>596.065351263971</FC>
        <LP>0.71586053910423153</LP>
        <BETA>2.0011751843868062</BETA>
      </SubCatchmentVegetationZoneParameters>
    </SubCatchmentVegetationZone>
  </SubCatchment>
</Catchment>