<?xml version="1.0" encoding="utf-8"?>
<Catchment xmlns:xsi="http://www.w3.org/2001/XMLSchema-instance" xmlns:xsd="http://www.w3.org/2001/XMLSchema">
  <CatchmentParameters>
    <KSI>0.001</KSI>
    <KGmin>0.05</KGmin>
    <RangeKG>0.1</RangeKG>
    <AG>0.1</AG>
    <PERC>5.5239088258406754</PERC>
    <Alpha>0</Alpha>
    <UZL>85.843787125422722</UZL>
    <K0>0.366068864380014</K0>
    <K1>0.49593898429936922</K1>
    <K2>0.055097988578788129</K2>
    <MAXBAS>1</MAXBAS>
    <Cet>0</Cet>
    <PCALT>10</PCALT>
    <TCALT>0.6</TCALT>
    <Pelev>0</Pelev>
    <Telev>0</Telev>
    <PART>0.5</PART>
    <DELAY>1</DELAY>
  </CatchmentParameters>
  <VegetationZone>
    <VegetationZoneParameters>
      <TT>0.99307629557611532</TT>
      <CFMAX>0.50115456672386061</CFMAX>
      <SP>0</SP>
      <SFCF>1.0740086028518419</SFCF>
      <CFR>1.8954742590875239E-06</CFR>
      <CWH>0.19999634807504774</CWH>
      <CFGlacier>1</CFGlacier>
      <CFSlope>1</CFSlope>
      <FC>191.10967862616857</FC>
      <LP>0.47501141241190092</LP>
      <BETA>1.7486193972402406</BETA>
    </VegetationZoneParameters>
  </VegetationZone>
  <SubCatchment>
    <SubCatchmentParameters>
      <KSI>0.001</KSI>
      <KGmin>0.05</KGmin>
      <RangeKG>0.1</RangeKG>
      <AG>0.1</AG>
      <PERC>5.5239088258406754</PERC>
      <Alpha>0</Alpha>
      <UZL>85.843787125422722</UZL>
      <K0>0.366068864380014</K0>
      <K1>0.49593898429936922</K1>
      <K2>0.055097988578788129</K2>
      <MAXBAS>1</MAXBAS>
      <Cet>0</Cet>
      <PCALT>10</PCALT>
      <TCALT>0.6</TCALT>
      <Pelev>0</Pelev>
      <Telev>0</Telev>
      <PART>0.5</PART>
      <DELAY>1</DELAY>
    </SubCatchmentParameters>
    <SubCatchmentVegetationZone>
      <SubCatchmentVegetationZoneParameters>
        <TT>0.99307629557611532</TT>
        <CFMAX>0.50115456672386061</CFMAX>
        <SP>0</SP>
        <SFCF>1.0740086028518419</SFCF>
        <CFR>1.8954742590875239E-06</CFR>
        <CWH>0.19999634807504774</CWH>
        <CFGlacier>1</CFGlacier>
        <CFSlope>1</CFSlope>
        <FC>191.10967862616857</FC>
        <LP>0.47501141241190092</LP>
        <BETA>1.7486193972402406</BETA>
      </SubCatchmentVegetationZoneParameters>
    </SubCatchmentVegetationZone>
  </SubCatchment>
</Catchment>