<?xml version="1.0" encoding="utf-8"?>
<Catchment xmlns:xsi="http://www.w3.org/2001/XMLSchema-instance" xmlns:xsd="http://www.w3.org/2001/XMLSchema">
  <CatchmentParameters>
    <KSI>0.001</KSI>
    <KGmin>0.05</KGmin>
    <RangeKG>0.1</RangeKG>
    <AG>0.1</AG>
    <PERC>4.412457872321</PERC>
    <Alpha>0</Alpha>
    <UZL>90.97323265251994</UZL>
    <K0>0.1621544636442791</K0>
    <K1>0.53676869144139516</K1>
    <K2>0.0741143660555072</K2>
    <MAXBAS>1</MAXBAS>
    <Cet>0</Cet>
    <PCALT>10</PCALT>
    <TCALT>0.6</TCALT>
    <Pelev>0</Pelev>
    <Telev>0</Telev>
    <PART>0.5</PART>
    <DELAY>1</DELAY>
  </CatchmentParameters>
  <VegetationZone>
    <VegetationZoneParameters>
      <TT>1.5892930693118959</TT>
      <CFMAX>0.50008664019416738</CFMAX>
      <SP>0</SP>
      <SFCF>1.1818537593500582</SFCF>
      <CFR>0.099982717133171958</CFR>
      <CWH>0.10063514272132444</CWH>
      <CFGlacier>1</CFGlacier>
      <CFSlope>1</CFSlope>
      <FC>322.36177268345233</FC>
      <LP>0.713688078643874</LP>
      <BETA>2.1813658567967606</BETA>
    </VegetationZoneParameters>
  </VegetationZone>
  <SubCatchment>
    <SubCatchmentParameters>
      <KSI>0.001</KSI>
      <KGmin>0.05</KGmin>
      <RangeKG>0.1</RangeKG>
      <AG>0.1</AG>
      <PERC>4.412457872321</PERC>
      <Alpha>0</Alpha>
      <UZL>90.97323265251994</UZL>
      <K0>0.1621544636442791</K0>
      <K1>0.53676869144139516</K1>
      <K2>0.0741143660555072</K2>
      <MAXBAS>1</MAXBAS>
      <Cet>0</Cet>
      <PCALT>10</PCALT>
      <TCALT>0.6</TCALT>
      <Pelev>0</Pelev>
      <Telev>0</Telev>
      <PART>0.5</PART>
      <DELAY>1</DELAY>
    </SubCatchmentParameters>
    <SubCatchmentVegetationZone>
      <SubCatchmentVegetationZoneParameters>
        <TT>1.5892930693118959</TT>
        <CFMAX>0.50008664019416738</CFMAX>
        <SP>0</SP>
        <SFCF>1.1818537593500582</SFCF>
        <CFR>0.099982717133171958</CFR>
        <CWH>0.10063514272132444</CWH>
        <CFGlacier>1</CFGlacier>
        <CFSlope>1</CFSlope>
        <FC>322.36177268345233</FC>
        <LP>0.713688078643874</LP>
        <BETA>2.1813658567967606</BETA>
      </SubCatchmentVegetationZoneParameters>
    </SubCatchmentVegetationZone>
  </SubCatchment>
</Catchment>