<?xml version="1.0" encoding="utf-8"?>
<Catchment xmlns:xsi="http://www.w3.org/2001/XMLSchema-instance" xmlns:xsd="http://www.w3.org/2001/XMLSchema">
  <CatchmentParameters>
    <KSI>0.001</KSI>
    <KGmin>0.05</KGmin>
    <RangeKG>0.1</RangeKG>
    <AG>0.1</AG>
    <PERC>1.291743096951921</PERC>
    <Alpha>0</Alpha>
    <UZL>33.368624606693281</UZL>
    <K0>0.84297454397639293</K0>
    <K1>0.11124654301734442</K1>
    <K2>0.020000008337689754</K2>
    <MAXBAS>1.3058307841586974</MAXBAS>
    <Cet>0</Cet>
    <PCALT>10</PCALT>
    <TCALT>0.6</TCALT>
    <Pelev>0</Pelev>
    <Telev>0</Telev>
    <PART>0.5</PART>
    <DELAY>1</DELAY>
  </CatchmentParameters>
  <VegetationZone>
    <VegetationZoneParameters>
      <TT>1.6086084979971214</TT>
      <CFMAX>2.4736576740604685</CFMAX>
      <SP>0</SP>
      <SFCF>0.50000091495634735</SFCF>
      <CFR>0.098276651976199919</CFR>
      <CWH>0.10000000128266916</CWH>
      <CFGlacier>1</CFGlacier>
      <CFSlope>1</CFSlope>
      <FC>75.18878167355679</FC>
      <LP>0.35167460413945889</LP>
      <BETA>2.4029849361830258</BETA>
    </VegetationZoneParameters>
  </VegetationZone>
  <SubCatchment>
    <SubCatchmentParameters>
      <KSI>0.001</KSI>
      <KGmin>0.05</KGmin>
      <RangeKG>0.1</RangeKG>
      <AG>0.1</AG>
      <PERC>1.291743096951921</PERC>
      <Alpha>0</Alpha>
      <UZL>33.368624606693281</UZL>
      <K0>0.84297454397639293</K0>
      <K1>0.11124654301734442</K1>
      <K2>0.020000008337689754</K2>
      <MAXBAS>1.3058307841586974</MAXBAS>
      <Cet>0</Cet>
      <PCALT>10</PCALT>
      <TCALT>0.6</TCALT>
      <Pelev>0</Pelev>
      <Telev>0</Telev>
      <PART>0.5</PART>
      <DELAY>1</DELAY>
    </SubCatchmentParameters>
    <SubCatchmentVegetationZone>
      <SubCatchmentVegetationZoneParameters>
        <TT>1.6086084979971214</TT>
        <CFMAX>2.4736576740604685</CFMAX>
        <SP>0</SP>
        <SFCF>0.50000091495634735</SFCF>
        <CFR>0.098276651976199919</CFR>
        <CWH>0.10000000128266916</CWH>
        <CFGlacier>1</CFGlacier>
        <CFSlope>1</CFSlope>
        <FC>75.18878167355679</FC>
        <LP>0.35167460413945889</LP>
        <BETA>2.4029849361830258</BETA>
      </SubCatchmentVegetationZoneParameters>
    </SubCatchmentVegetationZone>
  </SubCatchment>
</Catchment>