<?xml version="1.0" encoding="utf-8"?>
<Catchment xmlns:xsi="http://www.w3.org/2001/XMLSchema-instance" xmlns:xsd="http://www.w3.org/2001/XMLSchema">
  <CatchmentParameters>
    <KSI>0.001</KSI>
    <KGmin>0.05</KGmin>
    <RangeKG>0.1</RangeKG>
    <AG>0.1</AG>
    <PERC>5.1192654463222675</PERC>
    <Alpha>0</Alpha>
    <UZL>176.5925428859012</UZL>
    <K0>0.2315485048951329</K0>
    <K1>0.79716420134461408</K1>
    <K2>0.14999999951522774</K2>
    <MAXBAS>1.4103113212087686</MAXBAS>
    <Cet>0</Cet>
    <PCALT>10</PCALT>
    <TCALT>0.6</TCALT>
    <Pelev>0</Pelev>
    <Telev>0</Telev>
    <PART>0.5</PART>
    <DELAY>1</DELAY>
  </CatchmentParameters>
  <VegetationZone>
    <VegetationZoneParameters>
      <TT>2.4999098243633804</TT>
      <CFMAX>0.5095699252966458</CFMAX>
      <SP>0</SP>
      <SFCF>1.4999995652561284</SFCF>
      <CFR>0.016273905792270907</CFR>
      <CWH>0.10901914054365919</CWH>
      <CFGlacier>1</CFGlacier>
      <CFSlope>1</CFSlope>
      <FC>378.51761035974141</FC>
      <LP>0.95919180421489214</LP>
      <BETA>3.7943107188269813</BETA>
    </VegetationZoneParameters>
  </VegetationZone>
  <SubCatchment>
    <SubCatchmentParameters>
      <KSI>0.001</KSI>
      <KGmin>0.05</KGmin>
      <RangeKG>0.1</RangeKG>
      <AG>0.1</AG>
      <PERC>5.1192654463222675</PERC>
      <Alpha>0</Alpha>
      <UZL>176.5925428859012</UZL>
      <K0>0.2315485048951329</K0>
      <K1>0.79716420134461408</K1>
      <K2>0.14999999951522774</K2>
      <MAXBAS>1.4103113212087686</MAXBAS>
      <Cet>0</Cet>
      <PCALT>10</PCALT>
      <TCALT>0.6</TCALT>
      <Pelev>0</Pelev>
      <Telev>0</Telev>
      <PART>0.5</PART>
      <DELAY>1</DELAY>
    </SubCatchmentParameters>
    <SubCatchmentVegetationZone>
      <SubCatchmentVegetationZoneParameters>
        <TT>2.4999098243633804</TT>
        <CFMAX>0.5095699252966458</CFMAX>
        <SP>0</SP>
        <SFCF>1.4999995652561284</SFCF>
        <CFR>0.016273905792270907</CFR>
        <CWH>0.10901914054365919</CWH>
        <CFGlacier>1</CFGlacier>
        <CFSlope>1</CFSlope>
        <FC>378.51761035974141</FC>
        <LP>0.95919180421489214</LP>
        <BETA>3.7943107188269813</BETA>
      </SubCatchmentVegetationZoneParameters>
    </SubCatchmentVegetationZone>
  </SubCatchment>
</Catchment>