<?xml version="1.0" encoding="utf-8"?>
<Catchment xmlns:xsi="http://www.w3.org/2001/XMLSchema-instance" xmlns:xsd="http://www.w3.org/2001/XMLSchema">
  <CatchmentParameters>
    <KSI>0.001</KSI>
    <KGmin>0.05</KGmin>
    <RangeKG>0.1</RangeKG>
    <AG>0.1</AG>
    <PERC>6.0304070951142261</PERC>
    <Alpha>0</Alpha>
    <UZL>132.54976841934848</UZL>
    <K0>0.31073487037856046</K0>
    <K1>0.778143410747008</K1>
    <K2>0.14999997471541804</K2>
    <MAXBAS>1.3928873648171936</MAXBAS>
    <Cet>0</Cet>
    <PCALT>10</PCALT>
    <TCALT>0.6</TCALT>
    <Pelev>0</Pelev>
    <Telev>0</Telev>
    <PART>0.5</PART>
    <DELAY>1</DELAY>
  </CatchmentParameters>
  <VegetationZone>
    <VegetationZoneParameters>
      <TT>2.4132596498396066</TT>
      <CFMAX>0.50604575944333263</CFMAX>
      <SP>0</SP>
      <SFCF>1.4999999170620253</SFCF>
      <CFR>0.068233675325988674</CFR>
      <CWH>0.10002647748811459</CWH>
      <CFGlacier>1</CFGlacier>
      <CFSlope>1</CFSlope>
      <FC>408.4213728839718</FC>
      <LP>0.96664050150345116</LP>
      <BETA>3.2454008909059535</BETA>
    </VegetationZoneParameters>
  </VegetationZone>
  <SubCatchment>
    <SubCatchmentParameters>
      <KSI>0.001</KSI>
      <KGmin>0.05</KGmin>
      <RangeKG>0.1</RangeKG>
      <AG>0.1</AG>
      <PERC>6.0304070951142261</PERC>
      <Alpha>0</Alpha>
      <UZL>132.54976841934848</UZL>
      <K0>0.31073487037856046</K0>
      <K1>0.778143410747008</K1>
      <K2>0.14999997471541804</K2>
      <MAXBAS>1.3928873648171936</MAXBAS>
      <Cet>0</Cet>
      <PCALT>10</PCALT>
      <TCALT>0.6</TCALT>
      <Pelev>0</Pelev>
      <Telev>0</Telev>
      <PART>0.5</PART>
      <DELAY>1</DELAY>
    </SubCatchmentParameters>
    <SubCatchmentVegetationZone>
      <SubCatchmentVegetationZoneParameters>
        <TT>2.4132596498396066</TT>
        <CFMAX>0.50604575944333263</CFMAX>
        <SP>0</SP>
        <SFCF>1.4999999170620253</SFCF>
        <CFR>0.068233675325988674</CFR>
        <CWH>0.10002647748811459</CWH>
        <CFGlacier>1</CFGlacier>
        <CFSlope>1</CFSlope>
        <FC>408.4213728839718</FC>
        <LP>0.96664050150345116</LP>
        <BETA>3.2454008909059535</BETA>
      </SubCatchmentVegetationZoneParameters>
    </SubCatchmentVegetationZone>
  </SubCatchment>
</Catchment>