<?xml version="1.0" encoding="utf-8"?>
<Catchment xmlns:xsi="http://www.w3.org/2001/XMLSchema-instance" xmlns:xsd="http://www.w3.org/2001/XMLSchema">
  <CatchmentParameters>
    <KSI>0.001</KSI>
    <KGmin>0.05</KGmin>
    <RangeKG>0.1</RangeKG>
    <AG>0.1</AG>
    <PERC>9.9999956818348714</PERC>
    <Alpha>0</Alpha>
    <UZL>123.01259244973635</UZL>
    <K0>0.39509141551224425</K0>
    <K1>0.533966407713174</K1>
    <K2>0.12360219443128971</K2>
    <MAXBAS>1.2695159895891226</MAXBAS>
    <Cet>0</Cet>
    <PCALT>10</PCALT>
    <TCALT>0.6</TCALT>
    <Pelev>0</Pelev>
    <Telev>0</Telev>
    <PART>0.5</PART>
    <DELAY>1</DELAY>
  </CatchmentParameters>
  <VegetationZone>
    <VegetationZoneParameters>
      <TT>1.2991976388587345</TT>
      <CFMAX>4.9993729196902184</CFMAX>
      <SP>0</SP>
      <SFCF>0.50000017528141583</SFCF>
      <CFR>0.042915598222713423</CFR>
      <CWH>0.10001564791289908</CWH>
      <CFGlacier>1</CFGlacier>
      <CFSlope>1</CFSlope>
      <FC>91.29612878025425</FC>
      <LP>0.30000002237667234</LP>
      <BETA>2.4321466426395362</BETA>
    </VegetationZoneParameters>
  </VegetationZone>
  <SubCatchment>
    <SubCatchmentParameters>
      <KSI>0.001</KSI>
      <KGmin>0.05</KGmin>
      <RangeKG>0.1</RangeKG>
      <AG>0.1</AG>
      <PERC>9.9999956818348714</PERC>
      <Alpha>0</Alpha>
      <UZL>123.01259244973635</UZL>
      <K0>0.39509141551224425</K0>
      <K1>0.533966407713174</K1>
      <K2>0.12360219443128971</K2>
      <MAXBAS>1.2695159895891226</MAXBAS>
      <Cet>0</Cet>
      <PCALT>10</PCALT>
      <TCALT>0.6</TCALT>
      <Pelev>0</Pelev>
      <Telev>0</Telev>
      <PART>0.5</PART>
      <DELAY>1</DELAY>
    </SubCatchmentParameters>
    <SubCatchmentVegetationZone>
      <SubCatchmentVegetationZoneParameters>
        <TT>1.2991976388587345</TT>
        <CFMAX>4.9993729196902184</CFMAX>
        <SP>0</SP>
        <SFCF>0.50000017528141583</SFCF>
        <CFR>0.042915598222713423</CFR>
        <CWH>0.10001564791289908</CWH>
        <CFGlacier>1</CFGlacier>
        <CFSlope>1</CFSlope>
        <FC>91.29612878025425</FC>
        <LP>0.30000002237667234</LP>
        <BETA>2.4321466426395362</BETA>
      </SubCatchmentVegetationZoneParameters>
    </SubCatchmentVegetationZone>
  </SubCatchment>
</Catchment>