<?xml version="1.0" encoding="utf-8"?>
<Catchment xmlns:xsi="http://www.w3.org/2001/XMLSchema-instance" xmlns:xsd="http://www.w3.org/2001/XMLSchema">
  <CatchmentParameters>
    <KSI>0.001</KSI>
    <KGmin>0.05</KGmin>
    <RangeKG>0.1</RangeKG>
    <AG>0.1</AG>
    <PERC>9.99997617598672</PERC>
    <Alpha>0</Alpha>
    <UZL>53.411388473411947</UZL>
    <K0>0.41156185564082676</K0>
    <K1>0.51288545031230337</K1>
    <K2>0.12137060598184604</K2>
    <MAXBAS>1.2311710741674111</MAXBAS>
    <Cet>0</Cet>
    <PCALT>10</PCALT>
    <TCALT>0.6</TCALT>
    <Pelev>0</Pelev>
    <Telev>0</Telev>
    <PART>0.5</PART>
    <DELAY>1</DELAY>
  </CatchmentParameters>
  <VegetationZone>
    <VegetationZoneParameters>
      <TT>1.2255804273849558</TT>
      <CFMAX>3.7117342257724073</CFMAX>
      <SP>0</SP>
      <SFCF>0.50094209888268559</SFCF>
      <CFR>0.044855796446139969</CFR>
      <CWH>0.10000350844623528</CWH>
      <CFGlacier>1</CFGlacier>
      <CFSlope>1</CFSlope>
      <FC>90.141596877050517</FC>
      <LP>0.30000001444044327</LP>
      <BETA>2.453247699738855</BETA>
    </VegetationZoneParameters>
  </VegetationZone>
  <SubCatchment>
    <SubCatchmentParameters>
      <KSI>0.001</KSI>
      <KGmin>0.05</KGmin>
      <RangeKG>0.1</RangeKG>
      <AG>0.1</AG>
      <PERC>9.99997617598672</PERC>
      <Alpha>0</Alpha>
      <UZL>53.411388473411947</UZL>
      <K0>0.41156185564082676</K0>
      <K1>0.51288545031230337</K1>
      <K2>0.12137060598184604</K2>
      <MAXBAS>1.2311710741674111</MAXBAS>
      <Cet>0</Cet>
      <PCALT>10</PCALT>
      <TCALT>0.6</TCALT>
      <Pelev>0</Pelev>
      <Telev>0</Telev>
      <PART>0.5</PART>
      <DELAY>1</DELAY>
    </SubCatchmentParameters>
    <SubCatchmentVegetationZone>
      <SubCatchmentVegetationZoneParameters>
        <TT>1.2255804273849558</TT>
        <CFMAX>3.7117342257724073</CFMAX>
        <SP>0</SP>
        <SFCF>0.50094209888268559</SFCF>
        <CFR>0.044855796446139969</CFR>
        <CWH>0.10000350844623528</CWH>
        <CFGlacier>1</CFGlacier>
        <CFSlope>1</CFSlope>
        <FC>90.141596877050517</FC>
        <LP>0.30000001444044327</LP>
        <BETA>2.453247699738855</BETA>
      </SubCatchmentVegetationZoneParameters>
    </SubCatchmentVegetationZone>
  </SubCatchment>
</Catchment>