<?xml version="1.0" encoding="utf-8"?>
<Catchment xmlns:xsi="http://www.w3.org/2001/XMLSchema-instance" xmlns:xsd="http://www.w3.org/2001/XMLSchema">
  <CatchmentParameters>
    <KSI>0.001</KSI>
    <KGmin>0.05</KGmin>
    <RangeKG>0.1</RangeKG>
    <AG>0.1</AG>
    <PERC>4.9345613669215345</PERC>
    <Alpha>0</Alpha>
    <UZL>113.75762439325281</UZL>
    <K0>0.51303250547135415</K0>
    <K1>0.62986884411843347</K1>
    <K2>0.07684408651901356</K2>
    <MAXBAS>1</MAXBAS>
    <Cet>0</Cet>
    <PCALT>10</PCALT>
    <TCALT>0.6</TCALT>
    <Pelev>0</Pelev>
    <Telev>0</Telev>
    <PART>0.5</PART>
    <DELAY>1</DELAY>
  </CatchmentParameters>
  <VegetationZone>
    <VegetationZoneParameters>
      <TT>2.454520515876383</TT>
      <CFMAX>0.69382318271016086</CFMAX>
      <SP>0</SP>
      <SFCF>1.3365048810674294</SFCF>
      <CFR>0.025726017909450227</CFR>
      <CWH>0.11590638155128753</CWH>
      <CFGlacier>1</CFGlacier>
      <CFSlope>1</CFSlope>
      <FC>459.0043023356526</FC>
      <LP>0.940824872570939</LP>
      <BETA>3.1439940771327195</BETA>
    </VegetationZoneParameters>
  </VegetationZone>
  <SubCatchment>
    <SubCatchmentParameters>
      <KSI>0.001</KSI>
      <KGmin>0.05</KGmin>
      <RangeKG>0.1</RangeKG>
      <AG>0.1</AG>
      <PERC>4.9345613669215345</PERC>
      <Alpha>0</Alpha>
      <UZL>113.75762439325281</UZL>
      <K0>0.51303250547135415</K0>
      <K1>0.62986884411843347</K1>
      <K2>0.07684408651901356</K2>
      <MAXBAS>1</MAXBAS>
      <Cet>0</Cet>
      <PCALT>10</PCALT>
      <TCALT>0.6</TCALT>
      <Pelev>0</Pelev>
      <Telev>0</Telev>
      <PART>0.5</PART>
      <DELAY>1</DELAY>
    </SubCatchmentParameters>
    <SubCatchmentVegetationZone>
      <SubCatchmentVegetationZoneParameters>
        <TT>2.454520515876383</TT>
        <CFMAX>0.69382318271016086</CFMAX>
        <SP>0</SP>
        <SFCF>1.3365048810674294</SFCF>
        <CFR>0.025726017909450227</CFR>
        <CWH>0.11590638155128753</CWH>
        <CFGlacier>1</CFGlacier>
        <CFSlope>1</CFSlope>
        <FC>459.0043023356526</FC>
        <LP>0.940824872570939</LP>
        <BETA>3.1439940771327195</BETA>
      </SubCatchmentVegetationZoneParameters>
    </SubCatchmentVegetationZone>
  </SubCatchment>
</Catchment>