<?xml version="1.0" encoding="utf-8"?>
<Catchment xmlns:xsi="http://www.w3.org/2001/XMLSchema-instance" xmlns:xsd="http://www.w3.org/2001/XMLSchema">
  <CatchmentParameters>
    <KSI>0.001</KSI>
    <KGmin>0.05</KGmin>
    <RangeKG>0.1</RangeKG>
    <AG>0.1</AG>
    <PERC>5.1028791571745842</PERC>
    <Alpha>0</Alpha>
    <UZL>109.8096998621683</UZL>
    <K0>0.21319724428680664</K0>
    <K1>0.76965751316257469</K1>
    <K2>0.14999999991057003</K2>
    <MAXBAS>1.4108466754438895</MAXBAS>
    <Cet>0</Cet>
    <PCALT>10</PCALT>
    <TCALT>0.6</TCALT>
    <Pelev>0</Pelev>
    <Telev>0</Telev>
    <PART>0.5</PART>
    <DELAY>1</DELAY>
  </CatchmentParameters>
  <VegetationZone>
    <VegetationZoneParameters>
      <TT>2.4332735457709314</TT>
      <CFMAX>0.50525262843869523</CFMAX>
      <SP>0</SP>
      <SFCF>1.4999989520339843</SFCF>
      <CFR>0.030950822478532355</CFR>
      <CWH>0.1242900084221967</CWH>
      <CFGlacier>1</CFGlacier>
      <CFSlope>1</CFSlope>
      <FC>430.53711481898438</FC>
      <LP>0.81351635383943877</LP>
      <BETA>2.5450066653744341</BETA>
    </VegetationZoneParameters>
  </VegetationZone>
  <SubCatchment>
    <SubCatchmentParameters>
      <KSI>0.001</KSI>
      <KGmin>0.05</KGmin>
      <RangeKG>0.1</RangeKG>
      <AG>0.1</AG>
      <PERC>5.1028791571745842</PERC>
      <Alpha>0</Alpha>
      <UZL>109.8096998621683</UZL>
      <K0>0.21319724428680664</K0>
      <K1>0.76965751316257469</K1>
      <K2>0.14999999991057003</K2>
      <MAXBAS>1.4108466754438895</MAXBAS>
      <Cet>0</Cet>
      <PCALT>10</PCALT>
      <TCALT>0.6</TCALT>
      <Pelev>0</Pelev>
      <Telev>0</Telev>
      <PART>0.5</PART>
      <DELAY>1</DELAY>
    </SubCatchmentParameters>
    <SubCatchmentVegetationZone>
      <SubCatchmentVegetationZoneParameters>
        <TT>2.4332735457709314</TT>
        <CFMAX>0.50525262843869523</CFMAX>
        <SP>0</SP>
        <SFCF>1.4999989520339843</SFCF>
        <CFR>0.030950822478532355</CFR>
        <CWH>0.1242900084221967</CWH>
        <CFGlacier>1</CFGlacier>
        <CFSlope>1</CFSlope>
        <FC>430.53711481898438</FC>
        <LP>0.81351635383943877</LP>
        <BETA>2.5450066653744341</BETA>
      </SubCatchmentVegetationZoneParameters>
    </SubCatchmentVegetationZone>
  </SubCatchment>
</Catchment>