<?xml version="1.0" encoding="utf-8"?>
<Catchment xmlns:xsi="http://www.w3.org/2001/XMLSchema-instance" xmlns:xsd="http://www.w3.org/2001/XMLSchema">
  <CatchmentParameters>
    <KSI>0.001</KSI>
    <KGmin>0.05</KGmin>
    <RangeKG>0.1</RangeKG>
    <AG>0.1</AG>
    <PERC>9.99999673360037</PERC>
    <Alpha>0</Alpha>
    <UZL>169.66590452952866</UZL>
    <K0>0.0613253125159345</K0>
    <K1>0.50892195957469211</K1>
    <K2>0.093980952847150745</K2>
    <MAXBAS>1.3139703403261076</MAXBAS>
    <Cet>0</Cet>
    <PCALT>10</PCALT>
    <TCALT>0.6</TCALT>
    <Pelev>0</Pelev>
    <Telev>0</Telev>
    <PART>0.5</PART>
    <DELAY>1</DELAY>
  </CatchmentParameters>
  <VegetationZone>
    <VegetationZoneParameters>
      <TT>1.2454525187419849</TT>
      <CFMAX>3.98741819519551</CFMAX>
      <SP>0</SP>
      <SFCF>0.50041675085611637</SFCF>
      <CFR>0.029805728181836164</CFR>
      <CWH>0.10000425221377306</CWH>
      <CFGlacier>1</CFGlacier>
      <CFSlope>1</CFSlope>
      <FC>84.510987504069234</FC>
      <LP>0.30000000001498817</LP>
      <BETA>2.5213185392160238</BETA>
    </VegetationZoneParameters>
  </VegetationZone>
  <SubCatchment>
    <SubCatchmentParameters>
      <KSI>0.001</KSI>
      <KGmin>0.05</KGmin>
      <RangeKG>0.1</RangeKG>
      <AG>0.1</AG>
      <PERC>9.99999673360037</PERC>
      <Alpha>0</Alpha>
      <UZL>169.66590452952866</UZL>
      <K0>0.0613253125159345</K0>
      <K1>0.50892195957469211</K1>
      <K2>0.093980952847150745</K2>
      <MAXBAS>1.3139703403261076</MAXBAS>
      <Cet>0</Cet>
      <PCALT>10</PCALT>
      <TCALT>0.6</TCALT>
      <Pelev>0</Pelev>
      <Telev>0</Telev>
      <PART>0.5</PART>
      <DELAY>1</DELAY>
    </SubCatchmentParameters>
    <SubCatchmentVegetationZone>
      <SubCatchmentVegetationZoneParameters>
        <TT>1.2454525187419849</TT>
        <CFMAX>3.98741819519551</CFMAX>
        <SP>0</SP>
        <SFCF>0.50041675085611637</SFCF>
        <CFR>0.029805728181836164</CFR>
        <CWH>0.10000425221377306</CWH>
        <CFGlacier>1</CFGlacier>
        <CFSlope>1</CFSlope>
        <FC>84.510987504069234</FC>
        <LP>0.30000000001498817</LP>
        <BETA>2.5213185392160238</BETA>
      </SubCatchmentVegetationZoneParameters>
    </SubCatchmentVegetationZone>
  </SubCatchment>
</Catchment>