<?xml version="1.0" encoding="utf-8"?>
<Catchment xmlns:xsi="http://www.w3.org/2001/XMLSchema-instance" xmlns:xsd="http://www.w3.org/2001/XMLSchema">
  <CatchmentParameters>
    <KSI>0.001</KSI>
    <KGmin>0.05</KGmin>
    <RangeKG>0.1</RangeKG>
    <AG>0.1</AG>
    <PERC>9.99999838722425</PERC>
    <Alpha>0</Alpha>
    <UZL>154.45228480874346</UZL>
    <K0>0.2710982620454328</K0>
    <K1>0.5809431558973065</K1>
    <K2>0.1374072390680452</K2>
    <MAXBAS>1.3124506468612871</MAXBAS>
    <Cet>0</Cet>
    <PCALT>10</PCALT>
    <TCALT>0.6</TCALT>
    <Pelev>0</Pelev>
    <Telev>0</Telev>
    <PART>0.5</PART>
    <DELAY>1</DELAY>
  </CatchmentParameters>
  <VegetationZone>
    <VegetationZoneParameters>
      <TT>1.2803401589126351</TT>
      <CFMAX>4.5929770186819132</CFMAX>
      <SP>0</SP>
      <SFCF>0.500109412492929</SFCF>
      <CFR>0.032702269461194866</CFR>
      <CWH>0.10002848677987032</CWH>
      <CFGlacier>1</CFGlacier>
      <CFSlope>1</CFSlope>
      <FC>95.055349732838422</FC>
      <LP>0.30000007073095525</LP>
      <BETA>2.4072921823634865</BETA>
    </VegetationZoneParameters>
  </VegetationZone>
  <SubCatchment>
    <SubCatchmentParameters>
      <KSI>0.001</KSI>
      <KGmin>0.05</KGmin>
      <RangeKG>0.1</RangeKG>
      <AG>0.1</AG>
      <PERC>9.99999838722425</PERC>
      <Alpha>0</Alpha>
      <UZL>154.45228480874346</UZL>
      <K0>0.2710982620454328</K0>
      <K1>0.5809431558973065</K1>
      <K2>0.1374072390680452</K2>
      <MAXBAS>1.3124506468612871</MAXBAS>
      <Cet>0</Cet>
      <PCALT>10</PCALT>
      <TCALT>0.6</TCALT>
      <Pelev>0</Pelev>
      <Telev>0</Telev>
      <PART>0.5</PART>
      <DELAY>1</DELAY>
    </SubCatchmentParameters>
    <SubCatchmentVegetationZone>
      <SubCatchmentVegetationZoneParameters>
        <TT>1.2803401589126351</TT>
        <CFMAX>4.5929770186819132</CFMAX>
        <SP>0</SP>
        <SFCF>0.500109412492929</SFCF>
        <CFR>0.032702269461194866</CFR>
        <CWH>0.10002848677987032</CWH>
        <CFGlacier>1</CFGlacier>
        <CFSlope>1</CFSlope>
        <FC>95.055349732838422</FC>
        <LP>0.30000007073095525</LP>
        <BETA>2.4072921823634865</BETA>
      </SubCatchmentVegetationZoneParameters>
    </SubCatchmentVegetationZone>
  </SubCatchment>
</Catchment>