<?xml version="1.0" encoding="utf-8"?>
<Catchment xmlns:xsi="http://www.w3.org/2001/XMLSchema-instance" xmlns:xsd="http://www.w3.org/2001/XMLSchema">
  <CatchmentParameters>
    <KSI>0.001</KSI>
    <KGmin>0.05</KGmin>
    <RangeKG>0.1</RangeKG>
    <AG>0.1</AG>
    <PERC>4.2764382438472293</PERC>
    <Alpha>0</Alpha>
    <UZL>118.71628880664167</UZL>
    <K0>0.54285786942431491</K0>
    <K1>0.59360235369996528</K1>
    <K2>0.073500547966756771</K2>
    <MAXBAS>1</MAXBAS>
    <Cet>0</Cet>
    <PCALT>10</PCALT>
    <TCALT>0.6</TCALT>
    <Pelev>0</Pelev>
    <Telev>0</Telev>
    <PART>0.5</PART>
    <DELAY>1</DELAY>
  </CatchmentParameters>
  <VegetationZone>
    <VegetationZoneParameters>
      <TT>2.3210476408197747</TT>
      <CFMAX>0.75369340631499249</CFMAX>
      <SP>0</SP>
      <SFCF>1.4458042199274581</SFCF>
      <CFR>0.0675574509388988</CFR>
      <CWH>0.15748786684144342</CWH>
      <CFGlacier>1</CFGlacier>
      <CFSlope>1</CFSlope>
      <FC>477.88853732591963</FC>
      <LP>0.86441025854848452</LP>
      <BETA>2.7413517971315</BETA>
    </VegetationZoneParameters>
  </VegetationZone>
  <SubCatchment>
    <SubCatchmentParameters>
      <KSI>0.001</KSI>
      <KGmin>0.05</KGmin>
      <RangeKG>0.1</RangeKG>
      <AG>0.1</AG>
      <PERC>4.2764382438472293</PERC>
      <Alpha>0</Alpha>
      <UZL>118.71628880664167</UZL>
      <K0>0.54285786942431491</K0>
      <K1>0.59360235369996528</K1>
      <K2>0.073500547966756771</K2>
      <MAXBAS>1</MAXBAS>
      <Cet>0</Cet>
      <PCALT>10</PCALT>
      <TCALT>0.6</TCALT>
      <Pelev>0</Pelev>
      <Telev>0</Telev>
      <PART>0.5</PART>
      <DELAY>1</DELAY>
    </SubCatchmentParameters>
    <SubCatchmentVegetationZone>
      <SubCatchmentVegetationZoneParameters>
        <TT>2.3210476408197747</TT>
        <CFMAX>0.75369340631499249</CFMAX>
        <SP>0</SP>
        <SFCF>1.4458042199274581</SFCF>
        <CFR>0.0675574509388988</CFR>
        <CWH>0.15748786684144342</CWH>
        <CFGlacier>1</CFGlacier>
        <CFSlope>1</CFSlope>
        <FC>477.88853732591963</FC>
        <LP>0.86441025854848452</LP>
        <BETA>2.7413517971315</BETA>
      </SubCatchmentVegetationZoneParameters>
    </SubCatchmentVegetationZone>
  </SubCatchment>
</Catchment>