<?xml version="1.0" encoding="utf-8"?>
<Catchment xmlns:xsi="http://www.w3.org/2001/XMLSchema-instance" xmlns:xsd="http://www.w3.org/2001/XMLSchema">
  <CatchmentParameters>
    <KSI>0.001</KSI>
    <KGmin>0.05</KGmin>
    <RangeKG>0.1</RangeKG>
    <AG>0.1</AG>
    <PERC>4.3223679744330594</PERC>
    <Alpha>0</Alpha>
    <UZL>42.2720004501738</UZL>
    <K0>0.53096211437340568</K0>
    <K1>0.57227568332983669</K1>
    <K2>0.071572275418662248</K2>
    <MAXBAS>1</MAXBAS>
    <Cet>0</Cet>
    <PCALT>10</PCALT>
    <TCALT>0.6</TCALT>
    <Pelev>0</Pelev>
    <Telev>0</Telev>
    <PART>0.5</PART>
    <DELAY>1</DELAY>
  </CatchmentParameters>
  <VegetationZone>
    <VegetationZoneParameters>
      <TT>2.4999967459215333</TT>
      <CFMAX>0.75334137284570768</CFMAX>
      <SP>0</SP>
      <SFCF>1.3111155511048709</SFCF>
      <CFR>0.09999646571456422</CFR>
      <CWH>0.14001489648302967</CWH>
      <CFGlacier>1</CFGlacier>
      <CFSlope>1</CFSlope>
      <FC>381.20331041838813</FC>
      <LP>0.96118646552862785</LP>
      <BETA>3.3414537778771511</BETA>
    </VegetationZoneParameters>
  </VegetationZone>
  <SubCatchment>
    <SubCatchmentParameters>
      <KSI>0.001</KSI>
      <KGmin>0.05</KGmin>
      <RangeKG>0.1</RangeKG>
      <AG>0.1</AG>
      <PERC>4.3223679744330594</PERC>
      <Alpha>0</Alpha>
      <UZL>42.2720004501738</UZL>
      <K0>0.53096211437340568</K0>
      <K1>0.57227568332983669</K1>
      <K2>0.071572275418662248</K2>
      <MAXBAS>1</MAXBAS>
      <Cet>0</Cet>
      <PCALT>10</PCALT>
      <TCALT>0.6</TCALT>
      <Pelev>0</Pelev>
      <Telev>0</Telev>
      <PART>0.5</PART>
      <DELAY>1</DELAY>
    </SubCatchmentParameters>
    <SubCatchmentVegetationZone>
      <SubCatchmentVegetationZoneParameters>
        <TT>2.4999967459215333</TT>
        <CFMAX>0.75334137284570768</CFMAX>
        <SP>0</SP>
        <SFCF>1.3111155511048709</SFCF>
        <CFR>0.09999646571456422</CFR>
        <CWH>0.14001489648302967</CWH>
        <CFGlacier>1</CFGlacier>
        <CFSlope>1</CFSlope>
        <FC>381.20331041838813</FC>
        <LP>0.96118646552862785</LP>
        <BETA>3.3414537778771511</BETA>
      </SubCatchmentVegetationZoneParameters>
    </SubCatchmentVegetationZone>
  </SubCatchment>
</Catchment>