<?xml version="1.0" encoding="utf-8"?>
<Catchment xmlns:xsi="http://www.w3.org/2001/XMLSchema-instance" xmlns:xsd="http://www.w3.org/2001/XMLSchema">
  <CatchmentParameters>
    <KSI>0.001</KSI>
    <KGmin>0.05</KGmin>
    <RangeKG>0.1</RangeKG>
    <AG>0.1</AG>
    <PERC>5.2125179525715737</PERC>
    <Alpha>0</Alpha>
    <UZL>161.75327363706759</UZL>
    <K0>0.66986824775174236</K0>
    <K1>0.681017379329367</K1>
    <K2>0.14999999976257988</K2>
    <MAXBAS>1.2809557810016026</MAXBAS>
    <Cet>0</Cet>
    <PCALT>10</PCALT>
    <TCALT>0.6</TCALT>
    <Pelev>0</Pelev>
    <Telev>0</Telev>
    <PART>0.5</PART>
    <DELAY>1</DELAY>
  </CatchmentParameters>
  <VegetationZone>
    <VegetationZoneParameters>
      <TT>2.3875543964618315</TT>
      <CFMAX>0.50241655717869849</CFMAX>
      <SP>0</SP>
      <SFCF>1.4999995787142557</SFCF>
      <CFR>0.069592717936077422</CFR>
      <CWH>0.1000074860207649</CWH>
      <CFGlacier>1</CFGlacier>
      <CFSlope>1</CFSlope>
      <FC>419.27457810562805</FC>
      <LP>0.86295143341471847</LP>
      <BETA>2.81814271367564</BETA>
    </VegetationZoneParameters>
  </VegetationZone>
  <SubCatchment>
    <SubCatchmentParameters>
      <KSI>0.001</KSI>
      <KGmin>0.05</KGmin>
      <RangeKG>0.1</RangeKG>
      <AG>0.1</AG>
      <PERC>5.2125179525715737</PERC>
      <Alpha>0</Alpha>
      <UZL>161.75327363706759</UZL>
      <K0>0.66986824775174236</K0>
      <K1>0.681017379329367</K1>
      <K2>0.14999999976257988</K2>
      <MAXBAS>1.2809557810016026</MAXBAS>
      <Cet>0</Cet>
      <PCALT>10</PCALT>
      <TCALT>0.6</TCALT>
      <Pelev>0</Pelev>
      <Telev>0</Telev>
      <PART>0.5</PART>
      <DELAY>1</DELAY>
    </SubCatchmentParameters>
    <SubCatchmentVegetationZone>
      <SubCatchmentVegetationZoneParameters>
        <TT>2.3875543964618315</TT>
        <CFMAX>0.50241655717869849</CFMAX>
        <SP>0</SP>
        <SFCF>1.4999995787142557</SFCF>
        <CFR>0.069592717936077422</CFR>
        <CWH>0.1000074860207649</CWH>
        <CFGlacier>1</CFGlacier>
        <CFSlope>1</CFSlope>
        <FC>419.27457810562805</FC>
        <LP>0.86295143341471847</LP>
        <BETA>2.81814271367564</BETA>
      </SubCatchmentVegetationZoneParameters>
    </SubCatchmentVegetationZone>
  </SubCatchment>
</Catchment>