<?xml version="1.0" encoding="utf-8"?>
<Catchment xmlns:xsi="http://www.w3.org/2001/XMLSchema-instance" xmlns:xsd="http://www.w3.org/2001/XMLSchema">
  <CatchmentParameters>
    <KSI>0.001</KSI>
    <KGmin>0.05</KGmin>
    <RangeKG>0.1</RangeKG>
    <AG>0.1</AG>
    <PERC>5.3872313647074712</PERC>
    <Alpha>0</Alpha>
    <UZL>173.96998029715667</UZL>
    <K0>0.48326555699559581</K0>
    <K1>0.76011594196352594</K1>
    <K2>0.14999918351852479</K2>
    <MAXBAS>1.3975238397548142</MAXBAS>
    <Cet>0</Cet>
    <PCALT>10</PCALT>
    <TCALT>0.6</TCALT>
    <Pelev>0</Pelev>
    <Telev>0</Telev>
    <PART>0.5</PART>
    <DELAY>1</DELAY>
  </CatchmentParameters>
  <VegetationZone>
    <VegetationZoneParameters>
      <TT>2.4498144124934154</TT>
      <CFMAX>0.50675211739203618</CFMAX>
      <SP>0</SP>
      <SFCF>1.4999962723615239</SFCF>
      <CFR>0.050818991374003759</CFR>
      <CWH>0.1000000001822179</CWH>
      <CFGlacier>1</CFGlacier>
      <CFSlope>1</CFSlope>
      <FC>421.43974566832981</FC>
      <LP>0.84896242237596231</LP>
      <BETA>2.6275966209920254</BETA>
    </VegetationZoneParameters>
  </VegetationZone>
  <SubCatchment>
    <SubCatchmentParameters>
      <KSI>0.001</KSI>
      <KGmin>0.05</KGmin>
      <RangeKG>0.1</RangeKG>
      <AG>0.1</AG>
      <PERC>5.3872313647074712</PERC>
      <Alpha>0</Alpha>
      <UZL>173.96998029715667</UZL>
      <K0>0.48326555699559581</K0>
      <K1>0.76011594196352594</K1>
      <K2>0.14999918351852479</K2>
      <MAXBAS>1.3975238397548142</MAXBAS>
      <Cet>0</Cet>
      <PCALT>10</PCALT>
      <TCALT>0.6</TCALT>
      <Pelev>0</Pelev>
      <Telev>0</Telev>
      <PART>0.5</PART>
      <DELAY>1</DELAY>
    </SubCatchmentParameters>
    <SubCatchmentVegetationZone>
      <SubCatchmentVegetationZoneParameters>
        <TT>2.4498144124934154</TT>
        <CFMAX>0.50675211739203618</CFMAX>
        <SP>0</SP>
        <SFCF>1.4999962723615239</SFCF>
        <CFR>0.050818991374003759</CFR>
        <CWH>0.1000000001822179</CWH>
        <CFGlacier>1</CFGlacier>
        <CFSlope>1</CFSlope>
        <FC>421.43974566832981</FC>
        <LP>0.84896242237596231</LP>
        <BETA>2.6275966209920254</BETA>
      </SubCatchmentVegetationZoneParameters>
    </SubCatchmentVegetationZone>
  </SubCatchment>
</Catchment>