<?xml version="1.0" encoding="utf-8"?>
<Catchment xmlns:xsi="http://www.w3.org/2001/XMLSchema-instance" xmlns:xsd="http://www.w3.org/2001/XMLSchema">
  <CatchmentParameters>
    <KSI>0.001</KSI>
    <KGmin>0.05</KGmin>
    <RangeKG>0.1</RangeKG>
    <AG>0.1</AG>
    <PERC>5.3956500615833605</PERC>
    <Alpha>0</Alpha>
    <UZL>116.72582741435407</UZL>
    <K0>0.50213253883463393</K0>
    <K1>0.77495105952132137</K1>
    <K2>0.14999935485760291</K2>
    <MAXBAS>1.4011522240918999</MAXBAS>
    <Cet>0</Cet>
    <PCALT>10</PCALT>
    <TCALT>0.6</TCALT>
    <Pelev>0</Pelev>
    <Telev>0</Telev>
    <PART>0.5</PART>
    <DELAY>1</DELAY>
  </CatchmentParameters>
  <VegetationZone>
    <VegetationZoneParameters>
      <TT>2.4631829749540275</TT>
      <CFMAX>0.50932276596360782</CFMAX>
      <SP>0</SP>
      <SFCF>1.4999997821557161</SFCF>
      <CFR>0.018855153083322123</CFR>
      <CWH>0.18382288660770779</CWH>
      <CFGlacier>1</CFGlacier>
      <CFSlope>1</CFSlope>
      <FC>412.94776268934169</FC>
      <LP>0.9397219984207118</LP>
      <BETA>3.0174325413716354</BETA>
    </VegetationZoneParameters>
  </VegetationZone>
  <SubCatchment>
    <SubCatchmentParameters>
      <KSI>0.001</KSI>
      <KGmin>0.05</KGmin>
      <RangeKG>0.1</RangeKG>
      <AG>0.1</AG>
      <PERC>5.3956500615833605</PERC>
      <Alpha>0</Alpha>
      <UZL>116.72582741435407</UZL>
      <K0>0.50213253883463393</K0>
      <K1>0.77495105952132137</K1>
      <K2>0.14999935485760291</K2>
      <MAXBAS>1.4011522240918999</MAXBAS>
      <Cet>0</Cet>
      <PCALT>10</PCALT>
      <TCALT>0.6</TCALT>
      <Pelev>0</Pelev>
      <Telev>0</Telev>
      <PART>0.5</PART>
      <DELAY>1</DELAY>
    </SubCatchmentParameters>
    <SubCatchmentVegetationZone>
      <SubCatchmentVegetationZoneParameters>
        <TT>2.4631829749540275</TT>
        <CFMAX>0.50932276596360782</CFMAX>
        <SP>0</SP>
        <SFCF>1.4999997821557161</SFCF>
        <CFR>0.018855153083322123</CFR>
        <CWH>0.18382288660770779</CWH>
        <CFGlacier>1</CFGlacier>
        <CFSlope>1</CFSlope>
        <FC>412.94776268934169</FC>
        <LP>0.9397219984207118</LP>
        <BETA>3.0174325413716354</BETA>
      </SubCatchmentVegetationZoneParameters>
    </SubCatchmentVegetationZone>
  </SubCatchment>
</Catchment>