<?xml version="1.0" encoding="utf-8"?>
<Catchment xmlns:xsi="http://www.w3.org/2001/XMLSchema-instance" xmlns:xsd="http://www.w3.org/2001/XMLSchema">
  <CatchmentParameters>
    <KSI>0.001</KSI>
    <KGmin>0.05</KGmin>
    <RangeKG>0.1</RangeKG>
    <AG>0.1</AG>
    <PERC>4.5784164096235562</PERC>
    <Alpha>0</Alpha>
    <UZL>60.17969416076685</UZL>
    <K0>0.38573197509878504</K0>
    <K1>0.58531663649040566</K1>
    <K2>0.081080775760877188</K2>
    <MAXBAS>1</MAXBAS>
    <Cet>0</Cet>
    <PCALT>10</PCALT>
    <TCALT>0.6</TCALT>
    <Pelev>0</Pelev>
    <Telev>0</Telev>
    <PART>0.5</PART>
    <DELAY>1</DELAY>
  </CatchmentParameters>
  <VegetationZone>
    <VegetationZoneParameters>
      <TT>1.6898602585974283</TT>
      <CFMAX>0.50001433843289678</CFMAX>
      <SP>0</SP>
      <SFCF>1.4161649113866228</SFCF>
      <CFR>0.015988102037183056</CFR>
      <CWH>0.10000280041498758</CWH>
      <CFGlacier>1</CFGlacier>
      <CFSlope>1</CFSlope>
      <FC>365.22900345453729</FC>
      <LP>0.89712504094728474</LP>
      <BETA>3.0437277607279203</BETA>
    </VegetationZoneParameters>
  </VegetationZone>
  <SubCatchment>
    <SubCatchmentParameters>
      <KSI>0.001</KSI>
      <KGmin>0.05</KGmin>
      <RangeKG>0.1</RangeKG>
      <AG>0.1</AG>
      <PERC>4.5784164096235562</PERC>
      <Alpha>0</Alpha>
      <UZL>60.17969416076685</UZL>
      <K0>0.38573197509878504</K0>
      <K1>0.58531663649040566</K1>
      <K2>0.081080775760877188</K2>
      <MAXBAS>1</MAXBAS>
      <Cet>0</Cet>
      <PCALT>10</PCALT>
      <TCALT>0.6</TCALT>
      <Pelev>0</Pelev>
      <Telev>0</Telev>
      <PART>0.5</PART>
      <DELAY>1</DELAY>
    </SubCatchmentParameters>
    <SubCatchmentVegetationZone>
      <SubCatchmentVegetationZoneParameters>
        <TT>1.6898602585974283</TT>
        <CFMAX>0.50001433843289678</CFMAX>
        <SP>0</SP>
        <SFCF>1.4161649113866228</SFCF>
        <CFR>0.015988102037183056</CFR>
        <CWH>0.10000280041498758</CWH>
        <CFGlacier>1</CFGlacier>
        <CFSlope>1</CFSlope>
        <FC>365.22900345453729</FC>
        <LP>0.89712504094728474</LP>
        <BETA>3.0437277607279203</BETA>
      </SubCatchmentVegetationZoneParameters>
    </SubCatchmentVegetationZone>
  </SubCatchment>
</Catchment>