<?xml version="1.0" encoding="utf-8"?>
<Catchment xmlns:xsi="http://www.w3.org/2001/XMLSchema-instance" xmlns:xsd="http://www.w3.org/2001/XMLSchema">
  <CatchmentParameters>
    <KSI>0.001</KSI>
    <KGmin>0.05</KGmin>
    <RangeKG>0.1</RangeKG>
    <AG>0.1</AG>
    <PERC>4.7900363612681973</PERC>
    <Alpha>0</Alpha>
    <UZL>61.07809939523932</UZL>
    <K0>0.52736977663564222</K0>
    <K1>0.79999885994158548</K1>
    <K2>0.14999985401481086</K2>
    <MAXBAS>1.3872314221017255</MAXBAS>
    <Cet>0</Cet>
    <PCALT>10</PCALT>
    <TCALT>0.6</TCALT>
    <Pelev>0</Pelev>
    <Telev>0</Telev>
    <PART>0.5</PART>
    <DELAY>1</DELAY>
  </CatchmentParameters>
  <VegetationZone>
    <VegetationZoneParameters>
      <TT>2.4909433373718031</TT>
      <CFMAX>0.50785952059961281</CFMAX>
      <SP>0</SP>
      <SFCF>1.4999999980673582</SFCF>
      <CFR>0.017870551636257826</CFR>
      <CWH>0.10003090272070492</CWH>
      <CFGlacier>1</CFGlacier>
      <CFSlope>1</CFSlope>
      <FC>361.35678423327982</FC>
      <LP>0.93164784806297984</LP>
      <BETA>3.8969574264197226</BETA>
    </VegetationZoneParameters>
  </VegetationZone>
  <SubCatchment>
    <SubCatchmentParameters>
      <KSI>0.001</KSI>
      <KGmin>0.05</KGmin>
      <RangeKG>0.1</RangeKG>
      <AG>0.1</AG>
      <PERC>4.7900363612681973</PERC>
      <Alpha>0</Alpha>
      <UZL>61.07809939523932</UZL>
      <K0>0.52736977663564222</K0>
      <K1>0.79999885994158548</K1>
      <K2>0.14999985401481086</K2>
      <MAXBAS>1.3872314221017255</MAXBAS>
      <Cet>0</Cet>
      <PCALT>10</PCALT>
      <TCALT>0.6</TCALT>
      <Pelev>0</Pelev>
      <Telev>0</Telev>
      <PART>0.5</PART>
      <DELAY>1</DELAY>
    </SubCatchmentParameters>
    <SubCatchmentVegetationZone>
      <SubCatchmentVegetationZoneParameters>
        <TT>2.4909433373718031</TT>
        <CFMAX>0.50785952059961281</CFMAX>
        <SP>0</SP>
        <SFCF>1.4999999980673582</SFCF>
        <CFR>0.017870551636257826</CFR>
        <CWH>0.10003090272070492</CWH>
        <CFGlacier>1</CFGlacier>
        <CFSlope>1</CFSlope>
        <FC>361.35678423327982</FC>
        <LP>0.93164784806297984</LP>
        <BETA>3.8969574264197226</BETA>
      </SubCatchmentVegetationZoneParameters>
    </SubCatchmentVegetationZone>
  </SubCatchment>
</Catchment>