<?xml version="1.0" encoding="utf-8"?>
<Catchment xmlns:xsi="http://www.w3.org/2001/XMLSchema-instance" xmlns:xsd="http://www.w3.org/2001/XMLSchema">
  <CatchmentParameters>
    <KSI>0.001</KSI>
    <KGmin>0.05</KGmin>
    <RangeKG>0.1</RangeKG>
    <AG>0.1</AG>
    <PERC>5.2489666579606942</PERC>
    <Alpha>0</Alpha>
    <UZL>53.095632159151592</UZL>
    <K0>0.15659096786361051</K0>
    <K1>0.75939982893031377</K1>
    <K2>0.14999999990638946</K2>
    <MAXBAS>1.4114364251887144</MAXBAS>
    <Cet>0</Cet>
    <PCALT>10</PCALT>
    <TCALT>0.6</TCALT>
    <Pelev>0</Pelev>
    <Telev>0</Telev>
    <PART>0.5</PART>
    <DELAY>1</DELAY>
  </CatchmentParameters>
  <VegetationZone>
    <VegetationZoneParameters>
      <TT>2.4998719461044656</TT>
      <CFMAX>0.52422763395596</CFMAX>
      <SP>0</SP>
      <SFCF>1.4999974352416021</SFCF>
      <CFR>0.067297979698615742</CFR>
      <CWH>0.13716767036596689</CWH>
      <CFGlacier>1</CFGlacier>
      <CFSlope>1</CFSlope>
      <FC>437.48171472656043</FC>
      <LP>0.81889294765198806</LP>
      <BETA>2.5487171907129076</BETA>
    </VegetationZoneParameters>
  </VegetationZone>
  <SubCatchment>
    <SubCatchmentParameters>
      <KSI>0.001</KSI>
      <KGmin>0.05</KGmin>
      <RangeKG>0.1</RangeKG>
      <AG>0.1</AG>
      <PERC>5.2489666579606942</PERC>
      <Alpha>0</Alpha>
      <UZL>53.095632159151592</UZL>
      <K0>0.15659096786361051</K0>
      <K1>0.75939982893031377</K1>
      <K2>0.14999999990638946</K2>
      <MAXBAS>1.4114364251887144</MAXBAS>
      <Cet>0</Cet>
      <PCALT>10</PCALT>
      <TCALT>0.6</TCALT>
      <Pelev>0</Pelev>
      <Telev>0</Telev>
      <PART>0.5</PART>
      <DELAY>1</DELAY>
    </SubCatchmentParameters>
    <SubCatchmentVegetationZone>
      <SubCatchmentVegetationZoneParameters>
        <TT>2.4998719461044656</TT>
        <CFMAX>0.52422763395596</CFMAX>
        <SP>0</SP>
        <SFCF>1.4999974352416021</SFCF>
        <CFR>0.067297979698615742</CFR>
        <CWH>0.13716767036596689</CWH>
        <CFGlacier>1</CFGlacier>
        <CFSlope>1</CFSlope>
        <FC>437.48171472656043</FC>
        <LP>0.81889294765198806</LP>
        <BETA>2.5487171907129076</BETA>
      </SubCatchmentVegetationZoneParameters>
    </SubCatchmentVegetationZone>
  </SubCatchment>
</Catchment>