<?xml version="1.0" encoding="utf-8"?>
<Catchment xmlns:xsi="http://www.w3.org/2001/XMLSchema-instance" xmlns:xsd="http://www.w3.org/2001/XMLSchema">
  <CatchmentParameters>
    <KSI>0.001</KSI>
    <KGmin>0.05</KGmin>
    <RangeKG>0.1</RangeKG>
    <AG>0.1</AG>
    <PERC>4.5855388216110029</PERC>
    <Alpha>0</Alpha>
    <UZL>43.93042313749546</UZL>
    <K0>0.5292914476112951</K0>
    <K1>0.57344853860546807</K1>
    <K2>0.079492460654527627</K2>
    <MAXBAS>1</MAXBAS>
    <Cet>0</Cet>
    <PCALT>10</PCALT>
    <TCALT>0.6</TCALT>
    <Pelev>0</Pelev>
    <Telev>0</Telev>
    <PART>0.5</PART>
    <DELAY>1</DELAY>
  </CatchmentParameters>
  <VegetationZone>
    <VegetationZoneParameters>
      <TT>1.7947939581088952</TT>
      <CFMAX>0.61724669318541492</CFMAX>
      <SP>0</SP>
      <SFCF>1.4076018579216416</SFCF>
      <CFR>0.045312138411166936</CFR>
      <CWH>0.1834212118620894</CWH>
      <CFGlacier>1</CFGlacier>
      <CFSlope>1</CFSlope>
      <FC>355.295078246214</FC>
      <LP>0.91059186666887537</LP>
      <BETA>3.1143966604714417</BETA>
    </VegetationZoneParameters>
  </VegetationZone>
  <SubCatchment>
    <SubCatchmentParameters>
      <KSI>0.001</KSI>
      <KGmin>0.05</KGmin>
      <RangeKG>0.1</RangeKG>
      <AG>0.1</AG>
      <PERC>4.5855388216110029</PERC>
      <Alpha>0</Alpha>
      <UZL>43.93042313749546</UZL>
      <K0>0.5292914476112951</K0>
      <K1>0.57344853860546807</K1>
      <K2>0.079492460654527627</K2>
      <MAXBAS>1</MAXBAS>
      <Cet>0</Cet>
      <PCALT>10</PCALT>
      <TCALT>0.6</TCALT>
      <Pelev>0</Pelev>
      <Telev>0</Telev>
      <PART>0.5</PART>
      <DELAY>1</DELAY>
    </SubCatchmentParameters>
    <SubCatchmentVegetationZone>
      <SubCatchmentVegetationZoneParameters>
        <TT>1.7947939581088952</TT>
        <CFMAX>0.61724669318541492</CFMAX>
        <SP>0</SP>
        <SFCF>1.4076018579216416</SFCF>
        <CFR>0.045312138411166936</CFR>
        <CWH>0.1834212118620894</CWH>
        <CFGlacier>1</CFGlacier>
        <CFSlope>1</CFSlope>
        <FC>355.295078246214</FC>
        <LP>0.91059186666887537</LP>
        <BETA>3.1143966604714417</BETA>
      </SubCatchmentVegetationZoneParameters>
    </SubCatchmentVegetationZone>
  </SubCatchment>
</Catchment>