<?xml version="1.0" encoding="utf-8"?>
<Catchment xmlns:xsi="http://www.w3.org/2001/XMLSchema-instance" xmlns:xsd="http://www.w3.org/2001/XMLSchema">
  <CatchmentParameters>
    <KSI>0.001</KSI>
    <KGmin>0.05</KGmin>
    <RangeKG>0.1</RangeKG>
    <AG>0.1</AG>
    <PERC>5.2103341840461788</PERC>
    <Alpha>0</Alpha>
    <UZL>27.010785394972608</UZL>
    <K0>0.98999396314333432</K0>
    <K1>0.37226383993753964</K1>
    <K2>0.039171928666092093</K2>
    <MAXBAS>1</MAXBAS>
    <Cet>0</Cet>
    <PCALT>10</PCALT>
    <TCALT>0.6</TCALT>
    <Pelev>0</Pelev>
    <Telev>0</Telev>
    <PART>0.5</PART>
    <DELAY>1</DELAY>
  </CatchmentParameters>
  <VegetationZone>
    <VegetationZoneParameters>
      <TT>-0.57659121788833356</TT>
      <CFMAX>2.0459068862655565</CFMAX>
      <SP>0</SP>
      <SFCF>0.83768798480868445</SFCF>
      <CFR>0.0610122092708923</CFR>
      <CWH>0.19995630161054945</CWH>
      <CFGlacier>1</CFGlacier>
      <CFSlope>1</CFSlope>
      <FC>124.57286667696471</FC>
      <LP>0.5503209897140815</LP>
      <BETA>2.4983186934663237</BETA>
    </VegetationZoneParameters>
  </VegetationZone>
  <SubCatchment>
    <SubCatchmentParameters>
      <KSI>0.001</KSI>
      <KGmin>0.05</KGmin>
      <RangeKG>0.1</RangeKG>
      <AG>0.1</AG>
      <PERC>5.2103341840461788</PERC>
      <Alpha>0</Alpha>
      <UZL>27.010785394972608</UZL>
      <K0>0.98999396314333432</K0>
      <K1>0.37226383993753964</K1>
      <K2>0.039171928666092093</K2>
      <MAXBAS>1</MAXBAS>
      <Cet>0</Cet>
      <PCALT>10</PCALT>
      <TCALT>0.6</TCALT>
      <Pelev>0</Pelev>
      <Telev>0</Telev>
      <PART>0.5</PART>
      <DELAY>1</DELAY>
    </SubCatchmentParameters>
    <SubCatchmentVegetationZone>
      <SubCatchmentVegetationZoneParameters>
        <TT>-0.57659121788833356</TT>
        <CFMAX>2.0459068862655565</CFMAX>
        <SP>0</SP>
        <SFCF>0.83768798480868445</SFCF>
        <CFR>0.0610122092708923</CFR>
        <CWH>0.19995630161054945</CWH>
        <CFGlacier>1</CFGlacier>
        <CFSlope>1</CFSlope>
        <FC>124.57286667696471</FC>
        <LP>0.5503209897140815</LP>
        <BETA>2.4983186934663237</BETA>
      </SubCatchmentVegetationZoneParameters>
    </SubCatchmentVegetationZone>
  </SubCatchment>
</Catchment>