<?xml version="1.0" encoding="utf-8"?>
<Catchment xmlns:xsi="http://www.w3.org/2001/XMLSchema-instance" xmlns:xsd="http://www.w3.org/2001/XMLSchema">
  <CatchmentParameters>
    <KSI>0.001</KSI>
    <KGmin>0.05</KGmin>
    <RangeKG>0.1</RangeKG>
    <AG>0.1</AG>
    <PERC>4.4301817672349086</PERC>
    <Alpha>0</Alpha>
    <UZL>111.1989575209596</UZL>
    <K0>0.37257537990556422</K0>
    <K1>0.58773131109190579</K1>
    <K2>0.084535936021688629</K2>
    <MAXBAS>1</MAXBAS>
    <Cet>0</Cet>
    <PCALT>10</PCALT>
    <TCALT>0.6</TCALT>
    <Pelev>0</Pelev>
    <Telev>0</Telev>
    <PART>0.5</PART>
    <DELAY>1</DELAY>
  </CatchmentParameters>
  <VegetationZone>
    <VegetationZoneParameters>
      <TT>1.0679255844561655</TT>
      <CFMAX>0.51851297748620151</CFMAX>
      <SP>0</SP>
      <SFCF>1.3840661347654171</SFCF>
      <CFR>0.051674541962887073</CFR>
      <CWH>0.199997179764517</CWH>
      <CFGlacier>1</CFGlacier>
      <CFSlope>1</CFSlope>
      <FC>523.73106965373768</FC>
      <LP>0.74461401025219309</LP>
      <BETA>2.1300563578568821</BETA>
    </VegetationZoneParameters>
  </VegetationZone>
  <SubCatchment>
    <SubCatchmentParameters>
      <KSI>0.001</KSI>
      <KGmin>0.05</KGmin>
      <RangeKG>0.1</RangeKG>
      <AG>0.1</AG>
      <PERC>4.4301817672349086</PERC>
      <Alpha>0</Alpha>
      <UZL>111.1989575209596</UZL>
      <K0>0.37257537990556422</K0>
      <K1>0.58773131109190579</K1>
      <K2>0.084535936021688629</K2>
      <MAXBAS>1</MAXBAS>
      <Cet>0</Cet>
      <PCALT>10</PCALT>
      <TCALT>0.6</TCALT>
      <Pelev>0</Pelev>
      <Telev>0</Telev>
      <PART>0.5</PART>
      <DELAY>1</DELAY>
    </SubCatchmentParameters>
    <SubCatchmentVegetationZone>
      <SubCatchmentVegetationZoneParameters>
        <TT>1.0679255844561655</TT>
        <CFMAX>0.51851297748620151</CFMAX>
        <SP>0</SP>
        <SFCF>1.3840661347654171</SFCF>
        <CFR>0.051674541962887073</CFR>
        <CWH>0.199997179764517</CWH>
        <CFGlacier>1</CFGlacier>
        <CFSlope>1</CFSlope>
        <FC>523.73106965373768</FC>
        <LP>0.74461401025219309</LP>
        <BETA>2.1300563578568821</BETA>
      </SubCatchmentVegetationZoneParameters>
    </SubCatchmentVegetationZone>
  </SubCatchment>
</Catchment>