<?xml version="1.0" encoding="utf-8"?>
<Catchment xmlns:xsi="http://www.w3.org/2001/XMLSchema-instance" xmlns:xsd="http://www.w3.org/2001/XMLSchema">
  <CatchmentParameters>
    <KSI>0.001</KSI>
    <KGmin>0.05</KGmin>
    <RangeKG>0.1</RangeKG>
    <AG>0.1</AG>
    <PERC>5.509608686400183</PERC>
    <Alpha>0</Alpha>
    <UZL>134.85006706039687</UZL>
    <K0>0.5930571809047035</K0>
    <K1>0.74829815616299133</K1>
    <K2>0.14999999703244016</K2>
    <MAXBAS>1.40157524610338</MAXBAS>
    <Cet>0</Cet>
    <PCALT>10</PCALT>
    <TCALT>0.6</TCALT>
    <Pelev>0</Pelev>
    <Telev>0</Telev>
    <PART>0.5</PART>
    <DELAY>1</DELAY>
  </CatchmentParameters>
  <VegetationZone>
    <VegetationZoneParameters>
      <TT>2.4437479105929256</TT>
      <CFMAX>0.511065341702471</CFMAX>
      <SP>0</SP>
      <SFCF>1.4999988234527726</SFCF>
      <CFR>0.047281510919374818</CFR>
      <CWH>0.13146634895375833</CWH>
      <CFGlacier>1</CFGlacier>
      <CFSlope>1</CFSlope>
      <FC>471.54546392675775</FC>
      <LP>0.8302645193050413</LP>
      <BETA>2.4184517080250729</BETA>
    </VegetationZoneParameters>
  </VegetationZone>
  <SubCatchment>
    <SubCatchmentParameters>
      <KSI>0.001</KSI>
      <KGmin>0.05</KGmin>
      <RangeKG>0.1</RangeKG>
      <AG>0.1</AG>
      <PERC>5.509608686400183</PERC>
      <Alpha>0</Alpha>
      <UZL>134.85006706039687</UZL>
      <K0>0.5930571809047035</K0>
      <K1>0.74829815616299133</K1>
      <K2>0.14999999703244016</K2>
      <MAXBAS>1.40157524610338</MAXBAS>
      <Cet>0</Cet>
      <PCALT>10</PCALT>
      <TCALT>0.6</TCALT>
      <Pelev>0</Pelev>
      <Telev>0</Telev>
      <PART>0.5</PART>
      <DELAY>1</DELAY>
    </SubCatchmentParameters>
    <SubCatchmentVegetationZone>
      <SubCatchmentVegetationZoneParameters>
        <TT>2.4437479105929256</TT>
        <CFMAX>0.511065341702471</CFMAX>
        <SP>0</SP>
        <SFCF>1.4999988234527726</SFCF>
        <CFR>0.047281510919374818</CFR>
        <CWH>0.13146634895375833</CWH>
        <CFGlacier>1</CFGlacier>
        <CFSlope>1</CFSlope>
        <FC>471.54546392675775</FC>
        <LP>0.8302645193050413</LP>
        <BETA>2.4184517080250729</BETA>
      </SubCatchmentVegetationZoneParameters>
    </SubCatchmentVegetationZone>
  </SubCatchment>
</Catchment>