<?xml version="1.0" encoding="utf-8"?>
<Catchment xmlns:xsi="http://www.w3.org/2001/XMLSchema-instance" xmlns:xsd="http://www.w3.org/2001/XMLSchema">
  <CatchmentParameters>
    <KSI>0.001</KSI>
    <KGmin>0.05</KGmin>
    <RangeKG>0.1</RangeKG>
    <AG>0.1</AG>
    <PERC>4.7961665876404576</PERC>
    <Alpha>0</Alpha>
    <UZL>143.42265185874589</UZL>
    <K0>0.45952108635080585</K0>
    <K1>0.61862587648939082</K1>
    <K2>0.08101600326977193</K2>
    <MAXBAS>1</MAXBAS>
    <Cet>0</Cet>
    <PCALT>10</PCALT>
    <TCALT>0.6</TCALT>
    <Pelev>0</Pelev>
    <Telev>0</Telev>
    <PART>0.5</PART>
    <DELAY>1</DELAY>
  </CatchmentParameters>
  <VegetationZone>
    <VegetationZoneParameters>
      <TT>1.1479981061331721</TT>
      <CFMAX>0.50000006150653875</CFMAX>
      <SP>0</SP>
      <SFCF>1.2644941734288979</SFCF>
      <CFR>0.087676257969176927</CFR>
      <CWH>0.19999586670701466</CWH>
      <CFGlacier>1</CFGlacier>
      <CFSlope>1</CFSlope>
      <FC>614.26684546341914</FC>
      <LP>0.628576281378484</LP>
      <BETA>1.7301532541256555</BETA>
    </VegetationZoneParameters>
  </VegetationZone>
  <SubCatchment>
    <SubCatchmentParameters>
      <KSI>0.001</KSI>
      <KGmin>0.05</KGmin>
      <RangeKG>0.1</RangeKG>
      <AG>0.1</AG>
      <PERC>4.7961665876404576</PERC>
      <Alpha>0</Alpha>
      <UZL>143.42265185874589</UZL>
      <K0>0.45952108635080585</K0>
      <K1>0.61862587648939082</K1>
      <K2>0.08101600326977193</K2>
      <MAXBAS>1</MAXBAS>
      <Cet>0</Cet>
      <PCALT>10</PCALT>
      <TCALT>0.6</TCALT>
      <Pelev>0</Pelev>
      <Telev>0</Telev>
      <PART>0.5</PART>
      <DELAY>1</DELAY>
    </SubCatchmentParameters>
    <SubCatchmentVegetationZone>
      <SubCatchmentVegetationZoneParameters>
        <TT>1.1479981061331721</TT>
        <CFMAX>0.50000006150653875</CFMAX>
        <SP>0</SP>
        <SFCF>1.2644941734288979</SFCF>
        <CFR>0.087676257969176927</CFR>
        <CWH>0.19999586670701466</CWH>
        <CFGlacier>1</CFGlacier>
        <CFSlope>1</CFSlope>
        <FC>614.26684546341914</FC>
        <LP>0.628576281378484</LP>
        <BETA>1.7301532541256555</BETA>
      </SubCatchmentVegetationZoneParameters>
    </SubCatchmentVegetationZone>
  </SubCatchment>
</Catchment>