<?xml version="1.0" encoding="utf-8"?>
<Catchment xmlns:xsi="http://www.w3.org/2001/XMLSchema-instance" xmlns:xsd="http://www.w3.org/2001/XMLSchema">
  <CatchmentParameters>
    <KSI>0.001</KSI>
    <KGmin>0.05</KGmin>
    <RangeKG>0.1</RangeKG>
    <AG>0.1</AG>
    <PERC>4.3218943651830042</PERC>
    <Alpha>0</Alpha>
    <UZL>60.428502015833132</UZL>
    <K0>0.51803143526740569</K0>
    <K1>0.54179396759684528</K1>
    <K2>0.071217798793998144</K2>
    <MAXBAS>1</MAXBAS>
    <Cet>0</Cet>
    <PCALT>10</PCALT>
    <TCALT>0.6</TCALT>
    <Pelev>0</Pelev>
    <Telev>0</Telev>
    <PART>0.5</PART>
    <DELAY>1</DELAY>
  </CatchmentParameters>
  <VegetationZone>
    <VegetationZoneParameters>
      <TT>2.4791605376676102</TT>
      <CFMAX>0.65049265318326621</CFMAX>
      <SP>0</SP>
      <SFCF>1.18844464297254</SFCF>
      <CFR>0.06772432233754111</CFR>
      <CWH>0.17319588163244587</CWH>
      <CFGlacier>1</CFGlacier>
      <CFSlope>1</CFSlope>
      <FC>322.96492631570271</FC>
      <LP>0.69817395632145041</LP>
      <BETA>2.1488403769088142</BETA>
    </VegetationZoneParameters>
  </VegetationZone>
  <SubCatchment>
    <SubCatchmentParameters>
      <KSI>0.001</KSI>
      <KGmin>0.05</KGmin>
      <RangeKG>0.1</RangeKG>
      <AG>0.1</AG>
      <PERC>4.3218943651830042</PERC>
      <Alpha>0</Alpha>
      <UZL>60.428502015833132</UZL>
      <K0>0.51803143526740569</K0>
      <K1>0.54179396759684528</K1>
      <K2>0.071217798793998144</K2>
      <MAXBAS>1</MAXBAS>
      <Cet>0</Cet>
      <PCALT>10</PCALT>
      <TCALT>0.6</TCALT>
      <Pelev>0</Pelev>
      <Telev>0</Telev>
      <PART>0.5</PART>
      <DELAY>1</DELAY>
    </SubCatchmentParameters>
    <SubCatchmentVegetationZone>
      <SubCatchmentVegetationZoneParameters>
        <TT>2.4791605376676102</TT>
        <CFMAX>0.65049265318326621</CFMAX>
        <SP>0</SP>
        <SFCF>1.18844464297254</SFCF>
        <CFR>0.06772432233754111</CFR>
        <CWH>0.17319588163244587</CWH>
        <CFGlacier>1</CFGlacier>
        <CFSlope>1</CFSlope>
        <FC>322.96492631570271</FC>
        <LP>0.69817395632145041</LP>
        <BETA>2.1488403769088142</BETA>
      </SubCatchmentVegetationZoneParameters>
    </SubCatchmentVegetationZone>
  </SubCatchment>
</Catchment>