<?xml version="1.0" encoding="utf-8"?>
<Catchment xmlns:xsi="http://www.w3.org/2001/XMLSchema-instance" xmlns:xsd="http://www.w3.org/2001/XMLSchema">
  <CatchmentParameters>
    <KSI>0.001</KSI>
    <KGmin>0.05</KGmin>
    <RangeKG>0.1</RangeKG>
    <AG>0.1</AG>
    <PERC>5.6509582031960086</PERC>
    <Alpha>0</Alpha>
    <UZL>7.9504448984066753</UZL>
    <K0>0.9899923246718576</K0>
    <K1>0.68822622115198939</K1>
    <K2>0.066352779697696387</K2>
    <MAXBAS>1</MAXBAS>
    <Cet>0</Cet>
    <PCALT>10</PCALT>
    <TCALT>0.6</TCALT>
    <Pelev>0</Pelev>
    <Telev>0</Telev>
    <PART>0.5</PART>
    <DELAY>1</DELAY>
  </CatchmentParameters>
  <VegetationZone>
    <VegetationZoneParameters>
      <TT>1.1479870053341799</TT>
      <CFMAX>0.500000319318212</CFMAX>
      <SP>0</SP>
      <SFCF>0.86559891260450217</SFCF>
      <CFR>0.099221679532498067</CFR>
      <CWH>0.19999564855143914</CWH>
      <CFGlacier>1</CFGlacier>
      <CFSlope>1</CFSlope>
      <FC>1865.0157390160082</FC>
      <LP>0.68322811891205459</LP>
      <BETA>1.9165112856461173</BETA>
    </VegetationZoneParameters>
  </VegetationZone>
  <SubCatchment>
    <SubCatchmentParameters>
      <KSI>0.001</KSI>
      <KGmin>0.05</KGmin>
      <RangeKG>0.1</RangeKG>
      <AG>0.1</AG>
      <PERC>5.6509582031960086</PERC>
      <Alpha>0</Alpha>
      <UZL>7.9504448984066753</UZL>
      <K0>0.9899923246718576</K0>
      <K1>0.68822622115198939</K1>
      <K2>0.066352779697696387</K2>
      <MAXBAS>1</MAXBAS>
      <Cet>0</Cet>
      <PCALT>10</PCALT>
      <TCALT>0.6</TCALT>
      <Pelev>0</Pelev>
      <Telev>0</Telev>
      <PART>0.5</PART>
      <DELAY>1</DELAY>
    </SubCatchmentParameters>
    <SubCatchmentVegetationZone>
      <SubCatchmentVegetationZoneParameters>
        <TT>1.1479870053341799</TT>
        <CFMAX>0.500000319318212</CFMAX>
        <SP>0</SP>
        <SFCF>0.86559891260450217</SFCF>
        <CFR>0.099221679532498067</CFR>
        <CWH>0.19999564855143914</CWH>
        <CFGlacier>1</CFGlacier>
        <CFSlope>1</CFSlope>
        <FC>1865.0157390160082</FC>
        <LP>0.68322811891205459</LP>
        <BETA>1.9165112856461173</BETA>
      </SubCatchmentVegetationZoneParameters>
    </SubCatchmentVegetationZone>
  </SubCatchment>
</Catchment>