<?xml version="1.0" encoding="utf-8"?>
<Catchment xmlns:xsi="http://www.w3.org/2001/XMLSchema-instance" xmlns:xsd="http://www.w3.org/2001/XMLSchema">
  <CatchmentParameters>
    <KSI>0.001</KSI>
    <KGmin>0.05</KGmin>
    <RangeKG>0.1</RangeKG>
    <AG>0.1</AG>
    <PERC>6.0473257898711728</PERC>
    <Alpha>0</Alpha>
    <UZL>39.174009183060043</UZL>
    <K0>0.17133104371747121</K0>
    <K1>0.78425755134388464</K1>
    <K2>0.14999954022892634</K2>
    <MAXBAS>1.4279959555949289</MAXBAS>
    <Cet>0</Cet>
    <PCALT>10</PCALT>
    <TCALT>0.6</TCALT>
    <Pelev>0</Pelev>
    <Telev>0</Telev>
    <PART>0.5</PART>
    <DELAY>1</DELAY>
  </CatchmentParameters>
  <VegetationZone>
    <VegetationZoneParameters>
      <TT>2.4989357695458616</TT>
      <CFMAX>0.51035485050898066</CFMAX>
      <SP>0</SP>
      <SFCF>1.4999993230433981</SFCF>
      <CFR>0.046499612020785452</CFR>
      <CWH>0.10000005862259047</CWH>
      <CFGlacier>1</CFGlacier>
      <CFSlope>1</CFSlope>
      <FC>429.97533616520991</FC>
      <LP>0.85050577639059455</LP>
      <BETA>2.4910766402968205</BETA>
    </VegetationZoneParameters>
  </VegetationZone>
  <SubCatchment>
    <SubCatchmentParameters>
      <KSI>0.001</KSI>
      <KGmin>0.05</KGmin>
      <RangeKG>0.1</RangeKG>
      <AG>0.1</AG>
      <PERC>6.0473257898711728</PERC>
      <Alpha>0</Alpha>
      <UZL>39.174009183060043</UZL>
      <K0>0.17133104371747121</K0>
      <K1>0.78425755134388464</K1>
      <K2>0.14999954022892634</K2>
      <MAXBAS>1.4279959555949289</MAXBAS>
      <Cet>0</Cet>
      <PCALT>10</PCALT>
      <TCALT>0.6</TCALT>
      <Pelev>0</Pelev>
      <Telev>0</Telev>
      <PART>0.5</PART>
      <DELAY>1</DELAY>
    </SubCatchmentParameters>
    <SubCatchmentVegetationZone>
      <SubCatchmentVegetationZoneParameters>
        <TT>2.4989357695458616</TT>
        <CFMAX>0.51035485050898066</CFMAX>
        <SP>0</SP>
        <SFCF>1.4999993230433981</SFCF>
        <CFR>0.046499612020785452</CFR>
        <CWH>0.10000005862259047</CWH>
        <CFGlacier>1</CFGlacier>
        <CFSlope>1</CFSlope>
        <FC>429.97533616520991</FC>
        <LP>0.85050577639059455</LP>
        <BETA>2.4910766402968205</BETA>
      </SubCatchmentVegetationZoneParameters>
    </SubCatchmentVegetationZone>
  </SubCatchment>
</Catchment>