<?xml version="1.0" encoding="utf-8"?>
<Catchment xmlns:xsi="http://www.w3.org/2001/XMLSchema-instance" xmlns:xsd="http://www.w3.org/2001/XMLSchema">
  <CatchmentParameters>
    <KSI>0.001</KSI>
    <KGmin>0.05</KGmin>
    <RangeKG>0.1</RangeKG>
    <AG>0.1</AG>
    <PERC>4.9866503124738779</PERC>
    <Alpha>0</Alpha>
    <UZL>124.94156470085011</UZL>
    <K0>0.1614550275082676</K0>
    <K1>0.48863621960514775</K1>
    <K2>0.059407390865947318</K2>
    <MAXBAS>1</MAXBAS>
    <Cet>0</Cet>
    <PCALT>10</PCALT>
    <TCALT>0.6</TCALT>
    <Pelev>0</Pelev>
    <Telev>0</Telev>
    <PART>0.5</PART>
    <DELAY>1</DELAY>
  </CatchmentParameters>
  <VegetationZone>
    <VegetationZoneParameters>
      <TT>2.4999957448051409</TT>
      <CFMAX>0.5000001099295045</CFMAX>
      <SP>0</SP>
      <SFCF>0.81372143726832014</SFCF>
      <CFR>0.099998786494916669</CFR>
      <CWH>0.10000041575257204</CWH>
      <CFGlacier>1</CFGlacier>
      <CFSlope>1</CFSlope>
      <FC>238.23848743966781</FC>
      <LP>0.76524961747760356</LP>
      <BETA>2.4672082214181534</BETA>
    </VegetationZoneParameters>
  </VegetationZone>
  <SubCatchment>
    <SubCatchmentParameters>
      <KSI>0.001</KSI>
      <KGmin>0.05</KGmin>
      <RangeKG>0.1</RangeKG>
      <AG>0.1</AG>
      <PERC>4.9866503124738779</PERC>
      <Alpha>0</Alpha>
      <UZL>124.94156470085011</UZL>
      <K0>0.1614550275082676</K0>
      <K1>0.48863621960514775</K1>
      <K2>0.059407390865947318</K2>
      <MAXBAS>1</MAXBAS>
      <Cet>0</Cet>
      <PCALT>10</PCALT>
      <TCALT>0.6</TCALT>
      <Pelev>0</Pelev>
      <Telev>0</Telev>
      <PART>0.5</PART>
      <DELAY>1</DELAY>
    </SubCatchmentParameters>
    <SubCatchmentVegetationZone>
      <SubCatchmentVegetationZoneParameters>
        <TT>2.4999957448051409</TT>
        <CFMAX>0.5000001099295045</CFMAX>
        <SP>0</SP>
        <SFCF>0.81372143726832014</SFCF>
        <CFR>0.099998786494916669</CFR>
        <CWH>0.10000041575257204</CWH>
        <CFGlacier>1</CFGlacier>
        <CFSlope>1</CFSlope>
        <FC>238.23848743966781</FC>
        <LP>0.76524961747760356</LP>
        <BETA>2.4672082214181534</BETA>
      </SubCatchmentVegetationZoneParameters>
    </SubCatchmentVegetationZone>
  </SubCatchment>
</Catchment>