<?xml version="1.0" encoding="utf-8"?>
<Catchment xmlns:xsi="http://www.w3.org/2001/XMLSchema-instance" xmlns:xsd="http://www.w3.org/2001/XMLSchema">
  <CatchmentParameters>
    <KSI>0.001</KSI>
    <KGmin>0.05</KGmin>
    <RangeKG>0.1</RangeKG>
    <AG>0.1</AG>
    <PERC>5.2683787189477638</PERC>
    <Alpha>0</Alpha>
    <UZL>57.576723689565547</UZL>
    <K0>0.29747227765793338</K0>
    <K1>0.55235754080530464</K1>
    <K2>0.079963983228781857</K2>
    <MAXBAS>1</MAXBAS>
    <Cet>0</Cet>
    <PCALT>10</PCALT>
    <TCALT>0.6</TCALT>
    <Pelev>0</Pelev>
    <Telev>0</Telev>
    <PART>0.5</PART>
    <DELAY>1</DELAY>
  </CatchmentParameters>
  <VegetationZone>
    <VegetationZoneParameters>
      <TT>1.4643742065100558</TT>
      <CFMAX>0.500627111370703</CFMAX>
      <SP>0</SP>
      <SFCF>1.215381937305537</SFCF>
      <CFR>0.086824568750768508</CFR>
      <CWH>0.13137561466063683</CWH>
      <CFGlacier>1</CFGlacier>
      <CFSlope>1</CFSlope>
      <FC>294.09733999256383</FC>
      <LP>0.90825504127663415</LP>
      <BETA>3.1931759668200606</BETA>
    </VegetationZoneParameters>
  </VegetationZone>
  <SubCatchment>
    <SubCatchmentParameters>
      <KSI>0.001</KSI>
      <KGmin>0.05</KGmin>
      <RangeKG>0.1</RangeKG>
      <AG>0.1</AG>
      <PERC>5.2683787189477638</PERC>
      <Alpha>0</Alpha>
      <UZL>57.576723689565547</UZL>
      <K0>0.29747227765793338</K0>
      <K1>0.55235754080530464</K1>
      <K2>0.079963983228781857</K2>
      <MAXBAS>1</MAXBAS>
      <Cet>0</Cet>
      <PCALT>10</PCALT>
      <TCALT>0.6</TCALT>
      <Pelev>0</Pelev>
      <Telev>0</Telev>
      <PART>0.5</PART>
      <DELAY>1</DELAY>
    </SubCatchmentParameters>
    <SubCatchmentVegetationZone>
      <SubCatchmentVegetationZoneParameters>
        <TT>1.4643742065100558</TT>
        <CFMAX>0.500627111370703</CFMAX>
        <SP>0</SP>
        <SFCF>1.215381937305537</SFCF>
        <CFR>0.086824568750768508</CFR>
        <CWH>0.13137561466063683</CWH>
        <CFGlacier>1</CFGlacier>
        <CFSlope>1</CFSlope>
        <FC>294.09733999256383</FC>
        <LP>0.90825504127663415</LP>
        <BETA>3.1931759668200606</BETA>
      </SubCatchmentVegetationZoneParameters>
    </SubCatchmentVegetationZone>
  </SubCatchment>
</Catchment>