<?xml version="1.0" encoding="utf-8"?>
<Catchment xmlns:xsi="http://www.w3.org/2001/XMLSchema-instance" xmlns:xsd="http://www.w3.org/2001/XMLSchema">
  <CatchmentParameters>
    <KSI>0.001</KSI>
    <KGmin>0.05</KGmin>
    <RangeKG>0.1</RangeKG>
    <AG>0.1</AG>
    <PERC>9.9999314938538539</PERC>
    <Alpha>0</Alpha>
    <UZL>26.062764675748884</UZL>
    <K0>0.98999760772689094</K0>
    <K1>0.36963824920260813</K1>
    <K2>0.11283685551534123</K2>
    <MAXBAS>1.1978300292584321</MAXBAS>
    <Cet>0</Cet>
    <PCALT>10</PCALT>
    <TCALT>0.6</TCALT>
    <Pelev>0</Pelev>
    <Telev>0</Telev>
    <PART>0.5</PART>
    <DELAY>1</DELAY>
  </CatchmentParameters>
  <VegetationZone>
    <VegetationZoneParameters>
      <TT>1.2990215176968638</TT>
      <CFMAX>4.9998242163211657</CFMAX>
      <SP>0</SP>
      <SFCF>0.50000008880594149</SFCF>
      <CFR>0.055917361633290155</CFR>
      <CWH>0.10004596114950044</CWH>
      <CFGlacier>1</CFGlacier>
      <CFSlope>1</CFSlope>
      <FC>90.254769941603186</FC>
      <LP>0.30000017260961825</LP>
      <BETA>2.32010081969774</BETA>
    </VegetationZoneParameters>
  </VegetationZone>
  <SubCatchment>
    <SubCatchmentParameters>
      <KSI>0.001</KSI>
      <KGmin>0.05</KGmin>
      <RangeKG>0.1</RangeKG>
      <AG>0.1</AG>
      <PERC>9.9999314938538539</PERC>
      <Alpha>0</Alpha>
      <UZL>26.062764675748884</UZL>
      <K0>0.98999760772689094</K0>
      <K1>0.36963824920260813</K1>
      <K2>0.11283685551534123</K2>
      <MAXBAS>1.1978300292584321</MAXBAS>
      <Cet>0</Cet>
      <PCALT>10</PCALT>
      <TCALT>0.6</TCALT>
      <Pelev>0</Pelev>
      <Telev>0</Telev>
      <PART>0.5</PART>
      <DELAY>1</DELAY>
    </SubCatchmentParameters>
    <SubCatchmentVegetationZone>
      <SubCatchmentVegetationZoneParameters>
        <TT>1.2990215176968638</TT>
        <CFMAX>4.9998242163211657</CFMAX>
        <SP>0</SP>
        <SFCF>0.50000008880594149</SFCF>
        <CFR>0.055917361633290155</CFR>
        <CWH>0.10004596114950044</CWH>
        <CFGlacier>1</CFGlacier>
        <CFSlope>1</CFSlope>
        <FC>90.254769941603186</FC>
        <LP>0.30000017260961825</LP>
        <BETA>2.32010081969774</BETA>
      </SubCatchmentVegetationZoneParameters>
    </SubCatchmentVegetationZone>
  </SubCatchment>
</Catchment>