<?xml version="1.0" encoding="utf-8"?>
<Catchment xmlns:xsi="http://www.w3.org/2001/XMLSchema-instance" xmlns:xsd="http://www.w3.org/2001/XMLSchema">
  <CatchmentParameters>
    <KSI>0.001</KSI>
    <KGmin>0.05</KGmin>
    <RangeKG>0.1</RangeKG>
    <AG>0.1</AG>
    <PERC>5.3216564686957994</PERC>
    <Alpha>0</Alpha>
    <UZL>146.5752032251618</UZL>
    <K0>0.56397713912878888</K0>
    <K1>0.766018273838454</K1>
    <K2>0.14999999998235195</K2>
    <MAXBAS>1.4086985335743298</MAXBAS>
    <Cet>0</Cet>
    <PCALT>10</PCALT>
    <TCALT>0.6</TCALT>
    <Pelev>0</Pelev>
    <Telev>0</Telev>
    <PART>0.5</PART>
    <DELAY>1</DELAY>
  </CatchmentParameters>
  <VegetationZone>
    <VegetationZoneParameters>
      <TT>2.4210117000528935</TT>
      <CFMAX>0.51229156885060789</CFMAX>
      <SP>0</SP>
      <SFCF>1.4999989732103689</SFCF>
      <CFR>0.06552043722528933</CFR>
      <CWH>0.14344061130424379</CWH>
      <CFGlacier>1</CFGlacier>
      <CFSlope>1</CFSlope>
      <FC>432.09272343539863</FC>
      <LP>0.90298634676959755</LP>
      <BETA>3.064040833899405</BETA>
    </VegetationZoneParameters>
  </VegetationZone>
  <SubCatchment>
    <SubCatchmentParameters>
      <KSI>0.001</KSI>
      <KGmin>0.05</KGmin>
      <RangeKG>0.1</RangeKG>
      <AG>0.1</AG>
      <PERC>5.3216564686957994</PERC>
      <Alpha>0</Alpha>
      <UZL>146.5752032251618</UZL>
      <K0>0.56397713912878888</K0>
      <K1>0.766018273838454</K1>
      <K2>0.14999999998235195</K2>
      <MAXBAS>1.4086985335743298</MAXBAS>
      <Cet>0</Cet>
      <PCALT>10</PCALT>
      <TCALT>0.6</TCALT>
      <Pelev>0</Pelev>
      <Telev>0</Telev>
      <PART>0.5</PART>
      <DELAY>1</DELAY>
    </SubCatchmentParameters>
    <SubCatchmentVegetationZone>
      <SubCatchmentVegetationZoneParameters>
        <TT>2.4210117000528935</TT>
        <CFMAX>0.51229156885060789</CFMAX>
        <SP>0</SP>
        <SFCF>1.4999989732103689</SFCF>
        <CFR>0.06552043722528933</CFR>
        <CWH>0.14344061130424379</CWH>
        <CFGlacier>1</CFGlacier>
        <CFSlope>1</CFSlope>
        <FC>432.09272343539863</FC>
        <LP>0.90298634676959755</LP>
        <BETA>3.064040833899405</BETA>
      </SubCatchmentVegetationZoneParameters>
    </SubCatchmentVegetationZone>
  </SubCatchment>
</Catchment>