<?xml version="1.0" encoding="utf-8"?>
<Catchment xmlns:xsi="http://www.w3.org/2001/XMLSchema-instance" xmlns:xsd="http://www.w3.org/2001/XMLSchema">
  <CatchmentParameters>
    <KSI>0.001</KSI>
    <KGmin>0.05</KGmin>
    <RangeKG>0.1</RangeKG>
    <AG>0.1</AG>
    <PERC>4.7414507842664</PERC>
    <Alpha>0</Alpha>
    <UZL>170.34053890863751</UZL>
    <K0>0.24539484522021096</K0>
    <K1>0.62211100709383171</K1>
    <K2>0.082510262064763876</K2>
    <MAXBAS>1</MAXBAS>
    <Cet>0</Cet>
    <PCALT>10</PCALT>
    <TCALT>0.6</TCALT>
    <Pelev>0</Pelev>
    <Telev>0</Telev>
    <PART>0.5</PART>
    <DELAY>1</DELAY>
  </CatchmentParameters>
  <VegetationZone>
    <VegetationZoneParameters>
      <TT>1.0054668198206405</TT>
      <CFMAX>0.50000010258539451</CFMAX>
      <SP>0</SP>
      <SFCF>1.31810817313922</SFCF>
      <CFR>0.08054193465316542</CFR>
      <CWH>0.19999469355413591</CWH>
      <CFGlacier>1</CFGlacier>
      <CFSlope>1</CFSlope>
      <FC>628.19919000380435</FC>
      <LP>0.64363208013329942</LP>
      <BETA>1.7777868872899039</BETA>
    </VegetationZoneParameters>
  </VegetationZone>
  <SubCatchment>
    <SubCatchmentParameters>
      <KSI>0.001</KSI>
      <KGmin>0.05</KGmin>
      <RangeKG>0.1</RangeKG>
      <AG>0.1</AG>
      <PERC>4.7414507842664</PERC>
      <Alpha>0</Alpha>
      <UZL>170.34053890863751</UZL>
      <K0>0.24539484522021096</K0>
      <K1>0.62211100709383171</K1>
      <K2>0.082510262064763876</K2>
      <MAXBAS>1</MAXBAS>
      <Cet>0</Cet>
      <PCALT>10</PCALT>
      <TCALT>0.6</TCALT>
      <Pelev>0</Pelev>
      <Telev>0</Telev>
      <PART>0.5</PART>
      <DELAY>1</DELAY>
    </SubCatchmentParameters>
    <SubCatchmentVegetationZone>
      <SubCatchmentVegetationZoneParameters>
        <TT>1.0054668198206405</TT>
        <CFMAX>0.50000010258539451</CFMAX>
        <SP>0</SP>
        <SFCF>1.31810817313922</SFCF>
        <CFR>0.08054193465316542</CFR>
        <CWH>0.19999469355413591</CWH>
        <CFGlacier>1</CFGlacier>
        <CFSlope>1</CFSlope>
        <FC>628.19919000380435</FC>
        <LP>0.64363208013329942</LP>
        <BETA>1.7777868872899039</BETA>
      </SubCatchmentVegetationZoneParameters>
    </SubCatchmentVegetationZone>
  </SubCatchment>
</Catchment>