<?xml version="1.0" encoding="utf-8"?>
<Catchment xmlns:xsi="http://www.w3.org/2001/XMLSchema-instance" xmlns:xsd="http://www.w3.org/2001/XMLSchema">
  <CatchmentParameters>
    <KSI>0.001</KSI>
    <KGmin>0.05</KGmin>
    <RangeKG>0.1</RangeKG>
    <AG>0.1</AG>
    <PERC>1.0617240561532093</PERC>
    <Alpha>0</Alpha>
    <UZL>7.93477651200189</UZL>
    <K0>0.81088948899685631</K0>
    <K1>0.010000016063178067</K1>
    <K2>0.064411409437746411</K2>
    <MAXBAS>1</MAXBAS>
    <Cet>0</Cet>
    <PCALT>10</PCALT>
    <TCALT>0.6</TCALT>
    <Pelev>0</Pelev>
    <Telev>0</Telev>
    <PART>0.5</PART>
    <DELAY>1</DELAY>
  </CatchmentParameters>
  <VegetationZone>
    <VegetationZoneParameters>
      <TT>1.9160080242147817</TT>
      <CFMAX>1.3247804532546617</CFMAX>
      <SP>0</SP>
      <SFCF>0.7320589303874353</SFCF>
      <CFR>0.098949787377259457</CFR>
      <CWH>0.10000062428008102</CWH>
      <CFGlacier>1</CFGlacier>
      <CFSlope>1</CFSlope>
      <FC>1757.10419131017</FC>
      <LP>0.874657927560092</LP>
      <BETA>2.6744165064326912</BETA>
    </VegetationZoneParameters>
  </VegetationZone>
  <SubCatchment>
    <SubCatchmentParameters>
      <KSI>0.001</KSI>
      <KGmin>0.05</KGmin>
      <RangeKG>0.1</RangeKG>
      <AG>0.1</AG>
      <PERC>1.0617240561532093</PERC>
      <Alpha>0</Alpha>
      <UZL>7.93477651200189</UZL>
      <K0>0.81088948899685631</K0>
      <K1>0.010000016063178067</K1>
      <K2>0.064411409437746411</K2>
      <MAXBAS>1</MAXBAS>
      <Cet>0</Cet>
      <PCALT>10</PCALT>
      <TCALT>0.6</TCALT>
      <Pelev>0</Pelev>
      <Telev>0</Telev>
      <PART>0.5</PART>
      <DELAY>1</DELAY>
    </SubCatchmentParameters>
    <SubCatchmentVegetationZone>
      <SubCatchmentVegetationZoneParameters>
        <TT>1.9160080242147817</TT>
        <CFMAX>1.3247804532546617</CFMAX>
        <SP>0</SP>
        <SFCF>0.7320589303874353</SFCF>
        <CFR>0.098949787377259457</CFR>
        <CWH>0.10000062428008102</CWH>
        <CFGlacier>1</CFGlacier>
        <CFSlope>1</CFSlope>
        <FC>1757.10419131017</FC>
        <LP>0.874657927560092</LP>
        <BETA>2.6744165064326912</BETA>
      </SubCatchmentVegetationZoneParameters>
    </SubCatchmentVegetationZone>
  </SubCatchment>
</Catchment>