<?xml version="1.0" encoding="utf-8"?>
<Catchment xmlns:xsi="http://www.w3.org/2001/XMLSchema-instance" xmlns:xsd="http://www.w3.org/2001/XMLSchema">
  <CatchmentParameters>
    <KSI>0.001</KSI>
    <KGmin>0.05</KGmin>
    <RangeKG>0.1</RangeKG>
    <AG>0.1</AG>
    <PERC>5.9855543368844009</PERC>
    <Alpha>0</Alpha>
    <UZL>134.22769569331288</UZL>
    <K0>0.24299604990432233</K0>
    <K1>0.78615136977470412</K1>
    <K2>0.14999969294612756</K2>
    <MAXBAS>1.4166743758861633</MAXBAS>
    <Cet>0</Cet>
    <PCALT>10</PCALT>
    <TCALT>0.6</TCALT>
    <Pelev>0</Pelev>
    <Telev>0</Telev>
    <PART>0.5</PART>
    <DELAY>1</DELAY>
  </CatchmentParameters>
  <VegetationZone>
    <VegetationZoneParameters>
      <TT>2.4547321619933613</TT>
      <CFMAX>0.51094488766110269</CFMAX>
      <SP>0</SP>
      <SFCF>1.4999989034342758</SFCF>
      <CFR>0.05651682660595455</CFR>
      <CWH>0.10498899912302445</CWH>
      <CFGlacier>1</CFGlacier>
      <CFSlope>1</CFSlope>
      <FC>407.79834588388729</FC>
      <LP>0.8706626607300102</LP>
      <BETA>2.6846528969714583</BETA>
    </VegetationZoneParameters>
  </VegetationZone>
  <SubCatchment>
    <SubCatchmentParameters>
      <KSI>0.001</KSI>
      <KGmin>0.05</KGmin>
      <RangeKG>0.1</RangeKG>
      <AG>0.1</AG>
      <PERC>5.9855543368844009</PERC>
      <Alpha>0</Alpha>
      <UZL>134.22769569331288</UZL>
      <K0>0.24299604990432233</K0>
      <K1>0.78615136977470412</K1>
      <K2>0.14999969294612756</K2>
      <MAXBAS>1.4166743758861633</MAXBAS>
      <Cet>0</Cet>
      <PCALT>10</PCALT>
      <TCALT>0.6</TCALT>
      <Pelev>0</Pelev>
      <Telev>0</Telev>
      <PART>0.5</PART>
      <DELAY>1</DELAY>
    </SubCatchmentParameters>
    <SubCatchmentVegetationZone>
      <SubCatchmentVegetationZoneParameters>
        <TT>2.4547321619933613</TT>
        <CFMAX>0.51094488766110269</CFMAX>
        <SP>0</SP>
        <SFCF>1.4999989034342758</SFCF>
        <CFR>0.05651682660595455</CFR>
        <CWH>0.10498899912302445</CWH>
        <CFGlacier>1</CFGlacier>
        <CFSlope>1</CFSlope>
        <FC>407.79834588388729</FC>
        <LP>0.8706626607300102</LP>
        <BETA>2.6846528969714583</BETA>
      </SubCatchmentVegetationZoneParameters>
    </SubCatchmentVegetationZone>
  </SubCatchment>
</Catchment>