<?xml version="1.0" encoding="utf-8"?>
<Catchment xmlns:xsi="http://www.w3.org/2001/XMLSchema-instance" xmlns:xsd="http://www.w3.org/2001/XMLSchema">
  <CatchmentParameters>
    <KSI>0.001</KSI>
    <KGmin>0.05</KGmin>
    <RangeKG>0.1</RangeKG>
    <AG>0.1</AG>
    <PERC>5.1631684596684817</PERC>
    <Alpha>0</Alpha>
    <UZL>154.27256737016063</UZL>
    <K0>0.53688361132655327</K0>
    <K1>0.79999873308994762</K1>
    <K2>0.14999982748085808</K2>
    <MAXBAS>1.4131328111883665</MAXBAS>
    <Cet>0</Cet>
    <PCALT>10</PCALT>
    <TCALT>0.6</TCALT>
    <Pelev>0</Pelev>
    <Telev>0</Telev>
    <PART>0.5</PART>
    <DELAY>1</DELAY>
  </CatchmentParameters>
  <VegetationZone>
    <VegetationZoneParameters>
      <TT>2.4867007997248081</TT>
      <CFMAX>0.50892674930242854</CFMAX>
      <SP>0</SP>
      <SFCF>1.4999990908586425</SFCF>
      <CFR>0.092730476197050868</CFR>
      <CWH>0.10000165290435625</CWH>
      <CFGlacier>1</CFGlacier>
      <CFSlope>1</CFSlope>
      <FC>414.14755840652026</FC>
      <LP>0.99999231861814708</LP>
      <BETA>4.1194216211053467</BETA>
    </VegetationZoneParameters>
  </VegetationZone>
  <SubCatchment>
    <SubCatchmentParameters>
      <KSI>0.001</KSI>
      <KGmin>0.05</KGmin>
      <RangeKG>0.1</RangeKG>
      <AG>0.1</AG>
      <PERC>5.1631684596684817</PERC>
      <Alpha>0</Alpha>
      <UZL>154.27256737016063</UZL>
      <K0>0.53688361132655327</K0>
      <K1>0.79999873308994762</K1>
      <K2>0.14999982748085808</K2>
      <MAXBAS>1.4131328111883665</MAXBAS>
      <Cet>0</Cet>
      <PCALT>10</PCALT>
      <TCALT>0.6</TCALT>
      <Pelev>0</Pelev>
      <Telev>0</Telev>
      <PART>0.5</PART>
      <DELAY>1</DELAY>
    </SubCatchmentParameters>
    <SubCatchmentVegetationZone>
      <SubCatchmentVegetationZoneParameters>
        <TT>2.4867007997248081</TT>
        <CFMAX>0.50892674930242854</CFMAX>
        <SP>0</SP>
        <SFCF>1.4999990908586425</SFCF>
        <CFR>0.092730476197050868</CFR>
        <CWH>0.10000165290435625</CWH>
        <CFGlacier>1</CFGlacier>
        <CFSlope>1</CFSlope>
        <FC>414.14755840652026</FC>
        <LP>0.99999231861814708</LP>
        <BETA>4.1194216211053467</BETA>
      </SubCatchmentVegetationZoneParameters>
    </SubCatchmentVegetationZone>
  </SubCatchment>
</Catchment>