<?xml version="1.0" encoding="utf-8"?>
<Catchment xmlns:xsi="http://www.w3.org/2001/XMLSchema-instance" xmlns:xsd="http://www.w3.org/2001/XMLSchema">
  <CatchmentParameters>
    <KSI>0.001</KSI>
    <KGmin>0.05</KGmin>
    <RangeKG>0.1</RangeKG>
    <AG>0.1</AG>
    <PERC>9.9999837488900312</PERC>
    <Alpha>0</Alpha>
    <UZL>121.22235380353345</UZL>
    <K0>0.17323003599210596</K0>
    <K1>0.54446917707763787</K1>
    <K2>0.13212605457202328</K2>
    <MAXBAS>1.2641758308221491</MAXBAS>
    <Cet>0</Cet>
    <PCALT>10</PCALT>
    <TCALT>0.6</TCALT>
    <Pelev>0</Pelev>
    <Telev>0</Telev>
    <PART>0.5</PART>
    <DELAY>1</DELAY>
  </CatchmentParameters>
  <VegetationZone>
    <VegetationZoneParameters>
      <TT>1.2990102296157011</TT>
      <CFMAX>4.9998768070591337</CFMAX>
      <SP>0</SP>
      <SFCF>0.50000017050068246</SFCF>
      <CFR>0.053675679182382016</CFR>
      <CWH>0.1000188120678186</CWH>
      <CFGlacier>1</CFGlacier>
      <CFSlope>1</CFSlope>
      <FC>93.752029334700467</FC>
      <LP>0.30000003347232396</LP>
      <BETA>2.4066508817576553</BETA>
    </VegetationZoneParameters>
  </VegetationZone>
  <SubCatchment>
    <SubCatchmentParameters>
      <KSI>0.001</KSI>
      <KGmin>0.05</KGmin>
      <RangeKG>0.1</RangeKG>
      <AG>0.1</AG>
      <PERC>9.9999837488900312</PERC>
      <Alpha>0</Alpha>
      <UZL>121.22235380353345</UZL>
      <K0>0.17323003599210596</K0>
      <K1>0.54446917707763787</K1>
      <K2>0.13212605457202328</K2>
      <MAXBAS>1.2641758308221491</MAXBAS>
      <Cet>0</Cet>
      <PCALT>10</PCALT>
      <TCALT>0.6</TCALT>
      <Pelev>0</Pelev>
      <Telev>0</Telev>
      <PART>0.5</PART>
      <DELAY>1</DELAY>
    </SubCatchmentParameters>
    <SubCatchmentVegetationZone>
      <SubCatchmentVegetationZoneParameters>
        <TT>1.2990102296157011</TT>
        <CFMAX>4.9998768070591337</CFMAX>
        <SP>0</SP>
        <SFCF>0.50000017050068246</SFCF>
        <CFR>0.053675679182382016</CFR>
        <CWH>0.1000188120678186</CWH>
        <CFGlacier>1</CFGlacier>
        <CFSlope>1</CFSlope>
        <FC>93.752029334700467</FC>
        <LP>0.30000003347232396</LP>
        <BETA>2.4066508817576553</BETA>
      </SubCatchmentVegetationZoneParameters>
    </SubCatchmentVegetationZone>
  </SubCatchment>
</Catchment>