<?xml version="1.0" encoding="utf-8"?>
<Catchment xmlns:xsi="http://www.w3.org/2001/XMLSchema-instance" xmlns:xsd="http://www.w3.org/2001/XMLSchema">
  <CatchmentParameters>
    <KSI>0.001</KSI>
    <KGmin>0.05</KGmin>
    <RangeKG>0.1</RangeKG>
    <AG>0.1</AG>
    <PERC>4.4463225934828232</PERC>
    <Alpha>0</Alpha>
    <UZL>113.76265595228463</UZL>
    <K0>0.56277685964183943</K0>
    <K1>0.53332566088259559</K1>
    <K2>0.070626214413231428</K2>
    <MAXBAS>1</MAXBAS>
    <Cet>0</Cet>
    <PCALT>10</PCALT>
    <TCALT>0.6</TCALT>
    <Pelev>0</Pelev>
    <Telev>0</Telev>
    <PART>0.5</PART>
    <DELAY>1</DELAY>
  </CatchmentParameters>
  <VegetationZone>
    <VegetationZoneParameters>
      <TT>2.2361564084591583</TT>
      <CFMAX>0.50669601004992582</CFMAX>
      <SP>0</SP>
      <SFCF>1.0009378187610243</SFCF>
      <CFR>0.064229244626901091</CFR>
      <CWH>0.14543964998131978</CWH>
      <CFGlacier>1</CFGlacier>
      <CFSlope>1</CFSlope>
      <FC>313.8682876631425</FC>
      <LP>0.77499622305360327</LP>
      <BETA>2.385610508421113</BETA>
    </VegetationZoneParameters>
  </VegetationZone>
  <SubCatchment>
    <SubCatchmentParameters>
      <KSI>0.001</KSI>
      <KGmin>0.05</KGmin>
      <RangeKG>0.1</RangeKG>
      <AG>0.1</AG>
      <PERC>4.4463225934828232</PERC>
      <Alpha>0</Alpha>
      <UZL>113.76265595228463</UZL>
      <K0>0.56277685964183943</K0>
      <K1>0.53332566088259559</K1>
      <K2>0.070626214413231428</K2>
      <MAXBAS>1</MAXBAS>
      <Cet>0</Cet>
      <PCALT>10</PCALT>
      <TCALT>0.6</TCALT>
      <Pelev>0</Pelev>
      <Telev>0</Telev>
      <PART>0.5</PART>
      <DELAY>1</DELAY>
    </SubCatchmentParameters>
    <SubCatchmentVegetationZone>
      <SubCatchmentVegetationZoneParameters>
        <TT>2.2361564084591583</TT>
        <CFMAX>0.50669601004992582</CFMAX>
        <SP>0</SP>
        <SFCF>1.0009378187610243</SFCF>
        <CFR>0.064229244626901091</CFR>
        <CWH>0.14543964998131978</CWH>
        <CFGlacier>1</CFGlacier>
        <CFSlope>1</CFSlope>
        <FC>313.8682876631425</FC>
        <LP>0.77499622305360327</LP>
        <BETA>2.385610508421113</BETA>
      </SubCatchmentVegetationZoneParameters>
    </SubCatchmentVegetationZone>
  </SubCatchment>
</Catchment>