<?xml version="1.0" encoding="utf-8"?>
<Catchment xmlns:xsi="http://www.w3.org/2001/XMLSchema-instance" xmlns:xsd="http://www.w3.org/2001/XMLSchema">
  <CatchmentParameters>
    <KSI>0.001</KSI>
    <KGmin>0.05</KGmin>
    <RangeKG>0.1</RangeKG>
    <AG>0.1</AG>
    <PERC>7.994600796045372</PERC>
    <Alpha>0</Alpha>
    <UZL>16.846593020074533</UZL>
    <K0>0.98999950915497048</K0>
    <K1>0.58658280285718223</K1>
    <K2>0.14999975696501569</K2>
    <MAXBAS>1.469738773763694</MAXBAS>
    <Cet>0</Cet>
    <PCALT>10</PCALT>
    <TCALT>0.6</TCALT>
    <Pelev>0</Pelev>
    <Telev>0</Telev>
    <PART>0.5</PART>
    <DELAY>1</DELAY>
  </CatchmentParameters>
  <VegetationZone>
    <VegetationZoneParameters>
      <TT>-1.5196901554499152</TT>
      <CFMAX>4.9894849822964513</CFMAX>
      <SP>0</SP>
      <SFCF>0.50000072196447487</SFCF>
      <CFR>0.077950147643540843</CFR>
      <CWH>0.10002187856239779</CWH>
      <CFGlacier>1</CFGlacier>
      <CFSlope>1</CFSlope>
      <FC>133.57416663237441</FC>
      <LP>0.3000123896155773</LP>
      <BETA>1.8404063514242905</BETA>
    </VegetationZoneParameters>
  </VegetationZone>
  <SubCatchment>
    <SubCatchmentParameters>
      <KSI>0.001</KSI>
      <KGmin>0.05</KGmin>
      <RangeKG>0.1</RangeKG>
      <AG>0.1</AG>
      <PERC>7.994600796045372</PERC>
      <Alpha>0</Alpha>
      <UZL>16.846593020074533</UZL>
      <K0>0.98999950915497048</K0>
      <K1>0.58658280285718223</K1>
      <K2>0.14999975696501569</K2>
      <MAXBAS>1.469738773763694</MAXBAS>
      <Cet>0</Cet>
      <PCALT>10</PCALT>
      <TCALT>0.6</TCALT>
      <Pelev>0</Pelev>
      <Telev>0</Telev>
      <PART>0.5</PART>
      <DELAY>1</DELAY>
    </SubCatchmentParameters>
    <SubCatchmentVegetationZone>
      <SubCatchmentVegetationZoneParameters>
        <TT>-1.5196901554499152</TT>
        <CFMAX>4.9894849822964513</CFMAX>
        <SP>0</SP>
        <SFCF>0.50000072196447487</SFCF>
        <CFR>0.077950147643540843</CFR>
        <CWH>0.10002187856239779</CWH>
        <CFGlacier>1</CFGlacier>
        <CFSlope>1</CFSlope>
        <FC>133.57416663237441</FC>
        <LP>0.3000123896155773</LP>
        <BETA>1.8404063514242905</BETA>
      </SubCatchmentVegetationZoneParameters>
    </SubCatchmentVegetationZone>
  </SubCatchment>
</Catchment>