<?xml version="1.0" encoding="utf-8"?>
<Catchment xmlns:xsi="http://www.w3.org/2001/XMLSchema-instance" xmlns:xsd="http://www.w3.org/2001/XMLSchema">
  <CatchmentParameters>
    <KSI>0.001</KSI>
    <KGmin>0.05</KGmin>
    <RangeKG>0.1</RangeKG>
    <AG>0.1</AG>
    <PERC>4.8471585767332446</PERC>
    <Alpha>0</Alpha>
    <UZL>141.08853428950297</UZL>
    <K0>0.32449035529747261</K0>
    <K1>0.53539624546667364</K1>
    <K2>0.070623435015459562</K2>
    <MAXBAS>1</MAXBAS>
    <Cet>0</Cet>
    <PCALT>10</PCALT>
    <TCALT>0.6</TCALT>
    <Pelev>0</Pelev>
    <Telev>0</Telev>
    <PART>0.5</PART>
    <DELAY>1</DELAY>
  </CatchmentParameters>
  <VegetationZone>
    <VegetationZoneParameters>
      <TT>2.0758102783913372</TT>
      <CFMAX>0.56616425260871084</CFMAX>
      <SP>0</SP>
      <SFCF>1.1670541330019117</SFCF>
      <CFR>0.064378634021901832</CFR>
      <CWH>0.15378674418070384</CWH>
      <CFGlacier>1</CFGlacier>
      <CFSlope>1</CFSlope>
      <FC>279.60325927365432</FC>
      <LP>0.79970654781469408</LP>
      <BETA>2.6483715195277391</BETA>
    </VegetationZoneParameters>
  </VegetationZone>
  <SubCatchment>
    <SubCatchmentParameters>
      <KSI>0.001</KSI>
      <KGmin>0.05</KGmin>
      <RangeKG>0.1</RangeKG>
      <AG>0.1</AG>
      <PERC>4.8471585767332446</PERC>
      <Alpha>0</Alpha>
      <UZL>141.08853428950297</UZL>
      <K0>0.32449035529747261</K0>
      <K1>0.53539624546667364</K1>
      <K2>0.070623435015459562</K2>
      <MAXBAS>1</MAXBAS>
      <Cet>0</Cet>
      <PCALT>10</PCALT>
      <TCALT>0.6</TCALT>
      <Pelev>0</Pelev>
      <Telev>0</Telev>
      <PART>0.5</PART>
      <DELAY>1</DELAY>
    </SubCatchmentParameters>
    <SubCatchmentVegetationZone>
      <SubCatchmentVegetationZoneParameters>
        <TT>2.0758102783913372</TT>
        <CFMAX>0.56616425260871084</CFMAX>
        <SP>0</SP>
        <SFCF>1.1670541330019117</SFCF>
        <CFR>0.064378634021901832</CFR>
        <CWH>0.15378674418070384</CWH>
        <CFGlacier>1</CFGlacier>
        <CFSlope>1</CFSlope>
        <FC>279.60325927365432</FC>
        <LP>0.79970654781469408</LP>
        <BETA>2.6483715195277391</BETA>
      </SubCatchmentVegetationZoneParameters>
    </SubCatchmentVegetationZone>
  </SubCatchment>
</Catchment>