<?xml version="1.0" encoding="utf-8"?>
<Catchment xmlns:xsi="http://www.w3.org/2001/XMLSchema-instance" xmlns:xsd="http://www.w3.org/2001/XMLSchema">
  <CatchmentParameters>
    <KSI>0.001</KSI>
    <KGmin>0.05</KGmin>
    <RangeKG>0.1</RangeKG>
    <AG>0.1</AG>
    <PERC>5.3125005660450944</PERC>
    <Alpha>0</Alpha>
    <UZL>79.3895214531223</UZL>
    <K0>0.88380294407594717</K0>
    <K1>0.76735602605073028</K1>
    <K2>0.14999997935948811</K2>
    <MAXBAS>1.4008824151752772</MAXBAS>
    <Cet>0</Cet>
    <PCALT>10</PCALT>
    <TCALT>0.6</TCALT>
    <Pelev>0</Pelev>
    <Telev>0</Telev>
    <PART>0.5</PART>
    <DELAY>1</DELAY>
  </CatchmentParameters>
  <VegetationZone>
    <VegetationZoneParameters>
      <TT>2.4700657046272219</TT>
      <CFMAX>0.51316225989772712</CFMAX>
      <SP>0</SP>
      <SFCF>1.499998907451283</SFCF>
      <CFR>0.059283563607555344</CFR>
      <CWH>0.10000742998472119</CWH>
      <CFGlacier>1</CFGlacier>
      <CFSlope>1</CFSlope>
      <FC>440.11660734930359</FC>
      <LP>0.83020595088495019</LP>
      <BETA>2.5831799006091938</BETA>
    </VegetationZoneParameters>
  </VegetationZone>
  <SubCatchment>
    <SubCatchmentParameters>
      <KSI>0.001</KSI>
      <KGmin>0.05</KGmin>
      <RangeKG>0.1</RangeKG>
      <AG>0.1</AG>
      <PERC>5.3125005660450944</PERC>
      <Alpha>0</Alpha>
      <UZL>79.3895214531223</UZL>
      <K0>0.88380294407594717</K0>
      <K1>0.76735602605073028</K1>
      <K2>0.14999997935948811</K2>
      <MAXBAS>1.4008824151752772</MAXBAS>
      <Cet>0</Cet>
      <PCALT>10</PCALT>
      <TCALT>0.6</TCALT>
      <Pelev>0</Pelev>
      <Telev>0</Telev>
      <PART>0.5</PART>
      <DELAY>1</DELAY>
    </SubCatchmentParameters>
    <SubCatchmentVegetationZone>
      <SubCatchmentVegetationZoneParameters>
        <TT>2.4700657046272219</TT>
        <CFMAX>0.51316225989772712</CFMAX>
        <SP>0</SP>
        <SFCF>1.499998907451283</SFCF>
        <CFR>0.059283563607555344</CFR>
        <CWH>0.10000742998472119</CWH>
        <CFGlacier>1</CFGlacier>
        <CFSlope>1</CFSlope>
        <FC>440.11660734930359</FC>
        <LP>0.83020595088495019</LP>
        <BETA>2.5831799006091938</BETA>
      </SubCatchmentVegetationZoneParameters>
    </SubCatchmentVegetationZone>
  </SubCatchment>
</Catchment>