<?xml version="1.0" encoding="utf-8"?>
<Catchment xmlns:xsi="http://www.w3.org/2001/XMLSchema-instance" xmlns:xsd="http://www.w3.org/2001/XMLSchema">
  <CatchmentParameters>
    <KSI>0.001</KSI>
    <KGmin>0.05</KGmin>
    <RangeKG>0.1</RangeKG>
    <AG>0.1</AG>
    <PERC>5.1142345143359718</PERC>
    <Alpha>0</Alpha>
    <UZL>141.0624484766731</UZL>
    <K0>0.95838706347917646</K0>
    <K1>0.79997077414207463</K1>
    <K2>0.1499998682571172</K2>
    <MAXBAS>1.4129356767346191</MAXBAS>
    <Cet>0</Cet>
    <PCALT>10</PCALT>
    <TCALT>0.6</TCALT>
    <Pelev>0</Pelev>
    <Telev>0</Telev>
    <PART>0.5</PART>
    <DELAY>1</DELAY>
  </CatchmentParameters>
  <VegetationZone>
    <VegetationZoneParameters>
      <TT>2.412910507981894</TT>
      <CFMAX>0.51948913437007749</CFMAX>
      <SP>0</SP>
      <SFCF>1.4999997212603191</SFCF>
      <CFR>0.037127979361853955</CFR>
      <CWH>0.14202470279482082</CWH>
      <CFGlacier>1</CFGlacier>
      <CFSlope>1</CFSlope>
      <FC>413.81702375719959</FC>
      <LP>0.99944240164371934</LP>
      <BETA>3.9576875720614484</BETA>
    </VegetationZoneParameters>
  </VegetationZone>
  <SubCatchment>
    <SubCatchmentParameters>
      <KSI>0.001</KSI>
      <KGmin>0.05</KGmin>
      <RangeKG>0.1</RangeKG>
      <AG>0.1</AG>
      <PERC>5.1142345143359718</PERC>
      <Alpha>0</Alpha>
      <UZL>141.0624484766731</UZL>
      <K0>0.95838706347917646</K0>
      <K1>0.79997077414207463</K1>
      <K2>0.1499998682571172</K2>
      <MAXBAS>1.4129356767346191</MAXBAS>
      <Cet>0</Cet>
      <PCALT>10</PCALT>
      <TCALT>0.6</TCALT>
      <Pelev>0</Pelev>
      <Telev>0</Telev>
      <PART>0.5</PART>
      <DELAY>1</DELAY>
    </SubCatchmentParameters>
    <SubCatchmentVegetationZone>
      <SubCatchmentVegetationZoneParameters>
        <TT>2.412910507981894</TT>
        <CFMAX>0.51948913437007749</CFMAX>
        <SP>0</SP>
        <SFCF>1.4999997212603191</SFCF>
        <CFR>0.037127979361853955</CFR>
        <CWH>0.14202470279482082</CWH>
        <CFGlacier>1</CFGlacier>
        <CFSlope>1</CFSlope>
        <FC>413.81702375719959</FC>
        <LP>0.99944240164371934</LP>
        <BETA>3.9576875720614484</BETA>
      </SubCatchmentVegetationZoneParameters>
    </SubCatchmentVegetationZone>
  </SubCatchment>
</Catchment>