<?xml version="1.0" encoding="utf-8"?>
<Catchment xmlns:xsi="http://www.w3.org/2001/XMLSchema-instance" xmlns:xsd="http://www.w3.org/2001/XMLSchema">
  <CatchmentParameters>
    <KSI>0.001</KSI>
    <KGmin>0.05</KGmin>
    <RangeKG>0.1</RangeKG>
    <AG>0.1</AG>
    <PERC>5.3577430130855115</PERC>
    <Alpha>0</Alpha>
    <UZL>42.886114919485465</UZL>
    <K0>0.42856336465263772</K0>
    <K1>0.54347932875106875</K1>
    <K2>0.088203849052396324</K2>
    <MAXBAS>1</MAXBAS>
    <Cet>0</Cet>
    <PCALT>10</PCALT>
    <TCALT>0.6</TCALT>
    <Pelev>0</Pelev>
    <Telev>0</Telev>
    <PART>0.5</PART>
    <DELAY>1</DELAY>
  </CatchmentParameters>
  <VegetationZone>
    <VegetationZoneParameters>
      <TT>1.0921345495386092</TT>
      <CFMAX>0.54075292754147131</CFMAX>
      <SP>0</SP>
      <SFCF>1.3893508835028068</SFCF>
      <CFR>0.088802995004946192</CFR>
      <CWH>0.1831645225184661</CWH>
      <CFGlacier>1</CFGlacier>
      <CFSlope>1</CFSlope>
      <FC>288.8277949521065</FC>
      <LP>0.83333941740823347</LP>
      <BETA>2.7989578680662719</BETA>
    </VegetationZoneParameters>
  </VegetationZone>
  <SubCatchment>
    <SubCatchmentParameters>
      <KSI>0.001</KSI>
      <KGmin>0.05</KGmin>
      <RangeKG>0.1</RangeKG>
      <AG>0.1</AG>
      <PERC>5.3577430130855115</PERC>
      <Alpha>0</Alpha>
      <UZL>42.886114919485465</UZL>
      <K0>0.42856336465263772</K0>
      <K1>0.54347932875106875</K1>
      <K2>0.088203849052396324</K2>
      <MAXBAS>1</MAXBAS>
      <Cet>0</Cet>
      <PCALT>10</PCALT>
      <TCALT>0.6</TCALT>
      <Pelev>0</Pelev>
      <Telev>0</Telev>
      <PART>0.5</PART>
      <DELAY>1</DELAY>
    </SubCatchmentParameters>
    <SubCatchmentVegetationZone>
      <SubCatchmentVegetationZoneParameters>
        <TT>1.0921345495386092</TT>
        <CFMAX>0.54075292754147131</CFMAX>
        <SP>0</SP>
        <SFCF>1.3893508835028068</SFCF>
        <CFR>0.088802995004946192</CFR>
        <CWH>0.1831645225184661</CWH>
        <CFGlacier>1</CFGlacier>
        <CFSlope>1</CFSlope>
        <FC>288.8277949521065</FC>
        <LP>0.83333941740823347</LP>
        <BETA>2.7989578680662719</BETA>
      </SubCatchmentVegetationZoneParameters>
    </SubCatchmentVegetationZone>
  </SubCatchment>
</Catchment>