<?xml version="1.0" encoding="utf-8"?>
<Catchment xmlns:xsi="http://www.w3.org/2001/XMLSchema-instance" xmlns:xsd="http://www.w3.org/2001/XMLSchema">
  <CatchmentParameters>
    <KSI>0.001</KSI>
    <KGmin>0.05</KGmin>
    <RangeKG>0.1</RangeKG>
    <AG>0.1</AG>
    <PERC>4.3833997561480436</PERC>
    <Alpha>0</Alpha>
    <UZL>125.73280044701363</UZL>
    <K0>0.35056698956801846</K0>
    <K1>0.55533943402529617</K1>
    <K2>0.076636642342618383</K2>
    <MAXBAS>1</MAXBAS>
    <Cet>0</Cet>
    <PCALT>10</PCALT>
    <TCALT>0.6</TCALT>
    <Pelev>0</Pelev>
    <Telev>0</Telev>
    <PART>0.5</PART>
    <DELAY>1</DELAY>
  </CatchmentParameters>
  <VegetationZone>
    <VegetationZoneParameters>
      <TT>1.4393658870541586</TT>
      <CFMAX>0.50006873697804777</CFMAX>
      <SP>0</SP>
      <SFCF>1.2407282815384453</SFCF>
      <CFR>0.058175897978041617</CFR>
      <CWH>0.13835202926715512</CWH>
      <CFGlacier>1</CFGlacier>
      <CFSlope>1</CFSlope>
      <FC>352.80350191577389</FC>
      <LP>0.79597907812386326</LP>
      <BETA>2.4697686506663228</BETA>
    </VegetationZoneParameters>
  </VegetationZone>
  <SubCatchment>
    <SubCatchmentParameters>
      <KSI>0.001</KSI>
      <KGmin>0.05</KGmin>
      <RangeKG>0.1</RangeKG>
      <AG>0.1</AG>
      <PERC>4.3833997561480436</PERC>
      <Alpha>0</Alpha>
      <UZL>125.73280044701363</UZL>
      <K0>0.35056698956801846</K0>
      <K1>0.55533943402529617</K1>
      <K2>0.076636642342618383</K2>
      <MAXBAS>1</MAXBAS>
      <Cet>0</Cet>
      <PCALT>10</PCALT>
      <TCALT>0.6</TCALT>
      <Pelev>0</Pelev>
      <Telev>0</Telev>
      <PART>0.5</PART>
      <DELAY>1</DELAY>
    </SubCatchmentParameters>
    <SubCatchmentVegetationZone>
      <SubCatchmentVegetationZoneParameters>
        <TT>1.4393658870541586</TT>
        <CFMAX>0.50006873697804777</CFMAX>
        <SP>0</SP>
        <SFCF>1.2407282815384453</SFCF>
        <CFR>0.058175897978041617</CFR>
        <CWH>0.13835202926715512</CWH>
        <CFGlacier>1</CFGlacier>
        <CFSlope>1</CFSlope>
        <FC>352.80350191577389</FC>
        <LP>0.79597907812386326</LP>
        <BETA>2.4697686506663228</BETA>
      </SubCatchmentVegetationZoneParameters>
    </SubCatchmentVegetationZone>
  </SubCatchment>
</Catchment>