<?xml version="1.0" encoding="utf-8"?>
<Catchment xmlns:xsi="http://www.w3.org/2001/XMLSchema-instance" xmlns:xsd="http://www.w3.org/2001/XMLSchema">
  <CatchmentParameters>
    <KSI>0.001</KSI>
    <KGmin>0.05</KGmin>
    <RangeKG>0.1</RangeKG>
    <AG>0.1</AG>
    <PERC>5.3029790384947058</PERC>
    <Alpha>0</Alpha>
    <UZL>145.45567859405705</UZL>
    <K0>0.22407160317736505</K0>
    <K1>0.75236024793925527</K1>
    <K2>0.14999999906865216</K2>
    <MAXBAS>1.4168945345499189</MAXBAS>
    <Cet>0</Cet>
    <PCALT>10</PCALT>
    <TCALT>0.6</TCALT>
    <Pelev>0</Pelev>
    <Telev>0</Telev>
    <PART>0.5</PART>
    <DELAY>1</DELAY>
  </CatchmentParameters>
  <VegetationZone>
    <VegetationZoneParameters>
      <TT>2.4686838586834323</TT>
      <CFMAX>0.52121010188950911</CFMAX>
      <SP>0</SP>
      <SFCF>1.4999978537990808</SFCF>
      <CFR>0.076932009894613129</CFR>
      <CWH>0.13893795099297479</CWH>
      <CFGlacier>1</CFGlacier>
      <CFSlope>1</CFSlope>
      <FC>458.80611047155844</FC>
      <LP>0.77364878879436649</LP>
      <BETA>2.2656706286591475</BETA>
    </VegetationZoneParameters>
  </VegetationZone>
  <SubCatchment>
    <SubCatchmentParameters>
      <KSI>0.001</KSI>
      <KGmin>0.05</KGmin>
      <RangeKG>0.1</RangeKG>
      <AG>0.1</AG>
      <PERC>5.3029790384947058</PERC>
      <Alpha>0</Alpha>
      <UZL>145.45567859405705</UZL>
      <K0>0.22407160317736505</K0>
      <K1>0.75236024793925527</K1>
      <K2>0.14999999906865216</K2>
      <MAXBAS>1.4168945345499189</MAXBAS>
      <Cet>0</Cet>
      <PCALT>10</PCALT>
      <TCALT>0.6</TCALT>
      <Pelev>0</Pelev>
      <Telev>0</Telev>
      <PART>0.5</PART>
      <DELAY>1</DELAY>
    </SubCatchmentParameters>
    <SubCatchmentVegetationZone>
      <SubCatchmentVegetationZoneParameters>
        <TT>2.4686838586834323</TT>
        <CFMAX>0.52121010188950911</CFMAX>
        <SP>0</SP>
        <SFCF>1.4999978537990808</SFCF>
        <CFR>0.076932009894613129</CFR>
        <CWH>0.13893795099297479</CWH>
        <CFGlacier>1</CFGlacier>
        <CFSlope>1</CFSlope>
        <FC>458.80611047155844</FC>
        <LP>0.77364878879436649</LP>
        <BETA>2.2656706286591475</BETA>
      </SubCatchmentVegetationZoneParameters>
    </SubCatchmentVegetationZone>
  </SubCatchment>
</Catchment>