<?xml version="1.0" encoding="utf-8"?>
<Catchment xmlns:xsi="http://www.w3.org/2001/XMLSchema-instance" xmlns:xsd="http://www.w3.org/2001/XMLSchema">
  <CatchmentParameters>
    <KSI>0.001</KSI>
    <KGmin>0.05</KGmin>
    <RangeKG>0.1</RangeKG>
    <AG>0.1</AG>
    <PERC>5.4116638605060041</PERC>
    <Alpha>0</Alpha>
    <UZL>171.86881949392807</UZL>
    <K0>0.24179899635433505</K0>
    <K1>0.73726792685116738</K1>
    <K2>0.14999978826374763</K2>
    <MAXBAS>1.4151308629593684</MAXBAS>
    <Cet>0</Cet>
    <PCALT>10</PCALT>
    <TCALT>0.6</TCALT>
    <Pelev>0</Pelev>
    <Telev>0</Telev>
    <PART>0.5</PART>
    <DELAY>1</DELAY>
  </CatchmentParameters>
  <VegetationZone>
    <VegetationZoneParameters>
      <TT>2.2863423446695093</TT>
      <CFMAX>0.58010601900474523</CFMAX>
      <SP>0</SP>
      <SFCF>1.4999998181730074</SFCF>
      <CFR>0.04044548965738709</CFR>
      <CWH>0.11845832700458726</CWH>
      <CFGlacier>1</CFGlacier>
      <CFSlope>1</CFSlope>
      <FC>464.82222866750209</FC>
      <LP>0.88106182711233572</LP>
      <BETA>2.651116386256783</BETA>
    </VegetationZoneParameters>
  </VegetationZone>
  <SubCatchment>
    <SubCatchmentParameters>
      <KSI>0.001</KSI>
      <KGmin>0.05</KGmin>
      <RangeKG>0.1</RangeKG>
      <AG>0.1</AG>
      <PERC>5.4116638605060041</PERC>
      <Alpha>0</Alpha>
      <UZL>171.86881949392807</UZL>
      <K0>0.24179899635433505</K0>
      <K1>0.73726792685116738</K1>
      <K2>0.14999978826374763</K2>
      <MAXBAS>1.4151308629593684</MAXBAS>
      <Cet>0</Cet>
      <PCALT>10</PCALT>
      <TCALT>0.6</TCALT>
      <Pelev>0</Pelev>
      <Telev>0</Telev>
      <PART>0.5</PART>
      <DELAY>1</DELAY>
    </SubCatchmentParameters>
    <SubCatchmentVegetationZone>
      <SubCatchmentVegetationZoneParameters>
        <TT>2.2863423446695093</TT>
        <CFMAX>0.58010601900474523</CFMAX>
        <SP>0</SP>
        <SFCF>1.4999998181730074</SFCF>
        <CFR>0.04044548965738709</CFR>
        <CWH>0.11845832700458726</CWH>
        <CFGlacier>1</CFGlacier>
        <CFSlope>1</CFSlope>
        <FC>464.82222866750209</FC>
        <LP>0.88106182711233572</LP>
        <BETA>2.651116386256783</BETA>
      </SubCatchmentVegetationZoneParameters>
    </SubCatchmentVegetationZone>
  </SubCatchment>
</Catchment>