<?xml version="1.0" encoding="utf-8"?>
<Catchment xmlns:xsi="http://www.w3.org/2001/XMLSchema-instance" xmlns:xsd="http://www.w3.org/2001/XMLSchema">
  <CatchmentParameters>
    <KSI>0.001</KSI>
    <KGmin>0.05</KGmin>
    <RangeKG>0.1</RangeKG>
    <AG>0.1</AG>
    <PERC>5.0584372978962708</PERC>
    <Alpha>0</Alpha>
    <UZL>162.18273647556288</UZL>
    <K0>0.56350144640834721</K0>
    <K1>0.78369948122706623</K1>
    <K2>0.14999999976359738</K2>
    <MAXBAS>1.4100835708795112</MAXBAS>
    <Cet>0</Cet>
    <PCALT>10</PCALT>
    <TCALT>0.6</TCALT>
    <Pelev>0</Pelev>
    <Telev>0</Telev>
    <PART>0.5</PART>
    <DELAY>1</DELAY>
  </CatchmentParameters>
  <VegetationZone>
    <VegetationZoneParameters>
      <TT>2.3956999320619792</TT>
      <CFMAX>0.50176751534890063</CFMAX>
      <SP>0</SP>
      <SFCF>1.499997794614548</SFCF>
      <CFR>0.05839134995721381</CFR>
      <CWH>0.10000734147694418</CWH>
      <CFGlacier>1</CFGlacier>
      <CFSlope>1</CFSlope>
      <FC>404.28514257697492</FC>
      <LP>0.901282448483379</LP>
      <BETA>3.2432661446384281</BETA>
    </VegetationZoneParameters>
  </VegetationZone>
  <SubCatchment>
    <SubCatchmentParameters>
      <KSI>0.001</KSI>
      <KGmin>0.05</KGmin>
      <RangeKG>0.1</RangeKG>
      <AG>0.1</AG>
      <PERC>5.0584372978962708</PERC>
      <Alpha>0</Alpha>
      <UZL>162.18273647556288</UZL>
      <K0>0.56350144640834721</K0>
      <K1>0.78369948122706623</K1>
      <K2>0.14999999976359738</K2>
      <MAXBAS>1.4100835708795112</MAXBAS>
      <Cet>0</Cet>
      <PCALT>10</PCALT>
      <TCALT>0.6</TCALT>
      <Pelev>0</Pelev>
      <Telev>0</Telev>
      <PART>0.5</PART>
      <DELAY>1</DELAY>
    </SubCatchmentParameters>
    <SubCatchmentVegetationZone>
      <SubCatchmentVegetationZoneParameters>
        <TT>2.3956999320619792</TT>
        <CFMAX>0.50176751534890063</CFMAX>
        <SP>0</SP>
        <SFCF>1.499997794614548</SFCF>
        <CFR>0.05839134995721381</CFR>
        <CWH>0.10000734147694418</CWH>
        <CFGlacier>1</CFGlacier>
        <CFSlope>1</CFSlope>
        <FC>404.28514257697492</FC>
        <LP>0.901282448483379</LP>
        <BETA>3.2432661446384281</BETA>
      </SubCatchmentVegetationZoneParameters>
    </SubCatchmentVegetationZone>
  </SubCatchment>
</Catchment>