<?xml version="1.0" encoding="utf-8"?>
<Catchment xmlns:xsi="http://www.w3.org/2001/XMLSchema-instance" xmlns:xsd="http://www.w3.org/2001/XMLSchema">
  <CatchmentParameters>
    <KSI>0.001</KSI>
    <KGmin>0.05</KGmin>
    <RangeKG>0.1</RangeKG>
    <AG>0.1</AG>
    <PERC>4.6117252873387793</PERC>
    <Alpha>0</Alpha>
    <UZL>42.173124167081589</UZL>
    <K0>0.1851013215345291</K0>
    <K1>0.57024405112876919</K1>
    <K2>0.075296584889678553</K2>
    <MAXBAS>1</MAXBAS>
    <Cet>0</Cet>
    <PCALT>10</PCALT>
    <TCALT>0.6</TCALT>
    <Pelev>0</Pelev>
    <Telev>0</Telev>
    <PART>0.5</PART>
    <DELAY>1</DELAY>
  </CatchmentParameters>
  <VegetationZone>
    <VegetationZoneParameters>
      <TT>2.2619879204814879</TT>
      <CFMAX>0.69151448083360023</CFMAX>
      <SP>0</SP>
      <SFCF>1.33929006867591</SFCF>
      <CFR>0.084561384424598734</CFR>
      <CWH>0.14822524659151712</CWH>
      <CFGlacier>1</CFGlacier>
      <CFSlope>1</CFSlope>
      <FC>349.26870657456294</FC>
      <LP>0.86393628478328288</LP>
      <BETA>2.8612191210897162</BETA>
    </VegetationZoneParameters>
  </VegetationZone>
  <SubCatchment>
    <SubCatchmentParameters>
      <KSI>0.001</KSI>
      <KGmin>0.05</KGmin>
      <RangeKG>0.1</RangeKG>
      <AG>0.1</AG>
      <PERC>4.6117252873387793</PERC>
      <Alpha>0</Alpha>
      <UZL>42.173124167081589</UZL>
      <K0>0.1851013215345291</K0>
      <K1>0.57024405112876919</K1>
      <K2>0.075296584889678553</K2>
      <MAXBAS>1</MAXBAS>
      <Cet>0</Cet>
      <PCALT>10</PCALT>
      <TCALT>0.6</TCALT>
      <Pelev>0</Pelev>
      <Telev>0</Telev>
      <PART>0.5</PART>
      <DELAY>1</DELAY>
    </SubCatchmentParameters>
    <SubCatchmentVegetationZone>
      <SubCatchmentVegetationZoneParameters>
        <TT>2.2619879204814879</TT>
        <CFMAX>0.69151448083360023</CFMAX>
        <SP>0</SP>
        <SFCF>1.33929006867591</SFCF>
        <CFR>0.084561384424598734</CFR>
        <CWH>0.14822524659151712</CWH>
        <CFGlacier>1</CFGlacier>
        <CFSlope>1</CFSlope>
        <FC>349.26870657456294</FC>
        <LP>0.86393628478328288</LP>
        <BETA>2.8612191210897162</BETA>
      </SubCatchmentVegetationZoneParameters>
    </SubCatchmentVegetationZone>
  </SubCatchment>
</Catchment>