<?xml version="1.0" encoding="utf-8"?>
<Catchment xmlns:xsi="http://www.w3.org/2001/XMLSchema-instance" xmlns:xsd="http://www.w3.org/2001/XMLSchema">
  <CatchmentParameters>
    <KSI>0.001</KSI>
    <KGmin>0.05</KGmin>
    <RangeKG>0.1</RangeKG>
    <AG>0.1</AG>
    <PERC>9.9994850554827952</PERC>
    <Alpha>0</Alpha>
    <UZL>177.68258342409803</UZL>
    <K0>0.98970914879119554</K0>
    <K1>0.56100813160927288</K1>
    <K2>0.14999988401008343</K2>
    <MAXBAS>1.253076080804868</MAXBAS>
    <Cet>0</Cet>
    <PCALT>10</PCALT>
    <TCALT>0.6</TCALT>
    <Pelev>0</Pelev>
    <Telev>0</Telev>
    <PART>0.5</PART>
    <DELAY>1</DELAY>
  </CatchmentParameters>
  <VegetationZone>
    <VegetationZoneParameters>
      <TT>1.2712388876544298</TT>
      <CFMAX>4.0842731524980538</CFMAX>
      <SP>0</SP>
      <SFCF>0.50025138405373981</SFCF>
      <CFR>0.063501629300098061</CFR>
      <CWH>0.10000046342845059</CWH>
      <CFGlacier>1</CFGlacier>
      <CFSlope>1</CFSlope>
      <FC>102.96386164162907</FC>
      <LP>0.3155210326703356</LP>
      <BETA>2.2914266278585425</BETA>
    </VegetationZoneParameters>
  </VegetationZone>
  <SubCatchment>
    <SubCatchmentParameters>
      <KSI>0.001</KSI>
      <KGmin>0.05</KGmin>
      <RangeKG>0.1</RangeKG>
      <AG>0.1</AG>
      <PERC>9.9994850554827952</PERC>
      <Alpha>0</Alpha>
      <UZL>177.68258342409803</UZL>
      <K0>0.98970914879119554</K0>
      <K1>0.56100813160927288</K1>
      <K2>0.14999988401008343</K2>
      <MAXBAS>1.253076080804868</MAXBAS>
      <Cet>0</Cet>
      <PCALT>10</PCALT>
      <TCALT>0.6</TCALT>
      <Pelev>0</Pelev>
      <Telev>0</Telev>
      <PART>0.5</PART>
      <DELAY>1</DELAY>
    </SubCatchmentParameters>
    <SubCatchmentVegetationZone>
      <SubCatchmentVegetationZoneParameters>
        <TT>1.2712388876544298</TT>
        <CFMAX>4.0842731524980538</CFMAX>
        <SP>0</SP>
        <SFCF>0.50025138405373981</SFCF>
        <CFR>0.063501629300098061</CFR>
        <CWH>0.10000046342845059</CWH>
        <CFGlacier>1</CFGlacier>
        <CFSlope>1</CFSlope>
        <FC>102.96386164162907</FC>
        <LP>0.3155210326703356</LP>
        <BETA>2.2914266278585425</BETA>
      </SubCatchmentVegetationZoneParameters>
    </SubCatchmentVegetationZone>
  </SubCatchment>
</Catchment>