<?xml version="1.0" encoding="utf-8"?>
<Catchment xmlns:xsi="http://www.w3.org/2001/XMLSchema-instance" xmlns:xsd="http://www.w3.org/2001/XMLSchema">
  <CatchmentParameters>
    <KSI>0.001</KSI>
    <KGmin>0.05</KGmin>
    <RangeKG>0.1</RangeKG>
    <AG>0.1</AG>
    <PERC>9.99999486210187</PERC>
    <Alpha>0</Alpha>
    <UZL>46.55255121120004</UZL>
    <K0>0.25110031005214006</K0>
    <K1>0.586311512311882</K1>
    <K2>0.1392221733798954</K2>
    <MAXBAS>1.3161259696985592</MAXBAS>
    <Cet>0</Cet>
    <PCALT>10</PCALT>
    <TCALT>0.6</TCALT>
    <Pelev>0</Pelev>
    <Telev>0</Telev>
    <PART>0.5</PART>
    <DELAY>1</DELAY>
  </CatchmentParameters>
  <VegetationZone>
    <VegetationZoneParameters>
      <TT>1.2989993972191634</TT>
      <CFMAX>4.9998899514381412</CFMAX>
      <SP>0</SP>
      <SFCF>0.50000002283895029</SFCF>
      <CFR>0.05054409073228372</CFR>
      <CWH>0.10001564967454668</CWH>
      <CFGlacier>1</CFGlacier>
      <CFSlope>1</CFSlope>
      <FC>102.31615691289993</FC>
      <LP>0.30000000023068796</LP>
      <BETA>2.1896840782339924</BETA>
    </VegetationZoneParameters>
  </VegetationZone>
  <SubCatchment>
    <SubCatchmentParameters>
      <KSI>0.001</KSI>
      <KGmin>0.05</KGmin>
      <RangeKG>0.1</RangeKG>
      <AG>0.1</AG>
      <PERC>9.99999486210187</PERC>
      <Alpha>0</Alpha>
      <UZL>46.55255121120004</UZL>
      <K0>0.25110031005214006</K0>
      <K1>0.586311512311882</K1>
      <K2>0.1392221733798954</K2>
      <MAXBAS>1.3161259696985592</MAXBAS>
      <Cet>0</Cet>
      <PCALT>10</PCALT>
      <TCALT>0.6</TCALT>
      <Pelev>0</Pelev>
      <Telev>0</Telev>
      <PART>0.5</PART>
      <DELAY>1</DELAY>
    </SubCatchmentParameters>
    <SubCatchmentVegetationZone>
      <SubCatchmentVegetationZoneParameters>
        <TT>1.2989993972191634</TT>
        <CFMAX>4.9998899514381412</CFMAX>
        <SP>0</SP>
        <SFCF>0.50000002283895029</SFCF>
        <CFR>0.05054409073228372</CFR>
        <CWH>0.10001564967454668</CWH>
        <CFGlacier>1</CFGlacier>
        <CFSlope>1</CFSlope>
        <FC>102.31615691289993</FC>
        <LP>0.30000000023068796</LP>
        <BETA>2.1896840782339924</BETA>
      </SubCatchmentVegetationZoneParameters>
    </SubCatchmentVegetationZone>
  </SubCatchment>
</Catchment>