<?xml version="1.0" encoding="utf-8"?>
<Catchment xmlns:xsi="http://www.w3.org/2001/XMLSchema-instance" xmlns:xsd="http://www.w3.org/2001/XMLSchema">
  <CatchmentParameters>
    <KSI>0.001</KSI>
    <KGmin>0.05</KGmin>
    <RangeKG>0.1</RangeKG>
    <AG>0.1</AG>
    <PERC>8.9381369366428434</PERC>
    <Alpha>0</Alpha>
    <UZL>120.43574301526853</UZL>
    <K0>0.81879849839472807</K0>
    <K1>0.49477992724286074</K1>
    <K2>0.11773744035668123</K2>
    <MAXBAS>1.2050029268571769</MAXBAS>
    <Cet>0</Cet>
    <PCALT>10</PCALT>
    <TCALT>0.6</TCALT>
    <Pelev>0</Pelev>
    <Telev>0</Telev>
    <PART>0.5</PART>
    <DELAY>1</DELAY>
  </CatchmentParameters>
  <VegetationZone>
    <VegetationZoneParameters>
      <TT>-1.0262976428847837</TT>
      <CFMAX>1.2048425358197177</CFMAX>
      <SP>0</SP>
      <SFCF>0.50000027823700055</SFCF>
      <CFR>0.033846688114747531</CFR>
      <CWH>0.19979845772859</CWH>
      <CFGlacier>1</CFGlacier>
      <CFSlope>1</CFSlope>
      <FC>97.2886582935283</FC>
      <LP>0.30000000583429393</LP>
      <BETA>2.3498736241611011</BETA>
    </VegetationZoneParameters>
  </VegetationZone>
  <SubCatchment>
    <SubCatchmentParameters>
      <KSI>0.001</KSI>
      <KGmin>0.05</KGmin>
      <RangeKG>0.1</RangeKG>
      <AG>0.1</AG>
      <PERC>8.9381369366428434</PERC>
      <Alpha>0</Alpha>
      <UZL>120.43574301526853</UZL>
      <K0>0.81879849839472807</K0>
      <K1>0.49477992724286074</K1>
      <K2>0.11773744035668123</K2>
      <MAXBAS>1.2050029268571769</MAXBAS>
      <Cet>0</Cet>
      <PCALT>10</PCALT>
      <TCALT>0.6</TCALT>
      <Pelev>0</Pelev>
      <Telev>0</Telev>
      <PART>0.5</PART>
      <DELAY>1</DELAY>
    </SubCatchmentParameters>
    <SubCatchmentVegetationZone>
      <SubCatchmentVegetationZoneParameters>
        <TT>-1.0262976428847837</TT>
        <CFMAX>1.2048425358197177</CFMAX>
        <SP>0</SP>
        <SFCF>0.50000027823700055</SFCF>
        <CFR>0.033846688114747531</CFR>
        <CWH>0.19979845772859</CWH>
        <CFGlacier>1</CFGlacier>
        <CFSlope>1</CFSlope>
        <FC>97.2886582935283</FC>
        <LP>0.30000000583429393</LP>
        <BETA>2.3498736241611011</BETA>
      </SubCatchmentVegetationZoneParameters>
    </SubCatchmentVegetationZone>
  </SubCatchment>
</Catchment>