<?xml version="1.0" encoding="utf-8"?>
<Catchment xmlns:xsi="http://www.w3.org/2001/XMLSchema-instance" xmlns:xsd="http://www.w3.org/2001/XMLSchema">
  <CatchmentParameters>
    <KSI>0.001</KSI>
    <KGmin>0.05</KGmin>
    <RangeKG>0.1</RangeKG>
    <AG>0.1</AG>
    <PERC>5.4380211823266036</PERC>
    <Alpha>0</Alpha>
    <UZL>51.53150318459754</UZL>
    <K0>0.098330440450458911</K0>
    <K1>0.76082991378727516</K1>
    <K2>0.14999981876103546</K2>
    <MAXBAS>1.4132980561826274</MAXBAS>
    <Cet>0</Cet>
    <PCALT>10</PCALT>
    <TCALT>0.6</TCALT>
    <Pelev>0</Pelev>
    <Telev>0</Telev>
    <PART>0.5</PART>
    <DELAY>1</DELAY>
  </CatchmentParameters>
  <VegetationZone>
    <VegetationZoneParameters>
      <TT>2.4258455408938424</TT>
      <CFMAX>0.50002304478202819</CFMAX>
      <SP>0</SP>
      <SFCF>1.4999987563129933</SFCF>
      <CFR>0.0071969448661304706</CFR>
      <CWH>0.10000285183026392</CWH>
      <CFGlacier>1</CFGlacier>
      <CFSlope>1</CFSlope>
      <FC>464.71571277900046</FC>
      <LP>0.82190406312212072</LP>
      <BETA>2.4202184890091329</BETA>
    </VegetationZoneParameters>
  </VegetationZone>
  <SubCatchment>
    <SubCatchmentParameters>
      <KSI>0.001</KSI>
      <KGmin>0.05</KGmin>
      <RangeKG>0.1</RangeKG>
      <AG>0.1</AG>
      <PERC>5.4380211823266036</PERC>
      <Alpha>0</Alpha>
      <UZL>51.53150318459754</UZL>
      <K0>0.098330440450458911</K0>
      <K1>0.76082991378727516</K1>
      <K2>0.14999981876103546</K2>
      <MAXBAS>1.4132980561826274</MAXBAS>
      <Cet>0</Cet>
      <PCALT>10</PCALT>
      <TCALT>0.6</TCALT>
      <Pelev>0</Pelev>
      <Telev>0</Telev>
      <PART>0.5</PART>
      <DELAY>1</DELAY>
    </SubCatchmentParameters>
    <SubCatchmentVegetationZone>
      <SubCatchmentVegetationZoneParameters>
        <TT>2.4258455408938424</TT>
        <CFMAX>0.50002304478202819</CFMAX>
        <SP>0</SP>
        <SFCF>1.4999987563129933</SFCF>
        <CFR>0.0071969448661304706</CFR>
        <CWH>0.10000285183026392</CWH>
        <CFGlacier>1</CFGlacier>
        <CFSlope>1</CFSlope>
        <FC>464.71571277900046</FC>
        <LP>0.82190406312212072</LP>
        <BETA>2.4202184890091329</BETA>
      </SubCatchmentVegetationZoneParameters>
    </SubCatchmentVegetationZone>
  </SubCatchment>
</Catchment>