<?xml version="1.0" encoding="utf-8"?>
<Catchment xmlns:xsi="http://www.w3.org/2001/XMLSchema-instance" xmlns:xsd="http://www.w3.org/2001/XMLSchema">
  <CatchmentParameters>
    <KSI>0.001</KSI>
    <KGmin>0.05</KGmin>
    <RangeKG>0.1</RangeKG>
    <AG>0.1</AG>
    <PERC>7.2823069683773678</PERC>
    <Alpha>0</Alpha>
    <UZL>57.055043980414716</UZL>
    <K0>0.073657629785457535</K0>
    <K1>0.62938871481971415</K1>
    <K2>0.14999972601935666</K2>
    <MAXBAS>1.3516505058224619</MAXBAS>
    <Cet>0</Cet>
    <PCALT>10</PCALT>
    <TCALT>0.6</TCALT>
    <Pelev>0</Pelev>
    <Telev>0</Telev>
    <PART>0.5</PART>
    <DELAY>1</DELAY>
  </CatchmentParameters>
  <VegetationZone>
    <VegetationZoneParameters>
      <TT>1.1964598467614356</TT>
      <CFMAX>3.4283132800070071</CFMAX>
      <SP>0</SP>
      <SFCF>0.51023167699509009</SFCF>
      <CFR>0.038339558363272484</CFR>
      <CWH>0.10000239714472517</CWH>
      <CFGlacier>1</CFGlacier>
      <CFSlope>1</CFSlope>
      <FC>132.03332460872144</FC>
      <LP>0.30000000012485123</LP>
      <BETA>1.8030857157208842</BETA>
    </VegetationZoneParameters>
  </VegetationZone>
  <SubCatchment>
    <SubCatchmentParameters>
      <KSI>0.001</KSI>
      <KGmin>0.05</KGmin>
      <RangeKG>0.1</RangeKG>
      <AG>0.1</AG>
      <PERC>7.2823069683773678</PERC>
      <Alpha>0</Alpha>
      <UZL>57.055043980414716</UZL>
      <K0>0.073657629785457535</K0>
      <K1>0.62938871481971415</K1>
      <K2>0.14999972601935666</K2>
      <MAXBAS>1.3516505058224619</MAXBAS>
      <Cet>0</Cet>
      <PCALT>10</PCALT>
      <TCALT>0.6</TCALT>
      <Pelev>0</Pelev>
      <Telev>0</Telev>
      <PART>0.5</PART>
      <DELAY>1</DELAY>
    </SubCatchmentParameters>
    <SubCatchmentVegetationZone>
      <SubCatchmentVegetationZoneParameters>
        <TT>1.1964598467614356</TT>
        <CFMAX>3.4283132800070071</CFMAX>
        <SP>0</SP>
        <SFCF>0.51023167699509009</SFCF>
        <CFR>0.038339558363272484</CFR>
        <CWH>0.10000239714472517</CWH>
        <CFGlacier>1</CFGlacier>
        <CFSlope>1</CFSlope>
        <FC>132.03332460872144</FC>
        <LP>0.30000000012485123</LP>
        <BETA>1.8030857157208842</BETA>
      </SubCatchmentVegetationZoneParameters>
    </SubCatchmentVegetationZone>
  </SubCatchment>
</Catchment>