<?xml version="1.0" encoding="utf-8"?>
<Catchment xmlns:xsi="http://www.w3.org/2001/XMLSchema-instance" xmlns:xsd="http://www.w3.org/2001/XMLSchema">
  <CatchmentParameters>
    <KSI>0.001</KSI>
    <KGmin>0.05</KGmin>
    <RangeKG>0.1</RangeKG>
    <AG>0.1</AG>
    <PERC>9.9999915790805431</PERC>
    <Alpha>0</Alpha>
    <UZL>76.069377941823532</UZL>
    <K0>0.28705340548403641</K0>
    <K1>0.55124198281006453</K1>
    <K2>0.11885001942487228</K2>
    <MAXBAS>1.3131147117664197</MAXBAS>
    <Cet>0</Cet>
    <PCALT>10</PCALT>
    <TCALT>0.6</TCALT>
    <Pelev>0</Pelev>
    <Telev>0</Telev>
    <PART>0.5</PART>
    <DELAY>1</DELAY>
  </CatchmentParameters>
  <VegetationZone>
    <VegetationZoneParameters>
      <TT>1.2990094489518493</TT>
      <CFMAX>4.9998746027412739</CFMAX>
      <SP>0</SP>
      <SFCF>0.50000000910185161</SFCF>
      <CFR>0.014462530270279297</CFR>
      <CWH>0.10000078585015894</CWH>
      <CFGlacier>1</CFGlacier>
      <CFSlope>1</CFSlope>
      <FC>94.993906297075668</FC>
      <LP>0.30000000851699377</LP>
      <BETA>2.3951424758435378</BETA>
    </VegetationZoneParameters>
  </VegetationZone>
  <SubCatchment>
    <SubCatchmentParameters>
      <KSI>0.001</KSI>
      <KGmin>0.05</KGmin>
      <RangeKG>0.1</RangeKG>
      <AG>0.1</AG>
      <PERC>9.9999915790805431</PERC>
      <Alpha>0</Alpha>
      <UZL>76.069377941823532</UZL>
      <K0>0.28705340548403641</K0>
      <K1>0.55124198281006453</K1>
      <K2>0.11885001942487228</K2>
      <MAXBAS>1.3131147117664197</MAXBAS>
      <Cet>0</Cet>
      <PCALT>10</PCALT>
      <TCALT>0.6</TCALT>
      <Pelev>0</Pelev>
      <Telev>0</Telev>
      <PART>0.5</PART>
      <DELAY>1</DELAY>
    </SubCatchmentParameters>
    <SubCatchmentVegetationZone>
      <SubCatchmentVegetationZoneParameters>
        <TT>1.2990094489518493</TT>
        <CFMAX>4.9998746027412739</CFMAX>
        <SP>0</SP>
        <SFCF>0.50000000910185161</SFCF>
        <CFR>0.014462530270279297</CFR>
        <CWH>0.10000078585015894</CWH>
        <CFGlacier>1</CFGlacier>
        <CFSlope>1</CFSlope>
        <FC>94.993906297075668</FC>
        <LP>0.30000000851699377</LP>
        <BETA>2.3951424758435378</BETA>
      </SubCatchmentVegetationZoneParameters>
    </SubCatchmentVegetationZone>
  </SubCatchment>
</Catchment>