<?xml version="1.0" encoding="utf-8"?>
<Catchment xmlns:xsi="http://www.w3.org/2001/XMLSchema-instance" xmlns:xsd="http://www.w3.org/2001/XMLSchema">
  <CatchmentParameters>
    <KSI>0.001</KSI>
    <KGmin>0.05</KGmin>
    <RangeKG>0.1</RangeKG>
    <AG>0.1</AG>
    <PERC>4.2880799393487843</PERC>
    <Alpha>0</Alpha>
    <UZL>164.03424065318509</UZL>
    <K0>0.052642800573951307</K0>
    <K1>0.59023933098330128</K1>
    <K2>0.08573049887000038</K2>
    <MAXBAS>1</MAXBAS>
    <Cet>0</Cet>
    <PCALT>10</PCALT>
    <TCALT>0.6</TCALT>
    <Pelev>0</Pelev>
    <Telev>0</Telev>
    <PART>0.5</PART>
    <DELAY>1</DELAY>
  </CatchmentParameters>
  <VegetationZone>
    <VegetationZoneParameters>
      <TT>0.96742177592436507</TT>
      <CFMAX>0.52569041719976839</CFMAX>
      <SP>0</SP>
      <SFCF>1.479737048618224</SFCF>
      <CFR>0.055510363212311307</CFR>
      <CWH>0.19998402272827665</CWH>
      <CFGlacier>1</CFGlacier>
      <CFSlope>1</CFSlope>
      <FC>538.81073139079365</FC>
      <LP>0.87118773313314868</LP>
      <BETA>2.66241294374461</BETA>
    </VegetationZoneParameters>
  </VegetationZone>
  <SubCatchment>
    <SubCatchmentParameters>
      <KSI>0.001</KSI>
      <KGmin>0.05</KGmin>
      <RangeKG>0.1</RangeKG>
      <AG>0.1</AG>
      <PERC>4.2880799393487843</PERC>
      <Alpha>0</Alpha>
      <UZL>164.03424065318509</UZL>
      <K0>0.052642800573951307</K0>
      <K1>0.59023933098330128</K1>
      <K2>0.08573049887000038</K2>
      <MAXBAS>1</MAXBAS>
      <Cet>0</Cet>
      <PCALT>10</PCALT>
      <TCALT>0.6</TCALT>
      <Pelev>0</Pelev>
      <Telev>0</Telev>
      <PART>0.5</PART>
      <DELAY>1</DELAY>
    </SubCatchmentParameters>
    <SubCatchmentVegetationZone>
      <SubCatchmentVegetationZoneParameters>
        <TT>0.96742177592436507</TT>
        <CFMAX>0.52569041719976839</CFMAX>
        <SP>0</SP>
        <SFCF>1.479737048618224</SFCF>
        <CFR>0.055510363212311307</CFR>
        <CWH>0.19998402272827665</CWH>
        <CFGlacier>1</CFGlacier>
        <CFSlope>1</CFSlope>
        <FC>538.81073139079365</FC>
        <LP>0.87118773313314868</LP>
        <BETA>2.66241294374461</BETA>
      </SubCatchmentVegetationZoneParameters>
    </SubCatchmentVegetationZone>
  </SubCatchment>
</Catchment>