<?xml version="1.0" encoding="utf-8"?>
<Catchment xmlns:xsi="http://www.w3.org/2001/XMLSchema-instance" xmlns:xsd="http://www.w3.org/2001/XMLSchema">
  <CatchmentParameters>
    <KSI>0.001</KSI>
    <KGmin>0.05</KGmin>
    <RangeKG>0.1</RangeKG>
    <AG>0.1</AG>
    <PERC>4.7317795503030116</PERC>
    <Alpha>0</Alpha>
    <UZL>164.53931836670049</UZL>
    <K0>0.086741483406611836</K0>
    <K1>0.54373389833524588</K1>
    <K2>0.084566575152925219</K2>
    <MAXBAS>1</MAXBAS>
    <Cet>0</Cet>
    <PCALT>10</PCALT>
    <TCALT>0.6</TCALT>
    <Pelev>0</Pelev>
    <Telev>0</Telev>
    <PART>0.5</PART>
    <DELAY>1</DELAY>
  </CatchmentParameters>
  <VegetationZone>
    <VegetationZoneParameters>
      <TT>0.84117997907442865</TT>
      <CFMAX>0.51350051628941962</CFMAX>
      <SP>0</SP>
      <SFCF>1.3601017414146135</SFCF>
      <CFR>0.099995885232177381</CFR>
      <CWH>0.19999889427398729</CWH>
      <CFGlacier>1</CFGlacier>
      <CFSlope>1</CFSlope>
      <FC>335.39586595715343</FC>
      <LP>0.757936583855935</LP>
      <BETA>2.325099517806422</BETA>
    </VegetationZoneParameters>
  </VegetationZone>
  <SubCatchment>
    <SubCatchmentParameters>
      <KSI>0.001</KSI>
      <KGmin>0.05</KGmin>
      <RangeKG>0.1</RangeKG>
      <AG>0.1</AG>
      <PERC>4.7317795503030116</PERC>
      <Alpha>0</Alpha>
      <UZL>164.53931836670049</UZL>
      <K0>0.086741483406611836</K0>
      <K1>0.54373389833524588</K1>
      <K2>0.084566575152925219</K2>
      <MAXBAS>1</MAXBAS>
      <Cet>0</Cet>
      <PCALT>10</PCALT>
      <TCALT>0.6</TCALT>
      <Pelev>0</Pelev>
      <Telev>0</Telev>
      <PART>0.5</PART>
      <DELAY>1</DELAY>
    </SubCatchmentParameters>
    <SubCatchmentVegetationZone>
      <SubCatchmentVegetationZoneParameters>
        <TT>0.84117997907442865</TT>
        <CFMAX>0.51350051628941962</CFMAX>
        <SP>0</SP>
        <SFCF>1.3601017414146135</SFCF>
        <CFR>0.099995885232177381</CFR>
        <CWH>0.19999889427398729</CWH>
        <CFGlacier>1</CFGlacier>
        <CFSlope>1</CFSlope>
        <FC>335.39586595715343</FC>
        <LP>0.757936583855935</LP>
        <BETA>2.325099517806422</BETA>
      </SubCatchmentVegetationZoneParameters>
    </SubCatchmentVegetationZone>
  </SubCatchment>
</Catchment>