<?xml version="1.0" encoding="utf-8"?>
<Catchment xmlns:xsi="http://www.w3.org/2001/XMLSchema-instance" xmlns:xsd="http://www.w3.org/2001/XMLSchema">
  <CatchmentParameters>
    <KSI>0.001</KSI>
    <KGmin>0.05</KGmin>
    <RangeKG>0.1</RangeKG>
    <AG>0.1</AG>
    <PERC>7.3451392812765119</PERC>
    <Alpha>0</Alpha>
    <UZL>17.711720175066866</UZL>
    <K0>0.9899999314663861</K0>
    <K1>0.54566445135446962</K1>
    <K2>0.14999989482649972</K2>
    <MAXBAS>1.4387657028366438</MAXBAS>
    <Cet>0</Cet>
    <PCALT>10</PCALT>
    <TCALT>0.6</TCALT>
    <Pelev>0</Pelev>
    <Telev>0</Telev>
    <PART>0.5</PART>
    <DELAY>1</DELAY>
  </CatchmentParameters>
  <VegetationZone>
    <VegetationZoneParameters>
      <TT>1.299012578861759</TT>
      <CFMAX>4.99943506548606</CFMAX>
      <SP>0</SP>
      <SFCF>0.5000000788079203</SFCF>
      <CFR>0.075029555551213087</CFR>
      <CWH>0.10000133451271011</CWH>
      <CFGlacier>1</CFGlacier>
      <CFSlope>1</CFSlope>
      <FC>140.11305535103975</FC>
      <LP>0.30000006231133763</LP>
      <BETA>1.6407948838160893</BETA>
    </VegetationZoneParameters>
  </VegetationZone>
  <SubCatchment>
    <SubCatchmentParameters>
      <KSI>0.001</KSI>
      <KGmin>0.05</KGmin>
      <RangeKG>0.1</RangeKG>
      <AG>0.1</AG>
      <PERC>7.3451392812765119</PERC>
      <Alpha>0</Alpha>
      <UZL>17.711720175066866</UZL>
      <K0>0.9899999314663861</K0>
      <K1>0.54566445135446962</K1>
      <K2>0.14999989482649972</K2>
      <MAXBAS>1.4387657028366438</MAXBAS>
      <Cet>0</Cet>
      <PCALT>10</PCALT>
      <TCALT>0.6</TCALT>
      <Pelev>0</Pelev>
      <Telev>0</Telev>
      <PART>0.5</PART>
      <DELAY>1</DELAY>
    </SubCatchmentParameters>
    <SubCatchmentVegetationZone>
      <SubCatchmentVegetationZoneParameters>
        <TT>1.299012578861759</TT>
        <CFMAX>4.99943506548606</CFMAX>
        <SP>0</SP>
        <SFCF>0.5000000788079203</SFCF>
        <CFR>0.075029555551213087</CFR>
        <CWH>0.10000133451271011</CWH>
        <CFGlacier>1</CFGlacier>
        <CFSlope>1</CFSlope>
        <FC>140.11305535103975</FC>
        <LP>0.30000006231133763</LP>
        <BETA>1.6407948838160893</BETA>
      </SubCatchmentVegetationZoneParameters>
    </SubCatchmentVegetationZone>
  </SubCatchment>
</Catchment>