<?xml version="1.0" encoding="utf-8"?>
<Catchment xmlns:xsi="http://www.w3.org/2001/XMLSchema-instance" xmlns:xsd="http://www.w3.org/2001/XMLSchema">
  <CatchmentParameters>
    <KSI>0.001</KSI>
    <KGmin>0.05</KGmin>
    <RangeKG>0.1</RangeKG>
    <AG>0.1</AG>
    <PERC>6.0174726040627764</PERC>
    <Alpha>0</Alpha>
    <UZL>142.08100630678499</UZL>
    <K0>0.13427661547094452</K0>
    <K1>0.74939812650671378</K1>
    <K2>0.14999956202860224</K2>
    <MAXBAS>1.4015886332314491</MAXBAS>
    <Cet>0</Cet>
    <PCALT>10</PCALT>
    <TCALT>0.6</TCALT>
    <Pelev>0</Pelev>
    <Telev>0</Telev>
    <PART>0.5</PART>
    <DELAY>1</DELAY>
  </CatchmentParameters>
  <VegetationZone>
    <VegetationZoneParameters>
      <TT>2.4994619658625377</TT>
      <CFMAX>0.50604587630234188</CFMAX>
      <SP>0</SP>
      <SFCF>1.4999988967023175</SFCF>
      <CFR>0.039641445267727449</CFR>
      <CWH>0.1000000022633034</CWH>
      <CFGlacier>1</CFGlacier>
      <CFSlope>1</CFSlope>
      <FC>437.99812906742278</FC>
      <LP>0.85086938248790767</LP>
      <BETA>2.4338162897951539</BETA>
    </VegetationZoneParameters>
  </VegetationZone>
  <SubCatchment>
    <SubCatchmentParameters>
      <KSI>0.001</KSI>
      <KGmin>0.05</KGmin>
      <RangeKG>0.1</RangeKG>
      <AG>0.1</AG>
      <PERC>6.0174726040627764</PERC>
      <Alpha>0</Alpha>
      <UZL>142.08100630678499</UZL>
      <K0>0.13427661547094452</K0>
      <K1>0.74939812650671378</K1>
      <K2>0.14999956202860224</K2>
      <MAXBAS>1.4015886332314491</MAXBAS>
      <Cet>0</Cet>
      <PCALT>10</PCALT>
      <TCALT>0.6</TCALT>
      <Pelev>0</Pelev>
      <Telev>0</Telev>
      <PART>0.5</PART>
      <DELAY>1</DELAY>
    </SubCatchmentParameters>
    <SubCatchmentVegetationZone>
      <SubCatchmentVegetationZoneParameters>
        <TT>2.4994619658625377</TT>
        <CFMAX>0.50604587630234188</CFMAX>
        <SP>0</SP>
        <SFCF>1.4999988967023175</SFCF>
        <CFR>0.039641445267727449</CFR>
        <CWH>0.1000000022633034</CWH>
        <CFGlacier>1</CFGlacier>
        <CFSlope>1</CFSlope>
        <FC>437.99812906742278</FC>
        <LP>0.85086938248790767</LP>
        <BETA>2.4338162897951539</BETA>
      </SubCatchmentVegetationZoneParameters>
    </SubCatchmentVegetationZone>
  </SubCatchment>
</Catchment>