<?xml version="1.0" encoding="utf-8"?>
<Catchment xmlns:xsi="http://www.w3.org/2001/XMLSchema-instance" xmlns:xsd="http://www.w3.org/2001/XMLSchema">
  <CatchmentParameters>
    <KSI>0.001</KSI>
    <KGmin>0.05</KGmin>
    <RangeKG>0.1</RangeKG>
    <AG>0.1</AG>
    <PERC>5.2011523656265695</PERC>
    <Alpha>0</Alpha>
    <UZL>109.11996237068483</UZL>
    <K0>0.32303441445354142</K0>
    <K1>0.79999788253207016</K1>
    <K2>0.14999981015302011</K2>
    <MAXBAS>1.426490291696183</MAXBAS>
    <Cet>0</Cet>
    <PCALT>10</PCALT>
    <TCALT>0.6</TCALT>
    <Pelev>0</Pelev>
    <Telev>0</Telev>
    <PART>0.5</PART>
    <DELAY>1</DELAY>
  </CatchmentParameters>
  <VegetationZone>
    <VegetationZoneParameters>
      <TT>2.433751898303588</TT>
      <CFMAX>0.51636596238040477</CFMAX>
      <SP>0</SP>
      <SFCF>1.4999990208290022</SFCF>
      <CFR>0.028137011262245073</CFR>
      <CWH>0.10000018328952244</CWH>
      <CFGlacier>1</CFGlacier>
      <CFSlope>1</CFSlope>
      <FC>421.97197024300215</FC>
      <LP>0.97342180645344767</LP>
      <BETA>3.6716530595351893</BETA>
    </VegetationZoneParameters>
  </VegetationZone>
  <SubCatchment>
    <SubCatchmentParameters>
      <KSI>0.001</KSI>
      <KGmin>0.05</KGmin>
      <RangeKG>0.1</RangeKG>
      <AG>0.1</AG>
      <PERC>5.2011523656265695</PERC>
      <Alpha>0</Alpha>
      <UZL>109.11996237068483</UZL>
      <K0>0.32303441445354142</K0>
      <K1>0.79999788253207016</K1>
      <K2>0.14999981015302011</K2>
      <MAXBAS>1.426490291696183</MAXBAS>
      <Cet>0</Cet>
      <PCALT>10</PCALT>
      <TCALT>0.6</TCALT>
      <Pelev>0</Pelev>
      <Telev>0</Telev>
      <PART>0.5</PART>
      <DELAY>1</DELAY>
    </SubCatchmentParameters>
    <SubCatchmentVegetationZone>
      <SubCatchmentVegetationZoneParameters>
        <TT>2.433751898303588</TT>
        <CFMAX>0.51636596238040477</CFMAX>
        <SP>0</SP>
        <SFCF>1.4999990208290022</SFCF>
        <CFR>0.028137011262245073</CFR>
        <CWH>0.10000018328952244</CWH>
        <CFGlacier>1</CFGlacier>
        <CFSlope>1</CFSlope>
        <FC>421.97197024300215</FC>
        <LP>0.97342180645344767</LP>
        <BETA>3.6716530595351893</BETA>
      </SubCatchmentVegetationZoneParameters>
    </SubCatchmentVegetationZone>
  </SubCatchment>
</Catchment>