<?xml version="1.0" encoding="utf-8"?>
<Catchment xmlns:xsi="http://www.w3.org/2001/XMLSchema-instance" xmlns:xsd="http://www.w3.org/2001/XMLSchema">
  <CatchmentParameters>
    <KSI>0.001</KSI>
    <KGmin>0.05</KGmin>
    <RangeKG>0.1</RangeKG>
    <AG>0.1</AG>
    <PERC>4.432339323821803</PERC>
    <Alpha>0</Alpha>
    <UZL>95.175281143164852</UZL>
    <K0>0.22456736565782365</K0>
    <K1>0.60029686148400385</K1>
    <K2>0.074339936234620041</K2>
    <MAXBAS>1</MAXBAS>
    <Cet>0</Cet>
    <PCALT>10</PCALT>
    <TCALT>0.6</TCALT>
    <Pelev>0</Pelev>
    <Telev>0</Telev>
    <PART>0.5</PART>
    <DELAY>1</DELAY>
  </CatchmentParameters>
  <VegetationZone>
    <VegetationZoneParameters>
      <TT>2.46531352320808</TT>
      <CFMAX>0.694834981959667</CFMAX>
      <SP>0</SP>
      <SFCF>1.2747790263285388</SFCF>
      <CFR>0.099999685647675307</CFR>
      <CWH>0.12772509840819807</CWH>
      <CFGlacier>1</CFGlacier>
      <CFSlope>1</CFSlope>
      <FC>500.51496402596069</FC>
      <LP>0.936697658331328</LP>
      <BETA>3.0320601772669433</BETA>
    </VegetationZoneParameters>
  </VegetationZone>
  <SubCatchment>
    <SubCatchmentParameters>
      <KSI>0.001</KSI>
      <KGmin>0.05</KGmin>
      <RangeKG>0.1</RangeKG>
      <AG>0.1</AG>
      <PERC>4.432339323821803</PERC>
      <Alpha>0</Alpha>
      <UZL>95.175281143164852</UZL>
      <K0>0.22456736565782365</K0>
      <K1>0.60029686148400385</K1>
      <K2>0.074339936234620041</K2>
      <MAXBAS>1</MAXBAS>
      <Cet>0</Cet>
      <PCALT>10</PCALT>
      <TCALT>0.6</TCALT>
      <Pelev>0</Pelev>
      <Telev>0</Telev>
      <PART>0.5</PART>
      <DELAY>1</DELAY>
    </SubCatchmentParameters>
    <SubCatchmentVegetationZone>
      <SubCatchmentVegetationZoneParameters>
        <TT>2.46531352320808</TT>
        <CFMAX>0.694834981959667</CFMAX>
        <SP>0</SP>
        <SFCF>1.2747790263285388</SFCF>
        <CFR>0.099999685647675307</CFR>
        <CWH>0.12772509840819807</CWH>
        <CFGlacier>1</CFGlacier>
        <CFSlope>1</CFSlope>
        <FC>500.51496402596069</FC>
        <LP>0.936697658331328</LP>
        <BETA>3.0320601772669433</BETA>
      </SubCatchmentVegetationZoneParameters>
    </SubCatchmentVegetationZone>
  </SubCatchment>
</Catchment>