<?xml version="1.0" encoding="utf-8"?>
<Catchment xmlns:xsi="http://www.w3.org/2001/XMLSchema-instance" xmlns:xsd="http://www.w3.org/2001/XMLSchema">
  <CatchmentParameters>
    <KSI>0.001</KSI>
    <KGmin>0.05</KGmin>
    <RangeKG>0.1</RangeKG>
    <AG>0.1</AG>
    <PERC>9.999927347002922</PERC>
    <Alpha>0</Alpha>
    <UZL>26.107391230022667</UZL>
    <K0>0.98999972269232994</K0>
    <K1>0.39279031898987349</K1>
    <K2>0.11025008770542925</K2>
    <MAXBAS>1.2543146502069797</MAXBAS>
    <Cet>0</Cet>
    <PCALT>10</PCALT>
    <TCALT>0.6</TCALT>
    <Pelev>0</Pelev>
    <Telev>0</Telev>
    <PART>0.5</PART>
    <DELAY>1</DELAY>
  </CatchmentParameters>
  <VegetationZone>
    <VegetationZoneParameters>
      <TT>1.2990111664996802</TT>
      <CFMAX>4.99975288176326</CFMAX>
      <SP>0</SP>
      <SFCF>0.50000015073025239</SFCF>
      <CFR>0.076953032875654789</CFR>
      <CWH>0.10004735454539701</CWH>
      <CFGlacier>1</CFGlacier>
      <CFSlope>1</CFSlope>
      <FC>90.065837533415575</FC>
      <LP>0.30000002339819887</LP>
      <BETA>2.3209310827349197</BETA>
    </VegetationZoneParameters>
  </VegetationZone>
  <SubCatchment>
    <SubCatchmentParameters>
      <KSI>0.001</KSI>
      <KGmin>0.05</KGmin>
      <RangeKG>0.1</RangeKG>
      <AG>0.1</AG>
      <PERC>9.999927347002922</PERC>
      <Alpha>0</Alpha>
      <UZL>26.107391230022667</UZL>
      <K0>0.98999972269232994</K0>
      <K1>0.39279031898987349</K1>
      <K2>0.11025008770542925</K2>
      <MAXBAS>1.2543146502069797</MAXBAS>
      <Cet>0</Cet>
      <PCALT>10</PCALT>
      <TCALT>0.6</TCALT>
      <Pelev>0</Pelev>
      <Telev>0</Telev>
      <PART>0.5</PART>
      <DELAY>1</DELAY>
    </SubCatchmentParameters>
    <SubCatchmentVegetationZone>
      <SubCatchmentVegetationZoneParameters>
        <TT>1.2990111664996802</TT>
        <CFMAX>4.99975288176326</CFMAX>
        <SP>0</SP>
        <SFCF>0.50000015073025239</SFCF>
        <CFR>0.076953032875654789</CFR>
        <CWH>0.10004735454539701</CWH>
        <CFGlacier>1</CFGlacier>
        <CFSlope>1</CFSlope>
        <FC>90.065837533415575</FC>
        <LP>0.30000002339819887</LP>
        <BETA>2.3209310827349197</BETA>
      </SubCatchmentVegetationZoneParameters>
    </SubCatchmentVegetationZone>
  </SubCatchment>
</Catchment>