<?xml version="1.0" encoding="utf-8"?>
<Catchment xmlns:xsi="http://www.w3.org/2001/XMLSchema-instance" xmlns:xsd="http://www.w3.org/2001/XMLSchema">
  <CatchmentParameters>
    <KSI>0.001</KSI>
    <KGmin>0.05</KGmin>
    <RangeKG>0.1</RangeKG>
    <AG>0.1</AG>
    <PERC>4.466634041490785</PERC>
    <Alpha>0</Alpha>
    <UZL>10.511786967134675</UZL>
    <K0>0.98999714628245017</K0>
    <K1>0.55162467165579065</K1>
    <K2>0.0730785638152903</K2>
    <MAXBAS>1</MAXBAS>
    <Cet>0</Cet>
    <PCALT>10</PCALT>
    <TCALT>0.6</TCALT>
    <Pelev>0</Pelev>
    <Telev>0</Telev>
    <PART>0.5</PART>
    <DELAY>1</DELAY>
  </CatchmentParameters>
  <VegetationZone>
    <VegetationZoneParameters>
      <TT>1.1479905526125562</TT>
      <CFMAX>0.5000002959391262</CFMAX>
      <SP>0</SP>
      <SFCF>1.1445112773998747</SFCF>
      <CFR>0.086152561484877141</CFR>
      <CWH>0.19999712792591998</CWH>
      <CFGlacier>1</CFGlacier>
      <CFSlope>1</CFSlope>
      <FC>1920.9243619235356</FC>
      <LP>0.97800237241812138</LP>
      <BETA>3.690530648235649</BETA>
    </VegetationZoneParameters>
  </VegetationZone>
  <SubCatchment>
    <SubCatchmentParameters>
      <KSI>0.001</KSI>
      <KGmin>0.05</KGmin>
      <RangeKG>0.1</RangeKG>
      <AG>0.1</AG>
      <PERC>4.466634041490785</PERC>
      <Alpha>0</Alpha>
      <UZL>10.511786967134675</UZL>
      <K0>0.98999714628245017</K0>
      <K1>0.55162467165579065</K1>
      <K2>0.0730785638152903</K2>
      <MAXBAS>1</MAXBAS>
      <Cet>0</Cet>
      <PCALT>10</PCALT>
      <TCALT>0.6</TCALT>
      <Pelev>0</Pelev>
      <Telev>0</Telev>
      <PART>0.5</PART>
      <DELAY>1</DELAY>
    </SubCatchmentParameters>
    <SubCatchmentVegetationZone>
      <SubCatchmentVegetationZoneParameters>
        <TT>1.1479905526125562</TT>
        <CFMAX>0.5000002959391262</CFMAX>
        <SP>0</SP>
        <SFCF>1.1445112773998747</SFCF>
        <CFR>0.086152561484877141</CFR>
        <CWH>0.19999712792591998</CWH>
        <CFGlacier>1</CFGlacier>
        <CFSlope>1</CFSlope>
        <FC>1920.9243619235356</FC>
        <LP>0.97800237241812138</LP>
        <BETA>3.690530648235649</BETA>
      </SubCatchmentVegetationZoneParameters>
    </SubCatchmentVegetationZone>
  </SubCatchment>
</Catchment>