<?xml version="1.0" encoding="utf-8"?>
<Catchment xmlns:xsi="http://www.w3.org/2001/XMLSchema-instance" xmlns:xsd="http://www.w3.org/2001/XMLSchema">
  <CatchmentParameters>
    <KSI>0.001</KSI>
    <KGmin>0.05</KGmin>
    <RangeKG>0.1</RangeKG>
    <AG>0.1</AG>
    <PERC>9.9999904936391442</PERC>
    <Alpha>0</Alpha>
    <UZL>111.14982503708696</UZL>
    <K0>0.36465867060679963</K0>
    <K1>0.46842821459015743</K1>
    <K2>0.10000895088510459</K2>
    <MAXBAS>1.2128365546153324</MAXBAS>
    <Cet>0</Cet>
    <PCALT>10</PCALT>
    <TCALT>0.6</TCALT>
    <Pelev>0</Pelev>
    <Telev>0</Telev>
    <PART>0.5</PART>
    <DELAY>1</DELAY>
  </CatchmentParameters>
  <VegetationZone>
    <VegetationZoneParameters>
      <TT>1.3720022395081837</TT>
      <CFMAX>4.99949533547618</CFMAX>
      <SP>0</SP>
      <SFCF>0.50000025598260744</SFCF>
      <CFR>0.06206121942882719</CFR>
      <CWH>0.10000000756609459</CWH>
      <CFGlacier>1</CFGlacier>
      <CFSlope>1</CFSlope>
      <FC>83.667035771897</FC>
      <LP>0.30000002903534856</LP>
      <BETA>2.5631917128638331</BETA>
    </VegetationZoneParameters>
  </VegetationZone>
  <SubCatchment>
    <SubCatchmentParameters>
      <KSI>0.001</KSI>
      <KGmin>0.05</KGmin>
      <RangeKG>0.1</RangeKG>
      <AG>0.1</AG>
      <PERC>9.9999904936391442</PERC>
      <Alpha>0</Alpha>
      <UZL>111.14982503708696</UZL>
      <K0>0.36465867060679963</K0>
      <K1>0.46842821459015743</K1>
      <K2>0.10000895088510459</K2>
      <MAXBAS>1.2128365546153324</MAXBAS>
      <Cet>0</Cet>
      <PCALT>10</PCALT>
      <TCALT>0.6</TCALT>
      <Pelev>0</Pelev>
      <Telev>0</Telev>
      <PART>0.5</PART>
      <DELAY>1</DELAY>
    </SubCatchmentParameters>
    <SubCatchmentVegetationZone>
      <SubCatchmentVegetationZoneParameters>
        <TT>1.3720022395081837</TT>
        <CFMAX>4.99949533547618</CFMAX>
        <SP>0</SP>
        <SFCF>0.50000025598260744</SFCF>
        <CFR>0.06206121942882719</CFR>
        <CWH>0.10000000756609459</CWH>
        <CFGlacier>1</CFGlacier>
        <CFSlope>1</CFSlope>
        <FC>83.667035771897</FC>
        <LP>0.30000002903534856</LP>
        <BETA>2.5631917128638331</BETA>
      </SubCatchmentVegetationZoneParameters>
    </SubCatchmentVegetationZone>
  </SubCatchment>
</Catchment>