<?xml version="1.0" encoding="utf-8"?>
<Catchment xmlns:xsi="http://www.w3.org/2001/XMLSchema-instance" xmlns:xsd="http://www.w3.org/2001/XMLSchema">
  <CatchmentParameters>
    <KSI>0.001</KSI>
    <KGmin>0.05</KGmin>
    <RangeKG>0.1</RangeKG>
    <AG>0.1</AG>
    <PERC>9.9999937493873254</PERC>
    <Alpha>0</Alpha>
    <UZL>25.740345708441144</UZL>
    <K0>0.98999859442174221</K0>
    <K1>0.44293270700384274</K1>
    <K2>0.11507856947929122</K2>
    <MAXBAS>1.3116801489642849</MAXBAS>
    <Cet>0</Cet>
    <PCALT>10</PCALT>
    <TCALT>0.6</TCALT>
    <Pelev>0</Pelev>
    <Telev>0</Telev>
    <PART>0.5</PART>
    <DELAY>1</DELAY>
  </CatchmentParameters>
  <VegetationZone>
    <VegetationZoneParameters>
      <TT>-1.5181839852790953</TT>
      <CFMAX>4.9867445446771805</CFMAX>
      <SP>0</SP>
      <SFCF>0.50000043893090229</SFCF>
      <CFR>0.039565938665287181</CFR>
      <CWH>0.18031224083334796</CWH>
      <CFGlacier>1</CFGlacier>
      <CFSlope>1</CFSlope>
      <FC>91.5436588958447</FC>
      <LP>0.30000006953452507</LP>
      <BETA>2.3941135213765508</BETA>
    </VegetationZoneParameters>
  </VegetationZone>
  <SubCatchment>
    <SubCatchmentParameters>
      <KSI>0.001</KSI>
      <KGmin>0.05</KGmin>
      <RangeKG>0.1</RangeKG>
      <AG>0.1</AG>
      <PERC>9.9999937493873254</PERC>
      <Alpha>0</Alpha>
      <UZL>25.740345708441144</UZL>
      <K0>0.98999859442174221</K0>
      <K1>0.44293270700384274</K1>
      <K2>0.11507856947929122</K2>
      <MAXBAS>1.3116801489642849</MAXBAS>
      <Cet>0</Cet>
      <PCALT>10</PCALT>
      <TCALT>0.6</TCALT>
      <Pelev>0</Pelev>
      <Telev>0</Telev>
      <PART>0.5</PART>
      <DELAY>1</DELAY>
    </SubCatchmentParameters>
    <SubCatchmentVegetationZone>
      <SubCatchmentVegetationZoneParameters>
        <TT>-1.5181839852790953</TT>
        <CFMAX>4.9867445446771805</CFMAX>
        <SP>0</SP>
        <SFCF>0.50000043893090229</SFCF>
        <CFR>0.039565938665287181</CFR>
        <CWH>0.18031224083334796</CWH>
        <CFGlacier>1</CFGlacier>
        <CFSlope>1</CFSlope>
        <FC>91.5436588958447</FC>
        <LP>0.30000006953452507</LP>
        <BETA>2.3941135213765508</BETA>
      </SubCatchmentVegetationZoneParameters>
    </SubCatchmentVegetationZone>
  </SubCatchment>
</Catchment>