<?xml version="1.0" encoding="utf-8"?>
<Catchment xmlns:xsi="http://www.w3.org/2001/XMLSchema-instance" xmlns:xsd="http://www.w3.org/2001/XMLSchema">
  <CatchmentParameters>
    <KSI>0.001</KSI>
    <KGmin>0.05</KGmin>
    <RangeKG>0.1</RangeKG>
    <AG>0.1</AG>
    <PERC>5.92299892463192</PERC>
    <Alpha>0</Alpha>
    <UZL>128.1959073521829</UZL>
    <K0>0.23105254620751248</K0>
    <K1>0.76598707888408824</K1>
    <K2>0.1499998163163748</K2>
    <MAXBAS>1.4108144069098494</MAXBAS>
    <Cet>0</Cet>
    <PCALT>10</PCALT>
    <TCALT>0.6</TCALT>
    <Pelev>0</Pelev>
    <Telev>0</Telev>
    <PART>0.5</PART>
    <DELAY>1</DELAY>
  </CatchmentParameters>
  <VegetationZone>
    <VegetationZoneParameters>
      <TT>2.4835808583213765</TT>
      <CFMAX>0.5019612563085587</CFMAX>
      <SP>0</SP>
      <SFCF>1.4999997575234167</SFCF>
      <CFR>0.036305434722861088</CFR>
      <CWH>0.10000024089225344</CWH>
      <CFGlacier>1</CFGlacier>
      <CFSlope>1</CFSlope>
      <FC>406.08365524014334</FC>
      <LP>0.96976278944592731</LP>
      <BETA>3.3257142488680667</BETA>
    </VegetationZoneParameters>
  </VegetationZone>
  <SubCatchment>
    <SubCatchmentParameters>
      <KSI>0.001</KSI>
      <KGmin>0.05</KGmin>
      <RangeKG>0.1</RangeKG>
      <AG>0.1</AG>
      <PERC>5.92299892463192</PERC>
      <Alpha>0</Alpha>
      <UZL>128.1959073521829</UZL>
      <K0>0.23105254620751248</K0>
      <K1>0.76598707888408824</K1>
      <K2>0.1499998163163748</K2>
      <MAXBAS>1.4108144069098494</MAXBAS>
      <Cet>0</Cet>
      <PCALT>10</PCALT>
      <TCALT>0.6</TCALT>
      <Pelev>0</Pelev>
      <Telev>0</Telev>
      <PART>0.5</PART>
      <DELAY>1</DELAY>
    </SubCatchmentParameters>
    <SubCatchmentVegetationZone>
      <SubCatchmentVegetationZoneParameters>
        <TT>2.4835808583213765</TT>
        <CFMAX>0.5019612563085587</CFMAX>
        <SP>0</SP>
        <SFCF>1.4999997575234167</SFCF>
        <CFR>0.036305434722861088</CFR>
        <CWH>0.10000024089225344</CWH>
        <CFGlacier>1</CFGlacier>
        <CFSlope>1</CFSlope>
        <FC>406.08365524014334</FC>
        <LP>0.96976278944592731</LP>
        <BETA>3.3257142488680667</BETA>
      </SubCatchmentVegetationZoneParameters>
    </SubCatchmentVegetationZone>
  </SubCatchment>
</Catchment>