<?xml version="1.0" encoding="utf-8"?>
<Catchment xmlns:xsi="http://www.w3.org/2001/XMLSchema-instance" xmlns:xsd="http://www.w3.org/2001/XMLSchema">
  <CatchmentParameters>
    <KSI>0.001</KSI>
    <KGmin>0.05</KGmin>
    <RangeKG>0.1</RangeKG>
    <AG>0.1</AG>
    <PERC>5.6045045348881777</PERC>
    <Alpha>0</Alpha>
    <UZL>7.7138153120268189</UZL>
    <K0>0.98999645708191308</K0>
    <K1>0.64005647826109713</K1>
    <K2>0.0667109666311519</K2>
    <MAXBAS>1</MAXBAS>
    <Cet>0</Cet>
    <PCALT>10</PCALT>
    <TCALT>0.6</TCALT>
    <Pelev>0</Pelev>
    <Telev>0</Telev>
    <PART>0.5</PART>
    <DELAY>1</DELAY>
  </CatchmentParameters>
  <VegetationZone>
    <VegetationZoneParameters>
      <TT>1.001390139926986</TT>
      <CFMAX>0.58193788728192875</CFMAX>
      <SP>0</SP>
      <SFCF>0.78656300903261667</SFCF>
      <CFR>0.09664486224623213</CFR>
      <CWH>0.19999077014098884</CWH>
      <CFGlacier>1</CFGlacier>
      <CFSlope>1</CFSlope>
      <FC>2028.6349309386299</FC>
      <LP>0.85324910299819012</LP>
      <BETA>2.707642553440071</BETA>
    </VegetationZoneParameters>
  </VegetationZone>
  <SubCatchment>
    <SubCatchmentParameters>
      <KSI>0.001</KSI>
      <KGmin>0.05</KGmin>
      <RangeKG>0.1</RangeKG>
      <AG>0.1</AG>
      <PERC>5.6045045348881777</PERC>
      <Alpha>0</Alpha>
      <UZL>7.7138153120268189</UZL>
      <K0>0.98999645708191308</K0>
      <K1>0.64005647826109713</K1>
      <K2>0.0667109666311519</K2>
      <MAXBAS>1</MAXBAS>
      <Cet>0</Cet>
      <PCALT>10</PCALT>
      <TCALT>0.6</TCALT>
      <Pelev>0</Pelev>
      <Telev>0</Telev>
      <PART>0.5</PART>
      <DELAY>1</DELAY>
    </SubCatchmentParameters>
    <SubCatchmentVegetationZone>
      <SubCatchmentVegetationZoneParameters>
        <TT>1.001390139926986</TT>
        <CFMAX>0.58193788728192875</CFMAX>
        <SP>0</SP>
        <SFCF>0.78656300903261667</SFCF>
        <CFR>0.09664486224623213</CFR>
        <CWH>0.19999077014098884</CWH>
        <CFGlacier>1</CFGlacier>
        <CFSlope>1</CFSlope>
        <FC>2028.6349309386299</FC>
        <LP>0.85324910299819012</LP>
        <BETA>2.707642553440071</BETA>
      </SubCatchmentVegetationZoneParameters>
    </SubCatchmentVegetationZone>
  </SubCatchment>
</Catchment>