<?xml version="1.0" encoding="utf-8"?>
<Catchment xmlns:xsi="http://www.w3.org/2001/XMLSchema-instance" xmlns:xsd="http://www.w3.org/2001/XMLSchema">
  <CatchmentParameters>
    <KSI>0.001</KSI>
    <KGmin>0.05</KGmin>
    <RangeKG>0.1</RangeKG>
    <AG>0.1</AG>
    <PERC>5.3628351101923242</PERC>
    <Alpha>0</Alpha>
    <UZL>167.14679481268652</UZL>
    <K0>0.52466089824187456</K0>
    <K1>0.67987707079054915</K1>
    <K2>0.14999918556744477</K2>
    <MAXBAS>1.2966541075577154</MAXBAS>
    <Cet>0</Cet>
    <PCALT>10</PCALT>
    <TCALT>0.6</TCALT>
    <Pelev>0</Pelev>
    <Telev>0</Telev>
    <PART>0.5</PART>
    <DELAY>1</DELAY>
  </CatchmentParameters>
  <VegetationZone>
    <VegetationZoneParameters>
      <TT>2.4998255792975677</TT>
      <CFMAX>0.52138604528951926</CFMAX>
      <SP>0</SP>
      <SFCF>1.4999999859121651</SFCF>
      <CFR>0.038843504102674849</CFR>
      <CWH>0.16353119992231838</CWH>
      <CFGlacier>1</CFGlacier>
      <CFSlope>1</CFSlope>
      <FC>429.06380137508438</FC>
      <LP>0.8445596848024326</LP>
      <BETA>2.4100559373042452</BETA>
    </VegetationZoneParameters>
  </VegetationZone>
  <SubCatchment>
    <SubCatchmentParameters>
      <KSI>0.001</KSI>
      <KGmin>0.05</KGmin>
      <RangeKG>0.1</RangeKG>
      <AG>0.1</AG>
      <PERC>5.3628351101923242</PERC>
      <Alpha>0</Alpha>
      <UZL>167.14679481268652</UZL>
      <K0>0.52466089824187456</K0>
      <K1>0.67987707079054915</K1>
      <K2>0.14999918556744477</K2>
      <MAXBAS>1.2966541075577154</MAXBAS>
      <Cet>0</Cet>
      <PCALT>10</PCALT>
      <TCALT>0.6</TCALT>
      <Pelev>0</Pelev>
      <Telev>0</Telev>
      <PART>0.5</PART>
      <DELAY>1</DELAY>
    </SubCatchmentParameters>
    <SubCatchmentVegetationZone>
      <SubCatchmentVegetationZoneParameters>
        <TT>2.4998255792975677</TT>
        <CFMAX>0.52138604528951926</CFMAX>
        <SP>0</SP>
        <SFCF>1.4999999859121651</SFCF>
        <CFR>0.038843504102674849</CFR>
        <CWH>0.16353119992231838</CWH>
        <CFGlacier>1</CFGlacier>
        <CFSlope>1</CFSlope>
        <FC>429.06380137508438</FC>
        <LP>0.8445596848024326</LP>
        <BETA>2.4100559373042452</BETA>
      </SubCatchmentVegetationZoneParameters>
    </SubCatchmentVegetationZone>
  </SubCatchment>
</Catchment>