<?xml version="1.0" encoding="utf-8"?>
<Catchment xmlns:xsi="http://www.w3.org/2001/XMLSchema-instance" xmlns:xsd="http://www.w3.org/2001/XMLSchema">
  <CatchmentParameters>
    <KSI>0.001</KSI>
    <KGmin>0.05</KGmin>
    <RangeKG>0.1</RangeKG>
    <AG>0.1</AG>
    <PERC>5.1562303144694113</PERC>
    <Alpha>0</Alpha>
    <UZL>47.650571704631027</UZL>
    <K0>0.35685094864452932</K0>
    <K1>0.762869162616016</K1>
    <K2>0.14999962378362561</K2>
    <MAXBAS>1.3635758058140655</MAXBAS>
    <Cet>0</Cet>
    <PCALT>10</PCALT>
    <TCALT>0.6</TCALT>
    <Pelev>0</Pelev>
    <Telev>0</Telev>
    <PART>0.5</PART>
    <DELAY>1</DELAY>
  </CatchmentParameters>
  <VegetationZone>
    <VegetationZoneParameters>
      <TT>2.3971632674616425</TT>
      <CFMAX>0.50000120678182092</CFMAX>
      <SP>0</SP>
      <SFCF>1.4999996062948122</SFCF>
      <CFR>0.050879097016435941</CFR>
      <CWH>0.10000091399647955</CWH>
      <CFGlacier>1</CFGlacier>
      <CFSlope>1</CFSlope>
      <FC>391.56750247437265</FC>
      <LP>0.96818054187581293</LP>
      <BETA>3.7257978904038906</BETA>
    </VegetationZoneParameters>
  </VegetationZone>
  <SubCatchment>
    <SubCatchmentParameters>
      <KSI>0.001</KSI>
      <KGmin>0.05</KGmin>
      <RangeKG>0.1</RangeKG>
      <AG>0.1</AG>
      <PERC>5.1562303144694113</PERC>
      <Alpha>0</Alpha>
      <UZL>47.650571704631027</UZL>
      <K0>0.35685094864452932</K0>
      <K1>0.762869162616016</K1>
      <K2>0.14999962378362561</K2>
      <MAXBAS>1.3635758058140655</MAXBAS>
      <Cet>0</Cet>
      <PCALT>10</PCALT>
      <TCALT>0.6</TCALT>
      <Pelev>0</Pelev>
      <Telev>0</Telev>
      <PART>0.5</PART>
      <DELAY>1</DELAY>
    </SubCatchmentParameters>
    <SubCatchmentVegetationZone>
      <SubCatchmentVegetationZoneParameters>
        <TT>2.3971632674616425</TT>
        <CFMAX>0.50000120678182092</CFMAX>
        <SP>0</SP>
        <SFCF>1.4999996062948122</SFCF>
        <CFR>0.050879097016435941</CFR>
        <CWH>0.10000091399647955</CWH>
        <CFGlacier>1</CFGlacier>
        <CFSlope>1</CFSlope>
        <FC>391.56750247437265</FC>
        <LP>0.96818054187581293</LP>
        <BETA>3.7257978904038906</BETA>
      </SubCatchmentVegetationZoneParameters>
    </SubCatchmentVegetationZone>
  </SubCatchment>
</Catchment>