<?xml version="1.0" encoding="utf-8"?>
<Catchment xmlns:xsi="http://www.w3.org/2001/XMLSchema-instance" xmlns:xsd="http://www.w3.org/2001/XMLSchema">
  <CatchmentParameters>
    <KSI>0.001</KSI>
    <KGmin>0.05</KGmin>
    <RangeKG>0.1</RangeKG>
    <AG>0.1</AG>
    <PERC>4.3787501585519069</PERC>
    <Alpha>0</Alpha>
    <UZL>155.12265431814728</UZL>
    <K0>0.51106792740014451</K0>
    <K1>0.53407294594366461</K1>
    <K2>0.074728952253927144</K2>
    <MAXBAS>1</MAXBAS>
    <Cet>0</Cet>
    <PCALT>10</PCALT>
    <TCALT>0.6</TCALT>
    <Pelev>0</Pelev>
    <Telev>0</Telev>
    <PART>0.5</PART>
    <DELAY>1</DELAY>
  </CatchmentParameters>
  <VegetationZone>
    <VegetationZoneParameters>
      <TT>1.6683681704853515</TT>
      <CFMAX>0.50792396691369079</CFMAX>
      <SP>0</SP>
      <SFCF>1.1941127409601637</SFCF>
      <CFR>0.049562191367271954</CFR>
      <CWH>0.14682235080248579</CWH>
      <CFGlacier>1</CFGlacier>
      <CFSlope>1</CFSlope>
      <FC>316.726862291936</FC>
      <LP>0.67011419095226954</LP>
      <BETA>2.0460118479932</BETA>
    </VegetationZoneParameters>
  </VegetationZone>
  <SubCatchment>
    <SubCatchmentParameters>
      <KSI>0.001</KSI>
      <KGmin>0.05</KGmin>
      <RangeKG>0.1</RangeKG>
      <AG>0.1</AG>
      <PERC>4.3787501585519069</PERC>
      <Alpha>0</Alpha>
      <UZL>155.12265431814728</UZL>
      <K0>0.51106792740014451</K0>
      <K1>0.53407294594366461</K1>
      <K2>0.074728952253927144</K2>
      <MAXBAS>1</MAXBAS>
      <Cet>0</Cet>
      <PCALT>10</PCALT>
      <TCALT>0.6</TCALT>
      <Pelev>0</Pelev>
      <Telev>0</Telev>
      <PART>0.5</PART>
      <DELAY>1</DELAY>
    </SubCatchmentParameters>
    <SubCatchmentVegetationZone>
      <SubCatchmentVegetationZoneParameters>
        <TT>1.6683681704853515</TT>
        <CFMAX>0.50792396691369079</CFMAX>
        <SP>0</SP>
        <SFCF>1.1941127409601637</SFCF>
        <CFR>0.049562191367271954</CFR>
        <CWH>0.14682235080248579</CWH>
        <CFGlacier>1</CFGlacier>
        <CFSlope>1</CFSlope>
        <FC>316.726862291936</FC>
        <LP>0.67011419095226954</LP>
        <BETA>2.0460118479932</BETA>
      </SubCatchmentVegetationZoneParameters>
    </SubCatchmentVegetationZone>
  </SubCatchment>
</Catchment>