<?xml version="1.0" encoding="utf-8"?>
<Catchment xmlns:xsi="http://www.w3.org/2001/XMLSchema-instance" xmlns:xsd="http://www.w3.org/2001/XMLSchema">
  <CatchmentParameters>
    <KSI>0.001</KSI>
    <KGmin>0.05</KGmin>
    <RangeKG>0.1</RangeKG>
    <AG>0.1</AG>
    <PERC>4.3835287073467031</PERC>
    <Alpha>0</Alpha>
    <UZL>41.889338137732778</UZL>
    <K0>0.59786630877307934</K0>
    <K1>0.56005800225848068</K1>
    <K2>0.073341983597524488</K2>
    <MAXBAS>1</MAXBAS>
    <Cet>0</Cet>
    <PCALT>10</PCALT>
    <TCALT>0.6</TCALT>
    <Pelev>0</Pelev>
    <Telev>0</Telev>
    <PART>0.5</PART>
    <DELAY>1</DELAY>
  </CatchmentParameters>
  <VegetationZone>
    <VegetationZoneParameters>
      <TT>2.0654479955105778</TT>
      <CFMAX>0.50790549892174708</CFMAX>
      <SP>0</SP>
      <SFCF>1.0359267633437239</SFCF>
      <CFR>0.069854805172978818</CFR>
      <CWH>0.19997373804135391</CWH>
      <CFGlacier>1</CFGlacier>
      <CFSlope>1</CFSlope>
      <FC>409.354621155865</FC>
      <LP>0.77117542158634056</LP>
      <BETA>2.2525585059060211</BETA>
    </VegetationZoneParameters>
  </VegetationZone>
  <SubCatchment>
    <SubCatchmentParameters>
      <KSI>0.001</KSI>
      <KGmin>0.05</KGmin>
      <RangeKG>0.1</RangeKG>
      <AG>0.1</AG>
      <PERC>4.3835287073467031</PERC>
      <Alpha>0</Alpha>
      <UZL>41.889338137732778</UZL>
      <K0>0.59786630877307934</K0>
      <K1>0.56005800225848068</K1>
      <K2>0.073341983597524488</K2>
      <MAXBAS>1</MAXBAS>
      <Cet>0</Cet>
      <PCALT>10</PCALT>
      <TCALT>0.6</TCALT>
      <Pelev>0</Pelev>
      <Telev>0</Telev>
      <PART>0.5</PART>
      <DELAY>1</DELAY>
    </SubCatchmentParameters>
    <SubCatchmentVegetationZone>
      <SubCatchmentVegetationZoneParameters>
        <TT>2.0654479955105778</TT>
        <CFMAX>0.50790549892174708</CFMAX>
        <SP>0</SP>
        <SFCF>1.0359267633437239</SFCF>
        <CFR>0.069854805172978818</CFR>
        <CWH>0.19997373804135391</CWH>
        <CFGlacier>1</CFGlacier>
        <CFSlope>1</CFSlope>
        <FC>409.354621155865</FC>
        <LP>0.77117542158634056</LP>
        <BETA>2.2525585059060211</BETA>
      </SubCatchmentVegetationZoneParameters>
    </SubCatchmentVegetationZone>
  </SubCatchment>
</Catchment>