<?xml version="1.0" encoding="utf-8"?>
<Catchment xmlns:xsi="http://www.w3.org/2001/XMLSchema-instance" xmlns:xsd="http://www.w3.org/2001/XMLSchema">
  <CatchmentParameters>
    <KSI>0.001</KSI>
    <KGmin>0.05</KGmin>
    <RangeKG>0.1</RangeKG>
    <AG>0.1</AG>
    <PERC>9.9999926128128536</PERC>
    <Alpha>0</Alpha>
    <UZL>147.92667163949025</UZL>
    <K0>0.47488480532300414</K0>
    <K1>0.45259459247870926</K1>
    <K2>0.088420784221265619</K2>
    <MAXBAS>1.1912395269742209</MAXBAS>
    <Cet>0</Cet>
    <PCALT>10</PCALT>
    <TCALT>0.6</TCALT>
    <Pelev>0</Pelev>
    <Telev>0</Telev>
    <PART>0.5</PART>
    <DELAY>1</DELAY>
  </CatchmentParameters>
  <VegetationZone>
    <VegetationZoneParameters>
      <TT>-1.5145640907416196</TT>
      <CFMAX>4.9993746603216387</CFMAX>
      <SP>0</SP>
      <SFCF>0.500000838694892</SFCF>
      <CFR>0.079762288469343259</CFR>
      <CWH>0.18874872285273187</CWH>
      <CFGlacier>1</CFGlacier>
      <CFSlope>1</CFSlope>
      <FC>83.128882523368759</FC>
      <LP>0.30000014766820265</LP>
      <BETA>2.7480499679042105</BETA>
    </VegetationZoneParameters>
  </VegetationZone>
  <SubCatchment>
    <SubCatchmentParameters>
      <KSI>0.001</KSI>
      <KGmin>0.05</KGmin>
      <RangeKG>0.1</RangeKG>
      <AG>0.1</AG>
      <PERC>9.9999926128128536</PERC>
      <Alpha>0</Alpha>
      <UZL>147.92667163949025</UZL>
      <K0>0.47488480532300414</K0>
      <K1>0.45259459247870926</K1>
      <K2>0.088420784221265619</K2>
      <MAXBAS>1.1912395269742209</MAXBAS>
      <Cet>0</Cet>
      <PCALT>10</PCALT>
      <TCALT>0.6</TCALT>
      <Pelev>0</Pelev>
      <Telev>0</Telev>
      <PART>0.5</PART>
      <DELAY>1</DELAY>
    </SubCatchmentParameters>
    <SubCatchmentVegetationZone>
      <SubCatchmentVegetationZoneParameters>
        <TT>-1.5145640907416196</TT>
        <CFMAX>4.9993746603216387</CFMAX>
        <SP>0</SP>
        <SFCF>0.500000838694892</SFCF>
        <CFR>0.079762288469343259</CFR>
        <CWH>0.18874872285273187</CWH>
        <CFGlacier>1</CFGlacier>
        <CFSlope>1</CFSlope>
        <FC>83.128882523368759</FC>
        <LP>0.30000014766820265</LP>
        <BETA>2.7480499679042105</BETA>
      </SubCatchmentVegetationZoneParameters>
    </SubCatchmentVegetationZone>
  </SubCatchment>
</Catchment>