<?xml version="1.0" encoding="utf-8"?>
<Catchment xmlns:xsi="http://www.w3.org/2001/XMLSchema-instance" xmlns:xsd="http://www.w3.org/2001/XMLSchema">
  <CatchmentParameters>
    <KSI>0.001</KSI>
    <KGmin>0.05</KGmin>
    <RangeKG>0.1</RangeKG>
    <AG>0.1</AG>
    <PERC>5.9647629774706781</PERC>
    <Alpha>0</Alpha>
    <UZL>97.180711712861054</UZL>
    <K0>0.16423937021194346</K0>
    <K1>0.7893773813982814</K1>
    <K2>0.14999995629972754</K2>
    <MAXBAS>1.4030189378386373</MAXBAS>
    <Cet>0</Cet>
    <PCALT>10</PCALT>
    <TCALT>0.6</TCALT>
    <Pelev>0</Pelev>
    <Telev>0</Telev>
    <PART>0.5</PART>
    <DELAY>1</DELAY>
  </CatchmentParameters>
  <VegetationZone>
    <VegetationZoneParameters>
      <TT>2.4037245270618244</TT>
      <CFMAX>0.50333473221708125</CFMAX>
      <SP>0</SP>
      <SFCF>1.4999996382638672</SFCF>
      <CFR>0.022485652270824445</CFR>
      <CWH>0.18099849777751265</CWH>
      <CFGlacier>1</CFGlacier>
      <CFSlope>1</CFSlope>
      <FC>402.08025251153225</FC>
      <LP>0.9670277818858285</LP>
      <BETA>3.2749807166804215</BETA>
    </VegetationZoneParameters>
  </VegetationZone>
  <SubCatchment>
    <SubCatchmentParameters>
      <KSI>0.001</KSI>
      <KGmin>0.05</KGmin>
      <RangeKG>0.1</RangeKG>
      <AG>0.1</AG>
      <PERC>5.9647629774706781</PERC>
      <Alpha>0</Alpha>
      <UZL>97.180711712861054</UZL>
      <K0>0.16423937021194346</K0>
      <K1>0.7893773813982814</K1>
      <K2>0.14999995629972754</K2>
      <MAXBAS>1.4030189378386373</MAXBAS>
      <Cet>0</Cet>
      <PCALT>10</PCALT>
      <TCALT>0.6</TCALT>
      <Pelev>0</Pelev>
      <Telev>0</Telev>
      <PART>0.5</PART>
      <DELAY>1</DELAY>
    </SubCatchmentParameters>
    <SubCatchmentVegetationZone>
      <SubCatchmentVegetationZoneParameters>
        <TT>2.4037245270618244</TT>
        <CFMAX>0.50333473221708125</CFMAX>
        <SP>0</SP>
        <SFCF>1.4999996382638672</SFCF>
        <CFR>0.022485652270824445</CFR>
        <CWH>0.18099849777751265</CWH>
        <CFGlacier>1</CFGlacier>
        <CFSlope>1</CFSlope>
        <FC>402.08025251153225</FC>
        <LP>0.9670277818858285</LP>
        <BETA>3.2749807166804215</BETA>
      </SubCatchmentVegetationZoneParameters>
    </SubCatchmentVegetationZone>
  </SubCatchment>
</Catchment>