<?xml version="1.0" encoding="utf-8"?>
<Catchment xmlns:xsi="http://www.w3.org/2001/XMLSchema-instance" xmlns:xsd="http://www.w3.org/2001/XMLSchema">
  <CatchmentParameters>
    <KSI>0.001</KSI>
    <KGmin>0.05</KGmin>
    <RangeKG>0.1</RangeKG>
    <AG>0.1</AG>
    <PERC>9.95375552535494</PERC>
    <Alpha>0</Alpha>
    <UZL>3.6594160954990009</UZL>
    <K0>0.1907696987267567</K0>
    <K1>0.42346153680421561</K1>
    <K2>0.14999876677599006</K2>
    <MAXBAS>1.3388919882152257</MAXBAS>
    <Cet>0</Cet>
    <PCALT>10</PCALT>
    <TCALT>0.6</TCALT>
    <Pelev>0</Pelev>
    <Telev>0</Telev>
    <PART>0.5</PART>
    <DELAY>1</DELAY>
  </CatchmentParameters>
  <VegetationZone>
    <VegetationZoneParameters>
      <TT>0.71619033033959389</TT>
      <CFMAX>3.1716964118705127</CFMAX>
      <SP>0</SP>
      <SFCF>0.50008784770831871</SFCF>
      <CFR>0.071240825184093234</CFR>
      <CWH>0.10000925327792865</CWH>
      <CFGlacier>1</CFGlacier>
      <CFSlope>1</CFSlope>
      <FC>101.4423824911116</FC>
      <LP>0.30000000000528826</LP>
      <BETA>2.3399879339581626</BETA>
    </VegetationZoneParameters>
  </VegetationZone>
  <SubCatchment>
    <SubCatchmentParameters>
      <KSI>0.001</KSI>
      <KGmin>0.05</KGmin>
      <RangeKG>0.1</RangeKG>
      <AG>0.1</AG>
      <PERC>9.95375552535494</PERC>
      <Alpha>0</Alpha>
      <UZL>3.6594160954990009</UZL>
      <K0>0.1907696987267567</K0>
      <K1>0.42346153680421561</K1>
      <K2>0.14999876677599006</K2>
      <MAXBAS>1.3388919882152257</MAXBAS>
      <Cet>0</Cet>
      <PCALT>10</PCALT>
      <TCALT>0.6</TCALT>
      <Pelev>0</Pelev>
      <Telev>0</Telev>
      <PART>0.5</PART>
      <DELAY>1</DELAY>
    </SubCatchmentParameters>
    <SubCatchmentVegetationZone>
      <SubCatchmentVegetationZoneParameters>
        <TT>0.71619033033959389</TT>
        <CFMAX>3.1716964118705127</CFMAX>
        <SP>0</SP>
        <SFCF>0.50008784770831871</SFCF>
        <CFR>0.071240825184093234</CFR>
        <CWH>0.10000925327792865</CWH>
        <CFGlacier>1</CFGlacier>
        <CFSlope>1</CFSlope>
        <FC>101.4423824911116</FC>
        <LP>0.30000000000528826</LP>
        <BETA>2.3399879339581626</BETA>
      </SubCatchmentVegetationZoneParameters>
    </SubCatchmentVegetationZone>
  </SubCatchment>
</Catchment>