<?xml version="1.0" encoding="utf-8"?>
<Catchment xmlns:xsi="http://www.w3.org/2001/XMLSchema-instance" xmlns:xsd="http://www.w3.org/2001/XMLSchema">
  <CatchmentParameters>
    <KSI>0.001</KSI>
    <KGmin>0.05</KGmin>
    <RangeKG>0.1</RangeKG>
    <AG>0.1</AG>
    <PERC>8.6349148004343235</PERC>
    <Alpha>0</Alpha>
    <UZL>22.767834608102273</UZL>
    <K0>0.9899987941393541</K0>
    <K1>0.45437204744414578</K1>
    <K2>0.1499989156597725</K2>
    <MAXBAS>1.176644994626231</MAXBAS>
    <Cet>0</Cet>
    <PCALT>10</PCALT>
    <TCALT>0.6</TCALT>
    <Pelev>0</Pelev>
    <Telev>0</Telev>
    <PART>0.5</PART>
    <DELAY>1</DELAY>
  </CatchmentParameters>
  <VegetationZone>
    <VegetationZoneParameters>
      <TT>1.299017502299457</TT>
      <CFMAX>4.9995976841338319</CFMAX>
      <SP>0</SP>
      <SFCF>0.50012514123889751</SFCF>
      <CFR>0.03801463368635237</CFR>
      <CWH>0.10001989737879496</CWH>
      <CFGlacier>1</CFGlacier>
      <CFSlope>1</CFSlope>
      <FC>113.50714070476495</FC>
      <LP>0.30000003597429925</LP>
      <BETA>1.9606610515725307</BETA>
    </VegetationZoneParameters>
  </VegetationZone>
  <SubCatchment>
    <SubCatchmentParameters>
      <KSI>0.001</KSI>
      <KGmin>0.05</KGmin>
      <RangeKG>0.1</RangeKG>
      <AG>0.1</AG>
      <PERC>8.6349148004343235</PERC>
      <Alpha>0</Alpha>
      <UZL>22.767834608102273</UZL>
      <K0>0.9899987941393541</K0>
      <K1>0.45437204744414578</K1>
      <K2>0.1499989156597725</K2>
      <MAXBAS>1.176644994626231</MAXBAS>
      <Cet>0</Cet>
      <PCALT>10</PCALT>
      <TCALT>0.6</TCALT>
      <Pelev>0</Pelev>
      <Telev>0</Telev>
      <PART>0.5</PART>
      <DELAY>1</DELAY>
    </SubCatchmentParameters>
    <SubCatchmentVegetationZone>
      <SubCatchmentVegetationZoneParameters>
        <TT>1.299017502299457</TT>
        <CFMAX>4.9995976841338319</CFMAX>
        <SP>0</SP>
        <SFCF>0.50012514123889751</SFCF>
        <CFR>0.03801463368635237</CFR>
        <CWH>0.10001989737879496</CWH>
        <CFGlacier>1</CFGlacier>
        <CFSlope>1</CFSlope>
        <FC>113.50714070476495</FC>
        <LP>0.30000003597429925</LP>
        <BETA>1.9606610515725307</BETA>
      </SubCatchmentVegetationZoneParameters>
    </SubCatchmentVegetationZone>
  </SubCatchment>
</Catchment>