<?xml version="1.0" encoding="utf-8"?>
<Catchment xmlns:xsi="http://www.w3.org/2001/XMLSchema-instance" xmlns:xsd="http://www.w3.org/2001/XMLSchema">
  <CatchmentParameters>
    <KSI>0.001</KSI>
    <KGmin>0.05</KGmin>
    <RangeKG>0.1</RangeKG>
    <AG>0.1</AG>
    <PERC>5.3282259544863644</PERC>
    <Alpha>0</Alpha>
    <UZL>139.62191689399742</UZL>
    <K0>0.4749911364253171</K0>
    <K1>0.65988648809026318</K1>
    <K2>0.14999999987214052</K2>
    <MAXBAS>1.265685165802467</MAXBAS>
    <Cet>0</Cet>
    <PCALT>10</PCALT>
    <TCALT>0.6</TCALT>
    <Pelev>0</Pelev>
    <Telev>0</Telev>
    <PART>0.5</PART>
    <DELAY>1</DELAY>
  </CatchmentParameters>
  <VegetationZone>
    <VegetationZoneParameters>
      <TT>2.43132789214517</TT>
      <CFMAX>0.52690370264041453</CFMAX>
      <SP>0</SP>
      <SFCF>1.4999975484034043</SFCF>
      <CFR>0.0099585865160835632</CFR>
      <CWH>0.1000015756571057</CWH>
      <CFGlacier>1</CFGlacier>
      <CFSlope>1</CFSlope>
      <FC>440.5445958196168</FC>
      <LP>0.9334012384445256</LP>
      <BETA>3.0223053420218258</BETA>
    </VegetationZoneParameters>
  </VegetationZone>
  <SubCatchment>
    <SubCatchmentParameters>
      <KSI>0.001</KSI>
      <KGmin>0.05</KGmin>
      <RangeKG>0.1</RangeKG>
      <AG>0.1</AG>
      <PERC>5.3282259544863644</PERC>
      <Alpha>0</Alpha>
      <UZL>139.62191689399742</UZL>
      <K0>0.4749911364253171</K0>
      <K1>0.65988648809026318</K1>
      <K2>0.14999999987214052</K2>
      <MAXBAS>1.265685165802467</MAXBAS>
      <Cet>0</Cet>
      <PCALT>10</PCALT>
      <TCALT>0.6</TCALT>
      <Pelev>0</Pelev>
      <Telev>0</Telev>
      <PART>0.5</PART>
      <DELAY>1</DELAY>
    </SubCatchmentParameters>
    <SubCatchmentVegetationZone>
      <SubCatchmentVegetationZoneParameters>
        <TT>2.43132789214517</TT>
        <CFMAX>0.52690370264041453</CFMAX>
        <SP>0</SP>
        <SFCF>1.4999975484034043</SFCF>
        <CFR>0.0099585865160835632</CFR>
        <CWH>0.1000015756571057</CWH>
        <CFGlacier>1</CFGlacier>
        <CFSlope>1</CFSlope>
        <FC>440.5445958196168</FC>
        <LP>0.9334012384445256</LP>
        <BETA>3.0223053420218258</BETA>
      </SubCatchmentVegetationZoneParameters>
    </SubCatchmentVegetationZone>
  </SubCatchment>
</Catchment>