<?xml version="1.0" encoding="utf-8"?>
<Catchment xmlns:xsi="http://www.w3.org/2001/XMLSchema-instance" xmlns:xsd="http://www.w3.org/2001/XMLSchema">
  <CatchmentParameters>
    <KSI>0.001</KSI>
    <KGmin>0.05</KGmin>
    <RangeKG>0.1</RangeKG>
    <AG>0.1</AG>
    <PERC>9.99998591856736</PERC>
    <Alpha>0</Alpha>
    <UZL>154.88565196045917</UZL>
    <K0>0.26047821465721466</K0>
    <K1>0.49788794395986224</K1>
    <K2>0.10159490575037616</K2>
    <MAXBAS>1.2668322316975653</MAXBAS>
    <Cet>0</Cet>
    <PCALT>10</PCALT>
    <TCALT>0.6</TCALT>
    <Pelev>0</Pelev>
    <Telev>0</Telev>
    <PART>0.5</PART>
    <DELAY>1</DELAY>
  </CatchmentParameters>
  <VegetationZone>
    <VegetationZoneParameters>
      <TT>1.283972319449368</TT>
      <CFMAX>4.6676869386474591</CFMAX>
      <SP>0</SP>
      <SFCF>0.50017085305110409</SFCF>
      <CFR>0.051373664127798188</CFR>
      <CWH>0.10000822283581255</CWH>
      <CFGlacier>1</CFGlacier>
      <CFSlope>1</CFSlope>
      <FC>85.507053577242957</FC>
      <LP>0.30000008436283959</LP>
      <BETA>2.5855256452301369</BETA>
    </VegetationZoneParameters>
  </VegetationZone>
  <SubCatchment>
    <SubCatchmentParameters>
      <KSI>0.001</KSI>
      <KGmin>0.05</KGmin>
      <RangeKG>0.1</RangeKG>
      <AG>0.1</AG>
      <PERC>9.99998591856736</PERC>
      <Alpha>0</Alpha>
      <UZL>154.88565196045917</UZL>
      <K0>0.26047821465721466</K0>
      <K1>0.49788794395986224</K1>
      <K2>0.10159490575037616</K2>
      <MAXBAS>1.2668322316975653</MAXBAS>
      <Cet>0</Cet>
      <PCALT>10</PCALT>
      <TCALT>0.6</TCALT>
      <Pelev>0</Pelev>
      <Telev>0</Telev>
      <PART>0.5</PART>
      <DELAY>1</DELAY>
    </SubCatchmentParameters>
    <SubCatchmentVegetationZone>
      <SubCatchmentVegetationZoneParameters>
        <TT>1.283972319449368</TT>
        <CFMAX>4.6676869386474591</CFMAX>
        <SP>0</SP>
        <SFCF>0.50017085305110409</SFCF>
        <CFR>0.051373664127798188</CFR>
        <CWH>0.10000822283581255</CWH>
        <CFGlacier>1</CFGlacier>
        <CFSlope>1</CFSlope>
        <FC>85.507053577242957</FC>
        <LP>0.30000008436283959</LP>
        <BETA>2.5855256452301369</BETA>
      </SubCatchmentVegetationZoneParameters>
    </SubCatchmentVegetationZone>
  </SubCatchment>
</Catchment>