<?xml version="1.0" encoding="utf-8"?>
<Catchment xmlns:xsi="http://www.w3.org/2001/XMLSchema-instance" xmlns:xsd="http://www.w3.org/2001/XMLSchema">
  <CatchmentParameters>
    <KSI>0.001</KSI>
    <KGmin>0.05</KGmin>
    <RangeKG>0.1</RangeKG>
    <AG>0.1</AG>
    <PERC>9.9999897018765918</PERC>
    <Alpha>0</Alpha>
    <UZL>81.325225797521071</UZL>
    <K0>0.58699613634030778</K0>
    <K1>0.44134207665146957</K1>
    <K2>0.087482638846487576</K2>
    <MAXBAS>1.1839378573309063</MAXBAS>
    <Cet>0</Cet>
    <PCALT>10</PCALT>
    <TCALT>0.6</TCALT>
    <Pelev>0</Pelev>
    <Telev>0</Telev>
    <PART>0.5</PART>
    <DELAY>1</DELAY>
  </CatchmentParameters>
  <VegetationZone>
    <VegetationZoneParameters>
      <TT>1.3018671561673909</TT>
      <CFMAX>4.9998483622514494</CFMAX>
      <SP>0</SP>
      <SFCF>0.500000000001614</SFCF>
      <CFR>0.070081039547038079</CFR>
      <CWH>0.10000978063361551</CWH>
      <CFGlacier>1</CFGlacier>
      <CFSlope>1</CFSlope>
      <FC>78.8142597502103</FC>
      <LP>0.30000019069549516</LP>
      <BETA>2.7375276557431434</BETA>
    </VegetationZoneParameters>
  </VegetationZone>
  <SubCatchment>
    <SubCatchmentParameters>
      <KSI>0.001</KSI>
      <KGmin>0.05</KGmin>
      <RangeKG>0.1</RangeKG>
      <AG>0.1</AG>
      <PERC>9.9999897018765918</PERC>
      <Alpha>0</Alpha>
      <UZL>81.325225797521071</UZL>
      <K0>0.58699613634030778</K0>
      <K1>0.44134207665146957</K1>
      <K2>0.087482638846487576</K2>
      <MAXBAS>1.1839378573309063</MAXBAS>
      <Cet>0</Cet>
      <PCALT>10</PCALT>
      <TCALT>0.6</TCALT>
      <Pelev>0</Pelev>
      <Telev>0</Telev>
      <PART>0.5</PART>
      <DELAY>1</DELAY>
    </SubCatchmentParameters>
    <SubCatchmentVegetationZone>
      <SubCatchmentVegetationZoneParameters>
        <TT>1.3018671561673909</TT>
        <CFMAX>4.9998483622514494</CFMAX>
        <SP>0</SP>
        <SFCF>0.500000000001614</SFCF>
        <CFR>0.070081039547038079</CFR>
        <CWH>0.10000978063361551</CWH>
        <CFGlacier>1</CFGlacier>
        <CFSlope>1</CFSlope>
        <FC>78.8142597502103</FC>
        <LP>0.30000019069549516</LP>
        <BETA>2.7375276557431434</BETA>
      </SubCatchmentVegetationZoneParameters>
    </SubCatchmentVegetationZone>
  </SubCatchment>
</Catchment>