<?xml version="1.0" encoding="utf-8"?>
<Catchment xmlns:xsi="http://www.w3.org/2001/XMLSchema-instance" xmlns:xsd="http://www.w3.org/2001/XMLSchema">
  <CatchmentParameters>
    <KSI>0.001</KSI>
    <KGmin>0.05</KGmin>
    <RangeKG>0.1</RangeKG>
    <AG>0.1</AG>
    <PERC>0.80867452878973078</PERC>
    <Alpha>0</Alpha>
    <UZL>10.442444938482625</UZL>
    <K0>0.98999911750745184</K0>
    <K1>0.088526465339733518</K1>
    <K2>0.14999944272228744</K2>
    <MAXBAS>1.4615221878509237</MAXBAS>
    <Cet>0</Cet>
    <PCALT>10</PCALT>
    <TCALT>0.6</TCALT>
    <Pelev>0</Pelev>
    <Telev>0</Telev>
    <PART>0.5</PART>
    <DELAY>1</DELAY>
  </CatchmentParameters>
  <VegetationZone>
    <VegetationZoneParameters>
      <TT>2.4873516559614868</TT>
      <CFMAX>0.51971068597863046</CFMAX>
      <SP>0</SP>
      <SFCF>1.4999995836003879</SFCF>
      <CFR>0.080337799116236272</CFR>
      <CWH>0.10001323715539986</CWH>
      <CFGlacier>1</CFGlacier>
      <CFSlope>1</CFSlope>
      <FC>498.98052439555875</FC>
      <LP>0.87546507153454878</LP>
      <BETA>2.6508643895784787</BETA>
    </VegetationZoneParameters>
  </VegetationZone>
  <SubCatchment>
    <SubCatchmentParameters>
      <KSI>0.001</KSI>
      <KGmin>0.05</KGmin>
      <RangeKG>0.1</RangeKG>
      <AG>0.1</AG>
      <PERC>0.80867452878973078</PERC>
      <Alpha>0</Alpha>
      <UZL>10.442444938482625</UZL>
      <K0>0.98999911750745184</K0>
      <K1>0.088526465339733518</K1>
      <K2>0.14999944272228744</K2>
      <MAXBAS>1.4615221878509237</MAXBAS>
      <Cet>0</Cet>
      <PCALT>10</PCALT>
      <TCALT>0.6</TCALT>
      <Pelev>0</Pelev>
      <Telev>0</Telev>
      <PART>0.5</PART>
      <DELAY>1</DELAY>
    </SubCatchmentParameters>
    <SubCatchmentVegetationZone>
      <SubCatchmentVegetationZoneParameters>
        <TT>2.4873516559614868</TT>
        <CFMAX>0.51971068597863046</CFMAX>
        <SP>0</SP>
        <SFCF>1.4999995836003879</SFCF>
        <CFR>0.080337799116236272</CFR>
        <CWH>0.10001323715539986</CWH>
        <CFGlacier>1</CFGlacier>
        <CFSlope>1</CFSlope>
        <FC>498.98052439555875</FC>
        <LP>0.87546507153454878</LP>
        <BETA>2.6508643895784787</BETA>
      </SubCatchmentVegetationZoneParameters>
    </SubCatchmentVegetationZone>
  </SubCatchment>
</Catchment>