<?xml version="1.0" encoding="utf-8"?>
<Catchment xmlns:xsi="http://www.w3.org/2001/XMLSchema-instance" xmlns:xsd="http://www.w3.org/2001/XMLSchema">
  <CatchmentParameters>
    <KSI>0.001</KSI>
    <KGmin>0.05</KGmin>
    <RangeKG>0.1</RangeKG>
    <AG>0.1</AG>
    <PERC>4.4456042121835742</PERC>
    <Alpha>0</Alpha>
    <UZL>70.292807725258655</UZL>
    <K0>0.56903886020833916</K0>
    <K1>0.55057054733306021</K1>
    <K2>0.072389335630483692</K2>
    <MAXBAS>1</MAXBAS>
    <Cet>0</Cet>
    <PCALT>10</PCALT>
    <TCALT>0.6</TCALT>
    <Pelev>0</Pelev>
    <Telev>0</Telev>
    <PART>0.5</PART>
    <DELAY>1</DELAY>
  </CatchmentParameters>
  <VegetationZone>
    <VegetationZoneParameters>
      <TT>2.4999917501891815</TT>
      <CFMAX>0.50953038326998557</CFMAX>
      <SP>0</SP>
      <SFCF>0.95302612576806234</SFCF>
      <CFR>0.047244149113212563</CFR>
      <CWH>0.10498525448682868</CWH>
      <CFGlacier>1</CFGlacier>
      <CFSlope>1</CFSlope>
      <FC>353.25588432659356</FC>
      <LP>0.885623159016008</LP>
      <BETA>2.7982393630381708</BETA>
    </VegetationZoneParameters>
  </VegetationZone>
  <SubCatchment>
    <SubCatchmentParameters>
      <KSI>0.001</KSI>
      <KGmin>0.05</KGmin>
      <RangeKG>0.1</RangeKG>
      <AG>0.1</AG>
      <PERC>4.4456042121835742</PERC>
      <Alpha>0</Alpha>
      <UZL>70.292807725258655</UZL>
      <K0>0.56903886020833916</K0>
      <K1>0.55057054733306021</K1>
      <K2>0.072389335630483692</K2>
      <MAXBAS>1</MAXBAS>
      <Cet>0</Cet>
      <PCALT>10</PCALT>
      <TCALT>0.6</TCALT>
      <Pelev>0</Pelev>
      <Telev>0</Telev>
      <PART>0.5</PART>
      <DELAY>1</DELAY>
    </SubCatchmentParameters>
    <SubCatchmentVegetationZone>
      <SubCatchmentVegetationZoneParameters>
        <TT>2.4999917501891815</TT>
        <CFMAX>0.50953038326998557</CFMAX>
        <SP>0</SP>
        <SFCF>0.95302612576806234</SFCF>
        <CFR>0.047244149113212563</CFR>
        <CWH>0.10498525448682868</CWH>
        <CFGlacier>1</CFGlacier>
        <CFSlope>1</CFSlope>
        <FC>353.25588432659356</FC>
        <LP>0.885623159016008</LP>
        <BETA>2.7982393630381708</BETA>
      </SubCatchmentVegetationZoneParameters>
    </SubCatchmentVegetationZone>
  </SubCatchment>
</Catchment>