<?xml version="1.0" encoding="utf-8"?>
<Catchment xmlns:xsi="http://www.w3.org/2001/XMLSchema-instance" xmlns:xsd="http://www.w3.org/2001/XMLSchema">
  <CatchmentParameters>
    <KSI>0.001</KSI>
    <KGmin>0.05</KGmin>
    <RangeKG>0.1</RangeKG>
    <AG>0.1</AG>
    <PERC>5.1499103404878985</PERC>
    <Alpha>0</Alpha>
    <UZL>133.97563540089814</UZL>
    <K0>0.57203051324584808</K0>
    <K1>0.76672653301792482</K1>
    <K2>0.14999971994951175</K2>
    <MAXBAS>1.4074259934725073</MAXBAS>
    <Cet>0</Cet>
    <PCALT>10</PCALT>
    <TCALT>0.6</TCALT>
    <Pelev>0</Pelev>
    <Telev>0</Telev>
    <PART>0.5</PART>
    <DELAY>1</DELAY>
  </CatchmentParameters>
  <VegetationZone>
    <VegetationZoneParameters>
      <TT>2.3807083514000018</TT>
      <CFMAX>0.501660637595906</CFMAX>
      <SP>0</SP>
      <SFCF>1.4999999996516042</SFCF>
      <CFR>0.036474755461233438</CFR>
      <CWH>0.17351542210657597</CWH>
      <CFGlacier>1</CFGlacier>
      <CFSlope>1</CFSlope>
      <FC>420.1825573950016</FC>
      <LP>0.8548991192617823</LP>
      <BETA>2.8306288399343611</BETA>
    </VegetationZoneParameters>
  </VegetationZone>
  <SubCatchment>
    <SubCatchmentParameters>
      <KSI>0.001</KSI>
      <KGmin>0.05</KGmin>
      <RangeKG>0.1</RangeKG>
      <AG>0.1</AG>
      <PERC>5.1499103404878985</PERC>
      <Alpha>0</Alpha>
      <UZL>133.97563540089814</UZL>
      <K0>0.57203051324584808</K0>
      <K1>0.76672653301792482</K1>
      <K2>0.14999971994951175</K2>
      <MAXBAS>1.4074259934725073</MAXBAS>
      <Cet>0</Cet>
      <PCALT>10</PCALT>
      <TCALT>0.6</TCALT>
      <Pelev>0</Pelev>
      <Telev>0</Telev>
      <PART>0.5</PART>
      <DELAY>1</DELAY>
    </SubCatchmentParameters>
    <SubCatchmentVegetationZone>
      <SubCatchmentVegetationZoneParameters>
        <TT>2.3807083514000018</TT>
        <CFMAX>0.501660637595906</CFMAX>
        <SP>0</SP>
        <SFCF>1.4999999996516042</SFCF>
        <CFR>0.036474755461233438</CFR>
        <CWH>0.17351542210657597</CWH>
        <CFGlacier>1</CFGlacier>
        <CFSlope>1</CFSlope>
        <FC>420.1825573950016</FC>
        <LP>0.8548991192617823</LP>
        <BETA>2.8306288399343611</BETA>
      </SubCatchmentVegetationZoneParameters>
    </SubCatchmentVegetationZone>
  </SubCatchment>
</Catchment>