<?xml version="1.0" encoding="utf-8"?>
<Catchment xmlns:xsi="http://www.w3.org/2001/XMLSchema-instance" xmlns:xsd="http://www.w3.org/2001/XMLSchema">
  <CatchmentParameters>
    <KSI>0.001</KSI>
    <KGmin>0.05</KGmin>
    <RangeKG>0.1</RangeKG>
    <AG>0.1</AG>
    <PERC>5.2998013071945094</PERC>
    <Alpha>0</Alpha>
    <UZL>84.329463680329127</UZL>
    <K0>0.27416973186815186</K0>
    <K1>0.77607203263618318</K1>
    <K2>0.14999967809340004</K2>
    <MAXBAS>1.393005474755135</MAXBAS>
    <Cet>0</Cet>
    <PCALT>10</PCALT>
    <TCALT>0.6</TCALT>
    <Pelev>0</Pelev>
    <Telev>0</Telev>
    <PART>0.5</PART>
    <DELAY>1</DELAY>
  </CatchmentParameters>
  <VegetationZone>
    <VegetationZoneParameters>
      <TT>2.460786387831583</TT>
      <CFMAX>0.515318610995474</CFMAX>
      <SP>0</SP>
      <SFCF>1.4999985355470491</SFCF>
      <CFR>0.066605633227371924</CFR>
      <CWH>0.11785690100949649</CWH>
      <CFGlacier>1</CFGlacier>
      <CFSlope>1</CFSlope>
      <FC>406.8501668027863</FC>
      <LP>0.91223834958928907</LP>
      <BETA>3.1225628561691305</BETA>
    </VegetationZoneParameters>
  </VegetationZone>
  <SubCatchment>
    <SubCatchmentParameters>
      <KSI>0.001</KSI>
      <KGmin>0.05</KGmin>
      <RangeKG>0.1</RangeKG>
      <AG>0.1</AG>
      <PERC>5.2998013071945094</PERC>
      <Alpha>0</Alpha>
      <UZL>84.329463680329127</UZL>
      <K0>0.27416973186815186</K0>
      <K1>0.77607203263618318</K1>
      <K2>0.14999967809340004</K2>
      <MAXBAS>1.393005474755135</MAXBAS>
      <Cet>0</Cet>
      <PCALT>10</PCALT>
      <TCALT>0.6</TCALT>
      <Pelev>0</Pelev>
      <Telev>0</Telev>
      <PART>0.5</PART>
      <DELAY>1</DELAY>
    </SubCatchmentParameters>
    <SubCatchmentVegetationZone>
      <SubCatchmentVegetationZoneParameters>
        <TT>2.460786387831583</TT>
        <CFMAX>0.515318610995474</CFMAX>
        <SP>0</SP>
        <SFCF>1.4999985355470491</SFCF>
        <CFR>0.066605633227371924</CFR>
        <CWH>0.11785690100949649</CWH>
        <CFGlacier>1</CFGlacier>
        <CFSlope>1</CFSlope>
        <FC>406.8501668027863</FC>
        <LP>0.91223834958928907</LP>
        <BETA>3.1225628561691305</BETA>
      </SubCatchmentVegetationZoneParameters>
    </SubCatchmentVegetationZone>
  </SubCatchment>
</Catchment>