<?xml version="1.0" encoding="utf-8"?>
<Catchment xmlns:xsi="http://www.w3.org/2001/XMLSchema-instance" xmlns:xsd="http://www.w3.org/2001/XMLSchema">
  <CatchmentParameters>
    <KSI>0.001</KSI>
    <KGmin>0.05</KGmin>
    <RangeKG>0.1</RangeKG>
    <AG>0.1</AG>
    <PERC>6.1372605324482636</PERC>
    <Alpha>0</Alpha>
    <UZL>83.978714046923841</UZL>
    <K0>0.20854647223378198</K0>
    <K1>0.73694698687970228</K1>
    <K2>0.14999998937828113</K2>
    <MAXBAS>1.370163828132096</MAXBAS>
    <Cet>0</Cet>
    <PCALT>10</PCALT>
    <TCALT>0.6</TCALT>
    <Pelev>0</Pelev>
    <Telev>0</Telev>
    <PART>0.5</PART>
    <DELAY>1</DELAY>
  </CatchmentParameters>
  <VegetationZone>
    <VegetationZoneParameters>
      <TT>2.3916728563492664</TT>
      <CFMAX>0.50005674753619656</CFMAX>
      <SP>0</SP>
      <SFCF>1.499998691660837</SFCF>
      <CFR>0.030017540284554386</CFR>
      <CWH>0.13647763651056291</CWH>
      <CFGlacier>1</CFGlacier>
      <CFSlope>1</CFSlope>
      <FC>423.12928346491861</FC>
      <LP>0.93625452990332925</LP>
      <BETA>2.9094063777784194</BETA>
    </VegetationZoneParameters>
  </VegetationZone>
  <SubCatchment>
    <SubCatchmentParameters>
      <KSI>0.001</KSI>
      <KGmin>0.05</KGmin>
      <RangeKG>0.1</RangeKG>
      <AG>0.1</AG>
      <PERC>6.1372605324482636</PERC>
      <Alpha>0</Alpha>
      <UZL>83.978714046923841</UZL>
      <K0>0.20854647223378198</K0>
      <K1>0.73694698687970228</K1>
      <K2>0.14999998937828113</K2>
      <MAXBAS>1.370163828132096</MAXBAS>
      <Cet>0</Cet>
      <PCALT>10</PCALT>
      <TCALT>0.6</TCALT>
      <Pelev>0</Pelev>
      <Telev>0</Telev>
      <PART>0.5</PART>
      <DELAY>1</DELAY>
    </SubCatchmentParameters>
    <SubCatchmentVegetationZone>
      <SubCatchmentVegetationZoneParameters>
        <TT>2.3916728563492664</TT>
        <CFMAX>0.50005674753619656</CFMAX>
        <SP>0</SP>
        <SFCF>1.499998691660837</SFCF>
        <CFR>0.030017540284554386</CFR>
        <CWH>0.13647763651056291</CWH>
        <CFGlacier>1</CFGlacier>
        <CFSlope>1</CFSlope>
        <FC>423.12928346491861</FC>
        <LP>0.93625452990332925</LP>
        <BETA>2.9094063777784194</BETA>
      </SubCatchmentVegetationZoneParameters>
    </SubCatchmentVegetationZone>
  </SubCatchment>
</Catchment>