<?xml version="1.0" encoding="utf-8"?>
<Catchment xmlns:xsi="http://www.w3.org/2001/XMLSchema-instance" xmlns:xsd="http://www.w3.org/2001/XMLSchema">
  <CatchmentParameters>
    <KSI>0.001</KSI>
    <KGmin>0.05</KGmin>
    <RangeKG>0.1</RangeKG>
    <AG>0.1</AG>
    <PERC>1.0429370466842263</PERC>
    <Alpha>0</Alpha>
    <UZL>7.483606584179479</UZL>
    <K0>0.78400436500552217</K0>
    <K1>0.010000270111734747</K1>
    <K2>0.069332833939074148</K2>
    <MAXBAS>1</MAXBAS>
    <Cet>0</Cet>
    <PCALT>10</PCALT>
    <TCALT>0.6</TCALT>
    <Pelev>0</Pelev>
    <Telev>0</Telev>
    <PART>0.5</PART>
    <DELAY>1</DELAY>
  </CatchmentParameters>
  <VegetationZone>
    <VegetationZoneParameters>
      <TT>1.0109846443426676</TT>
      <CFMAX>0.50000044382281239</CFMAX>
      <SP>0</SP>
      <SFCF>0.951536071959723</SFCF>
      <CFR>0.095840672219384609</CFR>
      <CWH>0.1999982564320395</CWH>
      <CFGlacier>1</CFGlacier>
      <CFSlope>1</CFSlope>
      <FC>2173.6232656597904</FC>
      <LP>0.84133609653749386</LP>
      <BETA>2.7730608766805958</BETA>
    </VegetationZoneParameters>
  </VegetationZone>
  <SubCatchment>
    <SubCatchmentParameters>
      <KSI>0.001</KSI>
      <KGmin>0.05</KGmin>
      <RangeKG>0.1</RangeKG>
      <AG>0.1</AG>
      <PERC>1.0429370466842263</PERC>
      <Alpha>0</Alpha>
      <UZL>7.483606584179479</UZL>
      <K0>0.78400436500552217</K0>
      <K1>0.010000270111734747</K1>
      <K2>0.069332833939074148</K2>
      <MAXBAS>1</MAXBAS>
      <Cet>0</Cet>
      <PCALT>10</PCALT>
      <TCALT>0.6</TCALT>
      <Pelev>0</Pelev>
      <Telev>0</Telev>
      <PART>0.5</PART>
      <DELAY>1</DELAY>
    </SubCatchmentParameters>
    <SubCatchmentVegetationZone>
      <SubCatchmentVegetationZoneParameters>
        <TT>1.0109846443426676</TT>
        <CFMAX>0.50000044382281239</CFMAX>
        <SP>0</SP>
        <SFCF>0.951536071959723</SFCF>
        <CFR>0.095840672219384609</CFR>
        <CWH>0.1999982564320395</CWH>
        <CFGlacier>1</CFGlacier>
        <CFSlope>1</CFSlope>
        <FC>2173.6232656597904</FC>
        <LP>0.84133609653749386</LP>
        <BETA>2.7730608766805958</BETA>
      </SubCatchmentVegetationZoneParameters>
    </SubCatchmentVegetationZone>
  </SubCatchment>
</Catchment>