<?xml version="1.0" encoding="utf-8"?>
<Catchment xmlns:xsi="http://www.w3.org/2001/XMLSchema-instance" xmlns:xsd="http://www.w3.org/2001/XMLSchema">
  <CatchmentParameters>
    <KSI>0.001</KSI>
    <KGmin>0.05</KGmin>
    <RangeKG>0.1</RangeKG>
    <AG>0.1</AG>
    <PERC>7.0177113020993653</PERC>
    <Alpha>0</Alpha>
    <UZL>119.27268860872562</UZL>
    <K0>0.51460580720005156</K0>
    <K1>0.5850475418216492</K1>
    <K2>0.14999996981157968</K2>
    <MAXBAS>1.2517434683797273</MAXBAS>
    <Cet>0</Cet>
    <PCALT>10</PCALT>
    <TCALT>0.6</TCALT>
    <Pelev>0</Pelev>
    <Telev>0</Telev>
    <PART>0.5</PART>
    <DELAY>1</DELAY>
  </CatchmentParameters>
  <VegetationZone>
    <VegetationZoneParameters>
      <TT>1.0314299368978739</TT>
      <CFMAX>2.288533778053369</CFMAX>
      <SP>0</SP>
      <SFCF>0.52044547710835876</SFCF>
      <CFR>0.056541191302833277</CFR>
      <CWH>0.10000518740205368</CWH>
      <CFGlacier>1</CFGlacier>
      <CFSlope>1</CFSlope>
      <FC>130.15330925209412</FC>
      <LP>0.30000000002310928</LP>
      <BETA>1.9759349441736858</BETA>
    </VegetationZoneParameters>
  </VegetationZone>
  <SubCatchment>
    <SubCatchmentParameters>
      <KSI>0.001</KSI>
      <KGmin>0.05</KGmin>
      <RangeKG>0.1</RangeKG>
      <AG>0.1</AG>
      <PERC>7.0177113020993653</PERC>
      <Alpha>0</Alpha>
      <UZL>119.27268860872562</UZL>
      <K0>0.51460580720005156</K0>
      <K1>0.5850475418216492</K1>
      <K2>0.14999996981157968</K2>
      <MAXBAS>1.2517434683797273</MAXBAS>
      <Cet>0</Cet>
      <PCALT>10</PCALT>
      <TCALT>0.6</TCALT>
      <Pelev>0</Pelev>
      <Telev>0</Telev>
      <PART>0.5</PART>
      <DELAY>1</DELAY>
    </SubCatchmentParameters>
    <SubCatchmentVegetationZone>
      <SubCatchmentVegetationZoneParameters>
        <TT>1.0314299368978739</TT>
        <CFMAX>2.288533778053369</CFMAX>
        <SP>0</SP>
        <SFCF>0.52044547710835876</SFCF>
        <CFR>0.056541191302833277</CFR>
        <CWH>0.10000518740205368</CWH>
        <CFGlacier>1</CFGlacier>
        <CFSlope>1</CFSlope>
        <FC>130.15330925209412</FC>
        <LP>0.30000000002310928</LP>
        <BETA>1.9759349441736858</BETA>
      </SubCatchmentVegetationZoneParameters>
    </SubCatchmentVegetationZone>
  </SubCatchment>
</Catchment>