<?xml version="1.0" encoding="utf-8"?>
<Catchment xmlns:xsi="http://www.w3.org/2001/XMLSchema-instance" xmlns:xsd="http://www.w3.org/2001/XMLSchema">
  <CatchmentParameters>
    <KSI>0.001</KSI>
    <KGmin>0.05</KGmin>
    <RangeKG>0.1</RangeKG>
    <AG>0.1</AG>
    <PERC>4.869087110997949</PERC>
    <Alpha>0</Alpha>
    <UZL>57.18633017916909</UZL>
    <K0>0.1344358920928905</K0>
    <K1>0.553422720927898</K1>
    <K2>0.074355707977518157</K2>
    <MAXBAS>1</MAXBAS>
    <Cet>0</Cet>
    <PCALT>10</PCALT>
    <TCALT>0.6</TCALT>
    <Pelev>0</Pelev>
    <Telev>0</Telev>
    <PART>0.5</PART>
    <DELAY>1</DELAY>
  </CatchmentParameters>
  <VegetationZone>
    <VegetationZoneParameters>
      <TT>2.1758315091691167</TT>
      <CFMAX>0.53832589244292739</CFMAX>
      <SP>0</SP>
      <SFCF>1.1029073444735398</SFCF>
      <CFR>0.038580499713227009</CFR>
      <CWH>0.14810499765135693</CWH>
      <CFGlacier>1</CFGlacier>
      <CFSlope>1</CFSlope>
      <FC>320.56489395855351</FC>
      <LP>0.92175996870925392</LP>
      <BETA>3.1417714094989191</BETA>
    </VegetationZoneParameters>
  </VegetationZone>
  <SubCatchment>
    <SubCatchmentParameters>
      <KSI>0.001</KSI>
      <KGmin>0.05</KGmin>
      <RangeKG>0.1</RangeKG>
      <AG>0.1</AG>
      <PERC>4.869087110997949</PERC>
      <Alpha>0</Alpha>
      <UZL>57.18633017916909</UZL>
      <K0>0.1344358920928905</K0>
      <K1>0.553422720927898</K1>
      <K2>0.074355707977518157</K2>
      <MAXBAS>1</MAXBAS>
      <Cet>0</Cet>
      <PCALT>10</PCALT>
      <TCALT>0.6</TCALT>
      <Pelev>0</Pelev>
      <Telev>0</Telev>
      <PART>0.5</PART>
      <DELAY>1</DELAY>
    </SubCatchmentParameters>
    <SubCatchmentVegetationZone>
      <SubCatchmentVegetationZoneParameters>
        <TT>2.1758315091691167</TT>
        <CFMAX>0.53832589244292739</CFMAX>
        <SP>0</SP>
        <SFCF>1.1029073444735398</SFCF>
        <CFR>0.038580499713227009</CFR>
        <CWH>0.14810499765135693</CWH>
        <CFGlacier>1</CFGlacier>
        <CFSlope>1</CFSlope>
        <FC>320.56489395855351</FC>
        <LP>0.92175996870925392</LP>
        <BETA>3.1417714094989191</BETA>
      </SubCatchmentVegetationZoneParameters>
    </SubCatchmentVegetationZone>
  </SubCatchment>
</Catchment>