<?xml version="1.0" encoding="utf-8"?>
<Catchment xmlns:xsi="http://www.w3.org/2001/XMLSchema-instance" xmlns:xsd="http://www.w3.org/2001/XMLSchema">
  <CatchmentParameters>
    <KSI>0.001</KSI>
    <KGmin>0.05</KGmin>
    <RangeKG>0.1</RangeKG>
    <AG>0.1</AG>
    <PERC>9.999445965652221</PERC>
    <Alpha>0</Alpha>
    <UZL>190.7994544840806</UZL>
    <K0>0.66548771467766921</K0>
    <K1>0.52371145957488174</K1>
    <K2>0.13487157069247074</K2>
    <MAXBAS>1.2452184674658353</MAXBAS>
    <Cet>0</Cet>
    <PCALT>10</PCALT>
    <TCALT>0.6</TCALT>
    <Pelev>0</Pelev>
    <Telev>0</Telev>
    <PART>0.5</PART>
    <DELAY>1</DELAY>
  </CatchmentParameters>
  <VegetationZone>
    <VegetationZoneParameters>
      <TT>1.2953633397809308</TT>
      <CFMAX>4.9170643905176368</CFMAX>
      <SP>0</SP>
      <SFCF>0.50022165175888744</SFCF>
      <CFR>0.055223742455015837</CFR>
      <CWH>0.10000806911450509</CWH>
      <CFGlacier>1</CFGlacier>
      <CFSlope>1</CFSlope>
      <FC>96.339869802758358</FC>
      <LP>0.30000013351517907</LP>
      <BETA>2.3654913861014513</BETA>
    </VegetationZoneParameters>
  </VegetationZone>
  <SubCatchment>
    <SubCatchmentParameters>
      <KSI>0.001</KSI>
      <KGmin>0.05</KGmin>
      <RangeKG>0.1</RangeKG>
      <AG>0.1</AG>
      <PERC>9.999445965652221</PERC>
      <Alpha>0</Alpha>
      <UZL>190.7994544840806</UZL>
      <K0>0.66548771467766921</K0>
      <K1>0.52371145957488174</K1>
      <K2>0.13487157069247074</K2>
      <MAXBAS>1.2452184674658353</MAXBAS>
      <Cet>0</Cet>
      <PCALT>10</PCALT>
      <TCALT>0.6</TCALT>
      <Pelev>0</Pelev>
      <Telev>0</Telev>
      <PART>0.5</PART>
      <DELAY>1</DELAY>
    </SubCatchmentParameters>
    <SubCatchmentVegetationZone>
      <SubCatchmentVegetationZoneParameters>
        <TT>1.2953633397809308</TT>
        <CFMAX>4.9170643905176368</CFMAX>
        <SP>0</SP>
        <SFCF>0.50022165175888744</SFCF>
        <CFR>0.055223742455015837</CFR>
        <CWH>0.10000806911450509</CWH>
        <CFGlacier>1</CFGlacier>
        <CFSlope>1</CFSlope>
        <FC>96.339869802758358</FC>
        <LP>0.30000013351517907</LP>
        <BETA>2.3654913861014513</BETA>
      </SubCatchmentVegetationZoneParameters>
    </SubCatchmentVegetationZone>
  </SubCatchment>
</Catchment>