<?xml version="1.0" encoding="utf-8"?>
<Catchment xmlns:xsi="http://www.w3.org/2001/XMLSchema-instance" xmlns:xsd="http://www.w3.org/2001/XMLSchema">
  <CatchmentParameters>
    <KSI>0.001</KSI>
    <KGmin>0.05</KGmin>
    <RangeKG>0.1</RangeKG>
    <AG>0.1</AG>
    <PERC>9.9999891784168735</PERC>
    <Alpha>0</Alpha>
    <UZL>192.66849220119303</UZL>
    <K0>0.55714667649390293</K0>
    <K1>0.54289872774420422</K1>
    <K2>0.10214842576123419</K2>
    <MAXBAS>1.346274653239957</MAXBAS>
    <Cet>0</Cet>
    <PCALT>10</PCALT>
    <TCALT>0.6</TCALT>
    <Pelev>0</Pelev>
    <Telev>0</Telev>
    <PART>0.5</PART>
    <DELAY>1</DELAY>
  </CatchmentParameters>
  <VegetationZone>
    <VegetationZoneParameters>
      <TT>0.70277025150840733</TT>
      <CFMAX>4.99955374979494</CFMAX>
      <SP>0</SP>
      <SFCF>0.50000000001445277</SFCF>
      <CFR>0.023309068668920734</CFR>
      <CWH>0.10000593605847674</CWH>
      <CFGlacier>1</CFGlacier>
      <CFSlope>1</CFSlope>
      <FC>87.481555087456584</FC>
      <LP>0.300000084742683</LP>
      <BETA>2.489315289067346</BETA>
    </VegetationZoneParameters>
  </VegetationZone>
  <SubCatchment>
    <SubCatchmentParameters>
      <KSI>0.001</KSI>
      <KGmin>0.05</KGmin>
      <RangeKG>0.1</RangeKG>
      <AG>0.1</AG>
      <PERC>9.9999891784168735</PERC>
      <Alpha>0</Alpha>
      <UZL>192.66849220119303</UZL>
      <K0>0.55714667649390293</K0>
      <K1>0.54289872774420422</K1>
      <K2>0.10214842576123419</K2>
      <MAXBAS>1.346274653239957</MAXBAS>
      <Cet>0</Cet>
      <PCALT>10</PCALT>
      <TCALT>0.6</TCALT>
      <Pelev>0</Pelev>
      <Telev>0</Telev>
      <PART>0.5</PART>
      <DELAY>1</DELAY>
    </SubCatchmentParameters>
    <SubCatchmentVegetationZone>
      <SubCatchmentVegetationZoneParameters>
        <TT>0.70277025150840733</TT>
        <CFMAX>4.99955374979494</CFMAX>
        <SP>0</SP>
        <SFCF>0.50000000001445277</SFCF>
        <CFR>0.023309068668920734</CFR>
        <CWH>0.10000593605847674</CWH>
        <CFGlacier>1</CFGlacier>
        <CFSlope>1</CFSlope>
        <FC>87.481555087456584</FC>
        <LP>0.300000084742683</LP>
        <BETA>2.489315289067346</BETA>
      </SubCatchmentVegetationZoneParameters>
    </SubCatchmentVegetationZone>
  </SubCatchment>
</Catchment>