<?xml version="1.0" encoding="utf-8"?>
<Catchment xmlns:xsi="http://www.w3.org/2001/XMLSchema-instance" xmlns:xsd="http://www.w3.org/2001/XMLSchema">
  <CatchmentParameters>
    <KSI>0.001</KSI>
    <KGmin>0.05</KGmin>
    <RangeKG>0.1</RangeKG>
    <AG>0.1</AG>
    <PERC>5.1942736304476878</PERC>
    <Alpha>0</Alpha>
    <UZL>30.976299685055171</UZL>
    <K0>0.22436547978536647</K0>
    <K1>0.799995404709332</K1>
    <K2>0.14999977060895595</K2>
    <MAXBAS>1.4213957906764496</MAXBAS>
    <Cet>0</Cet>
    <PCALT>10</PCALT>
    <TCALT>0.6</TCALT>
    <Pelev>0</Pelev>
    <Telev>0</Telev>
    <PART>0.5</PART>
    <DELAY>1</DELAY>
  </CatchmentParameters>
  <VegetationZone>
    <VegetationZoneParameters>
      <TT>2.4997578650576471</TT>
      <CFMAX>0.51185367568947449</CFMAX>
      <SP>0</SP>
      <SFCF>1.4999987723794259</SFCF>
      <CFR>0.015348170231471725</CFR>
      <CWH>0.18296925407841866</CWH>
      <CFGlacier>1</CFGlacier>
      <CFSlope>1</CFSlope>
      <FC>410.78923972358672</FC>
      <LP>0.91433276415967979</LP>
      <BETA>3.122990116576708</BETA>
    </VegetationZoneParameters>
  </VegetationZone>
  <SubCatchment>
    <SubCatchmentParameters>
      <KSI>0.001</KSI>
      <KGmin>0.05</KGmin>
      <RangeKG>0.1</RangeKG>
      <AG>0.1</AG>
      <PERC>5.1942736304476878</PERC>
      <Alpha>0</Alpha>
      <UZL>30.976299685055171</UZL>
      <K0>0.22436547978536647</K0>
      <K1>0.799995404709332</K1>
      <K2>0.14999977060895595</K2>
      <MAXBAS>1.4213957906764496</MAXBAS>
      <Cet>0</Cet>
      <PCALT>10</PCALT>
      <TCALT>0.6</TCALT>
      <Pelev>0</Pelev>
      <Telev>0</Telev>
      <PART>0.5</PART>
      <DELAY>1</DELAY>
    </SubCatchmentParameters>
    <SubCatchmentVegetationZone>
      <SubCatchmentVegetationZoneParameters>
        <TT>2.4997578650576471</TT>
        <CFMAX>0.51185367568947449</CFMAX>
        <SP>0</SP>
        <SFCF>1.4999987723794259</SFCF>
        <CFR>0.015348170231471725</CFR>
        <CWH>0.18296925407841866</CWH>
        <CFGlacier>1</CFGlacier>
        <CFSlope>1</CFSlope>
        <FC>410.78923972358672</FC>
        <LP>0.91433276415967979</LP>
        <BETA>3.122990116576708</BETA>
      </SubCatchmentVegetationZoneParameters>
    </SubCatchmentVegetationZone>
  </SubCatchment>
</Catchment>