<?xml version="1.0" encoding="utf-8"?>
<Catchment xmlns:xsi="http://www.w3.org/2001/XMLSchema-instance" xmlns:xsd="http://www.w3.org/2001/XMLSchema">
  <CatchmentParameters>
    <KSI>0.001</KSI>
    <KGmin>0.05</KGmin>
    <RangeKG>0.1</RangeKG>
    <AG>0.1</AG>
    <PERC>4.6239240087158944</PERC>
    <Alpha>0</Alpha>
    <UZL>145.36997020213747</UZL>
    <K0>0.24821208126995009</K0>
    <K1>0.56589371263094346</K1>
    <K2>0.077074603725488092</K2>
    <MAXBAS>1</MAXBAS>
    <Cet>0</Cet>
    <PCALT>10</PCALT>
    <TCALT>0.6</TCALT>
    <Pelev>0</Pelev>
    <Telev>0</Telev>
    <PART>0.5</PART>
    <DELAY>1</DELAY>
  </CatchmentParameters>
  <VegetationZone>
    <VegetationZoneParameters>
      <TT>1.8798479374245067</TT>
      <CFMAX>0.56622282491826226</CFMAX>
      <SP>0</SP>
      <SFCF>1.2374663786006608</SFCF>
      <CFR>0.092013880618362479</CFR>
      <CWH>0.11285023963032928</CWH>
      <CFGlacier>1</CFGlacier>
      <CFSlope>1</CFSlope>
      <FC>358.28118407487625</FC>
      <LP>0.91238248548854239</LP>
      <BETA>3.0296254962952243</BETA>
    </VegetationZoneParameters>
  </VegetationZone>
  <SubCatchment>
    <SubCatchmentParameters>
      <KSI>0.001</KSI>
      <KGmin>0.05</KGmin>
      <RangeKG>0.1</RangeKG>
      <AG>0.1</AG>
      <PERC>4.6239240087158944</PERC>
      <Alpha>0</Alpha>
      <UZL>145.36997020213747</UZL>
      <K0>0.24821208126995009</K0>
      <K1>0.56589371263094346</K1>
      <K2>0.077074603725488092</K2>
      <MAXBAS>1</MAXBAS>
      <Cet>0</Cet>
      <PCALT>10</PCALT>
      <TCALT>0.6</TCALT>
      <Pelev>0</Pelev>
      <Telev>0</Telev>
      <PART>0.5</PART>
      <DELAY>1</DELAY>
    </SubCatchmentParameters>
    <SubCatchmentVegetationZone>
      <SubCatchmentVegetationZoneParameters>
        <TT>1.8798479374245067</TT>
        <CFMAX>0.56622282491826226</CFMAX>
        <SP>0</SP>
        <SFCF>1.2374663786006608</SFCF>
        <CFR>0.092013880618362479</CFR>
        <CWH>0.11285023963032928</CWH>
        <CFGlacier>1</CFGlacier>
        <CFSlope>1</CFSlope>
        <FC>358.28118407487625</FC>
        <LP>0.91238248548854239</LP>
        <BETA>3.0296254962952243</BETA>
      </SubCatchmentVegetationZoneParameters>
    </SubCatchmentVegetationZone>
  </SubCatchment>
</Catchment>