<?xml version="1.0" encoding="utf-8"?>
<Catchment xmlns:xsi="http://www.w3.org/2001/XMLSchema-instance" xmlns:xsd="http://www.w3.org/2001/XMLSchema">
  <CatchmentParameters>
    <KSI>0.001</KSI>
    <KGmin>0.05</KGmin>
    <RangeKG>0.1</RangeKG>
    <AG>0.1</AG>
    <PERC>9.9999933572674085</PERC>
    <Alpha>0</Alpha>
    <UZL>174.12760330097188</UZL>
    <K0>0.30256230928192329</K0>
    <K1>0.57024769748292337</K1>
    <K2>0.11532086057554357</K2>
    <MAXBAS>1.3515111856508697</MAXBAS>
    <Cet>0</Cet>
    <PCALT>10</PCALT>
    <TCALT>0.6</TCALT>
    <Pelev>0</Pelev>
    <Telev>0</Telev>
    <PART>0.5</PART>
    <DELAY>1</DELAY>
  </CatchmentParameters>
  <VegetationZone>
    <VegetationZoneParameters>
      <TT>1.3002544010171118</TT>
      <CFMAX>4.9997804559668566</CFMAX>
      <SP>0</SP>
      <SFCF>0.500000021728811</SFCF>
      <CFR>0.073266224931205937</CFR>
      <CWH>0.10000040244253129</CWH>
      <CFGlacier>1</CFGlacier>
      <CFSlope>1</CFSlope>
      <FC>94.414616520509924</FC>
      <LP>0.30000004756439086</LP>
      <BETA>2.4003267643606976</BETA>
    </VegetationZoneParameters>
  </VegetationZone>
  <SubCatchment>
    <SubCatchmentParameters>
      <KSI>0.001</KSI>
      <KGmin>0.05</KGmin>
      <RangeKG>0.1</RangeKG>
      <AG>0.1</AG>
      <PERC>9.9999933572674085</PERC>
      <Alpha>0</Alpha>
      <UZL>174.12760330097188</UZL>
      <K0>0.30256230928192329</K0>
      <K1>0.57024769748292337</K1>
      <K2>0.11532086057554357</K2>
      <MAXBAS>1.3515111856508697</MAXBAS>
      <Cet>0</Cet>
      <PCALT>10</PCALT>
      <TCALT>0.6</TCALT>
      <Pelev>0</Pelev>
      <Telev>0</Telev>
      <PART>0.5</PART>
      <DELAY>1</DELAY>
    </SubCatchmentParameters>
    <SubCatchmentVegetationZone>
      <SubCatchmentVegetationZoneParameters>
        <TT>1.3002544010171118</TT>
        <CFMAX>4.9997804559668566</CFMAX>
        <SP>0</SP>
        <SFCF>0.500000021728811</SFCF>
        <CFR>0.073266224931205937</CFR>
        <CWH>0.10000040244253129</CWH>
        <CFGlacier>1</CFGlacier>
        <CFSlope>1</CFSlope>
        <FC>94.414616520509924</FC>
        <LP>0.30000004756439086</LP>
        <BETA>2.4003267643606976</BETA>
      </SubCatchmentVegetationZoneParameters>
    </SubCatchmentVegetationZone>
  </SubCatchment>
</Catchment>