<?xml version="1.0" encoding="utf-8"?>
<Catchment xmlns:xsi="http://www.w3.org/2001/XMLSchema-instance" xmlns:xsd="http://www.w3.org/2001/XMLSchema">
  <CatchmentParameters>
    <KSI>0.001</KSI>
    <KGmin>0.05</KGmin>
    <RangeKG>0.1</RangeKG>
    <AG>0.1</AG>
    <PERC>4.2805388665138278</PERC>
    <Alpha>0</Alpha>
    <UZL>114.62552732877485</UZL>
    <K0>0.24458902306015878</K0>
    <K1>0.572924021073092</K1>
    <K2>0.086998749553240315</K2>
    <MAXBAS>1</MAXBAS>
    <Cet>0</Cet>
    <PCALT>10</PCALT>
    <TCALT>0.6</TCALT>
    <Pelev>0</Pelev>
    <Telev>0</Telev>
    <PART>0.5</PART>
    <DELAY>1</DELAY>
  </CatchmentParameters>
  <VegetationZone>
    <VegetationZoneParameters>
      <TT>1.1225920254913258</TT>
      <CFMAX>0.50140837581127473</CFMAX>
      <SP>0</SP>
      <SFCF>1.3895091671452027</SFCF>
      <CFR>0.030951347820841333</CFR>
      <CWH>0.15324137461751711</CWH>
      <CFGlacier>1</CFGlacier>
      <CFSlope>1</CFSlope>
      <FC>459.04417064816658</FC>
      <LP>0.83106042642312317</LP>
      <BETA>2.5038305095857951</BETA>
    </VegetationZoneParameters>
  </VegetationZone>
  <SubCatchment>
    <SubCatchmentParameters>
      <KSI>0.001</KSI>
      <KGmin>0.05</KGmin>
      <RangeKG>0.1</RangeKG>
      <AG>0.1</AG>
      <PERC>4.2805388665138278</PERC>
      <Alpha>0</Alpha>
      <UZL>114.62552732877485</UZL>
      <K0>0.24458902306015878</K0>
      <K1>0.572924021073092</K1>
      <K2>0.086998749553240315</K2>
      <MAXBAS>1</MAXBAS>
      <Cet>0</Cet>
      <PCALT>10</PCALT>
      <TCALT>0.6</TCALT>
      <Pelev>0</Pelev>
      <Telev>0</Telev>
      <PART>0.5</PART>
      <DELAY>1</DELAY>
    </SubCatchmentParameters>
    <SubCatchmentVegetationZone>
      <SubCatchmentVegetationZoneParameters>
        <TT>1.1225920254913258</TT>
        <CFMAX>0.50140837581127473</CFMAX>
        <SP>0</SP>
        <SFCF>1.3895091671452027</SFCF>
        <CFR>0.030951347820841333</CFR>
        <CWH>0.15324137461751711</CWH>
        <CFGlacier>1</CFGlacier>
        <CFSlope>1</CFSlope>
        <FC>459.04417064816658</FC>
        <LP>0.83106042642312317</LP>
        <BETA>2.5038305095857951</BETA>
      </SubCatchmentVegetationZoneParameters>
    </SubCatchmentVegetationZone>
  </SubCatchment>
</Catchment>