<?xml version="1.0" encoding="utf-8"?>
<Catchment xmlns:xsi="http://www.w3.org/2001/XMLSchema-instance" xmlns:xsd="http://www.w3.org/2001/XMLSchema">
  <CatchmentParameters>
    <KSI>0.001</KSI>
    <KGmin>0.05</KGmin>
    <RangeKG>0.1</RangeKG>
    <AG>0.1</AG>
    <PERC>9.684208935774862</PERC>
    <Alpha>0</Alpha>
    <UZL>30.706284804998841</UZL>
    <K0>0.98999929837155631</K0>
    <K1>0.2895810174012296</K1>
    <K2>0.072969135786903047</K2>
    <MAXBAS>1.2196481314735064</MAXBAS>
    <Cet>0</Cet>
    <PCALT>10</PCALT>
    <TCALT>0.6</TCALT>
    <Pelev>0</Pelev>
    <Telev>0</Telev>
    <PART>0.5</PART>
    <DELAY>1</DELAY>
  </CatchmentParameters>
  <VegetationZone>
    <VegetationZoneParameters>
      <TT>1.298951868386748</TT>
      <CFMAX>4.9983670854523536</CFMAX>
      <SP>0</SP>
      <SFCF>0.5000006426532374</SFCF>
      <CFR>0.043603749323219615</CFR>
      <CWH>0.10000496232777932</CWH>
      <CFGlacier>1</CFGlacier>
      <CFSlope>1</CFSlope>
      <FC>73.823824425898678</FC>
      <LP>0.30000010778062081</LP>
      <BETA>2.7221410539268724</BETA>
    </VegetationZoneParameters>
  </VegetationZone>
  <SubCatchment>
    <SubCatchmentParameters>
      <KSI>0.001</KSI>
      <KGmin>0.05</KGmin>
      <RangeKG>0.1</RangeKG>
      <AG>0.1</AG>
      <PERC>9.684208935774862</PERC>
      <Alpha>0</Alpha>
      <UZL>30.706284804998841</UZL>
      <K0>0.98999929837155631</K0>
      <K1>0.2895810174012296</K1>
      <K2>0.072969135786903047</K2>
      <MAXBAS>1.2196481314735064</MAXBAS>
      <Cet>0</Cet>
      <PCALT>10</PCALT>
      <TCALT>0.6</TCALT>
      <Pelev>0</Pelev>
      <Telev>0</Telev>
      <PART>0.5</PART>
      <DELAY>1</DELAY>
    </SubCatchmentParameters>
    <SubCatchmentVegetationZone>
      <SubCatchmentVegetationZoneParameters>
        <TT>1.298951868386748</TT>
        <CFMAX>4.9983670854523536</CFMAX>
        <SP>0</SP>
        <SFCF>0.5000006426532374</SFCF>
        <CFR>0.043603749323219615</CFR>
        <CWH>0.10000496232777932</CWH>
        <CFGlacier>1</CFGlacier>
        <CFSlope>1</CFSlope>
        <FC>73.823824425898678</FC>
        <LP>0.30000010778062081</LP>
        <BETA>2.7221410539268724</BETA>
      </SubCatchmentVegetationZoneParameters>
    </SubCatchmentVegetationZone>
  </SubCatchment>
</Catchment>