<?xml version="1.0" encoding="utf-8"?>
<Catchment xmlns:xsi="http://www.w3.org/2001/XMLSchema-instance" xmlns:xsd="http://www.w3.org/2001/XMLSchema">
  <CatchmentParameters>
    <KSI>0.001</KSI>
    <KGmin>0.05</KGmin>
    <RangeKG>0.1</RangeKG>
    <AG>0.1</AG>
    <PERC>1.0487607225280038</PERC>
    <Alpha>0</Alpha>
    <UZL>7.7175621437401523</UZL>
    <K0>0.78956576525553945</K0>
    <K1>0.010000086729739168</K1>
    <K2>0.072022439285645</K2>
    <MAXBAS>1</MAXBAS>
    <Cet>0</Cet>
    <PCALT>10</PCALT>
    <TCALT>0.6</TCALT>
    <Pelev>0</Pelev>
    <Telev>0</Telev>
    <PART>0.5</PART>
    <DELAY>1</DELAY>
  </CatchmentParameters>
  <VegetationZone>
    <VegetationZoneParameters>
      <TT>1.0025077465362202</TT>
      <CFMAX>0.50010495964473478</CFMAX>
      <SP>0</SP>
      <SFCF>1.0560445507360414</SFCF>
      <CFR>0.099320257541465312</CFR>
      <CWH>0.16619755360080799</CWH>
      <CFGlacier>1</CFGlacier>
      <CFSlope>1</CFSlope>
      <FC>2135.7574759183094</FC>
      <LP>0.94486403913639938</LP>
      <BETA>3.5335455341988817</BETA>
    </VegetationZoneParameters>
  </VegetationZone>
  <SubCatchment>
    <SubCatchmentParameters>
      <KSI>0.001</KSI>
      <KGmin>0.05</KGmin>
      <RangeKG>0.1</RangeKG>
      <AG>0.1</AG>
      <PERC>1.0487607225280038</PERC>
      <Alpha>0</Alpha>
      <UZL>7.7175621437401523</UZL>
      <K0>0.78956576525553945</K0>
      <K1>0.010000086729739168</K1>
      <K2>0.072022439285645</K2>
      <MAXBAS>1</MAXBAS>
      <Cet>0</Cet>
      <PCALT>10</PCALT>
      <TCALT>0.6</TCALT>
      <Pelev>0</Pelev>
      <Telev>0</Telev>
      <PART>0.5</PART>
      <DELAY>1</DELAY>
    </SubCatchmentParameters>
    <SubCatchmentVegetationZone>
      <SubCatchmentVegetationZoneParameters>
        <TT>1.0025077465362202</TT>
        <CFMAX>0.50010495964473478</CFMAX>
        <SP>0</SP>
        <SFCF>1.0560445507360414</SFCF>
        <CFR>0.099320257541465312</CFR>
        <CWH>0.16619755360080799</CWH>
        <CFGlacier>1</CFGlacier>
        <CFSlope>1</CFSlope>
        <FC>2135.7574759183094</FC>
        <LP>0.94486403913639938</LP>
        <BETA>3.5335455341988817</BETA>
      </SubCatchmentVegetationZoneParameters>
    </SubCatchmentVegetationZone>
  </SubCatchment>
</Catchment>