<?xml version="1.0" encoding="utf-8"?>
<Catchment xmlns:xsi="http://www.w3.org/2001/XMLSchema-instance" xmlns:xsd="http://www.w3.org/2001/XMLSchema">
  <CatchmentParameters>
    <KSI>0.001</KSI>
    <KGmin>0.05</KGmin>
    <RangeKG>0.1</RangeKG>
    <AG>0.1</AG>
    <PERC>5.0779268670487125</PERC>
    <Alpha>0</Alpha>
    <UZL>114.18613608865918</UZL>
    <K0>0.35496118302256657</K0>
    <K1>0.79209782707415854</K1>
    <K2>0.1499992285204764</K2>
    <MAXBAS>1.4207039533934744</MAXBAS>
    <Cet>0</Cet>
    <PCALT>10</PCALT>
    <TCALT>0.6</TCALT>
    <Pelev>0</Pelev>
    <Telev>0</Telev>
    <PART>0.5</PART>
    <DELAY>1</DELAY>
  </CatchmentParameters>
  <VegetationZone>
    <VegetationZoneParameters>
      <TT>2.4331288243419977</TT>
      <CFMAX>0.50000045208093113</CFMAX>
      <SP>0</SP>
      <SFCF>1.4999977709697263</SFCF>
      <CFR>0.043363235508963829</CFR>
      <CWH>0.10000003329975894</CWH>
      <CFGlacier>1</CFGlacier>
      <CFSlope>1</CFSlope>
      <FC>413.26690016591817</FC>
      <LP>0.83017834986917549</LP>
      <BETA>2.6646161088199807</BETA>
    </VegetationZoneParameters>
  </VegetationZone>
  <SubCatchment>
    <SubCatchmentParameters>
      <KSI>0.001</KSI>
      <KGmin>0.05</KGmin>
      <RangeKG>0.1</RangeKG>
      <AG>0.1</AG>
      <PERC>5.0779268670487125</PERC>
      <Alpha>0</Alpha>
      <UZL>114.18613608865918</UZL>
      <K0>0.35496118302256657</K0>
      <K1>0.79209782707415854</K1>
      <K2>0.1499992285204764</K2>
      <MAXBAS>1.4207039533934744</MAXBAS>
      <Cet>0</Cet>
      <PCALT>10</PCALT>
      <TCALT>0.6</TCALT>
      <Pelev>0</Pelev>
      <Telev>0</Telev>
      <PART>0.5</PART>
      <DELAY>1</DELAY>
    </SubCatchmentParameters>
    <SubCatchmentVegetationZone>
      <SubCatchmentVegetationZoneParameters>
        <TT>2.4331288243419977</TT>
        <CFMAX>0.50000045208093113</CFMAX>
        <SP>0</SP>
        <SFCF>1.4999977709697263</SFCF>
        <CFR>0.043363235508963829</CFR>
        <CWH>0.10000003329975894</CWH>
        <CFGlacier>1</CFGlacier>
        <CFSlope>1</CFSlope>
        <FC>413.26690016591817</FC>
        <LP>0.83017834986917549</LP>
        <BETA>2.6646161088199807</BETA>
      </SubCatchmentVegetationZoneParameters>
    </SubCatchmentVegetationZone>
  </SubCatchment>
</Catchment>