<?xml version="1.0" encoding="utf-8"?>
<Catchment xmlns:xsi="http://www.w3.org/2001/XMLSchema-instance" xmlns:xsd="http://www.w3.org/2001/XMLSchema">
  <CatchmentParameters>
    <KSI>0.001</KSI>
    <KGmin>0.05</KGmin>
    <RangeKG>0.1</RangeKG>
    <AG>0.1</AG>
    <PERC>5.0112464116939162</PERC>
    <Alpha>0</Alpha>
    <UZL>139.45185048240975</UZL>
    <K0>0.37663063974243111</K0>
    <K1>0.67282780816148158</K1>
    <K2>0.068864390023121655</K2>
    <MAXBAS>1</MAXBAS>
    <Cet>0</Cet>
    <PCALT>10</PCALT>
    <TCALT>0.6</TCALT>
    <Pelev>0</Pelev>
    <Telev>0</Telev>
    <PART>0.5</PART>
    <DELAY>1</DELAY>
  </CatchmentParameters>
  <VegetationZone>
    <VegetationZoneParameters>
      <TT>1.1479942238116969</TT>
      <CFMAX>0.50000001983026587</CFMAX>
      <SP>0</SP>
      <SFCF>0.94027501029644789</SFCF>
      <CFR>0.099763850689748287</CFR>
      <CWH>0.19999362021578704</CWH>
      <CFGlacier>1</CFGlacier>
      <CFSlope>1</CFSlope>
      <FC>1703.6496199693736</FC>
      <LP>0.82714940967795636</LP>
      <BETA>2.4912496952306555</BETA>
    </VegetationZoneParameters>
  </VegetationZone>
  <SubCatchment>
    <SubCatchmentParameters>
      <KSI>0.001</KSI>
      <KGmin>0.05</KGmin>
      <RangeKG>0.1</RangeKG>
      <AG>0.1</AG>
      <PERC>5.0112464116939162</PERC>
      <Alpha>0</Alpha>
      <UZL>139.45185048240975</UZL>
      <K0>0.37663063974243111</K0>
      <K1>0.67282780816148158</K1>
      <K2>0.068864390023121655</K2>
      <MAXBAS>1</MAXBAS>
      <Cet>0</Cet>
      <PCALT>10</PCALT>
      <TCALT>0.6</TCALT>
      <Pelev>0</Pelev>
      <Telev>0</Telev>
      <PART>0.5</PART>
      <DELAY>1</DELAY>
    </SubCatchmentParameters>
    <SubCatchmentVegetationZone>
      <SubCatchmentVegetationZoneParameters>
        <TT>1.1479942238116969</TT>
        <CFMAX>0.50000001983026587</CFMAX>
        <SP>0</SP>
        <SFCF>0.94027501029644789</SFCF>
        <CFR>0.099763850689748287</CFR>
        <CWH>0.19999362021578704</CWH>
        <CFGlacier>1</CFGlacier>
        <CFSlope>1</CFSlope>
        <FC>1703.6496199693736</FC>
        <LP>0.82714940967795636</LP>
        <BETA>2.4912496952306555</BETA>
      </SubCatchmentVegetationZoneParameters>
    </SubCatchmentVegetationZone>
  </SubCatchment>
</Catchment>