<?xml version="1.0" encoding="utf-8"?>
<Catchment xmlns:xsi="http://www.w3.org/2001/XMLSchema-instance" xmlns:xsd="http://www.w3.org/2001/XMLSchema">
  <CatchmentParameters>
    <KSI>0.001</KSI>
    <KGmin>0.05</KGmin>
    <RangeKG>0.1</RangeKG>
    <AG>0.1</AG>
    <PERC>4.4251422387608512</PERC>
    <Alpha>0</Alpha>
    <UZL>120.87959806611218</UZL>
    <K0>0.27599081339818088</K0>
    <K1>0.5735327116545178</K1>
    <K2>0.079400368453274375</K2>
    <MAXBAS>1</MAXBAS>
    <Cet>0</Cet>
    <PCALT>10</PCALT>
    <TCALT>0.6</TCALT>
    <Pelev>0</Pelev>
    <Telev>0</Telev>
    <PART>0.5</PART>
    <DELAY>1</DELAY>
  </CatchmentParameters>
  <VegetationZone>
    <VegetationZoneParameters>
      <TT>1.5294823582158899</TT>
      <CFMAX>0.50371286793516623</CFMAX>
      <SP>0</SP>
      <SFCF>1.3181954914748717</SFCF>
      <CFR>0.046071800018490087</CFR>
      <CWH>0.1000026195142026</CWH>
      <CFGlacier>1</CFGlacier>
      <CFSlope>1</CFSlope>
      <FC>387.57322881675356</FC>
      <LP>0.86376226713865434</LP>
      <BETA>2.7638130925826938</BETA>
    </VegetationZoneParameters>
  </VegetationZone>
  <SubCatchment>
    <SubCatchmentParameters>
      <KSI>0.001</KSI>
      <KGmin>0.05</KGmin>
      <RangeKG>0.1</RangeKG>
      <AG>0.1</AG>
      <PERC>4.4251422387608512</PERC>
      <Alpha>0</Alpha>
      <UZL>120.87959806611218</UZL>
      <K0>0.27599081339818088</K0>
      <K1>0.5735327116545178</K1>
      <K2>0.079400368453274375</K2>
      <MAXBAS>1</MAXBAS>
      <Cet>0</Cet>
      <PCALT>10</PCALT>
      <TCALT>0.6</TCALT>
      <Pelev>0</Pelev>
      <Telev>0</Telev>
      <PART>0.5</PART>
      <DELAY>1</DELAY>
    </SubCatchmentParameters>
    <SubCatchmentVegetationZone>
      <SubCatchmentVegetationZoneParameters>
        <TT>1.5294823582158899</TT>
        <CFMAX>0.50371286793516623</CFMAX>
        <SP>0</SP>
        <SFCF>1.3181954914748717</SFCF>
        <CFR>0.046071800018490087</CFR>
        <CWH>0.1000026195142026</CWH>
        <CFGlacier>1</CFGlacier>
        <CFSlope>1</CFSlope>
        <FC>387.57322881675356</FC>
        <LP>0.86376226713865434</LP>
        <BETA>2.7638130925826938</BETA>
      </SubCatchmentVegetationZoneParameters>
    </SubCatchmentVegetationZone>
  </SubCatchment>
</Catchment>