<?xml version="1.0" encoding="utf-8"?>
<Catchment xmlns:xsi="http://www.w3.org/2001/XMLSchema-instance" xmlns:xsd="http://www.w3.org/2001/XMLSchema">
  <CatchmentParameters>
    <KSI>0.001</KSI>
    <KGmin>0.05</KGmin>
    <RangeKG>0.1</RangeKG>
    <AG>0.1</AG>
    <PERC>4.8772314577606686</PERC>
    <Alpha>0</Alpha>
    <UZL>102.93241525226932</UZL>
    <K0>0.24034246274575633</K0>
    <K1>0.56298739727843061</K1>
    <K2>0.081899016810962108</K2>
    <MAXBAS>1</MAXBAS>
    <Cet>0</Cet>
    <PCALT>10</PCALT>
    <TCALT>0.6</TCALT>
    <Pelev>0</Pelev>
    <Telev>0</Telev>
    <PART>0.5</PART>
    <DELAY>1</DELAY>
  </CatchmentParameters>
  <VegetationZone>
    <VegetationZoneParameters>
      <TT>1.2263698009812658</TT>
      <CFMAX>0.5105733935645751</CFMAX>
      <SP>0</SP>
      <SFCF>1.4413402806959259</SFCF>
      <CFR>0.04416069010410846</CFR>
      <CWH>0.10000015208256664</CWH>
      <CFGlacier>1</CFGlacier>
      <CFSlope>1</CFSlope>
      <FC>307.080096534742</FC>
      <LP>0.90075549282687883</LP>
      <BETA>3.2351393380345859</BETA>
    </VegetationZoneParameters>
  </VegetationZone>
  <SubCatchment>
    <SubCatchmentParameters>
      <KSI>0.001</KSI>
      <KGmin>0.05</KGmin>
      <RangeKG>0.1</RangeKG>
      <AG>0.1</AG>
      <PERC>4.8772314577606686</PERC>
      <Alpha>0</Alpha>
      <UZL>102.93241525226932</UZL>
      <K0>0.24034246274575633</K0>
      <K1>0.56298739727843061</K1>
      <K2>0.081899016810962108</K2>
      <MAXBAS>1</MAXBAS>
      <Cet>0</Cet>
      <PCALT>10</PCALT>
      <TCALT>0.6</TCALT>
      <Pelev>0</Pelev>
      <Telev>0</Telev>
      <PART>0.5</PART>
      <DELAY>1</DELAY>
    </SubCatchmentParameters>
    <SubCatchmentVegetationZone>
      <SubCatchmentVegetationZoneParameters>
        <TT>1.2263698009812658</TT>
        <CFMAX>0.5105733935645751</CFMAX>
        <SP>0</SP>
        <SFCF>1.4413402806959259</SFCF>
        <CFR>0.04416069010410846</CFR>
        <CWH>0.10000015208256664</CWH>
        <CFGlacier>1</CFGlacier>
        <CFSlope>1</CFSlope>
        <FC>307.080096534742</FC>
        <LP>0.90075549282687883</LP>
        <BETA>3.2351393380345859</BETA>
      </SubCatchmentVegetationZoneParameters>
    </SubCatchmentVegetationZone>
  </SubCatchment>
</Catchment>