<?xml version="1.0" encoding="utf-8"?>
<Catchment xmlns:xsi="http://www.w3.org/2001/XMLSchema-instance" xmlns:xsd="http://www.w3.org/2001/XMLSchema">
  <CatchmentParameters>
    <KSI>0.001</KSI>
    <KGmin>0.05</KGmin>
    <RangeKG>0.1</RangeKG>
    <AG>0.1</AG>
    <PERC>5.1392001274443011</PERC>
    <Alpha>0</Alpha>
    <UZL>77.8929837194962</UZL>
    <K0>0.97805229331214238</K0>
    <K1>0.77145293337362708</K1>
    <K2>0.149999461871103</K2>
    <MAXBAS>1.4096406471673342</MAXBAS>
    <Cet>0</Cet>
    <PCALT>10</PCALT>
    <TCALT>0.6</TCALT>
    <Pelev>0</Pelev>
    <Telev>0</Telev>
    <PART>0.5</PART>
    <DELAY>1</DELAY>
  </CatchmentParameters>
  <VegetationZone>
    <VegetationZoneParameters>
      <TT>2.3063523353619519</TT>
      <CFMAX>0.51053545098064324</CFMAX>
      <SP>0</SP>
      <SFCF>1.4999999862474021</SFCF>
      <CFR>0.087959474189761938</CFR>
      <CWH>0.10000055724138572</CWH>
      <CFGlacier>1</CFGlacier>
      <CFSlope>1</CFSlope>
      <FC>419.86060387012395</FC>
      <LP>0.83461778097525863</LP>
      <BETA>2.6733637267872008</BETA>
    </VegetationZoneParameters>
  </VegetationZone>
  <SubCatchment>
    <SubCatchmentParameters>
      <KSI>0.001</KSI>
      <KGmin>0.05</KGmin>
      <RangeKG>0.1</RangeKG>
      <AG>0.1</AG>
      <PERC>5.1392001274443011</PERC>
      <Alpha>0</Alpha>
      <UZL>77.8929837194962</UZL>
      <K0>0.97805229331214238</K0>
      <K1>0.77145293337362708</K1>
      <K2>0.149999461871103</K2>
      <MAXBAS>1.4096406471673342</MAXBAS>
      <Cet>0</Cet>
      <PCALT>10</PCALT>
      <TCALT>0.6</TCALT>
      <Pelev>0</Pelev>
      <Telev>0</Telev>
      <PART>0.5</PART>
      <DELAY>1</DELAY>
    </SubCatchmentParameters>
    <SubCatchmentVegetationZone>
      <SubCatchmentVegetationZoneParameters>
        <TT>2.3063523353619519</TT>
        <CFMAX>0.51053545098064324</CFMAX>
        <SP>0</SP>
        <SFCF>1.4999999862474021</SFCF>
        <CFR>0.087959474189761938</CFR>
        <CWH>0.10000055724138572</CWH>
        <CFGlacier>1</CFGlacier>
        <CFSlope>1</CFSlope>
        <FC>419.86060387012395</FC>
        <LP>0.83461778097525863</LP>
        <BETA>2.6733637267872008</BETA>
      </SubCatchmentVegetationZoneParameters>
    </SubCatchmentVegetationZone>
  </SubCatchment>
</Catchment>