<?xml version="1.0" encoding="utf-8"?>
<Catchment xmlns:xsi="http://www.w3.org/2001/XMLSchema-instance" xmlns:xsd="http://www.w3.org/2001/XMLSchema">
  <CatchmentParameters>
    <KSI>0.001</KSI>
    <KGmin>0.05</KGmin>
    <RangeKG>0.1</RangeKG>
    <AG>0.1</AG>
    <PERC>5.0478959092459892</PERC>
    <Alpha>0</Alpha>
    <UZL>63.05133374913526</UZL>
    <K0>0.090656734377494358</K0>
    <K1>0.79996321496613243</K1>
    <K2>0.14999964880643382</K2>
    <MAXBAS>1.4119879919835869</MAXBAS>
    <Cet>0</Cet>
    <PCALT>10</PCALT>
    <TCALT>0.6</TCALT>
    <Pelev>0</Pelev>
    <Telev>0</Telev>
    <PART>0.5</PART>
    <DELAY>1</DELAY>
  </CatchmentParameters>
  <VegetationZone>
    <VegetationZoneParameters>
      <TT>2.3788883444256013</TT>
      <CFMAX>0.50263912445202563</CFMAX>
      <SP>0</SP>
      <SFCF>1.4999995565237829</SFCF>
      <CFR>0.059075236618419236</CFR>
      <CWH>0.12626151462135124</CWH>
      <CFGlacier>1</CFGlacier>
      <CFSlope>1</CFSlope>
      <FC>374.73302296349948</FC>
      <LP>0.907831330241595</LP>
      <BETA>3.36425518406495</BETA>
    </VegetationZoneParameters>
  </VegetationZone>
  <SubCatchment>
    <SubCatchmentParameters>
      <KSI>0.001</KSI>
      <KGmin>0.05</KGmin>
      <RangeKG>0.1</RangeKG>
      <AG>0.1</AG>
      <PERC>5.0478959092459892</PERC>
      <Alpha>0</Alpha>
      <UZL>63.05133374913526</UZL>
      <K0>0.090656734377494358</K0>
      <K1>0.79996321496613243</K1>
      <K2>0.14999964880643382</K2>
      <MAXBAS>1.4119879919835869</MAXBAS>
      <Cet>0</Cet>
      <PCALT>10</PCALT>
      <TCALT>0.6</TCALT>
      <Pelev>0</Pelev>
      <Telev>0</Telev>
      <PART>0.5</PART>
      <DELAY>1</DELAY>
    </SubCatchmentParameters>
    <SubCatchmentVegetationZone>
      <SubCatchmentVegetationZoneParameters>
        <TT>2.3788883444256013</TT>
        <CFMAX>0.50263912445202563</CFMAX>
        <SP>0</SP>
        <SFCF>1.4999995565237829</SFCF>
        <CFR>0.059075236618419236</CFR>
        <CWH>0.12626151462135124</CWH>
        <CFGlacier>1</CFGlacier>
        <CFSlope>1</CFSlope>
        <FC>374.73302296349948</FC>
        <LP>0.907831330241595</LP>
        <BETA>3.36425518406495</BETA>
      </SubCatchmentVegetationZoneParameters>
    </SubCatchmentVegetationZone>
  </SubCatchment>
</Catchment>