<?xml version="1.0" encoding="utf-8"?>
<Catchment xmlns:xsi="http://www.w3.org/2001/XMLSchema-instance" xmlns:xsd="http://www.w3.org/2001/XMLSchema">
  <CatchmentParameters>
    <KSI>0.001</KSI>
    <KGmin>0.05</KGmin>
    <RangeKG>0.1</RangeKG>
    <AG>0.1</AG>
    <PERC>4.2180116089598023</PERC>
    <Alpha>0</Alpha>
    <UZL>146.87709364320543</UZL>
    <K0>0.31320289898527254</K0>
    <K1>0.58291744574269322</K1>
    <K2>0.086441061845866654</K2>
    <MAXBAS>1</MAXBAS>
    <Cet>0</Cet>
    <PCALT>10</PCALT>
    <TCALT>0.6</TCALT>
    <Pelev>0</Pelev>
    <Telev>0</Telev>
    <PART>0.5</PART>
    <DELAY>1</DELAY>
  </CatchmentParameters>
  <VegetationZone>
    <VegetationZoneParameters>
      <TT>0.87027686653694314</TT>
      <CFMAX>0.50244217225669929</CFMAX>
      <SP>0</SP>
      <SFCF>1.3763715381246759</SFCF>
      <CFR>0.078280866047669276</CFR>
      <CWH>0.19999834498690325</CWH>
      <CFGlacier>1</CFGlacier>
      <CFSlope>1</CFSlope>
      <FC>522.49085172584012</FC>
      <LP>0.91235514059846667</LP>
      <BETA>2.8237034487288248</BETA>
    </VegetationZoneParameters>
  </VegetationZone>
  <SubCatchment>
    <SubCatchmentParameters>
      <KSI>0.001</KSI>
      <KGmin>0.05</KGmin>
      <RangeKG>0.1</RangeKG>
      <AG>0.1</AG>
      <PERC>4.2180116089598023</PERC>
      <Alpha>0</Alpha>
      <UZL>146.87709364320543</UZL>
      <K0>0.31320289898527254</K0>
      <K1>0.58291744574269322</K1>
      <K2>0.086441061845866654</K2>
      <MAXBAS>1</MAXBAS>
      <Cet>0</Cet>
      <PCALT>10</PCALT>
      <TCALT>0.6</TCALT>
      <Pelev>0</Pelev>
      <Telev>0</Telev>
      <PART>0.5</PART>
      <DELAY>1</DELAY>
    </SubCatchmentParameters>
    <SubCatchmentVegetationZone>
      <SubCatchmentVegetationZoneParameters>
        <TT>0.87027686653694314</TT>
        <CFMAX>0.50244217225669929</CFMAX>
        <SP>0</SP>
        <SFCF>1.3763715381246759</SFCF>
        <CFR>0.078280866047669276</CFR>
        <CWH>0.19999834498690325</CWH>
        <CFGlacier>1</CFGlacier>
        <CFSlope>1</CFSlope>
        <FC>522.49085172584012</FC>
        <LP>0.91235514059846667</LP>
        <BETA>2.8237034487288248</BETA>
      </SubCatchmentVegetationZoneParameters>
    </SubCatchmentVegetationZone>
  </SubCatchment>
</Catchment>