<?xml version="1.0" encoding="utf-8"?>
<Catchment xmlns:xsi="http://www.w3.org/2001/XMLSchema-instance" xmlns:xsd="http://www.w3.org/2001/XMLSchema">
  <CatchmentParameters>
    <KSI>0.001</KSI>
    <KGmin>0.05</KGmin>
    <RangeKG>0.1</RangeKG>
    <AG>0.1</AG>
    <PERC>9.9999962027526479</PERC>
    <Alpha>0</Alpha>
    <UZL>116.05277318440631</UZL>
    <K0>0.43155194218698889</K0>
    <K1>0.49673764285414912</K1>
    <K2>0.10086763407745711</K2>
    <MAXBAS>1.2702553812959549</MAXBAS>
    <Cet>0</Cet>
    <PCALT>10</PCALT>
    <TCALT>0.6</TCALT>
    <Pelev>0</Pelev>
    <Telev>0</Telev>
    <PART>0.5</PART>
    <DELAY>1</DELAY>
  </CatchmentParameters>
  <VegetationZone>
    <VegetationZoneParameters>
      <TT>1.3210722061548765</TT>
      <CFMAX>4.9995597926392348</CFMAX>
      <SP>0</SP>
      <SFCF>0.50000003725457476</SFCF>
      <CFR>0.08492946944391784</CFR>
      <CWH>0.1000228928016524</CWH>
      <CFGlacier>1</CFGlacier>
      <CFSlope>1</CFSlope>
      <FC>85.1891105735714</FC>
      <LP>0.30000000000009763</LP>
      <BETA>2.5983702425929072</BETA>
    </VegetationZoneParameters>
  </VegetationZone>
  <SubCatchment>
    <SubCatchmentParameters>
      <KSI>0.001</KSI>
      <KGmin>0.05</KGmin>
      <RangeKG>0.1</RangeKG>
      <AG>0.1</AG>
      <PERC>9.9999962027526479</PERC>
      <Alpha>0</Alpha>
      <UZL>116.05277318440631</UZL>
      <K0>0.43155194218698889</K0>
      <K1>0.49673764285414912</K1>
      <K2>0.10086763407745711</K2>
      <MAXBAS>1.2702553812959549</MAXBAS>
      <Cet>0</Cet>
      <PCALT>10</PCALT>
      <TCALT>0.6</TCALT>
      <Pelev>0</Pelev>
      <Telev>0</Telev>
      <PART>0.5</PART>
      <DELAY>1</DELAY>
    </SubCatchmentParameters>
    <SubCatchmentVegetationZone>
      <SubCatchmentVegetationZoneParameters>
        <TT>1.3210722061548765</TT>
        <CFMAX>4.9995597926392348</CFMAX>
        <SP>0</SP>
        <SFCF>0.50000003725457476</SFCF>
        <CFR>0.08492946944391784</CFR>
        <CWH>0.1000228928016524</CWH>
        <CFGlacier>1</CFGlacier>
        <CFSlope>1</CFSlope>
        <FC>85.1891105735714</FC>
        <LP>0.30000000000009763</LP>
        <BETA>2.5983702425929072</BETA>
      </SubCatchmentVegetationZoneParameters>
    </SubCatchmentVegetationZone>
  </SubCatchment>
</Catchment>