<?xml version="1.0" encoding="utf-8"?>
<Catchment xmlns:xsi="http://www.w3.org/2001/XMLSchema-instance" xmlns:xsd="http://www.w3.org/2001/XMLSchema">
  <CatchmentParameters>
    <KSI>0.001</KSI>
    <KGmin>0.05</KGmin>
    <RangeKG>0.1</RangeKG>
    <AG>0.1</AG>
    <PERC>9.9998509637804389</PERC>
    <Alpha>0</Alpha>
    <UZL>155.81614829817784</UZL>
    <K0>0.27930956290794734</K0>
    <K1>0.49608743207746242</K1>
    <K2>0.11150391445784959</K2>
    <MAXBAS>1.2145909252860017</MAXBAS>
    <Cet>0</Cet>
    <PCALT>10</PCALT>
    <TCALT>0.6</TCALT>
    <Pelev>0</Pelev>
    <Telev>0</Telev>
    <PART>0.5</PART>
    <DELAY>1</DELAY>
  </CatchmentParameters>
  <VegetationZone>
    <VegetationZoneParameters>
      <TT>-1.6934319727650264</TT>
      <CFMAX>4.5645637286317493</CFMAX>
      <SP>0</SP>
      <SFCF>0.50000009727692618</SFCF>
      <CFR>0.057257806425256554</CFR>
      <CWH>0.12847366713743258</CWH>
      <CFGlacier>1</CFGlacier>
      <CFSlope>1</CFSlope>
      <FC>92.7533225704507</FC>
      <LP>0.30000013124911434</LP>
      <BETA>2.4222589096209677</BETA>
    </VegetationZoneParameters>
  </VegetationZone>
  <SubCatchment>
    <SubCatchmentParameters>
      <KSI>0.001</KSI>
      <KGmin>0.05</KGmin>
      <RangeKG>0.1</RangeKG>
      <AG>0.1</AG>
      <PERC>9.9998509637804389</PERC>
      <Alpha>0</Alpha>
      <UZL>155.81614829817784</UZL>
      <K0>0.27930956290794734</K0>
      <K1>0.49608743207746242</K1>
      <K2>0.11150391445784959</K2>
      <MAXBAS>1.2145909252860017</MAXBAS>
      <Cet>0</Cet>
      <PCALT>10</PCALT>
      <TCALT>0.6</TCALT>
      <Pelev>0</Pelev>
      <Telev>0</Telev>
      <PART>0.5</PART>
      <DELAY>1</DELAY>
    </SubCatchmentParameters>
    <SubCatchmentVegetationZone>
      <SubCatchmentVegetationZoneParameters>
        <TT>-1.6934319727650264</TT>
        <CFMAX>4.5645637286317493</CFMAX>
        <SP>0</SP>
        <SFCF>0.50000009727692618</SFCF>
        <CFR>0.057257806425256554</CFR>
        <CWH>0.12847366713743258</CWH>
        <CFGlacier>1</CFGlacier>
        <CFSlope>1</CFSlope>
        <FC>92.7533225704507</FC>
        <LP>0.30000013124911434</LP>
        <BETA>2.4222589096209677</BETA>
      </SubCatchmentVegetationZoneParameters>
    </SubCatchmentVegetationZone>
  </SubCatchment>
</Catchment>