<?xml version="1.0" encoding="utf-8"?>
<Catchment xmlns:xsi="http://www.w3.org/2001/XMLSchema-instance" xmlns:xsd="http://www.w3.org/2001/XMLSchema">
  <CatchmentParameters>
    <KSI>0.001</KSI>
    <KGmin>0.05</KGmin>
    <RangeKG>0.1</RangeKG>
    <AG>0.1</AG>
    <PERC>4.6091223591457089</PERC>
    <Alpha>0</Alpha>
    <UZL>143.54886967062345</UZL>
    <K0>0.33514055837089862</K0>
    <K1>0.56536061671133464</K1>
    <K2>0.077570021539661346</K2>
    <MAXBAS>1</MAXBAS>
    <Cet>0</Cet>
    <PCALT>10</PCALT>
    <TCALT>0.6</TCALT>
    <Pelev>0</Pelev>
    <Telev>0</Telev>
    <PART>0.5</PART>
    <DELAY>1</DELAY>
  </CatchmentParameters>
  <VegetationZone>
    <VegetationZoneParameters>
      <TT>1.5896951440847473</TT>
      <CFMAX>0.5278520796330699</CFMAX>
      <SP>0</SP>
      <SFCF>1.2863773538856593</SFCF>
      <CFR>0.037614347755099906</CFR>
      <CWH>0.10554644700473986</CWH>
      <CFGlacier>1</CFGlacier>
      <CFSlope>1</CFSlope>
      <FC>353.803472946761</FC>
      <LP>0.87088990886954176</LP>
      <BETA>2.836749839946918</BETA>
    </VegetationZoneParameters>
  </VegetationZone>
  <SubCatchment>
    <SubCatchmentParameters>
      <KSI>0.001</KSI>
      <KGmin>0.05</KGmin>
      <RangeKG>0.1</RangeKG>
      <AG>0.1</AG>
      <PERC>4.6091223591457089</PERC>
      <Alpha>0</Alpha>
      <UZL>143.54886967062345</UZL>
      <K0>0.33514055837089862</K0>
      <K1>0.56536061671133464</K1>
      <K2>0.077570021539661346</K2>
      <MAXBAS>1</MAXBAS>
      <Cet>0</Cet>
      <PCALT>10</PCALT>
      <TCALT>0.6</TCALT>
      <Pelev>0</Pelev>
      <Telev>0</Telev>
      <PART>0.5</PART>
      <DELAY>1</DELAY>
    </SubCatchmentParameters>
    <SubCatchmentVegetationZone>
      <SubCatchmentVegetationZoneParameters>
        <TT>1.5896951440847473</TT>
        <CFMAX>0.5278520796330699</CFMAX>
        <SP>0</SP>
        <SFCF>1.2863773538856593</SFCF>
        <CFR>0.037614347755099906</CFR>
        <CWH>0.10554644700473986</CWH>
        <CFGlacier>1</CFGlacier>
        <CFSlope>1</CFSlope>
        <FC>353.803472946761</FC>
        <LP>0.87088990886954176</LP>
        <BETA>2.836749839946918</BETA>
      </SubCatchmentVegetationZoneParameters>
    </SubCatchmentVegetationZone>
  </SubCatchment>
</Catchment>