<?xml version="1.0" encoding="utf-8"?>
<Catchment xmlns:xsi="http://www.w3.org/2001/XMLSchema-instance" xmlns:xsd="http://www.w3.org/2001/XMLSchema">
  <CatchmentParameters>
    <KSI>0.001</KSI>
    <KGmin>0.05</KGmin>
    <RangeKG>0.1</RangeKG>
    <AG>0.1</AG>
    <PERC>4.3306616875851409</PERC>
    <Alpha>0</Alpha>
    <UZL>64.672754500343345</UZL>
    <K0>0.64370529629925888</K0>
    <K1>0.55997761417783432</K1>
    <K2>0.085474670073557579</K2>
    <MAXBAS>1</MAXBAS>
    <Cet>0</Cet>
    <PCALT>10</PCALT>
    <TCALT>0.6</TCALT>
    <Pelev>0</Pelev>
    <Telev>0</Telev>
    <PART>0.5</PART>
    <DELAY>1</DELAY>
  </CatchmentParameters>
  <VegetationZone>
    <VegetationZoneParameters>
      <TT>1.1007788005963053</TT>
      <CFMAX>0.50000001640375524</CFMAX>
      <SP>0</SP>
      <SFCF>1.3024240477750682</SFCF>
      <CFR>0.058660914732497377</CFR>
      <CWH>0.1999999881940101</CWH>
      <CFGlacier>1</CFGlacier>
      <CFSlope>1</CFSlope>
      <FC>412.60587631593268</FC>
      <LP>0.86784305736808431</LP>
      <BETA>2.6750308283126518</BETA>
    </VegetationZoneParameters>
  </VegetationZone>
  <SubCatchment>
    <SubCatchmentParameters>
      <KSI>0.001</KSI>
      <KGmin>0.05</KGmin>
      <RangeKG>0.1</RangeKG>
      <AG>0.1</AG>
      <PERC>4.3306616875851409</PERC>
      <Alpha>0</Alpha>
      <UZL>64.672754500343345</UZL>
      <K0>0.64370529629925888</K0>
      <K1>0.55997761417783432</K1>
      <K2>0.085474670073557579</K2>
      <MAXBAS>1</MAXBAS>
      <Cet>0</Cet>
      <PCALT>10</PCALT>
      <TCALT>0.6</TCALT>
      <Pelev>0</Pelev>
      <Telev>0</Telev>
      <PART>0.5</PART>
      <DELAY>1</DELAY>
    </SubCatchmentParameters>
    <SubCatchmentVegetationZone>
      <SubCatchmentVegetationZoneParameters>
        <TT>1.1007788005963053</TT>
        <CFMAX>0.50000001640375524</CFMAX>
        <SP>0</SP>
        <SFCF>1.3024240477750682</SFCF>
        <CFR>0.058660914732497377</CFR>
        <CWH>0.1999999881940101</CWH>
        <CFGlacier>1</CFGlacier>
        <CFSlope>1</CFSlope>
        <FC>412.60587631593268</FC>
        <LP>0.86784305736808431</LP>
        <BETA>2.6750308283126518</BETA>
      </SubCatchmentVegetationZoneParameters>
    </SubCatchmentVegetationZone>
  </SubCatchment>
</Catchment>