<?xml version="1.0" encoding="utf-8"?>
<Catchment xmlns:xsi="http://www.w3.org/2001/XMLSchema-instance" xmlns:xsd="http://www.w3.org/2001/XMLSchema">
  <CatchmentParameters>
    <KSI>0.001</KSI>
    <KGmin>0.05</KGmin>
    <RangeKG>0.1</RangeKG>
    <AG>0.1</AG>
    <PERC>8.5294640810944937</PERC>
    <Alpha>0</Alpha>
    <UZL>24.282004751807218</UZL>
    <K0>0.98999865137376719</K0>
    <K1>0.38562099058566218</K1>
    <K2>0.13900259008828955</K2>
    <MAXBAS>1.0748860338632336</MAXBAS>
    <Cet>0</Cet>
    <PCALT>10</PCALT>
    <TCALT>0.6</TCALT>
    <Pelev>0</Pelev>
    <Telev>0</Telev>
    <PART>0.5</PART>
    <DELAY>1</DELAY>
  </CatchmentParameters>
  <VegetationZone>
    <VegetationZoneParameters>
      <TT>0.89162945047792275</TT>
      <CFMAX>1.5479098664493325</CFMAX>
      <SP>0</SP>
      <SFCF>0.50005830908488758</SFCF>
      <CFR>0.052977629484745194</CFR>
      <CWH>0.10003339605639779</CWH>
      <CFGlacier>1</CFGlacier>
      <CFSlope>1</CFSlope>
      <FC>108.00492297814397</FC>
      <LP>0.41418985511339462</LP>
      <BETA>2.5224323770280059</BETA>
    </VegetationZoneParameters>
  </VegetationZone>
  <SubCatchment>
    <SubCatchmentParameters>
      <KSI>0.001</KSI>
      <KGmin>0.05</KGmin>
      <RangeKG>0.1</RangeKG>
      <AG>0.1</AG>
      <PERC>8.5294640810944937</PERC>
      <Alpha>0</Alpha>
      <UZL>24.282004751807218</UZL>
      <K0>0.98999865137376719</K0>
      <K1>0.38562099058566218</K1>
      <K2>0.13900259008828955</K2>
      <MAXBAS>1.0748860338632336</MAXBAS>
      <Cet>0</Cet>
      <PCALT>10</PCALT>
      <TCALT>0.6</TCALT>
      <Pelev>0</Pelev>
      <Telev>0</Telev>
      <PART>0.5</PART>
      <DELAY>1</DELAY>
    </SubCatchmentParameters>
    <SubCatchmentVegetationZone>
      <SubCatchmentVegetationZoneParameters>
        <TT>0.89162945047792275</TT>
        <CFMAX>1.5479098664493325</CFMAX>
        <SP>0</SP>
        <SFCF>0.50005830908488758</SFCF>
        <CFR>0.052977629484745194</CFR>
        <CWH>0.10003339605639779</CWH>
        <CFGlacier>1</CFGlacier>
        <CFSlope>1</CFSlope>
        <FC>108.00492297814397</FC>
        <LP>0.41418985511339462</LP>
        <BETA>2.5224323770280059</BETA>
      </SubCatchmentVegetationZoneParameters>
    </SubCatchmentVegetationZone>
  </SubCatchment>
</Catchment>