<?xml version="1.0" encoding="utf-8"?>
<Catchment xmlns:xsi="http://www.w3.org/2001/XMLSchema-instance" xmlns:xsd="http://www.w3.org/2001/XMLSchema">
  <CatchmentParameters>
    <KSI>0.001</KSI>
    <KGmin>0.05</KGmin>
    <RangeKG>0.1</RangeKG>
    <AG>0.1</AG>
    <PERC>2.633590756330709</PERC>
    <Alpha>0</Alpha>
    <UZL>32.715345865648</UZL>
    <K0>0.98999883126626376</K0>
    <K1>0.18162744563369365</K1>
    <K2>0.049019929114144593</K2>
    <MAXBAS>1.0026820899366153</MAXBAS>
    <Cet>0</Cet>
    <PCALT>10</PCALT>
    <TCALT>0.6</TCALT>
    <Pelev>0</Pelev>
    <Telev>0</Telev>
    <PART>0.5</PART>
    <DELAY>1</DELAY>
  </CatchmentParameters>
  <VegetationZone>
    <VegetationZoneParameters>
      <TT>1.2163302958472557</TT>
      <CFMAX>3.7123873808823302</CFMAX>
      <SP>0</SP>
      <SFCF>0.51738354333046765</SFCF>
      <CFR>0.0068088016759025316</CFR>
      <CWH>0.10003705830352046</CWH>
      <CFGlacier>1</CFGlacier>
      <CFSlope>1</CFSlope>
      <FC>85.140807746977657</FC>
      <LP>0.30000831000206685</LP>
      <BETA>2.0224093883678473</BETA>
    </VegetationZoneParameters>
  </VegetationZone>
  <SubCatchment>
    <SubCatchmentParameters>
      <KSI>0.001</KSI>
      <KGmin>0.05</KGmin>
      <RangeKG>0.1</RangeKG>
      <AG>0.1</AG>
      <PERC>2.633590756330709</PERC>
      <Alpha>0</Alpha>
      <UZL>32.715345865648</UZL>
      <K0>0.98999883126626376</K0>
      <K1>0.18162744563369365</K1>
      <K2>0.049019929114144593</K2>
      <MAXBAS>1.0026820899366153</MAXBAS>
      <Cet>0</Cet>
      <PCALT>10</PCALT>
      <TCALT>0.6</TCALT>
      <Pelev>0</Pelev>
      <Telev>0</Telev>
      <PART>0.5</PART>
      <DELAY>1</DELAY>
    </SubCatchmentParameters>
    <SubCatchmentVegetationZone>
      <SubCatchmentVegetationZoneParameters>
        <TT>1.2163302958472557</TT>
        <CFMAX>3.7123873808823302</CFMAX>
        <SP>0</SP>
        <SFCF>0.51738354333046765</SFCF>
        <CFR>0.0068088016759025316</CFR>
        <CWH>0.10003705830352046</CWH>
        <CFGlacier>1</CFGlacier>
        <CFSlope>1</CFSlope>
        <FC>85.140807746977657</FC>
        <LP>0.30000831000206685</LP>
        <BETA>2.0224093883678473</BETA>
      </SubCatchmentVegetationZoneParameters>
    </SubCatchmentVegetationZone>
  </SubCatchment>
</Catchment>