<?xml version="1.0" encoding="utf-8"?>
<Catchment xmlns:xsi="http://www.w3.org/2001/XMLSchema-instance" xmlns:xsd="http://www.w3.org/2001/XMLSchema">
  <CatchmentParameters>
    <KSI>0.001</KSI>
    <KGmin>0.05</KGmin>
    <RangeKG>0.1</RangeKG>
    <AG>0.1</AG>
    <PERC>4.4039914238395541</PERC>
    <Alpha>0</Alpha>
    <UZL>113.67475755859638</UZL>
    <K0>0.83005520275031985</K0>
    <K1>0.59364271096771193</K1>
    <K2>0.0855649989522435</K2>
    <MAXBAS>1</MAXBAS>
    <Cet>0</Cet>
    <PCALT>10</PCALT>
    <TCALT>0.6</TCALT>
    <Pelev>0</Pelev>
    <Telev>0</Telev>
    <PART>0.5</PART>
    <DELAY>1</DELAY>
  </CatchmentParameters>
  <VegetationZone>
    <VegetationZoneParameters>
      <TT>1.0719131109045814</TT>
      <CFMAX>0.50000110367272</CFMAX>
      <SP>0</SP>
      <SFCF>1.3091079584379126</SFCF>
      <CFR>0.0696374196859367</CFR>
      <CWH>0.19999506237629219</CWH>
      <CFGlacier>1</CFGlacier>
      <CFSlope>1</CFSlope>
      <FC>549.05844775306878</FC>
      <LP>0.868106087551525</LP>
      <BETA>2.58672169314784</BETA>
    </VegetationZoneParameters>
  </VegetationZone>
  <SubCatchment>
    <SubCatchmentParameters>
      <KSI>0.001</KSI>
      <KGmin>0.05</KGmin>
      <RangeKG>0.1</RangeKG>
      <AG>0.1</AG>
      <PERC>4.4039914238395541</PERC>
      <Alpha>0</Alpha>
      <UZL>113.67475755859638</UZL>
      <K0>0.83005520275031985</K0>
      <K1>0.59364271096771193</K1>
      <K2>0.0855649989522435</K2>
      <MAXBAS>1</MAXBAS>
      <Cet>0</Cet>
      <PCALT>10</PCALT>
      <TCALT>0.6</TCALT>
      <Pelev>0</Pelev>
      <Telev>0</Telev>
      <PART>0.5</PART>
      <DELAY>1</DELAY>
    </SubCatchmentParameters>
    <SubCatchmentVegetationZone>
      <SubCatchmentVegetationZoneParameters>
        <TT>1.0719131109045814</TT>
        <CFMAX>0.50000110367272</CFMAX>
        <SP>0</SP>
        <SFCF>1.3091079584379126</SFCF>
        <CFR>0.0696374196859367</CFR>
        <CWH>0.19999506237629219</CWH>
        <CFGlacier>1</CFGlacier>
        <CFSlope>1</CFSlope>
        <FC>549.05844775306878</FC>
        <LP>0.868106087551525</LP>
        <BETA>2.58672169314784</BETA>
      </SubCatchmentVegetationZoneParameters>
    </SubCatchmentVegetationZone>
  </SubCatchment>
</Catchment>