<?xml version="1.0" encoding="utf-8"?>
<Catchment xmlns:xsi="http://www.w3.org/2001/XMLSchema-instance" xmlns:xsd="http://www.w3.org/2001/XMLSchema">
  <CatchmentParameters>
    <KSI>0.001</KSI>
    <KGmin>0.05</KGmin>
    <RangeKG>0.1</RangeKG>
    <AG>0.1</AG>
    <PERC>4.4393543867125675</PERC>
    <Alpha>0</Alpha>
    <UZL>192.65133178474028</UZL>
    <K0>0.50300020769085774</K0>
    <K1>0.56255807107794353</K1>
    <K2>0.071307448171012935</K2>
    <MAXBAS>1</MAXBAS>
    <Cet>0</Cet>
    <PCALT>10</PCALT>
    <TCALT>0.6</TCALT>
    <Pelev>0</Pelev>
    <Telev>0</Telev>
    <PART>0.5</PART>
    <DELAY>1</DELAY>
  </CatchmentParameters>
  <VegetationZone>
    <VegetationZoneParameters>
      <TT>2.4999981615222566</TT>
      <CFMAX>0.63218732230356045</CFMAX>
      <SP>0</SP>
      <SFCF>1.1081730168886175</SFCF>
      <CFR>0.099998880833781834</CFR>
      <CWH>0.11560700258671022</CWH>
      <CFGlacier>1</CFGlacier>
      <CFSlope>1</CFSlope>
      <FC>378.10885617525332</FC>
      <LP>0.91438797453544907</LP>
      <BETA>2.9508664162473077</BETA>
    </VegetationZoneParameters>
  </VegetationZone>
  <SubCatchment>
    <SubCatchmentParameters>
      <KSI>0.001</KSI>
      <KGmin>0.05</KGmin>
      <RangeKG>0.1</RangeKG>
      <AG>0.1</AG>
      <PERC>4.4393543867125675</PERC>
      <Alpha>0</Alpha>
      <UZL>192.65133178474028</UZL>
      <K0>0.50300020769085774</K0>
      <K1>0.56255807107794353</K1>
      <K2>0.071307448171012935</K2>
      <MAXBAS>1</MAXBAS>
      <Cet>0</Cet>
      <PCALT>10</PCALT>
      <TCALT>0.6</TCALT>
      <Pelev>0</Pelev>
      <Telev>0</Telev>
      <PART>0.5</PART>
      <DELAY>1</DELAY>
    </SubCatchmentParameters>
    <SubCatchmentVegetationZone>
      <SubCatchmentVegetationZoneParameters>
        <TT>2.4999981615222566</TT>
        <CFMAX>0.63218732230356045</CFMAX>
        <SP>0</SP>
        <SFCF>1.1081730168886175</SFCF>
        <CFR>0.099998880833781834</CFR>
        <CWH>0.11560700258671022</CWH>
        <CFGlacier>1</CFGlacier>
        <CFSlope>1</CFSlope>
        <FC>378.10885617525332</FC>
        <LP>0.91438797453544907</LP>
        <BETA>2.9508664162473077</BETA>
      </SubCatchmentVegetationZoneParameters>
    </SubCatchmentVegetationZone>
  </SubCatchment>
</Catchment>