<?xml version="1.0" encoding="utf-8"?>
<Catchment xmlns:xsi="http://www.w3.org/2001/XMLSchema-instance" xmlns:xsd="http://www.w3.org/2001/XMLSchema">
  <CatchmentParameters>
    <KSI>0.001</KSI>
    <KGmin>0.05</KGmin>
    <RangeKG>0.1</RangeKG>
    <AG>0.1</AG>
    <PERC>4.7313346044675875</PERC>
    <Alpha>0</Alpha>
    <UZL>172.32492913718735</UZL>
    <K0>0.15321384998406967</K0>
    <K1>0.543577836658017</K1>
    <K2>0.075604391052518219</K2>
    <MAXBAS>1</MAXBAS>
    <Cet>0</Cet>
    <PCALT>10</PCALT>
    <TCALT>0.6</TCALT>
    <Pelev>0</Pelev>
    <Telev>0</Telev>
    <PART>0.5</PART>
    <DELAY>1</DELAY>
  </CatchmentParameters>
  <VegetationZone>
    <VegetationZoneParameters>
      <TT>1.801267767942857</TT>
      <CFMAX>0.50907270368049562</CFMAX>
      <SP>0</SP>
      <SFCF>1.1063843296823124</SFCF>
      <CFR>0.099997671530807117</CFR>
      <CWH>0.19999920624851411</CWH>
      <CFGlacier>1</CFGlacier>
      <CFSlope>1</CFSlope>
      <FC>326.28836232007416</FC>
      <LP>0.85713008764080068</LP>
      <BETA>2.7476486969459688</BETA>
    </VegetationZoneParameters>
  </VegetationZone>
  <SubCatchment>
    <SubCatchmentParameters>
      <KSI>0.001</KSI>
      <KGmin>0.05</KGmin>
      <RangeKG>0.1</RangeKG>
      <AG>0.1</AG>
      <PERC>4.7313346044675875</PERC>
      <Alpha>0</Alpha>
      <UZL>172.32492913718735</UZL>
      <K0>0.15321384998406967</K0>
      <K1>0.543577836658017</K1>
      <K2>0.075604391052518219</K2>
      <MAXBAS>1</MAXBAS>
      <Cet>0</Cet>
      <PCALT>10</PCALT>
      <TCALT>0.6</TCALT>
      <Pelev>0</Pelev>
      <Telev>0</Telev>
      <PART>0.5</PART>
      <DELAY>1</DELAY>
    </SubCatchmentParameters>
    <SubCatchmentVegetationZone>
      <SubCatchmentVegetationZoneParameters>
        <TT>1.801267767942857</TT>
        <CFMAX>0.50907270368049562</CFMAX>
        <SP>0</SP>
        <SFCF>1.1063843296823124</SFCF>
        <CFR>0.099997671530807117</CFR>
        <CWH>0.19999920624851411</CWH>
        <CFGlacier>1</CFGlacier>
        <CFSlope>1</CFSlope>
        <FC>326.28836232007416</FC>
        <LP>0.85713008764080068</LP>
        <BETA>2.7476486969459688</BETA>
      </SubCatchmentVegetationZoneParameters>
    </SubCatchmentVegetationZone>
  </SubCatchment>
</Catchment>