<?xml version="1.0" encoding="utf-8"?>
<Catchment xmlns:xsi="http://www.w3.org/2001/XMLSchema-instance" xmlns:xsd="http://www.w3.org/2001/XMLSchema">
  <CatchmentParameters>
    <KSI>0.001</KSI>
    <KGmin>0.05</KGmin>
    <RangeKG>0.1</RangeKG>
    <AG>0.1</AG>
    <PERC>5.4187535929925534</PERC>
    <Alpha>0</Alpha>
    <UZL>116.93133763111591</UZL>
    <K0>0.55708012523263983</K0>
    <K1>0.78810887183782563</K1>
    <K2>0.14999981551480784</K2>
    <MAXBAS>1.4326082987027062</MAXBAS>
    <Cet>0</Cet>
    <PCALT>10</PCALT>
    <TCALT>0.6</TCALT>
    <Pelev>0</Pelev>
    <Telev>0</Telev>
    <PART>0.5</PART>
    <DELAY>1</DELAY>
  </CatchmentParameters>
  <VegetationZone>
    <VegetationZoneParameters>
      <TT>2.4997927729736826</TT>
      <CFMAX>0.52893719572591191</CFMAX>
      <SP>0</SP>
      <SFCF>1.4999984735779124</SFCF>
      <CFR>0.08196887249590476</CFR>
      <CWH>0.15153399857017907</CWH>
      <CFGlacier>1</CFGlacier>
      <CFSlope>1</CFSlope>
      <FC>477.25614018323796</FC>
      <LP>0.82242148128062875</LP>
      <BETA>2.442960418381078</BETA>
    </VegetationZoneParameters>
  </VegetationZone>
  <SubCatchment>
    <SubCatchmentParameters>
      <KSI>0.001</KSI>
      <KGmin>0.05</KGmin>
      <RangeKG>0.1</RangeKG>
      <AG>0.1</AG>
      <PERC>5.4187535929925534</PERC>
      <Alpha>0</Alpha>
      <UZL>116.93133763111591</UZL>
      <K0>0.55708012523263983</K0>
      <K1>0.78810887183782563</K1>
      <K2>0.14999981551480784</K2>
      <MAXBAS>1.4326082987027062</MAXBAS>
      <Cet>0</Cet>
      <PCALT>10</PCALT>
      <TCALT>0.6</TCALT>
      <Pelev>0</Pelev>
      <Telev>0</Telev>
      <PART>0.5</PART>
      <DELAY>1</DELAY>
    </SubCatchmentParameters>
    <SubCatchmentVegetationZone>
      <SubCatchmentVegetationZoneParameters>
        <TT>2.4997927729736826</TT>
        <CFMAX>0.52893719572591191</CFMAX>
        <SP>0</SP>
        <SFCF>1.4999984735779124</SFCF>
        <CFR>0.08196887249590476</CFR>
        <CWH>0.15153399857017907</CWH>
        <CFGlacier>1</CFGlacier>
        <CFSlope>1</CFSlope>
        <FC>477.25614018323796</FC>
        <LP>0.82242148128062875</LP>
        <BETA>2.442960418381078</BETA>
      </SubCatchmentVegetationZoneParameters>
    </SubCatchmentVegetationZone>
  </SubCatchment>
</Catchment>