<?xml version="1.0" encoding="utf-8"?>
<Catchment xmlns:xsi="http://www.w3.org/2001/XMLSchema-instance" xmlns:xsd="http://www.w3.org/2001/XMLSchema">
  <CatchmentParameters>
    <KSI>0.001</KSI>
    <KGmin>0.05</KGmin>
    <RangeKG>0.1</RangeKG>
    <AG>0.1</AG>
    <PERC>4.362099115556922</PERC>
    <Alpha>0</Alpha>
    <UZL>123.61125557450262</UZL>
    <K0>0.21361962613308894</K0>
    <K1>0.59998491359800177</K1>
    <K2>0.086425218494549955</K2>
    <MAXBAS>1</MAXBAS>
    <Cet>0</Cet>
    <PCALT>10</PCALT>
    <TCALT>0.6</TCALT>
    <Pelev>0</Pelev>
    <Telev>0</Telev>
    <PART>0.5</PART>
    <DELAY>1</DELAY>
  </CatchmentParameters>
  <VegetationZone>
    <VegetationZoneParameters>
      <TT>0.8679759364165337</TT>
      <CFMAX>0.53685602152914624</CFMAX>
      <SP>0</SP>
      <SFCF>1.4935296330852139</SFCF>
      <CFR>0.062259943055390572</CFR>
      <CWH>0.19998973429586403</CWH>
      <CFGlacier>1</CFGlacier>
      <CFSlope>1</CFSlope>
      <FC>551.4012841263625</FC>
      <LP>0.85075121022228006</LP>
      <BETA>2.557393355790277</BETA>
    </VegetationZoneParameters>
  </VegetationZone>
  <SubCatchment>
    <SubCatchmentParameters>
      <KSI>0.001</KSI>
      <KGmin>0.05</KGmin>
      <RangeKG>0.1</RangeKG>
      <AG>0.1</AG>
      <PERC>4.362099115556922</PERC>
      <Alpha>0</Alpha>
      <UZL>123.61125557450262</UZL>
      <K0>0.21361962613308894</K0>
      <K1>0.59998491359800177</K1>
      <K2>0.086425218494549955</K2>
      <MAXBAS>1</MAXBAS>
      <Cet>0</Cet>
      <PCALT>10</PCALT>
      <TCALT>0.6</TCALT>
      <Pelev>0</Pelev>
      <Telev>0</Telev>
      <PART>0.5</PART>
      <DELAY>1</DELAY>
    </SubCatchmentParameters>
    <SubCatchmentVegetationZone>
      <SubCatchmentVegetationZoneParameters>
        <TT>0.8679759364165337</TT>
        <CFMAX>0.53685602152914624</CFMAX>
        <SP>0</SP>
        <SFCF>1.4935296330852139</SFCF>
        <CFR>0.062259943055390572</CFR>
        <CWH>0.19998973429586403</CWH>
        <CFGlacier>1</CFGlacier>
        <CFSlope>1</CFSlope>
        <FC>551.4012841263625</FC>
        <LP>0.85075121022228006</LP>
        <BETA>2.557393355790277</BETA>
      </SubCatchmentVegetationZoneParameters>
    </SubCatchmentVegetationZone>
  </SubCatchment>
</Catchment>