<?xml version="1.0" encoding="utf-8"?>
<Catchment xmlns:xsi="http://www.w3.org/2001/XMLSchema-instance" xmlns:xsd="http://www.w3.org/2001/XMLSchema">
  <CatchmentParameters>
    <KSI>0.001</KSI>
    <KGmin>0.05</KGmin>
    <RangeKG>0.1</RangeKG>
    <AG>0.1</AG>
    <PERC>4.3839787917901765</PERC>
    <Alpha>0</Alpha>
    <UZL>74.393029311322664</UZL>
    <K0>0.51265078340166714</K0>
    <K1>0.55310109059035639</K1>
    <K2>0.076429199706000969</K2>
    <MAXBAS>1</MAXBAS>
    <Cet>0</Cet>
    <PCALT>10</PCALT>
    <TCALT>0.6</TCALT>
    <Pelev>0</Pelev>
    <Telev>0</Telev>
    <PART>0.5</PART>
    <DELAY>1</DELAY>
  </CatchmentParameters>
  <VegetationZone>
    <VegetationZoneParameters>
      <TT>1.7395354899895197</TT>
      <CFMAX>0.50412659749163014</CFMAX>
      <SP>0</SP>
      <SFCF>1.2319001696934684</SFCF>
      <CFR>0.045612432276618563</CFR>
      <CWH>0.10857602298177692</CWH>
      <CFGlacier>1</CFGlacier>
      <CFSlope>1</CFSlope>
      <FC>351.49204618067029</FC>
      <LP>0.76706987293510154</LP>
      <BETA>2.3549184093961411</BETA>
    </VegetationZoneParameters>
  </VegetationZone>
  <SubCatchment>
    <SubCatchmentParameters>
      <KSI>0.001</KSI>
      <KGmin>0.05</KGmin>
      <RangeKG>0.1</RangeKG>
      <AG>0.1</AG>
      <PERC>4.3839787917901765</PERC>
      <Alpha>0</Alpha>
      <UZL>74.393029311322664</UZL>
      <K0>0.51265078340166714</K0>
      <K1>0.55310109059035639</K1>
      <K2>0.076429199706000969</K2>
      <MAXBAS>1</MAXBAS>
      <Cet>0</Cet>
      <PCALT>10</PCALT>
      <TCALT>0.6</TCALT>
      <Pelev>0</Pelev>
      <Telev>0</Telev>
      <PART>0.5</PART>
      <DELAY>1</DELAY>
    </SubCatchmentParameters>
    <SubCatchmentVegetationZone>
      <SubCatchmentVegetationZoneParameters>
        <TT>1.7395354899895197</TT>
        <CFMAX>0.50412659749163014</CFMAX>
        <SP>0</SP>
        <SFCF>1.2319001696934684</SFCF>
        <CFR>0.045612432276618563</CFR>
        <CWH>0.10857602298177692</CWH>
        <CFGlacier>1</CFGlacier>
        <CFSlope>1</CFSlope>
        <FC>351.49204618067029</FC>
        <LP>0.76706987293510154</LP>
        <BETA>2.3549184093961411</BETA>
      </SubCatchmentVegetationZoneParameters>
    </SubCatchmentVegetationZone>
  </SubCatchment>
</Catchment>