<?xml version="1.0" encoding="utf-8"?>
<Catchment xmlns:xsi="http://www.w3.org/2001/XMLSchema-instance" xmlns:xsd="http://www.w3.org/2001/XMLSchema">
  <CatchmentParameters>
    <KSI>0.001</KSI>
    <KGmin>0.05</KGmin>
    <RangeKG>0.1</RangeKG>
    <AG>0.1</AG>
    <PERC>5.5294383215419609</PERC>
    <Alpha>0</Alpha>
    <UZL>7.8753283112187109</UZL>
    <K0>0.98999697194772329</K0>
    <K1>0.62872942315411939</K1>
    <K2>0.068452624796429468</K2>
    <MAXBAS>1</MAXBAS>
    <Cet>0</Cet>
    <PCALT>10</PCALT>
    <TCALT>0.6</TCALT>
    <Pelev>0</Pelev>
    <Telev>0</Telev>
    <PART>0.5</PART>
    <DELAY>1</DELAY>
  </CatchmentParameters>
  <VegetationZone>
    <VegetationZoneParameters>
      <TT>1.0109949226300754</TT>
      <CFMAX>0.50000035088438888</CFMAX>
      <SP>0</SP>
      <SFCF>0.925383998590061</SFCF>
      <CFR>0.00053491625555888089</CFR>
      <CWH>0.19999668826193612</CWH>
      <CFGlacier>1</CFGlacier>
      <CFSlope>1</CFSlope>
      <FC>2337.5490677839857</FC>
      <LP>0.88440778516624841</LP>
      <BETA>3.1163704418456581</BETA>
    </VegetationZoneParameters>
  </VegetationZone>
  <SubCatchment>
    <SubCatchmentParameters>
      <KSI>0.001</KSI>
      <KGmin>0.05</KGmin>
      <RangeKG>0.1</RangeKG>
      <AG>0.1</AG>
      <PERC>5.5294383215419609</PERC>
      <Alpha>0</Alpha>
      <UZL>7.8753283112187109</UZL>
      <K0>0.98999697194772329</K0>
      <K1>0.62872942315411939</K1>
      <K2>0.068452624796429468</K2>
      <MAXBAS>1</MAXBAS>
      <Cet>0</Cet>
      <PCALT>10</PCALT>
      <TCALT>0.6</TCALT>
      <Pelev>0</Pelev>
      <Telev>0</Telev>
      <PART>0.5</PART>
      <DELAY>1</DELAY>
    </SubCatchmentParameters>
    <SubCatchmentVegetationZone>
      <SubCatchmentVegetationZoneParameters>
        <TT>1.0109949226300754</TT>
        <CFMAX>0.50000035088438888</CFMAX>
        <SP>0</SP>
        <SFCF>0.925383998590061</SFCF>
        <CFR>0.00053491625555888089</CFR>
        <CWH>0.19999668826193612</CWH>
        <CFGlacier>1</CFGlacier>
        <CFSlope>1</CFSlope>
        <FC>2337.5490677839857</FC>
        <LP>0.88440778516624841</LP>
        <BETA>3.1163704418456581</BETA>
      </SubCatchmentVegetationZoneParameters>
    </SubCatchmentVegetationZone>
  </SubCatchment>
</Catchment>