<?xml version="1.0" encoding="utf-8"?>
<Catchment xmlns:xsi="http://www.w3.org/2001/XMLSchema-instance" xmlns:xsd="http://www.w3.org/2001/XMLSchema">
  <CatchmentParameters>
    <KSI>0.001</KSI>
    <KGmin>0.05</KGmin>
    <RangeKG>0.1</RangeKG>
    <AG>0.1</AG>
    <PERC>4.9048510031367565</PERC>
    <Alpha>0</Alpha>
    <UZL>102.37860700779778</UZL>
    <K0>0.55511744139608588</K0>
    <K1>0.64805105384226513</K1>
    <K2>0.068621039649414323</K2>
    <MAXBAS>1</MAXBAS>
    <Cet>0</Cet>
    <PCALT>10</PCALT>
    <TCALT>0.6</TCALT>
    <Pelev>0</Pelev>
    <Telev>0</Telev>
    <PART>0.5</PART>
    <DELAY>1</DELAY>
  </CatchmentParameters>
  <VegetationZone>
    <VegetationZoneParameters>
      <TT>1.0109891785169796</TT>
      <CFMAX>0.50000015047830637</CFMAX>
      <SP>0</SP>
      <SFCF>0.76875445910172491</SFCF>
      <CFR>0.00081696327387561335</CFR>
      <CWH>0.1999928913261603</CWH>
      <CFGlacier>1</CFGlacier>
      <CFSlope>1</CFSlope>
      <FC>1816.7108061206789</FC>
      <LP>0.94517257487139006</LP>
      <BETA>3.150352870278478</BETA>
    </VegetationZoneParameters>
  </VegetationZone>
  <SubCatchment>
    <SubCatchmentParameters>
      <KSI>0.001</KSI>
      <KGmin>0.05</KGmin>
      <RangeKG>0.1</RangeKG>
      <AG>0.1</AG>
      <PERC>4.9048510031367565</PERC>
      <Alpha>0</Alpha>
      <UZL>102.37860700779778</UZL>
      <K0>0.55511744139608588</K0>
      <K1>0.64805105384226513</K1>
      <K2>0.068621039649414323</K2>
      <MAXBAS>1</MAXBAS>
      <Cet>0</Cet>
      <PCALT>10</PCALT>
      <TCALT>0.6</TCALT>
      <Pelev>0</Pelev>
      <Telev>0</Telev>
      <PART>0.5</PART>
      <DELAY>1</DELAY>
    </SubCatchmentParameters>
    <SubCatchmentVegetationZone>
      <SubCatchmentVegetationZoneParameters>
        <TT>1.0109891785169796</TT>
        <CFMAX>0.50000015047830637</CFMAX>
        <SP>0</SP>
        <SFCF>0.76875445910172491</SFCF>
        <CFR>0.00081696327387561335</CFR>
        <CWH>0.1999928913261603</CWH>
        <CFGlacier>1</CFGlacier>
        <CFSlope>1</CFSlope>
        <FC>1816.7108061206789</FC>
        <LP>0.94517257487139006</LP>
        <BETA>3.150352870278478</BETA>
      </SubCatchmentVegetationZoneParameters>
    </SubCatchmentVegetationZone>
  </SubCatchment>
</Catchment>