<?xml version="1.0" encoding="utf-8"?>
<Catchment xmlns:xsi="http://www.w3.org/2001/XMLSchema-instance" xmlns:xsd="http://www.w3.org/2001/XMLSchema">
  <CatchmentParameters>
    <KSI>0.001</KSI>
    <KGmin>0.05</KGmin>
    <RangeKG>0.1</RangeKG>
    <AG>0.1</AG>
    <PERC>5.300167920282818</PERC>
    <Alpha>0</Alpha>
    <UZL>3.5132777354406244</UZL>
    <K0>0.87672163170529749</K0>
    <K1>0.3266009553005918</K1>
    <K2>0.075367480517397792</K2>
    <MAXBAS>1</MAXBAS>
    <Cet>0</Cet>
    <PCALT>10</PCALT>
    <TCALT>0.6</TCALT>
    <Pelev>0</Pelev>
    <Telev>0</Telev>
    <PART>0.5</PART>
    <DELAY>1</DELAY>
  </CatchmentParameters>
  <VegetationZone>
    <VegetationZoneParameters>
      <TT>1.1382713512575635</TT>
      <CFMAX>0.50001159109448934</CFMAX>
      <SP>0</SP>
      <SFCF>1.2137022034405762</SFCF>
      <CFR>0.085263158642169393</CFR>
      <CWH>0.199999391478686</CWH>
      <CFGlacier>1</CFGlacier>
      <CFSlope>1</CFSlope>
      <FC>1818.8246083051888</FC>
      <LP>0.82894810384986628</LP>
      <BETA>2.65950169006337</BETA>
    </VegetationZoneParameters>
  </VegetationZone>
  <SubCatchment>
    <SubCatchmentParameters>
      <KSI>0.001</KSI>
      <KGmin>0.05</KGmin>
      <RangeKG>0.1</RangeKG>
      <AG>0.1</AG>
      <PERC>5.300167920282818</PERC>
      <Alpha>0</Alpha>
      <UZL>3.5132777354406244</UZL>
      <K0>0.87672163170529749</K0>
      <K1>0.3266009553005918</K1>
      <K2>0.075367480517397792</K2>
      <MAXBAS>1</MAXBAS>
      <Cet>0</Cet>
      <PCALT>10</PCALT>
      <TCALT>0.6</TCALT>
      <Pelev>0</Pelev>
      <Telev>0</Telev>
      <PART>0.5</PART>
      <DELAY>1</DELAY>
    </SubCatchmentParameters>
    <SubCatchmentVegetationZone>
      <SubCatchmentVegetationZoneParameters>
        <TT>1.1382713512575635</TT>
        <CFMAX>0.50001159109448934</CFMAX>
        <SP>0</SP>
        <SFCF>1.2137022034405762</SFCF>
        <CFR>0.085263158642169393</CFR>
        <CWH>0.199999391478686</CWH>
        <CFGlacier>1</CFGlacier>
        <CFSlope>1</CFSlope>
        <FC>1818.8246083051888</FC>
        <LP>0.82894810384986628</LP>
        <BETA>2.65950169006337</BETA>
      </SubCatchmentVegetationZoneParameters>
    </SubCatchmentVegetationZone>
  </SubCatchment>
</Catchment>