<?xml version="1.0" encoding="utf-8"?>
<Catchment xmlns:xsi="http://www.w3.org/2001/XMLSchema-instance" xmlns:xsd="http://www.w3.org/2001/XMLSchema">
  <CatchmentParameters>
    <KSI>0.001</KSI>
    <KGmin>0.05</KGmin>
    <RangeKG>0.1</RangeKG>
    <AG>0.1</AG>
    <PERC>5.1750706865325338</PERC>
    <Alpha>0</Alpha>
    <UZL>106.23121817760205</UZL>
    <K0>0.47644729606058744</K0>
    <K1>0.76552537389866526</K1>
    <K2>0.14999905041188733</K2>
    <MAXBAS>1.4031885927554233</MAXBAS>
    <Cet>0</Cet>
    <PCALT>10</PCALT>
    <TCALT>0.6</TCALT>
    <Pelev>0</Pelev>
    <Telev>0</Telev>
    <PART>0.5</PART>
    <DELAY>1</DELAY>
  </CatchmentParameters>
  <VegetationZone>
    <VegetationZoneParameters>
      <TT>2.4099203678118237</TT>
      <CFMAX>0.50463361373959226</CFMAX>
      <SP>0</SP>
      <SFCF>1.499999999729978</SFCF>
      <CFR>0.014366084637809591</CFR>
      <CWH>0.11172852197850149</CWH>
      <CFGlacier>1</CFGlacier>
      <CFSlope>1</CFSlope>
      <FC>407.61326111380612</FC>
      <LP>0.88940778142185173</LP>
      <BETA>3.0787233005157657</BETA>
    </VegetationZoneParameters>
  </VegetationZone>
  <SubCatchment>
    <SubCatchmentParameters>
      <KSI>0.001</KSI>
      <KGmin>0.05</KGmin>
      <RangeKG>0.1</RangeKG>
      <AG>0.1</AG>
      <PERC>5.1750706865325338</PERC>
      <Alpha>0</Alpha>
      <UZL>106.23121817760205</UZL>
      <K0>0.47644729606058744</K0>
      <K1>0.76552537389866526</K1>
      <K2>0.14999905041188733</K2>
      <MAXBAS>1.4031885927554233</MAXBAS>
      <Cet>0</Cet>
      <PCALT>10</PCALT>
      <TCALT>0.6</TCALT>
      <Pelev>0</Pelev>
      <Telev>0</Telev>
      <PART>0.5</PART>
      <DELAY>1</DELAY>
    </SubCatchmentParameters>
    <SubCatchmentVegetationZone>
      <SubCatchmentVegetationZoneParameters>
        <TT>2.4099203678118237</TT>
        <CFMAX>0.50463361373959226</CFMAX>
        <SP>0</SP>
        <SFCF>1.499999999729978</SFCF>
        <CFR>0.014366084637809591</CFR>
        <CWH>0.11172852197850149</CWH>
        <CFGlacier>1</CFGlacier>
        <CFSlope>1</CFSlope>
        <FC>407.61326111380612</FC>
        <LP>0.88940778142185173</LP>
        <BETA>3.0787233005157657</BETA>
      </SubCatchmentVegetationZoneParameters>
    </SubCatchmentVegetationZone>
  </SubCatchment>
</Catchment>