<?xml version="1.0" encoding="utf-8"?>
<Catchment xmlns:xsi="http://www.w3.org/2001/XMLSchema-instance" xmlns:xsd="http://www.w3.org/2001/XMLSchema">
  <CatchmentParameters>
    <KSI>0.001</KSI>
    <KGmin>0.05</KGmin>
    <RangeKG>0.1</RangeKG>
    <AG>0.1</AG>
    <PERC>9.9999948338724991</PERC>
    <Alpha>0</Alpha>
    <UZL>155.09712481459641</UZL>
    <K0>0.404154291207427</K0>
    <K1>0.39212579804459474</K1>
    <K2>0.0647678003295291</K2>
    <MAXBAS>1.0649580258185483</MAXBAS>
    <Cet>0</Cet>
    <PCALT>10</PCALT>
    <TCALT>0.6</TCALT>
    <Pelev>0</Pelev>
    <Telev>0</Telev>
    <PART>0.5</PART>
    <DELAY>1</DELAY>
  </CatchmentParameters>
  <VegetationZone>
    <VegetationZoneParameters>
      <TT>-1.0260369063971506</TT>
      <CFMAX>1.2050435577357437</CFMAX>
      <SP>0</SP>
      <SFCF>0.500001820685487</SFCF>
      <CFR>0.0799624223665247</CFR>
      <CWH>0.19985949241492443</CWH>
      <CFGlacier>1</CFGlacier>
      <CFSlope>1</CFSlope>
      <FC>72.211815362889865</FC>
      <LP>0.30000005998175761</LP>
      <BETA>3.0674436778374323</BETA>
    </VegetationZoneParameters>
  </VegetationZone>
  <SubCatchment>
    <SubCatchmentParameters>
      <KSI>0.001</KSI>
      <KGmin>0.05</KGmin>
      <RangeKG>0.1</RangeKG>
      <AG>0.1</AG>
      <PERC>9.9999948338724991</PERC>
      <Alpha>0</Alpha>
      <UZL>155.09712481459641</UZL>
      <K0>0.404154291207427</K0>
      <K1>0.39212579804459474</K1>
      <K2>0.0647678003295291</K2>
      <MAXBAS>1.0649580258185483</MAXBAS>
      <Cet>0</Cet>
      <PCALT>10</PCALT>
      <TCALT>0.6</TCALT>
      <Pelev>0</Pelev>
      <Telev>0</Telev>
      <PART>0.5</PART>
      <DELAY>1</DELAY>
    </SubCatchmentParameters>
    <SubCatchmentVegetationZone>
      <SubCatchmentVegetationZoneParameters>
        <TT>-1.0260369063971506</TT>
        <CFMAX>1.2050435577357437</CFMAX>
        <SP>0</SP>
        <SFCF>0.500001820685487</SFCF>
        <CFR>0.0799624223665247</CFR>
        <CWH>0.19985949241492443</CWH>
        <CFGlacier>1</CFGlacier>
        <CFSlope>1</CFSlope>
        <FC>72.211815362889865</FC>
        <LP>0.30000005998175761</LP>
        <BETA>3.0674436778374323</BETA>
      </SubCatchmentVegetationZoneParameters>
    </SubCatchmentVegetationZone>
  </SubCatchment>
</Catchment>