<?xml version="1.0" encoding="utf-8"?>
<Catchment xmlns:xsi="http://www.w3.org/2001/XMLSchema-instance" xmlns:xsd="http://www.w3.org/2001/XMLSchema">
  <CatchmentParameters>
    <KSI>0.001</KSI>
    <KGmin>0.05</KGmin>
    <RangeKG>0.1</RangeKG>
    <AG>0.1</AG>
    <PERC>9.56757478933961</PERC>
    <Alpha>0</Alpha>
    <UZL>22.710688176813388</UZL>
    <K0>0.98999966764681158</K0>
    <K1>0.47329787606364188</K1>
    <K2>0.14999700261595039</K2>
    <MAXBAS>1.270186167607104</MAXBAS>
    <Cet>0</Cet>
    <PCALT>10</PCALT>
    <TCALT>0.6</TCALT>
    <Pelev>0</Pelev>
    <Telev>0</Telev>
    <PART>0.5</PART>
    <DELAY>1</DELAY>
  </CatchmentParameters>
  <VegetationZone>
    <VegetationZoneParameters>
      <TT>1.1417077610562867</TT>
      <CFMAX>2.8586373238693206</CFMAX>
      <SP>0</SP>
      <SFCF>0.50000010584015342</SFCF>
      <CFR>0.095964492522442157</CFR>
      <CWH>0.10000377903841271</CWH>
      <CFGlacier>1</CFGlacier>
      <CFSlope>1</CFSlope>
      <FC>108.19663457477986</FC>
      <LP>0.30000000180445691</LP>
      <BETA>2.0323542302196893</BETA>
    </VegetationZoneParameters>
  </VegetationZone>
  <SubCatchment>
    <SubCatchmentParameters>
      <KSI>0.001</KSI>
      <KGmin>0.05</KGmin>
      <RangeKG>0.1</RangeKG>
      <AG>0.1</AG>
      <PERC>9.56757478933961</PERC>
      <Alpha>0</Alpha>
      <UZL>22.710688176813388</UZL>
      <K0>0.98999966764681158</K0>
      <K1>0.47329787606364188</K1>
      <K2>0.14999700261595039</K2>
      <MAXBAS>1.270186167607104</MAXBAS>
      <Cet>0</Cet>
      <PCALT>10</PCALT>
      <TCALT>0.6</TCALT>
      <Pelev>0</Pelev>
      <Telev>0</Telev>
      <PART>0.5</PART>
      <DELAY>1</DELAY>
    </SubCatchmentParameters>
    <SubCatchmentVegetationZone>
      <SubCatchmentVegetationZoneParameters>
        <TT>1.1417077610562867</TT>
        <CFMAX>2.8586373238693206</CFMAX>
        <SP>0</SP>
        <SFCF>0.50000010584015342</SFCF>
        <CFR>0.095964492522442157</CFR>
        <CWH>0.10000377903841271</CWH>
        <CFGlacier>1</CFGlacier>
        <CFSlope>1</CFSlope>
        <FC>108.19663457477986</FC>
        <LP>0.30000000180445691</LP>
        <BETA>2.0323542302196893</BETA>
      </SubCatchmentVegetationZoneParameters>
    </SubCatchmentVegetationZone>
  </SubCatchment>
</Catchment>