<?xml version="1.0" encoding="utf-8"?>
<Catchment xmlns:xsi="http://www.w3.org/2001/XMLSchema-instance" xmlns:xsd="http://www.w3.org/2001/XMLSchema">
  <CatchmentParameters>
    <KSI>0.001</KSI>
    <KGmin>0.05</KGmin>
    <RangeKG>0.1</RangeKG>
    <AG>0.1</AG>
    <PERC>8.9481896624505755</PERC>
    <Alpha>0</Alpha>
    <UZL>185.04259477910821</UZL>
    <K0>0.27710075554158703</K0>
    <K1>0.55685244862421512</K1>
    <K2>0.14999702405575865</K2>
    <MAXBAS>1.2622052269675641</MAXBAS>
    <Cet>0</Cet>
    <PCALT>10</PCALT>
    <TCALT>0.6</TCALT>
    <Pelev>0</Pelev>
    <Telev>0</Telev>
    <PART>0.5</PART>
    <DELAY>1</DELAY>
  </CatchmentParameters>
  <VegetationZone>
    <VegetationZoneParameters>
      <TT>0.95323668069757894</TT>
      <CFMAX>1.9761085422654285</CFMAX>
      <SP>0</SP>
      <SFCF>0.526271591783597</SFCF>
      <CFR>0.080107813487488161</CFR>
      <CWH>0.10000009041381272</CWH>
      <CFGlacier>1</CFGlacier>
      <CFSlope>1</CFSlope>
      <FC>114.66150242604716</FC>
      <LP>0.3661361293373091</LP>
      <BETA>2.2058932385480565</BETA>
    </VegetationZoneParameters>
  </VegetationZone>
  <SubCatchment>
    <SubCatchmentParameters>
      <KSI>0.001</KSI>
      <KGmin>0.05</KGmin>
      <RangeKG>0.1</RangeKG>
      <AG>0.1</AG>
      <PERC>8.9481896624505755</PERC>
      <Alpha>0</Alpha>
      <UZL>185.04259477910821</UZL>
      <K0>0.27710075554158703</K0>
      <K1>0.55685244862421512</K1>
      <K2>0.14999702405575865</K2>
      <MAXBAS>1.2622052269675641</MAXBAS>
      <Cet>0</Cet>
      <PCALT>10</PCALT>
      <TCALT>0.6</TCALT>
      <Pelev>0</Pelev>
      <Telev>0</Telev>
      <PART>0.5</PART>
      <DELAY>1</DELAY>
    </SubCatchmentParameters>
    <SubCatchmentVegetationZone>
      <SubCatchmentVegetationZoneParameters>
        <TT>0.95323668069757894</TT>
        <CFMAX>1.9761085422654285</CFMAX>
        <SP>0</SP>
        <SFCF>0.526271591783597</SFCF>
        <CFR>0.080107813487488161</CFR>
        <CWH>0.10000009041381272</CWH>
        <CFGlacier>1</CFGlacier>
        <CFSlope>1</CFSlope>
        <FC>114.66150242604716</FC>
        <LP>0.3661361293373091</LP>
        <BETA>2.2058932385480565</BETA>
      </SubCatchmentVegetationZoneParameters>
    </SubCatchmentVegetationZone>
  </SubCatchment>
</Catchment>