<?xml version="1.0" encoding="utf-8"?>
<Catchment xmlns:xsi="http://www.w3.org/2001/XMLSchema-instance" xmlns:xsd="http://www.w3.org/2001/XMLSchema">
  <CatchmentParameters>
    <KSI>0.001</KSI>
    <KGmin>0.05</KGmin>
    <RangeKG>0.1</RangeKG>
    <AG>0.1</AG>
    <PERC>4.5805129715116433</PERC>
    <Alpha>0</Alpha>
    <UZL>138.47462661099277</UZL>
    <K0>0.52099820983804612</K0>
    <K1>0.53488031281755688</K1>
    <K2>0.069472363309119781</K2>
    <MAXBAS>1</MAXBAS>
    <Cet>0</Cet>
    <PCALT>10</PCALT>
    <TCALT>0.6</TCALT>
    <Pelev>0</Pelev>
    <Telev>0</Telev>
    <PART>0.5</PART>
    <DELAY>1</DELAY>
  </CatchmentParameters>
  <VegetationZone>
    <VegetationZoneParameters>
      <TT>2.4479999732161857</TT>
      <CFMAX>0.50025574289777808</CFMAX>
      <SP>0</SP>
      <SFCF>0.92277148321174185</SFCF>
      <CFR>0.065447409525722436</CFR>
      <CWH>0.17561087492121641</CWH>
      <CFGlacier>1</CFGlacier>
      <CFSlope>1</CFSlope>
      <FC>375.28113293808281</FC>
      <LP>0.60371275524130152</LP>
      <BETA>1.7304558241866637</BETA>
    </VegetationZoneParameters>
  </VegetationZone>
  <SubCatchment>
    <SubCatchmentParameters>
      <KSI>0.001</KSI>
      <KGmin>0.05</KGmin>
      <RangeKG>0.1</RangeKG>
      <AG>0.1</AG>
      <PERC>4.5805129715116433</PERC>
      <Alpha>0</Alpha>
      <UZL>138.47462661099277</UZL>
      <K0>0.52099820983804612</K0>
      <K1>0.53488031281755688</K1>
      <K2>0.069472363309119781</K2>
      <MAXBAS>1</MAXBAS>
      <Cet>0</Cet>
      <PCALT>10</PCALT>
      <TCALT>0.6</TCALT>
      <Pelev>0</Pelev>
      <Telev>0</Telev>
      <PART>0.5</PART>
      <DELAY>1</DELAY>
    </SubCatchmentParameters>
    <SubCatchmentVegetationZone>
      <SubCatchmentVegetationZoneParameters>
        <TT>2.4479999732161857</TT>
        <CFMAX>0.50025574289777808</CFMAX>
        <SP>0</SP>
        <SFCF>0.92277148321174185</SFCF>
        <CFR>0.065447409525722436</CFR>
        <CWH>0.17561087492121641</CWH>
        <CFGlacier>1</CFGlacier>
        <CFSlope>1</CFSlope>
        <FC>375.28113293808281</FC>
        <LP>0.60371275524130152</LP>
        <BETA>1.7304558241866637</BETA>
      </SubCatchmentVegetationZoneParameters>
    </SubCatchmentVegetationZone>
  </SubCatchment>
</Catchment>