<?xml version="1.0" encoding="utf-8"?>
<Catchment xmlns:xsi="http://www.w3.org/2001/XMLSchema-instance" xmlns:xsd="http://www.w3.org/2001/XMLSchema">
  <CatchmentParameters>
    <KSI>0.001</KSI>
    <KGmin>0.05</KGmin>
    <RangeKG>0.1</RangeKG>
    <AG>0.1</AG>
    <PERC>4.4270503247433259</PERC>
    <Alpha>0</Alpha>
    <UZL>99.616860288473973</UZL>
    <K0>0.59088935964936773</K0>
    <K1>0.54129123111320332</K1>
    <K2>0.084328082453520081</K2>
    <MAXBAS>1</MAXBAS>
    <Cet>0</Cet>
    <PCALT>10</PCALT>
    <TCALT>0.6</TCALT>
    <Pelev>0</Pelev>
    <Telev>0</Telev>
    <PART>0.5</PART>
    <DELAY>1</DELAY>
  </CatchmentParameters>
  <VegetationZone>
    <VegetationZoneParameters>
      <TT>1.0305421877810452</TT>
      <CFMAX>0.50790099761041763</CFMAX>
      <SP>0</SP>
      <SFCF>1.3378886966884251</SFCF>
      <CFR>0.059949397102665905</CFR>
      <CWH>0.19999237915474416</CWH>
      <CFGlacier>1</CFGlacier>
      <CFSlope>1</CFSlope>
      <FC>351.71797803501943</FC>
      <LP>0.76588576889787507</LP>
      <BETA>2.3331984193420765</BETA>
    </VegetationZoneParameters>
  </VegetationZone>
  <SubCatchment>
    <SubCatchmentParameters>
      <KSI>0.001</KSI>
      <KGmin>0.05</KGmin>
      <RangeKG>0.1</RangeKG>
      <AG>0.1</AG>
      <PERC>4.4270503247433259</PERC>
      <Alpha>0</Alpha>
      <UZL>99.616860288473973</UZL>
      <K0>0.59088935964936773</K0>
      <K1>0.54129123111320332</K1>
      <K2>0.084328082453520081</K2>
      <MAXBAS>1</MAXBAS>
      <Cet>0</Cet>
      <PCALT>10</PCALT>
      <TCALT>0.6</TCALT>
      <Pelev>0</Pelev>
      <Telev>0</Telev>
      <PART>0.5</PART>
      <DELAY>1</DELAY>
    </SubCatchmentParameters>
    <SubCatchmentVegetationZone>
      <SubCatchmentVegetationZoneParameters>
        <TT>1.0305421877810452</TT>
        <CFMAX>0.50790099761041763</CFMAX>
        <SP>0</SP>
        <SFCF>1.3378886966884251</SFCF>
        <CFR>0.059949397102665905</CFR>
        <CWH>0.19999237915474416</CWH>
        <CFGlacier>1</CFGlacier>
        <CFSlope>1</CFSlope>
        <FC>351.71797803501943</FC>
        <LP>0.76588576889787507</LP>
        <BETA>2.3331984193420765</BETA>
      </SubCatchmentVegetationZoneParameters>
    </SubCatchmentVegetationZone>
  </SubCatchment>
</Catchment>