<?xml version="1.0" encoding="utf-8"?>
<Catchment xmlns:xsi="http://www.w3.org/2001/XMLSchema-instance" xmlns:xsd="http://www.w3.org/2001/XMLSchema">
  <CatchmentParameters>
    <KSI>0.001</KSI>
    <KGmin>0.05</KGmin>
    <RangeKG>0.1</RangeKG>
    <AG>0.1</AG>
    <PERC>4.5791134534914493</PERC>
    <Alpha>0</Alpha>
    <UZL>119.78852072861729</UZL>
    <K0>0.35472191300394151</K0>
    <K1>0.577539209461429</K1>
    <K2>0.078726438858917711</K2>
    <MAXBAS>1</MAXBAS>
    <Cet>0</Cet>
    <PCALT>10</PCALT>
    <TCALT>0.6</TCALT>
    <Pelev>0</Pelev>
    <Telev>0</Telev>
    <PART>0.5</PART>
    <DELAY>1</DELAY>
  </CatchmentParameters>
  <VegetationZone>
    <VegetationZoneParameters>
      <TT>2.1013507615942548</TT>
      <CFMAX>0.54371070575166536</CFMAX>
      <SP>0</SP>
      <SFCF>1.2587399610963548</SFCF>
      <CFR>0.0085247724100257077</CFR>
      <CWH>0.10000043096626016</CWH>
      <CFGlacier>1</CFGlacier>
      <CFSlope>1</CFSlope>
      <FC>371.22583852061257</FC>
      <LP>0.90664939601240657</LP>
      <BETA>3.0417063656808616</BETA>
    </VegetationZoneParameters>
  </VegetationZone>
  <SubCatchment>
    <SubCatchmentParameters>
      <KSI>0.001</KSI>
      <KGmin>0.05</KGmin>
      <RangeKG>0.1</RangeKG>
      <AG>0.1</AG>
      <PERC>4.5791134534914493</PERC>
      <Alpha>0</Alpha>
      <UZL>119.78852072861729</UZL>
      <K0>0.35472191300394151</K0>
      <K1>0.577539209461429</K1>
      <K2>0.078726438858917711</K2>
      <MAXBAS>1</MAXBAS>
      <Cet>0</Cet>
      <PCALT>10</PCALT>
      <TCALT>0.6</TCALT>
      <Pelev>0</Pelev>
      <Telev>0</Telev>
      <PART>0.5</PART>
      <DELAY>1</DELAY>
    </SubCatchmentParameters>
    <SubCatchmentVegetationZone>
      <SubCatchmentVegetationZoneParameters>
        <TT>2.1013507615942548</TT>
        <CFMAX>0.54371070575166536</CFMAX>
        <SP>0</SP>
        <SFCF>1.2587399610963548</SFCF>
        <CFR>0.0085247724100257077</CFR>
        <CWH>0.10000043096626016</CWH>
        <CFGlacier>1</CFGlacier>
        <CFSlope>1</CFSlope>
        <FC>371.22583852061257</FC>
        <LP>0.90664939601240657</LP>
        <BETA>3.0417063656808616</BETA>
      </SubCatchmentVegetationZoneParameters>
    </SubCatchmentVegetationZone>
  </SubCatchment>
</Catchment>