<?xml version="1.0" encoding="utf-8"?>
<Catchment xmlns:xsi="http://www.w3.org/2001/XMLSchema-instance" xmlns:xsd="http://www.w3.org/2001/XMLSchema">
  <CatchmentParameters>
    <KSI>0.001</KSI>
    <KGmin>0.05</KGmin>
    <RangeKG>0.1</RangeKG>
    <AG>0.1</AG>
    <PERC>0.60300568915005393</PERC>
    <Alpha>0</Alpha>
    <UZL>12.123566762651015</UZL>
    <K0>0.98999974917446021</K0>
    <K1>0.12283267429708678</K1>
    <K2>0.14998592255635371</K2>
    <MAXBAS>1.5114082820175294</MAXBAS>
    <Cet>0</Cet>
    <PCALT>10</PCALT>
    <TCALT>0.6</TCALT>
    <Pelev>0</Pelev>
    <Telev>0</Telev>
    <PART>0.5</PART>
    <DELAY>1</DELAY>
  </CatchmentParameters>
  <VegetationZone>
    <VegetationZoneParameters>
      <TT>2.2830930979601032</TT>
      <CFMAX>0.51542992983830493</CFMAX>
      <SP>0</SP>
      <SFCF>1.4999986073030673</SFCF>
      <CFR>0.058390377463622745</CFR>
      <CWH>0.11535426872935814</CWH>
      <CFGlacier>1</CFGlacier>
      <CFSlope>1</CFSlope>
      <FC>541.62486252584824</FC>
      <LP>0.83702281329960249</LP>
      <BETA>2.2987363477214102</BETA>
    </VegetationZoneParameters>
  </VegetationZone>
  <SubCatchment>
    <SubCatchmentParameters>
      <KSI>0.001</KSI>
      <KGmin>0.05</KGmin>
      <RangeKG>0.1</RangeKG>
      <AG>0.1</AG>
      <PERC>0.60300568915005393</PERC>
      <Alpha>0</Alpha>
      <UZL>12.123566762651015</UZL>
      <K0>0.98999974917446021</K0>
      <K1>0.12283267429708678</K1>
      <K2>0.14998592255635371</K2>
      <MAXBAS>1.5114082820175294</MAXBAS>
      <Cet>0</Cet>
      <PCALT>10</PCALT>
      <TCALT>0.6</TCALT>
      <Pelev>0</Pelev>
      <Telev>0</Telev>
      <PART>0.5</PART>
      <DELAY>1</DELAY>
    </SubCatchmentParameters>
    <SubCatchmentVegetationZone>
      <SubCatchmentVegetationZoneParameters>
        <TT>2.2830930979601032</TT>
        <CFMAX>0.51542992983830493</CFMAX>
        <SP>0</SP>
        <SFCF>1.4999986073030673</SFCF>
        <CFR>0.058390377463622745</CFR>
        <CWH>0.11535426872935814</CWH>
        <CFGlacier>1</CFGlacier>
        <CFSlope>1</CFSlope>
        <FC>541.62486252584824</FC>
        <LP>0.83702281329960249</LP>
        <BETA>2.2987363477214102</BETA>
      </SubCatchmentVegetationZoneParameters>
    </SubCatchmentVegetationZone>
  </SubCatchment>
</Catchment>