<?xml version="1.0" encoding="utf-8"?>
<Catchment xmlns:xsi="http://www.w3.org/2001/XMLSchema-instance" xmlns:xsd="http://www.w3.org/2001/XMLSchema">
  <CatchmentParameters>
    <KSI>0.001</KSI>
    <KGmin>0.05</KGmin>
    <RangeKG>0.1</RangeKG>
    <AG>0.1</AG>
    <PERC>5.1405238101940549</PERC>
    <Alpha>0</Alpha>
    <UZL>91.563139787335118</UZL>
    <K0>0.43141188238100064</K0>
    <K1>0.64152774188863237</K1>
    <K2>0.064961280440189992</K2>
    <MAXBAS>1</MAXBAS>
    <Cet>0</Cet>
    <PCALT>10</PCALT>
    <TCALT>0.6</TCALT>
    <Pelev>0</Pelev>
    <Telev>0</Telev>
    <PART>0.5</PART>
    <DELAY>1</DELAY>
  </CatchmentParameters>
  <VegetationZone>
    <VegetationZoneParameters>
      <TT>1.1480099485372355</TT>
      <CFMAX>1.2516052959661204</CFMAX>
      <SP>0</SP>
      <SFCF>0.527792725780162</SFCF>
      <CFR>0.099045092314677466</CFR>
      <CWH>0.10000002779616811</CWH>
      <CFGlacier>1</CFGlacier>
      <CFSlope>1</CFSlope>
      <FC>1793.321363940539</FC>
      <LP>0.91920556398025066</LP>
      <BETA>2.8358432211415181</BETA>
    </VegetationZoneParameters>
  </VegetationZone>
  <SubCatchment>
    <SubCatchmentParameters>
      <KSI>0.001</KSI>
      <KGmin>0.05</KGmin>
      <RangeKG>0.1</RangeKG>
      <AG>0.1</AG>
      <PERC>5.1405238101940549</PERC>
      <Alpha>0</Alpha>
      <UZL>91.563139787335118</UZL>
      <K0>0.43141188238100064</K0>
      <K1>0.64152774188863237</K1>
      <K2>0.064961280440189992</K2>
      <MAXBAS>1</MAXBAS>
      <Cet>0</Cet>
      <PCALT>10</PCALT>
      <TCALT>0.6</TCALT>
      <Pelev>0</Pelev>
      <Telev>0</Telev>
      <PART>0.5</PART>
      <DELAY>1</DELAY>
    </SubCatchmentParameters>
    <SubCatchmentVegetationZone>
      <SubCatchmentVegetationZoneParameters>
        <TT>1.1480099485372355</TT>
        <CFMAX>1.2516052959661204</CFMAX>
        <SP>0</SP>
        <SFCF>0.527792725780162</SFCF>
        <CFR>0.099045092314677466</CFR>
        <CWH>0.10000002779616811</CWH>
        <CFGlacier>1</CFGlacier>
        <CFSlope>1</CFSlope>
        <FC>1793.321363940539</FC>
        <LP>0.91920556398025066</LP>
        <BETA>2.8358432211415181</BETA>
      </SubCatchmentVegetationZoneParameters>
    </SubCatchmentVegetationZone>
  </SubCatchment>
</Catchment>