<?xml version="1.0" encoding="utf-8"?>
<Catchment xmlns:xsi="http://www.w3.org/2001/XMLSchema-instance" xmlns:xsd="http://www.w3.org/2001/XMLSchema">
  <CatchmentParameters>
    <KSI>0.001</KSI>
    <KGmin>0.05</KGmin>
    <RangeKG>0.1</RangeKG>
    <AG>0.1</AG>
    <PERC>5.3790943425657707</PERC>
    <Alpha>0</Alpha>
    <UZL>71.593108083935675</UZL>
    <K0>0.14970418394214671</K0>
    <K1>0.71938813747926078</K1>
    <K2>0.1499993378322203</K2>
    <MAXBAS>1.3373964639508114</MAXBAS>
    <Cet>0</Cet>
    <PCALT>10</PCALT>
    <TCALT>0.6</TCALT>
    <Pelev>0</Pelev>
    <Telev>0</Telev>
    <PART>0.5</PART>
    <DELAY>1</DELAY>
  </CatchmentParameters>
  <VegetationZone>
    <VegetationZoneParameters>
      <TT>2.4995555214270389</TT>
      <CFMAX>0.52693029710527217</CFMAX>
      <SP>0</SP>
      <SFCF>1.4999994540353379</SFCF>
      <CFR>0.012126453825012958</CFR>
      <CWH>0.10000030782137628</CWH>
      <CFGlacier>1</CFGlacier>
      <CFSlope>1</CFSlope>
      <FC>418.80526837107135</FC>
      <LP>0.98859265415871755</LP>
      <BETA>3.6112203116448831</BETA>
    </VegetationZoneParameters>
  </VegetationZone>
  <SubCatchment>
    <SubCatchmentParameters>
      <KSI>0.001</KSI>
      <KGmin>0.05</KGmin>
      <RangeKG>0.1</RangeKG>
      <AG>0.1</AG>
      <PERC>5.3790943425657707</PERC>
      <Alpha>0</Alpha>
      <UZL>71.593108083935675</UZL>
      <K0>0.14970418394214671</K0>
      <K1>0.71938813747926078</K1>
      <K2>0.1499993378322203</K2>
      <MAXBAS>1.3373964639508114</MAXBAS>
      <Cet>0</Cet>
      <PCALT>10</PCALT>
      <TCALT>0.6</TCALT>
      <Pelev>0</Pelev>
      <Telev>0</Telev>
      <PART>0.5</PART>
      <DELAY>1</DELAY>
    </SubCatchmentParameters>
    <SubCatchmentVegetationZone>
      <SubCatchmentVegetationZoneParameters>
        <TT>2.4995555214270389</TT>
        <CFMAX>0.52693029710527217</CFMAX>
        <SP>0</SP>
        <SFCF>1.4999994540353379</SFCF>
        <CFR>0.012126453825012958</CFR>
        <CWH>0.10000030782137628</CWH>
        <CFGlacier>1</CFGlacier>
        <CFSlope>1</CFSlope>
        <FC>418.80526837107135</FC>
        <LP>0.98859265415871755</LP>
        <BETA>3.6112203116448831</BETA>
      </SubCatchmentVegetationZoneParameters>
    </SubCatchmentVegetationZone>
  </SubCatchment>
</Catchment>