<?xml version="1.0" encoding="utf-8"?>
<Catchment xmlns:xsi="http://www.w3.org/2001/XMLSchema-instance" xmlns:xsd="http://www.w3.org/2001/XMLSchema">
  <CatchmentParameters>
    <KSI>0.001</KSI>
    <KGmin>0.05</KGmin>
    <RangeKG>0.1</RangeKG>
    <AG>0.1</AG>
    <PERC>9.9999996508818221</PERC>
    <Alpha>0</Alpha>
    <UZL>122.95110095783012</UZL>
    <K0>0.67283911325203749</K0>
    <K1>0.58298618806117419</K1>
    <K2>0.1297203013160512</K2>
    <MAXBAS>1.3377106404538939</MAXBAS>
    <Cet>0</Cet>
    <PCALT>10</PCALT>
    <TCALT>0.6</TCALT>
    <Pelev>0</Pelev>
    <Telev>0</Telev>
    <PART>0.5</PART>
    <DELAY>1</DELAY>
  </CatchmentParameters>
  <VegetationZone>
    <VegetationZoneParameters>
      <TT>-1.0275984018857607</TT>
      <CFMAX>1.21646278255228</CFMAX>
      <SP>0</SP>
      <SFCF>0.50000028575144351</SFCF>
      <CFR>0.028782000542349889</CFR>
      <CWH>0.10001518450920391</CWH>
      <CFGlacier>1</CFGlacier>
      <CFSlope>1</CFSlope>
      <FC>101.98816639557077</FC>
      <LP>0.30000006475652097</LP>
      <BETA>2.2510983955664141</BETA>
    </VegetationZoneParameters>
  </VegetationZone>
  <SubCatchment>
    <SubCatchmentParameters>
      <KSI>0.001</KSI>
      <KGmin>0.05</KGmin>
      <RangeKG>0.1</RangeKG>
      <AG>0.1</AG>
      <PERC>9.9999996508818221</PERC>
      <Alpha>0</Alpha>
      <UZL>122.95110095783012</UZL>
      <K0>0.67283911325203749</K0>
      <K1>0.58298618806117419</K1>
      <K2>0.1297203013160512</K2>
      <MAXBAS>1.3377106404538939</MAXBAS>
      <Cet>0</Cet>
      <PCALT>10</PCALT>
      <TCALT>0.6</TCALT>
      <Pelev>0</Pelev>
      <Telev>0</Telev>
      <PART>0.5</PART>
      <DELAY>1</DELAY>
    </SubCatchmentParameters>
    <SubCatchmentVegetationZone>
      <SubCatchmentVegetationZoneParameters>
        <TT>-1.0275984018857607</TT>
        <CFMAX>1.21646278255228</CFMAX>
        <SP>0</SP>
        <SFCF>0.50000028575144351</SFCF>
        <CFR>0.028782000542349889</CFR>
        <CWH>0.10001518450920391</CWH>
        <CFGlacier>1</CFGlacier>
        <CFSlope>1</CFSlope>
        <FC>101.98816639557077</FC>
        <LP>0.30000006475652097</LP>
        <BETA>2.2510983955664141</BETA>
      </SubCatchmentVegetationZoneParameters>
    </SubCatchmentVegetationZone>
  </SubCatchment>
</Catchment>