<?xml version="1.0" encoding="utf-8"?>
<Catchment xmlns:xsi="http://www.w3.org/2001/XMLSchema-instance" xmlns:xsd="http://www.w3.org/2001/XMLSchema">
  <CatchmentParameters>
    <KSI>0.001</KSI>
    <KGmin>0.05</KGmin>
    <RangeKG>0.1</RangeKG>
    <AG>0.1</AG>
    <PERC>4.66334287843431</PERC>
    <Alpha>0</Alpha>
    <UZL>119.80453573782167</UZL>
    <K0>0.58771412790635147</K0>
    <K1>0.53425825778141955</K1>
    <K2>0.07109864718697094</K2>
    <MAXBAS>1</MAXBAS>
    <Cet>0</Cet>
    <PCALT>10</PCALT>
    <TCALT>0.6</TCALT>
    <Pelev>0</Pelev>
    <Telev>0</Telev>
    <PART>0.5</PART>
    <DELAY>1</DELAY>
  </CatchmentParameters>
  <VegetationZone>
    <VegetationZoneParameters>
      <TT>2.3371205134297339</TT>
      <CFMAX>0.50012100320406561</CFMAX>
      <SP>0</SP>
      <SFCF>0.95726225540111687</SFCF>
      <CFR>0.05943105696709413</CFR>
      <CWH>0.1704630689960987</CWH>
      <CFGlacier>1</CFGlacier>
      <CFSlope>1</CFSlope>
      <FC>306.49868764679758</FC>
      <LP>0.82859883708735538</LP>
      <BETA>2.6158755587829492</BETA>
    </VegetationZoneParameters>
  </VegetationZone>
  <SubCatchment>
    <SubCatchmentParameters>
      <KSI>0.001</KSI>
      <KGmin>0.05</KGmin>
      <RangeKG>0.1</RangeKG>
      <AG>0.1</AG>
      <PERC>4.66334287843431</PERC>
      <Alpha>0</Alpha>
      <UZL>119.80453573782167</UZL>
      <K0>0.58771412790635147</K0>
      <K1>0.53425825778141955</K1>
      <K2>0.07109864718697094</K2>
      <MAXBAS>1</MAXBAS>
      <Cet>0</Cet>
      <PCALT>10</PCALT>
      <TCALT>0.6</TCALT>
      <Pelev>0</Pelev>
      <Telev>0</Telev>
      <PART>0.5</PART>
      <DELAY>1</DELAY>
    </SubCatchmentParameters>
    <SubCatchmentVegetationZone>
      <SubCatchmentVegetationZoneParameters>
        <TT>2.3371205134297339</TT>
        <CFMAX>0.50012100320406561</CFMAX>
        <SP>0</SP>
        <SFCF>0.95726225540111687</SFCF>
        <CFR>0.05943105696709413</CFR>
        <CWH>0.1704630689960987</CWH>
        <CFGlacier>1</CFGlacier>
        <CFSlope>1</CFSlope>
        <FC>306.49868764679758</FC>
        <LP>0.82859883708735538</LP>
        <BETA>2.6158755587829492</BETA>
      </SubCatchmentVegetationZoneParameters>
    </SubCatchmentVegetationZone>
  </SubCatchment>
</Catchment>