<?xml version="1.0" encoding="utf-8"?>
<Catchment xmlns:xsi="http://www.w3.org/2001/XMLSchema-instance" xmlns:xsd="http://www.w3.org/2001/XMLSchema">
  <CatchmentParameters>
    <KSI>0.001</KSI>
    <KGmin>0.05</KGmin>
    <RangeKG>0.1</RangeKG>
    <AG>0.1</AG>
    <PERC>5.3790287057956689</PERC>
    <Alpha>0</Alpha>
    <UZL>52.131433261515305</UZL>
    <K0>0.48295962516707247</K0>
    <K1>0.6357157569265629</K1>
    <K2>0.1499999999871304</K2>
    <MAXBAS>1.2533866927759469</MAXBAS>
    <Cet>0</Cet>
    <PCALT>10</PCALT>
    <TCALT>0.6</TCALT>
    <Pelev>0</Pelev>
    <Telev>0</Telev>
    <PART>0.5</PART>
    <DELAY>1</DELAY>
  </CatchmentParameters>
  <VegetationZone>
    <VegetationZoneParameters>
      <TT>2.22642192197154</TT>
      <CFMAX>0.50188356597525474</CFMAX>
      <SP>0</SP>
      <SFCF>1.4999992042780979</SFCF>
      <CFR>0.098744650875588147</CFR>
      <CWH>0.10000013269479226</CWH>
      <CFGlacier>1</CFGlacier>
      <CFSlope>1</CFSlope>
      <FC>449.26785593935779</FC>
      <LP>0.88349523455225243</LP>
      <BETA>2.7608060222537065</BETA>
    </VegetationZoneParameters>
  </VegetationZone>
  <SubCatchment>
    <SubCatchmentParameters>
      <KSI>0.001</KSI>
      <KGmin>0.05</KGmin>
      <RangeKG>0.1</RangeKG>
      <AG>0.1</AG>
      <PERC>5.3790287057956689</PERC>
      <Alpha>0</Alpha>
      <UZL>52.131433261515305</UZL>
      <K0>0.48295962516707247</K0>
      <K1>0.6357157569265629</K1>
      <K2>0.1499999999871304</K2>
      <MAXBAS>1.2533866927759469</MAXBAS>
      <Cet>0</Cet>
      <PCALT>10</PCALT>
      <TCALT>0.6</TCALT>
      <Pelev>0</Pelev>
      <Telev>0</Telev>
      <PART>0.5</PART>
      <DELAY>1</DELAY>
    </SubCatchmentParameters>
    <SubCatchmentVegetationZone>
      <SubCatchmentVegetationZoneParameters>
        <TT>2.22642192197154</TT>
        <CFMAX>0.50188356597525474</CFMAX>
        <SP>0</SP>
        <SFCF>1.4999992042780979</SFCF>
        <CFR>0.098744650875588147</CFR>
        <CWH>0.10000013269479226</CWH>
        <CFGlacier>1</CFGlacier>
        <CFSlope>1</CFSlope>
        <FC>449.26785593935779</FC>
        <LP>0.88349523455225243</LP>
        <BETA>2.7608060222537065</BETA>
      </SubCatchmentVegetationZoneParameters>
    </SubCatchmentVegetationZone>
  </SubCatchment>
</Catchment>