<?xml version="1.0" encoding="utf-8"?>
<Catchment xmlns:xsi="http://www.w3.org/2001/XMLSchema-instance" xmlns:xsd="http://www.w3.org/2001/XMLSchema">
  <CatchmentParameters>
    <KSI>0.001</KSI>
    <KGmin>0.05</KGmin>
    <RangeKG>0.1</RangeKG>
    <AG>0.1</AG>
    <PERC>5.2252054125014462</PERC>
    <Alpha>0</Alpha>
    <UZL>97.511018040007912</UZL>
    <K0>0.37286258866423128</K0>
    <K1>0.79336914173724638</K1>
    <K2>0.14999954613549005</K2>
    <MAXBAS>1.3923197959700386</MAXBAS>
    <Cet>0</Cet>
    <PCALT>10</PCALT>
    <TCALT>0.6</TCALT>
    <Pelev>0</Pelev>
    <Telev>0</Telev>
    <PART>0.5</PART>
    <DELAY>1</DELAY>
  </CatchmentParameters>
  <VegetationZone>
    <VegetationZoneParameters>
      <TT>2.4992718497356</TT>
      <CFMAX>0.52088089615004174</CFMAX>
      <SP>0</SP>
      <SFCF>1.4999997330262676</SFCF>
      <CFR>0.071488252916745709</CFR>
      <CWH>0.10696367849510967</CWH>
      <CFGlacier>1</CFGlacier>
      <CFSlope>1</CFSlope>
      <FC>402.574610462996</FC>
      <LP>0.91369071181146821</LP>
      <BETA>3.3272241148508086</BETA>
    </VegetationZoneParameters>
  </VegetationZone>
  <SubCatchment>
    <SubCatchmentParameters>
      <KSI>0.001</KSI>
      <KGmin>0.05</KGmin>
      <RangeKG>0.1</RangeKG>
      <AG>0.1</AG>
      <PERC>5.2252054125014462</PERC>
      <Alpha>0</Alpha>
      <UZL>97.511018040007912</UZL>
      <K0>0.37286258866423128</K0>
      <K1>0.79336914173724638</K1>
      <K2>0.14999954613549005</K2>
      <MAXBAS>1.3923197959700386</MAXBAS>
      <Cet>0</Cet>
      <PCALT>10</PCALT>
      <TCALT>0.6</TCALT>
      <Pelev>0</Pelev>
      <Telev>0</Telev>
      <PART>0.5</PART>
      <DELAY>1</DELAY>
    </SubCatchmentParameters>
    <SubCatchmentVegetationZone>
      <SubCatchmentVegetationZoneParameters>
        <TT>2.4992718497356</TT>
        <CFMAX>0.52088089615004174</CFMAX>
        <SP>0</SP>
        <SFCF>1.4999997330262676</SFCF>
        <CFR>0.071488252916745709</CFR>
        <CWH>0.10696367849510967</CWH>
        <CFGlacier>1</CFGlacier>
        <CFSlope>1</CFSlope>
        <FC>402.574610462996</FC>
        <LP>0.91369071181146821</LP>
        <BETA>3.3272241148508086</BETA>
      </SubCatchmentVegetationZoneParameters>
    </SubCatchmentVegetationZone>
  </SubCatchment>
</Catchment>