<?xml version="1.0" encoding="utf-8"?>
<Catchment xmlns:xsi="http://www.w3.org/2001/XMLSchema-instance" xmlns:xsd="http://www.w3.org/2001/XMLSchema">
  <CatchmentParameters>
    <KSI>0.001</KSI>
    <KGmin>0.05</KGmin>
    <RangeKG>0.1</RangeKG>
    <AG>0.1</AG>
    <PERC>4.3238359327224174</PERC>
    <Alpha>0</Alpha>
    <UZL>82.26836004974767</UZL>
    <K0>0.066258997765183208</K0>
    <K1>0.58197238777493343</K1>
    <K2>0.085463489596352624</K2>
    <MAXBAS>1</MAXBAS>
    <Cet>0</Cet>
    <PCALT>10</PCALT>
    <TCALT>0.6</TCALT>
    <Pelev>0</Pelev>
    <Telev>0</Telev>
    <PART>0.5</PART>
    <DELAY>1</DELAY>
  </CatchmentParameters>
  <VegetationZone>
    <VegetationZoneParameters>
      <TT>0.99979694749458736</TT>
      <CFMAX>0.50000086192260806</CFMAX>
      <SP>0</SP>
      <SFCF>1.315428008986854</SFCF>
      <CFR>0.078381484085104369</CFR>
      <CWH>0.19999740960064169</CWH>
      <CFGlacier>1</CFGlacier>
      <CFSlope>1</CFSlope>
      <FC>532.90417748505422</FC>
      <LP>0.87014382499080023</LP>
      <BETA>2.5996278055594506</BETA>
    </VegetationZoneParameters>
  </VegetationZone>
  <SubCatchment>
    <SubCatchmentParameters>
      <KSI>0.001</KSI>
      <KGmin>0.05</KGmin>
      <RangeKG>0.1</RangeKG>
      <AG>0.1</AG>
      <PERC>4.3238359327224174</PERC>
      <Alpha>0</Alpha>
      <UZL>82.26836004974767</UZL>
      <K0>0.066258997765183208</K0>
      <K1>0.58197238777493343</K1>
      <K2>0.085463489596352624</K2>
      <MAXBAS>1</MAXBAS>
      <Cet>0</Cet>
      <PCALT>10</PCALT>
      <TCALT>0.6</TCALT>
      <Pelev>0</Pelev>
      <Telev>0</Telev>
      <PART>0.5</PART>
      <DELAY>1</DELAY>
    </SubCatchmentParameters>
    <SubCatchmentVegetationZone>
      <SubCatchmentVegetationZoneParameters>
        <TT>0.99979694749458736</TT>
        <CFMAX>0.50000086192260806</CFMAX>
        <SP>0</SP>
        <SFCF>1.315428008986854</SFCF>
        <CFR>0.078381484085104369</CFR>
        <CWH>0.19999740960064169</CWH>
        <CFGlacier>1</CFGlacier>
        <CFSlope>1</CFSlope>
        <FC>532.90417748505422</FC>
        <LP>0.87014382499080023</LP>
        <BETA>2.5996278055594506</BETA>
      </SubCatchmentVegetationZoneParameters>
    </SubCatchmentVegetationZone>
  </SubCatchment>
</Catchment>