<?xml version="1.0" encoding="utf-8"?>
<Catchment xmlns:xsi="http://www.w3.org/2001/XMLSchema-instance" xmlns:xsd="http://www.w3.org/2001/XMLSchema">
  <CatchmentParameters>
    <KSI>0.001</KSI>
    <KGmin>0.05</KGmin>
    <RangeKG>0.1</RangeKG>
    <AG>0.1</AG>
    <PERC>8.692877750359937</PERC>
    <Alpha>0</Alpha>
    <UZL>133.72865349140596</UZL>
    <K0>0.57275321374764132</K0>
    <K1>0.58220333942721392</K1>
    <K2>0.14904461217928677</K2>
    <MAXBAS>1.3135828509477145</MAXBAS>
    <Cet>0</Cet>
    <PCALT>10</PCALT>
    <TCALT>0.6</TCALT>
    <Pelev>0</Pelev>
    <Telev>0</Telev>
    <PART>0.5</PART>
    <DELAY>1</DELAY>
  </CatchmentParameters>
  <VegetationZone>
    <VegetationZoneParameters>
      <TT>1.2125262579172071</TT>
      <CFMAX>3.5413104779384978</CFMAX>
      <SP>0</SP>
      <SFCF>0.50000016249279933</SFCF>
      <CFR>0.055986455674530582</CFR>
      <CWH>0.10000030879073824</CWH>
      <CFGlacier>1</CFGlacier>
      <CFSlope>1</CFSlope>
      <FC>112.23523455852126</FC>
      <LP>0.36517440283064412</LP>
      <BETA>2.0658743680557077</BETA>
    </VegetationZoneParameters>
  </VegetationZone>
  <SubCatchment>
    <SubCatchmentParameters>
      <KSI>0.001</KSI>
      <KGmin>0.05</KGmin>
      <RangeKG>0.1</RangeKG>
      <AG>0.1</AG>
      <PERC>8.692877750359937</PERC>
      <Alpha>0</Alpha>
      <UZL>133.72865349140596</UZL>
      <K0>0.57275321374764132</K0>
      <K1>0.58220333942721392</K1>
      <K2>0.14904461217928677</K2>
      <MAXBAS>1.3135828509477145</MAXBAS>
      <Cet>0</Cet>
      <PCALT>10</PCALT>
      <TCALT>0.6</TCALT>
      <Pelev>0</Pelev>
      <Telev>0</Telev>
      <PART>0.5</PART>
      <DELAY>1</DELAY>
    </SubCatchmentParameters>
    <SubCatchmentVegetationZone>
      <SubCatchmentVegetationZoneParameters>
        <TT>1.2125262579172071</TT>
        <CFMAX>3.5413104779384978</CFMAX>
        <SP>0</SP>
        <SFCF>0.50000016249279933</SFCF>
        <CFR>0.055986455674530582</CFR>
        <CWH>0.10000030879073824</CWH>
        <CFGlacier>1</CFGlacier>
        <CFSlope>1</CFSlope>
        <FC>112.23523455852126</FC>
        <LP>0.36517440283064412</LP>
        <BETA>2.0658743680557077</BETA>
      </SubCatchmentVegetationZoneParameters>
    </SubCatchmentVegetationZone>
  </SubCatchment>
</Catchment>