<?xml version="1.0" encoding="utf-8"?>
<Catchment xmlns:xsi="http://www.w3.org/2001/XMLSchema-instance" xmlns:xsd="http://www.w3.org/2001/XMLSchema">
  <CatchmentParameters>
    <KSI>0.001</KSI>
    <KGmin>0.05</KGmin>
    <RangeKG>0.1</RangeKG>
    <AG>0.1</AG>
    <PERC>5.5987158153912224</PERC>
    <Alpha>0</Alpha>
    <UZL>5.982785894236808</UZL>
    <K0>0.98999578456310289</K0>
    <K1>0.45242895739637096</K1>
    <K2>0.14999961817357729</K2>
    <MAXBAS>1.5430664334267648</MAXBAS>
    <Cet>0</Cet>
    <PCALT>10</PCALT>
    <TCALT>0.6</TCALT>
    <Pelev>0</Pelev>
    <Telev>0</Telev>
    <PART>0.5</PART>
    <DELAY>1</DELAY>
  </CatchmentParameters>
  <VegetationZone>
    <VegetationZoneParameters>
      <TT>2.4631668978663077</TT>
      <CFMAX>0.51470981640084623</CFMAX>
      <SP>0</SP>
      <SFCF>1.4999990530590437</SFCF>
      <CFR>0.039296674129910621</CFR>
      <CWH>0.15209122573511835</CWH>
      <CFGlacier>1</CFGlacier>
      <CFSlope>1</CFSlope>
      <FC>585.53321146526173</FC>
      <LP>0.77727562540273265</LP>
      <BETA>2.1789644085935032</BETA>
    </VegetationZoneParameters>
  </VegetationZone>
  <SubCatchment>
    <SubCatchmentParameters>
      <KSI>0.001</KSI>
      <KGmin>0.05</KGmin>
      <RangeKG>0.1</RangeKG>
      <AG>0.1</AG>
      <PERC>5.5987158153912224</PERC>
      <Alpha>0</Alpha>
      <UZL>5.982785894236808</UZL>
      <K0>0.98999578456310289</K0>
      <K1>0.45242895739637096</K1>
      <K2>0.14999961817357729</K2>
      <MAXBAS>1.5430664334267648</MAXBAS>
      <Cet>0</Cet>
      <PCALT>10</PCALT>
      <TCALT>0.6</TCALT>
      <Pelev>0</Pelev>
      <Telev>0</Telev>
      <PART>0.5</PART>
      <DELAY>1</DELAY>
    </SubCatchmentParameters>
    <SubCatchmentVegetationZone>
      <SubCatchmentVegetationZoneParameters>
        <TT>2.4631668978663077</TT>
        <CFMAX>0.51470981640084623</CFMAX>
        <SP>0</SP>
        <SFCF>1.4999990530590437</SFCF>
        <CFR>0.039296674129910621</CFR>
        <CWH>0.15209122573511835</CWH>
        <CFGlacier>1</CFGlacier>
        <CFSlope>1</CFSlope>
        <FC>585.53321146526173</FC>
        <LP>0.77727562540273265</LP>
        <BETA>2.1789644085935032</BETA>
      </SubCatchmentVegetationZoneParameters>
    </SubCatchmentVegetationZone>
  </SubCatchment>
</Catchment>