<?xml version="1.0" encoding="utf-8"?>
<Catchment xmlns:xsi="http://www.w3.org/2001/XMLSchema-instance" xmlns:xsd="http://www.w3.org/2001/XMLSchema">
  <CatchmentParameters>
    <KSI>0.001</KSI>
    <KGmin>0.05</KGmin>
    <RangeKG>0.1</RangeKG>
    <AG>0.1</AG>
    <PERC>4.983817410445619</PERC>
    <Alpha>0</Alpha>
    <UZL>130.98307392760086</UZL>
    <K0>0.58944124151486321</K0>
    <K1>0.49981501602829881</K1>
    <K2>0.06361594260136319</K2>
    <MAXBAS>1</MAXBAS>
    <Cet>0</Cet>
    <PCALT>10</PCALT>
    <TCALT>0.6</TCALT>
    <Pelev>0</Pelev>
    <Telev>0</Telev>
    <PART>0.5</PART>
    <DELAY>1</DELAY>
  </CatchmentParameters>
  <VegetationZone>
    <VegetationZoneParameters>
      <TT>2.4999912638357769</TT>
      <CFMAX>0.50000005709205986</CFMAX>
      <SP>0</SP>
      <SFCF>0.88074638995163168</SFCF>
      <CFR>0.099992938937667614</CFR>
      <CWH>0.10000393480390409</CWH>
      <CFGlacier>1</CFGlacier>
      <CFSlope>1</CFSlope>
      <FC>240.31040919564882</FC>
      <LP>0.76319922243571725</LP>
      <BETA>2.5033077754249313</BETA>
    </VegetationZoneParameters>
  </VegetationZone>
  <SubCatchment>
    <SubCatchmentParameters>
      <KSI>0.001</KSI>
      <KGmin>0.05</KGmin>
      <RangeKG>0.1</RangeKG>
      <AG>0.1</AG>
      <PERC>4.983817410445619</PERC>
      <Alpha>0</Alpha>
      <UZL>130.98307392760086</UZL>
      <K0>0.58944124151486321</K0>
      <K1>0.49981501602829881</K1>
      <K2>0.06361594260136319</K2>
      <MAXBAS>1</MAXBAS>
      <Cet>0</Cet>
      <PCALT>10</PCALT>
      <TCALT>0.6</TCALT>
      <Pelev>0</Pelev>
      <Telev>0</Telev>
      <PART>0.5</PART>
      <DELAY>1</DELAY>
    </SubCatchmentParameters>
    <SubCatchmentVegetationZone>
      <SubCatchmentVegetationZoneParameters>
        <TT>2.4999912638357769</TT>
        <CFMAX>0.50000005709205986</CFMAX>
        <SP>0</SP>
        <SFCF>0.88074638995163168</SFCF>
        <CFR>0.099992938937667614</CFR>
        <CWH>0.10000393480390409</CWH>
        <CFGlacier>1</CFGlacier>
        <CFSlope>1</CFSlope>
        <FC>240.31040919564882</FC>
        <LP>0.76319922243571725</LP>
        <BETA>2.5033077754249313</BETA>
      </SubCatchmentVegetationZoneParameters>
    </SubCatchmentVegetationZone>
  </SubCatchment>
</Catchment>