<?xml version="1.0" encoding="utf-8"?>
<Catchment xmlns:xsi="http://www.w3.org/2001/XMLSchema-instance" xmlns:xsd="http://www.w3.org/2001/XMLSchema">
  <CatchmentParameters>
    <KSI>0.001</KSI>
    <KGmin>0.05</KGmin>
    <RangeKG>0.1</RangeKG>
    <AG>0.1</AG>
    <PERC>4.6647950692830236</PERC>
    <Alpha>0</Alpha>
    <UZL>126.45016932781311</UZL>
    <K0>0.43360922588103634</K0>
    <K1>0.56192810353721123</K1>
    <K2>0.074784847128818263</K2>
    <MAXBAS>1</MAXBAS>
    <Cet>0</Cet>
    <PCALT>10</PCALT>
    <TCALT>0.6</TCALT>
    <Pelev>0</Pelev>
    <Telev>0</Telev>
    <PART>0.5</PART>
    <DELAY>1</DELAY>
  </CatchmentParameters>
  <VegetationZone>
    <VegetationZoneParameters>
      <TT>2.3224663022079741</TT>
      <CFMAX>0.56441449013777489</CFMAX>
      <SP>0</SP>
      <SFCF>1.1312705089387829</SFCF>
      <CFR>0.025598124347284163</CFR>
      <CWH>0.13383175249598386</CWH>
      <CFGlacier>1</CFGlacier>
      <CFSlope>1</CFSlope>
      <FC>339.01756962084448</FC>
      <LP>0.94543672506710918</LP>
      <BETA>3.2710275346141948</BETA>
    </VegetationZoneParameters>
  </VegetationZone>
  <SubCatchment>
    <SubCatchmentParameters>
      <KSI>0.001</KSI>
      <KGmin>0.05</KGmin>
      <RangeKG>0.1</RangeKG>
      <AG>0.1</AG>
      <PERC>4.6647950692830236</PERC>
      <Alpha>0</Alpha>
      <UZL>126.45016932781311</UZL>
      <K0>0.43360922588103634</K0>
      <K1>0.56192810353721123</K1>
      <K2>0.074784847128818263</K2>
      <MAXBAS>1</MAXBAS>
      <Cet>0</Cet>
      <PCALT>10</PCALT>
      <TCALT>0.6</TCALT>
      <Pelev>0</Pelev>
      <Telev>0</Telev>
      <PART>0.5</PART>
      <DELAY>1</DELAY>
    </SubCatchmentParameters>
    <SubCatchmentVegetationZone>
      <SubCatchmentVegetationZoneParameters>
        <TT>2.3224663022079741</TT>
        <CFMAX>0.56441449013777489</CFMAX>
        <SP>0</SP>
        <SFCF>1.1312705089387829</SFCF>
        <CFR>0.025598124347284163</CFR>
        <CWH>0.13383175249598386</CWH>
        <CFGlacier>1</CFGlacier>
        <CFSlope>1</CFSlope>
        <FC>339.01756962084448</FC>
        <LP>0.94543672506710918</LP>
        <BETA>3.2710275346141948</BETA>
      </SubCatchmentVegetationZoneParameters>
    </SubCatchmentVegetationZone>
  </SubCatchment>
</Catchment>