<?xml version="1.0" encoding="utf-8"?>
<Catchment xmlns:xsi="http://www.w3.org/2001/XMLSchema-instance" xmlns:xsd="http://www.w3.org/2001/XMLSchema">
  <CatchmentParameters>
    <KSI>0.001</KSI>
    <KGmin>0.05</KGmin>
    <RangeKG>0.1</RangeKG>
    <AG>0.1</AG>
    <PERC>7.270330666727471</PERC>
    <Alpha>0</Alpha>
    <UZL>149.56962741181647</UZL>
    <K0>0.1452373304670585</K0>
    <K1>0.65036345659738681</K1>
    <K2>0.1499996988546401</K2>
    <MAXBAS>1.3695405043285176</MAXBAS>
    <Cet>0</Cet>
    <PCALT>10</PCALT>
    <TCALT>0.6</TCALT>
    <Pelev>0</Pelev>
    <Telev>0</Telev>
    <PART>0.5</PART>
    <DELAY>1</DELAY>
  </CatchmentParameters>
  <VegetationZone>
    <VegetationZoneParameters>
      <TT>1.2834117035094874</TT>
      <CFMAX>4.656052455117857</CFMAX>
      <SP>0</SP>
      <SFCF>0.50016727270513517</SFCF>
      <CFR>0.0632858897319948</CFR>
      <CWH>0.10002028167877694</CWH>
      <CFGlacier>1</CFGlacier>
      <CFSlope>1</CFSlope>
      <FC>140.49056123136703</FC>
      <LP>0.30000007354203839</LP>
      <BETA>1.667446904905481</BETA>
    </VegetationZoneParameters>
  </VegetationZone>
  <SubCatchment>
    <SubCatchmentParameters>
      <KSI>0.001</KSI>
      <KGmin>0.05</KGmin>
      <RangeKG>0.1</RangeKG>
      <AG>0.1</AG>
      <PERC>7.270330666727471</PERC>
      <Alpha>0</Alpha>
      <UZL>149.56962741181647</UZL>
      <K0>0.1452373304670585</K0>
      <K1>0.65036345659738681</K1>
      <K2>0.1499996988546401</K2>
      <MAXBAS>1.3695405043285176</MAXBAS>
      <Cet>0</Cet>
      <PCALT>10</PCALT>
      <TCALT>0.6</TCALT>
      <Pelev>0</Pelev>
      <Telev>0</Telev>
      <PART>0.5</PART>
      <DELAY>1</DELAY>
    </SubCatchmentParameters>
    <SubCatchmentVegetationZone>
      <SubCatchmentVegetationZoneParameters>
        <TT>1.2834117035094874</TT>
        <CFMAX>4.656052455117857</CFMAX>
        <SP>0</SP>
        <SFCF>0.50016727270513517</SFCF>
        <CFR>0.0632858897319948</CFR>
        <CWH>0.10002028167877694</CWH>
        <CFGlacier>1</CFGlacier>
        <CFSlope>1</CFSlope>
        <FC>140.49056123136703</FC>
        <LP>0.30000007354203839</LP>
        <BETA>1.667446904905481</BETA>
      </SubCatchmentVegetationZoneParameters>
    </SubCatchmentVegetationZone>
  </SubCatchment>
</Catchment>