<?xml version="1.0" encoding="utf-8"?>
<Catchment xmlns:xsi="http://www.w3.org/2001/XMLSchema-instance" xmlns:xsd="http://www.w3.org/2001/XMLSchema">
  <CatchmentParameters>
    <KSI>0.001</KSI>
    <KGmin>0.05</KGmin>
    <RangeKG>0.1</RangeKG>
    <AG>0.1</AG>
    <PERC>4.9860499004701335</PERC>
    <Alpha>0</Alpha>
    <UZL>120.34670531786121</UZL>
    <K0>0.27819564811564274</K0>
    <K1>0.67777230199486838</K1>
    <K2>0.070827219111320089</K2>
    <MAXBAS>1</MAXBAS>
    <Cet>0</Cet>
    <PCALT>10</PCALT>
    <TCALT>0.6</TCALT>
    <Pelev>0</Pelev>
    <Telev>0</Telev>
    <PART>0.5</PART>
    <DELAY>1</DELAY>
  </CatchmentParameters>
  <VegetationZone>
    <VegetationZoneParameters>
      <TT>0.913399355125274</TT>
      <CFMAX>0.502531595983683</CFMAX>
      <SP>0</SP>
      <SFCF>1.0796538652298517</SFCF>
      <CFR>0.09706852715815685</CFR>
      <CWH>0.1734931053911925</CWH>
      <CFGlacier>1</CFGlacier>
      <CFSlope>1</CFSlope>
      <FC>2290.6063106720144</FC>
      <LP>0.95360716047516736</LP>
      <BETA>3.7026197662535716</BETA>
    </VegetationZoneParameters>
  </VegetationZone>
  <SubCatchment>
    <SubCatchmentParameters>
      <KSI>0.001</KSI>
      <KGmin>0.05</KGmin>
      <RangeKG>0.1</RangeKG>
      <AG>0.1</AG>
      <PERC>4.9860499004701335</PERC>
      <Alpha>0</Alpha>
      <UZL>120.34670531786121</UZL>
      <K0>0.27819564811564274</K0>
      <K1>0.67777230199486838</K1>
      <K2>0.070827219111320089</K2>
      <MAXBAS>1</MAXBAS>
      <Cet>0</Cet>
      <PCALT>10</PCALT>
      <TCALT>0.6</TCALT>
      <Pelev>0</Pelev>
      <Telev>0</Telev>
      <PART>0.5</PART>
      <DELAY>1</DELAY>
    </SubCatchmentParameters>
    <SubCatchmentVegetationZone>
      <SubCatchmentVegetationZoneParameters>
        <TT>0.913399355125274</TT>
        <CFMAX>0.502531595983683</CFMAX>
        <SP>0</SP>
        <SFCF>1.0796538652298517</SFCF>
        <CFR>0.09706852715815685</CFR>
        <CWH>0.1734931053911925</CWH>
        <CFGlacier>1</CFGlacier>
        <CFSlope>1</CFSlope>
        <FC>2290.6063106720144</FC>
        <LP>0.95360716047516736</LP>
        <BETA>3.7026197662535716</BETA>
      </SubCatchmentVegetationZoneParameters>
    </SubCatchmentVegetationZone>
  </SubCatchment>
</Catchment>