<?xml version="1.0" encoding="utf-8"?>
<Catchment xmlns:xsi="http://www.w3.org/2001/XMLSchema-instance" xmlns:xsd="http://www.w3.org/2001/XMLSchema">
  <CatchmentParameters>
    <KSI>0.001</KSI>
    <KGmin>0.05</KGmin>
    <RangeKG>0.1</RangeKG>
    <AG>0.1</AG>
    <PERC>5.3190650517148663</PERC>
    <Alpha>0</Alpha>
    <UZL>111.78582914857196</UZL>
    <K0>0.11853116991097396</K0>
    <K1>0.78245302282931151</K1>
    <K2>0.14999968000724367</K2>
    <MAXBAS>1.409159445948946</MAXBAS>
    <Cet>0</Cet>
    <PCALT>10</PCALT>
    <TCALT>0.6</TCALT>
    <Pelev>0</Pelev>
    <Telev>0</Telev>
    <PART>0.5</PART>
    <DELAY>1</DELAY>
  </CatchmentParameters>
  <VegetationZone>
    <VegetationZoneParameters>
      <TT>2.2993058013000911</TT>
      <CFMAX>0.50707149809170515</CFMAX>
      <SP>0</SP>
      <SFCF>1.4999999655637639</SFCF>
      <CFR>0.041337131377296651</CFR>
      <CWH>0.10000153408102443</CWH>
      <CFGlacier>1</CFGlacier>
      <CFSlope>1</CFSlope>
      <FC>437.12896682342659</FC>
      <LP>0.90193808149629384</LP>
      <BETA>3.0118493419163608</BETA>
    </VegetationZoneParameters>
  </VegetationZone>
  <SubCatchment>
    <SubCatchmentParameters>
      <KSI>0.001</KSI>
      <KGmin>0.05</KGmin>
      <RangeKG>0.1</RangeKG>
      <AG>0.1</AG>
      <PERC>5.3190650517148663</PERC>
      <Alpha>0</Alpha>
      <UZL>111.78582914857196</UZL>
      <K0>0.11853116991097396</K0>
      <K1>0.78245302282931151</K1>
      <K2>0.14999968000724367</K2>
      <MAXBAS>1.409159445948946</MAXBAS>
      <Cet>0</Cet>
      <PCALT>10</PCALT>
      <TCALT>0.6</TCALT>
      <Pelev>0</Pelev>
      <Telev>0</Telev>
      <PART>0.5</PART>
      <DELAY>1</DELAY>
    </SubCatchmentParameters>
    <SubCatchmentVegetationZone>
      <SubCatchmentVegetationZoneParameters>
        <TT>2.2993058013000911</TT>
        <CFMAX>0.50707149809170515</CFMAX>
        <SP>0</SP>
        <SFCF>1.4999999655637639</SFCF>
        <CFR>0.041337131377296651</CFR>
        <CWH>0.10000153408102443</CWH>
        <CFGlacier>1</CFGlacier>
        <CFSlope>1</CFSlope>
        <FC>437.12896682342659</FC>
        <LP>0.90193808149629384</LP>
        <BETA>3.0118493419163608</BETA>
      </SubCatchmentVegetationZoneParameters>
    </SubCatchmentVegetationZone>
  </SubCatchment>
</Catchment>