<?xml version="1.0" encoding="utf-8"?>
<Catchment xmlns:xsi="http://www.w3.org/2001/XMLSchema-instance" xmlns:xsd="http://www.w3.org/2001/XMLSchema">
  <CatchmentParameters>
    <KSI>0.001</KSI>
    <KGmin>0.05</KGmin>
    <RangeKG>0.1</RangeKG>
    <AG>0.1</AG>
    <PERC>9.9999965810546314</PERC>
    <Alpha>0</Alpha>
    <UZL>92.340038858781909</UZL>
    <K0>0.29823747877858986</K0>
    <K1>0.51442387632227049</K1>
    <K2>0.095748223360634571</K2>
    <MAXBAS>1.3050643841925487</MAXBAS>
    <Cet>0</Cet>
    <PCALT>10</PCALT>
    <TCALT>0.6</TCALT>
    <Pelev>0</Pelev>
    <Telev>0</Telev>
    <PART>0.5</PART>
    <DELAY>1</DELAY>
  </CatchmentParameters>
  <VegetationZone>
    <VegetationZoneParameters>
      <TT>-1.0263331617983003</TT>
      <CFMAX>1.205014692956403</CFMAX>
      <SP>0</SP>
      <SFCF>0.50000043765558055</SFCF>
      <CFR>0.083345779983694218</CFR>
      <CWH>0.10410677856722089</CWH>
      <CFGlacier>1</CFGlacier>
      <CFSlope>1</CFSlope>
      <FC>88.283547481392588</FC>
      <LP>0.30000001716480262</LP>
      <BETA>2.5036433554769655</BETA>
    </VegetationZoneParameters>
  </VegetationZone>
  <SubCatchment>
    <SubCatchmentParameters>
      <KSI>0.001</KSI>
      <KGmin>0.05</KGmin>
      <RangeKG>0.1</RangeKG>
      <AG>0.1</AG>
      <PERC>9.9999965810546314</PERC>
      <Alpha>0</Alpha>
      <UZL>92.340038858781909</UZL>
      <K0>0.29823747877858986</K0>
      <K1>0.51442387632227049</K1>
      <K2>0.095748223360634571</K2>
      <MAXBAS>1.3050643841925487</MAXBAS>
      <Cet>0</Cet>
      <PCALT>10</PCALT>
      <TCALT>0.6</TCALT>
      <Pelev>0</Pelev>
      <Telev>0</Telev>
      <PART>0.5</PART>
      <DELAY>1</DELAY>
    </SubCatchmentParameters>
    <SubCatchmentVegetationZone>
      <SubCatchmentVegetationZoneParameters>
        <TT>-1.0263331617983003</TT>
        <CFMAX>1.205014692956403</CFMAX>
        <SP>0</SP>
        <SFCF>0.50000043765558055</SFCF>
        <CFR>0.083345779983694218</CFR>
        <CWH>0.10410677856722089</CWH>
        <CFGlacier>1</CFGlacier>
        <CFSlope>1</CFSlope>
        <FC>88.283547481392588</FC>
        <LP>0.30000001716480262</LP>
        <BETA>2.5036433554769655</BETA>
      </SubCatchmentVegetationZoneParameters>
    </SubCatchmentVegetationZone>
  </SubCatchment>
</Catchment>