<?xml version="1.0" encoding="utf-8"?>
<Catchment xmlns:xsi="http://www.w3.org/2001/XMLSchema-instance" xmlns:xsd="http://www.w3.org/2001/XMLSchema">
  <CatchmentParameters>
    <KSI>0.001</KSI>
    <KGmin>0.05</KGmin>
    <RangeKG>0.1</RangeKG>
    <AG>0.1</AG>
    <PERC>9.9994978753994967</PERC>
    <Alpha>0</Alpha>
    <UZL>197.39638927439296</UZL>
    <K0>0.49738152477376563</K0>
    <K1>0.56462616809973465</K1>
    <K2>0.13724026229040726</K2>
    <MAXBAS>1.28797152346088</MAXBAS>
    <Cet>0</Cet>
    <PCALT>10</PCALT>
    <TCALT>0.6</TCALT>
    <Pelev>0</Pelev>
    <Telev>0</Telev>
    <PART>0.5</PART>
    <DELAY>1</DELAY>
  </CatchmentParameters>
  <VegetationZone>
    <VegetationZoneParameters>
      <TT>-1.1748714608005528</TT>
      <CFMAX>1.2047779220848074</CFMAX>
      <SP>0</SP>
      <SFCF>0.50000070969113275</SFCF>
      <CFR>0.065710373079835876</CFR>
      <CWH>0.10509420134064543</CWH>
      <CFGlacier>1</CFGlacier>
      <CFSlope>1</CFSlope>
      <FC>103.77554321519297</FC>
      <LP>0.30000006419147796</LP>
      <BETA>2.2665050974343988</BETA>
    </VegetationZoneParameters>
  </VegetationZone>
  <SubCatchment>
    <SubCatchmentParameters>
      <KSI>0.001</KSI>
      <KGmin>0.05</KGmin>
      <RangeKG>0.1</RangeKG>
      <AG>0.1</AG>
      <PERC>9.9994978753994967</PERC>
      <Alpha>0</Alpha>
      <UZL>197.39638927439296</UZL>
      <K0>0.49738152477376563</K0>
      <K1>0.56462616809973465</K1>
      <K2>0.13724026229040726</K2>
      <MAXBAS>1.28797152346088</MAXBAS>
      <Cet>0</Cet>
      <PCALT>10</PCALT>
      <TCALT>0.6</TCALT>
      <Pelev>0</Pelev>
      <Telev>0</Telev>
      <PART>0.5</PART>
      <DELAY>1</DELAY>
    </SubCatchmentParameters>
    <SubCatchmentVegetationZone>
      <SubCatchmentVegetationZoneParameters>
        <TT>-1.1748714608005528</TT>
        <CFMAX>1.2047779220848074</CFMAX>
        <SP>0</SP>
        <SFCF>0.50000070969113275</SFCF>
        <CFR>0.065710373079835876</CFR>
        <CWH>0.10509420134064543</CWH>
        <CFGlacier>1</CFGlacier>
        <CFSlope>1</CFSlope>
        <FC>103.77554321519297</FC>
        <LP>0.30000006419147796</LP>
        <BETA>2.2665050974343988</BETA>
      </SubCatchmentVegetationZoneParameters>
    </SubCatchmentVegetationZone>
  </SubCatchment>
</Catchment>