<?xml version="1.0" encoding="utf-8"?>
<Catchment xmlns:xsi="http://www.w3.org/2001/XMLSchema-instance" xmlns:xsd="http://www.w3.org/2001/XMLSchema">
  <CatchmentParameters>
    <KSI>0.001</KSI>
    <KGmin>0.05</KGmin>
    <RangeKG>0.1</RangeKG>
    <AG>0.1</AG>
    <PERC>9.99999859819271</PERC>
    <Alpha>0</Alpha>
    <UZL>182.95377821153352</UZL>
    <K0>0.13105354766273142</K0>
    <K1>0.547918297788067</K1>
    <K2>0.11634342369737423</K2>
    <MAXBAS>1.305001837257558</MAXBAS>
    <Cet>0</Cet>
    <PCALT>10</PCALT>
    <TCALT>0.6</TCALT>
    <Pelev>0</Pelev>
    <Telev>0</Telev>
    <PART>0.5</PART>
    <DELAY>1</DELAY>
  </CatchmentParameters>
  <VegetationZone>
    <VegetationZoneParameters>
      <TT>-1.5160645541122848</TT>
      <CFMAX>4.995561882691737</CFMAX>
      <SP>0</SP>
      <SFCF>0.5000004391750813</SFCF>
      <CFR>0.066653451137119568</CFR>
      <CWH>0.10057419767385509</CWH>
      <CFGlacier>1</CFGlacier>
      <CFSlope>1</CFSlope>
      <FC>90.953826790916352</FC>
      <LP>0.30000000068743377</LP>
      <BETA>2.4796084502144469</BETA>
    </VegetationZoneParameters>
  </VegetationZone>
  <SubCatchment>
    <SubCatchmentParameters>
      <KSI>0.001</KSI>
      <KGmin>0.05</KGmin>
      <RangeKG>0.1</RangeKG>
      <AG>0.1</AG>
      <PERC>9.99999859819271</PERC>
      <Alpha>0</Alpha>
      <UZL>182.95377821153352</UZL>
      <K0>0.13105354766273142</K0>
      <K1>0.547918297788067</K1>
      <K2>0.11634342369737423</K2>
      <MAXBAS>1.305001837257558</MAXBAS>
      <Cet>0</Cet>
      <PCALT>10</PCALT>
      <TCALT>0.6</TCALT>
      <Pelev>0</Pelev>
      <Telev>0</Telev>
      <PART>0.5</PART>
      <DELAY>1</DELAY>
    </SubCatchmentParameters>
    <SubCatchmentVegetationZone>
      <SubCatchmentVegetationZoneParameters>
        <TT>-1.5160645541122848</TT>
        <CFMAX>4.995561882691737</CFMAX>
        <SP>0</SP>
        <SFCF>0.5000004391750813</SFCF>
        <CFR>0.066653451137119568</CFR>
        <CWH>0.10057419767385509</CWH>
        <CFGlacier>1</CFGlacier>
        <CFSlope>1</CFSlope>
        <FC>90.953826790916352</FC>
        <LP>0.30000000068743377</LP>
        <BETA>2.4796084502144469</BETA>
      </SubCatchmentVegetationZoneParameters>
    </SubCatchmentVegetationZone>
  </SubCatchment>
</Catchment>