<?xml version="1.0" encoding="utf-8"?>
<Catchment xmlns:xsi="http://www.w3.org/2001/XMLSchema-instance" xmlns:xsd="http://www.w3.org/2001/XMLSchema">
  <CatchmentParameters>
    <KSI>0.001</KSI>
    <KGmin>0.05</KGmin>
    <RangeKG>0.1</RangeKG>
    <AG>0.1</AG>
    <PERC>4.9522666628615459</PERC>
    <Alpha>0</Alpha>
    <UZL>126.93088994361141</UZL>
    <K0>0.13782907954855722</K0>
    <K1>0.79999999987725023</K1>
    <K2>0.14999963650284504</K2>
    <MAXBAS>1.4278204026047441</MAXBAS>
    <Cet>0</Cet>
    <PCALT>10</PCALT>
    <TCALT>0.6</TCALT>
    <Pelev>0</Pelev>
    <Telev>0</Telev>
    <PART>0.5</PART>
    <DELAY>1</DELAY>
  </CatchmentParameters>
  <VegetationZone>
    <VegetationZoneParameters>
      <TT>2.4997282041497377</TT>
      <CFMAX>0.50814764638574</CFMAX>
      <SP>0</SP>
      <SFCF>1.4999982362286872</SFCF>
      <CFR>0.088705246322992912</CFR>
      <CWH>0.10000235487663833</CWH>
      <CFGlacier>1</CFGlacier>
      <CFSlope>1</CFSlope>
      <FC>418.59751989006008</FC>
      <LP>0.91256716029704243</LP>
      <BETA>3.3284996468017995</BETA>
    </VegetationZoneParameters>
  </VegetationZone>
  <SubCatchment>
    <SubCatchmentParameters>
      <KSI>0.001</KSI>
      <KGmin>0.05</KGmin>
      <RangeKG>0.1</RangeKG>
      <AG>0.1</AG>
      <PERC>4.9522666628615459</PERC>
      <Alpha>0</Alpha>
      <UZL>126.93088994361141</UZL>
      <K0>0.13782907954855722</K0>
      <K1>0.79999999987725023</K1>
      <K2>0.14999963650284504</K2>
      <MAXBAS>1.4278204026047441</MAXBAS>
      <Cet>0</Cet>
      <PCALT>10</PCALT>
      <TCALT>0.6</TCALT>
      <Pelev>0</Pelev>
      <Telev>0</Telev>
      <PART>0.5</PART>
      <DELAY>1</DELAY>
    </SubCatchmentParameters>
    <SubCatchmentVegetationZone>
      <SubCatchmentVegetationZoneParameters>
        <TT>2.4997282041497377</TT>
        <CFMAX>0.50814764638574</CFMAX>
        <SP>0</SP>
        <SFCF>1.4999982362286872</SFCF>
        <CFR>0.088705246322992912</CFR>
        <CWH>0.10000235487663833</CWH>
        <CFGlacier>1</CFGlacier>
        <CFSlope>1</CFSlope>
        <FC>418.59751989006008</FC>
        <LP>0.91256716029704243</LP>
        <BETA>3.3284996468017995</BETA>
      </SubCatchmentVegetationZoneParameters>
    </SubCatchmentVegetationZone>
  </SubCatchment>
</Catchment>