<?xml version="1.0" encoding="utf-8"?>
<Catchment xmlns:xsi="http://www.w3.org/2001/XMLSchema-instance" xmlns:xsd="http://www.w3.org/2001/XMLSchema">
  <CatchmentParameters>
    <KSI>0.001</KSI>
    <KGmin>0.05</KGmin>
    <RangeKG>0.1</RangeKG>
    <AG>0.1</AG>
    <PERC>5.3712895522168269</PERC>
    <Alpha>0</Alpha>
    <UZL>7.9131084239385805</UZL>
    <K0>0.9899981884759832</K0>
    <K1>0.60817656750844151</K1>
    <K2>0.0683763863595355</K2>
    <MAXBAS>1</MAXBAS>
    <Cet>0</Cet>
    <PCALT>10</PCALT>
    <TCALT>0.6</TCALT>
    <Pelev>0</Pelev>
    <Telev>0</Telev>
    <PART>0.5</PART>
    <DELAY>1</DELAY>
  </CatchmentParameters>
  <VegetationZone>
    <VegetationZoneParameters>
      <TT>-0.73614209587961188</TT>
      <CFMAX>1.0038427133082408</CFMAX>
      <SP>0</SP>
      <SFCF>1.3535291495777819</SFCF>
      <CFR>0.069955553967228246</CFR>
      <CWH>0.19890315297824684</CWH>
      <CFGlacier>1</CFGlacier>
      <CFSlope>1</CFSlope>
      <FC>1887.6526483347789</FC>
      <LP>0.92165380413357056</LP>
      <BETA>3.0939804358346565</BETA>
    </VegetationZoneParameters>
  </VegetationZone>
  <SubCatchment>
    <SubCatchmentParameters>
      <KSI>0.001</KSI>
      <KGmin>0.05</KGmin>
      <RangeKG>0.1</RangeKG>
      <AG>0.1</AG>
      <PERC>5.3712895522168269</PERC>
      <Alpha>0</Alpha>
      <UZL>7.9131084239385805</UZL>
      <K0>0.9899981884759832</K0>
      <K1>0.60817656750844151</K1>
      <K2>0.0683763863595355</K2>
      <MAXBAS>1</MAXBAS>
      <Cet>0</Cet>
      <PCALT>10</PCALT>
      <TCALT>0.6</TCALT>
      <Pelev>0</Pelev>
      <Telev>0</Telev>
      <PART>0.5</PART>
      <DELAY>1</DELAY>
    </SubCatchmentParameters>
    <SubCatchmentVegetationZone>
      <SubCatchmentVegetationZoneParameters>
        <TT>-0.73614209587961188</TT>
        <CFMAX>1.0038427133082408</CFMAX>
        <SP>0</SP>
        <SFCF>1.3535291495777819</SFCF>
        <CFR>0.069955553967228246</CFR>
        <CWH>0.19890315297824684</CWH>
        <CFGlacier>1</CFGlacier>
        <CFSlope>1</CFSlope>
        <FC>1887.6526483347789</FC>
        <LP>0.92165380413357056</LP>
        <BETA>3.0939804358346565</BETA>
      </SubCatchmentVegetationZoneParameters>
    </SubCatchmentVegetationZone>
  </SubCatchment>
</Catchment>