<?xml version="1.0" encoding="utf-8"?>
<Catchment xmlns:xsi="http://www.w3.org/2001/XMLSchema-instance" xmlns:xsd="http://www.w3.org/2001/XMLSchema">
  <CatchmentParameters>
    <KSI>0.001</KSI>
    <KGmin>0.05</KGmin>
    <RangeKG>0.1</RangeKG>
    <AG>0.1</AG>
    <PERC>9.99999998847595</PERC>
    <Alpha>0</Alpha>
    <UZL>166.65839580048873</UZL>
    <K0>0.27763651049196542</K0>
    <K1>0.52383024669089084</K1>
    <K2>0.11100974739720987</K2>
    <MAXBAS>1.2881964222522839</MAXBAS>
    <Cet>0</Cet>
    <PCALT>10</PCALT>
    <TCALT>0.6</TCALT>
    <Pelev>0</Pelev>
    <Telev>0</Telev>
    <PART>0.5</PART>
    <DELAY>1</DELAY>
  </CatchmentParameters>
  <VegetationZone>
    <VegetationZoneParameters>
      <TT>1.3079006657295109</TT>
      <CFMAX>4.999627627664287</CFMAX>
      <SP>0</SP>
      <SFCF>0.500000019119172</SFCF>
      <CFR>0.0049759161655914394</CFR>
      <CWH>0.10000005072338199</CWH>
      <CFGlacier>1</CFGlacier>
      <CFSlope>1</CFSlope>
      <FC>88.495857064868716</FC>
      <LP>0.30000003921442892</LP>
      <BETA>2.4796074749680748</BETA>
    </VegetationZoneParameters>
  </VegetationZone>
  <SubCatchment>
    <SubCatchmentParameters>
      <KSI>0.001</KSI>
      <KGmin>0.05</KGmin>
      <RangeKG>0.1</RangeKG>
      <AG>0.1</AG>
      <PERC>9.99999998847595</PERC>
      <Alpha>0</Alpha>
      <UZL>166.65839580048873</UZL>
      <K0>0.27763651049196542</K0>
      <K1>0.52383024669089084</K1>
      <K2>0.11100974739720987</K2>
      <MAXBAS>1.2881964222522839</MAXBAS>
      <Cet>0</Cet>
      <PCALT>10</PCALT>
      <TCALT>0.6</TCALT>
      <Pelev>0</Pelev>
      <Telev>0</Telev>
      <PART>0.5</PART>
      <DELAY>1</DELAY>
    </SubCatchmentParameters>
    <SubCatchmentVegetationZone>
      <SubCatchmentVegetationZoneParameters>
        <TT>1.3079006657295109</TT>
        <CFMAX>4.999627627664287</CFMAX>
        <SP>0</SP>
        <SFCF>0.500000019119172</SFCF>
        <CFR>0.0049759161655914394</CFR>
        <CWH>0.10000005072338199</CWH>
        <CFGlacier>1</CFGlacier>
        <CFSlope>1</CFSlope>
        <FC>88.495857064868716</FC>
        <LP>0.30000003921442892</LP>
        <BETA>2.4796074749680748</BETA>
      </SubCatchmentVegetationZoneParameters>
    </SubCatchmentVegetationZone>
  </SubCatchment>
</Catchment>