<?xml version="1.0" encoding="utf-8"?>
<Catchment xmlns:xsi="http://www.w3.org/2001/XMLSchema-instance" xmlns:xsd="http://www.w3.org/2001/XMLSchema">
  <CatchmentParameters>
    <KSI>0.001</KSI>
    <KGmin>0.05</KGmin>
    <RangeKG>0.1</RangeKG>
    <AG>0.1</AG>
    <PERC>9.9993490064515</PERC>
    <Alpha>0</Alpha>
    <UZL>118.61131532047934</UZL>
    <K0>0.19963101547449269</K0>
    <K1>0.57191570601375563</K1>
    <K2>0.1388503422056947</K2>
    <MAXBAS>1.2939502509457845</MAXBAS>
    <Cet>0</Cet>
    <PCALT>10</PCALT>
    <TCALT>0.6</TCALT>
    <Pelev>0</Pelev>
    <Telev>0</Telev>
    <PART>0.5</PART>
    <DELAY>1</DELAY>
  </CatchmentParameters>
  <VegetationZone>
    <VegetationZoneParameters>
      <TT>1.2970138922022543</TT>
      <CFMAX>4.95399124382273</CFMAX>
      <SP>0</SP>
      <SFCF>0.50008568269795939</SFCF>
      <CFR>0.050087410235023722</CFR>
      <CWH>0.1000011434119015</CWH>
      <CFGlacier>1</CFGlacier>
      <CFSlope>1</CFSlope>
      <FC>102.08916368537649</FC>
      <LP>0.3000001158241235</LP>
      <BETA>2.3193877802183835</BETA>
    </VegetationZoneParameters>
  </VegetationZone>
  <SubCatchment>
    <SubCatchmentParameters>
      <KSI>0.001</KSI>
      <KGmin>0.05</KGmin>
      <RangeKG>0.1</RangeKG>
      <AG>0.1</AG>
      <PERC>9.9993490064515</PERC>
      <Alpha>0</Alpha>
      <UZL>118.61131532047934</UZL>
      <K0>0.19963101547449269</K0>
      <K1>0.57191570601375563</K1>
      <K2>0.1388503422056947</K2>
      <MAXBAS>1.2939502509457845</MAXBAS>
      <Cet>0</Cet>
      <PCALT>10</PCALT>
      <TCALT>0.6</TCALT>
      <Pelev>0</Pelev>
      <Telev>0</Telev>
      <PART>0.5</PART>
      <DELAY>1</DELAY>
    </SubCatchmentParameters>
    <SubCatchmentVegetationZone>
      <SubCatchmentVegetationZoneParameters>
        <TT>1.2970138922022543</TT>
        <CFMAX>4.95399124382273</CFMAX>
        <SP>0</SP>
        <SFCF>0.50008568269795939</SFCF>
        <CFR>0.050087410235023722</CFR>
        <CWH>0.1000011434119015</CWH>
        <CFGlacier>1</CFGlacier>
        <CFSlope>1</CFSlope>
        <FC>102.08916368537649</FC>
        <LP>0.3000001158241235</LP>
        <BETA>2.3193877802183835</BETA>
      </SubCatchmentVegetationZoneParameters>
    </SubCatchmentVegetationZone>
  </SubCatchment>
</Catchment>