<?xml version="1.0" encoding="utf-8"?>
<Catchment xmlns:xsi="http://www.w3.org/2001/XMLSchema-instance" xmlns:xsd="http://www.w3.org/2001/XMLSchema">
  <CatchmentParameters>
    <KSI>0.001</KSI>
    <KGmin>0.05</KGmin>
    <RangeKG>0.1</RangeKG>
    <AG>0.1</AG>
    <PERC>5.3523761687884335</PERC>
    <Alpha>0</Alpha>
    <UZL>156.2351889706768</UZL>
    <K0>0.9822274266717379</K0>
    <K1>0.7537856141181497</K1>
    <K2>0.14999931303552111</K2>
    <MAXBAS>1.3891872083138728</MAXBAS>
    <Cet>0</Cet>
    <PCALT>10</PCALT>
    <TCALT>0.6</TCALT>
    <Pelev>0</Pelev>
    <Telev>0</Telev>
    <PART>0.5</PART>
    <DELAY>1</DELAY>
  </CatchmentParameters>
  <VegetationZone>
    <VegetationZoneParameters>
      <TT>2.4280198224025167</TT>
      <CFMAX>0.51290050906453855</CFMAX>
      <SP>0</SP>
      <SFCF>1.4999994310921463</SFCF>
      <CFR>0.023883939765072779</CFR>
      <CWH>0.10000284225576435</CWH>
      <CFGlacier>1</CFGlacier>
      <CFSlope>1</CFSlope>
      <FC>458.35674322643104</FC>
      <LP>0.801562303795284</LP>
      <BETA>2.3555404884629052</BETA>
    </VegetationZoneParameters>
  </VegetationZone>
  <SubCatchment>
    <SubCatchmentParameters>
      <KSI>0.001</KSI>
      <KGmin>0.05</KGmin>
      <RangeKG>0.1</RangeKG>
      <AG>0.1</AG>
      <PERC>5.3523761687884335</PERC>
      <Alpha>0</Alpha>
      <UZL>156.2351889706768</UZL>
      <K0>0.9822274266717379</K0>
      <K1>0.7537856141181497</K1>
      <K2>0.14999931303552111</K2>
      <MAXBAS>1.3891872083138728</MAXBAS>
      <Cet>0</Cet>
      <PCALT>10</PCALT>
      <TCALT>0.6</TCALT>
      <Pelev>0</Pelev>
      <Telev>0</Telev>
      <PART>0.5</PART>
      <DELAY>1</DELAY>
    </SubCatchmentParameters>
    <SubCatchmentVegetationZone>
      <SubCatchmentVegetationZoneParameters>
        <TT>2.4280198224025167</TT>
        <CFMAX>0.51290050906453855</CFMAX>
        <SP>0</SP>
        <SFCF>1.4999994310921463</SFCF>
        <CFR>0.023883939765072779</CFR>
        <CWH>0.10000284225576435</CWH>
        <CFGlacier>1</CFGlacier>
        <CFSlope>1</CFSlope>
        <FC>458.35674322643104</FC>
        <LP>0.801562303795284</LP>
        <BETA>2.3555404884629052</BETA>
      </SubCatchmentVegetationZoneParameters>
    </SubCatchmentVegetationZone>
  </SubCatchment>
</Catchment>