<?xml version="1.0" encoding="utf-8"?>
<Catchment xmlns:xsi="http://www.w3.org/2001/XMLSchema-instance" xmlns:xsd="http://www.w3.org/2001/XMLSchema">
  <CatchmentParameters>
    <KSI>0.001</KSI>
    <KGmin>0.05</KGmin>
    <RangeKG>0.1</RangeKG>
    <AG>0.1</AG>
    <PERC>5.3443597585046625</PERC>
    <Alpha>0</Alpha>
    <UZL>98.047255329893574</UZL>
    <K0>0.49862225144983463</K0>
    <K1>0.79272778684644618</K1>
    <K2>0.14999999978991929</K2>
    <MAXBAS>1.4044302483130977</MAXBAS>
    <Cet>0</Cet>
    <PCALT>10</PCALT>
    <TCALT>0.6</TCALT>
    <Pelev>0</Pelev>
    <Telev>0</Telev>
    <PART>0.5</PART>
    <DELAY>1</DELAY>
  </CatchmentParameters>
  <VegetationZone>
    <VegetationZoneParameters>
      <TT>2.4690153697165611</TT>
      <CFMAX>0.546843267223311</CFMAX>
      <SP>0</SP>
      <SFCF>1.4999990533744907</SFCF>
      <CFR>0.0654770404499853</CFR>
      <CWH>0.15025472120555614</CWH>
      <CFGlacier>1</CFGlacier>
      <CFSlope>1</CFSlope>
      <FC>429.21809389718209</FC>
      <LP>0.95283549557112823</LP>
      <BETA>3.4414274402542171</BETA>
    </VegetationZoneParameters>
  </VegetationZone>
  <SubCatchment>
    <SubCatchmentParameters>
      <KSI>0.001</KSI>
      <KGmin>0.05</KGmin>
      <RangeKG>0.1</RangeKG>
      <AG>0.1</AG>
      <PERC>5.3443597585046625</PERC>
      <Alpha>0</Alpha>
      <UZL>98.047255329893574</UZL>
      <K0>0.49862225144983463</K0>
      <K1>0.79272778684644618</K1>
      <K2>0.14999999978991929</K2>
      <MAXBAS>1.4044302483130977</MAXBAS>
      <Cet>0</Cet>
      <PCALT>10</PCALT>
      <TCALT>0.6</TCALT>
      <Pelev>0</Pelev>
      <Telev>0</Telev>
      <PART>0.5</PART>
      <DELAY>1</DELAY>
    </SubCatchmentParameters>
    <SubCatchmentVegetationZone>
      <SubCatchmentVegetationZoneParameters>
        <TT>2.4690153697165611</TT>
        <CFMAX>0.546843267223311</CFMAX>
        <SP>0</SP>
        <SFCF>1.4999990533744907</SFCF>
        <CFR>0.0654770404499853</CFR>
        <CWH>0.15025472120555614</CWH>
        <CFGlacier>1</CFGlacier>
        <CFSlope>1</CFSlope>
        <FC>429.21809389718209</FC>
        <LP>0.95283549557112823</LP>
        <BETA>3.4414274402542171</BETA>
      </SubCatchmentVegetationZoneParameters>
    </SubCatchmentVegetationZone>
  </SubCatchment>
</Catchment>