<?xml version="1.0" encoding="utf-8"?>
<Catchment xmlns:xsi="http://www.w3.org/2001/XMLSchema-instance" xmlns:xsd="http://www.w3.org/2001/XMLSchema">
  <CatchmentParameters>
    <KSI>0.001</KSI>
    <KGmin>0.05</KGmin>
    <RangeKG>0.1</RangeKG>
    <AG>0.1</AG>
    <PERC>9.0378427138448814</PERC>
    <Alpha>0</Alpha>
    <UZL>197.48980835504293</UZL>
    <K0>0.23081090757428696</K0>
    <K1>0.61562827252504482</K1>
    <K2>0.14999997707639887</K2>
    <MAXBAS>1.3438353770971216</MAXBAS>
    <Cet>0</Cet>
    <PCALT>10</PCALT>
    <TCALT>0.6</TCALT>
    <Pelev>0</Pelev>
    <Telev>0</Telev>
    <PART>0.5</PART>
    <DELAY>1</DELAY>
  </CatchmentParameters>
  <VegetationZone>
    <VegetationZoneParameters>
      <TT>1.1851708878229534</TT>
      <CFMAX>3.2810780553746723</CFMAX>
      <SP>0</SP>
      <SFCF>0.50595728112793925</SFCF>
      <CFR>0.074902525008342324</CFR>
      <CWH>0.10000317887201966</CWH>
      <CFGlacier>1</CFGlacier>
      <CFSlope>1</CFSlope>
      <FC>113.16683009852173</FC>
      <LP>0.30000000777427371</LP>
      <BETA>2.0687316490943464</BETA>
    </VegetationZoneParameters>
  </VegetationZone>
  <SubCatchment>
    <SubCatchmentParameters>
      <KSI>0.001</KSI>
      <KGmin>0.05</KGmin>
      <RangeKG>0.1</RangeKG>
      <AG>0.1</AG>
      <PERC>9.0378427138448814</PERC>
      <Alpha>0</Alpha>
      <UZL>197.48980835504293</UZL>
      <K0>0.23081090757428696</K0>
      <K1>0.61562827252504482</K1>
      <K2>0.14999997707639887</K2>
      <MAXBAS>1.3438353770971216</MAXBAS>
      <Cet>0</Cet>
      <PCALT>10</PCALT>
      <TCALT>0.6</TCALT>
      <Pelev>0</Pelev>
      <Telev>0</Telev>
      <PART>0.5</PART>
      <DELAY>1</DELAY>
    </SubCatchmentParameters>
    <SubCatchmentVegetationZone>
      <SubCatchmentVegetationZoneParameters>
        <TT>1.1851708878229534</TT>
        <CFMAX>3.2810780553746723</CFMAX>
        <SP>0</SP>
        <SFCF>0.50595728112793925</SFCF>
        <CFR>0.074902525008342324</CFR>
        <CWH>0.10000317887201966</CWH>
        <CFGlacier>1</CFGlacier>
        <CFSlope>1</CFSlope>
        <FC>113.16683009852173</FC>
        <LP>0.30000000777427371</LP>
        <BETA>2.0687316490943464</BETA>
      </SubCatchmentVegetationZoneParameters>
    </SubCatchmentVegetationZone>
  </SubCatchment>
</Catchment>