<?xml version="1.0" encoding="utf-8"?>
<Catchment xmlns:xsi="http://www.w3.org/2001/XMLSchema-instance" xmlns:xsd="http://www.w3.org/2001/XMLSchema">
  <CatchmentParameters>
    <KSI>0.001</KSI>
    <KGmin>0.05</KGmin>
    <RangeKG>0.1</RangeKG>
    <AG>0.1</AG>
    <PERC>5.2563708771232722</PERC>
    <Alpha>0</Alpha>
    <UZL>193.71353170918434</UZL>
    <K0>0.42057654897642016</K0>
    <K1>0.76814017692732406</K1>
    <K2>0.14999945427136127</K2>
    <MAXBAS>1.3990319859136298</MAXBAS>
    <Cet>0</Cet>
    <PCALT>10</PCALT>
    <TCALT>0.6</TCALT>
    <Pelev>0</Pelev>
    <Telev>0</Telev>
    <PART>0.5</PART>
    <DELAY>1</DELAY>
  </CatchmentParameters>
  <VegetationZone>
    <VegetationZoneParameters>
      <TT>2.1537406334280695</TT>
      <CFMAX>0.50001101611874532</CFMAX>
      <SP>0</SP>
      <SFCF>1.4999993036274784</SFCF>
      <CFR>0.0649157930015137</CFR>
      <CWH>0.10000000556686381</CWH>
      <CFGlacier>1</CFGlacier>
      <CFSlope>1</CFSlope>
      <FC>422.07047091524583</FC>
      <LP>0.89156694389340985</LP>
      <BETA>3.0325492759045072</BETA>
    </VegetationZoneParameters>
  </VegetationZone>
  <SubCatchment>
    <SubCatchmentParameters>
      <KSI>0.001</KSI>
      <KGmin>0.05</KGmin>
      <RangeKG>0.1</RangeKG>
      <AG>0.1</AG>
      <PERC>5.2563708771232722</PERC>
      <Alpha>0</Alpha>
      <UZL>193.71353170918434</UZL>
      <K0>0.42057654897642016</K0>
      <K1>0.76814017692732406</K1>
      <K2>0.14999945427136127</K2>
      <MAXBAS>1.3990319859136298</MAXBAS>
      <Cet>0</Cet>
      <PCALT>10</PCALT>
      <TCALT>0.6</TCALT>
      <Pelev>0</Pelev>
      <Telev>0</Telev>
      <PART>0.5</PART>
      <DELAY>1</DELAY>
    </SubCatchmentParameters>
    <SubCatchmentVegetationZone>
      <SubCatchmentVegetationZoneParameters>
        <TT>2.1537406334280695</TT>
        <CFMAX>0.50001101611874532</CFMAX>
        <SP>0</SP>
        <SFCF>1.4999993036274784</SFCF>
        <CFR>0.0649157930015137</CFR>
        <CWH>0.10000000556686381</CWH>
        <CFGlacier>1</CFGlacier>
        <CFSlope>1</CFSlope>
        <FC>422.07047091524583</FC>
        <LP>0.89156694389340985</LP>
        <BETA>3.0325492759045072</BETA>
      </SubCatchmentVegetationZoneParameters>
    </SubCatchmentVegetationZone>
  </SubCatchment>
</Catchment>