<?xml version="1.0" encoding="utf-8"?>
<Catchment xmlns:xsi="http://www.w3.org/2001/XMLSchema-instance" xmlns:xsd="http://www.w3.org/2001/XMLSchema">
  <CatchmentParameters>
    <KSI>0.001</KSI>
    <KGmin>0.05</KGmin>
    <RangeKG>0.1</RangeKG>
    <AG>0.1</AG>
    <PERC>6.1263835017678092</PERC>
    <Alpha>0</Alpha>
    <UZL>55.462024459995689</UZL>
    <K0>0.0896438437025784</K0>
    <K1>0.79012473691432161</K1>
    <K2>0.14999997500887458</K2>
    <MAXBAS>1.426656048417456</MAXBAS>
    <Cet>0</Cet>
    <PCALT>10</PCALT>
    <TCALT>0.6</TCALT>
    <Pelev>0</Pelev>
    <Telev>0</Telev>
    <PART>0.5</PART>
    <DELAY>1</DELAY>
  </CatchmentParameters>
  <VegetationZone>
    <VegetationZoneParameters>
      <TT>2.4587714642122158</TT>
      <CFMAX>0.50525080036484582</CFMAX>
      <SP>0</SP>
      <SFCF>1.4999989850300024</SFCF>
      <CFR>0.046595808195274604</CFR>
      <CWH>0.10000023321235818</CWH>
      <CFGlacier>1</CFGlacier>
      <CFSlope>1</CFSlope>
      <FC>419.93385428504843</FC>
      <LP>0.92558823662787537</LP>
      <BETA>2.9429051144270626</BETA>
    </VegetationZoneParameters>
  </VegetationZone>
  <SubCatchment>
    <SubCatchmentParameters>
      <KSI>0.001</KSI>
      <KGmin>0.05</KGmin>
      <RangeKG>0.1</RangeKG>
      <AG>0.1</AG>
      <PERC>6.1263835017678092</PERC>
      <Alpha>0</Alpha>
      <UZL>55.462024459995689</UZL>
      <K0>0.0896438437025784</K0>
      <K1>0.79012473691432161</K1>
      <K2>0.14999997500887458</K2>
      <MAXBAS>1.426656048417456</MAXBAS>
      <Cet>0</Cet>
      <PCALT>10</PCALT>
      <TCALT>0.6</TCALT>
      <Pelev>0</Pelev>
      <Telev>0</Telev>
      <PART>0.5</PART>
      <DELAY>1</DELAY>
    </SubCatchmentParameters>
    <SubCatchmentVegetationZone>
      <SubCatchmentVegetationZoneParameters>
        <TT>2.4587714642122158</TT>
        <CFMAX>0.50525080036484582</CFMAX>
        <SP>0</SP>
        <SFCF>1.4999989850300024</SFCF>
        <CFR>0.046595808195274604</CFR>
        <CWH>0.10000023321235818</CWH>
        <CFGlacier>1</CFGlacier>
        <CFSlope>1</CFSlope>
        <FC>419.93385428504843</FC>
        <LP>0.92558823662787537</LP>
        <BETA>2.9429051144270626</BETA>
      </SubCatchmentVegetationZoneParameters>
    </SubCatchmentVegetationZone>
  </SubCatchment>
</Catchment>