<?xml version="1.0" encoding="utf-8"?>
<Catchment xmlns:xsi="http://www.w3.org/2001/XMLSchema-instance" xmlns:xsd="http://www.w3.org/2001/XMLSchema">
  <CatchmentParameters>
    <KSI>0.001</KSI>
    <KGmin>0.05</KGmin>
    <RangeKG>0.1</RangeKG>
    <AG>0.1</AG>
    <PERC>9.9995779829673381</PERC>
    <Alpha>0</Alpha>
    <UZL>81.320910549123184</UZL>
    <K0>0.43194434439401808</K0>
    <K1>0.576540798826663</K1>
    <K2>0.14151665955859688</K2>
    <MAXBAS>1.3068553997809904</MAXBAS>
    <Cet>0</Cet>
    <PCALT>10</PCALT>
    <TCALT>0.6</TCALT>
    <Pelev>0</Pelev>
    <Telev>0</Telev>
    <PART>0.5</PART>
    <DELAY>1</DELAY>
  </CatchmentParameters>
  <VegetationZone>
    <VegetationZoneParameters>
      <TT>1.055191177656341</TT>
      <CFMAX>4.9994766021903825</CFMAX>
      <SP>0</SP>
      <SFCF>0.50000000011581858</SFCF>
      <CFR>0.030746872895271962</CFR>
      <CWH>0.10001905526096583</CWH>
      <CFGlacier>1</CFGlacier>
      <CFSlope>1</CFSlope>
      <FC>98.380841627787916</FC>
      <LP>0.30000004678198738</LP>
      <BETA>2.3594861042752791</BETA>
    </VegetationZoneParameters>
  </VegetationZone>
  <SubCatchment>
    <SubCatchmentParameters>
      <KSI>0.001</KSI>
      <KGmin>0.05</KGmin>
      <RangeKG>0.1</RangeKG>
      <AG>0.1</AG>
      <PERC>9.9995779829673381</PERC>
      <Alpha>0</Alpha>
      <UZL>81.320910549123184</UZL>
      <K0>0.43194434439401808</K0>
      <K1>0.576540798826663</K1>
      <K2>0.14151665955859688</K2>
      <MAXBAS>1.3068553997809904</MAXBAS>
      <Cet>0</Cet>
      <PCALT>10</PCALT>
      <TCALT>0.6</TCALT>
      <Pelev>0</Pelev>
      <Telev>0</Telev>
      <PART>0.5</PART>
      <DELAY>1</DELAY>
    </SubCatchmentParameters>
    <SubCatchmentVegetationZone>
      <SubCatchmentVegetationZoneParameters>
        <TT>1.055191177656341</TT>
        <CFMAX>4.9994766021903825</CFMAX>
        <SP>0</SP>
        <SFCF>0.50000000011581858</SFCF>
        <CFR>0.030746872895271962</CFR>
        <CWH>0.10001905526096583</CWH>
        <CFGlacier>1</CFGlacier>
        <CFSlope>1</CFSlope>
        <FC>98.380841627787916</FC>
        <LP>0.30000004678198738</LP>
        <BETA>2.3594861042752791</BETA>
      </SubCatchmentVegetationZoneParameters>
    </SubCatchmentVegetationZone>
  </SubCatchment>
</Catchment>