<?xml version="1.0" encoding="utf-8"?>
<Catchment xmlns:xsi="http://www.w3.org/2001/XMLSchema-instance" xmlns:xsd="http://www.w3.org/2001/XMLSchema">
  <CatchmentParameters>
    <KSI>0.001</KSI>
    <KGmin>0.05</KGmin>
    <RangeKG>0.1</RangeKG>
    <AG>0.1</AG>
    <PERC>5.2289717363970478</PERC>
    <Alpha>0</Alpha>
    <UZL>133.934544257284</UZL>
    <K0>0.44381630084398815</K0>
    <K1>0.7747002302975331</K1>
    <K2>0.14999999254976049</K2>
    <MAXBAS>1.3926282013975839</MAXBAS>
    <Cet>0</Cet>
    <PCALT>10</PCALT>
    <TCALT>0.6</TCALT>
    <Pelev>0</Pelev>
    <Telev>0</Telev>
    <PART>0.5</PART>
    <DELAY>1</DELAY>
  </CatchmentParameters>
  <VegetationZone>
    <VegetationZoneParameters>
      <TT>2.4404579741239432</TT>
      <CFMAX>0.50066787766344734</CFMAX>
      <SP>0</SP>
      <SFCF>1.4999997824451452</SFCF>
      <CFR>0.042929078883571</CFR>
      <CWH>0.10000074963712449</CWH>
      <CFGlacier>1</CFGlacier>
      <CFSlope>1</CFSlope>
      <FC>405.1622368213728</FC>
      <LP>0.91325651094011606</LP>
      <BETA>2.9243416155560906</BETA>
    </VegetationZoneParameters>
  </VegetationZone>
  <SubCatchment>
    <SubCatchmentParameters>
      <KSI>0.001</KSI>
      <KGmin>0.05</KGmin>
      <RangeKG>0.1</RangeKG>
      <AG>0.1</AG>
      <PERC>5.2289717363970478</PERC>
      <Alpha>0</Alpha>
      <UZL>133.934544257284</UZL>
      <K0>0.44381630084398815</K0>
      <K1>0.7747002302975331</K1>
      <K2>0.14999999254976049</K2>
      <MAXBAS>1.3926282013975839</MAXBAS>
      <Cet>0</Cet>
      <PCALT>10</PCALT>
      <TCALT>0.6</TCALT>
      <Pelev>0</Pelev>
      <Telev>0</Telev>
      <PART>0.5</PART>
      <DELAY>1</DELAY>
    </SubCatchmentParameters>
    <SubCatchmentVegetationZone>
      <SubCatchmentVegetationZoneParameters>
        <TT>2.4404579741239432</TT>
        <CFMAX>0.50066787766344734</CFMAX>
        <SP>0</SP>
        <SFCF>1.4999997824451452</SFCF>
        <CFR>0.042929078883571</CFR>
        <CWH>0.10000074963712449</CWH>
        <CFGlacier>1</CFGlacier>
        <CFSlope>1</CFSlope>
        <FC>405.1622368213728</FC>
        <LP>0.91325651094011606</LP>
        <BETA>2.9243416155560906</BETA>
      </SubCatchmentVegetationZoneParameters>
    </SubCatchmentVegetationZone>
  </SubCatchment>
</Catchment>