<?xml version="1.0" encoding="utf-8"?>
<Catchment xmlns:xsi="http://www.w3.org/2001/XMLSchema-instance" xmlns:xsd="http://www.w3.org/2001/XMLSchema">
  <CatchmentParameters>
    <KSI>0.001</KSI>
    <KGmin>0.05</KGmin>
    <RangeKG>0.1</RangeKG>
    <AG>0.1</AG>
    <PERC>9.9999845186314467</PERC>
    <Alpha>0</Alpha>
    <UZL>27.558592285446636</UZL>
    <K0>0.98999877001680214</K0>
    <K1>0.35536815114947984</K1>
    <K2>0.095736432925914869</K2>
    <MAXBAS>1.237655913252117</MAXBAS>
    <Cet>0</Cet>
    <PCALT>10</PCALT>
    <TCALT>0.6</TCALT>
    <Pelev>0</Pelev>
    <Telev>0</Telev>
    <PART>0.5</PART>
    <DELAY>1</DELAY>
  </CatchmentParameters>
  <VegetationZone>
    <VegetationZoneParameters>
      <TT>1.2561181731135043</TT>
      <CFMAX>4.1586154855308672</CFMAX>
      <SP>0</SP>
      <SFCF>0.5007802386630329</SFCF>
      <CFR>0.044431181743259822</CFR>
      <CWH>0.10002829687625241</CWH>
      <CFGlacier>1</CFGlacier>
      <CFSlope>1</CFSlope>
      <FC>84.135086846286939</FC>
      <LP>0.30000022163679574</LP>
      <BETA>2.4015808193458996</BETA>
    </VegetationZoneParameters>
  </VegetationZone>
  <SubCatchment>
    <SubCatchmentParameters>
      <KSI>0.001</KSI>
      <KGmin>0.05</KGmin>
      <RangeKG>0.1</RangeKG>
      <AG>0.1</AG>
      <PERC>9.9999845186314467</PERC>
      <Alpha>0</Alpha>
      <UZL>27.558592285446636</UZL>
      <K0>0.98999877001680214</K0>
      <K1>0.35536815114947984</K1>
      <K2>0.095736432925914869</K2>
      <MAXBAS>1.237655913252117</MAXBAS>
      <Cet>0</Cet>
      <PCALT>10</PCALT>
      <TCALT>0.6</TCALT>
      <Pelev>0</Pelev>
      <Telev>0</Telev>
      <PART>0.5</PART>
      <DELAY>1</DELAY>
    </SubCatchmentParameters>
    <SubCatchmentVegetationZone>
      <SubCatchmentVegetationZoneParameters>
        <TT>1.2561181731135043</TT>
        <CFMAX>4.1586154855308672</CFMAX>
        <SP>0</SP>
        <SFCF>0.5007802386630329</SFCF>
        <CFR>0.044431181743259822</CFR>
        <CWH>0.10002829687625241</CWH>
        <CFGlacier>1</CFGlacier>
        <CFSlope>1</CFSlope>
        <FC>84.135086846286939</FC>
        <LP>0.30000022163679574</LP>
        <BETA>2.4015808193458996</BETA>
      </SubCatchmentVegetationZoneParameters>
    </SubCatchmentVegetationZone>
  </SubCatchment>
</Catchment>