<?xml version="1.0" encoding="utf-8"?>
<Catchment xmlns:xsi="http://www.w3.org/2001/XMLSchema-instance" xmlns:xsd="http://www.w3.org/2001/XMLSchema">
  <CatchmentParameters>
    <KSI>0.001</KSI>
    <KGmin>0.05</KGmin>
    <RangeKG>0.1</RangeKG>
    <AG>0.1</AG>
    <PERC>8.2126006603351325</PERC>
    <Alpha>0</Alpha>
    <UZL>134.7153320560553</UZL>
    <K0>0.52498575543630122</K0>
    <K1>0.64085762288030135</K1>
    <K2>0.14999987789275343</K2>
    <MAXBAS>1.3767145722727534</MAXBAS>
    <Cet>0</Cet>
    <PCALT>10</PCALT>
    <TCALT>0.6</TCALT>
    <Pelev>0</Pelev>
    <Telev>0</Telev>
    <PART>0.5</PART>
    <DELAY>1</DELAY>
  </CatchmentParameters>
  <VegetationZone>
    <VegetationZoneParameters>
      <TT>1.1859417825050711</TT>
      <CFMAX>3.2504830482534004</CFMAX>
      <SP>0</SP>
      <SFCF>0.50004543808189983</SFCF>
      <CFR>0.065031065496239576</CFR>
      <CWH>0.10000000918386003</CWH>
      <CFGlacier>1</CFGlacier>
      <CFSlope>1</CFSlope>
      <FC>124.39667473089487</FC>
      <LP>0.33763371104084511</LP>
      <BETA>1.9756673910724536</BETA>
    </VegetationZoneParameters>
  </VegetationZone>
  <SubCatchment>
    <SubCatchmentParameters>
      <KSI>0.001</KSI>
      <KGmin>0.05</KGmin>
      <RangeKG>0.1</RangeKG>
      <AG>0.1</AG>
      <PERC>8.2126006603351325</PERC>
      <Alpha>0</Alpha>
      <UZL>134.7153320560553</UZL>
      <K0>0.52498575543630122</K0>
      <K1>0.64085762288030135</K1>
      <K2>0.14999987789275343</K2>
      <MAXBAS>1.3767145722727534</MAXBAS>
      <Cet>0</Cet>
      <PCALT>10</PCALT>
      <TCALT>0.6</TCALT>
      <Pelev>0</Pelev>
      <Telev>0</Telev>
      <PART>0.5</PART>
      <DELAY>1</DELAY>
    </SubCatchmentParameters>
    <SubCatchmentVegetationZone>
      <SubCatchmentVegetationZoneParameters>
        <TT>1.1859417825050711</TT>
        <CFMAX>3.2504830482534004</CFMAX>
        <SP>0</SP>
        <SFCF>0.50004543808189983</SFCF>
        <CFR>0.065031065496239576</CFR>
        <CWH>0.10000000918386003</CWH>
        <CFGlacier>1</CFGlacier>
        <CFSlope>1</CFSlope>
        <FC>124.39667473089487</FC>
        <LP>0.33763371104084511</LP>
        <BETA>1.9756673910724536</BETA>
      </SubCatchmentVegetationZoneParameters>
    </SubCatchmentVegetationZone>
  </SubCatchment>
</Catchment>