<?xml version="1.0" encoding="utf-8"?>
<Catchment xmlns:xsi="http://www.w3.org/2001/XMLSchema-instance" xmlns:xsd="http://www.w3.org/2001/XMLSchema">
  <CatchmentParameters>
    <KSI>0.001</KSI>
    <KGmin>0.05</KGmin>
    <RangeKG>0.1</RangeKG>
    <AG>0.1</AG>
    <PERC>4.932925918781156</PERC>
    <Alpha>0</Alpha>
    <UZL>26.457429800247485</UZL>
    <K0>0.98999840999400657</K0>
    <K1>0.34047444854502479</K1>
    <K2>0.039956737074999117</K2>
    <MAXBAS>1</MAXBAS>
    <Cet>0</Cet>
    <PCALT>10</PCALT>
    <TCALT>0.6</TCALT>
    <Pelev>0</Pelev>
    <Telev>0</Telev>
    <PART>0.5</PART>
    <DELAY>1</DELAY>
  </CatchmentParameters>
  <VegetationZone>
    <VegetationZoneParameters>
      <TT>-0.48325171846902065</TT>
      <CFMAX>4.9986502534750548</CFMAX>
      <SP>0</SP>
      <SFCF>0.97340063597806448</SFCF>
      <CFR>0.04467672199970818</CFR>
      <CWH>0.19986175754402066</CWH>
      <CFGlacier>1</CFGlacier>
      <CFSlope>1</CFSlope>
      <FC>126.874655511296</FC>
      <LP>0.59119354175503569</LP>
      <BETA>2.6482723871286407</BETA>
    </VegetationZoneParameters>
  </VegetationZone>
  <SubCatchment>
    <SubCatchmentParameters>
      <KSI>0.001</KSI>
      <KGmin>0.05</KGmin>
      <RangeKG>0.1</RangeKG>
      <AG>0.1</AG>
      <PERC>4.932925918781156</PERC>
      <Alpha>0</Alpha>
      <UZL>26.457429800247485</UZL>
      <K0>0.98999840999400657</K0>
      <K1>0.34047444854502479</K1>
      <K2>0.039956737074999117</K2>
      <MAXBAS>1</MAXBAS>
      <Cet>0</Cet>
      <PCALT>10</PCALT>
      <TCALT>0.6</TCALT>
      <Pelev>0</Pelev>
      <Telev>0</Telev>
      <PART>0.5</PART>
      <DELAY>1</DELAY>
    </SubCatchmentParameters>
    <SubCatchmentVegetationZone>
      <SubCatchmentVegetationZoneParameters>
        <TT>-0.48325171846902065</TT>
        <CFMAX>4.9986502534750548</CFMAX>
        <SP>0</SP>
        <SFCF>0.97340063597806448</SFCF>
        <CFR>0.04467672199970818</CFR>
        <CWH>0.19986175754402066</CWH>
        <CFGlacier>1</CFGlacier>
        <CFSlope>1</CFSlope>
        <FC>126.874655511296</FC>
        <LP>0.59119354175503569</LP>
        <BETA>2.6482723871286407</BETA>
      </SubCatchmentVegetationZoneParameters>
    </SubCatchmentVegetationZone>
  </SubCatchment>
</Catchment>