<?xml version="1.0" encoding="utf-8"?>
<Catchment xmlns:xsi="http://www.w3.org/2001/XMLSchema-instance" xmlns:xsd="http://www.w3.org/2001/XMLSchema">
  <CatchmentParameters>
    <KSI>0.001</KSI>
    <KGmin>0.05</KGmin>
    <RangeKG>0.1</RangeKG>
    <AG>0.1</AG>
    <PERC>9.9971581830898284</PERC>
    <Alpha>0</Alpha>
    <UZL>26.723574762863162</UZL>
    <K0>0.98999825851125078</K0>
    <K1>0.35485660590438317</K1>
    <K2>0.12932710850628887</K2>
    <MAXBAS>1.0016348096045498</MAXBAS>
    <Cet>0</Cet>
    <PCALT>10</PCALT>
    <TCALT>0.6</TCALT>
    <Pelev>0</Pelev>
    <Telev>0</Telev>
    <PART>0.5</PART>
    <DELAY>1</DELAY>
  </CatchmentParameters>
  <VegetationZone>
    <VegetationZoneParameters>
      <TT>-1.0222626064391704</TT>
      <CFMAX>1.204767223686219</CFMAX>
      <SP>0</SP>
      <SFCF>0.50000611556570651</SFCF>
      <CFR>0.061863092821193344</CFR>
      <CWH>0.1991064585939539</CWH>
      <CFGlacier>1</CFGlacier>
      <CFSlope>1</CFSlope>
      <FC>87.5625850532835</FC>
      <LP>0.30000003390888841</LP>
      <BETA>2.3909641300234643</BETA>
    </VegetationZoneParameters>
  </VegetationZone>
  <SubCatchment>
    <SubCatchmentParameters>
      <KSI>0.001</KSI>
      <KGmin>0.05</KGmin>
      <RangeKG>0.1</RangeKG>
      <AG>0.1</AG>
      <PERC>9.9971581830898284</PERC>
      <Alpha>0</Alpha>
      <UZL>26.723574762863162</UZL>
      <K0>0.98999825851125078</K0>
      <K1>0.35485660590438317</K1>
      <K2>0.12932710850628887</K2>
      <MAXBAS>1.0016348096045498</MAXBAS>
      <Cet>0</Cet>
      <PCALT>10</PCALT>
      <TCALT>0.6</TCALT>
      <Pelev>0</Pelev>
      <Telev>0</Telev>
      <PART>0.5</PART>
      <DELAY>1</DELAY>
    </SubCatchmentParameters>
    <SubCatchmentVegetationZone>
      <SubCatchmentVegetationZoneParameters>
        <TT>-1.0222626064391704</TT>
        <CFMAX>1.204767223686219</CFMAX>
        <SP>0</SP>
        <SFCF>0.50000611556570651</SFCF>
        <CFR>0.061863092821193344</CFR>
        <CWH>0.1991064585939539</CWH>
        <CFGlacier>1</CFGlacier>
        <CFSlope>1</CFSlope>
        <FC>87.5625850532835</FC>
        <LP>0.30000003390888841</LP>
        <BETA>2.3909641300234643</BETA>
      </SubCatchmentVegetationZoneParameters>
    </SubCatchmentVegetationZone>
  </SubCatchment>
</Catchment>