<?xml version="1.0" encoding="utf-8"?>
<Catchment xmlns:xsi="http://www.w3.org/2001/XMLSchema-instance" xmlns:xsd="http://www.w3.org/2001/XMLSchema">
  <CatchmentParameters>
    <KSI>0.001</KSI>
    <KGmin>0.05</KGmin>
    <RangeKG>0.1</RangeKG>
    <AG>0.1</AG>
    <PERC>9.1108098519608038</PERC>
    <Alpha>0</Alpha>
    <UZL>20.570942083627362</UZL>
    <K0>0.98999750320776092</K0>
    <K1>0.50916328079292184</K1>
    <K2>0.14999958879412451</K2>
    <MAXBAS>1.3353990383709955</MAXBAS>
    <Cet>0</Cet>
    <PCALT>10</PCALT>
    <TCALT>0.6</TCALT>
    <Pelev>0</Pelev>
    <Telev>0</Telev>
    <PART>0.5</PART>
    <DELAY>1</DELAY>
  </CatchmentParameters>
  <VegetationZone>
    <VegetationZoneParameters>
      <TT>1.2313965501595194</TT>
      <CFMAX>3.7865549309104862</CFMAX>
      <SP>0</SP>
      <SFCF>0.5005523486366098</SFCF>
      <CFR>0.055478833084286715</CFR>
      <CWH>0.10000657821133571</CWH>
      <CFGlacier>1</CFGlacier>
      <CFSlope>1</CFSlope>
      <FC>116.65784425712533</FC>
      <LP>0.37916660467520324</LP>
      <BETA>2.4126460373343992</BETA>
    </VegetationZoneParameters>
  </VegetationZone>
  <SubCatchment>
    <SubCatchmentParameters>
      <KSI>0.001</KSI>
      <KGmin>0.05</KGmin>
      <RangeKG>0.1</RangeKG>
      <AG>0.1</AG>
      <PERC>9.1108098519608038</PERC>
      <Alpha>0</Alpha>
      <UZL>20.570942083627362</UZL>
      <K0>0.98999750320776092</K0>
      <K1>0.50916328079292184</K1>
      <K2>0.14999958879412451</K2>
      <MAXBAS>1.3353990383709955</MAXBAS>
      <Cet>0</Cet>
      <PCALT>10</PCALT>
      <TCALT>0.6</TCALT>
      <Pelev>0</Pelev>
      <Telev>0</Telev>
      <PART>0.5</PART>
      <DELAY>1</DELAY>
    </SubCatchmentParameters>
    <SubCatchmentVegetationZone>
      <SubCatchmentVegetationZoneParameters>
        <TT>1.2313965501595194</TT>
        <CFMAX>3.7865549309104862</CFMAX>
        <SP>0</SP>
        <SFCF>0.5005523486366098</SFCF>
        <CFR>0.055478833084286715</CFR>
        <CWH>0.10000657821133571</CWH>
        <CFGlacier>1</CFGlacier>
        <CFSlope>1</CFSlope>
        <FC>116.65784425712533</FC>
        <LP>0.37916660467520324</LP>
        <BETA>2.4126460373343992</BETA>
      </SubCatchmentVegetationZoneParameters>
    </SubCatchmentVegetationZone>
  </SubCatchment>
</Catchment>