<?xml version="1.0" encoding="utf-8"?>
<Catchment xmlns:xsi="http://www.w3.org/2001/XMLSchema-instance" xmlns:xsd="http://www.w3.org/2001/XMLSchema">
  <CatchmentParameters>
    <KSI>0.001</KSI>
    <KGmin>0.05</KGmin>
    <RangeKG>0.1</RangeKG>
    <AG>0.1</AG>
    <PERC>1.075031207579596</PERC>
    <Alpha>0</Alpha>
    <UZL>10.788080015802468</UZL>
    <K0>0.9445777506247276</K0>
    <K1>0.049984760301540261</K1>
    <K2>0.14999974468854269</K2>
    <MAXBAS>1.4352193529801229</MAXBAS>
    <Cet>0</Cet>
    <PCALT>10</PCALT>
    <TCALT>0.6</TCALT>
    <Pelev>0</Pelev>
    <Telev>0</Telev>
    <PART>0.5</PART>
    <DELAY>1</DELAY>
  </CatchmentParameters>
  <VegetationZone>
    <VegetationZoneParameters>
      <TT>2.4348105461084013</TT>
      <CFMAX>0.50368332580305131</CFMAX>
      <SP>0</SP>
      <SFCF>1.499999613492423</SFCF>
      <CFR>0.027321277927567146</CFR>
      <CWH>0.11562337268720542</CWH>
      <CFGlacier>1</CFGlacier>
      <CFSlope>1</CFSlope>
      <FC>484.8901947470797</FC>
      <LP>0.86446407059129193</LP>
      <BETA>2.3576431819958916</BETA>
    </VegetationZoneParameters>
  </VegetationZone>
  <SubCatchment>
    <SubCatchmentParameters>
      <KSI>0.001</KSI>
      <KGmin>0.05</KGmin>
      <RangeKG>0.1</RangeKG>
      <AG>0.1</AG>
      <PERC>1.075031207579596</PERC>
      <Alpha>0</Alpha>
      <UZL>10.788080015802468</UZL>
      <K0>0.9445777506247276</K0>
      <K1>0.049984760301540261</K1>
      <K2>0.14999974468854269</K2>
      <MAXBAS>1.4352193529801229</MAXBAS>
      <Cet>0</Cet>
      <PCALT>10</PCALT>
      <TCALT>0.6</TCALT>
      <Pelev>0</Pelev>
      <Telev>0</Telev>
      <PART>0.5</PART>
      <DELAY>1</DELAY>
    </SubCatchmentParameters>
    <SubCatchmentVegetationZone>
      <SubCatchmentVegetationZoneParameters>
        <TT>2.4348105461084013</TT>
        <CFMAX>0.50368332580305131</CFMAX>
        <SP>0</SP>
        <SFCF>1.499999613492423</SFCF>
        <CFR>0.027321277927567146</CFR>
        <CWH>0.11562337268720542</CWH>
        <CFGlacier>1</CFGlacier>
        <CFSlope>1</CFSlope>
        <FC>484.8901947470797</FC>
        <LP>0.86446407059129193</LP>
        <BETA>2.3576431819958916</BETA>
      </SubCatchmentVegetationZoneParameters>
    </SubCatchmentVegetationZone>
  </SubCatchment>
</Catchment>