<?xml version="1.0" encoding="utf-8"?>
<Catchment xmlns:xsi="http://www.w3.org/2001/XMLSchema-instance" xmlns:xsd="http://www.w3.org/2001/XMLSchema">
  <CatchmentParameters>
    <KSI>0.001</KSI>
    <KGmin>0.05</KGmin>
    <RangeKG>0.1</RangeKG>
    <AG>0.1</AG>
    <PERC>4.6030822759630006</PERC>
    <Alpha>0</Alpha>
    <UZL>147.20266620807232</UZL>
    <K0>0.39148587973950222</K0>
    <K1>0.5766192761365494</K1>
    <K2>0.074246268188498693</K2>
    <MAXBAS>1</MAXBAS>
    <Cet>0</Cet>
    <PCALT>10</PCALT>
    <TCALT>0.6</TCALT>
    <Pelev>0</Pelev>
    <Telev>0</Telev>
    <PART>0.5</PART>
    <DELAY>1</DELAY>
  </CatchmentParameters>
  <VegetationZone>
    <VegetationZoneParameters>
      <TT>2.450055034965291</TT>
      <CFMAX>0.71010578682845027</CFMAX>
      <SP>0</SP>
      <SFCF>1.3560681487458337</SFCF>
      <CFR>0.031716605877391973</CFR>
      <CWH>0.13613046982159263</CWH>
      <CFGlacier>1</CFGlacier>
      <CFSlope>1</CFSlope>
      <FC>353.47226238770457</FC>
      <LP>0.88542242296084162</LP>
      <BETA>2.9942705007776595</BETA>
    </VegetationZoneParameters>
  </VegetationZone>
  <SubCatchment>
    <SubCatchmentParameters>
      <KSI>0.001</KSI>
      <KGmin>0.05</KGmin>
      <RangeKG>0.1</RangeKG>
      <AG>0.1</AG>
      <PERC>4.6030822759630006</PERC>
      <Alpha>0</Alpha>
      <UZL>147.20266620807232</UZL>
      <K0>0.39148587973950222</K0>
      <K1>0.5766192761365494</K1>
      <K2>0.074246268188498693</K2>
      <MAXBAS>1</MAXBAS>
      <Cet>0</Cet>
      <PCALT>10</PCALT>
      <TCALT>0.6</TCALT>
      <Pelev>0</Pelev>
      <Telev>0</Telev>
      <PART>0.5</PART>
      <DELAY>1</DELAY>
    </SubCatchmentParameters>
    <SubCatchmentVegetationZone>
      <SubCatchmentVegetationZoneParameters>
        <TT>2.450055034965291</TT>
        <CFMAX>0.71010578682845027</CFMAX>
        <SP>0</SP>
        <SFCF>1.3560681487458337</SFCF>
        <CFR>0.031716605877391973</CFR>
        <CWH>0.13613046982159263</CWH>
        <CFGlacier>1</CFGlacier>
        <CFSlope>1</CFSlope>
        <FC>353.47226238770457</FC>
        <LP>0.88542242296084162</LP>
        <BETA>2.9942705007776595</BETA>
      </SubCatchmentVegetationZoneParameters>
    </SubCatchmentVegetationZone>
  </SubCatchment>
</Catchment>