<?xml version="1.0" encoding="utf-8"?>
<Catchment xmlns:xsi="http://www.w3.org/2001/XMLSchema-instance" xmlns:xsd="http://www.w3.org/2001/XMLSchema">
  <CatchmentParameters>
    <KSI>0.001</KSI>
    <KGmin>0.05</KGmin>
    <RangeKG>0.1</RangeKG>
    <AG>0.1</AG>
    <PERC>7.4188488139174735</PERC>
    <Alpha>0</Alpha>
    <UZL>185.34451847762878</UZL>
    <K0>0.068558712122608639</K0>
    <K1>0.636431016308768</K1>
    <K2>0.14999954996455556</K2>
    <MAXBAS>1.3653824508616477</MAXBAS>
    <Cet>0</Cet>
    <PCALT>10</PCALT>
    <TCALT>0.6</TCALT>
    <Pelev>0</Pelev>
    <Telev>0</Telev>
    <PART>0.5</PART>
    <DELAY>1</DELAY>
  </CatchmentParameters>
  <VegetationZone>
    <VegetationZoneParameters>
      <TT>1.1440678855460449</TT>
      <CFMAX>2.8772466732946973</CFMAX>
      <SP>0</SP>
      <SFCF>0.50000066853399672</SFCF>
      <CFR>0.093668826594006244</CFR>
      <CWH>0.10000788078527492</CWH>
      <CFGlacier>1</CFGlacier>
      <CFSlope>1</CFSlope>
      <FC>134.10720380229867</FC>
      <LP>0.30000000000544036</LP>
      <BETA>1.7110172811896032</BETA>
    </VegetationZoneParameters>
  </VegetationZone>
  <SubCatchment>
    <SubCatchmentParameters>
      <KSI>0.001</KSI>
      <KGmin>0.05</KGmin>
      <RangeKG>0.1</RangeKG>
      <AG>0.1</AG>
      <PERC>7.4188488139174735</PERC>
      <Alpha>0</Alpha>
      <UZL>185.34451847762878</UZL>
      <K0>0.068558712122608639</K0>
      <K1>0.636431016308768</K1>
      <K2>0.14999954996455556</K2>
      <MAXBAS>1.3653824508616477</MAXBAS>
      <Cet>0</Cet>
      <PCALT>10</PCALT>
      <TCALT>0.6</TCALT>
      <Pelev>0</Pelev>
      <Telev>0</Telev>
      <PART>0.5</PART>
      <DELAY>1</DELAY>
    </SubCatchmentParameters>
    <SubCatchmentVegetationZone>
      <SubCatchmentVegetationZoneParameters>
        <TT>1.1440678855460449</TT>
        <CFMAX>2.8772466732946973</CFMAX>
        <SP>0</SP>
        <SFCF>0.50000066853399672</SFCF>
        <CFR>0.093668826594006244</CFR>
        <CWH>0.10000788078527492</CWH>
        <CFGlacier>1</CFGlacier>
        <CFSlope>1</CFSlope>
        <FC>134.10720380229867</FC>
        <LP>0.30000000000544036</LP>
        <BETA>1.7110172811896032</BETA>
      </SubCatchmentVegetationZoneParameters>
    </SubCatchmentVegetationZone>
  </SubCatchment>
</Catchment>