<?xml version="1.0" encoding="utf-8"?>
<Catchment xmlns:xsi="http://www.w3.org/2001/XMLSchema-instance" xmlns:xsd="http://www.w3.org/2001/XMLSchema">
  <CatchmentParameters>
    <KSI>0.001</KSI>
    <KGmin>0.05</KGmin>
    <RangeKG>0.1</RangeKG>
    <AG>0.1</AG>
    <PERC>9.0093041675081516</PERC>
    <Alpha>0</Alpha>
    <UZL>22.249166194523252</UZL>
    <K0>0.98999939946982418</K0>
    <K1>0.37626837435001365</K1>
    <K2>0.14999645592055821</K2>
    <MAXBAS>1.1903824472917317</MAXBAS>
    <Cet>0</Cet>
    <PCALT>10</PCALT>
    <TCALT>0.6</TCALT>
    <Pelev>0</Pelev>
    <Telev>0</Telev>
    <PART>0.5</PART>
    <DELAY>1</DELAY>
  </CatchmentParameters>
  <VegetationZone>
    <VegetationZoneParameters>
      <TT>1.2990312691713843</TT>
      <CFMAX>4.9998359145726088</CFMAX>
      <SP>0</SP>
      <SFCF>0.50000013348715566</SFCF>
      <CFR>0.048124146366970127</CFR>
      <CWH>0.10002407114343576</CWH>
      <CFGlacier>1</CFGlacier>
      <CFSlope>1</CFSlope>
      <FC>105.39454771979374</FC>
      <LP>0.30000001906342805</LP>
      <BETA>2.2321086196396402</BETA>
    </VegetationZoneParameters>
  </VegetationZone>
  <SubCatchment>
    <SubCatchmentParameters>
      <KSI>0.001</KSI>
      <KGmin>0.05</KGmin>
      <RangeKG>0.1</RangeKG>
      <AG>0.1</AG>
      <PERC>9.0093041675081516</PERC>
      <Alpha>0</Alpha>
      <UZL>22.249166194523252</UZL>
      <K0>0.98999939946982418</K0>
      <K1>0.37626837435001365</K1>
      <K2>0.14999645592055821</K2>
      <MAXBAS>1.1903824472917317</MAXBAS>
      <Cet>0</Cet>
      <PCALT>10</PCALT>
      <TCALT>0.6</TCALT>
      <Pelev>0</Pelev>
      <Telev>0</Telev>
      <PART>0.5</PART>
      <DELAY>1</DELAY>
    </SubCatchmentParameters>
    <SubCatchmentVegetationZone>
      <SubCatchmentVegetationZoneParameters>
        <TT>1.2990312691713843</TT>
        <CFMAX>4.9998359145726088</CFMAX>
        <SP>0</SP>
        <SFCF>0.50000013348715566</SFCF>
        <CFR>0.048124146366970127</CFR>
        <CWH>0.10002407114343576</CWH>
        <CFGlacier>1</CFGlacier>
        <CFSlope>1</CFSlope>
        <FC>105.39454771979374</FC>
        <LP>0.30000001906342805</LP>
        <BETA>2.2321086196396402</BETA>
      </SubCatchmentVegetationZoneParameters>
    </SubCatchmentVegetationZone>
  </SubCatchment>
</Catchment>