<?xml version="1.0" encoding="utf-8"?>
<Catchment xmlns:xsi="http://www.w3.org/2001/XMLSchema-instance" xmlns:xsd="http://www.w3.org/2001/XMLSchema">
  <CatchmentParameters>
    <KSI>0.001</KSI>
    <KGmin>0.05</KGmin>
    <RangeKG>0.1</RangeKG>
    <AG>0.1</AG>
    <PERC>5.5654494342505094</PERC>
    <Alpha>0</Alpha>
    <UZL>100.00180542088741</UZL>
    <K0>0.36371548623817052</K0>
    <K1>0.79315564231037</K1>
    <K2>0.068731794067973334</K2>
    <MAXBAS>1</MAXBAS>
    <Cet>0</Cet>
    <PCALT>10</PCALT>
    <TCALT>0.6</TCALT>
    <Pelev>0</Pelev>
    <Telev>0</Telev>
    <PART>0.5</PART>
    <DELAY>1</DELAY>
  </CatchmentParameters>
  <VegetationZone>
    <VegetationZoneParameters>
      <TT>1.0109873887660672</TT>
      <CFMAX>0.50000005295009831</CFMAX>
      <SP>0</SP>
      <SFCF>0.967399815859941</SFCF>
      <CFR>0.056809810808208759</CFR>
      <CWH>0.19999468344119181</CWH>
      <CFGlacier>1</CFGlacier>
      <CFSlope>1</CFSlope>
      <FC>1893.5149408130974</FC>
      <LP>0.8524115359581681</LP>
      <BETA>2.7043636537308582</BETA>
    </VegetationZoneParameters>
  </VegetationZone>
  <SubCatchment>
    <SubCatchmentParameters>
      <KSI>0.001</KSI>
      <KGmin>0.05</KGmin>
      <RangeKG>0.1</RangeKG>
      <AG>0.1</AG>
      <PERC>5.5654494342505094</PERC>
      <Alpha>0</Alpha>
      <UZL>100.00180542088741</UZL>
      <K0>0.36371548623817052</K0>
      <K1>0.79315564231037</K1>
      <K2>0.068731794067973334</K2>
      <MAXBAS>1</MAXBAS>
      <Cet>0</Cet>
      <PCALT>10</PCALT>
      <TCALT>0.6</TCALT>
      <Pelev>0</Pelev>
      <Telev>0</Telev>
      <PART>0.5</PART>
      <DELAY>1</DELAY>
    </SubCatchmentParameters>
    <SubCatchmentVegetationZone>
      <SubCatchmentVegetationZoneParameters>
        <TT>1.0109873887660672</TT>
        <CFMAX>0.50000005295009831</CFMAX>
        <SP>0</SP>
        <SFCF>0.967399815859941</SFCF>
        <CFR>0.056809810808208759</CFR>
        <CWH>0.19999468344119181</CWH>
        <CFGlacier>1</CFGlacier>
        <CFSlope>1</CFSlope>
        <FC>1893.5149408130974</FC>
        <LP>0.8524115359581681</LP>
        <BETA>2.7043636537308582</BETA>
      </SubCatchmentVegetationZoneParameters>
    </SubCatchmentVegetationZone>
  </SubCatchment>
</Catchment>