<?xml version="1.0" encoding="utf-8"?>
<Catchment xmlns:xsi="http://www.w3.org/2001/XMLSchema-instance" xmlns:xsd="http://www.w3.org/2001/XMLSchema">
  <CatchmentParameters>
    <KSI>0.001</KSI>
    <KGmin>0.05</KGmin>
    <RangeKG>0.1</RangeKG>
    <AG>0.1</AG>
    <PERC>6.1017100545597733</PERC>
    <Alpha>0</Alpha>
    <UZL>108.40344734606573</UZL>
    <K0>0.35322629920710541</K0>
    <K1>0.771279120267935</K1>
    <K2>0.14999928762007028</K2>
    <MAXBAS>1.4161138425893143</MAXBAS>
    <Cet>0</Cet>
    <PCALT>10</PCALT>
    <TCALT>0.6</TCALT>
    <Pelev>0</Pelev>
    <Telev>0</Telev>
    <PART>0.5</PART>
    <DELAY>1</DELAY>
  </CatchmentParameters>
  <VegetationZone>
    <VegetationZoneParameters>
      <TT>2.4267230287674968</TT>
      <CFMAX>0.50412656330033045</CFMAX>
      <SP>0</SP>
      <SFCF>1.4999984516803662</SFCF>
      <CFR>0.051363966915319526</CFR>
      <CWH>0.10000001128283552</CWH>
      <CFGlacier>1</CFGlacier>
      <CFSlope>1</CFSlope>
      <FC>427.24293035934943</FC>
      <LP>0.88229054155337716</LP>
      <BETA>2.6334097875765052</BETA>
    </VegetationZoneParameters>
  </VegetationZone>
  <SubCatchment>
    <SubCatchmentParameters>
      <KSI>0.001</KSI>
      <KGmin>0.05</KGmin>
      <RangeKG>0.1</RangeKG>
      <AG>0.1</AG>
      <PERC>6.1017100545597733</PERC>
      <Alpha>0</Alpha>
      <UZL>108.40344734606573</UZL>
      <K0>0.35322629920710541</K0>
      <K1>0.771279120267935</K1>
      <K2>0.14999928762007028</K2>
      <MAXBAS>1.4161138425893143</MAXBAS>
      <Cet>0</Cet>
      <PCALT>10</PCALT>
      <TCALT>0.6</TCALT>
      <Pelev>0</Pelev>
      <Telev>0</Telev>
      <PART>0.5</PART>
      <DELAY>1</DELAY>
    </SubCatchmentParameters>
    <SubCatchmentVegetationZone>
      <SubCatchmentVegetationZoneParameters>
        <TT>2.4267230287674968</TT>
        <CFMAX>0.50412656330033045</CFMAX>
        <SP>0</SP>
        <SFCF>1.4999984516803662</SFCF>
        <CFR>0.051363966915319526</CFR>
        <CWH>0.10000001128283552</CWH>
        <CFGlacier>1</CFGlacier>
        <CFSlope>1</CFSlope>
        <FC>427.24293035934943</FC>
        <LP>0.88229054155337716</LP>
        <BETA>2.6334097875765052</BETA>
      </SubCatchmentVegetationZoneParameters>
    </SubCatchmentVegetationZone>
  </SubCatchment>
</Catchment>