<?xml version="1.0" encoding="utf-8"?>
<Catchment xmlns:xsi="http://www.w3.org/2001/XMLSchema-instance" xmlns:xsd="http://www.w3.org/2001/XMLSchema">
  <CatchmentParameters>
    <KSI>0.001</KSI>
    <KGmin>0.05</KGmin>
    <RangeKG>0.1</RangeKG>
    <AG>0.1</AG>
    <PERC>4.6673231701298361</PERC>
    <Alpha>0</Alpha>
    <UZL>94.45534460406914</UZL>
    <K0>0.38714563339285679</K0>
    <K1>0.43812644943368106</K1>
    <K2>0.060615862411290543</K2>
    <MAXBAS>1</MAXBAS>
    <Cet>0</Cet>
    <PCALT>10</PCALT>
    <TCALT>0.6</TCALT>
    <Pelev>0</Pelev>
    <Telev>0</Telev>
    <PART>0.5</PART>
    <DELAY>1</DELAY>
  </CatchmentParameters>
  <VegetationZone>
    <VegetationZoneParameters>
      <TT>1.881333037895347</TT>
      <CFMAX>0.50000015551615318</CFMAX>
      <SP>0</SP>
      <SFCF>0.71380190713886316</SFCF>
      <CFR>0.099980224499938417</CFR>
      <CWH>0.19936874711079386</CWH>
      <CFGlacier>1</CFGlacier>
      <CFSlope>1</CFSlope>
      <FC>230.62830329178905</FC>
      <LP>0.74254571139955217</LP>
      <BETA>2.336697790780438</BETA>
    </VegetationZoneParameters>
  </VegetationZone>
  <SubCatchment>
    <SubCatchmentParameters>
      <KSI>0.001</KSI>
      <KGmin>0.05</KGmin>
      <RangeKG>0.1</RangeKG>
      <AG>0.1</AG>
      <PERC>4.6673231701298361</PERC>
      <Alpha>0</Alpha>
      <UZL>94.45534460406914</UZL>
      <K0>0.38714563339285679</K0>
      <K1>0.43812644943368106</K1>
      <K2>0.060615862411290543</K2>
      <MAXBAS>1</MAXBAS>
      <Cet>0</Cet>
      <PCALT>10</PCALT>
      <TCALT>0.6</TCALT>
      <Pelev>0</Pelev>
      <Telev>0</Telev>
      <PART>0.5</PART>
      <DELAY>1</DELAY>
    </SubCatchmentParameters>
    <SubCatchmentVegetationZone>
      <SubCatchmentVegetationZoneParameters>
        <TT>1.881333037895347</TT>
        <CFMAX>0.50000015551615318</CFMAX>
        <SP>0</SP>
        <SFCF>0.71380190713886316</SFCF>
        <CFR>0.099980224499938417</CFR>
        <CWH>0.19936874711079386</CWH>
        <CFGlacier>1</CFGlacier>
        <CFSlope>1</CFSlope>
        <FC>230.62830329178905</FC>
        <LP>0.74254571139955217</LP>
        <BETA>2.336697790780438</BETA>
      </SubCatchmentVegetationZoneParameters>
    </SubCatchmentVegetationZone>
  </SubCatchment>
</Catchment>