<?xml version="1.0" encoding="utf-8"?>
<Catchment xmlns:xsi="http://www.w3.org/2001/XMLSchema-instance" xmlns:xsd="http://www.w3.org/2001/XMLSchema">
  <CatchmentParameters>
    <KSI>0.001</KSI>
    <KGmin>0.05</KGmin>
    <RangeKG>0.1</RangeKG>
    <AG>0.1</AG>
    <PERC>5.304888409923</PERC>
    <Alpha>0</Alpha>
    <UZL>92.800112280625953</UZL>
    <K0>0.36776939577607709</K0>
    <K1>0.759953291238314</K1>
    <K2>0.14999896765347126</K2>
    <MAXBAS>1.4010584449148822</MAXBAS>
    <Cet>0</Cet>
    <PCALT>10</PCALT>
    <TCALT>0.6</TCALT>
    <Pelev>0</Pelev>
    <Telev>0</Telev>
    <PART>0.5</PART>
    <DELAY>1</DELAY>
  </CatchmentParameters>
  <VegetationZone>
    <VegetationZoneParameters>
      <TT>2.2572649492352626</TT>
      <CFMAX>0.503287292463803</CFMAX>
      <SP>0</SP>
      <SFCF>1.4999987830936294</SFCF>
      <CFR>0.087301140829218957</CFR>
      <CWH>0.10000000000354185</CWH>
      <CFGlacier>1</CFGlacier>
      <CFSlope>1</CFSlope>
      <FC>436.42093357741408</FC>
      <LP>0.88385742213179908</LP>
      <BETA>2.9155840343538353</BETA>
    </VegetationZoneParameters>
  </VegetationZone>
  <SubCatchment>
    <SubCatchmentParameters>
      <KSI>0.001</KSI>
      <KGmin>0.05</KGmin>
      <RangeKG>0.1</RangeKG>
      <AG>0.1</AG>
      <PERC>5.304888409923</PERC>
      <Alpha>0</Alpha>
      <UZL>92.800112280625953</UZL>
      <K0>0.36776939577607709</K0>
      <K1>0.759953291238314</K1>
      <K2>0.14999896765347126</K2>
      <MAXBAS>1.4010584449148822</MAXBAS>
      <Cet>0</Cet>
      <PCALT>10</PCALT>
      <TCALT>0.6</TCALT>
      <Pelev>0</Pelev>
      <Telev>0</Telev>
      <PART>0.5</PART>
      <DELAY>1</DELAY>
    </SubCatchmentParameters>
    <SubCatchmentVegetationZone>
      <SubCatchmentVegetationZoneParameters>
        <TT>2.2572649492352626</TT>
        <CFMAX>0.503287292463803</CFMAX>
        <SP>0</SP>
        <SFCF>1.4999987830936294</SFCF>
        <CFR>0.087301140829218957</CFR>
        <CWH>0.10000000000354185</CWH>
        <CFGlacier>1</CFGlacier>
        <CFSlope>1</CFSlope>
        <FC>436.42093357741408</FC>
        <LP>0.88385742213179908</LP>
        <BETA>2.9155840343538353</BETA>
      </SubCatchmentVegetationZoneParameters>
    </SubCatchmentVegetationZone>
  </SubCatchment>
</Catchment>