<?xml version="1.0" encoding="utf-8"?>
<Catchment xmlns:xsi="http://www.w3.org/2001/XMLSchema-instance" xmlns:xsd="http://www.w3.org/2001/XMLSchema">
  <CatchmentParameters>
    <KSI>0.001</KSI>
    <KGmin>0.05</KGmin>
    <RangeKG>0.1</RangeKG>
    <AG>0.1</AG>
    <PERC>9.9999946054582267</PERC>
    <Alpha>0</Alpha>
    <UZL>91.866371560809569</UZL>
    <K0>0.082474336483763261</K0>
    <K1>0.49344345769578585</K1>
    <K2>0.12522058744532075</K2>
    <MAXBAS>1.1671573411273843</MAXBAS>
    <Cet>0</Cet>
    <PCALT>10</PCALT>
    <TCALT>0.6</TCALT>
    <Pelev>0</Pelev>
    <Telev>0</Telev>
    <PART>0.5</PART>
    <DELAY>1</DELAY>
  </CatchmentParameters>
  <VegetationZone>
    <VegetationZoneParameters>
      <TT>1.2989984435505997</TT>
      <CFMAX>4.9994831512857223</CFMAX>
      <SP>0</SP>
      <SFCF>0.50000007795427992</SFCF>
      <CFR>0.038818918024624789</CFR>
      <CWH>0.10001435885981877</CWH>
      <CFGlacier>1</CFGlacier>
      <CFSlope>1</CFSlope>
      <FC>90.117849999156363</FC>
      <LP>0.30000002564857814</LP>
      <BETA>2.4611818487107304</BETA>
    </VegetationZoneParameters>
  </VegetationZone>
  <SubCatchment>
    <SubCatchmentParameters>
      <KSI>0.001</KSI>
      <KGmin>0.05</KGmin>
      <RangeKG>0.1</RangeKG>
      <AG>0.1</AG>
      <PERC>9.9999946054582267</PERC>
      <Alpha>0</Alpha>
      <UZL>91.866371560809569</UZL>
      <K0>0.082474336483763261</K0>
      <K1>0.49344345769578585</K1>
      <K2>0.12522058744532075</K2>
      <MAXBAS>1.1671573411273843</MAXBAS>
      <Cet>0</Cet>
      <PCALT>10</PCALT>
      <TCALT>0.6</TCALT>
      <Pelev>0</Pelev>
      <Telev>0</Telev>
      <PART>0.5</PART>
      <DELAY>1</DELAY>
    </SubCatchmentParameters>
    <SubCatchmentVegetationZone>
      <SubCatchmentVegetationZoneParameters>
        <TT>1.2989984435505997</TT>
        <CFMAX>4.9994831512857223</CFMAX>
        <SP>0</SP>
        <SFCF>0.50000007795427992</SFCF>
        <CFR>0.038818918024624789</CFR>
        <CWH>0.10001435885981877</CWH>
        <CFGlacier>1</CFGlacier>
        <CFSlope>1</CFSlope>
        <FC>90.117849999156363</FC>
        <LP>0.30000002564857814</LP>
        <BETA>2.4611818487107304</BETA>
      </SubCatchmentVegetationZoneParameters>
    </SubCatchmentVegetationZone>
  </SubCatchment>
</Catchment>