<?xml version="1.0" encoding="utf-8"?>
<Catchment xmlns:xsi="http://www.w3.org/2001/XMLSchema-instance" xmlns:xsd="http://www.w3.org/2001/XMLSchema">
  <CatchmentParameters>
    <KSI>0.001</KSI>
    <KGmin>0.05</KGmin>
    <RangeKG>0.1</RangeKG>
    <AG>0.1</AG>
    <PERC>0.829492513217793</PERC>
    <Alpha>0</Alpha>
    <UZL>55.076777417823671</UZL>
    <K0>0.98999219533282179</K0>
    <K1>0.31185755099626172</K1>
    <K2>0.050997668125423432</K2>
    <MAXBAS>1</MAXBAS>
    <Cet>0.10966981609293544</Cet>
    <PCALT>2.452155457669396</PCALT>
    <TCALT>0.18972785659903305</TCALT>
    <Pelev>436</Pelev>
    <Telev>436</Telev>
    <PART>0.5</PART>
    <DELAY>1</DELAY>
  </CatchmentParameters>
  <VegetationZone>
    <VegetationZoneParameters>
      <TT>-2.2080645936308425</TT>
      <CFMAX>1.7531232332527096</CFMAX>
      <SP>0</SP>
      <SFCF>0.91178895540669525</SFCF>
      <CFR>0.0982287629206909</CFR>
      <CWH>0.19995383406932726</CWH>
      <CFGlacier>1</CFGlacier>
      <CFSlope>1</CFSlope>
      <FC>1748.2941955394481</FC>
      <LP>0.69609633265494819</LP>
      <BETA>1.6931641388227108</BETA>
    </VegetationZoneParameters>
  </VegetationZone>
  <SubCatchment>
    <SubCatchmentParameters>
      <KSI>0.001</KSI>
      <KGmin>0.05</KGmin>
      <RangeKG>0.1</RangeKG>
      <AG>0.1</AG>
      <PERC>0.829492513217793</PERC>
      <Alpha>0</Alpha>
      <UZL>55.076777417823671</UZL>
      <K0>0.98999219533282179</K0>
      <K1>0.31185755099626172</K1>
      <K2>0.050997668125423432</K2>
      <MAXBAS>1</MAXBAS>
      <Cet>0.10966981609293544</Cet>
      <PCALT>2.452155457669396</PCALT>
      <TCALT>0.18972785659903305</TCALT>
      <Pelev>436</Pelev>
      <Telev>436</Telev>
      <PART>0.5</PART>
      <DELAY>1</DELAY>
    </SubCatchmentParameters>
    <SubCatchmentVegetationZone>
      <SubCatchmentVegetationZoneParameters>
        <TT>-2.2080645936308425</TT>
        <CFMAX>1.7531232332527096</CFMAX>
        <SP>0</SP>
        <SFCF>0.91178895540669525</SFCF>
        <CFR>0.0982287629206909</CFR>
        <CWH>0.19995383406932726</CWH>
        <CFGlacier>1</CFGlacier>
        <CFSlope>1</CFSlope>
        <FC>1748.2941955394481</FC>
        <LP>0.69609633265494819</LP>
        <BETA>1.6931641388227108</BETA>
      </SubCatchmentVegetationZoneParameters>
    </SubCatchmentVegetationZone>
  </SubCatchment>
</Catchment>