<?xml version="1.0" encoding="utf-8"?>
<Catchment xmlns:xsi="http://www.w3.org/2001/XMLSchema-instance" xmlns:xsd="http://www.w3.org/2001/XMLSchema">
  <CatchmentParameters>
    <KSI>0.001</KSI>
    <KGmin>0.05</KGmin>
    <RangeKG>0.1</RangeKG>
    <AG>0.1</AG>
    <PERC>0.89766841745828119</PERC>
    <Alpha>0</Alpha>
    <UZL>56.127142495007547</UZL>
    <K0>0.98999911372334659</K0>
    <K1>0.32768732034290676</K1>
    <K2>0.052724682911519015</K2>
    <MAXBAS>1</MAXBAS>
    <Cet>0.1788661805692825</Cet>
    <PCALT>6.716028221333401</PCALT>
    <TCALT>0.22943191415489758</TCALT>
    <Pelev>436</Pelev>
    <Telev>436</Telev>
    <PART>0.5</PART>
    <DELAY>1</DELAY>
  </CatchmentParameters>
  <VegetationZone>
    <VegetationZoneParameters>
      <TT>-1.8725612570379382</TT>
      <CFMAX>2.1870103093708466</CFMAX>
      <SP>0</SP>
      <SFCF>0.78728359431834682</SFCF>
      <CFR>0.099885118189893429</CFR>
      <CWH>0.19736943130491083</CWH>
      <CFGlacier>1</CFGlacier>
      <CFSlope>1</CFSlope>
      <FC>2442.529467647284</FC>
      <LP>0.64084665448131117</LP>
      <BETA>2.0184860247163305</BETA>
    </VegetationZoneParameters>
  </VegetationZone>
  <SubCatchment>
    <SubCatchmentParameters>
      <KSI>0.001</KSI>
      <KGmin>0.05</KGmin>
      <RangeKG>0.1</RangeKG>
      <AG>0.1</AG>
      <PERC>0.89766841745828119</PERC>
      <Alpha>0</Alpha>
      <UZL>56.127142495007547</UZL>
      <K0>0.98999911372334659</K0>
      <K1>0.32768732034290676</K1>
      <K2>0.052724682911519015</K2>
      <MAXBAS>1</MAXBAS>
      <Cet>0.1788661805692825</Cet>
      <PCALT>6.716028221333401</PCALT>
      <TCALT>0.22943191415489758</TCALT>
      <Pelev>436</Pelev>
      <Telev>436</Telev>
      <PART>0.5</PART>
      <DELAY>1</DELAY>
    </SubCatchmentParameters>
    <SubCatchmentVegetationZone>
      <SubCatchmentVegetationZoneParameters>
        <TT>-1.8725612570379382</TT>
        <CFMAX>2.1870103093708466</CFMAX>
        <SP>0</SP>
        <SFCF>0.78728359431834682</SFCF>
        <CFR>0.099885118189893429</CFR>
        <CWH>0.19736943130491083</CWH>
        <CFGlacier>1</CFGlacier>
        <CFSlope>1</CFSlope>
        <FC>2442.529467647284</FC>
        <LP>0.64084665448131117</LP>
        <BETA>2.0184860247163305</BETA>
      </SubCatchmentVegetationZoneParameters>
    </SubCatchmentVegetationZone>
  </SubCatchment>
</Catchment>