<?xml version="1.0" encoding="utf-8"?>
<Catchment xmlns:xsi="http://www.w3.org/2001/XMLSchema-instance" xmlns:xsd="http://www.w3.org/2001/XMLSchema">
  <CatchmentParameters>
    <KSI>0.001</KSI>
    <KGmin>0.05</KGmin>
    <RangeKG>0.1</RangeKG>
    <AG>0.1</AG>
    <PERC>0.877619622141832</PERC>
    <Alpha>0</Alpha>
    <UZL>52.8178446279944</UZL>
    <K0>0.9290102172179856</K0>
    <K1>0.32264173501921917</K1>
    <K2>0.052186988890072138</K2>
    <MAXBAS>1</MAXBAS>
    <Cet>0.15331623450976092</Cet>
    <PCALT>2.8410885172313844</PCALT>
    <TCALT>0.22380906926655103</TCALT>
    <Pelev>436</Pelev>
    <Telev>436</Telev>
    <PART>0.5</PART>
    <DELAY>1</DELAY>
  </CatchmentParameters>
  <VegetationZone>
    <VegetationZoneParameters>
      <TT>-2.106690062532989</TT>
      <CFMAX>2.4510288020643385</CFMAX>
      <SP>0</SP>
      <SFCF>1.1480236256991085</SFCF>
      <CFR>0.097745889493019641</CFR>
      <CWH>0.19983972171411654</CWH>
      <CFGlacier>1</CFGlacier>
      <CFSlope>1</CFSlope>
      <FC>2107.0709280887213</FC>
      <LP>0.82796602015032617</LP>
      <BETA>2.0589934075619039</BETA>
    </VegetationZoneParameters>
  </VegetationZone>
  <SubCatchment>
    <SubCatchmentParameters>
      <KSI>0.001</KSI>
      <KGmin>0.05</KGmin>
      <RangeKG>0.1</RangeKG>
      <AG>0.1</AG>
      <PERC>0.877619622141832</PERC>
      <Alpha>0</Alpha>
      <UZL>52.8178446279944</UZL>
      <K0>0.9290102172179856</K0>
      <K1>0.32264173501921917</K1>
      <K2>0.052186988890072138</K2>
      <MAXBAS>1</MAXBAS>
      <Cet>0.15331623450976092</Cet>
      <PCALT>2.8410885172313844</PCALT>
      <TCALT>0.22380906926655103</TCALT>
      <Pelev>436</Pelev>
      <Telev>436</Telev>
      <PART>0.5</PART>
      <DELAY>1</DELAY>
    </SubCatchmentParameters>
    <SubCatchmentVegetationZone>
      <SubCatchmentVegetationZoneParameters>
        <TT>-2.106690062532989</TT>
        <CFMAX>2.4510288020643385</CFMAX>
        <SP>0</SP>
        <SFCF>1.1480236256991085</SFCF>
        <CFR>0.097745889493019641</CFR>
        <CWH>0.19983972171411654</CWH>
        <CFGlacier>1</CFGlacier>
        <CFSlope>1</CFSlope>
        <FC>2107.0709280887213</FC>
        <LP>0.82796602015032617</LP>
        <BETA>2.0589934075619039</BETA>
      </SubCatchmentVegetationZoneParameters>
    </SubCatchmentVegetationZone>
  </SubCatchment>
</Catchment>