<?xml version="1.0" encoding="utf-8"?>
<Catchment xmlns:xsi="http://www.w3.org/2001/XMLSchema-instance" xmlns:xsd="http://www.w3.org/2001/XMLSchema">
  <CatchmentParameters>
    <KSI>0.001</KSI>
    <KGmin>0.05</KGmin>
    <RangeKG>0.1</RangeKG>
    <AG>0.1</AG>
    <PERC>0.89405815915471709</PERC>
    <Alpha>0</Alpha>
    <UZL>53.249607488344658</UZL>
    <K0>0.98999218201729344</K0>
    <K1>0.32013752209786928</K1>
    <K2>0.049738194031237047</K2>
    <MAXBAS>1</MAXBAS>
    <Cet>0.19326117105484528</Cet>
    <PCALT>1.4162282630590206</PCALT>
    <TCALT>0.34266069144302769</TCALT>
    <Pelev>436</Pelev>
    <Telev>436</Telev>
    <PART>0.5</PART>
    <DELAY>1</DELAY>
  </CatchmentParameters>
  <VegetationZone>
    <VegetationZoneParameters>
      <TT>-2.2787885569539421</TT>
      <CFMAX>2.2260530934930016</CFMAX>
      <SP>0</SP>
      <SFCF>0.87984823032496506</SFCF>
      <CFR>0.099933849969857672</CFR>
      <CWH>0.19998929274240415</CWH>
      <CFGlacier>1</CFGlacier>
      <CFSlope>1</CFSlope>
      <FC>1410.771235988685</FC>
      <LP>0.51608582284087168</LP>
      <BETA>1.2328044272608294</BETA>
    </VegetationZoneParameters>
  </VegetationZone>
  <SubCatchment>
    <SubCatchmentParameters>
      <KSI>0.001</KSI>
      <KGmin>0.05</KGmin>
      <RangeKG>0.1</RangeKG>
      <AG>0.1</AG>
      <PERC>0.89405815915471709</PERC>
      <Alpha>0</Alpha>
      <UZL>53.249607488344658</UZL>
      <K0>0.98999218201729344</K0>
      <K1>0.32013752209786928</K1>
      <K2>0.049738194031237047</K2>
      <MAXBAS>1</MAXBAS>
      <Cet>0.19326117105484528</Cet>
      <PCALT>1.4162282630590206</PCALT>
      <TCALT>0.34266069144302769</TCALT>
      <Pelev>436</Pelev>
      <Telev>436</Telev>
      <PART>0.5</PART>
      <DELAY>1</DELAY>
    </SubCatchmentParameters>
    <SubCatchmentVegetationZone>
      <SubCatchmentVegetationZoneParameters>
        <TT>-2.2787885569539421</TT>
        <CFMAX>2.2260530934930016</CFMAX>
        <SP>0</SP>
        <SFCF>0.87984823032496506</SFCF>
        <CFR>0.099933849969857672</CFR>
        <CWH>0.19998929274240415</CWH>
        <CFGlacier>1</CFGlacier>
        <CFSlope>1</CFSlope>
        <FC>1410.771235988685</FC>
        <LP>0.51608582284087168</LP>
        <BETA>1.2328044272608294</BETA>
      </SubCatchmentVegetationZoneParameters>
    </SubCatchmentVegetationZone>
  </SubCatchment>
</Catchment>