<?xml version="1.0" encoding="utf-8"?>
<Catchment xmlns:xsi="http://www.w3.org/2001/XMLSchema-instance" xmlns:xsd="http://www.w3.org/2001/XMLSchema">
  <CatchmentParameters>
    <KSI>0.001</KSI>
    <KGmin>0.05</KGmin>
    <RangeKG>0.1</RangeKG>
    <AG>0.1</AG>
    <PERC>0.99077525982985637</PERC>
    <Alpha>0</Alpha>
    <UZL>52.958845908166886</UZL>
    <K0>0.9377749652705949</K0>
    <K1>0.32560168501353876</K1>
    <K2>0.0527702106524142</K2>
    <MAXBAS>1</MAXBAS>
    <Cet>0.076288124601028726</Cet>
    <PCALT>2.9367101899579962</PCALT>
    <TCALT>0.15219241410112852</TCALT>
    <Pelev>436</Pelev>
    <Telev>436</Telev>
    <PART>0.5</PART>
    <DELAY>1</DELAY>
  </CatchmentParameters>
  <VegetationZone>
    <VegetationZoneParameters>
      <TT>-1.4964990413283881</TT>
      <CFMAX>2.1297292651348561</CFMAX>
      <SP>0</SP>
      <SFCF>0.60712160419255434</SFCF>
      <CFR>0.0426271893026384</CFR>
      <CWH>0.15846600719829088</CWH>
      <CFGlacier>1</CFGlacier>
      <CFSlope>1</CFSlope>
      <FC>1650.6752301190975</FC>
      <LP>0.59946164995353834</LP>
      <BETA>1.6309170011382919</BETA>
    </VegetationZoneParameters>
  </VegetationZone>
  <SubCatchment>
    <SubCatchmentParameters>
      <KSI>0.001</KSI>
      <KGmin>0.05</KGmin>
      <RangeKG>0.1</RangeKG>
      <AG>0.1</AG>
      <PERC>0.99077525982985637</PERC>
      <Alpha>0</Alpha>
      <UZL>52.958845908166886</UZL>
      <K0>0.9377749652705949</K0>
      <K1>0.32560168501353876</K1>
      <K2>0.0527702106524142</K2>
      <MAXBAS>1</MAXBAS>
      <Cet>0.076288124601028726</Cet>
      <PCALT>2.9367101899579962</PCALT>
      <TCALT>0.15219241410112852</TCALT>
      <Pelev>436</Pelev>
      <Telev>436</Telev>
      <PART>0.5</PART>
      <DELAY>1</DELAY>
    </SubCatchmentParameters>
    <SubCatchmentVegetationZone>
      <SubCatchmentVegetationZoneParameters>
        <TT>-1.4964990413283881</TT>
        <CFMAX>2.1297292651348561</CFMAX>
        <SP>0</SP>
        <SFCF>0.60712160419255434</SFCF>
        <CFR>0.0426271893026384</CFR>
        <CWH>0.15846600719829088</CWH>
        <CFGlacier>1</CFGlacier>
        <CFSlope>1</CFSlope>
        <FC>1650.6752301190975</FC>
        <LP>0.59946164995353834</LP>
        <BETA>1.6309170011382919</BETA>
      </SubCatchmentVegetationZoneParameters>
    </SubCatchmentVegetationZone>
  </SubCatchment>
</Catchment>