<?xml version="1.0" encoding="utf-8"?>
<Catchment xmlns:xsi="http://www.w3.org/2001/XMLSchema-instance" xmlns:xsd="http://www.w3.org/2001/XMLSchema">
  <CatchmentParameters>
    <KSI>0.001</KSI>
    <KGmin>0.05</KGmin>
    <RangeKG>0.1</RangeKG>
    <AG>0.1</AG>
    <PERC>0.86706648317118762</PERC>
    <Alpha>0</Alpha>
    <UZL>54.661682635457048</UZL>
    <K0>0.98996370958503044</K0>
    <K1>0.31253646414623876</K1>
    <K2>0.050781893463674635</K2>
    <MAXBAS>1</MAXBAS>
    <Cet>0.16649201100166219</Cet>
    <PCALT>1.5620080054682759</PCALT>
    <TCALT>0.1993700001789887</TCALT>
    <Pelev>436</Pelev>
    <Telev>436</Telev>
    <PART>0.5</PART>
    <DELAY>1</DELAY>
  </CatchmentParameters>
  <VegetationZone>
    <VegetationZoneParameters>
      <TT>-2.2328965957151294</TT>
      <CFMAX>4.9204269793454021</CFMAX>
      <SP>0</SP>
      <SFCF>0.57455792185115451</SFCF>
      <CFR>0.030136754772720493</CFR>
      <CWH>0.19994142529874545</CWH>
      <CFGlacier>1</CFGlacier>
      <CFSlope>1</CFSlope>
      <FC>1537.0364628380432</FC>
      <LP>0.68562260351185422</LP>
      <BETA>1.4914495122022624</BETA>
    </VegetationZoneParameters>
  </VegetationZone>
  <SubCatchment>
    <SubCatchmentParameters>
      <KSI>0.001</KSI>
      <KGmin>0.05</KGmin>
      <RangeKG>0.1</RangeKG>
      <AG>0.1</AG>
      <PERC>0.86706648317118762</PERC>
      <Alpha>0</Alpha>
      <UZL>54.661682635457048</UZL>
      <K0>0.98996370958503044</K0>
      <K1>0.31253646414623876</K1>
      <K2>0.050781893463674635</K2>
      <MAXBAS>1</MAXBAS>
      <Cet>0.16649201100166219</Cet>
      <PCALT>1.5620080054682759</PCALT>
      <TCALT>0.1993700001789887</TCALT>
      <Pelev>436</Pelev>
      <Telev>436</Telev>
      <PART>0.5</PART>
      <DELAY>1</DELAY>
    </SubCatchmentParameters>
    <SubCatchmentVegetationZone>
      <SubCatchmentVegetationZoneParameters>
        <TT>-2.2328965957151294</TT>
        <CFMAX>4.9204269793454021</CFMAX>
        <SP>0</SP>
        <SFCF>0.57455792185115451</SFCF>
        <CFR>0.030136754772720493</CFR>
        <CWH>0.19994142529874545</CWH>
        <CFGlacier>1</CFGlacier>
        <CFSlope>1</CFSlope>
        <FC>1537.0364628380432</FC>
        <LP>0.68562260351185422</LP>
        <BETA>1.4914495122022624</BETA>
      </SubCatchmentVegetationZoneParameters>
    </SubCatchmentVegetationZone>
  </SubCatchment>
</Catchment>