<?xml version="1.0" encoding="utf-8"?>
<Catchment xmlns:xsi="http://www.w3.org/2001/XMLSchema-instance" xmlns:xsd="http://www.w3.org/2001/XMLSchema">
  <CatchmentParameters>
    <KSI>0.001</KSI>
    <KGmin>0.05</KGmin>
    <RangeKG>0.1</RangeKG>
    <AG>0.1</AG>
    <PERC>0.78452675408250816</PERC>
    <Alpha>0</Alpha>
    <UZL>54.336441101512108</UZL>
    <K0>0.98996569655543032</K0>
    <K1>0.31345334374847361</K1>
    <K2>0.049662124170912723</K2>
    <MAXBAS>1</MAXBAS>
    <Cet>0.16267564548154942</Cet>
    <PCALT>2.0135569851516011</PCALT>
    <TCALT>0.21347385801427143</TCALT>
    <Pelev>436</Pelev>
    <Telev>436</Telev>
    <PART>0.5</PART>
    <DELAY>1</DELAY>
  </CatchmentParameters>
  <VegetationZone>
    <VegetationZoneParameters>
      <TT>-1.8641226749330173</TT>
      <CFMAX>1.8391776185608633</CFMAX>
      <SP>0</SP>
      <SFCF>0.80821508018874577</SFCF>
      <CFR>0.099959161122973109</CFR>
      <CWH>0.19989863988913914</CWH>
      <CFGlacier>1</CFGlacier>
      <CFSlope>1</CFSlope>
      <FC>1594.94026274551</FC>
      <LP>0.63022351937528653</LP>
      <BETA>1.4232768487001077</BETA>
    </VegetationZoneParameters>
  </VegetationZone>
  <SubCatchment>
    <SubCatchmentParameters>
      <KSI>0.001</KSI>
      <KGmin>0.05</KGmin>
      <RangeKG>0.1</RangeKG>
      <AG>0.1</AG>
      <PERC>0.78452675408250816</PERC>
      <Alpha>0</Alpha>
      <UZL>54.336441101512108</UZL>
      <K0>0.98996569655543032</K0>
      <K1>0.31345334374847361</K1>
      <K2>0.049662124170912723</K2>
      <MAXBAS>1</MAXBAS>
      <Cet>0.16267564548154942</Cet>
      <PCALT>2.0135569851516011</PCALT>
      <TCALT>0.21347385801427143</TCALT>
      <Pelev>436</Pelev>
      <Telev>436</Telev>
      <PART>0.5</PART>
      <DELAY>1</DELAY>
    </SubCatchmentParameters>
    <SubCatchmentVegetationZone>
      <SubCatchmentVegetationZoneParameters>
        <TT>-1.8641226749330173</TT>
        <CFMAX>1.8391776185608633</CFMAX>
        <SP>0</SP>
        <SFCF>0.80821508018874577</SFCF>
        <CFR>0.099959161122973109</CFR>
        <CWH>0.19989863988913914</CWH>
        <CFGlacier>1</CFGlacier>
        <CFSlope>1</CFSlope>
        <FC>1594.94026274551</FC>
        <LP>0.63022351937528653</LP>
        <BETA>1.4232768487001077</BETA>
      </SubCatchmentVegetationZoneParameters>
    </SubCatchmentVegetationZone>
  </SubCatchment>
</Catchment>