<?xml version="1.0" encoding="utf-8"?>
<Catchment xmlns:xsi="http://www.w3.org/2001/XMLSchema-instance" xmlns:xsd="http://www.w3.org/2001/XMLSchema">
  <CatchmentParameters>
    <KSI>0.001</KSI>
    <KGmin>0.05</KGmin>
    <RangeKG>0.1</RangeKG>
    <AG>0.1</AG>
    <PERC>0.83698899975332619</PERC>
    <Alpha>0</Alpha>
    <UZL>53.802176238101225</UZL>
    <K0>0.989940663365755</K0>
    <K1>0.31481298992699358</K1>
    <K2>0.049078527730576943</K2>
    <MAXBAS>1</MAXBAS>
    <Cet>0.21499423235279203</Cet>
    <PCALT>1.4898779046610817</PCALT>
    <TCALT>0.2188684601524058</TCALT>
    <Pelev>436</Pelev>
    <Telev>436</Telev>
    <PART>0.5</PART>
    <DELAY>1</DELAY>
  </CatchmentParameters>
  <VegetationZone>
    <VegetationZoneParameters>
      <TT>-1.842648828227508</TT>
      <CFMAX>2.0682464415749946</CFMAX>
      <SP>0</SP>
      <SFCF>1.0353856405829</SFCF>
      <CFR>0.099936712555718676</CFR>
      <CWH>0.19968037626928437</CWH>
      <CFGlacier>1</CFGlacier>
      <CFSlope>1</CFSlope>
      <FC>1450.3112130881702</FC>
      <LP>0.48497190949175079</LP>
      <BETA>1.159528124220601</BETA>
    </VegetationZoneParameters>
  </VegetationZone>
  <SubCatchment>
    <SubCatchmentParameters>
      <KSI>0.001</KSI>
      <KGmin>0.05</KGmin>
      <RangeKG>0.1</RangeKG>
      <AG>0.1</AG>
      <PERC>0.83698899975332619</PERC>
      <Alpha>0</Alpha>
      <UZL>53.802176238101225</UZL>
      <K0>0.989940663365755</K0>
      <K1>0.31481298992699358</K1>
      <K2>0.049078527730576943</K2>
      <MAXBAS>1</MAXBAS>
      <Cet>0.21499423235279203</Cet>
      <PCALT>1.4898779046610817</PCALT>
      <TCALT>0.2188684601524058</TCALT>
      <Pelev>436</Pelev>
      <Telev>436</Telev>
      <PART>0.5</PART>
      <DELAY>1</DELAY>
    </SubCatchmentParameters>
    <SubCatchmentVegetationZone>
      <SubCatchmentVegetationZoneParameters>
        <TT>-1.842648828227508</TT>
        <CFMAX>2.0682464415749946</CFMAX>
        <SP>0</SP>
        <SFCF>1.0353856405829</SFCF>
        <CFR>0.099936712555718676</CFR>
        <CWH>0.19968037626928437</CWH>
        <CFGlacier>1</CFGlacier>
        <CFSlope>1</CFSlope>
        <FC>1450.3112130881702</FC>
        <LP>0.48497190949175079</LP>
        <BETA>1.159528124220601</BETA>
      </SubCatchmentVegetationZoneParameters>
    </SubCatchmentVegetationZone>
  </SubCatchment>
</Catchment>