<?xml version="1.0" encoding="utf-8"?>
<Catchment xmlns:xsi="http://www.w3.org/2001/XMLSchema-instance" xmlns:xsd="http://www.w3.org/2001/XMLSchema">
  <CatchmentParameters>
    <KSI>0.001</KSI>
    <KGmin>0.05</KGmin>
    <RangeKG>0.1</RangeKG>
    <AG>0.1</AG>
    <PERC>1.1079559770021379</PERC>
    <Alpha>0</Alpha>
    <UZL>52.115336959553076</UZL>
    <K0>0.98996922974985846</K0>
    <K1>0.32149105190024396</K1>
    <K2>0.058893507873390406</K2>
    <MAXBAS>1</MAXBAS>
    <Cet>0.23376006917987574</Cet>
    <PCALT>2.5436461192494493</PCALT>
    <TCALT>0.2389446953943313</TCALT>
    <Pelev>436</Pelev>
    <Telev>436</Telev>
    <PART>0.5</PART>
    <DELAY>1</DELAY>
  </CatchmentParameters>
  <VegetationZone>
    <VegetationZoneParameters>
      <TT>-1.6244037786153993</TT>
      <CFMAX>2.3036147630421793</CFMAX>
      <SP>0</SP>
      <SFCF>0.52611832092034283</SFCF>
      <CFR>0.059225088228504044</CFR>
      <CWH>0.1334630129425517</CWH>
      <CFGlacier>1</CFGlacier>
      <CFSlope>1</CFSlope>
      <FC>1717.8982280697267</FC>
      <LP>0.64169994594896251</LP>
      <BETA>1.3697726440677303</BETA>
    </VegetationZoneParameters>
  </VegetationZone>
  <SubCatchment>
    <SubCatchmentParameters>
      <KSI>0.001</KSI>
      <KGmin>0.05</KGmin>
      <RangeKG>0.1</RangeKG>
      <AG>0.1</AG>
      <PERC>1.1079559770021379</PERC>
      <Alpha>0</Alpha>
      <UZL>52.115336959553076</UZL>
      <K0>0.98996922974985846</K0>
      <K1>0.32149105190024396</K1>
      <K2>0.058893507873390406</K2>
      <MAXBAS>1</MAXBAS>
      <Cet>0.23376006917987574</Cet>
      <PCALT>2.5436461192494493</PCALT>
      <TCALT>0.2389446953943313</TCALT>
      <Pelev>436</Pelev>
      <Telev>436</Telev>
      <PART>0.5</PART>
      <DELAY>1</DELAY>
    </SubCatchmentParameters>
    <SubCatchmentVegetationZone>
      <SubCatchmentVegetationZoneParameters>
        <TT>-1.6244037786153993</TT>
        <CFMAX>2.3036147630421793</CFMAX>
        <SP>0</SP>
        <SFCF>0.52611832092034283</SFCF>
        <CFR>0.059225088228504044</CFR>
        <CWH>0.1334630129425517</CWH>
        <CFGlacier>1</CFGlacier>
        <CFSlope>1</CFSlope>
        <FC>1717.8982280697267</FC>
        <LP>0.64169994594896251</LP>
        <BETA>1.3697726440677303</BETA>
      </SubCatchmentVegetationZoneParameters>
    </SubCatchmentVegetationZone>
  </SubCatchment>
</Catchment>