<?xml version="1.0" encoding="utf-8"?>
<Catchment xmlns:xsi="http://www.w3.org/2001/XMLSchema-instance" xmlns:xsd="http://www.w3.org/2001/XMLSchema">
  <CatchmentParameters>
    <KSI>0.001</KSI>
    <KGmin>0.05</KGmin>
    <RangeKG>0.1</RangeKG>
    <AG>0.1</AG>
    <PERC>0.93271636313680717</PERC>
    <Alpha>0</Alpha>
    <UZL>51.974112305133751</UZL>
    <K0>0.97755434477006087</K0>
    <K1>0.33107250724661147</K1>
    <K2>0.051818900141647931</K2>
    <MAXBAS>1</MAXBAS>
    <Cet>0.16640809442690818</Cet>
    <PCALT>3.2037712274209813</PCALT>
    <TCALT>0.28122878611852442</TCALT>
    <Pelev>436</Pelev>
    <Telev>436</Telev>
    <PART>0.5</PART>
    <DELAY>1</DELAY>
  </CatchmentParameters>
  <VegetationZone>
    <VegetationZoneParameters>
      <TT>-2.0264584437008697</TT>
      <CFMAX>2.2178317609362384</CFMAX>
      <SP>0</SP>
      <SFCF>0.83107885900742207</SFCF>
      <CFR>0.074981593980632269</CFR>
      <CWH>0.19995905418628526</CWH>
      <CFGlacier>1</CFGlacier>
      <CFSlope>1</CFSlope>
      <FC>1729.6263327001448</FC>
      <LP>0.55339532363353072</LP>
      <BETA>1.3665124426727444</BETA>
    </VegetationZoneParameters>
  </VegetationZone>
  <SubCatchment>
    <SubCatchmentParameters>
      <KSI>0.001</KSI>
      <KGmin>0.05</KGmin>
      <RangeKG>0.1</RangeKG>
      <AG>0.1</AG>
      <PERC>0.93271636313680717</PERC>
      <Alpha>0</Alpha>
      <UZL>51.974112305133751</UZL>
      <K0>0.97755434477006087</K0>
      <K1>0.33107250724661147</K1>
      <K2>0.051818900141647931</K2>
      <MAXBAS>1</MAXBAS>
      <Cet>0.16640809442690818</Cet>
      <PCALT>3.2037712274209813</PCALT>
      <TCALT>0.28122878611852442</TCALT>
      <Pelev>436</Pelev>
      <Telev>436</Telev>
      <PART>0.5</PART>
      <DELAY>1</DELAY>
    </SubCatchmentParameters>
    <SubCatchmentVegetationZone>
      <SubCatchmentVegetationZoneParameters>
        <TT>-2.0264584437008697</TT>
        <CFMAX>2.2178317609362384</CFMAX>
        <SP>0</SP>
        <SFCF>0.83107885900742207</SFCF>
        <CFR>0.074981593980632269</CFR>
        <CWH>0.19995905418628526</CWH>
        <CFGlacier>1</CFGlacier>
        <CFSlope>1</CFSlope>
        <FC>1729.6263327001448</FC>
        <LP>0.55339532363353072</LP>
        <BETA>1.3665124426727444</BETA>
      </SubCatchmentVegetationZoneParameters>
    </SubCatchmentVegetationZone>
  </SubCatchment>
</Catchment>