<?xml version="1.0" encoding="utf-8"?>
<Catchment xmlns:xsi="http://www.w3.org/2001/XMLSchema-instance" xmlns:xsd="http://www.w3.org/2001/XMLSchema">
  <CatchmentParameters>
    <KSI>0.001</KSI>
    <KGmin>0.05</KGmin>
    <RangeKG>0.1</RangeKG>
    <AG>0.1</AG>
    <PERC>1.1018579366856924</PERC>
    <Alpha>0</Alpha>
    <UZL>47.7974631553535</UZL>
    <K0>0.98997083401985053</K0>
    <K1>0.32757052811058646</K1>
    <K2>0.055078534134515911</K2>
    <MAXBAS>1</MAXBAS>
    <Cet>0.22912222761565665</Cet>
    <PCALT>2.5985534776088275</PCALT>
    <TCALT>0.30000844170204444</TCALT>
    <Pelev>436</Pelev>
    <Telev>436</Telev>
    <PART>0.5</PART>
    <DELAY>1</DELAY>
  </CatchmentParameters>
  <VegetationZone>
    <VegetationZoneParameters>
      <TT>-1.7891656370350295</TT>
      <CFMAX>2.8402317945495179</CFMAX>
      <SP>0</SP>
      <SFCF>1.1844211260593838</SFCF>
      <CFR>0.0991596725846212</CFR>
      <CWH>0.10916272603880697</CWH>
      <CFGlacier>1</CFGlacier>
      <CFSlope>1</CFSlope>
      <FC>2109.1917028485618</FC>
      <LP>0.54493375384000864</LP>
      <BETA>1.0566628655942139</BETA>
    </VegetationZoneParameters>
  </VegetationZone>
  <SubCatchment>
    <SubCatchmentParameters>
      <KSI>0.001</KSI>
      <KGmin>0.05</KGmin>
      <RangeKG>0.1</RangeKG>
      <AG>0.1</AG>
      <PERC>1.1018579366856924</PERC>
      <Alpha>0</Alpha>
      <UZL>47.7974631553535</UZL>
      <K0>0.98997083401985053</K0>
      <K1>0.32757052811058646</K1>
      <K2>0.055078534134515911</K2>
      <MAXBAS>1</MAXBAS>
      <Cet>0.22912222761565665</Cet>
      <PCALT>2.5985534776088275</PCALT>
      <TCALT>0.30000844170204444</TCALT>
      <Pelev>436</Pelev>
      <Telev>436</Telev>
      <PART>0.5</PART>
      <DELAY>1</DELAY>
    </SubCatchmentParameters>
    <SubCatchmentVegetationZone>
      <SubCatchmentVegetationZoneParameters>
        <TT>-1.7891656370350295</TT>
        <CFMAX>2.8402317945495179</CFMAX>
        <SP>0</SP>
        <SFCF>1.1844211260593838</SFCF>
        <CFR>0.0991596725846212</CFR>
        <CWH>0.10916272603880697</CWH>
        <CFGlacier>1</CFGlacier>
        <CFSlope>1</CFSlope>
        <FC>2109.1917028485618</FC>
        <LP>0.54493375384000864</LP>
        <BETA>1.0566628655942139</BETA>
      </SubCatchmentVegetationZoneParameters>
    </SubCatchmentVegetationZone>
  </SubCatchment>
</Catchment>