<?xml version="1.0" encoding="utf-8"?>
<Catchment xmlns:xsi="http://www.w3.org/2001/XMLSchema-instance" xmlns:xsd="http://www.w3.org/2001/XMLSchema">
  <CatchmentParameters>
    <KSI>0.001</KSI>
    <KGmin>0.05</KGmin>
    <RangeKG>0.1</RangeKG>
    <AG>0.1</AG>
    <PERC>0.71540197742441669</PERC>
    <Alpha>0</Alpha>
    <UZL>56.307830918608055</UZL>
    <K0>0.98970326169503564</K0>
    <K1>0.30512601063237538</K1>
    <K2>0.048108765787132045</K2>
    <MAXBAS>1</MAXBAS>
    <Cet>0.15615088879153855</Cet>
    <PCALT>0.88849961245160347</PCALT>
    <TCALT>0.16436805571601904</TCALT>
    <Pelev>436</Pelev>
    <Telev>436</Telev>
    <PART>0.5</PART>
    <DELAY>1</DELAY>
  </CatchmentParameters>
  <VegetationZone>
    <VegetationZoneParameters>
      <TT>-1.7354938646677574</TT>
      <CFMAX>2.6349641251577092</CFMAX>
      <SP>0</SP>
      <SFCF>1.1334860735291654</SFCF>
      <CFR>0.0689397565786486</CFR>
      <CWH>0.14126676601127577</CWH>
      <CFGlacier>1</CFGlacier>
      <CFSlope>1</CFSlope>
      <FC>1480.5280052707215</FC>
      <LP>0.75887071179300547</LP>
      <BETA>1.6769049894257859</BETA>
    </VegetationZoneParameters>
  </VegetationZone>
  <SubCatchment>
    <SubCatchmentParameters>
      <KSI>0.001</KSI>
      <KGmin>0.05</KGmin>
      <RangeKG>0.1</RangeKG>
      <AG>0.1</AG>
      <PERC>0.71540197742441669</PERC>
      <Alpha>0</Alpha>
      <UZL>56.307830918608055</UZL>
      <K0>0.98970326169503564</K0>
      <K1>0.30512601063237538</K1>
      <K2>0.048108765787132045</K2>
      <MAXBAS>1</MAXBAS>
      <Cet>0.15615088879153855</Cet>
      <PCALT>0.88849961245160347</PCALT>
      <TCALT>0.16436805571601904</TCALT>
      <Pelev>436</Pelev>
      <Telev>436</Telev>
      <PART>0.5</PART>
      <DELAY>1</DELAY>
    </SubCatchmentParameters>
    <SubCatchmentVegetationZone>
      <SubCatchmentVegetationZoneParameters>
        <TT>-1.7354938646677574</TT>
        <CFMAX>2.6349641251577092</CFMAX>
        <SP>0</SP>
        <SFCF>1.1334860735291654</SFCF>
        <CFR>0.0689397565786486</CFR>
        <CWH>0.14126676601127577</CWH>
        <CFGlacier>1</CFGlacier>
        <CFSlope>1</CFSlope>
        <FC>1480.5280052707215</FC>
        <LP>0.75887071179300547</LP>
        <BETA>1.6769049894257859</BETA>
      </SubCatchmentVegetationZoneParameters>
    </SubCatchmentVegetationZone>
  </SubCatchment>
</Catchment>