<?xml version="1.0" encoding="utf-8"?>
<Catchment xmlns:xsi="http://www.w3.org/2001/XMLSchema-instance" xmlns:xsd="http://www.w3.org/2001/XMLSchema">
  <CatchmentParameters>
    <KSI>0.001</KSI>
    <KGmin>0.05</KGmin>
    <RangeKG>0.1</RangeKG>
    <AG>0.1</AG>
    <PERC>0.8265270170336747</PERC>
    <Alpha>0</Alpha>
    <UZL>54.156706105700572</UZL>
    <K0>0.98995817336247038</K0>
    <K1>0.31275123141777755</K1>
    <K2>0.050255785024791416</K2>
    <MAXBAS>1</MAXBAS>
    <Cet>0.216165260510906</Cet>
    <PCALT>2.5358085687148559</PCALT>
    <TCALT>0.28496736272533274</TCALT>
    <Pelev>436</Pelev>
    <Telev>436</Telev>
    <PART>0.5</PART>
    <DELAY>1</DELAY>
  </CatchmentParameters>
  <VegetationZone>
    <VegetationZoneParameters>
      <TT>-2.0418724399011214</TT>
      <CFMAX>1.8463588249710723</CFMAX>
      <SP>0</SP>
      <SFCF>0.69887394320376084</SFCF>
      <CFR>0.099908471066945753</CFR>
      <CWH>0.1999896406310388</CWH>
      <CFGlacier>1</CFGlacier>
      <CFSlope>1</CFSlope>
      <FC>1630.6566790087052</FC>
      <LP>0.60282975523460947</LP>
      <BETA>1.3885248747700931</BETA>
    </VegetationZoneParameters>
  </VegetationZone>
  <SubCatchment>
    <SubCatchmentParameters>
      <KSI>0.001</KSI>
      <KGmin>0.05</KGmin>
      <RangeKG>0.1</RangeKG>
      <AG>0.1</AG>
      <PERC>0.8265270170336747</PERC>
      <Alpha>0</Alpha>
      <UZL>54.156706105700572</UZL>
      <K0>0.98995817336247038</K0>
      <K1>0.31275123141777755</K1>
      <K2>0.050255785024791416</K2>
      <MAXBAS>1</MAXBAS>
      <Cet>0.216165260510906</Cet>
      <PCALT>2.5358085687148559</PCALT>
      <TCALT>0.28496736272533274</TCALT>
      <Pelev>436</Pelev>
      <Telev>436</Telev>
      <PART>0.5</PART>
      <DELAY>1</DELAY>
    </SubCatchmentParameters>
    <SubCatchmentVegetationZone>
      <SubCatchmentVegetationZoneParameters>
        <TT>-2.0418724399011214</TT>
        <CFMAX>1.8463588249710723</CFMAX>
        <SP>0</SP>
        <SFCF>0.69887394320376084</SFCF>
        <CFR>0.099908471066945753</CFR>
        <CWH>0.1999896406310388</CWH>
        <CFGlacier>1</CFGlacier>
        <CFSlope>1</CFSlope>
        <FC>1630.6566790087052</FC>
        <LP>0.60282975523460947</LP>
        <BETA>1.3885248747700931</BETA>
      </SubCatchmentVegetationZoneParameters>
    </SubCatchmentVegetationZone>
  </SubCatchment>
</Catchment>