<?xml version="1.0" encoding="utf-8"?>
<Catchment xmlns:xsi="http://www.w3.org/2001/XMLSchema-instance" xmlns:xsd="http://www.w3.org/2001/XMLSchema">
  <CatchmentParameters>
    <KSI>0.001</KSI>
    <KGmin>0.05</KGmin>
    <RangeKG>0.1</RangeKG>
    <AG>0.1</AG>
    <PERC>0.93602654141432984</PERC>
    <Alpha>0</Alpha>
    <UZL>57.136029181150995</UZL>
    <K0>0.98996281709848633</K0>
    <K1>0.33299971034171572</K1>
    <K2>0.052573405746160672</K2>
    <MAXBAS>1</MAXBAS>
    <Cet>0.21586411738619171</Cet>
    <PCALT>2.8846652931365546</PCALT>
    <TCALT>0.17671190390631225</TCALT>
    <Pelev>436</Pelev>
    <Telev>436</Telev>
    <PART>0.5</PART>
    <DELAY>1</DELAY>
  </CatchmentParameters>
  <VegetationZone>
    <VegetationZoneParameters>
      <TT>-1.9682630923123117</TT>
      <CFMAX>2.5537932174999809</CFMAX>
      <SP>0</SP>
      <SFCF>1.0688651571632526</SFCF>
      <CFR>0.099806150761863624</CFR>
      <CWH>0.19996085160954435</CWH>
      <CFGlacier>1</CFGlacier>
      <CFSlope>1</CFSlope>
      <FC>2008.696416191126</FC>
      <LP>0.83302775578260735</LP>
      <BETA>2.0370243664894288</BETA>
    </VegetationZoneParameters>
  </VegetationZone>
  <SubCatchment>
    <SubCatchmentParameters>
      <KSI>0.001</KSI>
      <KGmin>0.05</KGmin>
      <RangeKG>0.1</RangeKG>
      <AG>0.1</AG>
      <PERC>0.93602654141432984</PERC>
      <Alpha>0</Alpha>
      <UZL>57.136029181150995</UZL>
      <K0>0.98996281709848633</K0>
      <K1>0.33299971034171572</K1>
      <K2>0.052573405746160672</K2>
      <MAXBAS>1</MAXBAS>
      <Cet>0.21586411738619171</Cet>
      <PCALT>2.8846652931365546</PCALT>
      <TCALT>0.17671190390631225</TCALT>
      <Pelev>436</Pelev>
      <Telev>436</Telev>
      <PART>0.5</PART>
      <DELAY>1</DELAY>
    </SubCatchmentParameters>
    <SubCatchmentVegetationZone>
      <SubCatchmentVegetationZoneParameters>
        <TT>-1.9682630923123117</TT>
        <CFMAX>2.5537932174999809</CFMAX>
        <SP>0</SP>
        <SFCF>1.0688651571632526</SFCF>
        <CFR>0.099806150761863624</CFR>
        <CWH>0.19996085160954435</CWH>
        <CFGlacier>1</CFGlacier>
        <CFSlope>1</CFSlope>
        <FC>2008.696416191126</FC>
        <LP>0.83302775578260735</LP>
        <BETA>2.0370243664894288</BETA>
      </SubCatchmentVegetationZoneParameters>
    </SubCatchmentVegetationZone>
  </SubCatchment>
</Catchment>