<?xml version="1.0" encoding="utf-8"?>
<Catchment xmlns:xsi="http://www.w3.org/2001/XMLSchema-instance" xmlns:xsd="http://www.w3.org/2001/XMLSchema">
  <CatchmentParameters>
    <KSI>0.001</KSI>
    <KGmin>0.05</KGmin>
    <RangeKG>0.1</RangeKG>
    <AG>0.1</AG>
    <PERC>0.86696282995288465</PERC>
    <Alpha>0</Alpha>
    <UZL>53.065309041190531</UZL>
    <K0>0.98998450795055859</K0>
    <K1>0.31655838337323583</K1>
    <K2>0.051549261743515859</K2>
    <MAXBAS>1</MAXBAS>
    <Cet>0.10041865657546281</Cet>
    <PCALT>2.6262687096776216</PCALT>
    <TCALT>0.197301020808149</TCALT>
    <Pelev>436</Pelev>
    <Telev>436</Telev>
    <PART>0.5</PART>
    <DELAY>1</DELAY>
  </CatchmentParameters>
  <VegetationZone>
    <VegetationZoneParameters>
      <TT>-1.8504126066496209</TT>
      <CFMAX>2.297467189088525</CFMAX>
      <SP>0</SP>
      <SFCF>0.82862831818806426</SFCF>
      <CFR>0.099955534843568464</CFR>
      <CWH>0.1998517286495696</CWH>
      <CFGlacier>1</CFGlacier>
      <CFSlope>1</CFSlope>
      <FC>1740.2008893819805</FC>
      <LP>0.63496256259964456</LP>
      <BETA>1.5476142271723516</BETA>
    </VegetationZoneParameters>
  </VegetationZone>
  <SubCatchment>
    <SubCatchmentParameters>
      <KSI>0.001</KSI>
      <KGmin>0.05</KGmin>
      <RangeKG>0.1</RangeKG>
      <AG>0.1</AG>
      <PERC>0.86696282995288465</PERC>
      <Alpha>0</Alpha>
      <UZL>53.065309041190531</UZL>
      <K0>0.98998450795055859</K0>
      <K1>0.31655838337323583</K1>
      <K2>0.051549261743515859</K2>
      <MAXBAS>1</MAXBAS>
      <Cet>0.10041865657546281</Cet>
      <PCALT>2.6262687096776216</PCALT>
      <TCALT>0.197301020808149</TCALT>
      <Pelev>436</Pelev>
      <Telev>436</Telev>
      <PART>0.5</PART>
      <DELAY>1</DELAY>
    </SubCatchmentParameters>
    <SubCatchmentVegetationZone>
      <SubCatchmentVegetationZoneParameters>
        <TT>-1.8504126066496209</TT>
        <CFMAX>2.297467189088525</CFMAX>
        <SP>0</SP>
        <SFCF>0.82862831818806426</SFCF>
        <CFR>0.099955534843568464</CFR>
        <CWH>0.1998517286495696</CWH>
        <CFGlacier>1</CFGlacier>
        <CFSlope>1</CFSlope>
        <FC>1740.2008893819805</FC>
        <LP>0.63496256259964456</LP>
        <BETA>1.5476142271723516</BETA>
      </SubCatchmentVegetationZoneParameters>
    </SubCatchmentVegetationZone>
  </SubCatchment>
</Catchment>