<?xml version="1.0" encoding="utf-8"?>
<Catchment xmlns:xsi="http://www.w3.org/2001/XMLSchema-instance" xmlns:xsd="http://www.w3.org/2001/XMLSchema">
  <CatchmentParameters>
    <KSI>0.001</KSI>
    <KGmin>0.05</KGmin>
    <RangeKG>0.1</RangeKG>
    <AG>0.1</AG>
    <PERC>0.78074668294565464</PERC>
    <Alpha>0</Alpha>
    <UZL>52.344880509525588</UZL>
    <K0>0.98993396358953334</K0>
    <K1>0.31485362301418945</K1>
    <K2>0.05007960788931403</K2>
    <MAXBAS>1</MAXBAS>
    <Cet>0.22344282908524954</Cet>
    <PCALT>2.7203882642778274</PCALT>
    <TCALT>0.16718746878868193</TCALT>
    <Pelev>436</Pelev>
    <Telev>436</Telev>
    <PART>0.5</PART>
    <DELAY>1</DELAY>
  </CatchmentParameters>
  <VegetationZone>
    <VegetationZoneParameters>
      <TT>-1.5605458477950744</TT>
      <CFMAX>2.6556752072646779</CFMAX>
      <SP>0</SP>
      <SFCF>1.067995622304734</SFCF>
      <CFR>0.099917250898605772</CFR>
      <CWH>0.19978950525934097</CWH>
      <CFGlacier>1</CFGlacier>
      <CFSlope>1</CFSlope>
      <FC>1813.2841963062544</FC>
      <LP>0.58112074283927206</LP>
      <BETA>1.2627377619550841</BETA>
    </VegetationZoneParameters>
  </VegetationZone>
  <SubCatchment>
    <SubCatchmentParameters>
      <KSI>0.001</KSI>
      <KGmin>0.05</KGmin>
      <RangeKG>0.1</RangeKG>
      <AG>0.1</AG>
      <PERC>0.78074668294565464</PERC>
      <Alpha>0</Alpha>
      <UZL>52.344880509525588</UZL>
      <K0>0.98993396358953334</K0>
      <K1>0.31485362301418945</K1>
      <K2>0.05007960788931403</K2>
      <MAXBAS>1</MAXBAS>
      <Cet>0.22344282908524954</Cet>
      <PCALT>2.7203882642778274</PCALT>
      <TCALT>0.16718746878868193</TCALT>
      <Pelev>436</Pelev>
      <Telev>436</Telev>
      <PART>0.5</PART>
      <DELAY>1</DELAY>
    </SubCatchmentParameters>
    <SubCatchmentVegetationZone>
      <SubCatchmentVegetationZoneParameters>
        <TT>-1.5605458477950744</TT>
        <CFMAX>2.6556752072646779</CFMAX>
        <SP>0</SP>
        <SFCF>1.067995622304734</SFCF>
        <CFR>0.099917250898605772</CFR>
        <CWH>0.19978950525934097</CWH>
        <CFGlacier>1</CFGlacier>
        <CFSlope>1</CFSlope>
        <FC>1813.2841963062544</FC>
        <LP>0.58112074283927206</LP>
        <BETA>1.2627377619550841</BETA>
      </SubCatchmentVegetationZoneParameters>
    </SubCatchmentVegetationZone>
  </SubCatchment>
</Catchment>