<?xml version="1.0" encoding="utf-8"?>
<Catchment xmlns:xsi="http://www.w3.org/2001/XMLSchema-instance" xmlns:xsd="http://www.w3.org/2001/XMLSchema">
  <CatchmentParameters>
    <KSI>0.001</KSI>
    <KGmin>0.05</KGmin>
    <RangeKG>0.1</RangeKG>
    <AG>0.1</AG>
    <PERC>0.83624863235244262</PERC>
    <Alpha>0</Alpha>
    <UZL>54.932883181221406</UZL>
    <K0>0.98987305531406566</K0>
    <K1>0.31198800977633534</K1>
    <K2>0.050885699304196272</K2>
    <MAXBAS>1</MAXBAS>
    <Cet>0.1143024746257954</Cet>
    <PCALT>2.0928178073359724</PCALT>
    <TCALT>0.17745424446549951</TCALT>
    <Pelev>436</Pelev>
    <Telev>436</Telev>
    <PART>0.5</PART>
    <DELAY>1</DELAY>
  </CatchmentParameters>
  <VegetationZone>
    <VegetationZoneParameters>
      <TT>-2.3809331317923266</TT>
      <CFMAX>1.2461639521572372</CFMAX>
      <SP>0</SP>
      <SFCF>0.73028111744770541</SFCF>
      <CFR>0.098500918227462875</CFR>
      <CWH>0.19999990400666218</CWH>
      <CFGlacier>1</CFGlacier>
      <CFSlope>1</CFSlope>
      <FC>1689.9280251463219</FC>
      <LP>0.7401233122193942</LP>
      <BETA>1.7903665490755996</BETA>
    </VegetationZoneParameters>
  </VegetationZone>
  <SubCatchment>
    <SubCatchmentParameters>
      <KSI>0.001</KSI>
      <KGmin>0.05</KGmin>
      <RangeKG>0.1</RangeKG>
      <AG>0.1</AG>
      <PERC>0.83624863235244262</PERC>
      <Alpha>0</Alpha>
      <UZL>54.932883181221406</UZL>
      <K0>0.98987305531406566</K0>
      <K1>0.31198800977633534</K1>
      <K2>0.050885699304196272</K2>
      <MAXBAS>1</MAXBAS>
      <Cet>0.1143024746257954</Cet>
      <PCALT>2.0928178073359724</PCALT>
      <TCALT>0.17745424446549951</TCALT>
      <Pelev>436</Pelev>
      <Telev>436</Telev>
      <PART>0.5</PART>
      <DELAY>1</DELAY>
    </SubCatchmentParameters>
    <SubCatchmentVegetationZone>
      <SubCatchmentVegetationZoneParameters>
        <TT>-2.3809331317923266</TT>
        <CFMAX>1.2461639521572372</CFMAX>
        <SP>0</SP>
        <SFCF>0.73028111744770541</SFCF>
        <CFR>0.098500918227462875</CFR>
        <CWH>0.19999990400666218</CWH>
        <CFGlacier>1</CFGlacier>
        <CFSlope>1</CFSlope>
        <FC>1689.9280251463219</FC>
        <LP>0.7401233122193942</LP>
        <BETA>1.7903665490755996</BETA>
      </SubCatchmentVegetationZoneParameters>
    </SubCatchmentVegetationZone>
  </SubCatchment>
</Catchment>