<?xml version="1.0" encoding="utf-8"?>
<Catchment xmlns:xsi="http://www.w3.org/2001/XMLSchema-instance" xmlns:xsd="http://www.w3.org/2001/XMLSchema">
  <CatchmentParameters>
    <KSI>0.001</KSI>
    <KGmin>0.05</KGmin>
    <RangeKG>0.1</RangeKG>
    <AG>0.1</AG>
    <PERC>0.99751030051473966</PERC>
    <Alpha>0</Alpha>
    <UZL>51.2938025364609</UZL>
    <K0>0.98994018889972046</K0>
    <K1>0.32648088534487746</K1>
    <K2>0.053751756838813385</K2>
    <MAXBAS>1</MAXBAS>
    <Cet>0.17283464283350675</Cet>
    <PCALT>3.8957724883547709</PCALT>
    <TCALT>0.23462698055244088</TCALT>
    <Pelev>436</Pelev>
    <Telev>436</Telev>
    <PART>0.5</PART>
    <DELAY>1</DELAY>
  </CatchmentParameters>
  <VegetationZone>
    <VegetationZoneParameters>
      <TT>-1.8846227632945072</TT>
      <CFMAX>2.3977520366416516</CFMAX>
      <SP>0</SP>
      <SFCF>0.91394237617197316</SFCF>
      <CFR>0.099982000931360379</CFR>
      <CWH>0.19997527022295913</CWH>
      <CFGlacier>1</CFGlacier>
      <CFSlope>1</CFSlope>
      <FC>2025.3691802665148</FC>
      <LP>0.59816440857906283</LP>
      <BETA>1.4180958331797222</BETA>
    </VegetationZoneParameters>
  </VegetationZone>
  <SubCatchment>
    <SubCatchmentParameters>
      <KSI>0.001</KSI>
      <KGmin>0.05</KGmin>
      <RangeKG>0.1</RangeKG>
      <AG>0.1</AG>
      <PERC>0.99751030051473966</PERC>
      <Alpha>0</Alpha>
      <UZL>51.2938025364609</UZL>
      <K0>0.98994018889972046</K0>
      <K1>0.32648088534487746</K1>
      <K2>0.053751756838813385</K2>
      <MAXBAS>1</MAXBAS>
      <Cet>0.17283464283350675</Cet>
      <PCALT>3.8957724883547709</PCALT>
      <TCALT>0.23462698055244088</TCALT>
      <Pelev>436</Pelev>
      <Telev>436</Telev>
      <PART>0.5</PART>
      <DELAY>1</DELAY>
    </SubCatchmentParameters>
    <SubCatchmentVegetationZone>
      <SubCatchmentVegetationZoneParameters>
        <TT>-1.8846227632945072</TT>
        <CFMAX>2.3977520366416516</CFMAX>
        <SP>0</SP>
        <SFCF>0.91394237617197316</SFCF>
        <CFR>0.099982000931360379</CFR>
        <CWH>0.19997527022295913</CWH>
        <CFGlacier>1</CFGlacier>
        <CFSlope>1</CFSlope>
        <FC>2025.3691802665148</FC>
        <LP>0.59816440857906283</LP>
        <BETA>1.4180958331797222</BETA>
      </SubCatchmentVegetationZoneParameters>
    </SubCatchmentVegetationZone>
  </SubCatchment>
</Catchment>