<?xml version="1.0" encoding="utf-8"?>
<Catchment xmlns:xsi="http://www.w3.org/2001/XMLSchema-instance" xmlns:xsd="http://www.w3.org/2001/XMLSchema">
  <CatchmentParameters>
    <KSI>0.001</KSI>
    <KGmin>0.05</KGmin>
    <RangeKG>0.1</RangeKG>
    <AG>0.1</AG>
    <PERC>0.91862630313589433</PERC>
    <Alpha>0</Alpha>
    <UZL>53.3597842966727</UZL>
    <K0>0.94099331347812742</K0>
    <K1>0.32364325544145528</K1>
    <K2>0.051586483930893261</K2>
    <MAXBAS>1</MAXBAS>
    <Cet>0.11026524909313899</Cet>
    <PCALT>2.426672980397909</PCALT>
    <TCALT>0.2227384162818502</TCALT>
    <Pelev>436</Pelev>
    <Telev>436</Telev>
    <PART>0.5</PART>
    <DELAY>1</DELAY>
  </CatchmentParameters>
  <VegetationZone>
    <VegetationZoneParameters>
      <TT>-2.1089683373355776</TT>
      <CFMAX>2.4527941106957147</CFMAX>
      <SP>0</SP>
      <SFCF>1.011019030069471</SFCF>
      <CFR>0.099344896279250139</CFR>
      <CWH>0.19991938334051629</CWH>
      <CFGlacier>1</CFGlacier>
      <CFSlope>1</CFSlope>
      <FC>1643.8426260422152</FC>
      <LP>0.64866232034903648</LP>
      <BETA>1.6331435469871356</BETA>
    </VegetationZoneParameters>
  </VegetationZone>
  <SubCatchment>
    <SubCatchmentParameters>
      <KSI>0.001</KSI>
      <KGmin>0.05</KGmin>
      <RangeKG>0.1</RangeKG>
      <AG>0.1</AG>
      <PERC>0.91862630313589433</PERC>
      <Alpha>0</Alpha>
      <UZL>53.3597842966727</UZL>
      <K0>0.94099331347812742</K0>
      <K1>0.32364325544145528</K1>
      <K2>0.051586483930893261</K2>
      <MAXBAS>1</MAXBAS>
      <Cet>0.11026524909313899</Cet>
      <PCALT>2.426672980397909</PCALT>
      <TCALT>0.2227384162818502</TCALT>
      <Pelev>436</Pelev>
      <Telev>436</Telev>
      <PART>0.5</PART>
      <DELAY>1</DELAY>
    </SubCatchmentParameters>
    <SubCatchmentVegetationZone>
      <SubCatchmentVegetationZoneParameters>
        <TT>-2.1089683373355776</TT>
        <CFMAX>2.4527941106957147</CFMAX>
        <SP>0</SP>
        <SFCF>1.011019030069471</SFCF>
        <CFR>0.099344896279250139</CFR>
        <CWH>0.19991938334051629</CWH>
        <CFGlacier>1</CFGlacier>
        <CFSlope>1</CFSlope>
        <FC>1643.8426260422152</FC>
        <LP>0.64866232034903648</LP>
        <BETA>1.6331435469871356</BETA>
      </SubCatchmentVegetationZoneParameters>
    </SubCatchmentVegetationZone>
  </SubCatchment>
</Catchment>