<?xml version="1.0" encoding="utf-8"?>
<Catchment xmlns:xsi="http://www.w3.org/2001/XMLSchema-instance" xmlns:xsd="http://www.w3.org/2001/XMLSchema">
  <CatchmentParameters>
    <KSI>0.001</KSI>
    <KGmin>0.05</KGmin>
    <RangeKG>0.1</RangeKG>
    <AG>0.1</AG>
    <PERC>0.88526742308763717</PERC>
    <Alpha>0</Alpha>
    <UZL>51.459978636602443</UZL>
    <K0>0.98997079546197209</K0>
    <K1>0.32157133649429742</K1>
    <K2>0.051903357499585433</K2>
    <MAXBAS>1</MAXBAS>
    <Cet>0.15665073042804897</Cet>
    <PCALT>3.922284882079937</PCALT>
    <TCALT>0.31232105476721556</TCALT>
    <Pelev>436</Pelev>
    <Telev>436</Telev>
    <PART>0.5</PART>
    <DELAY>1</DELAY>
  </CatchmentParameters>
  <VegetationZone>
    <VegetationZoneParameters>
      <TT>-2.1596248126442013</TT>
      <CFMAX>3.4464838375710594</CFMAX>
      <SP>0</SP>
      <SFCF>1.3065891538334657</SFCF>
      <CFR>0.089555943757859191</CFR>
      <CWH>0.13283797620476684</CWH>
      <CFGlacier>1</CFGlacier>
      <CFSlope>1</CFSlope>
      <FC>2044.304431401695</FC>
      <LP>0.58362566930258852</LP>
      <BETA>1.4221276233530589</BETA>
    </VegetationZoneParameters>
  </VegetationZone>
  <SubCatchment>
    <SubCatchmentParameters>
      <KSI>0.001</KSI>
      <KGmin>0.05</KGmin>
      <RangeKG>0.1</RangeKG>
      <AG>0.1</AG>
      <PERC>0.88526742308763717</PERC>
      <Alpha>0</Alpha>
      <UZL>51.459978636602443</UZL>
      <K0>0.98997079546197209</K0>
      <K1>0.32157133649429742</K1>
      <K2>0.051903357499585433</K2>
      <MAXBAS>1</MAXBAS>
      <Cet>0.15665073042804897</Cet>
      <PCALT>3.922284882079937</PCALT>
      <TCALT>0.31232105476721556</TCALT>
      <Pelev>436</Pelev>
      <Telev>436</Telev>
      <PART>0.5</PART>
      <DELAY>1</DELAY>
    </SubCatchmentParameters>
    <SubCatchmentVegetationZone>
      <SubCatchmentVegetationZoneParameters>
        <TT>-2.1596248126442013</TT>
        <CFMAX>3.4464838375710594</CFMAX>
        <SP>0</SP>
        <SFCF>1.3065891538334657</SFCF>
        <CFR>0.089555943757859191</CFR>
        <CWH>0.13283797620476684</CWH>
        <CFGlacier>1</CFGlacier>
        <CFSlope>1</CFSlope>
        <FC>2044.304431401695</FC>
        <LP>0.58362566930258852</LP>
        <BETA>1.4221276233530589</BETA>
      </SubCatchmentVegetationZoneParameters>
    </SubCatchmentVegetationZone>
  </SubCatchment>
</Catchment>