<?xml version="1.0" encoding="utf-8"?>
<Catchment xmlns:xsi="http://www.w3.org/2001/XMLSchema-instance" xmlns:xsd="http://www.w3.org/2001/XMLSchema">
  <CatchmentParameters>
    <KSI>0.001</KSI>
    <KGmin>0.05</KGmin>
    <RangeKG>0.1</RangeKG>
    <AG>0.1</AG>
    <PERC>0.92637079513437326</PERC>
    <Alpha>0</Alpha>
    <UZL>52.687824931364943</UZL>
    <K0>0.98655302729786665</K0>
    <K1>0.32750232423642778</K1>
    <K2>0.051174615595245637</K2>
    <MAXBAS>1</MAXBAS>
    <Cet>0.17607394505421461</Cet>
    <PCALT>0.17758247468740152</PCALT>
    <TCALT>0.13914174975195531</TCALT>
    <Pelev>436</Pelev>
    <Telev>436</Telev>
    <PART>0.5</PART>
    <DELAY>1</DELAY>
  </CatchmentParameters>
  <VegetationZone>
    <VegetationZoneParameters>
      <TT>-1.6010884812199739</TT>
      <CFMAX>2.8910739194131949</CFMAX>
      <SP>0</SP>
      <SFCF>1.2368487151374734</SFCF>
      <CFR>0.099865988812318826</CFR>
      <CWH>0.19961200236918536</CWH>
      <CFGlacier>1</CFGlacier>
      <CFSlope>1</CFSlope>
      <FC>1441.4422206356035</FC>
      <LP>0.76673856618842373</LP>
      <BETA>1.5249115432825713</BETA>
    </VegetationZoneParameters>
  </VegetationZone>
  <SubCatchment>
    <SubCatchmentParameters>
      <KSI>0.001</KSI>
      <KGmin>0.05</KGmin>
      <RangeKG>0.1</RangeKG>
      <AG>0.1</AG>
      <PERC>0.92637079513437326</PERC>
      <Alpha>0</Alpha>
      <UZL>52.687824931364943</UZL>
      <K0>0.98655302729786665</K0>
      <K1>0.32750232423642778</K1>
      <K2>0.051174615595245637</K2>
      <MAXBAS>1</MAXBAS>
      <Cet>0.17607394505421461</Cet>
      <PCALT>0.17758247468740152</PCALT>
      <TCALT>0.13914174975195531</TCALT>
      <Pelev>436</Pelev>
      <Telev>436</Telev>
      <PART>0.5</PART>
      <DELAY>1</DELAY>
    </SubCatchmentParameters>
    <SubCatchmentVegetationZone>
      <SubCatchmentVegetationZoneParameters>
        <TT>-1.6010884812199739</TT>
        <CFMAX>2.8910739194131949</CFMAX>
        <SP>0</SP>
        <SFCF>1.2368487151374734</SFCF>
        <CFR>0.099865988812318826</CFR>
        <CWH>0.19961200236918536</CWH>
        <CFGlacier>1</CFGlacier>
        <CFSlope>1</CFSlope>
        <FC>1441.4422206356035</FC>
        <LP>0.76673856618842373</LP>
        <BETA>1.5249115432825713</BETA>
      </SubCatchmentVegetationZoneParameters>
    </SubCatchmentVegetationZone>
  </SubCatchment>
</Catchment>