<?xml version="1.0" encoding="utf-8"?>
<Catchment xmlns:xsi="http://www.w3.org/2001/XMLSchema-instance" xmlns:xsd="http://www.w3.org/2001/XMLSchema">
  <CatchmentParameters>
    <KSI>0.001</KSI>
    <KGmin>0.05</KGmin>
    <RangeKG>0.1</RangeKG>
    <AG>0.1</AG>
    <PERC>0.76634427509139735</PERC>
    <Alpha>0</Alpha>
    <UZL>54.35546013600505</UZL>
    <K0>0.98996064426758823</K0>
    <K1>0.31554804823343363</K1>
    <K2>0.048756254286388329</K2>
    <MAXBAS>1</MAXBAS>
    <Cet>0.23011313209926315</Cet>
    <PCALT>1.0696898803713775</PCALT>
    <TCALT>0.25275882273935207</TCALT>
    <Pelev>436</Pelev>
    <Telev>436</Telev>
    <PART>0.5</PART>
    <DELAY>1</DELAY>
  </CatchmentParameters>
  <VegetationZone>
    <VegetationZoneParameters>
      <TT>-1.9385294790894976</TT>
      <CFMAX>1.8994779821936167</CFMAX>
      <SP>0</SP>
      <SFCF>0.79260012755892806</SFCF>
      <CFR>0.099920951424920759</CFR>
      <CWH>0.19990381651827946</CWH>
      <CFGlacier>1</CFGlacier>
      <CFSlope>1</CFSlope>
      <FC>1466.6538248553663</FC>
      <LP>0.69213079603172256</LP>
      <BETA>1.4396184433115327</BETA>
    </VegetationZoneParameters>
  </VegetationZone>
  <SubCatchment>
    <SubCatchmentParameters>
      <KSI>0.001</KSI>
      <KGmin>0.05</KGmin>
      <RangeKG>0.1</RangeKG>
      <AG>0.1</AG>
      <PERC>0.76634427509139735</PERC>
      <Alpha>0</Alpha>
      <UZL>54.35546013600505</UZL>
      <K0>0.98996064426758823</K0>
      <K1>0.31554804823343363</K1>
      <K2>0.048756254286388329</K2>
      <MAXBAS>1</MAXBAS>
      <Cet>0.23011313209926315</Cet>
      <PCALT>1.0696898803713775</PCALT>
      <TCALT>0.25275882273935207</TCALT>
      <Pelev>436</Pelev>
      <Telev>436</Telev>
      <PART>0.5</PART>
      <DELAY>1</DELAY>
    </SubCatchmentParameters>
    <SubCatchmentVegetationZone>
      <SubCatchmentVegetationZoneParameters>
        <TT>-1.9385294790894976</TT>
        <CFMAX>1.8994779821936167</CFMAX>
        <SP>0</SP>
        <SFCF>0.79260012755892806</SFCF>
        <CFR>0.099920951424920759</CFR>
        <CWH>0.19990381651827946</CWH>
        <CFGlacier>1</CFGlacier>
        <CFSlope>1</CFSlope>
        <FC>1466.6538248553663</FC>
        <LP>0.69213079603172256</LP>
        <BETA>1.4396184433115327</BETA>
      </SubCatchmentVegetationZoneParameters>
    </SubCatchmentVegetationZone>
  </SubCatchment>
</Catchment>