<?xml version="1.0" encoding="utf-8"?>
<Catchment xmlns:xsi="http://www.w3.org/2001/XMLSchema-instance" xmlns:xsd="http://www.w3.org/2001/XMLSchema">
  <CatchmentParameters>
    <KSI>0.001</KSI>
    <KGmin>0.05</KGmin>
    <RangeKG>0.1</RangeKG>
    <AG>0.1</AG>
    <PERC>0.72092712604241693</PERC>
    <Alpha>0</Alpha>
    <UZL>53.993794597240637</UZL>
    <K0>0.989983225933729</K0>
    <K1>0.2981214033927076</K1>
    <K2>0.047896934047277975</K2>
    <MAXBAS>1</MAXBAS>
    <Cet>0.19460354930449006</Cet>
    <PCALT>2.1072714193121831</PCALT>
    <TCALT>0.12136122745676405</TCALT>
    <Pelev>436</Pelev>
    <Telev>436</Telev>
    <PART>0.5</PART>
    <DELAY>1</DELAY>
  </CatchmentParameters>
  <VegetationZone>
    <VegetationZoneParameters>
      <TT>-1.4224545508058695</TT>
      <CFMAX>2.4992148682114688</CFMAX>
      <SP>0</SP>
      <SFCF>0.86764764796893068</SFCF>
      <CFR>0.09562520706853142</CFR>
      <CWH>0.1202178687765848</CWH>
      <CFGlacier>1</CFGlacier>
      <CFSlope>1</CFSlope>
      <FC>1552.8178869132869</FC>
      <LP>0.41316239603861643</LP>
      <BETA>1.0537280342641122</BETA>
    </VegetationZoneParameters>
  </VegetationZone>
  <SubCatchment>
    <SubCatchmentParameters>
      <KSI>0.001</KSI>
      <KGmin>0.05</KGmin>
      <RangeKG>0.1</RangeKG>
      <AG>0.1</AG>
      <PERC>0.72092712604241693</PERC>
      <Alpha>0</Alpha>
      <UZL>53.993794597240637</UZL>
      <K0>0.989983225933729</K0>
      <K1>0.2981214033927076</K1>
      <K2>0.047896934047277975</K2>
      <MAXBAS>1</MAXBAS>
      <Cet>0.19460354930449006</Cet>
      <PCALT>2.1072714193121831</PCALT>
      <TCALT>0.12136122745676405</TCALT>
      <Pelev>436</Pelev>
      <Telev>436</Telev>
      <PART>0.5</PART>
      <DELAY>1</DELAY>
    </SubCatchmentParameters>
    <SubCatchmentVegetationZone>
      <SubCatchmentVegetationZoneParameters>
        <TT>-1.4224545508058695</TT>
        <CFMAX>2.4992148682114688</CFMAX>
        <SP>0</SP>
        <SFCF>0.86764764796893068</SFCF>
        <CFR>0.09562520706853142</CFR>
        <CWH>0.1202178687765848</CWH>
        <CFGlacier>1</CFGlacier>
        <CFSlope>1</CFSlope>
        <FC>1552.8178869132869</FC>
        <LP>0.41316239603861643</LP>
        <BETA>1.0537280342641122</BETA>
      </SubCatchmentVegetationZoneParameters>
    </SubCatchmentVegetationZone>
  </SubCatchment>
</Catchment>