<?xml version="1.0" encoding="utf-8"?>
<Catchment xmlns:xsi="http://www.w3.org/2001/XMLSchema-instance" xmlns:xsd="http://www.w3.org/2001/XMLSchema">
  <CatchmentParameters>
    <KSI>0.001</KSI>
    <KGmin>0.05</KGmin>
    <RangeKG>0.1</RangeKG>
    <AG>0.1</AG>
    <PERC>0.81088402055875375</PERC>
    <Alpha>0</Alpha>
    <UZL>52.228116905643674</UZL>
    <K0>0.98989796503493932</K0>
    <K1>0.3105126578476366</K1>
    <K2>0.050116711498365454</K2>
    <MAXBAS>1</MAXBAS>
    <Cet>0.19883776209761017</Cet>
    <PCALT>3.1108601647063487</PCALT>
    <TCALT>0.34077968212471</TCALT>
    <Pelev>436</Pelev>
    <Telev>436</Telev>
    <PART>0.5</PART>
    <DELAY>1</DELAY>
  </CatchmentParameters>
  <VegetationZone>
    <VegetationZoneParameters>
      <TT>-2.3086888296999191</TT>
      <CFMAX>1.8837715059359008</CFMAX>
      <SP>0</SP>
      <SFCF>0.73752758164623256</SFCF>
      <CFR>0.099931331170557719</CFR>
      <CWH>0.19997965796486425</CWH>
      <CFGlacier>1</CFGlacier>
      <CFSlope>1</CFSlope>
      <FC>1747.9437997904806</FC>
      <LP>0.40849605883034557</LP>
      <BETA>1.0423930677365572</BETA>
    </VegetationZoneParameters>
  </VegetationZone>
  <SubCatchment>
    <SubCatchmentParameters>
      <KSI>0.001</KSI>
      <KGmin>0.05</KGmin>
      <RangeKG>0.1</RangeKG>
      <AG>0.1</AG>
      <PERC>0.81088402055875375</PERC>
      <Alpha>0</Alpha>
      <UZL>52.228116905643674</UZL>
      <K0>0.98989796503493932</K0>
      <K1>0.3105126578476366</K1>
      <K2>0.050116711498365454</K2>
      <MAXBAS>1</MAXBAS>
      <Cet>0.19883776209761017</Cet>
      <PCALT>3.1108601647063487</PCALT>
      <TCALT>0.34077968212471</TCALT>
      <Pelev>436</Pelev>
      <Telev>436</Telev>
      <PART>0.5</PART>
      <DELAY>1</DELAY>
    </SubCatchmentParameters>
    <SubCatchmentVegetationZone>
      <SubCatchmentVegetationZoneParameters>
        <TT>-2.3086888296999191</TT>
        <CFMAX>1.8837715059359008</CFMAX>
        <SP>0</SP>
        <SFCF>0.73752758164623256</SFCF>
        <CFR>0.099931331170557719</CFR>
        <CWH>0.19997965796486425</CWH>
        <CFGlacier>1</CFGlacier>
        <CFSlope>1</CFSlope>
        <FC>1747.9437997904806</FC>
        <LP>0.40849605883034557</LP>
        <BETA>1.0423930677365572</BETA>
      </SubCatchmentVegetationZoneParameters>
    </SubCatchmentVegetationZone>
  </SubCatchment>
</Catchment>