<?xml version="1.0" encoding="utf-8"?>
<Catchment xmlns:xsi="http://www.w3.org/2001/XMLSchema-instance" xmlns:xsd="http://www.w3.org/2001/XMLSchema">
  <CatchmentParameters>
    <KSI>0.001</KSI>
    <KGmin>0.05</KGmin>
    <RangeKG>0.1</RangeKG>
    <AG>0.1</AG>
    <PERC>1.074457156631788</PERC>
    <Alpha>0</Alpha>
    <UZL>49.412341290783388</UZL>
    <K0>0.85206970691110306</K0>
    <K1>0.34616016222864066</K1>
    <K2>0.0544928850471927</K2>
    <MAXBAS>1</MAXBAS>
    <Cet>0.23281263346581396</Cet>
    <PCALT>3.80915938432994</PCALT>
    <TCALT>0.25961802405967677</TCALT>
    <Pelev>436</Pelev>
    <Telev>436</Telev>
    <PART>0.5</PART>
    <DELAY>1</DELAY>
  </CatchmentParameters>
  <VegetationZone>
    <VegetationZoneParameters>
      <TT>-1.9588346522158049</TT>
      <CFMAX>2.169313408285682</CFMAX>
      <SP>0</SP>
      <SFCF>0.803344661341186</SFCF>
      <CFR>0.09997156147655166</CFR>
      <CWH>0.19995598788077465</CWH>
      <CFGlacier>1</CFGlacier>
      <CFSlope>1</CFSlope>
      <FC>2209.4228946065878</FC>
      <LP>0.7940960575763869</LP>
      <BETA>1.9523594993632119</BETA>
    </VegetationZoneParameters>
  </VegetationZone>
  <SubCatchment>
    <SubCatchmentParameters>
      <KSI>0.001</KSI>
      <KGmin>0.05</KGmin>
      <RangeKG>0.1</RangeKG>
      <AG>0.1</AG>
      <PERC>1.074457156631788</PERC>
      <Alpha>0</Alpha>
      <UZL>49.412341290783388</UZL>
      <K0>0.85206970691110306</K0>
      <K1>0.34616016222864066</K1>
      <K2>0.0544928850471927</K2>
      <MAXBAS>1</MAXBAS>
      <Cet>0.23281263346581396</Cet>
      <PCALT>3.80915938432994</PCALT>
      <TCALT>0.25961802405967677</TCALT>
      <Pelev>436</Pelev>
      <Telev>436</Telev>
      <PART>0.5</PART>
      <DELAY>1</DELAY>
    </SubCatchmentParameters>
    <SubCatchmentVegetationZone>
      <SubCatchmentVegetationZoneParameters>
        <TT>-1.9588346522158049</TT>
        <CFMAX>2.169313408285682</CFMAX>
        <SP>0</SP>
        <SFCF>0.803344661341186</SFCF>
        <CFR>0.09997156147655166</CFR>
        <CWH>0.19995598788077465</CWH>
        <CFGlacier>1</CFGlacier>
        <CFSlope>1</CFSlope>
        <FC>2209.4228946065878</FC>
        <LP>0.7940960575763869</LP>
        <BETA>1.9523594993632119</BETA>
      </SubCatchmentVegetationZoneParameters>
    </SubCatchmentVegetationZone>
  </SubCatchment>
</Catchment>