<?xml version="1.0" encoding="utf-8"?>
<Catchment xmlns:xsi="http://www.w3.org/2001/XMLSchema-instance" xmlns:xsd="http://www.w3.org/2001/XMLSchema">
  <CatchmentParameters>
    <KSI>0.001</KSI>
    <KGmin>0.05</KGmin>
    <RangeKG>0.1</RangeKG>
    <AG>0.1</AG>
    <PERC>0.8092755465466811</PERC>
    <Alpha>0</Alpha>
    <UZL>54.220675818346663</UZL>
    <K0>0.98996896107796739</K0>
    <K1>0.3143206718680685</K1>
    <K2>0.049796926959595908</K2>
    <MAXBAS>1</MAXBAS>
    <Cet>0.1553638264526534</Cet>
    <PCALT>0.988831557886643</PCALT>
    <TCALT>0.29084535731433442</TCALT>
    <Pelev>436</Pelev>
    <Telev>436</Telev>
    <PART>0.5</PART>
    <DELAY>1</DELAY>
  </CatchmentParameters>
  <VegetationZone>
    <VegetationZoneParameters>
      <TT>-2.06600365791795</TT>
      <CFMAX>2.2337931463574221</CFMAX>
      <SP>0</SP>
      <SFCF>0.976566116502514</SFCF>
      <CFR>0.091699254720850012</CFR>
      <CWH>0.13675642560194132</CWH>
      <CFGlacier>1</CFGlacier>
      <CFSlope>1</CFSlope>
      <FC>1508.031453973832</FC>
      <LP>0.73361215670782787</LP>
      <BETA>1.5713151374918561</BETA>
    </VegetationZoneParameters>
  </VegetationZone>
  <SubCatchment>
    <SubCatchmentParameters>
      <KSI>0.001</KSI>
      <KGmin>0.05</KGmin>
      <RangeKG>0.1</RangeKG>
      <AG>0.1</AG>
      <PERC>0.8092755465466811</PERC>
      <Alpha>0</Alpha>
      <UZL>54.220675818346663</UZL>
      <K0>0.98996896107796739</K0>
      <K1>0.3143206718680685</K1>
      <K2>0.049796926959595908</K2>
      <MAXBAS>1</MAXBAS>
      <Cet>0.1553638264526534</Cet>
      <PCALT>0.988831557886643</PCALT>
      <TCALT>0.29084535731433442</TCALT>
      <Pelev>436</Pelev>
      <Telev>436</Telev>
      <PART>0.5</PART>
      <DELAY>1</DELAY>
    </SubCatchmentParameters>
    <SubCatchmentVegetationZone>
      <SubCatchmentVegetationZoneParameters>
        <TT>-2.06600365791795</TT>
        <CFMAX>2.2337931463574221</CFMAX>
        <SP>0</SP>
        <SFCF>0.976566116502514</SFCF>
        <CFR>0.091699254720850012</CFR>
        <CWH>0.13675642560194132</CWH>
        <CFGlacier>1</CFGlacier>
        <CFSlope>1</CFSlope>
        <FC>1508.031453973832</FC>
        <LP>0.73361215670782787</LP>
        <BETA>1.5713151374918561</BETA>
      </SubCatchmentVegetationZoneParameters>
    </SubCatchmentVegetationZone>
  </SubCatchment>
</Catchment>