<?xml version="1.0" encoding="utf-8"?>
<Catchment xmlns:xsi="http://www.w3.org/2001/XMLSchema-instance" xmlns:xsd="http://www.w3.org/2001/XMLSchema">
  <CatchmentParameters>
    <KSI>0.001</KSI>
    <KGmin>0.05</KGmin>
    <RangeKG>0.1</RangeKG>
    <AG>0.1</AG>
    <PERC>0.8957489232949043</PERC>
    <Alpha>0</Alpha>
    <UZL>53.180944998960818</UZL>
    <K0>0.98998087199325124</K0>
    <K1>0.3185969048568737</K1>
    <K2>0.052095675013850762</K2>
    <MAXBAS>1</MAXBAS>
    <Cet>0.05099851284806324</Cet>
    <PCALT>2.178602538823244</PCALT>
    <TCALT>0.27974862555118707</TCALT>
    <Pelev>436</Pelev>
    <Telev>436</Telev>
    <PART>0.5</PART>
    <DELAY>1</DELAY>
  </CatchmentParameters>
  <VegetationZone>
    <VegetationZoneParameters>
      <TT>-2.0224290252925692</TT>
      <CFMAX>2.1479232083434927</CFMAX>
      <SP>0</SP>
      <SFCF>0.73476210155512667</SFCF>
      <CFR>0.099970648133276871</CFR>
      <CWH>0.19993059917986356</CWH>
      <CFGlacier>1</CFGlacier>
      <CFSlope>1</CFSlope>
      <FC>1782.3169184865046</FC>
      <LP>0.6654990737153873</LP>
      <BETA>1.6037437314577046</BETA>
    </VegetationZoneParameters>
  </VegetationZone>
  <SubCatchment>
    <SubCatchmentParameters>
      <KSI>0.001</KSI>
      <KGmin>0.05</KGmin>
      <RangeKG>0.1</RangeKG>
      <AG>0.1</AG>
      <PERC>0.8957489232949043</PERC>
      <Alpha>0</Alpha>
      <UZL>53.180944998960818</UZL>
      <K0>0.98998087199325124</K0>
      <K1>0.3185969048568737</K1>
      <K2>0.052095675013850762</K2>
      <MAXBAS>1</MAXBAS>
      <Cet>0.05099851284806324</Cet>
      <PCALT>2.178602538823244</PCALT>
      <TCALT>0.27974862555118707</TCALT>
      <Pelev>436</Pelev>
      <Telev>436</Telev>
      <PART>0.5</PART>
      <DELAY>1</DELAY>
    </SubCatchmentParameters>
    <SubCatchmentVegetationZone>
      <SubCatchmentVegetationZoneParameters>
        <TT>-2.0224290252925692</TT>
        <CFMAX>2.1479232083434927</CFMAX>
        <SP>0</SP>
        <SFCF>0.73476210155512667</SFCF>
        <CFR>0.099970648133276871</CFR>
        <CWH>0.19993059917986356</CWH>
        <CFGlacier>1</CFGlacier>
        <CFSlope>1</CFSlope>
        <FC>1782.3169184865046</FC>
        <LP>0.6654990737153873</LP>
        <BETA>1.6037437314577046</BETA>
      </SubCatchmentVegetationZoneParameters>
    </SubCatchmentVegetationZone>
  </SubCatchment>
</Catchment>