<?xml version="1.0" encoding="utf-8"?>
<Catchment xmlns:xsi="http://www.w3.org/2001/XMLSchema-instance" xmlns:xsd="http://www.w3.org/2001/XMLSchema">
  <CatchmentParameters>
    <KSI>0.001</KSI>
    <KGmin>0.05</KGmin>
    <RangeKG>0.1</RangeKG>
    <AG>0.1</AG>
    <PERC>0.62211914140631286</PERC>
    <Alpha>0</Alpha>
    <UZL>54.371915309165288</UZL>
    <K0>0.98994984414427911</K0>
    <K1>0.30347315131136576</K1>
    <K2>0.047964374691454661</K2>
    <MAXBAS>1</MAXBAS>
    <Cet>0.17176464093267541</Cet>
    <PCALT>3.7613638373130667</PCALT>
    <TCALT>0.30435882026542993</TCALT>
    <Pelev>436</Pelev>
    <Telev>436</Telev>
    <PART>0.5</PART>
    <DELAY>1</DELAY>
  </CatchmentParameters>
  <VegetationZone>
    <VegetationZoneParameters>
      <TT>-2.1260455203802664</TT>
      <CFMAX>2.1979714955555649</CFMAX>
      <SP>0</SP>
      <SFCF>0.84754111688011624</SFCF>
      <CFR>0.099917803465848443</CFR>
      <CWH>0.19990986487680634</CWH>
      <CFGlacier>1</CFGlacier>
      <CFSlope>1</CFSlope>
      <FC>2086.8358482225963</FC>
      <LP>0.70753826798622732</LP>
      <BETA>1.7125878176131579</BETA>
    </VegetationZoneParameters>
  </VegetationZone>
  <SubCatchment>
    <SubCatchmentParameters>
      <KSI>0.001</KSI>
      <KGmin>0.05</KGmin>
      <RangeKG>0.1</RangeKG>
      <AG>0.1</AG>
      <PERC>0.62211914140631286</PERC>
      <Alpha>0</Alpha>
      <UZL>54.371915309165288</UZL>
      <K0>0.98994984414427911</K0>
      <K1>0.30347315131136576</K1>
      <K2>0.047964374691454661</K2>
      <MAXBAS>1</MAXBAS>
      <Cet>0.17176464093267541</Cet>
      <PCALT>3.7613638373130667</PCALT>
      <TCALT>0.30435882026542993</TCALT>
      <Pelev>436</Pelev>
      <Telev>436</Telev>
      <PART>0.5</PART>
      <DELAY>1</DELAY>
    </SubCatchmentParameters>
    <SubCatchmentVegetationZone>
      <SubCatchmentVegetationZoneParameters>
        <TT>-2.1260455203802664</TT>
        <CFMAX>2.1979714955555649</CFMAX>
        <SP>0</SP>
        <SFCF>0.84754111688011624</SFCF>
        <CFR>0.099917803465848443</CFR>
        <CWH>0.19990986487680634</CWH>
        <CFGlacier>1</CFGlacier>
        <CFSlope>1</CFSlope>
        <FC>2086.8358482225963</FC>
        <LP>0.70753826798622732</LP>
        <BETA>1.7125878176131579</BETA>
      </SubCatchmentVegetationZoneParameters>
    </SubCatchmentVegetationZone>
  </SubCatchment>
</Catchment>