<?xml version="1.0" encoding="utf-8"?>
<Catchment xmlns:xsi="http://www.w3.org/2001/XMLSchema-instance" xmlns:xsd="http://www.w3.org/2001/XMLSchema">
  <CatchmentParameters>
    <KSI>0.001</KSI>
    <KGmin>0.05</KGmin>
    <RangeKG>0.1</RangeKG>
    <AG>0.1</AG>
    <PERC>0.84297104300082848</PERC>
    <Alpha>0</Alpha>
    <UZL>54.054937115350768</UZL>
    <K0>0.98979080912319628</K0>
    <K1>0.3150097120371001</K1>
    <K2>0.051597520726344333</K2>
    <MAXBAS>1</MAXBAS>
    <Cet>0.07635082786189426</Cet>
    <PCALT>2.0857658293523453</PCALT>
    <TCALT>0.35611785355122877</TCALT>
    <Pelev>436</Pelev>
    <Telev>436</Telev>
    <PART>0.5</PART>
    <DELAY>1</DELAY>
  </CatchmentParameters>
  <VegetationZone>
    <VegetationZoneParameters>
      <TT>-2.334017387419201</TT>
      <CFMAX>2.0744172988704559</CFMAX>
      <SP>0</SP>
      <SFCF>0.7672586777473267</SFCF>
      <CFR>0.099986910200652229</CFR>
      <CWH>0.19987932548775317</CWH>
      <CFGlacier>1</CFGlacier>
      <CFSlope>1</CFSlope>
      <FC>1970.824325795985</FC>
      <LP>0.84465353952215994</LP>
      <BETA>2.2137404578196285</BETA>
    </VegetationZoneParameters>
  </VegetationZone>
  <SubCatchment>
    <SubCatchmentParameters>
      <KSI>0.001</KSI>
      <KGmin>0.05</KGmin>
      <RangeKG>0.1</RangeKG>
      <AG>0.1</AG>
      <PERC>0.84297104300082848</PERC>
      <Alpha>0</Alpha>
      <UZL>54.054937115350768</UZL>
      <K0>0.98979080912319628</K0>
      <K1>0.3150097120371001</K1>
      <K2>0.051597520726344333</K2>
      <MAXBAS>1</MAXBAS>
      <Cet>0.07635082786189426</Cet>
      <PCALT>2.0857658293523453</PCALT>
      <TCALT>0.35611785355122877</TCALT>
      <Pelev>436</Pelev>
      <Telev>436</Telev>
      <PART>0.5</PART>
      <DELAY>1</DELAY>
    </SubCatchmentParameters>
    <SubCatchmentVegetationZone>
      <SubCatchmentVegetationZoneParameters>
        <TT>-2.334017387419201</TT>
        <CFMAX>2.0744172988704559</CFMAX>
        <SP>0</SP>
        <SFCF>0.7672586777473267</SFCF>
        <CFR>0.099986910200652229</CFR>
        <CWH>0.19987932548775317</CWH>
        <CFGlacier>1</CFGlacier>
        <CFSlope>1</CFSlope>
        <FC>1970.824325795985</FC>
        <LP>0.84465353952215994</LP>
        <BETA>2.2137404578196285</BETA>
      </SubCatchmentVegetationZoneParameters>
    </SubCatchmentVegetationZone>
  </SubCatchment>
</Catchment>