<?xml version="1.0" encoding="utf-8"?>
<Catchment xmlns:xsi="http://www.w3.org/2001/XMLSchema-instance" xmlns:xsd="http://www.w3.org/2001/XMLSchema">
  <CatchmentParameters>
    <KSI>0.001</KSI>
    <KGmin>0.05</KGmin>
    <RangeKG>0.1</RangeKG>
    <AG>0.1</AG>
    <PERC>0.99671693645950088</PERC>
    <Alpha>0</Alpha>
    <UZL>51.906217335950643</UZL>
    <K0>0.95551457134219764</K0>
    <K1>0.32461218387085011</K1>
    <K2>0.05361635780438246</K2>
    <MAXBAS>1</MAXBAS>
    <Cet>0.12054581530268531</Cet>
    <PCALT>2.0001287193493535</PCALT>
    <TCALT>0.1992346354305426</TCALT>
    <Pelev>436</Pelev>
    <Telev>436</Telev>
    <PART>0.5</PART>
    <DELAY>1</DELAY>
  </CatchmentParameters>
  <VegetationZone>
    <VegetationZoneParameters>
      <TT>-1.7066001169759564</TT>
      <CFMAX>2.88297987168829</CFMAX>
      <SP>0</SP>
      <SFCF>0.729986605749551</SFCF>
      <CFR>0.098682013371816632</CFR>
      <CWH>0.19671306868151439</CWH>
      <CFGlacier>1</CFGlacier>
      <CFSlope>1</CFSlope>
      <FC>1917.7986831685751</FC>
      <LP>0.83669073755660717</LP>
      <BETA>1.9745519988058216</BETA>
    </VegetationZoneParameters>
  </VegetationZone>
  <SubCatchment>
    <SubCatchmentParameters>
      <KSI>0.001</KSI>
      <KGmin>0.05</KGmin>
      <RangeKG>0.1</RangeKG>
      <AG>0.1</AG>
      <PERC>0.99671693645950088</PERC>
      <Alpha>0</Alpha>
      <UZL>51.906217335950643</UZL>
      <K0>0.95551457134219764</K0>
      <K1>0.32461218387085011</K1>
      <K2>0.05361635780438246</K2>
      <MAXBAS>1</MAXBAS>
      <Cet>0.12054581530268531</Cet>
      <PCALT>2.0001287193493535</PCALT>
      <TCALT>0.1992346354305426</TCALT>
      <Pelev>436</Pelev>
      <Telev>436</Telev>
      <PART>0.5</PART>
      <DELAY>1</DELAY>
    </SubCatchmentParameters>
    <SubCatchmentVegetationZone>
      <SubCatchmentVegetationZoneParameters>
        <TT>-1.7066001169759564</TT>
        <CFMAX>2.88297987168829</CFMAX>
        <SP>0</SP>
        <SFCF>0.729986605749551</SFCF>
        <CFR>0.098682013371816632</CFR>
        <CWH>0.19671306868151439</CWH>
        <CFGlacier>1</CFGlacier>
        <CFSlope>1</CFSlope>
        <FC>1917.7986831685751</FC>
        <LP>0.83669073755660717</LP>
        <BETA>1.9745519988058216</BETA>
      </SubCatchmentVegetationZoneParameters>
    </SubCatchmentVegetationZone>
  </SubCatchment>
</Catchment>