<?xml version="1.0" encoding="utf-8"?>
<Catchment xmlns:xsi="http://www.w3.org/2001/XMLSchema-instance" xmlns:xsd="http://www.w3.org/2001/XMLSchema">
  <CatchmentParameters>
    <KSI>0.001</KSI>
    <KGmin>0.05</KGmin>
    <RangeKG>0.1</RangeKG>
    <AG>0.1</AG>
    <PERC>0.765720661279571</PERC>
    <Alpha>0</Alpha>
    <UZL>55.4958976844754</UZL>
    <K0>0.98998783552222758</K0>
    <K1>0.31131778116010006</K1>
    <K2>0.049021773324332579</K2>
    <MAXBAS>1</MAXBAS>
    <Cet>0.11225413324487453</Cet>
    <PCALT>0.75463312731819121</PCALT>
    <TCALT>0.24889090692048452</TCALT>
    <Pelev>436</Pelev>
    <Telev>436</Telev>
    <PART>0.5</PART>
    <DELAY>1</DELAY>
  </CatchmentParameters>
  <VegetationZone>
    <VegetationZoneParameters>
      <TT>-1.9269813020862279</TT>
      <CFMAX>1.6204391190366381</CFMAX>
      <SP>0</SP>
      <SFCF>0.66131359021922953</SFCF>
      <CFR>0.0999709689816541</CFR>
      <CWH>0.19990986457962687</CWH>
      <CFGlacier>1</CFGlacier>
      <CFSlope>1</CFSlope>
      <FC>1455.6782101598637</FC>
      <LP>0.74739806436033573</LP>
      <BETA>1.6490755357028359</BETA>
    </VegetationZoneParameters>
  </VegetationZone>
  <SubCatchment>
    <SubCatchmentParameters>
      <KSI>0.001</KSI>
      <KGmin>0.05</KGmin>
      <RangeKG>0.1</RangeKG>
      <AG>0.1</AG>
      <PERC>0.765720661279571</PERC>
      <Alpha>0</Alpha>
      <UZL>55.4958976844754</UZL>
      <K0>0.98998783552222758</K0>
      <K1>0.31131778116010006</K1>
      <K2>0.049021773324332579</K2>
      <MAXBAS>1</MAXBAS>
      <Cet>0.11225413324487453</Cet>
      <PCALT>0.75463312731819121</PCALT>
      <TCALT>0.24889090692048452</TCALT>
      <Pelev>436</Pelev>
      <Telev>436</Telev>
      <PART>0.5</PART>
      <DELAY>1</DELAY>
    </SubCatchmentParameters>
    <SubCatchmentVegetationZone>
      <SubCatchmentVegetationZoneParameters>
        <TT>-1.9269813020862279</TT>
        <CFMAX>1.6204391190366381</CFMAX>
        <SP>0</SP>
        <SFCF>0.66131359021922953</SFCF>
        <CFR>0.0999709689816541</CFR>
        <CWH>0.19990986457962687</CWH>
        <CFGlacier>1</CFGlacier>
        <CFSlope>1</CFSlope>
        <FC>1455.6782101598637</FC>
        <LP>0.74739806436033573</LP>
        <BETA>1.6490755357028359</BETA>
      </SubCatchmentVegetationZoneParameters>
    </SubCatchmentVegetationZone>
  </SubCatchment>
</Catchment>