<?xml version="1.0" encoding="utf-8"?>
<Catchment xmlns:xsi="http://www.w3.org/2001/XMLSchema-instance" xmlns:xsd="http://www.w3.org/2001/XMLSchema">
  <CatchmentParameters>
    <KSI>0.001</KSI>
    <KGmin>0.05</KGmin>
    <RangeKG>0.1</RangeKG>
    <AG>0.1</AG>
    <PERC>0.88106669187866871</PERC>
    <Alpha>0</Alpha>
    <UZL>55.6127819293482</UZL>
    <K0>0.98998014049050054</K0>
    <K1>0.31467011548606527</K1>
    <K2>0.050824526202476988</K2>
    <MAXBAS>1</MAXBAS>
    <Cet>0.070362793131728871</Cet>
    <PCALT>0.17929782132476896</PCALT>
    <TCALT>0.25601552004018663</TCALT>
    <Pelev>436</Pelev>
    <Telev>436</Telev>
    <PART>0.5</PART>
    <DELAY>1</DELAY>
  </CatchmentParameters>
  <VegetationZone>
    <VegetationZoneParameters>
      <TT>-2.2725452777302491</TT>
      <CFMAX>1.9237690819509135</CFMAX>
      <SP>0</SP>
      <SFCF>0.89737345427536042</SFCF>
      <CFR>0.052179627583287008</CFR>
      <CWH>0.19992884542950179</CWH>
      <CFGlacier>1</CFGlacier>
      <CFSlope>1</CFSlope>
      <FC>1419.5002282398532</FC>
      <LP>0.7842938559127528</LP>
      <BETA>1.7675764556890796</BETA>
    </VegetationZoneParameters>
  </VegetationZone>
  <SubCatchment>
    <SubCatchmentParameters>
      <KSI>0.001</KSI>
      <KGmin>0.05</KGmin>
      <RangeKG>0.1</RangeKG>
      <AG>0.1</AG>
      <PERC>0.88106669187866871</PERC>
      <Alpha>0</Alpha>
      <UZL>55.6127819293482</UZL>
      <K0>0.98998014049050054</K0>
      <K1>0.31467011548606527</K1>
      <K2>0.050824526202476988</K2>
      <MAXBAS>1</MAXBAS>
      <Cet>0.070362793131728871</Cet>
      <PCALT>0.17929782132476896</PCALT>
      <TCALT>0.25601552004018663</TCALT>
      <Pelev>436</Pelev>
      <Telev>436</Telev>
      <PART>0.5</PART>
      <DELAY>1</DELAY>
    </SubCatchmentParameters>
    <SubCatchmentVegetationZone>
      <SubCatchmentVegetationZoneParameters>
        <TT>-2.2725452777302491</TT>
        <CFMAX>1.9237690819509135</CFMAX>
        <SP>0</SP>
        <SFCF>0.89737345427536042</SFCF>
        <CFR>0.052179627583287008</CFR>
        <CWH>0.19992884542950179</CWH>
        <CFGlacier>1</CFGlacier>
        <CFSlope>1</CFSlope>
        <FC>1419.5002282398532</FC>
        <LP>0.7842938559127528</LP>
        <BETA>1.7675764556890796</BETA>
      </SubCatchmentVegetationZoneParameters>
    </SubCatchmentVegetationZone>
  </SubCatchment>
</Catchment>