<?xml version="1.0" encoding="utf-8"?>
<Catchment xmlns:xsi="http://www.w3.org/2001/XMLSchema-instance" xmlns:xsd="http://www.w3.org/2001/XMLSchema">
  <CatchmentParameters>
    <KSI>0.001</KSI>
    <KGmin>0.05</KGmin>
    <RangeKG>0.1</RangeKG>
    <AG>0.1</AG>
    <PERC>1.0240031530318097</PERC>
    <Alpha>0</Alpha>
    <UZL>51.524067063714334</UZL>
    <K0>0.98997527421150977</K0>
    <K1>0.32594407449343032</K1>
    <K2>0.054088086516344933</K2>
    <MAXBAS>1</MAXBAS>
    <Cet>0.17597122934168377</Cet>
    <PCALT>3.4688804499359986</PCALT>
    <TCALT>0.2575539335811054</TCALT>
    <Pelev>436</Pelev>
    <Telev>436</Telev>
    <PART>0.5</PART>
    <DELAY>1</DELAY>
  </CatchmentParameters>
  <VegetationZone>
    <VegetationZoneParameters>
      <TT>-1.9292131092371285</TT>
      <CFMAX>2.7869886064713105</CFMAX>
      <SP>0</SP>
      <SFCF>0.65529065607334924</SFCF>
      <CFR>0.091678192487192126</CFR>
      <CWH>0.19992085497581225</CWH>
      <CFGlacier>1</CFGlacier>
      <CFSlope>1</CFSlope>
      <FC>2007.0532063704018</FC>
      <LP>0.66683395177214011</LP>
      <BETA>1.5113155905775522</BETA>
    </VegetationZoneParameters>
  </VegetationZone>
  <SubCatchment>
    <SubCatchmentParameters>
      <KSI>0.001</KSI>
      <KGmin>0.05</KGmin>
      <RangeKG>0.1</RangeKG>
      <AG>0.1</AG>
      <PERC>1.0240031530318097</PERC>
      <Alpha>0</Alpha>
      <UZL>51.524067063714334</UZL>
      <K0>0.98997527421150977</K0>
      <K1>0.32594407449343032</K1>
      <K2>0.054088086516344933</K2>
      <MAXBAS>1</MAXBAS>
      <Cet>0.17597122934168377</Cet>
      <PCALT>3.4688804499359986</PCALT>
      <TCALT>0.2575539335811054</TCALT>
      <Pelev>436</Pelev>
      <Telev>436</Telev>
      <PART>0.5</PART>
      <DELAY>1</DELAY>
    </SubCatchmentParameters>
    <SubCatchmentVegetationZone>
      <SubCatchmentVegetationZoneParameters>
        <TT>-1.9292131092371285</TT>
        <CFMAX>2.7869886064713105</CFMAX>
        <SP>0</SP>
        <SFCF>0.65529065607334924</SFCF>
        <CFR>0.091678192487192126</CFR>
        <CWH>0.19992085497581225</CWH>
        <CFGlacier>1</CFGlacier>
        <CFSlope>1</CFSlope>
        <FC>2007.0532063704018</FC>
        <LP>0.66683395177214011</LP>
        <BETA>1.5113155905775522</BETA>
      </SubCatchmentVegetationZoneParameters>
    </SubCatchmentVegetationZone>
  </SubCatchment>
</Catchment>