<?xml version="1.0" encoding="utf-8"?>
<Catchment xmlns:xsi="http://www.w3.org/2001/XMLSchema-instance" xmlns:xsd="http://www.w3.org/2001/XMLSchema">
  <CatchmentParameters>
    <KSI>0.001</KSI>
    <KGmin>0.05</KGmin>
    <RangeKG>0.1</RangeKG>
    <AG>0.1</AG>
    <PERC>0.79860001415051862</PERC>
    <Alpha>0</Alpha>
    <UZL>53.707065945606566</UZL>
    <K0>0.9805641298923129</K0>
    <K1>0.31682734996195683</K1>
    <K2>0.050711773045626324</K2>
    <MAXBAS>1</MAXBAS>
    <Cet>0.06815824213095556</Cet>
    <PCALT>1.7783629005423547</PCALT>
    <TCALT>0.19834085842160587</TCALT>
    <Pelev>436</Pelev>
    <Telev>436</Telev>
    <PART>0.5</PART>
    <DELAY>1</DELAY>
  </CatchmentParameters>
  <VegetationZone>
    <VegetationZoneParameters>
      <TT>-1.8099854779395745</TT>
      <CFMAX>2.0903655637445397</CFMAX>
      <SP>0</SP>
      <SFCF>0.80580082316024493</SFCF>
      <CFR>0.0999879485725474</CFR>
      <CWH>0.19999894819347452</CWH>
      <CFGlacier>1</CFGlacier>
      <CFSlope>1</CFSlope>
      <FC>1907.0596570440939</FC>
      <LP>0.84137198745093178</LP>
      <BETA>2.1569658781767451</BETA>
    </VegetationZoneParameters>
  </VegetationZone>
  <SubCatchment>
    <SubCatchmentParameters>
      <KSI>0.001</KSI>
      <KGmin>0.05</KGmin>
      <RangeKG>0.1</RangeKG>
      <AG>0.1</AG>
      <PERC>0.79860001415051862</PERC>
      <Alpha>0</Alpha>
      <UZL>53.707065945606566</UZL>
      <K0>0.9805641298923129</K0>
      <K1>0.31682734996195683</K1>
      <K2>0.050711773045626324</K2>
      <MAXBAS>1</MAXBAS>
      <Cet>0.06815824213095556</Cet>
      <PCALT>1.7783629005423547</PCALT>
      <TCALT>0.19834085842160587</TCALT>
      <Pelev>436</Pelev>
      <Telev>436</Telev>
      <PART>0.5</PART>
      <DELAY>1</DELAY>
    </SubCatchmentParameters>
    <SubCatchmentVegetationZone>
      <SubCatchmentVegetationZoneParameters>
        <TT>-1.8099854779395745</TT>
        <CFMAX>2.0903655637445397</CFMAX>
        <SP>0</SP>
        <SFCF>0.80580082316024493</SFCF>
        <CFR>0.0999879485725474</CFR>
        <CWH>0.19999894819347452</CWH>
        <CFGlacier>1</CFGlacier>
        <CFSlope>1</CFSlope>
        <FC>1907.0596570440939</FC>
        <LP>0.84137198745093178</LP>
        <BETA>2.1569658781767451</BETA>
      </SubCatchmentVegetationZoneParameters>
    </SubCatchmentVegetationZone>
  </SubCatchment>
</Catchment>