<?xml version="1.0" encoding="utf-8"?>
<Catchment xmlns:xsi="http://www.w3.org/2001/XMLSchema-instance" xmlns:xsd="http://www.w3.org/2001/XMLSchema">
  <CatchmentParameters>
    <KSI>0.001</KSI>
    <KGmin>0.05</KGmin>
    <RangeKG>0.1</RangeKG>
    <AG>0.1</AG>
    <PERC>0.62737795563348875</PERC>
    <Alpha>0</Alpha>
    <UZL>56.673629670037556</UZL>
    <K0>0.98996718731794864</K0>
    <K1>0.30405566430208525</K1>
    <K2>0.046066895714513209</K2>
    <MAXBAS>1</MAXBAS>
    <Cet>0.099118484200397081</Cet>
    <PCALT>0.91447620923506145</PCALT>
    <TCALT>0.2347885964388779</TCALT>
    <Pelev>436</Pelev>
    <Telev>436</Telev>
    <PART>0.5</PART>
    <DELAY>1</DELAY>
  </CatchmentParameters>
  <VegetationZone>
    <VegetationZoneParameters>
      <TT>-1.9685826693409645</TT>
      <CFMAX>1.7283541402705183</CFMAX>
      <SP>0</SP>
      <SFCF>0.85238714675193217</SFCF>
      <CFR>0.0635037168953426</CFR>
      <CWH>0.199937862736516</CWH>
      <CFGlacier>1</CFGlacier>
      <CFSlope>1</CFSlope>
      <FC>1435.021246588288</FC>
      <LP>0.71246618243937143</LP>
      <BETA>1.6689482338400885</BETA>
    </VegetationZoneParameters>
  </VegetationZone>
  <SubCatchment>
    <SubCatchmentParameters>
      <KSI>0.001</KSI>
      <KGmin>0.05</KGmin>
      <RangeKG>0.1</RangeKG>
      <AG>0.1</AG>
      <PERC>0.62737795563348875</PERC>
      <Alpha>0</Alpha>
      <UZL>56.673629670037556</UZL>
      <K0>0.98996718731794864</K0>
      <K1>0.30405566430208525</K1>
      <K2>0.046066895714513209</K2>
      <MAXBAS>1</MAXBAS>
      <Cet>0.099118484200397081</Cet>
      <PCALT>0.91447620923506145</PCALT>
      <TCALT>0.2347885964388779</TCALT>
      <Pelev>436</Pelev>
      <Telev>436</Telev>
      <PART>0.5</PART>
      <DELAY>1</DELAY>
    </SubCatchmentParameters>
    <SubCatchmentVegetationZone>
      <SubCatchmentVegetationZoneParameters>
        <TT>-1.9685826693409645</TT>
        <CFMAX>1.7283541402705183</CFMAX>
        <SP>0</SP>
        <SFCF>0.85238714675193217</SFCF>
        <CFR>0.0635037168953426</CFR>
        <CWH>0.199937862736516</CWH>
        <CFGlacier>1</CFGlacier>
        <CFSlope>1</CFSlope>
        <FC>1435.021246588288</FC>
        <LP>0.71246618243937143</LP>
        <BETA>1.6689482338400885</BETA>
      </SubCatchmentVegetationZoneParameters>
    </SubCatchmentVegetationZone>
  </SubCatchment>
</Catchment>