<?xml version="1.0" encoding="utf-8"?>
<Catchment xmlns:xsi="http://www.w3.org/2001/XMLSchema-instance" xmlns:xsd="http://www.w3.org/2001/XMLSchema">
  <CatchmentParameters>
    <KSI>0.001</KSI>
    <KGmin>0.05</KGmin>
    <RangeKG>0.1</RangeKG>
    <AG>0.1</AG>
    <PERC>1.0516446298033508</PERC>
    <Alpha>0</Alpha>
    <UZL>50.423166730272257</UZL>
    <K0>0.98999845985915225</K0>
    <K1>0.3211752969924484</K1>
    <K2>0.053072893545779612</K2>
    <MAXBAS>1</MAXBAS>
    <Cet>0.1737700641823742</Cet>
    <PCALT>0.60389468619277809</PCALT>
    <TCALT>0.37188130668441371</TCALT>
    <Pelev>436</Pelev>
    <Telev>436</Telev>
    <PART>0.5</PART>
    <DELAY>1</DELAY>
  </CatchmentParameters>
  <VegetationZone>
    <VegetationZoneParameters>
      <TT>-2.0648349638226335</TT>
      <CFMAX>3.8685838374219284</CFMAX>
      <SP>0</SP>
      <SFCF>1.1064609663612601</SFCF>
      <CFR>0.013649971902251847</CFR>
      <CWH>0.1000037338089018</CWH>
      <CFGlacier>1</CFGlacier>
      <CFSlope>1</CFSlope>
      <FC>1484.9814128539656</FC>
      <LP>0.56609704943506767</LP>
      <BETA>1.1248845540172707</BETA>
    </VegetationZoneParameters>
  </VegetationZone>
  <SubCatchment>
    <SubCatchmentParameters>
      <KSI>0.001</KSI>
      <KGmin>0.05</KGmin>
      <RangeKG>0.1</RangeKG>
      <AG>0.1</AG>
      <PERC>1.0516446298033508</PERC>
      <Alpha>0</Alpha>
      <UZL>50.423166730272257</UZL>
      <K0>0.98999845985915225</K0>
      <K1>0.3211752969924484</K1>
      <K2>0.053072893545779612</K2>
      <MAXBAS>1</MAXBAS>
      <Cet>0.1737700641823742</Cet>
      <PCALT>0.60389468619277809</PCALT>
      <TCALT>0.37188130668441371</TCALT>
      <Pelev>436</Pelev>
      <Telev>436</Telev>
      <PART>0.5</PART>
      <DELAY>1</DELAY>
    </SubCatchmentParameters>
    <SubCatchmentVegetationZone>
      <SubCatchmentVegetationZoneParameters>
        <TT>-2.0648349638226335</TT>
        <CFMAX>3.8685838374219284</CFMAX>
        <SP>0</SP>
        <SFCF>1.1064609663612601</SFCF>
        <CFR>0.013649971902251847</CFR>
        <CWH>0.1000037338089018</CWH>
        <CFGlacier>1</CFGlacier>
        <CFSlope>1</CFSlope>
        <FC>1484.9814128539656</FC>
        <LP>0.56609704943506767</LP>
        <BETA>1.1248845540172707</BETA>
      </SubCatchmentVegetationZoneParameters>
    </SubCatchmentVegetationZone>
  </SubCatchment>
</Catchment>