<?xml version="1.0" encoding="utf-8"?>
<Catchment xmlns:xsi="http://www.w3.org/2001/XMLSchema-instance" xmlns:xsd="http://www.w3.org/2001/XMLSchema">
  <CatchmentParameters>
    <KSI>0.001</KSI>
    <KGmin>0.05</KGmin>
    <RangeKG>0.1</RangeKG>
    <AG>0.1</AG>
    <PERC>0.883795401816301</PERC>
    <Alpha>0</Alpha>
    <UZL>52.9847712455807</UZL>
    <K0>0.98058334130060676</K0>
    <K1>0.314144537315329</K1>
    <K2>0.0530169093164309</K2>
    <MAXBAS>1</MAXBAS>
    <Cet>0.18025539388034706</Cet>
    <PCALT>1.9086452589463352</PCALT>
    <TCALT>0.2901876361889682</TCALT>
    <Pelev>436</Pelev>
    <Telev>436</Telev>
    <PART>0.5</PART>
    <DELAY>1</DELAY>
  </CatchmentParameters>
  <VegetationZone>
    <VegetationZoneParameters>
      <TT>-2.0814323215451696</TT>
      <CFMAX>2.0032892940873377</CFMAX>
      <SP>0</SP>
      <SFCF>0.86682309807774682</SFCF>
      <CFR>0.055088131876558692</CFR>
      <CWH>0.15052228659866443</CWH>
      <CFGlacier>1</CFGlacier>
      <CFSlope>1</CFSlope>
      <FC>1665.8254589068386</FC>
      <LP>0.67796235464614785</LP>
      <BETA>1.4500062507189131</BETA>
    </VegetationZoneParameters>
  </VegetationZone>
  <SubCatchment>
    <SubCatchmentParameters>
      <KSI>0.001</KSI>
      <KGmin>0.05</KGmin>
      <RangeKG>0.1</RangeKG>
      <AG>0.1</AG>
      <PERC>0.883795401816301</PERC>
      <Alpha>0</Alpha>
      <UZL>52.9847712455807</UZL>
      <K0>0.98058334130060676</K0>
      <K1>0.314144537315329</K1>
      <K2>0.0530169093164309</K2>
      <MAXBAS>1</MAXBAS>
      <Cet>0.18025539388034706</Cet>
      <PCALT>1.9086452589463352</PCALT>
      <TCALT>0.2901876361889682</TCALT>
      <Pelev>436</Pelev>
      <Telev>436</Telev>
      <PART>0.5</PART>
      <DELAY>1</DELAY>
    </SubCatchmentParameters>
    <SubCatchmentVegetationZone>
      <SubCatchmentVegetationZoneParameters>
        <TT>-2.0814323215451696</TT>
        <CFMAX>2.0032892940873377</CFMAX>
        <SP>0</SP>
        <SFCF>0.86682309807774682</SFCF>
        <CFR>0.055088131876558692</CFR>
        <CWH>0.15052228659866443</CWH>
        <CFGlacier>1</CFGlacier>
        <CFSlope>1</CFSlope>
        <FC>1665.8254589068386</FC>
        <LP>0.67796235464614785</LP>
        <BETA>1.4500062507189131</BETA>
      </SubCatchmentVegetationZoneParameters>
    </SubCatchmentVegetationZone>
  </SubCatchment>
</Catchment>