<?xml version="1.0" encoding="utf-8"?>
<Catchment xmlns:xsi="http://www.w3.org/2001/XMLSchema-instance" xmlns:xsd="http://www.w3.org/2001/XMLSchema">
  <CatchmentParameters>
    <KSI>0.001</KSI>
    <KGmin>0.05</KGmin>
    <RangeKG>0.1</RangeKG>
    <AG>0.1</AG>
    <PERC>0.76363010931940922</PERC>
    <Alpha>0</Alpha>
    <UZL>53.249135253354943</UZL>
    <K0>0.98998067160343728</K0>
    <K1>0.31499304083545993</K1>
    <K2>0.049529385266645465</K2>
    <MAXBAS>1</MAXBAS>
    <Cet>0.18559618859013521</Cet>
    <PCALT>1.1288437687446027</PCALT>
    <TCALT>0.28824406431178562</TCALT>
    <Pelev>436</Pelev>
    <Telev>436</Telev>
    <PART>0.5</PART>
    <DELAY>1</DELAY>
  </CatchmentParameters>
  <VegetationZone>
    <VegetationZoneParameters>
      <TT>-2.0553048004017147</TT>
      <CFMAX>2.0030172536430886</CFMAX>
      <SP>0</SP>
      <SFCF>0.826645897236021</SFCF>
      <CFR>0.099950211480060391</CFR>
      <CWH>0.19993250212480104</CWH>
      <CFGlacier>1</CFGlacier>
      <CFSlope>1</CFSlope>
      <FC>1593.451161017184</FC>
      <LP>0.691530495602942</LP>
      <BETA>1.3590162926377565</BETA>
    </VegetationZoneParameters>
  </VegetationZone>
  <SubCatchment>
    <SubCatchmentParameters>
      <KSI>0.001</KSI>
      <KGmin>0.05</KGmin>
      <RangeKG>0.1</RangeKG>
      <AG>0.1</AG>
      <PERC>0.76363010931940922</PERC>
      <Alpha>0</Alpha>
      <UZL>53.249135253354943</UZL>
      <K0>0.98998067160343728</K0>
      <K1>0.31499304083545993</K1>
      <K2>0.049529385266645465</K2>
      <MAXBAS>1</MAXBAS>
      <Cet>0.18559618859013521</Cet>
      <PCALT>1.1288437687446027</PCALT>
      <TCALT>0.28824406431178562</TCALT>
      <Pelev>436</Pelev>
      <Telev>436</Telev>
      <PART>0.5</PART>
      <DELAY>1</DELAY>
    </SubCatchmentParameters>
    <SubCatchmentVegetationZone>
      <SubCatchmentVegetationZoneParameters>
        <TT>-2.0553048004017147</TT>
        <CFMAX>2.0030172536430886</CFMAX>
        <SP>0</SP>
        <SFCF>0.826645897236021</SFCF>
        <CFR>0.099950211480060391</CFR>
        <CWH>0.19993250212480104</CWH>
        <CFGlacier>1</CFGlacier>
        <CFSlope>1</CFSlope>
        <FC>1593.451161017184</FC>
        <LP>0.691530495602942</LP>
        <BETA>1.3590162926377565</BETA>
      </SubCatchmentVegetationZoneParameters>
    </SubCatchmentVegetationZone>
  </SubCatchment>
</Catchment>