<?xml version="1.0" encoding="utf-8"?>
<Catchment xmlns:xsi="http://www.w3.org/2001/XMLSchema-instance" xmlns:xsd="http://www.w3.org/2001/XMLSchema">
  <CatchmentParameters>
    <KSI>0.001</KSI>
    <KGmin>0.05</KGmin>
    <RangeKG>0.1</RangeKG>
    <AG>0.1</AG>
    <PERC>0.79367516744767719</PERC>
    <Alpha>0</Alpha>
    <UZL>54.8049622012483</UZL>
    <K0>0.98999150795174</K0>
    <K1>0.30497140692087538</K1>
    <K2>0.049307950567587584</K2>
    <MAXBAS>1</MAXBAS>
    <Cet>0.17979298041747174</Cet>
    <PCALT>0.88495864294609949</PCALT>
    <TCALT>0.17640057242705348</TCALT>
    <Pelev>436</Pelev>
    <Telev>436</Telev>
    <PART>0.5</PART>
    <DELAY>1</DELAY>
  </CatchmentParameters>
  <VegetationZone>
    <VegetationZoneParameters>
      <TT>-1.7965050603817336</TT>
      <CFMAX>1.8567849386694511</CFMAX>
      <SP>0</SP>
      <SFCF>0.86608525752838361</SFCF>
      <CFR>0.091162373704740868</CFR>
      <CWH>0.16375977599196256</CWH>
      <CFGlacier>1</CFGlacier>
      <CFSlope>1</CFSlope>
      <FC>1439.3249956620959</FC>
      <LP>0.579533209354104</LP>
      <BETA>1.2147968809016148</BETA>
    </VegetationZoneParameters>
  </VegetationZone>
  <SubCatchment>
    <SubCatchmentParameters>
      <KSI>0.001</KSI>
      <KGmin>0.05</KGmin>
      <RangeKG>0.1</RangeKG>
      <AG>0.1</AG>
      <PERC>0.79367516744767719</PERC>
      <Alpha>0</Alpha>
      <UZL>54.8049622012483</UZL>
      <K0>0.98999150795174</K0>
      <K1>0.30497140692087538</K1>
      <K2>0.049307950567587584</K2>
      <MAXBAS>1</MAXBAS>
      <Cet>0.17979298041747174</Cet>
      <PCALT>0.88495864294609949</PCALT>
      <TCALT>0.17640057242705348</TCALT>
      <Pelev>436</Pelev>
      <Telev>436</Telev>
      <PART>0.5</PART>
      <DELAY>1</DELAY>
    </SubCatchmentParameters>
    <SubCatchmentVegetationZone>
      <SubCatchmentVegetationZoneParameters>
        <TT>-1.7965050603817336</TT>
        <CFMAX>1.8567849386694511</CFMAX>
        <SP>0</SP>
        <SFCF>0.86608525752838361</SFCF>
        <CFR>0.091162373704740868</CFR>
        <CWH>0.16375977599196256</CWH>
        <CFGlacier>1</CFGlacier>
        <CFSlope>1</CFSlope>
        <FC>1439.3249956620959</FC>
        <LP>0.579533209354104</LP>
        <BETA>1.2147968809016148</BETA>
      </SubCatchmentVegetationZoneParameters>
    </SubCatchmentVegetationZone>
  </SubCatchment>
</Catchment>