<?xml version="1.0" encoding="utf-8"?>
<Catchment xmlns:xsi="http://www.w3.org/2001/XMLSchema-instance" xmlns:xsd="http://www.w3.org/2001/XMLSchema">
  <CatchmentParameters>
    <KSI>0.001</KSI>
    <KGmin>0.05</KGmin>
    <RangeKG>0.1</RangeKG>
    <AG>0.1</AG>
    <PERC>0.84037794772815289</PERC>
    <Alpha>0</Alpha>
    <UZL>59.119207074194271</UZL>
    <K0>0.98999507761131622</K0>
    <K1>0.32158442830940714</K1>
    <K2>0.05165715123301421</K2>
    <MAXBAS>1</MAXBAS>
    <Cet>0.13435063247700929</Cet>
    <PCALT>4.7853599625777425</PCALT>
    <TCALT>0.27372322264766674</TCALT>
    <Pelev>436</Pelev>
    <Telev>436</Telev>
    <PART>0.5</PART>
    <DELAY>1</DELAY>
  </CatchmentParameters>
  <VegetationZone>
    <VegetationZoneParameters>
      <TT>-2.3117610634682668</TT>
      <CFMAX>2.1730647722122534</CFMAX>
      <SP>0</SP>
      <SFCF>0.6779969621860662</SFCF>
      <CFR>0.0987577520150784</CFR>
      <CWH>0.19992915575989007</CWH>
      <CFGlacier>1</CFGlacier>
      <CFSlope>1</CFSlope>
      <FC>2446.61490557402</FC>
      <LP>0.83737985398167225</LP>
      <BETA>2.7522753980651649</BETA>
    </VegetationZoneParameters>
  </VegetationZone>
  <SubCatchment>
    <SubCatchmentParameters>
      <KSI>0.001</KSI>
      <KGmin>0.05</KGmin>
      <RangeKG>0.1</RangeKG>
      <AG>0.1</AG>
      <PERC>0.84037794772815289</PERC>
      <Alpha>0</Alpha>
      <UZL>59.119207074194271</UZL>
      <K0>0.98999507761131622</K0>
      <K1>0.32158442830940714</K1>
      <K2>0.05165715123301421</K2>
      <MAXBAS>1</MAXBAS>
      <Cet>0.13435063247700929</Cet>
      <PCALT>4.7853599625777425</PCALT>
      <TCALT>0.27372322264766674</TCALT>
      <Pelev>436</Pelev>
      <Telev>436</Telev>
      <PART>0.5</PART>
      <DELAY>1</DELAY>
    </SubCatchmentParameters>
    <SubCatchmentVegetationZone>
      <SubCatchmentVegetationZoneParameters>
        <TT>-2.3117610634682668</TT>
        <CFMAX>2.1730647722122534</CFMAX>
        <SP>0</SP>
        <SFCF>0.6779969621860662</SFCF>
        <CFR>0.0987577520150784</CFR>
        <CWH>0.19992915575989007</CWH>
        <CFGlacier>1</CFGlacier>
        <CFSlope>1</CFSlope>
        <FC>2446.61490557402</FC>
        <LP>0.83737985398167225</LP>
        <BETA>2.7522753980651649</BETA>
      </SubCatchmentVegetationZoneParameters>
    </SubCatchmentVegetationZone>
  </SubCatchment>
</Catchment>