<?xml version="1.0" encoding="utf-8"?>
<Catchment xmlns:xsi="http://www.w3.org/2001/XMLSchema-instance" xmlns:xsd="http://www.w3.org/2001/XMLSchema">
  <CatchmentParameters>
    <KSI>0.001</KSI>
    <KGmin>0.05</KGmin>
    <RangeKG>0.1</RangeKG>
    <AG>0.1</AG>
    <PERC>1.0299424583390686</PERC>
    <Alpha>0</Alpha>
    <UZL>50.642077012175882</UZL>
    <K0>0.94166087347094707</K0>
    <K1>0.34058376894057524</K1>
    <K2>0.054061757619012163</K2>
    <MAXBAS>1</MAXBAS>
    <Cet>0.22609440904861941</Cet>
    <PCALT>4.048614571440222</PCALT>
    <TCALT>0.27565596053435759</TCALT>
    <Pelev>436</Pelev>
    <Telev>436</Telev>
    <PART>0.5</PART>
    <DELAY>1</DELAY>
  </CatchmentParameters>
  <VegetationZone>
    <VegetationZoneParameters>
      <TT>-2.0084909331079732</TT>
      <CFMAX>2.6932043109438375</CFMAX>
      <SP>0</SP>
      <SFCF>0.98570688017560171</SFCF>
      <CFR>0.098742397445255967</CFR>
      <CWH>0.19998900100430536</CWH>
      <CFGlacier>1</CFGlacier>
      <CFSlope>1</CFSlope>
      <FC>2170.9708198983649</FC>
      <LP>0.7129549407311897</LP>
      <BETA>1.705537138878195</BETA>
    </VegetationZoneParameters>
  </VegetationZone>
  <SubCatchment>
    <SubCatchmentParameters>
      <KSI>0.001</KSI>
      <KGmin>0.05</KGmin>
      <RangeKG>0.1</RangeKG>
      <AG>0.1</AG>
      <PERC>1.0299424583390686</PERC>
      <Alpha>0</Alpha>
      <UZL>50.642077012175882</UZL>
      <K0>0.94166087347094707</K0>
      <K1>0.34058376894057524</K1>
      <K2>0.054061757619012163</K2>
      <MAXBAS>1</MAXBAS>
      <Cet>0.22609440904861941</Cet>
      <PCALT>4.048614571440222</PCALT>
      <TCALT>0.27565596053435759</TCALT>
      <Pelev>436</Pelev>
      <Telev>436</Telev>
      <PART>0.5</PART>
      <DELAY>1</DELAY>
    </SubCatchmentParameters>
    <SubCatchmentVegetationZone>
      <SubCatchmentVegetationZoneParameters>
        <TT>-2.0084909331079732</TT>
        <CFMAX>2.6932043109438375</CFMAX>
        <SP>0</SP>
        <SFCF>0.98570688017560171</SFCF>
        <CFR>0.098742397445255967</CFR>
        <CWH>0.19998900100430536</CWH>
        <CFGlacier>1</CFGlacier>
        <CFSlope>1</CFSlope>
        <FC>2170.9708198983649</FC>
        <LP>0.7129549407311897</LP>
        <BETA>1.705537138878195</BETA>
      </SubCatchmentVegetationZoneParameters>
    </SubCatchmentVegetationZone>
  </SubCatchment>
</Catchment>