<?xml version="1.0" encoding="utf-8"?>
<Catchment xmlns:xsi="http://www.w3.org/2001/XMLSchema-instance" xmlns:xsd="http://www.w3.org/2001/XMLSchema">
  <CatchmentParameters>
    <KSI>0.001</KSI>
    <KGmin>0.05</KGmin>
    <RangeKG>0.1</RangeKG>
    <AG>0.1</AG>
    <PERC>0.91884485830265383</PERC>
    <Alpha>0</Alpha>
    <UZL>56.92558461108856</UZL>
    <K0>0.98999218102334741</K0>
    <K1>0.33196680405857254</K1>
    <K2>0.052468532042480469</K2>
    <MAXBAS>1</MAXBAS>
    <Cet>0.18215066612193437</Cet>
    <PCALT>3.3569279781347703</PCALT>
    <TCALT>0.24440144518932305</TCALT>
    <Pelev>436</Pelev>
    <Telev>436</Telev>
    <PART>0.5</PART>
    <DELAY>1</DELAY>
  </CatchmentParameters>
  <VegetationZone>
    <VegetationZoneParameters>
      <TT>-2.0312733650372059</TT>
      <CFMAX>3.158051043228483</CFMAX>
      <SP>0</SP>
      <SFCF>1.4369515330728759</SFCF>
      <CFR>0.058319466696836915</CFR>
      <CWH>0.10471257876602898</CWH>
      <CFGlacier>1</CFGlacier>
      <CFSlope>1</CFSlope>
      <FC>2102.5316792713497</FC>
      <LP>0.79266622782953766</LP>
      <BETA>2.0341742769833053</BETA>
    </VegetationZoneParameters>
  </VegetationZone>
  <SubCatchment>
    <SubCatchmentParameters>
      <KSI>0.001</KSI>
      <KGmin>0.05</KGmin>
      <RangeKG>0.1</RangeKG>
      <AG>0.1</AG>
      <PERC>0.91884485830265383</PERC>
      <Alpha>0</Alpha>
      <UZL>56.92558461108856</UZL>
      <K0>0.98999218102334741</K0>
      <K1>0.33196680405857254</K1>
      <K2>0.052468532042480469</K2>
      <MAXBAS>1</MAXBAS>
      <Cet>0.18215066612193437</Cet>
      <PCALT>3.3569279781347703</PCALT>
      <TCALT>0.24440144518932305</TCALT>
      <Pelev>436</Pelev>
      <Telev>436</Telev>
      <PART>0.5</PART>
      <DELAY>1</DELAY>
    </SubCatchmentParameters>
    <SubCatchmentVegetationZone>
      <SubCatchmentVegetationZoneParameters>
        <TT>-2.0312733650372059</TT>
        <CFMAX>3.158051043228483</CFMAX>
        <SP>0</SP>
        <SFCF>1.4369515330728759</SFCF>
        <CFR>0.058319466696836915</CFR>
        <CWH>0.10471257876602898</CWH>
        <CFGlacier>1</CFGlacier>
        <CFSlope>1</CFSlope>
        <FC>2102.5316792713497</FC>
        <LP>0.79266622782953766</LP>
        <BETA>2.0341742769833053</BETA>
      </SubCatchmentVegetationZoneParameters>
    </SubCatchmentVegetationZone>
  </SubCatchment>
</Catchment>