<?xml version="1.0" encoding="utf-8"?>
<Catchment xmlns:xsi="http://www.w3.org/2001/XMLSchema-instance" xmlns:xsd="http://www.w3.org/2001/XMLSchema">
  <CatchmentParameters>
    <KSI>0.001</KSI>
    <KGmin>0.05</KGmin>
    <RangeKG>0.1</RangeKG>
    <AG>0.1</AG>
    <PERC>1.0827462167265936</PERC>
    <Alpha>0</Alpha>
    <UZL>52.260090982975953</UZL>
    <K0>0.98988368261981108</K0>
    <K1>0.3286822804300556</K1>
    <K2>0.054622451965888566</K2>
    <MAXBAS>1</MAXBAS>
    <Cet>0.0929454192642824</Cet>
    <PCALT>1.7500298889209152</PCALT>
    <TCALT>0.17769536165928729</TCALT>
    <Pelev>436</Pelev>
    <Telev>436</Telev>
    <PART>0.5</PART>
    <DELAY>1</DELAY>
  </CatchmentParameters>
  <VegetationZone>
    <VegetationZoneParameters>
      <TT>-1.5134883726577004</TT>
      <CFMAX>4.1328102456214086</CFMAX>
      <SP>0</SP>
      <SFCF>1.1950322082814833</SFCF>
      <CFR>0.070981076000545013</CFR>
      <CWH>0.12761058166574116</CWH>
      <CFGlacier>1</CFGlacier>
      <CFSlope>1</CFSlope>
      <FC>1871.5869576142629</FC>
      <LP>0.78967214554160692</LP>
      <BETA>1.8644913340759857</BETA>
    </VegetationZoneParameters>
  </VegetationZone>
  <SubCatchment>
    <SubCatchmentParameters>
      <KSI>0.001</KSI>
      <KGmin>0.05</KGmin>
      <RangeKG>0.1</RangeKG>
      <AG>0.1</AG>
      <PERC>1.0827462167265936</PERC>
      <Alpha>0</Alpha>
      <UZL>52.260090982975953</UZL>
      <K0>0.98988368261981108</K0>
      <K1>0.3286822804300556</K1>
      <K2>0.054622451965888566</K2>
      <MAXBAS>1</MAXBAS>
      <Cet>0.0929454192642824</Cet>
      <PCALT>1.7500298889209152</PCALT>
      <TCALT>0.17769536165928729</TCALT>
      <Pelev>436</Pelev>
      <Telev>436</Telev>
      <PART>0.5</PART>
      <DELAY>1</DELAY>
    </SubCatchmentParameters>
    <SubCatchmentVegetationZone>
      <SubCatchmentVegetationZoneParameters>
        <TT>-1.5134883726577004</TT>
        <CFMAX>4.1328102456214086</CFMAX>
        <SP>0</SP>
        <SFCF>1.1950322082814833</SFCF>
        <CFR>0.070981076000545013</CFR>
        <CWH>0.12761058166574116</CWH>
        <CFGlacier>1</CFGlacier>
        <CFSlope>1</CFSlope>
        <FC>1871.5869576142629</FC>
        <LP>0.78967214554160692</LP>
        <BETA>1.8644913340759857</BETA>
      </SubCatchmentVegetationZoneParameters>
    </SubCatchmentVegetationZone>
  </SubCatchment>
</Catchment>