<?xml version="1.0" encoding="utf-8"?>
<Catchment xmlns:xsi="http://www.w3.org/2001/XMLSchema-instance" xmlns:xsd="http://www.w3.org/2001/XMLSchema">
  <CatchmentParameters>
    <KSI>0.001</KSI>
    <KGmin>0.05</KGmin>
    <RangeKG>0.1</RangeKG>
    <AG>0.1</AG>
    <PERC>0.95616101452899849</PERC>
    <Alpha>0</Alpha>
    <UZL>51.410420351198589</UZL>
    <K0>0.93430771016178271</K0>
    <K1>0.34429497190830904</K1>
    <K2>0.052879077243691112</K2>
    <MAXBAS>1</MAXBAS>
    <Cet>0.10139483279539951</Cet>
    <PCALT>4.0756047148767562</PCALT>
    <TCALT>0.23567916340643841</TCALT>
    <Pelev>436</Pelev>
    <Telev>436</Telev>
    <PART>0.5</PART>
    <DELAY>1</DELAY>
  </CatchmentParameters>
  <VegetationZone>
    <VegetationZoneParameters>
      <TT>-1.8998670996627567</TT>
      <CFMAX>2.9108776275582673</CFMAX>
      <SP>0</SP>
      <SFCF>1.2831371335941604</SFCF>
      <CFR>0.099844113714827071</CFR>
      <CWH>0.19986354363812917</CWH>
      <CFGlacier>1</CFGlacier>
      <CFSlope>1</CFSlope>
      <FC>2072.6546576965134</FC>
      <LP>0.64290701582802889</LP>
      <BETA>1.7652993838020232</BETA>
    </VegetationZoneParameters>
  </VegetationZone>
  <SubCatchment>
    <SubCatchmentParameters>
      <KSI>0.001</KSI>
      <KGmin>0.05</KGmin>
      <RangeKG>0.1</RangeKG>
      <AG>0.1</AG>
      <PERC>0.95616101452899849</PERC>
      <Alpha>0</Alpha>
      <UZL>51.410420351198589</UZL>
      <K0>0.93430771016178271</K0>
      <K1>0.34429497190830904</K1>
      <K2>0.052879077243691112</K2>
      <MAXBAS>1</MAXBAS>
      <Cet>0.10139483279539951</Cet>
      <PCALT>4.0756047148767562</PCALT>
      <TCALT>0.23567916340643841</TCALT>
      <Pelev>436</Pelev>
      <Telev>436</Telev>
      <PART>0.5</PART>
      <DELAY>1</DELAY>
    </SubCatchmentParameters>
    <SubCatchmentVegetationZone>
      <SubCatchmentVegetationZoneParameters>
        <TT>-1.8998670996627567</TT>
        <CFMAX>2.9108776275582673</CFMAX>
        <SP>0</SP>
        <SFCF>1.2831371335941604</SFCF>
        <CFR>0.099844113714827071</CFR>
        <CWH>0.19986354363812917</CWH>
        <CFGlacier>1</CFGlacier>
        <CFSlope>1</CFSlope>
        <FC>2072.6546576965134</FC>
        <LP>0.64290701582802889</LP>
        <BETA>1.7652993838020232</BETA>
      </SubCatchmentVegetationZoneParameters>
    </SubCatchmentVegetationZone>
  </SubCatchment>
</Catchment>