<?xml version="1.0" encoding="utf-8"?>
<Catchment xmlns:xsi="http://www.w3.org/2001/XMLSchema-instance" xmlns:xsd="http://www.w3.org/2001/XMLSchema">
  <CatchmentParameters>
    <KSI>0.001</KSI>
    <KGmin>0.05</KGmin>
    <RangeKG>0.1</RangeKG>
    <AG>0.1</AG>
    <PERC>0.76301906077102177</PERC>
    <Alpha>0</Alpha>
    <UZL>52.731683839515291</UZL>
    <K0>0.97751904590963867</K0>
    <K1>0.325833327145579</K1>
    <K2>0.049511263766679491</K2>
    <MAXBAS>1</MAXBAS>
    <Cet>0.29003014141137495</Cet>
    <PCALT>2.6877924541276417</PCALT>
    <TCALT>0.24945378770863239</TCALT>
    <Pelev>436</Pelev>
    <Telev>436</Telev>
    <PART>0.5</PART>
    <DELAY>1</DELAY>
  </CatchmentParameters>
  <VegetationZone>
    <VegetationZoneParameters>
      <TT>-2.0143730494108896</TT>
      <CFMAX>2.0020418102588429</CFMAX>
      <SP>0</SP>
      <SFCF>1.0292501634586719</SFCF>
      <CFR>0.035453199407090644</CFR>
      <CWH>0.19978846729880276</CWH>
      <CFGlacier>1</CFGlacier>
      <CFSlope>1</CFSlope>
      <FC>1809.0958247188587</FC>
      <LP>0.6842488583702736</LP>
      <BETA>1.4857133657197319</BETA>
    </VegetationZoneParameters>
  </VegetationZone>
  <SubCatchment>
    <SubCatchmentParameters>
      <KSI>0.001</KSI>
      <KGmin>0.05</KGmin>
      <RangeKG>0.1</RangeKG>
      <AG>0.1</AG>
      <PERC>0.76301906077102177</PERC>
      <Alpha>0</Alpha>
      <UZL>52.731683839515291</UZL>
      <K0>0.97751904590963867</K0>
      <K1>0.325833327145579</K1>
      <K2>0.049511263766679491</K2>
      <MAXBAS>1</MAXBAS>
      <Cet>0.29003014141137495</Cet>
      <PCALT>2.6877924541276417</PCALT>
      <TCALT>0.24945378770863239</TCALT>
      <Pelev>436</Pelev>
      <Telev>436</Telev>
      <PART>0.5</PART>
      <DELAY>1</DELAY>
    </SubCatchmentParameters>
    <SubCatchmentVegetationZone>
      <SubCatchmentVegetationZoneParameters>
        <TT>-2.0143730494108896</TT>
        <CFMAX>2.0020418102588429</CFMAX>
        <SP>0</SP>
        <SFCF>1.0292501634586719</SFCF>
        <CFR>0.035453199407090644</CFR>
        <CWH>0.19978846729880276</CWH>
        <CFGlacier>1</CFGlacier>
        <CFSlope>1</CFSlope>
        <FC>1809.0958247188587</FC>
        <LP>0.6842488583702736</LP>
        <BETA>1.4857133657197319</BETA>
      </SubCatchmentVegetationZoneParameters>
    </SubCatchmentVegetationZone>
  </SubCatchment>
</Catchment>