<?xml version="1.0" encoding="utf-8"?>
<Catchment xmlns:xsi="http://www.w3.org/2001/XMLSchema-instance" xmlns:xsd="http://www.w3.org/2001/XMLSchema">
  <CatchmentParameters>
    <KSI>0.001</KSI>
    <KGmin>0.05</KGmin>
    <RangeKG>0.1</RangeKG>
    <AG>0.1</AG>
    <PERC>0.95300066666076189</PERC>
    <Alpha>0</Alpha>
    <UZL>53.399824823876628</UZL>
    <K0>0.98999512678282631</K0>
    <K1>0.32250537710319754</K1>
    <K2>0.051480367481447957</K2>
    <MAXBAS>1</MAXBAS>
    <Cet>0.13799866431606633</Cet>
    <PCALT>1.0558013275138054</PCALT>
    <TCALT>0.20019766478603698</TCALT>
    <Pelev>436</Pelev>
    <Telev>436</Telev>
    <PART>0.5</PART>
    <DELAY>1</DELAY>
  </CatchmentParameters>
  <VegetationZone>
    <VegetationZoneParameters>
      <TT>-2.023422885107943</TT>
      <CFMAX>2.5326893869299592</CFMAX>
      <SP>0</SP>
      <SFCF>1.0895670964192976</SFCF>
      <CFR>0.0999857500756511</CFR>
      <CWH>0.19996240837806184</CWH>
      <CFGlacier>1</CFGlacier>
      <CFSlope>1</CFSlope>
      <FC>1461.1311115041667</FC>
      <LP>0.52711265056439383</LP>
      <BETA>1.1682562798574623</BETA>
    </VegetationZoneParameters>
  </VegetationZone>
  <SubCatchment>
    <SubCatchmentParameters>
      <KSI>0.001</KSI>
      <KGmin>0.05</KGmin>
      <RangeKG>0.1</RangeKG>
      <AG>0.1</AG>
      <PERC>0.95300066666076189</PERC>
      <Alpha>0</Alpha>
      <UZL>53.399824823876628</UZL>
      <K0>0.98999512678282631</K0>
      <K1>0.32250537710319754</K1>
      <K2>0.051480367481447957</K2>
      <MAXBAS>1</MAXBAS>
      <Cet>0.13799866431606633</Cet>
      <PCALT>1.0558013275138054</PCALT>
      <TCALT>0.20019766478603698</TCALT>
      <Pelev>436</Pelev>
      <Telev>436</Telev>
      <PART>0.5</PART>
      <DELAY>1</DELAY>
    </SubCatchmentParameters>
    <SubCatchmentVegetationZone>
      <SubCatchmentVegetationZoneParameters>
        <TT>-2.023422885107943</TT>
        <CFMAX>2.5326893869299592</CFMAX>
        <SP>0</SP>
        <SFCF>1.0895670964192976</SFCF>
        <CFR>0.0999857500756511</CFR>
        <CWH>0.19996240837806184</CWH>
        <CFGlacier>1</CFGlacier>
        <CFSlope>1</CFSlope>
        <FC>1461.1311115041667</FC>
        <LP>0.52711265056439383</LP>
        <BETA>1.1682562798574623</BETA>
      </SubCatchmentVegetationZoneParameters>
    </SubCatchmentVegetationZone>
  </SubCatchment>
</Catchment>