<?xml version="1.0" encoding="utf-8"?>
<Catchment xmlns:xsi="http://www.w3.org/2001/XMLSchema-instance" xmlns:xsd="http://www.w3.org/2001/XMLSchema">
  <CatchmentParameters>
    <KSI>0.001</KSI>
    <KGmin>0.05</KGmin>
    <RangeKG>0.1</RangeKG>
    <AG>0.1</AG>
    <PERC>0.98774448744887333</PERC>
    <Alpha>0</Alpha>
    <UZL>52.168211958185786</UZL>
    <K0>0.93781051151031347</K0>
    <K1>0.33356404958781383</K1>
    <K2>0.052719240706870854</K2>
    <MAXBAS>1</MAXBAS>
    <Cet>0.20366309102935698</Cet>
    <PCALT>2.232145440543146</PCALT>
    <TCALT>0.27790332697070896</TCALT>
    <Pelev>436</Pelev>
    <Telev>436</Telev>
    <PART>0.5</PART>
    <DELAY>1</DELAY>
  </CatchmentParameters>
  <VegetationZone>
    <VegetationZoneParameters>
      <TT>-2.0593884399635316</TT>
      <CFMAX>2.5405677905782107</CFMAX>
      <SP>0</SP>
      <SFCF>0.98410461136921767</SFCF>
      <CFR>0.099293720683024556</CFR>
      <CWH>0.19995929303416929</CWH>
      <CFGlacier>1</CFGlacier>
      <CFSlope>1</CFSlope>
      <FC>1756.222712180662</FC>
      <LP>0.74631796093915048</LP>
      <BETA>1.6616699637064325</BETA>
    </VegetationZoneParameters>
  </VegetationZone>
  <SubCatchment>
    <SubCatchmentParameters>
      <KSI>0.001</KSI>
      <KGmin>0.05</KGmin>
      <RangeKG>0.1</RangeKG>
      <AG>0.1</AG>
      <PERC>0.98774448744887333</PERC>
      <Alpha>0</Alpha>
      <UZL>52.168211958185786</UZL>
      <K0>0.93781051151031347</K0>
      <K1>0.33356404958781383</K1>
      <K2>0.052719240706870854</K2>
      <MAXBAS>1</MAXBAS>
      <Cet>0.20366309102935698</Cet>
      <PCALT>2.232145440543146</PCALT>
      <TCALT>0.27790332697070896</TCALT>
      <Pelev>436</Pelev>
      <Telev>436</Telev>
      <PART>0.5</PART>
      <DELAY>1</DELAY>
    </SubCatchmentParameters>
    <SubCatchmentVegetationZone>
      <SubCatchmentVegetationZoneParameters>
        <TT>-2.0593884399635316</TT>
        <CFMAX>2.5405677905782107</CFMAX>
        <SP>0</SP>
        <SFCF>0.98410461136921767</SFCF>
        <CFR>0.099293720683024556</CFR>
        <CWH>0.19995929303416929</CWH>
        <CFGlacier>1</CFGlacier>
        <CFSlope>1</CFSlope>
        <FC>1756.222712180662</FC>
        <LP>0.74631796093915048</LP>
        <BETA>1.6616699637064325</BETA>
      </SubCatchmentVegetationZoneParameters>
    </SubCatchmentVegetationZone>
  </SubCatchment>
</Catchment>