<?xml version="1.0" encoding="utf-8"?>
<Catchment xmlns:xsi="http://www.w3.org/2001/XMLSchema-instance" xmlns:xsd="http://www.w3.org/2001/XMLSchema">
  <CatchmentParameters>
    <KSI>0.001</KSI>
    <KGmin>0.05</KGmin>
    <RangeKG>0.1</RangeKG>
    <AG>0.1</AG>
    <PERC>0.93126799554317652</PERC>
    <Alpha>0</Alpha>
    <UZL>51.8882577547924</UZL>
    <K0>0.98995530470721527</K0>
    <K1>0.32146020247785695</K1>
    <K2>0.051696464663864489</K2>
    <MAXBAS>1</MAXBAS>
    <Cet>0.21976307553680577</Cet>
    <PCALT>1.5241709232572021</PCALT>
    <TCALT>0.26976190330025579</TCALT>
    <Pelev>436</Pelev>
    <Telev>436</Telev>
    <PART>0.5</PART>
    <DELAY>1</DELAY>
  </CatchmentParameters>
  <VegetationZone>
    <VegetationZoneParameters>
      <TT>-1.9890108068804331</TT>
      <CFMAX>2.4070081709393785</CFMAX>
      <SP>0</SP>
      <SFCF>0.98099793407152758</SFCF>
      <CFR>0.099989645109115025</CFR>
      <CWH>0.19996334098679328</CWH>
      <CFGlacier>1</CFGlacier>
      <CFSlope>1</CFSlope>
      <FC>1594.0008259542308</FC>
      <LP>0.6125493291709132</LP>
      <BETA>1.2558781968502295</BETA>
    </VegetationZoneParameters>
  </VegetationZone>
  <SubCatchment>
    <SubCatchmentParameters>
      <KSI>0.001</KSI>
      <KGmin>0.05</KGmin>
      <RangeKG>0.1</RangeKG>
      <AG>0.1</AG>
      <PERC>0.93126799554317652</PERC>
      <Alpha>0</Alpha>
      <UZL>51.8882577547924</UZL>
      <K0>0.98995530470721527</K0>
      <K1>0.32146020247785695</K1>
      <K2>0.051696464663864489</K2>
      <MAXBAS>1</MAXBAS>
      <Cet>0.21976307553680577</Cet>
      <PCALT>1.5241709232572021</PCALT>
      <TCALT>0.26976190330025579</TCALT>
      <Pelev>436</Pelev>
      <Telev>436</Telev>
      <PART>0.5</PART>
      <DELAY>1</DELAY>
    </SubCatchmentParameters>
    <SubCatchmentVegetationZone>
      <SubCatchmentVegetationZoneParameters>
        <TT>-1.9890108068804331</TT>
        <CFMAX>2.4070081709393785</CFMAX>
        <SP>0</SP>
        <SFCF>0.98099793407152758</SFCF>
        <CFR>0.099989645109115025</CFR>
        <CWH>0.19996334098679328</CWH>
        <CFGlacier>1</CFGlacier>
        <CFSlope>1</CFSlope>
        <FC>1594.0008259542308</FC>
        <LP>0.6125493291709132</LP>
        <BETA>1.2558781968502295</BETA>
      </SubCatchmentVegetationZoneParameters>
    </SubCatchmentVegetationZone>
  </SubCatchment>
</Catchment>