<?xml version="1.0" encoding="utf-8"?>
<Catchment xmlns:xsi="http://www.w3.org/2001/XMLSchema-instance" xmlns:xsd="http://www.w3.org/2001/XMLSchema">
  <CatchmentParameters>
    <KSI>0.001</KSI>
    <KGmin>0.05</KGmin>
    <RangeKG>0.1</RangeKG>
    <AG>0.1</AG>
    <PERC>0.8732885319980439</PERC>
    <Alpha>0</Alpha>
    <UZL>53.514603890289095</UZL>
    <K0>0.94619576802471639</K0>
    <K1>0.3255545405356805</K1>
    <K2>0.05135956646453467</K2>
    <MAXBAS>1</MAXBAS>
    <Cet>0.15657787687776803</Cet>
    <PCALT>2.7656228300170089</PCALT>
    <TCALT>0.23608185422666542</TCALT>
    <Pelev>436</Pelev>
    <Telev>436</Telev>
    <PART>0.5</PART>
    <DELAY>1</DELAY>
  </CatchmentParameters>
  <VegetationZone>
    <VegetationZoneParameters>
      <TT>-1.8930943746383775</TT>
      <CFMAX>2.9398310677851742</CFMAX>
      <SP>0</SP>
      <SFCF>1.0871481073335083</SFCF>
      <CFR>0.043167359282608488</CFR>
      <CWH>0.12046159076489529</CWH>
      <CFGlacier>1</CFGlacier>
      <CFSlope>1</CFSlope>
      <FC>1806.6575496217508</FC>
      <LP>0.72377370256958651</LP>
      <BETA>1.7649529908591628</BETA>
    </VegetationZoneParameters>
  </VegetationZone>
  <SubCatchment>
    <SubCatchmentParameters>
      <KSI>0.001</KSI>
      <KGmin>0.05</KGmin>
      <RangeKG>0.1</RangeKG>
      <AG>0.1</AG>
      <PERC>0.8732885319980439</PERC>
      <Alpha>0</Alpha>
      <UZL>53.514603890289095</UZL>
      <K0>0.94619576802471639</K0>
      <K1>0.3255545405356805</K1>
      <K2>0.05135956646453467</K2>
      <MAXBAS>1</MAXBAS>
      <Cet>0.15657787687776803</Cet>
      <PCALT>2.7656228300170089</PCALT>
      <TCALT>0.23608185422666542</TCALT>
      <Pelev>436</Pelev>
      <Telev>436</Telev>
      <PART>0.5</PART>
      <DELAY>1</DELAY>
    </SubCatchmentParameters>
    <SubCatchmentVegetationZone>
      <SubCatchmentVegetationZoneParameters>
        <TT>-1.8930943746383775</TT>
        <CFMAX>2.9398310677851742</CFMAX>
        <SP>0</SP>
        <SFCF>1.0871481073335083</SFCF>
        <CFR>0.043167359282608488</CFR>
        <CWH>0.12046159076489529</CWH>
        <CFGlacier>1</CFGlacier>
        <CFSlope>1</CFSlope>
        <FC>1806.6575496217508</FC>
        <LP>0.72377370256958651</LP>
        <BETA>1.7649529908591628</BETA>
      </SubCatchmentVegetationZoneParameters>
    </SubCatchmentVegetationZone>
  </SubCatchment>
</Catchment>