<?xml version="1.0" encoding="utf-8"?>
<Catchment xmlns:xsi="http://www.w3.org/2001/XMLSchema-instance" xmlns:xsd="http://www.w3.org/2001/XMLSchema">
  <CatchmentParameters>
    <KSI>0.001</KSI>
    <KGmin>0.05</KGmin>
    <RangeKG>0.1</RangeKG>
    <AG>0.1</AG>
    <PERC>1.4821551534113047</PERC>
    <Alpha>0</Alpha>
    <UZL>51.248947431103979</UZL>
    <K0>0.9899745536909601</K0>
    <K1>0.3375564168118978</K1>
    <K2>0.058526677672590018</K2>
    <MAXBAS>1</MAXBAS>
    <Cet>0.083158087204747377</Cet>
    <PCALT>2.9014930405370243</PCALT>
    <TCALT>0.2260730359617516</TCALT>
    <Pelev>436</Pelev>
    <Telev>436</Telev>
    <PART>0.5</PART>
    <DELAY>1</DELAY>
  </CatchmentParameters>
  <VegetationZone>
    <VegetationZoneParameters>
      <TT>-1.9623252356275374</TT>
      <CFMAX>1.9682218837406227</CFMAX>
      <SP>0</SP>
      <SFCF>0.69982690803732772</SFCF>
      <CFR>0.063610622549206547</CFR>
      <CWH>0.19992939107149294</CWH>
      <CFGlacier>1</CFGlacier>
      <CFSlope>1</CFSlope>
      <FC>1825.4710358472112</FC>
      <LP>0.65674333050899358</LP>
      <BETA>1.6508333682853722</BETA>
    </VegetationZoneParameters>
  </VegetationZone>
  <SubCatchment>
    <SubCatchmentParameters>
      <KSI>0.001</KSI>
      <KGmin>0.05</KGmin>
      <RangeKG>0.1</RangeKG>
      <AG>0.1</AG>
      <PERC>1.4821551534113047</PERC>
      <Alpha>0</Alpha>
      <UZL>51.248947431103979</UZL>
      <K0>0.9899745536909601</K0>
      <K1>0.3375564168118978</K1>
      <K2>0.058526677672590018</K2>
      <MAXBAS>1</MAXBAS>
      <Cet>0.083158087204747377</Cet>
      <PCALT>2.9014930405370243</PCALT>
      <TCALT>0.2260730359617516</TCALT>
      <Pelev>436</Pelev>
      <Telev>436</Telev>
      <PART>0.5</PART>
      <DELAY>1</DELAY>
    </SubCatchmentParameters>
    <SubCatchmentVegetationZone>
      <SubCatchmentVegetationZoneParameters>
        <TT>-1.9623252356275374</TT>
        <CFMAX>1.9682218837406227</CFMAX>
        <SP>0</SP>
        <SFCF>0.69982690803732772</SFCF>
        <CFR>0.063610622549206547</CFR>
        <CWH>0.19992939107149294</CWH>
        <CFGlacier>1</CFGlacier>
        <CFSlope>1</CFSlope>
        <FC>1825.4710358472112</FC>
        <LP>0.65674333050899358</LP>
        <BETA>1.6508333682853722</BETA>
      </SubCatchmentVegetationZoneParameters>
    </SubCatchmentVegetationZone>
  </SubCatchment>
</Catchment>