<?xml version="1.0" encoding="utf-8"?>
<Catchment xmlns:xsi="http://www.w3.org/2001/XMLSchema-instance" xmlns:xsd="http://www.w3.org/2001/XMLSchema">
  <CatchmentParameters>
    <KSI>0.001</KSI>
    <KGmin>0.05</KGmin>
    <RangeKG>0.1</RangeKG>
    <AG>0.1</AG>
    <PERC>0.8062866809572895</PERC>
    <Alpha>0</Alpha>
    <UZL>52.274942965571135</UZL>
    <K0>0.93173201663378924</K0>
    <K1>0.32759421069436589</K1>
    <K2>0.051755138568465059</K2>
    <MAXBAS>1</MAXBAS>
    <Cet>0.24545042459589642</Cet>
    <PCALT>6.2308511506163224</PCALT>
    <TCALT>0.25595460272912529</TCALT>
    <Pelev>436</Pelev>
    <Telev>436</Telev>
    <PART>0.5</PART>
    <DELAY>1</DELAY>
  </CatchmentParameters>
  <VegetationZone>
    <VegetationZoneParameters>
      <TT>-1.959349300602955</TT>
      <CFMAX>2.2789611762830284</CFMAX>
      <SP>0</SP>
      <SFCF>0.7642518397813</SFCF>
      <CFR>0.057370340389095581</CFR>
      <CWH>0.12680489769905326</CWH>
      <CFGlacier>1</CFGlacier>
      <CFSlope>1</CFSlope>
      <FC>2391.4941070058303</FC>
      <LP>0.60093104987492918</LP>
      <BETA>1.6397767632531983</BETA>
    </VegetationZoneParameters>
  </VegetationZone>
  <SubCatchment>
    <SubCatchmentParameters>
      <KSI>0.001</KSI>
      <KGmin>0.05</KGmin>
      <RangeKG>0.1</RangeKG>
      <AG>0.1</AG>
      <PERC>0.8062866809572895</PERC>
      <Alpha>0</Alpha>
      <UZL>52.274942965571135</UZL>
      <K0>0.93173201663378924</K0>
      <K1>0.32759421069436589</K1>
      <K2>0.051755138568465059</K2>
      <MAXBAS>1</MAXBAS>
      <Cet>0.24545042459589642</Cet>
      <PCALT>6.2308511506163224</PCALT>
      <TCALT>0.25595460272912529</TCALT>
      <Pelev>436</Pelev>
      <Telev>436</Telev>
      <PART>0.5</PART>
      <DELAY>1</DELAY>
    </SubCatchmentParameters>
    <SubCatchmentVegetationZone>
      <SubCatchmentVegetationZoneParameters>
        <TT>-1.959349300602955</TT>
        <CFMAX>2.2789611762830284</CFMAX>
        <SP>0</SP>
        <SFCF>0.7642518397813</SFCF>
        <CFR>0.057370340389095581</CFR>
        <CWH>0.12680489769905326</CWH>
        <CFGlacier>1</CFGlacier>
        <CFSlope>1</CFSlope>
        <FC>2391.4941070058303</FC>
        <LP>0.60093104987492918</LP>
        <BETA>1.6397767632531983</BETA>
      </SubCatchmentVegetationZoneParameters>
    </SubCatchmentVegetationZone>
  </SubCatchment>
</Catchment>