<?xml version="1.0" encoding="utf-8"?>
<Catchment xmlns:xsi="http://www.w3.org/2001/XMLSchema-instance" xmlns:xsd="http://www.w3.org/2001/XMLSchema">
  <CatchmentParameters>
    <KSI>0.001</KSI>
    <KGmin>0.05</KGmin>
    <RangeKG>0.1</RangeKG>
    <AG>0.1</AG>
    <PERC>1.0206252749305955</PERC>
    <Alpha>0</Alpha>
    <UZL>52.140296009920355</UZL>
    <K0>0.97299660663289322</K0>
    <K1>0.32549982029981506</K1>
    <K2>0.053036984559321425</K2>
    <MAXBAS>1</MAXBAS>
    <Cet>0.16129990987225978</Cet>
    <PCALT>1.4956036687697514</PCALT>
    <TCALT>0.21220743870933662</TCALT>
    <Pelev>436</Pelev>
    <Telev>436</Telev>
    <PART>0.5</PART>
    <DELAY>1</DELAY>
  </CatchmentParameters>
  <VegetationZone>
    <VegetationZoneParameters>
      <TT>-1.7429808460589811</TT>
      <CFMAX>2.8079653696025191</CFMAX>
      <SP>0</SP>
      <SFCF>0.71195164951818057</SFCF>
      <CFR>0.084967224539918</CFR>
      <CWH>0.19312531400097455</CWH>
      <CFGlacier>1</CFGlacier>
      <CFSlope>1</CFSlope>
      <FC>1597.8138714135719</FC>
      <LP>0.73022535076253081</LP>
      <BETA>1.55755347262291</BETA>
    </VegetationZoneParameters>
  </VegetationZone>
  <SubCatchment>
    <SubCatchmentParameters>
      <KSI>0.001</KSI>
      <KGmin>0.05</KGmin>
      <RangeKG>0.1</RangeKG>
      <AG>0.1</AG>
      <PERC>1.0206252749305955</PERC>
      <Alpha>0</Alpha>
      <UZL>52.140296009920355</UZL>
      <K0>0.97299660663289322</K0>
      <K1>0.32549982029981506</K1>
      <K2>0.053036984559321425</K2>
      <MAXBAS>1</MAXBAS>
      <Cet>0.16129990987225978</Cet>
      <PCALT>1.4956036687697514</PCALT>
      <TCALT>0.21220743870933662</TCALT>
      <Pelev>436</Pelev>
      <Telev>436</Telev>
      <PART>0.5</PART>
      <DELAY>1</DELAY>
    </SubCatchmentParameters>
    <SubCatchmentVegetationZone>
      <SubCatchmentVegetationZoneParameters>
        <TT>-1.7429808460589811</TT>
        <CFMAX>2.8079653696025191</CFMAX>
        <SP>0</SP>
        <SFCF>0.71195164951818057</SFCF>
        <CFR>0.084967224539918</CFR>
        <CWH>0.19312531400097455</CWH>
        <CFGlacier>1</CFGlacier>
        <CFSlope>1</CFSlope>
        <FC>1597.8138714135719</FC>
        <LP>0.73022535076253081</LP>
        <BETA>1.55755347262291</BETA>
      </SubCatchmentVegetationZoneParameters>
    </SubCatchmentVegetationZone>
  </SubCatchment>
</Catchment>