<?xml version="1.0" encoding="utf-8"?>
<Catchment xmlns:xsi="http://www.w3.org/2001/XMLSchema-instance" xmlns:xsd="http://www.w3.org/2001/XMLSchema">
  <CatchmentParameters>
    <KSI>0.001</KSI>
    <KGmin>0.05</KGmin>
    <RangeKG>0.1</RangeKG>
    <AG>0.1</AG>
    <PERC>1.120213257533214</PERC>
    <Alpha>0</Alpha>
    <UZL>49.566701021163624</UZL>
    <K0>0.974004898172163</K0>
    <K1>0.33713955234038107</K1>
    <K2>0.056188587205787136</K2>
    <MAXBAS>1</MAXBAS>
    <Cet>0.20225574486299391</Cet>
    <PCALT>2.0423167796291151</PCALT>
    <TCALT>0.31964460177749954</TCALT>
    <Pelev>436</Pelev>
    <Telev>436</Telev>
    <PART>0.5</PART>
    <DELAY>1</DELAY>
  </CatchmentParameters>
  <VegetationZone>
    <VegetationZoneParameters>
      <TT>-2.2354734193166617</TT>
      <CFMAX>2.2914282778677673</CFMAX>
      <SP>0</SP>
      <SFCF>0.96053134615819191</SFCF>
      <CFR>0.049033267244976843</CFR>
      <CWH>0.1361801323792507</CWH>
      <CFGlacier>1</CFGlacier>
      <CFSlope>1</CFSlope>
      <FC>1904.761061285059</FC>
      <LP>0.77045928748962766</LP>
      <BETA>1.5908243299462064</BETA>
    </VegetationZoneParameters>
  </VegetationZone>
  <SubCatchment>
    <SubCatchmentParameters>
      <KSI>0.001</KSI>
      <KGmin>0.05</KGmin>
      <RangeKG>0.1</RangeKG>
      <AG>0.1</AG>
      <PERC>1.120213257533214</PERC>
      <Alpha>0</Alpha>
      <UZL>49.566701021163624</UZL>
      <K0>0.974004898172163</K0>
      <K1>0.33713955234038107</K1>
      <K2>0.056188587205787136</K2>
      <MAXBAS>1</MAXBAS>
      <Cet>0.20225574486299391</Cet>
      <PCALT>2.0423167796291151</PCALT>
      <TCALT>0.31964460177749954</TCALT>
      <Pelev>436</Pelev>
      <Telev>436</Telev>
      <PART>0.5</PART>
      <DELAY>1</DELAY>
    </SubCatchmentParameters>
    <SubCatchmentVegetationZone>
      <SubCatchmentVegetationZoneParameters>
        <TT>-2.2354734193166617</TT>
        <CFMAX>2.2914282778677673</CFMAX>
        <SP>0</SP>
        <SFCF>0.96053134615819191</SFCF>
        <CFR>0.049033267244976843</CFR>
        <CWH>0.1361801323792507</CWH>
        <CFGlacier>1</CFGlacier>
        <CFSlope>1</CFSlope>
        <FC>1904.761061285059</FC>
        <LP>0.77045928748962766</LP>
        <BETA>1.5908243299462064</BETA>
      </SubCatchmentVegetationZoneParameters>
    </SubCatchmentVegetationZone>
  </SubCatchment>
</Catchment>