<?xml version="1.0" encoding="utf-8"?>
<Catchment xmlns:xsi="http://www.w3.org/2001/XMLSchema-instance" xmlns:xsd="http://www.w3.org/2001/XMLSchema">
  <CatchmentParameters>
    <KSI>0.001</KSI>
    <KGmin>0.05</KGmin>
    <RangeKG>0.1</RangeKG>
    <AG>0.1</AG>
    <PERC>1.0284919645617365</PERC>
    <Alpha>0</Alpha>
    <UZL>52.815953022391781</UZL>
    <K0>0.98991029720614043</K0>
    <K1>0.3231092373394796</K1>
    <K2>0.0566828306007162</K2>
    <MAXBAS>1</MAXBAS>
    <Cet>0.11824502654514377</Cet>
    <PCALT>1.8994435533753813</PCALT>
    <TCALT>0.33983955546393191</TCALT>
    <Pelev>436</Pelev>
    <Telev>436</Telev>
    <PART>0.5</PART>
    <DELAY>1</DELAY>
  </CatchmentParameters>
  <VegetationZone>
    <VegetationZoneParameters>
      <TT>-2.3238900812583019</TT>
      <CFMAX>2.3270893989527082</CFMAX>
      <SP>0</SP>
      <SFCF>0.98238822878165033</SFCF>
      <CFR>0.060901580421880756</CFR>
      <CWH>0.1236821845351244</CWH>
      <CFGlacier>1</CFGlacier>
      <CFSlope>1</CFSlope>
      <FC>1747.3844937475963</FC>
      <LP>0.751434341045095</LP>
      <BETA>1.7331020302386115</BETA>
    </VegetationZoneParameters>
  </VegetationZone>
  <SubCatchment>
    <SubCatchmentParameters>
      <KSI>0.001</KSI>
      <KGmin>0.05</KGmin>
      <RangeKG>0.1</RangeKG>
      <AG>0.1</AG>
      <PERC>1.0284919645617365</PERC>
      <Alpha>0</Alpha>
      <UZL>52.815953022391781</UZL>
      <K0>0.98991029720614043</K0>
      <K1>0.3231092373394796</K1>
      <K2>0.0566828306007162</K2>
      <MAXBAS>1</MAXBAS>
      <Cet>0.11824502654514377</Cet>
      <PCALT>1.8994435533753813</PCALT>
      <TCALT>0.33983955546393191</TCALT>
      <Pelev>436</Pelev>
      <Telev>436</Telev>
      <PART>0.5</PART>
      <DELAY>1</DELAY>
    </SubCatchmentParameters>
    <SubCatchmentVegetationZone>
      <SubCatchmentVegetationZoneParameters>
        <TT>-2.3238900812583019</TT>
        <CFMAX>2.3270893989527082</CFMAX>
        <SP>0</SP>
        <SFCF>0.98238822878165033</SFCF>
        <CFR>0.060901580421880756</CFR>
        <CWH>0.1236821845351244</CWH>
        <CFGlacier>1</CFGlacier>
        <CFSlope>1</CFSlope>
        <FC>1747.3844937475963</FC>
        <LP>0.751434341045095</LP>
        <BETA>1.7331020302386115</BETA>
      </SubCatchmentVegetationZoneParameters>
    </SubCatchmentVegetationZone>
  </SubCatchment>
</Catchment>