<?xml version="1.0" encoding="utf-8"?>
<Catchment xmlns:xsi="http://www.w3.org/2001/XMLSchema-instance" xmlns:xsd="http://www.w3.org/2001/XMLSchema">
  <CatchmentParameters>
    <KSI>0.001</KSI>
    <KGmin>0.05</KGmin>
    <RangeKG>0.1</RangeKG>
    <AG>0.1</AG>
    <PERC>0.7958194207129794</PERC>
    <Alpha>0</Alpha>
    <UZL>54.540517315766792</UZL>
    <K0>0.98478945953418651</K0>
    <K1>0.31758235120981959</K1>
    <K2>0.049840693104095786</K2>
    <MAXBAS>1</MAXBAS>
    <Cet>0.18610013480334675</Cet>
    <PCALT>2.06423238873107</PCALT>
    <TCALT>0.22375389218511491</TCALT>
    <Pelev>436</Pelev>
    <Telev>436</Telev>
    <PART>0.5</PART>
    <DELAY>1</DELAY>
  </CatchmentParameters>
  <VegetationZone>
    <VegetationZoneParameters>
      <TT>-1.8525319981848774</TT>
      <CFMAX>2.64959988137723</CFMAX>
      <SP>0</SP>
      <SFCF>0.94580501200919986</SFCF>
      <CFR>0.099886068712851925</CFR>
      <CWH>0.19995684145147297</CWH>
      <CFGlacier>1</CFGlacier>
      <CFSlope>1</CFSlope>
      <FC>1648.609589109012</FC>
      <LP>0.72649453876512271</LP>
      <BETA>1.6627805179171962</BETA>
    </VegetationZoneParameters>
  </VegetationZone>
  <SubCatchment>
    <SubCatchmentParameters>
      <KSI>0.001</KSI>
      <KGmin>0.05</KGmin>
      <RangeKG>0.1</RangeKG>
      <AG>0.1</AG>
      <PERC>0.7958194207129794</PERC>
      <Alpha>0</Alpha>
      <UZL>54.540517315766792</UZL>
      <K0>0.98478945953418651</K0>
      <K1>0.31758235120981959</K1>
      <K2>0.049840693104095786</K2>
      <MAXBAS>1</MAXBAS>
      <Cet>0.18610013480334675</Cet>
      <PCALT>2.06423238873107</PCALT>
      <TCALT>0.22375389218511491</TCALT>
      <Pelev>436</Pelev>
      <Telev>436</Telev>
      <PART>0.5</PART>
      <DELAY>1</DELAY>
    </SubCatchmentParameters>
    <SubCatchmentVegetationZone>
      <SubCatchmentVegetationZoneParameters>
        <TT>-1.8525319981848774</TT>
        <CFMAX>2.64959988137723</CFMAX>
        <SP>0</SP>
        <SFCF>0.94580501200919986</SFCF>
        <CFR>0.099886068712851925</CFR>
        <CWH>0.19995684145147297</CWH>
        <CFGlacier>1</CFGlacier>
        <CFSlope>1</CFSlope>
        <FC>1648.609589109012</FC>
        <LP>0.72649453876512271</LP>
        <BETA>1.6627805179171962</BETA>
      </SubCatchmentVegetationZoneParameters>
    </SubCatchmentVegetationZone>
  </SubCatchment>
</Catchment>