<?xml version="1.0" encoding="utf-8"?>
<Catchment xmlns:xsi="http://www.w3.org/2001/XMLSchema-instance" xmlns:xsd="http://www.w3.org/2001/XMLSchema">
  <CatchmentParameters>
    <KSI>0.001</KSI>
    <KGmin>0.05</KGmin>
    <RangeKG>0.1</RangeKG>
    <AG>0.1</AG>
    <PERC>0.86525784580217335</PERC>
    <Alpha>0</Alpha>
    <UZL>53.948381414384578</UZL>
    <K0>0.98963429156299954</K0>
    <K1>0.32180787365841551</K1>
    <K2>0.050492445067056087</K2>
    <MAXBAS>1</MAXBAS>
    <Cet>0.2102248611563465</Cet>
    <PCALT>2.6108909141037939</PCALT>
    <TCALT>0.25620204386719303</TCALT>
    <Pelev>436</Pelev>
    <Telev>436</Telev>
    <PART>0.5</PART>
    <DELAY>1</DELAY>
  </CatchmentParameters>
  <VegetationZone>
    <VegetationZoneParameters>
      <TT>-1.9487123028962063</TT>
      <CFMAX>2.0479516487015164</CFMAX>
      <SP>0</SP>
      <SFCF>0.69383239606412306</SFCF>
      <CFR>0.073122004859543455</CFR>
      <CWH>0.19993585227342339</CWH>
      <CFGlacier>1</CFGlacier>
      <CFSlope>1</CFSlope>
      <FC>1617.6828498925772</FC>
      <LP>0.629076215053745</LP>
      <BETA>1.4904535201315678</BETA>
    </VegetationZoneParameters>
  </VegetationZone>
  <SubCatchment>
    <SubCatchmentParameters>
      <KSI>0.001</KSI>
      <KGmin>0.05</KGmin>
      <RangeKG>0.1</RangeKG>
      <AG>0.1</AG>
      <PERC>0.86525784580217335</PERC>
      <Alpha>0</Alpha>
      <UZL>53.948381414384578</UZL>
      <K0>0.98963429156299954</K0>
      <K1>0.32180787365841551</K1>
      <K2>0.050492445067056087</K2>
      <MAXBAS>1</MAXBAS>
      <Cet>0.2102248611563465</Cet>
      <PCALT>2.6108909141037939</PCALT>
      <TCALT>0.25620204386719303</TCALT>
      <Pelev>436</Pelev>
      <Telev>436</Telev>
      <PART>0.5</PART>
      <DELAY>1</DELAY>
    </SubCatchmentParameters>
    <SubCatchmentVegetationZone>
      <SubCatchmentVegetationZoneParameters>
        <TT>-1.9487123028962063</TT>
        <CFMAX>2.0479516487015164</CFMAX>
        <SP>0</SP>
        <SFCF>0.69383239606412306</SFCF>
        <CFR>0.073122004859543455</CFR>
        <CWH>0.19993585227342339</CWH>
        <CFGlacier>1</CFGlacier>
        <CFSlope>1</CFSlope>
        <FC>1617.6828498925772</FC>
        <LP>0.629076215053745</LP>
        <BETA>1.4904535201315678</BETA>
      </SubCatchmentVegetationZoneParameters>
    </SubCatchmentVegetationZone>
  </SubCatchment>
</Catchment>