<?xml version="1.0" encoding="utf-8"?>
<Catchment xmlns:xsi="http://www.w3.org/2001/XMLSchema-instance" xmlns:xsd="http://www.w3.org/2001/XMLSchema">
  <CatchmentParameters>
    <KSI>0.001</KSI>
    <KGmin>0.05</KGmin>
    <RangeKG>0.1</RangeKG>
    <AG>0.1</AG>
    <PERC>0.74366812283031436</PERC>
    <Alpha>0</Alpha>
    <UZL>54.785917290097885</UZL>
    <K0>0.98990015311460455</K0>
    <K1>0.31203490443052978</K1>
    <K2>0.049728233645921979</K2>
    <MAXBAS>1</MAXBAS>
    <Cet>0.091963794144010375</Cet>
    <PCALT>3.0360825745028941</PCALT>
    <TCALT>0.26100441146910147</TCALT>
    <Pelev>436</Pelev>
    <Telev>436</Telev>
    <PART>0.5</PART>
    <DELAY>1</DELAY>
  </CatchmentParameters>
  <VegetationZone>
    <VegetationZoneParameters>
      <TT>-2.3202608596715515</TT>
      <CFMAX>2.470668063371857</CFMAX>
      <SP>0</SP>
      <SFCF>1.1078735877139163</SFCF>
      <CFR>0.083628618896645857</CFR>
      <CWH>0.19971156223641598</CWH>
      <CFGlacier>1</CFGlacier>
      <CFSlope>1</CFSlope>
      <FC>1837.6916094791143</FC>
      <LP>0.66430297459127174</LP>
      <BETA>1.7283550185467052</BETA>
    </VegetationZoneParameters>
  </VegetationZone>
  <SubCatchment>
    <SubCatchmentParameters>
      <KSI>0.001</KSI>
      <KGmin>0.05</KGmin>
      <RangeKG>0.1</RangeKG>
      <AG>0.1</AG>
      <PERC>0.74366812283031436</PERC>
      <Alpha>0</Alpha>
      <UZL>54.785917290097885</UZL>
      <K0>0.98990015311460455</K0>
      <K1>0.31203490443052978</K1>
      <K2>0.049728233645921979</K2>
      <MAXBAS>1</MAXBAS>
      <Cet>0.091963794144010375</Cet>
      <PCALT>3.0360825745028941</PCALT>
      <TCALT>0.26100441146910147</TCALT>
      <Pelev>436</Pelev>
      <Telev>436</Telev>
      <PART>0.5</PART>
      <DELAY>1</DELAY>
    </SubCatchmentParameters>
    <SubCatchmentVegetationZone>
      <SubCatchmentVegetationZoneParameters>
        <TT>-2.3202608596715515</TT>
        <CFMAX>2.470668063371857</CFMAX>
        <SP>0</SP>
        <SFCF>1.1078735877139163</SFCF>
        <CFR>0.083628618896645857</CFR>
        <CWH>0.19971156223641598</CWH>
        <CFGlacier>1</CFGlacier>
        <CFSlope>1</CFSlope>
        <FC>1837.6916094791143</FC>
        <LP>0.66430297459127174</LP>
        <BETA>1.7283550185467052</BETA>
      </SubCatchmentVegetationZoneParameters>
    </SubCatchmentVegetationZone>
  </SubCatchment>
</Catchment>