<?xml version="1.0" encoding="utf-8"?>
<Catchment xmlns:xsi="http://www.w3.org/2001/XMLSchema-instance" xmlns:xsd="http://www.w3.org/2001/XMLSchema">
  <CatchmentParameters>
    <KSI>0.001</KSI>
    <KGmin>0.05</KGmin>
    <RangeKG>0.1</RangeKG>
    <AG>0.1</AG>
    <PERC>0.87768087380059157</PERC>
    <Alpha>0</Alpha>
    <UZL>58.366947091169045</UZL>
    <K0>0.989989056574743</K0>
    <K1>0.32425226632634563</K1>
    <K2>0.051119883929855933</K2>
    <MAXBAS>1</MAXBAS>
    <Cet>0.17212410501076483</Cet>
    <PCALT>2.8256102750083021</PCALT>
    <TCALT>0.21863196042255145</TCALT>
    <Pelev>436</Pelev>
    <Telev>436</Telev>
    <PART>0.5</PART>
    <DELAY>1</DELAY>
  </CatchmentParameters>
  <VegetationZone>
    <VegetationZoneParameters>
      <TT>-1.843967464669716</TT>
      <CFMAX>2.3835616442188914</CFMAX>
      <SP>0</SP>
      <SFCF>0.8293773609544679</SFCF>
      <CFR>0.099742724940075467</CFR>
      <CWH>0.19986406453854136</CWH>
      <CFGlacier>1</CFGlacier>
      <CFSlope>1</CFSlope>
      <FC>1756.8842003328427</FC>
      <LP>0.74196241569246846</LP>
      <BETA>1.8531202902474575</BETA>
    </VegetationZoneParameters>
  </VegetationZone>
  <SubCatchment>
    <SubCatchmentParameters>
      <KSI>0.001</KSI>
      <KGmin>0.05</KGmin>
      <RangeKG>0.1</RangeKG>
      <AG>0.1</AG>
      <PERC>0.87768087380059157</PERC>
      <Alpha>0</Alpha>
      <UZL>58.366947091169045</UZL>
      <K0>0.989989056574743</K0>
      <K1>0.32425226632634563</K1>
      <K2>0.051119883929855933</K2>
      <MAXBAS>1</MAXBAS>
      <Cet>0.17212410501076483</Cet>
      <PCALT>2.8256102750083021</PCALT>
      <TCALT>0.21863196042255145</TCALT>
      <Pelev>436</Pelev>
      <Telev>436</Telev>
      <PART>0.5</PART>
      <DELAY>1</DELAY>
    </SubCatchmentParameters>
    <SubCatchmentVegetationZone>
      <SubCatchmentVegetationZoneParameters>
        <TT>-1.843967464669716</TT>
        <CFMAX>2.3835616442188914</CFMAX>
        <SP>0</SP>
        <SFCF>0.8293773609544679</SFCF>
        <CFR>0.099742724940075467</CFR>
        <CWH>0.19986406453854136</CWH>
        <CFGlacier>1</CFGlacier>
        <CFSlope>1</CFSlope>
        <FC>1756.8842003328427</FC>
        <LP>0.74196241569246846</LP>
        <BETA>1.8531202902474575</BETA>
      </SubCatchmentVegetationZoneParameters>
    </SubCatchmentVegetationZone>
  </SubCatchment>
</Catchment>