<?xml version="1.0" encoding="utf-8"?>
<Catchment xmlns:xsi="http://www.w3.org/2001/XMLSchema-instance" xmlns:xsd="http://www.w3.org/2001/XMLSchema">
  <CatchmentParameters>
    <KSI>0.001</KSI>
    <KGmin>0.05</KGmin>
    <RangeKG>0.1</RangeKG>
    <AG>0.1</AG>
    <PERC>1.0673458949823576</PERC>
    <Alpha>0</Alpha>
    <UZL>50.846922388807123</UZL>
    <K0>0.98997472607914294</K0>
    <K1>0.32978004802442917</K1>
    <K2>0.053743867102721159</K2>
    <MAXBAS>1</MAXBAS>
    <Cet>0.13796728562707555</Cet>
    <PCALT>0.80236855608127355</PCALT>
    <TCALT>0.17132458329287204</TCALT>
    <Pelev>436</Pelev>
    <Telev>436</Telev>
    <PART>0.5</PART>
    <DELAY>1</DELAY>
  </CatchmentParameters>
  <VegetationZone>
    <VegetationZoneParameters>
      <TT>-1.5750627987349053</TT>
      <CFMAX>2.3663517091259614</CFMAX>
      <SP>0</SP>
      <SFCF>0.93626311887721581</SFCF>
      <CFR>0.099999113254584979</CFR>
      <CWH>0.19994143796701047</CWH>
      <CFGlacier>1</CFGlacier>
      <CFSlope>1</CFSlope>
      <FC>1572.6044312891338</FC>
      <LP>0.69684628558888373</LP>
      <BETA>1.3732797628397675</BETA>
    </VegetationZoneParameters>
  </VegetationZone>
  <SubCatchment>
    <SubCatchmentParameters>
      <KSI>0.001</KSI>
      <KGmin>0.05</KGmin>
      <RangeKG>0.1</RangeKG>
      <AG>0.1</AG>
      <PERC>1.0673458949823576</PERC>
      <Alpha>0</Alpha>
      <UZL>50.846922388807123</UZL>
      <K0>0.98997472607914294</K0>
      <K1>0.32978004802442917</K1>
      <K2>0.053743867102721159</K2>
      <MAXBAS>1</MAXBAS>
      <Cet>0.13796728562707555</Cet>
      <PCALT>0.80236855608127355</PCALT>
      <TCALT>0.17132458329287204</TCALT>
      <Pelev>436</Pelev>
      <Telev>436</Telev>
      <PART>0.5</PART>
      <DELAY>1</DELAY>
    </SubCatchmentParameters>
    <SubCatchmentVegetationZone>
      <SubCatchmentVegetationZoneParameters>
        <TT>-1.5750627987349053</TT>
        <CFMAX>2.3663517091259614</CFMAX>
        <SP>0</SP>
        <SFCF>0.93626311887721581</SFCF>
        <CFR>0.099999113254584979</CFR>
        <CWH>0.19994143796701047</CWH>
        <CFGlacier>1</CFGlacier>
        <CFSlope>1</CFSlope>
        <FC>1572.6044312891338</FC>
        <LP>0.69684628558888373</LP>
        <BETA>1.3732797628397675</BETA>
      </SubCatchmentVegetationZoneParameters>
    </SubCatchmentVegetationZone>
  </SubCatchment>
</Catchment>