<?xml version="1.0" encoding="utf-8"?>
<Catchment xmlns:xsi="http://www.w3.org/2001/XMLSchema-instance" xmlns:xsd="http://www.w3.org/2001/XMLSchema">
  <CatchmentParameters>
    <KSI>0.001</KSI>
    <KGmin>0.05</KGmin>
    <RangeKG>0.1</RangeKG>
    <AG>0.1</AG>
    <PERC>0.83027195607230042</PERC>
    <Alpha>0</Alpha>
    <UZL>52.568142881912117</UZL>
    <K0>0.95273965030508512</K0>
    <K1>0.32756801888689979</K1>
    <K2>0.051043985004480319</K2>
    <MAXBAS>1</MAXBAS>
    <Cet>0.14589792903505858</Cet>
    <PCALT>3.371699713233133</PCALT>
    <TCALT>0.18054187979525152</TCALT>
    <Pelev>436</Pelev>
    <Telev>436</Telev>
    <PART>0.5</PART>
    <DELAY>1</DELAY>
  </CatchmentParameters>
  <VegetationZone>
    <VegetationZoneParameters>
      <TT>-1.8008100493300898</TT>
      <CFMAX>1.4320127141985528</CFMAX>
      <SP>0</SP>
      <SFCF>0.63683114642504113</SFCF>
      <CFR>0.056031105200319675</CFR>
      <CWH>0.1999998466909105</CWH>
      <CFGlacier>1</CFGlacier>
      <CFSlope>1</CFSlope>
      <FC>2011.7236868354298</FC>
      <LP>0.7514574977710774</LP>
      <BETA>1.8672022600844749</BETA>
    </VegetationZoneParameters>
  </VegetationZone>
  <SubCatchment>
    <SubCatchmentParameters>
      <KSI>0.001</KSI>
      <KGmin>0.05</KGmin>
      <RangeKG>0.1</RangeKG>
      <AG>0.1</AG>
      <PERC>0.83027195607230042</PERC>
      <Alpha>0</Alpha>
      <UZL>52.568142881912117</UZL>
      <K0>0.95273965030508512</K0>
      <K1>0.32756801888689979</K1>
      <K2>0.051043985004480319</K2>
      <MAXBAS>1</MAXBAS>
      <Cet>0.14589792903505858</Cet>
      <PCALT>3.371699713233133</PCALT>
      <TCALT>0.18054187979525152</TCALT>
      <Pelev>436</Pelev>
      <Telev>436</Telev>
      <PART>0.5</PART>
      <DELAY>1</DELAY>
    </SubCatchmentParameters>
    <SubCatchmentVegetationZone>
      <SubCatchmentVegetationZoneParameters>
        <TT>-1.8008100493300898</TT>
        <CFMAX>1.4320127141985528</CFMAX>
        <SP>0</SP>
        <SFCF>0.63683114642504113</SFCF>
        <CFR>0.056031105200319675</CFR>
        <CWH>0.1999998466909105</CWH>
        <CFGlacier>1</CFGlacier>
        <CFSlope>1</CFSlope>
        <FC>2011.7236868354298</FC>
        <LP>0.7514574977710774</LP>
        <BETA>1.8672022600844749</BETA>
      </SubCatchmentVegetationZoneParameters>
    </SubCatchmentVegetationZone>
  </SubCatchment>
</Catchment>