<?xml version="1.0" encoding="utf-8"?>
<Catchment xmlns:xsi="http://www.w3.org/2001/XMLSchema-instance" xmlns:xsd="http://www.w3.org/2001/XMLSchema">
  <CatchmentParameters>
    <KSI>0.001</KSI>
    <KGmin>0.05</KGmin>
    <RangeKG>0.1</RangeKG>
    <AG>0.1</AG>
    <PERC>0.92052117909058739</PERC>
    <Alpha>0</Alpha>
    <UZL>55.304633609253052</UZL>
    <K0>0.98989018590718059</K0>
    <K1>0.30928655792868071</K1>
    <K2>0.054018573571699945</K2>
    <MAXBAS>1</MAXBAS>
    <Cet>0.17898136502792705</Cet>
    <PCALT>2.1789076745764824</PCALT>
    <TCALT>0.33039900127128807</TCALT>
    <Pelev>436</Pelev>
    <Telev>436</Telev>
    <PART>0.5</PART>
    <DELAY>1</DELAY>
  </CatchmentParameters>
  <VegetationZone>
    <VegetationZoneParameters>
      <TT>-2.4102398488124357</TT>
      <CFMAX>1.5522670904175935</CFMAX>
      <SP>0</SP>
      <SFCF>0.50000787661160284</SFCF>
      <CFR>0.07934491130187149</CFR>
      <CWH>0.19985471211744404</CWH>
      <CFGlacier>1</CFGlacier>
      <CFSlope>1</CFSlope>
      <FC>1538.3700610591729</FC>
      <LP>0.665808672337181</LP>
      <BETA>1.5869096007171242</BETA>
    </VegetationZoneParameters>
  </VegetationZone>
  <SubCatchment>
    <SubCatchmentParameters>
      <KSI>0.001</KSI>
      <KGmin>0.05</KGmin>
      <RangeKG>0.1</RangeKG>
      <AG>0.1</AG>
      <PERC>0.92052117909058739</PERC>
      <Alpha>0</Alpha>
      <UZL>55.304633609253052</UZL>
      <K0>0.98989018590718059</K0>
      <K1>0.30928655792868071</K1>
      <K2>0.054018573571699945</K2>
      <MAXBAS>1</MAXBAS>
      <Cet>0.17898136502792705</Cet>
      <PCALT>2.1789076745764824</PCALT>
      <TCALT>0.33039900127128807</TCALT>
      <Pelev>436</Pelev>
      <Telev>436</Telev>
      <PART>0.5</PART>
      <DELAY>1</DELAY>
    </SubCatchmentParameters>
    <SubCatchmentVegetationZone>
      <SubCatchmentVegetationZoneParameters>
        <TT>-2.4102398488124357</TT>
        <CFMAX>1.5522670904175935</CFMAX>
        <SP>0</SP>
        <SFCF>0.50000787661160284</SFCF>
        <CFR>0.07934491130187149</CFR>
        <CWH>0.19985471211744404</CWH>
        <CFGlacier>1</CFGlacier>
        <CFSlope>1</CFSlope>
        <FC>1538.3700610591729</FC>
        <LP>0.665808672337181</LP>
        <BETA>1.5869096007171242</BETA>
      </SubCatchmentVegetationZoneParameters>
    </SubCatchmentVegetationZone>
  </SubCatchment>
</Catchment>