<?xml version="1.0" encoding="utf-8"?>
<Catchment xmlns:xsi="http://www.w3.org/2001/XMLSchema-instance" xmlns:xsd="http://www.w3.org/2001/XMLSchema">
  <CatchmentParameters>
    <KSI>0.001</KSI>
    <KGmin>0.05</KGmin>
    <RangeKG>0.1</RangeKG>
    <AG>0.1</AG>
    <PERC>0.8937040113479302</PERC>
    <Alpha>0</Alpha>
    <UZL>55.917435612331268</UZL>
    <K0>0.98998820778685537</K0>
    <K1>0.31129116548447594</K1>
    <K2>0.049504394794558433</K2>
    <MAXBAS>1</MAXBAS>
    <Cet>0.15090867802446883</Cet>
    <PCALT>0.87064311607884692</PCALT>
    <TCALT>0.23699295852462352</TCALT>
    <Pelev>436</Pelev>
    <Telev>436</Telev>
    <PART>0.5</PART>
    <DELAY>1</DELAY>
  </CatchmentParameters>
  <VegetationZone>
    <VegetationZoneParameters>
      <TT>-2.1473309068226669</TT>
      <CFMAX>1.49293435922338</CFMAX>
      <SP>0</SP>
      <SFCF>0.53154235352927093</SFCF>
      <CFR>0.099824581798069412</CFR>
      <CWH>0.1999997724870172</CWH>
      <CFGlacier>1</CFGlacier>
      <CFSlope>1</CFSlope>
      <FC>1311.8917053212367</FC>
      <LP>0.55933102108969179</LP>
      <BETA>1.3177776384365525</BETA>
    </VegetationZoneParameters>
  </VegetationZone>
  <SubCatchment>
    <SubCatchmentParameters>
      <KSI>0.001</KSI>
      <KGmin>0.05</KGmin>
      <RangeKG>0.1</RangeKG>
      <AG>0.1</AG>
      <PERC>0.8937040113479302</PERC>
      <Alpha>0</Alpha>
      <UZL>55.917435612331268</UZL>
      <K0>0.98998820778685537</K0>
      <K1>0.31129116548447594</K1>
      <K2>0.049504394794558433</K2>
      <MAXBAS>1</MAXBAS>
      <Cet>0.15090867802446883</Cet>
      <PCALT>0.87064311607884692</PCALT>
      <TCALT>0.23699295852462352</TCALT>
      <Pelev>436</Pelev>
      <Telev>436</Telev>
      <PART>0.5</PART>
      <DELAY>1</DELAY>
    </SubCatchmentParameters>
    <SubCatchmentVegetationZone>
      <SubCatchmentVegetationZoneParameters>
        <TT>-2.1473309068226669</TT>
        <CFMAX>1.49293435922338</CFMAX>
        <SP>0</SP>
        <SFCF>0.53154235352927093</SFCF>
        <CFR>0.099824581798069412</CFR>
        <CWH>0.1999997724870172</CWH>
        <CFGlacier>1</CFGlacier>
        <CFSlope>1</CFSlope>
        <FC>1311.8917053212367</FC>
        <LP>0.55933102108969179</LP>
        <BETA>1.3177776384365525</BETA>
      </SubCatchmentVegetationZoneParameters>
    </SubCatchmentVegetationZone>
  </SubCatchment>
</Catchment>