<?xml version="1.0" encoding="utf-8"?>
<Catchment xmlns:xsi="http://www.w3.org/2001/XMLSchema-instance" xmlns:xsd="http://www.w3.org/2001/XMLSchema">
  <CatchmentParameters>
    <KSI>0.001</KSI>
    <KGmin>0.05</KGmin>
    <RangeKG>0.1</RangeKG>
    <AG>0.1</AG>
    <PERC>0.83266072106908073</PERC>
    <Alpha>0</Alpha>
    <UZL>52.332382509328909</UZL>
    <K0>0.98999697570535472</K0>
    <K1>0.3158434443527085</K1>
    <K2>0.051062177492240478</K2>
    <MAXBAS>1</MAXBAS>
    <Cet>0.23745452052356256</Cet>
    <PCALT>3.6355125066666005</PCALT>
    <TCALT>0.28829262716138992</TCALT>
    <Pelev>436</Pelev>
    <Telev>436</Telev>
    <PART>0.5</PART>
    <DELAY>1</DELAY>
  </CatchmentParameters>
  <VegetationZone>
    <VegetationZoneParameters>
      <TT>-2.055469146315489</TT>
      <CFMAX>2.4636917625020609</CFMAX>
      <SP>0</SP>
      <SFCF>0.90606733881633772</SFCF>
      <CFR>0.099971919165019615</CFR>
      <CWH>0.19991708292965291</CWH>
      <CFGlacier>1</CFGlacier>
      <CFSlope>1</CFSlope>
      <FC>1892.2237499151038</FC>
      <LP>0.50071053193770643</LP>
      <BETA>1.1818669534270316</BETA>
    </VegetationZoneParameters>
  </VegetationZone>
  <SubCatchment>
    <SubCatchmentParameters>
      <KSI>0.001</KSI>
      <KGmin>0.05</KGmin>
      <RangeKG>0.1</RangeKG>
      <AG>0.1</AG>
      <PERC>0.83266072106908073</PERC>
      <Alpha>0</Alpha>
      <UZL>52.332382509328909</UZL>
      <K0>0.98999697570535472</K0>
      <K1>0.3158434443527085</K1>
      <K2>0.051062177492240478</K2>
      <MAXBAS>1</MAXBAS>
      <Cet>0.23745452052356256</Cet>
      <PCALT>3.6355125066666005</PCALT>
      <TCALT>0.28829262716138992</TCALT>
      <Pelev>436</Pelev>
      <Telev>436</Telev>
      <PART>0.5</PART>
      <DELAY>1</DELAY>
    </SubCatchmentParameters>
    <SubCatchmentVegetationZone>
      <SubCatchmentVegetationZoneParameters>
        <TT>-2.055469146315489</TT>
        <CFMAX>2.4636917625020609</CFMAX>
        <SP>0</SP>
        <SFCF>0.90606733881633772</SFCF>
        <CFR>0.099971919165019615</CFR>
        <CWH>0.19991708292965291</CWH>
        <CFGlacier>1</CFGlacier>
        <CFSlope>1</CFSlope>
        <FC>1892.2237499151038</FC>
        <LP>0.50071053193770643</LP>
        <BETA>1.1818669534270316</BETA>
      </SubCatchmentVegetationZoneParameters>
    </SubCatchmentVegetationZone>
  </SubCatchment>
</Catchment>