<?xml version="1.0" encoding="utf-8"?>
<Catchment xmlns:xsi="http://www.w3.org/2001/XMLSchema-instance" xmlns:xsd="http://www.w3.org/2001/XMLSchema">
  <CatchmentParameters>
    <KSI>0.001</KSI>
    <KGmin>0.05</KGmin>
    <RangeKG>0.1</RangeKG>
    <AG>0.1</AG>
    <PERC>1.0018238230961278</PERC>
    <Alpha>0</Alpha>
    <UZL>52.156359904672037</UZL>
    <K0>0.9899577291622973</K0>
    <K1>0.32410150102220253</K1>
    <K2>0.052898681748424027</K2>
    <MAXBAS>1</MAXBAS>
    <Cet>0.23019115096697532</Cet>
    <PCALT>1.6089696500389334</PCALT>
    <TCALT>0.29894293957543594</TCALT>
    <Pelev>436</Pelev>
    <Telev>436</Telev>
    <PART>0.5</PART>
    <DELAY>1</DELAY>
  </CatchmentParameters>
  <VegetationZone>
    <VegetationZoneParameters>
      <TT>-2.0992104629748209</TT>
      <CFMAX>1.5462424089374407</CFMAX>
      <SP>0</SP>
      <SFCF>0.58521830631829164</SFCF>
      <CFR>0.09481788443656318</CFR>
      <CWH>0.12834866781655632</CWH>
      <CFGlacier>1</CFGlacier>
      <CFSlope>1</CFSlope>
      <FC>1603.3221466703894</FC>
      <LP>0.69932955175061329</LP>
      <BETA>1.4292291260839305</BETA>
    </VegetationZoneParameters>
  </VegetationZone>
  <SubCatchment>
    <SubCatchmentParameters>
      <KSI>0.001</KSI>
      <KGmin>0.05</KGmin>
      <RangeKG>0.1</RangeKG>
      <AG>0.1</AG>
      <PERC>1.0018238230961278</PERC>
      <Alpha>0</Alpha>
      <UZL>52.156359904672037</UZL>
      <K0>0.9899577291622973</K0>
      <K1>0.32410150102220253</K1>
      <K2>0.052898681748424027</K2>
      <MAXBAS>1</MAXBAS>
      <Cet>0.23019115096697532</Cet>
      <PCALT>1.6089696500389334</PCALT>
      <TCALT>0.29894293957543594</TCALT>
      <Pelev>436</Pelev>
      <Telev>436</Telev>
      <PART>0.5</PART>
      <DELAY>1</DELAY>
    </SubCatchmentParameters>
    <SubCatchmentVegetationZone>
      <SubCatchmentVegetationZoneParameters>
        <TT>-2.0992104629748209</TT>
        <CFMAX>1.5462424089374407</CFMAX>
        <SP>0</SP>
        <SFCF>0.58521830631829164</SFCF>
        <CFR>0.09481788443656318</CFR>
        <CWH>0.12834866781655632</CWH>
        <CFGlacier>1</CFGlacier>
        <CFSlope>1</CFSlope>
        <FC>1603.3221466703894</FC>
        <LP>0.69932955175061329</LP>
        <BETA>1.4292291260839305</BETA>
      </SubCatchmentVegetationZoneParameters>
    </SubCatchmentVegetationZone>
  </SubCatchment>
</Catchment>