<?xml version="1.0" encoding="utf-8"?>
<Catchment xmlns:xsi="http://www.w3.org/2001/XMLSchema-instance" xmlns:xsd="http://www.w3.org/2001/XMLSchema">
  <CatchmentParameters>
    <KSI>0.001</KSI>
    <KGmin>0.05</KGmin>
    <RangeKG>0.1</RangeKG>
    <AG>0.1</AG>
    <PERC>1.154485933131804</PERC>
    <Alpha>0</Alpha>
    <UZL>51.276063329359431</UZL>
    <K0>0.98997750004762886</K0>
    <K1>0.32597812794326131</K1>
    <K2>0.059439609814720219</K2>
    <MAXBAS>1</MAXBAS>
    <Cet>0.20276301237051797</Cet>
    <PCALT>2.3370276545490589</PCALT>
    <TCALT>0.19349935869060406</TCALT>
    <Pelev>436</Pelev>
    <Telev>436</Telev>
    <PART>0.5</PART>
    <DELAY>1</DELAY>
  </CatchmentParameters>
  <VegetationZone>
    <VegetationZoneParameters>
      <TT>-2.0840297008102548</TT>
      <CFMAX>2.3943211393257431</CFMAX>
      <SP>0</SP>
      <SFCF>1.3501223260455504</SFCF>
      <CFR>0.032519689373785646</CFR>
      <CWH>0.19988670245073678</CWH>
      <CFGlacier>1</CFGlacier>
      <CFSlope>1</CFSlope>
      <FC>1703.0699158777966</FC>
      <LP>0.48320987588329933</LP>
      <BETA>1.1033922004926211</BETA>
    </VegetationZoneParameters>
  </VegetationZone>
  <SubCatchment>
    <SubCatchmentParameters>
      <KSI>0.001</KSI>
      <KGmin>0.05</KGmin>
      <RangeKG>0.1</RangeKG>
      <AG>0.1</AG>
      <PERC>1.154485933131804</PERC>
      <Alpha>0</Alpha>
      <UZL>51.276063329359431</UZL>
      <K0>0.98997750004762886</K0>
      <K1>0.32597812794326131</K1>
      <K2>0.059439609814720219</K2>
      <MAXBAS>1</MAXBAS>
      <Cet>0.20276301237051797</Cet>
      <PCALT>2.3370276545490589</PCALT>
      <TCALT>0.19349935869060406</TCALT>
      <Pelev>436</Pelev>
      <Telev>436</Telev>
      <PART>0.5</PART>
      <DELAY>1</DELAY>
    </SubCatchmentParameters>
    <SubCatchmentVegetationZone>
      <SubCatchmentVegetationZoneParameters>
        <TT>-2.0840297008102548</TT>
        <CFMAX>2.3943211393257431</CFMAX>
        <SP>0</SP>
        <SFCF>1.3501223260455504</SFCF>
        <CFR>0.032519689373785646</CFR>
        <CWH>0.19988670245073678</CWH>
        <CFGlacier>1</CFGlacier>
        <CFSlope>1</CFSlope>
        <FC>1703.0699158777966</FC>
        <LP>0.48320987588329933</LP>
        <BETA>1.1033922004926211</BETA>
      </SubCatchmentVegetationZoneParameters>
    </SubCatchmentVegetationZone>
  </SubCatchment>
</Catchment>