<?xml version="1.0" encoding="utf-8"?>
<Catchment xmlns:xsi="http://www.w3.org/2001/XMLSchema-instance" xmlns:xsd="http://www.w3.org/2001/XMLSchema">
  <CatchmentParameters>
    <KSI>0.001</KSI>
    <KGmin>0.05</KGmin>
    <RangeKG>0.1</RangeKG>
    <AG>0.1</AG>
    <PERC>0.71830042640348024</PERC>
    <Alpha>0</Alpha>
    <UZL>54.952146854638116</UZL>
    <K0>0.97372597272269168</K0>
    <K1>0.31787945391977068</K1>
    <K2>0.0480601363081301</K2>
    <MAXBAS>1</MAXBAS>
    <Cet>0.17220269490942364</Cet>
    <PCALT>1.9679474986412473</PCALT>
    <TCALT>0.28024693127917838</TCALT>
    <Pelev>436</Pelev>
    <Telev>436</Telev>
    <PART>0.5</PART>
    <DELAY>1</DELAY>
  </CatchmentParameters>
  <VegetationZone>
    <VegetationZoneParameters>
      <TT>-2.1570309375750503</TT>
      <CFMAX>1.589754134078136</CFMAX>
      <SP>0</SP>
      <SFCF>0.74117123186991385</SFCF>
      <CFR>0.0649909601188982</CFR>
      <CWH>0.14351657587359043</CWH>
      <CFGlacier>1</CFGlacier>
      <CFSlope>1</CFSlope>
      <FC>1574.3940698804502</FC>
      <LP>0.69801918752671055</LP>
      <BETA>1.6173102212567732</BETA>
    </VegetationZoneParameters>
  </VegetationZone>
  <SubCatchment>
    <SubCatchmentParameters>
      <KSI>0.001</KSI>
      <KGmin>0.05</KGmin>
      <RangeKG>0.1</RangeKG>
      <AG>0.1</AG>
      <PERC>0.71830042640348024</PERC>
      <Alpha>0</Alpha>
      <UZL>54.952146854638116</UZL>
      <K0>0.97372597272269168</K0>
      <K1>0.31787945391977068</K1>
      <K2>0.0480601363081301</K2>
      <MAXBAS>1</MAXBAS>
      <Cet>0.17220269490942364</Cet>
      <PCALT>1.9679474986412473</PCALT>
      <TCALT>0.28024693127917838</TCALT>
      <Pelev>436</Pelev>
      <Telev>436</Telev>
      <PART>0.5</PART>
      <DELAY>1</DELAY>
    </SubCatchmentParameters>
    <SubCatchmentVegetationZone>
      <SubCatchmentVegetationZoneParameters>
        <TT>-2.1570309375750503</TT>
        <CFMAX>1.589754134078136</CFMAX>
        <SP>0</SP>
        <SFCF>0.74117123186991385</SFCF>
        <CFR>0.0649909601188982</CFR>
        <CWH>0.14351657587359043</CWH>
        <CFGlacier>1</CFGlacier>
        <CFSlope>1</CFSlope>
        <FC>1574.3940698804502</FC>
        <LP>0.69801918752671055</LP>
        <BETA>1.6173102212567732</BETA>
      </SubCatchmentVegetationZoneParameters>
    </SubCatchmentVegetationZone>
  </SubCatchment>
</Catchment>