<?xml version="1.0" encoding="utf-8"?>
<Catchment xmlns:xsi="http://www.w3.org/2001/XMLSchema-instance" xmlns:xsd="http://www.w3.org/2001/XMLSchema">
  <CatchmentParameters>
    <KSI>0.001</KSI>
    <KGmin>0.05</KGmin>
    <RangeKG>0.1</RangeKG>
    <AG>0.1</AG>
    <PERC>1.0404930514396651</PERC>
    <Alpha>0</Alpha>
    <UZL>50.217409330060669</UZL>
    <K0>0.9899600903719048</K0>
    <K1>0.33177493477628328</K1>
    <K2>0.054192147725923914</K2>
    <MAXBAS>1</MAXBAS>
    <Cet>0.12324249025271315</Cet>
    <PCALT>4.3576789518323347</PCALT>
    <TCALT>0.43256850398306623</TCALT>
    <Pelev>436</Pelev>
    <Telev>436</Telev>
    <PART>0.5</PART>
    <DELAY>1</DELAY>
  </CatchmentParameters>
  <VegetationZone>
    <VegetationZoneParameters>
      <TT>-1.8807226846659695</TT>
      <CFMAX>4.9988716080544187</CFMAX>
      <SP>0</SP>
      <SFCF>0.70343903567317434</SFCF>
      <CFR>0.00035491651470573446</CFR>
      <CWH>0.10000919699281126</CWH>
      <CFGlacier>1</CFGlacier>
      <CFSlope>1</CFSlope>
      <FC>1980.1201927340383</FC>
      <LP>0.60673379065384925</LP>
      <BETA>1.6062256231654981</BETA>
    </VegetationZoneParameters>
  </VegetationZone>
  <SubCatchment>
    <SubCatchmentParameters>
      <KSI>0.001</KSI>
      <KGmin>0.05</KGmin>
      <RangeKG>0.1</RangeKG>
      <AG>0.1</AG>
      <PERC>1.0404930514396651</PERC>
      <Alpha>0</Alpha>
      <UZL>50.217409330060669</UZL>
      <K0>0.9899600903719048</K0>
      <K1>0.33177493477628328</K1>
      <K2>0.054192147725923914</K2>
      <MAXBAS>1</MAXBAS>
      <Cet>0.12324249025271315</Cet>
      <PCALT>4.3576789518323347</PCALT>
      <TCALT>0.43256850398306623</TCALT>
      <Pelev>436</Pelev>
      <Telev>436</Telev>
      <PART>0.5</PART>
      <DELAY>1</DELAY>
    </SubCatchmentParameters>
    <SubCatchmentVegetationZone>
      <SubCatchmentVegetationZoneParameters>
        <TT>-1.8807226846659695</TT>
        <CFMAX>4.9988716080544187</CFMAX>
        <SP>0</SP>
        <SFCF>0.70343903567317434</SFCF>
        <CFR>0.00035491651470573446</CFR>
        <CWH>0.10000919699281126</CWH>
        <CFGlacier>1</CFGlacier>
        <CFSlope>1</CFSlope>
        <FC>1980.1201927340383</FC>
        <LP>0.60673379065384925</LP>
        <BETA>1.6062256231654981</BETA>
      </SubCatchmentVegetationZoneParameters>
    </SubCatchmentVegetationZone>
  </SubCatchment>
</Catchment>