<?xml version="1.0" encoding="utf-8"?>
<Catchment xmlns:xsi="http://www.w3.org/2001/XMLSchema-instance" xmlns:xsd="http://www.w3.org/2001/XMLSchema">
  <CatchmentParameters>
    <KSI>0.001</KSI>
    <KGmin>0.05</KGmin>
    <RangeKG>0.1</RangeKG>
    <AG>0.1</AG>
    <PERC>0.94524849690395984</PERC>
    <Alpha>0</Alpha>
    <UZL>52.267490109155226</UZL>
    <K0>0.98962724105307232</K0>
    <K1>0.32901767417660976</K1>
    <K2>0.051618414327562229</K2>
    <MAXBAS>1</MAXBAS>
    <Cet>0.15287781158307448</Cet>
    <PCALT>0.10116479143957211</PCALT>
    <TCALT>0.23229623723553036</TCALT>
    <Pelev>436</Pelev>
    <Telev>436</Telev>
    <PART>0.5</PART>
    <DELAY>1</DELAY>
  </CatchmentParameters>
  <VegetationZone>
    <VegetationZoneParameters>
      <TT>-1.8854666329830672</TT>
      <CFMAX>2.107893180282975</CFMAX>
      <SP>0</SP>
      <SFCF>1.1327943190354017</SFCF>
      <CFR>0.099977652329129488</CFR>
      <CWH>0.19743184080936219</CWH>
      <CFGlacier>1</CFGlacier>
      <CFSlope>1</CFSlope>
      <FC>1445.6106642380007</FC>
      <LP>0.77108576453144129</LP>
      <BETA>1.5260295533104531</BETA>
    </VegetationZoneParameters>
  </VegetationZone>
  <SubCatchment>
    <SubCatchmentParameters>
      <KSI>0.001</KSI>
      <KGmin>0.05</KGmin>
      <RangeKG>0.1</RangeKG>
      <AG>0.1</AG>
      <PERC>0.94524849690395984</PERC>
      <Alpha>0</Alpha>
      <UZL>52.267490109155226</UZL>
      <K0>0.98962724105307232</K0>
      <K1>0.32901767417660976</K1>
      <K2>0.051618414327562229</K2>
      <MAXBAS>1</MAXBAS>
      <Cet>0.15287781158307448</Cet>
      <PCALT>0.10116479143957211</PCALT>
      <TCALT>0.23229623723553036</TCALT>
      <Pelev>436</Pelev>
      <Telev>436</Telev>
      <PART>0.5</PART>
      <DELAY>1</DELAY>
    </SubCatchmentParameters>
    <SubCatchmentVegetationZone>
      <SubCatchmentVegetationZoneParameters>
        <TT>-1.8854666329830672</TT>
        <CFMAX>2.107893180282975</CFMAX>
        <SP>0</SP>
        <SFCF>1.1327943190354017</SFCF>
        <CFR>0.099977652329129488</CFR>
        <CWH>0.19743184080936219</CWH>
        <CFGlacier>1</CFGlacier>
        <CFSlope>1</CFSlope>
        <FC>1445.6106642380007</FC>
        <LP>0.77108576453144129</LP>
        <BETA>1.5260295533104531</BETA>
      </SubCatchmentVegetationZoneParameters>
    </SubCatchmentVegetationZone>
  </SubCatchment>
</Catchment>