<?xml version="1.0" encoding="utf-8"?>
<Catchment xmlns:xsi="http://www.w3.org/2001/XMLSchema-instance" xmlns:xsd="http://www.w3.org/2001/XMLSchema">
  <CatchmentParameters>
    <KSI>0.001</KSI>
    <KGmin>0.05</KGmin>
    <RangeKG>0.1</RangeKG>
    <AG>0.1</AG>
    <PERC>1.0389592527493436</PERC>
    <Alpha>0</Alpha>
    <UZL>51.328693765551975</UZL>
    <K0>0.98999593125508278</K0>
    <K1>0.32912805782299076</K1>
    <K2>0.054043102186567327</K2>
    <MAXBAS>1</MAXBAS>
    <Cet>0.12231800268322818</Cet>
    <PCALT>2.5366562789091933</PCALT>
    <TCALT>0.2950367297993744</TCALT>
    <Pelev>436</Pelev>
    <Telev>436</Telev>
    <PART>0.5</PART>
    <DELAY>1</DELAY>
  </CatchmentParameters>
  <VegetationZone>
    <VegetationZoneParameters>
      <TT>-2.0845651195458457</TT>
      <CFMAX>1.8601816466680978</CFMAX>
      <SP>0</SP>
      <SFCF>0.70689309267005829</SFCF>
      <CFR>0.099949152080642131</CFR>
      <CWH>0.19988196666163405</CWH>
      <CFGlacier>1</CFGlacier>
      <CFSlope>1</CFSlope>
      <FC>1882.3164110455566</FC>
      <LP>0.64542734777394661</LP>
      <BETA>1.403797938071075</BETA>
    </VegetationZoneParameters>
  </VegetationZone>
  <SubCatchment>
    <SubCatchmentParameters>
      <KSI>0.001</KSI>
      <KGmin>0.05</KGmin>
      <RangeKG>0.1</RangeKG>
      <AG>0.1</AG>
      <PERC>1.0389592527493436</PERC>
      <Alpha>0</Alpha>
      <UZL>51.328693765551975</UZL>
      <K0>0.98999593125508278</K0>
      <K1>0.32912805782299076</K1>
      <K2>0.054043102186567327</K2>
      <MAXBAS>1</MAXBAS>
      <Cet>0.12231800268322818</Cet>
      <PCALT>2.5366562789091933</PCALT>
      <TCALT>0.2950367297993744</TCALT>
      <Pelev>436</Pelev>
      <Telev>436</Telev>
      <PART>0.5</PART>
      <DELAY>1</DELAY>
    </SubCatchmentParameters>
    <SubCatchmentVegetationZone>
      <SubCatchmentVegetationZoneParameters>
        <TT>-2.0845651195458457</TT>
        <CFMAX>1.8601816466680978</CFMAX>
        <SP>0</SP>
        <SFCF>0.70689309267005829</SFCF>
        <CFR>0.099949152080642131</CFR>
        <CWH>0.19988196666163405</CWH>
        <CFGlacier>1</CFGlacier>
        <CFSlope>1</CFSlope>
        <FC>1882.3164110455566</FC>
        <LP>0.64542734777394661</LP>
        <BETA>1.403797938071075</BETA>
      </SubCatchmentVegetationZoneParameters>
    </SubCatchmentVegetationZone>
  </SubCatchment>
</Catchment>