<?xml version="1.0" encoding="utf-8"?>
<Catchment xmlns:xsi="http://www.w3.org/2001/XMLSchema-instance" xmlns:xsd="http://www.w3.org/2001/XMLSchema">
  <CatchmentParameters>
    <KSI>0.001</KSI>
    <KGmin>0.05</KGmin>
    <RangeKG>0.1</RangeKG>
    <AG>0.1</AG>
    <PERC>0.88635607694685692</PERC>
    <Alpha>0</Alpha>
    <UZL>52.6589039384228</UZL>
    <K0>0.96419688507696522</K0>
    <K1>0.33125545395892542</K1>
    <K2>0.05112847687140365</K2>
    <MAXBAS>1</MAXBAS>
    <Cet>0.22909258232352564</Cet>
    <PCALT>2.0146283805788858</PCALT>
    <TCALT>0.30489332139472231</TCALT>
    <Pelev>436</Pelev>
    <Telev>436</Telev>
    <PART>0.5</PART>
    <DELAY>1</DELAY>
  </CatchmentParameters>
  <VegetationZone>
    <VegetationZoneParameters>
      <TT>-2.1236646554075627</TT>
      <CFMAX>2.6408899659124581</CFMAX>
      <SP>0</SP>
      <SFCF>1.0216258970415237</SFCF>
      <CFR>0.0999558498325208</CFR>
      <CWH>0.19994228983480053</CWH>
      <CFGlacier>1</CFGlacier>
      <CFSlope>1</CFSlope>
      <FC>1681.1809141483473</FC>
      <LP>0.71796799124697375</LP>
      <BETA>1.5565962325601239</BETA>
    </VegetationZoneParameters>
  </VegetationZone>
  <SubCatchment>
    <SubCatchmentParameters>
      <KSI>0.001</KSI>
      <KGmin>0.05</KGmin>
      <RangeKG>0.1</RangeKG>
      <AG>0.1</AG>
      <PERC>0.88635607694685692</PERC>
      <Alpha>0</Alpha>
      <UZL>52.6589039384228</UZL>
      <K0>0.96419688507696522</K0>
      <K1>0.33125545395892542</K1>
      <K2>0.05112847687140365</K2>
      <MAXBAS>1</MAXBAS>
      <Cet>0.22909258232352564</Cet>
      <PCALT>2.0146283805788858</PCALT>
      <TCALT>0.30489332139472231</TCALT>
      <Pelev>436</Pelev>
      <Telev>436</Telev>
      <PART>0.5</PART>
      <DELAY>1</DELAY>
    </SubCatchmentParameters>
    <SubCatchmentVegetationZone>
      <SubCatchmentVegetationZoneParameters>
        <TT>-2.1236646554075627</TT>
        <CFMAX>2.6408899659124581</CFMAX>
        <SP>0</SP>
        <SFCF>1.0216258970415237</SFCF>
        <CFR>0.0999558498325208</CFR>
        <CWH>0.19994228983480053</CWH>
        <CFGlacier>1</CFGlacier>
        <CFSlope>1</CFSlope>
        <FC>1681.1809141483473</FC>
        <LP>0.71796799124697375</LP>
        <BETA>1.5565962325601239</BETA>
      </SubCatchmentVegetationZoneParameters>
    </SubCatchmentVegetationZone>
  </SubCatchment>
</Catchment>