<?xml version="1.0" encoding="utf-8"?>
<Catchment xmlns:xsi="http://www.w3.org/2001/XMLSchema-instance" xmlns:xsd="http://www.w3.org/2001/XMLSchema">
  <CatchmentParameters>
    <KSI>0.001</KSI>
    <KGmin>0.05</KGmin>
    <RangeKG>0.1</RangeKG>
    <AG>0.1</AG>
    <PERC>0.62954644374210711</PERC>
    <Alpha>0</Alpha>
    <UZL>56.866922666827762</UZL>
    <K0>0.989953678611055</K0>
    <K1>0.29949954716542482</K1>
    <K2>0.045795300216789722</K2>
    <MAXBAS>1</MAXBAS>
    <Cet>0.21261491301994684</Cet>
    <PCALT>2.4794883302237691</PCALT>
    <TCALT>0.14914034577831822</TCALT>
    <Pelev>436</Pelev>
    <Telev>436</Telev>
    <PART>0.5</PART>
    <DELAY>1</DELAY>
  </CatchmentParameters>
  <VegetationZone>
    <VegetationZoneParameters>
      <TT>-1.6305631692854803</TT>
      <CFMAX>4.9997964733801856</CFMAX>
      <SP>0</SP>
      <SFCF>0.58997721336499309</SFCF>
      <CFR>0.039199681704367634</CFR>
      <CWH>0.10030607276347699</CWH>
      <CFGlacier>1</CFGlacier>
      <CFSlope>1</CFSlope>
      <FC>1491.2190169023509</FC>
      <LP>0.520261191658328</LP>
      <BETA>1.320125395215396</BETA>
    </VegetationZoneParameters>
  </VegetationZone>
  <SubCatchment>
    <SubCatchmentParameters>
      <KSI>0.001</KSI>
      <KGmin>0.05</KGmin>
      <RangeKG>0.1</RangeKG>
      <AG>0.1</AG>
      <PERC>0.62954644374210711</PERC>
      <Alpha>0</Alpha>
      <UZL>56.866922666827762</UZL>
      <K0>0.989953678611055</K0>
      <K1>0.29949954716542482</K1>
      <K2>0.045795300216789722</K2>
      <MAXBAS>1</MAXBAS>
      <Cet>0.21261491301994684</Cet>
      <PCALT>2.4794883302237691</PCALT>
      <TCALT>0.14914034577831822</TCALT>
      <Pelev>436</Pelev>
      <Telev>436</Telev>
      <PART>0.5</PART>
      <DELAY>1</DELAY>
    </SubCatchmentParameters>
    <SubCatchmentVegetationZone>
      <SubCatchmentVegetationZoneParameters>
        <TT>-1.6305631692854803</TT>
        <CFMAX>4.9997964733801856</CFMAX>
        <SP>0</SP>
        <SFCF>0.58997721336499309</SFCF>
        <CFR>0.039199681704367634</CFR>
        <CWH>0.10030607276347699</CWH>
        <CFGlacier>1</CFGlacier>
        <CFSlope>1</CFSlope>
        <FC>1491.2190169023509</FC>
        <LP>0.520261191658328</LP>
        <BETA>1.320125395215396</BETA>
      </SubCatchmentVegetationZoneParameters>
    </SubCatchmentVegetationZone>
  </SubCatchment>
</Catchment>