<?xml version="1.0" encoding="utf-8"?>
<Catchment xmlns:xsi="http://www.w3.org/2001/XMLSchema-instance" xmlns:xsd="http://www.w3.org/2001/XMLSchema">
  <CatchmentParameters>
    <KSI>0.001</KSI>
    <KGmin>0.05</KGmin>
    <RangeKG>0.1</RangeKG>
    <AG>0.1</AG>
    <PERC>0.80532480847283228</PERC>
    <Alpha>0</Alpha>
    <UZL>53.790561300895</UZL>
    <K0>0.95586271338861084</K0>
    <K1>0.32503921926053742</K1>
    <K2>0.049860059422007691</K2>
    <MAXBAS>1</MAXBAS>
    <Cet>0.196092561611566</Cet>
    <PCALT>2.858885363150661</PCALT>
    <TCALT>0.3040805892971396</TCALT>
    <Pelev>436</Pelev>
    <Telev>436</Telev>
    <PART>0.5</PART>
    <DELAY>1</DELAY>
  </CatchmentParameters>
  <VegetationZone>
    <VegetationZoneParameters>
      <TT>-2.1204301390165283</TT>
      <CFMAX>1.8621080244957657</CFMAX>
      <SP>0</SP>
      <SFCF>0.7219036969923105</SFCF>
      <CFR>0.096564599909259433</CFR>
      <CWH>0.16869819814207648</CWH>
      <CFGlacier>1</CFGlacier>
      <CFSlope>1</CFSlope>
      <FC>1695.031768452893</FC>
      <LP>0.65867456106334221</LP>
      <BETA>1.5764813784151353</BETA>
    </VegetationZoneParameters>
  </VegetationZone>
  <SubCatchment>
    <SubCatchmentParameters>
      <KSI>0.001</KSI>
      <KGmin>0.05</KGmin>
      <RangeKG>0.1</RangeKG>
      <AG>0.1</AG>
      <PERC>0.80532480847283228</PERC>
      <Alpha>0</Alpha>
      <UZL>53.790561300895</UZL>
      <K0>0.95586271338861084</K0>
      <K1>0.32503921926053742</K1>
      <K2>0.049860059422007691</K2>
      <MAXBAS>1</MAXBAS>
      <Cet>0.196092561611566</Cet>
      <PCALT>2.858885363150661</PCALT>
      <TCALT>0.3040805892971396</TCALT>
      <Pelev>436</Pelev>
      <Telev>436</Telev>
      <PART>0.5</PART>
      <DELAY>1</DELAY>
    </SubCatchmentParameters>
    <SubCatchmentVegetationZone>
      <SubCatchmentVegetationZoneParameters>
        <TT>-2.1204301390165283</TT>
        <CFMAX>1.8621080244957657</CFMAX>
        <SP>0</SP>
        <SFCF>0.7219036969923105</SFCF>
        <CFR>0.096564599909259433</CFR>
        <CWH>0.16869819814207648</CWH>
        <CFGlacier>1</CFGlacier>
        <CFSlope>1</CFSlope>
        <FC>1695.031768452893</FC>
        <LP>0.65867456106334221</LP>
        <BETA>1.5764813784151353</BETA>
      </SubCatchmentVegetationZoneParameters>
    </SubCatchmentVegetationZone>
  </SubCatchment>
</Catchment>