<?xml version="1.0" encoding="utf-8"?>
<Catchment xmlns:xsi="http://www.w3.org/2001/XMLSchema-instance" xmlns:xsd="http://www.w3.org/2001/XMLSchema">
  <CatchmentParameters>
    <KSI>0.001</KSI>
    <KGmin>0.05</KGmin>
    <RangeKG>0.1</RangeKG>
    <AG>0.1</AG>
    <PERC>0.89644136828064835</PERC>
    <Alpha>0</Alpha>
    <UZL>50.842487335805714</UZL>
    <K0>0.98995126806160016</K0>
    <K1>0.32205386922792317</K1>
    <K2>0.052914072889788034</K2>
    <MAXBAS>1</MAXBAS>
    <Cet>0.20768885510571267</Cet>
    <PCALT>3.1424812191559108</PCALT>
    <TCALT>0.37404494653830028</TCALT>
    <Pelev>436</Pelev>
    <Telev>436</Telev>
    <PART>0.5</PART>
    <DELAY>1</DELAY>
  </CatchmentParameters>
  <VegetationZone>
    <VegetationZoneParameters>
      <TT>-2.4076536814560336</TT>
      <CFMAX>2.1544759539091163</CFMAX>
      <SP>0</SP>
      <SFCF>0.82038287255392961</SFCF>
      <CFR>0.089386277467194269</CFR>
      <CWH>0.13550633707872153</CWH>
      <CFGlacier>1</CFGlacier>
      <CFSlope>1</CFSlope>
      <FC>1859.4188330199165</FC>
      <LP>0.42132777361797119</LP>
      <BETA>1.0062777940787149</BETA>
    </VegetationZoneParameters>
  </VegetationZone>
  <SubCatchment>
    <SubCatchmentParameters>
      <KSI>0.001</KSI>
      <KGmin>0.05</KGmin>
      <RangeKG>0.1</RangeKG>
      <AG>0.1</AG>
      <PERC>0.89644136828064835</PERC>
      <Alpha>0</Alpha>
      <UZL>50.842487335805714</UZL>
      <K0>0.98995126806160016</K0>
      <K1>0.32205386922792317</K1>
      <K2>0.052914072889788034</K2>
      <MAXBAS>1</MAXBAS>
      <Cet>0.20768885510571267</Cet>
      <PCALT>3.1424812191559108</PCALT>
      <TCALT>0.37404494653830028</TCALT>
      <Pelev>436</Pelev>
      <Telev>436</Telev>
      <PART>0.5</PART>
      <DELAY>1</DELAY>
    </SubCatchmentParameters>
    <SubCatchmentVegetationZone>
      <SubCatchmentVegetationZoneParameters>
        <TT>-2.4076536814560336</TT>
        <CFMAX>2.1544759539091163</CFMAX>
        <SP>0</SP>
        <SFCF>0.82038287255392961</SFCF>
        <CFR>0.089386277467194269</CFR>
        <CWH>0.13550633707872153</CWH>
        <CFGlacier>1</CFGlacier>
        <CFSlope>1</CFSlope>
        <FC>1859.4188330199165</FC>
        <LP>0.42132777361797119</LP>
        <BETA>1.0062777940787149</BETA>
      </SubCatchmentVegetationZoneParameters>
    </SubCatchmentVegetationZone>
  </SubCatchment>
</Catchment>