<?xml version="1.0" encoding="utf-8"?>
<Catchment xmlns:xsi="http://www.w3.org/2001/XMLSchema-instance" xmlns:xsd="http://www.w3.org/2001/XMLSchema">
  <CatchmentParameters>
    <KSI>0.001</KSI>
    <KGmin>0.05</KGmin>
    <RangeKG>0.1</RangeKG>
    <AG>0.1</AG>
    <PERC>0.85505910062065194</PERC>
    <Alpha>0</Alpha>
    <UZL>52.754010595448676</UZL>
    <K0>0.98994904037108888</K0>
    <K1>0.31481942741829638</K1>
    <K2>0.051860285691695492</K2>
    <MAXBAS>1</MAXBAS>
    <Cet>0.18382753348959668</Cet>
    <PCALT>3.2684488931523794</PCALT>
    <TCALT>0.2319977533688635</TCALT>
    <Pelev>436</Pelev>
    <Telev>436</Telev>
    <PART>0.5</PART>
    <DELAY>1</DELAY>
  </CatchmentParameters>
  <VegetationZone>
    <VegetationZoneParameters>
      <TT>-1.9186418150968589</TT>
      <CFMAX>2.4067176226723856</CFMAX>
      <SP>0</SP>
      <SFCF>1.0094194451949521</SFCF>
      <CFR>0.099966379982669426</CFR>
      <CWH>0.19993883989780897</CWH>
      <CFGlacier>1</CFGlacier>
      <CFSlope>1</CFSlope>
      <FC>2006.1514819227725</FC>
      <LP>0.68857747516309586</LP>
      <BETA>1.5640780473401541</BETA>
    </VegetationZoneParameters>
  </VegetationZone>
  <SubCatchment>
    <SubCatchmentParameters>
      <KSI>0.001</KSI>
      <KGmin>0.05</KGmin>
      <RangeKG>0.1</RangeKG>
      <AG>0.1</AG>
      <PERC>0.85505910062065194</PERC>
      <Alpha>0</Alpha>
      <UZL>52.754010595448676</UZL>
      <K0>0.98994904037108888</K0>
      <K1>0.31481942741829638</K1>
      <K2>0.051860285691695492</K2>
      <MAXBAS>1</MAXBAS>
      <Cet>0.18382753348959668</Cet>
      <PCALT>3.2684488931523794</PCALT>
      <TCALT>0.2319977533688635</TCALT>
      <Pelev>436</Pelev>
      <Telev>436</Telev>
      <PART>0.5</PART>
      <DELAY>1</DELAY>
    </SubCatchmentParameters>
    <SubCatchmentVegetationZone>
      <SubCatchmentVegetationZoneParameters>
        <TT>-1.9186418150968589</TT>
        <CFMAX>2.4067176226723856</CFMAX>
        <SP>0</SP>
        <SFCF>1.0094194451949521</SFCF>
        <CFR>0.099966379982669426</CFR>
        <CWH>0.19993883989780897</CWH>
        <CFGlacier>1</CFGlacier>
        <CFSlope>1</CFSlope>
        <FC>2006.1514819227725</FC>
        <LP>0.68857747516309586</LP>
        <BETA>1.5640780473401541</BETA>
      </SubCatchmentVegetationZoneParameters>
    </SubCatchmentVegetationZone>
  </SubCatchment>
</Catchment>