<?xml version="1.0" encoding="utf-8"?>
<Catchment xmlns:xsi="http://www.w3.org/2001/XMLSchema-instance" xmlns:xsd="http://www.w3.org/2001/XMLSchema">
  <CatchmentParameters>
    <KSI>0.001</KSI>
    <KGmin>0.05</KGmin>
    <RangeKG>0.1</RangeKG>
    <AG>0.1</AG>
    <PERC>0.74395988581084571</PERC>
    <Alpha>0</Alpha>
    <UZL>54.35864842461168</UZL>
    <K0>0.93974366979188506</K0>
    <K1>0.32525507962338118</K1>
    <K2>0.048584092988214637</K2>
    <MAXBAS>1</MAXBAS>
    <Cet>0.12837540866502559</Cet>
    <PCALT>1.8148838589444971</PCALT>
    <TCALT>0.26519817279133906</TCALT>
    <Pelev>436</Pelev>
    <Telev>436</Telev>
    <PART>0.5</PART>
    <DELAY>1</DELAY>
  </CatchmentParameters>
  <VegetationZone>
    <VegetationZoneParameters>
      <TT>-1.9879037183351247</TT>
      <CFMAX>2.4269954204208704</CFMAX>
      <SP>0</SP>
      <SFCF>1.1523453778442419</SFCF>
      <CFR>0.090646447469946476</CFR>
      <CWH>0.18566877635661108</CWH>
      <CFGlacier>1</CFGlacier>
      <CFSlope>1</CFSlope>
      <FC>1616.1246324994017</FC>
      <LP>0.72537161906055225</LP>
      <BETA>1.7484742176433374</BETA>
    </VegetationZoneParameters>
  </VegetationZone>
  <SubCatchment>
    <SubCatchmentParameters>
      <KSI>0.001</KSI>
      <KGmin>0.05</KGmin>
      <RangeKG>0.1</RangeKG>
      <AG>0.1</AG>
      <PERC>0.74395988581084571</PERC>
      <Alpha>0</Alpha>
      <UZL>54.35864842461168</UZL>
      <K0>0.93974366979188506</K0>
      <K1>0.32525507962338118</K1>
      <K2>0.048584092988214637</K2>
      <MAXBAS>1</MAXBAS>
      <Cet>0.12837540866502559</Cet>
      <PCALT>1.8148838589444971</PCALT>
      <TCALT>0.26519817279133906</TCALT>
      <Pelev>436</Pelev>
      <Telev>436</Telev>
      <PART>0.5</PART>
      <DELAY>1</DELAY>
    </SubCatchmentParameters>
    <SubCatchmentVegetationZone>
      <SubCatchmentVegetationZoneParameters>
        <TT>-1.9879037183351247</TT>
        <CFMAX>2.4269954204208704</CFMAX>
        <SP>0</SP>
        <SFCF>1.1523453778442419</SFCF>
        <CFR>0.090646447469946476</CFR>
        <CWH>0.18566877635661108</CWH>
        <CFGlacier>1</CFGlacier>
        <CFSlope>1</CFSlope>
        <FC>1616.1246324994017</FC>
        <LP>0.72537161906055225</LP>
        <BETA>1.7484742176433374</BETA>
      </SubCatchmentVegetationZoneParameters>
    </SubCatchmentVegetationZone>
  </SubCatchment>
</Catchment>