<?xml version="1.0" encoding="utf-8"?>
<Catchment xmlns:xsi="http://www.w3.org/2001/XMLSchema-instance" xmlns:xsd="http://www.w3.org/2001/XMLSchema">
  <CatchmentParameters>
    <KSI>0.001</KSI>
    <KGmin>0.05</KGmin>
    <RangeKG>0.1</RangeKG>
    <AG>0.1</AG>
    <PERC>0.83324474742753729</PERC>
    <Alpha>0</Alpha>
    <UZL>51.28015534104258</UZL>
    <K0>0.95815055462032783</K0>
    <K1>0.33222380157747333</K1>
    <K2>0.0516463448634738</K2>
    <MAXBAS>1</MAXBAS>
    <Cet>0.16267444166409614</Cet>
    <PCALT>3.9112150254911229</PCALT>
    <TCALT>0.33937283940680668</TCALT>
    <Pelev>436</Pelev>
    <Telev>436</Telev>
    <PART>0.5</PART>
    <DELAY>1</DELAY>
  </CatchmentParameters>
  <VegetationZone>
    <VegetationZoneParameters>
      <TT>-2.2652886439753885</TT>
      <CFMAX>2.232527600469608</CFMAX>
      <SP>0</SP>
      <SFCF>0.81861901361088607</SFCF>
      <CFR>0.099903200937214665</CFR>
      <CWH>0.17979238152874952</CWH>
      <CFGlacier>1</CFGlacier>
      <CFSlope>1</CFSlope>
      <FC>2499.9883405209566</FC>
      <LP>0.83541823600292076</LP>
      <BETA>2.2134104263895042</BETA>
    </VegetationZoneParameters>
  </VegetationZone>
  <SubCatchment>
    <SubCatchmentParameters>
      <KSI>0.001</KSI>
      <KGmin>0.05</KGmin>
      <RangeKG>0.1</RangeKG>
      <AG>0.1</AG>
      <PERC>0.83324474742753729</PERC>
      <Alpha>0</Alpha>
      <UZL>51.28015534104258</UZL>
      <K0>0.95815055462032783</K0>
      <K1>0.33222380157747333</K1>
      <K2>0.0516463448634738</K2>
      <MAXBAS>1</MAXBAS>
      <Cet>0.16267444166409614</Cet>
      <PCALT>3.9112150254911229</PCALT>
      <TCALT>0.33937283940680668</TCALT>
      <Pelev>436</Pelev>
      <Telev>436</Telev>
      <PART>0.5</PART>
      <DELAY>1</DELAY>
    </SubCatchmentParameters>
    <SubCatchmentVegetationZone>
      <SubCatchmentVegetationZoneParameters>
        <TT>-2.2652886439753885</TT>
        <CFMAX>2.232527600469608</CFMAX>
        <SP>0</SP>
        <SFCF>0.81861901361088607</SFCF>
        <CFR>0.099903200937214665</CFR>
        <CWH>0.17979238152874952</CWH>
        <CFGlacier>1</CFGlacier>
        <CFSlope>1</CFSlope>
        <FC>2499.9883405209566</FC>
        <LP>0.83541823600292076</LP>
        <BETA>2.2134104263895042</BETA>
      </SubCatchmentVegetationZoneParameters>
    </SubCatchmentVegetationZone>
  </SubCatchment>
</Catchment>