<?xml version="1.0" encoding="utf-8"?>
<Catchment xmlns:xsi="http://www.w3.org/2001/XMLSchema-instance" xmlns:xsd="http://www.w3.org/2001/XMLSchema">
  <CatchmentParameters>
    <KSI>0.001</KSI>
    <KGmin>0.05</KGmin>
    <RangeKG>0.1</RangeKG>
    <AG>0.1</AG>
    <PERC>0.781478296863723</PERC>
    <Alpha>0</Alpha>
    <UZL>54.072568262927653</UZL>
    <K0>0.98986324013362359</K0>
    <K1>0.31245060266964059</K1>
    <K2>0.049784661407038959</K2>
    <MAXBAS>1</MAXBAS>
    <Cet>0.17394611787447659</Cet>
    <PCALT>1.1867978348856327</PCALT>
    <TCALT>0.30771604057738938</TCALT>
    <Pelev>436</Pelev>
    <Telev>436</Telev>
    <PART>0.5</PART>
    <DELAY>1</DELAY>
  </CatchmentParameters>
  <VegetationZone>
    <VegetationZoneParameters>
      <TT>-2.206196675512365</TT>
      <CFMAX>2.55361672388216</CFMAX>
      <SP>0</SP>
      <SFCF>1.1853362694891052</SFCF>
      <CFR>0.084206028927267876</CFR>
      <CWH>0.13968219936318116</CWH>
      <CFGlacier>1</CFGlacier>
      <CFSlope>1</CFSlope>
      <FC>1537.1792629381132</FC>
      <LP>0.69280497080662462</LP>
      <BETA>1.472181040945195</BETA>
    </VegetationZoneParameters>
  </VegetationZone>
  <SubCatchment>
    <SubCatchmentParameters>
      <KSI>0.001</KSI>
      <KGmin>0.05</KGmin>
      <RangeKG>0.1</RangeKG>
      <AG>0.1</AG>
      <PERC>0.781478296863723</PERC>
      <Alpha>0</Alpha>
      <UZL>54.072568262927653</UZL>
      <K0>0.98986324013362359</K0>
      <K1>0.31245060266964059</K1>
      <K2>0.049784661407038959</K2>
      <MAXBAS>1</MAXBAS>
      <Cet>0.17394611787447659</Cet>
      <PCALT>1.1867978348856327</PCALT>
      <TCALT>0.30771604057738938</TCALT>
      <Pelev>436</Pelev>
      <Telev>436</Telev>
      <PART>0.5</PART>
      <DELAY>1</DELAY>
    </SubCatchmentParameters>
    <SubCatchmentVegetationZone>
      <SubCatchmentVegetationZoneParameters>
        <TT>-2.206196675512365</TT>
        <CFMAX>2.55361672388216</CFMAX>
        <SP>0</SP>
        <SFCF>1.1853362694891052</SFCF>
        <CFR>0.084206028927267876</CFR>
        <CWH>0.13968219936318116</CWH>
        <CFGlacier>1</CFGlacier>
        <CFSlope>1</CFSlope>
        <FC>1537.1792629381132</FC>
        <LP>0.69280497080662462</LP>
        <BETA>1.472181040945195</BETA>
      </SubCatchmentVegetationZoneParameters>
    </SubCatchmentVegetationZone>
  </SubCatchment>
</Catchment>