<?xml version="1.0" encoding="utf-8"?>
<Catchment xmlns:xsi="http://www.w3.org/2001/XMLSchema-instance" xmlns:xsd="http://www.w3.org/2001/XMLSchema">
  <CatchmentParameters>
    <KSI>0.001</KSI>
    <KGmin>0.05</KGmin>
    <RangeKG>0.1</RangeKG>
    <AG>0.1</AG>
    <PERC>0.59099484605630337</PERC>
    <Alpha>0</Alpha>
    <UZL>55.313046476662926</UZL>
    <K0>0.98997638625631157</K0>
    <K1>0.30402013753901685</K1>
    <K2>0.046960380213433475</K2>
    <MAXBAS>1</MAXBAS>
    <Cet>0.067182798961435225</Cet>
    <PCALT>2.356830682224464</PCALT>
    <TCALT>0.29226118769723175</TCALT>
    <Pelev>436</Pelev>
    <Telev>436</Telev>
    <PART>0.5</PART>
    <DELAY>1</DELAY>
  </CatchmentParameters>
  <VegetationZone>
    <VegetationZoneParameters>
      <TT>-2.071758482427227</TT>
      <CFMAX>2.1907857142317013</CFMAX>
      <SP>0</SP>
      <SFCF>0.90994983439650978</SFCF>
      <CFR>0.067952241250325993</CFR>
      <CWH>0.14876624622983933</CWH>
      <CFGlacier>1</CFGlacier>
      <CFSlope>1</CFSlope>
      <FC>1793.4305434044907</FC>
      <LP>0.69344472514292721</LP>
      <BETA>1.7369859864984885</BETA>
    </VegetationZoneParameters>
  </VegetationZone>
  <SubCatchment>
    <SubCatchmentParameters>
      <KSI>0.001</KSI>
      <KGmin>0.05</KGmin>
      <RangeKG>0.1</RangeKG>
      <AG>0.1</AG>
      <PERC>0.59099484605630337</PERC>
      <Alpha>0</Alpha>
      <UZL>55.313046476662926</UZL>
      <K0>0.98997638625631157</K0>
      <K1>0.30402013753901685</K1>
      <K2>0.046960380213433475</K2>
      <MAXBAS>1</MAXBAS>
      <Cet>0.067182798961435225</Cet>
      <PCALT>2.356830682224464</PCALT>
      <TCALT>0.29226118769723175</TCALT>
      <Pelev>436</Pelev>
      <Telev>436</Telev>
      <PART>0.5</PART>
      <DELAY>1</DELAY>
    </SubCatchmentParameters>
    <SubCatchmentVegetationZone>
      <SubCatchmentVegetationZoneParameters>
        <TT>-2.071758482427227</TT>
        <CFMAX>2.1907857142317013</CFMAX>
        <SP>0</SP>
        <SFCF>0.90994983439650978</SFCF>
        <CFR>0.067952241250325993</CFR>
        <CWH>0.14876624622983933</CWH>
        <CFGlacier>1</CFGlacier>
        <CFSlope>1</CFSlope>
        <FC>1793.4305434044907</FC>
        <LP>0.69344472514292721</LP>
        <BETA>1.7369859864984885</BETA>
      </SubCatchmentVegetationZoneParameters>
    </SubCatchmentVegetationZone>
  </SubCatchment>
</Catchment>