<?xml version="1.0" encoding="utf-8"?>
<Catchment xmlns:xsi="http://www.w3.org/2001/XMLSchema-instance" xmlns:xsd="http://www.w3.org/2001/XMLSchema">
  <CatchmentParameters>
    <KSI>0.001</KSI>
    <KGmin>0.05</KGmin>
    <RangeKG>0.1</RangeKG>
    <AG>0.1</AG>
    <PERC>0.8269668331562</PERC>
    <Alpha>0</Alpha>
    <UZL>53.982658509194231</UZL>
    <K0>0.98997792182452438</K0>
    <K1>0.32139484752758968</K1>
    <K2>0.050641700525120771</K2>
    <MAXBAS>1</MAXBAS>
    <Cet>0.16680795769402185</Cet>
    <PCALT>1.0354931343174747</PCALT>
    <TCALT>0.25816082643639265</TCALT>
    <Pelev>436</Pelev>
    <Telev>436</Telev>
    <PART>0.5</PART>
    <DELAY>1</DELAY>
  </CatchmentParameters>
  <VegetationZone>
    <VegetationZoneParameters>
      <TT>-2.0104786937578818</TT>
      <CFMAX>1.9654411701511334</CFMAX>
      <SP>0</SP>
      <SFCF>1.0250481963330897</SFCF>
      <CFR>0.074109062302815373</CFR>
      <CWH>0.13829549590961332</CWH>
      <CFGlacier>1</CFGlacier>
      <CFSlope>1</CFSlope>
      <FC>1503.1896820277891</FC>
      <LP>0.70828808189324888</LP>
      <BETA>1.5064894736525707</BETA>
    </VegetationZoneParameters>
  </VegetationZone>
  <SubCatchment>
    <SubCatchmentParameters>
      <KSI>0.001</KSI>
      <KGmin>0.05</KGmin>
      <RangeKG>0.1</RangeKG>
      <AG>0.1</AG>
      <PERC>0.8269668331562</PERC>
      <Alpha>0</Alpha>
      <UZL>53.982658509194231</UZL>
      <K0>0.98997792182452438</K0>
      <K1>0.32139484752758968</K1>
      <K2>0.050641700525120771</K2>
      <MAXBAS>1</MAXBAS>
      <Cet>0.16680795769402185</Cet>
      <PCALT>1.0354931343174747</PCALT>
      <TCALT>0.25816082643639265</TCALT>
      <Pelev>436</Pelev>
      <Telev>436</Telev>
      <PART>0.5</PART>
      <DELAY>1</DELAY>
    </SubCatchmentParameters>
    <SubCatchmentVegetationZone>
      <SubCatchmentVegetationZoneParameters>
        <TT>-2.0104786937578818</TT>
        <CFMAX>1.9654411701511334</CFMAX>
        <SP>0</SP>
        <SFCF>1.0250481963330897</SFCF>
        <CFR>0.074109062302815373</CFR>
        <CWH>0.13829549590961332</CWH>
        <CFGlacier>1</CFGlacier>
        <CFSlope>1</CFSlope>
        <FC>1503.1896820277891</FC>
        <LP>0.70828808189324888</LP>
        <BETA>1.5064894736525707</BETA>
      </SubCatchmentVegetationZoneParameters>
    </SubCatchmentVegetationZone>
  </SubCatchment>
</Catchment>