<?xml version="1.0" encoding="utf-8"?>
<Catchment xmlns:xsi="http://www.w3.org/2001/XMLSchema-instance" xmlns:xsd="http://www.w3.org/2001/XMLSchema">
  <CatchmentParameters>
    <KSI>0.001</KSI>
    <KGmin>0.05</KGmin>
    <RangeKG>0.1</RangeKG>
    <AG>0.1</AG>
    <PERC>0.92960500048419259</PERC>
    <Alpha>0</Alpha>
    <UZL>52.072494954288956</UZL>
    <K0>0.98124083603303869</K0>
    <K1>0.32816814231714797</K1>
    <K2>0.052117371900330618</K2>
    <MAXBAS>1</MAXBAS>
    <Cet>0.1892926661534324</Cet>
    <PCALT>3.4410217137922667</PCALT>
    <TCALT>0.31714781417409715</TCALT>
    <Pelev>436</Pelev>
    <Telev>436</Telev>
    <PART>0.5</PART>
    <DELAY>1</DELAY>
  </CatchmentParameters>
  <VegetationZone>
    <VegetationZoneParameters>
      <TT>-2.1740050255572529</TT>
      <CFMAX>2.6331119237481118</CFMAX>
      <SP>0</SP>
      <SFCF>0.99574875699090926</SFCF>
      <CFR>0.099810846346228915</CFR>
      <CWH>0.19993992699656804</CWH>
      <CFGlacier>1</CFGlacier>
      <CFSlope>1</CFSlope>
      <FC>1831.0523617285373</FC>
      <LP>0.58814858924027513</LP>
      <BETA>1.418826497151364</BETA>
    </VegetationZoneParameters>
  </VegetationZone>
  <SubCatchment>
    <SubCatchmentParameters>
      <KSI>0.001</KSI>
      <KGmin>0.05</KGmin>
      <RangeKG>0.1</RangeKG>
      <AG>0.1</AG>
      <PERC>0.92960500048419259</PERC>
      <Alpha>0</Alpha>
      <UZL>52.072494954288956</UZL>
      <K0>0.98124083603303869</K0>
      <K1>0.32816814231714797</K1>
      <K2>0.052117371900330618</K2>
      <MAXBAS>1</MAXBAS>
      <Cet>0.1892926661534324</Cet>
      <PCALT>3.4410217137922667</PCALT>
      <TCALT>0.31714781417409715</TCALT>
      <Pelev>436</Pelev>
      <Telev>436</Telev>
      <PART>0.5</PART>
      <DELAY>1</DELAY>
    </SubCatchmentParameters>
    <SubCatchmentVegetationZone>
      <SubCatchmentVegetationZoneParameters>
        <TT>-2.1740050255572529</TT>
        <CFMAX>2.6331119237481118</CFMAX>
        <SP>0</SP>
        <SFCF>0.99574875699090926</SFCF>
        <CFR>0.099810846346228915</CFR>
        <CWH>0.19993992699656804</CWH>
        <CFGlacier>1</CFGlacier>
        <CFSlope>1</CFSlope>
        <FC>1831.0523617285373</FC>
        <LP>0.58814858924027513</LP>
        <BETA>1.418826497151364</BETA>
      </SubCatchmentVegetationZoneParameters>
    </SubCatchmentVegetationZone>
  </SubCatchment>
</Catchment>