<?xml version="1.0" encoding="utf-8"?>
<Catchment xmlns:xsi="http://www.w3.org/2001/XMLSchema-instance" xmlns:xsd="http://www.w3.org/2001/XMLSchema">
  <CatchmentParameters>
    <KSI>0.001</KSI>
    <KGmin>0.05</KGmin>
    <RangeKG>0.1</RangeKG>
    <AG>0.1</AG>
    <PERC>1.08747678134814</PERC>
    <Alpha>0</Alpha>
    <UZL>50.798588096349278</UZL>
    <K0>0.9563631954041274</K0>
    <K1>0.33337453361971964</K1>
    <K2>0.054636158851804811</K2>
    <MAXBAS>1</MAXBAS>
    <Cet>0.072073531862763163</Cet>
    <PCALT>1.1913104263562153</PCALT>
    <TCALT>0.29357430970796083</TCALT>
    <Pelev>436</Pelev>
    <Telev>436</Telev>
    <PART>0.5</PART>
    <DELAY>1</DELAY>
  </CatchmentParameters>
  <VegetationZone>
    <VegetationZoneParameters>
      <TT>-2.1444962214866741</TT>
      <CFMAX>2.5331893791698321</CFMAX>
      <SP>0</SP>
      <SFCF>1.2688456674573674</SFCF>
      <CFR>0.076864815271761644</CFR>
      <CWH>0.19999999026097687</CWH>
      <CFGlacier>1</CFGlacier>
      <CFSlope>1</CFSlope>
      <FC>1860.2533839228836</FC>
      <LP>0.83545925196757786</LP>
      <BETA>1.9833195167727118</BETA>
    </VegetationZoneParameters>
  </VegetationZone>
  <SubCatchment>
    <SubCatchmentParameters>
      <KSI>0.001</KSI>
      <KGmin>0.05</KGmin>
      <RangeKG>0.1</RangeKG>
      <AG>0.1</AG>
      <PERC>1.08747678134814</PERC>
      <Alpha>0</Alpha>
      <UZL>50.798588096349278</UZL>
      <K0>0.9563631954041274</K0>
      <K1>0.33337453361971964</K1>
      <K2>0.054636158851804811</K2>
      <MAXBAS>1</MAXBAS>
      <Cet>0.072073531862763163</Cet>
      <PCALT>1.1913104263562153</PCALT>
      <TCALT>0.29357430970796083</TCALT>
      <Pelev>436</Pelev>
      <Telev>436</Telev>
      <PART>0.5</PART>
      <DELAY>1</DELAY>
    </SubCatchmentParameters>
    <SubCatchmentVegetationZone>
      <SubCatchmentVegetationZoneParameters>
        <TT>-2.1444962214866741</TT>
        <CFMAX>2.5331893791698321</CFMAX>
        <SP>0</SP>
        <SFCF>1.2688456674573674</SFCF>
        <CFR>0.076864815271761644</CFR>
        <CWH>0.19999999026097687</CWH>
        <CFGlacier>1</CFGlacier>
        <CFSlope>1</CFSlope>
        <FC>1860.2533839228836</FC>
        <LP>0.83545925196757786</LP>
        <BETA>1.9833195167727118</BETA>
      </SubCatchmentVegetationZoneParameters>
    </SubCatchmentVegetationZone>
  </SubCatchment>
</Catchment>