<?xml version="1.0" encoding="utf-8"?>
<Catchment xmlns:xsi="http://www.w3.org/2001/XMLSchema-instance" xmlns:xsd="http://www.w3.org/2001/XMLSchema">
  <CatchmentParameters>
    <KSI>0.001</KSI>
    <KGmin>0.05</KGmin>
    <RangeKG>0.1</RangeKG>
    <AG>0.1</AG>
    <PERC>1.0183495145254671</PERC>
    <Alpha>0</Alpha>
    <UZL>49.991609086294154</UZL>
    <K0>0.98997576996823244</K0>
    <K1>0.3318099409306276</K1>
    <K2>0.054189620792420533</K2>
    <MAXBAS>1</MAXBAS>
    <Cet>0.10481145141526348</Cet>
    <PCALT>3.5162105266309944</PCALT>
    <TCALT>0.26968442531056336</TCALT>
    <Pelev>436</Pelev>
    <Telev>436</Telev>
    <PART>0.5</PART>
    <DELAY>1</DELAY>
  </CatchmentParameters>
  <VegetationZone>
    <VegetationZoneParameters>
      <TT>-1.9887597636222865</TT>
      <CFMAX>2.51919115391226</CFMAX>
      <SP>0</SP>
      <SFCF>0.92784546467352913</SFCF>
      <CFR>0.099978414816031091</CFR>
      <CWH>0.19988279351190194</CWH>
      <CFGlacier>1</CFGlacier>
      <CFSlope>1</CFSlope>
      <FC>2245.5658729303891</FC>
      <LP>0.68448072890375256</LP>
      <BETA>1.6266429667795714</BETA>
    </VegetationZoneParameters>
  </VegetationZone>
  <SubCatchment>
    <SubCatchmentParameters>
      <KSI>0.001</KSI>
      <KGmin>0.05</KGmin>
      <RangeKG>0.1</RangeKG>
      <AG>0.1</AG>
      <PERC>1.0183495145254671</PERC>
      <Alpha>0</Alpha>
      <UZL>49.991609086294154</UZL>
      <K0>0.98997576996823244</K0>
      <K1>0.3318099409306276</K1>
      <K2>0.054189620792420533</K2>
      <MAXBAS>1</MAXBAS>
      <Cet>0.10481145141526348</Cet>
      <PCALT>3.5162105266309944</PCALT>
      <TCALT>0.26968442531056336</TCALT>
      <Pelev>436</Pelev>
      <Telev>436</Telev>
      <PART>0.5</PART>
      <DELAY>1</DELAY>
    </SubCatchmentParameters>
    <SubCatchmentVegetationZone>
      <SubCatchmentVegetationZoneParameters>
        <TT>-1.9887597636222865</TT>
        <CFMAX>2.51919115391226</CFMAX>
        <SP>0</SP>
        <SFCF>0.92784546467352913</SFCF>
        <CFR>0.099978414816031091</CFR>
        <CWH>0.19988279351190194</CWH>
        <CFGlacier>1</CFGlacier>
        <CFSlope>1</CFSlope>
        <FC>2245.5658729303891</FC>
        <LP>0.68448072890375256</LP>
        <BETA>1.6266429667795714</BETA>
      </SubCatchmentVegetationZoneParameters>
    </SubCatchmentVegetationZone>
  </SubCatchment>
</Catchment>