<?xml version="1.0" encoding="utf-8"?>
<Catchment xmlns:xsi="http://www.w3.org/2001/XMLSchema-instance" xmlns:xsd="http://www.w3.org/2001/XMLSchema">
  <CatchmentParameters>
    <KSI>0.001</KSI>
    <KGmin>0.05</KGmin>
    <RangeKG>0.1</RangeKG>
    <AG>0.1</AG>
    <PERC>0.79975938146523429</PERC>
    <Alpha>0</Alpha>
    <UZL>54.485598056249955</UZL>
    <K0>0.98999604678193265</K0>
    <K1>0.31607550898664494</K1>
    <K2>0.050017733148119616</K2>
    <MAXBAS>1</MAXBAS>
    <Cet>0.028055663724755448</Cet>
    <PCALT>0.53667775562720532</PCALT>
    <TCALT>0.1454147259282802</TCALT>
    <Pelev>436</Pelev>
    <Telev>436</Telev>
    <PART>0.5</PART>
    <DELAY>1</DELAY>
  </CatchmentParameters>
  <VegetationZone>
    <VegetationZoneParameters>
      <TT>-1.7957533256854505</TT>
      <CFMAX>2.9814549716166527</CFMAX>
      <SP>0</SP>
      <SFCF>1.2449425562811791</SFCF>
      <CFR>0.099805242449980389</CFR>
      <CWH>0.19981745148537197</CWH>
      <CFGlacier>1</CFGlacier>
      <CFSlope>1</CFSlope>
      <FC>1530.6249591765381</FC>
      <LP>0.69657577728536846</LP>
      <BETA>1.5727577182856953</BETA>
    </VegetationZoneParameters>
  </VegetationZone>
  <SubCatchment>
    <SubCatchmentParameters>
      <KSI>0.001</KSI>
      <KGmin>0.05</KGmin>
      <RangeKG>0.1</RangeKG>
      <AG>0.1</AG>
      <PERC>0.79975938146523429</PERC>
      <Alpha>0</Alpha>
      <UZL>54.485598056249955</UZL>
      <K0>0.98999604678193265</K0>
      <K1>0.31607550898664494</K1>
      <K2>0.050017733148119616</K2>
      <MAXBAS>1</MAXBAS>
      <Cet>0.028055663724755448</Cet>
      <PCALT>0.53667775562720532</PCALT>
      <TCALT>0.1454147259282802</TCALT>
      <Pelev>436</Pelev>
      <Telev>436</Telev>
      <PART>0.5</PART>
      <DELAY>1</DELAY>
    </SubCatchmentParameters>
    <SubCatchmentVegetationZone>
      <SubCatchmentVegetationZoneParameters>
        <TT>-1.7957533256854505</TT>
        <CFMAX>2.9814549716166527</CFMAX>
        <SP>0</SP>
        <SFCF>1.2449425562811791</SFCF>
        <CFR>0.099805242449980389</CFR>
        <CWH>0.19981745148537197</CWH>
        <CFGlacier>1</CFGlacier>
        <CFSlope>1</CFSlope>
        <FC>1530.6249591765381</FC>
        <LP>0.69657577728536846</LP>
        <BETA>1.5727577182856953</BETA>
      </SubCatchmentVegetationZoneParameters>
    </SubCatchmentVegetationZone>
  </SubCatchment>
</Catchment>