<?xml version="1.0" encoding="utf-8"?>
<Catchment xmlns:xsi="http://www.w3.org/2001/XMLSchema-instance" xmlns:xsd="http://www.w3.org/2001/XMLSchema">
  <CatchmentParameters>
    <KSI>0.001</KSI>
    <KGmin>0.05</KGmin>
    <RangeKG>0.1</RangeKG>
    <AG>0.1</AG>
    <PERC>0.72251402486159266</PERC>
    <Alpha>0</Alpha>
    <UZL>55.437180114161158</UZL>
    <K0>0.95718714089977786</K0>
    <K1>0.31503139084487075</K1>
    <K2>0.04819472700210084</K2>
    <MAXBAS>1</MAXBAS>
    <Cet>0.15551413177977994</Cet>
    <PCALT>0.67966215189743606</PCALT>
    <TCALT>0.1557925968259814</TCALT>
    <Pelev>436</Pelev>
    <Telev>436</Telev>
    <PART>0.5</PART>
    <DELAY>1</DELAY>
  </CatchmentParameters>
  <VegetationZone>
    <VegetationZoneParameters>
      <TT>-1.6504540803673145</TT>
      <CFMAX>2.5613178065816395</CFMAX>
      <SP>0</SP>
      <SFCF>0.89229243455431306</SFCF>
      <CFR>0.064281197932265638</CFR>
      <CWH>0.14634277852450398</CWH>
      <CFGlacier>1</CFGlacier>
      <CFSlope>1</CFSlope>
      <FC>1496.2643694479964</FC>
      <LP>0.82775846180701529</LP>
      <BETA>1.8209445957534669</BETA>
    </VegetationZoneParameters>
  </VegetationZone>
  <SubCatchment>
    <SubCatchmentParameters>
      <KSI>0.001</KSI>
      <KGmin>0.05</KGmin>
      <RangeKG>0.1</RangeKG>
      <AG>0.1</AG>
      <PERC>0.72251402486159266</PERC>
      <Alpha>0</Alpha>
      <UZL>55.437180114161158</UZL>
      <K0>0.95718714089977786</K0>
      <K1>0.31503139084487075</K1>
      <K2>0.04819472700210084</K2>
      <MAXBAS>1</MAXBAS>
      <Cet>0.15551413177977994</Cet>
      <PCALT>0.67966215189743606</PCALT>
      <TCALT>0.1557925968259814</TCALT>
      <Pelev>436</Pelev>
      <Telev>436</Telev>
      <PART>0.5</PART>
      <DELAY>1</DELAY>
    </SubCatchmentParameters>
    <SubCatchmentVegetationZone>
      <SubCatchmentVegetationZoneParameters>
        <TT>-1.6504540803673145</TT>
        <CFMAX>2.5613178065816395</CFMAX>
        <SP>0</SP>
        <SFCF>0.89229243455431306</SFCF>
        <CFR>0.064281197932265638</CFR>
        <CWH>0.14634277852450398</CWH>
        <CFGlacier>1</CFGlacier>
        <CFSlope>1</CFSlope>
        <FC>1496.2643694479964</FC>
        <LP>0.82775846180701529</LP>
        <BETA>1.8209445957534669</BETA>
      </SubCatchmentVegetationZoneParameters>
    </SubCatchmentVegetationZone>
  </SubCatchment>
</Catchment>