<?xml version="1.0" encoding="utf-8"?>
<Catchment xmlns:xsi="http://www.w3.org/2001/XMLSchema-instance" xmlns:xsd="http://www.w3.org/2001/XMLSchema">
  <CatchmentParameters>
    <KSI>0.001</KSI>
    <KGmin>0.05</KGmin>
    <RangeKG>0.1</RangeKG>
    <AG>0.1</AG>
    <PERC>0.83656349812287811</PERC>
    <Alpha>0</Alpha>
    <UZL>53.067414058305864</UZL>
    <K0>0.89466744029514078</K0>
    <K1>0.32863532912658294</K1>
    <K2>0.0511522022281389</K2>
    <MAXBAS>1</MAXBAS>
    <Cet>0.10107407133932413</Cet>
    <PCALT>2.6437644345701554</PCALT>
    <TCALT>0.4306775911444754</TCALT>
    <Pelev>436</Pelev>
    <Telev>436</Telev>
    <PART>0.5</PART>
    <DELAY>1</DELAY>
  </CatchmentParameters>
  <VegetationZone>
    <VegetationZoneParameters>
      <TT>-2.35828618545338</TT>
      <CFMAX>3.4118145963756636</CFMAX>
      <SP>0</SP>
      <SFCF>0.70186991668241294</SFCF>
      <CFR>0.066935472981251354</CFR>
      <CWH>0.19974341161298664</CWH>
      <CFGlacier>1</CFGlacier>
      <CFSlope>1</CFSlope>
      <FC>2057.7047636419816</FC>
      <LP>0.862716656399943</LP>
      <BETA>2.3732856410253733</BETA>
    </VegetationZoneParameters>
  </VegetationZone>
  <SubCatchment>
    <SubCatchmentParameters>
      <KSI>0.001</KSI>
      <KGmin>0.05</KGmin>
      <RangeKG>0.1</RangeKG>
      <AG>0.1</AG>
      <PERC>0.83656349812287811</PERC>
      <Alpha>0</Alpha>
      <UZL>53.067414058305864</UZL>
      <K0>0.89466744029514078</K0>
      <K1>0.32863532912658294</K1>
      <K2>0.0511522022281389</K2>
      <MAXBAS>1</MAXBAS>
      <Cet>0.10107407133932413</Cet>
      <PCALT>2.6437644345701554</PCALT>
      <TCALT>0.4306775911444754</TCALT>
      <Pelev>436</Pelev>
      <Telev>436</Telev>
      <PART>0.5</PART>
      <DELAY>1</DELAY>
    </SubCatchmentParameters>
    <SubCatchmentVegetationZone>
      <SubCatchmentVegetationZoneParameters>
        <TT>-2.35828618545338</TT>
        <CFMAX>3.4118145963756636</CFMAX>
        <SP>0</SP>
        <SFCF>0.70186991668241294</SFCF>
        <CFR>0.066935472981251354</CFR>
        <CWH>0.19974341161298664</CWH>
        <CFGlacier>1</CFGlacier>
        <CFSlope>1</CFSlope>
        <FC>2057.7047636419816</FC>
        <LP>0.862716656399943</LP>
        <BETA>2.3732856410253733</BETA>
      </SubCatchmentVegetationZoneParameters>
    </SubCatchmentVegetationZone>
  </SubCatchment>
</Catchment>