<?xml version="1.0" encoding="utf-8"?>
<Catchment xmlns:xsi="http://www.w3.org/2001/XMLSchema-instance" xmlns:xsd="http://www.w3.org/2001/XMLSchema">
  <CatchmentParameters>
    <KSI>0.001</KSI>
    <KGmin>0.05</KGmin>
    <RangeKG>0.1</RangeKG>
    <AG>0.1</AG>
    <PERC>1.104588602790513</PERC>
    <Alpha>0</Alpha>
    <UZL>163.0488794575663</UZL>
    <K0>0.44024811001320918</K0>
    <K1>0.37467864600373657</K1>
    <K2>0.05323889289458366</K2>
    <MAXBAS>1</MAXBAS>
    <Cet>0.1522407905718576</Cet>
    <PCALT>0.90206224389811718</PCALT>
    <TCALT>0.35769095762246367</TCALT>
    <Pelev>436</Pelev>
    <Telev>436</Telev>
    <PART>0.5</PART>
    <DELAY>1</DELAY>
  </CatchmentParameters>
  <VegetationZone>
    <VegetationZoneParameters>
      <TT>-1.9692217066830264</TT>
      <CFMAX>4.8532430774927038</CFMAX>
      <SP>0</SP>
      <SFCF>0.93352187081081317</SFCF>
      <CFR>0.043354893487728634</CFR>
      <CWH>0.12156074531028714</CWH>
      <CFGlacier>1</CFGlacier>
      <CFSlope>1</CFSlope>
      <FC>1640.0629925876581</FC>
      <LP>0.63402639566071517</LP>
      <BETA>1.1853466976742288</BETA>
    </VegetationZoneParameters>
  </VegetationZone>
  <SubCatchment>
    <SubCatchmentParameters>
      <KSI>0.001</KSI>
      <KGmin>0.05</KGmin>
      <RangeKG>0.1</RangeKG>
      <AG>0.1</AG>
      <PERC>1.104588602790513</PERC>
      <Alpha>0</Alpha>
      <UZL>163.0488794575663</UZL>
      <K0>0.44024811001320918</K0>
      <K1>0.37467864600373657</K1>
      <K2>0.05323889289458366</K2>
      <MAXBAS>1</MAXBAS>
      <Cet>0.1522407905718576</Cet>
      <PCALT>0.90206224389811718</PCALT>
      <TCALT>0.35769095762246367</TCALT>
      <Pelev>436</Pelev>
      <Telev>436</Telev>
      <PART>0.5</PART>
      <DELAY>1</DELAY>
    </SubCatchmentParameters>
    <SubCatchmentVegetationZone>
      <SubCatchmentVegetationZoneParameters>
        <TT>-1.9692217066830264</TT>
        <CFMAX>4.8532430774927038</CFMAX>
        <SP>0</SP>
        <SFCF>0.93352187081081317</SFCF>
        <CFR>0.043354893487728634</CFR>
        <CWH>0.12156074531028714</CWH>
        <CFGlacier>1</CFGlacier>
        <CFSlope>1</CFSlope>
        <FC>1640.0629925876581</FC>
        <LP>0.63402639566071517</LP>
        <BETA>1.1853466976742288</BETA>
      </SubCatchmentVegetationZoneParameters>
    </SubCatchmentVegetationZone>
  </SubCatchment>
</Catchment>