<?xml version="1.0" encoding="utf-8"?>
<Catchment xmlns:xsi="http://www.w3.org/2001/XMLSchema-instance" xmlns:xsd="http://www.w3.org/2001/XMLSchema">
  <CatchmentParameters>
    <KSI>0.001</KSI>
    <KGmin>0.05</KGmin>
    <RangeKG>0.1</RangeKG>
    <AG>0.1</AG>
    <PERC>0.82975299997121654</PERC>
    <Alpha>0</Alpha>
    <UZL>55.3547970649504</UZL>
    <K0>0.9270057338312413</K0>
    <K1>0.31407620760709254</K1>
    <K2>0.050700564457236939</K2>
    <MAXBAS>1</MAXBAS>
    <Cet>0.1338378523559639</Cet>
    <PCALT>0.0019541084253354149</PCALT>
    <TCALT>0.23745303274533394</TCALT>
    <Pelev>436</Pelev>
    <Telev>436</Telev>
    <PART>0.5</PART>
    <DELAY>1</DELAY>
  </CatchmentParameters>
  <VegetationZone>
    <VegetationZoneParameters>
      <TT>-1.8930124416173866</TT>
      <CFMAX>2.1738756329895668</CFMAX>
      <SP>0</SP>
      <SFCF>0.8300684947852176</SFCF>
      <CFR>0.0999609070715102</CFR>
      <CWH>0.15284366914699732</CWH>
      <CFGlacier>1</CFGlacier>
      <CFSlope>1</CFSlope>
      <FC>1595.9471736475787</FC>
      <LP>0.97555327851251583</LP>
      <BETA>2.2362742062461267</BETA>
    </VegetationZoneParameters>
  </VegetationZone>
  <SubCatchment>
    <SubCatchmentParameters>
      <KSI>0.001</KSI>
      <KGmin>0.05</KGmin>
      <RangeKG>0.1</RangeKG>
      <AG>0.1</AG>
      <PERC>0.82975299997121654</PERC>
      <Alpha>0</Alpha>
      <UZL>55.3547970649504</UZL>
      <K0>0.9270057338312413</K0>
      <K1>0.31407620760709254</K1>
      <K2>0.050700564457236939</K2>
      <MAXBAS>1</MAXBAS>
      <Cet>0.1338378523559639</Cet>
      <PCALT>0.0019541084253354149</PCALT>
      <TCALT>0.23745303274533394</TCALT>
      <Pelev>436</Pelev>
      <Telev>436</Telev>
      <PART>0.5</PART>
      <DELAY>1</DELAY>
    </SubCatchmentParameters>
    <SubCatchmentVegetationZone>
      <SubCatchmentVegetationZoneParameters>
        <TT>-1.8930124416173866</TT>
        <CFMAX>2.1738756329895668</CFMAX>
        <SP>0</SP>
        <SFCF>0.8300684947852176</SFCF>
        <CFR>0.0999609070715102</CFR>
        <CWH>0.15284366914699732</CWH>
        <CFGlacier>1</CFGlacier>
        <CFSlope>1</CFSlope>
        <FC>1595.9471736475787</FC>
        <LP>0.97555327851251583</LP>
        <BETA>2.2362742062461267</BETA>
      </SubCatchmentVegetationZoneParameters>
    </SubCatchmentVegetationZone>
  </SubCatchment>
</Catchment>