<?xml version="1.0" encoding="utf-8"?>
<Catchment xmlns:xsi="http://www.w3.org/2001/XMLSchema-instance" xmlns:xsd="http://www.w3.org/2001/XMLSchema">
  <CatchmentParameters>
    <KSI>0.001</KSI>
    <KGmin>0.05</KGmin>
    <RangeKG>0.1</RangeKG>
    <AG>0.1</AG>
    <PERC>1.0070812164707679</PERC>
    <Alpha>0</Alpha>
    <UZL>51.672174858748342</UZL>
    <K0>0.9899532194065277</K0>
    <K1>0.32542551855931012</K1>
    <K2>0.054071558110365278</K2>
    <MAXBAS>1</MAXBAS>
    <Cet>0.20309166902722078</Cet>
    <PCALT>3.1103778517217933</PCALT>
    <TCALT>0.29908257321051546</TCALT>
    <Pelev>436</Pelev>
    <Telev>436</Telev>
    <PART>0.5</PART>
    <DELAY>1</DELAY>
  </CatchmentParameters>
  <VegetationZone>
    <VegetationZoneParameters>
      <TT>-1.6810695950275456</TT>
      <CFMAX>3.2159139033793065</CFMAX>
      <SP>0</SP>
      <SFCF>0.58297858269442915</SFCF>
      <CFR>0.049227414546938512</CFR>
      <CWH>0.15704112126562148</CWH>
      <CFGlacier>1</CFGlacier>
      <CFSlope>1</CFSlope>
      <FC>2062.1456258169692</FC>
      <LP>0.79306437727726964</LP>
      <BETA>1.8094926832976359</BETA>
    </VegetationZoneParameters>
  </VegetationZone>
  <SubCatchment>
    <SubCatchmentParameters>
      <KSI>0.001</KSI>
      <KGmin>0.05</KGmin>
      <RangeKG>0.1</RangeKG>
      <AG>0.1</AG>
      <PERC>1.0070812164707679</PERC>
      <Alpha>0</Alpha>
      <UZL>51.672174858748342</UZL>
      <K0>0.9899532194065277</K0>
      <K1>0.32542551855931012</K1>
      <K2>0.054071558110365278</K2>
      <MAXBAS>1</MAXBAS>
      <Cet>0.20309166902722078</Cet>
      <PCALT>3.1103778517217933</PCALT>
      <TCALT>0.29908257321051546</TCALT>
      <Pelev>436</Pelev>
      <Telev>436</Telev>
      <PART>0.5</PART>
      <DELAY>1</DELAY>
    </SubCatchmentParameters>
    <SubCatchmentVegetationZone>
      <SubCatchmentVegetationZoneParameters>
        <TT>-1.6810695950275456</TT>
        <CFMAX>3.2159139033793065</CFMAX>
        <SP>0</SP>
        <SFCF>0.58297858269442915</SFCF>
        <CFR>0.049227414546938512</CFR>
        <CWH>0.15704112126562148</CWH>
        <CFGlacier>1</CFGlacier>
        <CFSlope>1</CFSlope>
        <FC>2062.1456258169692</FC>
        <LP>0.79306437727726964</LP>
        <BETA>1.8094926832976359</BETA>
      </SubCatchmentVegetationZoneParameters>
    </SubCatchmentVegetationZone>
  </SubCatchment>
</Catchment>