correlation,normality_v1,normality_v2,f1_slope,f1_r_squared,f1_pvalue,f2_spearmans,f2_pvalue
v1 Mean.Elevation..m. v2 Area..km2.,2.76E-05,0.016482597,23.49606249,0.20971808,0.074457794,0.725129158,0.001480358
v1 Relief..m. v2 Area..km2.,2.76E-05,0.377781472,12.88874263,0.587073063,0.000537487,0.834193299,5.89E-05
v1 Shrub v2 Area..km2.,2.76E-05,0.001503733,0.39298767,0.427758111,0.005988855,0.789314716,0.000277256
v1 Rock.Outcrop.Barren v2 Area..km2.,2.76E-05,6.89E-06,0.104363941,0.10328811,0.22482904,0.656618726,0.00572719
v1 Developed v2 Area..km2.,1.69E-05,8.63E-07,0.018298836,0.63058619,0.00040726,0.586619634,0.021524261
v1 Wetland v2 Area..km2.,2.76E-05,2.58E-05,0.077548004,0.857284555,2.70E-07,0.7883021,0.000285888
v1 Perennial.Snow.and.ice v2 Area..km2.,2.76E-05,3.32E-06,0.021772262,0.02075022,0.594554845,0.557223636,0.024936762
v1 Water.Storage..m. v2 Area..km2.,2.76E-05,0.878303251,-0.000652636,0.077627533,0.296050526,-0.515843913,0.040821806
v1 Water.Storage..mm. v2 Area..km2.,2.76E-05,0.878303251,-0.652636212,0.077627533,0.296050526,-0.515843913,0.040821806
v1 aridity.index v2 Area..km2.,2.76E-05,0.069805462,0.011349106,0.251935438,0.047579815,0.657332529,0.00565661
v1 SQ.b.value v2 Area..km2.,2.76E-05,0.430205442,0.016240288,0.057538366,0.370883005,0.65979453,0.005418482
v1 mean_per_as_snow v2 Area..km2.,2.76E-05,0.028914302,0.637412965,0.270341846,0.0389752,0.653903507,0.006002118
v1 seasonality_recharge_PET v2 Area..km2.,2.76E-05,0.319561906,0.017332712,0.233117538,0.058178394,0.724595778,0.001498228
v1 seasonality_Qsim_AET v2 Area..km2.,2.76E-05,0.153372353,0.010046658,0.188934014,0.09247616,0.703977199,0.002336472
v1 seasonality_recharge_AET v2 Area..km2.,2.76E-05,0.461119769,0.010749506,0.164855033,0.118651245,0.736377824,0.001142072
v1 seasonality_Q1_AET v2 Area..km2.,2.76E-05,0.163667368,0.01351585,0.215987193,0.069717559,0.671576575,0.004387285
v1 sd_per_as_snow v2 Lat,0.035750564,0.058170141,-1.307036532,0.434326644,0.005491109,-0.559234883,0.024309145
v1 Qsim_mean v2 Lat,0.035750564,0.171628067,98.65827881,0.542446091,0.001138527,0.557763212,0.024767179
v1 RBI v2 Lat,0.035750564,0.000783813,0.021082863,0.196754359,0.085253315,0.547461517,0.028161546
v1 Mean.Slope.... v2 Long,0.008820452,0.052268334,-0.570535582,0.201305768,0.081302854,-0.580383481,0.018418916
v1 Evergreen.Forest v2 Long,0.008820452,0.014044456,-2.174103684,0.494860195,0.002361417,-0.65438485,0.005952628
v1 Deciduous.Forest v2 Long,0.008820452,3.93E-07,1.302020238,0.6154455,0.000320282,0.530835825,0.03437518
v1 mean_IQR_Stot v2 Long,0.008820452,0.003184602,-8.897659616,0.504023711,0.002062194,-0.768778448,0.000501157
v1 mean_IQR_SSZ v2 Long,0.008820452,0.002338443,-8.47591126,0.477605833,0.00302985,-0.740796091,0.001027849
v1 mean_Max_Stot v2 Long,0.008820452,0.76676338,-20.67673811,0.49790268,0.002258098,-0.771723959,0.000462055
v1 mean_Max_SSZ v2 Long,0.008820452,0.448830407,-19.26779873,0.435840655,0.005381719,-0.664212797,0.005011268
v1 P_mean v2 Long,0.008820452,0.021933569,-19.11124982,0.195994825,0.08593026,-0.528023599,0.035521317
v1 Qsim_mean v2 Long,0.008820452,0.171628067,-8.550548773,0.086414087,0.269110624,-0.533137544,0.033458133
v1 PET_mean v2 Long,0.008820452,0.054016589,-11.26461281,0.12758429,0.174408265,-0.50850088,0.044292189
v1 seasonality_Q2_AET v2 Long,0.008820452,0.125075447,0.004643672,0.036515575,0.478365701,0.513991721,0.041677208
v1 Area..km2. v2 Mean.Elevation..m.,0.016482597,2.76E-05,0.008925669,0.20971808,0.074457794,0.725129158,0.001480358
v1 Relief..m. v2 Mean.Elevation..m.,0.016482597,0.377781472,0.240992677,0.540297613,0.001178373,0.823269514,8.92E-05
v1 Mean.Slope.... v2 Mean.Elevation..m.,0.016482597,0.052268334,0.002930166,0.049529475,0.407408363,0.53205615,0.033886639
v1 Soil.Clay.... v2 Mean.Elevation..m.,0.016482597,0.004146516,-0.007158611,0.461522948,0.003797503,-0.561119293,0.023732185
v1 Soil.Silt.... v2 Mean.Elevation..m.,0.016482597,0.441325579,-0.010168192,0.723815934,2.95E-05,-0.779086892,0.000375178
v1 Shrub v2 Mean.Elevation..m.,0.016482597,0.001503733,0.008945473,0.583446854,0.000572863,0.927133635,2.41E-07
v1 Rock.Outcrop.Barren v2 Mean.Elevation..m.,0.016482597,6.89E-06,0.003476277,0.301670214,0.027549798,0.789729532,0.000273782
v1 Wetland v2 Mean.Elevation..m.,0.016482597,2.58E-05,0.00082375,0.254641603,0.046213026,0.650209689,0.006392928
v1 Perennial.Snow.and.ice v2 Mean.Elevation..m.,0.016482597,3.32E-06,0.001499532,0.259108379,0.044036494,0.761751335,0.000605557
v1 Water.Capacity..cm.cm. v2 Mean.Elevation..m.,0.016482597,0.288195747,-3.60E-05,0.799553467,3.00E-06,-0.82285004,9.06E-05
v1 Water.Storage..m. v2 Mean.Elevation..m.,0.016482597,0.878303251,-3.68E-05,0.648207892,0.000168075,-0.770250368,0.00048129
v1 Water.Storage..mm. v2 Mean.Elevation..m.,0.016482597,0.878303251,-0.036757273,0.648207892,0.000168075,-0.770250368,0.00048129
v1 mean_per_as_snow v2 Mean.Elevation..m.,0.016482597,0.028914302,0.020495213,0.735750635,2.15E-05,0.837380653,5.19E-05
v1 AET_mean v2 Mean.Elevation..m.,0.016482597,0.003524969,-0.146626916,0.419818733,0.006643589,-0.591611639,0.015779106
v1 RBI v2 Mean.Elevation..m.,0.016482597,0.000783813,-8.83E-05,0.683144563,7.91E-05,-0.603385005,0.013337826
v1 seasonality_recharge_PET v2 Mean.Elevation..m.,0.016482597,0.319561906,0.000498917,0.508456092,0.001929811,0.660780164,0.005325426
v1 seasonality_Qsim_AET v2 Mean.Elevation..m.,0.016482597,0.153372353,0.00033318,0.546988088,0.001058148,0.706401957,0.002221699
v1 seasonality_recharge_AET v2 Mean.Elevation..m.,0.016482597,0.461119769,0.000332334,0.414791769,0.007090278,0.654893481,0.005900686
v1 seasonality_Q1_AET v2 Mean.Elevation..m.,0.016482597,0.163667368,0.000408099,0.518354052,0.00166077,0.666666847,0.004795904
v1 Area..km2. v2 Relief..m.,0.377781472,2.76E-05,0.045549289,0.587073063,0.000537487,0.834193299,5.89E-05
v1 Mean.Elevation..m. v2 Relief..m.,0.377781472,0.016482597,2.241966931,0.540297613,0.001178373,0.823269514,8.92E-05
v1 Mean.Slope.... v2 Relief..m.,0.377781472,0.052268334,0.025542257,0.404550382,0.008083736,0.704495401,0.002311549
v1 Soil.Silt.... v2 Relief..m.,0.377781472,0.441325579,-0.022147489,0.369117207,0.012548927,-0.567010309,0.0219962
v1 Shrub v2 Relief..m.,0.377781472,0.001503733,0.029715667,0.692054518,6.44E-05,0.834866724,5.73E-05
v1 Rock.Outcrop.Barren v2 Relief..m.,0.377781472,6.89E-06,0.012391653,0.412037611,0.007346151,0.788038463,0.000288172
v1 Developed v2 Relief..m.,0.459738055,8.63E-07,0.000958426,0.400535086,0.011332591,0.586094695,0.021670251
v1 Wetland v2 Relief..m.,0.377781472,2.58E-05,0.003973596,0.636913161,0.000211224,0.757163241,0.000682905
v1 Perennial.Snow.and.ice v2 Relief..m.,0.377781472,3.32E-06,0.0041103,0.209262576,0.0748139,0.583880465,0.017562556
v1 Water.Capacity..cm.cm. v2 Relief..m.,0.377781472,0.288195747,-7.28E-05,0.352025904,0.015405282,-0.572288496,0.020525498
v1 Water.Storage..m. v2 Relief..m.,0.377781472,0.878303251,-6.59E-05,0.223877407,0.064157546,-0.516936672,0.040323361
v1 Water.Storage..mm. v2 Relief..m.,0.377781472,0.878303251,-0.065887637,0.223877407,0.064157546,-0.516936672,0.040323361
v1 SQ.b.value v2 Relief..m.,0.377781472,0.430205442,0.00176867,0.19310452,0.088553888,0.497424712,0.049938344
v1 mean_per_as_snow v2 Relief..m.,0.377781472,0.028914302,0.046809902,0.41254934,0.007297997,0.687270238,0.003264534
v1 RR v2 Relief..m.,0.377781472,0.49275371,0.000379322,0.459406383,0.003910324,0.537159822,0.031900269
v1 Long v2 Mean.Slope....,0.052268334,0.008820452,-0.352836482,0.201305768,0.081302854,-0.580383481,0.018418916
v1 Mean.Elevation..m. v2 Mean.Slope....,0.052268334,0.016482597,16.90330286,0.049529475,0.407408363,0.53205615,0.033886639
v1 Relief..m. v2 Mean.Slope....,0.052268334,0.377781472,15.83847417,0.404550382,0.008083736,0.704495401,0.002311549
v1 Rock.Outcrop.Barren v2 Mean.Slope....,0.052268334,6.89E-06,0.260208253,0.292999182,0.030357155,0.566925962,0.022020343
v1 Ksat..um.sec. v2 Mean.Slope....,0.052268334,1.62E-05,1.172161252,0.146692295,0.143120543,0.586588221,0.016920973
v1 soil_perm v2 Mean.Slope....,0.052268334,1.62E-05,1.20E-10,0.146692295,0.143120543,0.586588221,0.016920973
v1 mean_Max_Stot v2 Mean.Slope....,0.052268334,0.76676338,16.32889697,0.502115188,0.002121609,0.596466037,0.014733601
v1 mean_Max_SSZ v2 Mean.Slope....,0.052268334,0.448830407,15.89366035,0.479535367,0.002947647,0.546392345,0.028533195
v1 PET_mean v2 Mean.Slope....,0.052268334,0.054016589,17.17081008,0.479353039,0.00295533,0.549151387,0.027581695
v1 RR v2 Mean.Slope....,0.052268334,0.49275371,0.009370061,0.452077204,0.004324206,0.555228879,0.025571444
v1 totS v2 Mean.Slope....,0.052268334,0.333911987,13.30148764,0.561214627,0.000837553,0.513991721,0.041677208
v1 Mean.Elevation..m. v2 Soil.Clay....,0.004146516,0.016482597,-64.47102241,0.461522948,0.003797503,-0.561119293,0.023732185
v1 Soil.Silt.... v2 Soil.Clay....,0.004146516,0.441325579,0.890916706,0.616991337,0.000311055,0.740795287,0.001027869
v1 Average.Porosity v2 Soil.Clay....,0.004146516,0.027995515,0.001814655,0.181297938,0.100098024,0.53682805,0.032026641
v1 Rock.Outcrop.Barren v2 Soil.Clay....,0.004146516,6.89E-06,-0.257578975,0.183902953,0.097431754,-0.55297978,0.026301826
v1 Water.Capacity..cm.cm. v2 Soil.Clay....,0.004146516,0.288195747,0.002798271,0.537427249,0.001233508,0.686449673,0.003316807
v1 Water.Storage..m. v2 Soil.Clay....,0.004146516,0.878303251,0.0025325,0.341657485,0.017410601,0.646539028,0.006801106
v1 Water.Storage..mm. v2 Soil.Clay....,0.004146516,0.878303251,2.532500268,0.341657485,0.017410601,0.646539028,0.006801106
v1 mean_IQR_SDZ v2 Soil.Clay....,0.004146516,0.022087758,-1.062087518,0.273943779,0.037469764,-0.640176774,0.007557496
v1 mean_Max_SDZ v2 Soil.Clay....,0.004146516,0.007008062,-3.417605584,0.268246625,0.039876366,-0.685798567,0.003358763
v1 mean_per_as_snow v2 Soil.Clay....,0.004146516,0.028914302,-1.474992591,0.423125946,0.006363516,-0.569536578,0.021282483
v1 AET_mean v2 Soil.Clay....,0.004146516,0.003524969,10.16041179,0.223831508,0.064188642,0.506254736,0.045396556
v1 PET_mean v2 Soil.Clay....,0.004146516,0.054016589,11.55394344,0.139020228,0.154927688,0.505172071,0.045936162
v1 RBI v2 Soil.Clay....,0.004146516,0.000783813,0.008424778,0.690147606,6.73E-05,0.544518175,0.029193685
v1 SLZ_ann v2 Soil.Clay....,0.004146516,0.002491452,-1.435873353,0.245460263,0.051004358,-0.629875079,0.008922413
v1 Evergreen.Forest v2 Soil.Sand....,0.102059092,0.014044456,1.019215873,0.385479653,0.010268927,0.648011782,0.006634917
v1 SQ.b.value v2 Soil.Sand....,0.102059092,0.430205442,-0.025212325,0.138710255,0.155425057,-0.51508476,0.041170796
v1 sd_per_as_snow v2 Soil.Sand....,0.102059092,0.058170141,0.167833686,0.538335999,0.001215813,0.765268787,0.000551268
v1 PET_mean v2 Soil.Sand....,0.102059092,0.054016589,-10.49568485,0.392584648,0.009399952,-0.567210747,0.021938907
v1 mean_Q0 v2 Soil.Sand....,0.102059092,0.000138077,-0.000186696,0.013691081,0.666063227,-0.498896382,0.049158861
v1 RBI v2 Soil.Sand....,0.102059092,0.000783813,-0.003469063,0.400445842,0.008515433,-0.582781615,0.017828244
v1 sd_RBI v2 Soil.Sand....,0.102059092,4.43E-05,-0.000263664,0.398337664,0.008745042,-0.778513824,0.000381414
v1 SUZ_ann v2 Soil.Sand....,0.102059092,0.412994404,-5.623733064,0.219502812,0.067186131,-0.506254736,0.045396556
v1 totS v2 Soil.Sand....,0.102059092,0.333911987,-5.781701982,0.232422297,0.058609369,-0.545989846,0.028674071
v1 Mean.Elevation..m. v2 Soil.Silt....,0.441325579,0.016482597,-71.18433096,0.723815934,2.95E-05,-0.779086892,0.000375178
v1 Relief..m. v2 Soil.Silt....,0.441325579,0.377781472,-16.66632343,0.369117207,0.012548927,-0.567010309,0.0219962
v1 Soil.Clay.... v2 Soil.Silt....,0.441325579,0.004146516,0.692535377,0.616991337,0.000311055,0.740795287,0.001027869
v1 Shrub v2 Soil.Silt....,0.441325579,0.001503733,-0.653331846,0.4445511,0.004789026,-0.739623462,0.00105721
v1 Rock.Outcrop.Barren v2 Soil.Silt....,0.441325579,6.89E-06,-0.354781537,0.448833272,0.004519421,-0.634151123,0.008334016
v1 Wetland v2 Soil.Silt....,0.441325579,2.58E-05,-0.069963905,0.262388897,0.042498947,-0.55344219,0.026150372
v1 Perennial.Snow.and.ice v2 Soil.Silt....,0.441325579,3.32E-06,-0.137046306,0.309146204,0.025321715,-0.607081013,0.012635911
v1 Water.Capacity..cm.cm. v2 Soil.Silt....,0.441325579,0.288195747,0.003069285,0.831782685,8.65E-07,0.853984906,2.56E-05
v1 Water.Storage..m. v2 Soil.Silt....,0.441325579,0.878303251,0.003217782,0.709578445,4.23E-05,0.808541973,0.000149893
v1 Water.Storage..mm. v2 Soil.Silt....,0.441325579,0.878303251,3.217782368,0.709578445,4.23E-05,0.808541973,0.000149893
v1 mean_IQR_SDZ v2 Soil.Silt....,0.441325579,0.022087758,-1.118068082,0.39054625,0.00964228,-0.678440213,0.003863343
v1 mean_Max_SDZ v2 Soil.Silt....,0.441325579,0.007008062,-3.557218223,0.373857881,0.011845822,-0.77115547,0.000469399
v1 mean_per_as_snow v2 Soil.Silt....,0.441325579,0.028914302,-1.715224335,0.736083321,2.13E-05,-0.81089058,0.000138406
v1 sd_per_as_snow v2 Soil.Silt....,0.441325579,0.058170141,-0.195048133,0.273325196,0.037724429,-0.5533482,0.026181102
v1 AET_mean v2 Soil.Silt....,0.441325579,0.003524969,13.0228297,0.473047185,0.003232129,0.724062006,0.001516286
v1 RBI v2 Soil.Silt....,0.441325579,0.000783813,0.007647516,0.731578722,2.41E-05,0.762325446,0.000596408
v1 SLZ_ann v2 Soil.Silt....,0.441325579,0.002491452,-1.650654528,0.417307737,0.006863486,-0.753495421,0.000750419
v1 Average.Permeability v2 Soil.Depth..m.,0.439254431,0.031385792,0.725207756,0.222006549,0.065436624,0.556159808,0.025273723
v1 Wetland v2 Soil.Depth..m.,0.439254431,2.58E-05,-1.772789013,0.280071463,0.035031144,-0.544953812,0.029039129
v1 Perennial.Snow.and.ice v2 Soil.Depth..m.,0.439254431,3.32E-06,-3.016821914,0.249049676,0.049078668,-0.549079642,0.027606126
v1 mean_per_as_snow v2 Soil.Depth..m.,0.439254431,0.028914302,-18.14196953,0.136902496,0.158358434,-0.537159822,0.031900269
v1 mean_Q0 v2 Soil.Depth..m.,0.439254431,0.000138077,-0.035773118,0.314152086,0.023922846,-0.707873628,0.002154298
v1 seasonality_Q1_AET v2 Soil.Depth..m.,0.439254431,0.163667368,-0.528139229,0.206162238,0.077281178,-0.507726407,0.04467068
v1 Soil.Depth..m. v2 Average.Permeability,0.031385792,0.439254431,0.306128205,0.222006549,0.065436624,0.556159808,0.025273723
v1 perm_ratio_log10 v2 Average.Permeability,0.031385792,0.371408642,-0.862154613,0.675857179,9.31E-05,-0.64240919,0.007284851
v1 seasonality_Q1_AET v2 Average.Permeability,0.031385792,0.163667368,-0.453553701,0.360187627,0.013975644,-0.508199853,0.044439017
v1 Soil.Clay.... v2 Average.Porosity,0.027995515,0.004146516,99.90765958,0.181297938,0.100098024,0.53682805,0.032026641
v1 Developed v2 Average.Porosity,0.055038006,8.63E-07,6.081856696,0.340525808,0.022389867,0.593030968,0.019801145
v1 PET_mean v2 Average.Porosity,0.027995515,0.054016589,3491.317258,0.230563973,0.059776099,0.565262544,0.022500673
v1 Long v2 Evergreen.Forest,0.014044456,0.008820452,-0.227615729,0.494860195,0.002361417,-0.65438485,0.005952628
v1 Soil.Sand.... v2 Evergreen.Forest,0.014044456,0.102059092,0.37821198,0.385479653,0.010268927,0.648011782,0.006634917
v1 Herbaceous v2 Evergreen.Forest,0.014044456,6.08E-05,-0.533854548,0.408219369,0.007714452,-0.671735819,0.004374516
v1 mean_IQR_Stot v2 Evergreen.Forest,0.014044456,0.003184602,2.469785063,0.37093319,0.012275295,0.701986945,0.002434226
v1 mean_IQR_SSZ v2 Evergreen.Forest,0.014044456,0.002338443,2.434134374,0.376239078,0.011506145,0.738778714,0.001078783
v1 mean_Max_Stot v2 Evergreen.Forest,0.014044456,0.76676338,4.177472961,0.194126885,0.087617155,0.509198078,0.043953521
v1 sd_per_as_snow v2 Evergreen.Forest,0.014044456,0.058170141,0.072038676,0.267274485,0.040300987,0.654893481,0.005900686
v1 sd_RBI v2 Evergreen.Forest,0.014044456,4.43E-05,-0.000137848,0.293415709,0.030216539,-0.719646994,0.00167256
v1 seasonality_recharge_PET v2 Evergreen.Forest,0.014044456,0.319561906,-0.011061223,0.255912675,0.045583722,-0.590139968,0.016107215
v1 seasonality_recharge_AET v2 Evergreen.Forest,0.014044456,0.461119769,-0.008446574,0.27436585,0.037296911,-0.557763212,0.024767179
v1 seasonality_Q1_AET v2 Evergreen.Forest,0.014044456,0.163667368,-0.007574055,0.182827593,0.098523923,-0.51361309,0.041853716
v1 Area..km2. v2 Shrub,0.001503733,2.76E-05,1.088477181,0.427758111,0.005988855,0.789314716,0.000277256
v1 Mean.Elevation..m. v2 Shrub,0.001503733,0.016482597,65.22258473,0.583446854,0.000572863,0.927133635,2.41E-07
v1 Relief..m. v2 Shrub,0.001503733,0.377781472,23.28921397,0.692054518,6.44E-05,0.834866724,5.73E-05
v1 Soil.Silt.... v2 Shrub,0.001503733,0.441325579,-0.680436906,0.4445511,0.004789026,-0.739623462,0.00105721
v1 Rock.Outcrop.Barren v2 Shrub,0.001503733,6.89E-06,0.436107963,0.651173956,0.000158103,0.710851515,0.002022983
v1 Wetland v2 Shrub,0.001503733,2.58E-05,0.108025136,0.600610595,0.000421664,0.7367869,0.001131079
v1 Perennial.Snow.and.ice v2 Shrub,0.001503733,3.32E-06,0.173792109,0.477348238,0.003040975,0.75800626,0.000668116
v1 Water.Capacity..cm.cm. v2 Shrub,0.001503733,0.288195747,-0.002299904,0.448436384,0.004543832,-0.749817993,0.000823514
v1 Water.Storage..m. v2 Shrub,0.001503733,0.878303251,-0.002592554,0.44227122,0.00493829,-0.741111638,0.001020063
v1 Water.Storage..mm. v2 Shrub,0.001503733,0.878303251,-2.592554034,0.44227122,0.00493829,-0.741111638,0.001020063
v1 SQ.b.value v2 Shrub,0.001503733,0.430205442,0.065192219,0.33475047,0.018873988,0.502633489,0.047220178
v1 mean_per_as_snow v2 Shrub,0.001503733,0.028914302,1.43059261,0.49165792,0.002474628,0.853584683,2.60E-05
v1 AET_mean v2 Shrub,0.001503733,0.003524969,-8.748265335,0.204966837,0.078253072,-0.566577986,0.022120165
v1 seasonality_recharge_PET v2 Shrub,0.001503733,0.319561906,0.047654211,0.636215234,0.000214179,0.672160761,0.004340586
v1 seasonality_Qsim_AET v2 Shrub,0.001503733,0.153372353,0.026707526,0.482051898,0.00284339,0.736105258,0.001149444
v1 seasonality_recharge_AET v2 Shrub,0.001503733,0.461119769,0.031431946,0.50889403,0.001917145,0.654315785,0.005959709
v1 seasonality_Q1_AET v2 Shrub,0.001503733,0.163667368,0.035768984,0.546152664,0.001072549,0.657289948,0.005660801
v1 Evergreen.Forest v2 Herbaceous,6.08E-05,0.014044456,-0.764664029,0.408219369,0.007714452,-0.671735819,0.004374516
v1 sd_per_as_snow v2 Herbaceous,6.08E-05,0.058170141,-0.070470294,0.178562604,0.102974117,-0.514269821,0.041547921
v1 sd_RBI v2 Herbaceous,6.08E-05,4.43E-05,0.000234554,0.593087733,0.000482998,0.532209466,0.033825636
v1 seasonality_Q2_AET v2 Herbaceous,6.08E-05,0.125075447,0.003210256,0.116376359,0.195983819,0.499320117,0.048936115
v1 Area..km2. v2 Rock.Outcrop.Barren,6.89E-06,2.76E-05,0.989691551,0.10328811,0.22482904,0.656618726,0.00572719
v1 Mean.Elevation..m. v2 Rock.Outcrop.Barren,6.89E-06,0.016482597,86.77968397,0.301670214,0.027549798,0.789729532,0.000273782
v1 Relief..m. v2 Rock.Outcrop.Barren,6.89E-06,0.377781472,33.25122128,0.412037611,0.007346151,0.788038463,0.000288172
v1 Mean.Slope.... v2 Rock.Outcrop.Barren,6.89E-06,0.052268334,1.126018024,0.292999182,0.030357155,0.566925962,0.022020343
v1 Soil.Clay.... v2 Rock.Outcrop.Barren,6.89E-06,0.004146516,-0.713967252,0.183902953,0.097431754,-0.55297978,0.026301826
v1 Soil.Silt.... v2 Rock.Outcrop.Barren,6.89E-06,0.441325579,-1.265097602,0.448833272,0.004519421,-0.634151123,0.008334016
v1 Shrub v2 Rock.Outcrop.Barren,6.89E-06,0.001503733,1.493148511,0.651173956,0.000158103,0.710851515,0.002022983
v1 Wetland v2 Rock.Outcrop.Barren,6.89E-06,2.58E-05,0.148175582,0.330056001,0.019931061,0.598445094,0.014323231
v1 Perennial.Snow.and.ice v2 Rock.Outcrop.Barren,6.89E-06,3.32E-06,0.415392484,0.796495812,3.34E-06,0.653782925,0.006014568
v1 Water.Capacity..cm.cm. v2 Rock.Outcrop.Barren,6.89E-06,0.288195747,-0.004174743,0.431550801,0.005696795,-0.72266443,0.00156441
v1 Water.Storage..m. v2 Rock.Outcrop.Barren,6.89E-06,0.878303251,-0.004697174,0.42403082,0.006288736,-0.642606472,0.007261138
v1 Water.Storage..mm. v2 Rock.Outcrop.Barren,6.89E-06,0.878303251,-4.697174377,0.42403082,0.006288736,-0.642606472,0.007261138
v1 mean_IQR_SSZ v2 Rock.Outcrop.Barren,6.89E-06,0.002338443,-5.574549689,0.07719717,0.297449154,-0.523845989,0.037276985
v1 mean_per_as_snow v2 Rock.Outcrop.Barren,6.89E-06,0.028914302,2.016708288,0.285369965,0.033041025,0.664101528,0.005021213
v1 RBI v2 Rock.Outcrop.Barren,6.89E-06,0.000783813,-0.005239343,0.096296579,0.24210586,-0.513707034,0.041809869
v1 SLZ_ann v2 Rock.Outcrop.Barren,6.89E-06,0.002491452,3.681957099,0.582288868,0.000584579,0.505257906,0.045893208
v1 seasonality_recharge_PET v2 Rock.Outcrop.Barren,6.89E-06,0.319561906,0.063723708,0.332272642,0.019425441,0.589749194,0.016195224
v1 seasonality_Qsim_AET v2 Rock.Outcrop.Barren,6.89E-06,0.153372353,0.029356277,0.170105919,0.112386566,0.577920414,0.019041267
v1 seasonality_recharge_AET v2 Rock.Outcrop.Barren,6.89E-06,0.461119769,0.042226182,0.268249834,0.039874971,0.557642504,0.024805039
v1 seasonality_Q1_AET v2 Rock.Outcrop.Barren,6.89E-06,0.163667368,0.048105706,0.288526065,0.031905442,0.571161111,0.020833055
v1 Area..km2. v2 Developed,8.63E-07,1.69E-05,34.46045455,0.63058619,0.00040726,0.586619634,0.021524261
v1 Relief..m. v2 Developed,8.63E-07,0.459738055,417.9090909,0.400535086,0.011332591,0.586094695,0.021670251
v1 Average.Porosity v2 Developed,8.63E-07,0.055038006,0.055990436,0.340525808,0.022389867,0.593030968,0.019801145
v1 Wetland v2 Developed,8.63E-07,7.16E-06,2.363636364,0.494272484,0.003459137,0.700785836,0.003611748
v1 aridity.index v2 Developed,8.63E-07,0.087495148,0.406024582,0.180108361,0.114870326,0.537756988,0.038677504
v1 Area..km2. v2 Wetland,2.58E-05,2.76E-05,11.05488865,0.857284555,2.70E-07,0.7883021,0.000285888
v1 Mean.Elevation..m. v2 Wetland,2.58E-05,0.016482597,309.1246978,0.254641603,0.046213026,0.650209689,0.006392928
v1 Relief..m. v2 Wetland,2.58E-05,0.377781472,160.2863203,0.636913161,0.000211224,0.757163241,0.000682905
v1 Soil.Silt.... v2 Wetland,2.58E-05,0.441325579,-3.750346665,0.262388897,0.042498947,-0.55344219,0.026150372
v1 Soil.Depth..m. v2 Wetland,2.58E-05,0.439254431,-0.157983528,0.280071463,0.035031144,-0.544953812,0.029039129
v1 Shrub v2 Wetland,2.58E-05,0.001503733,5.559915164,0.600610595,0.000421664,0.7367869,0.001131079
v1 Rock.Outcrop.Barren v2 Wetland,2.58E-05,6.89E-06,2.227465536,0.330056001,0.019931061,0.598445094,0.014323231
v1 Developed v2 Wetland,7.16E-06,8.63E-07,0.209115282,0.494272484,0.003459137,0.700785836,0.003611748
v1 Perennial.Snow.and.ice v2 Wetland,2.58E-05,3.32E-06,0.601272534,0.111013197,0.207291068,0.558276271,0.024606752
v1 Water.Storage..m. v2 Wetland,2.58E-05,0.878303251,-0.012548338,0.201308501,0.081300535,-0.577209646,0.019223853
v1 Water.Storage..mm. v2 Wetland,2.58E-05,0.878303251,-12.54833791,0.201308501,0.081300535,-0.577209646,0.019223853
v1 aridity.index v2 Wetland,2.58E-05,0.069805462,0.151781628,0.3160972,0.023398516,0.629837584,0.008927714
v1 mean_per_as_snow v2 Wetland,2.58E-05,0.028914302,7.680776006,0.275358155,0.036893415,0.700624218,0.002503048
v1 seasonality_recharge_AET v2 Wetland,2.58E-05,0.461119769,0.139490532,0.194729141,0.08706982,0.559820804,0.024128609
v1 Long v2 Deciduous.Forest,3.93E-07,0.008820452,0.472685049,0.6154455,0.000320282,0.530835825,0.03437518
v1 mean_IQR_Stot v2 Deciduous.Forest,3.93E-07,0.003184602,-2.585823227,0.11725812,0.194188554,-0.742076453,0.000996556
v1 mean_IQR_SSZ v2 Deciduous.Forest,3.93E-07,0.002338443,-2.530392035,0.117251475,0.194202018,-0.703666699,0.00235151
v1 Perennial.Snow.and.ice v2 Open.Water,4.55E-08,3.32E-06,3.05,0.726994464,2.72E-05,0.551877276,0.026665641
v1 Area..km2. v2 Perennial.Snow.and.ice,3.32E-06,2.76E-05,0.953057636,0.02075022,0.594554845,0.557223636,0.024936762
v1 Mean.Elevation..m. v2 Perennial.Snow.and.ice,3.32E-06,0.016482597,172.7928199,0.259108379,0.044036494,0.761751335,0.000605557
v1 Relief..m. v2 Perennial.Snow.and.ice,3.32E-06,0.377781472,50.91175513,0.209262576,0.0748139,0.583880465,0.017562556
v1 Soil.Silt.... v2 Perennial.Snow.and.ice,3.32E-06,0.441325579,-2.255779184,0.309146204,0.025321715,-0.607081013,0.012635911
v1 Soil.Depth..m. v2 Perennial.Snow.and.ice,3.32E-06,0.439254431,-0.082553655,0.249049676,0.049078668,-0.549079642,0.027606126
v1 Shrub v2 Perennial.Snow.and.ice,3.32E-06,0.001503733,2.746662325,0.477348238,0.003040975,0.75800626,0.000668116
v1 Rock.Outcrop.Barren v2 Perennial.Snow.and.ice,3.32E-06,6.89E-06,1.917453598,0.796495812,3.34E-06,0.653782925,0.006014568
v1 Wetland v2 Perennial.Snow.and.ice,3.32E-06,2.58E-05,0.184630414,0.111013197,0.207291068,0.558276271,0.024606752
v1 Open.Water v2 Perennial.Snow.and.ice,3.32E-06,4.55E-08,0.238358841,0.726994464,2.72E-05,0.551877276,0.026665641
v1 Water.Capacity..cm.cm. v2 Perennial.Snow.and.ice,3.32E-06,0.288195747,-0.007852796,0.330791817,0.019761916,-0.559567312,0.024206589
v1 Water.Storage..m. v2 Perennial.Snow.and.ice,3.32E-06,0.878303251,-0.008998331,0.33711787,0.018360362,-0.599347497,0.014139103
v1 Water.Storage..mm. v2 Perennial.Snow.and.ice,3.32E-06,0.878303251,-8.998331179,0.33711787,0.018360362,-0.599347497,0.014139103
v1 SQ.b.value v2 Perennial.Snow.and.ice,3.32E-06,0.430205442,0.22659932,0.255900805,0.045589561,0.618226207,0.010693224
v1 mean_per_as_snow v2 Perennial.Snow.and.ice,3.32E-06,0.028914302,4.151332263,0.261957512,0.042698254,0.685844698,0.003355776
v1 seasonality_recharge_PET v2 Perennial.Snow.and.ice,3.32E-06,0.319561906,0.13831649,0.339136238,0.017932464,0.709028181,0.00210259
v1 seasonality_Qsim_AET v2 Perennial.Snow.and.ice,3.32E-06,0.153372353,0.063667266,0.173333958,0.108698166,0.627885991,0.009207079
v1 seasonality_recharge_AET v2 Perennial.Snow.and.ice,3.32E-06,0.461119769,0.100721769,0.330640689,0.01979655,0.712892095,0.001936811
v1 seasonality_Q1_AET v2 Perennial.Snow.and.ice,3.32E-06,0.163667368,0.108799313,0.31972599,0.022448126,0.745735362,0.0009114
v1 Mean.Slope.... v2 Ksat..um.sec.,1.62E-05,0.052268334,0.125146856,0.146692295,0.143120543,0.586588221,0.016920973
v1 soil_perm v2 Ksat..um.sec.,1.62E-05,1.62E-05,1.02E-10,1,4.17E-221,1,0
v1 Mean.Elevation..m. v2 Water.Capacity..cm.cm.,0.288195747,0.016482597,-22231.14361,0.799553467,3.00E-06,-0.82285004,9.06E-05
v1 Relief..m. v2 Water.Capacity..cm.cm.,0.288195747,0.377781472,-4836.293872,0.352025904,0.015405282,-0.572288496,0.020525498
v1 Soil.Clay.... v2 Water.Capacity..cm.cm.,0.288195747,0.004146516,192.05693,0.537427249,0.001233508,0.686449673,0.003316807
v1 Soil.Silt.... v2 Water.Capacity..cm.cm.,0.288195747,0.441325579,271.0020951,0.831782685,8.65E-07,0.853984906,2.56E-05
v1 Shrub v2 Water.Capacity..cm.cm.,0.288195747,0.001503733,-194.980471,0.448436384,0.004543832,-0.749817993,0.000823514
v1 Rock.Outcrop.Barren v2 Water.Capacity..cm.cm.,0.288195747,6.89E-06,-103.3718202,0.431550801,0.005696795,-0.72266443,0.00156441
v1 Perennial.Snow.and.ice v2 Water.Capacity..cm.cm.,0.288195747,3.32E-06,-42.12408346,0.330791817,0.019761916,-0.559567312,0.024206589
v1 Water.Storage..m. v2 Water.Capacity..cm.cm.,0.288195747,0.878303251,0.984141485,0.751738401,1.38E-05,0.882154547,6.16E-06
v1 Water.Storage..mm. v2 Water.Capacity..cm.cm.,0.288195747,0.878303251,984.1414849,0.751738401,1.38E-05,0.882154547,6.16E-06
v1 mean_per_as_snow v2 Water.Capacity..cm.cm.,0.288195747,0.028914302,-446.7324019,0.565515618,0.000779319,-0.672611046,0.004304864
v1 P_mean v2 Water.Capacity..cm.cm.,0.288195747,0.021933569,5472.549904,0.242526088,0.052630626,0.622414522,0.010027282
v1 AET_mean v2 Water.Capacity..cm.cm.,0.288195747,0.003524969,3368.058794,0.358358447,0.014285253,0.588164285,0.01655602
v1 RBI v2 Water.Capacity..cm.cm.,0.288195747,0.000783813,1.972164447,0.551024693,0.000990924,0.788169772,0.000287033
v1 seasonality_Qsim_AET v2 Water.Capacity..cm.cm.,0.288195747,0.153372353,-6.654702589,0.353022497,0.015223943,-0.497791435,0.049743252
v1 seasonality_Q1_AET v2 Water.Capacity..cm.cm.,0.288195747,0.163667368,-8.367698096,0.352558725,0.01530809,-0.50816209,0.044457462
v1 Area..km2. v2 Water.Storage..m.,0.878303251,2.76E-05,-118.9445693,0.077627533,0.296050526,-0.515843913,0.040821806
v1 Mean.Elevation..m. v2 Water.Storage..m.,0.878303251,0.016482597,-17634.82015,0.648207892,0.000168075,-0.770250368,0.00048129
v1 Relief..m. v2 Water.Storage..m.,0.878303251,0.377781472,-3397.866675,0.223877407,0.064157546,-0.516936672,0.040323361
v1 Soil.Clay.... v2 Water.Storage..m.,0.878303251,0.004146516,134.9091606,0.341657485,0.017410601,0.646539028,0.006801106
v1 Soil.Silt.... v2 Water.Storage..m.,0.878303251,0.441325579,220.5178486,0.709578445,4.23E-05,0.808541973,0.000149893
v1 Shrub v2 Water.Storage..m.,0.878303251,0.001503733,-170.592865,0.44227122,0.00493829,-0.741111638,0.001020063
v1 Rock.Outcrop.Barren v2 Water.Storage..m.,0.878303251,6.89E-06,-90.2735956,0.42403082,0.006288736,-0.642606472,0.007261138
v1 Wetland v2 Water.Storage..m.,0.878303251,2.58E-05,-16.04264266,0.201308501,0.081300535,-0.577209646,0.019223853
v1 Perennial.Snow.and.ice v2 Water.Storage..m.,0.878303251,3.32E-06,-37.46448799,0.33711787,0.018360362,-0.599347497,0.014139103
v1 Water.Capacity..cm.cm. v2 Water.Storage..m.,0.878303251,0.288195747,0.763851959,0.751738401,1.38E-05,0.882154547,6.16E-06
v1 Water.Storage..mm. v2 Water.Storage..m.,0.878303251,0.878303251,1000,1,4.83E-217,1,0
v1 mean_per_as_snow v2 Water.Storage..m.,0.878303251,0.028914302,-379.2795687,0.52519059,0.001494711,-0.740250384,0.001041429
v1 P_mean v2 Water.Storage..m.,0.878303251,0.021933569,6333.629086,0.418535784,0.006755147,0.571849824,0.02064475
v1 AET_mean v2 Water.Storage..m.,0.878303251,0.003524969,3781.206779,0.581925672,0.000588296,0.579838273,0.018555296
v1 RBI v2 Water.Storage..m.,0.878303251,0.000783813,1.559407374,0.443866451,0.004833425,0.621045054,0.010241322
v1 seasonality_recharge_PET v2 Water.Storage..m.,0.878303251,0.319561906,-10.83474585,0.49981111,0.002195336,-0.569536578,0.021282483
v1 seasonality_Qsim_AET v2 Water.Storage..m.,0.878303251,0.153372353,-7.208420714,0.533671088,0.001309061,-0.568064907,0.021696047
v1 seasonality_recharge_AET v2 Water.Storage..m.,0.878303251,0.461119769,-7.77537853,0.473254621,0.003222673,-0.584253285,0.017473115
v1 seasonality_Q1_AET v2 Water.Storage..m.,0.878303251,0.163667368,-9.335767131,0.56541565,0.000780632,-0.6136867,0.011453833
v1 Area..km2. v2 Water.Storage..mm.,0.878303251,2.76E-05,-0.118944569,0.077627533,0.296050526,-0.515843913,0.040821806
v1 Mean.Elevation..m. v2 Water.Storage..mm.,0.878303251,0.016482597,-17.63482015,0.648207892,0.000168075,-0.770250368,0.00048129
v1 Relief..m. v2 Water.Storage..mm.,0.878303251,0.377781472,-3.397866675,0.223877407,0.064157546,-0.516936672,0.040323361
v1 Soil.Clay.... v2 Water.Storage..mm.,0.878303251,0.004146516,0.134909161,0.341657485,0.017410601,0.646539028,0.006801106
v1 Soil.Silt.... v2 Water.Storage..mm.,0.878303251,0.441325579,0.220517849,0.709578445,4.23E-05,0.808541973,0.000149893
v1 Shrub v2 Water.Storage..mm.,0.878303251,0.001503733,-0.170592865,0.44227122,0.00493829,-0.741111638,0.001020063
v1 Rock.Outcrop.Barren v2 Water.Storage..mm.,0.878303251,6.89E-06,-0.090273596,0.42403082,0.006288736,-0.642606472,0.007261138
v1 Wetland v2 Water.Storage..mm.,0.878303251,2.58E-05,-0.016042643,0.201308501,0.081300535,-0.577209646,0.019223853
v1 Perennial.Snow.and.ice v2 Water.Storage..mm.,0.878303251,3.32E-06,-0.037464488,0.33711787,0.018360362,-0.599347497,0.014139103
v1 Water.Capacity..cm.cm. v2 Water.Storage..mm.,0.878303251,0.288195747,0.000763852,0.751738401,1.38E-05,0.882154547,6.16E-06
v1 Water.Storage..m. v2 Water.Storage..mm.,0.878303251,0.878303251,0.001,1,3.97E-220,1,0
v1 mean_per_as_snow v2 Water.Storage..mm.,0.878303251,0.028914302,-0.379279569,0.52519059,0.001494711,-0.740250384,0.001041429
v1 P_mean v2 Water.Storage..mm.,0.878303251,0.021933569,6.333629086,0.418535784,0.006755147,0.571849824,0.02064475
v1 AET_mean v2 Water.Storage..mm.,0.878303251,0.003524969,3.781206779,0.581925672,0.000588296,0.579838273,0.018555296
v1 RBI v2 Water.Storage..mm.,0.878303251,0.000783813,0.001559407,0.443866451,0.004833425,0.621045054,0.010241322
v1 seasonality_recharge_PET v2 Water.Storage..mm.,0.878303251,0.319561906,-0.010834746,0.49981111,0.002195336,-0.569536578,0.021282483
v1 seasonality_Qsim_AET v2 Water.Storage..mm.,0.878303251,0.153372353,-0.007208421,0.533671088,0.001309061,-0.568064907,0.021696047
v1 seasonality_recharge_AET v2 Water.Storage..mm.,0.878303251,0.461119769,-0.007775379,0.473254621,0.003222673,-0.584253285,0.017473115
v1 seasonality_Q1_AET v2 Water.Storage..mm.,0.878303251,0.163667368,-0.009335767,0.56541565,0.000780632,-0.6136867,0.011453833
v1 Area..km2. v2 aridity.index,0.069805462,2.76E-05,22.19870402,0.251935438,0.047579815,0.657332529,0.00565661
v1 Developed v2 aridity.index,0.087495148,8.63E-07,0.443589796,0.180108361,0.114870326,0.537756988,0.038677504
v1 Wetland v2 aridity.index,0.069805462,2.58E-05,2.082578792,0.3160972,0.023398516,0.629837584,0.008927714
v1 evaporative.index v2 aridity.index,0.069805462,0.900447425,0.332162722,0.580281168,0.000605388,0.747608738,0.000870165
v1 P_mean v2 aridity.index,0.069805462,0.021933569,-703.2329483,0.480765433,0.002896274,-0.726602998,0.001431881
v1 seasonality_recharge_PET v2 aridity.index,0.069805462,0.319561906,0.752742023,0.224785474,0.063545256,0.516556431,0.04049628
v1 seasonality_Qsim_AET v2 aridity.index,0.069805462,0.153372353,0.496559786,0.235963041,0.056445292,0.512141419,0.042545101
v1 seasonality_recharge_AET v2 aridity.index,0.069805462,0.461119769,0.537066775,0.21038551,0.073938922,0.543046505,0.02972045
v1 seasonality_Q2_AET v2 aridity.index,0.069805462,0.125075447,0.344235859,0.363526185,0.013426046,0.628403408,0.009132348
v1 aridity.index v2 evaporative.index,0.900447425,0.069805462,1.746978604,0.580281168,0.000605388,0.747608738,0.000870165
v1 mean_IQR_SDZ v2 evaporative.index,0.900447425,0.022087758,-80.36486361,0.521617427,0.001579589,-0.705882353,0.002245901
v1 mean_Max_SDZ v2 evaporative.index,0.900447425,0.007008062,-205.3683532,0.322133774,0.021836992,-0.514705882,0.041345806
v1 P_mean v2 evaporative.index,0.900447425,0.021933569,-1262.459129,0.29460002,0.029819975,-0.648012485,0.006634838
v1 Qsim_mean v2 evaporative.index,0.900447425,0.171628067,-1003.65519,0.410107142,0.007530359,-0.702941176,0.002386953
v1 RR v2 evaporative.index,0.900447425,0.49275371,-0.556098715,0.339198558,0.017919396,-0.579411765,0.018662529
v1 SLZ_ann v2 evaporative.index,0.900447425,0.002491452,-108.4822353,0.465956107,0.003570463,-0.617647059,0.010787985
v1 seasonality_Q2_AET v2 evaporative.index,0.900447425,0.125075447,0.510675976,0.152116962,0.13532548,0.5,0.048580289
v1 Area..km2. v2 SQ.b.value,0.430205442,2.76E-05,3.542940015,0.057538366,0.370883005,0.65979453,0.005418482
v1 Relief..m. v2 SQ.b.value,0.430205442,0.377781472,109.1806636,0.19310452,0.088553888,0.497424712,0.049938344
v1 Soil.Sand.... v2 SQ.b.value,0.430205442,0.102059092,-5.501684467,0.138710255,0.155425057,-0.51508476,0.041170796
v1 Shrub v2 SQ.b.value,0.430205442,0.001503733,5.134822443,0.33475047,0.018873988,0.502633489,0.047220178
v1 Perennial.Snow.and.ice v2 SQ.b.value,0.430205442,3.32E-06,1.129309679,0.255900805,0.045589561,0.618226207,0.010693224
v1 mean_Q1 v2 SQ.b.value,0.430205442,0.310322632,0.108580544,0.305918878,0.026262602,0.526470588,0.036166515
v1 mean_Q2 v2 SQ.b.value,0.430205442,0.238476503,-0.10802434,0.293238877,0.030276163,-0.552941176,0.0263145
v1 sd_RBI v2 SQ.b.value,0.430205442,4.43E-05,0.001335194,0.046811786,0.42091209,0.623529412,0.00985565
v1 seasonality_recharge_PET v2 SQ.b.value,0.430205442,0.319561906,0.352822824,0.442777121,0.004904818,0.670588235,0.004467209
v1 seasonality_Qsim_AET v2 SQ.b.value,0.430205442,0.153372353,0.174042633,0.259901086,0.04366031,0.514705882,0.041345806
v1 seasonality_recharge_AET v2 SQ.b.value,0.430205442,0.461119769,0.242350511,0.38409888,0.010445891,0.641176471,0.007434419
v1 seasonality_Q1_AET v2 SQ.b.value,0.430205442,0.163667368,0.243262575,0.320716853,0.022194776,0.608823529,0.012315203
v1 Mean.Slope.... v2 soil_perm,1.62E-05,0.052268334,1223991202,0.146692295,0.143120543,0.586588221,0.016920973
v1 Ksat..um.sec. v2 soil_perm,1.62E-05,1.62E-05,9780439122,1,2.18E-227,1,0
v1 Average.Permeability v2 perm_ratio_log10,0.371408642,0.031385792,-0.783916445,0.675857179,9.31E-05,-0.64240919,0.007284851
v1 Long v2 mean_IQR_Stot,0.003184602,0.008820452,-0.056646774,0.504023711,0.002062194,-0.768778448,0.000501157
v1 Evergreen.Forest v2 mean_IQR_Stot,0.003184602,0.014044456,0.15018845,0.37093319,0.012275295,0.701986945,0.002434226
v1 Deciduous.Forest v2 mean_IQR_Stot,0.003184602,3.93E-07,-0.045346534,0.11725812,0.194188554,-0.742076453,0.000996556
v1 mean_IQR_SSZ v2 mean_IQR_Stot,0.003184602,0.002338443,0.972356209,0.987297896,1.12E-14,0.976470588,1.01E-10
v1 mean_Max_Stot v2 mean_IQR_Stot,0.003184602,0.76676338,1.731824024,0.548641351,0.001030148,0.817647059,0.000109363
v1 mean_Max_SSZ v2 mean_IQR_Stot,0.003184602,0.448830407,1.723954064,0.548044121,0.001040187,0.770588235,0.000476822
v1 SUZ_ann v2 mean_IQR_Stot,0.003184602,0.412994404,1.121508742,0.386856181,0.010095178,0.608823529,0.012315203
v1 totS v2 mean_IQR_Stot,0.003184602,0.333911987,1.106969876,0.377564812,0.01132083,0.591176471,0.01587558
v1 Long v2 mean_IQR_SSZ,0.002338443,0.008820452,-0.056348612,0.477605833,0.00302985,-0.740796091,0.001027849
v1 Evergreen.Forest v2 mean_IQR_SSZ,0.002338443,0.014044456,0.154567916,0.376239078,0.011506145,0.738778714,0.001078783
v1 Rock.Outcrop.Barren v2 mean_IQR_SSZ,0.002338443,6.89E-06,-0.013848144,0.07719717,0.297449154,-0.523845989,0.037276985
v1 Deciduous.Forest v2 mean_IQR_SSZ,0.002338443,3.93E-07,-0.046337276,0.117251475,0.194202018,-0.703666699,0.00235151
v1 mean_IQR_Stot v2 mean_IQR_SSZ,0.002338443,0.003184602,1.015366474,0.987297896,1.12E-14,0.976470588,1.01E-10
v1 mean_Max_Stot v2 mean_IQR_SSZ,0.002338443,0.76676338,1.723310693,0.520248402,0.001613212,0.770588235,0.000476822
v1 mean_Max_SSZ v2 mean_IQR_SSZ,0.002338443,0.448830407,1.759082837,0.546435994,0.001067646,0.75,0.000819764
v1 SUZ_ann v2 mean_IQR_SSZ,0.002338443,0.412994404,1.148528046,0.388534865,0.009886844,0.570588235,0.020990696
v1 totS v2 mean_IQR_SSZ,0.002338443,0.333911987,1.110479226,0.363867575,0.013370953,0.523529412,0.037412648
v1 Soil.Clay.... v2 mean_IQR_SDZ,0.022087758,0.004146516,-0.257929572,0.273943779,0.037469764,-0.640176774,0.007557496
v1 Soil.Silt.... v2 mean_IQR_SDZ,0.022087758,0.441325579,-0.349304533,0.39054625,0.00964228,-0.678440213,0.003863343
v1 evaporative.index v2 mean_IQR_SDZ,0.022087758,0.900447425,-0.006490615,0.521617427,0.001579589,-0.705882353,0.002245901
v1 mean_Max_SDZ v2 mean_IQR_SDZ,0.022087758,0.007008062,2.852335478,0.76939748,8.13E-06,0.938235294,7.80E-08
v1 Qsim_mean v2 mean_IQR_SDZ,0.022087758,0.171628067,4.560411582,0.104837505,0.221186433,0.532352941,0.033768623
v1 mean_Q0 v2 mean_IQR_SDZ,0.022087758,0.000138077,0.000738814,0.257989917,0.044572379,0.538235294,0.031493228
v1 RR v2 mean_IQR_SDZ,0.022087758,0.49275371,0.004521471,0.277645139,0.035978725,0.614705882,0.011279474
v1 SLZ_ann v2 mean_IQR_SDZ,0.022087758,0.002491452,1.393396108,0.951825368,1.29E-10,0.961764706,2.90E-09
v1 Long v2 mean_Max_Stot,0.76676338,0.008820452,-0.02408033,0.49790268,0.002258098,-0.771723959,0.000462055
v1 Mean.Slope.... v2 mean_Max_Stot,0.76676338,0.052268334,0.030750098,0.502115188,0.002121609,0.596466037,0.014733601
v1 Evergreen.Forest v2 mean_Max_Stot,0.76676338,0.014044456,0.046469932,0.194126885,0.087617155,0.509198078,0.043953521
v1 mean_IQR_Stot v2 mean_Max_Stot,0.76676338,0.003184602,0.316799711,0.548641351,0.001030148,0.817647059,0.000109363
v1 mean_IQR_SSZ v2 mean_Max_Stot,0.76676338,0.002338443,0.301888919,0.520248402,0.001613212,0.770588235,0.000476822
v1 mean_Max_SSZ v2 mean_Max_Stot,0.76676338,0.448830407,0.977688082,0.963571108,1.81E-11,0.964705882,1.67E-09
v1 PET_mean v2 mean_Max_Stot,0.76676338,0.054016589,0.734586206,0.465875415,0.003574486,0.590409924,0.016046634
v1 SUZ_ann v2 mean_Max_Stot,0.76676338,0.412994404,0.706653222,0.839606678,6.17E-07,0.829411765,7.09E-05
v1 totS v2 mean_Max_Stot,0.76676338,0.333911987,0.710309312,0.849833619,3.87E-07,0.811764706,0.000134322
v1 Long v2 mean_Max_SSZ,0.448830407,0.008820452,-0.022620158,0.435840655,0.005381719,-0.664212797,0.005011268
v1 Mean.Slope.... v2 mean_Max_SSZ,0.448830407,0.052268334,0.030171487,0.479535367,0.002947647,0.546392345,0.028533195
v1 mean_IQR_Stot v2 mean_Max_SSZ,0.448830407,0.003184602,0.317899492,0.548044121,0.001040187,0.770588235,0.000476822
v1 mean_IQR_SSZ v2 mean_Max_SSZ,0.448830407,0.002338443,0.310636874,0.546435994,0.001067646,0.75,0.000819764
v1 mean_Max_Stot v2 mean_Max_SSZ,0.448830407,0.76676338,0.98556086,0.963571108,1.81E-11,0.964705882,1.67E-09
v1 PET_mean v2 mean_Max_SSZ,0.448830407,0.054016589,0.800726407,0.549122742,0.001022118,0.640594767,0.00750584
v1 SUZ_ann v2 mean_Max_SSZ,0.448830407,0.412994404,0.736600342,0.904990256,1.53E-08,0.891176471,3.62E-06
v1 totS v2 mean_Max_SSZ,0.448830407,0.333911987,0.72723528,0.883701602,6.36E-08,0.844117647,3.93E-05
v1 Soil.Clay.... v2 mean_Max_SDZ,0.007008062,0.004146516,-0.078489638,0.268246625,0.039876366,-0.685798567,0.003358763
v1 Soil.Silt.... v2 mean_Max_SDZ,0.007008062,0.441325579,-0.105098383,0.373857881,0.011845822,-0.77115547,0.000469399
v1 evaporative.index v2 mean_Max_SDZ,0.007008062,0.900447425,-0.001568566,0.322133774,0.021836992,-0.514705882,0.041345806
v1 mean_IQR_SDZ v2 mean_Max_SDZ,0.007008062,0.022087758,0.269742983,0.76939748,8.13E-06,0.938235294,7.80E-08
v1 mean_per_as_snow v2 mean_Max_SDZ,0.007008062,0.028914302,0.185668169,0.29192716,0.030721816,0.541176471,0.030400219
v1 AET_mean v2 mean_Max_SDZ,0.007008062,0.003524969,-1.633240123,0.251830482,0.047633574,-0.532352941,0.033768623
v1 RBI v2 mean_Max_SDZ,0.007008062,0.000783813,-0.000683302,0.197678905,0.084436218,-0.514705882,0.041345806
v1 SLZ_ann v2 mean_Max_SDZ,0.007008062,0.002491452,0.349260753,0.632350855,0.000231205,0.917647059,5.53E-07
v1 Area..km2. v2 mean_per_as_snow,0.028914302,2.76E-05,0.424123545,0.270341846,0.0389752,0.653903507,0.006002118
v1 Mean.Elevation..m. v2 mean_per_as_snow,0.028914302,0.016482597,35.8986585,0.735750635,2.15E-05,0.837380653,5.19E-05
v1 Relief..m. v2 mean_per_as_snow,0.028914302,0.377781472,8.813292171,0.41254934,0.007297997,0.687270238,0.003264534
v1 Soil.Clay.... v2 mean_per_as_snow,0.028914302,0.004146516,-0.286866489,0.423125946,0.006363516,-0.569536578,0.021282483
v1 Soil.Silt.... v2 mean_per_as_snow,0.028914302,0.441325579,-0.429146967,0.736083321,2.13E-05,-0.81089058,0.000138406
v1 Soil.Depth..m. v2 mean_per_as_snow,0.028914302,0.439254431,-0.007546176,0.136902496,0.158358434,-0.537159822,0.031900269
v1 Shrub v2 mean_per_as_snow,0.028914302,0.001503733,0.343674304,0.49165792,0.002474628,0.853584683,2.60E-05
v1 Rock.Outcrop.Barren v2 mean_per_as_snow,0.028914302,6.89E-06,0.141502848,0.285369965,0.033041025,0.664101528,0.005021213
v1 Wetland v2 mean_per_as_snow,0.028914302,2.58E-05,0.035850304,0.275358155,0.036893415,0.700624218,0.002503048
v1 Perennial.Snow.and.ice v2 mean_per_as_snow,0.028914302,3.32E-06,0.063102035,0.261957512,0.042698254,0.685844698,0.003355776
v1 Water.Capacity..cm.cm. v2 mean_per_as_snow,0.028914302,0.288195747,-0.001265893,0.565515618,0.000779319,-0.672611046,0.004304864
v1 Water.Storage..m. v2 mean_per_as_snow,0.028914302,0.878303251,-0.001384706,0.52519059,0.001494711,-0.740250384,0.001041429
v1 Water.Storage..mm. v2 mean_per_as_snow,0.028914302,0.878303251,-1.384705724,0.52519059,0.001494711,-0.740250384,0.001041429
v1 mean_Max_SDZ v2 mean_per_as_snow,0.028914302,0.007008062,1.572305915,0.29192716,0.030721816,0.541176471,0.030400219
v1 AET_mean v2 mean_per_as_snow,0.028914302,0.003524969,-6.889711037,0.529188791,0.001404497,-0.632352941,0.008577584
v1 SLZ_ann v2 mean_per_as_snow,0.028914302,0.002491452,0.775304642,0.367962627,0.012725728,0.644117647,0.007081524
v1 seasonality_recharge_PET v2 mean_per_as_snow,0.028914302,0.319561906,0.018505186,0.399353344,0.008633741,0.617647059,0.010787985
v1 seasonality_Qsim_AET v2 mean_per_as_snow,0.028914302,0.153372353,0.012960338,0.472528522,0.003255881,0.682352941,0.00358797
v1 seasonality_recharge_AET v2 mean_per_as_snow,0.028914302,0.461119769,0.011907114,0.303995219,0.026838454,0.623529412,0.00985565
v1 seasonality_Q1_AET v2 mean_per_as_snow,0.028914302,0.163667368,0.015909447,0.449759097,0.004462928,0.685294118,0.003391562
v1 Lat v2 sd_per_as_snow,0.058170141,0.035750564,-0.332298779,0.434326644,0.005491109,-0.559234883,0.024309145
v1 Soil.Sand.... v2 sd_per_as_snow,0.058170141,0.102059092,3.20755632,0.538335999,0.001215813,0.765268787,0.000551268
v1 Soil.Silt.... v2 sd_per_as_snow,0.058170141,0.441325579,-1.401321772,0.273325196,0.037724429,-0.5533482,0.026181102
v1 Evergreen.Forest v2 sd_per_as_snow,0.058170141,0.014044456,3.710152655,0.267274485,0.040300987,0.654893481,0.005900686
v1 Herbaceous v2 sd_per_as_snow,0.058170141,6.08E-05,-2.53387057,0.178562604,0.102974117,-0.514269821,0.041547921
v1 AET_mean v2 sd_per_as_snow,0.058170141,0.003524969,-21.78990923,0.1843353,0.096995971,-0.564705882,0.022663205
v1 RBI v2 sd_per_as_snow,0.058170141,0.000783813,-0.016239241,0.459151105,0.003924129,-0.741176471,0.00101847
v1 sd_RBI v2 sd_per_as_snow,0.058170141,4.43E-05,-0.00092177,0.254741319,0.046163366,-0.638235294,0.007801139
v1 Long v2 P_mean,0.021933569,0.008820452,-0.010255469,0.195994825,0.08593026,-0.528023599,0.035521317
v1 Water.Capacity..cm.cm. v2 P_mean,0.021933569,0.288195747,4.43E-05,0.242526088,0.052630626,0.622414522,0.010027282
v1 Water.Storage..m. v2 P_mean,0.021933569,0.878303251,6.61E-05,0.418535784,0.006755147,0.571849824,0.02064475
v1 Water.Storage..mm. v2 P_mean,0.021933569,0.878303251,0.066081512,0.418535784,0.006755147,0.571849824,0.02064475
v1 aridity.index v2 P_mean,0.021933569,0.069805462,-0.00068365,0.480765433,0.002896274,-0.726602998,0.001431881
v1 evaporative.index v2 P_mean,0.021933569,0.900447425,-0.000233354,0.29460002,0.029819975,-0.648012485,0.006634838
v1 Qsim_mean v2 P_mean,0.021933569,0.171628067,0.586506061,0.757661386,1.16E-05,0.789397027,0.000276563
v1 RBI v2 P_mean,0.021933569,0.000783813,7.91E-05,0.109549336,0.210497315,0.559647146,0.024182009
v1 seasonality_recharge_PET v2 P_mean,0.021933569,0.319561906,-0.001089804,0.484660533,0.002738757,-0.590575015,0.016009673
v1 seasonality_Qsim_AET v2 P_mean,0.021933569,0.153372353,-0.000789794,0.614036579,0.000328897,-0.56848368,0.02157774
v1 seasonality_recharge_AET v2 P_mean,0.021933569,0.461119769,-0.000803939,0.484920576,0.002728515,-0.578792969,0.018818961
v1 seasonality_Q1_AET v2 P_mean,0.021933569,0.163667368,-0.00088149,0.483142933,0.002799208,-0.533137544,0.033458133
v1 seasonality_Q2_AET v2 P_mean,0.021933569,0.125075447,-0.000500451,0.790336917,4.13E-06,-0.874816854,9.22E-06
v1 Lat v2 Qsim_mean,0.171628067,0.035750564,0.005498232,0.542446091,0.001138527,0.557763212,0.024767179
v1 Long v2 Qsim_mean,0.171628067,0.008820452,-0.010106262,0.086414087,0.269110624,-0.533137544,0.033458133
v1 evaporative.index v2 Qsim_mean,0.171628067,0.900447425,-0.000408614,0.410107142,0.007530359,-0.702941176,0.002386953
v1 mean_IQR_SDZ v2 Qsim_mean,0.171628067,0.022087758,0.022988606,0.104837505,0.221186433,0.532352941,0.033768623
v1 P_mean v2 Qsim_mean,0.171628067,0.021933569,1.291821921,0.757661386,1.16E-05,0.789397027,0.000276563
v1 mean_Q1 v2 Qsim_mean,0.171628067,0.310322632,0.000479534,0.310800022,0.024851548,0.620588235,0.010313516
v1 mean_Q2 v2 Qsim_mean,0.171628067,0.238476503,-0.000506345,0.33559053,0.018690264,-0.611764706,0.011788405
v1 RR v2 Qsim_mean,0.171628067,0.49275371,0.000434823,0.509385429,0.00190302,0.852941176,2.68E-05
v1 SLZ_ann v2 Qsim_mean,0.171628067,0.002491452,0.030351693,0.089591196,0.260073943,0.535294118,0.032615863
v1 seasonality_Q2_AET v2 Qsim_mean,0.171628067,0.125075447,-0.000639892,0.586640929,0.0005416,-0.679411765,0.003793433
v1 Mean.Elevation..m. v2 AET_mean,0.003524969,0.016482597,-2.863176461,0.419818733,0.006643589,-0.591611639,0.015779106
v1 Soil.Clay.... v2 AET_mean,0.003524969,0.004146516,0.022029767,0.223831508,0.064188642,0.506254736,0.045396556
v1 Soil.Silt.... v2 AET_mean,0.003524969,0.441325579,0.036324454,0.473047185,0.003232129,0.724062006,0.001516286
v1 Shrub v2 AET_mean,0.003524969,0.001503733,-0.023429426,0.204966837,0.078253072,-0.566577986,0.022120165
v1 Water.Capacity..cm.cm. v2 AET_mean,0.003524969,0.288195747,0.000106399,0.358358447,0.014285253,0.588164285,0.01655602
v1 Water.Storage..m. v2 AET_mean,0.003524969,0.878303251,0.000153899,0.581925672,0.000588296,0.579838273,0.018555296
v1 Water.Storage..mm. v2 AET_mean,0.003524969,0.878303251,0.153899457,0.581925672,0.000588296,0.579838273,0.018555296
v1 mean_Max_SDZ v2 AET_mean,0.003524969,0.007008062,-0.154190727,0.251830482,0.047633574,-0.532352941,0.033768623
v1 mean_per_as_snow v2 AET_mean,0.003524969,0.028914302,-0.076808561,0.529188791,0.001404497,-0.632352941,0.008577584
v1 sd_per_as_snow v2 AET_mean,0.003524969,0.058170141,-0.008459664,0.1843353,0.096995971,-0.564705882,0.022663205
v1 PET_mean v2 AET_mean,0.003524969,0.054016589,1.095049972,0.575952672,0.000652461,0.639118742,0.007689511
v1 RBI v2 AET_mean,0.003524969,0.000783813,0.000312939,0.439182604,0.00514706,0.629411765,0.008988089
v1 Long v2 PET_mean,0.054016589,0.008820452,-0.011326114,0.12758429,0.174408265,-0.50850088,0.044292189
v1 Mean.Slope.... v2 PET_mean,0.054016589,0.052268334,0.02791674,0.479353039,0.00295533,0.549151387,0.027581695
v1 Soil.Clay.... v2 PET_mean,0.054016589,0.004146516,0.012032275,0.139020228,0.154927688,0.505172071,0.045936162
v1 Soil.Sand.... v2 PET_mean,0.054016589,0.102059092,-0.037404386,0.392584648,0.009399952,-0.567210747,0.021938907
v1 Average.Porosity v2 PET_mean,0.054016589,0.027995515,6.60E-05,0.230563973,0.059776099,0.565262544,0.022500673
v1 mean_Max_Stot v2 PET_mean,0.054016589,0.76676338,0.634201147,0.465875415,0.003574486,0.590409924,0.016046634
v1 mean_Max_SSZ v2 PET_mean,0.054016589,0.448830407,0.685780733,0.549122742,0.001022118,0.640594767,0.00750584
v1 AET_mean v2 PET_mean,0.054016589,0.003524969,0.525960173,0.575952672,0.000652461,0.639118742,0.007689511
v1 SUZ_ann v2 PET_mean,0.054016589,0.412994404,0.544866664,0.578175146,0.000627908,0.738012405,0.001098664
v1 totS v2 PET_mean,0.054016589,0.333911987,0.530424104,0.548909995,0.00102566,0.704063834,0.00233229
v1 Soil.Sand.... v2 mean_Q0,0.000138077,0.102059092,-73.3335804,0.013691081,0.666063227,-0.498896382,0.049158861
v1 Soil.Depth..m. v2 mean_Q0,0.000138077,0.439254431,-8.781792009,0.314152086,0.023922846,-0.707873628,0.002154298
v1 mean_IQR_SDZ v2 mean_Q0,0.000138077,0.022087758,349.1948763,0.257989917,0.044572379,0.538235294,0.031493228
v1 RR v2 mean_Q0,0.000138077,0.49275371,2.194188201,0.138339214,0.156022562,0.55,0.027293973
v1 SLZ_ann v2 mean_Q0,0.000138077,0.002491452,440.518041,0.201280867,0.081323981,0.535294118,0.032615863
v1 SQ.b.value v2 mean_Q1,0.310322632,0.430205442,2.817437328,0.305918878,0.026262602,0.526470588,0.036166515
v1 Qsim_mean v2 mean_Q1,0.310322632,0.171628067,648.1286385,0.310800022,0.024851548,0.620588235,0.010313516
v1 mean_Q2 v2 mean_Q1,0.310322632,0.238476503,-1.005918549,0.979944966,2.76E-13,-0.997058824,5.07E-17
v1 RR v2 mean_Q1,0.310322632,0.49275371,0.339371036,0.22957792,0.060404014,0.538235294,0.031493228
v1 SQ.b.value v2 mean_Q2,0.238476503,0.430205442,-2.714563003,0.293238877,0.030276163,-0.552941176,0.0263145
v1 Qsim_mean v2 mean_Q2,0.238476503,0.171628067,-662.7711054,0.33559053,0.018690264,-0.611764706,0.011788405
v1 mean_Q1 v2 mean_Q2,0.238476503,0.310322632,-0.974179238,0.979944966,2.76E-13,-0.997058824,5.07E-17
v1 RR v2 mean_Q2,0.238476503,0.49275371,-0.370950228,0.283227748,0.033832797,-0.520588235,0.038690907
v1 Relief..m. v2 RR,0.49275371,0.377781472,1211.12629,0.459406383,0.003910324,0.537159822,0.031900269
v1 Mean.Slope.... v2 RR,0.49275371,0.052268334,48.2469862,0.452077204,0.004324206,0.555228879,0.025571444
v1 evaporative.index v2 RR,0.49275371,0.900447425,-0.609961053,0.339198558,0.017919396,-0.579411765,0.018662529
v1 mean_IQR_SDZ v2 RR,0.49275371,0.022087758,61.40592947,0.277645139,0.035978725,0.614705882,0.011279474
v1 Qsim_mean v2 RR,0.49275371,0.171628067,1171.478262,0.509385429,0.00190302,0.852941176,2.68E-05
v1 mean_Q0 v2 RR,0.49275371,0.000138077,0.063048016,0.138339214,0.156022562,0.55,0.027293973
v1 mean_Q1 v2 RR,0.49275371,0.310322632,0.676480593,0.22957792,0.060404014,0.538235294,0.031493228
v1 mean_Q2 v2 RR,0.49275371,0.238476503,-0.763519542,0.283227748,0.033832797,-0.520588235,0.038690907
v1 SLZ_ann v2 RR,0.49275371,0.002491452,91.53863447,0.302472853,0.027302308,0.673529412,0.004232739
v1 Lat v2 RBI,0.000783813,0.035750564,9.33243067,0.196754359,0.085253315,0.547461517,0.028161546
v1 Mean.Elevation..m. v2 RBI,0.000783813,0.016482597,-7734.580473,0.683144563,7.91E-05,-0.603385005,0.013337826
v1 Soil.Clay.... v2 RBI,0.000783813,0.004146516,81.91879202,0.690147606,6.73E-05,0.544518175,0.029193685
v1 Soil.Sand.... v2 RBI,0.000783813,0.102059092,-115.4334178,0.400445842,0.008515433,-0.582781615,0.017828244
v1 Soil.Silt.... v2 RBI,0.000783813,0.441325579,95.66226267,0.731578722,2.41E-05,0.762325446,0.000596408
v1 Rock.Outcrop.Barren v2 RBI,0.000783813,6.89E-06,-18.37951444,0.096296579,0.24210586,-0.513707034,0.041809869
v1 Water.Capacity..cm.cm. v2 RBI,0.000783813,0.288195747,0.279400987,0.551024693,0.000990924,0.788169772,0.000287033
v1 Water.Storage..m. v2 RBI,0.000783813,0.878303251,0.284637907,0.443866451,0.004833425,0.621045054,0.010241322
v1 Water.Storage..mm. v2 RBI,0.000783813,0.878303251,284.6379067,0.443866451,0.004833425,0.621045054,0.010241322
v1 mean_Max_SDZ v2 RBI,0.000783813,0.007008062,-289.2993902,0.197678905,0.084436218,-0.514705882,0.041345806
v1 sd_per_as_snow v2 RBI,0.000783813,0.058170141,-28.2741721,0.459151105,0.003924129,-0.741176471,0.00101847
v1 P_mean v2 RBI,0.000783813,0.021933569,1384.387851,0.109549336,0.210497315,0.559647146,0.024182009
v1 AET_mean v2 RBI,0.000783813,0.003524969,1403.414021,0.439182604,0.00514706,0.629411765,0.008988089
v1 sd_RBI v2 RBI,0.000783813,4.43E-05,0.059350933,0.606575544,0.000377968,0.708823529,0.002111681
v1 Soil.Sand.... v2 sd_RBI,4.43E-05,0.102059092,-1510.776569,0.398337664,0.008745042,-0.778513824,0.000381414
v1 Evergreen.Forest v2 sd_RBI,4.43E-05,0.014044456,-2128.539355,0.293415709,0.030216539,-0.719646994,0.00167256
v1 Herbaceous v2 sd_RBI,4.43E-05,6.08E-05,2528.573705,0.593087733,0.000482998,0.532209466,0.033825636
v1 SQ.b.value v2 sd_RBI,4.43E-05,0.430205442,35.05990765,0.046811786,0.42091209,0.623529412,0.00985565
v1 sd_per_as_snow v2 sd_RBI,4.43E-05,0.058170141,-276.3609468,0.254741319,0.046163366,-0.638235294,0.007801139
v1 RBI v2 sd_RBI,4.43E-05,0.000783813,10.22015171,0.606575544,0.000377968,0.708823529,0.002111681
v1 Soil.Sand.... v2 SUZ_ann,0.412994404,0.102059092,-0.039031513,0.219502812,0.067186131,-0.506254736,0.045396556
v1 mean_IQR_Stot v2 SUZ_ann,0.412994404,0.003184602,0.344942636,0.386856181,0.010095178,0.608823529,0.012315203
v1 mean_IQR_SSZ v2 SUZ_ann,0.412994404,0.002338443,0.338289401,0.388534865,0.009886844,0.570588235,0.020990696
v1 mean_Max_Stot v2 SUZ_ann,0.412994404,0.76676338,1.188145263,0.839606678,6.17E-07,0.829411765,7.09E-05
v1 mean_Max_SSZ v2 SUZ_ann,0.412994404,0.448830407,1.228604175,0.904990256,1.53E-08,0.891176471,3.62E-06
v1 PET_mean v2 SUZ_ann,0.412994404,0.054016589,1.061131436,0.578175146,0.000627908,0.738012405,0.001098664
v1 totS v2 SUZ_ann,0.412994404,0.333911987,0.990590141,0.983023038,8.58E-14,0.979411765,3.98E-11
v1 Soil.Clay.... v2 SLZ_ann,0.002491452,0.004146516,-0.170948407,0.245460263,0.051004358,-0.629875079,0.008922413
v1 Soil.Silt.... v2 SLZ_ann,0.002491452,0.441325579,-0.252813493,0.417307737,0.006863486,-0.753495421,0.000750419
v1 Rock.Outcrop.Barren v2 SLZ_ann,0.002491452,6.89E-06,0.158146565,0.582288868,0.000584579,0.505257906,0.045893208
v1 evaporative.index v2 SLZ_ann,0.002491452,0.900447425,-0.00429523,0.465956107,0.003570463,-0.617647059,0.010787985
v1 mean_IQR_SDZ v2 SLZ_ann,0.002491452,0.022087758,0.683097479,0.951825368,1.29E-10,0.961764706,2.90E-09
v1 mean_Max_SDZ v2 SLZ_ann,0.002491452,0.007008062,1.810540833,0.632350855,0.000231205,0.917647059,5.53E-07
v1 mean_per_as_snow v2 SLZ_ann,0.002491452,0.028914302,0.474603927,0.367962627,0.012725728,0.644117647,0.007081524
v1 Qsim_mean v2 SLZ_ann,0.002491452,0.171628067,2.951769311,0.089591196,0.260073943,0.535294118,0.032615863
v1 mean_Q0 v2 SLZ_ann,0.002491452,0.000138077,0.000456919,0.201280867,0.081323981,0.535294118,0.032615863
v1 RR v2 SLZ_ann,0.002491452,0.49275371,0.003304319,0.302472853,0.027302308,0.673529412,0.004232739
v1 Mean.Slope.... v2 totS,0.333911987,0.052268334,0.042191869,0.561214627,0.000837553,0.513991721,0.041677208
v1 Soil.Sand.... v2 totS,0.333911987,0.102059092,-0.040199633,0.232422297,0.058609369,-0.545989846,0.028674071
v1 mean_IQR_Stot v2 totS,0.333911987,0.003184602,0.341079573,0.377564812,0.01132083,0.591176471,0.01587558
v1 mean_IQR_SSZ v2 totS,0.333911987,0.002338443,0.327667161,0.363867575,0.013370953,0.523529412,0.037412648
v1 mean_Max_Stot v2 totS,0.333911987,0.76676338,1.196427534,0.849833619,3.87E-07,0.811764706,0.000134322
v1 mean_Max_SSZ v2 totS,0.333911987,0.448830407,1.215152272,0.883701602,6.36E-08,0.844117647,3.93E-05
v1 PET_mean v2 totS,0.333911987,0.054016589,1.034851152,0.548909995,0.00102566,0.704063834,0.00233229
v1 SUZ_ann v2 totS,0.333911987,0.412994404,0.992361015,0.983023038,8.58E-14,0.979411765,3.98E-11
v1 Area..km2. v2 seasonality_recharge_PET,0.319561906,2.76E-05,13.44957075,0.233117538,0.058178394,0.724595778,0.001498228
v1 Mean.Elevation..m. v2 seasonality_recharge_PET,0.319561906,0.016482597,1019.118838,0.508456092,0.001929811,0.660780164,0.005325426
v1 Evergreen.Forest v2 seasonality_recharge_PET,0.319561906,0.014044456,-23.13602021,0.255912675,0.045583722,-0.590139968,0.016107215
v1 Shrub v2 seasonality_recharge_PET,0.319561906,0.001503733,13.35066134,0.636215234,0.000214179,0.672160761,0.004340586
v1 Rock.Outcrop.Barren v2 seasonality_recharge_PET,0.319561906,6.89E-06,5.214270355,0.332272642,0.019425441,0.589749194,0.016195224
v1 Perennial.Snow.and.ice v2 seasonality_recharge_PET,0.319561906,3.32E-06,2.451885795,0.339136238,0.017932464,0.709028181,0.00210259
v1 Water.Storage..m. v2 seasonality_recharge_PET,0.319561906,0.878303251,-0.046130395,0.49981111,0.002195336,-0.569536578,0.021282483
v1 Water.Storage..mm. v2 seasonality_recharge_PET,0.319561906,0.878303251,-46.13039541,0.49981111,0.002195336,-0.569536578,0.021282483
v1 aridity.index v2 seasonality_recharge_PET,0.319561906,0.069805462,0.298622194,0.224785474,0.063545256,0.516556431,0.04049628
v1 SQ.b.value v2 seasonality_recharge_PET,0.319561906,0.430205442,1.254956003,0.442777121,0.004904818,0.670588235,0.004467209
v1 mean_per_as_snow v2 seasonality_recharge_PET,0.319561906,0.028914302,21.58061752,0.399353344,0.008633741,0.617647059,0.010787985
v1 P_mean v2 seasonality_recharge_PET,0.319561906,0.021933569,-444.722785,0.484660533,0.002738757,-0.590575015,0.016009673
v1 seasonality_Qsim_AET v2 seasonality_recharge_PET,0.319561906,0.153372353,0.611644913,0.902451167,1.84E-08,0.932352941,1.45E-07
v1 seasonality_recharge_AET v2 seasonality_recharge_PET,0.319561906,0.461119769,0.723791168,0.963185401,1.95E-11,0.973529412,2.28E-10
v1 seasonality_Q1_AET v2 seasonality_recharge_PET,0.319561906,0.163667368,0.789427498,0.949563158,1.78E-10,0.952941176,1.21E-08
v1 seasonality_Q2_AET v2 seasonality_recharge_PET,0.319561906,0.125075447,0.294361288,0.670052687,0.000105832,0.755882353,0.000705891
v1 Area..km2. v2 seasonality_Qsim_AET,0.153372353,2.76E-05,18.80565709,0.188934014,0.09247616,0.703977199,0.002336472
v1 Mean.Elevation..m. v2 seasonality_Qsim_AET,0.153372353,0.016482597,1641.721642,0.546988088,0.001058148,0.706401957,0.002221699
v1 Shrub v2 seasonality_Qsim_AET,0.153372353,0.001503733,18.04929043,0.482051898,0.00284339,0.736105258,0.001149444
v1 Rock.Outcrop.Barren v2 seasonality_Qsim_AET,0.153372353,6.89E-06,5.794533164,0.170105919,0.112386566,0.577920414,0.019041267
v1 Perennial.Snow.and.ice v2 seasonality_Qsim_AET,0.153372353,3.32E-06,2.722497265,0.173333958,0.108698166,0.627885991,0.009207079
v1 Water.Capacity..cm.cm. v2 seasonality_Qsim_AET,0.153372353,0.288195747,-0.053048576,0.353022497,0.015223943,-0.497791435,0.049743252
v1 Water.Storage..m. v2 seasonality_Qsim_AET,0.153372353,0.878303251,-0.074034398,0.533671088,0.001309061,-0.568064907,0.021696047
v1 Water.Storage..mm. v2 seasonality_Qsim_AET,0.153372353,0.878303251,-74.03439793,0.533671088,0.001309061,-0.568064907,0.021696047
v1 aridity.index v2 seasonality_Qsim_AET,0.153372353,0.069805462,0.475195632,0.235963041,0.056445292,0.512141419,0.042545101
v1 SQ.b.value v2 seasonality_Qsim_AET,0.153372353,0.430205442,1.493318512,0.259901086,0.04366031,0.514705882,0.041345806
v1 mean_per_as_snow v2 seasonality_Qsim_AET,0.153372353,0.028914302,36.45958373,0.472528522,0.003255881,0.682352941,0.00358797
v1 P_mean v2 seasonality_Qsim_AET,0.153372353,0.021933569,-777.4637733,0.614036579,0.000328897,-0.56848368,0.02157774
v1 seasonality_recharge_PET v2 seasonality_Qsim_AET,0.153372353,0.319561906,1.475449477,0.902451167,1.84E-08,0.932352941,1.45E-07
v1 seasonality_recharge_AET v2 seasonality_Qsim_AET,0.153372353,0.461119769,1.07668769,0.883563676,6.41E-08,0.905882353,1.36E-06
v1 seasonality_Q1_AET v2 seasonality_Qsim_AET,0.153372353,0.163667368,1.216649647,0.934986736,1.06E-09,0.911764706,8.82E-07
v1 seasonality_Q2_AET v2 seasonality_Qsim_AET,0.153372353,0.125075447,0.508290482,0.828221582,1.00E-06,0.752941176,0.000761081
v1 Area..km2. v2 seasonality_recharge_AET,0.461119769,2.76E-05,15.33605727,0.164855033,0.118651245,0.736377824,0.001142072
v1 Mean.Elevation..m. v2 seasonality_recharge_AET,0.461119769,0.016482597,1248.115663,0.414791769,0.007090278,0.654893481,0.005900686
v1 Evergreen.Forest v2 seasonality_recharge_AET,0.461119769,0.014044456,-32.48250023,0.27436585,0.037296911,-0.557763212,0.024767179
v1 Shrub v2 seasonality_recharge_AET,0.461119769,0.001503733,16.19034457,0.50889403,0.001917145,0.654315785,0.005959709
v1 Rock.Outcrop.Barren v2 seasonality_recharge_AET,0.461119769,6.89E-06,6.352689813,0.268249834,0.039874971,0.557642504,0.024805039
v1 Wetland v2 seasonality_recharge_AET,0.461119769,2.58E-05,1.396002567,0.194729141,0.08706982,0.559820804,0.024128609
v1 Perennial.Snow.and.ice v2 seasonality_recharge_AET,0.461119769,3.32E-06,3.282713291,0.330640689,0.01979655,0.712892095,0.001936811
v1 Water.Storage..m. v2 seasonality_recharge_AET,0.461119769,0.878303251,-0.060865798,0.473254621,0.003222673,-0.584253285,0.017473115
v1 Water.Storage..mm. v2 seasonality_recharge_AET,0.461119769,0.878303251,-60.86579828,0.473254621,0.003222673,-0.584253285,0.017473115
v1 aridity.index v2 seasonality_recharge_AET,0.461119769,0.069805462,0.391730637,0.21038551,0.073938922,0.543046505,0.02972045
v1 SQ.b.value v2 seasonality_recharge_AET,0.461119769,0.430205442,1.584889912,0.38409888,0.010445891,0.641176471,0.007434419
v1 mean_per_as_snow v2 seasonality_recharge_AET,0.461119769,0.028914302,25.53055453,0.303995219,0.026838454,0.623529412,0.00985565
v1 P_mean v2 seasonality_recharge_AET,0.461119769,0.021933569,-603.1808232,0.484920576,0.002728515,-0.578792969,0.018818961
v1 seasonality_recharge_PET v2 seasonality_recharge_AET,0.461119769,0.319561906,1.330750421,0.963185401,1.95E-11,0.973529412,2.28E-10
v1 seasonality_Qsim_AET v2 seasonality_recharge_AET,0.461119769,0.153372353,0.820631354,0.883563676,6.41E-08,0.905882353,1.36E-06
v1 seasonality_Q1_AET v2 seasonality_recharge_AET,0.461119769,0.163667368,1.077923224,0.962923268,2.05E-11,0.967647059,9.13E-10
v1 seasonality_Q2_AET v2 seasonality_recharge_AET,0.461119769,0.125075447,0.406147309,0.693795358,6.18E-05,0.708823529,0.002111681
v1 Area..km2. v2 seasonality_Q1_AET,0.163667368,2.76E-05,15.98028894,0.215987193,0.069717559,0.671576575,0.004387285
v1 Mean.Elevation..m. v2 seasonality_Q1_AET,0.163667368,0.016482597,1270.167594,0.518354052,0.00166077,0.666666847,0.004795904
v1 Soil.Depth..m. v2 seasonality_Q1_AET,0.163667368,0.439254431,-0.390355851,0.206162238,0.077281178,-0.507726407,0.04467068
v1 Average.Permeability v2 seasonality_Q1_AET,0.163667368,0.031385792,-0.794145492,0.360187627,0.013975644,-0.508199853,0.044439017
v1 Evergreen.Forest v2 seasonality_Q1_AET,0.163667368,0.014044456,-24.13866819,0.182827593,0.098523923,-0.51361309,0.041853716
v1 Shrub v2 seasonality_Q1_AET,0.163667368,0.001503733,15.26888955,0.546152664,0.001072549,0.657289948,0.005660801
v1 Rock.Outcrop.Barren v2 seasonality_Q1_AET,0.163667368,6.89E-06,5.997751354,0.288526065,0.031905442,0.571161111,0.020833055
v1 Perennial.Snow.and.ice v2 seasonality_Q1_AET,0.163667368,3.32E-06,2.938676544,0.31972599,0.022448126,0.745735362,0.0009114
v1 Water.Capacity..cm.cm. v2 seasonality_Q1_AET,0.163667368,0.288195747,-0.042133299,0.352558725,0.01530809,-0.50816209,0.044457462
v1 Water.Storage..m. v2 seasonality_Q1_AET,0.163667368,0.878303251,-0.060564455,0.56541565,0.000780632,-0.6136867,0.011453833
v1 Water.Storage..mm. v2 seasonality_Q1_AET,0.163667368,0.878303251,-60.56445514,0.56541565,0.000780632,-0.6136867,0.011453833
v1 SQ.b.value v2 seasonality_Q1_AET,0.163667368,0.430205442,1.31839784,0.320716853,0.022194776,0.608823529,0.012315203
v1 mean_per_as_snow v2 seasonality_Q1_AET,0.163667368,0.028914302,28.2699383,0.449759097,0.004462928,0.685294118,0.003391562
v1 P_mean v2 seasonality_Q1_AET,0.163667368,0.021933569,-548.0977842,0.483142933,0.002799208,-0.533137544,0.033458133
v1 seasonality_recharge_PET v2 seasonality_Q1_AET,0.163667368,0.319561906,1.20285037,0.949563158,1.78E-10,0.952941176,1.21E-08
v1 seasonality_Qsim_AET v2 seasonality_Q1_AET,0.163667368,0.153372353,0.768492999,0.934986736,1.06E-09,0.911764706,8.82E-07
v1 seasonality_recharge_AET v2 seasonality_Q1_AET,0.163667368,0.461119769,0.893313407,0.962923268,2.05E-11,0.967647059,9.13E-10
v1 seasonality_Q2_AET v2 seasonality_Q1_AET,0.163667368,0.125075447,0.373868507,0.709391488,4.25E-05,0.685294118,0.003391562
v1 Long v2 seasonality_Q2_AET,0.125075447,0.008820452,7.863513203,0.036515575,0.478365701,0.513991721,0.041677208
v1 Herbaceous v2 seasonality_Q2_AET,0.125075447,6.08E-05,36.25142333,0.116376359,0.195983819,0.499320117,0.048936115
v1 aridity.index v2 seasonality_Q2_AET,0.125075447,0.069805462,1.056038108,0.363526185,0.013426046,0.628403408,0.009132348
v1 evaporative.index v2 seasonality_Q2_AET,0.125075447,0.900447425,0.297873737,0.152116962,0.13532548,0.5,0.048580289
v1 P_mean v2 seasonality_Q2_AET,0.125075447,0.021933569,-1579.248483,0.790336917,4.13E-06,-0.874816854,9.22E-06
v1 Qsim_mean v2 seasonality_Q2_AET,0.125075447,0.171628067,-916.7806565,0.586640929,0.0005416,-0.679411765,0.003793433
v1 seasonality_recharge_PET v2 seasonality_Q2_AET,0.125075447,0.319561906,2.276293497,0.670052687,0.000105832,0.755882353,0.000705891
v1 seasonality_Qsim_AET v2 seasonality_Q2_AET,0.125075447,0.153372353,1.629425714,0.828221582,1.00E-06,0.752941176,0.000761081
v1 seasonality_recharge_AET v2 seasonality_Q2_AET,0.125075447,0.461119769,1.708235762,0.693795358,6.18E-05,0.708823529,0.002111681
v1 seasonality_Q1_AET v2 seasonality_Q2_AET,0.125075447,0.163667368,1.897435798,0.709391488,4.25E-05,0.685294118,0.003391562
