<?xml version="1.0" encoding="utf-8"?>
<Catchment xmlns:xsi="http://www.w3.org/2001/XMLSchema-instance" xmlns:xsd="http://www.w3.org/2001/XMLSchema">
  <CatchmentParameters>
    <KSI>0.001</KSI>
    <KGmin>0.05</KGmin>
    <RangeKG>0.1</RangeKG>
    <AG>0.1</AG>
    <PERC>1.5185479107374698</PERC>
    <Alpha>0</Alpha>
    <UZL>131.59896091648838</UZL>
    <K0>0.9094890832882393</K0>
    <K1>0.23633131471195676</K1>
    <K2>0.028106563409684239</K2>
    <MAXBAS>1</MAXBAS>
    <Cet>0.13167280608670179</Cet>
    <PCALT>1.4831535547730734</PCALT>
    <TCALT>0.14604461351947243</TCALT>
    <Pelev>482</Pelev>
    <Telev>482</Telev>
    <PART>0.5</PART>
    <DELAY>1</DELAY>
  </CatchmentParameters>
  <VegetationZone>
    <VegetationZoneParameters>
      <TT>-0.94391712568246733</TT>
      <CFMAX>1.9272180741107654</CFMAX>
      <SP>0</SP>
      <SFCF>0.84489668721287869</SFCF>
      <CFR>0.09991365654828531</CFR>
      <CWH>0.19999984733576051</CWH>
      <CFGlacier>1</CFGlacier>
      <CFSlope>1</CFSlope>
      <FC>1391.8794675100819</FC>
      <LP>0.87035152572235708</LP>
      <BETA>1.5545306561619712</BETA>
    </VegetationZoneParameters>
  </VegetationZone>
  <SubCatchment>
    <SubCatchmentParameters>
      <KSI>0.001</KSI>
      <KGmin>0.05</KGmin>
      <RangeKG>0.1</RangeKG>
      <AG>0.1</AG>
      <PERC>1.5185479107374698</PERC>
      <Alpha>0</Alpha>
      <UZL>131.59896091648838</UZL>
      <K0>0.9094890832882393</K0>
      <K1>0.23633131471195676</K1>
      <K2>0.028106563409684239</K2>
      <MAXBAS>1</MAXBAS>
      <Cet>0.13167280608670179</Cet>
      <PCALT>1.4831535547730734</PCALT>
      <TCALT>0.14604461351947243</TCALT>
      <Pelev>482</Pelev>
      <Telev>482</Telev>
      <PART>0.5</PART>
      <DELAY>1</DELAY>
    </SubCatchmentParameters>
    <SubCatchmentVegetationZone>
      <SubCatchmentVegetationZoneParameters>
        <TT>-0.94391712568246733</TT>
        <CFMAX>1.9272180741107654</CFMAX>
        <SP>0</SP>
        <SFCF>0.84489668721287869</SFCF>
        <CFR>0.09991365654828531</CFR>
        <CWH>0.19999984733576051</CWH>
        <CFGlacier>1</CFGlacier>
        <CFSlope>1</CFSlope>
        <FC>1391.8794675100819</FC>
        <LP>0.87035152572235708</LP>
        <BETA>1.5545306561619712</BETA>
      </SubCatchmentVegetationZoneParameters>
    </SubCatchmentVegetationZone>
  </SubCatchment>
</Catchment>