<?xml version="1.0" encoding="utf-8"?>
<Catchment xmlns:xsi="http://www.w3.org/2001/XMLSchema-instance" xmlns:xsd="http://www.w3.org/2001/XMLSchema">
  <CatchmentParameters>
    <KSI>0.001</KSI>
    <KGmin>0.05</KGmin>
    <RangeKG>0.1</RangeKG>
    <AG>0.1</AG>
    <PERC>1.6526352889943177</PERC>
    <Alpha>0</Alpha>
    <UZL>52.9766616514183</UZL>
    <K0>0.25433571762431639</K0>
    <K1>0.1889431643481761</K1>
    <K2>0.030885629751732833</K2>
    <MAXBAS>1</MAXBAS>
    <Cet>0.24819400799378474</Cet>
    <PCALT>4.6527997667904044</PCALT>
    <TCALT>0.034123283930053948</TCALT>
    <Pelev>482</Pelev>
    <Telev>482</Telev>
    <PART>0.5</PART>
    <DELAY>1</DELAY>
  </CatchmentParameters>
  <VegetationZone>
    <VegetationZoneParameters>
      <TT>-0.88458807013846508</TT>
      <CFMAX>1.1635000097173078</CFMAX>
      <SP>0</SP>
      <SFCF>0.74563236987216952</SFCF>
      <CFR>0.099997727064172051</CFR>
      <CWH>0.19998003871195988</CWH>
      <CFGlacier>1</CFGlacier>
      <CFSlope>1</CFSlope>
      <FC>2045.8063899054946</FC>
      <LP>0.77929846808796088</LP>
      <BETA>1.6274891578800825</BETA>
    </VegetationZoneParameters>
  </VegetationZone>
  <SubCatchment>
    <SubCatchmentParameters>
      <KSI>0.001</KSI>
      <KGmin>0.05</KGmin>
      <RangeKG>0.1</RangeKG>
      <AG>0.1</AG>
      <PERC>1.6526352889943177</PERC>
      <Alpha>0</Alpha>
      <UZL>52.9766616514183</UZL>
      <K0>0.25433571762431639</K0>
      <K1>0.1889431643481761</K1>
      <K2>0.030885629751732833</K2>
      <MAXBAS>1</MAXBAS>
      <Cet>0.24819400799378474</Cet>
      <PCALT>4.6527997667904044</PCALT>
      <TCALT>0.034123283930053948</TCALT>
      <Pelev>482</Pelev>
      <Telev>482</Telev>
      <PART>0.5</PART>
      <DELAY>1</DELAY>
    </SubCatchmentParameters>
    <SubCatchmentVegetationZone>
      <SubCatchmentVegetationZoneParameters>
        <TT>-0.88458807013846508</TT>
        <CFMAX>1.1635000097173078</CFMAX>
        <SP>0</SP>
        <SFCF>0.74563236987216952</SFCF>
        <CFR>0.099997727064172051</CFR>
        <CWH>0.19998003871195988</CWH>
        <CFGlacier>1</CFGlacier>
        <CFSlope>1</CFSlope>
        <FC>2045.8063899054946</FC>
        <LP>0.77929846808796088</LP>
        <BETA>1.6274891578800825</BETA>
      </SubCatchmentVegetationZoneParameters>
    </SubCatchmentVegetationZone>
  </SubCatchment>
</Catchment>