<?xml version="1.0" encoding="utf-8"?>
<Catchment xmlns:xsi="http://www.w3.org/2001/XMLSchema-instance" xmlns:xsd="http://www.w3.org/2001/XMLSchema">
  <CatchmentParameters>
    <KSI>0.001</KSI>
    <KGmin>0.05</KGmin>
    <RangeKG>0.1</RangeKG>
    <AG>0.1</AG>
    <PERC>1.6690889462108531</PERC>
    <Alpha>0</Alpha>
    <UZL>44.230677735931792</UZL>
    <K0>0.20633145923866852</K0>
    <K1>0.1829134067802817</K1>
    <K2>0.030193716099078206</K2>
    <MAXBAS>1</MAXBAS>
    <Cet>0.13823955545928338</Cet>
    <PCALT>2.3606885027743432</PCALT>
    <TCALT>0.15801498717687407</TCALT>
    <Pelev>482</Pelev>
    <Telev>482</Telev>
    <PART>0.5</PART>
    <DELAY>1</DELAY>
  </CatchmentParameters>
  <VegetationZone>
    <VegetationZoneParameters>
      <TT>-1.238771685901001</TT>
      <CFMAX>1.6924377225375347</CFMAX>
      <SP>0</SP>
      <SFCF>1.2238318986463741</SFCF>
      <CFR>0.099977561470629125</CFR>
      <CWH>0.19999997904342221</CWH>
      <CFGlacier>1</CFGlacier>
      <CFSlope>1</CFSlope>
      <FC>1487.1610299418255</FC>
      <LP>0.59218418430081954</LP>
      <BETA>1.067348219513111</BETA>
    </VegetationZoneParameters>
  </VegetationZone>
  <SubCatchment>
    <SubCatchmentParameters>
      <KSI>0.001</KSI>
      <KGmin>0.05</KGmin>
      <RangeKG>0.1</RangeKG>
      <AG>0.1</AG>
      <PERC>1.6690889462108531</PERC>
      <Alpha>0</Alpha>
      <UZL>44.230677735931792</UZL>
      <K0>0.20633145923866852</K0>
      <K1>0.1829134067802817</K1>
      <K2>0.030193716099078206</K2>
      <MAXBAS>1</MAXBAS>
      <Cet>0.13823955545928338</Cet>
      <PCALT>2.3606885027743432</PCALT>
      <TCALT>0.15801498717687407</TCALT>
      <Pelev>482</Pelev>
      <Telev>482</Telev>
      <PART>0.5</PART>
      <DELAY>1</DELAY>
    </SubCatchmentParameters>
    <SubCatchmentVegetationZone>
      <SubCatchmentVegetationZoneParameters>
        <TT>-1.238771685901001</TT>
        <CFMAX>1.6924377225375347</CFMAX>
        <SP>0</SP>
        <SFCF>1.2238318986463741</SFCF>
        <CFR>0.099977561470629125</CFR>
        <CWH>0.19999997904342221</CWH>
        <CFGlacier>1</CFGlacier>
        <CFSlope>1</CFSlope>
        <FC>1487.1610299418255</FC>
        <LP>0.59218418430081954</LP>
        <BETA>1.067348219513111</BETA>
      </SubCatchmentVegetationZoneParameters>
    </SubCatchmentVegetationZone>
  </SubCatchment>
</Catchment>