<?xml version="1.0" encoding="utf-8"?>
<Catchment xmlns:xsi="http://www.w3.org/2001/XMLSchema-instance" xmlns:xsd="http://www.w3.org/2001/XMLSchema">
  <CatchmentParameters>
    <KSI>0.001</KSI>
    <KGmin>0.05</KGmin>
    <RangeKG>0.1</RangeKG>
    <AG>0.1</AG>
    <PERC>1.688510174636644</PERC>
    <Alpha>0</Alpha>
    <UZL>181.10345867800496</UZL>
    <K0>0.52551358230365741</K0>
    <K1>0.24359419855833117</K1>
    <K2>0.029942868108327522</K2>
    <MAXBAS>1</MAXBAS>
    <Cet>0.11760578397365286</Cet>
    <PCALT>3.7536896990761632</PCALT>
    <TCALT>0.28744387858361103</TCALT>
    <Pelev>482</Pelev>
    <Telev>482</Telev>
    <PART>0.5</PART>
    <DELAY>1</DELAY>
  </CatchmentParameters>
  <VegetationZone>
    <VegetationZoneParameters>
      <TT>-1.6809979610027761</TT>
      <CFMAX>1.5730043216767584</CFMAX>
      <SP>0</SP>
      <SFCF>0.98860197318451226</SFCF>
      <CFR>0.078454529817339774</CFR>
      <CWH>0.1999999819820551</CWH>
      <CFGlacier>1</CFGlacier>
      <CFSlope>1</CFSlope>
      <FC>1924.4204971658196</FC>
      <LP>0.7655233847877</LP>
      <BETA>1.5984891375985904</BETA>
    </VegetationZoneParameters>
  </VegetationZone>
  <SubCatchment>
    <SubCatchmentParameters>
      <KSI>0.001</KSI>
      <KGmin>0.05</KGmin>
      <RangeKG>0.1</RangeKG>
      <AG>0.1</AG>
      <PERC>1.688510174636644</PERC>
      <Alpha>0</Alpha>
      <UZL>181.10345867800496</UZL>
      <K0>0.52551358230365741</K0>
      <K1>0.24359419855833117</K1>
      <K2>0.029942868108327522</K2>
      <MAXBAS>1</MAXBAS>
      <Cet>0.11760578397365286</Cet>
      <PCALT>3.7536896990761632</PCALT>
      <TCALT>0.28744387858361103</TCALT>
      <Pelev>482</Pelev>
      <Telev>482</Telev>
      <PART>0.5</PART>
      <DELAY>1</DELAY>
    </SubCatchmentParameters>
    <SubCatchmentVegetationZone>
      <SubCatchmentVegetationZoneParameters>
        <TT>-1.6809979610027761</TT>
        <CFMAX>1.5730043216767584</CFMAX>
        <SP>0</SP>
        <SFCF>0.98860197318451226</SFCF>
        <CFR>0.078454529817339774</CFR>
        <CWH>0.1999999819820551</CWH>
        <CFGlacier>1</CFGlacier>
        <CFSlope>1</CFSlope>
        <FC>1924.4204971658196</FC>
        <LP>0.7655233847877</LP>
        <BETA>1.5984891375985904</BETA>
      </SubCatchmentVegetationZoneParameters>
    </SubCatchmentVegetationZone>
  </SubCatchment>
</Catchment>