<?xml version="1.0" encoding="utf-8"?>
<Catchment xmlns:xsi="http://www.w3.org/2001/XMLSchema-instance" xmlns:xsd="http://www.w3.org/2001/XMLSchema">
  <CatchmentParameters>
    <KSI>0.001</KSI>
    <KGmin>0.05</KGmin>
    <RangeKG>0.1</RangeKG>
    <AG>0.1</AG>
    <PERC>1.3739087397802789</PERC>
    <Alpha>0</Alpha>
    <UZL>53.240764013059525</UZL>
    <K0>0.24376068118445723</K0>
    <K1>0.1947995655874431</K1>
    <K2>0.028104945096298659</K2>
    <MAXBAS>1</MAXBAS>
    <Cet>0.096245208801173127</Cet>
    <PCALT>2.8762396648302921</PCALT>
    <TCALT>0.28868560579416352</TCALT>
    <Pelev>482</Pelev>
    <Telev>482</Telev>
    <PART>0.5</PART>
    <DELAY>1</DELAY>
  </CatchmentParameters>
  <VegetationZone>
    <VegetationZoneParameters>
      <TT>-1.9728271482674538</TT>
      <CFMAX>1.5896956128821813</CFMAX>
      <SP>0</SP>
      <SFCF>1.2293952758947835</SFCF>
      <CFR>0.076711692018610111</CFR>
      <CWH>0.19999999966544876</CWH>
      <CFGlacier>1</CFGlacier>
      <CFSlope>1</CFSlope>
      <FC>1649.4207328310945</FC>
      <LP>0.76095947381148132</LP>
      <BETA>1.5642887277022852</BETA>
    </VegetationZoneParameters>
  </VegetationZone>
  <SubCatchment>
    <SubCatchmentParameters>
      <KSI>0.001</KSI>
      <KGmin>0.05</KGmin>
      <RangeKG>0.1</RangeKG>
      <AG>0.1</AG>
      <PERC>1.3739087397802789</PERC>
      <Alpha>0</Alpha>
      <UZL>53.240764013059525</UZL>
      <K0>0.24376068118445723</K0>
      <K1>0.1947995655874431</K1>
      <K2>0.028104945096298659</K2>
      <MAXBAS>1</MAXBAS>
      <Cet>0.096245208801173127</Cet>
      <PCALT>2.8762396648302921</PCALT>
      <TCALT>0.28868560579416352</TCALT>
      <Pelev>482</Pelev>
      <Telev>482</Telev>
      <PART>0.5</PART>
      <DELAY>1</DELAY>
    </SubCatchmentParameters>
    <SubCatchmentVegetationZone>
      <SubCatchmentVegetationZoneParameters>
        <TT>-1.9728271482674538</TT>
        <CFMAX>1.5896956128821813</CFMAX>
        <SP>0</SP>
        <SFCF>1.2293952758947835</SFCF>
        <CFR>0.076711692018610111</CFR>
        <CWH>0.19999999966544876</CWH>
        <CFGlacier>1</CFGlacier>
        <CFSlope>1</CFSlope>
        <FC>1649.4207328310945</FC>
        <LP>0.76095947381148132</LP>
        <BETA>1.5642887277022852</BETA>
      </SubCatchmentVegetationZoneParameters>
    </SubCatchmentVegetationZone>
  </SubCatchment>
</Catchment>