<?xml version="1.0" encoding="utf-8"?>
<Catchment xmlns:xsi="http://www.w3.org/2001/XMLSchema-instance" xmlns:xsd="http://www.w3.org/2001/XMLSchema">
  <CatchmentParameters>
    <KSI>0.001</KSI>
    <KGmin>0.05</KGmin>
    <RangeKG>0.1</RangeKG>
    <AG>0.1</AG>
    <PERC>1.27152672931157</PERC>
    <Alpha>0</Alpha>
    <UZL>48.89612989867495</UZL>
    <K0>0.2271910989159118</K0>
    <K1>0.17649683759166915</K1>
    <K2>0.027672872685131134</K2>
    <MAXBAS>1</MAXBAS>
    <Cet>0.15589065146220754</Cet>
    <PCALT>1.5700261520317205</PCALT>
    <TCALT>0.1835267178407145</TCALT>
    <Pelev>482</Pelev>
    <Telev>482</Telev>
    <PART>0.5</PART>
    <DELAY>1</DELAY>
  </CatchmentParameters>
  <VegetationZone>
    <VegetationZoneParameters>
      <TT>-1.3257629575379935</TT>
      <CFMAX>1.2140486345616215</CFMAX>
      <SP>0</SP>
      <SFCF>0.73094516640290375</SFCF>
      <CFR>0.057450933035157109</CFR>
      <CWH>0.19998603417724994</CWH>
      <CFGlacier>1</CFGlacier>
      <CFSlope>1</CFSlope>
      <FC>1490.2743389466002</FC>
      <LP>0.8406581796793694</LP>
      <BETA>1.3278856457569483</BETA>
    </VegetationZoneParameters>
  </VegetationZone>
  <SubCatchment>
    <SubCatchmentParameters>
      <KSI>0.001</KSI>
      <KGmin>0.05</KGmin>
      <RangeKG>0.1</RangeKG>
      <AG>0.1</AG>
      <PERC>1.27152672931157</PERC>
      <Alpha>0</Alpha>
      <UZL>48.89612989867495</UZL>
      <K0>0.2271910989159118</K0>
      <K1>0.17649683759166915</K1>
      <K2>0.027672872685131134</K2>
      <MAXBAS>1</MAXBAS>
      <Cet>0.15589065146220754</Cet>
      <PCALT>1.5700261520317205</PCALT>
      <TCALT>0.1835267178407145</TCALT>
      <Pelev>482</Pelev>
      <Telev>482</Telev>
      <PART>0.5</PART>
      <DELAY>1</DELAY>
    </SubCatchmentParameters>
    <SubCatchmentVegetationZone>
      <SubCatchmentVegetationZoneParameters>
        <TT>-1.3257629575379935</TT>
        <CFMAX>1.2140486345616215</CFMAX>
        <SP>0</SP>
        <SFCF>0.73094516640290375</SFCF>
        <CFR>0.057450933035157109</CFR>
        <CWH>0.19998603417724994</CWH>
        <CFGlacier>1</CFGlacier>
        <CFSlope>1</CFSlope>
        <FC>1490.2743389466002</FC>
        <LP>0.8406581796793694</LP>
        <BETA>1.3278856457569483</BETA>
      </SubCatchmentVegetationZoneParameters>
    </SubCatchmentVegetationZone>
  </SubCatchment>
</Catchment>