<?xml version="1.0" encoding="utf-8"?>
<Catchment xmlns:xsi="http://www.w3.org/2001/XMLSchema-instance" xmlns:xsd="http://www.w3.org/2001/XMLSchema">
  <CatchmentParameters>
    <KSI>0.001</KSI>
    <KGmin>0.05</KGmin>
    <RangeKG>0.1</RangeKG>
    <AG>0.1</AG>
    <PERC>1.279223512860997</PERC>
    <Alpha>0</Alpha>
    <UZL>47.441862191630655</UZL>
    <K0>0.21798711696104969</K0>
    <K1>0.17820161151747885</K1>
    <K2>0.027742552600437585</K2>
    <MAXBAS>1</MAXBAS>
    <Cet>0.17936766652754291</Cet>
    <PCALT>2.413898479623227</PCALT>
    <TCALT>0.19798580621088502</TCALT>
    <Pelev>482</Pelev>
    <Telev>482</Telev>
    <PART>0.5</PART>
    <DELAY>1</DELAY>
  </CatchmentParameters>
  <VegetationZone>
    <VegetationZoneParameters>
      <TT>-1.3771616684674377</TT>
      <CFMAX>1.6110449630845523</CFMAX>
      <SP>0</SP>
      <SFCF>0.957916570885263</SFCF>
      <CFR>0.099899119100883768</CFR>
      <CWH>0.1999678249717331</CWH>
      <CFGlacier>1</CFGlacier>
      <CFSlope>1</CFSlope>
      <FC>1608.5851369621259</FC>
      <LP>0.76044097303140956</LP>
      <BETA>1.2733039792862195</BETA>
    </VegetationZoneParameters>
  </VegetationZone>
  <SubCatchment>
    <SubCatchmentParameters>
      <KSI>0.001</KSI>
      <KGmin>0.05</KGmin>
      <RangeKG>0.1</RangeKG>
      <AG>0.1</AG>
      <PERC>1.279223512860997</PERC>
      <Alpha>0</Alpha>
      <UZL>47.441862191630655</UZL>
      <K0>0.21798711696104969</K0>
      <K1>0.17820161151747885</K1>
      <K2>0.027742552600437585</K2>
      <MAXBAS>1</MAXBAS>
      <Cet>0.17936766652754291</Cet>
      <PCALT>2.413898479623227</PCALT>
      <TCALT>0.19798580621088502</TCALT>
      <Pelev>482</Pelev>
      <Telev>482</Telev>
      <PART>0.5</PART>
      <DELAY>1</DELAY>
    </SubCatchmentParameters>
    <SubCatchmentVegetationZone>
      <SubCatchmentVegetationZoneParameters>
        <TT>-1.3771616684674377</TT>
        <CFMAX>1.6110449630845523</CFMAX>
        <SP>0</SP>
        <SFCF>0.957916570885263</SFCF>
        <CFR>0.099899119100883768</CFR>
        <CWH>0.1999678249717331</CWH>
        <CFGlacier>1</CFGlacier>
        <CFSlope>1</CFSlope>
        <FC>1608.5851369621259</FC>
        <LP>0.76044097303140956</LP>
        <BETA>1.2733039792862195</BETA>
      </SubCatchmentVegetationZoneParameters>
    </SubCatchmentVegetationZone>
  </SubCatchment>
</Catchment>