<?xml version="1.0" encoding="utf-8"?>
<Catchment xmlns:xsi="http://www.w3.org/2001/XMLSchema-instance" xmlns:xsd="http://www.w3.org/2001/XMLSchema">
  <CatchmentParameters>
    <KSI>0.001</KSI>
    <KGmin>0.05</KGmin>
    <RangeKG>0.1</RangeKG>
    <AG>0.1</AG>
    <PERC>1.391530371056066</PERC>
    <Alpha>0</Alpha>
    <UZL>173.55911688618161</UZL>
    <K0>0.30478908632820378</K0>
    <K1>0.2327351823070633</K1>
    <K2>0.026243436490701006</K2>
    <MAXBAS>1</MAXBAS>
    <Cet>0.15611965300885924</Cet>
    <PCALT>2.4844028988264069</PCALT>
    <TCALT>0.29363453187311483</TCALT>
    <Pelev>482</Pelev>
    <Telev>482</Telev>
    <PART>0.5</PART>
    <DELAY>1</DELAY>
  </CatchmentParameters>
  <VegetationZone>
    <VegetationZoneParameters>
      <TT>-1.7011539726156879</TT>
      <CFMAX>1.1755628136666942</CFMAX>
      <SP>0</SP>
      <SFCF>0.73387793703093407</SFCF>
      <CFR>0.072989251787275042</CFR>
      <CWH>0.19999096309793377</CWH>
      <CFGlacier>1</CFGlacier>
      <CFSlope>1</CFSlope>
      <FC>1267.8178707631778</FC>
      <LP>0.55678608206685054</LP>
      <BETA>1.1668616659246627</BETA>
    </VegetationZoneParameters>
  </VegetationZone>
  <SubCatchment>
    <SubCatchmentParameters>
      <KSI>0.001</KSI>
      <KGmin>0.05</KGmin>
      <RangeKG>0.1</RangeKG>
      <AG>0.1</AG>
      <PERC>1.391530371056066</PERC>
      <Alpha>0</Alpha>
      <UZL>173.55911688618161</UZL>
      <K0>0.30478908632820378</K0>
      <K1>0.2327351823070633</K1>
      <K2>0.026243436490701006</K2>
      <MAXBAS>1</MAXBAS>
      <Cet>0.15611965300885924</Cet>
      <PCALT>2.4844028988264069</PCALT>
      <TCALT>0.29363453187311483</TCALT>
      <Pelev>482</Pelev>
      <Telev>482</Telev>
      <PART>0.5</PART>
      <DELAY>1</DELAY>
    </SubCatchmentParameters>
    <SubCatchmentVegetationZone>
      <SubCatchmentVegetationZoneParameters>
        <TT>-1.7011539726156879</TT>
        <CFMAX>1.1755628136666942</CFMAX>
        <SP>0</SP>
        <SFCF>0.73387793703093407</SFCF>
        <CFR>0.072989251787275042</CFR>
        <CWH>0.19999096309793377</CWH>
        <CFGlacier>1</CFGlacier>
        <CFSlope>1</CFSlope>
        <FC>1267.8178707631778</FC>
        <LP>0.55678608206685054</LP>
        <BETA>1.1668616659246627</BETA>
      </SubCatchmentVegetationZoneParameters>
    </SubCatchmentVegetationZone>
  </SubCatchment>
</Catchment>