<?xml version="1.0" encoding="utf-8"?>
<Catchment xmlns:xsi="http://www.w3.org/2001/XMLSchema-instance" xmlns:xsd="http://www.w3.org/2001/XMLSchema">
  <CatchmentParameters>
    <KSI>0.001</KSI>
    <KGmin>0.05</KGmin>
    <RangeKG>0.1</RangeKG>
    <AG>0.1</AG>
    <PERC>1.5430373806671747</PERC>
    <Alpha>0</Alpha>
    <UZL>46.966602165550562</UZL>
    <K0>0.23270262332885844</K0>
    <K1>0.18115029217281484</K1>
    <K2>0.029781192641794452</K2>
    <MAXBAS>1</MAXBAS>
    <Cet>0.11996266281535119</Cet>
    <PCALT>2.03056012650731</PCALT>
    <TCALT>0.214349384793842</TCALT>
    <Pelev>482</Pelev>
    <Telev>482</Telev>
    <PART>0.5</PART>
    <DELAY>1</DELAY>
  </CatchmentParameters>
  <VegetationZone>
    <VegetationZoneParameters>
      <TT>-1.4594343007287596</TT>
      <CFMAX>1.5404396915288061</CFMAX>
      <SP>0</SP>
      <SFCF>1.1173112059524535</SFCF>
      <CFR>0.099964853791386379</CFR>
      <CWH>0.19997037548634236</CWH>
      <CFGlacier>1</CFGlacier>
      <CFSlope>1</CFSlope>
      <FC>1558.138384830557</FC>
      <LP>0.63857571401403912</LP>
      <BETA>1.0370155534055234</BETA>
    </VegetationZoneParameters>
  </VegetationZone>
  <SubCatchment>
    <SubCatchmentParameters>
      <KSI>0.001</KSI>
      <KGmin>0.05</KGmin>
      <RangeKG>0.1</RangeKG>
      <AG>0.1</AG>
      <PERC>1.5430373806671747</PERC>
      <Alpha>0</Alpha>
      <UZL>46.966602165550562</UZL>
      <K0>0.23270262332885844</K0>
      <K1>0.18115029217281484</K1>
      <K2>0.029781192641794452</K2>
      <MAXBAS>1</MAXBAS>
      <Cet>0.11996266281535119</Cet>
      <PCALT>2.03056012650731</PCALT>
      <TCALT>0.214349384793842</TCALT>
      <Pelev>482</Pelev>
      <Telev>482</Telev>
      <PART>0.5</PART>
      <DELAY>1</DELAY>
    </SubCatchmentParameters>
    <SubCatchmentVegetationZone>
      <SubCatchmentVegetationZoneParameters>
        <TT>-1.4594343007287596</TT>
        <CFMAX>1.5404396915288061</CFMAX>
        <SP>0</SP>
        <SFCF>1.1173112059524535</SFCF>
        <CFR>0.099964853791386379</CFR>
        <CWH>0.19997037548634236</CWH>
        <CFGlacier>1</CFGlacier>
        <CFSlope>1</CFSlope>
        <FC>1558.138384830557</FC>
        <LP>0.63857571401403912</LP>
        <BETA>1.0370155534055234</BETA>
      </SubCatchmentVegetationZoneParameters>
    </SubCatchmentVegetationZone>
  </SubCatchment>
</Catchment>