<?xml version="1.0" encoding="utf-8"?>
<Catchment xmlns:xsi="http://www.w3.org/2001/XMLSchema-instance" xmlns:xsd="http://www.w3.org/2001/XMLSchema">
  <CatchmentParameters>
    <KSI>0.001</KSI>
    <KGmin>0.05</KGmin>
    <RangeKG>0.1</RangeKG>
    <AG>0.1</AG>
    <PERC>1.3160126756711918</PERC>
    <Alpha>0</Alpha>
    <UZL>54.462078903295875</UZL>
    <K0>0.25975530097978727</K0>
    <K1>0.18430389777183293</K1>
    <K2>0.02795857621780079</K2>
    <MAXBAS>1</MAXBAS>
    <Cet>0.10528622597077353</Cet>
    <PCALT>1.3475786160225334</PCALT>
    <TCALT>0.29703372772314074</TCALT>
    <Pelev>482</Pelev>
    <Telev>482</Telev>
    <PART>0.5</PART>
    <DELAY>1</DELAY>
  </CatchmentParameters>
  <VegetationZone>
    <VegetationZoneParameters>
      <TT>-1.915815781692001</TT>
      <CFMAX>1.0635403838769575</CFMAX>
      <SP>0</SP>
      <SFCF>0.92280726276503511</SFCF>
      <CFR>1.5002866236746683E-05</CFR>
      <CWH>0.19998933792344414</CWH>
      <CFGlacier>1</CFGlacier>
      <CFSlope>1</CFSlope>
      <FC>1540.0821833861246</FC>
      <LP>0.90027902375777091</LP>
      <BETA>1.549359157708367</BETA>
    </VegetationZoneParameters>
  </VegetationZone>
  <SubCatchment>
    <SubCatchmentParameters>
      <KSI>0.001</KSI>
      <KGmin>0.05</KGmin>
      <RangeKG>0.1</RangeKG>
      <AG>0.1</AG>
      <PERC>1.3160126756711918</PERC>
      <Alpha>0</Alpha>
      <UZL>54.462078903295875</UZL>
      <K0>0.25975530097978727</K0>
      <K1>0.18430389777183293</K1>
      <K2>0.02795857621780079</K2>
      <MAXBAS>1</MAXBAS>
      <Cet>0.10528622597077353</Cet>
      <PCALT>1.3475786160225334</PCALT>
      <TCALT>0.29703372772314074</TCALT>
      <Pelev>482</Pelev>
      <Telev>482</Telev>
      <PART>0.5</PART>
      <DELAY>1</DELAY>
    </SubCatchmentParameters>
    <SubCatchmentVegetationZone>
      <SubCatchmentVegetationZoneParameters>
        <TT>-1.915815781692001</TT>
        <CFMAX>1.0635403838769575</CFMAX>
        <SP>0</SP>
        <SFCF>0.92280726276503511</SFCF>
        <CFR>1.5002866236746683E-05</CFR>
        <CWH>0.19998933792344414</CWH>
        <CFGlacier>1</CFGlacier>
        <CFSlope>1</CFSlope>
        <FC>1540.0821833861246</FC>
        <LP>0.90027902375777091</LP>
        <BETA>1.549359157708367</BETA>
      </SubCatchmentVegetationZoneParameters>
    </SubCatchmentVegetationZone>
  </SubCatchment>
</Catchment>