<?xml version="1.0" encoding="utf-8"?>
<Catchment xmlns:xsi="http://www.w3.org/2001/XMLSchema-instance" xmlns:xsd="http://www.w3.org/2001/XMLSchema">
  <CatchmentParameters>
    <KSI>0.001</KSI>
    <KGmin>0.05</KGmin>
    <RangeKG>0.1</RangeKG>
    <AG>0.1</AG>
    <PERC>1.5933023964565511</PERC>
    <Alpha>0</Alpha>
    <UZL>157.01624940700643</UZL>
    <K0>0.68497881249793757</K0>
    <K1>0.23757823073310028</K1>
    <K2>0.029150048659330276</K2>
    <MAXBAS>1</MAXBAS>
    <Cet>0.10215178038997116</Cet>
    <PCALT>3.2337895517849673</PCALT>
    <TCALT>0.26961006424116241</TCALT>
    <Pelev>482</Pelev>
    <Telev>482</Telev>
    <PART>0.5</PART>
    <DELAY>1</DELAY>
  </CatchmentParameters>
  <VegetationZone>
    <VegetationZoneParameters>
      <TT>-1.5583506196378063</TT>
      <CFMAX>1.5485169356928146</CFMAX>
      <SP>0</SP>
      <SFCF>0.80957775016834854</SFCF>
      <CFR>0.0514401773805433</CFR>
      <CWH>0.19999999447478695</CWH>
      <CFGlacier>1</CFGlacier>
      <CFSlope>1</CFSlope>
      <FC>1782.5475270321488</FC>
      <LP>0.85460080722841292</LP>
      <BETA>1.9193886110615654</BETA>
    </VegetationZoneParameters>
  </VegetationZone>
  <SubCatchment>
    <SubCatchmentParameters>
      <KSI>0.001</KSI>
      <KGmin>0.05</KGmin>
      <RangeKG>0.1</RangeKG>
      <AG>0.1</AG>
      <PERC>1.5933023964565511</PERC>
      <Alpha>0</Alpha>
      <UZL>157.01624940700643</UZL>
      <K0>0.68497881249793757</K0>
      <K1>0.23757823073310028</K1>
      <K2>0.029150048659330276</K2>
      <MAXBAS>1</MAXBAS>
      <Cet>0.10215178038997116</Cet>
      <PCALT>3.2337895517849673</PCALT>
      <TCALT>0.26961006424116241</TCALT>
      <Pelev>482</Pelev>
      <Telev>482</Telev>
      <PART>0.5</PART>
      <DELAY>1</DELAY>
    </SubCatchmentParameters>
    <SubCatchmentVegetationZone>
      <SubCatchmentVegetationZoneParameters>
        <TT>-1.5583506196378063</TT>
        <CFMAX>1.5485169356928146</CFMAX>
        <SP>0</SP>
        <SFCF>0.80957775016834854</SFCF>
        <CFR>0.0514401773805433</CFR>
        <CWH>0.19999999447478695</CWH>
        <CFGlacier>1</CFGlacier>
        <CFSlope>1</CFSlope>
        <FC>1782.5475270321488</FC>
        <LP>0.85460080722841292</LP>
        <BETA>1.9193886110615654</BETA>
      </SubCatchmentVegetationZoneParameters>
    </SubCatchmentVegetationZone>
  </SubCatchment>
</Catchment>