<?xml version="1.0" encoding="utf-8"?>
<Catchment xmlns:xsi="http://www.w3.org/2001/XMLSchema-instance" xmlns:xsd="http://www.w3.org/2001/XMLSchema">
  <CatchmentParameters>
    <KSI>0.001</KSI>
    <KGmin>0.05</KGmin>
    <RangeKG>0.1</RangeKG>
    <AG>0.1</AG>
    <PERC>1.3586625440651001</PERC>
    <Alpha>0</Alpha>
    <UZL>44.875607069597969</UZL>
    <K0>0.2081188624035446</K0>
    <K1>0.18108687351375344</K1>
    <K2>0.028762592259583688</K2>
    <MAXBAS>1</MAXBAS>
    <Cet>0.14426078841432763</Cet>
    <PCALT>4.46917130004887</PCALT>
    <TCALT>0.27562351858693124</TCALT>
    <Pelev>482</Pelev>
    <Telev>482</Telev>
    <PART>0.5</PART>
    <DELAY>1</DELAY>
  </CatchmentParameters>
  <VegetationZone>
    <VegetationZoneParameters>
      <TT>-1.7949198272312805</TT>
      <CFMAX>1.7719273458318685</CFMAX>
      <SP>0</SP>
      <SFCF>1.152955391196842</SFCF>
      <CFR>0.099935215694678378</CFR>
      <CWH>0.19995254852713418</CWH>
      <CFGlacier>1</CFGlacier>
      <CFSlope>1</CFSlope>
      <FC>1985.9934572272302</FC>
      <LP>0.53346664449765735</LP>
      <BETA>1.0623065414808397</BETA>
    </VegetationZoneParameters>
  </VegetationZone>
  <SubCatchment>
    <SubCatchmentParameters>
      <KSI>0.001</KSI>
      <KGmin>0.05</KGmin>
      <RangeKG>0.1</RangeKG>
      <AG>0.1</AG>
      <PERC>1.3586625440651001</PERC>
      <Alpha>0</Alpha>
      <UZL>44.875607069597969</UZL>
      <K0>0.2081188624035446</K0>
      <K1>0.18108687351375344</K1>
      <K2>0.028762592259583688</K2>
      <MAXBAS>1</MAXBAS>
      <Cet>0.14426078841432763</Cet>
      <PCALT>4.46917130004887</PCALT>
      <TCALT>0.27562351858693124</TCALT>
      <Pelev>482</Pelev>
      <Telev>482</Telev>
      <PART>0.5</PART>
      <DELAY>1</DELAY>
    </SubCatchmentParameters>
    <SubCatchmentVegetationZone>
      <SubCatchmentVegetationZoneParameters>
        <TT>-1.7949198272312805</TT>
        <CFMAX>1.7719273458318685</CFMAX>
        <SP>0</SP>
        <SFCF>1.152955391196842</SFCF>
        <CFR>0.099935215694678378</CFR>
        <CWH>0.19995254852713418</CWH>
        <CFGlacier>1</CFGlacier>
        <CFSlope>1</CFSlope>
        <FC>1985.9934572272302</FC>
        <LP>0.53346664449765735</LP>
        <BETA>1.0623065414808397</BETA>
      </SubCatchmentVegetationZoneParameters>
    </SubCatchmentVegetationZone>
  </SubCatchment>
</Catchment>