<?xml version="1.0" encoding="utf-8"?>
<Catchment xmlns:xsi="http://www.w3.org/2001/XMLSchema-instance" xmlns:xsd="http://www.w3.org/2001/XMLSchema">
  <CatchmentParameters>
    <KSI>0.001</KSI>
    <KGmin>0.05</KGmin>
    <RangeKG>0.1</RangeKG>
    <AG>0.1</AG>
    <PERC>1.2918576143067992</PERC>
    <Alpha>0</Alpha>
    <UZL>56.035514231297114</UZL>
    <K0>0.265375147723893</K0>
    <K1>0.18064250699911283</K1>
    <K2>0.028288719310461289</K2>
    <MAXBAS>1</MAXBAS>
    <Cet>0.096402638760439072</Cet>
    <PCALT>3.4222585076600551</PCALT>
    <TCALT>0.22533670436519038</TCALT>
    <Pelev>482</Pelev>
    <Telev>482</Telev>
    <PART>0.5</PART>
    <DELAY>1</DELAY>
  </CatchmentParameters>
  <VegetationZone>
    <VegetationZoneParameters>
      <TT>-1.6942743615997324</TT>
      <CFMAX>1.2884520728423148</CFMAX>
      <SP>0</SP>
      <SFCF>1.0459972464127005</SFCF>
      <CFR>0.099797634935751334</CFR>
      <CWH>0.19998045741199941</CWH>
      <CFGlacier>1</CFGlacier>
      <CFSlope>1</CFSlope>
      <FC>2206.487357920716</FC>
      <LP>0.90494956782453362</LP>
      <BETA>2.125810280645918</BETA>
    </VegetationZoneParameters>
  </VegetationZone>
  <SubCatchment>
    <SubCatchmentParameters>
      <KSI>0.001</KSI>
      <KGmin>0.05</KGmin>
      <RangeKG>0.1</RangeKG>
      <AG>0.1</AG>
      <PERC>1.2918576143067992</PERC>
      <Alpha>0</Alpha>
      <UZL>56.035514231297114</UZL>
      <K0>0.265375147723893</K0>
      <K1>0.18064250699911283</K1>
      <K2>0.028288719310461289</K2>
      <MAXBAS>1</MAXBAS>
      <Cet>0.096402638760439072</Cet>
      <PCALT>3.4222585076600551</PCALT>
      <TCALT>0.22533670436519038</TCALT>
      <Pelev>482</Pelev>
      <Telev>482</Telev>
      <PART>0.5</PART>
      <DELAY>1</DELAY>
    </SubCatchmentParameters>
    <SubCatchmentVegetationZone>
      <SubCatchmentVegetationZoneParameters>
        <TT>-1.6942743615997324</TT>
        <CFMAX>1.2884520728423148</CFMAX>
        <SP>0</SP>
        <SFCF>1.0459972464127005</SFCF>
        <CFR>0.099797634935751334</CFR>
        <CWH>0.19998045741199941</CWH>
        <CFGlacier>1</CFGlacier>
        <CFSlope>1</CFSlope>
        <FC>2206.487357920716</FC>
        <LP>0.90494956782453362</LP>
        <BETA>2.125810280645918</BETA>
      </SubCatchmentVegetationZoneParameters>
    </SubCatchmentVegetationZone>
  </SubCatchment>
</Catchment>