<?xml version="1.0" encoding="utf-8"?>
<Catchment xmlns:xsi="http://www.w3.org/2001/XMLSchema-instance" xmlns:xsd="http://www.w3.org/2001/XMLSchema">
  <CatchmentParameters>
    <KSI>0.001</KSI>
    <KGmin>0.05</KGmin>
    <RangeKG>0.1</RangeKG>
    <AG>0.1</AG>
    <PERC>1.5962171588828946</PERC>
    <Alpha>0</Alpha>
    <UZL>46.819858618919064</UZL>
    <K0>0.22852473363749074</K0>
    <K1>0.18782451918516008</K1>
    <K2>0.030481093879421953</K2>
    <MAXBAS>1</MAXBAS>
    <Cet>0.19608992973798861</Cet>
    <PCALT>3.7434918897559</PCALT>
    <TCALT>0.26331119687500509</TCALT>
    <Pelev>482</Pelev>
    <Telev>482</Telev>
    <PART>0.5</PART>
    <DELAY>1</DELAY>
  </CatchmentParameters>
  <VegetationZone>
    <VegetationZoneParameters>
      <TT>-1.5242770200851545</TT>
      <CFMAX>2.1150183127301254</CFMAX>
      <SP>0</SP>
      <SFCF>1.0664243395175326</SFCF>
      <CFR>0.099967693406118788</CFR>
      <CWH>0.19999999671558202</CWH>
      <CFGlacier>1</CFGlacier>
      <CFSlope>1</CFSlope>
      <FC>1980.6395409441661</FC>
      <LP>0.72395558798972159</LP>
      <BETA>1.3177785494185041</BETA>
    </VegetationZoneParameters>
  </VegetationZone>
  <SubCatchment>
    <SubCatchmentParameters>
      <KSI>0.001</KSI>
      <KGmin>0.05</KGmin>
      <RangeKG>0.1</RangeKG>
      <AG>0.1</AG>
      <PERC>1.5962171588828946</PERC>
      <Alpha>0</Alpha>
      <UZL>46.819858618919064</UZL>
      <K0>0.22852473363749074</K0>
      <K1>0.18782451918516008</K1>
      <K2>0.030481093879421953</K2>
      <MAXBAS>1</MAXBAS>
      <Cet>0.19608992973798861</Cet>
      <PCALT>3.7434918897559</PCALT>
      <TCALT>0.26331119687500509</TCALT>
      <Pelev>482</Pelev>
      <Telev>482</Telev>
      <PART>0.5</PART>
      <DELAY>1</DELAY>
    </SubCatchmentParameters>
    <SubCatchmentVegetationZone>
      <SubCatchmentVegetationZoneParameters>
        <TT>-1.5242770200851545</TT>
        <CFMAX>2.1150183127301254</CFMAX>
        <SP>0</SP>
        <SFCF>1.0664243395175326</SFCF>
        <CFR>0.099967693406118788</CFR>
        <CWH>0.19999999671558202</CWH>
        <CFGlacier>1</CFGlacier>
        <CFSlope>1</CFSlope>
        <FC>1980.6395409441661</FC>
        <LP>0.72395558798972159</LP>
        <BETA>1.3177785494185041</BETA>
      </SubCatchmentVegetationZoneParameters>
    </SubCatchmentVegetationZone>
  </SubCatchment>
</Catchment>