<?xml version="1.0" encoding="utf-8"?>
<Catchment xmlns:xsi="http://www.w3.org/2001/XMLSchema-instance" xmlns:xsd="http://www.w3.org/2001/XMLSchema">
  <CatchmentParameters>
    <KSI>0.001</KSI>
    <KGmin>0.05</KGmin>
    <RangeKG>0.1</RangeKG>
    <AG>0.1</AG>
    <PERC>1.1348876257518699</PERC>
    <Alpha>0</Alpha>
    <UZL>59.292923764273453</UZL>
    <K0>0.2723644946287006</K0>
    <K1>0.17488509853649181</K1>
    <K2>0.026305341418116263</K2>
    <MAXBAS>1</MAXBAS>
    <Cet>0.15857945815536542</Cet>
    <PCALT>4.3204837171447688</PCALT>
    <TCALT>0.20698742753108568</TCALT>
    <Pelev>482</Pelev>
    <Telev>482</Telev>
    <PART>0.5</PART>
    <DELAY>1</DELAY>
  </CatchmentParameters>
  <VegetationZone>
    <VegetationZoneParameters>
      <TT>-1.4196500702088717</TT>
      <CFMAX>1.5235574358048303</CFMAX>
      <SP>0</SP>
      <SFCF>0.911521775558581</SFCF>
      <CFR>3.0128479379035952E-05</CFR>
      <CWH>0.19996720020044476</CWH>
      <CFGlacier>1</CFGlacier>
      <CFSlope>1</CFSlope>
      <FC>1768.3444651241766</FC>
      <LP>0.66913794054069065</LP>
      <BETA>1.4522155025974983</BETA>
    </VegetationZoneParameters>
  </VegetationZone>
  <SubCatchment>
    <SubCatchmentParameters>
      <KSI>0.001</KSI>
      <KGmin>0.05</KGmin>
      <RangeKG>0.1</RangeKG>
      <AG>0.1</AG>
      <PERC>1.1348876257518699</PERC>
      <Alpha>0</Alpha>
      <UZL>59.292923764273453</UZL>
      <K0>0.2723644946287006</K0>
      <K1>0.17488509853649181</K1>
      <K2>0.026305341418116263</K2>
      <MAXBAS>1</MAXBAS>
      <Cet>0.15857945815536542</Cet>
      <PCALT>4.3204837171447688</PCALT>
      <TCALT>0.20698742753108568</TCALT>
      <Pelev>482</Pelev>
      <Telev>482</Telev>
      <PART>0.5</PART>
      <DELAY>1</DELAY>
    </SubCatchmentParameters>
    <SubCatchmentVegetationZone>
      <SubCatchmentVegetationZoneParameters>
        <TT>-1.4196500702088717</TT>
        <CFMAX>1.5235574358048303</CFMAX>
        <SP>0</SP>
        <SFCF>0.911521775558581</SFCF>
        <CFR>3.0128479379035952E-05</CFR>
        <CWH>0.19996720020044476</CWH>
        <CFGlacier>1</CFGlacier>
        <CFSlope>1</CFSlope>
        <FC>1768.3444651241766</FC>
        <LP>0.66913794054069065</LP>
        <BETA>1.4522155025974983</BETA>
      </SubCatchmentVegetationZoneParameters>
    </SubCatchmentVegetationZone>
  </SubCatchment>
</Catchment>