<?xml version="1.0" encoding="utf-8"?>
<Catchment xmlns:xsi="http://www.w3.org/2001/XMLSchema-instance" xmlns:xsd="http://www.w3.org/2001/XMLSchema">
  <CatchmentParameters>
    <KSI>0.001</KSI>
    <KGmin>0.05</KGmin>
    <RangeKG>0.1</RangeKG>
    <AG>0.1</AG>
    <PERC>1.4538923061125906</PERC>
    <Alpha>0</Alpha>
    <UZL>53.35991661192935</UZL>
    <K0>0.23511560522026895</K0>
    <K1>0.19257534601421905</K1>
    <K2>0.02924190503086227</K2>
    <MAXBAS>1</MAXBAS>
    <Cet>0.039393013577625167</Cet>
    <PCALT>2.9918690525190232</PCALT>
    <TCALT>0.22197932573980228</TCALT>
    <Pelev>482</Pelev>
    <Telev>482</Telev>
    <PART>0.5</PART>
    <DELAY>1</DELAY>
  </CatchmentParameters>
  <VegetationZone>
    <VegetationZoneParameters>
      <TT>-1.5158470382739893</TT>
      <CFMAX>0.8498637695204887</CFMAX>
      <SP>0</SP>
      <SFCF>0.61889597641898619</SFCF>
      <CFR>0.087662980873626339</CFR>
      <CWH>0.1999967316479675</CWH>
      <CFGlacier>1</CFGlacier>
      <CFSlope>1</CFSlope>
      <FC>1953.9721295837589</FC>
      <LP>0.89056101889839612</LP>
      <BETA>2.0929923290665795</BETA>
    </VegetationZoneParameters>
  </VegetationZone>
  <SubCatchment>
    <SubCatchmentParameters>
      <KSI>0.001</KSI>
      <KGmin>0.05</KGmin>
      <RangeKG>0.1</RangeKG>
      <AG>0.1</AG>
      <PERC>1.4538923061125906</PERC>
      <Alpha>0</Alpha>
      <UZL>53.35991661192935</UZL>
      <K0>0.23511560522026895</K0>
      <K1>0.19257534601421905</K1>
      <K2>0.02924190503086227</K2>
      <MAXBAS>1</MAXBAS>
      <Cet>0.039393013577625167</Cet>
      <PCALT>2.9918690525190232</PCALT>
      <TCALT>0.22197932573980228</TCALT>
      <Pelev>482</Pelev>
      <Telev>482</Telev>
      <PART>0.5</PART>
      <DELAY>1</DELAY>
    </SubCatchmentParameters>
    <SubCatchmentVegetationZone>
      <SubCatchmentVegetationZoneParameters>
        <TT>-1.5158470382739893</TT>
        <CFMAX>0.8498637695204887</CFMAX>
        <SP>0</SP>
        <SFCF>0.61889597641898619</SFCF>
        <CFR>0.087662980873626339</CFR>
        <CWH>0.1999967316479675</CWH>
        <CFGlacier>1</CFGlacier>
        <CFSlope>1</CFSlope>
        <FC>1953.9721295837589</FC>
        <LP>0.89056101889839612</LP>
        <BETA>2.0929923290665795</BETA>
      </SubCatchmentVegetationZoneParameters>
    </SubCatchmentVegetationZone>
  </SubCatchment>
</Catchment>