<?xml version="1.0" encoding="utf-8"?>
<Catchment xmlns:xsi="http://www.w3.org/2001/XMLSchema-instance" xmlns:xsd="http://www.w3.org/2001/XMLSchema">
  <CatchmentParameters>
    <KSI>0.001</KSI>
    <KGmin>0.05</KGmin>
    <RangeKG>0.1</RangeKG>
    <AG>0.1</AG>
    <PERC>1.1878381666388918</PERC>
    <Alpha>0</Alpha>
    <UZL>54.437924482956348</UZL>
    <K0>0.252524592905522</K0>
    <K1>0.1892852489314717</K1>
    <K2>0.026329615661462965</K2>
    <MAXBAS>1</MAXBAS>
    <Cet>0.096060916086165973</Cet>
    <PCALT>1.4310351592094026</PCALT>
    <TCALT>0.23408957773923825</TCALT>
    <Pelev>482</Pelev>
    <Telev>482</Telev>
    <PART>0.5</PART>
    <DELAY>1</DELAY>
  </CatchmentParameters>
  <VegetationZone>
    <VegetationZoneParameters>
      <TT>-1.8249862810548423</TT>
      <CFMAX>1.29532261928001</CFMAX>
      <SP>0</SP>
      <SFCF>1.1879199598319328</SFCF>
      <CFR>0.0999777657571868</CFR>
      <CWH>0.19999293153553432</CWH>
      <CFGlacier>1</CFGlacier>
      <CFSlope>1</CFSlope>
      <FC>1443.442826598945</FC>
      <LP>0.83322371385751892</LP>
      <BETA>1.4781893676719968</BETA>
    </VegetationZoneParameters>
  </VegetationZone>
  <SubCatchment>
    <SubCatchmentParameters>
      <KSI>0.001</KSI>
      <KGmin>0.05</KGmin>
      <RangeKG>0.1</RangeKG>
      <AG>0.1</AG>
      <PERC>1.1878381666388918</PERC>
      <Alpha>0</Alpha>
      <UZL>54.437924482956348</UZL>
      <K0>0.252524592905522</K0>
      <K1>0.1892852489314717</K1>
      <K2>0.026329615661462965</K2>
      <MAXBAS>1</MAXBAS>
      <Cet>0.096060916086165973</Cet>
      <PCALT>1.4310351592094026</PCALT>
      <TCALT>0.23408957773923825</TCALT>
      <Pelev>482</Pelev>
      <Telev>482</Telev>
      <PART>0.5</PART>
      <DELAY>1</DELAY>
    </SubCatchmentParameters>
    <SubCatchmentVegetationZone>
      <SubCatchmentVegetationZoneParameters>
        <TT>-1.8249862810548423</TT>
        <CFMAX>1.29532261928001</CFMAX>
        <SP>0</SP>
        <SFCF>1.1879199598319328</SFCF>
        <CFR>0.0999777657571868</CFR>
        <CWH>0.19999293153553432</CWH>
        <CFGlacier>1</CFGlacier>
        <CFSlope>1</CFSlope>
        <FC>1443.442826598945</FC>
        <LP>0.83322371385751892</LP>
        <BETA>1.4781893676719968</BETA>
      </SubCatchmentVegetationZoneParameters>
    </SubCatchmentVegetationZone>
  </SubCatchment>
</Catchment>