<?xml version="1.0" encoding="utf-8"?>
<Catchment xmlns:xsi="http://www.w3.org/2001/XMLSchema-instance" xmlns:xsd="http://www.w3.org/2001/XMLSchema">
  <CatchmentParameters>
    <KSI>0.001</KSI>
    <KGmin>0.05</KGmin>
    <RangeKG>0.1</RangeKG>
    <AG>0.1</AG>
    <PERC>1.46100764947347</PERC>
    <Alpha>0</Alpha>
    <UZL>145.01473786627963</UZL>
    <K0>0.79501609147317232</K0>
    <K1>0.23559648718880233</K1>
    <K2>0.02841867221019188</K2>
    <MAXBAS>1</MAXBAS>
    <Cet>0.030347589241931577</Cet>
    <PCALT>4.1030337530471659</PCALT>
    <TCALT>0.14946131216539341</TCALT>
    <Pelev>482</Pelev>
    <Telev>482</Telev>
    <PART>0.5</PART>
    <DELAY>1</DELAY>
  </CatchmentParameters>
  <VegetationZone>
    <VegetationZoneParameters>
      <TT>-1.2252288073458886</TT>
      <CFMAX>1.7402099868062781</CFMAX>
      <SP>0</SP>
      <SFCF>1.2273382084235391</SFCF>
      <CFR>0.050798864957090822</CFR>
      <CWH>0.19995932485571988</CWH>
      <CFGlacier>1</CFGlacier>
      <CFSlope>1</CFSlope>
      <FC>2062.8504177011346</FC>
      <LP>0.76390341287236752</LP>
      <BETA>2.0352165240453948</BETA>
    </VegetationZoneParameters>
  </VegetationZone>
  <SubCatchment>
    <SubCatchmentParameters>
      <KSI>0.001</KSI>
      <KGmin>0.05</KGmin>
      <RangeKG>0.1</RangeKG>
      <AG>0.1</AG>
      <PERC>1.46100764947347</PERC>
      <Alpha>0</Alpha>
      <UZL>145.01473786627963</UZL>
      <K0>0.79501609147317232</K0>
      <K1>0.23559648718880233</K1>
      <K2>0.02841867221019188</K2>
      <MAXBAS>1</MAXBAS>
      <Cet>0.030347589241931577</Cet>
      <PCALT>4.1030337530471659</PCALT>
      <TCALT>0.14946131216539341</TCALT>
      <Pelev>482</Pelev>
      <Telev>482</Telev>
      <PART>0.5</PART>
      <DELAY>1</DELAY>
    </SubCatchmentParameters>
    <SubCatchmentVegetationZone>
      <SubCatchmentVegetationZoneParameters>
        <TT>-1.2252288073458886</TT>
        <CFMAX>1.7402099868062781</CFMAX>
        <SP>0</SP>
        <SFCF>1.2273382084235391</SFCF>
        <CFR>0.050798864957090822</CFR>
        <CWH>0.19995932485571988</CWH>
        <CFGlacier>1</CFGlacier>
        <CFSlope>1</CFSlope>
        <FC>2062.8504177011346</FC>
        <LP>0.76390341287236752</LP>
        <BETA>2.0352165240453948</BETA>
      </SubCatchmentVegetationZoneParameters>
    </SubCatchmentVegetationZone>
  </SubCatchment>
</Catchment>