<?xml version="1.0" encoding="utf-8"?>
<Catchment xmlns:xsi="http://www.w3.org/2001/XMLSchema-instance" xmlns:xsd="http://www.w3.org/2001/XMLSchema">
  <CatchmentParameters>
    <KSI>0.001</KSI>
    <KGmin>0.05</KGmin>
    <RangeKG>0.1</RangeKG>
    <AG>0.1</AG>
    <PERC>1.6895575131196756</PERC>
    <Alpha>0</Alpha>
    <UZL>159.49566761562474</UZL>
    <K0>0.67858317854421413</K0>
    <K1>0.24424700900238794</K1>
    <K2>0.030101569531016344</K2>
    <MAXBAS>1</MAXBAS>
    <Cet>0.1036806844791472</Cet>
    <PCALT>2.4817298594120234</PCALT>
    <TCALT>0.39551715237539553</TCALT>
    <Pelev>482</Pelev>
    <Telev>482</Telev>
    <PART>0.5</PART>
    <DELAY>1</DELAY>
  </CatchmentParameters>
  <VegetationZone>
    <VegetationZoneParameters>
      <TT>-2.2393582804282</TT>
      <CFMAX>1.3999661637733833</CFMAX>
      <SP>0</SP>
      <SFCF>0.98495724989350764</SFCF>
      <CFR>0.099969098649569169</CFR>
      <CWH>0.19998339509538657</CWH>
      <CFGlacier>1</CFGlacier>
      <CFSlope>1</CFSlope>
      <FC>2000.8417442806062</FC>
      <LP>0.95995165179227315</LP>
      <BETA>2.0604994825923941</BETA>
    </VegetationZoneParameters>
  </VegetationZone>
  <SubCatchment>
    <SubCatchmentParameters>
      <KSI>0.001</KSI>
      <KGmin>0.05</KGmin>
      <RangeKG>0.1</RangeKG>
      <AG>0.1</AG>
      <PERC>1.6895575131196756</PERC>
      <Alpha>0</Alpha>
      <UZL>159.49566761562474</UZL>
      <K0>0.67858317854421413</K0>
      <K1>0.24424700900238794</K1>
      <K2>0.030101569531016344</K2>
      <MAXBAS>1</MAXBAS>
      <Cet>0.1036806844791472</Cet>
      <PCALT>2.4817298594120234</PCALT>
      <TCALT>0.39551715237539553</TCALT>
      <Pelev>482</Pelev>
      <Telev>482</Telev>
      <PART>0.5</PART>
      <DELAY>1</DELAY>
    </SubCatchmentParameters>
    <SubCatchmentVegetationZone>
      <SubCatchmentVegetationZoneParameters>
        <TT>-2.2393582804282</TT>
        <CFMAX>1.3999661637733833</CFMAX>
        <SP>0</SP>
        <SFCF>0.98495724989350764</SFCF>
        <CFR>0.099969098649569169</CFR>
        <CWH>0.19998339509538657</CWH>
        <CFGlacier>1</CFGlacier>
        <CFSlope>1</CFSlope>
        <FC>2000.8417442806062</FC>
        <LP>0.95995165179227315</LP>
        <BETA>2.0604994825923941</BETA>
      </SubCatchmentVegetationZoneParameters>
    </SubCatchmentVegetationZone>
  </SubCatchment>
</Catchment>