<?xml version="1.0" encoding="utf-8"?>
<Catchment xmlns:xsi="http://www.w3.org/2001/XMLSchema-instance" xmlns:xsd="http://www.w3.org/2001/XMLSchema">
  <CatchmentParameters>
    <KSI>0.001</KSI>
    <KGmin>0.05</KGmin>
    <RangeKG>0.1</RangeKG>
    <AG>0.1</AG>
    <PERC>1.5122223047799452</PERC>
    <Alpha>0</Alpha>
    <UZL>158.740472711388</UZL>
    <K0>0.050024780577731728</K0>
    <K1>0.23851455488603784</K1>
    <K2>0.027668232090686005</K2>
    <MAXBAS>1</MAXBAS>
    <Cet>0.14886361525545347</Cet>
    <PCALT>2.0016535437440806</PCALT>
    <TCALT>0.28235611242870379</TCALT>
    <Pelev>482</Pelev>
    <Telev>482</Telev>
    <PART>0.5</PART>
    <DELAY>1</DELAY>
  </CatchmentParameters>
  <VegetationZone>
    <VegetationZoneParameters>
      <TT>-1.6627101331305465</TT>
      <CFMAX>1.4060400736933483</CFMAX>
      <SP>0</SP>
      <SFCF>0.94012879546774653</SFCF>
      <CFR>0.099925605169574064</CFR>
      <CWH>0.19998753207948869</CWH>
      <CFGlacier>1</CFGlacier>
      <CFSlope>1</CFSlope>
      <FC>1352.3418951247588</FC>
      <LP>0.7510473190212259</LP>
      <BETA>1.4050789695265926</BETA>
    </VegetationZoneParameters>
  </VegetationZone>
  <SubCatchment>
    <SubCatchmentParameters>
      <KSI>0.001</KSI>
      <KGmin>0.05</KGmin>
      <RangeKG>0.1</RangeKG>
      <AG>0.1</AG>
      <PERC>1.5122223047799452</PERC>
      <Alpha>0</Alpha>
      <UZL>158.740472711388</UZL>
      <K0>0.050024780577731728</K0>
      <K1>0.23851455488603784</K1>
      <K2>0.027668232090686005</K2>
      <MAXBAS>1</MAXBAS>
      <Cet>0.14886361525545347</Cet>
      <PCALT>2.0016535437440806</PCALT>
      <TCALT>0.28235611242870379</TCALT>
      <Pelev>482</Pelev>
      <Telev>482</Telev>
      <PART>0.5</PART>
      <DELAY>1</DELAY>
    </SubCatchmentParameters>
    <SubCatchmentVegetationZone>
      <SubCatchmentVegetationZoneParameters>
        <TT>-1.6627101331305465</TT>
        <CFMAX>1.4060400736933483</CFMAX>
        <SP>0</SP>
        <SFCF>0.94012879546774653</SFCF>
        <CFR>0.099925605169574064</CFR>
        <CWH>0.19998753207948869</CWH>
        <CFGlacier>1</CFGlacier>
        <CFSlope>1</CFSlope>
        <FC>1352.3418951247588</FC>
        <LP>0.7510473190212259</LP>
        <BETA>1.4050789695265926</BETA>
      </SubCatchmentVegetationZoneParameters>
    </SubCatchmentVegetationZone>
  </SubCatchment>
</Catchment>