<?xml version="1.0" encoding="utf-8"?>
<Catchment xmlns:xsi="http://www.w3.org/2001/XMLSchema-instance" xmlns:xsd="http://www.w3.org/2001/XMLSchema">
  <CatchmentParameters>
    <KSI>0.001</KSI>
    <KGmin>0.05</KGmin>
    <RangeKG>0.1</RangeKG>
    <AG>0.1</AG>
    <PERC>1.5790018406835078</PERC>
    <Alpha>0</Alpha>
    <UZL>131.43805269468021</UZL>
    <K0>0.88073190394012446</K0>
    <K1>0.23910748760838668</K1>
    <K2>0.028372212794648168</K2>
    <MAXBAS>1</MAXBAS>
    <Cet>0.072461933590016209</Cet>
    <PCALT>1.0830464340462604</PCALT>
    <TCALT>0.23812129507102459</TCALT>
    <Pelev>482</Pelev>
    <Telev>482</Telev>
    <PART>0.5</PART>
    <DELAY>1</DELAY>
  </CatchmentParameters>
  <VegetationZone>
    <VegetationZoneParameters>
      <TT>-1.388049888747845</TT>
      <CFMAX>1.8065754113272414</CFMAX>
      <SP>0</SP>
      <SFCF>0.966295693421753</SFCF>
      <CFR>0.098580669334730017</CFR>
      <CWH>0.19999813425438143</CWH>
      <CFGlacier>1</CFGlacier>
      <CFSlope>1</CFSlope>
      <FC>1304.5708223228683</FC>
      <LP>0.74377691412961522</LP>
      <BETA>1.2537072664329916</BETA>
    </VegetationZoneParameters>
  </VegetationZone>
  <SubCatchment>
    <SubCatchmentParameters>
      <KSI>0.001</KSI>
      <KGmin>0.05</KGmin>
      <RangeKG>0.1</RangeKG>
      <AG>0.1</AG>
      <PERC>1.5790018406835078</PERC>
      <Alpha>0</Alpha>
      <UZL>131.43805269468021</UZL>
      <K0>0.88073190394012446</K0>
      <K1>0.23910748760838668</K1>
      <K2>0.028372212794648168</K2>
      <MAXBAS>1</MAXBAS>
      <Cet>0.072461933590016209</Cet>
      <PCALT>1.0830464340462604</PCALT>
      <TCALT>0.23812129507102459</TCALT>
      <Pelev>482</Pelev>
      <Telev>482</Telev>
      <PART>0.5</PART>
      <DELAY>1</DELAY>
    </SubCatchmentParameters>
    <SubCatchmentVegetationZone>
      <SubCatchmentVegetationZoneParameters>
        <TT>-1.388049888747845</TT>
        <CFMAX>1.8065754113272414</CFMAX>
        <SP>0</SP>
        <SFCF>0.966295693421753</SFCF>
        <CFR>0.098580669334730017</CFR>
        <CWH>0.19999813425438143</CWH>
        <CFGlacier>1</CFGlacier>
        <CFSlope>1</CFSlope>
        <FC>1304.5708223228683</FC>
        <LP>0.74377691412961522</LP>
        <BETA>1.2537072664329916</BETA>
      </SubCatchmentVegetationZoneParameters>
    </SubCatchmentVegetationZone>
  </SubCatchment>
</Catchment>