<?xml version="1.0" encoding="utf-8"?>
<Catchment xmlns:xsi="http://www.w3.org/2001/XMLSchema-instance" xmlns:xsd="http://www.w3.org/2001/XMLSchema">
  <CatchmentParameters>
    <KSI>0.001</KSI>
    <KGmin>0.05</KGmin>
    <RangeKG>0.1</RangeKG>
    <AG>0.1</AG>
    <PERC>1.8410771963434347</PERC>
    <Alpha>0</Alpha>
    <UZL>133.14036703437066</UZL>
    <K0>0.92125370861030231</K0>
    <K1>0.24390329012542153</K1>
    <K2>0.031724204439007392</K2>
    <MAXBAS>1</MAXBAS>
    <Cet>0.064072872627676955</Cet>
    <PCALT>1.2745132963101242</PCALT>
    <TCALT>0.20109407136945773</TCALT>
    <Pelev>482</Pelev>
    <Telev>482</Telev>
    <PART>0.5</PART>
    <DELAY>1</DELAY>
  </CatchmentParameters>
  <VegetationZone>
    <VegetationZoneParameters>
      <TT>-1.1877206977813164</TT>
      <CFMAX>2.30150397720957</CFMAX>
      <SP>0</SP>
      <SFCF>1.3897738652127234</SFCF>
      <CFR>0.099974496517633571</CFR>
      <CWH>0.19991636214966324</CWH>
      <CFGlacier>1</CFGlacier>
      <CFSlope>1</CFSlope>
      <FC>1464.6931693810477</FC>
      <LP>0.755364844874639</LP>
      <BETA>1.3075925003570419</BETA>
    </VegetationZoneParameters>
  </VegetationZone>
  <SubCatchment>
    <SubCatchmentParameters>
      <KSI>0.001</KSI>
      <KGmin>0.05</KGmin>
      <RangeKG>0.1</RangeKG>
      <AG>0.1</AG>
      <PERC>1.8410771963434347</PERC>
      <Alpha>0</Alpha>
      <UZL>133.14036703437066</UZL>
      <K0>0.92125370861030231</K0>
      <K1>0.24390329012542153</K1>
      <K2>0.031724204439007392</K2>
      <MAXBAS>1</MAXBAS>
      <Cet>0.064072872627676955</Cet>
      <PCALT>1.2745132963101242</PCALT>
      <TCALT>0.20109407136945773</TCALT>
      <Pelev>482</Pelev>
      <Telev>482</Telev>
      <PART>0.5</PART>
      <DELAY>1</DELAY>
    </SubCatchmentParameters>
    <SubCatchmentVegetationZone>
      <SubCatchmentVegetationZoneParameters>
        <TT>-1.1877206977813164</TT>
        <CFMAX>2.30150397720957</CFMAX>
        <SP>0</SP>
        <SFCF>1.3897738652127234</SFCF>
        <CFR>0.099974496517633571</CFR>
        <CWH>0.19991636214966324</CWH>
        <CFGlacier>1</CFGlacier>
        <CFSlope>1</CFSlope>
        <FC>1464.6931693810477</FC>
        <LP>0.755364844874639</LP>
        <BETA>1.3075925003570419</BETA>
      </SubCatchmentVegetationZoneParameters>
    </SubCatchmentVegetationZone>
  </SubCatchment>
</Catchment>