<?xml version="1.0" encoding="utf-8"?>
<Catchment xmlns:xsi="http://www.w3.org/2001/XMLSchema-instance" xmlns:xsd="http://www.w3.org/2001/XMLSchema">
  <CatchmentParameters>
    <KSI>0.001</KSI>
    <KGmin>0.05</KGmin>
    <RangeKG>0.1</RangeKG>
    <AG>0.1</AG>
    <PERC>1.4772067663023698</PERC>
    <Alpha>0</Alpha>
    <UZL>47.309988485325164</UZL>
    <K0>0.20928067970635772</K0>
    <K1>0.18788178364456637</K1>
    <K2>0.028919247653411341</K2>
    <MAXBAS>1</MAXBAS>
    <Cet>0.17447420220577145</Cet>
    <PCALT>2.11750391112927</PCALT>
    <TCALT>0.16309970990198694</TCALT>
    <Pelev>482</Pelev>
    <Telev>482</Telev>
    <PART>0.5</PART>
    <DELAY>1</DELAY>
  </CatchmentParameters>
  <VegetationZone>
    <VegetationZoneParameters>
      <TT>-1.1822680401422427</TT>
      <CFMAX>2.1204221804286987</CFMAX>
      <SP>0</SP>
      <SFCF>1.0652703568322395</SFCF>
      <CFR>0.099948500687919134</CFR>
      <CWH>0.1999997605765062</CWH>
      <CFGlacier>1</CFGlacier>
      <CFSlope>1</CFSlope>
      <FC>1538.8518781737712</FC>
      <LP>0.84486754061643132</LP>
      <BETA>1.5301223942899382</BETA>
    </VegetationZoneParameters>
  </VegetationZone>
  <SubCatchment>
    <SubCatchmentParameters>
      <KSI>0.001</KSI>
      <KGmin>0.05</KGmin>
      <RangeKG>0.1</RangeKG>
      <AG>0.1</AG>
      <PERC>1.4772067663023698</PERC>
      <Alpha>0</Alpha>
      <UZL>47.309988485325164</UZL>
      <K0>0.20928067970635772</K0>
      <K1>0.18788178364456637</K1>
      <K2>0.028919247653411341</K2>
      <MAXBAS>1</MAXBAS>
      <Cet>0.17447420220577145</Cet>
      <PCALT>2.11750391112927</PCALT>
      <TCALT>0.16309970990198694</TCALT>
      <Pelev>482</Pelev>
      <Telev>482</Telev>
      <PART>0.5</PART>
      <DELAY>1</DELAY>
    </SubCatchmentParameters>
    <SubCatchmentVegetationZone>
      <SubCatchmentVegetationZoneParameters>
        <TT>-1.1822680401422427</TT>
        <CFMAX>2.1204221804286987</CFMAX>
        <SP>0</SP>
        <SFCF>1.0652703568322395</SFCF>
        <CFR>0.099948500687919134</CFR>
        <CWH>0.1999997605765062</CWH>
        <CFGlacier>1</CFGlacier>
        <CFSlope>1</CFSlope>
        <FC>1538.8518781737712</FC>
        <LP>0.84486754061643132</LP>
        <BETA>1.5301223942899382</BETA>
      </SubCatchmentVegetationZoneParameters>
    </SubCatchmentVegetationZone>
  </SubCatchment>
</Catchment>