<?xml version="1.0" encoding="utf-8"?>
<Catchment xmlns:xsi="http://www.w3.org/2001/XMLSchema-instance" xmlns:xsd="http://www.w3.org/2001/XMLSchema">
  <CatchmentParameters>
    <KSI>0.001</KSI>
    <KGmin>0.05</KGmin>
    <RangeKG>0.1</RangeKG>
    <AG>0.1</AG>
    <PERC>1.2097728675425283</PERC>
    <Alpha>0</Alpha>
    <UZL>51.7762060843559</UZL>
    <K0>0.2318356794513961</K0>
    <K1>0.18140771123779215</K1>
    <K2>0.02695412833102262</K2>
    <MAXBAS>1</MAXBAS>
    <Cet>0.15336512767133947</Cet>
    <PCALT>3.3621801052997364</PCALT>
    <TCALT>0.17962551474891278</TCALT>
    <Pelev>482</Pelev>
    <Telev>482</Telev>
    <PART>0.5</PART>
    <DELAY>1</DELAY>
  </CatchmentParameters>
  <VegetationZone>
    <VegetationZoneParameters>
      <TT>-1.1329001320278511</TT>
      <CFMAX>2.44470103441573</CFMAX>
      <SP>0</SP>
      <SFCF>0.97606188797572879</SFCF>
      <CFR>0.09998969659053078</CFR>
      <CWH>0.19998995204158673</CWH>
      <CFGlacier>1</CFGlacier>
      <CFSlope>1</CFSlope>
      <FC>1681.1430208794129</FC>
      <LP>0.68189993680982464</LP>
      <BETA>1.2997233976990867</BETA>
    </VegetationZoneParameters>
  </VegetationZone>
  <SubCatchment>
    <SubCatchmentParameters>
      <KSI>0.001</KSI>
      <KGmin>0.05</KGmin>
      <RangeKG>0.1</RangeKG>
      <AG>0.1</AG>
      <PERC>1.2097728675425283</PERC>
      <Alpha>0</Alpha>
      <UZL>51.7762060843559</UZL>
      <K0>0.2318356794513961</K0>
      <K1>0.18140771123779215</K1>
      <K2>0.02695412833102262</K2>
      <MAXBAS>1</MAXBAS>
      <Cet>0.15336512767133947</Cet>
      <PCALT>3.3621801052997364</PCALT>
      <TCALT>0.17962551474891278</TCALT>
      <Pelev>482</Pelev>
      <Telev>482</Telev>
      <PART>0.5</PART>
      <DELAY>1</DELAY>
    </SubCatchmentParameters>
    <SubCatchmentVegetationZone>
      <SubCatchmentVegetationZoneParameters>
        <TT>-1.1329001320278511</TT>
        <CFMAX>2.44470103441573</CFMAX>
        <SP>0</SP>
        <SFCF>0.97606188797572879</SFCF>
        <CFR>0.09998969659053078</CFR>
        <CWH>0.19998995204158673</CWH>
        <CFGlacier>1</CFGlacier>
        <CFSlope>1</CFSlope>
        <FC>1681.1430208794129</FC>
        <LP>0.68189993680982464</LP>
        <BETA>1.2997233976990867</BETA>
      </SubCatchmentVegetationZoneParameters>
    </SubCatchmentVegetationZone>
  </SubCatchment>
</Catchment>