<?xml version="1.0" encoding="utf-8"?>
<Catchment xmlns:xsi="http://www.w3.org/2001/XMLSchema-instance" xmlns:xsd="http://www.w3.org/2001/XMLSchema">
  <CatchmentParameters>
    <KSI>0.001</KSI>
    <KGmin>0.05</KGmin>
    <RangeKG>0.1</RangeKG>
    <AG>0.1</AG>
    <PERC>1.3120430180971252</PERC>
    <Alpha>0</Alpha>
    <UZL>58.009213984974267</UZL>
    <K0>0.2675874562364377</K0>
    <K1>0.17971791422371014</K1>
    <K2>0.027880364277349703</K2>
    <MAXBAS>1</MAXBAS>
    <Cet>0.13655345744289743</Cet>
    <PCALT>2.1151077944664052</PCALT>
    <TCALT>0.18997462558284481</TCALT>
    <Pelev>482</Pelev>
    <Telev>482</Telev>
    <PART>0.5</PART>
    <DELAY>1</DELAY>
  </CatchmentParameters>
  <VegetationZone>
    <VegetationZoneParameters>
      <TT>-1.3731858206990162</TT>
      <CFMAX>1.2335482266119504</CFMAX>
      <SP>0</SP>
      <SFCF>0.79900085244768049</SFCF>
      <CFR>0.061509500380651061</CFR>
      <CWH>0.19999999929234649</CWH>
      <CFGlacier>1</CFGlacier>
      <CFSlope>1</CFSlope>
      <FC>1622.1116288003045</FC>
      <LP>0.93895649768629308</LP>
      <BETA>1.8827353674339733</BETA>
    </VegetationZoneParameters>
  </VegetationZone>
  <SubCatchment>
    <SubCatchmentParameters>
      <KSI>0.001</KSI>
      <KGmin>0.05</KGmin>
      <RangeKG>0.1</RangeKG>
      <AG>0.1</AG>
      <PERC>1.3120430180971252</PERC>
      <Alpha>0</Alpha>
      <UZL>58.009213984974267</UZL>
      <K0>0.2675874562364377</K0>
      <K1>0.17971791422371014</K1>
      <K2>0.027880364277349703</K2>
      <MAXBAS>1</MAXBAS>
      <Cet>0.13655345744289743</Cet>
      <PCALT>2.1151077944664052</PCALT>
      <TCALT>0.18997462558284481</TCALT>
      <Pelev>482</Pelev>
      <Telev>482</Telev>
      <PART>0.5</PART>
      <DELAY>1</DELAY>
    </SubCatchmentParameters>
    <SubCatchmentVegetationZone>
      <SubCatchmentVegetationZoneParameters>
        <TT>-1.3731858206990162</TT>
        <CFMAX>1.2335482266119504</CFMAX>
        <SP>0</SP>
        <SFCF>0.79900085244768049</SFCF>
        <CFR>0.061509500380651061</CFR>
        <CWH>0.19999999929234649</CWH>
        <CFGlacier>1</CFGlacier>
        <CFSlope>1</CFSlope>
        <FC>1622.1116288003045</FC>
        <LP>0.93895649768629308</LP>
        <BETA>1.8827353674339733</BETA>
      </SubCatchmentVegetationZoneParameters>
    </SubCatchmentVegetationZone>
  </SubCatchment>
</Catchment>