<?xml version="1.0" encoding="utf-8"?>
<Catchment xmlns:xsi="http://www.w3.org/2001/XMLSchema-instance" xmlns:xsd="http://www.w3.org/2001/XMLSchema">
  <CatchmentParameters>
    <KSI>0.001</KSI>
    <KGmin>0.05</KGmin>
    <RangeKG>0.1</RangeKG>
    <AG>0.1</AG>
    <PERC>1.7072009388792528</PERC>
    <Alpha>0</Alpha>
    <UZL>111.88385812444714</UZL>
    <K0>0.87460166496929193</K0>
    <K1>0.24486346145577032</K1>
    <K2>0.028836419034835161</K2>
    <MAXBAS>1</MAXBAS>
    <Cet>0.11253446201211792</Cet>
    <PCALT>0.64812232145646631</PCALT>
    <TCALT>0.40280427235166033</TCALT>
    <Pelev>482</Pelev>
    <Telev>482</Telev>
    <PART>0.5</PART>
    <DELAY>1</DELAY>
  </CatchmentParameters>
  <VegetationZone>
    <VegetationZoneParameters>
      <TT>-2.2288003690287046</TT>
      <CFMAX>1.1117143986895608</CFMAX>
      <SP>0</SP>
      <SFCF>0.84361028207771149</SFCF>
      <CFR>0.058546054359287988</CFR>
      <CWH>0.19999878100725854</CWH>
      <CFGlacier>1</CFGlacier>
      <CFSlope>1</CFSlope>
      <FC>1200.381502594033</FC>
      <LP>0.71589408241716168</LP>
      <BETA>1.1049118158674536</BETA>
    </VegetationZoneParameters>
  </VegetationZone>
  <SubCatchment>
    <SubCatchmentParameters>
      <KSI>0.001</KSI>
      <KGmin>0.05</KGmin>
      <RangeKG>0.1</RangeKG>
      <AG>0.1</AG>
      <PERC>1.7072009388792528</PERC>
      <Alpha>0</Alpha>
      <UZL>111.88385812444714</UZL>
      <K0>0.87460166496929193</K0>
      <K1>0.24486346145577032</K1>
      <K2>0.028836419034835161</K2>
      <MAXBAS>1</MAXBAS>
      <Cet>0.11253446201211792</Cet>
      <PCALT>0.64812232145646631</PCALT>
      <TCALT>0.40280427235166033</TCALT>
      <Pelev>482</Pelev>
      <Telev>482</Telev>
      <PART>0.5</PART>
      <DELAY>1</DELAY>
    </SubCatchmentParameters>
    <SubCatchmentVegetationZone>
      <SubCatchmentVegetationZoneParameters>
        <TT>-2.2288003690287046</TT>
        <CFMAX>1.1117143986895608</CFMAX>
        <SP>0</SP>
        <SFCF>0.84361028207771149</SFCF>
        <CFR>0.058546054359287988</CFR>
        <CWH>0.19999878100725854</CWH>
        <CFGlacier>1</CFGlacier>
        <CFSlope>1</CFSlope>
        <FC>1200.381502594033</FC>
        <LP>0.71589408241716168</LP>
        <BETA>1.1049118158674536</BETA>
      </SubCatchmentVegetationZoneParameters>
    </SubCatchmentVegetationZone>
  </SubCatchment>
</Catchment>