<?xml version="1.0" encoding="utf-8"?>
<Catchment xmlns:xsi="http://www.w3.org/2001/XMLSchema-instance" xmlns:xsd="http://www.w3.org/2001/XMLSchema">
  <CatchmentParameters>
    <KSI>0.001</KSI>
    <KGmin>0.05</KGmin>
    <RangeKG>0.1</RangeKG>
    <AG>0.1</AG>
    <PERC>1.2200088936312776</PERC>
    <Alpha>0</Alpha>
    <UZL>55.353009133602754</UZL>
    <K0>0.24041614156268074</K0>
    <K1>0.18878688861485446</K1>
    <K2>0.026575067033975521</K2>
    <MAXBAS>1</MAXBAS>
    <Cet>0.039329490010230866</Cet>
    <PCALT>2.7778157364756986</PCALT>
    <TCALT>0.27703159211505612</TCALT>
    <Pelev>482</Pelev>
    <Telev>482</Telev>
    <PART>0.5</PART>
    <DELAY>1</DELAY>
  </CatchmentParameters>
  <VegetationZone>
    <VegetationZoneParameters>
      <TT>-1.6484760773347646</TT>
      <CFMAX>1.802751521874135</CFMAX>
      <SP>0</SP>
      <SFCF>0.99964945588949417</SFCF>
      <CFR>0.038964280476037415</CFR>
      <CWH>0.19995078788402962</CWH>
      <CFGlacier>1</CFGlacier>
      <CFSlope>1</CFSlope>
      <FC>1526.7664064776909</FC>
      <LP>0.686349076615824</LP>
      <BETA>1.4886816469261213</BETA>
    </VegetationZoneParameters>
  </VegetationZone>
  <SubCatchment>
    <SubCatchmentParameters>
      <KSI>0.001</KSI>
      <KGmin>0.05</KGmin>
      <RangeKG>0.1</RangeKG>
      <AG>0.1</AG>
      <PERC>1.2200088936312776</PERC>
      <Alpha>0</Alpha>
      <UZL>55.353009133602754</UZL>
      <K0>0.24041614156268074</K0>
      <K1>0.18878688861485446</K1>
      <K2>0.026575067033975521</K2>
      <MAXBAS>1</MAXBAS>
      <Cet>0.039329490010230866</Cet>
      <PCALT>2.7778157364756986</PCALT>
      <TCALT>0.27703159211505612</TCALT>
      <Pelev>482</Pelev>
      <Telev>482</Telev>
      <PART>0.5</PART>
      <DELAY>1</DELAY>
    </SubCatchmentParameters>
    <SubCatchmentVegetationZone>
      <SubCatchmentVegetationZoneParameters>
        <TT>-1.6484760773347646</TT>
        <CFMAX>1.802751521874135</CFMAX>
        <SP>0</SP>
        <SFCF>0.99964945588949417</SFCF>
        <CFR>0.038964280476037415</CFR>
        <CWH>0.19995078788402962</CWH>
        <CFGlacier>1</CFGlacier>
        <CFSlope>1</CFSlope>
        <FC>1526.7664064776909</FC>
        <LP>0.686349076615824</LP>
        <BETA>1.4886816469261213</BETA>
      </SubCatchmentVegetationZoneParameters>
    </SubCatchmentVegetationZone>
  </SubCatchment>
</Catchment>