<?xml version="1.0" encoding="utf-8"?>
<Catchment xmlns:xsi="http://www.w3.org/2001/XMLSchema-instance" xmlns:xsd="http://www.w3.org/2001/XMLSchema">
  <CatchmentParameters>
    <KSI>0.001</KSI>
    <KGmin>0.05</KGmin>
    <RangeKG>0.1</RangeKG>
    <AG>0.1</AG>
    <PERC>1.8062657099543846</PERC>
    <Alpha>0</Alpha>
    <UZL>166.11483361860269</UZL>
    <K0>0.36685218977965184</K0>
    <K1>0.24670533045782214</K1>
    <K2>0.030383897467166982</K2>
    <MAXBAS>1</MAXBAS>
    <Cet>0.192066349148398</Cet>
    <PCALT>2.6169411481677787</PCALT>
    <TCALT>0.36706521218512883</TCALT>
    <Pelev>482</Pelev>
    <Telev>482</Telev>
    <PART>0.5</PART>
    <DELAY>1</DELAY>
  </CatchmentParameters>
  <VegetationZone>
    <VegetationZoneParameters>
      <TT>-2.0854684563989654</TT>
      <CFMAX>1.4617532334513503</CFMAX>
      <SP>0</SP>
      <SFCF>1.0034466438909657</SFCF>
      <CFR>0.099962866870735412</CFR>
      <CWH>0.19999999076012159</CWH>
      <CFGlacier>1</CFGlacier>
      <CFSlope>1</CFSlope>
      <FC>1636.5746749389059</FC>
      <LP>0.73200838379855426</LP>
      <BETA>1.2325135463255461</BETA>
    </VegetationZoneParameters>
  </VegetationZone>
  <SubCatchment>
    <SubCatchmentParameters>
      <KSI>0.001</KSI>
      <KGmin>0.05</KGmin>
      <RangeKG>0.1</RangeKG>
      <AG>0.1</AG>
      <PERC>1.8062657099543846</PERC>
      <Alpha>0</Alpha>
      <UZL>166.11483361860269</UZL>
      <K0>0.36685218977965184</K0>
      <K1>0.24670533045782214</K1>
      <K2>0.030383897467166982</K2>
      <MAXBAS>1</MAXBAS>
      <Cet>0.192066349148398</Cet>
      <PCALT>2.6169411481677787</PCALT>
      <TCALT>0.36706521218512883</TCALT>
      <Pelev>482</Pelev>
      <Telev>482</Telev>
      <PART>0.5</PART>
      <DELAY>1</DELAY>
    </SubCatchmentParameters>
    <SubCatchmentVegetationZone>
      <SubCatchmentVegetationZoneParameters>
        <TT>-2.0854684563989654</TT>
        <CFMAX>1.4617532334513503</CFMAX>
        <SP>0</SP>
        <SFCF>1.0034466438909657</SFCF>
        <CFR>0.099962866870735412</CFR>
        <CWH>0.19999999076012159</CWH>
        <CFGlacier>1</CFGlacier>
        <CFSlope>1</CFSlope>
        <FC>1636.5746749389059</FC>
        <LP>0.73200838379855426</LP>
        <BETA>1.2325135463255461</BETA>
      </SubCatchmentVegetationZoneParameters>
    </SubCatchmentVegetationZone>
  </SubCatchment>
</Catchment>