<?xml version="1.0" encoding="utf-8"?>
<Catchment xmlns:xsi="http://www.w3.org/2001/XMLSchema-instance" xmlns:xsd="http://www.w3.org/2001/XMLSchema">
  <CatchmentParameters>
    <KSI>0.001</KSI>
    <KGmin>0.05</KGmin>
    <RangeKG>0.1</RangeKG>
    <AG>0.1</AG>
    <PERC>1.212408721671548</PERC>
    <Alpha>0</Alpha>
    <UZL>56.609342619919133</UZL>
    <K0>0.26293065167559315</K0>
    <K1>0.18370442240742013</K1>
    <K2>0.026933423680418431</K2>
    <MAXBAS>1</MAXBAS>
    <Cet>0.19185782751182298</Cet>
    <PCALT>3.6638366809998479</PCALT>
    <TCALT>0.056896526958275156</TCALT>
    <Pelev>482</Pelev>
    <Telev>482</Telev>
    <PART>0.5</PART>
    <DELAY>1</DELAY>
  </CatchmentParameters>
  <VegetationZone>
    <VegetationZoneParameters>
      <TT>-1.0508915668177896</TT>
      <CFMAX>1.74053470306007</CFMAX>
      <SP>0</SP>
      <SFCF>1.2642963417323148</SFCF>
      <CFR>0.086324447869197671</CFR>
      <CWH>0.1999936485544497</CWH>
      <CFGlacier>1</CFGlacier>
      <CFSlope>1</CFSlope>
      <FC>1798.3730637224744</FC>
      <LP>0.76302202962764787</LP>
      <BETA>1.560916934593048</BETA>
    </VegetationZoneParameters>
  </VegetationZone>
  <SubCatchment>
    <SubCatchmentParameters>
      <KSI>0.001</KSI>
      <KGmin>0.05</KGmin>
      <RangeKG>0.1</RangeKG>
      <AG>0.1</AG>
      <PERC>1.212408721671548</PERC>
      <Alpha>0</Alpha>
      <UZL>56.609342619919133</UZL>
      <K0>0.26293065167559315</K0>
      <K1>0.18370442240742013</K1>
      <K2>0.026933423680418431</K2>
      <MAXBAS>1</MAXBAS>
      <Cet>0.19185782751182298</Cet>
      <PCALT>3.6638366809998479</PCALT>
      <TCALT>0.056896526958275156</TCALT>
      <Pelev>482</Pelev>
      <Telev>482</Telev>
      <PART>0.5</PART>
      <DELAY>1</DELAY>
    </SubCatchmentParameters>
    <SubCatchmentVegetationZone>
      <SubCatchmentVegetationZoneParameters>
        <TT>-1.0508915668177896</TT>
        <CFMAX>1.74053470306007</CFMAX>
        <SP>0</SP>
        <SFCF>1.2642963417323148</SFCF>
        <CFR>0.086324447869197671</CFR>
        <CWH>0.1999936485544497</CWH>
        <CFGlacier>1</CFGlacier>
        <CFSlope>1</CFSlope>
        <FC>1798.3730637224744</FC>
        <LP>0.76302202962764787</LP>
        <BETA>1.560916934593048</BETA>
      </SubCatchmentVegetationZoneParameters>
    </SubCatchmentVegetationZone>
  </SubCatchment>
</Catchment>