<?xml version="1.0" encoding="utf-8"?>
<Catchment xmlns:xsi="http://www.w3.org/2001/XMLSchema-instance" xmlns:xsd="http://www.w3.org/2001/XMLSchema">
  <CatchmentParameters>
    <KSI>0.001</KSI>
    <KGmin>0.05</KGmin>
    <RangeKG>0.1</RangeKG>
    <AG>0.1</AG>
    <PERC>1.2372098629070714</PERC>
    <Alpha>0</Alpha>
    <UZL>56.959969202675211</UZL>
    <K0>0.275536073147044</K0>
    <K1>0.18020060507463831</K1>
    <K2>0.02723301692254166</K2>
    <MAXBAS>1</MAXBAS>
    <Cet>0.23203268160863433</Cet>
    <PCALT>2.8515057206139591</PCALT>
    <TCALT>0.24291044684086965</TCALT>
    <Pelev>482</Pelev>
    <Telev>482</Telev>
    <PART>0.5</PART>
    <DELAY>1</DELAY>
  </CatchmentParameters>
  <VegetationZone>
    <VegetationZoneParameters>
      <TT>-1.8137406223431927</TT>
      <CFMAX>1.5746076978215144</CFMAX>
      <SP>0</SP>
      <SFCF>1.3374871047083905</SFCF>
      <CFR>0.099746330588156143</CFR>
      <CWH>0.199986366750398</CWH>
      <CFGlacier>1</CFGlacier>
      <CFSlope>1</CFSlope>
      <FC>1677.3779292758684</FC>
      <LP>0.802664914302009</LP>
      <BETA>1.4928289101436898</BETA>
    </VegetationZoneParameters>
  </VegetationZone>
  <SubCatchment>
    <SubCatchmentParameters>
      <KSI>0.001</KSI>
      <KGmin>0.05</KGmin>
      <RangeKG>0.1</RangeKG>
      <AG>0.1</AG>
      <PERC>1.2372098629070714</PERC>
      <Alpha>0</Alpha>
      <UZL>56.959969202675211</UZL>
      <K0>0.275536073147044</K0>
      <K1>0.18020060507463831</K1>
      <K2>0.02723301692254166</K2>
      <MAXBAS>1</MAXBAS>
      <Cet>0.23203268160863433</Cet>
      <PCALT>2.8515057206139591</PCALT>
      <TCALT>0.24291044684086965</TCALT>
      <Pelev>482</Pelev>
      <Telev>482</Telev>
      <PART>0.5</PART>
      <DELAY>1</DELAY>
    </SubCatchmentParameters>
    <SubCatchmentVegetationZone>
      <SubCatchmentVegetationZoneParameters>
        <TT>-1.8137406223431927</TT>
        <CFMAX>1.5746076978215144</CFMAX>
        <SP>0</SP>
        <SFCF>1.3374871047083905</SFCF>
        <CFR>0.099746330588156143</CFR>
        <CWH>0.199986366750398</CWH>
        <CFGlacier>1</CFGlacier>
        <CFSlope>1</CFSlope>
        <FC>1677.3779292758684</FC>
        <LP>0.802664914302009</LP>
        <BETA>1.4928289101436898</BETA>
      </SubCatchmentVegetationZoneParameters>
    </SubCatchmentVegetationZone>
  </SubCatchment>
</Catchment>