<?xml version="1.0" encoding="utf-8"?>
<Catchment xmlns:xsi="http://www.w3.org/2001/XMLSchema-instance" xmlns:xsd="http://www.w3.org/2001/XMLSchema">
  <CatchmentParameters>
    <KSI>0.001</KSI>
    <KGmin>0.05</KGmin>
    <RangeKG>0.1</RangeKG>
    <AG>0.1</AG>
    <PERC>1.6832279046484477</PERC>
    <Alpha>0</Alpha>
    <UZL>148.287078499259</UZL>
    <K0>0.78527492576703117</K0>
    <K1>0.24378911459585917</K1>
    <K2>0.030219945746640609</K2>
    <MAXBAS>1</MAXBAS>
    <Cet>0.10986244186755252</Cet>
    <PCALT>4.7591342073887706</PCALT>
    <TCALT>0.27616059400675141</TCALT>
    <Pelev>482</Pelev>
    <Telev>482</Telev>
    <PART>0.5</PART>
    <DELAY>1</DELAY>
  </CatchmentParameters>
  <VegetationZone>
    <VegetationZoneParameters>
      <TT>-1.59382961463016</TT>
      <CFMAX>1.8049103216107096</CFMAX>
      <SP>0</SP>
      <SFCF>1.140403283303409</SFCF>
      <CFR>0.016378768734354291</CFR>
      <CWH>0.19995435193158734</CWH>
      <CFGlacier>1</CFGlacier>
      <CFSlope>1</CFSlope>
      <FC>2154.8946852660297</FC>
      <LP>0.69134817417741656</LP>
      <BETA>1.5694225295646258</BETA>
    </VegetationZoneParameters>
  </VegetationZone>
  <SubCatchment>
    <SubCatchmentParameters>
      <KSI>0.001</KSI>
      <KGmin>0.05</KGmin>
      <RangeKG>0.1</RangeKG>
      <AG>0.1</AG>
      <PERC>1.6832279046484477</PERC>
      <Alpha>0</Alpha>
      <UZL>148.287078499259</UZL>
      <K0>0.78527492576703117</K0>
      <K1>0.24378911459585917</K1>
      <K2>0.030219945746640609</K2>
      <MAXBAS>1</MAXBAS>
      <Cet>0.10986244186755252</Cet>
      <PCALT>4.7591342073887706</PCALT>
      <TCALT>0.27616059400675141</TCALT>
      <Pelev>482</Pelev>
      <Telev>482</Telev>
      <PART>0.5</PART>
      <DELAY>1</DELAY>
    </SubCatchmentParameters>
    <SubCatchmentVegetationZone>
      <SubCatchmentVegetationZoneParameters>
        <TT>-1.59382961463016</TT>
        <CFMAX>1.8049103216107096</CFMAX>
        <SP>0</SP>
        <SFCF>1.140403283303409</SFCF>
        <CFR>0.016378768734354291</CFR>
        <CWH>0.19995435193158734</CWH>
        <CFGlacier>1</CFGlacier>
        <CFSlope>1</CFSlope>
        <FC>2154.8946852660297</FC>
        <LP>0.69134817417741656</LP>
        <BETA>1.5694225295646258</BETA>
      </SubCatchmentVegetationZoneParameters>
    </SubCatchmentVegetationZone>
  </SubCatchment>
</Catchment>