<?xml version="1.0" encoding="utf-8"?>
<Catchment xmlns:xsi="http://www.w3.org/2001/XMLSchema-instance" xmlns:xsd="http://www.w3.org/2001/XMLSchema">
  <CatchmentParameters>
    <KSI>0.001</KSI>
    <KGmin>0.05</KGmin>
    <RangeKG>0.1</RangeKG>
    <AG>0.1</AG>
    <PERC>1.099558256640278</PERC>
    <Alpha>0</Alpha>
    <UZL>58.433327592421833</UZL>
    <K0>0.27421722546753724</K0>
    <K1>0.17650297836593454</K1>
    <K2>0.026150579509670729</K2>
    <MAXBAS>1</MAXBAS>
    <Cet>0.16484362022319357</Cet>
    <PCALT>2.926982210134554</PCALT>
    <TCALT>0.29953944942699</TCALT>
    <Pelev>482</Pelev>
    <Telev>482</Telev>
    <PART>0.5</PART>
    <DELAY>1</DELAY>
  </CatchmentParameters>
  <VegetationZone>
    <VegetationZoneParameters>
      <TT>-1.7213160234812459</TT>
      <CFMAX>1.8511298190992209</CFMAX>
      <SP>0</SP>
      <SFCF>1.0305394837521344</SFCF>
      <CFR>3.4659008066843886E-05</CFR>
      <CWH>0.1999868289227083</CWH>
      <CFGlacier>1</CFGlacier>
      <CFSlope>1</CFSlope>
      <FC>1803.217052823305</FC>
      <LP>0.86293133985217163</LP>
      <BETA>1.6956572235558367</BETA>
    </VegetationZoneParameters>
  </VegetationZone>
  <SubCatchment>
    <SubCatchmentParameters>
      <KSI>0.001</KSI>
      <KGmin>0.05</KGmin>
      <RangeKG>0.1</RangeKG>
      <AG>0.1</AG>
      <PERC>1.099558256640278</PERC>
      <Alpha>0</Alpha>
      <UZL>58.433327592421833</UZL>
      <K0>0.27421722546753724</K0>
      <K1>0.17650297836593454</K1>
      <K2>0.026150579509670729</K2>
      <MAXBAS>1</MAXBAS>
      <Cet>0.16484362022319357</Cet>
      <PCALT>2.926982210134554</PCALT>
      <TCALT>0.29953944942699</TCALT>
      <Pelev>482</Pelev>
      <Telev>482</Telev>
      <PART>0.5</PART>
      <DELAY>1</DELAY>
    </SubCatchmentParameters>
    <SubCatchmentVegetationZone>
      <SubCatchmentVegetationZoneParameters>
        <TT>-1.7213160234812459</TT>
        <CFMAX>1.8511298190992209</CFMAX>
        <SP>0</SP>
        <SFCF>1.0305394837521344</SFCF>
        <CFR>3.4659008066843886E-05</CFR>
        <CWH>0.1999868289227083</CWH>
        <CFGlacier>1</CFGlacier>
        <CFSlope>1</CFSlope>
        <FC>1803.217052823305</FC>
        <LP>0.86293133985217163</LP>
        <BETA>1.6956572235558367</BETA>
      </SubCatchmentVegetationZoneParameters>
    </SubCatchmentVegetationZone>
  </SubCatchment>
</Catchment>