<?xml version="1.0" encoding="utf-8"?>
<Catchment xmlns:xsi="http://www.w3.org/2001/XMLSchema-instance" xmlns:xsd="http://www.w3.org/2001/XMLSchema">
  <CatchmentParameters>
    <KSI>0.001</KSI>
    <KGmin>0.05</KGmin>
    <RangeKG>0.1</RangeKG>
    <AG>0.1</AG>
    <PERC>1.1205497076716395</PERC>
    <Alpha>0</Alpha>
    <UZL>58.029191069877015</UZL>
    <K0>0.25480399719168706</K0>
    <K1>0.18275108064912279</K1>
    <K2>0.026271461395663744</K2>
    <MAXBAS>1</MAXBAS>
    <Cet>0.16050783742427316</Cet>
    <PCALT>5.1071967354879977</PCALT>
    <TCALT>0.21556649859890778</TCALT>
    <Pelev>482</Pelev>
    <Telev>482</Telev>
    <PART>0.5</PART>
    <DELAY>1</DELAY>
  </CatchmentParameters>
  <VegetationZone>
    <VegetationZoneParameters>
      <TT>-1.4660387740376939</TT>
      <CFMAX>1.484484447944362</CFMAX>
      <SP>0</SP>
      <SFCF>0.724222416328758</SFCF>
      <CFR>0.077331369840290612</CFR>
      <CWH>0.1999929162811884</CWH>
      <CFGlacier>1</CFGlacier>
      <CFSlope>1</CFSlope>
      <FC>2040.3666412674818</FC>
      <LP>0.74403503463438381</LP>
      <BETA>1.7455437740699167</BETA>
    </VegetationZoneParameters>
  </VegetationZone>
  <SubCatchment>
    <SubCatchmentParameters>
      <KSI>0.001</KSI>
      <KGmin>0.05</KGmin>
      <RangeKG>0.1</RangeKG>
      <AG>0.1</AG>
      <PERC>1.1205497076716395</PERC>
      <Alpha>0</Alpha>
      <UZL>58.029191069877015</UZL>
      <K0>0.25480399719168706</K0>
      <K1>0.18275108064912279</K1>
      <K2>0.026271461395663744</K2>
      <MAXBAS>1</MAXBAS>
      <Cet>0.16050783742427316</Cet>
      <PCALT>5.1071967354879977</PCALT>
      <TCALT>0.21556649859890778</TCALT>
      <Pelev>482</Pelev>
      <Telev>482</Telev>
      <PART>0.5</PART>
      <DELAY>1</DELAY>
    </SubCatchmentParameters>
    <SubCatchmentVegetationZone>
      <SubCatchmentVegetationZoneParameters>
        <TT>-1.4660387740376939</TT>
        <CFMAX>1.484484447944362</CFMAX>
        <SP>0</SP>
        <SFCF>0.724222416328758</SFCF>
        <CFR>0.077331369840290612</CFR>
        <CWH>0.1999929162811884</CWH>
        <CFGlacier>1</CFGlacier>
        <CFSlope>1</CFSlope>
        <FC>2040.3666412674818</FC>
        <LP>0.74403503463438381</LP>
        <BETA>1.7455437740699167</BETA>
      </SubCatchmentVegetationZoneParameters>
    </SubCatchmentVegetationZone>
  </SubCatchment>
</Catchment>