<?xml version="1.0" encoding="utf-8"?>
<Catchment xmlns:xsi="http://www.w3.org/2001/XMLSchema-instance" xmlns:xsd="http://www.w3.org/2001/XMLSchema">
  <CatchmentParameters>
    <KSI>0.001</KSI>
    <KGmin>0.05</KGmin>
    <RangeKG>0.1</RangeKG>
    <AG>0.1</AG>
    <PERC>1.756746126154932</PERC>
    <Alpha>0</Alpha>
    <UZL>50.882410498515782</UZL>
    <K0>0.24521121978039726</K0>
    <K1>0.19078458740021931</K1>
    <K2>0.031769797905058746</K2>
    <MAXBAS>1</MAXBAS>
    <Cet>0.17340781562842711</Cet>
    <PCALT>3.1660396183653319</PCALT>
    <TCALT>0.157747931019482</TCALT>
    <Pelev>482</Pelev>
    <Telev>482</Telev>
    <PART>0.5</PART>
    <DELAY>1</DELAY>
  </CatchmentParameters>
  <VegetationZone>
    <VegetationZoneParameters>
      <TT>-1.1533184443979867</TT>
      <CFMAX>1.8495906541881533</CFMAX>
      <SP>0</SP>
      <SFCF>1.0646403694995443</SFCF>
      <CFR>0.01159856116121661</CFR>
      <CWH>0.1999988039192728</CWH>
      <CFGlacier>1</CFGlacier>
      <CFSlope>1</CFSlope>
      <FC>2151.0589792859732</FC>
      <LP>0.9200289726032681</LP>
      <BETA>1.88218577419265</BETA>
    </VegetationZoneParameters>
  </VegetationZone>
  <SubCatchment>
    <SubCatchmentParameters>
      <KSI>0.001</KSI>
      <KGmin>0.05</KGmin>
      <RangeKG>0.1</RangeKG>
      <AG>0.1</AG>
      <PERC>1.756746126154932</PERC>
      <Alpha>0</Alpha>
      <UZL>50.882410498515782</UZL>
      <K0>0.24521121978039726</K0>
      <K1>0.19078458740021931</K1>
      <K2>0.031769797905058746</K2>
      <MAXBAS>1</MAXBAS>
      <Cet>0.17340781562842711</Cet>
      <PCALT>3.1660396183653319</PCALT>
      <TCALT>0.157747931019482</TCALT>
      <Pelev>482</Pelev>
      <Telev>482</Telev>
      <PART>0.5</PART>
      <DELAY>1</DELAY>
    </SubCatchmentParameters>
    <SubCatchmentVegetationZone>
      <SubCatchmentVegetationZoneParameters>
        <TT>-1.1533184443979867</TT>
        <CFMAX>1.8495906541881533</CFMAX>
        <SP>0</SP>
        <SFCF>1.0646403694995443</SFCF>
        <CFR>0.01159856116121661</CFR>
        <CWH>0.1999988039192728</CWH>
        <CFGlacier>1</CFGlacier>
        <CFSlope>1</CFSlope>
        <FC>2151.0589792859732</FC>
        <LP>0.9200289726032681</LP>
        <BETA>1.88218577419265</BETA>
      </SubCatchmentVegetationZoneParameters>
    </SubCatchmentVegetationZone>
  </SubCatchment>
</Catchment>