<?xml version="1.0" encoding="utf-8"?>
<Catchment xmlns:xsi="http://www.w3.org/2001/XMLSchema-instance" xmlns:xsd="http://www.w3.org/2001/XMLSchema">
  <CatchmentParameters>
    <KSI>0.001</KSI>
    <KGmin>0.05</KGmin>
    <RangeKG>0.1</RangeKG>
    <AG>0.1</AG>
    <PERC>1.2805084706250911</PERC>
    <Alpha>0</Alpha>
    <UZL>47.994406313060026</UZL>
    <K0>0.22828899634961913</K0>
    <K1>0.18032610208073566</K1>
    <K2>0.028138698992068667</K2>
    <MAXBAS>1</MAXBAS>
    <Cet>0.21801228928159228</Cet>
    <PCALT>2.5681918574490794</PCALT>
    <TCALT>0.31895575634444934</TCALT>
    <Pelev>482</Pelev>
    <Telev>482</Telev>
    <PART>0.5</PART>
    <DELAY>1</DELAY>
  </CatchmentParameters>
  <VegetationZone>
    <VegetationZoneParameters>
      <TT>-2.025306371985411</TT>
      <CFMAX>1.2717313602211302</CFMAX>
      <SP>0</SP>
      <SFCF>1.0183355583976592</SFCF>
      <CFR>0.094894974618574546</CFR>
      <CWH>0.19999472428312573</CWH>
      <CFGlacier>1</CFGlacier>
      <CFSlope>1</CFSlope>
      <FC>1827.3256559328468</FC>
      <LP>0.82918191664551188</LP>
      <BETA>1.3730078956182825</BETA>
    </VegetationZoneParameters>
  </VegetationZone>
  <SubCatchment>
    <SubCatchmentParameters>
      <KSI>0.001</KSI>
      <KGmin>0.05</KGmin>
      <RangeKG>0.1</RangeKG>
      <AG>0.1</AG>
      <PERC>1.2805084706250911</PERC>
      <Alpha>0</Alpha>
      <UZL>47.994406313060026</UZL>
      <K0>0.22828899634961913</K0>
      <K1>0.18032610208073566</K1>
      <K2>0.028138698992068667</K2>
      <MAXBAS>1</MAXBAS>
      <Cet>0.21801228928159228</Cet>
      <PCALT>2.5681918574490794</PCALT>
      <TCALT>0.31895575634444934</TCALT>
      <Pelev>482</Pelev>
      <Telev>482</Telev>
      <PART>0.5</PART>
      <DELAY>1</DELAY>
    </SubCatchmentParameters>
    <SubCatchmentVegetationZone>
      <SubCatchmentVegetationZoneParameters>
        <TT>-2.025306371985411</TT>
        <CFMAX>1.2717313602211302</CFMAX>
        <SP>0</SP>
        <SFCF>1.0183355583976592</SFCF>
        <CFR>0.094894974618574546</CFR>
        <CWH>0.19999472428312573</CWH>
        <CFGlacier>1</CFGlacier>
        <CFSlope>1</CFSlope>
        <FC>1827.3256559328468</FC>
        <LP>0.82918191664551188</LP>
        <BETA>1.3730078956182825</BETA>
      </SubCatchmentVegetationZoneParameters>
    </SubCatchmentVegetationZone>
  </SubCatchment>
</Catchment>