<?xml version="1.0" encoding="utf-8"?>
<Catchment xmlns:xsi="http://www.w3.org/2001/XMLSchema-instance" xmlns:xsd="http://www.w3.org/2001/XMLSchema">
  <CatchmentParameters>
    <KSI>0.001</KSI>
    <KGmin>0.05</KGmin>
    <RangeKG>0.1</RangeKG>
    <AG>0.1</AG>
    <PERC>1.1876741952547691</PERC>
    <Alpha>0</Alpha>
    <UZL>56.419529380355073</UZL>
    <K0>0.24731838098366857</K0>
    <K1>0.1838926244170829</K1>
    <K2>0.027241092833148611</K2>
    <MAXBAS>1</MAXBAS>
    <Cet>0.10060806399087403</Cet>
    <PCALT>5.362780460141221</PCALT>
    <TCALT>0.21143879664458651</TCALT>
    <Pelev>482</Pelev>
    <Telev>482</Telev>
    <PART>0.5</PART>
    <DELAY>1</DELAY>
  </CatchmentParameters>
  <VegetationZone>
    <VegetationZoneParameters>
      <TT>-1.443706896639563</TT>
      <CFMAX>1.8156002920897427</CFMAX>
      <SP>0</SP>
      <SFCF>1.0413750546123277</SFCF>
      <CFR>0.09992594319828739</CFR>
      <CWH>0.19999709836932481</CWH>
      <CFGlacier>1</CFGlacier>
      <CFSlope>1</CFSlope>
      <FC>2211.0757557605716</FC>
      <LP>0.69878660629977951</LP>
      <BETA>1.7697198434906081</BETA>
    </VegetationZoneParameters>
  </VegetationZone>
  <SubCatchment>
    <SubCatchmentParameters>
      <KSI>0.001</KSI>
      <KGmin>0.05</KGmin>
      <RangeKG>0.1</RangeKG>
      <AG>0.1</AG>
      <PERC>1.1876741952547691</PERC>
      <Alpha>0</Alpha>
      <UZL>56.419529380355073</UZL>
      <K0>0.24731838098366857</K0>
      <K1>0.1838926244170829</K1>
      <K2>0.027241092833148611</K2>
      <MAXBAS>1</MAXBAS>
      <Cet>0.10060806399087403</Cet>
      <PCALT>5.362780460141221</PCALT>
      <TCALT>0.21143879664458651</TCALT>
      <Pelev>482</Pelev>
      <Telev>482</Telev>
      <PART>0.5</PART>
      <DELAY>1</DELAY>
    </SubCatchmentParameters>
    <SubCatchmentVegetationZone>
      <SubCatchmentVegetationZoneParameters>
        <TT>-1.443706896639563</TT>
        <CFMAX>1.8156002920897427</CFMAX>
        <SP>0</SP>
        <SFCF>1.0413750546123277</SFCF>
        <CFR>0.09992594319828739</CFR>
        <CWH>0.19999709836932481</CWH>
        <CFGlacier>1</CFGlacier>
        <CFSlope>1</CFSlope>
        <FC>2211.0757557605716</FC>
        <LP>0.69878660629977951</LP>
        <BETA>1.7697198434906081</BETA>
      </SubCatchmentVegetationZoneParameters>
    </SubCatchmentVegetationZone>
  </SubCatchment>
</Catchment>