<?xml version="1.0" encoding="utf-8"?>
<Catchment xmlns:xsi="http://www.w3.org/2001/XMLSchema-instance" xmlns:xsd="http://www.w3.org/2001/XMLSchema">
  <CatchmentParameters>
    <KSI>0.001</KSI>
    <KGmin>0.05</KGmin>
    <RangeKG>0.1</RangeKG>
    <AG>0.1</AG>
    <PERC>1.3811241710692579</PERC>
    <Alpha>0</Alpha>
    <UZL>54.55083142793768</UZL>
    <K0>0.2607734922932422</K0>
    <K1>0.18395733751029381</K1>
    <K2>0.028966018455553598</K2>
    <MAXBAS>1</MAXBAS>
    <Cet>0.15719229506692128</Cet>
    <PCALT>4.1475012408170828</PCALT>
    <TCALT>0.2776566944538188</TCALT>
    <Pelev>482</Pelev>
    <Telev>482</Telev>
    <PART>0.5</PART>
    <DELAY>1</DELAY>
  </CatchmentParameters>
  <VegetationZone>
    <VegetationZoneParameters>
      <TT>-1.8758079834465109</TT>
      <CFMAX>1.2465268063402244</CFMAX>
      <SP>0</SP>
      <SFCF>0.97239042269600084</SFCF>
      <CFR>0.05746059366472344</CFR>
      <CWH>0.19999999810169472</CWH>
      <CFGlacier>1</CFGlacier>
      <CFSlope>1</CFSlope>
      <FC>2097.6753025614339</FC>
      <LP>0.79811514497100311</LP>
      <BETA>1.6789183931283864</BETA>
    </VegetationZoneParameters>
  </VegetationZone>
  <SubCatchment>
    <SubCatchmentParameters>
      <KSI>0.001</KSI>
      <KGmin>0.05</KGmin>
      <RangeKG>0.1</RangeKG>
      <AG>0.1</AG>
      <PERC>1.3811241710692579</PERC>
      <Alpha>0</Alpha>
      <UZL>54.55083142793768</UZL>
      <K0>0.2607734922932422</K0>
      <K1>0.18395733751029381</K1>
      <K2>0.028966018455553598</K2>
      <MAXBAS>1</MAXBAS>
      <Cet>0.15719229506692128</Cet>
      <PCALT>4.1475012408170828</PCALT>
      <TCALT>0.2776566944538188</TCALT>
      <Pelev>482</Pelev>
      <Telev>482</Telev>
      <PART>0.5</PART>
      <DELAY>1</DELAY>
    </SubCatchmentParameters>
    <SubCatchmentVegetationZone>
      <SubCatchmentVegetationZoneParameters>
        <TT>-1.8758079834465109</TT>
        <CFMAX>1.2465268063402244</CFMAX>
        <SP>0</SP>
        <SFCF>0.97239042269600084</SFCF>
        <CFR>0.05746059366472344</CFR>
        <CWH>0.19999999810169472</CWH>
        <CFGlacier>1</CFGlacier>
        <CFSlope>1</CFSlope>
        <FC>2097.6753025614339</FC>
        <LP>0.79811514497100311</LP>
        <BETA>1.6789183931283864</BETA>
      </SubCatchmentVegetationZoneParameters>
    </SubCatchmentVegetationZone>
  </SubCatchment>
</Catchment>