<?xml version="1.0" encoding="utf-8"?>
<Catchment xmlns:xsi="http://www.w3.org/2001/XMLSchema-instance" xmlns:xsd="http://www.w3.org/2001/XMLSchema">
  <CatchmentParameters>
    <KSI>0.001</KSI>
    <KGmin>0.05</KGmin>
    <RangeKG>0.1</RangeKG>
    <AG>0.1</AG>
    <PERC>1.8272782726963568</PERC>
    <Alpha>0</Alpha>
    <UZL>96.59821399638551</UZL>
    <K0>0.78079500238451816</K0>
    <K1>0.24815577710650361</K1>
    <K2>0.03091697654169568</K2>
    <MAXBAS>1</MAXBAS>
    <Cet>0.26210753495953465</Cet>
    <PCALT>4.6951871607018472</PCALT>
    <TCALT>0.318362966991225</TCALT>
    <Pelev>482</Pelev>
    <Telev>482</Telev>
    <PART>0.5</PART>
    <DELAY>1</DELAY>
  </CatchmentParameters>
  <VegetationZone>
    <VegetationZoneParameters>
      <TT>-1.822072371869166</TT>
      <CFMAX>1.9300602001234066</CFMAX>
      <SP>0</SP>
      <SFCF>1.2592772209241794</SFCF>
      <CFR>0.099997937687113847</CFR>
      <CWH>0.19999885640896975</CWH>
      <CFGlacier>1</CFGlacier>
      <CFSlope>1</CFSlope>
      <FC>2137.3530394640065</FC>
      <LP>0.7281749763160752</LP>
      <BETA>1.4955905965674168</BETA>
    </VegetationZoneParameters>
  </VegetationZone>
  <SubCatchment>
    <SubCatchmentParameters>
      <KSI>0.001</KSI>
      <KGmin>0.05</KGmin>
      <RangeKG>0.1</RangeKG>
      <AG>0.1</AG>
      <PERC>1.8272782726963568</PERC>
      <Alpha>0</Alpha>
      <UZL>96.59821399638551</UZL>
      <K0>0.78079500238451816</K0>
      <K1>0.24815577710650361</K1>
      <K2>0.03091697654169568</K2>
      <MAXBAS>1</MAXBAS>
      <Cet>0.26210753495953465</Cet>
      <PCALT>4.6951871607018472</PCALT>
      <TCALT>0.318362966991225</TCALT>
      <Pelev>482</Pelev>
      <Telev>482</Telev>
      <PART>0.5</PART>
      <DELAY>1</DELAY>
    </SubCatchmentParameters>
    <SubCatchmentVegetationZone>
      <SubCatchmentVegetationZoneParameters>
        <TT>-1.822072371869166</TT>
        <CFMAX>1.9300602001234066</CFMAX>
        <SP>0</SP>
        <SFCF>1.2592772209241794</SFCF>
        <CFR>0.099997937687113847</CFR>
        <CWH>0.19999885640896975</CWH>
        <CFGlacier>1</CFGlacier>
        <CFSlope>1</CFSlope>
        <FC>2137.3530394640065</FC>
        <LP>0.7281749763160752</LP>
        <BETA>1.4955905965674168</BETA>
      </SubCatchmentVegetationZoneParameters>
    </SubCatchmentVegetationZone>
  </SubCatchment>
</Catchment>