<?xml version="1.0" encoding="utf-8"?>
<Catchment xmlns:xsi="http://www.w3.org/2001/XMLSchema-instance" xmlns:xsd="http://www.w3.org/2001/XMLSchema">
  <CatchmentParameters>
    <KSI>0.001</KSI>
    <KGmin>0.05</KGmin>
    <RangeKG>0.1</RangeKG>
    <AG>0.1</AG>
    <PERC>1.545646375710108</PERC>
    <Alpha>0</Alpha>
    <UZL>166.280608983033</UZL>
    <K0>0.53176064585937943</K0>
    <K1>0.23930768690408835</K1>
    <K2>0.028742639884861497</K2>
    <MAXBAS>1</MAXBAS>
    <Cet>0.058712376770397194</Cet>
    <PCALT>2.5073670905075796</PCALT>
    <TCALT>0.29400947601306759</TCALT>
    <Pelev>482</Pelev>
    <Telev>482</Telev>
    <PART>0.5</PART>
    <DELAY>1</DELAY>
  </CatchmentParameters>
  <VegetationZone>
    <VegetationZoneParameters>
      <TT>-1.9962939887173095</TT>
      <CFMAX>1.2328108310909991</CFMAX>
      <SP>0</SP>
      <SFCF>0.96983953602826778</SFCF>
      <CFR>0.099843846099494871</CFR>
      <CWH>0.19999594529491804</CWH>
      <CFGlacier>1</CFGlacier>
      <CFSlope>1</CFSlope>
      <FC>1693.3279570982397</FC>
      <LP>0.8435394739932337</LP>
      <BETA>1.7874198858808976</BETA>
    </VegetationZoneParameters>
  </VegetationZone>
  <SubCatchment>
    <SubCatchmentParameters>
      <KSI>0.001</KSI>
      <KGmin>0.05</KGmin>
      <RangeKG>0.1</RangeKG>
      <AG>0.1</AG>
      <PERC>1.545646375710108</PERC>
      <Alpha>0</Alpha>
      <UZL>166.280608983033</UZL>
      <K0>0.53176064585937943</K0>
      <K1>0.23930768690408835</K1>
      <K2>0.028742639884861497</K2>
      <MAXBAS>1</MAXBAS>
      <Cet>0.058712376770397194</Cet>
      <PCALT>2.5073670905075796</PCALT>
      <TCALT>0.29400947601306759</TCALT>
      <Pelev>482</Pelev>
      <Telev>482</Telev>
      <PART>0.5</PART>
      <DELAY>1</DELAY>
    </SubCatchmentParameters>
    <SubCatchmentVegetationZone>
      <SubCatchmentVegetationZoneParameters>
        <TT>-1.9962939887173095</TT>
        <CFMAX>1.2328108310909991</CFMAX>
        <SP>0</SP>
        <SFCF>0.96983953602826778</SFCF>
        <CFR>0.099843846099494871</CFR>
        <CWH>0.19999594529491804</CWH>
        <CFGlacier>1</CFGlacier>
        <CFSlope>1</CFSlope>
        <FC>1693.3279570982397</FC>
        <LP>0.8435394739932337</LP>
        <BETA>1.7874198858808976</BETA>
      </SubCatchmentVegetationZoneParameters>
    </SubCatchmentVegetationZone>
  </SubCatchment>
</Catchment>