<?xml version="1.0" encoding="utf-8"?>
<Catchment xmlns:xsi="http://www.w3.org/2001/XMLSchema-instance" xmlns:xsd="http://www.w3.org/2001/XMLSchema">
  <CatchmentParameters>
    <KSI>0.001</KSI>
    <KGmin>0.05</KGmin>
    <RangeKG>0.1</RangeKG>
    <AG>0.1</AG>
    <PERC>1.2261914157060969</PERC>
    <Alpha>0</Alpha>
    <UZL>56.703044241796086</UZL>
    <K0>0.25856029820413295</K0>
    <K1>0.18398841333995125</K1>
    <K2>0.027467751736534478</K2>
    <MAXBAS>1</MAXBAS>
    <Cet>0.029494671461953677</Cet>
    <PCALT>3.44360100602586</PCALT>
    <TCALT>0.29699474366737322</TCALT>
    <Pelev>482</Pelev>
    <Telev>482</Telev>
    <PART>0.5</PART>
    <DELAY>1</DELAY>
  </CatchmentParameters>
  <VegetationZone>
    <VegetationZoneParameters>
      <TT>-2.0126111293707738</TT>
      <CFMAX>1.6142391997323995</CFMAX>
      <SP>0</SP>
      <SFCF>1.1660892286324323</SFCF>
      <CFR>0.099897051151121324</CFR>
      <CWH>0.19999156904114415</CWH>
      <CFGlacier>1</CFGlacier>
      <CFSlope>1</CFSlope>
      <FC>2204.0645183134511</FC>
      <LP>0.89622279420286333</LP>
      <BETA>2.4562117136432815</BETA>
    </VegetationZoneParameters>
  </VegetationZone>
  <SubCatchment>
    <SubCatchmentParameters>
      <KSI>0.001</KSI>
      <KGmin>0.05</KGmin>
      <RangeKG>0.1</RangeKG>
      <AG>0.1</AG>
      <PERC>1.2261914157060969</PERC>
      <Alpha>0</Alpha>
      <UZL>56.703044241796086</UZL>
      <K0>0.25856029820413295</K0>
      <K1>0.18398841333995125</K1>
      <K2>0.027467751736534478</K2>
      <MAXBAS>1</MAXBAS>
      <Cet>0.029494671461953677</Cet>
      <PCALT>3.44360100602586</PCALT>
      <TCALT>0.29699474366737322</TCALT>
      <Pelev>482</Pelev>
      <Telev>482</Telev>
      <PART>0.5</PART>
      <DELAY>1</DELAY>
    </SubCatchmentParameters>
    <SubCatchmentVegetationZone>
      <SubCatchmentVegetationZoneParameters>
        <TT>-2.0126111293707738</TT>
        <CFMAX>1.6142391997323995</CFMAX>
        <SP>0</SP>
        <SFCF>1.1660892286324323</SFCF>
        <CFR>0.099897051151121324</CFR>
        <CWH>0.19999156904114415</CWH>
        <CFGlacier>1</CFGlacier>
        <CFSlope>1</CFSlope>
        <FC>2204.0645183134511</FC>
        <LP>0.89622279420286333</LP>
        <BETA>2.4562117136432815</BETA>
      </SubCatchmentVegetationZoneParameters>
    </SubCatchmentVegetationZone>
  </SubCatchment>
</Catchment>