<?xml version="1.0" encoding="utf-8"?>
<Catchment xmlns:xsi="http://www.w3.org/2001/XMLSchema-instance" xmlns:xsd="http://www.w3.org/2001/XMLSchema">
  <CatchmentParameters>
    <KSI>0.001</KSI>
    <KGmin>0.05</KGmin>
    <RangeKG>0.1</RangeKG>
    <AG>0.1</AG>
    <PERC>1.366832125670441</PERC>
    <Alpha>0</Alpha>
    <UZL>56.093411424821547</UZL>
    <K0>0.26968408743673244</K0>
    <K1>0.18089881670840791</K1>
    <K2>0.02814059670261879</K2>
    <MAXBAS>1</MAXBAS>
    <Cet>0.15088772211604518</Cet>
    <PCALT>1.158997699732101</PCALT>
    <TCALT>0.38173694833046234</TCALT>
    <Pelev>482</Pelev>
    <Telev>482</Telev>
    <PART>0.5</PART>
    <DELAY>1</DELAY>
  </CatchmentParameters>
  <VegetationZone>
    <VegetationZoneParameters>
      <TT>-2.1733633148960827</TT>
      <CFMAX>1.4871493542873817</CFMAX>
      <SP>0</SP>
      <SFCF>1.0612774501852595</SFCF>
      <CFR>0.058612283354780706</CFR>
      <CWH>0.19999999913596714</CWH>
      <CFGlacier>1</CFGlacier>
      <CFSlope>1</CFSlope>
      <FC>1434.2709176162246</FC>
      <LP>0.91416287345043878</LP>
      <BETA>1.5558254784094658</BETA>
    </VegetationZoneParameters>
  </VegetationZone>
  <SubCatchment>
    <SubCatchmentParameters>
      <KSI>0.001</KSI>
      <KGmin>0.05</KGmin>
      <RangeKG>0.1</RangeKG>
      <AG>0.1</AG>
      <PERC>1.366832125670441</PERC>
      <Alpha>0</Alpha>
      <UZL>56.093411424821547</UZL>
      <K0>0.26968408743673244</K0>
      <K1>0.18089881670840791</K1>
      <K2>0.02814059670261879</K2>
      <MAXBAS>1</MAXBAS>
      <Cet>0.15088772211604518</Cet>
      <PCALT>1.158997699732101</PCALT>
      <TCALT>0.38173694833046234</TCALT>
      <Pelev>482</Pelev>
      <Telev>482</Telev>
      <PART>0.5</PART>
      <DELAY>1</DELAY>
    </SubCatchmentParameters>
    <SubCatchmentVegetationZone>
      <SubCatchmentVegetationZoneParameters>
        <TT>-2.1733633148960827</TT>
        <CFMAX>1.4871493542873817</CFMAX>
        <SP>0</SP>
        <SFCF>1.0612774501852595</SFCF>
        <CFR>0.058612283354780706</CFR>
        <CWH>0.19999999913596714</CWH>
        <CFGlacier>1</CFGlacier>
        <CFSlope>1</CFSlope>
        <FC>1434.2709176162246</FC>
        <LP>0.91416287345043878</LP>
        <BETA>1.5558254784094658</BETA>
      </SubCatchmentVegetationZoneParameters>
    </SubCatchmentVegetationZone>
  </SubCatchment>
</Catchment>