<?xml version="1.0" encoding="utf-8"?>
<Catchment xmlns:xsi="http://www.w3.org/2001/XMLSchema-instance" xmlns:xsd="http://www.w3.org/2001/XMLSchema">
  <CatchmentParameters>
    <KSI>0.001</KSI>
    <KGmin>0.05</KGmin>
    <RangeKG>0.1</RangeKG>
    <AG>0.1</AG>
    <PERC>1.6632790926558</PERC>
    <Alpha>0</Alpha>
    <UZL>126.00978086537072</UZL>
    <K0>0.7307684330395845</K0>
    <K1>0.2424862862903549</K1>
    <K2>0.030154268277462214</K2>
    <MAXBAS>1</MAXBAS>
    <Cet>0.18491984386229568</Cet>
    <PCALT>5.2434394547940215</PCALT>
    <TCALT>0.271063461719473</TCALT>
    <Pelev>482</Pelev>
    <Telev>482</Telev>
    <PART>0.5</PART>
    <DELAY>1</DELAY>
  </CatchmentParameters>
  <VegetationZone>
    <VegetationZoneParameters>
      <TT>-1.6242170162425487</TT>
      <CFMAX>1.5078895158890247</CFMAX>
      <SP>0</SP>
      <SFCF>0.78523297359944089</SFCF>
      <CFR>0.099976457703238861</CFR>
      <CWH>0.199994255393446</CWH>
      <CFGlacier>1</CFGlacier>
      <CFSlope>1</CFSlope>
      <FC>2259.6555379949391</FC>
      <LP>0.76013669364415415</LP>
      <BETA>1.702457165307532</BETA>
    </VegetationZoneParameters>
  </VegetationZone>
  <SubCatchment>
    <SubCatchmentParameters>
      <KSI>0.001</KSI>
      <KGmin>0.05</KGmin>
      <RangeKG>0.1</RangeKG>
      <AG>0.1</AG>
      <PERC>1.6632790926558</PERC>
      <Alpha>0</Alpha>
      <UZL>126.00978086537072</UZL>
      <K0>0.7307684330395845</K0>
      <K1>0.2424862862903549</K1>
      <K2>0.030154268277462214</K2>
      <MAXBAS>1</MAXBAS>
      <Cet>0.18491984386229568</Cet>
      <PCALT>5.2434394547940215</PCALT>
      <TCALT>0.271063461719473</TCALT>
      <Pelev>482</Pelev>
      <Telev>482</Telev>
      <PART>0.5</PART>
      <DELAY>1</DELAY>
    </SubCatchmentParameters>
    <SubCatchmentVegetationZone>
      <SubCatchmentVegetationZoneParameters>
        <TT>-1.6242170162425487</TT>
        <CFMAX>1.5078895158890247</CFMAX>
        <SP>0</SP>
        <SFCF>0.78523297359944089</SFCF>
        <CFR>0.099976457703238861</CFR>
        <CWH>0.199994255393446</CWH>
        <CFGlacier>1</CFGlacier>
        <CFSlope>1</CFSlope>
        <FC>2259.6555379949391</FC>
        <LP>0.76013669364415415</LP>
        <BETA>1.702457165307532</BETA>
      </SubCatchmentVegetationZoneParameters>
    </SubCatchmentVegetationZone>
  </SubCatchment>
</Catchment>