<?xml version="1.0" encoding="utf-8"?>
<Catchment xmlns:xsi="http://www.w3.org/2001/XMLSchema-instance" xmlns:xsd="http://www.w3.org/2001/XMLSchema">
  <CatchmentParameters>
    <KSI>0.001</KSI>
    <KGmin>0.05</KGmin>
    <RangeKG>0.1</RangeKG>
    <AG>0.1</AG>
    <PERC>1.5234511958443691</PERC>
    <Alpha>0</Alpha>
    <UZL>48.614370768231836</UZL>
    <K0>0.22407455142222252</K0>
    <K1>0.18671581399544757</K1>
    <K2>0.029051063470381711</K2>
    <MAXBAS>1</MAXBAS>
    <Cet>0.15606409445790104</Cet>
    <PCALT>1.488588735345507</PCALT>
    <TCALT>0.065024267636179564</TCALT>
    <Pelev>482</Pelev>
    <Telev>482</Telev>
    <PART>0.5</PART>
    <DELAY>1</DELAY>
  </CatchmentParameters>
  <VegetationZone>
    <VegetationZoneParameters>
      <TT>-0.986727151584729</TT>
      <CFMAX>1.1088595355115047</CFMAX>
      <SP>0</SP>
      <SFCF>0.78200180835625044</SFCF>
      <CFR>0.099114668689656418</CFR>
      <CWH>0.19999990208383539</CWH>
      <CFGlacier>1</CFGlacier>
      <CFSlope>1</CFSlope>
      <FC>1363.7558337669507</FC>
      <LP>0.8201572474751162</LP>
      <BETA>1.3670528683446011</BETA>
    </VegetationZoneParameters>
  </VegetationZone>
  <SubCatchment>
    <SubCatchmentParameters>
      <KSI>0.001</KSI>
      <KGmin>0.05</KGmin>
      <RangeKG>0.1</RangeKG>
      <AG>0.1</AG>
      <PERC>1.5234511958443691</PERC>
      <Alpha>0</Alpha>
      <UZL>48.614370768231836</UZL>
      <K0>0.22407455142222252</K0>
      <K1>0.18671581399544757</K1>
      <K2>0.029051063470381711</K2>
      <MAXBAS>1</MAXBAS>
      <Cet>0.15606409445790104</Cet>
      <PCALT>1.488588735345507</PCALT>
      <TCALT>0.065024267636179564</TCALT>
      <Pelev>482</Pelev>
      <Telev>482</Telev>
      <PART>0.5</PART>
      <DELAY>1</DELAY>
    </SubCatchmentParameters>
    <SubCatchmentVegetationZone>
      <SubCatchmentVegetationZoneParameters>
        <TT>-0.986727151584729</TT>
        <CFMAX>1.1088595355115047</CFMAX>
        <SP>0</SP>
        <SFCF>0.78200180835625044</SFCF>
        <CFR>0.099114668689656418</CFR>
        <CWH>0.19999990208383539</CWH>
        <CFGlacier>1</CFGlacier>
        <CFSlope>1</CFSlope>
        <FC>1363.7558337669507</FC>
        <LP>0.8201572474751162</LP>
        <BETA>1.3670528683446011</BETA>
      </SubCatchmentVegetationZoneParameters>
    </SubCatchmentVegetationZone>
  </SubCatchment>
</Catchment>