<?xml version="1.0" encoding="utf-8"?>
<Catchment xmlns:xsi="http://www.w3.org/2001/XMLSchema-instance" xmlns:xsd="http://www.w3.org/2001/XMLSchema">
  <CatchmentParameters>
    <KSI>0.001</KSI>
    <KGmin>0.05</KGmin>
    <RangeKG>0.1</RangeKG>
    <AG>0.1</AG>
    <PERC>1.3879737420576139</PERC>
    <Alpha>0</Alpha>
    <UZL>52.543404689200912</UZL>
    <K0>0.25404490427279552</K0>
    <K1>0.18991585796565996</K1>
    <K2>0.028009169080401439</K2>
    <MAXBAS>1</MAXBAS>
    <Cet>0.19817623889860098</Cet>
    <PCALT>1.6821716957444275</PCALT>
    <TCALT>0.13964232084261066</TCALT>
    <Pelev>482</Pelev>
    <Telev>482</Telev>
    <PART>0.5</PART>
    <DELAY>1</DELAY>
  </CatchmentParameters>
  <VegetationZone>
    <VegetationZoneParameters>
      <TT>-1.3157037195568806</TT>
      <CFMAX>1.1650348378050066</CFMAX>
      <SP>0</SP>
      <SFCF>1.0433125152648481</SFCF>
      <CFR>0.099652937031337013</CFR>
      <CWH>0.19996984208316862</CWH>
      <CFGlacier>1</CFGlacier>
      <CFSlope>1</CFSlope>
      <FC>1407.7727871855636</FC>
      <LP>0.7211505582598009</LP>
      <BETA>1.1479139670059919</BETA>
    </VegetationZoneParameters>
  </VegetationZone>
  <SubCatchment>
    <SubCatchmentParameters>
      <KSI>0.001</KSI>
      <KGmin>0.05</KGmin>
      <RangeKG>0.1</RangeKG>
      <AG>0.1</AG>
      <PERC>1.3879737420576139</PERC>
      <Alpha>0</Alpha>
      <UZL>52.543404689200912</UZL>
      <K0>0.25404490427279552</K0>
      <K1>0.18991585796565996</K1>
      <K2>0.028009169080401439</K2>
      <MAXBAS>1</MAXBAS>
      <Cet>0.19817623889860098</Cet>
      <PCALT>1.6821716957444275</PCALT>
      <TCALT>0.13964232084261066</TCALT>
      <Pelev>482</Pelev>
      <Telev>482</Telev>
      <PART>0.5</PART>
      <DELAY>1</DELAY>
    </SubCatchmentParameters>
    <SubCatchmentVegetationZone>
      <SubCatchmentVegetationZoneParameters>
        <TT>-1.3157037195568806</TT>
        <CFMAX>1.1650348378050066</CFMAX>
        <SP>0</SP>
        <SFCF>1.0433125152648481</SFCF>
        <CFR>0.099652937031337013</CFR>
        <CWH>0.19996984208316862</CWH>
        <CFGlacier>1</CFGlacier>
        <CFSlope>1</CFSlope>
        <FC>1407.7727871855636</FC>
        <LP>0.7211505582598009</LP>
        <BETA>1.1479139670059919</BETA>
      </SubCatchmentVegetationZoneParameters>
    </SubCatchmentVegetationZone>
  </SubCatchment>
</Catchment>