<?xml version="1.0" encoding="utf-8"?>
<Catchment xmlns:xsi="http://www.w3.org/2001/XMLSchema-instance" xmlns:xsd="http://www.w3.org/2001/XMLSchema">
  <CatchmentParameters>
    <KSI>0.001</KSI>
    <KGmin>0.05</KGmin>
    <RangeKG>0.1</RangeKG>
    <AG>0.1</AG>
    <PERC>1.9718990738349023</PERC>
    <Alpha>0</Alpha>
    <UZL>142.66456655219452</UZL>
    <K0>0.4146429831270359</K0>
    <K1>0.24448156646107494</K1>
    <K2>0.030201364103897461</K2>
    <MAXBAS>1</MAXBAS>
    <Cet>0.11177061238741638</Cet>
    <PCALT>0.1957232066926658</PCALT>
    <TCALT>0.26969144797515932</TCALT>
    <Pelev>482</Pelev>
    <Telev>482</Telev>
    <PART>0.5</PART>
    <DELAY>1</DELAY>
  </CatchmentParameters>
  <VegetationZone>
    <VegetationZoneParameters>
      <TT>-1.2390766096186623</TT>
      <CFMAX>3.3504297147466424</CFMAX>
      <SP>0</SP>
      <SFCF>0.646646940233513</SFCF>
      <CFR>0.09999901701605203</CFR>
      <CWH>0.19996577854732747</CWH>
      <CFGlacier>1</CFGlacier>
      <CFSlope>1</CFSlope>
      <FC>1109.3617387210709</FC>
      <LP>0.78023248541875323</LP>
      <BETA>1.1263500299999267</BETA>
    </VegetationZoneParameters>
  </VegetationZone>
  <SubCatchment>
    <SubCatchmentParameters>
      <KSI>0.001</KSI>
      <KGmin>0.05</KGmin>
      <RangeKG>0.1</RangeKG>
      <AG>0.1</AG>
      <PERC>1.9718990738349023</PERC>
      <Alpha>0</Alpha>
      <UZL>142.66456655219452</UZL>
      <K0>0.4146429831270359</K0>
      <K1>0.24448156646107494</K1>
      <K2>0.030201364103897461</K2>
      <MAXBAS>1</MAXBAS>
      <Cet>0.11177061238741638</Cet>
      <PCALT>0.1957232066926658</PCALT>
      <TCALT>0.26969144797515932</TCALT>
      <Pelev>482</Pelev>
      <Telev>482</Telev>
      <PART>0.5</PART>
      <DELAY>1</DELAY>
    </SubCatchmentParameters>
    <SubCatchmentVegetationZone>
      <SubCatchmentVegetationZoneParameters>
        <TT>-1.2390766096186623</TT>
        <CFMAX>3.3504297147466424</CFMAX>
        <SP>0</SP>
        <SFCF>0.646646940233513</SFCF>
        <CFR>0.09999901701605203</CFR>
        <CWH>0.19996577854732747</CWH>
        <CFGlacier>1</CFGlacier>
        <CFSlope>1</CFSlope>
        <FC>1109.3617387210709</FC>
        <LP>0.78023248541875323</LP>
        <BETA>1.1263500299999267</BETA>
      </SubCatchmentVegetationZoneParameters>
    </SubCatchmentVegetationZone>
  </SubCatchment>
</Catchment>