<?xml version="1.0" encoding="utf-8"?>
<Catchment xmlns:xsi="http://www.w3.org/2001/XMLSchema-instance" xmlns:xsd="http://www.w3.org/2001/XMLSchema">
  <CatchmentParameters>
    <KSI>0.001</KSI>
    <KGmin>0.05</KGmin>
    <RangeKG>0.1</RangeKG>
    <AG>0.1</AG>
    <PERC>1.3101563668633269</PERC>
    <Alpha>0</Alpha>
    <UZL>55.86095512952398</UZL>
    <K0>0.25610180028563417</K0>
    <K1>0.18281591611324854</K1>
    <K2>0.028047508046350898</K2>
    <MAXBAS>1</MAXBAS>
    <Cet>0.07532216785145808</Cet>
    <PCALT>3.0594363563209659</PCALT>
    <TCALT>0.21261490134494579</TCALT>
    <Pelev>482</Pelev>
    <Telev>482</Telev>
    <PART>0.5</PART>
    <DELAY>1</DELAY>
  </CatchmentParameters>
  <VegetationZone>
    <VegetationZoneParameters>
      <TT>-1.4500549345272717</TT>
      <CFMAX>1.9182532394787637</CFMAX>
      <SP>0</SP>
      <SFCF>1.1943152663857339</SFCF>
      <CFR>0.099792255646376171</CFR>
      <CWH>0.19997466899308833</CWH>
      <CFGlacier>1</CFGlacier>
      <CFSlope>1</CFSlope>
      <FC>1839.0257338148638</FC>
      <LP>0.8172905291753354</LP>
      <BETA>1.8000896598101175</BETA>
    </VegetationZoneParameters>
  </VegetationZone>
  <SubCatchment>
    <SubCatchmentParameters>
      <KSI>0.001</KSI>
      <KGmin>0.05</KGmin>
      <RangeKG>0.1</RangeKG>
      <AG>0.1</AG>
      <PERC>1.3101563668633269</PERC>
      <Alpha>0</Alpha>
      <UZL>55.86095512952398</UZL>
      <K0>0.25610180028563417</K0>
      <K1>0.18281591611324854</K1>
      <K2>0.028047508046350898</K2>
      <MAXBAS>1</MAXBAS>
      <Cet>0.07532216785145808</Cet>
      <PCALT>3.0594363563209659</PCALT>
      <TCALT>0.21261490134494579</TCALT>
      <Pelev>482</Pelev>
      <Telev>482</Telev>
      <PART>0.5</PART>
      <DELAY>1</DELAY>
    </SubCatchmentParameters>
    <SubCatchmentVegetationZone>
      <SubCatchmentVegetationZoneParameters>
        <TT>-1.4500549345272717</TT>
        <CFMAX>1.9182532394787637</CFMAX>
        <SP>0</SP>
        <SFCF>1.1943152663857339</SFCF>
        <CFR>0.099792255646376171</CFR>
        <CWH>0.19997466899308833</CWH>
        <CFGlacier>1</CFGlacier>
        <CFSlope>1</CFSlope>
        <FC>1839.0257338148638</FC>
        <LP>0.8172905291753354</LP>
        <BETA>1.8000896598101175</BETA>
      </SubCatchmentVegetationZoneParameters>
    </SubCatchmentVegetationZone>
  </SubCatchment>
</Catchment>