<?xml version="1.0" encoding="utf-8"?>
<Catchment xmlns:xsi="http://www.w3.org/2001/XMLSchema-instance" xmlns:xsd="http://www.w3.org/2001/XMLSchema">
  <CatchmentParameters>
    <KSI>0.001</KSI>
    <KGmin>0.05</KGmin>
    <RangeKG>0.1</RangeKG>
    <AG>0.1</AG>
    <PERC>1.5922291203024634</PERC>
    <Alpha>0</Alpha>
    <UZL>54.633366788930189</UZL>
    <K0>0.25962937535640185</K0>
    <K1>0.18584130667232487</K1>
    <K2>0.029154241005362441</K2>
    <MAXBAS>1</MAXBAS>
    <Cet>0.267781023416428</Cet>
    <PCALT>3.0250260087675214</PCALT>
    <TCALT>0.11842601814261224</TCALT>
    <Pelev>482</Pelev>
    <Telev>482</Telev>
    <PART>0.5</PART>
    <DELAY>1</DELAY>
  </CatchmentParameters>
  <VegetationZone>
    <VegetationZoneParameters>
      <TT>-1.3406252547646773</TT>
      <CFMAX>1.094303800724336</CFMAX>
      <SP>0</SP>
      <SFCF>0.92949074760741024</SFCF>
      <CFR>0.077675244574896357</CFR>
      <CWH>0.19999600583896954</CWH>
      <CFGlacier>1</CFGlacier>
      <CFSlope>1</CFSlope>
      <FC>1428.8961550390097</FC>
      <LP>0.63373725179180984</LP>
      <BETA>1.2478381967364796</BETA>
    </VegetationZoneParameters>
  </VegetationZone>
  <SubCatchment>
    <SubCatchmentParameters>
      <KSI>0.001</KSI>
      <KGmin>0.05</KGmin>
      <RangeKG>0.1</RangeKG>
      <AG>0.1</AG>
      <PERC>1.5922291203024634</PERC>
      <Alpha>0</Alpha>
      <UZL>54.633366788930189</UZL>
      <K0>0.25962937535640185</K0>
      <K1>0.18584130667232487</K1>
      <K2>0.029154241005362441</K2>
      <MAXBAS>1</MAXBAS>
      <Cet>0.267781023416428</Cet>
      <PCALT>3.0250260087675214</PCALT>
      <TCALT>0.11842601814261224</TCALT>
      <Pelev>482</Pelev>
      <Telev>482</Telev>
      <PART>0.5</PART>
      <DELAY>1</DELAY>
    </SubCatchmentParameters>
    <SubCatchmentVegetationZone>
      <SubCatchmentVegetationZoneParameters>
        <TT>-1.3406252547646773</TT>
        <CFMAX>1.094303800724336</CFMAX>
        <SP>0</SP>
        <SFCF>0.92949074760741024</SFCF>
        <CFR>0.077675244574896357</CFR>
        <CWH>0.19999600583896954</CWH>
        <CFGlacier>1</CFGlacier>
        <CFSlope>1</CFSlope>
        <FC>1428.8961550390097</FC>
        <LP>0.63373725179180984</LP>
        <BETA>1.2478381967364796</BETA>
      </SubCatchmentVegetationZoneParameters>
    </SubCatchmentVegetationZone>
  </SubCatchment>
</Catchment>