<?xml version="1.0" encoding="utf-8"?>
<Catchment xmlns:xsi="http://www.w3.org/2001/XMLSchema-instance" xmlns:xsd="http://www.w3.org/2001/XMLSchema">
  <CatchmentParameters>
    <KSI>0.001</KSI>
    <KGmin>0.05</KGmin>
    <RangeKG>0.1</RangeKG>
    <AG>0.1</AG>
    <PERC>1.8012329306168204</PERC>
    <Alpha>0</Alpha>
    <UZL>124.15416823174093</UZL>
    <K0>0.75413738243729422</K0>
    <K1>0.24622442304229877</K1>
    <K2>0.030839058016165589</K2>
    <MAXBAS>1</MAXBAS>
    <Cet>0.17873497232448132</Cet>
    <PCALT>4.38793300254699</PCALT>
    <TCALT>0.230346223114448</TCALT>
    <Pelev>482</Pelev>
    <Telev>482</Telev>
    <PART>0.5</PART>
    <DELAY>1</DELAY>
  </CatchmentParameters>
  <VegetationZone>
    <VegetationZoneParameters>
      <TT>-1.4959682187471886</TT>
      <CFMAX>1.9781061407996659</CFMAX>
      <SP>0</SP>
      <SFCF>1.3103935776910447</SFCF>
      <CFR>0.099970985877984031</CFR>
      <CWH>0.19999243228821137</CWH>
      <CFGlacier>1</CFGlacier>
      <CFSlope>1</CFSlope>
      <FC>2225.2874656527647</FC>
      <LP>0.7976435701418465</LP>
      <BETA>1.741864348463509</BETA>
    </VegetationZoneParameters>
  </VegetationZone>
  <SubCatchment>
    <SubCatchmentParameters>
      <KSI>0.001</KSI>
      <KGmin>0.05</KGmin>
      <RangeKG>0.1</RangeKG>
      <AG>0.1</AG>
      <PERC>1.8012329306168204</PERC>
      <Alpha>0</Alpha>
      <UZL>124.15416823174093</UZL>
      <K0>0.75413738243729422</K0>
      <K1>0.24622442304229877</K1>
      <K2>0.030839058016165589</K2>
      <MAXBAS>1</MAXBAS>
      <Cet>0.17873497232448132</Cet>
      <PCALT>4.38793300254699</PCALT>
      <TCALT>0.230346223114448</TCALT>
      <Pelev>482</Pelev>
      <Telev>482</Telev>
      <PART>0.5</PART>
      <DELAY>1</DELAY>
    </SubCatchmentParameters>
    <SubCatchmentVegetationZone>
      <SubCatchmentVegetationZoneParameters>
        <TT>-1.4959682187471886</TT>
        <CFMAX>1.9781061407996659</CFMAX>
        <SP>0</SP>
        <SFCF>1.3103935776910447</SFCF>
        <CFR>0.099970985877984031</CFR>
        <CWH>0.19999243228821137</CWH>
        <CFGlacier>1</CFGlacier>
        <CFSlope>1</CFSlope>
        <FC>2225.2874656527647</FC>
        <LP>0.7976435701418465</LP>
        <BETA>1.741864348463509</BETA>
      </SubCatchmentVegetationZoneParameters>
    </SubCatchmentVegetationZone>
  </SubCatchment>
</Catchment>