<?xml version="1.0" encoding="utf-8"?>
<Catchment xmlns:xsi="http://www.w3.org/2001/XMLSchema-instance" xmlns:xsd="http://www.w3.org/2001/XMLSchema">
  <CatchmentParameters>
    <KSI>0.001</KSI>
    <KGmin>0.05</KGmin>
    <RangeKG>0.1</RangeKG>
    <AG>0.1</AG>
    <PERC>1.5685323942170122</PERC>
    <Alpha>0</Alpha>
    <UZL>93.605235997265808</UZL>
    <K0>0.87099809807736461</K0>
    <K1>0.23930037660992357</K1>
    <K2>0.028891663185483588</K2>
    <MAXBAS>1</MAXBAS>
    <Cet>0.14953244833049115</Cet>
    <PCALT>3.2774168253311582</PCALT>
    <TCALT>0.25128510919563218</TCALT>
    <Pelev>482</Pelev>
    <Telev>482</Telev>
    <PART>0.5</PART>
    <DELAY>1</DELAY>
  </CatchmentParameters>
  <VegetationZone>
    <VegetationZoneParameters>
      <TT>-1.70802970549056</TT>
      <CFMAX>1.435914576327219</CFMAX>
      <SP>0</SP>
      <SFCF>1.097251817398476</SFCF>
      <CFR>3.2785867705020437E-05</CFR>
      <CWH>0.19995407656700892</CWH>
      <CFGlacier>1</CFGlacier>
      <CFSlope>1</CFSlope>
      <FC>1753.7468733588132</FC>
      <LP>0.78493243682502079</LP>
      <BETA>1.5812219109667627</BETA>
    </VegetationZoneParameters>
  </VegetationZone>
  <SubCatchment>
    <SubCatchmentParameters>
      <KSI>0.001</KSI>
      <KGmin>0.05</KGmin>
      <RangeKG>0.1</RangeKG>
      <AG>0.1</AG>
      <PERC>1.5685323942170122</PERC>
      <Alpha>0</Alpha>
      <UZL>93.605235997265808</UZL>
      <K0>0.87099809807736461</K0>
      <K1>0.23930037660992357</K1>
      <K2>0.028891663185483588</K2>
      <MAXBAS>1</MAXBAS>
      <Cet>0.14953244833049115</Cet>
      <PCALT>3.2774168253311582</PCALT>
      <TCALT>0.25128510919563218</TCALT>
      <Pelev>482</Pelev>
      <Telev>482</Telev>
      <PART>0.5</PART>
      <DELAY>1</DELAY>
    </SubCatchmentParameters>
    <SubCatchmentVegetationZone>
      <SubCatchmentVegetationZoneParameters>
        <TT>-1.70802970549056</TT>
        <CFMAX>1.435914576327219</CFMAX>
        <SP>0</SP>
        <SFCF>1.097251817398476</SFCF>
        <CFR>3.2785867705020437E-05</CFR>
        <CWH>0.19995407656700892</CWH>
        <CFGlacier>1</CFGlacier>
        <CFSlope>1</CFSlope>
        <FC>1753.7468733588132</FC>
        <LP>0.78493243682502079</LP>
        <BETA>1.5812219109667627</BETA>
      </SubCatchmentVegetationZoneParameters>
    </SubCatchmentVegetationZone>
  </SubCatchment>
</Catchment>