<?xml version="1.0" encoding="utf-8"?>
<Catchment xmlns:xsi="http://www.w3.org/2001/XMLSchema-instance" xmlns:xsd="http://www.w3.org/2001/XMLSchema">
  <CatchmentParameters>
    <KSI>0.001</KSI>
    <KGmin>0.05</KGmin>
    <RangeKG>0.1</RangeKG>
    <AG>0.1</AG>
    <PERC>1.3385103060107557</PERC>
    <Alpha>0</Alpha>
    <UZL>48.084717536852274</UZL>
    <K0>0.22312186785688676</K0>
    <K1>0.18413931791198271</K1>
    <K2>0.028636575053975565</K2>
    <MAXBAS>1</MAXBAS>
    <Cet>0.14160807872896819</Cet>
    <PCALT>3.0229007728131636</PCALT>
    <TCALT>0.14759529207345781</TCALT>
    <Pelev>482</Pelev>
    <Telev>482</Telev>
    <PART>0.5</PART>
    <DELAY>1</DELAY>
  </CatchmentParameters>
  <VegetationZone>
    <VegetationZoneParameters>
      <TT>-1.2130698680377572</TT>
      <CFMAX>1.3857451336980047</CFMAX>
      <SP>0</SP>
      <SFCF>1.0071824429486707</SFCF>
      <CFR>0.053710046221099116</CFR>
      <CWH>0.19999876005506981</CWH>
      <CFGlacier>1</CFGlacier>
      <CFSlope>1</CFSlope>
      <FC>1933.5873499469844</FC>
      <LP>0.80887695685420224</LP>
      <BETA>1.4821044776272179</BETA>
    </VegetationZoneParameters>
  </VegetationZone>
  <SubCatchment>
    <SubCatchmentParameters>
      <KSI>0.001</KSI>
      <KGmin>0.05</KGmin>
      <RangeKG>0.1</RangeKG>
      <AG>0.1</AG>
      <PERC>1.3385103060107557</PERC>
      <Alpha>0</Alpha>
      <UZL>48.084717536852274</UZL>
      <K0>0.22312186785688676</K0>
      <K1>0.18413931791198271</K1>
      <K2>0.028636575053975565</K2>
      <MAXBAS>1</MAXBAS>
      <Cet>0.14160807872896819</Cet>
      <PCALT>3.0229007728131636</PCALT>
      <TCALT>0.14759529207345781</TCALT>
      <Pelev>482</Pelev>
      <Telev>482</Telev>
      <PART>0.5</PART>
      <DELAY>1</DELAY>
    </SubCatchmentParameters>
    <SubCatchmentVegetationZone>
      <SubCatchmentVegetationZoneParameters>
        <TT>-1.2130698680377572</TT>
        <CFMAX>1.3857451336980047</CFMAX>
        <SP>0</SP>
        <SFCF>1.0071824429486707</SFCF>
        <CFR>0.053710046221099116</CFR>
        <CWH>0.19999876005506981</CWH>
        <CFGlacier>1</CFGlacier>
        <CFSlope>1</CFSlope>
        <FC>1933.5873499469844</FC>
        <LP>0.80887695685420224</LP>
        <BETA>1.4821044776272179</BETA>
      </SubCatchmentVegetationZoneParameters>
    </SubCatchmentVegetationZone>
  </SubCatchment>
</Catchment>