<?xml version="1.0" encoding="utf-8"?>
<Catchment xmlns:xsi="http://www.w3.org/2001/XMLSchema-instance" xmlns:xsd="http://www.w3.org/2001/XMLSchema">
  <CatchmentParameters>
    <KSI>0.001</KSI>
    <KGmin>0.05</KGmin>
    <RangeKG>0.1</RangeKG>
    <AG>0.1</AG>
    <PERC>1.4651519152042114</PERC>
    <Alpha>0</Alpha>
    <UZL>55.944665564722982</UZL>
    <K0>0.28067678973984111</K0>
    <K1>0.18280742599880762</K1>
    <K2>0.028655237769850996</K2>
    <MAXBAS>1</MAXBAS>
    <Cet>0.16235483843053064</Cet>
    <PCALT>1.1923581932547438</PCALT>
    <TCALT>0.26978924987062181</TCALT>
    <Pelev>482</Pelev>
    <Telev>482</Telev>
    <PART>0.5</PART>
    <DELAY>1</DELAY>
  </CatchmentParameters>
  <VegetationZone>
    <VegetationZoneParameters>
      <TT>-1.8941410877444922</TT>
      <CFMAX>1.4822236615065261</CFMAX>
      <SP>0</SP>
      <SFCF>1.2842447177868557</SFCF>
      <CFR>0.099885183061237323</CFR>
      <CWH>0.19999999866995874</CWH>
      <CFGlacier>1</CFGlacier>
      <CFSlope>1</CFSlope>
      <FC>1351.5638701225721</FC>
      <LP>0.80970900523094436</LP>
      <BETA>1.3250805173231492</BETA>
    </VegetationZoneParameters>
  </VegetationZone>
  <SubCatchment>
    <SubCatchmentParameters>
      <KSI>0.001</KSI>
      <KGmin>0.05</KGmin>
      <RangeKG>0.1</RangeKG>
      <AG>0.1</AG>
      <PERC>1.4651519152042114</PERC>
      <Alpha>0</Alpha>
      <UZL>55.944665564722982</UZL>
      <K0>0.28067678973984111</K0>
      <K1>0.18280742599880762</K1>
      <K2>0.028655237769850996</K2>
      <MAXBAS>1</MAXBAS>
      <Cet>0.16235483843053064</Cet>
      <PCALT>1.1923581932547438</PCALT>
      <TCALT>0.26978924987062181</TCALT>
      <Pelev>482</Pelev>
      <Telev>482</Telev>
      <PART>0.5</PART>
      <DELAY>1</DELAY>
    </SubCatchmentParameters>
    <SubCatchmentVegetationZone>
      <SubCatchmentVegetationZoneParameters>
        <TT>-1.8941410877444922</TT>
        <CFMAX>1.4822236615065261</CFMAX>
        <SP>0</SP>
        <SFCF>1.2842447177868557</SFCF>
        <CFR>0.099885183061237323</CFR>
        <CWH>0.19999999866995874</CWH>
        <CFGlacier>1</CFGlacier>
        <CFSlope>1</CFSlope>
        <FC>1351.5638701225721</FC>
        <LP>0.80970900523094436</LP>
        <BETA>1.3250805173231492</BETA>
      </SubCatchmentVegetationZoneParameters>
    </SubCatchmentVegetationZone>
  </SubCatchment>
</Catchment>