<?xml version="1.0" encoding="utf-8"?>
<Catchment xmlns:xsi="http://www.w3.org/2001/XMLSchema-instance" xmlns:xsd="http://www.w3.org/2001/XMLSchema">
  <CatchmentParameters>
    <KSI>0.001</KSI>
    <KGmin>0.05</KGmin>
    <RangeKG>0.1</RangeKG>
    <AG>0.1</AG>
    <PERC>1.3644443894529581</PERC>
    <Alpha>0</Alpha>
    <UZL>54.847200614395334</UZL>
    <K0>0.25896745512713543</K0>
    <K1>0.18281725906340188</K1>
    <K2>0.028183557085036542</K2>
    <MAXBAS>1</MAXBAS>
    <Cet>0.18261682221075251</Cet>
    <PCALT>2.7120941033213519</PCALT>
    <TCALT>0.15668679033840843</TCALT>
    <Pelev>482</Pelev>
    <Telev>482</Telev>
    <PART>0.5</PART>
    <DELAY>1</DELAY>
  </CatchmentParameters>
  <VegetationZone>
    <VegetationZoneParameters>
      <TT>-1.1475296279960574</TT>
      <CFMAX>1.8525443839342604</CFMAX>
      <SP>0</SP>
      <SFCF>1.0715881094745468</SFCF>
      <CFR>0.046596079899174</CFR>
      <CWH>0.19993299613786761</CWH>
      <CFGlacier>1</CFGlacier>
      <CFSlope>1</CFSlope>
      <FC>1585.7234595773814</FC>
      <LP>0.72121326098007532</LP>
      <BETA>1.2931783683226961</BETA>
    </VegetationZoneParameters>
  </VegetationZone>
  <SubCatchment>
    <SubCatchmentParameters>
      <KSI>0.001</KSI>
      <KGmin>0.05</KGmin>
      <RangeKG>0.1</RangeKG>
      <AG>0.1</AG>
      <PERC>1.3644443894529581</PERC>
      <Alpha>0</Alpha>
      <UZL>54.847200614395334</UZL>
      <K0>0.25896745512713543</K0>
      <K1>0.18281725906340188</K1>
      <K2>0.028183557085036542</K2>
      <MAXBAS>1</MAXBAS>
      <Cet>0.18261682221075251</Cet>
      <PCALT>2.7120941033213519</PCALT>
      <TCALT>0.15668679033840843</TCALT>
      <Pelev>482</Pelev>
      <Telev>482</Telev>
      <PART>0.5</PART>
      <DELAY>1</DELAY>
    </SubCatchmentParameters>
    <SubCatchmentVegetationZone>
      <SubCatchmentVegetationZoneParameters>
        <TT>-1.1475296279960574</TT>
        <CFMAX>1.8525443839342604</CFMAX>
        <SP>0</SP>
        <SFCF>1.0715881094745468</SFCF>
        <CFR>0.046596079899174</CFR>
        <CWH>0.19993299613786761</CWH>
        <CFGlacier>1</CFGlacier>
        <CFSlope>1</CFSlope>
        <FC>1585.7234595773814</FC>
        <LP>0.72121326098007532</LP>
        <BETA>1.2931783683226961</BETA>
      </SubCatchmentVegetationZoneParameters>
    </SubCatchmentVegetationZone>
  </SubCatchment>
</Catchment>