<?xml version="1.0" encoding="utf-8"?>
<Catchment xmlns:xsi="http://www.w3.org/2001/XMLSchema-instance" xmlns:xsd="http://www.w3.org/2001/XMLSchema">
  <CatchmentParameters>
    <KSI>0.001</KSI>
    <KGmin>0.05</KGmin>
    <RangeKG>0.1</RangeKG>
    <AG>0.1</AG>
    <PERC>1.2804663300997274</PERC>
    <Alpha>0</Alpha>
    <UZL>48.627890840047669</UZL>
    <K0>0.22561789373171196</K0>
    <K1>0.1840979949268271</K1>
    <K2>0.027975111023885477</K2>
    <MAXBAS>1</MAXBAS>
    <Cet>0.14325745774548279</Cet>
    <PCALT>3.6251228182558344</PCALT>
    <TCALT>0.26809019129781647</TCALT>
    <Pelev>482</Pelev>
    <Telev>482</Telev>
    <PART>0.5</PART>
    <DELAY>1</DELAY>
  </CatchmentParameters>
  <VegetationZone>
    <VegetationZoneParameters>
      <TT>-1.7544910546322485</TT>
      <CFMAX>2.0465589361273913</CFMAX>
      <SP>0</SP>
      <SFCF>1.2550297705682567</SFCF>
      <CFR>0.04775713806809502</CFR>
      <CWH>0.19997501775546847</CWH>
      <CFGlacier>1</CFGlacier>
      <CFSlope>1</CFSlope>
      <FC>2001.5317896709282</FC>
      <LP>0.7646357826591893</LP>
      <BETA>1.4981098930929495</BETA>
    </VegetationZoneParameters>
  </VegetationZone>
  <SubCatchment>
    <SubCatchmentParameters>
      <KSI>0.001</KSI>
      <KGmin>0.05</KGmin>
      <RangeKG>0.1</RangeKG>
      <AG>0.1</AG>
      <PERC>1.2804663300997274</PERC>
      <Alpha>0</Alpha>
      <UZL>48.627890840047669</UZL>
      <K0>0.22561789373171196</K0>
      <K1>0.1840979949268271</K1>
      <K2>0.027975111023885477</K2>
      <MAXBAS>1</MAXBAS>
      <Cet>0.14325745774548279</Cet>
      <PCALT>3.6251228182558344</PCALT>
      <TCALT>0.26809019129781647</TCALT>
      <Pelev>482</Pelev>
      <Telev>482</Telev>
      <PART>0.5</PART>
      <DELAY>1</DELAY>
    </SubCatchmentParameters>
    <SubCatchmentVegetationZone>
      <SubCatchmentVegetationZoneParameters>
        <TT>-1.7544910546322485</TT>
        <CFMAX>2.0465589361273913</CFMAX>
        <SP>0</SP>
        <SFCF>1.2550297705682567</SFCF>
        <CFR>0.04775713806809502</CFR>
        <CWH>0.19997501775546847</CWH>
        <CFGlacier>1</CFGlacier>
        <CFSlope>1</CFSlope>
        <FC>2001.5317896709282</FC>
        <LP>0.7646357826591893</LP>
        <BETA>1.4981098930929495</BETA>
      </SubCatchmentVegetationZoneParameters>
    </SubCatchmentVegetationZone>
  </SubCatchment>
</Catchment>