<?xml version="1.0" encoding="utf-8"?>
<Catchment xmlns:xsi="http://www.w3.org/2001/XMLSchema-instance" xmlns:xsd="http://www.w3.org/2001/XMLSchema">
  <CatchmentParameters>
    <KSI>0.001</KSI>
    <KGmin>0.05</KGmin>
    <RangeKG>0.1</RangeKG>
    <AG>0.1</AG>
    <PERC>1.2761308734066315</PERC>
    <Alpha>0</Alpha>
    <UZL>59.850837478268119</UZL>
    <K0>0.27379883949354911</K0>
    <K1>0.178048900667417</K1>
    <K2>0.026874829570931846</K2>
    <MAXBAS>1</MAXBAS>
    <Cet>0.053624829437432291</Cet>
    <PCALT>0.93316530139379483</PCALT>
    <TCALT>0.267890609583669</TCALT>
    <Pelev>482</Pelev>
    <Telev>482</Telev>
    <PART>0.5</PART>
    <DELAY>1</DELAY>
  </CatchmentParameters>
  <VegetationZone>
    <VegetationZoneParameters>
      <TT>-1.7777122849233566</TT>
      <CFMAX>1.2507261026179704</CFMAX>
      <SP>0</SP>
      <SFCF>1.0811150938049867</SFCF>
      <CFR>0.04536379067499656</CFR>
      <CWH>0.1999848207174221</CWH>
      <CFGlacier>1</CFGlacier>
      <CFSlope>1</CFSlope>
      <FC>1357.7935831715447</FC>
      <LP>0.93049529502630968</LP>
      <BETA>1.9304412628032353</BETA>
    </VegetationZoneParameters>
  </VegetationZone>
  <SubCatchment>
    <SubCatchmentParameters>
      <KSI>0.001</KSI>
      <KGmin>0.05</KGmin>
      <RangeKG>0.1</RangeKG>
      <AG>0.1</AG>
      <PERC>1.2761308734066315</PERC>
      <Alpha>0</Alpha>
      <UZL>59.850837478268119</UZL>
      <K0>0.27379883949354911</K0>
      <K1>0.178048900667417</K1>
      <K2>0.026874829570931846</K2>
      <MAXBAS>1</MAXBAS>
      <Cet>0.053624829437432291</Cet>
      <PCALT>0.93316530139379483</PCALT>
      <TCALT>0.267890609583669</TCALT>
      <Pelev>482</Pelev>
      <Telev>482</Telev>
      <PART>0.5</PART>
      <DELAY>1</DELAY>
    </SubCatchmentParameters>
    <SubCatchmentVegetationZone>
      <SubCatchmentVegetationZoneParameters>
        <TT>-1.7777122849233566</TT>
        <CFMAX>1.2507261026179704</CFMAX>
        <SP>0</SP>
        <SFCF>1.0811150938049867</SFCF>
        <CFR>0.04536379067499656</CFR>
        <CWH>0.1999848207174221</CWH>
        <CFGlacier>1</CFGlacier>
        <CFSlope>1</CFSlope>
        <FC>1357.7935831715447</FC>
        <LP>0.93049529502630968</LP>
        <BETA>1.9304412628032353</BETA>
      </SubCatchmentVegetationZoneParameters>
    </SubCatchmentVegetationZone>
  </SubCatchment>
</Catchment>