<?xml version="1.0" encoding="utf-8"?>
<Catchment xmlns:xsi="http://www.w3.org/2001/XMLSchema-instance" xmlns:xsd="http://www.w3.org/2001/XMLSchema">
  <CatchmentParameters>
    <KSI>0.001</KSI>
    <KGmin>0.05</KGmin>
    <RangeKG>0.1</RangeKG>
    <AG>0.1</AG>
    <PERC>1.5332515896553247</PERC>
    <Alpha>0</Alpha>
    <UZL>176.59070171955383</UZL>
    <K0>0.47851584905049593</K0>
    <K1>0.24030575960862485</K1>
    <K2>0.028717835303416896</K2>
    <MAXBAS>1</MAXBAS>
    <Cet>0.16683239744326819</Cet>
    <PCALT>4.0715212146517192</PCALT>
    <TCALT>0.12951570666653914</TCALT>
    <Pelev>482</Pelev>
    <Telev>482</Telev>
    <PART>0.5</PART>
    <DELAY>1</DELAY>
  </CatchmentParameters>
  <VegetationZone>
    <VegetationZoneParameters>
      <TT>-1.0425320148509472</TT>
      <CFMAX>1.6466257651842378</CFMAX>
      <SP>0</SP>
      <SFCF>0.82971990973449472</SFCF>
      <CFR>0.033783915346873077</CFR>
      <CWH>0.19998268920327977</CWH>
      <CFGlacier>1</CFGlacier>
      <CFSlope>1</CFSlope>
      <FC>1755.7879444769906</FC>
      <LP>0.6575584323743715</LP>
      <BETA>1.3259400191963804</BETA>
    </VegetationZoneParameters>
  </VegetationZone>
  <SubCatchment>
    <SubCatchmentParameters>
      <KSI>0.001</KSI>
      <KGmin>0.05</KGmin>
      <RangeKG>0.1</RangeKG>
      <AG>0.1</AG>
      <PERC>1.5332515896553247</PERC>
      <Alpha>0</Alpha>
      <UZL>176.59070171955383</UZL>
      <K0>0.47851584905049593</K0>
      <K1>0.24030575960862485</K1>
      <K2>0.028717835303416896</K2>
      <MAXBAS>1</MAXBAS>
      <Cet>0.16683239744326819</Cet>
      <PCALT>4.0715212146517192</PCALT>
      <TCALT>0.12951570666653914</TCALT>
      <Pelev>482</Pelev>
      <Telev>482</Telev>
      <PART>0.5</PART>
      <DELAY>1</DELAY>
    </SubCatchmentParameters>
    <SubCatchmentVegetationZone>
      <SubCatchmentVegetationZoneParameters>
        <TT>-1.0425320148509472</TT>
        <CFMAX>1.6466257651842378</CFMAX>
        <SP>0</SP>
        <SFCF>0.82971990973449472</SFCF>
        <CFR>0.033783915346873077</CFR>
        <CWH>0.19998268920327977</CWH>
        <CFGlacier>1</CFGlacier>
        <CFSlope>1</CFSlope>
        <FC>1755.7879444769906</FC>
        <LP>0.6575584323743715</LP>
        <BETA>1.3259400191963804</BETA>
      </SubCatchmentVegetationZoneParameters>
    </SubCatchmentVegetationZone>
  </SubCatchment>
</Catchment>