<?xml version="1.0" encoding="utf-8"?>
<Catchment xmlns:xsi="http://www.w3.org/2001/XMLSchema-instance" xmlns:xsd="http://www.w3.org/2001/XMLSchema">
  <CatchmentParameters>
    <KSI>0.001</KSI>
    <KGmin>0.05</KGmin>
    <RangeKG>0.1</RangeKG>
    <AG>0.1</AG>
    <PERC>1.6635236721343021</PERC>
    <Alpha>0</Alpha>
    <UZL>149.32451563431661</UZL>
    <K0>0.77726699618487094</K0>
    <K1>0.2441513887036873</K1>
    <K2>0.029860141509541183</K2>
    <MAXBAS>1</MAXBAS>
    <Cet>0.13994249528098177</Cet>
    <PCALT>3.6193859059794216</PCALT>
    <TCALT>0.27965169142164437</TCALT>
    <Pelev>482</Pelev>
    <Telev>482</Telev>
    <PART>0.5</PART>
    <DELAY>1</DELAY>
  </CatchmentParameters>
  <VegetationZone>
    <VegetationZoneParameters>
      <TT>-1.8745130322047554</TT>
      <CFMAX>1.4822990878752576</CFMAX>
      <SP>0</SP>
      <SFCF>1.1550046197783739</SFCF>
      <CFR>0.097812264181048075</CFR>
      <CWH>0.19999999256546963</CWH>
      <CFGlacier>1</CFGlacier>
      <CFSlope>1</CFSlope>
      <FC>2091.2434584357725</FC>
      <LP>0.8849377493563152</LP>
      <BETA>2.0207960608043662</BETA>
    </VegetationZoneParameters>
  </VegetationZone>
  <SubCatchment>
    <SubCatchmentParameters>
      <KSI>0.001</KSI>
      <KGmin>0.05</KGmin>
      <RangeKG>0.1</RangeKG>
      <AG>0.1</AG>
      <PERC>1.6635236721343021</PERC>
      <Alpha>0</Alpha>
      <UZL>149.32451563431661</UZL>
      <K0>0.77726699618487094</K0>
      <K1>0.2441513887036873</K1>
      <K2>0.029860141509541183</K2>
      <MAXBAS>1</MAXBAS>
      <Cet>0.13994249528098177</Cet>
      <PCALT>3.6193859059794216</PCALT>
      <TCALT>0.27965169142164437</TCALT>
      <Pelev>482</Pelev>
      <Telev>482</Telev>
      <PART>0.5</PART>
      <DELAY>1</DELAY>
    </SubCatchmentParameters>
    <SubCatchmentVegetationZone>
      <SubCatchmentVegetationZoneParameters>
        <TT>-1.8745130322047554</TT>
        <CFMAX>1.4822990878752576</CFMAX>
        <SP>0</SP>
        <SFCF>1.1550046197783739</SFCF>
        <CFR>0.097812264181048075</CFR>
        <CWH>0.19999999256546963</CWH>
        <CFGlacier>1</CFGlacier>
        <CFSlope>1</CFSlope>
        <FC>2091.2434584357725</FC>
        <LP>0.8849377493563152</LP>
        <BETA>2.0207960608043662</BETA>
      </SubCatchmentVegetationZoneParameters>
    </SubCatchmentVegetationZone>
  </SubCatchment>
</Catchment>