<?xml version="1.0" encoding="utf-8"?>
<Catchment xmlns:xsi="http://www.w3.org/2001/XMLSchema-instance" xmlns:xsd="http://www.w3.org/2001/XMLSchema">
  <CatchmentParameters>
    <KSI>0.001</KSI>
    <KGmin>0.05</KGmin>
    <RangeKG>0.1</RangeKG>
    <AG>0.1</AG>
    <PERC>1.3590161422828604</PERC>
    <Alpha>0</Alpha>
    <UZL>53.832803920934232</UZL>
    <K0>0.2403205459838737</K0>
    <K1>0.19251130273696232</K1>
    <K2>0.027903484194380185</K2>
    <MAXBAS>1</MAXBAS>
    <Cet>0.058526028918761262</Cet>
    <PCALT>2.5495779765291608</PCALT>
    <TCALT>0.26776188247105737</TCALT>
    <Pelev>482</Pelev>
    <Telev>482</Telev>
    <PART>0.5</PART>
    <DELAY>1</DELAY>
  </CatchmentParameters>
  <VegetationZone>
    <VegetationZoneParameters>
      <TT>-1.7483317771989997</TT>
      <CFMAX>1.4862882268899502</CFMAX>
      <SP>0</SP>
      <SFCF>1.0564860827870846</SFCF>
      <CFR>0.043578598330688847</CFR>
      <CWH>0.19999683373698562</CWH>
      <CFGlacier>1</CFGlacier>
      <CFSlope>1</CFSlope>
      <FC>1573.4378684060441</FC>
      <LP>0.75736262351322992</LP>
      <BETA>1.5731556954554584</BETA>
    </VegetationZoneParameters>
  </VegetationZone>
  <SubCatchment>
    <SubCatchmentParameters>
      <KSI>0.001</KSI>
      <KGmin>0.05</KGmin>
      <RangeKG>0.1</RangeKG>
      <AG>0.1</AG>
      <PERC>1.3590161422828604</PERC>
      <Alpha>0</Alpha>
      <UZL>53.832803920934232</UZL>
      <K0>0.2403205459838737</K0>
      <K1>0.19251130273696232</K1>
      <K2>0.027903484194380185</K2>
      <MAXBAS>1</MAXBAS>
      <Cet>0.058526028918761262</Cet>
      <PCALT>2.5495779765291608</PCALT>
      <TCALT>0.26776188247105737</TCALT>
      <Pelev>482</Pelev>
      <Telev>482</Telev>
      <PART>0.5</PART>
      <DELAY>1</DELAY>
    </SubCatchmentParameters>
    <SubCatchmentVegetationZone>
      <SubCatchmentVegetationZoneParameters>
        <TT>-1.7483317771989997</TT>
        <CFMAX>1.4862882268899502</CFMAX>
        <SP>0</SP>
        <SFCF>1.0564860827870846</SFCF>
        <CFR>0.043578598330688847</CFR>
        <CWH>0.19999683373698562</CWH>
        <CFGlacier>1</CFGlacier>
        <CFSlope>1</CFSlope>
        <FC>1573.4378684060441</FC>
        <LP>0.75736262351322992</LP>
        <BETA>1.5731556954554584</BETA>
      </SubCatchmentVegetationZoneParameters>
    </SubCatchmentVegetationZone>
  </SubCatchment>
</Catchment>