<?xml version="1.0" encoding="utf-8"?>
<Catchment xmlns:xsi="http://www.w3.org/2001/XMLSchema-instance" xmlns:xsd="http://www.w3.org/2001/XMLSchema">
  <CatchmentParameters>
    <KSI>0.001</KSI>
    <KGmin>0.05</KGmin>
    <RangeKG>0.1</RangeKG>
    <AG>0.1</AG>
    <PERC>1.3852312499443713</PERC>
    <Alpha>0</Alpha>
    <UZL>55.875747255530669</UZL>
    <K0>0.27340859478920565</K0>
    <K1>0.17932528975852644</K1>
    <K2>0.028384737516296398</K2>
    <MAXBAS>1</MAXBAS>
    <Cet>0.15307995918398923</Cet>
    <PCALT>2.1032898463393481</PCALT>
    <TCALT>0.16487516045856149</TCALT>
    <Pelev>482</Pelev>
    <Telev>482</Telev>
    <PART>0.5</PART>
    <DELAY>1</DELAY>
  </CatchmentParameters>
  <VegetationZone>
    <VegetationZoneParameters>
      <TT>-1.4969550386456336</TT>
      <CFMAX>1.2377924364978563</CFMAX>
      <SP>0</SP>
      <SFCF>1.0985791676333225</SFCF>
      <CFR>0.055350202877520259</CFR>
      <CWH>0.19999999227413415</CWH>
      <CFGlacier>1</CFGlacier>
      <CFSlope>1</CFSlope>
      <FC>1520.7112002861525</FC>
      <LP>0.78908363221965572</LP>
      <BETA>1.3847271004592774</BETA>
    </VegetationZoneParameters>
  </VegetationZone>
  <SubCatchment>
    <SubCatchmentParameters>
      <KSI>0.001</KSI>
      <KGmin>0.05</KGmin>
      <RangeKG>0.1</RangeKG>
      <AG>0.1</AG>
      <PERC>1.3852312499443713</PERC>
      <Alpha>0</Alpha>
      <UZL>55.875747255530669</UZL>
      <K0>0.27340859478920565</K0>
      <K1>0.17932528975852644</K1>
      <K2>0.028384737516296398</K2>
      <MAXBAS>1</MAXBAS>
      <Cet>0.15307995918398923</Cet>
      <PCALT>2.1032898463393481</PCALT>
      <TCALT>0.16487516045856149</TCALT>
      <Pelev>482</Pelev>
      <Telev>482</Telev>
      <PART>0.5</PART>
      <DELAY>1</DELAY>
    </SubCatchmentParameters>
    <SubCatchmentVegetationZone>
      <SubCatchmentVegetationZoneParameters>
        <TT>-1.4969550386456336</TT>
        <CFMAX>1.2377924364978563</CFMAX>
        <SP>0</SP>
        <SFCF>1.0985791676333225</SFCF>
        <CFR>0.055350202877520259</CFR>
        <CWH>0.19999999227413415</CWH>
        <CFGlacier>1</CFGlacier>
        <CFSlope>1</CFSlope>
        <FC>1520.7112002861525</FC>
        <LP>0.78908363221965572</LP>
        <BETA>1.3847271004592774</BETA>
      </SubCatchmentVegetationZoneParameters>
    </SubCatchmentVegetationZone>
  </SubCatchment>
</Catchment>