<?xml version="1.0" encoding="utf-8"?>
<Catchment xmlns:xsi="http://www.w3.org/2001/XMLSchema-instance" xmlns:xsd="http://www.w3.org/2001/XMLSchema">
  <CatchmentParameters>
    <KSI>0.001</KSI>
    <KGmin>0.05</KGmin>
    <RangeKG>0.1</RangeKG>
    <AG>0.1</AG>
    <PERC>1.4134749562195557</PERC>
    <Alpha>0</Alpha>
    <UZL>55.327383595513574</UZL>
    <K0>0.25300902136125986</K0>
    <K1>0.18684806050432334</K1>
    <K2>0.028160547952070066</K2>
    <MAXBAS>1</MAXBAS>
    <Cet>0.26481738487663731</Cet>
    <PCALT>3.076857175367878</PCALT>
    <TCALT>0.2704808934066571</TCALT>
    <Pelev>482</Pelev>
    <Telev>482</Telev>
    <PART>0.5</PART>
    <DELAY>1</DELAY>
  </CatchmentParameters>
  <VegetationZone>
    <VegetationZoneParameters>
      <TT>-1.2425671522973794</TT>
      <CFMAX>4.4323197419956433</CFMAX>
      <SP>0</SP>
      <SFCF>0.649420103626726</SFCF>
      <CFR>0.099999362007941822</CFR>
      <CWH>0.19997124240580388</CWH>
      <CFGlacier>1</CFGlacier>
      <CFSlope>1</CFSlope>
      <FC>1472.7613350046931</FC>
      <LP>0.73752355796276636</LP>
      <BETA>1.3578740714819337</BETA>
    </VegetationZoneParameters>
  </VegetationZone>
  <SubCatchment>
    <SubCatchmentParameters>
      <KSI>0.001</KSI>
      <KGmin>0.05</KGmin>
      <RangeKG>0.1</RangeKG>
      <AG>0.1</AG>
      <PERC>1.4134749562195557</PERC>
      <Alpha>0</Alpha>
      <UZL>55.327383595513574</UZL>
      <K0>0.25300902136125986</K0>
      <K1>0.18684806050432334</K1>
      <K2>0.028160547952070066</K2>
      <MAXBAS>1</MAXBAS>
      <Cet>0.26481738487663731</Cet>
      <PCALT>3.076857175367878</PCALT>
      <TCALT>0.2704808934066571</TCALT>
      <Pelev>482</Pelev>
      <Telev>482</Telev>
      <PART>0.5</PART>
      <DELAY>1</DELAY>
    </SubCatchmentParameters>
    <SubCatchmentVegetationZone>
      <SubCatchmentVegetationZoneParameters>
        <TT>-1.2425671522973794</TT>
        <CFMAX>4.4323197419956433</CFMAX>
        <SP>0</SP>
        <SFCF>0.649420103626726</SFCF>
        <CFR>0.099999362007941822</CFR>
        <CWH>0.19997124240580388</CWH>
        <CFGlacier>1</CFGlacier>
        <CFSlope>1</CFSlope>
        <FC>1472.7613350046931</FC>
        <LP>0.73752355796276636</LP>
        <BETA>1.3578740714819337</BETA>
      </SubCatchmentVegetationZoneParameters>
    </SubCatchmentVegetationZone>
  </SubCatchment>
</Catchment>