<?xml version="1.0" encoding="utf-8"?>
<Catchment xmlns:xsi="http://www.w3.org/2001/XMLSchema-instance" xmlns:xsd="http://www.w3.org/2001/XMLSchema">
  <CatchmentParameters>
    <KSI>0.001</KSI>
    <KGmin>0.05</KGmin>
    <RangeKG>0.1</RangeKG>
    <AG>0.1</AG>
    <PERC>1.2695353467341273</PERC>
    <Alpha>0</Alpha>
    <UZL>47.992312481045232</UZL>
    <K0>0.22081661204061873</K0>
    <K1>0.17797398809048759</K1>
    <K2>0.0269145386238645</K2>
    <MAXBAS>1</MAXBAS>
    <Cet>0.11904609805251666</Cet>
    <PCALT>0.8328786393318337</PCALT>
    <TCALT>0.16675181882618342</TCALT>
    <Pelev>482</Pelev>
    <Telev>482</Telev>
    <PART>0.5</PART>
    <DELAY>1</DELAY>
  </CatchmentParameters>
  <VegetationZone>
    <VegetationZoneParameters>
      <TT>-1.4352612923656578</TT>
      <CFMAX>1.016124960341785</CFMAX>
      <SP>0</SP>
      <SFCF>0.80360700817960162</SFCF>
      <CFR>0.058704424510305921</CFR>
      <CWH>0.19999753500514159</CWH>
      <CFGlacier>1</CFGlacier>
      <CFSlope>1</CFSlope>
      <FC>1247.2992827689495</FC>
      <LP>0.78395551848809863</LP>
      <BETA>1.2378482912374469</BETA>
    </VegetationZoneParameters>
  </VegetationZone>
  <SubCatchment>
    <SubCatchmentParameters>
      <KSI>0.001</KSI>
      <KGmin>0.05</KGmin>
      <RangeKG>0.1</RangeKG>
      <AG>0.1</AG>
      <PERC>1.2695353467341273</PERC>
      <Alpha>0</Alpha>
      <UZL>47.992312481045232</UZL>
      <K0>0.22081661204061873</K0>
      <K1>0.17797398809048759</K1>
      <K2>0.0269145386238645</K2>
      <MAXBAS>1</MAXBAS>
      <Cet>0.11904609805251666</Cet>
      <PCALT>0.8328786393318337</PCALT>
      <TCALT>0.16675181882618342</TCALT>
      <Pelev>482</Pelev>
      <Telev>482</Telev>
      <PART>0.5</PART>
      <DELAY>1</DELAY>
    </SubCatchmentParameters>
    <SubCatchmentVegetationZone>
      <SubCatchmentVegetationZoneParameters>
        <TT>-1.4352612923656578</TT>
        <CFMAX>1.016124960341785</CFMAX>
        <SP>0</SP>
        <SFCF>0.80360700817960162</SFCF>
        <CFR>0.058704424510305921</CFR>
        <CWH>0.19999753500514159</CWH>
        <CFGlacier>1</CFGlacier>
        <CFSlope>1</CFSlope>
        <FC>1247.2992827689495</FC>
        <LP>0.78395551848809863</LP>
        <BETA>1.2378482912374469</BETA>
      </SubCatchmentVegetationZoneParameters>
    </SubCatchmentVegetationZone>
  </SubCatchment>
</Catchment>