<?xml version="1.0" encoding="utf-8"?>
<Catchment xmlns:xsi="http://www.w3.org/2001/XMLSchema-instance" xmlns:xsd="http://www.w3.org/2001/XMLSchema">
  <CatchmentParameters>
    <KSI>0.001</KSI>
    <KGmin>0.05</KGmin>
    <RangeKG>0.1</RangeKG>
    <AG>0.1</AG>
    <PERC>1.1074523266831911</PERC>
    <Alpha>0</Alpha>
    <UZL>58.397802206801863</UZL>
    <K0>0.26816252251459433</K0>
    <K1>0.17943481499256858</K1>
    <K2>0.026104586129261125</K2>
    <MAXBAS>1</MAXBAS>
    <Cet>0.17580828611766736</Cet>
    <PCALT>3.7870064938971546</PCALT>
    <TCALT>0.21647610821995142</TCALT>
    <Pelev>482</Pelev>
    <Telev>482</Telev>
    <PART>0.5</PART>
    <DELAY>1</DELAY>
  </CatchmentParameters>
  <VegetationZone>
    <VegetationZoneParameters>
      <TT>-1.4710382474981643</TT>
      <CFMAX>0.99784192699271046</CFMAX>
      <SP>0</SP>
      <SFCF>0.68377517468864479</SFCF>
      <CFR>0.034260924670263405</CFR>
      <CWH>0.19996319465775936</CWH>
      <CFGlacier>1</CFGlacier>
      <CFSlope>1</CFSlope>
      <FC>1846.0865764549371</FC>
      <LP>0.811514502292483</LP>
      <BETA>1.6637765957771438</BETA>
    </VegetationZoneParameters>
  </VegetationZone>
  <SubCatchment>
    <SubCatchmentParameters>
      <KSI>0.001</KSI>
      <KGmin>0.05</KGmin>
      <RangeKG>0.1</RangeKG>
      <AG>0.1</AG>
      <PERC>1.1074523266831911</PERC>
      <Alpha>0</Alpha>
      <UZL>58.397802206801863</UZL>
      <K0>0.26816252251459433</K0>
      <K1>0.17943481499256858</K1>
      <K2>0.026104586129261125</K2>
      <MAXBAS>1</MAXBAS>
      <Cet>0.17580828611766736</Cet>
      <PCALT>3.7870064938971546</PCALT>
      <TCALT>0.21647610821995142</TCALT>
      <Pelev>482</Pelev>
      <Telev>482</Telev>
      <PART>0.5</PART>
      <DELAY>1</DELAY>
    </SubCatchmentParameters>
    <SubCatchmentVegetationZone>
      <SubCatchmentVegetationZoneParameters>
        <TT>-1.4710382474981643</TT>
        <CFMAX>0.99784192699271046</CFMAX>
        <SP>0</SP>
        <SFCF>0.68377517468864479</SFCF>
        <CFR>0.034260924670263405</CFR>
        <CWH>0.19996319465775936</CWH>
        <CFGlacier>1</CFGlacier>
        <CFSlope>1</CFSlope>
        <FC>1846.0865764549371</FC>
        <LP>0.811514502292483</LP>
        <BETA>1.6637765957771438</BETA>
      </SubCatchmentVegetationZoneParameters>
    </SubCatchmentVegetationZone>
  </SubCatchment>
</Catchment>