<?xml version="1.0" encoding="utf-8"?>
<Catchment xmlns:xsi="http://www.w3.org/2001/XMLSchema-instance" xmlns:xsd="http://www.w3.org/2001/XMLSchema">
  <CatchmentParameters>
    <KSI>0.001</KSI>
    <KGmin>0.05</KGmin>
    <RangeKG>0.1</RangeKG>
    <AG>0.1</AG>
    <PERC>1.3754912190411939</PERC>
    <Alpha>0</Alpha>
    <UZL>46.560265142837608</UZL>
    <K0>0.21337252366560078</K0>
    <K1>0.17958244122443459</K1>
    <K2>0.029090660204695636</K2>
    <MAXBAS>1</MAXBAS>
    <Cet>0.15599781239775626</Cet>
    <PCALT>3.0101391346989326</PCALT>
    <TCALT>0.20587257584821833</TCALT>
    <Pelev>482</Pelev>
    <Telev>482</Telev>
    <PART>0.5</PART>
    <DELAY>1</DELAY>
  </CatchmentParameters>
  <VegetationZone>
    <VegetationZoneParameters>
      <TT>-1.4135917417409778</TT>
      <CFMAX>1.4590551877466214</CFMAX>
      <SP>0</SP>
      <SFCF>1.0583824989855382</SFCF>
      <CFR>0.090446989157873026</CFR>
      <CWH>0.19998721529720431</CWH>
      <CFGlacier>1</CFGlacier>
      <CFSlope>1</CFSlope>
      <FC>2026.3049913356424</FC>
      <LP>0.86777770650770425</LP>
      <BETA>1.6565674921160924</BETA>
    </VegetationZoneParameters>
  </VegetationZone>
  <SubCatchment>
    <SubCatchmentParameters>
      <KSI>0.001</KSI>
      <KGmin>0.05</KGmin>
      <RangeKG>0.1</RangeKG>
      <AG>0.1</AG>
      <PERC>1.3754912190411939</PERC>
      <Alpha>0</Alpha>
      <UZL>46.560265142837608</UZL>
      <K0>0.21337252366560078</K0>
      <K1>0.17958244122443459</K1>
      <K2>0.029090660204695636</K2>
      <MAXBAS>1</MAXBAS>
      <Cet>0.15599781239775626</Cet>
      <PCALT>3.0101391346989326</PCALT>
      <TCALT>0.20587257584821833</TCALT>
      <Pelev>482</Pelev>
      <Telev>482</Telev>
      <PART>0.5</PART>
      <DELAY>1</DELAY>
    </SubCatchmentParameters>
    <SubCatchmentVegetationZone>
      <SubCatchmentVegetationZoneParameters>
        <TT>-1.4135917417409778</TT>
        <CFMAX>1.4590551877466214</CFMAX>
        <SP>0</SP>
        <SFCF>1.0583824989855382</SFCF>
        <CFR>0.090446989157873026</CFR>
        <CWH>0.19998721529720431</CWH>
        <CFGlacier>1</CFGlacier>
        <CFSlope>1</CFSlope>
        <FC>2026.3049913356424</FC>
        <LP>0.86777770650770425</LP>
        <BETA>1.6565674921160924</BETA>
      </SubCatchmentVegetationZoneParameters>
    </SubCatchmentVegetationZone>
  </SubCatchment>
</Catchment>