<?xml version="1.0" encoding="utf-8"?>
<Catchment xmlns:xsi="http://www.w3.org/2001/XMLSchema-instance" xmlns:xsd="http://www.w3.org/2001/XMLSchema">
  <CatchmentParameters>
    <KSI>0.001</KSI>
    <KGmin>0.05</KGmin>
    <RangeKG>0.1</RangeKG>
    <AG>0.1</AG>
    <PERC>1.3403533156218417</PERC>
    <Alpha>0</Alpha>
    <UZL>57.329796363029388</UZL>
    <K0>0.26903661440681192</K0>
    <K1>0.17969207505325904</K1>
    <K2>0.028136190879454678</K2>
    <MAXBAS>1</MAXBAS>
    <Cet>0.21995092139559014</Cet>
    <PCALT>3.4696651329609893</PCALT>
    <TCALT>0.25457699548875357</TCALT>
    <Pelev>482</Pelev>
    <Telev>482</Telev>
    <PART>0.5</PART>
    <DELAY>1</DELAY>
  </CatchmentParameters>
  <VegetationZone>
    <VegetationZoneParameters>
      <TT>-1.4770448217112491</TT>
      <CFMAX>2.1101939798305036</CFMAX>
      <SP>0</SP>
      <SFCF>0.82928134387104</SFCF>
      <CFR>0.099965444930641315</CFR>
      <CWH>0.19999900964778719</CWH>
      <CFGlacier>1</CFGlacier>
      <CFSlope>1</CFSlope>
      <FC>1685.4893097862419</FC>
      <LP>0.79121227763830027</LP>
      <BETA>1.5616446361217697</BETA>
    </VegetationZoneParameters>
  </VegetationZone>
  <SubCatchment>
    <SubCatchmentParameters>
      <KSI>0.001</KSI>
      <KGmin>0.05</KGmin>
      <RangeKG>0.1</RangeKG>
      <AG>0.1</AG>
      <PERC>1.3403533156218417</PERC>
      <Alpha>0</Alpha>
      <UZL>57.329796363029388</UZL>
      <K0>0.26903661440681192</K0>
      <K1>0.17969207505325904</K1>
      <K2>0.028136190879454678</K2>
      <MAXBAS>1</MAXBAS>
      <Cet>0.21995092139559014</Cet>
      <PCALT>3.4696651329609893</PCALT>
      <TCALT>0.25457699548875357</TCALT>
      <Pelev>482</Pelev>
      <Telev>482</Telev>
      <PART>0.5</PART>
      <DELAY>1</DELAY>
    </SubCatchmentParameters>
    <SubCatchmentVegetationZone>
      <SubCatchmentVegetationZoneParameters>
        <TT>-1.4770448217112491</TT>
        <CFMAX>2.1101939798305036</CFMAX>
        <SP>0</SP>
        <SFCF>0.82928134387104</SFCF>
        <CFR>0.099965444930641315</CFR>
        <CWH>0.19999900964778719</CWH>
        <CFGlacier>1</CFGlacier>
        <CFSlope>1</CFSlope>
        <FC>1685.4893097862419</FC>
        <LP>0.79121227763830027</LP>
        <BETA>1.5616446361217697</BETA>
      </SubCatchmentVegetationZoneParameters>
    </SubCatchmentVegetationZone>
  </SubCatchment>
</Catchment>