<?xml version="1.0" encoding="utf-8"?>
<Catchment xmlns:xsi="http://www.w3.org/2001/XMLSchema-instance" xmlns:xsd="http://www.w3.org/2001/XMLSchema">
  <CatchmentParameters>
    <KSI>0.001</KSI>
    <KGmin>0.05</KGmin>
    <RangeKG>0.1</RangeKG>
    <AG>0.1</AG>
    <PERC>1.6565904898575194</PERC>
    <Alpha>0</Alpha>
    <UZL>54.313512244252109</UZL>
    <K0>0.2679868989738558</K0>
    <K1>0.1865864775675031</K1>
    <K2>0.029684687334633277</K2>
    <MAXBAS>1</MAXBAS>
    <Cet>0.19384862425561861</Cet>
    <PCALT>0.38077429710449412</PCALT>
    <TCALT>0.24966125176926726</TCALT>
    <Pelev>482</Pelev>
    <Telev>482</Telev>
    <PART>0.5</PART>
    <DELAY>1</DELAY>
  </CatchmentParameters>
  <VegetationZone>
    <VegetationZoneParameters>
      <TT>-1.7716478455323896</TT>
      <CFMAX>1.4063058793316343</CFMAX>
      <SP>0</SP>
      <SFCF>1.3179558890310132</SFCF>
      <CFR>1.4804098893486483E-05</CFR>
      <CWH>0.19999993137199545</CWH>
      <CFGlacier>1</CFGlacier>
      <CFSlope>1</CFSlope>
      <FC>1240.0289811029338</FC>
      <LP>0.87873341068182709</LP>
      <BETA>1.363631497950873</BETA>
    </VegetationZoneParameters>
  </VegetationZone>
  <SubCatchment>
    <SubCatchmentParameters>
      <KSI>0.001</KSI>
      <KGmin>0.05</KGmin>
      <RangeKG>0.1</RangeKG>
      <AG>0.1</AG>
      <PERC>1.6565904898575194</PERC>
      <Alpha>0</Alpha>
      <UZL>54.313512244252109</UZL>
      <K0>0.2679868989738558</K0>
      <K1>0.1865864775675031</K1>
      <K2>0.029684687334633277</K2>
      <MAXBAS>1</MAXBAS>
      <Cet>0.19384862425561861</Cet>
      <PCALT>0.38077429710449412</PCALT>
      <TCALT>0.24966125176926726</TCALT>
      <Pelev>482</Pelev>
      <Telev>482</Telev>
      <PART>0.5</PART>
      <DELAY>1</DELAY>
    </SubCatchmentParameters>
    <SubCatchmentVegetationZone>
      <SubCatchmentVegetationZoneParameters>
        <TT>-1.7716478455323896</TT>
        <CFMAX>1.4063058793316343</CFMAX>
        <SP>0</SP>
        <SFCF>1.3179558890310132</SFCF>
        <CFR>1.4804098893486483E-05</CFR>
        <CWH>0.19999993137199545</CWH>
        <CFGlacier>1</CFGlacier>
        <CFSlope>1</CFSlope>
        <FC>1240.0289811029338</FC>
        <LP>0.87873341068182709</LP>
        <BETA>1.363631497950873</BETA>
      </SubCatchmentVegetationZoneParameters>
    </SubCatchmentVegetationZone>
  </SubCatchment>
</Catchment>