<?xml version="1.0" encoding="utf-8"?>
<Catchment xmlns:xsi="http://www.w3.org/2001/XMLSchema-instance" xmlns:xsd="http://www.w3.org/2001/XMLSchema">
  <CatchmentParameters>
    <KSI>0.001</KSI>
    <KGmin>0.05</KGmin>
    <RangeKG>0.1</RangeKG>
    <AG>0.1</AG>
    <PERC>1.3210552170264811</PERC>
    <Alpha>0</Alpha>
    <UZL>52.281748077154745</UZL>
    <K0>0.2387626030900156</K0>
    <K1>0.18853480994478691</K1>
    <K2>0.028426232091835896</K2>
    <MAXBAS>1</MAXBAS>
    <Cet>0.10645946379168755</Cet>
    <PCALT>3.0654835865196808</PCALT>
    <TCALT>0.23367523759915432</TCALT>
    <Pelev>482</Pelev>
    <Telev>482</Telev>
    <PART>0.5</PART>
    <DELAY>1</DELAY>
  </CatchmentParameters>
  <VegetationZone>
    <VegetationZoneParameters>
      <TT>-1.5654406999331789</TT>
      <CFMAX>1.786870480516157</CFMAX>
      <SP>0</SP>
      <SFCF>1.1157215727866594</SFCF>
      <CFR>0.072558299120778408</CFR>
      <CWH>0.19998751003028131</CWH>
      <CFGlacier>1</CFGlacier>
      <CFSlope>1</CFSlope>
      <FC>2202.935985132654</FC>
      <LP>0.92859112152598511</LP>
      <BETA>2.08310549216946</BETA>
    </VegetationZoneParameters>
  </VegetationZone>
  <SubCatchment>
    <SubCatchmentParameters>
      <KSI>0.001</KSI>
      <KGmin>0.05</KGmin>
      <RangeKG>0.1</RangeKG>
      <AG>0.1</AG>
      <PERC>1.3210552170264811</PERC>
      <Alpha>0</Alpha>
      <UZL>52.281748077154745</UZL>
      <K0>0.2387626030900156</K0>
      <K1>0.18853480994478691</K1>
      <K2>0.028426232091835896</K2>
      <MAXBAS>1</MAXBAS>
      <Cet>0.10645946379168755</Cet>
      <PCALT>3.0654835865196808</PCALT>
      <TCALT>0.23367523759915432</TCALT>
      <Pelev>482</Pelev>
      <Telev>482</Telev>
      <PART>0.5</PART>
      <DELAY>1</DELAY>
    </SubCatchmentParameters>
    <SubCatchmentVegetationZone>
      <SubCatchmentVegetationZoneParameters>
        <TT>-1.5654406999331789</TT>
        <CFMAX>1.786870480516157</CFMAX>
        <SP>0</SP>
        <SFCF>1.1157215727866594</SFCF>
        <CFR>0.072558299120778408</CFR>
        <CWH>0.19998751003028131</CWH>
        <CFGlacier>1</CFGlacier>
        <CFSlope>1</CFSlope>
        <FC>2202.935985132654</FC>
        <LP>0.92859112152598511</LP>
        <BETA>2.08310549216946</BETA>
      </SubCatchmentVegetationZoneParameters>
    </SubCatchmentVegetationZone>
  </SubCatchment>
</Catchment>