<?xml version="1.0" encoding="utf-8"?>
<Catchment xmlns:xsi="http://www.w3.org/2001/XMLSchema-instance" xmlns:xsd="http://www.w3.org/2001/XMLSchema">
  <CatchmentParameters>
    <KSI>0.001</KSI>
    <KGmin>0.05</KGmin>
    <RangeKG>0.1</RangeKG>
    <AG>0.1</AG>
    <PERC>1.4497859264996105</PERC>
    <Alpha>0</Alpha>
    <UZL>146.07282410364573</UZL>
    <K0>0.78704910663715089</K0>
    <K1>0.23706741713973245</K1>
    <K2>0.027240666463487283</K2>
    <MAXBAS>1</MAXBAS>
    <Cet>0.12771550123487183</Cet>
    <PCALT>2.048034351520081</PCALT>
    <TCALT>0.27949164968564122</TCALT>
    <Pelev>482</Pelev>
    <Telev>482</Telev>
    <PART>0.5</PART>
    <DELAY>1</DELAY>
  </CatchmentParameters>
  <VegetationZone>
    <VegetationZoneParameters>
      <TT>-1.8118090142633732</TT>
      <CFMAX>1.2970618676088297</CFMAX>
      <SP>0</SP>
      <SFCF>0.95717188162301148</SFCF>
      <CFR>0.099984517756378621</CFR>
      <CWH>0.19996756836982643</CWH>
      <CFGlacier>1</CFGlacier>
      <CFSlope>1</CFSlope>
      <FC>1391.6063859225758</FC>
      <LP>0.82141478311056293</LP>
      <BETA>1.6512858496754805</BETA>
    </VegetationZoneParameters>
  </VegetationZone>
  <SubCatchment>
    <SubCatchmentParameters>
      <KSI>0.001</KSI>
      <KGmin>0.05</KGmin>
      <RangeKG>0.1</RangeKG>
      <AG>0.1</AG>
      <PERC>1.4497859264996105</PERC>
      <Alpha>0</Alpha>
      <UZL>146.07282410364573</UZL>
      <K0>0.78704910663715089</K0>
      <K1>0.23706741713973245</K1>
      <K2>0.027240666463487283</K2>
      <MAXBAS>1</MAXBAS>
      <Cet>0.12771550123487183</Cet>
      <PCALT>2.048034351520081</PCALT>
      <TCALT>0.27949164968564122</TCALT>
      <Pelev>482</Pelev>
      <Telev>482</Telev>
      <PART>0.5</PART>
      <DELAY>1</DELAY>
    </SubCatchmentParameters>
    <SubCatchmentVegetationZone>
      <SubCatchmentVegetationZoneParameters>
        <TT>-1.8118090142633732</TT>
        <CFMAX>1.2970618676088297</CFMAX>
        <SP>0</SP>
        <SFCF>0.95717188162301148</SFCF>
        <CFR>0.099984517756378621</CFR>
        <CWH>0.19996756836982643</CWH>
        <CFGlacier>1</CFGlacier>
        <CFSlope>1</CFSlope>
        <FC>1391.6063859225758</FC>
        <LP>0.82141478311056293</LP>
        <BETA>1.6512858496754805</BETA>
      </SubCatchmentVegetationZoneParameters>
    </SubCatchmentVegetationZone>
  </SubCatchment>
</Catchment>