<?xml version="1.0" encoding="utf-8"?>
<Catchment xmlns:xsi="http://www.w3.org/2001/XMLSchema-instance" xmlns:xsd="http://www.w3.org/2001/XMLSchema">
  <CatchmentParameters>
    <KSI>0.001</KSI>
    <KGmin>0.05</KGmin>
    <RangeKG>0.1</RangeKG>
    <AG>0.1</AG>
    <PERC>1.3552572637907245</PERC>
    <Alpha>0</Alpha>
    <UZL>180.09563929950994</UZL>
    <K0>0.45402913977642073</K0>
    <K1>0.23016403772306832</K1>
    <K2>0.027739384034181809</K2>
    <MAXBAS>1</MAXBAS>
    <Cet>0.084375590907722731</Cet>
    <PCALT>4.71281209574116</PCALT>
    <TCALT>0.1922011353601667</TCALT>
    <Pelev>482</Pelev>
    <Telev>482</Telev>
    <PART>0.5</PART>
    <DELAY>1</DELAY>
  </CatchmentParameters>
  <VegetationZone>
    <VegetationZoneParameters>
      <TT>-1.3602057029349663</TT>
      <CFMAX>1.2208402593826224</CFMAX>
      <SP>0</SP>
      <SFCF>0.66504104072232784</SFCF>
      <CFR>0.099912031710294946</CFR>
      <CWH>0.19999393970333732</CWH>
      <CFGlacier>1</CFGlacier>
      <CFSlope>1</CFSlope>
      <FC>2225.2251902617013</FC>
      <LP>0.85294765565773878</LP>
      <BETA>2.3755154986712297</BETA>
    </VegetationZoneParameters>
  </VegetationZone>
  <SubCatchment>
    <SubCatchmentParameters>
      <KSI>0.001</KSI>
      <KGmin>0.05</KGmin>
      <RangeKG>0.1</RangeKG>
      <AG>0.1</AG>
      <PERC>1.3552572637907245</PERC>
      <Alpha>0</Alpha>
      <UZL>180.09563929950994</UZL>
      <K0>0.45402913977642073</K0>
      <K1>0.23016403772306832</K1>
      <K2>0.027739384034181809</K2>
      <MAXBAS>1</MAXBAS>
      <Cet>0.084375590907722731</Cet>
      <PCALT>4.71281209574116</PCALT>
      <TCALT>0.1922011353601667</TCALT>
      <Pelev>482</Pelev>
      <Telev>482</Telev>
      <PART>0.5</PART>
      <DELAY>1</DELAY>
    </SubCatchmentParameters>
    <SubCatchmentVegetationZone>
      <SubCatchmentVegetationZoneParameters>
        <TT>-1.3602057029349663</TT>
        <CFMAX>1.2208402593826224</CFMAX>
        <SP>0</SP>
        <SFCF>0.66504104072232784</SFCF>
        <CFR>0.099912031710294946</CFR>
        <CWH>0.19999393970333732</CWH>
        <CFGlacier>1</CFGlacier>
        <CFSlope>1</CFSlope>
        <FC>2225.2251902617013</FC>
        <LP>0.85294765565773878</LP>
        <BETA>2.3755154986712297</BETA>
      </SubCatchmentVegetationZoneParameters>
    </SubCatchmentVegetationZone>
  </SubCatchment>
</Catchment>