<?xml version="1.0" encoding="utf-8"?>
<Catchment xmlns:xsi="http://www.w3.org/2001/XMLSchema-instance" xmlns:xsd="http://www.w3.org/2001/XMLSchema">
  <CatchmentParameters>
    <KSI>0.001</KSI>
    <KGmin>0.05</KGmin>
    <RangeKG>0.1</RangeKG>
    <AG>0.1</AG>
    <PERC>1.475577232748583</PERC>
    <Alpha>0</Alpha>
    <UZL>52.825844758328188</UZL>
    <K0>0.26072582602687172</K0>
    <K1>0.18330193534911493</K1>
    <K2>0.029846813371823357</K2>
    <MAXBAS>1</MAXBAS>
    <Cet>0.11512040698834911</Cet>
    <PCALT>4.4389222167739195</PCALT>
    <TCALT>0.23207003761953041</TCALT>
    <Pelev>482</Pelev>
    <Telev>482</Telev>
    <PART>0.5</PART>
    <DELAY>1</DELAY>
  </CatchmentParameters>
  <VegetationZone>
    <VegetationZoneParameters>
      <TT>-1.5609622039987505</TT>
      <CFMAX>1.3544345825421449</CFMAX>
      <SP>0</SP>
      <SFCF>0.98425406273752247</SFCF>
      <CFR>0.0570949253862412</CFR>
      <CWH>0.19996651628635109</CWH>
      <CFGlacier>1</CFGlacier>
      <CFSlope>1</CFSlope>
      <FC>2143.6440813474542</FC>
      <LP>0.70607660248034543</LP>
      <BETA>1.477534625268295</BETA>
    </VegetationZoneParameters>
  </VegetationZone>
  <SubCatchment>
    <SubCatchmentParameters>
      <KSI>0.001</KSI>
      <KGmin>0.05</KGmin>
      <RangeKG>0.1</RangeKG>
      <AG>0.1</AG>
      <PERC>1.475577232748583</PERC>
      <Alpha>0</Alpha>
      <UZL>52.825844758328188</UZL>
      <K0>0.26072582602687172</K0>
      <K1>0.18330193534911493</K1>
      <K2>0.029846813371823357</K2>
      <MAXBAS>1</MAXBAS>
      <Cet>0.11512040698834911</Cet>
      <PCALT>4.4389222167739195</PCALT>
      <TCALT>0.23207003761953041</TCALT>
      <Pelev>482</Pelev>
      <Telev>482</Telev>
      <PART>0.5</PART>
      <DELAY>1</DELAY>
    </SubCatchmentParameters>
    <SubCatchmentVegetationZone>
      <SubCatchmentVegetationZoneParameters>
        <TT>-1.5609622039987505</TT>
        <CFMAX>1.3544345825421449</CFMAX>
        <SP>0</SP>
        <SFCF>0.98425406273752247</SFCF>
        <CFR>0.0570949253862412</CFR>
        <CWH>0.19996651628635109</CWH>
        <CFGlacier>1</CFGlacier>
        <CFSlope>1</CFSlope>
        <FC>2143.6440813474542</FC>
        <LP>0.70607660248034543</LP>
        <BETA>1.477534625268295</BETA>
      </SubCatchmentVegetationZoneParameters>
    </SubCatchmentVegetationZone>
  </SubCatchment>
</Catchment>