<?xml version="1.0" encoding="utf-8"?>
<Catchment xmlns:xsi="http://www.w3.org/2001/XMLSchema-instance" xmlns:xsd="http://www.w3.org/2001/XMLSchema">
  <CatchmentParameters>
    <KSI>0.001</KSI>
    <KGmin>0.05</KGmin>
    <RangeKG>0.1</RangeKG>
    <AG>0.1</AG>
    <PERC>1.5765606614072028</PERC>
    <Alpha>0</Alpha>
    <UZL>147.14312048662819</UZL>
    <K0>0.44570667691518312</K0>
    <K1>0.24446827564282778</K1>
    <K2>0.0287492789020709</K2>
    <MAXBAS>1</MAXBAS>
    <Cet>0.15104620346871686</Cet>
    <PCALT>1.5569624066562424</PCALT>
    <TCALT>0.30327381320705638</TCALT>
    <Pelev>482</Pelev>
    <Telev>482</Telev>
    <PART>0.5</PART>
    <DELAY>1</DELAY>
  </CatchmentParameters>
  <VegetationZone>
    <VegetationZoneParameters>
      <TT>-1.7574646282795163</TT>
      <CFMAX>1.6336007174283971</CFMAX>
      <SP>0</SP>
      <SFCF>1.1574709018515945</SFCF>
      <CFR>0.055002317507345411</CFR>
      <CWH>0.19998154239062238</CWH>
      <CFGlacier>1</CFGlacier>
      <CFSlope>1</CFSlope>
      <FC>1383.1077003940511</FC>
      <LP>0.756642862975941</LP>
      <BETA>1.273367484455137</BETA>
    </VegetationZoneParameters>
  </VegetationZone>
  <SubCatchment>
    <SubCatchmentParameters>
      <KSI>0.001</KSI>
      <KGmin>0.05</KGmin>
      <RangeKG>0.1</RangeKG>
      <AG>0.1</AG>
      <PERC>1.5765606614072028</PERC>
      <Alpha>0</Alpha>
      <UZL>147.14312048662819</UZL>
      <K0>0.44570667691518312</K0>
      <K1>0.24446827564282778</K1>
      <K2>0.0287492789020709</K2>
      <MAXBAS>1</MAXBAS>
      <Cet>0.15104620346871686</Cet>
      <PCALT>1.5569624066562424</PCALT>
      <TCALT>0.30327381320705638</TCALT>
      <Pelev>482</Pelev>
      <Telev>482</Telev>
      <PART>0.5</PART>
      <DELAY>1</DELAY>
    </SubCatchmentParameters>
    <SubCatchmentVegetationZone>
      <SubCatchmentVegetationZoneParameters>
        <TT>-1.7574646282795163</TT>
        <CFMAX>1.6336007174283971</CFMAX>
        <SP>0</SP>
        <SFCF>1.1574709018515945</SFCF>
        <CFR>0.055002317507345411</CFR>
        <CWH>0.19998154239062238</CWH>
        <CFGlacier>1</CFGlacier>
        <CFSlope>1</CFSlope>
        <FC>1383.1077003940511</FC>
        <LP>0.756642862975941</LP>
        <BETA>1.273367484455137</BETA>
      </SubCatchmentVegetationZoneParameters>
    </SubCatchmentVegetationZone>
  </SubCatchment>
</Catchment>