<?xml version="1.0" encoding="utf-8"?>
<Catchment xmlns:xsi="http://www.w3.org/2001/XMLSchema-instance" xmlns:xsd="http://www.w3.org/2001/XMLSchema">
  <CatchmentParameters>
    <KSI>0.001</KSI>
    <KGmin>0.05</KGmin>
    <RangeKG>0.1</RangeKG>
    <AG>0.1</AG>
    <PERC>1.1767453927624807</PERC>
    <Alpha>0</Alpha>
    <UZL>52.327747265846675</UZL>
    <K0>0.230627412282222</K0>
    <K1>0.17999858567675056</K1>
    <K2>0.026498179263635971</K2>
    <MAXBAS>1</MAXBAS>
    <Cet>0.11319017108485445</Cet>
    <PCALT>2.3691110195333924</PCALT>
    <TCALT>0.23537832310741338</TCALT>
    <Pelev>482</Pelev>
    <Telev>482</Telev>
    <PART>0.5</PART>
    <DELAY>1</DELAY>
  </CatchmentParameters>
  <VegetationZone>
    <VegetationZoneParameters>
      <TT>-1.573186604907969</TT>
      <CFMAX>1.7800368608520074</CFMAX>
      <SP>0</SP>
      <SFCF>0.78536166376731886</SFCF>
      <CFR>0.095759614019443787</CFR>
      <CWH>0.19996813477933248</CWH>
      <CFGlacier>1</CFGlacier>
      <CFSlope>1</CFSlope>
      <FC>1540.8695369205493</FC>
      <LP>0.80355065255112634</LP>
      <BETA>1.5010954081549222</BETA>
    </VegetationZoneParameters>
  </VegetationZone>
  <SubCatchment>
    <SubCatchmentParameters>
      <KSI>0.001</KSI>
      <KGmin>0.05</KGmin>
      <RangeKG>0.1</RangeKG>
      <AG>0.1</AG>
      <PERC>1.1767453927624807</PERC>
      <Alpha>0</Alpha>
      <UZL>52.327747265846675</UZL>
      <K0>0.230627412282222</K0>
      <K1>0.17999858567675056</K1>
      <K2>0.026498179263635971</K2>
      <MAXBAS>1</MAXBAS>
      <Cet>0.11319017108485445</Cet>
      <PCALT>2.3691110195333924</PCALT>
      <TCALT>0.23537832310741338</TCALT>
      <Pelev>482</Pelev>
      <Telev>482</Telev>
      <PART>0.5</PART>
      <DELAY>1</DELAY>
    </SubCatchmentParameters>
    <SubCatchmentVegetationZone>
      <SubCatchmentVegetationZoneParameters>
        <TT>-1.573186604907969</TT>
        <CFMAX>1.7800368608520074</CFMAX>
        <SP>0</SP>
        <SFCF>0.78536166376731886</SFCF>
        <CFR>0.095759614019443787</CFR>
        <CWH>0.19996813477933248</CWH>
        <CFGlacier>1</CFGlacier>
        <CFSlope>1</CFSlope>
        <FC>1540.8695369205493</FC>
        <LP>0.80355065255112634</LP>
        <BETA>1.5010954081549222</BETA>
      </SubCatchmentVegetationZoneParameters>
    </SubCatchmentVegetationZone>
  </SubCatchment>
</Catchment>