<?xml version="1.0" encoding="utf-8"?>
<Catchment xmlns:xsi="http://www.w3.org/2001/XMLSchema-instance" xmlns:xsd="http://www.w3.org/2001/XMLSchema">
  <CatchmentParameters>
    <KSI>0.001</KSI>
    <KGmin>0.05</KGmin>
    <RangeKG>0.1</RangeKG>
    <AG>0.1</AG>
    <PERC>1.9297317216760797</PERC>
    <Alpha>0</Alpha>
    <UZL>149.60018633825916</UZL>
    <K0>0.18392042289668606</K0>
    <K1>0.2455330687237296</K1>
    <K2>0.033546528108015852</K2>
    <MAXBAS>1</MAXBAS>
    <Cet>0.10150638618128867</Cet>
    <PCALT>3.32540374673759</PCALT>
    <TCALT>0.21455472833077927</TCALT>
    <Pelev>482</Pelev>
    <Telev>482</Telev>
    <PART>0.5</PART>
    <DELAY>1</DELAY>
  </CatchmentParameters>
  <VegetationZone>
    <VegetationZoneParameters>
      <TT>-1.4605515143111705</TT>
      <CFMAX>1.7312281282499755</CFMAX>
      <SP>0</SP>
      <SFCF>1.2031800340011192</SFCF>
      <CFR>0.0802853962516253</CFR>
      <CWH>0.19998112335843718</CWH>
      <CFGlacier>1</CFGlacier>
      <CFSlope>1</CFSlope>
      <FC>1969.5811570606534</FC>
      <LP>0.81271974264843116</LP>
      <BETA>1.715781733106859</BETA>
    </VegetationZoneParameters>
  </VegetationZone>
  <SubCatchment>
    <SubCatchmentParameters>
      <KSI>0.001</KSI>
      <KGmin>0.05</KGmin>
      <RangeKG>0.1</RangeKG>
      <AG>0.1</AG>
      <PERC>1.9297317216760797</PERC>
      <Alpha>0</Alpha>
      <UZL>149.60018633825916</UZL>
      <K0>0.18392042289668606</K0>
      <K1>0.2455330687237296</K1>
      <K2>0.033546528108015852</K2>
      <MAXBAS>1</MAXBAS>
      <Cet>0.10150638618128867</Cet>
      <PCALT>3.32540374673759</PCALT>
      <TCALT>0.21455472833077927</TCALT>
      <Pelev>482</Pelev>
      <Telev>482</Telev>
      <PART>0.5</PART>
      <DELAY>1</DELAY>
    </SubCatchmentParameters>
    <SubCatchmentVegetationZone>
      <SubCatchmentVegetationZoneParameters>
        <TT>-1.4605515143111705</TT>
        <CFMAX>1.7312281282499755</CFMAX>
        <SP>0</SP>
        <SFCF>1.2031800340011192</SFCF>
        <CFR>0.0802853962516253</CFR>
        <CWH>0.19998112335843718</CWH>
        <CFGlacier>1</CFGlacier>
        <CFSlope>1</CFSlope>
        <FC>1969.5811570606534</FC>
        <LP>0.81271974264843116</LP>
        <BETA>1.715781733106859</BETA>
      </SubCatchmentVegetationZoneParameters>
    </SubCatchmentVegetationZone>
  </SubCatchment>
</Catchment>