<?xml version="1.0" encoding="utf-8"?>
<Catchment xmlns:xsi="http://www.w3.org/2001/XMLSchema-instance" xmlns:xsd="http://www.w3.org/2001/XMLSchema">
  <CatchmentParameters>
    <KSI>0.001</KSI>
    <KGmin>0.05</KGmin>
    <RangeKG>0.1</RangeKG>
    <AG>0.1</AG>
    <PERC>1.8265948864243655</PERC>
    <Alpha>0</Alpha>
    <UZL>132.1844876834945</UZL>
    <K0>0.72950721533093532</K0>
    <K1>0.24571260566716391</K1>
    <K2>0.029522374024426711</K2>
    <MAXBAS>1</MAXBAS>
    <Cet>0.038363609169629644</Cet>
    <PCALT>0.45333667534273175</PCALT>
    <TCALT>0.13478182244900752</TCALT>
    <Pelev>482</Pelev>
    <Telev>482</Telev>
    <PART>0.5</PART>
    <DELAY>1</DELAY>
  </CatchmentParameters>
  <VegetationZone>
    <VegetationZoneParameters>
      <TT>-1.3139586244376422</TT>
      <CFMAX>0.84338332511807568</CFMAX>
      <SP>0</SP>
      <SFCF>1.0471097836775749</SFCF>
      <CFR>0.09684722906268825</CFR>
      <CWH>0.19999999392861717</CWH>
      <CFGlacier>1</CFGlacier>
      <CFSlope>1</CFSlope>
      <FC>1206.9708772063968</FC>
      <LP>0.75577285099208669</LP>
      <BETA>1.274437375515481</BETA>
    </VegetationZoneParameters>
  </VegetationZone>
  <SubCatchment>
    <SubCatchmentParameters>
      <KSI>0.001</KSI>
      <KGmin>0.05</KGmin>
      <RangeKG>0.1</RangeKG>
      <AG>0.1</AG>
      <PERC>1.8265948864243655</PERC>
      <Alpha>0</Alpha>
      <UZL>132.1844876834945</UZL>
      <K0>0.72950721533093532</K0>
      <K1>0.24571260566716391</K1>
      <K2>0.029522374024426711</K2>
      <MAXBAS>1</MAXBAS>
      <Cet>0.038363609169629644</Cet>
      <PCALT>0.45333667534273175</PCALT>
      <TCALT>0.13478182244900752</TCALT>
      <Pelev>482</Pelev>
      <Telev>482</Telev>
      <PART>0.5</PART>
      <DELAY>1</DELAY>
    </SubCatchmentParameters>
    <SubCatchmentVegetationZone>
      <SubCatchmentVegetationZoneParameters>
        <TT>-1.3139586244376422</TT>
        <CFMAX>0.84338332511807568</CFMAX>
        <SP>0</SP>
        <SFCF>1.0471097836775749</SFCF>
        <CFR>0.09684722906268825</CFR>
        <CWH>0.19999999392861717</CWH>
        <CFGlacier>1</CFGlacier>
        <CFSlope>1</CFSlope>
        <FC>1206.9708772063968</FC>
        <LP>0.75577285099208669</LP>
        <BETA>1.274437375515481</BETA>
      </SubCatchmentVegetationZoneParameters>
    </SubCatchmentVegetationZone>
  </SubCatchment>
</Catchment>