<?xml version="1.0" encoding="utf-8"?>
<Catchment xmlns:xsi="http://www.w3.org/2001/XMLSchema-instance" xmlns:xsd="http://www.w3.org/2001/XMLSchema">
  <CatchmentParameters>
    <KSI>0.001</KSI>
    <KGmin>0.05</KGmin>
    <RangeKG>0.1</RangeKG>
    <AG>0.1</AG>
    <PERC>1.6424368978424877</PERC>
    <Alpha>0</Alpha>
    <UZL>146.22925295994997</UZL>
    <K0>0.89706232535463593</K0>
    <K1>0.24008349090154627</K1>
    <K2>0.028728072647611746</K2>
    <MAXBAS>1</MAXBAS>
    <Cet>0.19277336697084921</Cet>
    <PCALT>1.739204547939553</PCALT>
    <TCALT>0.22305764676904963</TCALT>
    <Pelev>482</Pelev>
    <Telev>482</Telev>
    <PART>0.5</PART>
    <DELAY>1</DELAY>
  </CatchmentParameters>
  <VegetationZone>
    <VegetationZoneParameters>
      <TT>-1.3065300139684057</TT>
      <CFMAX>1.4308771348565899</CFMAX>
      <SP>0</SP>
      <SFCF>0.73175611519220118</SFCF>
      <CFR>0.099966060793236264</CFR>
      <CWH>0.19999676335805344</CWH>
      <CFGlacier>1</CFGlacier>
      <CFSlope>1</CFSlope>
      <FC>1353.0863539369586</FC>
      <LP>0.82323857771523046</LP>
      <BETA>1.41565140665281</BETA>
    </VegetationZoneParameters>
  </VegetationZone>
  <SubCatchment>
    <SubCatchmentParameters>
      <KSI>0.001</KSI>
      <KGmin>0.05</KGmin>
      <RangeKG>0.1</RangeKG>
      <AG>0.1</AG>
      <PERC>1.6424368978424877</PERC>
      <Alpha>0</Alpha>
      <UZL>146.22925295994997</UZL>
      <K0>0.89706232535463593</K0>
      <K1>0.24008349090154627</K1>
      <K2>0.028728072647611746</K2>
      <MAXBAS>1</MAXBAS>
      <Cet>0.19277336697084921</Cet>
      <PCALT>1.739204547939553</PCALT>
      <TCALT>0.22305764676904963</TCALT>
      <Pelev>482</Pelev>
      <Telev>482</Telev>
      <PART>0.5</PART>
      <DELAY>1</DELAY>
    </SubCatchmentParameters>
    <SubCatchmentVegetationZone>
      <SubCatchmentVegetationZoneParameters>
        <TT>-1.3065300139684057</TT>
        <CFMAX>1.4308771348565899</CFMAX>
        <SP>0</SP>
        <SFCF>0.73175611519220118</SFCF>
        <CFR>0.099966060793236264</CFR>
        <CWH>0.19999676335805344</CWH>
        <CFGlacier>1</CFGlacier>
        <CFSlope>1</CFSlope>
        <FC>1353.0863539369586</FC>
        <LP>0.82323857771523046</LP>
        <BETA>1.41565140665281</BETA>
      </SubCatchmentVegetationZoneParameters>
    </SubCatchmentVegetationZone>
  </SubCatchment>
</Catchment>