<?xml version="1.0" encoding="utf-8"?>
<Catchment xmlns:xsi="http://www.w3.org/2001/XMLSchema-instance" xmlns:xsd="http://www.w3.org/2001/XMLSchema">
  <CatchmentParameters>
    <KSI>0.001</KSI>
    <KGmin>0.05</KGmin>
    <RangeKG>0.1</RangeKG>
    <AG>0.1</AG>
    <PERC>1.376277495810835</PERC>
    <Alpha>0</Alpha>
    <UZL>49.474503754916967</UZL>
    <K0>0.21533993031222895</K0>
    <K1>0.18565387942789466</K1>
    <K2>0.028939588485404344</K2>
    <MAXBAS>1</MAXBAS>
    <Cet>0.13736132426876718</Cet>
    <PCALT>4.524262519365605</PCALT>
    <TCALT>0.15819522557567639</TCALT>
    <Pelev>482</Pelev>
    <Telev>482</Telev>
    <PART>0.5</PART>
    <DELAY>1</DELAY>
  </CatchmentParameters>
  <VegetationZone>
    <VegetationZoneParameters>
      <TT>-0.99752575285733247</TT>
      <CFMAX>2.385824278228343</CFMAX>
      <SP>0</SP>
      <SFCF>0.7268558723258447</SFCF>
      <CFR>0.074457277293475246</CFR>
      <CWH>0.1982315821318788</CWH>
      <CFGlacier>1</CFGlacier>
      <CFSlope>1</CFSlope>
      <FC>2129.1794085378765</FC>
      <LP>0.81414439587526588</LP>
      <BETA>1.8417906177753829</BETA>
    </VegetationZoneParameters>
  </VegetationZone>
  <SubCatchment>
    <SubCatchmentParameters>
      <KSI>0.001</KSI>
      <KGmin>0.05</KGmin>
      <RangeKG>0.1</RangeKG>
      <AG>0.1</AG>
      <PERC>1.376277495810835</PERC>
      <Alpha>0</Alpha>
      <UZL>49.474503754916967</UZL>
      <K0>0.21533993031222895</K0>
      <K1>0.18565387942789466</K1>
      <K2>0.028939588485404344</K2>
      <MAXBAS>1</MAXBAS>
      <Cet>0.13736132426876718</Cet>
      <PCALT>4.524262519365605</PCALT>
      <TCALT>0.15819522557567639</TCALT>
      <Pelev>482</Pelev>
      <Telev>482</Telev>
      <PART>0.5</PART>
      <DELAY>1</DELAY>
    </SubCatchmentParameters>
    <SubCatchmentVegetationZone>
      <SubCatchmentVegetationZoneParameters>
        <TT>-0.99752575285733247</TT>
        <CFMAX>2.385824278228343</CFMAX>
        <SP>0</SP>
        <SFCF>0.7268558723258447</SFCF>
        <CFR>0.074457277293475246</CFR>
        <CWH>0.1982315821318788</CWH>
        <CFGlacier>1</CFGlacier>
        <CFSlope>1</CFSlope>
        <FC>2129.1794085378765</FC>
        <LP>0.81414439587526588</LP>
        <BETA>1.8417906177753829</BETA>
      </SubCatchmentVegetationZoneParameters>
    </SubCatchmentVegetationZone>
  </SubCatchment>
</Catchment>