<?xml version="1.0" encoding="utf-8"?>
<Catchment xmlns:xsi="http://www.w3.org/2001/XMLSchema-instance" xmlns:xsd="http://www.w3.org/2001/XMLSchema">
  <CatchmentParameters>
    <KSI>0.001</KSI>
    <KGmin>0.05</KGmin>
    <RangeKG>0.1</RangeKG>
    <AG>0.1</AG>
    <PERC>1.2245997190003211</PERC>
    <Alpha>0</Alpha>
    <UZL>58.275724487100433</UZL>
    <K0>0.266266504334045</K0>
    <K1>0.17902867123232821</K1>
    <K2>0.027074188357894657</K2>
    <MAXBAS>1</MAXBAS>
    <Cet>0.12676602664785985</Cet>
    <PCALT>2.65977586591574</PCALT>
    <TCALT>0.1182624560940071</TCALT>
    <Pelev>482</Pelev>
    <Telev>482</Telev>
    <PART>0.5</PART>
    <DELAY>1</DELAY>
  </CatchmentParameters>
  <VegetationZone>
    <VegetationZoneParameters>
      <TT>-1.1032546100544798</TT>
      <CFMAX>1.0339225243879302</CFMAX>
      <SP>0</SP>
      <SFCF>0.57886360853038443</SFCF>
      <CFR>0.0699454462700903</CFR>
      <CWH>0.199999992532624</CWH>
      <CFGlacier>1</CFGlacier>
      <CFSlope>1</CFSlope>
      <FC>1613.2444873214845</FC>
      <LP>0.86738610001953731</LP>
      <BETA>1.7402399576900975</BETA>
    </VegetationZoneParameters>
  </VegetationZone>
  <SubCatchment>
    <SubCatchmentParameters>
      <KSI>0.001</KSI>
      <KGmin>0.05</KGmin>
      <RangeKG>0.1</RangeKG>
      <AG>0.1</AG>
      <PERC>1.2245997190003211</PERC>
      <Alpha>0</Alpha>
      <UZL>58.275724487100433</UZL>
      <K0>0.266266504334045</K0>
      <K1>0.17902867123232821</K1>
      <K2>0.027074188357894657</K2>
      <MAXBAS>1</MAXBAS>
      <Cet>0.12676602664785985</Cet>
      <PCALT>2.65977586591574</PCALT>
      <TCALT>0.1182624560940071</TCALT>
      <Pelev>482</Pelev>
      <Telev>482</Telev>
      <PART>0.5</PART>
      <DELAY>1</DELAY>
    </SubCatchmentParameters>
    <SubCatchmentVegetationZone>
      <SubCatchmentVegetationZoneParameters>
        <TT>-1.1032546100544798</TT>
        <CFMAX>1.0339225243879302</CFMAX>
        <SP>0</SP>
        <SFCF>0.57886360853038443</SFCF>
        <CFR>0.0699454462700903</CFR>
        <CWH>0.199999992532624</CWH>
        <CFGlacier>1</CFGlacier>
        <CFSlope>1</CFSlope>
        <FC>1613.2444873214845</FC>
        <LP>0.86738610001953731</LP>
        <BETA>1.7402399576900975</BETA>
      </SubCatchmentVegetationZoneParameters>
    </SubCatchmentVegetationZone>
  </SubCatchment>
</Catchment>