<?xml version="1.0" encoding="utf-8"?>
<Catchment xmlns:xsi="http://www.w3.org/2001/XMLSchema-instance" xmlns:xsd="http://www.w3.org/2001/XMLSchema">
  <CatchmentParameters>
    <KSI>0.001</KSI>
    <KGmin>0.05</KGmin>
    <RangeKG>0.1</RangeKG>
    <AG>0.1</AG>
    <PERC>1.2228984078893956</PERC>
    <Alpha>0</Alpha>
    <UZL>47.263102589201239</UZL>
    <K0>0.21166410645922262</K0>
    <K1>0.18056566528585638</K1>
    <K2>0.02700556892671372</K2>
    <MAXBAS>1</MAXBAS>
    <Cet>0.090246015483094563</Cet>
    <PCALT>2.0210350247208977</PCALT>
    <TCALT>0.35320194033588376</TCALT>
    <Pelev>482</Pelev>
    <Telev>482</Telev>
    <PART>0.5</PART>
    <DELAY>1</DELAY>
  </CatchmentParameters>
  <VegetationZone>
    <VegetationZoneParameters>
      <TT>-2.02609244603247</TT>
      <CFMAX>1.3790390663384242</CFMAX>
      <SP>0</SP>
      <SFCF>0.76294981356391489</SFCF>
      <CFR>0.099964300339171336</CFR>
      <CWH>0.15236088366213182</CWH>
      <CFGlacier>1</CFGlacier>
      <CFSlope>1</CFSlope>
      <FC>1511.8467718216532</FC>
      <LP>0.77557854341683241</LP>
      <BETA>1.3594934829914316</BETA>
    </VegetationZoneParameters>
  </VegetationZone>
  <SubCatchment>
    <SubCatchmentParameters>
      <KSI>0.001</KSI>
      <KGmin>0.05</KGmin>
      <RangeKG>0.1</RangeKG>
      <AG>0.1</AG>
      <PERC>1.2228984078893956</PERC>
      <Alpha>0</Alpha>
      <UZL>47.263102589201239</UZL>
      <K0>0.21166410645922262</K0>
      <K1>0.18056566528585638</K1>
      <K2>0.02700556892671372</K2>
      <MAXBAS>1</MAXBAS>
      <Cet>0.090246015483094563</Cet>
      <PCALT>2.0210350247208977</PCALT>
      <TCALT>0.35320194033588376</TCALT>
      <Pelev>482</Pelev>
      <Telev>482</Telev>
      <PART>0.5</PART>
      <DELAY>1</DELAY>
    </SubCatchmentParameters>
    <SubCatchmentVegetationZone>
      <SubCatchmentVegetationZoneParameters>
        <TT>-2.02609244603247</TT>
        <CFMAX>1.3790390663384242</CFMAX>
        <SP>0</SP>
        <SFCF>0.76294981356391489</SFCF>
        <CFR>0.099964300339171336</CFR>
        <CWH>0.15236088366213182</CWH>
        <CFGlacier>1</CFGlacier>
        <CFSlope>1</CFSlope>
        <FC>1511.8467718216532</FC>
        <LP>0.77557854341683241</LP>
        <BETA>1.3594934829914316</BETA>
      </SubCatchmentVegetationZoneParameters>
    </SubCatchmentVegetationZone>
  </SubCatchment>
</Catchment>