<?xml version="1.0" encoding="utf-8"?>
<Catchment xmlns:xsi="http://www.w3.org/2001/XMLSchema-instance" xmlns:xsd="http://www.w3.org/2001/XMLSchema">
  <CatchmentParameters>
    <KSI>0.001</KSI>
    <KGmin>0.05</KGmin>
    <RangeKG>0.1</RangeKG>
    <AG>0.1</AG>
    <PERC>1.2484568488936056</PERC>
    <Alpha>0</Alpha>
    <UZL>55.415641625671924</UZL>
    <K0>0.24625428479508379</K0>
    <K1>0.19184338251119942</K1>
    <K2>0.027604382603762297</K2>
    <MAXBAS>1</MAXBAS>
    <Cet>0.20817611702502598</Cet>
    <PCALT>4.6041052060344292</PCALT>
    <TCALT>0.38988932779971353</TCALT>
    <Pelev>482</Pelev>
    <Telev>482</Telev>
    <PART>0.5</PART>
    <DELAY>1</DELAY>
  </CatchmentParameters>
  <VegetationZone>
    <VegetationZoneParameters>
      <TT>-2.2110430538680479</TT>
      <CFMAX>1.8065334520911465</CFMAX>
      <SP>0</SP>
      <SFCF>0.98067856046706448</SFCF>
      <CFR>0.026955893061218442</CFR>
      <CWH>0.19996165655785</CWH>
      <CFGlacier>1</CFGlacier>
      <CFSlope>1</CFSlope>
      <FC>2269.1780204695715</FC>
      <LP>0.88071121042286848</LP>
      <BETA>2.1153526853979381</BETA>
    </VegetationZoneParameters>
  </VegetationZone>
  <SubCatchment>
    <SubCatchmentParameters>
      <KSI>0.001</KSI>
      <KGmin>0.05</KGmin>
      <RangeKG>0.1</RangeKG>
      <AG>0.1</AG>
      <PERC>1.2484568488936056</PERC>
      <Alpha>0</Alpha>
      <UZL>55.415641625671924</UZL>
      <K0>0.24625428479508379</K0>
      <K1>0.19184338251119942</K1>
      <K2>0.027604382603762297</K2>
      <MAXBAS>1</MAXBAS>
      <Cet>0.20817611702502598</Cet>
      <PCALT>4.6041052060344292</PCALT>
      <TCALT>0.38988932779971353</TCALT>
      <Pelev>482</Pelev>
      <Telev>482</Telev>
      <PART>0.5</PART>
      <DELAY>1</DELAY>
    </SubCatchmentParameters>
    <SubCatchmentVegetationZone>
      <SubCatchmentVegetationZoneParameters>
        <TT>-2.2110430538680479</TT>
        <CFMAX>1.8065334520911465</CFMAX>
        <SP>0</SP>
        <SFCF>0.98067856046706448</SFCF>
        <CFR>0.026955893061218442</CFR>
        <CWH>0.19996165655785</CWH>
        <CFGlacier>1</CFGlacier>
        <CFSlope>1</CFSlope>
        <FC>2269.1780204695715</FC>
        <LP>0.88071121042286848</LP>
        <BETA>2.1153526853979381</BETA>
      </SubCatchmentVegetationZoneParameters>
    </SubCatchmentVegetationZone>
  </SubCatchment>
</Catchment>