<?xml version="1.0" encoding="utf-8"?>
<Catchment xmlns:xsi="http://www.w3.org/2001/XMLSchema-instance" xmlns:xsd="http://www.w3.org/2001/XMLSchema">
  <CatchmentParameters>
    <KSI>0.001</KSI>
    <KGmin>0.05</KGmin>
    <RangeKG>0.1</RangeKG>
    <AG>0.1</AG>
    <PERC>1.6346499785540174</PERC>
    <Alpha>0</Alpha>
    <UZL>99.622999573035429</UZL>
    <K0>0.67572984389337887</K0>
    <K1>0.24279996006210208</K1>
    <K2>0.0294859725337884</K2>
    <MAXBAS>1</MAXBAS>
    <Cet>0.19311713586673363</Cet>
    <PCALT>2.8054881433041126</PCALT>
    <TCALT>0.25412043062061385</TCALT>
    <Pelev>482</Pelev>
    <Telev>482</Telev>
    <PART>0.5</PART>
    <DELAY>1</DELAY>
  </CatchmentParameters>
  <VegetationZone>
    <VegetationZoneParameters>
      <TT>-1.6745601311926308</TT>
      <CFMAX>1.4371955833183581</CFMAX>
      <SP>0</SP>
      <SFCF>1.040311894385308</SFCF>
      <CFR>0.083927809899829967</CFR>
      <CWH>0.19999820295500784</CWH>
      <CFGlacier>1</CFGlacier>
      <CFSlope>1</CFSlope>
      <FC>1810.300630088595</FC>
      <LP>0.88881834969883677</LP>
      <BETA>1.7151357319372063</BETA>
    </VegetationZoneParameters>
  </VegetationZone>
  <SubCatchment>
    <SubCatchmentParameters>
      <KSI>0.001</KSI>
      <KGmin>0.05</KGmin>
      <RangeKG>0.1</RangeKG>
      <AG>0.1</AG>
      <PERC>1.6346499785540174</PERC>
      <Alpha>0</Alpha>
      <UZL>99.622999573035429</UZL>
      <K0>0.67572984389337887</K0>
      <K1>0.24279996006210208</K1>
      <K2>0.0294859725337884</K2>
      <MAXBAS>1</MAXBAS>
      <Cet>0.19311713586673363</Cet>
      <PCALT>2.8054881433041126</PCALT>
      <TCALT>0.25412043062061385</TCALT>
      <Pelev>482</Pelev>
      <Telev>482</Telev>
      <PART>0.5</PART>
      <DELAY>1</DELAY>
    </SubCatchmentParameters>
    <SubCatchmentVegetationZone>
      <SubCatchmentVegetationZoneParameters>
        <TT>-1.6745601311926308</TT>
        <CFMAX>1.4371955833183581</CFMAX>
        <SP>0</SP>
        <SFCF>1.040311894385308</SFCF>
        <CFR>0.083927809899829967</CFR>
        <CWH>0.19999820295500784</CWH>
        <CFGlacier>1</CFGlacier>
        <CFSlope>1</CFSlope>
        <FC>1810.300630088595</FC>
        <LP>0.88881834969883677</LP>
        <BETA>1.7151357319372063</BETA>
      </SubCatchmentVegetationZoneParameters>
    </SubCatchmentVegetationZone>
  </SubCatchment>
</Catchment>