<?xml version="1.0" encoding="utf-8"?>
<Catchment xmlns:xsi="http://www.w3.org/2001/XMLSchema-instance" xmlns:xsd="http://www.w3.org/2001/XMLSchema">
  <CatchmentParameters>
    <KSI>0.001</KSI>
    <KGmin>0.05</KGmin>
    <RangeKG>0.1</RangeKG>
    <AG>0.1</AG>
    <PERC>1.5731669707221969</PERC>
    <Alpha>0</Alpha>
    <UZL>51.618782508672737</UZL>
    <K0>0.24373596404888534</K0>
    <K1>0.19040726622496934</K1>
    <K2>0.030068149449465124</K2>
    <MAXBAS>1</MAXBAS>
    <Cet>0.093130104046635256</Cet>
    <PCALT>2.2511204553093176</PCALT>
    <TCALT>0.0098135538719469513</TCALT>
    <Pelev>482</Pelev>
    <Telev>482</Telev>
    <PART>0.5</PART>
    <DELAY>1</DELAY>
  </CatchmentParameters>
  <VegetationZone>
    <VegetationZoneParameters>
      <TT>-0.75311076671722355</TT>
      <CFMAX>1.2798872770712118</CFMAX>
      <SP>0</SP>
      <SFCF>1.1087768947798906</SFCF>
      <CFR>7.2177511772228264E-07</CFR>
      <CWH>0.19998332363247295</CWH>
      <CFGlacier>1</CFGlacier>
      <CFSlope>1</CFSlope>
      <FC>1704.5252623501947</FC>
      <LP>0.82349787121820817</LP>
      <BETA>1.5394103159508727</BETA>
    </VegetationZoneParameters>
  </VegetationZone>
  <SubCatchment>
    <SubCatchmentParameters>
      <KSI>0.001</KSI>
      <KGmin>0.05</KGmin>
      <RangeKG>0.1</RangeKG>
      <AG>0.1</AG>
      <PERC>1.5731669707221969</PERC>
      <Alpha>0</Alpha>
      <UZL>51.618782508672737</UZL>
      <K0>0.24373596404888534</K0>
      <K1>0.19040726622496934</K1>
      <K2>0.030068149449465124</K2>
      <MAXBAS>1</MAXBAS>
      <Cet>0.093130104046635256</Cet>
      <PCALT>2.2511204553093176</PCALT>
      <TCALT>0.0098135538719469513</TCALT>
      <Pelev>482</Pelev>
      <Telev>482</Telev>
      <PART>0.5</PART>
      <DELAY>1</DELAY>
    </SubCatchmentParameters>
    <SubCatchmentVegetationZone>
      <SubCatchmentVegetationZoneParameters>
        <TT>-0.75311076671722355</TT>
        <CFMAX>1.2798872770712118</CFMAX>
        <SP>0</SP>
        <SFCF>1.1087768947798906</SFCF>
        <CFR>7.2177511772228264E-07</CFR>
        <CWH>0.19998332363247295</CWH>
        <CFGlacier>1</CFGlacier>
        <CFSlope>1</CFSlope>
        <FC>1704.5252623501947</FC>
        <LP>0.82349787121820817</LP>
        <BETA>1.5394103159508727</BETA>
      </SubCatchmentVegetationZoneParameters>
    </SubCatchmentVegetationZone>
  </SubCatchment>
</Catchment>