<?xml version="1.0" encoding="utf-8"?>
<Catchment xmlns:xsi="http://www.w3.org/2001/XMLSchema-instance" xmlns:xsd="http://www.w3.org/2001/XMLSchema">
  <CatchmentParameters>
    <KSI>0.001</KSI>
    <KGmin>0.05</KGmin>
    <RangeKG>0.1</RangeKG>
    <AG>0.1</AG>
    <PERC>1.1973428848279526</PERC>
    <Alpha>0</Alpha>
    <UZL>50.99776945272572</UZL>
    <K0>0.22736655338837034</K0>
    <K1>0.18276512637637576</K1>
    <K2>0.026599014556853838</K2>
    <MAXBAS>1</MAXBAS>
    <Cet>0.13642515534590097</Cet>
    <PCALT>2.5232952788332854</PCALT>
    <TCALT>0.16592154546447357</TCALT>
    <Pelev>482</Pelev>
    <Telev>482</Telev>
    <PART>0.5</PART>
    <DELAY>1</DELAY>
  </CatchmentParameters>
  <VegetationZone>
    <VegetationZoneParameters>
      <TT>-1.2657413427893667</TT>
      <CFMAX>1.3213832032749961</CFMAX>
      <SP>0</SP>
      <SFCF>0.94163137622488413</SFCF>
      <CFR>0.099935595614406264</CFR>
      <CWH>0.1999584757880514</CWH>
      <CFGlacier>1</CFGlacier>
      <CFSlope>1</CFSlope>
      <FC>1528.8833778156723</FC>
      <LP>0.716217268384971</LP>
      <BETA>1.3019117743401238</BETA>
    </VegetationZoneParameters>
  </VegetationZone>
  <SubCatchment>
    <SubCatchmentParameters>
      <KSI>0.001</KSI>
      <KGmin>0.05</KGmin>
      <RangeKG>0.1</RangeKG>
      <AG>0.1</AG>
      <PERC>1.1973428848279526</PERC>
      <Alpha>0</Alpha>
      <UZL>50.99776945272572</UZL>
      <K0>0.22736655338837034</K0>
      <K1>0.18276512637637576</K1>
      <K2>0.026599014556853838</K2>
      <MAXBAS>1</MAXBAS>
      <Cet>0.13642515534590097</Cet>
      <PCALT>2.5232952788332854</PCALT>
      <TCALT>0.16592154546447357</TCALT>
      <Pelev>482</Pelev>
      <Telev>482</Telev>
      <PART>0.5</PART>
      <DELAY>1</DELAY>
    </SubCatchmentParameters>
    <SubCatchmentVegetationZone>
      <SubCatchmentVegetationZoneParameters>
        <TT>-1.2657413427893667</TT>
        <CFMAX>1.3213832032749961</CFMAX>
        <SP>0</SP>
        <SFCF>0.94163137622488413</SFCF>
        <CFR>0.099935595614406264</CFR>
        <CWH>0.1999584757880514</CWH>
        <CFGlacier>1</CFGlacier>
        <CFSlope>1</CFSlope>
        <FC>1528.8833778156723</FC>
        <LP>0.716217268384971</LP>
        <BETA>1.3019117743401238</BETA>
      </SubCatchmentVegetationZoneParameters>
    </SubCatchmentVegetationZone>
  </SubCatchment>
</Catchment>