<?xml version="1.0" encoding="utf-8"?>
<BatchSimulation xmlns:xsi="http://www.w3.org/2001/XMLSchema-instance" xmlns:xsd="http://www.w3.org/2001/XMLSchema">
  <SaveQsim>true</SaveQsim>
  <SaveQsimInColumns>false</SaveQsimInColumns>
  <SaveQsimSourceComponents>true</SaveQsimSourceComponents>
  <SaveQsimFluxComponents>true</SaveQsimFluxComponents>
  <SaveHeaderLine>true</SaveHeaderLine>
  <SavePeaks>true</SavePeaks>
  <SaveFreqDistr>false</SaveFreqDistr>
  <SaveGroundwaterStatistics>true</SaveGroundwaterStatistics>
  <CreateParameterFiles>false</CreateParameterFiles>
  <DynamicIdentification>false</DynamicIdentification>
  <WindowWidth>0</WindowWidth>
  <NoOfClasses>0</NoOfClasses>
  <UsePrecipitationSeries>false</UsePrecipitationSeries>
  <UseTemperatureSeries>false</UseTemperatureSeries>
  <RunAllClimateSeriesCombinations>true</RunAllClimateSeriesCombinations>
  <UseEvaporationSeries>false</UseEvaporationSeries>
  <Seasons />
  <GapInputFile>true</GapInputFile>
</BatchSimulation>