<?xml version="1.0" encoding="utf-8"?>
<Catchment xmlns:xsi="http://www.w3.org/2001/XMLSchema-instance" xmlns:xsd="http://www.w3.org/2001/XMLSchema">
  <CatchmentParameters>
    <KSI>0.001</KSI>
    <KGmin>0.05</KGmin>
    <RangeKG>0.1</RangeKG>
    <AG>0.1</AG>
    <PERC>0.76681154297060883</PERC>
    <Alpha>0</Alpha>
    <UZL>52.779724368481304</UZL>
    <K0>0.98997454256026651</K0>
    <K1>0.30687353555772162</K1>
    <K2>0.049215069961139647</K2>
    <MAXBAS>1</MAXBAS>
    <Cet>0.11738417996312299</Cet>
    <PCALT>0.44152291534843213</PCALT>
    <TCALT>0.2346661473204861</TCALT>
    <Pelev>436</Pelev>
    <Telev>436</Telev>
    <PART>0.5</PART>
    <DELAY>1</DELAY>
  </CatchmentParameters>
  <VegetationZone>
    <VegetationZoneParameters>
      <TT>-1.6194881329878936</TT>
      <CFMAX>3.0928144149749772</CFMAX>
      <SP>0</SP>
      <SFCF>0.92515636359612485</SFCF>
      <CFR>0.057368401309595425</CFR>
      <CWH>0.10659346094408384</CWH>
      <CFGlacier>1</CFGlacier>
      <CFSlope>1</CFSlope>
      <FC>1437.864567505909</FC>
      <LP>0.60080888341589367</LP>
      <BETA>1.2193650837011039</BETA>
    </VegetationZoneParameters>
  </VegetationZone>
  <SubCatchment>
    <SubCatchmentParameters>
      <KSI>0.001</KSI>
      <KGmin>0.05</KGmin>
      <RangeKG>0.1</RangeKG>
      <AG>0.1</AG>
      <PERC>0.76681154297060883</PERC>
      <Alpha>0</Alpha>
      <UZL>52.779724368481304</UZL>
      <K0>0.98997454256026651</K0>
      <K1>0.30687353555772162</K1>
      <K2>0.049215069961139647</K2>
      <MAXBAS>1</MAXBAS>
      <Cet>0.11738417996312299</Cet>
      <PCALT>0.44152291534843213</PCALT>
      <TCALT>0.2346661473204861</TCALT>
      <Pelev>436</Pelev>
      <Telev>436</Telev>
      <PART>0.5</PART>
      <DELAY>1</DELAY>
    </SubCatchmentParameters>
    <SubCatchmentVegetationZone>
      <SubCatchmentVegetationZoneParameters>
        <TT>-1.6194881329878936</TT>
        <CFMAX>3.0928144149749772</CFMAX>
        <SP>0</SP>
        <SFCF>0.92515636359612485</SFCF>
        <CFR>0.057368401309595425</CFR>
        <CWH>0.10659346094408384</CWH>
        <CFGlacier>1</CFGlacier>
        <CFSlope>1</CFSlope>
        <FC>1437.864567505909</FC>
        <LP>0.60080888341589367</LP>
        <BETA>1.2193650837011039</BETA>
      </SubCatchmentVegetationZoneParameters>
    </SubCatchmentVegetationZone>
  </SubCatchment>
</Catchment>