<?xml version="1.0" encoding="utf-8"?>
<Catchment xmlns:xsi="http://www.w3.org/2001/XMLSchema-instance" xmlns:xsd="http://www.w3.org/2001/XMLSchema">
  <CatchmentParameters>
    <KSI>0.001</KSI>
    <KGmin>0.05</KGmin>
    <RangeKG>0.1</RangeKG>
    <AG>0.1</AG>
    <PERC>0.80809525497037826</PERC>
    <Alpha>0</Alpha>
    <UZL>56.486338492654873</UZL>
    <K0>0.98999465010065246</K0>
    <K1>0.32805446631940027</K1>
    <K2>0.051616194034897193</K2>
    <MAXBAS>1</MAXBAS>
    <Cet>0.21692542698228556</Cet>
    <PCALT>4.22852068581493</PCALT>
    <TCALT>0.33865649988583535</TCALT>
    <Pelev>436</Pelev>
    <Telev>436</Telev>
    <PART>0.5</PART>
    <DELAY>1</DELAY>
  </CatchmentParameters>
  <VegetationZone>
    <VegetationZoneParameters>
      <TT>-2.3440726422688378</TT>
      <CFMAX>2.4979691956824324</CFMAX>
      <SP>0</SP>
      <SFCF>1.0024527019323235</SFCF>
      <CFR>0.054926809722287667</CFR>
      <CWH>0.17611155882493268</CWH>
      <CFGlacier>1</CFGlacier>
      <CFSlope>1</CFSlope>
      <FC>1975.4626997627104</FC>
      <LP>0.68137879206492968</LP>
      <BETA>1.7826296456424906</BETA>
    </VegetationZoneParameters>
  </VegetationZone>
  <SubCatchment>
    <SubCatchmentParameters>
      <KSI>0.001</KSI>
      <KGmin>0.05</KGmin>
      <RangeKG>0.1</RangeKG>
      <AG>0.1</AG>
      <PERC>0.80809525497037826</PERC>
      <Alpha>0</Alpha>
      <UZL>56.486338492654873</UZL>
      <K0>0.98999465010065246</K0>
      <K1>0.32805446631940027</K1>
      <K2>0.051616194034897193</K2>
      <MAXBAS>1</MAXBAS>
      <Cet>0.21692542698228556</Cet>
      <PCALT>4.22852068581493</PCALT>
      <TCALT>0.33865649988583535</TCALT>
      <Pelev>436</Pelev>
      <Telev>436</Telev>
      <PART>0.5</PART>
      <DELAY>1</DELAY>
    </SubCatchmentParameters>
    <SubCatchmentVegetationZone>
      <SubCatchmentVegetationZoneParameters>
        <TT>-2.3440726422688378</TT>
        <CFMAX>2.4979691956824324</CFMAX>
        <SP>0</SP>
        <SFCF>1.0024527019323235</SFCF>
        <CFR>0.054926809722287667</CFR>
        <CWH>0.17611155882493268</CWH>
        <CFGlacier>1</CFGlacier>
        <CFSlope>1</CFSlope>
        <FC>1975.4626997627104</FC>
        <LP>0.68137879206492968</LP>
        <BETA>1.7826296456424906</BETA>
      </SubCatchmentVegetationZoneParameters>
    </SubCatchmentVegetationZone>
  </SubCatchment>
</Catchment>