<?xml version="1.0" encoding="utf-8"?>
<Catchment xmlns:xsi="http://www.w3.org/2001/XMLSchema-instance" xmlns:xsd="http://www.w3.org/2001/XMLSchema">
  <CatchmentParameters>
    <KSI>0.001</KSI>
    <KGmin>0.05</KGmin>
    <RangeKG>0.1</RangeKG>
    <AG>0.1</AG>
    <PERC>0.98223038535463769</PERC>
    <Alpha>0</Alpha>
    <UZL>53.19975246999271</UZL>
    <K0>0.98995243508055131</K0>
    <K1>0.32315855075464994</K1>
    <K2>0.053002451433850614</K2>
    <MAXBAS>1</MAXBAS>
    <Cet>0.08023669978696582</Cet>
    <PCALT>2.29309952499111</PCALT>
    <TCALT>0.17010067806797438</TCALT>
    <Pelev>436</Pelev>
    <Telev>436</Telev>
    <PART>0.5</PART>
    <DELAY>1</DELAY>
  </CatchmentParameters>
  <VegetationZone>
    <VegetationZoneParameters>
      <TT>-1.6928892986104256</TT>
      <CFMAX>2.0251773689604726</CFMAX>
      <SP>0</SP>
      <SFCF>0.67313158125114836</SFCF>
      <CFR>0.09992412378919896</CFR>
      <CWH>0.19958173609838359</CWH>
      <CFGlacier>1</CFGlacier>
      <CFSlope>1</CFSlope>
      <FC>1705.9714344242836</FC>
      <LP>0.64625021828942408</LP>
      <BETA>1.5504246792388725</BETA>
    </VegetationZoneParameters>
  </VegetationZone>
  <SubCatchment>
    <SubCatchmentParameters>
      <KSI>0.001</KSI>
      <KGmin>0.05</KGmin>
      <RangeKG>0.1</RangeKG>
      <AG>0.1</AG>
      <PERC>0.98223038535463769</PERC>
      <Alpha>0</Alpha>
      <UZL>53.19975246999271</UZL>
      <K0>0.98995243508055131</K0>
      <K1>0.32315855075464994</K1>
      <K2>0.053002451433850614</K2>
      <MAXBAS>1</MAXBAS>
      <Cet>0.08023669978696582</Cet>
      <PCALT>2.29309952499111</PCALT>
      <TCALT>0.17010067806797438</TCALT>
      <Pelev>436</Pelev>
      <Telev>436</Telev>
      <PART>0.5</PART>
      <DELAY>1</DELAY>
    </SubCatchmentParameters>
    <SubCatchmentVegetationZone>
      <SubCatchmentVegetationZoneParameters>
        <TT>-1.6928892986104256</TT>
        <CFMAX>2.0251773689604726</CFMAX>
        <SP>0</SP>
        <SFCF>0.67313158125114836</SFCF>
        <CFR>0.09992412378919896</CFR>
        <CWH>0.19958173609838359</CWH>
        <CFGlacier>1</CFGlacier>
        <CFSlope>1</CFSlope>
        <FC>1705.9714344242836</FC>
        <LP>0.64625021828942408</LP>
        <BETA>1.5504246792388725</BETA>
      </SubCatchmentVegetationZoneParameters>
    </SubCatchmentVegetationZone>
  </SubCatchment>
</Catchment>