<?xml version="1.0" encoding="utf-8"?>
<Catchment xmlns:xsi="http://www.w3.org/2001/XMLSchema-instance" xmlns:xsd="http://www.w3.org/2001/XMLSchema">
  <CatchmentParameters>
    <KSI>0.001</KSI>
    <KGmin>0.05</KGmin>
    <RangeKG>0.1</RangeKG>
    <AG>0.1</AG>
    <PERC>0.80436842589669177</PERC>
    <Alpha>0</Alpha>
    <UZL>54.166547094381521</UZL>
    <K0>0.97631704451880319</K0>
    <K1>0.31208702084888607</K1>
    <K2>0.05074876328094885</K2>
    <MAXBAS>1</MAXBAS>
    <Cet>0.19229030978379874</Cet>
    <PCALT>2.7511784505243937</PCALT>
    <TCALT>0.21994823463486243</TCALT>
    <Pelev>436</Pelev>
    <Telev>436</Telev>
    <PART>0.5</PART>
    <DELAY>1</DELAY>
  </CatchmentParameters>
  <VegetationZone>
    <VegetationZoneParameters>
      <TT>-1.8463652901928682</TT>
      <CFMAX>2.083008385031369</CFMAX>
      <SP>0</SP>
      <SFCF>0.84734061658068671</SFCF>
      <CFR>0.099951390843096358</CFR>
      <CWH>0.19987770697970159</CWH>
      <CFGlacier>1</CFGlacier>
      <CFSlope>1</CFSlope>
      <FC>1880.956770568444</FC>
      <LP>0.76130688438294436</LP>
      <BETA>1.7635675037219918</BETA>
    </VegetationZoneParameters>
  </VegetationZone>
  <SubCatchment>
    <SubCatchmentParameters>
      <KSI>0.001</KSI>
      <KGmin>0.05</KGmin>
      <RangeKG>0.1</RangeKG>
      <AG>0.1</AG>
      <PERC>0.80436842589669177</PERC>
      <Alpha>0</Alpha>
      <UZL>54.166547094381521</UZL>
      <K0>0.97631704451880319</K0>
      <K1>0.31208702084888607</K1>
      <K2>0.05074876328094885</K2>
      <MAXBAS>1</MAXBAS>
      <Cet>0.19229030978379874</Cet>
      <PCALT>2.7511784505243937</PCALT>
      <TCALT>0.21994823463486243</TCALT>
      <Pelev>436</Pelev>
      <Telev>436</Telev>
      <PART>0.5</PART>
      <DELAY>1</DELAY>
    </SubCatchmentParameters>
    <SubCatchmentVegetationZone>
      <SubCatchmentVegetationZoneParameters>
        <TT>-1.8463652901928682</TT>
        <CFMAX>2.083008385031369</CFMAX>
        <SP>0</SP>
        <SFCF>0.84734061658068671</SFCF>
        <CFR>0.099951390843096358</CFR>
        <CWH>0.19987770697970159</CWH>
        <CFGlacier>1</CFGlacier>
        <CFSlope>1</CFSlope>
        <FC>1880.956770568444</FC>
        <LP>0.76130688438294436</LP>
        <BETA>1.7635675037219918</BETA>
      </SubCatchmentVegetationZoneParameters>
    </SubCatchmentVegetationZone>
  </SubCatchment>
</Catchment>