<?xml version="1.0" encoding="utf-8"?>
<Catchment xmlns:xsi="http://www.w3.org/2001/XMLSchema-instance" xmlns:xsd="http://www.w3.org/2001/XMLSchema">
  <CatchmentParameters>
    <KSI>0.001</KSI>
    <KGmin>0.05</KGmin>
    <RangeKG>0.1</RangeKG>
    <AG>0.1</AG>
    <PERC>1.0802165722111123</PERC>
    <Alpha>0</Alpha>
    <UZL>52.389268048367235</UZL>
    <K0>0.98999797355755215</K0>
    <K1>0.32440461421424266</K1>
    <K2>0.053418255402119967</K2>
    <MAXBAS>1</MAXBAS>
    <Cet>0.16012993189838415</Cet>
    <PCALT>0.86860824997295272</PCALT>
    <TCALT>0.36862562847491059</TCALT>
    <Pelev>436</Pelev>
    <Telev>436</Telev>
    <PART>0.5</PART>
    <DELAY>1</DELAY>
  </CatchmentParameters>
  <VegetationZone>
    <VegetationZoneParameters>
      <TT>-1.6338802979244871</TT>
      <CFMAX>4.9998306249529483</CFMAX>
      <SP>0</SP>
      <SFCF>0.88523676405988672</SFCF>
      <CFR>4.7354067060439352E-07</CFR>
      <CWH>0.10001726189336274</CWH>
      <CFGlacier>1</CFGlacier>
      <CFSlope>1</CFSlope>
      <FC>1468.9622624092738</FC>
      <LP>0.77025672136707268</LP>
      <BETA>1.6845169095959591</BETA>
    </VegetationZoneParameters>
  </VegetationZone>
  <SubCatchment>
    <SubCatchmentParameters>
      <KSI>0.001</KSI>
      <KGmin>0.05</KGmin>
      <RangeKG>0.1</RangeKG>
      <AG>0.1</AG>
      <PERC>1.0802165722111123</PERC>
      <Alpha>0</Alpha>
      <UZL>52.389268048367235</UZL>
      <K0>0.98999797355755215</K0>
      <K1>0.32440461421424266</K1>
      <K2>0.053418255402119967</K2>
      <MAXBAS>1</MAXBAS>
      <Cet>0.16012993189838415</Cet>
      <PCALT>0.86860824997295272</PCALT>
      <TCALT>0.36862562847491059</TCALT>
      <Pelev>436</Pelev>
      <Telev>436</Telev>
      <PART>0.5</PART>
      <DELAY>1</DELAY>
    </SubCatchmentParameters>
    <SubCatchmentVegetationZone>
      <SubCatchmentVegetationZoneParameters>
        <TT>-1.6338802979244871</TT>
        <CFMAX>4.9998306249529483</CFMAX>
        <SP>0</SP>
        <SFCF>0.88523676405988672</SFCF>
        <CFR>4.7354067060439352E-07</CFR>
        <CWH>0.10001726189336274</CWH>
        <CFGlacier>1</CFGlacier>
        <CFSlope>1</CFSlope>
        <FC>1468.9622624092738</FC>
        <LP>0.77025672136707268</LP>
        <BETA>1.6845169095959591</BETA>
      </SubCatchmentVegetationZoneParameters>
    </SubCatchmentVegetationZone>
  </SubCatchment>
</Catchment>