<?xml version="1.0" encoding="utf-8"?>
<Catchment xmlns:xsi="http://www.w3.org/2001/XMLSchema-instance" xmlns:xsd="http://www.w3.org/2001/XMLSchema">
  <CatchmentParameters>
    <KSI>0.001</KSI>
    <KGmin>0.05</KGmin>
    <RangeKG>0.1</RangeKG>
    <AG>0.1</AG>
    <PERC>0.76220483112739035</PERC>
    <Alpha>0</Alpha>
    <UZL>55.324657693301411</UZL>
    <K0>0.98998532522491778</K0>
    <K1>0.30836793138894136</K1>
    <K2>0.048284897669349063</K2>
    <MAXBAS>1</MAXBAS>
    <Cet>0.17853900958162017</Cet>
    <PCALT>1.8892125859189988</PCALT>
    <TCALT>0.268880846699444</TCALT>
    <Pelev>436</Pelev>
    <Telev>436</Telev>
    <PART>0.5</PART>
    <DELAY>1</DELAY>
  </CatchmentParameters>
  <VegetationZone>
    <VegetationZoneParameters>
      <TT>-1.9771461784527948</TT>
      <CFMAX>2.3645061069711812</CFMAX>
      <SP>0</SP>
      <SFCF>0.5875988290891887</SFCF>
      <CFR>0.096303219344362562</CFR>
      <CWH>0.19993869599883524</CWH>
      <CFGlacier>1</CFGlacier>
      <CFSlope>1</CFSlope>
      <FC>1461.28101947176</FC>
      <LP>0.52057199805030463</LP>
      <BETA>1.2556333546623895</BETA>
    </VegetationZoneParameters>
  </VegetationZone>
  <SubCatchment>
    <SubCatchmentParameters>
      <KSI>0.001</KSI>
      <KGmin>0.05</KGmin>
      <RangeKG>0.1</RangeKG>
      <AG>0.1</AG>
      <PERC>0.76220483112739035</PERC>
      <Alpha>0</Alpha>
      <UZL>55.324657693301411</UZL>
      <K0>0.98998532522491778</K0>
      <K1>0.30836793138894136</K1>
      <K2>0.048284897669349063</K2>
      <MAXBAS>1</MAXBAS>
      <Cet>0.17853900958162017</Cet>
      <PCALT>1.8892125859189988</PCALT>
      <TCALT>0.268880846699444</TCALT>
      <Pelev>436</Pelev>
      <Telev>436</Telev>
      <PART>0.5</PART>
      <DELAY>1</DELAY>
    </SubCatchmentParameters>
    <SubCatchmentVegetationZone>
      <SubCatchmentVegetationZoneParameters>
        <TT>-1.9771461784527948</TT>
        <CFMAX>2.3645061069711812</CFMAX>
        <SP>0</SP>
        <SFCF>0.5875988290891887</SFCF>
        <CFR>0.096303219344362562</CFR>
        <CWH>0.19993869599883524</CWH>
        <CFGlacier>1</CFGlacier>
        <CFSlope>1</CFSlope>
        <FC>1461.28101947176</FC>
        <LP>0.52057199805030463</LP>
        <BETA>1.2556333546623895</BETA>
      </SubCatchmentVegetationZoneParameters>
    </SubCatchmentVegetationZone>
  </SubCatchment>
</Catchment>