<?xml version="1.0" encoding="utf-8"?>
<Catchment xmlns:xsi="http://www.w3.org/2001/XMLSchema-instance" xmlns:xsd="http://www.w3.org/2001/XMLSchema">
  <CatchmentParameters>
    <KSI>0.001</KSI>
    <KGmin>0.05</KGmin>
    <RangeKG>0.1</RangeKG>
    <AG>0.1</AG>
    <PERC>0.66426604253832766</PERC>
    <Alpha>0</Alpha>
    <UZL>61.575379821628573</UZL>
    <K0>0.98999216283078462</K0>
    <K1>0.3144162153316063</K1>
    <K2>0.047221131849701246</K2>
    <MAXBAS>1</MAXBAS>
    <Cet>0.1464805838799815</Cet>
    <PCALT>1.9459920424050574</PCALT>
    <TCALT>0.24950768549547805</TCALT>
    <Pelev>436</Pelev>
    <Telev>436</Telev>
    <PART>0.5</PART>
    <DELAY>1</DELAY>
  </CatchmentParameters>
  <VegetationZone>
    <VegetationZoneParameters>
      <TT>-1.9288704941502257</TT>
      <CFMAX>2.1375476784413063</CFMAX>
      <SP>0</SP>
      <SFCF>0.754930339155464</SFCF>
      <CFR>0.084224190246031408</CFR>
      <CWH>0.14237391855090659</CWH>
      <CFGlacier>1</CFGlacier>
      <CFSlope>1</CFSlope>
      <FC>1665.5646459438701</FC>
      <LP>0.84001669292193448</LP>
      <BETA>2.1814026330857565</BETA>
    </VegetationZoneParameters>
  </VegetationZone>
  <SubCatchment>
    <SubCatchmentParameters>
      <KSI>0.001</KSI>
      <KGmin>0.05</KGmin>
      <RangeKG>0.1</RangeKG>
      <AG>0.1</AG>
      <PERC>0.66426604253832766</PERC>
      <Alpha>0</Alpha>
      <UZL>61.575379821628573</UZL>
      <K0>0.98999216283078462</K0>
      <K1>0.3144162153316063</K1>
      <K2>0.047221131849701246</K2>
      <MAXBAS>1</MAXBAS>
      <Cet>0.1464805838799815</Cet>
      <PCALT>1.9459920424050574</PCALT>
      <TCALT>0.24950768549547805</TCALT>
      <Pelev>436</Pelev>
      <Telev>436</Telev>
      <PART>0.5</PART>
      <DELAY>1</DELAY>
    </SubCatchmentParameters>
    <SubCatchmentVegetationZone>
      <SubCatchmentVegetationZoneParameters>
        <TT>-1.9288704941502257</TT>
        <CFMAX>2.1375476784413063</CFMAX>
        <SP>0</SP>
        <SFCF>0.754930339155464</SFCF>
        <CFR>0.084224190246031408</CFR>
        <CWH>0.14237391855090659</CWH>
        <CFGlacier>1</CFGlacier>
        <CFSlope>1</CFSlope>
        <FC>1665.5646459438701</FC>
        <LP>0.84001669292193448</LP>
        <BETA>2.1814026330857565</BETA>
      </SubCatchmentVegetationZoneParameters>
    </SubCatchmentVegetationZone>
  </SubCatchment>
</Catchment>