<?xml version="1.0" encoding="utf-8"?>
<Catchment xmlns:xsi="http://www.w3.org/2001/XMLSchema-instance" xmlns:xsd="http://www.w3.org/2001/XMLSchema">
  <CatchmentParameters>
    <KSI>0.001</KSI>
    <KGmin>0.05</KGmin>
    <RangeKG>0.1</RangeKG>
    <AG>0.1</AG>
    <PERC>0.76696090365494274</PERC>
    <Alpha>0</Alpha>
    <UZL>54.474525040172722</UZL>
    <K0>0.89141464658494685</K0>
    <K1>0.32150729254789218</K1>
    <K2>0.049942359294450282</K2>
    <MAXBAS>1</MAXBAS>
    <Cet>0.17447348727438145</Cet>
    <PCALT>2.8674199934023159</PCALT>
    <TCALT>0.28348104674461544</TCALT>
    <Pelev>436</Pelev>
    <Telev>436</Telev>
    <PART>0.5</PART>
    <DELAY>1</DELAY>
  </CatchmentParameters>
  <VegetationZone>
    <VegetationZoneParameters>
      <TT>-2.3579530273068059</TT>
      <CFMAX>2.3532415347849369</CFMAX>
      <SP>0</SP>
      <SFCF>1.2194393531299617</SFCF>
      <CFR>0.02459471441266059</CFR>
      <CWH>0.19993023634499016</CWH>
      <CFGlacier>1</CFGlacier>
      <CFSlope>1</CFSlope>
      <FC>1942.2483791400102</FC>
      <LP>0.79955486390461272</LP>
      <BETA>1.9974677783273553</BETA>
    </VegetationZoneParameters>
  </VegetationZone>
  <SubCatchment>
    <SubCatchmentParameters>
      <KSI>0.001</KSI>
      <KGmin>0.05</KGmin>
      <RangeKG>0.1</RangeKG>
      <AG>0.1</AG>
      <PERC>0.76696090365494274</PERC>
      <Alpha>0</Alpha>
      <UZL>54.474525040172722</UZL>
      <K0>0.89141464658494685</K0>
      <K1>0.32150729254789218</K1>
      <K2>0.049942359294450282</K2>
      <MAXBAS>1</MAXBAS>
      <Cet>0.17447348727438145</Cet>
      <PCALT>2.8674199934023159</PCALT>
      <TCALT>0.28348104674461544</TCALT>
      <Pelev>436</Pelev>
      <Telev>436</Telev>
      <PART>0.5</PART>
      <DELAY>1</DELAY>
    </SubCatchmentParameters>
    <SubCatchmentVegetationZone>
      <SubCatchmentVegetationZoneParameters>
        <TT>-2.3579530273068059</TT>
        <CFMAX>2.3532415347849369</CFMAX>
        <SP>0</SP>
        <SFCF>1.2194393531299617</SFCF>
        <CFR>0.02459471441266059</CFR>
        <CWH>0.19993023634499016</CWH>
        <CFGlacier>1</CFGlacier>
        <CFSlope>1</CFSlope>
        <FC>1942.2483791400102</FC>
        <LP>0.79955486390461272</LP>
        <BETA>1.9974677783273553</BETA>
      </SubCatchmentVegetationZoneParameters>
    </SubCatchmentVegetationZone>
  </SubCatchment>
</Catchment>