<?xml version="1.0" encoding="utf-8"?>
<Catchment xmlns:xsi="http://www.w3.org/2001/XMLSchema-instance" xmlns:xsd="http://www.w3.org/2001/XMLSchema">
  <CatchmentParameters>
    <KSI>0.001</KSI>
    <KGmin>0.05</KGmin>
    <RangeKG>0.1</RangeKG>
    <AG>0.1</AG>
    <PERC>1.1025340948603206</PERC>
    <Alpha>0</Alpha>
    <UZL>50.122150510046325</UZL>
    <K0>0.9558004818568322</K0>
    <K1>0.34058406818751674</K1>
    <K2>0.054784614703931263</K2>
    <MAXBAS>1</MAXBAS>
    <Cet>0.16007704070388298</Cet>
    <PCALT>3.207491045557858</PCALT>
    <TCALT>0.25019414698238118</TCALT>
    <Pelev>436</Pelev>
    <Telev>436</Telev>
    <PART>0.5</PART>
    <DELAY>1</DELAY>
  </CatchmentParameters>
  <VegetationZone>
    <VegetationZoneParameters>
      <TT>-1.9308437826688545</TT>
      <CFMAX>2.0183633052962904</CFMAX>
      <SP>0</SP>
      <SFCF>0.67507232556083641</SFCF>
      <CFR>0.061606591115511651</CFR>
      <CWH>0.19997485647977215</CWH>
      <CFGlacier>1</CFGlacier>
      <CFSlope>1</CFSlope>
      <FC>1979.6428365579761</FC>
      <LP>0.71259032212414464</LP>
      <BETA>1.6515728138459098</BETA>
    </VegetationZoneParameters>
  </VegetationZone>
  <SubCatchment>
    <SubCatchmentParameters>
      <KSI>0.001</KSI>
      <KGmin>0.05</KGmin>
      <RangeKG>0.1</RangeKG>
      <AG>0.1</AG>
      <PERC>1.1025340948603206</PERC>
      <Alpha>0</Alpha>
      <UZL>50.122150510046325</UZL>
      <K0>0.9558004818568322</K0>
      <K1>0.34058406818751674</K1>
      <K2>0.054784614703931263</K2>
      <MAXBAS>1</MAXBAS>
      <Cet>0.16007704070388298</Cet>
      <PCALT>3.207491045557858</PCALT>
      <TCALT>0.25019414698238118</TCALT>
      <Pelev>436</Pelev>
      <Telev>436</Telev>
      <PART>0.5</PART>
      <DELAY>1</DELAY>
    </SubCatchmentParameters>
    <SubCatchmentVegetationZone>
      <SubCatchmentVegetationZoneParameters>
        <TT>-1.9308437826688545</TT>
        <CFMAX>2.0183633052962904</CFMAX>
        <SP>0</SP>
        <SFCF>0.67507232556083641</SFCF>
        <CFR>0.061606591115511651</CFR>
        <CWH>0.19997485647977215</CWH>
        <CFGlacier>1</CFGlacier>
        <CFSlope>1</CFSlope>
        <FC>1979.6428365579761</FC>
        <LP>0.71259032212414464</LP>
        <BETA>1.6515728138459098</BETA>
      </SubCatchmentVegetationZoneParameters>
    </SubCatchmentVegetationZone>
  </SubCatchment>
</Catchment>