<?xml version="1.0" encoding="utf-8"?>
<Catchment xmlns:xsi="http://www.w3.org/2001/XMLSchema-instance" xmlns:xsd="http://www.w3.org/2001/XMLSchema">
  <CatchmentParameters>
    <KSI>0.001</KSI>
    <KGmin>0.05</KGmin>
    <RangeKG>0.1</RangeKG>
    <AG>0.1</AG>
    <PERC>0.78997751692706786</PERC>
    <Alpha>0</Alpha>
    <UZL>55.656823345544865</UZL>
    <K0>0.97966819165260943</K0>
    <K1>0.315003048378061</K1>
    <K2>0.0488112158558847</K2>
    <MAXBAS>1</MAXBAS>
    <Cet>0.19049597523375605</Cet>
    <PCALT>1.1047256224625328</PCALT>
    <TCALT>0.25503888350346443</TCALT>
    <Pelev>436</Pelev>
    <Telev>436</Telev>
    <PART>0.5</PART>
    <DELAY>1</DELAY>
  </CatchmentParameters>
  <VegetationZone>
    <VegetationZoneParameters>
      <TT>-1.9452677949296411</TT>
      <CFMAX>1.7508067232859148</CFMAX>
      <SP>0</SP>
      <SFCF>0.689354755854232</SFCF>
      <CFR>0.051344810324884145</CFR>
      <CWH>0.19998928328300455</CWH>
      <CFGlacier>1</CFGlacier>
      <CFSlope>1</CFSlope>
      <FC>1445.1138664973958</FC>
      <LP>0.75281538029778583</LP>
      <BETA>1.6795081217134509</BETA>
    </VegetationZoneParameters>
  </VegetationZone>
  <SubCatchment>
    <SubCatchmentParameters>
      <KSI>0.001</KSI>
      <KGmin>0.05</KGmin>
      <RangeKG>0.1</RangeKG>
      <AG>0.1</AG>
      <PERC>0.78997751692706786</PERC>
      <Alpha>0</Alpha>
      <UZL>55.656823345544865</UZL>
      <K0>0.97966819165260943</K0>
      <K1>0.315003048378061</K1>
      <K2>0.0488112158558847</K2>
      <MAXBAS>1</MAXBAS>
      <Cet>0.19049597523375605</Cet>
      <PCALT>1.1047256224625328</PCALT>
      <TCALT>0.25503888350346443</TCALT>
      <Pelev>436</Pelev>
      <Telev>436</Telev>
      <PART>0.5</PART>
      <DELAY>1</DELAY>
    </SubCatchmentParameters>
    <SubCatchmentVegetationZone>
      <SubCatchmentVegetationZoneParameters>
        <TT>-1.9452677949296411</TT>
        <CFMAX>1.7508067232859148</CFMAX>
        <SP>0</SP>
        <SFCF>0.689354755854232</SFCF>
        <CFR>0.051344810324884145</CFR>
        <CWH>0.19998928328300455</CWH>
        <CFGlacier>1</CFGlacier>
        <CFSlope>1</CFSlope>
        <FC>1445.1138664973958</FC>
        <LP>0.75281538029778583</LP>
        <BETA>1.6795081217134509</BETA>
      </SubCatchmentVegetationZoneParameters>
    </SubCatchmentVegetationZone>
  </SubCatchment>
</Catchment>