<?xml version="1.0" encoding="utf-8"?>
<Catchment xmlns:xsi="http://www.w3.org/2001/XMLSchema-instance" xmlns:xsd="http://www.w3.org/2001/XMLSchema">
  <CatchmentParameters>
    <KSI>0.001</KSI>
    <KGmin>0.05</KGmin>
    <RangeKG>0.1</RangeKG>
    <AG>0.1</AG>
    <PERC>1.1700231830316485</PERC>
    <Alpha>0</Alpha>
    <UZL>48.238412421210683</UZL>
    <K0>0.96527594933255012</K0>
    <K1>0.34660922485907408</K1>
    <K2>0.055229743360012205</K2>
    <MAXBAS>1</MAXBAS>
    <Cet>0.23200913726287128</Cet>
    <PCALT>3.3214200432531569</PCALT>
    <TCALT>0.20202420778272115</TCALT>
    <Pelev>436</Pelev>
    <Telev>436</Telev>
    <PART>0.5</PART>
    <DELAY>1</DELAY>
  </CatchmentParameters>
  <VegetationZone>
    <VegetationZoneParameters>
      <TT>-2.0520234221633658</TT>
      <CFMAX>2.7032171664056928</CFMAX>
      <SP>0</SP>
      <SFCF>1.3005925944029968</SFCF>
      <CFR>0.082059982179857244</CFR>
      <CWH>0.19994685531198481</CWH>
      <CFGlacier>1</CFGlacier>
      <CFSlope>1</CFSlope>
      <FC>1993.6353310663737</FC>
      <LP>0.5757003402263704</LP>
      <BETA>1.2545839412182473</BETA>
    </VegetationZoneParameters>
  </VegetationZone>
  <SubCatchment>
    <SubCatchmentParameters>
      <KSI>0.001</KSI>
      <KGmin>0.05</KGmin>
      <RangeKG>0.1</RangeKG>
      <AG>0.1</AG>
      <PERC>1.1700231830316485</PERC>
      <Alpha>0</Alpha>
      <UZL>48.238412421210683</UZL>
      <K0>0.96527594933255012</K0>
      <K1>0.34660922485907408</K1>
      <K2>0.055229743360012205</K2>
      <MAXBAS>1</MAXBAS>
      <Cet>0.23200913726287128</Cet>
      <PCALT>3.3214200432531569</PCALT>
      <TCALT>0.20202420778272115</TCALT>
      <Pelev>436</Pelev>
      <Telev>436</Telev>
      <PART>0.5</PART>
      <DELAY>1</DELAY>
    </SubCatchmentParameters>
    <SubCatchmentVegetationZone>
      <SubCatchmentVegetationZoneParameters>
        <TT>-2.0520234221633658</TT>
        <CFMAX>2.7032171664056928</CFMAX>
        <SP>0</SP>
        <SFCF>1.3005925944029968</SFCF>
        <CFR>0.082059982179857244</CFR>
        <CWH>0.19994685531198481</CWH>
        <CFGlacier>1</CFGlacier>
        <CFSlope>1</CFSlope>
        <FC>1993.6353310663737</FC>
        <LP>0.5757003402263704</LP>
        <BETA>1.2545839412182473</BETA>
      </SubCatchmentVegetationZoneParameters>
    </SubCatchmentVegetationZone>
  </SubCatchment>
</Catchment>