<?xml version="1.0" encoding="utf-8"?>
<Catchment xmlns:xsi="http://www.w3.org/2001/XMLSchema-instance" xmlns:xsd="http://www.w3.org/2001/XMLSchema">
  <CatchmentParameters>
    <KSI>0.001</KSI>
    <KGmin>0.05</KGmin>
    <RangeKG>0.1</RangeKG>
    <AG>0.1</AG>
    <PERC>1.1093989021668367</PERC>
    <Alpha>0</Alpha>
    <UZL>50.69673275532724</UZL>
    <K0>0.96850646559848774</K0>
    <K1>0.33368630293990009</K1>
    <K2>0.054687755931873722</K2>
    <MAXBAS>1</MAXBAS>
    <Cet>0.1496581346962258</Cet>
    <PCALT>2.1796157151315829</PCALT>
    <TCALT>0.18882386290865719</TCALT>
    <Pelev>436</Pelev>
    <Telev>436</Telev>
    <PART>0.5</PART>
    <DELAY>1</DELAY>
  </CatchmentParameters>
  <VegetationZone>
    <VegetationZoneParameters>
      <TT>-1.7750172800971278</TT>
      <CFMAX>2.014145550107572</CFMAX>
      <SP>0</SP>
      <SFCF>0.781418920061713</SFCF>
      <CFR>0.099985628021591222</CFR>
      <CWH>0.19997887919125723</CWH>
      <CFGlacier>1</CFGlacier>
      <CFSlope>1</CFSlope>
      <FC>1835.0582515388526</FC>
      <LP>0.7553161908378957</LP>
      <BETA>1.6660013894413241</BETA>
    </VegetationZoneParameters>
  </VegetationZone>
  <SubCatchment>
    <SubCatchmentParameters>
      <KSI>0.001</KSI>
      <KGmin>0.05</KGmin>
      <RangeKG>0.1</RangeKG>
      <AG>0.1</AG>
      <PERC>1.1093989021668367</PERC>
      <Alpha>0</Alpha>
      <UZL>50.69673275532724</UZL>
      <K0>0.96850646559848774</K0>
      <K1>0.33368630293990009</K1>
      <K2>0.054687755931873722</K2>
      <MAXBAS>1</MAXBAS>
      <Cet>0.1496581346962258</Cet>
      <PCALT>2.1796157151315829</PCALT>
      <TCALT>0.18882386290865719</TCALT>
      <Pelev>436</Pelev>
      <Telev>436</Telev>
      <PART>0.5</PART>
      <DELAY>1</DELAY>
    </SubCatchmentParameters>
    <SubCatchmentVegetationZone>
      <SubCatchmentVegetationZoneParameters>
        <TT>-1.7750172800971278</TT>
        <CFMAX>2.014145550107572</CFMAX>
        <SP>0</SP>
        <SFCF>0.781418920061713</SFCF>
        <CFR>0.099985628021591222</CFR>
        <CWH>0.19997887919125723</CWH>
        <CFGlacier>1</CFGlacier>
        <CFSlope>1</CFSlope>
        <FC>1835.0582515388526</FC>
        <LP>0.7553161908378957</LP>
        <BETA>1.6660013894413241</BETA>
      </SubCatchmentVegetationZoneParameters>
    </SubCatchmentVegetationZone>
  </SubCatchment>
</Catchment>