<?xml version="1.0" encoding="utf-8"?>
<Catchment xmlns:xsi="http://www.w3.org/2001/XMLSchema-instance" xmlns:xsd="http://www.w3.org/2001/XMLSchema">
  <CatchmentParameters>
    <KSI>0.001</KSI>
    <KGmin>0.05</KGmin>
    <RangeKG>0.1</RangeKG>
    <AG>0.1</AG>
    <PERC>1.1262857038897411</PERC>
    <Alpha>0</Alpha>
    <UZL>47.971296215590989</UZL>
    <K0>0.98234942746697318</K0>
    <K1>0.34078114676855104</K1>
    <K2>0.054055723487280924</K2>
    <MAXBAS>1</MAXBAS>
    <Cet>0.18959723791513714</Cet>
    <PCALT>1.0280382232200065</PCALT>
    <TCALT>0.26193682646159133</TCALT>
    <Pelev>436</Pelev>
    <Telev>436</Telev>
    <PART>0.5</PART>
    <DELAY>1</DELAY>
  </CatchmentParameters>
  <VegetationZone>
    <VegetationZoneParameters>
      <TT>-1.9657282553776385</TT>
      <CFMAX>2.5466296684149738</CFMAX>
      <SP>0</SP>
      <SFCF>1.0964537262200449</SFCF>
      <CFR>0.099988750072388249</CFR>
      <CWH>0.19997742228009971</CWH>
      <CFGlacier>1</CFGlacier>
      <CFSlope>1</CFSlope>
      <FC>1617.5093028286376</FC>
      <LP>0.5923599902355</LP>
      <BETA>1.134859635540532</BETA>
    </VegetationZoneParameters>
  </VegetationZone>
  <SubCatchment>
    <SubCatchmentParameters>
      <KSI>0.001</KSI>
      <KGmin>0.05</KGmin>
      <RangeKG>0.1</RangeKG>
      <AG>0.1</AG>
      <PERC>1.1262857038897411</PERC>
      <Alpha>0</Alpha>
      <UZL>47.971296215590989</UZL>
      <K0>0.98234942746697318</K0>
      <K1>0.34078114676855104</K1>
      <K2>0.054055723487280924</K2>
      <MAXBAS>1</MAXBAS>
      <Cet>0.18959723791513714</Cet>
      <PCALT>1.0280382232200065</PCALT>
      <TCALT>0.26193682646159133</TCALT>
      <Pelev>436</Pelev>
      <Telev>436</Telev>
      <PART>0.5</PART>
      <DELAY>1</DELAY>
    </SubCatchmentParameters>
    <SubCatchmentVegetationZone>
      <SubCatchmentVegetationZoneParameters>
        <TT>-1.9657282553776385</TT>
        <CFMAX>2.5466296684149738</CFMAX>
        <SP>0</SP>
        <SFCF>1.0964537262200449</SFCF>
        <CFR>0.099988750072388249</CFR>
        <CWH>0.19997742228009971</CWH>
        <CFGlacier>1</CFGlacier>
        <CFSlope>1</CFSlope>
        <FC>1617.5093028286376</FC>
        <LP>0.5923599902355</LP>
        <BETA>1.134859635540532</BETA>
      </SubCatchmentVegetationZoneParameters>
    </SubCatchmentVegetationZone>
  </SubCatchment>
</Catchment>