<?xml version="1.0" encoding="utf-8"?>
<Catchment xmlns:xsi="http://www.w3.org/2001/XMLSchema-instance" xmlns:xsd="http://www.w3.org/2001/XMLSchema">
  <CatchmentParameters>
    <KSI>0.001</KSI>
    <KGmin>0.05</KGmin>
    <RangeKG>0.1</RangeKG>
    <AG>0.1</AG>
    <PERC>0.7542604271457406</PERC>
    <Alpha>0</Alpha>
    <UZL>59.039050986574829</UZL>
    <K0>0.98997704822263743</K0>
    <K1>0.32450061662830643</K1>
    <K2>0.049766382946717369</K2>
    <MAXBAS>1</MAXBAS>
    <Cet>0.15311082371923473</Cet>
    <PCALT>1.5149812129233968</PCALT>
    <TCALT>0.29817155746453028</TCALT>
    <Pelev>436</Pelev>
    <Telev>436</Telev>
    <PART>0.5</PART>
    <DELAY>1</DELAY>
  </CatchmentParameters>
  <VegetationZone>
    <VegetationZoneParameters>
      <TT>-2.1053773923422372</TT>
      <CFMAX>2.4680847312898475</CFMAX>
      <SP>0</SP>
      <SFCF>1.0734147662341989</SFCF>
      <CFR>0.055608639873578551</CFR>
      <CWH>0.1559724115926184</CWH>
      <CFGlacier>1</CFGlacier>
      <CFSlope>1</CFSlope>
      <FC>1761.6977448287823</FC>
      <LP>0.87068607737049619</LP>
      <BETA>2.0859111383827091</BETA>
    </VegetationZoneParameters>
  </VegetationZone>
  <SubCatchment>
    <SubCatchmentParameters>
      <KSI>0.001</KSI>
      <KGmin>0.05</KGmin>
      <RangeKG>0.1</RangeKG>
      <AG>0.1</AG>
      <PERC>0.7542604271457406</PERC>
      <Alpha>0</Alpha>
      <UZL>59.039050986574829</UZL>
      <K0>0.98997704822263743</K0>
      <K1>0.32450061662830643</K1>
      <K2>0.049766382946717369</K2>
      <MAXBAS>1</MAXBAS>
      <Cet>0.15311082371923473</Cet>
      <PCALT>1.5149812129233968</PCALT>
      <TCALT>0.29817155746453028</TCALT>
      <Pelev>436</Pelev>
      <Telev>436</Telev>
      <PART>0.5</PART>
      <DELAY>1</DELAY>
    </SubCatchmentParameters>
    <SubCatchmentVegetationZone>
      <SubCatchmentVegetationZoneParameters>
        <TT>-2.1053773923422372</TT>
        <CFMAX>2.4680847312898475</CFMAX>
        <SP>0</SP>
        <SFCF>1.0734147662341989</SFCF>
        <CFR>0.055608639873578551</CFR>
        <CWH>0.1559724115926184</CWH>
        <CFGlacier>1</CFGlacier>
        <CFSlope>1</CFSlope>
        <FC>1761.6977448287823</FC>
        <LP>0.87068607737049619</LP>
        <BETA>2.0859111383827091</BETA>
      </SubCatchmentVegetationZoneParameters>
    </SubCatchmentVegetationZone>
  </SubCatchment>
</Catchment>