<?xml version="1.0" encoding="utf-8"?>
<Catchment xmlns:xsi="http://www.w3.org/2001/XMLSchema-instance" xmlns:xsd="http://www.w3.org/2001/XMLSchema">
  <CatchmentParameters>
    <KSI>0.001</KSI>
    <KGmin>0.05</KGmin>
    <RangeKG>0.1</RangeKG>
    <AG>0.1</AG>
    <PERC>0.96685028353169511</PERC>
    <Alpha>0</Alpha>
    <UZL>51.880794258807569</UZL>
    <K0>0.94584965739981808</K0>
    <K1>0.33227825954617191</K1>
    <K2>0.053133806409137042</K2>
    <MAXBAS>1</MAXBAS>
    <Cet>0.19575017974051953</Cet>
    <PCALT>2.8783470086850067</PCALT>
    <TCALT>0.31767533803917225</TCALT>
    <Pelev>436</Pelev>
    <Telev>436</Telev>
    <PART>0.5</PART>
    <DELAY>1</DELAY>
  </CatchmentParameters>
  <VegetationZone>
    <VegetationZoneParameters>
      <TT>-2.1761969470284095</TT>
      <CFMAX>1.8152371139052042</CFMAX>
      <SP>0</SP>
      <SFCF>0.70046558542337145</SFCF>
      <CFR>0.07468281579228403</CFR>
      <CWH>0.16262344340956242</CWH>
      <CFGlacier>1</CFGlacier>
      <CFSlope>1</CFSlope>
      <FC>2012.4387900129837</FC>
      <LP>0.80404000534549969</LP>
      <BETA>1.8722011755350734</BETA>
    </VegetationZoneParameters>
  </VegetationZone>
  <SubCatchment>
    <SubCatchmentParameters>
      <KSI>0.001</KSI>
      <KGmin>0.05</KGmin>
      <RangeKG>0.1</RangeKG>
      <AG>0.1</AG>
      <PERC>0.96685028353169511</PERC>
      <Alpha>0</Alpha>
      <UZL>51.880794258807569</UZL>
      <K0>0.94584965739981808</K0>
      <K1>0.33227825954617191</K1>
      <K2>0.053133806409137042</K2>
      <MAXBAS>1</MAXBAS>
      <Cet>0.19575017974051953</Cet>
      <PCALT>2.8783470086850067</PCALT>
      <TCALT>0.31767533803917225</TCALT>
      <Pelev>436</Pelev>
      <Telev>436</Telev>
      <PART>0.5</PART>
      <DELAY>1</DELAY>
    </SubCatchmentParameters>
    <SubCatchmentVegetationZone>
      <SubCatchmentVegetationZoneParameters>
        <TT>-2.1761969470284095</TT>
        <CFMAX>1.8152371139052042</CFMAX>
        <SP>0</SP>
        <SFCF>0.70046558542337145</SFCF>
        <CFR>0.07468281579228403</CFR>
        <CWH>0.16262344340956242</CWH>
        <CFGlacier>1</CFGlacier>
        <CFSlope>1</CFSlope>
        <FC>2012.4387900129837</FC>
        <LP>0.80404000534549969</LP>
        <BETA>1.8722011755350734</BETA>
      </SubCatchmentVegetationZoneParameters>
    </SubCatchmentVegetationZone>
  </SubCatchment>
</Catchment>