<?xml version="1.0" encoding="utf-8"?>
<Catchment xmlns:xsi="http://www.w3.org/2001/XMLSchema-instance" xmlns:xsd="http://www.w3.org/2001/XMLSchema">
  <CatchmentParameters>
    <KSI>0.001</KSI>
    <KGmin>0.05</KGmin>
    <RangeKG>0.1</RangeKG>
    <AG>0.1</AG>
    <PERC>0.98744013880755344</PERC>
    <Alpha>0</Alpha>
    <UZL>51.902445868259349</UZL>
    <K0>0.96170879761618022</K0>
    <K1>0.33180806821380548</K1>
    <K2>0.052034393836061434</K2>
    <MAXBAS>1</MAXBAS>
    <Cet>0.13618881597789836</Cet>
    <PCALT>0.9081562950646378</PCALT>
    <TCALT>0.3997029785979202</TCALT>
    <Pelev>436</Pelev>
    <Telev>436</Telev>
    <PART>0.5</PART>
    <DELAY>1</DELAY>
  </CatchmentParameters>
  <VegetationZone>
    <VegetationZoneParameters>
      <TT>-2.18338732550863</TT>
      <CFMAX>2.1312773397983604</CFMAX>
      <SP>0</SP>
      <SFCF>0.76021930522698755</SFCF>
      <CFR>0.021025701568100925</CFR>
      <CWH>0.12145296676147896</CWH>
      <CFGlacier>1</CFGlacier>
      <CFSlope>1</CFSlope>
      <FC>1467.6022870787815</FC>
      <LP>0.72219461563668408</LP>
      <BETA>1.5629729428170003</BETA>
    </VegetationZoneParameters>
  </VegetationZone>
  <SubCatchment>
    <SubCatchmentParameters>
      <KSI>0.001</KSI>
      <KGmin>0.05</KGmin>
      <RangeKG>0.1</RangeKG>
      <AG>0.1</AG>
      <PERC>0.98744013880755344</PERC>
      <Alpha>0</Alpha>
      <UZL>51.902445868259349</UZL>
      <K0>0.96170879761618022</K0>
      <K1>0.33180806821380548</K1>
      <K2>0.052034393836061434</K2>
      <MAXBAS>1</MAXBAS>
      <Cet>0.13618881597789836</Cet>
      <PCALT>0.9081562950646378</PCALT>
      <TCALT>0.3997029785979202</TCALT>
      <Pelev>436</Pelev>
      <Telev>436</Telev>
      <PART>0.5</PART>
      <DELAY>1</DELAY>
    </SubCatchmentParameters>
    <SubCatchmentVegetationZone>
      <SubCatchmentVegetationZoneParameters>
        <TT>-2.18338732550863</TT>
        <CFMAX>2.1312773397983604</CFMAX>
        <SP>0</SP>
        <SFCF>0.76021930522698755</SFCF>
        <CFR>0.021025701568100925</CFR>
        <CWH>0.12145296676147896</CWH>
        <CFGlacier>1</CFGlacier>
        <CFSlope>1</CFSlope>
        <FC>1467.6022870787815</FC>
        <LP>0.72219461563668408</LP>
        <BETA>1.5629729428170003</BETA>
      </SubCatchmentVegetationZoneParameters>
    </SubCatchmentVegetationZone>
  </SubCatchment>
</Catchment>