<?xml version="1.0" encoding="utf-8"?>
<Catchment xmlns:xsi="http://www.w3.org/2001/XMLSchema-instance" xmlns:xsd="http://www.w3.org/2001/XMLSchema">
  <CatchmentParameters>
    <KSI>0.001</KSI>
    <KGmin>0.05</KGmin>
    <RangeKG>0.1</RangeKG>
    <AG>0.1</AG>
    <PERC>0.95682420925535094</PERC>
    <Alpha>0</Alpha>
    <UZL>56.59148964743973</UZL>
    <K0>0.98996550097379366</K0>
    <K1>0.33261841454248736</K1>
    <K2>0.052905937302318004</K2>
    <MAXBAS>1</MAXBAS>
    <Cet>0.16878272028259339</Cet>
    <PCALT>2.7221421272915793</PCALT>
    <TCALT>0.33476210378036059</TCALT>
    <Pelev>436</Pelev>
    <Telev>436</Telev>
    <PART>0.5</PART>
    <DELAY>1</DELAY>
  </CatchmentParameters>
  <VegetationZone>
    <VegetationZoneParameters>
      <TT>-1.8758541134668605</TT>
      <CFMAX>4.9998108993599475</CFMAX>
      <SP>0</SP>
      <SFCF>0.8962624911783198</SFCF>
      <CFR>0.04382751330533502</CFR>
      <CWH>0.12837264821728212</CWH>
      <CFGlacier>1</CFGlacier>
      <CFSlope>1</CFSlope>
      <FC>2047.3716279338544</FC>
      <LP>0.864730170748191</LP>
      <BETA>2.2010191381389483</BETA>
    </VegetationZoneParameters>
  </VegetationZone>
  <SubCatchment>
    <SubCatchmentParameters>
      <KSI>0.001</KSI>
      <KGmin>0.05</KGmin>
      <RangeKG>0.1</RangeKG>
      <AG>0.1</AG>
      <PERC>0.95682420925535094</PERC>
      <Alpha>0</Alpha>
      <UZL>56.59148964743973</UZL>
      <K0>0.98996550097379366</K0>
      <K1>0.33261841454248736</K1>
      <K2>0.052905937302318004</K2>
      <MAXBAS>1</MAXBAS>
      <Cet>0.16878272028259339</Cet>
      <PCALT>2.7221421272915793</PCALT>
      <TCALT>0.33476210378036059</TCALT>
      <Pelev>436</Pelev>
      <Telev>436</Telev>
      <PART>0.5</PART>
      <DELAY>1</DELAY>
    </SubCatchmentParameters>
    <SubCatchmentVegetationZone>
      <SubCatchmentVegetationZoneParameters>
        <TT>-1.8758541134668605</TT>
        <CFMAX>4.9998108993599475</CFMAX>
        <SP>0</SP>
        <SFCF>0.8962624911783198</SFCF>
        <CFR>0.04382751330533502</CFR>
        <CWH>0.12837264821728212</CWH>
        <CFGlacier>1</CFGlacier>
        <CFSlope>1</CFSlope>
        <FC>2047.3716279338544</FC>
        <LP>0.864730170748191</LP>
        <BETA>2.2010191381389483</BETA>
      </SubCatchmentVegetationZoneParameters>
    </SubCatchmentVegetationZone>
  </SubCatchment>
</Catchment>