<?xml version="1.0" encoding="utf-8"?>
<Catchment xmlns:xsi="http://www.w3.org/2001/XMLSchema-instance" xmlns:xsd="http://www.w3.org/2001/XMLSchema">
  <CatchmentParameters>
    <KSI>0.001</KSI>
    <KGmin>0.05</KGmin>
    <RangeKG>0.1</RangeKG>
    <AG>0.1</AG>
    <PERC>0.83486932481144172</PERC>
    <Alpha>0</Alpha>
    <UZL>54.259281461971732</UZL>
    <K0>0.95593194886864163</K0>
    <K1>0.31442214683349573</K1>
    <K2>0.050830389590463786</K2>
    <MAXBAS>1</MAXBAS>
    <Cet>0.093301629118914958</Cet>
    <PCALT>1.5525726406864711</PCALT>
    <TCALT>0.15028423402588498</TCALT>
    <Pelev>436</Pelev>
    <Telev>436</Telev>
    <PART>0.5</PART>
    <DELAY>1</DELAY>
  </CatchmentParameters>
  <VegetationZone>
    <VegetationZoneParameters>
      <TT>-1.9757094788346312</TT>
      <CFMAX>2.8413821749484605</CFMAX>
      <SP>0</SP>
      <SFCF>1.26987941486056</SFCF>
      <CFR>0.099976777521137289</CFR>
      <CWH>0.19993321576596343</CWH>
      <CFGlacier>1</CFGlacier>
      <CFSlope>1</CFSlope>
      <FC>1689.1523792102616</FC>
      <LP>0.78336173750824623</LP>
      <BETA>1.9078563822477475</BETA>
    </VegetationZoneParameters>
  </VegetationZone>
  <SubCatchment>
    <SubCatchmentParameters>
      <KSI>0.001</KSI>
      <KGmin>0.05</KGmin>
      <RangeKG>0.1</RangeKG>
      <AG>0.1</AG>
      <PERC>0.83486932481144172</PERC>
      <Alpha>0</Alpha>
      <UZL>54.259281461971732</UZL>
      <K0>0.95593194886864163</K0>
      <K1>0.31442214683349573</K1>
      <K2>0.050830389590463786</K2>
      <MAXBAS>1</MAXBAS>
      <Cet>0.093301629118914958</Cet>
      <PCALT>1.5525726406864711</PCALT>
      <TCALT>0.15028423402588498</TCALT>
      <Pelev>436</Pelev>
      <Telev>436</Telev>
      <PART>0.5</PART>
      <DELAY>1</DELAY>
    </SubCatchmentParameters>
    <SubCatchmentVegetationZone>
      <SubCatchmentVegetationZoneParameters>
        <TT>-1.9757094788346312</TT>
        <CFMAX>2.8413821749484605</CFMAX>
        <SP>0</SP>
        <SFCF>1.26987941486056</SFCF>
        <CFR>0.099976777521137289</CFR>
        <CWH>0.19993321576596343</CWH>
        <CFGlacier>1</CFGlacier>
        <CFSlope>1</CFSlope>
        <FC>1689.1523792102616</FC>
        <LP>0.78336173750824623</LP>
        <BETA>1.9078563822477475</BETA>
      </SubCatchmentVegetationZoneParameters>
    </SubCatchmentVegetationZone>
  </SubCatchment>
</Catchment>