<?xml version="1.0" encoding="utf-8"?>
<Catchment xmlns:xsi="http://www.w3.org/2001/XMLSchema-instance" xmlns:xsd="http://www.w3.org/2001/XMLSchema">
  <CatchmentParameters>
    <KSI>0.001</KSI>
    <KGmin>0.05</KGmin>
    <RangeKG>0.1</RangeKG>
    <AG>0.1</AG>
    <PERC>0.80210763446969768</PERC>
    <Alpha>0</Alpha>
    <UZL>57.56342016025922</UZL>
    <K0>0.98998380138909059</K0>
    <K1>0.32456228380159319</K1>
    <K2>0.0508192905688288</K2>
    <MAXBAS>1</MAXBAS>
    <Cet>0.12356781476661273</Cet>
    <PCALT>4.4978650753856257</PCALT>
    <TCALT>0.32968992550582304</TCALT>
    <Pelev>436</Pelev>
    <Telev>436</Telev>
    <PART>0.5</PART>
    <DELAY>1</DELAY>
  </CatchmentParameters>
  <VegetationZone>
    <VegetationZoneParameters>
      <TT>-2.40866516430387</TT>
      <CFMAX>2.1981595190723953</CFMAX>
      <SP>0</SP>
      <SFCF>0.93706038922533963</SFCF>
      <CFR>0.09997142018346114</CFR>
      <CWH>0.19995780500877058</CWH>
      <CFGlacier>1</CFGlacier>
      <CFSlope>1</CFSlope>
      <FC>2160.5156070345715</FC>
      <LP>0.71344098345113249</LP>
      <BETA>2.0533532216464145</BETA>
    </VegetationZoneParameters>
  </VegetationZone>
  <SubCatchment>
    <SubCatchmentParameters>
      <KSI>0.001</KSI>
      <KGmin>0.05</KGmin>
      <RangeKG>0.1</RangeKG>
      <AG>0.1</AG>
      <PERC>0.80210763446969768</PERC>
      <Alpha>0</Alpha>
      <UZL>57.56342016025922</UZL>
      <K0>0.98998380138909059</K0>
      <K1>0.32456228380159319</K1>
      <K2>0.0508192905688288</K2>
      <MAXBAS>1</MAXBAS>
      <Cet>0.12356781476661273</Cet>
      <PCALT>4.4978650753856257</PCALT>
      <TCALT>0.32968992550582304</TCALT>
      <Pelev>436</Pelev>
      <Telev>436</Telev>
      <PART>0.5</PART>
      <DELAY>1</DELAY>
    </SubCatchmentParameters>
    <SubCatchmentVegetationZone>
      <SubCatchmentVegetationZoneParameters>
        <TT>-2.40866516430387</TT>
        <CFMAX>2.1981595190723953</CFMAX>
        <SP>0</SP>
        <SFCF>0.93706038922533963</SFCF>
        <CFR>0.09997142018346114</CFR>
        <CWH>0.19995780500877058</CWH>
        <CFGlacier>1</CFGlacier>
        <CFSlope>1</CFSlope>
        <FC>2160.5156070345715</FC>
        <LP>0.71344098345113249</LP>
        <BETA>2.0533532216464145</BETA>
      </SubCatchmentVegetationZoneParameters>
    </SubCatchmentVegetationZone>
  </SubCatchment>
</Catchment>