<?xml version="1.0" encoding="utf-8"?>
<Catchment xmlns:xsi="http://www.w3.org/2001/XMLSchema-instance" xmlns:xsd="http://www.w3.org/2001/XMLSchema">
  <CatchmentParameters>
    <KSI>0.001</KSI>
    <KGmin>0.05</KGmin>
    <RangeKG>0.1</RangeKG>
    <AG>0.1</AG>
    <PERC>1.1200625970613998</PERC>
    <Alpha>0</Alpha>
    <UZL>51.5792750405775</UZL>
    <K0>0.98998112732192689</K0>
    <K1>0.32777533215718052</K1>
    <K2>0.05931639095353694</K2>
    <MAXBAS>1</MAXBAS>
    <Cet>0.12495822901585804</Cet>
    <PCALT>0.84130101675996327</PCALT>
    <TCALT>0.3106000829343748</TCALT>
    <Pelev>436</Pelev>
    <Telev>436</Telev>
    <PART>0.5</PART>
    <DELAY>1</DELAY>
  </CatchmentParameters>
  <VegetationZone>
    <VegetationZoneParameters>
      <TT>-2.2227483305017759</TT>
      <CFMAX>2.7332979933235859</CFMAX>
      <SP>0</SP>
      <SFCF>1.3399567673932848</SFCF>
      <CFR>0.08771619453139054</CFR>
      <CWH>0.17134205023094343</CWH>
      <CFGlacier>1</CFGlacier>
      <CFSlope>1</CFSlope>
      <FC>1695.3031767433595</FC>
      <LP>0.7813238352897417</LP>
      <BETA>1.6053921967880862</BETA>
    </VegetationZoneParameters>
  </VegetationZone>
  <SubCatchment>
    <SubCatchmentParameters>
      <KSI>0.001</KSI>
      <KGmin>0.05</KGmin>
      <RangeKG>0.1</RangeKG>
      <AG>0.1</AG>
      <PERC>1.1200625970613998</PERC>
      <Alpha>0</Alpha>
      <UZL>51.5792750405775</UZL>
      <K0>0.98998112732192689</K0>
      <K1>0.32777533215718052</K1>
      <K2>0.05931639095353694</K2>
      <MAXBAS>1</MAXBAS>
      <Cet>0.12495822901585804</Cet>
      <PCALT>0.84130101675996327</PCALT>
      <TCALT>0.3106000829343748</TCALT>
      <Pelev>436</Pelev>
      <Telev>436</Telev>
      <PART>0.5</PART>
      <DELAY>1</DELAY>
    </SubCatchmentParameters>
    <SubCatchmentVegetationZone>
      <SubCatchmentVegetationZoneParameters>
        <TT>-2.2227483305017759</TT>
        <CFMAX>2.7332979933235859</CFMAX>
        <SP>0</SP>
        <SFCF>1.3399567673932848</SFCF>
        <CFR>0.08771619453139054</CFR>
        <CWH>0.17134205023094343</CWH>
        <CFGlacier>1</CFGlacier>
        <CFSlope>1</CFSlope>
        <FC>1695.3031767433595</FC>
        <LP>0.7813238352897417</LP>
        <BETA>1.6053921967880862</BETA>
      </SubCatchmentVegetationZoneParameters>
    </SubCatchmentVegetationZone>
  </SubCatchment>
</Catchment>