<?xml version="1.0" encoding="utf-8"?>
<Catchment xmlns:xsi="http://www.w3.org/2001/XMLSchema-instance" xmlns:xsd="http://www.w3.org/2001/XMLSchema">
  <CatchmentParameters>
    <KSI>0.001</KSI>
    <KGmin>0.05</KGmin>
    <RangeKG>0.1</RangeKG>
    <AG>0.1</AG>
    <PERC>0.87800590757154739</PERC>
    <Alpha>0</Alpha>
    <UZL>53.245515201055383</UZL>
    <K0>0.90458728507611819</K0>
    <K1>0.3300088787096459</K1>
    <K2>0.051557947961932235</K2>
    <MAXBAS>1</MAXBAS>
    <Cet>0.11016734019287372</Cet>
    <PCALT>1.7394422325940506</PCALT>
    <TCALT>0.10710634490704074</TCALT>
    <Pelev>436</Pelev>
    <Telev>436</Telev>
    <PART>0.5</PART>
    <DELAY>1</DELAY>
  </CatchmentParameters>
  <VegetationZone>
    <VegetationZoneParameters>
      <TT>-1.9904101327188533</TT>
      <CFMAX>1.1921258050235035</CFMAX>
      <SP>0</SP>
      <SFCF>1.0346352455799057</SFCF>
      <CFR>0.012596464920482373</CFR>
      <CWH>0.19993708143406866</CWH>
      <CFGlacier>1</CFGlacier>
      <CFSlope>1</CFSlope>
      <FC>1844.5380652692652</FC>
      <LP>0.8590159812575453</LP>
      <BETA>2.1545861787332004</BETA>
    </VegetationZoneParameters>
  </VegetationZone>
  <SubCatchment>
    <SubCatchmentParameters>
      <KSI>0.001</KSI>
      <KGmin>0.05</KGmin>
      <RangeKG>0.1</RangeKG>
      <AG>0.1</AG>
      <PERC>0.87800590757154739</PERC>
      <Alpha>0</Alpha>
      <UZL>53.245515201055383</UZL>
      <K0>0.90458728507611819</K0>
      <K1>0.3300088787096459</K1>
      <K2>0.051557947961932235</K2>
      <MAXBAS>1</MAXBAS>
      <Cet>0.11016734019287372</Cet>
      <PCALT>1.7394422325940506</PCALT>
      <TCALT>0.10710634490704074</TCALT>
      <Pelev>436</Pelev>
      <Telev>436</Telev>
      <PART>0.5</PART>
      <DELAY>1</DELAY>
    </SubCatchmentParameters>
    <SubCatchmentVegetationZone>
      <SubCatchmentVegetationZoneParameters>
        <TT>-1.9904101327188533</TT>
        <CFMAX>1.1921258050235035</CFMAX>
        <SP>0</SP>
        <SFCF>1.0346352455799057</SFCF>
        <CFR>0.012596464920482373</CFR>
        <CWH>0.19993708143406866</CWH>
        <CFGlacier>1</CFGlacier>
        <CFSlope>1</CFSlope>
        <FC>1844.5380652692652</FC>
        <LP>0.8590159812575453</LP>
        <BETA>2.1545861787332004</BETA>
      </SubCatchmentVegetationZoneParameters>
    </SubCatchmentVegetationZone>
  </SubCatchment>
</Catchment>