<?xml version="1.0" encoding="utf-8"?>
<Catchment xmlns:xsi="http://www.w3.org/2001/XMLSchema-instance" xmlns:xsd="http://www.w3.org/2001/XMLSchema">
  <CatchmentParameters>
    <KSI>0.001</KSI>
    <KGmin>0.05</KGmin>
    <RangeKG>0.1</RangeKG>
    <AG>0.1</AG>
    <PERC>0.91475945895379906</PERC>
    <Alpha>0</Alpha>
    <UZL>53.273086764611634</UZL>
    <K0>0.98999451145953621</K0>
    <K1>0.31695536489668119</K1>
    <K2>0.050200072778833052</K2>
    <MAXBAS>1</MAXBAS>
    <Cet>0.24718123271757772</Cet>
    <PCALT>0.1472998352330446</PCALT>
    <TCALT>0.34630666925612819</TCALT>
    <Pelev>436</Pelev>
    <Telev>436</Telev>
    <PART>0.5</PART>
    <DELAY>1</DELAY>
  </CatchmentParameters>
  <VegetationZone>
    <VegetationZoneParameters>
      <TT>-2.3050982662415356</TT>
      <CFMAX>2.2470357625249564</CFMAX>
      <SP>0</SP>
      <SFCF>0.95956185174557818</SFCF>
      <CFR>0.099962933561162273</CFR>
      <CWH>0.19998387686278357</CWH>
      <CFGlacier>1</CFGlacier>
      <CFSlope>1</CFSlope>
      <FC>1337.1383224331214</FC>
      <LP>0.58595122055053461</LP>
      <BETA>1.1721203263876869</BETA>
    </VegetationZoneParameters>
  </VegetationZone>
  <SubCatchment>
    <SubCatchmentParameters>
      <KSI>0.001</KSI>
      <KGmin>0.05</KGmin>
      <RangeKG>0.1</RangeKG>
      <AG>0.1</AG>
      <PERC>0.91475945895379906</PERC>
      <Alpha>0</Alpha>
      <UZL>53.273086764611634</UZL>
      <K0>0.98999451145953621</K0>
      <K1>0.31695536489668119</K1>
      <K2>0.050200072778833052</K2>
      <MAXBAS>1</MAXBAS>
      <Cet>0.24718123271757772</Cet>
      <PCALT>0.1472998352330446</PCALT>
      <TCALT>0.34630666925612819</TCALT>
      <Pelev>436</Pelev>
      <Telev>436</Telev>
      <PART>0.5</PART>
      <DELAY>1</DELAY>
    </SubCatchmentParameters>
    <SubCatchmentVegetationZone>
      <SubCatchmentVegetationZoneParameters>
        <TT>-2.3050982662415356</TT>
        <CFMAX>2.2470357625249564</CFMAX>
        <SP>0</SP>
        <SFCF>0.95956185174557818</SFCF>
        <CFR>0.099962933561162273</CFR>
        <CWH>0.19998387686278357</CWH>
        <CFGlacier>1</CFGlacier>
        <CFSlope>1</CFSlope>
        <FC>1337.1383224331214</FC>
        <LP>0.58595122055053461</LP>
        <BETA>1.1721203263876869</BETA>
      </SubCatchmentVegetationZoneParameters>
    </SubCatchmentVegetationZone>
  </SubCatchment>
</Catchment>