<?xml version="1.0" encoding="utf-8"?>
<Catchment xmlns:xsi="http://www.w3.org/2001/XMLSchema-instance" xmlns:xsd="http://www.w3.org/2001/XMLSchema">
  <CatchmentParameters>
    <KSI>0.001</KSI>
    <KGmin>0.05</KGmin>
    <RangeKG>0.1</RangeKG>
    <AG>0.1</AG>
    <PERC>1.0641334469727648</PERC>
    <Alpha>0</Alpha>
    <UZL>48.747016557368255</UZL>
    <K0>0.87648388997826088</K0>
    <K1>0.34378582378389066</K1>
    <K2>0.053886841071511343</K2>
    <MAXBAS>1</MAXBAS>
    <Cet>0.13000120926057687</Cet>
    <PCALT>2.5055444623318284</PCALT>
    <TCALT>0.21621263180740716</TCALT>
    <Pelev>436</Pelev>
    <Telev>436</Telev>
    <PART>0.5</PART>
    <DELAY>1</DELAY>
  </CatchmentParameters>
  <VegetationZone>
    <VegetationZoneParameters>
      <TT>-2.0487782619813011</TT>
      <CFMAX>4.3990161412059088</CFMAX>
      <SP>0</SP>
      <SFCF>0.713182127687534</SFCF>
      <CFR>0.064762503854324888</CFR>
      <CWH>0.19999940912039102</CWH>
      <CFGlacier>1</CFGlacier>
      <CFSlope>1</CFSlope>
      <FC>1836.5594136034163</FC>
      <LP>0.709648815516239</LP>
      <BETA>1.6047825743647064</BETA>
    </VegetationZoneParameters>
  </VegetationZone>
  <SubCatchment>
    <SubCatchmentParameters>
      <KSI>0.001</KSI>
      <KGmin>0.05</KGmin>
      <RangeKG>0.1</RangeKG>
      <AG>0.1</AG>
      <PERC>1.0641334469727648</PERC>
      <Alpha>0</Alpha>
      <UZL>48.747016557368255</UZL>
      <K0>0.87648388997826088</K0>
      <K1>0.34378582378389066</K1>
      <K2>0.053886841071511343</K2>
      <MAXBAS>1</MAXBAS>
      <Cet>0.13000120926057687</Cet>
      <PCALT>2.5055444623318284</PCALT>
      <TCALT>0.21621263180740716</TCALT>
      <Pelev>436</Pelev>
      <Telev>436</Telev>
      <PART>0.5</PART>
      <DELAY>1</DELAY>
    </SubCatchmentParameters>
    <SubCatchmentVegetationZone>
      <SubCatchmentVegetationZoneParameters>
        <TT>-2.0487782619813011</TT>
        <CFMAX>4.3990161412059088</CFMAX>
        <SP>0</SP>
        <SFCF>0.713182127687534</SFCF>
        <CFR>0.064762503854324888</CFR>
        <CWH>0.19999940912039102</CWH>
        <CFGlacier>1</CFGlacier>
        <CFSlope>1</CFSlope>
        <FC>1836.5594136034163</FC>
        <LP>0.709648815516239</LP>
        <BETA>1.6047825743647064</BETA>
      </SubCatchmentVegetationZoneParameters>
    </SubCatchmentVegetationZone>
  </SubCatchment>
</Catchment>