<?xml version="1.0" encoding="utf-8"?>
<Catchment xmlns:xsi="http://www.w3.org/2001/XMLSchema-instance" xmlns:xsd="http://www.w3.org/2001/XMLSchema">
  <CatchmentParameters>
    <KSI>0.001</KSI>
    <KGmin>0.05</KGmin>
    <RangeKG>0.1</RangeKG>
    <AG>0.1</AG>
    <PERC>0.76602789666247217</PERC>
    <Alpha>0</Alpha>
    <UZL>55.567676550109908</UZL>
    <K0>0.98999192388291</K0>
    <K1>0.31001834457317745</K1>
    <K2>0.048536330108854955</K2>
    <MAXBAS>1</MAXBAS>
    <Cet>0.10903766432632656</Cet>
    <PCALT>0.46580982993454551</PCALT>
    <TCALT>0.37457850931311748</TCALT>
    <Pelev>436</Pelev>
    <Telev>436</Telev>
    <PART>0.5</PART>
    <DELAY>1</DELAY>
  </CatchmentParameters>
  <VegetationZone>
    <VegetationZoneParameters>
      <TT>-2.0810497020041443</TT>
      <CFMAX>2.7881154854604988</CFMAX>
      <SP>0</SP>
      <SFCF>0.54053497134706663</SFCF>
      <CFR>0.048271379553958577</CFR>
      <CWH>0.19964493042597872</CWH>
      <CFGlacier>1</CFGlacier>
      <CFSlope>1</CFSlope>
      <FC>1340.2627940613195</FC>
      <LP>0.6470592293689027</LP>
      <BETA>1.3900915180711437</BETA>
    </VegetationZoneParameters>
  </VegetationZone>
  <SubCatchment>
    <SubCatchmentParameters>
      <KSI>0.001</KSI>
      <KGmin>0.05</KGmin>
      <RangeKG>0.1</RangeKG>
      <AG>0.1</AG>
      <PERC>0.76602789666247217</PERC>
      <Alpha>0</Alpha>
      <UZL>55.567676550109908</UZL>
      <K0>0.98999192388291</K0>
      <K1>0.31001834457317745</K1>
      <K2>0.048536330108854955</K2>
      <MAXBAS>1</MAXBAS>
      <Cet>0.10903766432632656</Cet>
      <PCALT>0.46580982993454551</PCALT>
      <TCALT>0.37457850931311748</TCALT>
      <Pelev>436</Pelev>
      <Telev>436</Telev>
      <PART>0.5</PART>
      <DELAY>1</DELAY>
    </SubCatchmentParameters>
    <SubCatchmentVegetationZone>
      <SubCatchmentVegetationZoneParameters>
        <TT>-2.0810497020041443</TT>
        <CFMAX>2.7881154854604988</CFMAX>
        <SP>0</SP>
        <SFCF>0.54053497134706663</SFCF>
        <CFR>0.048271379553958577</CFR>
        <CWH>0.19964493042597872</CWH>
        <CFGlacier>1</CFGlacier>
        <CFSlope>1</CFSlope>
        <FC>1340.2627940613195</FC>
        <LP>0.6470592293689027</LP>
        <BETA>1.3900915180711437</BETA>
      </SubCatchmentVegetationZoneParameters>
    </SubCatchmentVegetationZone>
  </SubCatchment>
</Catchment>