<?xml version="1.0" encoding="utf-8"?>
<Catchment xmlns:xsi="http://www.w3.org/2001/XMLSchema-instance" xmlns:xsd="http://www.w3.org/2001/XMLSchema">
  <CatchmentParameters>
    <KSI>0.001</KSI>
    <KGmin>0.05</KGmin>
    <RangeKG>0.1</RangeKG>
    <AG>0.1</AG>
    <PERC>0.95690406321079258</PERC>
    <Alpha>0</Alpha>
    <UZL>52.987280604813925</UZL>
    <K0>0.9130452596218922</K0>
    <K1>0.33246175608945616</K1>
    <K2>0.052063965826182709</K2>
    <MAXBAS>1</MAXBAS>
    <Cet>0.18409184251607502</Cet>
    <PCALT>2.2524401158726572</PCALT>
    <TCALT>0.12218199275374386</TCALT>
    <Pelev>436</Pelev>
    <Telev>436</Telev>
    <PART>0.5</PART>
    <DELAY>1</DELAY>
  </CatchmentParameters>
  <VegetationZone>
    <VegetationZoneParameters>
      <TT>-1.9523467329329818</TT>
      <CFMAX>1.243444184887974</CFMAX>
      <SP>0</SP>
      <SFCF>0.59837371828502439</SFCF>
      <CFR>0.099176323809812936</CFR>
      <CWH>0.19997831515246561</CWH>
      <CFGlacier>1</CFGlacier>
      <CFSlope>1</CFSlope>
      <FC>1700.2105401515782</FC>
      <LP>0.76123780804697072</LP>
      <BETA>1.7698032310465077</BETA>
    </VegetationZoneParameters>
  </VegetationZone>
  <SubCatchment>
    <SubCatchmentParameters>
      <KSI>0.001</KSI>
      <KGmin>0.05</KGmin>
      <RangeKG>0.1</RangeKG>
      <AG>0.1</AG>
      <PERC>0.95690406321079258</PERC>
      <Alpha>0</Alpha>
      <UZL>52.987280604813925</UZL>
      <K0>0.9130452596218922</K0>
      <K1>0.33246175608945616</K1>
      <K2>0.052063965826182709</K2>
      <MAXBAS>1</MAXBAS>
      <Cet>0.18409184251607502</Cet>
      <PCALT>2.2524401158726572</PCALT>
      <TCALT>0.12218199275374386</TCALT>
      <Pelev>436</Pelev>
      <Telev>436</Telev>
      <PART>0.5</PART>
      <DELAY>1</DELAY>
    </SubCatchmentParameters>
    <SubCatchmentVegetationZone>
      <SubCatchmentVegetationZoneParameters>
        <TT>-1.9523467329329818</TT>
        <CFMAX>1.243444184887974</CFMAX>
        <SP>0</SP>
        <SFCF>0.59837371828502439</SFCF>
        <CFR>0.099176323809812936</CFR>
        <CWH>0.19997831515246561</CWH>
        <CFGlacier>1</CFGlacier>
        <CFSlope>1</CFSlope>
        <FC>1700.2105401515782</FC>
        <LP>0.76123780804697072</LP>
        <BETA>1.7698032310465077</BETA>
      </SubCatchmentVegetationZoneParameters>
    </SubCatchmentVegetationZone>
  </SubCatchment>
</Catchment>