<?xml version="1.0" encoding="utf-8"?>
<Catchment xmlns:xsi="http://www.w3.org/2001/XMLSchema-instance" xmlns:xsd="http://www.w3.org/2001/XMLSchema">
  <CatchmentParameters>
    <KSI>0.001</KSI>
    <KGmin>0.05</KGmin>
    <RangeKG>0.1</RangeKG>
    <AG>0.1</AG>
    <PERC>0.827953872304442</PERC>
    <Alpha>0</Alpha>
    <UZL>52.562595188672411</UZL>
    <K0>0.95648979470192408</K0>
    <K1>0.32695908972275833</K1>
    <K2>0.051035202907014236</K2>
    <MAXBAS>1</MAXBAS>
    <Cet>0.15157350006042811</Cet>
    <PCALT>3.7521076103504325</PCALT>
    <TCALT>0.2976772056530404</TCALT>
    <Pelev>436</Pelev>
    <Telev>436</Telev>
    <PART>0.5</PART>
    <DELAY>1</DELAY>
  </CatchmentParameters>
  <VegetationZone>
    <VegetationZoneParameters>
      <TT>-2.2973196042858808</TT>
      <CFMAX>1.9475195305323081</CFMAX>
      <SP>0</SP>
      <SFCF>0.98457800388015826</SFCF>
      <CFR>0.099609872490084461</CFR>
      <CWH>0.19992064298507126</CWH>
      <CFGlacier>1</CFGlacier>
      <CFSlope>1</CFSlope>
      <FC>1999.6037908044159</FC>
      <LP>0.67237137648568934</LP>
      <BETA>1.6855474452286587</BETA>
    </VegetationZoneParameters>
  </VegetationZone>
  <SubCatchment>
    <SubCatchmentParameters>
      <KSI>0.001</KSI>
      <KGmin>0.05</KGmin>
      <RangeKG>0.1</RangeKG>
      <AG>0.1</AG>
      <PERC>0.827953872304442</PERC>
      <Alpha>0</Alpha>
      <UZL>52.562595188672411</UZL>
      <K0>0.95648979470192408</K0>
      <K1>0.32695908972275833</K1>
      <K2>0.051035202907014236</K2>
      <MAXBAS>1</MAXBAS>
      <Cet>0.15157350006042811</Cet>
      <PCALT>3.7521076103504325</PCALT>
      <TCALT>0.2976772056530404</TCALT>
      <Pelev>436</Pelev>
      <Telev>436</Telev>
      <PART>0.5</PART>
      <DELAY>1</DELAY>
    </SubCatchmentParameters>
    <SubCatchmentVegetationZone>
      <SubCatchmentVegetationZoneParameters>
        <TT>-2.2973196042858808</TT>
        <CFMAX>1.9475195305323081</CFMAX>
        <SP>0</SP>
        <SFCF>0.98457800388015826</SFCF>
        <CFR>0.099609872490084461</CFR>
        <CWH>0.19992064298507126</CWH>
        <CFGlacier>1</CFGlacier>
        <CFSlope>1</CFSlope>
        <FC>1999.6037908044159</FC>
        <LP>0.67237137648568934</LP>
        <BETA>1.6855474452286587</BETA>
      </SubCatchmentVegetationZoneParameters>
    </SubCatchmentVegetationZone>
  </SubCatchment>
</Catchment>