<?xml version="1.0" encoding="utf-8"?>
<Catchment xmlns:xsi="http://www.w3.org/2001/XMLSchema-instance" xmlns:xsd="http://www.w3.org/2001/XMLSchema">
  <CatchmentParameters>
    <KSI>0.001</KSI>
    <KGmin>0.05</KGmin>
    <RangeKG>0.1</RangeKG>
    <AG>0.1</AG>
    <PERC>0.96465152558783962</PERC>
    <Alpha>0</Alpha>
    <UZL>53.884782805408165</UZL>
    <K0>0.9899843439421474</K0>
    <K1>0.32033348881422147</K1>
    <K2>0.052108415790138682</K2>
    <MAXBAS>1</MAXBAS>
    <Cet>0.11008008383331581</Cet>
    <PCALT>0.48604133058803789</PCALT>
    <TCALT>0.2248792590152279</TCALT>
    <Pelev>436</Pelev>
    <Telev>436</Telev>
    <PART>0.5</PART>
    <DELAY>1</DELAY>
  </CatchmentParameters>
  <VegetationZone>
    <VegetationZoneParameters>
      <TT>-1.9985733609945968</TT>
      <CFMAX>1.5990385831742149</CFMAX>
      <SP>0</SP>
      <SFCF>0.98686154557173911</SFCF>
      <CFR>0.08527011905397916</CFR>
      <CWH>0.19984427925744525</CWH>
      <CFGlacier>1</CFGlacier>
      <CFSlope>1</CFSlope>
      <FC>1479.9103476539974</FC>
      <LP>0.77942680441355316</LP>
      <BETA>1.6978727227389849</BETA>
    </VegetationZoneParameters>
  </VegetationZone>
  <SubCatchment>
    <SubCatchmentParameters>
      <KSI>0.001</KSI>
      <KGmin>0.05</KGmin>
      <RangeKG>0.1</RangeKG>
      <AG>0.1</AG>
      <PERC>0.96465152558783962</PERC>
      <Alpha>0</Alpha>
      <UZL>53.884782805408165</UZL>
      <K0>0.9899843439421474</K0>
      <K1>0.32033348881422147</K1>
      <K2>0.052108415790138682</K2>
      <MAXBAS>1</MAXBAS>
      <Cet>0.11008008383331581</Cet>
      <PCALT>0.48604133058803789</PCALT>
      <TCALT>0.2248792590152279</TCALT>
      <Pelev>436</Pelev>
      <Telev>436</Telev>
      <PART>0.5</PART>
      <DELAY>1</DELAY>
    </SubCatchmentParameters>
    <SubCatchmentVegetationZone>
      <SubCatchmentVegetationZoneParameters>
        <TT>-1.9985733609945968</TT>
        <CFMAX>1.5990385831742149</CFMAX>
        <SP>0</SP>
        <SFCF>0.98686154557173911</SFCF>
        <CFR>0.08527011905397916</CFR>
        <CWH>0.19984427925744525</CWH>
        <CFGlacier>1</CFGlacier>
        <CFSlope>1</CFSlope>
        <FC>1479.9103476539974</FC>
        <LP>0.77942680441355316</LP>
        <BETA>1.6978727227389849</BETA>
      </SubCatchmentVegetationZoneParameters>
    </SubCatchmentVegetationZone>
  </SubCatchment>
</Catchment>