<?xml version="1.0" encoding="utf-8"?>
<Catchment xmlns:xsi="http://www.w3.org/2001/XMLSchema-instance" xmlns:xsd="http://www.w3.org/2001/XMLSchema">
  <CatchmentParameters>
    <KSI>0.001</KSI>
    <KGmin>0.05</KGmin>
    <RangeKG>0.1</RangeKG>
    <AG>0.1</AG>
    <PERC>1.1646926408956615</PERC>
    <Alpha>0</Alpha>
    <UZL>48.844091556419187</UZL>
    <K0>0.92768928122042493</K0>
    <K1>0.34569445536878568</K1>
    <K2>0.055196492458207458</K2>
    <MAXBAS>1</MAXBAS>
    <Cet>0.10875730825628302</Cet>
    <PCALT>0.44888243781639164</PCALT>
    <TCALT>0.25602185210484163</TCALT>
    <Pelev>436</Pelev>
    <Telev>436</Telev>
    <PART>0.5</PART>
    <DELAY>1</DELAY>
  </CatchmentParameters>
  <VegetationZone>
    <VegetationZoneParameters>
      <TT>-2.01182386642788</TT>
      <CFMAX>2.0607110886797133</CFMAX>
      <SP>0</SP>
      <SFCF>1.0836957383244465</SFCF>
      <CFR>0.037736984156207215</CFR>
      <CWH>0.19996711240610091</CWH>
      <CFGlacier>1</CFGlacier>
      <CFSlope>1</CFSlope>
      <FC>1758.6794174445618</FC>
      <LP>0.87583667689805444</LP>
      <BETA>1.8427358260755529</BETA>
    </VegetationZoneParameters>
  </VegetationZone>
  <SubCatchment>
    <SubCatchmentParameters>
      <KSI>0.001</KSI>
      <KGmin>0.05</KGmin>
      <RangeKG>0.1</RangeKG>
      <AG>0.1</AG>
      <PERC>1.1646926408956615</PERC>
      <Alpha>0</Alpha>
      <UZL>48.844091556419187</UZL>
      <K0>0.92768928122042493</K0>
      <K1>0.34569445536878568</K1>
      <K2>0.055196492458207458</K2>
      <MAXBAS>1</MAXBAS>
      <Cet>0.10875730825628302</Cet>
      <PCALT>0.44888243781639164</PCALT>
      <TCALT>0.25602185210484163</TCALT>
      <Pelev>436</Pelev>
      <Telev>436</Telev>
      <PART>0.5</PART>
      <DELAY>1</DELAY>
    </SubCatchmentParameters>
    <SubCatchmentVegetationZone>
      <SubCatchmentVegetationZoneParameters>
        <TT>-2.01182386642788</TT>
        <CFMAX>2.0607110886797133</CFMAX>
        <SP>0</SP>
        <SFCF>1.0836957383244465</SFCF>
        <CFR>0.037736984156207215</CFR>
        <CWH>0.19996711240610091</CWH>
        <CFGlacier>1</CFGlacier>
        <CFSlope>1</CFSlope>
        <FC>1758.6794174445618</FC>
        <LP>0.87583667689805444</LP>
        <BETA>1.8427358260755529</BETA>
      </SubCatchmentVegetationZoneParameters>
    </SubCatchmentVegetationZone>
  </SubCatchment>
</Catchment>