<?xml version="1.0" encoding="utf-8"?>
<Catchment xmlns:xsi="http://www.w3.org/2001/XMLSchema-instance" xmlns:xsd="http://www.w3.org/2001/XMLSchema">
  <CatchmentParameters>
    <KSI>0.001</KSI>
    <KGmin>0.05</KGmin>
    <RangeKG>0.1</RangeKG>
    <AG>0.1</AG>
    <PERC>0.74164578736478015</PERC>
    <Alpha>0</Alpha>
    <UZL>54.670425082581588</UZL>
    <K0>0.94699578388671823</K0>
    <K1>0.3234354010442192</K1>
    <K2>0.048292193784141291</K2>
    <MAXBAS>1</MAXBAS>
    <Cet>0.15762881512822333</Cet>
    <PCALT>1.675046459481049</PCALT>
    <TCALT>0.20280809753321646</TCALT>
    <Pelev>436</Pelev>
    <Telev>436</Telev>
    <PART>0.5</PART>
    <DELAY>1</DELAY>
  </CatchmentParameters>
  <VegetationZone>
    <VegetationZoneParameters>
      <TT>-1.8007240243660247</TT>
      <CFMAX>2.3021896791977312</CFMAX>
      <SP>0</SP>
      <SFCF>0.90709584985884129</SFCF>
      <CFR>0.0790009550239094</CFR>
      <CWH>0.15730547314478874</CWH>
      <CFGlacier>1</CFGlacier>
      <CFSlope>1</CFSlope>
      <FC>1553.302197313019</FC>
      <LP>0.72859959067857194</LP>
      <BETA>1.6985656691727484</BETA>
    </VegetationZoneParameters>
  </VegetationZone>
  <SubCatchment>
    <SubCatchmentParameters>
      <KSI>0.001</KSI>
      <KGmin>0.05</KGmin>
      <RangeKG>0.1</RangeKG>
      <AG>0.1</AG>
      <PERC>0.74164578736478015</PERC>
      <Alpha>0</Alpha>
      <UZL>54.670425082581588</UZL>
      <K0>0.94699578388671823</K0>
      <K1>0.3234354010442192</K1>
      <K2>0.048292193784141291</K2>
      <MAXBAS>1</MAXBAS>
      <Cet>0.15762881512822333</Cet>
      <PCALT>1.675046459481049</PCALT>
      <TCALT>0.20280809753321646</TCALT>
      <Pelev>436</Pelev>
      <Telev>436</Telev>
      <PART>0.5</PART>
      <DELAY>1</DELAY>
    </SubCatchmentParameters>
    <SubCatchmentVegetationZone>
      <SubCatchmentVegetationZoneParameters>
        <TT>-1.8007240243660247</TT>
        <CFMAX>2.3021896791977312</CFMAX>
        <SP>0</SP>
        <SFCF>0.90709584985884129</SFCF>
        <CFR>0.0790009550239094</CFR>
        <CWH>0.15730547314478874</CWH>
        <CFGlacier>1</CFGlacier>
        <CFSlope>1</CFSlope>
        <FC>1553.302197313019</FC>
        <LP>0.72859959067857194</LP>
        <BETA>1.6985656691727484</BETA>
      </SubCatchmentVegetationZoneParameters>
    </SubCatchmentVegetationZone>
  </SubCatchment>
</Catchment>