<?xml version="1.0" encoding="utf-8"?>
<Catchment xmlns:xsi="http://www.w3.org/2001/XMLSchema-instance" xmlns:xsd="http://www.w3.org/2001/XMLSchema">
  <CatchmentParameters>
    <KSI>0.001</KSI>
    <KGmin>0.05</KGmin>
    <RangeKG>0.1</RangeKG>
    <AG>0.1</AG>
    <PERC>0.98275716730005758</PERC>
    <Alpha>0</Alpha>
    <UZL>51.245364414390416</UZL>
    <K0>0.98998681068339156</K0>
    <K1>0.31928844208317597</K1>
    <K2>0.052273613792653259</K2>
    <MAXBAS>1</MAXBAS>
    <Cet>0.17219775238174498</Cet>
    <PCALT>0.80599908022107181</PCALT>
    <TCALT>0.15587511585046679</TCALT>
    <Pelev>436</Pelev>
    <Telev>436</Telev>
    <PART>0.5</PART>
    <DELAY>1</DELAY>
  </CatchmentParameters>
  <VegetationZone>
    <VegetationZoneParameters>
      <TT>-1.7042450052031621</TT>
      <CFMAX>1.9021299399324541</CFMAX>
      <SP>0</SP>
      <SFCF>0.9758257908923732</SFCF>
      <CFR>0.094537964015151243</CFR>
      <CWH>0.16104131379207465</CWH>
      <CFGlacier>1</CFGlacier>
      <CFSlope>1</CFSlope>
      <FC>1499.5146848617785</FC>
      <LP>0.55945442436960968</LP>
      <BETA>1.1269924926967927</BETA>
    </VegetationZoneParameters>
  </VegetationZone>
  <SubCatchment>
    <SubCatchmentParameters>
      <KSI>0.001</KSI>
      <KGmin>0.05</KGmin>
      <RangeKG>0.1</RangeKG>
      <AG>0.1</AG>
      <PERC>0.98275716730005758</PERC>
      <Alpha>0</Alpha>
      <UZL>51.245364414390416</UZL>
      <K0>0.98998681068339156</K0>
      <K1>0.31928844208317597</K1>
      <K2>0.052273613792653259</K2>
      <MAXBAS>1</MAXBAS>
      <Cet>0.17219775238174498</Cet>
      <PCALT>0.80599908022107181</PCALT>
      <TCALT>0.15587511585046679</TCALT>
      <Pelev>436</Pelev>
      <Telev>436</Telev>
      <PART>0.5</PART>
      <DELAY>1</DELAY>
    </SubCatchmentParameters>
    <SubCatchmentVegetationZone>
      <SubCatchmentVegetationZoneParameters>
        <TT>-1.7042450052031621</TT>
        <CFMAX>1.9021299399324541</CFMAX>
        <SP>0</SP>
        <SFCF>0.9758257908923732</SFCF>
        <CFR>0.094537964015151243</CFR>
        <CWH>0.16104131379207465</CWH>
        <CFGlacier>1</CFGlacier>
        <CFSlope>1</CFSlope>
        <FC>1499.5146848617785</FC>
        <LP>0.55945442436960968</LP>
        <BETA>1.1269924926967927</BETA>
      </SubCatchmentVegetationZoneParameters>
    </SubCatchmentVegetationZone>
  </SubCatchment>
</Catchment>