<?xml version="1.0" encoding="utf-8"?>
<Catchment xmlns:xsi="http://www.w3.org/2001/XMLSchema-instance" xmlns:xsd="http://www.w3.org/2001/XMLSchema">
  <CatchmentParameters>
    <KSI>0.001</KSI>
    <KGmin>0.05</KGmin>
    <RangeKG>0.1</RangeKG>
    <AG>0.1</AG>
    <PERC>0.94271204441770839</PERC>
    <Alpha>0</Alpha>
    <UZL>53.224987986595053</UZL>
    <K0>0.97530606282144872</K0>
    <K1>0.32593120401994452</K1>
    <K2>0.051114249084537614</K2>
    <MAXBAS>1</MAXBAS>
    <Cet>0.096193553600752463</Cet>
    <PCALT>0.24771973631343588</PCALT>
    <TCALT>0.35002050637592363</TCALT>
    <Pelev>436</Pelev>
    <Telev>436</Telev>
    <PART>0.5</PART>
    <DELAY>1</DELAY>
  </CatchmentParameters>
  <VegetationZone>
    <VegetationZoneParameters>
      <TT>-2.3090871562595732</TT>
      <CFMAX>2.6257493765672559</CFMAX>
      <SP>0</SP>
      <SFCF>1.1260746919988416</SFCF>
      <CFR>0.099944005447557369</CFR>
      <CWH>0.17501870069623612</CWH>
      <CFGlacier>1</CFGlacier>
      <CFSlope>1</CFSlope>
      <FC>1381.3056014650551</FC>
      <LP>0.72890164648558886</LP>
      <BETA>1.6170847746054733</BETA>
    </VegetationZoneParameters>
  </VegetationZone>
  <SubCatchment>
    <SubCatchmentParameters>
      <KSI>0.001</KSI>
      <KGmin>0.05</KGmin>
      <RangeKG>0.1</RangeKG>
      <AG>0.1</AG>
      <PERC>0.94271204441770839</PERC>
      <Alpha>0</Alpha>
      <UZL>53.224987986595053</UZL>
      <K0>0.97530606282144872</K0>
      <K1>0.32593120401994452</K1>
      <K2>0.051114249084537614</K2>
      <MAXBAS>1</MAXBAS>
      <Cet>0.096193553600752463</Cet>
      <PCALT>0.24771973631343588</PCALT>
      <TCALT>0.35002050637592363</TCALT>
      <Pelev>436</Pelev>
      <Telev>436</Telev>
      <PART>0.5</PART>
      <DELAY>1</DELAY>
    </SubCatchmentParameters>
    <SubCatchmentVegetationZone>
      <SubCatchmentVegetationZoneParameters>
        <TT>-2.3090871562595732</TT>
        <CFMAX>2.6257493765672559</CFMAX>
        <SP>0</SP>
        <SFCF>1.1260746919988416</SFCF>
        <CFR>0.099944005447557369</CFR>
        <CWH>0.17501870069623612</CWH>
        <CFGlacier>1</CFGlacier>
        <CFSlope>1</CFSlope>
        <FC>1381.3056014650551</FC>
        <LP>0.72890164648558886</LP>
        <BETA>1.6170847746054733</BETA>
      </SubCatchmentVegetationZoneParameters>
    </SubCatchmentVegetationZone>
  </SubCatchment>
</Catchment>