<?xml version="1.0" encoding="utf-8"?>
<Catchment xmlns:xsi="http://www.w3.org/2001/XMLSchema-instance" xmlns:xsd="http://www.w3.org/2001/XMLSchema">
  <CatchmentParameters>
    <KSI>0.001</KSI>
    <KGmin>0.05</KGmin>
    <RangeKG>0.1</RangeKG>
    <AG>0.1</AG>
    <PERC>0.753532997924981</PERC>
    <Alpha>0</Alpha>
    <UZL>53.913715220900983</UZL>
    <K0>0.88926623523138526</K0>
    <K1>0.32542937041865327</K1>
    <K2>0.049643626482698287</K2>
    <MAXBAS>1</MAXBAS>
    <Cet>0.081500268028206285</Cet>
    <PCALT>2.5314600691856035</PCALT>
    <TCALT>0.19887581929844442</TCALT>
    <Pelev>436</Pelev>
    <Telev>436</Telev>
    <PART>0.5</PART>
    <DELAY>1</DELAY>
  </CatchmentParameters>
  <VegetationZone>
    <VegetationZoneParameters>
      <TT>-2.1177677205168082</TT>
      <CFMAX>2.3109781329188492</CFMAX>
      <SP>0</SP>
      <SFCF>1.083664603291991</SFCF>
      <CFR>0.057511021026660204</CFR>
      <CWH>0.1998295461521567</CWH>
      <CFGlacier>1</CFGlacier>
      <CFSlope>1</CFSlope>
      <FC>1957.2516085752484</FC>
      <LP>0.81483694023614461</LP>
      <BETA>2.245892237013082</BETA>
    </VegetationZoneParameters>
  </VegetationZone>
  <SubCatchment>
    <SubCatchmentParameters>
      <KSI>0.001</KSI>
      <KGmin>0.05</KGmin>
      <RangeKG>0.1</RangeKG>
      <AG>0.1</AG>
      <PERC>0.753532997924981</PERC>
      <Alpha>0</Alpha>
      <UZL>53.913715220900983</UZL>
      <K0>0.88926623523138526</K0>
      <K1>0.32542937041865327</K1>
      <K2>0.049643626482698287</K2>
      <MAXBAS>1</MAXBAS>
      <Cet>0.081500268028206285</Cet>
      <PCALT>2.5314600691856035</PCALT>
      <TCALT>0.19887581929844442</TCALT>
      <Pelev>436</Pelev>
      <Telev>436</Telev>
      <PART>0.5</PART>
      <DELAY>1</DELAY>
    </SubCatchmentParameters>
    <SubCatchmentVegetationZone>
      <SubCatchmentVegetationZoneParameters>
        <TT>-2.1177677205168082</TT>
        <CFMAX>2.3109781329188492</CFMAX>
        <SP>0</SP>
        <SFCF>1.083664603291991</SFCF>
        <CFR>0.057511021026660204</CFR>
        <CWH>0.1998295461521567</CWH>
        <CFGlacier>1</CFGlacier>
        <CFSlope>1</CFSlope>
        <FC>1957.2516085752484</FC>
        <LP>0.81483694023614461</LP>
        <BETA>2.245892237013082</BETA>
      </SubCatchmentVegetationZoneParameters>
    </SubCatchmentVegetationZone>
  </SubCatchment>
</Catchment>