<?xml version="1.0" encoding="utf-8"?>
<Catchment xmlns:xsi="http://www.w3.org/2001/XMLSchema-instance" xmlns:xsd="http://www.w3.org/2001/XMLSchema">
  <CatchmentParameters>
    <KSI>0.001</KSI>
    <KGmin>0.05</KGmin>
    <RangeKG>0.1</RangeKG>
    <AG>0.1</AG>
    <PERC>0.81294906703094549</PERC>
    <Alpha>0</Alpha>
    <UZL>53.903480738112933</UZL>
    <K0>0.98315541964731556</K0>
    <K1>0.32465039340903629</K1>
    <K2>0.049370627602366719</K2>
    <MAXBAS>1</MAXBAS>
    <Cet>0.21912488881100983</Cet>
    <PCALT>2.6201480727352378</PCALT>
    <TCALT>0.26836595915939238</TCALT>
    <Pelev>436</Pelev>
    <Telev>436</Telev>
    <PART>0.5</PART>
    <DELAY>1</DELAY>
  </CatchmentParameters>
  <VegetationZone>
    <VegetationZoneParameters>
      <TT>-2.1121114393816263</TT>
      <CFMAX>1.1742821193421966</CFMAX>
      <SP>0</SP>
      <SFCF>0.58023387134396254</SFCF>
      <CFR>0.099506473875736634</CFR>
      <CWH>0.19995660931040932</CWH>
      <CFGlacier>1</CFGlacier>
      <CFSlope>1</CFSlope>
      <FC>1582.9429280162453</FC>
      <LP>0.59246468654987183</LP>
      <BETA>1.4221111071165777</BETA>
    </VegetationZoneParameters>
  </VegetationZone>
  <SubCatchment>
    <SubCatchmentParameters>
      <KSI>0.001</KSI>
      <KGmin>0.05</KGmin>
      <RangeKG>0.1</RangeKG>
      <AG>0.1</AG>
      <PERC>0.81294906703094549</PERC>
      <Alpha>0</Alpha>
      <UZL>53.903480738112933</UZL>
      <K0>0.98315541964731556</K0>
      <K1>0.32465039340903629</K1>
      <K2>0.049370627602366719</K2>
      <MAXBAS>1</MAXBAS>
      <Cet>0.21912488881100983</Cet>
      <PCALT>2.6201480727352378</PCALT>
      <TCALT>0.26836595915939238</TCALT>
      <Pelev>436</Pelev>
      <Telev>436</Telev>
      <PART>0.5</PART>
      <DELAY>1</DELAY>
    </SubCatchmentParameters>
    <SubCatchmentVegetationZone>
      <SubCatchmentVegetationZoneParameters>
        <TT>-2.1121114393816263</TT>
        <CFMAX>1.1742821193421966</CFMAX>
        <SP>0</SP>
        <SFCF>0.58023387134396254</SFCF>
        <CFR>0.099506473875736634</CFR>
        <CWH>0.19995660931040932</CWH>
        <CFGlacier>1</CFGlacier>
        <CFSlope>1</CFSlope>
        <FC>1582.9429280162453</FC>
        <LP>0.59246468654987183</LP>
        <BETA>1.4221111071165777</BETA>
      </SubCatchmentVegetationZoneParameters>
    </SubCatchmentVegetationZone>
  </SubCatchment>
</Catchment>