<?xml version="1.0" encoding="utf-8"?>
<Catchment xmlns:xsi="http://www.w3.org/2001/XMLSchema-instance" xmlns:xsd="http://www.w3.org/2001/XMLSchema">
  <CatchmentParameters>
    <KSI>0.001</KSI>
    <KGmin>0.05</KGmin>
    <RangeKG>0.1</RangeKG>
    <AG>0.1</AG>
    <PERC>0.83095465784388356</PERC>
    <Alpha>0</Alpha>
    <UZL>52.796458809729018</UZL>
    <K0>0.94818340564448766</K0>
    <K1>0.32362597297946949</K1>
    <K2>0.051584734395393947</K2>
    <MAXBAS>1</MAXBAS>
    <Cet>0.13616977988155976</Cet>
    <PCALT>4.96295639695289</PCALT>
    <TCALT>0.26497269886596736</TCALT>
    <Pelev>436</Pelev>
    <Telev>436</Telev>
    <PART>0.5</PART>
    <DELAY>1</DELAY>
  </CatchmentParameters>
  <VegetationZone>
    <VegetationZoneParameters>
      <TT>-1.9806285706394398</TT>
      <CFMAX>1.8846716275207702</CFMAX>
      <SP>0</SP>
      <SFCF>0.6741669782698162</SFCF>
      <CFR>0.091386742183935943</CFR>
      <CWH>0.14149168914664353</CWH>
      <CFGlacier>1</CFGlacier>
      <CFSlope>1</CFSlope>
      <FC>2322.1792011338207</FC>
      <LP>0.71627244657627376</LP>
      <BETA>2.0263762185453325</BETA>
    </VegetationZoneParameters>
  </VegetationZone>
  <SubCatchment>
    <SubCatchmentParameters>
      <KSI>0.001</KSI>
      <KGmin>0.05</KGmin>
      <RangeKG>0.1</RangeKG>
      <AG>0.1</AG>
      <PERC>0.83095465784388356</PERC>
      <Alpha>0</Alpha>
      <UZL>52.796458809729018</UZL>
      <K0>0.94818340564448766</K0>
      <K1>0.32362597297946949</K1>
      <K2>0.051584734395393947</K2>
      <MAXBAS>1</MAXBAS>
      <Cet>0.13616977988155976</Cet>
      <PCALT>4.96295639695289</PCALT>
      <TCALT>0.26497269886596736</TCALT>
      <Pelev>436</Pelev>
      <Telev>436</Telev>
      <PART>0.5</PART>
      <DELAY>1</DELAY>
    </SubCatchmentParameters>
    <SubCatchmentVegetationZone>
      <SubCatchmentVegetationZoneParameters>
        <TT>-1.9806285706394398</TT>
        <CFMAX>1.8846716275207702</CFMAX>
        <SP>0</SP>
        <SFCF>0.6741669782698162</SFCF>
        <CFR>0.091386742183935943</CFR>
        <CWH>0.14149168914664353</CWH>
        <CFGlacier>1</CFGlacier>
        <CFSlope>1</CFSlope>
        <FC>2322.1792011338207</FC>
        <LP>0.71627244657627376</LP>
        <BETA>2.0263762185453325</BETA>
      </SubCatchmentVegetationZoneParameters>
    </SubCatchmentVegetationZone>
  </SubCatchment>
</Catchment>