<?xml version="1.0" encoding="utf-8"?>
<Catchment xmlns:xsi="http://www.w3.org/2001/XMLSchema-instance" xmlns:xsd="http://www.w3.org/2001/XMLSchema">
  <CatchmentParameters>
    <KSI>0.001</KSI>
    <KGmin>0.05</KGmin>
    <RangeKG>0.1</RangeKG>
    <AG>0.1</AG>
    <PERC>0.92278371145663785</PERC>
    <Alpha>0</Alpha>
    <UZL>163.93324522531432</UZL>
    <K0>0.37089072661171235</K0>
    <K1>0.36162980358611163</K1>
    <K2>0.0502026399376764</K2>
    <MAXBAS>1</MAXBAS>
    <Cet>0.20246529108580794</Cet>
    <PCALT>1.9970245290581756</PCALT>
    <TCALT>0.21426203134943014</TCALT>
    <Pelev>436</Pelev>
    <Telev>436</Telev>
    <PART>0.5</PART>
    <DELAY>1</DELAY>
  </CatchmentParameters>
  <VegetationZone>
    <VegetationZoneParameters>
      <TT>-1.8242041548432131</TT>
      <CFMAX>2.5571317038084849</CFMAX>
      <SP>0</SP>
      <SFCF>0.98291848790316549</SFCF>
      <CFR>0.099830896919831352</CFR>
      <CWH>0.19996215318505439</CWH>
      <CFGlacier>1</CFGlacier>
      <CFSlope>1</CFSlope>
      <FC>1539.5765668674185</FC>
      <LP>0.54106177118595944</LP>
      <BETA>1.2607845063289211</BETA>
    </VegetationZoneParameters>
  </VegetationZone>
  <SubCatchment>
    <SubCatchmentParameters>
      <KSI>0.001</KSI>
      <KGmin>0.05</KGmin>
      <RangeKG>0.1</RangeKG>
      <AG>0.1</AG>
      <PERC>0.92278371145663785</PERC>
      <Alpha>0</Alpha>
      <UZL>163.93324522531432</UZL>
      <K0>0.37089072661171235</K0>
      <K1>0.36162980358611163</K1>
      <K2>0.0502026399376764</K2>
      <MAXBAS>1</MAXBAS>
      <Cet>0.20246529108580794</Cet>
      <PCALT>1.9970245290581756</PCALT>
      <TCALT>0.21426203134943014</TCALT>
      <Pelev>436</Pelev>
      <Telev>436</Telev>
      <PART>0.5</PART>
      <DELAY>1</DELAY>
    </SubCatchmentParameters>
    <SubCatchmentVegetationZone>
      <SubCatchmentVegetationZoneParameters>
        <TT>-1.8242041548432131</TT>
        <CFMAX>2.5571317038084849</CFMAX>
        <SP>0</SP>
        <SFCF>0.98291848790316549</SFCF>
        <CFR>0.099830896919831352</CFR>
        <CWH>0.19996215318505439</CWH>
        <CFGlacier>1</CFGlacier>
        <CFSlope>1</CFSlope>
        <FC>1539.5765668674185</FC>
        <LP>0.54106177118595944</LP>
        <BETA>1.2607845063289211</BETA>
      </SubCatchmentVegetationZoneParameters>
    </SubCatchmentVegetationZone>
  </SubCatchment>
</Catchment>