<?xml version="1.0" encoding="utf-8"?>
<Catchment xmlns:xsi="http://www.w3.org/2001/XMLSchema-instance" xmlns:xsd="http://www.w3.org/2001/XMLSchema">
  <CatchmentParameters>
    <KSI>0.001</KSI>
    <KGmin>0.05</KGmin>
    <RangeKG>0.1</RangeKG>
    <AG>0.1</AG>
    <PERC>0.66604273888634968</PERC>
    <Alpha>0</Alpha>
    <UZL>55.605382332876623</UZL>
    <K0>0.989953997639186</K0>
    <K1>0.30434870721311413</K1>
    <K2>0.046758375743706011</K2>
    <MAXBAS>1</MAXBAS>
    <Cet>0.2434198948163217</Cet>
    <PCALT>1.7166341971487269</PCALT>
    <TCALT>0.13998094532826705</TCALT>
    <Pelev>436</Pelev>
    <Telev>436</Telev>
    <PART>0.5</PART>
    <DELAY>1</DELAY>
  </CatchmentParameters>
  <VegetationZone>
    <VegetationZoneParameters>
      <TT>-1.7998161229083298</TT>
      <CFMAX>3.4055427076070641</CFMAX>
      <SP>0</SP>
      <SFCF>1.4295088012982518</SFCF>
      <CFR>0.099349359837131127</CFR>
      <CWH>0.12178590852215085</CWH>
      <CFGlacier>1</CFGlacier>
      <CFSlope>1</CFSlope>
      <FC>1507.2435514371023</FC>
      <LP>0.58005261331507</LP>
      <BETA>1.3315326143269848</BETA>
    </VegetationZoneParameters>
  </VegetationZone>
  <SubCatchment>
    <SubCatchmentParameters>
      <KSI>0.001</KSI>
      <KGmin>0.05</KGmin>
      <RangeKG>0.1</RangeKG>
      <AG>0.1</AG>
      <PERC>0.66604273888634968</PERC>
      <Alpha>0</Alpha>
      <UZL>55.605382332876623</UZL>
      <K0>0.989953997639186</K0>
      <K1>0.30434870721311413</K1>
      <K2>0.046758375743706011</K2>
      <MAXBAS>1</MAXBAS>
      <Cet>0.2434198948163217</Cet>
      <PCALT>1.7166341971487269</PCALT>
      <TCALT>0.13998094532826705</TCALT>
      <Pelev>436</Pelev>
      <Telev>436</Telev>
      <PART>0.5</PART>
      <DELAY>1</DELAY>
    </SubCatchmentParameters>
    <SubCatchmentVegetationZone>
      <SubCatchmentVegetationZoneParameters>
        <TT>-1.7998161229083298</TT>
        <CFMAX>3.4055427076070641</CFMAX>
        <SP>0</SP>
        <SFCF>1.4295088012982518</SFCF>
        <CFR>0.099349359837131127</CFR>
        <CWH>0.12178590852215085</CWH>
        <CFGlacier>1</CFGlacier>
        <CFSlope>1</CFSlope>
        <FC>1507.2435514371023</FC>
        <LP>0.58005261331507</LP>
        <BETA>1.3315326143269848</BETA>
      </SubCatchmentVegetationZoneParameters>
    </SubCatchmentVegetationZone>
  </SubCatchment>
</Catchment>