<?xml version="1.0" encoding="utf-8"?>
<Catchment xmlns:xsi="http://www.w3.org/2001/XMLSchema-instance" xmlns:xsd="http://www.w3.org/2001/XMLSchema">
  <CatchmentParameters>
    <KSI>0.001</KSI>
    <KGmin>0.05</KGmin>
    <RangeKG>0.1</RangeKG>
    <AG>0.1</AG>
    <PERC>0.78649837863279826</PERC>
    <Alpha>0</Alpha>
    <UZL>54.704124607594672</UZL>
    <K0>0.9899646312822673</K0>
    <K1>0.31155249036764032</K1>
    <K2>0.051690706485044764</K2>
    <MAXBAS>1</MAXBAS>
    <Cet>0.21519299371834341</Cet>
    <PCALT>0.53392231296214387</PCALT>
    <TCALT>0.25840501108738234</TCALT>
    <Pelev>436</Pelev>
    <Telev>436</Telev>
    <PART>0.5</PART>
    <DELAY>1</DELAY>
  </CatchmentParameters>
  <VegetationZone>
    <VegetationZoneParameters>
      <TT>-2.0917855608645688</TT>
      <CFMAX>1.7934174870954365</CFMAX>
      <SP>0</SP>
      <SFCF>0.79483915298246122</SFCF>
      <CFR>0.035878152542739371</CFR>
      <CWH>0.19992231370987321</CWH>
      <CFGlacier>1</CFGlacier>
      <CFSlope>1</CFSlope>
      <FC>1438.5017146970708</FC>
      <LP>0.76603464796928866</LP>
      <BETA>1.5420188973617848</BETA>
    </VegetationZoneParameters>
  </VegetationZone>
  <SubCatchment>
    <SubCatchmentParameters>
      <KSI>0.001</KSI>
      <KGmin>0.05</KGmin>
      <RangeKG>0.1</RangeKG>
      <AG>0.1</AG>
      <PERC>0.78649837863279826</PERC>
      <Alpha>0</Alpha>
      <UZL>54.704124607594672</UZL>
      <K0>0.9899646312822673</K0>
      <K1>0.31155249036764032</K1>
      <K2>0.051690706485044764</K2>
      <MAXBAS>1</MAXBAS>
      <Cet>0.21519299371834341</Cet>
      <PCALT>0.53392231296214387</PCALT>
      <TCALT>0.25840501108738234</TCALT>
      <Pelev>436</Pelev>
      <Telev>436</Telev>
      <PART>0.5</PART>
      <DELAY>1</DELAY>
    </SubCatchmentParameters>
    <SubCatchmentVegetationZone>
      <SubCatchmentVegetationZoneParameters>
        <TT>-2.0917855608645688</TT>
        <CFMAX>1.7934174870954365</CFMAX>
        <SP>0</SP>
        <SFCF>0.79483915298246122</SFCF>
        <CFR>0.035878152542739371</CFR>
        <CWH>0.19992231370987321</CWH>
        <CFGlacier>1</CFGlacier>
        <CFSlope>1</CFSlope>
        <FC>1438.5017146970708</FC>
        <LP>0.76603464796928866</LP>
        <BETA>1.5420188973617848</BETA>
      </SubCatchmentVegetationZoneParameters>
    </SubCatchmentVegetationZone>
  </SubCatchment>
</Catchment>