<?xml version="1.0" encoding="utf-8"?>
<Catchment xmlns:xsi="http://www.w3.org/2001/XMLSchema-instance" xmlns:xsd="http://www.w3.org/2001/XMLSchema">
  <CatchmentParameters>
    <KSI>0.001</KSI>
    <KGmin>0.05</KGmin>
    <RangeKG>0.1</RangeKG>
    <AG>0.1</AG>
    <PERC>1.4424396985911845</PERC>
    <Alpha>0</Alpha>
    <UZL>49.617647544046008</UZL>
    <K0>0.98997943060761551</K0>
    <K1>0.33017820033377</K1>
    <K2>0.056925713323606991</K2>
    <MAXBAS>1</MAXBAS>
    <Cet>0.22909894189908861</Cet>
    <PCALT>1.0576206555373249</PCALT>
    <TCALT>0.21669829126052662</TCALT>
    <Pelev>436</Pelev>
    <Telev>436</Telev>
    <PART>0.5</PART>
    <DELAY>1</DELAY>
  </CatchmentParameters>
  <VegetationZone>
    <VegetationZoneParameters>
      <TT>-1.8363234389818655</TT>
      <CFMAX>2.0833331874927037</CFMAX>
      <SP>0</SP>
      <SFCF>0.832807298138025</SFCF>
      <CFR>0.057240019595714911</CFR>
      <CWH>0.16725932856693421</CWH>
      <CFGlacier>1</CFGlacier>
      <CFSlope>1</CFSlope>
      <FC>1527.9476394156093</FC>
      <LP>0.5462963483314518</LP>
      <BETA>1.0940993991805603</BETA>
    </VegetationZoneParameters>
  </VegetationZone>
  <SubCatchment>
    <SubCatchmentParameters>
      <KSI>0.001</KSI>
      <KGmin>0.05</KGmin>
      <RangeKG>0.1</RangeKG>
      <AG>0.1</AG>
      <PERC>1.4424396985911845</PERC>
      <Alpha>0</Alpha>
      <UZL>49.617647544046008</UZL>
      <K0>0.98997943060761551</K0>
      <K1>0.33017820033377</K1>
      <K2>0.056925713323606991</K2>
      <MAXBAS>1</MAXBAS>
      <Cet>0.22909894189908861</Cet>
      <PCALT>1.0576206555373249</PCALT>
      <TCALT>0.21669829126052662</TCALT>
      <Pelev>436</Pelev>
      <Telev>436</Telev>
      <PART>0.5</PART>
      <DELAY>1</DELAY>
    </SubCatchmentParameters>
    <SubCatchmentVegetationZone>
      <SubCatchmentVegetationZoneParameters>
        <TT>-1.8363234389818655</TT>
        <CFMAX>2.0833331874927037</CFMAX>
        <SP>0</SP>
        <SFCF>0.832807298138025</SFCF>
        <CFR>0.057240019595714911</CFR>
        <CWH>0.16725932856693421</CWH>
        <CFGlacier>1</CFGlacier>
        <CFSlope>1</CFSlope>
        <FC>1527.9476394156093</FC>
        <LP>0.5462963483314518</LP>
        <BETA>1.0940993991805603</BETA>
      </SubCatchmentVegetationZoneParameters>
    </SubCatchmentVegetationZone>
  </SubCatchment>
</Catchment>