<?xml version="1.0" encoding="utf-8"?>
<Catchment xmlns:xsi="http://www.w3.org/2001/XMLSchema-instance" xmlns:xsd="http://www.w3.org/2001/XMLSchema">
  <CatchmentParameters>
    <KSI>0.001</KSI>
    <KGmin>0.05</KGmin>
    <RangeKG>0.1</RangeKG>
    <AG>0.1</AG>
    <PERC>0.98029336846749948</PERC>
    <Alpha>0</Alpha>
    <UZL>50.018516684089128</UZL>
    <K0>0.947955216627882</K0>
    <K1>0.32854441662560258</K1>
    <K2>0.053157645484214609</K2>
    <MAXBAS>1</MAXBAS>
    <Cet>0.13768326711760376</Cet>
    <PCALT>2.5808409490091782</PCALT>
    <TCALT>0.35840473611238322</TCALT>
    <Pelev>436</Pelev>
    <Telev>436</Telev>
    <PART>0.5</PART>
    <DELAY>1</DELAY>
  </CatchmentParameters>
  <VegetationZone>
    <VegetationZoneParameters>
      <TT>-1.5720233213005832</TT>
      <CFMAX>3.9937572835635069</CFMAX>
      <SP>0</SP>
      <SFCF>0.61020081099964218</SFCF>
      <CFR>1.1013167909727014E-07</CFR>
      <CWH>0.10000365380113735</CWH>
      <CFGlacier>1</CFGlacier>
      <CFSlope>1</CFSlope>
      <FC>1843.8978987216049</FC>
      <LP>0.81452488491991748</LP>
      <BETA>2.0060966859860021</BETA>
    </VegetationZoneParameters>
  </VegetationZone>
  <SubCatchment>
    <SubCatchmentParameters>
      <KSI>0.001</KSI>
      <KGmin>0.05</KGmin>
      <RangeKG>0.1</RangeKG>
      <AG>0.1</AG>
      <PERC>0.98029336846749948</PERC>
      <Alpha>0</Alpha>
      <UZL>50.018516684089128</UZL>
      <K0>0.947955216627882</K0>
      <K1>0.32854441662560258</K1>
      <K2>0.053157645484214609</K2>
      <MAXBAS>1</MAXBAS>
      <Cet>0.13768326711760376</Cet>
      <PCALT>2.5808409490091782</PCALT>
      <TCALT>0.35840473611238322</TCALT>
      <Pelev>436</Pelev>
      <Telev>436</Telev>
      <PART>0.5</PART>
      <DELAY>1</DELAY>
    </SubCatchmentParameters>
    <SubCatchmentVegetationZone>
      <SubCatchmentVegetationZoneParameters>
        <TT>-1.5720233213005832</TT>
        <CFMAX>3.9937572835635069</CFMAX>
        <SP>0</SP>
        <SFCF>0.61020081099964218</SFCF>
        <CFR>1.1013167909727014E-07</CFR>
        <CWH>0.10000365380113735</CWH>
        <CFGlacier>1</CFGlacier>
        <CFSlope>1</CFSlope>
        <FC>1843.8978987216049</FC>
        <LP>0.81452488491991748</LP>
        <BETA>2.0060966859860021</BETA>
      </SubCatchmentVegetationZoneParameters>
    </SubCatchmentVegetationZone>
  </SubCatchment>
</Catchment>