<?xml version="1.0" encoding="utf-8"?>
<Catchment xmlns:xsi="http://www.w3.org/2001/XMLSchema-instance" xmlns:xsd="http://www.w3.org/2001/XMLSchema">
  <CatchmentParameters>
    <KSI>0.001</KSI>
    <KGmin>0.05</KGmin>
    <RangeKG>0.1</RangeKG>
    <AG>0.1</AG>
    <PERC>1.0779109308785861</PERC>
    <Alpha>0</Alpha>
    <UZL>50.445238509331084</UZL>
    <K0>0.98997957135248871</K0>
    <K1>0.32355841074786973</K1>
    <K2>0.053825360327497261</K2>
    <MAXBAS>1</MAXBAS>
    <Cet>0.231576931294491</Cet>
    <PCALT>3.5400756298459619</PCALT>
    <TCALT>0.22209708574512926</TCALT>
    <Pelev>436</Pelev>
    <Telev>436</Telev>
    <PART>0.5</PART>
    <DELAY>1</DELAY>
  </CatchmentParameters>
  <VegetationZone>
    <VegetationZoneParameters>
      <TT>-1.94395982496029</TT>
      <CFMAX>2.1583671909911022</CFMAX>
      <SP>0</SP>
      <SFCF>0.93715053776710866</SFCF>
      <CFR>0.079802661673296915</CFR>
      <CWH>0.11270696382498741</CWH>
      <CFGlacier>1</CFGlacier>
      <CFSlope>1</CFSlope>
      <FC>1816.7173535021984</FC>
      <LP>0.38791242619359428</LP>
      <BETA>1.0301819885496382</BETA>
    </VegetationZoneParameters>
  </VegetationZone>
  <SubCatchment>
    <SubCatchmentParameters>
      <KSI>0.001</KSI>
      <KGmin>0.05</KGmin>
      <RangeKG>0.1</RangeKG>
      <AG>0.1</AG>
      <PERC>1.0779109308785861</PERC>
      <Alpha>0</Alpha>
      <UZL>50.445238509331084</UZL>
      <K0>0.98997957135248871</K0>
      <K1>0.32355841074786973</K1>
      <K2>0.053825360327497261</K2>
      <MAXBAS>1</MAXBAS>
      <Cet>0.231576931294491</Cet>
      <PCALT>3.5400756298459619</PCALT>
      <TCALT>0.22209708574512926</TCALT>
      <Pelev>436</Pelev>
      <Telev>436</Telev>
      <PART>0.5</PART>
      <DELAY>1</DELAY>
    </SubCatchmentParameters>
    <SubCatchmentVegetationZone>
      <SubCatchmentVegetationZoneParameters>
        <TT>-1.94395982496029</TT>
        <CFMAX>2.1583671909911022</CFMAX>
        <SP>0</SP>
        <SFCF>0.93715053776710866</SFCF>
        <CFR>0.079802661673296915</CFR>
        <CWH>0.11270696382498741</CWH>
        <CFGlacier>1</CFGlacier>
        <CFSlope>1</CFSlope>
        <FC>1816.7173535021984</FC>
        <LP>0.38791242619359428</LP>
        <BETA>1.0301819885496382</BETA>
      </SubCatchmentVegetationZoneParameters>
    </SubCatchmentVegetationZone>
  </SubCatchment>
</Catchment>