<?xml version="1.0" encoding="utf-8"?>
<Catchment xmlns:xsi="http://www.w3.org/2001/XMLSchema-instance" xmlns:xsd="http://www.w3.org/2001/XMLSchema">
  <CatchmentParameters>
    <KSI>0.001</KSI>
    <KGmin>0.05</KGmin>
    <RangeKG>0.1</RangeKG>
    <AG>0.1</AG>
    <PERC>0.94462233299070864</PERC>
    <Alpha>0</Alpha>
    <UZL>53.032812764009975</UZL>
    <K0>0.98997309833390323</K0>
    <K1>0.32000212813832413</K1>
    <K2>0.051058058681239755</K2>
    <MAXBAS>1</MAXBAS>
    <Cet>0.2724844227786849</Cet>
    <PCALT>1.2423707691552952</PCALT>
    <TCALT>0.11457531265615928</TCALT>
    <Pelev>436</Pelev>
    <Telev>436</Telev>
    <PART>0.5</PART>
    <DELAY>1</DELAY>
  </CatchmentParameters>
  <VegetationZone>
    <VegetationZoneParameters>
      <TT>-1.6623042711506941</TT>
      <CFMAX>3.213879951156819</CFMAX>
      <SP>0</SP>
      <SFCF>1.2809615190648334</SFCF>
      <CFR>0.099342478353830768</CFR>
      <CWH>0.19885564174705522</CWH>
      <CFGlacier>1</CFGlacier>
      <CFSlope>1</CFSlope>
      <FC>1476.5173320708429</FC>
      <LP>0.53839976459196837</LP>
      <BETA>1.1748811312677556</BETA>
    </VegetationZoneParameters>
  </VegetationZone>
  <SubCatchment>
    <SubCatchmentParameters>
      <KSI>0.001</KSI>
      <KGmin>0.05</KGmin>
      <RangeKG>0.1</RangeKG>
      <AG>0.1</AG>
      <PERC>0.94462233299070864</PERC>
      <Alpha>0</Alpha>
      <UZL>53.032812764009975</UZL>
      <K0>0.98997309833390323</K0>
      <K1>0.32000212813832413</K1>
      <K2>0.051058058681239755</K2>
      <MAXBAS>1</MAXBAS>
      <Cet>0.2724844227786849</Cet>
      <PCALT>1.2423707691552952</PCALT>
      <TCALT>0.11457531265615928</TCALT>
      <Pelev>436</Pelev>
      <Telev>436</Telev>
      <PART>0.5</PART>
      <DELAY>1</DELAY>
    </SubCatchmentParameters>
    <SubCatchmentVegetationZone>
      <SubCatchmentVegetationZoneParameters>
        <TT>-1.6623042711506941</TT>
        <CFMAX>3.213879951156819</CFMAX>
        <SP>0</SP>
        <SFCF>1.2809615190648334</SFCF>
        <CFR>0.099342478353830768</CFR>
        <CWH>0.19885564174705522</CWH>
        <CFGlacier>1</CFGlacier>
        <CFSlope>1</CFSlope>
        <FC>1476.5173320708429</FC>
        <LP>0.53839976459196837</LP>
        <BETA>1.1748811312677556</BETA>
      </SubCatchmentVegetationZoneParameters>
    </SubCatchmentVegetationZone>
  </SubCatchment>
</Catchment>