<?xml version="1.0" encoding="utf-8"?>
<Catchment xmlns:xsi="http://www.w3.org/2001/XMLSchema-instance" xmlns:xsd="http://www.w3.org/2001/XMLSchema">
  <CatchmentParameters>
    <KSI>0.001</KSI>
    <KGmin>0.05</KGmin>
    <RangeKG>0.1</RangeKG>
    <AG>0.1</AG>
    <PERC>1.1409174084252092</PERC>
    <Alpha>0</Alpha>
    <UZL>49.362697197419486</UZL>
    <K0>0.94865218743797719</K0>
    <K1>0.34290977568983211</K1>
    <K2>0.055522212185264395</K2>
    <MAXBAS>1</MAXBAS>
    <Cet>0.18148304351699165</Cet>
    <PCALT>2.4533138502514524</PCALT>
    <TCALT>0.32317718575523718</TCALT>
    <Pelev>436</Pelev>
    <Telev>436</Telev>
    <PART>0.5</PART>
    <DELAY>1</DELAY>
  </CatchmentParameters>
  <VegetationZone>
    <VegetationZoneParameters>
      <TT>-2.2698750309548954</TT>
      <CFMAX>1.9480640364426667</CFMAX>
      <SP>0</SP>
      <SFCF>0.82755738064379791</SFCF>
      <CFR>0.065981415209226443</CFR>
      <CWH>0.19999999865786874</CWH>
      <CFGlacier>1</CFGlacier>
      <CFSlope>1</CFSlope>
      <FC>2156.3049172051064</FC>
      <LP>0.85452234461210952</LP>
      <BETA>1.9455371470231038</BETA>
    </VegetationZoneParameters>
  </VegetationZone>
  <SubCatchment>
    <SubCatchmentParameters>
      <KSI>0.001</KSI>
      <KGmin>0.05</KGmin>
      <RangeKG>0.1</RangeKG>
      <AG>0.1</AG>
      <PERC>1.1409174084252092</PERC>
      <Alpha>0</Alpha>
      <UZL>49.362697197419486</UZL>
      <K0>0.94865218743797719</K0>
      <K1>0.34290977568983211</K1>
      <K2>0.055522212185264395</K2>
      <MAXBAS>1</MAXBAS>
      <Cet>0.18148304351699165</Cet>
      <PCALT>2.4533138502514524</PCALT>
      <TCALT>0.32317718575523718</TCALT>
      <Pelev>436</Pelev>
      <Telev>436</Telev>
      <PART>0.5</PART>
      <DELAY>1</DELAY>
    </SubCatchmentParameters>
    <SubCatchmentVegetationZone>
      <SubCatchmentVegetationZoneParameters>
        <TT>-2.2698750309548954</TT>
        <CFMAX>1.9480640364426667</CFMAX>
        <SP>0</SP>
        <SFCF>0.82755738064379791</SFCF>
        <CFR>0.065981415209226443</CFR>
        <CWH>0.19999999865786874</CWH>
        <CFGlacier>1</CFGlacier>
        <CFSlope>1</CFSlope>
        <FC>2156.3049172051064</FC>
        <LP>0.85452234461210952</LP>
        <BETA>1.9455371470231038</BETA>
      </SubCatchmentVegetationZoneParameters>
    </SubCatchmentVegetationZone>
  </SubCatchment>
</Catchment>