<?xml version="1.0" encoding="utf-8"?>
<Catchment xmlns:xsi="http://www.w3.org/2001/XMLSchema-instance" xmlns:xsd="http://www.w3.org/2001/XMLSchema">
  <CatchmentParameters>
    <KSI>0.001</KSI>
    <KGmin>0.05</KGmin>
    <RangeKG>0.1</RangeKG>
    <AG>0.1</AG>
    <PERC>1.0835755720487097</PERC>
    <Alpha>0</Alpha>
    <UZL>46.41270218107573</UZL>
    <K0>0.8231530812478921</K0>
    <K1>0.34239333227768942</K1>
    <K2>0.054480971496449225</K2>
    <MAXBAS>1</MAXBAS>
    <Cet>0.093597367699678344</Cet>
    <PCALT>1.7302363997696655</PCALT>
    <TCALT>0.26200950614336654</TCALT>
    <Pelev>436</Pelev>
    <Telev>436</Telev>
    <PART>0.5</PART>
    <DELAY>1</DELAY>
  </CatchmentParameters>
  <VegetationZone>
    <VegetationZoneParameters>
      <TT>-2.0096257730076261</TT>
      <CFMAX>2.1738885798972123</CFMAX>
      <SP>0</SP>
      <SFCF>0.92110214391443068</SFCF>
      <CFR>0.099992714082056733</CFR>
      <CWH>0.17612527201678208</CWH>
      <CFGlacier>1</CFGlacier>
      <CFSlope>1</CFSlope>
      <FC>1854.492037681264</FC>
      <LP>0.72636996582911462</LP>
      <BETA>1.5632077864740954</BETA>
    </VegetationZoneParameters>
  </VegetationZone>
  <SubCatchment>
    <SubCatchmentParameters>
      <KSI>0.001</KSI>
      <KGmin>0.05</KGmin>
      <RangeKG>0.1</RangeKG>
      <AG>0.1</AG>
      <PERC>1.0835755720487097</PERC>
      <Alpha>0</Alpha>
      <UZL>46.41270218107573</UZL>
      <K0>0.8231530812478921</K0>
      <K1>0.34239333227768942</K1>
      <K2>0.054480971496449225</K2>
      <MAXBAS>1</MAXBAS>
      <Cet>0.093597367699678344</Cet>
      <PCALT>1.7302363997696655</PCALT>
      <TCALT>0.26200950614336654</TCALT>
      <Pelev>436</Pelev>
      <Telev>436</Telev>
      <PART>0.5</PART>
      <DELAY>1</DELAY>
    </SubCatchmentParameters>
    <SubCatchmentVegetationZone>
      <SubCatchmentVegetationZoneParameters>
        <TT>-2.0096257730076261</TT>
        <CFMAX>2.1738885798972123</CFMAX>
        <SP>0</SP>
        <SFCF>0.92110214391443068</SFCF>
        <CFR>0.099992714082056733</CFR>
        <CWH>0.17612527201678208</CWH>
        <CFGlacier>1</CFGlacier>
        <CFSlope>1</CFSlope>
        <FC>1854.492037681264</FC>
        <LP>0.72636996582911462</LP>
        <BETA>1.5632077864740954</BETA>
      </SubCatchmentVegetationZoneParameters>
    </SubCatchmentVegetationZone>
  </SubCatchment>
</Catchment>