<?xml version="1.0" encoding="utf-8"?>
<Catchment xmlns:xsi="http://www.w3.org/2001/XMLSchema-instance" xmlns:xsd="http://www.w3.org/2001/XMLSchema">
  <CatchmentParameters>
    <KSI>0.001</KSI>
    <KGmin>0.05</KGmin>
    <RangeKG>0.1</RangeKG>
    <AG>0.1</AG>
    <PERC>1.0028952613405229</PERC>
    <Alpha>0</Alpha>
    <UZL>52.001825540299492</UZL>
    <K0>0.9899719608821389</K0>
    <K1>0.323809644461596</K1>
    <K2>0.053003836925474966</K2>
    <MAXBAS>1</MAXBAS>
    <Cet>0.24205014245729331</Cet>
    <PCALT>2.369232269414129</PCALT>
    <TCALT>0.17000269808668039</TCALT>
    <Pelev>436</Pelev>
    <Telev>436</Telev>
    <PART>0.5</PART>
    <DELAY>1</DELAY>
  </CatchmentParameters>
  <VegetationZone>
    <VegetationZoneParameters>
      <TT>-1.7629121892137063</TT>
      <CFMAX>2.2550397003162765</CFMAX>
      <SP>0</SP>
      <SFCF>0.88137271230013958</SFCF>
      <CFR>0.048907938309732932</CFR>
      <CWH>0.11875559426914033</CWH>
      <CFGlacier>1</CFGlacier>
      <CFSlope>1</CFSlope>
      <FC>1728.2608738248352</FC>
      <LP>0.5589354922608567</LP>
      <BETA>1.1882223147055291</BETA>
    </VegetationZoneParameters>
  </VegetationZone>
  <SubCatchment>
    <SubCatchmentParameters>
      <KSI>0.001</KSI>
      <KGmin>0.05</KGmin>
      <RangeKG>0.1</RangeKG>
      <AG>0.1</AG>
      <PERC>1.0028952613405229</PERC>
      <Alpha>0</Alpha>
      <UZL>52.001825540299492</UZL>
      <K0>0.9899719608821389</K0>
      <K1>0.323809644461596</K1>
      <K2>0.053003836925474966</K2>
      <MAXBAS>1</MAXBAS>
      <Cet>0.24205014245729331</Cet>
      <PCALT>2.369232269414129</PCALT>
      <TCALT>0.17000269808668039</TCALT>
      <Pelev>436</Pelev>
      <Telev>436</Telev>
      <PART>0.5</PART>
      <DELAY>1</DELAY>
    </SubCatchmentParameters>
    <SubCatchmentVegetationZone>
      <SubCatchmentVegetationZoneParameters>
        <TT>-1.7629121892137063</TT>
        <CFMAX>2.2550397003162765</CFMAX>
        <SP>0</SP>
        <SFCF>0.88137271230013958</SFCF>
        <CFR>0.048907938309732932</CFR>
        <CWH>0.11875559426914033</CWH>
        <CFGlacier>1</CFGlacier>
        <CFSlope>1</CFSlope>
        <FC>1728.2608738248352</FC>
        <LP>0.5589354922608567</LP>
        <BETA>1.1882223147055291</BETA>
      </SubCatchmentVegetationZoneParameters>
    </SubCatchmentVegetationZone>
  </SubCatchment>
</Catchment>