<?xml version="1.0" encoding="utf-8"?>
<Catchment xmlns:xsi="http://www.w3.org/2001/XMLSchema-instance" xmlns:xsd="http://www.w3.org/2001/XMLSchema">
  <CatchmentParameters>
    <KSI>0.001</KSI>
    <KGmin>0.05</KGmin>
    <RangeKG>0.1</RangeKG>
    <AG>0.1</AG>
    <PERC>0.79607438940098774</PERC>
    <Alpha>0</Alpha>
    <UZL>53.395614359495958</UZL>
    <K0>0.98999328522786012</K0>
    <K1>0.31505575556295057</K1>
    <K2>0.049782256425626184</K2>
    <MAXBAS>1</MAXBAS>
    <Cet>0.15070728238122808</Cet>
    <PCALT>1.3270455020174339</PCALT>
    <TCALT>0.4990608986180527</TCALT>
    <Pelev>436</Pelev>
    <Telev>436</Telev>
    <PART>0.5</PART>
    <DELAY>1</DELAY>
  </CatchmentParameters>
  <VegetationZone>
    <VegetationZoneParameters>
      <TT>-2.1739865789273489</TT>
      <CFMAX>4.95938560328592</CFMAX>
      <SP>0</SP>
      <SFCF>0.84686436769794515</SFCF>
      <CFR>7.82809630081008E-06</CFR>
      <CWH>0.10000425461915899</CWH>
      <CFGlacier>1</CFGlacier>
      <CFSlope>1</CFSlope>
      <FC>1579.4257592596694</FC>
      <LP>0.81985653382334678</LP>
      <BETA>1.9119666102337483</BETA>
    </VegetationZoneParameters>
  </VegetationZone>
  <SubCatchment>
    <SubCatchmentParameters>
      <KSI>0.001</KSI>
      <KGmin>0.05</KGmin>
      <RangeKG>0.1</RangeKG>
      <AG>0.1</AG>
      <PERC>0.79607438940098774</PERC>
      <Alpha>0</Alpha>
      <UZL>53.395614359495958</UZL>
      <K0>0.98999328522786012</K0>
      <K1>0.31505575556295057</K1>
      <K2>0.049782256425626184</K2>
      <MAXBAS>1</MAXBAS>
      <Cet>0.15070728238122808</Cet>
      <PCALT>1.3270455020174339</PCALT>
      <TCALT>0.4990608986180527</TCALT>
      <Pelev>436</Pelev>
      <Telev>436</Telev>
      <PART>0.5</PART>
      <DELAY>1</DELAY>
    </SubCatchmentParameters>
    <SubCatchmentVegetationZone>
      <SubCatchmentVegetationZoneParameters>
        <TT>-2.1739865789273489</TT>
        <CFMAX>4.95938560328592</CFMAX>
        <SP>0</SP>
        <SFCF>0.84686436769794515</SFCF>
        <CFR>7.82809630081008E-06</CFR>
        <CWH>0.10000425461915899</CWH>
        <CFGlacier>1</CFGlacier>
        <CFSlope>1</CFSlope>
        <FC>1579.4257592596694</FC>
        <LP>0.81985653382334678</LP>
        <BETA>1.9119666102337483</BETA>
      </SubCatchmentVegetationZoneParameters>
    </SubCatchmentVegetationZone>
  </SubCatchment>
</Catchment>