<?xml version="1.0" encoding="utf-8"?>
<Catchment xmlns:xsi="http://www.w3.org/2001/XMLSchema-instance" xmlns:xsd="http://www.w3.org/2001/XMLSchema">
  <CatchmentParameters>
    <KSI>0.001</KSI>
    <KGmin>0.05</KGmin>
    <RangeKG>0.1</RangeKG>
    <AG>0.1</AG>
    <PERC>0.80217502865991031</PERC>
    <Alpha>0</Alpha>
    <UZL>50.966471990653247</UZL>
    <K0>0.98998698474739755</K0>
    <K1>0.31713068520088178</K1>
    <K2>0.051190359934102571</K2>
    <MAXBAS>1</MAXBAS>
    <Cet>0.056022371648625252</Cet>
    <PCALT>2.9834060740677013</PCALT>
    <TCALT>0.3149335461075003</TCALT>
    <Pelev>436</Pelev>
    <Telev>436</Telev>
    <PART>0.5</PART>
    <DELAY>1</DELAY>
  </CatchmentParameters>
  <VegetationZone>
    <VegetationZoneParameters>
      <TT>-2.1896920943562233</TT>
      <CFMAX>2.3900618764398307</CFMAX>
      <SP>0</SP>
      <SFCF>1.0407687344135002</SFCF>
      <CFR>0.0783501759381526</CFR>
      <CWH>0.13638167067191015</CWH>
      <CFGlacier>1</CFGlacier>
      <CFSlope>1</CFSlope>
      <FC>1967.1921896952024</FC>
      <LP>0.49954546688743656</LP>
      <BETA>1.2034931554109152</BETA>
    </VegetationZoneParameters>
  </VegetationZone>
  <SubCatchment>
    <SubCatchmentParameters>
      <KSI>0.001</KSI>
      <KGmin>0.05</KGmin>
      <RangeKG>0.1</RangeKG>
      <AG>0.1</AG>
      <PERC>0.80217502865991031</PERC>
      <Alpha>0</Alpha>
      <UZL>50.966471990653247</UZL>
      <K0>0.98998698474739755</K0>
      <K1>0.31713068520088178</K1>
      <K2>0.051190359934102571</K2>
      <MAXBAS>1</MAXBAS>
      <Cet>0.056022371648625252</Cet>
      <PCALT>2.9834060740677013</PCALT>
      <TCALT>0.3149335461075003</TCALT>
      <Pelev>436</Pelev>
      <Telev>436</Telev>
      <PART>0.5</PART>
      <DELAY>1</DELAY>
    </SubCatchmentParameters>
    <SubCatchmentVegetationZone>
      <SubCatchmentVegetationZoneParameters>
        <TT>-2.1896920943562233</TT>
        <CFMAX>2.3900618764398307</CFMAX>
        <SP>0</SP>
        <SFCF>1.0407687344135002</SFCF>
        <CFR>0.0783501759381526</CFR>
        <CWH>0.13638167067191015</CWH>
        <CFGlacier>1</CFGlacier>
        <CFSlope>1</CFSlope>
        <FC>1967.1921896952024</FC>
        <LP>0.49954546688743656</LP>
        <BETA>1.2034931554109152</BETA>
      </SubCatchmentVegetationZoneParameters>
    </SubCatchmentVegetationZone>
  </SubCatchment>
</Catchment>