<?xml version="1.0" encoding="utf-8"?>
<Catchment xmlns:xsi="http://www.w3.org/2001/XMLSchema-instance" xmlns:xsd="http://www.w3.org/2001/XMLSchema">
  <CatchmentParameters>
    <KSI>0.001</KSI>
    <KGmin>0.05</KGmin>
    <RangeKG>0.1</RangeKG>
    <AG>0.1</AG>
    <PERC>0.78745083613433831</PERC>
    <Alpha>0</Alpha>
    <UZL>55.344112125220818</UZL>
    <K0>0.94016357165832776</K0>
    <K1>0.32166073664226735</K1>
    <K2>0.048970415999651393</K2>
    <MAXBAS>1</MAXBAS>
    <Cet>0.21665678604835942</Cet>
    <PCALT>1.6281381455114117</PCALT>
    <TCALT>0.27547696468531951</TCALT>
    <Pelev>436</Pelev>
    <Telev>436</Telev>
    <PART>0.5</PART>
    <DELAY>1</DELAY>
  </CatchmentParameters>
  <VegetationZone>
    <VegetationZoneParameters>
      <TT>-2.0029349672642307</TT>
      <CFMAX>1.5717921244077822</CFMAX>
      <SP>0</SP>
      <SFCF>0.52852314675349965</SFCF>
      <CFR>0.099887842183118664</CFR>
      <CWH>0.19992799125343361</CWH>
      <CFGlacier>1</CFGlacier>
      <CFSlope>1</CFSlope>
      <FC>1514.1275998766007</FC>
      <LP>0.75926474001814226</LP>
      <BETA>1.7269657564651091</BETA>
    </VegetationZoneParameters>
  </VegetationZone>
  <SubCatchment>
    <SubCatchmentParameters>
      <KSI>0.001</KSI>
      <KGmin>0.05</KGmin>
      <RangeKG>0.1</RangeKG>
      <AG>0.1</AG>
      <PERC>0.78745083613433831</PERC>
      <Alpha>0</Alpha>
      <UZL>55.344112125220818</UZL>
      <K0>0.94016357165832776</K0>
      <K1>0.32166073664226735</K1>
      <K2>0.048970415999651393</K2>
      <MAXBAS>1</MAXBAS>
      <Cet>0.21665678604835942</Cet>
      <PCALT>1.6281381455114117</PCALT>
      <TCALT>0.27547696468531951</TCALT>
      <Pelev>436</Pelev>
      <Telev>436</Telev>
      <PART>0.5</PART>
      <DELAY>1</DELAY>
    </SubCatchmentParameters>
    <SubCatchmentVegetationZone>
      <SubCatchmentVegetationZoneParameters>
        <TT>-2.0029349672642307</TT>
        <CFMAX>1.5717921244077822</CFMAX>
        <SP>0</SP>
        <SFCF>0.52852314675349965</SFCF>
        <CFR>0.099887842183118664</CFR>
        <CWH>0.19992799125343361</CWH>
        <CFGlacier>1</CFGlacier>
        <CFSlope>1</CFSlope>
        <FC>1514.1275998766007</FC>
        <LP>0.75926474001814226</LP>
        <BETA>1.7269657564651091</BETA>
      </SubCatchmentVegetationZoneParameters>
    </SubCatchmentVegetationZone>
  </SubCatchment>
</Catchment>