<?xml version="1.0" encoding="utf-8"?>
<Catchment xmlns:xsi="http://www.w3.org/2001/XMLSchema-instance" xmlns:xsd="http://www.w3.org/2001/XMLSchema">
  <CatchmentParameters>
    <KSI>0.001</KSI>
    <KGmin>0.05</KGmin>
    <RangeKG>0.1</RangeKG>
    <AG>0.1</AG>
    <PERC>0.863639698662199</PERC>
    <Alpha>0</Alpha>
    <UZL>59.484853867579588</UZL>
    <K0>0.98998960344155063</K0>
    <K1>0.322240872696177</K1>
    <K2>0.052807761369509383</K2>
    <MAXBAS>1</MAXBAS>
    <Cet>0.15706050779144271</Cet>
    <PCALT>1.0728664295835073</PCALT>
    <TCALT>0.24335300846939786</TCALT>
    <Pelev>436</Pelev>
    <Telev>436</Telev>
    <PART>0.5</PART>
    <DELAY>1</DELAY>
  </CatchmentParameters>
  <VegetationZone>
    <VegetationZoneParameters>
      <TT>-1.910710096825998</TT>
      <CFMAX>2.8527788606335238</CFMAX>
      <SP>0</SP>
      <SFCF>1.1169113264947048</SFCF>
      <CFR>0.030457413363030289</CFR>
      <CWH>0.14040687110983119</CWH>
      <CFGlacier>1</CFGlacier>
      <CFSlope>1</CFSlope>
      <FC>1475.4770370354875</FC>
      <LP>0.77591224964398575</LP>
      <BETA>1.815109881650893</BETA>
    </VegetationZoneParameters>
  </VegetationZone>
  <SubCatchment>
    <SubCatchmentParameters>
      <KSI>0.001</KSI>
      <KGmin>0.05</KGmin>
      <RangeKG>0.1</RangeKG>
      <AG>0.1</AG>
      <PERC>0.863639698662199</PERC>
      <Alpha>0</Alpha>
      <UZL>59.484853867579588</UZL>
      <K0>0.98998960344155063</K0>
      <K1>0.322240872696177</K1>
      <K2>0.052807761369509383</K2>
      <MAXBAS>1</MAXBAS>
      <Cet>0.15706050779144271</Cet>
      <PCALT>1.0728664295835073</PCALT>
      <TCALT>0.24335300846939786</TCALT>
      <Pelev>436</Pelev>
      <Telev>436</Telev>
      <PART>0.5</PART>
      <DELAY>1</DELAY>
    </SubCatchmentParameters>
    <SubCatchmentVegetationZone>
      <SubCatchmentVegetationZoneParameters>
        <TT>-1.910710096825998</TT>
        <CFMAX>2.8527788606335238</CFMAX>
        <SP>0</SP>
        <SFCF>1.1169113264947048</SFCF>
        <CFR>0.030457413363030289</CFR>
        <CWH>0.14040687110983119</CWH>
        <CFGlacier>1</CFGlacier>
        <CFSlope>1</CFSlope>
        <FC>1475.4770370354875</FC>
        <LP>0.77591224964398575</LP>
        <BETA>1.815109881650893</BETA>
      </SubCatchmentVegetationZoneParameters>
    </SubCatchmentVegetationZone>
  </SubCatchment>
</Catchment>