<?xml version="1.0" encoding="utf-8"?>
<Catchment xmlns:xsi="http://www.w3.org/2001/XMLSchema-instance" xmlns:xsd="http://www.w3.org/2001/XMLSchema">
  <CatchmentParameters>
    <KSI>0.001</KSI>
    <KGmin>0.05</KGmin>
    <RangeKG>0.1</RangeKG>
    <AG>0.1</AG>
    <PERC>0.98251608945364188</PERC>
    <Alpha>0</Alpha>
    <UZL>51.933474624639835</UZL>
    <K0>0.98999220099309182</K0>
    <K1>0.32430204838881638</K1>
    <K2>0.053201578866045908</K2>
    <MAXBAS>1</MAXBAS>
    <Cet>0.16137390003812618</Cet>
    <PCALT>2.2374020224763345</PCALT>
    <TCALT>0.34739401143507476</TCALT>
    <Pelev>436</Pelev>
    <Telev>436</Telev>
    <PART>0.5</PART>
    <DELAY>1</DELAY>
  </CatchmentParameters>
  <VegetationZone>
    <VegetationZoneParameters>
      <TT>-1.9409875385911279</TT>
      <CFMAX>2.9974286787502331</CFMAX>
      <SP>0</SP>
      <SFCF>0.61631717163023</SFCF>
      <CFR>0.021470573945568432</CFR>
      <CWH>0.14562353754335475</CWH>
      <CFGlacier>1</CFGlacier>
      <CFSlope>1</CFSlope>
      <FC>1816.7186198979589</FC>
      <LP>0.75493137139739619</LP>
      <BETA>1.6399612948765709</BETA>
    </VegetationZoneParameters>
  </VegetationZone>
  <SubCatchment>
    <SubCatchmentParameters>
      <KSI>0.001</KSI>
      <KGmin>0.05</KGmin>
      <RangeKG>0.1</RangeKG>
      <AG>0.1</AG>
      <PERC>0.98251608945364188</PERC>
      <Alpha>0</Alpha>
      <UZL>51.933474624639835</UZL>
      <K0>0.98999220099309182</K0>
      <K1>0.32430204838881638</K1>
      <K2>0.053201578866045908</K2>
      <MAXBAS>1</MAXBAS>
      <Cet>0.16137390003812618</Cet>
      <PCALT>2.2374020224763345</PCALT>
      <TCALT>0.34739401143507476</TCALT>
      <Pelev>436</Pelev>
      <Telev>436</Telev>
      <PART>0.5</PART>
      <DELAY>1</DELAY>
    </SubCatchmentParameters>
    <SubCatchmentVegetationZone>
      <SubCatchmentVegetationZoneParameters>
        <TT>-1.9409875385911279</TT>
        <CFMAX>2.9974286787502331</CFMAX>
        <SP>0</SP>
        <SFCF>0.61631717163023</SFCF>
        <CFR>0.021470573945568432</CFR>
        <CWH>0.14562353754335475</CWH>
        <CFGlacier>1</CFGlacier>
        <CFSlope>1</CFSlope>
        <FC>1816.7186198979589</FC>
        <LP>0.75493137139739619</LP>
        <BETA>1.6399612948765709</BETA>
      </SubCatchmentVegetationZoneParameters>
    </SubCatchmentVegetationZone>
  </SubCatchment>
</Catchment>