<?xml version="1.0" encoding="utf-8"?>
<Catchment xmlns:xsi="http://www.w3.org/2001/XMLSchema-instance" xmlns:xsd="http://www.w3.org/2001/XMLSchema">
  <CatchmentParameters>
    <KSI>0.001</KSI>
    <KGmin>0.05</KGmin>
    <RangeKG>0.1</RangeKG>
    <AG>0.1</AG>
    <PERC>0.86571685692140132</PERC>
    <Alpha>0</Alpha>
    <UZL>53.817513400187977</UZL>
    <K0>0.98998454946250725</K0>
    <K1>0.31486192305873589</K1>
    <K2>0.049646817643776993</K2>
    <MAXBAS>1</MAXBAS>
    <Cet>0.17231002906010567</Cet>
    <PCALT>0.869799158680108</PCALT>
    <TCALT>0.435894576604468</TCALT>
    <Pelev>436</Pelev>
    <Telev>436</Telev>
    <PART>0.5</PART>
    <DELAY>1</DELAY>
  </CatchmentParameters>
  <VegetationZone>
    <VegetationZoneParameters>
      <TT>-2.2606415238354551</TT>
      <CFMAX>1.8093277489972668</CFMAX>
      <SP>0</SP>
      <SFCF>0.7224237635793036</SFCF>
      <CFR>0.095415591181437331</CFR>
      <CWH>0.15927765653745973</CWH>
      <CFGlacier>1</CFGlacier>
      <CFSlope>1</CFSlope>
      <FC>1365.5115359967051</FC>
      <LP>0.60449330974246607</LP>
      <BETA>1.3383088442045095</BETA>
    </VegetationZoneParameters>
  </VegetationZone>
  <SubCatchment>
    <SubCatchmentParameters>
      <KSI>0.001</KSI>
      <KGmin>0.05</KGmin>
      <RangeKG>0.1</RangeKG>
      <AG>0.1</AG>
      <PERC>0.86571685692140132</PERC>
      <Alpha>0</Alpha>
      <UZL>53.817513400187977</UZL>
      <K0>0.98998454946250725</K0>
      <K1>0.31486192305873589</K1>
      <K2>0.049646817643776993</K2>
      <MAXBAS>1</MAXBAS>
      <Cet>0.17231002906010567</Cet>
      <PCALT>0.869799158680108</PCALT>
      <TCALT>0.435894576604468</TCALT>
      <Pelev>436</Pelev>
      <Telev>436</Telev>
      <PART>0.5</PART>
      <DELAY>1</DELAY>
    </SubCatchmentParameters>
    <SubCatchmentVegetationZone>
      <SubCatchmentVegetationZoneParameters>
        <TT>-2.2606415238354551</TT>
        <CFMAX>1.8093277489972668</CFMAX>
        <SP>0</SP>
        <SFCF>0.7224237635793036</SFCF>
        <CFR>0.095415591181437331</CFR>
        <CWH>0.15927765653745973</CWH>
        <CFGlacier>1</CFGlacier>
        <CFSlope>1</CFSlope>
        <FC>1365.5115359967051</FC>
        <LP>0.60449330974246607</LP>
        <BETA>1.3383088442045095</BETA>
      </SubCatchmentVegetationZoneParameters>
    </SubCatchmentVegetationZone>
  </SubCatchment>
</Catchment>