<?xml version="1.0" encoding="utf-8"?>
<Catchment xmlns:xsi="http://www.w3.org/2001/XMLSchema-instance" xmlns:xsd="http://www.w3.org/2001/XMLSchema">
  <CatchmentParameters>
    <KSI>0.001</KSI>
    <KGmin>0.05</KGmin>
    <RangeKG>0.1</RangeKG>
    <AG>0.1</AG>
    <PERC>1.0885743334374567</PERC>
    <Alpha>0</Alpha>
    <UZL>49.165190166688255</UZL>
    <K0>0.98999275681135834</K0>
    <K1>0.32700531238152253</K1>
    <K2>0.054611065045672466</K2>
    <MAXBAS>1</MAXBAS>
    <Cet>0.20327317078042803</Cet>
    <PCALT>2.6827203277968059</PCALT>
    <TCALT>0.12697236988846766</TCALT>
    <Pelev>436</Pelev>
    <Telev>436</Telev>
    <PART>0.5</PART>
    <DELAY>1</DELAY>
  </CatchmentParameters>
  <VegetationZone>
    <VegetationZoneParameters>
      <TT>-1.5647762831065337</TT>
      <CFMAX>2.4443327220180939</CFMAX>
      <SP>0</SP>
      <SFCF>0.95135869183805821</SFCF>
      <CFR>0.099923105873859649</CFR>
      <CWH>0.19990813542996236</CWH>
      <CFGlacier>1</CFGlacier>
      <CFSlope>1</CFSlope>
      <FC>1949.2365139941589</FC>
      <LP>0.52554090784920016</LP>
      <BETA>1.0800013710324696</BETA>
    </VegetationZoneParameters>
  </VegetationZone>
  <SubCatchment>
    <SubCatchmentParameters>
      <KSI>0.001</KSI>
      <KGmin>0.05</KGmin>
      <RangeKG>0.1</RangeKG>
      <AG>0.1</AG>
      <PERC>1.0885743334374567</PERC>
      <Alpha>0</Alpha>
      <UZL>49.165190166688255</UZL>
      <K0>0.98999275681135834</K0>
      <K1>0.32700531238152253</K1>
      <K2>0.054611065045672466</K2>
      <MAXBAS>1</MAXBAS>
      <Cet>0.20327317078042803</Cet>
      <PCALT>2.6827203277968059</PCALT>
      <TCALT>0.12697236988846766</TCALT>
      <Pelev>436</Pelev>
      <Telev>436</Telev>
      <PART>0.5</PART>
      <DELAY>1</DELAY>
    </SubCatchmentParameters>
    <SubCatchmentVegetationZone>
      <SubCatchmentVegetationZoneParameters>
        <TT>-1.5647762831065337</TT>
        <CFMAX>2.4443327220180939</CFMAX>
        <SP>0</SP>
        <SFCF>0.95135869183805821</SFCF>
        <CFR>0.099923105873859649</CFR>
        <CWH>0.19990813542996236</CWH>
        <CFGlacier>1</CFGlacier>
        <CFSlope>1</CFSlope>
        <FC>1949.2365139941589</FC>
        <LP>0.52554090784920016</LP>
        <BETA>1.0800013710324696</BETA>
      </SubCatchmentVegetationZoneParameters>
    </SubCatchmentVegetationZone>
  </SubCatchment>
</Catchment>