<?xml version="1.0" encoding="utf-8"?>
<Catchment xmlns:xsi="http://www.w3.org/2001/XMLSchema-instance" xmlns:xsd="http://www.w3.org/2001/XMLSchema">
  <CatchmentParameters>
    <KSI>0.001</KSI>
    <KGmin>0.05</KGmin>
    <RangeKG>0.1</RangeKG>
    <AG>0.1</AG>
    <PERC>0.81541711775206838</PERC>
    <Alpha>0</Alpha>
    <UZL>54.570840281352552</UZL>
    <K0>0.89450627461786725</K0>
    <K1>0.32428436436893104</K1>
    <K2>0.050014205081119228</K2>
    <MAXBAS>1</MAXBAS>
    <Cet>0.20294990562843018</Cet>
    <PCALT>2.4597445838258127</PCALT>
    <TCALT>0.3270853701539711</TCALT>
    <Pelev>436</Pelev>
    <Telev>436</Telev>
    <PART>0.5</PART>
    <DELAY>1</DELAY>
  </CatchmentParameters>
  <VegetationZone>
    <VegetationZoneParameters>
      <TT>-2.236105548435483</TT>
      <CFMAX>1.7297720251054667</CFMAX>
      <SP>0</SP>
      <SFCF>0.69512375299607343</SFCF>
      <CFR>0.099999694043924725</CFR>
      <CWH>0.19994636943161723</CWH>
      <CFGlacier>1</CFGlacier>
      <CFSlope>1</CFSlope>
      <FC>1688.9101683646663</FC>
      <LP>0.76906594181589161</LP>
      <BETA>1.8641296101160638</BETA>
    </VegetationZoneParameters>
  </VegetationZone>
  <SubCatchment>
    <SubCatchmentParameters>
      <KSI>0.001</KSI>
      <KGmin>0.05</KGmin>
      <RangeKG>0.1</RangeKG>
      <AG>0.1</AG>
      <PERC>0.81541711775206838</PERC>
      <Alpha>0</Alpha>
      <UZL>54.570840281352552</UZL>
      <K0>0.89450627461786725</K0>
      <K1>0.32428436436893104</K1>
      <K2>0.050014205081119228</K2>
      <MAXBAS>1</MAXBAS>
      <Cet>0.20294990562843018</Cet>
      <PCALT>2.4597445838258127</PCALT>
      <TCALT>0.3270853701539711</TCALT>
      <Pelev>436</Pelev>
      <Telev>436</Telev>
      <PART>0.5</PART>
      <DELAY>1</DELAY>
    </SubCatchmentParameters>
    <SubCatchmentVegetationZone>
      <SubCatchmentVegetationZoneParameters>
        <TT>-2.236105548435483</TT>
        <CFMAX>1.7297720251054667</CFMAX>
        <SP>0</SP>
        <SFCF>0.69512375299607343</SFCF>
        <CFR>0.099999694043924725</CFR>
        <CWH>0.19994636943161723</CWH>
        <CFGlacier>1</CFGlacier>
        <CFSlope>1</CFSlope>
        <FC>1688.9101683646663</FC>
        <LP>0.76906594181589161</LP>
        <BETA>1.8641296101160638</BETA>
      </SubCatchmentVegetationZoneParameters>
    </SubCatchmentVegetationZone>
  </SubCatchment>
</Catchment>