<?xml version="1.0" encoding="utf-8"?>
<Catchment xmlns:xsi="http://www.w3.org/2001/XMLSchema-instance" xmlns:xsd="http://www.w3.org/2001/XMLSchema">
  <CatchmentParameters>
    <KSI>0.001</KSI>
    <KGmin>0.05</KGmin>
    <RangeKG>0.1</RangeKG>
    <AG>0.1</AG>
    <PERC>1.1532692391783286</PERC>
    <Alpha>0</Alpha>
    <UZL>52.979117900713483</UZL>
    <K0>0.98996972559815632</K0>
    <K1>0.32508008655550263</K1>
    <K2>0.05428051679486532</K2>
    <MAXBAS>1</MAXBAS>
    <Cet>0.19762918656289014</Cet>
    <PCALT>2.4598654044178527</PCALT>
    <TCALT>0.19385430795958794</TCALT>
    <Pelev>436</Pelev>
    <Telev>436</Telev>
    <PART>0.5</PART>
    <DELAY>1</DELAY>
  </CatchmentParameters>
  <VegetationZone>
    <VegetationZoneParameters>
      <TT>-1.6676015964520448</TT>
      <CFMAX>2.411132819099842</CFMAX>
      <SP>0</SP>
      <SFCF>0.53106102003387512</SFCF>
      <CFR>0.072537049913805343</CFR>
      <CWH>0.19414708837782771</CWH>
      <CFGlacier>1</CFGlacier>
      <CFSlope>1</CFSlope>
      <FC>1583.9674901008189</FC>
      <LP>0.55294781534036286</LP>
      <BETA>1.2883198780017497</BETA>
    </VegetationZoneParameters>
  </VegetationZone>
  <SubCatchment>
    <SubCatchmentParameters>
      <KSI>0.001</KSI>
      <KGmin>0.05</KGmin>
      <RangeKG>0.1</RangeKG>
      <AG>0.1</AG>
      <PERC>1.1532692391783286</PERC>
      <Alpha>0</Alpha>
      <UZL>52.979117900713483</UZL>
      <K0>0.98996972559815632</K0>
      <K1>0.32508008655550263</K1>
      <K2>0.05428051679486532</K2>
      <MAXBAS>1</MAXBAS>
      <Cet>0.19762918656289014</Cet>
      <PCALT>2.4598654044178527</PCALT>
      <TCALT>0.19385430795958794</TCALT>
      <Pelev>436</Pelev>
      <Telev>436</Telev>
      <PART>0.5</PART>
      <DELAY>1</DELAY>
    </SubCatchmentParameters>
    <SubCatchmentVegetationZone>
      <SubCatchmentVegetationZoneParameters>
        <TT>-1.6676015964520448</TT>
        <CFMAX>2.411132819099842</CFMAX>
        <SP>0</SP>
        <SFCF>0.53106102003387512</SFCF>
        <CFR>0.072537049913805343</CFR>
        <CWH>0.19414708837782771</CWH>
        <CFGlacier>1</CFGlacier>
        <CFSlope>1</CFSlope>
        <FC>1583.9674901008189</FC>
        <LP>0.55294781534036286</LP>
        <BETA>1.2883198780017497</BETA>
      </SubCatchmentVegetationZoneParameters>
    </SubCatchmentVegetationZone>
  </SubCatchment>
</Catchment>