<?xml version="1.0" encoding="utf-8"?>
<Catchment xmlns:xsi="http://www.w3.org/2001/XMLSchema-instance" xmlns:xsd="http://www.w3.org/2001/XMLSchema">
  <CatchmentParameters>
    <KSI>0.001</KSI>
    <KGmin>0.05</KGmin>
    <RangeKG>0.1</RangeKG>
    <AG>0.1</AG>
    <PERC>1.0734900996275778</PERC>
    <Alpha>0</Alpha>
    <UZL>49.903378817599119</UZL>
    <K0>0.95277869007876648</K0>
    <K1>0.33870828161924815</K1>
    <K2>0.05476593330944883</K2>
    <MAXBAS>1</MAXBAS>
    <Cet>0.073432204687282079</Cet>
    <PCALT>1.35361996404365</PCALT>
    <TCALT>0.14466607709619944</TCALT>
    <Pelev>436</Pelev>
    <Telev>436</Telev>
    <PART>0.5</PART>
    <DELAY>1</DELAY>
  </CatchmentParameters>
  <VegetationZone>
    <VegetationZoneParameters>
      <TT>-1.6524872261202301</TT>
      <CFMAX>2.5780448444261026</CFMAX>
      <SP>0</SP>
      <SFCF>1.0885445518468941</SFCF>
      <CFR>0.099958241687322827</CFR>
      <CWH>0.19991427957455382</CWH>
      <CFGlacier>1</CFGlacier>
      <CFSlope>1</CFSlope>
      <FC>2082.6090987146517</FC>
      <LP>0.89385838698700937</LP>
      <BETA>2.2218341212338242</BETA>
    </VegetationZoneParameters>
  </VegetationZone>
  <SubCatchment>
    <SubCatchmentParameters>
      <KSI>0.001</KSI>
      <KGmin>0.05</KGmin>
      <RangeKG>0.1</RangeKG>
      <AG>0.1</AG>
      <PERC>1.0734900996275778</PERC>
      <Alpha>0</Alpha>
      <UZL>49.903378817599119</UZL>
      <K0>0.95277869007876648</K0>
      <K1>0.33870828161924815</K1>
      <K2>0.05476593330944883</K2>
      <MAXBAS>1</MAXBAS>
      <Cet>0.073432204687282079</Cet>
      <PCALT>1.35361996404365</PCALT>
      <TCALT>0.14466607709619944</TCALT>
      <Pelev>436</Pelev>
      <Telev>436</Telev>
      <PART>0.5</PART>
      <DELAY>1</DELAY>
    </SubCatchmentParameters>
    <SubCatchmentVegetationZone>
      <SubCatchmentVegetationZoneParameters>
        <TT>-1.6524872261202301</TT>
        <CFMAX>2.5780448444261026</CFMAX>
        <SP>0</SP>
        <SFCF>1.0885445518468941</SFCF>
        <CFR>0.099958241687322827</CFR>
        <CWH>0.19991427957455382</CWH>
        <CFGlacier>1</CFGlacier>
        <CFSlope>1</CFSlope>
        <FC>2082.6090987146517</FC>
        <LP>0.89385838698700937</LP>
        <BETA>2.2218341212338242</BETA>
      </SubCatchmentVegetationZoneParameters>
    </SubCatchmentVegetationZone>
  </SubCatchment>
</Catchment>