<?xml version="1.0" encoding="utf-8"?>
<Catchment xmlns:xsi="http://www.w3.org/2001/XMLSchema-instance" xmlns:xsd="http://www.w3.org/2001/XMLSchema">
  <CatchmentParameters>
    <KSI>0.001</KSI>
    <KGmin>0.05</KGmin>
    <RangeKG>0.1</RangeKG>
    <AG>0.1</AG>
    <PERC>0.83505882174579582</PERC>
    <Alpha>0</Alpha>
    <UZL>53.207783357736666</UZL>
    <K0>0.96073835018769493</K0>
    <K1>0.32732767569691018</K1>
    <K2>0.050877175013044285</K2>
    <MAXBAS>1</MAXBAS>
    <Cet>0.17375193817666931</Cet>
    <PCALT>1.5967252366424305</PCALT>
    <TCALT>0.14549648095397219</TCALT>
    <Pelev>436</Pelev>
    <Telev>436</Telev>
    <PART>0.5</PART>
    <DELAY>1</DELAY>
  </CatchmentParameters>
  <VegetationZone>
    <VegetationZoneParameters>
      <TT>-1.469263840737626</TT>
      <CFMAX>1.9310817790090418</CFMAX>
      <SP>0</SP>
      <SFCF>0.82422803437853776</SFCF>
      <CFR>0.099991240352702362</CFR>
      <CWH>0.15450429651541822</CWH>
      <CFGlacier>1</CFGlacier>
      <CFSlope>1</CFSlope>
      <FC>1757.9993206129673</FC>
      <LP>0.83261353552748152</LP>
      <BETA>1.8394275500446802</BETA>
    </VegetationZoneParameters>
  </VegetationZone>
  <SubCatchment>
    <SubCatchmentParameters>
      <KSI>0.001</KSI>
      <KGmin>0.05</KGmin>
      <RangeKG>0.1</RangeKG>
      <AG>0.1</AG>
      <PERC>0.83505882174579582</PERC>
      <Alpha>0</Alpha>
      <UZL>53.207783357736666</UZL>
      <K0>0.96073835018769493</K0>
      <K1>0.32732767569691018</K1>
      <K2>0.050877175013044285</K2>
      <MAXBAS>1</MAXBAS>
      <Cet>0.17375193817666931</Cet>
      <PCALT>1.5967252366424305</PCALT>
      <TCALT>0.14549648095397219</TCALT>
      <Pelev>436</Pelev>
      <Telev>436</Telev>
      <PART>0.5</PART>
      <DELAY>1</DELAY>
    </SubCatchmentParameters>
    <SubCatchmentVegetationZone>
      <SubCatchmentVegetationZoneParameters>
        <TT>-1.469263840737626</TT>
        <CFMAX>1.9310817790090418</CFMAX>
        <SP>0</SP>
        <SFCF>0.82422803437853776</SFCF>
        <CFR>0.099991240352702362</CFR>
        <CWH>0.15450429651541822</CWH>
        <CFGlacier>1</CFGlacier>
        <CFSlope>1</CFSlope>
        <FC>1757.9993206129673</FC>
        <LP>0.83261353552748152</LP>
        <BETA>1.8394275500446802</BETA>
      </SubCatchmentVegetationZoneParameters>
    </SubCatchmentVegetationZone>
  </SubCatchment>
</Catchment>