<?xml version="1.0" encoding="utf-8"?>
<Catchment xmlns:xsi="http://www.w3.org/2001/XMLSchema-instance" xmlns:xsd="http://www.w3.org/2001/XMLSchema">
  <CatchmentParameters>
    <KSI>0.001</KSI>
    <KGmin>0.05</KGmin>
    <RangeKG>0.1</RangeKG>
    <AG>0.1</AG>
    <PERC>1.0433189038115924</PERC>
    <Alpha>0</Alpha>
    <UZL>50.9267867870145</UZL>
    <K0>0.98993081680692252</K0>
    <K1>0.32920295501175839</K1>
    <K2>0.05374595006121085</K2>
    <MAXBAS>1</MAXBAS>
    <Cet>0.16378732163274615</Cet>
    <PCALT>1.9542910622258172</PCALT>
    <TCALT>0.2130014048952957</TCALT>
    <Pelev>436</Pelev>
    <Telev>436</Telev>
    <PART>0.5</PART>
    <DELAY>1</DELAY>
  </CatchmentParameters>
  <VegetationZone>
    <VegetationZoneParameters>
      <TT>-1.8456767660793438</TT>
      <CFMAX>2.4851252854514554</CFMAX>
      <SP>0</SP>
      <SFCF>1.0788370495043131</SFCF>
      <CFR>0.099999528701669421</CFR>
      <CWH>0.19999308385777129</CWH>
      <CFGlacier>1</CFGlacier>
      <CFSlope>1</CFSlope>
      <FC>1758.9190144944582</FC>
      <LP>0.687823241338909</LP>
      <BETA>1.4509137104732759</BETA>
    </VegetationZoneParameters>
  </VegetationZone>
  <SubCatchment>
    <SubCatchmentParameters>
      <KSI>0.001</KSI>
      <KGmin>0.05</KGmin>
      <RangeKG>0.1</RangeKG>
      <AG>0.1</AG>
      <PERC>1.0433189038115924</PERC>
      <Alpha>0</Alpha>
      <UZL>50.9267867870145</UZL>
      <K0>0.98993081680692252</K0>
      <K1>0.32920295501175839</K1>
      <K2>0.05374595006121085</K2>
      <MAXBAS>1</MAXBAS>
      <Cet>0.16378732163274615</Cet>
      <PCALT>1.9542910622258172</PCALT>
      <TCALT>0.2130014048952957</TCALT>
      <Pelev>436</Pelev>
      <Telev>436</Telev>
      <PART>0.5</PART>
      <DELAY>1</DELAY>
    </SubCatchmentParameters>
    <SubCatchmentVegetationZone>
      <SubCatchmentVegetationZoneParameters>
        <TT>-1.8456767660793438</TT>
        <CFMAX>2.4851252854514554</CFMAX>
        <SP>0</SP>
        <SFCF>1.0788370495043131</SFCF>
        <CFR>0.099999528701669421</CFR>
        <CWH>0.19999308385777129</CWH>
        <CFGlacier>1</CFGlacier>
        <CFSlope>1</CFSlope>
        <FC>1758.9190144944582</FC>
        <LP>0.687823241338909</LP>
        <BETA>1.4509137104732759</BETA>
      </SubCatchmentVegetationZoneParameters>
    </SubCatchmentVegetationZone>
  </SubCatchment>
</Catchment>