<?xml version="1.0" encoding="utf-8"?>
<Catchment xmlns:xsi="http://www.w3.org/2001/XMLSchema-instance" xmlns:xsd="http://www.w3.org/2001/XMLSchema">
  <CatchmentParameters>
    <KSI>0.001</KSI>
    <KGmin>0.05</KGmin>
    <RangeKG>0.1</RangeKG>
    <AG>0.1</AG>
    <PERC>1.1024334342867252</PERC>
    <Alpha>0</Alpha>
    <UZL>53.40177586213283</UZL>
    <K0>0.98975760781860711</K0>
    <K1>0.32617212447670485</K1>
    <K2>0.053628698946508228</K2>
    <MAXBAS>1</MAXBAS>
    <Cet>0.17733294191212093</Cet>
    <PCALT>2.1996028216150436</PCALT>
    <TCALT>0.1450564398372455</TCALT>
    <Pelev>436</Pelev>
    <Telev>436</Telev>
    <PART>0.5</PART>
    <DELAY>1</DELAY>
  </CatchmentParameters>
  <VegetationZone>
    <VegetationZoneParameters>
      <TT>-1.7911180372271145</TT>
      <CFMAX>2.7362584297627621</CFMAX>
      <SP>0</SP>
      <SFCF>1.0818744985698028</SFCF>
      <CFR>0.099899355637524292</CFR>
      <CWH>0.19978179942552832</CWH>
      <CFGlacier>1</CFGlacier>
      <CFSlope>1</CFSlope>
      <FC>1570.0262763141643</FC>
      <LP>0.60664155192843816</LP>
      <BETA>1.4420862034966124</BETA>
    </VegetationZoneParameters>
  </VegetationZone>
  <SubCatchment>
    <SubCatchmentParameters>
      <KSI>0.001</KSI>
      <KGmin>0.05</KGmin>
      <RangeKG>0.1</RangeKG>
      <AG>0.1</AG>
      <PERC>1.1024334342867252</PERC>
      <Alpha>0</Alpha>
      <UZL>53.40177586213283</UZL>
      <K0>0.98975760781860711</K0>
      <K1>0.32617212447670485</K1>
      <K2>0.053628698946508228</K2>
      <MAXBAS>1</MAXBAS>
      <Cet>0.17733294191212093</Cet>
      <PCALT>2.1996028216150436</PCALT>
      <TCALT>0.1450564398372455</TCALT>
      <Pelev>436</Pelev>
      <Telev>436</Telev>
      <PART>0.5</PART>
      <DELAY>1</DELAY>
    </SubCatchmentParameters>
    <SubCatchmentVegetationZone>
      <SubCatchmentVegetationZoneParameters>
        <TT>-1.7911180372271145</TT>
        <CFMAX>2.7362584297627621</CFMAX>
        <SP>0</SP>
        <SFCF>1.0818744985698028</SFCF>
        <CFR>0.099899355637524292</CFR>
        <CWH>0.19978179942552832</CWH>
        <CFGlacier>1</CFGlacier>
        <CFSlope>1</CFSlope>
        <FC>1570.0262763141643</FC>
        <LP>0.60664155192843816</LP>
        <BETA>1.4420862034966124</BETA>
      </SubCatchmentVegetationZoneParameters>
    </SubCatchmentVegetationZone>
  </SubCatchment>
</Catchment>