<?xml version="1.0" encoding="utf-8"?>
<Catchment xmlns:xsi="http://www.w3.org/2001/XMLSchema-instance" xmlns:xsd="http://www.w3.org/2001/XMLSchema">
  <CatchmentParameters>
    <KSI>0.001</KSI>
    <KGmin>0.05</KGmin>
    <RangeKG>0.1</RangeKG>
    <AG>0.1</AG>
    <PERC>0.78889137477697724</PERC>
    <Alpha>0</Alpha>
    <UZL>55.254704520737363</UZL>
    <K0>0.93869305770846756</K0>
    <K1>0.32197806640966675</K1>
    <K2>0.049178609940206633</K2>
    <MAXBAS>1</MAXBAS>
    <Cet>0.17684830010962663</Cet>
    <PCALT>0.778621464648335</PCALT>
    <TCALT>0.28675750038792935</TCALT>
    <Pelev>436</Pelev>
    <Telev>436</Telev>
    <PART>0.5</PART>
    <DELAY>1</DELAY>
  </CatchmentParameters>
  <VegetationZone>
    <VegetationZoneParameters>
      <TT>-2.0593362515346181</TT>
      <CFMAX>1.9360409713582283</CFMAX>
      <SP>0</SP>
      <SFCF>0.70038187929075757</SFCF>
      <CFR>0.09989389736155449</CFR>
      <CWH>0.16654994744064278</CWH>
      <CFGlacier>1</CFGlacier>
      <CFSlope>1</CFSlope>
      <FC>1505.3887451280352</FC>
      <LP>0.85357282761763276</LP>
      <BETA>1.9033290397988509</BETA>
    </VegetationZoneParameters>
  </VegetationZone>
  <SubCatchment>
    <SubCatchmentParameters>
      <KSI>0.001</KSI>
      <KGmin>0.05</KGmin>
      <RangeKG>0.1</RangeKG>
      <AG>0.1</AG>
      <PERC>0.78889137477697724</PERC>
      <Alpha>0</Alpha>
      <UZL>55.254704520737363</UZL>
      <K0>0.93869305770846756</K0>
      <K1>0.32197806640966675</K1>
      <K2>0.049178609940206633</K2>
      <MAXBAS>1</MAXBAS>
      <Cet>0.17684830010962663</Cet>
      <PCALT>0.778621464648335</PCALT>
      <TCALT>0.28675750038792935</TCALT>
      <Pelev>436</Pelev>
      <Telev>436</Telev>
      <PART>0.5</PART>
      <DELAY>1</DELAY>
    </SubCatchmentParameters>
    <SubCatchmentVegetationZone>
      <SubCatchmentVegetationZoneParameters>
        <TT>-2.0593362515346181</TT>
        <CFMAX>1.9360409713582283</CFMAX>
        <SP>0</SP>
        <SFCF>0.70038187929075757</SFCF>
        <CFR>0.09989389736155449</CFR>
        <CWH>0.16654994744064278</CWH>
        <CFGlacier>1</CFGlacier>
        <CFSlope>1</CFSlope>
        <FC>1505.3887451280352</FC>
        <LP>0.85357282761763276</LP>
        <BETA>1.9033290397988509</BETA>
      </SubCatchmentVegetationZoneParameters>
    </SubCatchmentVegetationZone>
  </SubCatchment>
</Catchment>