<?xml version="1.0" encoding="utf-8"?>
<Catchment xmlns:xsi="http://www.w3.org/2001/XMLSchema-instance" xmlns:xsd="http://www.w3.org/2001/XMLSchema">
  <CatchmentParameters>
    <KSI>0.001</KSI>
    <KGmin>0.05</KGmin>
    <RangeKG>0.1</RangeKG>
    <AG>0.1</AG>
    <PERC>0.82923931879828838</PERC>
    <Alpha>0</Alpha>
    <UZL>57.110309864683039</UZL>
    <K0>0.9899921938874906</K0>
    <K1>0.32748846008909849</K1>
    <K2>0.051491083414192583</K2>
    <MAXBAS>1</MAXBAS>
    <Cet>0.14287265071609934</Cet>
    <PCALT>3.9512292247421374</PCALT>
    <TCALT>0.2069446095453133</TCALT>
    <Pelev>436</Pelev>
    <Telev>436</Telev>
    <PART>0.5</PART>
    <DELAY>1</DELAY>
  </CatchmentParameters>
  <VegetationZone>
    <VegetationZoneParameters>
      <TT>-1.8526966302681265</TT>
      <CFMAX>2.0521038720576383</CFMAX>
      <SP>0</SP>
      <SFCF>0.861217274517381</SFCF>
      <CFR>0.086873535899404566</CFR>
      <CWH>0.17028802299504403</CWH>
      <CFGlacier>1</CFGlacier>
      <CFSlope>1</CFSlope>
      <FC>2322.4044415603935</FC>
      <LP>0.82021562175054463</LP>
      <BETA>2.295868182271354</BETA>
    </VegetationZoneParameters>
  </VegetationZone>
  <SubCatchment>
    <SubCatchmentParameters>
      <KSI>0.001</KSI>
      <KGmin>0.05</KGmin>
      <RangeKG>0.1</RangeKG>
      <AG>0.1</AG>
      <PERC>0.82923931879828838</PERC>
      <Alpha>0</Alpha>
      <UZL>57.110309864683039</UZL>
      <K0>0.9899921938874906</K0>
      <K1>0.32748846008909849</K1>
      <K2>0.051491083414192583</K2>
      <MAXBAS>1</MAXBAS>
      <Cet>0.14287265071609934</Cet>
      <PCALT>3.9512292247421374</PCALT>
      <TCALT>0.2069446095453133</TCALT>
      <Pelev>436</Pelev>
      <Telev>436</Telev>
      <PART>0.5</PART>
      <DELAY>1</DELAY>
    </SubCatchmentParameters>
    <SubCatchmentVegetationZone>
      <SubCatchmentVegetationZoneParameters>
        <TT>-1.8526966302681265</TT>
        <CFMAX>2.0521038720576383</CFMAX>
        <SP>0</SP>
        <SFCF>0.861217274517381</SFCF>
        <CFR>0.086873535899404566</CFR>
        <CWH>0.17028802299504403</CWH>
        <CFGlacier>1</CFGlacier>
        <CFSlope>1</CFSlope>
        <FC>2322.4044415603935</FC>
        <LP>0.82021562175054463</LP>
        <BETA>2.295868182271354</BETA>
      </SubCatchmentVegetationZoneParameters>
    </SubCatchmentVegetationZone>
  </SubCatchment>
</Catchment>