<?xml version="1.0" encoding="utf-8"?>
<Catchment xmlns:xsi="http://www.w3.org/2001/XMLSchema-instance" xmlns:xsd="http://www.w3.org/2001/XMLSchema">
  <CatchmentParameters>
    <KSI>0.001</KSI>
    <KGmin>0.05</KGmin>
    <RangeKG>0.1</RangeKG>
    <AG>0.1</AG>
    <PERC>1.1450695515305234</PERC>
    <Alpha>0</Alpha>
    <UZL>50.145134241685817</UZL>
    <K0>0.956556613341012</K0>
    <K1>0.33878162240961984</K1>
    <K2>0.054956376711101013</K2>
    <MAXBAS>1</MAXBAS>
    <Cet>0.12385974455504742</Cet>
    <PCALT>3.0962677194615082</PCALT>
    <TCALT>0.21544558295610108</TCALT>
    <Pelev>436</Pelev>
    <Telev>436</Telev>
    <PART>0.5</PART>
    <DELAY>1</DELAY>
  </CatchmentParameters>
  <VegetationZone>
    <VegetationZoneParameters>
      <TT>-1.8381003785145298</TT>
      <CFMAX>1.5939396810900013</CFMAX>
      <SP>0</SP>
      <SFCF>0.56861888109317738</SFCF>
      <CFR>0.068743511414977462</CFR>
      <CWH>0.19996838490921962</CWH>
      <CFGlacier>1</CFGlacier>
      <CFSlope>1</CFSlope>
      <FC>1817.5565532143764</FC>
      <LP>0.622476478646016</LP>
      <BETA>1.4892458863883245</BETA>
    </VegetationZoneParameters>
  </VegetationZone>
  <SubCatchment>
    <SubCatchmentParameters>
      <KSI>0.001</KSI>
      <KGmin>0.05</KGmin>
      <RangeKG>0.1</RangeKG>
      <AG>0.1</AG>
      <PERC>1.1450695515305234</PERC>
      <Alpha>0</Alpha>
      <UZL>50.145134241685817</UZL>
      <K0>0.956556613341012</K0>
      <K1>0.33878162240961984</K1>
      <K2>0.054956376711101013</K2>
      <MAXBAS>1</MAXBAS>
      <Cet>0.12385974455504742</Cet>
      <PCALT>3.0962677194615082</PCALT>
      <TCALT>0.21544558295610108</TCALT>
      <Pelev>436</Pelev>
      <Telev>436</Telev>
      <PART>0.5</PART>
      <DELAY>1</DELAY>
    </SubCatchmentParameters>
    <SubCatchmentVegetationZone>
      <SubCatchmentVegetationZoneParameters>
        <TT>-1.8381003785145298</TT>
        <CFMAX>1.5939396810900013</CFMAX>
        <SP>0</SP>
        <SFCF>0.56861888109317738</SFCF>
        <CFR>0.068743511414977462</CFR>
        <CWH>0.19996838490921962</CWH>
        <CFGlacier>1</CFGlacier>
        <CFSlope>1</CFSlope>
        <FC>1817.5565532143764</FC>
        <LP>0.622476478646016</LP>
        <BETA>1.4892458863883245</BETA>
      </SubCatchmentVegetationZoneParameters>
    </SubCatchmentVegetationZone>
  </SubCatchment>
</Catchment>