<?xml version="1.0" encoding="utf-8"?>
<Catchment xmlns:xsi="http://www.w3.org/2001/XMLSchema-instance" xmlns:xsd="http://www.w3.org/2001/XMLSchema">
  <CatchmentParameters>
    <KSI>0.001</KSI>
    <KGmin>0.05</KGmin>
    <RangeKG>0.1</RangeKG>
    <AG>0.1</AG>
    <PERC>0.85815950064629887</PERC>
    <Alpha>0</Alpha>
    <UZL>57.858755035861414</UZL>
    <K0>0.9899988258212048</K0>
    <K1>0.32579054900855242</K1>
    <K2>0.051513884859353341</K2>
    <MAXBAS>1</MAXBAS>
    <Cet>0.21790630032057617</Cet>
    <PCALT>3.2585318399330805</PCALT>
    <TCALT>0.31415418115195215</TCALT>
    <Pelev>436</Pelev>
    <Telev>436</Telev>
    <PART>0.5</PART>
    <DELAY>1</DELAY>
  </CatchmentParameters>
  <VegetationZone>
    <VegetationZoneParameters>
      <TT>-2.161688786675473</TT>
      <CFMAX>2.18879951268124</CFMAX>
      <SP>0</SP>
      <SFCF>0.82657558456264535</SFCF>
      <CFR>0.081633718190376972</CFR>
      <CWH>0.19986141254505752</CWH>
      <CFGlacier>1</CFGlacier>
      <CFSlope>1</CFSlope>
      <FC>2017.0087630945327</FC>
      <LP>0.80686284498105321</LP>
      <BETA>1.992854312671648</BETA>
    </VegetationZoneParameters>
  </VegetationZone>
  <SubCatchment>
    <SubCatchmentParameters>
      <KSI>0.001</KSI>
      <KGmin>0.05</KGmin>
      <RangeKG>0.1</RangeKG>
      <AG>0.1</AG>
      <PERC>0.85815950064629887</PERC>
      <Alpha>0</Alpha>
      <UZL>57.858755035861414</UZL>
      <K0>0.9899988258212048</K0>
      <K1>0.32579054900855242</K1>
      <K2>0.051513884859353341</K2>
      <MAXBAS>1</MAXBAS>
      <Cet>0.21790630032057617</Cet>
      <PCALT>3.2585318399330805</PCALT>
      <TCALT>0.31415418115195215</TCALT>
      <Pelev>436</Pelev>
      <Telev>436</Telev>
      <PART>0.5</PART>
      <DELAY>1</DELAY>
    </SubCatchmentParameters>
    <SubCatchmentVegetationZone>
      <SubCatchmentVegetationZoneParameters>
        <TT>-2.161688786675473</TT>
        <CFMAX>2.18879951268124</CFMAX>
        <SP>0</SP>
        <SFCF>0.82657558456264535</SFCF>
        <CFR>0.081633718190376972</CFR>
        <CWH>0.19986141254505752</CWH>
        <CFGlacier>1</CFGlacier>
        <CFSlope>1</CFSlope>
        <FC>2017.0087630945327</FC>
        <LP>0.80686284498105321</LP>
        <BETA>1.992854312671648</BETA>
      </SubCatchmentVegetationZoneParameters>
    </SubCatchmentVegetationZone>
  </SubCatchment>
</Catchment>