<?xml version="1.0" encoding="utf-8"?>
<Catchment xmlns:xsi="http://www.w3.org/2001/XMLSchema-instance" xmlns:xsd="http://www.w3.org/2001/XMLSchema">
  <CatchmentParameters>
    <KSI>0.001</KSI>
    <KGmin>0.05</KGmin>
    <RangeKG>0.1</RangeKG>
    <AG>0.1</AG>
    <PERC>0.96434299722207728</PERC>
    <Alpha>0</Alpha>
    <UZL>52.966394292797744</UZL>
    <K0>0.951964509715243</K0>
    <K1>0.32573565312025426</K1>
    <K2>0.053205010208019259</K2>
    <MAXBAS>1</MAXBAS>
    <Cet>0.10482723760569207</Cet>
    <PCALT>1.335062243715069</PCALT>
    <TCALT>0.11198385305469025</TCALT>
    <Pelev>436</Pelev>
    <Telev>436</Telev>
    <PART>0.5</PART>
    <DELAY>1</DELAY>
  </CatchmentParameters>
  <VegetationZone>
    <VegetationZoneParameters>
      <TT>-1.6477366005432887</TT>
      <CFMAX>2.4739504189386121</CFMAX>
      <SP>0</SP>
      <SFCF>0.97082947390455954</SFCF>
      <CFR>0.05336500370706105</CFR>
      <CWH>0.18338698755713903</CWH>
      <CFGlacier>1</CFGlacier>
      <CFSlope>1</CFSlope>
      <FC>1921.1280127730379</FC>
      <LP>0.90743393347634438</LP>
      <BETA>2.2365383335957314</BETA>
    </VegetationZoneParameters>
  </VegetationZone>
  <SubCatchment>
    <SubCatchmentParameters>
      <KSI>0.001</KSI>
      <KGmin>0.05</KGmin>
      <RangeKG>0.1</RangeKG>
      <AG>0.1</AG>
      <PERC>0.96434299722207728</PERC>
      <Alpha>0</Alpha>
      <UZL>52.966394292797744</UZL>
      <K0>0.951964509715243</K0>
      <K1>0.32573565312025426</K1>
      <K2>0.053205010208019259</K2>
      <MAXBAS>1</MAXBAS>
      <Cet>0.10482723760569207</Cet>
      <PCALT>1.335062243715069</PCALT>
      <TCALT>0.11198385305469025</TCALT>
      <Pelev>436</Pelev>
      <Telev>436</Telev>
      <PART>0.5</PART>
      <DELAY>1</DELAY>
    </SubCatchmentParameters>
    <SubCatchmentVegetationZone>
      <SubCatchmentVegetationZoneParameters>
        <TT>-1.6477366005432887</TT>
        <CFMAX>2.4739504189386121</CFMAX>
        <SP>0</SP>
        <SFCF>0.97082947390455954</SFCF>
        <CFR>0.05336500370706105</CFR>
        <CWH>0.18338698755713903</CWH>
        <CFGlacier>1</CFGlacier>
        <CFSlope>1</CFSlope>
        <FC>1921.1280127730379</FC>
        <LP>0.90743393347634438</LP>
        <BETA>2.2365383335957314</BETA>
      </SubCatchmentVegetationZoneParameters>
    </SubCatchmentVegetationZone>
  </SubCatchment>
</Catchment>