<?xml version="1.0" encoding="utf-8"?>
<Catchment xmlns:xsi="http://www.w3.org/2001/XMLSchema-instance" xmlns:xsd="http://www.w3.org/2001/XMLSchema">
  <CatchmentParameters>
    <KSI>0.001</KSI>
    <KGmin>0.05</KGmin>
    <RangeKG>0.1</RangeKG>
    <AG>0.1</AG>
    <PERC>0.69986611128310328</PERC>
    <Alpha>0</Alpha>
    <UZL>54.616936700814762</UZL>
    <K0>0.98999220459484</K0>
    <K1>0.3042719247723199</K1>
    <K2>0.0459642915287058</K2>
    <MAXBAS>1</MAXBAS>
    <Cet>0.23184897766528509</Cet>
    <PCALT>0.2465706395962434</PCALT>
    <TCALT>0.4060951582735815</TCALT>
    <Pelev>436</Pelev>
    <Telev>436</Telev>
    <PART>0.5</PART>
    <DELAY>1</DELAY>
  </CatchmentParameters>
  <VegetationZone>
    <VegetationZoneParameters>
      <TT>-1.7678472328694341</TT>
      <CFMAX>3.9847016467422773</CFMAX>
      <SP>0</SP>
      <SFCF>0.60721232994297691</SFCF>
      <CFR>0.023990203985624136</CFR>
      <CWH>0.10001434332459537</CWH>
      <CFGlacier>1</CFGlacier>
      <CFSlope>1</CFSlope>
      <FC>1229.0508456730233</FC>
      <LP>0.67877493984068893</LP>
      <BETA>1.4636973272023426</BETA>
    </VegetationZoneParameters>
  </VegetationZone>
  <SubCatchment>
    <SubCatchmentParameters>
      <KSI>0.001</KSI>
      <KGmin>0.05</KGmin>
      <RangeKG>0.1</RangeKG>
      <AG>0.1</AG>
      <PERC>0.69986611128310328</PERC>
      <Alpha>0</Alpha>
      <UZL>54.616936700814762</UZL>
      <K0>0.98999220459484</K0>
      <K1>0.3042719247723199</K1>
      <K2>0.0459642915287058</K2>
      <MAXBAS>1</MAXBAS>
      <Cet>0.23184897766528509</Cet>
      <PCALT>0.2465706395962434</PCALT>
      <TCALT>0.4060951582735815</TCALT>
      <Pelev>436</Pelev>
      <Telev>436</Telev>
      <PART>0.5</PART>
      <DELAY>1</DELAY>
    </SubCatchmentParameters>
    <SubCatchmentVegetationZone>
      <SubCatchmentVegetationZoneParameters>
        <TT>-1.7678472328694341</TT>
        <CFMAX>3.9847016467422773</CFMAX>
        <SP>0</SP>
        <SFCF>0.60721232994297691</SFCF>
        <CFR>0.023990203985624136</CFR>
        <CWH>0.10001434332459537</CWH>
        <CFGlacier>1</CFGlacier>
        <CFSlope>1</CFSlope>
        <FC>1229.0508456730233</FC>
        <LP>0.67877493984068893</LP>
        <BETA>1.4636973272023426</BETA>
      </SubCatchmentVegetationZoneParameters>
    </SubCatchmentVegetationZone>
  </SubCatchment>
</Catchment>