<?xml version="1.0" encoding="utf-8"?>
<Catchment xmlns:xsi="http://www.w3.org/2001/XMLSchema-instance" xmlns:xsd="http://www.w3.org/2001/XMLSchema">
  <CatchmentParameters>
    <KSI>0.001</KSI>
    <KGmin>0.05</KGmin>
    <RangeKG>0.1</RangeKG>
    <AG>0.1</AG>
    <PERC>0.91701201504693752</PERC>
    <Alpha>0</Alpha>
    <UZL>52.931161151398435</UZL>
    <K0>0.98123315941237665</K0>
    <K1>0.32262243607869234</K1>
    <K2>0.051559565477881236</K2>
    <MAXBAS>1</MAXBAS>
    <Cet>0.17335288380643693</Cet>
    <PCALT>0.576839655974887</PCALT>
    <TCALT>0.29594988804711125</TCALT>
    <Pelev>436</Pelev>
    <Telev>436</Telev>
    <PART>0.5</PART>
    <DELAY>1</DELAY>
  </CatchmentParameters>
  <VegetationZone>
    <VegetationZoneParameters>
      <TT>-1.7623454071278257</TT>
      <CFMAX>3.720271700526574</CFMAX>
      <SP>0</SP>
      <SFCF>0.74691722480226708</SFCF>
      <CFR>0.058464177081806644</CFR>
      <CWH>0.18216529281808244</CWH>
      <CFGlacier>1</CFGlacier>
      <CFSlope>1</CFSlope>
      <FC>1513.5628608299912</FC>
      <LP>0.80602085524378109</LP>
      <BETA>1.6222246610646462</BETA>
    </VegetationZoneParameters>
  </VegetationZone>
  <SubCatchment>
    <SubCatchmentParameters>
      <KSI>0.001</KSI>
      <KGmin>0.05</KGmin>
      <RangeKG>0.1</RangeKG>
      <AG>0.1</AG>
      <PERC>0.91701201504693752</PERC>
      <Alpha>0</Alpha>
      <UZL>52.931161151398435</UZL>
      <K0>0.98123315941237665</K0>
      <K1>0.32262243607869234</K1>
      <K2>0.051559565477881236</K2>
      <MAXBAS>1</MAXBAS>
      <Cet>0.17335288380643693</Cet>
      <PCALT>0.576839655974887</PCALT>
      <TCALT>0.29594988804711125</TCALT>
      <Pelev>436</Pelev>
      <Telev>436</Telev>
      <PART>0.5</PART>
      <DELAY>1</DELAY>
    </SubCatchmentParameters>
    <SubCatchmentVegetationZone>
      <SubCatchmentVegetationZoneParameters>
        <TT>-1.7623454071278257</TT>
        <CFMAX>3.720271700526574</CFMAX>
        <SP>0</SP>
        <SFCF>0.74691722480226708</SFCF>
        <CFR>0.058464177081806644</CFR>
        <CWH>0.18216529281808244</CWH>
        <CFGlacier>1</CFGlacier>
        <CFSlope>1</CFSlope>
        <FC>1513.5628608299912</FC>
        <LP>0.80602085524378109</LP>
        <BETA>1.6222246610646462</BETA>
      </SubCatchmentVegetationZoneParameters>
    </SubCatchmentVegetationZone>
  </SubCatchment>
</Catchment>