<?xml version="1.0" encoding="utf-8"?>
<Catchment xmlns:xsi="http://www.w3.org/2001/XMLSchema-instance" xmlns:xsd="http://www.w3.org/2001/XMLSchema">
  <CatchmentParameters>
    <KSI>0.001</KSI>
    <KGmin>0.05</KGmin>
    <RangeKG>0.1</RangeKG>
    <AG>0.1</AG>
    <PERC>1.0544253488404327</PERC>
    <Alpha>0</Alpha>
    <UZL>51.50729249136721</UZL>
    <K0>0.98997746893682614</K0>
    <K1>0.32041716723218372</K1>
    <K2>0.052729067241753927</K2>
    <MAXBAS>1</MAXBAS>
    <Cet>0.033991653914853634</Cet>
    <PCALT>0.16466617222408847</PCALT>
    <TCALT>0.22303384922761438</TCALT>
    <Pelev>436</Pelev>
    <Telev>436</Telev>
    <PART>0.5</PART>
    <DELAY>1</DELAY>
  </CatchmentParameters>
  <VegetationZone>
    <VegetationZoneParameters>
      <TT>-1.8524948098724157</TT>
      <CFMAX>1.7517138010332181</CFMAX>
      <SP>0</SP>
      <SFCF>0.77650987752199785</SFCF>
      <CFR>0.050423014364553723</CFR>
      <CWH>0.19996037957976354</CWH>
      <CFGlacier>1</CFGlacier>
      <CFSlope>1</CFSlope>
      <FC>1314.1821140922759</FC>
      <LP>0.55687718465505809</LP>
      <BETA>1.2882279429621126</BETA>
    </VegetationZoneParameters>
  </VegetationZone>
  <SubCatchment>
    <SubCatchmentParameters>
      <KSI>0.001</KSI>
      <KGmin>0.05</KGmin>
      <RangeKG>0.1</RangeKG>
      <AG>0.1</AG>
      <PERC>1.0544253488404327</PERC>
      <Alpha>0</Alpha>
      <UZL>51.50729249136721</UZL>
      <K0>0.98997746893682614</K0>
      <K1>0.32041716723218372</K1>
      <K2>0.052729067241753927</K2>
      <MAXBAS>1</MAXBAS>
      <Cet>0.033991653914853634</Cet>
      <PCALT>0.16466617222408847</PCALT>
      <TCALT>0.22303384922761438</TCALT>
      <Pelev>436</Pelev>
      <Telev>436</Telev>
      <PART>0.5</PART>
      <DELAY>1</DELAY>
    </SubCatchmentParameters>
    <SubCatchmentVegetationZone>
      <SubCatchmentVegetationZoneParameters>
        <TT>-1.8524948098724157</TT>
        <CFMAX>1.7517138010332181</CFMAX>
        <SP>0</SP>
        <SFCF>0.77650987752199785</SFCF>
        <CFR>0.050423014364553723</CFR>
        <CWH>0.19996037957976354</CWH>
        <CFGlacier>1</CFGlacier>
        <CFSlope>1</CFSlope>
        <FC>1314.1821140922759</FC>
        <LP>0.55687718465505809</LP>
        <BETA>1.2882279429621126</BETA>
      </SubCatchmentVegetationZoneParameters>
    </SubCatchmentVegetationZone>
  </SubCatchment>
</Catchment>