<?xml version="1.0" encoding="utf-8"?>
<Catchment xmlns:xsi="http://www.w3.org/2001/XMLSchema-instance" xmlns:xsd="http://www.w3.org/2001/XMLSchema">
  <CatchmentParameters>
    <KSI>0.001000091999877218</KSI>
    <KGmin>0.016667402691107454</KGmin>
    <RangeKG>0.26668050593695181</RangeKG>
    <AG>0.014616376678458165</AG>
    <KInfiltration>0.51890808333639127</KInfiltration>
    <PERC>2.1046781397943159</PERC>
    <Alpha>0</Alpha>
    <UZL>49.304422427088674</UZL>
    <K0>0.44597984572148552</K0>
    <K1>0.11930128228070529</K1>
    <K2>0.0068218113785911624</K2>
    <MAXBAS>1.6106421991950533</MAXBAS>
    <Cet>0</Cet>
    <PCALT>10</PCALT>
    <TCALT>0.6</TCALT>
    <Pelev>3739</Pelev>
    <Telev>3307</Telev>
    <PART>0.5</PART>
    <DELAY>1</DELAY>
  </CatchmentParameters>
  <VegetationZone>
    <VegetationZoneParameters>
      <TT>0.65612360330057684</TT>
      <CFMAX>1.6462282573215417</CFMAX>
      <SP>-0.30742410089178612</SP>
      <SFCF>1.0095957033043235</SFCF>
      <CFR>0.057687449586508267</CFR>
      <CWH>0.02990350099428531</CWH>
      <CFGlacier>0.6239208520007643</CFGlacier>
      <CFSlope>0.29873644052521403</CFSlope>
      <FC>539.96112506707425</FC>
      <LP>0.634027185485264</LP>
      <BETA>2.612606786887798</BETA>
    </VegetationZoneParameters>
  </VegetationZone>
  <SubCatchment>
    <SubCatchmentParameters>
      <KSI>0.001000091999877218</KSI>
      <KGmin>0.016667402691107454</KGmin>
      <RangeKG>0.26668050593695181</RangeKG>
      <AG>0.014616376678458165</AG>
      <KInfiltration>0.51890808333639127</KInfiltration>
      <PERC>2.1046781397943159</PERC>
      <Alpha>0</Alpha>
      <UZL>49.304422427088674</UZL>
      <K0>0.44597984572148552</K0>
      <K1>0.11930128228070529</K1>
      <K2>0.0068218113785911624</K2>
      <MAXBAS>1.6106421991950533</MAXBAS>
      <Cet>0</Cet>
      <PCALT>10</PCALT>
      <TCALT>0.6</TCALT>
      <Pelev>3739</Pelev>
      <Telev>3307</Telev>
      <PART>0.5</PART>
      <DELAY>1</DELAY>
    </SubCatchmentParameters>
    <SubCatchmentVegetationZone>
      <SubCatchmentVegetationZoneParameters>
        <TT>0.65612360330057684</TT>
        <CFMAX>1.6462282573215417</CFMAX>
        <SP>-0.30742410089178612</SP>
        <SFCF>1.0095957033043235</SFCF>
        <CFR>0.057687449586508267</CFR>
        <CWH>0.02990350099428531</CWH>
        <CFGlacier>0.6239208520007643</CFGlacier>
        <CFSlope>0.29873644052521403</CFSlope>
        <FC>539.96112506707425</FC>
        <LP>0.634027185485264</LP>
        <BETA>2.612606786887798</BETA>
      </SubCatchmentVegetationZoneParameters>
    </SubCatchmentVegetationZone>
  </SubCatchment>
</Catchment>