<?xml version="1.0" encoding="utf-8"?>
<Catchment xmlns:xsi="http://www.w3.org/2001/XMLSchema-instance" xmlns:xsd="http://www.w3.org/2001/XMLSchema">
  <CatchmentParameters>
    <KSI>0.00238276947840923</KSI>
    <KGmin>0.093751061877569042</KGmin>
    <RangeKG>0.10000034643044384</RangeKG>
    <AG>0.99886117318486323</AG>
    <KInfiltration>0.69092145278882566</KInfiltration>
    <PERC>3.0456974641764289</PERC>
    <Alpha>0</Alpha>
    <UZL>57.142054150186439</UZL>
    <K0>0.50879677731678263</K0>
    <K1>0.18791306501619187</K1>
    <K2>0.0058305371931189464</K2>
    <MAXBAS>1.0004793953572588</MAXBAS>
    <Cet>0</Cet>
    <PCALT>10</PCALT>
    <TCALT>0.6</TCALT>
    <Pelev>3739</Pelev>
    <Telev>3307</Telev>
    <PART>0.5</PART>
    <DELAY>1</DELAY>
  </CatchmentParameters>
  <VegetationZone>
    <VegetationZoneParameters>
      <TT>0.84765577703611927</TT>
      <CFMAX>3.3073867382519557</CFMAX>
      <SP>-0.27242313011359987</SP>
      <SFCF>1.0136756754967791</SFCF>
      <CFR>0.0014902734555777095</CFR>
      <CWH>0.00047769108703715323</CWH>
      <CFGlacier>0.028230206880743989</CFGlacier>
      <CFSlope>0.54455246490764686</CFSlope>
      <FC>502.99710272024367</FC>
      <LP>0.69865648594678254</LP>
      <BETA>3.7847279329717751</BETA>
    </VegetationZoneParameters>
  </VegetationZone>
  <SubCatchment>
    <SubCatchmentParameters>
      <KSI>0.00238276947840923</KSI>
      <KGmin>0.093751061877569042</KGmin>
      <RangeKG>0.10000034643044384</RangeKG>
      <AG>0.99886117318486323</AG>
      <KInfiltration>0.69092145278882566</KInfiltration>
      <PERC>3.0456974641764289</PERC>
      <Alpha>0</Alpha>
      <UZL>57.142054150186439</UZL>
      <K0>0.50879677731678263</K0>
      <K1>0.18791306501619187</K1>
      <K2>0.0058305371931189464</K2>
      <MAXBAS>1.0004793953572588</MAXBAS>
      <Cet>0</Cet>
      <PCALT>10</PCALT>
      <TCALT>0.6</TCALT>
      <Pelev>3739</Pelev>
      <Telev>3307</Telev>
      <PART>0.5</PART>
      <DELAY>1</DELAY>
    </SubCatchmentParameters>
    <SubCatchmentVegetationZone>
      <SubCatchmentVegetationZoneParameters>
        <TT>0.84765577703611927</TT>
        <CFMAX>3.3073867382519557</CFMAX>
        <SP>-0.27242313011359987</SP>
        <SFCF>1.0136756754967791</SFCF>
        <CFR>0.0014902734555777095</CFR>
        <CWH>0.00047769108703715323</CWH>
        <CFGlacier>0.028230206880743989</CFGlacier>
        <CFSlope>0.54455246490764686</CFSlope>
        <FC>502.99710272024367</FC>
        <LP>0.69865648594678254</LP>
        <BETA>3.7847279329717751</BETA>
      </SubCatchmentVegetationZoneParameters>
    </SubCatchmentVegetationZone>
  </SubCatchment>
</Catchment>