<?xml version="1.0" encoding="utf-8"?>
<Catchment xmlns:xsi="http://www.w3.org/2001/XMLSchema-instance" xmlns:xsd="http://www.w3.org/2001/XMLSchema">
  <CatchmentParameters>
    <KSI>0.0022966409025855961</KSI>
    <KGmin>0.14226748233604183</KGmin>
    <RangeKG>0.41291593706392427</RangeKG>
    <AG>0.01623542945430444</AG>
    <KInfiltration>0.37791867054612782</KInfiltration>
    <PERC>2.0414718823222127</PERC>
    <Alpha>0</Alpha>
    <UZL>80.94408893767006</UZL>
    <K0>0.52790889460642731</K0>
    <K1>0.18647718666632232</K1>
    <K2>0.0061248115395034775</K2>
    <MAXBAS>1.3503808545711542</MAXBAS>
    <Cet>0</Cet>
    <PCALT>10</PCALT>
    <TCALT>0.6</TCALT>
    <Pelev>3739</Pelev>
    <Telev>3307</Telev>
    <PART>0.5</PART>
    <DELAY>1</DELAY>
  </CatchmentParameters>
  <VegetationZone>
    <VegetationZoneParameters>
      <TT>0.39907937098665047</TT>
      <CFMAX>1.3931784206291706</CFMAX>
      <SP>-0.39534506660877533</SP>
      <SFCF>1.1440913950569456</SFCF>
      <CFR>0.075585130108355783</CFR>
      <CWH>0.029335673252489865</CWH>
      <CFGlacier>0.73253117165081028</CFGlacier>
      <CFSlope>0.2588717706652448</CFSlope>
      <FC>551.69628043864623</FC>
      <LP>0.45018125867770048</LP>
      <BETA>1.8469566489051379</BETA>
    </VegetationZoneParameters>
  </VegetationZone>
  <SubCatchment>
    <SubCatchmentParameters>
      <KSI>0.0022966409025855961</KSI>
      <KGmin>0.14226748233604183</KGmin>
      <RangeKG>0.41291593706392427</RangeKG>
      <AG>0.01623542945430444</AG>
      <KInfiltration>0.37791867054612782</KInfiltration>
      <PERC>2.0414718823222127</PERC>
      <Alpha>0</Alpha>
      <UZL>80.94408893767006</UZL>
      <K0>0.52790889460642731</K0>
      <K1>0.18647718666632232</K1>
      <K2>0.0061248115395034775</K2>
      <MAXBAS>1.3503808545711542</MAXBAS>
      <Cet>0</Cet>
      <PCALT>10</PCALT>
      <TCALT>0.6</TCALT>
      <Pelev>3739</Pelev>
      <Telev>3307</Telev>
      <PART>0.5</PART>
      <DELAY>1</DELAY>
    </SubCatchmentParameters>
    <SubCatchmentVegetationZone>
      <SubCatchmentVegetationZoneParameters>
        <TT>0.39907937098665047</TT>
        <CFMAX>1.3931784206291706</CFMAX>
        <SP>-0.39534506660877533</SP>
        <SFCF>1.1440913950569456</SFCF>
        <CFR>0.075585130108355783</CFR>
        <CWH>0.029335673252489865</CWH>
        <CFGlacier>0.73253117165081028</CFGlacier>
        <CFSlope>0.2588717706652448</CFSlope>
        <FC>551.69628043864623</FC>
        <LP>0.45018125867770048</LP>
        <BETA>1.8469566489051379</BETA>
      </SubCatchmentVegetationZoneParameters>
    </SubCatchmentVegetationZone>
  </SubCatchment>
</Catchment>