<?xml version="1.0" encoding="utf-8"?>
<Catchment xmlns:xsi="http://www.w3.org/2001/XMLSchema-instance" xmlns:xsd="http://www.w3.org/2001/XMLSchema">
  <CatchmentParameters>
    <KSI>0.002410276078015733</KSI>
    <KGmin>0.19999540113491271</KGmin>
    <RangeKG>0.40802226723716367</RangeKG>
    <AG>0.33887630673896424</AG>
    <KInfiltration>0.14405493245059337</KInfiltration>
    <PERC>1.7393521350088297</PERC>
    <Alpha>0</Alpha>
    <UZL>33.357649446350742</UZL>
    <K0>0.62725048461852928</K0>
    <K1>0.17852747953893028</K1>
    <K2>0.0050287266105835341</K2>
    <MAXBAS>1.7450285605662854</MAXBAS>
    <Cet>0</Cet>
    <PCALT>10</PCALT>
    <TCALT>0.6</TCALT>
    <Pelev>3739</Pelev>
    <Telev>3307</Telev>
    <PART>0.5</PART>
    <DELAY>1</DELAY>
  </CatchmentParameters>
  <VegetationZone>
    <VegetationZoneParameters>
      <TT>-0.34412620003482042</TT>
      <CFMAX>1.4980977568580989</CFMAX>
      <SP>-0.5325126490878862</SP>
      <SFCF>1.1757802625722669</SFCF>
      <CFR>0.067245781676519442</CFR>
      <CWH>0.16124658350571519</CWH>
      <CFGlacier>0.67171785278466067</CFGlacier>
      <CFSlope>0.261884153984929</CFSlope>
      <FC>562.16610120834355</FC>
      <LP>0.668397998605408</LP>
      <BETA>3.099393608713322</BETA>
    </VegetationZoneParameters>
  </VegetationZone>
  <SubCatchment>
    <SubCatchmentParameters>
      <KSI>0.002410276078015733</KSI>
      <KGmin>0.19999540113491271</KGmin>
      <RangeKG>0.40802226723716367</RangeKG>
      <AG>0.33887630673896424</AG>
      <KInfiltration>0.14405493245059337</KInfiltration>
      <PERC>1.7393521350088297</PERC>
      <Alpha>0</Alpha>
      <UZL>33.357649446350742</UZL>
      <K0>0.62725048461852928</K0>
      <K1>0.17852747953893028</K1>
      <K2>0.0050287266105835341</K2>
      <MAXBAS>1.7450285605662854</MAXBAS>
      <Cet>0</Cet>
      <PCALT>10</PCALT>
      <TCALT>0.6</TCALT>
      <Pelev>3739</Pelev>
      <Telev>3307</Telev>
      <PART>0.5</PART>
      <DELAY>1</DELAY>
    </SubCatchmentParameters>
    <SubCatchmentVegetationZone>
      <SubCatchmentVegetationZoneParameters>
        <TT>-0.34412620003482042</TT>
        <CFMAX>1.4980977568580989</CFMAX>
        <SP>-0.5325126490878862</SP>
        <SFCF>1.1757802625722669</SFCF>
        <CFR>0.067245781676519442</CFR>
        <CWH>0.16124658350571519</CWH>
        <CFGlacier>0.67171785278466067</CFGlacier>
        <CFSlope>0.261884153984929</CFSlope>
        <FC>562.16610120834355</FC>
        <LP>0.668397998605408</LP>
        <BETA>3.099393608713322</BETA>
      </SubCatchmentVegetationZoneParameters>
    </SubCatchmentVegetationZone>
  </SubCatchment>
</Catchment>