<?xml version="1.0" encoding="utf-8"?>
<Catchment xmlns:xsi="http://www.w3.org/2001/XMLSchema-instance" xmlns:xsd="http://www.w3.org/2001/XMLSchema">
  <CatchmentParameters>
    <KSI>0.002963583816528849</KSI>
    <KGmin>0.17594532218254269</KGmin>
    <RangeKG>0.23344298367474914</RangeKG>
    <AG>0.089353500915445028</AG>
    <KInfiltration>0.45530779939899185</KInfiltration>
    <PERC>2.3274499962831405</PERC>
    <Alpha>0</Alpha>
    <UZL>50.665498336478407</UZL>
    <K0>0.4078223551735693</K0>
    <K1>0.10289747363701685</K1>
    <K2>0.0078324957627920015</K2>
    <MAXBAS>1.668925789445898</MAXBAS>
    <Cet>0</Cet>
    <PCALT>10</PCALT>
    <TCALT>0.6</TCALT>
    <Pelev>3739</Pelev>
    <Telev>3307</Telev>
    <PART>0.5</PART>
    <DELAY>1</DELAY>
  </CatchmentParameters>
  <VegetationZone>
    <VegetationZoneParameters>
      <TT>0.1509302987975524</TT>
      <CFMAX>0.89309373304665363</CFMAX>
      <SP>-0.12302578529382899</SP>
      <SFCF>1.0844201193175738</SFCF>
      <CFR>1.0230930870294518E-07</CFR>
      <CWH>0.056805282842385188</CWH>
      <CFGlacier>0.92031259776787711</CFGlacier>
      <CFSlope>0.24841127963051649</CFSlope>
      <FC>363.31608966291247</FC>
      <LP>0.649738723252825</LP>
      <BETA>1.7401632932787807</BETA>
    </VegetationZoneParameters>
  </VegetationZone>
  <SubCatchment>
    <SubCatchmentParameters>
      <KSI>0.002963583816528849</KSI>
      <KGmin>0.17594532218254269</KGmin>
      <RangeKG>0.23344298367474914</RangeKG>
      <AG>0.089353500915445028</AG>
      <KInfiltration>0.45530779939899185</KInfiltration>
      <PERC>2.3274499962831405</PERC>
      <Alpha>0</Alpha>
      <UZL>50.665498336478407</UZL>
      <K0>0.4078223551735693</K0>
      <K1>0.10289747363701685</K1>
      <K2>0.0078324957627920015</K2>
      <MAXBAS>1.668925789445898</MAXBAS>
      <Cet>0</Cet>
      <PCALT>10</PCALT>
      <TCALT>0.6</TCALT>
      <Pelev>3739</Pelev>
      <Telev>3307</Telev>
      <PART>0.5</PART>
      <DELAY>1</DELAY>
    </SubCatchmentParameters>
    <SubCatchmentVegetationZone>
      <SubCatchmentVegetationZoneParameters>
        <TT>0.1509302987975524</TT>
        <CFMAX>0.89309373304665363</CFMAX>
        <SP>-0.12302578529382899</SP>
        <SFCF>1.0844201193175738</SFCF>
        <CFR>1.0230930870294518E-07</CFR>
        <CWH>0.056805282842385188</CWH>
        <CFGlacier>0.92031259776787711</CFGlacier>
        <CFSlope>0.24841127963051649</CFSlope>
        <FC>363.31608966291247</FC>
        <LP>0.649738723252825</LP>
        <BETA>1.7401632932787807</BETA>
      </SubCatchmentVegetationZoneParameters>
    </SubCatchmentVegetationZone>
  </SubCatchment>
</Catchment>