<?xml version="1.0" encoding="utf-8"?>
<Catchment xmlns:xsi="http://www.w3.org/2001/XMLSchema-instance" xmlns:xsd="http://www.w3.org/2001/XMLSchema">
  <CatchmentParameters>
    <KSI>0.0015615383485051966</KSI>
    <KGmin>0.12500426414647248</KGmin>
    <RangeKG>0.1511657653086767</RangeKG>
    <AG>0.38870563366260696</AG>
    <KInfiltration>0.42964669651373177</KInfiltration>
    <PERC>2.0287950466701479</PERC>
    <Alpha>0</Alpha>
    <UZL>45.810263015564537</UZL>
    <K0>0.50304949066808513</K0>
    <K1>0.12691883209051535</K1>
    <K2>0.0066401120368250483</K2>
    <MAXBAS>1.6582169400539624</MAXBAS>
    <Cet>0</Cet>
    <PCALT>10</PCALT>
    <TCALT>0.6</TCALT>
    <Pelev>3739</Pelev>
    <Telev>3307</Telev>
    <PART>0.5</PART>
    <DELAY>1</DELAY>
  </CatchmentParameters>
  <VegetationZone>
    <VegetationZoneParameters>
      <TT>0.56140026398746357</TT>
      <CFMAX>1.4593075084418783</CFMAX>
      <SP>-0.3302674741950038</SP>
      <SFCF>1.0279242444488066</SFCF>
      <CFR>0.042586310161482094</CFR>
      <CWH>0.0528764988058447</CWH>
      <CFGlacier>0.56485670451951187</CFGlacier>
      <CFSlope>0.27378815041004834</CFSlope>
      <FC>393.33759971372365</FC>
      <LP>0.54802004837948992</LP>
      <BETA>1.820228447497511</BETA>
    </VegetationZoneParameters>
  </VegetationZone>
  <SubCatchment>
    <SubCatchmentParameters>
      <KSI>0.0015615383485051966</KSI>
      <KGmin>0.12500426414647248</KGmin>
      <RangeKG>0.1511657653086767</RangeKG>
      <AG>0.38870563366260696</AG>
      <KInfiltration>0.42964669651373177</KInfiltration>
      <PERC>2.0287950466701479</PERC>
      <Alpha>0</Alpha>
      <UZL>45.810263015564537</UZL>
      <K0>0.50304949066808513</K0>
      <K1>0.12691883209051535</K1>
      <K2>0.0066401120368250483</K2>
      <MAXBAS>1.6582169400539624</MAXBAS>
      <Cet>0</Cet>
      <PCALT>10</PCALT>
      <TCALT>0.6</TCALT>
      <Pelev>3739</Pelev>
      <Telev>3307</Telev>
      <PART>0.5</PART>
      <DELAY>1</DELAY>
    </SubCatchmentParameters>
    <SubCatchmentVegetationZone>
      <SubCatchmentVegetationZoneParameters>
        <TT>0.56140026398746357</TT>
        <CFMAX>1.4593075084418783</CFMAX>
        <SP>-0.3302674741950038</SP>
        <SFCF>1.0279242444488066</SFCF>
        <CFR>0.042586310161482094</CFR>
        <CWH>0.0528764988058447</CWH>
        <CFGlacier>0.56485670451951187</CFGlacier>
        <CFSlope>0.27378815041004834</CFSlope>
        <FC>393.33759971372365</FC>
        <LP>0.54802004837948992</LP>
        <BETA>1.820228447497511</BETA>
      </SubCatchmentVegetationZoneParameters>
    </SubCatchmentVegetationZone>
  </SubCatchment>
</Catchment>