<?xml version="1.0" encoding="utf-8"?>
<Catchment xmlns:xsi="http://www.w3.org/2001/XMLSchema-instance" xmlns:xsd="http://www.w3.org/2001/XMLSchema">
  <CatchmentParameters>
    <KSI>0.0019235413509118341</KSI>
    <KGmin>0.11126603713198376</KGmin>
    <RangeKG>0.28616041608348708</RangeKG>
    <AG>0.013712050407403488</AG>
    <KInfiltration>0.16388532404429057</KInfiltration>
    <PERC>2.306412013796427</PERC>
    <Alpha>0</Alpha>
    <UZL>63.728385281603472</UZL>
    <K0>0.19912092291005884</K0>
    <K1>0.18785550214918834</K1>
    <K2>0.0061511752809318612</K2>
    <MAXBAS>1.2749924044752141</MAXBAS>
    <Cet>0</Cet>
    <PCALT>10</PCALT>
    <TCALT>0.6</TCALT>
    <Pelev>3739</Pelev>
    <Telev>3307</Telev>
    <PART>0.5</PART>
    <DELAY>1</DELAY>
  </CatchmentParameters>
  <VegetationZone>
    <VegetationZoneParameters>
      <TT>0.35600512584336491</TT>
      <CFMAX>1.2410425482602143</CFMAX>
      <SP>-0.36289756333433931</SP>
      <SFCF>1.138232648640527</SFCF>
      <CFR>0.063273437062615775</CFR>
      <CWH>0.070454803151040926</CWH>
      <CFGlacier>0.76776452277407292</CFGlacier>
      <CFSlope>0.24843457177979059</CFSlope>
      <FC>593.40485293361485</FC>
      <LP>0.890401780829399</LP>
      <BETA>2.8598182098080951</BETA>
    </VegetationZoneParameters>
  </VegetationZone>
  <SubCatchment>
    <SubCatchmentParameters>
      <KSI>0.0019235413509118341</KSI>
      <KGmin>0.11126603713198376</KGmin>
      <RangeKG>0.28616041608348708</RangeKG>
      <AG>0.013712050407403488</AG>
      <KInfiltration>0.16388532404429057</KInfiltration>
      <PERC>2.306412013796427</PERC>
      <Alpha>0</Alpha>
      <UZL>63.728385281603472</UZL>
      <K0>0.19912092291005884</K0>
      <K1>0.18785550214918834</K1>
      <K2>0.0061511752809318612</K2>
      <MAXBAS>1.2749924044752141</MAXBAS>
      <Cet>0</Cet>
      <PCALT>10</PCALT>
      <TCALT>0.6</TCALT>
      <Pelev>3739</Pelev>
      <Telev>3307</Telev>
      <PART>0.5</PART>
      <DELAY>1</DELAY>
    </SubCatchmentParameters>
    <SubCatchmentVegetationZone>
      <SubCatchmentVegetationZoneParameters>
        <TT>0.35600512584336491</TT>
        <CFMAX>1.2410425482602143</CFMAX>
        <SP>-0.36289756333433931</SP>
        <SFCF>1.138232648640527</SFCF>
        <CFR>0.063273437062615775</CFR>
        <CWH>0.070454803151040926</CWH>
        <CFGlacier>0.76776452277407292</CFGlacier>
        <CFSlope>0.24843457177979059</CFSlope>
        <FC>593.40485293361485</FC>
        <LP>0.890401780829399</LP>
        <BETA>2.8598182098080951</BETA>
      </SubCatchmentVegetationZoneParameters>
    </SubCatchmentVegetationZone>
  </SubCatchment>
</Catchment>