<?xml version="1.0" encoding="utf-8"?>
<Catchment xmlns:xsi="http://www.w3.org/2001/XMLSchema-instance" xmlns:xsd="http://www.w3.org/2001/XMLSchema">
  <CatchmentParameters>
    <KSI>0.0011643483530471</KSI>
    <KGmin>0.17477364445512164</KGmin>
    <RangeKG>0.10000010261002727</RangeKG>
    <AG>0.99991985847539266</AG>
    <KInfiltration>0.17636819192630071</KInfiltration>
    <PERC>2.7743531548929883</PERC>
    <Alpha>0</Alpha>
    <UZL>9.3471592769249359</UZL>
    <K0>0.76109743950982034</K0>
    <K1>0.30598624339826858</K1>
    <K2>0.0032550027096909604</K2>
    <MAXBAS>1.8541086032761855</MAXBAS>
    <Cet>0</Cet>
    <PCALT>10</PCALT>
    <TCALT>0.6</TCALT>
    <Pelev>3739</Pelev>
    <Telev>3307</Telev>
    <PART>0.5</PART>
    <DELAY>1</DELAY>
  </CatchmentParameters>
  <VegetationZone>
    <VegetationZoneParameters>
      <TT>1.0167203633143942</TT>
      <CFMAX>1.129333306737152</CFMAX>
      <SP>-0.50518268642461783</SP>
      <SFCF>1.1941253214200038</SFCF>
      <CFR>0.053088236403802058</CFR>
      <CWH>0.029533399053238565</CWH>
      <CFGlacier>0.09323700142668595</CFGlacier>
      <CFSlope>0.16238108767380602</CFSlope>
      <FC>475.79593810513438</FC>
      <LP>0.6745796883662678</LP>
      <BETA>1.5760075456731477</BETA>
    </VegetationZoneParameters>
  </VegetationZone>
  <SubCatchment>
    <SubCatchmentParameters>
      <KSI>0.0011643483530471</KSI>
      <KGmin>0.17477364445512164</KGmin>
      <RangeKG>0.10000010261002727</RangeKG>
      <AG>0.99991985847539266</AG>
      <KInfiltration>0.17636819192630071</KInfiltration>
      <PERC>2.7743531548929883</PERC>
      <Alpha>0</Alpha>
      <UZL>9.3471592769249359</UZL>
      <K0>0.76109743950982034</K0>
      <K1>0.30598624339826858</K1>
      <K2>0.0032550027096909604</K2>
      <MAXBAS>1.8541086032761855</MAXBAS>
      <Cet>0</Cet>
      <PCALT>10</PCALT>
      <TCALT>0.6</TCALT>
      <Pelev>3739</Pelev>
      <Telev>3307</Telev>
      <PART>0.5</PART>
      <DELAY>1</DELAY>
    </SubCatchmentParameters>
    <SubCatchmentVegetationZone>
      <SubCatchmentVegetationZoneParameters>
        <TT>1.0167203633143942</TT>
        <CFMAX>1.129333306737152</CFMAX>
        <SP>-0.50518268642461783</SP>
        <SFCF>1.1941253214200038</SFCF>
        <CFR>0.053088236403802058</CFR>
        <CWH>0.029533399053238565</CWH>
        <CFGlacier>0.09323700142668595</CFGlacier>
        <CFSlope>0.16238108767380602</CFSlope>
        <FC>475.79593810513438</FC>
        <LP>0.6745796883662678</LP>
        <BETA>1.5760075456731477</BETA>
      </SubCatchmentVegetationZoneParameters>
    </SubCatchmentVegetationZone>
  </SubCatchment>
</Catchment>