<?xml version="1.0" encoding="utf-8"?>
<Catchment xmlns:xsi="http://www.w3.org/2001/XMLSchema-instance" xmlns:xsd="http://www.w3.org/2001/XMLSchema">
  <CatchmentParameters>
    <KSI>0.0015655038714770414</KSI>
    <KGmin>0.077983216076471781</KGmin>
    <RangeKG>0.19071576498631115</RangeKG>
    <AG>0.0034068200335351218</AG>
    <KInfiltration>0.20925025355334312</KInfiltration>
    <PERC>2.4870236630851918</PERC>
    <Alpha>0</Alpha>
    <UZL>87.910081734564073</UZL>
    <K0>0.092662122166569064</K0>
    <K1>0.22266457901711378</K1>
    <K2>0.0043801815804141893</K2>
    <MAXBAS>1.3397784759652873</MAXBAS>
    <Cet>0</Cet>
    <PCALT>10</PCALT>
    <TCALT>0.6</TCALT>
    <Pelev>3739</Pelev>
    <Telev>3307</Telev>
    <PART>0.5</PART>
    <DELAY>1</DELAY>
  </CatchmentParameters>
  <VegetationZone>
    <VegetationZoneParameters>
      <TT>-0.79914744512684555</TT>
      <CFMAX>0.5064833759494437</CFMAX>
      <SP>0.38246553694826257</SP>
      <SFCF>1.1531580620235042</SFCF>
      <CFR>9.4105696822263663E-07</CFR>
      <CWH>0.12948535786616061</CWH>
      <CFGlacier>0.0936759618091923</CFGlacier>
      <CFSlope>0.29985661366476535</CFSlope>
      <FC>560.03183351961229</FC>
      <LP>0.74423830217453968</LP>
      <BETA>2.0797957115608705</BETA>
    </VegetationZoneParameters>
  </VegetationZone>
  <SubCatchment>
    <SubCatchmentParameters>
      <KSI>0.0015655038714770414</KSI>
      <KGmin>0.077983216076471781</KGmin>
      <RangeKG>0.19071576498631115</RangeKG>
      <AG>0.0034068200335351218</AG>
      <KInfiltration>0.20925025355334312</KInfiltration>
      <PERC>2.4870236630851918</PERC>
      <Alpha>0</Alpha>
      <UZL>87.910081734564073</UZL>
      <K0>0.092662122166569064</K0>
      <K1>0.22266457901711378</K1>
      <K2>0.0043801815804141893</K2>
      <MAXBAS>1.3397784759652873</MAXBAS>
      <Cet>0</Cet>
      <PCALT>10</PCALT>
      <TCALT>0.6</TCALT>
      <Pelev>3739</Pelev>
      <Telev>3307</Telev>
      <PART>0.5</PART>
      <DELAY>1</DELAY>
    </SubCatchmentParameters>
    <SubCatchmentVegetationZone>
      <SubCatchmentVegetationZoneParameters>
        <TT>-0.79914744512684555</TT>
        <CFMAX>0.5064833759494437</CFMAX>
        <SP>0.38246553694826257</SP>
        <SFCF>1.1531580620235042</SFCF>
        <CFR>9.4105696822263663E-07</CFR>
        <CWH>0.12948535786616061</CWH>
        <CFGlacier>0.0936759618091923</CFGlacier>
        <CFSlope>0.29985661366476535</CFSlope>
        <FC>560.03183351961229</FC>
        <LP>0.74423830217453968</LP>
        <BETA>2.0797957115608705</BETA>
      </SubCatchmentVegetationZoneParameters>
    </SubCatchmentVegetationZone>
  </SubCatchment>
</Catchment>