<?xml version="1.0" encoding="utf-8"?>
<Catchment xmlns:xsi="http://www.w3.org/2001/XMLSchema-instance" xmlns:xsd="http://www.w3.org/2001/XMLSchema">
  <CatchmentParameters>
    <KSI>0.0026933944218171402</KSI>
    <KGmin>0.18109134078382017</KGmin>
    <RangeKG>0.10001381761867076</RangeKG>
    <AG>0.0060068984285290509</AG>
    <KInfiltration>0.83261407209837157</KInfiltration>
    <PERC>3.1763176038049505</PERC>
    <Alpha>0</Alpha>
    <UZL>56.737040968329815</UZL>
    <K0>0.22504269591963097</K0>
    <K1>0.23597081260273842</K1>
    <K2>0.0080374374687052323</K2>
    <MAXBAS>1.0949487538616345</MAXBAS>
    <Cet>0</Cet>
    <PCALT>10</PCALT>
    <TCALT>0.6</TCALT>
    <Pelev>3739</Pelev>
    <Telev>3307</Telev>
    <PART>0.5</PART>
    <DELAY>1</DELAY>
  </CatchmentParameters>
  <VegetationZone>
    <VegetationZoneParameters>
      <TT>-1.3544412116251694</TT>
      <CFMAX>0.9505229357218522</CFMAX>
      <SP>0.36942547563496553</SP>
      <SFCF>1.0674262773930558</SFCF>
      <CFR>0.012025887528629858</CFR>
      <CWH>0.0034350897608719294</CWH>
      <CFGlacier>0.0020598359624677525</CFGlacier>
      <CFSlope>0.700362330019852</CFSlope>
      <FC>542.05377380680227</FC>
      <LP>0.54569702477472026</LP>
      <BETA>2.6430292558474537</BETA>
    </VegetationZoneParameters>
  </VegetationZone>
  <SubCatchment>
    <SubCatchmentParameters>
      <KSI>0.0026933944218171402</KSI>
      <KGmin>0.18109134078382017</KGmin>
      <RangeKG>0.10001381761867076</RangeKG>
      <AG>0.0060068984285290509</AG>
      <KInfiltration>0.83261407209837157</KInfiltration>
      <PERC>3.1763176038049505</PERC>
      <Alpha>0</Alpha>
      <UZL>56.737040968329815</UZL>
      <K0>0.22504269591963097</K0>
      <K1>0.23597081260273842</K1>
      <K2>0.0080374374687052323</K2>
      <MAXBAS>1.0949487538616345</MAXBAS>
      <Cet>0</Cet>
      <PCALT>10</PCALT>
      <TCALT>0.6</TCALT>
      <Pelev>3739</Pelev>
      <Telev>3307</Telev>
      <PART>0.5</PART>
      <DELAY>1</DELAY>
    </SubCatchmentParameters>
    <SubCatchmentVegetationZone>
      <SubCatchmentVegetationZoneParameters>
        <TT>-1.3544412116251694</TT>
        <CFMAX>0.9505229357218522</CFMAX>
        <SP>0.36942547563496553</SP>
        <SFCF>1.0674262773930558</SFCF>
        <CFR>0.012025887528629858</CFR>
        <CWH>0.0034350897608719294</CWH>
        <CFGlacier>0.0020598359624677525</CFGlacier>
        <CFSlope>0.700362330019852</CFSlope>
        <FC>542.05377380680227</FC>
        <LP>0.54569702477472026</LP>
        <BETA>2.6430292558474537</BETA>
      </SubCatchmentVegetationZoneParameters>
    </SubCatchmentVegetationZone>
  </SubCatchment>
</Catchment>