<?xml version="1.0" encoding="utf-8"?>
<Catchment xmlns:xsi="http://www.w3.org/2001/XMLSchema-instance" xmlns:xsd="http://www.w3.org/2001/XMLSchema">
  <CatchmentParameters>
    <KSI>0.0023559497100417467</KSI>
    <KGmin>0.0831727797778483</KGmin>
    <RangeKG>0.135730229720808</RangeKG>
    <AG>0.0035610638030915526</AG>
    <KInfiltration>0.70106004470322159</KInfiltration>
    <PERC>3.1078404249417586</PERC>
    <Alpha>0</Alpha>
    <UZL>54.8880717949721</UZL>
    <K0>0.94292742354487835</K0>
    <K1>0.38434474910112448</K1>
    <K2>0.0063552788684087839</K2>
    <MAXBAS>1.4188481187811721</MAXBAS>
    <Cet>0</Cet>
    <PCALT>10</PCALT>
    <TCALT>0.6</TCALT>
    <Pelev>3739</Pelev>
    <Telev>3307</Telev>
    <PART>0.5</PART>
    <DELAY>1</DELAY>
  </CatchmentParameters>
  <VegetationZone>
    <VegetationZoneParameters>
      <TT>-1.5212010656773012</TT>
      <CFMAX>1.2956454726048776</CFMAX>
      <SP>-0.074925450570617266</SP>
      <SFCF>1.0373731942899225</SFCF>
      <CFR>1.2421263536607557E-07</CFR>
      <CWH>0.031701743777227141</CWH>
      <CFGlacier>0.097706981265626228</CFGlacier>
      <CFSlope>0.7332439824426632</CFSlope>
      <FC>477.45902267294235</FC>
      <LP>0.35882226112194138</LP>
      <BETA>3.7752815619877622</BETA>
    </VegetationZoneParameters>
  </VegetationZone>
  <SubCatchment>
    <SubCatchmentParameters>
      <KSI>0.0023559497100417467</KSI>
      <KGmin>0.0831727797778483</KGmin>
      <RangeKG>0.135730229720808</RangeKG>
      <AG>0.0035610638030915526</AG>
      <KInfiltration>0.70106004470322159</KInfiltration>
      <PERC>3.1078404249417586</PERC>
      <Alpha>0</Alpha>
      <UZL>54.8880717949721</UZL>
      <K0>0.94292742354487835</K0>
      <K1>0.38434474910112448</K1>
      <K2>0.0063552788684087839</K2>
      <MAXBAS>1.4188481187811721</MAXBAS>
      <Cet>0</Cet>
      <PCALT>10</PCALT>
      <TCALT>0.6</TCALT>
      <Pelev>3739</Pelev>
      <Telev>3307</Telev>
      <PART>0.5</PART>
      <DELAY>1</DELAY>
    </SubCatchmentParameters>
    <SubCatchmentVegetationZone>
      <SubCatchmentVegetationZoneParameters>
        <TT>-1.5212010656773012</TT>
        <CFMAX>1.2956454726048776</CFMAX>
        <SP>-0.074925450570617266</SP>
        <SFCF>1.0373731942899225</SFCF>
        <CFR>1.2421263536607557E-07</CFR>
        <CWH>0.031701743777227141</CWH>
        <CFGlacier>0.097706981265626228</CFGlacier>
        <CFSlope>0.7332439824426632</CFSlope>
        <FC>477.45902267294235</FC>
        <LP>0.35882226112194138</LP>
        <BETA>3.7752815619877622</BETA>
      </SubCatchmentVegetationZoneParameters>
    </SubCatchmentVegetationZone>
  </SubCatchment>
</Catchment>