<?xml version="1.0" encoding="utf-8"?>
<Catchment xmlns:xsi="http://www.w3.org/2001/XMLSchema-instance" xmlns:xsd="http://www.w3.org/2001/XMLSchema">
  <CatchmentParameters>
    <KSI>0.0010486341924172723</KSI>
    <KGmin>0.10053939274991659</KGmin>
    <RangeKG>0.22128369160313563</RangeKG>
    <AG>0.023502347032825777</AG>
    <KInfiltration>0.508721375887648</KInfiltration>
    <PERC>3.015124613017528</PERC>
    <Alpha>0</Alpha>
    <UZL>47.513654289627965</UZL>
    <K0>0.48182875309995576</K0>
    <K1>0.10199720754129313</K1>
    <K2>0.0091902505155429838</K2>
    <MAXBAS>1.9350279315842547</MAXBAS>
    <Cet>0</Cet>
    <PCALT>10</PCALT>
    <TCALT>0.6</TCALT>
    <Pelev>3739</Pelev>
    <Telev>3307</Telev>
    <PART>0.5</PART>
    <DELAY>1</DELAY>
  </CatchmentParameters>
  <VegetationZone>
    <VegetationZoneParameters>
      <TT>0.15007155401937017</TT>
      <CFMAX>0.5943603259577448</CFMAX>
      <SP>-0.011697400839031695</SP>
      <SFCF>1.0645502678248042</SFCF>
      <CFR>0.056764905163627206</CFR>
      <CWH>0.0045836703915737567</CWH>
      <CFGlacier>0.99984734308473633</CFGlacier>
      <CFSlope>0.21559474620508315</CFSlope>
      <FC>194.82051690683656</FC>
      <LP>0.79157608150108738</LP>
      <BETA>3.2173476474739906</BETA>
    </VegetationZoneParameters>
  </VegetationZone>
  <SubCatchment>
    <SubCatchmentParameters>
      <KSI>0.0010486341924172723</KSI>
      <KGmin>0.10053939274991659</KGmin>
      <RangeKG>0.22128369160313563</RangeKG>
      <AG>0.023502347032825777</AG>
      <KInfiltration>0.508721375887648</KInfiltration>
      <PERC>3.015124613017528</PERC>
      <Alpha>0</Alpha>
      <UZL>47.513654289627965</UZL>
      <K0>0.48182875309995576</K0>
      <K1>0.10199720754129313</K1>
      <K2>0.0091902505155429838</K2>
      <MAXBAS>1.9350279315842547</MAXBAS>
      <Cet>0</Cet>
      <PCALT>10</PCALT>
      <TCALT>0.6</TCALT>
      <Pelev>3739</Pelev>
      <Telev>3307</Telev>
      <PART>0.5</PART>
      <DELAY>1</DELAY>
    </SubCatchmentParameters>
    <SubCatchmentVegetationZone>
      <SubCatchmentVegetationZoneParameters>
        <TT>0.15007155401937017</TT>
        <CFMAX>0.5943603259577448</CFMAX>
        <SP>-0.011697400839031695</SP>
        <SFCF>1.0645502678248042</SFCF>
        <CFR>0.056764905163627206</CFR>
        <CWH>0.0045836703915737567</CWH>
        <CFGlacier>0.99984734308473633</CFGlacier>
        <CFSlope>0.21559474620508315</CFSlope>
        <FC>194.82051690683656</FC>
        <LP>0.79157608150108738</LP>
        <BETA>3.2173476474739906</BETA>
      </SubCatchmentVegetationZoneParameters>
    </SubCatchmentVegetationZone>
  </SubCatchment>
</Catchment>