<?xml version="1.0" encoding="utf-8"?>
<Catchment xmlns:xsi="http://www.w3.org/2001/XMLSchema-instance" xmlns:xsd="http://www.w3.org/2001/XMLSchema">
  <CatchmentParameters>
    <KSI>0.0014963597541978043</KSI>
    <KGmin>0.19972830837572028</KGmin>
    <RangeKG>0.10006013236402588</RangeKG>
    <AG>0.00053425149568764319</AG>
    <KInfiltration>0.88749792934485694</KInfiltration>
    <PERC>3.2612220282446907</PERC>
    <Alpha>0</Alpha>
    <UZL>42.516506513486895</UZL>
    <K0>0.47447095308467907</K0>
    <K1>0.097974940113361289</K1>
    <K2>0.010224447464904286</K2>
    <MAXBAS>1.8092517444485867</MAXBAS>
    <Cet>0</Cet>
    <PCALT>10</PCALT>
    <TCALT>0.6</TCALT>
    <Pelev>3739</Pelev>
    <Telev>3307</Telev>
    <PART>0.5</PART>
    <DELAY>1</DELAY>
  </CatchmentParameters>
  <VegetationZone>
    <VegetationZoneParameters>
      <TT>0.88587897524067449</TT>
      <CFMAX>1.3387934254038458</CFMAX>
      <SP>-0.417136443319922</SP>
      <SFCF>1.1619372186251011</SFCF>
      <CFR>0.032310933802176638</CFR>
      <CWH>0.00013636658729041328</CWH>
      <CFGlacier>0.65099853872724911</CFGlacier>
      <CFSlope>0.19530228096774549</CFSlope>
      <FC>368.27446405186845</FC>
      <LP>0.5222587007881363</LP>
      <BETA>2.1557714322295265</BETA>
    </VegetationZoneParameters>
  </VegetationZone>
  <SubCatchment>
    <SubCatchmentParameters>
      <KSI>0.0014963597541978043</KSI>
      <KGmin>0.19972830837572028</KGmin>
      <RangeKG>0.10006013236402588</RangeKG>
      <AG>0.00053425149568764319</AG>
      <KInfiltration>0.88749792934485694</KInfiltration>
      <PERC>3.2612220282446907</PERC>
      <Alpha>0</Alpha>
      <UZL>42.516506513486895</UZL>
      <K0>0.47447095308467907</K0>
      <K1>0.097974940113361289</K1>
      <K2>0.010224447464904286</K2>
      <MAXBAS>1.8092517444485867</MAXBAS>
      <Cet>0</Cet>
      <PCALT>10</PCALT>
      <TCALT>0.6</TCALT>
      <Pelev>3739</Pelev>
      <Telev>3307</Telev>
      <PART>0.5</PART>
      <DELAY>1</DELAY>
    </SubCatchmentParameters>
    <SubCatchmentVegetationZone>
      <SubCatchmentVegetationZoneParameters>
        <TT>0.88587897524067449</TT>
        <CFMAX>1.3387934254038458</CFMAX>
        <SP>-0.417136443319922</SP>
        <SFCF>1.1619372186251011</SFCF>
        <CFR>0.032310933802176638</CFR>
        <CWH>0.00013636658729041328</CWH>
        <CFGlacier>0.65099853872724911</CFGlacier>
        <CFSlope>0.19530228096774549</CFSlope>
        <FC>368.27446405186845</FC>
        <LP>0.5222587007881363</LP>
        <BETA>2.1557714322295265</BETA>
      </SubCatchmentVegetationZoneParameters>
    </SubCatchmentVegetationZone>
  </SubCatchment>
</Catchment>