<?xml version="1.0" encoding="utf-8"?>
<Catchment xmlns:xsi="http://www.w3.org/2001/XMLSchema-instance" xmlns:xsd="http://www.w3.org/2001/XMLSchema">
  <CatchmentParameters>
    <KSI>0.0016900260563520949</KSI>
    <KGmin>0.1800106479130387</KGmin>
    <RangeKG>0.10000024942337397</RangeKG>
    <AG>0.99886019433515916</AG>
    <KInfiltration>0.73328422459613152</KInfiltration>
    <PERC>2.6216717963697835</PERC>
    <Alpha>0</Alpha>
    <UZL>26.460088277208886</UZL>
    <K0>0.86106451902000325</K0>
    <K1>0.17572514963854108</K1>
    <K2>0.0075474132917915764</K2>
    <MAXBAS>1.8350002402648675</MAXBAS>
    <Cet>0</Cet>
    <PCALT>10</PCALT>
    <TCALT>0.6</TCALT>
    <Pelev>3739</Pelev>
    <Telev>3307</Telev>
    <PART>0.5</PART>
    <DELAY>1</DELAY>
  </CatchmentParameters>
  <VegetationZone>
    <VegetationZoneParameters>
      <TT>-0.32691377689568346</TT>
      <CFMAX>0.69573910774708714</CFMAX>
      <SP>-0.10066447894778606</SP>
      <SFCF>1.1956789303193216</SFCF>
      <CFR>2.2036609126007253E-08</CFR>
      <CWH>0.095823241257818048</CWH>
      <CFGlacier>0.076128055174457337</CFGlacier>
      <CFSlope>0.25876629524660555</CFSlope>
      <FC>276.73138411297435</FC>
      <LP>0.862228649581919</LP>
      <BETA>2.5645323517413887</BETA>
    </VegetationZoneParameters>
  </VegetationZone>
  <SubCatchment>
    <SubCatchmentParameters>
      <KSI>0.0016900260563520949</KSI>
      <KGmin>0.1800106479130387</KGmin>
      <RangeKG>0.10000024942337397</RangeKG>
      <AG>0.99886019433515916</AG>
      <KInfiltration>0.73328422459613152</KInfiltration>
      <PERC>2.6216717963697835</PERC>
      <Alpha>0</Alpha>
      <UZL>26.460088277208886</UZL>
      <K0>0.86106451902000325</K0>
      <K1>0.17572514963854108</K1>
      <K2>0.0075474132917915764</K2>
      <MAXBAS>1.8350002402648675</MAXBAS>
      <Cet>0</Cet>
      <PCALT>10</PCALT>
      <TCALT>0.6</TCALT>
      <Pelev>3739</Pelev>
      <Telev>3307</Telev>
      <PART>0.5</PART>
      <DELAY>1</DELAY>
    </SubCatchmentParameters>
    <SubCatchmentVegetationZone>
      <SubCatchmentVegetationZoneParameters>
        <TT>-0.32691377689568346</TT>
        <CFMAX>0.69573910774708714</CFMAX>
        <SP>-0.10066447894778606</SP>
        <SFCF>1.1956789303193216</SFCF>
        <CFR>2.2036609126007253E-08</CFR>
        <CWH>0.095823241257818048</CWH>
        <CFGlacier>0.076128055174457337</CFGlacier>
        <CFSlope>0.25876629524660555</CFSlope>
        <FC>276.73138411297435</FC>
        <LP>0.862228649581919</LP>
        <BETA>2.5645323517413887</BETA>
      </SubCatchmentVegetationZoneParameters>
    </SubCatchmentVegetationZone>
  </SubCatchment>
</Catchment>