<?xml version="1.0" encoding="utf-8"?>
<Catchment xmlns:xsi="http://www.w3.org/2001/XMLSchema-instance" xmlns:xsd="http://www.w3.org/2001/XMLSchema">
  <CatchmentParameters>
    <KSI>0.002380455984832892</KSI>
    <KGmin>0.13540739495766013</KGmin>
    <RangeKG>0.20050581063101217</RangeKG>
    <AG>0.058753814411629024</AG>
    <KInfiltration>0.77157222173190909</KInfiltration>
    <PERC>3.2453799478578209</PERC>
    <Alpha>0</Alpha>
    <UZL>26.715386192727784</UZL>
    <K0>0.55858417928920245</K0>
    <K1>0.16674285403056535</K1>
    <K2>0.006761693492958458</K2>
    <MAXBAS>1.6490348143227505</MAXBAS>
    <Cet>0</Cet>
    <PCALT>10</PCALT>
    <TCALT>0.6</TCALT>
    <Pelev>3739</Pelev>
    <Telev>3307</Telev>
    <PART>0.5</PART>
    <DELAY>1</DELAY>
  </CatchmentParameters>
  <VegetationZone>
    <VegetationZoneParameters>
      <TT>-1.1664868757059523</TT>
      <CFMAX>1.4203809138579244</CFMAX>
      <SP>0.020161498543979719</SP>
      <SFCF>1.0244402500118568</SFCF>
      <CFR>0.00026742594322388263</CFR>
      <CWH>0.024237217331609332</CWH>
      <CFGlacier>0.062478445368205654</CFGlacier>
      <CFSlope>0.700876913027543</CFSlope>
      <FC>524.54845517329761</FC>
      <LP>0.68101570123634192</LP>
      <BETA>3.3818409502989453</BETA>
    </VegetationZoneParameters>
  </VegetationZone>
  <SubCatchment>
    <SubCatchmentParameters>
      <KSI>0.002380455984832892</KSI>
      <KGmin>0.13540739495766013</KGmin>
      <RangeKG>0.20050581063101217</RangeKG>
      <AG>0.058753814411629024</AG>
      <KInfiltration>0.77157222173190909</KInfiltration>
      <PERC>3.2453799478578209</PERC>
      <Alpha>0</Alpha>
      <UZL>26.715386192727784</UZL>
      <K0>0.55858417928920245</K0>
      <K1>0.16674285403056535</K1>
      <K2>0.006761693492958458</K2>
      <MAXBAS>1.6490348143227505</MAXBAS>
      <Cet>0</Cet>
      <PCALT>10</PCALT>
      <TCALT>0.6</TCALT>
      <Pelev>3739</Pelev>
      <Telev>3307</Telev>
      <PART>0.5</PART>
      <DELAY>1</DELAY>
    </SubCatchmentParameters>
    <SubCatchmentVegetationZone>
      <SubCatchmentVegetationZoneParameters>
        <TT>-1.1664868757059523</TT>
        <CFMAX>1.4203809138579244</CFMAX>
        <SP>0.020161498543979719</SP>
        <SFCF>1.0244402500118568</SFCF>
        <CFR>0.00026742594322388263</CFR>
        <CWH>0.024237217331609332</CWH>
        <CFGlacier>0.062478445368205654</CFGlacier>
        <CFSlope>0.700876913027543</CFSlope>
        <FC>524.54845517329761</FC>
        <LP>0.68101570123634192</LP>
        <BETA>3.3818409502989453</BETA>
      </SubCatchmentVegetationZoneParameters>
    </SubCatchmentVegetationZone>
  </SubCatchment>
</Catchment>