<?xml version="1.0" encoding="utf-8"?>
<Catchment xmlns:xsi="http://www.w3.org/2001/XMLSchema-instance" xmlns:xsd="http://www.w3.org/2001/XMLSchema">
  <CatchmentParameters>
    <KSI>0.0013977067465025732</KSI>
    <KGmin>0.019228881618961718</KGmin>
    <RangeKG>0.49999171196377978</RangeKG>
    <AG>0.0036291389805174013</AG>
    <KInfiltration>0.099525441430345168</KInfiltration>
    <PERC>2.1121960243921158</PERC>
    <Alpha>0</Alpha>
    <UZL>31.383408306320725</UZL>
    <K0>0.38557878067810658</K0>
    <K1>0.19143207355008607</K1>
    <K2>0.0056486637779194831</K2>
    <MAXBAS>1.9349988133716856</MAXBAS>
    <Cet>0</Cet>
    <PCALT>10</PCALT>
    <TCALT>0.6</TCALT>
    <Pelev>3739</Pelev>
    <Telev>3307</Telev>
    <PART>0.5</PART>
    <DELAY>1</DELAY>
  </CatchmentParameters>
  <VegetationZone>
    <VegetationZoneParameters>
      <TT>-1.2160015679235543</TT>
      <CFMAX>0.93690267521914594</CFMAX>
      <SP>0.085938339949576878</SP>
      <SFCF>1.000000003564018</SFCF>
      <CFR>0.097860425143018043</CFR>
      <CWH>0.12409338320775937</CWH>
      <CFGlacier>0.6179607518243615</CFGlacier>
      <CFSlope>0.38531114582234449</CFSlope>
      <FC>605.481194640954</FC>
      <LP>0.4052207307415282</LP>
      <BETA>2.4122159281271394</BETA>
    </VegetationZoneParameters>
  </VegetationZone>
  <SubCatchment>
    <SubCatchmentParameters>
      <KSI>0.0013977067465025732</KSI>
      <KGmin>0.019228881618961718</KGmin>
      <RangeKG>0.49999171196377978</RangeKG>
      <AG>0.0036291389805174013</AG>
      <KInfiltration>0.099525441430345168</KInfiltration>
      <PERC>2.1121960243921158</PERC>
      <Alpha>0</Alpha>
      <UZL>31.383408306320725</UZL>
      <K0>0.38557878067810658</K0>
      <K1>0.19143207355008607</K1>
      <K2>0.0056486637779194831</K2>
      <MAXBAS>1.9349988133716856</MAXBAS>
      <Cet>0</Cet>
      <PCALT>10</PCALT>
      <TCALT>0.6</TCALT>
      <Pelev>3739</Pelev>
      <Telev>3307</Telev>
      <PART>0.5</PART>
      <DELAY>1</DELAY>
    </SubCatchmentParameters>
    <SubCatchmentVegetationZone>
      <SubCatchmentVegetationZoneParameters>
        <TT>-1.2160015679235543</TT>
        <CFMAX>0.93690267521914594</CFMAX>
        <SP>0.085938339949576878</SP>
        <SFCF>1.000000003564018</SFCF>
        <CFR>0.097860425143018043</CFR>
        <CWH>0.12409338320775937</CWH>
        <CFGlacier>0.6179607518243615</CFGlacier>
        <CFSlope>0.38531114582234449</CFSlope>
        <FC>605.481194640954</FC>
        <LP>0.4052207307415282</LP>
        <BETA>2.4122159281271394</BETA>
      </SubCatchmentVegetationZoneParameters>
    </SubCatchmentVegetationZone>
  </SubCatchment>
</Catchment>