<?xml version="1.0" encoding="utf-8"?>
<Catchment xmlns:xsi="http://www.w3.org/2001/XMLSchema-instance" xmlns:xsd="http://www.w3.org/2001/XMLSchema">
  <CatchmentParameters>
    <KSI>0.001073084597976821</KSI>
    <KGmin>0.011536075117452145</KGmin>
    <RangeKG>0.49998103230446134</RangeKG>
    <AG>0.23096107476299049</AG>
    <KInfiltration>0.32562857841457538</KInfiltration>
    <PERC>1.9905936760386127</PERC>
    <Alpha>0</Alpha>
    <UZL>59.647088180286431</UZL>
    <K0>0.27290497592958124</K0>
    <K1>0.17672421134771088</K1>
    <K2>0.007939875576485584</K2>
    <MAXBAS>1.2249864637265913</MAXBAS>
    <Cet>0</Cet>
    <PCALT>10</PCALT>
    <TCALT>0.6</TCALT>
    <Pelev>3739</Pelev>
    <Telev>3307</Telev>
    <PART>0.5</PART>
    <DELAY>1</DELAY>
  </CatchmentParameters>
  <VegetationZone>
    <VegetationZoneParameters>
      <TT>-0.39118962094525217</TT>
      <CFMAX>1.4259174722016237</CFMAX>
      <SP>-0.4878351619733674</SP>
      <SFCF>1.028210917483527</SFCF>
      <CFR>0.09997930123675472</CFR>
      <CWH>0.024534156882927021</CWH>
      <CFGlacier>0.82500069913913066</CFGlacier>
      <CFSlope>0.3178944080272178</CFSlope>
      <FC>511.65052128930586</FC>
      <LP>0.52269354075374219</LP>
      <BETA>4.42287609263682</BETA>
    </VegetationZoneParameters>
  </VegetationZone>
  <SubCatchment>
    <SubCatchmentParameters>
      <KSI>0.001073084597976821</KSI>
      <KGmin>0.011536075117452145</KGmin>
      <RangeKG>0.49998103230446134</RangeKG>
      <AG>0.23096107476299049</AG>
      <KInfiltration>0.32562857841457538</KInfiltration>
      <PERC>1.9905936760386127</PERC>
      <Alpha>0</Alpha>
      <UZL>59.647088180286431</UZL>
      <K0>0.27290497592958124</K0>
      <K1>0.17672421134771088</K1>
      <K2>0.007939875576485584</K2>
      <MAXBAS>1.2249864637265913</MAXBAS>
      <Cet>0</Cet>
      <PCALT>10</PCALT>
      <TCALT>0.6</TCALT>
      <Pelev>3739</Pelev>
      <Telev>3307</Telev>
      <PART>0.5</PART>
      <DELAY>1</DELAY>
    </SubCatchmentParameters>
    <SubCatchmentVegetationZone>
      <SubCatchmentVegetationZoneParameters>
        <TT>-0.39118962094525217</TT>
        <CFMAX>1.4259174722016237</CFMAX>
        <SP>-0.4878351619733674</SP>
        <SFCF>1.028210917483527</SFCF>
        <CFR>0.09997930123675472</CFR>
        <CWH>0.024534156882927021</CWH>
        <CFGlacier>0.82500069913913066</CFGlacier>
        <CFSlope>0.3178944080272178</CFSlope>
        <FC>511.65052128930586</FC>
        <LP>0.52269354075374219</LP>
        <BETA>4.42287609263682</BETA>
      </SubCatchmentVegetationZoneParameters>
    </SubCatchmentVegetationZone>
  </SubCatchment>
</Catchment>