<?xml version="1.0" encoding="utf-8"?>
<Catchment xmlns:xsi="http://www.w3.org/2001/XMLSchema-instance" xmlns:xsd="http://www.w3.org/2001/XMLSchema">
  <CatchmentParameters>
    <KSI>0.0018944409451243148</KSI>
    <KGmin>0.13719992367523923</KGmin>
    <RangeKG>0.1354377315706802</RangeKG>
    <AG>0.13837678072128379</AG>
    <KInfiltration>0.42227493462436178</KInfiltration>
    <PERC>2.0033267424694734</PERC>
    <Alpha>0</Alpha>
    <UZL>44.098771812626694</UZL>
    <K0>0.38836612061018888</K0>
    <K1>0.11165664489029527</K1>
    <K2>0.0071682721466801089</K2>
    <MAXBAS>1.6413953328123683</MAXBAS>
    <Cet>0</Cet>
    <PCALT>10</PCALT>
    <TCALT>0.6</TCALT>
    <Pelev>3739</Pelev>
    <Telev>3307</Telev>
    <PART>0.5</PART>
    <DELAY>1</DELAY>
  </CatchmentParameters>
  <VegetationZone>
    <VegetationZoneParameters>
      <TT>0.40203608487055931</TT>
      <CFMAX>1.2445198713602397</CFMAX>
      <SP>-0.19018405112077638</SP>
      <SFCF>1.0889498572689693</SFCF>
      <CFR>0.068668526140310771</CFR>
      <CWH>0.012680641472673598</CWH>
      <CFGlacier>0.667199417791227</CFGlacier>
      <CFSlope>0.27001451483484729</CFSlope>
      <FC>609.87231255918562</FC>
      <LP>0.55203385554024831</LP>
      <BETA>2.1887784811322071</BETA>
    </VegetationZoneParameters>
  </VegetationZone>
  <SubCatchment>
    <SubCatchmentParameters>
      <KSI>0.0018944409451243148</KSI>
      <KGmin>0.13719992367523923</KGmin>
      <RangeKG>0.1354377315706802</RangeKG>
      <AG>0.13837678072128379</AG>
      <KInfiltration>0.42227493462436178</KInfiltration>
      <PERC>2.0033267424694734</PERC>
      <Alpha>0</Alpha>
      <UZL>44.098771812626694</UZL>
      <K0>0.38836612061018888</K0>
      <K1>0.11165664489029527</K1>
      <K2>0.0071682721466801089</K2>
      <MAXBAS>1.6413953328123683</MAXBAS>
      <Cet>0</Cet>
      <PCALT>10</PCALT>
      <TCALT>0.6</TCALT>
      <Pelev>3739</Pelev>
      <Telev>3307</Telev>
      <PART>0.5</PART>
      <DELAY>1</DELAY>
    </SubCatchmentParameters>
    <SubCatchmentVegetationZone>
      <SubCatchmentVegetationZoneParameters>
        <TT>0.40203608487055931</TT>
        <CFMAX>1.2445198713602397</CFMAX>
        <SP>-0.19018405112077638</SP>
        <SFCF>1.0889498572689693</SFCF>
        <CFR>0.068668526140310771</CFR>
        <CWH>0.012680641472673598</CWH>
        <CFGlacier>0.667199417791227</CFGlacier>
        <CFSlope>0.27001451483484729</CFSlope>
        <FC>609.87231255918562</FC>
        <LP>0.55203385554024831</LP>
        <BETA>2.1887784811322071</BETA>
      </SubCatchmentVegetationZoneParameters>
    </SubCatchmentVegetationZone>
  </SubCatchment>
</Catchment>