<?xml version="1.0" encoding="utf-8"?>
<Catchment xmlns:xsi="http://www.w3.org/2001/XMLSchema-instance" xmlns:xsd="http://www.w3.org/2001/XMLSchema">
  <CatchmentParameters>
    <KSI>0.0018999947918451935</KSI>
    <KGmin>0.16587415982593431</KGmin>
    <RangeKG>0.29300193829668508</RangeKG>
    <AG>0.0022778140184138707</AG>
    <KInfiltration>0.425384563341136</KInfiltration>
    <PERC>2.0877469682006873</PERC>
    <Alpha>0</Alpha>
    <UZL>54.282943994198611</UZL>
    <K0>0.50963683060327636</K0>
    <K1>0.090459402098812272</K1>
    <K2>0.0076976342103999068</K2>
    <MAXBAS>1.7708242583971356</MAXBAS>
    <Cet>0</Cet>
    <PCALT>10</PCALT>
    <TCALT>0.6</TCALT>
    <Pelev>3739</Pelev>
    <Telev>3307</Telev>
    <PART>0.5</PART>
    <DELAY>1</DELAY>
  </CatchmentParameters>
  <VegetationZone>
    <VegetationZoneParameters>
      <TT>-0.66429822824729545</TT>
      <CFMAX>0.95194687407768686</CFMAX>
      <SP>-0.37133612303851915</SP>
      <SFCF>1.1670038953772444</SFCF>
      <CFR>0.038698139729077548</CFR>
      <CWH>0.13705807005533743</CWH>
      <CFGlacier>0.62515082946084588</CFGlacier>
      <CFSlope>0.20502716800872936</CFSlope>
      <FC>424.87359030516654</FC>
      <LP>0.89377760529763928</LP>
      <BETA>1.8960110904144147</BETA>
    </VegetationZoneParameters>
  </VegetationZone>
  <SubCatchment>
    <SubCatchmentParameters>
      <KSI>0.0018999947918451935</KSI>
      <KGmin>0.16587415982593431</KGmin>
      <RangeKG>0.29300193829668508</RangeKG>
      <AG>0.0022778140184138707</AG>
      <KInfiltration>0.425384563341136</KInfiltration>
      <PERC>2.0877469682006873</PERC>
      <Alpha>0</Alpha>
      <UZL>54.282943994198611</UZL>
      <K0>0.50963683060327636</K0>
      <K1>0.090459402098812272</K1>
      <K2>0.0076976342103999068</K2>
      <MAXBAS>1.7708242583971356</MAXBAS>
      <Cet>0</Cet>
      <PCALT>10</PCALT>
      <TCALT>0.6</TCALT>
      <Pelev>3739</Pelev>
      <Telev>3307</Telev>
      <PART>0.5</PART>
      <DELAY>1</DELAY>
    </SubCatchmentParameters>
    <SubCatchmentVegetationZone>
      <SubCatchmentVegetationZoneParameters>
        <TT>-0.66429822824729545</TT>
        <CFMAX>0.95194687407768686</CFMAX>
        <SP>-0.37133612303851915</SP>
        <SFCF>1.1670038953772444</SFCF>
        <CFR>0.038698139729077548</CFR>
        <CWH>0.13705807005533743</CWH>
        <CFGlacier>0.62515082946084588</CFGlacier>
        <CFSlope>0.20502716800872936</CFSlope>
        <FC>424.87359030516654</FC>
        <LP>0.89377760529763928</LP>
        <BETA>1.8960110904144147</BETA>
      </SubCatchmentVegetationZoneParameters>
    </SubCatchmentVegetationZone>
  </SubCatchment>
</Catchment>