<?xml version="1.0" encoding="utf-8"?>
<Catchment xmlns:xsi="http://www.w3.org/2001/XMLSchema-instance" xmlns:xsd="http://www.w3.org/2001/XMLSchema">
  <CatchmentParameters>
    <KSI>0.0016938377459919962</KSI>
    <KGmin>0.11243023233432135</KGmin>
    <RangeKG>0.10000472904641708</RangeKG>
    <AG>0.20195994987317517</AG>
    <KInfiltration>0.40217800968495204</KInfiltration>
    <PERC>1.9406061433072519</PERC>
    <Alpha>0</Alpha>
    <UZL>43.6494003123112</UZL>
    <K0>0.40204830402731351</K0>
    <K1>0.10998374881958456</K1>
    <K2>0.00713893957707505</K2>
    <MAXBAS>1.6614576666675467</MAXBAS>
    <Cet>0</Cet>
    <PCALT>10</PCALT>
    <TCALT>0.6</TCALT>
    <Pelev>3739</Pelev>
    <Telev>3307</Telev>
    <PART>0.5</PART>
    <DELAY>1</DELAY>
  </CatchmentParameters>
  <VegetationZone>
    <VegetationZoneParameters>
      <TT>0.58399866298719794</TT>
      <CFMAX>1.4100218480354692</CFMAX>
      <SP>-0.38473577773319195</SP>
      <SFCF>1.0748626127360292</SFCF>
      <CFR>0.012998442553576683</CFR>
      <CWH>0.047760814642997494</CWH>
      <CFGlacier>0.56664235792207818</CFGlacier>
      <CFSlope>0.24349715720407342</CFSlope>
      <FC>507.20324557808954</FC>
      <LP>0.73363243501125142</LP>
      <BETA>1.8414410310562495</BETA>
    </VegetationZoneParameters>
  </VegetationZone>
  <SubCatchment>
    <SubCatchmentParameters>
      <KSI>0.0016938377459919962</KSI>
      <KGmin>0.11243023233432135</KGmin>
      <RangeKG>0.10000472904641708</RangeKG>
      <AG>0.20195994987317517</AG>
      <KInfiltration>0.40217800968495204</KInfiltration>
      <PERC>1.9406061433072519</PERC>
      <Alpha>0</Alpha>
      <UZL>43.6494003123112</UZL>
      <K0>0.40204830402731351</K0>
      <K1>0.10998374881958456</K1>
      <K2>0.00713893957707505</K2>
      <MAXBAS>1.6614576666675467</MAXBAS>
      <Cet>0</Cet>
      <PCALT>10</PCALT>
      <TCALT>0.6</TCALT>
      <Pelev>3739</Pelev>
      <Telev>3307</Telev>
      <PART>0.5</PART>
      <DELAY>1</DELAY>
    </SubCatchmentParameters>
    <SubCatchmentVegetationZone>
      <SubCatchmentVegetationZoneParameters>
        <TT>0.58399866298719794</TT>
        <CFMAX>1.4100218480354692</CFMAX>
        <SP>-0.38473577773319195</SP>
        <SFCF>1.0748626127360292</SFCF>
        <CFR>0.012998442553576683</CFR>
        <CWH>0.047760814642997494</CWH>
        <CFGlacier>0.56664235792207818</CFGlacier>
        <CFSlope>0.24349715720407342</CFSlope>
        <FC>507.20324557808954</FC>
        <LP>0.73363243501125142</LP>
        <BETA>1.8414410310562495</BETA>
      </SubCatchmentVegetationZoneParameters>
    </SubCatchmentVegetationZone>
  </SubCatchment>
</Catchment>