<?xml version="1.0" encoding="utf-8"?>
<Catchment xmlns:xsi="http://www.w3.org/2001/XMLSchema-instance" xmlns:xsd="http://www.w3.org/2001/XMLSchema">
  <CatchmentParameters>
    <KSI>0.0020549145786438725</KSI>
    <KGmin>0.17581829169381008</KGmin>
    <RangeKG>0.37418999918509466</RangeKG>
    <AG>0.491442146876125</AG>
    <KInfiltration>0.34400063934837066</KInfiltration>
    <PERC>2.0399791761552981</PERC>
    <Alpha>0</Alpha>
    <UZL>42.0606972808257</UZL>
    <K0>0.32156432747853719</K0>
    <K1>0.12089281370358626</K1>
    <K2>0.0086072725034992987</K2>
    <MAXBAS>1.4349865183706405</MAXBAS>
    <Cet>0</Cet>
    <PCALT>10</PCALT>
    <TCALT>0.6</TCALT>
    <Pelev>3739</Pelev>
    <Telev>3307</Telev>
    <PART>0.5</PART>
    <DELAY>1</DELAY>
  </CatchmentParameters>
  <VegetationZone>
    <VegetationZoneParameters>
      <TT>0.6553079136705201</TT>
      <CFMAX>1.7684894396768924</CFMAX>
      <SP>-0.43062998541475728</SP>
      <SFCF>1.0703953170105673</SFCF>
      <CFR>0.075772239400922439</CFR>
      <CWH>0.022908875207752779</CWH>
      <CFGlacier>0.54515600666034369</CFGlacier>
      <CFSlope>0.26252623581286255</CFSlope>
      <FC>530.07227771092312</FC>
      <LP>0.57233048357362992</LP>
      <BETA>2.0467661114827269</BETA>
    </VegetationZoneParameters>
  </VegetationZone>
  <SubCatchment>
    <SubCatchmentParameters>
      <KSI>0.0020549145786438725</KSI>
      <KGmin>0.17581829169381008</KGmin>
      <RangeKG>0.37418999918509466</RangeKG>
      <AG>0.491442146876125</AG>
      <KInfiltration>0.34400063934837066</KInfiltration>
      <PERC>2.0399791761552981</PERC>
      <Alpha>0</Alpha>
      <UZL>42.0606972808257</UZL>
      <K0>0.32156432747853719</K0>
      <K1>0.12089281370358626</K1>
      <K2>0.0086072725034992987</K2>
      <MAXBAS>1.4349865183706405</MAXBAS>
      <Cet>0</Cet>
      <PCALT>10</PCALT>
      <TCALT>0.6</TCALT>
      <Pelev>3739</Pelev>
      <Telev>3307</Telev>
      <PART>0.5</PART>
      <DELAY>1</DELAY>
    </SubCatchmentParameters>
    <SubCatchmentVegetationZone>
      <SubCatchmentVegetationZoneParameters>
        <TT>0.6553079136705201</TT>
        <CFMAX>1.7684894396768924</CFMAX>
        <SP>-0.43062998541475728</SP>
        <SFCF>1.0703953170105673</SFCF>
        <CFR>0.075772239400922439</CFR>
        <CWH>0.022908875207752779</CWH>
        <CFGlacier>0.54515600666034369</CFGlacier>
        <CFSlope>0.26252623581286255</CFSlope>
        <FC>530.07227771092312</FC>
        <LP>0.57233048357362992</LP>
        <BETA>2.0467661114827269</BETA>
      </SubCatchmentVegetationZoneParameters>
    </SubCatchmentVegetationZone>
  </SubCatchment>
</Catchment>