<?xml version="1.0" encoding="utf-8"?>
<Catchment xmlns:xsi="http://www.w3.org/2001/XMLSchema-instance" xmlns:xsd="http://www.w3.org/2001/XMLSchema">
  <CatchmentParameters>
    <KSI>0.0020823482994009215</KSI>
    <KGmin>0.12242861511735126</KGmin>
    <RangeKG>0.34894226236433135</RangeKG>
    <AG>0.027670979716474288</AG>
    <KInfiltration>0.40879549281248195</KInfiltration>
    <PERC>2.51663049892411</PERC>
    <Alpha>0</Alpha>
    <UZL>43.449947630614041</UZL>
    <K0>0.4931474430451247</K0>
    <K1>0.11836153179450924</K1>
    <K2>0.0080029053372202875</K2>
    <MAXBAS>1.8549301118254817</MAXBAS>
    <Cet>0</Cet>
    <PCALT>10</PCALT>
    <TCALT>0.6</TCALT>
    <Pelev>3739</Pelev>
    <Telev>3307</Telev>
    <PART>0.5</PART>
    <DELAY>1</DELAY>
  </CatchmentParameters>
  <VegetationZone>
    <VegetationZoneParameters>
      <TT>0.031496374593176189</TT>
      <CFMAX>0.80379141532254883</CFMAX>
      <SP>-0.33755589006592046</SP>
      <SFCF>1.0619012722032981</SFCF>
      <CFR>0.041005056698647527</CFR>
      <CWH>0.061915458137101469</CWH>
      <CFGlacier>0.96765141302781987</CFGlacier>
      <CFSlope>0.21547567343958621</CFSlope>
      <FC>153.87888663164958</FC>
      <LP>0.6408192816871574</LP>
      <BETA>1.356776441330485</BETA>
    </VegetationZoneParameters>
  </VegetationZone>
  <SubCatchment>
    <SubCatchmentParameters>
      <KSI>0.0020823482994009215</KSI>
      <KGmin>0.12242861511735126</KGmin>
      <RangeKG>0.34894226236433135</RangeKG>
      <AG>0.027670979716474288</AG>
      <KInfiltration>0.40879549281248195</KInfiltration>
      <PERC>2.51663049892411</PERC>
      <Alpha>0</Alpha>
      <UZL>43.449947630614041</UZL>
      <K0>0.4931474430451247</K0>
      <K1>0.11836153179450924</K1>
      <K2>0.0080029053372202875</K2>
      <MAXBAS>1.8549301118254817</MAXBAS>
      <Cet>0</Cet>
      <PCALT>10</PCALT>
      <TCALT>0.6</TCALT>
      <Pelev>3739</Pelev>
      <Telev>3307</Telev>
      <PART>0.5</PART>
      <DELAY>1</DELAY>
    </SubCatchmentParameters>
    <SubCatchmentVegetationZone>
      <SubCatchmentVegetationZoneParameters>
        <TT>0.031496374593176189</TT>
        <CFMAX>0.80379141532254883</CFMAX>
        <SP>-0.33755589006592046</SP>
        <SFCF>1.0619012722032981</SFCF>
        <CFR>0.041005056698647527</CFR>
        <CWH>0.061915458137101469</CWH>
        <CFGlacier>0.96765141302781987</CFGlacier>
        <CFSlope>0.21547567343958621</CFSlope>
        <FC>153.87888663164958</FC>
        <LP>0.6408192816871574</LP>
        <BETA>1.356776441330485</BETA>
      </SubCatchmentVegetationZoneParameters>
    </SubCatchmentVegetationZone>
  </SubCatchment>
</Catchment>