<?xml version="1.0" encoding="utf-8"?>
<Catchment xmlns:xsi="http://www.w3.org/2001/XMLSchema-instance" xmlns:xsd="http://www.w3.org/2001/XMLSchema">
  <CatchmentParameters>
    <KSI>0.0010973490260235853</KSI>
    <KGmin>0.01013432211291476</KGmin>
    <RangeKG>0.10318785327775121</RangeKG>
    <AG>0.16585606945120068</AG>
    <KInfiltration>0.20286454274923862</KInfiltration>
    <PERC>1.7418444354198155</PERC>
    <Alpha>0</Alpha>
    <UZL>47.756755234053813</UZL>
    <K0>0.40126099441039326</K0>
    <K1>0.12918774778326078</K1>
    <K2>0.0057675705626166708</K2>
    <MAXBAS>1.5549982117157237</MAXBAS>
    <Cet>0</Cet>
    <PCALT>10</PCALT>
    <TCALT>0.6</TCALT>
    <Pelev>3739</Pelev>
    <Telev>3307</Telev>
    <PART>0.5</PART>
    <DELAY>1</DELAY>
  </CatchmentParameters>
  <VegetationZone>
    <VegetationZoneParameters>
      <TT>0.65598011894695851</TT>
      <CFMAX>1.9118257165143395</CFMAX>
      <SP>-0.43966365916983735</SP>
      <SFCF>1.0950191156491274</SFCF>
      <CFR>0.04171901271558244</CFR>
      <CWH>0.038761272592740537</CWH>
      <CFGlacier>0.58620511498135763</CFGlacier>
      <CFSlope>0.26723185674235478</CFSlope>
      <FC>628.03326666170108</FC>
      <LP>0.47215754884832695</LP>
      <BETA>2.6657519147855782</BETA>
    </VegetationZoneParameters>
  </VegetationZone>
  <SubCatchment>
    <SubCatchmentParameters>
      <KSI>0.0010973490260235853</KSI>
      <KGmin>0.01013432211291476</KGmin>
      <RangeKG>0.10318785327775121</RangeKG>
      <AG>0.16585606945120068</AG>
      <KInfiltration>0.20286454274923862</KInfiltration>
      <PERC>1.7418444354198155</PERC>
      <Alpha>0</Alpha>
      <UZL>47.756755234053813</UZL>
      <K0>0.40126099441039326</K0>
      <K1>0.12918774778326078</K1>
      <K2>0.0057675705626166708</K2>
      <MAXBAS>1.5549982117157237</MAXBAS>
      <Cet>0</Cet>
      <PCALT>10</PCALT>
      <TCALT>0.6</TCALT>
      <Pelev>3739</Pelev>
      <Telev>3307</Telev>
      <PART>0.5</PART>
      <DELAY>1</DELAY>
    </SubCatchmentParameters>
    <SubCatchmentVegetationZone>
      <SubCatchmentVegetationZoneParameters>
        <TT>0.65598011894695851</TT>
        <CFMAX>1.9118257165143395</CFMAX>
        <SP>-0.43966365916983735</SP>
        <SFCF>1.0950191156491274</SFCF>
        <CFR>0.04171901271558244</CFR>
        <CWH>0.038761272592740537</CWH>
        <CFGlacier>0.58620511498135763</CFGlacier>
        <CFSlope>0.26723185674235478</CFSlope>
        <FC>628.03326666170108</FC>
        <LP>0.47215754884832695</LP>
        <BETA>2.6657519147855782</BETA>
      </SubCatchmentVegetationZoneParameters>
    </SubCatchmentVegetationZone>
  </SubCatchment>
</Catchment>