<?xml version="1.0" encoding="utf-8"?>
<Catchment xmlns:xsi="http://www.w3.org/2001/XMLSchema-instance" xmlns:xsd="http://www.w3.org/2001/XMLSchema">
  <CatchmentParameters>
    <KSI>0.0026761953295382666</KSI>
    <KGmin>0.09128491753730035</KGmin>
    <RangeKG>0.33508566046635974</RangeKG>
    <AG>0.0060192329025793613</AG>
    <KInfiltration>0.65823610517485642</KInfiltration>
    <PERC>2.69621807326425</PERC>
    <Alpha>0</Alpha>
    <UZL>38.126511420709562</UZL>
    <K0>0.35001325921892351</K0>
    <K1>0.10720090104290027</K1>
    <K2>0.010210631781974464</K2>
    <MAXBAS>1.5608308324831162</MAXBAS>
    <Cet>0</Cet>
    <PCALT>10</PCALT>
    <TCALT>0.6</TCALT>
    <Pelev>3739</Pelev>
    <Telev>3307</Telev>
    <PART>0.5</PART>
    <DELAY>1</DELAY>
  </CatchmentParameters>
  <VegetationZone>
    <VegetationZoneParameters>
      <TT>0.61799755317627092</TT>
      <CFMAX>1.7248809363734299</CFMAX>
      <SP>-0.56670942419766357</SP>
      <SFCF>1.1553224261532897</SFCF>
      <CFR>0.057866978185967852</CFR>
      <CWH>0.00025236644615769479</CWH>
      <CFGlacier>0.64991800906330877</CFGlacier>
      <CFSlope>0.215042149617776</CFSlope>
      <FC>521.13477006617552</FC>
      <LP>0.54647478045360121</LP>
      <BETA>3.5518827788472835</BETA>
    </VegetationZoneParameters>
  </VegetationZone>
  <SubCatchment>
    <SubCatchmentParameters>
      <KSI>0.0026761953295382666</KSI>
      <KGmin>0.09128491753730035</KGmin>
      <RangeKG>0.33508566046635974</RangeKG>
      <AG>0.0060192329025793613</AG>
      <KInfiltration>0.65823610517485642</KInfiltration>
      <PERC>2.69621807326425</PERC>
      <Alpha>0</Alpha>
      <UZL>38.126511420709562</UZL>
      <K0>0.35001325921892351</K0>
      <K1>0.10720090104290027</K1>
      <K2>0.010210631781974464</K2>
      <MAXBAS>1.5608308324831162</MAXBAS>
      <Cet>0</Cet>
      <PCALT>10</PCALT>
      <TCALT>0.6</TCALT>
      <Pelev>3739</Pelev>
      <Telev>3307</Telev>
      <PART>0.5</PART>
      <DELAY>1</DELAY>
    </SubCatchmentParameters>
    <SubCatchmentVegetationZone>
      <SubCatchmentVegetationZoneParameters>
        <TT>0.61799755317627092</TT>
        <CFMAX>1.7248809363734299</CFMAX>
        <SP>-0.56670942419766357</SP>
        <SFCF>1.1553224261532897</SFCF>
        <CFR>0.057866978185967852</CFR>
        <CWH>0.00025236644615769479</CWH>
        <CFGlacier>0.64991800906330877</CFGlacier>
        <CFSlope>0.215042149617776</CFSlope>
        <FC>521.13477006617552</FC>
        <LP>0.54647478045360121</LP>
        <BETA>3.5518827788472835</BETA>
      </SubCatchmentVegetationZoneParameters>
    </SubCatchmentVegetationZone>
  </SubCatchment>
</Catchment>