<?xml version="1.0" encoding="utf-8"?>
<Catchment xmlns:xsi="http://www.w3.org/2001/XMLSchema-instance" xmlns:xsd="http://www.w3.org/2001/XMLSchema">
  <CatchmentParameters>
    <KSI>0.0020852619175029414</KSI>
    <KGmin>0.14002375293034169</KGmin>
    <RangeKG>0.30640685549224028</RangeKG>
    <AG>0.64587419945173674</AG>
    <KInfiltration>0.31911368785817934</KInfiltration>
    <PERC>3.0909823300403683</PERC>
    <Alpha>0</Alpha>
    <UZL>63.367546860295526</UZL>
    <K0>0.518132427096267</K0>
    <K1>0.0783333107745229</K1>
    <K2>0.0063210094431650774</K2>
    <MAXBAS>1.8149535809518054</MAXBAS>
    <Cet>0</Cet>
    <PCALT>10</PCALT>
    <TCALT>0.6</TCALT>
    <Pelev>3739</Pelev>
    <Telev>3307</Telev>
    <PART>0.5</PART>
    <DELAY>1</DELAY>
  </CatchmentParameters>
  <VegetationZone>
    <VegetationZoneParameters>
      <TT>-0.34081621427325087</TT>
      <CFMAX>3.2121468821216737</CFMAX>
      <SP>-0.25481598230066932</SP>
      <SFCF>1.0000000947228138</SFCF>
      <CFR>0.069292102306627</CFR>
      <CWH>0.022695031149901197</CWH>
      <CFGlacier>0.21990000319033715</CFGlacier>
      <CFSlope>0.48926606483571611</CFSlope>
      <FC>699.99976295789429</FC>
      <LP>0.30554959419513372</LP>
      <BETA>3.3663450245787323</BETA>
    </VegetationZoneParameters>
  </VegetationZone>
  <SubCatchment>
    <SubCatchmentParameters>
      <KSI>0.0020852619175029414</KSI>
      <KGmin>0.14002375293034169</KGmin>
      <RangeKG>0.30640685549224028</RangeKG>
      <AG>0.64587419945173674</AG>
      <KInfiltration>0.31911368785817934</KInfiltration>
      <PERC>3.0909823300403683</PERC>
      <Alpha>0</Alpha>
      <UZL>63.367546860295526</UZL>
      <K0>0.518132427096267</K0>
      <K1>0.0783333107745229</K1>
      <K2>0.0063210094431650774</K2>
      <MAXBAS>1.8149535809518054</MAXBAS>
      <Cet>0</Cet>
      <PCALT>10</PCALT>
      <TCALT>0.6</TCALT>
      <Pelev>3739</Pelev>
      <Telev>3307</Telev>
      <PART>0.5</PART>
      <DELAY>1</DELAY>
    </SubCatchmentParameters>
    <SubCatchmentVegetationZone>
      <SubCatchmentVegetationZoneParameters>
        <TT>-0.34081621427325087</TT>
        <CFMAX>3.2121468821216737</CFMAX>
        <SP>-0.25481598230066932</SP>
        <SFCF>1.0000000947228138</SFCF>
        <CFR>0.069292102306627</CFR>
        <CWH>0.022695031149901197</CWH>
        <CFGlacier>0.21990000319033715</CFGlacier>
        <CFSlope>0.48926606483571611</CFSlope>
        <FC>699.99976295789429</FC>
        <LP>0.30554959419513372</LP>
        <BETA>3.3663450245787323</BETA>
      </SubCatchmentVegetationZoneParameters>
    </SubCatchmentVegetationZone>
  </SubCatchment>
</Catchment>