<?xml version="1.0" encoding="utf-8"?>
<Catchment xmlns:xsi="http://www.w3.org/2001/XMLSchema-instance" xmlns:xsd="http://www.w3.org/2001/XMLSchema">
  <CatchmentParameters>
    <KSI>0.0022855476080500992</KSI>
    <KGmin>0.15740441263836624</KGmin>
    <RangeKG>0.26881944590712387</RangeKG>
    <AG>0.028760558069181319</AG>
    <KInfiltration>0.36608741305703463</KInfiltration>
    <PERC>2.4194077687682052</PERC>
    <Alpha>0</Alpha>
    <UZL>87.6741023374983</UZL>
    <K0>0.46651927985807473</K0>
    <K1>0.12993128152719274</K1>
    <K2>0.0077609635882210015</K2>
    <MAXBAS>1.0251185469962387</MAXBAS>
    <Cet>0</Cet>
    <PCALT>10</PCALT>
    <TCALT>0.6</TCALT>
    <Pelev>3739</Pelev>
    <Telev>3307</Telev>
    <PART>0.5</PART>
    <DELAY>1</DELAY>
  </CatchmentParameters>
  <VegetationZone>
    <VegetationZoneParameters>
      <TT>0.1619966638735604</TT>
      <CFMAX>1.0229465010304559</CFMAX>
      <SP>-0.27988081103973528</SP>
      <SFCF>1.1463229999349436</SFCF>
      <CFR>0.041262384142812962</CFR>
      <CWH>0.056894020165027148</CWH>
      <CFGlacier>0.71707115235008667</CFGlacier>
      <CFSlope>0.21898745679760992</CFSlope>
      <FC>564.146149012013</FC>
      <LP>0.885021660073513</LP>
      <BETA>2.1217583701002383</BETA>
    </VegetationZoneParameters>
  </VegetationZone>
  <SubCatchment>
    <SubCatchmentParameters>
      <KSI>0.0022855476080500992</KSI>
      <KGmin>0.15740441263836624</KGmin>
      <RangeKG>0.26881944590712387</RangeKG>
      <AG>0.028760558069181319</AG>
      <KInfiltration>0.36608741305703463</KInfiltration>
      <PERC>2.4194077687682052</PERC>
      <Alpha>0</Alpha>
      <UZL>87.6741023374983</UZL>
      <K0>0.46651927985807473</K0>
      <K1>0.12993128152719274</K1>
      <K2>0.0077609635882210015</K2>
      <MAXBAS>1.0251185469962387</MAXBAS>
      <Cet>0</Cet>
      <PCALT>10</PCALT>
      <TCALT>0.6</TCALT>
      <Pelev>3739</Pelev>
      <Telev>3307</Telev>
      <PART>0.5</PART>
      <DELAY>1</DELAY>
    </SubCatchmentParameters>
    <SubCatchmentVegetationZone>
      <SubCatchmentVegetationZoneParameters>
        <TT>0.1619966638735604</TT>
        <CFMAX>1.0229465010304559</CFMAX>
        <SP>-0.27988081103973528</SP>
        <SFCF>1.1463229999349436</SFCF>
        <CFR>0.041262384142812962</CFR>
        <CWH>0.056894020165027148</CWH>
        <CFGlacier>0.71707115235008667</CFGlacier>
        <CFSlope>0.21898745679760992</CFSlope>
        <FC>564.146149012013</FC>
        <LP>0.885021660073513</LP>
        <BETA>2.1217583701002383</BETA>
      </SubCatchmentVegetationZoneParameters>
    </SubCatchmentVegetationZone>
  </SubCatchment>
</Catchment>