<?xml version="1.0" encoding="utf-8"?>
<Catchment xmlns:xsi="http://www.w3.org/2001/XMLSchema-instance" xmlns:xsd="http://www.w3.org/2001/XMLSchema">
  <CatchmentParameters>
    <KSI>0.0012062777110513046</KSI>
    <KGmin>0.084590028972222092</KGmin>
    <RangeKG>0.10000118245628641</RangeKG>
    <AG>0.0093910464544013916</AG>
    <KInfiltration>0.39346242834188316</KInfiltration>
    <PERC>2.1333521915307894</PERC>
    <Alpha>0</Alpha>
    <UZL>39.333139549780462</UZL>
    <K0>0.31295611550666824</K0>
    <K1>0.13582752221262087</K1>
    <K2>0.0070661245255618059</K2>
    <MAXBAS>1.630483053912801</MAXBAS>
    <Cet>0</Cet>
    <PCALT>10</PCALT>
    <TCALT>0.6</TCALT>
    <Pelev>3739</Pelev>
    <Telev>3307</Telev>
    <PART>0.5</PART>
    <DELAY>1</DELAY>
  </CatchmentParameters>
  <VegetationZone>
    <VegetationZoneParameters>
      <TT>1.3388641382435778</TT>
      <CFMAX>1.7352908451751934</CFMAX>
      <SP>-0.36761996102769473</SP>
      <SFCF>1.0475955165285045</SFCF>
      <CFR>0.054844038011731863</CFR>
      <CWH>0.014418255185672708</CWH>
      <CFGlacier>0.5262327220335874</CFGlacier>
      <CFSlope>0.25464815520955836</CFSlope>
      <FC>483.575458969535</FC>
      <LP>0.74451592291650692</LP>
      <BETA>2.02499568590911</BETA>
    </VegetationZoneParameters>
  </VegetationZone>
  <SubCatchment>
    <SubCatchmentParameters>
      <KSI>0.0012062777110513046</KSI>
      <KGmin>0.084590028972222092</KGmin>
      <RangeKG>0.10000118245628641</RangeKG>
      <AG>0.0093910464544013916</AG>
      <KInfiltration>0.39346242834188316</KInfiltration>
      <PERC>2.1333521915307894</PERC>
      <Alpha>0</Alpha>
      <UZL>39.333139549780462</UZL>
      <K0>0.31295611550666824</K0>
      <K1>0.13582752221262087</K1>
      <K2>0.0070661245255618059</K2>
      <MAXBAS>1.630483053912801</MAXBAS>
      <Cet>0</Cet>
      <PCALT>10</PCALT>
      <TCALT>0.6</TCALT>
      <Pelev>3739</Pelev>
      <Telev>3307</Telev>
      <PART>0.5</PART>
      <DELAY>1</DELAY>
    </SubCatchmentParameters>
    <SubCatchmentVegetationZone>
      <SubCatchmentVegetationZoneParameters>
        <TT>1.3388641382435778</TT>
        <CFMAX>1.7352908451751934</CFMAX>
        <SP>-0.36761996102769473</SP>
        <SFCF>1.0475955165285045</SFCF>
        <CFR>0.054844038011731863</CFR>
        <CWH>0.014418255185672708</CWH>
        <CFGlacier>0.5262327220335874</CFGlacier>
        <CFSlope>0.25464815520955836</CFSlope>
        <FC>483.575458969535</FC>
        <LP>0.74451592291650692</LP>
        <BETA>2.02499568590911</BETA>
      </SubCatchmentVegetationZoneParameters>
    </SubCatchmentVegetationZone>
  </SubCatchment>
</Catchment>