<?xml version="1.0" encoding="utf-8"?>
<Catchment xmlns:xsi="http://www.w3.org/2001/XMLSchema-instance" xmlns:xsd="http://www.w3.org/2001/XMLSchema">
  <CatchmentParameters>
    <KSI>0.001020153483049074</KSI>
    <KGmin>0.11022159986978612</KGmin>
    <RangeKG>0.19797359181405441</RangeKG>
    <AG>0.006961996155122694</AG>
    <KInfiltration>0.18649443317447956</KInfiltration>
    <PERC>2.8327623780270619</PERC>
    <Alpha>0</Alpha>
    <UZL>45.990656228241384</UZL>
    <K0>0.52126509720757908</K0>
    <K1>0.15310307935865192</K1>
    <K2>0.0061967598763407912</K2>
    <MAXBAS>1.7250182091109663</MAXBAS>
    <Cet>0</Cet>
    <PCALT>10</PCALT>
    <TCALT>0.6</TCALT>
    <Pelev>3739</Pelev>
    <Telev>3307</Telev>
    <PART>0.5</PART>
    <DELAY>1</DELAY>
  </CatchmentParameters>
  <VegetationZone>
    <VegetationZoneParameters>
      <TT>1.4035093470830089</TT>
      <CFMAX>1.6200105419980519</CFMAX>
      <SP>-0.47610081949810112</SP>
      <SFCF>1.1529077618767976</SFCF>
      <CFR>0.083684201559060575</CFR>
      <CWH>0.016268404548335391</CWH>
      <CFGlacier>0.47945543961132558</CFGlacier>
      <CFSlope>0.20691901141070185</CFSlope>
      <FC>365.85544350182215</FC>
      <LP>0.82241140861658857</LP>
      <BETA>3.7228536763508639</BETA>
    </VegetationZoneParameters>
  </VegetationZone>
  <SubCatchment>
    <SubCatchmentParameters>
      <KSI>0.001020153483049074</KSI>
      <KGmin>0.11022159986978612</KGmin>
      <RangeKG>0.19797359181405441</RangeKG>
      <AG>0.006961996155122694</AG>
      <KInfiltration>0.18649443317447956</KInfiltration>
      <PERC>2.8327623780270619</PERC>
      <Alpha>0</Alpha>
      <UZL>45.990656228241384</UZL>
      <K0>0.52126509720757908</K0>
      <K1>0.15310307935865192</K1>
      <K2>0.0061967598763407912</K2>
      <MAXBAS>1.7250182091109663</MAXBAS>
      <Cet>0</Cet>
      <PCALT>10</PCALT>
      <TCALT>0.6</TCALT>
      <Pelev>3739</Pelev>
      <Telev>3307</Telev>
      <PART>0.5</PART>
      <DELAY>1</DELAY>
    </SubCatchmentParameters>
    <SubCatchmentVegetationZone>
      <SubCatchmentVegetationZoneParameters>
        <TT>1.4035093470830089</TT>
        <CFMAX>1.6200105419980519</CFMAX>
        <SP>-0.47610081949810112</SP>
        <SFCF>1.1529077618767976</SFCF>
        <CFR>0.083684201559060575</CFR>
        <CWH>0.016268404548335391</CWH>
        <CFGlacier>0.47945543961132558</CFGlacier>
        <CFSlope>0.20691901141070185</CFSlope>
        <FC>365.85544350182215</FC>
        <LP>0.82241140861658857</LP>
        <BETA>3.7228536763508639</BETA>
      </SubCatchmentVegetationZoneParameters>
    </SubCatchmentVegetationZone>
  </SubCatchment>
</Catchment>