<?xml version="1.0" encoding="utf-8"?>
<Catchment xmlns:xsi="http://www.w3.org/2001/XMLSchema-instance" xmlns:xsd="http://www.w3.org/2001/XMLSchema">
  <CatchmentParameters>
    <KSI>0.0010000475994079567</KSI>
    <KGmin>0.02379006733270262</KGmin>
    <RangeKG>0.10000000114682814</RangeKG>
    <AG>0.49104781330037661</AG>
    <KInfiltration>0.49248294923944996</KInfiltration>
    <PERC>2.6193371129451593</PERC>
    <Alpha>0</Alpha>
    <UZL>44.295647445998391</UZL>
    <K0>0.50686880256227274</K0>
    <K1>0.087126343459349179</K1>
    <K2>0.011768955855429152</K2>
    <MAXBAS>1.7392439583293466</MAXBAS>
    <Cet>0</Cet>
    <PCALT>10</PCALT>
    <TCALT>0.6</TCALT>
    <Pelev>3739</Pelev>
    <Telev>3307</Telev>
    <PART>0.5</PART>
    <DELAY>1</DELAY>
  </CatchmentParameters>
  <VegetationZone>
    <VegetationZoneParameters>
      <TT>0.144570613543198</TT>
      <CFMAX>1.9200744769759537</CFMAX>
      <SP>-0.62621123531702794</SP>
      <SFCF>1.1352856504662032</SFCF>
      <CFR>0.071085631801471455</CFR>
      <CWH>0.014305041747533467</CWH>
      <CFGlacier>0.59371107394491052</CFGlacier>
      <CFSlope>0.22071525213442517</CFSlope>
      <FC>495.21048386173237</FC>
      <LP>0.61359254894681592</LP>
      <BETA>2.7851669743521397</BETA>
    </VegetationZoneParameters>
  </VegetationZone>
  <SubCatchment>
    <SubCatchmentParameters>
      <KSI>0.0010000475994079567</KSI>
      <KGmin>0.02379006733270262</KGmin>
      <RangeKG>0.10000000114682814</RangeKG>
      <AG>0.49104781330037661</AG>
      <KInfiltration>0.49248294923944996</KInfiltration>
      <PERC>2.6193371129451593</PERC>
      <Alpha>0</Alpha>
      <UZL>44.295647445998391</UZL>
      <K0>0.50686880256227274</K0>
      <K1>0.087126343459349179</K1>
      <K2>0.011768955855429152</K2>
      <MAXBAS>1.7392439583293466</MAXBAS>
      <Cet>0</Cet>
      <PCALT>10</PCALT>
      <TCALT>0.6</TCALT>
      <Pelev>3739</Pelev>
      <Telev>3307</Telev>
      <PART>0.5</PART>
      <DELAY>1</DELAY>
    </SubCatchmentParameters>
    <SubCatchmentVegetationZone>
      <SubCatchmentVegetationZoneParameters>
        <TT>0.144570613543198</TT>
        <CFMAX>1.9200744769759537</CFMAX>
        <SP>-0.62621123531702794</SP>
        <SFCF>1.1352856504662032</SFCF>
        <CFR>0.071085631801471455</CFR>
        <CWH>0.014305041747533467</CWH>
        <CFGlacier>0.59371107394491052</CFGlacier>
        <CFSlope>0.22071525213442517</CFSlope>
        <FC>495.21048386173237</FC>
        <LP>0.61359254894681592</LP>
        <BETA>2.7851669743521397</BETA>
      </SubCatchmentVegetationZoneParameters>
    </SubCatchmentVegetationZone>
  </SubCatchment>
</Catchment>