<?xml version="1.0" encoding="utf-8"?>
<Catchment xmlns:xsi="http://www.w3.org/2001/XMLSchema-instance" xmlns:xsd="http://www.w3.org/2001/XMLSchema">
  <CatchmentParameters>
    <KSI>0.0020356312623482477</KSI>
    <KGmin>0.1403217307880297</KGmin>
    <RangeKG>0.25849214402984322</RangeKG>
    <AG>0.0027708492909941057</AG>
    <KInfiltration>0.82020844282152694</KInfiltration>
    <PERC>1.9866805724105057</PERC>
    <Alpha>0</Alpha>
    <UZL>24.849184635964594</UZL>
    <K0>0.44328191416443913</K0>
    <K1>0.18863275415703851</K1>
    <K2>0.0078371080216447318</K2>
    <MAXBAS>1.6350059689153438</MAXBAS>
    <Cet>0</Cet>
    <PCALT>10</PCALT>
    <TCALT>0.6</TCALT>
    <Pelev>3739</Pelev>
    <Telev>3307</Telev>
    <PART>0.5</PART>
    <DELAY>1</DELAY>
  </CatchmentParameters>
  <VegetationZone>
    <VegetationZoneParameters>
      <TT>0.15621869801737476</TT>
      <CFMAX>1.4008366684669953</CFMAX>
      <SP>-0.52002234254818769</SP>
      <SFCF>1.1976576815715456</SFCF>
      <CFR>0.036418568707246884</CFR>
      <CWH>0.027486708330582463</CWH>
      <CFGlacier>0.085794967266477784</CFGlacier>
      <CFSlope>0.26507892605468653</CFSlope>
      <FC>546.54374285831932</FC>
      <LP>0.64542891644696088</LP>
      <BETA>3.04872403557649</BETA>
    </VegetationZoneParameters>
  </VegetationZone>
  <SubCatchment>
    <SubCatchmentParameters>
      <KSI>0.0020356312623482477</KSI>
      <KGmin>0.1403217307880297</KGmin>
      <RangeKG>0.25849214402984322</RangeKG>
      <AG>0.0027708492909941057</AG>
      <KInfiltration>0.82020844282152694</KInfiltration>
      <PERC>1.9866805724105057</PERC>
      <Alpha>0</Alpha>
      <UZL>24.849184635964594</UZL>
      <K0>0.44328191416443913</K0>
      <K1>0.18863275415703851</K1>
      <K2>0.0078371080216447318</K2>
      <MAXBAS>1.6350059689153438</MAXBAS>
      <Cet>0</Cet>
      <PCALT>10</PCALT>
      <TCALT>0.6</TCALT>
      <Pelev>3739</Pelev>
      <Telev>3307</Telev>
      <PART>0.5</PART>
      <DELAY>1</DELAY>
    </SubCatchmentParameters>
    <SubCatchmentVegetationZone>
      <SubCatchmentVegetationZoneParameters>
        <TT>0.15621869801737476</TT>
        <CFMAX>1.4008366684669953</CFMAX>
        <SP>-0.52002234254818769</SP>
        <SFCF>1.1976576815715456</SFCF>
        <CFR>0.036418568707246884</CFR>
        <CWH>0.027486708330582463</CWH>
        <CFGlacier>0.085794967266477784</CFGlacier>
        <CFSlope>0.26507892605468653</CFSlope>
        <FC>546.54374285831932</FC>
        <LP>0.64542891644696088</LP>
        <BETA>3.04872403557649</BETA>
      </SubCatchmentVegetationZoneParameters>
    </SubCatchmentVegetationZone>
  </SubCatchment>
</Catchment>