<?xml version="1.0" encoding="utf-8"?>
<Catchment xmlns:xsi="http://www.w3.org/2001/XMLSchema-instance" xmlns:xsd="http://www.w3.org/2001/XMLSchema">
  <CatchmentParameters>
    <KSI>0.0023568669333045083</KSI>
    <KGmin>0.13214018086771187</KGmin>
    <RangeKG>0.20197729357052335</RangeKG>
    <AG>0.0016361825763830066</AG>
    <KInfiltration>0.71965023632001235</KInfiltration>
    <PERC>2.9483708879690744</PERC>
    <Alpha>0</Alpha>
    <UZL>26.573078375704352</UZL>
    <K0>0.54849449345272883</K0>
    <K1>0.12908675279818554</K1>
    <K2>0.0069079650187473226</K2>
    <MAXBAS>1.6605503446931722</MAXBAS>
    <Cet>0</Cet>
    <PCALT>10</PCALT>
    <TCALT>0.6</TCALT>
    <Pelev>3739</Pelev>
    <Telev>3307</Telev>
    <PART>0.5</PART>
    <DELAY>1</DELAY>
  </CatchmentParameters>
  <VegetationZone>
    <VegetationZoneParameters>
      <TT>-1.5933055216435303</TT>
      <CFMAX>0.774391076437551</CFMAX>
      <SP>0.56896362643810861</SP>
      <SFCF>1.0037877719564599</SFCF>
      <CFR>0.00080049960378061761</CFR>
      <CWH>0.029588054055566797</CWH>
      <CFGlacier>0.10094393416243115</CFGlacier>
      <CFSlope>0.75701488649017257</CFSlope>
      <FC>434.11892744958459</FC>
      <LP>0.38717621369896255</LP>
      <BETA>1.5265059954991214</BETA>
    </VegetationZoneParameters>
  </VegetationZone>
  <SubCatchment>
    <SubCatchmentParameters>
      <KSI>0.0023568669333045083</KSI>
      <KGmin>0.13214018086771187</KGmin>
      <RangeKG>0.20197729357052335</RangeKG>
      <AG>0.0016361825763830066</AG>
      <KInfiltration>0.71965023632001235</KInfiltration>
      <PERC>2.9483708879690744</PERC>
      <Alpha>0</Alpha>
      <UZL>26.573078375704352</UZL>
      <K0>0.54849449345272883</K0>
      <K1>0.12908675279818554</K1>
      <K2>0.0069079650187473226</K2>
      <MAXBAS>1.6605503446931722</MAXBAS>
      <Cet>0</Cet>
      <PCALT>10</PCALT>
      <TCALT>0.6</TCALT>
      <Pelev>3739</Pelev>
      <Telev>3307</Telev>
      <PART>0.5</PART>
      <DELAY>1</DELAY>
    </SubCatchmentParameters>
    <SubCatchmentVegetationZone>
      <SubCatchmentVegetationZoneParameters>
        <TT>-1.5933055216435303</TT>
        <CFMAX>0.774391076437551</CFMAX>
        <SP>0.56896362643810861</SP>
        <SFCF>1.0037877719564599</SFCF>
        <CFR>0.00080049960378061761</CFR>
        <CWH>0.029588054055566797</CWH>
        <CFGlacier>0.10094393416243115</CFGlacier>
        <CFSlope>0.75701488649017257</CFSlope>
        <FC>434.11892744958459</FC>
        <LP>0.38717621369896255</LP>
        <BETA>1.5265059954991214</BETA>
      </SubCatchmentVegetationZoneParameters>
    </SubCatchmentVegetationZone>
  </SubCatchment>
</Catchment>