<?xml version="1.0" encoding="utf-8"?>
<Catchment xmlns:xsi="http://www.w3.org/2001/XMLSchema-instance" xmlns:xsd="http://www.w3.org/2001/XMLSchema">
  <CatchmentParameters>
    <KSI>0.0024767467580183206</KSI>
    <KGmin>0.18703724721357956</KGmin>
    <RangeKG>0.21518446138220923</RangeKG>
    <AG>0.382615065373235</AG>
    <KInfiltration>0.28030176529548956</KInfiltration>
    <PERC>2.1446425736302284</PERC>
    <Alpha>0</Alpha>
    <UZL>53.536763119835484</UZL>
    <K0>0.31599863150006957</K0>
    <K1>0.095945776221042528</K1>
    <K2>0.0071650296630084483</K2>
    <MAXBAS>1.4450487683671724</MAXBAS>
    <Cet>0</Cet>
    <PCALT>10</PCALT>
    <TCALT>0.6</TCALT>
    <Pelev>3739</Pelev>
    <Telev>3307</Telev>
    <PART>0.5</PART>
    <DELAY>1</DELAY>
  </CatchmentParameters>
  <VegetationZone>
    <VegetationZoneParameters>
      <TT>0.14506454732063132</TT>
      <CFMAX>1.0146280234774343</CFMAX>
      <SP>-0.022838385421761906</SP>
      <SFCF>1.0686490322082916</SFCF>
      <CFR>0.018164620812405777</CFR>
      <CWH>0.032985278985602932</CWH>
      <CFGlacier>0.80647473999362518</CFGlacier>
      <CFSlope>0.2853929902516068</CFSlope>
      <FC>463.3848944883942</FC>
      <LP>0.46326549969244324</LP>
      <BETA>2.12249152526649</BETA>
    </VegetationZoneParameters>
  </VegetationZone>
  <SubCatchment>
    <SubCatchmentParameters>
      <KSI>0.0024767467580183206</KSI>
      <KGmin>0.18703724721357956</KGmin>
      <RangeKG>0.21518446138220923</RangeKG>
      <AG>0.382615065373235</AG>
      <KInfiltration>0.28030176529548956</KInfiltration>
      <PERC>2.1446425736302284</PERC>
      <Alpha>0</Alpha>
      <UZL>53.536763119835484</UZL>
      <K0>0.31599863150006957</K0>
      <K1>0.095945776221042528</K1>
      <K2>0.0071650296630084483</K2>
      <MAXBAS>1.4450487683671724</MAXBAS>
      <Cet>0</Cet>
      <PCALT>10</PCALT>
      <TCALT>0.6</TCALT>
      <Pelev>3739</Pelev>
      <Telev>3307</Telev>
      <PART>0.5</PART>
      <DELAY>1</DELAY>
    </SubCatchmentParameters>
    <SubCatchmentVegetationZone>
      <SubCatchmentVegetationZoneParameters>
        <TT>0.14506454732063132</TT>
        <CFMAX>1.0146280234774343</CFMAX>
        <SP>-0.022838385421761906</SP>
        <SFCF>1.0686490322082916</SFCF>
        <CFR>0.018164620812405777</CFR>
        <CWH>0.032985278985602932</CWH>
        <CFGlacier>0.80647473999362518</CFGlacier>
        <CFSlope>0.2853929902516068</CFSlope>
        <FC>463.3848944883942</FC>
        <LP>0.46326549969244324</LP>
        <BETA>2.12249152526649</BETA>
      </SubCatchmentVegetationZoneParameters>
    </SubCatchmentVegetationZone>
  </SubCatchment>
</Catchment>