<?xml version="1.0" encoding="utf-8"?>
<Catchment xmlns:xsi="http://www.w3.org/2001/XMLSchema-instance" xmlns:xsd="http://www.w3.org/2001/XMLSchema">
  <CatchmentParameters>
    <KSI>0.0013551471063737515</KSI>
    <KGmin>0.012143997134429324</KGmin>
    <RangeKG>0.49999296875761279</RangeKG>
    <AG>0.0084166561686644381</AG>
    <KInfiltration>0.32504649799144675</KInfiltration>
    <PERC>1.8356338441567075</PERC>
    <Alpha>0</Alpha>
    <UZL>47.186514010309452</UZL>
    <K0>0.66043350237846021</K0>
    <K1>0.11804334307574403</K1>
    <K2>0.0069456898404625577</K2>
    <MAXBAS>1.8250097352012278</MAXBAS>
    <Cet>0</Cet>
    <PCALT>10</PCALT>
    <TCALT>0.6</TCALT>
    <Pelev>3739</Pelev>
    <Telev>3307</Telev>
    <PART>0.5</PART>
    <DELAY>1</DELAY>
  </CatchmentParameters>
  <VegetationZone>
    <VegetationZoneParameters>
      <TT>-0.41819940358059987</TT>
      <CFMAX>1.8155075754449892</CFMAX>
      <SP>-0.51189627840179563</SP>
      <SFCF>1.0709320465210661</SFCF>
      <CFR>0.078788118042406527</CFR>
      <CWH>0.040305747441294407</CWH>
      <CFGlacier>0.53133478419648528</CFGlacier>
      <CFSlope>0.28925408939022113</CFSlope>
      <FC>527.76555696368189</FC>
      <LP>0.30440873095123966</LP>
      <BETA>3.63986713954197</BETA>
    </VegetationZoneParameters>
  </VegetationZone>
  <SubCatchment>
    <SubCatchmentParameters>
      <KSI>0.0013551471063737515</KSI>
      <KGmin>0.012143997134429324</KGmin>
      <RangeKG>0.49999296875761279</RangeKG>
      <AG>0.0084166561686644381</AG>
      <KInfiltration>0.32504649799144675</KInfiltration>
      <PERC>1.8356338441567075</PERC>
      <Alpha>0</Alpha>
      <UZL>47.186514010309452</UZL>
      <K0>0.66043350237846021</K0>
      <K1>0.11804334307574403</K1>
      <K2>0.0069456898404625577</K2>
      <MAXBAS>1.8250097352012278</MAXBAS>
      <Cet>0</Cet>
      <PCALT>10</PCALT>
      <TCALT>0.6</TCALT>
      <Pelev>3739</Pelev>
      <Telev>3307</Telev>
      <PART>0.5</PART>
      <DELAY>1</DELAY>
    </SubCatchmentParameters>
    <SubCatchmentVegetationZone>
      <SubCatchmentVegetationZoneParameters>
        <TT>-0.41819940358059987</TT>
        <CFMAX>1.8155075754449892</CFMAX>
        <SP>-0.51189627840179563</SP>
        <SFCF>1.0709320465210661</SFCF>
        <CFR>0.078788118042406527</CFR>
        <CWH>0.040305747441294407</CWH>
        <CFGlacier>0.53133478419648528</CFGlacier>
        <CFSlope>0.28925408939022113</CFSlope>
        <FC>527.76555696368189</FC>
        <LP>0.30440873095123966</LP>
        <BETA>3.63986713954197</BETA>
      </SubCatchmentVegetationZoneParameters>
    </SubCatchmentVegetationZone>
  </SubCatchment>
</Catchment>