<?xml version="1.0" encoding="utf-8"?>
<Catchment xmlns:xsi="http://www.w3.org/2001/XMLSchema-instance" xmlns:xsd="http://www.w3.org/2001/XMLSchema">
  <CatchmentParameters>
    <KSI>0.0015771869516095095</KSI>
    <KGmin>0.081738024394486644</KGmin>
    <RangeKG>0.16572654606095127</RangeKG>
    <AG>0.0029022531261640176</AG>
    <KInfiltration>0.23966404879891115</KInfiltration>
    <PERC>2.3013580822818698</PERC>
    <Alpha>0</Alpha>
    <UZL>74.308756351834589</UZL>
    <K0>0.27799355490680255</K0>
    <K1>0.21697849534319258</K1>
    <K2>0.0043628778341071924</K2>
    <MAXBAS>1.3595689335148125</MAXBAS>
    <Cet>0</Cet>
    <PCALT>10</PCALT>
    <TCALT>0.6</TCALT>
    <Pelev>3739</Pelev>
    <Telev>3307</Telev>
    <PART>0.5</PART>
    <DELAY>1</DELAY>
  </CatchmentParameters>
  <VegetationZone>
    <VegetationZoneParameters>
      <TT>0.65598997206984855</TT>
      <CFMAX>0.71392492933216045</CFMAX>
      <SP>0.17900761815081159</SP>
      <SFCF>1.1004727004307866</SFCF>
      <CFR>0.0066647743638034718</CFR>
      <CWH>0.02848776247389195</CWH>
      <CFGlacier>0.14254002684627251</CFGlacier>
      <CFSlope>0.27504857070215588</CFSlope>
      <FC>609.043991028758</FC>
      <LP>0.848150654251911</LP>
      <BETA>2.5958146512298419</BETA>
    </VegetationZoneParameters>
  </VegetationZone>
  <SubCatchment>
    <SubCatchmentParameters>
      <KSI>0.0015771869516095095</KSI>
      <KGmin>0.081738024394486644</KGmin>
      <RangeKG>0.16572654606095127</RangeKG>
      <AG>0.0029022531261640176</AG>
      <KInfiltration>0.23966404879891115</KInfiltration>
      <PERC>2.3013580822818698</PERC>
      <Alpha>0</Alpha>
      <UZL>74.308756351834589</UZL>
      <K0>0.27799355490680255</K0>
      <K1>0.21697849534319258</K1>
      <K2>0.0043628778341071924</K2>
      <MAXBAS>1.3595689335148125</MAXBAS>
      <Cet>0</Cet>
      <PCALT>10</PCALT>
      <TCALT>0.6</TCALT>
      <Pelev>3739</Pelev>
      <Telev>3307</Telev>
      <PART>0.5</PART>
      <DELAY>1</DELAY>
    </SubCatchmentParameters>
    <SubCatchmentVegetationZone>
      <SubCatchmentVegetationZoneParameters>
        <TT>0.65598997206984855</TT>
        <CFMAX>0.71392492933216045</CFMAX>
        <SP>0.17900761815081159</SP>
        <SFCF>1.1004727004307866</SFCF>
        <CFR>0.0066647743638034718</CFR>
        <CWH>0.02848776247389195</CWH>
        <CFGlacier>0.14254002684627251</CFGlacier>
        <CFSlope>0.27504857070215588</CFSlope>
        <FC>609.043991028758</FC>
        <LP>0.848150654251911</LP>
        <BETA>2.5958146512298419</BETA>
      </SubCatchmentVegetationZoneParameters>
    </SubCatchmentVegetationZone>
  </SubCatchment>
</Catchment>