<?xml version="1.0" encoding="utf-8"?>
<Catchment xmlns:xsi="http://www.w3.org/2001/XMLSchema-instance" xmlns:xsd="http://www.w3.org/2001/XMLSchema">
  <CatchmentParameters>
    <KSI>0.0013018799145537825</KSI>
    <KGmin>0.13116490354847052</KGmin>
    <RangeKG>0.10000159644764604</RangeKG>
    <AG>0.0018230311191727022</AG>
    <KInfiltration>0.24882472116737614</KInfiltration>
    <PERC>2.2507362714589028</PERC>
    <Alpha>0</Alpha>
    <UZL>47.984634844080766</UZL>
    <K0>0.378701357062796</K0>
    <K1>0.11050836488438021</K1>
    <K2>0.0063664932777396559</K2>
    <MAXBAS>1.6303439234967094</MAXBAS>
    <Cet>0</Cet>
    <PCALT>10</PCALT>
    <TCALT>0.6</TCALT>
    <Pelev>3739</Pelev>
    <Telev>3307</Telev>
    <PART>0.5</PART>
    <DELAY>1</DELAY>
  </CatchmentParameters>
  <VegetationZone>
    <VegetationZoneParameters>
      <TT>0.45474769022336725</TT>
      <CFMAX>0.8858818299899891</CFMAX>
      <SP>0.13599791704174435</SP>
      <SFCF>1.0407349189398973</SFCF>
      <CFR>2.6233841843491548E-05</CFR>
      <CWH>0.044400054508220446</CWH>
      <CFGlacier>0.70569769334950194</CFGlacier>
      <CFSlope>0.28617020070505067</CFSlope>
      <FC>442.95107061277412</FC>
      <LP>0.67754538263031372</LP>
      <BETA>2.1144271402178556</BETA>
    </VegetationZoneParameters>
  </VegetationZone>
  <SubCatchment>
    <SubCatchmentParameters>
      <KSI>0.0013018799145537825</KSI>
      <KGmin>0.13116490354847052</KGmin>
      <RangeKG>0.10000159644764604</RangeKG>
      <AG>0.0018230311191727022</AG>
      <KInfiltration>0.24882472116737614</KInfiltration>
      <PERC>2.2507362714589028</PERC>
      <Alpha>0</Alpha>
      <UZL>47.984634844080766</UZL>
      <K0>0.378701357062796</K0>
      <K1>0.11050836488438021</K1>
      <K2>0.0063664932777396559</K2>
      <MAXBAS>1.6303439234967094</MAXBAS>
      <Cet>0</Cet>
      <PCALT>10</PCALT>
      <TCALT>0.6</TCALT>
      <Pelev>3739</Pelev>
      <Telev>3307</Telev>
      <PART>0.5</PART>
      <DELAY>1</DELAY>
    </SubCatchmentParameters>
    <SubCatchmentVegetationZone>
      <SubCatchmentVegetationZoneParameters>
        <TT>0.45474769022336725</TT>
        <CFMAX>0.8858818299899891</CFMAX>
        <SP>0.13599791704174435</SP>
        <SFCF>1.0407349189398973</SFCF>
        <CFR>2.6233841843491548E-05</CFR>
        <CWH>0.044400054508220446</CWH>
        <CFGlacier>0.70569769334950194</CFGlacier>
        <CFSlope>0.28617020070505067</CFSlope>
        <FC>442.95107061277412</FC>
        <LP>0.67754538263031372</LP>
        <BETA>2.1144271402178556</BETA>
      </SubCatchmentVegetationZoneParameters>
    </SubCatchmentVegetationZone>
  </SubCatchment>
</Catchment>