<?xml version="1.0" encoding="utf-8"?>
<Catchment xmlns:xsi="http://www.w3.org/2001/XMLSchema-instance" xmlns:xsd="http://www.w3.org/2001/XMLSchema">
  <CatchmentParameters>
    <KSI>0.0026298342412068923</KSI>
    <KGmin>0.19997563581509062</KGmin>
    <RangeKG>0.49867722377508178</RangeKG>
    <AG>0.0376356925951723</AG>
    <KInfiltration>0.23744366712036</KInfiltration>
    <PERC>2.0769565149256595</PERC>
    <Alpha>0</Alpha>
    <UZL>37.210325968779443</UZL>
    <K0>0.34028662112457669</K0>
    <K1>0.14937296820182988</K1>
    <K2>0.0065447659090421264</K2>
    <MAXBAS>1.5849861076902108</MAXBAS>
    <Cet>0</Cet>
    <PCALT>10</PCALT>
    <TCALT>0.6</TCALT>
    <Pelev>3739</Pelev>
    <Telev>3307</Telev>
    <PART>0.5</PART>
    <DELAY>1</DELAY>
  </CatchmentParameters>
  <VegetationZone>
    <VegetationZoneParameters>
      <TT>0.843370953287161</TT>
      <CFMAX>1.6591575819603694</CFMAX>
      <SP>-0.30251600013883828</SP>
      <SFCF>1.0083168195410803</SFCF>
      <CFR>0.0308023443435472</CFR>
      <CWH>0.011099630496254852</CWH>
      <CFGlacier>0.66803158114796068</CFGlacier>
      <CFSlope>0.3108199919188751</CFSlope>
      <FC>585.59408853639013</FC>
      <LP>0.51086169379718083</LP>
      <BETA>2.6400498288518679</BETA>
    </VegetationZoneParameters>
  </VegetationZone>
  <SubCatchment>
    <SubCatchmentParameters>
      <KSI>0.0026298342412068923</KSI>
      <KGmin>0.19997563581509062</KGmin>
      <RangeKG>0.49867722377508178</RangeKG>
      <AG>0.0376356925951723</AG>
      <KInfiltration>0.23744366712036</KInfiltration>
      <PERC>2.0769565149256595</PERC>
      <Alpha>0</Alpha>
      <UZL>37.210325968779443</UZL>
      <K0>0.34028662112457669</K0>
      <K1>0.14937296820182988</K1>
      <K2>0.0065447659090421264</K2>
      <MAXBAS>1.5849861076902108</MAXBAS>
      <Cet>0</Cet>
      <PCALT>10</PCALT>
      <TCALT>0.6</TCALT>
      <Pelev>3739</Pelev>
      <Telev>3307</Telev>
      <PART>0.5</PART>
      <DELAY>1</DELAY>
    </SubCatchmentParameters>
    <SubCatchmentVegetationZone>
      <SubCatchmentVegetationZoneParameters>
        <TT>0.843370953287161</TT>
        <CFMAX>1.6591575819603694</CFMAX>
        <SP>-0.30251600013883828</SP>
        <SFCF>1.0083168195410803</SFCF>
        <CFR>0.0308023443435472</CFR>
        <CWH>0.011099630496254852</CWH>
        <CFGlacier>0.66803158114796068</CFGlacier>
        <CFSlope>0.3108199919188751</CFSlope>
        <FC>585.59408853639013</FC>
        <LP>0.51086169379718083</LP>
        <BETA>2.6400498288518679</BETA>
      </SubCatchmentVegetationZoneParameters>
    </SubCatchmentVegetationZone>
  </SubCatchment>
</Catchment>