<?xml version="1.0" encoding="utf-8"?>
<Catchment xmlns:xsi="http://www.w3.org/2001/XMLSchema-instance" xmlns:xsd="http://www.w3.org/2001/XMLSchema">
  <CatchmentParameters>
    <KSI>0.0023067282445155134</KSI>
    <KGmin>0.18109242892261118</KGmin>
    <RangeKG>0.37195066314781644</RangeKG>
    <AG>0.16395263782588754</AG>
    <KInfiltration>0.26999663644116345</KInfiltration>
    <PERC>1.8073422619971307</PERC>
    <Alpha>0</Alpha>
    <UZL>35.586644654495338</UZL>
    <K0>0.306108103195038</K0>
    <K1>0.15669570344746803</K1>
    <K2>0.00644683680596584</K2>
    <MAXBAS>1.6249740444392173</MAXBAS>
    <Cet>0</Cet>
    <PCALT>10</PCALT>
    <TCALT>0.6</TCALT>
    <Pelev>3739</Pelev>
    <Telev>3307</Telev>
    <PART>0.5</PART>
    <DELAY>1</DELAY>
  </CatchmentParameters>
  <VegetationZone>
    <VegetationZoneParameters>
      <TT>-0.54400533489618308</TT>
      <CFMAX>1.0901959904748455</CFMAX>
      <SP>-0.37697093992327357</SP>
      <SFCF>1.0439358009903725</SFCF>
      <CFR>0.093413924075502308</CFR>
      <CWH>0.042262706314571609</CWH>
      <CFGlacier>0.9536961031864204</CFGlacier>
      <CFSlope>0.31204695582069397</CFSlope>
      <FC>490.11445722161619</FC>
      <LP>0.57587409443506743</LP>
      <BETA>3.1466764266798721</BETA>
    </VegetationZoneParameters>
  </VegetationZone>
  <SubCatchment>
    <SubCatchmentParameters>
      <KSI>0.0023067282445155134</KSI>
      <KGmin>0.18109242892261118</KGmin>
      <RangeKG>0.37195066314781644</RangeKG>
      <AG>0.16395263782588754</AG>
      <KInfiltration>0.26999663644116345</KInfiltration>
      <PERC>1.8073422619971307</PERC>
      <Alpha>0</Alpha>
      <UZL>35.586644654495338</UZL>
      <K0>0.306108103195038</K0>
      <K1>0.15669570344746803</K1>
      <K2>0.00644683680596584</K2>
      <MAXBAS>1.6249740444392173</MAXBAS>
      <Cet>0</Cet>
      <PCALT>10</PCALT>
      <TCALT>0.6</TCALT>
      <Pelev>3739</Pelev>
      <Telev>3307</Telev>
      <PART>0.5</PART>
      <DELAY>1</DELAY>
    </SubCatchmentParameters>
    <SubCatchmentVegetationZone>
      <SubCatchmentVegetationZoneParameters>
        <TT>-0.54400533489618308</TT>
        <CFMAX>1.0901959904748455</CFMAX>
        <SP>-0.37697093992327357</SP>
        <SFCF>1.0439358009903725</SFCF>
        <CFR>0.093413924075502308</CFR>
        <CWH>0.042262706314571609</CWH>
        <CFGlacier>0.9536961031864204</CFGlacier>
        <CFSlope>0.31204695582069397</CFSlope>
        <FC>490.11445722161619</FC>
        <LP>0.57587409443506743</LP>
        <BETA>3.1466764266798721</BETA>
      </SubCatchmentVegetationZoneParameters>
    </SubCatchmentVegetationZone>
  </SubCatchment>
</Catchment>