<?xml version="1.0" encoding="utf-8"?>
<Catchment xmlns:xsi="http://www.w3.org/2001/XMLSchema-instance" xmlns:xsd="http://www.w3.org/2001/XMLSchema">
  <CatchmentParameters>
    <KSI>0.0013735677511972375</KSI>
    <KGmin>0.091400763972070476</KGmin>
    <RangeKG>0.10034706969201761</RangeKG>
    <AG>0.917396503477647</AG>
    <KInfiltration>0.46741879687820981</KInfiltration>
    <PERC>2.2245328620075635</PERC>
    <Alpha>0</Alpha>
    <UZL>70.811519539776</UZL>
    <K0>0.47271503734922066</K0>
    <K1>0.077159585838124184</K1>
    <K2>0.0085800211939598327</K2>
    <MAXBAS>1.5505126457950185</MAXBAS>
    <Cet>0</Cet>
    <PCALT>10</PCALT>
    <TCALT>0.6</TCALT>
    <Pelev>3739</Pelev>
    <Telev>3307</Telev>
    <PART>0.5</PART>
    <DELAY>1</DELAY>
  </CatchmentParameters>
  <VegetationZone>
    <VegetationZoneParameters>
      <TT>0.58087785186703178</TT>
      <CFMAX>1.3976804982372197</CFMAX>
      <SP>-0.24743080732139414</SP>
      <SFCF>1.098638575829743</SFCF>
      <CFR>0.088507205273584924</CFR>
      <CWH>0.013137803714433518</CWH>
      <CFGlacier>0.86933260860527684</CFGlacier>
      <CFSlope>0.2448416807750439</CFSlope>
      <FC>490.58430532525813</FC>
      <LP>0.70222973778850717</LP>
      <BETA>2.0194409493832941</BETA>
    </VegetationZoneParameters>
  </VegetationZone>
  <SubCatchment>
    <SubCatchmentParameters>
      <KSI>0.0013735677511972375</KSI>
      <KGmin>0.091400763972070476</KGmin>
      <RangeKG>0.10034706969201761</RangeKG>
      <AG>0.917396503477647</AG>
      <KInfiltration>0.46741879687820981</KInfiltration>
      <PERC>2.2245328620075635</PERC>
      <Alpha>0</Alpha>
      <UZL>70.811519539776</UZL>
      <K0>0.47271503734922066</K0>
      <K1>0.077159585838124184</K1>
      <K2>0.0085800211939598327</K2>
      <MAXBAS>1.5505126457950185</MAXBAS>
      <Cet>0</Cet>
      <PCALT>10</PCALT>
      <TCALT>0.6</TCALT>
      <Pelev>3739</Pelev>
      <Telev>3307</Telev>
      <PART>0.5</PART>
      <DELAY>1</DELAY>
    </SubCatchmentParameters>
    <SubCatchmentVegetationZone>
      <SubCatchmentVegetationZoneParameters>
        <TT>0.58087785186703178</TT>
        <CFMAX>1.3976804982372197</CFMAX>
        <SP>-0.24743080732139414</SP>
        <SFCF>1.098638575829743</SFCF>
        <CFR>0.088507205273584924</CFR>
        <CWH>0.013137803714433518</CWH>
        <CFGlacier>0.86933260860527684</CFGlacier>
        <CFSlope>0.2448416807750439</CFSlope>
        <FC>490.58430532525813</FC>
        <LP>0.70222973778850717</LP>
        <BETA>2.0194409493832941</BETA>
      </SubCatchmentVegetationZoneParameters>
    </SubCatchmentVegetationZone>
  </SubCatchment>
</Catchment>