<?xml version="1.0" encoding="utf-8"?>
<Catchment xmlns:xsi="http://www.w3.org/2001/XMLSchema-instance" xmlns:xsd="http://www.w3.org/2001/XMLSchema">
  <CatchmentParameters>
    <KSI>0.0014443084783905176</KSI>
    <KGmin>0.13904690745607815</KGmin>
    <RangeKG>0.10000080563275564</RangeKG>
    <AG>0.99880892395879539</AG>
    <KInfiltration>0.19584294863506319</KInfiltration>
    <PERC>3.1395375394334861</PERC>
    <Alpha>0</Alpha>
    <UZL>56.775385386956636</UZL>
    <K0>0.25676298920074919</K0>
    <K1>0.18803838555120286</K1>
    <K2>0.0057410913842543473</K2>
    <MAXBAS>1.2359415457717538</MAXBAS>
    <Cet>0</Cet>
    <PCALT>10</PCALT>
    <TCALT>0.6</TCALT>
    <Pelev>3739</Pelev>
    <Telev>3307</Telev>
    <PART>0.5</PART>
    <DELAY>1</DELAY>
  </CatchmentParameters>
  <VegetationZone>
    <VegetationZoneParameters>
      <TT>0.76882678947120109</TT>
      <CFMAX>1.1950636064939926</CFMAX>
      <SP>-0.19453333987123628</SP>
      <SFCF>1.1437649074139518</SFCF>
      <CFR>0.053964820925267325</CFR>
      <CWH>0.017191436587441496</CWH>
      <CFGlacier>0.064967009647360741</CFGlacier>
      <CFSlope>0.24289016425405441</CFSlope>
      <FC>449.33113508258782</FC>
      <LP>0.42521441972292373</LP>
      <BETA>1.1331843535019026</BETA>
    </VegetationZoneParameters>
  </VegetationZone>
  <SubCatchment>
    <SubCatchmentParameters>
      <KSI>0.0014443084783905176</KSI>
      <KGmin>0.13904690745607815</KGmin>
      <RangeKG>0.10000080563275564</RangeKG>
      <AG>0.99880892395879539</AG>
      <KInfiltration>0.19584294863506319</KInfiltration>
      <PERC>3.1395375394334861</PERC>
      <Alpha>0</Alpha>
      <UZL>56.775385386956636</UZL>
      <K0>0.25676298920074919</K0>
      <K1>0.18803838555120286</K1>
      <K2>0.0057410913842543473</K2>
      <MAXBAS>1.2359415457717538</MAXBAS>
      <Cet>0</Cet>
      <PCALT>10</PCALT>
      <TCALT>0.6</TCALT>
      <Pelev>3739</Pelev>
      <Telev>3307</Telev>
      <PART>0.5</PART>
      <DELAY>1</DELAY>
    </SubCatchmentParameters>
    <SubCatchmentVegetationZone>
      <SubCatchmentVegetationZoneParameters>
        <TT>0.76882678947120109</TT>
        <CFMAX>1.1950636064939926</CFMAX>
        <SP>-0.19453333987123628</SP>
        <SFCF>1.1437649074139518</SFCF>
        <CFR>0.053964820925267325</CFR>
        <CWH>0.017191436587441496</CWH>
        <CFGlacier>0.064967009647360741</CFGlacier>
        <CFSlope>0.24289016425405441</CFSlope>
        <FC>449.33113508258782</FC>
        <LP>0.42521441972292373</LP>
        <BETA>1.1331843535019026</BETA>
      </SubCatchmentVegetationZoneParameters>
    </SubCatchmentVegetationZone>
  </SubCatchment>
</Catchment>