<?xml version="1.0" encoding="utf-8"?>
<Catchment xmlns:xsi="http://www.w3.org/2001/XMLSchema-instance" xmlns:xsd="http://www.w3.org/2001/XMLSchema">
  <CatchmentParameters>
    <KSI>0.0015791889831078337</KSI>
    <KGmin>0.12209427890385313</KGmin>
    <RangeKG>0.10000036154473288</RangeKG>
    <AG>0.25095010168366882</AG>
    <KInfiltration>0.53137005919382829</KInfiltration>
    <PERC>2.1931205771773827</PERC>
    <Alpha>0</Alpha>
    <UZL>20.343143502734012</UZL>
    <K0>0.82424016842075354</K0>
    <K1>0.23063619750308345</K1>
    <K2>0.0044917068224431126</K2>
    <MAXBAS>1.8637911400511769</MAXBAS>
    <Cet>0</Cet>
    <PCALT>10</PCALT>
    <TCALT>0.6</TCALT>
    <Pelev>3739</Pelev>
    <Telev>3307</Telev>
    <PART>0.5</PART>
    <DELAY>1</DELAY>
  </CatchmentParameters>
  <VegetationZone>
    <VegetationZoneParameters>
      <TT>1.6449202587695144</TT>
      <CFMAX>1.9718486339576331</CFMAX>
      <SP>-0.56978731531588167</SP>
      <SFCF>1.2251779020318578</SFCF>
      <CFR>0.08466075726657471</CFR>
      <CWH>0.020481809204750834</CWH>
      <CFGlacier>0.075369649731598667</CFGlacier>
      <CFSlope>0.20306056642993939</CFSlope>
      <FC>441.34010179860081</FC>
      <LP>0.74674238408328553</LP>
      <BETA>3.1645025568962213</BETA>
    </VegetationZoneParameters>
  </VegetationZone>
  <SubCatchment>
    <SubCatchmentParameters>
      <KSI>0.0015791889831078337</KSI>
      <KGmin>0.12209427890385313</KGmin>
      <RangeKG>0.10000036154473288</RangeKG>
      <AG>0.25095010168366882</AG>
      <KInfiltration>0.53137005919382829</KInfiltration>
      <PERC>2.1931205771773827</PERC>
      <Alpha>0</Alpha>
      <UZL>20.343143502734012</UZL>
      <K0>0.82424016842075354</K0>
      <K1>0.23063619750308345</K1>
      <K2>0.0044917068224431126</K2>
      <MAXBAS>1.8637911400511769</MAXBAS>
      <Cet>0</Cet>
      <PCALT>10</PCALT>
      <TCALT>0.6</TCALT>
      <Pelev>3739</Pelev>
      <Telev>3307</Telev>
      <PART>0.5</PART>
      <DELAY>1</DELAY>
    </SubCatchmentParameters>
    <SubCatchmentVegetationZone>
      <SubCatchmentVegetationZoneParameters>
        <TT>1.6449202587695144</TT>
        <CFMAX>1.9718486339576331</CFMAX>
        <SP>-0.56978731531588167</SP>
        <SFCF>1.2251779020318578</SFCF>
        <CFR>0.08466075726657471</CFR>
        <CWH>0.020481809204750834</CWH>
        <CFGlacier>0.075369649731598667</CFGlacier>
        <CFSlope>0.20306056642993939</CFSlope>
        <FC>441.34010179860081</FC>
        <LP>0.74674238408328553</LP>
        <BETA>3.1645025568962213</BETA>
      </SubCatchmentVegetationZoneParameters>
    </SubCatchmentVegetationZone>
  </SubCatchment>
</Catchment>