<?xml version="1.0" encoding="utf-8"?>
<Catchment xmlns:xsi="http://www.w3.org/2001/XMLSchema-instance" xmlns:xsd="http://www.w3.org/2001/XMLSchema">
  <CatchmentParameters>
    <KSI>0.0023807320781011132</KSI>
    <KGmin>0.19999855418038848</KGmin>
    <RangeKG>0.26835244212127563</RangeKG>
    <AG>0.28432124169840778</AG>
    <KInfiltration>0.42204490960991753</KInfiltration>
    <PERC>2.0914478932589446</PERC>
    <Alpha>0</Alpha>
    <UZL>73.268725946109782</UZL>
    <K0>0.52261646698614994</K0>
    <K1>0.082000362008646063</K1>
    <K2>0.0060104706402373444</K2>
    <MAXBAS>1.639993471687702</MAXBAS>
    <Cet>0</Cet>
    <PCALT>10</PCALT>
    <TCALT>0.6</TCALT>
    <Pelev>3739</Pelev>
    <Telev>3307</Telev>
    <PART>0.5</PART>
    <DELAY>1</DELAY>
  </CatchmentParameters>
  <VegetationZone>
    <VegetationZoneParameters>
      <TT>0.669466891310675</TT>
      <CFMAX>1.0628852158890645</CFMAX>
      <SP>0.17314637807735323</SP>
      <SFCF>1.0732425044418705</SFCF>
      <CFR>0.018342819005779339</CFR>
      <CWH>0.06028931878898066</CWH>
      <CFGlacier>0.59169702930157375</CFGlacier>
      <CFSlope>0.25388508531830389</CFSlope>
      <FC>559.647018718761</FC>
      <LP>0.66454406432809476</LP>
      <BETA>1.9691979930022954</BETA>
    </VegetationZoneParameters>
  </VegetationZone>
  <SubCatchment>
    <SubCatchmentParameters>
      <KSI>0.0023807320781011132</KSI>
      <KGmin>0.19999855418038848</KGmin>
      <RangeKG>0.26835244212127563</RangeKG>
      <AG>0.28432124169840778</AG>
      <KInfiltration>0.42204490960991753</KInfiltration>
      <PERC>2.0914478932589446</PERC>
      <Alpha>0</Alpha>
      <UZL>73.268725946109782</UZL>
      <K0>0.52261646698614994</K0>
      <K1>0.082000362008646063</K1>
      <K2>0.0060104706402373444</K2>
      <MAXBAS>1.639993471687702</MAXBAS>
      <Cet>0</Cet>
      <PCALT>10</PCALT>
      <TCALT>0.6</TCALT>
      <Pelev>3739</Pelev>
      <Telev>3307</Telev>
      <PART>0.5</PART>
      <DELAY>1</DELAY>
    </SubCatchmentParameters>
    <SubCatchmentVegetationZone>
      <SubCatchmentVegetationZoneParameters>
        <TT>0.669466891310675</TT>
        <CFMAX>1.0628852158890645</CFMAX>
        <SP>0.17314637807735323</SP>
        <SFCF>1.0732425044418705</SFCF>
        <CFR>0.018342819005779339</CFR>
        <CWH>0.06028931878898066</CWH>
        <CFGlacier>0.59169702930157375</CFGlacier>
        <CFSlope>0.25388508531830389</CFSlope>
        <FC>559.647018718761</FC>
        <LP>0.66454406432809476</LP>
        <BETA>1.9691979930022954</BETA>
      </SubCatchmentVegetationZoneParameters>
    </SubCatchmentVegetationZone>
  </SubCatchment>
</Catchment>