<?xml version="1.0" encoding="utf-8"?>
<Catchment xmlns:xsi="http://www.w3.org/2001/XMLSchema-instance" xmlns:xsd="http://www.w3.org/2001/XMLSchema">
  <CatchmentParameters>
    <KSI>0.00186723949504023</KSI>
    <KGmin>0.058198186936545965</KGmin>
    <RangeKG>0.14126324488253969</RangeKG>
    <AG>0.0096545053341046839</AG>
    <KInfiltration>0.4384041693527751</KInfiltration>
    <PERC>2.6930750303560931</PERC>
    <Alpha>0</Alpha>
    <UZL>39.400957985103709</UZL>
    <K0>0.61363216521556041</K0>
    <K1>0.13971053522654403</K1>
    <K2>0.0080452009578694</K2>
    <MAXBAS>2.0488812292348948</MAXBAS>
    <Cet>0</Cet>
    <PCALT>10</PCALT>
    <TCALT>0.6</TCALT>
    <Pelev>3739</Pelev>
    <Telev>3307</Telev>
    <PART>0.5</PART>
    <DELAY>1</DELAY>
  </CatchmentParameters>
  <VegetationZone>
    <VegetationZoneParameters>
      <TT>-0.35403253008709012</TT>
      <CFMAX>0.68882808318181654</CFMAX>
      <SP>-0.36255557601655236</SP>
      <SFCF>1.2296429455950846</SFCF>
      <CFR>2.605135758821861E-05</CFR>
      <CWH>0.078888413949471659</CWH>
      <CFGlacier>0.87494520996154668</CFGlacier>
      <CFSlope>0.17212873170306595</CFSlope>
      <FC>342.57591310194039</FC>
      <LP>0.65652281663107781</LP>
      <BETA>2.4632377405271408</BETA>
    </VegetationZoneParameters>
  </VegetationZone>
  <SubCatchment>
    <SubCatchmentParameters>
      <KSI>0.00186723949504023</KSI>
      <KGmin>0.058198186936545965</KGmin>
      <RangeKG>0.14126324488253969</RangeKG>
      <AG>0.0096545053341046839</AG>
      <KInfiltration>0.4384041693527751</KInfiltration>
      <PERC>2.6930750303560931</PERC>
      <Alpha>0</Alpha>
      <UZL>39.400957985103709</UZL>
      <K0>0.61363216521556041</K0>
      <K1>0.13971053522654403</K1>
      <K2>0.0080452009578694</K2>
      <MAXBAS>2.0488812292348948</MAXBAS>
      <Cet>0</Cet>
      <PCALT>10</PCALT>
      <TCALT>0.6</TCALT>
      <Pelev>3739</Pelev>
      <Telev>3307</Telev>
      <PART>0.5</PART>
      <DELAY>1</DELAY>
    </SubCatchmentParameters>
    <SubCatchmentVegetationZone>
      <SubCatchmentVegetationZoneParameters>
        <TT>-0.35403253008709012</TT>
        <CFMAX>0.68882808318181654</CFMAX>
        <SP>-0.36255557601655236</SP>
        <SFCF>1.2296429455950846</SFCF>
        <CFR>2.605135758821861E-05</CFR>
        <CWH>0.078888413949471659</CWH>
        <CFGlacier>0.87494520996154668</CFGlacier>
        <CFSlope>0.17212873170306595</CFSlope>
        <FC>342.57591310194039</FC>
        <LP>0.65652281663107781</LP>
        <BETA>2.4632377405271408</BETA>
      </SubCatchmentVegetationZoneParameters>
    </SubCatchmentVegetationZone>
  </SubCatchment>
</Catchment>