<?xml version="1.0" encoding="utf-8"?>
<Catchment xmlns:xsi="http://www.w3.org/2001/XMLSchema-instance" xmlns:xsd="http://www.w3.org/2001/XMLSchema">
  <CatchmentParameters>
    <KSI>0.0026409956363376338</KSI>
    <KGmin>0.071171736344822073</KGmin>
    <RangeKG>0.11021883553535819</RangeKG>
    <AG>0.0083631974972454316</AG>
    <KInfiltration>0.23786712094373358</KInfiltration>
    <PERC>1.6733740615742472</PERC>
    <Alpha>0</Alpha>
    <UZL>31.13132242505187</UZL>
    <K0>0.38322712815789872</K0>
    <K1>0.15778923602410414</K1>
    <K2>0.0032682538971981604</K2>
    <MAXBAS>1.6580552920679179</MAXBAS>
    <Cet>0</Cet>
    <PCALT>10</PCALT>
    <TCALT>0.6</TCALT>
    <Pelev>3739</Pelev>
    <Telev>3307</Telev>
    <PART>0.5</PART>
    <DELAY>1</DELAY>
  </CatchmentParameters>
  <VegetationZone>
    <VegetationZoneParameters>
      <TT>0.40921599070654269</TT>
      <CFMAX>1.1726990945387215</CFMAX>
      <SP>-0.23482480081452933</SP>
      <SFCF>1.0414063129663245</SFCF>
      <CFR>0.0086426072869580962</CFR>
      <CWH>0.08750350391318118</CWH>
      <CFGlacier>0.69461250392686047</CFGlacier>
      <CFSlope>0.26674644818263149</CFSlope>
      <FC>544.40263766268276</FC>
      <LP>0.552674401106672</LP>
      <BETA>2.5857330977839483</BETA>
    </VegetationZoneParameters>
  </VegetationZone>
  <SubCatchment>
    <SubCatchmentParameters>
      <KSI>0.0026409956363376338</KSI>
      <KGmin>0.071171736344822073</KGmin>
      <RangeKG>0.11021883553535819</RangeKG>
      <AG>0.0083631974972454316</AG>
      <KInfiltration>0.23786712094373358</KInfiltration>
      <PERC>1.6733740615742472</PERC>
      <Alpha>0</Alpha>
      <UZL>31.13132242505187</UZL>
      <K0>0.38322712815789872</K0>
      <K1>0.15778923602410414</K1>
      <K2>0.0032682538971981604</K2>
      <MAXBAS>1.6580552920679179</MAXBAS>
      <Cet>0</Cet>
      <PCALT>10</PCALT>
      <TCALT>0.6</TCALT>
      <Pelev>3739</Pelev>
      <Telev>3307</Telev>
      <PART>0.5</PART>
      <DELAY>1</DELAY>
    </SubCatchmentParameters>
    <SubCatchmentVegetationZone>
      <SubCatchmentVegetationZoneParameters>
        <TT>0.40921599070654269</TT>
        <CFMAX>1.1726990945387215</CFMAX>
        <SP>-0.23482480081452933</SP>
        <SFCF>1.0414063129663245</SFCF>
        <CFR>0.0086426072869580962</CFR>
        <CWH>0.08750350391318118</CWH>
        <CFGlacier>0.69461250392686047</CFGlacier>
        <CFSlope>0.26674644818263149</CFSlope>
        <FC>544.40263766268276</FC>
        <LP>0.552674401106672</LP>
        <BETA>2.5857330977839483</BETA>
      </SubCatchmentVegetationZoneParameters>
    </SubCatchmentVegetationZone>
  </SubCatchment>
</Catchment>