<?xml version="1.0" encoding="utf-8"?>
<Catchment xmlns:xsi="http://www.w3.org/2001/XMLSchema-instance" xmlns:xsd="http://www.w3.org/2001/XMLSchema">
  <CatchmentParameters>
    <KSI>0.0029999906066477365</KSI>
    <KGmin>0.0628918811141811</KGmin>
    <RangeKG>0.10000135893761894</RangeKG>
    <AG>0.2318715889918902</AG>
    <KInfiltration>0.4181754535010912</KInfiltration>
    <PERC>2.1116271638376953</PERC>
    <Alpha>0</Alpha>
    <UZL>68.528093079599188</UZL>
    <K0>0.43307300176240132</K0>
    <K1>0.082973399949565763</K1>
    <K2>0.0074259161481133465</K2>
    <MAXBAS>1.3449954244098088</MAXBAS>
    <Cet>0</Cet>
    <PCALT>10</PCALT>
    <TCALT>0.6</TCALT>
    <Pelev>3739</Pelev>
    <Telev>3307</Telev>
    <PART>0.5</PART>
    <DELAY>1</DELAY>
  </CatchmentParameters>
  <VegetationZone>
    <VegetationZoneParameters>
      <TT>0.47269180748251038</TT>
      <CFMAX>1.3456460524029466</CFMAX>
      <SP>-0.18329143492746361</SP>
      <SFCF>1.0538132457634173</SFCF>
      <CFR>0.056250669821150692</CFR>
      <CWH>0.033209253246664724</CWH>
      <CFGlacier>0.72787752968734709</CFGlacier>
      <CFSlope>0.267884428010123</CFSlope>
      <FC>499.34554247472323</FC>
      <LP>0.6135365385847511</LP>
      <BETA>2.1555413507244192</BETA>
    </VegetationZoneParameters>
  </VegetationZone>
  <SubCatchment>
    <SubCatchmentParameters>
      <KSI>0.0029999906066477365</KSI>
      <KGmin>0.0628918811141811</KGmin>
      <RangeKG>0.10000135893761894</RangeKG>
      <AG>0.2318715889918902</AG>
      <KInfiltration>0.4181754535010912</KInfiltration>
      <PERC>2.1116271638376953</PERC>
      <Alpha>0</Alpha>
      <UZL>68.528093079599188</UZL>
      <K0>0.43307300176240132</K0>
      <K1>0.082973399949565763</K1>
      <K2>0.0074259161481133465</K2>
      <MAXBAS>1.3449954244098088</MAXBAS>
      <Cet>0</Cet>
      <PCALT>10</PCALT>
      <TCALT>0.6</TCALT>
      <Pelev>3739</Pelev>
      <Telev>3307</Telev>
      <PART>0.5</PART>
      <DELAY>1</DELAY>
    </SubCatchmentParameters>
    <SubCatchmentVegetationZone>
      <SubCatchmentVegetationZoneParameters>
        <TT>0.47269180748251038</TT>
        <CFMAX>1.3456460524029466</CFMAX>
        <SP>-0.18329143492746361</SP>
        <SFCF>1.0538132457634173</SFCF>
        <CFR>0.056250669821150692</CFR>
        <CWH>0.033209253246664724</CWH>
        <CFGlacier>0.72787752968734709</CFGlacier>
        <CFSlope>0.267884428010123</CFSlope>
        <FC>499.34554247472323</FC>
        <LP>0.6135365385847511</LP>
        <BETA>2.1555413507244192</BETA>
      </SubCatchmentVegetationZoneParameters>
    </SubCatchmentVegetationZone>
  </SubCatchment>
</Catchment>