<?xml version="1.0" encoding="utf-8"?>
<Catchment xmlns:xsi="http://www.w3.org/2001/XMLSchema-instance" xmlns:xsd="http://www.w3.org/2001/XMLSchema">
  <CatchmentParameters>
    <KSI>0.0020406430355241903</KSI>
    <KGmin>0.19943798063685286</KGmin>
    <RangeKG>0.10000254015543503</RangeKG>
    <AG>0.993599528349549</AG>
    <KInfiltration>0.70473455497896853</KInfiltration>
    <PERC>1.9322089588506644</PERC>
    <Alpha>0</Alpha>
    <UZL>28.520225645588319</UZL>
    <K0>0.98991406044336827</K0>
    <K1>0.16654326220906529</K1>
    <K2>0.0069519839249587876</K2>
    <MAXBAS>1.8649974990350509</MAXBAS>
    <Cet>0</Cet>
    <PCALT>10</PCALT>
    <TCALT>0.6</TCALT>
    <Pelev>3739</Pelev>
    <Telev>3307</Telev>
    <PART>0.5</PART>
    <DELAY>1</DELAY>
  </CatchmentParameters>
  <VegetationZone>
    <VegetationZoneParameters>
      <TT>-0.71602706576520792</TT>
      <CFMAX>0.9227887863939972</CFMAX>
      <SP>-0.2493780169267808</SP>
      <SFCF>1.0143015112801417</SFCF>
      <CFR>0.056082227729387979</CFR>
      <CWH>0.075566982303679822</CWH>
      <CFGlacier>0.12090147063861102</CFGlacier>
      <CFSlope>0.35768463690743274</CFSlope>
      <FC>361.72788832222386</FC>
      <LP>0.6918017887976996</LP>
      <BETA>3.618697555638676</BETA>
    </VegetationZoneParameters>
  </VegetationZone>
  <SubCatchment>
    <SubCatchmentParameters>
      <KSI>0.0020406430355241903</KSI>
      <KGmin>0.19943798063685286</KGmin>
      <RangeKG>0.10000254015543503</RangeKG>
      <AG>0.993599528349549</AG>
      <KInfiltration>0.70473455497896853</KInfiltration>
      <PERC>1.9322089588506644</PERC>
      <Alpha>0</Alpha>
      <UZL>28.520225645588319</UZL>
      <K0>0.98991406044336827</K0>
      <K1>0.16654326220906529</K1>
      <K2>0.0069519839249587876</K2>
      <MAXBAS>1.8649974990350509</MAXBAS>
      <Cet>0</Cet>
      <PCALT>10</PCALT>
      <TCALT>0.6</TCALT>
      <Pelev>3739</Pelev>
      <Telev>3307</Telev>
      <PART>0.5</PART>
      <DELAY>1</DELAY>
    </SubCatchmentParameters>
    <SubCatchmentVegetationZone>
      <SubCatchmentVegetationZoneParameters>
        <TT>-0.71602706576520792</TT>
        <CFMAX>0.9227887863939972</CFMAX>
        <SP>-0.2493780169267808</SP>
        <SFCF>1.0143015112801417</SFCF>
        <CFR>0.056082227729387979</CFR>
        <CWH>0.075566982303679822</CWH>
        <CFGlacier>0.12090147063861102</CFGlacier>
        <CFSlope>0.35768463690743274</CFSlope>
        <FC>361.72788832222386</FC>
        <LP>0.6918017887976996</LP>
        <BETA>3.618697555638676</BETA>
      </SubCatchmentVegetationZoneParameters>
    </SubCatchmentVegetationZone>
  </SubCatchment>
</Catchment>