<?xml version="1.0" encoding="utf-8"?>
<Catchment xmlns:xsi="http://www.w3.org/2001/XMLSchema-instance" xmlns:xsd="http://www.w3.org/2001/XMLSchema">
  <CatchmentParameters>
    <KSI>0.0022960255062964767</KSI>
    <KGmin>0.18428042375945902</KGmin>
    <RangeKG>0.10859118368233434</RangeKG>
    <AG>0.0031735887407234055</AG>
    <KInfiltration>0.50258550455199191</KInfiltration>
    <PERC>4.7053262844022408</PERC>
    <Alpha>0</Alpha>
    <UZL>70.23578201316343</UZL>
    <K0>0.35433612905655787</K0>
    <K1>0.32135624632046056</K1>
    <K2>0.0066944185012767473</K2>
    <MAXBAS>1.4163602342892012</MAXBAS>
    <Cet>0</Cet>
    <PCALT>10</PCALT>
    <TCALT>0.6</TCALT>
    <Pelev>3739</Pelev>
    <Telev>3307</Telev>
    <PART>0.5</PART>
    <DELAY>1</DELAY>
  </CatchmentParameters>
  <VegetationZone>
    <VegetationZoneParameters>
      <TT>-0.51600206925712688</TT>
      <CFMAX>2.7862046721390086</CFMAX>
      <SP>-0.38471136404213363</SP>
      <SFCF>1.0854639953148959</SFCF>
      <CFR>0.045912404570117867</CFR>
      <CWH>0.032992916852501768</CWH>
      <CFGlacier>0.017206218831767473</CFGlacier>
      <CFSlope>0.84418149432352607</CFSlope>
      <FC>533.29125478271658</FC>
      <LP>0.45742973102009782</LP>
      <BETA>2.5099610267072561</BETA>
    </VegetationZoneParameters>
  </VegetationZone>
  <SubCatchment>
    <SubCatchmentParameters>
      <KSI>0.0022960255062964767</KSI>
      <KGmin>0.18428042375945902</KGmin>
      <RangeKG>0.10859118368233434</RangeKG>
      <AG>0.0031735887407234055</AG>
      <KInfiltration>0.50258550455199191</KInfiltration>
      <PERC>4.7053262844022408</PERC>
      <Alpha>0</Alpha>
      <UZL>70.23578201316343</UZL>
      <K0>0.35433612905655787</K0>
      <K1>0.32135624632046056</K1>
      <K2>0.0066944185012767473</K2>
      <MAXBAS>1.4163602342892012</MAXBAS>
      <Cet>0</Cet>
      <PCALT>10</PCALT>
      <TCALT>0.6</TCALT>
      <Pelev>3739</Pelev>
      <Telev>3307</Telev>
      <PART>0.5</PART>
      <DELAY>1</DELAY>
    </SubCatchmentParameters>
    <SubCatchmentVegetationZone>
      <SubCatchmentVegetationZoneParameters>
        <TT>-0.51600206925712688</TT>
        <CFMAX>2.7862046721390086</CFMAX>
        <SP>-0.38471136404213363</SP>
        <SFCF>1.0854639953148959</SFCF>
        <CFR>0.045912404570117867</CFR>
        <CWH>0.032992916852501768</CWH>
        <CFGlacier>0.017206218831767473</CFGlacier>
        <CFSlope>0.84418149432352607</CFSlope>
        <FC>533.29125478271658</FC>
        <LP>0.45742973102009782</LP>
        <BETA>2.5099610267072561</BETA>
      </SubCatchmentVegetationZoneParameters>
    </SubCatchmentVegetationZone>
  </SubCatchment>
</Catchment>