<?xml version="1.0" encoding="utf-8"?>
<Catchment xmlns:xsi="http://www.w3.org/2001/XMLSchema-instance" xmlns:xsd="http://www.w3.org/2001/XMLSchema">
  <CatchmentParameters>
    <KSI>0.0020311320222059412</KSI>
    <KGmin>0.19024225394022276</KGmin>
    <RangeKG>0.10000033239160781</RangeKG>
    <AG>0.85764503999430075</AG>
    <KInfiltration>0.20055079931138611</KInfiltration>
    <PERC>2.3652150819787643</PERC>
    <Alpha>0</Alpha>
    <UZL>22.309553719719936</UZL>
    <K0>0.98996131933557419</K0>
    <K1>0.124325319574265</K1>
    <K2>0.0051409405560173607</K2>
    <MAXBAS>1.7430439816444745</MAXBAS>
    <Cet>0</Cet>
    <PCALT>10</PCALT>
    <TCALT>0.6</TCALT>
    <Pelev>3739</Pelev>
    <Telev>3307</Telev>
    <PART>0.5</PART>
    <DELAY>1</DELAY>
  </CatchmentParameters>
  <VegetationZone>
    <VegetationZoneParameters>
      <TT>0.60851318538436061</TT>
      <CFMAX>0.92662801909653292</CFMAX>
      <SP>-0.099826061348432818</SP>
      <SFCF>1.104385802677184</SFCF>
      <CFR>0.014825508772504997</CFR>
      <CWH>0.021514726860963146</CWH>
      <CFGlacier>0.080618927791036882</CFGlacier>
      <CFSlope>0.31892094456225656</CFSlope>
      <FC>622.16154034409453</FC>
      <LP>0.81710754030826249</LP>
      <BETA>3.8915081125248023</BETA>
    </VegetationZoneParameters>
  </VegetationZone>
  <SubCatchment>
    <SubCatchmentParameters>
      <KSI>0.0020311320222059412</KSI>
      <KGmin>0.19024225394022276</KGmin>
      <RangeKG>0.10000033239160781</RangeKG>
      <AG>0.85764503999430075</AG>
      <KInfiltration>0.20055079931138611</KInfiltration>
      <PERC>2.3652150819787643</PERC>
      <Alpha>0</Alpha>
      <UZL>22.309553719719936</UZL>
      <K0>0.98996131933557419</K0>
      <K1>0.124325319574265</K1>
      <K2>0.0051409405560173607</K2>
      <MAXBAS>1.7430439816444745</MAXBAS>
      <Cet>0</Cet>
      <PCALT>10</PCALT>
      <TCALT>0.6</TCALT>
      <Pelev>3739</Pelev>
      <Telev>3307</Telev>
      <PART>0.5</PART>
      <DELAY>1</DELAY>
    </SubCatchmentParameters>
    <SubCatchmentVegetationZone>
      <SubCatchmentVegetationZoneParameters>
        <TT>0.60851318538436061</TT>
        <CFMAX>0.92662801909653292</CFMAX>
        <SP>-0.099826061348432818</SP>
        <SFCF>1.104385802677184</SFCF>
        <CFR>0.014825508772504997</CFR>
        <CWH>0.021514726860963146</CWH>
        <CFGlacier>0.080618927791036882</CFGlacier>
        <CFSlope>0.31892094456225656</CFSlope>
        <FC>622.16154034409453</FC>
        <LP>0.81710754030826249</LP>
        <BETA>3.8915081125248023</BETA>
      </SubCatchmentVegetationZoneParameters>
    </SubCatchmentVegetationZone>
  </SubCatchment>
</Catchment>