<?xml version="1.0" encoding="utf-8"?>
<Catchment xmlns:xsi="http://www.w3.org/2001/XMLSchema-instance" xmlns:xsd="http://www.w3.org/2001/XMLSchema">
  <CatchmentParameters>
    <KSI>0.0021509526950509671</KSI>
    <KGmin>0.023472180925207049</KGmin>
    <RangeKG>0.49975956143504741</RangeKG>
    <AG>0.023046440565428317</AG>
    <KInfiltration>0.41580216485724414</KInfiltration>
    <PERC>3.2030913655085818</PERC>
    <Alpha>0</Alpha>
    <UZL>80.649755085062949</UZL>
    <K0>0.4198332817103323</K0>
    <K1>0.073755530387507678</K1>
    <K2>0.0076824582521244624</K2>
    <MAXBAS>1.0149440705350115</MAXBAS>
    <Cet>0</Cet>
    <PCALT>10</PCALT>
    <TCALT>0.6</TCALT>
    <Pelev>3739</Pelev>
    <Telev>3307</Telev>
    <PART>0.5</PART>
    <DELAY>1</DELAY>
  </CatchmentParameters>
  <VegetationZone>
    <VegetationZoneParameters>
      <TT>-0.92612843908683762</TT>
      <CFMAX>2.30912335927472</CFMAX>
      <SP>0.3650128882578445</SP>
      <SFCF>1.0002471288905652</SFCF>
      <CFR>0.0999997756924876</CFR>
      <CWH>0.19998420129861372</CWH>
      <CFGlacier>0.67411699622976551</CFGlacier>
      <CFSlope>0.40014546672932111</CFSlope>
      <FC>632.30888681600663</FC>
      <LP>0.38040093565884681</LP>
      <BETA>3.536835386266187</BETA>
    </VegetationZoneParameters>
  </VegetationZone>
  <SubCatchment>
    <SubCatchmentParameters>
      <KSI>0.0021509526950509671</KSI>
      <KGmin>0.023472180925207049</KGmin>
      <RangeKG>0.49975956143504741</RangeKG>
      <AG>0.023046440565428317</AG>
      <KInfiltration>0.41580216485724414</KInfiltration>
      <PERC>3.2030913655085818</PERC>
      <Alpha>0</Alpha>
      <UZL>80.649755085062949</UZL>
      <K0>0.4198332817103323</K0>
      <K1>0.073755530387507678</K1>
      <K2>0.0076824582521244624</K2>
      <MAXBAS>1.0149440705350115</MAXBAS>
      <Cet>0</Cet>
      <PCALT>10</PCALT>
      <TCALT>0.6</TCALT>
      <Pelev>3739</Pelev>
      <Telev>3307</Telev>
      <PART>0.5</PART>
      <DELAY>1</DELAY>
    </SubCatchmentParameters>
    <SubCatchmentVegetationZone>
      <SubCatchmentVegetationZoneParameters>
        <TT>-0.92612843908683762</TT>
        <CFMAX>2.30912335927472</CFMAX>
        <SP>0.3650128882578445</SP>
        <SFCF>1.0002471288905652</SFCF>
        <CFR>0.0999997756924876</CFR>
        <CWH>0.19998420129861372</CWH>
        <CFGlacier>0.67411699622976551</CFGlacier>
        <CFSlope>0.40014546672932111</CFSlope>
        <FC>632.30888681600663</FC>
        <LP>0.38040093565884681</LP>
        <BETA>3.536835386266187</BETA>
      </SubCatchmentVegetationZoneParameters>
    </SubCatchmentVegetationZone>
  </SubCatchment>
</Catchment>