<?xml version="1.0" encoding="utf-8"?>
<Catchment xmlns:xsi="http://www.w3.org/2001/XMLSchema-instance" xmlns:xsd="http://www.w3.org/2001/XMLSchema">
  <CatchmentParameters>
    <KSI>0.0024614346499828811</KSI>
    <KGmin>0.1999947021179497</KGmin>
    <RangeKG>0.10000077604430946</RangeKG>
    <AG>0.99994791100469638</AG>
    <KInfiltration>0.41830182716976289</KInfiltration>
    <PERC>4.1930890190488155</PERC>
    <Alpha>0</Alpha>
    <UZL>37.352230038281185</UZL>
    <K0>0.75545663661978613</K0>
    <K1>0.043547759192872786</K1>
    <K2>0.0056240853438840029</K2>
    <MAXBAS>1.7887785490507824</MAXBAS>
    <Cet>0</Cet>
    <PCALT>10</PCALT>
    <TCALT>0.6</TCALT>
    <Pelev>3739</Pelev>
    <Telev>3307</Telev>
    <PART>0.5</PART>
    <DELAY>1</DELAY>
  </CatchmentParameters>
  <VegetationZone>
    <VegetationZoneParameters>
      <TT>-0.93802593527372169</TT>
      <CFMAX>1.0262208297013475</CFMAX>
      <SP>0.64489027085124839</SP>
      <SFCF>1.0282525397692104</SFCF>
      <CFR>0.00082371743561021745</CFR>
      <CWH>0.04763314352530891</CWH>
      <CFGlacier>0.063858522603332427</CFGlacier>
      <CFSlope>0.86270508555967673</CFSlope>
      <FC>484.17239803205149</FC>
      <LP>0.598492817893185</LP>
      <BETA>2.827218360870849</BETA>
    </VegetationZoneParameters>
  </VegetationZone>
  <SubCatchment>
    <SubCatchmentParameters>
      <KSI>0.0024614346499828811</KSI>
      <KGmin>0.1999947021179497</KGmin>
      <RangeKG>0.10000077604430946</RangeKG>
      <AG>0.99994791100469638</AG>
      <KInfiltration>0.41830182716976289</KInfiltration>
      <PERC>4.1930890190488155</PERC>
      <Alpha>0</Alpha>
      <UZL>37.352230038281185</UZL>
      <K0>0.75545663661978613</K0>
      <K1>0.043547759192872786</K1>
      <K2>0.0056240853438840029</K2>
      <MAXBAS>1.7887785490507824</MAXBAS>
      <Cet>0</Cet>
      <PCALT>10</PCALT>
      <TCALT>0.6</TCALT>
      <Pelev>3739</Pelev>
      <Telev>3307</Telev>
      <PART>0.5</PART>
      <DELAY>1</DELAY>
    </SubCatchmentParameters>
    <SubCatchmentVegetationZone>
      <SubCatchmentVegetationZoneParameters>
        <TT>-0.93802593527372169</TT>
        <CFMAX>1.0262208297013475</CFMAX>
        <SP>0.64489027085124839</SP>
        <SFCF>1.0282525397692104</SFCF>
        <CFR>0.00082371743561021745</CFR>
        <CWH>0.04763314352530891</CWH>
        <CFGlacier>0.063858522603332427</CFGlacier>
        <CFSlope>0.86270508555967673</CFSlope>
        <FC>484.17239803205149</FC>
        <LP>0.598492817893185</LP>
        <BETA>2.827218360870849</BETA>
      </SubCatchmentVegetationZoneParameters>
    </SubCatchmentVegetationZone>
  </SubCatchment>
</Catchment>