<?xml version="1.0" encoding="utf-8"?>
<Catchment xmlns:xsi="http://www.w3.org/2001/XMLSchema-instance" xmlns:xsd="http://www.w3.org/2001/XMLSchema">
  <CatchmentParameters>
    <KSI>0.0010587563862196336</KSI>
    <KGmin>0.010000046210183149</KGmin>
    <RangeKG>0.11981591455856575</RangeKG>
    <AG>0.28730941182849234</AG>
    <KInfiltration>0.15418420020884377</KInfiltration>
    <PERC>1.9717430097508706</PERC>
    <Alpha>0</Alpha>
    <UZL>79.871983441217623</UZL>
    <K0>0.44984298072267292</K0>
    <K1>0.20477870631829012</K1>
    <K2>0.0056202538902816353</K2>
    <MAXBAS>1.3150467796052467</MAXBAS>
    <Cet>0</Cet>
    <PCALT>10</PCALT>
    <TCALT>0.6</TCALT>
    <Pelev>3739</Pelev>
    <Telev>3307</Telev>
    <PART>0.5</PART>
    <DELAY>1</DELAY>
  </CatchmentParameters>
  <VegetationZone>
    <VegetationZoneParameters>
      <TT>0.52687846263828242</TT>
      <CFMAX>2.2118577356806397</CFMAX>
      <SP>-0.3716853115659321</SP>
      <SFCF>1.0000000506821805</SFCF>
      <CFR>0.05035924801544818</CFR>
      <CWH>0.043087736400379988</CWH>
      <CFGlacier>0.60310636708421417</CFGlacier>
      <CFSlope>0.34654416860083359</CFSlope>
      <FC>699.99676975893294</FC>
      <LP>0.34866704475132854</LP>
      <BETA>2.7527261877900253</BETA>
    </VegetationZoneParameters>
  </VegetationZone>
  <SubCatchment>
    <SubCatchmentParameters>
      <KSI>0.0010587563862196336</KSI>
      <KGmin>0.010000046210183149</KGmin>
      <RangeKG>0.11981591455856575</RangeKG>
      <AG>0.28730941182849234</AG>
      <KInfiltration>0.15418420020884377</KInfiltration>
      <PERC>1.9717430097508706</PERC>
      <Alpha>0</Alpha>
      <UZL>79.871983441217623</UZL>
      <K0>0.44984298072267292</K0>
      <K1>0.20477870631829012</K1>
      <K2>0.0056202538902816353</K2>
      <MAXBAS>1.3150467796052467</MAXBAS>
      <Cet>0</Cet>
      <PCALT>10</PCALT>
      <TCALT>0.6</TCALT>
      <Pelev>3739</Pelev>
      <Telev>3307</Telev>
      <PART>0.5</PART>
      <DELAY>1</DELAY>
    </SubCatchmentParameters>
    <SubCatchmentVegetationZone>
      <SubCatchmentVegetationZoneParameters>
        <TT>0.52687846263828242</TT>
        <CFMAX>2.2118577356806397</CFMAX>
        <SP>-0.3716853115659321</SP>
        <SFCF>1.0000000506821805</SFCF>
        <CFR>0.05035924801544818</CFR>
        <CWH>0.043087736400379988</CWH>
        <CFGlacier>0.60310636708421417</CFGlacier>
        <CFSlope>0.34654416860083359</CFSlope>
        <FC>699.99676975893294</FC>
        <LP>0.34866704475132854</LP>
        <BETA>2.7527261877900253</BETA>
      </SubCatchmentVegetationZoneParameters>
    </SubCatchmentVegetationZone>
  </SubCatchment>
</Catchment>