<?xml version="1.0" encoding="utf-8"?>
<Catchment xmlns:xsi="http://www.w3.org/2001/XMLSchema-instance" xmlns:xsd="http://www.w3.org/2001/XMLSchema">
  <CatchmentParameters>
    <KSI>0.0024138783205161309</KSI>
    <KGmin>0.11222005834756547</KGmin>
    <RangeKG>0.19811340929533144</RangeKG>
    <AG>0.23759962493378317</AG>
    <KInfiltration>0.2525586728124416</KInfiltration>
    <PERC>1.9852794928606685</PERC>
    <Alpha>0</Alpha>
    <UZL>56.102404832152786</UZL>
    <K0>0.35538016534129474</K0>
    <K1>0.095133341240943789</K1>
    <K2>0.006689884827023867</K2>
    <MAXBAS>1.3050393625057957</MAXBAS>
    <Cet>0</Cet>
    <PCALT>10</PCALT>
    <TCALT>0.6</TCALT>
    <Pelev>3739</Pelev>
    <Telev>3307</Telev>
    <PART>0.5</PART>
    <DELAY>1</DELAY>
  </CatchmentParameters>
  <VegetationZone>
    <VegetationZoneParameters>
      <TT>1.6336158580824156</TT>
      <CFMAX>2.4994598698684007</CFMAX>
      <SP>-0.67807864786241934</SP>
      <SFCF>1.0994568699145404</SFCF>
      <CFR>0.019448548757026091</CFR>
      <CWH>0.040172520758202289</CWH>
      <CFGlacier>0.46850971001380354</CFGlacier>
      <CFSlope>0.19295285369729284</CFSlope>
      <FC>309.07653134976607</FC>
      <LP>0.80497869806531408</LP>
      <BETA>1.9334505641088808</BETA>
    </VegetationZoneParameters>
  </VegetationZone>
  <SubCatchment>
    <SubCatchmentParameters>
      <KSI>0.0024138783205161309</KSI>
      <KGmin>0.11222005834756547</KGmin>
      <RangeKG>0.19811340929533144</RangeKG>
      <AG>0.23759962493378317</AG>
      <KInfiltration>0.2525586728124416</KInfiltration>
      <PERC>1.9852794928606685</PERC>
      <Alpha>0</Alpha>
      <UZL>56.102404832152786</UZL>
      <K0>0.35538016534129474</K0>
      <K1>0.095133341240943789</K1>
      <K2>0.006689884827023867</K2>
      <MAXBAS>1.3050393625057957</MAXBAS>
      <Cet>0</Cet>
      <PCALT>10</PCALT>
      <TCALT>0.6</TCALT>
      <Pelev>3739</Pelev>
      <Telev>3307</Telev>
      <PART>0.5</PART>
      <DELAY>1</DELAY>
    </SubCatchmentParameters>
    <SubCatchmentVegetationZone>
      <SubCatchmentVegetationZoneParameters>
        <TT>1.6336158580824156</TT>
        <CFMAX>2.4994598698684007</CFMAX>
        <SP>-0.67807864786241934</SP>
        <SFCF>1.0994568699145404</SFCF>
        <CFR>0.019448548757026091</CFR>
        <CWH>0.040172520758202289</CWH>
        <CFGlacier>0.46850971001380354</CFGlacier>
        <CFSlope>0.19295285369729284</CFSlope>
        <FC>309.07653134976607</FC>
        <LP>0.80497869806531408</LP>
        <BETA>1.9334505641088808</BETA>
      </SubCatchmentVegetationZoneParameters>
    </SubCatchmentVegetationZone>
  </SubCatchment>
</Catchment>