<?xml version="1.0" encoding="utf-8"?>
<Catchment xmlns:xsi="http://www.w3.org/2001/XMLSchema-instance" xmlns:xsd="http://www.w3.org/2001/XMLSchema">
  <CatchmentParameters>
    <KSI>0.0021918318528036146</KSI>
    <KGmin>0.19999639464292288</KGmin>
    <RangeKG>0.23262284286229518</RangeKG>
    <AG>0.0031841671118570123</AG>
    <KInfiltration>0.6627183597772407</KInfiltration>
    <PERC>1.9061001512110798</PERC>
    <Alpha>0</Alpha>
    <UZL>45.791695768999453</UZL>
    <K0>0.63324306634711747</K0>
    <K1>0.083433295514907246</K1>
    <K2>0.0071778492313143141</K2>
    <MAXBAS>1.6377866695306007</MAXBAS>
    <Cet>0</Cet>
    <PCALT>10</PCALT>
    <TCALT>0.6</TCALT>
    <Pelev>3739</Pelev>
    <Telev>3307</Telev>
    <PART>0.5</PART>
    <DELAY>1</DELAY>
  </CatchmentParameters>
  <VegetationZone>
    <VegetationZoneParameters>
      <TT>-0.71600242165406325</TT>
      <CFMAX>0.85410998226030543</CFMAX>
      <SP>-0.15779645840775633</SP>
      <SFCF>1.0332687416467516</SFCF>
      <CFR>0.0503179852241518</CFR>
      <CWH>0.05308188301891404</CWH>
      <CFGlacier>0.011655051575929873</CFGlacier>
      <CFSlope>0.36737709823251813</CFSlope>
      <FC>388.97247887156993</FC>
      <LP>0.92337546036375706</LP>
      <BETA>4.2034235302539917</BETA>
    </VegetationZoneParameters>
  </VegetationZone>
  <SubCatchment>
    <SubCatchmentParameters>
      <KSI>0.0021918318528036146</KSI>
      <KGmin>0.19999639464292288</KGmin>
      <RangeKG>0.23262284286229518</RangeKG>
      <AG>0.0031841671118570123</AG>
      <KInfiltration>0.6627183597772407</KInfiltration>
      <PERC>1.9061001512110798</PERC>
      <Alpha>0</Alpha>
      <UZL>45.791695768999453</UZL>
      <K0>0.63324306634711747</K0>
      <K1>0.083433295514907246</K1>
      <K2>0.0071778492313143141</K2>
      <MAXBAS>1.6377866695306007</MAXBAS>
      <Cet>0</Cet>
      <PCALT>10</PCALT>
      <TCALT>0.6</TCALT>
      <Pelev>3739</Pelev>
      <Telev>3307</Telev>
      <PART>0.5</PART>
      <DELAY>1</DELAY>
    </SubCatchmentParameters>
    <SubCatchmentVegetationZone>
      <SubCatchmentVegetationZoneParameters>
        <TT>-0.71600242165406325</TT>
        <CFMAX>0.85410998226030543</CFMAX>
        <SP>-0.15779645840775633</SP>
        <SFCF>1.0332687416467516</SFCF>
        <CFR>0.0503179852241518</CFR>
        <CWH>0.05308188301891404</CWH>
        <CFGlacier>0.011655051575929873</CFGlacier>
        <CFSlope>0.36737709823251813</CFSlope>
        <FC>388.97247887156993</FC>
        <LP>0.92337546036375706</LP>
        <BETA>4.2034235302539917</BETA>
      </SubCatchmentVegetationZoneParameters>
    </SubCatchmentVegetationZone>
  </SubCatchment>
</Catchment>