<?xml version="1.0" encoding="utf-8"?>
<Catchment xmlns:xsi="http://www.w3.org/2001/XMLSchema-instance" xmlns:xsd="http://www.w3.org/2001/XMLSchema">
  <CatchmentParameters>
    <KSI>0.0028562703236152936</KSI>
    <KGmin>0.19954079997782223</KGmin>
    <RangeKG>0.49708761632090132</RangeKG>
    <AG>0.96778096309289752</AG>
    <KInfiltration>0.83991212658172265</KInfiltration>
    <PERC>2.4497739656252295</PERC>
    <Alpha>0</Alpha>
    <UZL>67.439334848899321</UZL>
    <K0>0.54964793057175454</K0>
    <K1>0.072652223146212863</K1>
    <K2>0.0093520749284459054</K2>
    <MAXBAS>1.7991089080298206</MAXBAS>
    <Cet>0</Cet>
    <PCALT>10</PCALT>
    <TCALT>0.6</TCALT>
    <Pelev>3739</Pelev>
    <Telev>3307</Telev>
    <PART>0.5</PART>
    <DELAY>1</DELAY>
  </CatchmentParameters>
  <VegetationZone>
    <VegetationZoneParameters>
      <TT>-1.1440083303800677</TT>
      <CFMAX>0.74037761904278032</CFMAX>
      <SP>-0.050953471135507092</SP>
      <SFCF>1.1038184148070462</SFCF>
      <CFR>0.0889680429126801</CFR>
      <CWH>0.075657214286793451</CWH>
      <CFGlacier>0.89137119440656043</CFGlacier>
      <CFSlope>0.25694500989098296</CFSlope>
      <FC>488.74544685499365</FC>
      <LP>0.77397945836958693</LP>
      <BETA>2.66984263217594</BETA>
    </VegetationZoneParameters>
  </VegetationZone>
  <SubCatchment>
    <SubCatchmentParameters>
      <KSI>0.0028562703236152936</KSI>
      <KGmin>0.19954079997782223</KGmin>
      <RangeKG>0.49708761632090132</RangeKG>
      <AG>0.96778096309289752</AG>
      <KInfiltration>0.83991212658172265</KInfiltration>
      <PERC>2.4497739656252295</PERC>
      <Alpha>0</Alpha>
      <UZL>67.439334848899321</UZL>
      <K0>0.54964793057175454</K0>
      <K1>0.072652223146212863</K1>
      <K2>0.0093520749284459054</K2>
      <MAXBAS>1.7991089080298206</MAXBAS>
      <Cet>0</Cet>
      <PCALT>10</PCALT>
      <TCALT>0.6</TCALT>
      <Pelev>3739</Pelev>
      <Telev>3307</Telev>
      <PART>0.5</PART>
      <DELAY>1</DELAY>
    </SubCatchmentParameters>
    <SubCatchmentVegetationZone>
      <SubCatchmentVegetationZoneParameters>
        <TT>-1.1440083303800677</TT>
        <CFMAX>0.74037761904278032</CFMAX>
        <SP>-0.050953471135507092</SP>
        <SFCF>1.1038184148070462</SFCF>
        <CFR>0.0889680429126801</CFR>
        <CWH>0.075657214286793451</CWH>
        <CFGlacier>0.89137119440656043</CFGlacier>
        <CFSlope>0.25694500989098296</CFSlope>
        <FC>488.74544685499365</FC>
        <LP>0.77397945836958693</LP>
        <BETA>2.66984263217594</BETA>
      </SubCatchmentVegetationZoneParameters>
    </SubCatchmentVegetationZone>
  </SubCatchment>
</Catchment>