<?xml version="1.0" encoding="utf-8"?>
<Catchment xmlns:xsi="http://www.w3.org/2001/XMLSchema-instance" xmlns:xsd="http://www.w3.org/2001/XMLSchema">
  <CatchmentParameters>
    <KSI>0.0022924992257387518</KSI>
    <KGmin>0.18697910127519149</KGmin>
    <RangeKG>0.10000221406343245</RangeKG>
    <AG>0.0015065511589403974</AG>
    <KInfiltration>0.47789824873174469</KInfiltration>
    <PERC>2.04019265573695</PERC>
    <Alpha>0</Alpha>
    <UZL>30.774398421638558</UZL>
    <K0>0.58111287041198934</K0>
    <K1>0.10930748811988948</K1>
    <K2>0.00452508643813786</K2>
    <MAXBAS>1.5950317937404122</MAXBAS>
    <Cet>0</Cet>
    <PCALT>10</PCALT>
    <TCALT>0.6</TCALT>
    <Pelev>3739</Pelev>
    <Telev>3307</Telev>
    <PART>0.5</PART>
    <DELAY>1</DELAY>
  </CatchmentParameters>
  <VegetationZone>
    <VegetationZoneParameters>
      <TT>0.42591456503793818</TT>
      <CFMAX>0.834957221191324</CFMAX>
      <SP>-0.04574331370685629</SP>
      <SFCF>1.0972114963302868</SFCF>
      <CFR>0.046547960022997825</CFR>
      <CWH>0.030821488490563386</CWH>
      <CFGlacier>0.24826015195168713</CFGlacier>
      <CFSlope>0.29227744327229449</CFSlope>
      <FC>448.95283745932039</FC>
      <LP>0.62339295548161067</LP>
      <BETA>2.5514776612891552</BETA>
    </VegetationZoneParameters>
  </VegetationZone>
  <SubCatchment>
    <SubCatchmentParameters>
      <KSI>0.0022924992257387518</KSI>
      <KGmin>0.18697910127519149</KGmin>
      <RangeKG>0.10000221406343245</RangeKG>
      <AG>0.0015065511589403974</AG>
      <KInfiltration>0.47789824873174469</KInfiltration>
      <PERC>2.04019265573695</PERC>
      <Alpha>0</Alpha>
      <UZL>30.774398421638558</UZL>
      <K0>0.58111287041198934</K0>
      <K1>0.10930748811988948</K1>
      <K2>0.00452508643813786</K2>
      <MAXBAS>1.5950317937404122</MAXBAS>
      <Cet>0</Cet>
      <PCALT>10</PCALT>
      <TCALT>0.6</TCALT>
      <Pelev>3739</Pelev>
      <Telev>3307</Telev>
      <PART>0.5</PART>
      <DELAY>1</DELAY>
    </SubCatchmentParameters>
    <SubCatchmentVegetationZone>
      <SubCatchmentVegetationZoneParameters>
        <TT>0.42591456503793818</TT>
        <CFMAX>0.834957221191324</CFMAX>
        <SP>-0.04574331370685629</SP>
        <SFCF>1.0972114963302868</SFCF>
        <CFR>0.046547960022997825</CFR>
        <CWH>0.030821488490563386</CWH>
        <CFGlacier>0.24826015195168713</CFGlacier>
        <CFSlope>0.29227744327229449</CFSlope>
        <FC>448.95283745932039</FC>
        <LP>0.62339295548161067</LP>
        <BETA>2.5514776612891552</BETA>
      </SubCatchmentVegetationZoneParameters>
    </SubCatchmentVegetationZone>
  </SubCatchment>
</Catchment>