<?xml version="1.0" encoding="utf-8"?>
<Catchment xmlns:xsi="http://www.w3.org/2001/XMLSchema-instance" xmlns:xsd="http://www.w3.org/2001/XMLSchema">
  <CatchmentParameters>
    <KSI>0.0025059592573438917</KSI>
    <KGmin>0.14698817008353235</KGmin>
    <RangeKG>0.13574054281606665</RangeKG>
    <AG>0.31251118197804045</AG>
    <KInfiltration>0.34340057431546672</KInfiltration>
    <PERC>1.9591635949288415</PERC>
    <Alpha>0</Alpha>
    <UZL>55.127502517073992</UZL>
    <K0>0.78852232265930533</K0>
    <K1>0.11375569588015114</K1>
    <K2>0.00628603952514058</K2>
    <MAXBAS>1.6849859012831912</MAXBAS>
    <Cet>0</Cet>
    <PCALT>10</PCALT>
    <TCALT>0.6</TCALT>
    <Pelev>3739</Pelev>
    <Telev>3307</Telev>
    <PART>0.5</PART>
    <DELAY>1</DELAY>
  </CatchmentParameters>
  <VegetationZone>
    <VegetationZoneParameters>
      <TT>1.0930353899438157</TT>
      <CFMAX>1.9036042696104649</CFMAX>
      <SP>-0.33297353274492925</SP>
      <SFCF>1.0300030064325294</SFCF>
      <CFR>0.053528925438299312</CFR>
      <CWH>0.0582459701865765</CWH>
      <CFGlacier>0.48607530036474461</CFGlacier>
      <CFSlope>0.25512890744460415</CFSlope>
      <FC>459.92215359226213</FC>
      <LP>0.65185736335013411</LP>
      <BETA>1.5290466981544557</BETA>
    </VegetationZoneParameters>
  </VegetationZone>
  <SubCatchment>
    <SubCatchmentParameters>
      <KSI>0.0025059592573438917</KSI>
      <KGmin>0.14698817008353235</KGmin>
      <RangeKG>0.13574054281606665</RangeKG>
      <AG>0.31251118197804045</AG>
      <KInfiltration>0.34340057431546672</KInfiltration>
      <PERC>1.9591635949288415</PERC>
      <Alpha>0</Alpha>
      <UZL>55.127502517073992</UZL>
      <K0>0.78852232265930533</K0>
      <K1>0.11375569588015114</K1>
      <K2>0.00628603952514058</K2>
      <MAXBAS>1.6849859012831912</MAXBAS>
      <Cet>0</Cet>
      <PCALT>10</PCALT>
      <TCALT>0.6</TCALT>
      <Pelev>3739</Pelev>
      <Telev>3307</Telev>
      <PART>0.5</PART>
      <DELAY>1</DELAY>
    </SubCatchmentParameters>
    <SubCatchmentVegetationZone>
      <SubCatchmentVegetationZoneParameters>
        <TT>1.0930353899438157</TT>
        <CFMAX>1.9036042696104649</CFMAX>
        <SP>-0.33297353274492925</SP>
        <SFCF>1.0300030064325294</SFCF>
        <CFR>0.053528925438299312</CFR>
        <CWH>0.0582459701865765</CWH>
        <CFGlacier>0.48607530036474461</CFGlacier>
        <CFSlope>0.25512890744460415</CFSlope>
        <FC>459.92215359226213</FC>
        <LP>0.65185736335013411</LP>
        <BETA>1.5290466981544557</BETA>
      </SubCatchmentVegetationZoneParameters>
    </SubCatchmentVegetationZone>
  </SubCatchment>
</Catchment>