<?xml version="1.0" encoding="utf-8"?>
<Catchment xmlns:xsi="http://www.w3.org/2001/XMLSchema-instance" xmlns:xsd="http://www.w3.org/2001/XMLSchema">
  <CatchmentParameters>
    <KSI>0.0022298972879987245</KSI>
    <KGmin>0.19736736168903629</KGmin>
    <RangeKG>0.32329208480214511</RangeKG>
    <AG>0.0048700137368986873</AG>
    <KInfiltration>0.40179303010517681</KInfiltration>
    <PERC>1.9457197197119123</PERC>
    <Alpha>0</Alpha>
    <UZL>34.7818268114488</UZL>
    <K0>0.45276879543344289</K0>
    <K1>0.14623324409792465</K1>
    <K2>0.0069678558618574632</K2>
    <MAXBAS>1.7587713238150085</MAXBAS>
    <Cet>0</Cet>
    <PCALT>10</PCALT>
    <TCALT>0.6</TCALT>
    <Pelev>3739</Pelev>
    <Telev>3307</Telev>
    <PART>0.5</PART>
    <DELAY>1</DELAY>
  </CatchmentParameters>
  <VegetationZone>
    <VegetationZoneParameters>
      <TT>-0.14039916448277529</TT>
      <CFMAX>1.1422509002679697</CFMAX>
      <SP>-0.32756964416742995</SP>
      <SFCF>1.0406342021817785</SFCF>
      <CFR>0.014646215975779644</CFR>
      <CWH>0.085875727563454143</CWH>
      <CFGlacier>0.72264382021704032</CFGlacier>
      <CFSlope>0.27856912382200266</CFSlope>
      <FC>478.03372434787752</FC>
      <LP>0.66175040195023516</LP>
      <BETA>2.0002821746161348</BETA>
    </VegetationZoneParameters>
  </VegetationZone>
  <SubCatchment>
    <SubCatchmentParameters>
      <KSI>0.0022298972879987245</KSI>
      <KGmin>0.19736736168903629</KGmin>
      <RangeKG>0.32329208480214511</RangeKG>
      <AG>0.0048700137368986873</AG>
      <KInfiltration>0.40179303010517681</KInfiltration>
      <PERC>1.9457197197119123</PERC>
      <Alpha>0</Alpha>
      <UZL>34.7818268114488</UZL>
      <K0>0.45276879543344289</K0>
      <K1>0.14623324409792465</K1>
      <K2>0.0069678558618574632</K2>
      <MAXBAS>1.7587713238150085</MAXBAS>
      <Cet>0</Cet>
      <PCALT>10</PCALT>
      <TCALT>0.6</TCALT>
      <Pelev>3739</Pelev>
      <Telev>3307</Telev>
      <PART>0.5</PART>
      <DELAY>1</DELAY>
    </SubCatchmentParameters>
    <SubCatchmentVegetationZone>
      <SubCatchmentVegetationZoneParameters>
        <TT>-0.14039916448277529</TT>
        <CFMAX>1.1422509002679697</CFMAX>
        <SP>-0.32756964416742995</SP>
        <SFCF>1.0406342021817785</SFCF>
        <CFR>0.014646215975779644</CFR>
        <CWH>0.085875727563454143</CWH>
        <CFGlacier>0.72264382021704032</CFGlacier>
        <CFSlope>0.27856912382200266</CFSlope>
        <FC>478.03372434787752</FC>
        <LP>0.66175040195023516</LP>
        <BETA>2.0002821746161348</BETA>
      </SubCatchmentVegetationZoneParameters>
    </SubCatchmentVegetationZone>
  </SubCatchment>
</Catchment>