<?xml version="1.0" encoding="utf-8"?>
<Catchment xmlns:xsi="http://www.w3.org/2001/XMLSchema-instance" xmlns:xsd="http://www.w3.org/2001/XMLSchema">
  <CatchmentParameters>
    <KSI>0.001764169012968697</KSI>
    <KGmin>0.18051357612320648</KGmin>
    <RangeKG>0.10000254328577533</RangeKG>
    <AG>0.00069832522817857366</AG>
    <KInfiltration>0.16600603753360532</KInfiltration>
    <PERC>2.6059083387646758</PERC>
    <Alpha>0</Alpha>
    <UZL>71.311777308051177</UZL>
    <K0>0.392243992377175</K0>
    <K1>0.056799489916110488</K1>
    <K2>0.0042362271812970793</K2>
    <MAXBAS>1.1790173264065913</MAXBAS>
    <Cet>0</Cet>
    <PCALT>10</PCALT>
    <TCALT>0.6</TCALT>
    <Pelev>3739</Pelev>
    <Telev>3307</Telev>
    <PART>0.5</PART>
    <DELAY>1</DELAY>
  </CatchmentParameters>
  <VegetationZone>
    <VegetationZoneParameters>
      <TT>-0.34733830694143769</TT>
      <CFMAX>0.53767620066863275</CFMAX>
      <SP>0.22757231821199361</SP>
      <SFCF>1.1635951970718252</SFCF>
      <CFR>0.030515165525048737</CFR>
      <CWH>0.063479498714610935</CWH>
      <CFGlacier>0.14519259169637955</CFGlacier>
      <CFSlope>0.26214340940572939</CFSlope>
      <FC>464.0562950119733</FC>
      <LP>0.66488089147675122</LP>
      <BETA>2.8400041881186566</BETA>
    </VegetationZoneParameters>
  </VegetationZone>
  <SubCatchment>
    <SubCatchmentParameters>
      <KSI>0.001764169012968697</KSI>
      <KGmin>0.18051357612320648</KGmin>
      <RangeKG>0.10000254328577533</RangeKG>
      <AG>0.00069832522817857366</AG>
      <KInfiltration>0.16600603753360532</KInfiltration>
      <PERC>2.6059083387646758</PERC>
      <Alpha>0</Alpha>
      <UZL>71.311777308051177</UZL>
      <K0>0.392243992377175</K0>
      <K1>0.056799489916110488</K1>
      <K2>0.0042362271812970793</K2>
      <MAXBAS>1.1790173264065913</MAXBAS>
      <Cet>0</Cet>
      <PCALT>10</PCALT>
      <TCALT>0.6</TCALT>
      <Pelev>3739</Pelev>
      <Telev>3307</Telev>
      <PART>0.5</PART>
      <DELAY>1</DELAY>
    </SubCatchmentParameters>
    <SubCatchmentVegetationZone>
      <SubCatchmentVegetationZoneParameters>
        <TT>-0.34733830694143769</TT>
        <CFMAX>0.53767620066863275</CFMAX>
        <SP>0.22757231821199361</SP>
        <SFCF>1.1635951970718252</SFCF>
        <CFR>0.030515165525048737</CFR>
        <CWH>0.063479498714610935</CWH>
        <CFGlacier>0.14519259169637955</CFGlacier>
        <CFSlope>0.26214340940572939</CFSlope>
        <FC>464.0562950119733</FC>
        <LP>0.66488089147675122</LP>
        <BETA>2.8400041881186566</BETA>
      </SubCatchmentVegetationZoneParameters>
    </SubCatchmentVegetationZone>
  </SubCatchment>
</Catchment>