<?xml version="1.0" encoding="utf-8"?>
<Catchment xmlns:xsi="http://www.w3.org/2001/XMLSchema-instance" xmlns:xsd="http://www.w3.org/2001/XMLSchema">
  <CatchmentParameters>
    <KSI>0.0026931812254274096</KSI>
    <KGmin>0.13784906118024304</KGmin>
    <RangeKG>0.10000949330000436</RangeKG>
    <AG>0.998788893360832</AG>
    <KInfiltration>0.594789465146666</KInfiltration>
    <PERC>3.4937046607066473</PERC>
    <Alpha>0</Alpha>
    <UZL>34.026630400266484</UZL>
    <K0>0.47099609419582827</K0>
    <K1>0.084938025676119189</K1>
    <K2>0.0064369630583524934</K2>
    <MAXBAS>1.3396138909055082</MAXBAS>
    <Cet>0</Cet>
    <PCALT>10</PCALT>
    <TCALT>0.6</TCALT>
    <Pelev>3739</Pelev>
    <Telev>3307</Telev>
    <PART>0.5</PART>
    <DELAY>1</DELAY>
  </CatchmentParameters>
  <VegetationZone>
    <VegetationZoneParameters>
      <TT>-0.38773545569568446</TT>
      <CFMAX>1.636121776915402</CFMAX>
      <SP>0.17586191071932303</SP>
      <SFCF>1.0414644121510268</SFCF>
      <CFR>8.2772088324534372E-05</CFR>
      <CWH>0.031226434148736434</CWH>
      <CFGlacier>0.0672401289683816</CFGlacier>
      <CFSlope>0.70316429524792923</CFSlope>
      <FC>498.22187154652863</FC>
      <LP>0.58387861079489889</LP>
      <BETA>2.1991588162070292</BETA>
    </VegetationZoneParameters>
  </VegetationZone>
  <SubCatchment>
    <SubCatchmentParameters>
      <KSI>0.0026931812254274096</KSI>
      <KGmin>0.13784906118024304</KGmin>
      <RangeKG>0.10000949330000436</RangeKG>
      <AG>0.998788893360832</AG>
      <KInfiltration>0.594789465146666</KInfiltration>
      <PERC>3.4937046607066473</PERC>
      <Alpha>0</Alpha>
      <UZL>34.026630400266484</UZL>
      <K0>0.47099609419582827</K0>
      <K1>0.084938025676119189</K1>
      <K2>0.0064369630583524934</K2>
      <MAXBAS>1.3396138909055082</MAXBAS>
      <Cet>0</Cet>
      <PCALT>10</PCALT>
      <TCALT>0.6</TCALT>
      <Pelev>3739</Pelev>
      <Telev>3307</Telev>
      <PART>0.5</PART>
      <DELAY>1</DELAY>
    </SubCatchmentParameters>
    <SubCatchmentVegetationZone>
      <SubCatchmentVegetationZoneParameters>
        <TT>-0.38773545569568446</TT>
        <CFMAX>1.636121776915402</CFMAX>
        <SP>0.17586191071932303</SP>
        <SFCF>1.0414644121510268</SFCF>
        <CFR>8.2772088324534372E-05</CFR>
        <CWH>0.031226434148736434</CWH>
        <CFGlacier>0.0672401289683816</CFGlacier>
        <CFSlope>0.70316429524792923</CFSlope>
        <FC>498.22187154652863</FC>
        <LP>0.58387861079489889</LP>
        <BETA>2.1991588162070292</BETA>
      </SubCatchmentVegetationZoneParameters>
    </SubCatchmentVegetationZone>
  </SubCatchment>
</Catchment>