<?xml version="1.0" encoding="utf-8"?>
<Catchment xmlns:xsi="http://www.w3.org/2001/XMLSchema-instance" xmlns:xsd="http://www.w3.org/2001/XMLSchema">
  <CatchmentParameters>
    <KSI>0.0018020137134419647</KSI>
    <KGmin>0.16140770256466305</KGmin>
    <RangeKG>0.22147876911525682</RangeKG>
    <AG>0.00828469309123639</AG>
    <KInfiltration>0.49819598712191765</KInfiltration>
    <PERC>2.2948806888099025</PERC>
    <Alpha>0</Alpha>
    <UZL>54.445122409822318</UZL>
    <K0>0.4295286473555594</K0>
    <K1>0.087357752038969963</K1>
    <K2>0.0080468511679183</K2>
    <MAXBAS>1.6738368098114318</MAXBAS>
    <Cet>0</Cet>
    <PCALT>10</PCALT>
    <TCALT>0.6</TCALT>
    <Pelev>3739</Pelev>
    <Telev>3307</Telev>
    <PART>0.5</PART>
    <DELAY>1</DELAY>
  </CatchmentParameters>
  <VegetationZone>
    <VegetationZoneParameters>
      <TT>0.8133900639114241</TT>
      <CFMAX>0.98992677474472346</CFMAX>
      <SP>0.021691634614751161</SP>
      <SFCF>1.0758402657435617</SFCF>
      <CFR>1.0660814057190929E-08</CFR>
      <CWH>0.012673968838718897</CWH>
      <CFGlacier>0.75506133847860635</CFGlacier>
      <CFSlope>0.25201701404970672</CFSlope>
      <FC>525.09048622873786</FC>
      <LP>0.76432597264368318</LP>
      <BETA>1.924121894131362</BETA>
    </VegetationZoneParameters>
  </VegetationZone>
  <SubCatchment>
    <SubCatchmentParameters>
      <KSI>0.0018020137134419647</KSI>
      <KGmin>0.16140770256466305</KGmin>
      <RangeKG>0.22147876911525682</RangeKG>
      <AG>0.00828469309123639</AG>
      <KInfiltration>0.49819598712191765</KInfiltration>
      <PERC>2.2948806888099025</PERC>
      <Alpha>0</Alpha>
      <UZL>54.445122409822318</UZL>
      <K0>0.4295286473555594</K0>
      <K1>0.087357752038969963</K1>
      <K2>0.0080468511679183</K2>
      <MAXBAS>1.6738368098114318</MAXBAS>
      <Cet>0</Cet>
      <PCALT>10</PCALT>
      <TCALT>0.6</TCALT>
      <Pelev>3739</Pelev>
      <Telev>3307</Telev>
      <PART>0.5</PART>
      <DELAY>1</DELAY>
    </SubCatchmentParameters>
    <SubCatchmentVegetationZone>
      <SubCatchmentVegetationZoneParameters>
        <TT>0.8133900639114241</TT>
        <CFMAX>0.98992677474472346</CFMAX>
        <SP>0.021691634614751161</SP>
        <SFCF>1.0758402657435617</SFCF>
        <CFR>1.0660814057190929E-08</CFR>
        <CWH>0.012673968838718897</CWH>
        <CFGlacier>0.75506133847860635</CFGlacier>
        <CFSlope>0.25201701404970672</CFSlope>
        <FC>525.09048622873786</FC>
        <LP>0.76432597264368318</LP>
        <BETA>1.924121894131362</BETA>
      </SubCatchmentVegetationZoneParameters>
    </SubCatchmentVegetationZone>
  </SubCatchment>
</Catchment>