<?xml version="1.0" encoding="utf-8"?>
<Catchment xmlns:xsi="http://www.w3.org/2001/XMLSchema-instance" xmlns:xsd="http://www.w3.org/2001/XMLSchema">
  <CatchmentParameters>
    <KSI>0.0010000500874395876</KSI>
    <KGmin>0.053072576798412256</KGmin>
    <RangeKG>0.15905539076360312</RangeKG>
    <AG>0.87381117719336143</AG>
    <KInfiltration>0.65077901918229708</KInfiltration>
    <PERC>2.392689446911294</PERC>
    <Alpha>0</Alpha>
    <UZL>34.801714560776006</UZL>
    <K0>0.35339096415130816</K0>
    <K1>0.13127073308443776</K1>
    <K2>0.0094000354901676523</K2>
    <MAXBAS>1.6401053876634402</MAXBAS>
    <Cet>0</Cet>
    <PCALT>10</PCALT>
    <TCALT>0.6</TCALT>
    <Pelev>3739</Pelev>
    <Telev>3307</Telev>
    <PART>0.5</PART>
    <DELAY>1</DELAY>
  </CatchmentParameters>
  <VegetationZone>
    <VegetationZoneParameters>
      <TT>-0.14886120641760042</TT>
      <CFMAX>1.4889259110890245</CFMAX>
      <SP>-0.48901557138560159</SP>
      <SFCF>1.1428872031389028</SFCF>
      <CFR>0.07717784196482487</CFR>
      <CWH>0.04191659173221296</CWH>
      <CFGlacier>0.51810604031434015</CFGlacier>
      <CFSlope>0.24081954262198865</CFSlope>
      <FC>487.08062357827208</FC>
      <LP>0.5145496827900049</LP>
      <BETA>2.3223055874972074</BETA>
    </VegetationZoneParameters>
  </VegetationZone>
  <SubCatchment>
    <SubCatchmentParameters>
      <KSI>0.0010000500874395876</KSI>
      <KGmin>0.053072576798412256</KGmin>
      <RangeKG>0.15905539076360312</RangeKG>
      <AG>0.87381117719336143</AG>
      <KInfiltration>0.65077901918229708</KInfiltration>
      <PERC>2.392689446911294</PERC>
      <Alpha>0</Alpha>
      <UZL>34.801714560776006</UZL>
      <K0>0.35339096415130816</K0>
      <K1>0.13127073308443776</K1>
      <K2>0.0094000354901676523</K2>
      <MAXBAS>1.6401053876634402</MAXBAS>
      <Cet>0</Cet>
      <PCALT>10</PCALT>
      <TCALT>0.6</TCALT>
      <Pelev>3739</Pelev>
      <Telev>3307</Telev>
      <PART>0.5</PART>
      <DELAY>1</DELAY>
    </SubCatchmentParameters>
    <SubCatchmentVegetationZone>
      <SubCatchmentVegetationZoneParameters>
        <TT>-0.14886120641760042</TT>
        <CFMAX>1.4889259110890245</CFMAX>
        <SP>-0.48901557138560159</SP>
        <SFCF>1.1428872031389028</SFCF>
        <CFR>0.07717784196482487</CFR>
        <CWH>0.04191659173221296</CWH>
        <CFGlacier>0.51810604031434015</CFGlacier>
        <CFSlope>0.24081954262198865</CFSlope>
        <FC>487.08062357827208</FC>
        <LP>0.5145496827900049</LP>
        <BETA>2.3223055874972074</BETA>
      </SubCatchmentVegetationZoneParameters>
    </SubCatchmentVegetationZone>
  </SubCatchment>
</Catchment>