<?xml version="1.0" encoding="utf-8"?>
<Catchment xmlns:xsi="http://www.w3.org/2001/XMLSchema-instance" xmlns:xsd="http://www.w3.org/2001/XMLSchema">
  <CatchmentParameters>
    <KSI>0.0027515948144985988</KSI>
    <KGmin>0.010094889905478185</KGmin>
    <RangeKG>0.26043570595538945</RangeKG>
    <AG>0.99994924031223842</AG>
    <KInfiltration>0.99998072631434631</KInfiltration>
    <PERC>1.9264864703253353</PERC>
    <Alpha>0</Alpha>
    <UZL>83.892246180514761</UZL>
    <K0>0.50217315674641139</K0>
    <K1>0.097529198232026673</K1>
    <K2>0.015185658890787766</K2>
    <MAXBAS>1.0000844133347229</MAXBAS>
    <Cet>0</Cet>
    <PCALT>10</PCALT>
    <TCALT>0.6</TCALT>
    <Pelev>3739</Pelev>
    <Telev>3307</Telev>
    <PART>0.5</PART>
    <DELAY>1</DELAY>
  </CatchmentParameters>
  <VegetationZone>
    <VegetationZoneParameters>
      <TT>-1.7222563561395945</TT>
      <CFMAX>0.66712845025810807</CFMAX>
      <SP>0.049381547867375072</SP>
      <SFCF>1.0243826404161058</SFCF>
      <CFR>0.0393226033801368</CFR>
      <CWH>0.046456223618526381</CWH>
      <CFGlacier>0.21641723337267252</CFGlacier>
      <CFSlope>0.27508137385485881</CFSlope>
      <FC>498.15254434955472</FC>
      <LP>0.66643953397565114</LP>
      <BETA>5.9994802863555075</BETA>
    </VegetationZoneParameters>
  </VegetationZone>
  <SubCatchment>
    <SubCatchmentParameters>
      <KSI>0.0027515948144985988</KSI>
      <KGmin>0.010094889905478185</KGmin>
      <RangeKG>0.26043570595538945</RangeKG>
      <AG>0.99994924031223842</AG>
      <KInfiltration>0.99998072631434631</KInfiltration>
      <PERC>1.9264864703253353</PERC>
      <Alpha>0</Alpha>
      <UZL>83.892246180514761</UZL>
      <K0>0.50217315674641139</K0>
      <K1>0.097529198232026673</K1>
      <K2>0.015185658890787766</K2>
      <MAXBAS>1.0000844133347229</MAXBAS>
      <Cet>0</Cet>
      <PCALT>10</PCALT>
      <TCALT>0.6</TCALT>
      <Pelev>3739</Pelev>
      <Telev>3307</Telev>
      <PART>0.5</PART>
      <DELAY>1</DELAY>
    </SubCatchmentParameters>
    <SubCatchmentVegetationZone>
      <SubCatchmentVegetationZoneParameters>
        <TT>-1.7222563561395945</TT>
        <CFMAX>0.66712845025810807</CFMAX>
        <SP>0.049381547867375072</SP>
        <SFCF>1.0243826404161058</SFCF>
        <CFR>0.0393226033801368</CFR>
        <CWH>0.046456223618526381</CWH>
        <CFGlacier>0.21641723337267252</CFGlacier>
        <CFSlope>0.27508137385485881</CFSlope>
        <FC>498.15254434955472</FC>
        <LP>0.66643953397565114</LP>
        <BETA>5.9994802863555075</BETA>
      </SubCatchmentVegetationZoneParameters>
    </SubCatchmentVegetationZone>
  </SubCatchment>
</Catchment>