<?xml version="1.0" encoding="utf-8"?>
<Catchment xmlns:xsi="http://www.w3.org/2001/XMLSchema-instance" xmlns:xsd="http://www.w3.org/2001/XMLSchema">
  <CatchmentParameters>
    <KSI>0.002420396809475481</KSI>
    <KGmin>0.19997929946394791</KGmin>
    <RangeKG>0.10000088178954031</RangeKG>
    <AG>0.32907698894508475</AG>
    <KInfiltration>0.61598656184381151</KInfiltration>
    <PERC>1.7376828569179428</PERC>
    <Alpha>0</Alpha>
    <UZL>23.438229195034317</UZL>
    <K0>0.73995293147246866</K0>
    <K1>0.20148767369268045</K1>
    <K2>0.0033454805144624887</K2>
    <MAXBAS>1.9080783505678665</MAXBAS>
    <Cet>0</Cet>
    <PCALT>10</PCALT>
    <TCALT>0.6</TCALT>
    <Pelev>3739</Pelev>
    <Telev>3307</Telev>
    <PART>0.5</PART>
    <DELAY>1</DELAY>
  </CatchmentParameters>
  <VegetationZone>
    <VegetationZoneParameters>
      <TT>-0.28513608380985933</TT>
      <CFMAX>0.992660397523991</CFMAX>
      <SP>-0.36855056885994014</SP>
      <SFCF>1.1428731782464459</SFCF>
      <CFR>0.017285303087769557</CFR>
      <CWH>0.17398887298156202</CWH>
      <CFGlacier>0.23535135059187634</CFGlacier>
      <CFSlope>0.27446559909036444</CFSlope>
      <FC>382.02374276814186</FC>
      <LP>0.54422210381379854</LP>
      <BETA>3.0247909498151131</BETA>
    </VegetationZoneParameters>
  </VegetationZone>
  <SubCatchment>
    <SubCatchmentParameters>
      <KSI>0.002420396809475481</KSI>
      <KGmin>0.19997929946394791</KGmin>
      <RangeKG>0.10000088178954031</RangeKG>
      <AG>0.32907698894508475</AG>
      <KInfiltration>0.61598656184381151</KInfiltration>
      <PERC>1.7376828569179428</PERC>
      <Alpha>0</Alpha>
      <UZL>23.438229195034317</UZL>
      <K0>0.73995293147246866</K0>
      <K1>0.20148767369268045</K1>
      <K2>0.0033454805144624887</K2>
      <MAXBAS>1.9080783505678665</MAXBAS>
      <Cet>0</Cet>
      <PCALT>10</PCALT>
      <TCALT>0.6</TCALT>
      <Pelev>3739</Pelev>
      <Telev>3307</Telev>
      <PART>0.5</PART>
      <DELAY>1</DELAY>
    </SubCatchmentParameters>
    <SubCatchmentVegetationZone>
      <SubCatchmentVegetationZoneParameters>
        <TT>-0.28513608380985933</TT>
        <CFMAX>0.992660397523991</CFMAX>
        <SP>-0.36855056885994014</SP>
        <SFCF>1.1428731782464459</SFCF>
        <CFR>0.017285303087769557</CFR>
        <CWH>0.17398887298156202</CWH>
        <CFGlacier>0.23535135059187634</CFGlacier>
        <CFSlope>0.27446559909036444</CFSlope>
        <FC>382.02374276814186</FC>
        <LP>0.54422210381379854</LP>
        <BETA>3.0247909498151131</BETA>
      </SubCatchmentVegetationZoneParameters>
    </SubCatchmentVegetationZone>
  </SubCatchment>
</Catchment>