<?xml version="1.0" encoding="utf-8"?>
<Catchment xmlns:xsi="http://www.w3.org/2001/XMLSchema-instance" xmlns:xsd="http://www.w3.org/2001/XMLSchema">
  <CatchmentParameters>
    <KSI>0.0017459837103760234</KSI>
    <KGmin>0.18026804702512547</KGmin>
    <RangeKG>0.14603743400687788</RangeKG>
    <AG>0.00262388734082931</AG>
    <KInfiltration>0.27693214043477243</KInfiltration>
    <PERC>2.2709358424261397</PERC>
    <Alpha>0</Alpha>
    <UZL>57.589986302090857</UZL>
    <K0>0.59296399428693658</K0>
    <K1>0.098330165677246922</K1>
    <K2>0.0059911005305412646</K2>
    <MAXBAS>1.8197034569108683</MAXBAS>
    <Cet>0</Cet>
    <PCALT>10</PCALT>
    <TCALT>0.6</TCALT>
    <Pelev>3739</Pelev>
    <Telev>3307</Telev>
    <PART>0.5</PART>
    <DELAY>1</DELAY>
  </CatchmentParameters>
  <VegetationZone>
    <VegetationZoneParameters>
      <TT>-0.34865545835614886</TT>
      <CFMAX>0.60053205550478028</CFMAX>
      <SP>0.25732854608826206</SP>
      <SFCF>1.0199224738681785</SFCF>
      <CFR>0.030246758645072511</CFR>
      <CWH>0.090840287717248891</CWH>
      <CFGlacier>0.86276436377215748</CFGlacier>
      <CFSlope>0.26582267216160493</CFSlope>
      <FC>334.65741314858127</FC>
      <LP>0.87161439763888415</LP>
      <BETA>2.3158744037972978</BETA>
    </VegetationZoneParameters>
  </VegetationZone>
  <SubCatchment>
    <SubCatchmentParameters>
      <KSI>0.0017459837103760234</KSI>
      <KGmin>0.18026804702512547</KGmin>
      <RangeKG>0.14603743400687788</RangeKG>
      <AG>0.00262388734082931</AG>
      <KInfiltration>0.27693214043477243</KInfiltration>
      <PERC>2.2709358424261397</PERC>
      <Alpha>0</Alpha>
      <UZL>57.589986302090857</UZL>
      <K0>0.59296399428693658</K0>
      <K1>0.098330165677246922</K1>
      <K2>0.0059911005305412646</K2>
      <MAXBAS>1.8197034569108683</MAXBAS>
      <Cet>0</Cet>
      <PCALT>10</PCALT>
      <TCALT>0.6</TCALT>
      <Pelev>3739</Pelev>
      <Telev>3307</Telev>
      <PART>0.5</PART>
      <DELAY>1</DELAY>
    </SubCatchmentParameters>
    <SubCatchmentVegetationZone>
      <SubCatchmentVegetationZoneParameters>
        <TT>-0.34865545835614886</TT>
        <CFMAX>0.60053205550478028</CFMAX>
        <SP>0.25732854608826206</SP>
        <SFCF>1.0199224738681785</SFCF>
        <CFR>0.030246758645072511</CFR>
        <CWH>0.090840287717248891</CWH>
        <CFGlacier>0.86276436377215748</CFGlacier>
        <CFSlope>0.26582267216160493</CFSlope>
        <FC>334.65741314858127</FC>
        <LP>0.87161439763888415</LP>
        <BETA>2.3158744037972978</BETA>
      </SubCatchmentVegetationZoneParameters>
    </SubCatchmentVegetationZone>
  </SubCatchment>
</Catchment>