<?xml version="1.0" encoding="utf-8"?>
<Catchment xmlns:xsi="http://www.w3.org/2001/XMLSchema-instance" xmlns:xsd="http://www.w3.org/2001/XMLSchema">
  <CatchmentParameters>
    <KSI>0.0023900080128102588</KSI>
    <KGmin>0.19999934822274079</KGmin>
    <RangeKG>0.17607646453817272</RangeKG>
    <AG>0.99982693748788087</AG>
    <KInfiltration>0.94281500131032148</KInfiltration>
    <PERC>1.9835532863164567</PERC>
    <Alpha>0</Alpha>
    <UZL>33.0237807972101</UZL>
    <K0>0.62810765984758288</K0>
    <K1>0.14425686157326159</K1>
    <K2>0.0091193945330532364</K2>
    <MAXBAS>1.7549738735967972</MAXBAS>
    <Cet>0</Cet>
    <PCALT>10</PCALT>
    <TCALT>0.6</TCALT>
    <Pelev>3739</Pelev>
    <Telev>3307</Telev>
    <PART>0.5</PART>
    <DELAY>1</DELAY>
  </CatchmentParameters>
  <VegetationZone>
    <VegetationZoneParameters>
      <TT>-1.2160010477354888</TT>
      <CFMAX>0.76412081173353663</CFMAX>
      <SP>-0.27397755266995438</SP>
      <SFCF>1.1927928891265482</SFCF>
      <CFR>0.0483787524176025</CFR>
      <CWH>0.037809717606959614</CWH>
      <CFGlacier>0.15932310252270998</CFGlacier>
      <CFSlope>0.29365005565318314</CFSlope>
      <FC>508.23826506136726</FC>
      <LP>0.49413048693589517</LP>
      <BETA>2.8911704843670631</BETA>
    </VegetationZoneParameters>
  </VegetationZone>
  <SubCatchment>
    <SubCatchmentParameters>
      <KSI>0.0023900080128102588</KSI>
      <KGmin>0.19999934822274079</KGmin>
      <RangeKG>0.17607646453817272</RangeKG>
      <AG>0.99982693748788087</AG>
      <KInfiltration>0.94281500131032148</KInfiltration>
      <PERC>1.9835532863164567</PERC>
      <Alpha>0</Alpha>
      <UZL>33.0237807972101</UZL>
      <K0>0.62810765984758288</K0>
      <K1>0.14425686157326159</K1>
      <K2>0.0091193945330532364</K2>
      <MAXBAS>1.7549738735967972</MAXBAS>
      <Cet>0</Cet>
      <PCALT>10</PCALT>
      <TCALT>0.6</TCALT>
      <Pelev>3739</Pelev>
      <Telev>3307</Telev>
      <PART>0.5</PART>
      <DELAY>1</DELAY>
    </SubCatchmentParameters>
    <SubCatchmentVegetationZone>
      <SubCatchmentVegetationZoneParameters>
        <TT>-1.2160010477354888</TT>
        <CFMAX>0.76412081173353663</CFMAX>
        <SP>-0.27397755266995438</SP>
        <SFCF>1.1927928891265482</SFCF>
        <CFR>0.0483787524176025</CFR>
        <CWH>0.037809717606959614</CWH>
        <CFGlacier>0.15932310252270998</CFGlacier>
        <CFSlope>0.29365005565318314</CFSlope>
        <FC>508.23826506136726</FC>
        <LP>0.49413048693589517</LP>
        <BETA>2.8911704843670631</BETA>
      </SubCatchmentVegetationZoneParameters>
    </SubCatchmentVegetationZone>
  </SubCatchment>
</Catchment>