<?xml version="1.0" encoding="utf-8"?>
<Catchment xmlns:xsi="http://www.w3.org/2001/XMLSchema-instance" xmlns:xsd="http://www.w3.org/2001/XMLSchema">
  <CatchmentParameters>
    <KSI>0.0021115617201420919</KSI>
    <KGmin>0.18791825173652729</KGmin>
    <RangeKG>0.10000005465552345</RangeKG>
    <AG>0.615939978208234</AG>
    <KInfiltration>0.48814764635681324</KInfiltration>
    <PERC>2.0052506399949621</PERC>
    <Alpha>0</Alpha>
    <UZL>23.904075396557857</UZL>
    <K0>0.7534881149836955</K0>
    <K1>0.1716387830918196</K1>
    <K2>0.0032287157540748556</K2>
    <MAXBAS>1.8924243397173286</MAXBAS>
    <Cet>0</Cet>
    <PCALT>10</PCALT>
    <TCALT>0.6</TCALT>
    <Pelev>3739</Pelev>
    <Telev>3307</Telev>
    <PART>0.5</PART>
    <DELAY>1</DELAY>
  </CatchmentParameters>
  <VegetationZone>
    <VegetationZoneParameters>
      <TT>-0.052251438260225214</TT>
      <CFMAX>0.6456536638788678</CFMAX>
      <SP>0.14165009434464218</SP>
      <SFCF>1.1628205188124809</SFCF>
      <CFR>1.5903887175341437E-07</CFR>
      <CWH>0.11672588993921124</CWH>
      <CFGlacier>0.23927721460561147</CFGlacier>
      <CFSlope>0.27228906727053559</CFSlope>
      <FC>540.71837061609392</FC>
      <LP>0.69376373067127706</LP>
      <BETA>2.3906104147553098</BETA>
    </VegetationZoneParameters>
  </VegetationZone>
  <SubCatchment>
    <SubCatchmentParameters>
      <KSI>0.0021115617201420919</KSI>
      <KGmin>0.18791825173652729</KGmin>
      <RangeKG>0.10000005465552345</RangeKG>
      <AG>0.615939978208234</AG>
      <KInfiltration>0.48814764635681324</KInfiltration>
      <PERC>2.0052506399949621</PERC>
      <Alpha>0</Alpha>
      <UZL>23.904075396557857</UZL>
      <K0>0.7534881149836955</K0>
      <K1>0.1716387830918196</K1>
      <K2>0.0032287157540748556</K2>
      <MAXBAS>1.8924243397173286</MAXBAS>
      <Cet>0</Cet>
      <PCALT>10</PCALT>
      <TCALT>0.6</TCALT>
      <Pelev>3739</Pelev>
      <Telev>3307</Telev>
      <PART>0.5</PART>
      <DELAY>1</DELAY>
    </SubCatchmentParameters>
    <SubCatchmentVegetationZone>
      <SubCatchmentVegetationZoneParameters>
        <TT>-0.052251438260225214</TT>
        <CFMAX>0.6456536638788678</CFMAX>
        <SP>0.14165009434464218</SP>
        <SFCF>1.1628205188124809</SFCF>
        <CFR>1.5903887175341437E-07</CFR>
        <CWH>0.11672588993921124</CWH>
        <CFGlacier>0.23927721460561147</CFGlacier>
        <CFSlope>0.27228906727053559</CFSlope>
        <FC>540.71837061609392</FC>
        <LP>0.69376373067127706</LP>
        <BETA>2.3906104147553098</BETA>
      </SubCatchmentVegetationZoneParameters>
    </SubCatchmentVegetationZone>
  </SubCatchment>
</Catchment>