<?xml version="1.0" encoding="utf-8"?>
<Catchment xmlns:xsi="http://www.w3.org/2001/XMLSchema-instance" xmlns:xsd="http://www.w3.org/2001/XMLSchema">
  <CatchmentParameters>
    <KSI>0.0017359729856935347</KSI>
    <KGmin>0.11773087911578806</KGmin>
    <RangeKG>0.13024618476450214</RangeKG>
    <AG>0.38549996163142131</AG>
    <KInfiltration>0.46667971962137056</KInfiltration>
    <PERC>2.227010604379839</PERC>
    <Alpha>0</Alpha>
    <UZL>35.226386114956469</UZL>
    <K0>0.32574275212627574</K0>
    <K1>0.12948643740831906</K1>
    <K2>0.0086526809332190986</K2>
    <MAXBAS>1.5689330275636573</MAXBAS>
    <Cet>0</Cet>
    <PCALT>10</PCALT>
    <TCALT>0.6</TCALT>
    <Pelev>3739</Pelev>
    <Telev>3307</Telev>
    <PART>0.5</PART>
    <DELAY>1</DELAY>
  </CatchmentParameters>
  <VegetationZone>
    <VegetationZoneParameters>
      <TT>0.6444419453265724</TT>
      <CFMAX>1.71061336719036</CFMAX>
      <SP>-0.47118110626201576</SP>
      <SFCF>1.123036783380964</SFCF>
      <CFR>0.036111420012860558</CFR>
      <CWH>0.042981753654003647</CWH>
      <CFGlacier>0.554901321307165</CFGlacier>
      <CFSlope>0.24125101012647568</CFSlope>
      <FC>638.719210641104</FC>
      <LP>0.68598240361877671</LP>
      <BETA>2.1854200414038045</BETA>
    </VegetationZoneParameters>
  </VegetationZone>
  <SubCatchment>
    <SubCatchmentParameters>
      <KSI>0.0017359729856935347</KSI>
      <KGmin>0.11773087911578806</KGmin>
      <RangeKG>0.13024618476450214</RangeKG>
      <AG>0.38549996163142131</AG>
      <KInfiltration>0.46667971962137056</KInfiltration>
      <PERC>2.227010604379839</PERC>
      <Alpha>0</Alpha>
      <UZL>35.226386114956469</UZL>
      <K0>0.32574275212627574</K0>
      <K1>0.12948643740831906</K1>
      <K2>0.0086526809332190986</K2>
      <MAXBAS>1.5689330275636573</MAXBAS>
      <Cet>0</Cet>
      <PCALT>10</PCALT>
      <TCALT>0.6</TCALT>
      <Pelev>3739</Pelev>
      <Telev>3307</Telev>
      <PART>0.5</PART>
      <DELAY>1</DELAY>
    </SubCatchmentParameters>
    <SubCatchmentVegetationZone>
      <SubCatchmentVegetationZoneParameters>
        <TT>0.6444419453265724</TT>
        <CFMAX>1.71061336719036</CFMAX>
        <SP>-0.47118110626201576</SP>
        <SFCF>1.123036783380964</SFCF>
        <CFR>0.036111420012860558</CFR>
        <CWH>0.042981753654003647</CWH>
        <CFGlacier>0.554901321307165</CFGlacier>
        <CFSlope>0.24125101012647568</CFSlope>
        <FC>638.719210641104</FC>
        <LP>0.68598240361877671</LP>
        <BETA>2.1854200414038045</BETA>
      </SubCatchmentVegetationZoneParameters>
    </SubCatchmentVegetationZone>
  </SubCatchment>
</Catchment>