<?xml version="1.0" encoding="utf-8"?>
<Catchment xmlns:xsi="http://www.w3.org/2001/XMLSchema-instance" xmlns:xsd="http://www.w3.org/2001/XMLSchema">
  <CatchmentParameters>
    <KSI>0.0024361740400146818</KSI>
    <KGmin>0.12168395297898428</KGmin>
    <RangeKG>0.25075037709920289</RangeKG>
    <AG>0.26920999117736089</AG>
    <KInfiltration>0.35690961261760434</KInfiltration>
    <PERC>2.2967351430722664</PERC>
    <Alpha>0</Alpha>
    <UZL>33.899607298045595</UZL>
    <K0>0.42727504398828803</K0>
    <K1>0.17576351623529632</K1>
    <K2>0.0068363296206313887</K2>
    <MAXBAS>1.7385402117296105</MAXBAS>
    <Cet>0</Cet>
    <PCALT>10</PCALT>
    <TCALT>0.6</TCALT>
    <Pelev>3739</Pelev>
    <Telev>3307</Telev>
    <PART>0.5</PART>
    <DELAY>1</DELAY>
  </CatchmentParameters>
  <VegetationZone>
    <VegetationZoneParameters>
      <TT>0.41195398263857075</TT>
      <CFMAX>1.3668569943586444</CFMAX>
      <SP>-0.54184884021386737</SP>
      <SFCF>1.1964822547775678</SFCF>
      <CFR>0.0999943524881285</CFR>
      <CWH>0.018301535800022292</CWH>
      <CFGlacier>0.75073189999928081</CFGlacier>
      <CFSlope>0.21170231993139962</CFSlope>
      <FC>471.24342952222514</FC>
      <LP>0.60106730603367986</LP>
      <BETA>2.5036704136323933</BETA>
    </VegetationZoneParameters>
  </VegetationZone>
  <SubCatchment>
    <SubCatchmentParameters>
      <KSI>0.0024361740400146818</KSI>
      <KGmin>0.12168395297898428</KGmin>
      <RangeKG>0.25075037709920289</RangeKG>
      <AG>0.26920999117736089</AG>
      <KInfiltration>0.35690961261760434</KInfiltration>
      <PERC>2.2967351430722664</PERC>
      <Alpha>0</Alpha>
      <UZL>33.899607298045595</UZL>
      <K0>0.42727504398828803</K0>
      <K1>0.17576351623529632</K1>
      <K2>0.0068363296206313887</K2>
      <MAXBAS>1.7385402117296105</MAXBAS>
      <Cet>0</Cet>
      <PCALT>10</PCALT>
      <TCALT>0.6</TCALT>
      <Pelev>3739</Pelev>
      <Telev>3307</Telev>
      <PART>0.5</PART>
      <DELAY>1</DELAY>
    </SubCatchmentParameters>
    <SubCatchmentVegetationZone>
      <SubCatchmentVegetationZoneParameters>
        <TT>0.41195398263857075</TT>
        <CFMAX>1.3668569943586444</CFMAX>
        <SP>-0.54184884021386737</SP>
        <SFCF>1.1964822547775678</SFCF>
        <CFR>0.0999943524881285</CFR>
        <CWH>0.018301535800022292</CWH>
        <CFGlacier>0.75073189999928081</CFGlacier>
        <CFSlope>0.21170231993139962</CFSlope>
        <FC>471.24342952222514</FC>
        <LP>0.60106730603367986</LP>
        <BETA>2.5036704136323933</BETA>
      </SubCatchmentVegetationZoneParameters>
    </SubCatchmentVegetationZone>
  </SubCatchment>
</Catchment>