<?xml version="1.0" encoding="utf-8"?>
<Catchment xmlns:xsi="http://www.w3.org/2001/XMLSchema-instance" xmlns:xsd="http://www.w3.org/2001/XMLSchema">
  <CatchmentParameters>
    <KSI>0.0014279414776641574</KSI>
    <KGmin>0.16382861668776824</KGmin>
    <RangeKG>0.18465085857555882</RangeKG>
    <AG>0.0015817737693036452</AG>
    <KInfiltration>0.34854977594210429</KInfiltration>
    <PERC>2.0662750935741965</PERC>
    <Alpha>0</Alpha>
    <UZL>69.0676034538654</UZL>
    <K0>0.50148054742794823</K0>
    <K1>0.077382719300404648</K1>
    <K2>0.00698113220157063</K2>
    <MAXBAS>1.848532319097016</MAXBAS>
    <Cet>0</Cet>
    <PCALT>10</PCALT>
    <TCALT>0.6</TCALT>
    <Pelev>3739</Pelev>
    <Telev>3307</Telev>
    <PART>0.5</PART>
    <DELAY>1</DELAY>
  </CatchmentParameters>
  <VegetationZone>
    <VegetationZoneParameters>
      <TT>-0.15209039809642772</TT>
      <CFMAX>0.91663555773255</CFMAX>
      <SP>-0.027358280770002921</SP>
      <SFCF>1.0571840716184349</SFCF>
      <CFR>6.4173465874694735E-08</CFR>
      <CWH>0.064354803458255033</CWH>
      <CFGlacier>0.604278246566283</CFGlacier>
      <CFSlope>0.26716856341507172</CFSlope>
      <FC>429.28870459437786</FC>
      <LP>0.6630417060140803</LP>
      <BETA>2.7347893562524495</BETA>
    </VegetationZoneParameters>
  </VegetationZone>
  <SubCatchment>
    <SubCatchmentParameters>
      <KSI>0.0014279414776641574</KSI>
      <KGmin>0.16382861668776824</KGmin>
      <RangeKG>0.18465085857555882</RangeKG>
      <AG>0.0015817737693036452</AG>
      <KInfiltration>0.34854977594210429</KInfiltration>
      <PERC>2.0662750935741965</PERC>
      <Alpha>0</Alpha>
      <UZL>69.0676034538654</UZL>
      <K0>0.50148054742794823</K0>
      <K1>0.077382719300404648</K1>
      <K2>0.00698113220157063</K2>
      <MAXBAS>1.848532319097016</MAXBAS>
      <Cet>0</Cet>
      <PCALT>10</PCALT>
      <TCALT>0.6</TCALT>
      <Pelev>3739</Pelev>
      <Telev>3307</Telev>
      <PART>0.5</PART>
      <DELAY>1</DELAY>
    </SubCatchmentParameters>
    <SubCatchmentVegetationZone>
      <SubCatchmentVegetationZoneParameters>
        <TT>-0.15209039809642772</TT>
        <CFMAX>0.91663555773255</CFMAX>
        <SP>-0.027358280770002921</SP>
        <SFCF>1.0571840716184349</SFCF>
        <CFR>6.4173465874694735E-08</CFR>
        <CWH>0.064354803458255033</CWH>
        <CFGlacier>0.604278246566283</CFGlacier>
        <CFSlope>0.26716856341507172</CFSlope>
        <FC>429.28870459437786</FC>
        <LP>0.6630417060140803</LP>
        <BETA>2.7347893562524495</BETA>
      </SubCatchmentVegetationZoneParameters>
    </SubCatchmentVegetationZone>
  </SubCatchment>
</Catchment>