<?xml version="1.0" encoding="utf-8"?>
<Catchment xmlns:xsi="http://www.w3.org/2001/XMLSchema-instance" xmlns:xsd="http://www.w3.org/2001/XMLSchema">
  <CatchmentParameters>
    <KSI>0.0025690237818854823</KSI>
    <KGmin>0.19999643737967948</KGmin>
    <RangeKG>0.10000218762148065</RangeKG>
    <AG>0.0031889494448665654</AG>
    <KInfiltration>0.46315468278984712</KInfiltration>
    <PERC>3.7738718982810506</PERC>
    <Alpha>0</Alpha>
    <UZL>41.642538615007958</UZL>
    <K0>0.64649549401155293</K0>
    <K1>0.041491466361790935</K1>
    <K2>0.0056555124737790938</K2>
    <MAXBAS>1.6400511449845852</MAXBAS>
    <Cet>0</Cet>
    <PCALT>10</PCALT>
    <TCALT>0.6</TCALT>
    <Pelev>3739</Pelev>
    <Telev>3307</Telev>
    <PART>0.5</PART>
    <DELAY>1</DELAY>
  </CatchmentParameters>
  <VegetationZone>
    <VegetationZoneParameters>
      <TT>-0.9692691145044614</TT>
      <CFMAX>1.619585582528694</CFMAX>
      <SP>0.0231742993138912</SP>
      <SFCF>1.0457942059171608</SFCF>
      <CFR>0.0031964302021268128</CFR>
      <CWH>0.069059215093185716</CWH>
      <CFGlacier>0.080177876541886892</CFGlacier>
      <CFSlope>0.91705200021096289</CFSlope>
      <FC>491.80857984526949</FC>
      <LP>0.51817824741383278</LP>
      <BETA>2.261113170074728</BETA>
    </VegetationZoneParameters>
  </VegetationZone>
  <SubCatchment>
    <SubCatchmentParameters>
      <KSI>0.0025690237818854823</KSI>
      <KGmin>0.19999643737967948</KGmin>
      <RangeKG>0.10000218762148065</RangeKG>
      <AG>0.0031889494448665654</AG>
      <KInfiltration>0.46315468278984712</KInfiltration>
      <PERC>3.7738718982810506</PERC>
      <Alpha>0</Alpha>
      <UZL>41.642538615007958</UZL>
      <K0>0.64649549401155293</K0>
      <K1>0.041491466361790935</K1>
      <K2>0.0056555124737790938</K2>
      <MAXBAS>1.6400511449845852</MAXBAS>
      <Cet>0</Cet>
      <PCALT>10</PCALT>
      <TCALT>0.6</TCALT>
      <Pelev>3739</Pelev>
      <Telev>3307</Telev>
      <PART>0.5</PART>
      <DELAY>1</DELAY>
    </SubCatchmentParameters>
    <SubCatchmentVegetationZone>
      <SubCatchmentVegetationZoneParameters>
        <TT>-0.9692691145044614</TT>
        <CFMAX>1.619585582528694</CFMAX>
        <SP>0.0231742993138912</SP>
        <SFCF>1.0457942059171608</SFCF>
        <CFR>0.0031964302021268128</CFR>
        <CWH>0.069059215093185716</CWH>
        <CFGlacier>0.080177876541886892</CFGlacier>
        <CFSlope>0.91705200021096289</CFSlope>
        <FC>491.80857984526949</FC>
        <LP>0.51817824741383278</LP>
        <BETA>2.261113170074728</BETA>
      </SubCatchmentVegetationZoneParameters>
    </SubCatchmentVegetationZone>
  </SubCatchment>
</Catchment>