<?xml version="1.0" encoding="utf-8"?>
<Catchment xmlns:xsi="http://www.w3.org/2001/XMLSchema-instance" xmlns:xsd="http://www.w3.org/2001/XMLSchema">
  <CatchmentParameters>
    <KSI>0.0020205757233641547</KSI>
    <KGmin>0.19999923071349657</KGmin>
    <RangeKG>0.10000135874761051</RangeKG>
    <AG>0.99719091966801632</AG>
    <KInfiltration>0.51547242297289886</KInfiltration>
    <PERC>2.2896840186218381</PERC>
    <Alpha>0</Alpha>
    <UZL>49.234558379073626</UZL>
    <K0>0.62968782498144948</K0>
    <K1>0.056120708282037336</K1>
    <K2>0.0072129628148316681</K2>
    <MAXBAS>1.5150110281076095</MAXBAS>
    <Cet>0</Cet>
    <PCALT>10</PCALT>
    <TCALT>0.6</TCALT>
    <Pelev>3739</Pelev>
    <Telev>3307</Telev>
    <PART>0.5</PART>
    <DELAY>1</DELAY>
  </CatchmentParameters>
  <VegetationZone>
    <VegetationZoneParameters>
      <TT>-0.70468620502915391</TT>
      <CFMAX>0.62662132070017473</CFMAX>
      <SP>0.32296985944311252</SP>
      <SFCF>1.1838783480406325</SFCF>
      <CFR>0.065502843825684942</CFR>
      <CWH>0.027372077182590337</CWH>
      <CFGlacier>0.038920261513252744</CFGlacier>
      <CFSlope>0.34106928358154365</CFSlope>
      <FC>544.90015025099808</FC>
      <LP>0.543293760686178</LP>
      <BETA>3.335709638929421</BETA>
    </VegetationZoneParameters>
  </VegetationZone>
  <SubCatchment>
    <SubCatchmentParameters>
      <KSI>0.0020205757233641547</KSI>
      <KGmin>0.19999923071349657</KGmin>
      <RangeKG>0.10000135874761051</RangeKG>
      <AG>0.99719091966801632</AG>
      <KInfiltration>0.51547242297289886</KInfiltration>
      <PERC>2.2896840186218381</PERC>
      <Alpha>0</Alpha>
      <UZL>49.234558379073626</UZL>
      <K0>0.62968782498144948</K0>
      <K1>0.056120708282037336</K1>
      <K2>0.0072129628148316681</K2>
      <MAXBAS>1.5150110281076095</MAXBAS>
      <Cet>0</Cet>
      <PCALT>10</PCALT>
      <TCALT>0.6</TCALT>
      <Pelev>3739</Pelev>
      <Telev>3307</Telev>
      <PART>0.5</PART>
      <DELAY>1</DELAY>
    </SubCatchmentParameters>
    <SubCatchmentVegetationZone>
      <SubCatchmentVegetationZoneParameters>
        <TT>-0.70468620502915391</TT>
        <CFMAX>0.62662132070017473</CFMAX>
        <SP>0.32296985944311252</SP>
        <SFCF>1.1838783480406325</SFCF>
        <CFR>0.065502843825684942</CFR>
        <CWH>0.027372077182590337</CWH>
        <CFGlacier>0.038920261513252744</CFGlacier>
        <CFSlope>0.34106928358154365</CFSlope>
        <FC>544.90015025099808</FC>
        <LP>0.543293760686178</LP>
        <BETA>3.335709638929421</BETA>
      </SubCatchmentVegetationZoneParameters>
    </SubCatchmentVegetationZone>
  </SubCatchment>
</Catchment>