<?xml version="1.0" encoding="utf-8"?>
<Catchment xmlns:xsi="http://www.w3.org/2001/XMLSchema-instance" xmlns:xsd="http://www.w3.org/2001/XMLSchema">
  <CatchmentParameters>
    <KSI>0.0017850119765364296</KSI>
    <KGmin>0.035253582197154368</KGmin>
    <RangeKG>0.20999987116873584</RangeKG>
    <AG>0.01317067112788984</AG>
    <KInfiltration>0.56474974224815666</KInfiltration>
    <PERC>4.3589700934085966</PERC>
    <Alpha>0</Alpha>
    <UZL>50.182839413595048</UZL>
    <K0>0.77985240891469143</K0>
    <K1>0.092654204456123365</K1>
    <K2>0.0088802770994850372</K2>
    <MAXBAS>2.0249596330611506</MAXBAS>
    <Cet>0</Cet>
    <PCALT>10</PCALT>
    <TCALT>0.6</TCALT>
    <Pelev>3739</Pelev>
    <Telev>3307</Telev>
    <PART>0.5</PART>
    <DELAY>1</DELAY>
  </CatchmentParameters>
  <VegetationZone>
    <VegetationZoneParameters>
      <TT>-1.7624511791484372</TT>
      <CFMAX>2.9926328521083927</CFMAX>
      <SP>-0.378901113105415</SP>
      <SFCF>1.0278480581764591</SFCF>
      <CFR>0.032415040388049036</CFR>
      <CWH>0.049736612362636559</CWH>
      <CFGlacier>0.56244909488603534</CFGlacier>
      <CFSlope>0.94486461955398959</CFSlope>
      <FC>659.42339024520436</FC>
      <LP>0.43621001816335825</LP>
      <BETA>2.9729885198484443</BETA>
    </VegetationZoneParameters>
  </VegetationZone>
  <SubCatchment>
    <SubCatchmentParameters>
      <KSI>0.0017850119765364296</KSI>
      <KGmin>0.035253582197154368</KGmin>
      <RangeKG>0.20999987116873584</RangeKG>
      <AG>0.01317067112788984</AG>
      <KInfiltration>0.56474974224815666</KInfiltration>
      <PERC>4.3589700934085966</PERC>
      <Alpha>0</Alpha>
      <UZL>50.182839413595048</UZL>
      <K0>0.77985240891469143</K0>
      <K1>0.092654204456123365</K1>
      <K2>0.0088802770994850372</K2>
      <MAXBAS>2.0249596330611506</MAXBAS>
      <Cet>0</Cet>
      <PCALT>10</PCALT>
      <TCALT>0.6</TCALT>
      <Pelev>3739</Pelev>
      <Telev>3307</Telev>
      <PART>0.5</PART>
      <DELAY>1</DELAY>
    </SubCatchmentParameters>
    <SubCatchmentVegetationZone>
      <SubCatchmentVegetationZoneParameters>
        <TT>-1.7624511791484372</TT>
        <CFMAX>2.9926328521083927</CFMAX>
        <SP>-0.378901113105415</SP>
        <SFCF>1.0278480581764591</SFCF>
        <CFR>0.032415040388049036</CFR>
        <CWH>0.049736612362636559</CWH>
        <CFGlacier>0.56244909488603534</CFGlacier>
        <CFSlope>0.94486461955398959</CFSlope>
        <FC>659.42339024520436</FC>
        <LP>0.43621001816335825</LP>
        <BETA>2.9729885198484443</BETA>
      </SubCatchmentVegetationZoneParameters>
    </SubCatchmentVegetationZone>
  </SubCatchment>
</Catchment>