<?xml version="1.0" encoding="utf-8"?>
<Catchment xmlns:xsi="http://www.w3.org/2001/XMLSchema-instance" xmlns:xsd="http://www.w3.org/2001/XMLSchema">
  <CatchmentParameters>
    <KSI>0.0021972236820149353</KSI>
    <KGmin>0.1263266546637021</KGmin>
    <RangeKG>0.13498203340091164</RangeKG>
    <AG>0.00250536923339089</AG>
    <KInfiltration>0.42420885733188496</KInfiltration>
    <PERC>1.9436502120477655</PERC>
    <Alpha>0</Alpha>
    <UZL>49.375740887564433</UZL>
    <K0>0.50597267528364853</K0>
    <K1>0.11104439288607448</K1>
    <K2>0.0066830254195369854</K2>
    <MAXBAS>1.8810101889588788</MAXBAS>
    <Cet>0</Cet>
    <PCALT>10</PCALT>
    <TCALT>0.6</TCALT>
    <Pelev>3739</Pelev>
    <Telev>3307</Telev>
    <PART>0.5</PART>
    <DELAY>1</DELAY>
  </CatchmentParameters>
  <VegetationZone>
    <VegetationZoneParameters>
      <TT>-1.1440036635477804</TT>
      <CFMAX>0.75162734117169894</CFMAX>
      <SP>0.084628610924569553</SP>
      <SFCF>1.0266621461697303</SFCF>
      <CFR>0.059927029670636456</CFR>
      <CWH>0.11153298082346221</CWH>
      <CFGlacier>0.719537769316605</CFGlacier>
      <CFSlope>0.30170179257346375</CFSlope>
      <FC>626.07337610522029</FC>
      <LP>0.67203252101179445</LP>
      <BETA>2.7918640097958813</BETA>
    </VegetationZoneParameters>
  </VegetationZone>
  <SubCatchment>
    <SubCatchmentParameters>
      <KSI>0.0021972236820149353</KSI>
      <KGmin>0.1263266546637021</KGmin>
      <RangeKG>0.13498203340091164</RangeKG>
      <AG>0.00250536923339089</AG>
      <KInfiltration>0.42420885733188496</KInfiltration>
      <PERC>1.9436502120477655</PERC>
      <Alpha>0</Alpha>
      <UZL>49.375740887564433</UZL>
      <K0>0.50597267528364853</K0>
      <K1>0.11104439288607448</K1>
      <K2>0.0066830254195369854</K2>
      <MAXBAS>1.8810101889588788</MAXBAS>
      <Cet>0</Cet>
      <PCALT>10</PCALT>
      <TCALT>0.6</TCALT>
      <Pelev>3739</Pelev>
      <Telev>3307</Telev>
      <PART>0.5</PART>
      <DELAY>1</DELAY>
    </SubCatchmentParameters>
    <SubCatchmentVegetationZone>
      <SubCatchmentVegetationZoneParameters>
        <TT>-1.1440036635477804</TT>
        <CFMAX>0.75162734117169894</CFMAX>
        <SP>0.084628610924569553</SP>
        <SFCF>1.0266621461697303</SFCF>
        <CFR>0.059927029670636456</CFR>
        <CWH>0.11153298082346221</CWH>
        <CFGlacier>0.719537769316605</CFGlacier>
        <CFSlope>0.30170179257346375</CFSlope>
        <FC>626.07337610522029</FC>
        <LP>0.67203252101179445</LP>
        <BETA>2.7918640097958813</BETA>
      </SubCatchmentVegetationZoneParameters>
    </SubCatchmentVegetationZone>
  </SubCatchment>
</Catchment>