<?xml version="1.0" encoding="utf-8"?>
<Catchment xmlns:xsi="http://www.w3.org/2001/XMLSchema-instance" xmlns:xsd="http://www.w3.org/2001/XMLSchema">
  <CatchmentParameters>
    <KSI>0.0023462203195338625</KSI>
    <KGmin>0.078492898030669223</KGmin>
    <RangeKG>0.26720111268707242</RangeKG>
    <AG>0.015779773493170345</AG>
    <KInfiltration>0.38226465247227776</KInfiltration>
    <PERC>2.6023231474418109</PERC>
    <Alpha>0</Alpha>
    <UZL>35.35975751007161</UZL>
    <K0>0.48552552482823408</K0>
    <K1>0.17232151259640557</K1>
    <K2>0.0073632581105565606</K2>
    <MAXBAS>1.8041968447054493</MAXBAS>
    <Cet>0</Cet>
    <PCALT>10</PCALT>
    <TCALT>0.6</TCALT>
    <Pelev>3739</Pelev>
    <Telev>3307</Telev>
    <PART>0.5</PART>
    <DELAY>1</DELAY>
  </CatchmentParameters>
  <VegetationZone>
    <VegetationZoneParameters>
      <TT>0.58210997345327764</TT>
      <CFMAX>1.2647849932139224</CFMAX>
      <SP>-0.47978908235324386</SP>
      <SFCF>1.1402467489506662</SFCF>
      <CFR>0.086586964073314121</CFR>
      <CWH>0.029723865458127417</CWH>
      <CFGlacier>0.77709845297827318</CFGlacier>
      <CFSlope>0.21239657203573362</CFSlope>
      <FC>310.01407707133541</FC>
      <LP>0.67602789118251516</LP>
      <BETA>2.1455521455575703</BETA>
    </VegetationZoneParameters>
  </VegetationZone>
  <SubCatchment>
    <SubCatchmentParameters>
      <KSI>0.0023462203195338625</KSI>
      <KGmin>0.078492898030669223</KGmin>
      <RangeKG>0.26720111268707242</RangeKG>
      <AG>0.015779773493170345</AG>
      <KInfiltration>0.38226465247227776</KInfiltration>
      <PERC>2.6023231474418109</PERC>
      <Alpha>0</Alpha>
      <UZL>35.35975751007161</UZL>
      <K0>0.48552552482823408</K0>
      <K1>0.17232151259640557</K1>
      <K2>0.0073632581105565606</K2>
      <MAXBAS>1.8041968447054493</MAXBAS>
      <Cet>0</Cet>
      <PCALT>10</PCALT>
      <TCALT>0.6</TCALT>
      <Pelev>3739</Pelev>
      <Telev>3307</Telev>
      <PART>0.5</PART>
      <DELAY>1</DELAY>
    </SubCatchmentParameters>
    <SubCatchmentVegetationZone>
      <SubCatchmentVegetationZoneParameters>
        <TT>0.58210997345327764</TT>
        <CFMAX>1.2647849932139224</CFMAX>
        <SP>-0.47978908235324386</SP>
        <SFCF>1.1402467489506662</SFCF>
        <CFR>0.086586964073314121</CFR>
        <CWH>0.029723865458127417</CWH>
        <CFGlacier>0.77709845297827318</CFGlacier>
        <CFSlope>0.21239657203573362</CFSlope>
        <FC>310.01407707133541</FC>
        <LP>0.67602789118251516</LP>
        <BETA>2.1455521455575703</BETA>
      </SubCatchmentVegetationZoneParameters>
    </SubCatchmentVegetationZone>
  </SubCatchment>
</Catchment>