<?xml version="1.0" encoding="utf-8"?>
<Catchment xmlns:xsi="http://www.w3.org/2001/XMLSchema-instance" xmlns:xsd="http://www.w3.org/2001/XMLSchema">
  <CatchmentParameters>
    <KSI>0.0015636739666453035</KSI>
    <KGmin>0.13560744856451951</KGmin>
    <RangeKG>0.100015520159981</RangeKG>
    <AG>0.23724965630515962</AG>
    <KInfiltration>0.459315420088685</KInfiltration>
    <PERC>2.06280308771826</PERC>
    <Alpha>0</Alpha>
    <UZL>36.183911482365474</UZL>
    <K0>0.41282983696136416</K0>
    <K1>0.13160600440526241</K1>
    <K2>0.0080040960485836515</K2>
    <MAXBAS>1.7550156960509435</MAXBAS>
    <Cet>0</Cet>
    <PCALT>10</PCALT>
    <TCALT>0.6</TCALT>
    <Pelev>3739</Pelev>
    <Telev>3307</Telev>
    <PART>0.5</PART>
    <DELAY>1</DELAY>
  </CatchmentParameters>
  <VegetationZone>
    <VegetationZoneParameters>
      <TT>-0.1380126612657428</TT>
      <CFMAX>1.924821723447594</CFMAX>
      <SP>-0.53831467328636107</SP>
      <SFCF>1.0089222198297627</SFCF>
      <CFR>0.074975713935351657</CFR>
      <CWH>0.028656938443199994</CWH>
      <CFGlacier>0.42838960202866244</CFGlacier>
      <CFSlope>0.29645221346510586</CFSlope>
      <FC>559.70862851405275</FC>
      <LP>0.42972255886488914</LP>
      <BETA>4.4417427771259348</BETA>
    </VegetationZoneParameters>
  </VegetationZone>
  <SubCatchment>
    <SubCatchmentParameters>
      <KSI>0.0015636739666453035</KSI>
      <KGmin>0.13560744856451951</KGmin>
      <RangeKG>0.100015520159981</RangeKG>
      <AG>0.23724965630515962</AG>
      <KInfiltration>0.459315420088685</KInfiltration>
      <PERC>2.06280308771826</PERC>
      <Alpha>0</Alpha>
      <UZL>36.183911482365474</UZL>
      <K0>0.41282983696136416</K0>
      <K1>0.13160600440526241</K1>
      <K2>0.0080040960485836515</K2>
      <MAXBAS>1.7550156960509435</MAXBAS>
      <Cet>0</Cet>
      <PCALT>10</PCALT>
      <TCALT>0.6</TCALT>
      <Pelev>3739</Pelev>
      <Telev>3307</Telev>
      <PART>0.5</PART>
      <DELAY>1</DELAY>
    </SubCatchmentParameters>
    <SubCatchmentVegetationZone>
      <SubCatchmentVegetationZoneParameters>
        <TT>-0.1380126612657428</TT>
        <CFMAX>1.924821723447594</CFMAX>
        <SP>-0.53831467328636107</SP>
        <SFCF>1.0089222198297627</SFCF>
        <CFR>0.074975713935351657</CFR>
        <CWH>0.028656938443199994</CWH>
        <CFGlacier>0.42838960202866244</CFGlacier>
        <CFSlope>0.29645221346510586</CFSlope>
        <FC>559.70862851405275</FC>
        <LP>0.42972255886488914</LP>
        <BETA>4.4417427771259348</BETA>
      </SubCatchmentVegetationZoneParameters>
    </SubCatchmentVegetationZone>
  </SubCatchment>
</Catchment>