<?xml version="1.0" encoding="utf-8"?>
<Catchment xmlns:xsi="http://www.w3.org/2001/XMLSchema-instance" xmlns:xsd="http://www.w3.org/2001/XMLSchema">
  <CatchmentParameters>
    <KSI>0.0010914143120924701</KSI>
    <KGmin>0.050583464569918496</KGmin>
    <RangeKG>0.16238554105359201</RangeKG>
    <AG>0.95630578439694236</AG>
    <KInfiltration>0.61684189315865</KInfiltration>
    <PERC>2.4328246145704693</PERC>
    <Alpha>0</Alpha>
    <UZL>63.999512618058688</UZL>
    <K0>0.50584933700965962</K0>
    <K1>0.07759203203476478</K1>
    <K2>0.0094391456375452851</K2>
    <MAXBAS>1.7589647619431157</MAXBAS>
    <Cet>0</Cet>
    <PCALT>10</PCALT>
    <TCALT>0.6</TCALT>
    <Pelev>3739</Pelev>
    <Telev>3307</Telev>
    <PART>0.5</PART>
    <DELAY>1</DELAY>
  </CatchmentParameters>
  <VegetationZone>
    <VegetationZoneParameters>
      <TT>-0.20214476512528409</TT>
      <CFMAX>1.0810707804334474</CFMAX>
      <SP>-0.00028746274382671771</SP>
      <SFCF>1.0215022216524692</SFCF>
      <CFR>0.074617337273962539</CFR>
      <CWH>0.012239113128422265</CWH>
      <CFGlacier>0.64197137017318118</CFGlacier>
      <CFSlope>0.30512944920334639</CFSlope>
      <FC>542.91825593699946</FC>
      <LP>0.52851343999128153</LP>
      <BETA>2.6888665357776178</BETA>
    </VegetationZoneParameters>
  </VegetationZone>
  <SubCatchment>
    <SubCatchmentParameters>
      <KSI>0.0010914143120924701</KSI>
      <KGmin>0.050583464569918496</KGmin>
      <RangeKG>0.16238554105359201</RangeKG>
      <AG>0.95630578439694236</AG>
      <KInfiltration>0.61684189315865</KInfiltration>
      <PERC>2.4328246145704693</PERC>
      <Alpha>0</Alpha>
      <UZL>63.999512618058688</UZL>
      <K0>0.50584933700965962</K0>
      <K1>0.07759203203476478</K1>
      <K2>0.0094391456375452851</K2>
      <MAXBAS>1.7589647619431157</MAXBAS>
      <Cet>0</Cet>
      <PCALT>10</PCALT>
      <TCALT>0.6</TCALT>
      <Pelev>3739</Pelev>
      <Telev>3307</Telev>
      <PART>0.5</PART>
      <DELAY>1</DELAY>
    </SubCatchmentParameters>
    <SubCatchmentVegetationZone>
      <SubCatchmentVegetationZoneParameters>
        <TT>-0.20214476512528409</TT>
        <CFMAX>1.0810707804334474</CFMAX>
        <SP>-0.00028746274382671771</SP>
        <SFCF>1.0215022216524692</SFCF>
        <CFR>0.074617337273962539</CFR>
        <CWH>0.012239113128422265</CWH>
        <CFGlacier>0.64197137017318118</CFGlacier>
        <CFSlope>0.30512944920334639</CFSlope>
        <FC>542.91825593699946</FC>
        <LP>0.52851343999128153</LP>
        <BETA>2.6888665357776178</BETA>
      </SubCatchmentVegetationZoneParameters>
    </SubCatchmentVegetationZone>
  </SubCatchment>
</Catchment>