<?xml version="1.0" encoding="utf-8"?>
<Catchment xmlns:xsi="http://www.w3.org/2001/XMLSchema-instance" xmlns:xsd="http://www.w3.org/2001/XMLSchema">
  <CatchmentParameters>
    <KSI>0.0023373698753954707</KSI>
    <KGmin>0.19999869257957897</KGmin>
    <RangeKG>0.10001858792430779</RangeKG>
    <AG>0.99998786312148</AG>
    <KInfiltration>0.44269081241472047</KInfiltration>
    <PERC>2.339966054992169</PERC>
    <Alpha>0</Alpha>
    <UZL>58.310891558812955</UZL>
    <K0>0.98927849722235783</K0>
    <K1>0.052222769252766775</K1>
    <K2>0.0050655864536669646</K2>
    <MAXBAS>1.7749997077634863</MAXBAS>
    <Cet>0</Cet>
    <PCALT>10</PCALT>
    <TCALT>0.6</TCALT>
    <Pelev>3739</Pelev>
    <Telev>3307</Telev>
    <PART>0.5</PART>
    <DELAY>1</DELAY>
  </CatchmentParameters>
  <VegetationZone>
    <VegetationZoneParameters>
      <TT>0.01011136379740395</TT>
      <CFMAX>0.9799980478717</CFMAX>
      <SP>-0.10966832918704417</SP>
      <SFCF>1.189819830792896</SFCF>
      <CFR>0.088014919581591092</CFR>
      <CWH>0.1055027950058957</CWH>
      <CFGlacier>0.11572325661689008</CFGlacier>
      <CFSlope>0.2679400402684361</CFSlope>
      <FC>492.71194445561372</FC>
      <LP>0.84531547422382558</LP>
      <BETA>4.7427529384696259</BETA>
    </VegetationZoneParameters>
  </VegetationZone>
  <SubCatchment>
    <SubCatchmentParameters>
      <KSI>0.0023373698753954707</KSI>
      <KGmin>0.19999869257957897</KGmin>
      <RangeKG>0.10001858792430779</RangeKG>
      <AG>0.99998786312148</AG>
      <KInfiltration>0.44269081241472047</KInfiltration>
      <PERC>2.339966054992169</PERC>
      <Alpha>0</Alpha>
      <UZL>58.310891558812955</UZL>
      <K0>0.98927849722235783</K0>
      <K1>0.052222769252766775</K1>
      <K2>0.0050655864536669646</K2>
      <MAXBAS>1.7749997077634863</MAXBAS>
      <Cet>0</Cet>
      <PCALT>10</PCALT>
      <TCALT>0.6</TCALT>
      <Pelev>3739</Pelev>
      <Telev>3307</Telev>
      <PART>0.5</PART>
      <DELAY>1</DELAY>
    </SubCatchmentParameters>
    <SubCatchmentVegetationZone>
      <SubCatchmentVegetationZoneParameters>
        <TT>0.01011136379740395</TT>
        <CFMAX>0.9799980478717</CFMAX>
        <SP>-0.10966832918704417</SP>
        <SFCF>1.189819830792896</SFCF>
        <CFR>0.088014919581591092</CFR>
        <CWH>0.1055027950058957</CWH>
        <CFGlacier>0.11572325661689008</CFGlacier>
        <CFSlope>0.2679400402684361</CFSlope>
        <FC>492.71194445561372</FC>
        <LP>0.84531547422382558</LP>
        <BETA>4.7427529384696259</BETA>
      </SubCatchmentVegetationZoneParameters>
    </SubCatchmentVegetationZone>
  </SubCatchment>
</Catchment>