<?xml version="1.0" encoding="utf-8"?>
<Catchment xmlns:xsi="http://www.w3.org/2001/XMLSchema-instance" xmlns:xsd="http://www.w3.org/2001/XMLSchema">
  <CatchmentParameters>
    <KSI>0.0029822850647013908</KSI>
    <KGmin>0.07775225762445595</KGmin>
    <RangeKG>0.11588361110661492</RangeKG>
    <AG>0.33162109673051865</AG>
    <KInfiltration>0.78292554882293275</KInfiltration>
    <PERC>3.5302399142911147</PERC>
    <Alpha>0</Alpha>
    <UZL>53.326131941675627</UZL>
    <K0>0.59114595248670321</K0>
    <K1>0.0868972860820289</K1>
    <K2>0.0081383168367265349</K2>
    <MAXBAS>1.9449885774156828</MAXBAS>
    <Cet>0</Cet>
    <PCALT>10</PCALT>
    <TCALT>0.6</TCALT>
    <Pelev>3739</Pelev>
    <Telev>3307</Telev>
    <PART>0.5</PART>
    <DELAY>1</DELAY>
  </CatchmentParameters>
  <VegetationZone>
    <VegetationZoneParameters>
      <TT>-1.5536846632659436</TT>
      <CFMAX>3.3417576878379434</CFMAX>
      <SP>-0.51161145506125361</SP>
      <SFCF>1.0240996808925125</SFCF>
      <CFR>0.047511597206235108</CFR>
      <CWH>0.010275236999841141</CWH>
      <CFGlacier>0.42967086935260757</CFGlacier>
      <CFSlope>0.847993164720448</CFSlope>
      <FC>688.62996715827717</FC>
      <LP>0.34264506869104683</LP>
      <BETA>4.2448505118898892</BETA>
    </VegetationZoneParameters>
  </VegetationZone>
  <SubCatchment>
    <SubCatchmentParameters>
      <KSI>0.0029822850647013908</KSI>
      <KGmin>0.07775225762445595</KGmin>
      <RangeKG>0.11588361110661492</RangeKG>
      <AG>0.33162109673051865</AG>
      <KInfiltration>0.78292554882293275</KInfiltration>
      <PERC>3.5302399142911147</PERC>
      <Alpha>0</Alpha>
      <UZL>53.326131941675627</UZL>
      <K0>0.59114595248670321</K0>
      <K1>0.0868972860820289</K1>
      <K2>0.0081383168367265349</K2>
      <MAXBAS>1.9449885774156828</MAXBAS>
      <Cet>0</Cet>
      <PCALT>10</PCALT>
      <TCALT>0.6</TCALT>
      <Pelev>3739</Pelev>
      <Telev>3307</Telev>
      <PART>0.5</PART>
      <DELAY>1</DELAY>
    </SubCatchmentParameters>
    <SubCatchmentVegetationZone>
      <SubCatchmentVegetationZoneParameters>
        <TT>-1.5536846632659436</TT>
        <CFMAX>3.3417576878379434</CFMAX>
        <SP>-0.51161145506125361</SP>
        <SFCF>1.0240996808925125</SFCF>
        <CFR>0.047511597206235108</CFR>
        <CWH>0.010275236999841141</CWH>
        <CFGlacier>0.42967086935260757</CFGlacier>
        <CFSlope>0.847993164720448</CFSlope>
        <FC>688.62996715827717</FC>
        <LP>0.34264506869104683</LP>
        <BETA>4.2448505118898892</BETA>
      </SubCatchmentVegetationZoneParameters>
    </SubCatchmentVegetationZone>
  </SubCatchment>
</Catchment>