<?xml version="1.0" encoding="utf-8"?>
<Catchment xmlns:xsi="http://www.w3.org/2001/XMLSchema-instance" xmlns:xsd="http://www.w3.org/2001/XMLSchema">
  <CatchmentParameters>
    <KSI>0.0022652396735654452</KSI>
    <KGmin>0.15282220762539683</KGmin>
    <RangeKG>0.34120808433175126</RangeKG>
    <AG>0.005296008951353709</AG>
    <KInfiltration>0.33910311279311611</KInfiltration>
    <PERC>1.9505817149306948</PERC>
    <Alpha>0</Alpha>
    <UZL>39.4082878409532</UZL>
    <K0>0.40591125205273704</K0>
    <K1>0.11993145422910512</K1>
    <K2>0.0070557700730842785</K2>
    <MAXBAS>1.6683640537910822</MAXBAS>
    <Cet>0</Cet>
    <PCALT>10</PCALT>
    <TCALT>0.6</TCALT>
    <Pelev>3739</Pelev>
    <Telev>3307</Telev>
    <PART>0.5</PART>
    <DELAY>1</DELAY>
  </CatchmentParameters>
  <VegetationZone>
    <VegetationZoneParameters>
      <TT>0.76697713230771825</TT>
      <CFMAX>1.6537418454396833</CFMAX>
      <SP>-0.42528760725781944</SP>
      <SFCF>1.0056789367044325</SFCF>
      <CFR>0.078398409355840942</CFR>
      <CWH>0.023487713535347645</CWH>
      <CFGlacier>0.59939927161591666</CFGlacier>
      <CFSlope>0.2719843286515426</CFSlope>
      <FC>372.10527562311978</FC>
      <LP>0.60745464356280443</LP>
      <BETA>1.6125372472864421</BETA>
    </VegetationZoneParameters>
  </VegetationZone>
  <SubCatchment>
    <SubCatchmentParameters>
      <KSI>0.0022652396735654452</KSI>
      <KGmin>0.15282220762539683</KGmin>
      <RangeKG>0.34120808433175126</RangeKG>
      <AG>0.005296008951353709</AG>
      <KInfiltration>0.33910311279311611</KInfiltration>
      <PERC>1.9505817149306948</PERC>
      <Alpha>0</Alpha>
      <UZL>39.4082878409532</UZL>
      <K0>0.40591125205273704</K0>
      <K1>0.11993145422910512</K1>
      <K2>0.0070557700730842785</K2>
      <MAXBAS>1.6683640537910822</MAXBAS>
      <Cet>0</Cet>
      <PCALT>10</PCALT>
      <TCALT>0.6</TCALT>
      <Pelev>3739</Pelev>
      <Telev>3307</Telev>
      <PART>0.5</PART>
      <DELAY>1</DELAY>
    </SubCatchmentParameters>
    <SubCatchmentVegetationZone>
      <SubCatchmentVegetationZoneParameters>
        <TT>0.76697713230771825</TT>
        <CFMAX>1.6537418454396833</CFMAX>
        <SP>-0.42528760725781944</SP>
        <SFCF>1.0056789367044325</SFCF>
        <CFR>0.078398409355840942</CFR>
        <CWH>0.023487713535347645</CWH>
        <CFGlacier>0.59939927161591666</CFGlacier>
        <CFSlope>0.2719843286515426</CFSlope>
        <FC>372.10527562311978</FC>
        <LP>0.60745464356280443</LP>
        <BETA>1.6125372472864421</BETA>
      </SubCatchmentVegetationZoneParameters>
    </SubCatchmentVegetationZone>
  </SubCatchment>
</Catchment>