<?xml version="1.0" encoding="utf-8"?>
<Catchment xmlns:xsi="http://www.w3.org/2001/XMLSchema-instance" xmlns:xsd="http://www.w3.org/2001/XMLSchema">
  <CatchmentParameters>
    <KSI>0.0020847258950908564</KSI>
    <KGmin>0.16754742009728876</KGmin>
    <RangeKG>0.10343020966588971</RangeKG>
    <AG>0.999424818370229</AG>
    <KInfiltration>0.7487551399882304</KInfiltration>
    <PERC>2.8304580513639603</PERC>
    <Alpha>0</Alpha>
    <UZL>19.582171557086724</UZL>
    <K0>0.459731345639319</K0>
    <K1>0.21520729178037043</K1>
    <K2>0.0067260365814032315</K2>
    <MAXBAS>1.5307569059322699</MAXBAS>
    <Cet>0</Cet>
    <PCALT>10</PCALT>
    <TCALT>0.6</TCALT>
    <Pelev>3739</Pelev>
    <Telev>3307</Telev>
    <PART>0.5</PART>
    <DELAY>1</DELAY>
  </CatchmentParameters>
  <VegetationZone>
    <VegetationZoneParameters>
      <TT>-0.38200242639924931</TT>
      <CFMAX>2.4405796924174941</CFMAX>
      <SP>-0.41825056175776076</SP>
      <SFCF>1.0074907529366033</SFCF>
      <CFR>0.015587227768400091</CFR>
      <CWH>0.0031191777915183924</CWH>
      <CFGlacier>0.015104592031810474</CFGlacier>
      <CFSlope>0.62364528922900453</CFSlope>
      <FC>445.79019561988559</FC>
      <LP>0.53676370354863778</LP>
      <BETA>3.3965654496607267</BETA>
    </VegetationZoneParameters>
  </VegetationZone>
  <SubCatchment>
    <SubCatchmentParameters>
      <KSI>0.0020847258950908564</KSI>
      <KGmin>0.16754742009728876</KGmin>
      <RangeKG>0.10343020966588971</RangeKG>
      <AG>0.999424818370229</AG>
      <KInfiltration>0.7487551399882304</KInfiltration>
      <PERC>2.8304580513639603</PERC>
      <Alpha>0</Alpha>
      <UZL>19.582171557086724</UZL>
      <K0>0.459731345639319</K0>
      <K1>0.21520729178037043</K1>
      <K2>0.0067260365814032315</K2>
      <MAXBAS>1.5307569059322699</MAXBAS>
      <Cet>0</Cet>
      <PCALT>10</PCALT>
      <TCALT>0.6</TCALT>
      <Pelev>3739</Pelev>
      <Telev>3307</Telev>
      <PART>0.5</PART>
      <DELAY>1</DELAY>
    </SubCatchmentParameters>
    <SubCatchmentVegetationZone>
      <SubCatchmentVegetationZoneParameters>
        <TT>-0.38200242639924931</TT>
        <CFMAX>2.4405796924174941</CFMAX>
        <SP>-0.41825056175776076</SP>
        <SFCF>1.0074907529366033</SFCF>
        <CFR>0.015587227768400091</CFR>
        <CWH>0.0031191777915183924</CWH>
        <CFGlacier>0.015104592031810474</CFGlacier>
        <CFSlope>0.62364528922900453</CFSlope>
        <FC>445.79019561988559</FC>
        <LP>0.53676370354863778</LP>
        <BETA>3.3965654496607267</BETA>
      </SubCatchmentVegetationZoneParameters>
    </SubCatchmentVegetationZone>
  </SubCatchment>
</Catchment>