<?xml version="1.0" encoding="utf-8"?>
<Catchment xmlns:xsi="http://www.w3.org/2001/XMLSchema-instance" xmlns:xsd="http://www.w3.org/2001/XMLSchema">
  <CatchmentParameters>
    <KSI>0.0010010087870245738</KSI>
    <KGmin>0.014678320786446555</KGmin>
    <RangeKG>0.10001584933869055</RangeKG>
    <AG>0.93535527750845993</AG>
    <KInfiltration>0.57302766716265385</KInfiltration>
    <PERC>2.6582479564659973</PERC>
    <Alpha>0</Alpha>
    <UZL>42.762995108405285</UZL>
    <K0>0.34550734394246641</K0>
    <K1>0.11466393806110059</K1>
    <K2>0.00877235689401798</K2>
    <MAXBAS>1.4520034629277707</MAXBAS>
    <Cet>0</Cet>
    <PCALT>10</PCALT>
    <TCALT>0.6</TCALT>
    <Pelev>3739</Pelev>
    <Telev>3307</Telev>
    <PART>0.5</PART>
    <DELAY>1</DELAY>
  </CatchmentParameters>
  <VegetationZone>
    <VegetationZoneParameters>
      <TT>-0.69203960039993684</TT>
      <CFMAX>0.906853361869394</CFMAX>
      <SP>-0.39380760362988626</SP>
      <SFCF>1.3035417266981328</SFCF>
      <CFR>0.039099145745834105</CFR>
      <CWH>0.12851302236928569</CWH>
      <CFGlacier>0.99994839217091136</CFGlacier>
      <CFSlope>0.18883659495906169</CFSlope>
      <FC>490.40638225505688</FC>
      <LP>0.726094138832682</LP>
      <BETA>1.7081394933124794</BETA>
    </VegetationZoneParameters>
  </VegetationZone>
  <SubCatchment>
    <SubCatchmentParameters>
      <KSI>0.0010010087870245738</KSI>
      <KGmin>0.014678320786446555</KGmin>
      <RangeKG>0.10001584933869055</RangeKG>
      <AG>0.93535527750845993</AG>
      <KInfiltration>0.57302766716265385</KInfiltration>
      <PERC>2.6582479564659973</PERC>
      <Alpha>0</Alpha>
      <UZL>42.762995108405285</UZL>
      <K0>0.34550734394246641</K0>
      <K1>0.11466393806110059</K1>
      <K2>0.00877235689401798</K2>
      <MAXBAS>1.4520034629277707</MAXBAS>
      <Cet>0</Cet>
      <PCALT>10</PCALT>
      <TCALT>0.6</TCALT>
      <Pelev>3739</Pelev>
      <Telev>3307</Telev>
      <PART>0.5</PART>
      <DELAY>1</DELAY>
    </SubCatchmentParameters>
    <SubCatchmentVegetationZone>
      <SubCatchmentVegetationZoneParameters>
        <TT>-0.69203960039993684</TT>
        <CFMAX>0.906853361869394</CFMAX>
        <SP>-0.39380760362988626</SP>
        <SFCF>1.3035417266981328</SFCF>
        <CFR>0.039099145745834105</CFR>
        <CWH>0.12851302236928569</CWH>
        <CFGlacier>0.99994839217091136</CFGlacier>
        <CFSlope>0.18883659495906169</CFSlope>
        <FC>490.40638225505688</FC>
        <LP>0.726094138832682</LP>
        <BETA>1.7081394933124794</BETA>
      </SubCatchmentVegetationZoneParameters>
    </SubCatchmentVegetationZone>
  </SubCatchment>
</Catchment>