<?xml version="1.0" encoding="utf-8"?>
<Catchment xmlns:xsi="http://www.w3.org/2001/XMLSchema-instance" xmlns:xsd="http://www.w3.org/2001/XMLSchema">
  <CatchmentParameters>
    <KSI>0.0027516001471305377</KSI>
    <KGmin>0.087847607357464233</KGmin>
    <RangeKG>0.10000282364408851</RangeKG>
    <AG>0.010140143431049409</AG>
    <KInfiltration>0.54146602791888077</KInfiltration>
    <PERC>3.6433979816938913</PERC>
    <Alpha>0</Alpha>
    <UZL>53.94867089878683</UZL>
    <K0>0.61814031821773641</K0>
    <K1>0.079170058917140809</K1>
    <K2>0.0088999986537051136</K2>
    <MAXBAS>2.0149964437017815</MAXBAS>
    <Cet>0</Cet>
    <PCALT>10</PCALT>
    <TCALT>0.6</TCALT>
    <Pelev>3739</Pelev>
    <Telev>3307</Telev>
    <PART>0.5</PART>
    <DELAY>1</DELAY>
  </CatchmentParameters>
  <VegetationZone>
    <VegetationZoneParameters>
      <TT>-1.9093023645459424</TT>
      <CFMAX>2.7222675830184193</CFMAX>
      <SP>-0.40951497190228142</SP>
      <SFCF>1.0055564488533773</SFCF>
      <CFR>0.063772745185260687</CFR>
      <CWH>0.014525787003747511</CWH>
      <CFGlacier>0.33854783226883584</CFGlacier>
      <CFSlope>0.86449318356971538</CFSlope>
      <FC>608.06235077121357</FC>
      <LP>0.47772772754213877</LP>
      <BETA>3.0002916094242842</BETA>
    </VegetationZoneParameters>
  </VegetationZone>
  <SubCatchment>
    <SubCatchmentParameters>
      <KSI>0.0027516001471305377</KSI>
      <KGmin>0.087847607357464233</KGmin>
      <RangeKG>0.10000282364408851</RangeKG>
      <AG>0.010140143431049409</AG>
      <KInfiltration>0.54146602791888077</KInfiltration>
      <PERC>3.6433979816938913</PERC>
      <Alpha>0</Alpha>
      <UZL>53.94867089878683</UZL>
      <K0>0.61814031821773641</K0>
      <K1>0.079170058917140809</K1>
      <K2>0.0088999986537051136</K2>
      <MAXBAS>2.0149964437017815</MAXBAS>
      <Cet>0</Cet>
      <PCALT>10</PCALT>
      <TCALT>0.6</TCALT>
      <Pelev>3739</Pelev>
      <Telev>3307</Telev>
      <PART>0.5</PART>
      <DELAY>1</DELAY>
    </SubCatchmentParameters>
    <SubCatchmentVegetationZone>
      <SubCatchmentVegetationZoneParameters>
        <TT>-1.9093023645459424</TT>
        <CFMAX>2.7222675830184193</CFMAX>
        <SP>-0.40951497190228142</SP>
        <SFCF>1.0055564488533773</SFCF>
        <CFR>0.063772745185260687</CFR>
        <CWH>0.014525787003747511</CWH>
        <CFGlacier>0.33854783226883584</CFGlacier>
        <CFSlope>0.86449318356971538</CFSlope>
        <FC>608.06235077121357</FC>
        <LP>0.47772772754213877</LP>
        <BETA>3.0002916094242842</BETA>
      </SubCatchmentVegetationZoneParameters>
    </SubCatchmentVegetationZone>
  </SubCatchment>
</Catchment>