<?xml version="1.0" encoding="utf-8"?>
<Catchment xmlns:xsi="http://www.w3.org/2001/XMLSchema-instance" xmlns:xsd="http://www.w3.org/2001/XMLSchema">
  <CatchmentParameters>
    <KSI>0.0022065060574322564</KSI>
    <KGmin>0.1737184521419963</KGmin>
    <RangeKG>0.10000185171951297</RangeKG>
    <AG>0.96023576928618015</AG>
    <KInfiltration>0.23608310288766676</KInfiltration>
    <PERC>3.3912388282117734</PERC>
    <Alpha>0</Alpha>
    <UZL>82.7850023626988</UZL>
    <K0>0.15689541262891066</K0>
    <K1>0.16514576904539513</K1>
    <K2>0.00644923650071357</K2>
    <MAXBAS>1.2209656717503754</MAXBAS>
    <Cet>0</Cet>
    <PCALT>10</PCALT>
    <TCALT>0.6</TCALT>
    <Pelev>3739</Pelev>
    <Telev>3307</Telev>
    <PART>0.5</PART>
    <DELAY>1</DELAY>
  </CatchmentParameters>
  <VegetationZone>
    <VegetationZoneParameters>
      <TT>0.38545557148693371</TT>
      <CFMAX>0.698251705701215</CFMAX>
      <SP>0.080110890124100081</SP>
      <SFCF>1.1517186827338168</SFCF>
      <CFR>0.014789152991608295</CFR>
      <CWH>0.036773018301754785</CWH>
      <CFGlacier>0.069041295769351155</CFGlacier>
      <CFSlope>0.26646311300396758</CFSlope>
      <FC>289.34537196072205</FC>
      <LP>0.78115178723898249</LP>
      <BETA>1.3874117211553518</BETA>
    </VegetationZoneParameters>
  </VegetationZone>
  <SubCatchment>
    <SubCatchmentParameters>
      <KSI>0.0022065060574322564</KSI>
      <KGmin>0.1737184521419963</KGmin>
      <RangeKG>0.10000185171951297</RangeKG>
      <AG>0.96023576928618015</AG>
      <KInfiltration>0.23608310288766676</KInfiltration>
      <PERC>3.3912388282117734</PERC>
      <Alpha>0</Alpha>
      <UZL>82.7850023626988</UZL>
      <K0>0.15689541262891066</K0>
      <K1>0.16514576904539513</K1>
      <K2>0.00644923650071357</K2>
      <MAXBAS>1.2209656717503754</MAXBAS>
      <Cet>0</Cet>
      <PCALT>10</PCALT>
      <TCALT>0.6</TCALT>
      <Pelev>3739</Pelev>
      <Telev>3307</Telev>
      <PART>0.5</PART>
      <DELAY>1</DELAY>
    </SubCatchmentParameters>
    <SubCatchmentVegetationZone>
      <SubCatchmentVegetationZoneParameters>
        <TT>0.38545557148693371</TT>
        <CFMAX>0.698251705701215</CFMAX>
        <SP>0.080110890124100081</SP>
        <SFCF>1.1517186827338168</SFCF>
        <CFR>0.014789152991608295</CFR>
        <CWH>0.036773018301754785</CWH>
        <CFGlacier>0.069041295769351155</CFGlacier>
        <CFSlope>0.26646311300396758</CFSlope>
        <FC>289.34537196072205</FC>
        <LP>0.78115178723898249</LP>
        <BETA>1.3874117211553518</BETA>
      </SubCatchmentVegetationZoneParameters>
    </SubCatchmentVegetationZone>
  </SubCatchment>
</Catchment>