<?xml version="1.0" encoding="utf-8"?>
<Catchment xmlns:xsi="http://www.w3.org/2001/XMLSchema-instance" xmlns:xsd="http://www.w3.org/2001/XMLSchema">
  <CatchmentParameters>
    <KSI>0.001000002809442368</KSI>
    <KGmin>0.016673095690938462</KGmin>
    <RangeKG>0.10002969029056935</RangeKG>
    <AG>0.8072593920504717</AG>
    <KInfiltration>0.38347186571144115</KInfiltration>
    <PERC>2.5450127980487549</PERC>
    <Alpha>0</Alpha>
    <UZL>50.971836502402347</UZL>
    <K0>0.4180957704652804</K0>
    <K1>0.09177499537334434</K1>
    <K2>0.0096258323100526684</K2>
    <MAXBAS>1.5196161426351715</MAXBAS>
    <Cet>0</Cet>
    <PCALT>10</PCALT>
    <TCALT>0.6</TCALT>
    <Pelev>3739</Pelev>
    <Telev>3307</Telev>
    <PART>0.5</PART>
    <DELAY>1</DELAY>
  </CatchmentParameters>
  <VegetationZone>
    <VegetationZoneParameters>
      <TT>0.93601214160567914</TT>
      <CFMAX>2.1036970771271193</CFMAX>
      <SP>-0.633682650169871</SP>
      <SFCF>1.2195220336601151</SFCF>
      <CFR>0.0053070783588386487</CFR>
      <CWH>0.05194976112993635</CWH>
      <CFGlacier>0.621654623940148</CFGlacier>
      <CFSlope>0.18593541218862908</CFSlope>
      <FC>391.63110150235508</FC>
      <LP>0.44615603097583012</LP>
      <BETA>1.5145559647889171</BETA>
    </VegetationZoneParameters>
  </VegetationZone>
  <SubCatchment>
    <SubCatchmentParameters>
      <KSI>0.001000002809442368</KSI>
      <KGmin>0.016673095690938462</KGmin>
      <RangeKG>0.10002969029056935</RangeKG>
      <AG>0.8072593920504717</AG>
      <KInfiltration>0.38347186571144115</KInfiltration>
      <PERC>2.5450127980487549</PERC>
      <Alpha>0</Alpha>
      <UZL>50.971836502402347</UZL>
      <K0>0.4180957704652804</K0>
      <K1>0.09177499537334434</K1>
      <K2>0.0096258323100526684</K2>
      <MAXBAS>1.5196161426351715</MAXBAS>
      <Cet>0</Cet>
      <PCALT>10</PCALT>
      <TCALT>0.6</TCALT>
      <Pelev>3739</Pelev>
      <Telev>3307</Telev>
      <PART>0.5</PART>
      <DELAY>1</DELAY>
    </SubCatchmentParameters>
    <SubCatchmentVegetationZone>
      <SubCatchmentVegetationZoneParameters>
        <TT>0.93601214160567914</TT>
        <CFMAX>2.1036970771271193</CFMAX>
        <SP>-0.633682650169871</SP>
        <SFCF>1.2195220336601151</SFCF>
        <CFR>0.0053070783588386487</CFR>
        <CWH>0.05194976112993635</CWH>
        <CFGlacier>0.621654623940148</CFGlacier>
        <CFSlope>0.18593541218862908</CFSlope>
        <FC>391.63110150235508</FC>
        <LP>0.44615603097583012</LP>
        <BETA>1.5145559647889171</BETA>
      </SubCatchmentVegetationZoneParameters>
    </SubCatchmentVegetationZone>
  </SubCatchment>
</Catchment>