<?xml version="1.0" encoding="utf-8"?>
<Catchment xmlns:xsi="http://www.w3.org/2001/XMLSchema-instance" xmlns:xsd="http://www.w3.org/2001/XMLSchema">
  <CatchmentParameters>
    <KSI>0.0011130372053217423</KSI>
    <KGmin>0.16707357636138379</KGmin>
    <RangeKG>0.2145917095919091</RangeKG>
    <AG>0.31561020019138436</AG>
    <KInfiltration>0.49030380292702336</KInfiltration>
    <PERC>2.5789519086703474</PERC>
    <Alpha>0</Alpha>
    <UZL>50.676661394544745</UZL>
    <K0>0.52855882471755355</K0>
    <K1>0.10312758360890814</K1>
    <K2>0.0077704210534582895</K2>
    <MAXBAS>1.7489127560334825</MAXBAS>
    <Cet>0</Cet>
    <PCALT>10</PCALT>
    <TCALT>0.6</TCALT>
    <Pelev>3739</Pelev>
    <Telev>3307</Telev>
    <PART>0.5</PART>
    <DELAY>1</DELAY>
  </CatchmentParameters>
  <VegetationZone>
    <VegetationZoneParameters>
      <TT>-0.7475123055615468</TT>
      <CFMAX>0.82900348650972611</CFMAX>
      <SP>-0.36730770471145985</SP>
      <SFCF>1.1798673286035981</SFCF>
      <CFR>0.039243870343596686</CFR>
      <CWH>0.15004755998334518</CWH>
      <CFGlacier>0.70784850520539211</CFGlacier>
      <CFSlope>0.21258760773725366</CFSlope>
      <FC>295.74102870384468</FC>
      <LP>0.80609516095186473</LP>
      <BETA>3.5429979913704446</BETA>
    </VegetationZoneParameters>
  </VegetationZone>
  <SubCatchment>
    <SubCatchmentParameters>
      <KSI>0.0011130372053217423</KSI>
      <KGmin>0.16707357636138379</KGmin>
      <RangeKG>0.2145917095919091</RangeKG>
      <AG>0.31561020019138436</AG>
      <KInfiltration>0.49030380292702336</KInfiltration>
      <PERC>2.5789519086703474</PERC>
      <Alpha>0</Alpha>
      <UZL>50.676661394544745</UZL>
      <K0>0.52855882471755355</K0>
      <K1>0.10312758360890814</K1>
      <K2>0.0077704210534582895</K2>
      <MAXBAS>1.7489127560334825</MAXBAS>
      <Cet>0</Cet>
      <PCALT>10</PCALT>
      <TCALT>0.6</TCALT>
      <Pelev>3739</Pelev>
      <Telev>3307</Telev>
      <PART>0.5</PART>
      <DELAY>1</DELAY>
    </SubCatchmentParameters>
    <SubCatchmentVegetationZone>
      <SubCatchmentVegetationZoneParameters>
        <TT>-0.7475123055615468</TT>
        <CFMAX>0.82900348650972611</CFMAX>
        <SP>-0.36730770471145985</SP>
        <SFCF>1.1798673286035981</SFCF>
        <CFR>0.039243870343596686</CFR>
        <CWH>0.15004755998334518</CWH>
        <CFGlacier>0.70784850520539211</CFGlacier>
        <CFSlope>0.21258760773725366</CFSlope>
        <FC>295.74102870384468</FC>
        <LP>0.80609516095186473</LP>
        <BETA>3.5429979913704446</BETA>
      </SubCatchmentVegetationZoneParameters>
    </SubCatchmentVegetationZone>
  </SubCatchment>
</Catchment>