<?xml version="1.0" encoding="utf-8"?>
<Catchment xmlns:xsi="http://www.w3.org/2001/XMLSchema-instance" xmlns:xsd="http://www.w3.org/2001/XMLSchema">
  <CatchmentParameters>
    <KSI>0.0015528608818398929</KSI>
    <KGmin>0.19997624683897725</KGmin>
    <RangeKG>0.15086057855192969</RangeKG>
    <AG>0.48738434371438027</AG>
    <KInfiltration>0.44723975369471547</KInfiltration>
    <PERC>2.12566481155123</PERC>
    <Alpha>0</Alpha>
    <UZL>76.985351461131472</UZL>
    <K0>0.41546493446040911</K0>
    <K1>0.078692589791308665</K1>
    <K2>0.0069760975750553728</K2>
    <MAXBAS>1.3050739604924535</MAXBAS>
    <Cet>0</Cet>
    <PCALT>10</PCALT>
    <TCALT>0.6</TCALT>
    <Pelev>3739</Pelev>
    <Telev>3307</Telev>
    <PART>0.5</PART>
    <DELAY>1</DELAY>
  </CatchmentParameters>
  <VegetationZone>
    <VegetationZoneParameters>
      <TT>1.3836235033667996</TT>
      <CFMAX>2.1205875294840197</CFMAX>
      <SP>-0.44022409536334117</SP>
      <SFCF>1.0989755254582343</SFCF>
      <CFR>0.0037114689192369859</CFR>
      <CWH>0.058452815385472381</CWH>
      <CFGlacier>0.38073550332574485</CFGlacier>
      <CFSlope>0.22079289744849456</CFSlope>
      <FC>400.65286388124019</FC>
      <LP>0.50533306247450438</LP>
      <BETA>2.0534401056799019</BETA>
    </VegetationZoneParameters>
  </VegetationZone>
  <SubCatchment>
    <SubCatchmentParameters>
      <KSI>0.0015528608818398929</KSI>
      <KGmin>0.19997624683897725</KGmin>
      <RangeKG>0.15086057855192969</RangeKG>
      <AG>0.48738434371438027</AG>
      <KInfiltration>0.44723975369471547</KInfiltration>
      <PERC>2.12566481155123</PERC>
      <Alpha>0</Alpha>
      <UZL>76.985351461131472</UZL>
      <K0>0.41546493446040911</K0>
      <K1>0.078692589791308665</K1>
      <K2>0.0069760975750553728</K2>
      <MAXBAS>1.3050739604924535</MAXBAS>
      <Cet>0</Cet>
      <PCALT>10</PCALT>
      <TCALT>0.6</TCALT>
      <Pelev>3739</Pelev>
      <Telev>3307</Telev>
      <PART>0.5</PART>
      <DELAY>1</DELAY>
    </SubCatchmentParameters>
    <SubCatchmentVegetationZone>
      <SubCatchmentVegetationZoneParameters>
        <TT>1.3836235033667996</TT>
        <CFMAX>2.1205875294840197</CFMAX>
        <SP>-0.44022409536334117</SP>
        <SFCF>1.0989755254582343</SFCF>
        <CFR>0.0037114689192369859</CFR>
        <CWH>0.058452815385472381</CWH>
        <CFGlacier>0.38073550332574485</CFGlacier>
        <CFSlope>0.22079289744849456</CFSlope>
        <FC>400.65286388124019</FC>
        <LP>0.50533306247450438</LP>
        <BETA>2.0534401056799019</BETA>
      </SubCatchmentVegetationZoneParameters>
    </SubCatchmentVegetationZone>
  </SubCatchment>
</Catchment>