<?xml version="1.0" encoding="utf-8"?>
<Catchment xmlns:xsi="http://www.w3.org/2001/XMLSchema-instance" xmlns:xsd="http://www.w3.org/2001/XMLSchema">
  <CatchmentParameters>
    <KSI>0.0021318296442791483</KSI>
    <KGmin>0.19173747883285952</KGmin>
    <RangeKG>0.10000229830784184</RangeKG>
    <AG>0.99674157027669141</AG>
    <KInfiltration>0.50931259346857749</KInfiltration>
    <PERC>2.661096805094683</PERC>
    <Alpha>0</Alpha>
    <UZL>35.405706231124185</UZL>
    <K0>0.57742050045457394</K0>
    <K1>0.0872122742300909</K1>
    <K2>0.0063730088547235726</K2>
    <MAXBAS>1.6352401858442331</MAXBAS>
    <Cet>0</Cet>
    <PCALT>10</PCALT>
    <TCALT>0.6</TCALT>
    <Pelev>3739</Pelev>
    <Telev>3307</Telev>
    <PART>0.5</PART>
    <DELAY>1</DELAY>
  </CatchmentParameters>
  <VegetationZone>
    <VegetationZoneParameters>
      <TT>0.73999097287392357</TT>
      <CFMAX>0.62261962561393225</CFMAX>
      <SP>0.14125029078786386</SP>
      <SFCF>1.2308373238153527</SFCF>
      <CFR>0.021294711512027557</CFR>
      <CWH>0.0040076540141654824</CWH>
      <CFGlacier>0.21393961314114982</CFGlacier>
      <CFSlope>0.2108650382152448</CFSlope>
      <FC>445.77416966579932</FC>
      <LP>0.72611256249228862</LP>
      <BETA>2.4292915546215492</BETA>
    </VegetationZoneParameters>
  </VegetationZone>
  <SubCatchment>
    <SubCatchmentParameters>
      <KSI>0.0021318296442791483</KSI>
      <KGmin>0.19173747883285952</KGmin>
      <RangeKG>0.10000229830784184</RangeKG>
      <AG>0.99674157027669141</AG>
      <KInfiltration>0.50931259346857749</KInfiltration>
      <PERC>2.661096805094683</PERC>
      <Alpha>0</Alpha>
      <UZL>35.405706231124185</UZL>
      <K0>0.57742050045457394</K0>
      <K1>0.0872122742300909</K1>
      <K2>0.0063730088547235726</K2>
      <MAXBAS>1.6352401858442331</MAXBAS>
      <Cet>0</Cet>
      <PCALT>10</PCALT>
      <TCALT>0.6</TCALT>
      <Pelev>3739</Pelev>
      <Telev>3307</Telev>
      <PART>0.5</PART>
      <DELAY>1</DELAY>
    </SubCatchmentParameters>
    <SubCatchmentVegetationZone>
      <SubCatchmentVegetationZoneParameters>
        <TT>0.73999097287392357</TT>
        <CFMAX>0.62261962561393225</CFMAX>
        <SP>0.14125029078786386</SP>
        <SFCF>1.2308373238153527</SFCF>
        <CFR>0.021294711512027557</CFR>
        <CWH>0.0040076540141654824</CWH>
        <CFGlacier>0.21393961314114982</CFGlacier>
        <CFSlope>0.2108650382152448</CFSlope>
        <FC>445.77416966579932</FC>
        <LP>0.72611256249228862</LP>
        <BETA>2.4292915546215492</BETA>
      </SubCatchmentVegetationZoneParameters>
    </SubCatchmentVegetationZone>
  </SubCatchment>
</Catchment>