<?xml version="1.0" encoding="utf-8"?>
<Catchment xmlns:xsi="http://www.w3.org/2001/XMLSchema-instance" xmlns:xsd="http://www.w3.org/2001/XMLSchema">
  <CatchmentParameters>
    <KSI>0.001575324387127566</KSI>
    <KGmin>0.18477123144464028</KGmin>
    <RangeKG>0.10000125755588915</RangeKG>
    <AG>0.99960974266323721</AG>
    <KInfiltration>0.46820038158705729</KInfiltration>
    <PERC>2.1168786429679307</PERC>
    <Alpha>0</Alpha>
    <UZL>23.521200275135232</UZL>
    <K0>0.86759590277507814</K0>
    <K1>0.14986699804141715</K1>
    <K2>0.0037164759447765572</K2>
    <MAXBAS>1.8483806285618434</MAXBAS>
    <Cet>0</Cet>
    <PCALT>10</PCALT>
    <TCALT>0.6</TCALT>
    <Pelev>3739</Pelev>
    <Telev>3307</Telev>
    <PART>0.5</PART>
    <DELAY>1</DELAY>
  </CatchmentParameters>
  <VegetationZone>
    <VegetationZoneParameters>
      <TT>0.81085747587758272</TT>
      <CFMAX>1.0992330464701658</CFMAX>
      <SP>-0.39503737585669374</SP>
      <SFCF>1.2243836826156416</SFCF>
      <CFR>0.08307886674797306</CFR>
      <CWH>0.047500086543686752</CWH>
      <CFGlacier>0.12901969551289835</CFGlacier>
      <CFSlope>0.20307651521191045</CFSlope>
      <FC>492.81949741282779</FC>
      <LP>0.792719039170354</LP>
      <BETA>1.821816616990662</BETA>
    </VegetationZoneParameters>
  </VegetationZone>
  <SubCatchment>
    <SubCatchmentParameters>
      <KSI>0.001575324387127566</KSI>
      <KGmin>0.18477123144464028</KGmin>
      <RangeKG>0.10000125755588915</RangeKG>
      <AG>0.99960974266323721</AG>
      <KInfiltration>0.46820038158705729</KInfiltration>
      <PERC>2.1168786429679307</PERC>
      <Alpha>0</Alpha>
      <UZL>23.521200275135232</UZL>
      <K0>0.86759590277507814</K0>
      <K1>0.14986699804141715</K1>
      <K2>0.0037164759447765572</K2>
      <MAXBAS>1.8483806285618434</MAXBAS>
      <Cet>0</Cet>
      <PCALT>10</PCALT>
      <TCALT>0.6</TCALT>
      <Pelev>3739</Pelev>
      <Telev>3307</Telev>
      <PART>0.5</PART>
      <DELAY>1</DELAY>
    </SubCatchmentParameters>
    <SubCatchmentVegetationZone>
      <SubCatchmentVegetationZoneParameters>
        <TT>0.81085747587758272</TT>
        <CFMAX>1.0992330464701658</CFMAX>
        <SP>-0.39503737585669374</SP>
        <SFCF>1.2243836826156416</SFCF>
        <CFR>0.08307886674797306</CFR>
        <CWH>0.047500086543686752</CWH>
        <CFGlacier>0.12901969551289835</CFGlacier>
        <CFSlope>0.20307651521191045</CFSlope>
        <FC>492.81949741282779</FC>
        <LP>0.792719039170354</LP>
        <BETA>1.821816616990662</BETA>
      </SubCatchmentVegetationZoneParameters>
    </SubCatchmentVegetationZone>
  </SubCatchment>
</Catchment>