<?xml version="1.0" encoding="utf-8"?>
<Catchment xmlns:xsi="http://www.w3.org/2001/XMLSchema-instance" xmlns:xsd="http://www.w3.org/2001/XMLSchema">
  <CatchmentParameters>
    <KSI>0.0011759757380898138</KSI>
    <KGmin>0.12600346466835632</KGmin>
    <RangeKG>0.3747565679165919</RangeKG>
    <AG>0.0033123671087490958</AG>
    <KInfiltration>0.29627566016101925</KInfiltration>
    <PERC>2.1117742539603164</PERC>
    <Alpha>0</Alpha>
    <UZL>45.308072252691616</UZL>
    <K0>0.47122860627332214</K0>
    <K1>0.11778976285827673</K1>
    <K2>0.0062913355867640674</K2>
    <MAXBAS>1.7685424519235604</MAXBAS>
    <Cet>0</Cet>
    <PCALT>10</PCALT>
    <TCALT>0.6</TCALT>
    <Pelev>3739</Pelev>
    <Telev>3307</Telev>
    <PART>0.5</PART>
    <DELAY>1</DELAY>
  </CatchmentParameters>
  <VegetationZone>
    <VegetationZoneParameters>
      <TT>0.24349222165395004</TT>
      <CFMAX>0.96913385810257635</CFMAX>
      <SP>-0.35245307854722741</SP>
      <SFCF>1.0711694867800692</SFCF>
      <CFR>0.013618368813008958</CFR>
      <CWH>0.045708299923131135</CWH>
      <CFGlacier>0.64120120532951075</CFGlacier>
      <CFSlope>0.22237622730469739</CFSlope>
      <FC>365.04776771135562</FC>
      <LP>0.85727286615221665</LP>
      <BETA>2.4075550650337627</BETA>
    </VegetationZoneParameters>
  </VegetationZone>
  <SubCatchment>
    <SubCatchmentParameters>
      <KSI>0.0011759757380898138</KSI>
      <KGmin>0.12600346466835632</KGmin>
      <RangeKG>0.3747565679165919</RangeKG>
      <AG>0.0033123671087490958</AG>
      <KInfiltration>0.29627566016101925</KInfiltration>
      <PERC>2.1117742539603164</PERC>
      <Alpha>0</Alpha>
      <UZL>45.308072252691616</UZL>
      <K0>0.47122860627332214</K0>
      <K1>0.11778976285827673</K1>
      <K2>0.0062913355867640674</K2>
      <MAXBAS>1.7685424519235604</MAXBAS>
      <Cet>0</Cet>
      <PCALT>10</PCALT>
      <TCALT>0.6</TCALT>
      <Pelev>3739</Pelev>
      <Telev>3307</Telev>
      <PART>0.5</PART>
      <DELAY>1</DELAY>
    </SubCatchmentParameters>
    <SubCatchmentVegetationZone>
      <SubCatchmentVegetationZoneParameters>
        <TT>0.24349222165395004</TT>
        <CFMAX>0.96913385810257635</CFMAX>
        <SP>-0.35245307854722741</SP>
        <SFCF>1.0711694867800692</SFCF>
        <CFR>0.013618368813008958</CFR>
        <CWH>0.045708299923131135</CWH>
        <CFGlacier>0.64120120532951075</CFGlacier>
        <CFSlope>0.22237622730469739</CFSlope>
        <FC>365.04776771135562</FC>
        <LP>0.85727286615221665</LP>
        <BETA>2.4075550650337627</BETA>
      </SubCatchmentVegetationZoneParameters>
    </SubCatchmentVegetationZone>
  </SubCatchment>
</Catchment>