<?xml version="1.0" encoding="utf-8"?>
<Catchment xmlns:xsi="http://www.w3.org/2001/XMLSchema-instance" xmlns:xsd="http://www.w3.org/2001/XMLSchema">
  <CatchmentParameters>
    <KSI>0.0015278022586825994</KSI>
    <KGmin>0.010066381509353323</KGmin>
    <RangeKG>0.15286863322968025</RangeKG>
    <AG>0.0191245883250137</AG>
    <KInfiltration>0.36387016653452764</KInfiltration>
    <PERC>3.1210430156311224</PERC>
    <Alpha>0</Alpha>
    <UZL>56.43122942410141</UZL>
    <K0>0.55375987070578858</K0>
    <K1>0.076326642825249189</K1>
    <K2>0.0086151037176506323</K2>
    <MAXBAS>1.6349981260149036</MAXBAS>
    <Cet>0</Cet>
    <PCALT>10</PCALT>
    <TCALT>0.6</TCALT>
    <Pelev>3739</Pelev>
    <Telev>3307</Telev>
    <PART>0.5</PART>
    <DELAY>1</DELAY>
  </CatchmentParameters>
  <VegetationZone>
    <VegetationZoneParameters>
      <TT>-1.9125908848771152</TT>
      <CFMAX>4.0885116323236277</CFMAX>
      <SP>-0.63621077238487056</SP>
      <SFCF>1.0057713347506694</SFCF>
      <CFR>0.07531001538842344</CFR>
      <CWH>0.19999938399221059</CWH>
      <CFGlacier>0.73829505007083485</CFGlacier>
      <CFSlope>0.59454125816861481</CFSlope>
      <FC>573.0227952986985</FC>
      <LP>0.37300449957453768</LP>
      <BETA>3.0574594240376847</BETA>
    </VegetationZoneParameters>
  </VegetationZone>
  <SubCatchment>
    <SubCatchmentParameters>
      <KSI>0.0015278022586825994</KSI>
      <KGmin>0.010066381509353323</KGmin>
      <RangeKG>0.15286863322968025</RangeKG>
      <AG>0.0191245883250137</AG>
      <KInfiltration>0.36387016653452764</KInfiltration>
      <PERC>3.1210430156311224</PERC>
      <Alpha>0</Alpha>
      <UZL>56.43122942410141</UZL>
      <K0>0.55375987070578858</K0>
      <K1>0.076326642825249189</K1>
      <K2>0.0086151037176506323</K2>
      <MAXBAS>1.6349981260149036</MAXBAS>
      <Cet>0</Cet>
      <PCALT>10</PCALT>
      <TCALT>0.6</TCALT>
      <Pelev>3739</Pelev>
      <Telev>3307</Telev>
      <PART>0.5</PART>
      <DELAY>1</DELAY>
    </SubCatchmentParameters>
    <SubCatchmentVegetationZone>
      <SubCatchmentVegetationZoneParameters>
        <TT>-1.9125908848771152</TT>
        <CFMAX>4.0885116323236277</CFMAX>
        <SP>-0.63621077238487056</SP>
        <SFCF>1.0057713347506694</SFCF>
        <CFR>0.07531001538842344</CFR>
        <CWH>0.19999938399221059</CWH>
        <CFGlacier>0.73829505007083485</CFGlacier>
        <CFSlope>0.59454125816861481</CFSlope>
        <FC>573.0227952986985</FC>
        <LP>0.37300449957453768</LP>
        <BETA>3.0574594240376847</BETA>
      </SubCatchmentVegetationZoneParameters>
    </SubCatchmentVegetationZone>
  </SubCatchment>
</Catchment>