<?xml version="1.0" encoding="utf-8"?>
<Catchment xmlns:xsi="http://www.w3.org/2001/XMLSchema-instance" xmlns:xsd="http://www.w3.org/2001/XMLSchema">
  <CatchmentParameters>
    <KSI>0.0029535382173379379</KSI>
    <KGmin>0.044520661230557257</KGmin>
    <RangeKG>0.10006286099126253</RangeKG>
    <AG>0.929264141450104</AG>
    <KInfiltration>0.61849462229366281</KInfiltration>
    <PERC>2.3903457138121116</PERC>
    <Alpha>0</Alpha>
    <UZL>65.093270262320544</UZL>
    <K0>0.46290426986403477</K0>
    <K1>0.079094387698767324</K1>
    <K2>0.0085978882082538236</K2>
    <MAXBAS>1.6184763970491023</MAXBAS>
    <Cet>0</Cet>
    <PCALT>10</PCALT>
    <TCALT>0.6</TCALT>
    <Pelev>3739</Pelev>
    <Telev>3307</Telev>
    <PART>0.5</PART>
    <DELAY>1</DELAY>
  </CatchmentParameters>
  <VegetationZone>
    <VegetationZoneParameters>
      <TT>-0.38201370959506586</TT>
      <CFMAX>1.0871125504695203</CFMAX>
      <SP>-0.29064410751402076</SP>
      <SFCF>1.1938783867931933</SFCF>
      <CFR>3.3946051222717868E-08</CFR>
      <CWH>0.13892449090736456</CWH>
      <CFGlacier>0.81445849633756662</CFGlacier>
      <CFSlope>0.22890580197486957</CFSlope>
      <FC>536.28226678342969</FC>
      <LP>0.80955931270464443</LP>
      <BETA>2.4373220545615046</BETA>
    </VegetationZoneParameters>
  </VegetationZone>
  <SubCatchment>
    <SubCatchmentParameters>
      <KSI>0.0029535382173379379</KSI>
      <KGmin>0.044520661230557257</KGmin>
      <RangeKG>0.10006286099126253</RangeKG>
      <AG>0.929264141450104</AG>
      <KInfiltration>0.61849462229366281</KInfiltration>
      <PERC>2.3903457138121116</PERC>
      <Alpha>0</Alpha>
      <UZL>65.093270262320544</UZL>
      <K0>0.46290426986403477</K0>
      <K1>0.079094387698767324</K1>
      <K2>0.0085978882082538236</K2>
      <MAXBAS>1.6184763970491023</MAXBAS>
      <Cet>0</Cet>
      <PCALT>10</PCALT>
      <TCALT>0.6</TCALT>
      <Pelev>3739</Pelev>
      <Telev>3307</Telev>
      <PART>0.5</PART>
      <DELAY>1</DELAY>
    </SubCatchmentParameters>
    <SubCatchmentVegetationZone>
      <SubCatchmentVegetationZoneParameters>
        <TT>-0.38201370959506586</TT>
        <CFMAX>1.0871125504695203</CFMAX>
        <SP>-0.29064410751402076</SP>
        <SFCF>1.1938783867931933</SFCF>
        <CFR>3.3946051222717868E-08</CFR>
        <CWH>0.13892449090736456</CWH>
        <CFGlacier>0.81445849633756662</CFGlacier>
        <CFSlope>0.22890580197486957</CFSlope>
        <FC>536.28226678342969</FC>
        <LP>0.80955931270464443</LP>
        <BETA>2.4373220545615046</BETA>
      </SubCatchmentVegetationZoneParameters>
    </SubCatchmentVegetationZone>
  </SubCatchment>
</Catchment>