<?xml version="1.0" encoding="utf-8"?>
<Catchment xmlns:xsi="http://www.w3.org/2001/XMLSchema-instance" xmlns:xsd="http://www.w3.org/2001/XMLSchema">
  <CatchmentParameters>
    <KSI>0.0024718913663121377</KSI>
    <KGmin>0.12050869628974747</KGmin>
    <RangeKG>0.13482998188830103</RangeKG>
    <AG>0.20407967626673071</AG>
    <KInfiltration>0.14589437621399931</KInfiltration>
    <PERC>1.8287835830526587</PERC>
    <Alpha>0</Alpha>
    <UZL>30.163848008231323</UZL>
    <K0>0.4248412959582954</K0>
    <K1>0.17927801541345334</K1>
    <K2>0.004988702850892179</K2>
    <MAXBAS>1.6449788953644895</MAXBAS>
    <Cet>0</Cet>
    <PCALT>10</PCALT>
    <TCALT>0.6</TCALT>
    <Pelev>3739</Pelev>
    <Telev>3307</Telev>
    <PART>0.5</PART>
    <DELAY>1</DELAY>
  </CatchmentParameters>
  <VegetationZone>
    <VegetationZoneParameters>
      <TT>0.5685513974565265</TT>
      <CFMAX>1.951115210794182</CFMAX>
      <SP>-0.46766222235631316</SP>
      <SFCF>1.0206927402166002</SFCF>
      <CFR>0.036398943986101447</CFR>
      <CWH>0.054134051729098569</CWH>
      <CFGlacier>0.63713820424197443</CFGlacier>
      <CFSlope>0.30738987388517164</CFSlope>
      <FC>489.87915698228875</FC>
      <LP>0.41764103627982557</LP>
      <BETA>2.1116087456898436</BETA>
    </VegetationZoneParameters>
  </VegetationZone>
  <SubCatchment>
    <SubCatchmentParameters>
      <KSI>0.0024718913663121377</KSI>
      <KGmin>0.12050869628974747</KGmin>
      <RangeKG>0.13482998188830103</RangeKG>
      <AG>0.20407967626673071</AG>
      <KInfiltration>0.14589437621399931</KInfiltration>
      <PERC>1.8287835830526587</PERC>
      <Alpha>0</Alpha>
      <UZL>30.163848008231323</UZL>
      <K0>0.4248412959582954</K0>
      <K1>0.17927801541345334</K1>
      <K2>0.004988702850892179</K2>
      <MAXBAS>1.6449788953644895</MAXBAS>
      <Cet>0</Cet>
      <PCALT>10</PCALT>
      <TCALT>0.6</TCALT>
      <Pelev>3739</Pelev>
      <Telev>3307</Telev>
      <PART>0.5</PART>
      <DELAY>1</DELAY>
    </SubCatchmentParameters>
    <SubCatchmentVegetationZone>
      <SubCatchmentVegetationZoneParameters>
        <TT>0.5685513974565265</TT>
        <CFMAX>1.951115210794182</CFMAX>
        <SP>-0.46766222235631316</SP>
        <SFCF>1.0206927402166002</SFCF>
        <CFR>0.036398943986101447</CFR>
        <CWH>0.054134051729098569</CWH>
        <CFGlacier>0.63713820424197443</CFGlacier>
        <CFSlope>0.30738987388517164</CFSlope>
        <FC>489.87915698228875</FC>
        <LP>0.41764103627982557</LP>
        <BETA>2.1116087456898436</BETA>
      </SubCatchmentVegetationZoneParameters>
    </SubCatchmentVegetationZone>
  </SubCatchment>
</Catchment>