<?xml version="1.0" encoding="utf-8"?>
<Catchment xmlns:xsi="http://www.w3.org/2001/XMLSchema-instance" xmlns:xsd="http://www.w3.org/2001/XMLSchema">
  <CatchmentParameters>
    <KSI>0.0016469148800256099</KSI>
    <KGmin>0.11364512571750729</KGmin>
    <RangeKG>0.10000069715897512</RangeKG>
    <AG>0.057423717916577632</AG>
    <KInfiltration>0.63699194621019539</KInfiltration>
    <PERC>1.9895174028581564</PERC>
    <Alpha>0</Alpha>
    <UZL>40.578216719813057</UZL>
    <K0>0.50022212634731922</K0>
    <K1>0.21828155554362369</K1>
    <K2>0.0033690231460589306</K2>
    <MAXBAS>1.1819396663603345</MAXBAS>
    <Cet>0</Cet>
    <PCALT>10</PCALT>
    <TCALT>0.6</TCALT>
    <Pelev>3739</Pelev>
    <Telev>3307</Telev>
    <PART>0.5</PART>
    <DELAY>1</DELAY>
  </CatchmentParameters>
  <VegetationZone>
    <VegetationZoneParameters>
      <TT>2.1260811896938319</TT>
      <CFMAX>1.4273238989652737</CFMAX>
      <SP>-0.22394211422902821</SP>
      <SFCF>1.1202761253460727</SFCF>
      <CFR>0.026678063394136135</CFR>
      <CWH>0.088223653753421</CWH>
      <CFGlacier>0.20725957962493202</CFGlacier>
      <CFSlope>0.19269254620447565</CFSlope>
      <FC>598.54442595058765</FC>
      <LP>0.84100341409607793</LP>
      <BETA>1.8923317730337088</BETA>
    </VegetationZoneParameters>
  </VegetationZone>
  <SubCatchment>
    <SubCatchmentParameters>
      <KSI>0.0016469148800256099</KSI>
      <KGmin>0.11364512571750729</KGmin>
      <RangeKG>0.10000069715897512</RangeKG>
      <AG>0.057423717916577632</AG>
      <KInfiltration>0.63699194621019539</KInfiltration>
      <PERC>1.9895174028581564</PERC>
      <Alpha>0</Alpha>
      <UZL>40.578216719813057</UZL>
      <K0>0.50022212634731922</K0>
      <K1>0.21828155554362369</K1>
      <K2>0.0033690231460589306</K2>
      <MAXBAS>1.1819396663603345</MAXBAS>
      <Cet>0</Cet>
      <PCALT>10</PCALT>
      <TCALT>0.6</TCALT>
      <Pelev>3739</Pelev>
      <Telev>3307</Telev>
      <PART>0.5</PART>
      <DELAY>1</DELAY>
    </SubCatchmentParameters>
    <SubCatchmentVegetationZone>
      <SubCatchmentVegetationZoneParameters>
        <TT>2.1260811896938319</TT>
        <CFMAX>1.4273238989652737</CFMAX>
        <SP>-0.22394211422902821</SP>
        <SFCF>1.1202761253460727</SFCF>
        <CFR>0.026678063394136135</CFR>
        <CWH>0.088223653753421</CWH>
        <CFGlacier>0.20725957962493202</CFGlacier>
        <CFSlope>0.19269254620447565</CFSlope>
        <FC>598.54442595058765</FC>
        <LP>0.84100341409607793</LP>
        <BETA>1.8923317730337088</BETA>
      </SubCatchmentVegetationZoneParameters>
    </SubCatchmentVegetationZone>
  </SubCatchment>
</Catchment>