<?xml version="1.0" encoding="utf-8"?>
<Catchment xmlns:xsi="http://www.w3.org/2001/XMLSchema-instance" xmlns:xsd="http://www.w3.org/2001/XMLSchema">
  <CatchmentParameters>
    <KSI>0.0019098363771229308</KSI>
    <KGmin>0.094728668468547078</KGmin>
    <RangeKG>0.14883458351847118</RangeKG>
    <AG>0.9996296806031445</AG>
    <KInfiltration>0.99998925273650174</KInfiltration>
    <PERC>3.0743416973137863</PERC>
    <Alpha>0</Alpha>
    <UZL>51.647632330638757</UZL>
    <K0>0.72414348930925343</K0>
    <K1>0.082387074519895243</K1>
    <K2>0.0085829828433009528</K2>
    <MAXBAS>1.4798306169532693</MAXBAS>
    <Cet>0</Cet>
    <PCALT>10</PCALT>
    <TCALT>0.6</TCALT>
    <Pelev>3739</Pelev>
    <Telev>3307</Telev>
    <PART>0.5</PART>
    <DELAY>1</DELAY>
  </CatchmentParameters>
  <VegetationZone>
    <VegetationZoneParameters>
      <TT>-1.2716103410828983</TT>
      <CFMAX>1.5605362369206124</CFMAX>
      <SP>0.25414392700282235</SP>
      <SFCF>1.0489681492247145</SFCF>
      <CFR>0.024477933469408266</CFR>
      <CWH>0.023130331054816263</CWH>
      <CFGlacier>0.01428438939588768</CFGlacier>
      <CFSlope>0.548203236463394</CFSlope>
      <FC>571.22736169389839</FC>
      <LP>0.630959271314522</LP>
      <BETA>2.2032283245747486</BETA>
    </VegetationZoneParameters>
  </VegetationZone>
  <SubCatchment>
    <SubCatchmentParameters>
      <KSI>0.0019098363771229308</KSI>
      <KGmin>0.094728668468547078</KGmin>
      <RangeKG>0.14883458351847118</RangeKG>
      <AG>0.9996296806031445</AG>
      <KInfiltration>0.99998925273650174</KInfiltration>
      <PERC>3.0743416973137863</PERC>
      <Alpha>0</Alpha>
      <UZL>51.647632330638757</UZL>
      <K0>0.72414348930925343</K0>
      <K1>0.082387074519895243</K1>
      <K2>0.0085829828433009528</K2>
      <MAXBAS>1.4798306169532693</MAXBAS>
      <Cet>0</Cet>
      <PCALT>10</PCALT>
      <TCALT>0.6</TCALT>
      <Pelev>3739</Pelev>
      <Telev>3307</Telev>
      <PART>0.5</PART>
      <DELAY>1</DELAY>
    </SubCatchmentParameters>
    <SubCatchmentVegetationZone>
      <SubCatchmentVegetationZoneParameters>
        <TT>-1.2716103410828983</TT>
        <CFMAX>1.5605362369206124</CFMAX>
        <SP>0.25414392700282235</SP>
        <SFCF>1.0489681492247145</SFCF>
        <CFR>0.024477933469408266</CFR>
        <CWH>0.023130331054816263</CWH>
        <CFGlacier>0.01428438939588768</CFGlacier>
        <CFSlope>0.548203236463394</CFSlope>
        <FC>571.22736169389839</FC>
        <LP>0.630959271314522</LP>
        <BETA>2.2032283245747486</BETA>
      </SubCatchmentVegetationZoneParameters>
    </SubCatchmentVegetationZone>
  </SubCatchment>
</Catchment>