<?xml version="1.0" encoding="utf-8"?>
<Catchment xmlns:xsi="http://www.w3.org/2001/XMLSchema-instance" xmlns:xsd="http://www.w3.org/2001/XMLSchema">
  <CatchmentParameters>
    <KSI>0.0019550518547689854</KSI>
    <KGmin>0.069223876437579865</KGmin>
    <RangeKG>0.12604278118590642</RangeKG>
    <AG>0.21439212723884779</AG>
    <KInfiltration>0.42773287275676952</KInfiltration>
    <PERC>2.1643252903632324</PERC>
    <Alpha>0</Alpha>
    <UZL>51.481821641816865</UZL>
    <K0>0.51291251490279888</K0>
    <K1>0.11471585604357028</K1>
    <K2>0.0068334185302503618</K2>
    <MAXBAS>1.6726141340853433</MAXBAS>
    <Cet>0</Cet>
    <PCALT>10</PCALT>
    <TCALT>0.6</TCALT>
    <Pelev>3739</Pelev>
    <Telev>3307</Telev>
    <PART>0.5</PART>
    <DELAY>1</DELAY>
  </CatchmentParameters>
  <VegetationZone>
    <VegetationZoneParameters>
      <TT>1.1194078347322467</TT>
      <CFMAX>1.7228295314424582</CFMAX>
      <SP>-0.44525615007100228</SP>
      <SFCF>1.165046020374279</SFCF>
      <CFR>0.073649600781743624</CFR>
      <CWH>0.013862597412020072</CWH>
      <CFGlacier>0.58219576818865315</CFGlacier>
      <CFSlope>0.21813318869419035</CFSlope>
      <FC>491.61527551664466</FC>
      <LP>0.56159738437640161</LP>
      <BETA>1.8211847214964816</BETA>
    </VegetationZoneParameters>
  </VegetationZone>
  <SubCatchment>
    <SubCatchmentParameters>
      <KSI>0.0019550518547689854</KSI>
      <KGmin>0.069223876437579865</KGmin>
      <RangeKG>0.12604278118590642</RangeKG>
      <AG>0.21439212723884779</AG>
      <KInfiltration>0.42773287275676952</KInfiltration>
      <PERC>2.1643252903632324</PERC>
      <Alpha>0</Alpha>
      <UZL>51.481821641816865</UZL>
      <K0>0.51291251490279888</K0>
      <K1>0.11471585604357028</K1>
      <K2>0.0068334185302503618</K2>
      <MAXBAS>1.6726141340853433</MAXBAS>
      <Cet>0</Cet>
      <PCALT>10</PCALT>
      <TCALT>0.6</TCALT>
      <Pelev>3739</Pelev>
      <Telev>3307</Telev>
      <PART>0.5</PART>
      <DELAY>1</DELAY>
    </SubCatchmentParameters>
    <SubCatchmentVegetationZone>
      <SubCatchmentVegetationZoneParameters>
        <TT>1.1194078347322467</TT>
        <CFMAX>1.7228295314424582</CFMAX>
        <SP>-0.44525615007100228</SP>
        <SFCF>1.165046020374279</SFCF>
        <CFR>0.073649600781743624</CFR>
        <CWH>0.013862597412020072</CWH>
        <CFGlacier>0.58219576818865315</CFGlacier>
        <CFSlope>0.21813318869419035</CFSlope>
        <FC>491.61527551664466</FC>
        <LP>0.56159738437640161</LP>
        <BETA>1.8211847214964816</BETA>
      </SubCatchmentVegetationZoneParameters>
    </SubCatchmentVegetationZone>
  </SubCatchment>
</Catchment>