<?xml version="1.0" encoding="utf-8"?>
<Catchment xmlns:xsi="http://www.w3.org/2001/XMLSchema-instance" xmlns:xsd="http://www.w3.org/2001/XMLSchema">
  <CatchmentParameters>
    <KSI>0.0025846240568970068</KSI>
    <KGmin>0.071209665740129685</KGmin>
    <RangeKG>0.20148032262494336</RangeKG>
    <AG>0.99713047265579124</AG>
    <KInfiltration>0.50899499427127237</KInfiltration>
    <PERC>2.7990455596457959</PERC>
    <Alpha>0</Alpha>
    <UZL>54.299896345602804</UZL>
    <K0>0.36792853626570526</K0>
    <K1>0.095357912043224233</K1>
    <K2>0.0068270249103957971</K2>
    <MAXBAS>1.6750352510554032</MAXBAS>
    <Cet>0</Cet>
    <PCALT>10</PCALT>
    <TCALT>0.6</TCALT>
    <Pelev>3739</Pelev>
    <Telev>3307</Telev>
    <PART>0.5</PART>
    <DELAY>1</DELAY>
  </CatchmentParameters>
  <VegetationZone>
    <VegetationZoneParameters>
      <TT>-1.2995799653953759</TT>
      <CFMAX>2.5946758206774954</CFMAX>
      <SP>-0.25526845167034823</SP>
      <SFCF>1.0000000929794086</SFCF>
      <CFR>0.0272881273377228</CFR>
      <CWH>0.19999573797322676</CWH>
      <CFGlacier>0.26357899509079025</CFGlacier>
      <CFSlope>0.48333981980243218</CFSlope>
      <FC>653.37976105890868</FC>
      <LP>0.30000740849412749</LP>
      <BETA>3.1689799219566464</BETA>
    </VegetationZoneParameters>
  </VegetationZone>
  <SubCatchment>
    <SubCatchmentParameters>
      <KSI>0.0025846240568970068</KSI>
      <KGmin>0.071209665740129685</KGmin>
      <RangeKG>0.20148032262494336</RangeKG>
      <AG>0.99713047265579124</AG>
      <KInfiltration>0.50899499427127237</KInfiltration>
      <PERC>2.7990455596457959</PERC>
      <Alpha>0</Alpha>
      <UZL>54.299896345602804</UZL>
      <K0>0.36792853626570526</K0>
      <K1>0.095357912043224233</K1>
      <K2>0.0068270249103957971</K2>
      <MAXBAS>1.6750352510554032</MAXBAS>
      <Cet>0</Cet>
      <PCALT>10</PCALT>
      <TCALT>0.6</TCALT>
      <Pelev>3739</Pelev>
      <Telev>3307</Telev>
      <PART>0.5</PART>
      <DELAY>1</DELAY>
    </SubCatchmentParameters>
    <SubCatchmentVegetationZone>
      <SubCatchmentVegetationZoneParameters>
        <TT>-1.2995799653953759</TT>
        <CFMAX>2.5946758206774954</CFMAX>
        <SP>-0.25526845167034823</SP>
        <SFCF>1.0000000929794086</SFCF>
        <CFR>0.0272881273377228</CFR>
        <CWH>0.19999573797322676</CWH>
        <CFGlacier>0.26357899509079025</CFGlacier>
        <CFSlope>0.48333981980243218</CFSlope>
        <FC>653.37976105890868</FC>
        <LP>0.30000740849412749</LP>
        <BETA>3.1689799219566464</BETA>
      </SubCatchmentVegetationZoneParameters>
    </SubCatchmentVegetationZone>
  </SubCatchment>
</Catchment>