<?xml version="1.0" encoding="utf-8"?>
<Catchment xmlns:xsi="http://www.w3.org/2001/XMLSchema-instance" xmlns:xsd="http://www.w3.org/2001/XMLSchema">
  <CatchmentParameters>
    <KSI>0.0012158939654993949</KSI>
    <KGmin>0.19885704422911332</KGmin>
    <RangeKG>0.49947634623032761</RangeKG>
    <AG>0.00982657481763081</AG>
    <KInfiltration>0.47686332658358638</KInfiltration>
    <PERC>2.71294707523939</PERC>
    <Alpha>0</Alpha>
    <UZL>61.167908257550792</UZL>
    <K0>0.38638717212598</K0>
    <K1>0.085342367491078847</K1>
    <K2>0.0087863663502708838</K2>
    <MAXBAS>1.5050180899572581</MAXBAS>
    <Cet>0</Cet>
    <PCALT>10</PCALT>
    <TCALT>0.6</TCALT>
    <Pelev>3739</Pelev>
    <Telev>3307</Telev>
    <PART>0.5</PART>
    <DELAY>1</DELAY>
  </CatchmentParameters>
  <VegetationZone>
    <VegetationZoneParameters>
      <TT>1.2681569068487211</TT>
      <CFMAX>1.4709074282142671</CFMAX>
      <SP>-0.32092058036625437</SP>
      <SFCF>1.1321948599260419</SFCF>
      <CFR>0.059217209172034727</CFR>
      <CWH>0.0089708161797901163</CWH>
      <CFGlacier>0.48952303355325988</CFGlacier>
      <CFSlope>0.2076425270144569</CFSlope>
      <FC>562.38595997132677</FC>
      <LP>0.954530708024766</LP>
      <BETA>2.5169818969003823</BETA>
    </VegetationZoneParameters>
  </VegetationZone>
  <SubCatchment>
    <SubCatchmentParameters>
      <KSI>0.0012158939654993949</KSI>
      <KGmin>0.19885704422911332</KGmin>
      <RangeKG>0.49947634623032761</RangeKG>
      <AG>0.00982657481763081</AG>
      <KInfiltration>0.47686332658358638</KInfiltration>
      <PERC>2.71294707523939</PERC>
      <Alpha>0</Alpha>
      <UZL>61.167908257550792</UZL>
      <K0>0.38638717212598</K0>
      <K1>0.085342367491078847</K1>
      <K2>0.0087863663502708838</K2>
      <MAXBAS>1.5050180899572581</MAXBAS>
      <Cet>0</Cet>
      <PCALT>10</PCALT>
      <TCALT>0.6</TCALT>
      <Pelev>3739</Pelev>
      <Telev>3307</Telev>
      <PART>0.5</PART>
      <DELAY>1</DELAY>
    </SubCatchmentParameters>
    <SubCatchmentVegetationZone>
      <SubCatchmentVegetationZoneParameters>
        <TT>1.2681569068487211</TT>
        <CFMAX>1.4709074282142671</CFMAX>
        <SP>-0.32092058036625437</SP>
        <SFCF>1.1321948599260419</SFCF>
        <CFR>0.059217209172034727</CFR>
        <CWH>0.0089708161797901163</CWH>
        <CFGlacier>0.48952303355325988</CFGlacier>
        <CFSlope>0.2076425270144569</CFSlope>
        <FC>562.38595997132677</FC>
        <LP>0.954530708024766</LP>
        <BETA>2.5169818969003823</BETA>
      </SubCatchmentVegetationZoneParameters>
    </SubCatchmentVegetationZone>
  </SubCatchment>
</Catchment>