<?xml version="1.0" encoding="utf-8"?>
<Catchment xmlns:xsi="http://www.w3.org/2001/XMLSchema-instance" xmlns:xsd="http://www.w3.org/2001/XMLSchema">
  <CatchmentParameters>
    <KSI>0.001397752890011317</KSI>
    <KGmin>0.19201535975015582</KGmin>
    <RangeKG>0.28337288908865577</RangeKG>
    <AG>0.0012986429203164698</AG>
    <KInfiltration>0.59382522821436134</KInfiltration>
    <PERC>2.4919798601638941</PERC>
    <Alpha>0</Alpha>
    <UZL>75.02121358222405</UZL>
    <K0>0.38862607117108994</K0>
    <K1>0.057391492346069377</K1>
    <K2>0.0098110960766904839</K2>
    <MAXBAS>1.6408763211887609</MAXBAS>
    <Cet>0</Cet>
    <PCALT>10</PCALT>
    <TCALT>0.6</TCALT>
    <Pelev>3739</Pelev>
    <Telev>3307</Telev>
    <PART>0.5</PART>
    <DELAY>1</DELAY>
  </CatchmentParameters>
  <VegetationZone>
    <VegetationZoneParameters>
      <TT>0.61523857759020339</TT>
      <CFMAX>1.0754530689381965</CFMAX>
      <SP>-0.21358827628235078</SP>
      <SFCF>1.1573588930588725</SFCF>
      <CFR>0.026296107318547916</CFR>
      <CWH>0.012857094696953229</CWH>
      <CFGlacier>0.509792452687769</CFGlacier>
      <CFSlope>0.190714167554304</CFSlope>
      <FC>379.86472641081025</FC>
      <LP>0.63495868277977907</LP>
      <BETA>1.3262654426438856</BETA>
    </VegetationZoneParameters>
  </VegetationZone>
  <SubCatchment>
    <SubCatchmentParameters>
      <KSI>0.001397752890011317</KSI>
      <KGmin>0.19201535975015582</KGmin>
      <RangeKG>0.28337288908865577</RangeKG>
      <AG>0.0012986429203164698</AG>
      <KInfiltration>0.59382522821436134</KInfiltration>
      <PERC>2.4919798601638941</PERC>
      <Alpha>0</Alpha>
      <UZL>75.02121358222405</UZL>
      <K0>0.38862607117108994</K0>
      <K1>0.057391492346069377</K1>
      <K2>0.0098110960766904839</K2>
      <MAXBAS>1.6408763211887609</MAXBAS>
      <Cet>0</Cet>
      <PCALT>10</PCALT>
      <TCALT>0.6</TCALT>
      <Pelev>3739</Pelev>
      <Telev>3307</Telev>
      <PART>0.5</PART>
      <DELAY>1</DELAY>
    </SubCatchmentParameters>
    <SubCatchmentVegetationZone>
      <SubCatchmentVegetationZoneParameters>
        <TT>0.61523857759020339</TT>
        <CFMAX>1.0754530689381965</CFMAX>
        <SP>-0.21358827628235078</SP>
        <SFCF>1.1573588930588725</SFCF>
        <CFR>0.026296107318547916</CFR>
        <CWH>0.012857094696953229</CWH>
        <CFGlacier>0.509792452687769</CFGlacier>
        <CFSlope>0.190714167554304</CFSlope>
        <FC>379.86472641081025</FC>
        <LP>0.63495868277977907</LP>
        <BETA>1.3262654426438856</BETA>
      </SubCatchmentVegetationZoneParameters>
    </SubCatchmentVegetationZone>
  </SubCatchment>
</Catchment>