<?xml version="1.0" encoding="utf-8"?>
<Catchment xmlns:xsi="http://www.w3.org/2001/XMLSchema-instance" xmlns:xsd="http://www.w3.org/2001/XMLSchema">
  <CatchmentParameters>
    <KSI>0.0028890005082034187</KSI>
    <KGmin>0.19995629671540324</KGmin>
    <RangeKG>0.10007858773958933</RangeKG>
    <AG>8.6078866433243062E-09</AG>
    <KInfiltration>0.5486337297340047</KInfiltration>
    <PERC>2.0883129715891058</PERC>
    <Alpha>0</Alpha>
    <UZL>77.161722093828629</UZL>
    <K0>0.7324696563964016</K0>
    <K1>0.04353743206979506</K1>
    <K2>0.0048463901382798285</K2>
    <MAXBAS>1.7877346516011599</MAXBAS>
    <Cet>0</Cet>
    <PCALT>10</PCALT>
    <TCALT>0.6</TCALT>
    <Pelev>3739</Pelev>
    <Telev>3307</Telev>
    <PART>0.5</PART>
    <DELAY>1</DELAY>
  </CatchmentParameters>
  <VegetationZone>
    <VegetationZoneParameters>
      <TT>0.16198964425791279</TT>
      <CFMAX>0.59591601380427117</CFMAX>
      <SP>-0.17506537640152481</SP>
      <SFCF>1.2251919864499257</SFCF>
      <CFR>4.6303837030851196E-08</CFR>
      <CWH>0.058809877280106025</CWH>
      <CFGlacier>0.24665972969146194</CFGlacier>
      <CFSlope>0.18188674703697377</CFSlope>
      <FC>207.35372750578259</FC>
      <LP>0.75846169127884</LP>
      <BETA>5.8016249036229643</BETA>
    </VegetationZoneParameters>
  </VegetationZone>
  <SubCatchment>
    <SubCatchmentParameters>
      <KSI>0.0028890005082034187</KSI>
      <KGmin>0.19995629671540324</KGmin>
      <RangeKG>0.10007858773958933</RangeKG>
      <AG>8.6078866433243062E-09</AG>
      <KInfiltration>0.5486337297340047</KInfiltration>
      <PERC>2.0883129715891058</PERC>
      <Alpha>0</Alpha>
      <UZL>77.161722093828629</UZL>
      <K0>0.7324696563964016</K0>
      <K1>0.04353743206979506</K1>
      <K2>0.0048463901382798285</K2>
      <MAXBAS>1.7877346516011599</MAXBAS>
      <Cet>0</Cet>
      <PCALT>10</PCALT>
      <TCALT>0.6</TCALT>
      <Pelev>3739</Pelev>
      <Telev>3307</Telev>
      <PART>0.5</PART>
      <DELAY>1</DELAY>
    </SubCatchmentParameters>
    <SubCatchmentVegetationZone>
      <SubCatchmentVegetationZoneParameters>
        <TT>0.16198964425791279</TT>
        <CFMAX>0.59591601380427117</CFMAX>
        <SP>-0.17506537640152481</SP>
        <SFCF>1.2251919864499257</SFCF>
        <CFR>4.6303837030851196E-08</CFR>
        <CWH>0.058809877280106025</CWH>
        <CFGlacier>0.24665972969146194</CFGlacier>
        <CFSlope>0.18188674703697377</CFSlope>
        <FC>207.35372750578259</FC>
        <LP>0.75846169127884</LP>
        <BETA>5.8016249036229643</BETA>
      </SubCatchmentVegetationZoneParameters>
    </SubCatchmentVegetationZone>
  </SubCatchment>
</Catchment>