<?xml version="1.0" encoding="utf-8"?>
<Catchment xmlns:xsi="http://www.w3.org/2001/XMLSchema-instance" xmlns:xsd="http://www.w3.org/2001/XMLSchema">
  <CatchmentParameters>
    <KSI>0.0025418947870755539</KSI>
    <KGmin>0.096733845044460767</KGmin>
    <RangeKG>0.26109196448114896</RangeKG>
    <AG>0.0050066937849291109</AG>
    <KInfiltration>0.25852633867855818</KInfiltration>
    <PERC>2.0266890136248938</PERC>
    <Alpha>0</Alpha>
    <UZL>86.791549388624262</UZL>
    <K0>0.44069766631361518</K0>
    <K1>0.067286836574377187</K1>
    <K2>0.00496338134470438</K2>
    <MAXBAS>1.4843145997351057</MAXBAS>
    <Cet>0</Cet>
    <PCALT>10</PCALT>
    <TCALT>0.6</TCALT>
    <Pelev>3739</Pelev>
    <Telev>3307</Telev>
    <PART>0.5</PART>
    <DELAY>1</DELAY>
  </CatchmentParameters>
  <VegetationZone>
    <VegetationZoneParameters>
      <TT>1.2226961846858808</TT>
      <CFMAX>1.5175039765308451</CFMAX>
      <SP>0.08354480407545864</SP>
      <SFCF>1.0862078944969749</SFCF>
      <CFR>0.069962310412531592</CFR>
      <CWH>0.058254387224064563</CWH>
      <CFGlacier>0.47834795589910384</CFGlacier>
      <CFSlope>0.24584127252685564</CFSlope>
      <FC>460.17764865243606</FC>
      <LP>0.4941504522293787</LP>
      <BETA>1.5690747479831038</BETA>
    </VegetationZoneParameters>
  </VegetationZone>
  <SubCatchment>
    <SubCatchmentParameters>
      <KSI>0.0025418947870755539</KSI>
      <KGmin>0.096733845044460767</KGmin>
      <RangeKG>0.26109196448114896</RangeKG>
      <AG>0.0050066937849291109</AG>
      <KInfiltration>0.25852633867855818</KInfiltration>
      <PERC>2.0266890136248938</PERC>
      <Alpha>0</Alpha>
      <UZL>86.791549388624262</UZL>
      <K0>0.44069766631361518</K0>
      <K1>0.067286836574377187</K1>
      <K2>0.00496338134470438</K2>
      <MAXBAS>1.4843145997351057</MAXBAS>
      <Cet>0</Cet>
      <PCALT>10</PCALT>
      <TCALT>0.6</TCALT>
      <Pelev>3739</Pelev>
      <Telev>3307</Telev>
      <PART>0.5</PART>
      <DELAY>1</DELAY>
    </SubCatchmentParameters>
    <SubCatchmentVegetationZone>
      <SubCatchmentVegetationZoneParameters>
        <TT>1.2226961846858808</TT>
        <CFMAX>1.5175039765308451</CFMAX>
        <SP>0.08354480407545864</SP>
        <SFCF>1.0862078944969749</SFCF>
        <CFR>0.069962310412531592</CFR>
        <CWH>0.058254387224064563</CWH>
        <CFGlacier>0.47834795589910384</CFGlacier>
        <CFSlope>0.24584127252685564</CFSlope>
        <FC>460.17764865243606</FC>
        <LP>0.4941504522293787</LP>
        <BETA>1.5690747479831038</BETA>
      </SubCatchmentVegetationZoneParameters>
    </SubCatchmentVegetationZone>
  </SubCatchment>
</Catchment>