<?xml version="1.0" encoding="utf-8"?>
<Catchment xmlns:xsi="http://www.w3.org/2001/XMLSchema-instance" xmlns:xsd="http://www.w3.org/2001/XMLSchema">
  <CatchmentParameters>
    <KSI>0.001553622705954695</KSI>
    <KGmin>0.16092891211648741</KGmin>
    <RangeKG>0.49995728314316107</RangeKG>
    <AG>0.00445942736030433</AG>
    <KInfiltration>0.45753409677425522</KInfiltration>
    <PERC>2.3042769185243439</PERC>
    <Alpha>0</Alpha>
    <UZL>45.681906465215619</UZL>
    <K0>0.42951456759987933</K0>
    <K1>0.10880431764672692</K1>
    <K2>0.008562218467502599</K2>
    <MAXBAS>1.7150387098946274</MAXBAS>
    <Cet>0</Cet>
    <PCALT>10</PCALT>
    <TCALT>0.6</TCALT>
    <Pelev>3739</Pelev>
    <Telev>3307</Telev>
    <PART>0.5</PART>
    <DELAY>1</DELAY>
  </CatchmentParameters>
  <VegetationZone>
    <VegetationZoneParameters>
      <TT>0.55791516614044412</TT>
      <CFMAX>1.3233772239278974</CFMAX>
      <SP>-0.469466414568682</SP>
      <SFCF>1.0578685252602851</SFCF>
      <CFR>0.042973336755474767</CFR>
      <CWH>0.0063431240770093888</CWH>
      <CFGlacier>0.72777137107172651</CFGlacier>
      <CFSlope>0.24904839216327146</CFSlope>
      <FC>264.12640159416634</FC>
      <LP>0.35706627862921608</LP>
      <BETA>2.4913811700337378</BETA>
    </VegetationZoneParameters>
  </VegetationZone>
  <SubCatchment>
    <SubCatchmentParameters>
      <KSI>0.001553622705954695</KSI>
      <KGmin>0.16092891211648741</KGmin>
      <RangeKG>0.49995728314316107</RangeKG>
      <AG>0.00445942736030433</AG>
      <KInfiltration>0.45753409677425522</KInfiltration>
      <PERC>2.3042769185243439</PERC>
      <Alpha>0</Alpha>
      <UZL>45.681906465215619</UZL>
      <K0>0.42951456759987933</K0>
      <K1>0.10880431764672692</K1>
      <K2>0.008562218467502599</K2>
      <MAXBAS>1.7150387098946274</MAXBAS>
      <Cet>0</Cet>
      <PCALT>10</PCALT>
      <TCALT>0.6</TCALT>
      <Pelev>3739</Pelev>
      <Telev>3307</Telev>
      <PART>0.5</PART>
      <DELAY>1</DELAY>
    </SubCatchmentParameters>
    <SubCatchmentVegetationZone>
      <SubCatchmentVegetationZoneParameters>
        <TT>0.55791516614044412</TT>
        <CFMAX>1.3233772239278974</CFMAX>
        <SP>-0.469466414568682</SP>
        <SFCF>1.0578685252602851</SFCF>
        <CFR>0.042973336755474767</CFR>
        <CWH>0.0063431240770093888</CWH>
        <CFGlacier>0.72777137107172651</CFGlacier>
        <CFSlope>0.24904839216327146</CFSlope>
        <FC>264.12640159416634</FC>
        <LP>0.35706627862921608</LP>
        <BETA>2.4913811700337378</BETA>
      </SubCatchmentVegetationZoneParameters>
    </SubCatchmentVegetationZone>
  </SubCatchment>
</Catchment>