<?xml version="1.0" encoding="utf-8"?>
<Catchment xmlns:xsi="http://www.w3.org/2001/XMLSchema-instance" xmlns:xsd="http://www.w3.org/2001/XMLSchema">
  <CatchmentParameters>
    <KSI>0.0029998879159500538</KSI>
    <KGmin>0.10657667435711174</KGmin>
    <RangeKG>0.10055532664612946</RangeKG>
    <AG>0.23677543109287752</AG>
    <KInfiltration>0.36327169275759691</KInfiltration>
    <PERC>2.0058519784085007</PERC>
    <Alpha>0</Alpha>
    <UZL>55.707304165807159</UZL>
    <K0>0.43733758928513394</K0>
    <K1>0.10853109055235882</K1>
    <K2>0.0059902447067808149</K2>
    <MAXBAS>1.4106643407368873</MAXBAS>
    <Cet>0</Cet>
    <PCALT>10</PCALT>
    <TCALT>0.6</TCALT>
    <Pelev>3739</Pelev>
    <Telev>3307</Telev>
    <PART>0.5</PART>
    <DELAY>1</DELAY>
  </CatchmentParameters>
  <VegetationZone>
    <VegetationZoneParameters>
      <TT>1.3620040392508264</TT>
      <CFMAX>1.6192030750321478</CFMAX>
      <SP>-0.330554621242892</SP>
      <SFCF>1.0967852835926377</SFCF>
      <CFR>1.3494174876240123E-08</CFR>
      <CWH>0.11067826405589595</CWH>
      <CFGlacier>0.71614298635277562</CFGlacier>
      <CFSlope>0.237834081055189</CFSlope>
      <FC>373.13371795093406</FC>
      <LP>0.6653281567392364</LP>
      <BETA>1.1557689462226455</BETA>
    </VegetationZoneParameters>
  </VegetationZone>
  <SubCatchment>
    <SubCatchmentParameters>
      <KSI>0.0029998879159500538</KSI>
      <KGmin>0.10657667435711174</KGmin>
      <RangeKG>0.10055532664612946</RangeKG>
      <AG>0.23677543109287752</AG>
      <KInfiltration>0.36327169275759691</KInfiltration>
      <PERC>2.0058519784085007</PERC>
      <Alpha>0</Alpha>
      <UZL>55.707304165807159</UZL>
      <K0>0.43733758928513394</K0>
      <K1>0.10853109055235882</K1>
      <K2>0.0059902447067808149</K2>
      <MAXBAS>1.4106643407368873</MAXBAS>
      <Cet>0</Cet>
      <PCALT>10</PCALT>
      <TCALT>0.6</TCALT>
      <Pelev>3739</Pelev>
      <Telev>3307</Telev>
      <PART>0.5</PART>
      <DELAY>1</DELAY>
    </SubCatchmentParameters>
    <SubCatchmentVegetationZone>
      <SubCatchmentVegetationZoneParameters>
        <TT>1.3620040392508264</TT>
        <CFMAX>1.6192030750321478</CFMAX>
        <SP>-0.330554621242892</SP>
        <SFCF>1.0967852835926377</SFCF>
        <CFR>1.3494174876240123E-08</CFR>
        <CWH>0.11067826405589595</CWH>
        <CFGlacier>0.71614298635277562</CFGlacier>
        <CFSlope>0.237834081055189</CFSlope>
        <FC>373.13371795093406</FC>
        <LP>0.6653281567392364</LP>
        <BETA>1.1557689462226455</BETA>
      </SubCatchmentVegetationZoneParameters>
    </SubCatchmentVegetationZone>
  </SubCatchment>
</Catchment>