<?xml version="1.0" encoding="utf-8"?>
<Catchment xmlns:xsi="http://www.w3.org/2001/XMLSchema-instance" xmlns:xsd="http://www.w3.org/2001/XMLSchema">
  <CatchmentParameters>
    <KSI>0.001792502609179154</KSI>
    <KGmin>0.12062925421951937</KGmin>
    <RangeKG>0.12347733822171553</RangeKG>
    <AG>0.22767739907017842</AG>
    <KInfiltration>0.30452595695327173</KInfiltration>
    <PERC>2.1444460252076145</PERC>
    <Alpha>0</Alpha>
    <UZL>60.844779798516875</UZL>
    <K0>0.6767841915103574</K0>
    <K1>0.10269916034255551</K1>
    <K2>0.007021299230666446</K2>
    <MAXBAS>1.805030369363811</MAXBAS>
    <Cet>0</Cet>
    <PCALT>10</PCALT>
    <TCALT>0.6</TCALT>
    <Pelev>3739</Pelev>
    <Telev>3307</Telev>
    <PART>0.5</PART>
    <DELAY>1</DELAY>
  </CatchmentParameters>
  <VegetationZone>
    <VegetationZoneParameters>
      <TT>1.0573654056472144</TT>
      <CFMAX>1.6830666366404343</CFMAX>
      <SP>-0.20480055166191538</SP>
      <SFCF>1.0278332324718484</SFCF>
      <CFR>0.080199466823101639</CFR>
      <CWH>0.020957087679216405</CWH>
      <CFGlacier>0.47898130405804212</CFGlacier>
      <CFSlope>0.26526509563321427</CFSlope>
      <FC>414.7294321157558</FC>
      <LP>0.49536503551011341</LP>
      <BETA>1.7753012351980286</BETA>
    </VegetationZoneParameters>
  </VegetationZone>
  <SubCatchment>
    <SubCatchmentParameters>
      <KSI>0.001792502609179154</KSI>
      <KGmin>0.12062925421951937</KGmin>
      <RangeKG>0.12347733822171553</RangeKG>
      <AG>0.22767739907017842</AG>
      <KInfiltration>0.30452595695327173</KInfiltration>
      <PERC>2.1444460252076145</PERC>
      <Alpha>0</Alpha>
      <UZL>60.844779798516875</UZL>
      <K0>0.6767841915103574</K0>
      <K1>0.10269916034255551</K1>
      <K2>0.007021299230666446</K2>
      <MAXBAS>1.805030369363811</MAXBAS>
      <Cet>0</Cet>
      <PCALT>10</PCALT>
      <TCALT>0.6</TCALT>
      <Pelev>3739</Pelev>
      <Telev>3307</Telev>
      <PART>0.5</PART>
      <DELAY>1</DELAY>
    </SubCatchmentParameters>
    <SubCatchmentVegetationZone>
      <SubCatchmentVegetationZoneParameters>
        <TT>1.0573654056472144</TT>
        <CFMAX>1.6830666366404343</CFMAX>
        <SP>-0.20480055166191538</SP>
        <SFCF>1.0278332324718484</SFCF>
        <CFR>0.080199466823101639</CFR>
        <CWH>0.020957087679216405</CWH>
        <CFGlacier>0.47898130405804212</CFGlacier>
        <CFSlope>0.26526509563321427</CFSlope>
        <FC>414.7294321157558</FC>
        <LP>0.49536503551011341</LP>
        <BETA>1.7753012351980286</BETA>
      </SubCatchmentVegetationZoneParameters>
    </SubCatchmentVegetationZone>
  </SubCatchment>
</Catchment>