<?xml version="1.0" encoding="utf-8"?>
<Catchment xmlns:xsi="http://www.w3.org/2001/XMLSchema-instance" xmlns:xsd="http://www.w3.org/2001/XMLSchema">
  <CatchmentParameters>
    <KSI>0.0024535522736863456</KSI>
    <KGmin>0.18356311589924351</KGmin>
    <RangeKG>0.10000591446405814</RangeKG>
    <AG>0.99270105673961051</AG>
    <KInfiltration>0.69144531909012774</KInfiltration>
    <PERC>2.1648560428461288</PERC>
    <Alpha>0</Alpha>
    <UZL>23.118294910136679</UZL>
    <K0>0.68596485230689552</K0>
    <K1>0.16819275543788481</K1>
    <K2>0.0073060493296289095</K2>
    <MAXBAS>1.759235316782048</MAXBAS>
    <Cet>0</Cet>
    <PCALT>10</PCALT>
    <TCALT>0.6</TCALT>
    <Pelev>3739</Pelev>
    <Telev>3307</Telev>
    <PART>0.5</PART>
    <DELAY>1</DELAY>
  </CatchmentParameters>
  <VegetationZone>
    <VegetationZoneParameters>
      <TT>-1.2221529808995792</TT>
      <CFMAX>0.57281243095658141</CFMAX>
      <SP>0.22738844082189083</SP>
      <SFCF>1.0567334969836462</SFCF>
      <CFR>2.3533207132648984E-05</CFR>
      <CWH>0.072422287305719826</CWH>
      <CFGlacier>0.10014677509072359</CFGlacier>
      <CFSlope>0.412493265790409</CFSlope>
      <FC>384.93586793250552</FC>
      <LP>0.51686508374308282</LP>
      <BETA>4.217712748491075</BETA>
    </VegetationZoneParameters>
  </VegetationZone>
  <SubCatchment>
    <SubCatchmentParameters>
      <KSI>0.0024535522736863456</KSI>
      <KGmin>0.18356311589924351</KGmin>
      <RangeKG>0.10000591446405814</RangeKG>
      <AG>0.99270105673961051</AG>
      <KInfiltration>0.69144531909012774</KInfiltration>
      <PERC>2.1648560428461288</PERC>
      <Alpha>0</Alpha>
      <UZL>23.118294910136679</UZL>
      <K0>0.68596485230689552</K0>
      <K1>0.16819275543788481</K1>
      <K2>0.0073060493296289095</K2>
      <MAXBAS>1.759235316782048</MAXBAS>
      <Cet>0</Cet>
      <PCALT>10</PCALT>
      <TCALT>0.6</TCALT>
      <Pelev>3739</Pelev>
      <Telev>3307</Telev>
      <PART>0.5</PART>
      <DELAY>1</DELAY>
    </SubCatchmentParameters>
    <SubCatchmentVegetationZone>
      <SubCatchmentVegetationZoneParameters>
        <TT>-1.2221529808995792</TT>
        <CFMAX>0.57281243095658141</CFMAX>
        <SP>0.22738844082189083</SP>
        <SFCF>1.0567334969836462</SFCF>
        <CFR>2.3533207132648984E-05</CFR>
        <CWH>0.072422287305719826</CWH>
        <CFGlacier>0.10014677509072359</CFGlacier>
        <CFSlope>0.412493265790409</CFSlope>
        <FC>384.93586793250552</FC>
        <LP>0.51686508374308282</LP>
        <BETA>4.217712748491075</BETA>
      </SubCatchmentVegetationZoneParameters>
    </SubCatchmentVegetationZone>
  </SubCatchment>
</Catchment>