<?xml version="1.0" encoding="utf-8"?>
<Catchment xmlns:xsi="http://www.w3.org/2001/XMLSchema-instance" xmlns:xsd="http://www.w3.org/2001/XMLSchema">
  <CatchmentParameters>
    <KSI>0.0026715176665648645</KSI>
    <KGmin>0.18981072457349096</KGmin>
    <RangeKG>0.10168235985254327</RangeKG>
    <AG>0.0031362165942507292</AG>
    <KInfiltration>0.34944181849917721</KInfiltration>
    <PERC>1.8806643473204829</PERC>
    <Alpha>0</Alpha>
    <UZL>52.05876996700556</UZL>
    <K0>0.39521309622431205</K0>
    <K1>0.094274868323692224</K1>
    <K2>0.0071275430103939341</K2>
    <MAXBAS>1.5404904573575751</MAXBAS>
    <Cet>0</Cet>
    <PCALT>10</PCALT>
    <TCALT>0.6</TCALT>
    <Pelev>3739</Pelev>
    <Telev>3307</Telev>
    <PART>0.5</PART>
    <DELAY>1</DELAY>
  </CatchmentParameters>
  <VegetationZone>
    <VegetationZoneParameters>
      <TT>-0.54798606138230532</TT>
      <CFMAX>1.0642741189726583</CFMAX>
      <SP>-0.34024307210004678</SP>
      <SFCF>1.0201731228091122</SFCF>
      <CFR>0.085035949766538138</CFR>
      <CWH>0.063932535094574486</CWH>
      <CFGlacier>0.79068938066708982</CFGlacier>
      <CFSlope>0.27508827103546707</CFSlope>
      <FC>355.49871157911923</FC>
      <LP>0.73167871220681091</LP>
      <BETA>2.4773874246022616</BETA>
    </VegetationZoneParameters>
  </VegetationZone>
  <SubCatchment>
    <SubCatchmentParameters>
      <KSI>0.0026715176665648645</KSI>
      <KGmin>0.18981072457349096</KGmin>
      <RangeKG>0.10168235985254327</RangeKG>
      <AG>0.0031362165942507292</AG>
      <KInfiltration>0.34944181849917721</KInfiltration>
      <PERC>1.8806643473204829</PERC>
      <Alpha>0</Alpha>
      <UZL>52.05876996700556</UZL>
      <K0>0.39521309622431205</K0>
      <K1>0.094274868323692224</K1>
      <K2>0.0071275430103939341</K2>
      <MAXBAS>1.5404904573575751</MAXBAS>
      <Cet>0</Cet>
      <PCALT>10</PCALT>
      <TCALT>0.6</TCALT>
      <Pelev>3739</Pelev>
      <Telev>3307</Telev>
      <PART>0.5</PART>
      <DELAY>1</DELAY>
    </SubCatchmentParameters>
    <SubCatchmentVegetationZone>
      <SubCatchmentVegetationZoneParameters>
        <TT>-0.54798606138230532</TT>
        <CFMAX>1.0642741189726583</CFMAX>
        <SP>-0.34024307210004678</SP>
        <SFCF>1.0201731228091122</SFCF>
        <CFR>0.085035949766538138</CFR>
        <CWH>0.063932535094574486</CWH>
        <CFGlacier>0.79068938066708982</CFGlacier>
        <CFSlope>0.27508827103546707</CFSlope>
        <FC>355.49871157911923</FC>
        <LP>0.73167871220681091</LP>
        <BETA>2.4773874246022616</BETA>
      </SubCatchmentVegetationZoneParameters>
    </SubCatchmentVegetationZone>
  </SubCatchment>
</Catchment>