<?xml version="1.0" encoding="utf-8"?>
<Catchment xmlns:xsi="http://www.w3.org/2001/XMLSchema-instance" xmlns:xsd="http://www.w3.org/2001/XMLSchema">
  <CatchmentParameters>
    <KSI>0.0018632957525369675</KSI>
    <KGmin>0.17493368909914944</KGmin>
    <RangeKG>0.10000198990381849</RangeKG>
    <AG>0.99169574509224467</AG>
    <KInfiltration>0.091490800040625625</KInfiltration>
    <PERC>2.4318553683590496</PERC>
    <Alpha>0</Alpha>
    <UZL>14.613248463313742</UZL>
    <K0>0.63927109000116067</K0>
    <K1>0.13744425033647609</K1>
    <K2>0.0037694796338640425</K2>
    <MAXBAS>1.6949731728500879</MAXBAS>
    <Cet>0</Cet>
    <PCALT>10</PCALT>
    <TCALT>0.6</TCALT>
    <Pelev>3739</Pelev>
    <Telev>3307</Telev>
    <PART>0.5</PART>
    <DELAY>1</DELAY>
  </CatchmentParameters>
  <VegetationZone>
    <VegetationZoneParameters>
      <TT>0.11452839376455005</TT>
      <CFMAX>0.79065208072930848</CFMAX>
      <SP>0.037547986860844491</SP>
      <SFCF>1.0715769998349345</SFCF>
      <CFR>0.080834023469607788</CFR>
      <CWH>0.034230765252807577</CWH>
      <CFGlacier>0.096423451984083489</CFGlacier>
      <CFSlope>0.311854814827249</CFSlope>
      <FC>532.72321405339017</FC>
      <LP>0.43872791605051648</LP>
      <BETA>1.863782710802534</BETA>
    </VegetationZoneParameters>
  </VegetationZone>
  <SubCatchment>
    <SubCatchmentParameters>
      <KSI>0.0018632957525369675</KSI>
      <KGmin>0.17493368909914944</KGmin>
      <RangeKG>0.10000198990381849</RangeKG>
      <AG>0.99169574509224467</AG>
      <KInfiltration>0.091490800040625625</KInfiltration>
      <PERC>2.4318553683590496</PERC>
      <Alpha>0</Alpha>
      <UZL>14.613248463313742</UZL>
      <K0>0.63927109000116067</K0>
      <K1>0.13744425033647609</K1>
      <K2>0.0037694796338640425</K2>
      <MAXBAS>1.6949731728500879</MAXBAS>
      <Cet>0</Cet>
      <PCALT>10</PCALT>
      <TCALT>0.6</TCALT>
      <Pelev>3739</Pelev>
      <Telev>3307</Telev>
      <PART>0.5</PART>
      <DELAY>1</DELAY>
    </SubCatchmentParameters>
    <SubCatchmentVegetationZone>
      <SubCatchmentVegetationZoneParameters>
        <TT>0.11452839376455005</TT>
        <CFMAX>0.79065208072930848</CFMAX>
        <SP>0.037547986860844491</SP>
        <SFCF>1.0715769998349345</SFCF>
        <CFR>0.080834023469607788</CFR>
        <CWH>0.034230765252807577</CWH>
        <CFGlacier>0.096423451984083489</CFGlacier>
        <CFSlope>0.311854814827249</CFSlope>
        <FC>532.72321405339017</FC>
        <LP>0.43872791605051648</LP>
        <BETA>1.863782710802534</BETA>
      </SubCatchmentVegetationZoneParameters>
    </SubCatchmentVegetationZone>
  </SubCatchment>
</Catchment>