<?xml version="1.0" encoding="utf-8"?>
<Catchment xmlns:xsi="http://www.w3.org/2001/XMLSchema-instance" xmlns:xsd="http://www.w3.org/2001/XMLSchema">
  <CatchmentParameters>
    <KSI>0.0029999730222909464</KSI>
    <KGmin>0.15747106887643544</KGmin>
    <RangeKG>0.10000712531759852</RangeKG>
    <AG>0.16938673350597844</AG>
    <KInfiltration>0.33490200260437031</KInfiltration>
    <PERC>2.6360059280010173</PERC>
    <Alpha>0</Alpha>
    <UZL>35.618617225853335</UZL>
    <K0>0.45599820032935789</K0>
    <K1>0.16969147647140651</K1>
    <K2>0.0057938372551377708</K2>
    <MAXBAS>1.7750512070600153</MAXBAS>
    <Cet>0</Cet>
    <PCALT>10</PCALT>
    <TCALT>0.6</TCALT>
    <Pelev>3739</Pelev>
    <Telev>3307</Telev>
    <PART>0.5</PART>
    <DELAY>1</DELAY>
  </CatchmentParameters>
  <VegetationZone>
    <VegetationZoneParameters>
      <TT>-1.7860666184234662</TT>
      <CFMAX>1.8242252783969637</CFMAX>
      <SP>-0.23647522184641198</SP>
      <SFCF>1.0000000011198329</SFCF>
      <CFR>0.068996350988591484</CFR>
      <CWH>0.18317529718274825</CWH>
      <CFGlacier>0.4405264494532925</CFGlacier>
      <CFSlope>0.56453676728620461</CFSlope>
      <FC>699.99704401313249</FC>
      <LP>0.30006826562419137</LP>
      <BETA>2.4705247011709588</BETA>
    </VegetationZoneParameters>
  </VegetationZone>
  <SubCatchment>
    <SubCatchmentParameters>
      <KSI>0.0029999730222909464</KSI>
      <KGmin>0.15747106887643544</KGmin>
      <RangeKG>0.10000712531759852</RangeKG>
      <AG>0.16938673350597844</AG>
      <KInfiltration>0.33490200260437031</KInfiltration>
      <PERC>2.6360059280010173</PERC>
      <Alpha>0</Alpha>
      <UZL>35.618617225853335</UZL>
      <K0>0.45599820032935789</K0>
      <K1>0.16969147647140651</K1>
      <K2>0.0057938372551377708</K2>
      <MAXBAS>1.7750512070600153</MAXBAS>
      <Cet>0</Cet>
      <PCALT>10</PCALT>
      <TCALT>0.6</TCALT>
      <Pelev>3739</Pelev>
      <Telev>3307</Telev>
      <PART>0.5</PART>
      <DELAY>1</DELAY>
    </SubCatchmentParameters>
    <SubCatchmentVegetationZone>
      <SubCatchmentVegetationZoneParameters>
        <TT>-1.7860666184234662</TT>
        <CFMAX>1.8242252783969637</CFMAX>
        <SP>-0.23647522184641198</SP>
        <SFCF>1.0000000011198329</SFCF>
        <CFR>0.068996350988591484</CFR>
        <CWH>0.18317529718274825</CWH>
        <CFGlacier>0.4405264494532925</CFGlacier>
        <CFSlope>0.56453676728620461</CFSlope>
        <FC>699.99704401313249</FC>
        <LP>0.30006826562419137</LP>
        <BETA>2.4705247011709588</BETA>
      </SubCatchmentVegetationZoneParameters>
    </SubCatchmentVegetationZone>
  </SubCatchment>
</Catchment>