<?xml version="1.0" encoding="utf-8"?>
<Catchment xmlns:xsi="http://www.w3.org/2001/XMLSchema-instance" xmlns:xsd="http://www.w3.org/2001/XMLSchema">
  <CatchmentParameters>
    <KSI>0.0024775164525405722</KSI>
    <KGmin>0.19999029156620218</KGmin>
    <RangeKG>0.16263154556004708</RangeKG>
    <AG>0.0062932256271046837</AG>
    <KInfiltration>0.67815141171983861</KInfiltration>
    <PERC>3.8074741026587349</PERC>
    <Alpha>0</Alpha>
    <UZL>41.272946869341517</UZL>
    <K0>0.73295804357828109</K0>
    <K1>0.07480022925556587</K1>
    <K2>0.0073204299859397507</K2>
    <MAXBAS>1.7650107061238347</MAXBAS>
    <Cet>0</Cet>
    <PCALT>10</PCALT>
    <TCALT>0.6</TCALT>
    <Pelev>3739</Pelev>
    <Telev>3307</Telev>
    <PART>0.5</PART>
    <DELAY>1</DELAY>
  </CatchmentParameters>
  <VegetationZone>
    <VegetationZoneParameters>
      <TT>-0.96058655562638262</TT>
      <CFMAX>2.3235764468456765</CFMAX>
      <SP>-0.32132075089843326</SP>
      <SFCF>1.0226896998790558</SFCF>
      <CFR>0.050126121561207326</CFR>
      <CWH>0.011669532260860167</CWH>
      <CFGlacier>0.093995708008992887</CFGlacier>
      <CFSlope>0.9166144216876857</CFSlope>
      <FC>405.50793618812361</FC>
      <LP>0.48151731530592456</LP>
      <BETA>2.5337206070120617</BETA>
    </VegetationZoneParameters>
  </VegetationZone>
  <SubCatchment>
    <SubCatchmentParameters>
      <KSI>0.0024775164525405722</KSI>
      <KGmin>0.19999029156620218</KGmin>
      <RangeKG>0.16263154556004708</RangeKG>
      <AG>0.0062932256271046837</AG>
      <KInfiltration>0.67815141171983861</KInfiltration>
      <PERC>3.8074741026587349</PERC>
      <Alpha>0</Alpha>
      <UZL>41.272946869341517</UZL>
      <K0>0.73295804357828109</K0>
      <K1>0.07480022925556587</K1>
      <K2>0.0073204299859397507</K2>
      <MAXBAS>1.7650107061238347</MAXBAS>
      <Cet>0</Cet>
      <PCALT>10</PCALT>
      <TCALT>0.6</TCALT>
      <Pelev>3739</Pelev>
      <Telev>3307</Telev>
      <PART>0.5</PART>
      <DELAY>1</DELAY>
    </SubCatchmentParameters>
    <SubCatchmentVegetationZone>
      <SubCatchmentVegetationZoneParameters>
        <TT>-0.96058655562638262</TT>
        <CFMAX>2.3235764468456765</CFMAX>
        <SP>-0.32132075089843326</SP>
        <SFCF>1.0226896998790558</SFCF>
        <CFR>0.050126121561207326</CFR>
        <CWH>0.011669532260860167</CWH>
        <CFGlacier>0.093995708008992887</CFGlacier>
        <CFSlope>0.9166144216876857</CFSlope>
        <FC>405.50793618812361</FC>
        <LP>0.48151731530592456</LP>
        <BETA>2.5337206070120617</BETA>
      </SubCatchmentVegetationZoneParameters>
    </SubCatchmentVegetationZone>
  </SubCatchment>
</Catchment>