<?xml version="1.0" encoding="utf-8"?>
<Catchment xmlns:xsi="http://www.w3.org/2001/XMLSchema-instance" xmlns:xsd="http://www.w3.org/2001/XMLSchema">
  <CatchmentParameters>
    <KSI>0.0026291398975469889</KSI>
    <KGmin>0.034978436119562376</KGmin>
    <RangeKG>0.19520583091409841</RangeKG>
    <AG>9.5869884948733487E-05</AG>
    <KInfiltration>0.47703075302077552</KInfiltration>
    <PERC>2.228002170406846</PERC>
    <Alpha>0</Alpha>
    <UZL>57.066742779671387</UZL>
    <K0>0.084881143441947818</K0>
    <K1>0.17681588781777261</K1>
    <K2>0.0053355720544414629</K2>
    <MAXBAS>1.0639536726858712</MAXBAS>
    <Cet>0</Cet>
    <PCALT>10</PCALT>
    <TCALT>0.6</TCALT>
    <Pelev>3739</Pelev>
    <Telev>3307</Telev>
    <PART>0.5</PART>
    <DELAY>1</DELAY>
  </CatchmentParameters>
  <VegetationZone>
    <VegetationZoneParameters>
      <TT>1.197303706984022</TT>
      <CFMAX>1.202812941106997</CFMAX>
      <SP>-0.30422843177734404</SP>
      <SFCF>1.0874017232964133</SFCF>
      <CFR>0.0086605156094325675</CFR>
      <CWH>0.017775119200255148</CWH>
      <CFGlacier>0.15262462791494952</CFGlacier>
      <CFSlope>0.313505150810973</CFSlope>
      <FC>281.44134150018914</FC>
      <LP>0.64150755821440708</LP>
      <BETA>4.67975560219325</BETA>
    </VegetationZoneParameters>
  </VegetationZone>
  <SubCatchment>
    <SubCatchmentParameters>
      <KSI>0.0026291398975469889</KSI>
      <KGmin>0.034978436119562376</KGmin>
      <RangeKG>0.19520583091409841</RangeKG>
      <AG>9.5869884948733487E-05</AG>
      <KInfiltration>0.47703075302077552</KInfiltration>
      <PERC>2.228002170406846</PERC>
      <Alpha>0</Alpha>
      <UZL>57.066742779671387</UZL>
      <K0>0.084881143441947818</K0>
      <K1>0.17681588781777261</K1>
      <K2>0.0053355720544414629</K2>
      <MAXBAS>1.0639536726858712</MAXBAS>
      <Cet>0</Cet>
      <PCALT>10</PCALT>
      <TCALT>0.6</TCALT>
      <Pelev>3739</Pelev>
      <Telev>3307</Telev>
      <PART>0.5</PART>
      <DELAY>1</DELAY>
    </SubCatchmentParameters>
    <SubCatchmentVegetationZone>
      <SubCatchmentVegetationZoneParameters>
        <TT>1.197303706984022</TT>
        <CFMAX>1.202812941106997</CFMAX>
        <SP>-0.30422843177734404</SP>
        <SFCF>1.0874017232964133</SFCF>
        <CFR>0.0086605156094325675</CFR>
        <CWH>0.017775119200255148</CWH>
        <CFGlacier>0.15262462791494952</CFGlacier>
        <CFSlope>0.313505150810973</CFSlope>
        <FC>281.44134150018914</FC>
        <LP>0.64150755821440708</LP>
        <BETA>4.67975560219325</BETA>
      </SubCatchmentVegetationZoneParameters>
    </SubCatchmentVegetationZone>
  </SubCatchment>
</Catchment>