<?xml version="1.0" encoding="utf-8"?>
<Catchment xmlns:xsi="http://www.w3.org/2001/XMLSchema-instance" xmlns:xsd="http://www.w3.org/2001/XMLSchema">
  <CatchmentParameters>
    <KSI>0.0029999405866792924</KSI>
    <KGmin>0.199496399129803</KGmin>
    <RangeKG>0.10010118970928526</RangeKG>
    <AG>0.0044095372614880758</AG>
    <KInfiltration>0.440631149247222</KInfiltration>
    <PERC>2.05310462121381</PERC>
    <Alpha>0</Alpha>
    <UZL>58.253831733623727</UZL>
    <K0>0.40912188252971</K0>
    <K1>0.088013988552573266</K1>
    <K2>0.0081206745183451615</K2>
    <MAXBAS>1.6314457122994934</MAXBAS>
    <Cet>0</Cet>
    <PCALT>10</PCALT>
    <TCALT>0.6</TCALT>
    <Pelev>3739</Pelev>
    <Telev>3307</Telev>
    <PART>0.5</PART>
    <DELAY>1</DELAY>
  </CatchmentParameters>
  <VegetationZone>
    <VegetationZoneParameters>
      <TT>-0.3544164247671911</TT>
      <CFMAX>1.2582925864074757</CFMAX>
      <SP>-0.3736819741868973</SP>
      <SFCF>1.0915218284046184</SFCF>
      <CFR>0.033709385600927531</CFR>
      <CWH>0.0814492313726512</CWH>
      <CFGlacier>0.726305982897862</CFGlacier>
      <CFSlope>0.25981409269761846</CFSlope>
      <FC>481.539274937372</FC>
      <LP>0.63039344092428939</LP>
      <BETA>2.9024735495713365</BETA>
    </VegetationZoneParameters>
  </VegetationZone>
  <SubCatchment>
    <SubCatchmentParameters>
      <KSI>0.0029999405866792924</KSI>
      <KGmin>0.199496399129803</KGmin>
      <RangeKG>0.10010118970928526</RangeKG>
      <AG>0.0044095372614880758</AG>
      <KInfiltration>0.440631149247222</KInfiltration>
      <PERC>2.05310462121381</PERC>
      <Alpha>0</Alpha>
      <UZL>58.253831733623727</UZL>
      <K0>0.40912188252971</K0>
      <K1>0.088013988552573266</K1>
      <K2>0.0081206745183451615</K2>
      <MAXBAS>1.6314457122994934</MAXBAS>
      <Cet>0</Cet>
      <PCALT>10</PCALT>
      <TCALT>0.6</TCALT>
      <Pelev>3739</Pelev>
      <Telev>3307</Telev>
      <PART>0.5</PART>
      <DELAY>1</DELAY>
    </SubCatchmentParameters>
    <SubCatchmentVegetationZone>
      <SubCatchmentVegetationZoneParameters>
        <TT>-0.3544164247671911</TT>
        <CFMAX>1.2582925864074757</CFMAX>
        <SP>-0.3736819741868973</SP>
        <SFCF>1.0915218284046184</SFCF>
        <CFR>0.033709385600927531</CFR>
        <CWH>0.0814492313726512</CWH>
        <CFGlacier>0.726305982897862</CFGlacier>
        <CFSlope>0.25981409269761846</CFSlope>
        <FC>481.539274937372</FC>
        <LP>0.63039344092428939</LP>
        <BETA>2.9024735495713365</BETA>
      </SubCatchmentVegetationZoneParameters>
    </SubCatchmentVegetationZone>
  </SubCatchment>
</Catchment>