<?xml version="1.0" encoding="utf-8"?>
<Catchment xmlns:xsi="http://www.w3.org/2001/XMLSchema-instance" xmlns:xsd="http://www.w3.org/2001/XMLSchema">
  <CatchmentParameters>
    <KSI>0.0021764646746766057</KSI>
    <KGmin>0.1999827536881274</KGmin>
    <RangeKG>0.32291750498200944</RangeKG>
    <AG>0.0029717775935511693</AG>
    <KInfiltration>0.57058397869103794</KInfiltration>
    <PERC>2.9995218611692871</PERC>
    <Alpha>0</Alpha>
    <UZL>75.7620403486971</UZL>
    <K0>0.56882281503153209</K0>
    <K1>0.06039549588755385</K1>
    <K2>0.00908529120362279</K2>
    <MAXBAS>1.8050434718783648</MAXBAS>
    <Cet>0</Cet>
    <PCALT>10</PCALT>
    <TCALT>0.6</TCALT>
    <Pelev>3739</Pelev>
    <Telev>3307</Telev>
    <PART>0.5</PART>
    <DELAY>1</DELAY>
  </CatchmentParameters>
  <VegetationZone>
    <VegetationZoneParameters>
      <TT>-0.47539682583816045</TT>
      <CFMAX>0.74388900361083765</CFMAX>
      <SP>-0.20589223497408668</SP>
      <SFCF>1.1732633283506402</SFCF>
      <CFR>0.0640794334700806</CFR>
      <CWH>0.067062602385147635</CWH>
      <CFGlacier>0.696734109597069</CFGlacier>
      <CFSlope>0.17741133741830309</CFSlope>
      <FC>259.75873870424459</FC>
      <LP>0.72801812172856151</LP>
      <BETA>2.3951318982764231</BETA>
    </VegetationZoneParameters>
  </VegetationZone>
  <SubCatchment>
    <SubCatchmentParameters>
      <KSI>0.0021764646746766057</KSI>
      <KGmin>0.1999827536881274</KGmin>
      <RangeKG>0.32291750498200944</RangeKG>
      <AG>0.0029717775935511693</AG>
      <KInfiltration>0.57058397869103794</KInfiltration>
      <PERC>2.9995218611692871</PERC>
      <Alpha>0</Alpha>
      <UZL>75.7620403486971</UZL>
      <K0>0.56882281503153209</K0>
      <K1>0.06039549588755385</K1>
      <K2>0.00908529120362279</K2>
      <MAXBAS>1.8050434718783648</MAXBAS>
      <Cet>0</Cet>
      <PCALT>10</PCALT>
      <TCALT>0.6</TCALT>
      <Pelev>3739</Pelev>
      <Telev>3307</Telev>
      <PART>0.5</PART>
      <DELAY>1</DELAY>
    </SubCatchmentParameters>
    <SubCatchmentVegetationZone>
      <SubCatchmentVegetationZoneParameters>
        <TT>-0.47539682583816045</TT>
        <CFMAX>0.74388900361083765</CFMAX>
        <SP>-0.20589223497408668</SP>
        <SFCF>1.1732633283506402</SFCF>
        <CFR>0.0640794334700806</CFR>
        <CWH>0.067062602385147635</CWH>
        <CFGlacier>0.696734109597069</CFGlacier>
        <CFSlope>0.17741133741830309</CFSlope>
        <FC>259.75873870424459</FC>
        <LP>0.72801812172856151</LP>
        <BETA>2.3951318982764231</BETA>
      </SubCatchmentVegetationZoneParameters>
    </SubCatchmentVegetationZone>
  </SubCatchment>
</Catchment>