<?xml version="1.0" encoding="utf-8"?>
<Catchment xmlns:xsi="http://www.w3.org/2001/XMLSchema-instance" xmlns:xsd="http://www.w3.org/2001/XMLSchema">
  <CatchmentParameters>
    <KSI>0.0010000087780244478</KSI>
    <KGmin>0.084943157090463614</KGmin>
    <RangeKG>0.10008096064683925</RangeKG>
    <AG>0.37494194527237079</AG>
    <KInfiltration>0.4312300229908746</KInfiltration>
    <PERC>2.0141327146364358</PERC>
    <Alpha>0</Alpha>
    <UZL>44.909780911873639</UZL>
    <K0>0.51716098383985121</K0>
    <K1>0.10455979648844552</K1>
    <K2>0.0091369825113676688</K2>
    <MAXBAS>1.7898771414686616</MAXBAS>
    <Cet>0</Cet>
    <PCALT>10</PCALT>
    <TCALT>0.6</TCALT>
    <Pelev>3739</Pelev>
    <Telev>3307</Telev>
    <PART>0.5</PART>
    <DELAY>1</DELAY>
  </CatchmentParameters>
  <VegetationZone>
    <VegetationZoneParameters>
      <TT>-1.1440005776365818</TT>
      <CFMAX>1.4943909580026749</CFMAX>
      <SP>-0.55704654354986349</SP>
      <SFCF>1.1048960613494572</SFCF>
      <CFR>0.092546933268691858</CFR>
      <CWH>0.058668861933193359</CWH>
      <CFGlacier>0.5256763275722538</CFGlacier>
      <CFSlope>0.2732531265217919</CFSlope>
      <FC>500.80819261052324</FC>
      <LP>0.40774731996825986</LP>
      <BETA>3.6538054642225686</BETA>
    </VegetationZoneParameters>
  </VegetationZone>
  <SubCatchment>
    <SubCatchmentParameters>
      <KSI>0.0010000087780244478</KSI>
      <KGmin>0.084943157090463614</KGmin>
      <RangeKG>0.10008096064683925</RangeKG>
      <AG>0.37494194527237079</AG>
      <KInfiltration>0.4312300229908746</KInfiltration>
      <PERC>2.0141327146364358</PERC>
      <Alpha>0</Alpha>
      <UZL>44.909780911873639</UZL>
      <K0>0.51716098383985121</K0>
      <K1>0.10455979648844552</K1>
      <K2>0.0091369825113676688</K2>
      <MAXBAS>1.7898771414686616</MAXBAS>
      <Cet>0</Cet>
      <PCALT>10</PCALT>
      <TCALT>0.6</TCALT>
      <Pelev>3739</Pelev>
      <Telev>3307</Telev>
      <PART>0.5</PART>
      <DELAY>1</DELAY>
    </SubCatchmentParameters>
    <SubCatchmentVegetationZone>
      <SubCatchmentVegetationZoneParameters>
        <TT>-1.1440005776365818</TT>
        <CFMAX>1.4943909580026749</CFMAX>
        <SP>-0.55704654354986349</SP>
        <SFCF>1.1048960613494572</SFCF>
        <CFR>0.092546933268691858</CFR>
        <CWH>0.058668861933193359</CWH>
        <CFGlacier>0.5256763275722538</CFGlacier>
        <CFSlope>0.2732531265217919</CFSlope>
        <FC>500.80819261052324</FC>
        <LP>0.40774731996825986</LP>
        <BETA>3.6538054642225686</BETA>
      </SubCatchmentVegetationZoneParameters>
    </SubCatchmentVegetationZone>
  </SubCatchment>
</Catchment>