<?xml version="1.0" encoding="utf-8"?>
<Catchment xmlns:xsi="http://www.w3.org/2001/XMLSchema-instance" xmlns:xsd="http://www.w3.org/2001/XMLSchema">
  <CatchmentParameters>
    <KSI>0.0020265980897946024</KSI>
    <KGmin>0.0652360603830421</KGmin>
    <RangeKG>0.17532183620774319</RangeKG>
    <AG>0.0020533965949161336</AG>
    <KInfiltration>0.40135973126586805</KInfiltration>
    <PERC>2.3601370087344531</PERC>
    <Alpha>0</Alpha>
    <UZL>58.191687664183121</UZL>
    <K0>0.56695871117523544</K0>
    <K1>0.088760202837142782</K1>
    <K2>0.0073656218152671179</K2>
    <MAXBAS>1.8786411374924472</MAXBAS>
    <Cet>0</Cet>
    <PCALT>10</PCALT>
    <TCALT>0.6</TCALT>
    <Pelev>3739</Pelev>
    <Telev>3307</Telev>
    <PART>0.5</PART>
    <DELAY>1</DELAY>
  </CatchmentParameters>
  <VegetationZone>
    <VegetationZoneParameters>
      <TT>-0.13802505134508866</TT>
      <CFMAX>0.63374277629563969</CFMAX>
      <SP>-0.030901765264698722</SP>
      <SFCF>1.1256689017590005</SFCF>
      <CFR>0.015787045583750797</CFR>
      <CWH>0.02604304788249125</CWH>
      <CFGlacier>0.80918886526226685</CFGlacier>
      <CFSlope>0.19647149663039992</CFSlope>
      <FC>346.83269557203107</FC>
      <LP>0.7130158068223732</LP>
      <BETA>2.0775794852387865</BETA>
    </VegetationZoneParameters>
  </VegetationZone>
  <SubCatchment>
    <SubCatchmentParameters>
      <KSI>0.0020265980897946024</KSI>
      <KGmin>0.0652360603830421</KGmin>
      <RangeKG>0.17532183620774319</RangeKG>
      <AG>0.0020533965949161336</AG>
      <KInfiltration>0.40135973126586805</KInfiltration>
      <PERC>2.3601370087344531</PERC>
      <Alpha>0</Alpha>
      <UZL>58.191687664183121</UZL>
      <K0>0.56695871117523544</K0>
      <K1>0.088760202837142782</K1>
      <K2>0.0073656218152671179</K2>
      <MAXBAS>1.8786411374924472</MAXBAS>
      <Cet>0</Cet>
      <PCALT>10</PCALT>
      <TCALT>0.6</TCALT>
      <Pelev>3739</Pelev>
      <Telev>3307</Telev>
      <PART>0.5</PART>
      <DELAY>1</DELAY>
    </SubCatchmentParameters>
    <SubCatchmentVegetationZone>
      <SubCatchmentVegetationZoneParameters>
        <TT>-0.13802505134508866</TT>
        <CFMAX>0.63374277629563969</CFMAX>
        <SP>-0.030901765264698722</SP>
        <SFCF>1.1256689017590005</SFCF>
        <CFR>0.015787045583750797</CFR>
        <CWH>0.02604304788249125</CWH>
        <CFGlacier>0.80918886526226685</CFGlacier>
        <CFSlope>0.19647149663039992</CFSlope>
        <FC>346.83269557203107</FC>
        <LP>0.7130158068223732</LP>
        <BETA>2.0775794852387865</BETA>
      </SubCatchmentVegetationZoneParameters>
    </SubCatchmentVegetationZone>
  </SubCatchment>
</Catchment>