<?xml version="1.0" encoding="utf-8"?>
<Catchment xmlns:xsi="http://www.w3.org/2001/XMLSchema-instance" xmlns:xsd="http://www.w3.org/2001/XMLSchema">
  <CatchmentParameters>
    <KSI>0.0018838982074390396</KSI>
    <KGmin>0.16195983071430664</KGmin>
    <RangeKG>0.10021444940606873</RangeKG>
    <AG>0.254386629961562</AG>
    <KInfiltration>0.36987070407285122</KInfiltration>
    <PERC>1.9656426673332785</PERC>
    <Alpha>0</Alpha>
    <UZL>44.533700226320043</UZL>
    <K0>0.44295349894686381</K0>
    <K1>0.11931416497836611</K1>
    <K2>0.0064513702403711176</K2>
    <MAXBAS>1.6389322562368653</MAXBAS>
    <Cet>0</Cet>
    <PCALT>10</PCALT>
    <TCALT>0.6</TCALT>
    <Pelev>3739</Pelev>
    <Telev>3307</Telev>
    <PART>0.5</PART>
    <DELAY>1</DELAY>
  </CatchmentParameters>
  <VegetationZone>
    <VegetationZoneParameters>
      <TT>0.72365577731423469</TT>
      <CFMAX>1.8033321871730239</CFMAX>
      <SP>-0.47438294028483813</SP>
      <SFCF>1.0483627681854115</SFCF>
      <CFR>0.070502333354094851</CFR>
      <CWH>0.020055448961899137</CWH>
      <CFGlacier>0.51985425725870726</CFGlacier>
      <CFSlope>0.26158297900645572</CFSlope>
      <FC>519.28078218718258</FC>
      <LP>0.652354379195577</LP>
      <BETA>3.1611042320211222</BETA>
    </VegetationZoneParameters>
  </VegetationZone>
  <SubCatchment>
    <SubCatchmentParameters>
      <KSI>0.0018838982074390396</KSI>
      <KGmin>0.16195983071430664</KGmin>
      <RangeKG>0.10021444940606873</RangeKG>
      <AG>0.254386629961562</AG>
      <KInfiltration>0.36987070407285122</KInfiltration>
      <PERC>1.9656426673332785</PERC>
      <Alpha>0</Alpha>
      <UZL>44.533700226320043</UZL>
      <K0>0.44295349894686381</K0>
      <K1>0.11931416497836611</K1>
      <K2>0.0064513702403711176</K2>
      <MAXBAS>1.6389322562368653</MAXBAS>
      <Cet>0</Cet>
      <PCALT>10</PCALT>
      <TCALT>0.6</TCALT>
      <Pelev>3739</Pelev>
      <Telev>3307</Telev>
      <PART>0.5</PART>
      <DELAY>1</DELAY>
    </SubCatchmentParameters>
    <SubCatchmentVegetationZone>
      <SubCatchmentVegetationZoneParameters>
        <TT>0.72365577731423469</TT>
        <CFMAX>1.8033321871730239</CFMAX>
        <SP>-0.47438294028483813</SP>
        <SFCF>1.0483627681854115</SFCF>
        <CFR>0.070502333354094851</CFR>
        <CWH>0.020055448961899137</CWH>
        <CFGlacier>0.51985425725870726</CFGlacier>
        <CFSlope>0.26158297900645572</CFSlope>
        <FC>519.28078218718258</FC>
        <LP>0.652354379195577</LP>
        <BETA>3.1611042320211222</BETA>
      </SubCatchmentVegetationZoneParameters>
    </SubCatchmentVegetationZone>
  </SubCatchment>
</Catchment>