<?xml version="1.0" encoding="utf-8"?>
<Catchment xmlns:xsi="http://www.w3.org/2001/XMLSchema-instance" xmlns:xsd="http://www.w3.org/2001/XMLSchema">
  <CatchmentParameters>
    <KSI>0.0029826284326210806</KSI>
    <KGmin>0.1380435580403824</KGmin>
    <RangeKG>0.19582621756107724</RangeKG>
    <AG>0.033932232413979094</AG>
    <KInfiltration>0.29320295262857449</KInfiltration>
    <PERC>4.0293186611638552</PERC>
    <Alpha>0</Alpha>
    <UZL>47.438861003058946</UZL>
    <K0>0.7133265615428126</K0>
    <K1>0.113132014641008</K1>
    <K2>0.007069947936469043</K2>
    <MAXBAS>2.2249926081036007</MAXBAS>
    <Cet>0</Cet>
    <PCALT>10</PCALT>
    <TCALT>0.6</TCALT>
    <Pelev>3739</Pelev>
    <Telev>3307</Telev>
    <PART>0.5</PART>
    <DELAY>1</DELAY>
  </CatchmentParameters>
  <VegetationZone>
    <VegetationZoneParameters>
      <TT>-1.5231970059720821</TT>
      <CFMAX>1.3951966317617655</CFMAX>
      <SP>0.36338640639283942</SP>
      <SFCF>1.006041644692913</SFCF>
      <CFR>3.8118946889980666E-07</CFR>
      <CWH>2.6818813763339333E-06</CWH>
      <CFGlacier>0.47831152041316949</CFGlacier>
      <CFSlope>0.91813005760655331</CFSlope>
      <FC>622.95921498399548</FC>
      <LP>0.44443759321904253</LP>
      <BETA>2.5397971382051319</BETA>
    </VegetationZoneParameters>
  </VegetationZone>
  <SubCatchment>
    <SubCatchmentParameters>
      <KSI>0.0029826284326210806</KSI>
      <KGmin>0.1380435580403824</KGmin>
      <RangeKG>0.19582621756107724</RangeKG>
      <AG>0.033932232413979094</AG>
      <KInfiltration>0.29320295262857449</KInfiltration>
      <PERC>4.0293186611638552</PERC>
      <Alpha>0</Alpha>
      <UZL>47.438861003058946</UZL>
      <K0>0.7133265615428126</K0>
      <K1>0.113132014641008</K1>
      <K2>0.007069947936469043</K2>
      <MAXBAS>2.2249926081036007</MAXBAS>
      <Cet>0</Cet>
      <PCALT>10</PCALT>
      <TCALT>0.6</TCALT>
      <Pelev>3739</Pelev>
      <Telev>3307</Telev>
      <PART>0.5</PART>
      <DELAY>1</DELAY>
    </SubCatchmentParameters>
    <SubCatchmentVegetationZone>
      <SubCatchmentVegetationZoneParameters>
        <TT>-1.5231970059720821</TT>
        <CFMAX>1.3951966317617655</CFMAX>
        <SP>0.36338640639283942</SP>
        <SFCF>1.006041644692913</SFCF>
        <CFR>3.8118946889980666E-07</CFR>
        <CWH>2.6818813763339333E-06</CWH>
        <CFGlacier>0.47831152041316949</CFGlacier>
        <CFSlope>0.91813005760655331</CFSlope>
        <FC>622.95921498399548</FC>
        <LP>0.44443759321904253</LP>
        <BETA>2.5397971382051319</BETA>
      </SubCatchmentVegetationZoneParameters>
    </SubCatchmentVegetationZone>
  </SubCatchment>
</Catchment>