<?xml version="1.0" encoding="utf-8"?>
<Catchment xmlns:xsi="http://www.w3.org/2001/XMLSchema-instance" xmlns:xsd="http://www.w3.org/2001/XMLSchema">
  <CatchmentParameters>
    <KSI>0.0019136634454850849</KSI>
    <KGmin>0.0887070085529967</KGmin>
    <RangeKG>0.17923038275954425</RangeKG>
    <AG>0.0054438097122513993</AG>
    <KInfiltration>0.34397245512388835</KInfiltration>
    <PERC>2.5245653233533392</PERC>
    <Alpha>0</Alpha>
    <UZL>40.236718591255105</UZL>
    <K0>0.382809972771819</K0>
    <K1>0.13668397415017686</K1>
    <K2>0.0069040307925084705</K2>
    <MAXBAS>1.6649870003731608</MAXBAS>
    <Cet>0</Cet>
    <PCALT>10</PCALT>
    <TCALT>0.6</TCALT>
    <Pelev>3739</Pelev>
    <Telev>3307</Telev>
    <PART>0.5</PART>
    <DELAY>1</DELAY>
  </CatchmentParameters>
  <VegetationZone>
    <VegetationZoneParameters>
      <TT>1.3570836303533649</TT>
      <CFMAX>1.3101516650246252</CFMAX>
      <SP>-0.49752281991786562</SP>
      <SFCF>1.08000787305316</SFCF>
      <CFR>0.025925435238243508</CFR>
      <CWH>0.0042666417312501159</CWH>
      <CFGlacier>0.6990132848605155</CFGlacier>
      <CFSlope>0.19717639232308853</CFSlope>
      <FC>282.53206302531117</FC>
      <LP>0.85319667209180561</LP>
      <BETA>4.2437870075152722</BETA>
    </VegetationZoneParameters>
  </VegetationZone>
  <SubCatchment>
    <SubCatchmentParameters>
      <KSI>0.0019136634454850849</KSI>
      <KGmin>0.0887070085529967</KGmin>
      <RangeKG>0.17923038275954425</RangeKG>
      <AG>0.0054438097122513993</AG>
      <KInfiltration>0.34397245512388835</KInfiltration>
      <PERC>2.5245653233533392</PERC>
      <Alpha>0</Alpha>
      <UZL>40.236718591255105</UZL>
      <K0>0.382809972771819</K0>
      <K1>0.13668397415017686</K1>
      <K2>0.0069040307925084705</K2>
      <MAXBAS>1.6649870003731608</MAXBAS>
      <Cet>0</Cet>
      <PCALT>10</PCALT>
      <TCALT>0.6</TCALT>
      <Pelev>3739</Pelev>
      <Telev>3307</Telev>
      <PART>0.5</PART>
      <DELAY>1</DELAY>
    </SubCatchmentParameters>
    <SubCatchmentVegetationZone>
      <SubCatchmentVegetationZoneParameters>
        <TT>1.3570836303533649</TT>
        <CFMAX>1.3101516650246252</CFMAX>
        <SP>-0.49752281991786562</SP>
        <SFCF>1.08000787305316</SFCF>
        <CFR>0.025925435238243508</CFR>
        <CWH>0.0042666417312501159</CWH>
        <CFGlacier>0.6990132848605155</CFGlacier>
        <CFSlope>0.19717639232308853</CFSlope>
        <FC>282.53206302531117</FC>
        <LP>0.85319667209180561</LP>
        <BETA>4.2437870075152722</BETA>
      </SubCatchmentVegetationZoneParameters>
    </SubCatchmentVegetationZone>
  </SubCatchment>
</Catchment>