<?xml version="1.0" encoding="utf-8"?>
<Catchment xmlns:xsi="http://www.w3.org/2001/XMLSchema-instance" xmlns:xsd="http://www.w3.org/2001/XMLSchema">
  <CatchmentParameters>
    <KSI>0.0010396606594762928</KSI>
    <KGmin>0.048024796564189121</KGmin>
    <RangeKG>0.10000254843931404</RangeKG>
    <AG>0.20601762516236655</AG>
    <KInfiltration>0.44244864493841518</KInfiltration>
    <PERC>2.0973501816248379</PERC>
    <Alpha>0</Alpha>
    <UZL>44.968516647000371</UZL>
    <K0>0.52386148120239873</K0>
    <K1>0.10100194494416155</K1>
    <K2>0.0084314710110743422</K2>
    <MAXBAS>1.8201596887351845</MAXBAS>
    <Cet>0</Cet>
    <PCALT>10</PCALT>
    <TCALT>0.6</TCALT>
    <Pelev>3739</Pelev>
    <Telev>3307</Telev>
    <PART>0.5</PART>
    <DELAY>1</DELAY>
  </CatchmentParameters>
  <VegetationZone>
    <VegetationZoneParameters>
      <TT>-0.71297317667678983</TT>
      <CFMAX>1.5119423895780957</CFMAX>
      <SP>-0.5875906402002905</SP>
      <SFCF>1.2016665799669009</SFCF>
      <CFR>0.089352412692220912</CFR>
      <CWH>0.10813416981037834</CWH>
      <CFGlacier>0.46120508703112639</CFGlacier>
      <CFSlope>0.22294928520427723</CFSlope>
      <FC>452.04883187195964</FC>
      <LP>0.55830873143017656</LP>
      <BETA>2.91455879272079</BETA>
    </VegetationZoneParameters>
  </VegetationZone>
  <SubCatchment>
    <SubCatchmentParameters>
      <KSI>0.0010396606594762928</KSI>
      <KGmin>0.048024796564189121</KGmin>
      <RangeKG>0.10000254843931404</RangeKG>
      <AG>0.20601762516236655</AG>
      <KInfiltration>0.44244864493841518</KInfiltration>
      <PERC>2.0973501816248379</PERC>
      <Alpha>0</Alpha>
      <UZL>44.968516647000371</UZL>
      <K0>0.52386148120239873</K0>
      <K1>0.10100194494416155</K1>
      <K2>0.0084314710110743422</K2>
      <MAXBAS>1.8201596887351845</MAXBAS>
      <Cet>0</Cet>
      <PCALT>10</PCALT>
      <TCALT>0.6</TCALT>
      <Pelev>3739</Pelev>
      <Telev>3307</Telev>
      <PART>0.5</PART>
      <DELAY>1</DELAY>
    </SubCatchmentParameters>
    <SubCatchmentVegetationZone>
      <SubCatchmentVegetationZoneParameters>
        <TT>-0.71297317667678983</TT>
        <CFMAX>1.5119423895780957</CFMAX>
        <SP>-0.5875906402002905</SP>
        <SFCF>1.2016665799669009</SFCF>
        <CFR>0.089352412692220912</CFR>
        <CWH>0.10813416981037834</CWH>
        <CFGlacier>0.46120508703112639</CFGlacier>
        <CFSlope>0.22294928520427723</CFSlope>
        <FC>452.04883187195964</FC>
        <LP>0.55830873143017656</LP>
        <BETA>2.91455879272079</BETA>
      </SubCatchmentVegetationZoneParameters>
    </SubCatchmentVegetationZone>
  </SubCatchment>
</Catchment>