<?xml version="1.0" encoding="utf-8"?>
<Catchment xmlns:xsi="http://www.w3.org/2001/XMLSchema-instance" xmlns:xsd="http://www.w3.org/2001/XMLSchema">
  <CatchmentParameters>
    <KSI>0.0016571543212464705</KSI>
    <KGmin>0.1195374252720401</KGmin>
    <RangeKG>0.13030534217554879</RangeKG>
    <AG>0.0028135586123441431</AG>
    <KInfiltration>0.751563995944414</KInfiltration>
    <PERC>2.4559613896234151</PERC>
    <Alpha>0</Alpha>
    <UZL>62.445961324492444</UZL>
    <K0>0.525557378573076</K0>
    <K1>0.2081575164034867</K1>
    <K2>0.00852114684379966</K2>
    <MAXBAS>1.135011415753628</MAXBAS>
    <Cet>0</Cet>
    <PCALT>10</PCALT>
    <TCALT>0.6</TCALT>
    <Pelev>3739</Pelev>
    <Telev>3307</Telev>
    <PART>0.5</PART>
    <DELAY>1</DELAY>
  </CatchmentParameters>
  <VegetationZone>
    <VegetationZoneParameters>
      <TT>0.45596906304437851</TT>
      <CFMAX>0.96035988669262518</CFMAX>
      <SP>-0.13827636578327834</SP>
      <SFCF>1.1684804555942092</SFCF>
      <CFR>0.054081139255317184</CFR>
      <CWH>0.0064030639306798557</CWH>
      <CFGlacier>0.034100614004434322</CFGlacier>
      <CFSlope>0.28181146182185313</CFSlope>
      <FC>337.07523437072251</FC>
      <LP>0.57432099253113689</LP>
      <BETA>1.3951078145269413</BETA>
    </VegetationZoneParameters>
  </VegetationZone>
  <SubCatchment>
    <SubCatchmentParameters>
      <KSI>0.0016571543212464705</KSI>
      <KGmin>0.1195374252720401</KGmin>
      <RangeKG>0.13030534217554879</RangeKG>
      <AG>0.0028135586123441431</AG>
      <KInfiltration>0.751563995944414</KInfiltration>
      <PERC>2.4559613896234151</PERC>
      <Alpha>0</Alpha>
      <UZL>62.445961324492444</UZL>
      <K0>0.525557378573076</K0>
      <K1>0.2081575164034867</K1>
      <K2>0.00852114684379966</K2>
      <MAXBAS>1.135011415753628</MAXBAS>
      <Cet>0</Cet>
      <PCALT>10</PCALT>
      <TCALT>0.6</TCALT>
      <Pelev>3739</Pelev>
      <Telev>3307</Telev>
      <PART>0.5</PART>
      <DELAY>1</DELAY>
    </SubCatchmentParameters>
    <SubCatchmentVegetationZone>
      <SubCatchmentVegetationZoneParameters>
        <TT>0.45596906304437851</TT>
        <CFMAX>0.96035988669262518</CFMAX>
        <SP>-0.13827636578327834</SP>
        <SFCF>1.1684804555942092</SFCF>
        <CFR>0.054081139255317184</CFR>
        <CWH>0.0064030639306798557</CWH>
        <CFGlacier>0.034100614004434322</CFGlacier>
        <CFSlope>0.28181146182185313</CFSlope>
        <FC>337.07523437072251</FC>
        <LP>0.57432099253113689</LP>
        <BETA>1.3951078145269413</BETA>
      </SubCatchmentVegetationZoneParameters>
    </SubCatchmentVegetationZone>
  </SubCatchment>
</Catchment>