<?xml version="1.0" encoding="utf-8"?>
<Catchment xmlns:xsi="http://www.w3.org/2001/XMLSchema-instance" xmlns:xsd="http://www.w3.org/2001/XMLSchema">
  <CatchmentParameters>
    <KSI>0.0029989171874098127</KSI>
    <KGmin>0.19999314847156771</KGmin>
    <RangeKG>0.12012834762750796</RangeKG>
    <AG>0.509821609498492</AG>
    <KInfiltration>0.4462500058911088</KInfiltration>
    <PERC>2.4991328704564175</PERC>
    <Alpha>0</Alpha>
    <UZL>47.591045228670239</UZL>
    <K0>0.30272413524342806</K0>
    <K1>0.10240321737591898</K1>
    <K2>0.0085898735882477661</K2>
    <MAXBAS>1.4022179513924855</MAXBAS>
    <Cet>0</Cet>
    <PCALT>10</PCALT>
    <TCALT>0.6</TCALT>
    <Pelev>3739</Pelev>
    <Telev>3307</Telev>
    <PART>0.5</PART>
    <DELAY>1</DELAY>
  </CatchmentParameters>
  <VegetationZone>
    <VegetationZoneParameters>
      <TT>0.74153803115647987</TT>
      <CFMAX>1.1672096380208827</CFMAX>
      <SP>-0.4067208999914535</SP>
      <SFCF>1.1637110177299197</SFCF>
      <CFR>9.2319752227102278E-06</CFR>
      <CWH>0.046318163362944684</CWH>
      <CFGlacier>0.82601635888192337</CFGlacier>
      <CFSlope>0.19546740212706876</CFSlope>
      <FC>409.30164283670996</FC>
      <LP>0.81506075032787706</LP>
      <BETA>1.908430068713066</BETA>
    </VegetationZoneParameters>
  </VegetationZone>
  <SubCatchment>
    <SubCatchmentParameters>
      <KSI>0.0029989171874098127</KSI>
      <KGmin>0.19999314847156771</KGmin>
      <RangeKG>0.12012834762750796</RangeKG>
      <AG>0.509821609498492</AG>
      <KInfiltration>0.4462500058911088</KInfiltration>
      <PERC>2.4991328704564175</PERC>
      <Alpha>0</Alpha>
      <UZL>47.591045228670239</UZL>
      <K0>0.30272413524342806</K0>
      <K1>0.10240321737591898</K1>
      <K2>0.0085898735882477661</K2>
      <MAXBAS>1.4022179513924855</MAXBAS>
      <Cet>0</Cet>
      <PCALT>10</PCALT>
      <TCALT>0.6</TCALT>
      <Pelev>3739</Pelev>
      <Telev>3307</Telev>
      <PART>0.5</PART>
      <DELAY>1</DELAY>
    </SubCatchmentParameters>
    <SubCatchmentVegetationZone>
      <SubCatchmentVegetationZoneParameters>
        <TT>0.74153803115647987</TT>
        <CFMAX>1.1672096380208827</CFMAX>
        <SP>-0.4067208999914535</SP>
        <SFCF>1.1637110177299197</SFCF>
        <CFR>9.2319752227102278E-06</CFR>
        <CWH>0.046318163362944684</CWH>
        <CFGlacier>0.82601635888192337</CFGlacier>
        <CFSlope>0.19546740212706876</CFSlope>
        <FC>409.30164283670996</FC>
        <LP>0.81506075032787706</LP>
        <BETA>1.908430068713066</BETA>
      </SubCatchmentVegetationZoneParameters>
    </SubCatchmentVegetationZone>
  </SubCatchment>
</Catchment>