<?xml version="1.0" encoding="utf-8"?>
<Catchment xmlns:xsi="http://www.w3.org/2001/XMLSchema-instance" xmlns:xsd="http://www.w3.org/2001/XMLSchema">
  <CatchmentParameters>
    <KSI>0.0029574413019816141</KSI>
    <KGmin>0.13923654840252231</KGmin>
    <RangeKG>0.10000110781308558</RangeKG>
    <AG>0.0025756459610750894</AG>
    <KInfiltration>0.695198875065229</KInfiltration>
    <PERC>3.0478866299998293</PERC>
    <Alpha>0</Alpha>
    <UZL>80.085036430346591</UZL>
    <K0>0.54774648794426284</K0>
    <K1>0.3388416074160332</K1>
    <K2>0.0065525592152439454</K2>
    <MAXBAS>1.4099933996105039</MAXBAS>
    <Cet>0</Cet>
    <PCALT>10</PCALT>
    <TCALT>0.6</TCALT>
    <Pelev>3739</Pelev>
    <Telev>3307</Telev>
    <PART>0.5</PART>
    <DELAY>1</DELAY>
  </CatchmentParameters>
  <VegetationZone>
    <VegetationZoneParameters>
      <TT>-0.238004265440017</TT>
      <CFMAX>2.4143472888427588</CFMAX>
      <SP>-0.3662788065828782</SP>
      <SFCF>1.0497219033442458</SFCF>
      <CFR>2.9262957578109206E-07</CFR>
      <CWH>0.01042372554896958</CWH>
      <CFGlacier>0.10009798307690486</CFGlacier>
      <CFSlope>0.72734768806538719</CFSlope>
      <FC>631.726057010971</FC>
      <LP>0.55567643776677889</LP>
      <BETA>3.0537985760722419</BETA>
    </VegetationZoneParameters>
  </VegetationZone>
  <SubCatchment>
    <SubCatchmentParameters>
      <KSI>0.0029574413019816141</KSI>
      <KGmin>0.13923654840252231</KGmin>
      <RangeKG>0.10000110781308558</RangeKG>
      <AG>0.0025756459610750894</AG>
      <KInfiltration>0.695198875065229</KInfiltration>
      <PERC>3.0478866299998293</PERC>
      <Alpha>0</Alpha>
      <UZL>80.085036430346591</UZL>
      <K0>0.54774648794426284</K0>
      <K1>0.3388416074160332</K1>
      <K2>0.0065525592152439454</K2>
      <MAXBAS>1.4099933996105039</MAXBAS>
      <Cet>0</Cet>
      <PCALT>10</PCALT>
      <TCALT>0.6</TCALT>
      <Pelev>3739</Pelev>
      <Telev>3307</Telev>
      <PART>0.5</PART>
      <DELAY>1</DELAY>
    </SubCatchmentParameters>
    <SubCatchmentVegetationZone>
      <SubCatchmentVegetationZoneParameters>
        <TT>-0.238004265440017</TT>
        <CFMAX>2.4143472888427588</CFMAX>
        <SP>-0.3662788065828782</SP>
        <SFCF>1.0497219033442458</SFCF>
        <CFR>2.9262957578109206E-07</CFR>
        <CWH>0.01042372554896958</CWH>
        <CFGlacier>0.10009798307690486</CFGlacier>
        <CFSlope>0.72734768806538719</CFSlope>
        <FC>631.726057010971</FC>
        <LP>0.55567643776677889</LP>
        <BETA>3.0537985760722419</BETA>
      </SubCatchmentVegetationZoneParameters>
    </SubCatchmentVegetationZone>
  </SubCatchment>
</Catchment>