<?xml version="1.0" encoding="utf-8"?>
<Catchment xmlns:xsi="http://www.w3.org/2001/XMLSchema-instance" xmlns:xsd="http://www.w3.org/2001/XMLSchema">
  <CatchmentParameters>
    <KSI>0.0022681952671298848</KSI>
    <KGmin>0.11716333531702838</KGmin>
    <RangeKG>0.15313225686052071</RangeKG>
    <AG>0.0026678610266478203</AG>
    <KInfiltration>0.48187293097654615</KInfiltration>
    <PERC>2.0603198005144328</PERC>
    <Alpha>0</Alpha>
    <UZL>48.196420167780616</UZL>
    <K0>0.45898055846153085</K0>
    <K1>0.12419781279904196</K1>
    <K2>0.0057361439362327935</K2>
    <MAXBAS>1.6394463217497184</MAXBAS>
    <Cet>0</Cet>
    <PCALT>10</PCALT>
    <TCALT>0.6</TCALT>
    <Pelev>3739</Pelev>
    <Telev>3307</Telev>
    <PART>0.5</PART>
    <DELAY>1</DELAY>
  </CatchmentParameters>
  <VegetationZone>
    <VegetationZoneParameters>
      <TT>0.62094842845411358</TT>
      <CFMAX>1.3456558649707724</CFMAX>
      <SP>-0.087766635090110456</SP>
      <SFCF>1.0248902305019838</SFCF>
      <CFR>0.04393074789882577</CFR>
      <CWH>0.059702976070335582</CWH>
      <CFGlacier>0.57361754789534014</CFGlacier>
      <CFSlope>0.28995405490515214</CFSlope>
      <FC>518.90428801890175</FC>
      <LP>0.414617485473186</LP>
      <BETA>1.685331868807896</BETA>
    </VegetationZoneParameters>
  </VegetationZone>
  <SubCatchment>
    <SubCatchmentParameters>
      <KSI>0.0022681952671298848</KSI>
      <KGmin>0.11716333531702838</KGmin>
      <RangeKG>0.15313225686052071</RangeKG>
      <AG>0.0026678610266478203</AG>
      <KInfiltration>0.48187293097654615</KInfiltration>
      <PERC>2.0603198005144328</PERC>
      <Alpha>0</Alpha>
      <UZL>48.196420167780616</UZL>
      <K0>0.45898055846153085</K0>
      <K1>0.12419781279904196</K1>
      <K2>0.0057361439362327935</K2>
      <MAXBAS>1.6394463217497184</MAXBAS>
      <Cet>0</Cet>
      <PCALT>10</PCALT>
      <TCALT>0.6</TCALT>
      <Pelev>3739</Pelev>
      <Telev>3307</Telev>
      <PART>0.5</PART>
      <DELAY>1</DELAY>
    </SubCatchmentParameters>
    <SubCatchmentVegetationZone>
      <SubCatchmentVegetationZoneParameters>
        <TT>0.62094842845411358</TT>
        <CFMAX>1.3456558649707724</CFMAX>
        <SP>-0.087766635090110456</SP>
        <SFCF>1.0248902305019838</SFCF>
        <CFR>0.04393074789882577</CFR>
        <CWH>0.059702976070335582</CWH>
        <CFGlacier>0.57361754789534014</CFGlacier>
        <CFSlope>0.28995405490515214</CFSlope>
        <FC>518.90428801890175</FC>
        <LP>0.414617485473186</LP>
        <BETA>1.685331868807896</BETA>
      </SubCatchmentVegetationZoneParameters>
    </SubCatchmentVegetationZone>
  </SubCatchment>
</Catchment>