<?xml version="1.0" encoding="utf-8"?>
<Catchment xmlns:xsi="http://www.w3.org/2001/XMLSchema-instance" xmlns:xsd="http://www.w3.org/2001/XMLSchema">
  <CatchmentParameters>
    <KSI>0.0016635519213363276</KSI>
    <KGmin>0.18828586147701892</KGmin>
    <RangeKG>0.30469461881088822</RangeKG>
    <AG>0.00099104825013417684</AG>
    <KInfiltration>0.61879937897883619</KInfiltration>
    <PERC>2.229007592609149</PERC>
    <Alpha>0</Alpha>
    <UZL>40.960313051460453</UZL>
    <K0>0.47949431072813342</K0>
    <K1>0.084648306593772149</K1>
    <K2>0.0076416846527506271</K2>
    <MAXBAS>1.6369263524438273</MAXBAS>
    <Cet>0</Cet>
    <PCALT>10</PCALT>
    <TCALT>0.6</TCALT>
    <Pelev>3739</Pelev>
    <Telev>3307</Telev>
    <PART>0.5</PART>
    <DELAY>1</DELAY>
  </CatchmentParameters>
  <VegetationZone>
    <VegetationZoneParameters>
      <TT>-0.015733133676746017</TT>
      <CFMAX>1.1805786778643777</CFMAX>
      <SP>-0.42732980046303742</SP>
      <SFCF>1.1632256956870344</SFCF>
      <CFR>0.032750116708811915</CFR>
      <CWH>0.0254711599069517</CWH>
      <CFGlacier>0.019705928175394974</CFGlacier>
      <CFSlope>0.28337757473466252</CFSlope>
      <FC>401.59999622517296</FC>
      <LP>0.73137977272290788</LP>
      <BETA>4.1719046950244358</BETA>
    </VegetationZoneParameters>
  </VegetationZone>
  <SubCatchment>
    <SubCatchmentParameters>
      <KSI>0.0016635519213363276</KSI>
      <KGmin>0.18828586147701892</KGmin>
      <RangeKG>0.30469461881088822</RangeKG>
      <AG>0.00099104825013417684</AG>
      <KInfiltration>0.61879937897883619</KInfiltration>
      <PERC>2.229007592609149</PERC>
      <Alpha>0</Alpha>
      <UZL>40.960313051460453</UZL>
      <K0>0.47949431072813342</K0>
      <K1>0.084648306593772149</K1>
      <K2>0.0076416846527506271</K2>
      <MAXBAS>1.6369263524438273</MAXBAS>
      <Cet>0</Cet>
      <PCALT>10</PCALT>
      <TCALT>0.6</TCALT>
      <Pelev>3739</Pelev>
      <Telev>3307</Telev>
      <PART>0.5</PART>
      <DELAY>1</DELAY>
    </SubCatchmentParameters>
    <SubCatchmentVegetationZone>
      <SubCatchmentVegetationZoneParameters>
        <TT>-0.015733133676746017</TT>
        <CFMAX>1.1805786778643777</CFMAX>
        <SP>-0.42732980046303742</SP>
        <SFCF>1.1632256956870344</SFCF>
        <CFR>0.032750116708811915</CFR>
        <CWH>0.0254711599069517</CWH>
        <CFGlacier>0.019705928175394974</CFGlacier>
        <CFSlope>0.28337757473466252</CFSlope>
        <FC>401.59999622517296</FC>
        <LP>0.73137977272290788</LP>
        <BETA>4.1719046950244358</BETA>
      </SubCatchmentVegetationZoneParameters>
    </SubCatchmentVegetationZone>
  </SubCatchment>
</Catchment>