<?xml version="1.0" encoding="utf-8"?>
<Catchment xmlns:xsi="http://www.w3.org/2001/XMLSchema-instance" xmlns:xsd="http://www.w3.org/2001/XMLSchema">
  <CatchmentParameters>
    <KSI>0.0010428250237707378</KSI>
    <KGmin>0.013310079993797132</KGmin>
    <RangeKG>0.1001219683761508</RangeKG>
    <AG>0.97175123343818237</AG>
    <KInfiltration>0.565469788725027</KInfiltration>
    <PERC>2.8677808228598747</PERC>
    <Alpha>0</Alpha>
    <UZL>49.751607739730765</UZL>
    <K0>0.40852356273706986</K0>
    <K1>0.093616080273108027</K1>
    <K2>0.0088230762765299335</K2>
    <MAXBAS>1.5906002482892747</MAXBAS>
    <Cet>0</Cet>
    <PCALT>10</PCALT>
    <TCALT>0.6</TCALT>
    <Pelev>3739</Pelev>
    <Telev>3307</Telev>
    <PART>0.5</PART>
    <DELAY>1</DELAY>
  </CatchmentParameters>
  <VegetationZone>
    <VegetationZoneParameters>
      <TT>1.513575635672253</TT>
      <CFMAX>2.2808067931295204</CFMAX>
      <SP>-0.70023680283071643</SP>
      <SFCF>1.3217221068048295</SFCF>
      <CFR>1.3522898883082529E-10</CFR>
      <CWH>0.031893696347974239</CWH>
      <CFGlacier>0.50818291019489825</CFGlacier>
      <CFSlope>0.13801125375134402</CFSlope>
      <FC>528.89002394975591</FC>
      <LP>0.58113751088593946</LP>
      <BETA>2.1336348340612061</BETA>
    </VegetationZoneParameters>
  </VegetationZone>
  <SubCatchment>
    <SubCatchmentParameters>
      <KSI>0.0010428250237707378</KSI>
      <KGmin>0.013310079993797132</KGmin>
      <RangeKG>0.1001219683761508</RangeKG>
      <AG>0.97175123343818237</AG>
      <KInfiltration>0.565469788725027</KInfiltration>
      <PERC>2.8677808228598747</PERC>
      <Alpha>0</Alpha>
      <UZL>49.751607739730765</UZL>
      <K0>0.40852356273706986</K0>
      <K1>0.093616080273108027</K1>
      <K2>0.0088230762765299335</K2>
      <MAXBAS>1.5906002482892747</MAXBAS>
      <Cet>0</Cet>
      <PCALT>10</PCALT>
      <TCALT>0.6</TCALT>
      <Pelev>3739</Pelev>
      <Telev>3307</Telev>
      <PART>0.5</PART>
      <DELAY>1</DELAY>
    </SubCatchmentParameters>
    <SubCatchmentVegetationZone>
      <SubCatchmentVegetationZoneParameters>
        <TT>1.513575635672253</TT>
        <CFMAX>2.2808067931295204</CFMAX>
        <SP>-0.70023680283071643</SP>
        <SFCF>1.3217221068048295</SFCF>
        <CFR>1.3522898883082529E-10</CFR>
        <CWH>0.031893696347974239</CWH>
        <CFGlacier>0.50818291019489825</CFGlacier>
        <CFSlope>0.13801125375134402</CFSlope>
        <FC>528.89002394975591</FC>
        <LP>0.58113751088593946</LP>
        <BETA>2.1336348340612061</BETA>
      </SubCatchmentVegetationZoneParameters>
    </SubCatchmentVegetationZone>
  </SubCatchment>
</Catchment>