<?xml version="1.0" encoding="utf-8"?>
<Catchment xmlns:xsi="http://www.w3.org/2001/XMLSchema-instance" xmlns:xsd="http://www.w3.org/2001/XMLSchema">
  <CatchmentParameters>
    <KSI>0.0010890516631432666</KSI>
    <KGmin>0.010017776664391395</KGmin>
    <RangeKG>0.10000364139480561</RangeKG>
    <AG>0.97697852442158573</AG>
    <KInfiltration>0.53534233763032368</KInfiltration>
    <PERC>2.3714047207504731</PERC>
    <Alpha>0</Alpha>
    <UZL>38.821472828535477</UZL>
    <K0>0.33822066813947621</K0>
    <K1>0.12002454668519712</K1>
    <K2>0.0093747149672193334</K2>
    <MAXBAS>1.49044153872253</MAXBAS>
    <Cet>0</Cet>
    <PCALT>10</PCALT>
    <TCALT>0.6</TCALT>
    <Pelev>3739</Pelev>
    <Telev>3307</Telev>
    <PART>0.5</PART>
    <DELAY>1</DELAY>
  </CatchmentParameters>
  <VegetationZone>
    <VegetationZoneParameters>
      <TT>-0.39071235809056681</TT>
      <CFMAX>1.2198769954789732</CFMAX>
      <SP>-0.41367026860305861</SP>
      <SFCF>1.1142952170188505</SFCF>
      <CFR>0.055479739090770183</CFR>
      <CWH>0.0396138898128131</CWH>
      <CFGlacier>0.85926886732503538</CFGlacier>
      <CFSlope>0.270411243438079</CFSlope>
      <FC>554.2807678520951</FC>
      <LP>0.49253252652207868</LP>
      <BETA>2.4485970403788713</BETA>
    </VegetationZoneParameters>
  </VegetationZone>
  <SubCatchment>
    <SubCatchmentParameters>
      <KSI>0.0010890516631432666</KSI>
      <KGmin>0.010017776664391395</KGmin>
      <RangeKG>0.10000364139480561</RangeKG>
      <AG>0.97697852442158573</AG>
      <KInfiltration>0.53534233763032368</KInfiltration>
      <PERC>2.3714047207504731</PERC>
      <Alpha>0</Alpha>
      <UZL>38.821472828535477</UZL>
      <K0>0.33822066813947621</K0>
      <K1>0.12002454668519712</K1>
      <K2>0.0093747149672193334</K2>
      <MAXBAS>1.49044153872253</MAXBAS>
      <Cet>0</Cet>
      <PCALT>10</PCALT>
      <TCALT>0.6</TCALT>
      <Pelev>3739</Pelev>
      <Telev>3307</Telev>
      <PART>0.5</PART>
      <DELAY>1</DELAY>
    </SubCatchmentParameters>
    <SubCatchmentVegetationZone>
      <SubCatchmentVegetationZoneParameters>
        <TT>-0.39071235809056681</TT>
        <CFMAX>1.2198769954789732</CFMAX>
        <SP>-0.41367026860305861</SP>
        <SFCF>1.1142952170188505</SFCF>
        <CFR>0.055479739090770183</CFR>
        <CWH>0.0396138898128131</CWH>
        <CFGlacier>0.85926886732503538</CFGlacier>
        <CFSlope>0.270411243438079</CFSlope>
        <FC>554.2807678520951</FC>
        <LP>0.49253252652207868</LP>
        <BETA>2.4485970403788713</BETA>
      </SubCatchmentVegetationZoneParameters>
    </SubCatchmentVegetationZone>
  </SubCatchment>
</Catchment>