<?xml version="1.0" encoding="utf-8"?>
<Catchment xmlns:xsi="http://www.w3.org/2001/XMLSchema-instance" xmlns:xsd="http://www.w3.org/2001/XMLSchema">
  <CatchmentParameters>
    <KSI>0.0020862955758241546</KSI>
    <KGmin>0.19999796648066023</KGmin>
    <RangeKG>0.10000029688650872</RangeKG>
    <AG>0.99626828718169635</AG>
    <KInfiltration>0.0701561389169776</KInfiltration>
    <PERC>4.0002278880012838</PERC>
    <Alpha>0</Alpha>
    <UZL>67.206150650529949</UZL>
    <K0>0.77852158945948413</K0>
    <K1>0.27771179609252766</K1>
    <K2>0.0063238760684022535</K2>
    <MAXBAS>1.515012397941454</MAXBAS>
    <Cet>0</Cet>
    <PCALT>10</PCALT>
    <TCALT>0.6</TCALT>
    <Pelev>3739</Pelev>
    <Telev>3307</Telev>
    <PART>0.5</PART>
    <DELAY>1</DELAY>
  </CatchmentParameters>
  <VegetationZone>
    <VegetationZoneParameters>
      <TT>-0.34401594903497429</TT>
      <CFMAX>0.93833820682895341</CFMAX>
      <SP>-0.38347668747619618</SP>
      <SFCF>1.2618280195233893</SFCF>
      <CFR>0.046868720796464335</CFR>
      <CWH>0.070016652313767955</CWH>
      <CFGlacier>0.020450272366174707</CFGlacier>
      <CFSlope>0.22491971404608624</CFSlope>
      <FC>514.75952046197744</FC>
      <LP>0.69131923931873118</LP>
      <BETA>2.0635266615432251</BETA>
    </VegetationZoneParameters>
  </VegetationZone>
  <SubCatchment>
    <SubCatchmentParameters>
      <KSI>0.0020862955758241546</KSI>
      <KGmin>0.19999796648066023</KGmin>
      <RangeKG>0.10000029688650872</RangeKG>
      <AG>0.99626828718169635</AG>
      <KInfiltration>0.0701561389169776</KInfiltration>
      <PERC>4.0002278880012838</PERC>
      <Alpha>0</Alpha>
      <UZL>67.206150650529949</UZL>
      <K0>0.77852158945948413</K0>
      <K1>0.27771179609252766</K1>
      <K2>0.0063238760684022535</K2>
      <MAXBAS>1.515012397941454</MAXBAS>
      <Cet>0</Cet>
      <PCALT>10</PCALT>
      <TCALT>0.6</TCALT>
      <Pelev>3739</Pelev>
      <Telev>3307</Telev>
      <PART>0.5</PART>
      <DELAY>1</DELAY>
    </SubCatchmentParameters>
    <SubCatchmentVegetationZone>
      <SubCatchmentVegetationZoneParameters>
        <TT>-0.34401594903497429</TT>
        <CFMAX>0.93833820682895341</CFMAX>
        <SP>-0.38347668747619618</SP>
        <SFCF>1.2618280195233893</SFCF>
        <CFR>0.046868720796464335</CFR>
        <CWH>0.070016652313767955</CWH>
        <CFGlacier>0.020450272366174707</CFGlacier>
        <CFSlope>0.22491971404608624</CFSlope>
        <FC>514.75952046197744</FC>
        <LP>0.69131923931873118</LP>
        <BETA>2.0635266615432251</BETA>
      </SubCatchmentVegetationZoneParameters>
    </SubCatchmentVegetationZone>
  </SubCatchment>
</Catchment>