<?xml version="1.0" encoding="utf-8"?>
<Catchment xmlns:xsi="http://www.w3.org/2001/XMLSchema-instance" xmlns:xsd="http://www.w3.org/2001/XMLSchema">
  <CatchmentParameters>
    <KSI>0.0025344766671408516</KSI>
    <KGmin>0.15460504726330565</KGmin>
    <RangeKG>0.1142759544981022</RangeKG>
    <AG>0.0058732463100943377</AG>
    <KInfiltration>0.72372547054817371</KInfiltration>
    <PERC>1.8639514619907867</PERC>
    <Alpha>0</Alpha>
    <UZL>29.687670736820458</UZL>
    <K0>0.71286930068086685</K0>
    <K1>0.13743089210230919</K1>
    <K2>0.0081128746001445286</K2>
    <MAXBAS>1.8611065254925607</MAXBAS>
    <Cet>0</Cet>
    <PCALT>10</PCALT>
    <TCALT>0.6</TCALT>
    <Pelev>3739</Pelev>
    <Telev>3307</Telev>
    <PART>0.5</PART>
    <DELAY>1</DELAY>
  </CatchmentParameters>
  <VegetationZone>
    <VegetationZoneParameters>
      <TT>0.36250793801846948</TT>
      <CFMAX>1.2477773292041785</CFMAX>
      <SP>-0.34247559949842876</SP>
      <SFCF>1.0229085562682774</SFCF>
      <CFR>0.04457962253518255</CFR>
      <CWH>0.003746620150980067</CWH>
      <CFGlacier>0.091282225315002463</CFGlacier>
      <CFSlope>0.3424700603050238</CFSlope>
      <FC>363.01001763013068</FC>
      <LP>0.740716740508076</LP>
      <BETA>4.2778554975317569</BETA>
    </VegetationZoneParameters>
  </VegetationZone>
  <SubCatchment>
    <SubCatchmentParameters>
      <KSI>0.0025344766671408516</KSI>
      <KGmin>0.15460504726330565</KGmin>
      <RangeKG>0.1142759544981022</RangeKG>
      <AG>0.0058732463100943377</AG>
      <KInfiltration>0.72372547054817371</KInfiltration>
      <PERC>1.8639514619907867</PERC>
      <Alpha>0</Alpha>
      <UZL>29.687670736820458</UZL>
      <K0>0.71286930068086685</K0>
      <K1>0.13743089210230919</K1>
      <K2>0.0081128746001445286</K2>
      <MAXBAS>1.8611065254925607</MAXBAS>
      <Cet>0</Cet>
      <PCALT>10</PCALT>
      <TCALT>0.6</TCALT>
      <Pelev>3739</Pelev>
      <Telev>3307</Telev>
      <PART>0.5</PART>
      <DELAY>1</DELAY>
    </SubCatchmentParameters>
    <SubCatchmentVegetationZone>
      <SubCatchmentVegetationZoneParameters>
        <TT>0.36250793801846948</TT>
        <CFMAX>1.2477773292041785</CFMAX>
        <SP>-0.34247559949842876</SP>
        <SFCF>1.0229085562682774</SFCF>
        <CFR>0.04457962253518255</CFR>
        <CWH>0.003746620150980067</CWH>
        <CFGlacier>0.091282225315002463</CFGlacier>
        <CFSlope>0.3424700603050238</CFSlope>
        <FC>363.01001763013068</FC>
        <LP>0.740716740508076</LP>
        <BETA>4.2778554975317569</BETA>
      </SubCatchmentVegetationZoneParameters>
    </SubCatchmentVegetationZone>
  </SubCatchment>
</Catchment>