<?xml version="1.0" encoding="utf-8"?>
<Catchment xmlns:xsi="http://www.w3.org/2001/XMLSchema-instance" xmlns:xsd="http://www.w3.org/2001/XMLSchema">
  <CatchmentParameters>
    <KSI>0.0029842081671590621</KSI>
    <KGmin>0.19999697283224946</KGmin>
    <RangeKG>0.12202337884222952</RangeKG>
    <AG>0.90263728000468868</AG>
    <KInfiltration>0.65624822857397247</KInfiltration>
    <PERC>2.1442056683788997</PERC>
    <Alpha>0</Alpha>
    <UZL>51.373825616377978</UZL>
    <K0>0.5880847531422505</K0>
    <K1>0.068704534085597208</K1>
    <K2>0.0077343754534962015</K2>
    <MAXBAS>1.5750368287909171</MAXBAS>
    <Cet>0</Cet>
    <PCALT>10</PCALT>
    <TCALT>0.6</TCALT>
    <Pelev>3739</Pelev>
    <Telev>3307</Telev>
    <PART>0.5</PART>
    <DELAY>1</DELAY>
  </CatchmentParameters>
  <VegetationZone>
    <VegetationZoneParameters>
      <TT>0.57338459748711978</TT>
      <CFMAX>0.867363524062861</CFMAX>
      <SP>-0.12153383202127285</SP>
      <SFCF>1.0997225270110549</SFCF>
      <CFR>1.5277794520401141E-05</CFR>
      <CWH>0.015452919457369978</CWH>
      <CFGlacier>0.17193093174328361</CFGlacier>
      <CFSlope>0.27706676867169922</CFSlope>
      <FC>214.86662061816335</FC>
      <LP>0.62304161111653189</LP>
      <BETA>1.6241418908303031</BETA>
    </VegetationZoneParameters>
  </VegetationZone>
  <SubCatchment>
    <SubCatchmentParameters>
      <KSI>0.0029842081671590621</KSI>
      <KGmin>0.19999697283224946</KGmin>
      <RangeKG>0.12202337884222952</RangeKG>
      <AG>0.90263728000468868</AG>
      <KInfiltration>0.65624822857397247</KInfiltration>
      <PERC>2.1442056683788997</PERC>
      <Alpha>0</Alpha>
      <UZL>51.373825616377978</UZL>
      <K0>0.5880847531422505</K0>
      <K1>0.068704534085597208</K1>
      <K2>0.0077343754534962015</K2>
      <MAXBAS>1.5750368287909171</MAXBAS>
      <Cet>0</Cet>
      <PCALT>10</PCALT>
      <TCALT>0.6</TCALT>
      <Pelev>3739</Pelev>
      <Telev>3307</Telev>
      <PART>0.5</PART>
      <DELAY>1</DELAY>
    </SubCatchmentParameters>
    <SubCatchmentVegetationZone>
      <SubCatchmentVegetationZoneParameters>
        <TT>0.57338459748711978</TT>
        <CFMAX>0.867363524062861</CFMAX>
        <SP>-0.12153383202127285</SP>
        <SFCF>1.0997225270110549</SFCF>
        <CFR>1.5277794520401141E-05</CFR>
        <CWH>0.015452919457369978</CWH>
        <CFGlacier>0.17193093174328361</CFGlacier>
        <CFSlope>0.27706676867169922</CFSlope>
        <FC>214.86662061816335</FC>
        <LP>0.62304161111653189</LP>
        <BETA>1.6241418908303031</BETA>
      </SubCatchmentVegetationZoneParameters>
    </SubCatchmentVegetationZone>
  </SubCatchment>
</Catchment>