<?xml version="1.0" encoding="utf-8"?>
<Catchment xmlns:xsi="http://www.w3.org/2001/XMLSchema-instance" xmlns:xsd="http://www.w3.org/2001/XMLSchema">
  <CatchmentParameters>
    <KSI>0.0017284418921840424</KSI>
    <KGmin>0.10336967140594924</KGmin>
    <RangeKG>0.10000925379241459</RangeKG>
    <AG>0.39944124649356039</AG>
    <KInfiltration>0.29775384022481477</KInfiltration>
    <PERC>2.0679129888063419</PERC>
    <Alpha>0</Alpha>
    <UZL>39.195151985412544</UZL>
    <K0>0.4246479909773529</K0>
    <K1>0.13786033187629423</K1>
    <K2>0.0082559373319869289</K2>
    <MAXBAS>1.614979545092246</MAXBAS>
    <Cet>0</Cet>
    <PCALT>10</PCALT>
    <TCALT>0.6</TCALT>
    <Pelev>3739</Pelev>
    <Telev>3307</Telev>
    <PART>0.5</PART>
    <DELAY>1</DELAY>
  </CatchmentParameters>
  <VegetationZone>
    <VegetationZoneParameters>
      <TT>1.1711804976369511</TT>
      <CFMAX>2.1021035941076618</CFMAX>
      <SP>-0.55281434089095383</SP>
      <SFCF>1.054469189650542</SFCF>
      <CFR>0.0058257999195620962</CFR>
      <CWH>0.027399127402232219</CWH>
      <CFGlacier>0.553635151589439</CFGlacier>
      <CFSlope>0.25557923952410294</CFSlope>
      <FC>510.47448862389376</FC>
      <LP>0.61791851511793527</LP>
      <BETA>2.5197938047166004</BETA>
    </VegetationZoneParameters>
  </VegetationZone>
  <SubCatchment>
    <SubCatchmentParameters>
      <KSI>0.0017284418921840424</KSI>
      <KGmin>0.10336967140594924</KGmin>
      <RangeKG>0.10000925379241459</RangeKG>
      <AG>0.39944124649356039</AG>
      <KInfiltration>0.29775384022481477</KInfiltration>
      <PERC>2.0679129888063419</PERC>
      <Alpha>0</Alpha>
      <UZL>39.195151985412544</UZL>
      <K0>0.4246479909773529</K0>
      <K1>0.13786033187629423</K1>
      <K2>0.0082559373319869289</K2>
      <MAXBAS>1.614979545092246</MAXBAS>
      <Cet>0</Cet>
      <PCALT>10</PCALT>
      <TCALT>0.6</TCALT>
      <Pelev>3739</Pelev>
      <Telev>3307</Telev>
      <PART>0.5</PART>
      <DELAY>1</DELAY>
    </SubCatchmentParameters>
    <SubCatchmentVegetationZone>
      <SubCatchmentVegetationZoneParameters>
        <TT>1.1711804976369511</TT>
        <CFMAX>2.1021035941076618</CFMAX>
        <SP>-0.55281434089095383</SP>
        <SFCF>1.054469189650542</SFCF>
        <CFR>0.0058257999195620962</CFR>
        <CWH>0.027399127402232219</CWH>
        <CFGlacier>0.553635151589439</CFGlacier>
        <CFSlope>0.25557923952410294</CFSlope>
        <FC>510.47448862389376</FC>
        <LP>0.61791851511793527</LP>
        <BETA>2.5197938047166004</BETA>
      </SubCatchmentVegetationZoneParameters>
    </SubCatchmentVegetationZone>
  </SubCatchment>
</Catchment>