<?xml version="1.0" encoding="utf-8"?>
<Catchment xmlns:xsi="http://www.w3.org/2001/XMLSchema-instance" xmlns:xsd="http://www.w3.org/2001/XMLSchema">
  <CatchmentParameters>
    <KSI>0.0011009883740419374</KSI>
    <KGmin>0.091983269962328321</KGmin>
    <RangeKG>0.10000079279792969</RangeKG>
    <AG>0.008432741326452952</AG>
    <KInfiltration>0.36553778657501307</KInfiltration>
    <PERC>2.3930012106325007</PERC>
    <Alpha>0</Alpha>
    <UZL>37.118474700933575</UZL>
    <K0>0.3945534424809688</K0>
    <K1>0.1285945385307716</K1>
    <K2>0.0076779414407021568</K2>
    <MAXBAS>1.7707220699888855</MAXBAS>
    <Cet>0</Cet>
    <PCALT>10</PCALT>
    <TCALT>0.6</TCALT>
    <Pelev>3739</Pelev>
    <Telev>3307</Telev>
    <PART>0.5</PART>
    <DELAY>1</DELAY>
  </CatchmentParameters>
  <VegetationZone>
    <VegetationZoneParameters>
      <TT>0.60108163464173614</TT>
      <CFMAX>1.1223605885196502</CFMAX>
      <SP>-0.33200114988178392</SP>
      <SFCF>1.1621861222754497</SFCF>
      <CFR>0.00067590284446534014</CFR>
      <CWH>0.01816673588395128</CWH>
      <CFGlacier>0.58640999892765311</CFGlacier>
      <CFSlope>0.21579563427671744</CFSlope>
      <FC>513.11878055415752</FC>
      <LP>0.66594344515190906</LP>
      <BETA>2.0785165794097153</BETA>
    </VegetationZoneParameters>
  </VegetationZone>
  <SubCatchment>
    <SubCatchmentParameters>
      <KSI>0.0011009883740419374</KSI>
      <KGmin>0.091983269962328321</KGmin>
      <RangeKG>0.10000079279792969</RangeKG>
      <AG>0.008432741326452952</AG>
      <KInfiltration>0.36553778657501307</KInfiltration>
      <PERC>2.3930012106325007</PERC>
      <Alpha>0</Alpha>
      <UZL>37.118474700933575</UZL>
      <K0>0.3945534424809688</K0>
      <K1>0.1285945385307716</K1>
      <K2>0.0076779414407021568</K2>
      <MAXBAS>1.7707220699888855</MAXBAS>
      <Cet>0</Cet>
      <PCALT>10</PCALT>
      <TCALT>0.6</TCALT>
      <Pelev>3739</Pelev>
      <Telev>3307</Telev>
      <PART>0.5</PART>
      <DELAY>1</DELAY>
    </SubCatchmentParameters>
    <SubCatchmentVegetationZone>
      <SubCatchmentVegetationZoneParameters>
        <TT>0.60108163464173614</TT>
        <CFMAX>1.1223605885196502</CFMAX>
        <SP>-0.33200114988178392</SP>
        <SFCF>1.1621861222754497</SFCF>
        <CFR>0.00067590284446534014</CFR>
        <CWH>0.01816673588395128</CWH>
        <CFGlacier>0.58640999892765311</CFGlacier>
        <CFSlope>0.21579563427671744</CFSlope>
        <FC>513.11878055415752</FC>
        <LP>0.66594344515190906</LP>
        <BETA>2.0785165794097153</BETA>
      </SubCatchmentVegetationZoneParameters>
    </SubCatchmentVegetationZone>
  </SubCatchment>
</Catchment>