<?xml version="1.0" encoding="utf-8"?>
<Catchment xmlns:xsi="http://www.w3.org/2001/XMLSchema-instance" xmlns:xsd="http://www.w3.org/2001/XMLSchema">
  <CatchmentParameters>
    <KSI>0.0025133476704079097</KSI>
    <KGmin>0.19999267065985588</KGmin>
    <RangeKG>0.10000066108403941</RangeKG>
    <AG>0.69603743940802876</AG>
    <KInfiltration>0.71706731106152111</KInfiltration>
    <PERC>3.1058398382151498</PERC>
    <Alpha>0</Alpha>
    <UZL>29.396996600472658</UZL>
    <K0>0.53818463776976633</K0>
    <K1>0.13961682186608676</K1>
    <K2>0.006151095627176883</K2>
    <MAXBAS>1.5715247264539074</MAXBAS>
    <Cet>0</Cet>
    <PCALT>10</PCALT>
    <TCALT>0.6</TCALT>
    <Pelev>3739</Pelev>
    <Telev>3307</Telev>
    <PART>0.5</PART>
    <DELAY>1</DELAY>
  </CatchmentParameters>
  <VegetationZone>
    <VegetationZoneParameters>
      <TT>-0.68450828014301923</TT>
      <CFMAX>2.945529465639551</CFMAX>
      <SP>-0.51774181727406121</SP>
      <SFCF>1.0271549758102527</SFCF>
      <CFR>0.027845425106265306</CFR>
      <CWH>0.034103849270583443</CWH>
      <CFGlacier>0.095387935723318787</CFGlacier>
      <CFSlope>0.83165099571077594</CFSlope>
      <FC>524.6284051878913</FC>
      <LP>0.539781539720605</LP>
      <BETA>3.2892793083484442</BETA>
    </VegetationZoneParameters>
  </VegetationZone>
  <SubCatchment>
    <SubCatchmentParameters>
      <KSI>0.0025133476704079097</KSI>
      <KGmin>0.19999267065985588</KGmin>
      <RangeKG>0.10000066108403941</RangeKG>
      <AG>0.69603743940802876</AG>
      <KInfiltration>0.71706731106152111</KInfiltration>
      <PERC>3.1058398382151498</PERC>
      <Alpha>0</Alpha>
      <UZL>29.396996600472658</UZL>
      <K0>0.53818463776976633</K0>
      <K1>0.13961682186608676</K1>
      <K2>0.006151095627176883</K2>
      <MAXBAS>1.5715247264539074</MAXBAS>
      <Cet>0</Cet>
      <PCALT>10</PCALT>
      <TCALT>0.6</TCALT>
      <Pelev>3739</Pelev>
      <Telev>3307</Telev>
      <PART>0.5</PART>
      <DELAY>1</DELAY>
    </SubCatchmentParameters>
    <SubCatchmentVegetationZone>
      <SubCatchmentVegetationZoneParameters>
        <TT>-0.68450828014301923</TT>
        <CFMAX>2.945529465639551</CFMAX>
        <SP>-0.51774181727406121</SP>
        <SFCF>1.0271549758102527</SFCF>
        <CFR>0.027845425106265306</CFR>
        <CWH>0.034103849270583443</CWH>
        <CFGlacier>0.095387935723318787</CFGlacier>
        <CFSlope>0.83165099571077594</CFSlope>
        <FC>524.6284051878913</FC>
        <LP>0.539781539720605</LP>
        <BETA>3.2892793083484442</BETA>
      </SubCatchmentVegetationZoneParameters>
    </SubCatchmentVegetationZone>
  </SubCatchment>
</Catchment>