<?xml version="1.0" encoding="utf-8"?>
<Catchment xmlns:xsi="http://www.w3.org/2001/XMLSchema-instance" xmlns:xsd="http://www.w3.org/2001/XMLSchema">
  <CatchmentParameters>
    <KSI>0.002049347283521285</KSI>
    <KGmin>0.15298907057072983</KGmin>
    <RangeKG>0.252032115558995</RangeKG>
    <AG>0.23262992909690108</AG>
    <KInfiltration>0.42698024781905647</KInfiltration>
    <PERC>2.1920741909797523</PERC>
    <Alpha>0</Alpha>
    <UZL>55.963067888516768</UZL>
    <K0>0.44645811518135881</K0>
    <K1>0.09479724087927896</K1>
    <K2>0.0067518042589704824</K2>
    <MAXBAS>1.5401243440622547</MAXBAS>
    <Cet>0</Cet>
    <PCALT>10</PCALT>
    <TCALT>0.6</TCALT>
    <Pelev>3739</Pelev>
    <Telev>3307</Telev>
    <PART>0.5</PART>
    <DELAY>1</DELAY>
  </CatchmentParameters>
  <VegetationZone>
    <VegetationZoneParameters>
      <TT>0.96206766907062091</TT>
      <CFMAX>1.6426240440730917</CFMAX>
      <SP>-0.51261657698260144</SP>
      <SFCF>1.1844361857618404</SFCF>
      <CFR>0.0077693196701295033</CFR>
      <CWH>0.059189888191786319</CWH>
      <CFGlacier>0.53940179223209062</CFGlacier>
      <CFSlope>0.19406228835053957</CFSlope>
      <FC>551.30396032018837</FC>
      <LP>0.776478216506731</LP>
      <BETA>2.6471847972986322</BETA>
    </VegetationZoneParameters>
  </VegetationZone>
  <SubCatchment>
    <SubCatchmentParameters>
      <KSI>0.002049347283521285</KSI>
      <KGmin>0.15298907057072983</KGmin>
      <RangeKG>0.252032115558995</RangeKG>
      <AG>0.23262992909690108</AG>
      <KInfiltration>0.42698024781905647</KInfiltration>
      <PERC>2.1920741909797523</PERC>
      <Alpha>0</Alpha>
      <UZL>55.963067888516768</UZL>
      <K0>0.44645811518135881</K0>
      <K1>0.09479724087927896</K1>
      <K2>0.0067518042589704824</K2>
      <MAXBAS>1.5401243440622547</MAXBAS>
      <Cet>0</Cet>
      <PCALT>10</PCALT>
      <TCALT>0.6</TCALT>
      <Pelev>3739</Pelev>
      <Telev>3307</Telev>
      <PART>0.5</PART>
      <DELAY>1</DELAY>
    </SubCatchmentParameters>
    <SubCatchmentVegetationZone>
      <SubCatchmentVegetationZoneParameters>
        <TT>0.96206766907062091</TT>
        <CFMAX>1.6426240440730917</CFMAX>
        <SP>-0.51261657698260144</SP>
        <SFCF>1.1844361857618404</SFCF>
        <CFR>0.0077693196701295033</CFR>
        <CWH>0.059189888191786319</CWH>
        <CFGlacier>0.53940179223209062</CFGlacier>
        <CFSlope>0.19406228835053957</CFSlope>
        <FC>551.30396032018837</FC>
        <LP>0.776478216506731</LP>
        <BETA>2.6471847972986322</BETA>
      </SubCatchmentVegetationZoneParameters>
    </SubCatchmentVegetationZone>
  </SubCatchment>
</Catchment>