<?xml version="1.0" encoding="utf-8"?>
<Catchment xmlns:xsi="http://www.w3.org/2001/XMLSchema-instance" xmlns:xsd="http://www.w3.org/2001/XMLSchema">
  <CatchmentParameters>
    <KSI>0.0026170013583302755</KSI>
    <KGmin>0.15718945203512502</KGmin>
    <RangeKG>0.10002296004123133</RangeKG>
    <AG>0.16828470355538197</AG>
    <KInfiltration>0.48064617067146242</KInfiltration>
    <PERC>1.9582506648181697</PERC>
    <Alpha>0</Alpha>
    <UZL>42.7931839597433</UZL>
    <K0>0.43990356235272782</K0>
    <K1>0.11732735089222914</K1>
    <K2>0.0076251627829099318</K2>
    <MAXBAS>1.7707118195421989</MAXBAS>
    <Cet>0</Cet>
    <PCALT>10</PCALT>
    <TCALT>0.6</TCALT>
    <Pelev>3739</Pelev>
    <Telev>3307</Telev>
    <PART>0.5</PART>
    <DELAY>1</DELAY>
  </CatchmentParameters>
  <VegetationZone>
    <VegetationZoneParameters>
      <TT>-0.31600981810741613</TT>
      <CFMAX>1.2971283180436173</CFMAX>
      <SP>-0.34778736478719741</SP>
      <SFCF>1.0671941355516559</SFCF>
      <CFR>0.003521626769986312</CFR>
      <CWH>0.075685407507488478</CWH>
      <CFGlacier>0.64471615498093515</CFGlacier>
      <CFSlope>0.27946679054953844</CFSlope>
      <FC>627.65468203637181</FC>
      <LP>0.47514190998693795</LP>
      <BETA>2.9829473709159386</BETA>
    </VegetationZoneParameters>
  </VegetationZone>
  <SubCatchment>
    <SubCatchmentParameters>
      <KSI>0.0026170013583302755</KSI>
      <KGmin>0.15718945203512502</KGmin>
      <RangeKG>0.10002296004123133</RangeKG>
      <AG>0.16828470355538197</AG>
      <KInfiltration>0.48064617067146242</KInfiltration>
      <PERC>1.9582506648181697</PERC>
      <Alpha>0</Alpha>
      <UZL>42.7931839597433</UZL>
      <K0>0.43990356235272782</K0>
      <K1>0.11732735089222914</K1>
      <K2>0.0076251627829099318</K2>
      <MAXBAS>1.7707118195421989</MAXBAS>
      <Cet>0</Cet>
      <PCALT>10</PCALT>
      <TCALT>0.6</TCALT>
      <Pelev>3739</Pelev>
      <Telev>3307</Telev>
      <PART>0.5</PART>
      <DELAY>1</DELAY>
    </SubCatchmentParameters>
    <SubCatchmentVegetationZone>
      <SubCatchmentVegetationZoneParameters>
        <TT>-0.31600981810741613</TT>
        <CFMAX>1.2971283180436173</CFMAX>
        <SP>-0.34778736478719741</SP>
        <SFCF>1.0671941355516559</SFCF>
        <CFR>0.003521626769986312</CFR>
        <CWH>0.075685407507488478</CWH>
        <CFGlacier>0.64471615498093515</CFGlacier>
        <CFSlope>0.27946679054953844</CFSlope>
        <FC>627.65468203637181</FC>
        <LP>0.47514190998693795</LP>
        <BETA>2.9829473709159386</BETA>
      </SubCatchmentVegetationZoneParameters>
    </SubCatchmentVegetationZone>
  </SubCatchment>
</Catchment>