<?xml version="1.0" encoding="utf-8"?>
<Catchment xmlns:xsi="http://www.w3.org/2001/XMLSchema-instance" xmlns:xsd="http://www.w3.org/2001/XMLSchema">
  <CatchmentParameters>
    <KSI>0.0015422933520710894</KSI>
    <KGmin>0.10672026531950667</KGmin>
    <RangeKG>0.10000061804961247</RangeKG>
    <AG>0.0023825872388697081</AG>
    <KInfiltration>0.12788650710111377</KInfiltration>
    <PERC>2.6812711933715319</PERC>
    <Alpha>0</Alpha>
    <UZL>61.184041084201894</UZL>
    <K0>0.19427008291843859</K0>
    <K1>0.31674387633397039</K1>
    <K2>0.0037943227596704209</K2>
    <MAXBAS>1.5680560130139156</MAXBAS>
    <Cet>0</Cet>
    <PCALT>10</PCALT>
    <TCALT>0.6</TCALT>
    <Pelev>3739</Pelev>
    <Telev>3307</Telev>
    <PART>0.5</PART>
    <DELAY>1</DELAY>
  </CatchmentParameters>
  <VegetationZone>
    <VegetationZoneParameters>
      <TT>1.7630129801024834</TT>
      <CFMAX>1.8835948756721337</CFMAX>
      <SP>-0.46545824506582495</SP>
      <SFCF>1.0817912852328595</SFCF>
      <CFR>6.6637547255512136E-08</CFR>
      <CWH>0.041921647889716349</CWH>
      <CFGlacier>0.025083106900359135</CFGlacier>
      <CFSlope>0.26124570932144414</CFSlope>
      <FC>350.09531254310247</FC>
      <LP>0.42503275216825981</LP>
      <BETA>1.7128996723181791</BETA>
    </VegetationZoneParameters>
  </VegetationZone>
  <SubCatchment>
    <SubCatchmentParameters>
      <KSI>0.0015422933520710894</KSI>
      <KGmin>0.10672026531950667</KGmin>
      <RangeKG>0.10000061804961247</RangeKG>
      <AG>0.0023825872388697081</AG>
      <KInfiltration>0.12788650710111377</KInfiltration>
      <PERC>2.6812711933715319</PERC>
      <Alpha>0</Alpha>
      <UZL>61.184041084201894</UZL>
      <K0>0.19427008291843859</K0>
      <K1>0.31674387633397039</K1>
      <K2>0.0037943227596704209</K2>
      <MAXBAS>1.5680560130139156</MAXBAS>
      <Cet>0</Cet>
      <PCALT>10</PCALT>
      <TCALT>0.6</TCALT>
      <Pelev>3739</Pelev>
      <Telev>3307</Telev>
      <PART>0.5</PART>
      <DELAY>1</DELAY>
    </SubCatchmentParameters>
    <SubCatchmentVegetationZone>
      <SubCatchmentVegetationZoneParameters>
        <TT>1.7630129801024834</TT>
        <CFMAX>1.8835948756721337</CFMAX>
        <SP>-0.46545824506582495</SP>
        <SFCF>1.0817912852328595</SFCF>
        <CFR>6.6637547255512136E-08</CFR>
        <CWH>0.041921647889716349</CWH>
        <CFGlacier>0.025083106900359135</CFGlacier>
        <CFSlope>0.26124570932144414</CFSlope>
        <FC>350.09531254310247</FC>
        <LP>0.42503275216825981</LP>
        <BETA>1.7128996723181791</BETA>
      </SubCatchmentVegetationZoneParameters>
    </SubCatchmentVegetationZone>
  </SubCatchment>
</Catchment>