<?xml version="1.0" encoding="utf-8"?>
<Catchment xmlns:xsi="http://www.w3.org/2001/XMLSchema-instance" xmlns:xsd="http://www.w3.org/2001/XMLSchema">
  <CatchmentParameters>
    <KSI>0.0029998959714295026</KSI>
    <KGmin>0.13744832942185326</KGmin>
    <RangeKG>0.12556090048406812</RangeKG>
    <AG>0.0042812950761920926</AG>
    <KInfiltration>0.40624638319727219</KInfiltration>
    <PERC>3.8056281268464307</PERC>
    <Alpha>0</Alpha>
    <UZL>35.67000192622406</UZL>
    <K0>0.47367090663102984</K0>
    <K1>0.14375991215281181</K1>
    <K2>0.007550542768405946</K2>
    <MAXBAS>1.9850156292305807</MAXBAS>
    <Cet>0</Cet>
    <PCALT>10</PCALT>
    <TCALT>0.6</TCALT>
    <Pelev>3739</Pelev>
    <Telev>3307</Telev>
    <PART>0.5</PART>
    <DELAY>1</DELAY>
  </CatchmentParameters>
  <VegetationZone>
    <VegetationZoneParameters>
      <TT>-0.96117914860808928</TT>
      <CFMAX>3.0271398159265321</CFMAX>
      <SP>-0.36510170015260485</SP>
      <SFCF>1.0164849762809474</SFCF>
      <CFR>0.00090454797287402994</CFR>
      <CWH>0.0009480161758785025</CWH>
      <CFGlacier>0.36290575490125088</CFGlacier>
      <CFSlope>0.9128038397689856</CFSlope>
      <FC>633.428539707731</FC>
      <LP>0.33093667451533415</LP>
      <BETA>2.4349111178317382</BETA>
    </VegetationZoneParameters>
  </VegetationZone>
  <SubCatchment>
    <SubCatchmentParameters>
      <KSI>0.0029998959714295026</KSI>
      <KGmin>0.13744832942185326</KGmin>
      <RangeKG>0.12556090048406812</RangeKG>
      <AG>0.0042812950761920926</AG>
      <KInfiltration>0.40624638319727219</KInfiltration>
      <PERC>3.8056281268464307</PERC>
      <Alpha>0</Alpha>
      <UZL>35.67000192622406</UZL>
      <K0>0.47367090663102984</K0>
      <K1>0.14375991215281181</K1>
      <K2>0.007550542768405946</K2>
      <MAXBAS>1.9850156292305807</MAXBAS>
      <Cet>0</Cet>
      <PCALT>10</PCALT>
      <TCALT>0.6</TCALT>
      <Pelev>3739</Pelev>
      <Telev>3307</Telev>
      <PART>0.5</PART>
      <DELAY>1</DELAY>
    </SubCatchmentParameters>
    <SubCatchmentVegetationZone>
      <SubCatchmentVegetationZoneParameters>
        <TT>-0.96117914860808928</TT>
        <CFMAX>3.0271398159265321</CFMAX>
        <SP>-0.36510170015260485</SP>
        <SFCF>1.0164849762809474</SFCF>
        <CFR>0.00090454797287402994</CFR>
        <CWH>0.0009480161758785025</CWH>
        <CFGlacier>0.36290575490125088</CFGlacier>
        <CFSlope>0.9128038397689856</CFSlope>
        <FC>633.428539707731</FC>
        <LP>0.33093667451533415</LP>
        <BETA>2.4349111178317382</BETA>
      </SubCatchmentVegetationZoneParameters>
    </SubCatchmentVegetationZone>
  </SubCatchment>
</Catchment>