<?xml version="1.0" encoding="utf-8"?>
<Catchment xmlns:xsi="http://www.w3.org/2001/XMLSchema-instance" xmlns:xsd="http://www.w3.org/2001/XMLSchema">
  <CatchmentParameters>
    <KSI>0.0024604635881565937</KSI>
    <KGmin>0.19999866112453366</KGmin>
    <RangeKG>0.10000341078708161</RangeKG>
    <AG>0.99948910591622331</AG>
    <KInfiltration>0.615335034947179</KInfiltration>
    <PERC>2.2279688308843686</PERC>
    <Alpha>0</Alpha>
    <UZL>27.050061986445687</UZL>
    <K0>0.63182099963975558</K0>
    <K1>0.13327408305819288</K1>
    <K2>0.0074583918860280955</K2>
    <MAXBAS>1.6650025864990212</MAXBAS>
    <Cet>0</Cet>
    <PCALT>10</PCALT>
    <TCALT>0.6</TCALT>
    <Pelev>3739</Pelev>
    <Telev>3307</Telev>
    <PART>0.5</PART>
    <DELAY>1</DELAY>
  </CatchmentParameters>
  <VegetationZone>
    <VegetationZoneParameters>
      <TT>-0.34400608191101989</TT>
      <CFMAX>0.60898020490453431</CFMAX>
      <SP>0.26646207434439823</SP>
      <SFCF>1.0607988114948628</SFCF>
      <CFR>0.012474066110849547</CFR>
      <CWH>0.017110500283431709</CWH>
      <CFGlacier>0.17609451520077754</CFGlacier>
      <CFSlope>0.35703561821492436</CFSlope>
      <FC>403.94258886645923</FC>
      <LP>0.59649798309032664</LP>
      <BETA>4.3130563853884389</BETA>
    </VegetationZoneParameters>
  </VegetationZone>
  <SubCatchment>
    <SubCatchmentParameters>
      <KSI>0.0024604635881565937</KSI>
      <KGmin>0.19999866112453366</KGmin>
      <RangeKG>0.10000341078708161</RangeKG>
      <AG>0.99948910591622331</AG>
      <KInfiltration>0.615335034947179</KInfiltration>
      <PERC>2.2279688308843686</PERC>
      <Alpha>0</Alpha>
      <UZL>27.050061986445687</UZL>
      <K0>0.63182099963975558</K0>
      <K1>0.13327408305819288</K1>
      <K2>0.0074583918860280955</K2>
      <MAXBAS>1.6650025864990212</MAXBAS>
      <Cet>0</Cet>
      <PCALT>10</PCALT>
      <TCALT>0.6</TCALT>
      <Pelev>3739</Pelev>
      <Telev>3307</Telev>
      <PART>0.5</PART>
      <DELAY>1</DELAY>
    </SubCatchmentParameters>
    <SubCatchmentVegetationZone>
      <SubCatchmentVegetationZoneParameters>
        <TT>-0.34400608191101989</TT>
        <CFMAX>0.60898020490453431</CFMAX>
        <SP>0.26646207434439823</SP>
        <SFCF>1.0607988114948628</SFCF>
        <CFR>0.012474066110849547</CFR>
        <CWH>0.017110500283431709</CWH>
        <CFGlacier>0.17609451520077754</CFGlacier>
        <CFSlope>0.35703561821492436</CFSlope>
        <FC>403.94258886645923</FC>
        <LP>0.59649798309032664</LP>
        <BETA>4.3130563853884389</BETA>
      </SubCatchmentVegetationZoneParameters>
    </SubCatchmentVegetationZone>
  </SubCatchment>
</Catchment>