<?xml version="1.0" encoding="utf-8"?>
<Catchment xmlns:xsi="http://www.w3.org/2001/XMLSchema-instance" xmlns:xsd="http://www.w3.org/2001/XMLSchema">
  <CatchmentParameters>
    <KSI>0.0019484883169189405</KSI>
    <KGmin>0.14847731364647657</KGmin>
    <RangeKG>0.12504944928574877</RangeKG>
    <AG>0.00292166850785963</AG>
    <KInfiltration>0.54136117922923455</KInfiltration>
    <PERC>2.8771168819604132</PERC>
    <Alpha>0</Alpha>
    <UZL>61.202371568304109</UZL>
    <K0>0.45038067890898231</K0>
    <K1>0.072290965547119973</K1>
    <K2>0.0084660004726427231</K2>
    <MAXBAS>1.7450005582351507</MAXBAS>
    <Cet>0</Cet>
    <PCALT>10</PCALT>
    <TCALT>0.6</TCALT>
    <Pelev>3739</Pelev>
    <Telev>3307</Telev>
    <PART>0.5</PART>
    <DELAY>1</DELAY>
  </CatchmentParameters>
  <VegetationZone>
    <VegetationZoneParameters>
      <TT>0.57784097686382829</TT>
      <CFMAX>0.850282941020093</CFMAX>
      <SP>0.10317335872019952</SP>
      <SFCF>1.0549484489906928</SFCF>
      <CFR>4.6031369830656747E-06</CFR>
      <CWH>0.052353084718147196</CWH>
      <CFGlacier>0.74965154108161158</CFGlacier>
      <CFSlope>0.23980096509371895</CFSlope>
      <FC>267.79120071042541</FC>
      <LP>0.58938304869912228</LP>
      <BETA>1.3828365363879227</BETA>
    </VegetationZoneParameters>
  </VegetationZone>
  <SubCatchment>
    <SubCatchmentParameters>
      <KSI>0.0019484883169189405</KSI>
      <KGmin>0.14847731364647657</KGmin>
      <RangeKG>0.12504944928574877</RangeKG>
      <AG>0.00292166850785963</AG>
      <KInfiltration>0.54136117922923455</KInfiltration>
      <PERC>2.8771168819604132</PERC>
      <Alpha>0</Alpha>
      <UZL>61.202371568304109</UZL>
      <K0>0.45038067890898231</K0>
      <K1>0.072290965547119973</K1>
      <K2>0.0084660004726427231</K2>
      <MAXBAS>1.7450005582351507</MAXBAS>
      <Cet>0</Cet>
      <PCALT>10</PCALT>
      <TCALT>0.6</TCALT>
      <Pelev>3739</Pelev>
      <Telev>3307</Telev>
      <PART>0.5</PART>
      <DELAY>1</DELAY>
    </SubCatchmentParameters>
    <SubCatchmentVegetationZone>
      <SubCatchmentVegetationZoneParameters>
        <TT>0.57784097686382829</TT>
        <CFMAX>0.850282941020093</CFMAX>
        <SP>0.10317335872019952</SP>
        <SFCF>1.0549484489906928</SFCF>
        <CFR>4.6031369830656747E-06</CFR>
        <CWH>0.052353084718147196</CWH>
        <CFGlacier>0.74965154108161158</CFGlacier>
        <CFSlope>0.23980096509371895</CFSlope>
        <FC>267.79120071042541</FC>
        <LP>0.58938304869912228</LP>
        <BETA>1.3828365363879227</BETA>
      </SubCatchmentVegetationZoneParameters>
    </SubCatchmentVegetationZone>
  </SubCatchment>
</Catchment>