<?xml version="1.0" encoding="utf-8"?>
<Catchment xmlns:xsi="http://www.w3.org/2001/XMLSchema-instance" xmlns:xsd="http://www.w3.org/2001/XMLSchema">
  <CatchmentParameters>
    <KSI>0.0022479007137891395</KSI>
    <KGmin>0.12879354235946761</KGmin>
    <RangeKG>0.49993314551326995</RangeKG>
    <AG>0.021580528160830989</AG>
    <KInfiltration>0.53816846627703174</KInfiltration>
    <PERC>4.2886141662717439</PERC>
    <Alpha>0</Alpha>
    <UZL>51.029899419653461</UZL>
    <K0>0.78667729477744219</K0>
    <K1>0.10490139120736235</K1>
    <K2>0.0073863713852636952</K2>
    <MAXBAS>2.1080403885720767</MAXBAS>
    <Cet>0</Cet>
    <PCALT>10</PCALT>
    <TCALT>0.6</TCALT>
    <Pelev>3739</Pelev>
    <Telev>3307</Telev>
    <PART>0.5</PART>
    <DELAY>1</DELAY>
  </CatchmentParameters>
  <VegetationZone>
    <VegetationZoneParameters>
      <TT>-0.96001442745891219</TT>
      <CFMAX>2.21033760190378</CFMAX>
      <SP>0.037092814660707643</SP>
      <SFCF>1.0088318790474846</SFCF>
      <CFR>0.031121182704261962</CFR>
      <CWH>8.5160513796178974E-05</CWH>
      <CFGlacier>0.29507774686033289</CFGlacier>
      <CFSlope>0.92545540813024751</CFSlope>
      <FC>632.56951925536907</FC>
      <LP>0.39420422943332217</LP>
      <BETA>2.5798038155814296</BETA>
    </VegetationZoneParameters>
  </VegetationZone>
  <SubCatchment>
    <SubCatchmentParameters>
      <KSI>0.0022479007137891395</KSI>
      <KGmin>0.12879354235946761</KGmin>
      <RangeKG>0.49993314551326995</RangeKG>
      <AG>0.021580528160830989</AG>
      <KInfiltration>0.53816846627703174</KInfiltration>
      <PERC>4.2886141662717439</PERC>
      <Alpha>0</Alpha>
      <UZL>51.029899419653461</UZL>
      <K0>0.78667729477744219</K0>
      <K1>0.10490139120736235</K1>
      <K2>0.0073863713852636952</K2>
      <MAXBAS>2.1080403885720767</MAXBAS>
      <Cet>0</Cet>
      <PCALT>10</PCALT>
      <TCALT>0.6</TCALT>
      <Pelev>3739</Pelev>
      <Telev>3307</Telev>
      <PART>0.5</PART>
      <DELAY>1</DELAY>
    </SubCatchmentParameters>
    <SubCatchmentVegetationZone>
      <SubCatchmentVegetationZoneParameters>
        <TT>-0.96001442745891219</TT>
        <CFMAX>2.21033760190378</CFMAX>
        <SP>0.037092814660707643</SP>
        <SFCF>1.0088318790474846</SFCF>
        <CFR>0.031121182704261962</CFR>
        <CWH>8.5160513796178974E-05</CWH>
        <CFGlacier>0.29507774686033289</CFGlacier>
        <CFSlope>0.92545540813024751</CFSlope>
        <FC>632.56951925536907</FC>
        <LP>0.39420422943332217</LP>
        <BETA>2.5798038155814296</BETA>
      </SubCatchmentVegetationZoneParameters>
    </SubCatchmentVegetationZone>
  </SubCatchment>
</Catchment>