<?xml version="1.0" encoding="utf-8"?>
<Catchment xmlns:xsi="http://www.w3.org/2001/XMLSchema-instance" xmlns:xsd="http://www.w3.org/2001/XMLSchema">
  <CatchmentParameters>
    <KSI>0.0020554774134831063</KSI>
    <KGmin>0.10322946775775603</KGmin>
    <RangeKG>0.2110252989277765</RangeKG>
    <AG>0.011170531723315494</AG>
    <KInfiltration>0.24174501759508438</KInfiltration>
    <PERC>2.2614993881169534</PERC>
    <Alpha>0</Alpha>
    <UZL>33.994166230534113</UZL>
    <K0>0.4582843934816378</K0>
    <K1>0.14763742705042027</K1>
    <K2>0.0071111839250675539</K2>
    <MAXBAS>1.8203133151965267</MAXBAS>
    <Cet>0</Cet>
    <PCALT>10</PCALT>
    <TCALT>0.6</TCALT>
    <Pelev>3739</Pelev>
    <Telev>3307</Telev>
    <PART>0.5</PART>
    <DELAY>1</DELAY>
  </CatchmentParameters>
  <VegetationZone>
    <VegetationZoneParameters>
      <TT>0.26096710098590364</TT>
      <CFMAX>1.0005971918631795</CFMAX>
      <SP>-0.16053362065539686</SP>
      <SFCF>1.0259176866805624</SFCF>
      <CFR>0.074154051737314486</CFR>
      <CWH>0.010984659323652522</CWH>
      <CFGlacier>0.74771901712376343</CFGlacier>
      <CFSlope>0.27557728492336669</CFSlope>
      <FC>419.865584804843</FC>
      <LP>0.67051395013261372</LP>
      <BETA>2.1985935706610964</BETA>
    </VegetationZoneParameters>
  </VegetationZone>
  <SubCatchment>
    <SubCatchmentParameters>
      <KSI>0.0020554774134831063</KSI>
      <KGmin>0.10322946775775603</KGmin>
      <RangeKG>0.2110252989277765</RangeKG>
      <AG>0.011170531723315494</AG>
      <KInfiltration>0.24174501759508438</KInfiltration>
      <PERC>2.2614993881169534</PERC>
      <Alpha>0</Alpha>
      <UZL>33.994166230534113</UZL>
      <K0>0.4582843934816378</K0>
      <K1>0.14763742705042027</K1>
      <K2>0.0071111839250675539</K2>
      <MAXBAS>1.8203133151965267</MAXBAS>
      <Cet>0</Cet>
      <PCALT>10</PCALT>
      <TCALT>0.6</TCALT>
      <Pelev>3739</Pelev>
      <Telev>3307</Telev>
      <PART>0.5</PART>
      <DELAY>1</DELAY>
    </SubCatchmentParameters>
    <SubCatchmentVegetationZone>
      <SubCatchmentVegetationZoneParameters>
        <TT>0.26096710098590364</TT>
        <CFMAX>1.0005971918631795</CFMAX>
        <SP>-0.16053362065539686</SP>
        <SFCF>1.0259176866805624</SFCF>
        <CFR>0.074154051737314486</CFR>
        <CWH>0.010984659323652522</CWH>
        <CFGlacier>0.74771901712376343</CFGlacier>
        <CFSlope>0.27557728492336669</CFSlope>
        <FC>419.865584804843</FC>
        <LP>0.67051395013261372</LP>
        <BETA>2.1985935706610964</BETA>
      </SubCatchmentVegetationZoneParameters>
    </SubCatchmentVegetationZone>
  </SubCatchment>
</Catchment>