<?xml version="1.0" encoding="utf-8"?>
<Catchment xmlns:xsi="http://www.w3.org/2001/XMLSchema-instance" xmlns:xsd="http://www.w3.org/2001/XMLSchema">
  <CatchmentParameters>
    <KSI>0.0029999726234037445</KSI>
    <KGmin>0.010000000256623743</KGmin>
    <RangeKG>0.10351894834196972</RangeKG>
    <AG>0.62843508627949207</AG>
    <KInfiltration>0.24301246834845111</KInfiltration>
    <PERC>1.9443169175998436</PERC>
    <Alpha>0</Alpha>
    <UZL>45.554367568863228</UZL>
    <K0>0.74432761191741958</K0>
    <K1>0.12347033863475766</K1>
    <K2>0.00812707611538834</K2>
    <MAXBAS>1.7849617662881387</MAXBAS>
    <Cet>0</Cet>
    <PCALT>10</PCALT>
    <TCALT>0.6</TCALT>
    <Pelev>3739</Pelev>
    <Telev>3307</Telev>
    <PART>0.5</PART>
    <DELAY>1</DELAY>
  </CatchmentParameters>
  <VegetationZone>
    <VegetationZoneParameters>
      <TT>-0.15565235750736917</TT>
      <CFMAX>1.9782997800861357</CFMAX>
      <SP>-0.56712137568566656</SP>
      <SFCF>1.0389625304162837</SFCF>
      <CFR>0.050368415045842434</CFR>
      <CWH>0.039474354156486972</CWH>
      <CFGlacier>0.69556685019540387</CFGlacier>
      <CFSlope>0.282148998442047</CFSlope>
      <FC>641.16228388173022</FC>
      <LP>0.55766219075934453</LP>
      <BETA>4.9979992466550245</BETA>
    </VegetationZoneParameters>
  </VegetationZone>
  <SubCatchment>
    <SubCatchmentParameters>
      <KSI>0.0029999726234037445</KSI>
      <KGmin>0.010000000256623743</KGmin>
      <RangeKG>0.10351894834196972</RangeKG>
      <AG>0.62843508627949207</AG>
      <KInfiltration>0.24301246834845111</KInfiltration>
      <PERC>1.9443169175998436</PERC>
      <Alpha>0</Alpha>
      <UZL>45.554367568863228</UZL>
      <K0>0.74432761191741958</K0>
      <K1>0.12347033863475766</K1>
      <K2>0.00812707611538834</K2>
      <MAXBAS>1.7849617662881387</MAXBAS>
      <Cet>0</Cet>
      <PCALT>10</PCALT>
      <TCALT>0.6</TCALT>
      <Pelev>3739</Pelev>
      <Telev>3307</Telev>
      <PART>0.5</PART>
      <DELAY>1</DELAY>
    </SubCatchmentParameters>
    <SubCatchmentVegetationZone>
      <SubCatchmentVegetationZoneParameters>
        <TT>-0.15565235750736917</TT>
        <CFMAX>1.9782997800861357</CFMAX>
        <SP>-0.56712137568566656</SP>
        <SFCF>1.0389625304162837</SFCF>
        <CFR>0.050368415045842434</CFR>
        <CWH>0.039474354156486972</CWH>
        <CFGlacier>0.69556685019540387</CFGlacier>
        <CFSlope>0.282148998442047</CFSlope>
        <FC>641.16228388173022</FC>
        <LP>0.55766219075934453</LP>
        <BETA>4.9979992466550245</BETA>
      </SubCatchmentVegetationZoneParameters>
    </SubCatchmentVegetationZone>
  </SubCatchment>
</Catchment>