<?xml version="1.0" encoding="utf-8"?>
<Catchment xmlns:xsi="http://www.w3.org/2001/XMLSchema-instance" xmlns:xsd="http://www.w3.org/2001/XMLSchema">
  <CatchmentParameters>
    <KSI>0.0022864443415928112</KSI>
    <KGmin>0.016966448079849181</KGmin>
    <RangeKG>0.29119756916632056</RangeKG>
    <AG>0.016277443451584838</AG>
    <KInfiltration>0.58908233968687407</KInfiltration>
    <PERC>3.7421095197948118</PERC>
    <Alpha>0</Alpha>
    <UZL>52.466460015317871</UZL>
    <K0>0.91673884955198259</K0>
    <K1>0.08858115809245895</K1>
    <K2>0.0094442585268602348</K2>
    <MAXBAS>2.0749904487692805</MAXBAS>
    <Cet>0</Cet>
    <PCALT>10</PCALT>
    <TCALT>0.6</TCALT>
    <Pelev>3739</Pelev>
    <Telev>3307</Telev>
    <PART>0.5</PART>
    <DELAY>1</DELAY>
  </CatchmentParameters>
  <VegetationZone>
    <VegetationZoneParameters>
      <TT>-1.1737130215347034</TT>
      <CFMAX>3.1982524371957153</CFMAX>
      <SP>-0.31889367478329306</SP>
      <SFCF>1.0041522810647006</SFCF>
      <CFR>0.077366685565092713</CFR>
      <CWH>0.012985108238448187</CWH>
      <CFGlacier>0.4892056868846863</CFGlacier>
      <CFSlope>0.7113201387974426</CFSlope>
      <FC>690.383486912009</FC>
      <LP>0.47466143035499475</LP>
      <BETA>2.229546786334303</BETA>
    </VegetationZoneParameters>
  </VegetationZone>
  <SubCatchment>
    <SubCatchmentParameters>
      <KSI>0.0022864443415928112</KSI>
      <KGmin>0.016966448079849181</KGmin>
      <RangeKG>0.29119756916632056</RangeKG>
      <AG>0.016277443451584838</AG>
      <KInfiltration>0.58908233968687407</KInfiltration>
      <PERC>3.7421095197948118</PERC>
      <Alpha>0</Alpha>
      <UZL>52.466460015317871</UZL>
      <K0>0.91673884955198259</K0>
      <K1>0.08858115809245895</K1>
      <K2>0.0094442585268602348</K2>
      <MAXBAS>2.0749904487692805</MAXBAS>
      <Cet>0</Cet>
      <PCALT>10</PCALT>
      <TCALT>0.6</TCALT>
      <Pelev>3739</Pelev>
      <Telev>3307</Telev>
      <PART>0.5</PART>
      <DELAY>1</DELAY>
    </SubCatchmentParameters>
    <SubCatchmentVegetationZone>
      <SubCatchmentVegetationZoneParameters>
        <TT>-1.1737130215347034</TT>
        <CFMAX>3.1982524371957153</CFMAX>
        <SP>-0.31889367478329306</SP>
        <SFCF>1.0041522810647006</SFCF>
        <CFR>0.077366685565092713</CFR>
        <CWH>0.012985108238448187</CWH>
        <CFGlacier>0.4892056868846863</CFGlacier>
        <CFSlope>0.7113201387974426</CFSlope>
        <FC>690.383486912009</FC>
        <LP>0.47466143035499475</LP>
        <BETA>2.229546786334303</BETA>
      </SubCatchmentVegetationZoneParameters>
    </SubCatchmentVegetationZone>
  </SubCatchment>
</Catchment>