<?xml version="1.0" encoding="utf-8"?>
<Catchment xmlns:xsi="http://www.w3.org/2001/XMLSchema-instance" xmlns:xsd="http://www.w3.org/2001/XMLSchema">
  <CatchmentParameters>
    <KSI>0.001945281213407803</KSI>
    <KGmin>0.12921340306353205</KGmin>
    <RangeKG>0.10007699259397274</RangeKG>
    <AG>3.8575168937544837E-08</AG>
    <KInfiltration>0.32452801341828919</KInfiltration>
    <PERC>2.163929966296295</PERC>
    <Alpha>0</Alpha>
    <UZL>65.601160000992536</UZL>
    <K0>0.55494295248689351</K0>
    <K1>0.083611367769156286</K1>
    <K2>0.0034959824196290333</K2>
    <MAXBAS>1.0001428414914046</MAXBAS>
    <Cet>0</Cet>
    <PCALT>10</PCALT>
    <TCALT>0.6</TCALT>
    <Pelev>3739</Pelev>
    <Telev>3307</Telev>
    <PART>0.5</PART>
    <DELAY>1</DELAY>
  </CatchmentParameters>
  <VegetationZone>
    <VegetationZoneParameters>
      <TT>0.76200300352401806</TT>
      <CFMAX>0.87219618920528819</CFMAX>
      <SP>-0.10972292750066649</SP>
      <SFCF>1.1642743963495927</SFCF>
      <CFR>0.021782155455025237</CFR>
      <CWH>0.067380476069553344</CWH>
      <CFGlacier>0.13794448098245149</CFGlacier>
      <CFSlope>0.24656536574498664</CFSlope>
      <FC>414.52737626270607</FC>
      <LP>0.748634785836117</LP>
      <BETA>1.7686102404840416</BETA>
    </VegetationZoneParameters>
  </VegetationZone>
  <SubCatchment>
    <SubCatchmentParameters>
      <KSI>0.001945281213407803</KSI>
      <KGmin>0.12921340306353205</KGmin>
      <RangeKG>0.10007699259397274</RangeKG>
      <AG>3.8575168937544837E-08</AG>
      <KInfiltration>0.32452801341828919</KInfiltration>
      <PERC>2.163929966296295</PERC>
      <Alpha>0</Alpha>
      <UZL>65.601160000992536</UZL>
      <K0>0.55494295248689351</K0>
      <K1>0.083611367769156286</K1>
      <K2>0.0034959824196290333</K2>
      <MAXBAS>1.0001428414914046</MAXBAS>
      <Cet>0</Cet>
      <PCALT>10</PCALT>
      <TCALT>0.6</TCALT>
      <Pelev>3739</Pelev>
      <Telev>3307</Telev>
      <PART>0.5</PART>
      <DELAY>1</DELAY>
    </SubCatchmentParameters>
    <SubCatchmentVegetationZone>
      <SubCatchmentVegetationZoneParameters>
        <TT>0.76200300352401806</TT>
        <CFMAX>0.87219618920528819</CFMAX>
        <SP>-0.10972292750066649</SP>
        <SFCF>1.1642743963495927</SFCF>
        <CFR>0.021782155455025237</CFR>
        <CWH>0.067380476069553344</CWH>
        <CFGlacier>0.13794448098245149</CFGlacier>
        <CFSlope>0.24656536574498664</CFSlope>
        <FC>414.52737626270607</FC>
        <LP>0.748634785836117</LP>
        <BETA>1.7686102404840416</BETA>
      </SubCatchmentVegetationZoneParameters>
    </SubCatchmentVegetationZone>
  </SubCatchment>
</Catchment>