<?xml version="1.0" encoding="utf-8"?>
<Catchment xmlns:xsi="http://www.w3.org/2001/XMLSchema-instance" xmlns:xsd="http://www.w3.org/2001/XMLSchema">
  <CatchmentParameters>
    <KSI>0.0010001341699159335</KSI>
    <KGmin>0.098747023091778241</KGmin>
    <RangeKG>0.10003050130742487</RangeKG>
    <AG>0.79914063064836616</AG>
    <KInfiltration>0.82814590384041775</KInfiltration>
    <PERC>2.620135368522496</PERC>
    <Alpha>0</Alpha>
    <UZL>50.235891102644253</UZL>
    <K0>0.45034372993741861</K0>
    <K1>0.084315390350969383</K1>
    <K2>0.010649133779009067</K2>
    <MAXBAS>1.7290414438677566</MAXBAS>
    <Cet>0</Cet>
    <PCALT>10</PCALT>
    <TCALT>0.6</TCALT>
    <Pelev>3739</Pelev>
    <Telev>3307</Telev>
    <PART>0.5</PART>
    <DELAY>1</DELAY>
  </CatchmentParameters>
  <VegetationZone>
    <VegetationZoneParameters>
      <TT>0.0336923867671378</TT>
      <CFMAX>1.0126821951108651</CFMAX>
      <SP>-0.23739284392598292</SP>
      <SFCF>1.0748558739885508</SFCF>
      <CFR>0.099999510252180318</CFR>
      <CWH>0.0018442038855058073</CWH>
      <CFGlacier>0.8320718629900723</CFGlacier>
      <CFSlope>0.24563177802932512</CFSlope>
      <FC>408.80264877197834</FC>
      <LP>0.69886132434214943</LP>
      <BETA>1.9451383709014585</BETA>
    </VegetationZoneParameters>
  </VegetationZone>
  <SubCatchment>
    <SubCatchmentParameters>
      <KSI>0.0010001341699159335</KSI>
      <KGmin>0.098747023091778241</KGmin>
      <RangeKG>0.10003050130742487</RangeKG>
      <AG>0.79914063064836616</AG>
      <KInfiltration>0.82814590384041775</KInfiltration>
      <PERC>2.620135368522496</PERC>
      <Alpha>0</Alpha>
      <UZL>50.235891102644253</UZL>
      <K0>0.45034372993741861</K0>
      <K1>0.084315390350969383</K1>
      <K2>0.010649133779009067</K2>
      <MAXBAS>1.7290414438677566</MAXBAS>
      <Cet>0</Cet>
      <PCALT>10</PCALT>
      <TCALT>0.6</TCALT>
      <Pelev>3739</Pelev>
      <Telev>3307</Telev>
      <PART>0.5</PART>
      <DELAY>1</DELAY>
    </SubCatchmentParameters>
    <SubCatchmentVegetationZone>
      <SubCatchmentVegetationZoneParameters>
        <TT>0.0336923867671378</TT>
        <CFMAX>1.0126821951108651</CFMAX>
        <SP>-0.23739284392598292</SP>
        <SFCF>1.0748558739885508</SFCF>
        <CFR>0.099999510252180318</CFR>
        <CWH>0.0018442038855058073</CWH>
        <CFGlacier>0.8320718629900723</CFGlacier>
        <CFSlope>0.24563177802932512</CFSlope>
        <FC>408.80264877197834</FC>
        <LP>0.69886132434214943</LP>
        <BETA>1.9451383709014585</BETA>
      </SubCatchmentVegetationZoneParameters>
    </SubCatchmentVegetationZone>
  </SubCatchment>
</Catchment>