<?xml version="1.0" encoding="utf-8"?>
<Catchment xmlns:xsi="http://www.w3.org/2001/XMLSchema-instance" xmlns:xsd="http://www.w3.org/2001/XMLSchema">
  <CatchmentParameters>
    <KSI>0.0027115376336099596</KSI>
    <KGmin>0.14478485711448003</KGmin>
    <RangeKG>0.10030620500985904</RangeKG>
    <AG>0.001055239377057815</AG>
    <KInfiltration>0.65918726533634764</KInfiltration>
    <PERC>3.7517289209997529</PERC>
    <Alpha>0</Alpha>
    <UZL>39.632345720267729</UZL>
    <K0>0.69908261559134766</K0>
    <K1>0.12840197076166329</K1>
    <K2>0.00792242302060621</K2>
    <MAXBAS>1.9979267050597445</MAXBAS>
    <Cet>0</Cet>
    <PCALT>10</PCALT>
    <TCALT>0.6</TCALT>
    <Pelev>3739</Pelev>
    <Telev>3307</Telev>
    <PART>0.5</PART>
    <DELAY>1</DELAY>
  </CatchmentParameters>
  <VegetationZone>
    <VegetationZoneParameters>
      <TT>-1.8735362130163344</TT>
      <CFMAX>2.7596778448178716</CFMAX>
      <SP>-0.43611928875527228</SP>
      <SFCF>1.0126048090781608</SFCF>
      <CFR>0.054034743854343148</CFR>
      <CWH>0.04870006804960976</CWH>
      <CFGlacier>0.35155217951542378</CFGlacier>
      <CFSlope>0.87196029546537857</CFSlope>
      <FC>680.81638185880558</FC>
      <LP>0.41054909682609025</LP>
      <BETA>3.3779425761929165</BETA>
    </VegetationZoneParameters>
  </VegetationZone>
  <SubCatchment>
    <SubCatchmentParameters>
      <KSI>0.0027115376336099596</KSI>
      <KGmin>0.14478485711448003</KGmin>
      <RangeKG>0.10030620500985904</RangeKG>
      <AG>0.001055239377057815</AG>
      <KInfiltration>0.65918726533634764</KInfiltration>
      <PERC>3.7517289209997529</PERC>
      <Alpha>0</Alpha>
      <UZL>39.632345720267729</UZL>
      <K0>0.69908261559134766</K0>
      <K1>0.12840197076166329</K1>
      <K2>0.00792242302060621</K2>
      <MAXBAS>1.9979267050597445</MAXBAS>
      <Cet>0</Cet>
      <PCALT>10</PCALT>
      <TCALT>0.6</TCALT>
      <Pelev>3739</Pelev>
      <Telev>3307</Telev>
      <PART>0.5</PART>
      <DELAY>1</DELAY>
    </SubCatchmentParameters>
    <SubCatchmentVegetationZone>
      <SubCatchmentVegetationZoneParameters>
        <TT>-1.8735362130163344</TT>
        <CFMAX>2.7596778448178716</CFMAX>
        <SP>-0.43611928875527228</SP>
        <SFCF>1.0126048090781608</SFCF>
        <CFR>0.054034743854343148</CFR>
        <CWH>0.04870006804960976</CWH>
        <CFGlacier>0.35155217951542378</CFGlacier>
        <CFSlope>0.87196029546537857</CFSlope>
        <FC>680.81638185880558</FC>
        <LP>0.41054909682609025</LP>
        <BETA>3.3779425761929165</BETA>
      </SubCatchmentVegetationZoneParameters>
    </SubCatchmentVegetationZone>
  </SubCatchment>
</Catchment>