<?xml version="1.0" encoding="utf-8"?>
<Catchment xmlns:xsi="http://www.w3.org/2001/XMLSchema-instance" xmlns:xsd="http://www.w3.org/2001/XMLSchema">
  <CatchmentParameters>
    <KSI>0.0019990593668960371</KSI>
    <KGmin>0.081164420150279346</KGmin>
    <RangeKG>0.10000462622555181</RangeKG>
    <AG>0.021007854447109175</AG>
    <KInfiltration>0.15359964706440463</KInfiltration>
    <PERC>2.1989873023944368</PERC>
    <Alpha>0</Alpha>
    <UZL>39.044119618941906</UZL>
    <K0>0.38890247517406012</K0>
    <K1>0.16675572572132949</K1>
    <K2>0.0053713527723372656</K2>
    <MAXBAS>1.6348999667777755</MAXBAS>
    <Cet>0</Cet>
    <PCALT>10</PCALT>
    <TCALT>0.6</TCALT>
    <Pelev>3739</Pelev>
    <Telev>3307</Telev>
    <PART>0.5</PART>
    <DELAY>1</DELAY>
  </CatchmentParameters>
  <VegetationZone>
    <VegetationZoneParameters>
      <TT>1.0833358862133997</TT>
      <CFMAX>1.55018350293774</CFMAX>
      <SP>-0.12973527961366635</SP>
      <SFCF>1.0250972098038989</SFCF>
      <CFR>0.071372962874749632</CFR>
      <CWH>0.021801288299491021</CWH>
      <CFGlacier>0.61143236365463371</CFGlacier>
      <CFSlope>0.306583320698503</CFSlope>
      <FC>511.00239587796955</FC>
      <LP>0.4476476891278246</LP>
      <BETA>1.832786059102165</BETA>
    </VegetationZoneParameters>
  </VegetationZone>
  <SubCatchment>
    <SubCatchmentParameters>
      <KSI>0.0019990593668960371</KSI>
      <KGmin>0.081164420150279346</KGmin>
      <RangeKG>0.10000462622555181</RangeKG>
      <AG>0.021007854447109175</AG>
      <KInfiltration>0.15359964706440463</KInfiltration>
      <PERC>2.1989873023944368</PERC>
      <Alpha>0</Alpha>
      <UZL>39.044119618941906</UZL>
      <K0>0.38890247517406012</K0>
      <K1>0.16675572572132949</K1>
      <K2>0.0053713527723372656</K2>
      <MAXBAS>1.6348999667777755</MAXBAS>
      <Cet>0</Cet>
      <PCALT>10</PCALT>
      <TCALT>0.6</TCALT>
      <Pelev>3739</Pelev>
      <Telev>3307</Telev>
      <PART>0.5</PART>
      <DELAY>1</DELAY>
    </SubCatchmentParameters>
    <SubCatchmentVegetationZone>
      <SubCatchmentVegetationZoneParameters>
        <TT>1.0833358862133997</TT>
        <CFMAX>1.55018350293774</CFMAX>
        <SP>-0.12973527961366635</SP>
        <SFCF>1.0250972098038989</SFCF>
        <CFR>0.071372962874749632</CFR>
        <CWH>0.021801288299491021</CWH>
        <CFGlacier>0.61143236365463371</CFGlacier>
        <CFSlope>0.306583320698503</CFSlope>
        <FC>511.00239587796955</FC>
        <LP>0.4476476891278246</LP>
        <BETA>1.832786059102165</BETA>
      </SubCatchmentVegetationZoneParameters>
    </SubCatchmentVegetationZone>
  </SubCatchment>
</Catchment>