<?xml version="1.0" encoding="utf-8"?>
<Catchment xmlns:xsi="http://www.w3.org/2001/XMLSchema-instance" xmlns:xsd="http://www.w3.org/2001/XMLSchema">
  <CatchmentParameters>
    <KSI>0.0010000471273661534</KSI>
    <KGmin>0.010000000053034941</KGmin>
    <RangeKG>0.10001074869952091</RangeKG>
    <AG>0.19360742715510038</AG>
    <KInfiltration>0.31475912615915097</KInfiltration>
    <PERC>2.4684491685528216</PERC>
    <Alpha>0</Alpha>
    <UZL>34.743120081568911</UZL>
    <K0>0.37747407594391413</K0>
    <K1>0.12320398218290653</K1>
    <K2>0.009240480521391297</K2>
    <MAXBAS>1.5897689791693079</MAXBAS>
    <Cet>0</Cet>
    <PCALT>10</PCALT>
    <TCALT>0.6</TCALT>
    <Pelev>3739</Pelev>
    <Telev>3307</Telev>
    <PART>0.5</PART>
    <DELAY>1</DELAY>
  </CatchmentParameters>
  <VegetationZone>
    <VegetationZoneParameters>
      <TT>0.76431324721498539</TT>
      <CFMAX>2.3601106924097048</CFMAX>
      <SP>-0.63996540339372421</SP>
      <SFCF>1.1569663769727732</SFCF>
      <CFR>0.050016912823372721</CFR>
      <CWH>0.0129322806821141</CWH>
      <CFGlacier>0.75922731108161545</CFGlacier>
      <CFSlope>0.22354399913317821</CFSlope>
      <FC>668.95974710111943</FC>
      <LP>0.631089943904119</LP>
      <BETA>3.4126608352757022</BETA>
    </VegetationZoneParameters>
  </VegetationZone>
  <SubCatchment>
    <SubCatchmentParameters>
      <KSI>0.0010000471273661534</KSI>
      <KGmin>0.010000000053034941</KGmin>
      <RangeKG>0.10001074869952091</RangeKG>
      <AG>0.19360742715510038</AG>
      <KInfiltration>0.31475912615915097</KInfiltration>
      <PERC>2.4684491685528216</PERC>
      <Alpha>0</Alpha>
      <UZL>34.743120081568911</UZL>
      <K0>0.37747407594391413</K0>
      <K1>0.12320398218290653</K1>
      <K2>0.009240480521391297</K2>
      <MAXBAS>1.5897689791693079</MAXBAS>
      <Cet>0</Cet>
      <PCALT>10</PCALT>
      <TCALT>0.6</TCALT>
      <Pelev>3739</Pelev>
      <Telev>3307</Telev>
      <PART>0.5</PART>
      <DELAY>1</DELAY>
    </SubCatchmentParameters>
    <SubCatchmentVegetationZone>
      <SubCatchmentVegetationZoneParameters>
        <TT>0.76431324721498539</TT>
        <CFMAX>2.3601106924097048</CFMAX>
        <SP>-0.63996540339372421</SP>
        <SFCF>1.1569663769727732</SFCF>
        <CFR>0.050016912823372721</CFR>
        <CWH>0.0129322806821141</CWH>
        <CFGlacier>0.75922731108161545</CFGlacier>
        <CFSlope>0.22354399913317821</CFSlope>
        <FC>668.95974710111943</FC>
        <LP>0.631089943904119</LP>
        <BETA>3.4126608352757022</BETA>
      </SubCatchmentVegetationZoneParameters>
    </SubCatchmentVegetationZone>
  </SubCatchment>
</Catchment>