<?xml version="1.0" encoding="utf-8"?>
<Catchment xmlns:xsi="http://www.w3.org/2001/XMLSchema-instance" xmlns:xsd="http://www.w3.org/2001/XMLSchema">
  <CatchmentParameters>
    <KSI>0.0023708667394317408</KSI>
    <KGmin>0.11203447943206132</KGmin>
    <RangeKG>0.18258450224754241</RangeKG>
    <AG>0.32888634855810622</AG>
    <KInfiltration>0.20633681630579381</KInfiltration>
    <PERC>2.0876209392381528</PERC>
    <Alpha>0</Alpha>
    <UZL>73.963770054768588</UZL>
    <K0>0.33262055768421267</K0>
    <K1>0.16898907915186337</K1>
    <K2>0.0064680039411930592</K2>
    <MAXBAS>1.0849860602603616</MAXBAS>
    <Cet>0</Cet>
    <PCALT>10</PCALT>
    <TCALT>0.6</TCALT>
    <Pelev>3739</Pelev>
    <Telev>3307</Telev>
    <PART>0.5</PART>
    <DELAY>1</DELAY>
  </CatchmentParameters>
  <VegetationZone>
    <VegetationZoneParameters>
      <TT>0.62881884076224537</TT>
      <CFMAX>1.7301093669937084</CFMAX>
      <SP>-0.46556367796409</SP>
      <SFCF>1.159054328584312</SFCF>
      <CFR>0.032923172721939363</CFR>
      <CWH>0.074871855732609557</CWH>
      <CFGlacier>0.62303425549560054</CFGlacier>
      <CFSlope>0.2431853411562151</CFSlope>
      <FC>640.5907822590483</FC>
      <LP>0.6707210115072868</LP>
      <BETA>2.6141030747360965</BETA>
    </VegetationZoneParameters>
  </VegetationZone>
  <SubCatchment>
    <SubCatchmentParameters>
      <KSI>0.0023708667394317408</KSI>
      <KGmin>0.11203447943206132</KGmin>
      <RangeKG>0.18258450224754241</RangeKG>
      <AG>0.32888634855810622</AG>
      <KInfiltration>0.20633681630579381</KInfiltration>
      <PERC>2.0876209392381528</PERC>
      <Alpha>0</Alpha>
      <UZL>73.963770054768588</UZL>
      <K0>0.33262055768421267</K0>
      <K1>0.16898907915186337</K1>
      <K2>0.0064680039411930592</K2>
      <MAXBAS>1.0849860602603616</MAXBAS>
      <Cet>0</Cet>
      <PCALT>10</PCALT>
      <TCALT>0.6</TCALT>
      <Pelev>3739</Pelev>
      <Telev>3307</Telev>
      <PART>0.5</PART>
      <DELAY>1</DELAY>
    </SubCatchmentParameters>
    <SubCatchmentVegetationZone>
      <SubCatchmentVegetationZoneParameters>
        <TT>0.62881884076224537</TT>
        <CFMAX>1.7301093669937084</CFMAX>
        <SP>-0.46556367796409</SP>
        <SFCF>1.159054328584312</SFCF>
        <CFR>0.032923172721939363</CFR>
        <CWH>0.074871855732609557</CWH>
        <CFGlacier>0.62303425549560054</CFGlacier>
        <CFSlope>0.2431853411562151</CFSlope>
        <FC>640.5907822590483</FC>
        <LP>0.6707210115072868</LP>
        <BETA>2.6141030747360965</BETA>
      </SubCatchmentVegetationZoneParameters>
    </SubCatchmentVegetationZone>
  </SubCatchment>
</Catchment>