<?xml version="1.0" encoding="utf-8"?>
<Catchment xmlns:xsi="http://www.w3.org/2001/XMLSchema-instance" xmlns:xsd="http://www.w3.org/2001/XMLSchema">
  <CatchmentParameters>
    <KSI>0.0017478767556813703</KSI>
    <KGmin>0.15530408164083806</KGmin>
    <RangeKG>0.10000196598798591</RangeKG>
    <AG>0.99861867404643467</AG>
    <KInfiltration>0.75495777533125941</KInfiltration>
    <PERC>2.3638680986438434</PERC>
    <Alpha>0</Alpha>
    <UZL>58.061984335282631</UZL>
    <K0>0.14619832522563764</K0>
    <K1>0.21628053202856967</K1>
    <K2>0.008219572818314317</K2>
    <MAXBAS>1.1103763275468657</MAXBAS>
    <Cet>0</Cet>
    <PCALT>10</PCALT>
    <TCALT>0.6</TCALT>
    <Pelev>3739</Pelev>
    <Telev>3307</Telev>
    <PART>0.5</PART>
    <DELAY>1</DELAY>
  </CatchmentParameters>
  <VegetationZone>
    <VegetationZoneParameters>
      <TT>0.46814178741398343</TT>
      <CFMAX>1.2953232460688646</CFMAX>
      <SP>-0.431472004414024</SP>
      <SFCF>1.1689123467393587</SFCF>
      <CFR>0.040051553485955675</CFR>
      <CWH>0.0096306264972294987</CWH>
      <CFGlacier>0.033001310469765004</CFGlacier>
      <CFSlope>0.26773010240441125</CFSlope>
      <FC>385.8081509667669</FC>
      <LP>0.74399391532295089</LP>
      <BETA>3.35841618514165</BETA>
    </VegetationZoneParameters>
  </VegetationZone>
  <SubCatchment>
    <SubCatchmentParameters>
      <KSI>0.0017478767556813703</KSI>
      <KGmin>0.15530408164083806</KGmin>
      <RangeKG>0.10000196598798591</RangeKG>
      <AG>0.99861867404643467</AG>
      <KInfiltration>0.75495777533125941</KInfiltration>
      <PERC>2.3638680986438434</PERC>
      <Alpha>0</Alpha>
      <UZL>58.061984335282631</UZL>
      <K0>0.14619832522563764</K0>
      <K1>0.21628053202856967</K1>
      <K2>0.008219572818314317</K2>
      <MAXBAS>1.1103763275468657</MAXBAS>
      <Cet>0</Cet>
      <PCALT>10</PCALT>
      <TCALT>0.6</TCALT>
      <Pelev>3739</Pelev>
      <Telev>3307</Telev>
      <PART>0.5</PART>
      <DELAY>1</DELAY>
    </SubCatchmentParameters>
    <SubCatchmentVegetationZone>
      <SubCatchmentVegetationZoneParameters>
        <TT>0.46814178741398343</TT>
        <CFMAX>1.2953232460688646</CFMAX>
        <SP>-0.431472004414024</SP>
        <SFCF>1.1689123467393587</SFCF>
        <CFR>0.040051553485955675</CFR>
        <CWH>0.0096306264972294987</CWH>
        <CFGlacier>0.033001310469765004</CFGlacier>
        <CFSlope>0.26773010240441125</CFSlope>
        <FC>385.8081509667669</FC>
        <LP>0.74399391532295089</LP>
        <BETA>3.35841618514165</BETA>
      </SubCatchmentVegetationZoneParameters>
    </SubCatchmentVegetationZone>
  </SubCatchment>
</Catchment>