<?xml version="1.0" encoding="utf-8"?>
<Catchment xmlns:xsi="http://www.w3.org/2001/XMLSchema-instance" xmlns:xsd="http://www.w3.org/2001/XMLSchema">
  <CatchmentParameters>
    <KSI>0.0017760991159057142</KSI>
    <KGmin>0.14077449718530602</KGmin>
    <RangeKG>0.14865870963134059</RangeKG>
    <AG>0.17060188056856604</AG>
    <KInfiltration>0.40320746890001935</KInfiltration>
    <PERC>2.3790388781083753</PERC>
    <Alpha>0</Alpha>
    <UZL>52.746280196939161</UZL>
    <K0>0.49246330013881517</K0>
    <K1>0.10064969988770979</K1>
    <K2>0.0077705939363831951</K2>
    <MAXBAS>1.7977598489829973</MAXBAS>
    <Cet>0</Cet>
    <PCALT>10</PCALT>
    <TCALT>0.6</TCALT>
    <Pelev>3739</Pelev>
    <Telev>3307</Telev>
    <PART>0.5</PART>
    <DELAY>1</DELAY>
  </CatchmentParameters>
  <VegetationZone>
    <VegetationZoneParameters>
      <TT>0.09950019226278084</TT>
      <CFMAX>0.92847627722831749</CFMAX>
      <SP>-0.38167065120040355</SP>
      <SFCF>1.1639185231201394</SFCF>
      <CFR>0.01559713808438094</CFR>
      <CWH>0.029226593576126066</CWH>
      <CFGlacier>0.70777109768154378</CFGlacier>
      <CFSlope>0.19293283882134835</CFSlope>
      <FC>339.33380433380324</FC>
      <LP>0.61304877152714743</LP>
      <BETA>2.0880349240637868</BETA>
    </VegetationZoneParameters>
  </VegetationZone>
  <SubCatchment>
    <SubCatchmentParameters>
      <KSI>0.0017760991159057142</KSI>
      <KGmin>0.14077449718530602</KGmin>
      <RangeKG>0.14865870963134059</RangeKG>
      <AG>0.17060188056856604</AG>
      <KInfiltration>0.40320746890001935</KInfiltration>
      <PERC>2.3790388781083753</PERC>
      <Alpha>0</Alpha>
      <UZL>52.746280196939161</UZL>
      <K0>0.49246330013881517</K0>
      <K1>0.10064969988770979</K1>
      <K2>0.0077705939363831951</K2>
      <MAXBAS>1.7977598489829973</MAXBAS>
      <Cet>0</Cet>
      <PCALT>10</PCALT>
      <TCALT>0.6</TCALT>
      <Pelev>3739</Pelev>
      <Telev>3307</Telev>
      <PART>0.5</PART>
      <DELAY>1</DELAY>
    </SubCatchmentParameters>
    <SubCatchmentVegetationZone>
      <SubCatchmentVegetationZoneParameters>
        <TT>0.09950019226278084</TT>
        <CFMAX>0.92847627722831749</CFMAX>
        <SP>-0.38167065120040355</SP>
        <SFCF>1.1639185231201394</SFCF>
        <CFR>0.01559713808438094</CFR>
        <CWH>0.029226593576126066</CWH>
        <CFGlacier>0.70777109768154378</CFGlacier>
        <CFSlope>0.19293283882134835</CFSlope>
        <FC>339.33380433380324</FC>
        <LP>0.61304877152714743</LP>
        <BETA>2.0880349240637868</BETA>
      </SubCatchmentVegetationZoneParameters>
    </SubCatchmentVegetationZone>
  </SubCatchment>
</Catchment>