<?xml version="1.0" encoding="utf-8"?>
<Catchment xmlns:xsi="http://www.w3.org/2001/XMLSchema-instance" xmlns:xsd="http://www.w3.org/2001/XMLSchema">
  <CatchmentParameters>
    <KSI>0.0016924543218208576</KSI>
    <KGmin>0.11656771710431206</KGmin>
    <RangeKG>0.10076832425730174</RangeKG>
    <AG>0.0036169300091625674</AG>
    <KInfiltration>0.24442316314395668</KInfiltration>
    <PERC>2.0242497714623768</PERC>
    <Alpha>0</Alpha>
    <UZL>51.951215035327742</UZL>
    <K0>0.55271250265627325</K0>
    <K1>0.17350747011109288</K1>
    <K2>0.005595033511695862</K2>
    <MAXBAS>1.4650231991970102</MAXBAS>
    <Cet>0</Cet>
    <PCALT>10</PCALT>
    <TCALT>0.6</TCALT>
    <Pelev>3739</Pelev>
    <Telev>3307</Telev>
    <PART>0.5</PART>
    <DELAY>1</DELAY>
  </CatchmentParameters>
  <VegetationZone>
    <VegetationZoneParameters>
      <TT>0.38402254051848989</TT>
      <CFMAX>1.149331308551794</CFMAX>
      <SP>-0.072724626251920582</SP>
      <SFCF>1.0243924979193921</SFCF>
      <CFR>0.0053598975200572834</CFR>
      <CWH>0.073642227642538624</CWH>
      <CFGlacier>0.70473875644158146</CFGlacier>
      <CFSlope>0.31602755965583418</CFSlope>
      <FC>519.51115388183689</FC>
      <LP>0.47703895346573022</LP>
      <BETA>1.9637793140796944</BETA>
    </VegetationZoneParameters>
  </VegetationZone>
  <SubCatchment>
    <SubCatchmentParameters>
      <KSI>0.0016924543218208576</KSI>
      <KGmin>0.11656771710431206</KGmin>
      <RangeKG>0.10076832425730174</RangeKG>
      <AG>0.0036169300091625674</AG>
      <KInfiltration>0.24442316314395668</KInfiltration>
      <PERC>2.0242497714623768</PERC>
      <Alpha>0</Alpha>
      <UZL>51.951215035327742</UZL>
      <K0>0.55271250265627325</K0>
      <K1>0.17350747011109288</K1>
      <K2>0.005595033511695862</K2>
      <MAXBAS>1.4650231991970102</MAXBAS>
      <Cet>0</Cet>
      <PCALT>10</PCALT>
      <TCALT>0.6</TCALT>
      <Pelev>3739</Pelev>
      <Telev>3307</Telev>
      <PART>0.5</PART>
      <DELAY>1</DELAY>
    </SubCatchmentParameters>
    <SubCatchmentVegetationZone>
      <SubCatchmentVegetationZoneParameters>
        <TT>0.38402254051848989</TT>
        <CFMAX>1.149331308551794</CFMAX>
        <SP>-0.072724626251920582</SP>
        <SFCF>1.0243924979193921</SFCF>
        <CFR>0.0053598975200572834</CFR>
        <CWH>0.073642227642538624</CWH>
        <CFGlacier>0.70473875644158146</CFGlacier>
        <CFSlope>0.31602755965583418</CFSlope>
        <FC>519.51115388183689</FC>
        <LP>0.47703895346573022</LP>
        <BETA>1.9637793140796944</BETA>
      </SubCatchmentVegetationZoneParameters>
    </SubCatchmentVegetationZone>
  </SubCatchment>
</Catchment>