<?xml version="1.0" encoding="utf-8"?>
<Catchment xmlns:xsi="http://www.w3.org/2001/XMLSchema-instance" xmlns:xsd="http://www.w3.org/2001/XMLSchema">
  <CatchmentParameters>
    <KSI>0.0026611176959921872</KSI>
    <KGmin>0.19999188544153021</KGmin>
    <RangeKG>0.10000141524210805</RangeKG>
    <AG>0.99942034752825715</AG>
    <KInfiltration>0.61082955823577045</KInfiltration>
    <PERC>2.3000579374487651</PERC>
    <Alpha>0</Alpha>
    <UZL>45.5771897972653</UZL>
    <K0>0.62549450532554818</K0>
    <K1>0.080878843673336587</K1>
    <K2>0.0065756391933018713</K2>
    <MAXBAS>1.6750028381819262</MAXBAS>
    <Cet>0</Cet>
    <PCALT>10</PCALT>
    <TCALT>0.6</TCALT>
    <Pelev>3739</Pelev>
    <Telev>3307</Telev>
    <PART>0.5</PART>
    <DELAY>1</DELAY>
  </CatchmentParameters>
  <VegetationZone>
    <VegetationZoneParameters>
      <TT>-0.73808174234894963</TT>
      <CFMAX>0.6277737124906575</CFMAX>
      <SP>0.2464381149325561</SP>
      <SFCF>1.1582660303007453</SFCF>
      <CFR>7.0990590886788225E-08</CFR>
      <CWH>0.095284033512254909</CWH>
      <CFGlacier>0.08358454292472095</CFGlacier>
      <CFSlope>0.34560924429999784</CFSlope>
      <FC>380.161787446805</FC>
      <LP>0.6016288221483419</LP>
      <BETA>3.7572728078702982</BETA>
    </VegetationZoneParameters>
  </VegetationZone>
  <SubCatchment>
    <SubCatchmentParameters>
      <KSI>0.0026611176959921872</KSI>
      <KGmin>0.19999188544153021</KGmin>
      <RangeKG>0.10000141524210805</RangeKG>
      <AG>0.99942034752825715</AG>
      <KInfiltration>0.61082955823577045</KInfiltration>
      <PERC>2.3000579374487651</PERC>
      <Alpha>0</Alpha>
      <UZL>45.5771897972653</UZL>
      <K0>0.62549450532554818</K0>
      <K1>0.080878843673336587</K1>
      <K2>0.0065756391933018713</K2>
      <MAXBAS>1.6750028381819262</MAXBAS>
      <Cet>0</Cet>
      <PCALT>10</PCALT>
      <TCALT>0.6</TCALT>
      <Pelev>3739</Pelev>
      <Telev>3307</Telev>
      <PART>0.5</PART>
      <DELAY>1</DELAY>
    </SubCatchmentParameters>
    <SubCatchmentVegetationZone>
      <SubCatchmentVegetationZoneParameters>
        <TT>-0.73808174234894963</TT>
        <CFMAX>0.6277737124906575</CFMAX>
        <SP>0.2464381149325561</SP>
        <SFCF>1.1582660303007453</SFCF>
        <CFR>7.0990590886788225E-08</CFR>
        <CWH>0.095284033512254909</CWH>
        <CFGlacier>0.08358454292472095</CFGlacier>
        <CFSlope>0.34560924429999784</CFSlope>
        <FC>380.161787446805</FC>
        <LP>0.6016288221483419</LP>
        <BETA>3.7572728078702982</BETA>
      </SubCatchmentVegetationZoneParameters>
    </SubCatchmentVegetationZone>
  </SubCatchment>
</Catchment>