<?xml version="1.0" encoding="utf-8"?>
<Catchment xmlns:xsi="http://www.w3.org/2001/XMLSchema-instance" xmlns:xsd="http://www.w3.org/2001/XMLSchema">
  <CatchmentParameters>
    <KSI>0.001211547462982527</KSI>
    <KGmin>0.12431106308187842</KGmin>
    <RangeKG>0.11057990401755607</RangeKG>
    <AG>0.22308266610328451</AG>
    <KInfiltration>0.2716976902433651</KInfiltration>
    <PERC>2.1203695048594682</PERC>
    <Alpha>0</Alpha>
    <UZL>48.991733075038319</UZL>
    <K0>0.43425914185717684</K0>
    <K1>0.10898089977431139</K1>
    <K2>0.0064035056817258558</K2>
    <MAXBAS>1.6486350380015002</MAXBAS>
    <Cet>0</Cet>
    <PCALT>10</PCALT>
    <TCALT>0.6</TCALT>
    <Pelev>3739</Pelev>
    <Telev>3307</Telev>
    <PART>0.5</PART>
    <DELAY>1</DELAY>
  </CatchmentParameters>
  <VegetationZone>
    <VegetationZoneParameters>
      <TT>-0.44399708987646541</TT>
      <CFMAX>1.0046830069984276</CFMAX>
      <SP>-0.33209669558408084</SP>
      <SFCF>1.20266824566718</SFCF>
      <CFR>0.03059474009338254</CFR>
      <CWH>0.080558460557506414</CWH>
      <CFGlacier>0.68781405466360157</CFGlacier>
      <CFSlope>0.23429803123769386</CFSlope>
      <FC>421.502942683577</FC>
      <LP>0.46212535719175557</LP>
      <BETA>1.9830545638428694</BETA>
    </VegetationZoneParameters>
  </VegetationZone>
  <SubCatchment>
    <SubCatchmentParameters>
      <KSI>0.001211547462982527</KSI>
      <KGmin>0.12431106308187842</KGmin>
      <RangeKG>0.11057990401755607</RangeKG>
      <AG>0.22308266610328451</AG>
      <KInfiltration>0.2716976902433651</KInfiltration>
      <PERC>2.1203695048594682</PERC>
      <Alpha>0</Alpha>
      <UZL>48.991733075038319</UZL>
      <K0>0.43425914185717684</K0>
      <K1>0.10898089977431139</K1>
      <K2>0.0064035056817258558</K2>
      <MAXBAS>1.6486350380015002</MAXBAS>
      <Cet>0</Cet>
      <PCALT>10</PCALT>
      <TCALT>0.6</TCALT>
      <Pelev>3739</Pelev>
      <Telev>3307</Telev>
      <PART>0.5</PART>
      <DELAY>1</DELAY>
    </SubCatchmentParameters>
    <SubCatchmentVegetationZone>
      <SubCatchmentVegetationZoneParameters>
        <TT>-0.44399708987646541</TT>
        <CFMAX>1.0046830069984276</CFMAX>
        <SP>-0.33209669558408084</SP>
        <SFCF>1.20266824566718</SFCF>
        <CFR>0.03059474009338254</CFR>
        <CWH>0.080558460557506414</CWH>
        <CFGlacier>0.68781405466360157</CFGlacier>
        <CFSlope>0.23429803123769386</CFSlope>
        <FC>421.502942683577</FC>
        <LP>0.46212535719175557</LP>
        <BETA>1.9830545638428694</BETA>
      </SubCatchmentVegetationZoneParameters>
    </SubCatchmentVegetationZone>
  </SubCatchment>
</Catchment>