<?xml version="1.0" encoding="utf-8"?>
<Catchment xmlns:xsi="http://www.w3.org/2001/XMLSchema-instance" xmlns:xsd="http://www.w3.org/2001/XMLSchema">
  <CatchmentParameters>
    <KSI>0.001259144712275653</KSI>
    <KGmin>0.010001351447849942</KGmin>
    <RangeKG>0.17099407123287858</RangeKG>
    <AG>0.86699355535795231</AG>
    <KInfiltration>0.524065987855532</KInfiltration>
    <PERC>3.8711020466091814</PERC>
    <Alpha>0</Alpha>
    <UZL>74.560185603782884</UZL>
    <K0>0.34991719663831666</K0>
    <K1>0.055708511725021878</K1>
    <K2>0.0084098965986445021</K2>
    <MAXBAS>1.0001050905761757</MAXBAS>
    <Cet>0</Cet>
    <PCALT>10</PCALT>
    <TCALT>0.6</TCALT>
    <Pelev>3739</Pelev>
    <Telev>3307</Telev>
    <PART>0.5</PART>
    <DELAY>1</DELAY>
  </CatchmentParameters>
  <VegetationZone>
    <VegetationZoneParameters>
      <TT>-1.8353879680249161</TT>
      <CFMAX>2.3930920343449897</CFMAX>
      <SP>-0.21005561763663694</SP>
      <SFCF>1.0289168975285992</SFCF>
      <CFR>0.024875531694760998</CFR>
      <CWH>0.010093614493010623</CWH>
      <CFGlacier>0.801951710948008</CFGlacier>
      <CFSlope>0.94517089710570634</CFSlope>
      <FC>667.223268422583</FC>
      <LP>0.37735169296105631</LP>
      <BETA>3.3782626878150928</BETA>
    </VegetationZoneParameters>
  </VegetationZone>
  <SubCatchment>
    <SubCatchmentParameters>
      <KSI>0.001259144712275653</KSI>
      <KGmin>0.010001351447849942</KGmin>
      <RangeKG>0.17099407123287858</RangeKG>
      <AG>0.86699355535795231</AG>
      <KInfiltration>0.524065987855532</KInfiltration>
      <PERC>3.8711020466091814</PERC>
      <Alpha>0</Alpha>
      <UZL>74.560185603782884</UZL>
      <K0>0.34991719663831666</K0>
      <K1>0.055708511725021878</K1>
      <K2>0.0084098965986445021</K2>
      <MAXBAS>1.0001050905761757</MAXBAS>
      <Cet>0</Cet>
      <PCALT>10</PCALT>
      <TCALT>0.6</TCALT>
      <Pelev>3739</Pelev>
      <Telev>3307</Telev>
      <PART>0.5</PART>
      <DELAY>1</DELAY>
    </SubCatchmentParameters>
    <SubCatchmentVegetationZone>
      <SubCatchmentVegetationZoneParameters>
        <TT>-1.8353879680249161</TT>
        <CFMAX>2.3930920343449897</CFMAX>
        <SP>-0.21005561763663694</SP>
        <SFCF>1.0289168975285992</SFCF>
        <CFR>0.024875531694760998</CFR>
        <CWH>0.010093614493010623</CWH>
        <CFGlacier>0.801951710948008</CFGlacier>
        <CFSlope>0.94517089710570634</CFSlope>
        <FC>667.223268422583</FC>
        <LP>0.37735169296105631</LP>
        <BETA>3.3782626878150928</BETA>
      </SubCatchmentVegetationZoneParameters>
    </SubCatchmentVegetationZone>
  </SubCatchment>
</Catchment>