<?xml version="1.0" encoding="utf-8"?>
<Catchment xmlns:xsi="http://www.w3.org/2001/XMLSchema-instance" xmlns:xsd="http://www.w3.org/2001/XMLSchema">
  <CatchmentParameters>
    <KSI>0.0010239512062360048</KSI>
    <KGmin>0.013500295874945917</KGmin>
    <RangeKG>0.10002139648336716</RangeKG>
    <AG>0.91852264947583162</AG>
    <KInfiltration>0.58121650118373069</KInfiltration>
    <PERC>2.9447412673879731</PERC>
    <Alpha>0</Alpha>
    <UZL>35.406742979419334</UZL>
    <K0>0.21568517763163514</K0>
    <K1>0.13243254448927794</K1>
    <K2>0.010367781829192256</K2>
    <MAXBAS>1.4612585612178968</MAXBAS>
    <Cet>0</Cet>
    <PCALT>10</PCALT>
    <TCALT>0.6</TCALT>
    <Pelev>3739</Pelev>
    <Telev>3307</Telev>
    <PART>0.5</PART>
    <DELAY>1</DELAY>
  </CatchmentParameters>
  <VegetationZone>
    <VegetationZoneParameters>
      <TT>0.93990264103176169</TT>
      <CFMAX>1.5187601256425451</CFMAX>
      <SP>-0.56105893169851739</SP>
      <SFCF>1.2218561435921558</SFCF>
      <CFR>0.024752180881710391</CFR>
      <CWH>0.0029363843668665109</CWH>
      <CFGlacier>0.86747919375006421</CFGlacier>
      <CFSlope>0.17928621839275902</CFSlope>
      <FC>536.62714854373564</FC>
      <LP>0.7024915839560778</LP>
      <BETA>2.7791650210438119</BETA>
    </VegetationZoneParameters>
  </VegetationZone>
  <SubCatchment>
    <SubCatchmentParameters>
      <KSI>0.0010239512062360048</KSI>
      <KGmin>0.013500295874945917</KGmin>
      <RangeKG>0.10002139648336716</RangeKG>
      <AG>0.91852264947583162</AG>
      <KInfiltration>0.58121650118373069</KInfiltration>
      <PERC>2.9447412673879731</PERC>
      <Alpha>0</Alpha>
      <UZL>35.406742979419334</UZL>
      <K0>0.21568517763163514</K0>
      <K1>0.13243254448927794</K1>
      <K2>0.010367781829192256</K2>
      <MAXBAS>1.4612585612178968</MAXBAS>
      <Cet>0</Cet>
      <PCALT>10</PCALT>
      <TCALT>0.6</TCALT>
      <Pelev>3739</Pelev>
      <Telev>3307</Telev>
      <PART>0.5</PART>
      <DELAY>1</DELAY>
    </SubCatchmentParameters>
    <SubCatchmentVegetationZone>
      <SubCatchmentVegetationZoneParameters>
        <TT>0.93990264103176169</TT>
        <CFMAX>1.5187601256425451</CFMAX>
        <SP>-0.56105893169851739</SP>
        <SFCF>1.2218561435921558</SFCF>
        <CFR>0.024752180881710391</CFR>
        <CWH>0.0029363843668665109</CWH>
        <CFGlacier>0.86747919375006421</CFGlacier>
        <CFSlope>0.17928621839275902</CFSlope>
        <FC>536.62714854373564</FC>
        <LP>0.7024915839560778</LP>
        <BETA>2.7791650210438119</BETA>
      </SubCatchmentVegetationZoneParameters>
    </SubCatchmentVegetationZone>
  </SubCatchment>
</Catchment>