<?xml version="1.0" encoding="utf-8"?>
<Catchment xmlns:xsi="http://www.w3.org/2001/XMLSchema-instance" xmlns:xsd="http://www.w3.org/2001/XMLSchema">
  <CatchmentParameters>
    <KSI>0.001111463146560816</KSI>
    <KGmin>0.010000108657553433</KGmin>
    <RangeKG>0.19421751167863202</RangeKG>
    <AG>0.010763029805917394</AG>
    <KInfiltration>0.52028900389654409</KInfiltration>
    <PERC>2.3632550076006429</PERC>
    <Alpha>0</Alpha>
    <UZL>44.970610868553315</UZL>
    <K0>0.348079206135088</K0>
    <K1>0.12501780937404319</K1>
    <K2>0.0073734254414530818</K2>
    <MAXBAS>1.4393780689918692</MAXBAS>
    <Cet>0</Cet>
    <PCALT>10</PCALT>
    <TCALT>0.6</TCALT>
    <Pelev>3739</Pelev>
    <Telev>3307</Telev>
    <PART>0.5</PART>
    <DELAY>1</DELAY>
  </CatchmentParameters>
  <VegetationZone>
    <VegetationZoneParameters>
      <TT>1.0620021406222446</TT>
      <CFMAX>1.6897591624574457</CFMAX>
      <SP>-0.4185636637436112</SP>
      <SFCF>1.0795400668664734</SFCF>
      <CFR>0.0035841301506362587</CFR>
      <CWH>0.097802735055964068</CWH>
      <CFGlacier>0.60192234455015514</CFGlacier>
      <CFSlope>0.23791878617573417</CFSlope>
      <FC>353.3882220555671</FC>
      <LP>0.71400375334817345</LP>
      <BETA>1.6429170096938974</BETA>
    </VegetationZoneParameters>
  </VegetationZone>
  <SubCatchment>
    <SubCatchmentParameters>
      <KSI>0.001111463146560816</KSI>
      <KGmin>0.010000108657553433</KGmin>
      <RangeKG>0.19421751167863202</RangeKG>
      <AG>0.010763029805917394</AG>
      <KInfiltration>0.52028900389654409</KInfiltration>
      <PERC>2.3632550076006429</PERC>
      <Alpha>0</Alpha>
      <UZL>44.970610868553315</UZL>
      <K0>0.348079206135088</K0>
      <K1>0.12501780937404319</K1>
      <K2>0.0073734254414530818</K2>
      <MAXBAS>1.4393780689918692</MAXBAS>
      <Cet>0</Cet>
      <PCALT>10</PCALT>
      <TCALT>0.6</TCALT>
      <Pelev>3739</Pelev>
      <Telev>3307</Telev>
      <PART>0.5</PART>
      <DELAY>1</DELAY>
    </SubCatchmentParameters>
    <SubCatchmentVegetationZone>
      <SubCatchmentVegetationZoneParameters>
        <TT>1.0620021406222446</TT>
        <CFMAX>1.6897591624574457</CFMAX>
        <SP>-0.4185636637436112</SP>
        <SFCF>1.0795400668664734</SFCF>
        <CFR>0.0035841301506362587</CFR>
        <CWH>0.097802735055964068</CWH>
        <CFGlacier>0.60192234455015514</CFGlacier>
        <CFSlope>0.23791878617573417</CFSlope>
        <FC>353.3882220555671</FC>
        <LP>0.71400375334817345</LP>
        <BETA>1.6429170096938974</BETA>
      </SubCatchmentVegetationZoneParameters>
    </SubCatchmentVegetationZone>
  </SubCatchment>
</Catchment>