<?xml version="1.0" encoding="utf-8"?>
<Catchment xmlns:xsi="http://www.w3.org/2001/XMLSchema-instance" xmlns:xsd="http://www.w3.org/2001/XMLSchema">
  <CatchmentParameters>
    <KSI>0.0023603569086872219</KSI>
    <KGmin>0.19999834893270344</KGmin>
    <RangeKG>0.10000033225765863</RangeKG>
    <AG>0.00579996336276839</AG>
    <KInfiltration>0.62726868560003612</KInfiltration>
    <PERC>4.0486448634927656</PERC>
    <Alpha>0</Alpha>
    <UZL>21.443363273541831</UZL>
    <K0>0.967525951369594</K0>
    <K1>0.16032229550302102</K1>
    <K2>0.0071955119079635472</K2>
    <MAXBAS>1.9675436719840267</MAXBAS>
    <Cet>0</Cet>
    <PCALT>10</PCALT>
    <TCALT>0.6</TCALT>
    <Pelev>3739</Pelev>
    <Telev>3307</Telev>
    <PART>0.5</PART>
    <DELAY>1</DELAY>
  </CatchmentParameters>
  <VegetationZone>
    <VegetationZoneParameters>
      <TT>-0.96867029271390614</TT>
      <CFMAX>2.3884004094222888</CFMAX>
      <SP>-0.34019226806569253</SP>
      <SFCF>1.0985715071272688</SFCF>
      <CFR>0.010671926244595776</CFR>
      <CWH>0.061420482487108775</CWH>
      <CFGlacier>0.012232307491321282</CFGlacier>
      <CFSlope>0.84594727839898332</CFSlope>
      <FC>651.43947172206458</FC>
      <LP>0.61561593171256379</LP>
      <BETA>2.7325497716224425</BETA>
    </VegetationZoneParameters>
  </VegetationZone>
  <SubCatchment>
    <SubCatchmentParameters>
      <KSI>0.0023603569086872219</KSI>
      <KGmin>0.19999834893270344</KGmin>
      <RangeKG>0.10000033225765863</RangeKG>
      <AG>0.00579996336276839</AG>
      <KInfiltration>0.62726868560003612</KInfiltration>
      <PERC>4.0486448634927656</PERC>
      <Alpha>0</Alpha>
      <UZL>21.443363273541831</UZL>
      <K0>0.967525951369594</K0>
      <K1>0.16032229550302102</K1>
      <K2>0.0071955119079635472</K2>
      <MAXBAS>1.9675436719840267</MAXBAS>
      <Cet>0</Cet>
      <PCALT>10</PCALT>
      <TCALT>0.6</TCALT>
      <Pelev>3739</Pelev>
      <Telev>3307</Telev>
      <PART>0.5</PART>
      <DELAY>1</DELAY>
    </SubCatchmentParameters>
    <SubCatchmentVegetationZone>
      <SubCatchmentVegetationZoneParameters>
        <TT>-0.96867029271390614</TT>
        <CFMAX>2.3884004094222888</CFMAX>
        <SP>-0.34019226806569253</SP>
        <SFCF>1.0985715071272688</SFCF>
        <CFR>0.010671926244595776</CFR>
        <CWH>0.061420482487108775</CWH>
        <CFGlacier>0.012232307491321282</CFGlacier>
        <CFSlope>0.84594727839898332</CFSlope>
        <FC>651.43947172206458</FC>
        <LP>0.61561593171256379</LP>
        <BETA>2.7325497716224425</BETA>
      </SubCatchmentVegetationZoneParameters>
    </SubCatchmentVegetationZone>
  </SubCatchment>
</Catchment>