<?xml version="1.0" encoding="utf-8"?>
<Catchment xmlns:xsi="http://www.w3.org/2001/XMLSchema-instance" xmlns:xsd="http://www.w3.org/2001/XMLSchema">
  <CatchmentParameters>
    <KSI>0.002432013462362752</KSI>
    <KGmin>0.16083992108483025</KGmin>
    <RangeKG>0.10021558958952756</RangeKG>
    <AG>0.0024062980367602345</AG>
    <KInfiltration>0.48855844576035234</KInfiltration>
    <PERC>2.0946157338427156</PERC>
    <Alpha>0</Alpha>
    <UZL>76.672023388215507</UZL>
    <K0>0.79450708278716176</K0>
    <K1>0.068360121351779726</K1>
    <K2>0.0078688917596431186</K2>
    <MAXBAS>2.2189299875033393</MAXBAS>
    <Cet>0</Cet>
    <PCALT>10</PCALT>
    <TCALT>0.6</TCALT>
    <Pelev>3739</Pelev>
    <Telev>3307</Telev>
    <PART>0.5</PART>
    <DELAY>1</DELAY>
  </CatchmentParameters>
  <VegetationZone>
    <VegetationZoneParameters>
      <TT>-1.5180947055023462</TT>
      <CFMAX>0.7153209570904816</CFMAX>
      <SP>0.094784168328688148</SP>
      <SFCF>1.0823606210392205</SFCF>
      <CFR>0.083843154800435041</CFR>
      <CWH>0.064164284428488788</CWH>
      <CFGlacier>0.71468301150420022</CFGlacier>
      <CFSlope>0.28547443279886864</CFSlope>
      <FC>631.40584893965456</FC>
      <LP>0.55584040221323794</LP>
      <BETA>4.6377419474260018</BETA>
    </VegetationZoneParameters>
  </VegetationZone>
  <SubCatchment>
    <SubCatchmentParameters>
      <KSI>0.002432013462362752</KSI>
      <KGmin>0.16083992108483025</KGmin>
      <RangeKG>0.10021558958952756</RangeKG>
      <AG>0.0024062980367602345</AG>
      <KInfiltration>0.48855844576035234</KInfiltration>
      <PERC>2.0946157338427156</PERC>
      <Alpha>0</Alpha>
      <UZL>76.672023388215507</UZL>
      <K0>0.79450708278716176</K0>
      <K1>0.068360121351779726</K1>
      <K2>0.0078688917596431186</K2>
      <MAXBAS>2.2189299875033393</MAXBAS>
      <Cet>0</Cet>
      <PCALT>10</PCALT>
      <TCALT>0.6</TCALT>
      <Pelev>3739</Pelev>
      <Telev>3307</Telev>
      <PART>0.5</PART>
      <DELAY>1</DELAY>
    </SubCatchmentParameters>
    <SubCatchmentVegetationZone>
      <SubCatchmentVegetationZoneParameters>
        <TT>-1.5180947055023462</TT>
        <CFMAX>0.7153209570904816</CFMAX>
        <SP>0.094784168328688148</SP>
        <SFCF>1.0823606210392205</SFCF>
        <CFR>0.083843154800435041</CFR>
        <CWH>0.064164284428488788</CWH>
        <CFGlacier>0.71468301150420022</CFGlacier>
        <CFSlope>0.28547443279886864</CFSlope>
        <FC>631.40584893965456</FC>
        <LP>0.55584040221323794</LP>
        <BETA>4.6377419474260018</BETA>
      </SubCatchmentVegetationZoneParameters>
    </SubCatchmentVegetationZone>
  </SubCatchment>
</Catchment>