<?xml version="1.0" encoding="utf-8"?>
<Catchment xmlns:xsi="http://www.w3.org/2001/XMLSchema-instance" xmlns:xsd="http://www.w3.org/2001/XMLSchema">
  <CatchmentParameters>
    <KSI>0.0021610223416541527</KSI>
    <KGmin>0.18136715744684087</KGmin>
    <RangeKG>0.34294270176792935</RangeKG>
    <AG>0.019913626146349894</AG>
    <KInfiltration>0.32558770061134096</KInfiltration>
    <PERC>1.9778764030176732</PERC>
    <Alpha>0</Alpha>
    <UZL>43.0075023210467</UZL>
    <K0>0.47513160628882134</K0>
    <K1>0.12708102887757691</K1>
    <K2>0.0064371159752295432</K2>
    <MAXBAS>1.5793681377101769</MAXBAS>
    <Cet>0</Cet>
    <PCALT>10</PCALT>
    <TCALT>0.6</TCALT>
    <Pelev>3739</Pelev>
    <Telev>3307</Telev>
    <PART>0.5</PART>
    <DELAY>1</DELAY>
  </CatchmentParameters>
  <VegetationZone>
    <VegetationZoneParameters>
      <TT>0.62780695095520056</TT>
      <CFMAX>1.6588461034611839</CFMAX>
      <SP>-0.47750513344442691</SP>
      <SFCF>1.0642018723872797</SFCF>
      <CFR>0.01212004221934883</CFR>
      <CWH>0.078470664178557664</CWH>
      <CFGlacier>0.59133814106342686</CFGlacier>
      <CFSlope>0.24925243782288656</CFSlope>
      <FC>380.87039091968188</FC>
      <LP>0.61712674046168192</LP>
      <BETA>2.1444156438321387</BETA>
    </VegetationZoneParameters>
  </VegetationZone>
  <SubCatchment>
    <SubCatchmentParameters>
      <KSI>0.0021610223416541527</KSI>
      <KGmin>0.18136715744684087</KGmin>
      <RangeKG>0.34294270176792935</RangeKG>
      <AG>0.019913626146349894</AG>
      <KInfiltration>0.32558770061134096</KInfiltration>
      <PERC>1.9778764030176732</PERC>
      <Alpha>0</Alpha>
      <UZL>43.0075023210467</UZL>
      <K0>0.47513160628882134</K0>
      <K1>0.12708102887757691</K1>
      <K2>0.0064371159752295432</K2>
      <MAXBAS>1.5793681377101769</MAXBAS>
      <Cet>0</Cet>
      <PCALT>10</PCALT>
      <TCALT>0.6</TCALT>
      <Pelev>3739</Pelev>
      <Telev>3307</Telev>
      <PART>0.5</PART>
      <DELAY>1</DELAY>
    </SubCatchmentParameters>
    <SubCatchmentVegetationZone>
      <SubCatchmentVegetationZoneParameters>
        <TT>0.62780695095520056</TT>
        <CFMAX>1.6588461034611839</CFMAX>
        <SP>-0.47750513344442691</SP>
        <SFCF>1.0642018723872797</SFCF>
        <CFR>0.01212004221934883</CFR>
        <CWH>0.078470664178557664</CWH>
        <CFGlacier>0.59133814106342686</CFGlacier>
        <CFSlope>0.24925243782288656</CFSlope>
        <FC>380.87039091968188</FC>
        <LP>0.61712674046168192</LP>
        <BETA>2.1444156438321387</BETA>
      </SubCatchmentVegetationZoneParameters>
    </SubCatchmentVegetationZone>
  </SubCatchment>
</Catchment>