<?xml version="1.0" encoding="utf-8"?>
<Catchment xmlns:xsi="http://www.w3.org/2001/XMLSchema-instance" xmlns:xsd="http://www.w3.org/2001/XMLSchema">
  <CatchmentParameters>
    <KSI>0.0029987140504463021</KSI>
    <KGmin>0.19193716184105675</KGmin>
    <RangeKG>0.10003716036189833</RangeKG>
    <AG>0.48957284228705533</AG>
    <KInfiltration>0.68061914784465571</KInfiltration>
    <PERC>2.1889329206296937</PERC>
    <Alpha>0</Alpha>
    <UZL>54.478780248152127</UZL>
    <K0>0.47217800070043958</K0>
    <K1>0.093647107140735666</K1>
    <K2>0.0090592395073133842</K2>
    <MAXBAS>1.5996755565772056</MAXBAS>
    <Cet>0</Cet>
    <PCALT>10</PCALT>
    <TCALT>0.6</TCALT>
    <Pelev>3739</Pelev>
    <Telev>3307</Telev>
    <PART>0.5</PART>
    <DELAY>1</DELAY>
  </CatchmentParameters>
  <VegetationZone>
    <VegetationZoneParameters>
      <TT>0.47546566184271122</TT>
      <CFMAX>1.6016520041515343</CFMAX>
      <SP>-0.37290522668575776</SP>
      <SFCF>1.0381960895764497</SFCF>
      <CFR>0.014604157267451373</CFR>
      <CWH>0.0078269844310397858</CWH>
      <CFGlacier>0.7222515431536598</CFGlacier>
      <CFSlope>0.28224526312047704</CFSlope>
      <FC>527.43599839548131</FC>
      <LP>0.48995206437561095</LP>
      <BETA>2.8330768402345763</BETA>
    </VegetationZoneParameters>
  </VegetationZone>
  <SubCatchment>
    <SubCatchmentParameters>
      <KSI>0.0029987140504463021</KSI>
      <KGmin>0.19193716184105675</KGmin>
      <RangeKG>0.10003716036189833</RangeKG>
      <AG>0.48957284228705533</AG>
      <KInfiltration>0.68061914784465571</KInfiltration>
      <PERC>2.1889329206296937</PERC>
      <Alpha>0</Alpha>
      <UZL>54.478780248152127</UZL>
      <K0>0.47217800070043958</K0>
      <K1>0.093647107140735666</K1>
      <K2>0.0090592395073133842</K2>
      <MAXBAS>1.5996755565772056</MAXBAS>
      <Cet>0</Cet>
      <PCALT>10</PCALT>
      <TCALT>0.6</TCALT>
      <Pelev>3739</Pelev>
      <Telev>3307</Telev>
      <PART>0.5</PART>
      <DELAY>1</DELAY>
    </SubCatchmentParameters>
    <SubCatchmentVegetationZone>
      <SubCatchmentVegetationZoneParameters>
        <TT>0.47546566184271122</TT>
        <CFMAX>1.6016520041515343</CFMAX>
        <SP>-0.37290522668575776</SP>
        <SFCF>1.0381960895764497</SFCF>
        <CFR>0.014604157267451373</CFR>
        <CWH>0.0078269844310397858</CWH>
        <CFGlacier>0.7222515431536598</CFGlacier>
        <CFSlope>0.28224526312047704</CFSlope>
        <FC>527.43599839548131</FC>
        <LP>0.48995206437561095</LP>
        <BETA>2.8330768402345763</BETA>
      </SubCatchmentVegetationZoneParameters>
    </SubCatchmentVegetationZone>
  </SubCatchment>
</Catchment>