<?xml version="1.0" encoding="utf-8"?>
<Catchment xmlns:xsi="http://www.w3.org/2001/XMLSchema-instance" xmlns:xsd="http://www.w3.org/2001/XMLSchema">
  <CatchmentParameters>
    <KSI>0.0020253881323296745</KSI>
    <KGmin>0.180242255082682</KGmin>
    <RangeKG>0.12077091074814329</RangeKG>
    <AG>0.99961977603315644</AG>
    <KInfiltration>0.53152899542111842</KInfiltration>
    <PERC>5.1961914091581711</PERC>
    <Alpha>0</Alpha>
    <UZL>27.525959586580658</UZL>
    <K0>0.98975038469280441</K0>
    <K1>0.042305976601201646</K1>
    <K2>0.0078471997823989486</K2>
    <MAXBAS>1.9052704558423301</MAXBAS>
    <Cet>0</Cet>
    <PCALT>10</PCALT>
    <TCALT>0.6</TCALT>
    <Pelev>3739</Pelev>
    <Telev>3307</Telev>
    <PART>0.5</PART>
    <DELAY>1</DELAY>
  </CatchmentParameters>
  <VegetationZone>
    <VegetationZoneParameters>
      <TT>-0.51604642606130868</TT>
      <CFMAX>2.286340499004428</CFMAX>
      <SP>0.022511088673454919</SP>
      <SFCF>1.0400764631875017</SFCF>
      <CFR>0.040463865724765548</CFR>
      <CWH>0.016453908432203585</CWH>
      <CFGlacier>0.04364773060176614</CFGlacier>
      <CFSlope>0.88506011476399515</CFSlope>
      <FC>520.30646629187936</FC>
      <LP>0.50186090334451583</LP>
      <BETA>1.5338940284775746</BETA>
    </VegetationZoneParameters>
  </VegetationZone>
  <SubCatchment>
    <SubCatchmentParameters>
      <KSI>0.0020253881323296745</KSI>
      <KGmin>0.180242255082682</KGmin>
      <RangeKG>0.12077091074814329</RangeKG>
      <AG>0.99961977603315644</AG>
      <KInfiltration>0.53152899542111842</KInfiltration>
      <PERC>5.1961914091581711</PERC>
      <Alpha>0</Alpha>
      <UZL>27.525959586580658</UZL>
      <K0>0.98975038469280441</K0>
      <K1>0.042305976601201646</K1>
      <K2>0.0078471997823989486</K2>
      <MAXBAS>1.9052704558423301</MAXBAS>
      <Cet>0</Cet>
      <PCALT>10</PCALT>
      <TCALT>0.6</TCALT>
      <Pelev>3739</Pelev>
      <Telev>3307</Telev>
      <PART>0.5</PART>
      <DELAY>1</DELAY>
    </SubCatchmentParameters>
    <SubCatchmentVegetationZone>
      <SubCatchmentVegetationZoneParameters>
        <TT>-0.51604642606130868</TT>
        <CFMAX>2.286340499004428</CFMAX>
        <SP>0.022511088673454919</SP>
        <SFCF>1.0400764631875017</SFCF>
        <CFR>0.040463865724765548</CFR>
        <CWH>0.016453908432203585</CWH>
        <CFGlacier>0.04364773060176614</CFGlacier>
        <CFSlope>0.88506011476399515</CFSlope>
        <FC>520.30646629187936</FC>
        <LP>0.50186090334451583</LP>
        <BETA>1.5338940284775746</BETA>
      </SubCatchmentVegetationZoneParameters>
    </SubCatchmentVegetationZone>
  </SubCatchment>
</Catchment>