<?xml version="1.0" encoding="utf-8"?>
<Catchment xmlns:xsi="http://www.w3.org/2001/XMLSchema-instance" xmlns:xsd="http://www.w3.org/2001/XMLSchema">
  <CatchmentParameters>
    <KSI>0.002184967880406541</KSI>
    <KGmin>0.1375599538067146</KGmin>
    <RangeKG>0.10000067469263566</RangeKG>
    <AG>0.19486299885813396</AG>
    <KInfiltration>0.2811224369250333</KInfiltration>
    <PERC>2.0736889605359345</PERC>
    <Alpha>0</Alpha>
    <UZL>90.572779713103188</UZL>
    <K0>0.28164871401664443</K0>
    <K1>0.28744434395116308</K1>
    <K2>0.0032356329384987735</K2>
    <MAXBAS>1.4971134733505351</MAXBAS>
    <Cet>0</Cet>
    <PCALT>10</PCALT>
    <TCALT>0.6</TCALT>
    <Pelev>3739</Pelev>
    <Telev>3307</Telev>
    <PART>0.5</PART>
    <DELAY>1</DELAY>
  </CatchmentParameters>
  <VegetationZone>
    <VegetationZoneParameters>
      <TT>1.786822899384056</TT>
      <CFMAX>1.1717208828962709</CFMAX>
      <SP>-0.13676493144649338</SP>
      <SFCF>1.0324167161854041</SFCF>
      <CFR>0.009229959506126522</CFR>
      <CWH>0.036235176001705789</CWH>
      <CFGlacier>0.16432585377528836</CFGlacier>
      <CFSlope>0.29263250417496611</CFSlope>
      <FC>375.69437587051925</FC>
      <LP>0.67931789126334063</LP>
      <BETA>1.3581481600126806</BETA>
    </VegetationZoneParameters>
  </VegetationZone>
  <SubCatchment>
    <SubCatchmentParameters>
      <KSI>0.002184967880406541</KSI>
      <KGmin>0.1375599538067146</KGmin>
      <RangeKG>0.10000067469263566</RangeKG>
      <AG>0.19486299885813396</AG>
      <KInfiltration>0.2811224369250333</KInfiltration>
      <PERC>2.0736889605359345</PERC>
      <Alpha>0</Alpha>
      <UZL>90.572779713103188</UZL>
      <K0>0.28164871401664443</K0>
      <K1>0.28744434395116308</K1>
      <K2>0.0032356329384987735</K2>
      <MAXBAS>1.4971134733505351</MAXBAS>
      <Cet>0</Cet>
      <PCALT>10</PCALT>
      <TCALT>0.6</TCALT>
      <Pelev>3739</Pelev>
      <Telev>3307</Telev>
      <PART>0.5</PART>
      <DELAY>1</DELAY>
    </SubCatchmentParameters>
    <SubCatchmentVegetationZone>
      <SubCatchmentVegetationZoneParameters>
        <TT>1.786822899384056</TT>
        <CFMAX>1.1717208828962709</CFMAX>
        <SP>-0.13676493144649338</SP>
        <SFCF>1.0324167161854041</SFCF>
        <CFR>0.009229959506126522</CFR>
        <CWH>0.036235176001705789</CWH>
        <CFGlacier>0.16432585377528836</CFGlacier>
        <CFSlope>0.29263250417496611</CFSlope>
        <FC>375.69437587051925</FC>
        <LP>0.67931789126334063</LP>
        <BETA>1.3581481600126806</BETA>
      </SubCatchmentVegetationZoneParameters>
    </SubCatchmentVegetationZone>
  </SubCatchment>
</Catchment>