<?xml version="1.0" encoding="utf-8"?>
<Catchment xmlns:xsi="http://www.w3.org/2001/XMLSchema-instance" xmlns:xsd="http://www.w3.org/2001/XMLSchema">
  <CatchmentParameters>
    <KSI>0.001</KSI>
    <KGmin>0.05</KGmin>
    <RangeKG>0.1</RangeKG>
    <AG>0.1</AG>
    <KInfiltration>0</KInfiltration>
    <PERC>0.27103997130121815</PERC>
    <Alpha>0</Alpha>
    <UZL>55.049342038730941</UZL>
    <K0>0.34615394547178935</K0>
    <K1>0.1999996374793763</K1>
    <K2>0.043716291598053861</K2>
    <MAXBAS>1</MAXBAS>
    <Cet>0.03</Cet>
    <PCALT>10</PCALT>
    <TCALT>0.6</TCALT>
    <Pelev>436</Pelev>
    <Telev>436</Telev>
    <PART>0.5</PART>
    <DELAY>1</DELAY>
  </CatchmentParameters>
  <VegetationZone>
    <VegetationZoneParameters>
      <TT>-1.4937997221242334</TT>
      <CFMAX>5</CFMAX>
      <SP>0</SP>
      <SFCF>0.50000024201394033</SFCF>
      <CFR>0.05</CFR>
      <CWH>0.1</CWH>
      <CFGlacier>1</CFGlacier>
      <CFSlope>1</CFSlope>
      <FC>2549.9981258060993</FC>
      <LP>0.30000027262195084</LP>
      <BETA>1.8625395998059151</BETA>
    </VegetationZoneParameters>
  </VegetationZone>
  <SubCatchment>
    <SubCatchmentParameters>
      <KSI>0.001</KSI>
      <KGmin>0.05</KGmin>
      <RangeKG>0.1</RangeKG>
      <AG>0.1</AG>
      <KInfiltration>0</KInfiltration>
      <PERC>0.27103997130121815</PERC>
      <Alpha>0</Alpha>
      <UZL>55.049342038730941</UZL>
      <K0>0.34615394547178935</K0>
      <K1>0.1999996374793763</K1>
      <K2>0.043716291598053861</K2>
      <MAXBAS>1</MAXBAS>
      <Cet>0.03</Cet>
      <PCALT>10</PCALT>
      <TCALT>0.6</TCALT>
      <Pelev>436</Pelev>
      <Telev>436</Telev>
      <PART>0.5</PART>
      <DELAY>1</DELAY>
    </SubCatchmentParameters>
    <SubCatchmentVegetationZone>
      <SubCatchmentVegetationZoneParameters>
        <TT>-1.4937997221242334</TT>
        <CFMAX>5</CFMAX>
        <SP>0</SP>
        <SFCF>0.50000024201394033</SFCF>
        <CFR>0.05</CFR>
        <CWH>0.1</CWH>
        <CFGlacier>1</CFGlacier>
        <CFSlope>1</CFSlope>
        <FC>2549.9981258060993</FC>
        <LP>0.30000027262195084</LP>
        <BETA>1.8625395998059151</BETA>
      </SubCatchmentVegetationZoneParameters>
    </SubCatchmentVegetationZone>
  </SubCatchment>
</Catchment>