<?xml version="1.0" encoding="utf-8"?>
<Catchment xmlns:xsi="http://www.w3.org/2001/XMLSchema-instance" xmlns:xsd="http://www.w3.org/2001/XMLSchema">
  <CatchmentParameters>
    <KSI>0.0024234059309706842</KSI>
    <KGmin>0.10116959964928091</KGmin>
    <RangeKG>0.26570838314333778</RangeKG>
    <AG>0.017994261180855675</AG>
    <KInfiltration>0.529232042157932</KInfiltration>
    <PERC>2.5764733173461463</PERC>
    <Alpha>0</Alpha>
    <UZL>49.925414113342015</UZL>
    <K0>0.42610550542445708</K0>
    <K1>0.097618442736897446</K1>
    <K2>0.0083945993842211037</K2>
    <MAXBAS>1.6601625405476126</MAXBAS>
    <Cet>0</Cet>
    <PCALT>10</PCALT>
    <TCALT>0.6</TCALT>
    <Pelev>3739</Pelev>
    <Telev>3307</Telev>
    <PART>0.5</PART>
    <DELAY>1</DELAY>
  </CatchmentParameters>
  <VegetationZone>
    <VegetationZoneParameters>
      <TT>1.6744525052401464</TT>
      <CFMAX>1.990807802813539</CFMAX>
      <SP>-0.53186533931900781</SP>
      <SFCF>1.1122568124151089</SFCF>
      <CFR>0.045006942200441165</CFR>
      <CWH>0.010737713294496461</CWH>
      <CFGlacier>0.5144720085448341</CFGlacier>
      <CFSlope>0.19471799112558783</CFSlope>
      <FC>359.59889239551461</FC>
      <LP>0.70323249875380478</LP>
      <BETA>1.3362122839313557</BETA>
    </VegetationZoneParameters>
  </VegetationZone>
  <SubCatchment>
    <SubCatchmentParameters>
      <KSI>0.0024234059309706842</KSI>
      <KGmin>0.10116959964928091</KGmin>
      <RangeKG>0.26570838314333778</RangeKG>
      <AG>0.017994261180855675</AG>
      <KInfiltration>0.529232042157932</KInfiltration>
      <PERC>2.5764733173461463</PERC>
      <Alpha>0</Alpha>
      <UZL>49.925414113342015</UZL>
      <K0>0.42610550542445708</K0>
      <K1>0.097618442736897446</K1>
      <K2>0.0083945993842211037</K2>
      <MAXBAS>1.6601625405476126</MAXBAS>
      <Cet>0</Cet>
      <PCALT>10</PCALT>
      <TCALT>0.6</TCALT>
      <Pelev>3739</Pelev>
      <Telev>3307</Telev>
      <PART>0.5</PART>
      <DELAY>1</DELAY>
    </SubCatchmentParameters>
    <SubCatchmentVegetationZone>
      <SubCatchmentVegetationZoneParameters>
        <TT>1.6744525052401464</TT>
        <CFMAX>1.990807802813539</CFMAX>
        <SP>-0.53186533931900781</SP>
        <SFCF>1.1122568124151089</SFCF>
        <CFR>0.045006942200441165</CFR>
        <CWH>0.010737713294496461</CWH>
        <CFGlacier>0.5144720085448341</CFGlacier>
        <CFSlope>0.19471799112558783</CFSlope>
        <FC>359.59889239551461</FC>
        <LP>0.70323249875380478</LP>
        <BETA>1.3362122839313557</BETA>
      </SubCatchmentVegetationZoneParameters>
    </SubCatchmentVegetationZone>
  </SubCatchment>
</Catchment>