<?xml version="1.0" encoding="utf-8"?>
<MonteCarloSimulation xmlns:xsi="http://www.w3.org/2001/XMLSchema-instance" xmlns:xsd="http://www.w3.org/2001/XMLSchema">
  <ModelType>Standard</ModelType>
  <ModelVariant>Glacier</ModelVariant>
  <UseOldSUZ>true</UseOldSUZ>
  <ETCorrection>false</ETCorrection>
  <PCALTFile>false</PCALTFile>
  <TCALTFile>false</TCALTFile>
  <MonteCarloCatchmentParameters>
    <MonteCarloCatchmentParameter>
      <Name>KSI</Name>
      <DisplayName>KSI</DisplayName>
      <Unit>1/d</Unit>
      <LowerLimit>0.001</LowerLimit>
      <UpperLimit>0.001</UpperLimit>
      <Mean>0.001</Mean>
      <SD>0</SD>
      <ValuesPerSubCatchment>false</ValuesPerSubCatchment>
      <CatchmentOption>Random</CatchmentOption>
    </MonteCarloCatchmentParameter>
    <MonteCarloCatchmentParameter>
      <Name>KGmin</Name>
      <DisplayName>KGmin</DisplayName>
      <Unit>1/d</Unit>
      <LowerLimit>0.01</LowerLimit>
      <UpperLimit>0.2</UpperLimit>
      <Mean>0.10500000000000001</Mean>
      <SD>0</SD>
      <ValuesPerSubCatchment>false</ValuesPerSubCatchment>
      <CatchmentOption>Random</CatchmentOption>
    </MonteCarloCatchmentParameter>
    <MonteCarloCatchmentParameter>
      <Name>RangeKG</Name>
      <DisplayName>dKG</DisplayName>
      <Unit>1/d</Unit>
      <LowerLimit>0.01</LowerLimit>
      <UpperLimit>0.5</UpperLimit>
      <Mean>0.255</Mean>
      <SD>0</SD>
      <ValuesPerSubCatchment>false</ValuesPerSubCatchment>
      <CatchmentOption>Random</CatchmentOption>
    </MonteCarloCatchmentParameter>
    <MonteCarloCatchmentParameter>
      <Name>AG</Name>
      <DisplayName>AG</DisplayName>
      <Unit>mm</Unit>
      <LowerLimit>0</LowerLimit>
      <UpperLimit>1</UpperLimit>
      <Mean>0.5</Mean>
      <SD>0</SD>
      <ValuesPerSubCatchment>false</ValuesPerSubCatchment>
      <CatchmentOption>Random</CatchmentOption>
    </MonteCarloCatchmentParameter>
    <MonteCarloCatchmentParameter>
      <Name>KInfiltration</Name>
      <DisplayName>KInfiltration</DisplayName>
      <Unit>-</Unit>
      <LowerLimit>0</LowerLimit>
      <UpperLimit>0</UpperLimit>
      <Mean>0</Mean>
      <SD>0</SD>
      <ValuesPerSubCatchment>false</ValuesPerSubCatchment>
      <CatchmentOption>Random</CatchmentOption>
    </MonteCarloCatchmentParameter>
    <MonteCarloCatchmentParameter>
      <Name>PERC</Name>
      <DisplayName>PERC</DisplayName>
      <Unit>mm/d</Unit>
      <LowerLimit>0</LowerLimit>
      <UpperLimit>4</UpperLimit>
      <Mean>2</Mean>
      <SD>0</SD>
      <ValuesPerSubCatchment>false</ValuesPerSubCatchment>
      <CatchmentOption>Random</CatchmentOption>
    </MonteCarloCatchmentParameter>
    <MonteCarloCatchmentParameter>
      <Name>UZL</Name>
      <DisplayName>UZL</DisplayName>
      <Unit>mm</Unit>
      <LowerLimit>0</LowerLimit>
      <UpperLimit>70</UpperLimit>
      <Mean>35</Mean>
      <SD>0</SD>
      <ValuesPerSubCatchment>false</ValuesPerSubCatchment>
      <CatchmentOption>Random</CatchmentOption>
    </MonteCarloCatchmentParameter>
    <MonteCarloCatchmentParameter>
      <Name>K0</Name>
      <DisplayName>K0</DisplayName>
      <Unit>1/d</Unit>
      <LowerLimit>0.1</LowerLimit>
      <UpperLimit>0.5</UpperLimit>
      <Mean>0.3</Mean>
      <SD>0</SD>
      <ValuesPerSubCatchment>false</ValuesPerSubCatchment>
      <CatchmentOption>Random</CatchmentOption>
    </MonteCarloCatchmentParameter>
    <MonteCarloCatchmentParameter>
      <Name>K1</Name>
      <DisplayName>K1</DisplayName>
      <Unit>1/d</Unit>
      <LowerLimit>0.01</LowerLimit>
      <UpperLimit>0.2</UpperLimit>
      <Mean>0.10500000000000001</Mean>
      <SD>0</SD>
      <ValuesPerSubCatchment>false</ValuesPerSubCatchment>
      <CatchmentOption>Random</CatchmentOption>
    </MonteCarloCatchmentParameter>
    <MonteCarloCatchmentParameter>
      <Name>K2</Name>
      <DisplayName>K2</DisplayName>
      <Unit>1/d</Unit>
      <LowerLimit>5E-05</LowerLimit>
      <UpperLimit>0.1</UpperLimit>
      <Mean>0.050025</Mean>
      <SD>0</SD>
      <ValuesPerSubCatchment>false</ValuesPerSubCatchment>
      <CatchmentOption>Random</CatchmentOption>
    </MonteCarloCatchmentParameter>
    <MonteCarloCatchmentParameter>
      <Name>MAXBAS</Name>
      <DisplayName>MAXBAS</DisplayName>
      <Unit>d</Unit>
      <LowerLimit>1</LowerLimit>
      <UpperLimit>2.5</UpperLimit>
      <Mean>1.75</Mean>
      <SD>0</SD>
      <ValuesPerSubCatchment>false</ValuesPerSubCatchment>
      <CatchmentOption>Random</CatchmentOption>
    </MonteCarloCatchmentParameter>
    <MonteCarloCatchmentParameter>
      <Name>PCALT</Name>
      <DisplayName>PCALT</DisplayName>
      <Unit>%/100m</Unit>
      <LowerLimit>10</LowerLimit>
      <UpperLimit>10</UpperLimit>
      <Mean>10</Mean>
      <SD>0</SD>
      <ValuesPerSubCatchment>false</ValuesPerSubCatchment>
      <CatchmentOption>Random</CatchmentOption>
    </MonteCarloCatchmentParameter>
    <MonteCarloCatchmentParameter>
      <Name>TCALT</Name>
      <DisplayName>TCALT</DisplayName>
      <Unit>°C/100m</Unit>
      <LowerLimit>0.6</LowerLimit>
      <UpperLimit>0.6</UpperLimit>
      <Mean>0.6</Mean>
      <SD>0</SD>
      <ValuesPerSubCatchment>false</ValuesPerSubCatchment>
      <CatchmentOption>Random</CatchmentOption>
    </MonteCarloCatchmentParameter>
    <MonteCarloCatchmentParameter>
      <Name>Pelev</Name>
      <DisplayName>Elev. of P</DisplayName>
      <Unit>m</Unit>
      <LowerLimit>3739</LowerLimit>
      <UpperLimit>3739</UpperLimit>
      <Mean>3739</Mean>
      <SD>0</SD>
      <ValuesPerSubCatchment>false</ValuesPerSubCatchment>
      <CatchmentOption>Random</CatchmentOption>
    </MonteCarloCatchmentParameter>
    <MonteCarloCatchmentParameter>
      <Name>Telev</Name>
      <DisplayName>Elev. of T</DisplayName>
      <Unit>m</Unit>
      <LowerLimit>3307</LowerLimit>
      <UpperLimit>3307</UpperLimit>
      <Mean>3307</Mean>
      <SD>0</SD>
      <ValuesPerSubCatchment>false</ValuesPerSubCatchment>
      <CatchmentOption>Random</CatchmentOption>
    </MonteCarloCatchmentParameter>
  </MonteCarloCatchmentParameters>
  <MonteCarloVegetationZoneParameters>
    <MonteCarloVegetationZoneParameter>
      <Name>TT</Name>
      <DisplayName>TT</DisplayName>
      <Unit>°C</Unit>
      <LowerLimit>-2</LowerLimit>
      <UpperLimit>0.5</UpperLimit>
      <Mean>-0.75</Mean>
      <SD>0</SD>
      <ValuesPerSubCatchment>false</ValuesPerSubCatchment>
      <ValuesPerVegetationZone>false</ValuesPerVegetationZone>
      <CatchmentOption>Random</CatchmentOption>
      <VegetationZoneOption>Random</VegetationZoneOption>
    </MonteCarloVegetationZoneParameter>
    <MonteCarloVegetationZoneParameter>
      <Name>CFMAX</Name>
      <DisplayName>CFMAX</DisplayName>
      <Unit>mm/d °C</Unit>
      <LowerLimit>0.5</LowerLimit>
      <UpperLimit>4</UpperLimit>
      <Mean>2.25</Mean>
      <SD>0</SD>
      <ValuesPerSubCatchment>false</ValuesPerSubCatchment>
      <ValuesPerVegetationZone>false</ValuesPerVegetationZone>
      <CatchmentOption>Random</CatchmentOption>
      <VegetationZoneOption>Random</VegetationZoneOption>
    </MonteCarloVegetationZoneParameter>
    <MonteCarloVegetationZoneParameter>
      <Name>SP</Name>
      <DisplayName>SP</DisplayName>
      <Unit>-</Unit>
      <LowerLimit>0</LowerLimit>
      <UpperLimit>0</UpperLimit>
      <Mean>0</Mean>
      <SD>0</SD>
      <ValuesPerSubCatchment>false</ValuesPerSubCatchment>
      <ValuesPerVegetationZone>false</ValuesPerVegetationZone>
      <CatchmentOption>Random</CatchmentOption>
      <VegetationZoneOption>Random</VegetationZoneOption>
    </MonteCarloVegetationZoneParameter>
    <MonteCarloVegetationZoneParameter>
      <Name>SFCF</Name>
      <DisplayName>SFCF</DisplayName>
      <Unit>-</Unit>
      <LowerLimit>0.5</LowerLimit>
      <UpperLimit>0.9</UpperLimit>
      <Mean>0.7</Mean>
      <SD>0</SD>
      <ValuesPerSubCatchment>false</ValuesPerSubCatchment>
      <ValuesPerVegetationZone>false</ValuesPerVegetationZone>
      <CatchmentOption>Random</CatchmentOption>
      <VegetationZoneOption>Random</VegetationZoneOption>
    </MonteCarloVegetationZoneParameter>
    <MonteCarloVegetationZoneParameter>
      <Name>CFR</Name>
      <DisplayName>CFR</DisplayName>
      <Unit>-</Unit>
      <LowerLimit>0.05</LowerLimit>
      <UpperLimit>0.05</UpperLimit>
      <Mean>0.05</Mean>
      <SD>0</SD>
      <ValuesPerSubCatchment>false</ValuesPerSubCatchment>
      <ValuesPerVegetationZone>false</ValuesPerVegetationZone>
      <CatchmentOption>Random</CatchmentOption>
      <VegetationZoneOption>Random</VegetationZoneOption>
    </MonteCarloVegetationZoneParameter>
    <MonteCarloVegetationZoneParameter>
      <Name>CWH</Name>
      <DisplayName>CWH</DisplayName>
      <Unit>-</Unit>
      <LowerLimit>0.1</LowerLimit>
      <UpperLimit>0.1</UpperLimit>
      <Mean>0.1</Mean>
      <SD>0</SD>
      <ValuesPerSubCatchment>false</ValuesPerSubCatchment>
      <ValuesPerVegetationZone>false</ValuesPerVegetationZone>
      <CatchmentOption>Random</CatchmentOption>
      <VegetationZoneOption>Random</VegetationZoneOption>
    </MonteCarloVegetationZoneParameter>
    <MonteCarloVegetationZoneParameter>
      <Name>CFGlacier</Name>
      <DisplayName>CFGlacier</DisplayName>
      <Unit>-</Unit>
      <LowerLimit>1</LowerLimit>
      <UpperLimit>1</UpperLimit>
      <Mean>1</Mean>
      <SD>0</SD>
      <ValuesPerSubCatchment>false</ValuesPerSubCatchment>
      <ValuesPerVegetationZone>false</ValuesPerVegetationZone>
      <CatchmentOption>Random</CatchmentOption>
      <VegetationZoneOption>Random</VegetationZoneOption>
    </MonteCarloVegetationZoneParameter>
    <MonteCarloVegetationZoneParameter>
      <Name>CFSlope</Name>
      <DisplayName>CFSlope</DisplayName>
      <Unit>-</Unit>
      <LowerLimit>1</LowerLimit>
      <UpperLimit>1</UpperLimit>
      <Mean>1</Mean>
      <SD>0</SD>
      <ValuesPerSubCatchment>false</ValuesPerSubCatchment>
      <ValuesPerVegetationZone>false</ValuesPerVegetationZone>
      <CatchmentOption>Random</CatchmentOption>
      <VegetationZoneOption>Random</VegetationZoneOption>
    </MonteCarloVegetationZoneParameter>
    <MonteCarloVegetationZoneParameter>
      <Name>FC</Name>
      <DisplayName>FC</DisplayName>
      <Unit>mm</Unit>
      <LowerLimit>100</LowerLimit>
      <UpperLimit>550</UpperLimit>
      <Mean>325</Mean>
      <SD>0</SD>
      <ValuesPerSubCatchment>false</ValuesPerSubCatchment>
      <ValuesPerVegetationZone>false</ValuesPerVegetationZone>
      <CatchmentOption>Random</CatchmentOption>
      <VegetationZoneOption>Random</VegetationZoneOption>
    </MonteCarloVegetationZoneParameter>
    <MonteCarloVegetationZoneParameter>
      <Name>LP</Name>
      <DisplayName>LP</DisplayName>
      <Unit>-</Unit>
      <LowerLimit>0.3</LowerLimit>
      <UpperLimit>1</UpperLimit>
      <Mean>0.65</Mean>
      <SD>0</SD>
      <ValuesPerSubCatchment>false</ValuesPerSubCatchment>
      <ValuesPerVegetationZone>false</ValuesPerVegetationZone>
      <CatchmentOption>Random</CatchmentOption>
      <VegetationZoneOption>Random</VegetationZoneOption>
    </MonteCarloVegetationZoneParameter>
    <MonteCarloVegetationZoneParameter>
      <Name>BETA</Name>
      <DisplayName>BETA</DisplayName>
      <Unit>-</Unit>
      <LowerLimit>1</LowerLimit>
      <UpperLimit>5</UpperLimit>
      <Mean>3</Mean>
      <SD>0</SD>
      <ValuesPerSubCatchment>false</ValuesPerSubCatchment>
      <ValuesPerVegetationZone>false</ValuesPerVegetationZone>
      <CatchmentOption>Random</CatchmentOption>
      <VegetationZoneOption>Random</VegetationZoneOption>
    </MonteCarloVegetationZoneParameter>
  </MonteCarloVegetationZoneParameters>
  <MultiPeriods>false</MultiPeriods>
  <Periods />
  <NumberOfRuns>1000</NumberOfRuns>
  <SaveRunsOption>SaveAll</SaveRunsOption>
  <ObjFunctionUsage>UseOutlet</ObjFunctionUsage>
  <MinReffValue>0.6</MinReffValue>
  <Gaussian>false</Gaussian>
  <ObjFunctionWeights />
  <SubCatchmentWeights />
</MonteCarloSimulation>