<?xml version="1.0" encoding="utf-8"?>
<Catchment xmlns:xsi="http://www.w3.org/2001/XMLSchema-instance" xmlns:xsd="http://www.w3.org/2001/XMLSchema">
  <CatchmentParameters>
    <KSI>0.0020301245373294994</KSI>
    <KGmin>0.14000709291754576</KGmin>
    <RangeKG>0.14462665710349937</RangeKG>
    <AG>0.22666919916610645</AG>
    <KInfiltration>0.23937095521242252</KInfiltration>
    <PERC>2.0233782580169914</PERC>
    <Alpha>0</Alpha>
    <UZL>42.230258888923125</UZL>
    <K0>0.31158099552100788</K0>
    <K1>0.14234249011972139</K1>
    <K2>0.0058314030512059889</K2>
    <MAXBAS>1.4050286950203643</MAXBAS>
    <Cet>0</Cet>
    <PCALT>10</PCALT>
    <TCALT>0.6</TCALT>
    <Pelev>3739</Pelev>
    <Telev>3307</Telev>
    <PART>0.5</PART>
    <DELAY>1</DELAY>
  </CatchmentParameters>
  <VegetationZone>
    <VegetationZoneParameters>
      <TT>0.65616124995937819</TT>
      <CFMAX>1.4218670073585653</CFMAX>
      <SP>-0.22656710323181142</SP>
      <SFCF>1.0007835288564781</SFCF>
      <CFR>0.032218400200171096</CFR>
      <CWH>0.047519879911472343</CWH>
      <CFGlacier>0.73458502030196815</CFGlacier>
      <CFSlope>0.31155527150100687</CFSlope>
      <FC>425.92744702022003</FC>
      <LP>0.50948782336191356</LP>
      <BETA>1.8426441147821984</BETA>
    </VegetationZoneParameters>
  </VegetationZone>
  <SubCatchment>
    <SubCatchmentParameters>
      <KSI>0.0020301245373294994</KSI>
      <KGmin>0.14000709291754576</KGmin>
      <RangeKG>0.14462665710349937</RangeKG>
      <AG>0.22666919916610645</AG>
      <KInfiltration>0.23937095521242252</KInfiltration>
      <PERC>2.0233782580169914</PERC>
      <Alpha>0</Alpha>
      <UZL>42.230258888923125</UZL>
      <K0>0.31158099552100788</K0>
      <K1>0.14234249011972139</K1>
      <K2>0.0058314030512059889</K2>
      <MAXBAS>1.4050286950203643</MAXBAS>
      <Cet>0</Cet>
      <PCALT>10</PCALT>
      <TCALT>0.6</TCALT>
      <Pelev>3739</Pelev>
      <Telev>3307</Telev>
      <PART>0.5</PART>
      <DELAY>1</DELAY>
    </SubCatchmentParameters>
    <SubCatchmentVegetationZone>
      <SubCatchmentVegetationZoneParameters>
        <TT>0.65616124995937819</TT>
        <CFMAX>1.4218670073585653</CFMAX>
        <SP>-0.22656710323181142</SP>
        <SFCF>1.0007835288564781</SFCF>
        <CFR>0.032218400200171096</CFR>
        <CWH>0.047519879911472343</CWH>
        <CFGlacier>0.73458502030196815</CFGlacier>
        <CFSlope>0.31155527150100687</CFSlope>
        <FC>425.92744702022003</FC>
        <LP>0.50948782336191356</LP>
        <BETA>1.8426441147821984</BETA>
      </SubCatchmentVegetationZoneParameters>
    </SubCatchmentVegetationZone>
  </SubCatchment>
</Catchment>
