<?xml version="1.0" encoding="utf-8"?>
<Catchment xmlns:xsi="http://www.w3.org/2001/XMLSchema-instance" xmlns:xsd="http://www.w3.org/2001/XMLSchema">
  <VegetationZoneCount>1</VegetationZoneCount>
  <ElevationZoneHeight>
    <double>1976</double>
    <double>2055</double>
    <double>2143</double>
    <double>2244</double>
    <double>2344</double>
    <double>2449</double>
    <double>2541</double>
    <double>2619</double>
  </ElevationZoneHeight>
  <SubCatchment>
    <VegetationZone>
      <EVU xsi:type="Basic_EVU">
        <Area>0.074</Area>
      </EVU>
      <EVU xsi:type="Basic_EVU">
        <Area>0.293</Area>
      </EVU>
      <EVU xsi:type="Basic_EVU">
        <Area>0.335</Area>
      </EVU>
      <EVU xsi:type="Basic_EVU">
        <Area>0.134</Area>
      </EVU>
      <EVU xsi:type="Basic_EVU">
        <Area>0.082</Area>
      </EVU>
      <EVU xsi:type="Basic_EVU">
        <Area>0.044</Area>
      </EVU>
      <EVU xsi:type="Basic_EVU">
        <Area>0.034</Area>
      </EVU>
      <EVU xsi:type="Basic_EVU">
        <Area>0.004</Area>
      </EVU>
    </VegetationZone>
    <Lake>
      <Area>0</Area>
      <Elevation>0</Elevation>
      <TT>0</TT>
      <SFCF>0</SFCF>
    </Lake>
    <AbsoluteArea>0</AbsoluteArea>
  </SubCatchment>
</Catchment>