<?xml version="1.0" encoding="utf-8"?>
<Catchment xmlns:xsi="http://www.w3.org/2001/XMLSchema-instance" xmlns:xsd="http://www.w3.org/2001/XMLSchema">
  <CatchmentParameters>
    <KSI>0.001</KSI>
    <KGmin>0.05</KGmin>
    <RangeKG>0.1</RangeKG>
    <AG>0.1</AG>
    <PERC>3.5931255254529448</PERC>
    <Alpha>0</Alpha>
    <UZL>15.084487833873222</UZL>
    <K0>0.98999574058803119</K0>
    <K1>0.43589903639648464</K1>
    <K2>0.11717508536260507</K2>
    <MAXBAS>1</MAXBAS>
    <Cet>0</Cet>
    <PCALT>10</PCALT>
    <TCALT>0.6</TCALT>
    <Pelev>0</Pelev>
    <Telev>0</Telev>
    <PART>0.5</PART>
    <DELAY>1</DELAY>
  </CatchmentParameters>
  <VegetationZone>
    <VegetationZoneParameters>
      <TT>0.45406857796394151</TT>
      <CFMAX>4.9999163802026469</CFMAX>
      <SP>0</SP>
      <SFCF>0.50000001794944293</SFCF>
      <CFR>0.034575014798899489</CFR>
      <CWH>0.10000448844639531</CWH>
      <CFGlacier>1</CFGlacier>
      <CFSlope>1</CFSlope>
      <FC>157.23455892854022</FC>
      <LP>0.360933096807038</LP>
      <BETA>2.4283936671207598</BETA>
    </VegetationZoneParameters>
  </VegetationZone>
  <SubCatchment>
    <SubCatchmentParameters>
      <KSI>0.001</KSI>
      <KGmin>0.05</KGmin>
      <RangeKG>0.1</RangeKG>
      <AG>0.1</AG>
      <PERC>3.5931255254529448</PERC>
      <Alpha>0</Alpha>
      <UZL>15.084487833873222</UZL>
      <K0>0.98999574058803119</K0>
      <K1>0.43589903639648464</K1>
      <K2>0.11717508536260507</K2>
      <MAXBAS>1</MAXBAS>
      <Cet>0</Cet>
      <PCALT>10</PCALT>
      <TCALT>0.6</TCALT>
      <Pelev>0</Pelev>
      <Telev>0</Telev>
      <PART>0.5</PART>
      <DELAY>1</DELAY>
    </SubCatchmentParameters>
    <SubCatchmentVegetationZone>
      <SubCatchmentVegetationZoneParameters>
        <TT>0.45406857796394151</TT>
        <CFMAX>4.9999163802026469</CFMAX>
        <SP>0</SP>
        <SFCF>0.50000001794944293</SFCF>
        <CFR>0.034575014798899489</CFR>
        <CWH>0.10000448844639531</CWH>
        <CFGlacier>1</CFGlacier>
        <CFSlope>1</CFSlope>
        <FC>157.23455892854022</FC>
        <LP>0.360933096807038</LP>
        <BETA>2.4283936671207598</BETA>
      </SubCatchmentVegetationZoneParameters>
    </SubCatchmentVegetationZone>
  </SubCatchment>
</Catchment>