<?xml version="1.0" encoding="utf-8"?>
<Catchment xmlns:xsi="http://www.w3.org/2001/XMLSchema-instance" xmlns:xsd="http://www.w3.org/2001/XMLSchema">
  <CatchmentParameters>
    <KSI>0.001</KSI>
    <KGmin>0.05</KGmin>
    <RangeKG>0.1</RangeKG>
    <AG>0.1</AG>
    <PERC>4.6030413294007682</PERC>
    <Alpha>0</Alpha>
    <UZL>163.99896504967941</UZL>
    <K0>0.4492532684725124</K0>
    <K1>0.79999827446117877</K1>
    <K2>0.11358876374333216</K2>
    <MAXBAS>1</MAXBAS>
    <Cet>0</Cet>
    <PCALT>10</PCALT>
    <TCALT>0.6</TCALT>
    <Pelev>0</Pelev>
    <Telev>0</Telev>
    <PART>0.5</PART>
    <DELAY>1</DELAY>
  </CatchmentParameters>
  <VegetationZone>
    <VegetationZoneParameters>
      <TT>2.4999890683313408</TT>
      <CFMAX>0.50000080424006887</CFMAX>
      <SP>0</SP>
      <SFCF>0.55881369958948357</SFCF>
      <CFR>0.099689660499365451</CFR>
      <CWH>0.19999986138939457</CWH>
      <CFGlacier>1</CFGlacier>
      <CFSlope>1</CFSlope>
      <FC>1374.775214861522</FC>
      <LP>0.95154004262832081</LP>
      <BETA>4.401971276645261</BETA>
    </VegetationZoneParameters>
  </VegetationZone>
  <SubCatchment>
    <SubCatchmentParameters>
      <KSI>0.001</KSI>
      <KGmin>0.05</KGmin>
      <RangeKG>0.1</RangeKG>
      <AG>0.1</AG>
      <PERC>4.6030413294007682</PERC>
      <Alpha>0</Alpha>
      <UZL>163.99896504967941</UZL>
      <K0>0.4492532684725124</K0>
      <K1>0.79999827446117877</K1>
      <K2>0.11358876374333216</K2>
      <MAXBAS>1</MAXBAS>
      <Cet>0</Cet>
      <PCALT>10</PCALT>
      <TCALT>0.6</TCALT>
      <Pelev>0</Pelev>
      <Telev>0</Telev>
      <PART>0.5</PART>
      <DELAY>1</DELAY>
    </SubCatchmentParameters>
    <SubCatchmentVegetationZone>
      <SubCatchmentVegetationZoneParameters>
        <TT>2.4999890683313408</TT>
        <CFMAX>0.50000080424006887</CFMAX>
        <SP>0</SP>
        <SFCF>0.55881369958948357</SFCF>
        <CFR>0.099689660499365451</CFR>
        <CWH>0.19999986138939457</CWH>
        <CFGlacier>1</CFGlacier>
        <CFSlope>1</CFSlope>
        <FC>1374.775214861522</FC>
        <LP>0.95154004262832081</LP>
        <BETA>4.401971276645261</BETA>
      </SubCatchmentVegetationZoneParameters>
    </SubCatchmentVegetationZone>
  </SubCatchment>
</Catchment>