<?xml version="1.0" encoding="utf-8"?>
<Catchment xmlns:xsi="http://www.w3.org/2001/XMLSchema-instance" xmlns:xsd="http://www.w3.org/2001/XMLSchema">
  <CatchmentParameters>
    <KSI>0.001</KSI>
    <KGmin>0.05</KGmin>
    <RangeKG>0.1</RangeKG>
    <AG>0.1</AG>
    <PERC>4.1793637613692241</PERC>
    <Alpha>0</Alpha>
    <UZL>3.5138848645899317</UZL>
    <K0>0.98999387041754827</K0>
    <K1>0.79996839573381617</K1>
    <K2>0.11330528098082654</K2>
    <MAXBAS>1</MAXBAS>
    <Cet>0</Cet>
    <PCALT>10</PCALT>
    <TCALT>0.6</TCALT>
    <Pelev>0</Pelev>
    <Telev>0</Telev>
    <PART>0.5</PART>
    <DELAY>1</DELAY>
  </CatchmentParameters>
  <VegetationZone>
    <VegetationZoneParameters>
      <TT>-0.72852412081887852</TT>
      <CFMAX>3.9294965067598375</CFMAX>
      <SP>0</SP>
      <SFCF>0.64841266902242156</SFCF>
      <CFR>0.071781496447463913</CFR>
      <CWH>0.19997969529462345</CWH>
      <CFGlacier>1</CFGlacier>
      <CFSlope>1</CFSlope>
      <FC>2360.2254546264676</FC>
      <LP>0.80947516734999847</LP>
      <BETA>3.6404379291791895</BETA>
    </VegetationZoneParameters>
  </VegetationZone>
  <SubCatchment>
    <SubCatchmentParameters>
      <KSI>0.001</KSI>
      <KGmin>0.05</KGmin>
      <RangeKG>0.1</RangeKG>
      <AG>0.1</AG>
      <PERC>4.1793637613692241</PERC>
      <Alpha>0</Alpha>
      <UZL>3.5138848645899317</UZL>
      <K0>0.98999387041754827</K0>
      <K1>0.79996839573381617</K1>
      <K2>0.11330528098082654</K2>
      <MAXBAS>1</MAXBAS>
      <Cet>0</Cet>
      <PCALT>10</PCALT>
      <TCALT>0.6</TCALT>
      <Pelev>0</Pelev>
      <Telev>0</Telev>
      <PART>0.5</PART>
      <DELAY>1</DELAY>
    </SubCatchmentParameters>
    <SubCatchmentVegetationZone>
      <SubCatchmentVegetationZoneParameters>
        <TT>-0.72852412081887852</TT>
        <CFMAX>3.9294965067598375</CFMAX>
        <SP>0</SP>
        <SFCF>0.64841266902242156</SFCF>
        <CFR>0.071781496447463913</CFR>
        <CWH>0.19997969529462345</CWH>
        <CFGlacier>1</CFGlacier>
        <CFSlope>1</CFSlope>
        <FC>2360.2254546264676</FC>
        <LP>0.80947516734999847</LP>
        <BETA>3.6404379291791895</BETA>
      </SubCatchmentVegetationZoneParameters>
    </SubCatchmentVegetationZone>
  </SubCatchment>
</Catchment>