<?xml version="1.0" encoding="utf-8"?>
<Catchment xmlns:xsi="http://www.w3.org/2001/XMLSchema-instance" xmlns:xsd="http://www.w3.org/2001/XMLSchema">
  <CatchmentParameters>
    <KSI>0.001</KSI>
    <KGmin>0.05</KGmin>
    <RangeKG>0.1</RangeKG>
    <AG>0.1</AG>
    <PERC>3.834877766824806</PERC>
    <Alpha>0</Alpha>
    <UZL>4.9078882843123424</UZL>
    <K0>0.98994775762156784</K0>
    <K1>0.79611927774708569</K1>
    <K2>0.11413921843177138</K2>
    <MAXBAS>1</MAXBAS>
    <Cet>0</Cet>
    <PCALT>10</PCALT>
    <TCALT>0.6</TCALT>
    <Pelev>0</Pelev>
    <Telev>0</Telev>
    <PART>0.5</PART>
    <DELAY>1</DELAY>
  </CatchmentParameters>
  <VegetationZone>
    <VegetationZoneParameters>
      <TT>-1.1974195842658695</TT>
      <CFMAX>3.6766433756200341</CFMAX>
      <SP>0</SP>
      <SFCF>0.69658087705395466</SFCF>
      <CFR>0.044022957291056319</CFR>
      <CWH>0.19999964332988371</CWH>
      <CFGlacier>1</CFGlacier>
      <CFSlope>1</CFSlope>
      <FC>2271.8684367589844</FC>
      <LP>0.82715581254540727</LP>
      <BETA>3.7338484033687873</BETA>
    </VegetationZoneParameters>
  </VegetationZone>
  <SubCatchment>
    <SubCatchmentParameters>
      <KSI>0.001</KSI>
      <KGmin>0.05</KGmin>
      <RangeKG>0.1</RangeKG>
      <AG>0.1</AG>
      <PERC>3.834877766824806</PERC>
      <Alpha>0</Alpha>
      <UZL>4.9078882843123424</UZL>
      <K0>0.98994775762156784</K0>
      <K1>0.79611927774708569</K1>
      <K2>0.11413921843177138</K2>
      <MAXBAS>1</MAXBAS>
      <Cet>0</Cet>
      <PCALT>10</PCALT>
      <TCALT>0.6</TCALT>
      <Pelev>0</Pelev>
      <Telev>0</Telev>
      <PART>0.5</PART>
      <DELAY>1</DELAY>
    </SubCatchmentParameters>
    <SubCatchmentVegetationZone>
      <SubCatchmentVegetationZoneParameters>
        <TT>-1.1974195842658695</TT>
        <CFMAX>3.6766433756200341</CFMAX>
        <SP>0</SP>
        <SFCF>0.69658087705395466</SFCF>
        <CFR>0.044022957291056319</CFR>
        <CWH>0.19999964332988371</CWH>
        <CFGlacier>1</CFGlacier>
        <CFSlope>1</CFSlope>
        <FC>2271.8684367589844</FC>
        <LP>0.82715581254540727</LP>
        <BETA>3.7338484033687873</BETA>
      </SubCatchmentVegetationZoneParameters>
    </SubCatchmentVegetationZone>
  </SubCatchment>
</Catchment>