<?xml version="1.0" encoding="utf-8"?>
<Catchment xmlns:xsi="http://www.w3.org/2001/XMLSchema-instance" xmlns:xsd="http://www.w3.org/2001/XMLSchema">
  <CatchmentParameters>
    <KSI>0.001</KSI>
    <KGmin>0.05</KGmin>
    <RangeKG>0.1</RangeKG>
    <AG>0.1</AG>
    <PERC>5.0048334234481793</PERC>
    <Alpha>0</Alpha>
    <UZL>2.6177892051719405</UZL>
    <K0>0.98999492676269085</K0>
    <K1>0.79999690255078149</K1>
    <K2>0.11456408550462956</K2>
    <MAXBAS>1</MAXBAS>
    <Cet>0</Cet>
    <PCALT>10</PCALT>
    <TCALT>0.6</TCALT>
    <Pelev>0</Pelev>
    <Telev>0</Telev>
    <PART>0.5</PART>
    <DELAY>1</DELAY>
  </CatchmentParameters>
  <VegetationZone>
    <VegetationZoneParameters>
      <TT>2.4999958177255208</TT>
      <CFMAX>0.50000028167902655</CFMAX>
      <SP>0</SP>
      <SFCF>0.61023797026105786</SFCF>
      <CFR>0.0094876952095173869</CFR>
      <CWH>0.19999585384721919</CWH>
      <CFGlacier>1</CFGlacier>
      <CFSlope>1</CFSlope>
      <FC>1510.8299883805605</FC>
      <LP>0.94795206877648175</LP>
      <BETA>4.5454928119458486</BETA>
    </VegetationZoneParameters>
  </VegetationZone>
  <SubCatchment>
    <SubCatchmentParameters>
      <KSI>0.001</KSI>
      <KGmin>0.05</KGmin>
      <RangeKG>0.1</RangeKG>
      <AG>0.1</AG>
      <PERC>5.0048334234481793</PERC>
      <Alpha>0</Alpha>
      <UZL>2.6177892051719405</UZL>
      <K0>0.98999492676269085</K0>
      <K1>0.79999690255078149</K1>
      <K2>0.11456408550462956</K2>
      <MAXBAS>1</MAXBAS>
      <Cet>0</Cet>
      <PCALT>10</PCALT>
      <TCALT>0.6</TCALT>
      <Pelev>0</Pelev>
      <Telev>0</Telev>
      <PART>0.5</PART>
      <DELAY>1</DELAY>
    </SubCatchmentParameters>
    <SubCatchmentVegetationZone>
      <SubCatchmentVegetationZoneParameters>
        <TT>2.4999958177255208</TT>
        <CFMAX>0.50000028167902655</CFMAX>
        <SP>0</SP>
        <SFCF>0.61023797026105786</SFCF>
        <CFR>0.0094876952095173869</CFR>
        <CWH>0.19999585384721919</CWH>
        <CFGlacier>1</CFGlacier>
        <CFSlope>1</CFSlope>
        <FC>1510.8299883805605</FC>
        <LP>0.94795206877648175</LP>
        <BETA>4.5454928119458486</BETA>
      </SubCatchmentVegetationZoneParameters>
    </SubCatchmentVegetationZone>
  </SubCatchment>
</Catchment>