<?xml version="1.0" encoding="utf-8"?>
<Catchment xmlns:xsi="http://www.w3.org/2001/XMLSchema-instance" xmlns:xsd="http://www.w3.org/2001/XMLSchema">
  <CatchmentParameters>
    <KSI>0.001</KSI>
    <KGmin>0.05</KGmin>
    <RangeKG>0.1</RangeKG>
    <AG>0.1</AG>
    <PERC>3.9288259324584156</PERC>
    <Alpha>0</Alpha>
    <UZL>118.18269896802514</UZL>
    <K0>0.083412430388595651</K0>
    <K1>0.799996879320549</K1>
    <K2>0.116155610797154</K2>
    <MAXBAS>1</MAXBAS>
    <Cet>0</Cet>
    <PCALT>10</PCALT>
    <TCALT>0.6</TCALT>
    <Pelev>0</Pelev>
    <Telev>0</Telev>
    <PART>0.5</PART>
    <DELAY>1</DELAY>
  </CatchmentParameters>
  <VegetationZone>
    <VegetationZoneParameters>
      <TT>-1.0172541342693868</TT>
      <CFMAX>3.6114661012879767</CFMAX>
      <SP>0</SP>
      <SFCF>0.60554471343522576</SFCF>
      <CFR>0.032998066846154819</CFR>
      <CWH>0.1999879914077756</CWH>
      <CFGlacier>1</CFGlacier>
      <CFSlope>1</CFSlope>
      <FC>2102.3662574930008</FC>
      <LP>0.838756938357368</LP>
      <BETA>3.7239339801049085</BETA>
    </VegetationZoneParameters>
  </VegetationZone>
  <SubCatchment>
    <SubCatchmentParameters>
      <KSI>0.001</KSI>
      <KGmin>0.05</KGmin>
      <RangeKG>0.1</RangeKG>
      <AG>0.1</AG>
      <PERC>3.9288259324584156</PERC>
      <Alpha>0</Alpha>
      <UZL>118.18269896802514</UZL>
      <K0>0.083412430388595651</K0>
      <K1>0.799996879320549</K1>
      <K2>0.116155610797154</K2>
      <MAXBAS>1</MAXBAS>
      <Cet>0</Cet>
      <PCALT>10</PCALT>
      <TCALT>0.6</TCALT>
      <Pelev>0</Pelev>
      <Telev>0</Telev>
      <PART>0.5</PART>
      <DELAY>1</DELAY>
    </SubCatchmentParameters>
    <SubCatchmentVegetationZone>
      <SubCatchmentVegetationZoneParameters>
        <TT>-1.0172541342693868</TT>
        <CFMAX>3.6114661012879767</CFMAX>
        <SP>0</SP>
        <SFCF>0.60554471343522576</SFCF>
        <CFR>0.032998066846154819</CFR>
        <CWH>0.1999879914077756</CWH>
        <CFGlacier>1</CFGlacier>
        <CFSlope>1</CFSlope>
        <FC>2102.3662574930008</FC>
        <LP>0.838756938357368</LP>
        <BETA>3.7239339801049085</BETA>
      </SubCatchmentVegetationZoneParameters>
    </SubCatchmentVegetationZone>
  </SubCatchment>
</Catchment>