<?xml version="1.0" encoding="utf-8"?>
<Catchment xmlns:xsi="http://www.w3.org/2001/XMLSchema-instance" xmlns:xsd="http://www.w3.org/2001/XMLSchema">
  <CatchmentParameters>
    <KSI>0.001</KSI>
    <KGmin>0.05</KGmin>
    <RangeKG>0.1</RangeKG>
    <AG>0.1</AG>
    <PERC>4.7130415760788127</PERC>
    <Alpha>0</Alpha>
    <UZL>3.04189633233419</UZL>
    <K0>0.98999687587319041</K0>
    <K1>0.79999886274805132</K1>
    <K2>0.10995588797684273</K2>
    <MAXBAS>1</MAXBAS>
    <Cet>0</Cet>
    <PCALT>10</PCALT>
    <TCALT>0.6</TCALT>
    <Pelev>0</Pelev>
    <Telev>0</Telev>
    <PART>0.5</PART>
    <DELAY>1</DELAY>
  </CatchmentParameters>
  <VegetationZone>
    <VegetationZoneParameters>
      <TT>0.45406200007207176</TT>
      <CFMAX>2.8320262617562419</CFMAX>
      <SP>0</SP>
      <SFCF>0.50434302916505258</SFCF>
      <CFR>0.032242450177076012</CFR>
      <CWH>0.10000330207270795</CWH>
      <CFGlacier>1</CFGlacier>
      <CFSlope>1</CFSlope>
      <FC>2164.0328445989085</FC>
      <LP>0.86115590535133157</LP>
      <BETA>3.9349657369537105</BETA>
    </VegetationZoneParameters>
  </VegetationZone>
  <SubCatchment>
    <SubCatchmentParameters>
      <KSI>0.001</KSI>
      <KGmin>0.05</KGmin>
      <RangeKG>0.1</RangeKG>
      <AG>0.1</AG>
      <PERC>4.7130415760788127</PERC>
      <Alpha>0</Alpha>
      <UZL>3.04189633233419</UZL>
      <K0>0.98999687587319041</K0>
      <K1>0.79999886274805132</K1>
      <K2>0.10995588797684273</K2>
      <MAXBAS>1</MAXBAS>
      <Cet>0</Cet>
      <PCALT>10</PCALT>
      <TCALT>0.6</TCALT>
      <Pelev>0</Pelev>
      <Telev>0</Telev>
      <PART>0.5</PART>
      <DELAY>1</DELAY>
    </SubCatchmentParameters>
    <SubCatchmentVegetationZone>
      <SubCatchmentVegetationZoneParameters>
        <TT>0.45406200007207176</TT>
        <CFMAX>2.8320262617562419</CFMAX>
        <SP>0</SP>
        <SFCF>0.50434302916505258</SFCF>
        <CFR>0.032242450177076012</CFR>
        <CWH>0.10000330207270795</CWH>
        <CFGlacier>1</CFGlacier>
        <CFSlope>1</CFSlope>
        <FC>2164.0328445989085</FC>
        <LP>0.86115590535133157</LP>
        <BETA>3.9349657369537105</BETA>
      </SubCatchmentVegetationZoneParameters>
    </SubCatchmentVegetationZone>
  </SubCatchment>
</Catchment>