<?xml version="1.0" encoding="utf-8"?>
<Catchment xmlns:xsi="http://www.w3.org/2001/XMLSchema-instance" xmlns:xsd="http://www.w3.org/2001/XMLSchema">
  <CatchmentParameters>
    <KSI>0.001</KSI>
    <KGmin>0.05</KGmin>
    <RangeKG>0.1</RangeKG>
    <AG>0.1</AG>
    <PERC>4.7188863500273026</PERC>
    <Alpha>0</Alpha>
    <UZL>66.868160847187141</UZL>
    <K0>0.28103398381535855</K0>
    <K1>0.77818229980213827</K1>
    <K2>0.11815334997229102</K2>
    <MAXBAS>1</MAXBAS>
    <Cet>0</Cet>
    <PCALT>10</PCALT>
    <TCALT>0.6</TCALT>
    <Pelev>0</Pelev>
    <Telev>0</Telev>
    <PART>0.5</PART>
    <DELAY>1</DELAY>
  </CatchmentParameters>
  <VegetationZone>
    <VegetationZoneParameters>
      <TT>2.499997215989251</TT>
      <CFMAX>0.50000078754572652</CFMAX>
      <SP>0</SP>
      <SFCF>0.63422965680427035</SFCF>
      <CFR>0.0094926439959975573</CFR>
      <CWH>0.19999714966623738</CWH>
      <CFGlacier>1</CFGlacier>
      <CFSlope>1</CFSlope>
      <FC>637.81233423699075</FC>
      <LP>0.46611935264500132</LP>
      <BETA>1.7635821793081459</BETA>
    </VegetationZoneParameters>
  </VegetationZone>
  <SubCatchment>
    <SubCatchmentParameters>
      <KSI>0.001</KSI>
      <KGmin>0.05</KGmin>
      <RangeKG>0.1</RangeKG>
      <AG>0.1</AG>
      <PERC>4.7188863500273026</PERC>
      <Alpha>0</Alpha>
      <UZL>66.868160847187141</UZL>
      <K0>0.28103398381535855</K0>
      <K1>0.77818229980213827</K1>
      <K2>0.11815334997229102</K2>
      <MAXBAS>1</MAXBAS>
      <Cet>0</Cet>
      <PCALT>10</PCALT>
      <TCALT>0.6</TCALT>
      <Pelev>0</Pelev>
      <Telev>0</Telev>
      <PART>0.5</PART>
      <DELAY>1</DELAY>
    </SubCatchmentParameters>
    <SubCatchmentVegetationZone>
      <SubCatchmentVegetationZoneParameters>
        <TT>2.499997215989251</TT>
        <CFMAX>0.50000078754572652</CFMAX>
        <SP>0</SP>
        <SFCF>0.63422965680427035</SFCF>
        <CFR>0.0094926439959975573</CFR>
        <CWH>0.19999714966623738</CWH>
        <CFGlacier>1</CFGlacier>
        <CFSlope>1</CFSlope>
        <FC>637.81233423699075</FC>
        <LP>0.46611935264500132</LP>
        <BETA>1.7635821793081459</BETA>
      </SubCatchmentVegetationZoneParameters>
    </SubCatchmentVegetationZone>
  </SubCatchment>
</Catchment>