<?xml version="1.0" encoding="utf-8"?>
<Catchment xmlns:xsi="http://www.w3.org/2001/XMLSchema-instance" xmlns:xsd="http://www.w3.org/2001/XMLSchema">
  <CatchmentParameters>
    <KSI>0.001</KSI>
    <KGmin>0.05</KGmin>
    <RangeKG>0.1</RangeKG>
    <AG>0.1</AG>
    <PERC>4.290014612722989</PERC>
    <Alpha>0</Alpha>
    <UZL>4.5741347879498555</UZL>
    <K0>0.98999811253947356</K0>
    <K1>0.79997888667179451</K1>
    <K2>0.11295969339648035</K2>
    <MAXBAS>1</MAXBAS>
    <Cet>0</Cet>
    <PCALT>10</PCALT>
    <TCALT>0.6</TCALT>
    <Pelev>0</Pelev>
    <Telev>0</Telev>
    <PART>0.5</PART>
    <DELAY>1</DELAY>
  </CatchmentParameters>
  <VegetationZone>
    <VegetationZoneParameters>
      <TT>-0.57887902028606875</TT>
      <CFMAX>0.90407633858311054</CFMAX>
      <SP>0</SP>
      <SFCF>0.94485909903287</SFCF>
      <CFR>0.032784220777363239</CFR>
      <CWH>0.10000016359618187</CWH>
      <CFGlacier>1</CFGlacier>
      <CFSlope>1</CFSlope>
      <FC>2448.9973612435115</FC>
      <LP>0.87480850301853641</LP>
      <BETA>4.4504800151873791</BETA>
    </VegetationZoneParameters>
  </VegetationZone>
  <SubCatchment>
    <SubCatchmentParameters>
      <KSI>0.001</KSI>
      <KGmin>0.05</KGmin>
      <RangeKG>0.1</RangeKG>
      <AG>0.1</AG>
      <PERC>4.290014612722989</PERC>
      <Alpha>0</Alpha>
      <UZL>4.5741347879498555</UZL>
      <K0>0.98999811253947356</K0>
      <K1>0.79997888667179451</K1>
      <K2>0.11295969339648035</K2>
      <MAXBAS>1</MAXBAS>
      <Cet>0</Cet>
      <PCALT>10</PCALT>
      <TCALT>0.6</TCALT>
      <Pelev>0</Pelev>
      <Telev>0</Telev>
      <PART>0.5</PART>
      <DELAY>1</DELAY>
    </SubCatchmentParameters>
    <SubCatchmentVegetationZone>
      <SubCatchmentVegetationZoneParameters>
        <TT>-0.57887902028606875</TT>
        <CFMAX>0.90407633858311054</CFMAX>
        <SP>0</SP>
        <SFCF>0.94485909903287</SFCF>
        <CFR>0.032784220777363239</CFR>
        <CWH>0.10000016359618187</CWH>
        <CFGlacier>1</CFGlacier>
        <CFSlope>1</CFSlope>
        <FC>2448.9973612435115</FC>
        <LP>0.87480850301853641</LP>
        <BETA>4.4504800151873791</BETA>
      </SubCatchmentVegetationZoneParameters>
    </SubCatchmentVegetationZone>
  </SubCatchment>
</Catchment>