<?xml version="1.0" encoding="utf-8"?>
<Catchment xmlns:xsi="http://www.w3.org/2001/XMLSchema-instance" xmlns:xsd="http://www.w3.org/2001/XMLSchema">
  <CatchmentParameters>
    <KSI>0.001</KSI>
    <KGmin>0.05</KGmin>
    <RangeKG>0.1</RangeKG>
    <AG>0.1</AG>
    <PERC>4.8240904640416566</PERC>
    <Alpha>0</Alpha>
    <UZL>134.01103965726122</UZL>
    <K0>0.060029988240445246</K0>
    <K1>0.71933063258432972</K1>
    <K2>0.13448529231199091</K2>
    <MAXBAS>1</MAXBAS>
    <Cet>0</Cet>
    <PCALT>10</PCALT>
    <TCALT>0.6</TCALT>
    <Pelev>0</Pelev>
    <Telev>0</Telev>
    <PART>0.5</PART>
    <DELAY>1</DELAY>
  </CatchmentParameters>
  <VegetationZone>
    <VegetationZoneParameters>
      <TT>2.3855064628602061</TT>
      <CFMAX>0.54388593798036444</CFMAX>
      <SP>0</SP>
      <SFCF>0.83794509700578323</SFCF>
      <CFR>0.013383974394652455</CFR>
      <CWH>0.19999949720794052</CWH>
      <CFGlacier>1</CFGlacier>
      <CFSlope>1</CFSlope>
      <FC>375.86129278775616</FC>
      <LP>0.69273065984554316</LP>
      <BETA>2.8432670738536152</BETA>
    </VegetationZoneParameters>
  </VegetationZone>
  <SubCatchment>
    <SubCatchmentParameters>
      <KSI>0.001</KSI>
      <KGmin>0.05</KGmin>
      <RangeKG>0.1</RangeKG>
      <AG>0.1</AG>
      <PERC>4.8240904640416566</PERC>
      <Alpha>0</Alpha>
      <UZL>134.01103965726122</UZL>
      <K0>0.060029988240445246</K0>
      <K1>0.71933063258432972</K1>
      <K2>0.13448529231199091</K2>
      <MAXBAS>1</MAXBAS>
      <Cet>0</Cet>
      <PCALT>10</PCALT>
      <TCALT>0.6</TCALT>
      <Pelev>0</Pelev>
      <Telev>0</Telev>
      <PART>0.5</PART>
      <DELAY>1</DELAY>
    </SubCatchmentParameters>
    <SubCatchmentVegetationZone>
      <SubCatchmentVegetationZoneParameters>
        <TT>2.3855064628602061</TT>
        <CFMAX>0.54388593798036444</CFMAX>
        <SP>0</SP>
        <SFCF>0.83794509700578323</SFCF>
        <CFR>0.013383974394652455</CFR>
        <CWH>0.19999949720794052</CWH>
        <CFGlacier>1</CFGlacier>
        <CFSlope>1</CFSlope>
        <FC>375.86129278775616</FC>
        <LP>0.69273065984554316</LP>
        <BETA>2.8432670738536152</BETA>
      </SubCatchmentVegetationZoneParameters>
    </SubCatchmentVegetationZone>
  </SubCatchment>
</Catchment>