<?xml version="1.0" encoding="utf-8"?>
<Catchment xmlns:xsi="http://www.w3.org/2001/XMLSchema-instance" xmlns:xsd="http://www.w3.org/2001/XMLSchema">
  <CatchmentParameters>
    <KSI>0.001</KSI>
    <KGmin>0.05</KGmin>
    <RangeKG>0.1</RangeKG>
    <AG>0.1</AG>
    <PERC>4.4792447323702831</PERC>
    <Alpha>0</Alpha>
    <UZL>199.9531910418664</UZL>
    <K0>0.54907851951114273</K0>
    <K1>0.63129164089994361</K1>
    <K2>0.125323887858431</K2>
    <MAXBAS>1</MAXBAS>
    <Cet>0</Cet>
    <PCALT>10</PCALT>
    <TCALT>0.6</TCALT>
    <Pelev>0</Pelev>
    <Telev>0</Telev>
    <PART>0.5</PART>
    <DELAY>1</DELAY>
  </CatchmentParameters>
  <VegetationZone>
    <VegetationZoneParameters>
      <TT>0.4540424535276571</TT>
      <CFMAX>4.9999578467447332</CFMAX>
      <SP>0</SP>
      <SFCF>0.50000004464538794</SFCF>
      <CFR>0.0729756007838506</CFR>
      <CWH>0.10000992435605373</CWH>
      <CFGlacier>1</CFGlacier>
      <CFSlope>1</CFSlope>
      <FC>251.88605802243404</FC>
      <LP>0.40531663634665344</LP>
      <BETA>1.9104145705050228</BETA>
    </VegetationZoneParameters>
  </VegetationZone>
  <SubCatchment>
    <SubCatchmentParameters>
      <KSI>0.001</KSI>
      <KGmin>0.05</KGmin>
      <RangeKG>0.1</RangeKG>
      <AG>0.1</AG>
      <PERC>4.4792447323702831</PERC>
      <Alpha>0</Alpha>
      <UZL>199.9531910418664</UZL>
      <K0>0.54907851951114273</K0>
      <K1>0.63129164089994361</K1>
      <K2>0.125323887858431</K2>
      <MAXBAS>1</MAXBAS>
      <Cet>0</Cet>
      <PCALT>10</PCALT>
      <TCALT>0.6</TCALT>
      <Pelev>0</Pelev>
      <Telev>0</Telev>
      <PART>0.5</PART>
      <DELAY>1</DELAY>
    </SubCatchmentParameters>
    <SubCatchmentVegetationZone>
      <SubCatchmentVegetationZoneParameters>
        <TT>0.4540424535276571</TT>
        <CFMAX>4.9999578467447332</CFMAX>
        <SP>0</SP>
        <SFCF>0.50000004464538794</SFCF>
        <CFR>0.0729756007838506</CFR>
        <CWH>0.10000992435605373</CWH>
        <CFGlacier>1</CFGlacier>
        <CFSlope>1</CFSlope>
        <FC>251.88605802243404</FC>
        <LP>0.40531663634665344</LP>
        <BETA>1.9104145705050228</BETA>
      </SubCatchmentVegetationZoneParameters>
    </SubCatchmentVegetationZone>
  </SubCatchment>
</Catchment>