<?xml version="1.0" encoding="utf-8"?>
<Catchment xmlns:xsi="http://www.w3.org/2001/XMLSchema-instance" xmlns:xsd="http://www.w3.org/2001/XMLSchema">
  <CatchmentParameters>
    <KSI>0.001</KSI>
    <KGmin>0.05</KGmin>
    <RangeKG>0.1</RangeKG>
    <AG>0.1</AG>
    <PERC>5.0003121592859676</PERC>
    <Alpha>0</Alpha>
    <UZL>73.188897780391642</UZL>
    <K0>0.070007930584605554</K0>
    <K1>0.72836673421476661</K1>
    <K2>0.12826490999991333</K2>
    <MAXBAS>1</MAXBAS>
    <Cet>0</Cet>
    <PCALT>10</PCALT>
    <TCALT>0.6</TCALT>
    <Pelev>0</Pelev>
    <Telev>0</Telev>
    <PART>0.5</PART>
    <DELAY>1</DELAY>
  </CatchmentParameters>
  <VegetationZone>
    <VegetationZoneParameters>
      <TT>2.4999994319661547</TT>
      <CFMAX>0.50000031747834683</CFMAX>
      <SP>0</SP>
      <SFCF>0.65805283186071428</SFCF>
      <CFR>0.013455601963852907</CFR>
      <CWH>0.19999627467713296</CWH>
      <CFGlacier>1</CFGlacier>
      <CFSlope>1</CFSlope>
      <FC>414.27140612289816</FC>
      <LP>0.64813494518128656</LP>
      <BETA>2.52156145774252</BETA>
    </VegetationZoneParameters>
  </VegetationZone>
  <SubCatchment>
    <SubCatchmentParameters>
      <KSI>0.001</KSI>
      <KGmin>0.05</KGmin>
      <RangeKG>0.1</RangeKG>
      <AG>0.1</AG>
      <PERC>5.0003121592859676</PERC>
      <Alpha>0</Alpha>
      <UZL>73.188897780391642</UZL>
      <K0>0.070007930584605554</K0>
      <K1>0.72836673421476661</K1>
      <K2>0.12826490999991333</K2>
      <MAXBAS>1</MAXBAS>
      <Cet>0</Cet>
      <PCALT>10</PCALT>
      <TCALT>0.6</TCALT>
      <Pelev>0</Pelev>
      <Telev>0</Telev>
      <PART>0.5</PART>
      <DELAY>1</DELAY>
    </SubCatchmentParameters>
    <SubCatchmentVegetationZone>
      <SubCatchmentVegetationZoneParameters>
        <TT>2.4999994319661547</TT>
        <CFMAX>0.50000031747834683</CFMAX>
        <SP>0</SP>
        <SFCF>0.65805283186071428</SFCF>
        <CFR>0.013455601963852907</CFR>
        <CWH>0.19999627467713296</CWH>
        <CFGlacier>1</CFGlacier>
        <CFSlope>1</CFSlope>
        <FC>414.27140612289816</FC>
        <LP>0.64813494518128656</LP>
        <BETA>2.52156145774252</BETA>
      </SubCatchmentVegetationZoneParameters>
    </SubCatchmentVegetationZone>
  </SubCatchment>
</Catchment>