<?xml version="1.0" encoding="utf-8"?>
<Catchment xmlns:xsi="http://www.w3.org/2001/XMLSchema-instance" xmlns:xsd="http://www.w3.org/2001/XMLSchema">
  <CatchmentParameters>
    <KSI>0.001</KSI>
    <KGmin>0.05</KGmin>
    <RangeKG>0.1</RangeKG>
    <AG>0.1</AG>
    <PERC>4.74916753551139</PERC>
    <Alpha>0</Alpha>
    <UZL>112.42401828165765</UZL>
    <K0>0.1400983744640629</K0>
    <K1>0.53791221054823368</K1>
    <K2>0.11837641418199273</K2>
    <MAXBAS>1</MAXBAS>
    <Cet>0</Cet>
    <PCALT>10</PCALT>
    <TCALT>0.6</TCALT>
    <Pelev>0</Pelev>
    <Telev>0</Telev>
    <PART>0.5</PART>
    <DELAY>1</DELAY>
  </CatchmentParameters>
  <VegetationZone>
    <VegetationZoneParameters>
      <TT>1.5730120123569329</TT>
      <CFMAX>2.3809972730995614</CFMAX>
      <SP>0</SP>
      <SFCF>0.50000000000049238</SFCF>
      <CFR>0.099756629118134182</CFR>
      <CWH>0.1000018337331143</CWH>
      <CFGlacier>1</CFGlacier>
      <CFSlope>1</CFSlope>
      <FC>153.47167755599551</FC>
      <LP>0.63615262807209028</LP>
      <BETA>4.1763996043730582</BETA>
    </VegetationZoneParameters>
  </VegetationZone>
  <SubCatchment>
    <SubCatchmentParameters>
      <KSI>0.001</KSI>
      <KGmin>0.05</KGmin>
      <RangeKG>0.1</RangeKG>
      <AG>0.1</AG>
      <PERC>4.74916753551139</PERC>
      <Alpha>0</Alpha>
      <UZL>112.42401828165765</UZL>
      <K0>0.1400983744640629</K0>
      <K1>0.53791221054823368</K1>
      <K2>0.11837641418199273</K2>
      <MAXBAS>1</MAXBAS>
      <Cet>0</Cet>
      <PCALT>10</PCALT>
      <TCALT>0.6</TCALT>
      <Pelev>0</Pelev>
      <Telev>0</Telev>
      <PART>0.5</PART>
      <DELAY>1</DELAY>
    </SubCatchmentParameters>
    <SubCatchmentVegetationZone>
      <SubCatchmentVegetationZoneParameters>
        <TT>1.5730120123569329</TT>
        <CFMAX>2.3809972730995614</CFMAX>
        <SP>0</SP>
        <SFCF>0.50000000000049238</SFCF>
        <CFR>0.099756629118134182</CFR>
        <CWH>0.1000018337331143</CWH>
        <CFGlacier>1</CFGlacier>
        <CFSlope>1</CFSlope>
        <FC>153.47167755599551</FC>
        <LP>0.63615262807209028</LP>
        <BETA>4.1763996043730582</BETA>
      </SubCatchmentVegetationZoneParameters>
    </SubCatchmentVegetationZone>
  </SubCatchment>
</Catchment>