<?xml version="1.0" encoding="utf-8"?>
<Catchment xmlns:xsi="http://www.w3.org/2001/XMLSchema-instance" xmlns:xsd="http://www.w3.org/2001/XMLSchema">
  <CatchmentParameters>
    <KSI>0.001</KSI>
    <KGmin>0.05</KGmin>
    <RangeKG>0.1</RangeKG>
    <AG>0.1</AG>
    <PERC>4.8336983917048295</PERC>
    <Alpha>0</Alpha>
    <UZL>0.939289014288671</UZL>
    <K0>0.9899961649214738</K0>
    <K1>0.6569461682974288</K1>
    <K2>0.10695890281013891</K2>
    <MAXBAS>1</MAXBAS>
    <Cet>0</Cet>
    <PCALT>10</PCALT>
    <TCALT>0.6</TCALT>
    <Pelev>0</Pelev>
    <Telev>0</Telev>
    <PART>0.5</PART>
    <DELAY>1</DELAY>
  </CatchmentParameters>
  <VegetationZone>
    <VegetationZoneParameters>
      <TT>0.45409844937113203</TT>
      <CFMAX>3.0012173992907587</CFMAX>
      <SP>0</SP>
      <SFCF>0.53085437075629227</SFCF>
      <CFR>0.049435276247608712</CFR>
      <CWH>0.10000458721776603</CWH>
      <CFGlacier>1</CFGlacier>
      <CFSlope>1</CFSlope>
      <FC>2196.6417110278785</FC>
      <LP>0.779298964326496</LP>
      <BETA>3.29622112140267</BETA>
    </VegetationZoneParameters>
  </VegetationZone>
  <SubCatchment>
    <SubCatchmentParameters>
      <KSI>0.001</KSI>
      <KGmin>0.05</KGmin>
      <RangeKG>0.1</RangeKG>
      <AG>0.1</AG>
      <PERC>4.8336983917048295</PERC>
      <Alpha>0</Alpha>
      <UZL>0.939289014288671</UZL>
      <K0>0.9899961649214738</K0>
      <K1>0.6569461682974288</K1>
      <K2>0.10695890281013891</K2>
      <MAXBAS>1</MAXBAS>
      <Cet>0</Cet>
      <PCALT>10</PCALT>
      <TCALT>0.6</TCALT>
      <Pelev>0</Pelev>
      <Telev>0</Telev>
      <PART>0.5</PART>
      <DELAY>1</DELAY>
    </SubCatchmentParameters>
    <SubCatchmentVegetationZone>
      <SubCatchmentVegetationZoneParameters>
        <TT>0.45409844937113203</TT>
        <CFMAX>3.0012173992907587</CFMAX>
        <SP>0</SP>
        <SFCF>0.53085437075629227</SFCF>
        <CFR>0.049435276247608712</CFR>
        <CWH>0.10000458721776603</CWH>
        <CFGlacier>1</CFGlacier>
        <CFSlope>1</CFSlope>
        <FC>2196.6417110278785</FC>
        <LP>0.779298964326496</LP>
        <BETA>3.29622112140267</BETA>
      </SubCatchmentVegetationZoneParameters>
    </SubCatchmentVegetationZone>
  </SubCatchment>
</Catchment>