<?xml version="1.0" encoding="utf-8"?>
<Catchment xmlns:xsi="http://www.w3.org/2001/XMLSchema-instance" xmlns:xsd="http://www.w3.org/2001/XMLSchema">
  <CatchmentParameters>
    <KSI>0.001</KSI>
    <KGmin>0.05</KGmin>
    <RangeKG>0.1</RangeKG>
    <AG>0.1</AG>
    <PERC>5.1334878475839645</PERC>
    <Alpha>0</Alpha>
    <UZL>6.3939500772151589E-10</UZL>
    <K0>0.87925708623498144</K0>
    <K1>0.74870677113304884</K1>
    <K2>0.10613440366096832</K2>
    <MAXBAS>1</MAXBAS>
    <Cet>0</Cet>
    <PCALT>10</PCALT>
    <TCALT>0.6</TCALT>
    <Pelev>0</Pelev>
    <Telev>0</Telev>
    <PART>0.5</PART>
    <DELAY>1</DELAY>
  </CatchmentParameters>
  <VegetationZone>
    <VegetationZoneParameters>
      <TT>0.79841043015820756</TT>
      <CFMAX>4.9999694322526507</CFMAX>
      <SP>0</SP>
      <SFCF>0.62244382367452411</SFCF>
      <CFR>0.035183166369020379</CFR>
      <CWH>0.10001069684724098</CWH>
      <CFGlacier>1</CFGlacier>
      <CFSlope>1</CFSlope>
      <FC>1700.2814319493443</FC>
      <LP>0.734757668460334</LP>
      <BETA>2.8485310599824096</BETA>
    </VegetationZoneParameters>
  </VegetationZone>
  <SubCatchment>
    <SubCatchmentParameters>
      <KSI>0.001</KSI>
      <KGmin>0.05</KGmin>
      <RangeKG>0.1</RangeKG>
      <AG>0.1</AG>
      <PERC>5.1334878475839645</PERC>
      <Alpha>0</Alpha>
      <UZL>6.3939500772151589E-10</UZL>
      <K0>0.87925708623498144</K0>
      <K1>0.74870677113304884</K1>
      <K2>0.10613440366096832</K2>
      <MAXBAS>1</MAXBAS>
      <Cet>0</Cet>
      <PCALT>10</PCALT>
      <TCALT>0.6</TCALT>
      <Pelev>0</Pelev>
      <Telev>0</Telev>
      <PART>0.5</PART>
      <DELAY>1</DELAY>
    </SubCatchmentParameters>
    <SubCatchmentVegetationZone>
      <SubCatchmentVegetationZoneParameters>
        <TT>0.79841043015820756</TT>
        <CFMAX>4.9999694322526507</CFMAX>
        <SP>0</SP>
        <SFCF>0.62244382367452411</SFCF>
        <CFR>0.035183166369020379</CFR>
        <CWH>0.10001069684724098</CWH>
        <CFGlacier>1</CFGlacier>
        <CFSlope>1</CFSlope>
        <FC>1700.2814319493443</FC>
        <LP>0.734757668460334</LP>
        <BETA>2.8485310599824096</BETA>
      </SubCatchmentVegetationZoneParameters>
    </SubCatchmentVegetationZone>
  </SubCatchment>
</Catchment>