<?xml version="1.0" encoding="utf-8"?>
<Catchment xmlns:xsi="http://www.w3.org/2001/XMLSchema-instance" xmlns:xsd="http://www.w3.org/2001/XMLSchema">
  <CatchmentParameters>
    <KSI>0.001</KSI>
    <KGmin>0.05</KGmin>
    <RangeKG>0.1</RangeKG>
    <AG>0.1</AG>
    <PERC>4.0034873918392533</PERC>
    <Alpha>0</Alpha>
    <UZL>122.96296207384057</UZL>
    <K0>0.49327261415022616</K0>
    <K1>0.5705519501636872</K1>
    <K2>0.12620181824227714</K2>
    <MAXBAS>1</MAXBAS>
    <Cet>0</Cet>
    <PCALT>10</PCALT>
    <TCALT>0.6</TCALT>
    <Pelev>0</Pelev>
    <Telev>0</Telev>
    <PART>0.5</PART>
    <DELAY>1</DELAY>
  </CatchmentParameters>
  <VegetationZone>
    <VegetationZoneParameters>
      <TT>-1.0260865894607356</TT>
      <CFMAX>2.9603272235425333</CFMAX>
      <SP>0</SP>
      <SFCF>0.50000103515188432</SFCF>
      <CFR>0.0083057038245511767</CFR>
      <CWH>0.19995342807365441</CWH>
      <CFGlacier>1</CFGlacier>
      <CFSlope>1</CFSlope>
      <FC>190.13873625073845</FC>
      <LP>0.49487877497483496</LP>
      <BETA>2.5907725703277027</BETA>
    </VegetationZoneParameters>
  </VegetationZone>
  <SubCatchment>
    <SubCatchmentParameters>
      <KSI>0.001</KSI>
      <KGmin>0.05</KGmin>
      <RangeKG>0.1</RangeKG>
      <AG>0.1</AG>
      <PERC>4.0034873918392533</PERC>
      <Alpha>0</Alpha>
      <UZL>122.96296207384057</UZL>
      <K0>0.49327261415022616</K0>
      <K1>0.5705519501636872</K1>
      <K2>0.12620181824227714</K2>
      <MAXBAS>1</MAXBAS>
      <Cet>0</Cet>
      <PCALT>10</PCALT>
      <TCALT>0.6</TCALT>
      <Pelev>0</Pelev>
      <Telev>0</Telev>
      <PART>0.5</PART>
      <DELAY>1</DELAY>
    </SubCatchmentParameters>
    <SubCatchmentVegetationZone>
      <SubCatchmentVegetationZoneParameters>
        <TT>-1.0260865894607356</TT>
        <CFMAX>2.9603272235425333</CFMAX>
        <SP>0</SP>
        <SFCF>0.50000103515188432</SFCF>
        <CFR>0.0083057038245511767</CFR>
        <CWH>0.19995342807365441</CWH>
        <CFGlacier>1</CFGlacier>
        <CFSlope>1</CFSlope>
        <FC>190.13873625073845</FC>
        <LP>0.49487877497483496</LP>
        <BETA>2.5907725703277027</BETA>
      </SubCatchmentVegetationZoneParameters>
    </SubCatchmentVegetationZone>
  </SubCatchment>
</Catchment>