<?xml version="1.0" encoding="utf-8"?>
<Catchment xmlns:xsi="http://www.w3.org/2001/XMLSchema-instance" xmlns:xsd="http://www.w3.org/2001/XMLSchema">
  <CatchmentParameters>
    <KSI>0.001</KSI>
    <KGmin>0.05</KGmin>
    <RangeKG>0.1</RangeKG>
    <AG>0.1</AG>
    <PERC>3.6337685090083891</PERC>
    <Alpha>0</Alpha>
    <UZL>9.4281865841650614</UZL>
    <K0>0.645319518030861</K0>
    <K1>0.31257533566724083</K1>
    <K2>0.12480660135475416</K2>
    <MAXBAS>1</MAXBAS>
    <Cet>0</Cet>
    <PCALT>10</PCALT>
    <TCALT>0.6</TCALT>
    <Pelev>0</Pelev>
    <Telev>0</Telev>
    <PART>0.5</PART>
    <DELAY>1</DELAY>
  </CatchmentParameters>
  <VegetationZone>
    <VegetationZoneParameters>
      <TT>-2.1201406872869777</TT>
      <CFMAX>3.6179326405874912</CFMAX>
      <SP>0</SP>
      <SFCF>0.50000000142010625</SFCF>
      <CFR>0.061426567208631655</CFR>
      <CWH>0.14780232971091856</CWH>
      <CFGlacier>1</CFGlacier>
      <CFSlope>1</CFSlope>
      <FC>174.6686348281072</FC>
      <LP>0.46084580006905723</LP>
      <BETA>2.613530018407392</BETA>
    </VegetationZoneParameters>
  </VegetationZone>
  <SubCatchment>
    <SubCatchmentParameters>
      <KSI>0.001</KSI>
      <KGmin>0.05</KGmin>
      <RangeKG>0.1</RangeKG>
      <AG>0.1</AG>
      <PERC>3.6337685090083891</PERC>
      <Alpha>0</Alpha>
      <UZL>9.4281865841650614</UZL>
      <K0>0.645319518030861</K0>
      <K1>0.31257533566724083</K1>
      <K2>0.12480660135475416</K2>
      <MAXBAS>1</MAXBAS>
      <Cet>0</Cet>
      <PCALT>10</PCALT>
      <TCALT>0.6</TCALT>
      <Pelev>0</Pelev>
      <Telev>0</Telev>
      <PART>0.5</PART>
      <DELAY>1</DELAY>
    </SubCatchmentParameters>
    <SubCatchmentVegetationZone>
      <SubCatchmentVegetationZoneParameters>
        <TT>-2.1201406872869777</TT>
        <CFMAX>3.6179326405874912</CFMAX>
        <SP>0</SP>
        <SFCF>0.50000000142010625</SFCF>
        <CFR>0.061426567208631655</CFR>
        <CWH>0.14780232971091856</CWH>
        <CFGlacier>1</CFGlacier>
        <CFSlope>1</CFSlope>
        <FC>174.6686348281072</FC>
        <LP>0.46084580006905723</LP>
        <BETA>2.613530018407392</BETA>
      </SubCatchmentVegetationZoneParameters>
    </SubCatchmentVegetationZone>
  </SubCatchment>
</Catchment>