<?xml version="1.0" encoding="utf-8"?>
<Catchment xmlns:xsi="http://www.w3.org/2001/XMLSchema-instance" xmlns:xsd="http://www.w3.org/2001/XMLSchema">
  <CatchmentParameters>
    <KSI>0.001</KSI>
    <KGmin>0.05</KGmin>
    <RangeKG>0.1</RangeKG>
    <AG>0.1</AG>
    <PERC>4.7525578390958465</PERC>
    <Alpha>0</Alpha>
    <UZL>2.2737068464060961</UZL>
    <K0>0.98999808591111427</K0>
    <K1>0.79999991253786173</K1>
    <K2>0.11862879997961287</K2>
    <MAXBAS>1</MAXBAS>
    <Cet>0</Cet>
    <PCALT>10</PCALT>
    <TCALT>0.6</TCALT>
    <Pelev>0</Pelev>
    <Telev>0</Telev>
    <PART>0.5</PART>
    <DELAY>1</DELAY>
  </CatchmentParameters>
  <VegetationZone>
    <VegetationZoneParameters>
      <TT>2.4857299960352894</TT>
      <CFMAX>0.7835314696316833</CFMAX>
      <SP>0</SP>
      <SFCF>1.1598821957511052</SFCF>
      <CFR>0.012824172112656736</CFR>
      <CWH>0.19999864367726528</CWH>
      <CFGlacier>1</CFGlacier>
      <CFSlope>1</CFSlope>
      <FC>1425.1297055063169</FC>
      <LP>0.88202740723549777</LP>
      <BETA>4.19355675491197</BETA>
    </VegetationZoneParameters>
  </VegetationZone>
  <SubCatchment>
    <SubCatchmentParameters>
      <KSI>0.001</KSI>
      <KGmin>0.05</KGmin>
      <RangeKG>0.1</RangeKG>
      <AG>0.1</AG>
      <PERC>4.7525578390958465</PERC>
      <Alpha>0</Alpha>
      <UZL>2.2737068464060961</UZL>
      <K0>0.98999808591111427</K0>
      <K1>0.79999991253786173</K1>
      <K2>0.11862879997961287</K2>
      <MAXBAS>1</MAXBAS>
      <Cet>0</Cet>
      <PCALT>10</PCALT>
      <TCALT>0.6</TCALT>
      <Pelev>0</Pelev>
      <Telev>0</Telev>
      <PART>0.5</PART>
      <DELAY>1</DELAY>
    </SubCatchmentParameters>
    <SubCatchmentVegetationZone>
      <SubCatchmentVegetationZoneParameters>
        <TT>2.4857299960352894</TT>
        <CFMAX>0.7835314696316833</CFMAX>
        <SP>0</SP>
        <SFCF>1.1598821957511052</SFCF>
        <CFR>0.012824172112656736</CFR>
        <CWH>0.19999864367726528</CWH>
        <CFGlacier>1</CFGlacier>
        <CFSlope>1</CFSlope>
        <FC>1425.1297055063169</FC>
        <LP>0.88202740723549777</LP>
        <BETA>4.19355675491197</BETA>
      </SubCatchmentVegetationZoneParameters>
    </SubCatchmentVegetationZone>
  </SubCatchment>
</Catchment>