<?xml version="1.0" encoding="utf-8"?>
<Catchment xmlns:xsi="http://www.w3.org/2001/XMLSchema-instance" xmlns:xsd="http://www.w3.org/2001/XMLSchema">
  <CatchmentParameters>
    <KSI>0.001</KSI>
    <KGmin>0.05</KGmin>
    <RangeKG>0.1</RangeKG>
    <AG>0.1</AG>
    <PERC>4.7717988011276748</PERC>
    <Alpha>0</Alpha>
    <UZL>0.92652096885612667</UZL>
    <K0>0.98999708449747459</K0>
    <K1>0.70372018080270815</K1>
    <K2>0.1090562803213086</K2>
    <MAXBAS>1</MAXBAS>
    <Cet>0</Cet>
    <PCALT>10</PCALT>
    <TCALT>0.6</TCALT>
    <Pelev>0</Pelev>
    <Telev>0</Telev>
    <PART>0.5</PART>
    <DELAY>1</DELAY>
  </CatchmentParameters>
  <VegetationZone>
    <VegetationZoneParameters>
      <TT>0.16511645673014122</TT>
      <CFMAX>4.1722037056832164</CFMAX>
      <SP>0</SP>
      <SFCF>0.95664864710069486</SFCF>
      <CFR>0.0664372552403642</CFR>
      <CWH>0.10000419217558319</CWH>
      <CFGlacier>1</CFGlacier>
      <CFSlope>1</CFSlope>
      <FC>1934.4173593031048</FC>
      <LP>0.75983117522490107</LP>
      <BETA>3.1607273184465852</BETA>
    </VegetationZoneParameters>
  </VegetationZone>
  <SubCatchment>
    <SubCatchmentParameters>
      <KSI>0.001</KSI>
      <KGmin>0.05</KGmin>
      <RangeKG>0.1</RangeKG>
      <AG>0.1</AG>
      <PERC>4.7717988011276748</PERC>
      <Alpha>0</Alpha>
      <UZL>0.92652096885612667</UZL>
      <K0>0.98999708449747459</K0>
      <K1>0.70372018080270815</K1>
      <K2>0.1090562803213086</K2>
      <MAXBAS>1</MAXBAS>
      <Cet>0</Cet>
      <PCALT>10</PCALT>
      <TCALT>0.6</TCALT>
      <Pelev>0</Pelev>
      <Telev>0</Telev>
      <PART>0.5</PART>
      <DELAY>1</DELAY>
    </SubCatchmentParameters>
    <SubCatchmentVegetationZone>
      <SubCatchmentVegetationZoneParameters>
        <TT>0.16511645673014122</TT>
        <CFMAX>4.1722037056832164</CFMAX>
        <SP>0</SP>
        <SFCF>0.95664864710069486</SFCF>
        <CFR>0.0664372552403642</CFR>
        <CWH>0.10000419217558319</CWH>
        <CFGlacier>1</CFGlacier>
        <CFSlope>1</CFSlope>
        <FC>1934.4173593031048</FC>
        <LP>0.75983117522490107</LP>
        <BETA>3.1607273184465852</BETA>
      </SubCatchmentVegetationZoneParameters>
    </SubCatchmentVegetationZone>
  </SubCatchment>
</Catchment>