<?xml version="1.0" encoding="utf-8"?>
<Catchment xmlns:xsi="http://www.w3.org/2001/XMLSchema-instance" xmlns:xsd="http://www.w3.org/2001/XMLSchema">
  <CatchmentParameters>
    <KSI>0.001</KSI>
    <KGmin>0.05</KGmin>
    <RangeKG>0.1</RangeKG>
    <AG>0.1</AG>
    <PERC>4.0653128256933675</PERC>
    <Alpha>0</Alpha>
    <UZL>135.27555080626888</UZL>
    <K0>0.22338739676527974</K0>
    <K1>0.7999991394846715</K1>
    <K2>0.11275238123986729</K2>
    <MAXBAS>1</MAXBAS>
    <Cet>0</Cet>
    <PCALT>10</PCALT>
    <TCALT>0.6</TCALT>
    <Pelev>0</Pelev>
    <Telev>0</Telev>
    <PART>0.5</PART>
    <DELAY>1</DELAY>
  </CatchmentParameters>
  <VegetationZone>
    <VegetationZoneParameters>
      <TT>1.9159978558548962</TT>
      <CFMAX>0.500001338553898</CFMAX>
      <SP>0</SP>
      <SFCF>0.76726625010616178</SFCF>
      <CFR>0.099982123152360616</CFR>
      <CWH>0.19999892068146236</CWH>
      <CFGlacier>1</CFGlacier>
      <CFSlope>1</CFSlope>
      <FC>1694.5209755628714</FC>
      <LP>0.84634414883702613</LP>
      <BETA>3.7831820426670517</BETA>
    </VegetationZoneParameters>
  </VegetationZone>
  <SubCatchment>
    <SubCatchmentParameters>
      <KSI>0.001</KSI>
      <KGmin>0.05</KGmin>
      <RangeKG>0.1</RangeKG>
      <AG>0.1</AG>
      <PERC>4.0653128256933675</PERC>
      <Alpha>0</Alpha>
      <UZL>135.27555080626888</UZL>
      <K0>0.22338739676527974</K0>
      <K1>0.7999991394846715</K1>
      <K2>0.11275238123986729</K2>
      <MAXBAS>1</MAXBAS>
      <Cet>0</Cet>
      <PCALT>10</PCALT>
      <TCALT>0.6</TCALT>
      <Pelev>0</Pelev>
      <Telev>0</Telev>
      <PART>0.5</PART>
      <DELAY>1</DELAY>
    </SubCatchmentParameters>
    <SubCatchmentVegetationZone>
      <SubCatchmentVegetationZoneParameters>
        <TT>1.9159978558548962</TT>
        <CFMAX>0.500001338553898</CFMAX>
        <SP>0</SP>
        <SFCF>0.76726625010616178</SFCF>
        <CFR>0.099982123152360616</CFR>
        <CWH>0.19999892068146236</CWH>
        <CFGlacier>1</CFGlacier>
        <CFSlope>1</CFSlope>
        <FC>1694.5209755628714</FC>
        <LP>0.84634414883702613</LP>
        <BETA>3.7831820426670517</BETA>
      </SubCatchmentVegetationZoneParameters>
    </SubCatchmentVegetationZone>
  </SubCatchment>
</Catchment>