<?xml version="1.0" encoding="utf-8"?>
<Catchment xmlns:xsi="http://www.w3.org/2001/XMLSchema-instance" xmlns:xsd="http://www.w3.org/2001/XMLSchema">
  <CatchmentParameters>
    <KSI>0.001</KSI>
    <KGmin>0.05</KGmin>
    <RangeKG>0.1</RangeKG>
    <AG>0.1</AG>
    <PERC>4.325806302737071</PERC>
    <Alpha>0</Alpha>
    <UZL>182.22493125358196</UZL>
    <K0>0.17781173709466916</K0>
    <K1>0.79999912670739315</K1>
    <K2>0.12936174120583888</K2>
    <MAXBAS>1</MAXBAS>
    <Cet>0</Cet>
    <PCALT>10</PCALT>
    <TCALT>0.6</TCALT>
    <Pelev>0</Pelev>
    <Telev>0</Telev>
    <PART>0.5</PART>
    <DELAY>1</DELAY>
  </CatchmentParameters>
  <VegetationZone>
    <VegetationZoneParameters>
      <TT>1.405358384765836</TT>
      <CFMAX>0.53488533921912729</CFMAX>
      <SP>0</SP>
      <SFCF>1.255883173154791</SFCF>
      <CFR>0.083892474961187513</CFR>
      <CWH>0.12520169414613921</CWH>
      <CFGlacier>1</CFGlacier>
      <CFSlope>1</CFSlope>
      <FC>1223.6122128993602</FC>
      <LP>0.87819205704005832</LP>
      <BETA>4.1611440684485288</BETA>
    </VegetationZoneParameters>
  </VegetationZone>
  <SubCatchment>
    <SubCatchmentParameters>
      <KSI>0.001</KSI>
      <KGmin>0.05</KGmin>
      <RangeKG>0.1</RangeKG>
      <AG>0.1</AG>
      <PERC>4.325806302737071</PERC>
      <Alpha>0</Alpha>
      <UZL>182.22493125358196</UZL>
      <K0>0.17781173709466916</K0>
      <K1>0.79999912670739315</K1>
      <K2>0.12936174120583888</K2>
      <MAXBAS>1</MAXBAS>
      <Cet>0</Cet>
      <PCALT>10</PCALT>
      <TCALT>0.6</TCALT>
      <Pelev>0</Pelev>
      <Telev>0</Telev>
      <PART>0.5</PART>
      <DELAY>1</DELAY>
    </SubCatchmentParameters>
    <SubCatchmentVegetationZone>
      <SubCatchmentVegetationZoneParameters>
        <TT>1.405358384765836</TT>
        <CFMAX>0.53488533921912729</CFMAX>
        <SP>0</SP>
        <SFCF>1.255883173154791</SFCF>
        <CFR>0.083892474961187513</CFR>
        <CWH>0.12520169414613921</CWH>
        <CFGlacier>1</CFGlacier>
        <CFSlope>1</CFSlope>
        <FC>1223.6122128993602</FC>
        <LP>0.87819205704005832</LP>
        <BETA>4.1611440684485288</BETA>
      </SubCatchmentVegetationZoneParameters>
    </SubCatchmentVegetationZone>
  </SubCatchment>
</Catchment>