<?xml version="1.0" encoding="utf-8"?>
<Catchment xmlns:xsi="http://www.w3.org/2001/XMLSchema-instance" xmlns:xsd="http://www.w3.org/2001/XMLSchema">
  <CatchmentParameters>
    <KSI>0.001</KSI>
    <KGmin>0.05</KGmin>
    <RangeKG>0.1</RangeKG>
    <AG>0.1</AG>
    <PERC>4.5400943287887534</PERC>
    <Alpha>0</Alpha>
    <UZL>47.145045460361949</UZL>
    <K0>0.386348916004215</K0>
    <K1>0.63089677100986341</K1>
    <K2>0.12591787178114719</K2>
    <MAXBAS>1</MAXBAS>
    <Cet>0</Cet>
    <PCALT>10</PCALT>
    <TCALT>0.6</TCALT>
    <Pelev>0</Pelev>
    <Telev>0</Telev>
    <PART>0.5</PART>
    <DELAY>1</DELAY>
  </CatchmentParameters>
  <VegetationZone>
    <VegetationZoneParameters>
      <TT>1.1382593478651029</TT>
      <CFMAX>2.9144567327420035</CFMAX>
      <SP>0</SP>
      <SFCF>0.51452772946063241</SFCF>
      <CFR>0.00067252796738918083</CFR>
      <CWH>0.10000001862326674</CWH>
      <CFGlacier>1</CFGlacier>
      <CFSlope>1</CFSlope>
      <FC>222.05509024722102</FC>
      <LP>0.49318500368701451</LP>
      <BETA>2.3337581959832274</BETA>
    </VegetationZoneParameters>
  </VegetationZone>
  <SubCatchment>
    <SubCatchmentParameters>
      <KSI>0.001</KSI>
      <KGmin>0.05</KGmin>
      <RangeKG>0.1</RangeKG>
      <AG>0.1</AG>
      <PERC>4.5400943287887534</PERC>
      <Alpha>0</Alpha>
      <UZL>47.145045460361949</UZL>
      <K0>0.386348916004215</K0>
      <K1>0.63089677100986341</K1>
      <K2>0.12591787178114719</K2>
      <MAXBAS>1</MAXBAS>
      <Cet>0</Cet>
      <PCALT>10</PCALT>
      <TCALT>0.6</TCALT>
      <Pelev>0</Pelev>
      <Telev>0</Telev>
      <PART>0.5</PART>
      <DELAY>1</DELAY>
    </SubCatchmentParameters>
    <SubCatchmentVegetationZone>
      <SubCatchmentVegetationZoneParameters>
        <TT>1.1382593478651029</TT>
        <CFMAX>2.9144567327420035</CFMAX>
        <SP>0</SP>
        <SFCF>0.51452772946063241</SFCF>
        <CFR>0.00067252796738918083</CFR>
        <CWH>0.10000001862326674</CWH>
        <CFGlacier>1</CFGlacier>
        <CFSlope>1</CFSlope>
        <FC>222.05509024722102</FC>
        <LP>0.49318500368701451</LP>
        <BETA>2.3337581959832274</BETA>
      </SubCatchmentVegetationZoneParameters>
    </SubCatchmentVegetationZone>
  </SubCatchment>
</Catchment>