<?xml version="1.0" encoding="utf-8"?>
<Catchment xmlns:xsi="http://www.w3.org/2001/XMLSchema-instance" xmlns:xsd="http://www.w3.org/2001/XMLSchema">
  <CatchmentParameters>
    <KSI>0.001</KSI>
    <KGmin>0.05</KGmin>
    <RangeKG>0.1</RangeKG>
    <AG>0.1</AG>
    <PERC>3.8621082290901927</PERC>
    <Alpha>0</Alpha>
    <UZL>107.6120318384021</UZL>
    <K0>0.53022321965318564</K0>
    <K1>0.79999785315102279</K1>
    <K2>0.107271757439148</K2>
    <MAXBAS>1</MAXBAS>
    <Cet>0</Cet>
    <PCALT>10</PCALT>
    <TCALT>0.6</TCALT>
    <Pelev>0</Pelev>
    <Telev>0</Telev>
    <PART>0.5</PART>
    <DELAY>1</DELAY>
  </CatchmentParameters>
  <VegetationZone>
    <VegetationZoneParameters>
      <TT>2.4999878415242502</TT>
      <CFMAX>0.50018794292758884</CFMAX>
      <SP>0</SP>
      <SFCF>0.50000051576667781</SFCF>
      <CFR>0.0533498467101643</CFR>
      <CWH>0.19999238351405715</CWH>
      <CFGlacier>1</CFGlacier>
      <CFSlope>1</CFSlope>
      <FC>2326.9500540436375</FC>
      <LP>0.83008940167619849</LP>
      <BETA>3.8708282992067979</BETA>
    </VegetationZoneParameters>
  </VegetationZone>
  <SubCatchment>
    <SubCatchmentParameters>
      <KSI>0.001</KSI>
      <KGmin>0.05</KGmin>
      <RangeKG>0.1</RangeKG>
      <AG>0.1</AG>
      <PERC>3.8621082290901927</PERC>
      <Alpha>0</Alpha>
      <UZL>107.6120318384021</UZL>
      <K0>0.53022321965318564</K0>
      <K1>0.79999785315102279</K1>
      <K2>0.107271757439148</K2>
      <MAXBAS>1</MAXBAS>
      <Cet>0</Cet>
      <PCALT>10</PCALT>
      <TCALT>0.6</TCALT>
      <Pelev>0</Pelev>
      <Telev>0</Telev>
      <PART>0.5</PART>
      <DELAY>1</DELAY>
    </SubCatchmentParameters>
    <SubCatchmentVegetationZone>
      <SubCatchmentVegetationZoneParameters>
        <TT>2.4999878415242502</TT>
        <CFMAX>0.50018794292758884</CFMAX>
        <SP>0</SP>
        <SFCF>0.50000051576667781</SFCF>
        <CFR>0.0533498467101643</CFR>
        <CWH>0.19999238351405715</CWH>
        <CFGlacier>1</CFGlacier>
        <CFSlope>1</CFSlope>
        <FC>2326.9500540436375</FC>
        <LP>0.83008940167619849</LP>
        <BETA>3.8708282992067979</BETA>
      </SubCatchmentVegetationZoneParameters>
    </SubCatchmentVegetationZone>
  </SubCatchment>
</Catchment>