<?xml version="1.0" encoding="utf-8"?>
<Catchment xmlns:xsi="http://www.w3.org/2001/XMLSchema-instance" xmlns:xsd="http://www.w3.org/2001/XMLSchema">
  <CatchmentParameters>
    <KSI>0.001</KSI>
    <KGmin>0.05</KGmin>
    <RangeKG>0.1</RangeKG>
    <AG>0.1</AG>
    <PERC>4.0963328401925541</PERC>
    <Alpha>0</Alpha>
    <UZL>140.03456525120078</UZL>
    <K0>0.0686526673785467</K0>
    <K1>0.79999708207964593</K1>
    <K2>0.11217280057459138</K2>
    <MAXBAS>1</MAXBAS>
    <Cet>0</Cet>
    <PCALT>10</PCALT>
    <TCALT>0.6</TCALT>
    <Pelev>0</Pelev>
    <Telev>0</Telev>
    <PART>0.5</PART>
    <DELAY>1</DELAY>
  </CatchmentParameters>
  <VegetationZone>
    <VegetationZoneParameters>
      <TT>-0.86099935615235157</TT>
      <CFMAX>4.5787253694699759</CFMAX>
      <SP>0</SP>
      <SFCF>0.66837977108038549</SFCF>
      <CFR>0.040490761470368244</CFR>
      <CWH>0.19999294601096043</CWH>
      <CFGlacier>1</CFGlacier>
      <CFSlope>1</CFSlope>
      <FC>1683.9918241129583</FC>
      <LP>0.79155132946714168</LP>
      <BETA>3.1856444972217273</BETA>
    </VegetationZoneParameters>
  </VegetationZone>
  <SubCatchment>
    <SubCatchmentParameters>
      <KSI>0.001</KSI>
      <KGmin>0.05</KGmin>
      <RangeKG>0.1</RangeKG>
      <AG>0.1</AG>
      <PERC>4.0963328401925541</PERC>
      <Alpha>0</Alpha>
      <UZL>140.03456525120078</UZL>
      <K0>0.0686526673785467</K0>
      <K1>0.79999708207964593</K1>
      <K2>0.11217280057459138</K2>
      <MAXBAS>1</MAXBAS>
      <Cet>0</Cet>
      <PCALT>10</PCALT>
      <TCALT>0.6</TCALT>
      <Pelev>0</Pelev>
      <Telev>0</Telev>
      <PART>0.5</PART>
      <DELAY>1</DELAY>
    </SubCatchmentParameters>
    <SubCatchmentVegetationZone>
      <SubCatchmentVegetationZoneParameters>
        <TT>-0.86099935615235157</TT>
        <CFMAX>4.5787253694699759</CFMAX>
        <SP>0</SP>
        <SFCF>0.66837977108038549</SFCF>
        <CFR>0.040490761470368244</CFR>
        <CWH>0.19999294601096043</CWH>
        <CFGlacier>1</CFGlacier>
        <CFSlope>1</CFSlope>
        <FC>1683.9918241129583</FC>
        <LP>0.79155132946714168</LP>
        <BETA>3.1856444972217273</BETA>
      </SubCatchmentVegetationZoneParameters>
    </SubCatchmentVegetationZone>
  </SubCatchment>
</Catchment>