<?xml version="1.0" encoding="utf-8"?>
<Catchment xmlns:xsi="http://www.w3.org/2001/XMLSchema-instance" xmlns:xsd="http://www.w3.org/2001/XMLSchema">
  <CatchmentParameters>
    <KSI>0.001</KSI>
    <KGmin>0.05</KGmin>
    <RangeKG>0.1</RangeKG>
    <AG>0.1</AG>
    <PERC>4.29894164227958</PERC>
    <Alpha>0</Alpha>
    <UZL>147.67283478335114</UZL>
    <K0>0.058973293966818052</K0>
    <K1>0.79999742141296426</K1>
    <K2>0.11439092081785918</K2>
    <MAXBAS>1</MAXBAS>
    <Cet>0</Cet>
    <PCALT>10</PCALT>
    <TCALT>0.6</TCALT>
    <Pelev>0</Pelev>
    <Telev>0</Telev>
    <PART>0.5</PART>
    <DELAY>1</DELAY>
  </CatchmentParameters>
  <VegetationZone>
    <VegetationZoneParameters>
      <TT>-1.1282187564794346</TT>
      <CFMAX>3.6548202504348981</CFMAX>
      <SP>0</SP>
      <SFCF>0.669421018920465</SFCF>
      <CFR>0.0658655974701038</CFR>
      <CWH>0.19998599750943769</CWH>
      <CFGlacier>1</CFGlacier>
      <CFSlope>1</CFSlope>
      <FC>1501.7148787299866</FC>
      <LP>0.83811626863731459</LP>
      <BETA>3.4183855712702922</BETA>
    </VegetationZoneParameters>
  </VegetationZone>
  <SubCatchment>
    <SubCatchmentParameters>
      <KSI>0.001</KSI>
      <KGmin>0.05</KGmin>
      <RangeKG>0.1</RangeKG>
      <AG>0.1</AG>
      <PERC>4.29894164227958</PERC>
      <Alpha>0</Alpha>
      <UZL>147.67283478335114</UZL>
      <K0>0.058973293966818052</K0>
      <K1>0.79999742141296426</K1>
      <K2>0.11439092081785918</K2>
      <MAXBAS>1</MAXBAS>
      <Cet>0</Cet>
      <PCALT>10</PCALT>
      <TCALT>0.6</TCALT>
      <Pelev>0</Pelev>
      <Telev>0</Telev>
      <PART>0.5</PART>
      <DELAY>1</DELAY>
    </SubCatchmentParameters>
    <SubCatchmentVegetationZone>
      <SubCatchmentVegetationZoneParameters>
        <TT>-1.1282187564794346</TT>
        <CFMAX>3.6548202504348981</CFMAX>
        <SP>0</SP>
        <SFCF>0.669421018920465</SFCF>
        <CFR>0.0658655974701038</CFR>
        <CWH>0.19998599750943769</CWH>
        <CFGlacier>1</CFGlacier>
        <CFSlope>1</CFSlope>
        <FC>1501.7148787299866</FC>
        <LP>0.83811626863731459</LP>
        <BETA>3.4183855712702922</BETA>
      </SubCatchmentVegetationZoneParameters>
    </SubCatchmentVegetationZone>
  </SubCatchment>
</Catchment>