<?xml version="1.0" encoding="utf-8"?>
<Catchment xmlns:xsi="http://www.w3.org/2001/XMLSchema-instance" xmlns:xsd="http://www.w3.org/2001/XMLSchema">
  <CatchmentParameters>
    <KSI>0.001</KSI>
    <KGmin>0.05</KGmin>
    <RangeKG>0.1</RangeKG>
    <AG>0.1</AG>
    <PERC>4.5897988362427977</PERC>
    <Alpha>0</Alpha>
    <UZL>64.382710417582629</UZL>
    <K0>0.19022367779332078</K0>
    <K1>0.6544506712213205</K1>
    <K2>0.12379240135121541</K2>
    <MAXBAS>1</MAXBAS>
    <Cet>0</Cet>
    <PCALT>10</PCALT>
    <TCALT>0.6</TCALT>
    <Pelev>0</Pelev>
    <Telev>0</Telev>
    <PART>0.5</PART>
    <DELAY>1</DELAY>
  </CatchmentParameters>
  <VegetationZone>
    <VegetationZoneParameters>
      <TT>0.65481428516868656</TT>
      <CFMAX>2.6080971677318776</CFMAX>
      <SP>0</SP>
      <SFCF>0.50015443494018</SFCF>
      <CFR>0.078537740578147247</CFR>
      <CWH>0.1000098951557374</CWH>
      <CFGlacier>1</CFGlacier>
      <CFSlope>1</CFSlope>
      <FC>293.78340341518719</FC>
      <LP>0.36130605315523612</LP>
      <BETA>1.69055093058799</BETA>
    </VegetationZoneParameters>
  </VegetationZone>
  <SubCatchment>
    <SubCatchmentParameters>
      <KSI>0.001</KSI>
      <KGmin>0.05</KGmin>
      <RangeKG>0.1</RangeKG>
      <AG>0.1</AG>
      <PERC>4.5897988362427977</PERC>
      <Alpha>0</Alpha>
      <UZL>64.382710417582629</UZL>
      <K0>0.19022367779332078</K0>
      <K1>0.6544506712213205</K1>
      <K2>0.12379240135121541</K2>
      <MAXBAS>1</MAXBAS>
      <Cet>0</Cet>
      <PCALT>10</PCALT>
      <TCALT>0.6</TCALT>
      <Pelev>0</Pelev>
      <Telev>0</Telev>
      <PART>0.5</PART>
      <DELAY>1</DELAY>
    </SubCatchmentParameters>
    <SubCatchmentVegetationZone>
      <SubCatchmentVegetationZoneParameters>
        <TT>0.65481428516868656</TT>
        <CFMAX>2.6080971677318776</CFMAX>
        <SP>0</SP>
        <SFCF>0.50015443494018</SFCF>
        <CFR>0.078537740578147247</CFR>
        <CWH>0.1000098951557374</CWH>
        <CFGlacier>1</CFGlacier>
        <CFSlope>1</CFSlope>
        <FC>293.78340341518719</FC>
        <LP>0.36130605315523612</LP>
        <BETA>1.69055093058799</BETA>
      </SubCatchmentVegetationZoneParameters>
    </SubCatchmentVegetationZone>
  </SubCatchment>
</Catchment>