<?xml version="1.0" encoding="utf-8"?>
<Catchment xmlns:xsi="http://www.w3.org/2001/XMLSchema-instance" xmlns:xsd="http://www.w3.org/2001/XMLSchema">
  <CatchmentParameters>
    <KSI>0.001</KSI>
    <KGmin>0.05</KGmin>
    <RangeKG>0.1</RangeKG>
    <AG>0.1</AG>
    <PERC>3.5471214100086663</PERC>
    <Alpha>0</Alpha>
    <UZL>14.0355497378299</UZL>
    <K0>0.98999448041881688</K0>
    <K1>0.47271243181873113</K1>
    <K2>0.12364672494063277</K2>
    <MAXBAS>1</MAXBAS>
    <Cet>0</Cet>
    <PCALT>10</PCALT>
    <TCALT>0.6</TCALT>
    <Pelev>0</Pelev>
    <Telev>0</Telev>
    <PART>0.5</PART>
    <DELAY>1</DELAY>
  </CatchmentParameters>
  <VegetationZone>
    <VegetationZoneParameters>
      <TT>-1.026076780128276</TT>
      <CFMAX>2.9603735734929808</CFMAX>
      <SP>0</SP>
      <SFCF>0.50000010138484763</SFCF>
      <CFR>0.062938562515045718</CFR>
      <CWH>0.19997766729419936</CWH>
      <CFGlacier>1</CFGlacier>
      <CFSlope>1</CFSlope>
      <FC>181.82764095915957</FC>
      <LP>0.40536147679772294</LP>
      <BETA>2.3262747436988915</BETA>
    </VegetationZoneParameters>
  </VegetationZone>
  <SubCatchment>
    <SubCatchmentParameters>
      <KSI>0.001</KSI>
      <KGmin>0.05</KGmin>
      <RangeKG>0.1</RangeKG>
      <AG>0.1</AG>
      <PERC>3.5471214100086663</PERC>
      <Alpha>0</Alpha>
      <UZL>14.0355497378299</UZL>
      <K0>0.98999448041881688</K0>
      <K1>0.47271243181873113</K1>
      <K2>0.12364672494063277</K2>
      <MAXBAS>1</MAXBAS>
      <Cet>0</Cet>
      <PCALT>10</PCALT>
      <TCALT>0.6</TCALT>
      <Pelev>0</Pelev>
      <Telev>0</Telev>
      <PART>0.5</PART>
      <DELAY>1</DELAY>
    </SubCatchmentParameters>
    <SubCatchmentVegetationZone>
      <SubCatchmentVegetationZoneParameters>
        <TT>-1.026076780128276</TT>
        <CFMAX>2.9603735734929808</CFMAX>
        <SP>0</SP>
        <SFCF>0.50000010138484763</SFCF>
        <CFR>0.062938562515045718</CFR>
        <CWH>0.19997766729419936</CWH>
        <CFGlacier>1</CFGlacier>
        <CFSlope>1</CFSlope>
        <FC>181.82764095915957</FC>
        <LP>0.40536147679772294</LP>
        <BETA>2.3262747436988915</BETA>
      </SubCatchmentVegetationZoneParameters>
    </SubCatchmentVegetationZone>
  </SubCatchment>
</Catchment>