<?xml version="1.0" encoding="utf-8"?>
<Catchment xmlns:xsi="http://www.w3.org/2001/XMLSchema-instance" xmlns:xsd="http://www.w3.org/2001/XMLSchema">
  <CatchmentParameters>
    <KSI>0.001</KSI>
    <KGmin>0.05</KGmin>
    <RangeKG>0.1</RangeKG>
    <AG>0.1</AG>
    <PERC>3.8630696172679921</PERC>
    <Alpha>0</Alpha>
    <UZL>158.56567262861674</UZL>
    <K0>0.47776031436410932</K0>
    <K1>0.79999956091449154</K1>
    <K2>0.10609302862099657</K2>
    <MAXBAS>1</MAXBAS>
    <Cet>0</Cet>
    <PCALT>10</PCALT>
    <TCALT>0.6</TCALT>
    <Pelev>0</Pelev>
    <Telev>0</Telev>
    <PART>0.5</PART>
    <DELAY>1</DELAY>
  </CatchmentParameters>
  <VegetationZone>
    <VegetationZoneParameters>
      <TT>2.473902378546502</TT>
      <CFMAX>0.504864249728708</CFMAX>
      <SP>0</SP>
      <SFCF>0.5000014914706552</SFCF>
      <CFR>0.098275893045076612</CFR>
      <CWH>0.19999633770611464</CWH>
      <CFGlacier>1</CFGlacier>
      <CFSlope>1</CFSlope>
      <FC>1964.0914037942516</FC>
      <LP>0.71717551893203457</LP>
      <BETA>2.8693733687890739</BETA>
    </VegetationZoneParameters>
  </VegetationZone>
  <SubCatchment>
    <SubCatchmentParameters>
      <KSI>0.001</KSI>
      <KGmin>0.05</KGmin>
      <RangeKG>0.1</RangeKG>
      <AG>0.1</AG>
      <PERC>3.8630696172679921</PERC>
      <Alpha>0</Alpha>
      <UZL>158.56567262861674</UZL>
      <K0>0.47776031436410932</K0>
      <K1>0.79999956091449154</K1>
      <K2>0.10609302862099657</K2>
      <MAXBAS>1</MAXBAS>
      <Cet>0</Cet>
      <PCALT>10</PCALT>
      <TCALT>0.6</TCALT>
      <Pelev>0</Pelev>
      <Telev>0</Telev>
      <PART>0.5</PART>
      <DELAY>1</DELAY>
    </SubCatchmentParameters>
    <SubCatchmentVegetationZone>
      <SubCatchmentVegetationZoneParameters>
        <TT>2.473902378546502</TT>
        <CFMAX>0.504864249728708</CFMAX>
        <SP>0</SP>
        <SFCF>0.5000014914706552</SFCF>
        <CFR>0.098275893045076612</CFR>
        <CWH>0.19999633770611464</CWH>
        <CFGlacier>1</CFGlacier>
        <CFSlope>1</CFSlope>
        <FC>1964.0914037942516</FC>
        <LP>0.71717551893203457</LP>
        <BETA>2.8693733687890739</BETA>
      </SubCatchmentVegetationZoneParameters>
    </SubCatchmentVegetationZone>
  </SubCatchment>
</Catchment>