<?xml version="1.0" encoding="utf-8"?>
<Catchment xmlns:xsi="http://www.w3.org/2001/XMLSchema-instance" xmlns:xsd="http://www.w3.org/2001/XMLSchema">
  <CatchmentParameters>
    <KSI>0.001</KSI>
    <KGmin>0.05</KGmin>
    <RangeKG>0.1</RangeKG>
    <AG>0.1</AG>
    <PERC>4.8837709929057258</PERC>
    <Alpha>0</Alpha>
    <UZL>63.672795312190893</UZL>
    <K0>0.83122969397318935</K0>
    <K1>0.62825742919912875</K1>
    <K2>0.12880935687734033</K2>
    <MAXBAS>1</MAXBAS>
    <Cet>0</Cet>
    <PCALT>10</PCALT>
    <TCALT>0.6</TCALT>
    <Pelev>0</Pelev>
    <Telev>0</Telev>
    <PART>0.5</PART>
    <DELAY>1</DELAY>
  </CatchmentParameters>
  <VegetationZone>
    <VegetationZoneParameters>
      <TT>2.4999887414753608</TT>
      <CFMAX>0.50000010338564349</CFMAX>
      <SP>0</SP>
      <SFCF>0.51891143001351081</SFCF>
      <CFR>0.029103589404120625</CFR>
      <CWH>0.1999984944070925</CWH>
      <CFGlacier>1</CFGlacier>
      <CFSlope>1</CFSlope>
      <FC>282.05648213281654</FC>
      <LP>0.62164287858586043</LP>
      <BETA>2.6124983164789439</BETA>
    </VegetationZoneParameters>
  </VegetationZone>
  <SubCatchment>
    <SubCatchmentParameters>
      <KSI>0.001</KSI>
      <KGmin>0.05</KGmin>
      <RangeKG>0.1</RangeKG>
      <AG>0.1</AG>
      <PERC>4.8837709929057258</PERC>
      <Alpha>0</Alpha>
      <UZL>63.672795312190893</UZL>
      <K0>0.83122969397318935</K0>
      <K1>0.62825742919912875</K1>
      <K2>0.12880935687734033</K2>
      <MAXBAS>1</MAXBAS>
      <Cet>0</Cet>
      <PCALT>10</PCALT>
      <TCALT>0.6</TCALT>
      <Pelev>0</Pelev>
      <Telev>0</Telev>
      <PART>0.5</PART>
      <DELAY>1</DELAY>
    </SubCatchmentParameters>
    <SubCatchmentVegetationZone>
      <SubCatchmentVegetationZoneParameters>
        <TT>2.4999887414753608</TT>
        <CFMAX>0.50000010338564349</CFMAX>
        <SP>0</SP>
        <SFCF>0.51891143001351081</SFCF>
        <CFR>0.029103589404120625</CFR>
        <CWH>0.1999984944070925</CWH>
        <CFGlacier>1</CFGlacier>
        <CFSlope>1</CFSlope>
        <FC>282.05648213281654</FC>
        <LP>0.62164287858586043</LP>
        <BETA>2.6124983164789439</BETA>
      </SubCatchmentVegetationZoneParameters>
    </SubCatchmentVegetationZone>
  </SubCatchment>
</Catchment>