<?xml version="1.0" encoding="utf-8"?>
<Catchment xmlns:xsi="http://www.w3.org/2001/XMLSchema-instance" xmlns:xsd="http://www.w3.org/2001/XMLSchema">
  <CatchmentParameters>
    <KSI>0.001</KSI>
    <KGmin>0.05</KGmin>
    <RangeKG>0.1</RangeKG>
    <AG>0.1</AG>
    <PERC>4.931286694670983</PERC>
    <Alpha>0</Alpha>
    <UZL>140.84152676712225</UZL>
    <K0>0.086610587971410774</K0>
    <K1>0.55305558207381156</K1>
    <K2>0.13329582593959838</K2>
    <MAXBAS>1</MAXBAS>
    <Cet>0</Cet>
    <PCALT>10</PCALT>
    <TCALT>0.6</TCALT>
    <Pelev>0</Pelev>
    <Telev>0</Telev>
    <PART>0.5</PART>
    <DELAY>1</DELAY>
  </CatchmentParameters>
  <VegetationZone>
    <VegetationZoneParameters>
      <TT>0.96384308137757291</TT>
      <CFMAX>4.1500028160046716</CFMAX>
      <SP>0</SP>
      <SFCF>0.50369680812073381</SFCF>
      <CFR>0.060778648966546223</CFR>
      <CWH>0.10000430848428007</CWH>
      <CFGlacier>1</CFGlacier>
      <CFSlope>1</CFSlope>
      <FC>239.2719118076225</FC>
      <LP>0.80706596095277072</LP>
      <BETA>3.8856525923952034</BETA>
    </VegetationZoneParameters>
  </VegetationZone>
  <SubCatchment>
    <SubCatchmentParameters>
      <KSI>0.001</KSI>
      <KGmin>0.05</KGmin>
      <RangeKG>0.1</RangeKG>
      <AG>0.1</AG>
      <PERC>4.931286694670983</PERC>
      <Alpha>0</Alpha>
      <UZL>140.84152676712225</UZL>
      <K0>0.086610587971410774</K0>
      <K1>0.55305558207381156</K1>
      <K2>0.13329582593959838</K2>
      <MAXBAS>1</MAXBAS>
      <Cet>0</Cet>
      <PCALT>10</PCALT>
      <TCALT>0.6</TCALT>
      <Pelev>0</Pelev>
      <Telev>0</Telev>
      <PART>0.5</PART>
      <DELAY>1</DELAY>
    </SubCatchmentParameters>
    <SubCatchmentVegetationZone>
      <SubCatchmentVegetationZoneParameters>
        <TT>0.96384308137757291</TT>
        <CFMAX>4.1500028160046716</CFMAX>
        <SP>0</SP>
        <SFCF>0.50369680812073381</SFCF>
        <CFR>0.060778648966546223</CFR>
        <CWH>0.10000430848428007</CWH>
        <CFGlacier>1</CFGlacier>
        <CFSlope>1</CFSlope>
        <FC>239.2719118076225</FC>
        <LP>0.80706596095277072</LP>
        <BETA>3.8856525923952034</BETA>
      </SubCatchmentVegetationZoneParameters>
    </SubCatchmentVegetationZone>
  </SubCatchment>
</Catchment>