<?xml version="1.0" encoding="utf-8"?>
<Catchment xmlns:xsi="http://www.w3.org/2001/XMLSchema-instance" xmlns:xsd="http://www.w3.org/2001/XMLSchema">
  <CatchmentParameters>
    <KSI>0.001</KSI>
    <KGmin>0.05</KGmin>
    <RangeKG>0.1</RangeKG>
    <AG>0.1</AG>
    <PERC>3.9494006691820984</PERC>
    <Alpha>0</Alpha>
    <UZL>23.443284590947258</UZL>
    <K0>0.54922000926496473</K0>
    <K1>0.79999987377790938</K1>
    <K2>0.1131433201018487</K2>
    <MAXBAS>1</MAXBAS>
    <Cet>0</Cet>
    <PCALT>10</PCALT>
    <TCALT>0.6</TCALT>
    <Pelev>0</Pelev>
    <Telev>0</Telev>
    <PART>0.5</PART>
    <DELAY>1</DELAY>
  </CatchmentParameters>
  <VegetationZone>
    <VegetationZoneParameters>
      <TT>1.9159769285901398</TT>
      <CFMAX>0.50000012456345055</CFMAX>
      <SP>0</SP>
      <SFCF>0.81011711680507548</SFCF>
      <CFR>0.074517129989979766</CFR>
      <CWH>0.19999791164169375</CWH>
      <CFGlacier>1</CFGlacier>
      <CFSlope>1</CFSlope>
      <FC>2461.5406832485282</FC>
      <LP>0.79222234070827</LP>
      <BETA>3.7565086590318653</BETA>
    </VegetationZoneParameters>
  </VegetationZone>
  <SubCatchment>
    <SubCatchmentParameters>
      <KSI>0.001</KSI>
      <KGmin>0.05</KGmin>
      <RangeKG>0.1</RangeKG>
      <AG>0.1</AG>
      <PERC>3.9494006691820984</PERC>
      <Alpha>0</Alpha>
      <UZL>23.443284590947258</UZL>
      <K0>0.54922000926496473</K0>
      <K1>0.79999987377790938</K1>
      <K2>0.1131433201018487</K2>
      <MAXBAS>1</MAXBAS>
      <Cet>0</Cet>
      <PCALT>10</PCALT>
      <TCALT>0.6</TCALT>
      <Pelev>0</Pelev>
      <Telev>0</Telev>
      <PART>0.5</PART>
      <DELAY>1</DELAY>
    </SubCatchmentParameters>
    <SubCatchmentVegetationZone>
      <SubCatchmentVegetationZoneParameters>
        <TT>1.9159769285901398</TT>
        <CFMAX>0.50000012456345055</CFMAX>
        <SP>0</SP>
        <SFCF>0.81011711680507548</SFCF>
        <CFR>0.074517129989979766</CFR>
        <CWH>0.19999791164169375</CWH>
        <CFGlacier>1</CFGlacier>
        <CFSlope>1</CFSlope>
        <FC>2461.5406832485282</FC>
        <LP>0.79222234070827</LP>
        <BETA>3.7565086590318653</BETA>
      </SubCatchmentVegetationZoneParameters>
    </SubCatchmentVegetationZone>
  </SubCatchment>
</Catchment>