<?xml version="1.0" encoding="utf-8"?>
<Catchment xmlns:xsi="http://www.w3.org/2001/XMLSchema-instance" xmlns:xsd="http://www.w3.org/2001/XMLSchema">
  <CatchmentParameters>
    <KSI>0.001</KSI>
    <KGmin>0.05</KGmin>
    <RangeKG>0.1</RangeKG>
    <AG>0.1</AG>
    <PERC>4.9728595125087764</PERC>
    <Alpha>0</Alpha>
    <UZL>119.79709579618354</UZL>
    <K0>0.54853546904976846</K0>
    <K1>0.55265500602450524</K1>
    <K2>0.13354917930079996</K2>
    <MAXBAS>1</MAXBAS>
    <Cet>0</Cet>
    <PCALT>10</PCALT>
    <TCALT>0.6</TCALT>
    <Pelev>0</Pelev>
    <Telev>0</Telev>
    <PART>0.5</PART>
    <DELAY>1</DELAY>
  </CatchmentParameters>
  <VegetationZone>
    <VegetationZoneParameters>
      <TT>0.9139471466935678</TT>
      <CFMAX>3.5620217538985388</CFMAX>
      <SP>0</SP>
      <SFCF>0.50960595314433543</SFCF>
      <CFR>0.01299471656719727</CFR>
      <CWH>0.10000738085222274</CWH>
      <CFGlacier>1</CFGlacier>
      <CFSlope>1</CFSlope>
      <FC>239.95999181397627</FC>
      <LP>0.81943884802941769</LP>
      <BETA>3.9836375396243975</BETA>
    </VegetationZoneParameters>
  </VegetationZone>
  <SubCatchment>
    <SubCatchmentParameters>
      <KSI>0.001</KSI>
      <KGmin>0.05</KGmin>
      <RangeKG>0.1</RangeKG>
      <AG>0.1</AG>
      <PERC>4.9728595125087764</PERC>
      <Alpha>0</Alpha>
      <UZL>119.79709579618354</UZL>
      <K0>0.54853546904976846</K0>
      <K1>0.55265500602450524</K1>
      <K2>0.13354917930079996</K2>
      <MAXBAS>1</MAXBAS>
      <Cet>0</Cet>
      <PCALT>10</PCALT>
      <TCALT>0.6</TCALT>
      <Pelev>0</Pelev>
      <Telev>0</Telev>
      <PART>0.5</PART>
      <DELAY>1</DELAY>
    </SubCatchmentParameters>
    <SubCatchmentVegetationZone>
      <SubCatchmentVegetationZoneParameters>
        <TT>0.9139471466935678</TT>
        <CFMAX>3.5620217538985388</CFMAX>
        <SP>0</SP>
        <SFCF>0.50960595314433543</SFCF>
        <CFR>0.01299471656719727</CFR>
        <CWH>0.10000738085222274</CWH>
        <CFGlacier>1</CFGlacier>
        <CFSlope>1</CFSlope>
        <FC>239.95999181397627</FC>
        <LP>0.81943884802941769</LP>
        <BETA>3.9836375396243975</BETA>
      </SubCatchmentVegetationZoneParameters>
    </SubCatchmentVegetationZone>
  </SubCatchment>
</Catchment>