<?xml version="1.0" encoding="utf-8"?>
<Catchment xmlns:xsi="http://www.w3.org/2001/XMLSchema-instance" xmlns:xsd="http://www.w3.org/2001/XMLSchema">
  <CatchmentParameters>
    <KSI>0.001</KSI>
    <KGmin>0.05</KGmin>
    <RangeKG>0.1</RangeKG>
    <AG>0.1</AG>
    <PERC>3.9817991652229323</PERC>
    <Alpha>0</Alpha>
    <UZL>111.34008110539129</UZL>
    <K0>0.5298598261771309</K0>
    <K1>0.79997059359775846</K1>
    <K2>0.11796961395073773</K2>
    <MAXBAS>1</MAXBAS>
    <Cet>0</Cet>
    <PCALT>10</PCALT>
    <TCALT>0.6</TCALT>
    <Pelev>0</Pelev>
    <Telev>0</Telev>
    <PART>0.5</PART>
    <DELAY>1</DELAY>
  </CatchmentParameters>
  <VegetationZone>
    <VegetationZoneParameters>
      <TT>2.4090235248674681</TT>
      <CFMAX>0.568465604035401</CFMAX>
      <SP>0</SP>
      <SFCF>0.9305125039351142</SFCF>
      <CFR>0.0274166671693464</CFR>
      <CWH>0.19999992203228292</CWH>
      <CFGlacier>1</CFGlacier>
      <CFSlope>1</CFSlope>
      <FC>1754.7671872229075</FC>
      <LP>0.87182653653095943</LP>
      <BETA>4.2252630986207613</BETA>
    </VegetationZoneParameters>
  </VegetationZone>
  <SubCatchment>
    <SubCatchmentParameters>
      <KSI>0.001</KSI>
      <KGmin>0.05</KGmin>
      <RangeKG>0.1</RangeKG>
      <AG>0.1</AG>
      <PERC>3.9817991652229323</PERC>
      <Alpha>0</Alpha>
      <UZL>111.34008110539129</UZL>
      <K0>0.5298598261771309</K0>
      <K1>0.79997059359775846</K1>
      <K2>0.11796961395073773</K2>
      <MAXBAS>1</MAXBAS>
      <Cet>0</Cet>
      <PCALT>10</PCALT>
      <TCALT>0.6</TCALT>
      <Pelev>0</Pelev>
      <Telev>0</Telev>
      <PART>0.5</PART>
      <DELAY>1</DELAY>
    </SubCatchmentParameters>
    <SubCatchmentVegetationZone>
      <SubCatchmentVegetationZoneParameters>
        <TT>2.4090235248674681</TT>
        <CFMAX>0.568465604035401</CFMAX>
        <SP>0</SP>
        <SFCF>0.9305125039351142</SFCF>
        <CFR>0.0274166671693464</CFR>
        <CWH>0.19999992203228292</CWH>
        <CFGlacier>1</CFGlacier>
        <CFSlope>1</CFSlope>
        <FC>1754.7671872229075</FC>
        <LP>0.87182653653095943</LP>
        <BETA>4.2252630986207613</BETA>
      </SubCatchmentVegetationZoneParameters>
    </SubCatchmentVegetationZone>
  </SubCatchment>
</Catchment>