<?xml version="1.0" encoding="utf-8"?>
<Catchment xmlns:xsi="http://www.w3.org/2001/XMLSchema-instance" xmlns:xsd="http://www.w3.org/2001/XMLSchema">
  <CatchmentParameters>
    <KSI>0.001</KSI>
    <KGmin>0.05</KGmin>
    <RangeKG>0.1</RangeKG>
    <AG>0.1</AG>
    <PERC>3.5095256581863938</PERC>
    <Alpha>0</Alpha>
    <UZL>106.06456175303906</UZL>
    <K0>0.083623536798270309</K0>
    <K1>0.55215216437735826</K1>
    <K2>0.11642767815983372</K2>
    <MAXBAS>1</MAXBAS>
    <Cet>0</Cet>
    <PCALT>10</PCALT>
    <TCALT>0.6</TCALT>
    <Pelev>0</Pelev>
    <Telev>0</Telev>
    <PART>0.5</PART>
    <DELAY>1</DELAY>
  </CatchmentParameters>
  <VegetationZone>
    <VegetationZoneParameters>
      <TT>-1.0260221549673</TT>
      <CFMAX>2.9605145155368278</CFMAX>
      <SP>0</SP>
      <SFCF>0.50000007687769965</SFCF>
      <CFR>0.019981258609128805</CFR>
      <CWH>0.19996292419037345</CWH>
      <CFGlacier>1</CFGlacier>
      <CFSlope>1</CFSlope>
      <FC>156.2408772285138</FC>
      <LP>0.44455312073135117</LP>
      <BETA>2.8517941370469004</BETA>
    </VegetationZoneParameters>
  </VegetationZone>
  <SubCatchment>
    <SubCatchmentParameters>
      <KSI>0.001</KSI>
      <KGmin>0.05</KGmin>
      <RangeKG>0.1</RangeKG>
      <AG>0.1</AG>
      <PERC>3.5095256581863938</PERC>
      <Alpha>0</Alpha>
      <UZL>106.06456175303906</UZL>
      <K0>0.083623536798270309</K0>
      <K1>0.55215216437735826</K1>
      <K2>0.11642767815983372</K2>
      <MAXBAS>1</MAXBAS>
      <Cet>0</Cet>
      <PCALT>10</PCALT>
      <TCALT>0.6</TCALT>
      <Pelev>0</Pelev>
      <Telev>0</Telev>
      <PART>0.5</PART>
      <DELAY>1</DELAY>
    </SubCatchmentParameters>
    <SubCatchmentVegetationZone>
      <SubCatchmentVegetationZoneParameters>
        <TT>-1.0260221549673</TT>
        <CFMAX>2.9605145155368278</CFMAX>
        <SP>0</SP>
        <SFCF>0.50000007687769965</SFCF>
        <CFR>0.019981258609128805</CFR>
        <CWH>0.19996292419037345</CWH>
        <CFGlacier>1</CFGlacier>
        <CFSlope>1</CFSlope>
        <FC>156.2408772285138</FC>
        <LP>0.44455312073135117</LP>
        <BETA>2.8517941370469004</BETA>
      </SubCatchmentVegetationZoneParameters>
    </SubCatchmentVegetationZone>
  </SubCatchment>
</Catchment>