<?xml version="1.0" encoding="utf-8"?>
<Catchment xmlns:xsi="http://www.w3.org/2001/XMLSchema-instance" xmlns:xsd="http://www.w3.org/2001/XMLSchema">
  <CatchmentParameters>
    <KSI>0.001</KSI>
    <KGmin>0.05</KGmin>
    <RangeKG>0.1</RangeKG>
    <AG>0.1</AG>
    <PERC>4.8391822266709346</PERC>
    <Alpha>0</Alpha>
    <UZL>135.9261338680318</UZL>
    <K0>0.51810147164573228</K0>
    <K1>0.55942461177867675</K1>
    <K2>0.11645150510372658</K2>
    <MAXBAS>1</MAXBAS>
    <Cet>0</Cet>
    <PCALT>10</PCALT>
    <TCALT>0.6</TCALT>
    <Pelev>0</Pelev>
    <Telev>0</Telev>
    <PART>0.5</PART>
    <DELAY>1</DELAY>
  </CatchmentParameters>
  <VegetationZone>
    <VegetationZoneParameters>
      <TT>0.454013154592393</TT>
      <CFMAX>4.999916609614723</CFMAX>
      <SP>0</SP>
      <SFCF>0.5000000709999679</SFCF>
      <CFR>0.062650485092852967</CFR>
      <CWH>0.10000278209316414</CWH>
      <CFGlacier>1</CFGlacier>
      <CFSlope>1</CFSlope>
      <FC>143.78069291147077</FC>
      <LP>0.47555897066529196</LP>
      <BETA>3.2698678899915135</BETA>
    </VegetationZoneParameters>
  </VegetationZone>
  <SubCatchment>
    <SubCatchmentParameters>
      <KSI>0.001</KSI>
      <KGmin>0.05</KGmin>
      <RangeKG>0.1</RangeKG>
      <AG>0.1</AG>
      <PERC>4.8391822266709346</PERC>
      <Alpha>0</Alpha>
      <UZL>135.9261338680318</UZL>
      <K0>0.51810147164573228</K0>
      <K1>0.55942461177867675</K1>
      <K2>0.11645150510372658</K2>
      <MAXBAS>1</MAXBAS>
      <Cet>0</Cet>
      <PCALT>10</PCALT>
      <TCALT>0.6</TCALT>
      <Pelev>0</Pelev>
      <Telev>0</Telev>
      <PART>0.5</PART>
      <DELAY>1</DELAY>
    </SubCatchmentParameters>
    <SubCatchmentVegetationZone>
      <SubCatchmentVegetationZoneParameters>
        <TT>0.454013154592393</TT>
        <CFMAX>4.999916609614723</CFMAX>
        <SP>0</SP>
        <SFCF>0.5000000709999679</SFCF>
        <CFR>0.062650485092852967</CFR>
        <CWH>0.10000278209316414</CWH>
        <CFGlacier>1</CFGlacier>
        <CFSlope>1</CFSlope>
        <FC>143.78069291147077</FC>
        <LP>0.47555897066529196</LP>
        <BETA>3.2698678899915135</BETA>
      </SubCatchmentVegetationZoneParameters>
    </SubCatchmentVegetationZone>
  </SubCatchment>
</Catchment>