<?xml version="1.0" encoding="utf-8"?>
<Catchment xmlns:xsi="http://www.w3.org/2001/XMLSchema-instance" xmlns:xsd="http://www.w3.org/2001/XMLSchema">
  <CatchmentParameters>
    <KSI>0.001</KSI>
    <KGmin>0.05</KGmin>
    <RangeKG>0.1</RangeKG>
    <AG>0.1</AG>
    <PERC>4.9184956510238109</PERC>
    <Alpha>0</Alpha>
    <UZL>0.70854953544692656</UZL>
    <K0>0.98999884168781926</K0>
    <K1>0.69451010446493233</K1>
    <K2>0.10436766776461279</K2>
    <MAXBAS>1</MAXBAS>
    <Cet>0</Cet>
    <PCALT>10</PCALT>
    <TCALT>0.6</TCALT>
    <Pelev>0</Pelev>
    <Telev>0</Telev>
    <PART>0.5</PART>
    <DELAY>1</DELAY>
  </CatchmentParameters>
  <VegetationZone>
    <VegetationZoneParameters>
      <TT>2.4999847983067545</TT>
      <CFMAX>0.50000274692285429</CFMAX>
      <SP>0</SP>
      <SFCF>0.50000000061219008</SFCF>
      <CFR>0.039884209158280774</CFR>
      <CWH>0.19999777105851679</CWH>
      <CFGlacier>1</CFGlacier>
      <CFSlope>1</CFSlope>
      <FC>2009.9645342647525</FC>
      <LP>0.7829718146152318</LP>
      <BETA>3.3263110746405307</BETA>
    </VegetationZoneParameters>
  </VegetationZone>
  <SubCatchment>
    <SubCatchmentParameters>
      <KSI>0.001</KSI>
      <KGmin>0.05</KGmin>
      <RangeKG>0.1</RangeKG>
      <AG>0.1</AG>
      <PERC>4.9184956510238109</PERC>
      <Alpha>0</Alpha>
      <UZL>0.70854953544692656</UZL>
      <K0>0.98999884168781926</K0>
      <K1>0.69451010446493233</K1>
      <K2>0.10436766776461279</K2>
      <MAXBAS>1</MAXBAS>
      <Cet>0</Cet>
      <PCALT>10</PCALT>
      <TCALT>0.6</TCALT>
      <Pelev>0</Pelev>
      <Telev>0</Telev>
      <PART>0.5</PART>
      <DELAY>1</DELAY>
    </SubCatchmentParameters>
    <SubCatchmentVegetationZone>
      <SubCatchmentVegetationZoneParameters>
        <TT>2.4999847983067545</TT>
        <CFMAX>0.50000274692285429</CFMAX>
        <SP>0</SP>
        <SFCF>0.50000000061219008</SFCF>
        <CFR>0.039884209158280774</CFR>
        <CWH>0.19999777105851679</CWH>
        <CFGlacier>1</CFGlacier>
        <CFSlope>1</CFSlope>
        <FC>2009.9645342647525</FC>
        <LP>0.7829718146152318</LP>
        <BETA>3.3263110746405307</BETA>
      </SubCatchmentVegetationZoneParameters>
    </SubCatchmentVegetationZone>
  </SubCatchment>
</Catchment>