<?xml version="1.0" encoding="utf-8"?>
<Catchment xmlns:xsi="http://www.w3.org/2001/XMLSchema-instance" xmlns:xsd="http://www.w3.org/2001/XMLSchema">
  <CatchmentParameters>
    <KSI>0.001</KSI>
    <KGmin>0.05</KGmin>
    <RangeKG>0.1</RangeKG>
    <AG>0.1</AG>
    <PERC>3.7065406625963297</PERC>
    <Alpha>0</Alpha>
    <UZL>107.71909188452518</UZL>
    <K0>0.24678275862981192</K0>
    <K1>0.586603264426647</K1>
    <K2>0.11976924233945073</K2>
    <MAXBAS>1</MAXBAS>
    <Cet>0</Cet>
    <PCALT>10</PCALT>
    <TCALT>0.6</TCALT>
    <Pelev>0</Pelev>
    <Telev>0</Telev>
    <PART>0.5</PART>
    <DELAY>1</DELAY>
  </CatchmentParameters>
  <VegetationZone>
    <VegetationZoneParameters>
      <TT>0.45407800055973485</TT>
      <CFMAX>4.999917114276391</CFMAX>
      <SP>0</SP>
      <SFCF>0.50000015318820545</SFCF>
      <CFR>0.022945982480091495</CFR>
      <CWH>0.10002149175567338</CWH>
      <CFGlacier>1</CFGlacier>
      <CFSlope>1</CFSlope>
      <FC>206.4201024860991</FC>
      <LP>0.32900763557190321</LP>
      <BETA>1.8890546320959289</BETA>
    </VegetationZoneParameters>
  </VegetationZone>
  <SubCatchment>
    <SubCatchmentParameters>
      <KSI>0.001</KSI>
      <KGmin>0.05</KGmin>
      <RangeKG>0.1</RangeKG>
      <AG>0.1</AG>
      <PERC>3.7065406625963297</PERC>
      <Alpha>0</Alpha>
      <UZL>107.71909188452518</UZL>
      <K0>0.24678275862981192</K0>
      <K1>0.586603264426647</K1>
      <K2>0.11976924233945073</K2>
      <MAXBAS>1</MAXBAS>
      <Cet>0</Cet>
      <PCALT>10</PCALT>
      <TCALT>0.6</TCALT>
      <Pelev>0</Pelev>
      <Telev>0</Telev>
      <PART>0.5</PART>
      <DELAY>1</DELAY>
    </SubCatchmentParameters>
    <SubCatchmentVegetationZone>
      <SubCatchmentVegetationZoneParameters>
        <TT>0.45407800055973485</TT>
        <CFMAX>4.999917114276391</CFMAX>
        <SP>0</SP>
        <SFCF>0.50000015318820545</SFCF>
        <CFR>0.022945982480091495</CFR>
        <CWH>0.10002149175567338</CWH>
        <CFGlacier>1</CFGlacier>
        <CFSlope>1</CFSlope>
        <FC>206.4201024860991</FC>
        <LP>0.32900763557190321</LP>
        <BETA>1.8890546320959289</BETA>
      </SubCatchmentVegetationZoneParameters>
    </SubCatchmentVegetationZone>
  </SubCatchment>
</Catchment>