<?xml version="1.0" encoding="utf-8"?>
<Catchment xmlns:xsi="http://www.w3.org/2001/XMLSchema-instance" xmlns:xsd="http://www.w3.org/2001/XMLSchema">
  <CatchmentParameters>
    <KSI>0.001</KSI>
    <KGmin>0.05</KGmin>
    <RangeKG>0.1</RangeKG>
    <AG>0.1</AG>
    <PERC>4.8296004166152962</PERC>
    <Alpha>0</Alpha>
    <UZL>2.3102530618234729</UZL>
    <K0>0.98999682947204382</K0>
    <K1>0.79991613020097918</K1>
    <K2>0.11088100252327078</K2>
    <MAXBAS>1</MAXBAS>
    <Cet>0</Cet>
    <PCALT>10</PCALT>
    <TCALT>0.6</TCALT>
    <Pelev>0</Pelev>
    <Telev>0</Telev>
    <PART>0.5</PART>
    <DELAY>1</DELAY>
  </CatchmentParameters>
  <VegetationZone>
    <VegetationZoneParameters>
      <TT>2.4999994087503579</TT>
      <CFMAX>0.50000016258908131</CFMAX>
      <SP>0</SP>
      <SFCF>0.50239497728370675</SFCF>
      <CFR>0.091390786367512758</CFR>
      <CWH>0.19999766017631404</CWH>
      <CFGlacier>1</CFGlacier>
      <CFSlope>1</CFSlope>
      <FC>1356.1620064021508</FC>
      <LP>0.88635896944852155</LP>
      <BETA>3.7674075464690815</BETA>
    </VegetationZoneParameters>
  </VegetationZone>
  <SubCatchment>
    <SubCatchmentParameters>
      <KSI>0.001</KSI>
      <KGmin>0.05</KGmin>
      <RangeKG>0.1</RangeKG>
      <AG>0.1</AG>
      <PERC>4.8296004166152962</PERC>
      <Alpha>0</Alpha>
      <UZL>2.3102530618234729</UZL>
      <K0>0.98999682947204382</K0>
      <K1>0.79991613020097918</K1>
      <K2>0.11088100252327078</K2>
      <MAXBAS>1</MAXBAS>
      <Cet>0</Cet>
      <PCALT>10</PCALT>
      <TCALT>0.6</TCALT>
      <Pelev>0</Pelev>
      <Telev>0</Telev>
      <PART>0.5</PART>
      <DELAY>1</DELAY>
    </SubCatchmentParameters>
    <SubCatchmentVegetationZone>
      <SubCatchmentVegetationZoneParameters>
        <TT>2.4999994087503579</TT>
        <CFMAX>0.50000016258908131</CFMAX>
        <SP>0</SP>
        <SFCF>0.50239497728370675</SFCF>
        <CFR>0.091390786367512758</CFR>
        <CWH>0.19999766017631404</CWH>
        <CFGlacier>1</CFGlacier>
        <CFSlope>1</CFSlope>
        <FC>1356.1620064021508</FC>
        <LP>0.88635896944852155</LP>
        <BETA>3.7674075464690815</BETA>
      </SubCatchmentVegetationZoneParameters>
    </SubCatchmentVegetationZone>
  </SubCatchment>
</Catchment>