<?xml version="1.0" encoding="utf-8"?>
<Catchment xmlns:xsi="http://www.w3.org/2001/XMLSchema-instance" xmlns:xsd="http://www.w3.org/2001/XMLSchema">
  <CatchmentParameters>
    <KSI>0.001</KSI>
    <KGmin>0.05</KGmin>
    <RangeKG>0.1</RangeKG>
    <AG>0.1</AG>
    <PERC>3.9990362224288538</PERC>
    <Alpha>0</Alpha>
    <UZL>147.7867604271955</UZL>
    <K0>0.40829670803778506</K0>
    <K1>0.799998104703198</K1>
    <K2>0.11895538710900461</K2>
    <MAXBAS>1</MAXBAS>
    <Cet>0</Cet>
    <PCALT>10</PCALT>
    <TCALT>0.6</TCALT>
    <Pelev>0</Pelev>
    <Telev>0</Telev>
    <PART>0.5</PART>
    <DELAY>1</DELAY>
  </CatchmentParameters>
  <VegetationZone>
    <VegetationZoneParameters>
      <TT>-0.74966018646794863</TT>
      <CFMAX>4.8055026427908869</CFMAX>
      <SP>0</SP>
      <SFCF>0.84132973255563759</SFCF>
      <CFR>0.02554424909555315</CFR>
      <CWH>0.19998558304808176</CWH>
      <CFGlacier>1</CFGlacier>
      <CFSlope>1</CFSlope>
      <FC>2323.5848753643795</FC>
      <LP>0.95927136829729465</LP>
      <BETA>5.2437693719231149</BETA>
    </VegetationZoneParameters>
  </VegetationZone>
  <SubCatchment>
    <SubCatchmentParameters>
      <KSI>0.001</KSI>
      <KGmin>0.05</KGmin>
      <RangeKG>0.1</RangeKG>
      <AG>0.1</AG>
      <PERC>3.9990362224288538</PERC>
      <Alpha>0</Alpha>
      <UZL>147.7867604271955</UZL>
      <K0>0.40829670803778506</K0>
      <K1>0.799998104703198</K1>
      <K2>0.11895538710900461</K2>
      <MAXBAS>1</MAXBAS>
      <Cet>0</Cet>
      <PCALT>10</PCALT>
      <TCALT>0.6</TCALT>
      <Pelev>0</Pelev>
      <Telev>0</Telev>
      <PART>0.5</PART>
      <DELAY>1</DELAY>
    </SubCatchmentParameters>
    <SubCatchmentVegetationZone>
      <SubCatchmentVegetationZoneParameters>
        <TT>-0.74966018646794863</TT>
        <CFMAX>4.8055026427908869</CFMAX>
        <SP>0</SP>
        <SFCF>0.84132973255563759</SFCF>
        <CFR>0.02554424909555315</CFR>
        <CWH>0.19998558304808176</CWH>
        <CFGlacier>1</CFGlacier>
        <CFSlope>1</CFSlope>
        <FC>2323.5848753643795</FC>
        <LP>0.95927136829729465</LP>
        <BETA>5.2437693719231149</BETA>
      </SubCatchmentVegetationZoneParameters>
    </SubCatchmentVegetationZone>
  </SubCatchment>
</Catchment>