<?xml version="1.0" encoding="utf-8"?>
<Catchment xmlns:xsi="http://www.w3.org/2001/XMLSchema-instance" xmlns:xsd="http://www.w3.org/2001/XMLSchema">
  <CatchmentParameters>
    <KSI>0.001</KSI>
    <KGmin>0.05</KGmin>
    <RangeKG>0.1</RangeKG>
    <AG>0.1</AG>
    <PERC>5.0207700835162976</PERC>
    <Alpha>0</Alpha>
    <UZL>2.3812165640080671</UZL>
    <K0>0.98999774690238074</K0>
    <K1>0.79999800089954154</K1>
    <K2>0.11471914705225079</K2>
    <MAXBAS>1</MAXBAS>
    <Cet>0</Cet>
    <PCALT>10</PCALT>
    <TCALT>0.6</TCALT>
    <Pelev>0</Pelev>
    <Telev>0</Telev>
    <PART>0.5</PART>
    <DELAY>1</DELAY>
  </CatchmentParameters>
  <VegetationZone>
    <VegetationZoneParameters>
      <TT>2.4999900479989035</TT>
      <CFMAX>0.5000000485103645</CFMAX>
      <SP>0</SP>
      <SFCF>0.65628747971517432</SFCF>
      <CFR>0.017959588077272388</CFR>
      <CWH>0.19999721309841742</CWH>
      <CFGlacier>1</CFGlacier>
      <CFSlope>1</CFSlope>
      <FC>1647.0539245697862</FC>
      <LP>0.92487695294824068</LP>
      <BETA>4.4792856798289176</BETA>
    </VegetationZoneParameters>
  </VegetationZone>
  <SubCatchment>
    <SubCatchmentParameters>
      <KSI>0.001</KSI>
      <KGmin>0.05</KGmin>
      <RangeKG>0.1</RangeKG>
      <AG>0.1</AG>
      <PERC>5.0207700835162976</PERC>
      <Alpha>0</Alpha>
      <UZL>2.3812165640080671</UZL>
      <K0>0.98999774690238074</K0>
      <K1>0.79999800089954154</K1>
      <K2>0.11471914705225079</K2>
      <MAXBAS>1</MAXBAS>
      <Cet>0</Cet>
      <PCALT>10</PCALT>
      <TCALT>0.6</TCALT>
      <Pelev>0</Pelev>
      <Telev>0</Telev>
      <PART>0.5</PART>
      <DELAY>1</DELAY>
    </SubCatchmentParameters>
    <SubCatchmentVegetationZone>
      <SubCatchmentVegetationZoneParameters>
        <TT>2.4999900479989035</TT>
        <CFMAX>0.5000000485103645</CFMAX>
        <SP>0</SP>
        <SFCF>0.65628747971517432</SFCF>
        <CFR>0.017959588077272388</CFR>
        <CWH>0.19999721309841742</CWH>
        <CFGlacier>1</CFGlacier>
        <CFSlope>1</CFSlope>
        <FC>1647.0539245697862</FC>
        <LP>0.92487695294824068</LP>
        <BETA>4.4792856798289176</BETA>
      </SubCatchmentVegetationZoneParameters>
    </SubCatchmentVegetationZone>
  </SubCatchment>
</Catchment>