<?xml version="1.0" encoding="utf-8"?>
<Catchment xmlns:xsi="http://www.w3.org/2001/XMLSchema-instance" xmlns:xsd="http://www.w3.org/2001/XMLSchema">
  <CatchmentParameters>
    <KSI>0.001</KSI>
    <KGmin>0.05</KGmin>
    <RangeKG>0.1</RangeKG>
    <AG>0.1</AG>
    <PERC>4.15844937707141</PERC>
    <Alpha>0</Alpha>
    <UZL>105.86113878974778</UZL>
    <K0>0.26553352229969407</K0>
    <K1>0.79999850101099723</K1>
    <K2>0.1072855697023027</K2>
    <MAXBAS>1</MAXBAS>
    <Cet>0</Cet>
    <PCALT>10</PCALT>
    <TCALT>0.6</TCALT>
    <Pelev>0</Pelev>
    <Telev>0</Telev>
    <PART>0.5</PART>
    <DELAY>1</DELAY>
  </CatchmentParameters>
  <VegetationZone>
    <VegetationZoneParameters>
      <TT>2.4999954239448794</TT>
      <CFMAX>0.50000000757830454</CFMAX>
      <SP>0</SP>
      <SFCF>0.54788021043158219</SFCF>
      <CFR>0.096805099954414733</CFR>
      <CWH>0.19999694443390398</CWH>
      <CFGlacier>1</CFGlacier>
      <CFSlope>1</CFSlope>
      <FC>1497.3808984605564</FC>
      <LP>0.75161692440769068</LP>
      <BETA>2.9434927035140661</BETA>
    </VegetationZoneParameters>
  </VegetationZone>
  <SubCatchment>
    <SubCatchmentParameters>
      <KSI>0.001</KSI>
      <KGmin>0.05</KGmin>
      <RangeKG>0.1</RangeKG>
      <AG>0.1</AG>
      <PERC>4.15844937707141</PERC>
      <Alpha>0</Alpha>
      <UZL>105.86113878974778</UZL>
      <K0>0.26553352229969407</K0>
      <K1>0.79999850101099723</K1>
      <K2>0.1072855697023027</K2>
      <MAXBAS>1</MAXBAS>
      <Cet>0</Cet>
      <PCALT>10</PCALT>
      <TCALT>0.6</TCALT>
      <Pelev>0</Pelev>
      <Telev>0</Telev>
      <PART>0.5</PART>
      <DELAY>1</DELAY>
    </SubCatchmentParameters>
    <SubCatchmentVegetationZone>
      <SubCatchmentVegetationZoneParameters>
        <TT>2.4999954239448794</TT>
        <CFMAX>0.50000000757830454</CFMAX>
        <SP>0</SP>
        <SFCF>0.54788021043158219</SFCF>
        <CFR>0.096805099954414733</CFR>
        <CWH>0.19999694443390398</CWH>
        <CFGlacier>1</CFGlacier>
        <CFSlope>1</CFSlope>
        <FC>1497.3808984605564</FC>
        <LP>0.75161692440769068</LP>
        <BETA>2.9434927035140661</BETA>
      </SubCatchmentVegetationZoneParameters>
    </SubCatchmentVegetationZone>
  </SubCatchment>
</Catchment>