<?xml version="1.0" encoding="utf-8"?>
<Catchment xmlns:xsi="http://www.w3.org/2001/XMLSchema-instance" xmlns:xsd="http://www.w3.org/2001/XMLSchema">
  <CatchmentParameters>
    <KSI>0.001</KSI>
    <KGmin>0.05</KGmin>
    <RangeKG>0.1</RangeKG>
    <AG>0.1</AG>
    <PERC>4.1097502298144546</PERC>
    <Alpha>0</Alpha>
    <UZL>69.874443974639448</UZL>
    <K0>0.52020670006634429</K0>
    <K1>0.79999800359484341</K1>
    <K2>0.12186429917927609</K2>
    <MAXBAS>1</MAXBAS>
    <Cet>0</Cet>
    <PCALT>10</PCALT>
    <TCALT>0.6</TCALT>
    <Pelev>0</Pelev>
    <Telev>0</Telev>
    <PART>0.5</PART>
    <DELAY>1</DELAY>
  </CatchmentParameters>
  <VegetationZone>
    <VegetationZoneParameters>
      <TT>1.8819806497982925</TT>
      <CFMAX>0.55981689161163162</CFMAX>
      <SP>0</SP>
      <SFCF>1.0480796623298923</SFCF>
      <CFR>0.016151029240807531</CFR>
      <CWH>0.19999905693486306</CWH>
      <CFGlacier>1</CFGlacier>
      <CFSlope>1</CFSlope>
      <FC>1773.89572704298</FC>
      <LP>0.95206264664051043</LP>
      <BETA>5.1519012251392837</BETA>
    </VegetationZoneParameters>
  </VegetationZone>
  <SubCatchment>
    <SubCatchmentParameters>
      <KSI>0.001</KSI>
      <KGmin>0.05</KGmin>
      <RangeKG>0.1</RangeKG>
      <AG>0.1</AG>
      <PERC>4.1097502298144546</PERC>
      <Alpha>0</Alpha>
      <UZL>69.874443974639448</UZL>
      <K0>0.52020670006634429</K0>
      <K1>0.79999800359484341</K1>
      <K2>0.12186429917927609</K2>
      <MAXBAS>1</MAXBAS>
      <Cet>0</Cet>
      <PCALT>10</PCALT>
      <TCALT>0.6</TCALT>
      <Pelev>0</Pelev>
      <Telev>0</Telev>
      <PART>0.5</PART>
      <DELAY>1</DELAY>
    </SubCatchmentParameters>
    <SubCatchmentVegetationZone>
      <SubCatchmentVegetationZoneParameters>
        <TT>1.8819806497982925</TT>
        <CFMAX>0.55981689161163162</CFMAX>
        <SP>0</SP>
        <SFCF>1.0480796623298923</SFCF>
        <CFR>0.016151029240807531</CFR>
        <CWH>0.19999905693486306</CWH>
        <CFGlacier>1</CFGlacier>
        <CFSlope>1</CFSlope>
        <FC>1773.89572704298</FC>
        <LP>0.95206264664051043</LP>
        <BETA>5.1519012251392837</BETA>
      </SubCatchmentVegetationZoneParameters>
    </SubCatchmentVegetationZone>
  </SubCatchment>
</Catchment>