<?xml version="1.0" encoding="utf-8"?>
<Catchment xmlns:xsi="http://www.w3.org/2001/XMLSchema-instance" xmlns:xsd="http://www.w3.org/2001/XMLSchema">
  <CatchmentParameters>
    <KSI>0.001</KSI>
    <KGmin>0.05</KGmin>
    <RangeKG>0.1</RangeKG>
    <AG>0.1</AG>
    <PERC>3.91447154474945</PERC>
    <Alpha>0</Alpha>
    <UZL>61.247464266586995</UZL>
    <K0>0.25406254955429131</K0>
    <K1>0.79999667756230053</K1>
    <K2>0.11131882602630995</K2>
    <MAXBAS>1</MAXBAS>
    <Cet>0</Cet>
    <PCALT>10</PCALT>
    <TCALT>0.6</TCALT>
    <Pelev>0</Pelev>
    <Telev>0</Telev>
    <PART>0.5</PART>
    <DELAY>1</DELAY>
  </CatchmentParameters>
  <VegetationZone>
    <VegetationZoneParameters>
      <TT>0.68765298461602253</TT>
      <CFMAX>2.753480848200109</CFMAX>
      <SP>0</SP>
      <SFCF>0.54719214566548435</SFCF>
      <CFR>0.076871156275115926</CFR>
      <CWH>0.10000646836380794</CWH>
      <CFGlacier>1</CFGlacier>
      <CFSlope>1</CFSlope>
      <FC>2497.5982027254367</FC>
      <LP>0.84461449363909369</LP>
      <BETA>4.0029091221506166</BETA>
    </VegetationZoneParameters>
  </VegetationZone>
  <SubCatchment>
    <SubCatchmentParameters>
      <KSI>0.001</KSI>
      <KGmin>0.05</KGmin>
      <RangeKG>0.1</RangeKG>
      <AG>0.1</AG>
      <PERC>3.91447154474945</PERC>
      <Alpha>0</Alpha>
      <UZL>61.247464266586995</UZL>
      <K0>0.25406254955429131</K0>
      <K1>0.79999667756230053</K1>
      <K2>0.11131882602630995</K2>
      <MAXBAS>1</MAXBAS>
      <Cet>0</Cet>
      <PCALT>10</PCALT>
      <TCALT>0.6</TCALT>
      <Pelev>0</Pelev>
      <Telev>0</Telev>
      <PART>0.5</PART>
      <DELAY>1</DELAY>
    </SubCatchmentParameters>
    <SubCatchmentVegetationZone>
      <SubCatchmentVegetationZoneParameters>
        <TT>0.68765298461602253</TT>
        <CFMAX>2.753480848200109</CFMAX>
        <SP>0</SP>
        <SFCF>0.54719214566548435</SFCF>
        <CFR>0.076871156275115926</CFR>
        <CWH>0.10000646836380794</CWH>
        <CFGlacier>1</CFGlacier>
        <CFSlope>1</CFSlope>
        <FC>2497.5982027254367</FC>
        <LP>0.84461449363909369</LP>
        <BETA>4.0029091221506166</BETA>
      </SubCatchmentVegetationZoneParameters>
    </SubCatchmentVegetationZone>
  </SubCatchment>
</Catchment>