<?xml version="1.0" encoding="utf-8"?>
<Catchment xmlns:xsi="http://www.w3.org/2001/XMLSchema-instance" xmlns:xsd="http://www.w3.org/2001/XMLSchema">
  <CatchmentParameters>
    <KSI>0.001</KSI>
    <KGmin>0.05</KGmin>
    <RangeKG>0.1</RangeKG>
    <AG>0.1</AG>
    <PERC>4.6531861161123862</PERC>
    <Alpha>0</Alpha>
    <UZL>197.38787781587439</UZL>
    <K0>0.39646061033762564</K0>
    <K1>0.65224811492429047</K1>
    <K2>0.12323407225602573</K2>
    <MAXBAS>1</MAXBAS>
    <Cet>0</Cet>
    <PCALT>10</PCALT>
    <TCALT>0.6</TCALT>
    <Pelev>0</Pelev>
    <Telev>0</Telev>
    <PART>0.5</PART>
    <DELAY>1</DELAY>
  </CatchmentParameters>
  <VegetationZone>
    <VegetationZoneParameters>
      <TT>2.4984809835021586</TT>
      <CFMAX>0.53332218075597293</CFMAX>
      <SP>0</SP>
      <SFCF>0.5000000187524013</SFCF>
      <CFR>0.09938000711260532</CFR>
      <CWH>0.19999976963953545</CWH>
      <CFGlacier>1</CFGlacier>
      <CFSlope>1</CFSlope>
      <FC>299.37610416079258</FC>
      <LP>0.40424837260112739</LP>
      <BETA>1.8096748401216953</BETA>
    </VegetationZoneParameters>
  </VegetationZone>
  <SubCatchment>
    <SubCatchmentParameters>
      <KSI>0.001</KSI>
      <KGmin>0.05</KGmin>
      <RangeKG>0.1</RangeKG>
      <AG>0.1</AG>
      <PERC>4.6531861161123862</PERC>
      <Alpha>0</Alpha>
      <UZL>197.38787781587439</UZL>
      <K0>0.39646061033762564</K0>
      <K1>0.65224811492429047</K1>
      <K2>0.12323407225602573</K2>
      <MAXBAS>1</MAXBAS>
      <Cet>0</Cet>
      <PCALT>10</PCALT>
      <TCALT>0.6</TCALT>
      <Pelev>0</Pelev>
      <Telev>0</Telev>
      <PART>0.5</PART>
      <DELAY>1</DELAY>
    </SubCatchmentParameters>
    <SubCatchmentVegetationZone>
      <SubCatchmentVegetationZoneParameters>
        <TT>2.4984809835021586</TT>
        <CFMAX>0.53332218075597293</CFMAX>
        <SP>0</SP>
        <SFCF>0.5000000187524013</SFCF>
        <CFR>0.09938000711260532</CFR>
        <CWH>0.19999976963953545</CWH>
        <CFGlacier>1</CFGlacier>
        <CFSlope>1</CFSlope>
        <FC>299.37610416079258</FC>
        <LP>0.40424837260112739</LP>
        <BETA>1.8096748401216953</BETA>
      </SubCatchmentVegetationZoneParameters>
    </SubCatchmentVegetationZone>
  </SubCatchment>
</Catchment>