<?xml version="1.0" encoding="utf-8"?>
<Catchment xmlns:xsi="http://www.w3.org/2001/XMLSchema-instance" xmlns:xsd="http://www.w3.org/2001/XMLSchema">
  <CatchmentParameters>
    <KSI>0.001</KSI>
    <KGmin>0.05</KGmin>
    <RangeKG>0.1</RangeKG>
    <AG>0.1</AG>
    <PERC>4.0260006294196655</PERC>
    <Alpha>0</Alpha>
    <UZL>4.4053540895858072</UZL>
    <K0>0.98999851046054876</K0>
    <K1>0.796985125382515</K1>
    <K2>0.11386154321137557</K2>
    <MAXBAS>1</MAXBAS>
    <Cet>0</Cet>
    <PCALT>10</PCALT>
    <TCALT>0.6</TCALT>
    <Pelev>0</Pelev>
    <Telev>0</Telev>
    <PART>0.5</PART>
    <DELAY>1</DELAY>
  </CatchmentParameters>
  <VegetationZone>
    <VegetationZoneParameters>
      <TT>-1.6832750868468205</TT>
      <CFMAX>3.4122064500631843</CFMAX>
      <SP>0</SP>
      <SFCF>0.887781227815824</SFCF>
      <CFR>0.016160512687899045</CFR>
      <CWH>0.19998990505158457</CWH>
      <CFGlacier>1</CFGlacier>
      <CFSlope>1</CFSlope>
      <FC>1645.3517859117749</FC>
      <LP>0.6814655278274353</LP>
      <BETA>2.56893638866956</BETA>
    </VegetationZoneParameters>
  </VegetationZone>
  <SubCatchment>
    <SubCatchmentParameters>
      <KSI>0.001</KSI>
      <KGmin>0.05</KGmin>
      <RangeKG>0.1</RangeKG>
      <AG>0.1</AG>
      <PERC>4.0260006294196655</PERC>
      <Alpha>0</Alpha>
      <UZL>4.4053540895858072</UZL>
      <K0>0.98999851046054876</K0>
      <K1>0.796985125382515</K1>
      <K2>0.11386154321137557</K2>
      <MAXBAS>1</MAXBAS>
      <Cet>0</Cet>
      <PCALT>10</PCALT>
      <TCALT>0.6</TCALT>
      <Pelev>0</Pelev>
      <Telev>0</Telev>
      <PART>0.5</PART>
      <DELAY>1</DELAY>
    </SubCatchmentParameters>
    <SubCatchmentVegetationZone>
      <SubCatchmentVegetationZoneParameters>
        <TT>-1.6832750868468205</TT>
        <CFMAX>3.4122064500631843</CFMAX>
        <SP>0</SP>
        <SFCF>0.887781227815824</SFCF>
        <CFR>0.016160512687899045</CFR>
        <CWH>0.19998990505158457</CWH>
        <CFGlacier>1</CFGlacier>
        <CFSlope>1</CFSlope>
        <FC>1645.3517859117749</FC>
        <LP>0.6814655278274353</LP>
        <BETA>2.56893638866956</BETA>
      </SubCatchmentVegetationZoneParameters>
    </SubCatchmentVegetationZone>
  </SubCatchment>
</Catchment>