<?xml version="1.0" encoding="utf-8"?>
<Catchment xmlns:xsi="http://www.w3.org/2001/XMLSchema-instance" xmlns:xsd="http://www.w3.org/2001/XMLSchema">
  <CatchmentParameters>
    <KSI>0.001</KSI>
    <KGmin>0.05</KGmin>
    <RangeKG>0.1</RangeKG>
    <AG>0.1</AG>
    <PERC>3.7207245443490486</PERC>
    <Alpha>0</Alpha>
    <UZL>146.07894610109804</UZL>
    <K0>0.36590681687241688</K0>
    <K1>0.5593550565652865</K1>
    <K2>0.11793366527841383</K2>
    <MAXBAS>1</MAXBAS>
    <Cet>0</Cet>
    <PCALT>10</PCALT>
    <TCALT>0.6</TCALT>
    <Pelev>0</Pelev>
    <Telev>0</Telev>
    <PART>0.5</PART>
    <DELAY>1</DELAY>
  </CatchmentParameters>
  <VegetationZone>
    <VegetationZoneParameters>
      <TT>1.1689298967584827</TT>
      <CFMAX>3.1060813906315432</CFMAX>
      <SP>0</SP>
      <SFCF>0.50299314209434431</SFCF>
      <CFR>0.038364427674617341</CFR>
      <CWH>0.10000491433902843</CWH>
      <CFGlacier>1</CFGlacier>
      <CFSlope>1</CFSlope>
      <FC>167.10282377475295</FC>
      <LP>0.45525707661107173</LP>
      <BETA>2.6764418431273564</BETA>
    </VegetationZoneParameters>
  </VegetationZone>
  <SubCatchment>
    <SubCatchmentParameters>
      <KSI>0.001</KSI>
      <KGmin>0.05</KGmin>
      <RangeKG>0.1</RangeKG>
      <AG>0.1</AG>
      <PERC>3.7207245443490486</PERC>
      <Alpha>0</Alpha>
      <UZL>146.07894610109804</UZL>
      <K0>0.36590681687241688</K0>
      <K1>0.5593550565652865</K1>
      <K2>0.11793366527841383</K2>
      <MAXBAS>1</MAXBAS>
      <Cet>0</Cet>
      <PCALT>10</PCALT>
      <TCALT>0.6</TCALT>
      <Pelev>0</Pelev>
      <Telev>0</Telev>
      <PART>0.5</PART>
      <DELAY>1</DELAY>
    </SubCatchmentParameters>
    <SubCatchmentVegetationZone>
      <SubCatchmentVegetationZoneParameters>
        <TT>1.1689298967584827</TT>
        <CFMAX>3.1060813906315432</CFMAX>
        <SP>0</SP>
        <SFCF>0.50299314209434431</SFCF>
        <CFR>0.038364427674617341</CFR>
        <CWH>0.10000491433902843</CWH>
        <CFGlacier>1</CFGlacier>
        <CFSlope>1</CFSlope>
        <FC>167.10282377475295</FC>
        <LP>0.45525707661107173</LP>
        <BETA>2.6764418431273564</BETA>
      </SubCatchmentVegetationZoneParameters>
    </SubCatchmentVegetationZone>
  </SubCatchment>
</Catchment>