<?xml version="1.0" encoding="utf-8"?>
<Catchment xmlns:xsi="http://www.w3.org/2001/XMLSchema-instance" xmlns:xsd="http://www.w3.org/2001/XMLSchema">
  <CatchmentParameters>
    <KSI>0.001</KSI>
    <KGmin>0.05</KGmin>
    <RangeKG>0.1</RangeKG>
    <AG>0.1</AG>
    <PERC>4.3491837501654427</PERC>
    <Alpha>0</Alpha>
    <UZL>149.64746111065142</UZL>
    <K0>0.51170149949539634</K0>
    <K1>0.79999955850035787</K1>
    <K2>0.11262416536162374</K2>
    <MAXBAS>1</MAXBAS>
    <Cet>0</Cet>
    <PCALT>10</PCALT>
    <TCALT>0.6</TCALT>
    <Pelev>0</Pelev>
    <Telev>0</Telev>
    <PART>0.5</PART>
    <DELAY>1</DELAY>
  </CatchmentParameters>
  <VegetationZone>
    <VegetationZoneParameters>
      <TT>2.4811426009039681</TT>
      <CFMAX>0.50000038959376514</CFMAX>
      <SP>0</SP>
      <SFCF>0.54640126880084638</SFCF>
      <CFR>0.05259180196478358</CFR>
      <CWH>0.19999977923707035</CWH>
      <CFGlacier>1</CFGlacier>
      <CFSlope>1</CFSlope>
      <FC>1449.2046572296933</FC>
      <LP>0.85621858643935511</LP>
      <BETA>3.6106259468710906</BETA>
    </VegetationZoneParameters>
  </VegetationZone>
  <SubCatchment>
    <SubCatchmentParameters>
      <KSI>0.001</KSI>
      <KGmin>0.05</KGmin>
      <RangeKG>0.1</RangeKG>
      <AG>0.1</AG>
      <PERC>4.3491837501654427</PERC>
      <Alpha>0</Alpha>
      <UZL>149.64746111065142</UZL>
      <K0>0.51170149949539634</K0>
      <K1>0.79999955850035787</K1>
      <K2>0.11262416536162374</K2>
      <MAXBAS>1</MAXBAS>
      <Cet>0</Cet>
      <PCALT>10</PCALT>
      <TCALT>0.6</TCALT>
      <Pelev>0</Pelev>
      <Telev>0</Telev>
      <PART>0.5</PART>
      <DELAY>1</DELAY>
    </SubCatchmentParameters>
    <SubCatchmentVegetationZone>
      <SubCatchmentVegetationZoneParameters>
        <TT>2.4811426009039681</TT>
        <CFMAX>0.50000038959376514</CFMAX>
        <SP>0</SP>
        <SFCF>0.54640126880084638</SFCF>
        <CFR>0.05259180196478358</CFR>
        <CWH>0.19999977923707035</CWH>
        <CFGlacier>1</CFGlacier>
        <CFSlope>1</CFSlope>
        <FC>1449.2046572296933</FC>
        <LP>0.85621858643935511</LP>
        <BETA>3.6106259468710906</BETA>
      </SubCatchmentVegetationZoneParameters>
    </SubCatchmentVegetationZone>
  </SubCatchment>
</Catchment>