<?xml version="1.0" encoding="utf-8"?>
<Catchment xmlns:xsi="http://www.w3.org/2001/XMLSchema-instance" xmlns:xsd="http://www.w3.org/2001/XMLSchema">
  <CatchmentParameters>
    <KSI>0.001</KSI>
    <KGmin>0.05</KGmin>
    <RangeKG>0.1</RangeKG>
    <AG>0.1</AG>
    <PERC>4.6344295940636506</PERC>
    <Alpha>0</Alpha>
    <UZL>95.683379025391432</UZL>
    <K0>0.51447141954331221</K0>
    <K1>0.63431407659506889</K1>
    <K2>0.12688054531309553</K2>
    <MAXBAS>1</MAXBAS>
    <Cet>0</Cet>
    <PCALT>10</PCALT>
    <TCALT>0.6</TCALT>
    <Pelev>0</Pelev>
    <Telev>0</Telev>
    <PART>0.5</PART>
    <DELAY>1</DELAY>
  </CatchmentParameters>
  <VegetationZone>
    <VegetationZoneParameters>
      <TT>-1.5199651645267862</TT>
      <CFMAX>4.982455325080192</CFMAX>
      <SP>0</SP>
      <SFCF>0.50031081971540148</SFCF>
      <CFR>0.062204982184271472</CFR>
      <CWH>0.10005808944684592</CWH>
      <CFGlacier>1</CFGlacier>
      <CFSlope>1</CFSlope>
      <FC>394.36851212783819</FC>
      <LP>0.38056105864992557</LP>
      <BETA>1.6149198745832234</BETA>
    </VegetationZoneParameters>
  </VegetationZone>
  <SubCatchment>
    <SubCatchmentParameters>
      <KSI>0.001</KSI>
      <KGmin>0.05</KGmin>
      <RangeKG>0.1</RangeKG>
      <AG>0.1</AG>
      <PERC>4.6344295940636506</PERC>
      <Alpha>0</Alpha>
      <UZL>95.683379025391432</UZL>
      <K0>0.51447141954331221</K0>
      <K1>0.63431407659506889</K1>
      <K2>0.12688054531309553</K2>
      <MAXBAS>1</MAXBAS>
      <Cet>0</Cet>
      <PCALT>10</PCALT>
      <TCALT>0.6</TCALT>
      <Pelev>0</Pelev>
      <Telev>0</Telev>
      <PART>0.5</PART>
      <DELAY>1</DELAY>
    </SubCatchmentParameters>
    <SubCatchmentVegetationZone>
      <SubCatchmentVegetationZoneParameters>
        <TT>-1.5199651645267862</TT>
        <CFMAX>4.982455325080192</CFMAX>
        <SP>0</SP>
        <SFCF>0.50031081971540148</SFCF>
        <CFR>0.062204982184271472</CFR>
        <CWH>0.10005808944684592</CWH>
        <CFGlacier>1</CFGlacier>
        <CFSlope>1</CFSlope>
        <FC>394.36851212783819</FC>
        <LP>0.38056105864992557</LP>
        <BETA>1.6149198745832234</BETA>
      </SubCatchmentVegetationZoneParameters>
    </SubCatchmentVegetationZone>
  </SubCatchment>
</Catchment>