<?xml version="1.0" encoding="utf-8"?>
<Catchment xmlns:xsi="http://www.w3.org/2001/XMLSchema-instance" xmlns:xsd="http://www.w3.org/2001/XMLSchema">
  <CatchmentParameters>
    <KSI>0.001</KSI>
    <KGmin>0.05</KGmin>
    <RangeKG>0.1</RangeKG>
    <AG>0.1</AG>
    <PERC>3.3541247620591834</PERC>
    <Alpha>0</Alpha>
    <UZL>18.922077919654324</UZL>
    <K0>0.9899979982421202</K0>
    <K1>0.40844923250164833</K1>
    <K2>0.11126362045047054</K2>
    <MAXBAS>1</MAXBAS>
    <Cet>0</Cet>
    <PCALT>10</PCALT>
    <TCALT>0.6</TCALT>
    <Pelev>0</Pelev>
    <Telev>0</Telev>
    <PART>0.5</PART>
    <DELAY>1</DELAY>
  </CatchmentParameters>
  <VegetationZone>
    <VegetationZoneParameters>
      <TT>-2.0534240781949382</TT>
      <CFMAX>3.6890566983270894</CFMAX>
      <SP>0</SP>
      <SFCF>0.500000095331705</SFCF>
      <CFR>0.0505609720511335</CFR>
      <CWH>0.14125699540978126</CWH>
      <CFGlacier>1</CFGlacier>
      <CFSlope>1</CFSlope>
      <FC>137.78584459341263</FC>
      <LP>0.40979429663628875</LP>
      <BETA>3.1287766391321021</BETA>
    </VegetationZoneParameters>
  </VegetationZone>
  <SubCatchment>
    <SubCatchmentParameters>
      <KSI>0.001</KSI>
      <KGmin>0.05</KGmin>
      <RangeKG>0.1</RangeKG>
      <AG>0.1</AG>
      <PERC>3.3541247620591834</PERC>
      <Alpha>0</Alpha>
      <UZL>18.922077919654324</UZL>
      <K0>0.9899979982421202</K0>
      <K1>0.40844923250164833</K1>
      <K2>0.11126362045047054</K2>
      <MAXBAS>1</MAXBAS>
      <Cet>0</Cet>
      <PCALT>10</PCALT>
      <TCALT>0.6</TCALT>
      <Pelev>0</Pelev>
      <Telev>0</Telev>
      <PART>0.5</PART>
      <DELAY>1</DELAY>
    </SubCatchmentParameters>
    <SubCatchmentVegetationZone>
      <SubCatchmentVegetationZoneParameters>
        <TT>-2.0534240781949382</TT>
        <CFMAX>3.6890566983270894</CFMAX>
        <SP>0</SP>
        <SFCF>0.500000095331705</SFCF>
        <CFR>0.0505609720511335</CFR>
        <CWH>0.14125699540978126</CWH>
        <CFGlacier>1</CFGlacier>
        <CFSlope>1</CFSlope>
        <FC>137.78584459341263</FC>
        <LP>0.40979429663628875</LP>
        <BETA>3.1287766391321021</BETA>
      </SubCatchmentVegetationZoneParameters>
    </SubCatchmentVegetationZone>
  </SubCatchment>
</Catchment>