<?xml version="1.0" encoding="utf-8"?>
<Catchment xmlns:xsi="http://www.w3.org/2001/XMLSchema-instance" xmlns:xsd="http://www.w3.org/2001/XMLSchema">
  <CatchmentParameters>
    <KSI>0.001</KSI>
    <KGmin>0.05</KGmin>
    <RangeKG>0.1</RangeKG>
    <AG>0.1</AG>
    <PERC>3.9366980831036984</PERC>
    <Alpha>0</Alpha>
    <UZL>166.80501651989806</UZL>
    <K0>0.31752469794417609</K0>
    <K1>0.799999687954791</K1>
    <K2>0.10647831470911316</K2>
    <MAXBAS>1</MAXBAS>
    <Cet>0</Cet>
    <PCALT>10</PCALT>
    <TCALT>0.6</TCALT>
    <Pelev>0</Pelev>
    <Telev>0</Telev>
    <PART>0.5</PART>
    <DELAY>1</DELAY>
  </CatchmentParameters>
  <VegetationZone>
    <VegetationZoneParameters>
      <TT>2.4538422751163607</TT>
      <CFMAX>0.504575500272406</CFMAX>
      <SP>0</SP>
      <SFCF>0.50000043767093083</SFCF>
      <CFR>5.5827704943540329E-05</CFR>
      <CWH>0.19999572444178973</CWH>
      <CFGlacier>1</CFGlacier>
      <CFSlope>1</CFSlope>
      <FC>2064.1698893263356</FC>
      <LP>0.83771908069114709</LP>
      <BETA>3.7818992035963968</BETA>
    </VegetationZoneParameters>
  </VegetationZone>
  <SubCatchment>
    <SubCatchmentParameters>
      <KSI>0.001</KSI>
      <KGmin>0.05</KGmin>
      <RangeKG>0.1</RangeKG>
      <AG>0.1</AG>
      <PERC>3.9366980831036984</PERC>
      <Alpha>0</Alpha>
      <UZL>166.80501651989806</UZL>
      <K0>0.31752469794417609</K0>
      <K1>0.799999687954791</K1>
      <K2>0.10647831470911316</K2>
      <MAXBAS>1</MAXBAS>
      <Cet>0</Cet>
      <PCALT>10</PCALT>
      <TCALT>0.6</TCALT>
      <Pelev>0</Pelev>
      <Telev>0</Telev>
      <PART>0.5</PART>
      <DELAY>1</DELAY>
    </SubCatchmentParameters>
    <SubCatchmentVegetationZone>
      <SubCatchmentVegetationZoneParameters>
        <TT>2.4538422751163607</TT>
        <CFMAX>0.504575500272406</CFMAX>
        <SP>0</SP>
        <SFCF>0.50000043767093083</SFCF>
        <CFR>5.5827704943540329E-05</CFR>
        <CWH>0.19999572444178973</CWH>
        <CFGlacier>1</CFGlacier>
        <CFSlope>1</CFSlope>
        <FC>2064.1698893263356</FC>
        <LP>0.83771908069114709</LP>
        <BETA>3.7818992035963968</BETA>
      </SubCatchmentVegetationZoneParameters>
    </SubCatchmentVegetationZone>
  </SubCatchment>
</Catchment>