<?xml version="1.0" encoding="utf-8"?>
<Catchment xmlns:xsi="http://www.w3.org/2001/XMLSchema-instance" xmlns:xsd="http://www.w3.org/2001/XMLSchema">
  <CatchmentParameters>
    <KSI>0.001</KSI>
    <KGmin>0.05</KGmin>
    <RangeKG>0.1</RangeKG>
    <AG>0.1</AG>
    <PERC>3.9047954539853409</PERC>
    <Alpha>0</Alpha>
    <UZL>62.160541434170156</UZL>
    <K0>0.58086340809720627</K0>
    <K1>0.79999805734404683</K1>
    <K2>0.11587559521815036</K2>
    <MAXBAS>1</MAXBAS>
    <Cet>0</Cet>
    <PCALT>10</PCALT>
    <TCALT>0.6</TCALT>
    <Pelev>0</Pelev>
    <Telev>0</Telev>
    <PART>0.5</PART>
    <DELAY>1</DELAY>
  </CatchmentParameters>
  <VegetationZone>
    <VegetationZoneParameters>
      <TT>-1.5199994407883044</TT>
      <CFMAX>3.0588277753909532</CFMAX>
      <SP>0</SP>
      <SFCF>0.72647155934030383</SFCF>
      <CFR>0.066042025225713979</CFR>
      <CWH>0.19998252307506423</CWH>
      <CFGlacier>1</CFGlacier>
      <CFSlope>1</CFSlope>
      <FC>2147.7104823930235</FC>
      <LP>0.84197950175677649</LP>
      <BETA>3.7951841851491639</BETA>
    </VegetationZoneParameters>
  </VegetationZone>
  <SubCatchment>
    <SubCatchmentParameters>
      <KSI>0.001</KSI>
      <KGmin>0.05</KGmin>
      <RangeKG>0.1</RangeKG>
      <AG>0.1</AG>
      <PERC>3.9047954539853409</PERC>
      <Alpha>0</Alpha>
      <UZL>62.160541434170156</UZL>
      <K0>0.58086340809720627</K0>
      <K1>0.79999805734404683</K1>
      <K2>0.11587559521815036</K2>
      <MAXBAS>1</MAXBAS>
      <Cet>0</Cet>
      <PCALT>10</PCALT>
      <TCALT>0.6</TCALT>
      <Pelev>0</Pelev>
      <Telev>0</Telev>
      <PART>0.5</PART>
      <DELAY>1</DELAY>
    </SubCatchmentParameters>
    <SubCatchmentVegetationZone>
      <SubCatchmentVegetationZoneParameters>
        <TT>-1.5199994407883044</TT>
        <CFMAX>3.0588277753909532</CFMAX>
        <SP>0</SP>
        <SFCF>0.72647155934030383</SFCF>
        <CFR>0.066042025225713979</CFR>
        <CWH>0.19998252307506423</CWH>
        <CFGlacier>1</CFGlacier>
        <CFSlope>1</CFSlope>
        <FC>2147.7104823930235</FC>
        <LP>0.84197950175677649</LP>
        <BETA>3.7951841851491639</BETA>
      </SubCatchmentVegetationZoneParameters>
    </SubCatchmentVegetationZone>
  </SubCatchment>
</Catchment>