<?xml version="1.0" encoding="utf-8"?>
<Catchment xmlns:xsi="http://www.w3.org/2001/XMLSchema-instance" xmlns:xsd="http://www.w3.org/2001/XMLSchema">
  <CatchmentParameters>
    <KSI>0.001</KSI>
    <KGmin>0.05</KGmin>
    <RangeKG>0.1</RangeKG>
    <AG>0.1</AG>
    <PERC>4.5920988226447985</PERC>
    <Alpha>0</Alpha>
    <UZL>2.5201807429082033</UZL>
    <K0>0.98999928313995444</K0>
    <K1>0.799997288352168</K1>
    <K2>0.1109462546588894</K2>
    <MAXBAS>1</MAXBAS>
    <Cet>0</Cet>
    <PCALT>10</PCALT>
    <TCALT>0.6</TCALT>
    <Pelev>0</Pelev>
    <Telev>0</Telev>
    <PART>0.5</PART>
    <DELAY>1</DELAY>
  </CatchmentParameters>
  <VegetationZone>
    <VegetationZoneParameters>
      <TT>1.9159943701604782</TT>
      <CFMAX>0.5000001670516887</CFMAX>
      <SP>0</SP>
      <SFCF>0.86129882136885971</SFCF>
      <CFR>1.9036855655208117E-05</CFR>
      <CWH>0.19999862826012385</CWH>
      <CFGlacier>1</CFGlacier>
      <CFSlope>1</CFSlope>
      <FC>1964.398973434558</FC>
      <LP>0.75525512198128975</LP>
      <BETA>3.2632866566768728</BETA>
    </VegetationZoneParameters>
  </VegetationZone>
  <SubCatchment>
    <SubCatchmentParameters>
      <KSI>0.001</KSI>
      <KGmin>0.05</KGmin>
      <RangeKG>0.1</RangeKG>
      <AG>0.1</AG>
      <PERC>4.5920988226447985</PERC>
      <Alpha>0</Alpha>
      <UZL>2.5201807429082033</UZL>
      <K0>0.98999928313995444</K0>
      <K1>0.799997288352168</K1>
      <K2>0.1109462546588894</K2>
      <MAXBAS>1</MAXBAS>
      <Cet>0</Cet>
      <PCALT>10</PCALT>
      <TCALT>0.6</TCALT>
      <Pelev>0</Pelev>
      <Telev>0</Telev>
      <PART>0.5</PART>
      <DELAY>1</DELAY>
    </SubCatchmentParameters>
    <SubCatchmentVegetationZone>
      <SubCatchmentVegetationZoneParameters>
        <TT>1.9159943701604782</TT>
        <CFMAX>0.5000001670516887</CFMAX>
        <SP>0</SP>
        <SFCF>0.86129882136885971</SFCF>
        <CFR>1.9036855655208117E-05</CFR>
        <CWH>0.19999862826012385</CWH>
        <CFGlacier>1</CFGlacier>
        <CFSlope>1</CFSlope>
        <FC>1964.398973434558</FC>
        <LP>0.75525512198128975</LP>
        <BETA>3.2632866566768728</BETA>
      </SubCatchmentVegetationZoneParameters>
    </SubCatchmentVegetationZone>
  </SubCatchment>
</Catchment>