<?xml version="1.0" encoding="utf-8"?>
<Catchment xmlns:xsi="http://www.w3.org/2001/XMLSchema-instance" xmlns:xsd="http://www.w3.org/2001/XMLSchema">
  <CatchmentParameters>
    <KSI>0.001</KSI>
    <KGmin>0.05</KGmin>
    <RangeKG>0.1</RangeKG>
    <AG>0.1</AG>
    <PERC>4.2278449630387573</PERC>
    <Alpha>0</Alpha>
    <UZL>4.8319356245315186</UZL>
    <K0>0.9899964891986438</K0>
    <K1>0.79999987836772435</K1>
    <K2>0.11962411481185857</K2>
    <MAXBAS>1</MAXBAS>
    <Cet>0</Cet>
    <PCALT>10</PCALT>
    <TCALT>0.6</TCALT>
    <Pelev>0</Pelev>
    <Telev>0</Telev>
    <PART>0.5</PART>
    <DELAY>1</DELAY>
  </CatchmentParameters>
  <VegetationZone>
    <VegetationZoneParameters>
      <TT>2.49999551597956</TT>
      <CFMAX>0.53796402865063353</CFMAX>
      <SP>0</SP>
      <SFCF>0.86121583621202558</SFCF>
      <CFR>0.074731604309147909</CFR>
      <CWH>0.19999671113314774</CWH>
      <CFGlacier>1</CFGlacier>
      <CFSlope>1</CFSlope>
      <FC>1417.5380307378068</FC>
      <LP>0.87413736255531416</LP>
      <BETA>3.9959313389740578</BETA>
    </VegetationZoneParameters>
  </VegetationZone>
  <SubCatchment>
    <SubCatchmentParameters>
      <KSI>0.001</KSI>
      <KGmin>0.05</KGmin>
      <RangeKG>0.1</RangeKG>
      <AG>0.1</AG>
      <PERC>4.2278449630387573</PERC>
      <Alpha>0</Alpha>
      <UZL>4.8319356245315186</UZL>
      <K0>0.9899964891986438</K0>
      <K1>0.79999987836772435</K1>
      <K2>0.11962411481185857</K2>
      <MAXBAS>1</MAXBAS>
      <Cet>0</Cet>
      <PCALT>10</PCALT>
      <TCALT>0.6</TCALT>
      <Pelev>0</Pelev>
      <Telev>0</Telev>
      <PART>0.5</PART>
      <DELAY>1</DELAY>
    </SubCatchmentParameters>
    <SubCatchmentVegetationZone>
      <SubCatchmentVegetationZoneParameters>
        <TT>2.49999551597956</TT>
        <CFMAX>0.53796402865063353</CFMAX>
        <SP>0</SP>
        <SFCF>0.86121583621202558</SFCF>
        <CFR>0.074731604309147909</CFR>
        <CWH>0.19999671113314774</CWH>
        <CFGlacier>1</CFGlacier>
        <CFSlope>1</CFSlope>
        <FC>1417.5380307378068</FC>
        <LP>0.87413736255531416</LP>
        <BETA>3.9959313389740578</BETA>
      </SubCatchmentVegetationZoneParameters>
    </SubCatchmentVegetationZone>
  </SubCatchment>
</Catchment>