<?xml version="1.0" encoding="utf-8"?>
<Catchment xmlns:xsi="http://www.w3.org/2001/XMLSchema-instance" xmlns:xsd="http://www.w3.org/2001/XMLSchema">
  <CatchmentParameters>
    <KSI>0.001</KSI>
    <KGmin>0.05</KGmin>
    <RangeKG>0.1</RangeKG>
    <AG>0.1</AG>
    <PERC>4.6854622862192459</PERC>
    <Alpha>0</Alpha>
    <UZL>2.3590772271782163</UZL>
    <K0>0.98999772381139317</K0>
    <K1>0.799998474456688</K1>
    <K2>0.11722919235788755</K2>
    <MAXBAS>1</MAXBAS>
    <Cet>0</Cet>
    <PCALT>10</PCALT>
    <TCALT>0.6</TCALT>
    <Pelev>0</Pelev>
    <Telev>0</Telev>
    <PART>0.5</PART>
    <DELAY>1</DELAY>
  </CatchmentParameters>
  <VegetationZone>
    <VegetationZoneParameters>
      <TT>2.2258976655670777</TT>
      <CFMAX>0.71187912197447711</CFMAX>
      <SP>0</SP>
      <SFCF>1.1885979948488474</SFCF>
      <CFR>0.0098718697026339858</CFR>
      <CWH>0.1999950908584662</CWH>
      <CFGlacier>1</CFGlacier>
      <CFSlope>1</CFSlope>
      <FC>1764.1120813104158</FC>
      <LP>0.872575668644337</LP>
      <BETA>4.3762010302820036</BETA>
    </VegetationZoneParameters>
  </VegetationZone>
  <SubCatchment>
    <SubCatchmentParameters>
      <KSI>0.001</KSI>
      <KGmin>0.05</KGmin>
      <RangeKG>0.1</RangeKG>
      <AG>0.1</AG>
      <PERC>4.6854622862192459</PERC>
      <Alpha>0</Alpha>
      <UZL>2.3590772271782163</UZL>
      <K0>0.98999772381139317</K0>
      <K1>0.799998474456688</K1>
      <K2>0.11722919235788755</K2>
      <MAXBAS>1</MAXBAS>
      <Cet>0</Cet>
      <PCALT>10</PCALT>
      <TCALT>0.6</TCALT>
      <Pelev>0</Pelev>
      <Telev>0</Telev>
      <PART>0.5</PART>
      <DELAY>1</DELAY>
    </SubCatchmentParameters>
    <SubCatchmentVegetationZone>
      <SubCatchmentVegetationZoneParameters>
        <TT>2.2258976655670777</TT>
        <CFMAX>0.71187912197447711</CFMAX>
        <SP>0</SP>
        <SFCF>1.1885979948488474</SFCF>
        <CFR>0.0098718697026339858</CFR>
        <CWH>0.1999950908584662</CWH>
        <CFGlacier>1</CFGlacier>
        <CFSlope>1</CFSlope>
        <FC>1764.1120813104158</FC>
        <LP>0.872575668644337</LP>
        <BETA>4.3762010302820036</BETA>
      </SubCatchmentVegetationZoneParameters>
    </SubCatchmentVegetationZone>
  </SubCatchment>
</Catchment>