<?xml version="1.0" encoding="utf-8"?>
<Catchment xmlns:xsi="http://www.w3.org/2001/XMLSchema-instance" xmlns:xsd="http://www.w3.org/2001/XMLSchema">
  <CatchmentParameters>
    <KSI>0.001</KSI>
    <KGmin>0.05</KGmin>
    <RangeKG>0.1</RangeKG>
    <AG>0.1</AG>
    <PERC>4.4356089578466689</PERC>
    <Alpha>0</Alpha>
    <UZL>3.3100385327743131</UZL>
    <K0>0.98997341099394254</K0>
    <K1>0.799999716921261</K1>
    <K2>0.11131462929667894</K2>
    <MAXBAS>1</MAXBAS>
    <Cet>0</Cet>
    <PCALT>10</PCALT>
    <TCALT>0.6</TCALT>
    <Pelev>0</Pelev>
    <Telev>0</Telev>
    <PART>0.5</PART>
    <DELAY>1</DELAY>
  </CatchmentParameters>
  <VegetationZone>
    <VegetationZoneParameters>
      <TT>-0.36707304171845595</TT>
      <CFMAX>2.3113629588874147</CFMAX>
      <SP>0</SP>
      <SFCF>0.74744217374293009</SFCF>
      <CFR>0.030250204153058367</CFR>
      <CWH>0.10000013407880082</CWH>
      <CFGlacier>1</CFGlacier>
      <CFSlope>1</CFSlope>
      <FC>2065.8656202713005</FC>
      <LP>0.78916063502043732</LP>
      <BETA>3.3656333548543422</BETA>
    </VegetationZoneParameters>
  </VegetationZone>
  <SubCatchment>
    <SubCatchmentParameters>
      <KSI>0.001</KSI>
      <KGmin>0.05</KGmin>
      <RangeKG>0.1</RangeKG>
      <AG>0.1</AG>
      <PERC>4.4356089578466689</PERC>
      <Alpha>0</Alpha>
      <UZL>3.3100385327743131</UZL>
      <K0>0.98997341099394254</K0>
      <K1>0.799999716921261</K1>
      <K2>0.11131462929667894</K2>
      <MAXBAS>1</MAXBAS>
      <Cet>0</Cet>
      <PCALT>10</PCALT>
      <TCALT>0.6</TCALT>
      <Pelev>0</Pelev>
      <Telev>0</Telev>
      <PART>0.5</PART>
      <DELAY>1</DELAY>
    </SubCatchmentParameters>
    <SubCatchmentVegetationZone>
      <SubCatchmentVegetationZoneParameters>
        <TT>-0.36707304171845595</TT>
        <CFMAX>2.3113629588874147</CFMAX>
        <SP>0</SP>
        <SFCF>0.74744217374293009</SFCF>
        <CFR>0.030250204153058367</CFR>
        <CWH>0.10000013407880082</CWH>
        <CFGlacier>1</CFGlacier>
        <CFSlope>1</CFSlope>
        <FC>2065.8656202713005</FC>
        <LP>0.78916063502043732</LP>
        <BETA>3.3656333548543422</BETA>
      </SubCatchmentVegetationZoneParameters>
    </SubCatchmentVegetationZone>
  </SubCatchment>
</Catchment>