<?xml version="1.0" encoding="utf-8"?>
<Catchment xmlns:xsi="http://www.w3.org/2001/XMLSchema-instance" xmlns:xsd="http://www.w3.org/2001/XMLSchema">
  <CatchmentParameters>
    <KSI>0.001</KSI>
    <KGmin>0.05</KGmin>
    <RangeKG>0.1</RangeKG>
    <AG>0.1</AG>
    <PERC>4.91079072441992</PERC>
    <Alpha>0</Alpha>
    <UZL>0.1900050960665905</UZL>
    <K0>0.89237577446151906</K0>
    <K1>0.676049320410591</K1>
    <K2>0.11223975578793442</K2>
    <MAXBAS>1</MAXBAS>
    <Cet>0</Cet>
    <PCALT>10</PCALT>
    <TCALT>0.6</TCALT>
    <Pelev>0</Pelev>
    <Telev>0</Telev>
    <PART>0.5</PART>
    <DELAY>1</DELAY>
  </CatchmentParameters>
  <VegetationZone>
    <VegetationZoneParameters>
      <TT>2.4999999840321974</TT>
      <CFMAX>0.5000000079456195</CFMAX>
      <SP>0</SP>
      <SFCF>0.72339995497529264</SFCF>
      <CFR>0.012627947646537437</CFR>
      <CWH>0.19999937959901656</CWH>
      <CFGlacier>1</CFGlacier>
      <CFSlope>1</CFSlope>
      <FC>1815.9471903043761</FC>
      <LP>0.9294996349040856</LP>
      <BETA>4.7360702190150494</BETA>
    </VegetationZoneParameters>
  </VegetationZone>
  <SubCatchment>
    <SubCatchmentParameters>
      <KSI>0.001</KSI>
      <KGmin>0.05</KGmin>
      <RangeKG>0.1</RangeKG>
      <AG>0.1</AG>
      <PERC>4.91079072441992</PERC>
      <Alpha>0</Alpha>
      <UZL>0.1900050960665905</UZL>
      <K0>0.89237577446151906</K0>
      <K1>0.676049320410591</K1>
      <K2>0.11223975578793442</K2>
      <MAXBAS>1</MAXBAS>
      <Cet>0</Cet>
      <PCALT>10</PCALT>
      <TCALT>0.6</TCALT>
      <Pelev>0</Pelev>
      <Telev>0</Telev>
      <PART>0.5</PART>
      <DELAY>1</DELAY>
    </SubCatchmentParameters>
    <SubCatchmentVegetationZone>
      <SubCatchmentVegetationZoneParameters>
        <TT>2.4999999840321974</TT>
        <CFMAX>0.5000000079456195</CFMAX>
        <SP>0</SP>
        <SFCF>0.72339995497529264</SFCF>
        <CFR>0.012627947646537437</CFR>
        <CWH>0.19999937959901656</CWH>
        <CFGlacier>1</CFGlacier>
        <CFSlope>1</CFSlope>
        <FC>1815.9471903043761</FC>
        <LP>0.9294996349040856</LP>
        <BETA>4.7360702190150494</BETA>
      </SubCatchmentVegetationZoneParameters>
    </SubCatchmentVegetationZone>
  </SubCatchment>
</Catchment>