<?xml version="1.0" encoding="utf-8"?>
<Catchment xmlns:xsi="http://www.w3.org/2001/XMLSchema-instance" xmlns:xsd="http://www.w3.org/2001/XMLSchema">
  <CatchmentParameters>
    <KSI>0.001</KSI>
    <KGmin>0.05</KGmin>
    <RangeKG>0.1</RangeKG>
    <AG>0.1</AG>
    <PERC>3.2423130183613518</PERC>
    <Alpha>0</Alpha>
    <UZL>15.69318954124714</UZL>
    <K0>0.989996668360254</K0>
    <K1>0.41467583385957496</K1>
    <K2>0.11498589416008989</K2>
    <MAXBAS>1</MAXBAS>
    <Cet>0</Cet>
    <PCALT>10</PCALT>
    <TCALT>0.6</TCALT>
    <Pelev>0</Pelev>
    <Telev>0</Telev>
    <PART>0.5</PART>
    <DELAY>1</DELAY>
  </CatchmentParameters>
  <VegetationZone>
    <VegetationZoneParameters>
      <TT>1.1176594104575524</TT>
      <CFMAX>2.6831982865370279</CFMAX>
      <SP>0</SP>
      <SFCF>0.50002120530209127</SFCF>
      <CFR>0.001056498292750313</CFR>
      <CWH>0.10001724594927912</CWH>
      <CFGlacier>1</CFGlacier>
      <CFSlope>1</CFSlope>
      <FC>153.05795836155699</FC>
      <LP>0.4191091816236675</LP>
      <BETA>2.7637157369575212</BETA>
    </VegetationZoneParameters>
  </VegetationZone>
  <SubCatchment>
    <SubCatchmentParameters>
      <KSI>0.001</KSI>
      <KGmin>0.05</KGmin>
      <RangeKG>0.1</RangeKG>
      <AG>0.1</AG>
      <PERC>3.2423130183613518</PERC>
      <Alpha>0</Alpha>
      <UZL>15.69318954124714</UZL>
      <K0>0.989996668360254</K0>
      <K1>0.41467583385957496</K1>
      <K2>0.11498589416008989</K2>
      <MAXBAS>1</MAXBAS>
      <Cet>0</Cet>
      <PCALT>10</PCALT>
      <TCALT>0.6</TCALT>
      <Pelev>0</Pelev>
      <Telev>0</Telev>
      <PART>0.5</PART>
      <DELAY>1</DELAY>
    </SubCatchmentParameters>
    <SubCatchmentVegetationZone>
      <SubCatchmentVegetationZoneParameters>
        <TT>1.1176594104575524</TT>
        <CFMAX>2.6831982865370279</CFMAX>
        <SP>0</SP>
        <SFCF>0.50002120530209127</SFCF>
        <CFR>0.001056498292750313</CFR>
        <CWH>0.10001724594927912</CWH>
        <CFGlacier>1</CFGlacier>
        <CFSlope>1</CFSlope>
        <FC>153.05795836155699</FC>
        <LP>0.4191091816236675</LP>
        <BETA>2.7637157369575212</BETA>
      </SubCatchmentVegetationZoneParameters>
    </SubCatchmentVegetationZone>
  </SubCatchment>
</Catchment>