<?xml version="1.0" encoding="utf-8"?>
<Catchment xmlns:xsi="http://www.w3.org/2001/XMLSchema-instance" xmlns:xsd="http://www.w3.org/2001/XMLSchema">
  <CatchmentParameters>
    <KSI>0.001</KSI>
    <KGmin>0.05</KGmin>
    <RangeKG>0.1</RangeKG>
    <AG>0.1</AG>
    <PERC>4.7185595326834209</PERC>
    <Alpha>0</Alpha>
    <UZL>2.71138976713787</UZL>
    <K0>0.98999782035872308</K0>
    <K1>0.79998072175659152</K1>
    <K2>0.10817501483723245</K2>
    <MAXBAS>1</MAXBAS>
    <Cet>0</Cet>
    <PCALT>10</PCALT>
    <TCALT>0.6</TCALT>
    <Pelev>0</Pelev>
    <Telev>0</Telev>
    <PART>0.5</PART>
    <DELAY>1</DELAY>
  </CatchmentParameters>
  <VegetationZone>
    <VegetationZoneParameters>
      <TT>2.4999917038273893</TT>
      <CFMAX>0.50028540449803349</CFMAX>
      <SP>0</SP>
      <SFCF>0.500034354763585</SFCF>
      <CFR>0.095241805946205141</CFR>
      <CWH>0.19999967326553506</CWH>
      <CFGlacier>1</CFGlacier>
      <CFSlope>1</CFSlope>
      <FC>2122.2792791971665</FC>
      <LP>0.91656630997752953</LP>
      <BETA>4.6166116632278476</BETA>
    </VegetationZoneParameters>
  </VegetationZone>
  <SubCatchment>
    <SubCatchmentParameters>
      <KSI>0.001</KSI>
      <KGmin>0.05</KGmin>
      <RangeKG>0.1</RangeKG>
      <AG>0.1</AG>
      <PERC>4.7185595326834209</PERC>
      <Alpha>0</Alpha>
      <UZL>2.71138976713787</UZL>
      <K0>0.98999782035872308</K0>
      <K1>0.79998072175659152</K1>
      <K2>0.10817501483723245</K2>
      <MAXBAS>1</MAXBAS>
      <Cet>0</Cet>
      <PCALT>10</PCALT>
      <TCALT>0.6</TCALT>
      <Pelev>0</Pelev>
      <Telev>0</Telev>
      <PART>0.5</PART>
      <DELAY>1</DELAY>
    </SubCatchmentParameters>
    <SubCatchmentVegetationZone>
      <SubCatchmentVegetationZoneParameters>
        <TT>2.4999917038273893</TT>
        <CFMAX>0.50028540449803349</CFMAX>
        <SP>0</SP>
        <SFCF>0.500034354763585</SFCF>
        <CFR>0.095241805946205141</CFR>
        <CWH>0.19999967326553506</CWH>
        <CFGlacier>1</CFGlacier>
        <CFSlope>1</CFSlope>
        <FC>2122.2792791971665</FC>
        <LP>0.91656630997752953</LP>
        <BETA>4.6166116632278476</BETA>
      </SubCatchmentVegetationZoneParameters>
    </SubCatchmentVegetationZone>
  </SubCatchment>
</Catchment>