<?xml version="1.0" encoding="utf-8"?>
<Catchment xmlns:xsi="http://www.w3.org/2001/XMLSchema-instance" xmlns:xsd="http://www.w3.org/2001/XMLSchema">
  <CatchmentParameters>
    <KSI>0.001</KSI>
    <KGmin>0.05</KGmin>
    <RangeKG>0.1</RangeKG>
    <AG>0.1</AG>
    <PERC>3.3357405845905332</PERC>
    <Alpha>0</Alpha>
    <UZL>2.7383637457221268</UZL>
    <K0>0.34130986487228143</K0>
    <K1>0.17068474147735879</K1>
    <K2>0.13195182207063672</K2>
    <MAXBAS>1</MAXBAS>
    <Cet>0</Cet>
    <PCALT>10</PCALT>
    <TCALT>0.6</TCALT>
    <Pelev>0</Pelev>
    <Telev>0</Telev>
    <PART>0.5</PART>
    <DELAY>1</DELAY>
  </CatchmentParameters>
  <VegetationZone>
    <VegetationZoneParameters>
      <TT>1.1362367348933793</TT>
      <CFMAX>2.8753080343734467</CFMAX>
      <SP>0</SP>
      <SFCF>0.5103855168844178</SFCF>
      <CFR>0.0011440558248025784</CFR>
      <CWH>0.10000139338354189</CWH>
      <CFGlacier>1</CFGlacier>
      <CFSlope>1</CFSlope>
      <FC>227.5816698041009</FC>
      <LP>0.80558106401758556</LP>
      <BETA>4.034076857258273</BETA>
    </VegetationZoneParameters>
  </VegetationZone>
  <SubCatchment>
    <SubCatchmentParameters>
      <KSI>0.001</KSI>
      <KGmin>0.05</KGmin>
      <RangeKG>0.1</RangeKG>
      <AG>0.1</AG>
      <PERC>3.3357405845905332</PERC>
      <Alpha>0</Alpha>
      <UZL>2.7383637457221268</UZL>
      <K0>0.34130986487228143</K0>
      <K1>0.17068474147735879</K1>
      <K2>0.13195182207063672</K2>
      <MAXBAS>1</MAXBAS>
      <Cet>0</Cet>
      <PCALT>10</PCALT>
      <TCALT>0.6</TCALT>
      <Pelev>0</Pelev>
      <Telev>0</Telev>
      <PART>0.5</PART>
      <DELAY>1</DELAY>
    </SubCatchmentParameters>
    <SubCatchmentVegetationZone>
      <SubCatchmentVegetationZoneParameters>
        <TT>1.1362367348933793</TT>
        <CFMAX>2.8753080343734467</CFMAX>
        <SP>0</SP>
        <SFCF>0.5103855168844178</SFCF>
        <CFR>0.0011440558248025784</CFR>
        <CWH>0.10000139338354189</CWH>
        <CFGlacier>1</CFGlacier>
        <CFSlope>1</CFSlope>
        <FC>227.5816698041009</FC>
        <LP>0.80558106401758556</LP>
        <BETA>4.034076857258273</BETA>
      </SubCatchmentVegetationZoneParameters>
    </SubCatchmentVegetationZone>
  </SubCatchment>
</Catchment>