<?xml version="1.0" encoding="utf-8"?>
<Catchment xmlns:xsi="http://www.w3.org/2001/XMLSchema-instance" xmlns:xsd="http://www.w3.org/2001/XMLSchema">
  <CatchmentParameters>
    <KSI>0.001</KSI>
    <KGmin>0.05</KGmin>
    <RangeKG>0.1</RangeKG>
    <AG>0.1</AG>
    <PERC>4.6314774829844731</PERC>
    <Alpha>0</Alpha>
    <UZL>2.9696672364687751</UZL>
    <K0>0.98999873695374418</K0>
    <K1>0.79999983399329966</K1>
    <K2>0.10999372019903507</K2>
    <MAXBAS>1</MAXBAS>
    <Cet>0</Cet>
    <PCALT>10</PCALT>
    <TCALT>0.6</TCALT>
    <Pelev>0</Pelev>
    <Telev>0</Telev>
    <PART>0.5</PART>
    <DELAY>1</DELAY>
  </CatchmentParameters>
  <VegetationZone>
    <VegetationZoneParameters>
      <TT>0.58413670446823818</TT>
      <CFMAX>3.6175767111093533</CFMAX>
      <SP>0</SP>
      <SFCF>0.55899342956001719</SFCF>
      <CFR>0.03787335943795124</CFR>
      <CWH>0.10000437049165084</CWH>
      <CFGlacier>1</CFGlacier>
      <CFSlope>1</CFSlope>
      <FC>1746.3188135468722</FC>
      <LP>0.81427131045208612</LP>
      <BETA>3.3467535897345311</BETA>
    </VegetationZoneParameters>
  </VegetationZone>
  <SubCatchment>
    <SubCatchmentParameters>
      <KSI>0.001</KSI>
      <KGmin>0.05</KGmin>
      <RangeKG>0.1</RangeKG>
      <AG>0.1</AG>
      <PERC>4.6314774829844731</PERC>
      <Alpha>0</Alpha>
      <UZL>2.9696672364687751</UZL>
      <K0>0.98999873695374418</K0>
      <K1>0.79999983399329966</K1>
      <K2>0.10999372019903507</K2>
      <MAXBAS>1</MAXBAS>
      <Cet>0</Cet>
      <PCALT>10</PCALT>
      <TCALT>0.6</TCALT>
      <Pelev>0</Pelev>
      <Telev>0</Telev>
      <PART>0.5</PART>
      <DELAY>1</DELAY>
    </SubCatchmentParameters>
    <SubCatchmentVegetationZone>
      <SubCatchmentVegetationZoneParameters>
        <TT>0.58413670446823818</TT>
        <CFMAX>3.6175767111093533</CFMAX>
        <SP>0</SP>
        <SFCF>0.55899342956001719</SFCF>
        <CFR>0.03787335943795124</CFR>
        <CWH>0.10000437049165084</CWH>
        <CFGlacier>1</CFGlacier>
        <CFSlope>1</CFSlope>
        <FC>1746.3188135468722</FC>
        <LP>0.81427131045208612</LP>
        <BETA>3.3467535897345311</BETA>
      </SubCatchmentVegetationZoneParameters>
    </SubCatchmentVegetationZone>
  </SubCatchment>
</Catchment>