<?xml version="1.0" encoding="utf-8"?>
<Catchment xmlns:xsi="http://www.w3.org/2001/XMLSchema-instance" xmlns:xsd="http://www.w3.org/2001/XMLSchema">
  <CatchmentParameters>
    <KSI>0.001</KSI>
    <KGmin>0.05</KGmin>
    <RangeKG>0.1</RangeKG>
    <AG>0.1</AG>
    <PERC>4.3603878986155911</PERC>
    <Alpha>0</Alpha>
    <UZL>154.60919600132991</UZL>
    <K0>0.32929365762981133</K0>
    <K1>0.57098342062384178</K1>
    <K2>0.12556392417230169</K2>
    <MAXBAS>1</MAXBAS>
    <Cet>0</Cet>
    <PCALT>10</PCALT>
    <TCALT>0.6</TCALT>
    <Pelev>0</Pelev>
    <Telev>0</Telev>
    <PART>0.5</PART>
    <DELAY>1</DELAY>
  </CatchmentParameters>
  <VegetationZone>
    <VegetationZoneParameters>
      <TT>0.984691975474495</TT>
      <CFMAX>2.0031145503485588</CFMAX>
      <SP>0</SP>
      <SFCF>0.50011861565637794</SFCF>
      <CFR>0.087751201099170326</CFR>
      <CWH>0.10000401204294257</CWH>
      <CFGlacier>1</CFGlacier>
      <CFSlope>1</CFSlope>
      <FC>205.75838430638248</FC>
      <LP>0.53122055162760984</LP>
      <BETA>2.5875708948307281</BETA>
    </VegetationZoneParameters>
  </VegetationZone>
  <SubCatchment>
    <SubCatchmentParameters>
      <KSI>0.001</KSI>
      <KGmin>0.05</KGmin>
      <RangeKG>0.1</RangeKG>
      <AG>0.1</AG>
      <PERC>4.3603878986155911</PERC>
      <Alpha>0</Alpha>
      <UZL>154.60919600132991</UZL>
      <K0>0.32929365762981133</K0>
      <K1>0.57098342062384178</K1>
      <K2>0.12556392417230169</K2>
      <MAXBAS>1</MAXBAS>
      <Cet>0</Cet>
      <PCALT>10</PCALT>
      <TCALT>0.6</TCALT>
      <Pelev>0</Pelev>
      <Telev>0</Telev>
      <PART>0.5</PART>
      <DELAY>1</DELAY>
    </SubCatchmentParameters>
    <SubCatchmentVegetationZone>
      <SubCatchmentVegetationZoneParameters>
        <TT>0.984691975474495</TT>
        <CFMAX>2.0031145503485588</CFMAX>
        <SP>0</SP>
        <SFCF>0.50011861565637794</SFCF>
        <CFR>0.087751201099170326</CFR>
        <CWH>0.10000401204294257</CWH>
        <CFGlacier>1</CFGlacier>
        <CFSlope>1</CFSlope>
        <FC>205.75838430638248</FC>
        <LP>0.53122055162760984</LP>
        <BETA>2.5875708948307281</BETA>
      </SubCatchmentVegetationZoneParameters>
    </SubCatchmentVegetationZone>
  </SubCatchment>
</Catchment>