<?xml version="1.0" encoding="utf-8"?>
<Catchment xmlns:xsi="http://www.w3.org/2001/XMLSchema-instance" xmlns:xsd="http://www.w3.org/2001/XMLSchema">
  <CatchmentParameters>
    <KSI>0.001</KSI>
    <KGmin>0.05</KGmin>
    <RangeKG>0.1</RangeKG>
    <AG>0.1</AG>
    <PERC>4.3595789511249619</PERC>
    <Alpha>0</Alpha>
    <UZL>1.4321904411222055</UZL>
    <K0>0.98998961450270617</K0>
    <K1>0.52225400438455283</K1>
    <K2>0.11398546441780735</K2>
    <MAXBAS>1</MAXBAS>
    <Cet>0</Cet>
    <PCALT>10</PCALT>
    <TCALT>0.6</TCALT>
    <Pelev>0</Pelev>
    <Telev>0</Telev>
    <PART>0.5</PART>
    <DELAY>1</DELAY>
  </CatchmentParameters>
  <VegetationZone>
    <VegetationZoneParameters>
      <TT>-0.7403263534213893</TT>
      <CFMAX>4.7223218552333517</CFMAX>
      <SP>0</SP>
      <SFCF>0.80577753055223833</SFCF>
      <CFR>0.040381245603193061</CFR>
      <CWH>0.19998469487361698</CWH>
      <CFGlacier>1</CFGlacier>
      <CFSlope>1</CFSlope>
      <FC>2142.0494679431081</FC>
      <LP>0.877742284831695</LP>
      <BETA>4.16024200262237</BETA>
    </VegetationZoneParameters>
  </VegetationZone>
  <SubCatchment>
    <SubCatchmentParameters>
      <KSI>0.001</KSI>
      <KGmin>0.05</KGmin>
      <RangeKG>0.1</RangeKG>
      <AG>0.1</AG>
      <PERC>4.3595789511249619</PERC>
      <Alpha>0</Alpha>
      <UZL>1.4321904411222055</UZL>
      <K0>0.98998961450270617</K0>
      <K1>0.52225400438455283</K1>
      <K2>0.11398546441780735</K2>
      <MAXBAS>1</MAXBAS>
      <Cet>0</Cet>
      <PCALT>10</PCALT>
      <TCALT>0.6</TCALT>
      <Pelev>0</Pelev>
      <Telev>0</Telev>
      <PART>0.5</PART>
      <DELAY>1</DELAY>
    </SubCatchmentParameters>
    <SubCatchmentVegetationZone>
      <SubCatchmentVegetationZoneParameters>
        <TT>-0.7403263534213893</TT>
        <CFMAX>4.7223218552333517</CFMAX>
        <SP>0</SP>
        <SFCF>0.80577753055223833</SFCF>
        <CFR>0.040381245603193061</CFR>
        <CWH>0.19998469487361698</CWH>
        <CFGlacier>1</CFGlacier>
        <CFSlope>1</CFSlope>
        <FC>2142.0494679431081</FC>
        <LP>0.877742284831695</LP>
        <BETA>4.16024200262237</BETA>
      </SubCatchmentVegetationZoneParameters>
    </SubCatchmentVegetationZone>
  </SubCatchment>
</Catchment>