<?xml version="1.0" encoding="utf-8"?>
<Catchment xmlns:xsi="http://www.w3.org/2001/XMLSchema-instance" xmlns:xsd="http://www.w3.org/2001/XMLSchema">
  <CatchmentParameters>
    <KSI>0.001</KSI>
    <KGmin>0.05</KGmin>
    <RangeKG>0.1</RangeKG>
    <AG>0.1</AG>
    <PERC>5.0046336430460148</PERC>
    <Alpha>0</Alpha>
    <UZL>199.92847977254849</UZL>
    <K0>0.4975239694423475</K0>
    <K1>0.54763430500321519</K1>
    <K2>0.11687803622929832</K2>
    <MAXBAS>1</MAXBAS>
    <Cet>0</Cet>
    <PCALT>10</PCALT>
    <TCALT>0.6</TCALT>
    <Pelev>0</Pelev>
    <Telev>0</Telev>
    <PART>0.5</PART>
    <DELAY>1</DELAY>
  </CatchmentParameters>
  <VegetationZone>
    <VegetationZoneParameters>
      <TT>1.2429695086966566</TT>
      <CFMAX>4.4129327683207054</CFMAX>
      <SP>0</SP>
      <SFCF>0.55903559197046826</SFCF>
      <CFR>0.070147651105306935</CFR>
      <CWH>0.10000001178779372</CWH>
      <CFGlacier>1</CFGlacier>
      <CFSlope>1</CFSlope>
      <FC>144.68489147944035</FC>
      <LP>0.55595292882237557</LP>
      <BETA>3.8650000416108039</BETA>
    </VegetationZoneParameters>
  </VegetationZone>
  <SubCatchment>
    <SubCatchmentParameters>
      <KSI>0.001</KSI>
      <KGmin>0.05</KGmin>
      <RangeKG>0.1</RangeKG>
      <AG>0.1</AG>
      <PERC>5.0046336430460148</PERC>
      <Alpha>0</Alpha>
      <UZL>199.92847977254849</UZL>
      <K0>0.4975239694423475</K0>
      <K1>0.54763430500321519</K1>
      <K2>0.11687803622929832</K2>
      <MAXBAS>1</MAXBAS>
      <Cet>0</Cet>
      <PCALT>10</PCALT>
      <TCALT>0.6</TCALT>
      <Pelev>0</Pelev>
      <Telev>0</Telev>
      <PART>0.5</PART>
      <DELAY>1</DELAY>
    </SubCatchmentParameters>
    <SubCatchmentVegetationZone>
      <SubCatchmentVegetationZoneParameters>
        <TT>1.2429695086966566</TT>
        <CFMAX>4.4129327683207054</CFMAX>
        <SP>0</SP>
        <SFCF>0.55903559197046826</SFCF>
        <CFR>0.070147651105306935</CFR>
        <CWH>0.10000001178779372</CWH>
        <CFGlacier>1</CFGlacier>
        <CFSlope>1</CFSlope>
        <FC>144.68489147944035</FC>
        <LP>0.55595292882237557</LP>
        <BETA>3.8650000416108039</BETA>
      </SubCatchmentVegetationZoneParameters>
    </SubCatchmentVegetationZone>
  </SubCatchment>
</Catchment>