<?xml version="1.0" encoding="utf-8"?>
<Catchment xmlns:xsi="http://www.w3.org/2001/XMLSchema-instance" xmlns:xsd="http://www.w3.org/2001/XMLSchema">
  <CatchmentParameters>
    <KSI>0.001</KSI>
    <KGmin>0.05</KGmin>
    <RangeKG>0.1</RangeKG>
    <AG>0.1</AG>
    <PERC>4.05649802881795</PERC>
    <Alpha>0</Alpha>
    <UZL>109.16577233408474</UZL>
    <K0>0.40468380777310464</K0>
    <K1>0.79999897655307983</K1>
    <K2>0.118434718744834</K2>
    <MAXBAS>1</MAXBAS>
    <Cet>0</Cet>
    <PCALT>10</PCALT>
    <TCALT>0.6</TCALT>
    <Pelev>0</Pelev>
    <Telev>0</Telev>
    <PART>0.5</PART>
    <DELAY>1</DELAY>
  </CatchmentParameters>
  <VegetationZone>
    <VegetationZoneParameters>
      <TT>1.0498188583420534</TT>
      <CFMAX>0.51640684666807957</CFMAX>
      <SP>0</SP>
      <SFCF>1.1424313931192409</SFCF>
      <CFR>0.027843115553052428</CFR>
      <CWH>0.19999898203209821</CWH>
      <CFGlacier>1</CFGlacier>
      <CFSlope>1</CFSlope>
      <FC>1478.1694758917001</FC>
      <LP>0.76280113212927114</LP>
      <BETA>3.1817149684429049</BETA>
    </VegetationZoneParameters>
  </VegetationZone>
  <SubCatchment>
    <SubCatchmentParameters>
      <KSI>0.001</KSI>
      <KGmin>0.05</KGmin>
      <RangeKG>0.1</RangeKG>
      <AG>0.1</AG>
      <PERC>4.05649802881795</PERC>
      <Alpha>0</Alpha>
      <UZL>109.16577233408474</UZL>
      <K0>0.40468380777310464</K0>
      <K1>0.79999897655307983</K1>
      <K2>0.118434718744834</K2>
      <MAXBAS>1</MAXBAS>
      <Cet>0</Cet>
      <PCALT>10</PCALT>
      <TCALT>0.6</TCALT>
      <Pelev>0</Pelev>
      <Telev>0</Telev>
      <PART>0.5</PART>
      <DELAY>1</DELAY>
    </SubCatchmentParameters>
    <SubCatchmentVegetationZone>
      <SubCatchmentVegetationZoneParameters>
        <TT>1.0498188583420534</TT>
        <CFMAX>0.51640684666807957</CFMAX>
        <SP>0</SP>
        <SFCF>1.1424313931192409</SFCF>
        <CFR>0.027843115553052428</CFR>
        <CWH>0.19999898203209821</CWH>
        <CFGlacier>1</CFGlacier>
        <CFSlope>1</CFSlope>
        <FC>1478.1694758917001</FC>
        <LP>0.76280113212927114</LP>
        <BETA>3.1817149684429049</BETA>
      </SubCatchmentVegetationZoneParameters>
    </SubCatchmentVegetationZone>
  </SubCatchment>
</Catchment>