<?xml version="1.0" encoding="utf-8"?>
<Catchment xmlns:xsi="http://www.w3.org/2001/XMLSchema-instance" xmlns:xsd="http://www.w3.org/2001/XMLSchema">
  <CatchmentParameters>
    <KSI>0.001</KSI>
    <KGmin>0.05</KGmin>
    <RangeKG>0.1</RangeKG>
    <AG>0.1</AG>
    <PERC>5.0026192458793792</PERC>
    <Alpha>0</Alpha>
    <UZL>0.3576346440230887</UZL>
    <K0>0.76213899933974616</K0>
    <K1>0.77751194252708744</K1>
    <K2>0.10534365762418887</K2>
    <MAXBAS>1</MAXBAS>
    <Cet>0</Cet>
    <PCALT>10</PCALT>
    <TCALT>0.6</TCALT>
    <Pelev>0</Pelev>
    <Telev>0</Telev>
    <PART>0.5</PART>
    <DELAY>1</DELAY>
  </CatchmentParameters>
  <VegetationZone>
    <VegetationZoneParameters>
      <TT>1.4215556184327418</TT>
      <CFMAX>0.62343952788467272</CFMAX>
      <SP>0</SP>
      <SFCF>0.50000018548439207</SFCF>
      <CFR>0.099999906321629431</CFR>
      <CWH>0.19741297122864215</CWH>
      <CFGlacier>1</CFGlacier>
      <CFSlope>1</CFSlope>
      <FC>2183.9362121885165</FC>
      <LP>0.85715089659567867</LP>
      <BETA>3.9847502381632949</BETA>
    </VegetationZoneParameters>
  </VegetationZone>
  <SubCatchment>
    <SubCatchmentParameters>
      <KSI>0.001</KSI>
      <KGmin>0.05</KGmin>
      <RangeKG>0.1</RangeKG>
      <AG>0.1</AG>
      <PERC>5.0026192458793792</PERC>
      <Alpha>0</Alpha>
      <UZL>0.3576346440230887</UZL>
      <K0>0.76213899933974616</K0>
      <K1>0.77751194252708744</K1>
      <K2>0.10534365762418887</K2>
      <MAXBAS>1</MAXBAS>
      <Cet>0</Cet>
      <PCALT>10</PCALT>
      <TCALT>0.6</TCALT>
      <Pelev>0</Pelev>
      <Telev>0</Telev>
      <PART>0.5</PART>
      <DELAY>1</DELAY>
    </SubCatchmentParameters>
    <SubCatchmentVegetationZone>
      <SubCatchmentVegetationZoneParameters>
        <TT>1.4215556184327418</TT>
        <CFMAX>0.62343952788467272</CFMAX>
        <SP>0</SP>
        <SFCF>0.50000018548439207</SFCF>
        <CFR>0.099999906321629431</CFR>
        <CWH>0.19741297122864215</CWH>
        <CFGlacier>1</CFGlacier>
        <CFSlope>1</CFSlope>
        <FC>2183.9362121885165</FC>
        <LP>0.85715089659567867</LP>
        <BETA>3.9847502381632949</BETA>
      </SubCatchmentVegetationZoneParameters>
    </SubCatchmentVegetationZone>
  </SubCatchment>
</Catchment>