<?xml version="1.0" encoding="utf-8"?>
<Catchment xmlns:xsi="http://www.w3.org/2001/XMLSchema-instance" xmlns:xsd="http://www.w3.org/2001/XMLSchema">
  <CatchmentParameters>
    <KSI>0.001</KSI>
    <KGmin>0.05</KGmin>
    <RangeKG>0.1</RangeKG>
    <AG>0.1</AG>
    <PERC>4.1931168149833731</PERC>
    <Alpha>0</Alpha>
    <UZL>121.19284402405346</UZL>
    <K0>0.35647500835170004</K0>
    <K1>0.58295058794039778</K1>
    <K2>0.12482175408871912</K2>
    <MAXBAS>1</MAXBAS>
    <Cet>0</Cet>
    <PCALT>10</PCALT>
    <TCALT>0.6</TCALT>
    <Pelev>0</Pelev>
    <Telev>0</Telev>
    <PART>0.5</PART>
    <DELAY>1</DELAY>
  </CatchmentParameters>
  <VegetationZone>
    <VegetationZoneParameters>
      <TT>0.97877261049732978</TT>
      <CFMAX>2.2790566496739433</CFMAX>
      <SP>0</SP>
      <SFCF>0.57543753817806342</SFCF>
      <CFR>0.042690391304586496</CFR>
      <CWH>0.10000021612936129</CWH>
      <CFGlacier>1</CFGlacier>
      <CFSlope>1</CFSlope>
      <FC>206.11434005207832</FC>
      <LP>0.48936797875005472</LP>
      <BETA>2.4343498621944013</BETA>
    </VegetationZoneParameters>
  </VegetationZone>
  <SubCatchment>
    <SubCatchmentParameters>
      <KSI>0.001</KSI>
      <KGmin>0.05</KGmin>
      <RangeKG>0.1</RangeKG>
      <AG>0.1</AG>
      <PERC>4.1931168149833731</PERC>
      <Alpha>0</Alpha>
      <UZL>121.19284402405346</UZL>
      <K0>0.35647500835170004</K0>
      <K1>0.58295058794039778</K1>
      <K2>0.12482175408871912</K2>
      <MAXBAS>1</MAXBAS>
      <Cet>0</Cet>
      <PCALT>10</PCALT>
      <TCALT>0.6</TCALT>
      <Pelev>0</Pelev>
      <Telev>0</Telev>
      <PART>0.5</PART>
      <DELAY>1</DELAY>
    </SubCatchmentParameters>
    <SubCatchmentVegetationZone>
      <SubCatchmentVegetationZoneParameters>
        <TT>0.97877261049732978</TT>
        <CFMAX>2.2790566496739433</CFMAX>
        <SP>0</SP>
        <SFCF>0.57543753817806342</SFCF>
        <CFR>0.042690391304586496</CFR>
        <CWH>0.10000021612936129</CWH>
        <CFGlacier>1</CFGlacier>
        <CFSlope>1</CFSlope>
        <FC>206.11434005207832</FC>
        <LP>0.48936797875005472</LP>
        <BETA>2.4343498621944013</BETA>
      </SubCatchmentVegetationZoneParameters>
    </SubCatchmentVegetationZone>
  </SubCatchment>
</Catchment>