<?xml version="1.0" encoding="utf-8"?>
<Catchment xmlns:xsi="http://www.w3.org/2001/XMLSchema-instance" xmlns:xsd="http://www.w3.org/2001/XMLSchema">
  <CatchmentParameters>
    <KSI>0.001</KSI>
    <KGmin>0.05</KGmin>
    <RangeKG>0.1</RangeKG>
    <AG>0.1</AG>
    <PERC>4.1872798215114555</PERC>
    <Alpha>0</Alpha>
    <UZL>3.2371055645758817</UZL>
    <K0>0.98999829984027077</K0>
    <K1>0.79999802816121146</K1>
    <K2>0.11049087609394478</K2>
    <MAXBAS>1</MAXBAS>
    <Cet>0</Cet>
    <PCALT>10</PCALT>
    <TCALT>0.6</TCALT>
    <Pelev>0</Pelev>
    <Telev>0</Telev>
    <PART>0.5</PART>
    <DELAY>1</DELAY>
  </CatchmentParameters>
  <VegetationZone>
    <VegetationZoneParameters>
      <TT>2.4999957784533127</TT>
      <CFMAX>0.50000053197912442</CFMAX>
      <SP>0</SP>
      <SFCF>0.765138778858142</SFCF>
      <CFR>0.050855925274493514</CFR>
      <CWH>0.19999783560543774</CWH>
      <CFGlacier>1</CFGlacier>
      <CFSlope>1</CFSlope>
      <FC>1882.4353481172905</FC>
      <LP>0.65023995378194832</LP>
      <BETA>2.5957038925927689</BETA>
    </VegetationZoneParameters>
  </VegetationZone>
  <SubCatchment>
    <SubCatchmentParameters>
      <KSI>0.001</KSI>
      <KGmin>0.05</KGmin>
      <RangeKG>0.1</RangeKG>
      <AG>0.1</AG>
      <PERC>4.1872798215114555</PERC>
      <Alpha>0</Alpha>
      <UZL>3.2371055645758817</UZL>
      <K0>0.98999829984027077</K0>
      <K1>0.79999802816121146</K1>
      <K2>0.11049087609394478</K2>
      <MAXBAS>1</MAXBAS>
      <Cet>0</Cet>
      <PCALT>10</PCALT>
      <TCALT>0.6</TCALT>
      <Pelev>0</Pelev>
      <Telev>0</Telev>
      <PART>0.5</PART>
      <DELAY>1</DELAY>
    </SubCatchmentParameters>
    <SubCatchmentVegetationZone>
      <SubCatchmentVegetationZoneParameters>
        <TT>2.4999957784533127</TT>
        <CFMAX>0.50000053197912442</CFMAX>
        <SP>0</SP>
        <SFCF>0.765138778858142</SFCF>
        <CFR>0.050855925274493514</CFR>
        <CWH>0.19999783560543774</CWH>
        <CFGlacier>1</CFGlacier>
        <CFSlope>1</CFSlope>
        <FC>1882.4353481172905</FC>
        <LP>0.65023995378194832</LP>
        <BETA>2.5957038925927689</BETA>
      </SubCatchmentVegetationZoneParameters>
    </SubCatchmentVegetationZone>
  </SubCatchment>
</Catchment>