<?xml version="1.0" encoding="utf-8"?>
<Catchment xmlns:xsi="http://www.w3.org/2001/XMLSchema-instance" xmlns:xsd="http://www.w3.org/2001/XMLSchema">
  <CatchmentParameters>
    <KSI>0.001</KSI>
    <KGmin>0.05</KGmin>
    <RangeKG>0.1</RangeKG>
    <AG>0.1</AG>
    <PERC>6.2925236517519743</PERC>
    <Alpha>0</Alpha>
    <UZL>77.416993112932758</UZL>
    <K0>0.47722697635918615</K0>
    <K1>0.17088246766015153</K1>
    <K2>0.043332402784040158</K2>
    <MAXBAS>1.0052153372425685</MAXBAS>
    <Cet>0</Cet>
    <PCALT>10</PCALT>
    <TCALT>0.6</TCALT>
    <Pelev>3349</Pelev>
    <Telev>2921</Telev>
    <PART>0.5</PART>
    <DELAY>1</DELAY>
  </CatchmentParameters>
  <VegetationZone>
    <VegetationZoneParameters>
      <TT>-0.92495786365008859</TT>
      <CFMAX>4.2769451319506491</CFMAX>
      <SP>0</SP>
      <SFCF>1.0607093364383571</SFCF>
      <CFR>0.02256866756461811</CFR>
      <CWH>0.19998759034535463</CWH>
      <CFGlacier>1</CFGlacier>
      <CFSlope>1</CFSlope>
      <FC>210.38248046520226</FC>
      <LP>0.99999434322512659</LP>
      <BETA>1.0839290762057146</BETA>
    </VegetationZoneParameters>
  </VegetationZone>
  <SubCatchment>
    <SubCatchmentParameters>
      <KSI>0.001</KSI>
      <KGmin>0.05</KGmin>
      <RangeKG>0.1</RangeKG>
      <AG>0.1</AG>
      <PERC>6.2925236517519743</PERC>
      <Alpha>0</Alpha>
      <UZL>77.416993112932758</UZL>
      <K0>0.47722697635918615</K0>
      <K1>0.17088246766015153</K1>
      <K2>0.043332402784040158</K2>
      <MAXBAS>1.0052153372425685</MAXBAS>
      <Cet>0</Cet>
      <PCALT>10</PCALT>
      <TCALT>0.6</TCALT>
      <Pelev>3349</Pelev>
      <Telev>2921</Telev>
      <PART>0.5</PART>
      <DELAY>1</DELAY>
    </SubCatchmentParameters>
    <SubCatchmentVegetationZone>
      <SubCatchmentVegetationZoneParameters>
        <TT>-0.92495786365008859</TT>
        <CFMAX>4.2769451319506491</CFMAX>
        <SP>0</SP>
        <SFCF>1.0607093364383571</SFCF>
        <CFR>0.02256866756461811</CFR>
        <CWH>0.19998759034535463</CWH>
        <CFGlacier>1</CFGlacier>
        <CFSlope>1</CFSlope>
        <FC>210.38248046520226</FC>
        <LP>0.99999434322512659</LP>
        <BETA>1.0839290762057146</BETA>
      </SubCatchmentVegetationZoneParameters>
    </SubCatchmentVegetationZone>
  </SubCatchment>
</Catchment>