<?xml version="1.0" encoding="utf-8"?>
<Catchment xmlns:xsi="http://www.w3.org/2001/XMLSchema-instance" xmlns:xsd="http://www.w3.org/2001/XMLSchema">
  <CatchmentParameters>
    <KSI>0.001</KSI>
    <KGmin>0.05</KGmin>
    <RangeKG>0.1</RangeKG>
    <AG>0.1</AG>
    <PERC>1.1753497143522891</PERC>
    <Alpha>0</Alpha>
    <UZL>82.394204198355837</UZL>
    <K0>0.14074648123045594</K0>
    <K1>0.0605171821513533</K1>
    <K2>0.010093037314204663</K2>
    <MAXBAS>1</MAXBAS>
    <Cet>0</Cet>
    <PCALT>10</PCALT>
    <TCALT>0.6</TCALT>
    <Pelev>3349</Pelev>
    <Telev>2921</Telev>
    <PART>0.5</PART>
    <DELAY>1</DELAY>
  </CatchmentParameters>
  <VegetationZone>
    <VegetationZoneParameters>
      <TT>-1.862781608663062</TT>
      <CFMAX>4.5889057286866244</CFMAX>
      <SP>0</SP>
      <SFCF>1.4747057030234902</SFCF>
      <CFR>0.00048394316691854075</CFR>
      <CWH>0.1999999991978699</CWH>
      <CFGlacier>1</CFGlacier>
      <CFSlope>1</CFSlope>
      <FC>1663.2078878589134</FC>
      <LP>0.90008463141800221</LP>
      <BETA>1.1666680060277643</BETA>
    </VegetationZoneParameters>
  </VegetationZone>
  <SubCatchment>
    <SubCatchmentParameters>
      <KSI>0.001</KSI>
      <KGmin>0.05</KGmin>
      <RangeKG>0.1</RangeKG>
      <AG>0.1</AG>
      <PERC>1.1753497143522891</PERC>
      <Alpha>0</Alpha>
      <UZL>82.394204198355837</UZL>
      <K0>0.14074648123045594</K0>
      <K1>0.0605171821513533</K1>
      <K2>0.010093037314204663</K2>
      <MAXBAS>1</MAXBAS>
      <Cet>0</Cet>
      <PCALT>10</PCALT>
      <TCALT>0.6</TCALT>
      <Pelev>3349</Pelev>
      <Telev>2921</Telev>
      <PART>0.5</PART>
      <DELAY>1</DELAY>
    </SubCatchmentParameters>
    <SubCatchmentVegetationZone>
      <SubCatchmentVegetationZoneParameters>
        <TT>-1.862781608663062</TT>
        <CFMAX>4.5889057286866244</CFMAX>
        <SP>0</SP>
        <SFCF>1.4747057030234902</SFCF>
        <CFR>0.00048394316691854075</CFR>
        <CWH>0.1999999991978699</CWH>
        <CFGlacier>1</CFGlacier>
        <CFSlope>1</CFSlope>
        <FC>1663.2078878589134</FC>
        <LP>0.90008463141800221</LP>
        <BETA>1.1666680060277643</BETA>
      </SubCatchmentVegetationZoneParameters>
    </SubCatchmentVegetationZone>
  </SubCatchment>
</Catchment>