<?xml version="1.0" encoding="utf-8"?>
<Catchment xmlns:xsi="http://www.w3.org/2001/XMLSchema-instance" xmlns:xsd="http://www.w3.org/2001/XMLSchema">
  <CatchmentParameters>
    <KSI>0.001</KSI>
    <KGmin>0.05</KGmin>
    <RangeKG>0.1</RangeKG>
    <AG>0.1</AG>
    <PERC>6.1676662172733661</PERC>
    <Alpha>0</Alpha>
    <UZL>154.70548033881968</UZL>
    <K0>0.29424236152517813</K0>
    <K1>0.17843160547844331</K1>
    <K2>0.046785727117928055</K2>
    <MAXBAS>1.0049793372947076</MAXBAS>
    <Cet>0</Cet>
    <PCALT>10</PCALT>
    <TCALT>0.6</TCALT>
    <Pelev>3349</Pelev>
    <Telev>2921</Telev>
    <PART>0.5</PART>
    <DELAY>1</DELAY>
  </CatchmentParameters>
  <VegetationZone>
    <VegetationZoneParameters>
      <TT>-1.5560252447359211</TT>
      <CFMAX>4.3650094485710325</CFMAX>
      <SP>0</SP>
      <SFCF>1.312846909243274</SFCF>
      <CFR>0.00023216517130872819</CFR>
      <CWH>0.13515406486222847</CWH>
      <CFGlacier>1</CFGlacier>
      <CFSlope>1</CFSlope>
      <FC>504.42146347964115</FC>
      <LP>0.96313895800017668</LP>
      <BETA>1.8839311963031449</BETA>
    </VegetationZoneParameters>
  </VegetationZone>
  <SubCatchment>
    <SubCatchmentParameters>
      <KSI>0.001</KSI>
      <KGmin>0.05</KGmin>
      <RangeKG>0.1</RangeKG>
      <AG>0.1</AG>
      <PERC>6.1676662172733661</PERC>
      <Alpha>0</Alpha>
      <UZL>154.70548033881968</UZL>
      <K0>0.29424236152517813</K0>
      <K1>0.17843160547844331</K1>
      <K2>0.046785727117928055</K2>
      <MAXBAS>1.0049793372947076</MAXBAS>
      <Cet>0</Cet>
      <PCALT>10</PCALT>
      <TCALT>0.6</TCALT>
      <Pelev>3349</Pelev>
      <Telev>2921</Telev>
      <PART>0.5</PART>
      <DELAY>1</DELAY>
    </SubCatchmentParameters>
    <SubCatchmentVegetationZone>
      <SubCatchmentVegetationZoneParameters>
        <TT>-1.5560252447359211</TT>
        <CFMAX>4.3650094485710325</CFMAX>
        <SP>0</SP>
        <SFCF>1.312846909243274</SFCF>
        <CFR>0.00023216517130872819</CFR>
        <CWH>0.13515406486222847</CWH>
        <CFGlacier>1</CFGlacier>
        <CFSlope>1</CFSlope>
        <FC>504.42146347964115</FC>
        <LP>0.96313895800017668</LP>
        <BETA>1.8839311963031449</BETA>
      </SubCatchmentVegetationZoneParameters>
    </SubCatchmentVegetationZone>
  </SubCatchment>
</Catchment>