<?xml version="1.0" encoding="utf-8"?>
<Catchment xmlns:xsi="http://www.w3.org/2001/XMLSchema-instance" xmlns:xsd="http://www.w3.org/2001/XMLSchema">
  <CatchmentParameters>
    <KSI>0.001</KSI>
    <KGmin>0.05</KGmin>
    <RangeKG>0.1</RangeKG>
    <AG>0.1</AG>
    <PERC>6.25023587334023</PERC>
    <Alpha>0</Alpha>
    <UZL>113.3303573590467</UZL>
    <K0>0.37738689326328761</K0>
    <K1>0.17976770920243526</K1>
    <K2>0.048190710353431414</K2>
    <MAXBAS>1.0000487306211277</MAXBAS>
    <Cet>0</Cet>
    <PCALT>10</PCALT>
    <TCALT>0.6</TCALT>
    <Pelev>3349</Pelev>
    <Telev>2921</Telev>
    <PART>0.5</PART>
    <DELAY>1</DELAY>
  </CatchmentParameters>
  <VegetationZone>
    <VegetationZoneParameters>
      <TT>-1.2700401172265112</TT>
      <CFMAX>4.3596174790972153</CFMAX>
      <SP>0</SP>
      <SFCF>1.1916954515116616</SFCF>
      <CFR>0.011026595134364157</CFR>
      <CWH>0.19999391676523848</CWH>
      <CFGlacier>1</CFGlacier>
      <CFSlope>1</CFSlope>
      <FC>382.12769393559307</FC>
      <LP>0.99999609890751229</LP>
      <BETA>1.2588692121278808</BETA>
    </VegetationZoneParameters>
  </VegetationZone>
  <SubCatchment>
    <SubCatchmentParameters>
      <KSI>0.001</KSI>
      <KGmin>0.05</KGmin>
      <RangeKG>0.1</RangeKG>
      <AG>0.1</AG>
      <PERC>6.25023587334023</PERC>
      <Alpha>0</Alpha>
      <UZL>113.3303573590467</UZL>
      <K0>0.37738689326328761</K0>
      <K1>0.17976770920243526</K1>
      <K2>0.048190710353431414</K2>
      <MAXBAS>1.0000487306211277</MAXBAS>
      <Cet>0</Cet>
      <PCALT>10</PCALT>
      <TCALT>0.6</TCALT>
      <Pelev>3349</Pelev>
      <Telev>2921</Telev>
      <PART>0.5</PART>
      <DELAY>1</DELAY>
    </SubCatchmentParameters>
    <SubCatchmentVegetationZone>
      <SubCatchmentVegetationZoneParameters>
        <TT>-1.2700401172265112</TT>
        <CFMAX>4.3596174790972153</CFMAX>
        <SP>0</SP>
        <SFCF>1.1916954515116616</SFCF>
        <CFR>0.011026595134364157</CFR>
        <CWH>0.19999391676523848</CWH>
        <CFGlacier>1</CFGlacier>
        <CFSlope>1</CFSlope>
        <FC>382.12769393559307</FC>
        <LP>0.99999609890751229</LP>
        <BETA>1.2588692121278808</BETA>
      </SubCatchmentVegetationZoneParameters>
    </SubCatchmentVegetationZone>
  </SubCatchment>
</Catchment>