<?xml version="1.0" encoding="utf-8"?>
<Catchment xmlns:xsi="http://www.w3.org/2001/XMLSchema-instance" xmlns:xsd="http://www.w3.org/2001/XMLSchema">
  <CatchmentParameters>
    <KSI>0.001</KSI>
    <KGmin>0.05</KGmin>
    <RangeKG>0.1</RangeKG>
    <AG>0.1</AG>
    <PERC>1.8196450483354922</PERC>
    <Alpha>0</Alpha>
    <UZL>169.38873064694963</UZL>
    <K0>0.13677967812627462</K0>
    <K1>0.091682989891257935</K1>
    <K2>0.010000000001098641</K2>
    <MAXBAS>1</MAXBAS>
    <Cet>0</Cet>
    <PCALT>10</PCALT>
    <TCALT>0.6</TCALT>
    <Pelev>3349</Pelev>
    <Telev>2921</Telev>
    <PART>0.5</PART>
    <DELAY>1</DELAY>
  </CatchmentParameters>
  <VegetationZone>
    <VegetationZoneParameters>
      <TT>-1.8618222428353664</TT>
      <CFMAX>4.2566010071584284</CFMAX>
      <SP>0</SP>
      <SFCF>1.4051964563089181</SFCF>
      <CFR>4.6266751771018579E-05</CFR>
      <CWH>0.10000099908753496</CWH>
      <CFGlacier>1</CFGlacier>
      <CFSlope>1</CFSlope>
      <FC>459.39768071009848</FC>
      <LP>0.7381878467241213</LP>
      <BETA>1.1533550169369402</BETA>
    </VegetationZoneParameters>
  </VegetationZone>
  <SubCatchment>
    <SubCatchmentParameters>
      <KSI>0.001</KSI>
      <KGmin>0.05</KGmin>
      <RangeKG>0.1</RangeKG>
      <AG>0.1</AG>
      <PERC>1.8196450483354922</PERC>
      <Alpha>0</Alpha>
      <UZL>169.38873064694963</UZL>
      <K0>0.13677967812627462</K0>
      <K1>0.091682989891257935</K1>
      <K2>0.010000000001098641</K2>
      <MAXBAS>1</MAXBAS>
      <Cet>0</Cet>
      <PCALT>10</PCALT>
      <TCALT>0.6</TCALT>
      <Pelev>3349</Pelev>
      <Telev>2921</Telev>
      <PART>0.5</PART>
      <DELAY>1</DELAY>
    </SubCatchmentParameters>
    <SubCatchmentVegetationZone>
      <SubCatchmentVegetationZoneParameters>
        <TT>-1.8618222428353664</TT>
        <CFMAX>4.2566010071584284</CFMAX>
        <SP>0</SP>
        <SFCF>1.4051964563089181</SFCF>
        <CFR>4.6266751771018579E-05</CFR>
        <CWH>0.10000099908753496</CWH>
        <CFGlacier>1</CFGlacier>
        <CFSlope>1</CFSlope>
        <FC>459.39768071009848</FC>
        <LP>0.7381878467241213</LP>
        <BETA>1.1533550169369402</BETA>
      </SubCatchmentVegetationZoneParameters>
    </SubCatchmentVegetationZone>
  </SubCatchment>
</Catchment>