<?xml version="1.0" encoding="utf-8"?>
<Catchment xmlns:xsi="http://www.w3.org/2001/XMLSchema-instance" xmlns:xsd="http://www.w3.org/2001/XMLSchema">
  <CatchmentParameters>
    <KSI>0.001</KSI>
    <KGmin>0.05</KGmin>
    <RangeKG>0.1</RangeKG>
    <AG>0.1</AG>
    <PERC>1.1811786497847709</PERC>
    <Alpha>0</Alpha>
    <UZL>91.90387869039759</UZL>
    <K0>0.17482115008733687</K0>
    <K1>0.060105154433043533</K1>
    <K2>0.010330965524778036</K2>
    <MAXBAS>1</MAXBAS>
    <Cet>0</Cet>
    <PCALT>10</PCALT>
    <TCALT>0.6</TCALT>
    <Pelev>3349</Pelev>
    <Telev>2921</Telev>
    <PART>0.5</PART>
    <DELAY>1</DELAY>
  </CatchmentParameters>
  <VegetationZone>
    <VegetationZoneParameters>
      <TT>-1.8443312202249811</TT>
      <CFMAX>4.4054470944417563</CFMAX>
      <SP>0</SP>
      <SFCF>1.4190919901912076</SFCF>
      <CFR>0.031845190717568882</CFR>
      <CWH>0.19999158596809535</CWH>
      <CFGlacier>1</CFGlacier>
      <CFSlope>1</CFSlope>
      <FC>2337.802446778001</FC>
      <LP>0.98781055410662166</LP>
      <BETA>1.4440904010465372</BETA>
    </VegetationZoneParameters>
  </VegetationZone>
  <SubCatchment>
    <SubCatchmentParameters>
      <KSI>0.001</KSI>
      <KGmin>0.05</KGmin>
      <RangeKG>0.1</RangeKG>
      <AG>0.1</AG>
      <PERC>1.1811786497847709</PERC>
      <Alpha>0</Alpha>
      <UZL>91.90387869039759</UZL>
      <K0>0.17482115008733687</K0>
      <K1>0.060105154433043533</K1>
      <K2>0.010330965524778036</K2>
      <MAXBAS>1</MAXBAS>
      <Cet>0</Cet>
      <PCALT>10</PCALT>
      <TCALT>0.6</TCALT>
      <Pelev>3349</Pelev>
      <Telev>2921</Telev>
      <PART>0.5</PART>
      <DELAY>1</DELAY>
    </SubCatchmentParameters>
    <SubCatchmentVegetationZone>
      <SubCatchmentVegetationZoneParameters>
        <TT>-1.8443312202249811</TT>
        <CFMAX>4.4054470944417563</CFMAX>
        <SP>0</SP>
        <SFCF>1.4190919901912076</SFCF>
        <CFR>0.031845190717568882</CFR>
        <CWH>0.19999158596809535</CWH>
        <CFGlacier>1</CFGlacier>
        <CFSlope>1</CFSlope>
        <FC>2337.802446778001</FC>
        <LP>0.98781055410662166</LP>
        <BETA>1.4440904010465372</BETA>
      </SubCatchmentVegetationZoneParameters>
    </SubCatchmentVegetationZone>
  </SubCatchment>
</Catchment>