<?xml version="1.0" encoding="utf-8"?>
<Catchment xmlns:xsi="http://www.w3.org/2001/XMLSchema-instance" xmlns:xsd="http://www.w3.org/2001/XMLSchema">
  <CatchmentParameters>
    <KSI>0.001</KSI>
    <KGmin>0.05</KGmin>
    <RangeKG>0.1</RangeKG>
    <AG>0.1</AG>
    <PERC>5.10320055121709</PERC>
    <Alpha>0</Alpha>
    <UZL>178.09145281418955</UZL>
    <K0>0.24591060246333468</K0>
    <K1>0.16700821429818716</K1>
    <K2>0.039126387241560118</K2>
    <MAXBAS>1.0001164546383687</MAXBAS>
    <Cet>0</Cet>
    <PCALT>10</PCALT>
    <TCALT>0.6</TCALT>
    <Pelev>3349</Pelev>
    <Telev>2921</Telev>
    <PART>0.5</PART>
    <DELAY>1</DELAY>
  </CatchmentParameters>
  <VegetationZone>
    <VegetationZoneParameters>
      <TT>-1.3700067651735222</TT>
      <CFMAX>4.1170591061496937</CFMAX>
      <SP>0</SP>
      <SFCF>1.1649087250276131</SFCF>
      <CFR>0.027633738361893992</CFR>
      <CWH>0.19998057015173618</CWH>
      <CFGlacier>1</CFGlacier>
      <CFSlope>1</CFSlope>
      <FC>325.0073014396923</FC>
      <LP>0.99999456014173849</LP>
      <BETA>1.348173772330812</BETA>
    </VegetationZoneParameters>
  </VegetationZone>
  <SubCatchment>
    <SubCatchmentParameters>
      <KSI>0.001</KSI>
      <KGmin>0.05</KGmin>
      <RangeKG>0.1</RangeKG>
      <AG>0.1</AG>
      <PERC>5.10320055121709</PERC>
      <Alpha>0</Alpha>
      <UZL>178.09145281418955</UZL>
      <K0>0.24591060246333468</K0>
      <K1>0.16700821429818716</K1>
      <K2>0.039126387241560118</K2>
      <MAXBAS>1.0001164546383687</MAXBAS>
      <Cet>0</Cet>
      <PCALT>10</PCALT>
      <TCALT>0.6</TCALT>
      <Pelev>3349</Pelev>
      <Telev>2921</Telev>
      <PART>0.5</PART>
      <DELAY>1</DELAY>
    </SubCatchmentParameters>
    <SubCatchmentVegetationZone>
      <SubCatchmentVegetationZoneParameters>
        <TT>-1.3700067651735222</TT>
        <CFMAX>4.1170591061496937</CFMAX>
        <SP>0</SP>
        <SFCF>1.1649087250276131</SFCF>
        <CFR>0.027633738361893992</CFR>
        <CWH>0.19998057015173618</CWH>
        <CFGlacier>1</CFGlacier>
        <CFSlope>1</CFSlope>
        <FC>325.0073014396923</FC>
        <LP>0.99999456014173849</LP>
        <BETA>1.348173772330812</BETA>
      </SubCatchmentVegetationZoneParameters>
    </SubCatchmentVegetationZone>
  </SubCatchment>
</Catchment>