<?xml version="1.0" encoding="utf-8"?>
<Catchment xmlns:xsi="http://www.w3.org/2001/XMLSchema-instance" xmlns:xsd="http://www.w3.org/2001/XMLSchema">
  <CatchmentParameters>
    <KSI>0.001</KSI>
    <KGmin>0.05</KGmin>
    <RangeKG>0.1</RangeKG>
    <AG>0.1</AG>
    <PERC>6.6494989060341609</PERC>
    <Alpha>0</Alpha>
    <UZL>77.106000850686712</UZL>
    <K0>0.55831380451427537</K0>
    <K1>0.17670925446295968</K1>
    <K2>0.048740833100857736</K2>
    <MAXBAS>1.000087122238094</MAXBAS>
    <Cet>0</Cet>
    <PCALT>10</PCALT>
    <TCALT>0.6</TCALT>
    <Pelev>3349</Pelev>
    <Telev>2921</Telev>
    <PART>0.5</PART>
    <DELAY>1</DELAY>
  </CatchmentParameters>
  <VegetationZone>
    <VegetationZoneParameters>
      <TT>-0.827997418545357</TT>
      <CFMAX>4.8780872886182287</CFMAX>
      <SP>0</SP>
      <SFCF>1.1587046604239926</SFCF>
      <CFR>0.019928119437049561</CFR>
      <CWH>0.18968520245970769</CWH>
      <CFGlacier>1</CFGlacier>
      <CFSlope>1</CFSlope>
      <FC>370.74405583451625</FC>
      <LP>0.99995334307130757</LP>
      <BETA>1.00959382480861</BETA>
    </VegetationZoneParameters>
  </VegetationZone>
  <SubCatchment>
    <SubCatchmentParameters>
      <KSI>0.001</KSI>
      <KGmin>0.05</KGmin>
      <RangeKG>0.1</RangeKG>
      <AG>0.1</AG>
      <PERC>6.6494989060341609</PERC>
      <Alpha>0</Alpha>
      <UZL>77.106000850686712</UZL>
      <K0>0.55831380451427537</K0>
      <K1>0.17670925446295968</K1>
      <K2>0.048740833100857736</K2>
      <MAXBAS>1.000087122238094</MAXBAS>
      <Cet>0</Cet>
      <PCALT>10</PCALT>
      <TCALT>0.6</TCALT>
      <Pelev>3349</Pelev>
      <Telev>2921</Telev>
      <PART>0.5</PART>
      <DELAY>1</DELAY>
    </SubCatchmentParameters>
    <SubCatchmentVegetationZone>
      <SubCatchmentVegetationZoneParameters>
        <TT>-0.827997418545357</TT>
        <CFMAX>4.8780872886182287</CFMAX>
        <SP>0</SP>
        <SFCF>1.1587046604239926</SFCF>
        <CFR>0.019928119437049561</CFR>
        <CWH>0.18968520245970769</CWH>
        <CFGlacier>1</CFGlacier>
        <CFSlope>1</CFSlope>
        <FC>370.74405583451625</FC>
        <LP>0.99995334307130757</LP>
        <BETA>1.00959382480861</BETA>
      </SubCatchmentVegetationZoneParameters>
    </SubCatchmentVegetationZone>
  </SubCatchment>
</Catchment>