<?xml version="1.0" encoding="utf-8"?>
<Catchment xmlns:xsi="http://www.w3.org/2001/XMLSchema-instance" xmlns:xsd="http://www.w3.org/2001/XMLSchema">
  <CatchmentParameters>
    <KSI>0.001</KSI>
    <KGmin>0.05</KGmin>
    <RangeKG>0.1</RangeKG>
    <AG>0.1</AG>
    <PERC>6.177501046342508</PERC>
    <Alpha>0</Alpha>
    <UZL>138.60316310429357</UZL>
    <K0>0.89509185506059352</K0>
    <K1>0.17787265136829142</K1>
    <K2>0.045768509113386112</K2>
    <MAXBAS>1.0001138995530507</MAXBAS>
    <Cet>0</Cet>
    <PCALT>10</PCALT>
    <TCALT>0.6</TCALT>
    <Pelev>3349</Pelev>
    <Telev>2921</Telev>
    <PART>0.5</PART>
    <DELAY>1</DELAY>
  </CatchmentParameters>
  <VegetationZone>
    <VegetationZoneParameters>
      <TT>-1.3700022006734356</TT>
      <CFMAX>4.422934322447424</CFMAX>
      <SP>0</SP>
      <SFCF>1.2221160322543183</SFCF>
      <CFR>0.026476687909313776</CFR>
      <CWH>0.18942184433426665</CWH>
      <CFGlacier>1</CFGlacier>
      <CFSlope>1</CFSlope>
      <FC>414.11276653299711</FC>
      <LP>0.99999554238694632</LP>
      <BETA>1.3182993556758664</BETA>
    </VegetationZoneParameters>
  </VegetationZone>
  <SubCatchment>
    <SubCatchmentParameters>
      <KSI>0.001</KSI>
      <KGmin>0.05</KGmin>
      <RangeKG>0.1</RangeKG>
      <AG>0.1</AG>
      <PERC>6.177501046342508</PERC>
      <Alpha>0</Alpha>
      <UZL>138.60316310429357</UZL>
      <K0>0.89509185506059352</K0>
      <K1>0.17787265136829142</K1>
      <K2>0.045768509113386112</K2>
      <MAXBAS>1.0001138995530507</MAXBAS>
      <Cet>0</Cet>
      <PCALT>10</PCALT>
      <TCALT>0.6</TCALT>
      <Pelev>3349</Pelev>
      <Telev>2921</Telev>
      <PART>0.5</PART>
      <DELAY>1</DELAY>
    </SubCatchmentParameters>
    <SubCatchmentVegetationZone>
      <SubCatchmentVegetationZoneParameters>
        <TT>-1.3700022006734356</TT>
        <CFMAX>4.422934322447424</CFMAX>
        <SP>0</SP>
        <SFCF>1.2221160322543183</SFCF>
        <CFR>0.026476687909313776</CFR>
        <CWH>0.18942184433426665</CWH>
        <CFGlacier>1</CFGlacier>
        <CFSlope>1</CFSlope>
        <FC>414.11276653299711</FC>
        <LP>0.99999554238694632</LP>
        <BETA>1.3182993556758664</BETA>
      </SubCatchmentVegetationZoneParameters>
    </SubCatchmentVegetationZone>
  </SubCatchment>
</Catchment>