<?xml version="1.0" encoding="utf-8"?>
<Catchment xmlns:xsi="http://www.w3.org/2001/XMLSchema-instance" xmlns:xsd="http://www.w3.org/2001/XMLSchema">
  <CatchmentParameters>
    <KSI>0.001</KSI>
    <KGmin>0.05</KGmin>
    <RangeKG>0.1</RangeKG>
    <AG>0.1</AG>
    <PERC>7.5863107708612283</PERC>
    <Alpha>0</Alpha>
    <UZL>78.047108953864893</UZL>
    <K0>0.21021540833759198</K0>
    <K1>0.2044779907981257</K1>
    <K2>0.053937531645158167</K2>
    <MAXBAS>1.0001277526668382</MAXBAS>
    <Cet>0</Cet>
    <PCALT>10</PCALT>
    <TCALT>0.6</TCALT>
    <Pelev>3349</Pelev>
    <Telev>2921</Telev>
    <PART>0.5</PART>
    <DELAY>1</DELAY>
  </CatchmentParameters>
  <VegetationZone>
    <VegetationZoneParameters>
      <TT>0.47349621859721291</TT>
      <CFMAX>4.4953184399219079</CFMAX>
      <SP>0</SP>
      <SFCF>0.87465353241393584</SFCF>
      <CFR>0.00010950480203590187</CFR>
      <CWH>0.13915169282596515</CWH>
      <CFGlacier>1</CFGlacier>
      <CFSlope>1</CFSlope>
      <FC>89.662176316599613</FC>
      <LP>0.99998407200530259</LP>
      <BETA>1.0000000004691056</BETA>
    </VegetationZoneParameters>
  </VegetationZone>
  <SubCatchment>
    <SubCatchmentParameters>
      <KSI>0.001</KSI>
      <KGmin>0.05</KGmin>
      <RangeKG>0.1</RangeKG>
      <AG>0.1</AG>
      <PERC>7.5863107708612283</PERC>
      <Alpha>0</Alpha>
      <UZL>78.047108953864893</UZL>
      <K0>0.21021540833759198</K0>
      <K1>0.2044779907981257</K1>
      <K2>0.053937531645158167</K2>
      <MAXBAS>1.0001277526668382</MAXBAS>
      <Cet>0</Cet>
      <PCALT>10</PCALT>
      <TCALT>0.6</TCALT>
      <Pelev>3349</Pelev>
      <Telev>2921</Telev>
      <PART>0.5</PART>
      <DELAY>1</DELAY>
    </SubCatchmentParameters>
    <SubCatchmentVegetationZone>
      <SubCatchmentVegetationZoneParameters>
        <TT>0.47349621859721291</TT>
        <CFMAX>4.4953184399219079</CFMAX>
        <SP>0</SP>
        <SFCF>0.87465353241393584</SFCF>
        <CFR>0.00010950480203590187</CFR>
        <CWH>0.13915169282596515</CWH>
        <CFGlacier>1</CFGlacier>
        <CFSlope>1</CFSlope>
        <FC>89.662176316599613</FC>
        <LP>0.99998407200530259</LP>
        <BETA>1.0000000004691056</BETA>
      </SubCatchmentVegetationZoneParameters>
    </SubCatchmentVegetationZone>
  </SubCatchment>
</Catchment>