<?xml version="1.0" encoding="utf-8"?>
<Catchment xmlns:xsi="http://www.w3.org/2001/XMLSchema-instance" xmlns:xsd="http://www.w3.org/2001/XMLSchema">
  <CatchmentParameters>
    <KSI>0.001</KSI>
    <KGmin>0.05</KGmin>
    <RangeKG>0.1</RangeKG>
    <AG>0.1</AG>
    <PERC>2.820862566204545</PERC>
    <Alpha>0</Alpha>
    <UZL>148.73578883978757</UZL>
    <K0>0.05003270396544765</K0>
    <K1>0.10532025737228111</K1>
    <K2>0.010265384045721646</K2>
    <MAXBAS>1</MAXBAS>
    <Cet>0</Cet>
    <PCALT>10</PCALT>
    <TCALT>0.6</TCALT>
    <Pelev>3349</Pelev>
    <Telev>2921</Telev>
    <PART>0.5</PART>
    <DELAY>1</DELAY>
  </CatchmentParameters>
  <VegetationZone>
    <VegetationZoneParameters>
      <TT>-1.4384053880673495</TT>
      <CFMAX>3.9359752919414377</CFMAX>
      <SP>0</SP>
      <SFCF>1.1674743539791996</SFCF>
      <CFR>0.0082129563615862232</CFR>
      <CWH>0.10491786179490377</CWH>
      <CFGlacier>1</CFGlacier>
      <CFSlope>1</CFSlope>
      <FC>198.3406026372916</FC>
      <LP>0.93828472861734158</LP>
      <BETA>1.4357245898993989</BETA>
    </VegetationZoneParameters>
  </VegetationZone>
  <SubCatchment>
    <SubCatchmentParameters>
      <KSI>0.001</KSI>
      <KGmin>0.05</KGmin>
      <RangeKG>0.1</RangeKG>
      <AG>0.1</AG>
      <PERC>2.820862566204545</PERC>
      <Alpha>0</Alpha>
      <UZL>148.73578883978757</UZL>
      <K0>0.05003270396544765</K0>
      <K1>0.10532025737228111</K1>
      <K2>0.010265384045721646</K2>
      <MAXBAS>1</MAXBAS>
      <Cet>0</Cet>
      <PCALT>10</PCALT>
      <TCALT>0.6</TCALT>
      <Pelev>3349</Pelev>
      <Telev>2921</Telev>
      <PART>0.5</PART>
      <DELAY>1</DELAY>
    </SubCatchmentParameters>
    <SubCatchmentVegetationZone>
      <SubCatchmentVegetationZoneParameters>
        <TT>-1.4384053880673495</TT>
        <CFMAX>3.9359752919414377</CFMAX>
        <SP>0</SP>
        <SFCF>1.1674743539791996</SFCF>
        <CFR>0.0082129563615862232</CFR>
        <CWH>0.10491786179490377</CWH>
        <CFGlacier>1</CFGlacier>
        <CFSlope>1</CFSlope>
        <FC>198.3406026372916</FC>
        <LP>0.93828472861734158</LP>
        <BETA>1.4357245898993989</BETA>
      </SubCatchmentVegetationZoneParameters>
    </SubCatchmentVegetationZone>
  </SubCatchment>
</Catchment>