<?xml version="1.0" encoding="utf-8"?>
<Catchment xmlns:xsi="http://www.w3.org/2001/XMLSchema-instance" xmlns:xsd="http://www.w3.org/2001/XMLSchema">
  <CatchmentParameters>
    <KSI>0.001</KSI>
    <KGmin>0.05</KGmin>
    <RangeKG>0.1</RangeKG>
    <AG>0.1</AG>
    <PERC>1.0101867240342091</PERC>
    <Alpha>0</Alpha>
    <UZL>69.237312051897391</UZL>
    <K0>0.14303709672227463</K0>
    <K1>0.053514413842079118</K1>
    <K2>0.010000012503497389</K2>
    <MAXBAS>1</MAXBAS>
    <Cet>0</Cet>
    <PCALT>10</PCALT>
    <TCALT>0.6</TCALT>
    <Pelev>3349</Pelev>
    <Telev>2921</Telev>
    <PART>0.5</PART>
    <DELAY>1</DELAY>
  </CatchmentParameters>
  <VegetationZone>
    <VegetationZoneParameters>
      <TT>-1.8119996477034348</TT>
      <CFMAX>4.2164034903192524</CFMAX>
      <SP>0</SP>
      <SFCF>1.4660568656508994</SFCF>
      <CFR>0.00038625574275180348</CFR>
      <CWH>0.17902195851623728</CWH>
      <CFGlacier>1</CFGlacier>
      <CFSlope>1</CFSlope>
      <FC>2157.4997061071422</FC>
      <LP>0.96195339234947885</LP>
      <BETA>1.5104767359619127</BETA>
    </VegetationZoneParameters>
  </VegetationZone>
  <SubCatchment>
    <SubCatchmentParameters>
      <KSI>0.001</KSI>
      <KGmin>0.05</KGmin>
      <RangeKG>0.1</RangeKG>
      <AG>0.1</AG>
      <PERC>1.0101867240342091</PERC>
      <Alpha>0</Alpha>
      <UZL>69.237312051897391</UZL>
      <K0>0.14303709672227463</K0>
      <K1>0.053514413842079118</K1>
      <K2>0.010000012503497389</K2>
      <MAXBAS>1</MAXBAS>
      <Cet>0</Cet>
      <PCALT>10</PCALT>
      <TCALT>0.6</TCALT>
      <Pelev>3349</Pelev>
      <Telev>2921</Telev>
      <PART>0.5</PART>
      <DELAY>1</DELAY>
    </SubCatchmentParameters>
    <SubCatchmentVegetationZone>
      <SubCatchmentVegetationZoneParameters>
        <TT>-1.8119996477034348</TT>
        <CFMAX>4.2164034903192524</CFMAX>
        <SP>0</SP>
        <SFCF>1.4660568656508994</SFCF>
        <CFR>0.00038625574275180348</CFR>
        <CWH>0.17902195851623728</CWH>
        <CFGlacier>1</CFGlacier>
        <CFSlope>1</CFSlope>
        <FC>2157.4997061071422</FC>
        <LP>0.96195339234947885</LP>
        <BETA>1.5104767359619127</BETA>
      </SubCatchmentVegetationZoneParameters>
    </SubCatchmentVegetationZone>
  </SubCatchment>
</Catchment>