<?xml version="1.0" encoding="utf-8"?>
<Catchment xmlns:xsi="http://www.w3.org/2001/XMLSchema-instance" xmlns:xsd="http://www.w3.org/2001/XMLSchema">
  <CatchmentParameters>
    <KSI>0.001</KSI>
    <KGmin>0.05</KGmin>
    <RangeKG>0.1</RangeKG>
    <AG>0.1</AG>
    <PERC>4.4068472232528082</PERC>
    <Alpha>0</Alpha>
    <UZL>69.097242462193137</UZL>
    <K0>0.0727246586304197</K0>
    <K1>0.16615421112038512</K1>
    <K2>0.033019121191399034</K2>
    <MAXBAS>1.0089918399720159</MAXBAS>
    <Cet>0</Cet>
    <PCALT>10</PCALT>
    <TCALT>0.6</TCALT>
    <Pelev>3349</Pelev>
    <Telev>2921</Telev>
    <PART>0.5</PART>
    <DELAY>1</DELAY>
  </CatchmentParameters>
  <VegetationZone>
    <VegetationZoneParameters>
      <TT>-1.6836429429583637</TT>
      <CFMAX>3.8874605070837753</CFMAX>
      <SP>0</SP>
      <SFCF>1.2193853368311765</SFCF>
      <CFR>0.000886256508199553</CFR>
      <CWH>0.19999891806886208</CWH>
      <CFGlacier>1</CFGlacier>
      <CFSlope>1</CFSlope>
      <FC>366.66880988298476</FC>
      <LP>0.9999841683879459</LP>
      <BETA>1.7228392027245421</BETA>
    </VegetationZoneParameters>
  </VegetationZone>
  <SubCatchment>
    <SubCatchmentParameters>
      <KSI>0.001</KSI>
      <KGmin>0.05</KGmin>
      <RangeKG>0.1</RangeKG>
      <AG>0.1</AG>
      <PERC>4.4068472232528082</PERC>
      <Alpha>0</Alpha>
      <UZL>69.097242462193137</UZL>
      <K0>0.0727246586304197</K0>
      <K1>0.16615421112038512</K1>
      <K2>0.033019121191399034</K2>
      <MAXBAS>1.0089918399720159</MAXBAS>
      <Cet>0</Cet>
      <PCALT>10</PCALT>
      <TCALT>0.6</TCALT>
      <Pelev>3349</Pelev>
      <Telev>2921</Telev>
      <PART>0.5</PART>
      <DELAY>1</DELAY>
    </SubCatchmentParameters>
    <SubCatchmentVegetationZone>
      <SubCatchmentVegetationZoneParameters>
        <TT>-1.6836429429583637</TT>
        <CFMAX>3.8874605070837753</CFMAX>
        <SP>0</SP>
        <SFCF>1.2193853368311765</SFCF>
        <CFR>0.000886256508199553</CFR>
        <CWH>0.19999891806886208</CWH>
        <CFGlacier>1</CFGlacier>
        <CFSlope>1</CFSlope>
        <FC>366.66880988298476</FC>
        <LP>0.9999841683879459</LP>
        <BETA>1.7228392027245421</BETA>
      </SubCatchmentVegetationZoneParameters>
    </SubCatchmentVegetationZone>
  </SubCatchment>
</Catchment>