<?xml version="1.0" encoding="utf-8"?>
<Catchment xmlns:xsi="http://www.w3.org/2001/XMLSchema-instance" xmlns:xsd="http://www.w3.org/2001/XMLSchema">
  <CatchmentParameters>
    <KSI>0.001</KSI>
    <KGmin>0.05</KGmin>
    <RangeKG>0.1</RangeKG>
    <AG>0.1</AG>
    <PERC>1.8426568236694958</PERC>
    <Alpha>0</Alpha>
    <UZL>91.9749204754417</UZL>
    <K0>0.15608751655159625</K0>
    <K1>0.044316367700944971</K1>
    <K2>0.010000001626329125</K2>
    <MAXBAS>1</MAXBAS>
    <Cet>0</Cet>
    <PCALT>10</PCALT>
    <TCALT>0.6</TCALT>
    <Pelev>3349</Pelev>
    <Telev>2921</Telev>
    <PART>0.5</PART>
    <DELAY>1</DELAY>
  </CatchmentParameters>
  <VegetationZone>
    <VegetationZoneParameters>
      <TT>-1.6800062798288014</TT>
      <CFMAX>3.2533658845458597</CFMAX>
      <SP>0</SP>
      <SFCF>1.0574034887826929</SFCF>
      <CFR>0.00039775242351918594</CFR>
      <CWH>0.18999859790668841</CWH>
      <CFGlacier>1</CFGlacier>
      <CFSlope>1</CFSlope>
      <FC>86.765573437469612</FC>
      <LP>0.8606345742993684</LP>
      <BETA>1.5357234237418713</BETA>
    </VegetationZoneParameters>
  </VegetationZone>
  <SubCatchment>
    <SubCatchmentParameters>
      <KSI>0.001</KSI>
      <KGmin>0.05</KGmin>
      <RangeKG>0.1</RangeKG>
      <AG>0.1</AG>
      <PERC>1.8426568236694958</PERC>
      <Alpha>0</Alpha>
      <UZL>91.9749204754417</UZL>
      <K0>0.15608751655159625</K0>
      <K1>0.044316367700944971</K1>
      <K2>0.010000001626329125</K2>
      <MAXBAS>1</MAXBAS>
      <Cet>0</Cet>
      <PCALT>10</PCALT>
      <TCALT>0.6</TCALT>
      <Pelev>3349</Pelev>
      <Telev>2921</Telev>
      <PART>0.5</PART>
      <DELAY>1</DELAY>
    </SubCatchmentParameters>
    <SubCatchmentVegetationZone>
      <SubCatchmentVegetationZoneParameters>
        <TT>-1.6800062798288014</TT>
        <CFMAX>3.2533658845458597</CFMAX>
        <SP>0</SP>
        <SFCF>1.0574034887826929</SFCF>
        <CFR>0.00039775242351918594</CFR>
        <CWH>0.18999859790668841</CWH>
        <CFGlacier>1</CFGlacier>
        <CFSlope>1</CFSlope>
        <FC>86.765573437469612</FC>
        <LP>0.8606345742993684</LP>
        <BETA>1.5357234237418713</BETA>
      </SubCatchmentVegetationZoneParameters>
    </SubCatchmentVegetationZone>
  </SubCatchment>
</Catchment>