<?xml version="1.0" encoding="utf-8"?>
<Catchment xmlns:xsi="http://www.w3.org/2001/XMLSchema-instance" xmlns:xsd="http://www.w3.org/2001/XMLSchema">
  <CatchmentParameters>
    <KSI>0.001</KSI>
    <KGmin>0.05</KGmin>
    <RangeKG>0.1</RangeKG>
    <AG>0.1</AG>
    <PERC>6.5875047150959567</PERC>
    <Alpha>0</Alpha>
    <UZL>143.04895536962172</UZL>
    <K0>0.14368527983317408</K0>
    <K1>0.18799542145174741</K1>
    <K2>0.050894674645188237</K2>
    <MAXBAS>1.000073863523931</MAXBAS>
    <Cet>0</Cet>
    <PCALT>10</PCALT>
    <TCALT>0.6</TCALT>
    <Pelev>3349</Pelev>
    <Telev>2921</Telev>
    <PART>0.5</PART>
    <DELAY>1</DELAY>
  </CatchmentParameters>
  <VegetationZone>
    <VegetationZoneParameters>
      <TT>-0.31200859842399442</TT>
      <CFMAX>4.4958705961377117</CFMAX>
      <SP>0</SP>
      <SFCF>0.99932019403549666</SFCF>
      <CFR>0.027233323352563187</CFR>
      <CWH>0.16750934780633042</CWH>
      <CFGlacier>1</CFGlacier>
      <CFSlope>1</CFSlope>
      <FC>197.605608542571</FC>
      <LP>0.99999610055198107</LP>
      <BETA>1.0000019001966936</BETA>
    </VegetationZoneParameters>
  </VegetationZone>
  <SubCatchment>
    <SubCatchmentParameters>
      <KSI>0.001</KSI>
      <KGmin>0.05</KGmin>
      <RangeKG>0.1</RangeKG>
      <AG>0.1</AG>
      <PERC>6.5875047150959567</PERC>
      <Alpha>0</Alpha>
      <UZL>143.04895536962172</UZL>
      <K0>0.14368527983317408</K0>
      <K1>0.18799542145174741</K1>
      <K2>0.050894674645188237</K2>
      <MAXBAS>1.000073863523931</MAXBAS>
      <Cet>0</Cet>
      <PCALT>10</PCALT>
      <TCALT>0.6</TCALT>
      <Pelev>3349</Pelev>
      <Telev>2921</Telev>
      <PART>0.5</PART>
      <DELAY>1</DELAY>
    </SubCatchmentParameters>
    <SubCatchmentVegetationZone>
      <SubCatchmentVegetationZoneParameters>
        <TT>-0.31200859842399442</TT>
        <CFMAX>4.4958705961377117</CFMAX>
        <SP>0</SP>
        <SFCF>0.99932019403549666</SFCF>
        <CFR>0.027233323352563187</CFR>
        <CWH>0.16750934780633042</CWH>
        <CFGlacier>1</CFGlacier>
        <CFSlope>1</CFSlope>
        <FC>197.605608542571</FC>
        <LP>0.99999610055198107</LP>
        <BETA>1.0000019001966936</BETA>
      </SubCatchmentVegetationZoneParameters>
    </SubCatchmentVegetationZone>
  </SubCatchment>
</Catchment>