<?xml version="1.0" encoding="utf-8"?>
<Catchment xmlns:xsi="http://www.w3.org/2001/XMLSchema-instance" xmlns:xsd="http://www.w3.org/2001/XMLSchema">
  <CatchmentParameters>
    <KSI>0.001</KSI>
    <KGmin>0.05</KGmin>
    <RangeKG>0.1</RangeKG>
    <AG>0.1</AG>
    <PERC>1.6980389107035692</PERC>
    <Alpha>0</Alpha>
    <UZL>166.22997528829049</UZL>
    <K0>0.35183761820965509</K0>
    <K1>0.0998306600933744</K1>
    <K2>0.010000004142297458</K2>
    <MAXBAS>1</MAXBAS>
    <Cet>0</Cet>
    <PCALT>10</PCALT>
    <TCALT>0.6</TCALT>
    <Pelev>3349</Pelev>
    <Telev>2921</Telev>
    <PART>0.5</PART>
    <DELAY>1</DELAY>
  </CatchmentParameters>
  <VegetationZone>
    <VegetationZoneParameters>
      <TT>-1.7840793554810968</TT>
      <CFMAX>4.6084402127103985</CFMAX>
      <SP>0</SP>
      <SFCF>1.4432862172808703</SFCF>
      <CFR>0.00030966795320712495</CFR>
      <CWH>0.1769470512201819</CWH>
      <CFGlacier>1</CFGlacier>
      <CFSlope>1</CFSlope>
      <FC>856.55129096682072</FC>
      <LP>0.95030176940605693</LP>
      <BETA>1.2163746793214774</BETA>
    </VegetationZoneParameters>
  </VegetationZone>
  <SubCatchment>
    <SubCatchmentParameters>
      <KSI>0.001</KSI>
      <KGmin>0.05</KGmin>
      <RangeKG>0.1</RangeKG>
      <AG>0.1</AG>
      <PERC>1.6980389107035692</PERC>
      <Alpha>0</Alpha>
      <UZL>166.22997528829049</UZL>
      <K0>0.35183761820965509</K0>
      <K1>0.0998306600933744</K1>
      <K2>0.010000004142297458</K2>
      <MAXBAS>1</MAXBAS>
      <Cet>0</Cet>
      <PCALT>10</PCALT>
      <TCALT>0.6</TCALT>
      <Pelev>3349</Pelev>
      <Telev>2921</Telev>
      <PART>0.5</PART>
      <DELAY>1</DELAY>
    </SubCatchmentParameters>
    <SubCatchmentVegetationZone>
      <SubCatchmentVegetationZoneParameters>
        <TT>-1.7840793554810968</TT>
        <CFMAX>4.6084402127103985</CFMAX>
        <SP>0</SP>
        <SFCF>1.4432862172808703</SFCF>
        <CFR>0.00030966795320712495</CFR>
        <CWH>0.1769470512201819</CWH>
        <CFGlacier>1</CFGlacier>
        <CFSlope>1</CFSlope>
        <FC>856.55129096682072</FC>
        <LP>0.95030176940605693</LP>
        <BETA>1.2163746793214774</BETA>
      </SubCatchmentVegetationZoneParameters>
    </SubCatchmentVegetationZone>
  </SubCatchment>
</Catchment>