<?xml version="1.0" encoding="utf-8"?>
<Catchment xmlns:xsi="http://www.w3.org/2001/XMLSchema-instance" xmlns:xsd="http://www.w3.org/2001/XMLSchema">
  <CatchmentParameters>
    <KSI>0.001</KSI>
    <KGmin>0.05</KGmin>
    <RangeKG>0.1</RangeKG>
    <AG>0.1</AG>
    <PERC>6.6779456600411935</PERC>
    <Alpha>0</Alpha>
    <UZL>94.786613436746464</UZL>
    <K0>0.54963487553567325</K0>
    <K1>0.17090249616473771</K1>
    <K2>0.044998558809453304</K2>
    <MAXBAS>1.0000786437788252</MAXBAS>
    <Cet>0</Cet>
    <PCALT>10</PCALT>
    <TCALT>0.6</TCALT>
    <Pelev>3349</Pelev>
    <Telev>2921</Telev>
    <PART>0.5</PART>
    <DELAY>1</DELAY>
  </CatchmentParameters>
  <VegetationZone>
    <VegetationZoneParameters>
      <TT>-0.58001596432437608</TT>
      <CFMAX>4.9577595555504486</CFMAX>
      <SP>0</SP>
      <SFCF>1.1115844532394281</SFCF>
      <CFR>0.017778180559515504</CFR>
      <CWH>0.1754869934916547</CWH>
      <CFGlacier>1</CFGlacier>
      <CFSlope>1</CFSlope>
      <FC>292.07320883197741</FC>
      <LP>0.99999165655492572</LP>
      <BETA>1.0035717897967738</BETA>
    </VegetationZoneParameters>
  </VegetationZone>
  <SubCatchment>
    <SubCatchmentParameters>
      <KSI>0.001</KSI>
      <KGmin>0.05</KGmin>
      <RangeKG>0.1</RangeKG>
      <AG>0.1</AG>
      <PERC>6.6779456600411935</PERC>
      <Alpha>0</Alpha>
      <UZL>94.786613436746464</UZL>
      <K0>0.54963487553567325</K0>
      <K1>0.17090249616473771</K1>
      <K2>0.044998558809453304</K2>
      <MAXBAS>1.0000786437788252</MAXBAS>
      <Cet>0</Cet>
      <PCALT>10</PCALT>
      <TCALT>0.6</TCALT>
      <Pelev>3349</Pelev>
      <Telev>2921</Telev>
      <PART>0.5</PART>
      <DELAY>1</DELAY>
    </SubCatchmentParameters>
    <SubCatchmentVegetationZone>
      <SubCatchmentVegetationZoneParameters>
        <TT>-0.58001596432437608</TT>
        <CFMAX>4.9577595555504486</CFMAX>
        <SP>0</SP>
        <SFCF>1.1115844532394281</SFCF>
        <CFR>0.017778180559515504</CFR>
        <CWH>0.1754869934916547</CWH>
        <CFGlacier>1</CFGlacier>
        <CFSlope>1</CFSlope>
        <FC>292.07320883197741</FC>
        <LP>0.99999165655492572</LP>
        <BETA>1.0035717897967738</BETA>
      </SubCatchmentVegetationZoneParameters>
    </SubCatchmentVegetationZone>
  </SubCatchment>
</Catchment>