<?xml version="1.0" encoding="utf-8"?>
<Catchment xmlns:xsi="http://www.w3.org/2001/XMLSchema-instance" xmlns:xsd="http://www.w3.org/2001/XMLSchema">
  <CatchmentParameters>
    <KSI>0.001</KSI>
    <KGmin>0.05</KGmin>
    <RangeKG>0.1</RangeKG>
    <AG>0.1</AG>
    <PERC>1.8860497112245973</PERC>
    <Alpha>0</Alpha>
    <UZL>86.665214661255945</UZL>
    <K0>0.30227050872221062</K0>
    <K1>0.053948565920686906</K1>
    <K2>0.010000000178958659</K2>
    <MAXBAS>1</MAXBAS>
    <Cet>0</Cet>
    <PCALT>10</PCALT>
    <TCALT>0.6</TCALT>
    <Pelev>3349</Pelev>
    <Telev>2921</Telev>
    <PART>0.5</PART>
    <DELAY>1</DELAY>
  </CatchmentParameters>
  <VegetationZone>
    <VegetationZoneParameters>
      <TT>-1.8483803991487124</TT>
      <CFMAX>2.6552720952604676</CFMAX>
      <SP>0</SP>
      <SFCF>1.0180011185612439</SFCF>
      <CFR>0.0747891461250903</CFR>
      <CWH>0.13646045461124889</CWH>
      <CFGlacier>1</CFGlacier>
      <CFSlope>1</CFSlope>
      <FC>54.604586986532013</FC>
      <LP>0.84121244549764729</LP>
      <BETA>1.9747622633035091</BETA>
    </VegetationZoneParameters>
  </VegetationZone>
  <SubCatchment>
    <SubCatchmentParameters>
      <KSI>0.001</KSI>
      <KGmin>0.05</KGmin>
      <RangeKG>0.1</RangeKG>
      <AG>0.1</AG>
      <PERC>1.8860497112245973</PERC>
      <Alpha>0</Alpha>
      <UZL>86.665214661255945</UZL>
      <K0>0.30227050872221062</K0>
      <K1>0.053948565920686906</K1>
      <K2>0.010000000178958659</K2>
      <MAXBAS>1</MAXBAS>
      <Cet>0</Cet>
      <PCALT>10</PCALT>
      <TCALT>0.6</TCALT>
      <Pelev>3349</Pelev>
      <Telev>2921</Telev>
      <PART>0.5</PART>
      <DELAY>1</DELAY>
    </SubCatchmentParameters>
    <SubCatchmentVegetationZone>
      <SubCatchmentVegetationZoneParameters>
        <TT>-1.8483803991487124</TT>
        <CFMAX>2.6552720952604676</CFMAX>
        <SP>0</SP>
        <SFCF>1.0180011185612439</SFCF>
        <CFR>0.0747891461250903</CFR>
        <CWH>0.13646045461124889</CWH>
        <CFGlacier>1</CFGlacier>
        <CFSlope>1</CFSlope>
        <FC>54.604586986532013</FC>
        <LP>0.84121244549764729</LP>
        <BETA>1.9747622633035091</BETA>
      </SubCatchmentVegetationZoneParameters>
    </SubCatchmentVegetationZone>
  </SubCatchment>
</Catchment>