<?xml version="1.0" encoding="utf-8"?>
<Catchment xmlns:xsi="http://www.w3.org/2001/XMLSchema-instance" xmlns:xsd="http://www.w3.org/2001/XMLSchema">
  <CatchmentParameters>
    <KSI>0.001</KSI>
    <KGmin>0.05</KGmin>
    <RangeKG>0.1</RangeKG>
    <AG>0.1</AG>
    <PERC>6.0732790436395057</PERC>
    <Alpha>0</Alpha>
    <UZL>127.22432032049105</UZL>
    <K0>0.92108956535223729</K0>
    <K1>0.18109308286377793</K1>
    <K2>0.048995508057834036</K2>
    <MAXBAS>1.0004458163363823</MAXBAS>
    <Cet>0</Cet>
    <PCALT>10</PCALT>
    <TCALT>0.6</TCALT>
    <Pelev>3349</Pelev>
    <Telev>2921</Telev>
    <PART>0.5</PART>
    <DELAY>1</DELAY>
  </CatchmentParameters>
  <VegetationZone>
    <VegetationZoneParameters>
      <TT>-0.13332938029513744</TT>
      <CFMAX>4.5746749703461145</CFMAX>
      <SP>0</SP>
      <SFCF>0.99268239303192618</SFCF>
      <CFR>0.025203667324984032</CFR>
      <CWH>0.14217479047489084</CWH>
      <CFGlacier>1</CFGlacier>
      <CFSlope>1</CFSlope>
      <FC>191.02779127028583</FC>
      <LP>0.99999671838044935</LP>
      <BETA>1.0000040877115841</BETA>
    </VegetationZoneParameters>
  </VegetationZone>
  <SubCatchment>
    <SubCatchmentParameters>
      <KSI>0.001</KSI>
      <KGmin>0.05</KGmin>
      <RangeKG>0.1</RangeKG>
      <AG>0.1</AG>
      <PERC>6.0732790436395057</PERC>
      <Alpha>0</Alpha>
      <UZL>127.22432032049105</UZL>
      <K0>0.92108956535223729</K0>
      <K1>0.18109308286377793</K1>
      <K2>0.048995508057834036</K2>
      <MAXBAS>1.0004458163363823</MAXBAS>
      <Cet>0</Cet>
      <PCALT>10</PCALT>
      <TCALT>0.6</TCALT>
      <Pelev>3349</Pelev>
      <Telev>2921</Telev>
      <PART>0.5</PART>
      <DELAY>1</DELAY>
    </SubCatchmentParameters>
    <SubCatchmentVegetationZone>
      <SubCatchmentVegetationZoneParameters>
        <TT>-0.13332938029513744</TT>
        <CFMAX>4.5746749703461145</CFMAX>
        <SP>0</SP>
        <SFCF>0.99268239303192618</SFCF>
        <CFR>0.025203667324984032</CFR>
        <CWH>0.14217479047489084</CWH>
        <CFGlacier>1</CFGlacier>
        <CFSlope>1</CFSlope>
        <FC>191.02779127028583</FC>
        <LP>0.99999671838044935</LP>
        <BETA>1.0000040877115841</BETA>
      </SubCatchmentVegetationZoneParameters>
    </SubCatchmentVegetationZone>
  </SubCatchment>
</Catchment>