<?xml version="1.0" encoding="utf-8"?>
<Catchment xmlns:xsi="http://www.w3.org/2001/XMLSchema-instance" xmlns:xsd="http://www.w3.org/2001/XMLSchema">
  <CatchmentParameters>
    <KSI>0.001</KSI>
    <KGmin>0.05</KGmin>
    <RangeKG>0.1</RangeKG>
    <AG>0.1</AG>
    <PERC>1.1828228589542107</PERC>
    <Alpha>0</Alpha>
    <UZL>84.500840581185031</UZL>
    <K0>0.14095700429610369</K0>
    <K1>0.048775123027399933</K1>
    <K2>0.010000004681003529</K2>
    <MAXBAS>1</MAXBAS>
    <Cet>0</Cet>
    <PCALT>10</PCALT>
    <TCALT>0.6</TCALT>
    <Pelev>3349</Pelev>
    <Telev>2921</Telev>
    <PART>0.5</PART>
    <DELAY>1</DELAY>
  </CatchmentParameters>
  <VegetationZone>
    <VegetationZoneParameters>
      <TT>-1.7969947922358021</TT>
      <CFMAX>4.33999898870147</CFMAX>
      <SP>0</SP>
      <SFCF>1.4079583404359373</SFCF>
      <CFR>0.00019177528386318617</CFR>
      <CWH>0.10000012900109356</CWH>
      <CFGlacier>1</CFGlacier>
      <CFSlope>1</CFSlope>
      <FC>622.97129331980113</FC>
      <LP>0.933837608423933</LP>
      <BETA>1.1611156303867027</BETA>
    </VegetationZoneParameters>
  </VegetationZone>
  <SubCatchment>
    <SubCatchmentParameters>
      <KSI>0.001</KSI>
      <KGmin>0.05</KGmin>
      <RangeKG>0.1</RangeKG>
      <AG>0.1</AG>
      <PERC>1.1828228589542107</PERC>
      <Alpha>0</Alpha>
      <UZL>84.500840581185031</UZL>
      <K0>0.14095700429610369</K0>
      <K1>0.048775123027399933</K1>
      <K2>0.010000004681003529</K2>
      <MAXBAS>1</MAXBAS>
      <Cet>0</Cet>
      <PCALT>10</PCALT>
      <TCALT>0.6</TCALT>
      <Pelev>3349</Pelev>
      <Telev>2921</Telev>
      <PART>0.5</PART>
      <DELAY>1</DELAY>
    </SubCatchmentParameters>
    <SubCatchmentVegetationZone>
      <SubCatchmentVegetationZoneParameters>
        <TT>-1.7969947922358021</TT>
        <CFMAX>4.33999898870147</CFMAX>
        <SP>0</SP>
        <SFCF>1.4079583404359373</SFCF>
        <CFR>0.00019177528386318617</CFR>
        <CWH>0.10000012900109356</CWH>
        <CFGlacier>1</CFGlacier>
        <CFSlope>1</CFSlope>
        <FC>622.97129331980113</FC>
        <LP>0.933837608423933</LP>
        <BETA>1.1611156303867027</BETA>
      </SubCatchmentVegetationZoneParameters>
    </SubCatchmentVegetationZone>
  </SubCatchment>
</Catchment>