<?xml version="1.0" encoding="utf-8"?>
<Catchment xmlns:xsi="http://www.w3.org/2001/XMLSchema-instance" xmlns:xsd="http://www.w3.org/2001/XMLSchema">
  <CatchmentParameters>
    <KSI>0.001</KSI>
    <KGmin>0.05</KGmin>
    <RangeKG>0.1</RangeKG>
    <AG>0.1</AG>
    <PERC>2.0265258776244814</PERC>
    <Alpha>0</Alpha>
    <UZL>167.63059469353468</UZL>
    <K0>0.064080648929667</K0>
    <K1>0.086675706581079093</K1>
    <K2>0.010000000392718297</K2>
    <MAXBAS>1</MAXBAS>
    <Cet>0</Cet>
    <PCALT>10</PCALT>
    <TCALT>0.6</TCALT>
    <Pelev>3349</Pelev>
    <Telev>2921</Telev>
    <PART>0.5</PART>
    <DELAY>1</DELAY>
  </CatchmentParameters>
  <VegetationZone>
    <VegetationZoneParameters>
      <TT>-1.4699978518883821</TT>
      <CFMAX>4.6204797771664</CFMAX>
      <SP>0</SP>
      <SFCF>1.3374970264438617</SFCF>
      <CFR>0.00015868219158083507</CFR>
      <CWH>0.10000008072538923</CWH>
      <CFGlacier>1</CFGlacier>
      <CFSlope>1</CFSlope>
      <FC>387.49825402839758</FC>
      <LP>0.82224721516400578</LP>
      <BETA>1.2685980918690125</BETA>
    </VegetationZoneParameters>
  </VegetationZone>
  <SubCatchment>
    <SubCatchmentParameters>
      <KSI>0.001</KSI>
      <KGmin>0.05</KGmin>
      <RangeKG>0.1</RangeKG>
      <AG>0.1</AG>
      <PERC>2.0265258776244814</PERC>
      <Alpha>0</Alpha>
      <UZL>167.63059469353468</UZL>
      <K0>0.064080648929667</K0>
      <K1>0.086675706581079093</K1>
      <K2>0.010000000392718297</K2>
      <MAXBAS>1</MAXBAS>
      <Cet>0</Cet>
      <PCALT>10</PCALT>
      <TCALT>0.6</TCALT>
      <Pelev>3349</Pelev>
      <Telev>2921</Telev>
      <PART>0.5</PART>
      <DELAY>1</DELAY>
    </SubCatchmentParameters>
    <SubCatchmentVegetationZone>
      <SubCatchmentVegetationZoneParameters>
        <TT>-1.4699978518883821</TT>
        <CFMAX>4.6204797771664</CFMAX>
        <SP>0</SP>
        <SFCF>1.3374970264438617</SFCF>
        <CFR>0.00015868219158083507</CFR>
        <CWH>0.10000008072538923</CWH>
        <CFGlacier>1</CFGlacier>
        <CFSlope>1</CFSlope>
        <FC>387.49825402839758</FC>
        <LP>0.82224721516400578</LP>
        <BETA>1.2685980918690125</BETA>
      </SubCatchmentVegetationZoneParameters>
    </SubCatchmentVegetationZone>
  </SubCatchment>
</Catchment>