<?xml version="1.0" encoding="utf-8"?>
<Catchment xmlns:xsi="http://www.w3.org/2001/XMLSchema-instance" xmlns:xsd="http://www.w3.org/2001/XMLSchema">
  <CatchmentParameters>
    <KSI>0.001</KSI>
    <KGmin>0.05</KGmin>
    <RangeKG>0.1</RangeKG>
    <AG>0.1</AG>
    <PERC>1.9049484425325411</PERC>
    <Alpha>0</Alpha>
    <UZL>82.517131755379779</UZL>
    <K0>0.14724277122167934</K0>
    <K1>0.048459903739194433</K1>
    <K2>0.010452532529535293</K2>
    <MAXBAS>1</MAXBAS>
    <Cet>0</Cet>
    <PCALT>10</PCALT>
    <TCALT>0.6</TCALT>
    <Pelev>3349</Pelev>
    <Telev>2921</Telev>
    <PART>0.5</PART>
    <DELAY>1</DELAY>
  </CatchmentParameters>
  <VegetationZone>
    <VegetationZoneParameters>
      <TT>-1.7380116255272571</TT>
      <CFMAX>3.2512851278513528</CFMAX>
      <SP>0</SP>
      <SFCF>1.0711924229872638</SFCF>
      <CFR>0.00044429452345748588</CFR>
      <CWH>0.19874318872695568</CWH>
      <CFGlacier>1</CFGlacier>
      <CFSlope>1</CFSlope>
      <FC>103.42865565905125</FC>
      <LP>0.88702707913766587</LP>
      <BETA>1.3765934364520576</BETA>
    </VegetationZoneParameters>
  </VegetationZone>
  <SubCatchment>
    <SubCatchmentParameters>
      <KSI>0.001</KSI>
      <KGmin>0.05</KGmin>
      <RangeKG>0.1</RangeKG>
      <AG>0.1</AG>
      <PERC>1.9049484425325411</PERC>
      <Alpha>0</Alpha>
      <UZL>82.517131755379779</UZL>
      <K0>0.14724277122167934</K0>
      <K1>0.048459903739194433</K1>
      <K2>0.010452532529535293</K2>
      <MAXBAS>1</MAXBAS>
      <Cet>0</Cet>
      <PCALT>10</PCALT>
      <TCALT>0.6</TCALT>
      <Pelev>3349</Pelev>
      <Telev>2921</Telev>
      <PART>0.5</PART>
      <DELAY>1</DELAY>
    </SubCatchmentParameters>
    <SubCatchmentVegetationZone>
      <SubCatchmentVegetationZoneParameters>
        <TT>-1.7380116255272571</TT>
        <CFMAX>3.2512851278513528</CFMAX>
        <SP>0</SP>
        <SFCF>1.0711924229872638</SFCF>
        <CFR>0.00044429452345748588</CFR>
        <CWH>0.19874318872695568</CWH>
        <CFGlacier>1</CFGlacier>
        <CFSlope>1</CFSlope>
        <FC>103.42865565905125</FC>
        <LP>0.88702707913766587</LP>
        <BETA>1.3765934364520576</BETA>
      </SubCatchmentVegetationZoneParameters>
    </SubCatchmentVegetationZone>
  </SubCatchment>
</Catchment>