<?xml version="1.0" encoding="utf-8"?>
<Catchment xmlns:xsi="http://www.w3.org/2001/XMLSchema-instance" xmlns:xsd="http://www.w3.org/2001/XMLSchema">
  <CatchmentParameters>
    <KSI>0.001</KSI>
    <KGmin>0.05</KGmin>
    <RangeKG>0.1</RangeKG>
    <AG>0.1</AG>
    <PERC>0.89092594915544354</PERC>
    <Alpha>0</Alpha>
    <UZL>94.874914032382463</UZL>
    <K0>0.16233488548124314</K0>
    <K1>0.052433544107010864</K1>
    <K2>0.010140756004457347</K2>
    <MAXBAS>1</MAXBAS>
    <Cet>0</Cet>
    <PCALT>10</PCALT>
    <TCALT>0.6</TCALT>
    <Pelev>3349</Pelev>
    <Telev>2921</Telev>
    <PART>0.5</PART>
    <DELAY>1</DELAY>
  </CatchmentParameters>
  <VegetationZone>
    <VegetationZoneParameters>
      <TT>-1.6961423960935584</TT>
      <CFMAX>4.56772333644346</CFMAX>
      <SP>0</SP>
      <SFCF>1.4400255962835402</SFCF>
      <CFR>0.00040812276174271065</CFR>
      <CWH>0.17620456206786012</CWH>
      <CFGlacier>1</CFGlacier>
      <CFSlope>1</CFSlope>
      <FC>2082.7195705258137</FC>
      <LP>0.95412324516109293</LP>
      <BETA>1.3117743995535864</BETA>
    </VegetationZoneParameters>
  </VegetationZone>
  <SubCatchment>
    <SubCatchmentParameters>
      <KSI>0.001</KSI>
      <KGmin>0.05</KGmin>
      <RangeKG>0.1</RangeKG>
      <AG>0.1</AG>
      <PERC>0.89092594915544354</PERC>
      <Alpha>0</Alpha>
      <UZL>94.874914032382463</UZL>
      <K0>0.16233488548124314</K0>
      <K1>0.052433544107010864</K1>
      <K2>0.010140756004457347</K2>
      <MAXBAS>1</MAXBAS>
      <Cet>0</Cet>
      <PCALT>10</PCALT>
      <TCALT>0.6</TCALT>
      <Pelev>3349</Pelev>
      <Telev>2921</Telev>
      <PART>0.5</PART>
      <DELAY>1</DELAY>
    </SubCatchmentParameters>
    <SubCatchmentVegetationZone>
      <SubCatchmentVegetationZoneParameters>
        <TT>-1.6961423960935584</TT>
        <CFMAX>4.56772333644346</CFMAX>
        <SP>0</SP>
        <SFCF>1.4400255962835402</SFCF>
        <CFR>0.00040812276174271065</CFR>
        <CWH>0.17620456206786012</CWH>
        <CFGlacier>1</CFGlacier>
        <CFSlope>1</CFSlope>
        <FC>2082.7195705258137</FC>
        <LP>0.95412324516109293</LP>
        <BETA>1.3117743995535864</BETA>
      </SubCatchmentVegetationZoneParameters>
    </SubCatchmentVegetationZone>
  </SubCatchment>
</Catchment>