<?xml version="1.0" encoding="utf-8"?>
<Catchment xmlns:xsi="http://www.w3.org/2001/XMLSchema-instance" xmlns:xsd="http://www.w3.org/2001/XMLSchema">
  <CatchmentParameters>
    <KSI>0.001</KSI>
    <KGmin>0.05</KGmin>
    <RangeKG>0.1</RangeKG>
    <AG>0.1</AG>
    <PERC>4.4498306456151751</PERC>
    <Alpha>0</Alpha>
    <UZL>84.588223755219275</UZL>
    <K0>0.50537068092990522</K0>
    <K1>0.16206961275789722</K1>
    <K2>0.033835444595838753</K2>
    <MAXBAS>1.0000000014346673</MAXBAS>
    <Cet>0</Cet>
    <PCALT>10</PCALT>
    <TCALT>0.6</TCALT>
    <Pelev>3349</Pelev>
    <Telev>2921</Telev>
    <PART>0.5</PART>
    <DELAY>1</DELAY>
  </CatchmentParameters>
  <VegetationZone>
    <VegetationZoneParameters>
      <TT>-1.4279348791810269</TT>
      <CFMAX>3.5957978767797072</CFMAX>
      <SP>0</SP>
      <SFCF>1.0673027027041613</SFCF>
      <CFR>0.030654242860862432</CFR>
      <CWH>0.19999984897794546</CWH>
      <CFGlacier>1</CFGlacier>
      <CFSlope>1</CFSlope>
      <FC>212.15657189349307</FC>
      <LP>0.99999260070339113</LP>
      <BETA>1.3645941806632025</BETA>
    </VegetationZoneParameters>
  </VegetationZone>
  <SubCatchment>
    <SubCatchmentParameters>
      <KSI>0.001</KSI>
      <KGmin>0.05</KGmin>
      <RangeKG>0.1</RangeKG>
      <AG>0.1</AG>
      <PERC>4.4498306456151751</PERC>
      <Alpha>0</Alpha>
      <UZL>84.588223755219275</UZL>
      <K0>0.50537068092990522</K0>
      <K1>0.16206961275789722</K1>
      <K2>0.033835444595838753</K2>
      <MAXBAS>1.0000000014346673</MAXBAS>
      <Cet>0</Cet>
      <PCALT>10</PCALT>
      <TCALT>0.6</TCALT>
      <Pelev>3349</Pelev>
      <Telev>2921</Telev>
      <PART>0.5</PART>
      <DELAY>1</DELAY>
    </SubCatchmentParameters>
    <SubCatchmentVegetationZone>
      <SubCatchmentVegetationZoneParameters>
        <TT>-1.4279348791810269</TT>
        <CFMAX>3.5957978767797072</CFMAX>
        <SP>0</SP>
        <SFCF>1.0673027027041613</SFCF>
        <CFR>0.030654242860862432</CFR>
        <CWH>0.19999984897794546</CWH>
        <CFGlacier>1</CFGlacier>
        <CFSlope>1</CFSlope>
        <FC>212.15657189349307</FC>
        <LP>0.99999260070339113</LP>
        <BETA>1.3645941806632025</BETA>
      </SubCatchmentVegetationZoneParameters>
    </SubCatchmentVegetationZone>
  </SubCatchment>
</Catchment>