<?xml version="1.0" encoding="utf-8"?>
<Catchment xmlns:xsi="http://www.w3.org/2001/XMLSchema-instance" xmlns:xsd="http://www.w3.org/2001/XMLSchema">
  <CatchmentParameters>
    <KSI>0.001</KSI>
    <KGmin>0.05</KGmin>
    <RangeKG>0.1</RangeKG>
    <AG>0.1</AG>
    <PERC>6.2582433850006778</PERC>
    <Alpha>0</Alpha>
    <UZL>76.484022670076556</UZL>
    <K0>0.31601963568407648</K0>
    <K1>0.17995478831130185</K1>
    <K2>0.045059023444827324</K2>
    <MAXBAS>1.0000601054706662</MAXBAS>
    <Cet>0</Cet>
    <PCALT>10</PCALT>
    <TCALT>0.6</TCALT>
    <Pelev>3349</Pelev>
    <Telev>2921</Telev>
    <PART>0.5</PART>
    <DELAY>1</DELAY>
  </CatchmentParameters>
  <VegetationZone>
    <VegetationZoneParameters>
      <TT>-1.1664051406305425</TT>
      <CFMAX>4.1682921180718608</CFMAX>
      <SP>0</SP>
      <SFCF>1.1062742755588602</SFCF>
      <CFR>0.025510528680814906</CFR>
      <CWH>0.19999505697505016</CWH>
      <CFGlacier>1</CFGlacier>
      <CFSlope>1</CFSlope>
      <FC>261.11026869637175</FC>
      <LP>0.99999398032241116</LP>
      <BETA>1.1719468319331461</BETA>
    </VegetationZoneParameters>
  </VegetationZone>
  <SubCatchment>
    <SubCatchmentParameters>
      <KSI>0.001</KSI>
      <KGmin>0.05</KGmin>
      <RangeKG>0.1</RangeKG>
      <AG>0.1</AG>
      <PERC>6.2582433850006778</PERC>
      <Alpha>0</Alpha>
      <UZL>76.484022670076556</UZL>
      <K0>0.31601963568407648</K0>
      <K1>0.17995478831130185</K1>
      <K2>0.045059023444827324</K2>
      <MAXBAS>1.0000601054706662</MAXBAS>
      <Cet>0</Cet>
      <PCALT>10</PCALT>
      <TCALT>0.6</TCALT>
      <Pelev>3349</Pelev>
      <Telev>2921</Telev>
      <PART>0.5</PART>
      <DELAY>1</DELAY>
    </SubCatchmentParameters>
    <SubCatchmentVegetationZone>
      <SubCatchmentVegetationZoneParameters>
        <TT>-1.1664051406305425</TT>
        <CFMAX>4.1682921180718608</CFMAX>
        <SP>0</SP>
        <SFCF>1.1062742755588602</SFCF>
        <CFR>0.025510528680814906</CFR>
        <CWH>0.19999505697505016</CWH>
        <CFGlacier>1</CFGlacier>
        <CFSlope>1</CFSlope>
        <FC>261.11026869637175</FC>
        <LP>0.99999398032241116</LP>
        <BETA>1.1719468319331461</BETA>
      </SubCatchmentVegetationZoneParameters>
    </SubCatchmentVegetationZone>
  </SubCatchment>
</Catchment>