<?xml version="1.0" encoding="utf-8"?>
<Catchment xmlns:xsi="http://www.w3.org/2001/XMLSchema-instance" xmlns:xsd="http://www.w3.org/2001/XMLSchema">
  <CatchmentParameters>
    <KSI>0.001</KSI>
    <KGmin>0.05</KGmin>
    <RangeKG>0.1</RangeKG>
    <AG>0.1</AG>
    <PERC>6.1718260647958427</PERC>
    <Alpha>0</Alpha>
    <UZL>131.85076441899051</UZL>
    <K0>0.26090789786187196</K0>
    <K1>0.18479834016001578</K1>
    <K2>0.045518103041319279</K2>
    <MAXBAS>1.0000428062165019</MAXBAS>
    <Cet>0</Cet>
    <PCALT>10</PCALT>
    <TCALT>0.6</TCALT>
    <Pelev>3349</Pelev>
    <Telev>2921</Telev>
    <PART>0.5</PART>
    <DELAY>1</DELAY>
  </CatchmentParameters>
  <VegetationZone>
    <VegetationZoneParameters>
      <TT>-1.2759746015638671</TT>
      <CFMAX>3.6406048992082054</CFMAX>
      <SP>0</SP>
      <SFCF>1.0339984302047529</SFCF>
      <CFR>0.028863405215771236</CFR>
      <CWH>0.19999999991451642</CWH>
      <CFGlacier>1</CFGlacier>
      <CFSlope>1</CFSlope>
      <FC>187.2710362702525</FC>
      <LP>0.99998056183345541</LP>
      <BETA>1.1684561169330578</BETA>
    </VegetationZoneParameters>
  </VegetationZone>
  <SubCatchment>
    <SubCatchmentParameters>
      <KSI>0.001</KSI>
      <KGmin>0.05</KGmin>
      <RangeKG>0.1</RangeKG>
      <AG>0.1</AG>
      <PERC>6.1718260647958427</PERC>
      <Alpha>0</Alpha>
      <UZL>131.85076441899051</UZL>
      <K0>0.26090789786187196</K0>
      <K1>0.18479834016001578</K1>
      <K2>0.045518103041319279</K2>
      <MAXBAS>1.0000428062165019</MAXBAS>
      <Cet>0</Cet>
      <PCALT>10</PCALT>
      <TCALT>0.6</TCALT>
      <Pelev>3349</Pelev>
      <Telev>2921</Telev>
      <PART>0.5</PART>
      <DELAY>1</DELAY>
    </SubCatchmentParameters>
    <SubCatchmentVegetationZone>
      <SubCatchmentVegetationZoneParameters>
        <TT>-1.2759746015638671</TT>
        <CFMAX>3.6406048992082054</CFMAX>
        <SP>0</SP>
        <SFCF>1.0339984302047529</SFCF>
        <CFR>0.028863405215771236</CFR>
        <CWH>0.19999999991451642</CWH>
        <CFGlacier>1</CFGlacier>
        <CFSlope>1</CFSlope>
        <FC>187.2710362702525</FC>
        <LP>0.99998056183345541</LP>
        <BETA>1.1684561169330578</BETA>
      </SubCatchmentVegetationZoneParameters>
    </SubCatchmentVegetationZone>
  </SubCatchment>
</Catchment>