<?xml version="1.0" encoding="utf-8"?>
<Catchment xmlns:xsi="http://www.w3.org/2001/XMLSchema-instance" xmlns:xsd="http://www.w3.org/2001/XMLSchema">
  <CatchmentParameters>
    <KSI>0.001</KSI>
    <KGmin>0.05</KGmin>
    <RangeKG>0.1</RangeKG>
    <AG>0.1</AG>
    <PERC>5.8413016596587841</PERC>
    <Alpha>0</Alpha>
    <UZL>191.16885498026886</UZL>
    <K0>0.4617565381603404</K0>
    <K1>0.1811307688101686</K1>
    <K2>0.04494775551212353</K2>
    <MAXBAS>1.0081578377988654</MAXBAS>
    <Cet>0</Cet>
    <PCALT>10</PCALT>
    <TCALT>0.6</TCALT>
    <Pelev>3349</Pelev>
    <Telev>2921</Telev>
    <PART>0.5</PART>
    <DELAY>1</DELAY>
  </CatchmentParameters>
  <VegetationZone>
    <VegetationZoneParameters>
      <TT>-1.38429976337882</TT>
      <CFMAX>3.7231028959196304</CFMAX>
      <SP>0</SP>
      <SFCF>1.0645165205446054</SFCF>
      <CFR>0.029547905543945169</CFR>
      <CWH>0.19999991033946352</CWH>
      <CFGlacier>1</CFGlacier>
      <CFSlope>1</CFSlope>
      <FC>227.53575665530497</FC>
      <LP>0.99999076230625794</LP>
      <BETA>1.357211046859832</BETA>
    </VegetationZoneParameters>
  </VegetationZone>
  <SubCatchment>
    <SubCatchmentParameters>
      <KSI>0.001</KSI>
      <KGmin>0.05</KGmin>
      <RangeKG>0.1</RangeKG>
      <AG>0.1</AG>
      <PERC>5.8413016596587841</PERC>
      <Alpha>0</Alpha>
      <UZL>191.16885498026886</UZL>
      <K0>0.4617565381603404</K0>
      <K1>0.1811307688101686</K1>
      <K2>0.04494775551212353</K2>
      <MAXBAS>1.0081578377988654</MAXBAS>
      <Cet>0</Cet>
      <PCALT>10</PCALT>
      <TCALT>0.6</TCALT>
      <Pelev>3349</Pelev>
      <Telev>2921</Telev>
      <PART>0.5</PART>
      <DELAY>1</DELAY>
    </SubCatchmentParameters>
    <SubCatchmentVegetationZone>
      <SubCatchmentVegetationZoneParameters>
        <TT>-1.38429976337882</TT>
        <CFMAX>3.7231028959196304</CFMAX>
        <SP>0</SP>
        <SFCF>1.0645165205446054</SFCF>
        <CFR>0.029547905543945169</CFR>
        <CWH>0.19999991033946352</CWH>
        <CFGlacier>1</CFGlacier>
        <CFSlope>1</CFSlope>
        <FC>227.53575665530497</FC>
        <LP>0.99999076230625794</LP>
        <BETA>1.357211046859832</BETA>
      </SubCatchmentVegetationZoneParameters>
    </SubCatchmentVegetationZone>
  </SubCatchment>
</Catchment>