<?xml version="1.0" encoding="utf-8"?>
<Catchment xmlns:xsi="http://www.w3.org/2001/XMLSchema-instance" xmlns:xsd="http://www.w3.org/2001/XMLSchema">
  <CatchmentParameters>
    <KSI>0.001</KSI>
    <KGmin>0.05</KGmin>
    <RangeKG>0.1</RangeKG>
    <AG>0.1</AG>
    <PERC>4.8754011426615076</PERC>
    <Alpha>0</Alpha>
    <UZL>132.02844211117906</UZL>
    <K0>0.57387649357593029</K0>
    <K1>0.17157265215285664</K1>
    <K2>0.042016105609285724</K2>
    <MAXBAS>1.0000494028618503</MAXBAS>
    <Cet>0</Cet>
    <PCALT>10</PCALT>
    <TCALT>0.6</TCALT>
    <Pelev>3349</Pelev>
    <Telev>2921</Telev>
    <PART>0.5</PART>
    <DELAY>1</DELAY>
  </CatchmentParameters>
  <VegetationZone>
    <VegetationZoneParameters>
      <TT>-1.5658641847544914</TT>
      <CFMAX>4.4422793447230076</CFMAX>
      <SP>0</SP>
      <SFCF>1.3041986146950184</SFCF>
      <CFR>0.028326028697656724</CFR>
      <CWH>0.19418193908088344</CWH>
      <CFGlacier>1</CFGlacier>
      <CFSlope>1</CFSlope>
      <FC>585.67746418804552</FC>
      <LP>0.99994412111782482</LP>
      <BETA>1.4829941830424009</BETA>
    </VegetationZoneParameters>
  </VegetationZone>
  <SubCatchment>
    <SubCatchmentParameters>
      <KSI>0.001</KSI>
      <KGmin>0.05</KGmin>
      <RangeKG>0.1</RangeKG>
      <AG>0.1</AG>
      <PERC>4.8754011426615076</PERC>
      <Alpha>0</Alpha>
      <UZL>132.02844211117906</UZL>
      <K0>0.57387649357593029</K0>
      <K1>0.17157265215285664</K1>
      <K2>0.042016105609285724</K2>
      <MAXBAS>1.0000494028618503</MAXBAS>
      <Cet>0</Cet>
      <PCALT>10</PCALT>
      <TCALT>0.6</TCALT>
      <Pelev>3349</Pelev>
      <Telev>2921</Telev>
      <PART>0.5</PART>
      <DELAY>1</DELAY>
    </SubCatchmentParameters>
    <SubCatchmentVegetationZone>
      <SubCatchmentVegetationZoneParameters>
        <TT>-1.5658641847544914</TT>
        <CFMAX>4.4422793447230076</CFMAX>
        <SP>0</SP>
        <SFCF>1.3041986146950184</SFCF>
        <CFR>0.028326028697656724</CFR>
        <CWH>0.19418193908088344</CWH>
        <CFGlacier>1</CFGlacier>
        <CFSlope>1</CFSlope>
        <FC>585.67746418804552</FC>
        <LP>0.99994412111782482</LP>
        <BETA>1.4829941830424009</BETA>
      </SubCatchmentVegetationZoneParameters>
    </SubCatchmentVegetationZone>
  </SubCatchment>
</Catchment>