<?xml version="1.0" encoding="utf-8"?>
<Catchment xmlns:xsi="http://www.w3.org/2001/XMLSchema-instance" xmlns:xsd="http://www.w3.org/2001/XMLSchema">
  <CatchmentParameters>
    <KSI>0.001</KSI>
    <KGmin>0.05</KGmin>
    <RangeKG>0.1</RangeKG>
    <AG>0.1</AG>
    <PERC>6.2520031915736416</PERC>
    <Alpha>0</Alpha>
    <UZL>152.25194981115735</UZL>
    <K0>0.32808116046854524</K0>
    <K1>0.18505607485426154</K1>
    <K2>0.047323592554110623</K2>
    <MAXBAS>1.000000023364245</MAXBAS>
    <Cet>0</Cet>
    <PCALT>10</PCALT>
    <TCALT>0.6</TCALT>
    <Pelev>3349</Pelev>
    <Telev>2921</Telev>
    <PART>0.5</PART>
    <DELAY>1</DELAY>
  </CatchmentParameters>
  <VegetationZone>
    <VegetationZoneParameters>
      <TT>-1.2700303859387627</TT>
      <CFMAX>3.8648354602688291</CFMAX>
      <SP>0</SP>
      <SFCF>1.0784436369444397</SFCF>
      <CFR>0.027746560853547885</CFR>
      <CWH>0.19999907494599142</CWH>
      <CFGlacier>1</CFGlacier>
      <CFSlope>1</CFSlope>
      <FC>238.42116691670782</FC>
      <LP>0.99998918042114349</LP>
      <BETA>1.2200756750976574</BETA>
    </VegetationZoneParameters>
  </VegetationZone>
  <SubCatchment>
    <SubCatchmentParameters>
      <KSI>0.001</KSI>
      <KGmin>0.05</KGmin>
      <RangeKG>0.1</RangeKG>
      <AG>0.1</AG>
      <PERC>6.2520031915736416</PERC>
      <Alpha>0</Alpha>
      <UZL>152.25194981115735</UZL>
      <K0>0.32808116046854524</K0>
      <K1>0.18505607485426154</K1>
      <K2>0.047323592554110623</K2>
      <MAXBAS>1.000000023364245</MAXBAS>
      <Cet>0</Cet>
      <PCALT>10</PCALT>
      <TCALT>0.6</TCALT>
      <Pelev>3349</Pelev>
      <Telev>2921</Telev>
      <PART>0.5</PART>
      <DELAY>1</DELAY>
    </SubCatchmentParameters>
    <SubCatchmentVegetationZone>
      <SubCatchmentVegetationZoneParameters>
        <TT>-1.2700303859387627</TT>
        <CFMAX>3.8648354602688291</CFMAX>
        <SP>0</SP>
        <SFCF>1.0784436369444397</SFCF>
        <CFR>0.027746560853547885</CFR>
        <CWH>0.19999907494599142</CWH>
        <CFGlacier>1</CFGlacier>
        <CFSlope>1</CFSlope>
        <FC>238.42116691670782</FC>
        <LP>0.99998918042114349</LP>
        <BETA>1.2200756750976574</BETA>
      </SubCatchmentVegetationZoneParameters>
    </SubCatchmentVegetationZone>
  </SubCatchment>
</Catchment>