<?xml version="1.0" encoding="utf-8"?>
<Catchment xmlns:xsi="http://www.w3.org/2001/XMLSchema-instance" xmlns:xsd="http://www.w3.org/2001/XMLSchema">
  <CatchmentParameters>
    <KSI>0.001</KSI>
    <KGmin>0.05</KGmin>
    <RangeKG>0.1</RangeKG>
    <AG>0.1</AG>
    <PERC>2.4704323240064467</PERC>
    <Alpha>0</Alpha>
    <UZL>84.626963930385216</UZL>
    <K0>0.13199381435957031</K0>
    <K1>0.050833674901768766</K1>
    <K2>0.0100000009397801</K2>
    <MAXBAS>1</MAXBAS>
    <Cet>0</Cet>
    <PCALT>10</PCALT>
    <TCALT>0.6</TCALT>
    <Pelev>3349</Pelev>
    <Telev>2921</Telev>
    <PART>0.5</PART>
    <DELAY>1</DELAY>
  </CatchmentParameters>
  <VegetationZone>
    <VegetationZoneParameters>
      <TT>-1.0699979421806549</TT>
      <CFMAX>3.9441774415389625</CFMAX>
      <SP>0</SP>
      <SFCF>1.0423016344481533</SFCF>
      <CFR>0.02225753070740048</CFR>
      <CWH>0.1152517845290591</CWH>
      <CFGlacier>1</CFGlacier>
      <CFSlope>1</CFSlope>
      <FC>59.983609233621415</FC>
      <LP>0.687837998632811</LP>
      <BETA>2.22296069673048</BETA>
    </VegetationZoneParameters>
  </VegetationZone>
  <SubCatchment>
    <SubCatchmentParameters>
      <KSI>0.001</KSI>
      <KGmin>0.05</KGmin>
      <RangeKG>0.1</RangeKG>
      <AG>0.1</AG>
      <PERC>2.4704323240064467</PERC>
      <Alpha>0</Alpha>
      <UZL>84.626963930385216</UZL>
      <K0>0.13199381435957031</K0>
      <K1>0.050833674901768766</K1>
      <K2>0.0100000009397801</K2>
      <MAXBAS>1</MAXBAS>
      <Cet>0</Cet>
      <PCALT>10</PCALT>
      <TCALT>0.6</TCALT>
      <Pelev>3349</Pelev>
      <Telev>2921</Telev>
      <PART>0.5</PART>
      <DELAY>1</DELAY>
    </SubCatchmentParameters>
    <SubCatchmentVegetationZone>
      <SubCatchmentVegetationZoneParameters>
        <TT>-1.0699979421806549</TT>
        <CFMAX>3.9441774415389625</CFMAX>
        <SP>0</SP>
        <SFCF>1.0423016344481533</SFCF>
        <CFR>0.02225753070740048</CFR>
        <CWH>0.1152517845290591</CWH>
        <CFGlacier>1</CFGlacier>
        <CFSlope>1</CFSlope>
        <FC>59.983609233621415</FC>
        <LP>0.687837998632811</LP>
        <BETA>2.22296069673048</BETA>
      </SubCatchmentVegetationZoneParameters>
    </SubCatchmentVegetationZone>
  </SubCatchment>
</Catchment>