<?xml version="1.0" encoding="utf-8"?>
<Catchment xmlns:xsi="http://www.w3.org/2001/XMLSchema-instance" xmlns:xsd="http://www.w3.org/2001/XMLSchema">
  <CatchmentParameters>
    <KSI>0.001</KSI>
    <KGmin>0.05</KGmin>
    <RangeKG>0.1</RangeKG>
    <AG>0.1</AG>
    <PERC>0.88909248080315229</PERC>
    <Alpha>0</Alpha>
    <UZL>97.8183514195483</UZL>
    <K0>0.16730641509446811</K0>
    <K1>0.05133430578260105</K1>
    <K2>0.011215103815866845</K2>
    <MAXBAS>1</MAXBAS>
    <Cet>0</Cet>
    <PCALT>10</PCALT>
    <TCALT>0.6</TCALT>
    <Pelev>3349</Pelev>
    <Telev>2921</Telev>
    <PART>0.5</PART>
    <DELAY>1</DELAY>
  </CatchmentParameters>
  <VegetationZone>
    <VegetationZoneParameters>
      <TT>-2.0434549685106953</TT>
      <CFMAX>4.4765310975718871</CFMAX>
      <SP>0</SP>
      <SFCF>1.4797111430081371</SFCF>
      <CFR>0.045748179220473355</CFR>
      <CWH>0.19999004277066515</CWH>
      <CFGlacier>1</CFGlacier>
      <CFSlope>1</CFSlope>
      <FC>1997.1864711209164</FC>
      <LP>0.87451132796704367</LP>
      <BETA>1.119185564208512</BETA>
    </VegetationZoneParameters>
  </VegetationZone>
  <SubCatchment>
    <SubCatchmentParameters>
      <KSI>0.001</KSI>
      <KGmin>0.05</KGmin>
      <RangeKG>0.1</RangeKG>
      <AG>0.1</AG>
      <PERC>0.88909248080315229</PERC>
      <Alpha>0</Alpha>
      <UZL>97.8183514195483</UZL>
      <K0>0.16730641509446811</K0>
      <K1>0.05133430578260105</K1>
      <K2>0.011215103815866845</K2>
      <MAXBAS>1</MAXBAS>
      <Cet>0</Cet>
      <PCALT>10</PCALT>
      <TCALT>0.6</TCALT>
      <Pelev>3349</Pelev>
      <Telev>2921</Telev>
      <PART>0.5</PART>
      <DELAY>1</DELAY>
    </SubCatchmentParameters>
    <SubCatchmentVegetationZone>
      <SubCatchmentVegetationZoneParameters>
        <TT>-2.0434549685106953</TT>
        <CFMAX>4.4765310975718871</CFMAX>
        <SP>0</SP>
        <SFCF>1.4797111430081371</SFCF>
        <CFR>0.045748179220473355</CFR>
        <CWH>0.19999004277066515</CWH>
        <CFGlacier>1</CFGlacier>
        <CFSlope>1</CFSlope>
        <FC>1997.1864711209164</FC>
        <LP>0.87451132796704367</LP>
        <BETA>1.119185564208512</BETA>
      </SubCatchmentVegetationZoneParameters>
    </SubCatchmentVegetationZone>
  </SubCatchment>
</Catchment>