<?xml version="1.0" encoding="utf-8"?>
<Catchment xmlns:xsi="http://www.w3.org/2001/XMLSchema-instance" xmlns:xsd="http://www.w3.org/2001/XMLSchema">
  <CatchmentParameters>
    <KSI>0.001</KSI>
    <KGmin>0.05</KGmin>
    <RangeKG>0.1</RangeKG>
    <AG>0.1</AG>
    <PERC>6.543511842594171</PERC>
    <Alpha>0</Alpha>
    <UZL>138.2087939229942</UZL>
    <K0>0.52050324529164471</K0>
    <K1>0.19732327651904252</K1>
    <K2>0.054627659144501586</K2>
    <MAXBAS>1.0000984642848863</MAXBAS>
    <Cet>0</Cet>
    <PCALT>10</PCALT>
    <TCALT>0.6</TCALT>
    <Pelev>3349</Pelev>
    <Telev>2921</Telev>
    <PART>0.5</PART>
    <DELAY>1</DELAY>
  </CatchmentParameters>
  <VegetationZone>
    <VegetationZoneParameters>
      <TT>-0.72993489290944824</TT>
      <CFMAX>4.25861351275855</CFMAX>
      <SP>0</SP>
      <SFCF>1.0275868473841714</SFCF>
      <CFR>0.056320480417703253</CFR>
      <CWH>0.19406344151241442</CWH>
      <CFGlacier>1</CFGlacier>
      <CFSlope>1</CFSlope>
      <FC>230.16763818438625</FC>
      <LP>0.9999967017892748</LP>
      <BETA>1.0000000001335498</BETA>
    </VegetationZoneParameters>
  </VegetationZone>
  <SubCatchment>
    <SubCatchmentParameters>
      <KSI>0.001</KSI>
      <KGmin>0.05</KGmin>
      <RangeKG>0.1</RangeKG>
      <AG>0.1</AG>
      <PERC>6.543511842594171</PERC>
      <Alpha>0</Alpha>
      <UZL>138.2087939229942</UZL>
      <K0>0.52050324529164471</K0>
      <K1>0.19732327651904252</K1>
      <K2>0.054627659144501586</K2>
      <MAXBAS>1.0000984642848863</MAXBAS>
      <Cet>0</Cet>
      <PCALT>10</PCALT>
      <TCALT>0.6</TCALT>
      <Pelev>3349</Pelev>
      <Telev>2921</Telev>
      <PART>0.5</PART>
      <DELAY>1</DELAY>
    </SubCatchmentParameters>
    <SubCatchmentVegetationZone>
      <SubCatchmentVegetationZoneParameters>
        <TT>-0.72993489290944824</TT>
        <CFMAX>4.25861351275855</CFMAX>
        <SP>0</SP>
        <SFCF>1.0275868473841714</SFCF>
        <CFR>0.056320480417703253</CFR>
        <CWH>0.19406344151241442</CWH>
        <CFGlacier>1</CFGlacier>
        <CFSlope>1</CFSlope>
        <FC>230.16763818438625</FC>
        <LP>0.9999967017892748</LP>
        <BETA>1.0000000001335498</BETA>
      </SubCatchmentVegetationZoneParameters>
    </SubCatchmentVegetationZone>
  </SubCatchment>
</Catchment>