<?xml version="1.0" encoding="utf-8"?>
<Catchment xmlns:xsi="http://www.w3.org/2001/XMLSchema-instance" xmlns:xsd="http://www.w3.org/2001/XMLSchema">
  <CatchmentParameters>
    <KSI>0.001</KSI>
    <KGmin>0.05</KGmin>
    <RangeKG>0.1</RangeKG>
    <AG>0.1</AG>
    <PERC>6.2033325450943781</PERC>
    <Alpha>0</Alpha>
    <UZL>116.43186935781054</UZL>
    <K0>0.52764733133724251</K0>
    <K1>0.18616081403434748</K1>
    <K2>0.04768630100447839</K2>
    <MAXBAS>1.0001262450699413</MAXBAS>
    <Cet>0</Cet>
    <PCALT>10</PCALT>
    <TCALT>0.6</TCALT>
    <Pelev>3349</Pelev>
    <Telev>2921</Telev>
    <PART>0.5</PART>
    <DELAY>1</DELAY>
  </CatchmentParameters>
  <VegetationZone>
    <VegetationZoneParameters>
      <TT>-1.5120028053989061</TT>
      <CFMAX>4.2138919882115866</CFMAX>
      <SP>0</SP>
      <SFCF>1.2431928503603587</SFCF>
      <CFR>0.00037604630888284009</CFR>
      <CWH>0.19998489914454198</CWH>
      <CFGlacier>1</CFGlacier>
      <CFSlope>1</CFSlope>
      <FC>431.47203666487383</FC>
      <LP>0.98003186943761789</LP>
      <BETA>1.5215510787291686</BETA>
    </VegetationZoneParameters>
  </VegetationZone>
  <SubCatchment>
    <SubCatchmentParameters>
      <KSI>0.001</KSI>
      <KGmin>0.05</KGmin>
      <RangeKG>0.1</RangeKG>
      <AG>0.1</AG>
      <PERC>6.2033325450943781</PERC>
      <Alpha>0</Alpha>
      <UZL>116.43186935781054</UZL>
      <K0>0.52764733133724251</K0>
      <K1>0.18616081403434748</K1>
      <K2>0.04768630100447839</K2>
      <MAXBAS>1.0001262450699413</MAXBAS>
      <Cet>0</Cet>
      <PCALT>10</PCALT>
      <TCALT>0.6</TCALT>
      <Pelev>3349</Pelev>
      <Telev>2921</Telev>
      <PART>0.5</PART>
      <DELAY>1</DELAY>
    </SubCatchmentParameters>
    <SubCatchmentVegetationZone>
      <SubCatchmentVegetationZoneParameters>
        <TT>-1.5120028053989061</TT>
        <CFMAX>4.2138919882115866</CFMAX>
        <SP>0</SP>
        <SFCF>1.2431928503603587</SFCF>
        <CFR>0.00037604630888284009</CFR>
        <CWH>0.19998489914454198</CWH>
        <CFGlacier>1</CFGlacier>
        <CFSlope>1</CFSlope>
        <FC>431.47203666487383</FC>
        <LP>0.98003186943761789</LP>
        <BETA>1.5215510787291686</BETA>
      </SubCatchmentVegetationZoneParameters>
    </SubCatchmentVegetationZone>
  </SubCatchment>
</Catchment>