<?xml version="1.0" encoding="utf-8"?>
<Catchment xmlns:xsi="http://www.w3.org/2001/XMLSchema-instance" xmlns:xsd="http://www.w3.org/2001/XMLSchema">
  <CatchmentParameters>
    <KSI>0.001</KSI>
    <KGmin>0.05</KGmin>
    <RangeKG>0.1</RangeKG>
    <AG>0.1</AG>
    <PERC>6.4532719066075419</PERC>
    <Alpha>0</Alpha>
    <UZL>99.184893037869188</UZL>
    <K0>0.27261965490093243</K0>
    <K1>0.17921952995005422</K1>
    <K2>0.04853932193002914</K2>
    <MAXBAS>1.0000024580022404</MAXBAS>
    <Cet>0</Cet>
    <PCALT>10</PCALT>
    <TCALT>0.6</TCALT>
    <Pelev>3349</Pelev>
    <Telev>2921</Telev>
    <PART>0.5</PART>
    <DELAY>1</DELAY>
  </CatchmentParameters>
  <VegetationZone>
    <VegetationZoneParameters>
      <TT>-0.87017272148052272</TT>
      <CFMAX>4.4572553643981863</CFMAX>
      <SP>0</SP>
      <SFCF>1.1012698051912968</SFCF>
      <CFR>0.021142559685987588</CFR>
      <CWH>0.18183319241953502</CWH>
      <CFGlacier>1</CFGlacier>
      <CFSlope>1</CFSlope>
      <FC>283.546959215304</FC>
      <LP>0.99999978024646186</LP>
      <BETA>1.0087215643281111</BETA>
    </VegetationZoneParameters>
  </VegetationZone>
  <SubCatchment>
    <SubCatchmentParameters>
      <KSI>0.001</KSI>
      <KGmin>0.05</KGmin>
      <RangeKG>0.1</RangeKG>
      <AG>0.1</AG>
      <PERC>6.4532719066075419</PERC>
      <Alpha>0</Alpha>
      <UZL>99.184893037869188</UZL>
      <K0>0.27261965490093243</K0>
      <K1>0.17921952995005422</K1>
      <K2>0.04853932193002914</K2>
      <MAXBAS>1.0000024580022404</MAXBAS>
      <Cet>0</Cet>
      <PCALT>10</PCALT>
      <TCALT>0.6</TCALT>
      <Pelev>3349</Pelev>
      <Telev>2921</Telev>
      <PART>0.5</PART>
      <DELAY>1</DELAY>
    </SubCatchmentParameters>
    <SubCatchmentVegetationZone>
      <SubCatchmentVegetationZoneParameters>
        <TT>-0.87017272148052272</TT>
        <CFMAX>4.4572553643981863</CFMAX>
        <SP>0</SP>
        <SFCF>1.1012698051912968</SFCF>
        <CFR>0.021142559685987588</CFR>
        <CWH>0.18183319241953502</CWH>
        <CFGlacier>1</CFGlacier>
        <CFSlope>1</CFSlope>
        <FC>283.546959215304</FC>
        <LP>0.99999978024646186</LP>
        <BETA>1.0087215643281111</BETA>
      </SubCatchmentVegetationZoneParameters>
    </SubCatchmentVegetationZone>
  </SubCatchment>
</Catchment>