<?xml version="1.0" encoding="utf-8"?>
<Catchment xmlns:xsi="http://www.w3.org/2001/XMLSchema-instance" xmlns:xsd="http://www.w3.org/2001/XMLSchema">
  <CatchmentParameters>
    <KSI>0.001</KSI>
    <KGmin>0.05</KGmin>
    <RangeKG>0.1</RangeKG>
    <AG>0.1</AG>
    <PERC>1.2293395843493711</PERC>
    <Alpha>0</Alpha>
    <UZL>89.452328686153948</UZL>
    <K0>0.15731619909812317</K0>
    <K1>0.059248057043989825</K1>
    <K2>0.010051983911727432</K2>
    <MAXBAS>1</MAXBAS>
    <Cet>0</Cet>
    <PCALT>10</PCALT>
    <TCALT>0.6</TCALT>
    <Pelev>3349</Pelev>
    <Telev>2921</Telev>
    <PART>0.5</PART>
    <DELAY>1</DELAY>
  </CatchmentParameters>
  <VegetationZone>
    <VegetationZoneParameters>
      <TT>-1.5594919260709332</TT>
      <CFMAX>4.7201886841548211</CFMAX>
      <SP>0</SP>
      <SFCF>1.4062410898493813</SFCF>
      <CFR>0.00036653969309048966</CFR>
      <CWH>0.19978163451853626</CWH>
      <CFGlacier>1</CFGlacier>
      <CFSlope>1</CFSlope>
      <FC>1703.4415946287081</FC>
      <LP>0.93166735883179186</LP>
      <BETA>1.0786206120665898</BETA>
    </VegetationZoneParameters>
  </VegetationZone>
  <SubCatchment>
    <SubCatchmentParameters>
      <KSI>0.001</KSI>
      <KGmin>0.05</KGmin>
      <RangeKG>0.1</RangeKG>
      <AG>0.1</AG>
      <PERC>1.2293395843493711</PERC>
      <Alpha>0</Alpha>
      <UZL>89.452328686153948</UZL>
      <K0>0.15731619909812317</K0>
      <K1>0.059248057043989825</K1>
      <K2>0.010051983911727432</K2>
      <MAXBAS>1</MAXBAS>
      <Cet>0</Cet>
      <PCALT>10</PCALT>
      <TCALT>0.6</TCALT>
      <Pelev>3349</Pelev>
      <Telev>2921</Telev>
      <PART>0.5</PART>
      <DELAY>1</DELAY>
    </SubCatchmentParameters>
    <SubCatchmentVegetationZone>
      <SubCatchmentVegetationZoneParameters>
        <TT>-1.5594919260709332</TT>
        <CFMAX>4.7201886841548211</CFMAX>
        <SP>0</SP>
        <SFCF>1.4062410898493813</SFCF>
        <CFR>0.00036653969309048966</CFR>
        <CWH>0.19978163451853626</CWH>
        <CFGlacier>1</CFGlacier>
        <CFSlope>1</CFSlope>
        <FC>1703.4415946287081</FC>
        <LP>0.93166735883179186</LP>
        <BETA>1.0786206120665898</BETA>
      </SubCatchmentVegetationZoneParameters>
    </SubCatchmentVegetationZone>
  </SubCatchment>
</Catchment>