<?xml version="1.0" encoding="utf-8"?>
<Catchment xmlns:xsi="http://www.w3.org/2001/XMLSchema-instance" xmlns:xsd="http://www.w3.org/2001/XMLSchema">
  <CatchmentParameters>
    <KSI>0.001</KSI>
    <KGmin>0.05</KGmin>
    <RangeKG>0.1</RangeKG>
    <AG>0.1</AG>
    <PERC>6.2435128220580864</PERC>
    <Alpha>0</Alpha>
    <UZL>164.0332557368294</UZL>
    <K0>0.32275553449339511</K0>
    <K1>0.18309897897726934</K1>
    <K2>0.045512661578327104</K2>
    <MAXBAS>1.0000474639855856</MAXBAS>
    <Cet>0</Cet>
    <PCALT>10</PCALT>
    <TCALT>0.6</TCALT>
    <Pelev>3349</Pelev>
    <Telev>2921</Telev>
    <PART>0.5</PART>
    <DELAY>1</DELAY>
  </CatchmentParameters>
  <VegetationZone>
    <VegetationZoneParameters>
      <TT>-0.12856154731938879</TT>
      <CFMAX>4.19117123117631</CFMAX>
      <SP>0</SP>
      <SFCF>0.91062195807194091</SFCF>
      <CFR>0.048397286067810519</CFR>
      <CWH>0.16008797649372736</CWH>
      <CFGlacier>1</CFGlacier>
      <CFSlope>1</CFSlope>
      <FC>100.43876107356695</FC>
      <LP>0.9999942796070791</LP>
      <BETA>1.0000008368894986</BETA>
    </VegetationZoneParameters>
  </VegetationZone>
  <SubCatchment>
    <SubCatchmentParameters>
      <KSI>0.001</KSI>
      <KGmin>0.05</KGmin>
      <RangeKG>0.1</RangeKG>
      <AG>0.1</AG>
      <PERC>6.2435128220580864</PERC>
      <Alpha>0</Alpha>
      <UZL>164.0332557368294</UZL>
      <K0>0.32275553449339511</K0>
      <K1>0.18309897897726934</K1>
      <K2>0.045512661578327104</K2>
      <MAXBAS>1.0000474639855856</MAXBAS>
      <Cet>0</Cet>
      <PCALT>10</PCALT>
      <TCALT>0.6</TCALT>
      <Pelev>3349</Pelev>
      <Telev>2921</Telev>
      <PART>0.5</PART>
      <DELAY>1</DELAY>
    </SubCatchmentParameters>
    <SubCatchmentVegetationZone>
      <SubCatchmentVegetationZoneParameters>
        <TT>-0.12856154731938879</TT>
        <CFMAX>4.19117123117631</CFMAX>
        <SP>0</SP>
        <SFCF>0.91062195807194091</SFCF>
        <CFR>0.048397286067810519</CFR>
        <CWH>0.16008797649372736</CWH>
        <CFGlacier>1</CFGlacier>
        <CFSlope>1</CFSlope>
        <FC>100.43876107356695</FC>
        <LP>0.9999942796070791</LP>
        <BETA>1.0000008368894986</BETA>
      </SubCatchmentVegetationZoneParameters>
    </SubCatchmentVegetationZone>
  </SubCatchment>
</Catchment>