<?xml version="1.0" encoding="utf-8"?>
<Catchment xmlns:xsi="http://www.w3.org/2001/XMLSchema-instance" xmlns:xsd="http://www.w3.org/2001/XMLSchema">
  <CatchmentParameters>
    <KSI>0.001</KSI>
    <KGmin>0.05</KGmin>
    <RangeKG>0.1</RangeKG>
    <AG>0.1</AG>
    <PERC>6.1726847980469088</PERC>
    <Alpha>0</Alpha>
    <UZL>137.01850901135688</UZL>
    <K0>0.25469906171787848</K0>
    <K1>0.18050442330082797</K1>
    <K2>0.043490808565318159</K2>
    <MAXBAS>1.000177703434233</MAXBAS>
    <Cet>0</Cet>
    <PCALT>10</PCALT>
    <TCALT>0.6</TCALT>
    <Pelev>3349</Pelev>
    <Telev>2921</Telev>
    <PART>0.5</PART>
    <DELAY>1</DELAY>
  </CatchmentParameters>
  <VegetationZone>
    <VegetationZoneParameters>
      <TT>-1.5524776838616932</TT>
      <CFMAX>3.9539490436867748</CFMAX>
      <SP>0</SP>
      <SFCF>1.1622070080726819</SFCF>
      <CFR>0.030192030565863698</CFR>
      <CWH>0.19999652709796592</CWH>
      <CFGlacier>1</CFGlacier>
      <CFSlope>1</CFSlope>
      <FC>306.492450387994</FC>
      <LP>0.99999859592756835</LP>
      <BETA>1.5456216404630514</BETA>
    </VegetationZoneParameters>
  </VegetationZone>
  <SubCatchment>
    <SubCatchmentParameters>
      <KSI>0.001</KSI>
      <KGmin>0.05</KGmin>
      <RangeKG>0.1</RangeKG>
      <AG>0.1</AG>
      <PERC>6.1726847980469088</PERC>
      <Alpha>0</Alpha>
      <UZL>137.01850901135688</UZL>
      <K0>0.25469906171787848</K0>
      <K1>0.18050442330082797</K1>
      <K2>0.043490808565318159</K2>
      <MAXBAS>1.000177703434233</MAXBAS>
      <Cet>0</Cet>
      <PCALT>10</PCALT>
      <TCALT>0.6</TCALT>
      <Pelev>3349</Pelev>
      <Telev>2921</Telev>
      <PART>0.5</PART>
      <DELAY>1</DELAY>
    </SubCatchmentParameters>
    <SubCatchmentVegetationZone>
      <SubCatchmentVegetationZoneParameters>
        <TT>-1.5524776838616932</TT>
        <CFMAX>3.9539490436867748</CFMAX>
        <SP>0</SP>
        <SFCF>1.1622070080726819</SFCF>
        <CFR>0.030192030565863698</CFR>
        <CWH>0.19999652709796592</CWH>
        <CFGlacier>1</CFGlacier>
        <CFSlope>1</CFSlope>
        <FC>306.492450387994</FC>
        <LP>0.99999859592756835</LP>
        <BETA>1.5456216404630514</BETA>
      </SubCatchmentVegetationZoneParameters>
    </SubCatchmentVegetationZone>
  </SubCatchment>
</Catchment>