<?xml version="1.0" encoding="utf-8"?>
<Catchment xmlns:xsi="http://www.w3.org/2001/XMLSchema-instance" xmlns:xsd="http://www.w3.org/2001/XMLSchema">
  <CatchmentParameters>
    <KSI>0.001</KSI>
    <KGmin>0.05</KGmin>
    <RangeKG>0.1</RangeKG>
    <AG>0.1</AG>
    <PERC>1.7495696519983111</PERC>
    <Alpha>0</Alpha>
    <UZL>98.297050772518091</UZL>
    <K0>0.14907685792376815</K0>
    <K1>0.0395144616057904</K1>
    <K2>0.010174000918214585</K2>
    <MAXBAS>1</MAXBAS>
    <Cet>0</Cet>
    <PCALT>10</PCALT>
    <TCALT>0.6</TCALT>
    <Pelev>3349</Pelev>
    <Telev>2921</Telev>
    <PART>0.5</PART>
    <DELAY>1</DELAY>
  </CatchmentParameters>
  <VegetationZone>
    <VegetationZoneParameters>
      <TT>-1.6830432325152598</TT>
      <CFMAX>3.2358033497839886</CFMAX>
      <SP>0</SP>
      <SFCF>1.0462381229243161</SFCF>
      <CFR>0.00042219213859056887</CFR>
      <CWH>0.19999752486313302</CWH>
      <CFGlacier>1</CFGlacier>
      <CFSlope>1</CFSlope>
      <FC>66.993554194835383</FC>
      <LP>0.779817757840438</LP>
      <BETA>1.7928064233809029</BETA>
    </VegetationZoneParameters>
  </VegetationZone>
  <SubCatchment>
    <SubCatchmentParameters>
      <KSI>0.001</KSI>
      <KGmin>0.05</KGmin>
      <RangeKG>0.1</RangeKG>
      <AG>0.1</AG>
      <PERC>1.7495696519983111</PERC>
      <Alpha>0</Alpha>
      <UZL>98.297050772518091</UZL>
      <K0>0.14907685792376815</K0>
      <K1>0.0395144616057904</K1>
      <K2>0.010174000918214585</K2>
      <MAXBAS>1</MAXBAS>
      <Cet>0</Cet>
      <PCALT>10</PCALT>
      <TCALT>0.6</TCALT>
      <Pelev>3349</Pelev>
      <Telev>2921</Telev>
      <PART>0.5</PART>
      <DELAY>1</DELAY>
    </SubCatchmentParameters>
    <SubCatchmentVegetationZone>
      <SubCatchmentVegetationZoneParameters>
        <TT>-1.6830432325152598</TT>
        <CFMAX>3.2358033497839886</CFMAX>
        <SP>0</SP>
        <SFCF>1.0462381229243161</SFCF>
        <CFR>0.00042219213859056887</CFR>
        <CWH>0.19999752486313302</CWH>
        <CFGlacier>1</CFGlacier>
        <CFSlope>1</CFSlope>
        <FC>66.993554194835383</FC>
        <LP>0.779817757840438</LP>
        <BETA>1.7928064233809029</BETA>
      </SubCatchmentVegetationZoneParameters>
    </SubCatchmentVegetationZone>
  </SubCatchment>
</Catchment>