<?xml version="1.0" encoding="utf-8"?>
<Catchment xmlns:xsi="http://www.w3.org/2001/XMLSchema-instance" xmlns:xsd="http://www.w3.org/2001/XMLSchema">
  <CatchmentParameters>
    <KSI>0.001</KSI>
    <KGmin>0.05</KGmin>
    <RangeKG>0.1</RangeKG>
    <AG>0.1</AG>
    <PERC>6.2909336192251626</PERC>
    <Alpha>0</Alpha>
    <UZL>104.51140789863837</UZL>
    <K0>0.572343350038865</K0>
    <K1>0.18376938623224454</K1>
    <K2>0.048726109300717718</K2>
    <MAXBAS>1.0000000434726162</MAXBAS>
    <Cet>0</Cet>
    <PCALT>10</PCALT>
    <TCALT>0.6</TCALT>
    <Pelev>3349</Pelev>
    <Telev>2921</Telev>
    <PART>0.5</PART>
    <DELAY>1</DELAY>
  </CatchmentParameters>
  <VegetationZone>
    <VegetationZoneParameters>
      <TT>-0.927999118080647</TT>
      <CFMAX>4.2112331415403732</CFMAX>
      <SP>0</SP>
      <SFCF>1.0715987254233406</SFCF>
      <CFR>0.022824792055671585</CFR>
      <CWH>0.1999974363943928</CWH>
      <CFGlacier>1</CFGlacier>
      <CFSlope>1</CFSlope>
      <FC>252.57493525332512</FC>
      <LP>0.999993835790175</LP>
      <BETA>1.0000122044026096</BETA>
    </VegetationZoneParameters>
  </VegetationZone>
  <SubCatchment>
    <SubCatchmentParameters>
      <KSI>0.001</KSI>
      <KGmin>0.05</KGmin>
      <RangeKG>0.1</RangeKG>
      <AG>0.1</AG>
      <PERC>6.2909336192251626</PERC>
      <Alpha>0</Alpha>
      <UZL>104.51140789863837</UZL>
      <K0>0.572343350038865</K0>
      <K1>0.18376938623224454</K1>
      <K2>0.048726109300717718</K2>
      <MAXBAS>1.0000000434726162</MAXBAS>
      <Cet>0</Cet>
      <PCALT>10</PCALT>
      <TCALT>0.6</TCALT>
      <Pelev>3349</Pelev>
      <Telev>2921</Telev>
      <PART>0.5</PART>
      <DELAY>1</DELAY>
    </SubCatchmentParameters>
    <SubCatchmentVegetationZone>
      <SubCatchmentVegetationZoneParameters>
        <TT>-0.927999118080647</TT>
        <CFMAX>4.2112331415403732</CFMAX>
        <SP>0</SP>
        <SFCF>1.0715987254233406</SFCF>
        <CFR>0.022824792055671585</CFR>
        <CWH>0.1999974363943928</CWH>
        <CFGlacier>1</CFGlacier>
        <CFSlope>1</CFSlope>
        <FC>252.57493525332512</FC>
        <LP>0.999993835790175</LP>
        <BETA>1.0000122044026096</BETA>
      </SubCatchmentVegetationZoneParameters>
    </SubCatchmentVegetationZone>
  </SubCatchment>
</Catchment>