<?xml version="1.0" encoding="utf-8"?>
<Catchment xmlns:xsi="http://www.w3.org/2001/XMLSchema-instance" xmlns:xsd="http://www.w3.org/2001/XMLSchema">
  <CatchmentParameters>
    <KSI>0.001</KSI>
    <KGmin>0.05</KGmin>
    <RangeKG>0.1</RangeKG>
    <AG>0.1</AG>
    <PERC>6.1006302848672345</PERC>
    <Alpha>0</Alpha>
    <UZL>151.37786052204766</UZL>
    <K0>0.49676736851475894</K0>
    <K1>0.18746628953364786</K1>
    <K2>0.048903514038971127</K2>
    <MAXBAS>1.0001573048257317</MAXBAS>
    <Cet>0</Cet>
    <PCALT>10</PCALT>
    <TCALT>0.6</TCALT>
    <Pelev>3349</Pelev>
    <Telev>2921</Telev>
    <PART>0.5</PART>
    <DELAY>1</DELAY>
  </CatchmentParameters>
  <VegetationZone>
    <VegetationZoneParameters>
      <TT>-1.1699897223516371</TT>
      <CFMAX>4.1876003724952611</CFMAX>
      <SP>0</SP>
      <SFCF>1.1500926617369598</SFCF>
      <CFR>0.00045553915006285388</CFR>
      <CWH>0.19998952480449236</CWH>
      <CFGlacier>1</CFGlacier>
      <CFSlope>1</CFSlope>
      <FC>336.19397274523863</FC>
      <LP>0.99999511212734515</LP>
      <BETA>1.2146870065848738</BETA>
    </VegetationZoneParameters>
  </VegetationZone>
  <SubCatchment>
    <SubCatchmentParameters>
      <KSI>0.001</KSI>
      <KGmin>0.05</KGmin>
      <RangeKG>0.1</RangeKG>
      <AG>0.1</AG>
      <PERC>6.1006302848672345</PERC>
      <Alpha>0</Alpha>
      <UZL>151.37786052204766</UZL>
      <K0>0.49676736851475894</K0>
      <K1>0.18746628953364786</K1>
      <K2>0.048903514038971127</K2>
      <MAXBAS>1.0001573048257317</MAXBAS>
      <Cet>0</Cet>
      <PCALT>10</PCALT>
      <TCALT>0.6</TCALT>
      <Pelev>3349</Pelev>
      <Telev>2921</Telev>
      <PART>0.5</PART>
      <DELAY>1</DELAY>
    </SubCatchmentParameters>
    <SubCatchmentVegetationZone>
      <SubCatchmentVegetationZoneParameters>
        <TT>-1.1699897223516371</TT>
        <CFMAX>4.1876003724952611</CFMAX>
        <SP>0</SP>
        <SFCF>1.1500926617369598</SFCF>
        <CFR>0.00045553915006285388</CFR>
        <CWH>0.19998952480449236</CWH>
        <CFGlacier>1</CFGlacier>
        <CFSlope>1</CFSlope>
        <FC>336.19397274523863</FC>
        <LP>0.99999511212734515</LP>
        <BETA>1.2146870065848738</BETA>
      </SubCatchmentVegetationZoneParameters>
    </SubCatchmentVegetationZone>
  </SubCatchment>
</Catchment>