<?xml version="1.0" encoding="utf-8"?>
<Catchment xmlns:xsi="http://www.w3.org/2001/XMLSchema-instance" xmlns:xsd="http://www.w3.org/2001/XMLSchema">
  <CatchmentParameters>
    <KSI>0.001</KSI>
    <KGmin>0.05</KGmin>
    <RangeKG>0.1</RangeKG>
    <AG>0.1</AG>
    <PERC>1.9443134830276283</PERC>
    <Alpha>0</Alpha>
    <UZL>52.960696568879435</UZL>
    <K0>0.10775707027667301</K0>
    <K1>0.12057546712334238</K1>
    <K2>0.010000002067937906</K2>
    <MAXBAS>1</MAXBAS>
    <Cet>0</Cet>
    <PCALT>10</PCALT>
    <TCALT>0.6</TCALT>
    <Pelev>3349</Pelev>
    <Telev>2921</Telev>
    <PART>0.5</PART>
    <DELAY>1</DELAY>
  </CatchmentParameters>
  <VegetationZone>
    <VegetationZoneParameters>
      <TT>-2.1280104924968537</TT>
      <CFMAX>3.2878635770448921</CFMAX>
      <SP>0</SP>
      <SFCF>1.258965639251425</SFCF>
      <CFR>0.00058272442689257485</CFR>
      <CWH>0.17750186567967896</CWH>
      <CFGlacier>1</CFGlacier>
      <CFSlope>1</CFSlope>
      <FC>294.90943615241275</FC>
      <LP>0.95781736610476642</LP>
      <BETA>1.3118716161190023</BETA>
    </VegetationZoneParameters>
  </VegetationZone>
  <SubCatchment>
    <SubCatchmentParameters>
      <KSI>0.001</KSI>
      <KGmin>0.05</KGmin>
      <RangeKG>0.1</RangeKG>
      <AG>0.1</AG>
      <PERC>1.9443134830276283</PERC>
      <Alpha>0</Alpha>
      <UZL>52.960696568879435</UZL>
      <K0>0.10775707027667301</K0>
      <K1>0.12057546712334238</K1>
      <K2>0.010000002067937906</K2>
      <MAXBAS>1</MAXBAS>
      <Cet>0</Cet>
      <PCALT>10</PCALT>
      <TCALT>0.6</TCALT>
      <Pelev>3349</Pelev>
      <Telev>2921</Telev>
      <PART>0.5</PART>
      <DELAY>1</DELAY>
    </SubCatchmentParameters>
    <SubCatchmentVegetationZone>
      <SubCatchmentVegetationZoneParameters>
        <TT>-2.1280104924968537</TT>
        <CFMAX>3.2878635770448921</CFMAX>
        <SP>0</SP>
        <SFCF>1.258965639251425</SFCF>
        <CFR>0.00058272442689257485</CFR>
        <CWH>0.17750186567967896</CWH>
        <CFGlacier>1</CFGlacier>
        <CFSlope>1</CFSlope>
        <FC>294.90943615241275</FC>
        <LP>0.95781736610476642</LP>
        <BETA>1.3118716161190023</BETA>
      </SubCatchmentVegetationZoneParameters>
    </SubCatchmentVegetationZone>
  </SubCatchment>
</Catchment>