<?xml version="1.0" encoding="utf-8"?>
<Catchment xmlns:xsi="http://www.w3.org/2001/XMLSchema-instance" xmlns:xsd="http://www.w3.org/2001/XMLSchema">
  <CatchmentParameters>
    <KSI>0.001</KSI>
    <KGmin>0.05</KGmin>
    <RangeKG>0.1</RangeKG>
    <AG>0.1</AG>
    <PERC>1.09136659440148</PERC>
    <Alpha>0</Alpha>
    <UZL>92.70687467411814</UZL>
    <K0>0.17564299053030089</K0>
    <K1>0.057489368007053586</K1>
    <K2>0.010000009504201117</K2>
    <MAXBAS>1</MAXBAS>
    <Cet>0</Cet>
    <PCALT>10</PCALT>
    <TCALT>0.6</TCALT>
    <Pelev>3349</Pelev>
    <Telev>2921</Telev>
    <PART>0.5</PART>
    <DELAY>1</DELAY>
  </CatchmentParameters>
  <VegetationZone>
    <VegetationZoneParameters>
      <TT>-1.7119911116932527</TT>
      <CFMAX>4.7285615454434113</CFMAX>
      <SP>0</SP>
      <SFCF>1.4999996892547651</SFCF>
      <CFR>0.000313942220797559</CFR>
      <CWH>0.15517118354811255</CWH>
      <CFGlacier>1</CFGlacier>
      <CFSlope>1</CFSlope>
      <FC>2499.9966201122179</FC>
      <LP>0.99675872582223</LP>
      <BETA>1.967645990981985</BETA>
    </VegetationZoneParameters>
  </VegetationZone>
  <SubCatchment>
    <SubCatchmentParameters>
      <KSI>0.001</KSI>
      <KGmin>0.05</KGmin>
      <RangeKG>0.1</RangeKG>
      <AG>0.1</AG>
      <PERC>1.09136659440148</PERC>
      <Alpha>0</Alpha>
      <UZL>92.70687467411814</UZL>
      <K0>0.17564299053030089</K0>
      <K1>0.057489368007053586</K1>
      <K2>0.010000009504201117</K2>
      <MAXBAS>1</MAXBAS>
      <Cet>0</Cet>
      <PCALT>10</PCALT>
      <TCALT>0.6</TCALT>
      <Pelev>3349</Pelev>
      <Telev>2921</Telev>
      <PART>0.5</PART>
      <DELAY>1</DELAY>
    </SubCatchmentParameters>
    <SubCatchmentVegetationZone>
      <SubCatchmentVegetationZoneParameters>
        <TT>-1.7119911116932527</TT>
        <CFMAX>4.7285615454434113</CFMAX>
        <SP>0</SP>
        <SFCF>1.4999996892547651</SFCF>
        <CFR>0.000313942220797559</CFR>
        <CWH>0.15517118354811255</CWH>
        <CFGlacier>1</CFGlacier>
        <CFSlope>1</CFSlope>
        <FC>2499.9966201122179</FC>
        <LP>0.99675872582223</LP>
        <BETA>1.967645990981985</BETA>
      </SubCatchmentVegetationZoneParameters>
    </SubCatchmentVegetationZone>
  </SubCatchment>
</Catchment>