<?xml version="1.0" encoding="utf-8"?>
<Catchment xmlns:xsi="http://www.w3.org/2001/XMLSchema-instance" xmlns:xsd="http://www.w3.org/2001/XMLSchema">
  <CatchmentParameters>
    <KSI>0.001</KSI>
    <KGmin>0.05</KGmin>
    <RangeKG>0.1</RangeKG>
    <AG>0.1</AG>
    <PERC>6.0375082757681691</PERC>
    <Alpha>0</Alpha>
    <UZL>138.19991252701379</UZL>
    <K0>0.51686432786203718</K0>
    <K1>0.19180825677849359</K1>
    <K2>0.054135984140635217</K2>
    <MAXBAS>1.0000914681986617</MAXBAS>
    <Cet>0</Cet>
    <PCALT>10</PCALT>
    <TCALT>0.6</TCALT>
    <Pelev>3349</Pelev>
    <Telev>2921</Telev>
    <PART>0.5</PART>
    <DELAY>1</DELAY>
  </CatchmentParameters>
  <VegetationZone>
    <VegetationZoneParameters>
      <TT>-1.8190379557107073</TT>
      <CFMAX>3.914389307207522</CFMAX>
      <SP>0</SP>
      <SFCF>1.2752041681979591</SFCF>
      <CFR>0.00075031842082334149</CFR>
      <CWH>0.19999158985835691</CWH>
      <CFGlacier>1</CFGlacier>
      <CFSlope>1</CFSlope>
      <FC>476.68439775315517</FC>
      <LP>0.99999508547005467</LP>
      <BETA>1.8030412706655541</BETA>
    </VegetationZoneParameters>
  </VegetationZone>
  <SubCatchment>
    <SubCatchmentParameters>
      <KSI>0.001</KSI>
      <KGmin>0.05</KGmin>
      <RangeKG>0.1</RangeKG>
      <AG>0.1</AG>
      <PERC>6.0375082757681691</PERC>
      <Alpha>0</Alpha>
      <UZL>138.19991252701379</UZL>
      <K0>0.51686432786203718</K0>
      <K1>0.19180825677849359</K1>
      <K2>0.054135984140635217</K2>
      <MAXBAS>1.0000914681986617</MAXBAS>
      <Cet>0</Cet>
      <PCALT>10</PCALT>
      <TCALT>0.6</TCALT>
      <Pelev>3349</Pelev>
      <Telev>2921</Telev>
      <PART>0.5</PART>
      <DELAY>1</DELAY>
    </SubCatchmentParameters>
    <SubCatchmentVegetationZone>
      <SubCatchmentVegetationZoneParameters>
        <TT>-1.8190379557107073</TT>
        <CFMAX>3.914389307207522</CFMAX>
        <SP>0</SP>
        <SFCF>1.2752041681979591</SFCF>
        <CFR>0.00075031842082334149</CFR>
        <CWH>0.19999158985835691</CWH>
        <CFGlacier>1</CFGlacier>
        <CFSlope>1</CFSlope>
        <FC>476.68439775315517</FC>
        <LP>0.99999508547005467</LP>
        <BETA>1.8030412706655541</BETA>
      </SubCatchmentVegetationZoneParameters>
    </SubCatchmentVegetationZone>
  </SubCatchment>
</Catchment>