<?xml version="1.0" encoding="utf-8"?>
<Catchment xmlns:xsi="http://www.w3.org/2001/XMLSchema-instance" xmlns:xsd="http://www.w3.org/2001/XMLSchema">
  <CatchmentParameters>
    <KSI>0.001</KSI>
    <KGmin>0.05</KGmin>
    <RangeKG>0.1</RangeKG>
    <AG>0.1</AG>
    <PERC>1.6630830518933482</PERC>
    <Alpha>0</Alpha>
    <UZL>172.42976827810577</UZL>
    <K0>0.39317994855920119</K0>
    <K1>0.0979131669036257</K1>
    <K2>0.010118356487913132</K2>
    <MAXBAS>1</MAXBAS>
    <Cet>0</Cet>
    <PCALT>10</PCALT>
    <TCALT>0.6</TCALT>
    <Pelev>3349</Pelev>
    <Telev>2921</Telev>
    <PART>0.5</PART>
    <DELAY>1</DELAY>
  </CatchmentParameters>
  <VegetationZone>
    <VegetationZoneParameters>
      <TT>-2.1490566443960382</TT>
      <CFMAX>3.8241602063244398</CFMAX>
      <SP>0</SP>
      <SFCF>1.3720797603956061</SFCF>
      <CFR>0.0054891796572892814</CFR>
      <CWH>0.15902138857544634</CWH>
      <CFGlacier>1</CFGlacier>
      <CFSlope>1</CFSlope>
      <FC>461.46434823839905</FC>
      <LP>0.85218409411015261</LP>
      <BETA>1.0818968333583743</BETA>
    </VegetationZoneParameters>
  </VegetationZone>
  <SubCatchment>
    <SubCatchmentParameters>
      <KSI>0.001</KSI>
      <KGmin>0.05</KGmin>
      <RangeKG>0.1</RangeKG>
      <AG>0.1</AG>
      <PERC>1.6630830518933482</PERC>
      <Alpha>0</Alpha>
      <UZL>172.42976827810577</UZL>
      <K0>0.39317994855920119</K0>
      <K1>0.0979131669036257</K1>
      <K2>0.010118356487913132</K2>
      <MAXBAS>1</MAXBAS>
      <Cet>0</Cet>
      <PCALT>10</PCALT>
      <TCALT>0.6</TCALT>
      <Pelev>3349</Pelev>
      <Telev>2921</Telev>
      <PART>0.5</PART>
      <DELAY>1</DELAY>
    </SubCatchmentParameters>
    <SubCatchmentVegetationZone>
      <SubCatchmentVegetationZoneParameters>
        <TT>-2.1490566443960382</TT>
        <CFMAX>3.8241602063244398</CFMAX>
        <SP>0</SP>
        <SFCF>1.3720797603956061</SFCF>
        <CFR>0.0054891796572892814</CFR>
        <CWH>0.15902138857544634</CWH>
        <CFGlacier>1</CFGlacier>
        <CFSlope>1</CFSlope>
        <FC>461.46434823839905</FC>
        <LP>0.85218409411015261</LP>
        <BETA>1.0818968333583743</BETA>
      </SubCatchmentVegetationZoneParameters>
    </SubCatchmentVegetationZone>
  </SubCatchment>
</Catchment>