<?xml version="1.0" encoding="utf-8"?>
<Catchment xmlns:xsi="http://www.w3.org/2001/XMLSchema-instance" xmlns:xsd="http://www.w3.org/2001/XMLSchema">
  <CatchmentParameters>
    <KSI>0.001</KSI>
    <KGmin>0.05</KGmin>
    <RangeKG>0.1</RangeKG>
    <AG>0.1</AG>
    <PERC>4.853590856531488</PERC>
    <Alpha>0</Alpha>
    <UZL>164.75148475429467</UZL>
    <K0>0.086693028569402308</K0>
    <K1>0.16082261136139223</K1>
    <K2>0.035301894446525407</K2>
    <MAXBAS>1.0049715315596381</MAXBAS>
    <Cet>0</Cet>
    <PCALT>10</PCALT>
    <TCALT>0.6</TCALT>
    <Pelev>3349</Pelev>
    <Telev>2921</Telev>
    <PART>0.5</PART>
    <DELAY>1</DELAY>
  </CatchmentParameters>
  <VegetationZone>
    <VegetationZoneParameters>
      <TT>-1.6280029775878229</TT>
      <CFMAX>4.3119865794509815</CFMAX>
      <SP>0</SP>
      <SFCF>1.2861609351390422</SFCF>
      <CFR>0.029167139268828492</CFR>
      <CWH>0.18634948118661524</CWH>
      <CFGlacier>1</CFGlacier>
      <CFSlope>1</CFSlope>
      <FC>461.93750286773809</FC>
      <LP>0.99999980300481184</LP>
      <BETA>1.6740285506436121</BETA>
    </VegetationZoneParameters>
  </VegetationZone>
  <SubCatchment>
    <SubCatchmentParameters>
      <KSI>0.001</KSI>
      <KGmin>0.05</KGmin>
      <RangeKG>0.1</RangeKG>
      <AG>0.1</AG>
      <PERC>4.853590856531488</PERC>
      <Alpha>0</Alpha>
      <UZL>164.75148475429467</UZL>
      <K0>0.086693028569402308</K0>
      <K1>0.16082261136139223</K1>
      <K2>0.035301894446525407</K2>
      <MAXBAS>1.0049715315596381</MAXBAS>
      <Cet>0</Cet>
      <PCALT>10</PCALT>
      <TCALT>0.6</TCALT>
      <Pelev>3349</Pelev>
      <Telev>2921</Telev>
      <PART>0.5</PART>
      <DELAY>1</DELAY>
    </SubCatchmentParameters>
    <SubCatchmentVegetationZone>
      <SubCatchmentVegetationZoneParameters>
        <TT>-1.6280029775878229</TT>
        <CFMAX>4.3119865794509815</CFMAX>
        <SP>0</SP>
        <SFCF>1.2861609351390422</SFCF>
        <CFR>0.029167139268828492</CFR>
        <CWH>0.18634948118661524</CWH>
        <CFGlacier>1</CFGlacier>
        <CFSlope>1</CFSlope>
        <FC>461.93750286773809</FC>
        <LP>0.99999980300481184</LP>
        <BETA>1.6740285506436121</BETA>
      </SubCatchmentVegetationZoneParameters>
    </SubCatchmentVegetationZone>
  </SubCatchment>
</Catchment>