<?xml version="1.0" encoding="utf-8"?>
<Catchment xmlns:xsi="http://www.w3.org/2001/XMLSchema-instance" xmlns:xsd="http://www.w3.org/2001/XMLSchema">
  <CatchmentParameters>
    <KSI>0.001</KSI>
    <KGmin>0.05</KGmin>
    <RangeKG>0.1</RangeKG>
    <AG>0.1</AG>
    <PERC>5.2849207168351482</PERC>
    <Alpha>0</Alpha>
    <UZL>78.173233972451442</UZL>
    <K0>0.295150925491233</K0>
    <K1>0.16178105253159353</K1>
    <K2>0.039711856551559177</K2>
    <MAXBAS>1.0000190973287375</MAXBAS>
    <Cet>0</Cet>
    <PCALT>10</PCALT>
    <TCALT>0.6</TCALT>
    <Pelev>3349</Pelev>
    <Telev>2921</Telev>
    <PART>0.5</PART>
    <DELAY>1</DELAY>
  </CatchmentParameters>
  <VegetationZone>
    <VegetationZoneParameters>
      <TT>-0.88442749151724465</TT>
      <CFMAX>4.2228253153937994</CFMAX>
      <SP>0</SP>
      <SFCF>1.0548572443026816</SFCF>
      <CFR>0.021866113980593942</CFR>
      <CWH>0.19999749503602812</CWH>
      <CFGlacier>1</CFGlacier>
      <CFSlope>1</CFSlope>
      <FC>213.50725952592254</FC>
      <LP>0.99999585445168615</LP>
      <BETA>1.0522859785701701</BETA>
    </VegetationZoneParameters>
  </VegetationZone>
  <SubCatchment>
    <SubCatchmentParameters>
      <KSI>0.001</KSI>
      <KGmin>0.05</KGmin>
      <RangeKG>0.1</RangeKG>
      <AG>0.1</AG>
      <PERC>5.2849207168351482</PERC>
      <Alpha>0</Alpha>
      <UZL>78.173233972451442</UZL>
      <K0>0.295150925491233</K0>
      <K1>0.16178105253159353</K1>
      <K2>0.039711856551559177</K2>
      <MAXBAS>1.0000190973287375</MAXBAS>
      <Cet>0</Cet>
      <PCALT>10</PCALT>
      <TCALT>0.6</TCALT>
      <Pelev>3349</Pelev>
      <Telev>2921</Telev>
      <PART>0.5</PART>
      <DELAY>1</DELAY>
    </SubCatchmentParameters>
    <SubCatchmentVegetationZone>
      <SubCatchmentVegetationZoneParameters>
        <TT>-0.88442749151724465</TT>
        <CFMAX>4.2228253153937994</CFMAX>
        <SP>0</SP>
        <SFCF>1.0548572443026816</SFCF>
        <CFR>0.021866113980593942</CFR>
        <CWH>0.19999749503602812</CWH>
        <CFGlacier>1</CFGlacier>
        <CFSlope>1</CFSlope>
        <FC>213.50725952592254</FC>
        <LP>0.99999585445168615</LP>
        <BETA>1.0522859785701701</BETA>
      </SubCatchmentVegetationZoneParameters>
    </SubCatchmentVegetationZone>
  </SubCatchment>
</Catchment>