<?xml version="1.0" encoding="utf-8"?>
<Catchment xmlns:xsi="http://www.w3.org/2001/XMLSchema-instance" xmlns:xsd="http://www.w3.org/2001/XMLSchema">
  <CatchmentParameters>
    <KSI>0.001</KSI>
    <KGmin>0.05</KGmin>
    <RangeKG>0.1</RangeKG>
    <AG>0.1</AG>
    <PERC>1.5841612738494737</PERC>
    <Alpha>0</Alpha>
    <UZL>140.62360820933986</UZL>
    <K0>0.56541966545731692</K0>
    <K1>0.10292852856149631</K1>
    <K2>0.01000000414780481</K2>
    <MAXBAS>1</MAXBAS>
    <Cet>0</Cet>
    <PCALT>10</PCALT>
    <TCALT>0.6</TCALT>
    <Pelev>3349</Pelev>
    <Telev>2921</Telev>
    <PART>0.5</PART>
    <DELAY>1</DELAY>
  </CatchmentParameters>
  <VegetationZone>
    <VegetationZoneParameters>
      <TT>-2.2290867083885773</TT>
      <CFMAX>3.9437622610117744</CFMAX>
      <SP>0</SP>
      <SFCF>1.4273826714626456</SFCF>
      <CFR>0.062313363370193553</CFR>
      <CWH>0.10000626928446155</CWH>
      <CFGlacier>1</CFGlacier>
      <CFSlope>1</CFSlope>
      <FC>639.96359617844337</FC>
      <LP>0.91266905744106175</LP>
      <BETA>1.1646739868054283</BETA>
    </VegetationZoneParameters>
  </VegetationZone>
  <SubCatchment>
    <SubCatchmentParameters>
      <KSI>0.001</KSI>
      <KGmin>0.05</KGmin>
      <RangeKG>0.1</RangeKG>
      <AG>0.1</AG>
      <PERC>1.5841612738494737</PERC>
      <Alpha>0</Alpha>
      <UZL>140.62360820933986</UZL>
      <K0>0.56541966545731692</K0>
      <K1>0.10292852856149631</K1>
      <K2>0.01000000414780481</K2>
      <MAXBAS>1</MAXBAS>
      <Cet>0</Cet>
      <PCALT>10</PCALT>
      <TCALT>0.6</TCALT>
      <Pelev>3349</Pelev>
      <Telev>2921</Telev>
      <PART>0.5</PART>
      <DELAY>1</DELAY>
    </SubCatchmentParameters>
    <SubCatchmentVegetationZone>
      <SubCatchmentVegetationZoneParameters>
        <TT>-2.2290867083885773</TT>
        <CFMAX>3.9437622610117744</CFMAX>
        <SP>0</SP>
        <SFCF>1.4273826714626456</SFCF>
        <CFR>0.062313363370193553</CFR>
        <CWH>0.10000626928446155</CWH>
        <CFGlacier>1</CFGlacier>
        <CFSlope>1</CFSlope>
        <FC>639.96359617844337</FC>
        <LP>0.91266905744106175</LP>
        <BETA>1.1646739868054283</BETA>
      </SubCatchmentVegetationZoneParameters>
    </SubCatchmentVegetationZone>
  </SubCatchment>
</Catchment>