<?xml version="1.0" encoding="utf-8"?>
<Catchment xmlns:xsi="http://www.w3.org/2001/XMLSchema-instance" xmlns:xsd="http://www.w3.org/2001/XMLSchema">
  <CatchmentParameters>
    <KSI>0.001</KSI>
    <KGmin>0.05</KGmin>
    <RangeKG>0.1</RangeKG>
    <AG>0.1</AG>
    <PERC>6.1285895572505638</PERC>
    <Alpha>0</Alpha>
    <UZL>124.65779857414832</UZL>
    <K0>0.18342683690288369</K0>
    <K1>0.18378075916837677</K1>
    <K2>0.047103921062735761</K2>
    <MAXBAS>1.0002047299043644</MAXBAS>
    <Cet>0</Cet>
    <PCALT>10</PCALT>
    <TCALT>0.6</TCALT>
    <Pelev>3349</Pelev>
    <Telev>2921</Telev>
    <PART>0.5</PART>
    <DELAY>1</DELAY>
  </CatchmentParameters>
  <VegetationZone>
    <VegetationZoneParameters>
      <TT>-1.274435752980897</TT>
      <CFMAX>3.9571593807280441</CFMAX>
      <SP>0</SP>
      <SFCF>1.1018986323832467</SFCF>
      <CFR>0.014176857896662874</CFR>
      <CWH>0.19999901589472283</CWH>
      <CFGlacier>1</CFGlacier>
      <CFSlope>1</CFSlope>
      <FC>267.15988520834395</FC>
      <LP>0.99999456495946215</LP>
      <BETA>1.2748286871956109</BETA>
    </VegetationZoneParameters>
  </VegetationZone>
  <SubCatchment>
    <SubCatchmentParameters>
      <KSI>0.001</KSI>
      <KGmin>0.05</KGmin>
      <RangeKG>0.1</RangeKG>
      <AG>0.1</AG>
      <PERC>6.1285895572505638</PERC>
      <Alpha>0</Alpha>
      <UZL>124.65779857414832</UZL>
      <K0>0.18342683690288369</K0>
      <K1>0.18378075916837677</K1>
      <K2>0.047103921062735761</K2>
      <MAXBAS>1.0002047299043644</MAXBAS>
      <Cet>0</Cet>
      <PCALT>10</PCALT>
      <TCALT>0.6</TCALT>
      <Pelev>3349</Pelev>
      <Telev>2921</Telev>
      <PART>0.5</PART>
      <DELAY>1</DELAY>
    </SubCatchmentParameters>
    <SubCatchmentVegetationZone>
      <SubCatchmentVegetationZoneParameters>
        <TT>-1.274435752980897</TT>
        <CFMAX>3.9571593807280441</CFMAX>
        <SP>0</SP>
        <SFCF>1.1018986323832467</SFCF>
        <CFR>0.014176857896662874</CFR>
        <CWH>0.19999901589472283</CWH>
        <CFGlacier>1</CFGlacier>
        <CFSlope>1</CFSlope>
        <FC>267.15988520834395</FC>
        <LP>0.99999456495946215</LP>
        <BETA>1.2748286871956109</BETA>
      </SubCatchmentVegetationZoneParameters>
    </SubCatchmentVegetationZone>
  </SubCatchment>
</Catchment>