<?xml version="1.0" encoding="utf-8"?>
<Catchment xmlns:xsi="http://www.w3.org/2001/XMLSchema-instance" xmlns:xsd="http://www.w3.org/2001/XMLSchema">
  <CatchmentParameters>
    <KSI>0.001</KSI>
    <KGmin>0.05</KGmin>
    <RangeKG>0.1</RangeKG>
    <AG>0.1</AG>
    <PERC>1.2221942312412644</PERC>
    <Alpha>0</Alpha>
    <UZL>63.021038892161464</UZL>
    <K0>0.17370600257884783</K0>
    <K1>0.09819391792032825</K1>
    <K2>0.010000042438502856</K2>
    <MAXBAS>1</MAXBAS>
    <Cet>0</Cet>
    <PCALT>10</PCALT>
    <TCALT>0.6</TCALT>
    <Pelev>3349</Pelev>
    <Telev>2921</Telev>
    <PART>0.5</PART>
    <DELAY>1</DELAY>
  </CatchmentParameters>
  <VegetationZone>
    <VegetationZoneParameters>
      <TT>-1.7119883942865406</TT>
      <CFMAX>4.0552788653049374</CFMAX>
      <SP>0</SP>
      <SFCF>1.3829512355175737</SFCF>
      <CFR>0.00048385840209978412</CFR>
      <CWH>0.19999995118646341</CWH>
      <CFGlacier>1</CFGlacier>
      <CFSlope>1</CFSlope>
      <FC>2484.1361458438532</FC>
      <LP>0.97037611036244265</LP>
      <BETA>1.3399822582440164</BETA>
    </VegetationZoneParameters>
  </VegetationZone>
  <SubCatchment>
    <SubCatchmentParameters>
      <KSI>0.001</KSI>
      <KGmin>0.05</KGmin>
      <RangeKG>0.1</RangeKG>
      <AG>0.1</AG>
      <PERC>1.2221942312412644</PERC>
      <Alpha>0</Alpha>
      <UZL>63.021038892161464</UZL>
      <K0>0.17370600257884783</K0>
      <K1>0.09819391792032825</K1>
      <K2>0.010000042438502856</K2>
      <MAXBAS>1</MAXBAS>
      <Cet>0</Cet>
      <PCALT>10</PCALT>
      <TCALT>0.6</TCALT>
      <Pelev>3349</Pelev>
      <Telev>2921</Telev>
      <PART>0.5</PART>
      <DELAY>1</DELAY>
    </SubCatchmentParameters>
    <SubCatchmentVegetationZone>
      <SubCatchmentVegetationZoneParameters>
        <TT>-1.7119883942865406</TT>
        <CFMAX>4.0552788653049374</CFMAX>
        <SP>0</SP>
        <SFCF>1.3829512355175737</SFCF>
        <CFR>0.00048385840209978412</CFR>
        <CWH>0.19999995118646341</CWH>
        <CFGlacier>1</CFGlacier>
        <CFSlope>1</CFSlope>
        <FC>2484.1361458438532</FC>
        <LP>0.97037611036244265</LP>
        <BETA>1.3399822582440164</BETA>
      </SubCatchmentVegetationZoneParameters>
    </SubCatchmentVegetationZone>
  </SubCatchment>
</Catchment>