<?xml version="1.0" encoding="utf-8"?>
<Catchment xmlns:xsi="http://www.w3.org/2001/XMLSchema-instance" xmlns:xsd="http://www.w3.org/2001/XMLSchema">
  <CatchmentParameters>
    <KSI>0.001</KSI>
    <KGmin>0.05</KGmin>
    <RangeKG>0.1</RangeKG>
    <AG>0.1</AG>
    <PERC>6.1059708320871167</PERC>
    <Alpha>0</Alpha>
    <UZL>149.6006905939002</UZL>
    <K0>0.54705508749081166</K0>
    <K1>0.18452083120995669</K1>
    <K2>0.047271007044873248</K2>
    <MAXBAS>1.0000622394239231</MAXBAS>
    <Cet>0</Cet>
    <PCALT>10</PCALT>
    <TCALT>0.6</TCALT>
    <Pelev>3349</Pelev>
    <Telev>2921</Telev>
    <PART>0.5</PART>
    <DELAY>1</DELAY>
  </CatchmentParameters>
  <VegetationZone>
    <VegetationZoneParameters>
      <TT>-1.1689829681645585</TT>
      <CFMAX>3.9969513268408052</CFMAX>
      <SP>0</SP>
      <SFCF>1.1013572899852235</SFCF>
      <CFR>0.00048887102317112581</CFR>
      <CWH>0.19999896034944609</CWH>
      <CFGlacier>1</CFGlacier>
      <CFSlope>1</CFSlope>
      <FC>267.91266205513131</FC>
      <LP>0.99999136580141179</LP>
      <BETA>1.276132594863107</BETA>
    </VegetationZoneParameters>
  </VegetationZone>
  <SubCatchment>
    <SubCatchmentParameters>
      <KSI>0.001</KSI>
      <KGmin>0.05</KGmin>
      <RangeKG>0.1</RangeKG>
      <AG>0.1</AG>
      <PERC>6.1059708320871167</PERC>
      <Alpha>0</Alpha>
      <UZL>149.6006905939002</UZL>
      <K0>0.54705508749081166</K0>
      <K1>0.18452083120995669</K1>
      <K2>0.047271007044873248</K2>
      <MAXBAS>1.0000622394239231</MAXBAS>
      <Cet>0</Cet>
      <PCALT>10</PCALT>
      <TCALT>0.6</TCALT>
      <Pelev>3349</Pelev>
      <Telev>2921</Telev>
      <PART>0.5</PART>
      <DELAY>1</DELAY>
    </SubCatchmentParameters>
    <SubCatchmentVegetationZone>
      <SubCatchmentVegetationZoneParameters>
        <TT>-1.1689829681645585</TT>
        <CFMAX>3.9969513268408052</CFMAX>
        <SP>0</SP>
        <SFCF>1.1013572899852235</SFCF>
        <CFR>0.00048887102317112581</CFR>
        <CWH>0.19999896034944609</CWH>
        <CFGlacier>1</CFGlacier>
        <CFSlope>1</CFSlope>
        <FC>267.91266205513131</FC>
        <LP>0.99999136580141179</LP>
        <BETA>1.276132594863107</BETA>
      </SubCatchmentVegetationZoneParameters>
    </SubCatchmentVegetationZone>
  </SubCatchment>
</Catchment>