<?xml version="1.0" encoding="utf-8"?>
<Catchment xmlns:xsi="http://www.w3.org/2001/XMLSchema-instance" xmlns:xsd="http://www.w3.org/2001/XMLSchema">
  <CatchmentParameters>
    <KSI>0.001</KSI>
    <KGmin>0.05</KGmin>
    <RangeKG>0.1</RangeKG>
    <AG>0.1</AG>
    <PERC>6.1221401261706</PERC>
    <Alpha>0</Alpha>
    <UZL>68.801250505956659</UZL>
    <K0>0.17317483689211127</K0>
    <K1>0.1788756475171227</K1>
    <K2>0.04966760897388179</K2>
    <MAXBAS>1.0000343123376052</MAXBAS>
    <Cet>0</Cet>
    <PCALT>10</PCALT>
    <TCALT>0.6</TCALT>
    <Pelev>3349</Pelev>
    <Telev>2921</Telev>
    <PART>0.5</PART>
    <DELAY>1</DELAY>
  </CatchmentParameters>
  <VegetationZone>
    <VegetationZoneParameters>
      <TT>0.050779766076347058</TT>
      <CFMAX>4.8439912402428931</CFMAX>
      <SP>0</SP>
      <SFCF>1.0045836815326745</SFCF>
      <CFR>0.016079041161697689</CFR>
      <CWH>0.1162606002235806</CWH>
      <CFGlacier>1</CFGlacier>
      <CFSlope>1</CFSlope>
      <FC>209.52397158621196</FC>
      <LP>0.99999743719493683</LP>
      <BETA>1.0000009733096849</BETA>
    </VegetationZoneParameters>
  </VegetationZone>
  <SubCatchment>
    <SubCatchmentParameters>
      <KSI>0.001</KSI>
      <KGmin>0.05</KGmin>
      <RangeKG>0.1</RangeKG>
      <AG>0.1</AG>
      <PERC>6.1221401261706</PERC>
      <Alpha>0</Alpha>
      <UZL>68.801250505956659</UZL>
      <K0>0.17317483689211127</K0>
      <K1>0.1788756475171227</K1>
      <K2>0.04966760897388179</K2>
      <MAXBAS>1.0000343123376052</MAXBAS>
      <Cet>0</Cet>
      <PCALT>10</PCALT>
      <TCALT>0.6</TCALT>
      <Pelev>3349</Pelev>
      <Telev>2921</Telev>
      <PART>0.5</PART>
      <DELAY>1</DELAY>
    </SubCatchmentParameters>
    <SubCatchmentVegetationZone>
      <SubCatchmentVegetationZoneParameters>
        <TT>0.050779766076347058</TT>
        <CFMAX>4.8439912402428931</CFMAX>
        <SP>0</SP>
        <SFCF>1.0045836815326745</SFCF>
        <CFR>0.016079041161697689</CFR>
        <CWH>0.1162606002235806</CWH>
        <CFGlacier>1</CFGlacier>
        <CFSlope>1</CFSlope>
        <FC>209.52397158621196</FC>
        <LP>0.99999743719493683</LP>
        <BETA>1.0000009733096849</BETA>
      </SubCatchmentVegetationZoneParameters>
    </SubCatchmentVegetationZone>
  </SubCatchment>
</Catchment>