<?xml version="1.0" encoding="utf-8"?>
<Catchment xmlns:xsi="http://www.w3.org/2001/XMLSchema-instance" xmlns:xsd="http://www.w3.org/2001/XMLSchema">
  <CatchmentParameters>
    <KSI>0.001</KSI>
    <KGmin>0.05</KGmin>
    <RangeKG>0.1</RangeKG>
    <AG>0.1</AG>
    <PERC>1.9365669136489963</PERC>
    <Alpha>0</Alpha>
    <UZL>80.061396638466263</UZL>
    <K0>0.1421943016875396</K0>
    <K1>0.058869311391247826</K1>
    <K2>0.010000003652274646</K2>
    <MAXBAS>1</MAXBAS>
    <Cet>0</Cet>
    <PCALT>10</PCALT>
    <TCALT>0.6</TCALT>
    <Pelev>3349</Pelev>
    <Telev>2921</Telev>
    <PART>0.5</PART>
    <DELAY>1</DELAY>
  </CatchmentParameters>
  <VegetationZone>
    <VegetationZoneParameters>
      <TT>-2.138000321797898</TT>
      <CFMAX>3.5545581125461179</CFMAX>
      <SP>0</SP>
      <SFCF>1.2423526654519908</SFCF>
      <CFR>0.066855035487676281</CFR>
      <CWH>0.10018896711019111</CWH>
      <CFGlacier>1</CFGlacier>
      <CFSlope>1</CFSlope>
      <FC>271.19376010180139</FC>
      <LP>0.87316941153439942</LP>
      <BETA>1.1300394980274116</BETA>
    </VegetationZoneParameters>
  </VegetationZone>
  <SubCatchment>
    <SubCatchmentParameters>
      <KSI>0.001</KSI>
      <KGmin>0.05</KGmin>
      <RangeKG>0.1</RangeKG>
      <AG>0.1</AG>
      <PERC>1.9365669136489963</PERC>
      <Alpha>0</Alpha>
      <UZL>80.061396638466263</UZL>
      <K0>0.1421943016875396</K0>
      <K1>0.058869311391247826</K1>
      <K2>0.010000003652274646</K2>
      <MAXBAS>1</MAXBAS>
      <Cet>0</Cet>
      <PCALT>10</PCALT>
      <TCALT>0.6</TCALT>
      <Pelev>3349</Pelev>
      <Telev>2921</Telev>
      <PART>0.5</PART>
      <DELAY>1</DELAY>
    </SubCatchmentParameters>
    <SubCatchmentVegetationZone>
      <SubCatchmentVegetationZoneParameters>
        <TT>-2.138000321797898</TT>
        <CFMAX>3.5545581125461179</CFMAX>
        <SP>0</SP>
        <SFCF>1.2423526654519908</SFCF>
        <CFR>0.066855035487676281</CFR>
        <CWH>0.10018896711019111</CWH>
        <CFGlacier>1</CFGlacier>
        <CFSlope>1</CFSlope>
        <FC>271.19376010180139</FC>
        <LP>0.87316941153439942</LP>
        <BETA>1.1300394980274116</BETA>
      </SubCatchmentVegetationZoneParameters>
    </SubCatchmentVegetationZone>
  </SubCatchment>
</Catchment>