<?xml version="1.0" encoding="utf-8"?>
<Catchment xmlns:xsi="http://www.w3.org/2001/XMLSchema-instance" xmlns:xsd="http://www.w3.org/2001/XMLSchema">
  <CatchmentParameters>
    <KSI>0.001</KSI>
    <KGmin>0.05</KGmin>
    <RangeKG>0.1</RangeKG>
    <AG>0.1</AG>
    <PERC>6.3658673055165682</PERC>
    <Alpha>0</Alpha>
    <UZL>105.18176001680956</UZL>
    <K0>0.056883940202390071</K0>
    <K1>0.17715225453469904</K1>
    <K2>0.047705029452867941</K2>
    <MAXBAS>1.0003890376172959</MAXBAS>
    <Cet>0</Cet>
    <PCALT>10</PCALT>
    <TCALT>0.6</TCALT>
    <Pelev>3349</Pelev>
    <Telev>2921</Telev>
    <PART>0.5</PART>
    <DELAY>1</DELAY>
  </CatchmentParameters>
  <VegetationZone>
    <VegetationZoneParameters>
      <TT>-1.0611064076102263</TT>
      <CFMAX>4.2993069747535122</CFMAX>
      <SP>0</SP>
      <SFCF>1.0968178838583289</SFCF>
      <CFR>0.024232157296700647</CFR>
      <CWH>0.19999761338891839</CWH>
      <CFGlacier>1</CFGlacier>
      <CFSlope>1</CFSlope>
      <FC>273.06836827957375</FC>
      <LP>0.99999634080034072</LP>
      <BETA>1.1189425977342065</BETA>
    </VegetationZoneParameters>
  </VegetationZone>
  <SubCatchment>
    <SubCatchmentParameters>
      <KSI>0.001</KSI>
      <KGmin>0.05</KGmin>
      <RangeKG>0.1</RangeKG>
      <AG>0.1</AG>
      <PERC>6.3658673055165682</PERC>
      <Alpha>0</Alpha>
      <UZL>105.18176001680956</UZL>
      <K0>0.056883940202390071</K0>
      <K1>0.17715225453469904</K1>
      <K2>0.047705029452867941</K2>
      <MAXBAS>1.0003890376172959</MAXBAS>
      <Cet>0</Cet>
      <PCALT>10</PCALT>
      <TCALT>0.6</TCALT>
      <Pelev>3349</Pelev>
      <Telev>2921</Telev>
      <PART>0.5</PART>
      <DELAY>1</DELAY>
    </SubCatchmentParameters>
    <SubCatchmentVegetationZone>
      <SubCatchmentVegetationZoneParameters>
        <TT>-1.0611064076102263</TT>
        <CFMAX>4.2993069747535122</CFMAX>
        <SP>0</SP>
        <SFCF>1.0968178838583289</SFCF>
        <CFR>0.024232157296700647</CFR>
        <CWH>0.19999761338891839</CWH>
        <CFGlacier>1</CFGlacier>
        <CFSlope>1</CFSlope>
        <FC>273.06836827957375</FC>
        <LP>0.99999634080034072</LP>
        <BETA>1.1189425977342065</BETA>
      </SubCatchmentVegetationZoneParameters>
    </SubCatchmentVegetationZone>
  </SubCatchment>
</Catchment>