<?xml version="1.0" encoding="utf-8"?>
<Catchment xmlns:xsi="http://www.w3.org/2001/XMLSchema-instance" xmlns:xsd="http://www.w3.org/2001/XMLSchema">
  <CatchmentParameters>
    <KSI>0.001</KSI>
    <KGmin>0.05</KGmin>
    <RangeKG>0.1</RangeKG>
    <AG>0.1</AG>
    <PERC>6.3753414261582355</PERC>
    <Alpha>0</Alpha>
    <UZL>185.30444003838471</UZL>
    <K0>0.51554805731523889</K0>
    <K1>0.18151633678383933</K1>
    <K2>0.047567145861630362</K2>
    <MAXBAS>1.0000771350913376</MAXBAS>
    <Cet>0</Cet>
    <PCALT>10</PCALT>
    <TCALT>0.6</TCALT>
    <Pelev>3349</Pelev>
    <Telev>2921</Telev>
    <PART>0.5</PART>
    <DELAY>1</DELAY>
  </CatchmentParameters>
  <VegetationZone>
    <VegetationZoneParameters>
      <TT>-0.927998721776341</TT>
      <CFMAX>4.1840941701074987</CFMAX>
      <SP>0</SP>
      <SFCF>1.06615970174299</SFCF>
      <CFR>0.022925583618348722</CFR>
      <CWH>0.19998165013205541</CWH>
      <CFGlacier>1</CFGlacier>
      <CFSlope>1</CFSlope>
      <FC>234.36761173795756</FC>
      <LP>0.999993280253273</LP>
      <BETA>1.0001180216248184</BETA>
    </VegetationZoneParameters>
  </VegetationZone>
  <SubCatchment>
    <SubCatchmentParameters>
      <KSI>0.001</KSI>
      <KGmin>0.05</KGmin>
      <RangeKG>0.1</RangeKG>
      <AG>0.1</AG>
      <PERC>6.3753414261582355</PERC>
      <Alpha>0</Alpha>
      <UZL>185.30444003838471</UZL>
      <K0>0.51554805731523889</K0>
      <K1>0.18151633678383933</K1>
      <K2>0.047567145861630362</K2>
      <MAXBAS>1.0000771350913376</MAXBAS>
      <Cet>0</Cet>
      <PCALT>10</PCALT>
      <TCALT>0.6</TCALT>
      <Pelev>3349</Pelev>
      <Telev>2921</Telev>
      <PART>0.5</PART>
      <DELAY>1</DELAY>
    </SubCatchmentParameters>
    <SubCatchmentVegetationZone>
      <SubCatchmentVegetationZoneParameters>
        <TT>-0.927998721776341</TT>
        <CFMAX>4.1840941701074987</CFMAX>
        <SP>0</SP>
        <SFCF>1.06615970174299</SFCF>
        <CFR>0.022925583618348722</CFR>
        <CWH>0.19998165013205541</CWH>
        <CFGlacier>1</CFGlacier>
        <CFSlope>1</CFSlope>
        <FC>234.36761173795756</FC>
        <LP>0.999993280253273</LP>
        <BETA>1.0001180216248184</BETA>
      </SubCatchmentVegetationZoneParameters>
    </SubCatchmentVegetationZone>
  </SubCatchment>
</Catchment>