<?xml version="1.0" encoding="utf-8"?>
<Catchment xmlns:xsi="http://www.w3.org/2001/XMLSchema-instance" xmlns:xsd="http://www.w3.org/2001/XMLSchema">
  <CatchmentParameters>
    <KSI>0.001</KSI>
    <KGmin>0.05</KGmin>
    <RangeKG>0.1</RangeKG>
    <AG>0.1</AG>
    <PERC>2.1514265510565482</PERC>
    <Alpha>0</Alpha>
    <UZL>159.15980970591932</UZL>
    <K0>0.5382648049957427</K0>
    <K1>0.094386097626596929</K1>
    <K2>0.010000004235576343</K2>
    <MAXBAS>1</MAXBAS>
    <Cet>0</Cet>
    <PCALT>10</PCALT>
    <TCALT>0.6</TCALT>
    <Pelev>3349</Pelev>
    <Telev>2921</Telev>
    <PART>0.5</PART>
    <DELAY>1</DELAY>
  </CatchmentParameters>
  <VegetationZone>
    <VegetationZoneParameters>
      <TT>-1.8119998363927705</TT>
      <CFMAX>3.9956836875079365</CFMAX>
      <SP>0</SP>
      <SFCF>1.3105715847272723</SFCF>
      <CFR>0.00016565743646807809</CFR>
      <CWH>0.10000417631893796</CWH>
      <CFGlacier>1</CFGlacier>
      <CFSlope>1</CFSlope>
      <FC>322.44870197999779</FC>
      <LP>0.7899934281554859</LP>
      <BETA>1.3115459795173179</BETA>
    </VegetationZoneParameters>
  </VegetationZone>
  <SubCatchment>
    <SubCatchmentParameters>
      <KSI>0.001</KSI>
      <KGmin>0.05</KGmin>
      <RangeKG>0.1</RangeKG>
      <AG>0.1</AG>
      <PERC>2.1514265510565482</PERC>
      <Alpha>0</Alpha>
      <UZL>159.15980970591932</UZL>
      <K0>0.5382648049957427</K0>
      <K1>0.094386097626596929</K1>
      <K2>0.010000004235576343</K2>
      <MAXBAS>1</MAXBAS>
      <Cet>0</Cet>
      <PCALT>10</PCALT>
      <TCALT>0.6</TCALT>
      <Pelev>3349</Pelev>
      <Telev>2921</Telev>
      <PART>0.5</PART>
      <DELAY>1</DELAY>
    </SubCatchmentParameters>
    <SubCatchmentVegetationZone>
      <SubCatchmentVegetationZoneParameters>
        <TT>-1.8119998363927705</TT>
        <CFMAX>3.9956836875079365</CFMAX>
        <SP>0</SP>
        <SFCF>1.3105715847272723</SFCF>
        <CFR>0.00016565743646807809</CFR>
        <CWH>0.10000417631893796</CWH>
        <CFGlacier>1</CFGlacier>
        <CFSlope>1</CFSlope>
        <FC>322.44870197999779</FC>
        <LP>0.7899934281554859</LP>
        <BETA>1.3115459795173179</BETA>
      </SubCatchmentVegetationZoneParameters>
    </SubCatchmentVegetationZone>
  </SubCatchment>
</Catchment>