<?xml version="1.0" encoding="utf-8"?>
<Catchment xmlns:xsi="http://www.w3.org/2001/XMLSchema-instance" xmlns:xsd="http://www.w3.org/2001/XMLSchema">
  <CatchmentParameters>
    <KSI>0.001</KSI>
    <KGmin>0.05</KGmin>
    <RangeKG>0.1</RangeKG>
    <AG>0.1</AG>
    <PERC>1.9751051276200724</PERC>
    <Alpha>0</Alpha>
    <UZL>109.71488997184929</UZL>
    <K0>0.47879895150875906</K0>
    <K1>0.14467261943967649</K1>
    <K2>0.010000009436186919</K2>
    <MAXBAS>1</MAXBAS>
    <Cet>0</Cet>
    <PCALT>10</PCALT>
    <TCALT>0.6</TCALT>
    <Pelev>3349</Pelev>
    <Telev>2921</Telev>
    <PART>0.5</PART>
    <DELAY>1</DELAY>
  </CatchmentParameters>
  <VegetationZone>
    <VegetationZoneParameters>
      <TT>-1.811999027574392</TT>
      <CFMAX>3.3086871954755344</CFMAX>
      <SP>0</SP>
      <SFCF>1.1866563508034289</SFCF>
      <CFR>0.000417229787864503</CFR>
      <CWH>0.16737331807703093</CWH>
      <CFGlacier>1</CFGlacier>
      <CFSlope>1</CFSlope>
      <FC>236.48777489400459</FC>
      <LP>0.9329928419046658</LP>
      <BETA>1.0582456260593083</BETA>
    </VegetationZoneParameters>
  </VegetationZone>
  <SubCatchment>
    <SubCatchmentParameters>
      <KSI>0.001</KSI>
      <KGmin>0.05</KGmin>
      <RangeKG>0.1</RangeKG>
      <AG>0.1</AG>
      <PERC>1.9751051276200724</PERC>
      <Alpha>0</Alpha>
      <UZL>109.71488997184929</UZL>
      <K0>0.47879895150875906</K0>
      <K1>0.14467261943967649</K1>
      <K2>0.010000009436186919</K2>
      <MAXBAS>1</MAXBAS>
      <Cet>0</Cet>
      <PCALT>10</PCALT>
      <TCALT>0.6</TCALT>
      <Pelev>3349</Pelev>
      <Telev>2921</Telev>
      <PART>0.5</PART>
      <DELAY>1</DELAY>
    </SubCatchmentParameters>
    <SubCatchmentVegetationZone>
      <SubCatchmentVegetationZoneParameters>
        <TT>-1.811999027574392</TT>
        <CFMAX>3.3086871954755344</CFMAX>
        <SP>0</SP>
        <SFCF>1.1866563508034289</SFCF>
        <CFR>0.000417229787864503</CFR>
        <CWH>0.16737331807703093</CWH>
        <CFGlacier>1</CFGlacier>
        <CFSlope>1</CFSlope>
        <FC>236.48777489400459</FC>
        <LP>0.9329928419046658</LP>
        <BETA>1.0582456260593083</BETA>
      </SubCatchmentVegetationZoneParameters>
    </SubCatchmentVegetationZone>
  </SubCatchment>
</Catchment>