<?xml version="1.0" encoding="utf-8"?>
<Catchment xmlns:xsi="http://www.w3.org/2001/XMLSchema-instance" xmlns:xsd="http://www.w3.org/2001/XMLSchema">
  <CatchmentParameters>
    <KSI>0.001</KSI>
    <KGmin>0.05</KGmin>
    <RangeKG>0.1</RangeKG>
    <AG>0.1</AG>
    <PERC>6.1623278319723056</PERC>
    <Alpha>0</Alpha>
    <UZL>77.275097595068118</UZL>
    <K0>0.4499214897432543</K0>
    <K1>0.19001913970801476</K1>
    <K2>0.047845994994603763</K2>
    <MAXBAS>1.0001152767098871</MAXBAS>
    <Cet>0</Cet>
    <PCALT>10</PCALT>
    <TCALT>0.6</TCALT>
    <Pelev>3349</Pelev>
    <Telev>2921</Telev>
    <PART>0.5</PART>
    <DELAY>1</DELAY>
  </CatchmentParameters>
  <VegetationZone>
    <VegetationZoneParameters>
      <TT>-1.5279954173923269</TT>
      <CFMAX>3.8746120215587596</CFMAX>
      <SP>0</SP>
      <SFCF>1.1560180769987969</SFCF>
      <CFR>0.030312003479554903</CFR>
      <CWH>0.19999893624570672</CWH>
      <CFGlacier>1</CFGlacier>
      <CFSlope>1</CFSlope>
      <FC>327.8351062759325</FC>
      <LP>0.99998727076653826</LP>
      <BETA>1.426331175129643</BETA>
    </VegetationZoneParameters>
  </VegetationZone>
  <SubCatchment>
    <SubCatchmentParameters>
      <KSI>0.001</KSI>
      <KGmin>0.05</KGmin>
      <RangeKG>0.1</RangeKG>
      <AG>0.1</AG>
      <PERC>6.1623278319723056</PERC>
      <Alpha>0</Alpha>
      <UZL>77.275097595068118</UZL>
      <K0>0.4499214897432543</K0>
      <K1>0.19001913970801476</K1>
      <K2>0.047845994994603763</K2>
      <MAXBAS>1.0001152767098871</MAXBAS>
      <Cet>0</Cet>
      <PCALT>10</PCALT>
      <TCALT>0.6</TCALT>
      <Pelev>3349</Pelev>
      <Telev>2921</Telev>
      <PART>0.5</PART>
      <DELAY>1</DELAY>
    </SubCatchmentParameters>
    <SubCatchmentVegetationZone>
      <SubCatchmentVegetationZoneParameters>
        <TT>-1.5279954173923269</TT>
        <CFMAX>3.8746120215587596</CFMAX>
        <SP>0</SP>
        <SFCF>1.1560180769987969</SFCF>
        <CFR>0.030312003479554903</CFR>
        <CWH>0.19999893624570672</CWH>
        <CFGlacier>1</CFGlacier>
        <CFSlope>1</CFSlope>
        <FC>327.8351062759325</FC>
        <LP>0.99998727076653826</LP>
        <BETA>1.426331175129643</BETA>
      </SubCatchmentVegetationZoneParameters>
    </SubCatchmentVegetationZone>
  </SubCatchment>
</Catchment>