<?xml version="1.0" encoding="utf-8"?>
<Catchment xmlns:xsi="http://www.w3.org/2001/XMLSchema-instance" xmlns:xsd="http://www.w3.org/2001/XMLSchema">
  <CatchmentParameters>
    <KSI>0.001</KSI>
    <KGmin>0.05</KGmin>
    <RangeKG>0.1</RangeKG>
    <AG>0.1</AG>
    <PERC>2.0750166662934286</PERC>
    <Alpha>0</Alpha>
    <UZL>87.8071267561165</UZL>
    <K0>0.13277775266388472</K0>
    <K1>0.047140624096273322</K1>
    <K2>0.010000000798352829</K2>
    <MAXBAS>1</MAXBAS>
    <Cet>0</Cet>
    <PCALT>10</PCALT>
    <TCALT>0.6</TCALT>
    <Pelev>3349</Pelev>
    <Telev>2921</Telev>
    <PART>0.5</PART>
    <DELAY>1</DELAY>
  </CatchmentParameters>
  <VegetationZone>
    <VegetationZoneParameters>
      <TT>-1.9239183498295469</TT>
      <CFMAX>3.4760665839311566</CFMAX>
      <SP>0</SP>
      <SFCF>1.1630368264911115</SFCF>
      <CFR>0.00029853492564263338</CFR>
      <CWH>0.17054889775082338</CWH>
      <CFGlacier>1</CFGlacier>
      <CFSlope>1</CFSlope>
      <FC>145.60462364529479</FC>
      <LP>0.67255316727035674</LP>
      <BETA>1.5534254360108866</BETA>
    </VegetationZoneParameters>
  </VegetationZone>
  <SubCatchment>
    <SubCatchmentParameters>
      <KSI>0.001</KSI>
      <KGmin>0.05</KGmin>
      <RangeKG>0.1</RangeKG>
      <AG>0.1</AG>
      <PERC>2.0750166662934286</PERC>
      <Alpha>0</Alpha>
      <UZL>87.8071267561165</UZL>
      <K0>0.13277775266388472</K0>
      <K1>0.047140624096273322</K1>
      <K2>0.010000000798352829</K2>
      <MAXBAS>1</MAXBAS>
      <Cet>0</Cet>
      <PCALT>10</PCALT>
      <TCALT>0.6</TCALT>
      <Pelev>3349</Pelev>
      <Telev>2921</Telev>
      <PART>0.5</PART>
      <DELAY>1</DELAY>
    </SubCatchmentParameters>
    <SubCatchmentVegetationZone>
      <SubCatchmentVegetationZoneParameters>
        <TT>-1.9239183498295469</TT>
        <CFMAX>3.4760665839311566</CFMAX>
        <SP>0</SP>
        <SFCF>1.1630368264911115</SFCF>
        <CFR>0.00029853492564263338</CFR>
        <CWH>0.17054889775082338</CWH>
        <CFGlacier>1</CFGlacier>
        <CFSlope>1</CFSlope>
        <FC>145.60462364529479</FC>
        <LP>0.67255316727035674</LP>
        <BETA>1.5534254360108866</BETA>
      </SubCatchmentVegetationZoneParameters>
    </SubCatchmentVegetationZone>
  </SubCatchment>
</Catchment>