<?xml version="1.0" encoding="utf-8"?>
<Catchment xmlns:xsi="http://www.w3.org/2001/XMLSchema-instance" xmlns:xsd="http://www.w3.org/2001/XMLSchema">
  <CatchmentParameters>
    <KSI>0.001</KSI>
    <KGmin>0.05</KGmin>
    <RangeKG>0.1</RangeKG>
    <AG>0.1</AG>
    <PERC>5.4748050968803721</PERC>
    <Alpha>0</Alpha>
    <UZL>159.5024090708429</UZL>
    <K0>0.34789991539920151</K0>
    <K1>0.16386081033524141</K1>
    <K2>0.039458975573698304</K2>
    <MAXBAS>1.0050051814958452</MAXBAS>
    <Cet>0</Cet>
    <PCALT>10</PCALT>
    <TCALT>0.6</TCALT>
    <Pelev>3349</Pelev>
    <Telev>2921</Telev>
    <PART>0.5</PART>
    <DELAY>1</DELAY>
  </CatchmentParameters>
  <VegetationZone>
    <VegetationZoneParameters>
      <TT>-1.387912111253393</TT>
      <CFMAX>4.1492969240754434</CFMAX>
      <SP>0</SP>
      <SFCF>1.1680155870508033</SFCF>
      <CFR>0.027709818655383082</CFR>
      <CWH>0.18446616636603438</CWH>
      <CFGlacier>1</CFGlacier>
      <CFSlope>1</CFSlope>
      <FC>315.15418903515223</FC>
      <LP>0.99999885448683579</LP>
      <BETA>1.5078848019000275</BETA>
    </VegetationZoneParameters>
  </VegetationZone>
  <SubCatchment>
    <SubCatchmentParameters>
      <KSI>0.001</KSI>
      <KGmin>0.05</KGmin>
      <RangeKG>0.1</RangeKG>
      <AG>0.1</AG>
      <PERC>5.4748050968803721</PERC>
      <Alpha>0</Alpha>
      <UZL>159.5024090708429</UZL>
      <K0>0.34789991539920151</K0>
      <K1>0.16386081033524141</K1>
      <K2>0.039458975573698304</K2>
      <MAXBAS>1.0050051814958452</MAXBAS>
      <Cet>0</Cet>
      <PCALT>10</PCALT>
      <TCALT>0.6</TCALT>
      <Pelev>3349</Pelev>
      <Telev>2921</Telev>
      <PART>0.5</PART>
      <DELAY>1</DELAY>
    </SubCatchmentParameters>
    <SubCatchmentVegetationZone>
      <SubCatchmentVegetationZoneParameters>
        <TT>-1.387912111253393</TT>
        <CFMAX>4.1492969240754434</CFMAX>
        <SP>0</SP>
        <SFCF>1.1680155870508033</SFCF>
        <CFR>0.027709818655383082</CFR>
        <CWH>0.18446616636603438</CWH>
        <CFGlacier>1</CFGlacier>
        <CFSlope>1</CFSlope>
        <FC>315.15418903515223</FC>
        <LP>0.99999885448683579</LP>
        <BETA>1.5078848019000275</BETA>
      </SubCatchmentVegetationZoneParameters>
    </SubCatchmentVegetationZone>
  </SubCatchment>
</Catchment>