<?xml version="1.0" encoding="utf-8"?>
<Catchment xmlns:xsi="http://www.w3.org/2001/XMLSchema-instance" xmlns:xsd="http://www.w3.org/2001/XMLSchema">
  <CatchmentParameters>
    <KSI>0.001</KSI>
    <KGmin>0.05</KGmin>
    <RangeKG>0.1</RangeKG>
    <AG>0.1</AG>
    <PERC>2.9149412464567646</PERC>
    <Alpha>0</Alpha>
    <UZL>148.0453960071942</UZL>
    <K0>0.47299299677850087</K0>
    <K1>0.10576330775006955</K1>
    <K2>0.010000001236796932</K2>
    <MAXBAS>1</MAXBAS>
    <Cet>0</Cet>
    <PCALT>10</PCALT>
    <TCALT>0.6</TCALT>
    <Pelev>3349</Pelev>
    <Telev>2921</Telev>
    <PART>0.5</PART>
    <DELAY>1</DELAY>
  </CatchmentParameters>
  <VegetationZone>
    <VegetationZoneParameters>
      <TT>-1.0699988204243893</TT>
      <CFMAX>3.8649947901837423</CFMAX>
      <SP>0</SP>
      <SFCF>1.0434926108851768</SFCF>
      <CFR>0.018950298329149132</CFR>
      <CWH>0.1631045439630156</CWH>
      <CFGlacier>1</CFGlacier>
      <CFSlope>1</CFSlope>
      <FC>77.665712818005147</FC>
      <LP>0.86097705754699783</LP>
      <BETA>1.8404297260833484</BETA>
    </VegetationZoneParameters>
  </VegetationZone>
  <SubCatchment>
    <SubCatchmentParameters>
      <KSI>0.001</KSI>
      <KGmin>0.05</KGmin>
      <RangeKG>0.1</RangeKG>
      <AG>0.1</AG>
      <PERC>2.9149412464567646</PERC>
      <Alpha>0</Alpha>
      <UZL>148.0453960071942</UZL>
      <K0>0.47299299677850087</K0>
      <K1>0.10576330775006955</K1>
      <K2>0.010000001236796932</K2>
      <MAXBAS>1</MAXBAS>
      <Cet>0</Cet>
      <PCALT>10</PCALT>
      <TCALT>0.6</TCALT>
      <Pelev>3349</Pelev>
      <Telev>2921</Telev>
      <PART>0.5</PART>
      <DELAY>1</DELAY>
    </SubCatchmentParameters>
    <SubCatchmentVegetationZone>
      <SubCatchmentVegetationZoneParameters>
        <TT>-1.0699988204243893</TT>
        <CFMAX>3.8649947901837423</CFMAX>
        <SP>0</SP>
        <SFCF>1.0434926108851768</SFCF>
        <CFR>0.018950298329149132</CFR>
        <CWH>0.1631045439630156</CWH>
        <CFGlacier>1</CFGlacier>
        <CFSlope>1</CFSlope>
        <FC>77.665712818005147</FC>
        <LP>0.86097705754699783</LP>
        <BETA>1.8404297260833484</BETA>
      </SubCatchmentVegetationZoneParameters>
    </SubCatchmentVegetationZone>
  </SubCatchment>
</Catchment>