<?xml version="1.0" encoding="utf-8"?>
<Catchment xmlns:xsi="http://www.w3.org/2001/XMLSchema-instance" xmlns:xsd="http://www.w3.org/2001/XMLSchema">
  <CatchmentParameters>
    <KSI>0.001</KSI>
    <KGmin>0.05</KGmin>
    <RangeKG>0.1</RangeKG>
    <AG>0.1</AG>
    <PERC>6.4495483037432244</PERC>
    <Alpha>0</Alpha>
    <UZL>121.48928563576079</UZL>
    <K0>0.11336461056480507</K0>
    <K1>0.21755227586986234</K1>
    <K2>0.057252382318290808</K2>
    <MAXBAS>1.0004624704775242</MAXBAS>
    <Cet>0</Cet>
    <PCALT>10</PCALT>
    <TCALT>0.6</TCALT>
    <Pelev>3349</Pelev>
    <Telev>2921</Telev>
    <PART>0.5</PART>
    <DELAY>1</DELAY>
  </CatchmentParameters>
  <VegetationZone>
    <VegetationZoneParameters>
      <TT>-1.0699980049634881</TT>
      <CFMAX>3.5695073611652739</CFMAX>
      <SP>0</SP>
      <SFCF>1.0060168949227333</SFCF>
      <CFR>0.0663217964533818</CFR>
      <CWH>0.19208034951159747</CWH>
      <CFGlacier>1</CFGlacier>
      <CFSlope>1</CFSlope>
      <FC>193.51674789560138</FC>
      <LP>0.99999503535439072</LP>
      <BETA>1.0000000120991619</BETA>
    </VegetationZoneParameters>
  </VegetationZone>
  <SubCatchment>
    <SubCatchmentParameters>
      <KSI>0.001</KSI>
      <KGmin>0.05</KGmin>
      <RangeKG>0.1</RangeKG>
      <AG>0.1</AG>
      <PERC>6.4495483037432244</PERC>
      <Alpha>0</Alpha>
      <UZL>121.48928563576079</UZL>
      <K0>0.11336461056480507</K0>
      <K1>0.21755227586986234</K1>
      <K2>0.057252382318290808</K2>
      <MAXBAS>1.0004624704775242</MAXBAS>
      <Cet>0</Cet>
      <PCALT>10</PCALT>
      <TCALT>0.6</TCALT>
      <Pelev>3349</Pelev>
      <Telev>2921</Telev>
      <PART>0.5</PART>
      <DELAY>1</DELAY>
    </SubCatchmentParameters>
    <SubCatchmentVegetationZone>
      <SubCatchmentVegetationZoneParameters>
        <TT>-1.0699980049634881</TT>
        <CFMAX>3.5695073611652739</CFMAX>
        <SP>0</SP>
        <SFCF>1.0060168949227333</SFCF>
        <CFR>0.0663217964533818</CFR>
        <CWH>0.19208034951159747</CWH>
        <CFGlacier>1</CFGlacier>
        <CFSlope>1</CFSlope>
        <FC>193.51674789560138</FC>
        <LP>0.99999503535439072</LP>
        <BETA>1.0000000120991619</BETA>
      </SubCatchmentVegetationZoneParameters>
    </SubCatchmentVegetationZone>
  </SubCatchment>
</Catchment>