<?xml version="1.0" encoding="utf-8"?>
<Catchment xmlns:xsi="http://www.w3.org/2001/XMLSchema-instance" xmlns:xsd="http://www.w3.org/2001/XMLSchema">
  <CatchmentParameters>
    <KSI>0.001</KSI>
    <KGmin>0.05</KGmin>
    <RangeKG>0.1</RangeKG>
    <AG>0.1</AG>
    <PERC>6.3715927592253623</PERC>
    <Alpha>0</Alpha>
    <UZL>81.019172849836124</UZL>
    <K0>0.46029772432608246</K0>
    <K1>0.18879216936975568</K1>
    <K2>0.046123573654293204</K2>
    <MAXBAS>1.0001067097257275</MAXBAS>
    <Cet>0</Cet>
    <PCALT>10</PCALT>
    <TCALT>0.6</TCALT>
    <Pelev>3349</Pelev>
    <Telev>2921</Telev>
    <PART>0.5</PART>
    <DELAY>1</DELAY>
  </CatchmentParameters>
  <VegetationZone>
    <VegetationZoneParameters>
      <TT>-0.87999430512646826</TT>
      <CFMAX>3.8529935488149136</CFMAX>
      <SP>0</SP>
      <SFCF>0.9680973268355052</SFCF>
      <CFR>0.061604155335852867</CFR>
      <CWH>0.19999530165012591</CWH>
      <CFGlacier>1</CFGlacier>
      <CFSlope>1</CFSlope>
      <FC>141.78512592367432</FC>
      <LP>0.99999469187481593</LP>
      <BETA>1.0000023584908939</BETA>
    </VegetationZoneParameters>
  </VegetationZone>
  <SubCatchment>
    <SubCatchmentParameters>
      <KSI>0.001</KSI>
      <KGmin>0.05</KGmin>
      <RangeKG>0.1</RangeKG>
      <AG>0.1</AG>
      <PERC>6.3715927592253623</PERC>
      <Alpha>0</Alpha>
      <UZL>81.019172849836124</UZL>
      <K0>0.46029772432608246</K0>
      <K1>0.18879216936975568</K1>
      <K2>0.046123573654293204</K2>
      <MAXBAS>1.0001067097257275</MAXBAS>
      <Cet>0</Cet>
      <PCALT>10</PCALT>
      <TCALT>0.6</TCALT>
      <Pelev>3349</Pelev>
      <Telev>2921</Telev>
      <PART>0.5</PART>
      <DELAY>1</DELAY>
    </SubCatchmentParameters>
    <SubCatchmentVegetationZone>
      <SubCatchmentVegetationZoneParameters>
        <TT>-0.87999430512646826</TT>
        <CFMAX>3.8529935488149136</CFMAX>
        <SP>0</SP>
        <SFCF>0.9680973268355052</SFCF>
        <CFR>0.061604155335852867</CFR>
        <CWH>0.19999530165012591</CWH>
        <CFGlacier>1</CFGlacier>
        <CFSlope>1</CFSlope>
        <FC>141.78512592367432</FC>
        <LP>0.99999469187481593</LP>
        <BETA>1.0000023584908939</BETA>
      </SubCatchmentVegetationZoneParameters>
    </SubCatchmentVegetationZone>
  </SubCatchment>
</Catchment>