<?xml version="1.0" encoding="utf-8"?>
<Catchment xmlns:xsi="http://www.w3.org/2001/XMLSchema-instance" xmlns:xsd="http://www.w3.org/2001/XMLSchema">
  <CatchmentParameters>
    <KSI>0.001</KSI>
    <KGmin>0.05</KGmin>
    <RangeKG>0.1</RangeKG>
    <AG>0.1</AG>
    <PERC>6.2451171543289243</PERC>
    <Alpha>0</Alpha>
    <UZL>140.06015446656571</UZL>
    <K0>0.12911672906620503</K0>
    <K1>0.18253997298694125</K1>
    <K2>0.046788650393210528</K2>
    <MAXBAS>1.0000437725652138</MAXBAS>
    <Cet>0</Cet>
    <PCALT>10</PCALT>
    <TCALT>0.6</TCALT>
    <Pelev>3349</Pelev>
    <Telev>2921</Telev>
    <PART>0.5</PART>
    <DELAY>1</DELAY>
  </CatchmentParameters>
  <VegetationZone>
    <VegetationZoneParameters>
      <TT>-1.2700516215979238</TT>
      <CFMAX>3.929226854822812</CFMAX>
      <SP>0</SP>
      <SFCF>1.0911470862647152</SFCF>
      <CFR>0.027557633765342014</CFR>
      <CWH>0.19999915532120671</CWH>
      <CFGlacier>1</CFGlacier>
      <CFSlope>1</CFSlope>
      <FC>254.06289187123707</FC>
      <LP>0.99998773260429241</LP>
      <BETA>1.2359267406312187</BETA>
    </VegetationZoneParameters>
  </VegetationZone>
  <SubCatchment>
    <SubCatchmentParameters>
      <KSI>0.001</KSI>
      <KGmin>0.05</KGmin>
      <RangeKG>0.1</RangeKG>
      <AG>0.1</AG>
      <PERC>6.2451171543289243</PERC>
      <Alpha>0</Alpha>
      <UZL>140.06015446656571</UZL>
      <K0>0.12911672906620503</K0>
      <K1>0.18253997298694125</K1>
      <K2>0.046788650393210528</K2>
      <MAXBAS>1.0000437725652138</MAXBAS>
      <Cet>0</Cet>
      <PCALT>10</PCALT>
      <TCALT>0.6</TCALT>
      <Pelev>3349</Pelev>
      <Telev>2921</Telev>
      <PART>0.5</PART>
      <DELAY>1</DELAY>
    </SubCatchmentParameters>
    <SubCatchmentVegetationZone>
      <SubCatchmentVegetationZoneParameters>
        <TT>-1.2700516215979238</TT>
        <CFMAX>3.929226854822812</CFMAX>
        <SP>0</SP>
        <SFCF>1.0911470862647152</SFCF>
        <CFR>0.027557633765342014</CFR>
        <CWH>0.19999915532120671</CWH>
        <CFGlacier>1</CFGlacier>
        <CFSlope>1</CFSlope>
        <FC>254.06289187123707</FC>
        <LP>0.99998773260429241</LP>
        <BETA>1.2359267406312187</BETA>
      </SubCatchmentVegetationZoneParameters>
    </SubCatchmentVegetationZone>
  </SubCatchment>
</Catchment>