<?xml version="1.0" encoding="utf-8"?>
<Catchment xmlns:xsi="http://www.w3.org/2001/XMLSchema-instance" xmlns:xsd="http://www.w3.org/2001/XMLSchema">
  <CatchmentParameters>
    <KSI>0.001</KSI>
    <KGmin>0.05</KGmin>
    <RangeKG>0.1</RangeKG>
    <AG>0.1</AG>
    <PERC>6.5316299893268583</PERC>
    <Alpha>0</Alpha>
    <UZL>97.68464327920509</UZL>
    <K0>0.4018576853309398</K0>
    <K1>0.17950270036831331</K1>
    <K2>0.049653845968345128</K2>
    <MAXBAS>1.0000822455201022</MAXBAS>
    <Cet>0</Cet>
    <PCALT>10</PCALT>
    <TCALT>0.6</TCALT>
    <Pelev>3349</Pelev>
    <Telev>2921</Telev>
    <PART>0.5</PART>
    <DELAY>1</DELAY>
  </CatchmentParameters>
  <VegetationZone>
    <VegetationZoneParameters>
      <TT>-0.814673659867793</TT>
      <CFMAX>4.7502156225758077</CFMAX>
      <SP>0</SP>
      <SFCF>1.1424423286547527</SFCF>
      <CFR>0.0200888846324119</CFR>
      <CWH>0.18585993245509938</CWH>
      <CFGlacier>1</CFGlacier>
      <CFSlope>1</CFSlope>
      <FC>355.60424342865053</FC>
      <LP>0.99999415407016745</LP>
      <BETA>1.0000073946828183</BETA>
    </VegetationZoneParameters>
  </VegetationZone>
  <SubCatchment>
    <SubCatchmentParameters>
      <KSI>0.001</KSI>
      <KGmin>0.05</KGmin>
      <RangeKG>0.1</RangeKG>
      <AG>0.1</AG>
      <PERC>6.5316299893268583</PERC>
      <Alpha>0</Alpha>
      <UZL>97.68464327920509</UZL>
      <K0>0.4018576853309398</K0>
      <K1>0.17950270036831331</K1>
      <K2>0.049653845968345128</K2>
      <MAXBAS>1.0000822455201022</MAXBAS>
      <Cet>0</Cet>
      <PCALT>10</PCALT>
      <TCALT>0.6</TCALT>
      <Pelev>3349</Pelev>
      <Telev>2921</Telev>
      <PART>0.5</PART>
      <DELAY>1</DELAY>
    </SubCatchmentParameters>
    <SubCatchmentVegetationZone>
      <SubCatchmentVegetationZoneParameters>
        <TT>-0.814673659867793</TT>
        <CFMAX>4.7502156225758077</CFMAX>
        <SP>0</SP>
        <SFCF>1.1424423286547527</SFCF>
        <CFR>0.0200888846324119</CFR>
        <CWH>0.18585993245509938</CWH>
        <CFGlacier>1</CFGlacier>
        <CFSlope>1</CFSlope>
        <FC>355.60424342865053</FC>
        <LP>0.99999415407016745</LP>
        <BETA>1.0000073946828183</BETA>
      </SubCatchmentVegetationZoneParameters>
    </SubCatchmentVegetationZone>
  </SubCatchment>
</Catchment>