<?xml version="1.0" encoding="utf-8"?>
<Catchment xmlns:xsi="http://www.w3.org/2001/XMLSchema-instance" xmlns:xsd="http://www.w3.org/2001/XMLSchema">
  <CatchmentParameters>
    <KSI>0.001</KSI>
    <KGmin>0.05</KGmin>
    <RangeKG>0.1</RangeKG>
    <AG>0.1</AG>
    <PERC>0.91508996884586968</PERC>
    <Alpha>0</Alpha>
    <UZL>102.73176989013292</UZL>
    <K0>0.18351186933201938</K0>
    <K1>0.0530605593107341</K1>
    <K2>0.010006912034742358</K2>
    <MAXBAS>1</MAXBAS>
    <Cet>0</Cet>
    <PCALT>10</PCALT>
    <TCALT>0.6</TCALT>
    <Pelev>3349</Pelev>
    <Telev>2921</Telev>
    <PART>0.5</PART>
    <DELAY>1</DELAY>
  </CatchmentParameters>
  <VegetationZone>
    <VegetationZoneParameters>
      <TT>-1.4700607379966406</TT>
      <CFMAX>4.676358672643028</CFMAX>
      <SP>0</SP>
      <SFCF>1.4008581510771678</SFCF>
      <CFR>0.02659463848887534</CFR>
      <CWH>0.13414936246789569</CWH>
      <CFGlacier>1</CFGlacier>
      <CFSlope>1</CFSlope>
      <FC>2242.90852407152</FC>
      <LP>0.9849822367579697</LP>
      <BETA>1.3693721158557395</BETA>
    </VegetationZoneParameters>
  </VegetationZone>
  <SubCatchment>
    <SubCatchmentParameters>
      <KSI>0.001</KSI>
      <KGmin>0.05</KGmin>
      <RangeKG>0.1</RangeKG>
      <AG>0.1</AG>
      <PERC>0.91508996884586968</PERC>
      <Alpha>0</Alpha>
      <UZL>102.73176989013292</UZL>
      <K0>0.18351186933201938</K0>
      <K1>0.0530605593107341</K1>
      <K2>0.010006912034742358</K2>
      <MAXBAS>1</MAXBAS>
      <Cet>0</Cet>
      <PCALT>10</PCALT>
      <TCALT>0.6</TCALT>
      <Pelev>3349</Pelev>
      <Telev>2921</Telev>
      <PART>0.5</PART>
      <DELAY>1</DELAY>
    </SubCatchmentParameters>
    <SubCatchmentVegetationZone>
      <SubCatchmentVegetationZoneParameters>
        <TT>-1.4700607379966406</TT>
        <CFMAX>4.676358672643028</CFMAX>
        <SP>0</SP>
        <SFCF>1.4008581510771678</SFCF>
        <CFR>0.02659463848887534</CFR>
        <CWH>0.13414936246789569</CWH>
        <CFGlacier>1</CFGlacier>
        <CFSlope>1</CFSlope>
        <FC>2242.90852407152</FC>
        <LP>0.9849822367579697</LP>
        <BETA>1.3693721158557395</BETA>
      </SubCatchmentVegetationZoneParameters>
    </SubCatchmentVegetationZone>
  </SubCatchment>
</Catchment>