<?xml version="1.0" encoding="utf-8"?>
<Catchment xmlns:xsi="http://www.w3.org/2001/XMLSchema-instance" xmlns:xsd="http://www.w3.org/2001/XMLSchema">
  <CatchmentParameters>
    <KSI>0.001</KSI>
    <KGmin>0.05</KGmin>
    <RangeKG>0.1</RangeKG>
    <AG>0.1</AG>
    <PERC>1.7308159322805516</PERC>
    <Alpha>0</Alpha>
    <UZL>94.363512164444273</UZL>
    <K0>0.14106668689761942</K0>
    <K1>0.044727649417411294</K1>
    <K2>0.010000000001219414</K2>
    <MAXBAS>1</MAXBAS>
    <Cet>0</Cet>
    <PCALT>10</PCALT>
    <TCALT>0.6</TCALT>
    <Pelev>3349</Pelev>
    <Telev>2921</Telev>
    <PART>0.5</PART>
    <DELAY>1</DELAY>
  </CatchmentParameters>
  <VegetationZone>
    <VegetationZoneParameters>
      <TT>-1.8380091324006338</TT>
      <CFMAX>3.4483244589642892</CFMAX>
      <SP>0</SP>
      <SFCF>1.1486368030179495</SFCF>
      <CFR>0.00033984220467609517</CFR>
      <CWH>0.15336307153128337</CWH>
      <CFGlacier>1</CFGlacier>
      <CFSlope>1</CFSlope>
      <FC>168.00385346538386</FC>
      <LP>0.99307486601878359</LP>
      <BETA>1.5885122073362048</BETA>
    </VegetationZoneParameters>
  </VegetationZone>
  <SubCatchment>
    <SubCatchmentParameters>
      <KSI>0.001</KSI>
      <KGmin>0.05</KGmin>
      <RangeKG>0.1</RangeKG>
      <AG>0.1</AG>
      <PERC>1.7308159322805516</PERC>
      <Alpha>0</Alpha>
      <UZL>94.363512164444273</UZL>
      <K0>0.14106668689761942</K0>
      <K1>0.044727649417411294</K1>
      <K2>0.010000000001219414</K2>
      <MAXBAS>1</MAXBAS>
      <Cet>0</Cet>
      <PCALT>10</PCALT>
      <TCALT>0.6</TCALT>
      <Pelev>3349</Pelev>
      <Telev>2921</Telev>
      <PART>0.5</PART>
      <DELAY>1</DELAY>
    </SubCatchmentParameters>
    <SubCatchmentVegetationZone>
      <SubCatchmentVegetationZoneParameters>
        <TT>-1.8380091324006338</TT>
        <CFMAX>3.4483244589642892</CFMAX>
        <SP>0</SP>
        <SFCF>1.1486368030179495</SFCF>
        <CFR>0.00033984220467609517</CFR>
        <CWH>0.15336307153128337</CWH>
        <CFGlacier>1</CFGlacier>
        <CFSlope>1</CFSlope>
        <FC>168.00385346538386</FC>
        <LP>0.99307486601878359</LP>
        <BETA>1.5885122073362048</BETA>
      </SubCatchmentVegetationZoneParameters>
    </SubCatchmentVegetationZone>
  </SubCatchment>
</Catchment>