<?xml version="1.0" encoding="utf-8"?>
<Catchment xmlns:xsi="http://www.w3.org/2001/XMLSchema-instance" xmlns:xsd="http://www.w3.org/2001/XMLSchema">
  <CatchmentParameters>
    <KSI>0.001</KSI>
    <KGmin>0.05</KGmin>
    <RangeKG>0.1</RangeKG>
    <AG>0.1</AG>
    <PERC>2.1673000833134139</PERC>
    <Alpha>0</Alpha>
    <UZL>81.826018847268784</UZL>
    <K0>0.13045555234558742</K0>
    <K1>0.051817456043926631</K1>
    <K2>0.01000000022063772</K2>
    <MAXBAS>1</MAXBAS>
    <Cet>0</Cet>
    <PCALT>10</PCALT>
    <TCALT>0.6</TCALT>
    <Pelev>3349</Pelev>
    <Telev>2921</Telev>
    <PART>0.5</PART>
    <DELAY>1</DELAY>
  </CatchmentParameters>
  <VegetationZone>
    <VegetationZoneParameters>
      <TT>-2.0800159612971063</TT>
      <CFMAX>3.457103500589267</CFMAX>
      <SP>0</SP>
      <SFCF>1.2165330435242041</SFCF>
      <CFR>5.6643785004075231E-07</CFR>
      <CWH>0.14608304378249484</CWH>
      <CFGlacier>1</CFGlacier>
      <CFSlope>1</CFSlope>
      <FC>202.59548329000506</FC>
      <LP>0.8769873533771434</LP>
      <BETA>1.8463722731187633</BETA>
    </VegetationZoneParameters>
  </VegetationZone>
  <SubCatchment>
    <SubCatchmentParameters>
      <KSI>0.001</KSI>
      <KGmin>0.05</KGmin>
      <RangeKG>0.1</RangeKG>
      <AG>0.1</AG>
      <PERC>2.1673000833134139</PERC>
      <Alpha>0</Alpha>
      <UZL>81.826018847268784</UZL>
      <K0>0.13045555234558742</K0>
      <K1>0.051817456043926631</K1>
      <K2>0.01000000022063772</K2>
      <MAXBAS>1</MAXBAS>
      <Cet>0</Cet>
      <PCALT>10</PCALT>
      <TCALT>0.6</TCALT>
      <Pelev>3349</Pelev>
      <Telev>2921</Telev>
      <PART>0.5</PART>
      <DELAY>1</DELAY>
    </SubCatchmentParameters>
    <SubCatchmentVegetationZone>
      <SubCatchmentVegetationZoneParameters>
        <TT>-2.0800159612971063</TT>
        <CFMAX>3.457103500589267</CFMAX>
        <SP>0</SP>
        <SFCF>1.2165330435242041</SFCF>
        <CFR>5.6643785004075231E-07</CFR>
        <CWH>0.14608304378249484</CWH>
        <CFGlacier>1</CFGlacier>
        <CFSlope>1</CFSlope>
        <FC>202.59548329000506</FC>
        <LP>0.8769873533771434</LP>
        <BETA>1.8463722731187633</BETA>
      </SubCatchmentVegetationZoneParameters>
    </SubCatchmentVegetationZone>
  </SubCatchment>
</Catchment>