<?xml version="1.0" encoding="utf-8"?>
<Catchment xmlns:xsi="http://www.w3.org/2001/XMLSchema-instance" xmlns:xsd="http://www.w3.org/2001/XMLSchema">
  <CatchmentParameters>
    <KSI>0.001</KSI>
    <KGmin>0.05</KGmin>
    <RangeKG>0.1</RangeKG>
    <AG>0.1</AG>
    <PERC>2.0775510153463248</PERC>
    <Alpha>0</Alpha>
    <UZL>54.140557348471766</UZL>
    <K0>0.15801442338268554</K0>
    <K1>0.068724509480955515</K1>
    <K2>0.010000002385427771</K2>
    <MAXBAS>1</MAXBAS>
    <Cet>0</Cet>
    <PCALT>10</PCALT>
    <TCALT>0.6</TCALT>
    <Pelev>3349</Pelev>
    <Telev>2921</Telev>
    <PART>0.5</PART>
    <DELAY>1</DELAY>
  </CatchmentParameters>
  <VegetationZone>
    <VegetationZoneParameters>
      <TT>-1.5120072522163806</TT>
      <CFMAX>2.6840038037032854</CFMAX>
      <SP>0</SP>
      <SFCF>1.0050193779521865</SFCF>
      <CFR>0.00028535984864121232</CFR>
      <CWH>0.14936216558007526</CWH>
      <CFGlacier>1</CFGlacier>
      <CFSlope>1</CFSlope>
      <FC>51.82364727598393</FC>
      <LP>0.84640784857319862</LP>
      <BETA>1.8723912772192164</BETA>
    </VegetationZoneParameters>
  </VegetationZone>
  <SubCatchment>
    <SubCatchmentParameters>
      <KSI>0.001</KSI>
      <KGmin>0.05</KGmin>
      <RangeKG>0.1</RangeKG>
      <AG>0.1</AG>
      <PERC>2.0775510153463248</PERC>
      <Alpha>0</Alpha>
      <UZL>54.140557348471766</UZL>
      <K0>0.15801442338268554</K0>
      <K1>0.068724509480955515</K1>
      <K2>0.010000002385427771</K2>
      <MAXBAS>1</MAXBAS>
      <Cet>0</Cet>
      <PCALT>10</PCALT>
      <TCALT>0.6</TCALT>
      <Pelev>3349</Pelev>
      <Telev>2921</Telev>
      <PART>0.5</PART>
      <DELAY>1</DELAY>
    </SubCatchmentParameters>
    <SubCatchmentVegetationZone>
      <SubCatchmentVegetationZoneParameters>
        <TT>-1.5120072522163806</TT>
        <CFMAX>2.6840038037032854</CFMAX>
        <SP>0</SP>
        <SFCF>1.0050193779521865</SFCF>
        <CFR>0.00028535984864121232</CFR>
        <CWH>0.14936216558007526</CWH>
        <CFGlacier>1</CFGlacier>
        <CFSlope>1</CFSlope>
        <FC>51.82364727598393</FC>
        <LP>0.84640784857319862</LP>
        <BETA>1.8723912772192164</BETA>
      </SubCatchmentVegetationZoneParameters>
    </SubCatchmentVegetationZone>
  </SubCatchment>
</Catchment>