<?xml version="1.0" encoding="utf-8"?>
<Catchment xmlns:xsi="http://www.w3.org/2001/XMLSchema-instance" xmlns:xsd="http://www.w3.org/2001/XMLSchema">
  <CatchmentParameters>
    <KSI>0.001</KSI>
    <KGmin>0.05</KGmin>
    <RangeKG>0.1</RangeKG>
    <AG>0.1</AG>
    <PERC>0.909552936823642</PERC>
    <Alpha>0</Alpha>
    <UZL>105.80011552131978</UZL>
    <K0>0.15658860531467481</K0>
    <K1>0.051564605496397534</K1>
    <K2>0.010000000434801312</K2>
    <MAXBAS>1</MAXBAS>
    <Cet>0</Cet>
    <PCALT>10</PCALT>
    <TCALT>0.6</TCALT>
    <Pelev>3349</Pelev>
    <Telev>2921</Telev>
    <PART>0.5</PART>
    <DELAY>1</DELAY>
  </CatchmentParameters>
  <VegetationZone>
    <VegetationZoneParameters>
      <TT>-1.3751364026496369</TT>
      <CFMAX>4.9034170255083431</CFMAX>
      <SP>0</SP>
      <SFCF>1.3695794233296088</SFCF>
      <CFR>0.0249832668443814</CFR>
      <CWH>0.1546085591743209</CWH>
      <CFGlacier>1</CFGlacier>
      <CFSlope>1</CFSlope>
      <FC>1991.3686532045356</FC>
      <LP>0.96994306814608522</LP>
      <BETA>1.12308477356063</BETA>
    </VegetationZoneParameters>
  </VegetationZone>
  <SubCatchment>
    <SubCatchmentParameters>
      <KSI>0.001</KSI>
      <KGmin>0.05</KGmin>
      <RangeKG>0.1</RangeKG>
      <AG>0.1</AG>
      <PERC>0.909552936823642</PERC>
      <Alpha>0</Alpha>
      <UZL>105.80011552131978</UZL>
      <K0>0.15658860531467481</K0>
      <K1>0.051564605496397534</K1>
      <K2>0.010000000434801312</K2>
      <MAXBAS>1</MAXBAS>
      <Cet>0</Cet>
      <PCALT>10</PCALT>
      <TCALT>0.6</TCALT>
      <Pelev>3349</Pelev>
      <Telev>2921</Telev>
      <PART>0.5</PART>
      <DELAY>1</DELAY>
    </SubCatchmentParameters>
    <SubCatchmentVegetationZone>
      <SubCatchmentVegetationZoneParameters>
        <TT>-1.3751364026496369</TT>
        <CFMAX>4.9034170255083431</CFMAX>
        <SP>0</SP>
        <SFCF>1.3695794233296088</SFCF>
        <CFR>0.0249832668443814</CFR>
        <CWH>0.1546085591743209</CWH>
        <CFGlacier>1</CFGlacier>
        <CFSlope>1</CFSlope>
        <FC>1991.3686532045356</FC>
        <LP>0.96994306814608522</LP>
        <BETA>1.12308477356063</BETA>
      </SubCatchmentVegetationZoneParameters>
    </SubCatchmentVegetationZone>
  </SubCatchment>
</Catchment>