<?xml version="1.0" encoding="utf-8"?>
<Catchment xmlns:xsi="http://www.w3.org/2001/XMLSchema-instance" xmlns:xsd="http://www.w3.org/2001/XMLSchema">
  <CatchmentParameters>
    <KSI>0.001</KSI>
    <KGmin>0.05</KGmin>
    <RangeKG>0.1</RangeKG>
    <AG>0.1</AG>
    <PERC>5.8290907510758823</PERC>
    <Alpha>0</Alpha>
    <UZL>197.75004035521002</UZL>
    <K0>0.13484933532166263</K0>
    <K1>0.18542271476659791</K1>
    <K2>0.04544432832444658</K2>
    <MAXBAS>1.0000406765363497</MAXBAS>
    <Cet>0</Cet>
    <PCALT>10</PCALT>
    <TCALT>0.6</TCALT>
    <Pelev>3349</Pelev>
    <Telev>2921</Telev>
    <PART>0.5</PART>
    <DELAY>1</DELAY>
  </CatchmentParameters>
  <VegetationZone>
    <VegetationZoneParameters>
      <TT>-1.7231789365746295</TT>
      <CFMAX>4.2155846839607136</CFMAX>
      <SP>0</SP>
      <SFCF>1.2930850440269579</SFCF>
      <CFR>0.03087137639677209</CFR>
      <CWH>0.17369027728119083</CWH>
      <CFGlacier>1</CFGlacier>
      <CFSlope>1</CFSlope>
      <FC>509.78489853655589</FC>
      <LP>0.999999991269585</LP>
      <BETA>1.6760251976502436</BETA>
    </VegetationZoneParameters>
  </VegetationZone>
  <SubCatchment>
    <SubCatchmentParameters>
      <KSI>0.001</KSI>
      <KGmin>0.05</KGmin>
      <RangeKG>0.1</RangeKG>
      <AG>0.1</AG>
      <PERC>5.8290907510758823</PERC>
      <Alpha>0</Alpha>
      <UZL>197.75004035521002</UZL>
      <K0>0.13484933532166263</K0>
      <K1>0.18542271476659791</K1>
      <K2>0.04544432832444658</K2>
      <MAXBAS>1.0000406765363497</MAXBAS>
      <Cet>0</Cet>
      <PCALT>10</PCALT>
      <TCALT>0.6</TCALT>
      <Pelev>3349</Pelev>
      <Telev>2921</Telev>
      <PART>0.5</PART>
      <DELAY>1</DELAY>
    </SubCatchmentParameters>
    <SubCatchmentVegetationZone>
      <SubCatchmentVegetationZoneParameters>
        <TT>-1.7231789365746295</TT>
        <CFMAX>4.2155846839607136</CFMAX>
        <SP>0</SP>
        <SFCF>1.2930850440269579</SFCF>
        <CFR>0.03087137639677209</CFR>
        <CWH>0.17369027728119083</CWH>
        <CFGlacier>1</CFGlacier>
        <CFSlope>1</CFSlope>
        <FC>509.78489853655589</FC>
        <LP>0.999999991269585</LP>
        <BETA>1.6760251976502436</BETA>
      </SubCatchmentVegetationZoneParameters>
    </SubCatchmentVegetationZone>
  </SubCatchment>
</Catchment>