<?xml version="1.0" encoding="utf-8"?>
<Catchment xmlns:xsi="http://www.w3.org/2001/XMLSchema-instance" xmlns:xsd="http://www.w3.org/2001/XMLSchema">
  <CatchmentParameters>
    <KSI>0.001</KSI>
    <KGmin>0.05</KGmin>
    <RangeKG>0.1</RangeKG>
    <AG>0.1</AG>
    <PERC>1.1319847928950539</PERC>
    <Alpha>0</Alpha>
    <UZL>83.377446388627533</UZL>
    <K0>0.14880952066453571</K0>
    <K1>0.0507802561905537</K1>
    <K2>0.010000002010090868</K2>
    <MAXBAS>1</MAXBAS>
    <Cet>0</Cet>
    <PCALT>10</PCALT>
    <TCALT>0.6</TCALT>
    <Pelev>3349</Pelev>
    <Telev>2921</Telev>
    <PART>0.5</PART>
    <DELAY>1</DELAY>
  </CatchmentParameters>
  <VegetationZone>
    <VegetationZoneParameters>
      <TT>-1.7699675267206043</TT>
      <CFMAX>4.5347974500123724</CFMAX>
      <SP>0</SP>
      <SFCF>1.4725980234060176</SFCF>
      <CFR>0.00019380351920172758</CFR>
      <CWH>0.10004912559995345</CWH>
      <CFGlacier>1</CFGlacier>
      <CFSlope>1</CFSlope>
      <FC>951.5575753990812</FC>
      <LP>0.91103823797210037</LP>
      <BETA>1.1944165570732677</BETA>
    </VegetationZoneParameters>
  </VegetationZone>
  <SubCatchment>
    <SubCatchmentParameters>
      <KSI>0.001</KSI>
      <KGmin>0.05</KGmin>
      <RangeKG>0.1</RangeKG>
      <AG>0.1</AG>
      <PERC>1.1319847928950539</PERC>
      <Alpha>0</Alpha>
      <UZL>83.377446388627533</UZL>
      <K0>0.14880952066453571</K0>
      <K1>0.0507802561905537</K1>
      <K2>0.010000002010090868</K2>
      <MAXBAS>1</MAXBAS>
      <Cet>0</Cet>
      <PCALT>10</PCALT>
      <TCALT>0.6</TCALT>
      <Pelev>3349</Pelev>
      <Telev>2921</Telev>
      <PART>0.5</PART>
      <DELAY>1</DELAY>
    </SubCatchmentParameters>
    <SubCatchmentVegetationZone>
      <SubCatchmentVegetationZoneParameters>
        <TT>-1.7699675267206043</TT>
        <CFMAX>4.5347974500123724</CFMAX>
        <SP>0</SP>
        <SFCF>1.4725980234060176</SFCF>
        <CFR>0.00019380351920172758</CFR>
        <CWH>0.10004912559995345</CWH>
        <CFGlacier>1</CFGlacier>
        <CFSlope>1</CFSlope>
        <FC>951.5575753990812</FC>
        <LP>0.91103823797210037</LP>
        <BETA>1.1944165570732677</BETA>
      </SubCatchmentVegetationZoneParameters>
    </SubCatchmentVegetationZone>
  </SubCatchment>
</Catchment>