<?xml version="1.0" encoding="utf-8"?>
<Catchment xmlns:xsi="http://www.w3.org/2001/XMLSchema-instance" xmlns:xsd="http://www.w3.org/2001/XMLSchema">
  <CatchmentParameters>
    <KSI>0.001</KSI>
    <KGmin>0.05</KGmin>
    <RangeKG>0.1</RangeKG>
    <AG>0.1</AG>
    <PERC>1.2473018647724243</PERC>
    <Alpha>0</Alpha>
    <UZL>81.553992317110414</UZL>
    <K0>0.13645992330700629</K0>
    <K1>0.049835009366626638</K1>
    <K2>0.010000006334574535</K2>
    <MAXBAS>1</MAXBAS>
    <Cet>0</Cet>
    <PCALT>10</PCALT>
    <TCALT>0.6</TCALT>
    <Pelev>3349</Pelev>
    <Telev>2921</Telev>
    <PART>0.5</PART>
    <DELAY>1</DELAY>
  </CatchmentParameters>
  <VegetationZone>
    <VegetationZoneParameters>
      <TT>-1.7119964202486748</TT>
      <CFMAX>4.4018236489245979</CFMAX>
      <SP>0</SP>
      <SFCF>1.4000376025228563</SFCF>
      <CFR>2.4719138412641461E-07</CFR>
      <CWH>0.10000056918617127</CWH>
      <CFGlacier>1</CFGlacier>
      <CFSlope>1</CFSlope>
      <FC>589.16871054115938</FC>
      <LP>0.92369118147257578</LP>
      <BETA>1.174139220302119</BETA>
    </VegetationZoneParameters>
  </VegetationZone>
  <SubCatchment>
    <SubCatchmentParameters>
      <KSI>0.001</KSI>
      <KGmin>0.05</KGmin>
      <RangeKG>0.1</RangeKG>
      <AG>0.1</AG>
      <PERC>1.2473018647724243</PERC>
      <Alpha>0</Alpha>
      <UZL>81.553992317110414</UZL>
      <K0>0.13645992330700629</K0>
      <K1>0.049835009366626638</K1>
      <K2>0.010000006334574535</K2>
      <MAXBAS>1</MAXBAS>
      <Cet>0</Cet>
      <PCALT>10</PCALT>
      <TCALT>0.6</TCALT>
      <Pelev>3349</Pelev>
      <Telev>2921</Telev>
      <PART>0.5</PART>
      <DELAY>1</DELAY>
    </SubCatchmentParameters>
    <SubCatchmentVegetationZone>
      <SubCatchmentVegetationZoneParameters>
        <TT>-1.7119964202486748</TT>
        <CFMAX>4.4018236489245979</CFMAX>
        <SP>0</SP>
        <SFCF>1.4000376025228563</SFCF>
        <CFR>2.4719138412641461E-07</CFR>
        <CWH>0.10000056918617127</CWH>
        <CFGlacier>1</CFGlacier>
        <CFSlope>1</CFSlope>
        <FC>589.16871054115938</FC>
        <LP>0.92369118147257578</LP>
        <BETA>1.174139220302119</BETA>
      </SubCatchmentVegetationZoneParameters>
    </SubCatchmentVegetationZone>
  </SubCatchment>
</Catchment>