<?xml version="1.0" encoding="utf-8"?>
<Catchment xmlns:xsi="http://www.w3.org/2001/XMLSchema-instance" xmlns:xsd="http://www.w3.org/2001/XMLSchema">
  <CatchmentParameters>
    <KSI>0.001</KSI>
    <KGmin>0.05</KGmin>
    <RangeKG>0.1</RangeKG>
    <AG>0.1</AG>
    <PERC>1.6460542264351026</PERC>
    <Alpha>0</Alpha>
    <UZL>131.65819538658994</UZL>
    <K0>0.98999811934272008</K0>
    <K1>0.10010969624360826</K1>
    <K2>0.010033148700057511</K2>
    <MAXBAS>1</MAXBAS>
    <Cet>0</Cet>
    <PCALT>10</PCALT>
    <TCALT>0.6</TCALT>
    <Pelev>3349</Pelev>
    <Telev>2921</Telev>
    <PART>0.5</PART>
    <DELAY>1</DELAY>
  </CatchmentParameters>
  <VegetationZone>
    <VegetationZoneParameters>
      <TT>-2.1380130462684308</TT>
      <CFMAX>4.2196304367750432</CFMAX>
      <SP>0</SP>
      <SFCF>1.4615681647869716</SFCF>
      <CFR>0.0052175178453274258</CFR>
      <CWH>0.18432360952456028</CWH>
      <CFGlacier>1</CFGlacier>
      <CFSlope>1</CFSlope>
      <FC>819.97431921112423</FC>
      <LP>0.93545994195952975</LP>
      <BETA>1.2229516702239021</BETA>
    </VegetationZoneParameters>
  </VegetationZone>
  <SubCatchment>
    <SubCatchmentParameters>
      <KSI>0.001</KSI>
      <KGmin>0.05</KGmin>
      <RangeKG>0.1</RangeKG>
      <AG>0.1</AG>
      <PERC>1.6460542264351026</PERC>
      <Alpha>0</Alpha>
      <UZL>131.65819538658994</UZL>
      <K0>0.98999811934272008</K0>
      <K1>0.10010969624360826</K1>
      <K2>0.010033148700057511</K2>
      <MAXBAS>1</MAXBAS>
      <Cet>0</Cet>
      <PCALT>10</PCALT>
      <TCALT>0.6</TCALT>
      <Pelev>3349</Pelev>
      <Telev>2921</Telev>
      <PART>0.5</PART>
      <DELAY>1</DELAY>
    </SubCatchmentParameters>
    <SubCatchmentVegetationZone>
      <SubCatchmentVegetationZoneParameters>
        <TT>-2.1380130462684308</TT>
        <CFMAX>4.2196304367750432</CFMAX>
        <SP>0</SP>
        <SFCF>1.4615681647869716</SFCF>
        <CFR>0.0052175178453274258</CFR>
        <CWH>0.18432360952456028</CWH>
        <CFGlacier>1</CFGlacier>
        <CFSlope>1</CFSlope>
        <FC>819.97431921112423</FC>
        <LP>0.93545994195952975</LP>
        <BETA>1.2229516702239021</BETA>
      </SubCatchmentVegetationZoneParameters>
    </SubCatchmentVegetationZone>
  </SubCatchment>
</Catchment>