<?xml version="1.0" encoding="utf-8"?>
<Catchment xmlns:xsi="http://www.w3.org/2001/XMLSchema-instance" xmlns:xsd="http://www.w3.org/2001/XMLSchema">
  <CatchmentParameters>
    <KSI>0.001</KSI>
    <KGmin>0.05</KGmin>
    <RangeKG>0.1</RangeKG>
    <AG>0.1</AG>
    <PERC>1.398557223684469</PERC>
    <Alpha>0</Alpha>
    <UZL>76.655681740347831</UZL>
    <K0>0.14171651459776635</K0>
    <K1>0.058297891302079186</K1>
    <K2>0.010000001823330716</K2>
    <MAXBAS>1</MAXBAS>
    <Cet>0</Cet>
    <PCALT>10</PCALT>
    <TCALT>0.6</TCALT>
    <Pelev>3349</Pelev>
    <Telev>2921</Telev>
    <PART>0.5</PART>
    <DELAY>1</DELAY>
  </CatchmentParameters>
  <VegetationZone>
    <VegetationZoneParameters>
      <TT>-1.5699489096627546</TT>
      <CFMAX>4.3922554599900536</CFMAX>
      <SP>0</SP>
      <SFCF>1.3571846921309658</SFCF>
      <CFR>0.00020988467937206086</CFR>
      <CWH>0.10000049563598087</CWH>
      <CFGlacier>1</CFGlacier>
      <CFSlope>1</CFSlope>
      <FC>636.55470114317086</FC>
      <LP>0.96284881058667615</LP>
      <BETA>1.0017181970769982</BETA>
    </VegetationZoneParameters>
  </VegetationZone>
  <SubCatchment>
    <SubCatchmentParameters>
      <KSI>0.001</KSI>
      <KGmin>0.05</KGmin>
      <RangeKG>0.1</RangeKG>
      <AG>0.1</AG>
      <PERC>1.398557223684469</PERC>
      <Alpha>0</Alpha>
      <UZL>76.655681740347831</UZL>
      <K0>0.14171651459776635</K0>
      <K1>0.058297891302079186</K1>
      <K2>0.010000001823330716</K2>
      <MAXBAS>1</MAXBAS>
      <Cet>0</Cet>
      <PCALT>10</PCALT>
      <TCALT>0.6</TCALT>
      <Pelev>3349</Pelev>
      <Telev>2921</Telev>
      <PART>0.5</PART>
      <DELAY>1</DELAY>
    </SubCatchmentParameters>
    <SubCatchmentVegetationZone>
      <SubCatchmentVegetationZoneParameters>
        <TT>-1.5699489096627546</TT>
        <CFMAX>4.3922554599900536</CFMAX>
        <SP>0</SP>
        <SFCF>1.3571846921309658</SFCF>
        <CFR>0.00020988467937206086</CFR>
        <CWH>0.10000049563598087</CWH>
        <CFGlacier>1</CFGlacier>
        <CFSlope>1</CFSlope>
        <FC>636.55470114317086</FC>
        <LP>0.96284881058667615</LP>
        <BETA>1.0017181970769982</BETA>
      </SubCatchmentVegetationZoneParameters>
    </SubCatchmentVegetationZone>
  </SubCatchment>
</Catchment>