<?xml version="1.0" encoding="utf-8"?>
<Catchment xmlns:xsi="http://www.w3.org/2001/XMLSchema-instance" xmlns:xsd="http://www.w3.org/2001/XMLSchema">
  <CatchmentParameters>
    <KSI>0.001</KSI>
    <KGmin>0.05</KGmin>
    <RangeKG>0.1</RangeKG>
    <AG>0.1</AG>
    <PERC>6.2294222720267731</PERC>
    <Alpha>0</Alpha>
    <UZL>137.02689291743775</UZL>
    <K0>0.43903601584472579</K0>
    <K1>0.17589834911910851</K1>
    <K2>0.046220165081012204</K2>
    <MAXBAS>1.0001578351223568</MAXBAS>
    <Cet>0</Cet>
    <PCALT>10</PCALT>
    <TCALT>0.6</TCALT>
    <Pelev>3349</Pelev>
    <Telev>2921</Telev>
    <PART>0.5</PART>
    <DELAY>1</DELAY>
  </CatchmentParameters>
  <VegetationZone>
    <VegetationZoneParameters>
      <TT>-1.0269386567968932</TT>
      <CFMAX>4.3825701031370778</CFMAX>
      <SP>0</SP>
      <SFCF>1.109484269814307</SFCF>
      <CFR>0.023452187827909435</CFR>
      <CWH>0.19999344320236279</CWH>
      <CFGlacier>1</CFGlacier>
      <CFSlope>1</CFSlope>
      <FC>283.62674418714465</FC>
      <LP>0.99999717098943408</LP>
      <BETA>1.1074514415513723</BETA>
    </VegetationZoneParameters>
  </VegetationZone>
  <SubCatchment>
    <SubCatchmentParameters>
      <KSI>0.001</KSI>
      <KGmin>0.05</KGmin>
      <RangeKG>0.1</RangeKG>
      <AG>0.1</AG>
      <PERC>6.2294222720267731</PERC>
      <Alpha>0</Alpha>
      <UZL>137.02689291743775</UZL>
      <K0>0.43903601584472579</K0>
      <K1>0.17589834911910851</K1>
      <K2>0.046220165081012204</K2>
      <MAXBAS>1.0001578351223568</MAXBAS>
      <Cet>0</Cet>
      <PCALT>10</PCALT>
      <TCALT>0.6</TCALT>
      <Pelev>3349</Pelev>
      <Telev>2921</Telev>
      <PART>0.5</PART>
      <DELAY>1</DELAY>
    </SubCatchmentParameters>
    <SubCatchmentVegetationZone>
      <SubCatchmentVegetationZoneParameters>
        <TT>-1.0269386567968932</TT>
        <CFMAX>4.3825701031370778</CFMAX>
        <SP>0</SP>
        <SFCF>1.109484269814307</SFCF>
        <CFR>0.023452187827909435</CFR>
        <CWH>0.19999344320236279</CWH>
        <CFGlacier>1</CFGlacier>
        <CFSlope>1</CFSlope>
        <FC>283.62674418714465</FC>
        <LP>0.99999717098943408</LP>
        <BETA>1.1074514415513723</BETA>
      </SubCatchmentVegetationZoneParameters>
    </SubCatchmentVegetationZone>
  </SubCatchment>
</Catchment>