<?xml version="1.0" encoding="utf-8"?>
<Catchment xmlns:xsi="http://www.w3.org/2001/XMLSchema-instance" xmlns:xsd="http://www.w3.org/2001/XMLSchema">
  <CatchmentParameters>
    <KSI>0.001</KSI>
    <KGmin>0.05</KGmin>
    <RangeKG>0.1</RangeKG>
    <AG>0.1</AG>
    <PERC>6.265361553779071</PERC>
    <Alpha>0</Alpha>
    <UZL>131.20957199506958</UZL>
    <K0>0.12235470112442712</K0>
    <K1>0.18669285839772107</K1>
    <K2>0.047371006524754511</K2>
    <MAXBAS>1.0000226638911172</MAXBAS>
    <Cet>0</Cet>
    <PCALT>10</PCALT>
    <TCALT>0.6</TCALT>
    <Pelev>3349</Pelev>
    <Telev>2921</Telev>
    <PART>0.5</PART>
    <DELAY>1</DELAY>
  </CatchmentParameters>
  <VegetationZone>
    <VegetationZoneParameters>
      <TT>-1.2378722309228227</TT>
      <CFMAX>4.2487298926249784</CFMAX>
      <SP>0</SP>
      <SFCF>1.1422195327541509</SFCF>
      <CFR>0.025778813641098613</CFR>
      <CWH>0.1999743857969507</CWH>
      <CFGlacier>1</CFGlacier>
      <CFSlope>1</CFSlope>
      <FC>324.38999425026378</FC>
      <LP>0.99999649826479042</LP>
      <BETA>1.2084193623213739</BETA>
    </VegetationZoneParameters>
  </VegetationZone>
  <SubCatchment>
    <SubCatchmentParameters>
      <KSI>0.001</KSI>
      <KGmin>0.05</KGmin>
      <RangeKG>0.1</RangeKG>
      <AG>0.1</AG>
      <PERC>6.265361553779071</PERC>
      <Alpha>0</Alpha>
      <UZL>131.20957199506958</UZL>
      <K0>0.12235470112442712</K0>
      <K1>0.18669285839772107</K1>
      <K2>0.047371006524754511</K2>
      <MAXBAS>1.0000226638911172</MAXBAS>
      <Cet>0</Cet>
      <PCALT>10</PCALT>
      <TCALT>0.6</TCALT>
      <Pelev>3349</Pelev>
      <Telev>2921</Telev>
      <PART>0.5</PART>
      <DELAY>1</DELAY>
    </SubCatchmentParameters>
    <SubCatchmentVegetationZone>
      <SubCatchmentVegetationZoneParameters>
        <TT>-1.2378722309228227</TT>
        <CFMAX>4.2487298926249784</CFMAX>
        <SP>0</SP>
        <SFCF>1.1422195327541509</SFCF>
        <CFR>0.025778813641098613</CFR>
        <CWH>0.1999743857969507</CWH>
        <CFGlacier>1</CFGlacier>
        <CFSlope>1</CFSlope>
        <FC>324.38999425026378</FC>
        <LP>0.99999649826479042</LP>
        <BETA>1.2084193623213739</BETA>
      </SubCatchmentVegetationZoneParameters>
    </SubCatchmentVegetationZone>
  </SubCatchment>
</Catchment>