<?xml version="1.0" encoding="utf-8"?>
<Catchment xmlns:xsi="http://www.w3.org/2001/XMLSchema-instance" xmlns:xsd="http://www.w3.org/2001/XMLSchema">
  <CatchmentParameters>
    <KSI>0.001</KSI>
    <KGmin>0.05</KGmin>
    <RangeKG>0.1</RangeKG>
    <AG>0.1</AG>
    <PERC>6.72705936293124</PERC>
    <Alpha>0</Alpha>
    <UZL>90.230181218742388</UZL>
    <K0>0.050052032168775948</K0>
    <K1>0.20756275226793852</K1>
    <K2>0.057169332799483268</K2>
    <MAXBAS>1.0000001928853735</MAXBAS>
    <Cet>0</Cet>
    <PCALT>10</PCALT>
    <TCALT>0.6</TCALT>
    <Pelev>3349</Pelev>
    <Telev>2921</Telev>
    <PART>0.5</PART>
    <DELAY>1</DELAY>
  </CatchmentParameters>
  <VegetationZone>
    <VegetationZoneParameters>
      <TT>-0.42895801144873513</TT>
      <CFMAX>4.0412929723342215</CFMAX>
      <SP>0</SP>
      <SFCF>0.97091542544495446</SFCF>
      <CFR>0.030215167136401769</CFR>
      <CWH>0.16601662351346649</CWH>
      <CFGlacier>1</CFGlacier>
      <CFSlope>1</CFSlope>
      <FC>172.75459272225959</FC>
      <LP>0.999995386476241</LP>
      <BETA>1.0000040126341898</BETA>
    </VegetationZoneParameters>
  </VegetationZone>
  <SubCatchment>
    <SubCatchmentParameters>
      <KSI>0.001</KSI>
      <KGmin>0.05</KGmin>
      <RangeKG>0.1</RangeKG>
      <AG>0.1</AG>
      <PERC>6.72705936293124</PERC>
      <Alpha>0</Alpha>
      <UZL>90.230181218742388</UZL>
      <K0>0.050052032168775948</K0>
      <K1>0.20756275226793852</K1>
      <K2>0.057169332799483268</K2>
      <MAXBAS>1.0000001928853735</MAXBAS>
      <Cet>0</Cet>
      <PCALT>10</PCALT>
      <TCALT>0.6</TCALT>
      <Pelev>3349</Pelev>
      <Telev>2921</Telev>
      <PART>0.5</PART>
      <DELAY>1</DELAY>
    </SubCatchmentParameters>
    <SubCatchmentVegetationZone>
      <SubCatchmentVegetationZoneParameters>
        <TT>-0.42895801144873513</TT>
        <CFMAX>4.0412929723342215</CFMAX>
        <SP>0</SP>
        <SFCF>0.97091542544495446</SFCF>
        <CFR>0.030215167136401769</CFR>
        <CWH>0.16601662351346649</CWH>
        <CFGlacier>1</CFGlacier>
        <CFSlope>1</CFSlope>
        <FC>172.75459272225959</FC>
        <LP>0.999995386476241</LP>
        <BETA>1.0000040126341898</BETA>
      </SubCatchmentVegetationZoneParameters>
    </SubCatchmentVegetationZone>
  </SubCatchment>
</Catchment>