<?xml version="1.0" encoding="utf-8"?>
<Catchment xmlns:xsi="http://www.w3.org/2001/XMLSchema-instance" xmlns:xsd="http://www.w3.org/2001/XMLSchema">
  <CatchmentParameters>
    <KSI>0.001</KSI>
    <KGmin>0.05</KGmin>
    <RangeKG>0.1</RangeKG>
    <AG>0.1</AG>
    <PERC>1.9774365699072676</PERC>
    <Alpha>0</Alpha>
    <UZL>87.1310925157653</UZL>
    <K0>0.15197497120187709</K0>
    <K1>0.050307498788492673</K1>
    <K2>0.010000002933482407</K2>
    <MAXBAS>1</MAXBAS>
    <Cet>0</Cet>
    <PCALT>10</PCALT>
    <TCALT>0.6</TCALT>
    <Pelev>3349</Pelev>
    <Telev>2921</Telev>
    <PART>0.5</PART>
    <DELAY>1</DELAY>
  </CatchmentParameters>
  <VegetationZone>
    <VegetationZoneParameters>
      <TT>-1.8380258181308748</TT>
      <CFMAX>3.1678944529016646</CFMAX>
      <SP>0</SP>
      <SFCF>1.0415438558369996</SFCF>
      <CFR>0.0379935119772896</CFR>
      <CWH>0.19998976050860645</CWH>
      <CFGlacier>1</CFGlacier>
      <CFSlope>1</CFSlope>
      <FC>82.234139801100227</FC>
      <LP>0.844046777293316</LP>
      <BETA>1.2977555399761906</BETA>
    </VegetationZoneParameters>
  </VegetationZone>
  <SubCatchment>
    <SubCatchmentParameters>
      <KSI>0.001</KSI>
      <KGmin>0.05</KGmin>
      <RangeKG>0.1</RangeKG>
      <AG>0.1</AG>
      <PERC>1.9774365699072676</PERC>
      <Alpha>0</Alpha>
      <UZL>87.1310925157653</UZL>
      <K0>0.15197497120187709</K0>
      <K1>0.050307498788492673</K1>
      <K2>0.010000002933482407</K2>
      <MAXBAS>1</MAXBAS>
      <Cet>0</Cet>
      <PCALT>10</PCALT>
      <TCALT>0.6</TCALT>
      <Pelev>3349</Pelev>
      <Telev>2921</Telev>
      <PART>0.5</PART>
      <DELAY>1</DELAY>
    </SubCatchmentParameters>
    <SubCatchmentVegetationZone>
      <SubCatchmentVegetationZoneParameters>
        <TT>-1.8380258181308748</TT>
        <CFMAX>3.1678944529016646</CFMAX>
        <SP>0</SP>
        <SFCF>1.0415438558369996</SFCF>
        <CFR>0.0379935119772896</CFR>
        <CWH>0.19998976050860645</CWH>
        <CFGlacier>1</CFGlacier>
        <CFSlope>1</CFSlope>
        <FC>82.234139801100227</FC>
        <LP>0.844046777293316</LP>
        <BETA>1.2977555399761906</BETA>
      </SubCatchmentVegetationZoneParameters>
    </SubCatchmentVegetationZone>
  </SubCatchment>
</Catchment>