<?xml version="1.0" encoding="utf-8"?>
<Catchment xmlns:xsi="http://www.w3.org/2001/XMLSchema-instance" xmlns:xsd="http://www.w3.org/2001/XMLSchema">
  <CatchmentParameters>
    <KSI>0.001</KSI>
    <KGmin>0.05</KGmin>
    <RangeKG>0.1</RangeKG>
    <AG>0.1</AG>
    <PERC>5.2988937022583285</PERC>
    <Alpha>0</Alpha>
    <UZL>119.77295694018783</UZL>
    <K0>0.10572626743748917</K0>
    <K1>0.16591205797450234</K1>
    <K2>0.040154329272348341</K2>
    <MAXBAS>1.0002296901988892</MAXBAS>
    <Cet>0</Cet>
    <PCALT>10</PCALT>
    <TCALT>0.6</TCALT>
    <Pelev>3349</Pelev>
    <Telev>2921</Telev>
    <PART>0.5</PART>
    <DELAY>1</DELAY>
  </CatchmentParameters>
  <VegetationZone>
    <VegetationZoneParameters>
      <TT>-1.1280113523475934</TT>
      <CFMAX>4.279291045938443</CFMAX>
      <SP>0</SP>
      <SFCF>1.1229533475415876</SFCF>
      <CFR>0.024716077220915508</CFR>
      <CWH>0.19999012482656131</CWH>
      <CFGlacier>1</CFGlacier>
      <CFSlope>1</CFSlope>
      <FC>284.0632308734518</FC>
      <LP>0.99998984581632167</LP>
      <BETA>1.1895834359350659</BETA>
    </VegetationZoneParameters>
  </VegetationZone>
  <SubCatchment>
    <SubCatchmentParameters>
      <KSI>0.001</KSI>
      <KGmin>0.05</KGmin>
      <RangeKG>0.1</RangeKG>
      <AG>0.1</AG>
      <PERC>5.2988937022583285</PERC>
      <Alpha>0</Alpha>
      <UZL>119.77295694018783</UZL>
      <K0>0.10572626743748917</K0>
      <K1>0.16591205797450234</K1>
      <K2>0.040154329272348341</K2>
      <MAXBAS>1.0002296901988892</MAXBAS>
      <Cet>0</Cet>
      <PCALT>10</PCALT>
      <TCALT>0.6</TCALT>
      <Pelev>3349</Pelev>
      <Telev>2921</Telev>
      <PART>0.5</PART>
      <DELAY>1</DELAY>
    </SubCatchmentParameters>
    <SubCatchmentVegetationZone>
      <SubCatchmentVegetationZoneParameters>
        <TT>-1.1280113523475934</TT>
        <CFMAX>4.279291045938443</CFMAX>
        <SP>0</SP>
        <SFCF>1.1229533475415876</SFCF>
        <CFR>0.024716077220915508</CFR>
        <CWH>0.19999012482656131</CWH>
        <CFGlacier>1</CFGlacier>
        <CFSlope>1</CFSlope>
        <FC>284.0632308734518</FC>
        <LP>0.99998984581632167</LP>
        <BETA>1.1895834359350659</BETA>
      </SubCatchmentVegetationZoneParameters>
    </SubCatchmentVegetationZone>
  </SubCatchment>
</Catchment>