<?xml version="1.0" encoding="utf-8"?>
<Catchment xmlns:xsi="http://www.w3.org/2001/XMLSchema-instance" xmlns:xsd="http://www.w3.org/2001/XMLSchema">
  <CatchmentParameters>
    <KSI>0.001</KSI>
    <KGmin>0.05</KGmin>
    <RangeKG>0.1</RangeKG>
    <AG>0.1</AG>
    <PERC>1.7644519650377861</PERC>
    <Alpha>0</Alpha>
    <UZL>94.092976775291362</UZL>
    <K0>0.15633572324613695</K0>
    <K1>0.0483224133770672</K1>
    <K2>0.010000000395547376</K2>
    <MAXBAS>1</MAXBAS>
    <Cet>0</Cet>
    <PCALT>10</PCALT>
    <TCALT>0.6</TCALT>
    <Pelev>3349</Pelev>
    <Telev>2921</Telev>
    <PART>0.5</PART>
    <DELAY>1</DELAY>
  </CatchmentParameters>
  <VegetationZone>
    <VegetationZoneParameters>
      <TT>-2.2700047876350711</TT>
      <CFMAX>3.2108077664486196</CFMAX>
      <SP>0</SP>
      <SFCF>1.1875517976017225</SFCF>
      <CFR>0.0142469002770898</CFR>
      <CWH>0.17502344628381203</CWH>
      <CFGlacier>1</CFGlacier>
      <CFSlope>1</CFSlope>
      <FC>184.52157802264048</FC>
      <LP>0.80955680875062253</LP>
      <BETA>1.3452159465395488</BETA>
    </VegetationZoneParameters>
  </VegetationZone>
  <SubCatchment>
    <SubCatchmentParameters>
      <KSI>0.001</KSI>
      <KGmin>0.05</KGmin>
      <RangeKG>0.1</RangeKG>
      <AG>0.1</AG>
      <PERC>1.7644519650377861</PERC>
      <Alpha>0</Alpha>
      <UZL>94.092976775291362</UZL>
      <K0>0.15633572324613695</K0>
      <K1>0.0483224133770672</K1>
      <K2>0.010000000395547376</K2>
      <MAXBAS>1</MAXBAS>
      <Cet>0</Cet>
      <PCALT>10</PCALT>
      <TCALT>0.6</TCALT>
      <Pelev>3349</Pelev>
      <Telev>2921</Telev>
      <PART>0.5</PART>
      <DELAY>1</DELAY>
    </SubCatchmentParameters>
    <SubCatchmentVegetationZone>
      <SubCatchmentVegetationZoneParameters>
        <TT>-2.2700047876350711</TT>
        <CFMAX>3.2108077664486196</CFMAX>
        <SP>0</SP>
        <SFCF>1.1875517976017225</SFCF>
        <CFR>0.0142469002770898</CFR>
        <CWH>0.17502344628381203</CWH>
        <CFGlacier>1</CFGlacier>
        <CFSlope>1</CFSlope>
        <FC>184.52157802264048</FC>
        <LP>0.80955680875062253</LP>
        <BETA>1.3452159465395488</BETA>
      </SubCatchmentVegetationZoneParameters>
    </SubCatchmentVegetationZone>
  </SubCatchment>
</Catchment>