<?xml version="1.0" encoding="utf-8"?>
<Catchment xmlns:xsi="http://www.w3.org/2001/XMLSchema-instance" xmlns:xsd="http://www.w3.org/2001/XMLSchema">
  <CatchmentParameters>
    <KSI>0.001</KSI>
    <KGmin>0.05</KGmin>
    <RangeKG>0.1</RangeKG>
    <AG>0.1</AG>
    <PERC>6.2837997971358286</PERC>
    <Alpha>0</Alpha>
    <UZL>65.700787932885348</UZL>
    <K0>0.51913579668153431</K0>
    <K1>0.18137439230145236</K1>
    <K2>0.048899453013538888</K2>
    <MAXBAS>1.0001757539565828</MAXBAS>
    <Cet>0</Cet>
    <PCALT>10</PCALT>
    <TCALT>0.6</TCALT>
    <Pelev>3349</Pelev>
    <Telev>2921</Telev>
    <PART>0.5</PART>
    <DELAY>1</DELAY>
  </CatchmentParameters>
  <VegetationZone>
    <VegetationZoneParameters>
      <TT>-0.88504276999112108</TT>
      <CFMAX>4.0555016225268039</CFMAX>
      <SP>0</SP>
      <SFCF>1.02916422849836</SFCF>
      <CFR>0.023031446593416091</CFR>
      <CWH>0.19999831676115137</CWH>
      <CFGlacier>1</CFGlacier>
      <CFSlope>1</CFSlope>
      <FC>201.48421804727298</FC>
      <LP>0.99999599880050927</LP>
      <BETA>1.0000234150553342</BETA>
    </VegetationZoneParameters>
  </VegetationZone>
  <SubCatchment>
    <SubCatchmentParameters>
      <KSI>0.001</KSI>
      <KGmin>0.05</KGmin>
      <RangeKG>0.1</RangeKG>
      <AG>0.1</AG>
      <PERC>6.2837997971358286</PERC>
      <Alpha>0</Alpha>
      <UZL>65.700787932885348</UZL>
      <K0>0.51913579668153431</K0>
      <K1>0.18137439230145236</K1>
      <K2>0.048899453013538888</K2>
      <MAXBAS>1.0001757539565828</MAXBAS>
      <Cet>0</Cet>
      <PCALT>10</PCALT>
      <TCALT>0.6</TCALT>
      <Pelev>3349</Pelev>
      <Telev>2921</Telev>
      <PART>0.5</PART>
      <DELAY>1</DELAY>
    </SubCatchmentParameters>
    <SubCatchmentVegetationZone>
      <SubCatchmentVegetationZoneParameters>
        <TT>-0.88504276999112108</TT>
        <CFMAX>4.0555016225268039</CFMAX>
        <SP>0</SP>
        <SFCF>1.02916422849836</SFCF>
        <CFR>0.023031446593416091</CFR>
        <CWH>0.19999831676115137</CWH>
        <CFGlacier>1</CFGlacier>
        <CFSlope>1</CFSlope>
        <FC>201.48421804727298</FC>
        <LP>0.99999599880050927</LP>
        <BETA>1.0000234150553342</BETA>
      </SubCatchmentVegetationZoneParameters>
    </SubCatchmentVegetationZone>
  </SubCatchment>
</Catchment>