<?xml version="1.0" encoding="utf-8"?>
<Catchment xmlns:xsi="http://www.w3.org/2001/XMLSchema-instance" xmlns:xsd="http://www.w3.org/2001/XMLSchema">
  <CatchmentParameters>
    <KSI>0.001</KSI>
    <KGmin>0.05</KGmin>
    <RangeKG>0.1</RangeKG>
    <AG>0.1</AG>
    <PERC>5.3418802993165144</PERC>
    <Alpha>0</Alpha>
    <UZL>79.0736083733305</UZL>
    <K0>0.2540377321466139</K0>
    <K1>0.16979636246708768</K1>
    <K2>0.042511097957347983</K2>
    <MAXBAS>1.00013026198907</MAXBAS>
    <Cet>0</Cet>
    <PCALT>10</PCALT>
    <TCALT>0.6</TCALT>
    <Pelev>3349</Pelev>
    <Telev>2921</Telev>
    <PART>0.5</PART>
    <DELAY>1</DELAY>
  </CatchmentParameters>
  <VegetationZone>
    <VegetationZoneParameters>
      <TT>-0.12801875481578354</TT>
      <CFMAX>4.5412014412334782</CFMAX>
      <SP>0</SP>
      <SFCF>0.98390745398810886</SFCF>
      <CFR>0.009906413150022669</CFR>
      <CWH>0.16066283178317434</CWH>
      <CFGlacier>1</CFGlacier>
      <CFSlope>1</CFSlope>
      <FC>174.87934526279329</FC>
      <LP>0.9999910791286567</LP>
      <BETA>1.000002165980566</BETA>
    </VegetationZoneParameters>
  </VegetationZone>
  <SubCatchment>
    <SubCatchmentParameters>
      <KSI>0.001</KSI>
      <KGmin>0.05</KGmin>
      <RangeKG>0.1</RangeKG>
      <AG>0.1</AG>
      <PERC>5.3418802993165144</PERC>
      <Alpha>0</Alpha>
      <UZL>79.0736083733305</UZL>
      <K0>0.2540377321466139</K0>
      <K1>0.16979636246708768</K1>
      <K2>0.042511097957347983</K2>
      <MAXBAS>1.00013026198907</MAXBAS>
      <Cet>0</Cet>
      <PCALT>10</PCALT>
      <TCALT>0.6</TCALT>
      <Pelev>3349</Pelev>
      <Telev>2921</Telev>
      <PART>0.5</PART>
      <DELAY>1</DELAY>
    </SubCatchmentParameters>
    <SubCatchmentVegetationZone>
      <SubCatchmentVegetationZoneParameters>
        <TT>-0.12801875481578354</TT>
        <CFMAX>4.5412014412334782</CFMAX>
        <SP>0</SP>
        <SFCF>0.98390745398810886</SFCF>
        <CFR>0.009906413150022669</CFR>
        <CWH>0.16066283178317434</CWH>
        <CFGlacier>1</CFGlacier>
        <CFSlope>1</CFSlope>
        <FC>174.87934526279329</FC>
        <LP>0.9999910791286567</LP>
        <BETA>1.000002165980566</BETA>
      </SubCatchmentVegetationZoneParameters>
    </SubCatchmentVegetationZone>
  </SubCatchment>
</Catchment>