<?xml version="1.0" encoding="utf-8"?>
<Catchment xmlns:xsi="http://www.w3.org/2001/XMLSchema-instance" xmlns:xsd="http://www.w3.org/2001/XMLSchema">
  <CatchmentParameters>
    <KSI>0.001</KSI>
    <KGmin>0.05</KGmin>
    <RangeKG>0.1</RangeKG>
    <AG>0.1</AG>
    <PERC>6.4465459029651262</PERC>
    <Alpha>0</Alpha>
    <UZL>73.579120217592276</UZL>
    <K0>0.32585014217244307</K0>
    <K1>0.18001108963386703</K1>
    <K2>0.051994390222096704</K2>
    <MAXBAS>1.0000268641387355</MAXBAS>
    <Cet>0</Cet>
    <PCALT>10</PCALT>
    <TCALT>0.6</TCALT>
    <Pelev>3349</Pelev>
    <Telev>2921</Telev>
    <PART>0.5</PART>
    <DELAY>1</DELAY>
  </CatchmentParameters>
  <VegetationZone>
    <VegetationZoneParameters>
      <TT>-0.92799724037206588</TT>
      <CFMAX>4.4729926814390009</CFMAX>
      <SP>0</SP>
      <SFCF>1.1093891552192368</SFCF>
      <CFR>0.021940127382121408</CFR>
      <CWH>0.19998766479292046</CWH>
      <CFGlacier>1</CFGlacier>
      <CFSlope>1</CFSlope>
      <FC>313.09686956069413</FC>
      <LP>0.99999708222178374</LP>
      <BETA>1.0167761292867874</BETA>
    </VegetationZoneParameters>
  </VegetationZone>
  <SubCatchment>
    <SubCatchmentParameters>
      <KSI>0.001</KSI>
      <KGmin>0.05</KGmin>
      <RangeKG>0.1</RangeKG>
      <AG>0.1</AG>
      <PERC>6.4465459029651262</PERC>
      <Alpha>0</Alpha>
      <UZL>73.579120217592276</UZL>
      <K0>0.32585014217244307</K0>
      <K1>0.18001108963386703</K1>
      <K2>0.051994390222096704</K2>
      <MAXBAS>1.0000268641387355</MAXBAS>
      <Cet>0</Cet>
      <PCALT>10</PCALT>
      <TCALT>0.6</TCALT>
      <Pelev>3349</Pelev>
      <Telev>2921</Telev>
      <PART>0.5</PART>
      <DELAY>1</DELAY>
    </SubCatchmentParameters>
    <SubCatchmentVegetationZone>
      <SubCatchmentVegetationZoneParameters>
        <TT>-0.92799724037206588</TT>
        <CFMAX>4.4729926814390009</CFMAX>
        <SP>0</SP>
        <SFCF>1.1093891552192368</SFCF>
        <CFR>0.021940127382121408</CFR>
        <CWH>0.19998766479292046</CWH>
        <CFGlacier>1</CFGlacier>
        <CFSlope>1</CFSlope>
        <FC>313.09686956069413</FC>
        <LP>0.99999708222178374</LP>
        <BETA>1.0167761292867874</BETA>
      </SubCatchmentVegetationZoneParameters>
    </SubCatchmentVegetationZone>
  </SubCatchment>
</Catchment>