<?xml version="1.0" encoding="utf-8"?>
<Catchment xmlns:xsi="http://www.w3.org/2001/XMLSchema-instance" xmlns:xsd="http://www.w3.org/2001/XMLSchema">
  <CatchmentParameters>
    <KSI>0.001</KSI>
    <KGmin>0.05</KGmin>
    <RangeKG>0.1</RangeKG>
    <AG>0.1</AG>
    <PERC>6.4025625692610415</PERC>
    <Alpha>0</Alpha>
    <UZL>82.931738218097</UZL>
    <K0>0.22456158304714641</K0>
    <K1>0.19008305192202341</K1>
    <K2>0.051425222146928254</K2>
    <MAXBAS>1.000100814535954</MAXBAS>
    <Cet>0</Cet>
    <PCALT>10</PCALT>
    <TCALT>0.6</TCALT>
    <Pelev>3349</Pelev>
    <Telev>2921</Telev>
    <PART>0.5</PART>
    <DELAY>1</DELAY>
  </CatchmentParameters>
  <VegetationZone>
    <VegetationZoneParameters>
      <TT>-1.4700062404942969</TT>
      <CFMAX>4.3860394642763669</CFMAX>
      <SP>0</SP>
      <SFCF>1.28140694187587</SFCF>
      <CFR>0.00040861863262542483</CFR>
      <CWH>0.19999959811907872</CWH>
      <CFGlacier>1</CFGlacier>
      <CFSlope>1</CFSlope>
      <FC>538.12473383812039</FC>
      <LP>0.99999718106793589</LP>
      <BETA>1.4979354213461367</BETA>
    </VegetationZoneParameters>
  </VegetationZone>
  <SubCatchment>
    <SubCatchmentParameters>
      <KSI>0.001</KSI>
      <KGmin>0.05</KGmin>
      <RangeKG>0.1</RangeKG>
      <AG>0.1</AG>
      <PERC>6.4025625692610415</PERC>
      <Alpha>0</Alpha>
      <UZL>82.931738218097</UZL>
      <K0>0.22456158304714641</K0>
      <K1>0.19008305192202341</K1>
      <K2>0.051425222146928254</K2>
      <MAXBAS>1.000100814535954</MAXBAS>
      <Cet>0</Cet>
      <PCALT>10</PCALT>
      <TCALT>0.6</TCALT>
      <Pelev>3349</Pelev>
      <Telev>2921</Telev>
      <PART>0.5</PART>
      <DELAY>1</DELAY>
    </SubCatchmentParameters>
    <SubCatchmentVegetationZone>
      <SubCatchmentVegetationZoneParameters>
        <TT>-1.4700062404942969</TT>
        <CFMAX>4.3860394642763669</CFMAX>
        <SP>0</SP>
        <SFCF>1.28140694187587</SFCF>
        <CFR>0.00040861863262542483</CFR>
        <CWH>0.19999959811907872</CWH>
        <CFGlacier>1</CFGlacier>
        <CFSlope>1</CFSlope>
        <FC>538.12473383812039</FC>
        <LP>0.99999718106793589</LP>
        <BETA>1.4979354213461367</BETA>
      </SubCatchmentVegetationZoneParameters>
    </SubCatchmentVegetationZone>
  </SubCatchment>
</Catchment>