<?xml version="1.0" encoding="utf-8"?>
<Catchment xmlns:xsi="http://www.w3.org/2001/XMLSchema-instance" xmlns:xsd="http://www.w3.org/2001/XMLSchema">
  <CatchmentParameters>
    <KSI>0.001</KSI>
    <KGmin>0.05</KGmin>
    <RangeKG>0.1</RangeKG>
    <AG>0.1</AG>
    <PERC>5.9459748164625958</PERC>
    <Alpha>0</Alpha>
    <UZL>139.17604593109007</UZL>
    <K0>0.43629903261273173</K0>
    <K1>0.18197090884367687</K1>
    <K2>0.042779222069330561</K2>
    <MAXBAS>1.0000014174227425</MAXBAS>
    <Cet>0</Cet>
    <PCALT>10</PCALT>
    <TCALT>0.6</TCALT>
    <Pelev>3349</Pelev>
    <Telev>2921</Telev>
    <PART>0.5</PART>
    <DELAY>1</DELAY>
  </CatchmentParameters>
  <VegetationZone>
    <VegetationZoneParameters>
      <TT>-1.5168028072905537</TT>
      <CFMAX>3.9913003497115165</CFMAX>
      <SP>0</SP>
      <SFCF>1.1624082027244158</SFCF>
      <CFR>0.029570704449438705</CFR>
      <CWH>0.19999909751464398</CWH>
      <CFGlacier>1</CFGlacier>
      <CFSlope>1</CFSlope>
      <FC>329.14970171505195</FC>
      <LP>0.9999930385487581</LP>
      <BETA>1.4885950684271152</BETA>
    </VegetationZoneParameters>
  </VegetationZone>
  <SubCatchment>
    <SubCatchmentParameters>
      <KSI>0.001</KSI>
      <KGmin>0.05</KGmin>
      <RangeKG>0.1</RangeKG>
      <AG>0.1</AG>
      <PERC>5.9459748164625958</PERC>
      <Alpha>0</Alpha>
      <UZL>139.17604593109007</UZL>
      <K0>0.43629903261273173</K0>
      <K1>0.18197090884367687</K1>
      <K2>0.042779222069330561</K2>
      <MAXBAS>1.0000014174227425</MAXBAS>
      <Cet>0</Cet>
      <PCALT>10</PCALT>
      <TCALT>0.6</TCALT>
      <Pelev>3349</Pelev>
      <Telev>2921</Telev>
      <PART>0.5</PART>
      <DELAY>1</DELAY>
    </SubCatchmentParameters>
    <SubCatchmentVegetationZone>
      <SubCatchmentVegetationZoneParameters>
        <TT>-1.5168028072905537</TT>
        <CFMAX>3.9913003497115165</CFMAX>
        <SP>0</SP>
        <SFCF>1.1624082027244158</SFCF>
        <CFR>0.029570704449438705</CFR>
        <CWH>0.19999909751464398</CWH>
        <CFGlacier>1</CFGlacier>
        <CFSlope>1</CFSlope>
        <FC>329.14970171505195</FC>
        <LP>0.9999930385487581</LP>
        <BETA>1.4885950684271152</BETA>
      </SubCatchmentVegetationZoneParameters>
    </SubCatchmentVegetationZone>
  </SubCatchment>
</Catchment>