<?xml version="1.0" encoding="utf-8"?>
<Catchment xmlns:xsi="http://www.w3.org/2001/XMLSchema-instance" xmlns:xsd="http://www.w3.org/2001/XMLSchema">
  <CatchmentParameters>
    <KSI>0.001</KSI>
    <KGmin>0.05</KGmin>
    <RangeKG>0.1</RangeKG>
    <AG>0.1</AG>
    <PERC>6.3715052070009559</PERC>
    <Alpha>0</Alpha>
    <UZL>76.371364199171467</UZL>
    <K0>0.16145652023366558</K0>
    <K1>0.17525466364850567</K1>
    <K2>0.044281278624264828</K2>
    <MAXBAS>1.0001029072298786</MAXBAS>
    <Cet>0</Cet>
    <PCALT>10</PCALT>
    <TCALT>0.6</TCALT>
    <Pelev>3349</Pelev>
    <Telev>2921</Telev>
    <PART>0.5</PART>
    <DELAY>1</DELAY>
  </CatchmentParameters>
  <VegetationZone>
    <VegetationZoneParameters>
      <TT>-1.1280296657351667</TT>
      <CFMAX>4.395620677793219</CFMAX>
      <SP>0</SP>
      <SFCF>1.1382418971003905</SFCF>
      <CFR>0.024598401240825969</CFR>
      <CWH>0.199997135459194</CWH>
      <CFGlacier>1</CFGlacier>
      <CFSlope>1</CFSlope>
      <FC>293.39766190475308</FC>
      <LP>0.999987334199566</LP>
      <BETA>1.2037657221078058</BETA>
    </VegetationZoneParameters>
  </VegetationZone>
  <SubCatchment>
    <SubCatchmentParameters>
      <KSI>0.001</KSI>
      <KGmin>0.05</KGmin>
      <RangeKG>0.1</RangeKG>
      <AG>0.1</AG>
      <PERC>6.3715052070009559</PERC>
      <Alpha>0</Alpha>
      <UZL>76.371364199171467</UZL>
      <K0>0.16145652023366558</K0>
      <K1>0.17525466364850567</K1>
      <K2>0.044281278624264828</K2>
      <MAXBAS>1.0001029072298786</MAXBAS>
      <Cet>0</Cet>
      <PCALT>10</PCALT>
      <TCALT>0.6</TCALT>
      <Pelev>3349</Pelev>
      <Telev>2921</Telev>
      <PART>0.5</PART>
      <DELAY>1</DELAY>
    </SubCatchmentParameters>
    <SubCatchmentVegetationZone>
      <SubCatchmentVegetationZoneParameters>
        <TT>-1.1280296657351667</TT>
        <CFMAX>4.395620677793219</CFMAX>
        <SP>0</SP>
        <SFCF>1.1382418971003905</SFCF>
        <CFR>0.024598401240825969</CFR>
        <CWH>0.199997135459194</CWH>
        <CFGlacier>1</CFGlacier>
        <CFSlope>1</CFSlope>
        <FC>293.39766190475308</FC>
        <LP>0.999987334199566</LP>
        <BETA>1.2037657221078058</BETA>
      </SubCatchmentVegetationZoneParameters>
    </SubCatchmentVegetationZone>
  </SubCatchment>
</Catchment>