<?xml version="1.0" encoding="utf-8"?>
<Catchment xmlns:xsi="http://www.w3.org/2001/XMLSchema-instance" xmlns:xsd="http://www.w3.org/2001/XMLSchema">
  <CatchmentParameters>
    <KSI>0.001</KSI>
    <KGmin>0.05</KGmin>
    <RangeKG>0.1</RangeKG>
    <AG>0.1</AG>
    <PERC>5.7589281149903933</PERC>
    <Alpha>0</Alpha>
    <UZL>104.5541698307426</UZL>
    <K0>0.278555513338696</K0>
    <K1>0.17107620616197902</K1>
    <K2>0.044818348903868994</K2>
    <MAXBAS>1.0001156949131449</MAXBAS>
    <Cet>0</Cet>
    <PCALT>10</PCALT>
    <TCALT>0.6</TCALT>
    <Pelev>3349</Pelev>
    <Telev>2921</Telev>
    <PART>0.5</PART>
    <DELAY>1</DELAY>
  </CatchmentParameters>
  <VegetationZone>
    <VegetationZoneParameters>
      <TT>-0.12801288086663712</TT>
      <CFMAX>4.5189942246566632</CFMAX>
      <SP>0</SP>
      <SFCF>0.96655864298132377</SFCF>
      <CFR>0.0097123464027551142</CFR>
      <CWH>0.17676678371985605</CWH>
      <CFGlacier>1</CFGlacier>
      <CFSlope>1</CFSlope>
      <FC>155.85443631076009</FC>
      <LP>0.99999695638695074</LP>
      <BETA>1.0000005821409816</BETA>
    </VegetationZoneParameters>
  </VegetationZone>
  <SubCatchment>
    <SubCatchmentParameters>
      <KSI>0.001</KSI>
      <KGmin>0.05</KGmin>
      <RangeKG>0.1</RangeKG>
      <AG>0.1</AG>
      <PERC>5.7589281149903933</PERC>
      <Alpha>0</Alpha>
      <UZL>104.5541698307426</UZL>
      <K0>0.278555513338696</K0>
      <K1>0.17107620616197902</K1>
      <K2>0.044818348903868994</K2>
      <MAXBAS>1.0001156949131449</MAXBAS>
      <Cet>0</Cet>
      <PCALT>10</PCALT>
      <TCALT>0.6</TCALT>
      <Pelev>3349</Pelev>
      <Telev>2921</Telev>
      <PART>0.5</PART>
      <DELAY>1</DELAY>
    </SubCatchmentParameters>
    <SubCatchmentVegetationZone>
      <SubCatchmentVegetationZoneParameters>
        <TT>-0.12801288086663712</TT>
        <CFMAX>4.5189942246566632</CFMAX>
        <SP>0</SP>
        <SFCF>0.96655864298132377</SFCF>
        <CFR>0.0097123464027551142</CFR>
        <CWH>0.17676678371985605</CWH>
        <CFGlacier>1</CFGlacier>
        <CFSlope>1</CFSlope>
        <FC>155.85443631076009</FC>
        <LP>0.99999695638695074</LP>
        <BETA>1.0000005821409816</BETA>
      </SubCatchmentVegetationZoneParameters>
    </SubCatchmentVegetationZone>
  </SubCatchment>
</Catchment>