<?xml version="1.0" encoding="utf-8"?>
<Catchment xmlns:xsi="http://www.w3.org/2001/XMLSchema-instance" xmlns:xsd="http://www.w3.org/2001/XMLSchema">
  <CatchmentParameters>
    <KSI>0.001</KSI>
    <KGmin>0.05</KGmin>
    <RangeKG>0.1</RangeKG>
    <AG>0.1</AG>
    <PERC>1.7229194468949658</PERC>
    <Alpha>0</Alpha>
    <UZL>164.90923945098382</UZL>
    <K0>0.54688015246325683</K0>
    <K1>0.10177618318887248</K1>
    <K2>0.010000000866579605</K2>
    <MAXBAS>1</MAXBAS>
    <Cet>0</Cet>
    <PCALT>10</PCALT>
    <TCALT>0.6</TCALT>
    <Pelev>3349</Pelev>
    <Telev>2921</Telev>
    <PART>0.5</PART>
    <DELAY>1</DELAY>
  </CatchmentParameters>
  <VegetationZone>
    <VegetationZoneParameters>
      <TT>-2.2700021448018171</TT>
      <CFMAX>3.6420205348634331</CFMAX>
      <SP>0</SP>
      <SFCF>1.3607162244046123</SFCF>
      <CFR>0.00070413628002287192</CFR>
      <CWH>0.16725994845930889</CWH>
      <CFGlacier>1</CFGlacier>
      <CFSlope>1</CFSlope>
      <FC>444.23956513160311</FC>
      <LP>0.91876886439062788</LP>
      <BETA>1.2185120507169902</BETA>
    </VegetationZoneParameters>
  </VegetationZone>
  <SubCatchment>
    <SubCatchmentParameters>
      <KSI>0.001</KSI>
      <KGmin>0.05</KGmin>
      <RangeKG>0.1</RangeKG>
      <AG>0.1</AG>
      <PERC>1.7229194468949658</PERC>
      <Alpha>0</Alpha>
      <UZL>164.90923945098382</UZL>
      <K0>0.54688015246325683</K0>
      <K1>0.10177618318887248</K1>
      <K2>0.010000000866579605</K2>
      <MAXBAS>1</MAXBAS>
      <Cet>0</Cet>
      <PCALT>10</PCALT>
      <TCALT>0.6</TCALT>
      <Pelev>3349</Pelev>
      <Telev>2921</Telev>
      <PART>0.5</PART>
      <DELAY>1</DELAY>
    </SubCatchmentParameters>
    <SubCatchmentVegetationZone>
      <SubCatchmentVegetationZoneParameters>
        <TT>-2.2700021448018171</TT>
        <CFMAX>3.6420205348634331</CFMAX>
        <SP>0</SP>
        <SFCF>1.3607162244046123</SFCF>
        <CFR>0.00070413628002287192</CFR>
        <CWH>0.16725994845930889</CWH>
        <CFGlacier>1</CFGlacier>
        <CFSlope>1</CFSlope>
        <FC>444.23956513160311</FC>
        <LP>0.91876886439062788</LP>
        <BETA>1.2185120507169902</BETA>
      </SubCatchmentVegetationZoneParameters>
    </SubCatchmentVegetationZone>
  </SubCatchment>
</Catchment>