<?xml version="1.0" encoding="utf-8"?>
<Catchment xmlns:xsi="http://www.w3.org/2001/XMLSchema-instance" xmlns:xsd="http://www.w3.org/2001/XMLSchema">
  <CatchmentParameters>
    <KSI>0.001</KSI>
    <KGmin>0.05</KGmin>
    <RangeKG>0.1</RangeKG>
    <AG>0.1</AG>
    <PERC>1.5314734618727446</PERC>
    <Alpha>0</Alpha>
    <UZL>68.19822228616647</UZL>
    <K0>0.21215760727633412</K0>
    <K1>0.080180033816419222</K1>
    <K2>0.012934402529694879</K2>
    <MAXBAS>1</MAXBAS>
    <Cet>0</Cet>
    <PCALT>10</PCALT>
    <TCALT>0.6</TCALT>
    <Pelev>3349</Pelev>
    <Telev>2921</Telev>
    <PART>0.5</PART>
    <DELAY>1</DELAY>
  </CatchmentParameters>
  <VegetationZone>
    <VegetationZoneParameters>
      <TT>-2.1674867376227622</TT>
      <CFMAX>3.7375656651857168</CFMAX>
      <SP>0</SP>
      <SFCF>1.4272602447932263</SFCF>
      <CFR>0.00038032442035970828</CFR>
      <CWH>0.19999933468137757</CWH>
      <CFGlacier>1</CFGlacier>
      <CFSlope>1</CFSlope>
      <FC>1892.1426935485451</FC>
      <LP>0.9302588978817995</LP>
      <BETA>1.1406669232998012</BETA>
    </VegetationZoneParameters>
  </VegetationZone>
  <SubCatchment>
    <SubCatchmentParameters>
      <KSI>0.001</KSI>
      <KGmin>0.05</KGmin>
      <RangeKG>0.1</RangeKG>
      <AG>0.1</AG>
      <PERC>1.5314734618727446</PERC>
      <Alpha>0</Alpha>
      <UZL>68.19822228616647</UZL>
      <K0>0.21215760727633412</K0>
      <K1>0.080180033816419222</K1>
      <K2>0.012934402529694879</K2>
      <MAXBAS>1</MAXBAS>
      <Cet>0</Cet>
      <PCALT>10</PCALT>
      <TCALT>0.6</TCALT>
      <Pelev>3349</Pelev>
      <Telev>2921</Telev>
      <PART>0.5</PART>
      <DELAY>1</DELAY>
    </SubCatchmentParameters>
    <SubCatchmentVegetationZone>
      <SubCatchmentVegetationZoneParameters>
        <TT>-2.1674867376227622</TT>
        <CFMAX>3.7375656651857168</CFMAX>
        <SP>0</SP>
        <SFCF>1.4272602447932263</SFCF>
        <CFR>0.00038032442035970828</CFR>
        <CWH>0.19999933468137757</CWH>
        <CFGlacier>1</CFGlacier>
        <CFSlope>1</CFSlope>
        <FC>1892.1426935485451</FC>
        <LP>0.9302588978817995</LP>
        <BETA>1.1406669232998012</BETA>
      </SubCatchmentVegetationZoneParameters>
    </SubCatchmentVegetationZone>
  </SubCatchment>
</Catchment>