<?xml version="1.0" encoding="utf-8"?>
<Catchment xmlns:xsi="http://www.w3.org/2001/XMLSchema-instance" xmlns:xsd="http://www.w3.org/2001/XMLSchema">
  <CatchmentParameters>
    <KSI>0.001</KSI>
    <KGmin>0.05</KGmin>
    <RangeKG>0.1</RangeKG>
    <AG>0.1</AG>
    <PERC>1.2220444624320683</PERC>
    <Alpha>0</Alpha>
    <UZL>80.165354321506655</UZL>
    <K0>0.15507369931645346</K0>
    <K1>0.062534913453116264</K1>
    <K2>0.010002523094439554</K2>
    <MAXBAS>1</MAXBAS>
    <Cet>0</Cet>
    <PCALT>10</PCALT>
    <TCALT>0.6</TCALT>
    <Pelev>3349</Pelev>
    <Telev>2921</Telev>
    <PART>0.5</PART>
    <DELAY>1</DELAY>
  </CatchmentParameters>
  <VegetationZone>
    <VegetationZoneParameters>
      <TT>-1.6825549041792518</TT>
      <CFMAX>4.5225268967706613</CFMAX>
      <SP>0</SP>
      <SFCF>1.4246880408116096</SFCF>
      <CFR>0.00039363991775413163</CFR>
      <CWH>0.19998030694010874</CWH>
      <CFGlacier>1</CFGlacier>
      <CFSlope>1</CFSlope>
      <FC>1707.98330974582</FC>
      <LP>0.92192095751221326</LP>
      <BETA>1.1026775993121076</BETA>
    </VegetationZoneParameters>
  </VegetationZone>
  <SubCatchment>
    <SubCatchmentParameters>
      <KSI>0.001</KSI>
      <KGmin>0.05</KGmin>
      <RangeKG>0.1</RangeKG>
      <AG>0.1</AG>
      <PERC>1.2220444624320683</PERC>
      <Alpha>0</Alpha>
      <UZL>80.165354321506655</UZL>
      <K0>0.15507369931645346</K0>
      <K1>0.062534913453116264</K1>
      <K2>0.010002523094439554</K2>
      <MAXBAS>1</MAXBAS>
      <Cet>0</Cet>
      <PCALT>10</PCALT>
      <TCALT>0.6</TCALT>
      <Pelev>3349</Pelev>
      <Telev>2921</Telev>
      <PART>0.5</PART>
      <DELAY>1</DELAY>
    </SubCatchmentParameters>
    <SubCatchmentVegetationZone>
      <SubCatchmentVegetationZoneParameters>
        <TT>-1.6825549041792518</TT>
        <CFMAX>4.5225268967706613</CFMAX>
        <SP>0</SP>
        <SFCF>1.4246880408116096</SFCF>
        <CFR>0.00039363991775413163</CFR>
        <CWH>0.19998030694010874</CWH>
        <CFGlacier>1</CFGlacier>
        <CFSlope>1</CFSlope>
        <FC>1707.98330974582</FC>
        <LP>0.92192095751221326</LP>
        <BETA>1.1026775993121076</BETA>
      </SubCatchmentVegetationZoneParameters>
    </SubCatchmentVegetationZone>
  </SubCatchment>
</Catchment>