<?xml version="1.0" encoding="utf-8"?>
<Catchment xmlns:xsi="http://www.w3.org/2001/XMLSchema-instance" xmlns:xsd="http://www.w3.org/2001/XMLSchema">
  <CatchmentParameters>
    <KSI>0.001</KSI>
    <KGmin>0.05</KGmin>
    <RangeKG>0.1</RangeKG>
    <AG>0.1</AG>
    <PERC>4.5624513688876247</PERC>
    <Alpha>0</Alpha>
    <UZL>52.839034733092809</UZL>
    <K0>0.13797233626723535</K0>
    <K1>0.11471244364938342</K1>
    <K2>0.030902202458071081</K2>
    <MAXBAS>1.000021370225207</MAXBAS>
    <Cet>0</Cet>
    <PCALT>10</PCALT>
    <TCALT>0.6</TCALT>
    <Pelev>3349</Pelev>
    <Telev>2921</Telev>
    <PART>0.5</PART>
    <DELAY>1</DELAY>
  </CatchmentParameters>
  <VegetationZone>
    <VegetationZoneParameters>
      <TT>-1.3700031063986708</TT>
      <CFMAX>3.9420618030584822</CFMAX>
      <SP>0</SP>
      <SFCF>1.1194417064741409</SFCF>
      <CFR>0.033103157158519345</CFR>
      <CWH>0.19744788425103893</CWH>
      <CFGlacier>1</CFGlacier>
      <CFSlope>1</CFSlope>
      <FC>224.61275877506316</FC>
      <LP>0.999976800525694</LP>
      <BETA>1.3716982017540438</BETA>
    </VegetationZoneParameters>
  </VegetationZone>
  <SubCatchment>
    <SubCatchmentParameters>
      <KSI>0.001</KSI>
      <KGmin>0.05</KGmin>
      <RangeKG>0.1</RangeKG>
      <AG>0.1</AG>
      <PERC>4.5624513688876247</PERC>
      <Alpha>0</Alpha>
      <UZL>52.839034733092809</UZL>
      <K0>0.13797233626723535</K0>
      <K1>0.11471244364938342</K1>
      <K2>0.030902202458071081</K2>
      <MAXBAS>1.000021370225207</MAXBAS>
      <Cet>0</Cet>
      <PCALT>10</PCALT>
      <TCALT>0.6</TCALT>
      <Pelev>3349</Pelev>
      <Telev>2921</Telev>
      <PART>0.5</PART>
      <DELAY>1</DELAY>
    </SubCatchmentParameters>
    <SubCatchmentVegetationZone>
      <SubCatchmentVegetationZoneParameters>
        <TT>-1.3700031063986708</TT>
        <CFMAX>3.9420618030584822</CFMAX>
        <SP>0</SP>
        <SFCF>1.1194417064741409</SFCF>
        <CFR>0.033103157158519345</CFR>
        <CWH>0.19744788425103893</CWH>
        <CFGlacier>1</CFGlacier>
        <CFSlope>1</CFSlope>
        <FC>224.61275877506316</FC>
        <LP>0.999976800525694</LP>
        <BETA>1.3716982017540438</BETA>
      </SubCatchmentVegetationZoneParameters>
    </SubCatchmentVegetationZone>
  </SubCatchment>
</Catchment>