<?xml version="1.0" encoding="utf-8"?>
<Catchment xmlns:xsi="http://www.w3.org/2001/XMLSchema-instance" xmlns:xsd="http://www.w3.org/2001/XMLSchema">
  <CatchmentParameters>
    <KSI>0.001</KSI>
    <KGmin>0.05</KGmin>
    <RangeKG>0.1</RangeKG>
    <AG>0.1</AG>
    <PERC>6.7943792164734234</PERC>
    <Alpha>0</Alpha>
    <UZL>73.910920447498768</UZL>
    <K0>0.51879385005479517</K0>
    <K1>0.21458103943861762</K1>
    <K2>0.060090612230083121</K2>
    <MAXBAS>1.0000144018455852</MAXBAS>
    <Cet>0</Cet>
    <PCALT>10</PCALT>
    <TCALT>0.6</TCALT>
    <Pelev>3349</Pelev>
    <Telev>2921</Telev>
    <PART>0.5</PART>
    <DELAY>1</DELAY>
  </CatchmentParameters>
  <VegetationZone>
    <VegetationZoneParameters>
      <TT>-0.99420955440674019</TT>
      <CFMAX>3.5575684175904168</CFMAX>
      <SP>0</SP>
      <SFCF>0.98868764161756628</SFCF>
      <CFR>0.068660036915326517</CFR>
      <CWH>0.18610298492796276</CWH>
      <CFGlacier>1</CFGlacier>
      <CFSlope>1</CFSlope>
      <FC>174.39087902752846</FC>
      <LP>0.99999886258928439</LP>
      <BETA>1.0000090333362175</BETA>
    </VegetationZoneParameters>
  </VegetationZone>
  <SubCatchment>
    <SubCatchmentParameters>
      <KSI>0.001</KSI>
      <KGmin>0.05</KGmin>
      <RangeKG>0.1</RangeKG>
      <AG>0.1</AG>
      <PERC>6.7943792164734234</PERC>
      <Alpha>0</Alpha>
      <UZL>73.910920447498768</UZL>
      <K0>0.51879385005479517</K0>
      <K1>0.21458103943861762</K1>
      <K2>0.060090612230083121</K2>
      <MAXBAS>1.0000144018455852</MAXBAS>
      <Cet>0</Cet>
      <PCALT>10</PCALT>
      <TCALT>0.6</TCALT>
      <Pelev>3349</Pelev>
      <Telev>2921</Telev>
      <PART>0.5</PART>
      <DELAY>1</DELAY>
    </SubCatchmentParameters>
    <SubCatchmentVegetationZone>
      <SubCatchmentVegetationZoneParameters>
        <TT>-0.99420955440674019</TT>
        <CFMAX>3.5575684175904168</CFMAX>
        <SP>0</SP>
        <SFCF>0.98868764161756628</SFCF>
        <CFR>0.068660036915326517</CFR>
        <CWH>0.18610298492796276</CWH>
        <CFGlacier>1</CFGlacier>
        <CFSlope>1</CFSlope>
        <FC>174.39087902752846</FC>
        <LP>0.99999886258928439</LP>
        <BETA>1.0000090333362175</BETA>
      </SubCatchmentVegetationZoneParameters>
    </SubCatchmentVegetationZone>
  </SubCatchment>
</Catchment>