<?xml version="1.0" encoding="utf-8"?>
<Catchment xmlns:xsi="http://www.w3.org/2001/XMLSchema-instance" xmlns:xsd="http://www.w3.org/2001/XMLSchema">
  <CatchmentParameters>
    <KSI>0.001</KSI>
    <KGmin>0.05</KGmin>
    <RangeKG>0.1</RangeKG>
    <AG>0.1</AG>
    <PERC>6.4990664711239825</PERC>
    <Alpha>0</Alpha>
    <UZL>117.52417442489208</UZL>
    <K0>0.33154245332065468</K0>
    <K1>0.18818892456584865</K1>
    <K2>0.050167423331854762</K2>
    <MAXBAS>1.0000066986725611</MAXBAS>
    <Cet>0</Cet>
    <PCALT>10</PCALT>
    <TCALT>0.6</TCALT>
    <Pelev>3349</Pelev>
    <Telev>2921</Telev>
    <PART>0.5</PART>
    <DELAY>1</DELAY>
  </CatchmentParameters>
  <VegetationZone>
    <VegetationZoneParameters>
      <TT>-0.31200823599874122</TT>
      <CFMAX>4.3221039944533652</CFMAX>
      <SP>0</SP>
      <SFCF>0.96917882049089843</SFCF>
      <CFR>0.018471447842464364</CFR>
      <CWH>0.18290859536221205</CWH>
      <CFGlacier>1</CFGlacier>
      <CFSlope>1</CFSlope>
      <FC>163.88046966013022</FC>
      <LP>0.9999948165597613</LP>
      <BETA>1.0000181874890224</BETA>
    </VegetationZoneParameters>
  </VegetationZone>
  <SubCatchment>
    <SubCatchmentParameters>
      <KSI>0.001</KSI>
      <KGmin>0.05</KGmin>
      <RangeKG>0.1</RangeKG>
      <AG>0.1</AG>
      <PERC>6.4990664711239825</PERC>
      <Alpha>0</Alpha>
      <UZL>117.52417442489208</UZL>
      <K0>0.33154245332065468</K0>
      <K1>0.18818892456584865</K1>
      <K2>0.050167423331854762</K2>
      <MAXBAS>1.0000066986725611</MAXBAS>
      <Cet>0</Cet>
      <PCALT>10</PCALT>
      <TCALT>0.6</TCALT>
      <Pelev>3349</Pelev>
      <Telev>2921</Telev>
      <PART>0.5</PART>
      <DELAY>1</DELAY>
    </SubCatchmentParameters>
    <SubCatchmentVegetationZone>
      <SubCatchmentVegetationZoneParameters>
        <TT>-0.31200823599874122</TT>
        <CFMAX>4.3221039944533652</CFMAX>
        <SP>0</SP>
        <SFCF>0.96917882049089843</SFCF>
        <CFR>0.018471447842464364</CFR>
        <CWH>0.18290859536221205</CWH>
        <CFGlacier>1</CFGlacier>
        <CFSlope>1</CFSlope>
        <FC>163.88046966013022</FC>
        <LP>0.9999948165597613</LP>
        <BETA>1.0000181874890224</BETA>
      </SubCatchmentVegetationZoneParameters>
    </SubCatchmentVegetationZone>
  </SubCatchment>
</Catchment>