<?xml version="1.0" encoding="utf-8"?>
<Catchment xmlns:xsi="http://www.w3.org/2001/XMLSchema-instance" xmlns:xsd="http://www.w3.org/2001/XMLSchema">
  <CatchmentParameters>
    <KSI>0.001</KSI>
    <KGmin>0.05</KGmin>
    <RangeKG>0.1</RangeKG>
    <AG>0.1</AG>
    <PERC>6.1357739536551978</PERC>
    <Alpha>0</Alpha>
    <UZL>81.968820889882224</UZL>
    <K0>0.5448600449427462</K0>
    <K1>0.18283298605737006</K1>
    <K2>0.048761896137824459</K2>
    <MAXBAS>1.0048186174844795</MAXBAS>
    <Cet>0</Cet>
    <PCALT>10</PCALT>
    <TCALT>0.6</TCALT>
    <Pelev>3349</Pelev>
    <Telev>2921</Telev>
    <PART>0.5</PART>
    <DELAY>1</DELAY>
  </CatchmentParameters>
  <VegetationZone>
    <VegetationZoneParameters>
      <TT>-1.4700021777818455</TT>
      <CFMAX>4.3183451754074582</CFMAX>
      <SP>0</SP>
      <SFCF>1.2877938744141011</SFCF>
      <CFR>0.00025694718379025113</CFR>
      <CWH>0.12593068371253977</CWH>
      <CFGlacier>1</CFGlacier>
      <CFSlope>1</CFSlope>
      <FC>511.49668925980848</FC>
      <LP>0.999995879493462</LP>
      <BETA>1.9082787515868045</BETA>
    </VegetationZoneParameters>
  </VegetationZone>
  <SubCatchment>
    <SubCatchmentParameters>
      <KSI>0.001</KSI>
      <KGmin>0.05</KGmin>
      <RangeKG>0.1</RangeKG>
      <AG>0.1</AG>
      <PERC>6.1357739536551978</PERC>
      <Alpha>0</Alpha>
      <UZL>81.968820889882224</UZL>
      <K0>0.5448600449427462</K0>
      <K1>0.18283298605737006</K1>
      <K2>0.048761896137824459</K2>
      <MAXBAS>1.0048186174844795</MAXBAS>
      <Cet>0</Cet>
      <PCALT>10</PCALT>
      <TCALT>0.6</TCALT>
      <Pelev>3349</Pelev>
      <Telev>2921</Telev>
      <PART>0.5</PART>
      <DELAY>1</DELAY>
    </SubCatchmentParameters>
    <SubCatchmentVegetationZone>
      <SubCatchmentVegetationZoneParameters>
        <TT>-1.4700021777818455</TT>
        <CFMAX>4.3183451754074582</CFMAX>
        <SP>0</SP>
        <SFCF>1.2877938744141011</SFCF>
        <CFR>0.00025694718379025113</CFR>
        <CWH>0.12593068371253977</CWH>
        <CFGlacier>1</CFGlacier>
        <CFSlope>1</CFSlope>
        <FC>511.49668925980848</FC>
        <LP>0.999995879493462</LP>
        <BETA>1.9082787515868045</BETA>
      </SubCatchmentVegetationZoneParameters>
    </SubCatchmentVegetationZone>
  </SubCatchment>
</Catchment>