<?xml version="1.0" encoding="utf-8"?>
<Catchment xmlns:xsi="http://www.w3.org/2001/XMLSchema-instance" xmlns:xsd="http://www.w3.org/2001/XMLSchema">
  <CatchmentParameters>
    <KSI>0.001</KSI>
    <KGmin>0.05</KGmin>
    <RangeKG>0.1</RangeKG>
    <AG>0.1</AG>
    <PERC>7.2592045961224017</PERC>
    <Alpha>0</Alpha>
    <UZL>158.28564987146891</UZL>
    <K0>0.54086851397426638</K0>
    <K1>0.19490484637475461</K1>
    <K2>0.05130691918730048</K2>
    <MAXBAS>1.0000034708823873</MAXBAS>
    <Cet>0</Cet>
    <PCALT>10</PCALT>
    <TCALT>0.6</TCALT>
    <Pelev>3349</Pelev>
    <Telev>2921</Telev>
    <PART>0.5</PART>
    <DELAY>1</DELAY>
  </CatchmentParameters>
  <VegetationZone>
    <VegetationZoneParameters>
      <TT>-0.57178797053144914</TT>
      <CFMAX>4.2085066707471848</CFMAX>
      <SP>0</SP>
      <SFCF>0.99919908908534749</SFCF>
      <CFR>0.043857237025235252</CFR>
      <CWH>0.18277317522701944</CWH>
      <CFGlacier>1</CFGlacier>
      <CFSlope>1</CFSlope>
      <FC>176.59053184909172</FC>
      <LP>0.99999578231718089</LP>
      <BETA>1.000000000377121</BETA>
    </VegetationZoneParameters>
  </VegetationZone>
  <SubCatchment>
    <SubCatchmentParameters>
      <KSI>0.001</KSI>
      <KGmin>0.05</KGmin>
      <RangeKG>0.1</RangeKG>
      <AG>0.1</AG>
      <PERC>7.2592045961224017</PERC>
      <Alpha>0</Alpha>
      <UZL>158.28564987146891</UZL>
      <K0>0.54086851397426638</K0>
      <K1>0.19490484637475461</K1>
      <K2>0.05130691918730048</K2>
      <MAXBAS>1.0000034708823873</MAXBAS>
      <Cet>0</Cet>
      <PCALT>10</PCALT>
      <TCALT>0.6</TCALT>
      <Pelev>3349</Pelev>
      <Telev>2921</Telev>
      <PART>0.5</PART>
      <DELAY>1</DELAY>
    </SubCatchmentParameters>
    <SubCatchmentVegetationZone>
      <SubCatchmentVegetationZoneParameters>
        <TT>-0.57178797053144914</TT>
        <CFMAX>4.2085066707471848</CFMAX>
        <SP>0</SP>
        <SFCF>0.99919908908534749</SFCF>
        <CFR>0.043857237025235252</CFR>
        <CWH>0.18277317522701944</CWH>
        <CFGlacier>1</CFGlacier>
        <CFSlope>1</CFSlope>
        <FC>176.59053184909172</FC>
        <LP>0.99999578231718089</LP>
        <BETA>1.000000000377121</BETA>
      </SubCatchmentVegetationZoneParameters>
    </SubCatchmentVegetationZone>
  </SubCatchment>
</Catchment>