<?xml version="1.0" encoding="utf-8"?>
<Catchment xmlns:xsi="http://www.w3.org/2001/XMLSchema-instance" xmlns:xsd="http://www.w3.org/2001/XMLSchema">
  <CatchmentParameters>
    <KSI>0.001</KSI>
    <KGmin>0.05</KGmin>
    <RangeKG>0.1</RangeKG>
    <AG>0.1</AG>
    <PERC>6.5213865157925364</PERC>
    <Alpha>0</Alpha>
    <UZL>176.54107098357611</UZL>
    <K0>0.45614088874977615</K0>
    <K1>0.17224290359262418</K1>
    <K2>0.046819601945380207</K2>
    <MAXBAS>1.0000512711976404</MAXBAS>
    <Cet>0</Cet>
    <PCALT>10</PCALT>
    <TCALT>0.6</TCALT>
    <Pelev>3349</Pelev>
    <Telev>2921</Telev>
    <PART>0.5</PART>
    <DELAY>1</DELAY>
  </CatchmentParameters>
  <VegetationZone>
    <VegetationZoneParameters>
      <TT>-0.56999226356519883</TT>
      <CFMAX>4.6874433944691107</CFMAX>
      <SP>0</SP>
      <SFCF>1.057621322373798</SFCF>
      <CFR>0.018320323265350227</CFR>
      <CWH>0.19129911147451545</CWH>
      <CFGlacier>1</CFGlacier>
      <CFSlope>1</CFSlope>
      <FC>238.05718149464354</FC>
      <LP>0.99999850881200647</LP>
      <BETA>1.0000038139151768</BETA>
    </VegetationZoneParameters>
  </VegetationZone>
  <SubCatchment>
    <SubCatchmentParameters>
      <KSI>0.001</KSI>
      <KGmin>0.05</KGmin>
      <RangeKG>0.1</RangeKG>
      <AG>0.1</AG>
      <PERC>6.5213865157925364</PERC>
      <Alpha>0</Alpha>
      <UZL>176.54107098357611</UZL>
      <K0>0.45614088874977615</K0>
      <K1>0.17224290359262418</K1>
      <K2>0.046819601945380207</K2>
      <MAXBAS>1.0000512711976404</MAXBAS>
      <Cet>0</Cet>
      <PCALT>10</PCALT>
      <TCALT>0.6</TCALT>
      <Pelev>3349</Pelev>
      <Telev>2921</Telev>
      <PART>0.5</PART>
      <DELAY>1</DELAY>
    </SubCatchmentParameters>
    <SubCatchmentVegetationZone>
      <SubCatchmentVegetationZoneParameters>
        <TT>-0.56999226356519883</TT>
        <CFMAX>4.6874433944691107</CFMAX>
        <SP>0</SP>
        <SFCF>1.057621322373798</SFCF>
        <CFR>0.018320323265350227</CFR>
        <CWH>0.19129911147451545</CWH>
        <CFGlacier>1</CFGlacier>
        <CFSlope>1</CFSlope>
        <FC>238.05718149464354</FC>
        <LP>0.99999850881200647</LP>
        <BETA>1.0000038139151768</BETA>
      </SubCatchmentVegetationZoneParameters>
    </SubCatchmentVegetationZone>
  </SubCatchment>
</Catchment>