<?xml version="1.0" encoding="utf-8"?>
<Catchment xmlns:xsi="http://www.w3.org/2001/XMLSchema-instance" xmlns:xsd="http://www.w3.org/2001/XMLSchema">
  <CatchmentParameters>
    <KSI>0.001</KSI>
    <KGmin>0.05</KGmin>
    <RangeKG>0.1</RangeKG>
    <AG>0.1</AG>
    <PERC>1.2671898215042712</PERC>
    <Alpha>0</Alpha>
    <UZL>133.63976490157819</UZL>
    <K0>0.49945553545930516</K0>
    <K1>0.097333591820167611</K1>
    <K2>0.010001442157130377</K2>
    <MAXBAS>1</MAXBAS>
    <Cet>0</Cet>
    <PCALT>10</PCALT>
    <TCALT>0.6</TCALT>
    <Pelev>3349</Pelev>
    <Telev>2921</Telev>
    <PART>0.5</PART>
    <DELAY>1</DELAY>
  </CatchmentParameters>
  <VegetationZone>
    <VegetationZoneParameters>
      <TT>-2.1280102114624242</TT>
      <CFMAX>4.2299916658195071</CFMAX>
      <SP>0</SP>
      <SFCF>1.49999983583985</SFCF>
      <CFR>0.059238893191977247</CFR>
      <CWH>0.19999974282010788</CWH>
      <CFGlacier>1</CFGlacier>
      <CFSlope>1</CFSlope>
      <FC>2441.0268351263694</FC>
      <LP>0.87728829839382516</LP>
      <BETA>1.3236420697466065</BETA>
    </VegetationZoneParameters>
  </VegetationZone>
  <SubCatchment>
    <SubCatchmentParameters>
      <KSI>0.001</KSI>
      <KGmin>0.05</KGmin>
      <RangeKG>0.1</RangeKG>
      <AG>0.1</AG>
      <PERC>1.2671898215042712</PERC>
      <Alpha>0</Alpha>
      <UZL>133.63976490157819</UZL>
      <K0>0.49945553545930516</K0>
      <K1>0.097333591820167611</K1>
      <K2>0.010001442157130377</K2>
      <MAXBAS>1</MAXBAS>
      <Cet>0</Cet>
      <PCALT>10</PCALT>
      <TCALT>0.6</TCALT>
      <Pelev>3349</Pelev>
      <Telev>2921</Telev>
      <PART>0.5</PART>
      <DELAY>1</DELAY>
    </SubCatchmentParameters>
    <SubCatchmentVegetationZone>
      <SubCatchmentVegetationZoneParameters>
        <TT>-2.1280102114624242</TT>
        <CFMAX>4.2299916658195071</CFMAX>
        <SP>0</SP>
        <SFCF>1.49999983583985</SFCF>
        <CFR>0.059238893191977247</CFR>
        <CWH>0.19999974282010788</CWH>
        <CFGlacier>1</CFGlacier>
        <CFSlope>1</CFSlope>
        <FC>2441.0268351263694</FC>
        <LP>0.87728829839382516</LP>
        <BETA>1.3236420697466065</BETA>
      </SubCatchmentVegetationZoneParameters>
    </SubCatchmentVegetationZone>
  </SubCatchment>
</Catchment>