<?xml version="1.0" encoding="utf-8"?>
<Catchment xmlns:xsi="http://www.w3.org/2001/XMLSchema-instance" xmlns:xsd="http://www.w3.org/2001/XMLSchema">
  <CatchmentParameters>
    <KSI>0.001</KSI>
    <KGmin>0.05</KGmin>
    <RangeKG>0.1</RangeKG>
    <AG>0.1</AG>
    <PERC>1.9341822136664391</PERC>
    <Alpha>0</Alpha>
    <UZL>95.220396747737041</UZL>
    <K0>0.13161614468484842</K0>
    <K1>0.049960340074785559</K1>
    <K2>0.010000033981789905</K2>
    <MAXBAS>1</MAXBAS>
    <Cet>0</Cet>
    <PCALT>10</PCALT>
    <TCALT>0.6</TCALT>
    <Pelev>3349</Pelev>
    <Telev>2921</Telev>
    <PART>0.5</PART>
    <DELAY>1</DELAY>
  </CatchmentParameters>
  <VegetationZone>
    <VegetationZoneParameters>
      <TT>-2.1380001262152586</TT>
      <CFMAX>3.761330802737008</CFMAX>
      <SP>0</SP>
      <SFCF>1.2737675082331439</SFCF>
      <CFR>0.0636362299550464</CFR>
      <CWH>0.10000223213359256</CWH>
      <CFGlacier>1</CFGlacier>
      <CFSlope>1</CFSlope>
      <FC>253.89844623336018</FC>
      <LP>0.78163649626915332</LP>
      <BETA>1.4735854830639257</BETA>
    </VegetationZoneParameters>
  </VegetationZone>
  <SubCatchment>
    <SubCatchmentParameters>
      <KSI>0.001</KSI>
      <KGmin>0.05</KGmin>
      <RangeKG>0.1</RangeKG>
      <AG>0.1</AG>
      <PERC>1.9341822136664391</PERC>
      <Alpha>0</Alpha>
      <UZL>95.220396747737041</UZL>
      <K0>0.13161614468484842</K0>
      <K1>0.049960340074785559</K1>
      <K2>0.010000033981789905</K2>
      <MAXBAS>1</MAXBAS>
      <Cet>0</Cet>
      <PCALT>10</PCALT>
      <TCALT>0.6</TCALT>
      <Pelev>3349</Pelev>
      <Telev>2921</Telev>
      <PART>0.5</PART>
      <DELAY>1</DELAY>
    </SubCatchmentParameters>
    <SubCatchmentVegetationZone>
      <SubCatchmentVegetationZoneParameters>
        <TT>-2.1380001262152586</TT>
        <CFMAX>3.761330802737008</CFMAX>
        <SP>0</SP>
        <SFCF>1.2737675082331439</SFCF>
        <CFR>0.0636362299550464</CFR>
        <CWH>0.10000223213359256</CWH>
        <CFGlacier>1</CFGlacier>
        <CFSlope>1</CFSlope>
        <FC>253.89844623336018</FC>
        <LP>0.78163649626915332</LP>
        <BETA>1.4735854830639257</BETA>
      </SubCatchmentVegetationZoneParameters>
    </SubCatchmentVegetationZone>
  </SubCatchment>
</Catchment>