<?xml version="1.0" encoding="utf-8"?>
<Catchment xmlns:xsi="http://www.w3.org/2001/XMLSchema-instance" xmlns:xsd="http://www.w3.org/2001/XMLSchema">
  <CatchmentParameters>
    <KSI>0.001</KSI>
    <KGmin>0.05</KGmin>
    <RangeKG>0.1</RangeKG>
    <AG>0.1</AG>
    <PERC>6.3263821381909846</PERC>
    <Alpha>0</Alpha>
    <UZL>129.26378843066445</UZL>
    <K0>0.36554736548852979</K0>
    <K1>0.17907564817728464</K1>
    <K2>0.0496028934174864</K2>
    <MAXBAS>1.0000234100222214</MAXBAS>
    <Cet>0</Cet>
    <PCALT>10</PCALT>
    <TCALT>0.6</TCALT>
    <Pelev>3349</Pelev>
    <Telev>2921</Telev>
    <PART>0.5</PART>
    <DELAY>1</DELAY>
  </CatchmentParameters>
  <VegetationZone>
    <VegetationZoneParameters>
      <TT>-0.8799740434231681</TT>
      <CFMAX>4.188201946914428</CFMAX>
      <SP>0</SP>
      <SFCF>1.0524577617671562</SFCF>
      <CFR>0.022493804166894386</CFR>
      <CWH>0.18422121985771708</CWH>
      <CFGlacier>1</CFGlacier>
      <CFSlope>1</CFSlope>
      <FC>240.48979691418592</FC>
      <LP>0.999997216034861</LP>
      <BETA>1.0453575519653988</BETA>
    </VegetationZoneParameters>
  </VegetationZone>
  <SubCatchment>
    <SubCatchmentParameters>
      <KSI>0.001</KSI>
      <KGmin>0.05</KGmin>
      <RangeKG>0.1</RangeKG>
      <AG>0.1</AG>
      <PERC>6.3263821381909846</PERC>
      <Alpha>0</Alpha>
      <UZL>129.26378843066445</UZL>
      <K0>0.36554736548852979</K0>
      <K1>0.17907564817728464</K1>
      <K2>0.0496028934174864</K2>
      <MAXBAS>1.0000234100222214</MAXBAS>
      <Cet>0</Cet>
      <PCALT>10</PCALT>
      <TCALT>0.6</TCALT>
      <Pelev>3349</Pelev>
      <Telev>2921</Telev>
      <PART>0.5</PART>
      <DELAY>1</DELAY>
    </SubCatchmentParameters>
    <SubCatchmentVegetationZone>
      <SubCatchmentVegetationZoneParameters>
        <TT>-0.8799740434231681</TT>
        <CFMAX>4.188201946914428</CFMAX>
        <SP>0</SP>
        <SFCF>1.0524577617671562</SFCF>
        <CFR>0.022493804166894386</CFR>
        <CWH>0.18422121985771708</CWH>
        <CFGlacier>1</CFGlacier>
        <CFSlope>1</CFSlope>
        <FC>240.48979691418592</FC>
        <LP>0.999997216034861</LP>
        <BETA>1.0453575519653988</BETA>
      </SubCatchmentVegetationZoneParameters>
    </SubCatchmentVegetationZone>
  </SubCatchment>
</Catchment>