<?xml version="1.0" encoding="utf-8"?>
<Catchment xmlns:xsi="http://www.w3.org/2001/XMLSchema-instance" xmlns:xsd="http://www.w3.org/2001/XMLSchema">
  <CatchmentParameters>
    <KSI>0.001</KSI>
    <KGmin>0.05</KGmin>
    <RangeKG>0.1</RangeKG>
    <AG>0.1</AG>
    <PERC>5.1699496513155054</PERC>
    <Alpha>0</Alpha>
    <UZL>173.62842933660093</UZL>
    <K0>0.23949706003380733</K0>
    <K1>0.17216083081108549</K1>
    <K2>0.038883401532099029</K2>
    <MAXBAS>1.0049520743503386</MAXBAS>
    <Cet>0</Cet>
    <PCALT>10</PCALT>
    <TCALT>0.6</TCALT>
    <Pelev>3349</Pelev>
    <Telev>2921</Telev>
    <PART>0.5</PART>
    <DELAY>1</DELAY>
  </CatchmentParameters>
  <VegetationZone>
    <VegetationZoneParameters>
      <TT>-1.6700043475506956</TT>
      <CFMAX>4.1942308876721883</CFMAX>
      <SP>0</SP>
      <SFCF>1.2985064441708474</SFCF>
      <CFR>0.00031170043270751146</CFR>
      <CWH>0.18918584820926496</CWH>
      <CFGlacier>1</CFGlacier>
      <CFSlope>1</CFSlope>
      <FC>471.15106179385151</FC>
      <LP>0.99163552430088719</LP>
      <BETA>1.7680280049883181</BETA>
    </VegetationZoneParameters>
  </VegetationZone>
  <SubCatchment>
    <SubCatchmentParameters>
      <KSI>0.001</KSI>
      <KGmin>0.05</KGmin>
      <RangeKG>0.1</RangeKG>
      <AG>0.1</AG>
      <PERC>5.1699496513155054</PERC>
      <Alpha>0</Alpha>
      <UZL>173.62842933660093</UZL>
      <K0>0.23949706003380733</K0>
      <K1>0.17216083081108549</K1>
      <K2>0.038883401532099029</K2>
      <MAXBAS>1.0049520743503386</MAXBAS>
      <Cet>0</Cet>
      <PCALT>10</PCALT>
      <TCALT>0.6</TCALT>
      <Pelev>3349</Pelev>
      <Telev>2921</Telev>
      <PART>0.5</PART>
      <DELAY>1</DELAY>
    </SubCatchmentParameters>
    <SubCatchmentVegetationZone>
      <SubCatchmentVegetationZoneParameters>
        <TT>-1.6700043475506956</TT>
        <CFMAX>4.1942308876721883</CFMAX>
        <SP>0</SP>
        <SFCF>1.2985064441708474</SFCF>
        <CFR>0.00031170043270751146</CFR>
        <CWH>0.18918584820926496</CWH>
        <CFGlacier>1</CFGlacier>
        <CFSlope>1</CFSlope>
        <FC>471.15106179385151</FC>
        <LP>0.99163552430088719</LP>
        <BETA>1.7680280049883181</BETA>
      </SubCatchmentVegetationZoneParameters>
    </SubCatchmentVegetationZone>
  </SubCatchment>
</Catchment>