<?xml version="1.0" encoding="utf-8"?>
<Catchment xmlns:xsi="http://www.w3.org/2001/XMLSchema-instance" xmlns:xsd="http://www.w3.org/2001/XMLSchema">
  <CatchmentParameters>
    <KSI>0.001</KSI>
    <KGmin>0.05</KGmin>
    <RangeKG>0.1</RangeKG>
    <AG>0.1</AG>
    <PERC>5.9680982923983352</PERC>
    <Alpha>0</Alpha>
    <UZL>181.00327820049017</UZL>
    <K0>0.5819932596440488</K0>
    <K1>0.18055025024300514</K1>
    <K2>0.044081672838415208</K2>
    <MAXBAS>1.0000694863181641</MAXBAS>
    <Cet>0</Cet>
    <PCALT>10</PCALT>
    <TCALT>0.6</TCALT>
    <Pelev>3349</Pelev>
    <Telev>2921</Telev>
    <PART>0.5</PART>
    <DELAY>1</DELAY>
  </CatchmentParameters>
  <VegetationZone>
    <VegetationZoneParameters>
      <TT>-1.3793195715440476</TT>
      <CFMAX>3.873094076290184</CFMAX>
      <SP>0</SP>
      <SFCF>1.1338464136392861</SFCF>
      <CFR>0.00046643711181138805</CFR>
      <CWH>0.19999917300713996</CWH>
      <CFGlacier>1</CFGlacier>
      <CFSlope>1</CFSlope>
      <FC>279.20941511614683</FC>
      <LP>0.99999373512311407</LP>
      <BETA>1.511981012575685</BETA>
    </VegetationZoneParameters>
  </VegetationZone>
  <SubCatchment>
    <SubCatchmentParameters>
      <KSI>0.001</KSI>
      <KGmin>0.05</KGmin>
      <RangeKG>0.1</RangeKG>
      <AG>0.1</AG>
      <PERC>5.9680982923983352</PERC>
      <Alpha>0</Alpha>
      <UZL>181.00327820049017</UZL>
      <K0>0.5819932596440488</K0>
      <K1>0.18055025024300514</K1>
      <K2>0.044081672838415208</K2>
      <MAXBAS>1.0000694863181641</MAXBAS>
      <Cet>0</Cet>
      <PCALT>10</PCALT>
      <TCALT>0.6</TCALT>
      <Pelev>3349</Pelev>
      <Telev>2921</Telev>
      <PART>0.5</PART>
      <DELAY>1</DELAY>
    </SubCatchmentParameters>
    <SubCatchmentVegetationZone>
      <SubCatchmentVegetationZoneParameters>
        <TT>-1.3793195715440476</TT>
        <CFMAX>3.873094076290184</CFMAX>
        <SP>0</SP>
        <SFCF>1.1338464136392861</SFCF>
        <CFR>0.00046643711181138805</CFR>
        <CWH>0.19999917300713996</CWH>
        <CFGlacier>1</CFGlacier>
        <CFSlope>1</CFSlope>
        <FC>279.20941511614683</FC>
        <LP>0.99999373512311407</LP>
        <BETA>1.511981012575685</BETA>
      </SubCatchmentVegetationZoneParameters>
    </SubCatchmentVegetationZone>
  </SubCatchment>
</Catchment>