<?xml version="1.0" encoding="utf-8"?>
<Catchment xmlns:xsi="http://www.w3.org/2001/XMLSchema-instance" xmlns:xsd="http://www.w3.org/2001/XMLSchema">
  <CatchmentParameters>
    <KSI>0.001</KSI>
    <KGmin>0.05</KGmin>
    <RangeKG>0.1</RangeKG>
    <AG>0.1</AG>
    <PERC>6.2927524777885306</PERC>
    <Alpha>0</Alpha>
    <UZL>96.922333660615564</UZL>
    <K0>0.8637315811290649</K0>
    <K1>0.18035648852991018</K1>
    <K2>0.049995216095091971</K2>
    <MAXBAS>1.0000560750566834</MAXBAS>
    <Cet>0</Cet>
    <PCALT>10</PCALT>
    <TCALT>0.6</TCALT>
    <Pelev>3349</Pelev>
    <Telev>2921</Telev>
    <PART>0.5</PART>
    <DELAY>1</DELAY>
  </CatchmentParameters>
  <VegetationZone>
    <VegetationZoneParameters>
      <TT>-1.0244007204854881</TT>
      <CFMAX>4.592376211251386</CFMAX>
      <SP>0</SP>
      <SFCF>1.1881069880678712</SFCF>
      <CFR>0.00047868161856992825</CFR>
      <CWH>0.19999839516778348</CWH>
      <CFGlacier>1</CFGlacier>
      <CFSlope>1</CFSlope>
      <FC>410.35597854023825</FC>
      <LP>0.99999541482422971</LP>
      <BETA>1.1369254940584539</BETA>
    </VegetationZoneParameters>
  </VegetationZone>
  <SubCatchment>
    <SubCatchmentParameters>
      <KSI>0.001</KSI>
      <KGmin>0.05</KGmin>
      <RangeKG>0.1</RangeKG>
      <AG>0.1</AG>
      <PERC>6.2927524777885306</PERC>
      <Alpha>0</Alpha>
      <UZL>96.922333660615564</UZL>
      <K0>0.8637315811290649</K0>
      <K1>0.18035648852991018</K1>
      <K2>0.049995216095091971</K2>
      <MAXBAS>1.0000560750566834</MAXBAS>
      <Cet>0</Cet>
      <PCALT>10</PCALT>
      <TCALT>0.6</TCALT>
      <Pelev>3349</Pelev>
      <Telev>2921</Telev>
      <PART>0.5</PART>
      <DELAY>1</DELAY>
    </SubCatchmentParameters>
    <SubCatchmentVegetationZone>
      <SubCatchmentVegetationZoneParameters>
        <TT>-1.0244007204854881</TT>
        <CFMAX>4.592376211251386</CFMAX>
        <SP>0</SP>
        <SFCF>1.1881069880678712</SFCF>
        <CFR>0.00047868161856992825</CFR>
        <CWH>0.19999839516778348</CWH>
        <CFGlacier>1</CFGlacier>
        <CFSlope>1</CFSlope>
        <FC>410.35597854023825</FC>
        <LP>0.99999541482422971</LP>
        <BETA>1.1369254940584539</BETA>
      </SubCatchmentVegetationZoneParameters>
    </SubCatchmentVegetationZone>
  </SubCatchment>
</Catchment>