<?xml version="1.0" encoding="utf-8"?>
<Catchment xmlns:xsi="http://www.w3.org/2001/XMLSchema-instance" xmlns:xsd="http://www.w3.org/2001/XMLSchema">
  <CatchmentParameters>
    <KSI>0.001</KSI>
    <KGmin>0.05</KGmin>
    <RangeKG>0.1</RangeKG>
    <AG>0.1</AG>
    <PERC>1.8777785261512794</PERC>
    <Alpha>0</Alpha>
    <UZL>183.09641729307572</UZL>
    <K0>0.41632820162552386</K0>
    <K1>0.10989235592027895</K1>
    <K2>0.013971500808392967</K2>
    <MAXBAS>1</MAXBAS>
    <Cet>0</Cet>
    <PCALT>10</PCALT>
    <TCALT>0.6</TCALT>
    <Pelev>3349</Pelev>
    <Telev>2921</Telev>
    <PART>0.5</PART>
    <DELAY>1</DELAY>
  </CatchmentParameters>
  <VegetationZone>
    <VegetationZoneParameters>
      <TT>-1.6800037693117906</TT>
      <CFMAX>4.1961797993300838</CFMAX>
      <SP>0</SP>
      <SFCF>1.3339443530121156</SFCF>
      <CFR>0.00039814468990638432</CFR>
      <CWH>0.19999984324219794</CWH>
      <CFGlacier>1</CFGlacier>
      <CFSlope>1</CFSlope>
      <FC>2212.0102308021237</FC>
      <LP>0.96235708034337353</LP>
      <BETA>1.0698837643385484</BETA>
    </VegetationZoneParameters>
  </VegetationZone>
  <SubCatchment>
    <SubCatchmentParameters>
      <KSI>0.001</KSI>
      <KGmin>0.05</KGmin>
      <RangeKG>0.1</RangeKG>
      <AG>0.1</AG>
      <PERC>1.8777785261512794</PERC>
      <Alpha>0</Alpha>
      <UZL>183.09641729307572</UZL>
      <K0>0.41632820162552386</K0>
      <K1>0.10989235592027895</K1>
      <K2>0.013971500808392967</K2>
      <MAXBAS>1</MAXBAS>
      <Cet>0</Cet>
      <PCALT>10</PCALT>
      <TCALT>0.6</TCALT>
      <Pelev>3349</Pelev>
      <Telev>2921</Telev>
      <PART>0.5</PART>
      <DELAY>1</DELAY>
    </SubCatchmentParameters>
    <SubCatchmentVegetationZone>
      <SubCatchmentVegetationZoneParameters>
        <TT>-1.6800037693117906</TT>
        <CFMAX>4.1961797993300838</CFMAX>
        <SP>0</SP>
        <SFCF>1.3339443530121156</SFCF>
        <CFR>0.00039814468990638432</CFR>
        <CWH>0.19999984324219794</CWH>
        <CFGlacier>1</CFGlacier>
        <CFSlope>1</CFSlope>
        <FC>2212.0102308021237</FC>
        <LP>0.96235708034337353</LP>
        <BETA>1.0698837643385484</BETA>
      </SubCatchmentVegetationZoneParameters>
    </SubCatchmentVegetationZone>
  </SubCatchment>
</Catchment>