<?xml version="1.0" encoding="utf-8"?>
<Catchment xmlns:xsi="http://www.w3.org/2001/XMLSchema-instance" xmlns:xsd="http://www.w3.org/2001/XMLSchema">
  <CatchmentParameters>
    <KSI>0.001</KSI>
    <KGmin>0.05</KGmin>
    <RangeKG>0.1</RangeKG>
    <AG>0.1</AG>
    <PERC>6.43826454174672</PERC>
    <Alpha>0</Alpha>
    <UZL>101.21236178128477</UZL>
    <K0>0.60003257718203</K0>
    <K1>0.17978139007016894</K1>
    <K2>0.049178469653793175</K2>
    <MAXBAS>1.000118603381051</MAXBAS>
    <Cet>0</Cet>
    <PCALT>10</PCALT>
    <TCALT>0.6</TCALT>
    <Pelev>3349</Pelev>
    <Telev>2921</Telev>
    <PART>0.5</PART>
    <DELAY>1</DELAY>
  </CatchmentParameters>
  <VegetationZone>
    <VegetationZoneParameters>
      <TT>-0.90580231666697919</TT>
      <CFMAX>4.5532689178149788</CFMAX>
      <SP>0</SP>
      <SFCF>1.1180092835004079</SFCF>
      <CFR>0.021391834856078883</CFR>
      <CWH>0.19999689324419012</CWH>
      <CFGlacier>1</CFGlacier>
      <CFSlope>1</CFSlope>
      <FC>317.05278001687765</FC>
      <LP>0.99999782675580462</LP>
      <BETA>1.0001290266708827</BETA>
    </VegetationZoneParameters>
  </VegetationZone>
  <SubCatchment>
    <SubCatchmentParameters>
      <KSI>0.001</KSI>
      <KGmin>0.05</KGmin>
      <RangeKG>0.1</RangeKG>
      <AG>0.1</AG>
      <PERC>6.43826454174672</PERC>
      <Alpha>0</Alpha>
      <UZL>101.21236178128477</UZL>
      <K0>0.60003257718203</K0>
      <K1>0.17978139007016894</K1>
      <K2>0.049178469653793175</K2>
      <MAXBAS>1.000118603381051</MAXBAS>
      <Cet>0</Cet>
      <PCALT>10</PCALT>
      <TCALT>0.6</TCALT>
      <Pelev>3349</Pelev>
      <Telev>2921</Telev>
      <PART>0.5</PART>
      <DELAY>1</DELAY>
    </SubCatchmentParameters>
    <SubCatchmentVegetationZone>
      <SubCatchmentVegetationZoneParameters>
        <TT>-0.90580231666697919</TT>
        <CFMAX>4.5532689178149788</CFMAX>
        <SP>0</SP>
        <SFCF>1.1180092835004079</SFCF>
        <CFR>0.021391834856078883</CFR>
        <CWH>0.19999689324419012</CWH>
        <CFGlacier>1</CFGlacier>
        <CFSlope>1</CFSlope>
        <FC>317.05278001687765</FC>
        <LP>0.99999782675580462</LP>
        <BETA>1.0001290266708827</BETA>
      </SubCatchmentVegetationZoneParameters>
    </SubCatchmentVegetationZone>
  </SubCatchment>
</Catchment>