<?xml version="1.0" encoding="utf-8"?>
<Catchment xmlns:xsi="http://www.w3.org/2001/XMLSchema-instance" xmlns:xsd="http://www.w3.org/2001/XMLSchema">
  <CatchmentParameters>
    <KSI>0.001</KSI>
    <KGmin>0.05</KGmin>
    <RangeKG>0.1</RangeKG>
    <AG>0.1</AG>
    <PERC>6.1746015281956064</PERC>
    <Alpha>0</Alpha>
    <UZL>92.198866024907389</UZL>
    <K0>0.56367619569972593</K0>
    <K1>0.1774657513013039</K1>
    <K2>0.047183611321282</K2>
    <MAXBAS>1.0000397766368943</MAXBAS>
    <Cet>0</Cet>
    <PCALT>10</PCALT>
    <TCALT>0.6</TCALT>
    <Pelev>3349</Pelev>
    <Telev>2921</Telev>
    <PART>0.5</PART>
    <DELAY>1</DELAY>
  </CatchmentParameters>
  <VegetationZone>
    <VegetationZoneParameters>
      <TT>-1.0546345610423065</TT>
      <CFMAX>4.40558604437779</CFMAX>
      <SP>0</SP>
      <SFCF>1.1541114586553738</SFCF>
      <CFR>0.00045812427294986276</CFR>
      <CWH>0.19998606706449446</CWH>
      <CFGlacier>1</CFGlacier>
      <CFSlope>1</CFSlope>
      <FC>335.21225721210044</FC>
      <LP>0.99999603845622642</LP>
      <BETA>1.1982526796918342</BETA>
    </VegetationZoneParameters>
  </VegetationZone>
  <SubCatchment>
    <SubCatchmentParameters>
      <KSI>0.001</KSI>
      <KGmin>0.05</KGmin>
      <RangeKG>0.1</RangeKG>
      <AG>0.1</AG>
      <PERC>6.1746015281956064</PERC>
      <Alpha>0</Alpha>
      <UZL>92.198866024907389</UZL>
      <K0>0.56367619569972593</K0>
      <K1>0.1774657513013039</K1>
      <K2>0.047183611321282</K2>
      <MAXBAS>1.0000397766368943</MAXBAS>
      <Cet>0</Cet>
      <PCALT>10</PCALT>
      <TCALT>0.6</TCALT>
      <Pelev>3349</Pelev>
      <Telev>2921</Telev>
      <PART>0.5</PART>
      <DELAY>1</DELAY>
    </SubCatchmentParameters>
    <SubCatchmentVegetationZone>
      <SubCatchmentVegetationZoneParameters>
        <TT>-1.0546345610423065</TT>
        <CFMAX>4.40558604437779</CFMAX>
        <SP>0</SP>
        <SFCF>1.1541114586553738</SFCF>
        <CFR>0.00045812427294986276</CFR>
        <CWH>0.19998606706449446</CWH>
        <CFGlacier>1</CFGlacier>
        <CFSlope>1</CFSlope>
        <FC>335.21225721210044</FC>
        <LP>0.99999603845622642</LP>
        <BETA>1.1982526796918342</BETA>
      </SubCatchmentVegetationZoneParameters>
    </SubCatchmentVegetationZone>
  </SubCatchment>
</Catchment>