<?xml version="1.0" encoding="utf-8"?>
<Catchment xmlns:xsi="http://www.w3.org/2001/XMLSchema-instance" xmlns:xsd="http://www.w3.org/2001/XMLSchema">
  <CatchmentParameters>
    <KSI>0.001</KSI>
    <KGmin>0.05</KGmin>
    <RangeKG>0.1</RangeKG>
    <AG>0.1</AG>
    <PERC>2.0427598263084588</PERC>
    <Alpha>0</Alpha>
    <UZL>81.5115004355832</UZL>
    <K0>0.1290342565312266</K0>
    <K1>0.055264835196859451</K1>
    <K2>0.010000002471852799</K2>
    <MAXBAS>1</MAXBAS>
    <Cet>0</Cet>
    <PCALT>10</PCALT>
    <TCALT>0.6</TCALT>
    <Pelev>3349</Pelev>
    <Telev>2921</Telev>
    <PART>0.5</PART>
    <DELAY>1</DELAY>
  </CatchmentParameters>
  <VegetationZone>
    <VegetationZoneParameters>
      <TT>-1.2799983206628434</TT>
      <CFMAX>3.8332843821071578</CFMAX>
      <SP>0</SP>
      <SFCF>1.0984153336691662</SFCF>
      <CFR>1.6315081761377192E-09</CFR>
      <CWH>0.14156012254128214</CWH>
      <CFGlacier>1</CFGlacier>
      <CFSlope>1</CFSlope>
      <FC>130.54533607656114</FC>
      <LP>0.74290901699609146</LP>
      <BETA>1.0904253954529046</BETA>
    </VegetationZoneParameters>
  </VegetationZone>
  <SubCatchment>
    <SubCatchmentParameters>
      <KSI>0.001</KSI>
      <KGmin>0.05</KGmin>
      <RangeKG>0.1</RangeKG>
      <AG>0.1</AG>
      <PERC>2.0427598263084588</PERC>
      <Alpha>0</Alpha>
      <UZL>81.5115004355832</UZL>
      <K0>0.1290342565312266</K0>
      <K1>0.055264835196859451</K1>
      <K2>0.010000002471852799</K2>
      <MAXBAS>1</MAXBAS>
      <Cet>0</Cet>
      <PCALT>10</PCALT>
      <TCALT>0.6</TCALT>
      <Pelev>3349</Pelev>
      <Telev>2921</Telev>
      <PART>0.5</PART>
      <DELAY>1</DELAY>
    </SubCatchmentParameters>
    <SubCatchmentVegetationZone>
      <SubCatchmentVegetationZoneParameters>
        <TT>-1.2799983206628434</TT>
        <CFMAX>3.8332843821071578</CFMAX>
        <SP>0</SP>
        <SFCF>1.0984153336691662</SFCF>
        <CFR>1.6315081761377192E-09</CFR>
        <CWH>0.14156012254128214</CWH>
        <CFGlacier>1</CFGlacier>
        <CFSlope>1</CFSlope>
        <FC>130.54533607656114</FC>
        <LP>0.74290901699609146</LP>
        <BETA>1.0904253954529046</BETA>
      </SubCatchmentVegetationZoneParameters>
    </SubCatchmentVegetationZone>
  </SubCatchment>
</Catchment>