<?xml version="1.0" encoding="utf-8"?>
<Catchment xmlns:xsi="http://www.w3.org/2001/XMLSchema-instance" xmlns:xsd="http://www.w3.org/2001/XMLSchema">
  <CatchmentParameters>
    <KSI>0.001</KSI>
    <KGmin>0.05</KGmin>
    <RangeKG>0.1</RangeKG>
    <AG>0.1</AG>
    <PERC>7.0440806081751619</PERC>
    <Alpha>0</Alpha>
    <UZL>112.4753355744981</UZL>
    <K0>0.26741406965986797</K0>
    <K1>0.20669228267088821</K1>
    <K2>0.054903507915507195</K2>
    <MAXBAS>1.006695636318331</MAXBAS>
    <Cet>0</Cet>
    <PCALT>10</PCALT>
    <TCALT>0.6</TCALT>
    <Pelev>3349</Pelev>
    <Telev>2921</Telev>
    <PART>0.5</PART>
    <DELAY>1</DELAY>
  </CatchmentParameters>
  <VegetationZone>
    <VegetationZoneParameters>
      <TT>-0.22799414070617158</TT>
      <CFMAX>4.15084724676832</CFMAX>
      <SP>0</SP>
      <SFCF>0.93940778895160548</SFCF>
      <CFR>0.027425451137620262</CFR>
      <CWH>0.16601972868084389</CWH>
      <CFGlacier>1</CFGlacier>
      <CFSlope>1</CFSlope>
      <FC>146.02009594842147</FC>
      <LP>0.99999846272170112</LP>
      <BETA>1.0000001648317782</BETA>
    </VegetationZoneParameters>
  </VegetationZone>
  <SubCatchment>
    <SubCatchmentParameters>
      <KSI>0.001</KSI>
      <KGmin>0.05</KGmin>
      <RangeKG>0.1</RangeKG>
      <AG>0.1</AG>
      <PERC>7.0440806081751619</PERC>
      <Alpha>0</Alpha>
      <UZL>112.4753355744981</UZL>
      <K0>0.26741406965986797</K0>
      <K1>0.20669228267088821</K1>
      <K2>0.054903507915507195</K2>
      <MAXBAS>1.006695636318331</MAXBAS>
      <Cet>0</Cet>
      <PCALT>10</PCALT>
      <TCALT>0.6</TCALT>
      <Pelev>3349</Pelev>
      <Telev>2921</Telev>
      <PART>0.5</PART>
      <DELAY>1</DELAY>
    </SubCatchmentParameters>
    <SubCatchmentVegetationZone>
      <SubCatchmentVegetationZoneParameters>
        <TT>-0.22799414070617158</TT>
        <CFMAX>4.15084724676832</CFMAX>
        <SP>0</SP>
        <SFCF>0.93940778895160548</SFCF>
        <CFR>0.027425451137620262</CFR>
        <CWH>0.16601972868084389</CWH>
        <CFGlacier>1</CFGlacier>
        <CFSlope>1</CFSlope>
        <FC>146.02009594842147</FC>
        <LP>0.99999846272170112</LP>
        <BETA>1.0000001648317782</BETA>
      </SubCatchmentVegetationZoneParameters>
    </SubCatchmentVegetationZone>
  </SubCatchment>
</Catchment>