<?xml version="1.0" encoding="utf-8"?>
<Catchment xmlns:xsi="http://www.w3.org/2001/XMLSchema-instance" xmlns:xsd="http://www.w3.org/2001/XMLSchema">
  <CatchmentParameters>
    <KSI>0.001</KSI>
    <KGmin>0.05</KGmin>
    <RangeKG>0.1</RangeKG>
    <AG>0.1</AG>
    <PERC>3.5153685790587632</PERC>
    <Alpha>0</Alpha>
    <UZL>44.134829085823739</UZL>
    <K0>0.14834162405879992</K0>
    <K1>0.061037385842459276</K1>
    <K2>0.041734806899620273</K2>
    <MAXBAS>1.0000000008456782</MAXBAS>
    <Cet>0</Cet>
    <PCALT>10</PCALT>
    <TCALT>0.6</TCALT>
    <Pelev>3349</Pelev>
    <Telev>2921</Telev>
    <PART>0.5</PART>
    <DELAY>1</DELAY>
  </CatchmentParameters>
  <VegetationZone>
    <VegetationZoneParameters>
      <TT>-1.2701861761902404</TT>
      <CFMAX>4.0054258358112644</CFMAX>
      <SP>0</SP>
      <SFCF>1.1332969894049567</SFCF>
      <CFR>0.032184602713834713</CFR>
      <CWH>0.1477444693889903</CWH>
      <CFGlacier>1</CFGlacier>
      <CFSlope>1</CFSlope>
      <FC>298.219340326466</FC>
      <LP>0.99998643229294593</LP>
      <BETA>1.0000012031906502</BETA>
    </VegetationZoneParameters>
  </VegetationZone>
  <SubCatchment>
    <SubCatchmentParameters>
      <KSI>0.001</KSI>
      <KGmin>0.05</KGmin>
      <RangeKG>0.1</RangeKG>
      <AG>0.1</AG>
      <PERC>3.5153685790587632</PERC>
      <Alpha>0</Alpha>
      <UZL>44.134829085823739</UZL>
      <K0>0.14834162405879992</K0>
      <K1>0.061037385842459276</K1>
      <K2>0.041734806899620273</K2>
      <MAXBAS>1.0000000008456782</MAXBAS>
      <Cet>0</Cet>
      <PCALT>10</PCALT>
      <TCALT>0.6</TCALT>
      <Pelev>3349</Pelev>
      <Telev>2921</Telev>
      <PART>0.5</PART>
      <DELAY>1</DELAY>
    </SubCatchmentParameters>
    <SubCatchmentVegetationZone>
      <SubCatchmentVegetationZoneParameters>
        <TT>-1.2701861761902404</TT>
        <CFMAX>4.0054258358112644</CFMAX>
        <SP>0</SP>
        <SFCF>1.1332969894049567</SFCF>
        <CFR>0.032184602713834713</CFR>
        <CWH>0.1477444693889903</CWH>
        <CFGlacier>1</CFGlacier>
        <CFSlope>1</CFSlope>
        <FC>298.219340326466</FC>
        <LP>0.99998643229294593</LP>
        <BETA>1.0000012031906502</BETA>
      </SubCatchmentVegetationZoneParameters>
    </SubCatchmentVegetationZone>
  </SubCatchment>
</Catchment>