<?xml version="1.0" encoding="utf-8"?>
<Catchment xmlns:xsi="http://www.w3.org/2001/XMLSchema-instance" xmlns:xsd="http://www.w3.org/2001/XMLSchema">
  <CatchmentParameters>
    <KSI>0.001</KSI>
    <KGmin>0.05</KGmin>
    <RangeKG>0.1</RangeKG>
    <AG>0.1</AG>
    <PERC>1.798454689572706</PERC>
    <Alpha>0</Alpha>
    <UZL>101.97554608882408</UZL>
    <K0>0.15823055718455942</K0>
    <K1>0.044536013442121616</K1>
    <K2>0.010000000667929363</K2>
    <MAXBAS>1</MAXBAS>
    <Cet>0</Cet>
    <PCALT>10</PCALT>
    <TCALT>0.6</TCALT>
    <Pelev>3349</Pelev>
    <Telev>2921</Telev>
    <PART>0.5</PART>
    <DELAY>1</DELAY>
  </CatchmentParameters>
  <VegetationZone>
    <VegetationZoneParameters>
      <TT>-1.3771423157242628</TT>
      <CFMAX>3.6203387159314673</CFMAX>
      <SP>0</SP>
      <SFCF>1.074966120590324</SFCF>
      <CFR>3.7887129558644966E-07</CFR>
      <CWH>0.14368312461887625</CWH>
      <CFGlacier>1</CFGlacier>
      <CFSlope>1</CFSlope>
      <FC>104.87391266390708</FC>
      <LP>0.81725907600346148</LP>
      <BETA>1.3520275788086682</BETA>
    </VegetationZoneParameters>
  </VegetationZone>
  <SubCatchment>
    <SubCatchmentParameters>
      <KSI>0.001</KSI>
      <KGmin>0.05</KGmin>
      <RangeKG>0.1</RangeKG>
      <AG>0.1</AG>
      <PERC>1.798454689572706</PERC>
      <Alpha>0</Alpha>
      <UZL>101.97554608882408</UZL>
      <K0>0.15823055718455942</K0>
      <K1>0.044536013442121616</K1>
      <K2>0.010000000667929363</K2>
      <MAXBAS>1</MAXBAS>
      <Cet>0</Cet>
      <PCALT>10</PCALT>
      <TCALT>0.6</TCALT>
      <Pelev>3349</Pelev>
      <Telev>2921</Telev>
      <PART>0.5</PART>
      <DELAY>1</DELAY>
    </SubCatchmentParameters>
    <SubCatchmentVegetationZone>
      <SubCatchmentVegetationZoneParameters>
        <TT>-1.3771423157242628</TT>
        <CFMAX>3.6203387159314673</CFMAX>
        <SP>0</SP>
        <SFCF>1.074966120590324</SFCF>
        <CFR>3.7887129558644966E-07</CFR>
        <CWH>0.14368312461887625</CWH>
        <CFGlacier>1</CFGlacier>
        <CFSlope>1</CFSlope>
        <FC>104.87391266390708</FC>
        <LP>0.81725907600346148</LP>
        <BETA>1.3520275788086682</BETA>
      </SubCatchmentVegetationZoneParameters>
    </SubCatchmentVegetationZone>
  </SubCatchment>
</Catchment>