<?xml version="1.0" encoding="utf-8"?>
<Catchment xmlns:xsi="http://www.w3.org/2001/XMLSchema-instance" xmlns:xsd="http://www.w3.org/2001/XMLSchema">
  <CatchmentParameters>
    <KSI>0.001</KSI>
    <KGmin>0.05</KGmin>
    <RangeKG>0.1</RangeKG>
    <AG>0.1</AG>
    <PERC>1.17106922913386</PERC>
    <Alpha>0</Alpha>
    <UZL>85.0703698898864</UZL>
    <K0>0.16820890711458858</K0>
    <K1>0.0622965760992949</K1>
    <K2>0.010000039793657817</K2>
    <MAXBAS>1</MAXBAS>
    <Cet>0</Cet>
    <PCALT>10</PCALT>
    <TCALT>0.6</TCALT>
    <Pelev>3349</Pelev>
    <Telev>2921</Telev>
    <PART>0.5</PART>
    <DELAY>1</DELAY>
  </CatchmentParameters>
  <VegetationZone>
    <VegetationZoneParameters>
      <TT>-1.769969498606762</TT>
      <CFMAX>4.563769027100701</CFMAX>
      <SP>0</SP>
      <SFCF>1.477159403766021</SFCF>
      <CFR>0.00036855192019449276</CFR>
      <CWH>0.18688311882904699</CWH>
      <CFGlacier>1</CFGlacier>
      <CFSlope>1</CFSlope>
      <FC>2019.5661875159169</FC>
      <LP>0.927639799409562</LP>
      <BETA>1.3723327935847873</BETA>
    </VegetationZoneParameters>
  </VegetationZone>
  <SubCatchment>
    <SubCatchmentParameters>
      <KSI>0.001</KSI>
      <KGmin>0.05</KGmin>
      <RangeKG>0.1</RangeKG>
      <AG>0.1</AG>
      <PERC>1.17106922913386</PERC>
      <Alpha>0</Alpha>
      <UZL>85.0703698898864</UZL>
      <K0>0.16820890711458858</K0>
      <K1>0.0622965760992949</K1>
      <K2>0.010000039793657817</K2>
      <MAXBAS>1</MAXBAS>
      <Cet>0</Cet>
      <PCALT>10</PCALT>
      <TCALT>0.6</TCALT>
      <Pelev>3349</Pelev>
      <Telev>2921</Telev>
      <PART>0.5</PART>
      <DELAY>1</DELAY>
    </SubCatchmentParameters>
    <SubCatchmentVegetationZone>
      <SubCatchmentVegetationZoneParameters>
        <TT>-1.769969498606762</TT>
        <CFMAX>4.563769027100701</CFMAX>
        <SP>0</SP>
        <SFCF>1.477159403766021</SFCF>
        <CFR>0.00036855192019449276</CFR>
        <CWH>0.18688311882904699</CWH>
        <CFGlacier>1</CFGlacier>
        <CFSlope>1</CFSlope>
        <FC>2019.5661875159169</FC>
        <LP>0.927639799409562</LP>
        <BETA>1.3723327935847873</BETA>
      </SubCatchmentVegetationZoneParameters>
    </SubCatchmentVegetationZone>
  </SubCatchment>
</Catchment>