<?xml version="1.0" encoding="utf-8"?>
<Catchment xmlns:xsi="http://www.w3.org/2001/XMLSchema-instance" xmlns:xsd="http://www.w3.org/2001/XMLSchema">
  <CatchmentParameters>
    <KSI>0.001</KSI>
    <KGmin>0.05</KGmin>
    <RangeKG>0.1</RangeKG>
    <AG>0.1</AG>
    <PERC>2.0288231686779921</PERC>
    <Alpha>0</Alpha>
    <UZL>78.689659355141814</UZL>
    <K0>0.12493262503234809</K0>
    <K1>0.054141105901613112</K1>
    <K2>0.010000003520579065</K2>
    <MAXBAS>1</MAXBAS>
    <Cet>0</Cet>
    <PCALT>10</PCALT>
    <TCALT>0.6</TCALT>
    <Pelev>3349</Pelev>
    <Telev>2921</Telev>
    <PART>0.5</PART>
    <DELAY>1</DELAY>
  </CatchmentParameters>
  <VegetationZone>
    <VegetationZoneParameters>
      <TT>-1.7214043803800849</TT>
      <CFMAX>4.0326286509334581</CFMAX>
      <SP>0</SP>
      <SFCF>1.2723125184915731</SFCF>
      <CFR>1.8890120823941953E-09</CFR>
      <CWH>0.10000019556169776</CWH>
      <CFGlacier>1</CFGlacier>
      <CFSlope>1</CFSlope>
      <FC>266.68058165108778</FC>
      <LP>0.74110886787801622</LP>
      <BETA>1.3273561446294047</BETA>
    </VegetationZoneParameters>
  </VegetationZone>
  <SubCatchment>
    <SubCatchmentParameters>
      <KSI>0.001</KSI>
      <KGmin>0.05</KGmin>
      <RangeKG>0.1</RangeKG>
      <AG>0.1</AG>
      <PERC>2.0288231686779921</PERC>
      <Alpha>0</Alpha>
      <UZL>78.689659355141814</UZL>
      <K0>0.12493262503234809</K0>
      <K1>0.054141105901613112</K1>
      <K2>0.010000003520579065</K2>
      <MAXBAS>1</MAXBAS>
      <Cet>0</Cet>
      <PCALT>10</PCALT>
      <TCALT>0.6</TCALT>
      <Pelev>3349</Pelev>
      <Telev>2921</Telev>
      <PART>0.5</PART>
      <DELAY>1</DELAY>
    </SubCatchmentParameters>
    <SubCatchmentVegetationZone>
      <SubCatchmentVegetationZoneParameters>
        <TT>-1.7214043803800849</TT>
        <CFMAX>4.0326286509334581</CFMAX>
        <SP>0</SP>
        <SFCF>1.2723125184915731</SFCF>
        <CFR>1.8890120823941953E-09</CFR>
        <CWH>0.10000019556169776</CWH>
        <CFGlacier>1</CFGlacier>
        <CFSlope>1</CFSlope>
        <FC>266.68058165108778</FC>
        <LP>0.74110886787801622</LP>
        <BETA>1.3273561446294047</BETA>
      </SubCatchmentVegetationZoneParameters>
    </SubCatchmentVegetationZone>
  </SubCatchment>
</Catchment>