<?xml version="1.0" encoding="utf-8"?>
<Catchment xmlns:xsi="http://www.w3.org/2001/XMLSchema-instance" xmlns:xsd="http://www.w3.org/2001/XMLSchema">
  <CatchmentParameters>
    <KSI>0.001</KSI>
    <KGmin>0.05</KGmin>
    <RangeKG>0.1</RangeKG>
    <AG>0.1</AG>
    <PERC>6.1670949038942044</PERC>
    <Alpha>0</Alpha>
    <UZL>105.0212815995353</UZL>
    <K0>0.58488898376734533</K0>
    <K1>0.18203418616727823</K1>
    <K2>0.050139264389660342</K2>
    <MAXBAS>1.0046146628975965</MAXBAS>
    <Cet>0</Cet>
    <PCALT>10</PCALT>
    <TCALT>0.6</TCALT>
    <Pelev>3349</Pelev>
    <Telev>2921</Telev>
    <PART>0.5</PART>
    <DELAY>1</DELAY>
  </CatchmentParameters>
  <VegetationZone>
    <VegetationZoneParameters>
      <TT>-1.4254260913323049</TT>
      <CFMAX>4.5983469869745619</CFMAX>
      <SP>0</SP>
      <SFCF>1.2865011280423404</SFCF>
      <CFR>0.026412203763440497</CFR>
      <CWH>0.17470582089824252</CWH>
      <CFGlacier>1</CFGlacier>
      <CFSlope>1</CFSlope>
      <FC>549.27647977150968</FC>
      <LP>0.97673351856160051</LP>
      <BETA>1.3668514650706025</BETA>
    </VegetationZoneParameters>
  </VegetationZone>
  <SubCatchment>
    <SubCatchmentParameters>
      <KSI>0.001</KSI>
      <KGmin>0.05</KGmin>
      <RangeKG>0.1</RangeKG>
      <AG>0.1</AG>
      <PERC>6.1670949038942044</PERC>
      <Alpha>0</Alpha>
      <UZL>105.0212815995353</UZL>
      <K0>0.58488898376734533</K0>
      <K1>0.18203418616727823</K1>
      <K2>0.050139264389660342</K2>
      <MAXBAS>1.0046146628975965</MAXBAS>
      <Cet>0</Cet>
      <PCALT>10</PCALT>
      <TCALT>0.6</TCALT>
      <Pelev>3349</Pelev>
      <Telev>2921</Telev>
      <PART>0.5</PART>
      <DELAY>1</DELAY>
    </SubCatchmentParameters>
    <SubCatchmentVegetationZone>
      <SubCatchmentVegetationZoneParameters>
        <TT>-1.4254260913323049</TT>
        <CFMAX>4.5983469869745619</CFMAX>
        <SP>0</SP>
        <SFCF>1.2865011280423404</SFCF>
        <CFR>0.026412203763440497</CFR>
        <CWH>0.17470582089824252</CWH>
        <CFGlacier>1</CFGlacier>
        <CFSlope>1</CFSlope>
        <FC>549.27647977150968</FC>
        <LP>0.97673351856160051</LP>
        <BETA>1.3668514650706025</BETA>
      </SubCatchmentVegetationZoneParameters>
    </SubCatchmentVegetationZone>
  </SubCatchment>
</Catchment>