<?xml version="1.0" encoding="utf-8"?>
<Catchment xmlns:xsi="http://www.w3.org/2001/XMLSchema-instance" xmlns:xsd="http://www.w3.org/2001/XMLSchema">
  <CatchmentParameters>
    <KSI>0.001</KSI>
    <KGmin>0.05</KGmin>
    <RangeKG>0.1</RangeKG>
    <AG>0.1</AG>
    <PERC>5.3812821529819814</PERC>
    <Alpha>0</Alpha>
    <UZL>155.42727325321886</UZL>
    <K0>0.17945124187870198</K0>
    <K1>0.15785543745245051</K1>
    <K2>0.03873567213616845</K2>
    <MAXBAS>1.0000290078097878</MAXBAS>
    <Cet>0</Cet>
    <PCALT>10</PCALT>
    <TCALT>0.6</TCALT>
    <Pelev>3349</Pelev>
    <Telev>2921</Telev>
    <PART>0.5</PART>
    <DELAY>1</DELAY>
  </CatchmentParameters>
  <VegetationZone>
    <VegetationZoneParameters>
      <TT>-0.92085248265780173</TT>
      <CFMAX>4.4937919775694466</CFMAX>
      <SP>0</SP>
      <SFCF>1.1033767845492388</SFCF>
      <CFR>0.021814592965731783</CFR>
      <CWH>0.19998417085708808</CWH>
      <CFGlacier>1</CFGlacier>
      <CFSlope>1</CFSlope>
      <FC>260.95534414889573</FC>
      <LP>0.999991964183822</LP>
      <BETA>1.1264706516489094</BETA>
    </VegetationZoneParameters>
  </VegetationZone>
  <SubCatchment>
    <SubCatchmentParameters>
      <KSI>0.001</KSI>
      <KGmin>0.05</KGmin>
      <RangeKG>0.1</RangeKG>
      <AG>0.1</AG>
      <PERC>5.3812821529819814</PERC>
      <Alpha>0</Alpha>
      <UZL>155.42727325321886</UZL>
      <K0>0.17945124187870198</K0>
      <K1>0.15785543745245051</K1>
      <K2>0.03873567213616845</K2>
      <MAXBAS>1.0000290078097878</MAXBAS>
      <Cet>0</Cet>
      <PCALT>10</PCALT>
      <TCALT>0.6</TCALT>
      <Pelev>3349</Pelev>
      <Telev>2921</Telev>
      <PART>0.5</PART>
      <DELAY>1</DELAY>
    </SubCatchmentParameters>
    <SubCatchmentVegetationZone>
      <SubCatchmentVegetationZoneParameters>
        <TT>-0.92085248265780173</TT>
        <CFMAX>4.4937919775694466</CFMAX>
        <SP>0</SP>
        <SFCF>1.1033767845492388</SFCF>
        <CFR>0.021814592965731783</CFR>
        <CWH>0.19998417085708808</CWH>
        <CFGlacier>1</CFGlacier>
        <CFSlope>1</CFSlope>
        <FC>260.95534414889573</FC>
        <LP>0.999991964183822</LP>
        <BETA>1.1264706516489094</BETA>
      </SubCatchmentVegetationZoneParameters>
    </SubCatchmentVegetationZone>
  </SubCatchment>
</Catchment>