<?xml version="1.0" encoding="utf-8"?>
<Catchment xmlns:xsi="http://www.w3.org/2001/XMLSchema-instance" xmlns:xsd="http://www.w3.org/2001/XMLSchema">
  <CatchmentParameters>
    <KSI>0.001</KSI>
    <KGmin>0.05</KGmin>
    <RangeKG>0.1</RangeKG>
    <AG>0.1</AG>
    <PERC>1.1175545297301444</PERC>
    <Alpha>0</Alpha>
    <UZL>67.675507224397251</UZL>
    <K0>0.52605981129514345</K0>
    <K1>0.08594995133884048</K1>
    <K2>0.010000002088105872</K2>
    <MAXBAS>1</MAXBAS>
    <Cet>0</Cet>
    <PCALT>10</PCALT>
    <TCALT>0.6</TCALT>
    <Pelev>3349</Pelev>
    <Telev>2921</Telev>
    <PART>0.5</PART>
    <DELAY>1</DELAY>
  </CatchmentParameters>
  <VegetationZone>
    <VegetationZoneParameters>
      <TT>-1.1578844498727852</TT>
      <CFMAX>4.1608735631607621</CFMAX>
      <SP>0</SP>
      <SFCF>1.3914928017017711</SFCF>
      <CFR>5.0931681609167543E-05</CFR>
      <CWH>0.10000000024462266</CWH>
      <CFGlacier>1</CFGlacier>
      <CFSlope>1</CFSlope>
      <FC>2414.9774682498878</FC>
      <LP>0.83491918122421827</LP>
      <BETA>1.0200221543236616</BETA>
    </VegetationZoneParameters>
  </VegetationZone>
  <SubCatchment>
    <SubCatchmentParameters>
      <KSI>0.001</KSI>
      <KGmin>0.05</KGmin>
      <RangeKG>0.1</RangeKG>
      <AG>0.1</AG>
      <PERC>1.1175545297301444</PERC>
      <Alpha>0</Alpha>
      <UZL>67.675507224397251</UZL>
      <K0>0.52605981129514345</K0>
      <K1>0.08594995133884048</K1>
      <K2>0.010000002088105872</K2>
      <MAXBAS>1</MAXBAS>
      <Cet>0</Cet>
      <PCALT>10</PCALT>
      <TCALT>0.6</TCALT>
      <Pelev>3349</Pelev>
      <Telev>2921</Telev>
      <PART>0.5</PART>
      <DELAY>1</DELAY>
    </SubCatchmentParameters>
    <SubCatchmentVegetationZone>
      <SubCatchmentVegetationZoneParameters>
        <TT>-1.1578844498727852</TT>
        <CFMAX>4.1608735631607621</CFMAX>
        <SP>0</SP>
        <SFCF>1.3914928017017711</SFCF>
        <CFR>5.0931681609167543E-05</CFR>
        <CWH>0.10000000024462266</CWH>
        <CFGlacier>1</CFGlacier>
        <CFSlope>1</CFSlope>
        <FC>2414.9774682498878</FC>
        <LP>0.83491918122421827</LP>
        <BETA>1.0200221543236616</BETA>
      </SubCatchmentVegetationZoneParameters>
    </SubCatchmentVegetationZone>
  </SubCatchment>
</Catchment>