<?xml version="1.0" encoding="utf-8"?>
<Catchment xmlns:xsi="http://www.w3.org/2001/XMLSchema-instance" xmlns:xsd="http://www.w3.org/2001/XMLSchema">
  <CatchmentParameters>
    <KSI>0.001</KSI>
    <KGmin>0.05</KGmin>
    <RangeKG>0.1</RangeKG>
    <AG>0.1</AG>
    <PERC>5.62469924225511</PERC>
    <Alpha>0</Alpha>
    <UZL>161.45694698273991</UZL>
    <K0>0.59891966065716462</K0>
    <K1>0.19038845125838638</K1>
    <K2>0.049186478690558866</K2>
    <MAXBAS>1.0000102276484904</MAXBAS>
    <Cet>0</Cet>
    <PCALT>10</PCALT>
    <TCALT>0.6</TCALT>
    <Pelev>3349</Pelev>
    <Telev>2921</Telev>
    <PART>0.5</PART>
    <DELAY>1</DELAY>
  </CatchmentParameters>
  <VegetationZone>
    <VegetationZoneParameters>
      <TT>-1.7438901564724296</TT>
      <CFMAX>4.1413126820160322</CFMAX>
      <SP>0</SP>
      <SFCF>1.3073613247076799</SFCF>
      <CFR>0.00072286178787379376</CFR>
      <CWH>0.19999968708121094</CWH>
      <CFGlacier>1</CFGlacier>
      <CFSlope>1</CFSlope>
      <FC>545.26222951431987</FC>
      <LP>0.99999792987430791</LP>
      <BETA>1.665776077142765</BETA>
    </VegetationZoneParameters>
  </VegetationZone>
  <SubCatchment>
    <SubCatchmentParameters>
      <KSI>0.001</KSI>
      <KGmin>0.05</KGmin>
      <RangeKG>0.1</RangeKG>
      <AG>0.1</AG>
      <PERC>5.62469924225511</PERC>
      <Alpha>0</Alpha>
      <UZL>161.45694698273991</UZL>
      <K0>0.59891966065716462</K0>
      <K1>0.19038845125838638</K1>
      <K2>0.049186478690558866</K2>
      <MAXBAS>1.0000102276484904</MAXBAS>
      <Cet>0</Cet>
      <PCALT>10</PCALT>
      <TCALT>0.6</TCALT>
      <Pelev>3349</Pelev>
      <Telev>2921</Telev>
      <PART>0.5</PART>
      <DELAY>1</DELAY>
    </SubCatchmentParameters>
    <SubCatchmentVegetationZone>
      <SubCatchmentVegetationZoneParameters>
        <TT>-1.7438901564724296</TT>
        <CFMAX>4.1413126820160322</CFMAX>
        <SP>0</SP>
        <SFCF>1.3073613247076799</SFCF>
        <CFR>0.00072286178787379376</CFR>
        <CWH>0.19999968708121094</CWH>
        <CFGlacier>1</CFGlacier>
        <CFSlope>1</CFSlope>
        <FC>545.26222951431987</FC>
        <LP>0.99999792987430791</LP>
        <BETA>1.665776077142765</BETA>
      </SubCatchmentVegetationZoneParameters>
    </SubCatchmentVegetationZone>
  </SubCatchment>
</Catchment>