<?xml version="1.0" encoding="utf-8"?>
<Catchment xmlns:xsi="http://www.w3.org/2001/XMLSchema-instance" xmlns:xsd="http://www.w3.org/2001/XMLSchema">
  <CatchmentParameters>
    <KSI>0.001</KSI>
    <KGmin>0.05</KGmin>
    <RangeKG>0.1</RangeKG>
    <AG>0.1</AG>
    <PERC>1.7195912190466163</PERC>
    <Alpha>0</Alpha>
    <UZL>157.52902590898719</UZL>
    <K0>0.32179764984514864</K0>
    <K1>0.11605373266725684</K1>
    <K2>0.012394355530216488</K2>
    <MAXBAS>1</MAXBAS>
    <Cet>0</Cet>
    <PCALT>10</PCALT>
    <TCALT>0.6</TCALT>
    <Pelev>3349</Pelev>
    <Telev>2921</Telev>
    <PART>0.5</PART>
    <DELAY>1</DELAY>
  </CatchmentParameters>
  <VegetationZone>
    <VegetationZoneParameters>
      <TT>-2.0800092182676959</TT>
      <CFMAX>4.0389089154909179</CFMAX>
      <SP>0</SP>
      <SFCF>1.4077493475785148</SFCF>
      <CFR>0.051050398689508079</CFR>
      <CWH>0.19990841872941298</CWH>
      <CFGlacier>1</CFGlacier>
      <CFSlope>1</CFSlope>
      <FC>1982.5454697105051</FC>
      <LP>0.95027091464530822</LP>
      <BETA>1.1648502410199475</BETA>
    </VegetationZoneParameters>
  </VegetationZone>
  <SubCatchment>
    <SubCatchmentParameters>
      <KSI>0.001</KSI>
      <KGmin>0.05</KGmin>
      <RangeKG>0.1</RangeKG>
      <AG>0.1</AG>
      <PERC>1.7195912190466163</PERC>
      <Alpha>0</Alpha>
      <UZL>157.52902590898719</UZL>
      <K0>0.32179764984514864</K0>
      <K1>0.11605373266725684</K1>
      <K2>0.012394355530216488</K2>
      <MAXBAS>1</MAXBAS>
      <Cet>0</Cet>
      <PCALT>10</PCALT>
      <TCALT>0.6</TCALT>
      <Pelev>3349</Pelev>
      <Telev>2921</Telev>
      <PART>0.5</PART>
      <DELAY>1</DELAY>
    </SubCatchmentParameters>
    <SubCatchmentVegetationZone>
      <SubCatchmentVegetationZoneParameters>
        <TT>-2.0800092182676959</TT>
        <CFMAX>4.0389089154909179</CFMAX>
        <SP>0</SP>
        <SFCF>1.4077493475785148</SFCF>
        <CFR>0.051050398689508079</CFR>
        <CWH>0.19990841872941298</CWH>
        <CFGlacier>1</CFGlacier>
        <CFSlope>1</CFSlope>
        <FC>1982.5454697105051</FC>
        <LP>0.95027091464530822</LP>
        <BETA>1.1648502410199475</BETA>
      </SubCatchmentVegetationZoneParameters>
    </SubCatchmentVegetationZone>
  </SubCatchment>
</Catchment>