<?xml version="1.0" encoding="utf-8"?>
<Catchment xmlns:xsi="http://www.w3.org/2001/XMLSchema-instance" xmlns:xsd="http://www.w3.org/2001/XMLSchema">
  <CatchmentParameters>
    <KSI>0.001</KSI>
    <KGmin>0.05</KGmin>
    <RangeKG>0.1</RangeKG>
    <AG>0.1</AG>
    <PERC>6.6461804736100483</PERC>
    <Alpha>0</Alpha>
    <UZL>83.8405465276115</UZL>
    <K0>0.47239663326546583</K0>
    <K1>0.21154145264335392</K1>
    <K2>0.05377719370296706</K2>
    <MAXBAS>1.0000942576073781</MAXBAS>
    <Cet>0</Cet>
    <PCALT>10</PCALT>
    <TCALT>0.6</TCALT>
    <Pelev>3349</Pelev>
    <Telev>2921</Telev>
    <PART>0.5</PART>
    <DELAY>1</DELAY>
  </CatchmentParameters>
  <VegetationZone>
    <VegetationZoneParameters>
      <TT>-0.927999987783666</TT>
      <CFMAX>3.5784565098999028</CFMAX>
      <SP>0</SP>
      <SFCF>0.968113535518923</SFCF>
      <CFR>0.0659579650459062</CFR>
      <CWH>0.19057049439424276</CWH>
      <CFGlacier>1</CFGlacier>
      <CFSlope>1</CFSlope>
      <FC>146.21129952674684</FC>
      <LP>0.9999951211305439</LP>
      <BETA>1.0000019539637435</BETA>
    </VegetationZoneParameters>
  </VegetationZone>
  <SubCatchment>
    <SubCatchmentParameters>
      <KSI>0.001</KSI>
      <KGmin>0.05</KGmin>
      <RangeKG>0.1</RangeKG>
      <AG>0.1</AG>
      <PERC>6.6461804736100483</PERC>
      <Alpha>0</Alpha>
      <UZL>83.8405465276115</UZL>
      <K0>0.47239663326546583</K0>
      <K1>0.21154145264335392</K1>
      <K2>0.05377719370296706</K2>
      <MAXBAS>1.0000942576073781</MAXBAS>
      <Cet>0</Cet>
      <PCALT>10</PCALT>
      <TCALT>0.6</TCALT>
      <Pelev>3349</Pelev>
      <Telev>2921</Telev>
      <PART>0.5</PART>
      <DELAY>1</DELAY>
    </SubCatchmentParameters>
    <SubCatchmentVegetationZone>
      <SubCatchmentVegetationZoneParameters>
        <TT>-0.927999987783666</TT>
        <CFMAX>3.5784565098999028</CFMAX>
        <SP>0</SP>
        <SFCF>0.968113535518923</SFCF>
        <CFR>0.0659579650459062</CFR>
        <CWH>0.19057049439424276</CWH>
        <CFGlacier>1</CFGlacier>
        <CFSlope>1</CFSlope>
        <FC>146.21129952674684</FC>
        <LP>0.9999951211305439</LP>
        <BETA>1.0000019539637435</BETA>
      </SubCatchmentVegetationZoneParameters>
    </SubCatchmentVegetationZone>
  </SubCatchment>
</Catchment>