<?xml version="1.0" encoding="utf-8"?>
<Catchment xmlns:xsi="http://www.w3.org/2001/XMLSchema-instance" xmlns:xsd="http://www.w3.org/2001/XMLSchema">
  <CatchmentParameters>
    <KSI>0.001</KSI>
    <KGmin>0.05</KGmin>
    <RangeKG>0.1</RangeKG>
    <AG>0.1</AG>
    <PERC>6.5544139188241921</PERC>
    <Alpha>0</Alpha>
    <UZL>179.87368530517418</UZL>
    <K0>0.29736253513040128</K0>
    <K1>0.17589987010755867</K1>
    <K2>0.046450910640303267</K2>
    <MAXBAS>1.0035066121639051</MAXBAS>
    <Cet>0</Cet>
    <PCALT>10</PCALT>
    <TCALT>0.6</TCALT>
    <Pelev>3349</Pelev>
    <Telev>2921</Telev>
    <PART>0.5</PART>
    <DELAY>1</DELAY>
  </CatchmentParameters>
  <VegetationZone>
    <VegetationZoneParameters>
      <TT>-0.90831713675013792</TT>
      <CFMAX>4.7213441835591441</CFMAX>
      <SP>0</SP>
      <SFCF>1.1515712307472032</SFCF>
      <CFR>0.021030050758828939</CFR>
      <CWH>0.19139018042269992</CWH>
      <CFGlacier>1</CFGlacier>
      <CFSlope>1</CFSlope>
      <FC>332.78129051809026</FC>
      <LP>0.99999178175317927</LP>
      <BETA>1.0552285921685602</BETA>
    </VegetationZoneParameters>
  </VegetationZone>
  <SubCatchment>
    <SubCatchmentParameters>
      <KSI>0.001</KSI>
      <KGmin>0.05</KGmin>
      <RangeKG>0.1</RangeKG>
      <AG>0.1</AG>
      <PERC>6.5544139188241921</PERC>
      <Alpha>0</Alpha>
      <UZL>179.87368530517418</UZL>
      <K0>0.29736253513040128</K0>
      <K1>0.17589987010755867</K1>
      <K2>0.046450910640303267</K2>
      <MAXBAS>1.0035066121639051</MAXBAS>
      <Cet>0</Cet>
      <PCALT>10</PCALT>
      <TCALT>0.6</TCALT>
      <Pelev>3349</Pelev>
      <Telev>2921</Telev>
      <PART>0.5</PART>
      <DELAY>1</DELAY>
    </SubCatchmentParameters>
    <SubCatchmentVegetationZone>
      <SubCatchmentVegetationZoneParameters>
        <TT>-0.90831713675013792</TT>
        <CFMAX>4.7213441835591441</CFMAX>
        <SP>0</SP>
        <SFCF>1.1515712307472032</SFCF>
        <CFR>0.021030050758828939</CFR>
        <CWH>0.19139018042269992</CWH>
        <CFGlacier>1</CFGlacier>
        <CFSlope>1</CFSlope>
        <FC>332.78129051809026</FC>
        <LP>0.99999178175317927</LP>
        <BETA>1.0552285921685602</BETA>
      </SubCatchmentVegetationZoneParameters>
    </SubCatchmentVegetationZone>
  </SubCatchment>
</Catchment>