<?xml version="1.0" encoding="utf-8"?>
<Catchment xmlns:xsi="http://www.w3.org/2001/XMLSchema-instance" xmlns:xsd="http://www.w3.org/2001/XMLSchema">
  <CatchmentParameters>
    <KSI>0.001</KSI>
    <KGmin>0.05</KGmin>
    <RangeKG>0.1</RangeKG>
    <AG>0.1</AG>
    <PERC>6.4829678889020457</PERC>
    <Alpha>0</Alpha>
    <UZL>97.5217110808571</UZL>
    <K0>0.11336064911483523</K0>
    <K1>0.20712148738704025</K1>
    <K2>0.053831448328245705</K2>
    <MAXBAS>1.0000302832639454</MAXBAS>
    <Cet>0</Cet>
    <PCALT>10</PCALT>
    <TCALT>0.6</TCALT>
    <Pelev>3349</Pelev>
    <Telev>2921</Telev>
    <PART>0.5</PART>
    <DELAY>1</DELAY>
  </CatchmentParameters>
  <VegetationZone>
    <VegetationZoneParameters>
      <TT>-0.92799989445762532</TT>
      <CFMAX>3.6143799134517276</CFMAX>
      <SP>0</SP>
      <SFCF>0.9705179705633199</SFCF>
      <CFR>0.025662848779703894</CFR>
      <CWH>0.19999938257412786</CWH>
      <CFGlacier>1</CFGlacier>
      <CFSlope>1</CFSlope>
      <FC>152.52845551557661</FC>
      <LP>0.9999956975270794</LP>
      <BETA>1.0000009778571792</BETA>
    </VegetationZoneParameters>
  </VegetationZone>
  <SubCatchment>
    <SubCatchmentParameters>
      <KSI>0.001</KSI>
      <KGmin>0.05</KGmin>
      <RangeKG>0.1</RangeKG>
      <AG>0.1</AG>
      <PERC>6.4829678889020457</PERC>
      <Alpha>0</Alpha>
      <UZL>97.5217110808571</UZL>
      <K0>0.11336064911483523</K0>
      <K1>0.20712148738704025</K1>
      <K2>0.053831448328245705</K2>
      <MAXBAS>1.0000302832639454</MAXBAS>
      <Cet>0</Cet>
      <PCALT>10</PCALT>
      <TCALT>0.6</TCALT>
      <Pelev>3349</Pelev>
      <Telev>2921</Telev>
      <PART>0.5</PART>
      <DELAY>1</DELAY>
    </SubCatchmentParameters>
    <SubCatchmentVegetationZone>
      <SubCatchmentVegetationZoneParameters>
        <TT>-0.92799989445762532</TT>
        <CFMAX>3.6143799134517276</CFMAX>
        <SP>0</SP>
        <SFCF>0.9705179705633199</SFCF>
        <CFR>0.025662848779703894</CFR>
        <CWH>0.19999938257412786</CWH>
        <CFGlacier>1</CFGlacier>
        <CFSlope>1</CFSlope>
        <FC>152.52845551557661</FC>
        <LP>0.9999956975270794</LP>
        <BETA>1.0000009778571792</BETA>
      </SubCatchmentVegetationZoneParameters>
    </SubCatchmentVegetationZone>
  </SubCatchment>
</Catchment>