<?xml version="1.0" encoding="utf-8"?>
<Catchment xmlns:xsi="http://www.w3.org/2001/XMLSchema-instance" xmlns:xsd="http://www.w3.org/2001/XMLSchema">
  <CatchmentParameters>
    <KSI>0.001</KSI>
    <KGmin>0.05</KGmin>
    <RangeKG>0.1</RangeKG>
    <AG>0.1</AG>
    <PERC>6.0926425542867726</PERC>
    <Alpha>0</Alpha>
    <UZL>136.80909025194816</UZL>
    <K0>0.34764695354794761</K0>
    <K1>0.1867323147111189</K1>
    <K2>0.046934086716069967</K2>
    <MAXBAS>1.0001593726860973</MAXBAS>
    <Cet>0</Cet>
    <PCALT>10</PCALT>
    <TCALT>0.6</TCALT>
    <Pelev>3349</Pelev>
    <Telev>2921</Telev>
    <PART>0.5</PART>
    <DELAY>1</DELAY>
  </CatchmentParameters>
  <VegetationZone>
    <VegetationZoneParameters>
      <TT>-1.5699969293486293</TT>
      <CFMAX>3.963521513277426</CFMAX>
      <SP>0</SP>
      <SFCF>1.1754898695757492</SFCF>
      <CFR>0.030340027631269358</CFR>
      <CWH>0.19999824636220365</CWH>
      <CFGlacier>1</CFGlacier>
      <CFSlope>1</CFSlope>
      <FC>352.03286036853763</FC>
      <LP>0.99999490657820611</LP>
      <BETA>1.51489456898516</BETA>
    </VegetationZoneParameters>
  </VegetationZone>
  <SubCatchment>
    <SubCatchmentParameters>
      <KSI>0.001</KSI>
      <KGmin>0.05</KGmin>
      <RangeKG>0.1</RangeKG>
      <AG>0.1</AG>
      <PERC>6.0926425542867726</PERC>
      <Alpha>0</Alpha>
      <UZL>136.80909025194816</UZL>
      <K0>0.34764695354794761</K0>
      <K1>0.1867323147111189</K1>
      <K2>0.046934086716069967</K2>
      <MAXBAS>1.0001593726860973</MAXBAS>
      <Cet>0</Cet>
      <PCALT>10</PCALT>
      <TCALT>0.6</TCALT>
      <Pelev>3349</Pelev>
      <Telev>2921</Telev>
      <PART>0.5</PART>
      <DELAY>1</DELAY>
    </SubCatchmentParameters>
    <SubCatchmentVegetationZone>
      <SubCatchmentVegetationZoneParameters>
        <TT>-1.5699969293486293</TT>
        <CFMAX>3.963521513277426</CFMAX>
        <SP>0</SP>
        <SFCF>1.1754898695757492</SFCF>
        <CFR>0.030340027631269358</CFR>
        <CWH>0.19999824636220365</CWH>
        <CFGlacier>1</CFGlacier>
        <CFSlope>1</CFSlope>
        <FC>352.03286036853763</FC>
        <LP>0.99999490657820611</LP>
        <BETA>1.51489456898516</BETA>
      </SubCatchmentVegetationZoneParameters>
    </SubCatchmentVegetationZone>
  </SubCatchment>
</Catchment>