<?xml version="1.0" encoding="utf-8"?>
<Catchment xmlns:xsi="http://www.w3.org/2001/XMLSchema-instance" xmlns:xsd="http://www.w3.org/2001/XMLSchema">
  <CatchmentParameters>
    <KSI>0.001</KSI>
    <KGmin>0.05</KGmin>
    <RangeKG>0.1</RangeKG>
    <AG>0.1</AG>
    <PERC>6.4666286968464961</PERC>
    <Alpha>0</Alpha>
    <UZL>75.839513628354041</UZL>
    <K0>0.50102793719683747</K0>
    <K1>0.17957049197307592</K1>
    <K2>0.050753010854226351</K2>
    <MAXBAS>1.0001374754549979</MAXBAS>
    <Cet>0</Cet>
    <PCALT>10</PCALT>
    <TCALT>0.6</TCALT>
    <Pelev>3349</Pelev>
    <Telev>2921</Telev>
    <PART>0.5</PART>
    <DELAY>1</DELAY>
  </CatchmentParameters>
  <VegetationZone>
    <VegetationZoneParameters>
      <TT>-0.7573813166321528</TT>
      <CFMAX>4.5813082072436044</CFMAX>
      <SP>0</SP>
      <SFCF>1.0946840269434253</SFCF>
      <CFR>0.020208086599477464</CFR>
      <CWH>0.19952342608253421</CWH>
      <CFGlacier>1</CFGlacier>
      <CFSlope>1</CFSlope>
      <FC>292.63701941257955</FC>
      <LP>0.99999875030054175</LP>
      <BETA>1.0000000019587931</BETA>
    </VegetationZoneParameters>
  </VegetationZone>
  <SubCatchment>
    <SubCatchmentParameters>
      <KSI>0.001</KSI>
      <KGmin>0.05</KGmin>
      <RangeKG>0.1</RangeKG>
      <AG>0.1</AG>
      <PERC>6.4666286968464961</PERC>
      <Alpha>0</Alpha>
      <UZL>75.839513628354041</UZL>
      <K0>0.50102793719683747</K0>
      <K1>0.17957049197307592</K1>
      <K2>0.050753010854226351</K2>
      <MAXBAS>1.0001374754549979</MAXBAS>
      <Cet>0</Cet>
      <PCALT>10</PCALT>
      <TCALT>0.6</TCALT>
      <Pelev>3349</Pelev>
      <Telev>2921</Telev>
      <PART>0.5</PART>
      <DELAY>1</DELAY>
    </SubCatchmentParameters>
    <SubCatchmentVegetationZone>
      <SubCatchmentVegetationZoneParameters>
        <TT>-0.7573813166321528</TT>
        <CFMAX>4.5813082072436044</CFMAX>
        <SP>0</SP>
        <SFCF>1.0946840269434253</SFCF>
        <CFR>0.020208086599477464</CFR>
        <CWH>0.19952342608253421</CWH>
        <CFGlacier>1</CFGlacier>
        <CFSlope>1</CFSlope>
        <FC>292.63701941257955</FC>
        <LP>0.99999875030054175</LP>
        <BETA>1.0000000019587931</BETA>
      </SubCatchmentVegetationZoneParameters>
    </SubCatchmentVegetationZone>
  </SubCatchment>
</Catchment>