<?xml version="1.0" encoding="utf-8"?>
<Catchment xmlns:xsi="http://www.w3.org/2001/XMLSchema-instance" xmlns:xsd="http://www.w3.org/2001/XMLSchema">
  <CatchmentParameters>
    <KSI>0.001</KSI>
    <KGmin>0.05</KGmin>
    <RangeKG>0.1</RangeKG>
    <AG>0.1</AG>
    <PERC>2.3982059865360084</PERC>
    <Alpha>0</Alpha>
    <UZL>158.85570177810905</UZL>
    <K0>0.90761886643575784</K0>
    <K1>0.096929124440929715</K1>
    <K2>0.010000000180898423</K2>
    <MAXBAS>1</MAXBAS>
    <Cet>0</Cet>
    <PCALT>10</PCALT>
    <TCALT>0.6</TCALT>
    <Pelev>3349</Pelev>
    <Telev>2921</Telev>
    <PART>0.5</PART>
    <DELAY>1</DELAY>
  </CatchmentParameters>
  <VegetationZone>
    <VegetationZoneParameters>
      <TT>-1.1670975586329755</TT>
      <CFMAX>4.0935591895995085</CFMAX>
      <SP>0</SP>
      <SFCF>1.1372879257623152</SFCF>
      <CFR>0.00019052099169231191</CFR>
      <CWH>0.12618536725965</CWH>
      <CFGlacier>1</CFGlacier>
      <CFSlope>1</CFSlope>
      <FC>156.17451277786802</FC>
      <LP>0.83137910114141134</LP>
      <BETA>1.467604599674218</BETA>
    </VegetationZoneParameters>
  </VegetationZone>
  <SubCatchment>
    <SubCatchmentParameters>
      <KSI>0.001</KSI>
      <KGmin>0.05</KGmin>
      <RangeKG>0.1</RangeKG>
      <AG>0.1</AG>
      <PERC>2.3982059865360084</PERC>
      <Alpha>0</Alpha>
      <UZL>158.85570177810905</UZL>
      <K0>0.90761886643575784</K0>
      <K1>0.096929124440929715</K1>
      <K2>0.010000000180898423</K2>
      <MAXBAS>1</MAXBAS>
      <Cet>0</Cet>
      <PCALT>10</PCALT>
      <TCALT>0.6</TCALT>
      <Pelev>3349</Pelev>
      <Telev>2921</Telev>
      <PART>0.5</PART>
      <DELAY>1</DELAY>
    </SubCatchmentParameters>
    <SubCatchmentVegetationZone>
      <SubCatchmentVegetationZoneParameters>
        <TT>-1.1670975586329755</TT>
        <CFMAX>4.0935591895995085</CFMAX>
        <SP>0</SP>
        <SFCF>1.1372879257623152</SFCF>
        <CFR>0.00019052099169231191</CFR>
        <CWH>0.12618536725965</CWH>
        <CFGlacier>1</CFGlacier>
        <CFSlope>1</CFSlope>
        <FC>156.17451277786802</FC>
        <LP>0.83137910114141134</LP>
        <BETA>1.467604599674218</BETA>
      </SubCatchmentVegetationZoneParameters>
    </SubCatchmentVegetationZone>
  </SubCatchment>
</Catchment>