<?xml version="1.0" encoding="utf-8"?>
<Catchment xmlns:xsi="http://www.w3.org/2001/XMLSchema-instance" xmlns:xsd="http://www.w3.org/2001/XMLSchema">
  <CatchmentParameters>
    <KSI>0.001</KSI>
    <KGmin>0.05</KGmin>
    <RangeKG>0.1</RangeKG>
    <AG>0.1</AG>
    <PERC>6.2837968627768124</PERC>
    <Alpha>0</Alpha>
    <UZL>84.9653517451336</UZL>
    <K0>0.23797364868417825</K0>
    <K1>0.18752625281976051</K1>
    <K2>0.051005530135506676</K2>
    <MAXBAS>1.0001444895657927</MAXBAS>
    <Cet>0</Cet>
    <PCALT>10</PCALT>
    <TCALT>0.6</TCALT>
    <Pelev>3349</Pelev>
    <Telev>2921</Telev>
    <PART>0.5</PART>
    <DELAY>1</DELAY>
  </CatchmentParameters>
  <VegetationZone>
    <VegetationZoneParameters>
      <TT>-1.5120047431209505</TT>
      <CFMAX>4.5577519867063652</CFMAX>
      <SP>0</SP>
      <SFCF>1.3184014327605644</SFCF>
      <CFR>0.027411830512224119</CFR>
      <CWH>0.18270765057463867</CWH>
      <CFGlacier>1</CFGlacier>
      <CFSlope>1</CFSlope>
      <FC>649.03171342273572</FC>
      <LP>0.99999411541007255</LP>
      <BETA>1.4854665290501374</BETA>
    </VegetationZoneParameters>
  </VegetationZone>
  <SubCatchment>
    <SubCatchmentParameters>
      <KSI>0.001</KSI>
      <KGmin>0.05</KGmin>
      <RangeKG>0.1</RangeKG>
      <AG>0.1</AG>
      <PERC>6.2837968627768124</PERC>
      <Alpha>0</Alpha>
      <UZL>84.9653517451336</UZL>
      <K0>0.23797364868417825</K0>
      <K1>0.18752625281976051</K1>
      <K2>0.051005530135506676</K2>
      <MAXBAS>1.0001444895657927</MAXBAS>
      <Cet>0</Cet>
      <PCALT>10</PCALT>
      <TCALT>0.6</TCALT>
      <Pelev>3349</Pelev>
      <Telev>2921</Telev>
      <PART>0.5</PART>
      <DELAY>1</DELAY>
    </SubCatchmentParameters>
    <SubCatchmentVegetationZone>
      <SubCatchmentVegetationZoneParameters>
        <TT>-1.5120047431209505</TT>
        <CFMAX>4.5577519867063652</CFMAX>
        <SP>0</SP>
        <SFCF>1.3184014327605644</SFCF>
        <CFR>0.027411830512224119</CFR>
        <CWH>0.18270765057463867</CWH>
        <CFGlacier>1</CFGlacier>
        <CFSlope>1</CFSlope>
        <FC>649.03171342273572</FC>
        <LP>0.99999411541007255</LP>
        <BETA>1.4854665290501374</BETA>
      </SubCatchmentVegetationZoneParameters>
    </SubCatchmentVegetationZone>
  </SubCatchment>
</Catchment>