<?xml version="1.0" encoding="utf-8"?>
<Catchment xmlns:xsi="http://www.w3.org/2001/XMLSchema-instance" xmlns:xsd="http://www.w3.org/2001/XMLSchema">
  <CatchmentParameters>
    <KSI>0.001</KSI>
    <KGmin>0.05</KGmin>
    <RangeKG>0.1</RangeKG>
    <AG>0.1</AG>
    <PERC>5.417103160777307</PERC>
    <Alpha>0</Alpha>
    <UZL>136.13652534573933</UZL>
    <K0>0.46100276839405</K0>
    <K1>0.15887843503762741</K1>
    <K2>0.035721026172022545</K2>
    <MAXBAS>1.0050525313864573</MAXBAS>
    <Cet>0</Cet>
    <PCALT>10</PCALT>
    <TCALT>0.6</TCALT>
    <Pelev>3349</Pelev>
    <Telev>2921</Telev>
    <PART>0.5</PART>
    <DELAY>1</DELAY>
  </CatchmentParameters>
  <VegetationZone>
    <VegetationZoneParameters>
      <TT>-1.280006164935797</TT>
      <CFMAX>4.4592942407375569</CFMAX>
      <SP>0</SP>
      <SFCF>1.2272671726117139</SFCF>
      <CFR>0.00032938590794831849</CFR>
      <CWH>0.17244996227156628</CWH>
      <CFGlacier>1</CFGlacier>
      <CFSlope>1</CFSlope>
      <FC>352.09762680630462</FC>
      <LP>0.9804579842772676</LP>
      <BETA>1.5736660821582651</BETA>
    </VegetationZoneParameters>
  </VegetationZone>
  <SubCatchment>
    <SubCatchmentParameters>
      <KSI>0.001</KSI>
      <KGmin>0.05</KGmin>
      <RangeKG>0.1</RangeKG>
      <AG>0.1</AG>
      <PERC>5.417103160777307</PERC>
      <Alpha>0</Alpha>
      <UZL>136.13652534573933</UZL>
      <K0>0.46100276839405</K0>
      <K1>0.15887843503762741</K1>
      <K2>0.035721026172022545</K2>
      <MAXBAS>1.0050525313864573</MAXBAS>
      <Cet>0</Cet>
      <PCALT>10</PCALT>
      <TCALT>0.6</TCALT>
      <Pelev>3349</Pelev>
      <Telev>2921</Telev>
      <PART>0.5</PART>
      <DELAY>1</DELAY>
    </SubCatchmentParameters>
    <SubCatchmentVegetationZone>
      <SubCatchmentVegetationZoneParameters>
        <TT>-1.280006164935797</TT>
        <CFMAX>4.4592942407375569</CFMAX>
        <SP>0</SP>
        <SFCF>1.2272671726117139</SFCF>
        <CFR>0.00032938590794831849</CFR>
        <CWH>0.17244996227156628</CWH>
        <CFGlacier>1</CFGlacier>
        <CFSlope>1</CFSlope>
        <FC>352.09762680630462</FC>
        <LP>0.9804579842772676</LP>
        <BETA>1.5736660821582651</BETA>
      </SubCatchmentVegetationZoneParameters>
    </SubCatchmentVegetationZone>
  </SubCatchment>
</Catchment>