<?xml version="1.0" encoding="utf-8"?>
<Catchment xmlns:xsi="http://www.w3.org/2001/XMLSchema-instance" xmlns:xsd="http://www.w3.org/2001/XMLSchema">
  <CatchmentParameters>
    <KSI>0.001</KSI>
    <KGmin>0.05</KGmin>
    <RangeKG>0.1</RangeKG>
    <AG>0.1</AG>
    <PERC>1.8500873705681176</PERC>
    <Alpha>0</Alpha>
    <UZL>83.86232489495481</UZL>
    <K0>0.13719030445740027</K0>
    <K1>0.059772765422507194</K1>
    <K2>0.010000001474328561</K2>
    <MAXBAS>1</MAXBAS>
    <Cet>0</Cet>
    <PCALT>10</PCALT>
    <TCALT>0.6</TCALT>
    <Pelev>3349</Pelev>
    <Telev>2921</Telev>
    <PART>0.5</PART>
    <DELAY>1</DELAY>
  </CatchmentParameters>
  <VegetationZone>
    <VegetationZoneParameters>
      <TT>-1.5150470984431208</TT>
      <CFMAX>4.1832003024866911</CFMAX>
      <SP>0</SP>
      <SFCF>1.2640727936219471</SFCF>
      <CFR>6.1285547242345822E-08</CFR>
      <CWH>0.10000027724402491</CWH>
      <CFGlacier>1</CFGlacier>
      <CFSlope>1</CFSlope>
      <FC>324.710729640178</FC>
      <LP>0.88548702525913481</LP>
      <BETA>1.0944853120212321</BETA>
    </VegetationZoneParameters>
  </VegetationZone>
  <SubCatchment>
    <SubCatchmentParameters>
      <KSI>0.001</KSI>
      <KGmin>0.05</KGmin>
      <RangeKG>0.1</RangeKG>
      <AG>0.1</AG>
      <PERC>1.8500873705681176</PERC>
      <Alpha>0</Alpha>
      <UZL>83.86232489495481</UZL>
      <K0>0.13719030445740027</K0>
      <K1>0.059772765422507194</K1>
      <K2>0.010000001474328561</K2>
      <MAXBAS>1</MAXBAS>
      <Cet>0</Cet>
      <PCALT>10</PCALT>
      <TCALT>0.6</TCALT>
      <Pelev>3349</Pelev>
      <Telev>2921</Telev>
      <PART>0.5</PART>
      <DELAY>1</DELAY>
    </SubCatchmentParameters>
    <SubCatchmentVegetationZone>
      <SubCatchmentVegetationZoneParameters>
        <TT>-1.5150470984431208</TT>
        <CFMAX>4.1832003024866911</CFMAX>
        <SP>0</SP>
        <SFCF>1.2640727936219471</SFCF>
        <CFR>6.1285547242345822E-08</CFR>
        <CWH>0.10000027724402491</CWH>
        <CFGlacier>1</CFGlacier>
        <CFSlope>1</CFSlope>
        <FC>324.710729640178</FC>
        <LP>0.88548702525913481</LP>
        <BETA>1.0944853120212321</BETA>
      </SubCatchmentVegetationZoneParameters>
    </SubCatchmentVegetationZone>
  </SubCatchment>
</Catchment>