<?xml version="1.0" encoding="utf-8"?>
<Catchment xmlns:xsi="http://www.w3.org/2001/XMLSchema-instance" xmlns:xsd="http://www.w3.org/2001/XMLSchema">
  <CatchmentParameters>
    <KSI>0.001</KSI>
    <KGmin>0.05</KGmin>
    <RangeKG>0.1</RangeKG>
    <AG>0.1</AG>
    <PERC>6.565705602079964</PERC>
    <Alpha>0</Alpha>
    <UZL>58.300802341844054</UZL>
    <K0>0.92137649936267785</K0>
    <K1>0.18024303546713363</K1>
    <K2>0.049817590297105661</K2>
    <MAXBAS>1.000064859081764</MAXBAS>
    <Cet>0</Cet>
    <PCALT>10</PCALT>
    <TCALT>0.6</TCALT>
    <Pelev>3349</Pelev>
    <Telev>2921</Telev>
    <PART>0.5</PART>
    <DELAY>1</DELAY>
  </CatchmentParameters>
  <VegetationZone>
    <VegetationZoneParameters>
      <TT>-1.2760279913581563</TT>
      <CFMAX>4.4842139417969227</CFMAX>
      <SP>0</SP>
      <SFCF>1.2106811114363798</SFCF>
      <CFR>0.025453555064164669</CFR>
      <CWH>0.18005333352687142</CWH>
      <CFGlacier>1</CFGlacier>
      <CFSlope>1</CFSlope>
      <FC>419.75421017258685</FC>
      <LP>0.99999299667149988</LP>
      <BETA>1.2970514429323219</BETA>
    </VegetationZoneParameters>
  </VegetationZone>
  <SubCatchment>
    <SubCatchmentParameters>
      <KSI>0.001</KSI>
      <KGmin>0.05</KGmin>
      <RangeKG>0.1</RangeKG>
      <AG>0.1</AG>
      <PERC>6.565705602079964</PERC>
      <Alpha>0</Alpha>
      <UZL>58.300802341844054</UZL>
      <K0>0.92137649936267785</K0>
      <K1>0.18024303546713363</K1>
      <K2>0.049817590297105661</K2>
      <MAXBAS>1.000064859081764</MAXBAS>
      <Cet>0</Cet>
      <PCALT>10</PCALT>
      <TCALT>0.6</TCALT>
      <Pelev>3349</Pelev>
      <Telev>2921</Telev>
      <PART>0.5</PART>
      <DELAY>1</DELAY>
    </SubCatchmentParameters>
    <SubCatchmentVegetationZone>
      <SubCatchmentVegetationZoneParameters>
        <TT>-1.2760279913581563</TT>
        <CFMAX>4.4842139417969227</CFMAX>
        <SP>0</SP>
        <SFCF>1.2106811114363798</SFCF>
        <CFR>0.025453555064164669</CFR>
        <CWH>0.18005333352687142</CWH>
        <CFGlacier>1</CFGlacier>
        <CFSlope>1</CFSlope>
        <FC>419.75421017258685</FC>
        <LP>0.99999299667149988</LP>
        <BETA>1.2970514429323219</BETA>
      </SubCatchmentVegetationZoneParameters>
    </SubCatchmentVegetationZone>
  </SubCatchment>
</Catchment>