<?xml version="1.0" encoding="utf-8"?>
<Catchment xmlns:xsi="http://www.w3.org/2001/XMLSchema-instance" xmlns:xsd="http://www.w3.org/2001/XMLSchema">
  <CatchmentParameters>
    <KSI>0.001</KSI>
    <KGmin>0.05</KGmin>
    <RangeKG>0.1</RangeKG>
    <AG>0.1</AG>
    <PERC>6.1554233208721509</PERC>
    <Alpha>0</Alpha>
    <UZL>174.62124571370214</UZL>
    <K0>0.36296000665462652</K0>
    <K1>0.18037335756645198</K1>
    <K2>0.048774610661801256</K2>
    <MAXBAS>1.0000289936114439</MAXBAS>
    <Cet>0</Cet>
    <PCALT>10</PCALT>
    <TCALT>0.6</TCALT>
    <Pelev>3349</Pelev>
    <Telev>2921</Telev>
    <PART>0.5</PART>
    <DELAY>1</DELAY>
  </CatchmentParameters>
  <VegetationZone>
    <VegetationZoneParameters>
      <TT>-1.4119987495938497</TT>
      <CFMAX>4.63618515840338</CFMAX>
      <SP>0</SP>
      <SFCF>1.2922950552599206</SFCF>
      <CFR>0.026154728289718342</CFR>
      <CWH>0.173297923489731</CWH>
      <CFGlacier>1</CFGlacier>
      <CFSlope>1</CFSlope>
      <FC>578.56859630485656</FC>
      <LP>0.99999511631279614</LP>
      <BETA>1.4117568479369704</BETA>
    </VegetationZoneParameters>
  </VegetationZone>
  <SubCatchment>
    <SubCatchmentParameters>
      <KSI>0.001</KSI>
      <KGmin>0.05</KGmin>
      <RangeKG>0.1</RangeKG>
      <AG>0.1</AG>
      <PERC>6.1554233208721509</PERC>
      <Alpha>0</Alpha>
      <UZL>174.62124571370214</UZL>
      <K0>0.36296000665462652</K0>
      <K1>0.18037335756645198</K1>
      <K2>0.048774610661801256</K2>
      <MAXBAS>1.0000289936114439</MAXBAS>
      <Cet>0</Cet>
      <PCALT>10</PCALT>
      <TCALT>0.6</TCALT>
      <Pelev>3349</Pelev>
      <Telev>2921</Telev>
      <PART>0.5</PART>
      <DELAY>1</DELAY>
    </SubCatchmentParameters>
    <SubCatchmentVegetationZone>
      <SubCatchmentVegetationZoneParameters>
        <TT>-1.4119987495938497</TT>
        <CFMAX>4.63618515840338</CFMAX>
        <SP>0</SP>
        <SFCF>1.2922950552599206</SFCF>
        <CFR>0.026154728289718342</CFR>
        <CWH>0.173297923489731</CWH>
        <CFGlacier>1</CFGlacier>
        <CFSlope>1</CFSlope>
        <FC>578.56859630485656</FC>
        <LP>0.99999511631279614</LP>
        <BETA>1.4117568479369704</BETA>
      </SubCatchmentVegetationZoneParameters>
    </SubCatchmentVegetationZone>
  </SubCatchment>
</Catchment>