<?xml version="1.0" encoding="utf-8"?>
<Catchment xmlns:xsi="http://www.w3.org/2001/XMLSchema-instance" xmlns:xsd="http://www.w3.org/2001/XMLSchema">
  <CatchmentParameters>
    <KSI>0.001</KSI>
    <KGmin>0.05</KGmin>
    <RangeKG>0.1</RangeKG>
    <AG>0.1</AG>
    <PERC>6.1014012716518078</PERC>
    <Alpha>0</Alpha>
    <UZL>170.58502936713828</UZL>
    <K0>0.41001012639364015</K0>
    <K1>0.18656210870522022</K1>
    <K2>0.046359142341739983</K2>
    <MAXBAS>1.000316936258367</MAXBAS>
    <Cet>0</Cet>
    <PCALT>10</PCALT>
    <TCALT>0.6</TCALT>
    <Pelev>3349</Pelev>
    <Telev>2921</Telev>
    <PART>0.5</PART>
    <DELAY>1</DELAY>
  </CatchmentParameters>
  <VegetationZone>
    <VegetationZoneParameters>
      <TT>-1.3701426710569449</TT>
      <CFMAX>4.0647359836092871</CFMAX>
      <SP>0</SP>
      <SFCF>1.1563894236844239</SFCF>
      <CFR>0.027849399918881617</CFR>
      <CWH>0.19999902717459345</CWH>
      <CFGlacier>1</CFGlacier>
      <CFSlope>1</CFSlope>
      <FC>325.71317696045173</FC>
      <LP>0.999996485657275</LP>
      <BETA>1.28146796376907</BETA>
    </VegetationZoneParameters>
  </VegetationZone>
  <SubCatchment>
    <SubCatchmentParameters>
      <KSI>0.001</KSI>
      <KGmin>0.05</KGmin>
      <RangeKG>0.1</RangeKG>
      <AG>0.1</AG>
      <PERC>6.1014012716518078</PERC>
      <Alpha>0</Alpha>
      <UZL>170.58502936713828</UZL>
      <K0>0.41001012639364015</K0>
      <K1>0.18656210870522022</K1>
      <K2>0.046359142341739983</K2>
      <MAXBAS>1.000316936258367</MAXBAS>
      <Cet>0</Cet>
      <PCALT>10</PCALT>
      <TCALT>0.6</TCALT>
      <Pelev>3349</Pelev>
      <Telev>2921</Telev>
      <PART>0.5</PART>
      <DELAY>1</DELAY>
    </SubCatchmentParameters>
    <SubCatchmentVegetationZone>
      <SubCatchmentVegetationZoneParameters>
        <TT>-1.3701426710569449</TT>
        <CFMAX>4.0647359836092871</CFMAX>
        <SP>0</SP>
        <SFCF>1.1563894236844239</SFCF>
        <CFR>0.027849399918881617</CFR>
        <CWH>0.19999902717459345</CWH>
        <CFGlacier>1</CFGlacier>
        <CFSlope>1</CFSlope>
        <FC>325.71317696045173</FC>
        <LP>0.999996485657275</LP>
        <BETA>1.28146796376907</BETA>
      </SubCatchmentVegetationZoneParameters>
    </SubCatchmentVegetationZone>
  </SubCatchment>
</Catchment>