<?xml version="1.0" encoding="utf-8"?>
<Catchment xmlns:xsi="http://www.w3.org/2001/XMLSchema-instance" xmlns:xsd="http://www.w3.org/2001/XMLSchema">
  <CatchmentParameters>
    <KSI>0.001</KSI>
    <KGmin>0.05</KGmin>
    <RangeKG>0.1</RangeKG>
    <AG>0.1</AG>
    <PERC>5.9474999914109246</PERC>
    <Alpha>0</Alpha>
    <UZL>159.07830658913332</UZL>
    <K0>0.51974755029060837</K0>
    <K1>0.19296520599306358</K1>
    <K2>0.049096516312732576</K2>
    <MAXBAS>1.0003451775840597</MAXBAS>
    <Cet>0</Cet>
    <PCALT>10</PCALT>
    <TCALT>0.6</TCALT>
    <Pelev>3349</Pelev>
    <Telev>2921</Telev>
    <PART>0.5</PART>
    <DELAY>1</DELAY>
  </CatchmentParameters>
  <VegetationZone>
    <VegetationZoneParameters>
      <TT>-1.7017865520438467</TT>
      <CFMAX>4.1432746828348437</CFMAX>
      <SP>0</SP>
      <SFCF>1.270634815514845</SFCF>
      <CFR>0.030948727865025533</CFR>
      <CWH>0.19999512356610064</CWH>
      <CFGlacier>1</CFGlacier>
      <CFSlope>1</CFSlope>
      <FC>502.62484114020759</FC>
      <LP>0.99999689502677713</LP>
      <BETA>1.5416231748764335</BETA>
    </VegetationZoneParameters>
  </VegetationZone>
  <SubCatchment>
    <SubCatchmentParameters>
      <KSI>0.001</KSI>
      <KGmin>0.05</KGmin>
      <RangeKG>0.1</RangeKG>
      <AG>0.1</AG>
      <PERC>5.9474999914109246</PERC>
      <Alpha>0</Alpha>
      <UZL>159.07830658913332</UZL>
      <K0>0.51974755029060837</K0>
      <K1>0.19296520599306358</K1>
      <K2>0.049096516312732576</K2>
      <MAXBAS>1.0003451775840597</MAXBAS>
      <Cet>0</Cet>
      <PCALT>10</PCALT>
      <TCALT>0.6</TCALT>
      <Pelev>3349</Pelev>
      <Telev>2921</Telev>
      <PART>0.5</PART>
      <DELAY>1</DELAY>
    </SubCatchmentParameters>
    <SubCatchmentVegetationZone>
      <SubCatchmentVegetationZoneParameters>
        <TT>-1.7017865520438467</TT>
        <CFMAX>4.1432746828348437</CFMAX>
        <SP>0</SP>
        <SFCF>1.270634815514845</SFCF>
        <CFR>0.030948727865025533</CFR>
        <CWH>0.19999512356610064</CWH>
        <CFGlacier>1</CFGlacier>
        <CFSlope>1</CFSlope>
        <FC>502.62484114020759</FC>
        <LP>0.99999689502677713</LP>
        <BETA>1.5416231748764335</BETA>
      </SubCatchmentVegetationZoneParameters>
    </SubCatchmentVegetationZone>
  </SubCatchment>
</Catchment>