<?xml version="1.0" encoding="utf-8"?>
<Catchment xmlns:xsi="http://www.w3.org/2001/XMLSchema-instance" xmlns:xsd="http://www.w3.org/2001/XMLSchema">
  <CatchmentParameters>
    <KSI>0.001</KSI>
    <KGmin>0.05</KGmin>
    <RangeKG>0.1</RangeKG>
    <AG>0.1</AG>
    <PERC>2.3494333996542274</PERC>
    <Alpha>0</Alpha>
    <UZL>167.32504814600907</UZL>
    <K0>0.88878839846847191</K0>
    <K1>0.079861984347111392</K1>
    <K2>0.010000002036784087</K2>
    <MAXBAS>1</MAXBAS>
    <Cet>0</Cet>
    <PCALT>10</PCALT>
    <TCALT>0.6</TCALT>
    <Pelev>3349</Pelev>
    <Telev>2921</Telev>
    <PART>0.5</PART>
    <DELAY>1</DELAY>
  </CatchmentParameters>
  <VegetationZone>
    <VegetationZoneParameters>
      <TT>-1.1280198912709309</TT>
      <CFMAX>4.3559669625570123</CFMAX>
      <SP>0</SP>
      <SFCF>1.1307529473604354</SFCF>
      <CFR>0.024436894991750488</CFR>
      <CWH>0.10000000406740195</CWH>
      <CFGlacier>1</CFGlacier>
      <CFSlope>1</CFSlope>
      <FC>168.87187066881532</FC>
      <LP>0.87377335677605217</LP>
      <BETA>1.1926526490386282</BETA>
    </VegetationZoneParameters>
  </VegetationZone>
  <SubCatchment>
    <SubCatchmentParameters>
      <KSI>0.001</KSI>
      <KGmin>0.05</KGmin>
      <RangeKG>0.1</RangeKG>
      <AG>0.1</AG>
      <PERC>2.3494333996542274</PERC>
      <Alpha>0</Alpha>
      <UZL>167.32504814600907</UZL>
      <K0>0.88878839846847191</K0>
      <K1>0.079861984347111392</K1>
      <K2>0.010000002036784087</K2>
      <MAXBAS>1</MAXBAS>
      <Cet>0</Cet>
      <PCALT>10</PCALT>
      <TCALT>0.6</TCALT>
      <Pelev>3349</Pelev>
      <Telev>2921</Telev>
      <PART>0.5</PART>
      <DELAY>1</DELAY>
    </SubCatchmentParameters>
    <SubCatchmentVegetationZone>
      <SubCatchmentVegetationZoneParameters>
        <TT>-1.1280198912709309</TT>
        <CFMAX>4.3559669625570123</CFMAX>
        <SP>0</SP>
        <SFCF>1.1307529473604354</SFCF>
        <CFR>0.024436894991750488</CFR>
        <CWH>0.10000000406740195</CWH>
        <CFGlacier>1</CFGlacier>
        <CFSlope>1</CFSlope>
        <FC>168.87187066881532</FC>
        <LP>0.87377335677605217</LP>
        <BETA>1.1926526490386282</BETA>
      </SubCatchmentVegetationZoneParameters>
    </SubCatchmentVegetationZone>
  </SubCatchment>
</Catchment>