<?xml version="1.0" encoding="utf-8"?>
<Catchment xmlns:xsi="http://www.w3.org/2001/XMLSchema-instance" xmlns:xsd="http://www.w3.org/2001/XMLSchema">
  <CatchmentParameters>
    <KSI>0.001</KSI>
    <KGmin>0.05</KGmin>
    <RangeKG>0.1</RangeKG>
    <AG>0.1</AG>
    <PERC>1.1143391090713324</PERC>
    <Alpha>0</Alpha>
    <UZL>72.571933951196456</UZL>
    <K0>0.15012236749197938</K0>
    <K1>0.062345838286036362</K1>
    <K2>0.010001543369648074</K2>
    <MAXBAS>1</MAXBAS>
    <Cet>0</Cet>
    <PCALT>10</PCALT>
    <TCALT>0.6</TCALT>
    <Pelev>3349</Pelev>
    <Telev>2921</Telev>
    <PART>0.5</PART>
    <DELAY>1</DELAY>
  </CatchmentParameters>
  <VegetationZone>
    <VegetationZoneParameters>
      <TT>-1.933570683979599</TT>
      <CFMAX>3.9722364250114484</CFMAX>
      <SP>0</SP>
      <SFCF>1.3811418169334622</SFCF>
      <CFR>0.00097377335554517754</CFR>
      <CWH>0.19999999970474117</CWH>
      <CFGlacier>1</CFGlacier>
      <CFSlope>1</CFSlope>
      <FC>1902.4506394339969</FC>
      <LP>0.93022758010705309</LP>
      <BETA>1.0121089204234086</BETA>
    </VegetationZoneParameters>
  </VegetationZone>
  <SubCatchment>
    <SubCatchmentParameters>
      <KSI>0.001</KSI>
      <KGmin>0.05</KGmin>
      <RangeKG>0.1</RangeKG>
      <AG>0.1</AG>
      <PERC>1.1143391090713324</PERC>
      <Alpha>0</Alpha>
      <UZL>72.571933951196456</UZL>
      <K0>0.15012236749197938</K0>
      <K1>0.062345838286036362</K1>
      <K2>0.010001543369648074</K2>
      <MAXBAS>1</MAXBAS>
      <Cet>0</Cet>
      <PCALT>10</PCALT>
      <TCALT>0.6</TCALT>
      <Pelev>3349</Pelev>
      <Telev>2921</Telev>
      <PART>0.5</PART>
      <DELAY>1</DELAY>
    </SubCatchmentParameters>
    <SubCatchmentVegetationZone>
      <SubCatchmentVegetationZoneParameters>
        <TT>-1.933570683979599</TT>
        <CFMAX>3.9722364250114484</CFMAX>
        <SP>0</SP>
        <SFCF>1.3811418169334622</SFCF>
        <CFR>0.00097377335554517754</CFR>
        <CWH>0.19999999970474117</CWH>
        <CFGlacier>1</CFGlacier>
        <CFSlope>1</CFSlope>
        <FC>1902.4506394339969</FC>
        <LP>0.93022758010705309</LP>
        <BETA>1.0121089204234086</BETA>
      </SubCatchmentVegetationZoneParameters>
    </SubCatchmentVegetationZone>
  </SubCatchment>
</Catchment>