<?xml version="1.0" encoding="utf-8"?>
<Catchment xmlns:xsi="http://www.w3.org/2001/XMLSchema-instance" xmlns:xsd="http://www.w3.org/2001/XMLSchema">
  <CatchmentParameters>
    <KSI>0.001</KSI>
    <KGmin>0.05</KGmin>
    <RangeKG>0.1</RangeKG>
    <AG>0.1</AG>
    <PERC>1.8632800260718332</PERC>
    <Alpha>0</Alpha>
    <UZL>46.57224093435574</UZL>
    <K0>0.1695584474411983</K0>
    <K1>0.0902398249730262</K1>
    <K2>0.010000000253552358</K2>
    <MAXBAS>1</MAXBAS>
    <Cet>0</Cet>
    <PCALT>10</PCALT>
    <TCALT>0.6</TCALT>
    <Pelev>3349</Pelev>
    <Telev>2921</Telev>
    <PART>0.5</PART>
    <DELAY>1</DELAY>
  </CatchmentParameters>
  <VegetationZone>
    <VegetationZoneParameters>
      <TT>-1.511710723109009</TT>
      <CFMAX>2.818687969698082</CFMAX>
      <SP>0</SP>
      <SFCF>1.0897394011821824</SFCF>
      <CFR>0.00018125229984135703</CFR>
      <CWH>0.10000031409230155</CWH>
      <CFGlacier>1</CFGlacier>
      <CFSlope>1</CFSlope>
      <FC>154.04200212106713</FC>
      <LP>0.99230747905077932</LP>
      <BETA>1.0606606144709281</BETA>
    </VegetationZoneParameters>
  </VegetationZone>
  <SubCatchment>
    <SubCatchmentParameters>
      <KSI>0.001</KSI>
      <KGmin>0.05</KGmin>
      <RangeKG>0.1</RangeKG>
      <AG>0.1</AG>
      <PERC>1.8632800260718332</PERC>
      <Alpha>0</Alpha>
      <UZL>46.57224093435574</UZL>
      <K0>0.1695584474411983</K0>
      <K1>0.0902398249730262</K1>
      <K2>0.010000000253552358</K2>
      <MAXBAS>1</MAXBAS>
      <Cet>0</Cet>
      <PCALT>10</PCALT>
      <TCALT>0.6</TCALT>
      <Pelev>3349</Pelev>
      <Telev>2921</Telev>
      <PART>0.5</PART>
      <DELAY>1</DELAY>
    </SubCatchmentParameters>
    <SubCatchmentVegetationZone>
      <SubCatchmentVegetationZoneParameters>
        <TT>-1.511710723109009</TT>
        <CFMAX>2.818687969698082</CFMAX>
        <SP>0</SP>
        <SFCF>1.0897394011821824</SFCF>
        <CFR>0.00018125229984135703</CFR>
        <CWH>0.10000031409230155</CWH>
        <CFGlacier>1</CFGlacier>
        <CFSlope>1</CFSlope>
        <FC>154.04200212106713</FC>
        <LP>0.99230747905077932</LP>
        <BETA>1.0606606144709281</BETA>
      </SubCatchmentVegetationZoneParameters>
    </SubCatchmentVegetationZone>
  </SubCatchment>
</Catchment>