<?xml version="1.0" encoding="utf-8"?>
<Catchment xmlns:xsi="http://www.w3.org/2001/XMLSchema-instance" xmlns:xsd="http://www.w3.org/2001/XMLSchema">
  <CatchmentParameters>
    <KSI>0.001</KSI>
    <KGmin>0.05</KGmin>
    <RangeKG>0.1</RangeKG>
    <AG>0.1</AG>
    <PERC>5.157903256911931</PERC>
    <Alpha>0</Alpha>
    <UZL>115.9158991206718</UZL>
    <K0>0.39192196158447346</K0>
    <K1>0.16712161651251903</K1>
    <K2>0.040493461091856246</K2>
    <MAXBAS>1.000107395966807</MAXBAS>
    <Cet>0</Cet>
    <PCALT>10</PCALT>
    <TCALT>0.6</TCALT>
    <Pelev>3349</Pelev>
    <Telev>2921</Telev>
    <PART>0.5</PART>
    <DELAY>1</DELAY>
  </CatchmentParameters>
  <VegetationZone>
    <VegetationZoneParameters>
      <TT>-1.1281363330470098</TT>
      <CFMAX>4.2062313810657965</CFMAX>
      <SP>0</SP>
      <SFCF>1.134959191381959</SFCF>
      <CFR>0.00048530108199516938</CFR>
      <CWH>0.19999694466869669</CWH>
      <CFGlacier>1</CFGlacier>
      <CFSlope>1</CFSlope>
      <FC>296.27305535891469</FC>
      <LP>0.99999510654087675</LP>
      <BETA>1.3069025071670319</BETA>
    </VegetationZoneParameters>
  </VegetationZone>
  <SubCatchment>
    <SubCatchmentParameters>
      <KSI>0.001</KSI>
      <KGmin>0.05</KGmin>
      <RangeKG>0.1</RangeKG>
      <AG>0.1</AG>
      <PERC>5.157903256911931</PERC>
      <Alpha>0</Alpha>
      <UZL>115.9158991206718</UZL>
      <K0>0.39192196158447346</K0>
      <K1>0.16712161651251903</K1>
      <K2>0.040493461091856246</K2>
      <MAXBAS>1.000107395966807</MAXBAS>
      <Cet>0</Cet>
      <PCALT>10</PCALT>
      <TCALT>0.6</TCALT>
      <Pelev>3349</Pelev>
      <Telev>2921</Telev>
      <PART>0.5</PART>
      <DELAY>1</DELAY>
    </SubCatchmentParameters>
    <SubCatchmentVegetationZone>
      <SubCatchmentVegetationZoneParameters>
        <TT>-1.1281363330470098</TT>
        <CFMAX>4.2062313810657965</CFMAX>
        <SP>0</SP>
        <SFCF>1.134959191381959</SFCF>
        <CFR>0.00048530108199516938</CFR>
        <CWH>0.19999694466869669</CWH>
        <CFGlacier>1</CFGlacier>
        <CFSlope>1</CFSlope>
        <FC>296.27305535891469</FC>
        <LP>0.99999510654087675</LP>
        <BETA>1.3069025071670319</BETA>
      </SubCatchmentVegetationZoneParameters>
    </SubCatchmentVegetationZone>
  </SubCatchment>
</Catchment>