<?xml version="1.0" encoding="utf-8"?>
<Catchment xmlns:xsi="http://www.w3.org/2001/XMLSchema-instance" xmlns:xsd="http://www.w3.org/2001/XMLSchema">
  <CatchmentParameters>
    <KSI>0.001</KSI>
    <KGmin>0.05</KGmin>
    <RangeKG>0.1</RangeKG>
    <AG>0.1</AG>
    <PERC>2.0388179357907212</PERC>
    <Alpha>0</Alpha>
    <UZL>84.6871064573229</UZL>
    <K0>0.14289496283077868</K0>
    <K1>0.0576626147520719</K1>
    <K2>0.010000001408886055</K2>
    <MAXBAS>1</MAXBAS>
    <Cet>0</Cet>
    <PCALT>10</PCALT>
    <TCALT>0.6</TCALT>
    <Pelev>3349</Pelev>
    <Telev>2921</Telev>
    <PART>0.5</PART>
    <DELAY>1</DELAY>
  </CatchmentParameters>
  <VegetationZone>
    <VegetationZoneParameters>
      <TT>-2.4143307823633897</TT>
      <CFMAX>3.7789527419123523</CFMAX>
      <SP>0</SP>
      <SFCF>1.3917391299128563</SFCF>
      <CFR>0.026372857576288156</CFR>
      <CWH>0.10000225674073782</CWH>
      <CFGlacier>1</CFGlacier>
      <CFSlope>1</CFSlope>
      <FC>404.61081600534658</FC>
      <LP>0.88753016346585867</LP>
      <BETA>1.6819260610754059</BETA>
    </VegetationZoneParameters>
  </VegetationZone>
  <SubCatchment>
    <SubCatchmentParameters>
      <KSI>0.001</KSI>
      <KGmin>0.05</KGmin>
      <RangeKG>0.1</RangeKG>
      <AG>0.1</AG>
      <PERC>2.0388179357907212</PERC>
      <Alpha>0</Alpha>
      <UZL>84.6871064573229</UZL>
      <K0>0.14289496283077868</K0>
      <K1>0.0576626147520719</K1>
      <K2>0.010000001408886055</K2>
      <MAXBAS>1</MAXBAS>
      <Cet>0</Cet>
      <PCALT>10</PCALT>
      <TCALT>0.6</TCALT>
      <Pelev>3349</Pelev>
      <Telev>2921</Telev>
      <PART>0.5</PART>
      <DELAY>1</DELAY>
    </SubCatchmentParameters>
    <SubCatchmentVegetationZone>
      <SubCatchmentVegetationZoneParameters>
        <TT>-2.4143307823633897</TT>
        <CFMAX>3.7789527419123523</CFMAX>
        <SP>0</SP>
        <SFCF>1.3917391299128563</SFCF>
        <CFR>0.026372857576288156</CFR>
        <CWH>0.10000225674073782</CWH>
        <CFGlacier>1</CFGlacier>
        <CFSlope>1</CFSlope>
        <FC>404.61081600534658</FC>
        <LP>0.88753016346585867</LP>
        <BETA>1.6819260610754059</BETA>
      </SubCatchmentVegetationZoneParameters>
    </SubCatchmentVegetationZone>
  </SubCatchment>
</Catchment>