<?xml version="1.0" encoding="utf-8"?>
<Catchment xmlns:xsi="http://www.w3.org/2001/XMLSchema-instance" xmlns:xsd="http://www.w3.org/2001/XMLSchema">
  <CatchmentParameters>
    <KSI>0.001</KSI>
    <KGmin>0.05</KGmin>
    <RangeKG>0.1</RangeKG>
    <AG>0.1</AG>
    <PERC>5.3587420622206059</PERC>
    <Alpha>0</Alpha>
    <UZL>81.418910250498712</UZL>
    <K0>0.21615343604136822</K0>
    <K1>0.17713045940931804</K1>
    <K2>0.043319940718365292</K2>
    <MAXBAS>1.0000012766165636</MAXBAS>
    <Cet>0</Cet>
    <PCALT>10</PCALT>
    <TCALT>0.6</TCALT>
    <Pelev>3349</Pelev>
    <Telev>2921</Telev>
    <PART>0.5</PART>
    <DELAY>1</DELAY>
  </CatchmentParameters>
  <VegetationZone>
    <VegetationZoneParameters>
      <TT>-1.6800010648901735</TT>
      <CFMAX>4.1865883811984421</CFMAX>
      <SP>0</SP>
      <SFCF>1.3000463782311968</SFCF>
      <CFR>0.00055591255677011958</CFR>
      <CWH>0.1790789342817643</CWH>
      <CFGlacier>1</CFGlacier>
      <CFSlope>1</CFSlope>
      <FC>512.153165595994</FC>
      <LP>0.99999881676759517</LP>
      <BETA>1.7862612792172412</BETA>
    </VegetationZoneParameters>
  </VegetationZone>
  <SubCatchment>
    <SubCatchmentParameters>
      <KSI>0.001</KSI>
      <KGmin>0.05</KGmin>
      <RangeKG>0.1</RangeKG>
      <AG>0.1</AG>
      <PERC>5.3587420622206059</PERC>
      <Alpha>0</Alpha>
      <UZL>81.418910250498712</UZL>
      <K0>0.21615343604136822</K0>
      <K1>0.17713045940931804</K1>
      <K2>0.043319940718365292</K2>
      <MAXBAS>1.0000012766165636</MAXBAS>
      <Cet>0</Cet>
      <PCALT>10</PCALT>
      <TCALT>0.6</TCALT>
      <Pelev>3349</Pelev>
      <Telev>2921</Telev>
      <PART>0.5</PART>
      <DELAY>1</DELAY>
    </SubCatchmentParameters>
    <SubCatchmentVegetationZone>
      <SubCatchmentVegetationZoneParameters>
        <TT>-1.6800010648901735</TT>
        <CFMAX>4.1865883811984421</CFMAX>
        <SP>0</SP>
        <SFCF>1.3000463782311968</SFCF>
        <CFR>0.00055591255677011958</CFR>
        <CWH>0.1790789342817643</CWH>
        <CFGlacier>1</CFGlacier>
        <CFSlope>1</CFSlope>
        <FC>512.153165595994</FC>
        <LP>0.99999881676759517</LP>
        <BETA>1.7862612792172412</BETA>
      </SubCatchmentVegetationZoneParameters>
    </SubCatchmentVegetationZone>
  </SubCatchment>
</Catchment>