<?xml version="1.0" encoding="utf-8"?>
<Catchment xmlns:xsi="http://www.w3.org/2001/XMLSchema-instance" xmlns:xsd="http://www.w3.org/2001/XMLSchema">
  <CatchmentParameters>
    <KSI>0.001</KSI>
    <KGmin>0.05</KGmin>
    <RangeKG>0.1</RangeKG>
    <AG>0.1</AG>
    <PERC>1.6934107490741333</PERC>
    <Alpha>0</Alpha>
    <UZL>183.00596298009739</UZL>
    <K0>0.29753683657629587</K0>
    <K1>0.11895990609441563</K1>
    <K2>0.012647338803703506</K2>
    <MAXBAS>1</MAXBAS>
    <Cet>0</Cet>
    <PCALT>10</PCALT>
    <TCALT>0.6</TCALT>
    <Pelev>3349</Pelev>
    <Telev>2921</Telev>
    <PART>0.5</PART>
    <DELAY>1</DELAY>
  </CatchmentParameters>
  <VegetationZone>
    <VegetationZoneParameters>
      <TT>-2.287829085424343</TT>
      <CFMAX>3.9093600736535423</CFMAX>
      <SP>0</SP>
      <SFCF>1.4664284813449675</SFCF>
      <CFR>0.016806074377648521</CFR>
      <CWH>0.19999999998296589</CWH>
      <CFGlacier>1</CFGlacier>
      <CFSlope>1</CFSlope>
      <FC>2273.555937190295</FC>
      <LP>0.94273445558375746</LP>
      <BETA>1.3999027504986041</BETA>
    </VegetationZoneParameters>
  </VegetationZone>
  <SubCatchment>
    <SubCatchmentParameters>
      <KSI>0.001</KSI>
      <KGmin>0.05</KGmin>
      <RangeKG>0.1</RangeKG>
      <AG>0.1</AG>
      <PERC>1.6934107490741333</PERC>
      <Alpha>0</Alpha>
      <UZL>183.00596298009739</UZL>
      <K0>0.29753683657629587</K0>
      <K1>0.11895990609441563</K1>
      <K2>0.012647338803703506</K2>
      <MAXBAS>1</MAXBAS>
      <Cet>0</Cet>
      <PCALT>10</PCALT>
      <TCALT>0.6</TCALT>
      <Pelev>3349</Pelev>
      <Telev>2921</Telev>
      <PART>0.5</PART>
      <DELAY>1</DELAY>
    </SubCatchmentParameters>
    <SubCatchmentVegetationZone>
      <SubCatchmentVegetationZoneParameters>
        <TT>-2.287829085424343</TT>
        <CFMAX>3.9093600736535423</CFMAX>
        <SP>0</SP>
        <SFCF>1.4664284813449675</SFCF>
        <CFR>0.016806074377648521</CFR>
        <CWH>0.19999999998296589</CWH>
        <CFGlacier>1</CFGlacier>
        <CFSlope>1</CFSlope>
        <FC>2273.555937190295</FC>
        <LP>0.94273445558375746</LP>
        <BETA>1.3999027504986041</BETA>
      </SubCatchmentVegetationZoneParameters>
    </SubCatchmentVegetationZone>
  </SubCatchment>
</Catchment>