<?xml version="1.0" encoding="utf-8"?>
<Catchment xmlns:xsi="http://www.w3.org/2001/XMLSchema-instance" xmlns:xsd="http://www.w3.org/2001/XMLSchema">
  <CatchmentParameters>
    <KSI>0.001</KSI>
    <KGmin>0.05</KGmin>
    <RangeKG>0.1</RangeKG>
    <AG>0.1</AG>
    <PERC>6.5533087495372326</PERC>
    <Alpha>0</Alpha>
    <UZL>120.11366181180688</UZL>
    <K0>0.31133011718922</K0>
    <K1>0.1739802035501784</K1>
    <K2>0.0450371022278586</K2>
    <MAXBAS>1.0004388051871496</MAXBAS>
    <Cet>0</Cet>
    <PCALT>10</PCALT>
    <TCALT>0.6</TCALT>
    <Pelev>3349</Pelev>
    <Telev>2921</Telev>
    <PART>0.5</PART>
    <DELAY>1</DELAY>
  </CatchmentParameters>
  <VegetationZone>
    <VegetationZoneParameters>
      <TT>-0.87000634007873678</TT>
      <CFMAX>4.7069845978327978</CFMAX>
      <SP>0</SP>
      <SFCF>1.1095574580603638</SFCF>
      <CFR>0.099995146382588787</CFR>
      <CWH>0.17060422862256286</CWH>
      <CFGlacier>1</CFGlacier>
      <CFSlope>1</CFSlope>
      <FC>279.56136233176227</FC>
      <LP>0.99999001978649416</LP>
      <BETA>1.0214710959965863</BETA>
    </VegetationZoneParameters>
  </VegetationZone>
  <SubCatchment>
    <SubCatchmentParameters>
      <KSI>0.001</KSI>
      <KGmin>0.05</KGmin>
      <RangeKG>0.1</RangeKG>
      <AG>0.1</AG>
      <PERC>6.5533087495372326</PERC>
      <Alpha>0</Alpha>
      <UZL>120.11366181180688</UZL>
      <K0>0.31133011718922</K0>
      <K1>0.1739802035501784</K1>
      <K2>0.0450371022278586</K2>
      <MAXBAS>1.0004388051871496</MAXBAS>
      <Cet>0</Cet>
      <PCALT>10</PCALT>
      <TCALT>0.6</TCALT>
      <Pelev>3349</Pelev>
      <Telev>2921</Telev>
      <PART>0.5</PART>
      <DELAY>1</DELAY>
    </SubCatchmentParameters>
    <SubCatchmentVegetationZone>
      <SubCatchmentVegetationZoneParameters>
        <TT>-0.87000634007873678</TT>
        <CFMAX>4.7069845978327978</CFMAX>
        <SP>0</SP>
        <SFCF>1.1095574580603638</SFCF>
        <CFR>0.099995146382588787</CFR>
        <CWH>0.17060422862256286</CWH>
        <CFGlacier>1</CFGlacier>
        <CFSlope>1</CFSlope>
        <FC>279.56136233176227</FC>
        <LP>0.99999001978649416</LP>
        <BETA>1.0214710959965863</BETA>
      </SubCatchmentVegetationZoneParameters>
    </SubCatchmentVegetationZone>
  </SubCatchment>
</Catchment>