<?xml version="1.0" encoding="utf-8"?>
<Catchment xmlns:xsi="http://www.w3.org/2001/XMLSchema-instance" xmlns:xsd="http://www.w3.org/2001/XMLSchema">
  <CatchmentParameters>
    <KSI>0.001</KSI>
    <KGmin>0.05</KGmin>
    <RangeKG>0.1</RangeKG>
    <AG>0.1</AG>
    <PERC>6.0385162340942147</PERC>
    <Alpha>0</Alpha>
    <UZL>62.919801903709363</UZL>
    <K0>0.21387409121765005</K0>
    <K1>0.17406250069523391</K1>
    <K2>0.04023851635148204</K2>
    <MAXBAS>1.0001470166354289</MAXBAS>
    <Cet>0</Cet>
    <PCALT>10</PCALT>
    <TCALT>0.6</TCALT>
    <Pelev>3349</Pelev>
    <Telev>2921</Telev>
    <PART>0.5</PART>
    <DELAY>1</DELAY>
  </CatchmentParameters>
  <VegetationZone>
    <VegetationZoneParameters>
      <TT>-1.4279217442023395</TT>
      <CFMAX>3.8966803250282016</CFMAX>
      <SP>0</SP>
      <SFCF>1.1228508088186446</SFCF>
      <CFR>0.031248786340728068</CFR>
      <CWH>0.19999836034950189</CWH>
      <CFGlacier>1</CFGlacier>
      <CFSlope>1</CFSlope>
      <FC>243.58640253310969</FC>
      <LP>0.99992314466913346</LP>
      <BETA>1.5018146685156877</BETA>
    </VegetationZoneParameters>
  </VegetationZone>
  <SubCatchment>
    <SubCatchmentParameters>
      <KSI>0.001</KSI>
      <KGmin>0.05</KGmin>
      <RangeKG>0.1</RangeKG>
      <AG>0.1</AG>
      <PERC>6.0385162340942147</PERC>
      <Alpha>0</Alpha>
      <UZL>62.919801903709363</UZL>
      <K0>0.21387409121765005</K0>
      <K1>0.17406250069523391</K1>
      <K2>0.04023851635148204</K2>
      <MAXBAS>1.0001470166354289</MAXBAS>
      <Cet>0</Cet>
      <PCALT>10</PCALT>
      <TCALT>0.6</TCALT>
      <Pelev>3349</Pelev>
      <Telev>2921</Telev>
      <PART>0.5</PART>
      <DELAY>1</DELAY>
    </SubCatchmentParameters>
    <SubCatchmentVegetationZone>
      <SubCatchmentVegetationZoneParameters>
        <TT>-1.4279217442023395</TT>
        <CFMAX>3.8966803250282016</CFMAX>
        <SP>0</SP>
        <SFCF>1.1228508088186446</SFCF>
        <CFR>0.031248786340728068</CFR>
        <CWH>0.19999836034950189</CWH>
        <CFGlacier>1</CFGlacier>
        <CFSlope>1</CFSlope>
        <FC>243.58640253310969</FC>
        <LP>0.99992314466913346</LP>
        <BETA>1.5018146685156877</BETA>
      </SubCatchmentVegetationZoneParameters>
    </SubCatchmentVegetationZone>
  </SubCatchment>
</Catchment>