<?xml version="1.0" encoding="utf-8"?>
<Catchment xmlns:xsi="http://www.w3.org/2001/XMLSchema-instance" xmlns:xsd="http://www.w3.org/2001/XMLSchema">
  <CatchmentParameters>
    <KSI>0.001</KSI>
    <KGmin>0.05</KGmin>
    <RangeKG>0.1</RangeKG>
    <AG>0.1</AG>
    <PERC>6.5775372720061842</PERC>
    <Alpha>0</Alpha>
    <UZL>108.70743896840725</UZL>
    <K0>0.12884780942640489</K0>
    <K1>0.17319902445980048</K1>
    <K2>0.045650700595408739</K2>
    <MAXBAS>1.0046940074546154</MAXBAS>
    <Cet>0</Cet>
    <PCALT>10</PCALT>
    <TCALT>0.6</TCALT>
    <Pelev>3349</Pelev>
    <Telev>2921</Telev>
    <PART>0.5</PART>
    <DELAY>1</DELAY>
  </CatchmentParameters>
  <VegetationZone>
    <VegetationZoneParameters>
      <TT>-0.88248009111348436</TT>
      <CFMAX>4.6490354431367269</CFMAX>
      <SP>0</SP>
      <SFCF>1.129538720887675</SFCF>
      <CFR>0.021045048456077749</CFR>
      <CWH>0.18806996798006209</CWH>
      <CFGlacier>1</CFGlacier>
      <CFSlope>1</CFSlope>
      <FC>296.23649587810223</FC>
      <LP>0.99998632724531822</LP>
      <BETA>1.0677328392295533</BETA>
    </VegetationZoneParameters>
  </VegetationZone>
  <SubCatchment>
    <SubCatchmentParameters>
      <KSI>0.001</KSI>
      <KGmin>0.05</KGmin>
      <RangeKG>0.1</RangeKG>
      <AG>0.1</AG>
      <PERC>6.5775372720061842</PERC>
      <Alpha>0</Alpha>
      <UZL>108.70743896840725</UZL>
      <K0>0.12884780942640489</K0>
      <K1>0.17319902445980048</K1>
      <K2>0.045650700595408739</K2>
      <MAXBAS>1.0046940074546154</MAXBAS>
      <Cet>0</Cet>
      <PCALT>10</PCALT>
      <TCALT>0.6</TCALT>
      <Pelev>3349</Pelev>
      <Telev>2921</Telev>
      <PART>0.5</PART>
      <DELAY>1</DELAY>
    </SubCatchmentParameters>
    <SubCatchmentVegetationZone>
      <SubCatchmentVegetationZoneParameters>
        <TT>-0.88248009111348436</TT>
        <CFMAX>4.6490354431367269</CFMAX>
        <SP>0</SP>
        <SFCF>1.129538720887675</SFCF>
        <CFR>0.021045048456077749</CFR>
        <CWH>0.18806996798006209</CWH>
        <CFGlacier>1</CFGlacier>
        <CFSlope>1</CFSlope>
        <FC>296.23649587810223</FC>
        <LP>0.99998632724531822</LP>
        <BETA>1.0677328392295533</BETA>
      </SubCatchmentVegetationZoneParameters>
    </SubCatchmentVegetationZone>
  </SubCatchment>
</Catchment>