<?xml version="1.0" encoding="utf-8"?>
<Catchment xmlns:xsi="http://www.w3.org/2001/XMLSchema-instance" xmlns:xsd="http://www.w3.org/2001/XMLSchema">
  <CatchmentParameters>
    <KSI>0.001</KSI>
    <KGmin>0.05</KGmin>
    <RangeKG>0.1</RangeKG>
    <AG>0.1</AG>
    <PERC>5.9921838065834692</PERC>
    <Alpha>0</Alpha>
    <UZL>80.398154011621372</UZL>
    <K0>0.15571523761218026</K0>
    <K1>0.18632666402591816</K1>
    <K2>0.04956976225821208</K2>
    <MAXBAS>1.0000909067492074</MAXBAS>
    <Cet>0</Cet>
    <PCALT>10</PCALT>
    <TCALT>0.6</TCALT>
    <Pelev>3349</Pelev>
    <Telev>2921</Telev>
    <PART>0.5</PART>
    <DELAY>1</DELAY>
  </CatchmentParameters>
  <VegetationZone>
    <VegetationZoneParameters>
      <TT>-0.22798951063307987</TT>
      <CFMAX>4.3475234169632211</CFMAX>
      <SP>0</SP>
      <SFCF>0.987028499309853</SFCF>
      <CFR>0.018800111371444269</CFR>
      <CWH>0.14835543775742208</CWH>
      <CFGlacier>1</CFGlacier>
      <CFSlope>1</CFSlope>
      <FC>184.97501345570782</FC>
      <LP>0.99999263216161294</LP>
      <BETA>1.0000022210256891</BETA>
    </VegetationZoneParameters>
  </VegetationZone>
  <SubCatchment>
    <SubCatchmentParameters>
      <KSI>0.001</KSI>
      <KGmin>0.05</KGmin>
      <RangeKG>0.1</RangeKG>
      <AG>0.1</AG>
      <PERC>5.9921838065834692</PERC>
      <Alpha>0</Alpha>
      <UZL>80.398154011621372</UZL>
      <K0>0.15571523761218026</K0>
      <K1>0.18632666402591816</K1>
      <K2>0.04956976225821208</K2>
      <MAXBAS>1.0000909067492074</MAXBAS>
      <Cet>0</Cet>
      <PCALT>10</PCALT>
      <TCALT>0.6</TCALT>
      <Pelev>3349</Pelev>
      <Telev>2921</Telev>
      <PART>0.5</PART>
      <DELAY>1</DELAY>
    </SubCatchmentParameters>
    <SubCatchmentVegetationZone>
      <SubCatchmentVegetationZoneParameters>
        <TT>-0.22798951063307987</TT>
        <CFMAX>4.3475234169632211</CFMAX>
        <SP>0</SP>
        <SFCF>0.987028499309853</SFCF>
        <CFR>0.018800111371444269</CFR>
        <CWH>0.14835543775742208</CWH>
        <CFGlacier>1</CFGlacier>
        <CFSlope>1</CFSlope>
        <FC>184.97501345570782</FC>
        <LP>0.99999263216161294</LP>
        <BETA>1.0000022210256891</BETA>
      </SubCatchmentVegetationZoneParameters>
    </SubCatchmentVegetationZone>
  </SubCatchment>
</Catchment>