<?xml version="1.0" encoding="utf-8"?>
<Catchment xmlns:xsi="http://www.w3.org/2001/XMLSchema-instance" xmlns:xsd="http://www.w3.org/2001/XMLSchema">
  <CatchmentParameters>
    <KSI>0.001</KSI>
    <KGmin>0.05</KGmin>
    <RangeKG>0.1</RangeKG>
    <AG>0.1</AG>
    <PERC>6.2580248335287347</PERC>
    <Alpha>0</Alpha>
    <UZL>106.30294559754188</UZL>
    <K0>0.56623317261712236</K0>
    <K1>0.17195028176900967</K1>
    <K2>0.043296679001789233</K2>
    <MAXBAS>1.0005413519978295</MAXBAS>
    <Cet>0</Cet>
    <PCALT>10</PCALT>
    <TCALT>0.6</TCALT>
    <Pelev>3349</Pelev>
    <Telev>2921</Telev>
    <PART>0.5</PART>
    <DELAY>1</DELAY>
  </CatchmentParameters>
  <VegetationZone>
    <VegetationZoneParameters>
      <TT>-0.98763339333350808</TT>
      <CFMAX>4.1970696602323567</CFMAX>
      <SP>0</SP>
      <SFCF>1.0737630543604633</SFCF>
      <CFR>0.023780687791631908</CFR>
      <CWH>0.1999956973056802</CWH>
      <CFGlacier>1</CFGlacier>
      <CFSlope>1</CFSlope>
      <FC>220.3545022741549</FC>
      <LP>0.99998134750386547</LP>
      <BETA>1.1676897742719947</BETA>
    </VegetationZoneParameters>
  </VegetationZone>
  <SubCatchment>
    <SubCatchmentParameters>
      <KSI>0.001</KSI>
      <KGmin>0.05</KGmin>
      <RangeKG>0.1</RangeKG>
      <AG>0.1</AG>
      <PERC>6.2580248335287347</PERC>
      <Alpha>0</Alpha>
      <UZL>106.30294559754188</UZL>
      <K0>0.56623317261712236</K0>
      <K1>0.17195028176900967</K1>
      <K2>0.043296679001789233</K2>
      <MAXBAS>1.0005413519978295</MAXBAS>
      <Cet>0</Cet>
      <PCALT>10</PCALT>
      <TCALT>0.6</TCALT>
      <Pelev>3349</Pelev>
      <Telev>2921</Telev>
      <PART>0.5</PART>
      <DELAY>1</DELAY>
    </SubCatchmentParameters>
    <SubCatchmentVegetationZone>
      <SubCatchmentVegetationZoneParameters>
        <TT>-0.98763339333350808</TT>
        <CFMAX>4.1970696602323567</CFMAX>
        <SP>0</SP>
        <SFCF>1.0737630543604633</SFCF>
        <CFR>0.023780687791631908</CFR>
        <CWH>0.1999956973056802</CWH>
        <CFGlacier>1</CFGlacier>
        <CFSlope>1</CFSlope>
        <FC>220.3545022741549</FC>
        <LP>0.99998134750386547</LP>
        <BETA>1.1676897742719947</BETA>
      </SubCatchmentVegetationZoneParameters>
    </SubCatchmentVegetationZone>
  </SubCatchment>
</Catchment>