<?xml version="1.0" encoding="utf-8"?>
<Catchment xmlns:xsi="http://www.w3.org/2001/XMLSchema-instance" xmlns:xsd="http://www.w3.org/2001/XMLSchema">
  <CatchmentParameters>
    <KSI>0.001</KSI>
    <KGmin>0.05</KGmin>
    <RangeKG>0.1</RangeKG>
    <AG>0.1</AG>
    <PERC>2.2887360320525523</PERC>
    <Alpha>0</Alpha>
    <UZL>199.7664427391471</UZL>
    <K0>0.37285671334518566</K0>
    <K1>0.097044996260515978</K1>
    <K2>0.010278066596417956</K2>
    <MAXBAS>1</MAXBAS>
    <Cet>0</Cet>
    <PCALT>10</PCALT>
    <TCALT>0.6</TCALT>
    <Pelev>3349</Pelev>
    <Telev>2921</Telev>
    <PART>0.5</PART>
    <DELAY>1</DELAY>
  </CatchmentParameters>
  <VegetationZone>
    <VegetationZoneParameters>
      <TT>-1.8473883941195974</TT>
      <CFMAX>3.4862681958518569</CFMAX>
      <SP>0</SP>
      <SFCF>1.1646949622924314</SFCF>
      <CFR>0.0003583430124754488</CFR>
      <CWH>0.17918942577671287</CWH>
      <CFGlacier>1</CFGlacier>
      <CFSlope>1</CFSlope>
      <FC>187.55641603526379</FC>
      <LP>0.79654214560158254</LP>
      <BETA>1.0903221584529981</BETA>
    </VegetationZoneParameters>
  </VegetationZone>
  <SubCatchment>
    <SubCatchmentParameters>
      <KSI>0.001</KSI>
      <KGmin>0.05</KGmin>
      <RangeKG>0.1</RangeKG>
      <AG>0.1</AG>
      <PERC>2.2887360320525523</PERC>
      <Alpha>0</Alpha>
      <UZL>199.7664427391471</UZL>
      <K0>0.37285671334518566</K0>
      <K1>0.097044996260515978</K1>
      <K2>0.010278066596417956</K2>
      <MAXBAS>1</MAXBAS>
      <Cet>0</Cet>
      <PCALT>10</PCALT>
      <TCALT>0.6</TCALT>
      <Pelev>3349</Pelev>
      <Telev>2921</Telev>
      <PART>0.5</PART>
      <DELAY>1</DELAY>
    </SubCatchmentParameters>
    <SubCatchmentVegetationZone>
      <SubCatchmentVegetationZoneParameters>
        <TT>-1.8473883941195974</TT>
        <CFMAX>3.4862681958518569</CFMAX>
        <SP>0</SP>
        <SFCF>1.1646949622924314</SFCF>
        <CFR>0.0003583430124754488</CFR>
        <CWH>0.17918942577671287</CWH>
        <CFGlacier>1</CFGlacier>
        <CFSlope>1</CFSlope>
        <FC>187.55641603526379</FC>
        <LP>0.79654214560158254</LP>
        <BETA>1.0903221584529981</BETA>
      </SubCatchmentVegetationZoneParameters>
    </SubCatchmentVegetationZone>
  </SubCatchment>
</Catchment>