<?xml version="1.0" encoding="utf-8"?>
<Catchment xmlns:xsi="http://www.w3.org/2001/XMLSchema-instance" xmlns:xsd="http://www.w3.org/2001/XMLSchema">
  <CatchmentParameters>
    <KSI>0.001</KSI>
    <KGmin>0.05</KGmin>
    <RangeKG>0.1</RangeKG>
    <AG>0.1</AG>
    <PERC>6.47658483444908</PERC>
    <Alpha>0</Alpha>
    <UZL>111.61925840643872</UZL>
    <K0>0.49021040194612425</K0>
    <K1>0.18284806648510729</K1>
    <K2>0.051674950821624412</K2>
    <MAXBAS>1.0000824390564715</MAXBAS>
    <Cet>0</Cet>
    <PCALT>10</PCALT>
    <TCALT>0.6</TCALT>
    <Pelev>3349</Pelev>
    <Telev>2921</Telev>
    <PART>0.5</PART>
    <DELAY>1</DELAY>
  </CatchmentParameters>
  <VegetationZone>
    <VegetationZoneParameters>
      <TT>-0.56997978772859437</TT>
      <CFMAX>4.4981851975714537</CFMAX>
      <SP>0</SP>
      <SFCF>1.0520264929066294</SFCF>
      <CFR>0.018946347392789553</CFR>
      <CWH>0.1825230208743279</CWH>
      <CFGlacier>1</CFGlacier>
      <CFSlope>1</CFSlope>
      <FC>246.41276050928286</FC>
      <LP>0.99999547619325069</LP>
      <BETA>1.0000022839133826</BETA>
    </VegetationZoneParameters>
  </VegetationZone>
  <SubCatchment>
    <SubCatchmentParameters>
      <KSI>0.001</KSI>
      <KGmin>0.05</KGmin>
      <RangeKG>0.1</RangeKG>
      <AG>0.1</AG>
      <PERC>6.47658483444908</PERC>
      <Alpha>0</Alpha>
      <UZL>111.61925840643872</UZL>
      <K0>0.49021040194612425</K0>
      <K1>0.18284806648510729</K1>
      <K2>0.051674950821624412</K2>
      <MAXBAS>1.0000824390564715</MAXBAS>
      <Cet>0</Cet>
      <PCALT>10</PCALT>
      <TCALT>0.6</TCALT>
      <Pelev>3349</Pelev>
      <Telev>2921</Telev>
      <PART>0.5</PART>
      <DELAY>1</DELAY>
    </SubCatchmentParameters>
    <SubCatchmentVegetationZone>
      <SubCatchmentVegetationZoneParameters>
        <TT>-0.56997978772859437</TT>
        <CFMAX>4.4981851975714537</CFMAX>
        <SP>0</SP>
        <SFCF>1.0520264929066294</SFCF>
        <CFR>0.018946347392789553</CFR>
        <CWH>0.1825230208743279</CWH>
        <CFGlacier>1</CFGlacier>
        <CFSlope>1</CFSlope>
        <FC>246.41276050928286</FC>
        <LP>0.99999547619325069</LP>
        <BETA>1.0000022839133826</BETA>
      </SubCatchmentVegetationZoneParameters>
    </SubCatchmentVegetationZone>
  </SubCatchment>
</Catchment>