<?xml version="1.0" encoding="utf-8"?>
<Catchment xmlns:xsi="http://www.w3.org/2001/XMLSchema-instance" xmlns:xsd="http://www.w3.org/2001/XMLSchema">
  <CatchmentParameters>
    <KSI>0.001</KSI>
    <KGmin>0.05</KGmin>
    <RangeKG>0.1</RangeKG>
    <AG>0.1</AG>
    <PERC>1.7098644282563948</PERC>
    <Alpha>0</Alpha>
    <UZL>74.184543960111924</UZL>
    <K0>0.125634711966621</K0>
    <K1>0.057169222210266518</K1>
    <K2>0.010000004208636641</K2>
    <MAXBAS>1</MAXBAS>
    <Cet>0</Cet>
    <PCALT>10</PCALT>
    <TCALT>0.6</TCALT>
    <Pelev>3349</Pelev>
    <Telev>2921</Telev>
    <PART>0.5</PART>
    <DELAY>1</DELAY>
  </CatchmentParameters>
  <VegetationZone>
    <VegetationZoneParameters>
      <TT>-2.1838532047942327</TT>
      <CFMAX>3.6772122742914477</CFMAX>
      <SP>0</SP>
      <SFCF>1.3551095020425568</SFCF>
      <CFR>5.8974013021481349E-05</CFR>
      <CWH>0.10000067244065584</CWH>
      <CFGlacier>1</CFGlacier>
      <CFSlope>1</CFSlope>
      <FC>376.45338057402512</FC>
      <LP>0.90926559262893991</LP>
      <BETA>1.5706362591598466</BETA>
    </VegetationZoneParameters>
  </VegetationZone>
  <SubCatchment>
    <SubCatchmentParameters>
      <KSI>0.001</KSI>
      <KGmin>0.05</KGmin>
      <RangeKG>0.1</RangeKG>
      <AG>0.1</AG>
      <PERC>1.7098644282563948</PERC>
      <Alpha>0</Alpha>
      <UZL>74.184543960111924</UZL>
      <K0>0.125634711966621</K0>
      <K1>0.057169222210266518</K1>
      <K2>0.010000004208636641</K2>
      <MAXBAS>1</MAXBAS>
      <Cet>0</Cet>
      <PCALT>10</PCALT>
      <TCALT>0.6</TCALT>
      <Pelev>3349</Pelev>
      <Telev>2921</Telev>
      <PART>0.5</PART>
      <DELAY>1</DELAY>
    </SubCatchmentParameters>
    <SubCatchmentVegetationZone>
      <SubCatchmentVegetationZoneParameters>
        <TT>-2.1838532047942327</TT>
        <CFMAX>3.6772122742914477</CFMAX>
        <SP>0</SP>
        <SFCF>1.3551095020425568</SFCF>
        <CFR>5.8974013021481349E-05</CFR>
        <CWH>0.10000067244065584</CWH>
        <CFGlacier>1</CFGlacier>
        <CFSlope>1</CFSlope>
        <FC>376.45338057402512</FC>
        <LP>0.90926559262893991</LP>
        <BETA>1.5706362591598466</BETA>
      </SubCatchmentVegetationZoneParameters>
    </SubCatchmentVegetationZone>
  </SubCatchment>
</Catchment>