<?xml version="1.0" encoding="utf-8"?>
<Catchment xmlns:xsi="http://www.w3.org/2001/XMLSchema-instance" xmlns:xsd="http://www.w3.org/2001/XMLSchema">
  <CatchmentParameters>
    <KSI>0.001</KSI>
    <KGmin>0.05</KGmin>
    <RangeKG>0.1</RangeKG>
    <AG>0.1</AG>
    <PERC>6.60444222298017</PERC>
    <Alpha>0</Alpha>
    <UZL>80.457975506210374</UZL>
    <K0>0.89449080206138487</K0>
    <K1>0.19983214872638644</K1>
    <K2>0.053231535003916586</K2>
    <MAXBAS>1.0000318447238183</MAXBAS>
    <Cet>0</Cet>
    <PCALT>10</PCALT>
    <TCALT>0.6</TCALT>
    <Pelev>3349</Pelev>
    <Telev>2921</Telev>
    <PART>0.5</PART>
    <DELAY>1</DELAY>
  </CatchmentParameters>
  <VegetationZone>
    <VegetationZoneParameters>
      <TT>-0.65968633473950933</TT>
      <CFMAX>4.1844789858285223</CFMAX>
      <SP>0</SP>
      <SFCF>1.0171275179456656</SFCF>
      <CFR>0.051318293572968229</CFR>
      <CWH>0.18268173119778802</CWH>
      <CFGlacier>1</CFGlacier>
      <CFSlope>1</CFSlope>
      <FC>207.46354567265982</FC>
      <LP>0.99999699419898336</LP>
      <BETA>1.0000069508149552</BETA>
    </VegetationZoneParameters>
  </VegetationZone>
  <SubCatchment>
    <SubCatchmentParameters>
      <KSI>0.001</KSI>
      <KGmin>0.05</KGmin>
      <RangeKG>0.1</RangeKG>
      <AG>0.1</AG>
      <PERC>6.60444222298017</PERC>
      <Alpha>0</Alpha>
      <UZL>80.457975506210374</UZL>
      <K0>0.89449080206138487</K0>
      <K1>0.19983214872638644</K1>
      <K2>0.053231535003916586</K2>
      <MAXBAS>1.0000318447238183</MAXBAS>
      <Cet>0</Cet>
      <PCALT>10</PCALT>
      <TCALT>0.6</TCALT>
      <Pelev>3349</Pelev>
      <Telev>2921</Telev>
      <PART>0.5</PART>
      <DELAY>1</DELAY>
    </SubCatchmentParameters>
    <SubCatchmentVegetationZone>
      <SubCatchmentVegetationZoneParameters>
        <TT>-0.65968633473950933</TT>
        <CFMAX>4.1844789858285223</CFMAX>
        <SP>0</SP>
        <SFCF>1.0171275179456656</SFCF>
        <CFR>0.051318293572968229</CFR>
        <CWH>0.18268173119778802</CWH>
        <CFGlacier>1</CFGlacier>
        <CFSlope>1</CFSlope>
        <FC>207.46354567265982</FC>
        <LP>0.99999699419898336</LP>
        <BETA>1.0000069508149552</BETA>
      </SubCatchmentVegetationZoneParameters>
    </SubCatchmentVegetationZone>
  </SubCatchment>
</Catchment>