<?xml version="1.0" encoding="utf-8"?>
<Catchment xmlns:xsi="http://www.w3.org/2001/XMLSchema-instance" xmlns:xsd="http://www.w3.org/2001/XMLSchema">
  <CatchmentParameters>
    <KSI>0.001</KSI>
    <KGmin>0.05</KGmin>
    <RangeKG>0.1</RangeKG>
    <AG>0.1</AG>
    <PERC>1.9046087448915734</PERC>
    <Alpha>0</Alpha>
    <UZL>92.155181452771529</UZL>
    <K0>0.11481949933870499</K0>
    <K1>0.048970347167510572</K1>
    <K2>0.010000000358182703</K2>
    <MAXBAS>1</MAXBAS>
    <Cet>0</Cet>
    <PCALT>10</PCALT>
    <TCALT>0.6</TCALT>
    <Pelev>3349</Pelev>
    <Telev>2921</Telev>
    <PART>0.5</PART>
    <DELAY>1</DELAY>
  </CatchmentParameters>
  <VegetationZone>
    <VegetationZoneParameters>
      <TT>-1.5190617876055979</TT>
      <CFMAX>4.1990975223234113</CFMAX>
      <SP>0</SP>
      <SFCF>1.2190495828742609</SFCF>
      <CFR>2.3485766553471912E-05</CFR>
      <CWH>0.10000009959842038</CWH>
      <CFGlacier>1</CFGlacier>
      <CFSlope>1</CFSlope>
      <FC>228.48836569364559</FC>
      <LP>0.81300938508575249</LP>
      <BETA>1.3243961382752416</BETA>
    </VegetationZoneParameters>
  </VegetationZone>
  <SubCatchment>
    <SubCatchmentParameters>
      <KSI>0.001</KSI>
      <KGmin>0.05</KGmin>
      <RangeKG>0.1</RangeKG>
      <AG>0.1</AG>
      <PERC>1.9046087448915734</PERC>
      <Alpha>0</Alpha>
      <UZL>92.155181452771529</UZL>
      <K0>0.11481949933870499</K0>
      <K1>0.048970347167510572</K1>
      <K2>0.010000000358182703</K2>
      <MAXBAS>1</MAXBAS>
      <Cet>0</Cet>
      <PCALT>10</PCALT>
      <TCALT>0.6</TCALT>
      <Pelev>3349</Pelev>
      <Telev>2921</Telev>
      <PART>0.5</PART>
      <DELAY>1</DELAY>
    </SubCatchmentParameters>
    <SubCatchmentVegetationZone>
      <SubCatchmentVegetationZoneParameters>
        <TT>-1.5190617876055979</TT>
        <CFMAX>4.1990975223234113</CFMAX>
        <SP>0</SP>
        <SFCF>1.2190495828742609</SFCF>
        <CFR>2.3485766553471912E-05</CFR>
        <CWH>0.10000009959842038</CWH>
        <CFGlacier>1</CFGlacier>
        <CFSlope>1</CFSlope>
        <FC>228.48836569364559</FC>
        <LP>0.81300938508575249</LP>
        <BETA>1.3243961382752416</BETA>
      </SubCatchmentVegetationZoneParameters>
    </SubCatchmentVegetationZone>
  </SubCatchment>
</Catchment>