<?xml version="1.0" encoding="utf-8"?>
<Catchment xmlns:xsi="http://www.w3.org/2001/XMLSchema-instance" xmlns:xsd="http://www.w3.org/2001/XMLSchema">
  <CatchmentParameters>
    <KSI>0.001</KSI>
    <KGmin>0.05</KGmin>
    <RangeKG>0.1</RangeKG>
    <AG>0.1</AG>
    <PERC>1.545108570534053</PERC>
    <Alpha>0</Alpha>
    <UZL>86.107120293590057</UZL>
    <K0>0.13359503670860107</K0>
    <K1>0.049094743918318529</K1>
    <K2>0.010000000186021598</K2>
    <MAXBAS>1</MAXBAS>
    <Cet>0</Cet>
    <PCALT>10</PCALT>
    <TCALT>0.6</TCALT>
    <Pelev>3349</Pelev>
    <Telev>2921</Telev>
    <PART>0.5</PART>
    <DELAY>1</DELAY>
  </CatchmentParameters>
  <VegetationZone>
    <VegetationZoneParameters>
      <TT>-1.8816927356924991</TT>
      <CFMAX>3.4738439880742416</CFMAX>
      <SP>0</SP>
      <SFCF>1.179918649583289</SFCF>
      <CFR>0.0050561878674854751</CFR>
      <CWH>0.14245050217104846</CWH>
      <CFGlacier>1</CFGlacier>
      <CFSlope>1</CFSlope>
      <FC>216.48884623668062</FC>
      <LP>0.8829284460926845</LP>
      <BETA>1.0272028995397038</BETA>
    </VegetationZoneParameters>
  </VegetationZone>
  <SubCatchment>
    <SubCatchmentParameters>
      <KSI>0.001</KSI>
      <KGmin>0.05</KGmin>
      <RangeKG>0.1</RangeKG>
      <AG>0.1</AG>
      <PERC>1.545108570534053</PERC>
      <Alpha>0</Alpha>
      <UZL>86.107120293590057</UZL>
      <K0>0.13359503670860107</K0>
      <K1>0.049094743918318529</K1>
      <K2>0.010000000186021598</K2>
      <MAXBAS>1</MAXBAS>
      <Cet>0</Cet>
      <PCALT>10</PCALT>
      <TCALT>0.6</TCALT>
      <Pelev>3349</Pelev>
      <Telev>2921</Telev>
      <PART>0.5</PART>
      <DELAY>1</DELAY>
    </SubCatchmentParameters>
    <SubCatchmentVegetationZone>
      <SubCatchmentVegetationZoneParameters>
        <TT>-1.8816927356924991</TT>
        <CFMAX>3.4738439880742416</CFMAX>
        <SP>0</SP>
        <SFCF>1.179918649583289</SFCF>
        <CFR>0.0050561878674854751</CFR>
        <CWH>0.14245050217104846</CWH>
        <CFGlacier>1</CFGlacier>
        <CFSlope>1</CFSlope>
        <FC>216.48884623668062</FC>
        <LP>0.8829284460926845</LP>
        <BETA>1.0272028995397038</BETA>
      </SubCatchmentVegetationZoneParameters>
    </SubCatchmentVegetationZone>
  </SubCatchment>
</Catchment>