<?xml version="1.0" encoding="utf-8"?>
<Catchment xmlns:xsi="http://www.w3.org/2001/XMLSchema-instance" xmlns:xsd="http://www.w3.org/2001/XMLSchema">
  <CatchmentParameters>
    <KSI>0.001</KSI>
    <KGmin>0.05</KGmin>
    <RangeKG>0.1</RangeKG>
    <AG>0.1</AG>
    <PERC>5.8912742105759861</PERC>
    <Alpha>0</Alpha>
    <UZL>116.95121125171198</UZL>
    <K0>0.0706777153865459</K0>
    <K1>0.18785861130079268</K1>
    <K2>0.046966947931723589</K2>
    <MAXBAS>1.0081530730215718</MAXBAS>
    <Cet>0</Cet>
    <PCALT>10</PCALT>
    <TCALT>0.6</TCALT>
    <Pelev>3349</Pelev>
    <Telev>2921</Telev>
    <PART>0.5</PART>
    <DELAY>1</DELAY>
  </CatchmentParameters>
  <VegetationZone>
    <VegetationZoneParameters>
      <TT>-1.2881402843044194</TT>
      <CFMAX>4.0833771569748878</CFMAX>
      <SP>0</SP>
      <SFCF>1.1389106871645771</SFCF>
      <CFR>0.028158654189007967</CFR>
      <CWH>0.19999771203384104</CWH>
      <CFGlacier>1</CFGlacier>
      <CFSlope>1</CFSlope>
      <FC>310.93277526867774</FC>
      <LP>0.99999903108784727</LP>
      <BETA>1.170564819363183</BETA>
    </VegetationZoneParameters>
  </VegetationZone>
  <SubCatchment>
    <SubCatchmentParameters>
      <KSI>0.001</KSI>
      <KGmin>0.05</KGmin>
      <RangeKG>0.1</RangeKG>
      <AG>0.1</AG>
      <PERC>5.8912742105759861</PERC>
      <Alpha>0</Alpha>
      <UZL>116.95121125171198</UZL>
      <K0>0.0706777153865459</K0>
      <K1>0.18785861130079268</K1>
      <K2>0.046966947931723589</K2>
      <MAXBAS>1.0081530730215718</MAXBAS>
      <Cet>0</Cet>
      <PCALT>10</PCALT>
      <TCALT>0.6</TCALT>
      <Pelev>3349</Pelev>
      <Telev>2921</Telev>
      <PART>0.5</PART>
      <DELAY>1</DELAY>
    </SubCatchmentParameters>
    <SubCatchmentVegetationZone>
      <SubCatchmentVegetationZoneParameters>
        <TT>-1.2881402843044194</TT>
        <CFMAX>4.0833771569748878</CFMAX>
        <SP>0</SP>
        <SFCF>1.1389106871645771</SFCF>
        <CFR>0.028158654189007967</CFR>
        <CWH>0.19999771203384104</CWH>
        <CFGlacier>1</CFGlacier>
        <CFSlope>1</CFSlope>
        <FC>310.93277526867774</FC>
        <LP>0.99999903108784727</LP>
        <BETA>1.170564819363183</BETA>
      </SubCatchmentVegetationZoneParameters>
    </SubCatchmentVegetationZone>
  </SubCatchment>
</Catchment>