<?xml version="1.0" encoding="utf-8"?>
<Catchment xmlns:xsi="http://www.w3.org/2001/XMLSchema-instance" xmlns:xsd="http://www.w3.org/2001/XMLSchema">
  <CatchmentParameters>
    <KSI>0.001</KSI>
    <KGmin>0.05</KGmin>
    <RangeKG>0.1</RangeKG>
    <AG>0.1</AG>
    <PERC>2.2067694214493359</PERC>
    <Alpha>0</Alpha>
    <UZL>142.41796234211921</UZL>
    <K0>0.47344488704272136</K0>
    <K1>0.10336115576416316</K1>
    <K2>0.010000001264757837</K2>
    <MAXBAS>1</MAXBAS>
    <Cet>0</Cet>
    <PCALT>10</PCALT>
    <TCALT>0.6</TCALT>
    <Pelev>3349</Pelev>
    <Telev>2921</Telev>
    <PART>0.5</PART>
    <DELAY>1</DELAY>
  </CatchmentParameters>
  <VegetationZone>
    <VegetationZoneParameters>
      <TT>-2.1892570493236563</TT>
      <CFMAX>3.4666645203910873</CFMAX>
      <SP>0</SP>
      <SFCF>1.2606963557549009</SFCF>
      <CFR>0.0007114094109375857</CFR>
      <CWH>0.18667542482758046</CWH>
      <CFGlacier>1</CFGlacier>
      <CFSlope>1</CFSlope>
      <FC>301.3180180240139</FC>
      <LP>0.99935614274570539</LP>
      <BETA>1.3833253622718698</BETA>
    </VegetationZoneParameters>
  </VegetationZone>
  <SubCatchment>
    <SubCatchmentParameters>
      <KSI>0.001</KSI>
      <KGmin>0.05</KGmin>
      <RangeKG>0.1</RangeKG>
      <AG>0.1</AG>
      <PERC>2.2067694214493359</PERC>
      <Alpha>0</Alpha>
      <UZL>142.41796234211921</UZL>
      <K0>0.47344488704272136</K0>
      <K1>0.10336115576416316</K1>
      <K2>0.010000001264757837</K2>
      <MAXBAS>1</MAXBAS>
      <Cet>0</Cet>
      <PCALT>10</PCALT>
      <TCALT>0.6</TCALT>
      <Pelev>3349</Pelev>
      <Telev>2921</Telev>
      <PART>0.5</PART>
      <DELAY>1</DELAY>
    </SubCatchmentParameters>
    <SubCatchmentVegetationZone>
      <SubCatchmentVegetationZoneParameters>
        <TT>-2.1892570493236563</TT>
        <CFMAX>3.4666645203910873</CFMAX>
        <SP>0</SP>
        <SFCF>1.2606963557549009</SFCF>
        <CFR>0.0007114094109375857</CFR>
        <CWH>0.18667542482758046</CWH>
        <CFGlacier>1</CFGlacier>
        <CFSlope>1</CFSlope>
        <FC>301.3180180240139</FC>
        <LP>0.99935614274570539</LP>
        <BETA>1.3833253622718698</BETA>
      </SubCatchmentVegetationZoneParameters>
    </SubCatchmentVegetationZone>
  </SubCatchment>
</Catchment>