<?xml version="1.0" encoding="utf-8"?>
<Catchment xmlns:xsi="http://www.w3.org/2001/XMLSchema-instance" xmlns:xsd="http://www.w3.org/2001/XMLSchema">
  <CatchmentParameters>
    <KSI>0.001</KSI>
    <KGmin>0.05</KGmin>
    <RangeKG>0.1</RangeKG>
    <AG>0.1</AG>
    <PERC>6.279632512476641</PERC>
    <Alpha>0</Alpha>
    <UZL>175.06125921253948</UZL>
    <K0>0.3783399520851935</K0>
    <K1>0.17664314828026209</K1>
    <K2>0.043673891196770925</K2>
    <MAXBAS>1.0000272583647458</MAXBAS>
    <Cet>0</Cet>
    <PCALT>10</PCALT>
    <TCALT>0.6</TCALT>
    <Pelev>3349</Pelev>
    <Telev>2921</Telev>
    <PART>0.5</PART>
    <DELAY>1</DELAY>
  </CatchmentParameters>
  <VegetationZone>
    <VegetationZoneParameters>
      <TT>-1.2128475534160175</TT>
      <CFMAX>4.1334464248655332</CFMAX>
      <SP>0</SP>
      <SFCF>1.1084191462842001</SFCF>
      <CFR>0.026055011065812535</CFR>
      <CWH>0.19999857410185404</CWH>
      <CFGlacier>1</CFGlacier>
      <CFSlope>1</CFSlope>
      <FC>254.61412241933391</FC>
      <LP>0.9999974130327216</LP>
      <BETA>1.2544945164941466</BETA>
    </VegetationZoneParameters>
  </VegetationZone>
  <SubCatchment>
    <SubCatchmentParameters>
      <KSI>0.001</KSI>
      <KGmin>0.05</KGmin>
      <RangeKG>0.1</RangeKG>
      <AG>0.1</AG>
      <PERC>6.279632512476641</PERC>
      <Alpha>0</Alpha>
      <UZL>175.06125921253948</UZL>
      <K0>0.3783399520851935</K0>
      <K1>0.17664314828026209</K1>
      <K2>0.043673891196770925</K2>
      <MAXBAS>1.0000272583647458</MAXBAS>
      <Cet>0</Cet>
      <PCALT>10</PCALT>
      <TCALT>0.6</TCALT>
      <Pelev>3349</Pelev>
      <Telev>2921</Telev>
      <PART>0.5</PART>
      <DELAY>1</DELAY>
    </SubCatchmentParameters>
    <SubCatchmentVegetationZone>
      <SubCatchmentVegetationZoneParameters>
        <TT>-1.2128475534160175</TT>
        <CFMAX>4.1334464248655332</CFMAX>
        <SP>0</SP>
        <SFCF>1.1084191462842001</SFCF>
        <CFR>0.026055011065812535</CFR>
        <CWH>0.19999857410185404</CWH>
        <CFGlacier>1</CFGlacier>
        <CFSlope>1</CFSlope>
        <FC>254.61412241933391</FC>
        <LP>0.9999974130327216</LP>
        <BETA>1.2544945164941466</BETA>
      </SubCatchmentVegetationZoneParameters>
    </SubCatchmentVegetationZone>
  </SubCatchment>
</Catchment>