<?xml version="1.0" encoding="utf-8"?>
<Catchment xmlns:xsi="http://www.w3.org/2001/XMLSchema-instance" xmlns:xsd="http://www.w3.org/2001/XMLSchema">
  <CatchmentParameters>
    <KSI>0.001</KSI>
    <KGmin>0.05</KGmin>
    <RangeKG>0.1</RangeKG>
    <AG>0.1</AG>
    <PERC>0.99939140834025764</PERC>
    <Alpha>0</Alpha>
    <UZL>78.165978362100063</UZL>
    <K0>0.14777775302048773</K0>
    <K1>0.054031726279670671</K1>
    <K2>0.011448483105370999</K2>
    <MAXBAS>1</MAXBAS>
    <Cet>0</Cet>
    <PCALT>10</PCALT>
    <TCALT>0.6</TCALT>
    <Pelev>3349</Pelev>
    <Telev>2921</Telev>
    <PART>0.5</PART>
    <DELAY>1</DELAY>
  </CatchmentParameters>
  <VegetationZone>
    <VegetationZoneParameters>
      <TT>-1.8699017089635079</TT>
      <CFMAX>4.4463476133062025</CFMAX>
      <SP>0</SP>
      <SFCF>1.4656624970120109</SFCF>
      <CFR>0.00058148779075537578</CFR>
      <CWH>0.19994302472083367</CWH>
      <CFGlacier>1</CFGlacier>
      <CFSlope>1</CFSlope>
      <FC>2337.2812234485773</FC>
      <LP>0.96935474946939015</LP>
      <BETA>1.5385874974856379</BETA>
    </VegetationZoneParameters>
  </VegetationZone>
  <SubCatchment>
    <SubCatchmentParameters>
      <KSI>0.001</KSI>
      <KGmin>0.05</KGmin>
      <RangeKG>0.1</RangeKG>
      <AG>0.1</AG>
      <PERC>0.99939140834025764</PERC>
      <Alpha>0</Alpha>
      <UZL>78.165978362100063</UZL>
      <K0>0.14777775302048773</K0>
      <K1>0.054031726279670671</K1>
      <K2>0.011448483105370999</K2>
      <MAXBAS>1</MAXBAS>
      <Cet>0</Cet>
      <PCALT>10</PCALT>
      <TCALT>0.6</TCALT>
      <Pelev>3349</Pelev>
      <Telev>2921</Telev>
      <PART>0.5</PART>
      <DELAY>1</DELAY>
    </SubCatchmentParameters>
    <SubCatchmentVegetationZone>
      <SubCatchmentVegetationZoneParameters>
        <TT>-1.8699017089635079</TT>
        <CFMAX>4.4463476133062025</CFMAX>
        <SP>0</SP>
        <SFCF>1.4656624970120109</SFCF>
        <CFR>0.00058148779075537578</CFR>
        <CWH>0.19994302472083367</CWH>
        <CFGlacier>1</CFGlacier>
        <CFSlope>1</CFSlope>
        <FC>2337.2812234485773</FC>
        <LP>0.96935474946939015</LP>
        <BETA>1.5385874974856379</BETA>
      </SubCatchmentVegetationZoneParameters>
    </SubCatchmentVegetationZone>
  </SubCatchment>
</Catchment>