<?xml version="1.0" encoding="utf-8"?>
<Catchment xmlns:xsi="http://www.w3.org/2001/XMLSchema-instance" xmlns:xsd="http://www.w3.org/2001/XMLSchema">
  <CatchmentParameters>
    <KSI>0.001</KSI>
    <KGmin>0.05</KGmin>
    <RangeKG>0.1</RangeKG>
    <AG>0.1</AG>
    <PERC>6.8787379483962692</PERC>
    <Alpha>0</Alpha>
    <UZL>92.0072125791604</UZL>
    <K0>0.49912902212813781</K0>
    <K1>0.17963704732558419</K1>
    <K2>0.060780807282436372</K2>
    <MAXBAS>1.0002495733977594</MAXBAS>
    <Cet>0</Cet>
    <PCALT>10</PCALT>
    <TCALT>0.6</TCALT>
    <Pelev>3349</Pelev>
    <Telev>2921</Telev>
    <PART>0.5</PART>
    <DELAY>1</DELAY>
  </CatchmentParameters>
  <VegetationZone>
    <VegetationZoneParameters>
      <TT>-0.81406655142604212</TT>
      <CFMAX>4.9999364387074632</CFMAX>
      <SP>0</SP>
      <SFCF>1.2118660958723828</SFCF>
      <CFR>0.019649785357147346</CFR>
      <CWH>0.13592911319546769</CWH>
      <CFGlacier>1</CFGlacier>
      <CFSlope>1</CFSlope>
      <FC>503.31864260231919</FC>
      <LP>0.99999819747084784</LP>
      <BETA>1.2513619380476744</BETA>
    </VegetationZoneParameters>
  </VegetationZone>
  <SubCatchment>
    <SubCatchmentParameters>
      <KSI>0.001</KSI>
      <KGmin>0.05</KGmin>
      <RangeKG>0.1</RangeKG>
      <AG>0.1</AG>
      <PERC>6.8787379483962692</PERC>
      <Alpha>0</Alpha>
      <UZL>92.0072125791604</UZL>
      <K0>0.49912902212813781</K0>
      <K1>0.17963704732558419</K1>
      <K2>0.060780807282436372</K2>
      <MAXBAS>1.0002495733977594</MAXBAS>
      <Cet>0</Cet>
      <PCALT>10</PCALT>
      <TCALT>0.6</TCALT>
      <Pelev>3349</Pelev>
      <Telev>2921</Telev>
      <PART>0.5</PART>
      <DELAY>1</DELAY>
    </SubCatchmentParameters>
    <SubCatchmentVegetationZone>
      <SubCatchmentVegetationZoneParameters>
        <TT>-0.81406655142604212</TT>
        <CFMAX>4.9999364387074632</CFMAX>
        <SP>0</SP>
        <SFCF>1.2118660958723828</SFCF>
        <CFR>0.019649785357147346</CFR>
        <CWH>0.13592911319546769</CWH>
        <CFGlacier>1</CFGlacier>
        <CFSlope>1</CFSlope>
        <FC>503.31864260231919</FC>
        <LP>0.99999819747084784</LP>
        <BETA>1.2513619380476744</BETA>
      </SubCatchmentVegetationZoneParameters>
    </SubCatchmentVegetationZone>
  </SubCatchment>
</Catchment>