<?xml version="1.0" encoding="utf-8"?>
<Catchment xmlns:xsi="http://www.w3.org/2001/XMLSchema-instance" xmlns:xsd="http://www.w3.org/2001/XMLSchema">
  <CatchmentParameters>
    <KSI>0.001</KSI>
    <KGmin>0.05</KGmin>
    <RangeKG>0.1</RangeKG>
    <AG>0.1</AG>
    <PERC>1.2760907336332494</PERC>
    <Alpha>0</Alpha>
    <UZL>79.6280829623675</UZL>
    <K0>0.13544866975356226</K0>
    <K1>0.050709565386421095</K1>
    <K2>0.010000001223616835</K2>
    <MAXBAS>1</MAXBAS>
    <Cet>0</Cet>
    <PCALT>10</PCALT>
    <TCALT>0.6</TCALT>
    <Pelev>3349</Pelev>
    <Telev>2921</Telev>
    <PART>0.5</PART>
    <DELAY>1</DELAY>
  </CatchmentParameters>
  <VegetationZone>
    <VegetationZoneParameters>
      <TT>-1.7699983579967957</TT>
      <CFMAX>4.6512443090483906</CFMAX>
      <SP>0</SP>
      <SFCF>1.4885589778621586</SFCF>
      <CFR>9.922359989959828E-08</CFR>
      <CWH>0.10000003504345273</CWH>
      <CFGlacier>1</CFGlacier>
      <CFSlope>1</CFSlope>
      <FC>740.2782499996739</FC>
      <LP>0.85307274806134825</LP>
      <BETA>1.2926992399497348</BETA>
    </VegetationZoneParameters>
  </VegetationZone>
  <SubCatchment>
    <SubCatchmentParameters>
      <KSI>0.001</KSI>
      <KGmin>0.05</KGmin>
      <RangeKG>0.1</RangeKG>
      <AG>0.1</AG>
      <PERC>1.2760907336332494</PERC>
      <Alpha>0</Alpha>
      <UZL>79.6280829623675</UZL>
      <K0>0.13544866975356226</K0>
      <K1>0.050709565386421095</K1>
      <K2>0.010000001223616835</K2>
      <MAXBAS>1</MAXBAS>
      <Cet>0</Cet>
      <PCALT>10</PCALT>
      <TCALT>0.6</TCALT>
      <Pelev>3349</Pelev>
      <Telev>2921</Telev>
      <PART>0.5</PART>
      <DELAY>1</DELAY>
    </SubCatchmentParameters>
    <SubCatchmentVegetationZone>
      <SubCatchmentVegetationZoneParameters>
        <TT>-1.7699983579967957</TT>
        <CFMAX>4.6512443090483906</CFMAX>
        <SP>0</SP>
        <SFCF>1.4885589778621586</SFCF>
        <CFR>9.922359989959828E-08</CFR>
        <CWH>0.10000003504345273</CWH>
        <CFGlacier>1</CFGlacier>
        <CFSlope>1</CFSlope>
        <FC>740.2782499996739</FC>
        <LP>0.85307274806134825</LP>
        <BETA>1.2926992399497348</BETA>
      </SubCatchmentVegetationZoneParameters>
    </SubCatchmentVegetationZone>
  </SubCatchment>
</Catchment>