<?xml version="1.0" encoding="utf-8"?>
<Catchment xmlns:xsi="http://www.w3.org/2001/XMLSchema-instance" xmlns:xsd="http://www.w3.org/2001/XMLSchema">
  <CatchmentParameters>
    <KSI>0.001</KSI>
    <KGmin>0.05</KGmin>
    <RangeKG>0.1</RangeKG>
    <AG>0.1</AG>
    <PERC>2.3095706506845906</PERC>
    <Alpha>0</Alpha>
    <UZL>80.155374544547314</UZL>
    <K0>0.13066467015542088</K0>
    <K1>0.058530866952453353</K1>
    <K2>0.010000003791018107</K2>
    <MAXBAS>1</MAXBAS>
    <Cet>0</Cet>
    <PCALT>10</PCALT>
    <TCALT>0.6</TCALT>
    <Pelev>3349</Pelev>
    <Telev>2921</Telev>
    <PART>0.5</PART>
    <DELAY>1</DELAY>
  </CatchmentParameters>
  <VegetationZone>
    <VegetationZoneParameters>
      <TT>-2.1438087535779169</TT>
      <CFMAX>3.7412793043920702</CFMAX>
      <SP>0</SP>
      <SFCF>1.3133721047027247</SFCF>
      <CFR>7.0964946363195891E-07</CFR>
      <CWH>0.1000000476226653</CWH>
      <CFGlacier>1</CFGlacier>
      <CFSlope>1</CFSlope>
      <FC>298.30316682524631</FC>
      <LP>0.86545290425372634</LP>
      <BETA>1.7937882919871067</BETA>
    </VegetationZoneParameters>
  </VegetationZone>
  <SubCatchment>
    <SubCatchmentParameters>
      <KSI>0.001</KSI>
      <KGmin>0.05</KGmin>
      <RangeKG>0.1</RangeKG>
      <AG>0.1</AG>
      <PERC>2.3095706506845906</PERC>
      <Alpha>0</Alpha>
      <UZL>80.155374544547314</UZL>
      <K0>0.13066467015542088</K0>
      <K1>0.058530866952453353</K1>
      <K2>0.010000003791018107</K2>
      <MAXBAS>1</MAXBAS>
      <Cet>0</Cet>
      <PCALT>10</PCALT>
      <TCALT>0.6</TCALT>
      <Pelev>3349</Pelev>
      <Telev>2921</Telev>
      <PART>0.5</PART>
      <DELAY>1</DELAY>
    </SubCatchmentParameters>
    <SubCatchmentVegetationZone>
      <SubCatchmentVegetationZoneParameters>
        <TT>-2.1438087535779169</TT>
        <CFMAX>3.7412793043920702</CFMAX>
        <SP>0</SP>
        <SFCF>1.3133721047027247</SFCF>
        <CFR>7.0964946363195891E-07</CFR>
        <CWH>0.1000000476226653</CWH>
        <CFGlacier>1</CFGlacier>
        <CFSlope>1</CFSlope>
        <FC>298.30316682524631</FC>
        <LP>0.86545290425372634</LP>
        <BETA>1.7937882919871067</BETA>
      </SubCatchmentVegetationZoneParameters>
    </SubCatchmentVegetationZone>
  </SubCatchment>
</Catchment>