<?xml version="1.0" encoding="utf-8"?>
<Catchment xmlns:xsi="http://www.w3.org/2001/XMLSchema-instance" xmlns:xsd="http://www.w3.org/2001/XMLSchema">
  <CatchmentParameters>
    <KSI>0.001</KSI>
    <KGmin>0.05</KGmin>
    <RangeKG>0.1</RangeKG>
    <AG>0.1</AG>
    <PERC>6.5085384346176518</PERC>
    <Alpha>0</Alpha>
    <UZL>129.47907596181528</UZL>
    <K0>0.2464433862428162</K0>
    <K1>0.18522901962677996</K1>
    <K2>0.050382793875993835</K2>
    <MAXBAS>1.004825946044418</MAXBAS>
    <Cet>0</Cet>
    <PCALT>10</PCALT>
    <TCALT>0.6</TCALT>
    <Pelev>3349</Pelev>
    <Telev>2921</Telev>
    <PART>0.5</PART>
    <DELAY>1</DELAY>
  </CatchmentParameters>
  <VegetationZone>
    <VegetationZoneParameters>
      <TT>-1.2700038333500257</TT>
      <CFMAX>4.9231109214653319</CFMAX>
      <SP>0</SP>
      <SFCF>1.3193507260657207</SFCF>
      <CFR>0.023979824553409957</CFR>
      <CWH>0.18656388605296789</CWH>
      <CFGlacier>1</CFGlacier>
      <CFSlope>1</CFSlope>
      <FC>660.02135500223221</FC>
      <LP>0.93434010032663939</LP>
      <BETA>1.2180966358914249</BETA>
    </VegetationZoneParameters>
  </VegetationZone>
  <SubCatchment>
    <SubCatchmentParameters>
      <KSI>0.001</KSI>
      <KGmin>0.05</KGmin>
      <RangeKG>0.1</RangeKG>
      <AG>0.1</AG>
      <PERC>6.5085384346176518</PERC>
      <Alpha>0</Alpha>
      <UZL>129.47907596181528</UZL>
      <K0>0.2464433862428162</K0>
      <K1>0.18522901962677996</K1>
      <K2>0.050382793875993835</K2>
      <MAXBAS>1.004825946044418</MAXBAS>
      <Cet>0</Cet>
      <PCALT>10</PCALT>
      <TCALT>0.6</TCALT>
      <Pelev>3349</Pelev>
      <Telev>2921</Telev>
      <PART>0.5</PART>
      <DELAY>1</DELAY>
    </SubCatchmentParameters>
    <SubCatchmentVegetationZone>
      <SubCatchmentVegetationZoneParameters>
        <TT>-1.2700038333500257</TT>
        <CFMAX>4.9231109214653319</CFMAX>
        <SP>0</SP>
        <SFCF>1.3193507260657207</SFCF>
        <CFR>0.023979824553409957</CFR>
        <CWH>0.18656388605296789</CWH>
        <CFGlacier>1</CFGlacier>
        <CFSlope>1</CFSlope>
        <FC>660.02135500223221</FC>
        <LP>0.93434010032663939</LP>
        <BETA>1.2180966358914249</BETA>
      </SubCatchmentVegetationZoneParameters>
    </SubCatchmentVegetationZone>
  </SubCatchment>
</Catchment>