<?xml version="1.0" encoding="utf-8"?>
<Catchment xmlns:xsi="http://www.w3.org/2001/XMLSchema-instance" xmlns:xsd="http://www.w3.org/2001/XMLSchema">
  <CatchmentParameters>
    <KSI>0.001</KSI>
    <KGmin>0.05</KGmin>
    <RangeKG>0.1</RangeKG>
    <AG>0.1</AG>
    <PERC>1.4492267215566952</PERC>
    <Alpha>0</Alpha>
    <UZL>104.53138343123108</UZL>
    <K0>0.16441345065939431</K0>
    <K1>0.046911424989114617</K1>
    <K2>0.010000000745663639</K2>
    <MAXBAS>1</MAXBAS>
    <Cet>0</Cet>
    <PCALT>10</PCALT>
    <TCALT>0.6</TCALT>
    <Pelev>3349</Pelev>
    <Telev>2921</Telev>
    <PART>0.5</PART>
    <DELAY>1</DELAY>
  </CatchmentParameters>
  <VegetationZone>
    <VegetationZoneParameters>
      <TT>-2.3244363816283471</TT>
      <CFMAX>3.2682081812606931</CFMAX>
      <SP>0</SP>
      <SFCF>1.1868587965902306</SFCF>
      <CFR>0.078513028498833</CFR>
      <CWH>0.17926993268107075</CWH>
      <CFGlacier>1</CFGlacier>
      <CFSlope>1</CFSlope>
      <FC>218.4936374656188</FC>
      <LP>0.94707755657590942</LP>
      <BETA>1.1132275470767661</BETA>
    </VegetationZoneParameters>
  </VegetationZone>
  <SubCatchment>
    <SubCatchmentParameters>
      <KSI>0.001</KSI>
      <KGmin>0.05</KGmin>
      <RangeKG>0.1</RangeKG>
      <AG>0.1</AG>
      <PERC>1.4492267215566952</PERC>
      <Alpha>0</Alpha>
      <UZL>104.53138343123108</UZL>
      <K0>0.16441345065939431</K0>
      <K1>0.046911424989114617</K1>
      <K2>0.010000000745663639</K2>
      <MAXBAS>1</MAXBAS>
      <Cet>0</Cet>
      <PCALT>10</PCALT>
      <TCALT>0.6</TCALT>
      <Pelev>3349</Pelev>
      <Telev>2921</Telev>
      <PART>0.5</PART>
      <DELAY>1</DELAY>
    </SubCatchmentParameters>
    <SubCatchmentVegetationZone>
      <SubCatchmentVegetationZoneParameters>
        <TT>-2.3244363816283471</TT>
        <CFMAX>3.2682081812606931</CFMAX>
        <SP>0</SP>
        <SFCF>1.1868587965902306</SFCF>
        <CFR>0.078513028498833</CFR>
        <CWH>0.17926993268107075</CWH>
        <CFGlacier>1</CFGlacier>
        <CFSlope>1</CFSlope>
        <FC>218.4936374656188</FC>
        <LP>0.94707755657590942</LP>
        <BETA>1.1132275470767661</BETA>
      </SubCatchmentVegetationZoneParameters>
    </SubCatchmentVegetationZone>
  </SubCatchment>
</Catchment>