<?xml version="1.0" encoding="utf-8"?>
<Catchment xmlns:xsi="http://www.w3.org/2001/XMLSchema-instance" xmlns:xsd="http://www.w3.org/2001/XMLSchema">
  <CatchmentParameters>
    <KSI>0.001</KSI>
    <KGmin>0.05</KGmin>
    <RangeKG>0.1</RangeKG>
    <AG>0.1</AG>
    <PERC>6.0612606344998579</PERC>
    <Alpha>0</Alpha>
    <UZL>112.17882782245357</UZL>
    <K0>0.45630293302071068</K0>
    <K1>0.16459410947812123</K1>
    <K2>0.042956153816356882</K2>
    <MAXBAS>1.0050103995502282</MAXBAS>
    <Cet>0</Cet>
    <PCALT>10</PCALT>
    <TCALT>0.6</TCALT>
    <Pelev>3349</Pelev>
    <Telev>2921</Telev>
    <PART>0.5</PART>
    <DELAY>1</DELAY>
  </CatchmentParameters>
  <VegetationZone>
    <VegetationZoneParameters>
      <TT>-0.88187214219209731</TT>
      <CFMAX>4.6852519222774394</CFMAX>
      <SP>0</SP>
      <SFCF>1.1310216871145888</SFCF>
      <CFR>0.020906886855171496</CFR>
      <CWH>0.19667856552720789</CWH>
      <CFGlacier>1</CFGlacier>
      <CFSlope>1</CFSlope>
      <FC>295.8546098439914</FC>
      <LP>0.99997921124066347</LP>
      <BETA>1.091621328494885</BETA>
    </VegetationZoneParameters>
  </VegetationZone>
  <SubCatchment>
    <SubCatchmentParameters>
      <KSI>0.001</KSI>
      <KGmin>0.05</KGmin>
      <RangeKG>0.1</RangeKG>
      <AG>0.1</AG>
      <PERC>6.0612606344998579</PERC>
      <Alpha>0</Alpha>
      <UZL>112.17882782245357</UZL>
      <K0>0.45630293302071068</K0>
      <K1>0.16459410947812123</K1>
      <K2>0.042956153816356882</K2>
      <MAXBAS>1.0050103995502282</MAXBAS>
      <Cet>0</Cet>
      <PCALT>10</PCALT>
      <TCALT>0.6</TCALT>
      <Pelev>3349</Pelev>
      <Telev>2921</Telev>
      <PART>0.5</PART>
      <DELAY>1</DELAY>
    </SubCatchmentParameters>
    <SubCatchmentVegetationZone>
      <SubCatchmentVegetationZoneParameters>
        <TT>-0.88187214219209731</TT>
        <CFMAX>4.6852519222774394</CFMAX>
        <SP>0</SP>
        <SFCF>1.1310216871145888</SFCF>
        <CFR>0.020906886855171496</CFR>
        <CWH>0.19667856552720789</CWH>
        <CFGlacier>1</CFGlacier>
        <CFSlope>1</CFSlope>
        <FC>295.8546098439914</FC>
        <LP>0.99997921124066347</LP>
        <BETA>1.091621328494885</BETA>
      </SubCatchmentVegetationZoneParameters>
    </SubCatchmentVegetationZone>
  </SubCatchment>
</Catchment>