<?xml version="1.0" encoding="utf-8"?>
<Catchment xmlns:xsi="http://www.w3.org/2001/XMLSchema-instance" xmlns:xsd="http://www.w3.org/2001/XMLSchema">
  <CatchmentParameters>
    <KSI>0.001</KSI>
    <KGmin>0.05</KGmin>
    <RangeKG>0.1</RangeKG>
    <AG>0.1</AG>
    <PERC>2.0284561622629056</PERC>
    <Alpha>0</Alpha>
    <UZL>126.79978852427409</UZL>
    <K0>0.10642925451769296</K0>
    <K1>0.10626889087638124</K1>
    <K2>0.013068019307265668</K2>
    <MAXBAS>1</MAXBAS>
    <Cet>0</Cet>
    <PCALT>10</PCALT>
    <TCALT>0.6</TCALT>
    <Pelev>3349</Pelev>
    <Telev>2921</Telev>
    <PART>0.5</PART>
    <DELAY>1</DELAY>
  </CatchmentParameters>
  <VegetationZone>
    <VegetationZoneParameters>
      <TT>-1.85939407111134</TT>
      <CFMAX>4.1315766853496561</CFMAX>
      <SP>0</SP>
      <SFCF>1.3669410676662743</SFCF>
      <CFR>1.1794947154126481E-07</CFR>
      <CWH>0.10030316297411403</CWH>
      <CFGlacier>1</CFGlacier>
      <CFSlope>1</CFSlope>
      <FC>602.94769224572622</FC>
      <LP>0.97855820925237635</LP>
      <BETA>1.068045549745428</BETA>
    </VegetationZoneParameters>
  </VegetationZone>
  <SubCatchment>
    <SubCatchmentParameters>
      <KSI>0.001</KSI>
      <KGmin>0.05</KGmin>
      <RangeKG>0.1</RangeKG>
      <AG>0.1</AG>
      <PERC>2.0284561622629056</PERC>
      <Alpha>0</Alpha>
      <UZL>126.79978852427409</UZL>
      <K0>0.10642925451769296</K0>
      <K1>0.10626889087638124</K1>
      <K2>0.013068019307265668</K2>
      <MAXBAS>1</MAXBAS>
      <Cet>0</Cet>
      <PCALT>10</PCALT>
      <TCALT>0.6</TCALT>
      <Pelev>3349</Pelev>
      <Telev>2921</Telev>
      <PART>0.5</PART>
      <DELAY>1</DELAY>
    </SubCatchmentParameters>
    <SubCatchmentVegetationZone>
      <SubCatchmentVegetationZoneParameters>
        <TT>-1.85939407111134</TT>
        <CFMAX>4.1315766853496561</CFMAX>
        <SP>0</SP>
        <SFCF>1.3669410676662743</SFCF>
        <CFR>1.1794947154126481E-07</CFR>
        <CWH>0.10030316297411403</CWH>
        <CFGlacier>1</CFGlacier>
        <CFSlope>1</CFSlope>
        <FC>602.94769224572622</FC>
        <LP>0.97855820925237635</LP>
        <BETA>1.068045549745428</BETA>
      </SubCatchmentVegetationZoneParameters>
    </SubCatchmentVegetationZone>
  </SubCatchment>
</Catchment>