<?xml version="1.0" encoding="utf-8"?>
<Catchment xmlns:xsi="http://www.w3.org/2001/XMLSchema-instance" xmlns:xsd="http://www.w3.org/2001/XMLSchema">
  <CatchmentParameters>
    <KSI>0.001</KSI>
    <KGmin>0.05</KGmin>
    <RangeKG>0.1</RangeKG>
    <AG>0.1</AG>
    <PERC>4.9759023142120089</PERC>
    <Alpha>0</Alpha>
    <UZL>89.497966059912116</UZL>
    <K0>0.23571683118795334</K0>
    <K1>0.16304947769492903</K1>
    <K2>0.036871243725717463</K2>
    <MAXBAS>1.0000383055258113</MAXBAS>
    <Cet>0</Cet>
    <PCALT>10</PCALT>
    <TCALT>0.6</TCALT>
    <Pelev>3349</Pelev>
    <Telev>2921</Telev>
    <PART>0.5</PART>
    <DELAY>1</DELAY>
  </CatchmentParameters>
  <VegetationZone>
    <VegetationZoneParameters>
      <TT>-1.4279901216781814</TT>
      <CFMAX>3.6427977026206304</CFMAX>
      <SP>0</SP>
      <SFCF>1.0735198041584426</SFCF>
      <CFR>0.032232651005048608</CFR>
      <CWH>0.19999933001929221</CWH>
      <CFGlacier>1</CFGlacier>
      <CFSlope>1</CFSlope>
      <FC>212.13312170462211</FC>
      <LP>0.99999999250271987</LP>
      <BETA>1.3951628439223796</BETA>
    </VegetationZoneParameters>
  </VegetationZone>
  <SubCatchment>
    <SubCatchmentParameters>
      <KSI>0.001</KSI>
      <KGmin>0.05</KGmin>
      <RangeKG>0.1</RangeKG>
      <AG>0.1</AG>
      <PERC>4.9759023142120089</PERC>
      <Alpha>0</Alpha>
      <UZL>89.497966059912116</UZL>
      <K0>0.23571683118795334</K0>
      <K1>0.16304947769492903</K1>
      <K2>0.036871243725717463</K2>
      <MAXBAS>1.0000383055258113</MAXBAS>
      <Cet>0</Cet>
      <PCALT>10</PCALT>
      <TCALT>0.6</TCALT>
      <Pelev>3349</Pelev>
      <Telev>2921</Telev>
      <PART>0.5</PART>
      <DELAY>1</DELAY>
    </SubCatchmentParameters>
    <SubCatchmentVegetationZone>
      <SubCatchmentVegetationZoneParameters>
        <TT>-1.4279901216781814</TT>
        <CFMAX>3.6427977026206304</CFMAX>
        <SP>0</SP>
        <SFCF>1.0735198041584426</SFCF>
        <CFR>0.032232651005048608</CFR>
        <CWH>0.19999933001929221</CWH>
        <CFGlacier>1</CFGlacier>
        <CFSlope>1</CFSlope>
        <FC>212.13312170462211</FC>
        <LP>0.99999999250271987</LP>
        <BETA>1.3951628439223796</BETA>
      </SubCatchmentVegetationZoneParameters>
    </SubCatchmentVegetationZone>
  </SubCatchment>
</Catchment>