<?xml version="1.0" encoding="utf-8"?>
<Catchment xmlns:xsi="http://www.w3.org/2001/XMLSchema-instance" xmlns:xsd="http://www.w3.org/2001/XMLSchema">
  <CatchmentParameters>
    <KSI>0.001</KSI>
    <KGmin>0.05</KGmin>
    <RangeKG>0.1</RangeKG>
    <AG>0.1</AG>
    <PERC>1.2759112191651394</PERC>
    <Alpha>0</Alpha>
    <UZL>72.820156801576644</UZL>
    <K0>0.14199200839332019</K0>
    <K1>0.069328583536069077</K1>
    <K2>0.010000006382835299</K2>
    <MAXBAS>1</MAXBAS>
    <Cet>0</Cet>
    <PCALT>10</PCALT>
    <TCALT>0.6</TCALT>
    <Pelev>3349</Pelev>
    <Telev>2921</Telev>
    <PART>0.5</PART>
    <DELAY>1</DELAY>
  </CatchmentParameters>
  <VegetationZone>
    <VegetationZoneParameters>
      <TT>-2.0804881165110802</TT>
      <CFMAX>4.1881166981595781</CFMAX>
      <SP>0</SP>
      <SFCF>1.484991237000671</SFCF>
      <CFR>0.00040696637960300173</CFR>
      <CWH>0.10000000735303861</CWH>
      <CFGlacier>1</CFGlacier>
      <CFSlope>1</CFSlope>
      <FC>885.61683419149142</FC>
      <LP>0.95553004785724138</LP>
      <BETA>1.3660907616415943</BETA>
    </VegetationZoneParameters>
  </VegetationZone>
  <SubCatchment>
    <SubCatchmentParameters>
      <KSI>0.001</KSI>
      <KGmin>0.05</KGmin>
      <RangeKG>0.1</RangeKG>
      <AG>0.1</AG>
      <PERC>1.2759112191651394</PERC>
      <Alpha>0</Alpha>
      <UZL>72.820156801576644</UZL>
      <K0>0.14199200839332019</K0>
      <K1>0.069328583536069077</K1>
      <K2>0.010000006382835299</K2>
      <MAXBAS>1</MAXBAS>
      <Cet>0</Cet>
      <PCALT>10</PCALT>
      <TCALT>0.6</TCALT>
      <Pelev>3349</Pelev>
      <Telev>2921</Telev>
      <PART>0.5</PART>
      <DELAY>1</DELAY>
    </SubCatchmentParameters>
    <SubCatchmentVegetationZone>
      <SubCatchmentVegetationZoneParameters>
        <TT>-2.0804881165110802</TT>
        <CFMAX>4.1881166981595781</CFMAX>
        <SP>0</SP>
        <SFCF>1.484991237000671</SFCF>
        <CFR>0.00040696637960300173</CFR>
        <CWH>0.10000000735303861</CWH>
        <CFGlacier>1</CFGlacier>
        <CFSlope>1</CFSlope>
        <FC>885.61683419149142</FC>
        <LP>0.95553004785724138</LP>
        <BETA>1.3660907616415943</BETA>
      </SubCatchmentVegetationZoneParameters>
    </SubCatchmentVegetationZone>
  </SubCatchment>
</Catchment>