<?xml version="1.0" encoding="utf-8"?>
<Catchment xmlns:xsi="http://www.w3.org/2001/XMLSchema-instance" xmlns:xsd="http://www.w3.org/2001/XMLSchema">
  <CatchmentParameters>
    <KSI>0.001</KSI>
    <KGmin>0.05</KGmin>
    <RangeKG>0.1</RangeKG>
    <AG>0.1</AG>
    <PERC>6.30974812050407</PERC>
    <Alpha>0</Alpha>
    <UZL>158.33301513884206</UZL>
    <K0>0.29229143796336404</K0>
    <K1>0.18428985811629958</K1>
    <K2>0.049213116980548276</K2>
    <MAXBAS>1.0000007160774675</MAXBAS>
    <Cet>0</Cet>
    <PCALT>10</PCALT>
    <TCALT>0.6</TCALT>
    <Pelev>3349</Pelev>
    <Telev>2921</Telev>
    <PART>0.5</PART>
    <DELAY>1</DELAY>
  </CatchmentParameters>
  <VegetationZone>
    <VegetationZoneParameters>
      <TT>-1.512007215644962</TT>
      <CFMAX>4.545942653400453</CFMAX>
      <SP>0</SP>
      <SFCF>1.3076908862475012</SFCF>
      <CFR>0.027445695204801092</CFR>
      <CWH>0.18225282887618333</CWH>
      <CFGlacier>1</CFGlacier>
      <CFSlope>1</CFSlope>
      <FC>591.63268892737233</FC>
      <LP>0.99999491780508221</LP>
      <BETA>1.4675274076077085</BETA>
    </VegetationZoneParameters>
  </VegetationZone>
  <SubCatchment>
    <SubCatchmentParameters>
      <KSI>0.001</KSI>
      <KGmin>0.05</KGmin>
      <RangeKG>0.1</RangeKG>
      <AG>0.1</AG>
      <PERC>6.30974812050407</PERC>
      <Alpha>0</Alpha>
      <UZL>158.33301513884206</UZL>
      <K0>0.29229143796336404</K0>
      <K1>0.18428985811629958</K1>
      <K2>0.049213116980548276</K2>
      <MAXBAS>1.0000007160774675</MAXBAS>
      <Cet>0</Cet>
      <PCALT>10</PCALT>
      <TCALT>0.6</TCALT>
      <Pelev>3349</Pelev>
      <Telev>2921</Telev>
      <PART>0.5</PART>
      <DELAY>1</DELAY>
    </SubCatchmentParameters>
    <SubCatchmentVegetationZone>
      <SubCatchmentVegetationZoneParameters>
        <TT>-1.512007215644962</TT>
        <CFMAX>4.545942653400453</CFMAX>
        <SP>0</SP>
        <SFCF>1.3076908862475012</SFCF>
        <CFR>0.027445695204801092</CFR>
        <CWH>0.18225282887618333</CWH>
        <CFGlacier>1</CFGlacier>
        <CFSlope>1</CFSlope>
        <FC>591.63268892737233</FC>
        <LP>0.99999491780508221</LP>
        <BETA>1.4675274076077085</BETA>
      </SubCatchmentVegetationZoneParameters>
    </SubCatchmentVegetationZone>
  </SubCatchment>
</Catchment>