<?xml version="1.0" encoding="utf-8"?>
<Catchment xmlns:xsi="http://www.w3.org/2001/XMLSchema-instance" xmlns:xsd="http://www.w3.org/2001/XMLSchema">
  <CatchmentParameters>
    <KSI>0.001</KSI>
    <KGmin>0.05</KGmin>
    <RangeKG>0.1</RangeKG>
    <AG>0.1</AG>
    <PERC>1.3221874241341398</PERC>
    <Alpha>0</Alpha>
    <UZL>78.4023670365507</UZL>
    <K0>0.1493085719727939</K0>
    <K1>0.058899887962124996</K1>
    <K2>0.010000014467469716</K2>
    <MAXBAS>1</MAXBAS>
    <Cet>0</Cet>
    <PCALT>10</PCALT>
    <TCALT>0.6</TCALT>
    <Pelev>3349</Pelev>
    <Telev>2921</Telev>
    <PART>0.5</PART>
    <DELAY>1</DELAY>
  </CatchmentParameters>
  <VegetationZone>
    <VegetationZoneParameters>
      <TT>-2.0800044483668203</TT>
      <CFMAX>4.2429420964584734</CFMAX>
      <SP>0</SP>
      <SFCF>1.4834718835093013</SFCF>
      <CFR>0.0096660304462446427</CFR>
      <CWH>0.10000015354903172</CWH>
      <CFGlacier>1</CFGlacier>
      <CFSlope>1</CFSlope>
      <FC>885.69458507347645</FC>
      <LP>0.91194961864593671</LP>
      <BETA>1.2375161867118478</BETA>
    </VegetationZoneParameters>
  </VegetationZone>
  <SubCatchment>
    <SubCatchmentParameters>
      <KSI>0.001</KSI>
      <KGmin>0.05</KGmin>
      <RangeKG>0.1</RangeKG>
      <AG>0.1</AG>
      <PERC>1.3221874241341398</PERC>
      <Alpha>0</Alpha>
      <UZL>78.4023670365507</UZL>
      <K0>0.1493085719727939</K0>
      <K1>0.058899887962124996</K1>
      <K2>0.010000014467469716</K2>
      <MAXBAS>1</MAXBAS>
      <Cet>0</Cet>
      <PCALT>10</PCALT>
      <TCALT>0.6</TCALT>
      <Pelev>3349</Pelev>
      <Telev>2921</Telev>
      <PART>0.5</PART>
      <DELAY>1</DELAY>
    </SubCatchmentParameters>
    <SubCatchmentVegetationZone>
      <SubCatchmentVegetationZoneParameters>
        <TT>-2.0800044483668203</TT>
        <CFMAX>4.2429420964584734</CFMAX>
        <SP>0</SP>
        <SFCF>1.4834718835093013</SFCF>
        <CFR>0.0096660304462446427</CFR>
        <CWH>0.10000015354903172</CWH>
        <CFGlacier>1</CFGlacier>
        <CFSlope>1</CFSlope>
        <FC>885.69458507347645</FC>
        <LP>0.91194961864593671</LP>
        <BETA>1.2375161867118478</BETA>
      </SubCatchmentVegetationZoneParameters>
    </SubCatchmentVegetationZone>
  </SubCatchment>
</Catchment>