<?xml version="1.0" encoding="utf-8"?>
<Catchment xmlns:xsi="http://www.w3.org/2001/XMLSchema-instance" xmlns:xsd="http://www.w3.org/2001/XMLSchema">
  <CatchmentParameters>
    <KSI>0.001</KSI>
    <KGmin>0.05</KGmin>
    <RangeKG>0.1</RangeKG>
    <AG>0.1</AG>
    <PERC>6.302056586510699</PERC>
    <Alpha>0</Alpha>
    <UZL>107.90123068580662</UZL>
    <K0>0.58255344113947372</K0>
    <K1>0.17903114705571829</K1>
    <K2>0.047422864233089432</K2>
    <MAXBAS>1.0000232800766211</MAXBAS>
    <Cet>0</Cet>
    <PCALT>10</PCALT>
    <TCALT>0.6</TCALT>
    <Pelev>3349</Pelev>
    <Telev>2921</Telev>
    <PART>0.5</PART>
    <DELAY>1</DELAY>
  </CatchmentParameters>
  <VegetationZone>
    <VegetationZoneParameters>
      <TT>-0.92798864091518884</TT>
      <CFMAX>3.8958151021540086</CFMAX>
      <SP>0</SP>
      <SFCF>1.0026814080710718</SFCF>
      <CFR>0.024051612617723882</CFR>
      <CWH>0.19999819532937141</CWH>
      <CFGlacier>1</CFGlacier>
      <CFSlope>1</CFSlope>
      <FC>166.01097730497247</FC>
      <LP>0.99999467835447</LP>
      <BETA>1.0000185203778371</BETA>
    </VegetationZoneParameters>
  </VegetationZone>
  <SubCatchment>
    <SubCatchmentParameters>
      <KSI>0.001</KSI>
      <KGmin>0.05</KGmin>
      <RangeKG>0.1</RangeKG>
      <AG>0.1</AG>
      <PERC>6.302056586510699</PERC>
      <Alpha>0</Alpha>
      <UZL>107.90123068580662</UZL>
      <K0>0.58255344113947372</K0>
      <K1>0.17903114705571829</K1>
      <K2>0.047422864233089432</K2>
      <MAXBAS>1.0000232800766211</MAXBAS>
      <Cet>0</Cet>
      <PCALT>10</PCALT>
      <TCALT>0.6</TCALT>
      <Pelev>3349</Pelev>
      <Telev>2921</Telev>
      <PART>0.5</PART>
      <DELAY>1</DELAY>
    </SubCatchmentParameters>
    <SubCatchmentVegetationZone>
      <SubCatchmentVegetationZoneParameters>
        <TT>-0.92798864091518884</TT>
        <CFMAX>3.8958151021540086</CFMAX>
        <SP>0</SP>
        <SFCF>1.0026814080710718</SFCF>
        <CFR>0.024051612617723882</CFR>
        <CWH>0.19999819532937141</CWH>
        <CFGlacier>1</CFGlacier>
        <CFSlope>1</CFSlope>
        <FC>166.01097730497247</FC>
        <LP>0.99999467835447</LP>
        <BETA>1.0000185203778371</BETA>
      </SubCatchmentVegetationZoneParameters>
    </SubCatchmentVegetationZone>
  </SubCatchment>
</Catchment>