<?xml version="1.0" encoding="utf-8"?>
<Catchment xmlns:xsi="http://www.w3.org/2001/XMLSchema-instance" xmlns:xsd="http://www.w3.org/2001/XMLSchema">
  <CatchmentParameters>
    <KSI>0.001</KSI>
    <KGmin>0.05</KGmin>
    <RangeKG>0.1</RangeKG>
    <AG>0.1</AG>
    <PERC>6.80815987880727</PERC>
    <Alpha>0</Alpha>
    <UZL>75.63693244613637</UZL>
    <K0>0.39231483381085552</K0>
    <K1>0.18399234436741294</K1>
    <K2>0.05112351235240839</K2>
    <MAXBAS>1.0000296570318032</MAXBAS>
    <Cet>0</Cet>
    <PCALT>10</PCALT>
    <TCALT>0.6</TCALT>
    <Pelev>3349</Pelev>
    <Telev>2921</Telev>
    <PART>0.5</PART>
    <DELAY>1</DELAY>
  </CatchmentParameters>
  <VegetationZone>
    <VegetationZoneParameters>
      <TT>0.17333782243353865</TT>
      <CFMAX>4.824453051619086</CFMAX>
      <SP>0</SP>
      <SFCF>0.9625398007847229</SFCF>
      <CFR>0.021711314452367771</CFR>
      <CWH>0.11233569968490702</CWH>
      <CFGlacier>1</CFGlacier>
      <CFSlope>1</CFSlope>
      <FC>167.30360258005541</FC>
      <LP>0.99999999741567336</LP>
      <BETA>1.0000010493308176</BETA>
    </VegetationZoneParameters>
  </VegetationZone>
  <SubCatchment>
    <SubCatchmentParameters>
      <KSI>0.001</KSI>
      <KGmin>0.05</KGmin>
      <RangeKG>0.1</RangeKG>
      <AG>0.1</AG>
      <PERC>6.80815987880727</PERC>
      <Alpha>0</Alpha>
      <UZL>75.63693244613637</UZL>
      <K0>0.39231483381085552</K0>
      <K1>0.18399234436741294</K1>
      <K2>0.05112351235240839</K2>
      <MAXBAS>1.0000296570318032</MAXBAS>
      <Cet>0</Cet>
      <PCALT>10</PCALT>
      <TCALT>0.6</TCALT>
      <Pelev>3349</Pelev>
      <Telev>2921</Telev>
      <PART>0.5</PART>
      <DELAY>1</DELAY>
    </SubCatchmentParameters>
    <SubCatchmentVegetationZone>
      <SubCatchmentVegetationZoneParameters>
        <TT>0.17333782243353865</TT>
        <CFMAX>4.824453051619086</CFMAX>
        <SP>0</SP>
        <SFCF>0.9625398007847229</SFCF>
        <CFR>0.021711314452367771</CFR>
        <CWH>0.11233569968490702</CWH>
        <CFGlacier>1</CFGlacier>
        <CFSlope>1</CFSlope>
        <FC>167.30360258005541</FC>
        <LP>0.99999999741567336</LP>
        <BETA>1.0000010493308176</BETA>
      </SubCatchmentVegetationZoneParameters>
    </SubCatchmentVegetationZone>
  </SubCatchment>
</Catchment>