<?xml version="1.0" encoding="utf-8"?>
<Catchment xmlns:xsi="http://www.w3.org/2001/XMLSchema-instance" xmlns:xsd="http://www.w3.org/2001/XMLSchema">
  <CatchmentParameters>
    <KSI>0.001</KSI>
    <KGmin>0.05</KGmin>
    <RangeKG>0.1</RangeKG>
    <AG>0.1</AG>
    <PERC>1.2035985649040819</PERC>
    <Alpha>0</Alpha>
    <UZL>84.000820990266433</UZL>
    <K0>0.20009537249645931</K0>
    <K1>0.066690112394690026</K1>
    <K2>0.010000008809337152</K2>
    <MAXBAS>1</MAXBAS>
    <Cet>0</Cet>
    <PCALT>10</PCALT>
    <TCALT>0.6</TCALT>
    <Pelev>3349</Pelev>
    <Telev>2921</Telev>
    <PART>0.5</PART>
    <DELAY>1</DELAY>
  </CatchmentParameters>
  <VegetationZone>
    <VegetationZoneParameters>
      <TT>-1.5096860389880205</TT>
      <CFMAX>4.3088301986805844</CFMAX>
      <SP>0</SP>
      <SFCF>1.3507138668372067</SFCF>
      <CFR>0.00043569286697490886</CFR>
      <CWH>0.19839069058503595</CWH>
      <CFGlacier>1</CFGlacier>
      <CFSlope>1</CFSlope>
      <FC>2440.0170246676221</FC>
      <LP>0.94576548415943051</LP>
      <BETA>1.153361820058403</BETA>
    </VegetationZoneParameters>
  </VegetationZone>
  <SubCatchment>
    <SubCatchmentParameters>
      <KSI>0.001</KSI>
      <KGmin>0.05</KGmin>
      <RangeKG>0.1</RangeKG>
      <AG>0.1</AG>
      <PERC>1.2035985649040819</PERC>
      <Alpha>0</Alpha>
      <UZL>84.000820990266433</UZL>
      <K0>0.20009537249645931</K0>
      <K1>0.066690112394690026</K1>
      <K2>0.010000008809337152</K2>
      <MAXBAS>1</MAXBAS>
      <Cet>0</Cet>
      <PCALT>10</PCALT>
      <TCALT>0.6</TCALT>
      <Pelev>3349</Pelev>
      <Telev>2921</Telev>
      <PART>0.5</PART>
      <DELAY>1</DELAY>
    </SubCatchmentParameters>
    <SubCatchmentVegetationZone>
      <SubCatchmentVegetationZoneParameters>
        <TT>-1.5096860389880205</TT>
        <CFMAX>4.3088301986805844</CFMAX>
        <SP>0</SP>
        <SFCF>1.3507138668372067</SFCF>
        <CFR>0.00043569286697490886</CFR>
        <CWH>0.19839069058503595</CWH>
        <CFGlacier>1</CFGlacier>
        <CFSlope>1</CFSlope>
        <FC>2440.0170246676221</FC>
        <LP>0.94576548415943051</LP>
        <BETA>1.153361820058403</BETA>
      </SubCatchmentVegetationZoneParameters>
    </SubCatchmentVegetationZone>
  </SubCatchment>
</Catchment>