<?xml version="1.0" encoding="utf-8"?>
<Catchment xmlns:xsi="http://www.w3.org/2001/XMLSchema-instance" xmlns:xsd="http://www.w3.org/2001/XMLSchema">
  <CatchmentParameters>
    <KSI>0.001</KSI>
    <KGmin>0.05</KGmin>
    <RangeKG>0.1</RangeKG>
    <AG>0.1</AG>
    <PERC>5.8351748697490926</PERC>
    <Alpha>0</Alpha>
    <UZL>143.80100676593256</UZL>
    <K0>0.4995549702982513</K0>
    <K1>0.16945976187871831</K1>
    <K2>0.044538792144189439</K2>
    <MAXBAS>1.0000718977521688</MAXBAS>
    <Cet>0</Cet>
    <PCALT>10</PCALT>
    <TCALT>0.6</TCALT>
    <Pelev>3349</Pelev>
    <Telev>2921</Telev>
    <PART>0.5</PART>
    <DELAY>1</DELAY>
  </CatchmentParameters>
  <VegetationZone>
    <VegetationZoneParameters>
      <TT>-0.8809558950135129</TT>
      <CFMAX>4.7249090842517738</CFMAX>
      <SP>0</SP>
      <SFCF>1.1661110325922823</SFCF>
      <CFR>0.00044147642302900034</CFR>
      <CWH>0.19845922961437396</CWH>
      <CFGlacier>1</CFGlacier>
      <CFSlope>1</CFSlope>
      <FC>361.41385302445525</FC>
      <LP>0.99999721068974035</LP>
      <BETA>1.0003180272649481</BETA>
    </VegetationZoneParameters>
  </VegetationZone>
  <SubCatchment>
    <SubCatchmentParameters>
      <KSI>0.001</KSI>
      <KGmin>0.05</KGmin>
      <RangeKG>0.1</RangeKG>
      <AG>0.1</AG>
      <PERC>5.8351748697490926</PERC>
      <Alpha>0</Alpha>
      <UZL>143.80100676593256</UZL>
      <K0>0.4995549702982513</K0>
      <K1>0.16945976187871831</K1>
      <K2>0.044538792144189439</K2>
      <MAXBAS>1.0000718977521688</MAXBAS>
      <Cet>0</Cet>
      <PCALT>10</PCALT>
      <TCALT>0.6</TCALT>
      <Pelev>3349</Pelev>
      <Telev>2921</Telev>
      <PART>0.5</PART>
      <DELAY>1</DELAY>
    </SubCatchmentParameters>
    <SubCatchmentVegetationZone>
      <SubCatchmentVegetationZoneParameters>
        <TT>-0.8809558950135129</TT>
        <CFMAX>4.7249090842517738</CFMAX>
        <SP>0</SP>
        <SFCF>1.1661110325922823</SFCF>
        <CFR>0.00044147642302900034</CFR>
        <CWH>0.19845922961437396</CWH>
        <CFGlacier>1</CFGlacier>
        <CFSlope>1</CFSlope>
        <FC>361.41385302445525</FC>
        <LP>0.99999721068974035</LP>
        <BETA>1.0003180272649481</BETA>
      </SubCatchmentVegetationZoneParameters>
    </SubCatchmentVegetationZone>
  </SubCatchment>
</Catchment>