<?xml version="1.0" encoding="utf-8"?>
<Catchment xmlns:xsi="http://www.w3.org/2001/XMLSchema-instance" xmlns:xsd="http://www.w3.org/2001/XMLSchema">
  <CatchmentParameters>
    <KSI>0.001</KSI>
    <KGmin>0.05</KGmin>
    <RangeKG>0.1</RangeKG>
    <AG>0.1</AG>
    <PERC>4.3948659573558162</PERC>
    <Alpha>0</Alpha>
    <UZL>37.5283029769426</UZL>
    <K0>0.1067775141609067</K0>
    <K1>0.093511654650517084</K1>
    <K2>0.03278030402826345</K2>
    <MAXBAS>1.0000004167162806</MAXBAS>
    <Cet>0</Cet>
    <PCALT>10</PCALT>
    <TCALT>0.6</TCALT>
    <Pelev>3349</Pelev>
    <Telev>2921</Telev>
    <PART>0.5</PART>
    <DELAY>1</DELAY>
  </CatchmentParameters>
  <VegetationZone>
    <VegetationZoneParameters>
      <TT>-1.2700007948939134</TT>
      <CFMAX>4.0526452176087586</CFMAX>
      <SP>0</SP>
      <SFCF>1.1427923809707754</SFCF>
      <CFR>0.00044748224631214865</CFR>
      <CWH>0.1893876155326</CWH>
      <CFGlacier>1</CFGlacier>
      <CFSlope>1</CFSlope>
      <FC>259.38718789115933</FC>
      <LP>0.99999481084800024</LP>
      <BETA>1.3758439725526439</BETA>
    </VegetationZoneParameters>
  </VegetationZone>
  <SubCatchment>
    <SubCatchmentParameters>
      <KSI>0.001</KSI>
      <KGmin>0.05</KGmin>
      <RangeKG>0.1</RangeKG>
      <AG>0.1</AG>
      <PERC>4.3948659573558162</PERC>
      <Alpha>0</Alpha>
      <UZL>37.5283029769426</UZL>
      <K0>0.1067775141609067</K0>
      <K1>0.093511654650517084</K1>
      <K2>0.03278030402826345</K2>
      <MAXBAS>1.0000004167162806</MAXBAS>
      <Cet>0</Cet>
      <PCALT>10</PCALT>
      <TCALT>0.6</TCALT>
      <Pelev>3349</Pelev>
      <Telev>2921</Telev>
      <PART>0.5</PART>
      <DELAY>1</DELAY>
    </SubCatchmentParameters>
    <SubCatchmentVegetationZone>
      <SubCatchmentVegetationZoneParameters>
        <TT>-1.2700007948939134</TT>
        <CFMAX>4.0526452176087586</CFMAX>
        <SP>0</SP>
        <SFCF>1.1427923809707754</SFCF>
        <CFR>0.00044748224631214865</CFR>
        <CWH>0.1893876155326</CWH>
        <CFGlacier>1</CFGlacier>
        <CFSlope>1</CFSlope>
        <FC>259.38718789115933</FC>
        <LP>0.99999481084800024</LP>
        <BETA>1.3758439725526439</BETA>
      </SubCatchmentVegetationZoneParameters>
    </SubCatchmentVegetationZone>
  </SubCatchment>
</Catchment>