<?xml version="1.0" encoding="utf-8"?>
<Catchment xmlns:xsi="http://www.w3.org/2001/XMLSchema-instance" xmlns:xsd="http://www.w3.org/2001/XMLSchema">
  <CatchmentParameters>
    <KSI>0.001</KSI>
    <KGmin>0.05</KGmin>
    <RangeKG>0.1</RangeKG>
    <AG>0.1</AG>
    <PERC>1.9132991717784662</PERC>
    <Alpha>0</Alpha>
    <UZL>63.761416334084672</UZL>
    <K0>0.13222650913600242</K0>
    <K1>0.069993212670168947</K1>
    <K2>0.011953941486553757</K2>
    <MAXBAS>1</MAXBAS>
    <Cet>0</Cet>
    <PCALT>10</PCALT>
    <TCALT>0.6</TCALT>
    <Pelev>3349</Pelev>
    <Telev>2921</Telev>
    <PART>0.5</PART>
    <DELAY>1</DELAY>
  </CatchmentParameters>
  <VegetationZone>
    <VegetationZoneParameters>
      <TT>-1.786473675297638</TT>
      <CFMAX>4.470364378716523</CFMAX>
      <SP>0</SP>
      <SFCF>1.4318593352306841</SFCF>
      <CFR>1.5776520482622828E-06</CFR>
      <CWH>0.10000153353172619</CWH>
      <CFGlacier>1</CFGlacier>
      <CFSlope>1</CFSlope>
      <FC>746.94024306742176</FC>
      <LP>0.89401644032978933</LP>
      <BETA>1.0962041811285841</BETA>
    </VegetationZoneParameters>
  </VegetationZone>
  <SubCatchment>
    <SubCatchmentParameters>
      <KSI>0.001</KSI>
      <KGmin>0.05</KGmin>
      <RangeKG>0.1</RangeKG>
      <AG>0.1</AG>
      <PERC>1.9132991717784662</PERC>
      <Alpha>0</Alpha>
      <UZL>63.761416334084672</UZL>
      <K0>0.13222650913600242</K0>
      <K1>0.069993212670168947</K1>
      <K2>0.011953941486553757</K2>
      <MAXBAS>1</MAXBAS>
      <Cet>0</Cet>
      <PCALT>10</PCALT>
      <TCALT>0.6</TCALT>
      <Pelev>3349</Pelev>
      <Telev>2921</Telev>
      <PART>0.5</PART>
      <DELAY>1</DELAY>
    </SubCatchmentParameters>
    <SubCatchmentVegetationZone>
      <SubCatchmentVegetationZoneParameters>
        <TT>-1.786473675297638</TT>
        <CFMAX>4.470364378716523</CFMAX>
        <SP>0</SP>
        <SFCF>1.4318593352306841</SFCF>
        <CFR>1.5776520482622828E-06</CFR>
        <CWH>0.10000153353172619</CWH>
        <CFGlacier>1</CFGlacier>
        <CFSlope>1</CFSlope>
        <FC>746.94024306742176</FC>
        <LP>0.89401644032978933</LP>
        <BETA>1.0962041811285841</BETA>
      </SubCatchmentVegetationZoneParameters>
    </SubCatchmentVegetationZone>
  </SubCatchment>
</Catchment>