<?xml version="1.0" encoding="utf-8"?>
<Catchment xmlns:xsi="http://www.w3.org/2001/XMLSchema-instance" xmlns:xsd="http://www.w3.org/2001/XMLSchema">
  <CatchmentParameters>
    <KSI>0.001</KSI>
    <KGmin>0.05</KGmin>
    <RangeKG>0.1</RangeKG>
    <AG>0.1</AG>
    <PERC>6.683656193862789</PERC>
    <Alpha>0</Alpha>
    <UZL>139.78700352359542</UZL>
    <K0>0.09601825248860317</K0>
    <K1>0.19021228849183552</K1>
    <K2>0.054041909858723883</K2>
    <MAXBAS>1.0000350637889075</MAXBAS>
    <Cet>0</Cet>
    <PCALT>10</PCALT>
    <TCALT>0.6</TCALT>
    <Pelev>3349</Pelev>
    <Telev>2921</Telev>
    <PART>0.5</PART>
    <DELAY>1</DELAY>
  </CatchmentParameters>
  <VegetationZone>
    <VegetationZoneParameters>
      <TT>0.02783886257534704</TT>
      <CFMAX>4.9886191578392909</CFMAX>
      <SP>0</SP>
      <SFCF>1.0383374502317326</SFCF>
      <CFR>0.023700922658094249</CFR>
      <CWH>0.10448642609163733</CWH>
      <CFGlacier>1</CFGlacier>
      <CFSlope>1</CFSlope>
      <FC>258.46287849250911</FC>
      <LP>0.99999420203559419</LP>
      <BETA>1.0000006684158325</BETA>
    </VegetationZoneParameters>
  </VegetationZone>
  <SubCatchment>
    <SubCatchmentParameters>
      <KSI>0.001</KSI>
      <KGmin>0.05</KGmin>
      <RangeKG>0.1</RangeKG>
      <AG>0.1</AG>
      <PERC>6.683656193862789</PERC>
      <Alpha>0</Alpha>
      <UZL>139.78700352359542</UZL>
      <K0>0.09601825248860317</K0>
      <K1>0.19021228849183552</K1>
      <K2>0.054041909858723883</K2>
      <MAXBAS>1.0000350637889075</MAXBAS>
      <Cet>0</Cet>
      <PCALT>10</PCALT>
      <TCALT>0.6</TCALT>
      <Pelev>3349</Pelev>
      <Telev>2921</Telev>
      <PART>0.5</PART>
      <DELAY>1</DELAY>
    </SubCatchmentParameters>
    <SubCatchmentVegetationZone>
      <SubCatchmentVegetationZoneParameters>
        <TT>0.02783886257534704</TT>
        <CFMAX>4.9886191578392909</CFMAX>
        <SP>0</SP>
        <SFCF>1.0383374502317326</SFCF>
        <CFR>0.023700922658094249</CFR>
        <CWH>0.10448642609163733</CWH>
        <CFGlacier>1</CFGlacier>
        <CFSlope>1</CFSlope>
        <FC>258.46287849250911</FC>
        <LP>0.99999420203559419</LP>
        <BETA>1.0000006684158325</BETA>
      </SubCatchmentVegetationZoneParameters>
    </SubCatchmentVegetationZone>
  </SubCatchment>
</Catchment>