<?xml version="1.0" encoding="utf-8"?>
<Catchment xmlns:xsi="http://www.w3.org/2001/XMLSchema-instance" xmlns:xsd="http://www.w3.org/2001/XMLSchema">
  <CatchmentParameters>
    <KSI>0.001</KSI>
    <KGmin>0.05</KGmin>
    <RangeKG>0.1</RangeKG>
    <AG>0.1</AG>
    <PERC>0.79641839170159612</PERC>
    <Alpha>0</Alpha>
    <UZL>93.752496580432918</UZL>
    <K0>0.16859326778863698</K0>
    <K1>0.049921473479823335</K1>
    <K2>0.011079610798446365</K2>
    <MAXBAS>1</MAXBAS>
    <Cet>0</Cet>
    <PCALT>10</PCALT>
    <TCALT>0.6</TCALT>
    <Pelev>3349</Pelev>
    <Telev>2921</Telev>
    <PART>0.5</PART>
    <DELAY>1</DELAY>
  </CatchmentParameters>
  <VegetationZone>
    <VegetationZoneParameters>
      <TT>-1.6813634049532673</TT>
      <CFMAX>4.2248607973498737</CFMAX>
      <SP>0</SP>
      <SFCF>1.3632739384927395</SFCF>
      <CFR>0.00038968660775447281</CFR>
      <CWH>0.18761370892785115</CWH>
      <CFGlacier>1</CFGlacier>
      <CFSlope>1</CFSlope>
      <FC>2092.9868684950493</FC>
      <LP>0.95700741129993927</LP>
      <BETA>1.0642129595171015</BETA>
    </VegetationZoneParameters>
  </VegetationZone>
  <SubCatchment>
    <SubCatchmentParameters>
      <KSI>0.001</KSI>
      <KGmin>0.05</KGmin>
      <RangeKG>0.1</RangeKG>
      <AG>0.1</AG>
      <PERC>0.79641839170159612</PERC>
      <Alpha>0</Alpha>
      <UZL>93.752496580432918</UZL>
      <K0>0.16859326778863698</K0>
      <K1>0.049921473479823335</K1>
      <K2>0.011079610798446365</K2>
      <MAXBAS>1</MAXBAS>
      <Cet>0</Cet>
      <PCALT>10</PCALT>
      <TCALT>0.6</TCALT>
      <Pelev>3349</Pelev>
      <Telev>2921</Telev>
      <PART>0.5</PART>
      <DELAY>1</DELAY>
    </SubCatchmentParameters>
    <SubCatchmentVegetationZone>
      <SubCatchmentVegetationZoneParameters>
        <TT>-1.6813634049532673</TT>
        <CFMAX>4.2248607973498737</CFMAX>
        <SP>0</SP>
        <SFCF>1.3632739384927395</SFCF>
        <CFR>0.00038968660775447281</CFR>
        <CWH>0.18761370892785115</CWH>
        <CFGlacier>1</CFGlacier>
        <CFSlope>1</CFSlope>
        <FC>2092.9868684950493</FC>
        <LP>0.95700741129993927</LP>
        <BETA>1.0642129595171015</BETA>
      </SubCatchmentVegetationZoneParameters>
    </SubCatchmentVegetationZone>
  </SubCatchment>
</Catchment>