<?xml version="1.0" encoding="utf-8"?>
<Catchment xmlns:xsi="http://www.w3.org/2001/XMLSchema-instance" xmlns:xsd="http://www.w3.org/2001/XMLSchema">
  <CatchmentParameters>
    <KSI>0.001</KSI>
    <KGmin>0.05</KGmin>
    <RangeKG>0.1</RangeKG>
    <AG>0.1</AG>
    <PERC>6.49833140869339</PERC>
    <Alpha>0</Alpha>
    <UZL>102.81932855460633</UZL>
    <K0>0.564600452230989</K0>
    <K1>0.1826654825605272</K1>
    <K2>0.050340208803785431</K2>
    <MAXBAS>1.0001573075845909</MAXBAS>
    <Cet>0</Cet>
    <PCALT>10</PCALT>
    <TCALT>0.6</TCALT>
    <Pelev>3349</Pelev>
    <Telev>2921</Telev>
    <PART>0.5</PART>
    <DELAY>1</DELAY>
  </CatchmentParameters>
  <VegetationZone>
    <VegetationZoneParameters>
      <TT>-1.0699995639796276</TT>
      <CFMAX>4.6108340038863913</CFMAX>
      <SP>0</SP>
      <SFCF>1.1773000475754363</SFCF>
      <CFR>0.023080358599469327</CFR>
      <CWH>0.19982954374428122</CWH>
      <CFGlacier>1</CFGlacier>
      <CFSlope>1</CFSlope>
      <FC>401.6123989260484</FC>
      <LP>0.99999574234568589</LP>
      <BETA>1.075264353429787</BETA>
    </VegetationZoneParameters>
  </VegetationZone>
  <SubCatchment>
    <SubCatchmentParameters>
      <KSI>0.001</KSI>
      <KGmin>0.05</KGmin>
      <RangeKG>0.1</RangeKG>
      <AG>0.1</AG>
      <PERC>6.49833140869339</PERC>
      <Alpha>0</Alpha>
      <UZL>102.81932855460633</UZL>
      <K0>0.564600452230989</K0>
      <K1>0.1826654825605272</K1>
      <K2>0.050340208803785431</K2>
      <MAXBAS>1.0001573075845909</MAXBAS>
      <Cet>0</Cet>
      <PCALT>10</PCALT>
      <TCALT>0.6</TCALT>
      <Pelev>3349</Pelev>
      <Telev>2921</Telev>
      <PART>0.5</PART>
      <DELAY>1</DELAY>
    </SubCatchmentParameters>
    <SubCatchmentVegetationZone>
      <SubCatchmentVegetationZoneParameters>
        <TT>-1.0699995639796276</TT>
        <CFMAX>4.6108340038863913</CFMAX>
        <SP>0</SP>
        <SFCF>1.1773000475754363</SFCF>
        <CFR>0.023080358599469327</CFR>
        <CWH>0.19982954374428122</CWH>
        <CFGlacier>1</CFGlacier>
        <CFSlope>1</CFSlope>
        <FC>401.6123989260484</FC>
        <LP>0.99999574234568589</LP>
        <BETA>1.075264353429787</BETA>
      </SubCatchmentVegetationZoneParameters>
    </SubCatchmentVegetationZone>
  </SubCatchment>
</Catchment>