<?xml version="1.0" encoding="utf-8"?>
<Catchment xmlns:xsi="http://www.w3.org/2001/XMLSchema-instance" xmlns:xsd="http://www.w3.org/2001/XMLSchema">
  <CatchmentParameters>
    <KSI>0.001</KSI>
    <KGmin>0.05</KGmin>
    <RangeKG>0.1</RangeKG>
    <AG>0.1</AG>
    <PERC>6.0083486021311749</PERC>
    <Alpha>0</Alpha>
    <UZL>88.9461627592754</UZL>
    <K0>0.5100337990238647</K0>
    <K1>0.1838620244615044</K1>
    <K2>0.046645265505973144</K2>
    <MAXBAS>1.0065569711177924</MAXBAS>
    <Cet>0</Cet>
    <PCALT>10</PCALT>
    <TCALT>0.6</TCALT>
    <Pelev>3349</Pelev>
    <Telev>2921</Telev>
    <PART>0.5</PART>
    <DELAY>1</DELAY>
  </CatchmentParameters>
  <VegetationZone>
    <VegetationZoneParameters>
      <TT>-1.1699979232500919</TT>
      <CFMAX>4.1542147255209061</CFMAX>
      <SP>0</SP>
      <SFCF>1.1296184724623073</SFCF>
      <CFR>0.0055246136817794691</CFR>
      <CWH>0.19999951486300766</CWH>
      <CFGlacier>1</CFGlacier>
      <CFSlope>1</CFSlope>
      <FC>302.81241073000132</FC>
      <LP>0.99999420271804451</LP>
      <BETA>1.2465656588695195</BETA>
    </VegetationZoneParameters>
  </VegetationZone>
  <SubCatchment>
    <SubCatchmentParameters>
      <KSI>0.001</KSI>
      <KGmin>0.05</KGmin>
      <RangeKG>0.1</RangeKG>
      <AG>0.1</AG>
      <PERC>6.0083486021311749</PERC>
      <Alpha>0</Alpha>
      <UZL>88.9461627592754</UZL>
      <K0>0.5100337990238647</K0>
      <K1>0.1838620244615044</K1>
      <K2>0.046645265505973144</K2>
      <MAXBAS>1.0065569711177924</MAXBAS>
      <Cet>0</Cet>
      <PCALT>10</PCALT>
      <TCALT>0.6</TCALT>
      <Pelev>3349</Pelev>
      <Telev>2921</Telev>
      <PART>0.5</PART>
      <DELAY>1</DELAY>
    </SubCatchmentParameters>
    <SubCatchmentVegetationZone>
      <SubCatchmentVegetationZoneParameters>
        <TT>-1.1699979232500919</TT>
        <CFMAX>4.1542147255209061</CFMAX>
        <SP>0</SP>
        <SFCF>1.1296184724623073</SFCF>
        <CFR>0.0055246136817794691</CFR>
        <CWH>0.19999951486300766</CWH>
        <CFGlacier>1</CFGlacier>
        <CFSlope>1</CFSlope>
        <FC>302.81241073000132</FC>
        <LP>0.99999420271804451</LP>
        <BETA>1.2465656588695195</BETA>
      </SubCatchmentVegetationZoneParameters>
    </SubCatchmentVegetationZone>
  </SubCatchment>
</Catchment>