<?xml version="1.0" encoding="utf-8"?>
<Catchment xmlns:xsi="http://www.w3.org/2001/XMLSchema-instance" xmlns:xsd="http://www.w3.org/2001/XMLSchema">
  <CatchmentParameters>
    <KSI>0.001</KSI>
    <KGmin>0.05</KGmin>
    <RangeKG>0.1</RangeKG>
    <AG>0.1</AG>
    <PERC>1.8680666360657345</PERC>
    <Alpha>0</Alpha>
    <UZL>90.220106218747929</UZL>
    <K0>0.14404513620562284</K0>
    <K1>0.046294974859285</K1>
    <K2>0.010000000010777244</K2>
    <MAXBAS>1</MAXBAS>
    <Cet>0</Cet>
    <PCALT>10</PCALT>
    <TCALT>0.6</TCALT>
    <Pelev>3349</Pelev>
    <Telev>2921</Telev>
    <PART>0.5</PART>
    <DELAY>1</DELAY>
  </CatchmentParameters>
  <VegetationZone>
    <VegetationZoneParameters>
      <TT>-1.8641239164301597</TT>
      <CFMAX>3.3540442714143865</CFMAX>
      <SP>0</SP>
      <SFCF>1.1233919446613032</SFCF>
      <CFR>0.00034904117915008671</CFR>
      <CWH>0.18136902988293513</CWH>
      <CFGlacier>1</CFGlacier>
      <CFSlope>1</CFSlope>
      <FC>132.91960543091943</FC>
      <LP>0.85949974904488446</LP>
      <BETA>1.5666579614386487</BETA>
    </VegetationZoneParameters>
  </VegetationZone>
  <SubCatchment>
    <SubCatchmentParameters>
      <KSI>0.001</KSI>
      <KGmin>0.05</KGmin>
      <RangeKG>0.1</RangeKG>
      <AG>0.1</AG>
      <PERC>1.8680666360657345</PERC>
      <Alpha>0</Alpha>
      <UZL>90.220106218747929</UZL>
      <K0>0.14404513620562284</K0>
      <K1>0.046294974859285</K1>
      <K2>0.010000000010777244</K2>
      <MAXBAS>1</MAXBAS>
      <Cet>0</Cet>
      <PCALT>10</PCALT>
      <TCALT>0.6</TCALT>
      <Pelev>3349</Pelev>
      <Telev>2921</Telev>
      <PART>0.5</PART>
      <DELAY>1</DELAY>
    </SubCatchmentParameters>
    <SubCatchmentVegetationZone>
      <SubCatchmentVegetationZoneParameters>
        <TT>-1.8641239164301597</TT>
        <CFMAX>3.3540442714143865</CFMAX>
        <SP>0</SP>
        <SFCF>1.1233919446613032</SFCF>
        <CFR>0.00034904117915008671</CFR>
        <CWH>0.18136902988293513</CWH>
        <CFGlacier>1</CFGlacier>
        <CFSlope>1</CFSlope>
        <FC>132.91960543091943</FC>
        <LP>0.85949974904488446</LP>
        <BETA>1.5666579614386487</BETA>
      </SubCatchmentVegetationZoneParameters>
    </SubCatchmentVegetationZone>
  </SubCatchment>
</Catchment>