<?xml version="1.0" encoding="utf-8"?>
<Catchment xmlns:xsi="http://www.w3.org/2001/XMLSchema-instance" xmlns:xsd="http://www.w3.org/2001/XMLSchema">
  <CatchmentParameters>
    <KSI>0.001</KSI>
    <KGmin>0.05</KGmin>
    <RangeKG>0.1</RangeKG>
    <AG>0.1</AG>
    <PERC>5.196286301420403</PERC>
    <Alpha>0</Alpha>
    <UZL>75.754730154154387</UZL>
    <K0>0.5218125630532805</K0>
    <K1>0.16893317143911685</K1>
    <K2>0.042888605545405342</K2>
    <MAXBAS>1.0000604447981609</MAXBAS>
    <Cet>0</Cet>
    <PCALT>10</PCALT>
    <TCALT>0.6</TCALT>
    <Pelev>3349</Pelev>
    <Telev>2921</Telev>
    <PART>0.5</PART>
    <DELAY>1</DELAY>
  </CatchmentParameters>
  <VegetationZone>
    <VegetationZoneParameters>
      <TT>-1.0699989365216882</TT>
      <CFMAX>3.9719665013751189</CFMAX>
      <SP>0</SP>
      <SFCF>1.0566927869694607</SFCF>
      <CFR>0.025393548372711891</CFR>
      <CWH>0.19999935976388178</CWH>
      <CFGlacier>1</CFGlacier>
      <CFSlope>1</CFSlope>
      <FC>228.13021500016</FC>
      <LP>0.99999333099739662</LP>
      <BETA>1.095551009592822</BETA>
    </VegetationZoneParameters>
  </VegetationZone>
  <SubCatchment>
    <SubCatchmentParameters>
      <KSI>0.001</KSI>
      <KGmin>0.05</KGmin>
      <RangeKG>0.1</RangeKG>
      <AG>0.1</AG>
      <PERC>5.196286301420403</PERC>
      <Alpha>0</Alpha>
      <UZL>75.754730154154387</UZL>
      <K0>0.5218125630532805</K0>
      <K1>0.16893317143911685</K1>
      <K2>0.042888605545405342</K2>
      <MAXBAS>1.0000604447981609</MAXBAS>
      <Cet>0</Cet>
      <PCALT>10</PCALT>
      <TCALT>0.6</TCALT>
      <Pelev>3349</Pelev>
      <Telev>2921</Telev>
      <PART>0.5</PART>
      <DELAY>1</DELAY>
    </SubCatchmentParameters>
    <SubCatchmentVegetationZone>
      <SubCatchmentVegetationZoneParameters>
        <TT>-1.0699989365216882</TT>
        <CFMAX>3.9719665013751189</CFMAX>
        <SP>0</SP>
        <SFCF>1.0566927869694607</SFCF>
        <CFR>0.025393548372711891</CFR>
        <CWH>0.19999935976388178</CWH>
        <CFGlacier>1</CFGlacier>
        <CFSlope>1</CFSlope>
        <FC>228.13021500016</FC>
        <LP>0.99999333099739662</LP>
        <BETA>1.095551009592822</BETA>
      </SubCatchmentVegetationZoneParameters>
    </SubCatchmentVegetationZone>
  </SubCatchment>
</Catchment>