<?xml version="1.0" encoding="utf-8"?>
<Catchment xmlns:xsi="http://www.w3.org/2001/XMLSchema-instance" xmlns:xsd="http://www.w3.org/2001/XMLSchema">
  <CatchmentParameters>
    <KSI>0.001</KSI>
    <KGmin>0.05</KGmin>
    <RangeKG>0.1</RangeKG>
    <AG>0.1</AG>
    <PERC>6.25712190939709</PERC>
    <Alpha>0</Alpha>
    <UZL>178.22619265279286</UZL>
    <K0>0.34937640446789014</K0>
    <K1>0.17689628179589306</K1>
    <K2>0.044866511975522022</K2>
    <MAXBAS>1.0000474405263993</MAXBAS>
    <Cet>0</Cet>
    <PCALT>10</PCALT>
    <TCALT>0.6</TCALT>
    <Pelev>3349</Pelev>
    <Telev>2921</Telev>
    <PART>0.5</PART>
    <DELAY>1</DELAY>
  </CatchmentParameters>
  <VegetationZone>
    <VegetationZoneParameters>
      <TT>-1.2700043121943672</TT>
      <CFMAX>4.18434743686235</CFMAX>
      <SP>0</SP>
      <SFCF>1.1313973431936313</SFCF>
      <CFR>0.026394554290689157</CFR>
      <CWH>0.19999929952813247</CWH>
      <CFGlacier>1</CFGlacier>
      <CFSlope>1</CFSlope>
      <FC>292.13194302601448</FC>
      <LP>0.99999713603931006</LP>
      <BETA>1.2644369454336837</BETA>
    </VegetationZoneParameters>
  </VegetationZone>
  <SubCatchment>
    <SubCatchmentParameters>
      <KSI>0.001</KSI>
      <KGmin>0.05</KGmin>
      <RangeKG>0.1</RangeKG>
      <AG>0.1</AG>
      <PERC>6.25712190939709</PERC>
      <Alpha>0</Alpha>
      <UZL>178.22619265279286</UZL>
      <K0>0.34937640446789014</K0>
      <K1>0.17689628179589306</K1>
      <K2>0.044866511975522022</K2>
      <MAXBAS>1.0000474405263993</MAXBAS>
      <Cet>0</Cet>
      <PCALT>10</PCALT>
      <TCALT>0.6</TCALT>
      <Pelev>3349</Pelev>
      <Telev>2921</Telev>
      <PART>0.5</PART>
      <DELAY>1</DELAY>
    </SubCatchmentParameters>
    <SubCatchmentVegetationZone>
      <SubCatchmentVegetationZoneParameters>
        <TT>-1.2700043121943672</TT>
        <CFMAX>4.18434743686235</CFMAX>
        <SP>0</SP>
        <SFCF>1.1313973431936313</SFCF>
        <CFR>0.026394554290689157</CFR>
        <CWH>0.19999929952813247</CWH>
        <CFGlacier>1</CFGlacier>
        <CFSlope>1</CFSlope>
        <FC>292.13194302601448</FC>
        <LP>0.99999713603931006</LP>
        <BETA>1.2644369454336837</BETA>
      </SubCatchmentVegetationZoneParameters>
    </SubCatchmentVegetationZone>
  </SubCatchment>
</Catchment>