<?xml version="1.0" encoding="utf-8"?>
<Catchment xmlns:xsi="http://www.w3.org/2001/XMLSchema-instance" xmlns:xsd="http://www.w3.org/2001/XMLSchema">
  <CatchmentParameters>
    <KSI>0.001</KSI>
    <KGmin>0.05</KGmin>
    <RangeKG>0.1</RangeKG>
    <AG>0.1</AG>
    <PERC>6.0284535477528465</PERC>
    <Alpha>0</Alpha>
    <UZL>152.61798127722852</UZL>
    <K0>0.47629611444708986</K0>
    <K1>0.18543352090310042</K1>
    <K2>0.047731782198674869</K2>
    <MAXBAS>1.0001427326037189</MAXBAS>
    <Cet>0</Cet>
    <PCALT>10</PCALT>
    <TCALT>0.6</TCALT>
    <Pelev>3349</Pelev>
    <Telev>2921</Telev>
    <PART>0.5</PART>
    <DELAY>1</DELAY>
  </CatchmentParameters>
  <VegetationZone>
    <VegetationZoneParameters>
      <TT>-1.3700126873862091</TT>
      <CFMAX>4.0170393758661609</CFMAX>
      <SP>0</SP>
      <SFCF>1.1675128484780797</SFCF>
      <CFR>0.00046404885860235593</CFR>
      <CWH>0.19999863871925466</CWH>
      <CFGlacier>1</CFGlacier>
      <CFSlope>1</CFSlope>
      <FC>338.98898491883079</FC>
      <LP>0.99999482820468433</LP>
      <BETA>1.4315759341508523</BETA>
    </VegetationZoneParameters>
  </VegetationZone>
  <SubCatchment>
    <SubCatchmentParameters>
      <KSI>0.001</KSI>
      <KGmin>0.05</KGmin>
      <RangeKG>0.1</RangeKG>
      <AG>0.1</AG>
      <PERC>6.0284535477528465</PERC>
      <Alpha>0</Alpha>
      <UZL>152.61798127722852</UZL>
      <K0>0.47629611444708986</K0>
      <K1>0.18543352090310042</K1>
      <K2>0.047731782198674869</K2>
      <MAXBAS>1.0001427326037189</MAXBAS>
      <Cet>0</Cet>
      <PCALT>10</PCALT>
      <TCALT>0.6</TCALT>
      <Pelev>3349</Pelev>
      <Telev>2921</Telev>
      <PART>0.5</PART>
      <DELAY>1</DELAY>
    </SubCatchmentParameters>
    <SubCatchmentVegetationZone>
      <SubCatchmentVegetationZoneParameters>
        <TT>-1.3700126873862091</TT>
        <CFMAX>4.0170393758661609</CFMAX>
        <SP>0</SP>
        <SFCF>1.1675128484780797</SFCF>
        <CFR>0.00046404885860235593</CFR>
        <CWH>0.19999863871925466</CWH>
        <CFGlacier>1</CFGlacier>
        <CFSlope>1</CFSlope>
        <FC>338.98898491883079</FC>
        <LP>0.99999482820468433</LP>
        <BETA>1.4315759341508523</BETA>
      </SubCatchmentVegetationZoneParameters>
    </SubCatchmentVegetationZone>
  </SubCatchment>
</Catchment>