<?xml version="1.0" encoding="utf-8"?>
<Catchment xmlns:xsi="http://www.w3.org/2001/XMLSchema-instance" xmlns:xsd="http://www.w3.org/2001/XMLSchema">
  <CatchmentParameters>
    <KSI>0.001</KSI>
    <KGmin>0.05</KGmin>
    <RangeKG>0.1</RangeKG>
    <AG>0.1</AG>
    <PERC>6.5271211759568741</PERC>
    <Alpha>0</Alpha>
    <UZL>126.17632262127772</UZL>
    <K0>0.93031469113638376</K0>
    <K1>0.19283734290646248</K1>
    <K2>0.055203060634802</K2>
    <MAXBAS>1.0000099838487291</MAXBAS>
    <Cet>0</Cet>
    <PCALT>10</PCALT>
    <TCALT>0.6</TCALT>
    <Pelev>3349</Pelev>
    <Telev>2921</Telev>
    <PART>0.5</PART>
    <DELAY>1</DELAY>
  </CatchmentParameters>
  <VegetationZone>
    <VegetationZoneParameters>
      <TT>-0.22798458302580374</TT>
      <CFMAX>4.7190745246948245</CFMAX>
      <SP>0</SP>
      <SFCF>1.0291348507630298</SFCF>
      <CFR>0.017084694225431792</CFR>
      <CWH>0.15308914343545121</CWH>
      <CFGlacier>1</CFGlacier>
      <CFSlope>1</CFSlope>
      <FC>256.12279351021948</FC>
      <LP>0.9999988128595696</LP>
      <BETA>1.0000007867843459</BETA>
    </VegetationZoneParameters>
  </VegetationZone>
  <SubCatchment>
    <SubCatchmentParameters>
      <KSI>0.001</KSI>
      <KGmin>0.05</KGmin>
      <RangeKG>0.1</RangeKG>
      <AG>0.1</AG>
      <PERC>6.5271211759568741</PERC>
      <Alpha>0</Alpha>
      <UZL>126.17632262127772</UZL>
      <K0>0.93031469113638376</K0>
      <K1>0.19283734290646248</K1>
      <K2>0.055203060634802</K2>
      <MAXBAS>1.0000099838487291</MAXBAS>
      <Cet>0</Cet>
      <PCALT>10</PCALT>
      <TCALT>0.6</TCALT>
      <Pelev>3349</Pelev>
      <Telev>2921</Telev>
      <PART>0.5</PART>
      <DELAY>1</DELAY>
    </SubCatchmentParameters>
    <SubCatchmentVegetationZone>
      <SubCatchmentVegetationZoneParameters>
        <TT>-0.22798458302580374</TT>
        <CFMAX>4.7190745246948245</CFMAX>
        <SP>0</SP>
        <SFCF>1.0291348507630298</SFCF>
        <CFR>0.017084694225431792</CFR>
        <CWH>0.15308914343545121</CWH>
        <CFGlacier>1</CFGlacier>
        <CFSlope>1</CFSlope>
        <FC>256.12279351021948</FC>
        <LP>0.9999988128595696</LP>
        <BETA>1.0000007867843459</BETA>
      </SubCatchmentVegetationZoneParameters>
    </SubCatchmentVegetationZone>
  </SubCatchment>
</Catchment>