<?xml version="1.0" encoding="utf-8"?>
<Catchment xmlns:xsi="http://www.w3.org/2001/XMLSchema-instance" xmlns:xsd="http://www.w3.org/2001/XMLSchema">
  <CatchmentParameters>
    <KSI>0.001</KSI>
    <KGmin>0.05</KGmin>
    <RangeKG>0.1</RangeKG>
    <AG>0.1</AG>
    <PERC>1.6922493236271132</PERC>
    <Alpha>0</Alpha>
    <UZL>90.391926990476634</UZL>
    <K0>0.16797277604076366</K0>
    <K1>0.050287473265131187</K1>
    <K2>0.010000000303488681</K2>
    <MAXBAS>1</MAXBAS>
    <Cet>0</Cet>
    <PCALT>10</PCALT>
    <TCALT>0.6</TCALT>
    <Pelev>3349</Pelev>
    <Telev>2921</Telev>
    <PART>0.5</PART>
    <DELAY>1</DELAY>
  </CatchmentParameters>
  <VegetationZone>
    <VegetationZoneParameters>
      <TT>-2.1450897661980739</TT>
      <CFMAX>3.1638620239672082</CFMAX>
      <SP>0</SP>
      <SFCF>1.1954772995778886</SFCF>
      <CFR>0.00024695877375128893</CFR>
      <CWH>0.15067387332546031</CWH>
      <CFGlacier>1</CFGlacier>
      <CFSlope>1</CFSlope>
      <FC>198.78659809796406</FC>
      <LP>0.80421439108985893</LP>
      <BETA>1.241900392389051</BETA>
    </VegetationZoneParameters>
  </VegetationZone>
  <SubCatchment>
    <SubCatchmentParameters>
      <KSI>0.001</KSI>
      <KGmin>0.05</KGmin>
      <RangeKG>0.1</RangeKG>
      <AG>0.1</AG>
      <PERC>1.6922493236271132</PERC>
      <Alpha>0</Alpha>
      <UZL>90.391926990476634</UZL>
      <K0>0.16797277604076366</K0>
      <K1>0.050287473265131187</K1>
      <K2>0.010000000303488681</K2>
      <MAXBAS>1</MAXBAS>
      <Cet>0</Cet>
      <PCALT>10</PCALT>
      <TCALT>0.6</TCALT>
      <Pelev>3349</Pelev>
      <Telev>2921</Telev>
      <PART>0.5</PART>
      <DELAY>1</DELAY>
    </SubCatchmentParameters>
    <SubCatchmentVegetationZone>
      <SubCatchmentVegetationZoneParameters>
        <TT>-2.1450897661980739</TT>
        <CFMAX>3.1638620239672082</CFMAX>
        <SP>0</SP>
        <SFCF>1.1954772995778886</SFCF>
        <CFR>0.00024695877375128893</CFR>
        <CWH>0.15067387332546031</CWH>
        <CFGlacier>1</CFGlacier>
        <CFSlope>1</CFSlope>
        <FC>198.78659809796406</FC>
        <LP>0.80421439108985893</LP>
        <BETA>1.241900392389051</BETA>
      </SubCatchmentVegetationZoneParameters>
    </SubCatchmentVegetationZone>
  </SubCatchment>
</Catchment>