<?xml version="1.0" encoding="utf-8"?>
<Catchment xmlns:xsi="http://www.w3.org/2001/XMLSchema-instance" xmlns:xsd="http://www.w3.org/2001/XMLSchema">
  <CatchmentParameters>
    <KSI>0.001</KSI>
    <KGmin>0.05</KGmin>
    <RangeKG>0.1</RangeKG>
    <AG>0.1</AG>
    <PERC>4.77870817853005</PERC>
    <Alpha>0</Alpha>
    <UZL>113.19922786071373</UZL>
    <K0>0.35605222655758023</K0>
    <K1>0.16621366562015169</K1>
    <K2>0.03672071924888437</K2>
    <MAXBAS>1.0000000111383256</MAXBAS>
    <Cet>0</Cet>
    <PCALT>10</PCALT>
    <TCALT>0.6</TCALT>
    <Pelev>3349</Pelev>
    <Telev>2921</Telev>
    <PART>0.5</PART>
    <DELAY>1</DELAY>
  </CatchmentParameters>
  <VegetationZone>
    <VegetationZoneParameters>
      <TT>-1.4699519637071716</TT>
      <CFMAX>3.9535182466240966</CFMAX>
      <SP>0</SP>
      <SFCF>1.15372484180172</SFCF>
      <CFR>0.029342380810026308</CFR>
      <CWH>0.19999967438014085</CWH>
      <CFGlacier>1</CFGlacier>
      <CFSlope>1</CFSlope>
      <FC>312.48873947383748</FC>
      <LP>0.99999290063536006</LP>
      <BETA>1.4193504880122172</BETA>
    </VegetationZoneParameters>
  </VegetationZone>
  <SubCatchment>
    <SubCatchmentParameters>
      <KSI>0.001</KSI>
      <KGmin>0.05</KGmin>
      <RangeKG>0.1</RangeKG>
      <AG>0.1</AG>
      <PERC>4.77870817853005</PERC>
      <Alpha>0</Alpha>
      <UZL>113.19922786071373</UZL>
      <K0>0.35605222655758023</K0>
      <K1>0.16621366562015169</K1>
      <K2>0.03672071924888437</K2>
      <MAXBAS>1.0000000111383256</MAXBAS>
      <Cet>0</Cet>
      <PCALT>10</PCALT>
      <TCALT>0.6</TCALT>
      <Pelev>3349</Pelev>
      <Telev>2921</Telev>
      <PART>0.5</PART>
      <DELAY>1</DELAY>
    </SubCatchmentParameters>
    <SubCatchmentVegetationZone>
      <SubCatchmentVegetationZoneParameters>
        <TT>-1.4699519637071716</TT>
        <CFMAX>3.9535182466240966</CFMAX>
        <SP>0</SP>
        <SFCF>1.15372484180172</SFCF>
        <CFR>0.029342380810026308</CFR>
        <CWH>0.19999967438014085</CWH>
        <CFGlacier>1</CFGlacier>
        <CFSlope>1</CFSlope>
        <FC>312.48873947383748</FC>
        <LP>0.99999290063536006</LP>
        <BETA>1.4193504880122172</BETA>
      </SubCatchmentVegetationZoneParameters>
    </SubCatchmentVegetationZone>
  </SubCatchment>
</Catchment>