<?xml version="1.0" encoding="utf-8"?>
<Catchment xmlns:xsi="http://www.w3.org/2001/XMLSchema-instance" xmlns:xsd="http://www.w3.org/2001/XMLSchema">
  <CatchmentParameters>
    <KSI>0.001</KSI>
    <KGmin>0.05</KGmin>
    <RangeKG>0.1</RangeKG>
    <AG>0.1</AG>
    <PERC>6.2302583787279824</PERC>
    <Alpha>0</Alpha>
    <UZL>88.279119471178689</UZL>
    <K0>0.58432890853719388</K0>
    <K1>0.18478668371793008</K1>
    <K2>0.043397888178583671</K2>
    <MAXBAS>1.0002433599773994</MAXBAS>
    <Cet>0</Cet>
    <PCALT>10</PCALT>
    <TCALT>0.6</TCALT>
    <Pelev>3349</Pelev>
    <Telev>2921</Telev>
    <PART>0.5</PART>
    <DELAY>1</DELAY>
  </CatchmentParameters>
  <VegetationZone>
    <VegetationZoneParameters>
      <TT>-1.5120004818299195</TT>
      <CFMAX>3.6375870199509359</CFMAX>
      <SP>0</SP>
      <SFCF>1.0920425180540578</SFCF>
      <CFR>0.03133380361971113</CFR>
      <CWH>0.19999916556790851</CWH>
      <CFGlacier>1</CFGlacier>
      <CFSlope>1</CFSlope>
      <FC>225.08618148967867</FC>
      <LP>0.99996039795383407</LP>
      <BETA>1.3776568598402512</BETA>
    </VegetationZoneParameters>
  </VegetationZone>
  <SubCatchment>
    <SubCatchmentParameters>
      <KSI>0.001</KSI>
      <KGmin>0.05</KGmin>
      <RangeKG>0.1</RangeKG>
      <AG>0.1</AG>
      <PERC>6.2302583787279824</PERC>
      <Alpha>0</Alpha>
      <UZL>88.279119471178689</UZL>
      <K0>0.58432890853719388</K0>
      <K1>0.18478668371793008</K1>
      <K2>0.043397888178583671</K2>
      <MAXBAS>1.0002433599773994</MAXBAS>
      <Cet>0</Cet>
      <PCALT>10</PCALT>
      <TCALT>0.6</TCALT>
      <Pelev>3349</Pelev>
      <Telev>2921</Telev>
      <PART>0.5</PART>
      <DELAY>1</DELAY>
    </SubCatchmentParameters>
    <SubCatchmentVegetationZone>
      <SubCatchmentVegetationZoneParameters>
        <TT>-1.5120004818299195</TT>
        <CFMAX>3.6375870199509359</CFMAX>
        <SP>0</SP>
        <SFCF>1.0920425180540578</SFCF>
        <CFR>0.03133380361971113</CFR>
        <CWH>0.19999916556790851</CWH>
        <CFGlacier>1</CFGlacier>
        <CFSlope>1</CFSlope>
        <FC>225.08618148967867</FC>
        <LP>0.99996039795383407</LP>
        <BETA>1.3776568598402512</BETA>
      </SubCatchmentVegetationZoneParameters>
    </SubCatchmentVegetationZone>
  </SubCatchment>
</Catchment>