<?xml version="1.0" encoding="utf-8"?>
<Catchment xmlns:xsi="http://www.w3.org/2001/XMLSchema-instance" xmlns:xsd="http://www.w3.org/2001/XMLSchema">
  <CatchmentParameters>
    <KSI>0.001</KSI>
    <KGmin>0.05</KGmin>
    <RangeKG>0.1</RangeKG>
    <AG>0.1</AG>
    <PERC>7.769362552058535</PERC>
    <Alpha>0</Alpha>
    <UZL>84.018935557463379</UZL>
    <K0>0.25178035945765792</K0>
    <K1>0.21234945372157216</K1>
    <K2>0.057692292304695511</K2>
    <MAXBAS>1.0002460188392628</MAXBAS>
    <Cet>0</Cet>
    <PCALT>10</PCALT>
    <TCALT>0.6</TCALT>
    <Pelev>3349</Pelev>
    <Telev>2921</Telev>
    <PART>0.5</PART>
    <DELAY>1</DELAY>
  </CatchmentParameters>
  <VegetationZone>
    <VegetationZoneParameters>
      <TT>-0.028013399912093579</TT>
      <CFMAX>4.7379096587497465</CFMAX>
      <SP>0</SP>
      <SFCF>0.99251000244916854</SFCF>
      <CFR>0.023775303944833522</CFR>
      <CWH>0.13942927355304169</CWH>
      <CFGlacier>1</CFGlacier>
      <CFSlope>1</CFSlope>
      <FC>203.68628513133851</FC>
      <LP>0.99999269516882838</LP>
      <BETA>1.0000000010161676</BETA>
    </VegetationZoneParameters>
  </VegetationZone>
  <SubCatchment>
    <SubCatchmentParameters>
      <KSI>0.001</KSI>
      <KGmin>0.05</KGmin>
      <RangeKG>0.1</RangeKG>
      <AG>0.1</AG>
      <PERC>7.769362552058535</PERC>
      <Alpha>0</Alpha>
      <UZL>84.018935557463379</UZL>
      <K0>0.25178035945765792</K0>
      <K1>0.21234945372157216</K1>
      <K2>0.057692292304695511</K2>
      <MAXBAS>1.0002460188392628</MAXBAS>
      <Cet>0</Cet>
      <PCALT>10</PCALT>
      <TCALT>0.6</TCALT>
      <Pelev>3349</Pelev>
      <Telev>2921</Telev>
      <PART>0.5</PART>
      <DELAY>1</DELAY>
    </SubCatchmentParameters>
    <SubCatchmentVegetationZone>
      <SubCatchmentVegetationZoneParameters>
        <TT>-0.028013399912093579</TT>
        <CFMAX>4.7379096587497465</CFMAX>
        <SP>0</SP>
        <SFCF>0.99251000244916854</SFCF>
        <CFR>0.023775303944833522</CFR>
        <CWH>0.13942927355304169</CWH>
        <CFGlacier>1</CFGlacier>
        <CFSlope>1</CFSlope>
        <FC>203.68628513133851</FC>
        <LP>0.99999269516882838</LP>
        <BETA>1.0000000010161676</BETA>
      </SubCatchmentVegetationZoneParameters>
    </SubCatchmentVegetationZone>
  </SubCatchment>
</Catchment>