<?xml version="1.0" encoding="utf-8"?>
<Catchment xmlns:xsi="http://www.w3.org/2001/XMLSchema-instance" xmlns:xsd="http://www.w3.org/2001/XMLSchema">
  <CatchmentParameters>
    <KSI>0.001</KSI>
    <KGmin>0.05</KGmin>
    <RangeKG>0.1</RangeKG>
    <AG>0.1</AG>
    <PERC>1.1636368454626502</PERC>
    <Alpha>0</Alpha>
    <UZL>84.590996772674927</UZL>
    <K0>0.15528968960845319</K0>
    <K1>0.053690180960460944</K1>
    <K2>0.012753264930477043</K2>
    <MAXBAS>1</MAXBAS>
    <Cet>0</Cet>
    <PCALT>10</PCALT>
    <TCALT>0.6</TCALT>
    <Pelev>3349</Pelev>
    <Telev>2921</Telev>
    <PART>0.5</PART>
    <DELAY>1</DELAY>
  </CatchmentParameters>
  <VegetationZone>
    <VegetationZoneParameters>
      <TT>-1.6800558518884425</TT>
      <CFMAX>4.7549778674456729</CFMAX>
      <SP>0</SP>
      <SFCF>1.4894761954968347</SFCF>
      <CFR>1.6391068102114483E-07</CFR>
      <CWH>0.10015202202413844</CWH>
      <CFGlacier>1</CFGlacier>
      <CFSlope>1</CFSlope>
      <FC>1905.3482830665007</FC>
      <LP>0.94433657332921717</LP>
      <BETA>1.4333595341867005</BETA>
    </VegetationZoneParameters>
  </VegetationZone>
  <SubCatchment>
    <SubCatchmentParameters>
      <KSI>0.001</KSI>
      <KGmin>0.05</KGmin>
      <RangeKG>0.1</RangeKG>
      <AG>0.1</AG>
      <PERC>1.1636368454626502</PERC>
      <Alpha>0</Alpha>
      <UZL>84.590996772674927</UZL>
      <K0>0.15528968960845319</K0>
      <K1>0.053690180960460944</K1>
      <K2>0.012753264930477043</K2>
      <MAXBAS>1</MAXBAS>
      <Cet>0</Cet>
      <PCALT>10</PCALT>
      <TCALT>0.6</TCALT>
      <Pelev>3349</Pelev>
      <Telev>2921</Telev>
      <PART>0.5</PART>
      <DELAY>1</DELAY>
    </SubCatchmentParameters>
    <SubCatchmentVegetationZone>
      <SubCatchmentVegetationZoneParameters>
        <TT>-1.6800558518884425</TT>
        <CFMAX>4.7549778674456729</CFMAX>
        <SP>0</SP>
        <SFCF>1.4894761954968347</SFCF>
        <CFR>1.6391068102114483E-07</CFR>
        <CWH>0.10015202202413844</CWH>
        <CFGlacier>1</CFGlacier>
        <CFSlope>1</CFSlope>
        <FC>1905.3482830665007</FC>
        <LP>0.94433657332921717</LP>
        <BETA>1.4333595341867005</BETA>
      </SubCatchmentVegetationZoneParameters>
    </SubCatchmentVegetationZone>
  </SubCatchment>
</Catchment>