<?xml version="1.0" encoding="utf-8"?>
<Catchment xmlns:xsi="http://www.w3.org/2001/XMLSchema-instance" xmlns:xsd="http://www.w3.org/2001/XMLSchema">
  <CatchmentParameters>
    <KSI>0.001</KSI>
    <KGmin>0.05</KGmin>
    <RangeKG>0.1</RangeKG>
    <AG>0.1</AG>
    <PERC>6.511078502433203</PERC>
    <Alpha>0</Alpha>
    <UZL>129.45976057547506</UZL>
    <K0>0.51026963041993822</K0>
    <K1>0.18677384418740986</K1>
    <K2>0.04779342049741702</K2>
    <MAXBAS>1.0002059424370335</MAXBAS>
    <Cet>0</Cet>
    <PCALT>10</PCALT>
    <TCALT>0.6</TCALT>
    <Pelev>3349</Pelev>
    <Telev>2921</Telev>
    <PART>0.5</PART>
    <DELAY>1</DELAY>
  </CatchmentParameters>
  <VegetationZone>
    <VegetationZoneParameters>
      <TT>-1.3884027957219625</TT>
      <CFMAX>3.8831796586436651</CFMAX>
      <SP>0</SP>
      <SFCF>1.1195475688788339</SFCF>
      <CFR>0.028714004953057284</CFR>
      <CWH>0.19999999975099211</CWH>
      <CFGlacier>1</CFGlacier>
      <CFSlope>1</CFSlope>
      <FC>274.79297442102848</FC>
      <LP>0.9999956872937027</LP>
      <BETA>1.279978963359641</BETA>
    </VegetationZoneParameters>
  </VegetationZone>
  <SubCatchment>
    <SubCatchmentParameters>
      <KSI>0.001</KSI>
      <KGmin>0.05</KGmin>
      <RangeKG>0.1</RangeKG>
      <AG>0.1</AG>
      <PERC>6.511078502433203</PERC>
      <Alpha>0</Alpha>
      <UZL>129.45976057547506</UZL>
      <K0>0.51026963041993822</K0>
      <K1>0.18677384418740986</K1>
      <K2>0.04779342049741702</K2>
      <MAXBAS>1.0002059424370335</MAXBAS>
      <Cet>0</Cet>
      <PCALT>10</PCALT>
      <TCALT>0.6</TCALT>
      <Pelev>3349</Pelev>
      <Telev>2921</Telev>
      <PART>0.5</PART>
      <DELAY>1</DELAY>
    </SubCatchmentParameters>
    <SubCatchmentVegetationZone>
      <SubCatchmentVegetationZoneParameters>
        <TT>-1.3884027957219625</TT>
        <CFMAX>3.8831796586436651</CFMAX>
        <SP>0</SP>
        <SFCF>1.1195475688788339</SFCF>
        <CFR>0.028714004953057284</CFR>
        <CWH>0.19999999975099211</CWH>
        <CFGlacier>1</CFGlacier>
        <CFSlope>1</CFSlope>
        <FC>274.79297442102848</FC>
        <LP>0.9999956872937027</LP>
        <BETA>1.279978963359641</BETA>
      </SubCatchmentVegetationZoneParameters>
    </SubCatchmentVegetationZone>
  </SubCatchment>
</Catchment>