<?xml version="1.0" encoding="utf-8"?>
<Catchment xmlns:xsi="http://www.w3.org/2001/XMLSchema-instance" xmlns:xsd="http://www.w3.org/2001/XMLSchema">
  <CatchmentParameters>
    <KSI>0.001</KSI>
    <KGmin>0.05</KGmin>
    <RangeKG>0.1</RangeKG>
    <AG>0.1</AG>
    <PERC>6.4064740965503351</PERC>
    <Alpha>0</Alpha>
    <UZL>199.55833913573954</UZL>
    <K0>0.592500262519612</K0>
    <K1>0.18192123852038025</K1>
    <K2>0.047449486339211158</K2>
    <MAXBAS>1.0000012993301757</MAXBAS>
    <Cet>0</Cet>
    <PCALT>10</PCALT>
    <TCALT>0.6</TCALT>
    <Pelev>3349</Pelev>
    <Telev>2921</Telev>
    <PART>0.5</PART>
    <DELAY>1</DELAY>
  </CatchmentParameters>
  <VegetationZone>
    <VegetationZoneParameters>
      <TT>-1.0678481318622579</TT>
      <CFMAX>4.4876193268086411</CFMAX>
      <SP>0</SP>
      <SFCF>1.1428535440337244</SFCF>
      <CFR>0.023458389037902944</CFR>
      <CWH>0.19999639398955102</CWH>
      <CFGlacier>1</CFGlacier>
      <CFSlope>1</CFSlope>
      <FC>331.38273912492548</FC>
      <LP>0.9999966706179696</LP>
      <BETA>1.1044220182933036</BETA>
    </VegetationZoneParameters>
  </VegetationZone>
  <SubCatchment>
    <SubCatchmentParameters>
      <KSI>0.001</KSI>
      <KGmin>0.05</KGmin>
      <RangeKG>0.1</RangeKG>
      <AG>0.1</AG>
      <PERC>6.4064740965503351</PERC>
      <Alpha>0</Alpha>
      <UZL>199.55833913573954</UZL>
      <K0>0.592500262519612</K0>
      <K1>0.18192123852038025</K1>
      <K2>0.047449486339211158</K2>
      <MAXBAS>1.0000012993301757</MAXBAS>
      <Cet>0</Cet>
      <PCALT>10</PCALT>
      <TCALT>0.6</TCALT>
      <Pelev>3349</Pelev>
      <Telev>2921</Telev>
      <PART>0.5</PART>
      <DELAY>1</DELAY>
    </SubCatchmentParameters>
    <SubCatchmentVegetationZone>
      <SubCatchmentVegetationZoneParameters>
        <TT>-1.0678481318622579</TT>
        <CFMAX>4.4876193268086411</CFMAX>
        <SP>0</SP>
        <SFCF>1.1428535440337244</SFCF>
        <CFR>0.023458389037902944</CFR>
        <CWH>0.19999639398955102</CWH>
        <CFGlacier>1</CFGlacier>
        <CFSlope>1</CFSlope>
        <FC>331.38273912492548</FC>
        <LP>0.9999966706179696</LP>
        <BETA>1.1044220182933036</BETA>
      </SubCatchmentVegetationZoneParameters>
    </SubCatchmentVegetationZone>
  </SubCatchment>
</Catchment>