<?xml version="1.0" encoding="utf-8"?>
<Catchment xmlns:xsi="http://www.w3.org/2001/XMLSchema-instance" xmlns:xsd="http://www.w3.org/2001/XMLSchema">
  <CatchmentParameters>
    <KSI>0.001</KSI>
    <KGmin>0.05</KGmin>
    <RangeKG>0.1</RangeKG>
    <AG>0.1</AG>
    <PERC>1.3452906979944743</PERC>
    <Alpha>0</Alpha>
    <UZL>78.240795879515929</UZL>
    <K0>0.20968452341014923</K0>
    <K1>0.068701788686216653</K1>
    <K2>0.011565012802927056</K2>
    <MAXBAS>1</MAXBAS>
    <Cet>0</Cet>
    <PCALT>10</PCALT>
    <TCALT>0.6</TCALT>
    <Pelev>3349</Pelev>
    <Telev>2921</Telev>
    <PART>0.5</PART>
    <DELAY>1</DELAY>
  </CatchmentParameters>
  <VegetationZone>
    <VegetationZoneParameters>
      <TT>-1.760856783582994</TT>
      <CFMAX>3.951961023978944</CFMAX>
      <SP>0</SP>
      <SFCF>1.3200587319457762</SFCF>
      <CFR>0.00045303088478814628</CFR>
      <CWH>0.19999998755846049</CWH>
      <CFGlacier>1</CFGlacier>
      <CFSlope>1</CFSlope>
      <FC>2302.0425100370203</FC>
      <LP>0.96363603998191882</LP>
      <BETA>1.050590810019101</BETA>
    </VegetationZoneParameters>
  </VegetationZone>
  <SubCatchment>
    <SubCatchmentParameters>
      <KSI>0.001</KSI>
      <KGmin>0.05</KGmin>
      <RangeKG>0.1</RangeKG>
      <AG>0.1</AG>
      <PERC>1.3452906979944743</PERC>
      <Alpha>0</Alpha>
      <UZL>78.240795879515929</UZL>
      <K0>0.20968452341014923</K0>
      <K1>0.068701788686216653</K1>
      <K2>0.011565012802927056</K2>
      <MAXBAS>1</MAXBAS>
      <Cet>0</Cet>
      <PCALT>10</PCALT>
      <TCALT>0.6</TCALT>
      <Pelev>3349</Pelev>
      <Telev>2921</Telev>
      <PART>0.5</PART>
      <DELAY>1</DELAY>
    </SubCatchmentParameters>
    <SubCatchmentVegetationZone>
      <SubCatchmentVegetationZoneParameters>
        <TT>-1.760856783582994</TT>
        <CFMAX>3.951961023978944</CFMAX>
        <SP>0</SP>
        <SFCF>1.3200587319457762</SFCF>
        <CFR>0.00045303088478814628</CFR>
        <CWH>0.19999998755846049</CWH>
        <CFGlacier>1</CFGlacier>
        <CFSlope>1</CFSlope>
        <FC>2302.0425100370203</FC>
        <LP>0.96363603998191882</LP>
        <BETA>1.050590810019101</BETA>
      </SubCatchmentVegetationZoneParameters>
    </SubCatchmentVegetationZone>
  </SubCatchment>
</Catchment>