<?xml version="1.0" encoding="utf-8"?>
<Catchment xmlns:xsi="http://www.w3.org/2001/XMLSchema-instance" xmlns:xsd="http://www.w3.org/2001/XMLSchema">
  <CatchmentParameters>
    <KSI>0.001</KSI>
    <KGmin>0.05</KGmin>
    <RangeKG>0.1</RangeKG>
    <AG>0.1</AG>
    <PERC>2.0048078749415277</PERC>
    <Alpha>0</Alpha>
    <UZL>86.8124695734871</UZL>
    <K0>0.15859853967837317</K0>
    <K1>0.049687705396384632</K1>
    <K2>0.01000221055476091</K2>
    <MAXBAS>1</MAXBAS>
    <Cet>0</Cet>
    <PCALT>10</PCALT>
    <TCALT>0.6</TCALT>
    <Pelev>3349</Pelev>
    <Telev>2921</Telev>
    <PART>0.5</PART>
    <DELAY>1</DELAY>
  </CatchmentParameters>
  <VegetationZone>
    <VegetationZoneParameters>
      <TT>-1.8897890475720927</TT>
      <CFMAX>2.9900638254820788</CFMAX>
      <SP>0</SP>
      <SFCF>1.0113800981855796</SFCF>
      <CFR>0.048965238906382554</CFR>
      <CWH>0.19999848187097588</CWH>
      <CFGlacier>1</CFGlacier>
      <CFSlope>1</CFSlope>
      <FC>59.733861913798862</FC>
      <LP>0.73928077264085612</LP>
      <BETA>1.2343817210188226</BETA>
    </VegetationZoneParameters>
  </VegetationZone>
  <SubCatchment>
    <SubCatchmentParameters>
      <KSI>0.001</KSI>
      <KGmin>0.05</KGmin>
      <RangeKG>0.1</RangeKG>
      <AG>0.1</AG>
      <PERC>2.0048078749415277</PERC>
      <Alpha>0</Alpha>
      <UZL>86.8124695734871</UZL>
      <K0>0.15859853967837317</K0>
      <K1>0.049687705396384632</K1>
      <K2>0.01000221055476091</K2>
      <MAXBAS>1</MAXBAS>
      <Cet>0</Cet>
      <PCALT>10</PCALT>
      <TCALT>0.6</TCALT>
      <Pelev>3349</Pelev>
      <Telev>2921</Telev>
      <PART>0.5</PART>
      <DELAY>1</DELAY>
    </SubCatchmentParameters>
    <SubCatchmentVegetationZone>
      <SubCatchmentVegetationZoneParameters>
        <TT>-1.8897890475720927</TT>
        <CFMAX>2.9900638254820788</CFMAX>
        <SP>0</SP>
        <SFCF>1.0113800981855796</SFCF>
        <CFR>0.048965238906382554</CFR>
        <CWH>0.19999848187097588</CWH>
        <CFGlacier>1</CFGlacier>
        <CFSlope>1</CFSlope>
        <FC>59.733861913798862</FC>
        <LP>0.73928077264085612</LP>
        <BETA>1.2343817210188226</BETA>
      </SubCatchmentVegetationZoneParameters>
    </SubCatchmentVegetationZone>
  </SubCatchment>
</Catchment>