<?xml version="1.0" encoding="utf-8"?>
<Catchment xmlns:xsi="http://www.w3.org/2001/XMLSchema-instance" xmlns:xsd="http://www.w3.org/2001/XMLSchema">
  <CatchmentParameters>
    <KSI>0.001</KSI>
    <KGmin>0.05</KGmin>
    <RangeKG>0.1</RangeKG>
    <AG>0.1</AG>
    <PERC>6.5397764488253678</PERC>
    <Alpha>0</Alpha>
    <UZL>177.82934548648706</UZL>
    <K0>0.42702721173603081</K0>
    <K1>0.17579218489534904</K1>
    <K2>0.047698099429703274</K2>
    <MAXBAS>1.0000144476068209</MAXBAS>
    <Cet>0</Cet>
    <PCALT>10</PCALT>
    <TCALT>0.6</TCALT>
    <Pelev>3349</Pelev>
    <Telev>2921</Telev>
    <PART>0.5</PART>
    <DELAY>1</DELAY>
  </CatchmentParameters>
  <VegetationZone>
    <VegetationZoneParameters>
      <TT>-0.80575440858553415</TT>
      <CFMAX>4.7255334960050153</CFMAX>
      <SP>0</SP>
      <SFCF>1.1333892402481933</SFCF>
      <CFR>0.020161026942275354</CFR>
      <CWH>0.17946041859812167</CWH>
      <CFGlacier>1</CFGlacier>
      <CFSlope>1</CFSlope>
      <FC>323.31369499564846</FC>
      <LP>0.99999297214508243</LP>
      <BETA>1.0299533430152146</BETA>
    </VegetationZoneParameters>
  </VegetationZone>
  <SubCatchment>
    <SubCatchmentParameters>
      <KSI>0.001</KSI>
      <KGmin>0.05</KGmin>
      <RangeKG>0.1</RangeKG>
      <AG>0.1</AG>
      <PERC>6.5397764488253678</PERC>
      <Alpha>0</Alpha>
      <UZL>177.82934548648706</UZL>
      <K0>0.42702721173603081</K0>
      <K1>0.17579218489534904</K1>
      <K2>0.047698099429703274</K2>
      <MAXBAS>1.0000144476068209</MAXBAS>
      <Cet>0</Cet>
      <PCALT>10</PCALT>
      <TCALT>0.6</TCALT>
      <Pelev>3349</Pelev>
      <Telev>2921</Telev>
      <PART>0.5</PART>
      <DELAY>1</DELAY>
    </SubCatchmentParameters>
    <SubCatchmentVegetationZone>
      <SubCatchmentVegetationZoneParameters>
        <TT>-0.80575440858553415</TT>
        <CFMAX>4.7255334960050153</CFMAX>
        <SP>0</SP>
        <SFCF>1.1333892402481933</SFCF>
        <CFR>0.020161026942275354</CFR>
        <CWH>0.17946041859812167</CWH>
        <CFGlacier>1</CFGlacier>
        <CFSlope>1</CFSlope>
        <FC>323.31369499564846</FC>
        <LP>0.99999297214508243</LP>
        <BETA>1.0299533430152146</BETA>
      </SubCatchmentVegetationZoneParameters>
    </SubCatchmentVegetationZone>
  </SubCatchment>
</Catchment>