<?xml version="1.0" encoding="utf-8"?>
<Catchment xmlns:xsi="http://www.w3.org/2001/XMLSchema-instance" xmlns:xsd="http://www.w3.org/2001/XMLSchema">
  <CatchmentParameters>
    <KSI>0.001</KSI>
    <KGmin>0.05</KGmin>
    <RangeKG>0.1</RangeKG>
    <AG>0.1</AG>
    <PERC>6.0287651577345081</PERC>
    <Alpha>0</Alpha>
    <UZL>147.9265761666455</UZL>
    <K0>0.51397506776819291</K0>
    <K1>0.18153803350959111</K1>
    <K2>0.043878450392828068</K2>
    <MAXBAS>1.0001595745924865</MAXBAS>
    <Cet>0</Cet>
    <PCALT>10</PCALT>
    <TCALT>0.6</TCALT>
    <Pelev>3349</Pelev>
    <Telev>2921</Telev>
    <PART>0.5</PART>
    <DELAY>1</DELAY>
  </CatchmentParameters>
  <VegetationZone>
    <VegetationZoneParameters>
      <TT>-1.4538417170998625</TT>
      <CFMAX>3.906840087645036</CFMAX>
      <SP>0</SP>
      <SFCF>1.1323577401226646</SFCF>
      <CFR>0.029408705287747864</CFR>
      <CWH>0.1999982962557782</CWH>
      <CFGlacier>1</CFGlacier>
      <CFSlope>1</CFSlope>
      <FC>278.8079360607673</FC>
      <LP>0.99998528131625053</LP>
      <BETA>1.3880187018334917</BETA>
    </VegetationZoneParameters>
  </VegetationZone>
  <SubCatchment>
    <SubCatchmentParameters>
      <KSI>0.001</KSI>
      <KGmin>0.05</KGmin>
      <RangeKG>0.1</RangeKG>
      <AG>0.1</AG>
      <PERC>6.0287651577345081</PERC>
      <Alpha>0</Alpha>
      <UZL>147.9265761666455</UZL>
      <K0>0.51397506776819291</K0>
      <K1>0.18153803350959111</K1>
      <K2>0.043878450392828068</K2>
      <MAXBAS>1.0001595745924865</MAXBAS>
      <Cet>0</Cet>
      <PCALT>10</PCALT>
      <TCALT>0.6</TCALT>
      <Pelev>3349</Pelev>
      <Telev>2921</Telev>
      <PART>0.5</PART>
      <DELAY>1</DELAY>
    </SubCatchmentParameters>
    <SubCatchmentVegetationZone>
      <SubCatchmentVegetationZoneParameters>
        <TT>-1.4538417170998625</TT>
        <CFMAX>3.906840087645036</CFMAX>
        <SP>0</SP>
        <SFCF>1.1323577401226646</SFCF>
        <CFR>0.029408705287747864</CFR>
        <CWH>0.1999982962557782</CWH>
        <CFGlacier>1</CFGlacier>
        <CFSlope>1</CFSlope>
        <FC>278.8079360607673</FC>
        <LP>0.99998528131625053</LP>
        <BETA>1.3880187018334917</BETA>
      </SubCatchmentVegetationZoneParameters>
    </SubCatchmentVegetationZone>
  </SubCatchment>
</Catchment>