<?xml version="1.0" encoding="utf-8"?>
<Catchment xmlns:xsi="http://www.w3.org/2001/XMLSchema-instance" xmlns:xsd="http://www.w3.org/2001/XMLSchema">
  <CatchmentParameters>
    <KSI>0.001</KSI>
    <KGmin>0.05</KGmin>
    <RangeKG>0.1</RangeKG>
    <AG>0.1</AG>
    <PERC>7.8187178114289093</PERC>
    <Alpha>0</Alpha>
    <UZL>110.85619630277421</UZL>
    <K0>0.61512652310219118</K0>
    <K1>0.20597740565433381</K1>
    <K2>0.054904817436183445</K2>
    <MAXBAS>1.00000001930717</MAXBAS>
    <Cet>0</Cet>
    <PCALT>10</PCALT>
    <TCALT>0.6</TCALT>
    <Pelev>3349</Pelev>
    <Telev>2921</Telev>
    <PART>0.5</PART>
    <DELAY>1</DELAY>
  </CatchmentParameters>
  <VegetationZone>
    <VegetationZoneParameters>
      <TT>0.18438262084953783</TT>
      <CFMAX>4.8561429071011251</CFMAX>
      <SP>0</SP>
      <SFCF>0.96950171719080547</SFCF>
      <CFR>0.021545736235447303</CFR>
      <CWH>0.11354499189092512</CWH>
      <CFGlacier>1</CFGlacier>
      <CFSlope>1</CFSlope>
      <FC>175.53457909873239</FC>
      <LP>0.999994108418919</LP>
      <BETA>1.0000013103713525</BETA>
    </VegetationZoneParameters>
  </VegetationZone>
  <SubCatchment>
    <SubCatchmentParameters>
      <KSI>0.001</KSI>
      <KGmin>0.05</KGmin>
      <RangeKG>0.1</RangeKG>
      <AG>0.1</AG>
      <PERC>7.8187178114289093</PERC>
      <Alpha>0</Alpha>
      <UZL>110.85619630277421</UZL>
      <K0>0.61512652310219118</K0>
      <K1>0.20597740565433381</K1>
      <K2>0.054904817436183445</K2>
      <MAXBAS>1.00000001930717</MAXBAS>
      <Cet>0</Cet>
      <PCALT>10</PCALT>
      <TCALT>0.6</TCALT>
      <Pelev>3349</Pelev>
      <Telev>2921</Telev>
      <PART>0.5</PART>
      <DELAY>1</DELAY>
    </SubCatchmentParameters>
    <SubCatchmentVegetationZone>
      <SubCatchmentVegetationZoneParameters>
        <TT>0.18438262084953783</TT>
        <CFMAX>4.8561429071011251</CFMAX>
        <SP>0</SP>
        <SFCF>0.96950171719080547</SFCF>
        <CFR>0.021545736235447303</CFR>
        <CWH>0.11354499189092512</CWH>
        <CFGlacier>1</CFGlacier>
        <CFSlope>1</CFSlope>
        <FC>175.53457909873239</FC>
        <LP>0.999994108418919</LP>
        <BETA>1.0000013103713525</BETA>
      </SubCatchmentVegetationZoneParameters>
    </SubCatchmentVegetationZone>
  </SubCatchment>
</Catchment>