<?xml version="1.0" encoding="utf-8"?>
<Catchment xmlns:xsi="http://www.w3.org/2001/XMLSchema-instance" xmlns:xsd="http://www.w3.org/2001/XMLSchema">
  <CatchmentParameters>
    <KSI>0.001</KSI>
    <KGmin>0.05</KGmin>
    <RangeKG>0.1</RangeKG>
    <AG>0.1</AG>
    <PERC>1.5128813816564948</PERC>
    <Alpha>0</Alpha>
    <UZL>86.307004950351129</UZL>
    <K0>0.14259608747948269</K0>
    <K1>0.05324349928325784</K1>
    <K2>0.010000000322884294</K2>
    <MAXBAS>1</MAXBAS>
    <Cet>0</Cet>
    <PCALT>10</PCALT>
    <TCALT>0.6</TCALT>
    <Pelev>3349</Pelev>
    <Telev>2921</Telev>
    <PART>0.5</PART>
    <DELAY>1</DELAY>
  </CatchmentParameters>
  <VegetationZone>
    <VegetationZoneParameters>
      <TT>-2.4999883110414576</TT>
      <CFMAX>3.8535518914012181</CFMAX>
      <SP>0</SP>
      <SFCF>1.4432813462472389</SFCF>
      <CFR>0.0526709183818699</CFR>
      <CWH>0.10000014461483453</CWH>
      <CFGlacier>1</CFGlacier>
      <CFSlope>1</CFSlope>
      <FC>499.06099849810283</FC>
      <LP>0.83685754753168839</LP>
      <BETA>1.3679230474203306</BETA>
    </VegetationZoneParameters>
  </VegetationZone>
  <SubCatchment>
    <SubCatchmentParameters>
      <KSI>0.001</KSI>
      <KGmin>0.05</KGmin>
      <RangeKG>0.1</RangeKG>
      <AG>0.1</AG>
      <PERC>1.5128813816564948</PERC>
      <Alpha>0</Alpha>
      <UZL>86.307004950351129</UZL>
      <K0>0.14259608747948269</K0>
      <K1>0.05324349928325784</K1>
      <K2>0.010000000322884294</K2>
      <MAXBAS>1</MAXBAS>
      <Cet>0</Cet>
      <PCALT>10</PCALT>
      <TCALT>0.6</TCALT>
      <Pelev>3349</Pelev>
      <Telev>2921</Telev>
      <PART>0.5</PART>
      <DELAY>1</DELAY>
    </SubCatchmentParameters>
    <SubCatchmentVegetationZone>
      <SubCatchmentVegetationZoneParameters>
        <TT>-2.4999883110414576</TT>
        <CFMAX>3.8535518914012181</CFMAX>
        <SP>0</SP>
        <SFCF>1.4432813462472389</SFCF>
        <CFR>0.0526709183818699</CFR>
        <CWH>0.10000014461483453</CWH>
        <CFGlacier>1</CFGlacier>
        <CFSlope>1</CFSlope>
        <FC>499.06099849810283</FC>
        <LP>0.83685754753168839</LP>
        <BETA>1.3679230474203306</BETA>
      </SubCatchmentVegetationZoneParameters>
    </SubCatchmentVegetationZone>
  </SubCatchment>
</Catchment>