<?xml version="1.0" encoding="utf-8"?>
<Catchment xmlns:xsi="http://www.w3.org/2001/XMLSchema-instance" xmlns:xsd="http://www.w3.org/2001/XMLSchema">
  <CatchmentParameters>
    <KSI>0.001</KSI>
    <KGmin>0.05</KGmin>
    <RangeKG>0.1</RangeKG>
    <AG>0.1</AG>
    <PERC>1.5031236388787019</PERC>
    <Alpha>0</Alpha>
    <UZL>140.81976727633634</UZL>
    <K0>0.24476375506116607</K0>
    <K1>0.12029449610840073</K1>
    <K2>0.010803860805340316</K2>
    <MAXBAS>1</MAXBAS>
    <Cet>0</Cet>
    <PCALT>10</PCALT>
    <TCALT>0.6</TCALT>
    <Pelev>3349</Pelev>
    <Telev>2921</Telev>
    <PART>0.5</PART>
    <DELAY>1</DELAY>
  </CatchmentParameters>
  <VegetationZone>
    <VegetationZoneParameters>
      <TT>-2.1316008930479282</TT>
      <CFMAX>4.0282412741298756</CFMAX>
      <SP>0</SP>
      <SFCF>1.4999996473493522</SFCF>
      <CFR>0.001000959519104349</CFR>
      <CWH>0.19999694882291166</CWH>
      <CFGlacier>1</CFGlacier>
      <CFSlope>1</CFSlope>
      <FC>2306.1043169475738</FC>
      <LP>0.9949674427554217</LP>
      <BETA>1.8320052851525159</BETA>
    </VegetationZoneParameters>
  </VegetationZone>
  <SubCatchment>
    <SubCatchmentParameters>
      <KSI>0.001</KSI>
      <KGmin>0.05</KGmin>
      <RangeKG>0.1</RangeKG>
      <AG>0.1</AG>
      <PERC>1.5031236388787019</PERC>
      <Alpha>0</Alpha>
      <UZL>140.81976727633634</UZL>
      <K0>0.24476375506116607</K0>
      <K1>0.12029449610840073</K1>
      <K2>0.010803860805340316</K2>
      <MAXBAS>1</MAXBAS>
      <Cet>0</Cet>
      <PCALT>10</PCALT>
      <TCALT>0.6</TCALT>
      <Pelev>3349</Pelev>
      <Telev>2921</Telev>
      <PART>0.5</PART>
      <DELAY>1</DELAY>
    </SubCatchmentParameters>
    <SubCatchmentVegetationZone>
      <SubCatchmentVegetationZoneParameters>
        <TT>-2.1316008930479282</TT>
        <CFMAX>4.0282412741298756</CFMAX>
        <SP>0</SP>
        <SFCF>1.4999996473493522</SFCF>
        <CFR>0.001000959519104349</CFR>
        <CWH>0.19999694882291166</CWH>
        <CFGlacier>1</CFGlacier>
        <CFSlope>1</CFSlope>
        <FC>2306.1043169475738</FC>
        <LP>0.9949674427554217</LP>
        <BETA>1.8320052851525159</BETA>
      </SubCatchmentVegetationZoneParameters>
    </SubCatchmentVegetationZone>
  </SubCatchment>
</Catchment>