<?xml version="1.0" encoding="utf-8"?>
<Catchment xmlns:xsi="http://www.w3.org/2001/XMLSchema-instance" xmlns:xsd="http://www.w3.org/2001/XMLSchema">
  <CatchmentParameters>
    <KSI>0.001</KSI>
    <KGmin>0.05</KGmin>
    <RangeKG>0.1</RangeKG>
    <AG>0.1</AG>
    <PERC>6.3500993871036231</PERC>
    <Alpha>0</Alpha>
    <UZL>89.160187785786263</UZL>
    <K0>0.1189118113202282</K0>
    <K1>0.1811745899922598</K1>
    <K2>0.048606516700693839</K2>
    <MAXBAS>1.0000249910487187</MAXBAS>
    <Cet>0</Cet>
    <PCALT>10</PCALT>
    <TCALT>0.6</TCALT>
    <Pelev>3349</Pelev>
    <Telev>2921</Telev>
    <PART>0.5</PART>
    <DELAY>1</DELAY>
  </CatchmentParameters>
  <VegetationZone>
    <VegetationZoneParameters>
      <TT>-0.74707512506647245</TT>
      <CFMAX>4.3003950507480662</CFMAX>
      <SP>0</SP>
      <SFCF>1.0462333083958191</SFCF>
      <CFR>0.020981874498823674</CFR>
      <CWH>0.19996709303400179</CWH>
      <CFGlacier>1</CFGlacier>
      <CFSlope>1</CFSlope>
      <FC>228.7940351730513</FC>
      <LP>0.99999314666705308</LP>
      <BETA>1.0000000911083133</BETA>
    </VegetationZoneParameters>
  </VegetationZone>
  <SubCatchment>
    <SubCatchmentParameters>
      <KSI>0.001</KSI>
      <KGmin>0.05</KGmin>
      <RangeKG>0.1</RangeKG>
      <AG>0.1</AG>
      <PERC>6.3500993871036231</PERC>
      <Alpha>0</Alpha>
      <UZL>89.160187785786263</UZL>
      <K0>0.1189118113202282</K0>
      <K1>0.1811745899922598</K1>
      <K2>0.048606516700693839</K2>
      <MAXBAS>1.0000249910487187</MAXBAS>
      <Cet>0</Cet>
      <PCALT>10</PCALT>
      <TCALT>0.6</TCALT>
      <Pelev>3349</Pelev>
      <Telev>2921</Telev>
      <PART>0.5</PART>
      <DELAY>1</DELAY>
    </SubCatchmentParameters>
    <SubCatchmentVegetationZone>
      <SubCatchmentVegetationZoneParameters>
        <TT>-0.74707512506647245</TT>
        <CFMAX>4.3003950507480662</CFMAX>
        <SP>0</SP>
        <SFCF>1.0462333083958191</SFCF>
        <CFR>0.020981874498823674</CFR>
        <CWH>0.19996709303400179</CWH>
        <CFGlacier>1</CFGlacier>
        <CFSlope>1</CFSlope>
        <FC>228.7940351730513</FC>
        <LP>0.99999314666705308</LP>
        <BETA>1.0000000911083133</BETA>
      </SubCatchmentVegetationZoneParameters>
    </SubCatchmentVegetationZone>
  </SubCatchment>
</Catchment>