<?xml version="1.0" encoding="utf-8"?>
<Catchment xmlns:xsi="http://www.w3.org/2001/XMLSchema-instance" xmlns:xsd="http://www.w3.org/2001/XMLSchema">
  <CatchmentParameters>
    <KSI>0.001</KSI>
    <KGmin>0.05</KGmin>
    <RangeKG>0.1</RangeKG>
    <AG>0.1</AG>
    <PERC>1.2661198431964651</PERC>
    <Alpha>0</Alpha>
    <UZL>87.239768356647133</UZL>
    <K0>0.17821013173535769</K0>
    <K1>0.065086547957300622</K1>
    <K2>0.010000007177118042</K2>
    <MAXBAS>1</MAXBAS>
    <Cet>0</Cet>
    <PCALT>10</PCALT>
    <TCALT>0.6</TCALT>
    <Pelev>3349</Pelev>
    <Telev>2921</Telev>
    <PART>0.5</PART>
    <DELAY>1</DELAY>
  </CatchmentParameters>
  <VegetationZone>
    <VegetationZoneParameters>
      <TT>-1.4120199471023</TT>
      <CFMAX>4.7109256619930244</CFMAX>
      <SP>0</SP>
      <SFCF>1.4007837870313151</SFCF>
      <CFR>0.00039213004078745851</CFR>
      <CWH>0.17580656823190483</CWH>
      <CFGlacier>1</CFGlacier>
      <CFSlope>1</CFSlope>
      <FC>1979.7988079911263</FC>
      <LP>0.93849397667721635</LP>
      <BETA>1.1781048631238051</BETA>
    </VegetationZoneParameters>
  </VegetationZone>
  <SubCatchment>
    <SubCatchmentParameters>
      <KSI>0.001</KSI>
      <KGmin>0.05</KGmin>
      <RangeKG>0.1</RangeKG>
      <AG>0.1</AG>
      <PERC>1.2661198431964651</PERC>
      <Alpha>0</Alpha>
      <UZL>87.239768356647133</UZL>
      <K0>0.17821013173535769</K0>
      <K1>0.065086547957300622</K1>
      <K2>0.010000007177118042</K2>
      <MAXBAS>1</MAXBAS>
      <Cet>0</Cet>
      <PCALT>10</PCALT>
      <TCALT>0.6</TCALT>
      <Pelev>3349</Pelev>
      <Telev>2921</Telev>
      <PART>0.5</PART>
      <DELAY>1</DELAY>
    </SubCatchmentParameters>
    <SubCatchmentVegetationZone>
      <SubCatchmentVegetationZoneParameters>
        <TT>-1.4120199471023</TT>
        <CFMAX>4.7109256619930244</CFMAX>
        <SP>0</SP>
        <SFCF>1.4007837870313151</SFCF>
        <CFR>0.00039213004078745851</CFR>
        <CWH>0.17580656823190483</CWH>
        <CFGlacier>1</CFGlacier>
        <CFSlope>1</CFSlope>
        <FC>1979.7988079911263</FC>
        <LP>0.93849397667721635</LP>
        <BETA>1.1781048631238051</BETA>
      </SubCatchmentVegetationZoneParameters>
    </SubCatchmentVegetationZone>
  </SubCatchment>
</Catchment>