<?xml version="1.0" encoding="utf-8"?>
<Catchment xmlns:xsi="http://www.w3.org/2001/XMLSchema-instance" xmlns:xsd="http://www.w3.org/2001/XMLSchema">
  <CatchmentParameters>
    <KSI>0.001</KSI>
    <KGmin>0.05</KGmin>
    <RangeKG>0.1</RangeKG>
    <AG>0.1</AG>
    <PERC>6.5112473135112987</PERC>
    <Alpha>0</Alpha>
    <UZL>153.84085096020058</UZL>
    <K0>0.12993315183838755</K0>
    <K1>0.17108872268355585</K1>
    <K2>0.045489546986767326</K2>
    <MAXBAS>1.0003779869222313</MAXBAS>
    <Cet>0</Cet>
    <PCALT>10</PCALT>
    <TCALT>0.6</TCALT>
    <Pelev>3349</Pelev>
    <Telev>2921</Telev>
    <PART>0.5</PART>
    <DELAY>1</DELAY>
  </CatchmentParameters>
  <VegetationZone>
    <VegetationZoneParameters>
      <TT>-0.81899370195669952</TT>
      <CFMAX>4.5798207692686965</CFMAX>
      <SP>0</SP>
      <SFCF>1.0867053183207114</SFCF>
      <CFR>0.020690602714759167</CFR>
      <CWH>0.19999413413829439</CWH>
      <CFGlacier>1</CFGlacier>
      <CFSlope>1</CFSlope>
      <FC>255.57408502895748</FC>
      <LP>0.99999469449856371</LP>
      <BETA>1.0186323636654497</BETA>
    </VegetationZoneParameters>
  </VegetationZone>
  <SubCatchment>
    <SubCatchmentParameters>
      <KSI>0.001</KSI>
      <KGmin>0.05</KGmin>
      <RangeKG>0.1</RangeKG>
      <AG>0.1</AG>
      <PERC>6.5112473135112987</PERC>
      <Alpha>0</Alpha>
      <UZL>153.84085096020058</UZL>
      <K0>0.12993315183838755</K0>
      <K1>0.17108872268355585</K1>
      <K2>0.045489546986767326</K2>
      <MAXBAS>1.0003779869222313</MAXBAS>
      <Cet>0</Cet>
      <PCALT>10</PCALT>
      <TCALT>0.6</TCALT>
      <Pelev>3349</Pelev>
      <Telev>2921</Telev>
      <PART>0.5</PART>
      <DELAY>1</DELAY>
    </SubCatchmentParameters>
    <SubCatchmentVegetationZone>
      <SubCatchmentVegetationZoneParameters>
        <TT>-0.81899370195669952</TT>
        <CFMAX>4.5798207692686965</CFMAX>
        <SP>0</SP>
        <SFCF>1.0867053183207114</SFCF>
        <CFR>0.020690602714759167</CFR>
        <CWH>0.19999413413829439</CWH>
        <CFGlacier>1</CFGlacier>
        <CFSlope>1</CFSlope>
        <FC>255.57408502895748</FC>
        <LP>0.99999469449856371</LP>
        <BETA>1.0186323636654497</BETA>
      </SubCatchmentVegetationZoneParameters>
    </SubCatchmentVegetationZone>
  </SubCatchment>
</Catchment>