<?xml version="1.0" encoding="utf-8"?>
<Catchment xmlns:xsi="http://www.w3.org/2001/XMLSchema-instance" xmlns:xsd="http://www.w3.org/2001/XMLSchema">
  <CatchmentParameters>
    <KSI>0.001</KSI>
    <KGmin>0.05</KGmin>
    <RangeKG>0.1</RangeKG>
    <AG>0.1</AG>
    <PERC>6.2957323968014567</PERC>
    <Alpha>0</Alpha>
    <UZL>113.36524410420833</UZL>
    <K0>0.068204180690451782</K0>
    <K1>0.17974464846216492</K1>
    <K2>0.045956542496833952</K2>
    <MAXBAS>1.0000000220562306</MAXBAS>
    <Cet>0</Cet>
    <PCALT>10</PCALT>
    <TCALT>0.6</TCALT>
    <Pelev>3349</Pelev>
    <Telev>2921</Telev>
    <PART>0.5</PART>
    <DELAY>1</DELAY>
  </CatchmentParameters>
  <VegetationZone>
    <VegetationZoneParameters>
      <TT>-1.0420907035615477</TT>
      <CFMAX>4.0851146297946581</CFMAX>
      <SP>0</SP>
      <SFCF>1.0630268143071613</SFCF>
      <CFR>0.025284646243557658</CFR>
      <CWH>0.19999859169536494</CWH>
      <CFGlacier>1</CFGlacier>
      <CFSlope>1</CFSlope>
      <FC>221.80052090254128</FC>
      <LP>0.99999392037746238</LP>
      <BETA>1.0908530557880292</BETA>
    </VegetationZoneParameters>
  </VegetationZone>
  <SubCatchment>
    <SubCatchmentParameters>
      <KSI>0.001</KSI>
      <KGmin>0.05</KGmin>
      <RangeKG>0.1</RangeKG>
      <AG>0.1</AG>
      <PERC>6.2957323968014567</PERC>
      <Alpha>0</Alpha>
      <UZL>113.36524410420833</UZL>
      <K0>0.068204180690451782</K0>
      <K1>0.17974464846216492</K1>
      <K2>0.045956542496833952</K2>
      <MAXBAS>1.0000000220562306</MAXBAS>
      <Cet>0</Cet>
      <PCALT>10</PCALT>
      <TCALT>0.6</TCALT>
      <Pelev>3349</Pelev>
      <Telev>2921</Telev>
      <PART>0.5</PART>
      <DELAY>1</DELAY>
    </SubCatchmentParameters>
    <SubCatchmentVegetationZone>
      <SubCatchmentVegetationZoneParameters>
        <TT>-1.0420907035615477</TT>
        <CFMAX>4.0851146297946581</CFMAX>
        <SP>0</SP>
        <SFCF>1.0630268143071613</SFCF>
        <CFR>0.025284646243557658</CFR>
        <CWH>0.19999859169536494</CWH>
        <CFGlacier>1</CFGlacier>
        <CFSlope>1</CFSlope>
        <FC>221.80052090254128</FC>
        <LP>0.99999392037746238</LP>
        <BETA>1.0908530557880292</BETA>
      </SubCatchmentVegetationZoneParameters>
    </SubCatchmentVegetationZone>
  </SubCatchment>
</Catchment>