<?xml version="1.0" encoding="utf-8"?>
<Catchment xmlns:xsi="http://www.w3.org/2001/XMLSchema-instance" xmlns:xsd="http://www.w3.org/2001/XMLSchema">
  <CatchmentParameters>
    <KSI>0.001</KSI>
    <KGmin>0.05</KGmin>
    <RangeKG>0.1</RangeKG>
    <AG>0.1</AG>
    <PERC>1.0936730133127044</PERC>
    <Alpha>0</Alpha>
    <UZL>92.569495229087877</UZL>
    <K0>0.15778074020816793</K0>
    <K1>0.051110032478741831</K1>
    <K2>0.010000006578791435</K2>
    <MAXBAS>1</MAXBAS>
    <Cet>0</Cet>
    <PCALT>10</PCALT>
    <TCALT>0.6</TCALT>
    <Pelev>3349</Pelev>
    <Telev>2921</Telev>
    <PART>0.5</PART>
    <DELAY>1</DELAY>
  </CatchmentParameters>
  <VegetationZone>
    <VegetationZoneParameters>
      <TT>-2.27735388667461</TT>
      <CFMAX>4.0212856509556261</CFMAX>
      <SP>0</SP>
      <SFCF>1.4353927598136143</SFCF>
      <CFR>0.066188936342457552</CFR>
      <CWH>0.10000005005885275</CWH>
      <CFGlacier>1</CFGlacier>
      <CFSlope>1</CFSlope>
      <FC>721.26360334305673</FC>
      <LP>0.9396850752760979</LP>
      <BETA>1.124674552278484</BETA>
    </VegetationZoneParameters>
  </VegetationZone>
  <SubCatchment>
    <SubCatchmentParameters>
      <KSI>0.001</KSI>
      <KGmin>0.05</KGmin>
      <RangeKG>0.1</RangeKG>
      <AG>0.1</AG>
      <PERC>1.0936730133127044</PERC>
      <Alpha>0</Alpha>
      <UZL>92.569495229087877</UZL>
      <K0>0.15778074020816793</K0>
      <K1>0.051110032478741831</K1>
      <K2>0.010000006578791435</K2>
      <MAXBAS>1</MAXBAS>
      <Cet>0</Cet>
      <PCALT>10</PCALT>
      <TCALT>0.6</TCALT>
      <Pelev>3349</Pelev>
      <Telev>2921</Telev>
      <PART>0.5</PART>
      <DELAY>1</DELAY>
    </SubCatchmentParameters>
    <SubCatchmentVegetationZone>
      <SubCatchmentVegetationZoneParameters>
        <TT>-2.27735388667461</TT>
        <CFMAX>4.0212856509556261</CFMAX>
        <SP>0</SP>
        <SFCF>1.4353927598136143</SFCF>
        <CFR>0.066188936342457552</CFR>
        <CWH>0.10000005005885275</CWH>
        <CFGlacier>1</CFGlacier>
        <CFSlope>1</CFSlope>
        <FC>721.26360334305673</FC>
        <LP>0.9396850752760979</LP>
        <BETA>1.124674552278484</BETA>
      </SubCatchmentVegetationZoneParameters>
    </SubCatchmentVegetationZone>
  </SubCatchment>
</Catchment>