<?xml version="1.0" encoding="utf-8"?>
<Catchment xmlns:xsi="http://www.w3.org/2001/XMLSchema-instance" xmlns:xsd="http://www.w3.org/2001/XMLSchema">
  <CatchmentParameters>
    <KSI>0.001</KSI>
    <KGmin>0.05</KGmin>
    <RangeKG>0.1</RangeKG>
    <AG>0.1</AG>
    <PERC>1.0553866646305867</PERC>
    <Alpha>0</Alpha>
    <UZL>94.460785882762607</UZL>
    <K0>0.16609385840611637</K0>
    <K1>0.052019585096813377</K1>
    <K2>0.010000001790190951</K2>
    <MAXBAS>1</MAXBAS>
    <Cet>0</Cet>
    <PCALT>10</PCALT>
    <TCALT>0.6</TCALT>
    <Pelev>3349</Pelev>
    <Telev>2921</Telev>
    <PART>0.5</PART>
    <DELAY>1</DELAY>
  </CatchmentParameters>
  <VegetationZone>
    <VegetationZoneParameters>
      <TT>-1.5699955979091578</TT>
      <CFMAX>4.7908962684709655</CFMAX>
      <SP>0</SP>
      <SFCF>1.4756261008888156</SFCF>
      <CFR>0.0002671013253008158</CFR>
      <CWH>0.10000012483030027</CWH>
      <CFGlacier>1</CFGlacier>
      <CFSlope>1</CFSlope>
      <FC>1780.6872538733167</FC>
      <LP>0.99138904153825114</LP>
      <BETA>1.5456476264676566</BETA>
    </VegetationZoneParameters>
  </VegetationZone>
  <SubCatchment>
    <SubCatchmentParameters>
      <KSI>0.001</KSI>
      <KGmin>0.05</KGmin>
      <RangeKG>0.1</RangeKG>
      <AG>0.1</AG>
      <PERC>1.0553866646305867</PERC>
      <Alpha>0</Alpha>
      <UZL>94.460785882762607</UZL>
      <K0>0.16609385840611637</K0>
      <K1>0.052019585096813377</K1>
      <K2>0.010000001790190951</K2>
      <MAXBAS>1</MAXBAS>
      <Cet>0</Cet>
      <PCALT>10</PCALT>
      <TCALT>0.6</TCALT>
      <Pelev>3349</Pelev>
      <Telev>2921</Telev>
      <PART>0.5</PART>
      <DELAY>1</DELAY>
    </SubCatchmentParameters>
    <SubCatchmentVegetationZone>
      <SubCatchmentVegetationZoneParameters>
        <TT>-1.5699955979091578</TT>
        <CFMAX>4.7908962684709655</CFMAX>
        <SP>0</SP>
        <SFCF>1.4756261008888156</SFCF>
        <CFR>0.0002671013253008158</CFR>
        <CWH>0.10000012483030027</CWH>
        <CFGlacier>1</CFGlacier>
        <CFSlope>1</CFSlope>
        <FC>1780.6872538733167</FC>
        <LP>0.99138904153825114</LP>
        <BETA>1.5456476264676566</BETA>
      </SubCatchmentVegetationZoneParameters>
    </SubCatchmentVegetationZone>
  </SubCatchment>
</Catchment>