<?xml version="1.0" encoding="utf-8"?>
<Catchment xmlns:xsi="http://www.w3.org/2001/XMLSchema-instance" xmlns:xsd="http://www.w3.org/2001/XMLSchema">
  <CatchmentParameters>
    <KSI>0.001</KSI>
    <KGmin>0.05</KGmin>
    <RangeKG>0.1</RangeKG>
    <AG>0.1</AG>
    <PERC>0.27111657094912162</PERC>
    <Alpha>0</Alpha>
    <UZL>137.94096510887053</UZL>
    <K0>0.30794516477877454</K0>
    <K1>0.10935838601430099</K1>
    <K2>0.010000011702044872</K2>
    <MAXBAS>1</MAXBAS>
    <Cet>0</Cet>
    <PCALT>10</PCALT>
    <TCALT>0.6</TCALT>
    <Pelev>3165</Pelev>
    <Telev>3224</Telev>
    <PART>0.5</PART>
    <DELAY>1</DELAY>
  </CatchmentParameters>
  <VegetationZone>
    <VegetationZoneParameters>
      <TT>-0.49603052720341834</TT>
      <CFMAX>2.7328249424108035</CFMAX>
      <SP>0</SP>
      <SFCF>0.981354704416059</SFCF>
      <CFR>0.0999998380242474</CFR>
      <CWH>0.19997431975461871</CWH>
      <CFGlacier>1</CFGlacier>
      <CFSlope>1</CFSlope>
      <FC>921.69244457639184</FC>
      <LP>0.85067959963767814</LP>
      <BETA>2.5297570989471767</BETA>
    </VegetationZoneParameters>
  </VegetationZone>
  <SubCatchment>
    <SubCatchmentParameters>
      <KSI>0.001</KSI>
      <KGmin>0.05</KGmin>
      <RangeKG>0.1</RangeKG>
      <AG>0.1</AG>
      <PERC>0.27111657094912162</PERC>
      <Alpha>0</Alpha>
      <UZL>137.94096510887053</UZL>
      <K0>0.30794516477877454</K0>
      <K1>0.10935838601430099</K1>
      <K2>0.010000011702044872</K2>
      <MAXBAS>1</MAXBAS>
      <Cet>0</Cet>
      <PCALT>10</PCALT>
      <TCALT>0.6</TCALT>
      <Pelev>3165</Pelev>
      <Telev>3224</Telev>
      <PART>0.5</PART>
      <DELAY>1</DELAY>
    </SubCatchmentParameters>
    <SubCatchmentVegetationZone>
      <SubCatchmentVegetationZoneParameters>
        <TT>-0.49603052720341834</TT>
        <CFMAX>2.7328249424108035</CFMAX>
        <SP>0</SP>
        <SFCF>0.981354704416059</SFCF>
        <CFR>0.0999998380242474</CFR>
        <CWH>0.19997431975461871</CWH>
        <CFGlacier>1</CFGlacier>
        <CFSlope>1</CFSlope>
        <FC>921.69244457639184</FC>
        <LP>0.85067959963767814</LP>
        <BETA>2.5297570989471767</BETA>
      </SubCatchmentVegetationZoneParameters>
    </SubCatchmentVegetationZone>
  </SubCatchment>
</Catchment>