<?xml version="1.0" encoding="utf-8"?>
<Catchment xmlns:xsi="http://www.w3.org/2001/XMLSchema-instance" xmlns:xsd="http://www.w3.org/2001/XMLSchema">
  <CatchmentParameters>
    <KSI>0.001</KSI>
    <KGmin>0.05</KGmin>
    <RangeKG>0.1</RangeKG>
    <AG>0.1</AG>
    <PERC>9.9999979850839242</PERC>
    <Alpha>0</Alpha>
    <UZL>111.47310202545557</UZL>
    <K0>0.54340286184034581</K0>
    <K1>0.7143782493329458</K1>
    <K2>0.11166081047861419</K2>
    <MAXBAS>1.0001308639568</MAXBAS>
    <Cet>0</Cet>
    <PCALT>10</PCALT>
    <TCALT>0.6</TCALT>
    <Pelev>3165</Pelev>
    <Telev>3224</Telev>
    <PART>0.5</PART>
    <DELAY>1</DELAY>
  </CatchmentParameters>
  <VegetationZone>
    <VegetationZoneParameters>
      <TT>-0.75600091769273436</TT>
      <CFMAX>1.567824089506781</CFMAX>
      <SP>0</SP>
      <SFCF>0.738445486882285</SFCF>
      <CFR>0.099999999747340071</CFR>
      <CWH>0.12413820390274467</CWH>
      <CFGlacier>1</CFGlacier>
      <CFSlope>1</CFSlope>
      <FC>412.42215966247915</FC>
      <LP>0.94453658326432166</LP>
      <BETA>5.9999686142088171</BETA>
    </VegetationZoneParameters>
  </VegetationZone>
  <SubCatchment>
    <SubCatchmentParameters>
      <KSI>0.001</KSI>
      <KGmin>0.05</KGmin>
      <RangeKG>0.1</RangeKG>
      <AG>0.1</AG>
      <PERC>9.9999979850839242</PERC>
      <Alpha>0</Alpha>
      <UZL>111.47310202545557</UZL>
      <K0>0.54340286184034581</K0>
      <K1>0.7143782493329458</K1>
      <K2>0.11166081047861419</K2>
      <MAXBAS>1.0001308639568</MAXBAS>
      <Cet>0</Cet>
      <PCALT>10</PCALT>
      <TCALT>0.6</TCALT>
      <Pelev>3165</Pelev>
      <Telev>3224</Telev>
      <PART>0.5</PART>
      <DELAY>1</DELAY>
    </SubCatchmentParameters>
    <SubCatchmentVegetationZone>
      <SubCatchmentVegetationZoneParameters>
        <TT>-0.75600091769273436</TT>
        <CFMAX>1.567824089506781</CFMAX>
        <SP>0</SP>
        <SFCF>0.738445486882285</SFCF>
        <CFR>0.099999999747340071</CFR>
        <CWH>0.12413820390274467</CWH>
        <CFGlacier>1</CFGlacier>
        <CFSlope>1</CFSlope>
        <FC>412.42215966247915</FC>
        <LP>0.94453658326432166</LP>
        <BETA>5.9999686142088171</BETA>
      </SubCatchmentVegetationZoneParameters>
    </SubCatchmentVegetationZone>
  </SubCatchment>
</Catchment>