<?xml version="1.0" encoding="utf-8"?>
<Catchment xmlns:xsi="http://www.w3.org/2001/XMLSchema-instance" xmlns:xsd="http://www.w3.org/2001/XMLSchema">
  <CatchmentParameters>
    <KSI>0.001</KSI>
    <KGmin>0.05</KGmin>
    <RangeKG>0.1</RangeKG>
    <AG>0.1</AG>
    <PERC>0.25326018870889844</PERC>
    <Alpha>0</Alpha>
    <UZL>156.88420608828002</UZL>
    <K0>0.533059153051384</K0>
    <K1>0.10952914521497384</K1>
    <K2>0.010001902566204368</K2>
    <MAXBAS>1</MAXBAS>
    <Cet>0</Cet>
    <PCALT>10</PCALT>
    <TCALT>0.6</TCALT>
    <Pelev>3165</Pelev>
    <Telev>3224</Telev>
    <PART>0.5</PART>
    <DELAY>1</DELAY>
  </CatchmentParameters>
  <VegetationZone>
    <VegetationZoneParameters>
      <TT>-1.0560070157853903</TT>
      <CFMAX>2.480544123384075</CFMAX>
      <SP>0</SP>
      <SFCF>1.0564921915028</SFCF>
      <CFR>0.099999806253079374</CFR>
      <CWH>0.19998811966264443</CWH>
      <CFGlacier>1</CFGlacier>
      <CFSlope>1</CFSlope>
      <FC>1038.1503695709487</FC>
      <LP>0.79258262695875659</LP>
      <BETA>2.6996934375388588</BETA>
    </VegetationZoneParameters>
  </VegetationZone>
  <SubCatchment>
    <SubCatchmentParameters>
      <KSI>0.001</KSI>
      <KGmin>0.05</KGmin>
      <RangeKG>0.1</RangeKG>
      <AG>0.1</AG>
      <PERC>0.25326018870889844</PERC>
      <Alpha>0</Alpha>
      <UZL>156.88420608828002</UZL>
      <K0>0.533059153051384</K0>
      <K1>0.10952914521497384</K1>
      <K2>0.010001902566204368</K2>
      <MAXBAS>1</MAXBAS>
      <Cet>0</Cet>
      <PCALT>10</PCALT>
      <TCALT>0.6</TCALT>
      <Pelev>3165</Pelev>
      <Telev>3224</Telev>
      <PART>0.5</PART>
      <DELAY>1</DELAY>
    </SubCatchmentParameters>
    <SubCatchmentVegetationZone>
      <SubCatchmentVegetationZoneParameters>
        <TT>-1.0560070157853903</TT>
        <CFMAX>2.480544123384075</CFMAX>
        <SP>0</SP>
        <SFCF>1.0564921915028</SFCF>
        <CFR>0.099999806253079374</CFR>
        <CWH>0.19998811966264443</CWH>
        <CFGlacier>1</CFGlacier>
        <CFSlope>1</CFSlope>
        <FC>1038.1503695709487</FC>
        <LP>0.79258262695875659</LP>
        <BETA>2.6996934375388588</BETA>
      </SubCatchmentVegetationZoneParameters>
    </SubCatchmentVegetationZone>
  </SubCatchment>
</Catchment>