<?xml version="1.0" encoding="utf-8"?>
<Catchment xmlns:xsi="http://www.w3.org/2001/XMLSchema-instance" xmlns:xsd="http://www.w3.org/2001/XMLSchema">
  <CatchmentParameters>
    <KSI>0.001</KSI>
    <KGmin>0.05</KGmin>
    <RangeKG>0.1</RangeKG>
    <AG>0.1</AG>
    <PERC>0.25834229590814228</PERC>
    <Alpha>0</Alpha>
    <UZL>148.51277562547233</UZL>
    <K0>0.42846138693013869</K0>
    <K1>0.11700693038312685</K1>
    <K2>0.010000029177067823</K2>
    <MAXBAS>1</MAXBAS>
    <Cet>0</Cet>
    <PCALT>10</PCALT>
    <TCALT>0.6</TCALT>
    <Pelev>3165</Pelev>
    <Telev>3224</Telev>
    <PART>0.5</PART>
    <DELAY>1</DELAY>
  </CatchmentParameters>
  <VegetationZone>
    <VegetationZoneParameters>
      <TT>0.0040032768732200007</TT>
      <CFMAX>3.7444308622721261</CFMAX>
      <SP>0</SP>
      <SFCF>1.1389110626231163</SFCF>
      <CFR>0.099999645935959322</CFR>
      <CWH>0.12291618994787332</CWH>
      <CFGlacier>1</CFGlacier>
      <CFSlope>1</CFSlope>
      <FC>1296.157411245727</FC>
      <LP>0.51277100053621627</LP>
      <BETA>1.6612855877485073</BETA>
    </VegetationZoneParameters>
  </VegetationZone>
  <SubCatchment>
    <SubCatchmentParameters>
      <KSI>0.001</KSI>
      <KGmin>0.05</KGmin>
      <RangeKG>0.1</RangeKG>
      <AG>0.1</AG>
      <PERC>0.25834229590814228</PERC>
      <Alpha>0</Alpha>
      <UZL>148.51277562547233</UZL>
      <K0>0.42846138693013869</K0>
      <K1>0.11700693038312685</K1>
      <K2>0.010000029177067823</K2>
      <MAXBAS>1</MAXBAS>
      <Cet>0</Cet>
      <PCALT>10</PCALT>
      <TCALT>0.6</TCALT>
      <Pelev>3165</Pelev>
      <Telev>3224</Telev>
      <PART>0.5</PART>
      <DELAY>1</DELAY>
    </SubCatchmentParameters>
    <SubCatchmentVegetationZone>
      <SubCatchmentVegetationZoneParameters>
        <TT>0.0040032768732200007</TT>
        <CFMAX>3.7444308622721261</CFMAX>
        <SP>0</SP>
        <SFCF>1.1389110626231163</SFCF>
        <CFR>0.099999645935959322</CFR>
        <CWH>0.12291618994787332</CWH>
        <CFGlacier>1</CFGlacier>
        <CFSlope>1</CFSlope>
        <FC>1296.157411245727</FC>
        <LP>0.51277100053621627</LP>
        <BETA>1.6612855877485073</BETA>
      </SubCatchmentVegetationZoneParameters>
    </SubCatchmentVegetationZone>
  </SubCatchment>
</Catchment>