<?xml version="1.0" encoding="utf-8"?>
<Catchment xmlns:xsi="http://www.w3.org/2001/XMLSchema-instance" xmlns:xsd="http://www.w3.org/2001/XMLSchema">
  <CatchmentParameters>
    <KSI>0.001</KSI>
    <KGmin>0.05</KGmin>
    <RangeKG>0.1</RangeKG>
    <AG>0.1</AG>
    <PERC>1.1042118387070585</PERC>
    <Alpha>0</Alpha>
    <UZL>180.42044857703482</UZL>
    <K0>0.58697024944851928</K0>
    <K1>0.11234898548172193</K1>
    <K2>0.06632231076579162</K2>
    <MAXBAS>1.0044312822238948</MAXBAS>
    <Cet>0</Cet>
    <PCALT>10</PCALT>
    <TCALT>0.6</TCALT>
    <Pelev>3165</Pelev>
    <Telev>3224</Telev>
    <PART>0.5</PART>
    <DELAY>1</DELAY>
  </CatchmentParameters>
  <VegetationZone>
    <VegetationZoneParameters>
      <TT>1.2664186712102821</TT>
      <CFMAX>3.9162440821694524</CFMAX>
      <SP>0</SP>
      <SFCF>0.81626221668879329</SFCF>
      <CFR>0.041669073941205649</CFR>
      <CWH>0.10000000002254936</CWH>
      <CFGlacier>1</CFGlacier>
      <CFSlope>1</CFSlope>
      <FC>514.04489427506462</FC>
      <LP>0.92789412581604591</LP>
      <BETA>2.8551237105082206</BETA>
    </VegetationZoneParameters>
  </VegetationZone>
  <SubCatchment>
    <SubCatchmentParameters>
      <KSI>0.001</KSI>
      <KGmin>0.05</KGmin>
      <RangeKG>0.1</RangeKG>
      <AG>0.1</AG>
      <PERC>1.1042118387070585</PERC>
      <Alpha>0</Alpha>
      <UZL>180.42044857703482</UZL>
      <K0>0.58697024944851928</K0>
      <K1>0.11234898548172193</K1>
      <K2>0.06632231076579162</K2>
      <MAXBAS>1.0044312822238948</MAXBAS>
      <Cet>0</Cet>
      <PCALT>10</PCALT>
      <TCALT>0.6</TCALT>
      <Pelev>3165</Pelev>
      <Telev>3224</Telev>
      <PART>0.5</PART>
      <DELAY>1</DELAY>
    </SubCatchmentParameters>
    <SubCatchmentVegetationZone>
      <SubCatchmentVegetationZoneParameters>
        <TT>1.2664186712102821</TT>
        <CFMAX>3.9162440821694524</CFMAX>
        <SP>0</SP>
        <SFCF>0.81626221668879329</SFCF>
        <CFR>0.041669073941205649</CFR>
        <CWH>0.10000000002254936</CWH>
        <CFGlacier>1</CFGlacier>
        <CFSlope>1</CFSlope>
        <FC>514.04489427506462</FC>
        <LP>0.92789412581604591</LP>
        <BETA>2.8551237105082206</BETA>
      </SubCatchmentVegetationZoneParameters>
    </SubCatchmentVegetationZone>
  </SubCatchment>
</Catchment>