<?xml version="1.0" encoding="utf-8"?>
<Catchment xmlns:xsi="http://www.w3.org/2001/XMLSchema-instance" xmlns:xsd="http://www.w3.org/2001/XMLSchema">
  <CatchmentParameters>
    <KSI>0.001</KSI>
    <KGmin>0.05</KGmin>
    <RangeKG>0.1</RangeKG>
    <AG>0.1</AG>
    <PERC>9.999969301066777</PERC>
    <Alpha>0</Alpha>
    <UZL>125.21367078374978</UZL>
    <K0>0.906393717663555</K0>
    <K1>0.14471636905827515</K1>
    <K2>0.095112533938448929</K2>
    <MAXBAS>1.0005136283233111</MAXBAS>
    <Cet>0</Cet>
    <PCALT>10</PCALT>
    <TCALT>0.6</TCALT>
    <Pelev>3165</Pelev>
    <Telev>3224</Telev>
    <PART>0.5</PART>
    <DELAY>1</DELAY>
  </CatchmentParameters>
  <VegetationZone>
    <VegetationZoneParameters>
      <TT>-0.75600085120169236</TT>
      <CFMAX>1.8997757725888544</CFMAX>
      <SP>0</SP>
      <SFCF>0.78462416336619722</SFCF>
      <CFR>0.099999540876643311</CFR>
      <CWH>0.1999947306594633</CWH>
      <CFGlacier>1</CFGlacier>
      <CFSlope>1</CFSlope>
      <FC>395.9138833157931</FC>
      <LP>0.78553674991096523</LP>
      <BETA>5.5076950966321521</BETA>
    </VegetationZoneParameters>
  </VegetationZone>
  <SubCatchment>
    <SubCatchmentParameters>
      <KSI>0.001</KSI>
      <KGmin>0.05</KGmin>
      <RangeKG>0.1</RangeKG>
      <AG>0.1</AG>
      <PERC>9.999969301066777</PERC>
      <Alpha>0</Alpha>
      <UZL>125.21367078374978</UZL>
      <K0>0.906393717663555</K0>
      <K1>0.14471636905827515</K1>
      <K2>0.095112533938448929</K2>
      <MAXBAS>1.0005136283233111</MAXBAS>
      <Cet>0</Cet>
      <PCALT>10</PCALT>
      <TCALT>0.6</TCALT>
      <Pelev>3165</Pelev>
      <Telev>3224</Telev>
      <PART>0.5</PART>
      <DELAY>1</DELAY>
    </SubCatchmentParameters>
    <SubCatchmentVegetationZone>
      <SubCatchmentVegetationZoneParameters>
        <TT>-0.75600085120169236</TT>
        <CFMAX>1.8997757725888544</CFMAX>
        <SP>0</SP>
        <SFCF>0.78462416336619722</SFCF>
        <CFR>0.099999540876643311</CFR>
        <CWH>0.1999947306594633</CWH>
        <CFGlacier>1</CFGlacier>
        <CFSlope>1</CFSlope>
        <FC>395.9138833157931</FC>
        <LP>0.78553674991096523</LP>
        <BETA>5.5076950966321521</BETA>
      </SubCatchmentVegetationZoneParameters>
    </SubCatchmentVegetationZone>
  </SubCatchment>
</Catchment>