<?xml version="1.0" encoding="utf-8"?>
<Catchment xmlns:xsi="http://www.w3.org/2001/XMLSchema-instance" xmlns:xsd="http://www.w3.org/2001/XMLSchema">
  <CatchmentParameters>
    <KSI>0.001</KSI>
    <KGmin>0.05</KGmin>
    <RangeKG>0.1</RangeKG>
    <AG>0.1</AG>
    <PERC>0.2577649480994389</PERC>
    <Alpha>0</Alpha>
    <UZL>170.9095871772839</UZL>
    <K0>0.23192026741913432</K0>
    <K1>0.11604612106599675</K1>
    <K2>0.010000020124792139</K2>
    <MAXBAS>1</MAXBAS>
    <Cet>0</Cet>
    <PCALT>10</PCALT>
    <TCALT>0.6</TCALT>
    <Pelev>3165</Pelev>
    <Telev>3224</Telev>
    <PART>0.5</PART>
    <DELAY>1</DELAY>
  </CatchmentParameters>
  <VegetationZone>
    <VegetationZoneParameters>
      <TT>-1.1765288691311762</TT>
      <CFMAX>2.3048906543379495</CFMAX>
      <SP>0</SP>
      <SFCF>1.04183739432282</SFCF>
      <CFR>0.0999995113468514</CFR>
      <CWH>0.19999922877332624</CWH>
      <CFGlacier>1</CFGlacier>
      <CFSlope>1</CFSlope>
      <FC>886.49753417897864</FC>
      <LP>0.66615589084361382</LP>
      <BETA>2.0267394950702577</BETA>
    </VegetationZoneParameters>
  </VegetationZone>
  <SubCatchment>
    <SubCatchmentParameters>
      <KSI>0.001</KSI>
      <KGmin>0.05</KGmin>
      <RangeKG>0.1</RangeKG>
      <AG>0.1</AG>
      <PERC>0.2577649480994389</PERC>
      <Alpha>0</Alpha>
      <UZL>170.9095871772839</UZL>
      <K0>0.23192026741913432</K0>
      <K1>0.11604612106599675</K1>
      <K2>0.010000020124792139</K2>
      <MAXBAS>1</MAXBAS>
      <Cet>0</Cet>
      <PCALT>10</PCALT>
      <TCALT>0.6</TCALT>
      <Pelev>3165</Pelev>
      <Telev>3224</Telev>
      <PART>0.5</PART>
      <DELAY>1</DELAY>
    </SubCatchmentParameters>
    <SubCatchmentVegetationZone>
      <SubCatchmentVegetationZoneParameters>
        <TT>-1.1765288691311762</TT>
        <CFMAX>2.3048906543379495</CFMAX>
        <SP>0</SP>
        <SFCF>1.04183739432282</SFCF>
        <CFR>0.0999995113468514</CFR>
        <CWH>0.19999922877332624</CWH>
        <CFGlacier>1</CFGlacier>
        <CFSlope>1</CFSlope>
        <FC>886.49753417897864</FC>
        <LP>0.66615589084361382</LP>
        <BETA>2.0267394950702577</BETA>
      </SubCatchmentVegetationZoneParameters>
    </SubCatchmentVegetationZone>
  </SubCatchment>
</Catchment>