<?xml version="1.0" encoding="utf-8"?>
<Catchment xmlns:xsi="http://www.w3.org/2001/XMLSchema-instance" xmlns:xsd="http://www.w3.org/2001/XMLSchema">
  <CatchmentParameters>
    <KSI>0.001</KSI>
    <KGmin>0.05</KGmin>
    <RangeKG>0.1</RangeKG>
    <AG>0.1</AG>
    <PERC>0.28189826288541875</PERC>
    <Alpha>0</Alpha>
    <UZL>163.71366823036505</UZL>
    <K0>0.28981231646111305</K0>
    <K1>0.10796240839050365</K1>
    <K2>0.01223886095339085</K2>
    <MAXBAS>1</MAXBAS>
    <Cet>0</Cet>
    <PCALT>10</PCALT>
    <TCALT>0.6</TCALT>
    <Pelev>3165</Pelev>
    <Telev>3224</Telev>
    <PART>0.5</PART>
    <DELAY>1</DELAY>
  </CatchmentParameters>
  <VegetationZone>
    <VegetationZoneParameters>
      <TT>-1.1560033916032089</TT>
      <CFMAX>2.9744583892193153</CFMAX>
      <SP>0</SP>
      <SFCF>1.25521678802813</SFCF>
      <CFR>0.099999133343282309</CFR>
      <CWH>0.1027733093338904</CWH>
      <CFGlacier>1</CFGlacier>
      <CFSlope>1</CFSlope>
      <FC>1539.296046199584</FC>
      <LP>0.68614782560605792</LP>
      <BETA>3.4050252247514377</BETA>
    </VegetationZoneParameters>
  </VegetationZone>
  <SubCatchment>
    <SubCatchmentParameters>
      <KSI>0.001</KSI>
      <KGmin>0.05</KGmin>
      <RangeKG>0.1</RangeKG>
      <AG>0.1</AG>
      <PERC>0.28189826288541875</PERC>
      <Alpha>0</Alpha>
      <UZL>163.71366823036505</UZL>
      <K0>0.28981231646111305</K0>
      <K1>0.10796240839050365</K1>
      <K2>0.01223886095339085</K2>
      <MAXBAS>1</MAXBAS>
      <Cet>0</Cet>
      <PCALT>10</PCALT>
      <TCALT>0.6</TCALT>
      <Pelev>3165</Pelev>
      <Telev>3224</Telev>
      <PART>0.5</PART>
      <DELAY>1</DELAY>
    </SubCatchmentParameters>
    <SubCatchmentVegetationZone>
      <SubCatchmentVegetationZoneParameters>
        <TT>-1.1560033916032089</TT>
        <CFMAX>2.9744583892193153</CFMAX>
        <SP>0</SP>
        <SFCF>1.25521678802813</SFCF>
        <CFR>0.099999133343282309</CFR>
        <CWH>0.1027733093338904</CWH>
        <CFGlacier>1</CFGlacier>
        <CFSlope>1</CFSlope>
        <FC>1539.296046199584</FC>
        <LP>0.68614782560605792</LP>
        <BETA>3.4050252247514377</BETA>
      </SubCatchmentVegetationZoneParameters>
    </SubCatchmentVegetationZone>
  </SubCatchment>
</Catchment>