<?xml version="1.0" encoding="utf-8"?>
<Catchment xmlns:xsi="http://www.w3.org/2001/XMLSchema-instance" xmlns:xsd="http://www.w3.org/2001/XMLSchema">
  <CatchmentParameters>
    <KSI>0.001</KSI>
    <KGmin>0.05</KGmin>
    <RangeKG>0.1</RangeKG>
    <AG>0.1</AG>
    <PERC>8.1403874451698819</PERC>
    <Alpha>0</Alpha>
    <UZL>118.10968106633351</UZL>
    <K0>0.53908397555422793</K0>
    <K1>0.10737933492126402</K1>
    <K2>0.12267740097248775</K2>
    <MAXBAS>1.0000401396801171</MAXBAS>
    <Cet>0</Cet>
    <PCALT>10</PCALT>
    <TCALT>0.6</TCALT>
    <Pelev>3165</Pelev>
    <Telev>3224</Telev>
    <PART>0.5</PART>
    <DELAY>1</DELAY>
  </CatchmentParameters>
  <VegetationZone>
    <VegetationZoneParameters>
      <TT>1.8477895476330206</TT>
      <CFMAX>2.9606322626688124</CFMAX>
      <SP>0</SP>
      <SFCF>0.58534342404214568</SFCF>
      <CFR>0.030414413144027892</CFR>
      <CWH>0.10647788241632908</CWH>
      <CFGlacier>1</CFGlacier>
      <CFSlope>1</CFSlope>
      <FC>212.41712396042507</FC>
      <LP>0.99999682510497889</LP>
      <BETA>3.9939069332184265</BETA>
    </VegetationZoneParameters>
  </VegetationZone>
  <SubCatchment>
    <SubCatchmentParameters>
      <KSI>0.001</KSI>
      <KGmin>0.05</KGmin>
      <RangeKG>0.1</RangeKG>
      <AG>0.1</AG>
      <PERC>8.1403874451698819</PERC>
      <Alpha>0</Alpha>
      <UZL>118.10968106633351</UZL>
      <K0>0.53908397555422793</K0>
      <K1>0.10737933492126402</K1>
      <K2>0.12267740097248775</K2>
      <MAXBAS>1.0000401396801171</MAXBAS>
      <Cet>0</Cet>
      <PCALT>10</PCALT>
      <TCALT>0.6</TCALT>
      <Pelev>3165</Pelev>
      <Telev>3224</Telev>
      <PART>0.5</PART>
      <DELAY>1</DELAY>
    </SubCatchmentParameters>
    <SubCatchmentVegetationZone>
      <SubCatchmentVegetationZoneParameters>
        <TT>1.8477895476330206</TT>
        <CFMAX>2.9606322626688124</CFMAX>
        <SP>0</SP>
        <SFCF>0.58534342404214568</SFCF>
        <CFR>0.030414413144027892</CFR>
        <CWH>0.10647788241632908</CWH>
        <CFGlacier>1</CFGlacier>
        <CFSlope>1</CFSlope>
        <FC>212.41712396042507</FC>
        <LP>0.99999682510497889</LP>
        <BETA>3.9939069332184265</BETA>
      </SubCatchmentVegetationZoneParameters>
    </SubCatchmentVegetationZone>
  </SubCatchment>
</Catchment>