<?xml version="1.0" encoding="utf-8"?>
<Catchment xmlns:xsi="http://www.w3.org/2001/XMLSchema-instance" xmlns:xsd="http://www.w3.org/2001/XMLSchema">
  <CatchmentParameters>
    <KSI>0.001</KSI>
    <KGmin>0.05</KGmin>
    <RangeKG>0.1</RangeKG>
    <AG>0.1</AG>
    <PERC>9.99998219294859</PERC>
    <Alpha>0</Alpha>
    <UZL>169.36739384895739</UZL>
    <K0>0.24694393316650573</K0>
    <K1>0.14026043881485656</K1>
    <K2>0.094049652581631893</K2>
    <MAXBAS>1.0000002227652991</MAXBAS>
    <Cet>0</Cet>
    <PCALT>10</PCALT>
    <TCALT>0.6</TCALT>
    <Pelev>3165</Pelev>
    <Telev>3224</Telev>
    <PART>0.5</PART>
    <DELAY>1</DELAY>
  </CatchmentParameters>
  <VegetationZone>
    <VegetationZoneParameters>
      <TT>-0.49600396494163396</TT>
      <CFMAX>2.1015761521616665</CFMAX>
      <SP>0</SP>
      <SFCF>0.79452376993410712</SFCF>
      <CFR>0.099999870786170522</CFR>
      <CWH>0.1347682865758108</CWH>
      <CFGlacier>1</CFGlacier>
      <CFSlope>1</CFSlope>
      <FC>463.46095535639694</FC>
      <LP>0.91237417230693</LP>
      <BETA>5.8102776240418708</BETA>
    </VegetationZoneParameters>
  </VegetationZone>
  <SubCatchment>
    <SubCatchmentParameters>
      <KSI>0.001</KSI>
      <KGmin>0.05</KGmin>
      <RangeKG>0.1</RangeKG>
      <AG>0.1</AG>
      <PERC>9.99998219294859</PERC>
      <Alpha>0</Alpha>
      <UZL>169.36739384895739</UZL>
      <K0>0.24694393316650573</K0>
      <K1>0.14026043881485656</K1>
      <K2>0.094049652581631893</K2>
      <MAXBAS>1.0000002227652991</MAXBAS>
      <Cet>0</Cet>
      <PCALT>10</PCALT>
      <TCALT>0.6</TCALT>
      <Pelev>3165</Pelev>
      <Telev>3224</Telev>
      <PART>0.5</PART>
      <DELAY>1</DELAY>
    </SubCatchmentParameters>
    <SubCatchmentVegetationZone>
      <SubCatchmentVegetationZoneParameters>
        <TT>-0.49600396494163396</TT>
        <CFMAX>2.1015761521616665</CFMAX>
        <SP>0</SP>
        <SFCF>0.79452376993410712</SFCF>
        <CFR>0.099999870786170522</CFR>
        <CWH>0.1347682865758108</CWH>
        <CFGlacier>1</CFGlacier>
        <CFSlope>1</CFSlope>
        <FC>463.46095535639694</FC>
        <LP>0.91237417230693</LP>
        <BETA>5.8102776240418708</BETA>
      </SubCatchmentVegetationZoneParameters>
    </SubCatchmentVegetationZone>
  </SubCatchment>
</Catchment>