<?xml version="1.0" encoding="utf-8"?>
<Catchment xmlns:xsi="http://www.w3.org/2001/XMLSchema-instance" xmlns:xsd="http://www.w3.org/2001/XMLSchema">
  <CatchmentParameters>
    <KSI>0.001</KSI>
    <KGmin>0.05</KGmin>
    <RangeKG>0.1</RangeKG>
    <AG>0.1</AG>
    <PERC>0.41037912341634164</PERC>
    <Alpha>0</Alpha>
    <UZL>154.78290036194906</UZL>
    <K0>0.060137330636084556</K0>
    <K1>0.10872969579925541</K1>
    <K2>0.020000012414891747</K2>
    <MAXBAS>1.0000871653129257</MAXBAS>
    <Cet>0</Cet>
    <PCALT>10</PCALT>
    <TCALT>0.6</TCALT>
    <Pelev>3165</Pelev>
    <Telev>3224</Telev>
    <PART>0.5</PART>
    <DELAY>1</DELAY>
  </CatchmentParameters>
  <VegetationZone>
    <VegetationZoneParameters>
      <TT>0.71831567465878876</TT>
      <CFMAX>2.9814024058328963</CFMAX>
      <SP>0</SP>
      <SFCF>0.755001009093681</SFCF>
      <CFR>0.070222689342979552</CFR>
      <CWH>0.10000001331746766</CWH>
      <CFGlacier>1</CFGlacier>
      <CFSlope>1</CFSlope>
      <FC>384.410539876531</FC>
      <LP>0.95427318861484633</LP>
      <BETA>3.7248692535985821</BETA>
    </VegetationZoneParameters>
  </VegetationZone>
  <SubCatchment>
    <SubCatchmentParameters>
      <KSI>0.001</KSI>
      <KGmin>0.05</KGmin>
      <RangeKG>0.1</RangeKG>
      <AG>0.1</AG>
      <PERC>0.41037912341634164</PERC>
      <Alpha>0</Alpha>
      <UZL>154.78290036194906</UZL>
      <K0>0.060137330636084556</K0>
      <K1>0.10872969579925541</K1>
      <K2>0.020000012414891747</K2>
      <MAXBAS>1.0000871653129257</MAXBAS>
      <Cet>0</Cet>
      <PCALT>10</PCALT>
      <TCALT>0.6</TCALT>
      <Pelev>3165</Pelev>
      <Telev>3224</Telev>
      <PART>0.5</PART>
      <DELAY>1</DELAY>
    </SubCatchmentParameters>
    <SubCatchmentVegetationZone>
      <SubCatchmentVegetationZoneParameters>
        <TT>0.71831567465878876</TT>
        <CFMAX>2.9814024058328963</CFMAX>
        <SP>0</SP>
        <SFCF>0.755001009093681</SFCF>
        <CFR>0.070222689342979552</CFR>
        <CWH>0.10000001331746766</CWH>
        <CFGlacier>1</CFGlacier>
        <CFSlope>1</CFSlope>
        <FC>384.410539876531</FC>
        <LP>0.95427318861484633</LP>
        <BETA>3.7248692535985821</BETA>
      </SubCatchmentVegetationZoneParameters>
    </SubCatchmentVegetationZone>
  </SubCatchment>
</Catchment>