<?xml version="1.0" encoding="utf-8"?>
<Catchment xmlns:xsi="http://www.w3.org/2001/XMLSchema-instance" xmlns:xsd="http://www.w3.org/2001/XMLSchema">
  <CatchmentParameters>
    <KSI>0.001</KSI>
    <KGmin>0.05</KGmin>
    <RangeKG>0.1</RangeKG>
    <AG>0.1</AG>
    <PERC>0.26664620717745408</PERC>
    <Alpha>0</Alpha>
    <UZL>144.075802716254</UZL>
    <K0>0.3257325907368705</K0>
    <K1>0.10693194403295757</K1>
    <K2>0.010000000538626592</K2>
    <MAXBAS>1</MAXBAS>
    <Cet>0</Cet>
    <PCALT>10</PCALT>
    <TCALT>0.6</TCALT>
    <Pelev>3165</Pelev>
    <Telev>3224</Telev>
    <PART>0.5</PART>
    <DELAY>1</DELAY>
  </CatchmentParameters>
  <VegetationZone>
    <VegetationZoneParameters>
      <TT>-0.95600031898385363</TT>
      <CFMAX>2.587111292383597</CFMAX>
      <SP>0</SP>
      <SFCF>1.0666571555320172</SFCF>
      <CFR>0.099999011860981368</CFR>
      <CWH>0.10039760989256057</CWH>
      <CFGlacier>1</CFGlacier>
      <CFSlope>1</CFSlope>
      <FC>1255.2789064782933</FC>
      <LP>0.92822955632068382</LP>
      <BETA>4.1577948346515843</BETA>
    </VegetationZoneParameters>
  </VegetationZone>
  <SubCatchment>
    <SubCatchmentParameters>
      <KSI>0.001</KSI>
      <KGmin>0.05</KGmin>
      <RangeKG>0.1</RangeKG>
      <AG>0.1</AG>
      <PERC>0.26664620717745408</PERC>
      <Alpha>0</Alpha>
      <UZL>144.075802716254</UZL>
      <K0>0.3257325907368705</K0>
      <K1>0.10693194403295757</K1>
      <K2>0.010000000538626592</K2>
      <MAXBAS>1</MAXBAS>
      <Cet>0</Cet>
      <PCALT>10</PCALT>
      <TCALT>0.6</TCALT>
      <Pelev>3165</Pelev>
      <Telev>3224</Telev>
      <PART>0.5</PART>
      <DELAY>1</DELAY>
    </SubCatchmentParameters>
    <SubCatchmentVegetationZone>
      <SubCatchmentVegetationZoneParameters>
        <TT>-0.95600031898385363</TT>
        <CFMAX>2.587111292383597</CFMAX>
        <SP>0</SP>
        <SFCF>1.0666571555320172</SFCF>
        <CFR>0.099999011860981368</CFR>
        <CWH>0.10039760989256057</CWH>
        <CFGlacier>1</CFGlacier>
        <CFSlope>1</CFSlope>
        <FC>1255.2789064782933</FC>
        <LP>0.92822955632068382</LP>
        <BETA>4.1577948346515843</BETA>
      </SubCatchmentVegetationZoneParameters>
    </SubCatchmentVegetationZone>
  </SubCatchment>
</Catchment>