<?xml version="1.0" encoding="utf-8"?>
<Catchment xmlns:xsi="http://www.w3.org/2001/XMLSchema-instance" xmlns:xsd="http://www.w3.org/2001/XMLSchema">
  <CatchmentParameters>
    <KSI>0.001</KSI>
    <KGmin>0.05</KGmin>
    <RangeKG>0.1</RangeKG>
    <AG>0.1</AG>
    <PERC>9.999905093410062</PERC>
    <Alpha>0</Alpha>
    <UZL>188.05127503965079</UZL>
    <K0>0.50258460589604026</K0>
    <K1>0.14756362090667813</K1>
    <K2>0.096763134569986531</K2>
    <MAXBAS>1.0001075131807453</MAXBAS>
    <Cet>0</Cet>
    <PCALT>10</PCALT>
    <TCALT>0.6</TCALT>
    <Pelev>3165</Pelev>
    <Telev>3224</Telev>
    <PART>0.5</PART>
    <DELAY>1</DELAY>
  </CatchmentParameters>
  <VegetationZone>
    <VegetationZoneParameters>
      <TT>-0.75600649428364519</TT>
      <CFMAX>1.9998699793352197</CFMAX>
      <SP>0</SP>
      <SFCF>0.82992532802036345</SFCF>
      <CFR>0.0999999981263069</CFR>
      <CWH>0.11877904207817684</CWH>
      <CFGlacier>1</CFGlacier>
      <CFSlope>1</CFSlope>
      <FC>486.62048698736731</FC>
      <LP>0.8592491015921575</LP>
      <BETA>5.9997629231981531</BETA>
    </VegetationZoneParameters>
  </VegetationZone>
  <SubCatchment>
    <SubCatchmentParameters>
      <KSI>0.001</KSI>
      <KGmin>0.05</KGmin>
      <RangeKG>0.1</RangeKG>
      <AG>0.1</AG>
      <PERC>9.999905093410062</PERC>
      <Alpha>0</Alpha>
      <UZL>188.05127503965079</UZL>
      <K0>0.50258460589604026</K0>
      <K1>0.14756362090667813</K1>
      <K2>0.096763134569986531</K2>
      <MAXBAS>1.0001075131807453</MAXBAS>
      <Cet>0</Cet>
      <PCALT>10</PCALT>
      <TCALT>0.6</TCALT>
      <Pelev>3165</Pelev>
      <Telev>3224</Telev>
      <PART>0.5</PART>
      <DELAY>1</DELAY>
    </SubCatchmentParameters>
    <SubCatchmentVegetationZone>
      <SubCatchmentVegetationZoneParameters>
        <TT>-0.75600649428364519</TT>
        <CFMAX>1.9998699793352197</CFMAX>
        <SP>0</SP>
        <SFCF>0.82992532802036345</SFCF>
        <CFR>0.0999999981263069</CFR>
        <CWH>0.11877904207817684</CWH>
        <CFGlacier>1</CFGlacier>
        <CFSlope>1</CFSlope>
        <FC>486.62048698736731</FC>
        <LP>0.8592491015921575</LP>
        <BETA>5.9997629231981531</BETA>
      </SubCatchmentVegetationZoneParameters>
    </SubCatchmentVegetationZone>
  </SubCatchment>
</Catchment>