<?xml version="1.0" encoding="utf-8"?>
<Catchment xmlns:xsi="http://www.w3.org/2001/XMLSchema-instance" xmlns:xsd="http://www.w3.org/2001/XMLSchema">
  <CatchmentParameters>
    <KSI>0.001</KSI>
    <KGmin>0.05</KGmin>
    <RangeKG>0.1</RangeKG>
    <AG>0.1</AG>
    <PERC>0.26595797060023563</PERC>
    <Alpha>0</Alpha>
    <UZL>165.36534482985269</UZL>
    <K0>0.40228896275188736</K0>
    <K1>0.12064208795822294</K1>
    <K2>0.010000000052262889</K2>
    <MAXBAS>1</MAXBAS>
    <Cet>0</Cet>
    <PCALT>10</PCALT>
    <TCALT>0.6</TCALT>
    <Pelev>3165</Pelev>
    <Telev>3224</Telev>
    <PART>0.5</PART>
    <DELAY>1</DELAY>
  </CatchmentParameters>
  <VegetationZone>
    <VegetationZoneParameters>
      <TT>-0.96734080934467348</TT>
      <CFMAX>2.4995020826751433</CFMAX>
      <SP>0</SP>
      <SFCF>1.0711130902761441</SFCF>
      <CFR>0.0999996034201268</CFR>
      <CWH>0.17719529832172457</CWH>
      <CFGlacier>1</CFGlacier>
      <CFSlope>1</CFSlope>
      <FC>1068.5542132508035</FC>
      <LP>0.76430591618230292</LP>
      <BETA>2.6467561447982138</BETA>
    </VegetationZoneParameters>
  </VegetationZone>
  <SubCatchment>
    <SubCatchmentParameters>
      <KSI>0.001</KSI>
      <KGmin>0.05</KGmin>
      <RangeKG>0.1</RangeKG>
      <AG>0.1</AG>
      <PERC>0.26595797060023563</PERC>
      <Alpha>0</Alpha>
      <UZL>165.36534482985269</UZL>
      <K0>0.40228896275188736</K0>
      <K1>0.12064208795822294</K1>
      <K2>0.010000000052262889</K2>
      <MAXBAS>1</MAXBAS>
      <Cet>0</Cet>
      <PCALT>10</PCALT>
      <TCALT>0.6</TCALT>
      <Pelev>3165</Pelev>
      <Telev>3224</Telev>
      <PART>0.5</PART>
      <DELAY>1</DELAY>
    </SubCatchmentParameters>
    <SubCatchmentVegetationZone>
      <SubCatchmentVegetationZoneParameters>
        <TT>-0.96734080934467348</TT>
        <CFMAX>2.4995020826751433</CFMAX>
        <SP>0</SP>
        <SFCF>1.0711130902761441</SFCF>
        <CFR>0.0999996034201268</CFR>
        <CWH>0.17719529832172457</CWH>
        <CFGlacier>1</CFGlacier>
        <CFSlope>1</CFSlope>
        <FC>1068.5542132508035</FC>
        <LP>0.76430591618230292</LP>
        <BETA>2.6467561447982138</BETA>
      </SubCatchmentVegetationZoneParameters>
    </SubCatchmentVegetationZone>
  </SubCatchment>
</Catchment>