<?xml version="1.0" encoding="utf-8"?>
<Catchment xmlns:xsi="http://www.w3.org/2001/XMLSchema-instance" xmlns:xsd="http://www.w3.org/2001/XMLSchema">
  <CatchmentParameters>
    <KSI>0.001</KSI>
    <KGmin>0.05</KGmin>
    <RangeKG>0.1</RangeKG>
    <AG>0.1</AG>
    <PERC>9.99994100146842</PERC>
    <Alpha>0</Alpha>
    <UZL>126.36960017898392</UZL>
    <K0>0.37824228041999208</K0>
    <K1>0.11543917799170682</K1>
    <K2>0.10574447019038272</K2>
    <MAXBAS>1.0000201792094183</MAXBAS>
    <Cet>0</Cet>
    <PCALT>10</PCALT>
    <TCALT>0.6</TCALT>
    <Pelev>3165</Pelev>
    <Telev>3224</Telev>
    <PART>0.5</PART>
    <DELAY>1</DELAY>
  </CatchmentParameters>
  <VegetationZone>
    <VegetationZoneParameters>
      <TT>0.60062905920645138</TT>
      <CFMAX>2.6111723237904343</CFMAX>
      <SP>0</SP>
      <SFCF>0.71678662675658777</SFCF>
      <CFR>0.078786990884306782</CFR>
      <CWH>0.10000004957697005</CWH>
      <CFGlacier>1</CFGlacier>
      <CFSlope>1</CFSlope>
      <FC>367.81592737185605</FC>
      <LP>0.999992850226468</LP>
      <BETA>4.5980990104042139</BETA>
    </VegetationZoneParameters>
  </VegetationZone>
  <SubCatchment>
    <SubCatchmentParameters>
      <KSI>0.001</KSI>
      <KGmin>0.05</KGmin>
      <RangeKG>0.1</RangeKG>
      <AG>0.1</AG>
      <PERC>9.99994100146842</PERC>
      <Alpha>0</Alpha>
      <UZL>126.36960017898392</UZL>
      <K0>0.37824228041999208</K0>
      <K1>0.11543917799170682</K1>
      <K2>0.10574447019038272</K2>
      <MAXBAS>1.0000201792094183</MAXBAS>
      <Cet>0</Cet>
      <PCALT>10</PCALT>
      <TCALT>0.6</TCALT>
      <Pelev>3165</Pelev>
      <Telev>3224</Telev>
      <PART>0.5</PART>
      <DELAY>1</DELAY>
    </SubCatchmentParameters>
    <SubCatchmentVegetationZone>
      <SubCatchmentVegetationZoneParameters>
        <TT>0.60062905920645138</TT>
        <CFMAX>2.6111723237904343</CFMAX>
        <SP>0</SP>
        <SFCF>0.71678662675658777</SFCF>
        <CFR>0.078786990884306782</CFR>
        <CWH>0.10000004957697005</CWH>
        <CFGlacier>1</CFGlacier>
        <CFSlope>1</CFSlope>
        <FC>367.81592737185605</FC>
        <LP>0.999992850226468</LP>
        <BETA>4.5980990104042139</BETA>
      </SubCatchmentVegetationZoneParameters>
    </SubCatchmentVegetationZone>
  </SubCatchment>
</Catchment>