<?xml version="1.0" encoding="utf-8"?>
<Catchment xmlns:xsi="http://www.w3.org/2001/XMLSchema-instance" xmlns:xsd="http://www.w3.org/2001/XMLSchema">
  <CatchmentParameters>
    <KSI>0.001</KSI>
    <KGmin>0.05</KGmin>
    <RangeKG>0.1</RangeKG>
    <AG>0.1</AG>
    <PERC>6.0031960700312252</PERC>
    <Alpha>0</Alpha>
    <UZL>199.60514050675764</UZL>
    <K0>0.050087159779133361</K0>
    <K1>0.086762220061246162</K1>
    <K2>0.12371059002005336</K2>
    <MAXBAS>1.0005517335492307</MAXBAS>
    <Cet>0</Cet>
    <PCALT>10</PCALT>
    <TCALT>0.6</TCALT>
    <Pelev>3165</Pelev>
    <Telev>3224</Telev>
    <PART>0.5</PART>
    <DELAY>1</DELAY>
  </CatchmentParameters>
  <VegetationZone>
    <VegetationZoneParameters>
      <TT>0.20399646168180094</TT>
      <CFMAX>2.7692605371131562</CFMAX>
      <SP>0</SP>
      <SFCF>0.79432566796269466</SFCF>
      <CFR>0.099999808351542027</CFR>
      <CWH>0.10000027066323976</CWH>
      <CFGlacier>1</CFGlacier>
      <CFSlope>1</CFSlope>
      <FC>435.98599821947192</FC>
      <LP>0.85538191884898174</LP>
      <BETA>4.423738474420996</BETA>
    </VegetationZoneParameters>
  </VegetationZone>
  <SubCatchment>
    <SubCatchmentParameters>
      <KSI>0.001</KSI>
      <KGmin>0.05</KGmin>
      <RangeKG>0.1</RangeKG>
      <AG>0.1</AG>
      <PERC>6.0031960700312252</PERC>
      <Alpha>0</Alpha>
      <UZL>199.60514050675764</UZL>
      <K0>0.050087159779133361</K0>
      <K1>0.086762220061246162</K1>
      <K2>0.12371059002005336</K2>
      <MAXBAS>1.0005517335492307</MAXBAS>
      <Cet>0</Cet>
      <PCALT>10</PCALT>
      <TCALT>0.6</TCALT>
      <Pelev>3165</Pelev>
      <Telev>3224</Telev>
      <PART>0.5</PART>
      <DELAY>1</DELAY>
    </SubCatchmentParameters>
    <SubCatchmentVegetationZone>
      <SubCatchmentVegetationZoneParameters>
        <TT>0.20399646168180094</TT>
        <CFMAX>2.7692605371131562</CFMAX>
        <SP>0</SP>
        <SFCF>0.79432566796269466</SFCF>
        <CFR>0.099999808351542027</CFR>
        <CWH>0.10000027066323976</CWH>
        <CFGlacier>1</CFGlacier>
        <CFSlope>1</CFSlope>
        <FC>435.98599821947192</FC>
        <LP>0.85538191884898174</LP>
        <BETA>4.423738474420996</BETA>
      </SubCatchmentVegetationZoneParameters>
    </SubCatchmentVegetationZone>
  </SubCatchment>
</Catchment>