<?xml version="1.0" encoding="utf-8"?>
<Catchment xmlns:xsi="http://www.w3.org/2001/XMLSchema-instance" xmlns:xsd="http://www.w3.org/2001/XMLSchema">
  <CatchmentParameters>
    <KSI>0.001</KSI>
    <KGmin>0.05</KGmin>
    <RangeKG>0.1</RangeKG>
    <AG>0.1</AG>
    <PERC>0.2690101970683218</PERC>
    <Alpha>0</Alpha>
    <UZL>136.82502413562278</UZL>
    <K0>0.40559035617233136</K0>
    <K1>0.10744996266608506</K1>
    <K2>0.010004677899093647</K2>
    <MAXBAS>1</MAXBAS>
    <Cet>0</Cet>
    <PCALT>10</PCALT>
    <TCALT>0.6</TCALT>
    <Pelev>3165</Pelev>
    <Telev>3224</Telev>
    <PART>0.5</PART>
    <DELAY>1</DELAY>
  </CatchmentParameters>
  <VegetationZone>
    <VegetationZoneParameters>
      <TT>-0.81684924440238127</TT>
      <CFMAX>2.7011182816888026</CFMAX>
      <SP>0</SP>
      <SFCF>1.067590113171039</SFCF>
      <CFR>0.081751553939219027</CFR>
      <CWH>0.10116932113927306</CWH>
      <CFGlacier>1</CFGlacier>
      <CFSlope>1</CFSlope>
      <FC>1005.2863895086301</FC>
      <LP>0.77989839837536989</LP>
      <BETA>2.8705839837551528</BETA>
    </VegetationZoneParameters>
  </VegetationZone>
  <SubCatchment>
    <SubCatchmentParameters>
      <KSI>0.001</KSI>
      <KGmin>0.05</KGmin>
      <RangeKG>0.1</RangeKG>
      <AG>0.1</AG>
      <PERC>0.2690101970683218</PERC>
      <Alpha>0</Alpha>
      <UZL>136.82502413562278</UZL>
      <K0>0.40559035617233136</K0>
      <K1>0.10744996266608506</K1>
      <K2>0.010004677899093647</K2>
      <MAXBAS>1</MAXBAS>
      <Cet>0</Cet>
      <PCALT>10</PCALT>
      <TCALT>0.6</TCALT>
      <Pelev>3165</Pelev>
      <Telev>3224</Telev>
      <PART>0.5</PART>
      <DELAY>1</DELAY>
    </SubCatchmentParameters>
    <SubCatchmentVegetationZone>
      <SubCatchmentVegetationZoneParameters>
        <TT>-0.81684924440238127</TT>
        <CFMAX>2.7011182816888026</CFMAX>
        <SP>0</SP>
        <SFCF>1.067590113171039</SFCF>
        <CFR>0.081751553939219027</CFR>
        <CWH>0.10116932113927306</CWH>
        <CFGlacier>1</CFGlacier>
        <CFSlope>1</CFSlope>
        <FC>1005.2863895086301</FC>
        <LP>0.77989839837536989</LP>
        <BETA>2.8705839837551528</BETA>
      </SubCatchmentVegetationZoneParameters>
    </SubCatchmentVegetationZone>
  </SubCatchment>
</Catchment>