<?xml version="1.0" encoding="utf-8"?>
<Catchment xmlns:xsi="http://www.w3.org/2001/XMLSchema-instance" xmlns:xsd="http://www.w3.org/2001/XMLSchema">
  <CatchmentParameters>
    <KSI>0.001</KSI>
    <KGmin>0.05</KGmin>
    <RangeKG>0.1</RangeKG>
    <AG>0.1</AG>
    <PERC>0.26497955263037076</PERC>
    <Alpha>0</Alpha>
    <UZL>127.07307469563261</UZL>
    <K0>0.28492837328622239</K0>
    <K1>0.11960906787888434</K1>
    <K2>0.010000016955011076</K2>
    <MAXBAS>1</MAXBAS>
    <Cet>0</Cet>
    <PCALT>10</PCALT>
    <TCALT>0.6</TCALT>
    <Pelev>3165</Pelev>
    <Telev>3224</Telev>
    <PART>0.5</PART>
    <DELAY>1</DELAY>
  </CatchmentParameters>
  <VegetationZone>
    <VegetationZoneParameters>
      <TT>-0.9560014923545801</TT>
      <CFMAX>2.7325012389335819</CFMAX>
      <SP>0</SP>
      <SFCF>1.1399361479892765</SFCF>
      <CFR>0.0999987043194375</CFR>
      <CWH>0.13108504214936029</CWH>
      <CFGlacier>1</CFGlacier>
      <CFSlope>1</CFSlope>
      <FC>1324.3351707012221</FC>
      <LP>0.77300558521486329</LP>
      <BETA>3.1722205945083704</BETA>
    </VegetationZoneParameters>
  </VegetationZone>
  <SubCatchment>
    <SubCatchmentParameters>
      <KSI>0.001</KSI>
      <KGmin>0.05</KGmin>
      <RangeKG>0.1</RangeKG>
      <AG>0.1</AG>
      <PERC>0.26497955263037076</PERC>
      <Alpha>0</Alpha>
      <UZL>127.07307469563261</UZL>
      <K0>0.28492837328622239</K0>
      <K1>0.11960906787888434</K1>
      <K2>0.010000016955011076</K2>
      <MAXBAS>1</MAXBAS>
      <Cet>0</Cet>
      <PCALT>10</PCALT>
      <TCALT>0.6</TCALT>
      <Pelev>3165</Pelev>
      <Telev>3224</Telev>
      <PART>0.5</PART>
      <DELAY>1</DELAY>
    </SubCatchmentParameters>
    <SubCatchmentVegetationZone>
      <SubCatchmentVegetationZoneParameters>
        <TT>-0.9560014923545801</TT>
        <CFMAX>2.7325012389335819</CFMAX>
        <SP>0</SP>
        <SFCF>1.1399361479892765</SFCF>
        <CFR>0.0999987043194375</CFR>
        <CWH>0.13108504214936029</CWH>
        <CFGlacier>1</CFGlacier>
        <CFSlope>1</CFSlope>
        <FC>1324.3351707012221</FC>
        <LP>0.77300558521486329</LP>
        <BETA>3.1722205945083704</BETA>
      </SubCatchmentVegetationZoneParameters>
    </SubCatchmentVegetationZone>
  </SubCatchment>
</Catchment>