<?xml version="1.0" encoding="utf-8"?>
<Catchment xmlns:xsi="http://www.w3.org/2001/XMLSchema-instance" xmlns:xsd="http://www.w3.org/2001/XMLSchema">
  <CatchmentParameters>
    <KSI>0.001</KSI>
    <KGmin>0.05</KGmin>
    <RangeKG>0.1</RangeKG>
    <AG>0.1</AG>
    <PERC>7.1166115245935355</PERC>
    <Alpha>0</Alpha>
    <UZL>156.73728658487804</UZL>
    <K0>0.58499063134898055</K0>
    <K1>0.085409471739776727</K1>
    <K2>0.11401598291185454</K2>
    <MAXBAS>1.0001260886572403</MAXBAS>
    <Cet>0</Cet>
    <PCALT>10</PCALT>
    <TCALT>0.6</TCALT>
    <Pelev>3165</Pelev>
    <Telev>3224</Telev>
    <PART>0.5</PART>
    <DELAY>1</DELAY>
  </CatchmentParameters>
  <VegetationZone>
    <VegetationZoneParameters>
      <TT>1.0439982628743183</TT>
      <CFMAX>3.39203683932497</CFMAX>
      <SP>0</SP>
      <SFCF>0.7603887209577862</SFCF>
      <CFR>0.052552133791511753</CFR>
      <CWH>0.10000015569350958</CWH>
      <CFGlacier>1</CFGlacier>
      <CFSlope>1</CFSlope>
      <FC>435.90699122626171</FC>
      <LP>0.9999779270395287</LP>
      <BETA>4.0787387917474636</BETA>
    </VegetationZoneParameters>
  </VegetationZone>
  <SubCatchment>
    <SubCatchmentParameters>
      <KSI>0.001</KSI>
      <KGmin>0.05</KGmin>
      <RangeKG>0.1</RangeKG>
      <AG>0.1</AG>
      <PERC>7.1166115245935355</PERC>
      <Alpha>0</Alpha>
      <UZL>156.73728658487804</UZL>
      <K0>0.58499063134898055</K0>
      <K1>0.085409471739776727</K1>
      <K2>0.11401598291185454</K2>
      <MAXBAS>1.0001260886572403</MAXBAS>
      <Cet>0</Cet>
      <PCALT>10</PCALT>
      <TCALT>0.6</TCALT>
      <Pelev>3165</Pelev>
      <Telev>3224</Telev>
      <PART>0.5</PART>
      <DELAY>1</DELAY>
    </SubCatchmentParameters>
    <SubCatchmentVegetationZone>
      <SubCatchmentVegetationZoneParameters>
        <TT>1.0439982628743183</TT>
        <CFMAX>3.39203683932497</CFMAX>
        <SP>0</SP>
        <SFCF>0.7603887209577862</SFCF>
        <CFR>0.052552133791511753</CFR>
        <CWH>0.10000015569350958</CWH>
        <CFGlacier>1</CFGlacier>
        <CFSlope>1</CFSlope>
        <FC>435.90699122626171</FC>
        <LP>0.9999779270395287</LP>
        <BETA>4.0787387917474636</BETA>
      </SubCatchmentVegetationZoneParameters>
    </SubCatchmentVegetationZone>
  </SubCatchment>
</Catchment>