<?xml version="1.0" encoding="utf-8"?>
<Catchment xmlns:xsi="http://www.w3.org/2001/XMLSchema-instance" xmlns:xsd="http://www.w3.org/2001/XMLSchema">
  <CatchmentParameters>
    <KSI>0.001</KSI>
    <KGmin>0.05</KGmin>
    <RangeKG>0.1</RangeKG>
    <AG>0.1</AG>
    <PERC>0.25847616364110521</PERC>
    <Alpha>0</Alpha>
    <UZL>157.79896287218753</UZL>
    <K0>0.28974778944677937</K0>
    <K1>0.11430093914827962</K1>
    <K2>0.010000001467263243</K2>
    <MAXBAS>1</MAXBAS>
    <Cet>0</Cet>
    <PCALT>10</PCALT>
    <TCALT>0.6</TCALT>
    <Pelev>3165</Pelev>
    <Telev>3224</Telev>
    <PART>0.5</PART>
    <DELAY>1</DELAY>
  </CatchmentParameters>
  <VegetationZone>
    <VegetationZoneParameters>
      <TT>-0.6508438761415275</TT>
      <CFMAX>3.2251257287965562</CFMAX>
      <SP>0</SP>
      <SFCF>1.1843984413324888</SFCF>
      <CFR>0.099999272587454877</CFR>
      <CWH>0.1999971576615214</CWH>
      <CFGlacier>1</CFGlacier>
      <CFSlope>1</CFSlope>
      <FC>1330.8370951760003</FC>
      <LP>0.56595184527294506</LP>
      <BETA>2.0523097807880633</BETA>
    </VegetationZoneParameters>
  </VegetationZone>
  <SubCatchment>
    <SubCatchmentParameters>
      <KSI>0.001</KSI>
      <KGmin>0.05</KGmin>
      <RangeKG>0.1</RangeKG>
      <AG>0.1</AG>
      <PERC>0.25847616364110521</PERC>
      <Alpha>0</Alpha>
      <UZL>157.79896287218753</UZL>
      <K0>0.28974778944677937</K0>
      <K1>0.11430093914827962</K1>
      <K2>0.010000001467263243</K2>
      <MAXBAS>1</MAXBAS>
      <Cet>0</Cet>
      <PCALT>10</PCALT>
      <TCALT>0.6</TCALT>
      <Pelev>3165</Pelev>
      <Telev>3224</Telev>
      <PART>0.5</PART>
      <DELAY>1</DELAY>
    </SubCatchmentParameters>
    <SubCatchmentVegetationZone>
      <SubCatchmentVegetationZoneParameters>
        <TT>-0.6508438761415275</TT>
        <CFMAX>3.2251257287965562</CFMAX>
        <SP>0</SP>
        <SFCF>1.1843984413324888</SFCF>
        <CFR>0.099999272587454877</CFR>
        <CWH>0.1999971576615214</CWH>
        <CFGlacier>1</CFGlacier>
        <CFSlope>1</CFSlope>
        <FC>1330.8370951760003</FC>
        <LP>0.56595184527294506</LP>
        <BETA>2.0523097807880633</BETA>
      </SubCatchmentVegetationZoneParameters>
    </SubCatchmentVegetationZone>
  </SubCatchment>
</Catchment>