<?xml version="1.0" encoding="utf-8"?>
<Catchment xmlns:xsi="http://www.w3.org/2001/XMLSchema-instance" xmlns:xsd="http://www.w3.org/2001/XMLSchema">
  <CatchmentParameters>
    <KSI>0.001</KSI>
    <KGmin>0.05</KGmin>
    <RangeKG>0.1</RangeKG>
    <AG>0.1</AG>
    <PERC>7.4375987258164349</PERC>
    <Alpha>0</Alpha>
    <UZL>176.32743755451227</UZL>
    <K0>0.094597429140997127</K0>
    <K1>0.093434439906323719</K1>
    <K2>0.12464255531797591</K2>
    <MAXBAS>1.0001281201610177</MAXBAS>
    <Cet>0</Cet>
    <PCALT>10</PCALT>
    <TCALT>0.6</TCALT>
    <Pelev>3165</Pelev>
    <Telev>3224</Telev>
    <PART>0.5</PART>
    <DELAY>1</DELAY>
  </CatchmentParameters>
  <VegetationZone>
    <VegetationZoneParameters>
      <TT>1.2040003973392168</TT>
      <CFMAX>3.2538344714682519</CFMAX>
      <SP>0</SP>
      <SFCF>0.7218733436870568</SFCF>
      <CFR>0.041090877317268966</CFR>
      <CWH>0.10000033971863277</CWH>
      <CFGlacier>1</CFGlacier>
      <CFSlope>1</CFSlope>
      <FC>383.87392463190037</FC>
      <LP>0.999999528509055</LP>
      <BETA>4.0503680240480886</BETA>
    </VegetationZoneParameters>
  </VegetationZone>
  <SubCatchment>
    <SubCatchmentParameters>
      <KSI>0.001</KSI>
      <KGmin>0.05</KGmin>
      <RangeKG>0.1</RangeKG>
      <AG>0.1</AG>
      <PERC>7.4375987258164349</PERC>
      <Alpha>0</Alpha>
      <UZL>176.32743755451227</UZL>
      <K0>0.094597429140997127</K0>
      <K1>0.093434439906323719</K1>
      <K2>0.12464255531797591</K2>
      <MAXBAS>1.0001281201610177</MAXBAS>
      <Cet>0</Cet>
      <PCALT>10</PCALT>
      <TCALT>0.6</TCALT>
      <Pelev>3165</Pelev>
      <Telev>3224</Telev>
      <PART>0.5</PART>
      <DELAY>1</DELAY>
    </SubCatchmentParameters>
    <SubCatchmentVegetationZone>
      <SubCatchmentVegetationZoneParameters>
        <TT>1.2040003973392168</TT>
        <CFMAX>3.2538344714682519</CFMAX>
        <SP>0</SP>
        <SFCF>0.7218733436870568</SFCF>
        <CFR>0.041090877317268966</CFR>
        <CWH>0.10000033971863277</CWH>
        <CFGlacier>1</CFGlacier>
        <CFSlope>1</CFSlope>
        <FC>383.87392463190037</FC>
        <LP>0.999999528509055</LP>
        <BETA>4.0503680240480886</BETA>
      </SubCatchmentVegetationZoneParameters>
    </SubCatchmentVegetationZone>
  </SubCatchment>
</Catchment>