<?xml version="1.0" encoding="utf-8"?>
<Catchment xmlns:xsi="http://www.w3.org/2001/XMLSchema-instance" xmlns:xsd="http://www.w3.org/2001/XMLSchema">
  <CatchmentParameters>
    <KSI>0.001</KSI>
    <KGmin>0.05</KGmin>
    <RangeKG>0.1</RangeKG>
    <AG>0.1</AG>
    <PERC>7.5171818457459079</PERC>
    <Alpha>0</Alpha>
    <UZL>127.79929554174508</UZL>
    <K0>0.50421126457553922</K0>
    <K1>0.08885472898712049</K1>
    <K2>0.11976815329162711</K2>
    <MAXBAS>1.0000307208517529</MAXBAS>
    <Cet>0</Cet>
    <PCALT>10</PCALT>
    <TCALT>0.6</TCALT>
    <Pelev>3165</Pelev>
    <Telev>3224</Telev>
    <PART>0.5</PART>
    <DELAY>1</DELAY>
  </CatchmentParameters>
  <VegetationZone>
    <VegetationZoneParameters>
      <TT>1.3039989230414939</TT>
      <CFMAX>3.4370900914775078</CFMAX>
      <SP>0</SP>
      <SFCF>0.72702571704237084</SFCF>
      <CFR>0.041894360537082662</CFR>
      <CWH>0.10000017610373885</CWH>
      <CFGlacier>1</CFGlacier>
      <CFSlope>1</CFSlope>
      <FC>394.94156888107017</FC>
      <LP>0.99999780925049164</LP>
      <BETA>3.9730230751694307</BETA>
    </VegetationZoneParameters>
  </VegetationZone>
  <SubCatchment>
    <SubCatchmentParameters>
      <KSI>0.001</KSI>
      <KGmin>0.05</KGmin>
      <RangeKG>0.1</RangeKG>
      <AG>0.1</AG>
      <PERC>7.5171818457459079</PERC>
      <Alpha>0</Alpha>
      <UZL>127.79929554174508</UZL>
      <K0>0.50421126457553922</K0>
      <K1>0.08885472898712049</K1>
      <K2>0.11976815329162711</K2>
      <MAXBAS>1.0000307208517529</MAXBAS>
      <Cet>0</Cet>
      <PCALT>10</PCALT>
      <TCALT>0.6</TCALT>
      <Pelev>3165</Pelev>
      <Telev>3224</Telev>
      <PART>0.5</PART>
      <DELAY>1</DELAY>
    </SubCatchmentParameters>
    <SubCatchmentVegetationZone>
      <SubCatchmentVegetationZoneParameters>
        <TT>1.3039989230414939</TT>
        <CFMAX>3.4370900914775078</CFMAX>
        <SP>0</SP>
        <SFCF>0.72702571704237084</SFCF>
        <CFR>0.041894360537082662</CFR>
        <CWH>0.10000017610373885</CWH>
        <CFGlacier>1</CFGlacier>
        <CFSlope>1</CFSlope>
        <FC>394.94156888107017</FC>
        <LP>0.99999780925049164</LP>
        <BETA>3.9730230751694307</BETA>
      </SubCatchmentVegetationZoneParameters>
    </SubCatchmentVegetationZone>
  </SubCatchment>
</Catchment>