<?xml version="1.0" encoding="utf-8"?>
<Catchment xmlns:xsi="http://www.w3.org/2001/XMLSchema-instance" xmlns:xsd="http://www.w3.org/2001/XMLSchema">
  <CatchmentParameters>
    <KSI>0.001</KSI>
    <KGmin>0.05</KGmin>
    <RangeKG>0.1</RangeKG>
    <AG>0.1</AG>
    <PERC>4.2742689113355112</PERC>
    <Alpha>0</Alpha>
    <UZL>86.919279051897362</UZL>
    <K0>0.55798878116316608</K0>
    <K1>0.12934614160058672</K1>
    <K2>0.12234294243837253</K2>
    <MAXBAS>1.000044192115958</MAXBAS>
    <Cet>0</Cet>
    <PCALT>10</PCALT>
    <TCALT>0.6</TCALT>
    <Pelev>3165</Pelev>
    <Telev>3224</Telev>
    <PART>0.5</PART>
    <DELAY>1</DELAY>
  </CatchmentParameters>
  <VegetationZone>
    <VegetationZoneParameters>
      <TT>1.5966274704039583</TT>
      <CFMAX>2.457510715738159</CFMAX>
      <SP>0</SP>
      <SFCF>0.54862772143701588</SFCF>
      <CFR>0.03929351504913671</CFR>
      <CWH>0.1614757484854587</CWH>
      <CFGlacier>1</CFGlacier>
      <CFSlope>1</CFSlope>
      <FC>173.66117324991467</FC>
      <LP>0.99999595802448926</LP>
      <BETA>3.9344615869513109</BETA>
    </VegetationZoneParameters>
  </VegetationZone>
  <SubCatchment>
    <SubCatchmentParameters>
      <KSI>0.001</KSI>
      <KGmin>0.05</KGmin>
      <RangeKG>0.1</RangeKG>
      <AG>0.1</AG>
      <PERC>4.2742689113355112</PERC>
      <Alpha>0</Alpha>
      <UZL>86.919279051897362</UZL>
      <K0>0.55798878116316608</K0>
      <K1>0.12934614160058672</K1>
      <K2>0.12234294243837253</K2>
      <MAXBAS>1.000044192115958</MAXBAS>
      <Cet>0</Cet>
      <PCALT>10</PCALT>
      <TCALT>0.6</TCALT>
      <Pelev>3165</Pelev>
      <Telev>3224</Telev>
      <PART>0.5</PART>
      <DELAY>1</DELAY>
    </SubCatchmentParameters>
    <SubCatchmentVegetationZone>
      <SubCatchmentVegetationZoneParameters>
        <TT>1.5966274704039583</TT>
        <CFMAX>2.457510715738159</CFMAX>
        <SP>0</SP>
        <SFCF>0.54862772143701588</SFCF>
        <CFR>0.03929351504913671</CFR>
        <CWH>0.1614757484854587</CWH>
        <CFGlacier>1</CFGlacier>
        <CFSlope>1</CFSlope>
        <FC>173.66117324991467</FC>
        <LP>0.99999595802448926</LP>
        <BETA>3.9344615869513109</BETA>
      </SubCatchmentVegetationZoneParameters>
    </SubCatchmentVegetationZone>
  </SubCatchment>
</Catchment>