<?xml version="1.0" encoding="utf-8"?>
<Catchment xmlns:xsi="http://www.w3.org/2001/XMLSchema-instance" xmlns:xsd="http://www.w3.org/2001/XMLSchema">
  <CatchmentParameters>
    <KSI>0.001</KSI>
    <KGmin>0.05</KGmin>
    <RangeKG>0.1</RangeKG>
    <AG>0.1</AG>
    <PERC>6.294108056853104</PERC>
    <Alpha>0</Alpha>
    <UZL>137.48366521970735</UZL>
    <K0>0.13130559277685922</K0>
    <K1>0.089169199700986967</K1>
    <K2>0.12367168542466901</K2>
    <MAXBAS>1.0048941230417177</MAXBAS>
    <Cet>0</Cet>
    <PCALT>10</PCALT>
    <TCALT>0.6</TCALT>
    <Pelev>3165</Pelev>
    <Telev>3224</Telev>
    <PART>0.5</PART>
    <DELAY>1</DELAY>
  </CatchmentParameters>
  <VegetationZone>
    <VegetationZoneParameters>
      <TT>0.79928883647829441</TT>
      <CFMAX>3.3159994891358213</CFMAX>
      <SP>0</SP>
      <SFCF>0.80602736382804741</SFCF>
      <CFR>0.064694779300673425</CFR>
      <CWH>0.10000064823880313</CWH>
      <CFGlacier>1</CFGlacier>
      <CFSlope>1</CFSlope>
      <FC>451.90472111102855</FC>
      <LP>0.83367619550243011</LP>
      <BETA>3.6064177669736766</BETA>
    </VegetationZoneParameters>
  </VegetationZone>
  <SubCatchment>
    <SubCatchmentParameters>
      <KSI>0.001</KSI>
      <KGmin>0.05</KGmin>
      <RangeKG>0.1</RangeKG>
      <AG>0.1</AG>
      <PERC>6.294108056853104</PERC>
      <Alpha>0</Alpha>
      <UZL>137.48366521970735</UZL>
      <K0>0.13130559277685922</K0>
      <K1>0.089169199700986967</K1>
      <K2>0.12367168542466901</K2>
      <MAXBAS>1.0048941230417177</MAXBAS>
      <Cet>0</Cet>
      <PCALT>10</PCALT>
      <TCALT>0.6</TCALT>
      <Pelev>3165</Pelev>
      <Telev>3224</Telev>
      <PART>0.5</PART>
      <DELAY>1</DELAY>
    </SubCatchmentParameters>
    <SubCatchmentVegetationZone>
      <SubCatchmentVegetationZoneParameters>
        <TT>0.79928883647829441</TT>
        <CFMAX>3.3159994891358213</CFMAX>
        <SP>0</SP>
        <SFCF>0.80602736382804741</SFCF>
        <CFR>0.064694779300673425</CFR>
        <CWH>0.10000064823880313</CWH>
        <CFGlacier>1</CFGlacier>
        <CFSlope>1</CFSlope>
        <FC>451.90472111102855</FC>
        <LP>0.83367619550243011</LP>
        <BETA>3.6064177669736766</BETA>
      </SubCatchmentVegetationZoneParameters>
    </SubCatchmentVegetationZone>
  </SubCatchment>
</Catchment>