<?xml version="1.0" encoding="utf-8"?>
<Catchment xmlns:xsi="http://www.w3.org/2001/XMLSchema-instance" xmlns:xsd="http://www.w3.org/2001/XMLSchema">
  <CatchmentParameters>
    <KSI>0.001</KSI>
    <KGmin>0.05</KGmin>
    <RangeKG>0.1</RangeKG>
    <AG>0.1</AG>
    <PERC>5.9549529169839763</PERC>
    <Alpha>0</Alpha>
    <UZL>183.91189347407806</UZL>
    <K0>0.59557983413407434</K0>
    <K1>0.086351633283893822</K1>
    <K2>0.12262594275093434</K2>
    <MAXBAS>1.0002341462696838</MAXBAS>
    <Cet>0</Cet>
    <PCALT>10</PCALT>
    <TCALT>0.6</TCALT>
    <Pelev>3165</Pelev>
    <Telev>3224</Telev>
    <PART>0.5</PART>
    <DELAY>1</DELAY>
  </CatchmentParameters>
  <VegetationZone>
    <VegetationZoneParameters>
      <TT>0.17998412761653207</TT>
      <CFMAX>2.7708548258276871</CFMAX>
      <SP>0</SP>
      <SFCF>0.8005594406250689</SFCF>
      <CFR>0.099999912568828953</CFR>
      <CWH>0.10000029008425443</CWH>
      <CFGlacier>1</CFGlacier>
      <CFSlope>1</CFSlope>
      <FC>470.98741876183686</FC>
      <LP>0.91153216371223189</LP>
      <BETA>4.7058628271143732</BETA>
    </VegetationZoneParameters>
  </VegetationZone>
  <SubCatchment>
    <SubCatchmentParameters>
      <KSI>0.001</KSI>
      <KGmin>0.05</KGmin>
      <RangeKG>0.1</RangeKG>
      <AG>0.1</AG>
      <PERC>5.9549529169839763</PERC>
      <Alpha>0</Alpha>
      <UZL>183.91189347407806</UZL>
      <K0>0.59557983413407434</K0>
      <K1>0.086351633283893822</K1>
      <K2>0.12262594275093434</K2>
      <MAXBAS>1.0002341462696838</MAXBAS>
      <Cet>0</Cet>
      <PCALT>10</PCALT>
      <TCALT>0.6</TCALT>
      <Pelev>3165</Pelev>
      <Telev>3224</Telev>
      <PART>0.5</PART>
      <DELAY>1</DELAY>
    </SubCatchmentParameters>
    <SubCatchmentVegetationZone>
      <SubCatchmentVegetationZoneParameters>
        <TT>0.17998412761653207</TT>
        <CFMAX>2.7708548258276871</CFMAX>
        <SP>0</SP>
        <SFCF>0.8005594406250689</SFCF>
        <CFR>0.099999912568828953</CFR>
        <CWH>0.10000029008425443</CWH>
        <CFGlacier>1</CFGlacier>
        <CFSlope>1</CFSlope>
        <FC>470.98741876183686</FC>
        <LP>0.91153216371223189</LP>
        <BETA>4.7058628271143732</BETA>
      </SubCatchmentVegetationZoneParameters>
    </SubCatchmentVegetationZone>
  </SubCatchment>
</Catchment>