<?xml version="1.0" encoding="utf-8"?>
<Catchment xmlns:xsi="http://www.w3.org/2001/XMLSchema-instance" xmlns:xsd="http://www.w3.org/2001/XMLSchema">
  <CatchmentParameters>
    <KSI>0.001</KSI>
    <KGmin>0.05</KGmin>
    <RangeKG>0.1</RangeKG>
    <AG>0.1</AG>
    <PERC>0.27973728908701223</PERC>
    <Alpha>0</Alpha>
    <UZL>198.00731675696687</UZL>
    <K0>0.27489607282662665</K0>
    <K1>0.10393332698319641</K1>
    <K2>0.010000004056681272</K2>
    <MAXBAS>1</MAXBAS>
    <Cet>0</Cet>
    <PCALT>10</PCALT>
    <TCALT>0.6</TCALT>
    <Pelev>3165</Pelev>
    <Telev>3224</Telev>
    <PART>0.5</PART>
    <DELAY>1</DELAY>
  </CatchmentParameters>
  <VegetationZone>
    <VegetationZoneParameters>
      <TT>-0.79606034829235883</TT>
      <CFMAX>3.4890457536463209</CFMAX>
      <SP>0</SP>
      <SFCF>1.3349366773642726</SFCF>
      <CFR>0.014774986271545075</CFR>
      <CWH>0.10287610543667994</CWH>
      <CFGlacier>1</CFGlacier>
      <CFSlope>1</CFSlope>
      <FC>1859.7495700757163</FC>
      <LP>0.64295747817455828</LP>
      <BETA>4.0307030545358273</BETA>
    </VegetationZoneParameters>
  </VegetationZone>
  <SubCatchment>
    <SubCatchmentParameters>
      <KSI>0.001</KSI>
      <KGmin>0.05</KGmin>
      <RangeKG>0.1</RangeKG>
      <AG>0.1</AG>
      <PERC>0.27973728908701223</PERC>
      <Alpha>0</Alpha>
      <UZL>198.00731675696687</UZL>
      <K0>0.27489607282662665</K0>
      <K1>0.10393332698319641</K1>
      <K2>0.010000004056681272</K2>
      <MAXBAS>1</MAXBAS>
      <Cet>0</Cet>
      <PCALT>10</PCALT>
      <TCALT>0.6</TCALT>
      <Pelev>3165</Pelev>
      <Telev>3224</Telev>
      <PART>0.5</PART>
      <DELAY>1</DELAY>
    </SubCatchmentParameters>
    <SubCatchmentVegetationZone>
      <SubCatchmentVegetationZoneParameters>
        <TT>-0.79606034829235883</TT>
        <CFMAX>3.4890457536463209</CFMAX>
        <SP>0</SP>
        <SFCF>1.3349366773642726</SFCF>
        <CFR>0.014774986271545075</CFR>
        <CWH>0.10287610543667994</CWH>
        <CFGlacier>1</CFGlacier>
        <CFSlope>1</CFSlope>
        <FC>1859.7495700757163</FC>
        <LP>0.64295747817455828</LP>
        <BETA>4.0307030545358273</BETA>
      </SubCatchmentVegetationZoneParameters>
    </SubCatchmentVegetationZone>
  </SubCatchment>
</Catchment>