<?xml version="1.0" encoding="utf-8"?>
<Catchment xmlns:xsi="http://www.w3.org/2001/XMLSchema-instance" xmlns:xsd="http://www.w3.org/2001/XMLSchema">
  <CatchmentParameters>
    <KSI>0.001</KSI>
    <KGmin>0.05</KGmin>
    <RangeKG>0.1</RangeKG>
    <AG>0.1</AG>
    <PERC>5.930591086122</PERC>
    <Alpha>0</Alpha>
    <UZL>131.67825726524816</UZL>
    <K0>0.83197098229305833</K0>
    <K1>0.094022980445752344</K1>
    <K2>0.12022653481075291</K2>
    <MAXBAS>1.0000000669734301</MAXBAS>
    <Cet>0</Cet>
    <PCALT>10</PCALT>
    <TCALT>0.6</TCALT>
    <Pelev>3165</Pelev>
    <Telev>3224</Telev>
    <PART>0.5</PART>
    <DELAY>1</DELAY>
  </CatchmentParameters>
  <VegetationZone>
    <VegetationZoneParameters>
      <TT>0.50400089579001872</TT>
      <CFMAX>2.6058935403229904</CFMAX>
      <SP>0</SP>
      <SFCF>0.72113533064612911</SFCF>
      <CFR>0.084616034415727528</CFR>
      <CWH>0.10000463805205516</CWH>
      <CFGlacier>1</CFGlacier>
      <CFSlope>1</CFSlope>
      <FC>347.21310467415947</FC>
      <LP>0.86403579427322608</LP>
      <BETA>4.7450090825122873</BETA>
    </VegetationZoneParameters>
  </VegetationZone>
  <SubCatchment>
    <SubCatchmentParameters>
      <KSI>0.001</KSI>
      <KGmin>0.05</KGmin>
      <RangeKG>0.1</RangeKG>
      <AG>0.1</AG>
      <PERC>5.930591086122</PERC>
      <Alpha>0</Alpha>
      <UZL>131.67825726524816</UZL>
      <K0>0.83197098229305833</K0>
      <K1>0.094022980445752344</K1>
      <K2>0.12022653481075291</K2>
      <MAXBAS>1.0000000669734301</MAXBAS>
      <Cet>0</Cet>
      <PCALT>10</PCALT>
      <TCALT>0.6</TCALT>
      <Pelev>3165</Pelev>
      <Telev>3224</Telev>
      <PART>0.5</PART>
      <DELAY>1</DELAY>
    </SubCatchmentParameters>
    <SubCatchmentVegetationZone>
      <SubCatchmentVegetationZoneParameters>
        <TT>0.50400089579001872</TT>
        <CFMAX>2.6058935403229904</CFMAX>
        <SP>0</SP>
        <SFCF>0.72113533064612911</SFCF>
        <CFR>0.084616034415727528</CFR>
        <CWH>0.10000463805205516</CWH>
        <CFGlacier>1</CFGlacier>
        <CFSlope>1</CFSlope>
        <FC>347.21310467415947</FC>
        <LP>0.86403579427322608</LP>
        <BETA>4.7450090825122873</BETA>
      </SubCatchmentVegetationZoneParameters>
    </SubCatchmentVegetationZone>
  </SubCatchment>
</Catchment>