<?xml version="1.0" encoding="utf-8"?>
<Catchment xmlns:xsi="http://www.w3.org/2001/XMLSchema-instance" xmlns:xsd="http://www.w3.org/2001/XMLSchema">
  <CatchmentParameters>
    <KSI>0.001</KSI>
    <KGmin>0.05</KGmin>
    <RangeKG>0.1</RangeKG>
    <AG>0.1</AG>
    <PERC>0.28243029068610886</PERC>
    <Alpha>0</Alpha>
    <UZL>147.78577185966637</UZL>
    <K0>0.55101140242119784</K0>
    <K1>0.1126944231917159</K1>
    <K2>0.010307760068512332</K2>
    <MAXBAS>1</MAXBAS>
    <Cet>0</Cet>
    <PCALT>10</PCALT>
    <TCALT>0.6</TCALT>
    <Pelev>3165</Pelev>
    <Telev>3224</Telev>
    <PART>0.5</PART>
    <DELAY>1</DELAY>
  </CatchmentParameters>
  <VegetationZone>
    <VegetationZoneParameters>
      <TT>-0.95767676692567461</TT>
      <CFMAX>2.8336765344098191</CFMAX>
      <SP>0</SP>
      <SFCF>1.1712767240005113</SFCF>
      <CFR>0.099999977415453092</CFR>
      <CWH>0.10000307738193266</CWH>
      <CFGlacier>1</CFGlacier>
      <CFSlope>1</CFSlope>
      <FC>1090.2586537427471</FC>
      <LP>0.60330902624920824</LP>
      <BETA>2.4954208662398103</BETA>
    </VegetationZoneParameters>
  </VegetationZone>
  <SubCatchment>
    <SubCatchmentParameters>
      <KSI>0.001</KSI>
      <KGmin>0.05</KGmin>
      <RangeKG>0.1</RangeKG>
      <AG>0.1</AG>
      <PERC>0.28243029068610886</PERC>
      <Alpha>0</Alpha>
      <UZL>147.78577185966637</UZL>
      <K0>0.55101140242119784</K0>
      <K1>0.1126944231917159</K1>
      <K2>0.010307760068512332</K2>
      <MAXBAS>1</MAXBAS>
      <Cet>0</Cet>
      <PCALT>10</PCALT>
      <TCALT>0.6</TCALT>
      <Pelev>3165</Pelev>
      <Telev>3224</Telev>
      <PART>0.5</PART>
      <DELAY>1</DELAY>
    </SubCatchmentParameters>
    <SubCatchmentVegetationZone>
      <SubCatchmentVegetationZoneParameters>
        <TT>-0.95767676692567461</TT>
        <CFMAX>2.8336765344098191</CFMAX>
        <SP>0</SP>
        <SFCF>1.1712767240005113</SFCF>
        <CFR>0.099999977415453092</CFR>
        <CWH>0.10000307738193266</CWH>
        <CFGlacier>1</CFGlacier>
        <CFSlope>1</CFSlope>
        <FC>1090.2586537427471</FC>
        <LP>0.60330902624920824</LP>
        <BETA>2.4954208662398103</BETA>
      </SubCatchmentVegetationZoneParameters>
    </SubCatchmentVegetationZone>
  </SubCatchment>
</Catchment>