<?xml version="1.0" encoding="utf-8"?>
<Catchment xmlns:xsi="http://www.w3.org/2001/XMLSchema-instance" xmlns:xsd="http://www.w3.org/2001/XMLSchema">
  <CatchmentParameters>
    <KSI>0.001</KSI>
    <KGmin>0.05</KGmin>
    <RangeKG>0.1</RangeKG>
    <AG>0.1</AG>
    <PERC>0.26938788937862779</PERC>
    <Alpha>0</Alpha>
    <UZL>159.2075956081996</UZL>
    <K0>0.14038193632353063</K0>
    <K1>0.10961380213977114</K1>
    <K2>0.010000036757701961</K2>
    <MAXBAS>1</MAXBAS>
    <Cet>0</Cet>
    <PCALT>10</PCALT>
    <TCALT>0.6</TCALT>
    <Pelev>3165</Pelev>
    <Telev>3224</Telev>
    <PART>0.5</PART>
    <DELAY>1</DELAY>
  </CatchmentParameters>
  <VegetationZone>
    <VegetationZoneParameters>
      <TT>-0.28481123972253891</TT>
      <CFMAX>3.5857282271635258</CFMAX>
      <SP>0</SP>
      <SFCF>1.1571561052501909</SFCF>
      <CFR>0.099999172064518957</CFR>
      <CWH>0.11743383489534638</CWH>
      <CFGlacier>1</CFGlacier>
      <CFSlope>1</CFSlope>
      <FC>1433.8105539952924</FC>
      <LP>0.70820400083019286</LP>
      <BETA>2.7538236895996864</BETA>
    </VegetationZoneParameters>
  </VegetationZone>
  <SubCatchment>
    <SubCatchmentParameters>
      <KSI>0.001</KSI>
      <KGmin>0.05</KGmin>
      <RangeKG>0.1</RangeKG>
      <AG>0.1</AG>
      <PERC>0.26938788937862779</PERC>
      <Alpha>0</Alpha>
      <UZL>159.2075956081996</UZL>
      <K0>0.14038193632353063</K0>
      <K1>0.10961380213977114</K1>
      <K2>0.010000036757701961</K2>
      <MAXBAS>1</MAXBAS>
      <Cet>0</Cet>
      <PCALT>10</PCALT>
      <TCALT>0.6</TCALT>
      <Pelev>3165</Pelev>
      <Telev>3224</Telev>
      <PART>0.5</PART>
      <DELAY>1</DELAY>
    </SubCatchmentParameters>
    <SubCatchmentVegetationZone>
      <SubCatchmentVegetationZoneParameters>
        <TT>-0.28481123972253891</TT>
        <CFMAX>3.5857282271635258</CFMAX>
        <SP>0</SP>
        <SFCF>1.1571561052501909</SFCF>
        <CFR>0.099999172064518957</CFR>
        <CWH>0.11743383489534638</CWH>
        <CFGlacier>1</CFGlacier>
        <CFSlope>1</CFSlope>
        <FC>1433.8105539952924</FC>
        <LP>0.70820400083019286</LP>
        <BETA>2.7538236895996864</BETA>
      </SubCatchmentVegetationZoneParameters>
    </SubCatchmentVegetationZone>
  </SubCatchment>
</Catchment>