<?xml version="1.0" encoding="utf-8"?>
<Catchment xmlns:xsi="http://www.w3.org/2001/XMLSchema-instance" xmlns:xsd="http://www.w3.org/2001/XMLSchema">
  <CatchmentParameters>
    <KSI>0.001</KSI>
    <KGmin>0.05</KGmin>
    <RangeKG>0.1</RangeKG>
    <AG>0.1</AG>
    <PERC>0.26294986233952755</PERC>
    <Alpha>0</Alpha>
    <UZL>162.82225529081754</UZL>
    <K0>0.36410666187620011</K0>
    <K1>0.11430160943731517</K1>
    <K2>0.010000008356071441</K2>
    <MAXBAS>1</MAXBAS>
    <Cet>0</Cet>
    <PCALT>10</PCALT>
    <TCALT>0.6</TCALT>
    <Pelev>3165</Pelev>
    <Telev>3224</Telev>
    <PART>0.5</PART>
    <DELAY>1</DELAY>
  </CatchmentParameters>
  <VegetationZone>
    <VegetationZoneParameters>
      <TT>0.090813636174149948</TT>
      <CFMAX>3.9868489106893352</CFMAX>
      <SP>0</SP>
      <SFCF>1.1508021579511818</SFCF>
      <CFR>0.099999292899918449</CFR>
      <CWH>0.11263739602192981</CWH>
      <CFGlacier>1</CFGlacier>
      <CFSlope>1</CFSlope>
      <FC>1443.1662223347039</FC>
      <LP>0.66122124434769769</LP>
      <BETA>2.4129956346805916</BETA>
    </VegetationZoneParameters>
  </VegetationZone>
  <SubCatchment>
    <SubCatchmentParameters>
      <KSI>0.001</KSI>
      <KGmin>0.05</KGmin>
      <RangeKG>0.1</RangeKG>
      <AG>0.1</AG>
      <PERC>0.26294986233952755</PERC>
      <Alpha>0</Alpha>
      <UZL>162.82225529081754</UZL>
      <K0>0.36410666187620011</K0>
      <K1>0.11430160943731517</K1>
      <K2>0.010000008356071441</K2>
      <MAXBAS>1</MAXBAS>
      <Cet>0</Cet>
      <PCALT>10</PCALT>
      <TCALT>0.6</TCALT>
      <Pelev>3165</Pelev>
      <Telev>3224</Telev>
      <PART>0.5</PART>
      <DELAY>1</DELAY>
    </SubCatchmentParameters>
    <SubCatchmentVegetationZone>
      <SubCatchmentVegetationZoneParameters>
        <TT>0.090813636174149948</TT>
        <CFMAX>3.9868489106893352</CFMAX>
        <SP>0</SP>
        <SFCF>1.1508021579511818</SFCF>
        <CFR>0.099999292899918449</CFR>
        <CWH>0.11263739602192981</CWH>
        <CFGlacier>1</CFGlacier>
        <CFSlope>1</CFSlope>
        <FC>1443.1662223347039</FC>
        <LP>0.66122124434769769</LP>
        <BETA>2.4129956346805916</BETA>
      </SubCatchmentVegetationZoneParameters>
    </SubCatchmentVegetationZone>
  </SubCatchment>
</Catchment>