<?xml version="1.0" encoding="utf-8"?>
<Catchment xmlns:xsi="http://www.w3.org/2001/XMLSchema-instance" xmlns:xsd="http://www.w3.org/2001/XMLSchema">
  <CatchmentParameters>
    <KSI>0.001</KSI>
    <KGmin>0.05</KGmin>
    <RangeKG>0.1</RangeKG>
    <AG>0.1</AG>
    <PERC>9.99997277283177</PERC>
    <Alpha>0</Alpha>
    <UZL>190.92230231750807</UZL>
    <K0>0.46278111238935388</K0>
    <K1>0.13538371482334941</K1>
    <K2>0.093992205689408026</K2>
    <MAXBAS>1.0050269163530403</MAXBAS>
    <Cet>0</Cet>
    <PCALT>10</PCALT>
    <TCALT>0.6</TCALT>
    <Pelev>3165</Pelev>
    <Telev>3224</Telev>
    <PART>0.5</PART>
    <DELAY>1</DELAY>
  </CatchmentParameters>
  <VegetationZone>
    <VegetationZoneParameters>
      <TT>-0.39600315286793797</TT>
      <CFMAX>2.1874053963683888</CFMAX>
      <SP>0</SP>
      <SFCF>0.79738023668337743</SFCF>
      <CFR>0.099999955711457283</CFR>
      <CWH>0.1405352264269199</CWH>
      <CFGlacier>1</CFGlacier>
      <CFSlope>1</CFSlope>
      <FC>453.07673648065071</FC>
      <LP>0.89910491517006552</LP>
      <BETA>5.5132624371511181</BETA>
    </VegetationZoneParameters>
  </VegetationZone>
  <SubCatchment>
    <SubCatchmentParameters>
      <KSI>0.001</KSI>
      <KGmin>0.05</KGmin>
      <RangeKG>0.1</RangeKG>
      <AG>0.1</AG>
      <PERC>9.99997277283177</PERC>
      <Alpha>0</Alpha>
      <UZL>190.92230231750807</UZL>
      <K0>0.46278111238935388</K0>
      <K1>0.13538371482334941</K1>
      <K2>0.093992205689408026</K2>
      <MAXBAS>1.0050269163530403</MAXBAS>
      <Cet>0</Cet>
      <PCALT>10</PCALT>
      <TCALT>0.6</TCALT>
      <Pelev>3165</Pelev>
      <Telev>3224</Telev>
      <PART>0.5</PART>
      <DELAY>1</DELAY>
    </SubCatchmentParameters>
    <SubCatchmentVegetationZone>
      <SubCatchmentVegetationZoneParameters>
        <TT>-0.39600315286793797</TT>
        <CFMAX>2.1874053963683888</CFMAX>
        <SP>0</SP>
        <SFCF>0.79738023668337743</SFCF>
        <CFR>0.099999955711457283</CFR>
        <CWH>0.1405352264269199</CWH>
        <CFGlacier>1</CFGlacier>
        <CFSlope>1</CFSlope>
        <FC>453.07673648065071</FC>
        <LP>0.89910491517006552</LP>
        <BETA>5.5132624371511181</BETA>
      </SubCatchmentVegetationZoneParameters>
    </SubCatchmentVegetationZone>
  </SubCatchment>
</Catchment>