<?xml version="1.0" encoding="utf-8"?>
<Catchment xmlns:xsi="http://www.w3.org/2001/XMLSchema-instance" xmlns:xsd="http://www.w3.org/2001/XMLSchema">
  <CatchmentParameters>
    <KSI>0.001</KSI>
    <KGmin>0.05</KGmin>
    <RangeKG>0.1</RangeKG>
    <AG>0.1</AG>
    <PERC>0.24852238766588891</PERC>
    <Alpha>0</Alpha>
    <UZL>151.65000717255455</UZL>
    <K0>0.52759121922592067</K0>
    <K1>0.11247104419849793</K1>
    <K2>0.010000000359615749</K2>
    <MAXBAS>1</MAXBAS>
    <Cet>0</Cet>
    <PCALT>10</PCALT>
    <TCALT>0.6</TCALT>
    <Pelev>3165</Pelev>
    <Telev>3224</Telev>
    <PART>0.5</PART>
    <DELAY>1</DELAY>
  </CatchmentParameters>
  <VegetationZone>
    <VegetationZoneParameters>
      <TT>-1.2560000001528202</TT>
      <CFMAX>2.3781579917348208</CFMAX>
      <SP>0</SP>
      <SFCF>1.1006982416746625</SFCF>
      <CFR>0.074578250243885591</CFR>
      <CWH>0.17547210514150757</CWH>
      <CFGlacier>1</CFGlacier>
      <CFSlope>1</CFSlope>
      <FC>1167.0716057999462</FC>
      <LP>0.78412812530396137</LP>
      <BETA>2.9570450530826164</BETA>
    </VegetationZoneParameters>
  </VegetationZone>
  <SubCatchment>
    <SubCatchmentParameters>
      <KSI>0.001</KSI>
      <KGmin>0.05</KGmin>
      <RangeKG>0.1</RangeKG>
      <AG>0.1</AG>
      <PERC>0.24852238766588891</PERC>
      <Alpha>0</Alpha>
      <UZL>151.65000717255455</UZL>
      <K0>0.52759121922592067</K0>
      <K1>0.11247104419849793</K1>
      <K2>0.010000000359615749</K2>
      <MAXBAS>1</MAXBAS>
      <Cet>0</Cet>
      <PCALT>10</PCALT>
      <TCALT>0.6</TCALT>
      <Pelev>3165</Pelev>
      <Telev>3224</Telev>
      <PART>0.5</PART>
      <DELAY>1</DELAY>
    </SubCatchmentParameters>
    <SubCatchmentVegetationZone>
      <SubCatchmentVegetationZoneParameters>
        <TT>-1.2560000001528202</TT>
        <CFMAX>2.3781579917348208</CFMAX>
        <SP>0</SP>
        <SFCF>1.1006982416746625</SFCF>
        <CFR>0.074578250243885591</CFR>
        <CWH>0.17547210514150757</CWH>
        <CFGlacier>1</CFGlacier>
        <CFSlope>1</CFSlope>
        <FC>1167.0716057999462</FC>
        <LP>0.78412812530396137</LP>
        <BETA>2.9570450530826164</BETA>
      </SubCatchmentVegetationZoneParameters>
    </SubCatchmentVegetationZone>
  </SubCatchment>
</Catchment>