<?xml version="1.0" encoding="utf-8"?>
<Catchment xmlns:xsi="http://www.w3.org/2001/XMLSchema-instance" xmlns:xsd="http://www.w3.org/2001/XMLSchema">
  <CatchmentParameters>
    <KSI>0.001</KSI>
    <KGmin>0.05</KGmin>
    <RangeKG>0.1</RangeKG>
    <AG>0.1</AG>
    <PERC>9.9997598319166485</PERC>
    <Alpha>0</Alpha>
    <UZL>119.67241819464715</UZL>
    <K0>0.98343865200132319</K0>
    <K1>0.13101328541512813</K1>
    <K2>0.11239574727514522</K2>
    <MAXBAS>1.0000211307193268</MAXBAS>
    <Cet>0</Cet>
    <PCALT>10</PCALT>
    <TCALT>0.6</TCALT>
    <Pelev>3165</Pelev>
    <Telev>3224</Telev>
    <PART>0.5</PART>
    <DELAY>1</DELAY>
  </CatchmentParameters>
  <VegetationZone>
    <VegetationZoneParameters>
      <TT>1.0841904525599935</TT>
      <CFMAX>2.3934765585547955</CFMAX>
      <SP>0</SP>
      <SFCF>0.58717293276789961</SFCF>
      <CFR>0.058629961841301488</CFR>
      <CWH>0.18207914983145659</CWH>
      <CFGlacier>1</CFGlacier>
      <CFSlope>1</CFSlope>
      <FC>197.1582565954846</FC>
      <LP>0.9423201714084829</LP>
      <BETA>4.8789762387958842</BETA>
    </VegetationZoneParameters>
  </VegetationZone>
  <SubCatchment>
    <SubCatchmentParameters>
      <KSI>0.001</KSI>
      <KGmin>0.05</KGmin>
      <RangeKG>0.1</RangeKG>
      <AG>0.1</AG>
      <PERC>9.9997598319166485</PERC>
      <Alpha>0</Alpha>
      <UZL>119.67241819464715</UZL>
      <K0>0.98343865200132319</K0>
      <K1>0.13101328541512813</K1>
      <K2>0.11239574727514522</K2>
      <MAXBAS>1.0000211307193268</MAXBAS>
      <Cet>0</Cet>
      <PCALT>10</PCALT>
      <TCALT>0.6</TCALT>
      <Pelev>3165</Pelev>
      <Telev>3224</Telev>
      <PART>0.5</PART>
      <DELAY>1</DELAY>
    </SubCatchmentParameters>
    <SubCatchmentVegetationZone>
      <SubCatchmentVegetationZoneParameters>
        <TT>1.0841904525599935</TT>
        <CFMAX>2.3934765585547955</CFMAX>
        <SP>0</SP>
        <SFCF>0.58717293276789961</SFCF>
        <CFR>0.058629961841301488</CFR>
        <CWH>0.18207914983145659</CWH>
        <CFGlacier>1</CFGlacier>
        <CFSlope>1</CFSlope>
        <FC>197.1582565954846</FC>
        <LP>0.9423201714084829</LP>
        <BETA>4.8789762387958842</BETA>
      </SubCatchmentVegetationZoneParameters>
    </SubCatchmentVegetationZone>
  </SubCatchment>
</Catchment>