<?xml version="1.0" encoding="utf-8"?>
<Catchment xmlns:xsi="http://www.w3.org/2001/XMLSchema-instance" xmlns:xsd="http://www.w3.org/2001/XMLSchema">
  <CatchmentParameters>
    <KSI>0.001</KSI>
    <KGmin>0.05</KGmin>
    <RangeKG>0.1</RangeKG>
    <AG>0.1</AG>
    <PERC>0.0043937096558224415</PERC>
    <Alpha>0</Alpha>
    <UZL>199.41195512150986</UZL>
    <K0>0.10738387565842388</K0>
    <K1>0.10006967562066775</K1>
    <K2>0.14301404584262459</K2>
    <MAXBAS>1.0000176031366508</MAXBAS>
    <Cet>0</Cet>
    <PCALT>10</PCALT>
    <TCALT>0.6</TCALT>
    <Pelev>3165</Pelev>
    <Telev>3224</Telev>
    <PART>0.5</PART>
    <DELAY>1</DELAY>
  </CatchmentParameters>
  <VegetationZone>
    <VegetationZoneParameters>
      <TT>1.3491532491917226</TT>
      <CFMAX>3.740312801091727</CFMAX>
      <SP>0</SP>
      <SFCF>0.76173067145902573</SFCF>
      <CFR>0.03916032868479194</CFR>
      <CWH>0.1000002288630418</CWH>
      <CFGlacier>1</CFGlacier>
      <CFSlope>1</CFSlope>
      <FC>440.13435499223152</FC>
      <LP>0.99999644724157577</LP>
      <BETA>3.606919496751114</BETA>
    </VegetationZoneParameters>
  </VegetationZone>
  <SubCatchment>
    <SubCatchmentParameters>
      <KSI>0.001</KSI>
      <KGmin>0.05</KGmin>
      <RangeKG>0.1</RangeKG>
      <AG>0.1</AG>
      <PERC>0.0043937096558224415</PERC>
      <Alpha>0</Alpha>
      <UZL>199.41195512150986</UZL>
      <K0>0.10738387565842388</K0>
      <K1>0.10006967562066775</K1>
      <K2>0.14301404584262459</K2>
      <MAXBAS>1.0000176031366508</MAXBAS>
      <Cet>0</Cet>
      <PCALT>10</PCALT>
      <TCALT>0.6</TCALT>
      <Pelev>3165</Pelev>
      <Telev>3224</Telev>
      <PART>0.5</PART>
      <DELAY>1</DELAY>
    </SubCatchmentParameters>
    <SubCatchmentVegetationZone>
      <SubCatchmentVegetationZoneParameters>
        <TT>1.3491532491917226</TT>
        <CFMAX>3.740312801091727</CFMAX>
        <SP>0</SP>
        <SFCF>0.76173067145902573</SFCF>
        <CFR>0.03916032868479194</CFR>
        <CWH>0.1000002288630418</CWH>
        <CFGlacier>1</CFGlacier>
        <CFSlope>1</CFSlope>
        <FC>440.13435499223152</FC>
        <LP>0.99999644724157577</LP>
        <BETA>3.606919496751114</BETA>
      </SubCatchmentVegetationZoneParameters>
    </SubCatchmentVegetationZone>
  </SubCatchment>
</Catchment>