<?xml version="1.0" encoding="utf-8"?>
<Catchment xmlns:xsi="http://www.w3.org/2001/XMLSchema-instance" xmlns:xsd="http://www.w3.org/2001/XMLSchema">
  <CatchmentParameters>
    <KSI>0.001</KSI>
    <KGmin>0.05</KGmin>
    <RangeKG>0.1</RangeKG>
    <AG>0.1</AG>
    <PERC>1.2008624756831379</PERC>
    <Alpha>0</Alpha>
    <UZL>135.94668071458219</UZL>
    <K0>0.38899411811561535</K0>
    <K1>0.11350460661839082</K1>
    <K2>0.067666574321912185</K2>
    <MAXBAS>1.0001300457195175</MAXBAS>
    <Cet>0</Cet>
    <PCALT>10</PCALT>
    <TCALT>0.6</TCALT>
    <Pelev>3165</Pelev>
    <Telev>3224</Telev>
    <PART>0.5</PART>
    <DELAY>1</DELAY>
  </CatchmentParameters>
  <VegetationZone>
    <VegetationZoneParameters>
      <TT>1.4039980507926186</TT>
      <CFMAX>4.132884669046164</CFMAX>
      <SP>0</SP>
      <SFCF>0.85901638022932447</SFCF>
      <CFR>0.035596901888313055</CFR>
      <CWH>0.11613740961436371</CWH>
      <CFGlacier>1</CFGlacier>
      <CFSlope>1</CFSlope>
      <FC>612.26794200563756</FC>
      <LP>0.77785229382123011</LP>
      <BETA>1.7575731931602079</BETA>
    </VegetationZoneParameters>
  </VegetationZone>
  <SubCatchment>
    <SubCatchmentParameters>
      <KSI>0.001</KSI>
      <KGmin>0.05</KGmin>
      <RangeKG>0.1</RangeKG>
      <AG>0.1</AG>
      <PERC>1.2008624756831379</PERC>
      <Alpha>0</Alpha>
      <UZL>135.94668071458219</UZL>
      <K0>0.38899411811561535</K0>
      <K1>0.11350460661839082</K1>
      <K2>0.067666574321912185</K2>
      <MAXBAS>1.0001300457195175</MAXBAS>
      <Cet>0</Cet>
      <PCALT>10</PCALT>
      <TCALT>0.6</TCALT>
      <Pelev>3165</Pelev>
      <Telev>3224</Telev>
      <PART>0.5</PART>
      <DELAY>1</DELAY>
    </SubCatchmentParameters>
    <SubCatchmentVegetationZone>
      <SubCatchmentVegetationZoneParameters>
        <TT>1.4039980507926186</TT>
        <CFMAX>4.132884669046164</CFMAX>
        <SP>0</SP>
        <SFCF>0.85901638022932447</SFCF>
        <CFR>0.035596901888313055</CFR>
        <CWH>0.11613740961436371</CWH>
        <CFGlacier>1</CFGlacier>
        <CFSlope>1</CFSlope>
        <FC>612.26794200563756</FC>
        <LP>0.77785229382123011</LP>
        <BETA>1.7575731931602079</BETA>
      </SubCatchmentVegetationZoneParameters>
    </SubCatchmentVegetationZone>
  </SubCatchment>
</Catchment>