<?xml version="1.0" encoding="utf-8"?>
<Catchment xmlns:xsi="http://www.w3.org/2001/XMLSchema-instance" xmlns:xsd="http://www.w3.org/2001/XMLSchema">
  <CatchmentParameters>
    <KSI>0.001</KSI>
    <KGmin>0.05</KGmin>
    <RangeKG>0.1</RangeKG>
    <AG>0.1</AG>
    <PERC>9.99955752838865</PERC>
    <Alpha>0</Alpha>
    <UZL>167.38480588153837</UZL>
    <K0>0.57570478891302268</K0>
    <K1>0.13837972432581186</K1>
    <K2>0.1192546523166855</K2>
    <MAXBAS>1.0002088202307091</MAXBAS>
    <Cet>0</Cet>
    <PCALT>10</PCALT>
    <TCALT>0.6</TCALT>
    <Pelev>3165</Pelev>
    <Telev>3224</Telev>
    <PART>0.5</PART>
    <DELAY>1</DELAY>
  </CatchmentParameters>
  <VegetationZone>
    <VegetationZoneParameters>
      <TT>1.1439499274232783</TT>
      <CFMAX>2.2423454695415046</CFMAX>
      <SP>0</SP>
      <SFCF>0.56344937789027938</SFCF>
      <CFR>0.0562490692866672</CFR>
      <CWH>0.1999793299842319</CWH>
      <CFGlacier>1</CFGlacier>
      <CFSlope>1</CFSlope>
      <FC>192.56809047341022</FC>
      <LP>0.99999972718238794</LP>
      <BETA>4.577028439738509</BETA>
    </VegetationZoneParameters>
  </VegetationZone>
  <SubCatchment>
    <SubCatchmentParameters>
      <KSI>0.001</KSI>
      <KGmin>0.05</KGmin>
      <RangeKG>0.1</RangeKG>
      <AG>0.1</AG>
      <PERC>9.99955752838865</PERC>
      <Alpha>0</Alpha>
      <UZL>167.38480588153837</UZL>
      <K0>0.57570478891302268</K0>
      <K1>0.13837972432581186</K1>
      <K2>0.1192546523166855</K2>
      <MAXBAS>1.0002088202307091</MAXBAS>
      <Cet>0</Cet>
      <PCALT>10</PCALT>
      <TCALT>0.6</TCALT>
      <Pelev>3165</Pelev>
      <Telev>3224</Telev>
      <PART>0.5</PART>
      <DELAY>1</DELAY>
    </SubCatchmentParameters>
    <SubCatchmentVegetationZone>
      <SubCatchmentVegetationZoneParameters>
        <TT>1.1439499274232783</TT>
        <CFMAX>2.2423454695415046</CFMAX>
        <SP>0</SP>
        <SFCF>0.56344937789027938</SFCF>
        <CFR>0.0562490692866672</CFR>
        <CWH>0.1999793299842319</CWH>
        <CFGlacier>1</CFGlacier>
        <CFSlope>1</CFSlope>
        <FC>192.56809047341022</FC>
        <LP>0.99999972718238794</LP>
        <BETA>4.577028439738509</BETA>
      </SubCatchmentVegetationZoneParameters>
    </SubCatchmentVegetationZone>
  </SubCatchment>
</Catchment>