<?xml version="1.0" encoding="utf-8"?>
<Catchment xmlns:xsi="http://www.w3.org/2001/XMLSchema-instance" xmlns:xsd="http://www.w3.org/2001/XMLSchema">
  <CatchmentParameters>
    <KSI>0.001</KSI>
    <KGmin>0.05</KGmin>
    <RangeKG>0.1</RangeKG>
    <AG>0.1</AG>
    <PERC>9.4169110805739376</PERC>
    <Alpha>0</Alpha>
    <UZL>70.563549273056566</UZL>
    <K0>0.53222913440002784</K0>
    <K1>0.092532514799651661</K1>
    <K2>0.10026288844808647</K2>
    <MAXBAS>1.0000464177932527</MAXBAS>
    <Cet>0</Cet>
    <PCALT>10</PCALT>
    <TCALT>0.6</TCALT>
    <Pelev>3165</Pelev>
    <Telev>3224</Telev>
    <PART>0.5</PART>
    <DELAY>1</DELAY>
  </CatchmentParameters>
  <VegetationZone>
    <VegetationZoneParameters>
      <TT>1.0018026119106347</TT>
      <CFMAX>3.157003090481199</CFMAX>
      <SP>0</SP>
      <SFCF>0.7283620684494273</SFCF>
      <CFR>0.055953029074085996</CFR>
      <CWH>0.1000000000197291</CWH>
      <CFGlacier>1</CFGlacier>
      <CFSlope>1</CFSlope>
      <FC>325.58831065940092</FC>
      <LP>0.81138294472024541</LP>
      <BETA>3.9092861381568609</BETA>
    </VegetationZoneParameters>
  </VegetationZone>
  <SubCatchment>
    <SubCatchmentParameters>
      <KSI>0.001</KSI>
      <KGmin>0.05</KGmin>
      <RangeKG>0.1</RangeKG>
      <AG>0.1</AG>
      <PERC>9.4169110805739376</PERC>
      <Alpha>0</Alpha>
      <UZL>70.563549273056566</UZL>
      <K0>0.53222913440002784</K0>
      <K1>0.092532514799651661</K1>
      <K2>0.10026288844808647</K2>
      <MAXBAS>1.0000464177932527</MAXBAS>
      <Cet>0</Cet>
      <PCALT>10</PCALT>
      <TCALT>0.6</TCALT>
      <Pelev>3165</Pelev>
      <Telev>3224</Telev>
      <PART>0.5</PART>
      <DELAY>1</DELAY>
    </SubCatchmentParameters>
    <SubCatchmentVegetationZone>
      <SubCatchmentVegetationZoneParameters>
        <TT>1.0018026119106347</TT>
        <CFMAX>3.157003090481199</CFMAX>
        <SP>0</SP>
        <SFCF>0.7283620684494273</SFCF>
        <CFR>0.055953029074085996</CFR>
        <CWH>0.1000000000197291</CWH>
        <CFGlacier>1</CFGlacier>
        <CFSlope>1</CFSlope>
        <FC>325.58831065940092</FC>
        <LP>0.81138294472024541</LP>
        <BETA>3.9092861381568609</BETA>
      </SubCatchmentVegetationZoneParameters>
    </SubCatchmentVegetationZone>
  </SubCatchment>
</Catchment>