<?xml version="1.0" encoding="utf-8"?>
<Catchment xmlns:xsi="http://www.w3.org/2001/XMLSchema-instance" xmlns:xsd="http://www.w3.org/2001/XMLSchema">
  <CatchmentParameters>
    <KSI>0.001</KSI>
    <KGmin>0.05</KGmin>
    <RangeKG>0.1</RangeKG>
    <AG>0.1</AG>
    <PERC>0.27641811206102884</PERC>
    <Alpha>0</Alpha>
    <UZL>158.54257367872057</UZL>
    <K0>0.25248537054473141</K0>
    <K1>0.10731749738439357</K1>
    <K2>0.011643537192940024</K2>
    <MAXBAS>1</MAXBAS>
    <Cet>0</Cet>
    <PCALT>10</PCALT>
    <TCALT>0.6</TCALT>
    <Pelev>3165</Pelev>
    <Telev>3224</Telev>
    <PART>0.5</PART>
    <DELAY>1</DELAY>
  </CatchmentParameters>
  <VegetationZone>
    <VegetationZoneParameters>
      <TT>0.059683967374663908</TT>
      <CFMAX>3.6920446711986128</CFMAX>
      <SP>0</SP>
      <SFCF>1.0586519851823906</SFCF>
      <CFR>0.099998872847421247</CFR>
      <CWH>0.1000056157379642</CWH>
      <CFGlacier>1</CFGlacier>
      <CFSlope>1</CFSlope>
      <FC>1089.4454239111819</FC>
      <LP>0.72387182548092133</LP>
      <BETA>2.2628849862790377</BETA>
    </VegetationZoneParameters>
  </VegetationZone>
  <SubCatchment>
    <SubCatchmentParameters>
      <KSI>0.001</KSI>
      <KGmin>0.05</KGmin>
      <RangeKG>0.1</RangeKG>
      <AG>0.1</AG>
      <PERC>0.27641811206102884</PERC>
      <Alpha>0</Alpha>
      <UZL>158.54257367872057</UZL>
      <K0>0.25248537054473141</K0>
      <K1>0.10731749738439357</K1>
      <K2>0.011643537192940024</K2>
      <MAXBAS>1</MAXBAS>
      <Cet>0</Cet>
      <PCALT>10</PCALT>
      <TCALT>0.6</TCALT>
      <Pelev>3165</Pelev>
      <Telev>3224</Telev>
      <PART>0.5</PART>
      <DELAY>1</DELAY>
    </SubCatchmentParameters>
    <SubCatchmentVegetationZone>
      <SubCatchmentVegetationZoneParameters>
        <TT>0.059683967374663908</TT>
        <CFMAX>3.6920446711986128</CFMAX>
        <SP>0</SP>
        <SFCF>1.0586519851823906</SFCF>
        <CFR>0.099998872847421247</CFR>
        <CWH>0.1000056157379642</CWH>
        <CFGlacier>1</CFGlacier>
        <CFSlope>1</CFSlope>
        <FC>1089.4454239111819</FC>
        <LP>0.72387182548092133</LP>
        <BETA>2.2628849862790377</BETA>
      </SubCatchmentVegetationZoneParameters>
    </SubCatchmentVegetationZone>
  </SubCatchment>
</Catchment>