<?xml version="1.0" encoding="utf-8"?>
<Catchment xmlns:xsi="http://www.w3.org/2001/XMLSchema-instance" xmlns:xsd="http://www.w3.org/2001/XMLSchema">
  <CatchmentParameters>
    <KSI>0.001</KSI>
    <KGmin>0.05</KGmin>
    <RangeKG>0.1</RangeKG>
    <AG>0.1</AG>
    <PERC>5.8373543404118582</PERC>
    <Alpha>0</Alpha>
    <UZL>135.43346915848815</UZL>
    <K0>0.2515510028154887</K0>
    <K1>0.084275015626367189</K1>
    <K2>0.11274333852964152</K2>
    <MAXBAS>1.0004472739016961</MAXBAS>
    <Cet>0</Cet>
    <PCALT>10</PCALT>
    <TCALT>0.6</TCALT>
    <Pelev>3165</Pelev>
    <Telev>3224</Telev>
    <PART>0.5</PART>
    <DELAY>1</DELAY>
  </CatchmentParameters>
  <VegetationZone>
    <VegetationZoneParameters>
      <TT>0.39107721380949806</TT>
      <CFMAX>2.804307941327032</CFMAX>
      <SP>0</SP>
      <SFCF>0.76086708422446936</SFCF>
      <CFR>0.091574521232241884</CFR>
      <CWH>0.10000011831134538</CWH>
      <CFGlacier>1</CFGlacier>
      <CFSlope>1</CFSlope>
      <FC>432.43099998729588</FC>
      <LP>0.9784114500085902</LP>
      <BETA>4.9299992724757784</BETA>
    </VegetationZoneParameters>
  </VegetationZone>
  <SubCatchment>
    <SubCatchmentParameters>
      <KSI>0.001</KSI>
      <KGmin>0.05</KGmin>
      <RangeKG>0.1</RangeKG>
      <AG>0.1</AG>
      <PERC>5.8373543404118582</PERC>
      <Alpha>0</Alpha>
      <UZL>135.43346915848815</UZL>
      <K0>0.2515510028154887</K0>
      <K1>0.084275015626367189</K1>
      <K2>0.11274333852964152</K2>
      <MAXBAS>1.0004472739016961</MAXBAS>
      <Cet>0</Cet>
      <PCALT>10</PCALT>
      <TCALT>0.6</TCALT>
      <Pelev>3165</Pelev>
      <Telev>3224</Telev>
      <PART>0.5</PART>
      <DELAY>1</DELAY>
    </SubCatchmentParameters>
    <SubCatchmentVegetationZone>
      <SubCatchmentVegetationZoneParameters>
        <TT>0.39107721380949806</TT>
        <CFMAX>2.804307941327032</CFMAX>
        <SP>0</SP>
        <SFCF>0.76086708422446936</SFCF>
        <CFR>0.091574521232241884</CFR>
        <CWH>0.10000011831134538</CWH>
        <CFGlacier>1</CFGlacier>
        <CFSlope>1</CFSlope>
        <FC>432.43099998729588</FC>
        <LP>0.9784114500085902</LP>
        <BETA>4.9299992724757784</BETA>
      </SubCatchmentVegetationZoneParameters>
    </SubCatchmentVegetationZone>
  </SubCatchment>
</Catchment>