<?xml version="1.0" encoding="utf-8"?>
<Catchment xmlns:xsi="http://www.w3.org/2001/XMLSchema-instance" xmlns:xsd="http://www.w3.org/2001/XMLSchema">
  <CatchmentParameters>
    <KSI>0.001</KSI>
    <KGmin>0.05</KGmin>
    <RangeKG>0.1</RangeKG>
    <AG>0.1</AG>
    <PERC>6.6568865473232144</PERC>
    <Alpha>0</Alpha>
    <UZL>149.65141450473277</UZL>
    <K0>0.51667819875492671</K0>
    <K1>0.088975422783273764</K1>
    <K2>0.12141333568670226</K2>
    <MAXBAS>1.0000303239280575</MAXBAS>
    <Cet>0</Cet>
    <PCALT>10</PCALT>
    <TCALT>0.6</TCALT>
    <Pelev>3165</Pelev>
    <Telev>3224</Telev>
    <PART>0.5</PART>
    <DELAY>1</DELAY>
  </CatchmentParameters>
  <VegetationZone>
    <VegetationZoneParameters>
      <TT>0.80325668304107345</TT>
      <CFMAX>3.0555985221947535</CFMAX>
      <SP>0</SP>
      <SFCF>0.74741878446874965</SFCF>
      <CFR>0.066802030239060645</CFR>
      <CWH>0.10000088919231992</CWH>
      <CFGlacier>1</CFGlacier>
      <CFSlope>1</CFSlope>
      <FC>428.59027209267805</FC>
      <LP>0.99998232265059994</LP>
      <BETA>4.43087257610448</BETA>
    </VegetationZoneParameters>
  </VegetationZone>
  <SubCatchment>
    <SubCatchmentParameters>
      <KSI>0.001</KSI>
      <KGmin>0.05</KGmin>
      <RangeKG>0.1</RangeKG>
      <AG>0.1</AG>
      <PERC>6.6568865473232144</PERC>
      <Alpha>0</Alpha>
      <UZL>149.65141450473277</UZL>
      <K0>0.51667819875492671</K0>
      <K1>0.088975422783273764</K1>
      <K2>0.12141333568670226</K2>
      <MAXBAS>1.0000303239280575</MAXBAS>
      <Cet>0</Cet>
      <PCALT>10</PCALT>
      <TCALT>0.6</TCALT>
      <Pelev>3165</Pelev>
      <Telev>3224</Telev>
      <PART>0.5</PART>
      <DELAY>1</DELAY>
    </SubCatchmentParameters>
    <SubCatchmentVegetationZone>
      <SubCatchmentVegetationZoneParameters>
        <TT>0.80325668304107345</TT>
        <CFMAX>3.0555985221947535</CFMAX>
        <SP>0</SP>
        <SFCF>0.74741878446874965</SFCF>
        <CFR>0.066802030239060645</CFR>
        <CWH>0.10000088919231992</CWH>
        <CFGlacier>1</CFGlacier>
        <CFSlope>1</CFSlope>
        <FC>428.59027209267805</FC>
        <LP>0.99998232265059994</LP>
        <BETA>4.43087257610448</BETA>
      </SubCatchmentVegetationZoneParameters>
    </SubCatchmentVegetationZone>
  </SubCatchment>
</Catchment>