<?xml version="1.0" encoding="utf-8"?>
<Catchment xmlns:xsi="http://www.w3.org/2001/XMLSchema-instance" xmlns:xsd="http://www.w3.org/2001/XMLSchema">
  <CatchmentParameters>
    <KSI>0.001</KSI>
    <KGmin>0.05</KGmin>
    <RangeKG>0.1</RangeKG>
    <AG>0.1</AG>
    <PERC>0.25874346050982661</PERC>
    <Alpha>0</Alpha>
    <UZL>129.98712568932891</UZL>
    <K0>0.49198621353605054</K0>
    <K1>0.12070259565886041</K1>
    <K2>0.010000010168483991</K2>
    <MAXBAS>1</MAXBAS>
    <Cet>0</Cet>
    <PCALT>10</PCALT>
    <TCALT>0.6</TCALT>
    <Pelev>3165</Pelev>
    <Telev>3224</Telev>
    <PART>0.5</PART>
    <DELAY>1</DELAY>
  </CatchmentParameters>
  <VegetationZone>
    <VegetationZoneParameters>
      <TT>-0.81178372680046162</TT>
      <CFMAX>2.6604651363365606</CFMAX>
      <SP>0</SP>
      <SFCF>1.1019416706599703</SFCF>
      <CFR>0.099999542659286317</CFR>
      <CWH>0.19999942954280645</CWH>
      <CFGlacier>1</CFGlacier>
      <CFSlope>1</CFSlope>
      <FC>1093.7653623244742</FC>
      <LP>0.53882264051024686</LP>
      <BETA>1.6426964812511584</BETA>
    </VegetationZoneParameters>
  </VegetationZone>
  <SubCatchment>
    <SubCatchmentParameters>
      <KSI>0.001</KSI>
      <KGmin>0.05</KGmin>
      <RangeKG>0.1</RangeKG>
      <AG>0.1</AG>
      <PERC>0.25874346050982661</PERC>
      <Alpha>0</Alpha>
      <UZL>129.98712568932891</UZL>
      <K0>0.49198621353605054</K0>
      <K1>0.12070259565886041</K1>
      <K2>0.010000010168483991</K2>
      <MAXBAS>1</MAXBAS>
      <Cet>0</Cet>
      <PCALT>10</PCALT>
      <TCALT>0.6</TCALT>
      <Pelev>3165</Pelev>
      <Telev>3224</Telev>
      <PART>0.5</PART>
      <DELAY>1</DELAY>
    </SubCatchmentParameters>
    <SubCatchmentVegetationZone>
      <SubCatchmentVegetationZoneParameters>
        <TT>-0.81178372680046162</TT>
        <CFMAX>2.6604651363365606</CFMAX>
        <SP>0</SP>
        <SFCF>1.1019416706599703</SFCF>
        <CFR>0.099999542659286317</CFR>
        <CWH>0.19999942954280645</CWH>
        <CFGlacier>1</CFGlacier>
        <CFSlope>1</CFSlope>
        <FC>1093.7653623244742</FC>
        <LP>0.53882264051024686</LP>
        <BETA>1.6426964812511584</BETA>
      </SubCatchmentVegetationZoneParameters>
    </SubCatchmentVegetationZone>
  </SubCatchment>
</Catchment>