<?xml version="1.0" encoding="utf-8"?>
<Catchment xmlns:xsi="http://www.w3.org/2001/XMLSchema-instance" xmlns:xsd="http://www.w3.org/2001/XMLSchema">
  <CatchmentParameters>
    <KSI>0.001</KSI>
    <KGmin>0.05</KGmin>
    <RangeKG>0.1</RangeKG>
    <AG>0.1</AG>
    <PERC>9.9998232369822748</PERC>
    <Alpha>0</Alpha>
    <UZL>121.33127029782298</UZL>
    <K0>0.60441244187405663</K0>
    <K1>0.10200656828630467</K1>
    <K2>0.095005813145627949</K2>
    <MAXBAS>1.0002416256213422</MAXBAS>
    <Cet>0</Cet>
    <PCALT>10</PCALT>
    <TCALT>0.6</TCALT>
    <Pelev>3165</Pelev>
    <Telev>3224</Telev>
    <PART>0.5</PART>
    <DELAY>1</DELAY>
  </CatchmentParameters>
  <VegetationZone>
    <VegetationZoneParameters>
      <TT>0.53200040129149428</TT>
      <CFMAX>2.6827202668199264</CFMAX>
      <SP>0</SP>
      <SFCF>0.71572571789544237</SFCF>
      <CFR>0.081828548933790726</CFR>
      <CWH>0.10000285973421032</CWH>
      <CFGlacier>1</CFGlacier>
      <CFSlope>1</CFSlope>
      <FC>334.72879444246439</FC>
      <LP>0.9257462084280943</LP>
      <BETA>4.8107750725809728</BETA>
    </VegetationZoneParameters>
  </VegetationZone>
  <SubCatchment>
    <SubCatchmentParameters>
      <KSI>0.001</KSI>
      <KGmin>0.05</KGmin>
      <RangeKG>0.1</RangeKG>
      <AG>0.1</AG>
      <PERC>9.9998232369822748</PERC>
      <Alpha>0</Alpha>
      <UZL>121.33127029782298</UZL>
      <K0>0.60441244187405663</K0>
      <K1>0.10200656828630467</K1>
      <K2>0.095005813145627949</K2>
      <MAXBAS>1.0002416256213422</MAXBAS>
      <Cet>0</Cet>
      <PCALT>10</PCALT>
      <TCALT>0.6</TCALT>
      <Pelev>3165</Pelev>
      <Telev>3224</Telev>
      <PART>0.5</PART>
      <DELAY>1</DELAY>
    </SubCatchmentParameters>
    <SubCatchmentVegetationZone>
      <SubCatchmentVegetationZoneParameters>
        <TT>0.53200040129149428</TT>
        <CFMAX>2.6827202668199264</CFMAX>
        <SP>0</SP>
        <SFCF>0.71572571789544237</SFCF>
        <CFR>0.081828548933790726</CFR>
        <CWH>0.10000285973421032</CWH>
        <CFGlacier>1</CFGlacier>
        <CFSlope>1</CFSlope>
        <FC>334.72879444246439</FC>
        <LP>0.9257462084280943</LP>
        <BETA>4.8107750725809728</BETA>
      </SubCatchmentVegetationZoneParameters>
    </SubCatchmentVegetationZone>
  </SubCatchment>
</Catchment>