<?xml version="1.0" encoding="utf-8"?>
<Catchment xmlns:xsi="http://www.w3.org/2001/XMLSchema-instance" xmlns:xsd="http://www.w3.org/2001/XMLSchema">
  <CatchmentParameters>
    <KSI>0.001</KSI>
    <KGmin>0.05</KGmin>
    <RangeKG>0.1</RangeKG>
    <AG>0.1</AG>
    <PERC>0.27345312903452623</PERC>
    <Alpha>0</Alpha>
    <UZL>136.90368176506513</UZL>
    <K0>0.33887995517493219</K0>
    <K1>0.11580987398366371</K1>
    <K2>0.010000882237363742</K2>
    <MAXBAS>1</MAXBAS>
    <Cet>0</Cet>
    <PCALT>10</PCALT>
    <TCALT>0.6</TCALT>
    <Pelev>3165</Pelev>
    <Telev>3224</Telev>
    <PART>0.5</PART>
    <DELAY>1</DELAY>
  </CatchmentParameters>
  <VegetationZone>
    <VegetationZoneParameters>
      <TT>-0.6960285666313174</TT>
      <CFMAX>2.8370876769006319</CFMAX>
      <SP>0</SP>
      <SFCF>1.0912506949168563</SFCF>
      <CFR>0.0999992456830974</CFR>
      <CWH>0.10621503410106667</CWH>
      <CFGlacier>1</CFGlacier>
      <CFSlope>1</CFSlope>
      <FC>1210.9533863990057</FC>
      <LP>0.81352335808206577</LP>
      <BETA>3.2202247547004328</BETA>
    </VegetationZoneParameters>
  </VegetationZone>
  <SubCatchment>
    <SubCatchmentParameters>
      <KSI>0.001</KSI>
      <KGmin>0.05</KGmin>
      <RangeKG>0.1</RangeKG>
      <AG>0.1</AG>
      <PERC>0.27345312903452623</PERC>
      <Alpha>0</Alpha>
      <UZL>136.90368176506513</UZL>
      <K0>0.33887995517493219</K0>
      <K1>0.11580987398366371</K1>
      <K2>0.010000882237363742</K2>
      <MAXBAS>1</MAXBAS>
      <Cet>0</Cet>
      <PCALT>10</PCALT>
      <TCALT>0.6</TCALT>
      <Pelev>3165</Pelev>
      <Telev>3224</Telev>
      <PART>0.5</PART>
      <DELAY>1</DELAY>
    </SubCatchmentParameters>
    <SubCatchmentVegetationZone>
      <SubCatchmentVegetationZoneParameters>
        <TT>-0.6960285666313174</TT>
        <CFMAX>2.8370876769006319</CFMAX>
        <SP>0</SP>
        <SFCF>1.0912506949168563</SFCF>
        <CFR>0.0999992456830974</CFR>
        <CWH>0.10621503410106667</CWH>
        <CFGlacier>1</CFGlacier>
        <CFSlope>1</CFSlope>
        <FC>1210.9533863990057</FC>
        <LP>0.81352335808206577</LP>
        <BETA>3.2202247547004328</BETA>
      </SubCatchmentVegetationZoneParameters>
    </SubCatchmentVegetationZone>
  </SubCatchment>
</Catchment>