<?xml version="1.0" encoding="utf-8"?>
<Catchment xmlns:xsi="http://www.w3.org/2001/XMLSchema-instance" xmlns:xsd="http://www.w3.org/2001/XMLSchema">
  <CatchmentParameters>
    <KSI>0.001</KSI>
    <KGmin>0.05</KGmin>
    <RangeKG>0.1</RangeKG>
    <AG>0.1</AG>
    <PERC>9.9967344712618438</PERC>
    <Alpha>0</Alpha>
    <UZL>152.559067177822</UZL>
    <K0>0.53082945492938671</K0>
    <K1>0.10997574135714805</K1>
    <K2>0.10614866671670786</K2>
    <MAXBAS>1.0000015655050076</MAXBAS>
    <Cet>0</Cet>
    <PCALT>10</PCALT>
    <TCALT>0.6</TCALT>
    <Pelev>3165</Pelev>
    <Telev>3224</Telev>
    <PART>0.5</PART>
    <DELAY>1</DELAY>
  </CatchmentParameters>
  <VegetationZone>
    <VegetationZoneParameters>
      <TT>0.88538735950226244</TT>
      <CFMAX>2.6536244308298049</CFMAX>
      <SP>0</SP>
      <SFCF>0.661142393262257</SFCF>
      <CFR>0.064383769296858712</CFR>
      <CWH>0.13135783650306668</CWH>
      <CFGlacier>1</CFGlacier>
      <CFSlope>1</CFSlope>
      <FC>297.63854825648929</FC>
      <LP>0.99134192608072358</LP>
      <BETA>4.7439912578479193</BETA>
    </VegetationZoneParameters>
  </VegetationZone>
  <SubCatchment>
    <SubCatchmentParameters>
      <KSI>0.001</KSI>
      <KGmin>0.05</KGmin>
      <RangeKG>0.1</RangeKG>
      <AG>0.1</AG>
      <PERC>9.9967344712618438</PERC>
      <Alpha>0</Alpha>
      <UZL>152.559067177822</UZL>
      <K0>0.53082945492938671</K0>
      <K1>0.10997574135714805</K1>
      <K2>0.10614866671670786</K2>
      <MAXBAS>1.0000015655050076</MAXBAS>
      <Cet>0</Cet>
      <PCALT>10</PCALT>
      <TCALT>0.6</TCALT>
      <Pelev>3165</Pelev>
      <Telev>3224</Telev>
      <PART>0.5</PART>
      <DELAY>1</DELAY>
    </SubCatchmentParameters>
    <SubCatchmentVegetationZone>
      <SubCatchmentVegetationZoneParameters>
        <TT>0.88538735950226244</TT>
        <CFMAX>2.6536244308298049</CFMAX>
        <SP>0</SP>
        <SFCF>0.661142393262257</SFCF>
        <CFR>0.064383769296858712</CFR>
        <CWH>0.13135783650306668</CWH>
        <CFGlacier>1</CFGlacier>
        <CFSlope>1</CFSlope>
        <FC>297.63854825648929</FC>
        <LP>0.99134192608072358</LP>
        <BETA>4.7439912578479193</BETA>
      </SubCatchmentVegetationZoneParameters>
    </SubCatchmentVegetationZone>
  </SubCatchment>
</Catchment>