<?xml version="1.0" encoding="utf-8"?>
<Catchment xmlns:xsi="http://www.w3.org/2001/XMLSchema-instance" xmlns:xsd="http://www.w3.org/2001/XMLSchema">
  <CatchmentParameters>
    <KSI>0.001</KSI>
    <KGmin>0.05</KGmin>
    <RangeKG>0.1</RangeKG>
    <AG>0.1</AG>
    <PERC>7.1246356541411284</PERC>
    <Alpha>0</Alpha>
    <UZL>143.43043409762066</UZL>
    <K0>0.13655481479242426</K0>
    <K1>0.09714754586806934</K1>
    <K2>0.11026331781612909</K2>
    <MAXBAS>1.0000243710009416</MAXBAS>
    <Cet>0</Cet>
    <PCALT>10</PCALT>
    <TCALT>0.6</TCALT>
    <Pelev>3165</Pelev>
    <Telev>3224</Telev>
    <PART>0.5</PART>
    <DELAY>1</DELAY>
  </CatchmentParameters>
  <VegetationZone>
    <VegetationZoneParameters>
      <TT>1.3029804962954565</TT>
      <CFMAX>2.9937798412177523</CFMAX>
      <SP>0</SP>
      <SFCF>0.65251064395841474</SFCF>
      <CFR>0.044034410033709781</CFR>
      <CWH>0.11239875633031049</CWH>
      <CFGlacier>1</CFGlacier>
      <CFSlope>1</CFSlope>
      <FC>279.18510847880935</FC>
      <LP>0.99973505466639834</LP>
      <BETA>4.5877082320980564</BETA>
    </VegetationZoneParameters>
  </VegetationZone>
  <SubCatchment>
    <SubCatchmentParameters>
      <KSI>0.001</KSI>
      <KGmin>0.05</KGmin>
      <RangeKG>0.1</RangeKG>
      <AG>0.1</AG>
      <PERC>7.1246356541411284</PERC>
      <Alpha>0</Alpha>
      <UZL>143.43043409762066</UZL>
      <K0>0.13655481479242426</K0>
      <K1>0.09714754586806934</K1>
      <K2>0.11026331781612909</K2>
      <MAXBAS>1.0000243710009416</MAXBAS>
      <Cet>0</Cet>
      <PCALT>10</PCALT>
      <TCALT>0.6</TCALT>
      <Pelev>3165</Pelev>
      <Telev>3224</Telev>
      <PART>0.5</PART>
      <DELAY>1</DELAY>
    </SubCatchmentParameters>
    <SubCatchmentVegetationZone>
      <SubCatchmentVegetationZoneParameters>
        <TT>1.3029804962954565</TT>
        <CFMAX>2.9937798412177523</CFMAX>
        <SP>0</SP>
        <SFCF>0.65251064395841474</SFCF>
        <CFR>0.044034410033709781</CFR>
        <CWH>0.11239875633031049</CWH>
        <CFGlacier>1</CFGlacier>
        <CFSlope>1</CFSlope>
        <FC>279.18510847880935</FC>
        <LP>0.99973505466639834</LP>
        <BETA>4.5877082320980564</BETA>
      </SubCatchmentVegetationZoneParameters>
    </SubCatchmentVegetationZone>
  </SubCatchment>
</Catchment>