<?xml version="1.0" encoding="utf-8"?>
<Catchment xmlns:xsi="http://www.w3.org/2001/XMLSchema-instance" xmlns:xsd="http://www.w3.org/2001/XMLSchema">
  <CatchmentParameters>
    <KSI>0.001</KSI>
    <KGmin>0.05</KGmin>
    <RangeKG>0.1</RangeKG>
    <AG>0.1</AG>
    <PERC>6.8074481857297879</PERC>
    <Alpha>0</Alpha>
    <UZL>192.95560890881046</UZL>
    <K0>0.61097906094855836</K0>
    <K1>0.0867871954796586</K1>
    <K2>0.12324982570429406</K2>
    <MAXBAS>1.0002423585549662</MAXBAS>
    <Cet>0</Cet>
    <PCALT>10</PCALT>
    <TCALT>0.6</TCALT>
    <Pelev>3165</Pelev>
    <Telev>3224</Telev>
    <PART>0.5</PART>
    <DELAY>1</DELAY>
  </CatchmentParameters>
  <VegetationZone>
    <VegetationZoneParameters>
      <TT>0.74399447289806719</TT>
      <CFMAX>3.1802022321377761</CFMAX>
      <SP>0</SP>
      <SFCF>0.78181184334161047</SFCF>
      <CFR>0.067837696242226311</CFR>
      <CWH>0.10000019945083744</CWH>
      <CFGlacier>1</CFGlacier>
      <CFSlope>1</CFSlope>
      <FC>489.93726744848448</FC>
      <LP>0.99999834911651431</LP>
      <BETA>4.3753002952353235</BETA>
    </VegetationZoneParameters>
  </VegetationZone>
  <SubCatchment>
    <SubCatchmentParameters>
      <KSI>0.001</KSI>
      <KGmin>0.05</KGmin>
      <RangeKG>0.1</RangeKG>
      <AG>0.1</AG>
      <PERC>6.8074481857297879</PERC>
      <Alpha>0</Alpha>
      <UZL>192.95560890881046</UZL>
      <K0>0.61097906094855836</K0>
      <K1>0.0867871954796586</K1>
      <K2>0.12324982570429406</K2>
      <MAXBAS>1.0002423585549662</MAXBAS>
      <Cet>0</Cet>
      <PCALT>10</PCALT>
      <TCALT>0.6</TCALT>
      <Pelev>3165</Pelev>
      <Telev>3224</Telev>
      <PART>0.5</PART>
      <DELAY>1</DELAY>
    </SubCatchmentParameters>
    <SubCatchmentVegetationZone>
      <SubCatchmentVegetationZoneParameters>
        <TT>0.74399447289806719</TT>
        <CFMAX>3.1802022321377761</CFMAX>
        <SP>0</SP>
        <SFCF>0.78181184334161047</SFCF>
        <CFR>0.067837696242226311</CFR>
        <CWH>0.10000019945083744</CWH>
        <CFGlacier>1</CFGlacier>
        <CFSlope>1</CFSlope>
        <FC>489.93726744848448</FC>
        <LP>0.99999834911651431</LP>
        <BETA>4.3753002952353235</BETA>
      </SubCatchmentVegetationZoneParameters>
    </SubCatchmentVegetationZone>
  </SubCatchment>
</Catchment>