<?xml version="1.0" encoding="utf-8"?>
<Catchment xmlns:xsi="http://www.w3.org/2001/XMLSchema-instance" xmlns:xsd="http://www.w3.org/2001/XMLSchema">
  <CatchmentParameters>
    <KSI>0.001</KSI>
    <KGmin>0.05</KGmin>
    <RangeKG>0.1</RangeKG>
    <AG>0.1</AG>
    <PERC>6.3243923182802071</PERC>
    <Alpha>0</Alpha>
    <UZL>119.83494673499585</UZL>
    <K0>0.36074563188097664</K0>
    <K1>0.073510393381806219</K1>
    <K2>0.1095171781442499</K2>
    <MAXBAS>1.0049612642009049</MAXBAS>
    <Cet>0</Cet>
    <PCALT>10</PCALT>
    <TCALT>0.6</TCALT>
    <Pelev>3165</Pelev>
    <Telev>3224</Telev>
    <PART>0.5</PART>
    <DELAY>1</DELAY>
  </CatchmentParameters>
  <VegetationZone>
    <VegetationZoneParameters>
      <TT>0.0439999958166412</TT>
      <CFMAX>3.6352185607896041</CFMAX>
      <SP>0</SP>
      <SFCF>0.99912041532309492</SFCF>
      <CFR>0.0828427300812665</CFR>
      <CWH>0.10000004374606177</CWH>
      <CFGlacier>1</CFGlacier>
      <CFSlope>1</CFSlope>
      <FC>766.07332490217789</FC>
      <LP>0.76994427479190974</LP>
      <BETA>3.4756151441319973</BETA>
    </VegetationZoneParameters>
  </VegetationZone>
  <SubCatchment>
    <SubCatchmentParameters>
      <KSI>0.001</KSI>
      <KGmin>0.05</KGmin>
      <RangeKG>0.1</RangeKG>
      <AG>0.1</AG>
      <PERC>6.3243923182802071</PERC>
      <Alpha>0</Alpha>
      <UZL>119.83494673499585</UZL>
      <K0>0.36074563188097664</K0>
      <K1>0.073510393381806219</K1>
      <K2>0.1095171781442499</K2>
      <MAXBAS>1.0049612642009049</MAXBAS>
      <Cet>0</Cet>
      <PCALT>10</PCALT>
      <TCALT>0.6</TCALT>
      <Pelev>3165</Pelev>
      <Telev>3224</Telev>
      <PART>0.5</PART>
      <DELAY>1</DELAY>
    </SubCatchmentParameters>
    <SubCatchmentVegetationZone>
      <SubCatchmentVegetationZoneParameters>
        <TT>0.0439999958166412</TT>
        <CFMAX>3.6352185607896041</CFMAX>
        <SP>0</SP>
        <SFCF>0.99912041532309492</SFCF>
        <CFR>0.0828427300812665</CFR>
        <CWH>0.10000004374606177</CWH>
        <CFGlacier>1</CFGlacier>
        <CFSlope>1</CFSlope>
        <FC>766.07332490217789</FC>
        <LP>0.76994427479190974</LP>
        <BETA>3.4756151441319973</BETA>
      </SubCatchmentVegetationZoneParameters>
    </SubCatchmentVegetationZone>
  </SubCatchment>
</Catchment>