<?xml version="1.0" encoding="utf-8"?>
<Catchment xmlns:xsi="http://www.w3.org/2001/XMLSchema-instance" xmlns:xsd="http://www.w3.org/2001/XMLSchema">
  <CatchmentParameters>
    <KSI>0.001</KSI>
    <KGmin>0.05</KGmin>
    <RangeKG>0.1</RangeKG>
    <AG>0.1</AG>
    <PERC>0.27561756234807644</PERC>
    <Alpha>0</Alpha>
    <UZL>152.75401503496659</UZL>
    <K0>0.37626159129282633</K0>
    <K1>0.11214420027189229</K1>
    <K2>0.011975753685789504</K2>
    <MAXBAS>1</MAXBAS>
    <Cet>0</Cet>
    <PCALT>10</PCALT>
    <TCALT>0.6</TCALT>
    <Pelev>3165</Pelev>
    <Telev>3224</Telev>
    <PART>0.5</PART>
    <DELAY>1</DELAY>
  </CatchmentParameters>
  <VegetationZone>
    <VegetationZoneParameters>
      <TT>0.0099067089281763727</TT>
      <CFMAX>3.7923188334522719</CFMAX>
      <SP>0</SP>
      <SFCF>1.0766375528337862</SFCF>
      <CFR>0.0999993751462312</CFR>
      <CWH>0.1150206539525164</CWH>
      <CFGlacier>1</CFGlacier>
      <CFSlope>1</CFSlope>
      <FC>1182.0369302989163</FC>
      <LP>0.69657596339235639</LP>
      <BETA>2.11198628886796</BETA>
    </VegetationZoneParameters>
  </VegetationZone>
  <SubCatchment>
    <SubCatchmentParameters>
      <KSI>0.001</KSI>
      <KGmin>0.05</KGmin>
      <RangeKG>0.1</RangeKG>
      <AG>0.1</AG>
      <PERC>0.27561756234807644</PERC>
      <Alpha>0</Alpha>
      <UZL>152.75401503496659</UZL>
      <K0>0.37626159129282633</K0>
      <K1>0.11214420027189229</K1>
      <K2>0.011975753685789504</K2>
      <MAXBAS>1</MAXBAS>
      <Cet>0</Cet>
      <PCALT>10</PCALT>
      <TCALT>0.6</TCALT>
      <Pelev>3165</Pelev>
      <Telev>3224</Telev>
      <PART>0.5</PART>
      <DELAY>1</DELAY>
    </SubCatchmentParameters>
    <SubCatchmentVegetationZone>
      <SubCatchmentVegetationZoneParameters>
        <TT>0.0099067089281763727</TT>
        <CFMAX>3.7923188334522719</CFMAX>
        <SP>0</SP>
        <SFCF>1.0766375528337862</SFCF>
        <CFR>0.0999993751462312</CFR>
        <CWH>0.1150206539525164</CWH>
        <CFGlacier>1</CFGlacier>
        <CFSlope>1</CFSlope>
        <FC>1182.0369302989163</FC>
        <LP>0.69657596339235639</LP>
        <BETA>2.11198628886796</BETA>
      </SubCatchmentVegetationZoneParameters>
    </SubCatchmentVegetationZone>
  </SubCatchment>
</Catchment>