<?xml version="1.0" encoding="utf-8"?>
<Catchment xmlns:xsi="http://www.w3.org/2001/XMLSchema-instance" xmlns:xsd="http://www.w3.org/2001/XMLSchema">
  <CatchmentParameters>
    <KSI>0.001</KSI>
    <KGmin>0.05</KGmin>
    <RangeKG>0.1</RangeKG>
    <AG>0.1</AG>
    <PERC>0.24813166138333773</PERC>
    <Alpha>0</Alpha>
    <UZL>150.38465270637147</UZL>
    <K0>0.44623215848952613</K0>
    <K1>0.10769870178921534</K1>
    <K2>0.010000000027549569</K2>
    <MAXBAS>1</MAXBAS>
    <Cet>0</Cet>
    <PCALT>10</PCALT>
    <TCALT>0.6</TCALT>
    <Pelev>3165</Pelev>
    <Telev>3224</Telev>
    <PART>0.5</PART>
    <DELAY>1</DELAY>
  </CatchmentParameters>
  <VegetationZone>
    <VegetationZoneParameters>
      <TT>-1.0743423184896297</TT>
      <CFMAX>2.3301234550854732</CFMAX>
      <SP>0</SP>
      <SFCF>0.99473722181753</SFCF>
      <CFR>0.099998721791324408</CFR>
      <CWH>0.19999344004601577</CWH>
      <CFGlacier>1</CFGlacier>
      <CFSlope>1</CFSlope>
      <FC>997.49895967004954</FC>
      <LP>0.92851590550542118</LP>
      <BETA>3.1880868842041816</BETA>
    </VegetationZoneParameters>
  </VegetationZone>
  <SubCatchment>
    <SubCatchmentParameters>
      <KSI>0.001</KSI>
      <KGmin>0.05</KGmin>
      <RangeKG>0.1</RangeKG>
      <AG>0.1</AG>
      <PERC>0.24813166138333773</PERC>
      <Alpha>0</Alpha>
      <UZL>150.38465270637147</UZL>
      <K0>0.44623215848952613</K0>
      <K1>0.10769870178921534</K1>
      <K2>0.010000000027549569</K2>
      <MAXBAS>1</MAXBAS>
      <Cet>0</Cet>
      <PCALT>10</PCALT>
      <TCALT>0.6</TCALT>
      <Pelev>3165</Pelev>
      <Telev>3224</Telev>
      <PART>0.5</PART>
      <DELAY>1</DELAY>
    </SubCatchmentParameters>
    <SubCatchmentVegetationZone>
      <SubCatchmentVegetationZoneParameters>
        <TT>-1.0743423184896297</TT>
        <CFMAX>2.3301234550854732</CFMAX>
        <SP>0</SP>
        <SFCF>0.99473722181753</SFCF>
        <CFR>0.099998721791324408</CFR>
        <CWH>0.19999344004601577</CWH>
        <CFGlacier>1</CFGlacier>
        <CFSlope>1</CFSlope>
        <FC>997.49895967004954</FC>
        <LP>0.92851590550542118</LP>
        <BETA>3.1880868842041816</BETA>
      </SubCatchmentVegetationZoneParameters>
    </SubCatchmentVegetationZone>
  </SubCatchment>
</Catchment>