<?xml version="1.0" encoding="utf-8"?>
<Catchment xmlns:xsi="http://www.w3.org/2001/XMLSchema-instance" xmlns:xsd="http://www.w3.org/2001/XMLSchema">
  <CatchmentParameters>
    <KSI>0.001</KSI>
    <KGmin>0.05</KGmin>
    <RangeKG>0.1</RangeKG>
    <AG>0.1</AG>
    <PERC>6.9472268122209737</PERC>
    <Alpha>0</Alpha>
    <UZL>146.71460227204145</UZL>
    <K0>0.059086258670187804</K0>
    <K1>0.079783993903697684</K1>
    <K2>0.10782852622481437</K2>
    <MAXBAS>1.0048746679935785</MAXBAS>
    <Cet>0</Cet>
    <PCALT>10</PCALT>
    <TCALT>0.6</TCALT>
    <Pelev>3165</Pelev>
    <Telev>3224</Telev>
    <PART>0.5</PART>
    <DELAY>1</DELAY>
  </CatchmentParameters>
  <VegetationZone>
    <VegetationZoneParameters>
      <TT>1.60269095777242</TT>
      <CFMAX>4.7055542756874145</CFMAX>
      <SP>0</SP>
      <SFCF>0.83841321338973318</SFCF>
      <CFR>0.029045654567013423</CFR>
      <CWH>0.1000000000711973</CWH>
      <CFGlacier>1</CFGlacier>
      <CFSlope>1</CFSlope>
      <FC>506.4910032449132</FC>
      <LP>0.84160122663334369</LP>
      <BETA>2.9130847946139866</BETA>
    </VegetationZoneParameters>
  </VegetationZone>
  <SubCatchment>
    <SubCatchmentParameters>
      <KSI>0.001</KSI>
      <KGmin>0.05</KGmin>
      <RangeKG>0.1</RangeKG>
      <AG>0.1</AG>
      <PERC>6.9472268122209737</PERC>
      <Alpha>0</Alpha>
      <UZL>146.71460227204145</UZL>
      <K0>0.059086258670187804</K0>
      <K1>0.079783993903697684</K1>
      <K2>0.10782852622481437</K2>
      <MAXBAS>1.0048746679935785</MAXBAS>
      <Cet>0</Cet>
      <PCALT>10</PCALT>
      <TCALT>0.6</TCALT>
      <Pelev>3165</Pelev>
      <Telev>3224</Telev>
      <PART>0.5</PART>
      <DELAY>1</DELAY>
    </SubCatchmentParameters>
    <SubCatchmentVegetationZone>
      <SubCatchmentVegetationZoneParameters>
        <TT>1.60269095777242</TT>
        <CFMAX>4.7055542756874145</CFMAX>
        <SP>0</SP>
        <SFCF>0.83841321338973318</SFCF>
        <CFR>0.029045654567013423</CFR>
        <CWH>0.1000000000711973</CWH>
        <CFGlacier>1</CFGlacier>
        <CFSlope>1</CFSlope>
        <FC>506.4910032449132</FC>
        <LP>0.84160122663334369</LP>
        <BETA>2.9130847946139866</BETA>
      </SubCatchmentVegetationZoneParameters>
    </SubCatchmentVegetationZone>
  </SubCatchment>
</Catchment>