<?xml version="1.0" encoding="utf-8"?>
<Catchment xmlns:xsi="http://www.w3.org/2001/XMLSchema-instance" xmlns:xsd="http://www.w3.org/2001/XMLSchema">
  <CatchmentParameters>
    <KSI>0.001</KSI>
    <KGmin>0.05</KGmin>
    <RangeKG>0.1</RangeKG>
    <AG>0.1</AG>
    <PERC>7.1345744622472882</PERC>
    <Alpha>0</Alpha>
    <UZL>169.72538862375708</UZL>
    <K0>0.43333335128947331</K0>
    <K1>0.0860712261171144</K1>
    <K2>0.12063231320589701</K2>
    <MAXBAS>1.0047864520476062</MAXBAS>
    <Cet>0</Cet>
    <PCALT>10</PCALT>
    <TCALT>0.6</TCALT>
    <Pelev>3165</Pelev>
    <Telev>3224</Telev>
    <PART>0.5</PART>
    <DELAY>1</DELAY>
  </CatchmentParameters>
  <VegetationZone>
    <VegetationZoneParameters>
      <TT>0.903996871066611</TT>
      <CFMAX>3.3010699368252108</CFMAX>
      <SP>0</SP>
      <SFCF>0.77641341016116916</SFCF>
      <CFR>0.059686720959351541</CFR>
      <CWH>0.10000071087013673</CWH>
      <CFGlacier>1</CFGlacier>
      <CFSlope>1</CFSlope>
      <FC>479.90146094802793</FC>
      <LP>0.99999633020108369</LP>
      <BETA>4.30535103113661</BETA>
    </VegetationZoneParameters>
  </VegetationZone>
  <SubCatchment>
    <SubCatchmentParameters>
      <KSI>0.001</KSI>
      <KGmin>0.05</KGmin>
      <RangeKG>0.1</RangeKG>
      <AG>0.1</AG>
      <PERC>7.1345744622472882</PERC>
      <Alpha>0</Alpha>
      <UZL>169.72538862375708</UZL>
      <K0>0.43333335128947331</K0>
      <K1>0.0860712261171144</K1>
      <K2>0.12063231320589701</K2>
      <MAXBAS>1.0047864520476062</MAXBAS>
      <Cet>0</Cet>
      <PCALT>10</PCALT>
      <TCALT>0.6</TCALT>
      <Pelev>3165</Pelev>
      <Telev>3224</Telev>
      <PART>0.5</PART>
      <DELAY>1</DELAY>
    </SubCatchmentParameters>
    <SubCatchmentVegetationZone>
      <SubCatchmentVegetationZoneParameters>
        <TT>0.903996871066611</TT>
        <CFMAX>3.3010699368252108</CFMAX>
        <SP>0</SP>
        <SFCF>0.77641341016116916</SFCF>
        <CFR>0.059686720959351541</CFR>
        <CWH>0.10000071087013673</CWH>
        <CFGlacier>1</CFGlacier>
        <CFSlope>1</CFSlope>
        <FC>479.90146094802793</FC>
        <LP>0.99999633020108369</LP>
        <BETA>4.30535103113661</BETA>
      </SubCatchmentVegetationZoneParameters>
    </SubCatchmentVegetationZone>
  </SubCatchment>
</Catchment>