<?xml version="1.0" encoding="utf-8"?>
<Catchment xmlns:xsi="http://www.w3.org/2001/XMLSchema-instance" xmlns:xsd="http://www.w3.org/2001/XMLSchema">
  <CatchmentParameters>
    <KSI>0.001</KSI>
    <KGmin>0.05</KGmin>
    <RangeKG>0.1</RangeKG>
    <AG>0.1</AG>
    <PERC>0.26123122232192741</PERC>
    <Alpha>0</Alpha>
    <UZL>135.54378133521405</UZL>
    <K0>0.48801250768505283</K0>
    <K1>0.11319943900846652</K1>
    <K2>0.01000001286475625</K2>
    <MAXBAS>1</MAXBAS>
    <Cet>0</Cet>
    <PCALT>10</PCALT>
    <TCALT>0.6</TCALT>
    <Pelev>3165</Pelev>
    <Telev>3224</Telev>
    <PART>0.5</PART>
    <DELAY>1</DELAY>
  </CatchmentParameters>
  <VegetationZone>
    <VegetationZoneParameters>
      <TT>-0.7969166157830998</TT>
      <CFMAX>2.6141633379938964</CFMAX>
      <SP>0</SP>
      <SFCF>1.0549664752691337</SFCF>
      <CFR>0.097352723743637515</CFR>
      <CWH>0.17013528841293435</CWH>
      <CFGlacier>1</CFGlacier>
      <CFSlope>1</CFSlope>
      <FC>1071.8744585241852</FC>
      <LP>0.78074992635345708</LP>
      <BETA>2.5793028146399459</BETA>
    </VegetationZoneParameters>
  </VegetationZone>
  <SubCatchment>
    <SubCatchmentParameters>
      <KSI>0.001</KSI>
      <KGmin>0.05</KGmin>
      <RangeKG>0.1</RangeKG>
      <AG>0.1</AG>
      <PERC>0.26123122232192741</PERC>
      <Alpha>0</Alpha>
      <UZL>135.54378133521405</UZL>
      <K0>0.48801250768505283</K0>
      <K1>0.11319943900846652</K1>
      <K2>0.01000001286475625</K2>
      <MAXBAS>1</MAXBAS>
      <Cet>0</Cet>
      <PCALT>10</PCALT>
      <TCALT>0.6</TCALT>
      <Pelev>3165</Pelev>
      <Telev>3224</Telev>
      <PART>0.5</PART>
      <DELAY>1</DELAY>
    </SubCatchmentParameters>
    <SubCatchmentVegetationZone>
      <SubCatchmentVegetationZoneParameters>
        <TT>-0.7969166157830998</TT>
        <CFMAX>2.6141633379938964</CFMAX>
        <SP>0</SP>
        <SFCF>1.0549664752691337</SFCF>
        <CFR>0.097352723743637515</CFR>
        <CWH>0.17013528841293435</CWH>
        <CFGlacier>1</CFGlacier>
        <CFSlope>1</CFSlope>
        <FC>1071.8744585241852</FC>
        <LP>0.78074992635345708</LP>
        <BETA>2.5793028146399459</BETA>
      </SubCatchmentVegetationZoneParameters>
    </SubCatchmentVegetationZone>
  </SubCatchment>
</Catchment>