<?xml version="1.0" encoding="utf-8"?>
<Catchment xmlns:xsi="http://www.w3.org/2001/XMLSchema-instance" xmlns:xsd="http://www.w3.org/2001/XMLSchema">
  <CatchmentParameters>
    <KSI>0.001</KSI>
    <KGmin>0.05</KGmin>
    <RangeKG>0.1</RangeKG>
    <AG>0.1</AG>
    <PERC>6.8908327604515645</PERC>
    <Alpha>0</Alpha>
    <UZL>122.46080502467468</UZL>
    <K0>0.88175130056315765</K0>
    <K1>0.086621025836551444</K1>
    <K2>0.12512341877413605</K2>
    <MAXBAS>1.0000163562355489</MAXBAS>
    <Cet>0</Cet>
    <PCALT>10</PCALT>
    <TCALT>0.6</TCALT>
    <Pelev>3165</Pelev>
    <Telev>3224</Telev>
    <PART>0.5</PART>
    <DELAY>1</DELAY>
  </CatchmentParameters>
  <VegetationZone>
    <VegetationZoneParameters>
      <TT>0.90399506495101989</TT>
      <CFMAX>3.3410330117580029</CFMAX>
      <SP>0</SP>
      <SFCF>0.7881927043310456</SFCF>
      <CFR>0.060223833432485829</CFR>
      <CWH>0.10000071116293993</CWH>
      <CFGlacier>1</CFGlacier>
      <CFSlope>1</CFSlope>
      <FC>510.19795162884992</FC>
      <LP>0.999999082576159</LP>
      <BETA>4.2410981082486225</BETA>
    </VegetationZoneParameters>
  </VegetationZone>
  <SubCatchment>
    <SubCatchmentParameters>
      <KSI>0.001</KSI>
      <KGmin>0.05</KGmin>
      <RangeKG>0.1</RangeKG>
      <AG>0.1</AG>
      <PERC>6.8908327604515645</PERC>
      <Alpha>0</Alpha>
      <UZL>122.46080502467468</UZL>
      <K0>0.88175130056315765</K0>
      <K1>0.086621025836551444</K1>
      <K2>0.12512341877413605</K2>
      <MAXBAS>1.0000163562355489</MAXBAS>
      <Cet>0</Cet>
      <PCALT>10</PCALT>
      <TCALT>0.6</TCALT>
      <Pelev>3165</Pelev>
      <Telev>3224</Telev>
      <PART>0.5</PART>
      <DELAY>1</DELAY>
    </SubCatchmentParameters>
    <SubCatchmentVegetationZone>
      <SubCatchmentVegetationZoneParameters>
        <TT>0.90399506495101989</TT>
        <CFMAX>3.3410330117580029</CFMAX>
        <SP>0</SP>
        <SFCF>0.7881927043310456</SFCF>
        <CFR>0.060223833432485829</CFR>
        <CWH>0.10000071116293993</CWH>
        <CFGlacier>1</CFGlacier>
        <CFSlope>1</CFSlope>
        <FC>510.19795162884992</FC>
        <LP>0.999999082576159</LP>
        <BETA>4.2410981082486225</BETA>
      </SubCatchmentVegetationZoneParameters>
    </SubCatchmentVegetationZone>
  </SubCatchment>
</Catchment>