<?xml version="1.0" encoding="utf-8"?>
<Catchment xmlns:xsi="http://www.w3.org/2001/XMLSchema-instance" xmlns:xsd="http://www.w3.org/2001/XMLSchema">
  <CatchmentParameters>
    <KSI>0.001</KSI>
    <KGmin>0.05</KGmin>
    <RangeKG>0.1</RangeKG>
    <AG>0.1</AG>
    <PERC>6.3234159165606645</PERC>
    <Alpha>0</Alpha>
    <UZL>136.80717618758908</UZL>
    <K0>0.31917828806573983</K0>
    <K1>0.099750356980707708</K1>
    <K2>0.1182929389364045</K2>
    <MAXBAS>1.0001103798009385</MAXBAS>
    <Cet>0</Cet>
    <PCALT>10</PCALT>
    <TCALT>0.6</TCALT>
    <Pelev>3165</Pelev>
    <Telev>3224</Telev>
    <PART>0.5</PART>
    <DELAY>1</DELAY>
  </CatchmentParameters>
  <VegetationZone>
    <VegetationZoneParameters>
      <TT>0.70400054028551307</TT>
      <CFMAX>2.4974375291587059</CFMAX>
      <SP>0</SP>
      <SFCF>0.65792212524831528</SFCF>
      <CFR>0.0744478568795378</CFR>
      <CWH>0.14271677888594289</CWH>
      <CFGlacier>1</CFGlacier>
      <CFSlope>1</CFSlope>
      <FC>295.97346500206277</FC>
      <LP>0.9999857112481263</LP>
      <BETA>4.8118913201756159</BETA>
    </VegetationZoneParameters>
  </VegetationZone>
  <SubCatchment>
    <SubCatchmentParameters>
      <KSI>0.001</KSI>
      <KGmin>0.05</KGmin>
      <RangeKG>0.1</RangeKG>
      <AG>0.1</AG>
      <PERC>6.3234159165606645</PERC>
      <Alpha>0</Alpha>
      <UZL>136.80717618758908</UZL>
      <K0>0.31917828806573983</K0>
      <K1>0.099750356980707708</K1>
      <K2>0.1182929389364045</K2>
      <MAXBAS>1.0001103798009385</MAXBAS>
      <Cet>0</Cet>
      <PCALT>10</PCALT>
      <TCALT>0.6</TCALT>
      <Pelev>3165</Pelev>
      <Telev>3224</Telev>
      <PART>0.5</PART>
      <DELAY>1</DELAY>
    </SubCatchmentParameters>
    <SubCatchmentVegetationZone>
      <SubCatchmentVegetationZoneParameters>
        <TT>0.70400054028551307</TT>
        <CFMAX>2.4974375291587059</CFMAX>
        <SP>0</SP>
        <SFCF>0.65792212524831528</SFCF>
        <CFR>0.0744478568795378</CFR>
        <CWH>0.14271677888594289</CWH>
        <CFGlacier>1</CFGlacier>
        <CFSlope>1</CFSlope>
        <FC>295.97346500206277</FC>
        <LP>0.9999857112481263</LP>
        <BETA>4.8118913201756159</BETA>
      </SubCatchmentVegetationZoneParameters>
    </SubCatchmentVegetationZone>
  </SubCatchment>
</Catchment>