<?xml version="1.0" encoding="utf-8"?>
<Catchment xmlns:xsi="http://www.w3.org/2001/XMLSchema-instance" xmlns:xsd="http://www.w3.org/2001/XMLSchema">
  <CatchmentParameters>
    <KSI>0.001</KSI>
    <KGmin>0.05</KGmin>
    <RangeKG>0.1</RangeKG>
    <AG>0.1</AG>
    <PERC>7.7269162492849848</PERC>
    <Alpha>0</Alpha>
    <UZL>81.834433741874733</UZL>
    <K0>0.066602954219382962</K0>
    <K1>0.08750390997759834</K1>
    <K2>0.10982029440141786</K2>
    <MAXBAS>1.0043423728303464</MAXBAS>
    <Cet>0</Cet>
    <PCALT>10</PCALT>
    <TCALT>0.6</TCALT>
    <Pelev>3165</Pelev>
    <Telev>3224</Telev>
    <PART>0.5</PART>
    <DELAY>1</DELAY>
  </CatchmentParameters>
  <VegetationZone>
    <VegetationZoneParameters>
      <TT>0.043997906843375553</TT>
      <CFMAX>2.6437687947394739</CFMAX>
      <SP>0</SP>
      <SFCF>0.79964597256880865</SFCF>
      <CFR>0.09999905795244135</CFR>
      <CWH>0.10000064182525269</CWH>
      <CFGlacier>1</CFGlacier>
      <CFSlope>1</CFSlope>
      <FC>476.49391506771985</FC>
      <LP>0.949777840720818</LP>
      <BETA>4.7246764833691541</BETA>
    </VegetationZoneParameters>
  </VegetationZone>
  <SubCatchment>
    <SubCatchmentParameters>
      <KSI>0.001</KSI>
      <KGmin>0.05</KGmin>
      <RangeKG>0.1</RangeKG>
      <AG>0.1</AG>
      <PERC>7.7269162492849848</PERC>
      <Alpha>0</Alpha>
      <UZL>81.834433741874733</UZL>
      <K0>0.066602954219382962</K0>
      <K1>0.08750390997759834</K1>
      <K2>0.10982029440141786</K2>
      <MAXBAS>1.0043423728303464</MAXBAS>
      <Cet>0</Cet>
      <PCALT>10</PCALT>
      <TCALT>0.6</TCALT>
      <Pelev>3165</Pelev>
      <Telev>3224</Telev>
      <PART>0.5</PART>
      <DELAY>1</DELAY>
    </SubCatchmentParameters>
    <SubCatchmentVegetationZone>
      <SubCatchmentVegetationZoneParameters>
        <TT>0.043997906843375553</TT>
        <CFMAX>2.6437687947394739</CFMAX>
        <SP>0</SP>
        <SFCF>0.79964597256880865</SFCF>
        <CFR>0.09999905795244135</CFR>
        <CWH>0.10000064182525269</CWH>
        <CFGlacier>1</CFGlacier>
        <CFSlope>1</CFSlope>
        <FC>476.49391506771985</FC>
        <LP>0.949777840720818</LP>
        <BETA>4.7246764833691541</BETA>
      </SubCatchmentVegetationZoneParameters>
    </SubCatchmentVegetationZone>
  </SubCatchment>
</Catchment>