<?xml version="1.0" encoding="utf-8"?>
<Catchment xmlns:xsi="http://www.w3.org/2001/XMLSchema-instance" xmlns:xsd="http://www.w3.org/2001/XMLSchema">
  <CatchmentParameters>
    <KSI>0.001</KSI>
    <KGmin>0.05</KGmin>
    <RangeKG>0.1</RangeKG>
    <AG>0.1</AG>
    <PERC>9.9999850318266628</PERC>
    <Alpha>0</Alpha>
    <UZL>52.356083710352117</UZL>
    <K0>0.43541137648641776</K0>
    <K1>0.10673049618409757</K1>
    <K2>0.13032890509838668</K2>
    <MAXBAS>1.0048337533915048</MAXBAS>
    <Cet>0</Cet>
    <PCALT>10</PCALT>
    <TCALT>0.6</TCALT>
    <Pelev>3165</Pelev>
    <Telev>3224</Telev>
    <PART>0.5</PART>
    <DELAY>1</DELAY>
  </CatchmentParameters>
  <VegetationZone>
    <VegetationZoneParameters>
      <TT>0.51748608739687285</TT>
      <CFMAX>2.181832915557345</CFMAX>
      <SP>0</SP>
      <SFCF>0.65319072701448855</SFCF>
      <CFR>0.087413275165439175</CFR>
      <CWH>0.11554095869127481</CWH>
      <CFGlacier>1</CFGlacier>
      <CFSlope>1</CFSlope>
      <FC>280.45059239623583</FC>
      <LP>0.85041628342181408</LP>
      <BETA>4.3754322853120469</BETA>
    </VegetationZoneParameters>
  </VegetationZone>
  <SubCatchment>
    <SubCatchmentParameters>
      <KSI>0.001</KSI>
      <KGmin>0.05</KGmin>
      <RangeKG>0.1</RangeKG>
      <AG>0.1</AG>
      <PERC>9.9999850318266628</PERC>
      <Alpha>0</Alpha>
      <UZL>52.356083710352117</UZL>
      <K0>0.43541137648641776</K0>
      <K1>0.10673049618409757</K1>
      <K2>0.13032890509838668</K2>
      <MAXBAS>1.0048337533915048</MAXBAS>
      <Cet>0</Cet>
      <PCALT>10</PCALT>
      <TCALT>0.6</TCALT>
      <Pelev>3165</Pelev>
      <Telev>3224</Telev>
      <PART>0.5</PART>
      <DELAY>1</DELAY>
    </SubCatchmentParameters>
    <SubCatchmentVegetationZone>
      <SubCatchmentVegetationZoneParameters>
        <TT>0.51748608739687285</TT>
        <CFMAX>2.181832915557345</CFMAX>
        <SP>0</SP>
        <SFCF>0.65319072701448855</SFCF>
        <CFR>0.087413275165439175</CFR>
        <CWH>0.11554095869127481</CWH>
        <CFGlacier>1</CFGlacier>
        <CFSlope>1</CFSlope>
        <FC>280.45059239623583</FC>
        <LP>0.85041628342181408</LP>
        <BETA>4.3754322853120469</BETA>
      </SubCatchmentVegetationZoneParameters>
    </SubCatchmentVegetationZone>
  </SubCatchment>
</Catchment>