<?xml version="1.0" encoding="utf-8"?>
<Catchment xmlns:xsi="http://www.w3.org/2001/XMLSchema-instance" xmlns:xsd="http://www.w3.org/2001/XMLSchema">
  <CatchmentParameters>
    <KSI>0.001</KSI>
    <KGmin>0.05</KGmin>
    <RangeKG>0.1</RangeKG>
    <AG>0.1</AG>
    <PERC>0.25771394388879032</PERC>
    <Alpha>0</Alpha>
    <UZL>183.21746565355093</UZL>
    <K0>0.52023009447841728</K0>
    <K1>0.10497282336892112</K1>
    <K2>0.01000305195966758</K2>
    <MAXBAS>1</MAXBAS>
    <Cet>0</Cet>
    <PCALT>10</PCALT>
    <TCALT>0.6</TCALT>
    <Pelev>3165</Pelev>
    <Telev>3224</Telev>
    <PART>0.5</PART>
    <DELAY>1</DELAY>
  </CatchmentParameters>
  <VegetationZone>
    <VegetationZoneParameters>
      <TT>-0.18778889669947624</TT>
      <CFMAX>3.8133760482726631</CFMAX>
      <SP>0</SP>
      <SFCF>1.1428861902649485</SFCF>
      <CFR>0.099999695333432476</CFR>
      <CWH>0.18798547040130795</CWH>
      <CFGlacier>1</CFGlacier>
      <CFSlope>1</CFSlope>
      <FC>1345.2710165020758</FC>
      <LP>0.66416243868933356</LP>
      <BETA>2.298735424223203</BETA>
    </VegetationZoneParameters>
  </VegetationZone>
  <SubCatchment>
    <SubCatchmentParameters>
      <KSI>0.001</KSI>
      <KGmin>0.05</KGmin>
      <RangeKG>0.1</RangeKG>
      <AG>0.1</AG>
      <PERC>0.25771394388879032</PERC>
      <Alpha>0</Alpha>
      <UZL>183.21746565355093</UZL>
      <K0>0.52023009447841728</K0>
      <K1>0.10497282336892112</K1>
      <K2>0.01000305195966758</K2>
      <MAXBAS>1</MAXBAS>
      <Cet>0</Cet>
      <PCALT>10</PCALT>
      <TCALT>0.6</TCALT>
      <Pelev>3165</Pelev>
      <Telev>3224</Telev>
      <PART>0.5</PART>
      <DELAY>1</DELAY>
    </SubCatchmentParameters>
    <SubCatchmentVegetationZone>
      <SubCatchmentVegetationZoneParameters>
        <TT>-0.18778889669947624</TT>
        <CFMAX>3.8133760482726631</CFMAX>
        <SP>0</SP>
        <SFCF>1.1428861902649485</SFCF>
        <CFR>0.099999695333432476</CFR>
        <CWH>0.18798547040130795</CWH>
        <CFGlacier>1</CFGlacier>
        <CFSlope>1</CFSlope>
        <FC>1345.2710165020758</FC>
        <LP>0.66416243868933356</LP>
        <BETA>2.298735424223203</BETA>
      </SubCatchmentVegetationZoneParameters>
    </SubCatchmentVegetationZone>
  </SubCatchment>
</Catchment>