<?xml version="1.0" encoding="utf-8"?>
<Catchment xmlns:xsi="http://www.w3.org/2001/XMLSchema-instance" xmlns:xsd="http://www.w3.org/2001/XMLSchema">
  <CatchmentParameters>
    <KSI>0.001</KSI>
    <KGmin>0.05</KGmin>
    <RangeKG>0.1</RangeKG>
    <AG>0.1</AG>
    <PERC>0.26383673695695903</PERC>
    <Alpha>0</Alpha>
    <UZL>162.88947054814426</UZL>
    <K0>0.52438873087889371</K0>
    <K1>0.10400703026897312</K1>
    <K2>0.010000012856600495</K2>
    <MAXBAS>1</MAXBAS>
    <Cet>0</Cet>
    <PCALT>10</PCALT>
    <TCALT>0.6</TCALT>
    <Pelev>3165</Pelev>
    <Telev>3224</Telev>
    <PART>0.5</PART>
    <DELAY>1</DELAY>
  </CatchmentParameters>
  <VegetationZone>
    <VegetationZoneParameters>
      <TT>-0.75600375823516475</TT>
      <CFMAX>2.7967786150062945</CFMAX>
      <SP>0</SP>
      <SFCF>1.0915764888741082</SFCF>
      <CFR>0.0796570676789847</CFR>
      <CWH>0.10253172464799072</CWH>
      <CFGlacier>1</CFGlacier>
      <CFSlope>1</CFSlope>
      <FC>1191.3485327915239</FC>
      <LP>0.81917419926391244</LP>
      <BETA>3.2587723453404531</BETA>
    </VegetationZoneParameters>
  </VegetationZone>
  <SubCatchment>
    <SubCatchmentParameters>
      <KSI>0.001</KSI>
      <KGmin>0.05</KGmin>
      <RangeKG>0.1</RangeKG>
      <AG>0.1</AG>
      <PERC>0.26383673695695903</PERC>
      <Alpha>0</Alpha>
      <UZL>162.88947054814426</UZL>
      <K0>0.52438873087889371</K0>
      <K1>0.10400703026897312</K1>
      <K2>0.010000012856600495</K2>
      <MAXBAS>1</MAXBAS>
      <Cet>0</Cet>
      <PCALT>10</PCALT>
      <TCALT>0.6</TCALT>
      <Pelev>3165</Pelev>
      <Telev>3224</Telev>
      <PART>0.5</PART>
      <DELAY>1</DELAY>
    </SubCatchmentParameters>
    <SubCatchmentVegetationZone>
      <SubCatchmentVegetationZoneParameters>
        <TT>-0.75600375823516475</TT>
        <CFMAX>2.7967786150062945</CFMAX>
        <SP>0</SP>
        <SFCF>1.0915764888741082</SFCF>
        <CFR>0.0796570676789847</CFR>
        <CWH>0.10253172464799072</CWH>
        <CFGlacier>1</CFGlacier>
        <CFSlope>1</CFSlope>
        <FC>1191.3485327915239</FC>
        <LP>0.81917419926391244</LP>
        <BETA>3.2587723453404531</BETA>
      </SubCatchmentVegetationZoneParameters>
    </SubCatchmentVegetationZone>
  </SubCatchment>
</Catchment>