<?xml version="1.0" encoding="utf-8"?>
<Catchment xmlns:xsi="http://www.w3.org/2001/XMLSchema-instance" xmlns:xsd="http://www.w3.org/2001/XMLSchema">
  <CatchmentParameters>
    <KSI>0.001</KSI>
    <KGmin>0.05</KGmin>
    <RangeKG>0.1</RangeKG>
    <AG>0.1</AG>
    <PERC>0.30201900529714265</PERC>
    <Alpha>0</Alpha>
    <UZL>135.25775472137573</UZL>
    <K0>0.53926072724420226</K0>
    <K1>0.10951500824359353</K1>
    <K2>0.014992771336072786</K2>
    <MAXBAS>1</MAXBAS>
    <Cet>0</Cet>
    <PCALT>10</PCALT>
    <TCALT>0.6</TCALT>
    <Pelev>3165</Pelev>
    <Telev>3224</Telev>
    <PART>0.5</PART>
    <DELAY>1</DELAY>
  </CatchmentParameters>
  <VegetationZone>
    <VegetationZoneParameters>
      <TT>-1.1560058579094497</TT>
      <CFMAX>3.0211558159574619</CFMAX>
      <SP>0</SP>
      <SFCF>1.2762638723933066</SFCF>
      <CFR>0.099999354939855054</CFR>
      <CWH>0.10000272519942839</CWH>
      <CFGlacier>1</CFGlacier>
      <CFSlope>1</CFSlope>
      <FC>1494.8126706307307</FC>
      <LP>0.60634790505205172</LP>
      <BETA>2.8788375134725466</BETA>
    </VegetationZoneParameters>
  </VegetationZone>
  <SubCatchment>
    <SubCatchmentParameters>
      <KSI>0.001</KSI>
      <KGmin>0.05</KGmin>
      <RangeKG>0.1</RangeKG>
      <AG>0.1</AG>
      <PERC>0.30201900529714265</PERC>
      <Alpha>0</Alpha>
      <UZL>135.25775472137573</UZL>
      <K0>0.53926072724420226</K0>
      <K1>0.10951500824359353</K1>
      <K2>0.014992771336072786</K2>
      <MAXBAS>1</MAXBAS>
      <Cet>0</Cet>
      <PCALT>10</PCALT>
      <TCALT>0.6</TCALT>
      <Pelev>3165</Pelev>
      <Telev>3224</Telev>
      <PART>0.5</PART>
      <DELAY>1</DELAY>
    </SubCatchmentParameters>
    <SubCatchmentVegetationZone>
      <SubCatchmentVegetationZoneParameters>
        <TT>-1.1560058579094497</TT>
        <CFMAX>3.0211558159574619</CFMAX>
        <SP>0</SP>
        <SFCF>1.2762638723933066</SFCF>
        <CFR>0.099999354939855054</CFR>
        <CWH>0.10000272519942839</CWH>
        <CFGlacier>1</CFGlacier>
        <CFSlope>1</CFSlope>
        <FC>1494.8126706307307</FC>
        <LP>0.60634790505205172</LP>
        <BETA>2.8788375134725466</BETA>
      </SubCatchmentVegetationZoneParameters>
    </SubCatchmentVegetationZone>
  </SubCatchment>
</Catchment>