<?xml version="1.0" encoding="utf-8"?>
<Catchment xmlns:xsi="http://www.w3.org/2001/XMLSchema-instance" xmlns:xsd="http://www.w3.org/2001/XMLSchema">
  <CatchmentParameters>
    <KSI>0.001</KSI>
    <KGmin>0.05</KGmin>
    <RangeKG>0.1</RangeKG>
    <AG>0.1</AG>
    <PERC>0.25375118851612821</PERC>
    <Alpha>0</Alpha>
    <UZL>150.41326372640123</UZL>
    <K0>0.59958705948590518</K0>
    <K1>0.11697279046524621</K1>
    <K2>0.010000019604569647</K2>
    <MAXBAS>1</MAXBAS>
    <Cet>0</Cet>
    <PCALT>10</PCALT>
    <TCALT>0.6</TCALT>
    <Pelev>3165</Pelev>
    <Telev>3224</Telev>
    <PART>0.5</PART>
    <DELAY>1</DELAY>
  </CatchmentParameters>
  <VegetationZone>
    <VegetationZoneParameters>
      <TT>-0.95600194126449456</TT>
      <CFMAX>2.3370983427402883</CFMAX>
      <SP>0</SP>
      <SFCF>1.0070771941227987</SFCF>
      <CFR>0.099614697542698513</CFR>
      <CWH>0.19999692473694733</CWH>
      <CFGlacier>1</CFGlacier>
      <CFSlope>1</CFSlope>
      <FC>901.07348496726809</FC>
      <LP>0.75141611008175968</LP>
      <BETA>2.1712541235236782</BETA>
    </VegetationZoneParameters>
  </VegetationZone>
  <SubCatchment>
    <SubCatchmentParameters>
      <KSI>0.001</KSI>
      <KGmin>0.05</KGmin>
      <RangeKG>0.1</RangeKG>
      <AG>0.1</AG>
      <PERC>0.25375118851612821</PERC>
      <Alpha>0</Alpha>
      <UZL>150.41326372640123</UZL>
      <K0>0.59958705948590518</K0>
      <K1>0.11697279046524621</K1>
      <K2>0.010000019604569647</K2>
      <MAXBAS>1</MAXBAS>
      <Cet>0</Cet>
      <PCALT>10</PCALT>
      <TCALT>0.6</TCALT>
      <Pelev>3165</Pelev>
      <Telev>3224</Telev>
      <PART>0.5</PART>
      <DELAY>1</DELAY>
    </SubCatchmentParameters>
    <SubCatchmentVegetationZone>
      <SubCatchmentVegetationZoneParameters>
        <TT>-0.95600194126449456</TT>
        <CFMAX>2.3370983427402883</CFMAX>
        <SP>0</SP>
        <SFCF>1.0070771941227987</SFCF>
        <CFR>0.099614697542698513</CFR>
        <CWH>0.19999692473694733</CWH>
        <CFGlacier>1</CFGlacier>
        <CFSlope>1</CFSlope>
        <FC>901.07348496726809</FC>
        <LP>0.75141611008175968</LP>
        <BETA>2.1712541235236782</BETA>
      </SubCatchmentVegetationZoneParameters>
    </SubCatchmentVegetationZone>
  </SubCatchment>
</Catchment>