<?xml version="1.0" encoding="utf-8"?>
<Catchment xmlns:xsi="http://www.w3.org/2001/XMLSchema-instance" xmlns:xsd="http://www.w3.org/2001/XMLSchema">
  <CatchmentParameters>
    <KSI>0.001</KSI>
    <KGmin>0.05</KGmin>
    <RangeKG>0.1</RangeKG>
    <AG>0.1</AG>
    <PERC>0.2633795641180724</PERC>
    <Alpha>0</Alpha>
    <UZL>138.90002332462902</UZL>
    <K0>0.36137867867201434</K0>
    <K1>0.10538563961461592</K1>
    <K2>0.014588026272852545</K2>
    <MAXBAS>1</MAXBAS>
    <Cet>0</Cet>
    <PCALT>10</PCALT>
    <TCALT>0.6</TCALT>
    <Pelev>3165</Pelev>
    <Telev>3224</Telev>
    <PART>0.5</PART>
    <DELAY>1</DELAY>
  </CatchmentParameters>
  <VegetationZone>
    <VegetationZoneParameters>
      <TT>-1.1640909267855277</TT>
      <CFMAX>2.7961909619485081</CFMAX>
      <SP>0</SP>
      <SFCF>1.1827470696200448</SFCF>
      <CFR>0.099999825894280719</CFR>
      <CWH>0.19999929767475475</CWH>
      <CFGlacier>1</CFGlacier>
      <CFSlope>1</CFSlope>
      <FC>1193.3092409774522</FC>
      <LP>0.53466421622053639</LP>
      <BETA>1.8916652785106771</BETA>
    </VegetationZoneParameters>
  </VegetationZone>
  <SubCatchment>
    <SubCatchmentParameters>
      <KSI>0.001</KSI>
      <KGmin>0.05</KGmin>
      <RangeKG>0.1</RangeKG>
      <AG>0.1</AG>
      <PERC>0.2633795641180724</PERC>
      <Alpha>0</Alpha>
      <UZL>138.90002332462902</UZL>
      <K0>0.36137867867201434</K0>
      <K1>0.10538563961461592</K1>
      <K2>0.014588026272852545</K2>
      <MAXBAS>1</MAXBAS>
      <Cet>0</Cet>
      <PCALT>10</PCALT>
      <TCALT>0.6</TCALT>
      <Pelev>3165</Pelev>
      <Telev>3224</Telev>
      <PART>0.5</PART>
      <DELAY>1</DELAY>
    </SubCatchmentParameters>
    <SubCatchmentVegetationZone>
      <SubCatchmentVegetationZoneParameters>
        <TT>-1.1640909267855277</TT>
        <CFMAX>2.7961909619485081</CFMAX>
        <SP>0</SP>
        <SFCF>1.1827470696200448</SFCF>
        <CFR>0.099999825894280719</CFR>
        <CWH>0.19999929767475475</CWH>
        <CFGlacier>1</CFGlacier>
        <CFSlope>1</CFSlope>
        <FC>1193.3092409774522</FC>
        <LP>0.53466421622053639</LP>
        <BETA>1.8916652785106771</BETA>
      </SubCatchmentVegetationZoneParameters>
    </SubCatchmentVegetationZone>
  </SubCatchment>
</Catchment>