<?xml version="1.0" encoding="utf-8"?>
<Catchment xmlns:xsi="http://www.w3.org/2001/XMLSchema-instance" xmlns:xsd="http://www.w3.org/2001/XMLSchema">
  <CatchmentParameters>
    <KSI>0.001</KSI>
    <KGmin>0.05</KGmin>
    <RangeKG>0.1</RangeKG>
    <AG>0.1</AG>
    <PERC>1.8485668458843394</PERC>
    <Alpha>0</Alpha>
    <UZL>126.79080252830906</UZL>
    <K0>0.57431526133327948</K0>
    <K1>0.10713374666726723</K1>
    <K2>0.0685678159148897</K2>
    <MAXBAS>1.0001545619876158</MAXBAS>
    <Cet>0</Cet>
    <PCALT>10</PCALT>
    <TCALT>0.6</TCALT>
    <Pelev>3165</Pelev>
    <Telev>3224</Telev>
    <PART>0.5</PART>
    <DELAY>1</DELAY>
  </CatchmentParameters>
  <VegetationZone>
    <VegetationZoneParameters>
      <TT>0.33007288777983429</TT>
      <CFMAX>2.4810554169708592</CFMAX>
      <SP>0</SP>
      <SFCF>0.71638705359444754</SFCF>
      <CFR>0.094978423247825072</CFR>
      <CWH>0.10533100952702805</CWH>
      <CFGlacier>1</CFGlacier>
      <CFSlope>1</CFSlope>
      <FC>332.54836494081019</FC>
      <LP>0.897462260437061</LP>
      <BETA>4.4576600534174027</BETA>
    </VegetationZoneParameters>
  </VegetationZone>
  <SubCatchment>
    <SubCatchmentParameters>
      <KSI>0.001</KSI>
      <KGmin>0.05</KGmin>
      <RangeKG>0.1</RangeKG>
      <AG>0.1</AG>
      <PERC>1.8485668458843394</PERC>
      <Alpha>0</Alpha>
      <UZL>126.79080252830906</UZL>
      <K0>0.57431526133327948</K0>
      <K1>0.10713374666726723</K1>
      <K2>0.0685678159148897</K2>
      <MAXBAS>1.0001545619876158</MAXBAS>
      <Cet>0</Cet>
      <PCALT>10</PCALT>
      <TCALT>0.6</TCALT>
      <Pelev>3165</Pelev>
      <Telev>3224</Telev>
      <PART>0.5</PART>
      <DELAY>1</DELAY>
    </SubCatchmentParameters>
    <SubCatchmentVegetationZone>
      <SubCatchmentVegetationZoneParameters>
        <TT>0.33007288777983429</TT>
        <CFMAX>2.4810554169708592</CFMAX>
        <SP>0</SP>
        <SFCF>0.71638705359444754</SFCF>
        <CFR>0.094978423247825072</CFR>
        <CWH>0.10533100952702805</CWH>
        <CFGlacier>1</CFGlacier>
        <CFSlope>1</CFSlope>
        <FC>332.54836494081019</FC>
        <LP>0.897462260437061</LP>
        <BETA>4.4576600534174027</BETA>
      </SubCatchmentVegetationZoneParameters>
    </SubCatchmentVegetationZone>
  </SubCatchment>
</Catchment>