<?xml version="1.0" encoding="utf-8"?>
<Catchment xmlns:xsi="http://www.w3.org/2001/XMLSchema-instance" xmlns:xsd="http://www.w3.org/2001/XMLSchema">
  <CatchmentParameters>
    <KSI>0.001</KSI>
    <KGmin>0.05</KGmin>
    <RangeKG>0.1</RangeKG>
    <AG>0.1</AG>
    <PERC>0.27480569305930808</PERC>
    <Alpha>0</Alpha>
    <UZL>135.30240947248382</UZL>
    <K0>0.51084666203770213</K0>
    <K1>0.11209995883190389</K1>
    <K2>0.013734206284487389</K2>
    <MAXBAS>1</MAXBAS>
    <Cet>0</Cet>
    <PCALT>10</PCALT>
    <TCALT>0.6</TCALT>
    <Pelev>3165</Pelev>
    <Telev>3224</Telev>
    <PART>0.5</PART>
    <DELAY>1</DELAY>
  </CatchmentParameters>
  <VegetationZone>
    <VegetationZoneParameters>
      <TT>-0.99600519200304649</TT>
      <CFMAX>2.5030740340110045</CFMAX>
      <SP>0</SP>
      <SFCF>1.1052116385854331</SFCF>
      <CFR>0.0095317343613324553</CFR>
      <CWH>0.1999877030959821</CWH>
      <CFGlacier>1</CFGlacier>
      <CFSlope>1</CFSlope>
      <FC>1179.4798023797355</FC>
      <LP>0.74581173338639384</LP>
      <BETA>2.6155188968133176</BETA>
    </VegetationZoneParameters>
  </VegetationZone>
  <SubCatchment>
    <SubCatchmentParameters>
      <KSI>0.001</KSI>
      <KGmin>0.05</KGmin>
      <RangeKG>0.1</RangeKG>
      <AG>0.1</AG>
      <PERC>0.27480569305930808</PERC>
      <Alpha>0</Alpha>
      <UZL>135.30240947248382</UZL>
      <K0>0.51084666203770213</K0>
      <K1>0.11209995883190389</K1>
      <K2>0.013734206284487389</K2>
      <MAXBAS>1</MAXBAS>
      <Cet>0</Cet>
      <PCALT>10</PCALT>
      <TCALT>0.6</TCALT>
      <Pelev>3165</Pelev>
      <Telev>3224</Telev>
      <PART>0.5</PART>
      <DELAY>1</DELAY>
    </SubCatchmentParameters>
    <SubCatchmentVegetationZone>
      <SubCatchmentVegetationZoneParameters>
        <TT>-0.99600519200304649</TT>
        <CFMAX>2.5030740340110045</CFMAX>
        <SP>0</SP>
        <SFCF>1.1052116385854331</SFCF>
        <CFR>0.0095317343613324553</CFR>
        <CWH>0.1999877030959821</CWH>
        <CFGlacier>1</CFGlacier>
        <CFSlope>1</CFSlope>
        <FC>1179.4798023797355</FC>
        <LP>0.74581173338639384</LP>
        <BETA>2.6155188968133176</BETA>
      </SubCatchmentVegetationZoneParameters>
    </SubCatchmentVegetationZone>
  </SubCatchment>
</Catchment>