<?xml version="1.0" encoding="utf-8"?>
<Catchment xmlns:xsi="http://www.w3.org/2001/XMLSchema-instance" xmlns:xsd="http://www.w3.org/2001/XMLSchema">
  <CatchmentParameters>
    <KSI>0.001</KSI>
    <KGmin>0.05</KGmin>
    <RangeKG>0.1</RangeKG>
    <AG>0.1</AG>
    <PERC>2.2479830494243176</PERC>
    <Alpha>0</Alpha>
    <UZL>120.05959809013909</UZL>
    <K0>0.31641036982049681</K0>
    <K1>0.12906411445222285</K1>
    <K2>0.080408556607301923</K2>
    <MAXBAS>1.005009866665078</MAXBAS>
    <Cet>0</Cet>
    <PCALT>10</PCALT>
    <TCALT>0.6</TCALT>
    <Pelev>3165</Pelev>
    <Telev>3224</Telev>
    <PART>0.5</PART>
    <DELAY>1</DELAY>
  </CatchmentParameters>
  <VegetationZone>
    <VegetationZoneParameters>
      <TT>1.3440004237246541</TT>
      <CFMAX>3.2420609117753503</CFMAX>
      <SP>0</SP>
      <SFCF>0.71794444130399171</SFCF>
      <CFR>0.037719688352507968</CFR>
      <CWH>0.10000000014391795</CWH>
      <CFGlacier>1</CFGlacier>
      <CFSlope>1</CFSlope>
      <FC>341.54892936893384</FC>
      <LP>0.89988943751445472</LP>
      <BETA>3.1086715161008582</BETA>
    </VegetationZoneParameters>
  </VegetationZone>
  <SubCatchment>
    <SubCatchmentParameters>
      <KSI>0.001</KSI>
      <KGmin>0.05</KGmin>
      <RangeKG>0.1</RangeKG>
      <AG>0.1</AG>
      <PERC>2.2479830494243176</PERC>
      <Alpha>0</Alpha>
      <UZL>120.05959809013909</UZL>
      <K0>0.31641036982049681</K0>
      <K1>0.12906411445222285</K1>
      <K2>0.080408556607301923</K2>
      <MAXBAS>1.005009866665078</MAXBAS>
      <Cet>0</Cet>
      <PCALT>10</PCALT>
      <TCALT>0.6</TCALT>
      <Pelev>3165</Pelev>
      <Telev>3224</Telev>
      <PART>0.5</PART>
      <DELAY>1</DELAY>
    </SubCatchmentParameters>
    <SubCatchmentVegetationZone>
      <SubCatchmentVegetationZoneParameters>
        <TT>1.3440004237246541</TT>
        <CFMAX>3.2420609117753503</CFMAX>
        <SP>0</SP>
        <SFCF>0.71794444130399171</SFCF>
        <CFR>0.037719688352507968</CFR>
        <CWH>0.10000000014391795</CWH>
        <CFGlacier>1</CFGlacier>
        <CFSlope>1</CFSlope>
        <FC>341.54892936893384</FC>
        <LP>0.89988943751445472</LP>
        <BETA>3.1086715161008582</BETA>
      </SubCatchmentVegetationZoneParameters>
    </SubCatchmentVegetationZone>
  </SubCatchment>
</Catchment>