<?xml version="1.0" encoding="utf-8"?>
<Catchment xmlns:xsi="http://www.w3.org/2001/XMLSchema-instance" xmlns:xsd="http://www.w3.org/2001/XMLSchema">
  <CatchmentParameters>
    <KSI>0.001</KSI>
    <KGmin>0.05</KGmin>
    <RangeKG>0.1</RangeKG>
    <AG>0.1</AG>
    <PERC>0.24187909679719585</PERC>
    <Alpha>0</Alpha>
    <UZL>138.15360905849647</UZL>
    <K0>0.68063686770340315</K0>
    <K1>0.10643948652721841</K1>
    <K2>0.010000023138393927</K2>
    <MAXBAS>1</MAXBAS>
    <Cet>0</Cet>
    <PCALT>10</PCALT>
    <TCALT>0.6</TCALT>
    <Pelev>3165</Pelev>
    <Telev>3224</Telev>
    <PART>0.5</PART>
    <DELAY>1</DELAY>
  </CatchmentParameters>
  <VegetationZone>
    <VegetationZoneParameters>
      <TT>-0.95600169316690153</TT>
      <CFMAX>3.0401876956760989</CFMAX>
      <SP>0</SP>
      <SFCF>1.2077363328107571</SFCF>
      <CFR>0.0897830656176465</CFR>
      <CWH>0.19999313224022602</CWH>
      <CFGlacier>1</CFGlacier>
      <CFSlope>1</CFSlope>
      <FC>1336.7301083234615</FC>
      <LP>0.58052077924906709</LP>
      <BETA>2.2000465359456225</BETA>
    </VegetationZoneParameters>
  </VegetationZone>
  <SubCatchment>
    <SubCatchmentParameters>
      <KSI>0.001</KSI>
      <KGmin>0.05</KGmin>
      <RangeKG>0.1</RangeKG>
      <AG>0.1</AG>
      <PERC>0.24187909679719585</PERC>
      <Alpha>0</Alpha>
      <UZL>138.15360905849647</UZL>
      <K0>0.68063686770340315</K0>
      <K1>0.10643948652721841</K1>
      <K2>0.010000023138393927</K2>
      <MAXBAS>1</MAXBAS>
      <Cet>0</Cet>
      <PCALT>10</PCALT>
      <TCALT>0.6</TCALT>
      <Pelev>3165</Pelev>
      <Telev>3224</Telev>
      <PART>0.5</PART>
      <DELAY>1</DELAY>
    </SubCatchmentParameters>
    <SubCatchmentVegetationZone>
      <SubCatchmentVegetationZoneParameters>
        <TT>-0.95600169316690153</TT>
        <CFMAX>3.0401876956760989</CFMAX>
        <SP>0</SP>
        <SFCF>1.2077363328107571</SFCF>
        <CFR>0.0897830656176465</CFR>
        <CWH>0.19999313224022602</CWH>
        <CFGlacier>1</CFGlacier>
        <CFSlope>1</CFSlope>
        <FC>1336.7301083234615</FC>
        <LP>0.58052077924906709</LP>
        <BETA>2.2000465359456225</BETA>
      </SubCatchmentVegetationZoneParameters>
    </SubCatchmentVegetationZone>
  </SubCatchment>
</Catchment>