<?xml version="1.0" encoding="utf-8"?>
<Catchment xmlns:xsi="http://www.w3.org/2001/XMLSchema-instance" xmlns:xsd="http://www.w3.org/2001/XMLSchema">
  <CatchmentParameters>
    <KSI>0.001</KSI>
    <KGmin>0.05</KGmin>
    <RangeKG>0.1</RangeKG>
    <AG>0.1</AG>
    <PERC>9.9999209819891952</PERC>
    <Alpha>0</Alpha>
    <UZL>116.44458358171706</UZL>
    <K0>0.25603147579495394</K0>
    <K1>0.12414668340419091</K1>
    <K2>0.097961766775608833</K2>
    <MAXBAS>1.000036974673103</MAXBAS>
    <Cet>0</Cet>
    <PCALT>10</PCALT>
    <TCALT>0.6</TCALT>
    <Pelev>3165</Pelev>
    <Telev>3224</Telev>
    <PART>0.5</PART>
    <DELAY>1</DELAY>
  </CatchmentParameters>
  <VegetationZone>
    <VegetationZoneParameters>
      <TT>0.40473327891562466</TT>
      <CFMAX>2.4736819727482948</CFMAX>
      <SP>0</SP>
      <SFCF>0.70103123558729441</SFCF>
      <CFR>0.090808770383114273</CFR>
      <CWH>0.10426390646732142</CWH>
      <CFGlacier>1</CFGlacier>
      <CFSlope>1</CFSlope>
      <FC>343.6801080473507</FC>
      <LP>0.99747254260118057</LP>
      <BETA>5.0953421433312043</BETA>
    </VegetationZoneParameters>
  </VegetationZone>
  <SubCatchment>
    <SubCatchmentParameters>
      <KSI>0.001</KSI>
      <KGmin>0.05</KGmin>
      <RangeKG>0.1</RangeKG>
      <AG>0.1</AG>
      <PERC>9.9999209819891952</PERC>
      <Alpha>0</Alpha>
      <UZL>116.44458358171706</UZL>
      <K0>0.25603147579495394</K0>
      <K1>0.12414668340419091</K1>
      <K2>0.097961766775608833</K2>
      <MAXBAS>1.000036974673103</MAXBAS>
      <Cet>0</Cet>
      <PCALT>10</PCALT>
      <TCALT>0.6</TCALT>
      <Pelev>3165</Pelev>
      <Telev>3224</Telev>
      <PART>0.5</PART>
      <DELAY>1</DELAY>
    </SubCatchmentParameters>
    <SubCatchmentVegetationZone>
      <SubCatchmentVegetationZoneParameters>
        <TT>0.40473327891562466</TT>
        <CFMAX>2.4736819727482948</CFMAX>
        <SP>0</SP>
        <SFCF>0.70103123558729441</SFCF>
        <CFR>0.090808770383114273</CFR>
        <CWH>0.10426390646732142</CWH>
        <CFGlacier>1</CFGlacier>
        <CFSlope>1</CFSlope>
        <FC>343.6801080473507</FC>
        <LP>0.99747254260118057</LP>
        <BETA>5.0953421433312043</BETA>
      </SubCatchmentVegetationZoneParameters>
    </SubCatchmentVegetationZone>
  </SubCatchment>
</Catchment>