<?xml version="1.0" encoding="utf-8"?>
<Catchment xmlns:xsi="http://www.w3.org/2001/XMLSchema-instance" xmlns:xsd="http://www.w3.org/2001/XMLSchema">
  <CatchmentParameters>
    <KSI>0.001</KSI>
    <KGmin>0.05</KGmin>
    <RangeKG>0.1</RangeKG>
    <AG>0.1</AG>
    <PERC>0.26262251416144122</PERC>
    <Alpha>0</Alpha>
    <UZL>149.82400735986417</UZL>
    <K0>0.54680564581575131</K0>
    <K1>0.1149815105948005</K1>
    <K2>0.010000013815064553</K2>
    <MAXBAS>1</MAXBAS>
    <Cet>0</Cet>
    <PCALT>10</PCALT>
    <TCALT>0.6</TCALT>
    <Pelev>3165</Pelev>
    <Telev>3224</Telev>
    <PART>0.5</PART>
    <DELAY>1</DELAY>
  </CatchmentParameters>
  <VegetationZone>
    <VegetationZoneParameters>
      <TT>-0.51432492374471384</TT>
      <CFMAX>2.96025844628954</CFMAX>
      <SP>0</SP>
      <SFCF>1.0732420706237711</SFCF>
      <CFR>0.099999668611037526</CFR>
      <CWH>0.19999883499088819</CWH>
      <CFGlacier>1</CFGlacier>
      <CFSlope>1</CFSlope>
      <FC>998.04345322953168</FC>
      <LP>0.60229237812382608</LP>
      <BETA>1.8275945562628022</BETA>
    </VegetationZoneParameters>
  </VegetationZone>
  <SubCatchment>
    <SubCatchmentParameters>
      <KSI>0.001</KSI>
      <KGmin>0.05</KGmin>
      <RangeKG>0.1</RangeKG>
      <AG>0.1</AG>
      <PERC>0.26262251416144122</PERC>
      <Alpha>0</Alpha>
      <UZL>149.82400735986417</UZL>
      <K0>0.54680564581575131</K0>
      <K1>0.1149815105948005</K1>
      <K2>0.010000013815064553</K2>
      <MAXBAS>1</MAXBAS>
      <Cet>0</Cet>
      <PCALT>10</PCALT>
      <TCALT>0.6</TCALT>
      <Pelev>3165</Pelev>
      <Telev>3224</Telev>
      <PART>0.5</PART>
      <DELAY>1</DELAY>
    </SubCatchmentParameters>
    <SubCatchmentVegetationZone>
      <SubCatchmentVegetationZoneParameters>
        <TT>-0.51432492374471384</TT>
        <CFMAX>2.96025844628954</CFMAX>
        <SP>0</SP>
        <SFCF>1.0732420706237711</SFCF>
        <CFR>0.099999668611037526</CFR>
        <CWH>0.19999883499088819</CWH>
        <CFGlacier>1</CFGlacier>
        <CFSlope>1</CFSlope>
        <FC>998.04345322953168</FC>
        <LP>0.60229237812382608</LP>
        <BETA>1.8275945562628022</BETA>
      </SubCatchmentVegetationZoneParameters>
    </SubCatchmentVegetationZone>
  </SubCatchment>
</Catchment>