<?xml version="1.0" encoding="utf-8"?>
<Catchment xmlns:xsi="http://www.w3.org/2001/XMLSchema-instance" xmlns:xsd="http://www.w3.org/2001/XMLSchema">
  <CatchmentParameters>
    <KSI>0.001</KSI>
    <KGmin>0.05</KGmin>
    <RangeKG>0.1</RangeKG>
    <AG>0.1</AG>
    <PERC>0.26876553686847343</PERC>
    <Alpha>0</Alpha>
    <UZL>190.64492719119028</UZL>
    <K0>0.50738330145968513</K0>
    <K1>0.11753672622505318</K1>
    <K2>0.013328696104286112</K2>
    <MAXBAS>1</MAXBAS>
    <Cet>0</Cet>
    <PCALT>10</PCALT>
    <TCALT>0.6</TCALT>
    <Pelev>3165</Pelev>
    <Telev>3224</Telev>
    <PART>0.5</PART>
    <DELAY>1</DELAY>
  </CatchmentParameters>
  <VegetationZone>
    <VegetationZoneParameters>
      <TT>-0.9560018065434206</TT>
      <CFMAX>2.3548900323400161</CFMAX>
      <SP>0</SP>
      <SFCF>1.0249806465980635</SFCF>
      <CFR>0.097818099936860692</CFR>
      <CWH>0.19999943095019049</CWH>
      <CFGlacier>1</CFGlacier>
      <CFSlope>1</CFSlope>
      <FC>917.69866491974187</FC>
      <LP>0.59917008811654027</LP>
      <BETA>1.5861241519270011</BETA>
    </VegetationZoneParameters>
  </VegetationZone>
  <SubCatchment>
    <SubCatchmentParameters>
      <KSI>0.001</KSI>
      <KGmin>0.05</KGmin>
      <RangeKG>0.1</RangeKG>
      <AG>0.1</AG>
      <PERC>0.26876553686847343</PERC>
      <Alpha>0</Alpha>
      <UZL>190.64492719119028</UZL>
      <K0>0.50738330145968513</K0>
      <K1>0.11753672622505318</K1>
      <K2>0.013328696104286112</K2>
      <MAXBAS>1</MAXBAS>
      <Cet>0</Cet>
      <PCALT>10</PCALT>
      <TCALT>0.6</TCALT>
      <Pelev>3165</Pelev>
      <Telev>3224</Telev>
      <PART>0.5</PART>
      <DELAY>1</DELAY>
    </SubCatchmentParameters>
    <SubCatchmentVegetationZone>
      <SubCatchmentVegetationZoneParameters>
        <TT>-0.9560018065434206</TT>
        <CFMAX>2.3548900323400161</CFMAX>
        <SP>0</SP>
        <SFCF>1.0249806465980635</SFCF>
        <CFR>0.097818099936860692</CFR>
        <CWH>0.19999943095019049</CWH>
        <CFGlacier>1</CFGlacier>
        <CFSlope>1</CFSlope>
        <FC>917.69866491974187</FC>
        <LP>0.59917008811654027</LP>
        <BETA>1.5861241519270011</BETA>
      </SubCatchmentVegetationZoneParameters>
    </SubCatchmentVegetationZone>
  </SubCatchment>
</Catchment>