<?xml version="1.0" encoding="utf-8"?>
<Catchment xmlns:xsi="http://www.w3.org/2001/XMLSchema-instance" xmlns:xsd="http://www.w3.org/2001/XMLSchema">
  <CatchmentParameters>
    <KSI>0.001</KSI>
    <KGmin>0.05</KGmin>
    <RangeKG>0.1</RangeKG>
    <AG>0.1</AG>
    <PERC>7.2898634724144484</PERC>
    <Alpha>0</Alpha>
    <UZL>136.68496134971915</UZL>
    <K0>0.37346940238664278</K0>
    <K1>0.09077862034077204</K1>
    <K2>0.11044070030630114</K2>
    <MAXBAS>1.000003250648096</MAXBAS>
    <Cet>0</Cet>
    <PCALT>10</PCALT>
    <TCALT>0.6</TCALT>
    <Pelev>3165</Pelev>
    <Telev>3224</Telev>
    <PART>0.5</PART>
    <DELAY>1</DELAY>
  </CatchmentParameters>
  <VegetationZone>
    <VegetationZoneParameters>
      <TT>1.4252833933592544</TT>
      <CFMAX>3.36909719090535</CFMAX>
      <SP>0</SP>
      <SFCF>0.68502906859046109</SFCF>
      <CFR>0.038657758991666687</CFR>
      <CWH>0.10002030465418803</CWH>
      <CFGlacier>1</CFGlacier>
      <CFSlope>1</CFSlope>
      <FC>312.18125753355218</FC>
      <LP>0.939329702704877</LP>
      <BETA>4.0468961587930323</BETA>
    </VegetationZoneParameters>
  </VegetationZone>
  <SubCatchment>
    <SubCatchmentParameters>
      <KSI>0.001</KSI>
      <KGmin>0.05</KGmin>
      <RangeKG>0.1</RangeKG>
      <AG>0.1</AG>
      <PERC>7.2898634724144484</PERC>
      <Alpha>0</Alpha>
      <UZL>136.68496134971915</UZL>
      <K0>0.37346940238664278</K0>
      <K1>0.09077862034077204</K1>
      <K2>0.11044070030630114</K2>
      <MAXBAS>1.000003250648096</MAXBAS>
      <Cet>0</Cet>
      <PCALT>10</PCALT>
      <TCALT>0.6</TCALT>
      <Pelev>3165</Pelev>
      <Telev>3224</Telev>
      <PART>0.5</PART>
      <DELAY>1</DELAY>
    </SubCatchmentParameters>
    <SubCatchmentVegetationZone>
      <SubCatchmentVegetationZoneParameters>
        <TT>1.4252833933592544</TT>
        <CFMAX>3.36909719090535</CFMAX>
        <SP>0</SP>
        <SFCF>0.68502906859046109</SFCF>
        <CFR>0.038657758991666687</CFR>
        <CWH>0.10002030465418803</CWH>
        <CFGlacier>1</CFGlacier>
        <CFSlope>1</CFSlope>
        <FC>312.18125753355218</FC>
        <LP>0.939329702704877</LP>
        <BETA>4.0468961587930323</BETA>
      </SubCatchmentVegetationZoneParameters>
    </SubCatchmentVegetationZone>
  </SubCatchment>
</Catchment>