<?xml version="1.0" encoding="utf-8"?>
<Catchment xmlns:xsi="http://www.w3.org/2001/XMLSchema-instance" xmlns:xsd="http://www.w3.org/2001/XMLSchema">
  <CatchmentParameters>
    <KSI>0.001</KSI>
    <KGmin>0.05</KGmin>
    <RangeKG>0.1</RangeKG>
    <AG>0.1</AG>
    <PERC>0.26835583144632635</PERC>
    <Alpha>0</Alpha>
    <UZL>156.92264018449103</UZL>
    <K0>0.32140408462140946</K0>
    <K1>0.1118249873320699</K1>
    <K2>0.010000013621642816</K2>
    <MAXBAS>1</MAXBAS>
    <Cet>0</Cet>
    <PCALT>10</PCALT>
    <TCALT>0.6</TCALT>
    <Pelev>3165</Pelev>
    <Telev>3224</Telev>
    <PART>0.5</PART>
    <DELAY>1</DELAY>
  </CatchmentParameters>
  <VegetationZone>
    <VegetationZoneParameters>
      <TT>0.092681493519690725</TT>
      <CFMAX>3.4057503815382493</CFMAX>
      <SP>0</SP>
      <SFCF>0.99547414957231462</SFCF>
      <CFR>0.084343730616717918</CFR>
      <CWH>0.15716824381961092</CWH>
      <CFGlacier>1</CFGlacier>
      <CFSlope>1</CFSlope>
      <FC>995.30009975989117</FC>
      <LP>0.79657065477925681</LP>
      <BETA>2.1962214009721865</BETA>
    </VegetationZoneParameters>
  </VegetationZone>
  <SubCatchment>
    <SubCatchmentParameters>
      <KSI>0.001</KSI>
      <KGmin>0.05</KGmin>
      <RangeKG>0.1</RangeKG>
      <AG>0.1</AG>
      <PERC>0.26835583144632635</PERC>
      <Alpha>0</Alpha>
      <UZL>156.92264018449103</UZL>
      <K0>0.32140408462140946</K0>
      <K1>0.1118249873320699</K1>
      <K2>0.010000013621642816</K2>
      <MAXBAS>1</MAXBAS>
      <Cet>0</Cet>
      <PCALT>10</PCALT>
      <TCALT>0.6</TCALT>
      <Pelev>3165</Pelev>
      <Telev>3224</Telev>
      <PART>0.5</PART>
      <DELAY>1</DELAY>
    </SubCatchmentParameters>
    <SubCatchmentVegetationZone>
      <SubCatchmentVegetationZoneParameters>
        <TT>0.092681493519690725</TT>
        <CFMAX>3.4057503815382493</CFMAX>
        <SP>0</SP>
        <SFCF>0.99547414957231462</SFCF>
        <CFR>0.084343730616717918</CFR>
        <CWH>0.15716824381961092</CWH>
        <CFGlacier>1</CFGlacier>
        <CFSlope>1</CFSlope>
        <FC>995.30009975989117</FC>
        <LP>0.79657065477925681</LP>
        <BETA>2.1962214009721865</BETA>
      </SubCatchmentVegetationZoneParameters>
    </SubCatchmentVegetationZone>
  </SubCatchment>
</Catchment>