<?xml version="1.0" encoding="utf-8"?>
<Catchment xmlns:xsi="http://www.w3.org/2001/XMLSchema-instance" xmlns:xsd="http://www.w3.org/2001/XMLSchema">
  <CatchmentParameters>
    <KSI>0.001</KSI>
    <KGmin>0.05</KGmin>
    <RangeKG>0.1</RangeKG>
    <AG>0.1</AG>
    <PERC>0.30000969774621083</PERC>
    <Alpha>0</Alpha>
    <UZL>161.40846784249771</UZL>
    <K0>0.14031213981648849</K0>
    <K1>0.11340854156264629</K1>
    <K2>0.015825444548776858</K2>
    <MAXBAS>1</MAXBAS>
    <Cet>0</Cet>
    <PCALT>10</PCALT>
    <TCALT>0.6</TCALT>
    <Pelev>3165</Pelev>
    <Telev>3224</Telev>
    <PART>0.5</PART>
    <DELAY>1</DELAY>
  </CatchmentParameters>
  <VegetationZone>
    <VegetationZoneParameters>
      <TT>-0.95900777663055925</TT>
      <CFMAX>2.5611491812803862</CFMAX>
      <SP>0</SP>
      <SFCF>1.0832924796768479</SFCF>
      <CFR>0.099999120677535983</CFR>
      <CWH>0.1696861441302974</CWH>
      <CFGlacier>1</CFGlacier>
      <CFSlope>1</CFSlope>
      <FC>1102.27193293959</FC>
      <LP>0.72137054391933764</LP>
      <BETA>2.3572052074995327</BETA>
    </VegetationZoneParameters>
  </VegetationZone>
  <SubCatchment>
    <SubCatchmentParameters>
      <KSI>0.001</KSI>
      <KGmin>0.05</KGmin>
      <RangeKG>0.1</RangeKG>
      <AG>0.1</AG>
      <PERC>0.30000969774621083</PERC>
      <Alpha>0</Alpha>
      <UZL>161.40846784249771</UZL>
      <K0>0.14031213981648849</K0>
      <K1>0.11340854156264629</K1>
      <K2>0.015825444548776858</K2>
      <MAXBAS>1</MAXBAS>
      <Cet>0</Cet>
      <PCALT>10</PCALT>
      <TCALT>0.6</TCALT>
      <Pelev>3165</Pelev>
      <Telev>3224</Telev>
      <PART>0.5</PART>
      <DELAY>1</DELAY>
    </SubCatchmentParameters>
    <SubCatchmentVegetationZone>
      <SubCatchmentVegetationZoneParameters>
        <TT>-0.95900777663055925</TT>
        <CFMAX>2.5611491812803862</CFMAX>
        <SP>0</SP>
        <SFCF>1.0832924796768479</SFCF>
        <CFR>0.099999120677535983</CFR>
        <CWH>0.1696861441302974</CWH>
        <CFGlacier>1</CFGlacier>
        <CFSlope>1</CFSlope>
        <FC>1102.27193293959</FC>
        <LP>0.72137054391933764</LP>
        <BETA>2.3572052074995327</BETA>
      </SubCatchmentVegetationZoneParameters>
    </SubCatchmentVegetationZone>
  </SubCatchment>
</Catchment>