<?xml version="1.0" encoding="utf-8"?>
<Catchment xmlns:xsi="http://www.w3.org/2001/XMLSchema-instance" xmlns:xsd="http://www.w3.org/2001/XMLSchema">
  <CatchmentParameters>
    <KSI>0.001</KSI>
    <KGmin>0.05</KGmin>
    <RangeKG>0.1</RangeKG>
    <AG>0.1</AG>
    <PERC>7.3355675441109254</PERC>
    <Alpha>0</Alpha>
    <UZL>198.1803672535211</UZL>
    <K0>0.52116899321422794</K0>
    <K1>0.086032266358059259</K1>
    <K2>0.11502072262963121</K2>
    <MAXBAS>1.0000224916261093</MAXBAS>
    <Cet>0</Cet>
    <PCALT>10</PCALT>
    <TCALT>0.6</TCALT>
    <Pelev>3165</Pelev>
    <Telev>3224</Telev>
    <PART>0.5</PART>
    <DELAY>1</DELAY>
  </CatchmentParameters>
  <VegetationZone>
    <VegetationZoneParameters>
      <TT>1.3233686600965664</TT>
      <CFMAX>3.5806864872062207</CFMAX>
      <SP>0</SP>
      <SFCF>0.7428690865454981</SFCF>
      <CFR>0.040552762406940994</CFR>
      <CWH>0.10000000000045975</CWH>
      <CFGlacier>1</CFGlacier>
      <CFSlope>1</CFSlope>
      <FC>398.88227598910686</FC>
      <LP>0.979450261300785</LP>
      <BETA>3.777557676575324</BETA>
    </VegetationZoneParameters>
  </VegetationZone>
  <SubCatchment>
    <SubCatchmentParameters>
      <KSI>0.001</KSI>
      <KGmin>0.05</KGmin>
      <RangeKG>0.1</RangeKG>
      <AG>0.1</AG>
      <PERC>7.3355675441109254</PERC>
      <Alpha>0</Alpha>
      <UZL>198.1803672535211</UZL>
      <K0>0.52116899321422794</K0>
      <K1>0.086032266358059259</K1>
      <K2>0.11502072262963121</K2>
      <MAXBAS>1.0000224916261093</MAXBAS>
      <Cet>0</Cet>
      <PCALT>10</PCALT>
      <TCALT>0.6</TCALT>
      <Pelev>3165</Pelev>
      <Telev>3224</Telev>
      <PART>0.5</PART>
      <DELAY>1</DELAY>
    </SubCatchmentParameters>
    <SubCatchmentVegetationZone>
      <SubCatchmentVegetationZoneParameters>
        <TT>1.3233686600965664</TT>
        <CFMAX>3.5806864872062207</CFMAX>
        <SP>0</SP>
        <SFCF>0.7428690865454981</SFCF>
        <CFR>0.040552762406940994</CFR>
        <CWH>0.10000000000045975</CWH>
        <CFGlacier>1</CFGlacier>
        <CFSlope>1</CFSlope>
        <FC>398.88227598910686</FC>
        <LP>0.979450261300785</LP>
        <BETA>3.777557676575324</BETA>
      </SubCatchmentVegetationZoneParameters>
    </SubCatchmentVegetationZone>
  </SubCatchment>
</Catchment>