<?xml version="1.0" encoding="utf-8"?>
<Catchment xmlns:xsi="http://www.w3.org/2001/XMLSchema-instance" xmlns:xsd="http://www.w3.org/2001/XMLSchema">
  <CatchmentParameters>
    <KSI>0.001</KSI>
    <KGmin>0.05</KGmin>
    <RangeKG>0.1</RangeKG>
    <AG>0.1</AG>
    <PERC>0.26725028309698645</PERC>
    <Alpha>0</Alpha>
    <UZL>166.35672001170372</UZL>
    <K0>0.47282039016479765</K0>
    <K1>0.10514499099545033</K1>
    <K2>0.01000000000189202</K2>
    <MAXBAS>1</MAXBAS>
    <Cet>0</Cet>
    <PCALT>10</PCALT>
    <TCALT>0.6</TCALT>
    <Pelev>3165</Pelev>
    <Telev>3224</Telev>
    <PART>0.5</PART>
    <DELAY>1</DELAY>
  </CatchmentParameters>
  <VegetationZone>
    <VegetationZoneParameters>
      <TT>-0.56978737902015575</TT>
      <CFMAX>3.0313842623623342</CFMAX>
      <SP>0</SP>
      <SFCF>1.0780470684833476</SFCF>
      <CFR>0.099999948751807163</CFR>
      <CWH>0.12799549119362455</CWH>
      <CFGlacier>1</CFGlacier>
      <CFSlope>1</CFSlope>
      <FC>1268.0404453361978</FC>
      <LP>0.86958480536316252</LP>
      <BETA>3.5169132957947746</BETA>
    </VegetationZoneParameters>
  </VegetationZone>
  <SubCatchment>
    <SubCatchmentParameters>
      <KSI>0.001</KSI>
      <KGmin>0.05</KGmin>
      <RangeKG>0.1</RangeKG>
      <AG>0.1</AG>
      <PERC>0.26725028309698645</PERC>
      <Alpha>0</Alpha>
      <UZL>166.35672001170372</UZL>
      <K0>0.47282039016479765</K0>
      <K1>0.10514499099545033</K1>
      <K2>0.01000000000189202</K2>
      <MAXBAS>1</MAXBAS>
      <Cet>0</Cet>
      <PCALT>10</PCALT>
      <TCALT>0.6</TCALT>
      <Pelev>3165</Pelev>
      <Telev>3224</Telev>
      <PART>0.5</PART>
      <DELAY>1</DELAY>
    </SubCatchmentParameters>
    <SubCatchmentVegetationZone>
      <SubCatchmentVegetationZoneParameters>
        <TT>-0.56978737902015575</TT>
        <CFMAX>3.0313842623623342</CFMAX>
        <SP>0</SP>
        <SFCF>1.0780470684833476</SFCF>
        <CFR>0.099999948751807163</CFR>
        <CWH>0.12799549119362455</CWH>
        <CFGlacier>1</CFGlacier>
        <CFSlope>1</CFSlope>
        <FC>1268.0404453361978</FC>
        <LP>0.86958480536316252</LP>
        <BETA>3.5169132957947746</BETA>
      </SubCatchmentVegetationZoneParameters>
    </SubCatchmentVegetationZone>
  </SubCatchment>
</Catchment>