<?xml version="1.0" encoding="utf-8"?>
<Catchment xmlns:xsi="http://www.w3.org/2001/XMLSchema-instance" xmlns:xsd="http://www.w3.org/2001/XMLSchema">
  <CatchmentParameters>
    <KSI>0.001</KSI>
    <KGmin>0.05</KGmin>
    <RangeKG>0.1</RangeKG>
    <AG>0.1</AG>
    <PERC>9.99900187637659</PERC>
    <Alpha>0</Alpha>
    <UZL>179.39749003873598</UZL>
    <K0>0.16725889604922603</K0>
    <K1>0.12221969625717252</K1>
    <K2>0.1198499519416991</K2>
    <MAXBAS>1.0000058746218299</MAXBAS>
    <Cet>0</Cet>
    <PCALT>10</PCALT>
    <TCALT>0.6</TCALT>
    <Pelev>3165</Pelev>
    <Telev>3224</Telev>
    <PART>0.5</PART>
    <DELAY>1</DELAY>
  </CatchmentParameters>
  <VegetationZone>
    <VegetationZoneParameters>
      <TT>1.6990165449100889</TT>
      <CFMAX>2.7946775972754807</CFMAX>
      <SP>0</SP>
      <SFCF>0.59770349420354918</SFCF>
      <CFR>0.027264456096481919</CFR>
      <CWH>0.10000000033215548</CWH>
      <CFGlacier>1</CFGlacier>
      <CFSlope>1</CFSlope>
      <FC>226.7138498211888</FC>
      <LP>0.99999746609661888</LP>
      <BETA>4.5625381397450848</BETA>
    </VegetationZoneParameters>
  </VegetationZone>
  <SubCatchment>
    <SubCatchmentParameters>
      <KSI>0.001</KSI>
      <KGmin>0.05</KGmin>
      <RangeKG>0.1</RangeKG>
      <AG>0.1</AG>
      <PERC>9.99900187637659</PERC>
      <Alpha>0</Alpha>
      <UZL>179.39749003873598</UZL>
      <K0>0.16725889604922603</K0>
      <K1>0.12221969625717252</K1>
      <K2>0.1198499519416991</K2>
      <MAXBAS>1.0000058746218299</MAXBAS>
      <Cet>0</Cet>
      <PCALT>10</PCALT>
      <TCALT>0.6</TCALT>
      <Pelev>3165</Pelev>
      <Telev>3224</Telev>
      <PART>0.5</PART>
      <DELAY>1</DELAY>
    </SubCatchmentParameters>
    <SubCatchmentVegetationZone>
      <SubCatchmentVegetationZoneParameters>
        <TT>1.6990165449100889</TT>
        <CFMAX>2.7946775972754807</CFMAX>
        <SP>0</SP>
        <SFCF>0.59770349420354918</SFCF>
        <CFR>0.027264456096481919</CFR>
        <CWH>0.10000000033215548</CWH>
        <CFGlacier>1</CFGlacier>
        <CFSlope>1</CFSlope>
        <FC>226.7138498211888</FC>
        <LP>0.99999746609661888</LP>
        <BETA>4.5625381397450848</BETA>
      </SubCatchmentVegetationZoneParameters>
    </SubCatchmentVegetationZone>
  </SubCatchment>
</Catchment>