<?xml version="1.0" encoding="utf-8"?>
<Catchment xmlns:xsi="http://www.w3.org/2001/XMLSchema-instance" xmlns:xsd="http://www.w3.org/2001/XMLSchema">
  <CatchmentParameters>
    <KSI>0.001</KSI>
    <KGmin>0.05</KGmin>
    <RangeKG>0.1</RangeKG>
    <AG>0.1</AG>
    <PERC>5.9935552220021506</PERC>
    <Alpha>0</Alpha>
    <UZL>129.06080367275277</UZL>
    <K0>0.48525762191392552</K0>
    <K1>0.088749604400369941</K1>
    <K2>0.12276808397449728</K2>
    <MAXBAS>1.0000054003708692</MAXBAS>
    <Cet>0</Cet>
    <PCALT>10</PCALT>
    <TCALT>0.6</TCALT>
    <Pelev>3165</Pelev>
    <Telev>3224</Telev>
    <PART>0.5</PART>
    <DELAY>1</DELAY>
  </CatchmentParameters>
  <VegetationZone>
    <VegetationZoneParameters>
      <TT>0.70400175472629545</TT>
      <CFMAX>2.978636252586282</CFMAX>
      <SP>0</SP>
      <SFCF>0.744110313355403</SFCF>
      <CFR>0.070952834617701813</CFR>
      <CWH>0.11420842667146437</CWH>
      <CFGlacier>1</CFGlacier>
      <CFSlope>1</CFSlope>
      <FC>385.87553397551676</FC>
      <LP>0.88023247710034835</LP>
      <BETA>4.087577882405296</BETA>
    </VegetationZoneParameters>
  </VegetationZone>
  <SubCatchment>
    <SubCatchmentParameters>
      <KSI>0.001</KSI>
      <KGmin>0.05</KGmin>
      <RangeKG>0.1</RangeKG>
      <AG>0.1</AG>
      <PERC>5.9935552220021506</PERC>
      <Alpha>0</Alpha>
      <UZL>129.06080367275277</UZL>
      <K0>0.48525762191392552</K0>
      <K1>0.088749604400369941</K1>
      <K2>0.12276808397449728</K2>
      <MAXBAS>1.0000054003708692</MAXBAS>
      <Cet>0</Cet>
      <PCALT>10</PCALT>
      <TCALT>0.6</TCALT>
      <Pelev>3165</Pelev>
      <Telev>3224</Telev>
      <PART>0.5</PART>
      <DELAY>1</DELAY>
    </SubCatchmentParameters>
    <SubCatchmentVegetationZone>
      <SubCatchmentVegetationZoneParameters>
        <TT>0.70400175472629545</TT>
        <CFMAX>2.978636252586282</CFMAX>
        <SP>0</SP>
        <SFCF>0.744110313355403</SFCF>
        <CFR>0.070952834617701813</CFR>
        <CWH>0.11420842667146437</CWH>
        <CFGlacier>1</CFGlacier>
        <CFSlope>1</CFSlope>
        <FC>385.87553397551676</FC>
        <LP>0.88023247710034835</LP>
        <BETA>4.087577882405296</BETA>
      </SubCatchmentVegetationZoneParameters>
    </SubCatchmentVegetationZone>
  </SubCatchment>
</Catchment>