<?xml version="1.0" encoding="utf-8"?>
<Catchment xmlns:xsi="http://www.w3.org/2001/XMLSchema-instance" xmlns:xsd="http://www.w3.org/2001/XMLSchema">
  <CatchmentParameters>
    <KSI>0.001</KSI>
    <KGmin>0.05</KGmin>
    <RangeKG>0.1</RangeKG>
    <AG>0.1</AG>
    <PERC>6.0360517467658967</PERC>
    <Alpha>0</Alpha>
    <UZL>190.30613974560924</UZL>
    <K0>0.48301099569027817</K0>
    <K1>0.077814940643043118</K1>
    <K2>0.12550360137886593</K2>
    <MAXBAS>1.0048454781531189</MAXBAS>
    <Cet>0</Cet>
    <PCALT>10</PCALT>
    <TCALT>0.6</TCALT>
    <Pelev>3165</Pelev>
    <Telev>3224</Telev>
    <PART>0.5</PART>
    <DELAY>1</DELAY>
  </CatchmentParameters>
  <VegetationZone>
    <VegetationZoneParameters>
      <TT>0.74399655462961567</TT>
      <CFMAX>4.0825773751867658</CFMAX>
      <SP>0</SP>
      <SFCF>0.933604656089105</SFCF>
      <CFR>0.064288902710152612</CFR>
      <CWH>0.10000101261588583</CWH>
      <CFGlacier>1</CFGlacier>
      <CFSlope>1</CFSlope>
      <FC>784.54683850420406</FC>
      <LP>0.9063932681375414</LP>
      <BETA>3.8339089460309697</BETA>
    </VegetationZoneParameters>
  </VegetationZone>
  <SubCatchment>
    <SubCatchmentParameters>
      <KSI>0.001</KSI>
      <KGmin>0.05</KGmin>
      <RangeKG>0.1</RangeKG>
      <AG>0.1</AG>
      <PERC>6.0360517467658967</PERC>
      <Alpha>0</Alpha>
      <UZL>190.30613974560924</UZL>
      <K0>0.48301099569027817</K0>
      <K1>0.077814940643043118</K1>
      <K2>0.12550360137886593</K2>
      <MAXBAS>1.0048454781531189</MAXBAS>
      <Cet>0</Cet>
      <PCALT>10</PCALT>
      <TCALT>0.6</TCALT>
      <Pelev>3165</Pelev>
      <Telev>3224</Telev>
      <PART>0.5</PART>
      <DELAY>1</DELAY>
    </SubCatchmentParameters>
    <SubCatchmentVegetationZone>
      <SubCatchmentVegetationZoneParameters>
        <TT>0.74399655462961567</TT>
        <CFMAX>4.0825773751867658</CFMAX>
        <SP>0</SP>
        <SFCF>0.933604656089105</SFCF>
        <CFR>0.064288902710152612</CFR>
        <CWH>0.10000101261588583</CWH>
        <CFGlacier>1</CFGlacier>
        <CFSlope>1</CFSlope>
        <FC>784.54683850420406</FC>
        <LP>0.9063932681375414</LP>
        <BETA>3.8339089460309697</BETA>
      </SubCatchmentVegetationZoneParameters>
    </SubCatchmentVegetationZone>
  </SubCatchment>
</Catchment>