<?xml version="1.0" encoding="utf-8"?>
<Catchment xmlns:xsi="http://www.w3.org/2001/XMLSchema-instance" xmlns:xsd="http://www.w3.org/2001/XMLSchema">
  <CatchmentParameters>
    <KSI>0.001</KSI>
    <KGmin>0.05</KGmin>
    <RangeKG>0.1</RangeKG>
    <AG>0.1</AG>
    <PERC>9.99957197831337</PERC>
    <Alpha>0</Alpha>
    <UZL>115.04420239399265</UZL>
    <K0>0.32644636964622065</K0>
    <K1>0.12046377049936811</K1>
    <K2>0.090442837791109787</K2>
    <MAXBAS>1.0048699626548525</MAXBAS>
    <Cet>0</Cet>
    <PCALT>10</PCALT>
    <TCALT>0.6</TCALT>
    <Pelev>3165</Pelev>
    <Telev>3224</Telev>
    <PART>0.5</PART>
    <DELAY>1</DELAY>
  </CatchmentParameters>
  <VegetationZone>
    <VegetationZoneParameters>
      <TT>-0.66908592232170172</TT>
      <CFMAX>2.2592243568512496</CFMAX>
      <SP>0</SP>
      <SFCF>0.88000653334912993</SFCF>
      <CFR>0.099999999874305953</CFR>
      <CWH>0.11741800409028155</CWH>
      <CFGlacier>1</CFGlacier>
      <CFSlope>1</CFSlope>
      <FC>533.564769557885</FC>
      <LP>0.830816417069632</LP>
      <BETA>5.7556853749734023</BETA>
    </VegetationZoneParameters>
  </VegetationZone>
  <SubCatchment>
    <SubCatchmentParameters>
      <KSI>0.001</KSI>
      <KGmin>0.05</KGmin>
      <RangeKG>0.1</RangeKG>
      <AG>0.1</AG>
      <PERC>9.99957197831337</PERC>
      <Alpha>0</Alpha>
      <UZL>115.04420239399265</UZL>
      <K0>0.32644636964622065</K0>
      <K1>0.12046377049936811</K1>
      <K2>0.090442837791109787</K2>
      <MAXBAS>1.0048699626548525</MAXBAS>
      <Cet>0</Cet>
      <PCALT>10</PCALT>
      <TCALT>0.6</TCALT>
      <Pelev>3165</Pelev>
      <Telev>3224</Telev>
      <PART>0.5</PART>
      <DELAY>1</DELAY>
    </SubCatchmentParameters>
    <SubCatchmentVegetationZone>
      <SubCatchmentVegetationZoneParameters>
        <TT>-0.66908592232170172</TT>
        <CFMAX>2.2592243568512496</CFMAX>
        <SP>0</SP>
        <SFCF>0.88000653334912993</SFCF>
        <CFR>0.099999999874305953</CFR>
        <CWH>0.11741800409028155</CWH>
        <CFGlacier>1</CFGlacier>
        <CFSlope>1</CFSlope>
        <FC>533.564769557885</FC>
        <LP>0.830816417069632</LP>
        <BETA>5.7556853749734023</BETA>
      </SubCatchmentVegetationZoneParameters>
    </SubCatchmentVegetationZone>
  </SubCatchment>
</Catchment>