<?xml version="1.0" encoding="utf-8"?>
<Catchment xmlns:xsi="http://www.w3.org/2001/XMLSchema-instance" xmlns:xsd="http://www.w3.org/2001/XMLSchema">
  <CatchmentParameters>
    <KSI>0.001</KSI>
    <KGmin>0.05</KGmin>
    <RangeKG>0.1</RangeKG>
    <AG>0.1</AG>
    <PERC>7.3668512352761537</PERC>
    <Alpha>0</Alpha>
    <UZL>153.76255279829806</UZL>
    <K0>0.26198897591383835</K0>
    <K1>0.084442919298605021</K1>
    <K2>0.11708991703268665</K2>
    <MAXBAS>1.0007564059143332</MAXBAS>
    <Cet>0</Cet>
    <PCALT>10</PCALT>
    <TCALT>0.6</TCALT>
    <Pelev>3165</Pelev>
    <Telev>3224</Telev>
    <PART>0.5</PART>
    <DELAY>1</DELAY>
  </CatchmentParameters>
  <VegetationZone>
    <VegetationZoneParameters>
      <TT>1.2234039887564057</TT>
      <CFMAX>3.5917467587126941</CFMAX>
      <SP>0</SP>
      <SFCF>0.75414742223651432</SFCF>
      <CFR>0.04456011478518216</CFR>
      <CWH>0.10000048558850569</CWH>
      <CFGlacier>1</CFGlacier>
      <CFSlope>1</CFSlope>
      <FC>438.07401535546438</FC>
      <LP>0.999992506713426</LP>
      <BETA>3.9594674967167407</BETA>
    </VegetationZoneParameters>
  </VegetationZone>
  <SubCatchment>
    <SubCatchmentParameters>
      <KSI>0.001</KSI>
      <KGmin>0.05</KGmin>
      <RangeKG>0.1</RangeKG>
      <AG>0.1</AG>
      <PERC>7.3668512352761537</PERC>
      <Alpha>0</Alpha>
      <UZL>153.76255279829806</UZL>
      <K0>0.26198897591383835</K0>
      <K1>0.084442919298605021</K1>
      <K2>0.11708991703268665</K2>
      <MAXBAS>1.0007564059143332</MAXBAS>
      <Cet>0</Cet>
      <PCALT>10</PCALT>
      <TCALT>0.6</TCALT>
      <Pelev>3165</Pelev>
      <Telev>3224</Telev>
      <PART>0.5</PART>
      <DELAY>1</DELAY>
    </SubCatchmentParameters>
    <SubCatchmentVegetationZone>
      <SubCatchmentVegetationZoneParameters>
        <TT>1.2234039887564057</TT>
        <CFMAX>3.5917467587126941</CFMAX>
        <SP>0</SP>
        <SFCF>0.75414742223651432</SFCF>
        <CFR>0.04456011478518216</CFR>
        <CWH>0.10000048558850569</CWH>
        <CFGlacier>1</CFGlacier>
        <CFSlope>1</CFSlope>
        <FC>438.07401535546438</FC>
        <LP>0.999992506713426</LP>
        <BETA>3.9594674967167407</BETA>
      </SubCatchmentVegetationZoneParameters>
    </SubCatchmentVegetationZone>
  </SubCatchment>
</Catchment>