<?xml version="1.0" encoding="utf-8"?>
<Catchment xmlns:xsi="http://www.w3.org/2001/XMLSchema-instance" xmlns:xsd="http://www.w3.org/2001/XMLSchema">
  <CatchmentParameters>
    <KSI>0.001</KSI>
    <KGmin>0.05</KGmin>
    <RangeKG>0.1</RangeKG>
    <AG>0.1</AG>
    <PERC>0.26747751071197085</PERC>
    <Alpha>0</Alpha>
    <UZL>151.18461740177153</UZL>
    <K0>0.49837795922818512</K0>
    <K1>0.11282433206930539</K1>
    <K2>0.010000000046629577</K2>
    <MAXBAS>1</MAXBAS>
    <Cet>0</Cet>
    <PCALT>10</PCALT>
    <TCALT>0.6</TCALT>
    <Pelev>3165</Pelev>
    <Telev>3224</Telev>
    <PART>0.5</PART>
    <DELAY>1</DELAY>
  </CatchmentParameters>
  <VegetationZone>
    <VegetationZoneParameters>
      <TT>-0.55862207475762349</TT>
      <CFMAX>3.3478604376590622</CFMAX>
      <SP>0</SP>
      <SFCF>1.1853068918102492</SFCF>
      <CFR>0.0999994871137972</CFR>
      <CWH>0.14649822424405692</CWH>
      <CFGlacier>1</CFGlacier>
      <CFSlope>1</CFSlope>
      <FC>1478.6761622573238</FC>
      <LP>0.71078288170050641</LP>
      <BETA>3.0169797843198611</BETA>
    </VegetationZoneParameters>
  </VegetationZone>
  <SubCatchment>
    <SubCatchmentParameters>
      <KSI>0.001</KSI>
      <KGmin>0.05</KGmin>
      <RangeKG>0.1</RangeKG>
      <AG>0.1</AG>
      <PERC>0.26747751071197085</PERC>
      <Alpha>0</Alpha>
      <UZL>151.18461740177153</UZL>
      <K0>0.49837795922818512</K0>
      <K1>0.11282433206930539</K1>
      <K2>0.010000000046629577</K2>
      <MAXBAS>1</MAXBAS>
      <Cet>0</Cet>
      <PCALT>10</PCALT>
      <TCALT>0.6</TCALT>
      <Pelev>3165</Pelev>
      <Telev>3224</Telev>
      <PART>0.5</PART>
      <DELAY>1</DELAY>
    </SubCatchmentParameters>
    <SubCatchmentVegetationZone>
      <SubCatchmentVegetationZoneParameters>
        <TT>-0.55862207475762349</TT>
        <CFMAX>3.3478604376590622</CFMAX>
        <SP>0</SP>
        <SFCF>1.1853068918102492</SFCF>
        <CFR>0.0999994871137972</CFR>
        <CWH>0.14649822424405692</CWH>
        <CFGlacier>1</CFGlacier>
        <CFSlope>1</CFSlope>
        <FC>1478.6761622573238</FC>
        <LP>0.71078288170050641</LP>
        <BETA>3.0169797843198611</BETA>
      </SubCatchmentVegetationZoneParameters>
    </SubCatchmentVegetationZone>
  </SubCatchment>
</Catchment>