<?xml version="1.0" encoding="utf-8"?>
<Catchment xmlns:xsi="http://www.w3.org/2001/XMLSchema-instance" xmlns:xsd="http://www.w3.org/2001/XMLSchema">
  <CatchmentParameters>
    <KSI>0.001</KSI>
    <KGmin>0.05</KGmin>
    <RangeKG>0.1</RangeKG>
    <AG>0.1</AG>
    <PERC>6.72940457230318</PERC>
    <Alpha>0</Alpha>
    <UZL>137.17195148806115</UZL>
    <K0>0.19113252694420552</K0>
    <K1>0.089037423675560376</K1>
    <K2>0.11185419532971867</K2>
    <MAXBAS>1.000160937320004</MAXBAS>
    <Cet>0</Cet>
    <PCALT>10</PCALT>
    <TCALT>0.6</TCALT>
    <Pelev>3165</Pelev>
    <Telev>3224</Telev>
    <PART>0.5</PART>
    <DELAY>1</DELAY>
  </CatchmentParameters>
  <VegetationZone>
    <VegetationZoneParameters>
      <TT>0.74399620999933391</TT>
      <CFMAX>2.836682483422289</CFMAX>
      <SP>0</SP>
      <SFCF>0.71235245946925785</SFCF>
      <CFR>0.070756416723786478</CFR>
      <CWH>0.11277198907958259</CWH>
      <CFGlacier>1</CFGlacier>
      <CFSlope>1</CFSlope>
      <FC>328.30994225708594</FC>
      <LP>0.87580548431344563</LP>
      <BETA>4.4378487197233492</BETA>
    </VegetationZoneParameters>
  </VegetationZone>
  <SubCatchment>
    <SubCatchmentParameters>
      <KSI>0.001</KSI>
      <KGmin>0.05</KGmin>
      <RangeKG>0.1</RangeKG>
      <AG>0.1</AG>
      <PERC>6.72940457230318</PERC>
      <Alpha>0</Alpha>
      <UZL>137.17195148806115</UZL>
      <K0>0.19113252694420552</K0>
      <K1>0.089037423675560376</K1>
      <K2>0.11185419532971867</K2>
      <MAXBAS>1.000160937320004</MAXBAS>
      <Cet>0</Cet>
      <PCALT>10</PCALT>
      <TCALT>0.6</TCALT>
      <Pelev>3165</Pelev>
      <Telev>3224</Telev>
      <PART>0.5</PART>
      <DELAY>1</DELAY>
    </SubCatchmentParameters>
    <SubCatchmentVegetationZone>
      <SubCatchmentVegetationZoneParameters>
        <TT>0.74399620999933391</TT>
        <CFMAX>2.836682483422289</CFMAX>
        <SP>0</SP>
        <SFCF>0.71235245946925785</SFCF>
        <CFR>0.070756416723786478</CFR>
        <CWH>0.11277198907958259</CWH>
        <CFGlacier>1</CFGlacier>
        <CFSlope>1</CFSlope>
        <FC>328.30994225708594</FC>
        <LP>0.87580548431344563</LP>
        <BETA>4.4378487197233492</BETA>
      </SubCatchmentVegetationZoneParameters>
    </SubCatchmentVegetationZone>
  </SubCatchment>
</Catchment>