<?xml version="1.0" encoding="utf-8"?>
<Catchment xmlns:xsi="http://www.w3.org/2001/XMLSchema-instance" xmlns:xsd="http://www.w3.org/2001/XMLSchema">
  <CatchmentParameters>
    <KSI>0.001</KSI>
    <KGmin>0.05</KGmin>
    <RangeKG>0.1</RangeKG>
    <AG>0.1</AG>
    <PERC>0.27254575827305683</PERC>
    <Alpha>0</Alpha>
    <UZL>138.74948394545072</UZL>
    <K0>0.48870067939207379</K0>
    <K1>0.11296668819124597</K1>
    <K2>0.010000026562488898</K2>
    <MAXBAS>1</MAXBAS>
    <Cet>0</Cet>
    <PCALT>10</PCALT>
    <TCALT>0.6</TCALT>
    <Pelev>3165</Pelev>
    <Telev>3224</Telev>
    <PART>0.5</PART>
    <DELAY>1</DELAY>
  </CatchmentParameters>
  <VegetationZone>
    <VegetationZoneParameters>
      <TT>-0.20069336840901242</TT>
      <CFMAX>3.3798864738145644</CFMAX>
      <SP>0</SP>
      <SFCF>1.0954983951159159</SFCF>
      <CFR>0.071871863954511</CFR>
      <CWH>0.10000272212876639</CWH>
      <CFGlacier>1</CFGlacier>
      <CFSlope>1</CFSlope>
      <FC>1279.0969375127168</FC>
      <LP>0.7917855613866831</LP>
      <BETA>2.9527325369458715</BETA>
    </VegetationZoneParameters>
  </VegetationZone>
  <SubCatchment>
    <SubCatchmentParameters>
      <KSI>0.001</KSI>
      <KGmin>0.05</KGmin>
      <RangeKG>0.1</RangeKG>
      <AG>0.1</AG>
      <PERC>0.27254575827305683</PERC>
      <Alpha>0</Alpha>
      <UZL>138.74948394545072</UZL>
      <K0>0.48870067939207379</K0>
      <K1>0.11296668819124597</K1>
      <K2>0.010000026562488898</K2>
      <MAXBAS>1</MAXBAS>
      <Cet>0</Cet>
      <PCALT>10</PCALT>
      <TCALT>0.6</TCALT>
      <Pelev>3165</Pelev>
      <Telev>3224</Telev>
      <PART>0.5</PART>
      <DELAY>1</DELAY>
    </SubCatchmentParameters>
    <SubCatchmentVegetationZone>
      <SubCatchmentVegetationZoneParameters>
        <TT>-0.20069336840901242</TT>
        <CFMAX>3.3798864738145644</CFMAX>
        <SP>0</SP>
        <SFCF>1.0954983951159159</SFCF>
        <CFR>0.071871863954511</CFR>
        <CWH>0.10000272212876639</CWH>
        <CFGlacier>1</CFGlacier>
        <CFSlope>1</CFSlope>
        <FC>1279.0969375127168</FC>
        <LP>0.7917855613866831</LP>
        <BETA>2.9527325369458715</BETA>
      </SubCatchmentVegetationZoneParameters>
    </SubCatchmentVegetationZone>
  </SubCatchment>
</Catchment>