<?xml version="1.0" encoding="utf-8"?>
<Catchment xmlns:xsi="http://www.w3.org/2001/XMLSchema-instance" xmlns:xsd="http://www.w3.org/2001/XMLSchema">
  <CatchmentParameters>
    <KSI>0.001</KSI>
    <KGmin>0.05</KGmin>
    <RangeKG>0.1</RangeKG>
    <AG>0.1</AG>
    <PERC>9.99978806404773</PERC>
    <Alpha>0</Alpha>
    <UZL>141.81182800810902</UZL>
    <K0>0.36268534714851136</K0>
    <K1>0.11431226752495281</K1>
    <K2>0.092474874370362309</K2>
    <MAXBAS>1.0002949500922214</MAXBAS>
    <Cet>0</Cet>
    <PCALT>10</PCALT>
    <TCALT>0.6</TCALT>
    <Pelev>3165</Pelev>
    <Telev>3224</Telev>
    <PART>0.5</PART>
    <DELAY>1</DELAY>
  </CatchmentParameters>
  <VegetationZone>
    <VegetationZoneParameters>
      <TT>-0.19600787393455291</TT>
      <CFMAX>2.49302916954394</CFMAX>
      <SP>0</SP>
      <SFCF>0.81626484389762333</SFCF>
      <CFR>0.0999993710903509</CFR>
      <CWH>0.10000005390619728</CWH>
      <CFGlacier>1</CFGlacier>
      <CFSlope>1</CFSlope>
      <FC>502.03639333035335</FC>
      <LP>0.95157830354205553</LP>
      <BETA>5.17811715161904</BETA>
    </VegetationZoneParameters>
  </VegetationZone>
  <SubCatchment>
    <SubCatchmentParameters>
      <KSI>0.001</KSI>
      <KGmin>0.05</KGmin>
      <RangeKG>0.1</RangeKG>
      <AG>0.1</AG>
      <PERC>9.99978806404773</PERC>
      <Alpha>0</Alpha>
      <UZL>141.81182800810902</UZL>
      <K0>0.36268534714851136</K0>
      <K1>0.11431226752495281</K1>
      <K2>0.092474874370362309</K2>
      <MAXBAS>1.0002949500922214</MAXBAS>
      <Cet>0</Cet>
      <PCALT>10</PCALT>
      <TCALT>0.6</TCALT>
      <Pelev>3165</Pelev>
      <Telev>3224</Telev>
      <PART>0.5</PART>
      <DELAY>1</DELAY>
    </SubCatchmentParameters>
    <SubCatchmentVegetationZone>
      <SubCatchmentVegetationZoneParameters>
        <TT>-0.19600787393455291</TT>
        <CFMAX>2.49302916954394</CFMAX>
        <SP>0</SP>
        <SFCF>0.81626484389762333</SFCF>
        <CFR>0.0999993710903509</CFR>
        <CWH>0.10000005390619728</CWH>
        <CFGlacier>1</CFGlacier>
        <CFSlope>1</CFSlope>
        <FC>502.03639333035335</FC>
        <LP>0.95157830354205553</LP>
        <BETA>5.17811715161904</BETA>
      </SubCatchmentVegetationZoneParameters>
    </SubCatchmentVegetationZone>
  </SubCatchment>
</Catchment>