<?xml version="1.0" encoding="utf-8"?>
<Catchment xmlns:xsi="http://www.w3.org/2001/XMLSchema-instance" xmlns:xsd="http://www.w3.org/2001/XMLSchema">
  <CatchmentParameters>
    <KSI>0.001</KSI>
    <KGmin>0.05</KGmin>
    <RangeKG>0.1</RangeKG>
    <AG>0.1</AG>
    <PERC>5.6193046464205993</PERC>
    <Alpha>0</Alpha>
    <UZL>116.93500123806462</UZL>
    <K0>0.278869143417661</K0>
    <K1>0.084909350472011827</K1>
    <K2>0.12572409411579949</K2>
    <MAXBAS>1.0049599356594321</MAXBAS>
    <Cet>0</Cet>
    <PCALT>10</PCALT>
    <TCALT>0.6</TCALT>
    <Pelev>3165</Pelev>
    <Telev>3224</Telev>
    <PART>0.5</PART>
    <DELAY>1</DELAY>
  </CatchmentParameters>
  <VegetationZone>
    <VegetationZoneParameters>
      <TT>0.30516803767570838</TT>
      <CFMAX>3.0794946526111002</CFMAX>
      <SP>0</SP>
      <SFCF>0.83886047413819342</SFCF>
      <CFR>0.091747844276083831</CFR>
      <CWH>0.10000027750029678</CWH>
      <CFGlacier>1</CFGlacier>
      <CFSlope>1</CFSlope>
      <FC>527.82981674497739</FC>
      <LP>0.88528044689280572</LP>
      <BETA>4.129360363893336</BETA>
    </VegetationZoneParameters>
  </VegetationZone>
  <SubCatchment>
    <SubCatchmentParameters>
      <KSI>0.001</KSI>
      <KGmin>0.05</KGmin>
      <RangeKG>0.1</RangeKG>
      <AG>0.1</AG>
      <PERC>5.6193046464205993</PERC>
      <Alpha>0</Alpha>
      <UZL>116.93500123806462</UZL>
      <K0>0.278869143417661</K0>
      <K1>0.084909350472011827</K1>
      <K2>0.12572409411579949</K2>
      <MAXBAS>1.0049599356594321</MAXBAS>
      <Cet>0</Cet>
      <PCALT>10</PCALT>
      <TCALT>0.6</TCALT>
      <Pelev>3165</Pelev>
      <Telev>3224</Telev>
      <PART>0.5</PART>
      <DELAY>1</DELAY>
    </SubCatchmentParameters>
    <SubCatchmentVegetationZone>
      <SubCatchmentVegetationZoneParameters>
        <TT>0.30516803767570838</TT>
        <CFMAX>3.0794946526111002</CFMAX>
        <SP>0</SP>
        <SFCF>0.83886047413819342</SFCF>
        <CFR>0.091747844276083831</CFR>
        <CWH>0.10000027750029678</CWH>
        <CFGlacier>1</CFGlacier>
        <CFSlope>1</CFSlope>
        <FC>527.82981674497739</FC>
        <LP>0.88528044689280572</LP>
        <BETA>4.129360363893336</BETA>
      </SubCatchmentVegetationZoneParameters>
    </SubCatchmentVegetationZone>
  </SubCatchment>
</Catchment>