<?xml version="1.0" encoding="utf-8"?>
<Catchment xmlns:xsi="http://www.w3.org/2001/XMLSchema-instance" xmlns:xsd="http://www.w3.org/2001/XMLSchema">
  <CatchmentParameters>
    <KSI>0.001</KSI>
    <KGmin>0.05</KGmin>
    <RangeKG>0.1</RangeKG>
    <AG>0.1</AG>
    <PERC>5.6308867550581292</PERC>
    <Alpha>0</Alpha>
    <UZL>141.64086855763406</UZL>
    <K0>0.51141093144771876</K0>
    <K1>0.080429290141346824</K1>
    <K2>0.12251703387116716</K2>
    <MAXBAS>1.0048953156126679</MAXBAS>
    <Cet>0</Cet>
    <PCALT>10</PCALT>
    <TCALT>0.6</TCALT>
    <Pelev>3165</Pelev>
    <Telev>3224</Telev>
    <PART>0.5</PART>
    <DELAY>1</DELAY>
  </CatchmentParameters>
  <VegetationZone>
    <VegetationZoneParameters>
      <TT>0.043994460104809577</TT>
      <CFMAX>3.1296213654150753</CFMAX>
      <SP>0</SP>
      <SFCF>0.89494063776325794</SFCF>
      <CFR>0.099999699580249041</CFR>
      <CWH>0.10000013003712677</CWH>
      <CFGlacier>1</CFGlacier>
      <CFSlope>1</CFSlope>
      <FC>579.45242040967992</FC>
      <LP>0.81623248989092345</LP>
      <BETA>4.0810760640917954</BETA>
    </VegetationZoneParameters>
  </VegetationZone>
  <SubCatchment>
    <SubCatchmentParameters>
      <KSI>0.001</KSI>
      <KGmin>0.05</KGmin>
      <RangeKG>0.1</RangeKG>
      <AG>0.1</AG>
      <PERC>5.6308867550581292</PERC>
      <Alpha>0</Alpha>
      <UZL>141.64086855763406</UZL>
      <K0>0.51141093144771876</K0>
      <K1>0.080429290141346824</K1>
      <K2>0.12251703387116716</K2>
      <MAXBAS>1.0048953156126679</MAXBAS>
      <Cet>0</Cet>
      <PCALT>10</PCALT>
      <TCALT>0.6</TCALT>
      <Pelev>3165</Pelev>
      <Telev>3224</Telev>
      <PART>0.5</PART>
      <DELAY>1</DELAY>
    </SubCatchmentParameters>
    <SubCatchmentVegetationZone>
      <SubCatchmentVegetationZoneParameters>
        <TT>0.043994460104809577</TT>
        <CFMAX>3.1296213654150753</CFMAX>
        <SP>0</SP>
        <SFCF>0.89494063776325794</SFCF>
        <CFR>0.099999699580249041</CFR>
        <CWH>0.10000013003712677</CWH>
        <CFGlacier>1</CFGlacier>
        <CFSlope>1</CFSlope>
        <FC>579.45242040967992</FC>
        <LP>0.81623248989092345</LP>
        <BETA>4.0810760640917954</BETA>
      </SubCatchmentVegetationZoneParameters>
    </SubCatchmentVegetationZone>
  </SubCatchment>
</Catchment>