<?xml version="1.0" encoding="utf-8"?>
<Catchment xmlns:xsi="http://www.w3.org/2001/XMLSchema-instance" xmlns:xsd="http://www.w3.org/2001/XMLSchema">
  <CatchmentParameters>
    <KSI>0.001</KSI>
    <KGmin>0.05</KGmin>
    <RangeKG>0.1</RangeKG>
    <AG>0.1</AG>
    <PERC>9.9998249340126062</PERC>
    <Alpha>0</Alpha>
    <UZL>120.3892230421782</UZL>
    <K0>0.13112218740256981</K0>
    <K1>0.13734726880146078</K1>
    <K2>0.098011975490023481</K2>
    <MAXBAS>1.0001036684359324</MAXBAS>
    <Cet>0</Cet>
    <PCALT>10</PCALT>
    <TCALT>0.6</TCALT>
    <Pelev>3165</Pelev>
    <Telev>3224</Telev>
    <PART>0.5</PART>
    <DELAY>1</DELAY>
  </CatchmentParameters>
  <VegetationZone>
    <VegetationZoneParameters>
      <TT>-0.99600125278446416</TT>
      <CFMAX>2.0113655430543949</CFMAX>
      <SP>0</SP>
      <SFCF>0.893540050743669</SFCF>
      <CFR>0.099999663083637128</CFR>
      <CWH>0.10001491254299183</CWH>
      <CFGlacier>1</CFGlacier>
      <CFSlope>1</CFSlope>
      <FC>551.62518705061848</FC>
      <LP>0.78524759675244382</LP>
      <BETA>5.9316823468980795</BETA>
    </VegetationZoneParameters>
  </VegetationZone>
  <SubCatchment>
    <SubCatchmentParameters>
      <KSI>0.001</KSI>
      <KGmin>0.05</KGmin>
      <RangeKG>0.1</RangeKG>
      <AG>0.1</AG>
      <PERC>9.9998249340126062</PERC>
      <Alpha>0</Alpha>
      <UZL>120.3892230421782</UZL>
      <K0>0.13112218740256981</K0>
      <K1>0.13734726880146078</K1>
      <K2>0.098011975490023481</K2>
      <MAXBAS>1.0001036684359324</MAXBAS>
      <Cet>0</Cet>
      <PCALT>10</PCALT>
      <TCALT>0.6</TCALT>
      <Pelev>3165</Pelev>
      <Telev>3224</Telev>
      <PART>0.5</PART>
      <DELAY>1</DELAY>
    </SubCatchmentParameters>
    <SubCatchmentVegetationZone>
      <SubCatchmentVegetationZoneParameters>
        <TT>-0.99600125278446416</TT>
        <CFMAX>2.0113655430543949</CFMAX>
        <SP>0</SP>
        <SFCF>0.893540050743669</SFCF>
        <CFR>0.099999663083637128</CFR>
        <CWH>0.10001491254299183</CWH>
        <CFGlacier>1</CFGlacier>
        <CFSlope>1</CFSlope>
        <FC>551.62518705061848</FC>
        <LP>0.78524759675244382</LP>
        <BETA>5.9316823468980795</BETA>
      </SubCatchmentVegetationZoneParameters>
    </SubCatchmentVegetationZone>
  </SubCatchment>
</Catchment>