<?xml version="1.0" encoding="utf-8"?>
<Catchment xmlns:xsi="http://www.w3.org/2001/XMLSchema-instance" xmlns:xsd="http://www.w3.org/2001/XMLSchema">
  <CatchmentParameters>
    <KSI>0.001</KSI>
    <KGmin>0.05</KGmin>
    <RangeKG>0.1</RangeKG>
    <AG>0.1</AG>
    <PERC>0.26560967449261447</PERC>
    <Alpha>0</Alpha>
    <UZL>172.42851127569148</UZL>
    <K0>0.138132389531387</K0>
    <K1>0.10730180619708615</K1>
    <K2>0.010000015071106275</K2>
    <MAXBAS>1</MAXBAS>
    <Cet>0</Cet>
    <PCALT>10</PCALT>
    <TCALT>0.6</TCALT>
    <Pelev>3165</Pelev>
    <Telev>3224</Telev>
    <PART>0.5</PART>
    <DELAY>1</DELAY>
  </CatchmentParameters>
  <VegetationZone>
    <VegetationZoneParameters>
      <TT>-0.24904375228823142</TT>
      <CFMAX>3.1617707918031894</CFMAX>
      <SP>0</SP>
      <SFCF>1.0234423363657552</SFCF>
      <CFR>0.09999823498549415</CFR>
      <CWH>0.13159937445630107</CWH>
      <CFGlacier>1</CFGlacier>
      <CFSlope>1</CFSlope>
      <FC>1059.9905856762182</FC>
      <LP>0.83126224940014148</LP>
      <BETA>2.6553837021364832</BETA>
    </VegetationZoneParameters>
  </VegetationZone>
  <SubCatchment>
    <SubCatchmentParameters>
      <KSI>0.001</KSI>
      <KGmin>0.05</KGmin>
      <RangeKG>0.1</RangeKG>
      <AG>0.1</AG>
      <PERC>0.26560967449261447</PERC>
      <Alpha>0</Alpha>
      <UZL>172.42851127569148</UZL>
      <K0>0.138132389531387</K0>
      <K1>0.10730180619708615</K1>
      <K2>0.010000015071106275</K2>
      <MAXBAS>1</MAXBAS>
      <Cet>0</Cet>
      <PCALT>10</PCALT>
      <TCALT>0.6</TCALT>
      <Pelev>3165</Pelev>
      <Telev>3224</Telev>
      <PART>0.5</PART>
      <DELAY>1</DELAY>
    </SubCatchmentParameters>
    <SubCatchmentVegetationZone>
      <SubCatchmentVegetationZoneParameters>
        <TT>-0.24904375228823142</TT>
        <CFMAX>3.1617707918031894</CFMAX>
        <SP>0</SP>
        <SFCF>1.0234423363657552</SFCF>
        <CFR>0.09999823498549415</CFR>
        <CWH>0.13159937445630107</CWH>
        <CFGlacier>1</CFGlacier>
        <CFSlope>1</CFSlope>
        <FC>1059.9905856762182</FC>
        <LP>0.83126224940014148</LP>
        <BETA>2.6553837021364832</BETA>
      </SubCatchmentVegetationZoneParameters>
    </SubCatchmentVegetationZone>
  </SubCatchment>
</Catchment>