<?xml version="1.0" encoding="utf-8"?>
<Catchment xmlns:xsi="http://www.w3.org/2001/XMLSchema-instance" xmlns:xsd="http://www.w3.org/2001/XMLSchema">
  <CatchmentParameters>
    <KSI>0.001</KSI>
    <KGmin>0.05</KGmin>
    <RangeKG>0.1</RangeKG>
    <AG>0.1</AG>
    <PERC>9.9997486039209615</PERC>
    <Alpha>0</Alpha>
    <UZL>113.46429863855067</UZL>
    <K0>0.43396393963835622</K0>
    <K1>0.10643074154320835</K1>
    <K2>0.099967479783013943</K2>
    <MAXBAS>1.0000500341949405</MAXBAS>
    <Cet>0</Cet>
    <PCALT>10</PCALT>
    <TCALT>0.6</TCALT>
    <Pelev>3165</Pelev>
    <Telev>3224</Telev>
    <PART>0.5</PART>
    <DELAY>1</DELAY>
  </CatchmentParameters>
  <VegetationZone>
    <VegetationZoneParameters>
      <TT>0.74399989734837113</TT>
      <CFMAX>2.7215557821414871</CFMAX>
      <SP>0</SP>
      <SFCF>0.68681301546047335</SFCF>
      <CFR>0.070965354255850863</CFR>
      <CWH>0.11788910096584238</CWH>
      <CFGlacier>1</CFGlacier>
      <CFSlope>1</CFSlope>
      <FC>329.11354676618146</FC>
      <LP>0.99999502727294309</LP>
      <BETA>4.8778064398937016</BETA>
    </VegetationZoneParameters>
  </VegetationZone>
  <SubCatchment>
    <SubCatchmentParameters>
      <KSI>0.001</KSI>
      <KGmin>0.05</KGmin>
      <RangeKG>0.1</RangeKG>
      <AG>0.1</AG>
      <PERC>9.9997486039209615</PERC>
      <Alpha>0</Alpha>
      <UZL>113.46429863855067</UZL>
      <K0>0.43396393963835622</K0>
      <K1>0.10643074154320835</K1>
      <K2>0.099967479783013943</K2>
      <MAXBAS>1.0000500341949405</MAXBAS>
      <Cet>0</Cet>
      <PCALT>10</PCALT>
      <TCALT>0.6</TCALT>
      <Pelev>3165</Pelev>
      <Telev>3224</Telev>
      <PART>0.5</PART>
      <DELAY>1</DELAY>
    </SubCatchmentParameters>
    <SubCatchmentVegetationZone>
      <SubCatchmentVegetationZoneParameters>
        <TT>0.74399989734837113</TT>
        <CFMAX>2.7215557821414871</CFMAX>
        <SP>0</SP>
        <SFCF>0.68681301546047335</SFCF>
        <CFR>0.070965354255850863</CFR>
        <CWH>0.11788910096584238</CWH>
        <CFGlacier>1</CFGlacier>
        <CFSlope>1</CFSlope>
        <FC>329.11354676618146</FC>
        <LP>0.99999502727294309</LP>
        <BETA>4.8778064398937016</BETA>
      </SubCatchmentVegetationZoneParameters>
    </SubCatchmentVegetationZone>
  </SubCatchment>
</Catchment>