<?xml version="1.0" encoding="utf-8"?>
<Catchment xmlns:xsi="http://www.w3.org/2001/XMLSchema-instance" xmlns:xsd="http://www.w3.org/2001/XMLSchema">
  <CatchmentParameters>
    <KSI>0.001</KSI>
    <KGmin>0.05</KGmin>
    <RangeKG>0.1</RangeKG>
    <AG>0.1</AG>
    <PERC>7.00401237322362</PERC>
    <Alpha>0</Alpha>
    <UZL>95.248810444394266</UZL>
    <K0>0.50957391434909138</K0>
    <K1>0.088173328247503777</K1>
    <K2>0.1176755160989507</K2>
    <MAXBAS>1.0048965791722331</MAXBAS>
    <Cet>0</Cet>
    <PCALT>10</PCALT>
    <TCALT>0.6</TCALT>
    <Pelev>3165</Pelev>
    <Telev>3224</Telev>
    <PART>0.5</PART>
    <DELAY>1</DELAY>
  </CatchmentParameters>
  <VegetationZone>
    <VegetationZoneParameters>
      <TT>0.20398811458189553</TT>
      <CFMAX>2.84058840755036</CFMAX>
      <SP>0</SP>
      <SFCF>0.81793595483072212</SFCF>
      <CFR>0.099998016966401065</CFR>
      <CWH>0.10000015456895006</CWH>
      <CFGlacier>1</CFGlacier>
      <CFSlope>1</CFSlope>
      <FC>505.43765181414312</FC>
      <LP>0.9300444124611531</LP>
      <BETA>4.276384561156708</BETA>
    </VegetationZoneParameters>
  </VegetationZone>
  <SubCatchment>
    <SubCatchmentParameters>
      <KSI>0.001</KSI>
      <KGmin>0.05</KGmin>
      <RangeKG>0.1</RangeKG>
      <AG>0.1</AG>
      <PERC>7.00401237322362</PERC>
      <Alpha>0</Alpha>
      <UZL>95.248810444394266</UZL>
      <K0>0.50957391434909138</K0>
      <K1>0.088173328247503777</K1>
      <K2>0.1176755160989507</K2>
      <MAXBAS>1.0048965791722331</MAXBAS>
      <Cet>0</Cet>
      <PCALT>10</PCALT>
      <TCALT>0.6</TCALT>
      <Pelev>3165</Pelev>
      <Telev>3224</Telev>
      <PART>0.5</PART>
      <DELAY>1</DELAY>
    </SubCatchmentParameters>
    <SubCatchmentVegetationZone>
      <SubCatchmentVegetationZoneParameters>
        <TT>0.20398811458189553</TT>
        <CFMAX>2.84058840755036</CFMAX>
        <SP>0</SP>
        <SFCF>0.81793595483072212</SFCF>
        <CFR>0.099998016966401065</CFR>
        <CWH>0.10000015456895006</CWH>
        <CFGlacier>1</CFGlacier>
        <CFSlope>1</CFSlope>
        <FC>505.43765181414312</FC>
        <LP>0.9300444124611531</LP>
        <BETA>4.276384561156708</BETA>
      </SubCatchmentVegetationZoneParameters>
    </SubCatchmentVegetationZone>
  </SubCatchment>
</Catchment>