<?xml version="1.0" encoding="utf-8"?>
<Catchment xmlns:xsi="http://www.w3.org/2001/XMLSchema-instance" xmlns:xsd="http://www.w3.org/2001/XMLSchema">
  <CatchmentParameters>
    <KSI>0.001</KSI>
    <KGmin>0.05</KGmin>
    <RangeKG>0.1</RangeKG>
    <AG>0.1</AG>
    <PERC>9.9999219755311337</PERC>
    <Alpha>0</Alpha>
    <UZL>109.34475847012722</UZL>
    <K0>0.34738474134016634</K0>
    <K1>0.12099925931327336</K1>
    <K2>0.096725815412724278</K2>
    <MAXBAS>1.000005597009765</MAXBAS>
    <Cet>0</Cet>
    <PCALT>10</PCALT>
    <TCALT>0.6</TCALT>
    <Pelev>3165</Pelev>
    <Telev>3224</Telev>
    <PART>0.5</PART>
    <DELAY>1</DELAY>
  </CatchmentParameters>
  <VegetationZone>
    <VegetationZoneParameters>
      <TT>0.51642252312456249</TT>
      <CFMAX>2.440601634019778</CFMAX>
      <SP>0</SP>
      <SFCF>0.66785282572894522</SFCF>
      <CFR>0.084742328618638021</CFR>
      <CWH>0.13872856379258469</CWH>
      <CFGlacier>1</CFGlacier>
      <CFSlope>1</CFSlope>
      <FC>283.52242044130293</FC>
      <LP>0.94477888933306564</LP>
      <BETA>5.1467226436106106</BETA>
    </VegetationZoneParameters>
  </VegetationZone>
  <SubCatchment>
    <SubCatchmentParameters>
      <KSI>0.001</KSI>
      <KGmin>0.05</KGmin>
      <RangeKG>0.1</RangeKG>
      <AG>0.1</AG>
      <PERC>9.9999219755311337</PERC>
      <Alpha>0</Alpha>
      <UZL>109.34475847012722</UZL>
      <K0>0.34738474134016634</K0>
      <K1>0.12099925931327336</K1>
      <K2>0.096725815412724278</K2>
      <MAXBAS>1.000005597009765</MAXBAS>
      <Cet>0</Cet>
      <PCALT>10</PCALT>
      <TCALT>0.6</TCALT>
      <Pelev>3165</Pelev>
      <Telev>3224</Telev>
      <PART>0.5</PART>
      <DELAY>1</DELAY>
    </SubCatchmentParameters>
    <SubCatchmentVegetationZone>
      <SubCatchmentVegetationZoneParameters>
        <TT>0.51642252312456249</TT>
        <CFMAX>2.440601634019778</CFMAX>
        <SP>0</SP>
        <SFCF>0.66785282572894522</SFCF>
        <CFR>0.084742328618638021</CFR>
        <CWH>0.13872856379258469</CWH>
        <CFGlacier>1</CFGlacier>
        <CFSlope>1</CFSlope>
        <FC>283.52242044130293</FC>
        <LP>0.94477888933306564</LP>
        <BETA>5.1467226436106106</BETA>
      </SubCatchmentVegetationZoneParameters>
    </SubCatchmentVegetationZone>
  </SubCatchment>
</Catchment>