<?xml version="1.0" encoding="utf-8"?>
<Catchment xmlns:xsi="http://www.w3.org/2001/XMLSchema-instance" xmlns:xsd="http://www.w3.org/2001/XMLSchema">
  <CatchmentParameters>
    <KSI>0.001</KSI>
    <KGmin>0.05</KGmin>
    <RangeKG>0.1</RangeKG>
    <AG>0.1</AG>
    <PERC>8.6780597211134936</PERC>
    <Alpha>0</Alpha>
    <UZL>140.63074963303953</UZL>
    <K0>0.30304233972145284</K0>
    <K1>0.084910980259337493</K1>
    <K2>0.13033560046462633</K2>
    <MAXBAS>1.0000162582399002</MAXBAS>
    <Cet>0</Cet>
    <PCALT>10</PCALT>
    <TCALT>0.6</TCALT>
    <Pelev>3165</Pelev>
    <Telev>3224</Telev>
    <PART>0.5</PART>
    <DELAY>1</DELAY>
  </CatchmentParameters>
  <VegetationZone>
    <VegetationZoneParameters>
      <TT>1.3594695864100264</TT>
      <CFMAX>4.2280926973883259</CFMAX>
      <SP>0</SP>
      <SFCF>0.863217685837549</SFCF>
      <CFR>0.037223114685226565</CFR>
      <CWH>0.10000097591890293</CWH>
      <CFGlacier>1</CFGlacier>
      <CFSlope>1</CFSlope>
      <FC>517.484235260442</FC>
      <LP>0.60892975359348012</LP>
      <BETA>2.0747305658647268</BETA>
    </VegetationZoneParameters>
  </VegetationZone>
  <SubCatchment>
    <SubCatchmentParameters>
      <KSI>0.001</KSI>
      <KGmin>0.05</KGmin>
      <RangeKG>0.1</RangeKG>
      <AG>0.1</AG>
      <PERC>8.6780597211134936</PERC>
      <Alpha>0</Alpha>
      <UZL>140.63074963303953</UZL>
      <K0>0.30304233972145284</K0>
      <K1>0.084910980259337493</K1>
      <K2>0.13033560046462633</K2>
      <MAXBAS>1.0000162582399002</MAXBAS>
      <Cet>0</Cet>
      <PCALT>10</PCALT>
      <TCALT>0.6</TCALT>
      <Pelev>3165</Pelev>
      <Telev>3224</Telev>
      <PART>0.5</PART>
      <DELAY>1</DELAY>
    </SubCatchmentParameters>
    <SubCatchmentVegetationZone>
      <SubCatchmentVegetationZoneParameters>
        <TT>1.3594695864100264</TT>
        <CFMAX>4.2280926973883259</CFMAX>
        <SP>0</SP>
        <SFCF>0.863217685837549</SFCF>
        <CFR>0.037223114685226565</CFR>
        <CWH>0.10000097591890293</CWH>
        <CFGlacier>1</CFGlacier>
        <CFSlope>1</CFSlope>
        <FC>517.484235260442</FC>
        <LP>0.60892975359348012</LP>
        <BETA>2.0747305658647268</BETA>
      </SubCatchmentVegetationZoneParameters>
    </SubCatchmentVegetationZone>
  </SubCatchment>
</Catchment>