<?xml version="1.0" encoding="utf-8"?>
<Catchment xmlns:xsi="http://www.w3.org/2001/XMLSchema-instance" xmlns:xsd="http://www.w3.org/2001/XMLSchema">
  <CatchmentParameters>
    <KSI>0.001</KSI>
    <KGmin>0.05</KGmin>
    <RangeKG>0.1</RangeKG>
    <AG>0.1</AG>
    <PERC>6.7768666223922223</PERC>
    <Alpha>0</Alpha>
    <UZL>111.11412550530066</UZL>
    <K0>0.20512467126198836</K0>
    <K1>0.10636282815530652</K1>
    <K2>0.12242459761059633</K2>
    <MAXBAS>1.0000331506894833</MAXBAS>
    <Cet>0</Cet>
    <PCALT>10</PCALT>
    <TCALT>0.6</TCALT>
    <Pelev>3165</Pelev>
    <Telev>3224</Telev>
    <PART>0.5</PART>
    <DELAY>1</DELAY>
  </CatchmentParameters>
  <VegetationZone>
    <VegetationZoneParameters>
      <TT>1.3440016527183452</TT>
      <CFMAX>3.2211301468141658</CFMAX>
      <SP>0</SP>
      <SFCF>0.69706501036285762</SFCF>
      <CFR>0.04133687672304176</CFR>
      <CWH>0.10000013364817535</CWH>
      <CFGlacier>1</CFGlacier>
      <CFSlope>1</CFSlope>
      <FC>338.09580783383439</FC>
      <LP>0.94535251017494193</LP>
      <BETA>3.8020586560875134</BETA>
    </VegetationZoneParameters>
  </VegetationZone>
  <SubCatchment>
    <SubCatchmentParameters>
      <KSI>0.001</KSI>
      <KGmin>0.05</KGmin>
      <RangeKG>0.1</RangeKG>
      <AG>0.1</AG>
      <PERC>6.7768666223922223</PERC>
      <Alpha>0</Alpha>
      <UZL>111.11412550530066</UZL>
      <K0>0.20512467126198836</K0>
      <K1>0.10636282815530652</K1>
      <K2>0.12242459761059633</K2>
      <MAXBAS>1.0000331506894833</MAXBAS>
      <Cet>0</Cet>
      <PCALT>10</PCALT>
      <TCALT>0.6</TCALT>
      <Pelev>3165</Pelev>
      <Telev>3224</Telev>
      <PART>0.5</PART>
      <DELAY>1</DELAY>
    </SubCatchmentParameters>
    <SubCatchmentVegetationZone>
      <SubCatchmentVegetationZoneParameters>
        <TT>1.3440016527183452</TT>
        <CFMAX>3.2211301468141658</CFMAX>
        <SP>0</SP>
        <SFCF>0.69706501036285762</SFCF>
        <CFR>0.04133687672304176</CFR>
        <CWH>0.10000013364817535</CWH>
        <CFGlacier>1</CFGlacier>
        <CFSlope>1</CFSlope>
        <FC>338.09580783383439</FC>
        <LP>0.94535251017494193</LP>
        <BETA>3.8020586560875134</BETA>
      </SubCatchmentVegetationZoneParameters>
    </SubCatchmentVegetationZone>
  </SubCatchment>
</Catchment>