<?xml version="1.0" encoding="utf-8"?>
<Catchment xmlns:xsi="http://www.w3.org/2001/XMLSchema-instance" xmlns:xsd="http://www.w3.org/2001/XMLSchema">
  <CatchmentParameters>
    <KSI>0.001</KSI>
    <KGmin>0.05</KGmin>
    <RangeKG>0.1</RangeKG>
    <AG>0.1</AG>
    <PERC>7.1495778244767774</PERC>
    <Alpha>0</Alpha>
    <UZL>197.52487233083878</UZL>
    <K0>0.504481141470372</K0>
    <K1>0.092876949678624421</K1>
    <K2>0.12224383670183524</K2>
    <MAXBAS>1.0000980134312263</MAXBAS>
    <Cet>0</Cet>
    <PCALT>10</PCALT>
    <TCALT>0.6</TCALT>
    <Pelev>3165</Pelev>
    <Telev>3224</Telev>
    <PART>0.5</PART>
    <DELAY>1</DELAY>
  </CatchmentParameters>
  <VegetationZone>
    <VegetationZoneParameters>
      <TT>1.3536776845915166</TT>
      <CFMAX>3.3272079280237863</CFMAX>
      <SP>0</SP>
      <SFCF>0.7050009885813634</SFCF>
      <CFR>0.040406922821765327</CFR>
      <CWH>0.10000056323532269</CWH>
      <CFGlacier>1</CFGlacier>
      <CFSlope>1</CFSlope>
      <FC>366.72814868820836</FC>
      <LP>0.999997030925202</LP>
      <BETA>4.0285833887029145</BETA>
    </VegetationZoneParameters>
  </VegetationZone>
  <SubCatchment>
    <SubCatchmentParameters>
      <KSI>0.001</KSI>
      <KGmin>0.05</KGmin>
      <RangeKG>0.1</RangeKG>
      <AG>0.1</AG>
      <PERC>7.1495778244767774</PERC>
      <Alpha>0</Alpha>
      <UZL>197.52487233083878</UZL>
      <K0>0.504481141470372</K0>
      <K1>0.092876949678624421</K1>
      <K2>0.12224383670183524</K2>
      <MAXBAS>1.0000980134312263</MAXBAS>
      <Cet>0</Cet>
      <PCALT>10</PCALT>
      <TCALT>0.6</TCALT>
      <Pelev>3165</Pelev>
      <Telev>3224</Telev>
      <PART>0.5</PART>
      <DELAY>1</DELAY>
    </SubCatchmentParameters>
    <SubCatchmentVegetationZone>
      <SubCatchmentVegetationZoneParameters>
        <TT>1.3536776845915166</TT>
        <CFMAX>3.3272079280237863</CFMAX>
        <SP>0</SP>
        <SFCF>0.7050009885813634</SFCF>
        <CFR>0.040406922821765327</CFR>
        <CWH>0.10000056323532269</CWH>
        <CFGlacier>1</CFGlacier>
        <CFSlope>1</CFSlope>
        <FC>366.72814868820836</FC>
        <LP>0.999997030925202</LP>
        <BETA>4.0285833887029145</BETA>
      </SubCatchmentVegetationZoneParameters>
    </SubCatchmentVegetationZone>
  </SubCatchment>
</Catchment>