<?xml version="1.0" encoding="utf-8"?>
<Catchment xmlns:xsi="http://www.w3.org/2001/XMLSchema-instance" xmlns:xsd="http://www.w3.org/2001/XMLSchema">
  <CatchmentParameters>
    <KSI>0.001</KSI>
    <KGmin>0.05</KGmin>
    <RangeKG>0.1</RangeKG>
    <AG>0.1</AG>
    <PERC>9.709301348813808</PERC>
    <Alpha>0</Alpha>
    <UZL>138.50814057567342</UZL>
    <K0>0.21810907425294746</K0>
    <K1>0.087003227942220068</K1>
    <K2>0.1061609703501821</K2>
    <MAXBAS>1.000023094628933</MAXBAS>
    <Cet>0</Cet>
    <PCALT>10</PCALT>
    <TCALT>0.6</TCALT>
    <Pelev>3165</Pelev>
    <Telev>3224</Telev>
    <PART>0.5</PART>
    <DELAY>1</DELAY>
  </CatchmentParameters>
  <VegetationZone>
    <VegetationZoneParameters>
      <TT>2.0043431059981027</TT>
      <CFMAX>3.8258022918484347</CFMAX>
      <SP>0</SP>
      <SFCF>0.64791182828002236</SFCF>
      <CFR>0.025418065310792361</CFR>
      <CWH>0.10000229982236231</CWH>
      <CFGlacier>1</CFGlacier>
      <CFSlope>1</CFSlope>
      <FC>271.36865043157752</FC>
      <LP>0.999969842277686</LP>
      <BETA>3.5963907833845745</BETA>
    </VegetationZoneParameters>
  </VegetationZone>
  <SubCatchment>
    <SubCatchmentParameters>
      <KSI>0.001</KSI>
      <KGmin>0.05</KGmin>
      <RangeKG>0.1</RangeKG>
      <AG>0.1</AG>
      <PERC>9.709301348813808</PERC>
      <Alpha>0</Alpha>
      <UZL>138.50814057567342</UZL>
      <K0>0.21810907425294746</K0>
      <K1>0.087003227942220068</K1>
      <K2>0.1061609703501821</K2>
      <MAXBAS>1.000023094628933</MAXBAS>
      <Cet>0</Cet>
      <PCALT>10</PCALT>
      <TCALT>0.6</TCALT>
      <Pelev>3165</Pelev>
      <Telev>3224</Telev>
      <PART>0.5</PART>
      <DELAY>1</DELAY>
    </SubCatchmentParameters>
    <SubCatchmentVegetationZone>
      <SubCatchmentVegetationZoneParameters>
        <TT>2.0043431059981027</TT>
        <CFMAX>3.8258022918484347</CFMAX>
        <SP>0</SP>
        <SFCF>0.64791182828002236</SFCF>
        <CFR>0.025418065310792361</CFR>
        <CWH>0.10000229982236231</CWH>
        <CFGlacier>1</CFGlacier>
        <CFSlope>1</CFSlope>
        <FC>271.36865043157752</FC>
        <LP>0.999969842277686</LP>
        <BETA>3.5963907833845745</BETA>
      </SubCatchmentVegetationZoneParameters>
    </SubCatchmentVegetationZone>
  </SubCatchment>
</Catchment>