<?xml version="1.0" encoding="utf-8"?>
<Catchment xmlns:xsi="http://www.w3.org/2001/XMLSchema-instance" xmlns:xsd="http://www.w3.org/2001/XMLSchema">
  <CatchmentParameters>
    <KSI>0.001</KSI>
    <KGmin>0.05</KGmin>
    <RangeKG>0.1</RangeKG>
    <AG>0.1</AG>
    <PERC>0.25195053609352808</PERC>
    <Alpha>0</Alpha>
    <UZL>162.73098591773135</UZL>
    <K0>0.39900395263943322</K0>
    <K1>0.10820051136859826</K1>
    <K2>0.010000026007462791</K2>
    <MAXBAS>1</MAXBAS>
    <Cet>0</Cet>
    <PCALT>10</PCALT>
    <TCALT>0.6</TCALT>
    <Pelev>3165</Pelev>
    <Telev>3224</Telev>
    <PART>0.5</PART>
    <DELAY>1</DELAY>
  </CatchmentParameters>
  <VegetationZone>
    <VegetationZoneParameters>
      <TT>-0.97731887231613956</TT>
      <CFMAX>2.5075172218515935</CFMAX>
      <SP>0</SP>
      <SFCF>1.042141001888921</SFCF>
      <CFR>0.099998956423733715</CFR>
      <CWH>0.19999570975869893</CWH>
      <CFGlacier>1</CFGlacier>
      <CFSlope>1</CFSlope>
      <FC>953.995831148644</FC>
      <LP>0.74196372767103946</LP>
      <BETA>2.3187731295625964</BETA>
    </VegetationZoneParameters>
  </VegetationZone>
  <SubCatchment>
    <SubCatchmentParameters>
      <KSI>0.001</KSI>
      <KGmin>0.05</KGmin>
      <RangeKG>0.1</RangeKG>
      <AG>0.1</AG>
      <PERC>0.25195053609352808</PERC>
      <Alpha>0</Alpha>
      <UZL>162.73098591773135</UZL>
      <K0>0.39900395263943322</K0>
      <K1>0.10820051136859826</K1>
      <K2>0.010000026007462791</K2>
      <MAXBAS>1</MAXBAS>
      <Cet>0</Cet>
      <PCALT>10</PCALT>
      <TCALT>0.6</TCALT>
      <Pelev>3165</Pelev>
      <Telev>3224</Telev>
      <PART>0.5</PART>
      <DELAY>1</DELAY>
    </SubCatchmentParameters>
    <SubCatchmentVegetationZone>
      <SubCatchmentVegetationZoneParameters>
        <TT>-0.97731887231613956</TT>
        <CFMAX>2.5075172218515935</CFMAX>
        <SP>0</SP>
        <SFCF>1.042141001888921</SFCF>
        <CFR>0.099998956423733715</CFR>
        <CWH>0.19999570975869893</CWH>
        <CFGlacier>1</CFGlacier>
        <CFSlope>1</CFSlope>
        <FC>953.995831148644</FC>
        <LP>0.74196372767103946</LP>
        <BETA>2.3187731295625964</BETA>
      </SubCatchmentVegetationZoneParameters>
    </SubCatchmentVegetationZone>
  </SubCatchment>
</Catchment>