<?xml version="1.0" encoding="utf-8"?>
<Catchment xmlns:xsi="http://www.w3.org/2001/XMLSchema-instance" xmlns:xsd="http://www.w3.org/2001/XMLSchema">
  <CatchmentParameters>
    <KSI>0.001</KSI>
    <KGmin>0.05</KGmin>
    <RangeKG>0.1</RangeKG>
    <AG>0.1</AG>
    <PERC>7.7334480795663776</PERC>
    <Alpha>0</Alpha>
    <UZL>118.90083712791704</UZL>
    <K0>0.33939537637250811</K0>
    <K1>0.081285237104215771</K1>
    <K2>0.11559052018072798</K2>
    <MAXBAS>1.0049257828690215</MAXBAS>
    <Cet>0</Cet>
    <PCALT>10</PCALT>
    <TCALT>0.6</TCALT>
    <Pelev>3165</Pelev>
    <Telev>3224</Telev>
    <PART>0.5</PART>
    <DELAY>1</DELAY>
  </CatchmentParameters>
  <VegetationZone>
    <VegetationZoneParameters>
      <TT>1.4039953710474931</TT>
      <CFMAX>4.0829630900058822</CFMAX>
      <SP>0</SP>
      <SFCF>0.80263558436937732</SFCF>
      <CFR>0.035738877450181152</CFR>
      <CWH>0.10000013854040901</CWH>
      <CFGlacier>1</CFGlacier>
      <CFSlope>1</CFSlope>
      <FC>528.94469556022011</FC>
      <LP>0.9999998575170107</LP>
      <BETA>3.648970554858213</BETA>
    </VegetationZoneParameters>
  </VegetationZone>
  <SubCatchment>
    <SubCatchmentParameters>
      <KSI>0.001</KSI>
      <KGmin>0.05</KGmin>
      <RangeKG>0.1</RangeKG>
      <AG>0.1</AG>
      <PERC>7.7334480795663776</PERC>
      <Alpha>0</Alpha>
      <UZL>118.90083712791704</UZL>
      <K0>0.33939537637250811</K0>
      <K1>0.081285237104215771</K1>
      <K2>0.11559052018072798</K2>
      <MAXBAS>1.0049257828690215</MAXBAS>
      <Cet>0</Cet>
      <PCALT>10</PCALT>
      <TCALT>0.6</TCALT>
      <Pelev>3165</Pelev>
      <Telev>3224</Telev>
      <PART>0.5</PART>
      <DELAY>1</DELAY>
    </SubCatchmentParameters>
    <SubCatchmentVegetationZone>
      <SubCatchmentVegetationZoneParameters>
        <TT>1.4039953710474931</TT>
        <CFMAX>4.0829630900058822</CFMAX>
        <SP>0</SP>
        <SFCF>0.80263558436937732</SFCF>
        <CFR>0.035738877450181152</CFR>
        <CWH>0.10000013854040901</CWH>
        <CFGlacier>1</CFGlacier>
        <CFSlope>1</CFSlope>
        <FC>528.94469556022011</FC>
        <LP>0.9999998575170107</LP>
        <BETA>3.648970554858213</BETA>
      </SubCatchmentVegetationZoneParameters>
    </SubCatchmentVegetationZone>
  </SubCatchment>
</Catchment>