<?xml version="1.0" encoding="utf-8"?>
<Catchment xmlns:xsi="http://www.w3.org/2001/XMLSchema-instance" xmlns:xsd="http://www.w3.org/2001/XMLSchema">
  <CatchmentParameters>
    <KSI>0.001</KSI>
    <KGmin>0.05</KGmin>
    <RangeKG>0.1</RangeKG>
    <AG>0.1</AG>
    <PERC>9.9994409616506363</PERC>
    <Alpha>0</Alpha>
    <UZL>156.27463614212377</UZL>
    <K0>0.35236132439450407</K0>
    <K1>0.12287626159388786</K1>
    <K2>0.096218934288881522</K2>
    <MAXBAS>1.0047946312142548</MAXBAS>
    <Cet>0</Cet>
    <PCALT>10</PCALT>
    <TCALT>0.6</TCALT>
    <Pelev>3165</Pelev>
    <Telev>3224</Telev>
    <PART>0.5</PART>
    <DELAY>1</DELAY>
  </CatchmentParameters>
  <VegetationZone>
    <VegetationZoneParameters>
      <TT>-0.75600084292037983</TT>
      <CFMAX>2.1687902432029884</CFMAX>
      <SP>0</SP>
      <SFCF>0.886651993127995</SFCF>
      <CFR>0.099999928357781431</CFR>
      <CWH>0.100003084811212</CWH>
      <CFGlacier>1</CFGlacier>
      <CFSlope>1</CFSlope>
      <FC>502.96892746467557</FC>
      <LP>0.72624174190540747</LP>
      <BETA>5.48824317263088</BETA>
    </VegetationZoneParameters>
  </VegetationZone>
  <SubCatchment>
    <SubCatchmentParameters>
      <KSI>0.001</KSI>
      <KGmin>0.05</KGmin>
      <RangeKG>0.1</RangeKG>
      <AG>0.1</AG>
      <PERC>9.9994409616506363</PERC>
      <Alpha>0</Alpha>
      <UZL>156.27463614212377</UZL>
      <K0>0.35236132439450407</K0>
      <K1>0.12287626159388786</K1>
      <K2>0.096218934288881522</K2>
      <MAXBAS>1.0047946312142548</MAXBAS>
      <Cet>0</Cet>
      <PCALT>10</PCALT>
      <TCALT>0.6</TCALT>
      <Pelev>3165</Pelev>
      <Telev>3224</Telev>
      <PART>0.5</PART>
      <DELAY>1</DELAY>
    </SubCatchmentParameters>
    <SubCatchmentVegetationZone>
      <SubCatchmentVegetationZoneParameters>
        <TT>-0.75600084292037983</TT>
        <CFMAX>2.1687902432029884</CFMAX>
        <SP>0</SP>
        <SFCF>0.886651993127995</SFCF>
        <CFR>0.099999928357781431</CFR>
        <CWH>0.100003084811212</CWH>
        <CFGlacier>1</CFGlacier>
        <CFSlope>1</CFSlope>
        <FC>502.96892746467557</FC>
        <LP>0.72624174190540747</LP>
        <BETA>5.48824317263088</BETA>
      </SubCatchmentVegetationZoneParameters>
    </SubCatchmentVegetationZone>
  </SubCatchment>
</Catchment>