<?xml version="1.0" encoding="utf-8"?>
<Catchment xmlns:xsi="http://www.w3.org/2001/XMLSchema-instance" xmlns:xsd="http://www.w3.org/2001/XMLSchema">
  <CatchmentParameters>
    <KSI>0.001</KSI>
    <KGmin>0.05</KGmin>
    <RangeKG>0.1</RangeKG>
    <AG>0.1</AG>
    <PERC>1.5670235116729587</PERC>
    <Alpha>0</Alpha>
    <UZL>121.54072683065087</UZL>
    <K0>0.50919122009639206</K0>
    <K1>0.11967379282224723</K1>
    <K2>0.053840001614882782</K2>
    <MAXBAS>1.0000000010408991</MAXBAS>
    <Cet>0</Cet>
    <PCALT>10</PCALT>
    <TCALT>0.6</TCALT>
    <Pelev>3165</Pelev>
    <Telev>3224</Telev>
    <PART>0.5</PART>
    <DELAY>1</DELAY>
  </CatchmentParameters>
  <VegetationZone>
    <VegetationZoneParameters>
      <TT>1.3978963494649246</TT>
      <CFMAX>2.6753877913992308</CFMAX>
      <SP>0</SP>
      <SFCF>0.606227316539363</SFCF>
      <CFR>0.043323011377389642</CFR>
      <CWH>0.11485092156995015</CWH>
      <CFGlacier>1</CFGlacier>
      <CFSlope>1</CFSlope>
      <FC>220.38002066950469</FC>
      <LP>0.99999313310182225</LP>
      <BETA>4.8252262127186158</BETA>
    </VegetationZoneParameters>
  </VegetationZone>
  <SubCatchment>
    <SubCatchmentParameters>
      <KSI>0.001</KSI>
      <KGmin>0.05</KGmin>
      <RangeKG>0.1</RangeKG>
      <AG>0.1</AG>
      <PERC>1.5670235116729587</PERC>
      <Alpha>0</Alpha>
      <UZL>121.54072683065087</UZL>
      <K0>0.50919122009639206</K0>
      <K1>0.11967379282224723</K1>
      <K2>0.053840001614882782</K2>
      <MAXBAS>1.0000000010408991</MAXBAS>
      <Cet>0</Cet>
      <PCALT>10</PCALT>
      <TCALT>0.6</TCALT>
      <Pelev>3165</Pelev>
      <Telev>3224</Telev>
      <PART>0.5</PART>
      <DELAY>1</DELAY>
    </SubCatchmentParameters>
    <SubCatchmentVegetationZone>
      <SubCatchmentVegetationZoneParameters>
        <TT>1.3978963494649246</TT>
        <CFMAX>2.6753877913992308</CFMAX>
        <SP>0</SP>
        <SFCF>0.606227316539363</SFCF>
        <CFR>0.043323011377389642</CFR>
        <CWH>0.11485092156995015</CWH>
        <CFGlacier>1</CFGlacier>
        <CFSlope>1</CFSlope>
        <FC>220.38002066950469</FC>
        <LP>0.99999313310182225</LP>
        <BETA>4.8252262127186158</BETA>
      </SubCatchmentVegetationZoneParameters>
    </SubCatchmentVegetationZone>
  </SubCatchment>
</Catchment>