<?xml version="1.0" encoding="utf-8"?>
<Catchment xmlns:xsi="http://www.w3.org/2001/XMLSchema-instance" xmlns:xsd="http://www.w3.org/2001/XMLSchema">
  <CatchmentParameters>
    <KSI>0.001</KSI>
    <KGmin>0.05</KGmin>
    <RangeKG>0.1</RangeKG>
    <AG>0.1</AG>
    <PERC>0.292166525365746</PERC>
    <Alpha>0</Alpha>
    <UZL>197.74162576367414</UZL>
    <K0>0.44763865927155422</K0>
    <K1>0.1118122601232359</K1>
    <K2>0.010000009455657133</K2>
    <MAXBAS>1</MAXBAS>
    <Cet>0</Cet>
    <PCALT>10</PCALT>
    <TCALT>0.6</TCALT>
    <Pelev>3165</Pelev>
    <Telev>3224</Telev>
    <PART>0.5</PART>
    <DELAY>1</DELAY>
  </CatchmentParameters>
  <VegetationZone>
    <VegetationZoneParameters>
      <TT>-0.75602760464225938</TT>
      <CFMAX>2.1448632700590675</CFMAX>
      <SP>0</SP>
      <SFCF>0.86866569964024631</SFCF>
      <CFR>0.09999964781137638</CFR>
      <CWH>0.199993306630687</CWH>
      <CFGlacier>1</CFGlacier>
      <CFSlope>1</CFSlope>
      <FC>626.38064970378673</FC>
      <LP>0.92535025593679909</LP>
      <BETA>2.5593626524417625</BETA>
    </VegetationZoneParameters>
  </VegetationZone>
  <SubCatchment>
    <SubCatchmentParameters>
      <KSI>0.001</KSI>
      <KGmin>0.05</KGmin>
      <RangeKG>0.1</RangeKG>
      <AG>0.1</AG>
      <PERC>0.292166525365746</PERC>
      <Alpha>0</Alpha>
      <UZL>197.74162576367414</UZL>
      <K0>0.44763865927155422</K0>
      <K1>0.1118122601232359</K1>
      <K2>0.010000009455657133</K2>
      <MAXBAS>1</MAXBAS>
      <Cet>0</Cet>
      <PCALT>10</PCALT>
      <TCALT>0.6</TCALT>
      <Pelev>3165</Pelev>
      <Telev>3224</Telev>
      <PART>0.5</PART>
      <DELAY>1</DELAY>
    </SubCatchmentParameters>
    <SubCatchmentVegetationZone>
      <SubCatchmentVegetationZoneParameters>
        <TT>-0.75602760464225938</TT>
        <CFMAX>2.1448632700590675</CFMAX>
        <SP>0</SP>
        <SFCF>0.86866569964024631</SFCF>
        <CFR>0.09999964781137638</CFR>
        <CWH>0.199993306630687</CWH>
        <CFGlacier>1</CFGlacier>
        <CFSlope>1</CFSlope>
        <FC>626.38064970378673</FC>
        <LP>0.92535025593679909</LP>
        <BETA>2.5593626524417625</BETA>
      </SubCatchmentVegetationZoneParameters>
    </SubCatchmentVegetationZone>
  </SubCatchment>
</Catchment>