<?xml version="1.0" encoding="utf-8"?>
<Catchment xmlns:xsi="http://www.w3.org/2001/XMLSchema-instance" xmlns:xsd="http://www.w3.org/2001/XMLSchema">
  <CatchmentParameters>
    <KSI>0.001</KSI>
    <KGmin>0.05</KGmin>
    <RangeKG>0.1</RangeKG>
    <AG>0.1</AG>
    <PERC>0.26417649403711019</PERC>
    <Alpha>0</Alpha>
    <UZL>154.2586965186193</UZL>
    <K0>0.36813441434660893</K0>
    <K1>0.10509167931652089</K1>
    <K2>0.010000015107076328</K2>
    <MAXBAS>1</MAXBAS>
    <Cet>0</Cet>
    <PCALT>10</PCALT>
    <TCALT>0.6</TCALT>
    <Pelev>3165</Pelev>
    <Telev>3224</Telev>
    <PART>0.5</PART>
    <DELAY>1</DELAY>
  </CatchmentParameters>
  <VegetationZone>
    <VegetationZoneParameters>
      <TT>-0.45601321594894562</TT>
      <CFMAX>3.2531566347305603</CFMAX>
      <SP>0</SP>
      <SFCF>1.1383522422521726</SFCF>
      <CFR>0.0329470313762191</CFR>
      <CWH>0.14709199559464348</CWH>
      <CFGlacier>1</CFGlacier>
      <CFSlope>1</CFSlope>
      <FC>1310.9615174530263</FC>
      <LP>0.752522879005916</LP>
      <BETA>2.9789324608673904</BETA>
    </VegetationZoneParameters>
  </VegetationZone>
  <SubCatchment>
    <SubCatchmentParameters>
      <KSI>0.001</KSI>
      <KGmin>0.05</KGmin>
      <RangeKG>0.1</RangeKG>
      <AG>0.1</AG>
      <PERC>0.26417649403711019</PERC>
      <Alpha>0</Alpha>
      <UZL>154.2586965186193</UZL>
      <K0>0.36813441434660893</K0>
      <K1>0.10509167931652089</K1>
      <K2>0.010000015107076328</K2>
      <MAXBAS>1</MAXBAS>
      <Cet>0</Cet>
      <PCALT>10</PCALT>
      <TCALT>0.6</TCALT>
      <Pelev>3165</Pelev>
      <Telev>3224</Telev>
      <PART>0.5</PART>
      <DELAY>1</DELAY>
    </SubCatchmentParameters>
    <SubCatchmentVegetationZone>
      <SubCatchmentVegetationZoneParameters>
        <TT>-0.45601321594894562</TT>
        <CFMAX>3.2531566347305603</CFMAX>
        <SP>0</SP>
        <SFCF>1.1383522422521726</SFCF>
        <CFR>0.0329470313762191</CFR>
        <CWH>0.14709199559464348</CWH>
        <CFGlacier>1</CFGlacier>
        <CFSlope>1</CFSlope>
        <FC>1310.9615174530263</FC>
        <LP>0.752522879005916</LP>
        <BETA>2.9789324608673904</BETA>
      </SubCatchmentVegetationZoneParameters>
    </SubCatchmentVegetationZone>
  </SubCatchment>
</Catchment>