<?xml version="1.0" encoding="utf-8"?>
<Catchment xmlns:xsi="http://www.w3.org/2001/XMLSchema-instance" xmlns:xsd="http://www.w3.org/2001/XMLSchema">
  <CatchmentParameters>
    <KSI>0.001</KSI>
    <KGmin>0.05</KGmin>
    <RangeKG>0.1</RangeKG>
    <AG>0.1</AG>
    <PERC>6.557765499798796</PERC>
    <Alpha>0</Alpha>
    <UZL>98.756925079910843</UZL>
    <K0>0.34365465588264782</K0>
    <K1>0.087331822003980583</K1>
    <K2>0.11545993401712357</K2>
    <MAXBAS>1.0000325768244336</MAXBAS>
    <Cet>0</Cet>
    <PCALT>10</PCALT>
    <TCALT>0.6</TCALT>
    <Pelev>3165</Pelev>
    <Telev>3224</Telev>
    <PART>0.5</PART>
    <DELAY>1</DELAY>
  </CatchmentParameters>
  <VegetationZone>
    <VegetationZoneParameters>
      <TT>0.10399628619412542</TT>
      <CFMAX>2.5629796490175569</CFMAX>
      <SP>0</SP>
      <SFCF>0.771993042722624</SFCF>
      <CFR>0.099999814698596132</CFR>
      <CWH>0.10000079434774821</CWH>
      <CFGlacier>1</CFGlacier>
      <CFSlope>1</CFSlope>
      <FC>415.92344134304295</FC>
      <LP>0.912805718029124</LP>
      <BETA>5.0530053478594574</BETA>
    </VegetationZoneParameters>
  </VegetationZone>
  <SubCatchment>
    <SubCatchmentParameters>
      <KSI>0.001</KSI>
      <KGmin>0.05</KGmin>
      <RangeKG>0.1</RangeKG>
      <AG>0.1</AG>
      <PERC>6.557765499798796</PERC>
      <Alpha>0</Alpha>
      <UZL>98.756925079910843</UZL>
      <K0>0.34365465588264782</K0>
      <K1>0.087331822003980583</K1>
      <K2>0.11545993401712357</K2>
      <MAXBAS>1.0000325768244336</MAXBAS>
      <Cet>0</Cet>
      <PCALT>10</PCALT>
      <TCALT>0.6</TCALT>
      <Pelev>3165</Pelev>
      <Telev>3224</Telev>
      <PART>0.5</PART>
      <DELAY>1</DELAY>
    </SubCatchmentParameters>
    <SubCatchmentVegetationZone>
      <SubCatchmentVegetationZoneParameters>
        <TT>0.10399628619412542</TT>
        <CFMAX>2.5629796490175569</CFMAX>
        <SP>0</SP>
        <SFCF>0.771993042722624</SFCF>
        <CFR>0.099999814698596132</CFR>
        <CWH>0.10000079434774821</CWH>
        <CFGlacier>1</CFGlacier>
        <CFSlope>1</CFSlope>
        <FC>415.92344134304295</FC>
        <LP>0.912805718029124</LP>
        <BETA>5.0530053478594574</BETA>
      </SubCatchmentVegetationZoneParameters>
    </SubCatchmentVegetationZone>
  </SubCatchment>
</Catchment>