<?xml version="1.0" encoding="utf-8"?>
<Catchment xmlns:xsi="http://www.w3.org/2001/XMLSchema-instance" xmlns:xsd="http://www.w3.org/2001/XMLSchema">
  <CatchmentParameters>
    <KSI>0.001</KSI>
    <KGmin>0.05</KGmin>
    <RangeKG>0.1</RangeKG>
    <AG>0.1</AG>
    <PERC>6.3502435855690393</PERC>
    <Alpha>0</Alpha>
    <UZL>110.14827416101277</UZL>
    <K0>0.541556409564595</K0>
    <K1>0.089877508735982145</K1>
    <K2>0.12471271607766483</K2>
    <MAXBAS>1.0001389029395171</MAXBAS>
    <Cet>0</Cet>
    <PCALT>10</PCALT>
    <TCALT>0.6</TCALT>
    <Pelev>3165</Pelev>
    <Telev>3224</Telev>
    <PART>0.5</PART>
    <DELAY>1</DELAY>
  </CatchmentParameters>
  <VegetationZone>
    <VegetationZoneParameters>
      <TT>0.89919600738632521</TT>
      <CFMAX>3.2765998680562172</CFMAX>
      <SP>0</SP>
      <SFCF>0.78034184626134429</SFCF>
      <CFR>0.059996772665208274</CFR>
      <CWH>0.10000018400611199</CWH>
      <CFGlacier>1</CFGlacier>
      <CFSlope>1</CFSlope>
      <FC>440.70012627064949</FC>
      <LP>0.89590590342735543</LP>
      <BETA>3.8180565207320409</BETA>
    </VegetationZoneParameters>
  </VegetationZone>
  <SubCatchment>
    <SubCatchmentParameters>
      <KSI>0.001</KSI>
      <KGmin>0.05</KGmin>
      <RangeKG>0.1</RangeKG>
      <AG>0.1</AG>
      <PERC>6.3502435855690393</PERC>
      <Alpha>0</Alpha>
      <UZL>110.14827416101277</UZL>
      <K0>0.541556409564595</K0>
      <K1>0.089877508735982145</K1>
      <K2>0.12471271607766483</K2>
      <MAXBAS>1.0001389029395171</MAXBAS>
      <Cet>0</Cet>
      <PCALT>10</PCALT>
      <TCALT>0.6</TCALT>
      <Pelev>3165</Pelev>
      <Telev>3224</Telev>
      <PART>0.5</PART>
      <DELAY>1</DELAY>
    </SubCatchmentParameters>
    <SubCatchmentVegetationZone>
      <SubCatchmentVegetationZoneParameters>
        <TT>0.89919600738632521</TT>
        <CFMAX>3.2765998680562172</CFMAX>
        <SP>0</SP>
        <SFCF>0.78034184626134429</SFCF>
        <CFR>0.059996772665208274</CFR>
        <CWH>0.10000018400611199</CWH>
        <CFGlacier>1</CFGlacier>
        <CFSlope>1</CFSlope>
        <FC>440.70012627064949</FC>
        <LP>0.89590590342735543</LP>
        <BETA>3.8180565207320409</BETA>
      </SubCatchmentVegetationZoneParameters>
    </SubCatchmentVegetationZone>
  </SubCatchment>
</Catchment>