<?xml version="1.0" encoding="utf-8"?>
<Catchment xmlns:xsi="http://www.w3.org/2001/XMLSchema-instance" xmlns:xsd="http://www.w3.org/2001/XMLSchema">
  <CatchmentParameters>
    <KSI>0.001</KSI>
    <KGmin>0.05</KGmin>
    <RangeKG>0.1</RangeKG>
    <AG>0.1</AG>
    <PERC>7.430028720608127</PERC>
    <Alpha>0</Alpha>
    <UZL>174.71170180136707</UZL>
    <K0>0.47372860521838261</K0>
    <K1>0.092020374584239562</K1>
    <K2>0.11461713100719852</K2>
    <MAXBAS>1.0000538417730864</MAXBAS>
    <Cet>0</Cet>
    <PCALT>10</PCALT>
    <TCALT>0.6</TCALT>
    <Pelev>3165</Pelev>
    <Telev>3224</Telev>
    <PART>0.5</PART>
    <DELAY>1</DELAY>
  </CatchmentParameters>
  <VegetationZone>
    <VegetationZoneParameters>
      <TT>1.4951927984017275</TT>
      <CFMAX>3.4013994561858638</CFMAX>
      <SP>0</SP>
      <SFCF>0.6828362537125936</SFCF>
      <CFR>0.035788926347796006</CFR>
      <CWH>0.10000102346014674</CWH>
      <CFGlacier>1</CFGlacier>
      <CFSlope>1</CFSlope>
      <FC>327.65645769863511</FC>
      <LP>0.99999744765569631</LP>
      <BETA>3.9961258968357836</BETA>
    </VegetationZoneParameters>
  </VegetationZone>
  <SubCatchment>
    <SubCatchmentParameters>
      <KSI>0.001</KSI>
      <KGmin>0.05</KGmin>
      <RangeKG>0.1</RangeKG>
      <AG>0.1</AG>
      <PERC>7.430028720608127</PERC>
      <Alpha>0</Alpha>
      <UZL>174.71170180136707</UZL>
      <K0>0.47372860521838261</K0>
      <K1>0.092020374584239562</K1>
      <K2>0.11461713100719852</K2>
      <MAXBAS>1.0000538417730864</MAXBAS>
      <Cet>0</Cet>
      <PCALT>10</PCALT>
      <TCALT>0.6</TCALT>
      <Pelev>3165</Pelev>
      <Telev>3224</Telev>
      <PART>0.5</PART>
      <DELAY>1</DELAY>
    </SubCatchmentParameters>
    <SubCatchmentVegetationZone>
      <SubCatchmentVegetationZoneParameters>
        <TT>1.4951927984017275</TT>
        <CFMAX>3.4013994561858638</CFMAX>
        <SP>0</SP>
        <SFCF>0.6828362537125936</SFCF>
        <CFR>0.035788926347796006</CFR>
        <CWH>0.10000102346014674</CWH>
        <CFGlacier>1</CFGlacier>
        <CFSlope>1</CFSlope>
        <FC>327.65645769863511</FC>
        <LP>0.99999744765569631</LP>
        <BETA>3.9961258968357836</BETA>
      </SubCatchmentVegetationZoneParameters>
    </SubCatchmentVegetationZone>
  </SubCatchment>
</Catchment>