<?xml version="1.0" encoding="utf-8"?>
<Catchment xmlns:xsi="http://www.w3.org/2001/XMLSchema-instance" xmlns:xsd="http://www.w3.org/2001/XMLSchema">
  <CatchmentParameters>
    <KSI>0.001</KSI>
    <KGmin>0.05</KGmin>
    <RangeKG>0.1</RangeKG>
    <AG>0.1</AG>
    <PERC>6.0123695902728995</PERC>
    <Alpha>0</Alpha>
    <UZL>152.84107673156865</UZL>
    <K0>0.54508756665796254</K0>
    <K1>0.0901122541911581</K1>
    <K2>0.1165994430127013</K2>
    <MAXBAS>1.0000169358332027</MAXBAS>
    <Cet>0</Cet>
    <PCALT>10</PCALT>
    <TCALT>0.6</TCALT>
    <Pelev>3165</Pelev>
    <Telev>3224</Telev>
    <PART>0.5</PART>
    <DELAY>1</DELAY>
  </CatchmentParameters>
  <VegetationZone>
    <VegetationZoneParameters>
      <TT>0.39149233905469383</TT>
      <CFMAX>2.6622966720405818</CFMAX>
      <SP>0</SP>
      <SFCF>0.74221259843816911</SFCF>
      <CFR>0.090542275872428649</CFR>
      <CWH>0.10000017281329429</CWH>
      <CFGlacier>1</CFGlacier>
      <CFSlope>1</CFSlope>
      <FC>364.69490630383928</FC>
      <LP>0.843992591625977</LP>
      <BETA>4.6041837854579732</BETA>
    </VegetationZoneParameters>
  </VegetationZone>
  <SubCatchment>
    <SubCatchmentParameters>
      <KSI>0.001</KSI>
      <KGmin>0.05</KGmin>
      <RangeKG>0.1</RangeKG>
      <AG>0.1</AG>
      <PERC>6.0123695902728995</PERC>
      <Alpha>0</Alpha>
      <UZL>152.84107673156865</UZL>
      <K0>0.54508756665796254</K0>
      <K1>0.0901122541911581</K1>
      <K2>0.1165994430127013</K2>
      <MAXBAS>1.0000169358332027</MAXBAS>
      <Cet>0</Cet>
      <PCALT>10</PCALT>
      <TCALT>0.6</TCALT>
      <Pelev>3165</Pelev>
      <Telev>3224</Telev>
      <PART>0.5</PART>
      <DELAY>1</DELAY>
    </SubCatchmentParameters>
    <SubCatchmentVegetationZone>
      <SubCatchmentVegetationZoneParameters>
        <TT>0.39149233905469383</TT>
        <CFMAX>2.6622966720405818</CFMAX>
        <SP>0</SP>
        <SFCF>0.74221259843816911</SFCF>
        <CFR>0.090542275872428649</CFR>
        <CWH>0.10000017281329429</CWH>
        <CFGlacier>1</CFGlacier>
        <CFSlope>1</CFSlope>
        <FC>364.69490630383928</FC>
        <LP>0.843992591625977</LP>
        <BETA>4.6041837854579732</BETA>
      </SubCatchmentVegetationZoneParameters>
    </SubCatchmentVegetationZone>
  </SubCatchment>
</Catchment>