<?xml version="1.0" encoding="utf-8"?>
<Catchment xmlns:xsi="http://www.w3.org/2001/XMLSchema-instance" xmlns:xsd="http://www.w3.org/2001/XMLSchema">
  <CatchmentParameters>
    <KSI>0.001</KSI>
    <KGmin>0.05</KGmin>
    <RangeKG>0.1</RangeKG>
    <AG>0.1</AG>
    <PERC>0.26695926128718467</PERC>
    <Alpha>0</Alpha>
    <UZL>164.37533952907367</UZL>
    <K0>0.35880004303977009</K0>
    <K1>0.10597386191683735</K1>
    <K2>0.010000001150720788</K2>
    <MAXBAS>1</MAXBAS>
    <Cet>0</Cet>
    <PCALT>10</PCALT>
    <TCALT>0.6</TCALT>
    <Pelev>3165</Pelev>
    <Telev>3224</Telev>
    <PART>0.5</PART>
    <DELAY>1</DELAY>
  </CatchmentParameters>
  <VegetationZone>
    <VegetationZoneParameters>
      <TT>-0.79602063196100714</TT>
      <CFMAX>2.5715091365184883</CFMAX>
      <SP>0</SP>
      <SFCF>0.99620884499530638</SFCF>
      <CFR>0.099999668927713267</CFR>
      <CWH>0.18679904877070541</CWH>
      <CFGlacier>1</CFGlacier>
      <CFSlope>1</CFSlope>
      <FC>1013.0760809640314</FC>
      <LP>0.92821068329499823</LP>
      <BETA>3.2143415780978848</BETA>
    </VegetationZoneParameters>
  </VegetationZone>
  <SubCatchment>
    <SubCatchmentParameters>
      <KSI>0.001</KSI>
      <KGmin>0.05</KGmin>
      <RangeKG>0.1</RangeKG>
      <AG>0.1</AG>
      <PERC>0.26695926128718467</PERC>
      <Alpha>0</Alpha>
      <UZL>164.37533952907367</UZL>
      <K0>0.35880004303977009</K0>
      <K1>0.10597386191683735</K1>
      <K2>0.010000001150720788</K2>
      <MAXBAS>1</MAXBAS>
      <Cet>0</Cet>
      <PCALT>10</PCALT>
      <TCALT>0.6</TCALT>
      <Pelev>3165</Pelev>
      <Telev>3224</Telev>
      <PART>0.5</PART>
      <DELAY>1</DELAY>
    </SubCatchmentParameters>
    <SubCatchmentVegetationZone>
      <SubCatchmentVegetationZoneParameters>
        <TT>-0.79602063196100714</TT>
        <CFMAX>2.5715091365184883</CFMAX>
        <SP>0</SP>
        <SFCF>0.99620884499530638</SFCF>
        <CFR>0.099999668927713267</CFR>
        <CWH>0.18679904877070541</CWH>
        <CFGlacier>1</CFGlacier>
        <CFSlope>1</CFSlope>
        <FC>1013.0760809640314</FC>
        <LP>0.92821068329499823</LP>
        <BETA>3.2143415780978848</BETA>
      </SubCatchmentVegetationZoneParameters>
    </SubCatchmentVegetationZone>
  </SubCatchment>
</Catchment>