<?xml version="1.0" encoding="utf-8"?>
<Catchment xmlns:xsi="http://www.w3.org/2001/XMLSchema-instance" xmlns:xsd="http://www.w3.org/2001/XMLSchema">
  <CatchmentParameters>
    <KSI>0.001</KSI>
    <KGmin>0.05</KGmin>
    <RangeKG>0.1</RangeKG>
    <AG>0.1</AG>
    <PERC>0.24497696490992646</PERC>
    <Alpha>0</Alpha>
    <UZL>159.74663981926577</UZL>
    <K0>0.27217804506972487</K0>
    <K1>0.10345667462155893</K1>
    <K2>0.010000014921159508</K2>
    <MAXBAS>1</MAXBAS>
    <Cet>0</Cet>
    <PCALT>10</PCALT>
    <TCALT>0.6</TCALT>
    <Pelev>3165</Pelev>
    <Telev>3224</Telev>
    <PART>0.5</PART>
    <DELAY>1</DELAY>
  </CatchmentParameters>
  <VegetationZone>
    <VegetationZoneParameters>
      <TT>-0.796057313659531</TT>
      <CFMAX>3.0171353826963974</CFMAX>
      <SP>0</SP>
      <SFCF>1.1407352390886387</SFCF>
      <CFR>0.096788926709907519</CFR>
      <CWH>0.16041400848247067</CWH>
      <CFGlacier>1</CFGlacier>
      <CFSlope>1</CFSlope>
      <FC>1139.2994185805267</FC>
      <LP>0.582842210249786</LP>
      <BETA>1.9535301410245574</BETA>
    </VegetationZoneParameters>
  </VegetationZone>
  <SubCatchment>
    <SubCatchmentParameters>
      <KSI>0.001</KSI>
      <KGmin>0.05</KGmin>
      <RangeKG>0.1</RangeKG>
      <AG>0.1</AG>
      <PERC>0.24497696490992646</PERC>
      <Alpha>0</Alpha>
      <UZL>159.74663981926577</UZL>
      <K0>0.27217804506972487</K0>
      <K1>0.10345667462155893</K1>
      <K2>0.010000014921159508</K2>
      <MAXBAS>1</MAXBAS>
      <Cet>0</Cet>
      <PCALT>10</PCALT>
      <TCALT>0.6</TCALT>
      <Pelev>3165</Pelev>
      <Telev>3224</Telev>
      <PART>0.5</PART>
      <DELAY>1</DELAY>
    </SubCatchmentParameters>
    <SubCatchmentVegetationZone>
      <SubCatchmentVegetationZoneParameters>
        <TT>-0.796057313659531</TT>
        <CFMAX>3.0171353826963974</CFMAX>
        <SP>0</SP>
        <SFCF>1.1407352390886387</SFCF>
        <CFR>0.096788926709907519</CFR>
        <CWH>0.16041400848247067</CWH>
        <CFGlacier>1</CFGlacier>
        <CFSlope>1</CFSlope>
        <FC>1139.2994185805267</FC>
        <LP>0.582842210249786</LP>
        <BETA>1.9535301410245574</BETA>
      </SubCatchmentVegetationZoneParameters>
    </SubCatchmentVegetationZone>
  </SubCatchment>
</Catchment>