<?xml version="1.0" encoding="utf-8"?>
<Catchment xmlns:xsi="http://www.w3.org/2001/XMLSchema-instance" xmlns:xsd="http://www.w3.org/2001/XMLSchema">
  <CatchmentParameters>
    <KSI>0.001</KSI>
    <KGmin>0.05</KGmin>
    <RangeKG>0.1</RangeKG>
    <AG>0.1</AG>
    <PERC>0.2685594251108771</PERC>
    <Alpha>0</Alpha>
    <UZL>151.98404616104298</UZL>
    <K0>0.29537831960547206</K0>
    <K1>0.098472624549885715</K1>
    <K2>0.011277253913412413</K2>
    <MAXBAS>1</MAXBAS>
    <Cet>0</Cet>
    <PCALT>10</PCALT>
    <TCALT>0.6</TCALT>
    <Pelev>3165</Pelev>
    <Telev>3224</Telev>
    <PART>0.5</PART>
    <DELAY>1</DELAY>
  </CatchmentParameters>
  <VegetationZone>
    <VegetationZoneParameters>
      <TT>-0.21601677963430613</TT>
      <CFMAX>3.2670490786037703</CFMAX>
      <SP>0</SP>
      <SFCF>0.99605473857451376</SFCF>
      <CFR>0.099999779505706252</CFR>
      <CWH>0.18888258466874772</CWH>
      <CFGlacier>1</CFGlacier>
      <CFSlope>1</CFSlope>
      <FC>970.75784325298741</FC>
      <LP>0.82527759800722733</LP>
      <BETA>2.3414326815607809</BETA>
    </VegetationZoneParameters>
  </VegetationZone>
  <SubCatchment>
    <SubCatchmentParameters>
      <KSI>0.001</KSI>
      <KGmin>0.05</KGmin>
      <RangeKG>0.1</RangeKG>
      <AG>0.1</AG>
      <PERC>0.2685594251108771</PERC>
      <Alpha>0</Alpha>
      <UZL>151.98404616104298</UZL>
      <K0>0.29537831960547206</K0>
      <K1>0.098472624549885715</K1>
      <K2>0.011277253913412413</K2>
      <MAXBAS>1</MAXBAS>
      <Cet>0</Cet>
      <PCALT>10</PCALT>
      <TCALT>0.6</TCALT>
      <Pelev>3165</Pelev>
      <Telev>3224</Telev>
      <PART>0.5</PART>
      <DELAY>1</DELAY>
    </SubCatchmentParameters>
    <SubCatchmentVegetationZone>
      <SubCatchmentVegetationZoneParameters>
        <TT>-0.21601677963430613</TT>
        <CFMAX>3.2670490786037703</CFMAX>
        <SP>0</SP>
        <SFCF>0.99605473857451376</SFCF>
        <CFR>0.099999779505706252</CFR>
        <CWH>0.18888258466874772</CWH>
        <CFGlacier>1</CFGlacier>
        <CFSlope>1</CFSlope>
        <FC>970.75784325298741</FC>
        <LP>0.82527759800722733</LP>
        <BETA>2.3414326815607809</BETA>
      </SubCatchmentVegetationZoneParameters>
    </SubCatchmentVegetationZone>
  </SubCatchment>
</Catchment>