<?xml version="1.0" encoding="utf-8"?>
<Catchment xmlns:xsi="http://www.w3.org/2001/XMLSchema-instance" xmlns:xsd="http://www.w3.org/2001/XMLSchema">
  <CatchmentParameters>
    <KSI>0.001</KSI>
    <KGmin>0.05</KGmin>
    <RangeKG>0.1</RangeKG>
    <AG>0.1</AG>
    <PERC>0.26310064319805054</PERC>
    <Alpha>0</Alpha>
    <UZL>165.942938429718</UZL>
    <K0>0.54952606631573719</K0>
    <K1>0.10320765757003729</K1>
    <K2>0.010000007425168711</K2>
    <MAXBAS>1</MAXBAS>
    <Cet>0</Cet>
    <PCALT>10</PCALT>
    <TCALT>0.6</TCALT>
    <Pelev>3165</Pelev>
    <Telev>3224</Telev>
    <PART>0.5</PART>
    <DELAY>1</DELAY>
  </CatchmentParameters>
  <VegetationZone>
    <VegetationZoneParameters>
      <TT>0.34399809904489476</TT>
      <CFMAX>3.816812926327132</CFMAX>
      <SP>0</SP>
      <SFCF>0.99176476462133012</SFCF>
      <CFR>0.085818845051703049</CFR>
      <CWH>0.15239226606051198</CWH>
      <CFGlacier>1</CFGlacier>
      <CFSlope>1</CFSlope>
      <FC>1003.3455425878256</FC>
      <LP>0.80123347767122133</LP>
      <BETA>2.1613899105948482</BETA>
    </VegetationZoneParameters>
  </VegetationZone>
  <SubCatchment>
    <SubCatchmentParameters>
      <KSI>0.001</KSI>
      <KGmin>0.05</KGmin>
      <RangeKG>0.1</RangeKG>
      <AG>0.1</AG>
      <PERC>0.26310064319805054</PERC>
      <Alpha>0</Alpha>
      <UZL>165.942938429718</UZL>
      <K0>0.54952606631573719</K0>
      <K1>0.10320765757003729</K1>
      <K2>0.010000007425168711</K2>
      <MAXBAS>1</MAXBAS>
      <Cet>0</Cet>
      <PCALT>10</PCALT>
      <TCALT>0.6</TCALT>
      <Pelev>3165</Pelev>
      <Telev>3224</Telev>
      <PART>0.5</PART>
      <DELAY>1</DELAY>
    </SubCatchmentParameters>
    <SubCatchmentVegetationZone>
      <SubCatchmentVegetationZoneParameters>
        <TT>0.34399809904489476</TT>
        <CFMAX>3.816812926327132</CFMAX>
        <SP>0</SP>
        <SFCF>0.99176476462133012</SFCF>
        <CFR>0.085818845051703049</CFR>
        <CWH>0.15239226606051198</CWH>
        <CFGlacier>1</CFGlacier>
        <CFSlope>1</CFSlope>
        <FC>1003.3455425878256</FC>
        <LP>0.80123347767122133</LP>
        <BETA>2.1613899105948482</BETA>
      </SubCatchmentVegetationZoneParameters>
    </SubCatchmentVegetationZone>
  </SubCatchment>
</Catchment>