<?xml version="1.0" encoding="utf-8"?>
<Catchment xmlns:xsi="http://www.w3.org/2001/XMLSchema-instance" xmlns:xsd="http://www.w3.org/2001/XMLSchema">
  <CatchmentParameters>
    <KSI>0.001</KSI>
    <KGmin>0.05</KGmin>
    <RangeKG>0.1</RangeKG>
    <AG>0.1</AG>
    <PERC>0.28829495534880478</PERC>
    <Alpha>0</Alpha>
    <UZL>127.53572776989056</UZL>
    <K0>0.48389426942304908</K0>
    <K1>0.11177379769947617</K1>
    <K2>0.010000012797304099</K2>
    <MAXBAS>1</MAXBAS>
    <Cet>0</Cet>
    <PCALT>10</PCALT>
    <TCALT>0.6</TCALT>
    <Pelev>3165</Pelev>
    <Telev>3224</Telev>
    <PART>0.5</PART>
    <DELAY>1</DELAY>
  </CatchmentParameters>
  <VegetationZone>
    <VegetationZoneParameters>
      <TT>-0.9560027162657706</TT>
      <CFMAX>2.1375482079959487</CFMAX>
      <SP>0</SP>
      <SFCF>0.91727201051654739</SFCF>
      <CFR>0.099999732903583091</CFR>
      <CWH>0.19999205846402762</CWH>
      <CFGlacier>1</CFGlacier>
      <CFSlope>1</CFSlope>
      <FC>734.05853224478722</FC>
      <LP>0.91614138343375051</LP>
      <BETA>2.7263927280858984</BETA>
    </VegetationZoneParameters>
  </VegetationZone>
  <SubCatchment>
    <SubCatchmentParameters>
      <KSI>0.001</KSI>
      <KGmin>0.05</KGmin>
      <RangeKG>0.1</RangeKG>
      <AG>0.1</AG>
      <PERC>0.28829495534880478</PERC>
      <Alpha>0</Alpha>
      <UZL>127.53572776989056</UZL>
      <K0>0.48389426942304908</K0>
      <K1>0.11177379769947617</K1>
      <K2>0.010000012797304099</K2>
      <MAXBAS>1</MAXBAS>
      <Cet>0</Cet>
      <PCALT>10</PCALT>
      <TCALT>0.6</TCALT>
      <Pelev>3165</Pelev>
      <Telev>3224</Telev>
      <PART>0.5</PART>
      <DELAY>1</DELAY>
    </SubCatchmentParameters>
    <SubCatchmentVegetationZone>
      <SubCatchmentVegetationZoneParameters>
        <TT>-0.9560027162657706</TT>
        <CFMAX>2.1375482079959487</CFMAX>
        <SP>0</SP>
        <SFCF>0.91727201051654739</SFCF>
        <CFR>0.099999732903583091</CFR>
        <CWH>0.19999205846402762</CWH>
        <CFGlacier>1</CFGlacier>
        <CFSlope>1</CFSlope>
        <FC>734.05853224478722</FC>
        <LP>0.91614138343375051</LP>
        <BETA>2.7263927280858984</BETA>
      </SubCatchmentVegetationZoneParameters>
    </SubCatchmentVegetationZone>
  </SubCatchment>
</Catchment>