<?xml version="1.0" encoding="utf-8"?>
<Catchment xmlns:xsi="http://www.w3.org/2001/XMLSchema-instance" xmlns:xsd="http://www.w3.org/2001/XMLSchema">
  <CatchmentParameters>
    <KSI>0.001</KSI>
    <KGmin>0.05</KGmin>
    <RangeKG>0.1</RangeKG>
    <AG>0.1</AG>
    <PERC>0.27061417936552079</PERC>
    <Alpha>0</Alpha>
    <UZL>152.13456690683145</UZL>
    <K0>0.30230385577083807</K0>
    <K1>0.11536470560395255</K1>
    <K2>0.010000014093223236</K2>
    <MAXBAS>1</MAXBAS>
    <Cet>0</Cet>
    <PCALT>10</PCALT>
    <TCALT>0.6</TCALT>
    <Pelev>3165</Pelev>
    <Telev>3224</Telev>
    <PART>0.5</PART>
    <DELAY>1</DELAY>
  </CatchmentParameters>
  <VegetationZone>
    <VegetationZoneParameters>
      <TT>-0.85090076194158581</TT>
      <CFMAX>2.4794701333321414</CFMAX>
      <SP>0</SP>
      <SFCF>1.0525775901249723</SFCF>
      <CFR>0.046309285836668157</CFR>
      <CWH>0.11514642215895396</CWH>
      <CFGlacier>1</CFGlacier>
      <CFSlope>1</CFSlope>
      <FC>1123.6320971886928</FC>
      <LP>0.86161048052894273</LP>
      <BETA>3.3051939509851276</BETA>
    </VegetationZoneParameters>
  </VegetationZone>
  <SubCatchment>
    <SubCatchmentParameters>
      <KSI>0.001</KSI>
      <KGmin>0.05</KGmin>
      <RangeKG>0.1</RangeKG>
      <AG>0.1</AG>
      <PERC>0.27061417936552079</PERC>
      <Alpha>0</Alpha>
      <UZL>152.13456690683145</UZL>
      <K0>0.30230385577083807</K0>
      <K1>0.11536470560395255</K1>
      <K2>0.010000014093223236</K2>
      <MAXBAS>1</MAXBAS>
      <Cet>0</Cet>
      <PCALT>10</PCALT>
      <TCALT>0.6</TCALT>
      <Pelev>3165</Pelev>
      <Telev>3224</Telev>
      <PART>0.5</PART>
      <DELAY>1</DELAY>
    </SubCatchmentParameters>
    <SubCatchmentVegetationZone>
      <SubCatchmentVegetationZoneParameters>
        <TT>-0.85090076194158581</TT>
        <CFMAX>2.4794701333321414</CFMAX>
        <SP>0</SP>
        <SFCF>1.0525775901249723</SFCF>
        <CFR>0.046309285836668157</CFR>
        <CWH>0.11514642215895396</CWH>
        <CFGlacier>1</CFGlacier>
        <CFSlope>1</CFSlope>
        <FC>1123.6320971886928</FC>
        <LP>0.86161048052894273</LP>
        <BETA>3.3051939509851276</BETA>
      </SubCatchmentVegetationZoneParameters>
    </SubCatchmentVegetationZone>
  </SubCatchment>
</Catchment>