<?xml version="1.0" encoding="utf-8"?>
<Catchment xmlns:xsi="http://www.w3.org/2001/XMLSchema-instance" xmlns:xsd="http://www.w3.org/2001/XMLSchema">
  <CatchmentParameters>
    <KSI>0.001</KSI>
    <KGmin>0.05</KGmin>
    <RangeKG>0.1</RangeKG>
    <AG>0.1</AG>
    <PERC>0.26326379039093034</PERC>
    <Alpha>0</Alpha>
    <UZL>169.79737562196209</UZL>
    <K0>0.47202756381646233</K0>
    <K1>0.11541599402317881</K1>
    <K2>0.010000034838271513</K2>
    <MAXBAS>1</MAXBAS>
    <Cet>0</Cet>
    <PCALT>10</PCALT>
    <TCALT>0.6</TCALT>
    <Pelev>3165</Pelev>
    <Telev>3224</Telev>
    <PART>0.5</PART>
    <DELAY>1</DELAY>
  </CatchmentParameters>
  <VegetationZone>
    <VegetationZoneParameters>
      <TT>-0.79600152782835931</TT>
      <CFMAX>2.9006581797537092</CFMAX>
      <SP>0</SP>
      <SFCF>1.1448409464673022</SFCF>
      <CFR>0.099999209384667151</CFR>
      <CWH>0.16485347922664045</CWH>
      <CFGlacier>1</CFGlacier>
      <CFSlope>1</CFSlope>
      <FC>1234.9186900359914</FC>
      <LP>0.66991759163276932</LP>
      <BETA>2.4688218488745135</BETA>
    </VegetationZoneParameters>
  </VegetationZone>
  <SubCatchment>
    <SubCatchmentParameters>
      <KSI>0.001</KSI>
      <KGmin>0.05</KGmin>
      <RangeKG>0.1</RangeKG>
      <AG>0.1</AG>
      <PERC>0.26326379039093034</PERC>
      <Alpha>0</Alpha>
      <UZL>169.79737562196209</UZL>
      <K0>0.47202756381646233</K0>
      <K1>0.11541599402317881</K1>
      <K2>0.010000034838271513</K2>
      <MAXBAS>1</MAXBAS>
      <Cet>0</Cet>
      <PCALT>10</PCALT>
      <TCALT>0.6</TCALT>
      <Pelev>3165</Pelev>
      <Telev>3224</Telev>
      <PART>0.5</PART>
      <DELAY>1</DELAY>
    </SubCatchmentParameters>
    <SubCatchmentVegetationZone>
      <SubCatchmentVegetationZoneParameters>
        <TT>-0.79600152782835931</TT>
        <CFMAX>2.9006581797537092</CFMAX>
        <SP>0</SP>
        <SFCF>1.1448409464673022</SFCF>
        <CFR>0.099999209384667151</CFR>
        <CWH>0.16485347922664045</CWH>
        <CFGlacier>1</CFGlacier>
        <CFSlope>1</CFSlope>
        <FC>1234.9186900359914</FC>
        <LP>0.66991759163276932</LP>
        <BETA>2.4688218488745135</BETA>
      </SubCatchmentVegetationZoneParameters>
    </SubCatchmentVegetationZone>
  </SubCatchment>
</Catchment>