<?xml version="1.0" encoding="utf-8"?>
<Catchment xmlns:xsi="http://www.w3.org/2001/XMLSchema-instance" xmlns:xsd="http://www.w3.org/2001/XMLSchema">
  <CatchmentParameters>
    <KSI>0.001</KSI>
    <KGmin>0.05</KGmin>
    <RangeKG>0.1</RangeKG>
    <AG>0.1</AG>
    <PERC>5.7261206026485327</PERC>
    <Alpha>0</Alpha>
    <UZL>164.81104990379967</UZL>
    <K0>0.33809133939630348</K0>
    <K1>0.0808571434770524</K1>
    <K2>0.12536223817102013</K2>
    <MAXBAS>1.0049251378300568</MAXBAS>
    <Cet>0</Cet>
    <PCALT>10</PCALT>
    <TCALT>0.6</TCALT>
    <Pelev>3165</Pelev>
    <Telev>3224</Telev>
    <PART>0.5</PART>
    <DELAY>1</DELAY>
  </CatchmentParameters>
  <VegetationZone>
    <VegetationZoneParameters>
      <TT>0.40924999158300579</TT>
      <CFMAX>3.297986363186006</CFMAX>
      <SP>0</SP>
      <SFCF>0.85691197949962661</SFCF>
      <CFR>0.084563367919804858</CFR>
      <CWH>0.1000001021819887</CWH>
      <CFGlacier>1</CFGlacier>
      <CFSlope>1</CFSlope>
      <FC>597.39283089328808</FC>
      <LP>0.932697277493971</LP>
      <BETA>4.2812880166430372</BETA>
    </VegetationZoneParameters>
  </VegetationZone>
  <SubCatchment>
    <SubCatchmentParameters>
      <KSI>0.001</KSI>
      <KGmin>0.05</KGmin>
      <RangeKG>0.1</RangeKG>
      <AG>0.1</AG>
      <PERC>5.7261206026485327</PERC>
      <Alpha>0</Alpha>
      <UZL>164.81104990379967</UZL>
      <K0>0.33809133939630348</K0>
      <K1>0.0808571434770524</K1>
      <K2>0.12536223817102013</K2>
      <MAXBAS>1.0049251378300568</MAXBAS>
      <Cet>0</Cet>
      <PCALT>10</PCALT>
      <TCALT>0.6</TCALT>
      <Pelev>3165</Pelev>
      <Telev>3224</Telev>
      <PART>0.5</PART>
      <DELAY>1</DELAY>
    </SubCatchmentParameters>
    <SubCatchmentVegetationZone>
      <SubCatchmentVegetationZoneParameters>
        <TT>0.40924999158300579</TT>
        <CFMAX>3.297986363186006</CFMAX>
        <SP>0</SP>
        <SFCF>0.85691197949962661</SFCF>
        <CFR>0.084563367919804858</CFR>
        <CWH>0.1000001021819887</CWH>
        <CFGlacier>1</CFGlacier>
        <CFSlope>1</CFSlope>
        <FC>597.39283089328808</FC>
        <LP>0.932697277493971</LP>
        <BETA>4.2812880166430372</BETA>
      </SubCatchmentVegetationZoneParameters>
    </SubCatchmentVegetationZone>
  </SubCatchment>
</Catchment>