<?xml version="1.0" encoding="utf-8"?>
<Catchment xmlns:xsi="http://www.w3.org/2001/XMLSchema-instance" xmlns:xsd="http://www.w3.org/2001/XMLSchema">
  <CatchmentParameters>
    <KSI>0.001</KSI>
    <KGmin>0.05</KGmin>
    <RangeKG>0.1</RangeKG>
    <AG>0.1</AG>
    <PERC>2.0643318222747764</PERC>
    <Alpha>0</Alpha>
    <UZL>138.35088974671828</UZL>
    <K0>0.057211598503758523</K0>
    <K1>0.11191729065910602</K1>
    <K2>0.074754796635611284</K2>
    <MAXBAS>1.0000478369095596</MAXBAS>
    <Cet>0</Cet>
    <PCALT>10</PCALT>
    <TCALT>0.6</TCALT>
    <Pelev>3165</Pelev>
    <Telev>3224</Telev>
    <PART>0.5</PART>
    <DELAY>1</DELAY>
  </CatchmentParameters>
  <VegetationZone>
    <VegetationZoneParameters>
      <TT>0.379622567586538</TT>
      <CFMAX>2.2679072127820286</CFMAX>
      <SP>0</SP>
      <SFCF>0.66949988595218857</SFCF>
      <CFR>0.0941288077867231</CFR>
      <CWH>0.12303511511419772</CWH>
      <CFGlacier>1</CFGlacier>
      <CFSlope>1</CFSlope>
      <FC>290.27233828858692</FC>
      <LP>0.93298482530636173</LP>
      <BETA>5.1067653261132468</BETA>
    </VegetationZoneParameters>
  </VegetationZone>
  <SubCatchment>
    <SubCatchmentParameters>
      <KSI>0.001</KSI>
      <KGmin>0.05</KGmin>
      <RangeKG>0.1</RangeKG>
      <AG>0.1</AG>
      <PERC>2.0643318222747764</PERC>
      <Alpha>0</Alpha>
      <UZL>138.35088974671828</UZL>
      <K0>0.057211598503758523</K0>
      <K1>0.11191729065910602</K1>
      <K2>0.074754796635611284</K2>
      <MAXBAS>1.0000478369095596</MAXBAS>
      <Cet>0</Cet>
      <PCALT>10</PCALT>
      <TCALT>0.6</TCALT>
      <Pelev>3165</Pelev>
      <Telev>3224</Telev>
      <PART>0.5</PART>
      <DELAY>1</DELAY>
    </SubCatchmentParameters>
    <SubCatchmentVegetationZone>
      <SubCatchmentVegetationZoneParameters>
        <TT>0.379622567586538</TT>
        <CFMAX>2.2679072127820286</CFMAX>
        <SP>0</SP>
        <SFCF>0.66949988595218857</SFCF>
        <CFR>0.0941288077867231</CFR>
        <CWH>0.12303511511419772</CWH>
        <CFGlacier>1</CFGlacier>
        <CFSlope>1</CFSlope>
        <FC>290.27233828858692</FC>
        <LP>0.93298482530636173</LP>
        <BETA>5.1067653261132468</BETA>
      </SubCatchmentVegetationZoneParameters>
    </SubCatchmentVegetationZone>
  </SubCatchment>
</Catchment>