<?xml version="1.0" encoding="utf-8"?>
<Catchment xmlns:xsi="http://www.w3.org/2001/XMLSchema-instance" xmlns:xsd="http://www.w3.org/2001/XMLSchema">
  <CatchmentParameters>
    <KSI>0.001</KSI>
    <KGmin>0.05</KGmin>
    <RangeKG>0.1</RangeKG>
    <AG>0.1</AG>
    <PERC>5.1291602429938825</PERC>
    <Alpha>0</Alpha>
    <UZL>105.45775939749073</UZL>
    <K0>0.21879481458856837</K0>
    <K1>0.0915576327974178</K1>
    <K2>0.1473610600424104</K2>
    <MAXBAS>1.0044554552575302</MAXBAS>
    <Cet>0</Cet>
    <PCALT>10</PCALT>
    <TCALT>0.6</TCALT>
    <Pelev>3165</Pelev>
    <Telev>3224</Telev>
    <PART>0.5</PART>
    <DELAY>1</DELAY>
  </CatchmentParameters>
  <VegetationZone>
    <VegetationZoneParameters>
      <TT>-0.756000539212092</TT>
      <CFMAX>2.2784133888605855</CFMAX>
      <SP>0</SP>
      <SFCF>0.92414740836427767</SFCF>
      <CFR>0.0999996583387714</CFR>
      <CWH>0.10000031560506832</CWH>
      <CFGlacier>1</CFGlacier>
      <CFSlope>1</CFSlope>
      <FC>738.04020455281341</FC>
      <LP>0.91569139390297782</LP>
      <BETA>5.99998619218057</BETA>
    </VegetationZoneParameters>
  </VegetationZone>
  <SubCatchment>
    <SubCatchmentParameters>
      <KSI>0.001</KSI>
      <KGmin>0.05</KGmin>
      <RangeKG>0.1</RangeKG>
      <AG>0.1</AG>
      <PERC>5.1291602429938825</PERC>
      <Alpha>0</Alpha>
      <UZL>105.45775939749073</UZL>
      <K0>0.21879481458856837</K0>
      <K1>0.0915576327974178</K1>
      <K2>0.1473610600424104</K2>
      <MAXBAS>1.0044554552575302</MAXBAS>
      <Cet>0</Cet>
      <PCALT>10</PCALT>
      <TCALT>0.6</TCALT>
      <Pelev>3165</Pelev>
      <Telev>3224</Telev>
      <PART>0.5</PART>
      <DELAY>1</DELAY>
    </SubCatchmentParameters>
    <SubCatchmentVegetationZone>
      <SubCatchmentVegetationZoneParameters>
        <TT>-0.756000539212092</TT>
        <CFMAX>2.2784133888605855</CFMAX>
        <SP>0</SP>
        <SFCF>0.92414740836427767</SFCF>
        <CFR>0.0999996583387714</CFR>
        <CWH>0.10000031560506832</CWH>
        <CFGlacier>1</CFGlacier>
        <CFSlope>1</CFSlope>
        <FC>738.04020455281341</FC>
        <LP>0.91569139390297782</LP>
        <BETA>5.99998619218057</BETA>
      </SubCatchmentVegetationZoneParameters>
    </SubCatchmentVegetationZone>
  </SubCatchment>
</Catchment>