<?xml version="1.0" encoding="utf-8"?>
<Catchment xmlns:xsi="http://www.w3.org/2001/XMLSchema-instance" xmlns:xsd="http://www.w3.org/2001/XMLSchema">
  <CatchmentParameters>
    <KSI>0.001</KSI>
    <KGmin>0.05</KGmin>
    <RangeKG>0.1</RangeKG>
    <AG>0.1</AG>
    <PERC>6.9862436029164643</PERC>
    <Alpha>0</Alpha>
    <UZL>175.60172749894946</UZL>
    <K0>0.51883292686637794</K0>
    <K1>0.088574758949316351</K1>
    <K2>0.1200543839487946</K2>
    <MAXBAS>1.0000215152271119</MAXBAS>
    <Cet>0</Cet>
    <PCALT>10</PCALT>
    <TCALT>0.6</TCALT>
    <Pelev>3165</Pelev>
    <Telev>3224</Telev>
    <PART>0.5</PART>
    <DELAY>1</DELAY>
  </CatchmentParameters>
  <VegetationZone>
    <VegetationZoneParameters>
      <TT>0.90398887028878849</TT>
      <CFMAX>3.1277202984001788</CFMAX>
      <SP>0</SP>
      <SFCF>0.74420408437036512</SFCF>
      <CFR>0.060533248304186563</CFR>
      <CWH>0.10000029632570606</CWH>
      <CFGlacier>1</CFGlacier>
      <CFSlope>1</CFSlope>
      <FC>421.30227071364425</FC>
      <LP>0.98733097956621652</LP>
      <BETA>4.4077405829924183</BETA>
    </VegetationZoneParameters>
  </VegetationZone>
  <SubCatchment>
    <SubCatchmentParameters>
      <KSI>0.001</KSI>
      <KGmin>0.05</KGmin>
      <RangeKG>0.1</RangeKG>
      <AG>0.1</AG>
      <PERC>6.9862436029164643</PERC>
      <Alpha>0</Alpha>
      <UZL>175.60172749894946</UZL>
      <K0>0.51883292686637794</K0>
      <K1>0.088574758949316351</K1>
      <K2>0.1200543839487946</K2>
      <MAXBAS>1.0000215152271119</MAXBAS>
      <Cet>0</Cet>
      <PCALT>10</PCALT>
      <TCALT>0.6</TCALT>
      <Pelev>3165</Pelev>
      <Telev>3224</Telev>
      <PART>0.5</PART>
      <DELAY>1</DELAY>
    </SubCatchmentParameters>
    <SubCatchmentVegetationZone>
      <SubCatchmentVegetationZoneParameters>
        <TT>0.90398887028878849</TT>
        <CFMAX>3.1277202984001788</CFMAX>
        <SP>0</SP>
        <SFCF>0.74420408437036512</SFCF>
        <CFR>0.060533248304186563</CFR>
        <CWH>0.10000029632570606</CWH>
        <CFGlacier>1</CFGlacier>
        <CFSlope>1</CFSlope>
        <FC>421.30227071364425</FC>
        <LP>0.98733097956621652</LP>
        <BETA>4.4077405829924183</BETA>
      </SubCatchmentVegetationZoneParameters>
    </SubCatchmentVegetationZone>
  </SubCatchment>
</Catchment>