<?xml version="1.0" encoding="utf-8"?>
<Catchment xmlns:xsi="http://www.w3.org/2001/XMLSchema-instance" xmlns:xsd="http://www.w3.org/2001/XMLSchema">
  <CatchmentParameters>
    <KSI>0.001</KSI>
    <KGmin>0.05</KGmin>
    <RangeKG>0.1</RangeKG>
    <AG>0.1</AG>
    <PERC>1.4652665736925286</PERC>
    <Alpha>0</Alpha>
    <UZL>162.98671269373511</UZL>
    <K0>0.2026475499987889</K0>
    <K1>0.098840369560866032</K1>
    <K2>0.052676754639693978</K2>
    <MAXBAS>1.0002984025186104</MAXBAS>
    <Cet>0</Cet>
    <PCALT>10</PCALT>
    <TCALT>0.6</TCALT>
    <Pelev>3165</Pelev>
    <Telev>3224</Telev>
    <PART>0.5</PART>
    <DELAY>1</DELAY>
  </CatchmentParameters>
  <VegetationZone>
    <VegetationZoneParameters>
      <TT>-0.0598262641752596</TT>
      <CFMAX>2.2031229086296791</CFMAX>
      <SP>0</SP>
      <SFCF>0.708025835792214</SFCF>
      <CFR>0.099999388439191358</CFR>
      <CWH>0.19995989384035359</CWH>
      <CFGlacier>1</CFGlacier>
      <CFSlope>1</CFSlope>
      <FC>308.3444666178047</FC>
      <LP>0.88041205204431039</LP>
      <BETA>4.5584924079527154</BETA>
    </VegetationZoneParameters>
  </VegetationZone>
  <SubCatchment>
    <SubCatchmentParameters>
      <KSI>0.001</KSI>
      <KGmin>0.05</KGmin>
      <RangeKG>0.1</RangeKG>
      <AG>0.1</AG>
      <PERC>1.4652665736925286</PERC>
      <Alpha>0</Alpha>
      <UZL>162.98671269373511</UZL>
      <K0>0.2026475499987889</K0>
      <K1>0.098840369560866032</K1>
      <K2>0.052676754639693978</K2>
      <MAXBAS>1.0002984025186104</MAXBAS>
      <Cet>0</Cet>
      <PCALT>10</PCALT>
      <TCALT>0.6</TCALT>
      <Pelev>3165</Pelev>
      <Telev>3224</Telev>
      <PART>0.5</PART>
      <DELAY>1</DELAY>
    </SubCatchmentParameters>
    <SubCatchmentVegetationZone>
      <SubCatchmentVegetationZoneParameters>
        <TT>-0.0598262641752596</TT>
        <CFMAX>2.2031229086296791</CFMAX>
        <SP>0</SP>
        <SFCF>0.708025835792214</SFCF>
        <CFR>0.099999388439191358</CFR>
        <CWH>0.19995989384035359</CWH>
        <CFGlacier>1</CFGlacier>
        <CFSlope>1</CFSlope>
        <FC>308.3444666178047</FC>
        <LP>0.88041205204431039</LP>
        <BETA>4.5584924079527154</BETA>
      </SubCatchmentVegetationZoneParameters>
    </SubCatchmentVegetationZone>
  </SubCatchment>
</Catchment>