<?xml version="1.0" encoding="utf-8"?>
<Catchment xmlns:xsi="http://www.w3.org/2001/XMLSchema-instance" xmlns:xsd="http://www.w3.org/2001/XMLSchema">
  <CatchmentParameters>
    <KSI>0.001</KSI>
    <KGmin>0.05</KGmin>
    <RangeKG>0.1</RangeKG>
    <AG>0.1</AG>
    <PERC>0.27784597073488893</PERC>
    <Alpha>0</Alpha>
    <UZL>156.39913240121342</UZL>
    <K0>0.10057274920656494</K0>
    <K1>0.11381637439061602</K1>
    <K2>0.010589051006559968</K2>
    <MAXBAS>1</MAXBAS>
    <Cet>0</Cet>
    <PCALT>10</PCALT>
    <TCALT>0.6</TCALT>
    <Pelev>3165</Pelev>
    <Telev>3224</Telev>
    <PART>0.5</PART>
    <DELAY>1</DELAY>
  </CatchmentParameters>
  <VegetationZone>
    <VegetationZoneParameters>
      <TT>-0.95602853133421151</TT>
      <CFMAX>2.1215729033218946</CFMAX>
      <SP>0</SP>
      <SFCF>0.91763450787911449</SFCF>
      <CFR>0.099999746773573442</CFR>
      <CWH>0.19999446571470186</CWH>
      <CFGlacier>1</CFGlacier>
      <CFSlope>1</CFSlope>
      <FC>753.50350290782694</FC>
      <LP>0.92118111426520888</LP>
      <BETA>2.6850388508360958</BETA>
    </VegetationZoneParameters>
  </VegetationZone>
  <SubCatchment>
    <SubCatchmentParameters>
      <KSI>0.001</KSI>
      <KGmin>0.05</KGmin>
      <RangeKG>0.1</RangeKG>
      <AG>0.1</AG>
      <PERC>0.27784597073488893</PERC>
      <Alpha>0</Alpha>
      <UZL>156.39913240121342</UZL>
      <K0>0.10057274920656494</K0>
      <K1>0.11381637439061602</K1>
      <K2>0.010589051006559968</K2>
      <MAXBAS>1</MAXBAS>
      <Cet>0</Cet>
      <PCALT>10</PCALT>
      <TCALT>0.6</TCALT>
      <Pelev>3165</Pelev>
      <Telev>3224</Telev>
      <PART>0.5</PART>
      <DELAY>1</DELAY>
    </SubCatchmentParameters>
    <SubCatchmentVegetationZone>
      <SubCatchmentVegetationZoneParameters>
        <TT>-0.95602853133421151</TT>
        <CFMAX>2.1215729033218946</CFMAX>
        <SP>0</SP>
        <SFCF>0.91763450787911449</SFCF>
        <CFR>0.099999746773573442</CFR>
        <CWH>0.19999446571470186</CWH>
        <CFGlacier>1</CFGlacier>
        <CFSlope>1</CFSlope>
        <FC>753.50350290782694</FC>
        <LP>0.92118111426520888</LP>
        <BETA>2.6850388508360958</BETA>
      </SubCatchmentVegetationZoneParameters>
    </SubCatchmentVegetationZone>
  </SubCatchment>
</Catchment>