<?xml version="1.0" encoding="utf-8"?>
<Catchment xmlns:xsi="http://www.w3.org/2001/XMLSchema-instance" xmlns:xsd="http://www.w3.org/2001/XMLSchema">
  <CatchmentParameters>
    <KSI>0.001</KSI>
    <KGmin>0.05</KGmin>
    <RangeKG>0.1</RangeKG>
    <AG>0.1</AG>
    <PERC>9.9989461316359147</PERC>
    <Alpha>0</Alpha>
    <UZL>160.40965750032319</UZL>
    <K0>0.24849808082377711</K0>
    <K1>0.10738875629719082</K1>
    <K2>0.096738144433664977</K2>
    <MAXBAS>1.0002945938767223</MAXBAS>
    <Cet>0</Cet>
    <PCALT>10</PCALT>
    <TCALT>0.6</TCALT>
    <Pelev>3165</Pelev>
    <Telev>3224</Telev>
    <PART>0.5</PART>
    <DELAY>1</DELAY>
  </CatchmentParameters>
  <VegetationZone>
    <VegetationZoneParameters>
      <TT>0.38251079269213895</TT>
      <CFMAX>2.6807228403155694</CFMAX>
      <SP>0</SP>
      <SFCF>0.74636417486420192</SFCF>
      <CFR>0.0908461369464866</CFR>
      <CWH>0.10000041289555336</CWH>
      <CFGlacier>1</CFGlacier>
      <CFSlope>1</CFSlope>
      <FC>367.96719588978675</FC>
      <LP>0.8838096609661088</LP>
      <BETA>4.54391388618097</BETA>
    </VegetationZoneParameters>
  </VegetationZone>
  <SubCatchment>
    <SubCatchmentParameters>
      <KSI>0.001</KSI>
      <KGmin>0.05</KGmin>
      <RangeKG>0.1</RangeKG>
      <AG>0.1</AG>
      <PERC>9.9989461316359147</PERC>
      <Alpha>0</Alpha>
      <UZL>160.40965750032319</UZL>
      <K0>0.24849808082377711</K0>
      <K1>0.10738875629719082</K1>
      <K2>0.096738144433664977</K2>
      <MAXBAS>1.0002945938767223</MAXBAS>
      <Cet>0</Cet>
      <PCALT>10</PCALT>
      <TCALT>0.6</TCALT>
      <Pelev>3165</Pelev>
      <Telev>3224</Telev>
      <PART>0.5</PART>
      <DELAY>1</DELAY>
    </SubCatchmentParameters>
    <SubCatchmentVegetationZone>
      <SubCatchmentVegetationZoneParameters>
        <TT>0.38251079269213895</TT>
        <CFMAX>2.6807228403155694</CFMAX>
        <SP>0</SP>
        <SFCF>0.74636417486420192</SFCF>
        <CFR>0.0908461369464866</CFR>
        <CWH>0.10000041289555336</CWH>
        <CFGlacier>1</CFGlacier>
        <CFSlope>1</CFSlope>
        <FC>367.96719588978675</FC>
        <LP>0.8838096609661088</LP>
        <BETA>4.54391388618097</BETA>
      </SubCatchmentVegetationZoneParameters>
    </SubCatchmentVegetationZone>
  </SubCatchment>
</Catchment>