<?xml version="1.0" encoding="utf-8"?>
<Catchment xmlns:xsi="http://www.w3.org/2001/XMLSchema-instance" xmlns:xsd="http://www.w3.org/2001/XMLSchema">
  <CatchmentParameters>
    <KSI>0.001</KSI>
    <KGmin>0.05</KGmin>
    <RangeKG>0.1</RangeKG>
    <AG>0.1</AG>
    <PERC>7.2179738058244807</PERC>
    <Alpha>0</Alpha>
    <UZL>90.846640376115758</UZL>
    <K0>0.37279641884265924</K0>
    <K1>0.091967917660198767</K1>
    <K2>0.10851595588715741</K2>
    <MAXBAS>1.0000158613260803</MAXBAS>
    <Cet>0</Cet>
    <PCALT>10</PCALT>
    <TCALT>0.6</TCALT>
    <Pelev>3165</Pelev>
    <Telev>3224</Telev>
    <PART>0.5</PART>
    <DELAY>1</DELAY>
  </CatchmentParameters>
  <VegetationZone>
    <VegetationZoneParameters>
      <TT>1.043998365013991</TT>
      <CFMAX>2.9879127478498315</CFMAX>
      <SP>0</SP>
      <SFCF>0.6948919652409401</SFCF>
      <CFR>0.05500119934219258</CFR>
      <CWH>0.10001410775405098</CWH>
      <CFGlacier>1</CFGlacier>
      <CFSlope>1</CFSlope>
      <FC>319.62746388658326</FC>
      <LP>0.95206073910591371</LP>
      <BETA>4.5198522194024715</BETA>
    </VegetationZoneParameters>
  </VegetationZone>
  <SubCatchment>
    <SubCatchmentParameters>
      <KSI>0.001</KSI>
      <KGmin>0.05</KGmin>
      <RangeKG>0.1</RangeKG>
      <AG>0.1</AG>
      <PERC>7.2179738058244807</PERC>
      <Alpha>0</Alpha>
      <UZL>90.846640376115758</UZL>
      <K0>0.37279641884265924</K0>
      <K1>0.091967917660198767</K1>
      <K2>0.10851595588715741</K2>
      <MAXBAS>1.0000158613260803</MAXBAS>
      <Cet>0</Cet>
      <PCALT>10</PCALT>
      <TCALT>0.6</TCALT>
      <Pelev>3165</Pelev>
      <Telev>3224</Telev>
      <PART>0.5</PART>
      <DELAY>1</DELAY>
    </SubCatchmentParameters>
    <SubCatchmentVegetationZone>
      <SubCatchmentVegetationZoneParameters>
        <TT>1.043998365013991</TT>
        <CFMAX>2.9879127478498315</CFMAX>
        <SP>0</SP>
        <SFCF>0.6948919652409401</SFCF>
        <CFR>0.05500119934219258</CFR>
        <CWH>0.10001410775405098</CWH>
        <CFGlacier>1</CFGlacier>
        <CFSlope>1</CFSlope>
        <FC>319.62746388658326</FC>
        <LP>0.95206073910591371</LP>
        <BETA>4.5198522194024715</BETA>
      </SubCatchmentVegetationZoneParameters>
    </SubCatchmentVegetationZone>
  </SubCatchment>
</Catchment>