<?xml version="1.0" encoding="utf-8"?>
<Catchment xmlns:xsi="http://www.w3.org/2001/XMLSchema-instance" xmlns:xsd="http://www.w3.org/2001/XMLSchema">
  <CatchmentParameters>
    <KSI>0.001</KSI>
    <KGmin>0.05</KGmin>
    <RangeKG>0.1</RangeKG>
    <AG>0.1</AG>
    <PERC>9.9989150357658865</PERC>
    <Alpha>0</Alpha>
    <UZL>92.323491242439971</UZL>
    <K0>0.52768768431712154</K0>
    <K1>0.10463626172759293</K1>
    <K2>0.094673495469095384</K2>
    <MAXBAS>1.0000295787221838</MAXBAS>
    <Cet>0</Cet>
    <PCALT>10</PCALT>
    <TCALT>0.6</TCALT>
    <Pelev>3165</Pelev>
    <Telev>3224</Telev>
    <PART>0.5</PART>
    <DELAY>1</DELAY>
  </CatchmentParameters>
  <VegetationZone>
    <VegetationZoneParameters>
      <TT>0.42258420641136712</TT>
      <CFMAX>2.7501093170983397</CFMAX>
      <SP>0</SP>
      <SFCF>0.746127391516005</SFCF>
      <CFR>0.088219785683039273</CFR>
      <CWH>0.10000068457013232</CWH>
      <CFGlacier>1</CFGlacier>
      <CFSlope>1</CFSlope>
      <FC>354.55083282626634</FC>
      <LP>0.8228557123715412</LP>
      <BETA>4.4405549677699527</BETA>
    </VegetationZoneParameters>
  </VegetationZone>
  <SubCatchment>
    <SubCatchmentParameters>
      <KSI>0.001</KSI>
      <KGmin>0.05</KGmin>
      <RangeKG>0.1</RangeKG>
      <AG>0.1</AG>
      <PERC>9.9989150357658865</PERC>
      <Alpha>0</Alpha>
      <UZL>92.323491242439971</UZL>
      <K0>0.52768768431712154</K0>
      <K1>0.10463626172759293</K1>
      <K2>0.094673495469095384</K2>
      <MAXBAS>1.0000295787221838</MAXBAS>
      <Cet>0</Cet>
      <PCALT>10</PCALT>
      <TCALT>0.6</TCALT>
      <Pelev>3165</Pelev>
      <Telev>3224</Telev>
      <PART>0.5</PART>
      <DELAY>1</DELAY>
    </SubCatchmentParameters>
    <SubCatchmentVegetationZone>
      <SubCatchmentVegetationZoneParameters>
        <TT>0.42258420641136712</TT>
        <CFMAX>2.7501093170983397</CFMAX>
        <SP>0</SP>
        <SFCF>0.746127391516005</SFCF>
        <CFR>0.088219785683039273</CFR>
        <CWH>0.10000068457013232</CWH>
        <CFGlacier>1</CFGlacier>
        <CFSlope>1</CFSlope>
        <FC>354.55083282626634</FC>
        <LP>0.8228557123715412</LP>
        <BETA>4.4405549677699527</BETA>
      </SubCatchmentVegetationZoneParameters>
    </SubCatchmentVegetationZone>
  </SubCatchment>
</Catchment>