<?xml version="1.0" encoding="utf-8"?>
<Catchment xmlns:xsi="http://www.w3.org/2001/XMLSchema-instance" xmlns:xsd="http://www.w3.org/2001/XMLSchema">
  <CatchmentParameters>
    <KSI>0.001</KSI>
    <KGmin>0.05</KGmin>
    <RangeKG>0.1</RangeKG>
    <AG>0.1</AG>
    <PERC>0.26515222784217946</PERC>
    <Alpha>0</Alpha>
    <UZL>193.80612952954382</UZL>
    <K0>0.55449098717740342</K0>
    <K1>0.10657167387460902</K1>
    <K2>0.010001775582473416</K2>
    <MAXBAS>1</MAXBAS>
    <Cet>0</Cet>
    <PCALT>10</PCALT>
    <TCALT>0.6</TCALT>
    <Pelev>3165</Pelev>
    <Telev>3224</Telev>
    <PART>0.5</PART>
    <DELAY>1</DELAY>
  </CatchmentParameters>
  <VegetationZone>
    <VegetationZoneParameters>
      <TT>-1.0560036128327992</TT>
      <CFMAX>2.6103847469880996</CFMAX>
      <SP>0</SP>
      <SFCF>1.1324292332394446</SFCF>
      <CFR>0.027351047387939035</CFR>
      <CWH>0.11351602159947681</CWH>
      <CFGlacier>1</CFGlacier>
      <CFSlope>1</CFSlope>
      <FC>1261.4301738930442</FC>
      <LP>0.81569366348443084</LP>
      <BETA>3.6999457578998438</BETA>
    </VegetationZoneParameters>
  </VegetationZone>
  <SubCatchment>
    <SubCatchmentParameters>
      <KSI>0.001</KSI>
      <KGmin>0.05</KGmin>
      <RangeKG>0.1</RangeKG>
      <AG>0.1</AG>
      <PERC>0.26515222784217946</PERC>
      <Alpha>0</Alpha>
      <UZL>193.80612952954382</UZL>
      <K0>0.55449098717740342</K0>
      <K1>0.10657167387460902</K1>
      <K2>0.010001775582473416</K2>
      <MAXBAS>1</MAXBAS>
      <Cet>0</Cet>
      <PCALT>10</PCALT>
      <TCALT>0.6</TCALT>
      <Pelev>3165</Pelev>
      <Telev>3224</Telev>
      <PART>0.5</PART>
      <DELAY>1</DELAY>
    </SubCatchmentParameters>
    <SubCatchmentVegetationZone>
      <SubCatchmentVegetationZoneParameters>
        <TT>-1.0560036128327992</TT>
        <CFMAX>2.6103847469880996</CFMAX>
        <SP>0</SP>
        <SFCF>1.1324292332394446</SFCF>
        <CFR>0.027351047387939035</CFR>
        <CWH>0.11351602159947681</CWH>
        <CFGlacier>1</CFGlacier>
        <CFSlope>1</CFSlope>
        <FC>1261.4301738930442</FC>
        <LP>0.81569366348443084</LP>
        <BETA>3.6999457578998438</BETA>
      </SubCatchmentVegetationZoneParameters>
    </SubCatchmentVegetationZone>
  </SubCatchment>
</Catchment>