<?xml version="1.0" encoding="utf-8"?>
<Catchment xmlns:xsi="http://www.w3.org/2001/XMLSchema-instance" xmlns:xsd="http://www.w3.org/2001/XMLSchema">
  <CatchmentParameters>
    <KSI>0.001</KSI>
    <KGmin>0.05</KGmin>
    <RangeKG>0.1</RangeKG>
    <AG>0.1</AG>
    <PERC>5.9682311685974172</PERC>
    <Alpha>0</Alpha>
    <UZL>166.93436829389594</UZL>
    <K0>0.12662347149170811</K0>
    <K1>0.0882231944347747</K1>
    <K2>0.12500383407770652</K2>
    <MAXBAS>1.0000396987087752</MAXBAS>
    <Cet>0</Cet>
    <PCALT>10</PCALT>
    <TCALT>0.6</TCALT>
    <Pelev>3165</Pelev>
    <Telev>3224</Telev>
    <PART>0.5</PART>
    <DELAY>1</DELAY>
  </CatchmentParameters>
  <VegetationZone>
    <VegetationZoneParameters>
      <TT>0.04399343088827553</TT>
      <CFMAX>2.50633460102086</CFMAX>
      <SP>0</SP>
      <SFCF>0.76798582431578155</SFCF>
      <CFR>0.099999657066692824</CFR>
      <CWH>0.10000016779089112</CWH>
      <CFGlacier>1</CFGlacier>
      <CFSlope>1</CFSlope>
      <FC>461.19988832400634</FC>
      <LP>0.99466940058553821</LP>
      <BETA>5.3674376581581242</BETA>
    </VegetationZoneParameters>
  </VegetationZone>
  <SubCatchment>
    <SubCatchmentParameters>
      <KSI>0.001</KSI>
      <KGmin>0.05</KGmin>
      <RangeKG>0.1</RangeKG>
      <AG>0.1</AG>
      <PERC>5.9682311685974172</PERC>
      <Alpha>0</Alpha>
      <UZL>166.93436829389594</UZL>
      <K0>0.12662347149170811</K0>
      <K1>0.0882231944347747</K1>
      <K2>0.12500383407770652</K2>
      <MAXBAS>1.0000396987087752</MAXBAS>
      <Cet>0</Cet>
      <PCALT>10</PCALT>
      <TCALT>0.6</TCALT>
      <Pelev>3165</Pelev>
      <Telev>3224</Telev>
      <PART>0.5</PART>
      <DELAY>1</DELAY>
    </SubCatchmentParameters>
    <SubCatchmentVegetationZone>
      <SubCatchmentVegetationZoneParameters>
        <TT>0.04399343088827553</TT>
        <CFMAX>2.50633460102086</CFMAX>
        <SP>0</SP>
        <SFCF>0.76798582431578155</SFCF>
        <CFR>0.099999657066692824</CFR>
        <CWH>0.10000016779089112</CWH>
        <CFGlacier>1</CFGlacier>
        <CFSlope>1</CFSlope>
        <FC>461.19988832400634</FC>
        <LP>0.99466940058553821</LP>
        <BETA>5.3674376581581242</BETA>
      </SubCatchmentVegetationZoneParameters>
    </SubCatchmentVegetationZone>
  </SubCatchment>
</Catchment>