<?xml version="1.0" encoding="utf-8"?>
<Catchment xmlns:xsi="http://www.w3.org/2001/XMLSchema-instance" xmlns:xsd="http://www.w3.org/2001/XMLSchema">
  <CatchmentParameters>
    <KSI>0.001</KSI>
    <KGmin>0.05</KGmin>
    <RangeKG>0.1</RangeKG>
    <AG>0.1</AG>
    <PERC>1.857108673489339</PERC>
    <Alpha>0</Alpha>
    <UZL>140.41853146813341</UZL>
    <K0>0.59072220419656152</K0>
    <K1>0.11753302198728836</K1>
    <K2>0.054954135064568574</K2>
    <MAXBAS>1.0000488776889558</MAXBAS>
    <Cet>0</Cet>
    <PCALT>10</PCALT>
    <TCALT>0.6</TCALT>
    <Pelev>3165</Pelev>
    <Telev>3224</Telev>
    <PART>0.5</PART>
    <DELAY>1</DELAY>
  </CatchmentParameters>
  <VegetationZone>
    <VegetationZoneParameters>
      <TT>1.2802714545975256</TT>
      <CFMAX>2.7150914739529792</CFMAX>
      <SP>0</SP>
      <SFCF>0.62763510574848591</SFCF>
      <CFR>0.046851696076019543</CFR>
      <CWH>0.10425076063522898</CWH>
      <CFGlacier>1</CFGlacier>
      <CFSlope>1</CFSlope>
      <FC>228.92946677271991</FC>
      <LP>0.98861323475963969</LP>
      <BETA>4.2372035453173869</BETA>
    </VegetationZoneParameters>
  </VegetationZone>
  <SubCatchment>
    <SubCatchmentParameters>
      <KSI>0.001</KSI>
      <KGmin>0.05</KGmin>
      <RangeKG>0.1</RangeKG>
      <AG>0.1</AG>
      <PERC>1.857108673489339</PERC>
      <Alpha>0</Alpha>
      <UZL>140.41853146813341</UZL>
      <K0>0.59072220419656152</K0>
      <K1>0.11753302198728836</K1>
      <K2>0.054954135064568574</K2>
      <MAXBAS>1.0000488776889558</MAXBAS>
      <Cet>0</Cet>
      <PCALT>10</PCALT>
      <TCALT>0.6</TCALT>
      <Pelev>3165</Pelev>
      <Telev>3224</Telev>
      <PART>0.5</PART>
      <DELAY>1</DELAY>
    </SubCatchmentParameters>
    <SubCatchmentVegetationZone>
      <SubCatchmentVegetationZoneParameters>
        <TT>1.2802714545975256</TT>
        <CFMAX>2.7150914739529792</CFMAX>
        <SP>0</SP>
        <SFCF>0.62763510574848591</SFCF>
        <CFR>0.046851696076019543</CFR>
        <CWH>0.10425076063522898</CWH>
        <CFGlacier>1</CFGlacier>
        <CFSlope>1</CFSlope>
        <FC>228.92946677271991</FC>
        <LP>0.98861323475963969</LP>
        <BETA>4.2372035453173869</BETA>
      </SubCatchmentVegetationZoneParameters>
    </SubCatchmentVegetationZone>
  </SubCatchment>
</Catchment>