<?xml version="1.0" encoding="utf-8"?>
<Catchment xmlns:xsi="http://www.w3.org/2001/XMLSchema-instance" xmlns:xsd="http://www.w3.org/2001/XMLSchema">
  <CatchmentParameters>
    <KSI>0.001</KSI>
    <KGmin>0.05</KGmin>
    <RangeKG>0.1</RangeKG>
    <AG>0.1</AG>
    <PERC>9.9999816141307143</PERC>
    <Alpha>0</Alpha>
    <UZL>83.2563406909482</UZL>
    <K0>0.09406650291070684</K0>
    <K1>0.14777637205787558</K1>
    <K2>0.1018112821876454</K2>
    <MAXBAS>1.0000093876337026</MAXBAS>
    <Cet>0</Cet>
    <PCALT>10</PCALT>
    <TCALT>0.6</TCALT>
    <Pelev>3165</Pelev>
    <Telev>3224</Telev>
    <PART>0.5</PART>
    <DELAY>1</DELAY>
  </CatchmentParameters>
  <VegetationZone>
    <VegetationZoneParameters>
      <TT>0.59102063913013159</TT>
      <CFMAX>2.1482903950039862</CFMAX>
      <SP>0</SP>
      <SFCF>0.60210229988312924</SFCF>
      <CFR>0.083847672949692</CFR>
      <CWH>0.19309605479735711</CWH>
      <CFGlacier>1</CFGlacier>
      <CFSlope>1</CFSlope>
      <FC>220.13307085919075</FC>
      <LP>0.99999948432665875</LP>
      <BETA>5.9987122099969161</BETA>
    </VegetationZoneParameters>
  </VegetationZone>
  <SubCatchment>
    <SubCatchmentParameters>
      <KSI>0.001</KSI>
      <KGmin>0.05</KGmin>
      <RangeKG>0.1</RangeKG>
      <AG>0.1</AG>
      <PERC>9.9999816141307143</PERC>
      <Alpha>0</Alpha>
      <UZL>83.2563406909482</UZL>
      <K0>0.09406650291070684</K0>
      <K1>0.14777637205787558</K1>
      <K2>0.1018112821876454</K2>
      <MAXBAS>1.0000093876337026</MAXBAS>
      <Cet>0</Cet>
      <PCALT>10</PCALT>
      <TCALT>0.6</TCALT>
      <Pelev>3165</Pelev>
      <Telev>3224</Telev>
      <PART>0.5</PART>
      <DELAY>1</DELAY>
    </SubCatchmentParameters>
    <SubCatchmentVegetationZone>
      <SubCatchmentVegetationZoneParameters>
        <TT>0.59102063913013159</TT>
        <CFMAX>2.1482903950039862</CFMAX>
        <SP>0</SP>
        <SFCF>0.60210229988312924</SFCF>
        <CFR>0.083847672949692</CFR>
        <CWH>0.19309605479735711</CWH>
        <CFGlacier>1</CFGlacier>
        <CFSlope>1</CFSlope>
        <FC>220.13307085919075</FC>
        <LP>0.99999948432665875</LP>
        <BETA>5.9987122099969161</BETA>
      </SubCatchmentVegetationZoneParameters>
    </SubCatchmentVegetationZone>
  </SubCatchment>
</Catchment>