<?xml version="1.0" encoding="utf-8"?>
<Catchment xmlns:xsi="http://www.w3.org/2001/XMLSchema-instance" xmlns:xsd="http://www.w3.org/2001/XMLSchema">
  <CatchmentParameters>
    <KSI>0.001</KSI>
    <KGmin>0.05</KGmin>
    <RangeKG>0.1</RangeKG>
    <AG>0.1</AG>
    <PERC>0.273502997857507</PERC>
    <Alpha>0</Alpha>
    <UZL>144.44359913379455</UZL>
    <K0>0.0500247547975564</K0>
    <K1>0.10821111936963869</K1>
    <K2>0.010554053575705054</K2>
    <MAXBAS>1</MAXBAS>
    <Cet>0</Cet>
    <PCALT>10</PCALT>
    <TCALT>0.6</TCALT>
    <Pelev>3165</Pelev>
    <Telev>3224</Telev>
    <PART>0.5</PART>
    <DELAY>1</DELAY>
  </CatchmentParameters>
  <VegetationZone>
    <VegetationZoneParameters>
      <TT>-1.6560046495618717</TT>
      <CFMAX>2.5677495381855846</CFMAX>
      <SP>0</SP>
      <SFCF>1.24299328190719</SFCF>
      <CFR>0.084893055158682229</CFR>
      <CWH>0.13318385865837618</CWH>
      <CFGlacier>1</CFGlacier>
      <CFSlope>1</CFSlope>
      <FC>1364.0033577784618</FC>
      <LP>0.66964790357100645</LP>
      <BETA>3.2274775083602947</BETA>
    </VegetationZoneParameters>
  </VegetationZone>
  <SubCatchment>
    <SubCatchmentParameters>
      <KSI>0.001</KSI>
      <KGmin>0.05</KGmin>
      <RangeKG>0.1</RangeKG>
      <AG>0.1</AG>
      <PERC>0.273502997857507</PERC>
      <Alpha>0</Alpha>
      <UZL>144.44359913379455</UZL>
      <K0>0.0500247547975564</K0>
      <K1>0.10821111936963869</K1>
      <K2>0.010554053575705054</K2>
      <MAXBAS>1</MAXBAS>
      <Cet>0</Cet>
      <PCALT>10</PCALT>
      <TCALT>0.6</TCALT>
      <Pelev>3165</Pelev>
      <Telev>3224</Telev>
      <PART>0.5</PART>
      <DELAY>1</DELAY>
    </SubCatchmentParameters>
    <SubCatchmentVegetationZone>
      <SubCatchmentVegetationZoneParameters>
        <TT>-1.6560046495618717</TT>
        <CFMAX>2.5677495381855846</CFMAX>
        <SP>0</SP>
        <SFCF>1.24299328190719</SFCF>
        <CFR>0.084893055158682229</CFR>
        <CWH>0.13318385865837618</CWH>
        <CFGlacier>1</CFGlacier>
        <CFSlope>1</CFSlope>
        <FC>1364.0033577784618</FC>
        <LP>0.66964790357100645</LP>
        <BETA>3.2274775083602947</BETA>
      </SubCatchmentVegetationZoneParameters>
    </SubCatchmentVegetationZone>
  </SubCatchment>
</Catchment>