<?xml version="1.0" encoding="utf-8"?>
<Catchment xmlns:xsi="http://www.w3.org/2001/XMLSchema-instance" xmlns:xsd="http://www.w3.org/2001/XMLSchema">
  <CatchmentParameters>
    <KSI>0.001</KSI>
    <KGmin>0.05</KGmin>
    <RangeKG>0.1</RangeKG>
    <AG>0.1</AG>
    <PERC>6.8117701906948787</PERC>
    <Alpha>0</Alpha>
    <UZL>103.49878519018698</UZL>
    <K0>0.39325359635786411</K0>
    <K1>0.08381777471075641</K1>
    <K2>0.116478659096037</K2>
    <MAXBAS>1.0049975355771352</MAXBAS>
    <Cet>0</Cet>
    <PCALT>10</PCALT>
    <TCALT>0.6</TCALT>
    <Pelev>3165</Pelev>
    <Telev>3224</Telev>
    <PART>0.5</PART>
    <DELAY>1</DELAY>
  </CatchmentParameters>
  <VegetationZone>
    <VegetationZoneParameters>
      <TT>0.59026894018130271</TT>
      <CFMAX>3.3271538494833077</CFMAX>
      <SP>0</SP>
      <SFCF>0.84015011621344349</SFCF>
      <CFR>0.074773775585928709</CFR>
      <CWH>0.10000165247807061</CWH>
      <CFGlacier>1</CFGlacier>
      <CFSlope>1</CFSlope>
      <FC>490.86635041295665</FC>
      <LP>0.81548133601586392</LP>
      <BETA>3.66053869044666</BETA>
    </VegetationZoneParameters>
  </VegetationZone>
  <SubCatchment>
    <SubCatchmentParameters>
      <KSI>0.001</KSI>
      <KGmin>0.05</KGmin>
      <RangeKG>0.1</RangeKG>
      <AG>0.1</AG>
      <PERC>6.8117701906948787</PERC>
      <Alpha>0</Alpha>
      <UZL>103.49878519018698</UZL>
      <K0>0.39325359635786411</K0>
      <K1>0.08381777471075641</K1>
      <K2>0.116478659096037</K2>
      <MAXBAS>1.0049975355771352</MAXBAS>
      <Cet>0</Cet>
      <PCALT>10</PCALT>
      <TCALT>0.6</TCALT>
      <Pelev>3165</Pelev>
      <Telev>3224</Telev>
      <PART>0.5</PART>
      <DELAY>1</DELAY>
    </SubCatchmentParameters>
    <SubCatchmentVegetationZone>
      <SubCatchmentVegetationZoneParameters>
        <TT>0.59026894018130271</TT>
        <CFMAX>3.3271538494833077</CFMAX>
        <SP>0</SP>
        <SFCF>0.84015011621344349</SFCF>
        <CFR>0.074773775585928709</CFR>
        <CWH>0.10000165247807061</CWH>
        <CFGlacier>1</CFGlacier>
        <CFSlope>1</CFSlope>
        <FC>490.86635041295665</FC>
        <LP>0.81548133601586392</LP>
        <BETA>3.66053869044666</BETA>
      </SubCatchmentVegetationZoneParameters>
    </SubCatchmentVegetationZone>
  </SubCatchment>
</Catchment>