<?xml version="1.0" encoding="utf-8"?>
<Catchment xmlns:xsi="http://www.w3.org/2001/XMLSchema-instance" xmlns:xsd="http://www.w3.org/2001/XMLSchema">
  <CatchmentParameters>
    <KSI>0.001</KSI>
    <KGmin>0.05</KGmin>
    <RangeKG>0.1</RangeKG>
    <AG>0.1</AG>
    <PERC>6.9859848852495192</PERC>
    <Alpha>0</Alpha>
    <UZL>152.68147127204696</UZL>
    <K0>0.51593908339883443</K0>
    <K1>0.087427989259153627</K1>
    <K2>0.11291862681879963</K2>
    <MAXBAS>1.0001012061954187</MAXBAS>
    <Cet>0</Cet>
    <PCALT>10</PCALT>
    <TCALT>0.6</TCALT>
    <Pelev>3165</Pelev>
    <Telev>3224</Telev>
    <PART>0.5</PART>
    <DELAY>1</DELAY>
  </CatchmentParameters>
  <VegetationZone>
    <VegetationZoneParameters>
      <TT>0.7056317901014334</TT>
      <CFMAX>2.9186257108517193</CFMAX>
      <SP>0</SP>
      <SFCF>0.73345880774591987</SFCF>
      <CFR>0.071246594269351843</CFR>
      <CWH>0.10000000013193697</CWH>
      <CFGlacier>1</CFGlacier>
      <CFSlope>1</CFSlope>
      <FC>381.30286271861706</FC>
      <LP>0.97481283394753226</LP>
      <BETA>4.6167192297769208</BETA>
    </VegetationZoneParameters>
  </VegetationZone>
  <SubCatchment>
    <SubCatchmentParameters>
      <KSI>0.001</KSI>
      <KGmin>0.05</KGmin>
      <RangeKG>0.1</RangeKG>
      <AG>0.1</AG>
      <PERC>6.9859848852495192</PERC>
      <Alpha>0</Alpha>
      <UZL>152.68147127204696</UZL>
      <K0>0.51593908339883443</K0>
      <K1>0.087427989259153627</K1>
      <K2>0.11291862681879963</K2>
      <MAXBAS>1.0001012061954187</MAXBAS>
      <Cet>0</Cet>
      <PCALT>10</PCALT>
      <TCALT>0.6</TCALT>
      <Pelev>3165</Pelev>
      <Telev>3224</Telev>
      <PART>0.5</PART>
      <DELAY>1</DELAY>
    </SubCatchmentParameters>
    <SubCatchmentVegetationZone>
      <SubCatchmentVegetationZoneParameters>
        <TT>0.7056317901014334</TT>
        <CFMAX>2.9186257108517193</CFMAX>
        <SP>0</SP>
        <SFCF>0.73345880774591987</SFCF>
        <CFR>0.071246594269351843</CFR>
        <CWH>0.10000000013193697</CWH>
        <CFGlacier>1</CFGlacier>
        <CFSlope>1</CFSlope>
        <FC>381.30286271861706</FC>
        <LP>0.97481283394753226</LP>
        <BETA>4.6167192297769208</BETA>
      </SubCatchmentVegetationZoneParameters>
    </SubCatchmentVegetationZone>
  </SubCatchment>
</Catchment>