<?xml version="1.0" encoding="utf-8"?>
<Catchment xmlns:xsi="http://www.w3.org/2001/XMLSchema-instance" xmlns:xsd="http://www.w3.org/2001/XMLSchema">
  <CatchmentParameters>
    <KSI>0.001</KSI>
    <KGmin>0.05</KGmin>
    <RangeKG>0.1</RangeKG>
    <AG>0.1</AG>
    <PERC>5.7818387294195306</PERC>
    <Alpha>0</Alpha>
    <UZL>194.14269934809514</UZL>
    <K0>0.47937801284761261</K0>
    <K1>0.0843860304517426</K1>
    <K2>0.1321460440464487</K2>
    <MAXBAS>1.0049625228321641</MAXBAS>
    <Cet>0</Cet>
    <PCALT>10</PCALT>
    <TCALT>0.6</TCALT>
    <Pelev>3165</Pelev>
    <Telev>3224</Telev>
    <PART>0.5</PART>
    <DELAY>1</DELAY>
  </CatchmentParameters>
  <VegetationZone>
    <VegetationZoneParameters>
      <TT>0.84069616534389058</TT>
      <CFMAX>4.0125853439488512</CFMAX>
      <SP>0</SP>
      <SFCF>0.92018773695837786</SFCF>
      <CFR>0.0599233992056138</CFR>
      <CWH>0.10000007108456266</CWH>
      <CFGlacier>1</CFGlacier>
      <CFSlope>1</CFSlope>
      <FC>720.50932710379732</FC>
      <LP>0.8668001926004415</LP>
      <BETA>3.4515991398055581</BETA>
    </VegetationZoneParameters>
  </VegetationZone>
  <SubCatchment>
    <SubCatchmentParameters>
      <KSI>0.001</KSI>
      <KGmin>0.05</KGmin>
      <RangeKG>0.1</RangeKG>
      <AG>0.1</AG>
      <PERC>5.7818387294195306</PERC>
      <Alpha>0</Alpha>
      <UZL>194.14269934809514</UZL>
      <K0>0.47937801284761261</K0>
      <K1>0.0843860304517426</K1>
      <K2>0.1321460440464487</K2>
      <MAXBAS>1.0049625228321641</MAXBAS>
      <Cet>0</Cet>
      <PCALT>10</PCALT>
      <TCALT>0.6</TCALT>
      <Pelev>3165</Pelev>
      <Telev>3224</Telev>
      <PART>0.5</PART>
      <DELAY>1</DELAY>
    </SubCatchmentParameters>
    <SubCatchmentVegetationZone>
      <SubCatchmentVegetationZoneParameters>
        <TT>0.84069616534389058</TT>
        <CFMAX>4.0125853439488512</CFMAX>
        <SP>0</SP>
        <SFCF>0.92018773695837786</SFCF>
        <CFR>0.0599233992056138</CFR>
        <CWH>0.10000007108456266</CWH>
        <CFGlacier>1</CFGlacier>
        <CFSlope>1</CFSlope>
        <FC>720.50932710379732</FC>
        <LP>0.8668001926004415</LP>
        <BETA>3.4515991398055581</BETA>
      </SubCatchmentVegetationZoneParameters>
    </SubCatchmentVegetationZone>
  </SubCatchment>
</Catchment>