<?xml version="1.0" encoding="utf-8"?>
<Catchment xmlns:xsi="http://www.w3.org/2001/XMLSchema-instance" xmlns:xsd="http://www.w3.org/2001/XMLSchema">
  <CatchmentParameters>
    <KSI>0.001</KSI>
    <KGmin>0.05</KGmin>
    <RangeKG>0.1</RangeKG>
    <AG>0.1</AG>
    <PERC>0.30600189973313535</PERC>
    <Alpha>0</Alpha>
    <UZL>153.68165304322051</UZL>
    <K0>0.4570177580303173</K0>
    <K1>0.1146459439238013</K1>
    <K2>0.010000010397043886</K2>
    <MAXBAS>1</MAXBAS>
    <Cet>0</Cet>
    <PCALT>10</PCALT>
    <TCALT>0.6</TCALT>
    <Pelev>3165</Pelev>
    <Telev>3224</Telev>
    <PART>0.5</PART>
    <DELAY>1</DELAY>
  </CatchmentParameters>
  <VegetationZone>
    <VegetationZoneParameters>
      <TT>-0.95600641182043533</TT>
      <CFMAX>2.46232022130742</CFMAX>
      <SP>0</SP>
      <SFCF>1.0596092681866607</SFCF>
      <CFR>0.099998378487725872</CFR>
      <CWH>0.11341117330154504</CWH>
      <CFGlacier>1</CFGlacier>
      <CFSlope>1</CFSlope>
      <FC>793.48113254649729</FC>
      <LP>0.60394997911202475</LP>
      <BETA>2.2209452844234838</BETA>
    </VegetationZoneParameters>
  </VegetationZone>
  <SubCatchment>
    <SubCatchmentParameters>
      <KSI>0.001</KSI>
      <KGmin>0.05</KGmin>
      <RangeKG>0.1</RangeKG>
      <AG>0.1</AG>
      <PERC>0.30600189973313535</PERC>
      <Alpha>0</Alpha>
      <UZL>153.68165304322051</UZL>
      <K0>0.4570177580303173</K0>
      <K1>0.1146459439238013</K1>
      <K2>0.010000010397043886</K2>
      <MAXBAS>1</MAXBAS>
      <Cet>0</Cet>
      <PCALT>10</PCALT>
      <TCALT>0.6</TCALT>
      <Pelev>3165</Pelev>
      <Telev>3224</Telev>
      <PART>0.5</PART>
      <DELAY>1</DELAY>
    </SubCatchmentParameters>
    <SubCatchmentVegetationZone>
      <SubCatchmentVegetationZoneParameters>
        <TT>-0.95600641182043533</TT>
        <CFMAX>2.46232022130742</CFMAX>
        <SP>0</SP>
        <SFCF>1.0596092681866607</SFCF>
        <CFR>0.099998378487725872</CFR>
        <CWH>0.11341117330154504</CWH>
        <CFGlacier>1</CFGlacier>
        <CFSlope>1</CFSlope>
        <FC>793.48113254649729</FC>
        <LP>0.60394997911202475</LP>
        <BETA>2.2209452844234838</BETA>
      </SubCatchmentVegetationZoneParameters>
    </SubCatchmentVegetationZone>
  </SubCatchment>
</Catchment>