<?xml version="1.0" encoding="utf-8"?>
<Catchment xmlns:xsi="http://www.w3.org/2001/XMLSchema-instance" xmlns:xsd="http://www.w3.org/2001/XMLSchema">
  <CatchmentParameters>
    <KSI>0.001</KSI>
    <KGmin>0.05</KGmin>
    <RangeKG>0.1</RangeKG>
    <AG>0.1</AG>
    <PERC>5.6056944843703356</PERC>
    <Alpha>0</Alpha>
    <UZL>166.62448151919153</UZL>
    <K0>0.058352078908302039</K0>
    <K1>0.0870144860592173</K1>
    <K2>0.12555798319602213</K2>
    <MAXBAS>1.0050089608278296</MAXBAS>
    <Cet>0</Cet>
    <PCALT>10</PCALT>
    <TCALT>0.6</TCALT>
    <Pelev>3165</Pelev>
    <Telev>3224</Telev>
    <PART>0.5</PART>
    <DELAY>1</DELAY>
  </CatchmentParameters>
  <VegetationZone>
    <VegetationZoneParameters>
      <TT>0.56113317526447759</TT>
      <CFMAX>3.4717537640473886</CFMAX>
      <SP>0</SP>
      <SFCF>0.872345549047655</SFCF>
      <CFR>0.075584188208530356</CFR>
      <CWH>0.10000016141511561</CWH>
      <CFGlacier>1</CFGlacier>
      <CFSlope>1</CFSlope>
      <FC>561.22006495950166</FC>
      <LP>0.82619423305398143</LP>
      <BETA>3.5842012068668967</BETA>
    </VegetationZoneParameters>
  </VegetationZone>
  <SubCatchment>
    <SubCatchmentParameters>
      <KSI>0.001</KSI>
      <KGmin>0.05</KGmin>
      <RangeKG>0.1</RangeKG>
      <AG>0.1</AG>
      <PERC>5.6056944843703356</PERC>
      <Alpha>0</Alpha>
      <UZL>166.62448151919153</UZL>
      <K0>0.058352078908302039</K0>
      <K1>0.0870144860592173</K1>
      <K2>0.12555798319602213</K2>
      <MAXBAS>1.0050089608278296</MAXBAS>
      <Cet>0</Cet>
      <PCALT>10</PCALT>
      <TCALT>0.6</TCALT>
      <Pelev>3165</Pelev>
      <Telev>3224</Telev>
      <PART>0.5</PART>
      <DELAY>1</DELAY>
    </SubCatchmentParameters>
    <SubCatchmentVegetationZone>
      <SubCatchmentVegetationZoneParameters>
        <TT>0.56113317526447759</TT>
        <CFMAX>3.4717537640473886</CFMAX>
        <SP>0</SP>
        <SFCF>0.872345549047655</SFCF>
        <CFR>0.075584188208530356</CFR>
        <CWH>0.10000016141511561</CWH>
        <CFGlacier>1</CFGlacier>
        <CFSlope>1</CFSlope>
        <FC>561.22006495950166</FC>
        <LP>0.82619423305398143</LP>
        <BETA>3.5842012068668967</BETA>
      </SubCatchmentVegetationZoneParameters>
    </SubCatchmentVegetationZone>
  </SubCatchment>
</Catchment>