<?xml version="1.0" encoding="utf-8"?>
<Catchment xmlns:xsi="http://www.w3.org/2001/XMLSchema-instance" xmlns:xsd="http://www.w3.org/2001/XMLSchema">
  <CatchmentParameters>
    <KSI>0.001</KSI>
    <KGmin>0.05</KGmin>
    <RangeKG>0.1</RangeKG>
    <AG>0.1</AG>
    <PERC>0.31913263379710111</PERC>
    <Alpha>0</Alpha>
    <UZL>158.61382766946113</UZL>
    <K0>0.5784004367498321</K0>
    <K1>0.10868104365423863</K1>
    <K2>0.01721617323451629</K2>
    <MAXBAS>1</MAXBAS>
    <Cet>0</Cet>
    <PCALT>10</PCALT>
    <TCALT>0.6</TCALT>
    <Pelev>3165</Pelev>
    <Telev>3224</Telev>
    <PART>0.5</PART>
    <DELAY>1</DELAY>
  </CatchmentParameters>
  <VegetationZone>
    <VegetationZoneParameters>
      <TT>-0.15600120355002661</TT>
      <CFMAX>3.0904361344867262</CFMAX>
      <SP>0</SP>
      <SFCF>0.97999169283006171</SFCF>
      <CFR>0.099999431540727962</CFR>
      <CWH>0.13410521414984672</CWH>
      <CFGlacier>1</CFGlacier>
      <CFSlope>1</CFSlope>
      <FC>940.23661569601313</FC>
      <LP>0.73949355063833644</LP>
      <BETA>1.8022690640409185</BETA>
    </VegetationZoneParameters>
  </VegetationZone>
  <SubCatchment>
    <SubCatchmentParameters>
      <KSI>0.001</KSI>
      <KGmin>0.05</KGmin>
      <RangeKG>0.1</RangeKG>
      <AG>0.1</AG>
      <PERC>0.31913263379710111</PERC>
      <Alpha>0</Alpha>
      <UZL>158.61382766946113</UZL>
      <K0>0.5784004367498321</K0>
      <K1>0.10868104365423863</K1>
      <K2>0.01721617323451629</K2>
      <MAXBAS>1</MAXBAS>
      <Cet>0</Cet>
      <PCALT>10</PCALT>
      <TCALT>0.6</TCALT>
      <Pelev>3165</Pelev>
      <Telev>3224</Telev>
      <PART>0.5</PART>
      <DELAY>1</DELAY>
    </SubCatchmentParameters>
    <SubCatchmentVegetationZone>
      <SubCatchmentVegetationZoneParameters>
        <TT>-0.15600120355002661</TT>
        <CFMAX>3.0904361344867262</CFMAX>
        <SP>0</SP>
        <SFCF>0.97999169283006171</SFCF>
        <CFR>0.099999431540727962</CFR>
        <CWH>0.13410521414984672</CWH>
        <CFGlacier>1</CFGlacier>
        <CFSlope>1</CFSlope>
        <FC>940.23661569601313</FC>
        <LP>0.73949355063833644</LP>
        <BETA>1.8022690640409185</BETA>
      </SubCatchmentVegetationZoneParameters>
    </SubCatchmentVegetationZone>
  </SubCatchment>
</Catchment>