<?xml version="1.0" encoding="utf-8"?>
<Catchment xmlns:xsi="http://www.w3.org/2001/XMLSchema-instance" xmlns:xsd="http://www.w3.org/2001/XMLSchema">
  <CatchmentParameters>
    <KSI>0.001</KSI>
    <KGmin>0.05</KGmin>
    <RangeKG>0.1</RangeKG>
    <AG>0.1</AG>
    <PERC>0.26657860511223908</PERC>
    <Alpha>0</Alpha>
    <UZL>189.25143574694789</UZL>
    <K0>0.050041697159025053</K0>
    <K1>0.105752756957284</K1>
    <K2>0.010001782114852077</K2>
    <MAXBAS>1</MAXBAS>
    <Cet>0</Cet>
    <PCALT>10</PCALT>
    <TCALT>0.6</TCALT>
    <Pelev>3165</Pelev>
    <Telev>3224</Telev>
    <PART>0.5</PART>
    <DELAY>1</DELAY>
  </CatchmentParameters>
  <VegetationZone>
    <VegetationZoneParameters>
      <TT>-0.59730433848957631</TT>
      <CFMAX>2.8083612862507987</CFMAX>
      <SP>0</SP>
      <SFCF>1.0199601100527795</SFCF>
      <CFR>0.0999994542975484</CFR>
      <CWH>0.16262142578988123</CWH>
      <CFGlacier>1</CFGlacier>
      <CFSlope>1</CFSlope>
      <FC>959.09410152158989</FC>
      <LP>0.81402204799108846</LP>
      <BETA>2.639865672726</BETA>
    </VegetationZoneParameters>
  </VegetationZone>
  <SubCatchment>
    <SubCatchmentParameters>
      <KSI>0.001</KSI>
      <KGmin>0.05</KGmin>
      <RangeKG>0.1</RangeKG>
      <AG>0.1</AG>
      <PERC>0.26657860511223908</PERC>
      <Alpha>0</Alpha>
      <UZL>189.25143574694789</UZL>
      <K0>0.050041697159025053</K0>
      <K1>0.105752756957284</K1>
      <K2>0.010001782114852077</K2>
      <MAXBAS>1</MAXBAS>
      <Cet>0</Cet>
      <PCALT>10</PCALT>
      <TCALT>0.6</TCALT>
      <Pelev>3165</Pelev>
      <Telev>3224</Telev>
      <PART>0.5</PART>
      <DELAY>1</DELAY>
    </SubCatchmentParameters>
    <SubCatchmentVegetationZone>
      <SubCatchmentVegetationZoneParameters>
        <TT>-0.59730433848957631</TT>
        <CFMAX>2.8083612862507987</CFMAX>
        <SP>0</SP>
        <SFCF>1.0199601100527795</SFCF>
        <CFR>0.0999994542975484</CFR>
        <CWH>0.16262142578988123</CWH>
        <CFGlacier>1</CFGlacier>
        <CFSlope>1</CFSlope>
        <FC>959.09410152158989</FC>
        <LP>0.81402204799108846</LP>
        <BETA>2.639865672726</BETA>
      </SubCatchmentVegetationZoneParameters>
    </SubCatchmentVegetationZone>
  </SubCatchment>
</Catchment>