<?xml version="1.0" encoding="utf-8"?>
<Catchment xmlns:xsi="http://www.w3.org/2001/XMLSchema-instance" xmlns:xsd="http://www.w3.org/2001/XMLSchema">
  <CatchmentParameters>
    <KSI>0.001</KSI>
    <KGmin>0.05</KGmin>
    <RangeKG>0.1</RangeKG>
    <AG>0.1</AG>
    <PERC>5.8374020201605443</PERC>
    <Alpha>0</Alpha>
    <UZL>173.10752774800653</UZL>
    <K0>0.21314289080039436</K0>
    <K1>0.10042912595708886</K1>
    <K2>0.11639734475507263</K2>
    <MAXBAS>1.0000225990869345</MAXBAS>
    <Cet>0</Cet>
    <PCALT>10</PCALT>
    <TCALT>0.6</TCALT>
    <Pelev>3165</Pelev>
    <Telev>3224</Telev>
    <PART>0.5</PART>
    <DELAY>1</DELAY>
  </CatchmentParameters>
  <VegetationZone>
    <VegetationZoneParameters>
      <TT>1.0228728689875433</TT>
      <CFMAX>2.7468832862785693</CFMAX>
      <SP>0</SP>
      <SFCF>0.66246758136298078</SFCF>
      <CFR>0.057435211483137169</CFR>
      <CWH>0.11176273567929015</CWH>
      <CFGlacier>1</CFGlacier>
      <CFSlope>1</CFSlope>
      <FC>278.81706355766022</FC>
      <LP>0.88203118153832727</LP>
      <BETA>4.4876739047131267</BETA>
    </VegetationZoneParameters>
  </VegetationZone>
  <SubCatchment>
    <SubCatchmentParameters>
      <KSI>0.001</KSI>
      <KGmin>0.05</KGmin>
      <RangeKG>0.1</RangeKG>
      <AG>0.1</AG>
      <PERC>5.8374020201605443</PERC>
      <Alpha>0</Alpha>
      <UZL>173.10752774800653</UZL>
      <K0>0.21314289080039436</K0>
      <K1>0.10042912595708886</K1>
      <K2>0.11639734475507263</K2>
      <MAXBAS>1.0000225990869345</MAXBAS>
      <Cet>0</Cet>
      <PCALT>10</PCALT>
      <TCALT>0.6</TCALT>
      <Pelev>3165</Pelev>
      <Telev>3224</Telev>
      <PART>0.5</PART>
      <DELAY>1</DELAY>
    </SubCatchmentParameters>
    <SubCatchmentVegetationZone>
      <SubCatchmentVegetationZoneParameters>
        <TT>1.0228728689875433</TT>
        <CFMAX>2.7468832862785693</CFMAX>
        <SP>0</SP>
        <SFCF>0.66246758136298078</SFCF>
        <CFR>0.057435211483137169</CFR>
        <CWH>0.11176273567929015</CWH>
        <CFGlacier>1</CFGlacier>
        <CFSlope>1</CFSlope>
        <FC>278.81706355766022</FC>
        <LP>0.88203118153832727</LP>
        <BETA>4.4876739047131267</BETA>
      </SubCatchmentVegetationZoneParameters>
    </SubCatchmentVegetationZone>
  </SubCatchment>
</Catchment>