<?xml version="1.0" encoding="utf-8"?>
<Catchment xmlns:xsi="http://www.w3.org/2001/XMLSchema-instance" xmlns:xsd="http://www.w3.org/2001/XMLSchema">
  <CatchmentParameters>
    <KSI>0.001</KSI>
    <KGmin>0.05</KGmin>
    <RangeKG>0.1</RangeKG>
    <AG>0.1</AG>
    <PERC>0.33734780541361331</PERC>
    <Alpha>0</Alpha>
    <UZL>140.05796863626551</UZL>
    <K0>0.1196353263010758</K0>
    <K1>0.10663713750860815</K1>
    <K2>0.020744560742510965</K2>
    <MAXBAS>1</MAXBAS>
    <Cet>0</Cet>
    <PCALT>10</PCALT>
    <TCALT>0.6</TCALT>
    <Pelev>3165</Pelev>
    <Telev>3224</Telev>
    <PART>0.5</PART>
    <DELAY>1</DELAY>
  </CatchmentParameters>
  <VegetationZone>
    <VegetationZoneParameters>
      <TT>-0.83600455645491956</TT>
      <CFMAX>2.2279796243931962</CFMAX>
      <SP>0</SP>
      <SFCF>0.90042349467819094</SFCF>
      <CFR>0.099999866866094786</CFR>
      <CWH>0.17860655645783463</CWH>
      <CFGlacier>1</CFGlacier>
      <CFSlope>1</CFSlope>
      <FC>765.60818383989306</FC>
      <LP>0.88779167043323037</LP>
      <BETA>2.0767820829507118</BETA>
    </VegetationZoneParameters>
  </VegetationZone>
  <SubCatchment>
    <SubCatchmentParameters>
      <KSI>0.001</KSI>
      <KGmin>0.05</KGmin>
      <RangeKG>0.1</RangeKG>
      <AG>0.1</AG>
      <PERC>0.33734780541361331</PERC>
      <Alpha>0</Alpha>
      <UZL>140.05796863626551</UZL>
      <K0>0.1196353263010758</K0>
      <K1>0.10663713750860815</K1>
      <K2>0.020744560742510965</K2>
      <MAXBAS>1</MAXBAS>
      <Cet>0</Cet>
      <PCALT>10</PCALT>
      <TCALT>0.6</TCALT>
      <Pelev>3165</Pelev>
      <Telev>3224</Telev>
      <PART>0.5</PART>
      <DELAY>1</DELAY>
    </SubCatchmentParameters>
    <SubCatchmentVegetationZone>
      <SubCatchmentVegetationZoneParameters>
        <TT>-0.83600455645491956</TT>
        <CFMAX>2.2279796243931962</CFMAX>
        <SP>0</SP>
        <SFCF>0.90042349467819094</SFCF>
        <CFR>0.099999866866094786</CFR>
        <CWH>0.17860655645783463</CWH>
        <CFGlacier>1</CFGlacier>
        <CFSlope>1</CFSlope>
        <FC>765.60818383989306</FC>
        <LP>0.88779167043323037</LP>
        <BETA>2.0767820829507118</BETA>
      </SubCatchmentVegetationZoneParameters>
    </SubCatchmentVegetationZone>
  </SubCatchment>
</Catchment>