<?xml version="1.0" encoding="utf-8"?>
<Catchment xmlns:xsi="http://www.w3.org/2001/XMLSchema-instance" xmlns:xsd="http://www.w3.org/2001/XMLSchema">
  <CatchmentParameters>
    <KSI>0.001</KSI>
    <KGmin>0.05</KGmin>
    <RangeKG>0.1</RangeKG>
    <AG>0.1</AG>
    <PERC>0.28834211170641111</PERC>
    <Alpha>0</Alpha>
    <UZL>161.87956674292906</UZL>
    <K0>0.29009656692491781</K0>
    <K1>0.11776344036940512</K1>
    <K2>0.014054155795191986</K2>
    <MAXBAS>1</MAXBAS>
    <Cet>0</Cet>
    <PCALT>10</PCALT>
    <TCALT>0.6</TCALT>
    <Pelev>3165</Pelev>
    <Telev>3224</Telev>
    <PART>0.5</PART>
    <DELAY>1</DELAY>
  </CatchmentParameters>
  <VegetationZone>
    <VegetationZoneParameters>
      <TT>-1.4621093808778543</TT>
      <CFMAX>2.7496745943338716</CFMAX>
      <SP>0</SP>
      <SFCF>1.313194714250528</SFCF>
      <CFR>0.063588916529742814</CFR>
      <CWH>0.17201136764060049</CWH>
      <CFGlacier>1</CFGlacier>
      <CFSlope>1</CFSlope>
      <FC>1483.4571585545809</FC>
      <LP>0.45924593597380431</LP>
      <BETA>2.1521153073243178</BETA>
    </VegetationZoneParameters>
  </VegetationZone>
  <SubCatchment>
    <SubCatchmentParameters>
      <KSI>0.001</KSI>
      <KGmin>0.05</KGmin>
      <RangeKG>0.1</RangeKG>
      <AG>0.1</AG>
      <PERC>0.28834211170641111</PERC>
      <Alpha>0</Alpha>
      <UZL>161.87956674292906</UZL>
      <K0>0.29009656692491781</K0>
      <K1>0.11776344036940512</K1>
      <K2>0.014054155795191986</K2>
      <MAXBAS>1</MAXBAS>
      <Cet>0</Cet>
      <PCALT>10</PCALT>
      <TCALT>0.6</TCALT>
      <Pelev>3165</Pelev>
      <Telev>3224</Telev>
      <PART>0.5</PART>
      <DELAY>1</DELAY>
    </SubCatchmentParameters>
    <SubCatchmentVegetationZone>
      <SubCatchmentVegetationZoneParameters>
        <TT>-1.4621093808778543</TT>
        <CFMAX>2.7496745943338716</CFMAX>
        <SP>0</SP>
        <SFCF>1.313194714250528</SFCF>
        <CFR>0.063588916529742814</CFR>
        <CWH>0.17201136764060049</CWH>
        <CFGlacier>1</CFGlacier>
        <CFSlope>1</CFSlope>
        <FC>1483.4571585545809</FC>
        <LP>0.45924593597380431</LP>
        <BETA>2.1521153073243178</BETA>
      </SubCatchmentVegetationZoneParameters>
    </SubCatchmentVegetationZone>
  </SubCatchment>
</Catchment>