<?xml version="1.0" encoding="utf-8"?>
<Catchment xmlns:xsi="http://www.w3.org/2001/XMLSchema-instance" xmlns:xsd="http://www.w3.org/2001/XMLSchema">
  <CatchmentParameters>
    <KSI>0.001</KSI>
    <KGmin>0.05</KGmin>
    <RangeKG>0.1</RangeKG>
    <AG>0.1</AG>
    <PERC>0.25631698769340583</PERC>
    <Alpha>0</Alpha>
    <UZL>146.81665678871639</UZL>
    <K0>0.510916871567854</K0>
    <K1>0.11521127579106359</K1>
    <K2>0.010000137351170594</K2>
    <MAXBAS>1</MAXBAS>
    <Cet>0</Cet>
    <PCALT>10</PCALT>
    <TCALT>0.6</TCALT>
    <Pelev>3165</Pelev>
    <Telev>3224</Telev>
    <PART>0.5</PART>
    <DELAY>1</DELAY>
  </CatchmentParameters>
  <VegetationZone>
    <VegetationZoneParameters>
      <TT>-0.83600387360364</TT>
      <CFMAX>2.5996136990365346</CFMAX>
      <SP>0</SP>
      <SFCF>1.0452456261338925</SFCF>
      <CFR>0.09999988751305175</CFR>
      <CWH>0.1999993975824918</CWH>
      <CFGlacier>1</CFGlacier>
      <CFSlope>1</CFSlope>
      <FC>1062.9019727443449</FC>
      <LP>0.79493757061062</LP>
      <BETA>2.5873168348491258</BETA>
    </VegetationZoneParameters>
  </VegetationZone>
  <SubCatchment>
    <SubCatchmentParameters>
      <KSI>0.001</KSI>
      <KGmin>0.05</KGmin>
      <RangeKG>0.1</RangeKG>
      <AG>0.1</AG>
      <PERC>0.25631698769340583</PERC>
      <Alpha>0</Alpha>
      <UZL>146.81665678871639</UZL>
      <K0>0.510916871567854</K0>
      <K1>0.11521127579106359</K1>
      <K2>0.010000137351170594</K2>
      <MAXBAS>1</MAXBAS>
      <Cet>0</Cet>
      <PCALT>10</PCALT>
      <TCALT>0.6</TCALT>
      <Pelev>3165</Pelev>
      <Telev>3224</Telev>
      <PART>0.5</PART>
      <DELAY>1</DELAY>
    </SubCatchmentParameters>
    <SubCatchmentVegetationZone>
      <SubCatchmentVegetationZoneParameters>
        <TT>-0.83600387360364</TT>
        <CFMAX>2.5996136990365346</CFMAX>
        <SP>0</SP>
        <SFCF>1.0452456261338925</SFCF>
        <CFR>0.09999988751305175</CFR>
        <CWH>0.1999993975824918</CWH>
        <CFGlacier>1</CFGlacier>
        <CFSlope>1</CFSlope>
        <FC>1062.9019727443449</FC>
        <LP>0.79493757061062</LP>
        <BETA>2.5873168348491258</BETA>
      </SubCatchmentVegetationZoneParameters>
    </SubCatchmentVegetationZone>
  </SubCatchment>
</Catchment>