<?xml version="1.0" encoding="utf-8"?>
<Catchment xmlns:xsi="http://www.w3.org/2001/XMLSchema-instance" xmlns:xsd="http://www.w3.org/2001/XMLSchema">
  <CatchmentParameters>
    <KSI>0.001</KSI>
    <KGmin>0.05</KGmin>
    <RangeKG>0.1</RangeKG>
    <AG>0.1</AG>
    <PERC>0.2651243257550196</PERC>
    <Alpha>0</Alpha>
    <UZL>172.75747971800385</UZL>
    <K0>0.15675284393766731</K0>
    <K1>0.10871681165363778</K1>
    <K2>0.010000013643859643</K2>
    <MAXBAS>1</MAXBAS>
    <Cet>0</Cet>
    <PCALT>10</PCALT>
    <TCALT>0.6</TCALT>
    <Pelev>3165</Pelev>
    <Telev>3224</Telev>
    <PART>0.5</PART>
    <DELAY>1</DELAY>
  </CatchmentParameters>
  <VegetationZone>
    <VegetationZoneParameters>
      <TT>-0.26211261452488627</TT>
      <CFMAX>3.0851136625790527</CFMAX>
      <SP>0</SP>
      <SFCF>1.0099134494775446</SFCF>
      <CFR>0.099998121060300663</CFR>
      <CWH>0.13813701023609051</CWH>
      <CFGlacier>1</CFGlacier>
      <CFSlope>1</CFSlope>
      <FC>1045.7776633976023</FC>
      <LP>0.84477755272143829</LP>
      <BETA>2.6130843788663074</BETA>
    </VegetationZoneParameters>
  </VegetationZone>
  <SubCatchment>
    <SubCatchmentParameters>
      <KSI>0.001</KSI>
      <KGmin>0.05</KGmin>
      <RangeKG>0.1</RangeKG>
      <AG>0.1</AG>
      <PERC>0.2651243257550196</PERC>
      <Alpha>0</Alpha>
      <UZL>172.75747971800385</UZL>
      <K0>0.15675284393766731</K0>
      <K1>0.10871681165363778</K1>
      <K2>0.010000013643859643</K2>
      <MAXBAS>1</MAXBAS>
      <Cet>0</Cet>
      <PCALT>10</PCALT>
      <TCALT>0.6</TCALT>
      <Pelev>3165</Pelev>
      <Telev>3224</Telev>
      <PART>0.5</PART>
      <DELAY>1</DELAY>
    </SubCatchmentParameters>
    <SubCatchmentVegetationZone>
      <SubCatchmentVegetationZoneParameters>
        <TT>-0.26211261452488627</TT>
        <CFMAX>3.0851136625790527</CFMAX>
        <SP>0</SP>
        <SFCF>1.0099134494775446</SFCF>
        <CFR>0.099998121060300663</CFR>
        <CWH>0.13813701023609051</CWH>
        <CFGlacier>1</CFGlacier>
        <CFSlope>1</CFSlope>
        <FC>1045.7776633976023</FC>
        <LP>0.84477755272143829</LP>
        <BETA>2.6130843788663074</BETA>
      </SubCatchmentVegetationZoneParameters>
    </SubCatchmentVegetationZone>
  </SubCatchment>
</Catchment>