<?xml version="1.0" encoding="utf-8"?>
<Catchment xmlns:xsi="http://www.w3.org/2001/XMLSchema-instance" xmlns:xsd="http://www.w3.org/2001/XMLSchema">
  <CatchmentParameters>
    <KSI>0.001</KSI>
    <KGmin>0.05</KGmin>
    <RangeKG>0.1</RangeKG>
    <AG>0.1</AG>
    <PERC>0.30780692357690753</PERC>
    <Alpha>0</Alpha>
    <UZL>154.62541668508871</UZL>
    <K0>0.45223917967771449</K0>
    <K1>0.10047002091590346</K1>
    <K2>0.014995723129595229</K2>
    <MAXBAS>1</MAXBAS>
    <Cet>0</Cet>
    <PCALT>10</PCALT>
    <TCALT>0.6</TCALT>
    <Pelev>3165</Pelev>
    <Telev>3224</Telev>
    <PART>0.5</PART>
    <DELAY>1</DELAY>
  </CatchmentParameters>
  <VegetationZone>
    <VegetationZoneParameters>
      <TT>-2.1560081018668265</TT>
      <CFMAX>1.9986123328078547</CFMAX>
      <SP>0</SP>
      <SFCF>1.1355352640693974</SFCF>
      <CFR>0.099998511394821826</CFR>
      <CWH>0.19999839406128431</CWH>
      <CFGlacier>1</CFGlacier>
      <CFSlope>1</CFSlope>
      <FC>1215.0879376763216</FC>
      <LP>0.85916110828448078</LP>
      <BETA>3.9013326130920638</BETA>
    </VegetationZoneParameters>
  </VegetationZone>
  <SubCatchment>
    <SubCatchmentParameters>
      <KSI>0.001</KSI>
      <KGmin>0.05</KGmin>
      <RangeKG>0.1</RangeKG>
      <AG>0.1</AG>
      <PERC>0.30780692357690753</PERC>
      <Alpha>0</Alpha>
      <UZL>154.62541668508871</UZL>
      <K0>0.45223917967771449</K0>
      <K1>0.10047002091590346</K1>
      <K2>0.014995723129595229</K2>
      <MAXBAS>1</MAXBAS>
      <Cet>0</Cet>
      <PCALT>10</PCALT>
      <TCALT>0.6</TCALT>
      <Pelev>3165</Pelev>
      <Telev>3224</Telev>
      <PART>0.5</PART>
      <DELAY>1</DELAY>
    </SubCatchmentParameters>
    <SubCatchmentVegetationZone>
      <SubCatchmentVegetationZoneParameters>
        <TT>-2.1560081018668265</TT>
        <CFMAX>1.9986123328078547</CFMAX>
        <SP>0</SP>
        <SFCF>1.1355352640693974</SFCF>
        <CFR>0.099998511394821826</CFR>
        <CWH>0.19999839406128431</CWH>
        <CFGlacier>1</CFGlacier>
        <CFSlope>1</CFSlope>
        <FC>1215.0879376763216</FC>
        <LP>0.85916110828448078</LP>
        <BETA>3.9013326130920638</BETA>
      </SubCatchmentVegetationZoneParameters>
    </SubCatchmentVegetationZone>
  </SubCatchment>
</Catchment>