<?xml version="1.0" encoding="utf-8"?>
<Catchment xmlns:xsi="http://www.w3.org/2001/XMLSchema-instance" xmlns:xsd="http://www.w3.org/2001/XMLSchema">
  <CatchmentParameters>
    <KSI>0.001</KSI>
    <KGmin>0.05</KGmin>
    <RangeKG>0.1</RangeKG>
    <AG>0.1</AG>
    <PERC>5.44416144871552</PERC>
    <Alpha>0</Alpha>
    <UZL>123.46333366162733</UZL>
    <K0>0.41895851376540794</K0>
    <K1>0.084286867742545055</K1>
    <K2>0.1341042232044446</K2>
    <MAXBAS>1.0048240920803584</MAXBAS>
    <Cet>0</Cet>
    <PCALT>10</PCALT>
    <TCALT>0.6</TCALT>
    <Pelev>3165</Pelev>
    <Telev>3224</Telev>
    <PART>0.5</PART>
    <DELAY>1</DELAY>
  </CatchmentParameters>
  <VegetationZone>
    <VegetationZoneParameters>
      <TT>-0.75600320287420164</TT>
      <CFMAX>2.3963477445159533</CFMAX>
      <SP>0</SP>
      <SFCF>0.94651670821552614</SFCF>
      <CFR>0.099999874654160034</CFR>
      <CWH>0.10000046823895537</CWH>
      <CFGlacier>1</CFGlacier>
      <CFSlope>1</CFSlope>
      <FC>748.33538658597377</FC>
      <LP>0.89495971813049557</LP>
      <BETA>5.999999997118211</BETA>
    </VegetationZoneParameters>
  </VegetationZone>
  <SubCatchment>
    <SubCatchmentParameters>
      <KSI>0.001</KSI>
      <KGmin>0.05</KGmin>
      <RangeKG>0.1</RangeKG>
      <AG>0.1</AG>
      <PERC>5.44416144871552</PERC>
      <Alpha>0</Alpha>
      <UZL>123.46333366162733</UZL>
      <K0>0.41895851376540794</K0>
      <K1>0.084286867742545055</K1>
      <K2>0.1341042232044446</K2>
      <MAXBAS>1.0048240920803584</MAXBAS>
      <Cet>0</Cet>
      <PCALT>10</PCALT>
      <TCALT>0.6</TCALT>
      <Pelev>3165</Pelev>
      <Telev>3224</Telev>
      <PART>0.5</PART>
      <DELAY>1</DELAY>
    </SubCatchmentParameters>
    <SubCatchmentVegetationZone>
      <SubCatchmentVegetationZoneParameters>
        <TT>-0.75600320287420164</TT>
        <CFMAX>2.3963477445159533</CFMAX>
        <SP>0</SP>
        <SFCF>0.94651670821552614</SFCF>
        <CFR>0.099999874654160034</CFR>
        <CWH>0.10000046823895537</CWH>
        <CFGlacier>1</CFGlacier>
        <CFSlope>1</CFSlope>
        <FC>748.33538658597377</FC>
        <LP>0.89495971813049557</LP>
        <BETA>5.999999997118211</BETA>
      </SubCatchmentVegetationZoneParameters>
    </SubCatchmentVegetationZone>
  </SubCatchment>
</Catchment>