<?xml version="1.0" encoding="utf-8"?>
<Catchment xmlns:xsi="http://www.w3.org/2001/XMLSchema-instance" xmlns:xsd="http://www.w3.org/2001/XMLSchema">
  <CatchmentParameters>
    <KSI>0.001</KSI>
    <KGmin>0.05</KGmin>
    <RangeKG>0.1</RangeKG>
    <AG>0.1</AG>
    <PERC>0.25340834658893963</PERC>
    <Alpha>0</Alpha>
    <UZL>136.28831878841973</UZL>
    <K0>0.36989760940952027</K0>
    <K1>0.11494345623778027</K1>
    <K2>0.011304573260508072</K2>
    <MAXBAS>1</MAXBAS>
    <Cet>0</Cet>
    <PCALT>10</PCALT>
    <TCALT>0.6</TCALT>
    <Pelev>3165</Pelev>
    <Telev>3224</Telev>
    <PART>0.5</PART>
    <DELAY>1</DELAY>
  </CatchmentParameters>
  <VegetationZone>
    <VegetationZoneParameters>
      <TT>-1.2560031213977276</TT>
      <CFMAX>2.5042654392926615</CFMAX>
      <SP>0</SP>
      <SFCF>1.1427139019928092</SFCF>
      <CFR>0.099999390740656252</CFR>
      <CWH>0.19999957956310147</CWH>
      <CFGlacier>1</CFGlacier>
      <CFSlope>1</CFSlope>
      <FC>1216.3943850444503</FC>
      <LP>0.67967316735699979</LP>
      <BETA>2.4482327632760046</BETA>
    </VegetationZoneParameters>
  </VegetationZone>
  <SubCatchment>
    <SubCatchmentParameters>
      <KSI>0.001</KSI>
      <KGmin>0.05</KGmin>
      <RangeKG>0.1</RangeKG>
      <AG>0.1</AG>
      <PERC>0.25340834658893963</PERC>
      <Alpha>0</Alpha>
      <UZL>136.28831878841973</UZL>
      <K0>0.36989760940952027</K0>
      <K1>0.11494345623778027</K1>
      <K2>0.011304573260508072</K2>
      <MAXBAS>1</MAXBAS>
      <Cet>0</Cet>
      <PCALT>10</PCALT>
      <TCALT>0.6</TCALT>
      <Pelev>3165</Pelev>
      <Telev>3224</Telev>
      <PART>0.5</PART>
      <DELAY>1</DELAY>
    </SubCatchmentParameters>
    <SubCatchmentVegetationZone>
      <SubCatchmentVegetationZoneParameters>
        <TT>-1.2560031213977276</TT>
        <CFMAX>2.5042654392926615</CFMAX>
        <SP>0</SP>
        <SFCF>1.1427139019928092</SFCF>
        <CFR>0.099999390740656252</CFR>
        <CWH>0.19999957956310147</CWH>
        <CFGlacier>1</CFGlacier>
        <CFSlope>1</CFSlope>
        <FC>1216.3943850444503</FC>
        <LP>0.67967316735699979</LP>
        <BETA>2.4482327632760046</BETA>
      </SubCatchmentVegetationZoneParameters>
    </SubCatchmentVegetationZone>
  </SubCatchment>
</Catchment>