<?xml version="1.0" encoding="utf-8"?>
<Catchment xmlns:xsi="http://www.w3.org/2001/XMLSchema-instance" xmlns:xsd="http://www.w3.org/2001/XMLSchema">
  <CatchmentParameters>
    <KSI>0.001</KSI>
    <KGmin>0.05</KGmin>
    <RangeKG>0.1</RangeKG>
    <AG>0.1</AG>
    <PERC>6.4031679391750833</PERC>
    <Alpha>0</Alpha>
    <UZL>159.68698771211163</UZL>
    <K0>0.49974084950884146</K0>
    <K1>0.085167540085604246</K1>
    <K2>0.11218852133815969</K2>
    <MAXBAS>1.0018853335524487</MAXBAS>
    <Cet>0</Cet>
    <PCALT>10</PCALT>
    <TCALT>0.6</TCALT>
    <Pelev>3165</Pelev>
    <Telev>3224</Telev>
    <PART>0.5</PART>
    <DELAY>1</DELAY>
  </CatchmentParameters>
  <VegetationZone>
    <VegetationZoneParameters>
      <TT>0.38616545565480653</TT>
      <CFMAX>2.8148087466164369</CFMAX>
      <SP>0</SP>
      <SFCF>0.76517772993594091</SFCF>
      <CFR>0.0888309969235657</CFR>
      <CWH>0.10000000001620375</CWH>
      <CFGlacier>1</CFGlacier>
      <CFSlope>1</CFSlope>
      <FC>399.38808180805563</FC>
      <LP>0.88231562239001271</LP>
      <BETA>4.5533024414338747</BETA>
    </VegetationZoneParameters>
  </VegetationZone>
  <SubCatchment>
    <SubCatchmentParameters>
      <KSI>0.001</KSI>
      <KGmin>0.05</KGmin>
      <RangeKG>0.1</RangeKG>
      <AG>0.1</AG>
      <PERC>6.4031679391750833</PERC>
      <Alpha>0</Alpha>
      <UZL>159.68698771211163</UZL>
      <K0>0.49974084950884146</K0>
      <K1>0.085167540085604246</K1>
      <K2>0.11218852133815969</K2>
      <MAXBAS>1.0018853335524487</MAXBAS>
      <Cet>0</Cet>
      <PCALT>10</PCALT>
      <TCALT>0.6</TCALT>
      <Pelev>3165</Pelev>
      <Telev>3224</Telev>
      <PART>0.5</PART>
      <DELAY>1</DELAY>
    </SubCatchmentParameters>
    <SubCatchmentVegetationZone>
      <SubCatchmentVegetationZoneParameters>
        <TT>0.38616545565480653</TT>
        <CFMAX>2.8148087466164369</CFMAX>
        <SP>0</SP>
        <SFCF>0.76517772993594091</SFCF>
        <CFR>0.0888309969235657</CFR>
        <CWH>0.10000000001620375</CWH>
        <CFGlacier>1</CFGlacier>
        <CFSlope>1</CFSlope>
        <FC>399.38808180805563</FC>
        <LP>0.88231562239001271</LP>
        <BETA>4.5533024414338747</BETA>
      </SubCatchmentVegetationZoneParameters>
    </SubCatchmentVegetationZone>
  </SubCatchment>
</Catchment>