<?xml version="1.0" encoding="utf-8"?>
<Catchment xmlns:xsi="http://www.w3.org/2001/XMLSchema-instance" xmlns:xsd="http://www.w3.org/2001/XMLSchema">
  <CatchmentParameters>
    <KSI>0.001</KSI>
    <KGmin>0.05</KGmin>
    <RangeKG>0.1</RangeKG>
    <AG>0.1</AG>
    <PERC>0.26757636266529644</PERC>
    <Alpha>0</Alpha>
    <UZL>176.66033837711157</UZL>
    <K0>0.54362009254197974</K0>
    <K1>0.098299587922359558</K1>
    <K2>0.010000006743343016</K2>
    <MAXBAS>1</MAXBAS>
    <Cet>0</Cet>
    <PCALT>10</PCALT>
    <TCALT>0.6</TCALT>
    <Pelev>3165</Pelev>
    <Telev>3224</Telev>
    <PART>0.5</PART>
    <DELAY>1</DELAY>
  </CatchmentParameters>
  <VegetationZone>
    <VegetationZoneParameters>
      <TT>-0.39599682458997376</TT>
      <CFMAX>3.4007209195294803</CFMAX>
      <SP>0</SP>
      <SFCF>1.0668981162779545</SFCF>
      <CFR>0.099998483872917987</CFR>
      <CWH>0.12846746900314723</CWH>
      <CFGlacier>1</CFGlacier>
      <CFSlope>1</CFSlope>
      <FC>1296.8955926187296</FC>
      <LP>0.91231168135185869</LP>
      <BETA>3.7695750901257066</BETA>
    </VegetationZoneParameters>
  </VegetationZone>
  <SubCatchment>
    <SubCatchmentParameters>
      <KSI>0.001</KSI>
      <KGmin>0.05</KGmin>
      <RangeKG>0.1</RangeKG>
      <AG>0.1</AG>
      <PERC>0.26757636266529644</PERC>
      <Alpha>0</Alpha>
      <UZL>176.66033837711157</UZL>
      <K0>0.54362009254197974</K0>
      <K1>0.098299587922359558</K1>
      <K2>0.010000006743343016</K2>
      <MAXBAS>1</MAXBAS>
      <Cet>0</Cet>
      <PCALT>10</PCALT>
      <TCALT>0.6</TCALT>
      <Pelev>3165</Pelev>
      <Telev>3224</Telev>
      <PART>0.5</PART>
      <DELAY>1</DELAY>
    </SubCatchmentParameters>
    <SubCatchmentVegetationZone>
      <SubCatchmentVegetationZoneParameters>
        <TT>-0.39599682458997376</TT>
        <CFMAX>3.4007209195294803</CFMAX>
        <SP>0</SP>
        <SFCF>1.0668981162779545</SFCF>
        <CFR>0.099998483872917987</CFR>
        <CWH>0.12846746900314723</CWH>
        <CFGlacier>1</CFGlacier>
        <CFSlope>1</CFSlope>
        <FC>1296.8955926187296</FC>
        <LP>0.91231168135185869</LP>
        <BETA>3.7695750901257066</BETA>
      </SubCatchmentVegetationZoneParameters>
    </SubCatchmentVegetationZone>
  </SubCatchment>
</Catchment>