<?xml version="1.0" encoding="utf-8"?>
<Catchment xmlns:xsi="http://www.w3.org/2001/XMLSchema-instance" xmlns:xsd="http://www.w3.org/2001/XMLSchema">
  <CatchmentParameters>
    <KSI>0.001</KSI>
    <KGmin>0.05</KGmin>
    <RangeKG>0.1</RangeKG>
    <AG>0.1</AG>
    <PERC>5.9231366828964376</PERC>
    <Alpha>0</Alpha>
    <UZL>171.38128004250882</UZL>
    <K0>0.050385560958347023</K0>
    <K1>0.083583494416293619</K1>
    <K2>0.11493151422473948</K2>
    <MAXBAS>1.0047941220627936</MAXBAS>
    <Cet>0</Cet>
    <PCALT>10</PCALT>
    <TCALT>0.6</TCALT>
    <Pelev>3165</Pelev>
    <Telev>3224</Telev>
    <PART>0.5</PART>
    <DELAY>1</DELAY>
  </CatchmentParameters>
  <VegetationZone>
    <VegetationZoneParameters>
      <TT>0.53500232779765178</TT>
      <CFMAX>3.1310029107862776</CFMAX>
      <SP>0</SP>
      <SFCF>0.79921802473949111</SFCF>
      <CFR>0.078675713735009048</CFR>
      <CWH>0.10000034121053554</CWH>
      <CFGlacier>1</CFGlacier>
      <CFSlope>1</CFSlope>
      <FC>446.79309890862584</FC>
      <LP>0.8750322610345358</LP>
      <BETA>4.1323795170032014</BETA>
    </VegetationZoneParameters>
  </VegetationZone>
  <SubCatchment>
    <SubCatchmentParameters>
      <KSI>0.001</KSI>
      <KGmin>0.05</KGmin>
      <RangeKG>0.1</RangeKG>
      <AG>0.1</AG>
      <PERC>5.9231366828964376</PERC>
      <Alpha>0</Alpha>
      <UZL>171.38128004250882</UZL>
      <K0>0.050385560958347023</K0>
      <K1>0.083583494416293619</K1>
      <K2>0.11493151422473948</K2>
      <MAXBAS>1.0047941220627936</MAXBAS>
      <Cet>0</Cet>
      <PCALT>10</PCALT>
      <TCALT>0.6</TCALT>
      <Pelev>3165</Pelev>
      <Telev>3224</Telev>
      <PART>0.5</PART>
      <DELAY>1</DELAY>
    </SubCatchmentParameters>
    <SubCatchmentVegetationZone>
      <SubCatchmentVegetationZoneParameters>
        <TT>0.53500232779765178</TT>
        <CFMAX>3.1310029107862776</CFMAX>
        <SP>0</SP>
        <SFCF>0.79921802473949111</SFCF>
        <CFR>0.078675713735009048</CFR>
        <CWH>0.10000034121053554</CWH>
        <CFGlacier>1</CFGlacier>
        <CFSlope>1</CFSlope>
        <FC>446.79309890862584</FC>
        <LP>0.8750322610345358</LP>
        <BETA>4.1323795170032014</BETA>
      </SubCatchmentVegetationZoneParameters>
    </SubCatchmentVegetationZone>
  </SubCatchment>
</Catchment>