<?xml version="1.0" encoding="utf-8"?>
<Catchment xmlns:xsi="http://www.w3.org/2001/XMLSchema-instance" xmlns:xsd="http://www.w3.org/2001/XMLSchema">
  <CatchmentParameters>
    <KSI>0.001</KSI>
    <KGmin>0.05</KGmin>
    <RangeKG>0.1</RangeKG>
    <AG>0.1</AG>
    <PERC>5.9441022373887211</PERC>
    <Alpha>0</Alpha>
    <UZL>178.78177600220536</UZL>
    <K0>0.28612305798040533</K0>
    <K1>0.0948768430508398</K1>
    <K2>0.11612597341626747</K2>
    <MAXBAS>1.004832995980578</MAXBAS>
    <Cet>0</Cet>
    <PCALT>10</PCALT>
    <TCALT>0.6</TCALT>
    <Pelev>3165</Pelev>
    <Telev>3224</Telev>
    <PART>0.5</PART>
    <DELAY>1</DELAY>
  </CatchmentParameters>
  <VegetationZone>
    <VegetationZoneParameters>
      <TT>0.20399963006016472</TT>
      <CFMAX>2.5613921316969632</CFMAX>
      <SP>0</SP>
      <SFCF>0.75361411110351573</SFCF>
      <CFR>0.099989244052081386</CFR>
      <CWH>0.10077827647751074</CWH>
      <CFGlacier>1</CFGlacier>
      <CFSlope>1</CFSlope>
      <FC>353.64413367877239</FC>
      <LP>0.76577896490934538</LP>
      <BETA>4.49799765957256</BETA>
    </VegetationZoneParameters>
  </VegetationZone>
  <SubCatchment>
    <SubCatchmentParameters>
      <KSI>0.001</KSI>
      <KGmin>0.05</KGmin>
      <RangeKG>0.1</RangeKG>
      <AG>0.1</AG>
      <PERC>5.9441022373887211</PERC>
      <Alpha>0</Alpha>
      <UZL>178.78177600220536</UZL>
      <K0>0.28612305798040533</K0>
      <K1>0.0948768430508398</K1>
      <K2>0.11612597341626747</K2>
      <MAXBAS>1.004832995980578</MAXBAS>
      <Cet>0</Cet>
      <PCALT>10</PCALT>
      <TCALT>0.6</TCALT>
      <Pelev>3165</Pelev>
      <Telev>3224</Telev>
      <PART>0.5</PART>
      <DELAY>1</DELAY>
    </SubCatchmentParameters>
    <SubCatchmentVegetationZone>
      <SubCatchmentVegetationZoneParameters>
        <TT>0.20399963006016472</TT>
        <CFMAX>2.5613921316969632</CFMAX>
        <SP>0</SP>
        <SFCF>0.75361411110351573</SFCF>
        <CFR>0.099989244052081386</CFR>
        <CWH>0.10077827647751074</CWH>
        <CFGlacier>1</CFGlacier>
        <CFSlope>1</CFSlope>
        <FC>353.64413367877239</FC>
        <LP>0.76577896490934538</LP>
        <BETA>4.49799765957256</BETA>
      </SubCatchmentVegetationZoneParameters>
    </SubCatchmentVegetationZone>
  </SubCatchment>
</Catchment>