<?xml version="1.0" encoding="utf-8"?>
<Catchment xmlns:xsi="http://www.w3.org/2001/XMLSchema-instance" xmlns:xsd="http://www.w3.org/2001/XMLSchema">
  <CatchmentParameters>
    <KSI>0.001</KSI>
    <KGmin>0.05</KGmin>
    <RangeKG>0.1</RangeKG>
    <AG>0.1</AG>
    <PERC>0.2935272293690605</PERC>
    <Alpha>0</Alpha>
    <UZL>120.98736247059114</UZL>
    <K0>0.603516465358011</K0>
    <K1>0.11867373717422027</K1>
    <K2>0.01431900643844297</K2>
    <MAXBAS>1</MAXBAS>
    <Cet>0</Cet>
    <PCALT>10</PCALT>
    <TCALT>0.6</TCALT>
    <Pelev>3165</Pelev>
    <Telev>3224</Telev>
    <PART>0.5</PART>
    <DELAY>1</DELAY>
  </CatchmentParameters>
  <VegetationZone>
    <VegetationZoneParameters>
      <TT>-0.16764149102598078</TT>
      <CFMAX>2.6648119747804193</CFMAX>
      <SP>0</SP>
      <SFCF>0.94005041824851221</SFCF>
      <CFR>1.0894251335270783E-11</CFR>
      <CWH>0.19999915241215271</CWH>
      <CFGlacier>1</CFGlacier>
      <CFSlope>1</CFSlope>
      <FC>838.93375008606563</FC>
      <LP>0.73899648267783336</LP>
      <BETA>1.6454374040896465</BETA>
    </VegetationZoneParameters>
  </VegetationZone>
  <SubCatchment>
    <SubCatchmentParameters>
      <KSI>0.001</KSI>
      <KGmin>0.05</KGmin>
      <RangeKG>0.1</RangeKG>
      <AG>0.1</AG>
      <PERC>0.2935272293690605</PERC>
      <Alpha>0</Alpha>
      <UZL>120.98736247059114</UZL>
      <K0>0.603516465358011</K0>
      <K1>0.11867373717422027</K1>
      <K2>0.01431900643844297</K2>
      <MAXBAS>1</MAXBAS>
      <Cet>0</Cet>
      <PCALT>10</PCALT>
      <TCALT>0.6</TCALT>
      <Pelev>3165</Pelev>
      <Telev>3224</Telev>
      <PART>0.5</PART>
      <DELAY>1</DELAY>
    </SubCatchmentParameters>
    <SubCatchmentVegetationZone>
      <SubCatchmentVegetationZoneParameters>
        <TT>-0.16764149102598078</TT>
        <CFMAX>2.6648119747804193</CFMAX>
        <SP>0</SP>
        <SFCF>0.94005041824851221</SFCF>
        <CFR>1.0894251335270783E-11</CFR>
        <CWH>0.19999915241215271</CWH>
        <CFGlacier>1</CFGlacier>
        <CFSlope>1</CFSlope>
        <FC>838.93375008606563</FC>
        <LP>0.73899648267783336</LP>
        <BETA>1.6454374040896465</BETA>
      </SubCatchmentVegetationZoneParameters>
    </SubCatchmentVegetationZone>
  </SubCatchment>
</Catchment>