<?xml version="1.0" encoding="utf-8"?>
<Catchment xmlns:xsi="http://www.w3.org/2001/XMLSchema-instance" xmlns:xsd="http://www.w3.org/2001/XMLSchema">
  <CatchmentParameters>
    <KSI>0.001</KSI>
    <KGmin>0.05</KGmin>
    <RangeKG>0.1</RangeKG>
    <AG>0.1</AG>
    <PERC>0.25495140804860822</PERC>
    <Alpha>0</Alpha>
    <UZL>142.15468494336571</UZL>
    <K0>0.52030261792158328</K0>
    <K1>0.11651696697319446</K1>
    <K2>0.010000042864823189</K2>
    <MAXBAS>1</MAXBAS>
    <Cet>0</Cet>
    <PCALT>10</PCALT>
    <TCALT>0.6</TCALT>
    <Pelev>3165</Pelev>
    <Telev>3224</Telev>
    <PART>0.5</PART>
    <DELAY>1</DELAY>
  </CatchmentParameters>
  <VegetationZone>
    <VegetationZoneParameters>
      <TT>-0.96557251967571789</TT>
      <CFMAX>2.8580675842514545</CFMAX>
      <SP>0</SP>
      <SFCF>1.184850398353579</SFCF>
      <CFR>0.099999745750281782</CFR>
      <CWH>0.17902453356568462</CWH>
      <CFGlacier>1</CFGlacier>
      <CFSlope>1</CFSlope>
      <FC>1249.8166679845829</FC>
      <LP>0.598088335612338</LP>
      <BETA>2.2814132383837515</BETA>
    </VegetationZoneParameters>
  </VegetationZone>
  <SubCatchment>
    <SubCatchmentParameters>
      <KSI>0.001</KSI>
      <KGmin>0.05</KGmin>
      <RangeKG>0.1</RangeKG>
      <AG>0.1</AG>
      <PERC>0.25495140804860822</PERC>
      <Alpha>0</Alpha>
      <UZL>142.15468494336571</UZL>
      <K0>0.52030261792158328</K0>
      <K1>0.11651696697319446</K1>
      <K2>0.010000042864823189</K2>
      <MAXBAS>1</MAXBAS>
      <Cet>0</Cet>
      <PCALT>10</PCALT>
      <TCALT>0.6</TCALT>
      <Pelev>3165</Pelev>
      <Telev>3224</Telev>
      <PART>0.5</PART>
      <DELAY>1</DELAY>
    </SubCatchmentParameters>
    <SubCatchmentVegetationZone>
      <SubCatchmentVegetationZoneParameters>
        <TT>-0.96557251967571789</TT>
        <CFMAX>2.8580675842514545</CFMAX>
        <SP>0</SP>
        <SFCF>1.184850398353579</SFCF>
        <CFR>0.099999745750281782</CFR>
        <CWH>0.17902453356568462</CWH>
        <CFGlacier>1</CFGlacier>
        <CFSlope>1</CFSlope>
        <FC>1249.8166679845829</FC>
        <LP>0.598088335612338</LP>
        <BETA>2.2814132383837515</BETA>
      </SubCatchmentVegetationZoneParameters>
    </SubCatchmentVegetationZone>
  </SubCatchment>
</Catchment>