<?xml version="1.0" encoding="utf-8"?>
<Catchment xmlns:xsi="http://www.w3.org/2001/XMLSchema-instance" xmlns:xsd="http://www.w3.org/2001/XMLSchema">
  <CatchmentParameters>
    <KSI>0.001</KSI>
    <KGmin>0.05</KGmin>
    <RangeKG>0.1</RangeKG>
    <AG>0.1</AG>
    <PERC>6.5406730051650266</PERC>
    <Alpha>0</Alpha>
    <UZL>121.73771720491894</UZL>
    <K0>0.60573160456935449</K0>
    <K1>0.07977799943604777</K1>
    <K2>0.11148198670951395</K2>
    <MAXBAS>1.0045401570426513</MAXBAS>
    <Cet>0</Cet>
    <PCALT>10</PCALT>
    <TCALT>0.6</TCALT>
    <Pelev>3165</Pelev>
    <Telev>3224</Telev>
    <PART>0.5</PART>
    <DELAY>1</DELAY>
  </CatchmentParameters>
  <VegetationZone>
    <VegetationZoneParameters>
      <TT>1.4040098768740248</TT>
      <CFMAX>4.3331502496898873</CFMAX>
      <SP>0</SP>
      <SFCF>0.82514098273573178</SFCF>
      <CFR>0.035104007401305495</CFR>
      <CWH>0.10000000148565957</CWH>
      <CFGlacier>1</CFGlacier>
      <CFSlope>1</CFSlope>
      <FC>507.88682706932968</FC>
      <LP>0.90092106199549549</LP>
      <BETA>3.2846399471863745</BETA>
    </VegetationZoneParameters>
  </VegetationZone>
  <SubCatchment>
    <SubCatchmentParameters>
      <KSI>0.001</KSI>
      <KGmin>0.05</KGmin>
      <RangeKG>0.1</RangeKG>
      <AG>0.1</AG>
      <PERC>6.5406730051650266</PERC>
      <Alpha>0</Alpha>
      <UZL>121.73771720491894</UZL>
      <K0>0.60573160456935449</K0>
      <K1>0.07977799943604777</K1>
      <K2>0.11148198670951395</K2>
      <MAXBAS>1.0045401570426513</MAXBAS>
      <Cet>0</Cet>
      <PCALT>10</PCALT>
      <TCALT>0.6</TCALT>
      <Pelev>3165</Pelev>
      <Telev>3224</Telev>
      <PART>0.5</PART>
      <DELAY>1</DELAY>
    </SubCatchmentParameters>
    <SubCatchmentVegetationZone>
      <SubCatchmentVegetationZoneParameters>
        <TT>1.4040098768740248</TT>
        <CFMAX>4.3331502496898873</CFMAX>
        <SP>0</SP>
        <SFCF>0.82514098273573178</SFCF>
        <CFR>0.035104007401305495</CFR>
        <CWH>0.10000000148565957</CWH>
        <CFGlacier>1</CFGlacier>
        <CFSlope>1</CFSlope>
        <FC>507.88682706932968</FC>
        <LP>0.90092106199549549</LP>
        <BETA>3.2846399471863745</BETA>
      </SubCatchmentVegetationZoneParameters>
    </SubCatchmentVegetationZone>
  </SubCatchment>
</Catchment>