<?xml version="1.0" encoding="utf-8"?>
<Catchment xmlns:xsi="http://www.w3.org/2001/XMLSchema-instance" xmlns:xsd="http://www.w3.org/2001/XMLSchema">
  <CatchmentParameters>
    <KSI>0.001</KSI>
    <KGmin>0.05</KGmin>
    <RangeKG>0.1</RangeKG>
    <AG>0.1</AG>
    <PERC>6.0418858510496252</PERC>
    <Alpha>0</Alpha>
    <UZL>188.17927868830827</UZL>
    <K0>0.53619335180421746</K0>
    <K1>0.084565427517461655</K1>
    <K2>0.12513357056469135</K2>
    <MAXBAS>1.0072804206598831</MAXBAS>
    <Cet>0</Cet>
    <PCALT>10</PCALT>
    <TCALT>0.6</TCALT>
    <Pelev>3165</Pelev>
    <Telev>3224</Telev>
    <PART>0.5</PART>
    <DELAY>1</DELAY>
  </CatchmentParameters>
  <VegetationZone>
    <VegetationZoneParameters>
      <TT>1.1417881463896844</TT>
      <CFMAX>3.8985061062499988</CFMAX>
      <SP>0</SP>
      <SFCF>0.82990546310031632</SFCF>
      <CFR>0.04685534787405856</CFR>
      <CWH>0.10000045630874369</CWH>
      <CFGlacier>1</CFGlacier>
      <CFSlope>1</CFSlope>
      <FC>562.00725183251825</FC>
      <LP>0.9353008652099134</LP>
      <BETA>3.6032344879611635</BETA>
    </VegetationZoneParameters>
  </VegetationZone>
  <SubCatchment>
    <SubCatchmentParameters>
      <KSI>0.001</KSI>
      <KGmin>0.05</KGmin>
      <RangeKG>0.1</RangeKG>
      <AG>0.1</AG>
      <PERC>6.0418858510496252</PERC>
      <Alpha>0</Alpha>
      <UZL>188.17927868830827</UZL>
      <K0>0.53619335180421746</K0>
      <K1>0.084565427517461655</K1>
      <K2>0.12513357056469135</K2>
      <MAXBAS>1.0072804206598831</MAXBAS>
      <Cet>0</Cet>
      <PCALT>10</PCALT>
      <TCALT>0.6</TCALT>
      <Pelev>3165</Pelev>
      <Telev>3224</Telev>
      <PART>0.5</PART>
      <DELAY>1</DELAY>
    </SubCatchmentParameters>
    <SubCatchmentVegetationZone>
      <SubCatchmentVegetationZoneParameters>
        <TT>1.1417881463896844</TT>
        <CFMAX>3.8985061062499988</CFMAX>
        <SP>0</SP>
        <SFCF>0.82990546310031632</SFCF>
        <CFR>0.04685534787405856</CFR>
        <CWH>0.10000045630874369</CWH>
        <CFGlacier>1</CFGlacier>
        <CFSlope>1</CFSlope>
        <FC>562.00725183251825</FC>
        <LP>0.9353008652099134</LP>
        <BETA>3.6032344879611635</BETA>
      </SubCatchmentVegetationZoneParameters>
    </SubCatchmentVegetationZone>
  </SubCatchment>
</Catchment>