<?xml version="1.0" encoding="utf-8"?>
<Catchment xmlns:xsi="http://www.w3.org/2001/XMLSchema-instance" xmlns:xsd="http://www.w3.org/2001/XMLSchema">
  <CatchmentParameters>
    <KSI>0.001</KSI>
    <KGmin>0.05</KGmin>
    <RangeKG>0.1</RangeKG>
    <AG>0.1</AG>
    <PERC>0.29533975814974517</PERC>
    <Alpha>0</Alpha>
    <UZL>168.85532856871939</UZL>
    <K0>0.17444064358984115</K0>
    <K1>0.10835400396052662</K1>
    <K2>0.013212693627984997</K2>
    <MAXBAS>1</MAXBAS>
    <Cet>0</Cet>
    <PCALT>10</PCALT>
    <TCALT>0.6</TCALT>
    <Pelev>3165</Pelev>
    <Telev>3224</Telev>
    <PART>0.5</PART>
    <DELAY>1</DELAY>
  </CatchmentParameters>
  <VegetationZone>
    <VegetationZoneParameters>
      <TT>0.32776883485347047</TT>
      <CFMAX>3.6079710804946514</CFMAX>
      <SP>0</SP>
      <SFCF>0.97798454048332151</SFCF>
      <CFR>0.087652213229515719</CFR>
      <CWH>0.10000000320316434</CWH>
      <CFGlacier>1</CFGlacier>
      <CFSlope>1</CFSlope>
      <FC>911.74649279756682</FC>
      <LP>0.77228000569073052</LP>
      <BETA>2.0227130859030007</BETA>
    </VegetationZoneParameters>
  </VegetationZone>
  <SubCatchment>
    <SubCatchmentParameters>
      <KSI>0.001</KSI>
      <KGmin>0.05</KGmin>
      <RangeKG>0.1</RangeKG>
      <AG>0.1</AG>
      <PERC>0.29533975814974517</PERC>
      <Alpha>0</Alpha>
      <UZL>168.85532856871939</UZL>
      <K0>0.17444064358984115</K0>
      <K1>0.10835400396052662</K1>
      <K2>0.013212693627984997</K2>
      <MAXBAS>1</MAXBAS>
      <Cet>0</Cet>
      <PCALT>10</PCALT>
      <TCALT>0.6</TCALT>
      <Pelev>3165</Pelev>
      <Telev>3224</Telev>
      <PART>0.5</PART>
      <DELAY>1</DELAY>
    </SubCatchmentParameters>
    <SubCatchmentVegetationZone>
      <SubCatchmentVegetationZoneParameters>
        <TT>0.32776883485347047</TT>
        <CFMAX>3.6079710804946514</CFMAX>
        <SP>0</SP>
        <SFCF>0.97798454048332151</SFCF>
        <CFR>0.087652213229515719</CFR>
        <CWH>0.10000000320316434</CWH>
        <CFGlacier>1</CFGlacier>
        <CFSlope>1</CFSlope>
        <FC>911.74649279756682</FC>
        <LP>0.77228000569073052</LP>
        <BETA>2.0227130859030007</BETA>
      </SubCatchmentVegetationZoneParameters>
    </SubCatchmentVegetationZone>
  </SubCatchment>
</Catchment>