<?xml version="1.0" encoding="utf-8"?>
<Catchment xmlns:xsi="http://www.w3.org/2001/XMLSchema-instance" xmlns:xsd="http://www.w3.org/2001/XMLSchema">
  <CatchmentParameters>
    <KSI>0.001</KSI>
    <KGmin>0.05</KGmin>
    <RangeKG>0.1</RangeKG>
    <AG>0.1</AG>
    <PERC>0.32335878606841473</PERC>
    <Alpha>0</Alpha>
    <UZL>134.75123188119116</UZL>
    <K0>0.28806219233918728</K0>
    <K1>0.11659692301075308</K1>
    <K2>0.019751612972723435</K2>
    <MAXBAS>1</MAXBAS>
    <Cet>0</Cet>
    <PCALT>10</PCALT>
    <TCALT>0.6</TCALT>
    <Pelev>3165</Pelev>
    <Telev>3224</Telev>
    <PART>0.5</PART>
    <DELAY>1</DELAY>
  </CatchmentParameters>
  <VegetationZone>
    <VegetationZoneParameters>
      <TT>-1.3960007807524195</TT>
      <CFMAX>2.3455505104479561</CFMAX>
      <SP>0</SP>
      <SFCF>1.110531421700965</SFCF>
      <CFR>0.099999992939249119</CFR>
      <CWH>0.1835587426677564</CWH>
      <CFGlacier>1</CFGlacier>
      <CFSlope>1</CFSlope>
      <FC>1162.3507096457709</FC>
      <LP>0.68518826006433753</LP>
      <BETA>2.2263578466238383</BETA>
    </VegetationZoneParameters>
  </VegetationZone>
  <SubCatchment>
    <SubCatchmentParameters>
      <KSI>0.001</KSI>
      <KGmin>0.05</KGmin>
      <RangeKG>0.1</RangeKG>
      <AG>0.1</AG>
      <PERC>0.32335878606841473</PERC>
      <Alpha>0</Alpha>
      <UZL>134.75123188119116</UZL>
      <K0>0.28806219233918728</K0>
      <K1>0.11659692301075308</K1>
      <K2>0.019751612972723435</K2>
      <MAXBAS>1</MAXBAS>
      <Cet>0</Cet>
      <PCALT>10</PCALT>
      <TCALT>0.6</TCALT>
      <Pelev>3165</Pelev>
      <Telev>3224</Telev>
      <PART>0.5</PART>
      <DELAY>1</DELAY>
    </SubCatchmentParameters>
    <SubCatchmentVegetationZone>
      <SubCatchmentVegetationZoneParameters>
        <TT>-1.3960007807524195</TT>
        <CFMAX>2.3455505104479561</CFMAX>
        <SP>0</SP>
        <SFCF>1.110531421700965</SFCF>
        <CFR>0.099999992939249119</CFR>
        <CWH>0.1835587426677564</CWH>
        <CFGlacier>1</CFGlacier>
        <CFSlope>1</CFSlope>
        <FC>1162.3507096457709</FC>
        <LP>0.68518826006433753</LP>
        <BETA>2.2263578466238383</BETA>
      </SubCatchmentVegetationZoneParameters>
    </SubCatchmentVegetationZone>
  </SubCatchment>
</Catchment>