<?xml version="1.0" encoding="utf-8"?>
<Catchment xmlns:xsi="http://www.w3.org/2001/XMLSchema-instance" xmlns:xsd="http://www.w3.org/2001/XMLSchema">
  <CatchmentParameters>
    <KSI>0.001</KSI>
    <KGmin>0.05</KGmin>
    <RangeKG>0.1</RangeKG>
    <AG>0.1</AG>
    <PERC>9.9995751437380953</PERC>
    <Alpha>0</Alpha>
    <UZL>169.55452637853441</UZL>
    <K0>0.587842620172742</K0>
    <K1>0.11035623477027363</K1>
    <K2>0.095947337865763566</K2>
    <MAXBAS>1.0000000106813569</MAXBAS>
    <Cet>0</Cet>
    <PCALT>10</PCALT>
    <TCALT>0.6</TCALT>
    <Pelev>3165</Pelev>
    <Telev>3224</Telev>
    <PART>0.5</PART>
    <DELAY>1</DELAY>
  </CatchmentParameters>
  <VegetationZone>
    <VegetationZoneParameters>
      <TT>0.704414115332475</TT>
      <CFMAX>2.7349126290532917</CFMAX>
      <SP>0</SP>
      <SFCF>0.69830252706677332</SFCF>
      <CFR>0.072547304735613258</CFR>
      <CWH>0.10608166926625903</CWH>
      <CFGlacier>1</CFGlacier>
      <CFSlope>1</CFSlope>
      <FC>309.62744701229457</FC>
      <LP>0.916232962564552</LP>
      <BETA>4.8170767219947823</BETA>
    </VegetationZoneParameters>
  </VegetationZone>
  <SubCatchment>
    <SubCatchmentParameters>
      <KSI>0.001</KSI>
      <KGmin>0.05</KGmin>
      <RangeKG>0.1</RangeKG>
      <AG>0.1</AG>
      <PERC>9.9995751437380953</PERC>
      <Alpha>0</Alpha>
      <UZL>169.55452637853441</UZL>
      <K0>0.587842620172742</K0>
      <K1>0.11035623477027363</K1>
      <K2>0.095947337865763566</K2>
      <MAXBAS>1.0000000106813569</MAXBAS>
      <Cet>0</Cet>
      <PCALT>10</PCALT>
      <TCALT>0.6</TCALT>
      <Pelev>3165</Pelev>
      <Telev>3224</Telev>
      <PART>0.5</PART>
      <DELAY>1</DELAY>
    </SubCatchmentParameters>
    <SubCatchmentVegetationZone>
      <SubCatchmentVegetationZoneParameters>
        <TT>0.704414115332475</TT>
        <CFMAX>2.7349126290532917</CFMAX>
        <SP>0</SP>
        <SFCF>0.69830252706677332</SFCF>
        <CFR>0.072547304735613258</CFR>
        <CWH>0.10608166926625903</CWH>
        <CFGlacier>1</CFGlacier>
        <CFSlope>1</CFSlope>
        <FC>309.62744701229457</FC>
        <LP>0.916232962564552</LP>
        <BETA>4.8170767219947823</BETA>
      </SubCatchmentVegetationZoneParameters>
    </SubCatchmentVegetationZone>
  </SubCatchment>
</Catchment>