<?xml version="1.0" encoding="utf-8"?>
<Catchment xmlns:xsi="http://www.w3.org/2001/XMLSchema-instance" xmlns:xsd="http://www.w3.org/2001/XMLSchema">
  <CatchmentParameters>
    <KSI>0.001</KSI>
    <KGmin>0.05</KGmin>
    <RangeKG>0.1</RangeKG>
    <AG>0.1</AG>
    <PERC>0.26355928533831846</PERC>
    <Alpha>0</Alpha>
    <UZL>146.38723104610054</UZL>
    <K0>0.55643049933450128</K0>
    <K1>0.10450457185159243</K1>
    <K2>0.010002813398360615</K2>
    <MAXBAS>1</MAXBAS>
    <Cet>0</Cet>
    <PCALT>10</PCALT>
    <TCALT>0.6</TCALT>
    <Pelev>3165</Pelev>
    <Telev>3224</Telev>
    <PART>0.5</PART>
    <DELAY>1</DELAY>
  </CatchmentParameters>
  <VegetationZone>
    <VegetationZoneParameters>
      <TT>0.14399872542926009</TT>
      <CFMAX>3.6933570431324023</CFMAX>
      <SP>0</SP>
      <SFCF>1.0355808459226605</SFCF>
      <CFR>0.074445592669382554</CFR>
      <CWH>0.15855335830892339</CWH>
      <CFGlacier>1</CFGlacier>
      <CFSlope>1</CFSlope>
      <FC>1008.5024213742078</FC>
      <LP>0.675738449726058</LP>
      <BETA>1.8741875871186662</BETA>
    </VegetationZoneParameters>
  </VegetationZone>
  <SubCatchment>
    <SubCatchmentParameters>
      <KSI>0.001</KSI>
      <KGmin>0.05</KGmin>
      <RangeKG>0.1</RangeKG>
      <AG>0.1</AG>
      <PERC>0.26355928533831846</PERC>
      <Alpha>0</Alpha>
      <UZL>146.38723104610054</UZL>
      <K0>0.55643049933450128</K0>
      <K1>0.10450457185159243</K1>
      <K2>0.010002813398360615</K2>
      <MAXBAS>1</MAXBAS>
      <Cet>0</Cet>
      <PCALT>10</PCALT>
      <TCALT>0.6</TCALT>
      <Pelev>3165</Pelev>
      <Telev>3224</Telev>
      <PART>0.5</PART>
      <DELAY>1</DELAY>
    </SubCatchmentParameters>
    <SubCatchmentVegetationZone>
      <SubCatchmentVegetationZoneParameters>
        <TT>0.14399872542926009</TT>
        <CFMAX>3.6933570431324023</CFMAX>
        <SP>0</SP>
        <SFCF>1.0355808459226605</SFCF>
        <CFR>0.074445592669382554</CFR>
        <CWH>0.15855335830892339</CWH>
        <CFGlacier>1</CFGlacier>
        <CFSlope>1</CFSlope>
        <FC>1008.5024213742078</FC>
        <LP>0.675738449726058</LP>
        <BETA>1.8741875871186662</BETA>
      </SubCatchmentVegetationZoneParameters>
    </SubCatchmentVegetationZone>
  </SubCatchment>
</Catchment>