<?xml version="1.0" encoding="utf-8"?>
<Catchment xmlns:xsi="http://www.w3.org/2001/XMLSchema-instance" xmlns:xsd="http://www.w3.org/2001/XMLSchema">
  <CatchmentParameters>
    <KSI>0.001</KSI>
    <KGmin>0.05</KGmin>
    <RangeKG>0.1</RangeKG>
    <AG>0.1</AG>
    <PERC>0.2677672069213472</PERC>
    <Alpha>0</Alpha>
    <UZL>155.91058207182874</UZL>
    <K0>0.13909040997931277</K0>
    <K1>0.10926156604306964</K1>
    <K2>0.010000003005834869</K2>
    <MAXBAS>1</MAXBAS>
    <Cet>0</Cet>
    <PCALT>10</PCALT>
    <TCALT>0.6</TCALT>
    <Pelev>3165</Pelev>
    <Telev>3224</Telev>
    <PART>0.5</PART>
    <DELAY>1</DELAY>
  </CatchmentParameters>
  <VegetationZone>
    <VegetationZoneParameters>
      <TT>0.040288243921363077</TT>
      <CFMAX>3.740185384181113</CFMAX>
      <SP>0</SP>
      <SFCF>1.0802511337909653</SFCF>
      <CFR>0.099998588267372179</CFR>
      <CWH>0.10000032662422956</CWH>
      <CFGlacier>1</CFGlacier>
      <CFSlope>1</CFSlope>
      <FC>1288.43106934564</FC>
      <LP>0.80010022537197845</LP>
      <BETA>2.8852610411061312</BETA>
    </VegetationZoneParameters>
  </VegetationZone>
  <SubCatchment>
    <SubCatchmentParameters>
      <KSI>0.001</KSI>
      <KGmin>0.05</KGmin>
      <RangeKG>0.1</RangeKG>
      <AG>0.1</AG>
      <PERC>0.2677672069213472</PERC>
      <Alpha>0</Alpha>
      <UZL>155.91058207182874</UZL>
      <K0>0.13909040997931277</K0>
      <K1>0.10926156604306964</K1>
      <K2>0.010000003005834869</K2>
      <MAXBAS>1</MAXBAS>
      <Cet>0</Cet>
      <PCALT>10</PCALT>
      <TCALT>0.6</TCALT>
      <Pelev>3165</Pelev>
      <Telev>3224</Telev>
      <PART>0.5</PART>
      <DELAY>1</DELAY>
    </SubCatchmentParameters>
    <SubCatchmentVegetationZone>
      <SubCatchmentVegetationZoneParameters>
        <TT>0.040288243921363077</TT>
        <CFMAX>3.740185384181113</CFMAX>
        <SP>0</SP>
        <SFCF>1.0802511337909653</SFCF>
        <CFR>0.099998588267372179</CFR>
        <CWH>0.10000032662422956</CWH>
        <CFGlacier>1</CFGlacier>
        <CFSlope>1</CFSlope>
        <FC>1288.43106934564</FC>
        <LP>0.80010022537197845</LP>
        <BETA>2.8852610411061312</BETA>
      </SubCatchmentVegetationZoneParameters>
    </SubCatchmentVegetationZone>
  </SubCatchment>
</Catchment>