<?xml version="1.0" encoding="utf-8"?>
<Catchment xmlns:xsi="http://www.w3.org/2001/XMLSchema-instance" xmlns:xsd="http://www.w3.org/2001/XMLSchema">
  <CatchmentParameters>
    <KSI>0.001</KSI>
    <KGmin>0.05</KGmin>
    <RangeKG>0.1</RangeKG>
    <AG>0.1</AG>
    <PERC>0.26022770136380557</PERC>
    <Alpha>0</Alpha>
    <UZL>174.8882750354569</UZL>
    <K0>0.93579681865935793</K0>
    <K1>0.099261352451360266</K1>
    <K2>0.010000013207819373</K2>
    <MAXBAS>1</MAXBAS>
    <Cet>0</Cet>
    <PCALT>10</PCALT>
    <TCALT>0.6</TCALT>
    <Pelev>3165</Pelev>
    <Telev>3224</Telev>
    <PART>0.5</PART>
    <DELAY>1</DELAY>
  </CatchmentParameters>
  <VegetationZone>
    <VegetationZoneParameters>
      <TT>-0.97873819463486866</TT>
      <CFMAX>2.969973152500172</CFMAX>
      <SP>0</SP>
      <SFCF>1.1608418127393192</SFCF>
      <CFR>0.060884543252169757</CFR>
      <CWH>0.19311317838924907</CWH>
      <CFGlacier>1</CFGlacier>
      <CFSlope>1</CFSlope>
      <FC>1391.3624370021548</FC>
      <LP>0.80638489680136594</LP>
      <BETA>3.6028618841252489</BETA>
    </VegetationZoneParameters>
  </VegetationZone>
  <SubCatchment>
    <SubCatchmentParameters>
      <KSI>0.001</KSI>
      <KGmin>0.05</KGmin>
      <RangeKG>0.1</RangeKG>
      <AG>0.1</AG>
      <PERC>0.26022770136380557</PERC>
      <Alpha>0</Alpha>
      <UZL>174.8882750354569</UZL>
      <K0>0.93579681865935793</K0>
      <K1>0.099261352451360266</K1>
      <K2>0.010000013207819373</K2>
      <MAXBAS>1</MAXBAS>
      <Cet>0</Cet>
      <PCALT>10</PCALT>
      <TCALT>0.6</TCALT>
      <Pelev>3165</Pelev>
      <Telev>3224</Telev>
      <PART>0.5</PART>
      <DELAY>1</DELAY>
    </SubCatchmentParameters>
    <SubCatchmentVegetationZone>
      <SubCatchmentVegetationZoneParameters>
        <TT>-0.97873819463486866</TT>
        <CFMAX>2.969973152500172</CFMAX>
        <SP>0</SP>
        <SFCF>1.1608418127393192</SFCF>
        <CFR>0.060884543252169757</CFR>
        <CWH>0.19311317838924907</CWH>
        <CFGlacier>1</CFGlacier>
        <CFSlope>1</CFSlope>
        <FC>1391.3624370021548</FC>
        <LP>0.80638489680136594</LP>
        <BETA>3.6028618841252489</BETA>
      </SubCatchmentVegetationZoneParameters>
    </SubCatchmentVegetationZone>
  </SubCatchment>
</Catchment>