<?xml version="1.0" encoding="utf-8"?>
<Catchment xmlns:xsi="http://www.w3.org/2001/XMLSchema-instance" xmlns:xsd="http://www.w3.org/2001/XMLSchema">
  <CatchmentParameters>
    <KSI>0.001</KSI>
    <KGmin>0.05</KGmin>
    <RangeKG>0.1</RangeKG>
    <AG>0.1</AG>
    <PERC>0.2765349886086878</PERC>
    <Alpha>0</Alpha>
    <UZL>147.68286043676787</UZL>
    <K0>0.28018048673203655</K0>
    <K1>0.11054495955914483</K1>
    <K2>0.013019570503670183</K2>
    <MAXBAS>1</MAXBAS>
    <Cet>0</Cet>
    <PCALT>10</PCALT>
    <TCALT>0.6</TCALT>
    <Pelev>3165</Pelev>
    <Telev>3224</Telev>
    <PART>0.5</PART>
    <DELAY>1</DELAY>
  </CatchmentParameters>
  <VegetationZone>
    <VegetationZoneParameters>
      <TT>-0.056003784234906227</TT>
      <CFMAX>3.2353214916978712</CFMAX>
      <SP>0</SP>
      <SFCF>1.000631020326554</SFCF>
      <CFR>0.099998957298964242</CFR>
      <CWH>0.16528310973337737</CWH>
      <CFGlacier>1</CFGlacier>
      <CFSlope>1</CFSlope>
      <FC>979.77169322382485</FC>
      <LP>0.69374390206373671</LP>
      <BETA>1.7308883738226581</BETA>
    </VegetationZoneParameters>
  </VegetationZone>
  <SubCatchment>
    <SubCatchmentParameters>
      <KSI>0.001</KSI>
      <KGmin>0.05</KGmin>
      <RangeKG>0.1</RangeKG>
      <AG>0.1</AG>
      <PERC>0.2765349886086878</PERC>
      <Alpha>0</Alpha>
      <UZL>147.68286043676787</UZL>
      <K0>0.28018048673203655</K0>
      <K1>0.11054495955914483</K1>
      <K2>0.013019570503670183</K2>
      <MAXBAS>1</MAXBAS>
      <Cet>0</Cet>
      <PCALT>10</PCALT>
      <TCALT>0.6</TCALT>
      <Pelev>3165</Pelev>
      <Telev>3224</Telev>
      <PART>0.5</PART>
      <DELAY>1</DELAY>
    </SubCatchmentParameters>
    <SubCatchmentVegetationZone>
      <SubCatchmentVegetationZoneParameters>
        <TT>-0.056003784234906227</TT>
        <CFMAX>3.2353214916978712</CFMAX>
        <SP>0</SP>
        <SFCF>1.000631020326554</SFCF>
        <CFR>0.099998957298964242</CFR>
        <CWH>0.16528310973337737</CWH>
        <CFGlacier>1</CFGlacier>
        <CFSlope>1</CFSlope>
        <FC>979.77169322382485</FC>
        <LP>0.69374390206373671</LP>
        <BETA>1.7308883738226581</BETA>
      </SubCatchmentVegetationZoneParameters>
    </SubCatchmentVegetationZone>
  </SubCatchment>
</Catchment>