<?xml version="1.0" encoding="utf-8"?>
<Catchment xmlns:xsi="http://www.w3.org/2001/XMLSchema-instance" xmlns:xsd="http://www.w3.org/2001/XMLSchema">
  <CatchmentParameters>
    <KSI>0.001</KSI>
    <KGmin>0.05</KGmin>
    <RangeKG>0.1</RangeKG>
    <AG>0.1</AG>
    <PERC>0.2497356755300448</PERC>
    <Alpha>0</Alpha>
    <UZL>117.8451245039749</UZL>
    <K0>0.48148497138699342</K0>
    <K1>0.12274008201626327</K1>
    <K2>0.0100000068569777</K2>
    <MAXBAS>1</MAXBAS>
    <Cet>0</Cet>
    <PCALT>10</PCALT>
    <TCALT>0.6</TCALT>
    <Pelev>3165</Pelev>
    <Telev>3224</Telev>
    <PART>0.5</PART>
    <DELAY>1</DELAY>
  </CatchmentParameters>
  <VegetationZone>
    <VegetationZoneParameters>
      <TT>-1.0470379303149673</TT>
      <CFMAX>2.6888714728333518</CFMAX>
      <SP>0</SP>
      <SFCF>1.1778557841816464</SFCF>
      <CFR>0.099999254579197741</CFR>
      <CWH>0.19999739937276367</CWH>
      <CFGlacier>1</CFGlacier>
      <CFSlope>1</CFSlope>
      <FC>1256.338428874702</FC>
      <LP>0.52160658191943032</LP>
      <BETA>1.8321234011493668</BETA>
    </VegetationZoneParameters>
  </VegetationZone>
  <SubCatchment>
    <SubCatchmentParameters>
      <KSI>0.001</KSI>
      <KGmin>0.05</KGmin>
      <RangeKG>0.1</RangeKG>
      <AG>0.1</AG>
      <PERC>0.2497356755300448</PERC>
      <Alpha>0</Alpha>
      <UZL>117.8451245039749</UZL>
      <K0>0.48148497138699342</K0>
      <K1>0.12274008201626327</K1>
      <K2>0.0100000068569777</K2>
      <MAXBAS>1</MAXBAS>
      <Cet>0</Cet>
      <PCALT>10</PCALT>
      <TCALT>0.6</TCALT>
      <Pelev>3165</Pelev>
      <Telev>3224</Telev>
      <PART>0.5</PART>
      <DELAY>1</DELAY>
    </SubCatchmentParameters>
    <SubCatchmentVegetationZone>
      <SubCatchmentVegetationZoneParameters>
        <TT>-1.0470379303149673</TT>
        <CFMAX>2.6888714728333518</CFMAX>
        <SP>0</SP>
        <SFCF>1.1778557841816464</SFCF>
        <CFR>0.099999254579197741</CFR>
        <CWH>0.19999739937276367</CWH>
        <CFGlacier>1</CFGlacier>
        <CFSlope>1</CFSlope>
        <FC>1256.338428874702</FC>
        <LP>0.52160658191943032</LP>
        <BETA>1.8321234011493668</BETA>
      </SubCatchmentVegetationZoneParameters>
    </SubCatchmentVegetationZone>
  </SubCatchment>
</Catchment>