<?xml version="1.0" encoding="utf-8"?>
<Catchment xmlns:xsi="http://www.w3.org/2001/XMLSchema-instance" xmlns:xsd="http://www.w3.org/2001/XMLSchema">
  <CatchmentParameters>
    <KSI>0.001</KSI>
    <KGmin>0.05</KGmin>
    <RangeKG>0.1</RangeKG>
    <AG>0.1</AG>
    <PERC>6.635184692373393</PERC>
    <Alpha>0</Alpha>
    <UZL>114.94358458264357</UZL>
    <K0>0.54723289777753548</K0>
    <K1>0.078631645649594933</K1>
    <K2>0.11125222742983756</K2>
    <MAXBAS>1.0043745407596665</MAXBAS>
    <Cet>0</Cet>
    <PCALT>10</PCALT>
    <TCALT>0.6</TCALT>
    <Pelev>3165</Pelev>
    <Telev>3224</Telev>
    <PART>0.5</PART>
    <DELAY>1</DELAY>
  </CatchmentParameters>
  <VegetationZone>
    <VegetationZoneParameters>
      <TT>0.10399861721425115</TT>
      <CFMAX>2.8528741483685391</CFMAX>
      <SP>0</SP>
      <SFCF>0.81648948417578071</SFCF>
      <CFR>0.099999625207015191</CFR>
      <CWH>0.10000000090217247</CWH>
      <CFGlacier>1</CFGlacier>
      <CFSlope>1</CFSlope>
      <FC>526.06288744451308</FC>
      <LP>0.99286609947585269</LP>
      <BETA>5.2448335569777118</BETA>
    </VegetationZoneParameters>
  </VegetationZone>
  <SubCatchment>
    <SubCatchmentParameters>
      <KSI>0.001</KSI>
      <KGmin>0.05</KGmin>
      <RangeKG>0.1</RangeKG>
      <AG>0.1</AG>
      <PERC>6.635184692373393</PERC>
      <Alpha>0</Alpha>
      <UZL>114.94358458264357</UZL>
      <K0>0.54723289777753548</K0>
      <K1>0.078631645649594933</K1>
      <K2>0.11125222742983756</K2>
      <MAXBAS>1.0043745407596665</MAXBAS>
      <Cet>0</Cet>
      <PCALT>10</PCALT>
      <TCALT>0.6</TCALT>
      <Pelev>3165</Pelev>
      <Telev>3224</Telev>
      <PART>0.5</PART>
      <DELAY>1</DELAY>
    </SubCatchmentParameters>
    <SubCatchmentVegetationZone>
      <SubCatchmentVegetationZoneParameters>
        <TT>0.10399861721425115</TT>
        <CFMAX>2.8528741483685391</CFMAX>
        <SP>0</SP>
        <SFCF>0.81648948417578071</SFCF>
        <CFR>0.099999625207015191</CFR>
        <CWH>0.10000000090217247</CWH>
        <CFGlacier>1</CFGlacier>
        <CFSlope>1</CFSlope>
        <FC>526.06288744451308</FC>
        <LP>0.99286609947585269</LP>
        <BETA>5.2448335569777118</BETA>
      </SubCatchmentVegetationZoneParameters>
    </SubCatchmentVegetationZone>
  </SubCatchment>
</Catchment>