<?xml version="1.0" encoding="utf-8"?>
<Catchment xmlns:xsi="http://www.w3.org/2001/XMLSchema-instance" xmlns:xsd="http://www.w3.org/2001/XMLSchema">
  <CatchmentParameters>
    <KSI>0.001</KSI>
    <KGmin>0.05</KGmin>
    <RangeKG>0.1</RangeKG>
    <AG>0.1</AG>
    <PERC>7.586942329247103</PERC>
    <Alpha>0</Alpha>
    <UZL>132.33873518284617</UZL>
    <K0>0.14541733780718003</K0>
    <K1>0.088772375757154742</K1>
    <K2>0.11556341565910916</K2>
    <MAXBAS>1.0000895999343618</MAXBAS>
    <Cet>0</Cet>
    <PCALT>10</PCALT>
    <TCALT>0.6</TCALT>
    <Pelev>3165</Pelev>
    <Telev>3224</Telev>
    <PART>0.5</PART>
    <DELAY>1</DELAY>
  </CatchmentParameters>
  <VegetationZone>
    <VegetationZoneParameters>
      <TT>1.4039964633043149</TT>
      <CFMAX>3.9226192679305796</CFMAX>
      <SP>0</SP>
      <SFCF>0.78003300580492718</SFCF>
      <CFR>0.036217874820944053</CFR>
      <CWH>0.10000018258912573</CWH>
      <CFGlacier>1</CFGlacier>
      <CFSlope>1</CFSlope>
      <FC>481.726157451432</FC>
      <LP>0.99998873518909537</LP>
      <BETA>3.6016989771314041</BETA>
    </VegetationZoneParameters>
  </VegetationZone>
  <SubCatchment>
    <SubCatchmentParameters>
      <KSI>0.001</KSI>
      <KGmin>0.05</KGmin>
      <RangeKG>0.1</RangeKG>
      <AG>0.1</AG>
      <PERC>7.586942329247103</PERC>
      <Alpha>0</Alpha>
      <UZL>132.33873518284617</UZL>
      <K0>0.14541733780718003</K0>
      <K1>0.088772375757154742</K1>
      <K2>0.11556341565910916</K2>
      <MAXBAS>1.0000895999343618</MAXBAS>
      <Cet>0</Cet>
      <PCALT>10</PCALT>
      <TCALT>0.6</TCALT>
      <Pelev>3165</Pelev>
      <Telev>3224</Telev>
      <PART>0.5</PART>
      <DELAY>1</DELAY>
    </SubCatchmentParameters>
    <SubCatchmentVegetationZone>
      <SubCatchmentVegetationZoneParameters>
        <TT>1.4039964633043149</TT>
        <CFMAX>3.9226192679305796</CFMAX>
        <SP>0</SP>
        <SFCF>0.78003300580492718</SFCF>
        <CFR>0.036217874820944053</CFR>
        <CWH>0.10000018258912573</CWH>
        <CFGlacier>1</CFGlacier>
        <CFSlope>1</CFSlope>
        <FC>481.726157451432</FC>
        <LP>0.99998873518909537</LP>
        <BETA>3.6016989771314041</BETA>
      </SubCatchmentVegetationZoneParameters>
    </SubCatchmentVegetationZone>
  </SubCatchment>
</Catchment>