<?xml version="1.0" encoding="utf-8"?>
<Catchment xmlns:xsi="http://www.w3.org/2001/XMLSchema-instance" xmlns:xsd="http://www.w3.org/2001/XMLSchema">
  <CatchmentParameters>
    <KSI>0.001</KSI>
    <KGmin>0.05</KGmin>
    <RangeKG>0.1</RangeKG>
    <AG>0.1</AG>
    <PERC>5.80621287244923</PERC>
    <Alpha>0</Alpha>
    <UZL>144.79459988962219</UZL>
    <K0>0.07959098472993667</K0>
    <K1>0.083035917326852851</K1>
    <K2>0.12002641340981474</K2>
    <MAXBAS>1.0047816987473677</MAXBAS>
    <Cet>0</Cet>
    <PCALT>10</PCALT>
    <TCALT>0.6</TCALT>
    <Pelev>3165</Pelev>
    <Telev>3224</Telev>
    <PART>0.5</PART>
    <DELAY>1</DELAY>
  </CatchmentParameters>
  <VegetationZone>
    <VegetationZoneParameters>
      <TT>0.60399971046306888</TT>
      <CFMAX>3.3723254126836606</CFMAX>
      <SP>0</SP>
      <SFCF>0.8402830075220401</SFCF>
      <CFR>0.073848657672146767</CFR>
      <CWH>0.10000018095015739</CWH>
      <CFGlacier>1</CFGlacier>
      <CFSlope>1</CFSlope>
      <FC>473.20405840877049</FC>
      <LP>0.76903311965849674</LP>
      <BETA>3.5505230387926665</BETA>
    </VegetationZoneParameters>
  </VegetationZone>
  <SubCatchment>
    <SubCatchmentParameters>
      <KSI>0.001</KSI>
      <KGmin>0.05</KGmin>
      <RangeKG>0.1</RangeKG>
      <AG>0.1</AG>
      <PERC>5.80621287244923</PERC>
      <Alpha>0</Alpha>
      <UZL>144.79459988962219</UZL>
      <K0>0.07959098472993667</K0>
      <K1>0.083035917326852851</K1>
      <K2>0.12002641340981474</K2>
      <MAXBAS>1.0047816987473677</MAXBAS>
      <Cet>0</Cet>
      <PCALT>10</PCALT>
      <TCALT>0.6</TCALT>
      <Pelev>3165</Pelev>
      <Telev>3224</Telev>
      <PART>0.5</PART>
      <DELAY>1</DELAY>
    </SubCatchmentParameters>
    <SubCatchmentVegetationZone>
      <SubCatchmentVegetationZoneParameters>
        <TT>0.60399971046306888</TT>
        <CFMAX>3.3723254126836606</CFMAX>
        <SP>0</SP>
        <SFCF>0.8402830075220401</SFCF>
        <CFR>0.073848657672146767</CFR>
        <CWH>0.10000018095015739</CWH>
        <CFGlacier>1</CFGlacier>
        <CFSlope>1</CFSlope>
        <FC>473.20405840877049</FC>
        <LP>0.76903311965849674</LP>
        <BETA>3.5505230387926665</BETA>
      </SubCatchmentVegetationZoneParameters>
    </SubCatchmentVegetationZone>
  </SubCatchment>
</Catchment>