<?xml version="1.0" encoding="utf-8"?>
<Catchment xmlns:xsi="http://www.w3.org/2001/XMLSchema-instance" xmlns:xsd="http://www.w3.org/2001/XMLSchema">
  <CatchmentParameters>
    <KSI>0.001</KSI>
    <KGmin>0.05</KGmin>
    <RangeKG>0.1</RangeKG>
    <AG>0.1</AG>
    <PERC>0.71234103780104963</PERC>
    <Alpha>0</Alpha>
    <UZL>146.3434037576472</UZL>
    <K0>0.29104355479215954</K0>
    <K1>0.10196161368581957</K1>
    <K2>0.067474574123114556</K2>
    <MAXBAS>1.0000559403307856</MAXBAS>
    <Cet>0</Cet>
    <PCALT>10</PCALT>
    <TCALT>0.6</TCALT>
    <Pelev>3165</Pelev>
    <Telev>3224</Telev>
    <PART>0.5</PART>
    <DELAY>1</DELAY>
  </CatchmentParameters>
  <VegetationZone>
    <VegetationZoneParameters>
      <TT>-0.39600149299752718</TT>
      <CFMAX>2.1855139238091046</CFMAX>
      <SP>0</SP>
      <SFCF>0.7977730583354572</SFCF>
      <CFR>0.099999650653295163</CFR>
      <CWH>0.14480073479677588</CWH>
      <CFGlacier>1</CFGlacier>
      <CFSlope>1</CFSlope>
      <FC>485.75007458904145</FC>
      <LP>0.95963511121672462</LP>
      <BETA>5.5010617714471941</BETA>
    </VegetationZoneParameters>
  </VegetationZone>
  <SubCatchment>
    <SubCatchmentParameters>
      <KSI>0.001</KSI>
      <KGmin>0.05</KGmin>
      <RangeKG>0.1</RangeKG>
      <AG>0.1</AG>
      <PERC>0.71234103780104963</PERC>
      <Alpha>0</Alpha>
      <UZL>146.3434037576472</UZL>
      <K0>0.29104355479215954</K0>
      <K1>0.10196161368581957</K1>
      <K2>0.067474574123114556</K2>
      <MAXBAS>1.0000559403307856</MAXBAS>
      <Cet>0</Cet>
      <PCALT>10</PCALT>
      <TCALT>0.6</TCALT>
      <Pelev>3165</Pelev>
      <Telev>3224</Telev>
      <PART>0.5</PART>
      <DELAY>1</DELAY>
    </SubCatchmentParameters>
    <SubCatchmentVegetationZone>
      <SubCatchmentVegetationZoneParameters>
        <TT>-0.39600149299752718</TT>
        <CFMAX>2.1855139238091046</CFMAX>
        <SP>0</SP>
        <SFCF>0.7977730583354572</SFCF>
        <CFR>0.099999650653295163</CFR>
        <CWH>0.14480073479677588</CWH>
        <CFGlacier>1</CFGlacier>
        <CFSlope>1</CFSlope>
        <FC>485.75007458904145</FC>
        <LP>0.95963511121672462</LP>
        <BETA>5.5010617714471941</BETA>
      </SubCatchmentVegetationZoneParameters>
    </SubCatchmentVegetationZone>
  </SubCatchment>
</Catchment>