<?xml version="1.0" encoding="utf-8"?>
<Catchment xmlns:xsi="http://www.w3.org/2001/XMLSchema-instance" xmlns:xsd="http://www.w3.org/2001/XMLSchema">
  <CatchmentParameters>
    <KSI>0.001</KSI>
    <KGmin>0.05</KGmin>
    <RangeKG>0.1</RangeKG>
    <AG>0.1</AG>
    <PERC>0.26936288924191926</PERC>
    <Alpha>0</Alpha>
    <UZL>140.15945390620013</UZL>
    <K0>0.49686116012579407</K0>
    <K1>0.11757132515280548</K1>
    <K2>0.010000000173791563</K2>
    <MAXBAS>1</MAXBAS>
    <Cet>0</Cet>
    <PCALT>10</PCALT>
    <TCALT>0.6</TCALT>
    <Pelev>3165</Pelev>
    <Telev>3224</Telev>
    <PART>0.5</PART>
    <DELAY>1</DELAY>
  </CatchmentParameters>
  <VegetationZone>
    <VegetationZoneParameters>
      <TT>-0.26221109610789883</TT>
      <CFMAX>3.3120871369592417</CFMAX>
      <SP>0</SP>
      <SFCF>1.14512575978071</SFCF>
      <CFR>0.016855713368310678</CFR>
      <CWH>0.10172134296565383</CWH>
      <CFGlacier>1</CFGlacier>
      <CFSlope>1</CFSlope>
      <FC>1383.1602444458886</FC>
      <LP>0.73029468212347448</LP>
      <BETA>2.9183185704275227</BETA>
    </VegetationZoneParameters>
  </VegetationZone>
  <SubCatchment>
    <SubCatchmentParameters>
      <KSI>0.001</KSI>
      <KGmin>0.05</KGmin>
      <RangeKG>0.1</RangeKG>
      <AG>0.1</AG>
      <PERC>0.26936288924191926</PERC>
      <Alpha>0</Alpha>
      <UZL>140.15945390620013</UZL>
      <K0>0.49686116012579407</K0>
      <K1>0.11757132515280548</K1>
      <K2>0.010000000173791563</K2>
      <MAXBAS>1</MAXBAS>
      <Cet>0</Cet>
      <PCALT>10</PCALT>
      <TCALT>0.6</TCALT>
      <Pelev>3165</Pelev>
      <Telev>3224</Telev>
      <PART>0.5</PART>
      <DELAY>1</DELAY>
    </SubCatchmentParameters>
    <SubCatchmentVegetationZone>
      <SubCatchmentVegetationZoneParameters>
        <TT>-0.26221109610789883</TT>
        <CFMAX>3.3120871369592417</CFMAX>
        <SP>0</SP>
        <SFCF>1.14512575978071</SFCF>
        <CFR>0.016855713368310678</CFR>
        <CWH>0.10172134296565383</CWH>
        <CFGlacier>1</CFGlacier>
        <CFSlope>1</CFSlope>
        <FC>1383.1602444458886</FC>
        <LP>0.73029468212347448</LP>
        <BETA>2.9183185704275227</BETA>
      </SubCatchmentVegetationZoneParameters>
    </SubCatchmentVegetationZone>
  </SubCatchment>
</Catchment>