<?xml version="1.0" encoding="utf-8"?>
<Catchment xmlns:xsi="http://www.w3.org/2001/XMLSchema-instance" xmlns:xsd="http://www.w3.org/2001/XMLSchema">
  <CatchmentParameters>
    <KSI>0.001</KSI>
    <KGmin>0.05</KGmin>
    <RangeKG>0.1</RangeKG>
    <AG>0.1</AG>
    <PERC>9.8500290918329529</PERC>
    <Alpha>0</Alpha>
    <UZL>184.48237153447869</UZL>
    <K0>0.35529587237917981</K0>
    <K1>0.133488729454788</K1>
    <K2>0.091482685675860029</K2>
    <MAXBAS>1.005040066161377</MAXBAS>
    <Cet>0</Cet>
    <PCALT>10</PCALT>
    <TCALT>0.6</TCALT>
    <Pelev>3165</Pelev>
    <Telev>3224</Telev>
    <PART>0.5</PART>
    <DELAY>1</DELAY>
  </CatchmentParameters>
  <VegetationZone>
    <VegetationZoneParameters>
      <TT>-0.45600033069803608</TT>
      <CFMAX>2.2249320168953184</CFMAX>
      <SP>0</SP>
      <SFCF>0.82525244916210316</SFCF>
      <CFR>0.099999880465075824</CFR>
      <CWH>0.11425755240793903</CWH>
      <CFGlacier>1</CFGlacier>
      <CFSlope>1</CFSlope>
      <FC>461.661328019765</FC>
      <LP>0.85189292360836844</LP>
      <BETA>5.4897096515636807</BETA>
    </VegetationZoneParameters>
  </VegetationZone>
  <SubCatchment>
    <SubCatchmentParameters>
      <KSI>0.001</KSI>
      <KGmin>0.05</KGmin>
      <RangeKG>0.1</RangeKG>
      <AG>0.1</AG>
      <PERC>9.8500290918329529</PERC>
      <Alpha>0</Alpha>
      <UZL>184.48237153447869</UZL>
      <K0>0.35529587237917981</K0>
      <K1>0.133488729454788</K1>
      <K2>0.091482685675860029</K2>
      <MAXBAS>1.005040066161377</MAXBAS>
      <Cet>0</Cet>
      <PCALT>10</PCALT>
      <TCALT>0.6</TCALT>
      <Pelev>3165</Pelev>
      <Telev>3224</Telev>
      <PART>0.5</PART>
      <DELAY>1</DELAY>
    </SubCatchmentParameters>
    <SubCatchmentVegetationZone>
      <SubCatchmentVegetationZoneParameters>
        <TT>-0.45600033069803608</TT>
        <CFMAX>2.2249320168953184</CFMAX>
        <SP>0</SP>
        <SFCF>0.82525244916210316</SFCF>
        <CFR>0.099999880465075824</CFR>
        <CWH>0.11425755240793903</CWH>
        <CFGlacier>1</CFGlacier>
        <CFSlope>1</CFSlope>
        <FC>461.661328019765</FC>
        <LP>0.85189292360836844</LP>
        <BETA>5.4897096515636807</BETA>
      </SubCatchmentVegetationZoneParameters>
    </SubCatchmentVegetationZone>
  </SubCatchment>
</Catchment>