<?xml version="1.0" encoding="utf-8"?>
<Catchment xmlns:xsi="http://www.w3.org/2001/XMLSchema-instance" xmlns:xsd="http://www.w3.org/2001/XMLSchema">
  <CatchmentParameters>
    <KSI>0.001</KSI>
    <KGmin>0.05</KGmin>
    <RangeKG>0.1</RangeKG>
    <AG>0.1</AG>
    <PERC>0.26775462043872705</PERC>
    <Alpha>0</Alpha>
    <UZL>131.02038439312474</UZL>
    <K0>0.28884212074873755</K0>
    <K1>0.11754250074199056</K1>
    <K2>0.010000037629002078</K2>
    <MAXBAS>1</MAXBAS>
    <Cet>0</Cet>
    <PCALT>10</PCALT>
    <TCALT>0.6</TCALT>
    <Pelev>3165</Pelev>
    <Telev>3224</Telev>
    <PART>0.5</PART>
    <DELAY>1</DELAY>
  </CatchmentParameters>
  <VegetationZone>
    <VegetationZoneParameters>
      <TT>-0.45603400693832219</TT>
      <CFMAX>2.8291703924854272</CFMAX>
      <SP>0</SP>
      <SFCF>1.0136238122166745</SFCF>
      <CFR>0.0999998329341509</CFR>
      <CWH>0.19999906814672153</CWH>
      <CFGlacier>1</CFGlacier>
      <CFSlope>1</CFSlope>
      <FC>943.09419242948388</FC>
      <LP>0.72534921169936462</LP>
      <BETA>2.0346851413355629</BETA>
    </VegetationZoneParameters>
  </VegetationZone>
  <SubCatchment>
    <SubCatchmentParameters>
      <KSI>0.001</KSI>
      <KGmin>0.05</KGmin>
      <RangeKG>0.1</RangeKG>
      <AG>0.1</AG>
      <PERC>0.26775462043872705</PERC>
      <Alpha>0</Alpha>
      <UZL>131.02038439312474</UZL>
      <K0>0.28884212074873755</K0>
      <K1>0.11754250074199056</K1>
      <K2>0.010000037629002078</K2>
      <MAXBAS>1</MAXBAS>
      <Cet>0</Cet>
      <PCALT>10</PCALT>
      <TCALT>0.6</TCALT>
      <Pelev>3165</Pelev>
      <Telev>3224</Telev>
      <PART>0.5</PART>
      <DELAY>1</DELAY>
    </SubCatchmentParameters>
    <SubCatchmentVegetationZone>
      <SubCatchmentVegetationZoneParameters>
        <TT>-0.45603400693832219</TT>
        <CFMAX>2.8291703924854272</CFMAX>
        <SP>0</SP>
        <SFCF>1.0136238122166745</SFCF>
        <CFR>0.0999998329341509</CFR>
        <CWH>0.19999906814672153</CWH>
        <CFGlacier>1</CFGlacier>
        <CFSlope>1</CFSlope>
        <FC>943.09419242948388</FC>
        <LP>0.72534921169936462</LP>
        <BETA>2.0346851413355629</BETA>
      </SubCatchmentVegetationZoneParameters>
    </SubCatchmentVegetationZone>
  </SubCatchment>
</Catchment>