<?xml version="1.0" encoding="utf-8"?>
<Catchment xmlns:xsi="http://www.w3.org/2001/XMLSchema-instance" xmlns:xsd="http://www.w3.org/2001/XMLSchema">
  <CatchmentParameters>
    <KSI>0.001</KSI>
    <KGmin>0.05</KGmin>
    <RangeKG>0.1</RangeKG>
    <AG>0.1</AG>
    <PERC>6.0260197528166461</PERC>
    <Alpha>0</Alpha>
    <UZL>165.42726691980633</UZL>
    <K0>0.28599721258757277</K0>
    <K1>0.082007763372397527</K1>
    <K2>0.12163938703811826</K2>
    <MAXBAS>1.0049607498802766</MAXBAS>
    <Cet>0</Cet>
    <PCALT>10</PCALT>
    <TCALT>0.6</TCALT>
    <Pelev>3165</Pelev>
    <Telev>3224</Telev>
    <PART>0.5</PART>
    <DELAY>1</DELAY>
  </CatchmentParameters>
  <VegetationZone>
    <VegetationZoneParameters>
      <TT>0.9039998721266298</TT>
      <CFMAX>3.8047996568481035</CFMAX>
      <SP>0</SP>
      <SFCF>0.8572053916869552</SFCF>
      <CFR>0.057563957709058006</CFR>
      <CWH>0.10000012806339617</CWH>
      <CFGlacier>1</CFGlacier>
      <CFSlope>1</CFSlope>
      <FC>508.0503566285829</FC>
      <LP>0.77777937991454493</LP>
      <BETA>3.226094318493979</BETA>
    </VegetationZoneParameters>
  </VegetationZone>
  <SubCatchment>
    <SubCatchmentParameters>
      <KSI>0.001</KSI>
      <KGmin>0.05</KGmin>
      <RangeKG>0.1</RangeKG>
      <AG>0.1</AG>
      <PERC>6.0260197528166461</PERC>
      <Alpha>0</Alpha>
      <UZL>165.42726691980633</UZL>
      <K0>0.28599721258757277</K0>
      <K1>0.082007763372397527</K1>
      <K2>0.12163938703811826</K2>
      <MAXBAS>1.0049607498802766</MAXBAS>
      <Cet>0</Cet>
      <PCALT>10</PCALT>
      <TCALT>0.6</TCALT>
      <Pelev>3165</Pelev>
      <Telev>3224</Telev>
      <PART>0.5</PART>
      <DELAY>1</DELAY>
    </SubCatchmentParameters>
    <SubCatchmentVegetationZone>
      <SubCatchmentVegetationZoneParameters>
        <TT>0.9039998721266298</TT>
        <CFMAX>3.8047996568481035</CFMAX>
        <SP>0</SP>
        <SFCF>0.8572053916869552</SFCF>
        <CFR>0.057563957709058006</CFR>
        <CWH>0.10000012806339617</CWH>
        <CFGlacier>1</CFGlacier>
        <CFSlope>1</CFSlope>
        <FC>508.0503566285829</FC>
        <LP>0.77777937991454493</LP>
        <BETA>3.226094318493979</BETA>
      </SubCatchmentVegetationZoneParameters>
    </SubCatchmentVegetationZone>
  </SubCatchment>
</Catchment>