<?xml version="1.0" encoding="utf-8"?>
<Catchment xmlns:xsi="http://www.w3.org/2001/XMLSchema-instance" xmlns:xsd="http://www.w3.org/2001/XMLSchema">
  <CatchmentParameters>
    <KSI>0.001</KSI>
    <KGmin>0.05</KGmin>
    <RangeKG>0.1</RangeKG>
    <AG>0.1</AG>
    <PERC>6.4815734690410327</PERC>
    <Alpha>0</Alpha>
    <UZL>165.15195130769396</UZL>
    <K0>0.05485602627853868</K0>
    <K1>0.087453425768915544</K1>
    <K2>0.1188993944370578</K2>
    <MAXBAS>1.0000230197081621</MAXBAS>
    <Cet>0</Cet>
    <PCALT>10</PCALT>
    <TCALT>0.6</TCALT>
    <Pelev>3165</Pelev>
    <Telev>3224</Telev>
    <PART>0.5</PART>
    <DELAY>1</DELAY>
  </CatchmentParameters>
  <VegetationZone>
    <VegetationZoneParameters>
      <TT>1.4018342667218322</TT>
      <CFMAX>3.8734305701621694</CFMAX>
      <SP>0</SP>
      <SFCF>0.77967642216282329</SFCF>
      <CFR>0.036402617174116393</CFR>
      <CWH>0.10000005915838267</CWH>
      <CFGlacier>1</CFGlacier>
      <CFSlope>1</CFSlope>
      <FC>418.20069060179827</FC>
      <LP>0.83875961875070715</LP>
      <BETA>3.1460463177316949</BETA>
    </VegetationZoneParameters>
  </VegetationZone>
  <SubCatchment>
    <SubCatchmentParameters>
      <KSI>0.001</KSI>
      <KGmin>0.05</KGmin>
      <RangeKG>0.1</RangeKG>
      <AG>0.1</AG>
      <PERC>6.4815734690410327</PERC>
      <Alpha>0</Alpha>
      <UZL>165.15195130769396</UZL>
      <K0>0.05485602627853868</K0>
      <K1>0.087453425768915544</K1>
      <K2>0.1188993944370578</K2>
      <MAXBAS>1.0000230197081621</MAXBAS>
      <Cet>0</Cet>
      <PCALT>10</PCALT>
      <TCALT>0.6</TCALT>
      <Pelev>3165</Pelev>
      <Telev>3224</Telev>
      <PART>0.5</PART>
      <DELAY>1</DELAY>
    </SubCatchmentParameters>
    <SubCatchmentVegetationZone>
      <SubCatchmentVegetationZoneParameters>
        <TT>1.4018342667218322</TT>
        <CFMAX>3.8734305701621694</CFMAX>
        <SP>0</SP>
        <SFCF>0.77967642216282329</SFCF>
        <CFR>0.036402617174116393</CFR>
        <CWH>0.10000005915838267</CWH>
        <CFGlacier>1</CFGlacier>
        <CFSlope>1</CFSlope>
        <FC>418.20069060179827</FC>
        <LP>0.83875961875070715</LP>
        <BETA>3.1460463177316949</BETA>
      </SubCatchmentVegetationZoneParameters>
    </SubCatchmentVegetationZone>
  </SubCatchment>
</Catchment>