<?xml version="1.0" encoding="utf-8"?>
<Catchment xmlns:xsi="http://www.w3.org/2001/XMLSchema-instance" xmlns:xsd="http://www.w3.org/2001/XMLSchema">
  <CatchmentParameters>
    <KSI>0.001</KSI>
    <KGmin>0.05</KGmin>
    <RangeKG>0.1</RangeKG>
    <AG>0.1</AG>
    <PERC>6.7262697927718946</PERC>
    <Alpha>0</Alpha>
    <UZL>167.61898163421108</UZL>
    <K0>0.13076491386140871</K0>
    <K1>0.10264838129632153</K1>
    <K2>0.10817712736377259</K2>
    <MAXBAS>1.0000000531580215</MAXBAS>
    <Cet>0</Cet>
    <PCALT>10</PCALT>
    <TCALT>0.6</TCALT>
    <Pelev>3165</Pelev>
    <Telev>3224</Telev>
    <PART>0.5</PART>
    <DELAY>1</DELAY>
  </CatchmentParameters>
  <VegetationZone>
    <VegetationZoneParameters>
      <TT>1.4174562556970658</TT>
      <CFMAX>2.9291856448238138</CFMAX>
      <SP>0</SP>
      <SFCF>0.62215387529829036</SFCF>
      <CFR>0.040847157773830828</CFR>
      <CWH>0.11199873850003339</CWH>
      <CFGlacier>1</CFGlacier>
      <CFSlope>1</CFSlope>
      <FC>250.14722849510886</FC>
      <LP>0.99999726862580407</LP>
      <BETA>4.7425784905213746</BETA>
    </VegetationZoneParameters>
  </VegetationZone>
  <SubCatchment>
    <SubCatchmentParameters>
      <KSI>0.001</KSI>
      <KGmin>0.05</KGmin>
      <RangeKG>0.1</RangeKG>
      <AG>0.1</AG>
      <PERC>6.7262697927718946</PERC>
      <Alpha>0</Alpha>
      <UZL>167.61898163421108</UZL>
      <K0>0.13076491386140871</K0>
      <K1>0.10264838129632153</K1>
      <K2>0.10817712736377259</K2>
      <MAXBAS>1.0000000531580215</MAXBAS>
      <Cet>0</Cet>
      <PCALT>10</PCALT>
      <TCALT>0.6</TCALT>
      <Pelev>3165</Pelev>
      <Telev>3224</Telev>
      <PART>0.5</PART>
      <DELAY>1</DELAY>
    </SubCatchmentParameters>
    <SubCatchmentVegetationZone>
      <SubCatchmentVegetationZoneParameters>
        <TT>1.4174562556970658</TT>
        <CFMAX>2.9291856448238138</CFMAX>
        <SP>0</SP>
        <SFCF>0.62215387529829036</SFCF>
        <CFR>0.040847157773830828</CFR>
        <CWH>0.11199873850003339</CWH>
        <CFGlacier>1</CFGlacier>
        <CFSlope>1</CFSlope>
        <FC>250.14722849510886</FC>
        <LP>0.99999726862580407</LP>
        <BETA>4.7425784905213746</BETA>
      </SubCatchmentVegetationZoneParameters>
    </SubCatchmentVegetationZone>
  </SubCatchment>
</Catchment>