<?xml version="1.0" encoding="utf-8"?>
<Catchment xmlns:xsi="http://www.w3.org/2001/XMLSchema-instance" xmlns:xsd="http://www.w3.org/2001/XMLSchema">
  <CatchmentParameters>
    <KSI>0.001</KSI>
    <KGmin>0.05</KGmin>
    <RangeKG>0.1</RangeKG>
    <AG>0.1</AG>
    <PERC>0.26572721950913708</PERC>
    <Alpha>0</Alpha>
    <UZL>143.82502960315975</UZL>
    <K0>0.176635144888968</K0>
    <K1>0.10997203812574274</K1>
    <K2>0.010000013066831584</K2>
    <MAXBAS>1</MAXBAS>
    <Cet>0</Cet>
    <PCALT>10</PCALT>
    <TCALT>0.6</TCALT>
    <Pelev>3165</Pelev>
    <Telev>3224</Telev>
    <PART>0.5</PART>
    <DELAY>1</DELAY>
  </CatchmentParameters>
  <VegetationZone>
    <VegetationZoneParameters>
      <TT>0.25509874386520959</TT>
      <CFMAX>3.7508294262691821</CFMAX>
      <SP>0</SP>
      <SFCF>1.042977908130194</SFCF>
      <CFR>0.082996002785035966</CFR>
      <CWH>0.10000085552555184</CWH>
      <CFGlacier>1</CFGlacier>
      <CFSlope>1</CFSlope>
      <FC>1125.584497443105</FC>
      <LP>0.76010052839971964</LP>
      <BETA>2.323203744083294</BETA>
    </VegetationZoneParameters>
  </VegetationZone>
  <SubCatchment>
    <SubCatchmentParameters>
      <KSI>0.001</KSI>
      <KGmin>0.05</KGmin>
      <RangeKG>0.1</RangeKG>
      <AG>0.1</AG>
      <PERC>0.26572721950913708</PERC>
      <Alpha>0</Alpha>
      <UZL>143.82502960315975</UZL>
      <K0>0.176635144888968</K0>
      <K1>0.10997203812574274</K1>
      <K2>0.010000013066831584</K2>
      <MAXBAS>1</MAXBAS>
      <Cet>0</Cet>
      <PCALT>10</PCALT>
      <TCALT>0.6</TCALT>
      <Pelev>3165</Pelev>
      <Telev>3224</Telev>
      <PART>0.5</PART>
      <DELAY>1</DELAY>
    </SubCatchmentParameters>
    <SubCatchmentVegetationZone>
      <SubCatchmentVegetationZoneParameters>
        <TT>0.25509874386520959</TT>
        <CFMAX>3.7508294262691821</CFMAX>
        <SP>0</SP>
        <SFCF>1.042977908130194</SFCF>
        <CFR>0.082996002785035966</CFR>
        <CWH>0.10000085552555184</CWH>
        <CFGlacier>1</CFGlacier>
        <CFSlope>1</CFSlope>
        <FC>1125.584497443105</FC>
        <LP>0.76010052839971964</LP>
        <BETA>2.323203744083294</BETA>
      </SubCatchmentVegetationZoneParameters>
    </SubCatchmentVegetationZone>
  </SubCatchment>
</Catchment>