<?xml version="1.0" encoding="utf-8"?>
<Catchment xmlns:xsi="http://www.w3.org/2001/XMLSchema-instance" xmlns:xsd="http://www.w3.org/2001/XMLSchema">
  <CatchmentParameters>
    <KSI>0.001</KSI>
    <KGmin>0.05</KGmin>
    <RangeKG>0.1</RangeKG>
    <AG>0.1</AG>
    <PERC>0.25790507124573664</PERC>
    <Alpha>0</Alpha>
    <UZL>190.83615910431365</UZL>
    <K0>0.66166090752494044</K0>
    <K1>0.097433668151373151</K1>
    <K2>0.010009465040763306</K2>
    <MAXBAS>1</MAXBAS>
    <Cet>0</Cet>
    <PCALT>10</PCALT>
    <TCALT>0.6</TCALT>
    <Pelev>3165</Pelev>
    <Telev>3224</Telev>
    <PART>0.5</PART>
    <DELAY>1</DELAY>
  </CatchmentParameters>
  <VegetationZone>
    <VegetationZoneParameters>
      <TT>-0.36530610561546878</TT>
      <CFMAX>3.4703344780693683</CFMAX>
      <SP>0</SP>
      <SFCF>1.0898877269436527</SFCF>
      <CFR>0.098229695689812768</CFR>
      <CWH>0.11394384289901464</CWH>
      <CFGlacier>1</CFGlacier>
      <CFSlope>1</CFSlope>
      <FC>1347.8474966258282</FC>
      <LP>0.87674551085690278</LP>
      <BETA>3.6299493286952118</BETA>
    </VegetationZoneParameters>
  </VegetationZone>
  <SubCatchment>
    <SubCatchmentParameters>
      <KSI>0.001</KSI>
      <KGmin>0.05</KGmin>
      <RangeKG>0.1</RangeKG>
      <AG>0.1</AG>
      <PERC>0.25790507124573664</PERC>
      <Alpha>0</Alpha>
      <UZL>190.83615910431365</UZL>
      <K0>0.66166090752494044</K0>
      <K1>0.097433668151373151</K1>
      <K2>0.010009465040763306</K2>
      <MAXBAS>1</MAXBAS>
      <Cet>0</Cet>
      <PCALT>10</PCALT>
      <TCALT>0.6</TCALT>
      <Pelev>3165</Pelev>
      <Telev>3224</Telev>
      <PART>0.5</PART>
      <DELAY>1</DELAY>
    </SubCatchmentParameters>
    <SubCatchmentVegetationZone>
      <SubCatchmentVegetationZoneParameters>
        <TT>-0.36530610561546878</TT>
        <CFMAX>3.4703344780693683</CFMAX>
        <SP>0</SP>
        <SFCF>1.0898877269436527</SFCF>
        <CFR>0.098229695689812768</CFR>
        <CWH>0.11394384289901464</CWH>
        <CFGlacier>1</CFGlacier>
        <CFSlope>1</CFSlope>
        <FC>1347.8474966258282</FC>
        <LP>0.87674551085690278</LP>
        <BETA>3.6299493286952118</BETA>
      </SubCatchmentVegetationZoneParameters>
    </SubCatchmentVegetationZone>
  </SubCatchment>
</Catchment>