<?xml version="1.0" encoding="utf-8"?>
<Catchment xmlns:xsi="http://www.w3.org/2001/XMLSchema-instance" xmlns:xsd="http://www.w3.org/2001/XMLSchema">
  <CatchmentParameters>
    <KSI>0.001</KSI>
    <KGmin>0.05</KGmin>
    <RangeKG>0.1</RangeKG>
    <AG>0.1</AG>
    <PERC>6.10806669289045</PERC>
    <Alpha>0</Alpha>
    <UZL>134.75696561175522</UZL>
    <K0>0.34009938255425209</K0>
    <K1>0.0882665147356599</K1>
    <K2>0.12607859579601322</K2>
    <MAXBAS>1.0049936117421792</MAXBAS>
    <Cet>0</Cet>
    <PCALT>10</PCALT>
    <TCALT>0.6</TCALT>
    <Pelev>3165</Pelev>
    <Telev>3224</Telev>
    <PART>0.5</PART>
    <DELAY>1</DELAY>
  </CatchmentParameters>
  <VegetationZone>
    <VegetationZoneParameters>
      <TT>0.77405480509402458</TT>
      <CFMAX>3.3865481144662204</CFMAX>
      <SP>0</SP>
      <SFCF>0.81212140615017214</SFCF>
      <CFR>0.065355047294744853</CFR>
      <CWH>0.1000000554019575</CWH>
      <CFGlacier>1</CFGlacier>
      <CFSlope>1</CFSlope>
      <FC>503.88533533934242</FC>
      <LP>0.8901856672720182</LP>
      <BETA>3.7271430109461048</BETA>
    </VegetationZoneParameters>
  </VegetationZone>
  <SubCatchment>
    <SubCatchmentParameters>
      <KSI>0.001</KSI>
      <KGmin>0.05</KGmin>
      <RangeKG>0.1</RangeKG>
      <AG>0.1</AG>
      <PERC>6.10806669289045</PERC>
      <Alpha>0</Alpha>
      <UZL>134.75696561175522</UZL>
      <K0>0.34009938255425209</K0>
      <K1>0.0882665147356599</K1>
      <K2>0.12607859579601322</K2>
      <MAXBAS>1.0049936117421792</MAXBAS>
      <Cet>0</Cet>
      <PCALT>10</PCALT>
      <TCALT>0.6</TCALT>
      <Pelev>3165</Pelev>
      <Telev>3224</Telev>
      <PART>0.5</PART>
      <DELAY>1</DELAY>
    </SubCatchmentParameters>
    <SubCatchmentVegetationZone>
      <SubCatchmentVegetationZoneParameters>
        <TT>0.77405480509402458</TT>
        <CFMAX>3.3865481144662204</CFMAX>
        <SP>0</SP>
        <SFCF>0.81212140615017214</SFCF>
        <CFR>0.065355047294744853</CFR>
        <CWH>0.1000000554019575</CWH>
        <CFGlacier>1</CFGlacier>
        <CFSlope>1</CFSlope>
        <FC>503.88533533934242</FC>
        <LP>0.8901856672720182</LP>
        <BETA>3.7271430109461048</BETA>
      </SubCatchmentVegetationZoneParameters>
    </SubCatchmentVegetationZone>
  </SubCatchment>
</Catchment>