<?xml version="1.0" encoding="utf-8"?>
<Catchment xmlns:xsi="http://www.w3.org/2001/XMLSchema-instance" xmlns:xsd="http://www.w3.org/2001/XMLSchema">
  <CatchmentParameters>
    <KSI>0.001</KSI>
    <KGmin>0.05</KGmin>
    <RangeKG>0.1</RangeKG>
    <AG>0.1</AG>
    <PERC>0.26878587575164353</PERC>
    <Alpha>0</Alpha>
    <UZL>139.81909857695308</UZL>
    <K0>0.90540470514298366</K0>
    <K1>0.11336923715727937</K1>
    <K2>0.010000009732769422</K2>
    <MAXBAS>1</MAXBAS>
    <Cet>0</Cet>
    <PCALT>10</PCALT>
    <TCALT>0.6</TCALT>
    <Pelev>3165</Pelev>
    <Telev>3224</Telev>
    <PART>0.5</PART>
    <DELAY>1</DELAY>
  </CatchmentParameters>
  <VegetationZone>
    <VegetationZoneParameters>
      <TT>-0.66489553394345913</TT>
      <CFMAX>3.2626645510962073</CFMAX>
      <SP>0</SP>
      <SFCF>1.2081627485707043</SFCF>
      <CFR>0.09999942947799477</CFR>
      <CWH>0.14396568065183965</CWH>
      <CFGlacier>1</CFGlacier>
      <CFSlope>1</CFSlope>
      <FC>1412.5858580146739</FC>
      <LP>0.62454696952693278</LP>
      <BETA>2.5905522951738722</BETA>
    </VegetationZoneParameters>
  </VegetationZone>
  <SubCatchment>
    <SubCatchmentParameters>
      <KSI>0.001</KSI>
      <KGmin>0.05</KGmin>
      <RangeKG>0.1</RangeKG>
      <AG>0.1</AG>
      <PERC>0.26878587575164353</PERC>
      <Alpha>0</Alpha>
      <UZL>139.81909857695308</UZL>
      <K0>0.90540470514298366</K0>
      <K1>0.11336923715727937</K1>
      <K2>0.010000009732769422</K2>
      <MAXBAS>1</MAXBAS>
      <Cet>0</Cet>
      <PCALT>10</PCALT>
      <TCALT>0.6</TCALT>
      <Pelev>3165</Pelev>
      <Telev>3224</Telev>
      <PART>0.5</PART>
      <DELAY>1</DELAY>
    </SubCatchmentParameters>
    <SubCatchmentVegetationZone>
      <SubCatchmentVegetationZoneParameters>
        <TT>-0.66489553394345913</TT>
        <CFMAX>3.2626645510962073</CFMAX>
        <SP>0</SP>
        <SFCF>1.2081627485707043</SFCF>
        <CFR>0.09999942947799477</CFR>
        <CWH>0.14396568065183965</CWH>
        <CFGlacier>1</CFGlacier>
        <CFSlope>1</CFSlope>
        <FC>1412.5858580146739</FC>
        <LP>0.62454696952693278</LP>
        <BETA>2.5905522951738722</BETA>
      </SubCatchmentVegetationZoneParameters>
    </SubCatchmentVegetationZone>
  </SubCatchment>
</Catchment>