<?xml version="1.0" encoding="utf-8"?>
<Catchment xmlns:xsi="http://www.w3.org/2001/XMLSchema-instance" xmlns:xsd="http://www.w3.org/2001/XMLSchema">
  <CatchmentParameters>
    <KSI>0.001</KSI>
    <KGmin>0.05</KGmin>
    <RangeKG>0.1</RangeKG>
    <AG>0.1</AG>
    <PERC>0.26588643992802</PERC>
    <Alpha>0</Alpha>
    <UZL>152.79033706922871</UZL>
    <K0>0.63339123541530029</K0>
    <K1>0.11519213821888791</K1>
    <K2>0.010000128922925773</K2>
    <MAXBAS>1</MAXBAS>
    <Cet>0</Cet>
    <PCALT>10</PCALT>
    <TCALT>0.6</TCALT>
    <Pelev>3165</Pelev>
    <Telev>3224</Telev>
    <PART>0.5</PART>
    <DELAY>1</DELAY>
  </CatchmentParameters>
  <VegetationZone>
    <VegetationZoneParameters>
      <TT>-1.0560000059896191</TT>
      <CFMAX>2.2706599992518894</CFMAX>
      <SP>0</SP>
      <SFCF>0.995864126237827</SFCF>
      <CFR>0.099999726134405192</CFR>
      <CWH>0.17953942394791758</CWH>
      <CFGlacier>1</CFGlacier>
      <CFSlope>1</CFSlope>
      <FC>1018.8113715467392</FC>
      <LP>0.93803967028054658</LP>
      <BETA>3.3975716196743524</BETA>
    </VegetationZoneParameters>
  </VegetationZone>
  <SubCatchment>
    <SubCatchmentParameters>
      <KSI>0.001</KSI>
      <KGmin>0.05</KGmin>
      <RangeKG>0.1</RangeKG>
      <AG>0.1</AG>
      <PERC>0.26588643992802</PERC>
      <Alpha>0</Alpha>
      <UZL>152.79033706922871</UZL>
      <K0>0.63339123541530029</K0>
      <K1>0.11519213821888791</K1>
      <K2>0.010000128922925773</K2>
      <MAXBAS>1</MAXBAS>
      <Cet>0</Cet>
      <PCALT>10</PCALT>
      <TCALT>0.6</TCALT>
      <Pelev>3165</Pelev>
      <Telev>3224</Telev>
      <PART>0.5</PART>
      <DELAY>1</DELAY>
    </SubCatchmentParameters>
    <SubCatchmentVegetationZone>
      <SubCatchmentVegetationZoneParameters>
        <TT>-1.0560000059896191</TT>
        <CFMAX>2.2706599992518894</CFMAX>
        <SP>0</SP>
        <SFCF>0.995864126237827</SFCF>
        <CFR>0.099999726134405192</CFR>
        <CWH>0.17953942394791758</CWH>
        <CFGlacier>1</CFGlacier>
        <CFSlope>1</CFSlope>
        <FC>1018.8113715467392</FC>
        <LP>0.93803967028054658</LP>
        <BETA>3.3975716196743524</BETA>
      </SubCatchmentVegetationZoneParameters>
    </SubCatchmentVegetationZone>
  </SubCatchment>
</Catchment>