<?xml version="1.0" encoding="utf-8"?>
<Catchment xmlns:xsi="http://www.w3.org/2001/XMLSchema-instance" xmlns:xsd="http://www.w3.org/2001/XMLSchema">
  <CatchmentParameters>
    <KSI>0.001</KSI>
    <KGmin>0.05</KGmin>
    <RangeKG>0.1</RangeKG>
    <AG>0.1</AG>
    <PERC>0.2921826920317942</PERC>
    <Alpha>0</Alpha>
    <UZL>138.19721394533403</UZL>
    <K0>0.13256959709129088</K0>
    <K1>0.10731550070499564</K1>
    <K2>0.017883331652398391</K2>
    <MAXBAS>1</MAXBAS>
    <Cet>0</Cet>
    <PCALT>10</PCALT>
    <TCALT>0.6</TCALT>
    <Pelev>3165</Pelev>
    <Telev>3224</Telev>
    <PART>0.5</PART>
    <DELAY>1</DELAY>
  </CatchmentParameters>
  <VegetationZone>
    <VegetationZoneParameters>
      <TT>-1.1376463524332983</TT>
      <CFMAX>2.6643659186571234</CFMAX>
      <SP>0</SP>
      <SFCF>1.1375561085987986</SFCF>
      <CFR>0.099999425257083149</CFR>
      <CWH>0.19974272785978364</CWH>
      <CFGlacier>1</CFGlacier>
      <CFSlope>1</CFSlope>
      <FC>1216.587084234465</FC>
      <LP>0.663555473428617</LP>
      <BETA>2.2368697427496604</BETA>
    </VegetationZoneParameters>
  </VegetationZone>
  <SubCatchment>
    <SubCatchmentParameters>
      <KSI>0.001</KSI>
      <KGmin>0.05</KGmin>
      <RangeKG>0.1</RangeKG>
      <AG>0.1</AG>
      <PERC>0.2921826920317942</PERC>
      <Alpha>0</Alpha>
      <UZL>138.19721394533403</UZL>
      <K0>0.13256959709129088</K0>
      <K1>0.10731550070499564</K1>
      <K2>0.017883331652398391</K2>
      <MAXBAS>1</MAXBAS>
      <Cet>0</Cet>
      <PCALT>10</PCALT>
      <TCALT>0.6</TCALT>
      <Pelev>3165</Pelev>
      <Telev>3224</Telev>
      <PART>0.5</PART>
      <DELAY>1</DELAY>
    </SubCatchmentParameters>
    <SubCatchmentVegetationZone>
      <SubCatchmentVegetationZoneParameters>
        <TT>-1.1376463524332983</TT>
        <CFMAX>2.6643659186571234</CFMAX>
        <SP>0</SP>
        <SFCF>1.1375561085987986</SFCF>
        <CFR>0.099999425257083149</CFR>
        <CWH>0.19974272785978364</CWH>
        <CFGlacier>1</CFGlacier>
        <CFSlope>1</CFSlope>
        <FC>1216.587084234465</FC>
        <LP>0.663555473428617</LP>
        <BETA>2.2368697427496604</BETA>
      </SubCatchmentVegetationZoneParameters>
    </SubCatchmentVegetationZone>
  </SubCatchment>
</Catchment>