<?xml version="1.0" encoding="utf-8"?>
<Catchment xmlns:xsi="http://www.w3.org/2001/XMLSchema-instance" xmlns:xsd="http://www.w3.org/2001/XMLSchema">
  <CatchmentParameters>
    <KSI>0.001</KSI>
    <KGmin>0.05</KGmin>
    <RangeKG>0.1</RangeKG>
    <AG>0.1</AG>
    <PERC>0.27271394826432965</PERC>
    <Alpha>0</Alpha>
    <UZL>198.07551107333165</UZL>
    <K0>0.22426803594403705</K0>
    <K1>0.11855663851522248</K1>
    <K2>0.010000002302430547</K2>
    <MAXBAS>1</MAXBAS>
    <Cet>0</Cet>
    <PCALT>10</PCALT>
    <TCALT>0.6</TCALT>
    <Pelev>3165</Pelev>
    <Telev>3224</Telev>
    <PART>0.5</PART>
    <DELAY>1</DELAY>
  </CatchmentParameters>
  <VegetationZone>
    <VegetationZoneParameters>
      <TT>-0.99600774588978425</TT>
      <CFMAX>2.4007828004412746</CFMAX>
      <SP>0</SP>
      <SFCF>1.035055317813381</SFCF>
      <CFR>0.099994748842812162</CFR>
      <CWH>0.15331843716307572</CWH>
      <CFGlacier>1</CFGlacier>
      <CFSlope>1</CFSlope>
      <FC>929.45557550836963</FC>
      <LP>0.77318082621713968</LP>
      <BETA>2.6509930759784566</BETA>
    </VegetationZoneParameters>
  </VegetationZone>
  <SubCatchment>
    <SubCatchmentParameters>
      <KSI>0.001</KSI>
      <KGmin>0.05</KGmin>
      <RangeKG>0.1</RangeKG>
      <AG>0.1</AG>
      <PERC>0.27271394826432965</PERC>
      <Alpha>0</Alpha>
      <UZL>198.07551107333165</UZL>
      <K0>0.22426803594403705</K0>
      <K1>0.11855663851522248</K1>
      <K2>0.010000002302430547</K2>
      <MAXBAS>1</MAXBAS>
      <Cet>0</Cet>
      <PCALT>10</PCALT>
      <TCALT>0.6</TCALT>
      <Pelev>3165</Pelev>
      <Telev>3224</Telev>
      <PART>0.5</PART>
      <DELAY>1</DELAY>
    </SubCatchmentParameters>
    <SubCatchmentVegetationZone>
      <SubCatchmentVegetationZoneParameters>
        <TT>-0.99600774588978425</TT>
        <CFMAX>2.4007828004412746</CFMAX>
        <SP>0</SP>
        <SFCF>1.035055317813381</SFCF>
        <CFR>0.099994748842812162</CFR>
        <CWH>0.15331843716307572</CWH>
        <CFGlacier>1</CFGlacier>
        <CFSlope>1</CFSlope>
        <FC>929.45557550836963</FC>
        <LP>0.77318082621713968</LP>
        <BETA>2.6509930759784566</BETA>
      </SubCatchmentVegetationZoneParameters>
    </SubCatchmentVegetationZone>
  </SubCatchment>
</Catchment>