<?xml version="1.0" encoding="utf-8"?>
<Catchment xmlns:xsi="http://www.w3.org/2001/XMLSchema-instance" xmlns:xsd="http://www.w3.org/2001/XMLSchema">
  <CatchmentParameters>
    <KSI>0.001</KSI>
    <KGmin>0.05</KGmin>
    <RangeKG>0.1</RangeKG>
    <AG>0.1</AG>
    <PERC>9.9995981261473332</PERC>
    <Alpha>0</Alpha>
    <UZL>165.55499570695594</UZL>
    <K0>0.96578158627252875</K0>
    <K1>0.11541926176019862</K1>
    <K2>0.092372496114841107</K2>
    <MAXBAS>1.0048684199206879</MAXBAS>
    <Cet>0</Cet>
    <PCALT>10</PCALT>
    <TCALT>0.6</TCALT>
    <Pelev>3165</Pelev>
    <Telev>3224</Telev>
    <PART>0.5</PART>
    <DELAY>1</DELAY>
  </CatchmentParameters>
  <VegetationZone>
    <VegetationZoneParameters>
      <TT>-0.756001248311145</TT>
      <CFMAX>2.3041469920366491</CFMAX>
      <SP>0</SP>
      <SFCF>0.912967232792875</SFCF>
      <CFR>0.099999647440270012</CFR>
      <CWH>0.10000004408811879</CWH>
      <CFGlacier>1</CFGlacier>
      <CFSlope>1</CFSlope>
      <FC>584.47590874532693</FC>
      <LP>0.82040075790606726</LP>
      <BETA>5.80345304842071</BETA>
    </VegetationZoneParameters>
  </VegetationZone>
  <SubCatchment>
    <SubCatchmentParameters>
      <KSI>0.001</KSI>
      <KGmin>0.05</KGmin>
      <RangeKG>0.1</RangeKG>
      <AG>0.1</AG>
      <PERC>9.9995981261473332</PERC>
      <Alpha>0</Alpha>
      <UZL>165.55499570695594</UZL>
      <K0>0.96578158627252875</K0>
      <K1>0.11541926176019862</K1>
      <K2>0.092372496114841107</K2>
      <MAXBAS>1.0048684199206879</MAXBAS>
      <Cet>0</Cet>
      <PCALT>10</PCALT>
      <TCALT>0.6</TCALT>
      <Pelev>3165</Pelev>
      <Telev>3224</Telev>
      <PART>0.5</PART>
      <DELAY>1</DELAY>
    </SubCatchmentParameters>
    <SubCatchmentVegetationZone>
      <SubCatchmentVegetationZoneParameters>
        <TT>-0.756001248311145</TT>
        <CFMAX>2.3041469920366491</CFMAX>
        <SP>0</SP>
        <SFCF>0.912967232792875</SFCF>
        <CFR>0.099999647440270012</CFR>
        <CWH>0.10000004408811879</CWH>
        <CFGlacier>1</CFGlacier>
        <CFSlope>1</CFSlope>
        <FC>584.47590874532693</FC>
        <LP>0.82040075790606726</LP>
        <BETA>5.80345304842071</BETA>
      </SubCatchmentVegetationZoneParameters>
    </SubCatchmentVegetationZone>
  </SubCatchment>
</Catchment>