<?xml version="1.0" encoding="utf-8"?>
<Catchment xmlns:xsi="http://www.w3.org/2001/XMLSchema-instance" xmlns:xsd="http://www.w3.org/2001/XMLSchema">
  <CatchmentParameters>
    <KSI>0.001</KSI>
    <KGmin>0.05</KGmin>
    <RangeKG>0.1</RangeKG>
    <AG>0.1</AG>
    <PERC>5.43933587953247</PERC>
    <Alpha>0</Alpha>
    <UZL>135.25061623864116</UZL>
    <K0>0.36187000245814266</K0>
    <K1>0.082208111244420248</K1>
    <K2>0.12532520950808093</K2>
    <MAXBAS>1.00499620506293</MAXBAS>
    <Cet>0</Cet>
    <PCALT>10</PCALT>
    <TCALT>0.6</TCALT>
    <Pelev>3165</Pelev>
    <Telev>3224</Telev>
    <PART>0.5</PART>
    <DELAY>1</DELAY>
  </CatchmentParameters>
  <VegetationZone>
    <VegetationZoneParameters>
      <TT>0.043986030911381695</TT>
      <CFMAX>3.1076699893200721</CFMAX>
      <SP>0</SP>
      <SFCF>0.89247482360659269</SFCF>
      <CFR>0.0999992459124838</CFR>
      <CWH>0.1000002716090897</CWH>
      <CFGlacier>1</CFGlacier>
      <CFSlope>1</CFSlope>
      <FC>567.60150725532128</FC>
      <LP>0.79342457871504835</LP>
      <BETA>4.0040145693229281</BETA>
    </VegetationZoneParameters>
  </VegetationZone>
  <SubCatchment>
    <SubCatchmentParameters>
      <KSI>0.001</KSI>
      <KGmin>0.05</KGmin>
      <RangeKG>0.1</RangeKG>
      <AG>0.1</AG>
      <PERC>5.43933587953247</PERC>
      <Alpha>0</Alpha>
      <UZL>135.25061623864116</UZL>
      <K0>0.36187000245814266</K0>
      <K1>0.082208111244420248</K1>
      <K2>0.12532520950808093</K2>
      <MAXBAS>1.00499620506293</MAXBAS>
      <Cet>0</Cet>
      <PCALT>10</PCALT>
      <TCALT>0.6</TCALT>
      <Pelev>3165</Pelev>
      <Telev>3224</Telev>
      <PART>0.5</PART>
      <DELAY>1</DELAY>
    </SubCatchmentParameters>
    <SubCatchmentVegetationZone>
      <SubCatchmentVegetationZoneParameters>
        <TT>0.043986030911381695</TT>
        <CFMAX>3.1076699893200721</CFMAX>
        <SP>0</SP>
        <SFCF>0.89247482360659269</SFCF>
        <CFR>0.0999992459124838</CFR>
        <CWH>0.1000002716090897</CWH>
        <CFGlacier>1</CFGlacier>
        <CFSlope>1</CFSlope>
        <FC>567.60150725532128</FC>
        <LP>0.79342457871504835</LP>
        <BETA>4.0040145693229281</BETA>
      </SubCatchmentVegetationZoneParameters>
    </SubCatchmentVegetationZone>
  </SubCatchment>
</Catchment>