<?xml version="1.0" encoding="utf-8"?>
<Catchment xmlns:xsi="http://www.w3.org/2001/XMLSchema-instance" xmlns:xsd="http://www.w3.org/2001/XMLSchema">
  <CatchmentParameters>
    <KSI>0.001</KSI>
    <KGmin>0.05</KGmin>
    <RangeKG>0.1</RangeKG>
    <AG>0.1</AG>
    <PERC>0.25800959407677404</PERC>
    <Alpha>0</Alpha>
    <UZL>142.45207817471294</UZL>
    <K0>0.57939897861615708</K0>
    <K1>0.10540489984659708</K1>
    <K2>0.010000042337513955</K2>
    <MAXBAS>1</MAXBAS>
    <Cet>0</Cet>
    <PCALT>10</PCALT>
    <TCALT>0.6</TCALT>
    <Pelev>3165</Pelev>
    <Telev>3224</Telev>
    <PART>0.5</PART>
    <DELAY>1</DELAY>
  </CatchmentParameters>
  <VegetationZone>
    <VegetationZoneParameters>
      <TT>-0.95671021523099942</TT>
      <CFMAX>2.7576615448347548</CFMAX>
      <SP>0</SP>
      <SFCF>1.1185530784692712</SFCF>
      <CFR>0.099999069322204134</CFR>
      <CWH>0.1344868369827098</CWH>
      <CFGlacier>1</CFGlacier>
      <CFSlope>1</CFSlope>
      <FC>1204.3099018120224</FC>
      <LP>0.78087662396158652</LP>
      <BETA>3.0997212705856736</BETA>
    </VegetationZoneParameters>
  </VegetationZone>
  <SubCatchment>
    <SubCatchmentParameters>
      <KSI>0.001</KSI>
      <KGmin>0.05</KGmin>
      <RangeKG>0.1</RangeKG>
      <AG>0.1</AG>
      <PERC>0.25800959407677404</PERC>
      <Alpha>0</Alpha>
      <UZL>142.45207817471294</UZL>
      <K0>0.57939897861615708</K0>
      <K1>0.10540489984659708</K1>
      <K2>0.010000042337513955</K2>
      <MAXBAS>1</MAXBAS>
      <Cet>0</Cet>
      <PCALT>10</PCALT>
      <TCALT>0.6</TCALT>
      <Pelev>3165</Pelev>
      <Telev>3224</Telev>
      <PART>0.5</PART>
      <DELAY>1</DELAY>
    </SubCatchmentParameters>
    <SubCatchmentVegetationZone>
      <SubCatchmentVegetationZoneParameters>
        <TT>-0.95671021523099942</TT>
        <CFMAX>2.7576615448347548</CFMAX>
        <SP>0</SP>
        <SFCF>1.1185530784692712</SFCF>
        <CFR>0.099999069322204134</CFR>
        <CWH>0.1344868369827098</CWH>
        <CFGlacier>1</CFGlacier>
        <CFSlope>1</CFSlope>
        <FC>1204.3099018120224</FC>
        <LP>0.78087662396158652</LP>
        <BETA>3.0997212705856736</BETA>
      </SubCatchmentVegetationZoneParameters>
    </SubCatchmentVegetationZone>
  </SubCatchment>
</Catchment>