<?xml version="1.0" encoding="utf-8"?>
<Catchment xmlns:xsi="http://www.w3.org/2001/XMLSchema-instance" xmlns:xsd="http://www.w3.org/2001/XMLSchema">
  <CatchmentParameters>
    <KSI>0.001</KSI>
    <KGmin>0.05</KGmin>
    <RangeKG>0.1</RangeKG>
    <AG>0.1</AG>
    <PERC>0.28899235339167012</PERC>
    <Alpha>0</Alpha>
    <UZL>172.79114796341088</UZL>
    <K0>0.05026539479184379</K0>
    <K1>0.11553719443156002</K1>
    <K2>0.014520423663245314</K2>
    <MAXBAS>1</MAXBAS>
    <Cet>0</Cet>
    <PCALT>10</PCALT>
    <TCALT>0.6</TCALT>
    <Pelev>3165</Pelev>
    <Telev>3224</Telev>
    <PART>0.5</PART>
    <DELAY>1</DELAY>
  </CatchmentParameters>
  <VegetationZone>
    <VegetationZoneParameters>
      <TT>-0.980353779073825</TT>
      <CFMAX>2.2518876503333254</CFMAX>
      <SP>0</SP>
      <SFCF>0.96608912067629527</SFCF>
      <CFR>0.099999456817163837</CFR>
      <CWH>0.19999763292035033</CWH>
      <CFGlacier>1</CFGlacier>
      <CFSlope>1</CFSlope>
      <FC>732.94559850100529</FC>
      <LP>0.671370421322849</LP>
      <BETA>1.7946870818206409</BETA>
    </VegetationZoneParameters>
  </VegetationZone>
  <SubCatchment>
    <SubCatchmentParameters>
      <KSI>0.001</KSI>
      <KGmin>0.05</KGmin>
      <RangeKG>0.1</RangeKG>
      <AG>0.1</AG>
      <PERC>0.28899235339167012</PERC>
      <Alpha>0</Alpha>
      <UZL>172.79114796341088</UZL>
      <K0>0.05026539479184379</K0>
      <K1>0.11553719443156002</K1>
      <K2>0.014520423663245314</K2>
      <MAXBAS>1</MAXBAS>
      <Cet>0</Cet>
      <PCALT>10</PCALT>
      <TCALT>0.6</TCALT>
      <Pelev>3165</Pelev>
      <Telev>3224</Telev>
      <PART>0.5</PART>
      <DELAY>1</DELAY>
    </SubCatchmentParameters>
    <SubCatchmentVegetationZone>
      <SubCatchmentVegetationZoneParameters>
        <TT>-0.980353779073825</TT>
        <CFMAX>2.2518876503333254</CFMAX>
        <SP>0</SP>
        <SFCF>0.96608912067629527</SFCF>
        <CFR>0.099999456817163837</CFR>
        <CWH>0.19999763292035033</CWH>
        <CFGlacier>1</CFGlacier>
        <CFSlope>1</CFSlope>
        <FC>732.94559850100529</FC>
        <LP>0.671370421322849</LP>
        <BETA>1.7946870818206409</BETA>
      </SubCatchmentVegetationZoneParameters>
    </SubCatchmentVegetationZone>
  </SubCatchment>
</Catchment>