<?xml version="1.0" encoding="utf-8"?>
<Catchment xmlns:xsi="http://www.w3.org/2001/XMLSchema-instance" xmlns:xsd="http://www.w3.org/2001/XMLSchema">
  <CatchmentParameters>
    <KSI>0.001</KSI>
    <KGmin>0.05</KGmin>
    <RangeKG>0.1</RangeKG>
    <AG>0.1</AG>
    <PERC>6.7317491802988254</PERC>
    <Alpha>0</Alpha>
    <UZL>136.58853451367446</UZL>
    <K0>0.49922226172772655</K0>
    <K1>0.08981140167360227</K1>
    <K2>0.13135302254102824</K2>
    <MAXBAS>1.0049824319336864</MAXBAS>
    <Cet>0</Cet>
    <PCALT>10</PCALT>
    <TCALT>0.6</TCALT>
    <Pelev>3165</Pelev>
    <Telev>3224</Telev>
    <PART>0.5</PART>
    <DELAY>1</DELAY>
  </CatchmentParameters>
  <VegetationZone>
    <VegetationZoneParameters>
      <TT>0.79388171723538759</TT>
      <CFMAX>3.3374527862800405</CFMAX>
      <SP>0</SP>
      <SFCF>0.81786083784247865</SFCF>
      <CFR>0.064636367199695788</CFR>
      <CWH>0.1000000431378255</CWH>
      <CFGlacier>1</CFGlacier>
      <CFSlope>1</CFSlope>
      <FC>572.24895928378157</FC>
      <LP>0.99999558390203</LP>
      <BETA>4.115586228328409</BETA>
    </VegetationZoneParameters>
  </VegetationZone>
  <SubCatchment>
    <SubCatchmentParameters>
      <KSI>0.001</KSI>
      <KGmin>0.05</KGmin>
      <RangeKG>0.1</RangeKG>
      <AG>0.1</AG>
      <PERC>6.7317491802988254</PERC>
      <Alpha>0</Alpha>
      <UZL>136.58853451367446</UZL>
      <K0>0.49922226172772655</K0>
      <K1>0.08981140167360227</K1>
      <K2>0.13135302254102824</K2>
      <MAXBAS>1.0049824319336864</MAXBAS>
      <Cet>0</Cet>
      <PCALT>10</PCALT>
      <TCALT>0.6</TCALT>
      <Pelev>3165</Pelev>
      <Telev>3224</Telev>
      <PART>0.5</PART>
      <DELAY>1</DELAY>
    </SubCatchmentParameters>
    <SubCatchmentVegetationZone>
      <SubCatchmentVegetationZoneParameters>
        <TT>0.79388171723538759</TT>
        <CFMAX>3.3374527862800405</CFMAX>
        <SP>0</SP>
        <SFCF>0.81786083784247865</SFCF>
        <CFR>0.064636367199695788</CFR>
        <CWH>0.1000000431378255</CWH>
        <CFGlacier>1</CFGlacier>
        <CFSlope>1</CFSlope>
        <FC>572.24895928378157</FC>
        <LP>0.99999558390203</LP>
        <BETA>4.115586228328409</BETA>
      </SubCatchmentVegetationZoneParameters>
    </SubCatchmentVegetationZone>
  </SubCatchment>
</Catchment>