<?xml version="1.0" encoding="utf-8"?>
<Catchment xmlns:xsi="http://www.w3.org/2001/XMLSchema-instance" xmlns:xsd="http://www.w3.org/2001/XMLSchema">
  <CatchmentParameters>
    <KSI>0.001</KSI>
    <KGmin>0.05</KGmin>
    <RangeKG>0.1</RangeKG>
    <AG>0.1</AG>
    <PERC>5.4259180746532074</PERC>
    <Alpha>0</Alpha>
    <UZL>121.03431571920275</UZL>
    <K0>0.5041118801601846</K0>
    <K1>0.09038293386493923</K1>
    <K2>0.14098529156825629</K2>
    <MAXBAS>1.0047466749556662</MAXBAS>
    <Cet>0</Cet>
    <PCALT>10</PCALT>
    <TCALT>0.6</TCALT>
    <Pelev>3165</Pelev>
    <Telev>3224</Telev>
    <PART>0.5</PART>
    <DELAY>1</DELAY>
  </CatchmentParameters>
  <VegetationZone>
    <VegetationZoneParameters>
      <TT>0.30400008584856758</TT>
      <CFMAX>3.2927012798188868</CFMAX>
      <SP>0</SP>
      <SFCF>0.88366677228793966</SFCF>
      <CFR>0.090514675607220665</CFR>
      <CWH>0.10000084845338927</CWH>
      <CFGlacier>1</CFGlacier>
      <CFSlope>1</CFSlope>
      <FC>660.1539630338159</FC>
      <LP>0.92093462938577364</LP>
      <BETA>4.1639907568674381</BETA>
    </VegetationZoneParameters>
  </VegetationZone>
  <SubCatchment>
    <SubCatchmentParameters>
      <KSI>0.001</KSI>
      <KGmin>0.05</KGmin>
      <RangeKG>0.1</RangeKG>
      <AG>0.1</AG>
      <PERC>5.4259180746532074</PERC>
      <Alpha>0</Alpha>
      <UZL>121.03431571920275</UZL>
      <K0>0.5041118801601846</K0>
      <K1>0.09038293386493923</K1>
      <K2>0.14098529156825629</K2>
      <MAXBAS>1.0047466749556662</MAXBAS>
      <Cet>0</Cet>
      <PCALT>10</PCALT>
      <TCALT>0.6</TCALT>
      <Pelev>3165</Pelev>
      <Telev>3224</Telev>
      <PART>0.5</PART>
      <DELAY>1</DELAY>
    </SubCatchmentParameters>
    <SubCatchmentVegetationZone>
      <SubCatchmentVegetationZoneParameters>
        <TT>0.30400008584856758</TT>
        <CFMAX>3.2927012798188868</CFMAX>
        <SP>0</SP>
        <SFCF>0.88366677228793966</SFCF>
        <CFR>0.090514675607220665</CFR>
        <CWH>0.10000084845338927</CWH>
        <CFGlacier>1</CFGlacier>
        <CFSlope>1</CFSlope>
        <FC>660.1539630338159</FC>
        <LP>0.92093462938577364</LP>
        <BETA>4.1639907568674381</BETA>
      </SubCatchmentVegetationZoneParameters>
    </SubCatchmentVegetationZone>
  </SubCatchment>
</Catchment>