<?xml version="1.0" encoding="utf-8"?>
<Catchment xmlns:xsi="http://www.w3.org/2001/XMLSchema-instance" xmlns:xsd="http://www.w3.org/2001/XMLSchema">
  <CatchmentParameters>
    <KSI>0.001</KSI>
    <KGmin>0.05</KGmin>
    <RangeKG>0.1</RangeKG>
    <AG>0.1</AG>
    <PERC>8.9355213406896379</PERC>
    <Alpha>0</Alpha>
    <UZL>83.10000602988535</UZL>
    <K0>0.20314185834733869</K0>
    <K1>0.08702906596689472</K1>
    <K2>0.10886197103896791</K2>
    <MAXBAS>1.005004668909983</MAXBAS>
    <Cet>0</Cet>
    <PCALT>10</PCALT>
    <TCALT>0.6</TCALT>
    <Pelev>3165</Pelev>
    <Telev>3224</Telev>
    <PART>0.5</PART>
    <DELAY>1</DELAY>
  </CatchmentParameters>
  <VegetationZone>
    <VegetationZoneParameters>
      <TT>0.78674974426466171</TT>
      <CFMAX>3.3484999900710517</CFMAX>
      <SP>0</SP>
      <SFCF>0.81274496336168534</SFCF>
      <CFR>0.064924199069995914</CFR>
      <CWH>0.1000044764153529</CWH>
      <CFGlacier>1</CFGlacier>
      <CFSlope>1</CFSlope>
      <FC>432.91813403407951</FC>
      <LP>0.75136980282892585</LP>
      <BETA>3.2707832785537718</BETA>
    </VegetationZoneParameters>
  </VegetationZone>
  <SubCatchment>
    <SubCatchmentParameters>
      <KSI>0.001</KSI>
      <KGmin>0.05</KGmin>
      <RangeKG>0.1</RangeKG>
      <AG>0.1</AG>
      <PERC>8.9355213406896379</PERC>
      <Alpha>0</Alpha>
      <UZL>83.10000602988535</UZL>
      <K0>0.20314185834733869</K0>
      <K1>0.08702906596689472</K1>
      <K2>0.10886197103896791</K2>
      <MAXBAS>1.005004668909983</MAXBAS>
      <Cet>0</Cet>
      <PCALT>10</PCALT>
      <TCALT>0.6</TCALT>
      <Pelev>3165</Pelev>
      <Telev>3224</Telev>
      <PART>0.5</PART>
      <DELAY>1</DELAY>
    </SubCatchmentParameters>
    <SubCatchmentVegetationZone>
      <SubCatchmentVegetationZoneParameters>
        <TT>0.78674974426466171</TT>
        <CFMAX>3.3484999900710517</CFMAX>
        <SP>0</SP>
        <SFCF>0.81274496336168534</SFCF>
        <CFR>0.064924199069995914</CFR>
        <CWH>0.1000044764153529</CWH>
        <CFGlacier>1</CFGlacier>
        <CFSlope>1</CFSlope>
        <FC>432.91813403407951</FC>
        <LP>0.75136980282892585</LP>
        <BETA>3.2707832785537718</BETA>
      </SubCatchmentVegetationZoneParameters>
    </SubCatchmentVegetationZone>
  </SubCatchment>
</Catchment>