<?xml version="1.0" encoding="utf-8"?>
<Catchment xmlns:xsi="http://www.w3.org/2001/XMLSchema-instance" xmlns:xsd="http://www.w3.org/2001/XMLSchema">
  <CatchmentParameters>
    <KSI>0.001</KSI>
    <KGmin>0.05</KGmin>
    <RangeKG>0.1</RangeKG>
    <AG>0.1</AG>
    <PERC>9.9998529041286677</PERC>
    <Alpha>0</Alpha>
    <UZL>149.15785697404161</UZL>
    <K0>0.46095115104836537</K0>
    <K1>0.10351338374004841</K1>
    <K2>0.098179159250904813</K2>
    <MAXBAS>1.0000000029437108</MAXBAS>
    <Cet>0</Cet>
    <PCALT>10</PCALT>
    <TCALT>0.6</TCALT>
    <Pelev>3165</Pelev>
    <Telev>3224</Telev>
    <PART>0.5</PART>
    <DELAY>1</DELAY>
  </CatchmentParameters>
  <VegetationZone>
    <VegetationZoneParameters>
      <TT>0.70698178134078848</TT>
      <CFMAX>2.85372673641121</CFMAX>
      <SP>0</SP>
      <SFCF>0.72235349091466838</SFCF>
      <CFR>0.071595951490627932</CFR>
      <CWH>0.10117505435781456</CWH>
      <CFGlacier>1</CFGlacier>
      <CFSlope>1</CFSlope>
      <FC>352.97267506367319</FC>
      <LP>0.95916214386585419</LP>
      <BETA>4.5469347397346676</BETA>
    </VegetationZoneParameters>
  </VegetationZone>
  <SubCatchment>
    <SubCatchmentParameters>
      <KSI>0.001</KSI>
      <KGmin>0.05</KGmin>
      <RangeKG>0.1</RangeKG>
      <AG>0.1</AG>
      <PERC>9.9998529041286677</PERC>
      <Alpha>0</Alpha>
      <UZL>149.15785697404161</UZL>
      <K0>0.46095115104836537</K0>
      <K1>0.10351338374004841</K1>
      <K2>0.098179159250904813</K2>
      <MAXBAS>1.0000000029437108</MAXBAS>
      <Cet>0</Cet>
      <PCALT>10</PCALT>
      <TCALT>0.6</TCALT>
      <Pelev>3165</Pelev>
      <Telev>3224</Telev>
      <PART>0.5</PART>
      <DELAY>1</DELAY>
    </SubCatchmentParameters>
    <SubCatchmentVegetationZone>
      <SubCatchmentVegetationZoneParameters>
        <TT>0.70698178134078848</TT>
        <CFMAX>2.85372673641121</CFMAX>
        <SP>0</SP>
        <SFCF>0.72235349091466838</SFCF>
        <CFR>0.071595951490627932</CFR>
        <CWH>0.10117505435781456</CWH>
        <CFGlacier>1</CFGlacier>
        <CFSlope>1</CFSlope>
        <FC>352.97267506367319</FC>
        <LP>0.95916214386585419</LP>
        <BETA>4.5469347397346676</BETA>
      </SubCatchmentVegetationZoneParameters>
    </SubCatchmentVegetationZone>
  </SubCatchment>
</Catchment>