<?xml version="1.0" encoding="utf-8"?>
<Catchment xmlns:xsi="http://www.w3.org/2001/XMLSchema-instance" xmlns:xsd="http://www.w3.org/2001/XMLSchema">
  <CatchmentParameters>
    <KSI>0.001</KSI>
    <KGmin>0.05</KGmin>
    <RangeKG>0.1</RangeKG>
    <AG>0.1</AG>
    <PERC>9.9999706620954587</PERC>
    <Alpha>0</Alpha>
    <UZL>105.41109259645562</UZL>
    <K0>0.35258338502642361</K0>
    <K1>0.14449644308507217</K1>
    <K2>0.10246419040545568</K2>
    <MAXBAS>1.0000287396197449</MAXBAS>
    <Cet>0</Cet>
    <PCALT>10</PCALT>
    <TCALT>0.6</TCALT>
    <Pelev>3165</Pelev>
    <Telev>3224</Telev>
    <PART>0.5</PART>
    <DELAY>1</DELAY>
  </CatchmentParameters>
  <VegetationZone>
    <VegetationZoneParameters>
      <TT>0.052963821184501651</TT>
      <CFMAX>2.0442620049679845</CFMAX>
      <SP>0</SP>
      <SFCF>0.66036070459597773</SFCF>
      <CFR>0.099999495116931666</CFR>
      <CWH>0.16805123936591479</CWH>
      <CFGlacier>1</CFGlacier>
      <CFSlope>1</CFSlope>
      <FC>297.84688494281494</FC>
      <LP>0.99999943050209761</LP>
      <BETA>5.6607059616544655</BETA>
    </VegetationZoneParameters>
  </VegetationZone>
  <SubCatchment>
    <SubCatchmentParameters>
      <KSI>0.001</KSI>
      <KGmin>0.05</KGmin>
      <RangeKG>0.1</RangeKG>
      <AG>0.1</AG>
      <PERC>9.9999706620954587</PERC>
      <Alpha>0</Alpha>
      <UZL>105.41109259645562</UZL>
      <K0>0.35258338502642361</K0>
      <K1>0.14449644308507217</K1>
      <K2>0.10246419040545568</K2>
      <MAXBAS>1.0000287396197449</MAXBAS>
      <Cet>0</Cet>
      <PCALT>10</PCALT>
      <TCALT>0.6</TCALT>
      <Pelev>3165</Pelev>
      <Telev>3224</Telev>
      <PART>0.5</PART>
      <DELAY>1</DELAY>
    </SubCatchmentParameters>
    <SubCatchmentVegetationZone>
      <SubCatchmentVegetationZoneParameters>
        <TT>0.052963821184501651</TT>
        <CFMAX>2.0442620049679845</CFMAX>
        <SP>0</SP>
        <SFCF>0.66036070459597773</SFCF>
        <CFR>0.099999495116931666</CFR>
        <CWH>0.16805123936591479</CWH>
        <CFGlacier>1</CFGlacier>
        <CFSlope>1</CFSlope>
        <FC>297.84688494281494</FC>
        <LP>0.99999943050209761</LP>
        <BETA>5.6607059616544655</BETA>
      </SubCatchmentVegetationZoneParameters>
    </SubCatchmentVegetationZone>
  </SubCatchment>
</Catchment>