<?xml version="1.0" encoding="utf-8"?>
<Catchment xmlns:xsi="http://www.w3.org/2001/XMLSchema-instance" xmlns:xsd="http://www.w3.org/2001/XMLSchema">
  <CatchmentParameters>
    <KSI>0.001</KSI>
    <KGmin>0.05</KGmin>
    <RangeKG>0.1</RangeKG>
    <AG>0.1</AG>
    <PERC>7.09697300543</PERC>
    <Alpha>0</Alpha>
    <UZL>180.24579107789413</UZL>
    <K0>0.11460262994473223</K0>
    <K1>0.0871061407117899</K1>
    <K2>0.11814439068923321</K2>
    <MAXBAS>1.0001288395981332</MAXBAS>
    <Cet>0</Cet>
    <PCALT>10</PCALT>
    <TCALT>0.6</TCALT>
    <Pelev>3165</Pelev>
    <Telev>3224</Telev>
    <PART>0.5</PART>
    <DELAY>1</DELAY>
  </CatchmentParameters>
  <VegetationZone>
    <VegetationZoneParameters>
      <TT>1.0039961974829221</TT>
      <CFMAX>3.2269661474307672</CFMAX>
      <SP>0</SP>
      <SFCF>0.74168609889388915</SFCF>
      <CFR>0.055505181557199065</CFR>
      <CWH>0.10000031923132728</CWH>
      <CFGlacier>1</CFGlacier>
      <CFSlope>1</CFSlope>
      <FC>421.06558518151792</FC>
      <LP>0.99999902703545562</LP>
      <BETA>4.3087417161531549</BETA>
    </VegetationZoneParameters>
  </VegetationZone>
  <SubCatchment>
    <SubCatchmentParameters>
      <KSI>0.001</KSI>
      <KGmin>0.05</KGmin>
      <RangeKG>0.1</RangeKG>
      <AG>0.1</AG>
      <PERC>7.09697300543</PERC>
      <Alpha>0</Alpha>
      <UZL>180.24579107789413</UZL>
      <K0>0.11460262994473223</K0>
      <K1>0.0871061407117899</K1>
      <K2>0.11814439068923321</K2>
      <MAXBAS>1.0001288395981332</MAXBAS>
      <Cet>0</Cet>
      <PCALT>10</PCALT>
      <TCALT>0.6</TCALT>
      <Pelev>3165</Pelev>
      <Telev>3224</Telev>
      <PART>0.5</PART>
      <DELAY>1</DELAY>
    </SubCatchmentParameters>
    <SubCatchmentVegetationZone>
      <SubCatchmentVegetationZoneParameters>
        <TT>1.0039961974829221</TT>
        <CFMAX>3.2269661474307672</CFMAX>
        <SP>0</SP>
        <SFCF>0.74168609889388915</SFCF>
        <CFR>0.055505181557199065</CFR>
        <CWH>0.10000031923132728</CWH>
        <CFGlacier>1</CFGlacier>
        <CFSlope>1</CFSlope>
        <FC>421.06558518151792</FC>
        <LP>0.99999902703545562</LP>
        <BETA>4.3087417161531549</BETA>
      </SubCatchmentVegetationZoneParameters>
    </SubCatchmentVegetationZone>
  </SubCatchment>
</Catchment>