<?xml version="1.0" encoding="utf-8"?>
<Catchment xmlns:xsi="http://www.w3.org/2001/XMLSchema-instance" xmlns:xsd="http://www.w3.org/2001/XMLSchema">
  <CatchmentParameters>
    <KSI>0.001</KSI>
    <KGmin>0.05</KGmin>
    <RangeKG>0.1</RangeKG>
    <AG>0.1</AG>
    <PERC>8.485230467161065</PERC>
    <Alpha>0</Alpha>
    <UZL>150.80345231726554</UZL>
    <K0>0.25369977076553718</K0>
    <K1>0.10200336533966938</K1>
    <K2>0.12234587168067682</K2>
    <MAXBAS>1.0000386308404303</MAXBAS>
    <Cet>0</Cet>
    <PCALT>10</PCALT>
    <TCALT>0.6</TCALT>
    <Pelev>3165</Pelev>
    <Telev>3224</Telev>
    <PART>0.5</PART>
    <DELAY>1</DELAY>
  </CatchmentParameters>
  <VegetationZone>
    <VegetationZoneParameters>
      <TT>1.743994081891217</TT>
      <CFMAX>3.0456485260632875</CFMAX>
      <SP>0</SP>
      <SFCF>0.61780496958303133</SFCF>
      <CFR>0.033081576794041161</CFR>
      <CWH>0.10000074318916935</CWH>
      <CFGlacier>1</CFGlacier>
      <CFSlope>1</CFSlope>
      <FC>237.48349936662382</FC>
      <LP>0.999971826594644</LP>
      <BETA>3.840626031715427</BETA>
    </VegetationZoneParameters>
  </VegetationZone>
  <SubCatchment>
    <SubCatchmentParameters>
      <KSI>0.001</KSI>
      <KGmin>0.05</KGmin>
      <RangeKG>0.1</RangeKG>
      <AG>0.1</AG>
      <PERC>8.485230467161065</PERC>
      <Alpha>0</Alpha>
      <UZL>150.80345231726554</UZL>
      <K0>0.25369977076553718</K0>
      <K1>0.10200336533966938</K1>
      <K2>0.12234587168067682</K2>
      <MAXBAS>1.0000386308404303</MAXBAS>
      <Cet>0</Cet>
      <PCALT>10</PCALT>
      <TCALT>0.6</TCALT>
      <Pelev>3165</Pelev>
      <Telev>3224</Telev>
      <PART>0.5</PART>
      <DELAY>1</DELAY>
    </SubCatchmentParameters>
    <SubCatchmentVegetationZone>
      <SubCatchmentVegetationZoneParameters>
        <TT>1.743994081891217</TT>
        <CFMAX>3.0456485260632875</CFMAX>
        <SP>0</SP>
        <SFCF>0.61780496958303133</SFCF>
        <CFR>0.033081576794041161</CFR>
        <CWH>0.10000074318916935</CWH>
        <CFGlacier>1</CFGlacier>
        <CFSlope>1</CFSlope>
        <FC>237.48349936662382</FC>
        <LP>0.999971826594644</LP>
        <BETA>3.840626031715427</BETA>
      </SubCatchmentVegetationZoneParameters>
    </SubCatchmentVegetationZone>
  </SubCatchment>
</Catchment>