<?xml version="1.0" encoding="utf-8"?>
<Catchment xmlns:xsi="http://www.w3.org/2001/XMLSchema-instance" xmlns:xsd="http://www.w3.org/2001/XMLSchema">
  <CatchmentParameters>
    <KSI>0.001</KSI>
    <KGmin>0.05</KGmin>
    <RangeKG>0.1</RangeKG>
    <AG>0.1</AG>
    <PERC>0.27546007536143557</PERC>
    <Alpha>0</Alpha>
    <UZL>146.47955140796822</UZL>
    <K0>0.5438899080637225</K0>
    <K1>0.10748502870290443</K1>
    <K2>0.010409745672187375</K2>
    <MAXBAS>1</MAXBAS>
    <Cet>0</Cet>
    <PCALT>10</PCALT>
    <TCALT>0.6</TCALT>
    <Pelev>3165</Pelev>
    <Telev>3224</Telev>
    <PART>0.5</PART>
    <DELAY>1</DELAY>
  </CatchmentParameters>
  <VegetationZone>
    <VegetationZoneParameters>
      <TT>-0.75600561245028219</TT>
      <CFMAX>2.8333182599119078</CFMAX>
      <SP>0</SP>
      <SFCF>1.0850469904343405</SFCF>
      <CFR>0.099999022384407943</CFR>
      <CWH>0.16757329974062329</CWH>
      <CFGlacier>1</CFGlacier>
      <CFSlope>1</CFSlope>
      <FC>996.10183791188433</FC>
      <LP>0.68745936606501123</LP>
      <BETA>2.3841974205032552</BETA>
    </VegetationZoneParameters>
  </VegetationZone>
  <SubCatchment>
    <SubCatchmentParameters>
      <KSI>0.001</KSI>
      <KGmin>0.05</KGmin>
      <RangeKG>0.1</RangeKG>
      <AG>0.1</AG>
      <PERC>0.27546007536143557</PERC>
      <Alpha>0</Alpha>
      <UZL>146.47955140796822</UZL>
      <K0>0.5438899080637225</K0>
      <K1>0.10748502870290443</K1>
      <K2>0.010409745672187375</K2>
      <MAXBAS>1</MAXBAS>
      <Cet>0</Cet>
      <PCALT>10</PCALT>
      <TCALT>0.6</TCALT>
      <Pelev>3165</Pelev>
      <Telev>3224</Telev>
      <PART>0.5</PART>
      <DELAY>1</DELAY>
    </SubCatchmentParameters>
    <SubCatchmentVegetationZone>
      <SubCatchmentVegetationZoneParameters>
        <TT>-0.75600561245028219</TT>
        <CFMAX>2.8333182599119078</CFMAX>
        <SP>0</SP>
        <SFCF>1.0850469904343405</SFCF>
        <CFR>0.099999022384407943</CFR>
        <CWH>0.16757329974062329</CWH>
        <CFGlacier>1</CFGlacier>
        <CFSlope>1</CFSlope>
        <FC>996.10183791188433</FC>
        <LP>0.68745936606501123</LP>
        <BETA>2.3841974205032552</BETA>
      </SubCatchmentVegetationZoneParameters>
    </SubCatchmentVegetationZone>
  </SubCatchment>
</Catchment>