<?xml version="1.0" encoding="utf-8"?>
<Catchment xmlns:xsi="http://www.w3.org/2001/XMLSchema-instance" xmlns:xsd="http://www.w3.org/2001/XMLSchema">
  <CatchmentParameters>
    <KSI>0.001</KSI>
    <KGmin>0.05</KGmin>
    <RangeKG>0.1</RangeKG>
    <AG>0.1</AG>
    <PERC>6.66924486271456</PERC>
    <Alpha>0</Alpha>
    <UZL>161.29549383797263</UZL>
    <K0>0.48233369861724179</K0>
    <K1>0.081052108920238924</K1>
    <K2>0.10431171947803231</K2>
    <MAXBAS>1.0048389054097262</MAXBAS>
    <Cet>0</Cet>
    <PCALT>10</PCALT>
    <TCALT>0.6</TCALT>
    <Pelev>3165</Pelev>
    <Telev>3224</Telev>
    <PART>0.5</PART>
    <DELAY>1</DELAY>
  </CatchmentParameters>
  <VegetationZone>
    <VegetationZoneParameters>
      <TT>0.10399877569703196</TT>
      <CFMAX>2.6774823112773207</CFMAX>
      <SP>0</SP>
      <SFCF>0.78172624114798184</SFCF>
      <CFR>0.0999994528477206</CFR>
      <CWH>0.10000092186840581</CWH>
      <CFGlacier>1</CFGlacier>
      <CFSlope>1</CFSlope>
      <FC>392.82963770248864</FC>
      <LP>0.833694895409325</LP>
      <BETA>4.9366984163473182</BETA>
    </VegetationZoneParameters>
  </VegetationZone>
  <SubCatchment>
    <SubCatchmentParameters>
      <KSI>0.001</KSI>
      <KGmin>0.05</KGmin>
      <RangeKG>0.1</RangeKG>
      <AG>0.1</AG>
      <PERC>6.66924486271456</PERC>
      <Alpha>0</Alpha>
      <UZL>161.29549383797263</UZL>
      <K0>0.48233369861724179</K0>
      <K1>0.081052108920238924</K1>
      <K2>0.10431171947803231</K2>
      <MAXBAS>1.0048389054097262</MAXBAS>
      <Cet>0</Cet>
      <PCALT>10</PCALT>
      <TCALT>0.6</TCALT>
      <Pelev>3165</Pelev>
      <Telev>3224</Telev>
      <PART>0.5</PART>
      <DELAY>1</DELAY>
    </SubCatchmentParameters>
    <SubCatchmentVegetationZone>
      <SubCatchmentVegetationZoneParameters>
        <TT>0.10399877569703196</TT>
        <CFMAX>2.6774823112773207</CFMAX>
        <SP>0</SP>
        <SFCF>0.78172624114798184</SFCF>
        <CFR>0.0999994528477206</CFR>
        <CWH>0.10000092186840581</CWH>
        <CFGlacier>1</CFGlacier>
        <CFSlope>1</CFSlope>
        <FC>392.82963770248864</FC>
        <LP>0.833694895409325</LP>
        <BETA>4.9366984163473182</BETA>
      </SubCatchmentVegetationZoneParameters>
    </SubCatchmentVegetationZone>
  </SubCatchment>
</Catchment>