<?xml version="1.0" encoding="utf-8"?>
<Catchment xmlns:xsi="http://www.w3.org/2001/XMLSchema-instance" xmlns:xsd="http://www.w3.org/2001/XMLSchema">
  <CatchmentParameters>
    <KSI>0.001</KSI>
    <KGmin>0.05</KGmin>
    <RangeKG>0.1</RangeKG>
    <AG>0.1</AG>
    <PERC>0.27959758473139579</PERC>
    <Alpha>0</Alpha>
    <UZL>128.45823927908154</UZL>
    <K0>0.54545419279458252</K0>
    <K1>0.11856570128838441</K1>
    <K2>0.010000000182732678</K2>
    <MAXBAS>1</MAXBAS>
    <Cet>0</Cet>
    <PCALT>10</PCALT>
    <TCALT>0.6</TCALT>
    <Pelev>3165</Pelev>
    <Telev>3224</Telev>
    <PART>0.5</PART>
    <DELAY>1</DELAY>
  </CatchmentParameters>
  <VegetationZone>
    <VegetationZoneParameters>
      <TT>-1.2989052715720773</TT>
      <CFMAX>2.259970480904145</CFMAX>
      <SP>0</SP>
      <SFCF>1.0550939821456582</SFCF>
      <CFR>0.099999764048877962</CFR>
      <CWH>0.11645629141188538</CWH>
      <CFGlacier>1</CFGlacier>
      <CFSlope>1</CFSlope>
      <FC>1260.7772998805954</FC>
      <LP>0.96628973308192279</LP>
      <BETA>4.6319054494162835</BETA>
    </VegetationZoneParameters>
  </VegetationZone>
  <SubCatchment>
    <SubCatchmentParameters>
      <KSI>0.001</KSI>
      <KGmin>0.05</KGmin>
      <RangeKG>0.1</RangeKG>
      <AG>0.1</AG>
      <PERC>0.27959758473139579</PERC>
      <Alpha>0</Alpha>
      <UZL>128.45823927908154</UZL>
      <K0>0.54545419279458252</K0>
      <K1>0.11856570128838441</K1>
      <K2>0.010000000182732678</K2>
      <MAXBAS>1</MAXBAS>
      <Cet>0</Cet>
      <PCALT>10</PCALT>
      <TCALT>0.6</TCALT>
      <Pelev>3165</Pelev>
      <Telev>3224</Telev>
      <PART>0.5</PART>
      <DELAY>1</DELAY>
    </SubCatchmentParameters>
    <SubCatchmentVegetationZone>
      <SubCatchmentVegetationZoneParameters>
        <TT>-1.2989052715720773</TT>
        <CFMAX>2.259970480904145</CFMAX>
        <SP>0</SP>
        <SFCF>1.0550939821456582</SFCF>
        <CFR>0.099999764048877962</CFR>
        <CWH>0.11645629141188538</CWH>
        <CFGlacier>1</CFGlacier>
        <CFSlope>1</CFSlope>
        <FC>1260.7772998805954</FC>
        <LP>0.96628973308192279</LP>
        <BETA>4.6319054494162835</BETA>
      </SubCatchmentVegetationZoneParameters>
    </SubCatchmentVegetationZone>
  </SubCatchment>
</Catchment>