<?xml version="1.0" encoding="utf-8"?>
<Catchment xmlns:xsi="http://www.w3.org/2001/XMLSchema-instance" xmlns:xsd="http://www.w3.org/2001/XMLSchema">
  <CatchmentParameters>
    <KSI>0.001</KSI>
    <KGmin>0.05</KGmin>
    <RangeKG>0.1</RangeKG>
    <AG>0.1</AG>
    <PERC>0.27724660529590978</PERC>
    <Alpha>0</Alpha>
    <UZL>140.47632799317171</UZL>
    <K0>0.45061560805390033</K0>
    <K1>0.11326248558521464</K1>
    <K2>0.010000016780484032</K2>
    <MAXBAS>1</MAXBAS>
    <Cet>0</Cet>
    <PCALT>10</PCALT>
    <TCALT>0.6</TCALT>
    <Pelev>3165</Pelev>
    <Telev>3224</Telev>
    <PART>0.5</PART>
    <DELAY>1</DELAY>
  </CatchmentParameters>
  <VegetationZone>
    <VegetationZoneParameters>
      <TT>-1.022424815631451</TT>
      <CFMAX>2.3882224886275463</CFMAX>
      <SP>0</SP>
      <SFCF>1.0502853207825253</SFCF>
      <CFR>0.099998952781561859</CFR>
      <CWH>0.10688856324151161</CWH>
      <CFGlacier>1</CFGlacier>
      <CFSlope>1</CFSlope>
      <FC>1169.1076572523391</FC>
      <LP>0.92220455569627058</LP>
      <BETA>3.9945461640112736</BETA>
    </VegetationZoneParameters>
  </VegetationZone>
  <SubCatchment>
    <SubCatchmentParameters>
      <KSI>0.001</KSI>
      <KGmin>0.05</KGmin>
      <RangeKG>0.1</RangeKG>
      <AG>0.1</AG>
      <PERC>0.27724660529590978</PERC>
      <Alpha>0</Alpha>
      <UZL>140.47632799317171</UZL>
      <K0>0.45061560805390033</K0>
      <K1>0.11326248558521464</K1>
      <K2>0.010000016780484032</K2>
      <MAXBAS>1</MAXBAS>
      <Cet>0</Cet>
      <PCALT>10</PCALT>
      <TCALT>0.6</TCALT>
      <Pelev>3165</Pelev>
      <Telev>3224</Telev>
      <PART>0.5</PART>
      <DELAY>1</DELAY>
    </SubCatchmentParameters>
    <SubCatchmentVegetationZone>
      <SubCatchmentVegetationZoneParameters>
        <TT>-1.022424815631451</TT>
        <CFMAX>2.3882224886275463</CFMAX>
        <SP>0</SP>
        <SFCF>1.0502853207825253</SFCF>
        <CFR>0.099998952781561859</CFR>
        <CWH>0.10688856324151161</CWH>
        <CFGlacier>1</CFGlacier>
        <CFSlope>1</CFSlope>
        <FC>1169.1076572523391</FC>
        <LP>0.92220455569627058</LP>
        <BETA>3.9945461640112736</BETA>
      </SubCatchmentVegetationZoneParameters>
    </SubCatchmentVegetationZone>
  </SubCatchment>
</Catchment>