<?xml version="1.0" encoding="utf-8"?>
<Catchment xmlns:xsi="http://www.w3.org/2001/XMLSchema-instance" xmlns:xsd="http://www.w3.org/2001/XMLSchema">
  <CatchmentParameters>
    <KSI>0.001</KSI>
    <KGmin>0.05</KGmin>
    <RangeKG>0.1</RangeKG>
    <AG>0.1</AG>
    <PERC>7.97186275562043</PERC>
    <Alpha>0</Alpha>
    <UZL>114.77732386815251</UZL>
    <K0>0.12262606093327796</K0>
    <K1>0.086837872632332516</K1>
    <K2>0.1030908586959217</K2>
    <MAXBAS>1.0049953522144248</MAXBAS>
    <Cet>0</Cet>
    <PCALT>10</PCALT>
    <TCALT>0.6</TCALT>
    <Pelev>3165</Pelev>
    <Telev>3224</Telev>
    <PART>0.5</PART>
    <DELAY>1</DELAY>
  </CatchmentParameters>
  <VegetationZone>
    <VegetationZoneParameters>
      <TT>0.10399870108094222</TT>
      <CFMAX>3.1542483499748335</CFMAX>
      <SP>0</SP>
      <SFCF>0.89539499852754634</SFCF>
      <CFR>0.09999953082985609</CFR>
      <CWH>0.10000001186256576</CWH>
      <CFGlacier>1</CFGlacier>
      <CFSlope>1</CFSlope>
      <FC>489.30621272626854</FC>
      <LP>0.65445165754458345</LP>
      <BETA>3.3354326479264484</BETA>
    </VegetationZoneParameters>
  </VegetationZone>
  <SubCatchment>
    <SubCatchmentParameters>
      <KSI>0.001</KSI>
      <KGmin>0.05</KGmin>
      <RangeKG>0.1</RangeKG>
      <AG>0.1</AG>
      <PERC>7.97186275562043</PERC>
      <Alpha>0</Alpha>
      <UZL>114.77732386815251</UZL>
      <K0>0.12262606093327796</K0>
      <K1>0.086837872632332516</K1>
      <K2>0.1030908586959217</K2>
      <MAXBAS>1.0049953522144248</MAXBAS>
      <Cet>0</Cet>
      <PCALT>10</PCALT>
      <TCALT>0.6</TCALT>
      <Pelev>3165</Pelev>
      <Telev>3224</Telev>
      <PART>0.5</PART>
      <DELAY>1</DELAY>
    </SubCatchmentParameters>
    <SubCatchmentVegetationZone>
      <SubCatchmentVegetationZoneParameters>
        <TT>0.10399870108094222</TT>
        <CFMAX>3.1542483499748335</CFMAX>
        <SP>0</SP>
        <SFCF>0.89539499852754634</SFCF>
        <CFR>0.09999953082985609</CFR>
        <CWH>0.10000001186256576</CWH>
        <CFGlacier>1</CFGlacier>
        <CFSlope>1</CFSlope>
        <FC>489.30621272626854</FC>
        <LP>0.65445165754458345</LP>
        <BETA>3.3354326479264484</BETA>
      </SubCatchmentVegetationZoneParameters>
    </SubCatchmentVegetationZone>
  </SubCatchment>
</Catchment>