<?xml version="1.0" encoding="utf-8"?>
<Catchment xmlns:xsi="http://www.w3.org/2001/XMLSchema-instance" xmlns:xsd="http://www.w3.org/2001/XMLSchema">
  <CatchmentParameters>
    <KSI>0.001</KSI>
    <KGmin>0.05</KGmin>
    <RangeKG>0.1</RangeKG>
    <AG>0.1</AG>
    <PERC>0.30124308779525322</PERC>
    <Alpha>0</Alpha>
    <UZL>155.20039551594618</UZL>
    <K0>0.27515466075141992</K0>
    <K1>0.10568187016930335</K1>
    <K2>0.014817481286531492</K2>
    <MAXBAS>1</MAXBAS>
    <Cet>0</Cet>
    <PCALT>10</PCALT>
    <TCALT>0.6</TCALT>
    <Pelev>3165</Pelev>
    <Telev>3224</Telev>
    <PART>0.5</PART>
    <DELAY>1</DELAY>
  </CatchmentParameters>
  <VegetationZone>
    <VegetationZoneParameters>
      <TT>-0.25068348081901248</TT>
      <CFMAX>3.1614025413911597</CFMAX>
      <SP>0</SP>
      <SFCF>1.0089611211770391</SFCF>
      <CFR>0.09999934133266708</CFR>
      <CWH>0.12977372930461173</CWH>
      <CFGlacier>1</CFGlacier>
      <CFSlope>1</CFSlope>
      <FC>987.9987968448844</FC>
      <LP>0.78422975655782523</LP>
      <BETA>2.2038318957077574</BETA>
    </VegetationZoneParameters>
  </VegetationZone>
  <SubCatchment>
    <SubCatchmentParameters>
      <KSI>0.001</KSI>
      <KGmin>0.05</KGmin>
      <RangeKG>0.1</RangeKG>
      <AG>0.1</AG>
      <PERC>0.30124308779525322</PERC>
      <Alpha>0</Alpha>
      <UZL>155.20039551594618</UZL>
      <K0>0.27515466075141992</K0>
      <K1>0.10568187016930335</K1>
      <K2>0.014817481286531492</K2>
      <MAXBAS>1</MAXBAS>
      <Cet>0</Cet>
      <PCALT>10</PCALT>
      <TCALT>0.6</TCALT>
      <Pelev>3165</Pelev>
      <Telev>3224</Telev>
      <PART>0.5</PART>
      <DELAY>1</DELAY>
    </SubCatchmentParameters>
    <SubCatchmentVegetationZone>
      <SubCatchmentVegetationZoneParameters>
        <TT>-0.25068348081901248</TT>
        <CFMAX>3.1614025413911597</CFMAX>
        <SP>0</SP>
        <SFCF>1.0089611211770391</SFCF>
        <CFR>0.09999934133266708</CFR>
        <CWH>0.12977372930461173</CWH>
        <CFGlacier>1</CFGlacier>
        <CFSlope>1</CFSlope>
        <FC>987.9987968448844</FC>
        <LP>0.78422975655782523</LP>
        <BETA>2.2038318957077574</BETA>
      </SubCatchmentVegetationZoneParameters>
    </SubCatchmentVegetationZone>
  </SubCatchment>
</Catchment>