<?xml version="1.0" encoding="utf-8"?>
<Catchment xmlns:xsi="http://www.w3.org/2001/XMLSchema-instance" xmlns:xsd="http://www.w3.org/2001/XMLSchema">
  <CatchmentParameters>
    <KSI>0.001</KSI>
    <KGmin>0.05</KGmin>
    <RangeKG>0.1</RangeKG>
    <AG>0.1</AG>
    <PERC>2.3423588253476182</PERC>
    <Alpha>0.21730095962347376</Alpha>
    <UZL>137.0748544845984</UZL>
    <K0>0.47995035986263979</K0>
    <K1>0.011839738093393398</K1>
    <K2>0.027243428258310613</K2>
    <MAXBAS>1</MAXBAS>
    <Cet>0</Cet>
    <PCALT>10</PCALT>
    <TCALT>0.6</TCALT>
    <Pelev>2537</Pelev>
    <Telev>2486</Telev>
    <PART>0.5</PART>
    <DELAY>1</DELAY>
  </CatchmentParameters>
  <VegetationZone>
    <VegetationZoneParameters>
      <TT>-2.23402479726702</TT>
      <CFMAX>2.6787733187379943</CFMAX>
      <SP>0</SP>
      <SFCF>0.76078528125126366</SFCF>
      <CFR>0.09999487723800117</CFR>
      <CWH>0.199999999930348</CWH>
      <CFGlacier>1</CFGlacier>
      <CFSlope>1</CFSlope>
      <FC>2481.7574614626988</FC>
      <LP>0.55974671710226531</LP>
      <BETA>1.7792504267750717</BETA>
    </VegetationZoneParameters>
  </VegetationZone>
  <SubCatchment>
    <SubCatchmentParameters>
      <KSI>0.001</KSI>
      <KGmin>0.05</KGmin>
      <RangeKG>0.1</RangeKG>
      <AG>0.1</AG>
      <PERC>2.3423588253476182</PERC>
      <Alpha>0.21730095962347376</Alpha>
      <UZL>137.0748544845984</UZL>
      <K0>0.47995035986263979</K0>
      <K1>0.011839738093393398</K1>
      <K2>0.027243428258310613</K2>
      <MAXBAS>1</MAXBAS>
      <Cet>0</Cet>
      <PCALT>10</PCALT>
      <TCALT>0.6</TCALT>
      <Pelev>2537</Pelev>
      <Telev>2486</Telev>
      <PART>0.5</PART>
      <DELAY>1</DELAY>
    </SubCatchmentParameters>
    <SubCatchmentVegetationZone>
      <SubCatchmentVegetationZoneParameters>
        <TT>-2.23402479726702</TT>
        <CFMAX>2.6787733187379943</CFMAX>
        <SP>0</SP>
        <SFCF>0.76078528125126366</SFCF>
        <CFR>0.09999487723800117</CFR>
        <CWH>0.199999999930348</CWH>
        <CFGlacier>1</CFGlacier>
        <CFSlope>1</CFSlope>
        <FC>2481.7574614626988</FC>
        <LP>0.55974671710226531</LP>
        <BETA>1.7792504267750717</BETA>
      </SubCatchmentVegetationZoneParameters>
    </SubCatchmentVegetationZone>
  </SubCatchment>
</Catchment>