<?xml version="1.0" encoding="utf-8"?>
<Catchment xmlns:xsi="http://www.w3.org/2001/XMLSchema-instance" xmlns:xsd="http://www.w3.org/2001/XMLSchema">
  <VegetationZoneCount>1</VegetationZoneCount>
  <ElevationZoneHeight>
    <double>623</double>
    <double>723</double>
    <double>822.95</double>
    <double>922.9</double>
    <double>1022.9</double>
  </ElevationZoneHeight>
  <SubCatchment>
    <VegetationZone>
      <EVU xsi:type="Basic_EVU">
        <Area>0.15</Area>
      </EVU>
      <EVU xsi:type="Basic_EVU">
        <Area>0.27</Area>
      </EVU>
      <EVU xsi:type="Basic_EVU">
        <Area>0.3</Area>
      </EVU>
      <EVU xsi:type="Basic_EVU">
        <Area>0.21</Area>
      </EVU>
      <EVU xsi:type="Basic_EVU">
        <Area>0.07</Area>
      </EVU>
    </VegetationZone>
    <Lake>
      <Area>0</Area>
      <Elevation>0</Elevation>
      <TT>0</TT>
      <SFCF>0</SFCF>
    </Lake>
    <AbsoluteArea>0</AbsoluteArea>
  </SubCatchment>
</Catchment>