<?xml version="1.0" encoding="utf-8"?>
<Catchment xmlns:xsi="http://www.w3.org/2001/XMLSchema-instance" xmlns:xsd="http://www.w3.org/2001/XMLSchema">
  <CatchmentParameters>
    <KSI>0.001</KSI>
    <KGmin>0.05</KGmin>
    <RangeKG>0.1</RangeKG>
    <AG>0.1</AG>
    <PERC>3.6525563906252008</PERC>
    <Alpha>0</Alpha>
    <UZL>65.293033260457463</UZL>
    <K0>0.5297286440140333</K0>
    <K1>0.799999237303312</K1>
    <K2>0.111817216189665</K2>
    <MAXBAS>1</MAXBAS>
    <Cet>0</Cet>
    <PCALT>10</PCALT>
    <TCALT>0.6</TCALT>
    <Pelev>0</Pelev>
    <Telev>0</Telev>
    <PART>0.5</PART>
    <DELAY>1</DELAY>
  </CatchmentParameters>
  <VegetationZone>
    <VegetationZoneParameters>
      <TT>1.8819934452285552</TT>
      <CFMAX>0.534582065919345</CFMAX>
      <SP>0</SP>
      <SFCF>1.0146180347693969</SFCF>
      <CFR>0.013553820777421614</CFR>
      <CWH>0.19999981895099275</CWH>
      <CFGlacier>1</CFGlacier>
      <CFSlope>1</CFSlope>
      <FC>1985.094751269764</FC>
      <LP>0.65850256879843383</LP>
      <BETA>2.7008565094272514</BETA>
    </VegetationZoneParameters>
  </VegetationZone>
  <SubCatchment>
    <SubCatchmentParameters>
      <KSI>0.001</KSI>
      <KGmin>0.05</KGmin>
      <RangeKG>0.1</RangeKG>
      <AG>0.1</AG>
      <PERC>3.6525563906252008</PERC>
      <Alpha>0</Alpha>
      <UZL>65.293033260457463</UZL>
      <K0>0.5297286440140333</K0>
      <K1>0.799999237303312</K1>
      <K2>0.111817216189665</K2>
      <MAXBAS>1</MAXBAS>
      <Cet>0</Cet>
      <PCALT>10</PCALT>
      <TCALT>0.6</TCALT>
      <Pelev>0</Pelev>
      <Telev>0</Telev>
      <PART>0.5</PART>
      <DELAY>1</DELAY>
    </SubCatchmentParameters>
    <SubCatchmentVegetationZone>
      <SubCatchmentVegetationZoneParameters>
        <TT>1.8819934452285552</TT>
        <CFMAX>0.534582065919345</CFMAX>
        <SP>0</SP>
        <SFCF>1.0146180347693969</SFCF>
        <CFR>0.013553820777421614</CFR>
        <CWH>0.19999981895099275</CWH>
        <CFGlacier>1</CFGlacier>
        <CFSlope>1</CFSlope>
        <FC>1985.094751269764</FC>
        <LP>0.65850256879843383</LP>
        <BETA>2.7008565094272514</BETA>
      </SubCatchmentVegetationZoneParameters>
    </SubCatchmentVegetationZone>
  </SubCatchment>
</Catchment>