<?xml version="1.0" encoding="utf-8"?>
<Catchment xmlns:xsi="http://www.w3.org/2001/XMLSchema-instance" xmlns:xsd="http://www.w3.org/2001/XMLSchema">
  <CatchmentParameters>
    <KSI>0.001</KSI>
    <KGmin>0.05</KGmin>
    <RangeKG>0.1</RangeKG>
    <AG>0.1</AG>
    <PERC>4.1246233513909862</PERC>
    <Alpha>0</Alpha>
    <UZL>4.94674496318709</UZL>
    <K0>0.98999916252231157</K0>
    <K1>0.79994354258501454</K1>
    <K2>0.11872392340070023</K2>
    <MAXBAS>1</MAXBAS>
    <Cet>0</Cet>
    <PCALT>10</PCALT>
    <TCALT>0.6</TCALT>
    <Pelev>0</Pelev>
    <Telev>0</Telev>
    <PART>0.5</PART>
    <DELAY>1</DELAY>
  </CatchmentParameters>
  <VegetationZone>
    <VegetationZoneParameters>
      <TT>-1.3079924711693567</TT>
      <CFMAX>4.2331417038485757</CFMAX>
      <SP>0</SP>
      <SFCF>0.88072355969330229</SFCF>
      <CFR>0.017503573152607008</CFR>
      <CWH>0.19999253982262275</CWH>
      <CFGlacier>1</CFGlacier>
      <CFSlope>1</CFSlope>
      <FC>1905.6536985779549</FC>
      <LP>0.91935237836006845</LP>
      <BETA>4.3836280131011343</BETA>
    </VegetationZoneParameters>
  </VegetationZone>
  <SubCatchment>
    <SubCatchmentParameters>
      <KSI>0.001</KSI>
      <KGmin>0.05</KGmin>
      <RangeKG>0.1</RangeKG>
      <AG>0.1</AG>
      <PERC>4.1246233513909862</PERC>
      <Alpha>0</Alpha>
      <UZL>4.94674496318709</UZL>
      <K0>0.98999916252231157</K0>
      <K1>0.79994354258501454</K1>
      <K2>0.11872392340070023</K2>
      <MAXBAS>1</MAXBAS>
      <Cet>0</Cet>
      <PCALT>10</PCALT>
      <TCALT>0.6</TCALT>
      <Pelev>0</Pelev>
      <Telev>0</Telev>
      <PART>0.5</PART>
      <DELAY>1</DELAY>
    </SubCatchmentParameters>
    <SubCatchmentVegetationZone>
      <SubCatchmentVegetationZoneParameters>
        <TT>-1.3079924711693567</TT>
        <CFMAX>4.2331417038485757</CFMAX>
        <SP>0</SP>
        <SFCF>0.88072355969330229</SFCF>
        <CFR>0.017503573152607008</CFR>
        <CWH>0.19999253982262275</CWH>
        <CFGlacier>1</CFGlacier>
        <CFSlope>1</CFSlope>
        <FC>1905.6536985779549</FC>
        <LP>0.91935237836006845</LP>
        <BETA>4.3836280131011343</BETA>
      </SubCatchmentVegetationZoneParameters>
    </SubCatchmentVegetationZone>
  </SubCatchment>
</Catchment>