<?xml version="1.0" encoding="utf-8"?>
<Catchment xmlns:xsi="http://www.w3.org/2001/XMLSchema-instance" xmlns:xsd="http://www.w3.org/2001/XMLSchema">
  <CatchmentParameters>
    <KSI>0.001</KSI>
    <KGmin>0.05</KGmin>
    <RangeKG>0.1</RangeKG>
    <AG>0.1</AG>
    <PERC>4.411075259271259</PERC>
    <Alpha>0</Alpha>
    <UZL>96.9687618231358</UZL>
    <K0>0.27680015657328461</K0>
    <K1>0.57447048527718325</K1>
    <K2>0.11984238471261312</K2>
    <MAXBAS>1</MAXBAS>
    <Cet>0</Cet>
    <PCALT>10</PCALT>
    <TCALT>0.6</TCALT>
    <Pelev>0</Pelev>
    <Telev>0</Telev>
    <PART>0.5</PART>
    <DELAY>1</DELAY>
  </CatchmentParameters>
  <VegetationZone>
    <VegetationZoneParameters>
      <TT>0.73001153688384457</TT>
      <CFMAX>4.2184437539586348</CFMAX>
      <SP>0</SP>
      <SFCF>0.50000049821449877</SFCF>
      <CFR>0.034487075148430781</CFR>
      <CWH>0.10000058609913685</CWH>
      <CFGlacier>1</CFGlacier>
      <CFSlope>1</CFSlope>
      <FC>160.84558330024726</FC>
      <LP>0.44551121434646773</LP>
      <BETA>2.7226268747103255</BETA>
    </VegetationZoneParameters>
  </VegetationZone>
  <SubCatchment>
    <SubCatchmentParameters>
      <KSI>0.001</KSI>
      <KGmin>0.05</KGmin>
      <RangeKG>0.1</RangeKG>
      <AG>0.1</AG>
      <PERC>4.411075259271259</PERC>
      <Alpha>0</Alpha>
      <UZL>96.9687618231358</UZL>
      <K0>0.27680015657328461</K0>
      <K1>0.57447048527718325</K1>
      <K2>0.11984238471261312</K2>
      <MAXBAS>1</MAXBAS>
      <Cet>0</Cet>
      <PCALT>10</PCALT>
      <TCALT>0.6</TCALT>
      <Pelev>0</Pelev>
      <Telev>0</Telev>
      <PART>0.5</PART>
      <DELAY>1</DELAY>
    </SubCatchmentParameters>
    <SubCatchmentVegetationZone>
      <SubCatchmentVegetationZoneParameters>
        <TT>0.73001153688384457</TT>
        <CFMAX>4.2184437539586348</CFMAX>
        <SP>0</SP>
        <SFCF>0.50000049821449877</SFCF>
        <CFR>0.034487075148430781</CFR>
        <CWH>0.10000058609913685</CWH>
        <CFGlacier>1</CFGlacier>
        <CFSlope>1</CFSlope>
        <FC>160.84558330024726</FC>
        <LP>0.44551121434646773</LP>
        <BETA>2.7226268747103255</BETA>
      </SubCatchmentVegetationZoneParameters>
    </SubCatchmentVegetationZone>
  </SubCatchment>
</Catchment>