<?xml version="1.0" encoding="utf-8"?>
<Catchment xmlns:xsi="http://www.w3.org/2001/XMLSchema-instance" xmlns:xsd="http://www.w3.org/2001/XMLSchema">
  <CatchmentParameters>
    <KSI>0.001</KSI>
    <KGmin>0.05</KGmin>
    <RangeKG>0.1</RangeKG>
    <AG>0.1</AG>
    <PERC>4.2565141369982396</PERC>
    <Alpha>0</Alpha>
    <UZL>46.012894610803166</UZL>
    <K0>0.50462943474130251</K0>
    <K1>0.79999899030329158</K1>
    <K2>0.12450898810969435</K2>
    <MAXBAS>1</MAXBAS>
    <Cet>0</Cet>
    <PCALT>10</PCALT>
    <TCALT>0.6</TCALT>
    <Pelev>0</Pelev>
    <Telev>0</Telev>
    <PART>0.5</PART>
    <DELAY>1</DELAY>
  </CatchmentParameters>
  <VegetationZone>
    <VegetationZoneParameters>
      <TT>2.4999953060881817</TT>
      <CFMAX>0.65748928092658254</CFMAX>
      <SP>0</SP>
      <SFCF>1.1456480547656243</SFCF>
      <CFR>0.050004801321006806</CFR>
      <CWH>0.19998177109929011</CWH>
      <CFGlacier>1</CFGlacier>
      <CFSlope>1</CFSlope>
      <FC>828.748461744657</FC>
      <LP>0.53231193829724777</LP>
      <BETA>2.0639737404953689</BETA>
    </VegetationZoneParameters>
  </VegetationZone>
  <SubCatchment>
    <SubCatchmentParameters>
      <KSI>0.001</KSI>
      <KGmin>0.05</KGmin>
      <RangeKG>0.1</RangeKG>
      <AG>0.1</AG>
      <PERC>4.2565141369982396</PERC>
      <Alpha>0</Alpha>
      <UZL>46.012894610803166</UZL>
      <K0>0.50462943474130251</K0>
      <K1>0.79999899030329158</K1>
      <K2>0.12450898810969435</K2>
      <MAXBAS>1</MAXBAS>
      <Cet>0</Cet>
      <PCALT>10</PCALT>
      <TCALT>0.6</TCALT>
      <Pelev>0</Pelev>
      <Telev>0</Telev>
      <PART>0.5</PART>
      <DELAY>1</DELAY>
    </SubCatchmentParameters>
    <SubCatchmentVegetationZone>
      <SubCatchmentVegetationZoneParameters>
        <TT>2.4999953060881817</TT>
        <CFMAX>0.65748928092658254</CFMAX>
        <SP>0</SP>
        <SFCF>1.1456480547656243</SFCF>
        <CFR>0.050004801321006806</CFR>
        <CWH>0.19998177109929011</CWH>
        <CFGlacier>1</CFGlacier>
        <CFSlope>1</CFSlope>
        <FC>828.748461744657</FC>
        <LP>0.53231193829724777</LP>
        <BETA>2.0639737404953689</BETA>
      </SubCatchmentVegetationZoneParameters>
    </SubCatchmentVegetationZone>
  </SubCatchment>
</Catchment>