<?xml version="1.0" encoding="utf-8"?>
<Catchment xmlns:xsi="http://www.w3.org/2001/XMLSchema-instance" xmlns:xsd="http://www.w3.org/2001/XMLSchema">
  <CatchmentParameters>
    <KSI>0.001</KSI>
    <KGmin>0.05</KGmin>
    <RangeKG>0.1</RangeKG>
    <AG>0.1</AG>
    <PERC>5.0374062429011577</PERC>
    <Alpha>0</Alpha>
    <UZL>195.54703568411767</UZL>
    <K0>0.27683136690890425</K0>
    <K1>0.61029295559028451</K1>
    <K2>0.13123679961406473</K2>
    <MAXBAS>1</MAXBAS>
    <Cet>0</Cet>
    <PCALT>10</PCALT>
    <TCALT>0.6</TCALT>
    <Pelev>0</Pelev>
    <Telev>0</Telev>
    <PART>0.5</PART>
    <DELAY>1</DELAY>
  </CatchmentParameters>
  <VegetationZone>
    <VegetationZoneParameters>
      <TT>2.4999843778673108</TT>
      <CFMAX>0.50000004383797514</CFMAX>
      <SP>0</SP>
      <SFCF>0.50005233195604182</SFCF>
      <CFR>0.085585094481069351</CFR>
      <CWH>0.19999774539707504</CWH>
      <CFGlacier>1</CFGlacier>
      <CFSlope>1</CFSlope>
      <FC>287.44914625677382</FC>
      <LP>0.76768368924450059</LP>
      <BETA>3.3481312563206216</BETA>
    </VegetationZoneParameters>
  </VegetationZone>
  <SubCatchment>
    <SubCatchmentParameters>
      <KSI>0.001</KSI>
      <KGmin>0.05</KGmin>
      <RangeKG>0.1</RangeKG>
      <AG>0.1</AG>
      <PERC>5.0374062429011577</PERC>
      <Alpha>0</Alpha>
      <UZL>195.54703568411767</UZL>
      <K0>0.27683136690890425</K0>
      <K1>0.61029295559028451</K1>
      <K2>0.13123679961406473</K2>
      <MAXBAS>1</MAXBAS>
      <Cet>0</Cet>
      <PCALT>10</PCALT>
      <TCALT>0.6</TCALT>
      <Pelev>0</Pelev>
      <Telev>0</Telev>
      <PART>0.5</PART>
      <DELAY>1</DELAY>
    </SubCatchmentParameters>
    <SubCatchmentVegetationZone>
      <SubCatchmentVegetationZoneParameters>
        <TT>2.4999843778673108</TT>
        <CFMAX>0.50000004383797514</CFMAX>
        <SP>0</SP>
        <SFCF>0.50005233195604182</SFCF>
        <CFR>0.085585094481069351</CFR>
        <CWH>0.19999774539707504</CWH>
        <CFGlacier>1</CFGlacier>
        <CFSlope>1</CFSlope>
        <FC>287.44914625677382</FC>
        <LP>0.76768368924450059</LP>
        <BETA>3.3481312563206216</BETA>
      </SubCatchmentVegetationZoneParameters>
    </SubCatchmentVegetationZone>
  </SubCatchment>
</Catchment>