<?xml version="1.0" encoding="utf-8"?>
<Catchment xmlns:xsi="http://www.w3.org/2001/XMLSchema-instance" xmlns:xsd="http://www.w3.org/2001/XMLSchema">
  <CatchmentParameters>
    <KSI>0.001</KSI>
    <KGmin>0.05</KGmin>
    <RangeKG>0.1</RangeKG>
    <AG>0.1</AG>
    <PERC>4.0374424694416469</PERC>
    <Alpha>0</Alpha>
    <UZL>99.277445873732759</UZL>
    <K0>0.28745450669535583</K0>
    <K1>0.7999989974001025</K1>
    <K2>0.12047713244752709</K2>
    <MAXBAS>1</MAXBAS>
    <Cet>0</Cet>
    <PCALT>10</PCALT>
    <TCALT>0.6</TCALT>
    <Pelev>0</Pelev>
    <Telev>0</Telev>
    <PART>0.5</PART>
    <DELAY>1</DELAY>
  </CatchmentParameters>
  <VegetationZone>
    <VegetationZoneParameters>
      <TT>-0.9452562808804057</TT>
      <CFMAX>3.5829446013352091</CFMAX>
      <SP>0</SP>
      <SFCF>0.56493651094987452</SFCF>
      <CFR>0.024702579502253505</CFR>
      <CWH>0.19999357749113347</CWH>
      <CFGlacier>1</CFGlacier>
      <CFSlope>1</CFSlope>
      <FC>2299.1495430284563</FC>
      <LP>0.96086811416822093</LP>
      <BETA>5.1499112108287486</BETA>
    </VegetationZoneParameters>
  </VegetationZone>
  <SubCatchment>
    <SubCatchmentParameters>
      <KSI>0.001</KSI>
      <KGmin>0.05</KGmin>
      <RangeKG>0.1</RangeKG>
      <AG>0.1</AG>
      <PERC>4.0374424694416469</PERC>
      <Alpha>0</Alpha>
      <UZL>99.277445873732759</UZL>
      <K0>0.28745450669535583</K0>
      <K1>0.7999989974001025</K1>
      <K2>0.12047713244752709</K2>
      <MAXBAS>1</MAXBAS>
      <Cet>0</Cet>
      <PCALT>10</PCALT>
      <TCALT>0.6</TCALT>
      <Pelev>0</Pelev>
      <Telev>0</Telev>
      <PART>0.5</PART>
      <DELAY>1</DELAY>
    </SubCatchmentParameters>
    <SubCatchmentVegetationZone>
      <SubCatchmentVegetationZoneParameters>
        <TT>-0.9452562808804057</TT>
        <CFMAX>3.5829446013352091</CFMAX>
        <SP>0</SP>
        <SFCF>0.56493651094987452</SFCF>
        <CFR>0.024702579502253505</CFR>
        <CWH>0.19999357749113347</CWH>
        <CFGlacier>1</CFGlacier>
        <CFSlope>1</CFSlope>
        <FC>2299.1495430284563</FC>
        <LP>0.96086811416822093</LP>
        <BETA>5.1499112108287486</BETA>
      </SubCatchmentVegetationZoneParameters>
    </SubCatchmentVegetationZone>
  </SubCatchment>
</Catchment>