<?xml version="1.0" encoding="utf-8"?>
<Catchment xmlns:xsi="http://www.w3.org/2001/XMLSchema-instance" xmlns:xsd="http://www.w3.org/2001/XMLSchema">
  <CatchmentParameters>
    <KSI>0.001</KSI>
    <KGmin>0.05</KGmin>
    <RangeKG>0.1</RangeKG>
    <AG>0.1</AG>
    <PERC>4.6673065741408362</PERC>
    <Alpha>0</Alpha>
    <UZL>177.38211961598918</UZL>
    <K0>0.49057701355331829</K0>
    <K1>0.79999855742982762</K1>
    <K2>0.13587190970713539</K2>
    <MAXBAS>1</MAXBAS>
    <Cet>0</Cet>
    <PCALT>10</PCALT>
    <TCALT>0.6</TCALT>
    <Pelev>0</Pelev>
    <Telev>0</Telev>
    <PART>0.5</PART>
    <DELAY>1</DELAY>
  </CatchmentParameters>
  <VegetationZone>
    <VegetationZoneParameters>
      <TT>2.28624993209556</TT>
      <CFMAX>0.63768076429564391</CFMAX>
      <SP>0</SP>
      <SFCF>1.1830615264571927</SFCF>
      <CFR>0.055892847348150657</CFR>
      <CWH>0.16490295604007971</CWH>
      <CFGlacier>1</CFGlacier>
      <CFSlope>1</CFSlope>
      <FC>568.91075282806207</FC>
      <LP>0.69730739667847752</LP>
      <BETA>2.8421239999793366</BETA>
    </VegetationZoneParameters>
  </VegetationZone>
  <SubCatchment>
    <SubCatchmentParameters>
      <KSI>0.001</KSI>
      <KGmin>0.05</KGmin>
      <RangeKG>0.1</RangeKG>
      <AG>0.1</AG>
      <PERC>4.6673065741408362</PERC>
      <Alpha>0</Alpha>
      <UZL>177.38211961598918</UZL>
      <K0>0.49057701355331829</K0>
      <K1>0.79999855742982762</K1>
      <K2>0.13587190970713539</K2>
      <MAXBAS>1</MAXBAS>
      <Cet>0</Cet>
      <PCALT>10</PCALT>
      <TCALT>0.6</TCALT>
      <Pelev>0</Pelev>
      <Telev>0</Telev>
      <PART>0.5</PART>
      <DELAY>1</DELAY>
    </SubCatchmentParameters>
    <SubCatchmentVegetationZone>
      <SubCatchmentVegetationZoneParameters>
        <TT>2.28624993209556</TT>
        <CFMAX>0.63768076429564391</CFMAX>
        <SP>0</SP>
        <SFCF>1.1830615264571927</SFCF>
        <CFR>0.055892847348150657</CFR>
        <CWH>0.16490295604007971</CWH>
        <CFGlacier>1</CFGlacier>
        <CFSlope>1</CFSlope>
        <FC>568.91075282806207</FC>
        <LP>0.69730739667847752</LP>
        <BETA>2.8421239999793366</BETA>
      </SubCatchmentVegetationZoneParameters>
    </SubCatchmentVegetationZone>
  </SubCatchment>
</Catchment>