<?xml version="1.0" encoding="utf-8"?>
<Catchment xmlns:xsi="http://www.w3.org/2001/XMLSchema-instance" xmlns:xsd="http://www.w3.org/2001/XMLSchema">
  <CatchmentParameters>
    <KSI>0.001</KSI>
    <KGmin>0.05</KGmin>
    <RangeKG>0.1</RangeKG>
    <AG>0.1</AG>
    <PERC>0.71929301620623975</PERC>
    <Alpha>0</Alpha>
    <UZL>4.2819294840129638</UZL>
    <K0>0.83886615590826952</K0>
    <K1>0.01000005506169213</K1>
    <K2>0.12438084706954883</K2>
    <MAXBAS>1</MAXBAS>
    <Cet>0</Cet>
    <PCALT>10</PCALT>
    <TCALT>0.6</TCALT>
    <Pelev>0</Pelev>
    <Telev>0</Telev>
    <PART>0.5</PART>
    <DELAY>1</DELAY>
  </CatchmentParameters>
  <VegetationZone>
    <VegetationZoneParameters>
      <TT>2.4999936061653627</TT>
      <CFMAX>0.50000012551022466</CFMAX>
      <SP>0</SP>
      <SFCF>0.63422654850236471</SFCF>
      <CFR>0.09982825969429597</CFR>
      <CWH>0.19999929581384232</CWH>
      <CFGlacier>1</CFGlacier>
      <CFSlope>1</CFSlope>
      <FC>1607.3504325582323</FC>
      <LP>0.93979918336676838</LP>
      <BETA>4.5848192198847419</BETA>
    </VegetationZoneParameters>
  </VegetationZone>
  <SubCatchment>
    <SubCatchmentParameters>
      <KSI>0.001</KSI>
      <KGmin>0.05</KGmin>
      <RangeKG>0.1</RangeKG>
      <AG>0.1</AG>
      <PERC>0.71929301620623975</PERC>
      <Alpha>0</Alpha>
      <UZL>4.2819294840129638</UZL>
      <K0>0.83886615590826952</K0>
      <K1>0.01000005506169213</K1>
      <K2>0.12438084706954883</K2>
      <MAXBAS>1</MAXBAS>
      <Cet>0</Cet>
      <PCALT>10</PCALT>
      <TCALT>0.6</TCALT>
      <Pelev>0</Pelev>
      <Telev>0</Telev>
      <PART>0.5</PART>
      <DELAY>1</DELAY>
    </SubCatchmentParameters>
    <SubCatchmentVegetationZone>
      <SubCatchmentVegetationZoneParameters>
        <TT>2.4999936061653627</TT>
        <CFMAX>0.50000012551022466</CFMAX>
        <SP>0</SP>
        <SFCF>0.63422654850236471</SFCF>
        <CFR>0.09982825969429597</CFR>
        <CWH>0.19999929581384232</CWH>
        <CFGlacier>1</CFGlacier>
        <CFSlope>1</CFSlope>
        <FC>1607.3504325582323</FC>
        <LP>0.93979918336676838</LP>
        <BETA>4.5848192198847419</BETA>
      </SubCatchmentVegetationZoneParameters>
    </SubCatchmentVegetationZone>
  </SubCatchment>
</Catchment>