<?xml version="1.0" encoding="utf-8"?>
<Catchment xmlns:xsi="http://www.w3.org/2001/XMLSchema-instance" xmlns:xsd="http://www.w3.org/2001/XMLSchema">
  <CatchmentParameters>
    <KSI>0.001</KSI>
    <KGmin>0.05</KGmin>
    <RangeKG>0.1</RangeKG>
    <AG>0.1</AG>
    <PERC>3.4711039820643581</PERC>
    <Alpha>0</Alpha>
    <UZL>4.8311633878048115</UZL>
    <K0>0.989998804121634</K0>
    <K1>0.754834124163305</K1>
    <K2>0.10645497380414537</K2>
    <MAXBAS>1</MAXBAS>
    <Cet>0</Cet>
    <PCALT>10</PCALT>
    <TCALT>0.6</TCALT>
    <Pelev>0</Pelev>
    <Telev>0</Telev>
    <PART>0.5</PART>
    <DELAY>1</DELAY>
  </CatchmentParameters>
  <VegetationZone>
    <VegetationZoneParameters>
      <TT>-1.7651862141791572</TT>
      <CFMAX>2.6878549567175209</CFMAX>
      <SP>0</SP>
      <SFCF>0.72993193201809059</SFCF>
      <CFR>0.039781002886880745</CFR>
      <CWH>0.19996930310607569</CWH>
      <CFGlacier>1</CFGlacier>
      <CFSlope>1</CFSlope>
      <FC>2083.9077383918216</FC>
      <LP>0.63408185405045681</LP>
      <BETA>2.4211855461221465</BETA>
    </VegetationZoneParameters>
  </VegetationZone>
  <SubCatchment>
    <SubCatchmentParameters>
      <KSI>0.001</KSI>
      <KGmin>0.05</KGmin>
      <RangeKG>0.1</RangeKG>
      <AG>0.1</AG>
      <PERC>3.4711039820643581</PERC>
      <Alpha>0</Alpha>
      <UZL>4.8311633878048115</UZL>
      <K0>0.989998804121634</K0>
      <K1>0.754834124163305</K1>
      <K2>0.10645497380414537</K2>
      <MAXBAS>1</MAXBAS>
      <Cet>0</Cet>
      <PCALT>10</PCALT>
      <TCALT>0.6</TCALT>
      <Pelev>0</Pelev>
      <Telev>0</Telev>
      <PART>0.5</PART>
      <DELAY>1</DELAY>
    </SubCatchmentParameters>
    <SubCatchmentVegetationZone>
      <SubCatchmentVegetationZoneParameters>
        <TT>-1.7651862141791572</TT>
        <CFMAX>2.6878549567175209</CFMAX>
        <SP>0</SP>
        <SFCF>0.72993193201809059</SFCF>
        <CFR>0.039781002886880745</CFR>
        <CWH>0.19996930310607569</CWH>
        <CFGlacier>1</CFGlacier>
        <CFSlope>1</CFSlope>
        <FC>2083.9077383918216</FC>
        <LP>0.63408185405045681</LP>
        <BETA>2.4211855461221465</BETA>
      </SubCatchmentVegetationZoneParameters>
    </SubCatchmentVegetationZone>
  </SubCatchment>
</Catchment>