<?xml version="1.0" encoding="utf-8"?>
<Catchment xmlns:xsi="http://www.w3.org/2001/XMLSchema-instance" xmlns:xsd="http://www.w3.org/2001/XMLSchema">
  <CatchmentParameters>
    <KSI>0.001</KSI>
    <KGmin>0.05</KGmin>
    <RangeKG>0.1</RangeKG>
    <AG>0.1</AG>
    <PERC>3.7468152647827875</PERC>
    <Alpha>0</Alpha>
    <UZL>106.23873204753643</UZL>
    <K0>0.50246033527322354</K0>
    <K1>0.79999802456517333</K1>
    <K2>0.11221623130081143</K2>
    <MAXBAS>1</MAXBAS>
    <Cet>0</Cet>
    <PCALT>10</PCALT>
    <TCALT>0.6</TCALT>
    <Pelev>0</Pelev>
    <Telev>0</Telev>
    <PART>0.5</PART>
    <DELAY>1</DELAY>
  </CatchmentParameters>
  <VegetationZone>
    <VegetationZoneParameters>
      <TT>-1.3882718412564221</TT>
      <CFMAX>3.2089958388541251</CFMAX>
      <SP>0</SP>
      <SFCF>0.70342610136234773</SFCF>
      <CFR>0.077762943560525682</CFR>
      <CWH>0.19996678628397352</CWH>
      <CFGlacier>1</CFGlacier>
      <CFSlope>1</CFSlope>
      <FC>2216.1620202047848</FC>
      <LP>0.70621758556954661</LP>
      <BETA>2.8410251403531026</BETA>
    </VegetationZoneParameters>
  </VegetationZone>
  <SubCatchment>
    <SubCatchmentParameters>
      <KSI>0.001</KSI>
      <KGmin>0.05</KGmin>
      <RangeKG>0.1</RangeKG>
      <AG>0.1</AG>
      <PERC>3.7468152647827875</PERC>
      <Alpha>0</Alpha>
      <UZL>106.23873204753643</UZL>
      <K0>0.50246033527322354</K0>
      <K1>0.79999802456517333</K1>
      <K2>0.11221623130081143</K2>
      <MAXBAS>1</MAXBAS>
      <Cet>0</Cet>
      <PCALT>10</PCALT>
      <TCALT>0.6</TCALT>
      <Pelev>0</Pelev>
      <Telev>0</Telev>
      <PART>0.5</PART>
      <DELAY>1</DELAY>
    </SubCatchmentParameters>
    <SubCatchmentVegetationZone>
      <SubCatchmentVegetationZoneParameters>
        <TT>-1.3882718412564221</TT>
        <CFMAX>3.2089958388541251</CFMAX>
        <SP>0</SP>
        <SFCF>0.70342610136234773</SFCF>
        <CFR>0.077762943560525682</CFR>
        <CWH>0.19996678628397352</CWH>
        <CFGlacier>1</CFGlacier>
        <CFSlope>1</CFSlope>
        <FC>2216.1620202047848</FC>
        <LP>0.70621758556954661</LP>
        <BETA>2.8410251403531026</BETA>
      </SubCatchmentVegetationZoneParameters>
    </SubCatchmentVegetationZone>
  </SubCatchment>
</Catchment>