<?xml version="1.0" encoding="utf-8"?>
<Catchment xmlns:xsi="http://www.w3.org/2001/XMLSchema-instance" xmlns:xsd="http://www.w3.org/2001/XMLSchema">
  <CatchmentParameters>
    <KSI>0.001</KSI>
    <KGmin>0.05</KGmin>
    <RangeKG>0.1</RangeKG>
    <AG>0.1</AG>
    <PERC>5.1891449008564789</PERC>
    <Alpha>0</Alpha>
    <UZL>108.48406805980726</UZL>
    <K0>0.48171600137825493</K0>
    <K1>0.51796731701480947</K1>
    <K2>0.10335806570353018</K2>
    <MAXBAS>1</MAXBAS>
    <Cet>0</Cet>
    <PCALT>10</PCALT>
    <TCALT>0.6</TCALT>
    <Pelev>0</Pelev>
    <Telev>0</Telev>
    <PART>0.5</PART>
    <DELAY>1</DELAY>
  </CatchmentParameters>
  <VegetationZone>
    <VegetationZoneParameters>
      <TT>-1.7745574456250262</TT>
      <CFMAX>2.5052821534767018</CFMAX>
      <SP>0</SP>
      <SFCF>0.50000050202656288</SFCF>
      <CFR>0.0601131577260535</CFR>
      <CWH>0.19997401659387026</CWH>
      <CFGlacier>1</CFGlacier>
      <CFSlope>1</CFSlope>
      <FC>126.5176561705164</FC>
      <LP>0.44526627304794</LP>
      <BETA>3.8970711654684473</BETA>
    </VegetationZoneParameters>
  </VegetationZone>
  <SubCatchment>
    <SubCatchmentParameters>
      <KSI>0.001</KSI>
      <KGmin>0.05</KGmin>
      <RangeKG>0.1</RangeKG>
      <AG>0.1</AG>
      <PERC>5.1891449008564789</PERC>
      <Alpha>0</Alpha>
      <UZL>108.48406805980726</UZL>
      <K0>0.48171600137825493</K0>
      <K1>0.51796731701480947</K1>
      <K2>0.10335806570353018</K2>
      <MAXBAS>1</MAXBAS>
      <Cet>0</Cet>
      <PCALT>10</PCALT>
      <TCALT>0.6</TCALT>
      <Pelev>0</Pelev>
      <Telev>0</Telev>
      <PART>0.5</PART>
      <DELAY>1</DELAY>
    </SubCatchmentParameters>
    <SubCatchmentVegetationZone>
      <SubCatchmentVegetationZoneParameters>
        <TT>-1.7745574456250262</TT>
        <CFMAX>2.5052821534767018</CFMAX>
        <SP>0</SP>
        <SFCF>0.50000050202656288</SFCF>
        <CFR>0.0601131577260535</CFR>
        <CWH>0.19997401659387026</CWH>
        <CFGlacier>1</CFGlacier>
        <CFSlope>1</CFSlope>
        <FC>126.5176561705164</FC>
        <LP>0.44526627304794</LP>
        <BETA>3.8970711654684473</BETA>
      </SubCatchmentVegetationZoneParameters>
    </SubCatchmentVegetationZone>
  </SubCatchment>
</Catchment>