<?xml version="1.0" encoding="utf-8"?>
<Catchment xmlns:xsi="http://www.w3.org/2001/XMLSchema-instance" xmlns:xsd="http://www.w3.org/2001/XMLSchema">
  <CatchmentParameters>
    <KSI>0.001</KSI>
    <KGmin>0.05</KGmin>
    <RangeKG>0.1</RangeKG>
    <AG>0.1</AG>
    <PERC>4.7961921227870636</PERC>
    <Alpha>0</Alpha>
    <UZL>0.24266523153895414</UZL>
    <K0>0.98999416105080784</K0>
    <K1>0.60774540619737161</K1>
    <K2>0.11213106892794289</K2>
    <MAXBAS>1</MAXBAS>
    <Cet>0</Cet>
    <PCALT>10</PCALT>
    <TCALT>0.6</TCALT>
    <Pelev>0</Pelev>
    <Telev>0</Telev>
    <PART>0.5</PART>
    <DELAY>1</DELAY>
  </CatchmentParameters>
  <VegetationZone>
    <VegetationZoneParameters>
      <TT>2.4290719976635975</TT>
      <CFMAX>0.51399373398295323</CFMAX>
      <SP>0</SP>
      <SFCF>0.8030852400965216</SFCF>
      <CFR>0.014018441592193768</CFR>
      <CWH>0.19999859505811962</CWH>
      <CFGlacier>1</CFGlacier>
      <CFSlope>1</CFSlope>
      <FC>1852.5915324626219</FC>
      <LP>0.80843779994413556</LP>
      <BETA>3.6424946067864594</BETA>
    </VegetationZoneParameters>
  </VegetationZone>
  <SubCatchment>
    <SubCatchmentParameters>
      <KSI>0.001</KSI>
      <KGmin>0.05</KGmin>
      <RangeKG>0.1</RangeKG>
      <AG>0.1</AG>
      <PERC>4.7961921227870636</PERC>
      <Alpha>0</Alpha>
      <UZL>0.24266523153895414</UZL>
      <K0>0.98999416105080784</K0>
      <K1>0.60774540619737161</K1>
      <K2>0.11213106892794289</K2>
      <MAXBAS>1</MAXBAS>
      <Cet>0</Cet>
      <PCALT>10</PCALT>
      <TCALT>0.6</TCALT>
      <Pelev>0</Pelev>
      <Telev>0</Telev>
      <PART>0.5</PART>
      <DELAY>1</DELAY>
    </SubCatchmentParameters>
    <SubCatchmentVegetationZone>
      <SubCatchmentVegetationZoneParameters>
        <TT>2.4290719976635975</TT>
        <CFMAX>0.51399373398295323</CFMAX>
        <SP>0</SP>
        <SFCF>0.8030852400965216</SFCF>
        <CFR>0.014018441592193768</CFR>
        <CWH>0.19999859505811962</CWH>
        <CFGlacier>1</CFGlacier>
        <CFSlope>1</CFSlope>
        <FC>1852.5915324626219</FC>
        <LP>0.80843779994413556</LP>
        <BETA>3.6424946067864594</BETA>
      </SubCatchmentVegetationZoneParameters>
    </SubCatchmentVegetationZone>
  </SubCatchment>
</Catchment>