<?xml version="1.0" encoding="utf-8"?>
<Catchment xmlns:xsi="http://www.w3.org/2001/XMLSchema-instance" xmlns:xsd="http://www.w3.org/2001/XMLSchema">
  <CatchmentParameters>
    <KSI>0.001</KSI>
    <KGmin>0.05</KGmin>
    <RangeKG>0.1</RangeKG>
    <AG>0.1</AG>
    <PERC>3.7854947969064705</PERC>
    <Alpha>0</Alpha>
    <UZL>131.49088304038205</UZL>
    <K0>0.51850369540029118</K0>
    <K1>0.799997909826514</K1>
    <K2>0.10337089721532487</K2>
    <MAXBAS>1</MAXBAS>
    <Cet>0</Cet>
    <PCALT>10</PCALT>
    <TCALT>0.6</TCALT>
    <Pelev>0</Pelev>
    <Telev>0</Telev>
    <PART>0.5</PART>
    <DELAY>1</DELAY>
  </CatchmentParameters>
  <VegetationZone>
    <VegetationZoneParameters>
      <TT>2.4999973278659082</TT>
      <CFMAX>0.50019281751863975</CFMAX>
      <SP>0</SP>
      <SFCF>0.50000056620122324</SFCF>
      <CFR>0.0394043686193139</CFR>
      <CWH>0.19999702068055433</CWH>
      <CFGlacier>1</CFGlacier>
      <CFSlope>1</CFSlope>
      <FC>2119.5428576230865</FC>
      <LP>0.706535313566976</LP>
      <BETA>2.8555398053943852</BETA>
    </VegetationZoneParameters>
  </VegetationZone>
  <SubCatchment>
    <SubCatchmentParameters>
      <KSI>0.001</KSI>
      <KGmin>0.05</KGmin>
      <RangeKG>0.1</RangeKG>
      <AG>0.1</AG>
      <PERC>3.7854947969064705</PERC>
      <Alpha>0</Alpha>
      <UZL>131.49088304038205</UZL>
      <K0>0.51850369540029118</K0>
      <K1>0.799997909826514</K1>
      <K2>0.10337089721532487</K2>
      <MAXBAS>1</MAXBAS>
      <Cet>0</Cet>
      <PCALT>10</PCALT>
      <TCALT>0.6</TCALT>
      <Pelev>0</Pelev>
      <Telev>0</Telev>
      <PART>0.5</PART>
      <DELAY>1</DELAY>
    </SubCatchmentParameters>
    <SubCatchmentVegetationZone>
      <SubCatchmentVegetationZoneParameters>
        <TT>2.4999973278659082</TT>
        <CFMAX>0.50019281751863975</CFMAX>
        <SP>0</SP>
        <SFCF>0.50000056620122324</SFCF>
        <CFR>0.0394043686193139</CFR>
        <CWH>0.19999702068055433</CWH>
        <CFGlacier>1</CFGlacier>
        <CFSlope>1</CFSlope>
        <FC>2119.5428576230865</FC>
        <LP>0.706535313566976</LP>
        <BETA>2.8555398053943852</BETA>
      </SubCatchmentVegetationZoneParameters>
    </SubCatchmentVegetationZone>
  </SubCatchment>
</Catchment>