<?xml version="1.0" encoding="utf-8"?>
<Catchment xmlns:xsi="http://www.w3.org/2001/XMLSchema-instance" xmlns:xsd="http://www.w3.org/2001/XMLSchema">
  <CatchmentParameters>
    <KSI>0.001</KSI>
    <KGmin>0.05</KGmin>
    <RangeKG>0.1</RangeKG>
    <AG>0.1</AG>
    <PERC>4.1579623345847248</PERC>
    <Alpha>0</Alpha>
    <UZL>107.36101503028041</UZL>
    <K0>0.28958394062337017</K0>
    <K1>0.79999490518200056</K1>
    <K2>0.11404027955871568</K2>
    <MAXBAS>1</MAXBAS>
    <Cet>0</Cet>
    <PCALT>10</PCALT>
    <TCALT>0.6</TCALT>
    <Pelev>0</Pelev>
    <Telev>0</Telev>
    <PART>0.5</PART>
    <DELAY>1</DELAY>
  </CatchmentParameters>
  <VegetationZone>
    <VegetationZoneParameters>
      <TT>-0.45725974158387034</TT>
      <CFMAX>1.8952441866502852</CFMAX>
      <SP>0</SP>
      <SFCF>0.78954275707703225</SFCF>
      <CFR>0.074406927088090824</CFR>
      <CWH>0.10002288121274286</CWH>
      <CFGlacier>1</CFGlacier>
      <CFSlope>1</CFSlope>
      <FC>1605.6390000859567</FC>
      <LP>0.81344819591275674</LP>
      <BETA>3.3381520222358736</BETA>
    </VegetationZoneParameters>
  </VegetationZone>
  <SubCatchment>
    <SubCatchmentParameters>
      <KSI>0.001</KSI>
      <KGmin>0.05</KGmin>
      <RangeKG>0.1</RangeKG>
      <AG>0.1</AG>
      <PERC>4.1579623345847248</PERC>
      <Alpha>0</Alpha>
      <UZL>107.36101503028041</UZL>
      <K0>0.28958394062337017</K0>
      <K1>0.79999490518200056</K1>
      <K2>0.11404027955871568</K2>
      <MAXBAS>1</MAXBAS>
      <Cet>0</Cet>
      <PCALT>10</PCALT>
      <TCALT>0.6</TCALT>
      <Pelev>0</Pelev>
      <Telev>0</Telev>
      <PART>0.5</PART>
      <DELAY>1</DELAY>
    </SubCatchmentParameters>
    <SubCatchmentVegetationZone>
      <SubCatchmentVegetationZoneParameters>
        <TT>-0.45725974158387034</TT>
        <CFMAX>1.8952441866502852</CFMAX>
        <SP>0</SP>
        <SFCF>0.78954275707703225</SFCF>
        <CFR>0.074406927088090824</CFR>
        <CWH>0.10002288121274286</CWH>
        <CFGlacier>1</CFGlacier>
        <CFSlope>1</CFSlope>
        <FC>1605.6390000859567</FC>
        <LP>0.81344819591275674</LP>
        <BETA>3.3381520222358736</BETA>
      </SubCatchmentVegetationZoneParameters>
    </SubCatchmentVegetationZone>
  </SubCatchment>
</Catchment>