<?xml version="1.0" encoding="utf-8"?>
<Catchment xmlns:xsi="http://www.w3.org/2001/XMLSchema-instance" xmlns:xsd="http://www.w3.org/2001/XMLSchema">
  <CatchmentParameters>
    <KSI>0.001</KSI>
    <KGmin>0.05</KGmin>
    <RangeKG>0.1</RangeKG>
    <AG>0.1</AG>
    <PERC>4.1555422292242135</PERC>
    <Alpha>0</Alpha>
    <UZL>113.44856372703848</UZL>
    <K0>0.31811360475608719</K0>
    <K1>0.79999670429505643</K1>
    <K2>0.11639549486723937</K2>
    <MAXBAS>1</MAXBAS>
    <Cet>0</Cet>
    <PCALT>10</PCALT>
    <TCALT>0.6</TCALT>
    <Pelev>0</Pelev>
    <Telev>0</Telev>
    <PART>0.5</PART>
    <DELAY>1</DELAY>
  </CatchmentParameters>
  <VegetationZone>
    <VegetationZoneParameters>
      <TT>-0.736998893745023</TT>
      <CFMAX>4.3554333786368273</CFMAX>
      <SP>0</SP>
      <SFCF>0.73630743653893926</SFCF>
      <CFR>0.049271241346567324</CFR>
      <CWH>0.19998690708077629</CWH>
      <CFGlacier>1</CFGlacier>
      <CFSlope>1</CFSlope>
      <FC>1816.5080302399783</FC>
      <LP>0.90214859327600527</LP>
      <BETA>4.1433946489661331</BETA>
    </VegetationZoneParameters>
  </VegetationZone>
  <SubCatchment>
    <SubCatchmentParameters>
      <KSI>0.001</KSI>
      <KGmin>0.05</KGmin>
      <RangeKG>0.1</RangeKG>
      <AG>0.1</AG>
      <PERC>4.1555422292242135</PERC>
      <Alpha>0</Alpha>
      <UZL>113.44856372703848</UZL>
      <K0>0.31811360475608719</K0>
      <K1>0.79999670429505643</K1>
      <K2>0.11639549486723937</K2>
      <MAXBAS>1</MAXBAS>
      <Cet>0</Cet>
      <PCALT>10</PCALT>
      <TCALT>0.6</TCALT>
      <Pelev>0</Pelev>
      <Telev>0</Telev>
      <PART>0.5</PART>
      <DELAY>1</DELAY>
    </SubCatchmentParameters>
    <SubCatchmentVegetationZone>
      <SubCatchmentVegetationZoneParameters>
        <TT>-0.736998893745023</TT>
        <CFMAX>4.3554333786368273</CFMAX>
        <SP>0</SP>
        <SFCF>0.73630743653893926</SFCF>
        <CFR>0.049271241346567324</CFR>
        <CWH>0.19998690708077629</CWH>
        <CFGlacier>1</CFGlacier>
        <CFSlope>1</CFSlope>
        <FC>1816.5080302399783</FC>
        <LP>0.90214859327600527</LP>
        <BETA>4.1433946489661331</BETA>
      </SubCatchmentVegetationZoneParameters>
    </SubCatchmentVegetationZone>
  </SubCatchment>
</Catchment>