<?xml version="1.0" encoding="utf-8"?>
<Catchment xmlns:xsi="http://www.w3.org/2001/XMLSchema-instance" xmlns:xsd="http://www.w3.org/2001/XMLSchema">
  <CatchmentParameters>
    <KSI>0.001</KSI>
    <KGmin>0.05</KGmin>
    <RangeKG>0.1</RangeKG>
    <AG>0.1</AG>
    <PERC>4.5916337055024181</PERC>
    <Alpha>0</Alpha>
    <UZL>2.7727320644612838</UZL>
    <K0>0.98999857237344047</K0>
    <K1>0.79999935055538829</K1>
    <K2>0.1142850969088271</K2>
    <MAXBAS>1</MAXBAS>
    <Cet>0</Cet>
    <PCALT>10</PCALT>
    <TCALT>0.6</TCALT>
    <Pelev>0</Pelev>
    <Telev>0</Telev>
    <PART>0.5</PART>
    <DELAY>1</DELAY>
  </CatchmentParameters>
  <VegetationZone>
    <VegetationZoneParameters>
      <TT>2.4999929511583732</TT>
      <CFMAX>0.73070110999594107</CFMAX>
      <SP>0</SP>
      <SFCF>1.0767361396869675</SFCF>
      <CFR>0.011549686283825985</CFR>
      <CWH>0.19999817977994688</CWH>
      <CFGlacier>1</CFGlacier>
      <CFSlope>1</CFSlope>
      <FC>2010.1326416707707</FC>
      <LP>0.85204761429228</LP>
      <BETA>4.2428296523029276</BETA>
    </VegetationZoneParameters>
  </VegetationZone>
  <SubCatchment>
    <SubCatchmentParameters>
      <KSI>0.001</KSI>
      <KGmin>0.05</KGmin>
      <RangeKG>0.1</RangeKG>
      <AG>0.1</AG>
      <PERC>4.5916337055024181</PERC>
      <Alpha>0</Alpha>
      <UZL>2.7727320644612838</UZL>
      <K0>0.98999857237344047</K0>
      <K1>0.79999935055538829</K1>
      <K2>0.1142850969088271</K2>
      <MAXBAS>1</MAXBAS>
      <Cet>0</Cet>
      <PCALT>10</PCALT>
      <TCALT>0.6</TCALT>
      <Pelev>0</Pelev>
      <Telev>0</Telev>
      <PART>0.5</PART>
      <DELAY>1</DELAY>
    </SubCatchmentParameters>
    <SubCatchmentVegetationZone>
      <SubCatchmentVegetationZoneParameters>
        <TT>2.4999929511583732</TT>
        <CFMAX>0.73070110999594107</CFMAX>
        <SP>0</SP>
        <SFCF>1.0767361396869675</SFCF>
        <CFR>0.011549686283825985</CFR>
        <CWH>0.19999817977994688</CWH>
        <CFGlacier>1</CFGlacier>
        <CFSlope>1</CFSlope>
        <FC>2010.1326416707707</FC>
        <LP>0.85204761429228</LP>
        <BETA>4.2428296523029276</BETA>
      </SubCatchmentVegetationZoneParameters>
    </SubCatchmentVegetationZone>
  </SubCatchment>
</Catchment>