<?xml version="1.0" encoding="utf-8"?>
<Catchment xmlns:xsi="http://www.w3.org/2001/XMLSchema-instance" xmlns:xsd="http://www.w3.org/2001/XMLSchema">
  <CatchmentParameters>
    <KSI>0.001</KSI>
    <KGmin>0.05</KGmin>
    <RangeKG>0.1</RangeKG>
    <AG>0.1</AG>
    <PERC>0.89239044374671384</PERC>
    <Alpha>0</Alpha>
    <UZL>4.6174408717978936</UZL>
    <K0>0.85876988907595764</K0>
    <K1>0.010000069328851205</K1>
    <K2>0.14997872980466984</K2>
    <MAXBAS>1</MAXBAS>
    <Cet>0</Cet>
    <PCALT>10</PCALT>
    <TCALT>0.6</TCALT>
    <Pelev>0</Pelev>
    <Telev>0</Telev>
    <PART>0.5</PART>
    <DELAY>1</DELAY>
  </CatchmentParameters>
  <VegetationZone>
    <VegetationZoneParameters>
      <TT>2.3968726002434479</TT>
      <CFMAX>0.60128501758728847</CFMAX>
      <SP>0</SP>
      <SFCF>1.0840421472073338</SFCF>
      <CFR>0.054130585909888</CFR>
      <CWH>0.15528251249430664</CWH>
      <CFGlacier>1</CFGlacier>
      <CFSlope>1</CFSlope>
      <FC>560.75679652307065</FC>
      <LP>0.73622769382639441</LP>
      <BETA>3.0223902748146783</BETA>
    </VegetationZoneParameters>
  </VegetationZone>
  <SubCatchment>
    <SubCatchmentParameters>
      <KSI>0.001</KSI>
      <KGmin>0.05</KGmin>
      <RangeKG>0.1</RangeKG>
      <AG>0.1</AG>
      <PERC>0.89239044374671384</PERC>
      <Alpha>0</Alpha>
      <UZL>4.6174408717978936</UZL>
      <K0>0.85876988907595764</K0>
      <K1>0.010000069328851205</K1>
      <K2>0.14997872980466984</K2>
      <MAXBAS>1</MAXBAS>
      <Cet>0</Cet>
      <PCALT>10</PCALT>
      <TCALT>0.6</TCALT>
      <Pelev>0</Pelev>
      <Telev>0</Telev>
      <PART>0.5</PART>
      <DELAY>1</DELAY>
    </SubCatchmentParameters>
    <SubCatchmentVegetationZone>
      <SubCatchmentVegetationZoneParameters>
        <TT>2.3968726002434479</TT>
        <CFMAX>0.60128501758728847</CFMAX>
        <SP>0</SP>
        <SFCF>1.0840421472073338</SFCF>
        <CFR>0.054130585909888</CFR>
        <CWH>0.15528251249430664</CWH>
        <CFGlacier>1</CFGlacier>
        <CFSlope>1</CFSlope>
        <FC>560.75679652307065</FC>
        <LP>0.73622769382639441</LP>
        <BETA>3.0223902748146783</BETA>
      </SubCatchmentVegetationZoneParameters>
    </SubCatchmentVegetationZone>
  </SubCatchment>
</Catchment>