<?xml version="1.0" encoding="utf-8"?>
<Catchment xmlns:xsi="http://www.w3.org/2001/XMLSchema-instance" xmlns:xsd="http://www.w3.org/2001/XMLSchema">
  <CatchmentParameters>
    <KSI>0.001</KSI>
    <KGmin>0.05</KGmin>
    <RangeKG>0.1</RangeKG>
    <AG>0.1</AG>
    <PERC>3.9715580838918729</PERC>
    <Alpha>0</Alpha>
    <UZL>94.498100465245059</UZL>
    <K0>0.19406505725098183</K0>
    <K1>0.79999876741760323</K1>
    <K2>0.11652828025764518</K2>
    <MAXBAS>1</MAXBAS>
    <Cet>0</Cet>
    <PCALT>10</PCALT>
    <TCALT>0.6</TCALT>
    <Pelev>0</Pelev>
    <Telev>0</Telev>
    <PART>0.5</PART>
    <DELAY>1</DELAY>
  </CatchmentParameters>
  <VegetationZone>
    <VegetationZoneParameters>
      <TT>-1.5199995257771655</TT>
      <CFMAX>3.8570311956558196</CFMAX>
      <SP>0</SP>
      <SFCF>0.91671286684754383</SFCF>
      <CFR>0.072249784951661136</CFR>
      <CWH>0.19998497884519209</CWH>
      <CFGlacier>1</CFGlacier>
      <CFSlope>1</CFSlope>
      <FC>1886.8696174430359</FC>
      <LP>0.80484037562329</LP>
      <BETA>3.3900852144765441</BETA>
    </VegetationZoneParameters>
  </VegetationZone>
  <SubCatchment>
    <SubCatchmentParameters>
      <KSI>0.001</KSI>
      <KGmin>0.05</KGmin>
      <RangeKG>0.1</RangeKG>
      <AG>0.1</AG>
      <PERC>3.9715580838918729</PERC>
      <Alpha>0</Alpha>
      <UZL>94.498100465245059</UZL>
      <K0>0.19406505725098183</K0>
      <K1>0.79999876741760323</K1>
      <K2>0.11652828025764518</K2>
      <MAXBAS>1</MAXBAS>
      <Cet>0</Cet>
      <PCALT>10</PCALT>
      <TCALT>0.6</TCALT>
      <Pelev>0</Pelev>
      <Telev>0</Telev>
      <PART>0.5</PART>
      <DELAY>1</DELAY>
    </SubCatchmentParameters>
    <SubCatchmentVegetationZone>
      <SubCatchmentVegetationZoneParameters>
        <TT>-1.5199995257771655</TT>
        <CFMAX>3.8570311956558196</CFMAX>
        <SP>0</SP>
        <SFCF>0.91671286684754383</SFCF>
        <CFR>0.072249784951661136</CFR>
        <CWH>0.19998497884519209</CWH>
        <CFGlacier>1</CFGlacier>
        <CFSlope>1</CFSlope>
        <FC>1886.8696174430359</FC>
        <LP>0.80484037562329</LP>
        <BETA>3.3900852144765441</BETA>
      </SubCatchmentVegetationZoneParameters>
    </SubCatchmentVegetationZone>
  </SubCatchment>
</Catchment>