<?xml version="1.0" encoding="utf-8"?>
<Catchment xmlns:xsi="http://www.w3.org/2001/XMLSchema-instance" xmlns:xsd="http://www.w3.org/2001/XMLSchema">
  <CatchmentParameters>
    <KSI>0.001</KSI>
    <KGmin>0.05</KGmin>
    <RangeKG>0.1</RangeKG>
    <AG>0.1</AG>
    <PERC>4.6953083942880713</PERC>
    <Alpha>0</Alpha>
    <UZL>2.3037680632141657</UZL>
    <K0>0.98999781663584951</K0>
    <K1>0.79999677465233709</K1>
    <K2>0.11852597091148895</K2>
    <MAXBAS>1</MAXBAS>
    <Cet>0</Cet>
    <PCALT>10</PCALT>
    <TCALT>0.6</TCALT>
    <Pelev>0</Pelev>
    <Telev>0</Telev>
    <PART>0.5</PART>
    <DELAY>1</DELAY>
  </CatchmentParameters>
  <VegetationZone>
    <VegetationZoneParameters>
      <TT>1.792516977209754</TT>
      <CFMAX>0.6184185644610547</CFMAX>
      <SP>0</SP>
      <SFCF>1.1915370659630704</SFCF>
      <CFR>0.015403216873789349</CFR>
      <CWH>0.19999930390615345</CWH>
      <CFGlacier>1</CFGlacier>
      <CFSlope>1</CFSlope>
      <FC>1956.2905082826535</FC>
      <LP>0.78508686661424065</LP>
      <BETA>3.6136678776954345</BETA>
    </VegetationZoneParameters>
  </VegetationZone>
  <SubCatchment>
    <SubCatchmentParameters>
      <KSI>0.001</KSI>
      <KGmin>0.05</KGmin>
      <RangeKG>0.1</RangeKG>
      <AG>0.1</AG>
      <PERC>4.6953083942880713</PERC>
      <Alpha>0</Alpha>
      <UZL>2.3037680632141657</UZL>
      <K0>0.98999781663584951</K0>
      <K1>0.79999677465233709</K1>
      <K2>0.11852597091148895</K2>
      <MAXBAS>1</MAXBAS>
      <Cet>0</Cet>
      <PCALT>10</PCALT>
      <TCALT>0.6</TCALT>
      <Pelev>0</Pelev>
      <Telev>0</Telev>
      <PART>0.5</PART>
      <DELAY>1</DELAY>
    </SubCatchmentParameters>
    <SubCatchmentVegetationZone>
      <SubCatchmentVegetationZoneParameters>
        <TT>1.792516977209754</TT>
        <CFMAX>0.6184185644610547</CFMAX>
        <SP>0</SP>
        <SFCF>1.1915370659630704</SFCF>
        <CFR>0.015403216873789349</CFR>
        <CWH>0.19999930390615345</CWH>
        <CFGlacier>1</CFGlacier>
        <CFSlope>1</CFSlope>
        <FC>1956.2905082826535</FC>
        <LP>0.78508686661424065</LP>
        <BETA>3.6136678776954345</BETA>
      </SubCatchmentVegetationZoneParameters>
    </SubCatchmentVegetationZone>
  </SubCatchment>
</Catchment>