<?xml version="1.0" encoding="utf-8"?>
<Catchment xmlns:xsi="http://www.w3.org/2001/XMLSchema-instance" xmlns:xsd="http://www.w3.org/2001/XMLSchema">
  <CatchmentParameters>
    <KSI>0.001</KSI>
    <KGmin>0.05</KGmin>
    <RangeKG>0.1</RangeKG>
    <AG>0.1</AG>
    <PERC>4.30164023315329</PERC>
    <Alpha>0</Alpha>
    <UZL>114.94167966770033</UZL>
    <K0>0.17238194615426095</K0>
    <K1>0.566168844724536</K1>
    <K2>0.12171392509571694</K2>
    <MAXBAS>1</MAXBAS>
    <Cet>0</Cet>
    <PCALT>10</PCALT>
    <TCALT>0.6</TCALT>
    <Pelev>0</Pelev>
    <Telev>0</Telev>
    <PART>0.5</PART>
    <DELAY>1</DELAY>
  </CatchmentParameters>
  <VegetationZone>
    <VegetationZoneParameters>
      <TT>1.6319300237287131</TT>
      <CFMAX>4.9985777185233573</CFMAX>
      <SP>0</SP>
      <SFCF>0.500054516684306</SFCF>
      <CFR>0.038691998619358195</CFR>
      <CWH>0.10000595059718596</CWH>
      <CFGlacier>1</CFGlacier>
      <CFSlope>1</CFSlope>
      <FC>175.49928012847593</FC>
      <LP>0.54029242200801542</LP>
      <BETA>2.948743067722964</BETA>
    </VegetationZoneParameters>
  </VegetationZone>
  <SubCatchment>
    <SubCatchmentParameters>
      <KSI>0.001</KSI>
      <KGmin>0.05</KGmin>
      <RangeKG>0.1</RangeKG>
      <AG>0.1</AG>
      <PERC>4.30164023315329</PERC>
      <Alpha>0</Alpha>
      <UZL>114.94167966770033</UZL>
      <K0>0.17238194615426095</K0>
      <K1>0.566168844724536</K1>
      <K2>0.12171392509571694</K2>
      <MAXBAS>1</MAXBAS>
      <Cet>0</Cet>
      <PCALT>10</PCALT>
      <TCALT>0.6</TCALT>
      <Pelev>0</Pelev>
      <Telev>0</Telev>
      <PART>0.5</PART>
      <DELAY>1</DELAY>
    </SubCatchmentParameters>
    <SubCatchmentVegetationZone>
      <SubCatchmentVegetationZoneParameters>
        <TT>1.6319300237287131</TT>
        <CFMAX>4.9985777185233573</CFMAX>
        <SP>0</SP>
        <SFCF>0.500054516684306</SFCF>
        <CFR>0.038691998619358195</CFR>
        <CWH>0.10000595059718596</CWH>
        <CFGlacier>1</CFGlacier>
        <CFSlope>1</CFSlope>
        <FC>175.49928012847593</FC>
        <LP>0.54029242200801542</LP>
        <BETA>2.948743067722964</BETA>
      </SubCatchmentVegetationZoneParameters>
    </SubCatchmentVegetationZone>
  </SubCatchment>
</Catchment>