<?xml version="1.0" encoding="utf-8"?>
<Catchment xmlns:xsi="http://www.w3.org/2001/XMLSchema-instance" xmlns:xsd="http://www.w3.org/2001/XMLSchema">
  <CatchmentParameters>
    <KSI>0.001</KSI>
    <KGmin>0.05</KGmin>
    <RangeKG>0.1</RangeKG>
    <AG>0.1</AG>
    <PERC>4.8914859884170676</PERC>
    <Alpha>0</Alpha>
    <UZL>77.366739416056973</UZL>
    <K0>0.88659272160778313</K0>
    <K1>0.63676402782496533</K1>
    <K2>0.13975107973243578</K2>
    <MAXBAS>1</MAXBAS>
    <Cet>0</Cet>
    <PCALT>10</PCALT>
    <TCALT>0.6</TCALT>
    <Pelev>0</Pelev>
    <Telev>0</Telev>
    <PART>0.5</PART>
    <DELAY>1</DELAY>
  </CatchmentParameters>
  <VegetationZone>
    <VegetationZoneParameters>
      <TT>2.4999524434099438</TT>
      <CFMAX>0.53337697940790874</CFMAX>
      <SP>0</SP>
      <SFCF>0.74644387712641314</SFCF>
      <CFR>0.01159080303916794</CFR>
      <CWH>0.19999903177686262</CWH>
      <CFGlacier>1</CFGlacier>
      <CFSlope>1</CFSlope>
      <FC>301.35309560294917</FC>
      <LP>0.803285925729721</LP>
      <BETA>3.7003347812045559</BETA>
    </VegetationZoneParameters>
  </VegetationZone>
  <SubCatchment>
    <SubCatchmentParameters>
      <KSI>0.001</KSI>
      <KGmin>0.05</KGmin>
      <RangeKG>0.1</RangeKG>
      <AG>0.1</AG>
      <PERC>4.8914859884170676</PERC>
      <Alpha>0</Alpha>
      <UZL>77.366739416056973</UZL>
      <K0>0.88659272160778313</K0>
      <K1>0.63676402782496533</K1>
      <K2>0.13975107973243578</K2>
      <MAXBAS>1</MAXBAS>
      <Cet>0</Cet>
      <PCALT>10</PCALT>
      <TCALT>0.6</TCALT>
      <Pelev>0</Pelev>
      <Telev>0</Telev>
      <PART>0.5</PART>
      <DELAY>1</DELAY>
    </SubCatchmentParameters>
    <SubCatchmentVegetationZone>
      <SubCatchmentVegetationZoneParameters>
        <TT>2.4999524434099438</TT>
        <CFMAX>0.53337697940790874</CFMAX>
        <SP>0</SP>
        <SFCF>0.74644387712641314</SFCF>
        <CFR>0.01159080303916794</CFR>
        <CWH>0.19999903177686262</CWH>
        <CFGlacier>1</CFGlacier>
        <CFSlope>1</CFSlope>
        <FC>301.35309560294917</FC>
        <LP>0.803285925729721</LP>
        <BETA>3.7003347812045559</BETA>
      </SubCatchmentVegetationZoneParameters>
    </SubCatchmentVegetationZone>
  </SubCatchment>
</Catchment>