<?xml version="1.0" encoding="utf-8"?>
<Catchment xmlns:xsi="http://www.w3.org/2001/XMLSchema-instance" xmlns:xsd="http://www.w3.org/2001/XMLSchema">
  <CatchmentParameters>
    <KSI>0.001</KSI>
    <KGmin>0.05</KGmin>
    <RangeKG>0.1</RangeKG>
    <AG>0.1</AG>
    <PERC>4.0063838328264474</PERC>
    <Alpha>0</Alpha>
    <UZL>4.3078896759136951</UZL>
    <K0>0.98993456436698213</K0>
    <K1>0.79999245247212247</K1>
    <K2>0.11047832100916254</K2>
    <MAXBAS>1</MAXBAS>
    <Cet>0</Cet>
    <PCALT>10</PCALT>
    <TCALT>0.6</TCALT>
    <Pelev>0</Pelev>
    <Telev>0</Telev>
    <PART>0.5</PART>
    <DELAY>1</DELAY>
  </CatchmentParameters>
  <VegetationZone>
    <VegetationZoneParameters>
      <TT>-1.3199496611523349</TT>
      <CFMAX>3.8448571814474897</CFMAX>
      <SP>0</SP>
      <SFCF>0.81040825261682825</SFCF>
      <CFR>0.04267580890954898</CFR>
      <CWH>0.19998722733248911</CWH>
      <CFGlacier>1</CFGlacier>
      <CFSlope>1</CFSlope>
      <FC>2093.621837995704</FC>
      <LP>0.719647163897866</LP>
      <BETA>2.897237123809691</BETA>
    </VegetationZoneParameters>
  </VegetationZone>
  <SubCatchment>
    <SubCatchmentParameters>
      <KSI>0.001</KSI>
      <KGmin>0.05</KGmin>
      <RangeKG>0.1</RangeKG>
      <AG>0.1</AG>
      <PERC>4.0063838328264474</PERC>
      <Alpha>0</Alpha>
      <UZL>4.3078896759136951</UZL>
      <K0>0.98993456436698213</K0>
      <K1>0.79999245247212247</K1>
      <K2>0.11047832100916254</K2>
      <MAXBAS>1</MAXBAS>
      <Cet>0</Cet>
      <PCALT>10</PCALT>
      <TCALT>0.6</TCALT>
      <Pelev>0</Pelev>
      <Telev>0</Telev>
      <PART>0.5</PART>
      <DELAY>1</DELAY>
    </SubCatchmentParameters>
    <SubCatchmentVegetationZone>
      <SubCatchmentVegetationZoneParameters>
        <TT>-1.3199496611523349</TT>
        <CFMAX>3.8448571814474897</CFMAX>
        <SP>0</SP>
        <SFCF>0.81040825261682825</SFCF>
        <CFR>0.04267580890954898</CFR>
        <CWH>0.19998722733248911</CWH>
        <CFGlacier>1</CFGlacier>
        <CFSlope>1</CFSlope>
        <FC>2093.621837995704</FC>
        <LP>0.719647163897866</LP>
        <BETA>2.897237123809691</BETA>
      </SubCatchmentVegetationZoneParameters>
    </SubCatchmentVegetationZone>
  </SubCatchment>
</Catchment>