<?xml version="1.0" encoding="utf-8"?>
<Catchment xmlns:xsi="http://www.w3.org/2001/XMLSchema-instance" xmlns:xsd="http://www.w3.org/2001/XMLSchema">
  <CatchmentParameters>
    <KSI>0.001</KSI>
    <KGmin>0.05</KGmin>
    <RangeKG>0.1</RangeKG>
    <AG>0.1</AG>
    <PERC>4.5518085706460116</PERC>
    <Alpha>0</Alpha>
    <UZL>2.8119958198893533</UZL>
    <K0>0.98999711346322661</K0>
    <K1>0.79999913671295264</K1>
    <K2>0.11489914570896903</K2>
    <MAXBAS>1</MAXBAS>
    <Cet>0</Cet>
    <PCALT>10</PCALT>
    <TCALT>0.6</TCALT>
    <Pelev>0</Pelev>
    <Telev>0</Telev>
    <PART>0.5</PART>
    <DELAY>1</DELAY>
  </CatchmentParameters>
  <VegetationZone>
    <VegetationZoneParameters>
      <TT>2.4999999971391054</TT>
      <CFMAX>0.50000004329494974</CFMAX>
      <SP>0</SP>
      <SFCF>0.78883569176284651</SFCF>
      <CFR>0.099996075954405572</CFR>
      <CWH>0.19999732319874314</CWH>
      <CFGlacier>1</CFGlacier>
      <CFSlope>1</CFSlope>
      <FC>1570.6529585744147</FC>
      <LP>0.7487034930278007</LP>
      <BETA>3.0873640714032007</BETA>
    </VegetationZoneParameters>
  </VegetationZone>
  <SubCatchment>
    <SubCatchmentParameters>
      <KSI>0.001</KSI>
      <KGmin>0.05</KGmin>
      <RangeKG>0.1</RangeKG>
      <AG>0.1</AG>
      <PERC>4.5518085706460116</PERC>
      <Alpha>0</Alpha>
      <UZL>2.8119958198893533</UZL>
      <K0>0.98999711346322661</K0>
      <K1>0.79999913671295264</K1>
      <K2>0.11489914570896903</K2>
      <MAXBAS>1</MAXBAS>
      <Cet>0</Cet>
      <PCALT>10</PCALT>
      <TCALT>0.6</TCALT>
      <Pelev>0</Pelev>
      <Telev>0</Telev>
      <PART>0.5</PART>
      <DELAY>1</DELAY>
    </SubCatchmentParameters>
    <SubCatchmentVegetationZone>
      <SubCatchmentVegetationZoneParameters>
        <TT>2.4999999971391054</TT>
        <CFMAX>0.50000004329494974</CFMAX>
        <SP>0</SP>
        <SFCF>0.78883569176284651</SFCF>
        <CFR>0.099996075954405572</CFR>
        <CWH>0.19999732319874314</CWH>
        <CFGlacier>1</CFGlacier>
        <CFSlope>1</CFSlope>
        <FC>1570.6529585744147</FC>
        <LP>0.7487034930278007</LP>
        <BETA>3.0873640714032007</BETA>
      </SubCatchmentVegetationZoneParameters>
    </SubCatchmentVegetationZone>
  </SubCatchment>
</Catchment>