<?xml version="1.0" encoding="utf-8"?>
<Catchment xmlns:xsi="http://www.w3.org/2001/XMLSchema-instance" xmlns:xsd="http://www.w3.org/2001/XMLSchema">
  <CatchmentParameters>
    <KSI>0.001</KSI>
    <KGmin>0.05</KGmin>
    <RangeKG>0.1</RangeKG>
    <AG>0.1</AG>
    <PERC>3.9550059677962719</PERC>
    <Alpha>0</Alpha>
    <UZL>135.51575077357234</UZL>
    <K0>0.58119695873929489</K0>
    <K1>0.79999959474745974</K1>
    <K2>0.11378675801074273</K2>
    <MAXBAS>1</MAXBAS>
    <Cet>0</Cet>
    <PCALT>10</PCALT>
    <TCALT>0.6</TCALT>
    <Pelev>0</Pelev>
    <Telev>0</Telev>
    <PART>0.5</PART>
    <DELAY>1</DELAY>
  </CatchmentParameters>
  <VegetationZone>
    <VegetationZoneParameters>
      <TT>-1.2963961073830748</TT>
      <CFMAX>3.1247653145271119</CFMAX>
      <SP>0</SP>
      <SFCF>0.64508531739668773</SFCF>
      <CFR>0.021670672478853643</CFR>
      <CWH>0.19997932957440054</CWH>
      <CFGlacier>1</CFGlacier>
      <CFSlope>1</CFSlope>
      <FC>2105.0197011869868</FC>
      <LP>0.86262814379350916</LP>
      <BETA>3.9399314494667843</BETA>
    </VegetationZoneParameters>
  </VegetationZone>
  <SubCatchment>
    <SubCatchmentParameters>
      <KSI>0.001</KSI>
      <KGmin>0.05</KGmin>
      <RangeKG>0.1</RangeKG>
      <AG>0.1</AG>
      <PERC>3.9550059677962719</PERC>
      <Alpha>0</Alpha>
      <UZL>135.51575077357234</UZL>
      <K0>0.58119695873929489</K0>
      <K1>0.79999959474745974</K1>
      <K2>0.11378675801074273</K2>
      <MAXBAS>1</MAXBAS>
      <Cet>0</Cet>
      <PCALT>10</PCALT>
      <TCALT>0.6</TCALT>
      <Pelev>0</Pelev>
      <Telev>0</Telev>
      <PART>0.5</PART>
      <DELAY>1</DELAY>
    </SubCatchmentParameters>
    <SubCatchmentVegetationZone>
      <SubCatchmentVegetationZoneParameters>
        <TT>-1.2963961073830748</TT>
        <CFMAX>3.1247653145271119</CFMAX>
        <SP>0</SP>
        <SFCF>0.64508531739668773</SFCF>
        <CFR>0.021670672478853643</CFR>
        <CWH>0.19997932957440054</CWH>
        <CFGlacier>1</CFGlacier>
        <CFSlope>1</CFSlope>
        <FC>2105.0197011869868</FC>
        <LP>0.86262814379350916</LP>
        <BETA>3.9399314494667843</BETA>
      </SubCatchmentVegetationZoneParameters>
    </SubCatchmentVegetationZone>
  </SubCatchment>
</Catchment>