<?xml version="1.0" encoding="utf-8"?>
<Catchment xmlns:xsi="http://www.w3.org/2001/XMLSchema-instance" xmlns:xsd="http://www.w3.org/2001/XMLSchema">
  <CatchmentParameters>
    <KSI>0.001</KSI>
    <KGmin>0.05</KGmin>
    <RangeKG>0.1</RangeKG>
    <AG>0.1</AG>
    <PERC>0.61428747677279172</PERC>
    <Alpha>0</Alpha>
    <UZL>5.053846665091716</UZL>
    <K0>0.94680121863618372</K0>
    <K1>0.029563149763881948</K1>
    <K2>0.12680802162299004</K2>
    <MAXBAS>1</MAXBAS>
    <Cet>0</Cet>
    <PCALT>10</PCALT>
    <TCALT>0.6</TCALT>
    <Pelev>0</Pelev>
    <Telev>0</Telev>
    <PART>0.5</PART>
    <DELAY>1</DELAY>
  </CatchmentParameters>
  <VegetationZone>
    <VegetationZoneParameters>
      <TT>-1.8296172484637254</TT>
      <CFMAX>2.9027222210769903</CFMAX>
      <SP>0</SP>
      <SFCF>0.81422055144642014</SFCF>
      <CFR>0.07030913693611536</CFR>
      <CWH>0.10001649794830579</CWH>
      <CFGlacier>1</CFGlacier>
      <CFSlope>1</CFSlope>
      <FC>2170.2239730742745</FC>
      <LP>0.95592971439289853</LP>
      <BETA>4.9747653122152471</BETA>
    </VegetationZoneParameters>
  </VegetationZone>
  <SubCatchment>
    <SubCatchmentParameters>
      <KSI>0.001</KSI>
      <KGmin>0.05</KGmin>
      <RangeKG>0.1</RangeKG>
      <AG>0.1</AG>
      <PERC>0.61428747677279172</PERC>
      <Alpha>0</Alpha>
      <UZL>5.053846665091716</UZL>
      <K0>0.94680121863618372</K0>
      <K1>0.029563149763881948</K1>
      <K2>0.12680802162299004</K2>
      <MAXBAS>1</MAXBAS>
      <Cet>0</Cet>
      <PCALT>10</PCALT>
      <TCALT>0.6</TCALT>
      <Pelev>0</Pelev>
      <Telev>0</Telev>
      <PART>0.5</PART>
      <DELAY>1</DELAY>
    </SubCatchmentParameters>
    <SubCatchmentVegetationZone>
      <SubCatchmentVegetationZoneParameters>
        <TT>-1.8296172484637254</TT>
        <CFMAX>2.9027222210769903</CFMAX>
        <SP>0</SP>
        <SFCF>0.81422055144642014</SFCF>
        <CFR>0.07030913693611536</CFR>
        <CWH>0.10001649794830579</CWH>
        <CFGlacier>1</CFGlacier>
        <CFSlope>1</CFSlope>
        <FC>2170.2239730742745</FC>
        <LP>0.95592971439289853</LP>
        <BETA>4.9747653122152471</BETA>
      </SubCatchmentVegetationZoneParameters>
    </SubCatchmentVegetationZone>
  </SubCatchment>
</Catchment>