<?xml version="1.0" encoding="utf-8"?>
<Catchment xmlns:xsi="http://www.w3.org/2001/XMLSchema-instance" xmlns:xsd="http://www.w3.org/2001/XMLSchema">
  <CatchmentParameters>
    <KSI>0.001</KSI>
    <KGmin>0.05</KGmin>
    <RangeKG>0.1</RangeKG>
    <AG>0.1</AG>
    <PERC>4.9746766125177375</PERC>
    <Alpha>0</Alpha>
    <UZL>40.441720267005039</UZL>
    <K0>0.89461348745186808</K0>
    <K1>0.53046254374630564</K1>
    <K2>0.13007710587364932</K2>
    <MAXBAS>1</MAXBAS>
    <Cet>0</Cet>
    <PCALT>10</PCALT>
    <TCALT>0.6</TCALT>
    <Pelev>0</Pelev>
    <Telev>0</Telev>
    <PART>0.5</PART>
    <DELAY>1</DELAY>
  </CatchmentParameters>
  <VegetationZone>
    <VegetationZoneParameters>
      <TT>1.8230877961443763</TT>
      <CFMAX>4.9998362573284059</CFMAX>
      <SP>0</SP>
      <SFCF>0.50000008377072169</SFCF>
      <CFR>0.075536192314981251</CFR>
      <CWH>0.10000118609290289</CWH>
      <CFGlacier>1</CFGlacier>
      <CFSlope>1</CFSlope>
      <FC>220.19538298319446</FC>
      <LP>0.76380387365466806</LP>
      <BETA>3.7546832750244374</BETA>
    </VegetationZoneParameters>
  </VegetationZone>
  <SubCatchment>
    <SubCatchmentParameters>
      <KSI>0.001</KSI>
      <KGmin>0.05</KGmin>
      <RangeKG>0.1</RangeKG>
      <AG>0.1</AG>
      <PERC>4.9746766125177375</PERC>
      <Alpha>0</Alpha>
      <UZL>40.441720267005039</UZL>
      <K0>0.89461348745186808</K0>
      <K1>0.53046254374630564</K1>
      <K2>0.13007710587364932</K2>
      <MAXBAS>1</MAXBAS>
      <Cet>0</Cet>
      <PCALT>10</PCALT>
      <TCALT>0.6</TCALT>
      <Pelev>0</Pelev>
      <Telev>0</Telev>
      <PART>0.5</PART>
      <DELAY>1</DELAY>
    </SubCatchmentParameters>
    <SubCatchmentVegetationZone>
      <SubCatchmentVegetationZoneParameters>
        <TT>1.8230877961443763</TT>
        <CFMAX>4.9998362573284059</CFMAX>
        <SP>0</SP>
        <SFCF>0.50000008377072169</SFCF>
        <CFR>0.075536192314981251</CFR>
        <CWH>0.10000118609290289</CWH>
        <CFGlacier>1</CFGlacier>
        <CFSlope>1</CFSlope>
        <FC>220.19538298319446</FC>
        <LP>0.76380387365466806</LP>
        <BETA>3.7546832750244374</BETA>
      </SubCatchmentVegetationZoneParameters>
    </SubCatchmentVegetationZone>
  </SubCatchment>
</Catchment>