<?xml version="1.0" encoding="utf-8"?>
<Catchment xmlns:xsi="http://www.w3.org/2001/XMLSchema-instance" xmlns:xsd="http://www.w3.org/2001/XMLSchema">
  <CatchmentParameters>
    <KSI>0.001</KSI>
    <KGmin>0.05</KGmin>
    <RangeKG>0.1</RangeKG>
    <AG>0.1</AG>
    <PERC>4.1344195094901863</PERC>
    <Alpha>0</Alpha>
    <UZL>41.375605963437245</UZL>
    <K0>0.59650881742586748</K0>
    <K1>0.56948568837327507</K1>
    <K2>0.12277169066072076</K2>
    <MAXBAS>1</MAXBAS>
    <Cet>0</Cet>
    <PCALT>10</PCALT>
    <TCALT>0.6</TCALT>
    <Pelev>0</Pelev>
    <Telev>0</Telev>
    <PART>0.5</PART>
    <DELAY>1</DELAY>
  </CatchmentParameters>
  <VegetationZone>
    <VegetationZoneParameters>
      <TT>0.8124248927588591</TT>
      <CFMAX>4.8337387744117</CFMAX>
      <SP>0</SP>
      <SFCF>0.50371644002085347</SFCF>
      <CFR>0.018275419679565377</CFR>
      <CWH>0.10000000028651046</CWH>
      <CFGlacier>1</CFGlacier>
      <CFSlope>1</CFSlope>
      <FC>182.34834395642869</FC>
      <LP>0.51454581856749748</LP>
      <BETA>2.7298476729713883</BETA>
    </VegetationZoneParameters>
  </VegetationZone>
  <SubCatchment>
    <SubCatchmentParameters>
      <KSI>0.001</KSI>
      <KGmin>0.05</KGmin>
      <RangeKG>0.1</RangeKG>
      <AG>0.1</AG>
      <PERC>4.1344195094901863</PERC>
      <Alpha>0</Alpha>
      <UZL>41.375605963437245</UZL>
      <K0>0.59650881742586748</K0>
      <K1>0.56948568837327507</K1>
      <K2>0.12277169066072076</K2>
      <MAXBAS>1</MAXBAS>
      <Cet>0</Cet>
      <PCALT>10</PCALT>
      <TCALT>0.6</TCALT>
      <Pelev>0</Pelev>
      <Telev>0</Telev>
      <PART>0.5</PART>
      <DELAY>1</DELAY>
    </SubCatchmentParameters>
    <SubCatchmentVegetationZone>
      <SubCatchmentVegetationZoneParameters>
        <TT>0.8124248927588591</TT>
        <CFMAX>4.8337387744117</CFMAX>
        <SP>0</SP>
        <SFCF>0.50371644002085347</SFCF>
        <CFR>0.018275419679565377</CFR>
        <CWH>0.10000000028651046</CWH>
        <CFGlacier>1</CFGlacier>
        <CFSlope>1</CFSlope>
        <FC>182.34834395642869</FC>
        <LP>0.51454581856749748</LP>
        <BETA>2.7298476729713883</BETA>
      </SubCatchmentVegetationZoneParameters>
    </SubCatchmentVegetationZone>
  </SubCatchment>
</Catchment>