<?xml version="1.0" encoding="utf-8"?>
<Catchment xmlns:xsi="http://www.w3.org/2001/XMLSchema-instance" xmlns:xsd="http://www.w3.org/2001/XMLSchema">
  <CatchmentParameters>
    <KSI>0.001</KSI>
    <KGmin>0.05</KGmin>
    <RangeKG>0.1</RangeKG>
    <AG>0.1</AG>
    <PERC>3.3874628538447435</PERC>
    <Alpha>0</Alpha>
    <UZL>13.747363405817447</UZL>
    <K0>0.98998401892511234</K0>
    <K1>0.4407178049352467</K1>
    <K2>0.11900380325717264</K2>
    <MAXBAS>1</MAXBAS>
    <Cet>0</Cet>
    <PCALT>10</PCALT>
    <TCALT>0.6</TCALT>
    <Pelev>0</Pelev>
    <Telev>0</Telev>
    <PART>0.5</PART>
    <DELAY>1</DELAY>
  </CatchmentParameters>
  <VegetationZone>
    <VegetationZoneParameters>
      <TT>0.81043087798738633</TT>
      <CFMAX>4.7565049823347962</CFMAX>
      <SP>0</SP>
      <SFCF>0.50093719874260823</SFCF>
      <CFR>0.032413484348234212</CFR>
      <CWH>0.10001377594943939</CWH>
      <CFGlacier>1</CFGlacier>
      <CFSlope>1</CFSlope>
      <FC>174.34176787278491</FC>
      <LP>0.37688418714214389</LP>
      <BETA>2.2757943998097971</BETA>
    </VegetationZoneParameters>
  </VegetationZone>
  <SubCatchment>
    <SubCatchmentParameters>
      <KSI>0.001</KSI>
      <KGmin>0.05</KGmin>
      <RangeKG>0.1</RangeKG>
      <AG>0.1</AG>
      <PERC>3.3874628538447435</PERC>
      <Alpha>0</Alpha>
      <UZL>13.747363405817447</UZL>
      <K0>0.98998401892511234</K0>
      <K1>0.4407178049352467</K1>
      <K2>0.11900380325717264</K2>
      <MAXBAS>1</MAXBAS>
      <Cet>0</Cet>
      <PCALT>10</PCALT>
      <TCALT>0.6</TCALT>
      <Pelev>0</Pelev>
      <Telev>0</Telev>
      <PART>0.5</PART>
      <DELAY>1</DELAY>
    </SubCatchmentParameters>
    <SubCatchmentVegetationZone>
      <SubCatchmentVegetationZoneParameters>
        <TT>0.81043087798738633</TT>
        <CFMAX>4.7565049823347962</CFMAX>
        <SP>0</SP>
        <SFCF>0.50093719874260823</SFCF>
        <CFR>0.032413484348234212</CFR>
        <CWH>0.10001377594943939</CWH>
        <CFGlacier>1</CFGlacier>
        <CFSlope>1</CFSlope>
        <FC>174.34176787278491</FC>
        <LP>0.37688418714214389</LP>
        <BETA>2.2757943998097971</BETA>
      </SubCatchmentVegetationZoneParameters>
    </SubCatchmentVegetationZone>
  </SubCatchment>
</Catchment>