<?xml version="1.0" encoding="utf-8"?>
<Catchment xmlns:xsi="http://www.w3.org/2001/XMLSchema-instance" xmlns:xsd="http://www.w3.org/2001/XMLSchema">
  <CatchmentParameters>
    <KSI>0.001</KSI>
    <KGmin>0.05</KGmin>
    <RangeKG>0.1</RangeKG>
    <AG>0.1</AG>
    <PERC>4.555128080214156</PERC>
    <Alpha>0</Alpha>
    <UZL>64.731298403621736</UZL>
    <K0>0.49160464642425045</K0>
    <K1>0.55152911619907929</K1>
    <K2>0.12092459964417821</K2>
    <MAXBAS>1</MAXBAS>
    <Cet>0</Cet>
    <PCALT>10</PCALT>
    <TCALT>0.6</TCALT>
    <Pelev>0</Pelev>
    <Telev>0</Telev>
    <PART>0.5</PART>
    <DELAY>1</DELAY>
  </CatchmentParameters>
  <VegetationZone>
    <VegetationZoneParameters>
      <TT>1.1467291611025405</TT>
      <CFMAX>3.0715025389553952</CFMAX>
      <SP>0</SP>
      <SFCF>0.52986487648090752</SFCF>
      <CFR>0.095874716620545891</CFR>
      <CWH>0.10000188706576579</CWH>
      <CFGlacier>1</CFGlacier>
      <CFSlope>1</CFSlope>
      <FC>158.52705152797381</FC>
      <LP>0.58481188788221583</LP>
      <BETA>3.6046170545002991</BETA>
    </VegetationZoneParameters>
  </VegetationZone>
  <SubCatchment>
    <SubCatchmentParameters>
      <KSI>0.001</KSI>
      <KGmin>0.05</KGmin>
      <RangeKG>0.1</RangeKG>
      <AG>0.1</AG>
      <PERC>4.555128080214156</PERC>
      <Alpha>0</Alpha>
      <UZL>64.731298403621736</UZL>
      <K0>0.49160464642425045</K0>
      <K1>0.55152911619907929</K1>
      <K2>0.12092459964417821</K2>
      <MAXBAS>1</MAXBAS>
      <Cet>0</Cet>
      <PCALT>10</PCALT>
      <TCALT>0.6</TCALT>
      <Pelev>0</Pelev>
      <Telev>0</Telev>
      <PART>0.5</PART>
      <DELAY>1</DELAY>
    </SubCatchmentParameters>
    <SubCatchmentVegetationZone>
      <SubCatchmentVegetationZoneParameters>
        <TT>1.1467291611025405</TT>
        <CFMAX>3.0715025389553952</CFMAX>
        <SP>0</SP>
        <SFCF>0.52986487648090752</SFCF>
        <CFR>0.095874716620545891</CFR>
        <CWH>0.10000188706576579</CWH>
        <CFGlacier>1</CFGlacier>
        <CFSlope>1</CFSlope>
        <FC>158.52705152797381</FC>
        <LP>0.58481188788221583</LP>
        <BETA>3.6046170545002991</BETA>
      </SubCatchmentVegetationZoneParameters>
    </SubCatchmentVegetationZone>
  </SubCatchment>
</Catchment>