<?xml version="1.0" encoding="utf-8"?>
<Catchment xmlns:xsi="http://www.w3.org/2001/XMLSchema-instance" xmlns:xsd="http://www.w3.org/2001/XMLSchema">
  <CatchmentParameters>
    <KSI>0.001</KSI>
    <KGmin>0.05</KGmin>
    <RangeKG>0.1</RangeKG>
    <AG>0.1</AG>
    <PERC>3.4588631388090221</PERC>
    <Alpha>0</Alpha>
    <UZL>13.281020900211168</UZL>
    <K0>0.98999770500294271</K0>
    <K1>0.36386291271799115</K1>
    <K2>0.1209156093661828</K2>
    <MAXBAS>1</MAXBAS>
    <Cet>0</Cet>
    <PCALT>10</PCALT>
    <TCALT>0.6</TCALT>
    <Pelev>0</Pelev>
    <Telev>0</Telev>
    <PART>0.5</PART>
    <DELAY>1</DELAY>
  </CatchmentParameters>
  <VegetationZone>
    <VegetationZoneParameters>
      <TT>1.0367503357599697</TT>
      <CFMAX>2.3258881422449118</CFMAX>
      <SP>0</SP>
      <SFCF>0.52304773613836009</SFCF>
      <CFR>0.022783641312417665</CFR>
      <CWH>0.10000537500508462</CWH>
      <CFGlacier>1</CFGlacier>
      <CFSlope>1</CFSlope>
      <FC>169.66319589048243</FC>
      <LP>0.43217284740005335</LP>
      <BETA>2.5527111015528283</BETA>
    </VegetationZoneParameters>
  </VegetationZone>
  <SubCatchment>
    <SubCatchmentParameters>
      <KSI>0.001</KSI>
      <KGmin>0.05</KGmin>
      <RangeKG>0.1</RangeKG>
      <AG>0.1</AG>
      <PERC>3.4588631388090221</PERC>
      <Alpha>0</Alpha>
      <UZL>13.281020900211168</UZL>
      <K0>0.98999770500294271</K0>
      <K1>0.36386291271799115</K1>
      <K2>0.1209156093661828</K2>
      <MAXBAS>1</MAXBAS>
      <Cet>0</Cet>
      <PCALT>10</PCALT>
      <TCALT>0.6</TCALT>
      <Pelev>0</Pelev>
      <Telev>0</Telev>
      <PART>0.5</PART>
      <DELAY>1</DELAY>
    </SubCatchmentParameters>
    <SubCatchmentVegetationZone>
      <SubCatchmentVegetationZoneParameters>
        <TT>1.0367503357599697</TT>
        <CFMAX>2.3258881422449118</CFMAX>
        <SP>0</SP>
        <SFCF>0.52304773613836009</SFCF>
        <CFR>0.022783641312417665</CFR>
        <CWH>0.10000537500508462</CWH>
        <CFGlacier>1</CFGlacier>
        <CFSlope>1</CFSlope>
        <FC>169.66319589048243</FC>
        <LP>0.43217284740005335</LP>
        <BETA>2.5527111015528283</BETA>
      </SubCatchmentVegetationZoneParameters>
    </SubCatchmentVegetationZone>
  </SubCatchment>
</Catchment>