<?xml version="1.0" encoding="utf-8"?>
<Catchment xmlns:xsi="http://www.w3.org/2001/XMLSchema-instance" xmlns:xsd="http://www.w3.org/2001/XMLSchema">
  <CatchmentParameters>
    <KSI>0.001</KSI>
    <KGmin>0.05</KGmin>
    <RangeKG>0.1</RangeKG>
    <AG>0.1</AG>
    <PERC>4.2816522102444079</PERC>
    <Alpha>0</Alpha>
    <UZL>92.138029621277823</UZL>
    <K0>0.82489709836540248</K0>
    <K1>0.79999945233286485</K1>
    <K2>0.11865399960438541</K2>
    <MAXBAS>1</MAXBAS>
    <Cet>0</Cet>
    <PCALT>10</PCALT>
    <TCALT>0.6</TCALT>
    <Pelev>0</Pelev>
    <Telev>0</Telev>
    <PART>0.5</PART>
    <DELAY>1</DELAY>
  </CatchmentParameters>
  <VegetationZone>
    <VegetationZoneParameters>
      <TT>-0.66787146592594437</TT>
      <CFMAX>4.3183694153930556</CFMAX>
      <SP>0</SP>
      <SFCF>0.58785684814220851</SFCF>
      <CFR>0.065076464725690078</CFR>
      <CWH>0.199991680769421</CWH>
      <CFGlacier>1</CFGlacier>
      <CFSlope>1</CFSlope>
      <FC>1625.3517866254927</FC>
      <LP>0.88920437127054985</LP>
      <BETA>3.8741457855359522</BETA>
    </VegetationZoneParameters>
  </VegetationZone>
  <SubCatchment>
    <SubCatchmentParameters>
      <KSI>0.001</KSI>
      <KGmin>0.05</KGmin>
      <RangeKG>0.1</RangeKG>
      <AG>0.1</AG>
      <PERC>4.2816522102444079</PERC>
      <Alpha>0</Alpha>
      <UZL>92.138029621277823</UZL>
      <K0>0.82489709836540248</K0>
      <K1>0.79999945233286485</K1>
      <K2>0.11865399960438541</K2>
      <MAXBAS>1</MAXBAS>
      <Cet>0</Cet>
      <PCALT>10</PCALT>
      <TCALT>0.6</TCALT>
      <Pelev>0</Pelev>
      <Telev>0</Telev>
      <PART>0.5</PART>
      <DELAY>1</DELAY>
    </SubCatchmentParameters>
    <SubCatchmentVegetationZone>
      <SubCatchmentVegetationZoneParameters>
        <TT>-0.66787146592594437</TT>
        <CFMAX>4.3183694153930556</CFMAX>
        <SP>0</SP>
        <SFCF>0.58785684814220851</SFCF>
        <CFR>0.065076464725690078</CFR>
        <CWH>0.199991680769421</CWH>
        <CFGlacier>1</CFGlacier>
        <CFSlope>1</CFSlope>
        <FC>1625.3517866254927</FC>
        <LP>0.88920437127054985</LP>
        <BETA>3.8741457855359522</BETA>
      </SubCatchmentVegetationZoneParameters>
    </SubCatchmentVegetationZone>
  </SubCatchment>
</Catchment>