<?xml version="1.0" encoding="utf-8"?>
<Catchment xmlns:xsi="http://www.w3.org/2001/XMLSchema-instance" xmlns:xsd="http://www.w3.org/2001/XMLSchema">
  <CatchmentParameters>
    <KSI>0.001</KSI>
    <KGmin>0.05</KGmin>
    <RangeKG>0.1</RangeKG>
    <AG>0.1</AG>
    <PERC>3.8772426341341926</PERC>
    <Alpha>0</Alpha>
    <UZL>3.8392906655754455</UZL>
    <K0>0.989997016190412</K0>
    <K1>0.6194635711152463</K1>
    <K2>0.11513577166118937</K2>
    <MAXBAS>1</MAXBAS>
    <Cet>0</Cet>
    <PCALT>10</PCALT>
    <TCALT>0.6</TCALT>
    <Pelev>0</Pelev>
    <Telev>0</Telev>
    <PART>0.5</PART>
    <DELAY>1</DELAY>
  </CatchmentParameters>
  <VegetationZone>
    <VegetationZoneParameters>
      <TT>-1.4887806370278691</TT>
      <CFMAX>4.2624597140969307</CFMAX>
      <SP>0</SP>
      <SFCF>0.99393172741327129</SFCF>
      <CFR>0.015878036602738094</CFR>
      <CWH>0.19998907249338457</CWH>
      <CFGlacier>1</CFGlacier>
      <CFSlope>1</CFSlope>
      <FC>1410.7416116163772</FC>
      <LP>0.7999853877263936</LP>
      <BETA>3.1692448202436347</BETA>
    </VegetationZoneParameters>
  </VegetationZone>
  <SubCatchment>
    <SubCatchmentParameters>
      <KSI>0.001</KSI>
      <KGmin>0.05</KGmin>
      <RangeKG>0.1</RangeKG>
      <AG>0.1</AG>
      <PERC>3.8772426341341926</PERC>
      <Alpha>0</Alpha>
      <UZL>3.8392906655754455</UZL>
      <K0>0.989997016190412</K0>
      <K1>0.6194635711152463</K1>
      <K2>0.11513577166118937</K2>
      <MAXBAS>1</MAXBAS>
      <Cet>0</Cet>
      <PCALT>10</PCALT>
      <TCALT>0.6</TCALT>
      <Pelev>0</Pelev>
      <Telev>0</Telev>
      <PART>0.5</PART>
      <DELAY>1</DELAY>
    </SubCatchmentParameters>
    <SubCatchmentVegetationZone>
      <SubCatchmentVegetationZoneParameters>
        <TT>-1.4887806370278691</TT>
        <CFMAX>4.2624597140969307</CFMAX>
        <SP>0</SP>
        <SFCF>0.99393172741327129</SFCF>
        <CFR>0.015878036602738094</CFR>
        <CWH>0.19998907249338457</CWH>
        <CFGlacier>1</CFGlacier>
        <CFSlope>1</CFSlope>
        <FC>1410.7416116163772</FC>
        <LP>0.7999853877263936</LP>
        <BETA>3.1692448202436347</BETA>
      </SubCatchmentVegetationZoneParameters>
    </SubCatchmentVegetationZone>
  </SubCatchment>
</Catchment>