<?xml version="1.0" encoding="utf-8"?>
<Catchment xmlns:xsi="http://www.w3.org/2001/XMLSchema-instance" xmlns:xsd="http://www.w3.org/2001/XMLSchema">
  <CatchmentParameters>
    <KSI>0.001</KSI>
    <KGmin>0.05</KGmin>
    <RangeKG>0.1</RangeKG>
    <AG>0.1</AG>
    <PERC>3.8401397649723346</PERC>
    <Alpha>0</Alpha>
    <UZL>76.099013825738623</UZL>
    <K0>0.53019302673524293</K0>
    <K1>0.7999973332642436</K1>
    <K2>0.10895504113201183</K2>
    <MAXBAS>1</MAXBAS>
    <Cet>0</Cet>
    <PCALT>10</PCALT>
    <TCALT>0.6</TCALT>
    <Pelev>0</Pelev>
    <Telev>0</Telev>
    <PART>0.5</PART>
    <DELAY>1</DELAY>
  </CatchmentParameters>
  <VegetationZone>
    <VegetationZoneParameters>
      <TT>2.499991497330563</TT>
      <CFMAX>0.50000009665268863</CFMAX>
      <SP>0</SP>
      <SFCF>0.71277625157773117</SFCF>
      <CFR>0.01201638562860163</CFR>
      <CWH>0.19999816426131406</CWH>
      <CFGlacier>1</CFGlacier>
      <CFSlope>1</CFSlope>
      <FC>1699.7531323480453</FC>
      <LP>0.60385049641569166</LP>
      <BETA>2.3047325439795925</BETA>
    </VegetationZoneParameters>
  </VegetationZone>
  <SubCatchment>
    <SubCatchmentParameters>
      <KSI>0.001</KSI>
      <KGmin>0.05</KGmin>
      <RangeKG>0.1</RangeKG>
      <AG>0.1</AG>
      <PERC>3.8401397649723346</PERC>
      <Alpha>0</Alpha>
      <UZL>76.099013825738623</UZL>
      <K0>0.53019302673524293</K0>
      <K1>0.7999973332642436</K1>
      <K2>0.10895504113201183</K2>
      <MAXBAS>1</MAXBAS>
      <Cet>0</Cet>
      <PCALT>10</PCALT>
      <TCALT>0.6</TCALT>
      <Pelev>0</Pelev>
      <Telev>0</Telev>
      <PART>0.5</PART>
      <DELAY>1</DELAY>
    </SubCatchmentParameters>
    <SubCatchmentVegetationZone>
      <SubCatchmentVegetationZoneParameters>
        <TT>2.499991497330563</TT>
        <CFMAX>0.50000009665268863</CFMAX>
        <SP>0</SP>
        <SFCF>0.71277625157773117</SFCF>
        <CFR>0.01201638562860163</CFR>
        <CWH>0.19999816426131406</CWH>
        <CFGlacier>1</CFGlacier>
        <CFSlope>1</CFSlope>
        <FC>1699.7531323480453</FC>
        <LP>0.60385049641569166</LP>
        <BETA>2.3047325439795925</BETA>
      </SubCatchmentVegetationZoneParameters>
    </SubCatchmentVegetationZone>
  </SubCatchment>
</Catchment>