<?xml version="1.0" encoding="utf-8"?>
<Catchment xmlns:xsi="http://www.w3.org/2001/XMLSchema-instance" xmlns:xsd="http://www.w3.org/2001/XMLSchema">
  <CatchmentParameters>
    <KSI>0.001</KSI>
    <KGmin>0.05</KGmin>
    <RangeKG>0.1</RangeKG>
    <AG>0.1</AG>
    <PERC>4.7210800171630973</PERC>
    <Alpha>0</Alpha>
    <UZL>98.072049005152522</UZL>
    <K0>0.23660485365878958</K0>
    <K1>0.79999952844724986</K1>
    <K2>0.13448796261053603</K2>
    <MAXBAS>1</MAXBAS>
    <Cet>0</Cet>
    <PCALT>10</PCALT>
    <TCALT>0.6</TCALT>
    <Pelev>0</Pelev>
    <Telev>0</Telev>
    <PART>0.5</PART>
    <DELAY>1</DELAY>
  </CatchmentParameters>
  <VegetationZone>
    <VegetationZoneParameters>
      <TT>2.448437049339931</TT>
      <CFMAX>0.65199396615687821</CFMAX>
      <SP>0</SP>
      <SFCF>1.1555885731928355</SFCF>
      <CFR>0.051218244301147825</CFR>
      <CWH>0.17841981691864148</CWH>
      <CFGlacier>1</CFGlacier>
      <CFSlope>1</CFSlope>
      <FC>613.42192271561589</FC>
      <LP>0.71972753948842649</LP>
      <BETA>2.9352560264280223</BETA>
    </VegetationZoneParameters>
  </VegetationZone>
  <SubCatchment>
    <SubCatchmentParameters>
      <KSI>0.001</KSI>
      <KGmin>0.05</KGmin>
      <RangeKG>0.1</RangeKG>
      <AG>0.1</AG>
      <PERC>4.7210800171630973</PERC>
      <Alpha>0</Alpha>
      <UZL>98.072049005152522</UZL>
      <K0>0.23660485365878958</K0>
      <K1>0.79999952844724986</K1>
      <K2>0.13448796261053603</K2>
      <MAXBAS>1</MAXBAS>
      <Cet>0</Cet>
      <PCALT>10</PCALT>
      <TCALT>0.6</TCALT>
      <Pelev>0</Pelev>
      <Telev>0</Telev>
      <PART>0.5</PART>
      <DELAY>1</DELAY>
    </SubCatchmentParameters>
    <SubCatchmentVegetationZone>
      <SubCatchmentVegetationZoneParameters>
        <TT>2.448437049339931</TT>
        <CFMAX>0.65199396615687821</CFMAX>
        <SP>0</SP>
        <SFCF>1.1555885731928355</SFCF>
        <CFR>0.051218244301147825</CFR>
        <CWH>0.17841981691864148</CWH>
        <CFGlacier>1</CFGlacier>
        <CFSlope>1</CFSlope>
        <FC>613.42192271561589</FC>
        <LP>0.71972753948842649</LP>
        <BETA>2.9352560264280223</BETA>
      </SubCatchmentVegetationZoneParameters>
    </SubCatchmentVegetationZone>
  </SubCatchment>
</Catchment>