<?xml version="1.0" encoding="utf-8"?>
<Catchment xmlns:xsi="http://www.w3.org/2001/XMLSchema-instance" xmlns:xsd="http://www.w3.org/2001/XMLSchema">
  <CatchmentParameters>
    <KSI>0.001</KSI>
    <KGmin>0.05</KGmin>
    <RangeKG>0.1</RangeKG>
    <AG>0.1</AG>
    <PERC>3.37173424979734</PERC>
    <Alpha>0</Alpha>
    <UZL>11.436620844399977</UZL>
    <K0>0.8481124457594762</K0>
    <K1>0.31223235971230884</K1>
    <K2>0.11977467488691827</K2>
    <MAXBAS>1</MAXBAS>
    <Cet>0</Cet>
    <PCALT>10</PCALT>
    <TCALT>0.6</TCALT>
    <Pelev>0</Pelev>
    <Telev>0</Telev>
    <PART>0.5</PART>
    <DELAY>1</DELAY>
  </CatchmentParameters>
  <VegetationZone>
    <VegetationZoneParameters>
      <TT>0.45401107517983669</TT>
      <CFMAX>4.99991090895711</CFMAX>
      <SP>0</SP>
      <SFCF>0.50000008892476666</SFCF>
      <CFR>0.063753575973701571</CFR>
      <CWH>0.10001723539569843</CWH>
      <CFGlacier>1</CFGlacier>
      <CFSlope>1</CFSlope>
      <FC>165.89921160959187</FC>
      <LP>0.37571548899237289</LP>
      <BETA>2.3626248949123383</BETA>
    </VegetationZoneParameters>
  </VegetationZone>
  <SubCatchment>
    <SubCatchmentParameters>
      <KSI>0.001</KSI>
      <KGmin>0.05</KGmin>
      <RangeKG>0.1</RangeKG>
      <AG>0.1</AG>
      <PERC>3.37173424979734</PERC>
      <Alpha>0</Alpha>
      <UZL>11.436620844399977</UZL>
      <K0>0.8481124457594762</K0>
      <K1>0.31223235971230884</K1>
      <K2>0.11977467488691827</K2>
      <MAXBAS>1</MAXBAS>
      <Cet>0</Cet>
      <PCALT>10</PCALT>
      <TCALT>0.6</TCALT>
      <Pelev>0</Pelev>
      <Telev>0</Telev>
      <PART>0.5</PART>
      <DELAY>1</DELAY>
    </SubCatchmentParameters>
    <SubCatchmentVegetationZone>
      <SubCatchmentVegetationZoneParameters>
        <TT>0.45401107517983669</TT>
        <CFMAX>4.99991090895711</CFMAX>
        <SP>0</SP>
        <SFCF>0.50000008892476666</SFCF>
        <CFR>0.063753575973701571</CFR>
        <CWH>0.10001723539569843</CWH>
        <CFGlacier>1</CFGlacier>
        <CFSlope>1</CFSlope>
        <FC>165.89921160959187</FC>
        <LP>0.37571548899237289</LP>
        <BETA>2.3626248949123383</BETA>
      </SubCatchmentVegetationZoneParameters>
    </SubCatchmentVegetationZone>
  </SubCatchment>
</Catchment>