<?xml version="1.0" encoding="utf-8"?>
<Catchment xmlns:xsi="http://www.w3.org/2001/XMLSchema-instance" xmlns:xsd="http://www.w3.org/2001/XMLSchema">
  <CatchmentParameters>
    <KSI>0.001</KSI>
    <KGmin>0.05</KGmin>
    <RangeKG>0.1</RangeKG>
    <AG>0.1</AG>
    <PERC>5.12725737497928</PERC>
    <Alpha>0</Alpha>
    <UZL>144.40014793128856</UZL>
    <K0>0.28457075133754206</K0>
    <K1>0.61384451972267173</K1>
    <K2>0.13017187842718786</K2>
    <MAXBAS>1</MAXBAS>
    <Cet>0</Cet>
    <PCALT>10</PCALT>
    <TCALT>0.6</TCALT>
    <Pelev>0</Pelev>
    <Telev>0</Telev>
    <PART>0.5</PART>
    <DELAY>1</DELAY>
  </CatchmentParameters>
  <VegetationZone>
    <VegetationZoneParameters>
      <TT>2.4999987144233451</TT>
      <CFMAX>0.500000039269665</CFMAX>
      <SP>0</SP>
      <SFCF>0.5369944275614047</SFCF>
      <CFR>0.095989073617783222</CFR>
      <CWH>0.19999621260288647</CWH>
      <CFGlacier>1</CFGlacier>
      <CFSlope>1</CFSlope>
      <FC>331.61042512623465</FC>
      <LP>0.77873739185086055</LP>
      <BETA>3.2671712647280433</BETA>
    </VegetationZoneParameters>
  </VegetationZone>
  <SubCatchment>
    <SubCatchmentParameters>
      <KSI>0.001</KSI>
      <KGmin>0.05</KGmin>
      <RangeKG>0.1</RangeKG>
      <AG>0.1</AG>
      <PERC>5.12725737497928</PERC>
      <Alpha>0</Alpha>
      <UZL>144.40014793128856</UZL>
      <K0>0.28457075133754206</K0>
      <K1>0.61384451972267173</K1>
      <K2>0.13017187842718786</K2>
      <MAXBAS>1</MAXBAS>
      <Cet>0</Cet>
      <PCALT>10</PCALT>
      <TCALT>0.6</TCALT>
      <Pelev>0</Pelev>
      <Telev>0</Telev>
      <PART>0.5</PART>
      <DELAY>1</DELAY>
    </SubCatchmentParameters>
    <SubCatchmentVegetationZone>
      <SubCatchmentVegetationZoneParameters>
        <TT>2.4999987144233451</TT>
        <CFMAX>0.500000039269665</CFMAX>
        <SP>0</SP>
        <SFCF>0.5369944275614047</SFCF>
        <CFR>0.095989073617783222</CFR>
        <CWH>0.19999621260288647</CWH>
        <CFGlacier>1</CFGlacier>
        <CFSlope>1</CFSlope>
        <FC>331.61042512623465</FC>
        <LP>0.77873739185086055</LP>
        <BETA>3.2671712647280433</BETA>
      </SubCatchmentVegetationZoneParameters>
    </SubCatchmentVegetationZone>
  </SubCatchment>
</Catchment>