<?xml version="1.0" encoding="utf-8"?>
<Catchment xmlns:xsi="http://www.w3.org/2001/XMLSchema-instance" xmlns:xsd="http://www.w3.org/2001/XMLSchema">
  <CatchmentParameters>
    <KSI>0.001</KSI>
    <KGmin>0.05</KGmin>
    <RangeKG>0.1</RangeKG>
    <AG>0.1</AG>
    <PERC>4.0696571984847516</PERC>
    <Alpha>0</Alpha>
    <UZL>107.13214782796989</UZL>
    <K0>0.30717125538687073</K0>
    <K1>0.58070448835986987</K1>
    <K2>0.12322112064823186</K2>
    <MAXBAS>1</MAXBAS>
    <Cet>0</Cet>
    <PCALT>10</PCALT>
    <TCALT>0.6</TCALT>
    <Pelev>0</Pelev>
    <Telev>0</Telev>
    <PART>0.5</PART>
    <DELAY>1</DELAY>
  </CatchmentParameters>
  <VegetationZone>
    <VegetationZoneParameters>
      <TT>0.79462858033169148</TT>
      <CFMAX>4.382231979625824</CFMAX>
      <SP>0</SP>
      <SFCF>0.50000009591000416</SFCF>
      <CFR>0.053994172765322541</CFR>
      <CWH>0.10000584230484977</CWH>
      <CFGlacier>1</CFGlacier>
      <CFSlope>1</CFSlope>
      <FC>199.0576127340552</FC>
      <LP>0.45676069160766752</LP>
      <BETA>2.3370970615894011</BETA>
    </VegetationZoneParameters>
  </VegetationZone>
  <SubCatchment>
    <SubCatchmentParameters>
      <KSI>0.001</KSI>
      <KGmin>0.05</KGmin>
      <RangeKG>0.1</RangeKG>
      <AG>0.1</AG>
      <PERC>4.0696571984847516</PERC>
      <Alpha>0</Alpha>
      <UZL>107.13214782796989</UZL>
      <K0>0.30717125538687073</K0>
      <K1>0.58070448835986987</K1>
      <K2>0.12322112064823186</K2>
      <MAXBAS>1</MAXBAS>
      <Cet>0</Cet>
      <PCALT>10</PCALT>
      <TCALT>0.6</TCALT>
      <Pelev>0</Pelev>
      <Telev>0</Telev>
      <PART>0.5</PART>
      <DELAY>1</DELAY>
    </SubCatchmentParameters>
    <SubCatchmentVegetationZone>
      <SubCatchmentVegetationZoneParameters>
        <TT>0.79462858033169148</TT>
        <CFMAX>4.382231979625824</CFMAX>
        <SP>0</SP>
        <SFCF>0.50000009591000416</SFCF>
        <CFR>0.053994172765322541</CFR>
        <CWH>0.10000584230484977</CWH>
        <CFGlacier>1</CFGlacier>
        <CFSlope>1</CFSlope>
        <FC>199.0576127340552</FC>
        <LP>0.45676069160766752</LP>
        <BETA>2.3370970615894011</BETA>
      </SubCatchmentVegetationZoneParameters>
    </SubCatchmentVegetationZone>
  </SubCatchment>
</Catchment>