<?xml version="1.0" encoding="utf-8"?>
<Catchment xmlns:xsi="http://www.w3.org/2001/XMLSchema-instance" xmlns:xsd="http://www.w3.org/2001/XMLSchema">
  <CatchmentParameters>
    <KSI>0.001</KSI>
    <KGmin>0.05</KGmin>
    <RangeKG>0.1</RangeKG>
    <AG>0.1</AG>
    <PERC>4.5637693727728417</PERC>
    <Alpha>0</Alpha>
    <UZL>112.42020902454738</UZL>
    <K0>0.34528748533593412</K0>
    <K1>0.58876730181254544</K1>
    <K2>0.12749845650727587</K2>
    <MAXBAS>1</MAXBAS>
    <Cet>0</Cet>
    <PCALT>10</PCALT>
    <TCALT>0.6</TCALT>
    <Pelev>0</Pelev>
    <Telev>0</Telev>
    <PART>0.5</PART>
    <DELAY>1</DELAY>
  </CatchmentParameters>
  <VegetationZone>
    <VegetationZoneParameters>
      <TT>0.81087763818496961</TT>
      <CFMAX>4.7589851201722952</CFMAX>
      <SP>0</SP>
      <SFCF>0.50001715750113929</SFCF>
      <CFR>0.052271944943617553</CFR>
      <CWH>0.10000042015108496</CWH>
      <CFGlacier>1</CFGlacier>
      <CFSlope>1</CFSlope>
      <FC>220.46202177917465</FC>
      <LP>0.54272323855259053</LP>
      <BETA>2.5171924271306723</BETA>
    </VegetationZoneParameters>
  </VegetationZone>
  <SubCatchment>
    <SubCatchmentParameters>
      <KSI>0.001</KSI>
      <KGmin>0.05</KGmin>
      <RangeKG>0.1</RangeKG>
      <AG>0.1</AG>
      <PERC>4.5637693727728417</PERC>
      <Alpha>0</Alpha>
      <UZL>112.42020902454738</UZL>
      <K0>0.34528748533593412</K0>
      <K1>0.58876730181254544</K1>
      <K2>0.12749845650727587</K2>
      <MAXBAS>1</MAXBAS>
      <Cet>0</Cet>
      <PCALT>10</PCALT>
      <TCALT>0.6</TCALT>
      <Pelev>0</Pelev>
      <Telev>0</Telev>
      <PART>0.5</PART>
      <DELAY>1</DELAY>
    </SubCatchmentParameters>
    <SubCatchmentVegetationZone>
      <SubCatchmentVegetationZoneParameters>
        <TT>0.81087763818496961</TT>
        <CFMAX>4.7589851201722952</CFMAX>
        <SP>0</SP>
        <SFCF>0.50001715750113929</SFCF>
        <CFR>0.052271944943617553</CFR>
        <CWH>0.10000042015108496</CWH>
        <CFGlacier>1</CFGlacier>
        <CFSlope>1</CFSlope>
        <FC>220.46202177917465</FC>
        <LP>0.54272323855259053</LP>
        <BETA>2.5171924271306723</BETA>
      </SubCatchmentVegetationZoneParameters>
    </SubCatchmentVegetationZone>
  </SubCatchment>
</Catchment>