<?xml version="1.0" encoding="utf-8"?>
<Catchment xmlns:xsi="http://www.w3.org/2001/XMLSchema-instance" xmlns:xsd="http://www.w3.org/2001/XMLSchema">
  <CatchmentParameters>
    <KSI>0.001</KSI>
    <KGmin>0.05</KGmin>
    <RangeKG>0.1</RangeKG>
    <AG>0.1</AG>
    <PERC>4.418836227167934</PERC>
    <Alpha>0</Alpha>
    <UZL>73.203824234301919</UZL>
    <K0>0.32920218293359665</K0>
    <K1>0.7999999407038817</K1>
    <K2>0.1243983729759669</K2>
    <MAXBAS>1</MAXBAS>
    <Cet>0</Cet>
    <PCALT>10</PCALT>
    <TCALT>0.6</TCALT>
    <Pelev>0</Pelev>
    <Telev>0</Telev>
    <PART>0.5</PART>
    <DELAY>1</DELAY>
  </CatchmentParameters>
  <VegetationZone>
    <VegetationZoneParameters>
      <TT>2.4455328852244644</TT>
      <CFMAX>0.52018778651785513</CFMAX>
      <SP>0</SP>
      <SFCF>0.905470093223029</SFCF>
      <CFR>0.093772152932481714</CFR>
      <CWH>0.19977750210992534</CWH>
      <CFGlacier>1</CFGlacier>
      <CFSlope>1</CFSlope>
      <FC>1465.7354554994242</FC>
      <LP>0.974391345830071</LP>
      <BETA>5.251021744086561</BETA>
    </VegetationZoneParameters>
  </VegetationZone>
  <SubCatchment>
    <SubCatchmentParameters>
      <KSI>0.001</KSI>
      <KGmin>0.05</KGmin>
      <RangeKG>0.1</RangeKG>
      <AG>0.1</AG>
      <PERC>4.418836227167934</PERC>
      <Alpha>0</Alpha>
      <UZL>73.203824234301919</UZL>
      <K0>0.32920218293359665</K0>
      <K1>0.7999999407038817</K1>
      <K2>0.1243983729759669</K2>
      <MAXBAS>1</MAXBAS>
      <Cet>0</Cet>
      <PCALT>10</PCALT>
      <TCALT>0.6</TCALT>
      <Pelev>0</Pelev>
      <Telev>0</Telev>
      <PART>0.5</PART>
      <DELAY>1</DELAY>
    </SubCatchmentParameters>
    <SubCatchmentVegetationZone>
      <SubCatchmentVegetationZoneParameters>
        <TT>2.4455328852244644</TT>
        <CFMAX>0.52018778651785513</CFMAX>
        <SP>0</SP>
        <SFCF>0.905470093223029</SFCF>
        <CFR>0.093772152932481714</CFR>
        <CWH>0.19977750210992534</CWH>
        <CFGlacier>1</CFGlacier>
        <CFSlope>1</CFSlope>
        <FC>1465.7354554994242</FC>
        <LP>0.974391345830071</LP>
        <BETA>5.251021744086561</BETA>
      </SubCatchmentVegetationZoneParameters>
    </SubCatchmentVegetationZone>
  </SubCatchment>
</Catchment>