<?xml version="1.0" encoding="utf-8"?>
<Catchment xmlns:xsi="http://www.w3.org/2001/XMLSchema-instance" xmlns:xsd="http://www.w3.org/2001/XMLSchema">
  <CatchmentParameters>
    <KSI>0.001</KSI>
    <KGmin>0.05</KGmin>
    <RangeKG>0.1</RangeKG>
    <AG>0.1</AG>
    <PERC>3.9926831223414974</PERC>
    <Alpha>0</Alpha>
    <UZL>141.9765609607573</UZL>
    <K0>0.41945874056484495</K0>
    <K1>0.555756134534969</K1>
    <K2>0.12726878175251838</K2>
    <MAXBAS>1</MAXBAS>
    <Cet>0</Cet>
    <PCALT>10</PCALT>
    <TCALT>0.6</TCALT>
    <Pelev>0</Pelev>
    <Telev>0</Telev>
    <PART>0.5</PART>
    <DELAY>1</DELAY>
  </CatchmentParameters>
  <VegetationZone>
    <VegetationZoneParameters>
      <TT>-1.0673557293993103</TT>
      <CFMAX>2.8632043986447027</CFMAX>
      <SP>0</SP>
      <SFCF>0.50000047902959555</SFCF>
      <CFR>0.025274807034431402</CFR>
      <CWH>0.199962085860384</CWH>
      <CFGlacier>1</CFGlacier>
      <CFSlope>1</CFSlope>
      <FC>186.84410442134333</FC>
      <LP>0.50714234330544361</LP>
      <BETA>2.6775509097553232</BETA>
    </VegetationZoneParameters>
  </VegetationZone>
  <SubCatchment>
    <SubCatchmentParameters>
      <KSI>0.001</KSI>
      <KGmin>0.05</KGmin>
      <RangeKG>0.1</RangeKG>
      <AG>0.1</AG>
      <PERC>3.9926831223414974</PERC>
      <Alpha>0</Alpha>
      <UZL>141.9765609607573</UZL>
      <K0>0.41945874056484495</K0>
      <K1>0.555756134534969</K1>
      <K2>0.12726878175251838</K2>
      <MAXBAS>1</MAXBAS>
      <Cet>0</Cet>
      <PCALT>10</PCALT>
      <TCALT>0.6</TCALT>
      <Pelev>0</Pelev>
      <Telev>0</Telev>
      <PART>0.5</PART>
      <DELAY>1</DELAY>
    </SubCatchmentParameters>
    <SubCatchmentVegetationZone>
      <SubCatchmentVegetationZoneParameters>
        <TT>-1.0673557293993103</TT>
        <CFMAX>2.8632043986447027</CFMAX>
        <SP>0</SP>
        <SFCF>0.50000047902959555</SFCF>
        <CFR>0.025274807034431402</CFR>
        <CWH>0.199962085860384</CWH>
        <CFGlacier>1</CFGlacier>
        <CFSlope>1</CFSlope>
        <FC>186.84410442134333</FC>
        <LP>0.50714234330544361</LP>
        <BETA>2.6775509097553232</BETA>
      </SubCatchmentVegetationZoneParameters>
    </SubCatchmentVegetationZone>
  </SubCatchment>
</Catchment>