<?xml version="1.0" encoding="utf-8"?>
<Catchment xmlns:xsi="http://www.w3.org/2001/XMLSchema-instance" xmlns:xsd="http://www.w3.org/2001/XMLSchema">
  <CatchmentParameters>
    <KSI>0.001</KSI>
    <KGmin>0.05</KGmin>
    <RangeKG>0.1</RangeKG>
    <AG>0.1</AG>
    <PERC>3.7839907227800835</PERC>
    <Alpha>0</Alpha>
    <UZL>150.30123661481608</UZL>
    <K0>0.32071084467021016</K0>
    <K1>0.55067442589955273</K1>
    <K2>0.11691015657819404</K2>
    <MAXBAS>1</MAXBAS>
    <Cet>0</Cet>
    <PCALT>10</PCALT>
    <TCALT>0.6</TCALT>
    <Pelev>0</Pelev>
    <Telev>0</Telev>
    <PART>0.5</PART>
    <DELAY>1</DELAY>
  </CatchmentParameters>
  <VegetationZone>
    <VegetationZoneParameters>
      <TT>0.45400779406115821</TT>
      <CFMAX>4.999924006031689</CFMAX>
      <SP>0</SP>
      <SFCF>0.50000005217792043</SFCF>
      <CFR>0.090031657652045544</CFR>
      <CWH>0.10001554669889497</CWH>
      <CFGlacier>1</CFGlacier>
      <CFSlope>1</CFSlope>
      <FC>159.75107830779027</FC>
      <LP>0.41844484406029042</LP>
      <BETA>2.6249024848214653</BETA>
    </VegetationZoneParameters>
  </VegetationZone>
  <SubCatchment>
    <SubCatchmentParameters>
      <KSI>0.001</KSI>
      <KGmin>0.05</KGmin>
      <RangeKG>0.1</RangeKG>
      <AG>0.1</AG>
      <PERC>3.7839907227800835</PERC>
      <Alpha>0</Alpha>
      <UZL>150.30123661481608</UZL>
      <K0>0.32071084467021016</K0>
      <K1>0.55067442589955273</K1>
      <K2>0.11691015657819404</K2>
      <MAXBAS>1</MAXBAS>
      <Cet>0</Cet>
      <PCALT>10</PCALT>
      <TCALT>0.6</TCALT>
      <Pelev>0</Pelev>
      <Telev>0</Telev>
      <PART>0.5</PART>
      <DELAY>1</DELAY>
    </SubCatchmentParameters>
    <SubCatchmentVegetationZone>
      <SubCatchmentVegetationZoneParameters>
        <TT>0.45400779406115821</TT>
        <CFMAX>4.999924006031689</CFMAX>
        <SP>0</SP>
        <SFCF>0.50000005217792043</SFCF>
        <CFR>0.090031657652045544</CFR>
        <CWH>0.10001554669889497</CWH>
        <CFGlacier>1</CFGlacier>
        <CFSlope>1</CFSlope>
        <FC>159.75107830779027</FC>
        <LP>0.41844484406029042</LP>
        <BETA>2.6249024848214653</BETA>
      </SubCatchmentVegetationZoneParameters>
    </SubCatchmentVegetationZone>
  </SubCatchment>
</Catchment>