<?xml version="1.0" encoding="utf-8"?>
<Catchment xmlns:xsi="http://www.w3.org/2001/XMLSchema-instance" xmlns:xsd="http://www.w3.org/2001/XMLSchema">
  <CatchmentParameters>
    <KSI>0.001</KSI>
    <KGmin>0.05</KGmin>
    <RangeKG>0.1</RangeKG>
    <AG>0.1</AG>
    <PERC>4.6898347735518948</PERC>
    <Alpha>0</Alpha>
    <UZL>168.66348593513092</UZL>
    <K0>0.44895420734873664</K0>
    <K1>0.64595227103209518</K1>
    <K2>0.12333216607859522</K2>
    <MAXBAS>1</MAXBAS>
    <Cet>0</Cet>
    <PCALT>10</PCALT>
    <TCALT>0.6</TCALT>
    <Pelev>0</Pelev>
    <Telev>0</Telev>
    <PART>0.5</PART>
    <DELAY>1</DELAY>
  </CatchmentParameters>
  <VegetationZone>
    <VegetationZoneParameters>
      <TT>0.75965846860629171</TT>
      <CFMAX>3.7449176036652889</CFMAX>
      <SP>0</SP>
      <SFCF>0.50003415766666615</SFCF>
      <CFR>0.0252406498811629</CFR>
      <CWH>0.10000392719908682</CWH>
      <CFGlacier>1</CFGlacier>
      <CFSlope>1</CFSlope>
      <FC>347.17328584910103</FC>
      <LP>0.410119224131377</LP>
      <BETA>1.7320584028599806</BETA>
    </VegetationZoneParameters>
  </VegetationZone>
  <SubCatchment>
    <SubCatchmentParameters>
      <KSI>0.001</KSI>
      <KGmin>0.05</KGmin>
      <RangeKG>0.1</RangeKG>
      <AG>0.1</AG>
      <PERC>4.6898347735518948</PERC>
      <Alpha>0</Alpha>
      <UZL>168.66348593513092</UZL>
      <K0>0.44895420734873664</K0>
      <K1>0.64595227103209518</K1>
      <K2>0.12333216607859522</K2>
      <MAXBAS>1</MAXBAS>
      <Cet>0</Cet>
      <PCALT>10</PCALT>
      <TCALT>0.6</TCALT>
      <Pelev>0</Pelev>
      <Telev>0</Telev>
      <PART>0.5</PART>
      <DELAY>1</DELAY>
    </SubCatchmentParameters>
    <SubCatchmentVegetationZone>
      <SubCatchmentVegetationZoneParameters>
        <TT>0.75965846860629171</TT>
        <CFMAX>3.7449176036652889</CFMAX>
        <SP>0</SP>
        <SFCF>0.50003415766666615</SFCF>
        <CFR>0.0252406498811629</CFR>
        <CWH>0.10000392719908682</CWH>
        <CFGlacier>1</CFGlacier>
        <CFSlope>1</CFSlope>
        <FC>347.17328584910103</FC>
        <LP>0.410119224131377</LP>
        <BETA>1.7320584028599806</BETA>
      </SubCatchmentVegetationZoneParameters>
    </SubCatchmentVegetationZone>
  </SubCatchment>
</Catchment>