<?xml version="1.0" encoding="utf-8"?>
<Catchment xmlns:xsi="http://www.w3.org/2001/XMLSchema-instance" xmlns:xsd="http://www.w3.org/2001/XMLSchema">
  <CatchmentParameters>
    <KSI>0.001</KSI>
    <KGmin>0.05</KGmin>
    <RangeKG>0.1</RangeKG>
    <AG>0.1</AG>
    <PERC>3.4882883478290165</PERC>
    <Alpha>0</Alpha>
    <UZL>105.21601828003708</UZL>
    <K0>0.53946674613782841</K0>
    <K1>0.55882128702102229</K1>
    <K2>0.1182125401444715</K2>
    <MAXBAS>1</MAXBAS>
    <Cet>0</Cet>
    <PCALT>10</PCALT>
    <TCALT>0.6</TCALT>
    <Pelev>0</Pelev>
    <Telev>0</Telev>
    <PART>0.5</PART>
    <DELAY>1</DELAY>
  </CatchmentParameters>
  <VegetationZone>
    <VegetationZoneParameters>
      <TT>-1.0260595464880709</TT>
      <CFMAX>2.9605244600869449</CFMAX>
      <SP>0</SP>
      <SFCF>0.50000018258936907</SFCF>
      <CFR>0.048131247051408241</CFR>
      <CWH>0.19997485939058338</CWH>
      <CFGlacier>1</CFGlacier>
      <CFSlope>1</CFSlope>
      <FC>163.86827583384104</FC>
      <LP>0.42466530583211165</LP>
      <BETA>2.6262943072960052</BETA>
    </VegetationZoneParameters>
  </VegetationZone>
  <SubCatchment>
    <SubCatchmentParameters>
      <KSI>0.001</KSI>
      <KGmin>0.05</KGmin>
      <RangeKG>0.1</RangeKG>
      <AG>0.1</AG>
      <PERC>3.4882883478290165</PERC>
      <Alpha>0</Alpha>
      <UZL>105.21601828003708</UZL>
      <K0>0.53946674613782841</K0>
      <K1>0.55882128702102229</K1>
      <K2>0.1182125401444715</K2>
      <MAXBAS>1</MAXBAS>
      <Cet>0</Cet>
      <PCALT>10</PCALT>
      <TCALT>0.6</TCALT>
      <Pelev>0</Pelev>
      <Telev>0</Telev>
      <PART>0.5</PART>
      <DELAY>1</DELAY>
    </SubCatchmentParameters>
    <SubCatchmentVegetationZone>
      <SubCatchmentVegetationZoneParameters>
        <TT>-1.0260595464880709</TT>
        <CFMAX>2.9605244600869449</CFMAX>
        <SP>0</SP>
        <SFCF>0.50000018258936907</SFCF>
        <CFR>0.048131247051408241</CFR>
        <CWH>0.19997485939058338</CWH>
        <CFGlacier>1</CFGlacier>
        <CFSlope>1</CFSlope>
        <FC>163.86827583384104</FC>
        <LP>0.42466530583211165</LP>
        <BETA>2.6262943072960052</BETA>
      </SubCatchmentVegetationZoneParameters>
    </SubCatchmentVegetationZone>
  </SubCatchment>
</Catchment>