<?xml version="1.0" encoding="utf-8"?>
<Catchment xmlns:xsi="http://www.w3.org/2001/XMLSchema-instance" xmlns:xsd="http://www.w3.org/2001/XMLSchema">
  <CatchmentParameters>
    <KSI>0.001</KSI>
    <KGmin>0.05</KGmin>
    <RangeKG>0.1</RangeKG>
    <AG>0.1</AG>
    <PERC>4.14178962431607</PERC>
    <Alpha>0</Alpha>
    <UZL>113.12678157664745</UZL>
    <K0>0.31756076534264149</K0>
    <K1>0.55715107210753567</K1>
    <K2>0.12449459889449407</K2>
    <MAXBAS>1</MAXBAS>
    <Cet>0</Cet>
    <PCALT>10</PCALT>
    <TCALT>0.6</TCALT>
    <Pelev>0</Pelev>
    <Telev>0</Telev>
    <PART>0.5</PART>
    <DELAY>1</DELAY>
  </CatchmentParameters>
  <VegetationZone>
    <VegetationZoneParameters>
      <TT>-1.036751419548152</TT>
      <CFMAX>2.9346156194581203</CFMAX>
      <SP>0</SP>
      <SFCF>0.500000503117253</SFCF>
      <CFR>0.042184531992287722</CFR>
      <CWH>0.19998946825792788</CWH>
      <CFGlacier>1</CFGlacier>
      <CFSlope>1</CFSlope>
      <FC>167.17679509279836</FC>
      <LP>0.4526959881045361</LP>
      <BETA>2.6921297265714532</BETA>
    </VegetationZoneParameters>
  </VegetationZone>
  <SubCatchment>
    <SubCatchmentParameters>
      <KSI>0.001</KSI>
      <KGmin>0.05</KGmin>
      <RangeKG>0.1</RangeKG>
      <AG>0.1</AG>
      <PERC>4.14178962431607</PERC>
      <Alpha>0</Alpha>
      <UZL>113.12678157664745</UZL>
      <K0>0.31756076534264149</K0>
      <K1>0.55715107210753567</K1>
      <K2>0.12449459889449407</K2>
      <MAXBAS>1</MAXBAS>
      <Cet>0</Cet>
      <PCALT>10</PCALT>
      <TCALT>0.6</TCALT>
      <Pelev>0</Pelev>
      <Telev>0</Telev>
      <PART>0.5</PART>
      <DELAY>1</DELAY>
    </SubCatchmentParameters>
    <SubCatchmentVegetationZone>
      <SubCatchmentVegetationZoneParameters>
        <TT>-1.036751419548152</TT>
        <CFMAX>2.9346156194581203</CFMAX>
        <SP>0</SP>
        <SFCF>0.500000503117253</SFCF>
        <CFR>0.042184531992287722</CFR>
        <CWH>0.19998946825792788</CWH>
        <CFGlacier>1</CFGlacier>
        <CFSlope>1</CFSlope>
        <FC>167.17679509279836</FC>
        <LP>0.4526959881045361</LP>
        <BETA>2.6921297265714532</BETA>
      </SubCatchmentVegetationZoneParameters>
    </SubCatchmentVegetationZone>
  </SubCatchment>
</Catchment>