<?xml version="1.0" encoding="utf-8"?>
<Catchment xmlns:xsi="http://www.w3.org/2001/XMLSchema-instance" xmlns:xsd="http://www.w3.org/2001/XMLSchema">
  <CatchmentParameters>
    <KSI>0.001</KSI>
    <KGmin>0.05</KGmin>
    <RangeKG>0.1</RangeKG>
    <AG>0.1</AG>
    <PERC>3.8179903530626862</PERC>
    <Alpha>0</Alpha>
    <UZL>192.97506935895549</UZL>
    <K0>0.45060405846914831</K0>
    <K1>0.79997450462208408</K1>
    <K2>0.11089660369863121</K2>
    <MAXBAS>1</MAXBAS>
    <Cet>0</Cet>
    <PCALT>10</PCALT>
    <TCALT>0.6</TCALT>
    <Pelev>0</Pelev>
    <Telev>0</Telev>
    <PART>0.5</PART>
    <DELAY>1</DELAY>
  </CatchmentParameters>
  <VegetationZone>
    <VegetationZoneParameters>
      <TT>-0.908152023343209</TT>
      <CFMAX>3.5299687505800121</CFMAX>
      <SP>0</SP>
      <SFCF>0.53839068248553823</SFCF>
      <CFR>0.068896926995891269</CFR>
      <CWH>0.19998887676969404</CWH>
      <CFGlacier>1</CFGlacier>
      <CFSlope>1</CFSlope>
      <FC>2142.6705798124231</FC>
      <LP>0.74518472378166489</LP>
      <BETA>3.0437491363288078</BETA>
    </VegetationZoneParameters>
  </VegetationZone>
  <SubCatchment>
    <SubCatchmentParameters>
      <KSI>0.001</KSI>
      <KGmin>0.05</KGmin>
      <RangeKG>0.1</RangeKG>
      <AG>0.1</AG>
      <PERC>3.8179903530626862</PERC>
      <Alpha>0</Alpha>
      <UZL>192.97506935895549</UZL>
      <K0>0.45060405846914831</K0>
      <K1>0.79997450462208408</K1>
      <K2>0.11089660369863121</K2>
      <MAXBAS>1</MAXBAS>
      <Cet>0</Cet>
      <PCALT>10</PCALT>
      <TCALT>0.6</TCALT>
      <Pelev>0</Pelev>
      <Telev>0</Telev>
      <PART>0.5</PART>
      <DELAY>1</DELAY>
    </SubCatchmentParameters>
    <SubCatchmentVegetationZone>
      <SubCatchmentVegetationZoneParameters>
        <TT>-0.908152023343209</TT>
        <CFMAX>3.5299687505800121</CFMAX>
        <SP>0</SP>
        <SFCF>0.53839068248553823</SFCF>
        <CFR>0.068896926995891269</CFR>
        <CWH>0.19998887676969404</CWH>
        <CFGlacier>1</CFGlacier>
        <CFSlope>1</CFSlope>
        <FC>2142.6705798124231</FC>
        <LP>0.74518472378166489</LP>
        <BETA>3.0437491363288078</BETA>
      </SubCatchmentVegetationZoneParameters>
    </SubCatchmentVegetationZone>
  </SubCatchment>
</Catchment>