<?xml version="1.0" encoding="utf-8"?>
<Catchment xmlns:xsi="http://www.w3.org/2001/XMLSchema-instance" xmlns:xsd="http://www.w3.org/2001/XMLSchema">
  <CatchmentParameters>
    <KSI>0.001</KSI>
    <KGmin>0.05</KGmin>
    <RangeKG>0.1</RangeKG>
    <AG>0.1</AG>
    <PERC>4.614339949032022</PERC>
    <Alpha>0</Alpha>
    <UZL>109.98222408669687</UZL>
    <K0>0.3193678263010023</K0>
    <K1>0.66194442420629052</K1>
    <K2>0.1298698428388643</K2>
    <MAXBAS>1</MAXBAS>
    <Cet>0</Cet>
    <PCALT>10</PCALT>
    <TCALT>0.6</TCALT>
    <Pelev>0</Pelev>
    <Telev>0</Telev>
    <PART>0.5</PART>
    <DELAY>1</DELAY>
  </CatchmentParameters>
  <VegetationZone>
    <VegetationZoneParameters>
      <TT>2.499988095018002</TT>
      <CFMAX>0.50000006788862594</CFMAX>
      <SP>0</SP>
      <SFCF>0.65180342297924387</SFCF>
      <CFR>0.02938312726528702</CFR>
      <CWH>0.19999604589027725</CWH>
      <CFGlacier>1</CFGlacier>
      <CFSlope>1</CFSlope>
      <FC>314.30957304097768</FC>
      <LP>0.4377547165247912</LP>
      <BETA>1.9157705034170747</BETA>
    </VegetationZoneParameters>
  </VegetationZone>
  <SubCatchment>
    <SubCatchmentParameters>
      <KSI>0.001</KSI>
      <KGmin>0.05</KGmin>
      <RangeKG>0.1</RangeKG>
      <AG>0.1</AG>
      <PERC>4.614339949032022</PERC>
      <Alpha>0</Alpha>
      <UZL>109.98222408669687</UZL>
      <K0>0.3193678263010023</K0>
      <K1>0.66194442420629052</K1>
      <K2>0.1298698428388643</K2>
      <MAXBAS>1</MAXBAS>
      <Cet>0</Cet>
      <PCALT>10</PCALT>
      <TCALT>0.6</TCALT>
      <Pelev>0</Pelev>
      <Telev>0</Telev>
      <PART>0.5</PART>
      <DELAY>1</DELAY>
    </SubCatchmentParameters>
    <SubCatchmentVegetationZone>
      <SubCatchmentVegetationZoneParameters>
        <TT>2.499988095018002</TT>
        <CFMAX>0.50000006788862594</CFMAX>
        <SP>0</SP>
        <SFCF>0.65180342297924387</SFCF>
        <CFR>0.02938312726528702</CFR>
        <CWH>0.19999604589027725</CWH>
        <CFGlacier>1</CFGlacier>
        <CFSlope>1</CFSlope>
        <FC>314.30957304097768</FC>
        <LP>0.4377547165247912</LP>
        <BETA>1.9157705034170747</BETA>
      </SubCatchmentVegetationZoneParameters>
    </SubCatchmentVegetationZone>
  </SubCatchment>
</Catchment>