<?xml version="1.0" encoding="utf-8"?>
<Catchment xmlns:xsi="http://www.w3.org/2001/XMLSchema-instance" xmlns:xsd="http://www.w3.org/2001/XMLSchema">
  <CatchmentParameters>
    <KSI>0.001</KSI>
    <KGmin>0.05</KGmin>
    <RangeKG>0.1</RangeKG>
    <AG>0.1</AG>
    <PERC>3.9477588895493838</PERC>
    <Alpha>0</Alpha>
    <UZL>132.54785760553131</UZL>
    <K0>0.11101610432784828</K0>
    <K1>0.79999909806684977</K1>
    <K2>0.1150703182511485</K2>
    <MAXBAS>1</MAXBAS>
    <Cet>0</Cet>
    <PCALT>10</PCALT>
    <TCALT>0.6</TCALT>
    <Pelev>0</Pelev>
    <Telev>0</Telev>
    <PART>0.5</PART>
    <DELAY>1</DELAY>
  </CatchmentParameters>
  <VegetationZone>
    <VegetationZoneParameters>
      <TT>-0.76010414240229618</TT>
      <CFMAX>4.5347526049380358</CFMAX>
      <SP>0</SP>
      <SFCF>0.81648048796048478</SFCF>
      <CFR>0.076342728240742466</CFR>
      <CWH>0.19998186350562339</CWH>
      <CFGlacier>1</CFGlacier>
      <CFSlope>1</CFSlope>
      <FC>1854.7946419214791</FC>
      <LP>0.7672233998472896</LP>
      <BETA>3.1203129780876924</BETA>
    </VegetationZoneParameters>
  </VegetationZone>
  <SubCatchment>
    <SubCatchmentParameters>
      <KSI>0.001</KSI>
      <KGmin>0.05</KGmin>
      <RangeKG>0.1</RangeKG>
      <AG>0.1</AG>
      <PERC>3.9477588895493838</PERC>
      <Alpha>0</Alpha>
      <UZL>132.54785760553131</UZL>
      <K0>0.11101610432784828</K0>
      <K1>0.79999909806684977</K1>
      <K2>0.1150703182511485</K2>
      <MAXBAS>1</MAXBAS>
      <Cet>0</Cet>
      <PCALT>10</PCALT>
      <TCALT>0.6</TCALT>
      <Pelev>0</Pelev>
      <Telev>0</Telev>
      <PART>0.5</PART>
      <DELAY>1</DELAY>
    </SubCatchmentParameters>
    <SubCatchmentVegetationZone>
      <SubCatchmentVegetationZoneParameters>
        <TT>-0.76010414240229618</TT>
        <CFMAX>4.5347526049380358</CFMAX>
        <SP>0</SP>
        <SFCF>0.81648048796048478</SFCF>
        <CFR>0.076342728240742466</CFR>
        <CWH>0.19998186350562339</CWH>
        <CFGlacier>1</CFGlacier>
        <CFSlope>1</CFSlope>
        <FC>1854.7946419214791</FC>
        <LP>0.7672233998472896</LP>
        <BETA>3.1203129780876924</BETA>
      </SubCatchmentVegetationZoneParameters>
    </SubCatchmentVegetationZone>
  </SubCatchment>
</Catchment>