<?xml version="1.0" encoding="utf-8"?>
<Catchment xmlns:xsi="http://www.w3.org/2001/XMLSchema-instance" xmlns:xsd="http://www.w3.org/2001/XMLSchema">
  <CatchmentParameters>
    <KSI>0.001</KSI>
    <KGmin>0.05</KGmin>
    <RangeKG>0.1</RangeKG>
    <AG>0.1</AG>
    <PERC>4.7096327597928687</PERC>
    <Alpha>0</Alpha>
    <UZL>2.7399865471657927</UZL>
    <K0>0.98999956097699982</K0>
    <K1>0.79999911365021237</K1>
    <K2>0.10875653164546018</K2>
    <MAXBAS>1</MAXBAS>
    <Cet>0</Cet>
    <PCALT>10</PCALT>
    <TCALT>0.6</TCALT>
    <Pelev>0</Pelev>
    <Telev>0</Telev>
    <PART>0.5</PART>
    <DELAY>1</DELAY>
  </CatchmentParameters>
  <VegetationZone>
    <VegetationZoneParameters>
      <TT>0.71321592853226023</TT>
      <CFMAX>3.6800580682146693</CFMAX>
      <SP>0</SP>
      <SFCF>0.58640279298452447</SFCF>
      <CFR>0.0358969221402086</CFR>
      <CWH>0.10001148324892081</CWH>
      <CFGlacier>1</CFGlacier>
      <CFSlope>1</CFSlope>
      <FC>2122.6122862688931</FC>
      <LP>0.82120820846965437</LP>
      <BETA>3.597378819092877</BETA>
    </VegetationZoneParameters>
  </VegetationZone>
  <SubCatchment>
    <SubCatchmentParameters>
      <KSI>0.001</KSI>
      <KGmin>0.05</KGmin>
      <RangeKG>0.1</RangeKG>
      <AG>0.1</AG>
      <PERC>4.7096327597928687</PERC>
      <Alpha>0</Alpha>
      <UZL>2.7399865471657927</UZL>
      <K0>0.98999956097699982</K0>
      <K1>0.79999911365021237</K1>
      <K2>0.10875653164546018</K2>
      <MAXBAS>1</MAXBAS>
      <Cet>0</Cet>
      <PCALT>10</PCALT>
      <TCALT>0.6</TCALT>
      <Pelev>0</Pelev>
      <Telev>0</Telev>
      <PART>0.5</PART>
      <DELAY>1</DELAY>
    </SubCatchmentParameters>
    <SubCatchmentVegetationZone>
      <SubCatchmentVegetationZoneParameters>
        <TT>0.71321592853226023</TT>
        <CFMAX>3.6800580682146693</CFMAX>
        <SP>0</SP>
        <SFCF>0.58640279298452447</SFCF>
        <CFR>0.0358969221402086</CFR>
        <CWH>0.10001148324892081</CWH>
        <CFGlacier>1</CFGlacier>
        <CFSlope>1</CFSlope>
        <FC>2122.6122862688931</FC>
        <LP>0.82120820846965437</LP>
        <BETA>3.597378819092877</BETA>
      </SubCatchmentVegetationZoneParameters>
    </SubCatchmentVegetationZone>
  </SubCatchment>
</Catchment>