<?xml version="1.0" encoding="utf-8"?>
<Catchment xmlns:xsi="http://www.w3.org/2001/XMLSchema-instance" xmlns:xsd="http://www.w3.org/2001/XMLSchema">
  <CatchmentParameters>
    <KSI>0.001</KSI>
    <KGmin>0.05</KGmin>
    <RangeKG>0.1</RangeKG>
    <AG>0.1</AG>
    <PERC>4.6969702152061981</PERC>
    <Alpha>0</Alpha>
    <UZL>141.34218025777372</UZL>
    <K0>0.53384657310383532</K0>
    <K1>0.799997627872984</K1>
    <K2>0.12906500623090289</K2>
    <MAXBAS>1</MAXBAS>
    <Cet>0</Cet>
    <PCALT>10</PCALT>
    <TCALT>0.6</TCALT>
    <Pelev>0</Pelev>
    <Telev>0</Telev>
    <PART>0.5</PART>
    <DELAY>1</DELAY>
  </CatchmentParameters>
  <VegetationZone>
    <VegetationZoneParameters>
      <TT>2.4674964227658109</TT>
      <CFMAX>0.8612256352754597</CFMAX>
      <SP>0</SP>
      <SFCF>1.3481928958703757</SFCF>
      <CFR>0.016489562797887821</CFR>
      <CWH>0.19999763328394896</CWH>
      <CFGlacier>1</CFGlacier>
      <CFSlope>1</CFSlope>
      <FC>727.22455510497844</FC>
      <LP>0.773806835206945</LP>
      <BETA>3.2389974529798695</BETA>
    </VegetationZoneParameters>
  </VegetationZone>
  <SubCatchment>
    <SubCatchmentParameters>
      <KSI>0.001</KSI>
      <KGmin>0.05</KGmin>
      <RangeKG>0.1</RangeKG>
      <AG>0.1</AG>
      <PERC>4.6969702152061981</PERC>
      <Alpha>0</Alpha>
      <UZL>141.34218025777372</UZL>
      <K0>0.53384657310383532</K0>
      <K1>0.799997627872984</K1>
      <K2>0.12906500623090289</K2>
      <MAXBAS>1</MAXBAS>
      <Cet>0</Cet>
      <PCALT>10</PCALT>
      <TCALT>0.6</TCALT>
      <Pelev>0</Pelev>
      <Telev>0</Telev>
      <PART>0.5</PART>
      <DELAY>1</DELAY>
    </SubCatchmentParameters>
    <SubCatchmentVegetationZone>
      <SubCatchmentVegetationZoneParameters>
        <TT>2.4674964227658109</TT>
        <CFMAX>0.8612256352754597</CFMAX>
        <SP>0</SP>
        <SFCF>1.3481928958703757</SFCF>
        <CFR>0.016489562797887821</CFR>
        <CWH>0.19999763328394896</CWH>
        <CFGlacier>1</CFGlacier>
        <CFSlope>1</CFSlope>
        <FC>727.22455510497844</FC>
        <LP>0.773806835206945</LP>
        <BETA>3.2389974529798695</BETA>
      </SubCatchmentVegetationZoneParameters>
    </SubCatchmentVegetationZone>
  </SubCatchment>
</Catchment>