<?xml version="1.0" encoding="utf-8"?>
<Catchment xmlns:xsi="http://www.w3.org/2001/XMLSchema-instance" xmlns:xsd="http://www.w3.org/2001/XMLSchema">
  <CatchmentParameters>
    <KSI>0.001</KSI>
    <KGmin>0.05</KGmin>
    <RangeKG>0.1</RangeKG>
    <AG>0.1</AG>
    <PERC>3.9071614254501443</PERC>
    <Alpha>0</Alpha>
    <UZL>183.59444174303627</UZL>
    <K0>0.860794399977843</K0>
    <K1>0.79999945479758672</K1>
    <K2>0.11436689956319751</K2>
    <MAXBAS>1</MAXBAS>
    <Cet>0</Cet>
    <PCALT>10</PCALT>
    <TCALT>0.6</TCALT>
    <Pelev>0</Pelev>
    <Telev>0</Telev>
    <PART>0.5</PART>
    <DELAY>1</DELAY>
  </CatchmentParameters>
  <VegetationZone>
    <VegetationZoneParameters>
      <TT>-0.99925835570423127</TT>
      <CFMAX>4.7548822438249632</CFMAX>
      <SP>0</SP>
      <SFCF>0.78562835660247987</SFCF>
      <CFR>0.0636165994405965</CFR>
      <CWH>0.19998143760144052</CWH>
      <CFGlacier>1</CFGlacier>
      <CFSlope>1</CFSlope>
      <FC>2382.076536492506</FC>
      <LP>0.91353186517137674</LP>
      <BETA>4.6935855820565306</BETA>
    </VegetationZoneParameters>
  </VegetationZone>
  <SubCatchment>
    <SubCatchmentParameters>
      <KSI>0.001</KSI>
      <KGmin>0.05</KGmin>
      <RangeKG>0.1</RangeKG>
      <AG>0.1</AG>
      <PERC>3.9071614254501443</PERC>
      <Alpha>0</Alpha>
      <UZL>183.59444174303627</UZL>
      <K0>0.860794399977843</K0>
      <K1>0.79999945479758672</K1>
      <K2>0.11436689956319751</K2>
      <MAXBAS>1</MAXBAS>
      <Cet>0</Cet>
      <PCALT>10</PCALT>
      <TCALT>0.6</TCALT>
      <Pelev>0</Pelev>
      <Telev>0</Telev>
      <PART>0.5</PART>
      <DELAY>1</DELAY>
    </SubCatchmentParameters>
    <SubCatchmentVegetationZone>
      <SubCatchmentVegetationZoneParameters>
        <TT>-0.99925835570423127</TT>
        <CFMAX>4.7548822438249632</CFMAX>
        <SP>0</SP>
        <SFCF>0.78562835660247987</SFCF>
        <CFR>0.0636165994405965</CFR>
        <CWH>0.19998143760144052</CWH>
        <CFGlacier>1</CFGlacier>
        <CFSlope>1</CFSlope>
        <FC>2382.076536492506</FC>
        <LP>0.91353186517137674</LP>
        <BETA>4.6935855820565306</BETA>
      </SubCatchmentVegetationZoneParameters>
    </SubCatchmentVegetationZone>
  </SubCatchment>
</Catchment>