<?xml version="1.0" encoding="utf-8"?>
<Catchment xmlns:xsi="http://www.w3.org/2001/XMLSchema-instance" xmlns:xsd="http://www.w3.org/2001/XMLSchema">
  <CatchmentParameters>
    <KSI>0.001</KSI>
    <KGmin>0.05</KGmin>
    <RangeKG>0.1</RangeKG>
    <AG>0.1</AG>
    <PERC>4.7531997636148979</PERC>
    <Alpha>0</Alpha>
    <UZL>76.619033845248538</UZL>
    <K0>0.4233400456869521</K0>
    <K1>0.7999980355241304</K1>
    <K2>0.12876512371067583</K2>
    <MAXBAS>1</MAXBAS>
    <Cet>0</Cet>
    <PCALT>10</PCALT>
    <TCALT>0.6</TCALT>
    <Pelev>0</Pelev>
    <Telev>0</Telev>
    <PART>0.5</PART>
    <DELAY>1</DELAY>
  </CatchmentParameters>
  <VegetationZone>
    <VegetationZoneParameters>
      <TT>2.4981411728104463</TT>
      <CFMAX>0.512743818331063</CFMAX>
      <SP>0</SP>
      <SFCF>0.823357936147166</SFCF>
      <CFR>0.062624518486799216</CFR>
      <CWH>0.19999646726714093</CWH>
      <CFGlacier>1</CFGlacier>
      <CFSlope>1</CFSlope>
      <FC>669.51748556620657</FC>
      <LP>0.84861075841372191</LP>
      <BETA>3.5288604063959963</BETA>
    </VegetationZoneParameters>
  </VegetationZone>
  <SubCatchment>
    <SubCatchmentParameters>
      <KSI>0.001</KSI>
      <KGmin>0.05</KGmin>
      <RangeKG>0.1</RangeKG>
      <AG>0.1</AG>
      <PERC>4.7531997636148979</PERC>
      <Alpha>0</Alpha>
      <UZL>76.619033845248538</UZL>
      <K0>0.4233400456869521</K0>
      <K1>0.7999980355241304</K1>
      <K2>0.12876512371067583</K2>
      <MAXBAS>1</MAXBAS>
      <Cet>0</Cet>
      <PCALT>10</PCALT>
      <TCALT>0.6</TCALT>
      <Pelev>0</Pelev>
      <Telev>0</Telev>
      <PART>0.5</PART>
      <DELAY>1</DELAY>
    </SubCatchmentParameters>
    <SubCatchmentVegetationZone>
      <SubCatchmentVegetationZoneParameters>
        <TT>2.4981411728104463</TT>
        <CFMAX>0.512743818331063</CFMAX>
        <SP>0</SP>
        <SFCF>0.823357936147166</SFCF>
        <CFR>0.062624518486799216</CFR>
        <CWH>0.19999646726714093</CWH>
        <CFGlacier>1</CFGlacier>
        <CFSlope>1</CFSlope>
        <FC>669.51748556620657</FC>
        <LP>0.84861075841372191</LP>
        <BETA>3.5288604063959963</BETA>
      </SubCatchmentVegetationZoneParameters>
    </SubCatchmentVegetationZone>
  </SubCatchment>
</Catchment>