<?xml version="1.0" encoding="utf-8"?>
<Catchment xmlns:xsi="http://www.w3.org/2001/XMLSchema-instance" xmlns:xsd="http://www.w3.org/2001/XMLSchema">
  <CatchmentParameters>
    <KSI>0.001</KSI>
    <KGmin>0.05</KGmin>
    <RangeKG>0.1</RangeKG>
    <AG>0.1</AG>
    <PERC>4.0600314597241072</PERC>
    <Alpha>0</Alpha>
    <UZL>113.71936435978046</UZL>
    <K0>0.38345484313554107</K0>
    <K1>0.79998986319692278</K1>
    <K2>0.11627768605928281</K2>
    <MAXBAS>1</MAXBAS>
    <Cet>0</Cet>
    <PCALT>10</PCALT>
    <TCALT>0.6</TCALT>
    <Pelev>0</Pelev>
    <Telev>0</Telev>
    <PART>0.5</PART>
    <DELAY>1</DELAY>
  </CatchmentParameters>
  <VegetationZone>
    <VegetationZoneParameters>
      <TT>-0.73699933611382351</TT>
      <CFMAX>4.7095442210879046</CFMAX>
      <SP>0</SP>
      <SFCF>0.79621219350348738</SFCF>
      <CFR>0.033823360156445804</CFR>
      <CWH>0.19997940050506136</CWH>
      <CFGlacier>1</CFGlacier>
      <CFSlope>1</CFSlope>
      <FC>2189.8024349375905</FC>
      <LP>0.96120118154009648</LP>
      <BETA>5.1245330501436461</BETA>
    </VegetationZoneParameters>
  </VegetationZone>
  <SubCatchment>
    <SubCatchmentParameters>
      <KSI>0.001</KSI>
      <KGmin>0.05</KGmin>
      <RangeKG>0.1</RangeKG>
      <AG>0.1</AG>
      <PERC>4.0600314597241072</PERC>
      <Alpha>0</Alpha>
      <UZL>113.71936435978046</UZL>
      <K0>0.38345484313554107</K0>
      <K1>0.79998986319692278</K1>
      <K2>0.11627768605928281</K2>
      <MAXBAS>1</MAXBAS>
      <Cet>0</Cet>
      <PCALT>10</PCALT>
      <TCALT>0.6</TCALT>
      <Pelev>0</Pelev>
      <Telev>0</Telev>
      <PART>0.5</PART>
      <DELAY>1</DELAY>
    </SubCatchmentParameters>
    <SubCatchmentVegetationZone>
      <SubCatchmentVegetationZoneParameters>
        <TT>-0.73699933611382351</TT>
        <CFMAX>4.7095442210879046</CFMAX>
        <SP>0</SP>
        <SFCF>0.79621219350348738</SFCF>
        <CFR>0.033823360156445804</CFR>
        <CWH>0.19997940050506136</CWH>
        <CFGlacier>1</CFGlacier>
        <CFSlope>1</CFSlope>
        <FC>2189.8024349375905</FC>
        <LP>0.96120118154009648</LP>
        <BETA>5.1245330501436461</BETA>
      </SubCatchmentVegetationZoneParameters>
    </SubCatchmentVegetationZone>
  </SubCatchment>
</Catchment>