<?xml version="1.0" encoding="utf-8"?>
<Catchment xmlns:xsi="http://www.w3.org/2001/XMLSchema-instance" xmlns:xsd="http://www.w3.org/2001/XMLSchema">
  <CatchmentParameters>
    <KSI>0.001</KSI>
    <KGmin>0.05</KGmin>
    <RangeKG>0.1</RangeKG>
    <AG>0.1</AG>
    <PERC>3.8689437231631456</PERC>
    <Alpha>0</Alpha>
    <UZL>111.34683044350365</UZL>
    <K0>0.58208494109956477</K0>
    <K1>0.79999741786643741</K1>
    <K2>0.111595961109173</K2>
    <MAXBAS>1</MAXBAS>
    <Cet>0</Cet>
    <PCALT>10</PCALT>
    <TCALT>0.6</TCALT>
    <Pelev>0</Pelev>
    <Telev>0</Telev>
    <PART>0.5</PART>
    <DELAY>1</DELAY>
  </CatchmentParameters>
  <VegetationZone>
    <VegetationZoneParameters>
      <TT>-1.4337252660180975</TT>
      <CFMAX>4.13161256582443</CFMAX>
      <SP>0</SP>
      <SFCF>0.93175459847465</SFCF>
      <CFR>0.070090359038833</CFR>
      <CWH>0.19998721995369151</CWH>
      <CFGlacier>1</CFGlacier>
      <CFSlope>1</CFSlope>
      <FC>2067.517784570477</FC>
      <LP>0.79541190028114772</LP>
      <BETA>3.4064913478020342</BETA>
    </VegetationZoneParameters>
  </VegetationZone>
  <SubCatchment>
    <SubCatchmentParameters>
      <KSI>0.001</KSI>
      <KGmin>0.05</KGmin>
      <RangeKG>0.1</RangeKG>
      <AG>0.1</AG>
      <PERC>3.8689437231631456</PERC>
      <Alpha>0</Alpha>
      <UZL>111.34683044350365</UZL>
      <K0>0.58208494109956477</K0>
      <K1>0.79999741786643741</K1>
      <K2>0.111595961109173</K2>
      <MAXBAS>1</MAXBAS>
      <Cet>0</Cet>
      <PCALT>10</PCALT>
      <TCALT>0.6</TCALT>
      <Pelev>0</Pelev>
      <Telev>0</Telev>
      <PART>0.5</PART>
      <DELAY>1</DELAY>
    </SubCatchmentParameters>
    <SubCatchmentVegetationZone>
      <SubCatchmentVegetationZoneParameters>
        <TT>-1.4337252660180975</TT>
        <CFMAX>4.13161256582443</CFMAX>
        <SP>0</SP>
        <SFCF>0.93175459847465</SFCF>
        <CFR>0.070090359038833</CFR>
        <CWH>0.19998721995369151</CWH>
        <CFGlacier>1</CFGlacier>
        <CFSlope>1</CFSlope>
        <FC>2067.517784570477</FC>
        <LP>0.79541190028114772</LP>
        <BETA>3.4064913478020342</BETA>
      </SubCatchmentVegetationZoneParameters>
    </SubCatchmentVegetationZone>
  </SubCatchment>
</Catchment>