<?xml version="1.0" encoding="utf-8"?>
<Catchment xmlns:xsi="http://www.w3.org/2001/XMLSchema-instance" xmlns:xsd="http://www.w3.org/2001/XMLSchema">
  <CatchmentParameters>
    <KSI>0.001</KSI>
    <KGmin>0.05</KGmin>
    <RangeKG>0.1</RangeKG>
    <AG>0.1</AG>
    <PERC>4.7350026035376445</PERC>
    <Alpha>0</Alpha>
    <UZL>2.4672679139637217</UZL>
    <K0>0.98999956447683468</K0>
    <K1>0.799999078114443</K1>
    <K2>0.1037098837676026</K2>
    <MAXBAS>1</MAXBAS>
    <Cet>0</Cet>
    <PCALT>10</PCALT>
    <TCALT>0.6</TCALT>
    <Pelev>0</Pelev>
    <Telev>0</Telev>
    <PART>0.5</PART>
    <DELAY>1</DELAY>
  </CatchmentParameters>
  <VegetationZone>
    <VegetationZoneParameters>
      <TT>2.2065245774247977</TT>
      <CFMAX>3.4065056881799722</CFMAX>
      <SP>0</SP>
      <SFCF>0.59937978421306015</SFCF>
      <CFR>0.099838778133285566</CFR>
      <CWH>0.1999336298542421</CWH>
      <CFGlacier>1</CFGlacier>
      <CFSlope>1</CFSlope>
      <FC>2439.7534983646929</FC>
      <LP>0.76906936098633094</LP>
      <BETA>3.3625008594247507</BETA>
    </VegetationZoneParameters>
  </VegetationZone>
  <SubCatchment>
    <SubCatchmentParameters>
      <KSI>0.001</KSI>
      <KGmin>0.05</KGmin>
      <RangeKG>0.1</RangeKG>
      <AG>0.1</AG>
      <PERC>4.7350026035376445</PERC>
      <Alpha>0</Alpha>
      <UZL>2.4672679139637217</UZL>
      <K0>0.98999956447683468</K0>
      <K1>0.799999078114443</K1>
      <K2>0.1037098837676026</K2>
      <MAXBAS>1</MAXBAS>
      <Cet>0</Cet>
      <PCALT>10</PCALT>
      <TCALT>0.6</TCALT>
      <Pelev>0</Pelev>
      <Telev>0</Telev>
      <PART>0.5</PART>
      <DELAY>1</DELAY>
    </SubCatchmentParameters>
    <SubCatchmentVegetationZone>
      <SubCatchmentVegetationZoneParameters>
        <TT>2.2065245774247977</TT>
        <CFMAX>3.4065056881799722</CFMAX>
        <SP>0</SP>
        <SFCF>0.59937978421306015</SFCF>
        <CFR>0.099838778133285566</CFR>
        <CWH>0.1999336298542421</CWH>
        <CFGlacier>1</CFGlacier>
        <CFSlope>1</CFSlope>
        <FC>2439.7534983646929</FC>
        <LP>0.76906936098633094</LP>
        <BETA>3.3625008594247507</BETA>
      </SubCatchmentVegetationZoneParameters>
    </SubCatchmentVegetationZone>
  </SubCatchment>
</Catchment>