<?xml version="1.0" encoding="utf-8"?>
<Catchment xmlns:xsi="http://www.w3.org/2001/XMLSchema-instance" xmlns:xsd="http://www.w3.org/2001/XMLSchema">
  <CatchmentParameters>
    <KSI>0.001</KSI>
    <KGmin>0.05</KGmin>
    <RangeKG>0.1</RangeKG>
    <AG>0.1</AG>
    <PERC>3.8465931345383462</PERC>
    <Alpha>0</Alpha>
    <UZL>85.789411496933511</UZL>
    <K0>0.28687648733282722</K0>
    <K1>0.79999732931046208</K1>
    <K2>0.10478719314372974</K2>
    <MAXBAS>1</MAXBAS>
    <Cet>0</Cet>
    <PCALT>10</PCALT>
    <TCALT>0.6</TCALT>
    <Pelev>0</Pelev>
    <Telev>0</Telev>
    <PART>0.5</PART>
    <DELAY>1</DELAY>
  </CatchmentParameters>
  <VegetationZone>
    <VegetationZoneParameters>
      <TT>2.3404938660604424</TT>
      <CFMAX>3.3802487582642651</CFMAX>
      <SP>0</SP>
      <SFCF>0.500000040623693</SFCF>
      <CFR>0.099776580973504711</CFR>
      <CWH>0.19998000153874243</CWH>
      <CFGlacier>1</CFGlacier>
      <CFSlope>1</CFSlope>
      <FC>2045.7619657643579</FC>
      <LP>0.70444676089249258</LP>
      <BETA>2.7640160673548388</BETA>
    </VegetationZoneParameters>
  </VegetationZone>
  <SubCatchment>
    <SubCatchmentParameters>
      <KSI>0.001</KSI>
      <KGmin>0.05</KGmin>
      <RangeKG>0.1</RangeKG>
      <AG>0.1</AG>
      <PERC>3.8465931345383462</PERC>
      <Alpha>0</Alpha>
      <UZL>85.789411496933511</UZL>
      <K0>0.28687648733282722</K0>
      <K1>0.79999732931046208</K1>
      <K2>0.10478719314372974</K2>
      <MAXBAS>1</MAXBAS>
      <Cet>0</Cet>
      <PCALT>10</PCALT>
      <TCALT>0.6</TCALT>
      <Pelev>0</Pelev>
      <Telev>0</Telev>
      <PART>0.5</PART>
      <DELAY>1</DELAY>
    </SubCatchmentParameters>
    <SubCatchmentVegetationZone>
      <SubCatchmentVegetationZoneParameters>
        <TT>2.3404938660604424</TT>
        <CFMAX>3.3802487582642651</CFMAX>
        <SP>0</SP>
        <SFCF>0.500000040623693</SFCF>
        <CFR>0.099776580973504711</CFR>
        <CWH>0.19998000153874243</CWH>
        <CFGlacier>1</CFGlacier>
        <CFSlope>1</CFSlope>
        <FC>2045.7619657643579</FC>
        <LP>0.70444676089249258</LP>
        <BETA>2.7640160673548388</BETA>
      </SubCatchmentVegetationZoneParameters>
    </SubCatchmentVegetationZone>
  </SubCatchment>
</Catchment>