<?xml version="1.0" encoding="utf-8"?>
<Catchment xmlns:xsi="http://www.w3.org/2001/XMLSchema-instance" xmlns:xsd="http://www.w3.org/2001/XMLSchema">
  <CatchmentParameters>
    <KSI>0.001</KSI>
    <KGmin>0.05</KGmin>
    <RangeKG>0.1</RangeKG>
    <AG>0.1</AG>
    <PERC>4.1832433434262022</PERC>
    <Alpha>0</Alpha>
    <UZL>4.8060081246667616</UZL>
    <K0>0.98999675235897766</K0>
    <K1>0.79999716116823283</K1>
    <K2>0.10798701424484845</K2>
    <MAXBAS>1</MAXBAS>
    <Cet>0</Cet>
    <PCALT>10</PCALT>
    <TCALT>0.6</TCALT>
    <Pelev>0</Pelev>
    <Telev>0</Telev>
    <PART>0.5</PART>
    <DELAY>1</DELAY>
  </CatchmentParameters>
  <VegetationZone>
    <VegetationZoneParameters>
      <TT>2.4997748023173725</TT>
      <CFMAX>0.50000106863731664</CFMAX>
      <SP>0</SP>
      <SFCF>0.50000065614203171</SFCF>
      <CFR>0.091331960975693932</CFR>
      <CWH>0.1999998898464663</CWH>
      <CFGlacier>1</CFGlacier>
      <CFSlope>1</CFSlope>
      <FC>1651.0234658751451</FC>
      <LP>0.83151525682725758</LP>
      <BETA>3.5087106613781409</BETA>
    </VegetationZoneParameters>
  </VegetationZone>
  <SubCatchment>
    <SubCatchmentParameters>
      <KSI>0.001</KSI>
      <KGmin>0.05</KGmin>
      <RangeKG>0.1</RangeKG>
      <AG>0.1</AG>
      <PERC>4.1832433434262022</PERC>
      <Alpha>0</Alpha>
      <UZL>4.8060081246667616</UZL>
      <K0>0.98999675235897766</K0>
      <K1>0.79999716116823283</K1>
      <K2>0.10798701424484845</K2>
      <MAXBAS>1</MAXBAS>
      <Cet>0</Cet>
      <PCALT>10</PCALT>
      <TCALT>0.6</TCALT>
      <Pelev>0</Pelev>
      <Telev>0</Telev>
      <PART>0.5</PART>
      <DELAY>1</DELAY>
    </SubCatchmentParameters>
    <SubCatchmentVegetationZone>
      <SubCatchmentVegetationZoneParameters>
        <TT>2.4997748023173725</TT>
        <CFMAX>0.50000106863731664</CFMAX>
        <SP>0</SP>
        <SFCF>0.50000065614203171</SFCF>
        <CFR>0.091331960975693932</CFR>
        <CWH>0.1999998898464663</CWH>
        <CFGlacier>1</CFGlacier>
        <CFSlope>1</CFSlope>
        <FC>1651.0234658751451</FC>
        <LP>0.83151525682725758</LP>
        <BETA>3.5087106613781409</BETA>
      </SubCatchmentVegetationZoneParameters>
    </SubCatchmentVegetationZone>
  </SubCatchment>
</Catchment>