<?xml version="1.0" encoding="utf-8"?>
<Catchment xmlns:xsi="http://www.w3.org/2001/XMLSchema-instance" xmlns:xsd="http://www.w3.org/2001/XMLSchema">
  <CatchmentParameters>
    <KSI>0.001</KSI>
    <KGmin>0.05</KGmin>
    <RangeKG>0.1</RangeKG>
    <AG>0.1</AG>
    <PERC>3.8933874782806526</PERC>
    <Alpha>0</Alpha>
    <UZL>110.86088056317011</UZL>
    <K0>0.50837224878221932</K0>
    <K1>0.79999538927247693</K1>
    <K2>0.11086802374050192</K2>
    <MAXBAS>1</MAXBAS>
    <Cet>0</Cet>
    <PCALT>10</PCALT>
    <TCALT>0.6</TCALT>
    <Pelev>0</Pelev>
    <Telev>0</Telev>
    <PART>0.5</PART>
    <DELAY>1</DELAY>
  </CatchmentParameters>
  <VegetationZone>
    <VegetationZoneParameters>
      <TT>-1.0159421672987525</TT>
      <CFMAX>3.6771129089458872</CFMAX>
      <SP>0</SP>
      <SFCF>0.61588791037245239</SFCF>
      <CFR>0.029249447567737778</CFR>
      <CWH>0.19998139212327667</CWH>
      <CFGlacier>1</CFGlacier>
      <CFSlope>1</CFSlope>
      <FC>1809.307047951118</FC>
      <LP>0.63561790387407369</LP>
      <BETA>2.3686865757290554</BETA>
    </VegetationZoneParameters>
  </VegetationZone>
  <SubCatchment>
    <SubCatchmentParameters>
      <KSI>0.001</KSI>
      <KGmin>0.05</KGmin>
      <RangeKG>0.1</RangeKG>
      <AG>0.1</AG>
      <PERC>3.8933874782806526</PERC>
      <Alpha>0</Alpha>
      <UZL>110.86088056317011</UZL>
      <K0>0.50837224878221932</K0>
      <K1>0.79999538927247693</K1>
      <K2>0.11086802374050192</K2>
      <MAXBAS>1</MAXBAS>
      <Cet>0</Cet>
      <PCALT>10</PCALT>
      <TCALT>0.6</TCALT>
      <Pelev>0</Pelev>
      <Telev>0</Telev>
      <PART>0.5</PART>
      <DELAY>1</DELAY>
    </SubCatchmentParameters>
    <SubCatchmentVegetationZone>
      <SubCatchmentVegetationZoneParameters>
        <TT>-1.0159421672987525</TT>
        <CFMAX>3.6771129089458872</CFMAX>
        <SP>0</SP>
        <SFCF>0.61588791037245239</SFCF>
        <CFR>0.029249447567737778</CFR>
        <CWH>0.19998139212327667</CWH>
        <CFGlacier>1</CFGlacier>
        <CFSlope>1</CFSlope>
        <FC>1809.307047951118</FC>
        <LP>0.63561790387407369</LP>
        <BETA>2.3686865757290554</BETA>
      </SubCatchmentVegetationZoneParameters>
    </SubCatchmentVegetationZone>
  </SubCatchment>
</Catchment>