<?xml version="1.0" encoding="utf-8"?>
<Catchment xmlns:xsi="http://www.w3.org/2001/XMLSchema-instance" xmlns:xsd="http://www.w3.org/2001/XMLSchema">
  <CatchmentParameters>
    <KSI>0.001</KSI>
    <KGmin>0.05</KGmin>
    <RangeKG>0.1</RangeKG>
    <AG>0.1</AG>
    <PERC>3.9695976423653327</PERC>
    <Alpha>0</Alpha>
    <UZL>176.30929257368973</UZL>
    <K0>0.48361065998934222</K0>
    <K1>0.79999749030635792</K1>
    <K2>0.11029008605066454</K2>
    <MAXBAS>1</MAXBAS>
    <Cet>0</Cet>
    <PCALT>10</PCALT>
    <TCALT>0.6</TCALT>
    <Pelev>0</Pelev>
    <Telev>0</Telev>
    <PART>0.5</PART>
    <DELAY>1</DELAY>
  </CatchmentParameters>
  <VegetationZone>
    <VegetationZoneParameters>
      <TT>0.68484514399940477</TT>
      <CFMAX>3.3125788722974625</CFMAX>
      <SP>0</SP>
      <SFCF>0.57999851085117948</SFCF>
      <CFR>0.050770849730942959</CFR>
      <CWH>0.10001270004920325</CWH>
      <CFGlacier>1</CFGlacier>
      <CFSlope>1</CFSlope>
      <FC>2013.7552420442482</FC>
      <LP>0.83578095847384293</LP>
      <BETA>3.6526334502715807</BETA>
    </VegetationZoneParameters>
  </VegetationZone>
  <SubCatchment>
    <SubCatchmentParameters>
      <KSI>0.001</KSI>
      <KGmin>0.05</KGmin>
      <RangeKG>0.1</RangeKG>
      <AG>0.1</AG>
      <PERC>3.9695976423653327</PERC>
      <Alpha>0</Alpha>
      <UZL>176.30929257368973</UZL>
      <K0>0.48361065998934222</K0>
      <K1>0.79999749030635792</K1>
      <K2>0.11029008605066454</K2>
      <MAXBAS>1</MAXBAS>
      <Cet>0</Cet>
      <PCALT>10</PCALT>
      <TCALT>0.6</TCALT>
      <Pelev>0</Pelev>
      <Telev>0</Telev>
      <PART>0.5</PART>
      <DELAY>1</DELAY>
    </SubCatchmentParameters>
    <SubCatchmentVegetationZone>
      <SubCatchmentVegetationZoneParameters>
        <TT>0.68484514399940477</TT>
        <CFMAX>3.3125788722974625</CFMAX>
        <SP>0</SP>
        <SFCF>0.57999851085117948</SFCF>
        <CFR>0.050770849730942959</CFR>
        <CWH>0.10001270004920325</CWH>
        <CFGlacier>1</CFGlacier>
        <CFSlope>1</CFSlope>
        <FC>2013.7552420442482</FC>
        <LP>0.83578095847384293</LP>
        <BETA>3.6526334502715807</BETA>
      </SubCatchmentVegetationZoneParameters>
    </SubCatchmentVegetationZone>
  </SubCatchment>
</Catchment>