<?xml version="1.0" encoding="utf-8"?>
<Catchment xmlns:xsi="http://www.w3.org/2001/XMLSchema-instance" xmlns:xsd="http://www.w3.org/2001/XMLSchema">
  <CatchmentParameters>
    <KSI>0.001</KSI>
    <KGmin>0.05</KGmin>
    <RangeKG>0.1</RangeKG>
    <AG>0.1</AG>
    <PERC>4.7102494578287191</PERC>
    <Alpha>0</Alpha>
    <UZL>109.42968852530528</UZL>
    <K0>0.2251389347436667</K0>
    <K1>0.79999751237100825</K1>
    <K2>0.13865998126680879</K2>
    <MAXBAS>1</MAXBAS>
    <Cet>0</Cet>
    <PCALT>10</PCALT>
    <TCALT>0.6</TCALT>
    <Pelev>0</Pelev>
    <Telev>0</Telev>
    <PART>0.5</PART>
    <DELAY>1</DELAY>
  </CatchmentParameters>
  <VegetationZone>
    <VegetationZoneParameters>
      <TT>1.912417160253773</TT>
      <CFMAX>0.52716678099725733</CFMAX>
      <SP>0</SP>
      <SFCF>1.0943689092608886</SFCF>
      <CFR>0.042870598573748239</CFR>
      <CWH>0.1999976487424889</CWH>
      <CFGlacier>1</CFGlacier>
      <CFSlope>1</CFSlope>
      <FC>524.92972487590691</FC>
      <LP>0.70631279836695426</LP>
      <BETA>2.8821992704896786</BETA>
    </VegetationZoneParameters>
  </VegetationZone>
  <SubCatchment>
    <SubCatchmentParameters>
      <KSI>0.001</KSI>
      <KGmin>0.05</KGmin>
      <RangeKG>0.1</RangeKG>
      <AG>0.1</AG>
      <PERC>4.7102494578287191</PERC>
      <Alpha>0</Alpha>
      <UZL>109.42968852530528</UZL>
      <K0>0.2251389347436667</K0>
      <K1>0.79999751237100825</K1>
      <K2>0.13865998126680879</K2>
      <MAXBAS>1</MAXBAS>
      <Cet>0</Cet>
      <PCALT>10</PCALT>
      <TCALT>0.6</TCALT>
      <Pelev>0</Pelev>
      <Telev>0</Telev>
      <PART>0.5</PART>
      <DELAY>1</DELAY>
    </SubCatchmentParameters>
    <SubCatchmentVegetationZone>
      <SubCatchmentVegetationZoneParameters>
        <TT>1.912417160253773</TT>
        <CFMAX>0.52716678099725733</CFMAX>
        <SP>0</SP>
        <SFCF>1.0943689092608886</SFCF>
        <CFR>0.042870598573748239</CFR>
        <CWH>0.1999976487424889</CWH>
        <CFGlacier>1</CFGlacier>
        <CFSlope>1</CFSlope>
        <FC>524.92972487590691</FC>
        <LP>0.70631279836695426</LP>
        <BETA>2.8821992704896786</BETA>
      </SubCatchmentVegetationZoneParameters>
    </SubCatchmentVegetationZone>
  </SubCatchment>
</Catchment>