<?xml version="1.0" encoding="utf-8"?>
<Catchment xmlns:xsi="http://www.w3.org/2001/XMLSchema-instance" xmlns:xsd="http://www.w3.org/2001/XMLSchema">
  <CatchmentParameters>
    <KSI>0.001</KSI>
    <KGmin>0.05</KGmin>
    <RangeKG>0.1</RangeKG>
    <AG>0.1</AG>
    <PERC>3.7283475145232847</PERC>
    <Alpha>0</Alpha>
    <UZL>65.9852804424681</UZL>
    <K0>0.94632487598028137</K0>
    <K1>0.7999979587855538</K1>
    <K2>0.1123293832506842</K2>
    <MAXBAS>1</MAXBAS>
    <Cet>0</Cet>
    <PCALT>10</PCALT>
    <TCALT>0.6</TCALT>
    <Pelev>0</Pelev>
    <Telev>0</Telev>
    <PART>0.5</PART>
    <DELAY>1</DELAY>
  </CatchmentParameters>
  <VegetationZone>
    <VegetationZoneParameters>
      <TT>-0.76299716463010536</TT>
      <CFMAX>4.2665928541617</CFMAX>
      <SP>0</SP>
      <SFCF>0.774077303738184</SFCF>
      <CFR>0.0056100464859660916</CFR>
      <CWH>0.19997289064374432</CWH>
      <CFGlacier>1</CFGlacier>
      <CFSlope>1</CFSlope>
      <FC>2248.6911646579811</FC>
      <LP>0.71397529913021429</LP>
      <BETA>2.913576170902004</BETA>
    </VegetationZoneParameters>
  </VegetationZone>
  <SubCatchment>
    <SubCatchmentParameters>
      <KSI>0.001</KSI>
      <KGmin>0.05</KGmin>
      <RangeKG>0.1</RangeKG>
      <AG>0.1</AG>
      <PERC>3.7283475145232847</PERC>
      <Alpha>0</Alpha>
      <UZL>65.9852804424681</UZL>
      <K0>0.94632487598028137</K0>
      <K1>0.7999979587855538</K1>
      <K2>0.1123293832506842</K2>
      <MAXBAS>1</MAXBAS>
      <Cet>0</Cet>
      <PCALT>10</PCALT>
      <TCALT>0.6</TCALT>
      <Pelev>0</Pelev>
      <Telev>0</Telev>
      <PART>0.5</PART>
      <DELAY>1</DELAY>
    </SubCatchmentParameters>
    <SubCatchmentVegetationZone>
      <SubCatchmentVegetationZoneParameters>
        <TT>-0.76299716463010536</TT>
        <CFMAX>4.2665928541617</CFMAX>
        <SP>0</SP>
        <SFCF>0.774077303738184</SFCF>
        <CFR>0.0056100464859660916</CFR>
        <CWH>0.19997289064374432</CWH>
        <CFGlacier>1</CFGlacier>
        <CFSlope>1</CFSlope>
        <FC>2248.6911646579811</FC>
        <LP>0.71397529913021429</LP>
        <BETA>2.913576170902004</BETA>
      </SubCatchmentVegetationZoneParameters>
    </SubCatchmentVegetationZone>
  </SubCatchment>
</Catchment>