<?xml version="1.0" encoding="utf-8"?>
<Catchment xmlns:xsi="http://www.w3.org/2001/XMLSchema-instance" xmlns:xsd="http://www.w3.org/2001/XMLSchema">
  <CatchmentParameters>
    <KSI>0.001</KSI>
    <KGmin>0.05</KGmin>
    <RangeKG>0.1</RangeKG>
    <AG>0.1</AG>
    <PERC>3.985789445801283</PERC>
    <Alpha>0</Alpha>
    <UZL>12.365663912578091</UZL>
    <K0>0.79386286117228733</K0>
    <K1>0.47314963578410635</K1>
    <K2>0.12384566410346845</K2>
    <MAXBAS>1</MAXBAS>
    <Cet>0</Cet>
    <PCALT>10</PCALT>
    <TCALT>0.6</TCALT>
    <Pelev>0</Pelev>
    <Telev>0</Telev>
    <PART>0.5</PART>
    <DELAY>1</DELAY>
  </CatchmentParameters>
  <VegetationZone>
    <VegetationZoneParameters>
      <TT>0.95430238489909869</TT>
      <CFMAX>1.8995481725568379</CFMAX>
      <SP>0</SP>
      <SFCF>0.50175036257653693</SFCF>
      <CFR>0.09174525329767827</CFR>
      <CWH>0.10633302803372466</CWH>
      <CFGlacier>1</CFGlacier>
      <CFSlope>1</CFSlope>
      <FC>186.54874013915446</FC>
      <LP>0.48699325364900681</LP>
      <BETA>2.5762764115439682</BETA>
    </VegetationZoneParameters>
  </VegetationZone>
  <SubCatchment>
    <SubCatchmentParameters>
      <KSI>0.001</KSI>
      <KGmin>0.05</KGmin>
      <RangeKG>0.1</RangeKG>
      <AG>0.1</AG>
      <PERC>3.985789445801283</PERC>
      <Alpha>0</Alpha>
      <UZL>12.365663912578091</UZL>
      <K0>0.79386286117228733</K0>
      <K1>0.47314963578410635</K1>
      <K2>0.12384566410346845</K2>
      <MAXBAS>1</MAXBAS>
      <Cet>0</Cet>
      <PCALT>10</PCALT>
      <TCALT>0.6</TCALT>
      <Pelev>0</Pelev>
      <Telev>0</Telev>
      <PART>0.5</PART>
      <DELAY>1</DELAY>
    </SubCatchmentParameters>
    <SubCatchmentVegetationZone>
      <SubCatchmentVegetationZoneParameters>
        <TT>0.95430238489909869</TT>
        <CFMAX>1.8995481725568379</CFMAX>
        <SP>0</SP>
        <SFCF>0.50175036257653693</SFCF>
        <CFR>0.09174525329767827</CFR>
        <CWH>0.10633302803372466</CWH>
        <CFGlacier>1</CFGlacier>
        <CFSlope>1</CFSlope>
        <FC>186.54874013915446</FC>
        <LP>0.48699325364900681</LP>
        <BETA>2.5762764115439682</BETA>
      </SubCatchmentVegetationZoneParameters>
    </SubCatchmentVegetationZone>
  </SubCatchment>
</Catchment>