<?xml version="1.0" encoding="utf-8"?>
<Catchment xmlns:xsi="http://www.w3.org/2001/XMLSchema-instance" xmlns:xsd="http://www.w3.org/2001/XMLSchema">
  <CatchmentParameters>
    <KSI>0.001</KSI>
    <KGmin>0.05</KGmin>
    <RangeKG>0.1</RangeKG>
    <AG>0.1</AG>
    <PERC>4.1472868085683094</PERC>
    <Alpha>0</Alpha>
    <UZL>4.93424859549651</UZL>
    <K0>0.98999806716063155</K0>
    <K1>0.79170669086032219</K1>
    <K2>0.1172660887355672</K2>
    <MAXBAS>1</MAXBAS>
    <Cet>0</Cet>
    <PCALT>10</PCALT>
    <TCALT>0.6</TCALT>
    <Pelev>0</Pelev>
    <Telev>0</Telev>
    <PART>0.5</PART>
    <DELAY>1</DELAY>
  </CatchmentParameters>
  <VegetationZone>
    <VegetationZoneParameters>
      <TT>-0.64289360701586207</TT>
      <CFMAX>4.1012647006379215</CFMAX>
      <SP>0</SP>
      <SFCF>0.50952168481035542</SFCF>
      <CFR>0.067287021035990519</CFR>
      <CWH>0.199983981603993</CWH>
      <CFGlacier>1</CFGlacier>
      <CFSlope>1</CFSlope>
      <FC>2100.8571815239475</FC>
      <LP>0.91878484980267361</LP>
      <BETA>4.4896311746116524</BETA>
    </VegetationZoneParameters>
  </VegetationZone>
  <SubCatchment>
    <SubCatchmentParameters>
      <KSI>0.001</KSI>
      <KGmin>0.05</KGmin>
      <RangeKG>0.1</RangeKG>
      <AG>0.1</AG>
      <PERC>4.1472868085683094</PERC>
      <Alpha>0</Alpha>
      <UZL>4.93424859549651</UZL>
      <K0>0.98999806716063155</K0>
      <K1>0.79170669086032219</K1>
      <K2>0.1172660887355672</K2>
      <MAXBAS>1</MAXBAS>
      <Cet>0</Cet>
      <PCALT>10</PCALT>
      <TCALT>0.6</TCALT>
      <Pelev>0</Pelev>
      <Telev>0</Telev>
      <PART>0.5</PART>
      <DELAY>1</DELAY>
    </SubCatchmentParameters>
    <SubCatchmentVegetationZone>
      <SubCatchmentVegetationZoneParameters>
        <TT>-0.64289360701586207</TT>
        <CFMAX>4.1012647006379215</CFMAX>
        <SP>0</SP>
        <SFCF>0.50952168481035542</SFCF>
        <CFR>0.067287021035990519</CFR>
        <CWH>0.199983981603993</CWH>
        <CFGlacier>1</CFGlacier>
        <CFSlope>1</CFSlope>
        <FC>2100.8571815239475</FC>
        <LP>0.91878484980267361</LP>
        <BETA>4.4896311746116524</BETA>
      </SubCatchmentVegetationZoneParameters>
    </SubCatchmentVegetationZone>
  </SubCatchment>
</Catchment>