<?xml version="1.0" encoding="utf-8"?>
<Catchment xmlns:xsi="http://www.w3.org/2001/XMLSchema-instance" xmlns:xsd="http://www.w3.org/2001/XMLSchema">
  <CatchmentParameters>
    <KSI>0.001</KSI>
    <KGmin>0.05</KGmin>
    <RangeKG>0.1</RangeKG>
    <AG>0.1</AG>
    <PERC>5.1979750312775419</PERC>
    <Alpha>0</Alpha>
    <UZL>0.62865299749281811</UZL>
    <K0>0.98999273407073785</K0>
    <K1>0.79998607714363856</K1>
    <K2>0.10523696636801444</K2>
    <MAXBAS>1</MAXBAS>
    <Cet>0</Cet>
    <PCALT>10</PCALT>
    <TCALT>0.6</TCALT>
    <Pelev>0</Pelev>
    <Telev>0</Telev>
    <PART>0.5</PART>
    <DELAY>1</DELAY>
  </CatchmentParameters>
  <VegetationZone>
    <VegetationZoneParameters>
      <TT>0.454015519284608</TT>
      <CFMAX>2.5043625764690778</CFMAX>
      <SP>0</SP>
      <SFCF>0.54786706584733558</SFCF>
      <CFR>0.01221155641536042</CFR>
      <CWH>0.10000297819518023</CWH>
      <CFGlacier>1</CFGlacier>
      <CFSlope>1</CFSlope>
      <FC>2189.416127878636</FC>
      <LP>0.70293063541353329</LP>
      <BETA>2.7995879287834073</BETA>
    </VegetationZoneParameters>
  </VegetationZone>
  <SubCatchment>
    <SubCatchmentParameters>
      <KSI>0.001</KSI>
      <KGmin>0.05</KGmin>
      <RangeKG>0.1</RangeKG>
      <AG>0.1</AG>
      <PERC>5.1979750312775419</PERC>
      <Alpha>0</Alpha>
      <UZL>0.62865299749281811</UZL>
      <K0>0.98999273407073785</K0>
      <K1>0.79998607714363856</K1>
      <K2>0.10523696636801444</K2>
      <MAXBAS>1</MAXBAS>
      <Cet>0</Cet>
      <PCALT>10</PCALT>
      <TCALT>0.6</TCALT>
      <Pelev>0</Pelev>
      <Telev>0</Telev>
      <PART>0.5</PART>
      <DELAY>1</DELAY>
    </SubCatchmentParameters>
    <SubCatchmentVegetationZone>
      <SubCatchmentVegetationZoneParameters>
        <TT>0.454015519284608</TT>
        <CFMAX>2.5043625764690778</CFMAX>
        <SP>0</SP>
        <SFCF>0.54786706584733558</SFCF>
        <CFR>0.01221155641536042</CFR>
        <CWH>0.10000297819518023</CWH>
        <CFGlacier>1</CFGlacier>
        <CFSlope>1</CFSlope>
        <FC>2189.416127878636</FC>
        <LP>0.70293063541353329</LP>
        <BETA>2.7995879287834073</BETA>
      </SubCatchmentVegetationZoneParameters>
    </SubCatchmentVegetationZone>
  </SubCatchment>
</Catchment>