<?xml version="1.0" encoding="utf-8"?>
<Catchment xmlns:xsi="http://www.w3.org/2001/XMLSchema-instance" xmlns:xsd="http://www.w3.org/2001/XMLSchema">
  <CatchmentParameters>
    <KSI>0.001</KSI>
    <KGmin>0.05</KGmin>
    <RangeKG>0.1</RangeKG>
    <AG>0.1</AG>
    <PERC>4.906454648238439</PERC>
    <Alpha>0</Alpha>
    <UZL>0.56263114123363567</UZL>
    <K0>0.7314479665030077</K0>
    <K1>0.79998069376823611</K1>
    <K2>0.10483725318313281</K2>
    <MAXBAS>1</MAXBAS>
    <Cet>0</Cet>
    <PCALT>10</PCALT>
    <TCALT>0.6</TCALT>
    <Pelev>0</Pelev>
    <Telev>0</Telev>
    <PART>0.5</PART>
    <DELAY>1</DELAY>
  </CatchmentParameters>
  <VegetationZone>
    <VegetationZoneParameters>
      <TT>0.81793314144437013</TT>
      <CFMAX>4.9999835366299044</CFMAX>
      <SP>0</SP>
      <SFCF>0.57469583481331388</SFCF>
      <CFR>0.03507472478140853</CFR>
      <CWH>0.10001422922503916</CWH>
      <CFGlacier>1</CFGlacier>
      <CFSlope>1</CFSlope>
      <FC>1975.3057825661276</FC>
      <LP>0.66702622921553079</LP>
      <BETA>2.5507519817511857</BETA>
    </VegetationZoneParameters>
  </VegetationZone>
  <SubCatchment>
    <SubCatchmentParameters>
      <KSI>0.001</KSI>
      <KGmin>0.05</KGmin>
      <RangeKG>0.1</RangeKG>
      <AG>0.1</AG>
      <PERC>4.906454648238439</PERC>
      <Alpha>0</Alpha>
      <UZL>0.56263114123363567</UZL>
      <K0>0.7314479665030077</K0>
      <K1>0.79998069376823611</K1>
      <K2>0.10483725318313281</K2>
      <MAXBAS>1</MAXBAS>
      <Cet>0</Cet>
      <PCALT>10</PCALT>
      <TCALT>0.6</TCALT>
      <Pelev>0</Pelev>
      <Telev>0</Telev>
      <PART>0.5</PART>
      <DELAY>1</DELAY>
    </SubCatchmentParameters>
    <SubCatchmentVegetationZone>
      <SubCatchmentVegetationZoneParameters>
        <TT>0.81793314144437013</TT>
        <CFMAX>4.9999835366299044</CFMAX>
        <SP>0</SP>
        <SFCF>0.57469583481331388</SFCF>
        <CFR>0.03507472478140853</CFR>
        <CWH>0.10001422922503916</CWH>
        <CFGlacier>1</CFGlacier>
        <CFSlope>1</CFSlope>
        <FC>1975.3057825661276</FC>
        <LP>0.66702622921553079</LP>
        <BETA>2.5507519817511857</BETA>
      </SubCatchmentVegetationZoneParameters>
    </SubCatchmentVegetationZone>
  </SubCatchment>
</Catchment>