<?xml version="1.0" encoding="utf-8"?>
<Catchment xmlns:xsi="http://www.w3.org/2001/XMLSchema-instance" xmlns:xsd="http://www.w3.org/2001/XMLSchema">
  <CatchmentParameters>
    <KSI>0.001</KSI>
    <KGmin>0.05</KGmin>
    <RangeKG>0.1</RangeKG>
    <AG>0.1</AG>
    <PERC>5.03187425427032</PERC>
    <Alpha>0</Alpha>
    <UZL>0.22776427334222735</UZL>
    <K0>0.96955246961874042</K0>
    <K1>0.64697004157288429</K1>
    <K2>0.10465060934140179</K2>
    <MAXBAS>1</MAXBAS>
    <Cet>0</Cet>
    <PCALT>10</PCALT>
    <TCALT>0.6</TCALT>
    <Pelev>0</Pelev>
    <Telev>0</Telev>
    <PART>0.5</PART>
    <DELAY>1</DELAY>
  </CatchmentParameters>
  <VegetationZone>
    <VegetationZoneParameters>
      <TT>1.9159907262667824</TT>
      <CFMAX>0.50000038168716976</CFMAX>
      <SP>0</SP>
      <SFCF>0.5613452840051828</SFCF>
      <CFR>0.0999999928630464</CFR>
      <CWH>0.19999968191476319</CWH>
      <CFGlacier>1</CFGlacier>
      <CFSlope>1</CFSlope>
      <FC>1953.8589865137976</FC>
      <LP>0.79668204174809809</LP>
      <BETA>3.4061030835842554</BETA>
    </VegetationZoneParameters>
  </VegetationZone>
  <SubCatchment>
    <SubCatchmentParameters>
      <KSI>0.001</KSI>
      <KGmin>0.05</KGmin>
      <RangeKG>0.1</RangeKG>
      <AG>0.1</AG>
      <PERC>5.03187425427032</PERC>
      <Alpha>0</Alpha>
      <UZL>0.22776427334222735</UZL>
      <K0>0.96955246961874042</K0>
      <K1>0.64697004157288429</K1>
      <K2>0.10465060934140179</K2>
      <MAXBAS>1</MAXBAS>
      <Cet>0</Cet>
      <PCALT>10</PCALT>
      <TCALT>0.6</TCALT>
      <Pelev>0</Pelev>
      <Telev>0</Telev>
      <PART>0.5</PART>
      <DELAY>1</DELAY>
    </SubCatchmentParameters>
    <SubCatchmentVegetationZone>
      <SubCatchmentVegetationZoneParameters>
        <TT>1.9159907262667824</TT>
        <CFMAX>0.50000038168716976</CFMAX>
        <SP>0</SP>
        <SFCF>0.5613452840051828</SFCF>
        <CFR>0.0999999928630464</CFR>
        <CWH>0.19999968191476319</CWH>
        <CFGlacier>1</CFGlacier>
        <CFSlope>1</CFSlope>
        <FC>1953.8589865137976</FC>
        <LP>0.79668204174809809</LP>
        <BETA>3.4061030835842554</BETA>
      </SubCatchmentVegetationZoneParameters>
    </SubCatchmentVegetationZone>
  </SubCatchment>
</Catchment>