<?xml version="1.0" encoding="utf-8"?>
<Catchment xmlns:xsi="http://www.w3.org/2001/XMLSchema-instance" xmlns:xsd="http://www.w3.org/2001/XMLSchema">
  <CatchmentParameters>
    <KSI>0.001</KSI>
    <KGmin>0.05</KGmin>
    <RangeKG>0.1</RangeKG>
    <AG>0.1</AG>
    <PERC>4.5668323937525885</PERC>
    <Alpha>0</Alpha>
    <UZL>93.457586064093377</UZL>
    <K0>0.44012306656430217</K0>
    <K1>0.62931419758897833</K1>
    <K2>0.1266421143290063</K2>
    <MAXBAS>1</MAXBAS>
    <Cet>0</Cet>
    <PCALT>10</PCALT>
    <TCALT>0.6</TCALT>
    <Pelev>0</Pelev>
    <Telev>0</Telev>
    <PART>0.5</PART>
    <DELAY>1</DELAY>
  </CatchmentParameters>
  <VegetationZone>
    <VegetationZoneParameters>
      <TT>0.74454852686006834</TT>
      <CFMAX>3.5231332783417582</CFMAX>
      <SP>0</SP>
      <SFCF>0.50000003005587457</SFCF>
      <CFR>0.064210073704285719</CFR>
      <CWH>0.10000713243113096</CWH>
      <CFGlacier>1</CFGlacier>
      <CFSlope>1</CFSlope>
      <FC>237.52662119512993</FC>
      <LP>0.48974009821987075</LP>
      <BETA>2.2331293076810868</BETA>
    </VegetationZoneParameters>
  </VegetationZone>
  <SubCatchment>
    <SubCatchmentParameters>
      <KSI>0.001</KSI>
      <KGmin>0.05</KGmin>
      <RangeKG>0.1</RangeKG>
      <AG>0.1</AG>
      <PERC>4.5668323937525885</PERC>
      <Alpha>0</Alpha>
      <UZL>93.457586064093377</UZL>
      <K0>0.44012306656430217</K0>
      <K1>0.62931419758897833</K1>
      <K2>0.1266421143290063</K2>
      <MAXBAS>1</MAXBAS>
      <Cet>0</Cet>
      <PCALT>10</PCALT>
      <TCALT>0.6</TCALT>
      <Pelev>0</Pelev>
      <Telev>0</Telev>
      <PART>0.5</PART>
      <DELAY>1</DELAY>
    </SubCatchmentParameters>
    <SubCatchmentVegetationZone>
      <SubCatchmentVegetationZoneParameters>
        <TT>0.74454852686006834</TT>
        <CFMAX>3.5231332783417582</CFMAX>
        <SP>0</SP>
        <SFCF>0.50000003005587457</SFCF>
        <CFR>0.064210073704285719</CFR>
        <CWH>0.10000713243113096</CWH>
        <CFGlacier>1</CFGlacier>
        <CFSlope>1</CFSlope>
        <FC>237.52662119512993</FC>
        <LP>0.48974009821987075</LP>
        <BETA>2.2331293076810868</BETA>
      </SubCatchmentVegetationZoneParameters>
    </SubCatchmentVegetationZone>
  </SubCatchment>
</Catchment>