<?xml version="1.0" encoding="utf-8"?>
<Catchment xmlns:xsi="http://www.w3.org/2001/XMLSchema-instance" xmlns:xsd="http://www.w3.org/2001/XMLSchema">
  <CatchmentParameters>
    <KSI>0.001</KSI>
    <KGmin>0.05</KGmin>
    <RangeKG>0.1</RangeKG>
    <AG>0.1</AG>
    <PERC>3.9085462228147851</PERC>
    <Alpha>0</Alpha>
    <UZL>120.72470435361231</UZL>
    <K0>0.21524709472761308</K0>
    <K1>0.79999928196457815</K1>
    <K2>0.11459886292939708</K2>
    <MAXBAS>1</MAXBAS>
    <Cet>0</Cet>
    <PCALT>10</PCALT>
    <TCALT>0.6</TCALT>
    <Pelev>0</Pelev>
    <Telev>0</Telev>
    <PART>0.5</PART>
    <DELAY>1</DELAY>
  </CatchmentParameters>
  <VegetationZone>
    <VegetationZoneParameters>
      <TT>-0.73699742113806421</TT>
      <CFMAX>4.26218767153719</CFMAX>
      <SP>0</SP>
      <SFCF>0.720953335959969</SFCF>
      <CFR>0.085687222821524148</CFR>
      <CWH>0.19997746241852341</CWH>
      <CFGlacier>1</CFGlacier>
      <CFSlope>1</CFSlope>
      <FC>2466.0585358442931</FC>
      <LP>0.93272331794161512</LP>
      <BETA>5.012278203944847</BETA>
    </VegetationZoneParameters>
  </VegetationZone>
  <SubCatchment>
    <SubCatchmentParameters>
      <KSI>0.001</KSI>
      <KGmin>0.05</KGmin>
      <RangeKG>0.1</RangeKG>
      <AG>0.1</AG>
      <PERC>3.9085462228147851</PERC>
      <Alpha>0</Alpha>
      <UZL>120.72470435361231</UZL>
      <K0>0.21524709472761308</K0>
      <K1>0.79999928196457815</K1>
      <K2>0.11459886292939708</K2>
      <MAXBAS>1</MAXBAS>
      <Cet>0</Cet>
      <PCALT>10</PCALT>
      <TCALT>0.6</TCALT>
      <Pelev>0</Pelev>
      <Telev>0</Telev>
      <PART>0.5</PART>
      <DELAY>1</DELAY>
    </SubCatchmentParameters>
    <SubCatchmentVegetationZone>
      <SubCatchmentVegetationZoneParameters>
        <TT>-0.73699742113806421</TT>
        <CFMAX>4.26218767153719</CFMAX>
        <SP>0</SP>
        <SFCF>0.720953335959969</SFCF>
        <CFR>0.085687222821524148</CFR>
        <CWH>0.19997746241852341</CWH>
        <CFGlacier>1</CFGlacier>
        <CFSlope>1</CFSlope>
        <FC>2466.0585358442931</FC>
        <LP>0.93272331794161512</LP>
        <BETA>5.012278203944847</BETA>
      </SubCatchmentVegetationZoneParameters>
    </SubCatchmentVegetationZone>
  </SubCatchment>
</Catchment>