<?xml version="1.0" encoding="utf-8"?>
<Catchment xmlns:xsi="http://www.w3.org/2001/XMLSchema-instance" xmlns:xsd="http://www.w3.org/2001/XMLSchema">
  <CatchmentParameters>
    <KSI>0.001</KSI>
    <KGmin>0.05</KGmin>
    <RangeKG>0.1</RangeKG>
    <AG>0.1</AG>
    <PERC>4.0949331889874321</PERC>
    <Alpha>0</Alpha>
    <UZL>5.07090255498765</UZL>
    <K0>0.989999273356739</K0>
    <K1>0.79999766822028651</K1>
    <K2>0.1085523236804555</K2>
    <MAXBAS>1</MAXBAS>
    <Cet>0</Cet>
    <PCALT>10</PCALT>
    <TCALT>0.6</TCALT>
    <Pelev>0</Pelev>
    <Telev>0</Telev>
    <PART>0.5</PART>
    <DELAY>1</DELAY>
  </CatchmentParameters>
  <VegetationZone>
    <VegetationZoneParameters>
      <TT>2.0319890269296716</TT>
      <CFMAX>0.67440378633852593</CFMAX>
      <SP>0</SP>
      <SFCF>0.56705729443408326</SFCF>
      <CFR>0.099922488188446262</CFR>
      <CWH>0.19999920696372997</CWH>
      <CFGlacier>1</CFGlacier>
      <CFSlope>1</CFSlope>
      <FC>1901.5412167441205</FC>
      <LP>0.90433748209136811</LP>
      <BETA>4.2824054507399483</BETA>
    </VegetationZoneParameters>
  </VegetationZone>
  <SubCatchment>
    <SubCatchmentParameters>
      <KSI>0.001</KSI>
      <KGmin>0.05</KGmin>
      <RangeKG>0.1</RangeKG>
      <AG>0.1</AG>
      <PERC>4.0949331889874321</PERC>
      <Alpha>0</Alpha>
      <UZL>5.07090255498765</UZL>
      <K0>0.989999273356739</K0>
      <K1>0.79999766822028651</K1>
      <K2>0.1085523236804555</K2>
      <MAXBAS>1</MAXBAS>
      <Cet>0</Cet>
      <PCALT>10</PCALT>
      <TCALT>0.6</TCALT>
      <Pelev>0</Pelev>
      <Telev>0</Telev>
      <PART>0.5</PART>
      <DELAY>1</DELAY>
    </SubCatchmentParameters>
    <SubCatchmentVegetationZone>
      <SubCatchmentVegetationZoneParameters>
        <TT>2.0319890269296716</TT>
        <CFMAX>0.67440378633852593</CFMAX>
        <SP>0</SP>
        <SFCF>0.56705729443408326</SFCF>
        <CFR>0.099922488188446262</CFR>
        <CWH>0.19999920696372997</CWH>
        <CFGlacier>1</CFGlacier>
        <CFSlope>1</CFSlope>
        <FC>1901.5412167441205</FC>
        <LP>0.90433748209136811</LP>
        <BETA>4.2824054507399483</BETA>
      </SubCatchmentVegetationZoneParameters>
    </SubCatchmentVegetationZone>
  </SubCatchment>
</Catchment>