<?xml version="1.0" encoding="utf-8"?>
<Catchment xmlns:xsi="http://www.w3.org/2001/XMLSchema-instance" xmlns:xsd="http://www.w3.org/2001/XMLSchema">
  <CatchmentParameters>
    <KSI>0.001</KSI>
    <KGmin>0.05</KGmin>
    <RangeKG>0.1</RangeKG>
    <AG>0.1</AG>
    <PERC>5.0884006211620907</PERC>
    <Alpha>0</Alpha>
    <UZL>65.321516194743054</UZL>
    <K0>0.42748120200295897</K0>
    <K1>0.52882157563036036</K1>
    <K2>0.10227496550521949</K2>
    <MAXBAS>1</MAXBAS>
    <Cet>0</Cet>
    <PCALT>10</PCALT>
    <TCALT>0.6</TCALT>
    <Pelev>0</Pelev>
    <Telev>0</Telev>
    <PART>0.5</PART>
    <DELAY>1</DELAY>
  </CatchmentParameters>
  <VegetationZone>
    <VegetationZoneParameters>
      <TT>-2.0784044895473559</TT>
      <CFMAX>3.6849228168576253</CFMAX>
      <SP>0</SP>
      <SFCF>0.50000009114809163</SFCF>
      <CFR>0.059716039077568589</CFR>
      <CWH>0.13496619271167909</CWH>
      <CFGlacier>1</CFGlacier>
      <CFSlope>1</CFSlope>
      <FC>122.38584890924258</FC>
      <LP>0.32067014700201746</LP>
      <BETA>3.270955143065343</BETA>
    </VegetationZoneParameters>
  </VegetationZone>
  <SubCatchment>
    <SubCatchmentParameters>
      <KSI>0.001</KSI>
      <KGmin>0.05</KGmin>
      <RangeKG>0.1</RangeKG>
      <AG>0.1</AG>
      <PERC>5.0884006211620907</PERC>
      <Alpha>0</Alpha>
      <UZL>65.321516194743054</UZL>
      <K0>0.42748120200295897</K0>
      <K1>0.52882157563036036</K1>
      <K2>0.10227496550521949</K2>
      <MAXBAS>1</MAXBAS>
      <Cet>0</Cet>
      <PCALT>10</PCALT>
      <TCALT>0.6</TCALT>
      <Pelev>0</Pelev>
      <Telev>0</Telev>
      <PART>0.5</PART>
      <DELAY>1</DELAY>
    </SubCatchmentParameters>
    <SubCatchmentVegetationZone>
      <SubCatchmentVegetationZoneParameters>
        <TT>-2.0784044895473559</TT>
        <CFMAX>3.6849228168576253</CFMAX>
        <SP>0</SP>
        <SFCF>0.50000009114809163</SFCF>
        <CFR>0.059716039077568589</CFR>
        <CWH>0.13496619271167909</CWH>
        <CFGlacier>1</CFGlacier>
        <CFSlope>1</CFSlope>
        <FC>122.38584890924258</FC>
        <LP>0.32067014700201746</LP>
        <BETA>3.270955143065343</BETA>
      </SubCatchmentVegetationZoneParameters>
    </SubCatchmentVegetationZone>
  </SubCatchment>
</Catchment>