<?xml version="1.0" encoding="utf-8"?>
<Catchment xmlns:xsi="http://www.w3.org/2001/XMLSchema-instance" xmlns:xsd="http://www.w3.org/2001/XMLSchema">
  <CatchmentParameters>
    <KSI>0.001</KSI>
    <KGmin>0.05</KGmin>
    <RangeKG>0.1</RangeKG>
    <AG>0.1</AG>
    <PERC>4.9075139433820141</PERC>
    <Alpha>0</Alpha>
    <UZL>118.25213374448428</UZL>
    <K0>0.52155078919450493</K0>
    <K1>0.608213093537295</K1>
    <K2>0.12994082635658677</K2>
    <MAXBAS>1</MAXBAS>
    <Cet>0</Cet>
    <PCALT>10</PCALT>
    <TCALT>0.6</TCALT>
    <Pelev>0</Pelev>
    <Telev>0</Telev>
    <PART>0.5</PART>
    <DELAY>1</DELAY>
  </CatchmentParameters>
  <VegetationZone>
    <VegetationZoneParameters>
      <TT>1.2174252429099928</TT>
      <CFMAX>4.10797536324979</CFMAX>
      <SP>0</SP>
      <SFCF>0.57037240349449414</SFCF>
      <CFR>0.031742736408699707</CFR>
      <CWH>0.10000322801092154</CWH>
      <CFGlacier>1</CFGlacier>
      <CFSlope>1</CFSlope>
      <FC>245.30707749053156</FC>
      <LP>0.65410029078187937</LP>
      <BETA>2.8883715725225456</BETA>
    </VegetationZoneParameters>
  </VegetationZone>
  <SubCatchment>
    <SubCatchmentParameters>
      <KSI>0.001</KSI>
      <KGmin>0.05</KGmin>
      <RangeKG>0.1</RangeKG>
      <AG>0.1</AG>
      <PERC>4.9075139433820141</PERC>
      <Alpha>0</Alpha>
      <UZL>118.25213374448428</UZL>
      <K0>0.52155078919450493</K0>
      <K1>0.608213093537295</K1>
      <K2>0.12994082635658677</K2>
      <MAXBAS>1</MAXBAS>
      <Cet>0</Cet>
      <PCALT>10</PCALT>
      <TCALT>0.6</TCALT>
      <Pelev>0</Pelev>
      <Telev>0</Telev>
      <PART>0.5</PART>
      <DELAY>1</DELAY>
    </SubCatchmentParameters>
    <SubCatchmentVegetationZone>
      <SubCatchmentVegetationZoneParameters>
        <TT>1.2174252429099928</TT>
        <CFMAX>4.10797536324979</CFMAX>
        <SP>0</SP>
        <SFCF>0.57037240349449414</SFCF>
        <CFR>0.031742736408699707</CFR>
        <CWH>0.10000322801092154</CWH>
        <CFGlacier>1</CFGlacier>
        <CFSlope>1</CFSlope>
        <FC>245.30707749053156</FC>
        <LP>0.65410029078187937</LP>
        <BETA>2.8883715725225456</BETA>
      </SubCatchmentVegetationZoneParameters>
    </SubCatchmentVegetationZone>
  </SubCatchment>
</Catchment>