<?xml version="1.0" encoding="utf-8"?>
<Catchment xmlns:xsi="http://www.w3.org/2001/XMLSchema-instance" xmlns:xsd="http://www.w3.org/2001/XMLSchema">
  <CatchmentParameters>
    <KSI>0.001</KSI>
    <KGmin>0.05</KGmin>
    <RangeKG>0.1</RangeKG>
    <AG>0.1</AG>
    <PERC>4.7271018560606253</PERC>
    <Alpha>0</Alpha>
    <UZL>124.54340715985612</UZL>
    <K0>0.060209318757674907</K0>
    <K1>0.79999834488105293</K1>
    <K2>0.1319503300767596</K2>
    <MAXBAS>1</MAXBAS>
    <Cet>0</Cet>
    <PCALT>10</PCALT>
    <TCALT>0.6</TCALT>
    <Pelev>0</Pelev>
    <Telev>0</Telev>
    <PART>0.5</PART>
    <DELAY>1</DELAY>
  </CatchmentParameters>
  <VegetationZone>
    <VegetationZoneParameters>
      <TT>2.4138596370745078</TT>
      <CFMAX>0.86747064379589522</CFMAX>
      <SP>0</SP>
      <SFCF>1.3237645979816683</SFCF>
      <CFR>0.0089088519117714159</CFR>
      <CWH>0.1999983433765552</CWH>
      <CFGlacier>1</CFGlacier>
      <CFSlope>1</CFSlope>
      <FC>605.73185492442747</FC>
      <LP>0.80803192515575517</LP>
      <BETA>3.4652394511322711</BETA>
    </VegetationZoneParameters>
  </VegetationZone>
  <SubCatchment>
    <SubCatchmentParameters>
      <KSI>0.001</KSI>
      <KGmin>0.05</KGmin>
      <RangeKG>0.1</RangeKG>
      <AG>0.1</AG>
      <PERC>4.7271018560606253</PERC>
      <Alpha>0</Alpha>
      <UZL>124.54340715985612</UZL>
      <K0>0.060209318757674907</K0>
      <K1>0.79999834488105293</K1>
      <K2>0.1319503300767596</K2>
      <MAXBAS>1</MAXBAS>
      <Cet>0</Cet>
      <PCALT>10</PCALT>
      <TCALT>0.6</TCALT>
      <Pelev>0</Pelev>
      <Telev>0</Telev>
      <PART>0.5</PART>
      <DELAY>1</DELAY>
    </SubCatchmentParameters>
    <SubCatchmentVegetationZone>
      <SubCatchmentVegetationZoneParameters>
        <TT>2.4138596370745078</TT>
        <CFMAX>0.86747064379589522</CFMAX>
        <SP>0</SP>
        <SFCF>1.3237645979816683</SFCF>
        <CFR>0.0089088519117714159</CFR>
        <CWH>0.1999983433765552</CWH>
        <CFGlacier>1</CFGlacier>
        <CFSlope>1</CFSlope>
        <FC>605.73185492442747</FC>
        <LP>0.80803192515575517</LP>
        <BETA>3.4652394511322711</BETA>
      </SubCatchmentVegetationZoneParameters>
    </SubCatchmentVegetationZone>
  </SubCatchment>
</Catchment>