<?xml version="1.0" encoding="utf-8"?>
<Catchment xmlns:xsi="http://www.w3.org/2001/XMLSchema-instance" xmlns:xsd="http://www.w3.org/2001/XMLSchema">
  <CatchmentParameters>
    <KSI>0.001</KSI>
    <KGmin>0.05</KGmin>
    <RangeKG>0.1</RangeKG>
    <AG>0.1</AG>
    <PERC>4.6386742552463831</PERC>
    <Alpha>0</Alpha>
    <UZL>0.51952713592757271</UZL>
    <K0>0.75635065625545772</K0>
    <K1>0.72414753417513866</K1>
    <K2>0.10514516885239889</K2>
    <MAXBAS>1</MAXBAS>
    <Cet>0</Cet>
    <PCALT>10</PCALT>
    <TCALT>0.6</TCALT>
    <Pelev>0</Pelev>
    <Telev>0</Telev>
    <PART>0.5</PART>
    <DELAY>1</DELAY>
  </CatchmentParameters>
  <VegetationZone>
    <VegetationZoneParameters>
      <TT>2.4998652489981996</TT>
      <CFMAX>0.50000013243103025</CFMAX>
      <SP>0</SP>
      <SFCF>0.5851761549046427</SFCF>
      <CFR>0.097060877102573023</CFR>
      <CWH>0.19999920360566897</CWH>
      <CFGlacier>1</CFGlacier>
      <CFSlope>1</CFSlope>
      <FC>1869.2609823937844</FC>
      <LP>0.81144809095256487</LP>
      <BETA>3.5326007421130052</BETA>
    </VegetationZoneParameters>
  </VegetationZone>
  <SubCatchment>
    <SubCatchmentParameters>
      <KSI>0.001</KSI>
      <KGmin>0.05</KGmin>
      <RangeKG>0.1</RangeKG>
      <AG>0.1</AG>
      <PERC>4.6386742552463831</PERC>
      <Alpha>0</Alpha>
      <UZL>0.51952713592757271</UZL>
      <K0>0.75635065625545772</K0>
      <K1>0.72414753417513866</K1>
      <K2>0.10514516885239889</K2>
      <MAXBAS>1</MAXBAS>
      <Cet>0</Cet>
      <PCALT>10</PCALT>
      <TCALT>0.6</TCALT>
      <Pelev>0</Pelev>
      <Telev>0</Telev>
      <PART>0.5</PART>
      <DELAY>1</DELAY>
    </SubCatchmentParameters>
    <SubCatchmentVegetationZone>
      <SubCatchmentVegetationZoneParameters>
        <TT>2.4998652489981996</TT>
        <CFMAX>0.50000013243103025</CFMAX>
        <SP>0</SP>
        <SFCF>0.5851761549046427</SFCF>
        <CFR>0.097060877102573023</CFR>
        <CWH>0.19999920360566897</CWH>
        <CFGlacier>1</CFGlacier>
        <CFSlope>1</CFSlope>
        <FC>1869.2609823937844</FC>
        <LP>0.81144809095256487</LP>
        <BETA>3.5326007421130052</BETA>
      </SubCatchmentVegetationZoneParameters>
    </SubCatchmentVegetationZone>
  </SubCatchment>
</Catchment>