<?xml version="1.0" encoding="utf-8"?>
<Catchment xmlns:xsi="http://www.w3.org/2001/XMLSchema-instance" xmlns:xsd="http://www.w3.org/2001/XMLSchema">
  <CatchmentParameters>
    <KSI>0.001</KSI>
    <KGmin>0.05</KGmin>
    <RangeKG>0.1</RangeKG>
    <AG>0.1</AG>
    <PERC>4.5483928682551262</PERC>
    <Alpha>0</Alpha>
    <UZL>97.454656348990213</UZL>
    <K0>0.23930537006334263</K0>
    <K1>0.79999916363139145</K1>
    <K2>0.13243466177153609</K2>
    <MAXBAS>1</MAXBAS>
    <Cet>0</Cet>
    <PCALT>10</PCALT>
    <TCALT>0.6</TCALT>
    <Pelev>0</Pelev>
    <Telev>0</Telev>
    <PART>0.5</PART>
    <DELAY>1</DELAY>
  </CatchmentParameters>
  <VegetationZone>
    <VegetationZoneParameters>
      <TT>2.2206066597443122</TT>
      <CFMAX>0.72228522999845723</CFMAX>
      <SP>0</SP>
      <SFCF>1.3575654472799574</SFCF>
      <CFR>0.083218103876822727</CFR>
      <CWH>0.14662812689604354</CWH>
      <CFGlacier>1</CFGlacier>
      <CFSlope>1</CFSlope>
      <FC>676.62999308083226</FC>
      <LP>0.61164911805760258</LP>
      <BETA>2.4446283194856671</BETA>
    </VegetationZoneParameters>
  </VegetationZone>
  <SubCatchment>
    <SubCatchmentParameters>
      <KSI>0.001</KSI>
      <KGmin>0.05</KGmin>
      <RangeKG>0.1</RangeKG>
      <AG>0.1</AG>
      <PERC>4.5483928682551262</PERC>
      <Alpha>0</Alpha>
      <UZL>97.454656348990213</UZL>
      <K0>0.23930537006334263</K0>
      <K1>0.79999916363139145</K1>
      <K2>0.13243466177153609</K2>
      <MAXBAS>1</MAXBAS>
      <Cet>0</Cet>
      <PCALT>10</PCALT>
      <TCALT>0.6</TCALT>
      <Pelev>0</Pelev>
      <Telev>0</Telev>
      <PART>0.5</PART>
      <DELAY>1</DELAY>
    </SubCatchmentParameters>
    <SubCatchmentVegetationZone>
      <SubCatchmentVegetationZoneParameters>
        <TT>2.2206066597443122</TT>
        <CFMAX>0.72228522999845723</CFMAX>
        <SP>0</SP>
        <SFCF>1.3575654472799574</SFCF>
        <CFR>0.083218103876822727</CFR>
        <CWH>0.14662812689604354</CWH>
        <CFGlacier>1</CFGlacier>
        <CFSlope>1</CFSlope>
        <FC>676.62999308083226</FC>
        <LP>0.61164911805760258</LP>
        <BETA>2.4446283194856671</BETA>
      </SubCatchmentVegetationZoneParameters>
    </SubCatchmentVegetationZone>
  </SubCatchment>
</Catchment>