<?xml version="1.0" encoding="utf-8"?>
<Catchment xmlns:xsi="http://www.w3.org/2001/XMLSchema-instance" xmlns:xsd="http://www.w3.org/2001/XMLSchema">
  <CatchmentParameters>
    <KSI>0.001</KSI>
    <KGmin>0.05</KGmin>
    <RangeKG>0.1</RangeKG>
    <AG>0.1</AG>
    <PERC>4.9243011923236084</PERC>
    <Alpha>0</Alpha>
    <UZL>74.328900392470757</UZL>
    <K0>0.16455412241665293</K0>
    <K1>0.537740021103171</K1>
    <K2>0.11593439832621227</K2>
    <MAXBAS>1</MAXBAS>
    <Cet>0</Cet>
    <PCALT>10</PCALT>
    <TCALT>0.6</TCALT>
    <Pelev>0</Pelev>
    <Telev>0</Telev>
    <PART>0.5</PART>
    <DELAY>1</DELAY>
  </CatchmentParameters>
  <VegetationZone>
    <VegetationZoneParameters>
      <TT>1.6043315954759934</TT>
      <CFMAX>4.7394099805773076</CFMAX>
      <SP>0</SP>
      <SFCF>0.5002985787059907</SFCF>
      <CFR>0.0178142078973139</CFR>
      <CWH>0.10000717712520796</CWH>
      <CFGlacier>1</CFGlacier>
      <CFSlope>1</CFSlope>
      <FC>146.28186246088151</FC>
      <LP>0.61871139403537745</LP>
      <BETA>4.3240557417321366</BETA>
    </VegetationZoneParameters>
  </VegetationZone>
  <SubCatchment>
    <SubCatchmentParameters>
      <KSI>0.001</KSI>
      <KGmin>0.05</KGmin>
      <RangeKG>0.1</RangeKG>
      <AG>0.1</AG>
      <PERC>4.9243011923236084</PERC>
      <Alpha>0</Alpha>
      <UZL>74.328900392470757</UZL>
      <K0>0.16455412241665293</K0>
      <K1>0.537740021103171</K1>
      <K2>0.11593439832621227</K2>
      <MAXBAS>1</MAXBAS>
      <Cet>0</Cet>
      <PCALT>10</PCALT>
      <TCALT>0.6</TCALT>
      <Pelev>0</Pelev>
      <Telev>0</Telev>
      <PART>0.5</PART>
      <DELAY>1</DELAY>
    </SubCatchmentParameters>
    <SubCatchmentVegetationZone>
      <SubCatchmentVegetationZoneParameters>
        <TT>1.6043315954759934</TT>
        <CFMAX>4.7394099805773076</CFMAX>
        <SP>0</SP>
        <SFCF>0.5002985787059907</SFCF>
        <CFR>0.0178142078973139</CFR>
        <CWH>0.10000717712520796</CWH>
        <CFGlacier>1</CFGlacier>
        <CFSlope>1</CFSlope>
        <FC>146.28186246088151</FC>
        <LP>0.61871139403537745</LP>
        <BETA>4.3240557417321366</BETA>
      </SubCatchmentVegetationZoneParameters>
    </SubCatchmentVegetationZone>
  </SubCatchment>
</Catchment>