<?xml version="1.0" encoding="utf-8"?>
<Catchment xmlns:xsi="http://www.w3.org/2001/XMLSchema-instance" xmlns:xsd="http://www.w3.org/2001/XMLSchema">
  <CatchmentParameters>
    <KSI>0.001</KSI>
    <KGmin>0.05</KGmin>
    <RangeKG>0.1</RangeKG>
    <AG>0.1</AG>
    <PERC>3.8111086101681919</PERC>
    <Alpha>0</Alpha>
    <UZL>96.607397168089463</UZL>
    <K0>0.420833338831767</K0>
    <K1>0.56063363878330341</K1>
    <K2>0.11597006517556702</K2>
    <MAXBAS>1</MAXBAS>
    <Cet>0</Cet>
    <PCALT>10</PCALT>
    <TCALT>0.6</TCALT>
    <Pelev>0</Pelev>
    <Telev>0</Telev>
    <PART>0.5</PART>
    <DELAY>1</DELAY>
  </CatchmentParameters>
  <VegetationZone>
    <VegetationZoneParameters>
      <TT>1.254456965543628</TT>
      <CFMAX>4.1250109620525226</CFMAX>
      <SP>0</SP>
      <SFCF>0.50000221525578958</SFCF>
      <CFR>0.077320421932579764</CFR>
      <CWH>0.10001633843684993</CWH>
      <CFGlacier>1</CFGlacier>
      <CFSlope>1</CFSlope>
      <FC>158.03078330261204</FC>
      <LP>0.4124497949010234</LP>
      <BETA>2.6344621856758113</BETA>
    </VegetationZoneParameters>
  </VegetationZone>
  <SubCatchment>
    <SubCatchmentParameters>
      <KSI>0.001</KSI>
      <KGmin>0.05</KGmin>
      <RangeKG>0.1</RangeKG>
      <AG>0.1</AG>
      <PERC>3.8111086101681919</PERC>
      <Alpha>0</Alpha>
      <UZL>96.607397168089463</UZL>
      <K0>0.420833338831767</K0>
      <K1>0.56063363878330341</K1>
      <K2>0.11597006517556702</K2>
      <MAXBAS>1</MAXBAS>
      <Cet>0</Cet>
      <PCALT>10</PCALT>
      <TCALT>0.6</TCALT>
      <Pelev>0</Pelev>
      <Telev>0</Telev>
      <PART>0.5</PART>
      <DELAY>1</DELAY>
    </SubCatchmentParameters>
    <SubCatchmentVegetationZone>
      <SubCatchmentVegetationZoneParameters>
        <TT>1.254456965543628</TT>
        <CFMAX>4.1250109620525226</CFMAX>
        <SP>0</SP>
        <SFCF>0.50000221525578958</SFCF>
        <CFR>0.077320421932579764</CFR>
        <CWH>0.10001633843684993</CWH>
        <CFGlacier>1</CFGlacier>
        <CFSlope>1</CFSlope>
        <FC>158.03078330261204</FC>
        <LP>0.4124497949010234</LP>
        <BETA>2.6344621856758113</BETA>
      </SubCatchmentVegetationZoneParameters>
    </SubCatchmentVegetationZone>
  </SubCatchment>
</Catchment>