<?xml version="1.0" encoding="utf-8"?>
<Catchment xmlns:xsi="http://www.w3.org/2001/XMLSchema-instance" xmlns:xsd="http://www.w3.org/2001/XMLSchema">
  <CatchmentParameters>
    <KSI>0.001</KSI>
    <KGmin>0.05</KGmin>
    <RangeKG>0.1</RangeKG>
    <AG>0.1</AG>
    <PERC>4.5172161759733509</PERC>
    <Alpha>0</Alpha>
    <UZL>3.2151972549873866</UZL>
    <K0>0.989997991461303</K0>
    <K1>0.766130835784308</K1>
    <K2>0.10757490958867538</K2>
    <MAXBAS>1</MAXBAS>
    <Cet>0</Cet>
    <PCALT>10</PCALT>
    <TCALT>0.6</TCALT>
    <Pelev>0</Pelev>
    <Telev>0</Telev>
    <PART>0.5</PART>
    <DELAY>1</DELAY>
  </CatchmentParameters>
  <VegetationZone>
    <VegetationZoneParameters>
      <TT>2.4999999978786951</TT>
      <CFMAX>0.50000000817897761</CFMAX>
      <SP>0</SP>
      <SFCF>0.61256860352349118</SFCF>
      <CFR>0.097409262086059809</CFR>
      <CWH>0.19999545631938998</CWH>
      <CFGlacier>1</CFGlacier>
      <CFSlope>1</CFSlope>
      <FC>2140.2331462858724</FC>
      <LP>0.74694114778982268</LP>
      <BETA>3.188590188391236</BETA>
    </VegetationZoneParameters>
  </VegetationZone>
  <SubCatchment>
    <SubCatchmentParameters>
      <KSI>0.001</KSI>
      <KGmin>0.05</KGmin>
      <RangeKG>0.1</RangeKG>
      <AG>0.1</AG>
      <PERC>4.5172161759733509</PERC>
      <Alpha>0</Alpha>
      <UZL>3.2151972549873866</UZL>
      <K0>0.989997991461303</K0>
      <K1>0.766130835784308</K1>
      <K2>0.10757490958867538</K2>
      <MAXBAS>1</MAXBAS>
      <Cet>0</Cet>
      <PCALT>10</PCALT>
      <TCALT>0.6</TCALT>
      <Pelev>0</Pelev>
      <Telev>0</Telev>
      <PART>0.5</PART>
      <DELAY>1</DELAY>
    </SubCatchmentParameters>
    <SubCatchmentVegetationZone>
      <SubCatchmentVegetationZoneParameters>
        <TT>2.4999999978786951</TT>
        <CFMAX>0.50000000817897761</CFMAX>
        <SP>0</SP>
        <SFCF>0.61256860352349118</SFCF>
        <CFR>0.097409262086059809</CFR>
        <CWH>0.19999545631938998</CWH>
        <CFGlacier>1</CFGlacier>
        <CFSlope>1</CFSlope>
        <FC>2140.2331462858724</FC>
        <LP>0.74694114778982268</LP>
        <BETA>3.188590188391236</BETA>
      </SubCatchmentVegetationZoneParameters>
    </SubCatchmentVegetationZone>
  </SubCatchment>
</Catchment>