<?xml version="1.0" encoding="utf-8"?>
<Catchment xmlns:xsi="http://www.w3.org/2001/XMLSchema-instance" xmlns:xsd="http://www.w3.org/2001/XMLSchema">
  <CatchmentParameters>
    <KSI>0.001</KSI>
    <KGmin>0.05</KGmin>
    <RangeKG>0.1</RangeKG>
    <AG>0.1</AG>
    <PERC>4.7378641706212621</PERC>
    <Alpha>0</Alpha>
    <UZL>17.641870346975924</UZL>
    <K0>0.98999617682808472</K0>
    <K1>0.45085061047134856</K1>
    <K2>0.11650116344517524</K2>
    <MAXBAS>1</MAXBAS>
    <Cet>0</Cet>
    <PCALT>10</PCALT>
    <TCALT>0.6</TCALT>
    <Pelev>0</Pelev>
    <Telev>0</Telev>
    <PART>0.5</PART>
    <DELAY>1</DELAY>
  </CatchmentParameters>
  <VegetationZone>
    <VegetationZoneParameters>
      <TT>1.2990133373268651</TT>
      <CFMAX>4.9997501305749878</CFMAX>
      <SP>0</SP>
      <SFCF>0.50000006846928569</SFCF>
      <CFR>0.072632590331434016</CFR>
      <CWH>0.10000261353538686</CWH>
      <CFGlacier>1</CFGlacier>
      <CFSlope>1</CFSlope>
      <FC>140.77343730217723</FC>
      <LP>0.49543941323349233</LP>
      <BETA>3.5121349794198879</BETA>
    </VegetationZoneParameters>
  </VegetationZone>
  <SubCatchment>
    <SubCatchmentParameters>
      <KSI>0.001</KSI>
      <KGmin>0.05</KGmin>
      <RangeKG>0.1</RangeKG>
      <AG>0.1</AG>
      <PERC>4.7378641706212621</PERC>
      <Alpha>0</Alpha>
      <UZL>17.641870346975924</UZL>
      <K0>0.98999617682808472</K0>
      <K1>0.45085061047134856</K1>
      <K2>0.11650116344517524</K2>
      <MAXBAS>1</MAXBAS>
      <Cet>0</Cet>
      <PCALT>10</PCALT>
      <TCALT>0.6</TCALT>
      <Pelev>0</Pelev>
      <Telev>0</Telev>
      <PART>0.5</PART>
      <DELAY>1</DELAY>
    </SubCatchmentParameters>
    <SubCatchmentVegetationZone>
      <SubCatchmentVegetationZoneParameters>
        <TT>1.2990133373268651</TT>
        <CFMAX>4.9997501305749878</CFMAX>
        <SP>0</SP>
        <SFCF>0.50000006846928569</SFCF>
        <CFR>0.072632590331434016</CFR>
        <CWH>0.10000261353538686</CWH>
        <CFGlacier>1</CFGlacier>
        <CFSlope>1</CFSlope>
        <FC>140.77343730217723</FC>
        <LP>0.49543941323349233</LP>
        <BETA>3.5121349794198879</BETA>
      </SubCatchmentVegetationZoneParameters>
    </SubCatchmentVegetationZone>
  </SubCatchment>
</Catchment>