<?xml version="1.0" encoding="utf-8"?>
<Catchment xmlns:xsi="http://www.w3.org/2001/XMLSchema-instance" xmlns:xsd="http://www.w3.org/2001/XMLSchema">
  <CatchmentParameters>
    <KSI>0.001</KSI>
    <KGmin>0.05</KGmin>
    <RangeKG>0.1</RangeKG>
    <AG>0.1</AG>
    <PERC>3.8435825255790412</PERC>
    <Alpha>0</Alpha>
    <UZL>167.19550370027963</UZL>
    <K0>0.066837942970830636</K0>
    <K1>0.79999924994747174</K1>
    <K2>0.11894453051169035</K2>
    <MAXBAS>1</MAXBAS>
    <Cet>0</Cet>
    <PCALT>10</PCALT>
    <TCALT>0.6</TCALT>
    <Pelev>0</Pelev>
    <Telev>0</Telev>
    <PART>0.5</PART>
    <DELAY>1</DELAY>
  </CatchmentParameters>
  <VegetationZone>
    <VegetationZoneParameters>
      <TT>1.7928363229399591</TT>
      <CFMAX>0.56298466904239175</CFMAX>
      <SP>0</SP>
      <SFCF>1.0774721809411449</SFCF>
      <CFR>0.016697353127963364</CFR>
      <CWH>0.19999999576011121</CWH>
      <CFGlacier>1</CFGlacier>
      <CFSlope>1</CFSlope>
      <FC>2118.235219279602</FC>
      <LP>0.91023487206427223</LP>
      <BETA>4.9600403456761883</BETA>
    </VegetationZoneParameters>
  </VegetationZone>
  <SubCatchment>
    <SubCatchmentParameters>
      <KSI>0.001</KSI>
      <KGmin>0.05</KGmin>
      <RangeKG>0.1</RangeKG>
      <AG>0.1</AG>
      <PERC>3.8435825255790412</PERC>
      <Alpha>0</Alpha>
      <UZL>167.19550370027963</UZL>
      <K0>0.066837942970830636</K0>
      <K1>0.79999924994747174</K1>
      <K2>0.11894453051169035</K2>
      <MAXBAS>1</MAXBAS>
      <Cet>0</Cet>
      <PCALT>10</PCALT>
      <TCALT>0.6</TCALT>
      <Pelev>0</Pelev>
      <Telev>0</Telev>
      <PART>0.5</PART>
      <DELAY>1</DELAY>
    </SubCatchmentParameters>
    <SubCatchmentVegetationZone>
      <SubCatchmentVegetationZoneParameters>
        <TT>1.7928363229399591</TT>
        <CFMAX>0.56298466904239175</CFMAX>
        <SP>0</SP>
        <SFCF>1.0774721809411449</SFCF>
        <CFR>0.016697353127963364</CFR>
        <CWH>0.19999999576011121</CWH>
        <CFGlacier>1</CFGlacier>
        <CFSlope>1</CFSlope>
        <FC>2118.235219279602</FC>
        <LP>0.91023487206427223</LP>
        <BETA>4.9600403456761883</BETA>
      </SubCatchmentVegetationZoneParameters>
    </SubCatchmentVegetationZone>
  </SubCatchment>
</Catchment>