<?xml version="1.0" encoding="utf-8"?>
<Catchment xmlns:xsi="http://www.w3.org/2001/XMLSchema-instance" xmlns:xsd="http://www.w3.org/2001/XMLSchema">
  <CatchmentParameters>
    <KSI>0.001</KSI>
    <KGmin>0.05</KGmin>
    <RangeKG>0.1</RangeKG>
    <AG>0.1</AG>
    <PERC>4.9655081153917786</PERC>
    <Alpha>0</Alpha>
    <UZL>1.4260603572939419</UZL>
    <K0>0.98999858533854945</K0>
    <K1>0.79999690318543393</K1>
    <K2>0.11081832715045932</K2>
    <MAXBAS>1</MAXBAS>
    <Cet>0</Cet>
    <PCALT>10</PCALT>
    <TCALT>0.6</TCALT>
    <Pelev>0</Pelev>
    <Telev>0</Telev>
    <PART>0.5</PART>
    <DELAY>1</DELAY>
  </CatchmentParameters>
  <VegetationZone>
    <VegetationZoneParameters>
      <TT>2.4999974595954213</TT>
      <CFMAX>0.50000001729957444</CFMAX>
      <SP>0</SP>
      <SFCF>0.729335921781266</SFCF>
      <CFR>0.083462214508457366</CFR>
      <CWH>0.19999743826332603</CWH>
      <CFGlacier>1</CFGlacier>
      <CFSlope>1</CFSlope>
      <FC>1706.4139597690273</FC>
      <LP>0.68599653016898787</LP>
      <BETA>2.7230138015246355</BETA>
    </VegetationZoneParameters>
  </VegetationZone>
  <SubCatchment>
    <SubCatchmentParameters>
      <KSI>0.001</KSI>
      <KGmin>0.05</KGmin>
      <RangeKG>0.1</RangeKG>
      <AG>0.1</AG>
      <PERC>4.9655081153917786</PERC>
      <Alpha>0</Alpha>
      <UZL>1.4260603572939419</UZL>
      <K0>0.98999858533854945</K0>
      <K1>0.79999690318543393</K1>
      <K2>0.11081832715045932</K2>
      <MAXBAS>1</MAXBAS>
      <Cet>0</Cet>
      <PCALT>10</PCALT>
      <TCALT>0.6</TCALT>
      <Pelev>0</Pelev>
      <Telev>0</Telev>
      <PART>0.5</PART>
      <DELAY>1</DELAY>
    </SubCatchmentParameters>
    <SubCatchmentVegetationZone>
      <SubCatchmentVegetationZoneParameters>
        <TT>2.4999974595954213</TT>
        <CFMAX>0.50000001729957444</CFMAX>
        <SP>0</SP>
        <SFCF>0.729335921781266</SFCF>
        <CFR>0.083462214508457366</CFR>
        <CWH>0.19999743826332603</CWH>
        <CFGlacier>1</CFGlacier>
        <CFSlope>1</CFSlope>
        <FC>1706.4139597690273</FC>
        <LP>0.68599653016898787</LP>
        <BETA>2.7230138015246355</BETA>
      </SubCatchmentVegetationZoneParameters>
    </SubCatchmentVegetationZone>
  </SubCatchment>
</Catchment>