<?xml version="1.0" encoding="utf-8"?>
<Catchment xmlns:xsi="http://www.w3.org/2001/XMLSchema-instance" xmlns:xsd="http://www.w3.org/2001/XMLSchema">
  <CatchmentParameters>
    <KSI>0.001</KSI>
    <KGmin>0.05</KGmin>
    <RangeKG>0.1</RangeKG>
    <AG>0.1</AG>
    <PERC>4.7831989727907871</PERC>
    <Alpha>0</Alpha>
    <UZL>121.5232290389163</UZL>
    <K0>0.48071760724149004</K0>
    <K1>0.65029756216759083</K1>
    <K2>0.13107986503759975</K2>
    <MAXBAS>1</MAXBAS>
    <Cet>0</Cet>
    <PCALT>10</PCALT>
    <TCALT>0.6</TCALT>
    <Pelev>0</Pelev>
    <Telev>0</Telev>
    <PART>0.5</PART>
    <DELAY>1</DELAY>
  </CatchmentParameters>
  <VegetationZone>
    <VegetationZoneParameters>
      <TT>2.4999870562410687</TT>
      <CFMAX>0.50000019675467522</CFMAX>
      <SP>0</SP>
      <SFCF>0.64395183590158867</SFCF>
      <CFR>0.049176722595067328</CFR>
      <CWH>0.1999967062465324</CWH>
      <CFGlacier>1</CFGlacier>
      <CFSlope>1</CFSlope>
      <FC>347.54027193042384</FC>
      <LP>0.61286779742280306</LP>
      <BETA>2.4660583788041865</BETA>
    </VegetationZoneParameters>
  </VegetationZone>
  <SubCatchment>
    <SubCatchmentParameters>
      <KSI>0.001</KSI>
      <KGmin>0.05</KGmin>
      <RangeKG>0.1</RangeKG>
      <AG>0.1</AG>
      <PERC>4.7831989727907871</PERC>
      <Alpha>0</Alpha>
      <UZL>121.5232290389163</UZL>
      <K0>0.48071760724149004</K0>
      <K1>0.65029756216759083</K1>
      <K2>0.13107986503759975</K2>
      <MAXBAS>1</MAXBAS>
      <Cet>0</Cet>
      <PCALT>10</PCALT>
      <TCALT>0.6</TCALT>
      <Pelev>0</Pelev>
      <Telev>0</Telev>
      <PART>0.5</PART>
      <DELAY>1</DELAY>
    </SubCatchmentParameters>
    <SubCatchmentVegetationZone>
      <SubCatchmentVegetationZoneParameters>
        <TT>2.4999870562410687</TT>
        <CFMAX>0.50000019675467522</CFMAX>
        <SP>0</SP>
        <SFCF>0.64395183590158867</SFCF>
        <CFR>0.049176722595067328</CFR>
        <CWH>0.1999967062465324</CWH>
        <CFGlacier>1</CFGlacier>
        <CFSlope>1</CFSlope>
        <FC>347.54027193042384</FC>
        <LP>0.61286779742280306</LP>
        <BETA>2.4660583788041865</BETA>
      </SubCatchmentVegetationZoneParameters>
    </SubCatchmentVegetationZone>
  </SubCatchment>
</Catchment>