<?xml version="1.0" encoding="utf-8"?>
<Catchment xmlns:xsi="http://www.w3.org/2001/XMLSchema-instance" xmlns:xsd="http://www.w3.org/2001/XMLSchema">
  <CatchmentParameters>
    <KSI>0.001</KSI>
    <KGmin>0.05</KGmin>
    <RangeKG>0.1</RangeKG>
    <AG>0.1</AG>
    <PERC>4.0783913628932433</PERC>
    <Alpha>0</Alpha>
    <UZL>37.384314802052693</UZL>
    <K0>0.18757995921677295</K0>
    <K1>0.79999932479153046</K1>
    <K2>0.11140300843929156</K2>
    <MAXBAS>1</MAXBAS>
    <Cet>0</Cet>
    <PCALT>10</PCALT>
    <TCALT>0.6</TCALT>
    <Pelev>0</Pelev>
    <Telev>0</Telev>
    <PART>0.5</PART>
    <DELAY>1</DELAY>
  </CatchmentParameters>
  <VegetationZone>
    <VegetationZoneParameters>
      <TT>2.4999950506042117</TT>
      <CFMAX>0.50000008764594339</CFMAX>
      <SP>0</SP>
      <SFCF>0.59852027140219088</SFCF>
      <CFR>0.097398179487499945</CFR>
      <CWH>0.19999737356322489</CWH>
      <CFGlacier>1</CFGlacier>
      <CFSlope>1</CFSlope>
      <FC>1835.1487186965489</FC>
      <LP>0.88408989836757079</LP>
      <BETA>4.1474480672014806</BETA>
    </VegetationZoneParameters>
  </VegetationZone>
  <SubCatchment>
    <SubCatchmentParameters>
      <KSI>0.001</KSI>
      <KGmin>0.05</KGmin>
      <RangeKG>0.1</RangeKG>
      <AG>0.1</AG>
      <PERC>4.0783913628932433</PERC>
      <Alpha>0</Alpha>
      <UZL>37.384314802052693</UZL>
      <K0>0.18757995921677295</K0>
      <K1>0.79999932479153046</K1>
      <K2>0.11140300843929156</K2>
      <MAXBAS>1</MAXBAS>
      <Cet>0</Cet>
      <PCALT>10</PCALT>
      <TCALT>0.6</TCALT>
      <Pelev>0</Pelev>
      <Telev>0</Telev>
      <PART>0.5</PART>
      <DELAY>1</DELAY>
    </SubCatchmentParameters>
    <SubCatchmentVegetationZone>
      <SubCatchmentVegetationZoneParameters>
        <TT>2.4999950506042117</TT>
        <CFMAX>0.50000008764594339</CFMAX>
        <SP>0</SP>
        <SFCF>0.59852027140219088</SFCF>
        <CFR>0.097398179487499945</CFR>
        <CWH>0.19999737356322489</CWH>
        <CFGlacier>1</CFGlacier>
        <CFSlope>1</CFSlope>
        <FC>1835.1487186965489</FC>
        <LP>0.88408989836757079</LP>
        <BETA>4.1474480672014806</BETA>
      </SubCatchmentVegetationZoneParameters>
    </SubCatchmentVegetationZone>
  </SubCatchment>
</Catchment>