<?xml version="1.0" encoding="utf-8"?>
<Catchment xmlns:xsi="http://www.w3.org/2001/XMLSchema-instance" xmlns:xsd="http://www.w3.org/2001/XMLSchema">
  <CatchmentParameters>
    <KSI>0.001</KSI>
    <KGmin>0.05</KGmin>
    <RangeKG>0.1</RangeKG>
    <AG>0.1</AG>
    <PERC>3.870280406332923</PERC>
    <Alpha>0</Alpha>
    <UZL>45.869410209687146</UZL>
    <K0>0.37280442971089761</K0>
    <K1>0.79999918334581932</K1>
    <K2>0.11377812449967731</K2>
    <MAXBAS>1</MAXBAS>
    <Cet>0</Cet>
    <PCALT>10</PCALT>
    <TCALT>0.6</TCALT>
    <Pelev>0</Pelev>
    <Telev>0</Telev>
    <PART>0.5</PART>
    <DELAY>1</DELAY>
  </CatchmentParameters>
  <VegetationZone>
    <VegetationZoneParameters>
      <TT>2.4999974201803523</TT>
      <CFMAX>0.57448185508077643</CFMAX>
      <SP>0</SP>
      <SFCF>0.84453597979104844</SFCF>
      <CFR>0.012726517481317399</CFR>
      <CWH>0.19999839882677256</CWH>
      <CFGlacier>1</CFGlacier>
      <CFSlope>1</CFSlope>
      <FC>1845.458016691467</FC>
      <LP>0.79372314589307946</LP>
      <BETA>3.5135776431506418</BETA>
    </VegetationZoneParameters>
  </VegetationZone>
  <SubCatchment>
    <SubCatchmentParameters>
      <KSI>0.001</KSI>
      <KGmin>0.05</KGmin>
      <RangeKG>0.1</RangeKG>
      <AG>0.1</AG>
      <PERC>3.870280406332923</PERC>
      <Alpha>0</Alpha>
      <UZL>45.869410209687146</UZL>
      <K0>0.37280442971089761</K0>
      <K1>0.79999918334581932</K1>
      <K2>0.11377812449967731</K2>
      <MAXBAS>1</MAXBAS>
      <Cet>0</Cet>
      <PCALT>10</PCALT>
      <TCALT>0.6</TCALT>
      <Pelev>0</Pelev>
      <Telev>0</Telev>
      <PART>0.5</PART>
      <DELAY>1</DELAY>
    </SubCatchmentParameters>
    <SubCatchmentVegetationZone>
      <SubCatchmentVegetationZoneParameters>
        <TT>2.4999974201803523</TT>
        <CFMAX>0.57448185508077643</CFMAX>
        <SP>0</SP>
        <SFCF>0.84453597979104844</SFCF>
        <CFR>0.012726517481317399</CFR>
        <CWH>0.19999839882677256</CWH>
        <CFGlacier>1</CFGlacier>
        <CFSlope>1</CFSlope>
        <FC>1845.458016691467</FC>
        <LP>0.79372314589307946</LP>
        <BETA>3.5135776431506418</BETA>
      </SubCatchmentVegetationZoneParameters>
    </SubCatchmentVegetationZone>
  </SubCatchment>
</Catchment>