<?xml version="1.0" encoding="utf-8"?>
<Catchment xmlns:xsi="http://www.w3.org/2001/XMLSchema-instance" xmlns:xsd="http://www.w3.org/2001/XMLSchema">
  <CatchmentParameters>
    <KSI>0.001</KSI>
    <KGmin>0.05</KGmin>
    <RangeKG>0.1</RangeKG>
    <AG>0.1</AG>
    <PERC>4.072832737412786</PERC>
    <Alpha>0</Alpha>
    <UZL>121.5994040710583</UZL>
    <K0>0.78366204439355491</K0>
    <K1>0.79999872556428764</K1>
    <K2>0.11556057852572708</K2>
    <MAXBAS>1</MAXBAS>
    <Cet>0</Cet>
    <PCALT>10</PCALT>
    <TCALT>0.6</TCALT>
    <Pelev>0</Pelev>
    <Telev>0</Telev>
    <PART>0.5</PART>
    <DELAY>1</DELAY>
  </CatchmentParameters>
  <VegetationZone>
    <VegetationZoneParameters>
      <TT>-0.652286186380117</TT>
      <CFMAX>4.7495753387706916</CFMAX>
      <SP>0</SP>
      <SFCF>0.61130999682825049</SFCF>
      <CFR>0.034299091017684705</CFR>
      <CWH>0.19998771867451615</CWH>
      <CFGlacier>1</CFGlacier>
      <CFSlope>1</CFSlope>
      <FC>1960.4960564887315</FC>
      <LP>0.89549140697861929</LP>
      <BETA>4.1607073592970574</BETA>
    </VegetationZoneParameters>
  </VegetationZone>
  <SubCatchment>
    <SubCatchmentParameters>
      <KSI>0.001</KSI>
      <KGmin>0.05</KGmin>
      <RangeKG>0.1</RangeKG>
      <AG>0.1</AG>
      <PERC>4.072832737412786</PERC>
      <Alpha>0</Alpha>
      <UZL>121.5994040710583</UZL>
      <K0>0.78366204439355491</K0>
      <K1>0.79999872556428764</K1>
      <K2>0.11556057852572708</K2>
      <MAXBAS>1</MAXBAS>
      <Cet>0</Cet>
      <PCALT>10</PCALT>
      <TCALT>0.6</TCALT>
      <Pelev>0</Pelev>
      <Telev>0</Telev>
      <PART>0.5</PART>
      <DELAY>1</DELAY>
    </SubCatchmentParameters>
    <SubCatchmentVegetationZone>
      <SubCatchmentVegetationZoneParameters>
        <TT>-0.652286186380117</TT>
        <CFMAX>4.7495753387706916</CFMAX>
        <SP>0</SP>
        <SFCF>0.61130999682825049</SFCF>
        <CFR>0.034299091017684705</CFR>
        <CWH>0.19998771867451615</CWH>
        <CFGlacier>1</CFGlacier>
        <CFSlope>1</CFSlope>
        <FC>1960.4960564887315</FC>
        <LP>0.89549140697861929</LP>
        <BETA>4.1607073592970574</BETA>
      </SubCatchmentVegetationZoneParameters>
    </SubCatchmentVegetationZone>
  </SubCatchment>
</Catchment>