<?xml version="1.0" encoding="utf-8"?>
<Catchment xmlns:xsi="http://www.w3.org/2001/XMLSchema-instance" xmlns:xsd="http://www.w3.org/2001/XMLSchema">
  <CatchmentParameters>
    <KSI>0.001</KSI>
    <KGmin>0.05</KGmin>
    <RangeKG>0.1</RangeKG>
    <AG>0.1</AG>
    <PERC>9.99996258809557</PERC>
    <Alpha>0</Alpha>
    <UZL>52.944850754872483</UZL>
    <K0>0.12536520685857128</K0>
    <K1>0.2258978391048273</K1>
    <K2>0.046378064068951168</K2>
    <MAXBAS>1.0000078327880131</MAXBAS>
    <Cet>0</Cet>
    <PCALT>10</PCALT>
    <TCALT>0.6</TCALT>
    <Pelev>3349</Pelev>
    <Telev>2921</Telev>
    <PART>0.5</PART>
    <DELAY>1</DELAY>
  </CatchmentParameters>
  <VegetationZone>
    <VegetationZoneParameters>
      <TT>-1.7979926774770767</TT>
      <CFMAX>3.0132737067747954</CFMAX>
      <SP>0</SP>
      <SFCF>0.903845073792646</SFCF>
      <CFR>0.013827190877638737</CFR>
      <CWH>0.19999947116088682</CWH>
      <CFGlacier>1</CFGlacier>
      <CFSlope>1</CFSlope>
      <FC>388.7680885741463</FC>
      <LP>0.99998986206542628</LP>
      <BETA>1.4332739972670767</BETA>
    </VegetationZoneParameters>
  </VegetationZone>
  <SubCatchment>
    <SubCatchmentParameters>
      <KSI>0.001</KSI>
      <KGmin>0.05</KGmin>
      <RangeKG>0.1</RangeKG>
      <AG>0.1</AG>
      <PERC>9.99996258809557</PERC>
      <Alpha>0</Alpha>
      <UZL>52.944850754872483</UZL>
      <K0>0.12536520685857128</K0>
      <K1>0.2258978391048273</K1>
      <K2>0.046378064068951168</K2>
      <MAXBAS>1.0000078327880131</MAXBAS>
      <Cet>0</Cet>
      <PCALT>10</PCALT>
      <TCALT>0.6</TCALT>
      <Pelev>3349</Pelev>
      <Telev>2921</Telev>
      <PART>0.5</PART>
      <DELAY>1</DELAY>
    </SubCatchmentParameters>
    <SubCatchmentVegetationZone>
      <SubCatchmentVegetationZoneParameters>
        <TT>-1.7979926774770767</TT>
        <CFMAX>3.0132737067747954</CFMAX>
        <SP>0</SP>
        <SFCF>0.903845073792646</SFCF>
        <CFR>0.013827190877638737</CFR>
        <CWH>0.19999947116088682</CWH>
        <CFGlacier>1</CFGlacier>
        <CFSlope>1</CFSlope>
        <FC>388.7680885741463</FC>
        <LP>0.99998986206542628</LP>
        <BETA>1.4332739972670767</BETA>
      </SubCatchmentVegetationZoneParameters>
    </SubCatchmentVegetationZone>
  </SubCatchment>
</Catchment>