<?xml version="1.0" encoding="utf-8"?>
<Catchment xmlns:xsi="http://www.w3.org/2001/XMLSchema-instance" xmlns:xsd="http://www.w3.org/2001/XMLSchema">
  <CatchmentParameters>
    <KSI>0.001</KSI>
    <KGmin>0.05</KGmin>
    <RangeKG>0.1</RangeKG>
    <AG>0.1</AG>
    <PERC>9.4669777307169376</PERC>
    <Alpha>0</Alpha>
    <UZL>166.51597193691788</UZL>
    <K0>0.57010229943513835</K0>
    <K1>0.13475546958408019</K1>
    <K2>0.043844788460803259</K2>
    <MAXBAS>1.0001691739590997</MAXBAS>
    <Cet>0</Cet>
    <PCALT>10</PCALT>
    <TCALT>0.6</TCALT>
    <Pelev>3349</Pelev>
    <Telev>2921</Telev>
    <PART>0.5</PART>
    <DELAY>1</DELAY>
  </CatchmentParameters>
  <VegetationZone>
    <VegetationZoneParameters>
      <TT>-0.92610877813970671</TT>
      <CFMAX>4.5586381879399287</CFMAX>
      <SP>0</SP>
      <SFCF>1.004603645453567</SFCF>
      <CFR>0.098045562248244261</CFR>
      <CWH>0.19999983059271159</CWH>
      <CFGlacier>1</CFGlacier>
      <CFSlope>1</CFSlope>
      <FC>999.99893693755644</FC>
      <LP>0.99999874348810425</LP>
      <BETA>1.1871502072675888</BETA>
    </VegetationZoneParameters>
  </VegetationZone>
  <SubCatchment>
    <SubCatchmentParameters>
      <KSI>0.001</KSI>
      <KGmin>0.05</KGmin>
      <RangeKG>0.1</RangeKG>
      <AG>0.1</AG>
      <PERC>9.4669777307169376</PERC>
      <Alpha>0</Alpha>
      <UZL>166.51597193691788</UZL>
      <K0>0.57010229943513835</K0>
      <K1>0.13475546958408019</K1>
      <K2>0.043844788460803259</K2>
      <MAXBAS>1.0001691739590997</MAXBAS>
      <Cet>0</Cet>
      <PCALT>10</PCALT>
      <TCALT>0.6</TCALT>
      <Pelev>3349</Pelev>
      <Telev>2921</Telev>
      <PART>0.5</PART>
      <DELAY>1</DELAY>
    </SubCatchmentParameters>
    <SubCatchmentVegetationZone>
      <SubCatchmentVegetationZoneParameters>
        <TT>-0.92610877813970671</TT>
        <CFMAX>4.5586381879399287</CFMAX>
        <SP>0</SP>
        <SFCF>1.004603645453567</SFCF>
        <CFR>0.098045562248244261</CFR>
        <CWH>0.19999983059271159</CWH>
        <CFGlacier>1</CFGlacier>
        <CFSlope>1</CFSlope>
        <FC>999.99893693755644</FC>
        <LP>0.99999874348810425</LP>
        <BETA>1.1871502072675888</BETA>
      </SubCatchmentVegetationZoneParameters>
    </SubCatchmentVegetationZone>
  </SubCatchment>
</Catchment>