<?xml version="1.0" encoding="utf-8"?>
<Catchment xmlns:xsi="http://www.w3.org/2001/XMLSchema-instance" xmlns:xsd="http://www.w3.org/2001/XMLSchema">
  <CatchmentParameters>
    <KSI>0.001</KSI>
    <KGmin>0.05</KGmin>
    <RangeKG>0.1</RangeKG>
    <AG>0.1</AG>
    <PERC>2.3886597259910625</PERC>
    <Alpha>0</Alpha>
    <UZL>73.966151470672941</UZL>
    <K0>0.32733147413411051</K0>
    <K1>0.072281773288650181</K1>
    <K2>0.01000000217252024</K2>
    <MAXBAS>1</MAXBAS>
    <Cet>0</Cet>
    <PCALT>10</PCALT>
    <TCALT>0.6</TCALT>
    <Pelev>3349</Pelev>
    <Telev>2921</Telev>
    <PART>0.5</PART>
    <DELAY>1</DELAY>
  </CatchmentParameters>
  <VegetationZone>
    <VegetationZoneParameters>
      <TT>-1.5439976808246387</TT>
      <CFMAX>2.0575803294676849</CFMAX>
      <SP>0</SP>
      <SFCF>0.8492696201647234</SFCF>
      <CFR>1.1969547504750505E-08</CFR>
      <CWH>0.10000017917479145</CWH>
      <CFGlacier>1</CFGlacier>
      <CFSlope>1</CFSlope>
      <FC>138.90195879041295</FC>
      <LP>0.802202030643779</LP>
      <BETA>1.0903776626906363</BETA>
    </VegetationZoneParameters>
  </VegetationZone>
  <SubCatchment>
    <SubCatchmentParameters>
      <KSI>0.001</KSI>
      <KGmin>0.05</KGmin>
      <RangeKG>0.1</RangeKG>
      <AG>0.1</AG>
      <PERC>2.3886597259910625</PERC>
      <Alpha>0</Alpha>
      <UZL>73.966151470672941</UZL>
      <K0>0.32733147413411051</K0>
      <K1>0.072281773288650181</K1>
      <K2>0.01000000217252024</K2>
      <MAXBAS>1</MAXBAS>
      <Cet>0</Cet>
      <PCALT>10</PCALT>
      <TCALT>0.6</TCALT>
      <Pelev>3349</Pelev>
      <Telev>2921</Telev>
      <PART>0.5</PART>
      <DELAY>1</DELAY>
    </SubCatchmentParameters>
    <SubCatchmentVegetationZone>
      <SubCatchmentVegetationZoneParameters>
        <TT>-1.5439976808246387</TT>
        <CFMAX>2.0575803294676849</CFMAX>
        <SP>0</SP>
        <SFCF>0.8492696201647234</SFCF>
        <CFR>1.1969547504750505E-08</CFR>
        <CWH>0.10000017917479145</CWH>
        <CFGlacier>1</CFGlacier>
        <CFSlope>1</CFSlope>
        <FC>138.90195879041295</FC>
        <LP>0.802202030643779</LP>
        <BETA>1.0903776626906363</BETA>
      </SubCatchmentVegetationZoneParameters>
    </SubCatchmentVegetationZone>
  </SubCatchment>
</Catchment>