<?xml version="1.0" encoding="utf-8"?>
<Catchment xmlns:xsi="http://www.w3.org/2001/XMLSchema-instance" xmlns:xsd="http://www.w3.org/2001/XMLSchema">
  <CatchmentParameters>
    <KSI>0.001</KSI>
    <KGmin>0.05</KGmin>
    <RangeKG>0.1</RangeKG>
    <AG>0.1</AG>
    <PERC>9.9999796003845542</PERC>
    <Alpha>0</Alpha>
    <UZL>87.235934298890484</UZL>
    <K0>0.19312204722385434</K0>
    <K1>0.20281398302295436</K1>
    <K2>0.046390729856255718</K2>
    <MAXBAS>1.0000247312677564</MAXBAS>
    <Cet>0</Cet>
    <PCALT>10</PCALT>
    <TCALT>0.6</TCALT>
    <Pelev>3349</Pelev>
    <Telev>2921</Telev>
    <PART>0.5</PART>
    <DELAY>1</DELAY>
  </CatchmentParameters>
  <VegetationZone>
    <VegetationZoneParameters>
      <TT>-1.2674894235326086</TT>
      <CFMAX>3.1927166258565984</CFMAX>
      <SP>0</SP>
      <SFCF>0.83030236649593414</SFCF>
      <CFR>0.014807737760690167</CFR>
      <CWH>0.19999996941123105</CWH>
      <CFGlacier>1</CFGlacier>
      <CFSlope>1</CFSlope>
      <FC>279.30229520379231</FC>
      <LP>0.999994667224513</LP>
      <BETA>1.1024608385220647</BETA>
    </VegetationZoneParameters>
  </VegetationZone>
  <SubCatchment>
    <SubCatchmentParameters>
      <KSI>0.001</KSI>
      <KGmin>0.05</KGmin>
      <RangeKG>0.1</RangeKG>
      <AG>0.1</AG>
      <PERC>9.9999796003845542</PERC>
      <Alpha>0</Alpha>
      <UZL>87.235934298890484</UZL>
      <K0>0.19312204722385434</K0>
      <K1>0.20281398302295436</K1>
      <K2>0.046390729856255718</K2>
      <MAXBAS>1.0000247312677564</MAXBAS>
      <Cet>0</Cet>
      <PCALT>10</PCALT>
      <TCALT>0.6</TCALT>
      <Pelev>3349</Pelev>
      <Telev>2921</Telev>
      <PART>0.5</PART>
      <DELAY>1</DELAY>
    </SubCatchmentParameters>
    <SubCatchmentVegetationZone>
      <SubCatchmentVegetationZoneParameters>
        <TT>-1.2674894235326086</TT>
        <CFMAX>3.1927166258565984</CFMAX>
        <SP>0</SP>
        <SFCF>0.83030236649593414</SFCF>
        <CFR>0.014807737760690167</CFR>
        <CWH>0.19999996941123105</CWH>
        <CFGlacier>1</CFGlacier>
        <CFSlope>1</CFSlope>
        <FC>279.30229520379231</FC>
        <LP>0.999994667224513</LP>
        <BETA>1.1024608385220647</BETA>
      </SubCatchmentVegetationZoneParameters>
    </SubCatchmentVegetationZone>
  </SubCatchment>
</Catchment>