<?xml version="1.0" encoding="utf-8"?>
<Catchment xmlns:xsi="http://www.w3.org/2001/XMLSchema-instance" xmlns:xsd="http://www.w3.org/2001/XMLSchema">
  <CatchmentParameters>
    <KSI>0.001</KSI>
    <KGmin>0.05</KGmin>
    <RangeKG>0.1</RangeKG>
    <AG>0.1</AG>
    <PERC>9.9998387064654874</PERC>
    <Alpha>0</Alpha>
    <UZL>178.61952914765752</UZL>
    <K0>0.52463239867948031</K0>
    <K1>0.19179011092063406</K1>
    <K2>0.045825456125274965</K2>
    <MAXBAS>1.0000514535525107</MAXBAS>
    <Cet>0</Cet>
    <PCALT>10</PCALT>
    <TCALT>0.6</TCALT>
    <Pelev>3349</Pelev>
    <Telev>2921</Telev>
    <PART>0.5</PART>
    <DELAY>1</DELAY>
  </CatchmentParameters>
  <VegetationZone>
    <VegetationZoneParameters>
      <TT>-0.849561039009829</TT>
      <CFMAX>3.95038995596439</CFMAX>
      <SP>0</SP>
      <SFCF>0.904729112769341</SFCF>
      <CFR>0.0013075382069027502</CFR>
      <CWH>0.19999954622976951</CWH>
      <CFGlacier>1</CFGlacier>
      <CFSlope>1</CFSlope>
      <FC>474.80900170408188</FC>
      <LP>0.99999999983783294</LP>
      <BETA>1.0524223332726002</BETA>
    </VegetationZoneParameters>
  </VegetationZone>
  <SubCatchment>
    <SubCatchmentParameters>
      <KSI>0.001</KSI>
      <KGmin>0.05</KGmin>
      <RangeKG>0.1</RangeKG>
      <AG>0.1</AG>
      <PERC>9.9998387064654874</PERC>
      <Alpha>0</Alpha>
      <UZL>178.61952914765752</UZL>
      <K0>0.52463239867948031</K0>
      <K1>0.19179011092063406</K1>
      <K2>0.045825456125274965</K2>
      <MAXBAS>1.0000514535525107</MAXBAS>
      <Cet>0</Cet>
      <PCALT>10</PCALT>
      <TCALT>0.6</TCALT>
      <Pelev>3349</Pelev>
      <Telev>2921</Telev>
      <PART>0.5</PART>
      <DELAY>1</DELAY>
    </SubCatchmentParameters>
    <SubCatchmentVegetationZone>
      <SubCatchmentVegetationZoneParameters>
        <TT>-0.849561039009829</TT>
        <CFMAX>3.95038995596439</CFMAX>
        <SP>0</SP>
        <SFCF>0.904729112769341</SFCF>
        <CFR>0.0013075382069027502</CFR>
        <CWH>0.19999954622976951</CWH>
        <CFGlacier>1</CFGlacier>
        <CFSlope>1</CFSlope>
        <FC>474.80900170408188</FC>
        <LP>0.99999999983783294</LP>
        <BETA>1.0524223332726002</BETA>
      </SubCatchmentVegetationZoneParameters>
    </SubCatchmentVegetationZone>
  </SubCatchment>
</Catchment>