<?xml version="1.0" encoding="utf-8"?>
<Catchment xmlns:xsi="http://www.w3.org/2001/XMLSchema-instance" xmlns:xsd="http://www.w3.org/2001/XMLSchema">
  <CatchmentParameters>
    <KSI>0.001</KSI>
    <KGmin>0.05</KGmin>
    <RangeKG>0.1</RangeKG>
    <AG>0.1</AG>
    <PERC>9.9999391928797</PERC>
    <Alpha>0</Alpha>
    <UZL>86.641128773532117</UZL>
    <K0>0.13811843301980104</K0>
    <K1>0.13942874017784457</K1>
    <K2>0.034953502929886443</K2>
    <MAXBAS>1.0000854473945839</MAXBAS>
    <Cet>0</Cet>
    <PCALT>10</PCALT>
    <TCALT>0.6</TCALT>
    <Pelev>3349</Pelev>
    <Telev>2921</Telev>
    <PART>0.5</PART>
    <DELAY>1</DELAY>
  </CatchmentParameters>
  <VegetationZone>
    <VegetationZoneParameters>
      <TT>-0.849803126646504</TT>
      <CFMAX>3.5943772241678653</CFMAX>
      <SP>0</SP>
      <SFCF>0.76785282534532151</SFCF>
      <CFR>0.099999210722049189</CFR>
      <CWH>0.19999964651898095</CWH>
      <CFGlacier>1</CFGlacier>
      <CFSlope>1</CFSlope>
      <FC>133.60841512030669</FC>
      <LP>0.91391664396597394</LP>
      <BETA>1.1499108268428415</BETA>
    </VegetationZoneParameters>
  </VegetationZone>
  <SubCatchment>
    <SubCatchmentParameters>
      <KSI>0.001</KSI>
      <KGmin>0.05</KGmin>
      <RangeKG>0.1</RangeKG>
      <AG>0.1</AG>
      <PERC>9.9999391928797</PERC>
      <Alpha>0</Alpha>
      <UZL>86.641128773532117</UZL>
      <K0>0.13811843301980104</K0>
      <K1>0.13942874017784457</K1>
      <K2>0.034953502929886443</K2>
      <MAXBAS>1.0000854473945839</MAXBAS>
      <Cet>0</Cet>
      <PCALT>10</PCALT>
      <TCALT>0.6</TCALT>
      <Pelev>3349</Pelev>
      <Telev>2921</Telev>
      <PART>0.5</PART>
      <DELAY>1</DELAY>
    </SubCatchmentParameters>
    <SubCatchmentVegetationZone>
      <SubCatchmentVegetationZoneParameters>
        <TT>-0.849803126646504</TT>
        <CFMAX>3.5943772241678653</CFMAX>
        <SP>0</SP>
        <SFCF>0.76785282534532151</SFCF>
        <CFR>0.099999210722049189</CFR>
        <CWH>0.19999964651898095</CWH>
        <CFGlacier>1</CFGlacier>
        <CFSlope>1</CFSlope>
        <FC>133.60841512030669</FC>
        <LP>0.91391664396597394</LP>
        <BETA>1.1499108268428415</BETA>
      </SubCatchmentVegetationZoneParameters>
    </SubCatchmentVegetationZone>
  </SubCatchment>
</Catchment>