<?xml version="1.0" encoding="utf-8"?>
<Catchment xmlns:xsi="http://www.w3.org/2001/XMLSchema-instance" xmlns:xsd="http://www.w3.org/2001/XMLSchema">
  <CatchmentParameters>
    <KSI>0.001</KSI>
    <KGmin>0.05</KGmin>
    <RangeKG>0.1</RangeKG>
    <AG>0.1</AG>
    <PERC>7.2933621396562751</PERC>
    <Alpha>0</Alpha>
    <UZL>97.599231882651</UZL>
    <K0>0.41252350211057914</K0>
    <K1>0.2616900361484843</K1>
    <K2>0.051889039224589137</K2>
    <MAXBAS>1.0001030298408045</MAXBAS>
    <Cet>0</Cet>
    <PCALT>10</PCALT>
    <TCALT>0.6</TCALT>
    <Pelev>3349</Pelev>
    <Telev>2921</Telev>
    <PART>0.5</PART>
    <DELAY>1</DELAY>
  </CatchmentParameters>
  <VegetationZone>
    <VegetationZoneParameters>
      <TT>-0.27654727168536397</TT>
      <CFMAX>2.1705155650278063</CFMAX>
      <SP>0</SP>
      <SFCF>0.6495944366362475</SFCF>
      <CFR>7.9174746707692055E-05</CFR>
      <CWH>0.11008219005669663</CWH>
      <CFGlacier>1</CFGlacier>
      <CFSlope>1</CFSlope>
      <FC>56.29590607764252</FC>
      <LP>0.72481156065774488</LP>
      <BETA>1.0000055523141869</BETA>
    </VegetationZoneParameters>
  </VegetationZone>
  <SubCatchment>
    <SubCatchmentParameters>
      <KSI>0.001</KSI>
      <KGmin>0.05</KGmin>
      <RangeKG>0.1</RangeKG>
      <AG>0.1</AG>
      <PERC>7.2933621396562751</PERC>
      <Alpha>0</Alpha>
      <UZL>97.599231882651</UZL>
      <K0>0.41252350211057914</K0>
      <K1>0.2616900361484843</K1>
      <K2>0.051889039224589137</K2>
      <MAXBAS>1.0001030298408045</MAXBAS>
      <Cet>0</Cet>
      <PCALT>10</PCALT>
      <TCALT>0.6</TCALT>
      <Pelev>3349</Pelev>
      <Telev>2921</Telev>
      <PART>0.5</PART>
      <DELAY>1</DELAY>
    </SubCatchmentParameters>
    <SubCatchmentVegetationZone>
      <SubCatchmentVegetationZoneParameters>
        <TT>-0.27654727168536397</TT>
        <CFMAX>2.1705155650278063</CFMAX>
        <SP>0</SP>
        <SFCF>0.6495944366362475</SFCF>
        <CFR>7.9174746707692055E-05</CFR>
        <CWH>0.11008219005669663</CWH>
        <CFGlacier>1</CFGlacier>
        <CFSlope>1</CFSlope>
        <FC>56.29590607764252</FC>
        <LP>0.72481156065774488</LP>
        <BETA>1.0000055523141869</BETA>
      </SubCatchmentVegetationZoneParameters>
    </SubCatchmentVegetationZone>
  </SubCatchment>
</Catchment>