<?xml version="1.0" encoding="utf-8"?>
<Catchment xmlns:xsi="http://www.w3.org/2001/XMLSchema-instance" xmlns:xsd="http://www.w3.org/2001/XMLSchema">
  <CatchmentParameters>
    <KSI>0.001</KSI>
    <KGmin>0.05</KGmin>
    <RangeKG>0.1</RangeKG>
    <AG>0.1</AG>
    <PERC>9.9999970084135334</PERC>
    <Alpha>0</Alpha>
    <UZL>177.31410595531597</UZL>
    <K0>0.3081334368894762</K0>
    <K1>0.19613948254548472</K1>
    <K2>0.048367110690107566</K2>
    <MAXBAS>1.0000306758597952</MAXBAS>
    <Cet>0</Cet>
    <PCALT>10</PCALT>
    <TCALT>0.6</TCALT>
    <Pelev>3349</Pelev>
    <Telev>2921</Telev>
    <PART>0.5</PART>
    <DELAY>1</DELAY>
  </CatchmentParameters>
  <VegetationZone>
    <VegetationZoneParameters>
      <TT>-0.567395160529296</TT>
      <CFMAX>4.3646458668582122</CFMAX>
      <SP>0</SP>
      <SFCF>0.94780632121064168</SFCF>
      <CFR>0.00026385344820450453</CFR>
      <CWH>0.19999965676289139</CWH>
      <CFGlacier>1</CFGlacier>
      <CFSlope>1</CFSlope>
      <FC>788.4140980284634</FC>
      <LP>0.99999658608224007</LP>
      <BETA>1.0949717599363718</BETA>
    </VegetationZoneParameters>
  </VegetationZone>
  <SubCatchment>
    <SubCatchmentParameters>
      <KSI>0.001</KSI>
      <KGmin>0.05</KGmin>
      <RangeKG>0.1</RangeKG>
      <AG>0.1</AG>
      <PERC>9.9999970084135334</PERC>
      <Alpha>0</Alpha>
      <UZL>177.31410595531597</UZL>
      <K0>0.3081334368894762</K0>
      <K1>0.19613948254548472</K1>
      <K2>0.048367110690107566</K2>
      <MAXBAS>1.0000306758597952</MAXBAS>
      <Cet>0</Cet>
      <PCALT>10</PCALT>
      <TCALT>0.6</TCALT>
      <Pelev>3349</Pelev>
      <Telev>2921</Telev>
      <PART>0.5</PART>
      <DELAY>1</DELAY>
    </SubCatchmentParameters>
    <SubCatchmentVegetationZone>
      <SubCatchmentVegetationZoneParameters>
        <TT>-0.567395160529296</TT>
        <CFMAX>4.3646458668582122</CFMAX>
        <SP>0</SP>
        <SFCF>0.94780632121064168</SFCF>
        <CFR>0.00026385344820450453</CFR>
        <CWH>0.19999965676289139</CWH>
        <CFGlacier>1</CFGlacier>
        <CFSlope>1</CFSlope>
        <FC>788.4140980284634</FC>
        <LP>0.99999658608224007</LP>
        <BETA>1.0949717599363718</BETA>
      </SubCatchmentVegetationZoneParameters>
    </SubCatchmentVegetationZone>
  </SubCatchment>
</Catchment>