<?xml version="1.0" encoding="utf-8"?>
<Catchment xmlns:xsi="http://www.w3.org/2001/XMLSchema-instance" xmlns:xsd="http://www.w3.org/2001/XMLSchema">
  <CatchmentParameters>
    <KSI>0.001</KSI>
    <KGmin>0.05</KGmin>
    <RangeKG>0.1</RangeKG>
    <AG>0.1</AG>
    <PERC>1.1551509554173116</PERC>
    <Alpha>0</Alpha>
    <UZL>154.60196746157098</UZL>
    <K0>0.29182592642745475</K0>
    <K1>0.038045497495225657</K1>
    <K2>0.011739537199927512</K2>
    <MAXBAS>1</MAXBAS>
    <Cet>0</Cet>
    <PCALT>10</PCALT>
    <TCALT>0.6</TCALT>
    <Pelev>3349</Pelev>
    <Telev>2921</Telev>
    <PART>0.5</PART>
    <DELAY>1</DELAY>
  </CatchmentParameters>
  <VegetationZone>
    <VegetationZoneParameters>
      <TT>-2.0615920723412677</TT>
      <CFMAX>3.6414765564866851</CFMAX>
      <SP>0</SP>
      <SFCF>1.1139540011857838</SFCF>
      <CFR>0.053339363387051121</CFR>
      <CWH>0.16111594195848761</CWH>
      <CFGlacier>1</CFGlacier>
      <CFSlope>1</CFSlope>
      <FC>2304.9159395808761</FC>
      <LP>0.95807468301290444</LP>
      <BETA>1.407409126369062</BETA>
    </VegetationZoneParameters>
  </VegetationZone>
  <SubCatchment>
    <SubCatchmentParameters>
      <KSI>0.001</KSI>
      <KGmin>0.05</KGmin>
      <RangeKG>0.1</RangeKG>
      <AG>0.1</AG>
      <PERC>1.1551509554173116</PERC>
      <Alpha>0</Alpha>
      <UZL>154.60196746157098</UZL>
      <K0>0.29182592642745475</K0>
      <K1>0.038045497495225657</K1>
      <K2>0.011739537199927512</K2>
      <MAXBAS>1</MAXBAS>
      <Cet>0</Cet>
      <PCALT>10</PCALT>
      <TCALT>0.6</TCALT>
      <Pelev>3349</Pelev>
      <Telev>2921</Telev>
      <PART>0.5</PART>
      <DELAY>1</DELAY>
    </SubCatchmentParameters>
    <SubCatchmentVegetationZone>
      <SubCatchmentVegetationZoneParameters>
        <TT>-2.0615920723412677</TT>
        <CFMAX>3.6414765564866851</CFMAX>
        <SP>0</SP>
        <SFCF>1.1139540011857838</SFCF>
        <CFR>0.053339363387051121</CFR>
        <CWH>0.16111594195848761</CWH>
        <CFGlacier>1</CFGlacier>
        <CFSlope>1</CFSlope>
        <FC>2304.9159395808761</FC>
        <LP>0.95807468301290444</LP>
        <BETA>1.407409126369062</BETA>
      </SubCatchmentVegetationZoneParameters>
    </SubCatchmentVegetationZone>
  </SubCatchment>
</Catchment>