<?xml version="1.0" encoding="utf-8"?>
<Catchment xmlns:xsi="http://www.w3.org/2001/XMLSchema-instance" xmlns:xsd="http://www.w3.org/2001/XMLSchema">
  <CatchmentParameters>
    <KSI>0.001</KSI>
    <KGmin>0.05</KGmin>
    <RangeKG>0.1</RangeKG>
    <AG>0.1</AG>
    <PERC>5.5176550257160066</PERC>
    <Alpha>0</Alpha>
    <UZL>121.53562959533154</UZL>
    <K0>0.33945264519246471</K0>
    <K1>0.046496002484834827</K1>
    <K2>0.0281996014823085</K2>
    <MAXBAS>1.0048876176826527</MAXBAS>
    <Cet>0</Cet>
    <PCALT>10</PCALT>
    <TCALT>0.6</TCALT>
    <Pelev>3349</Pelev>
    <Telev>2921</Telev>
    <PART>0.5</PART>
    <DELAY>1</DELAY>
  </CatchmentParameters>
  <VegetationZone>
    <VegetationZoneParameters>
      <TT>-1.1617636884429308</TT>
      <CFMAX>3.4427579733413975</CFMAX>
      <SP>0</SP>
      <SFCF>0.784966896028133</SFCF>
      <CFR>0.099997628755411072</CFR>
      <CWH>0.19999861144110123</CWH>
      <CFGlacier>1</CFGlacier>
      <CFSlope>1</CFSlope>
      <FC>111.47326831605304</FC>
      <LP>0.92890415833726758</LP>
      <BETA>1.7014578199136565</BETA>
    </VegetationZoneParameters>
  </VegetationZone>
  <SubCatchment>
    <SubCatchmentParameters>
      <KSI>0.001</KSI>
      <KGmin>0.05</KGmin>
      <RangeKG>0.1</RangeKG>
      <AG>0.1</AG>
      <PERC>5.5176550257160066</PERC>
      <Alpha>0</Alpha>
      <UZL>121.53562959533154</UZL>
      <K0>0.33945264519246471</K0>
      <K1>0.046496002484834827</K1>
      <K2>0.0281996014823085</K2>
      <MAXBAS>1.0048876176826527</MAXBAS>
      <Cet>0</Cet>
      <PCALT>10</PCALT>
      <TCALT>0.6</TCALT>
      <Pelev>3349</Pelev>
      <Telev>2921</Telev>
      <PART>0.5</PART>
      <DELAY>1</DELAY>
    </SubCatchmentParameters>
    <SubCatchmentVegetationZone>
      <SubCatchmentVegetationZoneParameters>
        <TT>-1.1617636884429308</TT>
        <CFMAX>3.4427579733413975</CFMAX>
        <SP>0</SP>
        <SFCF>0.784966896028133</SFCF>
        <CFR>0.099997628755411072</CFR>
        <CWH>0.19999861144110123</CWH>
        <CFGlacier>1</CFGlacier>
        <CFSlope>1</CFSlope>
        <FC>111.47326831605304</FC>
        <LP>0.92890415833726758</LP>
        <BETA>1.7014578199136565</BETA>
      </SubCatchmentVegetationZoneParameters>
    </SubCatchmentVegetationZone>
  </SubCatchment>
</Catchment>