<?xml version="1.0" encoding="utf-8"?>
<Catchment xmlns:xsi="http://www.w3.org/2001/XMLSchema-instance" xmlns:xsd="http://www.w3.org/2001/XMLSchema">
  <CatchmentParameters>
    <KSI>0.001</KSI>
    <KGmin>0.05</KGmin>
    <RangeKG>0.1</RangeKG>
    <AG>0.1</AG>
    <PERC>9.9999891427303673</PERC>
    <Alpha>0</Alpha>
    <UZL>103.16195642008158</UZL>
    <K0>0.56287928126020692</K0>
    <K1>0.19663187893508319</K1>
    <K2>0.044403443545091646</K2>
    <MAXBAS>1.000038273687222</MAXBAS>
    <Cet>0</Cet>
    <PCALT>10</PCALT>
    <TCALT>0.6</TCALT>
    <Pelev>3349</Pelev>
    <Telev>2921</Telev>
    <PART>0.5</PART>
    <DELAY>1</DELAY>
  </CatchmentParameters>
  <VegetationZone>
    <VegetationZoneParameters>
      <TT>-1.480245206607401</TT>
      <CFMAX>3.4742619496272287</CFMAX>
      <SP>0</SP>
      <SFCF>0.91751274529697036</SFCF>
      <CFR>0.0463286649416816</CFR>
      <CWH>0.19999999977786542</CWH>
      <CFGlacier>1</CFGlacier>
      <CFSlope>1</CFSlope>
      <FC>440.34282518605914</FC>
      <LP>0.99999681554090358</LP>
      <BETA>1.21365749538811</BETA>
    </VegetationZoneParameters>
  </VegetationZone>
  <SubCatchment>
    <SubCatchmentParameters>
      <KSI>0.001</KSI>
      <KGmin>0.05</KGmin>
      <RangeKG>0.1</RangeKG>
      <AG>0.1</AG>
      <PERC>9.9999891427303673</PERC>
      <Alpha>0</Alpha>
      <UZL>103.16195642008158</UZL>
      <K0>0.56287928126020692</K0>
      <K1>0.19663187893508319</K1>
      <K2>0.044403443545091646</K2>
      <MAXBAS>1.000038273687222</MAXBAS>
      <Cet>0</Cet>
      <PCALT>10</PCALT>
      <TCALT>0.6</TCALT>
      <Pelev>3349</Pelev>
      <Telev>2921</Telev>
      <PART>0.5</PART>
      <DELAY>1</DELAY>
    </SubCatchmentParameters>
    <SubCatchmentVegetationZone>
      <SubCatchmentVegetationZoneParameters>
        <TT>-1.480245206607401</TT>
        <CFMAX>3.4742619496272287</CFMAX>
        <SP>0</SP>
        <SFCF>0.91751274529697036</SFCF>
        <CFR>0.0463286649416816</CFR>
        <CWH>0.19999999977786542</CWH>
        <CFGlacier>1</CFGlacier>
        <CFSlope>1</CFSlope>
        <FC>440.34282518605914</FC>
        <LP>0.99999681554090358</LP>
        <BETA>1.21365749538811</BETA>
      </SubCatchmentVegetationZoneParameters>
    </SubCatchmentVegetationZone>
  </SubCatchment>
</Catchment>