<?xml version="1.0" encoding="utf-8"?>
<Catchment xmlns:xsi="http://www.w3.org/2001/XMLSchema-instance" xmlns:xsd="http://www.w3.org/2001/XMLSchema">
  <CatchmentParameters>
    <KSI>0.001</KSI>
    <KGmin>0.05</KGmin>
    <RangeKG>0.1</RangeKG>
    <AG>0.1</AG>
    <PERC>9.99998171018309</PERC>
    <Alpha>0</Alpha>
    <UZL>147.99173595813659</UZL>
    <K0>0.41173900555506765</K0>
    <K1>0.22898250501017842</K1>
    <K2>0.047540668958473926</K2>
    <MAXBAS>1.0000154372105843</MAXBAS>
    <Cet>0</Cet>
    <PCALT>10</PCALT>
    <TCALT>0.6</TCALT>
    <Pelev>3349</Pelev>
    <Telev>2921</Telev>
    <PART>0.5</PART>
    <DELAY>1</DELAY>
  </CatchmentParameters>
  <VegetationZone>
    <VegetationZoneParameters>
      <TT>-1.3800181495550965</TT>
      <CFMAX>3.729216975629253</CFMAX>
      <SP>0</SP>
      <SFCF>0.97752711483801558</SFCF>
      <CFR>0.037539793146331692</CFR>
      <CWH>0.19999952895797893</CWH>
      <CFGlacier>1</CFGlacier>
      <CFSlope>1</CFSlope>
      <FC>737.83911759759292</FC>
      <LP>0.99999971254169</LP>
      <BETA>1.2601977661800135</BETA>
    </VegetationZoneParameters>
  </VegetationZone>
  <SubCatchment>
    <SubCatchmentParameters>
      <KSI>0.001</KSI>
      <KGmin>0.05</KGmin>
      <RangeKG>0.1</RangeKG>
      <AG>0.1</AG>
      <PERC>9.99998171018309</PERC>
      <Alpha>0</Alpha>
      <UZL>147.99173595813659</UZL>
      <K0>0.41173900555506765</K0>
      <K1>0.22898250501017842</K1>
      <K2>0.047540668958473926</K2>
      <MAXBAS>1.0000154372105843</MAXBAS>
      <Cet>0</Cet>
      <PCALT>10</PCALT>
      <TCALT>0.6</TCALT>
      <Pelev>3349</Pelev>
      <Telev>2921</Telev>
      <PART>0.5</PART>
      <DELAY>1</DELAY>
    </SubCatchmentParameters>
    <SubCatchmentVegetationZone>
      <SubCatchmentVegetationZoneParameters>
        <TT>-1.3800181495550965</TT>
        <CFMAX>3.729216975629253</CFMAX>
        <SP>0</SP>
        <SFCF>0.97752711483801558</SFCF>
        <CFR>0.037539793146331692</CFR>
        <CWH>0.19999952895797893</CWH>
        <CFGlacier>1</CFGlacier>
        <CFSlope>1</CFSlope>
        <FC>737.83911759759292</FC>
        <LP>0.99999971254169</LP>
        <BETA>1.2601977661800135</BETA>
      </SubCatchmentVegetationZoneParameters>
    </SubCatchmentVegetationZone>
  </SubCatchment>
</Catchment>