<?xml version="1.0" encoding="utf-8"?>
<Catchment xmlns:xsi="http://www.w3.org/2001/XMLSchema-instance" xmlns:xsd="http://www.w3.org/2001/XMLSchema">
  <CatchmentParameters>
    <KSI>0.001</KSI>
    <KGmin>0.05</KGmin>
    <RangeKG>0.1</RangeKG>
    <AG>0.1</AG>
    <PERC>9.5256589544445323</PERC>
    <Alpha>0</Alpha>
    <UZL>139.27370133111151</UZL>
    <K0>0.20044981010596163</K0>
    <K1>0.093004100798740524</K1>
    <K2>0.037998674259728131</K2>
    <MAXBAS>1.0000536907386681</MAXBAS>
    <Cet>0</Cet>
    <PCALT>10</PCALT>
    <TCALT>0.6</TCALT>
    <Pelev>3349</Pelev>
    <Telev>2921</Telev>
    <PART>0.5</PART>
    <DELAY>1</DELAY>
  </CatchmentParameters>
  <VegetationZone>
    <VegetationZoneParameters>
      <TT>0.072404178557376533</TT>
      <CFMAX>4.6169241203923175</CFMAX>
      <SP>0</SP>
      <SFCF>0.78146715436498371</SFCF>
      <CFR>0.00013445404548050391</CFR>
      <CWH>0.16958615548813266</CWH>
      <CFGlacier>1</CFGlacier>
      <CFSlope>1</CFSlope>
      <FC>169.29079285081562</FC>
      <LP>0.99999823591995562</LP>
      <BETA>1.0000072906997815</BETA>
    </VegetationZoneParameters>
  </VegetationZone>
  <SubCatchment>
    <SubCatchmentParameters>
      <KSI>0.001</KSI>
      <KGmin>0.05</KGmin>
      <RangeKG>0.1</RangeKG>
      <AG>0.1</AG>
      <PERC>9.5256589544445323</PERC>
      <Alpha>0</Alpha>
      <UZL>139.27370133111151</UZL>
      <K0>0.20044981010596163</K0>
      <K1>0.093004100798740524</K1>
      <K2>0.037998674259728131</K2>
      <MAXBAS>1.0000536907386681</MAXBAS>
      <Cet>0</Cet>
      <PCALT>10</PCALT>
      <TCALT>0.6</TCALT>
      <Pelev>3349</Pelev>
      <Telev>2921</Telev>
      <PART>0.5</PART>
      <DELAY>1</DELAY>
    </SubCatchmentParameters>
    <SubCatchmentVegetationZone>
      <SubCatchmentVegetationZoneParameters>
        <TT>0.072404178557376533</TT>
        <CFMAX>4.6169241203923175</CFMAX>
        <SP>0</SP>
        <SFCF>0.78146715436498371</SFCF>
        <CFR>0.00013445404548050391</CFR>
        <CWH>0.16958615548813266</CWH>
        <CFGlacier>1</CFGlacier>
        <CFSlope>1</CFSlope>
        <FC>169.29079285081562</FC>
        <LP>0.99999823591995562</LP>
        <BETA>1.0000072906997815</BETA>
      </SubCatchmentVegetationZoneParameters>
    </SubCatchmentVegetationZone>
  </SubCatchment>
</Catchment>