<?xml version="1.0" encoding="utf-8"?>
<Catchment xmlns:xsi="http://www.w3.org/2001/XMLSchema-instance" xmlns:xsd="http://www.w3.org/2001/XMLSchema">
  <CatchmentParameters>
    <KSI>0.001</KSI>
    <KGmin>0.05</KGmin>
    <RangeKG>0.1</RangeKG>
    <AG>0.1</AG>
    <PERC>9.9999657427109465</PERC>
    <Alpha>0</Alpha>
    <UZL>78.319058316756553</UZL>
    <K0>0.3059192808532219</K0>
    <K1>0.20026091333873797</K1>
    <K2>0.044750513307417153</K2>
    <MAXBAS>1.0067201048404297</MAXBAS>
    <Cet>0</Cet>
    <PCALT>10</PCALT>
    <TCALT>0.6</TCALT>
    <Pelev>3349</Pelev>
    <Telev>2921</Telev>
    <PART>0.5</PART>
    <DELAY>1</DELAY>
  </CatchmentParameters>
  <VegetationZone>
    <VegetationZoneParameters>
      <TT>-1.1439036874322059</TT>
      <CFMAX>3.6587300593654684</CFMAX>
      <SP>0</SP>
      <SFCF>0.91864640734978464</SFCF>
      <CFR>0.0053040182490493113</CFR>
      <CWH>0.19999928884623869</CWH>
      <CFGlacier>1</CFGlacier>
      <CFSlope>1</CFSlope>
      <FC>473.47467900810108</FC>
      <LP>0.99999537915278736</LP>
      <BETA>1.1082300779090522</BETA>
    </VegetationZoneParameters>
  </VegetationZone>
  <SubCatchment>
    <SubCatchmentParameters>
      <KSI>0.001</KSI>
      <KGmin>0.05</KGmin>
      <RangeKG>0.1</RangeKG>
      <AG>0.1</AG>
      <PERC>9.9999657427109465</PERC>
      <Alpha>0</Alpha>
      <UZL>78.319058316756553</UZL>
      <K0>0.3059192808532219</K0>
      <K1>0.20026091333873797</K1>
      <K2>0.044750513307417153</K2>
      <MAXBAS>1.0067201048404297</MAXBAS>
      <Cet>0</Cet>
      <PCALT>10</PCALT>
      <TCALT>0.6</TCALT>
      <Pelev>3349</Pelev>
      <Telev>2921</Telev>
      <PART>0.5</PART>
      <DELAY>1</DELAY>
    </SubCatchmentParameters>
    <SubCatchmentVegetationZone>
      <SubCatchmentVegetationZoneParameters>
        <TT>-1.1439036874322059</TT>
        <CFMAX>3.6587300593654684</CFMAX>
        <SP>0</SP>
        <SFCF>0.91864640734978464</SFCF>
        <CFR>0.0053040182490493113</CFR>
        <CWH>0.19999928884623869</CWH>
        <CFGlacier>1</CFGlacier>
        <CFSlope>1</CFSlope>
        <FC>473.47467900810108</FC>
        <LP>0.99999537915278736</LP>
        <BETA>1.1082300779090522</BETA>
      </SubCatchmentVegetationZoneParameters>
    </SubCatchmentVegetationZone>
  </SubCatchment>
</Catchment>