<?xml version="1.0" encoding="utf-8"?>
<Catchment xmlns:xsi="http://www.w3.org/2001/XMLSchema-instance" xmlns:xsd="http://www.w3.org/2001/XMLSchema">
  <CatchmentParameters>
    <KSI>0.001</KSI>
    <KGmin>0.05</KGmin>
    <RangeKG>0.1</RangeKG>
    <AG>0.1</AG>
    <PERC>7.0141230303942379</PERC>
    <Alpha>0</Alpha>
    <UZL>56.642827226588075</UZL>
    <K0>0.3614495993250787</K0>
    <K1>0.268706004956171</K1>
    <K2>0.051845300230948896</K2>
    <MAXBAS>1.0003852640804798</MAXBAS>
    <Cet>0</Cet>
    <PCALT>10</PCALT>
    <TCALT>0.6</TCALT>
    <Pelev>3349</Pelev>
    <Telev>2921</Telev>
    <PART>0.5</PART>
    <DELAY>1</DELAY>
  </CatchmentParameters>
  <VegetationZone>
    <VegetationZoneParameters>
      <TT>-0.64963467010355591</TT>
      <CFMAX>2.1050559278980696</CFMAX>
      <SP>0</SP>
      <SFCF>0.69859960191480908</SFCF>
      <CFR>0.00031500114613979013</CFR>
      <CWH>0.11234638087378947</CWH>
      <CFGlacier>1</CFGlacier>
      <CFSlope>1</CFSlope>
      <FC>89.091398908266228</FC>
      <LP>0.669184215859851</LP>
      <BETA>1.0000332431264805</BETA>
    </VegetationZoneParameters>
  </VegetationZone>
  <SubCatchment>
    <SubCatchmentParameters>
      <KSI>0.001</KSI>
      <KGmin>0.05</KGmin>
      <RangeKG>0.1</RangeKG>
      <AG>0.1</AG>
      <PERC>7.0141230303942379</PERC>
      <Alpha>0</Alpha>
      <UZL>56.642827226588075</UZL>
      <K0>0.3614495993250787</K0>
      <K1>0.268706004956171</K1>
      <K2>0.051845300230948896</K2>
      <MAXBAS>1.0003852640804798</MAXBAS>
      <Cet>0</Cet>
      <PCALT>10</PCALT>
      <TCALT>0.6</TCALT>
      <Pelev>3349</Pelev>
      <Telev>2921</Telev>
      <PART>0.5</PART>
      <DELAY>1</DELAY>
    </SubCatchmentParameters>
    <SubCatchmentVegetationZone>
      <SubCatchmentVegetationZoneParameters>
        <TT>-0.64963467010355591</TT>
        <CFMAX>2.1050559278980696</CFMAX>
        <SP>0</SP>
        <SFCF>0.69859960191480908</SFCF>
        <CFR>0.00031500114613979013</CFR>
        <CWH>0.11234638087378947</CWH>
        <CFGlacier>1</CFGlacier>
        <CFSlope>1</CFSlope>
        <FC>89.091398908266228</FC>
        <LP>0.669184215859851</LP>
        <BETA>1.0000332431264805</BETA>
      </SubCatchmentVegetationZoneParameters>
    </SubCatchmentVegetationZone>
  </SubCatchment>
</Catchment>