<?xml version="1.0" encoding="utf-8"?>
<Catchment xmlns:xsi="http://www.w3.org/2001/XMLSchema-instance" xmlns:xsd="http://www.w3.org/2001/XMLSchema">
  <CatchmentParameters>
    <KSI>0.001</KSI>
    <KGmin>0.05</KGmin>
    <RangeKG>0.1</RangeKG>
    <AG>0.1</AG>
    <PERC>9.9999795464083459</PERC>
    <Alpha>0</Alpha>
    <UZL>110.27802636151918</UZL>
    <K0>0.057572036372261014</K0>
    <K1>0.19158495988511923</K1>
    <K2>0.043632250435596244</K2>
    <MAXBAS>1.0008487578814049</MAXBAS>
    <Cet>0</Cet>
    <PCALT>10</PCALT>
    <TCALT>0.6</TCALT>
    <Pelev>3349</Pelev>
    <Telev>2921</Telev>
    <PART>0.5</PART>
    <DELAY>1</DELAY>
  </CatchmentParameters>
  <VegetationZone>
    <VegetationZoneParameters>
      <TT>-1.8577514885653652</TT>
      <CFMAX>3.5438256896993603</CFMAX>
      <SP>0</SP>
      <SFCF>1.0255631738570123</SFCF>
      <CFR>0.081794577561375759</CFR>
      <CWH>0.19999866686466086</CWH>
      <CFGlacier>1</CFGlacier>
      <CFSlope>1</CFSlope>
      <FC>633.82843304651533</FC>
      <LP>0.8971009487157231</LP>
      <BETA>1.3014754139434477</BETA>
    </VegetationZoneParameters>
  </VegetationZone>
  <SubCatchment>
    <SubCatchmentParameters>
      <KSI>0.001</KSI>
      <KGmin>0.05</KGmin>
      <RangeKG>0.1</RangeKG>
      <AG>0.1</AG>
      <PERC>9.9999795464083459</PERC>
      <Alpha>0</Alpha>
      <UZL>110.27802636151918</UZL>
      <K0>0.057572036372261014</K0>
      <K1>0.19158495988511923</K1>
      <K2>0.043632250435596244</K2>
      <MAXBAS>1.0008487578814049</MAXBAS>
      <Cet>0</Cet>
      <PCALT>10</PCALT>
      <TCALT>0.6</TCALT>
      <Pelev>3349</Pelev>
      <Telev>2921</Telev>
      <PART>0.5</PART>
      <DELAY>1</DELAY>
    </SubCatchmentParameters>
    <SubCatchmentVegetationZone>
      <SubCatchmentVegetationZoneParameters>
        <TT>-1.8577514885653652</TT>
        <CFMAX>3.5438256896993603</CFMAX>
        <SP>0</SP>
        <SFCF>1.0255631738570123</SFCF>
        <CFR>0.081794577561375759</CFR>
        <CWH>0.19999866686466086</CWH>
        <CFGlacier>1</CFGlacier>
        <CFSlope>1</CFSlope>
        <FC>633.82843304651533</FC>
        <LP>0.8971009487157231</LP>
        <BETA>1.3014754139434477</BETA>
      </SubCatchmentVegetationZoneParameters>
    </SubCatchmentVegetationZone>
  </SubCatchment>
</Catchment>