<?xml version="1.0" encoding="utf-8"?>
<Catchment xmlns:xsi="http://www.w3.org/2001/XMLSchema-instance" xmlns:xsd="http://www.w3.org/2001/XMLSchema">
  <CatchmentParameters>
    <KSI>0.001</KSI>
    <KGmin>0.05</KGmin>
    <RangeKG>0.1</RangeKG>
    <AG>0.1</AG>
    <PERC>6.8752904091199287</PERC>
    <Alpha>0</Alpha>
    <UZL>58.567333117833414</UZL>
    <K0>0.24499629993053329</K0>
    <K1>0.28063211112616437</K1>
    <K2>0.072524077253884989</K2>
    <MAXBAS>1.0088163021663898</MAXBAS>
    <Cet>0</Cet>
    <PCALT>10</PCALT>
    <TCALT>0.6</TCALT>
    <Pelev>3349</Pelev>
    <Telev>2921</Telev>
    <PART>0.5</PART>
    <DELAY>1</DELAY>
  </CatchmentParameters>
  <VegetationZone>
    <VegetationZoneParameters>
      <TT>-0.14395153564515739</TT>
      <CFMAX>3.1072494897890621</CFMAX>
      <SP>0</SP>
      <SFCF>0.87184879341557031</SFCF>
      <CFR>0.00020262882665664177</CFR>
      <CWH>0.10000023860030521</CWH>
      <CFGlacier>1</CFGlacier>
      <CFSlope>1</CFSlope>
      <FC>999.99773340841114</FC>
      <LP>0.99999816980589973</LP>
      <BETA>1.0000000201224022</BETA>
    </VegetationZoneParameters>
  </VegetationZone>
  <SubCatchment>
    <SubCatchmentParameters>
      <KSI>0.001</KSI>
      <KGmin>0.05</KGmin>
      <RangeKG>0.1</RangeKG>
      <AG>0.1</AG>
      <PERC>6.8752904091199287</PERC>
      <Alpha>0</Alpha>
      <UZL>58.567333117833414</UZL>
      <K0>0.24499629993053329</K0>
      <K1>0.28063211112616437</K1>
      <K2>0.072524077253884989</K2>
      <MAXBAS>1.0088163021663898</MAXBAS>
      <Cet>0</Cet>
      <PCALT>10</PCALT>
      <TCALT>0.6</TCALT>
      <Pelev>3349</Pelev>
      <Telev>2921</Telev>
      <PART>0.5</PART>
      <DELAY>1</DELAY>
    </SubCatchmentParameters>
    <SubCatchmentVegetationZone>
      <SubCatchmentVegetationZoneParameters>
        <TT>-0.14395153564515739</TT>
        <CFMAX>3.1072494897890621</CFMAX>
        <SP>0</SP>
        <SFCF>0.87184879341557031</SFCF>
        <CFR>0.00020262882665664177</CFR>
        <CWH>0.10000023860030521</CWH>
        <CFGlacier>1</CFGlacier>
        <CFSlope>1</CFSlope>
        <FC>999.99773340841114</FC>
        <LP>0.99999816980589973</LP>
        <BETA>1.0000000201224022</BETA>
      </SubCatchmentVegetationZoneParameters>
    </SubCatchmentVegetationZone>
  </SubCatchment>
</Catchment>