<?xml version="1.0" encoding="utf-8"?>
<Catchment xmlns:xsi="http://www.w3.org/2001/XMLSchema-instance" xmlns:xsd="http://www.w3.org/2001/XMLSchema">
  <CatchmentParameters>
    <KSI>0.001</KSI>
    <KGmin>0.05</KGmin>
    <RangeKG>0.1</RangeKG>
    <AG>0.1</AG>
    <PERC>2.4759128087056297</PERC>
    <Alpha>0</Alpha>
    <UZL>118.77965503115581</UZL>
    <K0>0.52646031317669817</K0>
    <K1>0.10137317701185142</K1>
    <K2>0.01302159354955992</K2>
    <MAXBAS>1</MAXBAS>
    <Cet>0</Cet>
    <PCALT>10</PCALT>
    <TCALT>0.6</TCALT>
    <Pelev>3349</Pelev>
    <Telev>2921</Telev>
    <PART>0.5</PART>
    <DELAY>1</DELAY>
  </CatchmentParameters>
  <VegetationZone>
    <VegetationZoneParameters>
      <TT>-1.8980174896721236</TT>
      <CFMAX>3.1265493052594366</CFMAX>
      <SP>0</SP>
      <SFCF>1.2775410533919456</SFCF>
      <CFR>1.0766356766424128E-09</CFR>
      <CWH>0.10000000260052908</CWH>
      <CFGlacier>1</CFGlacier>
      <CFSlope>1</CFSlope>
      <FC>2499.9661420826383</FC>
      <LP>0.68777070296308207</LP>
      <BETA>1.2833648696575921</BETA>
    </VegetationZoneParameters>
  </VegetationZone>
  <SubCatchment>
    <SubCatchmentParameters>
      <KSI>0.001</KSI>
      <KGmin>0.05</KGmin>
      <RangeKG>0.1</RangeKG>
      <AG>0.1</AG>
      <PERC>2.4759128087056297</PERC>
      <Alpha>0</Alpha>
      <UZL>118.77965503115581</UZL>
      <K0>0.52646031317669817</K0>
      <K1>0.10137317701185142</K1>
      <K2>0.01302159354955992</K2>
      <MAXBAS>1</MAXBAS>
      <Cet>0</Cet>
      <PCALT>10</PCALT>
      <TCALT>0.6</TCALT>
      <Pelev>3349</Pelev>
      <Telev>2921</Telev>
      <PART>0.5</PART>
      <DELAY>1</DELAY>
    </SubCatchmentParameters>
    <SubCatchmentVegetationZone>
      <SubCatchmentVegetationZoneParameters>
        <TT>-1.8980174896721236</TT>
        <CFMAX>3.1265493052594366</CFMAX>
        <SP>0</SP>
        <SFCF>1.2775410533919456</SFCF>
        <CFR>1.0766356766424128E-09</CFR>
        <CWH>0.10000000260052908</CWH>
        <CFGlacier>1</CFGlacier>
        <CFSlope>1</CFSlope>
        <FC>2499.9661420826383</FC>
        <LP>0.68777070296308207</LP>
        <BETA>1.2833648696575921</BETA>
      </SubCatchmentVegetationZoneParameters>
    </SubCatchmentVegetationZone>
  </SubCatchment>
</Catchment>