<?xml version="1.0" encoding="utf-8"?>
<Catchment xmlns:xsi="http://www.w3.org/2001/XMLSchema-instance" xmlns:xsd="http://www.w3.org/2001/XMLSchema">
  <CatchmentParameters>
    <KSI>0.001</KSI>
    <KGmin>0.05</KGmin>
    <RangeKG>0.1</RangeKG>
    <AG>0.1</AG>
    <PERC>7.272205128061799</PERC>
    <Alpha>0</Alpha>
    <UZL>64.133899385316312</UZL>
    <K0>0.057205026548609178</K0>
    <K1>0.2891485015318862</K1>
    <K2>0.072130712679355669</K2>
    <MAXBAS>1.000055757717172</MAXBAS>
    <Cet>0</Cet>
    <PCALT>10</PCALT>
    <TCALT>0.6</TCALT>
    <Pelev>3349</Pelev>
    <Telev>2921</Telev>
    <PART>0.5</PART>
    <DELAY>1</DELAY>
  </CatchmentParameters>
  <VegetationZone>
    <VegetationZoneParameters>
      <TT>0.00200578489993078</TT>
      <CFMAX>3.2413183502586453</CFMAX>
      <SP>0</SP>
      <SFCF>0.88906027602071669</SFCF>
      <CFR>0.00021861808356822465</CFR>
      <CWH>0.10000048298812077</CWH>
      <CFGlacier>1</CFGlacier>
      <CFSlope>1</CFSlope>
      <FC>999.99536843843237</FC>
      <LP>0.99999730475896187</LP>
      <BETA>1.0000007749344038</BETA>
    </VegetationZoneParameters>
  </VegetationZone>
  <SubCatchment>
    <SubCatchmentParameters>
      <KSI>0.001</KSI>
      <KGmin>0.05</KGmin>
      <RangeKG>0.1</RangeKG>
      <AG>0.1</AG>
      <PERC>7.272205128061799</PERC>
      <Alpha>0</Alpha>
      <UZL>64.133899385316312</UZL>
      <K0>0.057205026548609178</K0>
      <K1>0.2891485015318862</K1>
      <K2>0.072130712679355669</K2>
      <MAXBAS>1.000055757717172</MAXBAS>
      <Cet>0</Cet>
      <PCALT>10</PCALT>
      <TCALT>0.6</TCALT>
      <Pelev>3349</Pelev>
      <Telev>2921</Telev>
      <PART>0.5</PART>
      <DELAY>1</DELAY>
    </SubCatchmentParameters>
    <SubCatchmentVegetationZone>
      <SubCatchmentVegetationZoneParameters>
        <TT>0.00200578489993078</TT>
        <CFMAX>3.2413183502586453</CFMAX>
        <SP>0</SP>
        <SFCF>0.88906027602071669</SFCF>
        <CFR>0.00021861808356822465</CFR>
        <CWH>0.10000048298812077</CWH>
        <CFGlacier>1</CFGlacier>
        <CFSlope>1</CFSlope>
        <FC>999.99536843843237</FC>
        <LP>0.99999730475896187</LP>
        <BETA>1.0000007749344038</BETA>
      </SubCatchmentVegetationZoneParameters>
    </SubCatchmentVegetationZone>
  </SubCatchment>
</Catchment>