<?xml version="1.0" encoding="utf-8"?>
<Catchment xmlns:xsi="http://www.w3.org/2001/XMLSchema-instance" xmlns:xsd="http://www.w3.org/2001/XMLSchema">
  <CatchmentParameters>
    <KSI>0.001</KSI>
    <KGmin>0.05</KGmin>
    <RangeKG>0.1</RangeKG>
    <AG>0.1</AG>
    <PERC>7.673580065864253</PERC>
    <Alpha>0</Alpha>
    <UZL>181.96995490230827</UZL>
    <K0>0.22031747592260667</K0>
    <K1>0.26965679520284352</K1>
    <K2>0.053483269565729033</K2>
    <MAXBAS>1.0000734267672056</MAXBAS>
    <Cet>0</Cet>
    <PCALT>10</PCALT>
    <TCALT>0.6</TCALT>
    <Pelev>3349</Pelev>
    <Telev>2921</Telev>
    <PART>0.5</PART>
    <DELAY>1</DELAY>
  </CatchmentParameters>
  <VegetationZone>
    <VegetationZoneParameters>
      <TT>0.12790257914954567</TT>
      <CFMAX>2.3653701788754344</CFMAX>
      <SP>0</SP>
      <SFCF>0.63254678975218537</SFCF>
      <CFR>7.1009628654557987E-05</CFR>
      <CWH>0.10000035136003026</CWH>
      <CFGlacier>1</CFGlacier>
      <CFSlope>1</CFSlope>
      <FC>50.000000056789638</FC>
      <LP>0.99741709013865065</LP>
      <BETA>1.000008075414814</BETA>
    </VegetationZoneParameters>
  </VegetationZone>
  <SubCatchment>
    <SubCatchmentParameters>
      <KSI>0.001</KSI>
      <KGmin>0.05</KGmin>
      <RangeKG>0.1</RangeKG>
      <AG>0.1</AG>
      <PERC>7.673580065864253</PERC>
      <Alpha>0</Alpha>
      <UZL>181.96995490230827</UZL>
      <K0>0.22031747592260667</K0>
      <K1>0.26965679520284352</K1>
      <K2>0.053483269565729033</K2>
      <MAXBAS>1.0000734267672056</MAXBAS>
      <Cet>0</Cet>
      <PCALT>10</PCALT>
      <TCALT>0.6</TCALT>
      <Pelev>3349</Pelev>
      <Telev>2921</Telev>
      <PART>0.5</PART>
      <DELAY>1</DELAY>
    </SubCatchmentParameters>
    <SubCatchmentVegetationZone>
      <SubCatchmentVegetationZoneParameters>
        <TT>0.12790257914954567</TT>
        <CFMAX>2.3653701788754344</CFMAX>
        <SP>0</SP>
        <SFCF>0.63254678975218537</SFCF>
        <CFR>7.1009628654557987E-05</CFR>
        <CWH>0.10000035136003026</CWH>
        <CFGlacier>1</CFGlacier>
        <CFSlope>1</CFSlope>
        <FC>50.000000056789638</FC>
        <LP>0.99741709013865065</LP>
        <BETA>1.000008075414814</BETA>
      </SubCatchmentVegetationZoneParameters>
    </SubCatchmentVegetationZone>
  </SubCatchment>
</Catchment>