<?xml version="1.0" encoding="utf-8"?>
<Catchment xmlns:xsi="http://www.w3.org/2001/XMLSchema-instance" xmlns:xsd="http://www.w3.org/2001/XMLSchema">
  <CatchmentParameters>
    <KSI>0.001</KSI>
    <KGmin>0.05</KGmin>
    <RangeKG>0.1</RangeKG>
    <AG>0.1</AG>
    <PERC>1.9373062712583389</PERC>
    <Alpha>0</Alpha>
    <UZL>64.995050726203786</UZL>
    <K0>0.393209776963455</K0>
    <K1>0.083371766178185786</K1>
    <K2>0.010000000178383522</K2>
    <MAXBAS>1</MAXBAS>
    <Cet>0</Cet>
    <PCALT>10</PCALT>
    <TCALT>0.6</TCALT>
    <Pelev>3349</Pelev>
    <Telev>2921</Telev>
    <PART>0.5</PART>
    <DELAY>1</DELAY>
  </CatchmentParameters>
  <VegetationZone>
    <VegetationZoneParameters>
      <TT>-1.369533463254399</TT>
      <CFMAX>3.4899901801255981</CFMAX>
      <SP>0</SP>
      <SFCF>1.3146580787740327</SFCF>
      <CFR>2.0474779694769769E-09</CFR>
      <CWH>0.10000002269040291</CWH>
      <CFGlacier>1</CFGlacier>
      <CFSlope>1</CFSlope>
      <FC>2499.9971318487128</FC>
      <LP>0.57798931797820341</LP>
      <BETA>1.1201124033486138</BETA>
    </VegetationZoneParameters>
  </VegetationZone>
  <SubCatchment>
    <SubCatchmentParameters>
      <KSI>0.001</KSI>
      <KGmin>0.05</KGmin>
      <RangeKG>0.1</RangeKG>
      <AG>0.1</AG>
      <PERC>1.9373062712583389</PERC>
      <Alpha>0</Alpha>
      <UZL>64.995050726203786</UZL>
      <K0>0.393209776963455</K0>
      <K1>0.083371766178185786</K1>
      <K2>0.010000000178383522</K2>
      <MAXBAS>1</MAXBAS>
      <Cet>0</Cet>
      <PCALT>10</PCALT>
      <TCALT>0.6</TCALT>
      <Pelev>3349</Pelev>
      <Telev>2921</Telev>
      <PART>0.5</PART>
      <DELAY>1</DELAY>
    </SubCatchmentParameters>
    <SubCatchmentVegetationZone>
      <SubCatchmentVegetationZoneParameters>
        <TT>-1.369533463254399</TT>
        <CFMAX>3.4899901801255981</CFMAX>
        <SP>0</SP>
        <SFCF>1.3146580787740327</SFCF>
        <CFR>2.0474779694769769E-09</CFR>
        <CWH>0.10000002269040291</CWH>
        <CFGlacier>1</CFGlacier>
        <CFSlope>1</CFSlope>
        <FC>2499.9971318487128</FC>
        <LP>0.57798931797820341</LP>
        <BETA>1.1201124033486138</BETA>
      </SubCatchmentVegetationZoneParameters>
    </SubCatchmentVegetationZone>
  </SubCatchment>
</Catchment>