<?xml version="1.0" encoding="utf-8"?>
<Catchment xmlns:xsi="http://www.w3.org/2001/XMLSchema-instance" xmlns:xsd="http://www.w3.org/2001/XMLSchema">
  <CatchmentParameters>
    <KSI>0.001</KSI>
    <KGmin>0.05</KGmin>
    <RangeKG>0.1</RangeKG>
    <AG>0.1</AG>
    <PERC>1.0752846441665176</PERC>
    <Alpha>0</Alpha>
    <UZL>129.73784211067942</UZL>
    <K0>0.12567681300686293</K0>
    <K1>0.041482294008358206</K1>
    <K2>0.010000003213522773</K2>
    <MAXBAS>1</MAXBAS>
    <Cet>0</Cet>
    <PCALT>10</PCALT>
    <TCALT>0.6</TCALT>
    <Pelev>3349</Pelev>
    <Telev>2921</Telev>
    <PART>0.5</PART>
    <DELAY>1</DELAY>
  </CatchmentParameters>
  <VegetationZone>
    <VegetationZoneParameters>
      <TT>-2.0320809206365218</TT>
      <CFMAX>3.7178830646226779</CFMAX>
      <SP>0</SP>
      <SFCF>1.1734351100815001</SFCF>
      <CFR>0.051492292481520652</CFR>
      <CWH>0.13950131254216744</CWH>
      <CFGlacier>1</CFGlacier>
      <CFSlope>1</CFSlope>
      <FC>1808.3171062734953</FC>
      <LP>0.86419004040885428</LP>
      <BETA>1.2093636160614067</BETA>
    </VegetationZoneParameters>
  </VegetationZone>
  <SubCatchment>
    <SubCatchmentParameters>
      <KSI>0.001</KSI>
      <KGmin>0.05</KGmin>
      <RangeKG>0.1</RangeKG>
      <AG>0.1</AG>
      <PERC>1.0752846441665176</PERC>
      <Alpha>0</Alpha>
      <UZL>129.73784211067942</UZL>
      <K0>0.12567681300686293</K0>
      <K1>0.041482294008358206</K1>
      <K2>0.010000003213522773</K2>
      <MAXBAS>1</MAXBAS>
      <Cet>0</Cet>
      <PCALT>10</PCALT>
      <TCALT>0.6</TCALT>
      <Pelev>3349</Pelev>
      <Telev>2921</Telev>
      <PART>0.5</PART>
      <DELAY>1</DELAY>
    </SubCatchmentParameters>
    <SubCatchmentVegetationZone>
      <SubCatchmentVegetationZoneParameters>
        <TT>-2.0320809206365218</TT>
        <CFMAX>3.7178830646226779</CFMAX>
        <SP>0</SP>
        <SFCF>1.1734351100815001</SFCF>
        <CFR>0.051492292481520652</CFR>
        <CWH>0.13950131254216744</CWH>
        <CFGlacier>1</CFGlacier>
        <CFSlope>1</CFSlope>
        <FC>1808.3171062734953</FC>
        <LP>0.86419004040885428</LP>
        <BETA>1.2093636160614067</BETA>
      </SubCatchmentVegetationZoneParameters>
    </SubCatchmentVegetationZone>
  </SubCatchment>
</Catchment>