<?xml version="1.0" encoding="utf-8"?>
<Catchment xmlns:xsi="http://www.w3.org/2001/XMLSchema-instance" xmlns:xsd="http://www.w3.org/2001/XMLSchema">
  <CatchmentParameters>
    <KSI>0.001</KSI>
    <KGmin>0.05</KGmin>
    <RangeKG>0.1</RangeKG>
    <AG>0.1</AG>
    <PERC>9.6022042810819457</PERC>
    <Alpha>0</Alpha>
    <UZL>100.818281912947</UZL>
    <K0>0.49780143121830911</K0>
    <K1>0.21270035080326441</K1>
    <K2>0.047011311810980339</K2>
    <MAXBAS>1.0010488127802411</MAXBAS>
    <Cet>0</Cet>
    <PCALT>10</PCALT>
    <TCALT>0.6</TCALT>
    <Pelev>3349</Pelev>
    <Telev>2921</Telev>
    <PART>0.5</PART>
    <DELAY>1</DELAY>
  </CatchmentParameters>
  <VegetationZone>
    <VegetationZoneParameters>
      <TT>-1.5439942340628292</TT>
      <CFMAX>3.5283796720988359</CFMAX>
      <SP>0</SP>
      <SFCF>0.95511982002544427</SFCF>
      <CFR>0.095203876064960086</CFR>
      <CWH>0.19999992943346548</CWH>
      <CFGlacier>1</CFGlacier>
      <CFSlope>1</CFSlope>
      <FC>609.35633093266119</FC>
      <LP>0.99999997222903958</LP>
      <BETA>1.1784115739340135</BETA>
    </VegetationZoneParameters>
  </VegetationZone>
  <SubCatchment>
    <SubCatchmentParameters>
      <KSI>0.001</KSI>
      <KGmin>0.05</KGmin>
      <RangeKG>0.1</RangeKG>
      <AG>0.1</AG>
      <PERC>9.6022042810819457</PERC>
      <Alpha>0</Alpha>
      <UZL>100.818281912947</UZL>
      <K0>0.49780143121830911</K0>
      <K1>0.21270035080326441</K1>
      <K2>0.047011311810980339</K2>
      <MAXBAS>1.0010488127802411</MAXBAS>
      <Cet>0</Cet>
      <PCALT>10</PCALT>
      <TCALT>0.6</TCALT>
      <Pelev>3349</Pelev>
      <Telev>2921</Telev>
      <PART>0.5</PART>
      <DELAY>1</DELAY>
    </SubCatchmentParameters>
    <SubCatchmentVegetationZone>
      <SubCatchmentVegetationZoneParameters>
        <TT>-1.5439942340628292</TT>
        <CFMAX>3.5283796720988359</CFMAX>
        <SP>0</SP>
        <SFCF>0.95511982002544427</SFCF>
        <CFR>0.095203876064960086</CFR>
        <CWH>0.19999992943346548</CWH>
        <CFGlacier>1</CFGlacier>
        <CFSlope>1</CFSlope>
        <FC>609.35633093266119</FC>
        <LP>0.99999997222903958</LP>
        <BETA>1.1784115739340135</BETA>
      </SubCatchmentVegetationZoneParameters>
    </SubCatchmentVegetationZone>
  </SubCatchment>
</Catchment>