<?xml version="1.0" encoding="utf-8"?>
<Catchment xmlns:xsi="http://www.w3.org/2001/XMLSchema-instance" xmlns:xsd="http://www.w3.org/2001/XMLSchema">
  <CatchmentParameters>
    <KSI>0.001</KSI>
    <KGmin>0.05</KGmin>
    <RangeKG>0.1</RangeKG>
    <AG>0.1</AG>
    <PERC>9.9999623756272022</PERC>
    <Alpha>0</Alpha>
    <UZL>129.11970059435959</UZL>
    <K0>0.96684248552612617</K0>
    <K1>0.19793063335991545</K1>
    <K2>0.044524958216258945</K2>
    <MAXBAS>1.0000078112579052</MAXBAS>
    <Cet>0</Cet>
    <PCALT>10</PCALT>
    <TCALT>0.6</TCALT>
    <Pelev>3349</Pelev>
    <Telev>2921</Telev>
    <PART>0.5</PART>
    <DELAY>1</DELAY>
  </CatchmentParameters>
  <VegetationZone>
    <VegetationZoneParameters>
      <TT>-1.108244895246721</TT>
      <CFMAX>4.3397716161644082</CFMAX>
      <SP>0</SP>
      <SFCF>1.0155795923269677</SFCF>
      <CFR>0.083360995835444082</CFR>
      <CWH>0.19999619886456763</CWH>
      <CFGlacier>1</CFGlacier>
      <CFSlope>1</CFSlope>
      <FC>984.3356903133739</FC>
      <LP>0.99999999823074637</LP>
      <BETA>1.3123192281183262</BETA>
    </VegetationZoneParameters>
  </VegetationZone>
  <SubCatchment>
    <SubCatchmentParameters>
      <KSI>0.001</KSI>
      <KGmin>0.05</KGmin>
      <RangeKG>0.1</RangeKG>
      <AG>0.1</AG>
      <PERC>9.9999623756272022</PERC>
      <Alpha>0</Alpha>
      <UZL>129.11970059435959</UZL>
      <K0>0.96684248552612617</K0>
      <K1>0.19793063335991545</K1>
      <K2>0.044524958216258945</K2>
      <MAXBAS>1.0000078112579052</MAXBAS>
      <Cet>0</Cet>
      <PCALT>10</PCALT>
      <TCALT>0.6</TCALT>
      <Pelev>3349</Pelev>
      <Telev>2921</Telev>
      <PART>0.5</PART>
      <DELAY>1</DELAY>
    </SubCatchmentParameters>
    <SubCatchmentVegetationZone>
      <SubCatchmentVegetationZoneParameters>
        <TT>-1.108244895246721</TT>
        <CFMAX>4.3397716161644082</CFMAX>
        <SP>0</SP>
        <SFCF>1.0155795923269677</SFCF>
        <CFR>0.083360995835444082</CFR>
        <CWH>0.19999619886456763</CWH>
        <CFGlacier>1</CFGlacier>
        <CFSlope>1</CFSlope>
        <FC>984.3356903133739</FC>
        <LP>0.99999999823074637</LP>
        <BETA>1.3123192281183262</BETA>
      </SubCatchmentVegetationZoneParameters>
    </SubCatchmentVegetationZone>
  </SubCatchment>
</Catchment>