<?xml version="1.0" encoding="utf-8"?>
<Catchment xmlns:xsi="http://www.w3.org/2001/XMLSchema-instance" xmlns:xsd="http://www.w3.org/2001/XMLSchema">
  <CatchmentParameters>
    <KSI>0.001</KSI>
    <KGmin>0.05</KGmin>
    <RangeKG>0.1</RangeKG>
    <AG>0.1</AG>
    <PERC>1.8607181323317841</PERC>
    <Alpha>0</Alpha>
    <UZL>59.688580797535252</UZL>
    <K0>0.34505437896212016</K0>
    <K1>0.078719393442513663</K1>
    <K2>0.010912584346511522</K2>
    <MAXBAS>1</MAXBAS>
    <Cet>0</Cet>
    <PCALT>10</PCALT>
    <TCALT>0.6</TCALT>
    <Pelev>3349</Pelev>
    <Telev>2921</Telev>
    <PART>0.5</PART>
    <DELAY>1</DELAY>
  </CatchmentParameters>
  <VegetationZone>
    <VegetationZoneParameters>
      <TT>-2.0439959948954516</TT>
      <CFMAX>2.8245502759534706</CFMAX>
      <SP>0</SP>
      <SFCF>1.2766733260147354</SFCF>
      <CFR>6.4054909083974622E-08</CFR>
      <CWH>0.10000000013426492</CWH>
      <CFGlacier>1</CFGlacier>
      <CFSlope>1</CFSlope>
      <FC>2499.9991473554091</FC>
      <LP>0.77573688485464276</LP>
      <BETA>1.6990191189373682</BETA>
    </VegetationZoneParameters>
  </VegetationZone>
  <SubCatchment>
    <SubCatchmentParameters>
      <KSI>0.001</KSI>
      <KGmin>0.05</KGmin>
      <RangeKG>0.1</RangeKG>
      <AG>0.1</AG>
      <PERC>1.8607181323317841</PERC>
      <Alpha>0</Alpha>
      <UZL>59.688580797535252</UZL>
      <K0>0.34505437896212016</K0>
      <K1>0.078719393442513663</K1>
      <K2>0.010912584346511522</K2>
      <MAXBAS>1</MAXBAS>
      <Cet>0</Cet>
      <PCALT>10</PCALT>
      <TCALT>0.6</TCALT>
      <Pelev>3349</Pelev>
      <Telev>2921</Telev>
      <PART>0.5</PART>
      <DELAY>1</DELAY>
    </SubCatchmentParameters>
    <SubCatchmentVegetationZone>
      <SubCatchmentVegetationZoneParameters>
        <TT>-2.0439959948954516</TT>
        <CFMAX>2.8245502759534706</CFMAX>
        <SP>0</SP>
        <SFCF>1.2766733260147354</SFCF>
        <CFR>6.4054909083974622E-08</CFR>
        <CWH>0.10000000013426492</CWH>
        <CFGlacier>1</CFGlacier>
        <CFSlope>1</CFSlope>
        <FC>2499.9991473554091</FC>
        <LP>0.77573688485464276</LP>
        <BETA>1.6990191189373682</BETA>
      </SubCatchmentVegetationZoneParameters>
    </SubCatchmentVegetationZone>
  </SubCatchment>
</Catchment>