<?xml version="1.0" encoding="utf-8"?>
<Catchment xmlns:xsi="http://www.w3.org/2001/XMLSchema-instance" xmlns:xsd="http://www.w3.org/2001/XMLSchema">
  <CatchmentParameters>
    <KSI>0.001</KSI>
    <KGmin>0.05</KGmin>
    <RangeKG>0.1</RangeKG>
    <AG>0.1</AG>
    <PERC>1.6799213666524751</PERC>
    <Alpha>0</Alpha>
    <UZL>44.555451320871455</UZL>
    <K0>0.18262782310652109</K0>
    <K1>0.087264488435766119</K1>
    <K2>0.010000000363861311</K2>
    <MAXBAS>1</MAXBAS>
    <Cet>0</Cet>
    <PCALT>10</PCALT>
    <TCALT>0.6</TCALT>
    <Pelev>3349</Pelev>
    <Telev>2921</Telev>
    <PART>0.5</PART>
    <DELAY>1</DELAY>
  </CatchmentParameters>
  <VegetationZone>
    <VegetationZoneParameters>
      <TT>-1.5439983882103603</TT>
      <CFMAX>2.8281447028813957</CFMAX>
      <SP>0</SP>
      <SFCF>1.2057290801468852</SFCF>
      <CFR>1.4734228635642779E-07</CFR>
      <CWH>0.10000012727834792</CWH>
      <CFGlacier>1</CFGlacier>
      <CFSlope>1</CFSlope>
      <FC>2499.9795998075597</FC>
      <LP>0.68186426125188015</LP>
      <BETA>1.0985433996114706</BETA>
    </VegetationZoneParameters>
  </VegetationZone>
  <SubCatchment>
    <SubCatchmentParameters>
      <KSI>0.001</KSI>
      <KGmin>0.05</KGmin>
      <RangeKG>0.1</RangeKG>
      <AG>0.1</AG>
      <PERC>1.6799213666524751</PERC>
      <Alpha>0</Alpha>
      <UZL>44.555451320871455</UZL>
      <K0>0.18262782310652109</K0>
      <K1>0.087264488435766119</K1>
      <K2>0.010000000363861311</K2>
      <MAXBAS>1</MAXBAS>
      <Cet>0</Cet>
      <PCALT>10</PCALT>
      <TCALT>0.6</TCALT>
      <Pelev>3349</Pelev>
      <Telev>2921</Telev>
      <PART>0.5</PART>
      <DELAY>1</DELAY>
    </SubCatchmentParameters>
    <SubCatchmentVegetationZone>
      <SubCatchmentVegetationZoneParameters>
        <TT>-1.5439983882103603</TT>
        <CFMAX>2.8281447028813957</CFMAX>
        <SP>0</SP>
        <SFCF>1.2057290801468852</SFCF>
        <CFR>1.4734228635642779E-07</CFR>
        <CWH>0.10000012727834792</CWH>
        <CFGlacier>1</CFGlacier>
        <CFSlope>1</CFSlope>
        <FC>2499.9795998075597</FC>
        <LP>0.68186426125188015</LP>
        <BETA>1.0985433996114706</BETA>
      </SubCatchmentVegetationZoneParameters>
    </SubCatchmentVegetationZone>
  </SubCatchment>
</Catchment>