<?xml version="1.0" encoding="utf-8"?>
<Catchment xmlns:xsi="http://www.w3.org/2001/XMLSchema-instance" xmlns:xsd="http://www.w3.org/2001/XMLSchema">
  <CatchmentParameters>
    <KSI>0.001</KSI>
    <KGmin>0.05</KGmin>
    <RangeKG>0.1</RangeKG>
    <AG>0.1</AG>
    <PERC>9.9999795681881487</PERC>
    <Alpha>0</Alpha>
    <UZL>141.9908079684466</UZL>
    <K0>0.519250730639798</K0>
    <K1>0.19633485170477549</K1>
    <K2>0.049497679029957782</K2>
    <MAXBAS>1.0084447807251475</MAXBAS>
    <Cet>0</Cet>
    <PCALT>10</PCALT>
    <TCALT>0.6</TCALT>
    <Pelev>3349</Pelev>
    <Telev>2921</Telev>
    <PART>0.5</PART>
    <DELAY>1</DELAY>
  </CatchmentParameters>
  <VegetationZone>
    <VegetationZoneParameters>
      <TT>-0.43201128117222459</TT>
      <CFMAX>4.5436450886035988</CFMAX>
      <SP>0</SP>
      <SFCF>0.95362304117825558</SFCF>
      <CFR>8.71074197231683E-05</CFR>
      <CWH>0.19999822744108484</CWH>
      <CFGlacier>1</CFGlacier>
      <CFSlope>1</CFSlope>
      <FC>903.29306679384706</FC>
      <LP>0.99999873022680374</LP>
      <BETA>1.0894415273212308</BETA>
    </VegetationZoneParameters>
  </VegetationZone>
  <SubCatchment>
    <SubCatchmentParameters>
      <KSI>0.001</KSI>
      <KGmin>0.05</KGmin>
      <RangeKG>0.1</RangeKG>
      <AG>0.1</AG>
      <PERC>9.9999795681881487</PERC>
      <Alpha>0</Alpha>
      <UZL>141.9908079684466</UZL>
      <K0>0.519250730639798</K0>
      <K1>0.19633485170477549</K1>
      <K2>0.049497679029957782</K2>
      <MAXBAS>1.0084447807251475</MAXBAS>
      <Cet>0</Cet>
      <PCALT>10</PCALT>
      <TCALT>0.6</TCALT>
      <Pelev>3349</Pelev>
      <Telev>2921</Telev>
      <PART>0.5</PART>
      <DELAY>1</DELAY>
    </SubCatchmentParameters>
    <SubCatchmentVegetationZone>
      <SubCatchmentVegetationZoneParameters>
        <TT>-0.43201128117222459</TT>
        <CFMAX>4.5436450886035988</CFMAX>
        <SP>0</SP>
        <SFCF>0.95362304117825558</SFCF>
        <CFR>8.71074197231683E-05</CFR>
        <CWH>0.19999822744108484</CWH>
        <CFGlacier>1</CFGlacier>
        <CFSlope>1</CFSlope>
        <FC>903.29306679384706</FC>
        <LP>0.99999873022680374</LP>
        <BETA>1.0894415273212308</BETA>
      </SubCatchmentVegetationZoneParameters>
    </SubCatchmentVegetationZone>
  </SubCatchment>
</Catchment>