<?xml version="1.0" encoding="utf-8"?>
<Catchment xmlns:xsi="http://www.w3.org/2001/XMLSchema-instance" xmlns:xsd="http://www.w3.org/2001/XMLSchema">
  <CatchmentParameters>
    <KSI>0.001</KSI>
    <KGmin>0.05</KGmin>
    <RangeKG>0.1</RangeKG>
    <AG>0.1</AG>
    <PERC>2.5871324176239172</PERC>
    <Alpha>0</Alpha>
    <UZL>56.814994147591342</UZL>
    <K0>0.33832033050631694</K0>
    <K1>0.092393215299160628</K1>
    <K2>0.010000004377877009</K2>
    <MAXBAS>1</MAXBAS>
    <Cet>0</Cet>
    <PCALT>10</PCALT>
    <TCALT>0.6</TCALT>
    <Pelev>3349</Pelev>
    <Telev>2921</Telev>
    <PART>0.5</PART>
    <DELAY>1</DELAY>
  </CatchmentParameters>
  <VegetationZone>
    <VegetationZoneParameters>
      <TT>-1.6980061416462595</TT>
      <CFMAX>2.5916909755535582</CFMAX>
      <SP>0</SP>
      <SFCF>1.0431778116261676</SFCF>
      <CFR>8.7594619938344216E-08</CFR>
      <CWH>0.10000000646296893</CWH>
      <CFGlacier>1</CFGlacier>
      <CFSlope>1</CFSlope>
      <FC>495.32016672781316</FC>
      <LP>0.93776313925655286</LP>
      <BETA>1.2766497611143608</BETA>
    </VegetationZoneParameters>
  </VegetationZone>
  <SubCatchment>
    <SubCatchmentParameters>
      <KSI>0.001</KSI>
      <KGmin>0.05</KGmin>
      <RangeKG>0.1</RangeKG>
      <AG>0.1</AG>
      <PERC>2.5871324176239172</PERC>
      <Alpha>0</Alpha>
      <UZL>56.814994147591342</UZL>
      <K0>0.33832033050631694</K0>
      <K1>0.092393215299160628</K1>
      <K2>0.010000004377877009</K2>
      <MAXBAS>1</MAXBAS>
      <Cet>0</Cet>
      <PCALT>10</PCALT>
      <TCALT>0.6</TCALT>
      <Pelev>3349</Pelev>
      <Telev>2921</Telev>
      <PART>0.5</PART>
      <DELAY>1</DELAY>
    </SubCatchmentParameters>
    <SubCatchmentVegetationZone>
      <SubCatchmentVegetationZoneParameters>
        <TT>-1.6980061416462595</TT>
        <CFMAX>2.5916909755535582</CFMAX>
        <SP>0</SP>
        <SFCF>1.0431778116261676</SFCF>
        <CFR>8.7594619938344216E-08</CFR>
        <CWH>0.10000000646296893</CWH>
        <CFGlacier>1</CFGlacier>
        <CFSlope>1</CFSlope>
        <FC>495.32016672781316</FC>
        <LP>0.93776313925655286</LP>
        <BETA>1.2766497611143608</BETA>
      </SubCatchmentVegetationZoneParameters>
    </SubCatchmentVegetationZone>
  </SubCatchment>
</Catchment>