<?xml version="1.0" encoding="utf-8"?>
<Catchment xmlns:xsi="http://www.w3.org/2001/XMLSchema-instance" xmlns:xsd="http://www.w3.org/2001/XMLSchema">
  <CatchmentParameters>
    <KSI>0.001</KSI>
    <KGmin>0.05</KGmin>
    <RangeKG>0.1</RangeKG>
    <AG>0.1</AG>
    <PERC>2.1422497093616109</PERC>
    <Alpha>0</Alpha>
    <UZL>127.21325025578</UZL>
    <K0>0.18674102122091749</K0>
    <K1>0.04717012314066929</K1>
    <K2>0.029162007858474618</K2>
    <MAXBAS>1.0000689703899031</MAXBAS>
    <Cet>0</Cet>
    <PCALT>10</PCALT>
    <TCALT>0.6</TCALT>
    <Pelev>3349</Pelev>
    <Telev>2921</Telev>
    <PART>0.5</PART>
    <DELAY>1</DELAY>
  </CatchmentParameters>
  <VegetationZone>
    <VegetationZoneParameters>
      <TT>-1.2290712892289257</TT>
      <CFMAX>4.2613810366223257</CFMAX>
      <SP>0</SP>
      <SFCF>1.0344770558053629</SFCF>
      <CFR>0.012345666738024676</CFR>
      <CWH>0.19999928512718321</CWH>
      <CFGlacier>1</CFGlacier>
      <CFSlope>1</CFSlope>
      <FC>999.99965968845379</FC>
      <LP>0.99999308442870061</LP>
      <BETA>1.1812991984676609</BETA>
    </VegetationZoneParameters>
  </VegetationZone>
  <SubCatchment>
    <SubCatchmentParameters>
      <KSI>0.001</KSI>
      <KGmin>0.05</KGmin>
      <RangeKG>0.1</RangeKG>
      <AG>0.1</AG>
      <PERC>2.1422497093616109</PERC>
      <Alpha>0</Alpha>
      <UZL>127.21325025578</UZL>
      <K0>0.18674102122091749</K0>
      <K1>0.04717012314066929</K1>
      <K2>0.029162007858474618</K2>
      <MAXBAS>1.0000689703899031</MAXBAS>
      <Cet>0</Cet>
      <PCALT>10</PCALT>
      <TCALT>0.6</TCALT>
      <Pelev>3349</Pelev>
      <Telev>2921</Telev>
      <PART>0.5</PART>
      <DELAY>1</DELAY>
    </SubCatchmentParameters>
    <SubCatchmentVegetationZone>
      <SubCatchmentVegetationZoneParameters>
        <TT>-1.2290712892289257</TT>
        <CFMAX>4.2613810366223257</CFMAX>
        <SP>0</SP>
        <SFCF>1.0344770558053629</SFCF>
        <CFR>0.012345666738024676</CFR>
        <CWH>0.19999928512718321</CWH>
        <CFGlacier>1</CFGlacier>
        <CFSlope>1</CFSlope>
        <FC>999.99965968845379</FC>
        <LP>0.99999308442870061</LP>
        <BETA>1.1812991984676609</BETA>
      </SubCatchmentVegetationZoneParameters>
    </SubCatchmentVegetationZone>
  </SubCatchment>
</Catchment>