<?xml version="1.0" encoding="utf-8"?>
<Catchment xmlns:xsi="http://www.w3.org/2001/XMLSchema-instance" xmlns:xsd="http://www.w3.org/2001/XMLSchema">
  <CatchmentParameters>
    <KSI>0.001</KSI>
    <KGmin>0.05</KGmin>
    <RangeKG>0.1</RangeKG>
    <AG>0.1</AG>
    <PERC>1.7906418048168054</PERC>
    <Alpha>0</Alpha>
    <UZL>115.56719986059245</UZL>
    <K0>0.46583235129938494</K0>
    <K1>0.11482153037704265</K1>
    <K2>0.010000168379514755</K2>
    <MAXBAS>1</MAXBAS>
    <Cet>0</Cet>
    <PCALT>10</PCALT>
    <TCALT>0.6</TCALT>
    <Pelev>3349</Pelev>
    <Telev>2921</Telev>
    <PART>0.5</PART>
    <DELAY>1</DELAY>
  </CatchmentParameters>
  <VegetationZone>
    <VegetationZoneParameters>
      <TT>-1.1159098281281272</TT>
      <CFMAX>2.9994938909755344</CFMAX>
      <SP>0</SP>
      <SFCF>1.1174364304776125</SFCF>
      <CFR>9.78278981916996E-05</CFR>
      <CWH>0.10000007503628211</CWH>
      <CFGlacier>1</CFGlacier>
      <CFSlope>1</CFSlope>
      <FC>2281.9827647367197</FC>
      <LP>0.902039578159742</LP>
      <BETA>1.5368524179694438</BETA>
    </VegetationZoneParameters>
  </VegetationZone>
  <SubCatchment>
    <SubCatchmentParameters>
      <KSI>0.001</KSI>
      <KGmin>0.05</KGmin>
      <RangeKG>0.1</RangeKG>
      <AG>0.1</AG>
      <PERC>1.7906418048168054</PERC>
      <Alpha>0</Alpha>
      <UZL>115.56719986059245</UZL>
      <K0>0.46583235129938494</K0>
      <K1>0.11482153037704265</K1>
      <K2>0.010000168379514755</K2>
      <MAXBAS>1</MAXBAS>
      <Cet>0</Cet>
      <PCALT>10</PCALT>
      <TCALT>0.6</TCALT>
      <Pelev>3349</Pelev>
      <Telev>2921</Telev>
      <PART>0.5</PART>
      <DELAY>1</DELAY>
    </SubCatchmentParameters>
    <SubCatchmentVegetationZone>
      <SubCatchmentVegetationZoneParameters>
        <TT>-1.1159098281281272</TT>
        <CFMAX>2.9994938909755344</CFMAX>
        <SP>0</SP>
        <SFCF>1.1174364304776125</SFCF>
        <CFR>9.78278981916996E-05</CFR>
        <CWH>0.10000007503628211</CWH>
        <CFGlacier>1</CFGlacier>
        <CFSlope>1</CFSlope>
        <FC>2281.9827647367197</FC>
        <LP>0.902039578159742</LP>
        <BETA>1.5368524179694438</BETA>
      </SubCatchmentVegetationZoneParameters>
    </SubCatchmentVegetationZone>
  </SubCatchment>
</Catchment>