<?xml version="1.0" encoding="utf-8"?>
<Catchment xmlns:xsi="http://www.w3.org/2001/XMLSchema-instance" xmlns:xsd="http://www.w3.org/2001/XMLSchema">
  <CatchmentParameters>
    <KSI>0.001</KSI>
    <KGmin>0.05</KGmin>
    <RangeKG>0.1</RangeKG>
    <AG>0.1</AG>
    <PERC>1.8084143310492413</PERC>
    <Alpha>0</Alpha>
    <UZL>129.40276472032119</UZL>
    <K0>0.53109540068047223</K0>
    <K1>0.11607761079900805</K1>
    <K2>0.010000001019052691</K2>
    <MAXBAS>1</MAXBAS>
    <Cet>0</Cet>
    <PCALT>10</PCALT>
    <TCALT>0.6</TCALT>
    <Pelev>3349</Pelev>
    <Telev>2921</Telev>
    <PART>0.5</PART>
    <DELAY>1</DELAY>
  </CatchmentParameters>
  <VegetationZone>
    <VegetationZoneParameters>
      <TT>-1.4967565883862346</TT>
      <CFMAX>2.98177393420492</CFMAX>
      <SP>0</SP>
      <SFCF>1.2029457201207607</SFCF>
      <CFR>1.5607493117207166E-07</CFR>
      <CWH>0.10000013785330413</CWH>
      <CFGlacier>1</CFGlacier>
      <CFSlope>1</CFSlope>
      <FC>2358.8634245808053</FC>
      <LP>0.79100528285629956</LP>
      <BETA>1.4558418648287965</BETA>
    </VegetationZoneParameters>
  </VegetationZone>
  <SubCatchment>
    <SubCatchmentParameters>
      <KSI>0.001</KSI>
      <KGmin>0.05</KGmin>
      <RangeKG>0.1</RangeKG>
      <AG>0.1</AG>
      <PERC>1.8084143310492413</PERC>
      <Alpha>0</Alpha>
      <UZL>129.40276472032119</UZL>
      <K0>0.53109540068047223</K0>
      <K1>0.11607761079900805</K1>
      <K2>0.010000001019052691</K2>
      <MAXBAS>1</MAXBAS>
      <Cet>0</Cet>
      <PCALT>10</PCALT>
      <TCALT>0.6</TCALT>
      <Pelev>3349</Pelev>
      <Telev>2921</Telev>
      <PART>0.5</PART>
      <DELAY>1</DELAY>
    </SubCatchmentParameters>
    <SubCatchmentVegetationZone>
      <SubCatchmentVegetationZoneParameters>
        <TT>-1.4967565883862346</TT>
        <CFMAX>2.98177393420492</CFMAX>
        <SP>0</SP>
        <SFCF>1.2029457201207607</SFCF>
        <CFR>1.5607493117207166E-07</CFR>
        <CWH>0.10000013785330413</CWH>
        <CFGlacier>1</CFGlacier>
        <CFSlope>1</CFSlope>
        <FC>2358.8634245808053</FC>
        <LP>0.79100528285629956</LP>
        <BETA>1.4558418648287965</BETA>
      </SubCatchmentVegetationZoneParameters>
    </SubCatchmentVegetationZone>
  </SubCatchment>
</Catchment>