<?xml version="1.0" encoding="utf-8"?>
<Catchment xmlns:xsi="http://www.w3.org/2001/XMLSchema-instance" xmlns:xsd="http://www.w3.org/2001/XMLSchema">
  <CatchmentParameters>
    <KSI>0.001</KSI>
    <KGmin>0.05</KGmin>
    <RangeKG>0.1</RangeKG>
    <AG>0.1</AG>
    <PERC>1.4771144754928951</PERC>
    <Alpha>0</Alpha>
    <UZL>75.873576654096141</UZL>
    <K0>0.33103420469548683</K0>
    <K1>0.065704449791361558</K1>
    <K2>0.010000004959854354</K2>
    <MAXBAS>1</MAXBAS>
    <Cet>0</Cet>
    <PCALT>10</PCALT>
    <TCALT>0.6</TCALT>
    <Pelev>3349</Pelev>
    <Telev>2921</Telev>
    <PART>0.5</PART>
    <DELAY>1</DELAY>
  </CatchmentParameters>
  <VegetationZone>
    <VegetationZoneParameters>
      <TT>-1.4494255032385806</TT>
      <CFMAX>2.8789146286103859</CFMAX>
      <SP>0</SP>
      <SFCF>1.1183846511129838</SFCF>
      <CFR>4.19635711749448E-08</CFR>
      <CWH>0.10000008105531044</CWH>
      <CFGlacier>1</CFGlacier>
      <CFSlope>1</CFSlope>
      <FC>2135.615034985803</FC>
      <LP>0.87667859995203612</LP>
      <BETA>1.3328720572366619</BETA>
    </VegetationZoneParameters>
  </VegetationZone>
  <SubCatchment>
    <SubCatchmentParameters>
      <KSI>0.001</KSI>
      <KGmin>0.05</KGmin>
      <RangeKG>0.1</RangeKG>
      <AG>0.1</AG>
      <PERC>1.4771144754928951</PERC>
      <Alpha>0</Alpha>
      <UZL>75.873576654096141</UZL>
      <K0>0.33103420469548683</K0>
      <K1>0.065704449791361558</K1>
      <K2>0.010000004959854354</K2>
      <MAXBAS>1</MAXBAS>
      <Cet>0</Cet>
      <PCALT>10</PCALT>
      <TCALT>0.6</TCALT>
      <Pelev>3349</Pelev>
      <Telev>2921</Telev>
      <PART>0.5</PART>
      <DELAY>1</DELAY>
    </SubCatchmentParameters>
    <SubCatchmentVegetationZone>
      <SubCatchmentVegetationZoneParameters>
        <TT>-1.4494255032385806</TT>
        <CFMAX>2.8789146286103859</CFMAX>
        <SP>0</SP>
        <SFCF>1.1183846511129838</SFCF>
        <CFR>4.19635711749448E-08</CFR>
        <CWH>0.10000008105531044</CWH>
        <CFGlacier>1</CFGlacier>
        <CFSlope>1</CFSlope>
        <FC>2135.615034985803</FC>
        <LP>0.87667859995203612</LP>
        <BETA>1.3328720572366619</BETA>
      </SubCatchmentVegetationZoneParameters>
    </SubCatchmentVegetationZone>
  </SubCatchment>
</Catchment>