<?xml version="1.0" encoding="utf-8"?>
<Catchment xmlns:xsi="http://www.w3.org/2001/XMLSchema-instance" xmlns:xsd="http://www.w3.org/2001/XMLSchema">
  <CatchmentParameters>
    <KSI>0.001</KSI>
    <KGmin>0.05</KGmin>
    <RangeKG>0.1</RangeKG>
    <AG>0.1</AG>
    <PERC>5.7322487527382107</PERC>
    <Alpha>0</Alpha>
    <UZL>100.77473034252053</UZL>
    <K0>0.31560093798165373</K0>
    <K1>0.052458095668001692</K1>
    <K2>0.032331729436077927</K2>
    <MAXBAS>1.0000560204070019</MAXBAS>
    <Cet>0</Cet>
    <PCALT>10</PCALT>
    <TCALT>0.6</TCALT>
    <Pelev>3349</Pelev>
    <Telev>2921</Telev>
    <PART>0.5</PART>
    <DELAY>1</DELAY>
  </CatchmentParameters>
  <VegetationZone>
    <VegetationZoneParameters>
      <TT>-0.42626141270535245</TT>
      <CFMAX>3.6314899905525513</CFMAX>
      <SP>0</SP>
      <SFCF>0.72869717323375238</SFCF>
      <CFR>4.7178234216519322E-05</CFR>
      <CWH>0.19999999956889755</CWH>
      <CFGlacier>1</CFGlacier>
      <CFSlope>1</CFSlope>
      <FC>84.323292935059726</FC>
      <LP>0.99937950041086676</LP>
      <BETA>1.2258557650802868</BETA>
    </VegetationZoneParameters>
  </VegetationZone>
  <SubCatchment>
    <SubCatchmentParameters>
      <KSI>0.001</KSI>
      <KGmin>0.05</KGmin>
      <RangeKG>0.1</RangeKG>
      <AG>0.1</AG>
      <PERC>5.7322487527382107</PERC>
      <Alpha>0</Alpha>
      <UZL>100.77473034252053</UZL>
      <K0>0.31560093798165373</K0>
      <K1>0.052458095668001692</K1>
      <K2>0.032331729436077927</K2>
      <MAXBAS>1.0000560204070019</MAXBAS>
      <Cet>0</Cet>
      <PCALT>10</PCALT>
      <TCALT>0.6</TCALT>
      <Pelev>3349</Pelev>
      <Telev>2921</Telev>
      <PART>0.5</PART>
      <DELAY>1</DELAY>
    </SubCatchmentParameters>
    <SubCatchmentVegetationZone>
      <SubCatchmentVegetationZoneParameters>
        <TT>-0.42626141270535245</TT>
        <CFMAX>3.6314899905525513</CFMAX>
        <SP>0</SP>
        <SFCF>0.72869717323375238</SFCF>
        <CFR>4.7178234216519322E-05</CFR>
        <CWH>0.19999999956889755</CWH>
        <CFGlacier>1</CFGlacier>
        <CFSlope>1</CFSlope>
        <FC>84.323292935059726</FC>
        <LP>0.99937950041086676</LP>
        <BETA>1.2258557650802868</BETA>
      </SubCatchmentVegetationZoneParameters>
    </SubCatchmentVegetationZone>
  </SubCatchment>
</Catchment>