<?xml version="1.0" encoding="utf-8"?>
<Catchment xmlns:xsi="http://www.w3.org/2001/XMLSchema-instance" xmlns:xsd="http://www.w3.org/2001/XMLSchema">
  <CatchmentParameters>
    <KSI>0.001</KSI>
    <KGmin>0.05</KGmin>
    <RangeKG>0.1</RangeKG>
    <AG>0.1</AG>
    <PERC>9.9999988613963229</PERC>
    <Alpha>0</Alpha>
    <UZL>70.1130427916162</UZL>
    <K0>0.60046115442658166</K0>
    <K1>0.17706217957692882</K1>
    <K2>0.038553185906429123</K2>
    <MAXBAS>1.0001379437414988</MAXBAS>
    <Cet>0</Cet>
    <PCALT>10</PCALT>
    <TCALT>0.6</TCALT>
    <Pelev>3349</Pelev>
    <Telev>2921</Telev>
    <PART>0.5</PART>
    <DELAY>1</DELAY>
  </CatchmentParameters>
  <VegetationZone>
    <VegetationZoneParameters>
      <TT>-1.7372249092130911</TT>
      <CFMAX>3.0356067054338074</CFMAX>
      <SP>0</SP>
      <SFCF>0.86670054728679358</SFCF>
      <CFR>0.074307228013884286</CFR>
      <CWH>0.19999917142482962</CWH>
      <CFGlacier>1</CFGlacier>
      <CFSlope>1</CFSlope>
      <FC>237.49030644515651</FC>
      <LP>0.81521441239740577</LP>
      <BETA>1.1582471499691152</BETA>
    </VegetationZoneParameters>
  </VegetationZone>
  <SubCatchment>
    <SubCatchmentParameters>
      <KSI>0.001</KSI>
      <KGmin>0.05</KGmin>
      <RangeKG>0.1</RangeKG>
      <AG>0.1</AG>
      <PERC>9.9999988613963229</PERC>
      <Alpha>0</Alpha>
      <UZL>70.1130427916162</UZL>
      <K0>0.60046115442658166</K0>
      <K1>0.17706217957692882</K1>
      <K2>0.038553185906429123</K2>
      <MAXBAS>1.0001379437414988</MAXBAS>
      <Cet>0</Cet>
      <PCALT>10</PCALT>
      <TCALT>0.6</TCALT>
      <Pelev>3349</Pelev>
      <Telev>2921</Telev>
      <PART>0.5</PART>
      <DELAY>1</DELAY>
    </SubCatchmentParameters>
    <SubCatchmentVegetationZone>
      <SubCatchmentVegetationZoneParameters>
        <TT>-1.7372249092130911</TT>
        <CFMAX>3.0356067054338074</CFMAX>
        <SP>0</SP>
        <SFCF>0.86670054728679358</SFCF>
        <CFR>0.074307228013884286</CFR>
        <CWH>0.19999917142482962</CWH>
        <CFGlacier>1</CFGlacier>
        <CFSlope>1</CFSlope>
        <FC>237.49030644515651</FC>
        <LP>0.81521441239740577</LP>
        <BETA>1.1582471499691152</BETA>
      </SubCatchmentVegetationZoneParameters>
    </SubCatchmentVegetationZone>
  </SubCatchment>
</Catchment>