<?xml version="1.0" encoding="utf-8"?>
<Catchment xmlns:xsi="http://www.w3.org/2001/XMLSchema-instance" xmlns:xsd="http://www.w3.org/2001/XMLSchema">
  <CatchmentParameters>
    <KSI>0.001</KSI>
    <KGmin>0.05</KGmin>
    <RangeKG>0.1</RangeKG>
    <AG>0.1</AG>
    <PERC>4.5173818794738212</PERC>
    <Alpha>0</Alpha>
    <UZL>61.63521110424243</UZL>
    <K0>0.068672232548504353</K0>
    <K1>0.22414131053219766</K1>
    <K2>0.042424658365026763</K2>
    <MAXBAS>1.00021548878023</MAXBAS>
    <Cet>0</Cet>
    <PCALT>10</PCALT>
    <TCALT>0.6</TCALT>
    <Pelev>3349</Pelev>
    <Telev>2921</Telev>
    <PART>0.5</PART>
    <DELAY>1</DELAY>
  </CatchmentParameters>
  <VegetationZone>
    <VegetationZoneParameters>
      <TT>-0.644005943240616</TT>
      <CFMAX>1.820114154395942</CFMAX>
      <SP>0</SP>
      <SFCF>0.6481886427768323</SFCF>
      <CFR>0.00031715658027543943</CFR>
      <CWH>0.16098592340117418</CWH>
      <CFGlacier>1</CFGlacier>
      <CFSlope>1</CFSlope>
      <FC>58.294637284553346</FC>
      <LP>0.5878422554824958</LP>
      <BETA>1.0002388284818058</BETA>
    </VegetationZoneParameters>
  </VegetationZone>
  <SubCatchment>
    <SubCatchmentParameters>
      <KSI>0.001</KSI>
      <KGmin>0.05</KGmin>
      <RangeKG>0.1</RangeKG>
      <AG>0.1</AG>
      <PERC>4.5173818794738212</PERC>
      <Alpha>0</Alpha>
      <UZL>61.63521110424243</UZL>
      <K0>0.068672232548504353</K0>
      <K1>0.22414131053219766</K1>
      <K2>0.042424658365026763</K2>
      <MAXBAS>1.00021548878023</MAXBAS>
      <Cet>0</Cet>
      <PCALT>10</PCALT>
      <TCALT>0.6</TCALT>
      <Pelev>3349</Pelev>
      <Telev>2921</Telev>
      <PART>0.5</PART>
      <DELAY>1</DELAY>
    </SubCatchmentParameters>
    <SubCatchmentVegetationZone>
      <SubCatchmentVegetationZoneParameters>
        <TT>-0.644005943240616</TT>
        <CFMAX>1.820114154395942</CFMAX>
        <SP>0</SP>
        <SFCF>0.6481886427768323</SFCF>
        <CFR>0.00031715658027543943</CFR>
        <CWH>0.16098592340117418</CWH>
        <CFGlacier>1</CFGlacier>
        <CFSlope>1</CFSlope>
        <FC>58.294637284553346</FC>
        <LP>0.5878422554824958</LP>
        <BETA>1.0002388284818058</BETA>
      </SubCatchmentVegetationZoneParameters>
    </SubCatchmentVegetationZone>
  </SubCatchment>
</Catchment>