<?xml version="1.0" encoding="utf-8"?>
<Catchment xmlns:xsi="http://www.w3.org/2001/XMLSchema-instance" xmlns:xsd="http://www.w3.org/2001/XMLSchema">
  <CatchmentParameters>
    <KSI>0.001</KSI>
    <KGmin>0.05</KGmin>
    <RangeKG>0.1</RangeKG>
    <AG>0.1</AG>
    <PERC>1.4235759870566243</PERC>
    <Alpha>0</Alpha>
    <UZL>75.54976905566744</UZL>
    <K0>0.326095933016023</K0>
    <K1>0.064170941844574572</K1>
    <K2>0.010000001265164302</K2>
    <MAXBAS>1</MAXBAS>
    <Cet>0</Cet>
    <PCALT>10</PCALT>
    <TCALT>0.6</TCALT>
    <Pelev>3349</Pelev>
    <Telev>2921</Telev>
    <PART>0.5</PART>
    <DELAY>1</DELAY>
  </CatchmentParameters>
  <VegetationZone>
    <VegetationZoneParameters>
      <TT>-1.5296134092322309</TT>
      <CFMAX>2.7743055977508257</CFMAX>
      <SP>0</SP>
      <SFCF>1.0972470464614765</SFCF>
      <CFR>1.5080553433813795E-08</CFR>
      <CWH>0.1000000375702223</CWH>
      <CFGlacier>1</CFGlacier>
      <CFSlope>1</CFSlope>
      <FC>1759.0303115203456</FC>
      <LP>0.92134187212678165</LP>
      <BETA>1.2894931891050374</BETA>
    </VegetationZoneParameters>
  </VegetationZone>
  <SubCatchment>
    <SubCatchmentParameters>
      <KSI>0.001</KSI>
      <KGmin>0.05</KGmin>
      <RangeKG>0.1</RangeKG>
      <AG>0.1</AG>
      <PERC>1.4235759870566243</PERC>
      <Alpha>0</Alpha>
      <UZL>75.54976905566744</UZL>
      <K0>0.326095933016023</K0>
      <K1>0.064170941844574572</K1>
      <K2>0.010000001265164302</K2>
      <MAXBAS>1</MAXBAS>
      <Cet>0</Cet>
      <PCALT>10</PCALT>
      <TCALT>0.6</TCALT>
      <Pelev>3349</Pelev>
      <Telev>2921</Telev>
      <PART>0.5</PART>
      <DELAY>1</DELAY>
    </SubCatchmentParameters>
    <SubCatchmentVegetationZone>
      <SubCatchmentVegetationZoneParameters>
        <TT>-1.5296134092322309</TT>
        <CFMAX>2.7743055977508257</CFMAX>
        <SP>0</SP>
        <SFCF>1.0972470464614765</SFCF>
        <CFR>1.5080553433813795E-08</CFR>
        <CWH>0.1000000375702223</CWH>
        <CFGlacier>1</CFGlacier>
        <CFSlope>1</CFSlope>
        <FC>1759.0303115203456</FC>
        <LP>0.92134187212678165</LP>
        <BETA>1.2894931891050374</BETA>
      </SubCatchmentVegetationZoneParameters>
    </SubCatchmentVegetationZone>
  </SubCatchment>
</Catchment>