<?xml version="1.0" encoding="utf-8"?>
<Catchment xmlns:xsi="http://www.w3.org/2001/XMLSchema-instance" xmlns:xsd="http://www.w3.org/2001/XMLSchema">
  <CatchmentParameters>
    <KSI>0.001</KSI>
    <KGmin>0.05</KGmin>
    <RangeKG>0.1</RangeKG>
    <AG>0.1</AG>
    <PERC>1.2759226964523569</PERC>
    <Alpha>0</Alpha>
    <UZL>76.716644824767727</UZL>
    <K0>0.30246373283272915</K0>
    <K1>0.055512278856705947</K1>
    <K2>0.010000002765947849</K2>
    <MAXBAS>1</MAXBAS>
    <Cet>0</Cet>
    <PCALT>10</PCALT>
    <TCALT>0.6</TCALT>
    <Pelev>3349</Pelev>
    <Telev>2921</Telev>
    <PART>0.5</PART>
    <DELAY>1</DELAY>
  </CatchmentParameters>
  <VegetationZone>
    <VegetationZoneParameters>
      <TT>-1.9966058058944127</TT>
      <CFMAX>2.62977668191426</CFMAX>
      <SP>0</SP>
      <SFCF>1.1815757705914223</SFCF>
      <CFR>0.00048491239619852581</CFR>
      <CWH>0.1000000005864774</CWH>
      <CFGlacier>1</CFGlacier>
      <CFSlope>1</CFSlope>
      <FC>2421.6402145638822</FC>
      <LP>0.90815199974431426</LP>
      <BETA>1.82515639137533</BETA>
    </VegetationZoneParameters>
  </VegetationZone>
  <SubCatchment>
    <SubCatchmentParameters>
      <KSI>0.001</KSI>
      <KGmin>0.05</KGmin>
      <RangeKG>0.1</RangeKG>
      <AG>0.1</AG>
      <PERC>1.2759226964523569</PERC>
      <Alpha>0</Alpha>
      <UZL>76.716644824767727</UZL>
      <K0>0.30246373283272915</K0>
      <K1>0.055512278856705947</K1>
      <K2>0.010000002765947849</K2>
      <MAXBAS>1</MAXBAS>
      <Cet>0</Cet>
      <PCALT>10</PCALT>
      <TCALT>0.6</TCALT>
      <Pelev>3349</Pelev>
      <Telev>2921</Telev>
      <PART>0.5</PART>
      <DELAY>1</DELAY>
    </SubCatchmentParameters>
    <SubCatchmentVegetationZone>
      <SubCatchmentVegetationZoneParameters>
        <TT>-1.9966058058944127</TT>
        <CFMAX>2.62977668191426</CFMAX>
        <SP>0</SP>
        <SFCF>1.1815757705914223</SFCF>
        <CFR>0.00048491239619852581</CFR>
        <CWH>0.1000000005864774</CWH>
        <CFGlacier>1</CFGlacier>
        <CFSlope>1</CFSlope>
        <FC>2421.6402145638822</FC>
        <LP>0.90815199974431426</LP>
        <BETA>1.82515639137533</BETA>
      </SubCatchmentVegetationZoneParameters>
    </SubCatchmentVegetationZone>
  </SubCatchment>
</Catchment>