<?xml version="1.0" encoding="utf-8"?>
<Catchment xmlns:xsi="http://www.w3.org/2001/XMLSchema-instance" xmlns:xsd="http://www.w3.org/2001/XMLSchema">
  <CatchmentParameters>
    <KSI>0.001</KSI>
    <KGmin>0.05</KGmin>
    <RangeKG>0.1</RangeKG>
    <AG>0.1</AG>
    <PERC>1.9229989597937378</PERC>
    <Alpha>0</Alpha>
    <UZL>188.32737407819852</UZL>
    <K0>0.15769604772929596</K0>
    <K1>0.069549015962684993</K1>
    <K2>0.010000008732616668</K2>
    <MAXBAS>1</MAXBAS>
    <Cet>0</Cet>
    <PCALT>10</PCALT>
    <TCALT>0.6</TCALT>
    <Pelev>3349</Pelev>
    <Telev>2921</Telev>
    <PART>0.5</PART>
    <DELAY>1</DELAY>
  </CatchmentParameters>
  <VegetationZone>
    <VegetationZoneParameters>
      <TT>-2.0355236350019794</TT>
      <CFMAX>3.7362490360686853</CFMAX>
      <SP>0</SP>
      <SFCF>1.2947521733264322</SFCF>
      <CFR>0.00026824468298094692</CFR>
      <CWH>0.10000001360955006</CWH>
      <CFGlacier>1</CFGlacier>
      <CFSlope>1</CFSlope>
      <FC>1359.2646817777891</FC>
      <LP>0.79805915095823521</LP>
      <BETA>1.6905110042285265</BETA>
    </VegetationZoneParameters>
  </VegetationZone>
  <SubCatchment>
    <SubCatchmentParameters>
      <KSI>0.001</KSI>
      <KGmin>0.05</KGmin>
      <RangeKG>0.1</RangeKG>
      <AG>0.1</AG>
      <PERC>1.9229989597937378</PERC>
      <Alpha>0</Alpha>
      <UZL>188.32737407819852</UZL>
      <K0>0.15769604772929596</K0>
      <K1>0.069549015962684993</K1>
      <K2>0.010000008732616668</K2>
      <MAXBAS>1</MAXBAS>
      <Cet>0</Cet>
      <PCALT>10</PCALT>
      <TCALT>0.6</TCALT>
      <Pelev>3349</Pelev>
      <Telev>2921</Telev>
      <PART>0.5</PART>
      <DELAY>1</DELAY>
    </SubCatchmentParameters>
    <SubCatchmentVegetationZone>
      <SubCatchmentVegetationZoneParameters>
        <TT>-2.0355236350019794</TT>
        <CFMAX>3.7362490360686853</CFMAX>
        <SP>0</SP>
        <SFCF>1.2947521733264322</SFCF>
        <CFR>0.00026824468298094692</CFR>
        <CWH>0.10000001360955006</CWH>
        <CFGlacier>1</CFGlacier>
        <CFSlope>1</CFSlope>
        <FC>1359.2646817777891</FC>
        <LP>0.79805915095823521</LP>
        <BETA>1.6905110042285265</BETA>
      </SubCatchmentVegetationZoneParameters>
    </SubCatchmentVegetationZone>
  </SubCatchment>
</Catchment>