<?xml version="1.0" encoding="utf-8"?>
<Catchment xmlns:xsi="http://www.w3.org/2001/XMLSchema-instance" xmlns:xsd="http://www.w3.org/2001/XMLSchema">
  <CatchmentParameters>
    <KSI>0.001</KSI>
    <KGmin>0.05</KGmin>
    <RangeKG>0.1</RangeKG>
    <AG>0.1</AG>
    <PERC>6.3919847139005377</PERC>
    <Alpha>0</Alpha>
    <UZL>181.51561066995365</UZL>
    <K0>0.51191893301197122</K0>
    <K1>0.23367625918030549</K1>
    <K2>0.060486606512463258</K2>
    <MAXBAS>1.0049515111296234</MAXBAS>
    <Cet>0</Cet>
    <PCALT>10</PCALT>
    <TCALT>0.6</TCALT>
    <Pelev>3349</Pelev>
    <Telev>2921</Telev>
    <PART>0.5</PART>
    <DELAY>1</DELAY>
  </CatchmentParameters>
  <VegetationZone>
    <VegetationZoneParameters>
      <TT>-0.48001137643249997</TT>
      <CFMAX>3.0188797672667649</CFMAX>
      <SP>0</SP>
      <SFCF>0.9442229742784235</SFCF>
      <CFR>0.00026354073075645636</CFR>
      <CWH>0.10000002896156386</CWH>
      <CFGlacier>1</CFGlacier>
      <CFSlope>1</CFSlope>
      <FC>999.99707956328109</FC>
      <LP>0.99998275576624907</LP>
      <BETA>1.0000473517777393</BETA>
    </VegetationZoneParameters>
  </VegetationZone>
  <SubCatchment>
    <SubCatchmentParameters>
      <KSI>0.001</KSI>
      <KGmin>0.05</KGmin>
      <RangeKG>0.1</RangeKG>
      <AG>0.1</AG>
      <PERC>6.3919847139005377</PERC>
      <Alpha>0</Alpha>
      <UZL>181.51561066995365</UZL>
      <K0>0.51191893301197122</K0>
      <K1>0.23367625918030549</K1>
      <K2>0.060486606512463258</K2>
      <MAXBAS>1.0049515111296234</MAXBAS>
      <Cet>0</Cet>
      <PCALT>10</PCALT>
      <TCALT>0.6</TCALT>
      <Pelev>3349</Pelev>
      <Telev>2921</Telev>
      <PART>0.5</PART>
      <DELAY>1</DELAY>
    </SubCatchmentParameters>
    <SubCatchmentVegetationZone>
      <SubCatchmentVegetationZoneParameters>
        <TT>-0.48001137643249997</TT>
        <CFMAX>3.0188797672667649</CFMAX>
        <SP>0</SP>
        <SFCF>0.9442229742784235</SFCF>
        <CFR>0.00026354073075645636</CFR>
        <CWH>0.10000002896156386</CWH>
        <CFGlacier>1</CFGlacier>
        <CFSlope>1</CFSlope>
        <FC>999.99707956328109</FC>
        <LP>0.99998275576624907</LP>
        <BETA>1.0000473517777393</BETA>
      </SubCatchmentVegetationZoneParameters>
    </SubCatchmentVegetationZone>
  </SubCatchment>
</Catchment>