<?xml version="1.0" encoding="utf-8"?>
<Catchment xmlns:xsi="http://www.w3.org/2001/XMLSchema-instance" xmlns:xsd="http://www.w3.org/2001/XMLSchema">
  <CatchmentParameters>
    <KSI>0.001</KSI>
    <KGmin>0.05</KGmin>
    <RangeKG>0.1</RangeKG>
    <AG>0.1</AG>
    <PERC>7.754159887728691</PERC>
    <Alpha>0</Alpha>
    <UZL>49.951092220970551</UZL>
    <K0>0.24301114689501682</K0>
    <K1>0.28233214427444048</K1>
    <K2>0.055183655769217112</K2>
    <MAXBAS>1.0050067223779751</MAXBAS>
    <Cet>0</Cet>
    <PCALT>10</PCALT>
    <TCALT>0.6</TCALT>
    <Pelev>3349</Pelev>
    <Telev>2921</Telev>
    <PART>0.5</PART>
    <DELAY>1</DELAY>
  </CatchmentParameters>
  <VegetationZone>
    <VegetationZoneParameters>
      <TT>-0.45068587809771349</TT>
      <CFMAX>2.4532868301347088</CFMAX>
      <SP>0</SP>
      <SFCF>0.7409481278411495</SFCF>
      <CFR>0.0055367525175482064</CFR>
      <CWH>0.1000000000337255</CWH>
      <CFGlacier>1</CFGlacier>
      <CFSlope>1</CFSlope>
      <FC>145.08752856181684</FC>
      <LP>0.96772448403405054</LP>
      <BETA>1.0000009137742758</BETA>
    </VegetationZoneParameters>
  </VegetationZone>
  <SubCatchment>
    <SubCatchmentParameters>
      <KSI>0.001</KSI>
      <KGmin>0.05</KGmin>
      <RangeKG>0.1</RangeKG>
      <AG>0.1</AG>
      <PERC>7.754159887728691</PERC>
      <Alpha>0</Alpha>
      <UZL>49.951092220970551</UZL>
      <K0>0.24301114689501682</K0>
      <K1>0.28233214427444048</K1>
      <K2>0.055183655769217112</K2>
      <MAXBAS>1.0050067223779751</MAXBAS>
      <Cet>0</Cet>
      <PCALT>10</PCALT>
      <TCALT>0.6</TCALT>
      <Pelev>3349</Pelev>
      <Telev>2921</Telev>
      <PART>0.5</PART>
      <DELAY>1</DELAY>
    </SubCatchmentParameters>
    <SubCatchmentVegetationZone>
      <SubCatchmentVegetationZoneParameters>
        <TT>-0.45068587809771349</TT>
        <CFMAX>2.4532868301347088</CFMAX>
        <SP>0</SP>
        <SFCF>0.7409481278411495</SFCF>
        <CFR>0.0055367525175482064</CFR>
        <CWH>0.1000000000337255</CWH>
        <CFGlacier>1</CFGlacier>
        <CFSlope>1</CFSlope>
        <FC>145.08752856181684</FC>
        <LP>0.96772448403405054</LP>
        <BETA>1.0000009137742758</BETA>
      </SubCatchmentVegetationZoneParameters>
    </SubCatchmentVegetationZone>
  </SubCatchment>
</Catchment>