<?xml version="1.0" encoding="utf-8"?>
<Catchment xmlns:xsi="http://www.w3.org/2001/XMLSchema-instance" xmlns:xsd="http://www.w3.org/2001/XMLSchema">
  <CatchmentParameters>
    <KSI>0.001</KSI>
    <KGmin>0.05</KGmin>
    <RangeKG>0.1</RangeKG>
    <AG>0.1</AG>
    <PERC>1.1317889730322523</PERC>
    <Alpha>0</Alpha>
    <UZL>157.04733316953031</UZL>
    <K0>0.20541079330863626</K0>
    <K1>0.040955447703662926</K1>
    <K2>0.010001060099985104</K2>
    <MAXBAS>1</MAXBAS>
    <Cet>0</Cet>
    <PCALT>10</PCALT>
    <TCALT>0.6</TCALT>
    <Pelev>3349</Pelev>
    <Telev>2921</Telev>
    <PART>0.5</PART>
    <DELAY>1</DELAY>
  </CatchmentParameters>
  <VegetationZone>
    <VegetationZoneParameters>
      <TT>-1.8980055245955498</TT>
      <CFMAX>3.8907657701497089</CFMAX>
      <SP>0</SP>
      <SFCF>1.15201051651647</SFCF>
      <CFR>1.6190026108119836E-07</CFR>
      <CWH>0.19999846211373429</CWH>
      <CFGlacier>1</CFGlacier>
      <CFSlope>1</CFSlope>
      <FC>1482.4486974588549</FC>
      <LP>0.89552760733405723</LP>
      <BETA>1.1472236730259871</BETA>
    </VegetationZoneParameters>
  </VegetationZone>
  <SubCatchment>
    <SubCatchmentParameters>
      <KSI>0.001</KSI>
      <KGmin>0.05</KGmin>
      <RangeKG>0.1</RangeKG>
      <AG>0.1</AG>
      <PERC>1.1317889730322523</PERC>
      <Alpha>0</Alpha>
      <UZL>157.04733316953031</UZL>
      <K0>0.20541079330863626</K0>
      <K1>0.040955447703662926</K1>
      <K2>0.010001060099985104</K2>
      <MAXBAS>1</MAXBAS>
      <Cet>0</Cet>
      <PCALT>10</PCALT>
      <TCALT>0.6</TCALT>
      <Pelev>3349</Pelev>
      <Telev>2921</Telev>
      <PART>0.5</PART>
      <DELAY>1</DELAY>
    </SubCatchmentParameters>
    <SubCatchmentVegetationZone>
      <SubCatchmentVegetationZoneParameters>
        <TT>-1.8980055245955498</TT>
        <CFMAX>3.8907657701497089</CFMAX>
        <SP>0</SP>
        <SFCF>1.15201051651647</SFCF>
        <CFR>1.6190026108119836E-07</CFR>
        <CWH>0.19999846211373429</CWH>
        <CFGlacier>1</CFGlacier>
        <CFSlope>1</CFSlope>
        <FC>1482.4486974588549</FC>
        <LP>0.89552760733405723</LP>
        <BETA>1.1472236730259871</BETA>
      </SubCatchmentVegetationZoneParameters>
    </SubCatchmentVegetationZone>
  </SubCatchment>
</Catchment>