<?xml version="1.0" encoding="utf-8"?>
<Catchment xmlns:xsi="http://www.w3.org/2001/XMLSchema-instance" xmlns:xsd="http://www.w3.org/2001/XMLSchema">
  <CatchmentParameters>
    <KSI>0.001</KSI>
    <KGmin>0.05</KGmin>
    <RangeKG>0.1</RangeKG>
    <AG>0.1</AG>
    <PERC>1.6096836959868242</PERC>
    <Alpha>0</Alpha>
    <UZL>41.73113150033997</UZL>
    <K0>0.25683810422501036</K0>
    <K1>0.10328162768514095</K1>
    <K2>0.010000004363152711</K2>
    <MAXBAS>1</MAXBAS>
    <Cet>0</Cet>
    <PCALT>10</PCALT>
    <TCALT>0.6</TCALT>
    <Pelev>3349</Pelev>
    <Telev>2921</Telev>
    <PART>0.5</PART>
    <DELAY>1</DELAY>
  </CatchmentParameters>
  <VegetationZone>
    <VegetationZoneParameters>
      <TT>-2.179954783571056</TT>
      <CFMAX>2.0881520514405891</CFMAX>
      <SP>0</SP>
      <SFCF>1.0891288337613896</SFCF>
      <CFR>0.00093204567612179988</CFR>
      <CWH>0.1344798817947245</CWH>
      <CFGlacier>1</CFGlacier>
      <CFSlope>1</CFSlope>
      <FC>2442.5978980334735</FC>
      <LP>0.83937603302977626</LP>
      <BETA>1.144403972699324</BETA>
    </VegetationZoneParameters>
  </VegetationZone>
  <SubCatchment>
    <SubCatchmentParameters>
      <KSI>0.001</KSI>
      <KGmin>0.05</KGmin>
      <RangeKG>0.1</RangeKG>
      <AG>0.1</AG>
      <PERC>1.6096836959868242</PERC>
      <Alpha>0</Alpha>
      <UZL>41.73113150033997</UZL>
      <K0>0.25683810422501036</K0>
      <K1>0.10328162768514095</K1>
      <K2>0.010000004363152711</K2>
      <MAXBAS>1</MAXBAS>
      <Cet>0</Cet>
      <PCALT>10</PCALT>
      <TCALT>0.6</TCALT>
      <Pelev>3349</Pelev>
      <Telev>2921</Telev>
      <PART>0.5</PART>
      <DELAY>1</DELAY>
    </SubCatchmentParameters>
    <SubCatchmentVegetationZone>
      <SubCatchmentVegetationZoneParameters>
        <TT>-2.179954783571056</TT>
        <CFMAX>2.0881520514405891</CFMAX>
        <SP>0</SP>
        <SFCF>1.0891288337613896</SFCF>
        <CFR>0.00093204567612179988</CFR>
        <CWH>0.1344798817947245</CWH>
        <CFGlacier>1</CFGlacier>
        <CFSlope>1</CFSlope>
        <FC>2442.5978980334735</FC>
        <LP>0.83937603302977626</LP>
        <BETA>1.144403972699324</BETA>
      </SubCatchmentVegetationZoneParameters>
    </SubCatchmentVegetationZone>
  </SubCatchment>
</Catchment>