<?xml version="1.0" encoding="utf-8"?>
<Catchment xmlns:xsi="http://www.w3.org/2001/XMLSchema-instance" xmlns:xsd="http://www.w3.org/2001/XMLSchema">
  <CatchmentParameters>
    <KSI>0.001</KSI>
    <KGmin>0.05</KGmin>
    <RangeKG>0.1</RangeKG>
    <AG>0.1</AG>
    <PERC>6.3998804590433851</PERC>
    <Alpha>0</Alpha>
    <UZL>93.342336810394514</UZL>
    <K0>0.12051040138020723</K0>
    <K1>0.24634121901395284</K1>
    <K2>0.0532533661850319</K2>
    <MAXBAS>1.0050380045238025</MAXBAS>
    <Cet>0</Cet>
    <PCALT>10</PCALT>
    <TCALT>0.6</TCALT>
    <Pelev>3349</Pelev>
    <Telev>2921</Telev>
    <PART>0.5</PART>
    <DELAY>1</DELAY>
  </CatchmentParameters>
  <VegetationZone>
    <VegetationZoneParameters>
      <TT>-0.87171080888825914</TT>
      <CFMAX>2.1169391527387469</CFMAX>
      <SP>0</SP>
      <SFCF>0.74627642370988012</SFCF>
      <CFR>0.0005318656362403297</CFR>
      <CWH>0.1000000200669084</CWH>
      <CFGlacier>1</CFGlacier>
      <CFSlope>1</CFSlope>
      <FC>126.06219297136603</FC>
      <LP>0.73489425961246935</LP>
      <BETA>1.0723593243015637</BETA>
    </VegetationZoneParameters>
  </VegetationZone>
  <SubCatchment>
    <SubCatchmentParameters>
      <KSI>0.001</KSI>
      <KGmin>0.05</KGmin>
      <RangeKG>0.1</RangeKG>
      <AG>0.1</AG>
      <PERC>6.3998804590433851</PERC>
      <Alpha>0</Alpha>
      <UZL>93.342336810394514</UZL>
      <K0>0.12051040138020723</K0>
      <K1>0.24634121901395284</K1>
      <K2>0.0532533661850319</K2>
      <MAXBAS>1.0050380045238025</MAXBAS>
      <Cet>0</Cet>
      <PCALT>10</PCALT>
      <TCALT>0.6</TCALT>
      <Pelev>3349</Pelev>
      <Telev>2921</Telev>
      <PART>0.5</PART>
      <DELAY>1</DELAY>
    </SubCatchmentParameters>
    <SubCatchmentVegetationZone>
      <SubCatchmentVegetationZoneParameters>
        <TT>-0.87171080888825914</TT>
        <CFMAX>2.1169391527387469</CFMAX>
        <SP>0</SP>
        <SFCF>0.74627642370988012</SFCF>
        <CFR>0.0005318656362403297</CFR>
        <CWH>0.1000000200669084</CWH>
        <CFGlacier>1</CFGlacier>
        <CFSlope>1</CFSlope>
        <FC>126.06219297136603</FC>
        <LP>0.73489425961246935</LP>
        <BETA>1.0723593243015637</BETA>
      </SubCatchmentVegetationZoneParameters>
    </SubCatchmentVegetationZone>
  </SubCatchment>
</Catchment>