<?xml version="1.0" encoding="utf-8"?>
<Catchment xmlns:xsi="http://www.w3.org/2001/XMLSchema-instance" xmlns:xsd="http://www.w3.org/2001/XMLSchema">
  <CatchmentParameters>
    <KSI>0.001</KSI>
    <KGmin>0.05</KGmin>
    <RangeKG>0.1</RangeKG>
    <AG>0.1</AG>
    <PERC>9.9999969429324977</PERC>
    <Alpha>0</Alpha>
    <UZL>80.445155997985978</UZL>
    <K0>0.61254250161759871</K0>
    <K1>0.15774039448801588</K1>
    <K2>0.0405655456275412</K2>
    <MAXBAS>1.0000095935582773</MAXBAS>
    <Cet>0</Cet>
    <PCALT>10</PCALT>
    <TCALT>0.6</TCALT>
    <Pelev>3349</Pelev>
    <Telev>2921</Telev>
    <PART>0.5</PART>
    <DELAY>1</DELAY>
  </CatchmentParameters>
  <VegetationZone>
    <VegetationZoneParameters>
      <TT>-0.86695676836540869</TT>
      <CFMAX>3.960740735681259</CFMAX>
      <SP>0</SP>
      <SFCF>0.84787966762307676</SFCF>
      <CFR>0.099996626936001851</CFR>
      <CWH>0.19999602143473219</CWH>
      <CFGlacier>1</CFGlacier>
      <CFSlope>1</CFSlope>
      <FC>289.17898678332381</FC>
      <LP>0.99999441746068518</LP>
      <BETA>1.0000003717027421</BETA>
    </VegetationZoneParameters>
  </VegetationZone>
  <SubCatchment>
    <SubCatchmentParameters>
      <KSI>0.001</KSI>
      <KGmin>0.05</KGmin>
      <RangeKG>0.1</RangeKG>
      <AG>0.1</AG>
      <PERC>9.9999969429324977</PERC>
      <Alpha>0</Alpha>
      <UZL>80.445155997985978</UZL>
      <K0>0.61254250161759871</K0>
      <K1>0.15774039448801588</K1>
      <K2>0.0405655456275412</K2>
      <MAXBAS>1.0000095935582773</MAXBAS>
      <Cet>0</Cet>
      <PCALT>10</PCALT>
      <TCALT>0.6</TCALT>
      <Pelev>3349</Pelev>
      <Telev>2921</Telev>
      <PART>0.5</PART>
      <DELAY>1</DELAY>
    </SubCatchmentParameters>
    <SubCatchmentVegetationZone>
      <SubCatchmentVegetationZoneParameters>
        <TT>-0.86695676836540869</TT>
        <CFMAX>3.960740735681259</CFMAX>
        <SP>0</SP>
        <SFCF>0.84787966762307676</SFCF>
        <CFR>0.099996626936001851</CFR>
        <CWH>0.19999602143473219</CWH>
        <CFGlacier>1</CFGlacier>
        <CFSlope>1</CFSlope>
        <FC>289.17898678332381</FC>
        <LP>0.99999441746068518</LP>
        <BETA>1.0000003717027421</BETA>
      </SubCatchmentVegetationZoneParameters>
    </SubCatchmentVegetationZone>
  </SubCatchment>
</Catchment>