<?xml version="1.0" encoding="utf-8"?>
<Catchment xmlns:xsi="http://www.w3.org/2001/XMLSchema-instance" xmlns:xsd="http://www.w3.org/2001/XMLSchema">
  <CatchmentParameters>
    <KSI>0.001</KSI>
    <KGmin>0.05</KGmin>
    <RangeKG>0.1</RangeKG>
    <AG>0.1</AG>
    <PERC>9.99996731578759</PERC>
    <Alpha>0</Alpha>
    <UZL>91.67179379111252</UZL>
    <K0>0.31514538879613124</K0>
    <K1>0.19723313502177792</K1>
    <K2>0.043876483948172777</K2>
    <MAXBAS>1.000028706874375</MAXBAS>
    <Cet>0</Cet>
    <PCALT>10</PCALT>
    <TCALT>0.6</TCALT>
    <Pelev>3349</Pelev>
    <Telev>2921</Telev>
    <PART>0.5</PART>
    <DELAY>1</DELAY>
  </CatchmentParameters>
  <VegetationZone>
    <VegetationZoneParameters>
      <TT>-1.4800036788643294</TT>
      <CFMAX>3.6439193055330441</CFMAX>
      <SP>0</SP>
      <SFCF>0.95803265082622635</SFCF>
      <CFR>0.056219158183630866</CFR>
      <CWH>0.1999999999958012</CWH>
      <CFGlacier>1</CFGlacier>
      <CFSlope>1</CFSlope>
      <FC>556.19902752651842</FC>
      <LP>0.99999488538013093</LP>
      <BETA>1.2318851444546792</BETA>
    </VegetationZoneParameters>
  </VegetationZone>
  <SubCatchment>
    <SubCatchmentParameters>
      <KSI>0.001</KSI>
      <KGmin>0.05</KGmin>
      <RangeKG>0.1</RangeKG>
      <AG>0.1</AG>
      <PERC>9.99996731578759</PERC>
      <Alpha>0</Alpha>
      <UZL>91.67179379111252</UZL>
      <K0>0.31514538879613124</K0>
      <K1>0.19723313502177792</K1>
      <K2>0.043876483948172777</K2>
      <MAXBAS>1.000028706874375</MAXBAS>
      <Cet>0</Cet>
      <PCALT>10</PCALT>
      <TCALT>0.6</TCALT>
      <Pelev>3349</Pelev>
      <Telev>2921</Telev>
      <PART>0.5</PART>
      <DELAY>1</DELAY>
    </SubCatchmentParameters>
    <SubCatchmentVegetationZone>
      <SubCatchmentVegetationZoneParameters>
        <TT>-1.4800036788643294</TT>
        <CFMAX>3.6439193055330441</CFMAX>
        <SP>0</SP>
        <SFCF>0.95803265082622635</SFCF>
        <CFR>0.056219158183630866</CFR>
        <CWH>0.1999999999958012</CWH>
        <CFGlacier>1</CFGlacier>
        <CFSlope>1</CFSlope>
        <FC>556.19902752651842</FC>
        <LP>0.99999488538013093</LP>
        <BETA>1.2318851444546792</BETA>
      </SubCatchmentVegetationZoneParameters>
    </SubCatchmentVegetationZone>
  </SubCatchment>
</Catchment>