<?xml version="1.0" encoding="utf-8"?>
<Catchment xmlns:xsi="http://www.w3.org/2001/XMLSchema-instance" xmlns:xsd="http://www.w3.org/2001/XMLSchema">
  <CatchmentParameters>
    <KSI>0.001</KSI>
    <KGmin>0.05</KGmin>
    <RangeKG>0.1</RangeKG>
    <AG>0.1</AG>
    <PERC>1.4479797381565243</PERC>
    <Alpha>0</Alpha>
    <UZL>129.21559359364377</UZL>
    <K0>0.18215191297760369</K0>
    <K1>0.044338242186655344</K1>
    <K2>0.01121426187257512</K2>
    <MAXBAS>1</MAXBAS>
    <Cet>0</Cet>
    <PCALT>10</PCALT>
    <TCALT>0.6</TCALT>
    <Pelev>3349</Pelev>
    <Telev>2921</Telev>
    <PART>0.5</PART>
    <DELAY>1</DELAY>
  </CatchmentParameters>
  <VegetationZone>
    <VegetationZoneParameters>
      <TT>-1.5439605515772736</TT>
      <CFMAX>3.96252884978273</CFMAX>
      <SP>0</SP>
      <SFCF>1.1167294198852904</SFCF>
      <CFR>4.153687295017098E-11</CFR>
      <CWH>0.16681934482369684</CWH>
      <CFGlacier>1</CFGlacier>
      <CFSlope>1</CFSlope>
      <FC>2375.8698908048514</FC>
      <LP>0.87138328086168038</LP>
      <BETA>1.2081575589902553</BETA>
    </VegetationZoneParameters>
  </VegetationZone>
  <SubCatchment>
    <SubCatchmentParameters>
      <KSI>0.001</KSI>
      <KGmin>0.05</KGmin>
      <RangeKG>0.1</RangeKG>
      <AG>0.1</AG>
      <PERC>1.4479797381565243</PERC>
      <Alpha>0</Alpha>
      <UZL>129.21559359364377</UZL>
      <K0>0.18215191297760369</K0>
      <K1>0.044338242186655344</K1>
      <K2>0.01121426187257512</K2>
      <MAXBAS>1</MAXBAS>
      <Cet>0</Cet>
      <PCALT>10</PCALT>
      <TCALT>0.6</TCALT>
      <Pelev>3349</Pelev>
      <Telev>2921</Telev>
      <PART>0.5</PART>
      <DELAY>1</DELAY>
    </SubCatchmentParameters>
    <SubCatchmentVegetationZone>
      <SubCatchmentVegetationZoneParameters>
        <TT>-1.5439605515772736</TT>
        <CFMAX>3.96252884978273</CFMAX>
        <SP>0</SP>
        <SFCF>1.1167294198852904</SFCF>
        <CFR>4.153687295017098E-11</CFR>
        <CWH>0.16681934482369684</CWH>
        <CFGlacier>1</CFGlacier>
        <CFSlope>1</CFSlope>
        <FC>2375.8698908048514</FC>
        <LP>0.87138328086168038</LP>
        <BETA>1.2081575589902553</BETA>
      </SubCatchmentVegetationZoneParameters>
    </SubCatchmentVegetationZone>
  </SubCatchment>
</Catchment>