<?xml version="1.0" encoding="utf-8"?>
<Catchment xmlns:xsi="http://www.w3.org/2001/XMLSchema-instance" xmlns:xsd="http://www.w3.org/2001/XMLSchema">
  <CatchmentParameters>
    <KSI>0.001</KSI>
    <KGmin>0.05</KGmin>
    <RangeKG>0.1</RangeKG>
    <AG>0.1</AG>
    <PERC>9.9999856079463356</PERC>
    <Alpha>0</Alpha>
    <UZL>168.06729981813507</UZL>
    <K0>0.28925328600306932</K0>
    <K1>0.17484762243012236</K1>
    <K2>0.048621576132807279</K2>
    <MAXBAS>1.0000045300833198</MAXBAS>
    <Cet>0</Cet>
    <PCALT>10</PCALT>
    <TCALT>0.6</TCALT>
    <Pelev>3349</Pelev>
    <Telev>2921</Telev>
    <PART>0.5</PART>
    <DELAY>1</DELAY>
  </CatchmentParameters>
  <VegetationZone>
    <VegetationZoneParameters>
      <TT>-0.079999688884747011</TT>
      <CFMAX>4.9999973264689874</CFMAX>
      <SP>0</SP>
      <SFCF>0.945862446355668</SFCF>
      <CFR>0.00016714603399867967</CFR>
      <CWH>0.19575669974736107</CWH>
      <CFGlacier>1</CFGlacier>
      <CFSlope>1</CFSlope>
      <FC>999.98891423529619</FC>
      <LP>0.99999646107419482</LP>
      <BETA>1.150638586070541</BETA>
    </VegetationZoneParameters>
  </VegetationZone>
  <SubCatchment>
    <SubCatchmentParameters>
      <KSI>0.001</KSI>
      <KGmin>0.05</KGmin>
      <RangeKG>0.1</RangeKG>
      <AG>0.1</AG>
      <PERC>9.9999856079463356</PERC>
      <Alpha>0</Alpha>
      <UZL>168.06729981813507</UZL>
      <K0>0.28925328600306932</K0>
      <K1>0.17484762243012236</K1>
      <K2>0.048621576132807279</K2>
      <MAXBAS>1.0000045300833198</MAXBAS>
      <Cet>0</Cet>
      <PCALT>10</PCALT>
      <TCALT>0.6</TCALT>
      <Pelev>3349</Pelev>
      <Telev>2921</Telev>
      <PART>0.5</PART>
      <DELAY>1</DELAY>
    </SubCatchmentParameters>
    <SubCatchmentVegetationZone>
      <SubCatchmentVegetationZoneParameters>
        <TT>-0.079999688884747011</TT>
        <CFMAX>4.9999973264689874</CFMAX>
        <SP>0</SP>
        <SFCF>0.945862446355668</SFCF>
        <CFR>0.00016714603399867967</CFR>
        <CWH>0.19575669974736107</CWH>
        <CFGlacier>1</CFGlacier>
        <CFSlope>1</CFSlope>
        <FC>999.98891423529619</FC>
        <LP>0.99999646107419482</LP>
        <BETA>1.150638586070541</BETA>
      </SubCatchmentVegetationZoneParameters>
    </SubCatchmentVegetationZone>
  </SubCatchment>
</Catchment>