<?xml version="1.0" encoding="utf-8"?>
<Catchment xmlns:xsi="http://www.w3.org/2001/XMLSchema-instance" xmlns:xsd="http://www.w3.org/2001/XMLSchema">
  <CatchmentParameters>
    <KSI>0.001</KSI>
    <KGmin>0.05</KGmin>
    <RangeKG>0.1</RangeKG>
    <AG>0.1</AG>
    <PERC>9.9999875470716155</PERC>
    <Alpha>0</Alpha>
    <UZL>155.49849538038421</UZL>
    <K0>0.31455916466910577</K0>
    <K1>0.20734412742025613</K1>
    <K2>0.046897464317304391</K2>
    <MAXBAS>1.0000830975523325</MAXBAS>
    <Cet>0</Cet>
    <PCALT>10</PCALT>
    <TCALT>0.6</TCALT>
    <Pelev>3349</Pelev>
    <Telev>2921</Telev>
    <PART>0.5</PART>
    <DELAY>1</DELAY>
  </CatchmentParameters>
  <VegetationZone>
    <VegetationZoneParameters>
      <TT>-0.87998889630828669</TT>
      <CFMAX>3.460536901709633</CFMAX>
      <SP>0</SP>
      <SFCF>0.78747668439677532</SFCF>
      <CFR>0.070791614403044378</CFR>
      <CWH>0.19999892529655441</CWH>
      <CFGlacier>1</CFGlacier>
      <CFSlope>1</CFSlope>
      <FC>244.73202040404232</FC>
      <LP>0.99999456140643028</LP>
      <BETA>1.0000012951795458</BETA>
    </VegetationZoneParameters>
  </VegetationZone>
  <SubCatchment>
    <SubCatchmentParameters>
      <KSI>0.001</KSI>
      <KGmin>0.05</KGmin>
      <RangeKG>0.1</RangeKG>
      <AG>0.1</AG>
      <PERC>9.9999875470716155</PERC>
      <Alpha>0</Alpha>
      <UZL>155.49849538038421</UZL>
      <K0>0.31455916466910577</K0>
      <K1>0.20734412742025613</K1>
      <K2>0.046897464317304391</K2>
      <MAXBAS>1.0000830975523325</MAXBAS>
      <Cet>0</Cet>
      <PCALT>10</PCALT>
      <TCALT>0.6</TCALT>
      <Pelev>3349</Pelev>
      <Telev>2921</Telev>
      <PART>0.5</PART>
      <DELAY>1</DELAY>
    </SubCatchmentParameters>
    <SubCatchmentVegetationZone>
      <SubCatchmentVegetationZoneParameters>
        <TT>-0.87998889630828669</TT>
        <CFMAX>3.460536901709633</CFMAX>
        <SP>0</SP>
        <SFCF>0.78747668439677532</SFCF>
        <CFR>0.070791614403044378</CFR>
        <CWH>0.19999892529655441</CWH>
        <CFGlacier>1</CFGlacier>
        <CFSlope>1</CFSlope>
        <FC>244.73202040404232</FC>
        <LP>0.99999456140643028</LP>
        <BETA>1.0000012951795458</BETA>
      </SubCatchmentVegetationZoneParameters>
    </SubCatchmentVegetationZone>
  </SubCatchment>
</Catchment>