<?xml version="1.0" encoding="utf-8"?>
<Catchment xmlns:xsi="http://www.w3.org/2001/XMLSchema-instance" xmlns:xsd="http://www.w3.org/2001/XMLSchema">
  <CatchmentParameters>
    <KSI>0.001</KSI>
    <KGmin>0.05</KGmin>
    <RangeKG>0.1</RangeKG>
    <AG>0.1</AG>
    <PERC>1.2155880206575114</PERC>
    <Alpha>0</Alpha>
    <UZL>87.188863990206954</UZL>
    <K0>0.31923116192111134</K0>
    <K1>0.05365470620463917</K1>
    <K2>0.01000333700576872</K2>
    <MAXBAS>1</MAXBAS>
    <Cet>0</Cet>
    <PCALT>10</PCALT>
    <TCALT>0.6</TCALT>
    <Pelev>3349</Pelev>
    <Telev>2921</Telev>
    <PART>0.5</PART>
    <DELAY>1</DELAY>
  </CatchmentParameters>
  <VegetationZone>
    <VegetationZoneParameters>
      <TT>-1.5203375104907735</TT>
      <CFMAX>2.9037778889634547</CFMAX>
      <SP>0</SP>
      <SFCF>1.1416951862298963</SFCF>
      <CFR>1.6638107890538383E-08</CFR>
      <CWH>0.10000001887657857</CWH>
      <CFGlacier>1</CFGlacier>
      <CFSlope>1</CFSlope>
      <FC>1952.7730198133568</FC>
      <LP>0.778843757814676</LP>
      <BETA>1.0530449706580434</BETA>
    </VegetationZoneParameters>
  </VegetationZone>
  <SubCatchment>
    <SubCatchmentParameters>
      <KSI>0.001</KSI>
      <KGmin>0.05</KGmin>
      <RangeKG>0.1</RangeKG>
      <AG>0.1</AG>
      <PERC>1.2155880206575114</PERC>
      <Alpha>0</Alpha>
      <UZL>87.188863990206954</UZL>
      <K0>0.31923116192111134</K0>
      <K1>0.05365470620463917</K1>
      <K2>0.01000333700576872</K2>
      <MAXBAS>1</MAXBAS>
      <Cet>0</Cet>
      <PCALT>10</PCALT>
      <TCALT>0.6</TCALT>
      <Pelev>3349</Pelev>
      <Telev>2921</Telev>
      <PART>0.5</PART>
      <DELAY>1</DELAY>
    </SubCatchmentParameters>
    <SubCatchmentVegetationZone>
      <SubCatchmentVegetationZoneParameters>
        <TT>-1.5203375104907735</TT>
        <CFMAX>2.9037778889634547</CFMAX>
        <SP>0</SP>
        <SFCF>1.1416951862298963</SFCF>
        <CFR>1.6638107890538383E-08</CFR>
        <CWH>0.10000001887657857</CWH>
        <CFGlacier>1</CFGlacier>
        <CFSlope>1</CFSlope>
        <FC>1952.7730198133568</FC>
        <LP>0.778843757814676</LP>
        <BETA>1.0530449706580434</BETA>
      </SubCatchmentVegetationZoneParameters>
    </SubCatchmentVegetationZone>
  </SubCatchment>
</Catchment>