<?xml version="1.0" encoding="utf-8"?>
<Catchment xmlns:xsi="http://www.w3.org/2001/XMLSchema-instance" xmlns:xsd="http://www.w3.org/2001/XMLSchema">
  <CatchmentParameters>
    <KSI>0.001</KSI>
    <KGmin>0.05</KGmin>
    <RangeKG>0.1</RangeKG>
    <AG>0.1</AG>
    <PERC>6.853167265189132</PERC>
    <Alpha>0</Alpha>
    <UZL>95.017196594170173</UZL>
    <K0>0.58968342920120642</K0>
    <K1>0.272224911369882</K1>
    <K2>0.04918090211239505</K2>
    <MAXBAS>1.0049235254063409</MAXBAS>
    <Cet>0</Cet>
    <PCALT>10</PCALT>
    <TCALT>0.6</TCALT>
    <Pelev>3349</Pelev>
    <Telev>2921</Telev>
    <PART>0.5</PART>
    <DELAY>1</DELAY>
  </CatchmentParameters>
  <VegetationZone>
    <VegetationZoneParameters>
      <TT>-0.94473726242925971</TT>
      <CFMAX>2.2001637971110903</CFMAX>
      <SP>0</SP>
      <SFCF>0.76039660857524249</SFCF>
      <CFR>0.016958744905262134</CFR>
      <CWH>0.10000009074699139</CWH>
      <CFGlacier>1</CFGlacier>
      <CFSlope>1</CFSlope>
      <FC>126.44326391483365</FC>
      <LP>0.61554213332485874</LP>
      <BETA>1.0000000148712274</BETA>
    </VegetationZoneParameters>
  </VegetationZone>
  <SubCatchment>
    <SubCatchmentParameters>
      <KSI>0.001</KSI>
      <KGmin>0.05</KGmin>
      <RangeKG>0.1</RangeKG>
      <AG>0.1</AG>
      <PERC>6.853167265189132</PERC>
      <Alpha>0</Alpha>
      <UZL>95.017196594170173</UZL>
      <K0>0.58968342920120642</K0>
      <K1>0.272224911369882</K1>
      <K2>0.04918090211239505</K2>
      <MAXBAS>1.0049235254063409</MAXBAS>
      <Cet>0</Cet>
      <PCALT>10</PCALT>
      <TCALT>0.6</TCALT>
      <Pelev>3349</Pelev>
      <Telev>2921</Telev>
      <PART>0.5</PART>
      <DELAY>1</DELAY>
    </SubCatchmentParameters>
    <SubCatchmentVegetationZone>
      <SubCatchmentVegetationZoneParameters>
        <TT>-0.94473726242925971</TT>
        <CFMAX>2.2001637971110903</CFMAX>
        <SP>0</SP>
        <SFCF>0.76039660857524249</SFCF>
        <CFR>0.016958744905262134</CFR>
        <CWH>0.10000009074699139</CWH>
        <CFGlacier>1</CFGlacier>
        <CFSlope>1</CFSlope>
        <FC>126.44326391483365</FC>
        <LP>0.61554213332485874</LP>
        <BETA>1.0000000148712274</BETA>
      </SubCatchmentVegetationZoneParameters>
    </SubCatchmentVegetationZone>
  </SubCatchment>
</Catchment>