<?xml version="1.0" encoding="utf-8"?>
<Catchment xmlns:xsi="http://www.w3.org/2001/XMLSchema-instance" xmlns:xsd="http://www.w3.org/2001/XMLSchema">
  <CatchmentParameters>
    <KSI>0.001</KSI>
    <KGmin>0.05</KGmin>
    <RangeKG>0.1</RangeKG>
    <AG>0.1</AG>
    <PERC>1.6022797639315665</PERC>
    <Alpha>0</Alpha>
    <UZL>51.788385015926423</UZL>
    <K0>0.19236352572030493</K0>
    <K1>0.0770717904170368</K1>
    <K2>0.010000006193333647</K2>
    <MAXBAS>1</MAXBAS>
    <Cet>0</Cet>
    <PCALT>10</PCALT>
    <TCALT>0.6</TCALT>
    <Pelev>3349</Pelev>
    <Telev>2921</Telev>
    <PART>0.5</PART>
    <DELAY>1</DELAY>
  </CatchmentParameters>
  <VegetationZone>
    <VegetationZoneParameters>
      <TT>-1.5406934476491843</TT>
      <CFMAX>2.8651738422258184</CFMAX>
      <SP>0</SP>
      <SFCF>1.1688349816843422</SFCF>
      <CFR>5.0706306605483562E-09</CFR>
      <CWH>0.10000001585492341</CWH>
      <CFGlacier>1</CFGlacier>
      <CFSlope>1</CFSlope>
      <FC>2048.3062698153758</FC>
      <LP>0.8289137137696958</LP>
      <BETA>1.3992327610716961</BETA>
    </VegetationZoneParameters>
  </VegetationZone>
  <SubCatchment>
    <SubCatchmentParameters>
      <KSI>0.001</KSI>
      <KGmin>0.05</KGmin>
      <RangeKG>0.1</RangeKG>
      <AG>0.1</AG>
      <PERC>1.6022797639315665</PERC>
      <Alpha>0</Alpha>
      <UZL>51.788385015926423</UZL>
      <K0>0.19236352572030493</K0>
      <K1>0.0770717904170368</K1>
      <K2>0.010000006193333647</K2>
      <MAXBAS>1</MAXBAS>
      <Cet>0</Cet>
      <PCALT>10</PCALT>
      <TCALT>0.6</TCALT>
      <Pelev>3349</Pelev>
      <Telev>2921</Telev>
      <PART>0.5</PART>
      <DELAY>1</DELAY>
    </SubCatchmentParameters>
    <SubCatchmentVegetationZone>
      <SubCatchmentVegetationZoneParameters>
        <TT>-1.5406934476491843</TT>
        <CFMAX>2.8651738422258184</CFMAX>
        <SP>0</SP>
        <SFCF>1.1688349816843422</SFCF>
        <CFR>5.0706306605483562E-09</CFR>
        <CWH>0.10000001585492341</CWH>
        <CFGlacier>1</CFGlacier>
        <CFSlope>1</CFSlope>
        <FC>2048.3062698153758</FC>
        <LP>0.8289137137696958</LP>
        <BETA>1.3992327610716961</BETA>
      </SubCatchmentVegetationZoneParameters>
    </SubCatchmentVegetationZone>
  </SubCatchment>
</Catchment>