<?xml version="1.0" encoding="utf-8"?>
<Catchment xmlns:xsi="http://www.w3.org/2001/XMLSchema-instance" xmlns:xsd="http://www.w3.org/2001/XMLSchema">
  <CatchmentParameters>
    <KSI>0.001</KSI>
    <KGmin>0.05</KGmin>
    <RangeKG>0.1</RangeKG>
    <AG>0.1</AG>
    <PERC>1.5468868242357765</PERC>
    <Alpha>0</Alpha>
    <UZL>69.881187879121754</UZL>
    <K0>0.2645585960607989</K0>
    <K1>0.069952724684732848</K1>
    <K2>0.010000001785034018</K2>
    <MAXBAS>1</MAXBAS>
    <Cet>0</Cet>
    <PCALT>10</PCALT>
    <TCALT>0.6</TCALT>
    <Pelev>3349</Pelev>
    <Telev>2921</Telev>
    <PART>0.5</PART>
    <DELAY>1</DELAY>
  </CatchmentParameters>
  <VegetationZone>
    <VegetationZoneParameters>
      <TT>-0.77998176920531548</TT>
      <CFMAX>3.3072826988821911</CFMAX>
      <SP>0</SP>
      <SFCF>1.1136484558208135</SFCF>
      <CFR>6.2204239068050465E-07</CFR>
      <CWH>0.10000005408089564</CWH>
      <CFGlacier>1</CFGlacier>
      <CFSlope>1</CFSlope>
      <FC>2218.2393041523765</FC>
      <LP>0.80847616689771273</LP>
      <BETA>1.1474821179069943</BETA>
    </VegetationZoneParameters>
  </VegetationZone>
  <SubCatchment>
    <SubCatchmentParameters>
      <KSI>0.001</KSI>
      <KGmin>0.05</KGmin>
      <RangeKG>0.1</RangeKG>
      <AG>0.1</AG>
      <PERC>1.5468868242357765</PERC>
      <Alpha>0</Alpha>
      <UZL>69.881187879121754</UZL>
      <K0>0.2645585960607989</K0>
      <K1>0.069952724684732848</K1>
      <K2>0.010000001785034018</K2>
      <MAXBAS>1</MAXBAS>
      <Cet>0</Cet>
      <PCALT>10</PCALT>
      <TCALT>0.6</TCALT>
      <Pelev>3349</Pelev>
      <Telev>2921</Telev>
      <PART>0.5</PART>
      <DELAY>1</DELAY>
    </SubCatchmentParameters>
    <SubCatchmentVegetationZone>
      <SubCatchmentVegetationZoneParameters>
        <TT>-0.77998176920531548</TT>
        <CFMAX>3.3072826988821911</CFMAX>
        <SP>0</SP>
        <SFCF>1.1136484558208135</SFCF>
        <CFR>6.2204239068050465E-07</CFR>
        <CWH>0.10000005408089564</CWH>
        <CFGlacier>1</CFGlacier>
        <CFSlope>1</CFSlope>
        <FC>2218.2393041523765</FC>
        <LP>0.80847616689771273</LP>
        <BETA>1.1474821179069943</BETA>
      </SubCatchmentVegetationZoneParameters>
    </SubCatchmentVegetationZone>
  </SubCatchment>
</Catchment>