<?xml version="1.0" encoding="utf-8"?>
<Catchment xmlns:xsi="http://www.w3.org/2001/XMLSchema-instance" xmlns:xsd="http://www.w3.org/2001/XMLSchema">
  <CatchmentParameters>
    <KSI>0.001</KSI>
    <KGmin>0.05</KGmin>
    <RangeKG>0.1</RangeKG>
    <AG>0.1</AG>
    <PERC>9.9106904744984341</PERC>
    <Alpha>0</Alpha>
    <UZL>132.61238685942359</UZL>
    <K0>0.37283971191970511</K0>
    <K1>0.17911534782280647</K1>
    <K2>0.045202401494873028</K2>
    <MAXBAS>1.0000158784545785</MAXBAS>
    <Cet>0</Cet>
    <PCALT>10</PCALT>
    <TCALT>0.6</TCALT>
    <Pelev>3349</Pelev>
    <Telev>2921</Telev>
    <PART>0.5</PART>
    <DELAY>1</DELAY>
  </CatchmentParameters>
  <VegetationZone>
    <VegetationZoneParameters>
      <TT>-0.38000261114939393</TT>
      <CFMAX>4.5027294145734329</CFMAX>
      <SP>0</SP>
      <SFCF>0.914530378921733</SFCF>
      <CFR>9.1896602105151018E-05</CFR>
      <CWH>0.19999994832236828</CWH>
      <CFGlacier>1</CFGlacier>
      <CFSlope>1</CFSlope>
      <FC>570.19342993181579</FC>
      <LP>0.99999788498830144</LP>
      <BETA>1.000000008463271</BETA>
    </VegetationZoneParameters>
  </VegetationZone>
  <SubCatchment>
    <SubCatchmentParameters>
      <KSI>0.001</KSI>
      <KGmin>0.05</KGmin>
      <RangeKG>0.1</RangeKG>
      <AG>0.1</AG>
      <PERC>9.9106904744984341</PERC>
      <Alpha>0</Alpha>
      <UZL>132.61238685942359</UZL>
      <K0>0.37283971191970511</K0>
      <K1>0.17911534782280647</K1>
      <K2>0.045202401494873028</K2>
      <MAXBAS>1.0000158784545785</MAXBAS>
      <Cet>0</Cet>
      <PCALT>10</PCALT>
      <TCALT>0.6</TCALT>
      <Pelev>3349</Pelev>
      <Telev>2921</Telev>
      <PART>0.5</PART>
      <DELAY>1</DELAY>
    </SubCatchmentParameters>
    <SubCatchmentVegetationZone>
      <SubCatchmentVegetationZoneParameters>
        <TT>-0.38000261114939393</TT>
        <CFMAX>4.5027294145734329</CFMAX>
        <SP>0</SP>
        <SFCF>0.914530378921733</SFCF>
        <CFR>9.1896602105151018E-05</CFR>
        <CWH>0.19999994832236828</CWH>
        <CFGlacier>1</CFGlacier>
        <CFSlope>1</CFSlope>
        <FC>570.19342993181579</FC>
        <LP>0.99999788498830144</LP>
        <BETA>1.000000008463271</BETA>
      </SubCatchmentVegetationZoneParameters>
    </SubCatchmentVegetationZone>
  </SubCatchment>
</Catchment>