<?xml version="1.0" encoding="utf-8"?>
<Catchment xmlns:xsi="http://www.w3.org/2001/XMLSchema-instance" xmlns:xsd="http://www.w3.org/2001/XMLSchema">
  <CatchmentParameters>
    <KSI>0.001</KSI>
    <KGmin>0.05</KGmin>
    <RangeKG>0.1</RangeKG>
    <AG>0.1</AG>
    <PERC>1.1407137914277838</PERC>
    <Alpha>0</Alpha>
    <UZL>154.70558659165411</UZL>
    <K0>0.19212962836662187</K0>
    <K1>0.038169672052742708</K1>
    <K2>0.010000004746460648</K2>
    <MAXBAS>1</MAXBAS>
    <Cet>0</Cet>
    <PCALT>10</PCALT>
    <TCALT>0.6</TCALT>
    <Pelev>3349</Pelev>
    <Telev>2921</Telev>
    <PART>0.5</PART>
    <DELAY>1</DELAY>
  </CatchmentParameters>
  <VegetationZone>
    <VegetationZoneParameters>
      <TT>-1.9916184605719081</TT>
      <CFMAX>4.2281721043720344</CFMAX>
      <SP>0</SP>
      <SFCF>1.3117017990323368</SFCF>
      <CFR>1.8946104986615688E-07</CFR>
      <CWH>0.10000062915367416</CWH>
      <CFGlacier>1</CFGlacier>
      <CFSlope>1</CFSlope>
      <FC>2353.28360070004</FC>
      <LP>0.92192604699051439</LP>
      <BETA>2.5005451783788253</BETA>
    </VegetationZoneParameters>
  </VegetationZone>
  <SubCatchment>
    <SubCatchmentParameters>
      <KSI>0.001</KSI>
      <KGmin>0.05</KGmin>
      <RangeKG>0.1</RangeKG>
      <AG>0.1</AG>
      <PERC>1.1407137914277838</PERC>
      <Alpha>0</Alpha>
      <UZL>154.70558659165411</UZL>
      <K0>0.19212962836662187</K0>
      <K1>0.038169672052742708</K1>
      <K2>0.010000004746460648</K2>
      <MAXBAS>1</MAXBAS>
      <Cet>0</Cet>
      <PCALT>10</PCALT>
      <TCALT>0.6</TCALT>
      <Pelev>3349</Pelev>
      <Telev>2921</Telev>
      <PART>0.5</PART>
      <DELAY>1</DELAY>
    </SubCatchmentParameters>
    <SubCatchmentVegetationZone>
      <SubCatchmentVegetationZoneParameters>
        <TT>-1.9916184605719081</TT>
        <CFMAX>4.2281721043720344</CFMAX>
        <SP>0</SP>
        <SFCF>1.3117017990323368</SFCF>
        <CFR>1.8946104986615688E-07</CFR>
        <CWH>0.10000062915367416</CWH>
        <CFGlacier>1</CFGlacier>
        <CFSlope>1</CFSlope>
        <FC>2353.28360070004</FC>
        <LP>0.92192604699051439</LP>
        <BETA>2.5005451783788253</BETA>
      </SubCatchmentVegetationZoneParameters>
    </SubCatchmentVegetationZone>
  </SubCatchment>
</Catchment>