<?xml version="1.0" encoding="utf-8"?>
<Catchment xmlns:xsi="http://www.w3.org/2001/XMLSchema-instance" xmlns:xsd="http://www.w3.org/2001/XMLSchema">
  <CatchmentParameters>
    <KSI>0.001</KSI>
    <KGmin>0.05</KGmin>
    <RangeKG>0.1</RangeKG>
    <AG>0.1</AG>
    <PERC>1.2286235712730209</PERC>
    <Alpha>0</Alpha>
    <UZL>153.84774341365059</UZL>
    <K0>0.24429405038847427</K0>
    <K1>0.041059511560579486</K1>
    <K2>0.011611365404973264</K2>
    <MAXBAS>1</MAXBAS>
    <Cet>0</Cet>
    <PCALT>10</PCALT>
    <TCALT>0.6</TCALT>
    <Pelev>3349</Pelev>
    <Telev>2921</Telev>
    <PART>0.5</PART>
    <DELAY>1</DELAY>
  </CatchmentParameters>
  <VegetationZone>
    <VegetationZoneParameters>
      <TT>-1.3727805961303559</TT>
      <CFMAX>4.3993890511723981</CFMAX>
      <SP>0</SP>
      <SFCF>1.1442932212370369</SFCF>
      <CFR>3.3277845117845532E-08</CFR>
      <CWH>0.10418375762201811</CWH>
      <CFGlacier>1</CFGlacier>
      <CFSlope>1</CFSlope>
      <FC>2013.347869004177</FC>
      <LP>0.88967405893165208</LP>
      <BETA>1.2657989069277087</BETA>
    </VegetationZoneParameters>
  </VegetationZone>
  <SubCatchment>
    <SubCatchmentParameters>
      <KSI>0.001</KSI>
      <KGmin>0.05</KGmin>
      <RangeKG>0.1</RangeKG>
      <AG>0.1</AG>
      <PERC>1.2286235712730209</PERC>
      <Alpha>0</Alpha>
      <UZL>153.84774341365059</UZL>
      <K0>0.24429405038847427</K0>
      <K1>0.041059511560579486</K1>
      <K2>0.011611365404973264</K2>
      <MAXBAS>1</MAXBAS>
      <Cet>0</Cet>
      <PCALT>10</PCALT>
      <TCALT>0.6</TCALT>
      <Pelev>3349</Pelev>
      <Telev>2921</Telev>
      <PART>0.5</PART>
      <DELAY>1</DELAY>
    </SubCatchmentParameters>
    <SubCatchmentVegetationZone>
      <SubCatchmentVegetationZoneParameters>
        <TT>-1.3727805961303559</TT>
        <CFMAX>4.3993890511723981</CFMAX>
        <SP>0</SP>
        <SFCF>1.1442932212370369</SFCF>
        <CFR>3.3277845117845532E-08</CFR>
        <CWH>0.10418375762201811</CWH>
        <CFGlacier>1</CFGlacier>
        <CFSlope>1</CFSlope>
        <FC>2013.347869004177</FC>
        <LP>0.88967405893165208</LP>
        <BETA>1.2657989069277087</BETA>
      </SubCatchmentVegetationZoneParameters>
    </SubCatchmentVegetationZone>
  </SubCatchment>
</Catchment>