<?xml version="1.0" encoding="utf-8"?>
<Catchment xmlns:xsi="http://www.w3.org/2001/XMLSchema-instance" xmlns:xsd="http://www.w3.org/2001/XMLSchema">
  <CatchmentParameters>
    <KSI>0.001</KSI>
    <KGmin>0.05</KGmin>
    <RangeKG>0.1</RangeKG>
    <AG>0.1</AG>
    <PERC>7.557410365143939</PERC>
    <Alpha>0</Alpha>
    <UZL>78.81622320573436</UZL>
    <K0>0.10325945012639036</K0>
    <K1>0.3028212561495941</K1>
    <K2>0.064931892433273575</K2>
    <MAXBAS>1.004902618786651</MAXBAS>
    <Cet>0</Cet>
    <PCALT>10</PCALT>
    <TCALT>0.6</TCALT>
    <Pelev>3349</Pelev>
    <Telev>2921</Telev>
    <PART>0.5</PART>
    <DELAY>1</DELAY>
  </CatchmentParameters>
  <VegetationZone>
    <VegetationZoneParameters>
      <TT>-0.37629722915026081</TT>
      <CFMAX>2.6902861379481857</CFMAX>
      <SP>0</SP>
      <SFCF>0.789870865652677</SFCF>
      <CFR>0.00018153459368909516</CFR>
      <CWH>0.10000000641307531</CWH>
      <CFGlacier>1</CFGlacier>
      <CFSlope>1</CFSlope>
      <FC>253.56600111197486</FC>
      <LP>0.99999391741226373</LP>
      <BETA>1.0000007746990536</BETA>
    </VegetationZoneParameters>
  </VegetationZone>
  <SubCatchment>
    <SubCatchmentParameters>
      <KSI>0.001</KSI>
      <KGmin>0.05</KGmin>
      <RangeKG>0.1</RangeKG>
      <AG>0.1</AG>
      <PERC>7.557410365143939</PERC>
      <Alpha>0</Alpha>
      <UZL>78.81622320573436</UZL>
      <K0>0.10325945012639036</K0>
      <K1>0.3028212561495941</K1>
      <K2>0.064931892433273575</K2>
      <MAXBAS>1.004902618786651</MAXBAS>
      <Cet>0</Cet>
      <PCALT>10</PCALT>
      <TCALT>0.6</TCALT>
      <Pelev>3349</Pelev>
      <Telev>2921</Telev>
      <PART>0.5</PART>
      <DELAY>1</DELAY>
    </SubCatchmentParameters>
    <SubCatchmentVegetationZone>
      <SubCatchmentVegetationZoneParameters>
        <TT>-0.37629722915026081</TT>
        <CFMAX>2.6902861379481857</CFMAX>
        <SP>0</SP>
        <SFCF>0.789870865652677</SFCF>
        <CFR>0.00018153459368909516</CFR>
        <CWH>0.10000000641307531</CWH>
        <CFGlacier>1</CFGlacier>
        <CFSlope>1</CFSlope>
        <FC>253.56600111197486</FC>
        <LP>0.99999391741226373</LP>
        <BETA>1.0000007746990536</BETA>
      </SubCatchmentVegetationZoneParameters>
    </SubCatchmentVegetationZone>
  </SubCatchment>
</Catchment>