<?xml version="1.0" encoding="utf-8"?>
<Catchment xmlns:xsi="http://www.w3.org/2001/XMLSchema-instance" xmlns:xsd="http://www.w3.org/2001/XMLSchema">
  <CatchmentParameters>
    <KSI>0.001</KSI>
    <KGmin>0.05</KGmin>
    <RangeKG>0.1</RangeKG>
    <AG>0.1</AG>
    <PERC>6.5428557760266992</PERC>
    <Alpha>0</Alpha>
    <UZL>73.836476291893419</UZL>
    <K0>0.58835703358832037</K0>
    <K1>0.23854889062878648</K1>
    <K2>0.048905037908295791</K2>
    <MAXBAS>1.0049401477565969</MAXBAS>
    <Cet>0</Cet>
    <PCALT>10</PCALT>
    <TCALT>0.6</TCALT>
    <Pelev>3349</Pelev>
    <Telev>2921</Telev>
    <PART>0.5</PART>
    <DELAY>1</DELAY>
  </CatchmentParameters>
  <VegetationZone>
    <VegetationZoneParameters>
      <TT>-0.480000259852276</TT>
      <CFMAX>2.1993630081713582</CFMAX>
      <SP>0</SP>
      <SFCF>0.70713189146138633</SFCF>
      <CFR>0.00020910954212307047</CFR>
      <CWH>0.10000093643875956</CWH>
      <CFGlacier>1</CFGlacier>
      <CFSlope>1</CFSlope>
      <FC>96.954705891635612</FC>
      <LP>0.821132198392091</LP>
      <BETA>1.0006673165125568</BETA>
    </VegetationZoneParameters>
  </VegetationZone>
  <SubCatchment>
    <SubCatchmentParameters>
      <KSI>0.001</KSI>
      <KGmin>0.05</KGmin>
      <RangeKG>0.1</RangeKG>
      <AG>0.1</AG>
      <PERC>6.5428557760266992</PERC>
      <Alpha>0</Alpha>
      <UZL>73.836476291893419</UZL>
      <K0>0.58835703358832037</K0>
      <K1>0.23854889062878648</K1>
      <K2>0.048905037908295791</K2>
      <MAXBAS>1.0049401477565969</MAXBAS>
      <Cet>0</Cet>
      <PCALT>10</PCALT>
      <TCALT>0.6</TCALT>
      <Pelev>3349</Pelev>
      <Telev>2921</Telev>
      <PART>0.5</PART>
      <DELAY>1</DELAY>
    </SubCatchmentParameters>
    <SubCatchmentVegetationZone>
      <SubCatchmentVegetationZoneParameters>
        <TT>-0.480000259852276</TT>
        <CFMAX>2.1993630081713582</CFMAX>
        <SP>0</SP>
        <SFCF>0.70713189146138633</SFCF>
        <CFR>0.00020910954212307047</CFR>
        <CWH>0.10000093643875956</CWH>
        <CFGlacier>1</CFGlacier>
        <CFSlope>1</CFSlope>
        <FC>96.954705891635612</FC>
        <LP>0.821132198392091</LP>
        <BETA>1.0006673165125568</BETA>
      </SubCatchmentVegetationZoneParameters>
    </SubCatchmentVegetationZone>
  </SubCatchment>
</Catchment>