<?xml version="1.0" encoding="utf-8"?>
<Catchment xmlns:xsi="http://www.w3.org/2001/XMLSchema-instance" xmlns:xsd="http://www.w3.org/2001/XMLSchema">
  <CatchmentParameters>
    <KSI>0.001</KSI>
    <KGmin>0.05</KGmin>
    <RangeKG>0.1</RangeKG>
    <AG>0.1</AG>
    <PERC>9.9999900075820367</PERC>
    <Alpha>0</Alpha>
    <UZL>185.77738866799689</UZL>
    <K0>0.091574168317604079</K0>
    <K1>0.17482746127465784</K1>
    <K2>0.04055016672008066</K2>
    <MAXBAS>1.0000171696374594</MAXBAS>
    <Cet>0</Cet>
    <PCALT>10</PCALT>
    <TCALT>0.6</TCALT>
    <Pelev>3349</Pelev>
    <Telev>2921</Telev>
    <PART>0.5</PART>
    <DELAY>1</DELAY>
  </CatchmentParameters>
  <VegetationZone>
    <VegetationZoneParameters>
      <TT>-1.3980173236848688</TT>
      <CFMAX>3.45520204868122</CFMAX>
      <SP>0</SP>
      <SFCF>0.87039935286662817</SFCF>
      <CFR>0.0892740342812789</CFR>
      <CWH>0.19999912129351974</CWH>
      <CFGlacier>1</CFGlacier>
      <CFSlope>1</CFSlope>
      <FC>307.85476556235358</FC>
      <LP>0.99999527541614508</LP>
      <BETA>1.1384240320545238</BETA>
    </VegetationZoneParameters>
  </VegetationZone>
  <SubCatchment>
    <SubCatchmentParameters>
      <KSI>0.001</KSI>
      <KGmin>0.05</KGmin>
      <RangeKG>0.1</RangeKG>
      <AG>0.1</AG>
      <PERC>9.9999900075820367</PERC>
      <Alpha>0</Alpha>
      <UZL>185.77738866799689</UZL>
      <K0>0.091574168317604079</K0>
      <K1>0.17482746127465784</K1>
      <K2>0.04055016672008066</K2>
      <MAXBAS>1.0000171696374594</MAXBAS>
      <Cet>0</Cet>
      <PCALT>10</PCALT>
      <TCALT>0.6</TCALT>
      <Pelev>3349</Pelev>
      <Telev>2921</Telev>
      <PART>0.5</PART>
      <DELAY>1</DELAY>
    </SubCatchmentParameters>
    <SubCatchmentVegetationZone>
      <SubCatchmentVegetationZoneParameters>
        <TT>-1.3980173236848688</TT>
        <CFMAX>3.45520204868122</CFMAX>
        <SP>0</SP>
        <SFCF>0.87039935286662817</SFCF>
        <CFR>0.0892740342812789</CFR>
        <CWH>0.19999912129351974</CWH>
        <CFGlacier>1</CFGlacier>
        <CFSlope>1</CFSlope>
        <FC>307.85476556235358</FC>
        <LP>0.99999527541614508</LP>
        <BETA>1.1384240320545238</BETA>
      </SubCatchmentVegetationZoneParameters>
    </SubCatchmentVegetationZone>
  </SubCatchment>
</Catchment>