<?xml version="1.0" encoding="utf-8"?>
<Catchment xmlns:xsi="http://www.w3.org/2001/XMLSchema-instance" xmlns:xsd="http://www.w3.org/2001/XMLSchema">
  <CatchmentParameters>
    <KSI>0.001</KSI>
    <KGmin>0.05</KGmin>
    <RangeKG>0.1</RangeKG>
    <AG>0.1</AG>
    <PERC>9.99999702347817</PERC>
    <Alpha>0</Alpha>
    <UZL>139.98130983736795</UZL>
    <K0>0.83215055278642946</K0>
    <K1>0.20390112396954271</K1>
    <K2>0.046274505064414433</K2>
    <MAXBAS>1.0000129455746794</MAXBAS>
    <Cet>0</Cet>
    <PCALT>10</PCALT>
    <TCALT>0.6</TCALT>
    <Pelev>3349</Pelev>
    <Telev>2921</Telev>
    <PART>0.5</PART>
    <DELAY>1</DELAY>
  </CatchmentParameters>
  <VegetationZone>
    <VegetationZoneParameters>
      <TT>-1.3852324871896133</TT>
      <CFMAX>4.1263787690567737</CFMAX>
      <SP>0</SP>
      <SFCF>1.0674600717789731</SFCF>
      <CFR>0.022192673566147195</CFR>
      <CWH>0.19999950776281786</CWH>
      <CFGlacier>1</CFGlacier>
      <CFSlope>1</CFSlope>
      <FC>999.99579268831189</FC>
      <LP>0.95271832265703427</LP>
      <BETA>1.5711227445417535</BETA>
    </VegetationZoneParameters>
  </VegetationZone>
  <SubCatchment>
    <SubCatchmentParameters>
      <KSI>0.001</KSI>
      <KGmin>0.05</KGmin>
      <RangeKG>0.1</RangeKG>
      <AG>0.1</AG>
      <PERC>9.99999702347817</PERC>
      <Alpha>0</Alpha>
      <UZL>139.98130983736795</UZL>
      <K0>0.83215055278642946</K0>
      <K1>0.20390112396954271</K1>
      <K2>0.046274505064414433</K2>
      <MAXBAS>1.0000129455746794</MAXBAS>
      <Cet>0</Cet>
      <PCALT>10</PCALT>
      <TCALT>0.6</TCALT>
      <Pelev>3349</Pelev>
      <Telev>2921</Telev>
      <PART>0.5</PART>
      <DELAY>1</DELAY>
    </SubCatchmentParameters>
    <SubCatchmentVegetationZone>
      <SubCatchmentVegetationZoneParameters>
        <TT>-1.3852324871896133</TT>
        <CFMAX>4.1263787690567737</CFMAX>
        <SP>0</SP>
        <SFCF>1.0674600717789731</SFCF>
        <CFR>0.022192673566147195</CFR>
        <CWH>0.19999950776281786</CWH>
        <CFGlacier>1</CFGlacier>
        <CFSlope>1</CFSlope>
        <FC>999.99579268831189</FC>
        <LP>0.95271832265703427</LP>
        <BETA>1.5711227445417535</BETA>
      </SubCatchmentVegetationZoneParameters>
    </SubCatchmentVegetationZone>
  </SubCatchment>
</Catchment>