<?xml version="1.0" encoding="utf-8"?>
<Catchment xmlns:xsi="http://www.w3.org/2001/XMLSchema-instance" xmlns:xsd="http://www.w3.org/2001/XMLSchema">
  <CatchmentParameters>
    <KSI>0.001</KSI>
    <KGmin>0.05</KGmin>
    <RangeKG>0.1</RangeKG>
    <AG>0.1</AG>
    <PERC>1.4495353959578246</PERC>
    <Alpha>0</Alpha>
    <UZL>149.519356513406</UZL>
    <K0>0.18379706470012519</K0>
    <K1>0.043278002599770812</K1>
    <K2>0.010000000830996961</K2>
    <MAXBAS>1</MAXBAS>
    <Cet>0</Cet>
    <PCALT>10</PCALT>
    <TCALT>0.6</TCALT>
    <Pelev>3349</Pelev>
    <Telev>2921</Telev>
    <PART>0.5</PART>
    <DELAY>1</DELAY>
  </CatchmentParameters>
  <VegetationZone>
    <VegetationZoneParameters>
      <TT>-1.8382092299596458</TT>
      <CFMAX>4.942256088441904</CFMAX>
      <SP>0</SP>
      <SFCF>1.4414525205176172</SFCF>
      <CFR>2.8292655799862774E-08</CFR>
      <CWH>0.10000000034269747</CWH>
      <CFGlacier>1</CFGlacier>
      <CFSlope>1</CFSlope>
      <FC>2214.4474962957547</FC>
      <LP>0.59548528750578766</LP>
      <BETA>1.4023565926098389</BETA>
    </VegetationZoneParameters>
  </VegetationZone>
  <SubCatchment>
    <SubCatchmentParameters>
      <KSI>0.001</KSI>
      <KGmin>0.05</KGmin>
      <RangeKG>0.1</RangeKG>
      <AG>0.1</AG>
      <PERC>1.4495353959578246</PERC>
      <Alpha>0</Alpha>
      <UZL>149.519356513406</UZL>
      <K0>0.18379706470012519</K0>
      <K1>0.043278002599770812</K1>
      <K2>0.010000000830996961</K2>
      <MAXBAS>1</MAXBAS>
      <Cet>0</Cet>
      <PCALT>10</PCALT>
      <TCALT>0.6</TCALT>
      <Pelev>3349</Pelev>
      <Telev>2921</Telev>
      <PART>0.5</PART>
      <DELAY>1</DELAY>
    </SubCatchmentParameters>
    <SubCatchmentVegetationZone>
      <SubCatchmentVegetationZoneParameters>
        <TT>-1.8382092299596458</TT>
        <CFMAX>4.942256088441904</CFMAX>
        <SP>0</SP>
        <SFCF>1.4414525205176172</SFCF>
        <CFR>2.8292655799862774E-08</CFR>
        <CWH>0.10000000034269747</CWH>
        <CFGlacier>1</CFGlacier>
        <CFSlope>1</CFSlope>
        <FC>2214.4474962957547</FC>
        <LP>0.59548528750578766</LP>
        <BETA>1.4023565926098389</BETA>
      </SubCatchmentVegetationZoneParameters>
    </SubCatchmentVegetationZone>
  </SubCatchment>
</Catchment>