<?xml version="1.0" encoding="utf-8"?>
<Catchment xmlns:xsi="http://www.w3.org/2001/XMLSchema-instance" xmlns:xsd="http://www.w3.org/2001/XMLSchema">
  <CatchmentParameters>
    <KSI>0.001</KSI>
    <KGmin>0.05</KGmin>
    <RangeKG>0.1</RangeKG>
    <AG>0.1</AG>
    <PERC>1.8930869304219087</PERC>
    <Alpha>0</Alpha>
    <UZL>90.470150485329242</UZL>
    <K0>0.27826532614886823</K0>
    <K1>0.093166533938744051</K1>
    <K2>0.010000003712638898</K2>
    <MAXBAS>1</MAXBAS>
    <Cet>0</Cet>
    <PCALT>10</PCALT>
    <TCALT>0.6</TCALT>
    <Pelev>3349</Pelev>
    <Telev>2921</Telev>
    <PART>0.5</PART>
    <DELAY>1</DELAY>
  </CatchmentParameters>
  <VegetationZone>
    <VegetationZoneParameters>
      <TT>-1.7979999840955385</TT>
      <CFMAX>2.8817781196509267</CFMAX>
      <SP>0</SP>
      <SFCF>1.2015883136843826</SFCF>
      <CFR>1.6578014502375182E-06</CFR>
      <CWH>0.10000006572832365</CWH>
      <CFGlacier>1</CFGlacier>
      <CFSlope>1</CFSlope>
      <FC>2062.9203200592947</FC>
      <LP>0.87246031360985088</LP>
      <BETA>1.7513762059972413</BETA>
    </VegetationZoneParameters>
  </VegetationZone>
  <SubCatchment>
    <SubCatchmentParameters>
      <KSI>0.001</KSI>
      <KGmin>0.05</KGmin>
      <RangeKG>0.1</RangeKG>
      <AG>0.1</AG>
      <PERC>1.8930869304219087</PERC>
      <Alpha>0</Alpha>
      <UZL>90.470150485329242</UZL>
      <K0>0.27826532614886823</K0>
      <K1>0.093166533938744051</K1>
      <K2>0.010000003712638898</K2>
      <MAXBAS>1</MAXBAS>
      <Cet>0</Cet>
      <PCALT>10</PCALT>
      <TCALT>0.6</TCALT>
      <Pelev>3349</Pelev>
      <Telev>2921</Telev>
      <PART>0.5</PART>
      <DELAY>1</DELAY>
    </SubCatchmentParameters>
    <SubCatchmentVegetationZone>
      <SubCatchmentVegetationZoneParameters>
        <TT>-1.7979999840955385</TT>
        <CFMAX>2.8817781196509267</CFMAX>
        <SP>0</SP>
        <SFCF>1.2015883136843826</SFCF>
        <CFR>1.6578014502375182E-06</CFR>
        <CWH>0.10000006572832365</CWH>
        <CFGlacier>1</CFGlacier>
        <CFSlope>1</CFSlope>
        <FC>2062.9203200592947</FC>
        <LP>0.87246031360985088</LP>
        <BETA>1.7513762059972413</BETA>
      </SubCatchmentVegetationZoneParameters>
    </SubCatchmentVegetationZone>
  </SubCatchment>
</Catchment>