<?xml version="1.0" encoding="utf-8"?>
<Catchment xmlns:xsi="http://www.w3.org/2001/XMLSchema-instance" xmlns:xsd="http://www.w3.org/2001/XMLSchema">
  <CatchmentParameters>
    <KSI>0.001</KSI>
    <KGmin>0.05</KGmin>
    <RangeKG>0.1</RangeKG>
    <AG>0.1</AG>
    <PERC>1.4534949621646136</PERC>
    <Alpha>0</Alpha>
    <UZL>101.42690252003051</UZL>
    <K0>0.078821797464530829</K0>
    <K1>0.045951514254005371</K1>
    <K2>0.010000003547463394</K2>
    <MAXBAS>1</MAXBAS>
    <Cet>0</Cet>
    <PCALT>10</PCALT>
    <TCALT>0.6</TCALT>
    <Pelev>3349</Pelev>
    <Telev>2921</Telev>
    <PART>0.5</PART>
    <DELAY>1</DELAY>
  </CatchmentParameters>
  <VegetationZone>
    <VegetationZoneParameters>
      <TT>-2.0439999999636296</TT>
      <CFMAX>3.5788391381988167</CFMAX>
      <SP>0</SP>
      <SFCF>1.2131533905359753</SFCF>
      <CFR>5.5527751414235371E-09</CFR>
      <CWH>0.10000011450645073</CWH>
      <CFGlacier>1</CFGlacier>
      <CFSlope>1</CFSlope>
      <FC>1063.686740804239</FC>
      <LP>0.79864962332123057</LP>
      <BETA>1.2272224537517416</BETA>
    </VegetationZoneParameters>
  </VegetationZone>
  <SubCatchment>
    <SubCatchmentParameters>
      <KSI>0.001</KSI>
      <KGmin>0.05</KGmin>
      <RangeKG>0.1</RangeKG>
      <AG>0.1</AG>
      <PERC>1.4534949621646136</PERC>
      <Alpha>0</Alpha>
      <UZL>101.42690252003051</UZL>
      <K0>0.078821797464530829</K0>
      <K1>0.045951514254005371</K1>
      <K2>0.010000003547463394</K2>
      <MAXBAS>1</MAXBAS>
      <Cet>0</Cet>
      <PCALT>10</PCALT>
      <TCALT>0.6</TCALT>
      <Pelev>3349</Pelev>
      <Telev>2921</Telev>
      <PART>0.5</PART>
      <DELAY>1</DELAY>
    </SubCatchmentParameters>
    <SubCatchmentVegetationZone>
      <SubCatchmentVegetationZoneParameters>
        <TT>-2.0439999999636296</TT>
        <CFMAX>3.5788391381988167</CFMAX>
        <SP>0</SP>
        <SFCF>1.2131533905359753</SFCF>
        <CFR>5.5527751414235371E-09</CFR>
        <CWH>0.10000011450645073</CWH>
        <CFGlacier>1</CFGlacier>
        <CFSlope>1</CFSlope>
        <FC>1063.686740804239</FC>
        <LP>0.79864962332123057</LP>
        <BETA>1.2272224537517416</BETA>
      </SubCatchmentVegetationZoneParameters>
    </SubCatchmentVegetationZone>
  </SubCatchment>
</Catchment>