<?xml version="1.0" encoding="utf-8"?>
<Catchment xmlns:xsi="http://www.w3.org/2001/XMLSchema-instance" xmlns:xsd="http://www.w3.org/2001/XMLSchema">
  <CatchmentParameters>
    <KSI>0.001</KSI>
    <KGmin>0.05</KGmin>
    <RangeKG>0.1</RangeKG>
    <AG>0.1</AG>
    <PERC>1.2562191857327325</PERC>
    <Alpha>0</Alpha>
    <UZL>143.78110336740113</UZL>
    <K0>0.13218794955834215</K0>
    <K1>0.039189411522813307</K1>
    <K2>0.010000000362022513</K2>
    <MAXBAS>1</MAXBAS>
    <Cet>0</Cet>
    <PCALT>10</PCALT>
    <TCALT>0.6</TCALT>
    <Pelev>3349</Pelev>
    <Telev>2921</Telev>
    <PART>0.5</PART>
    <DELAY>1</DELAY>
  </CatchmentParameters>
  <VegetationZone>
    <VegetationZoneParameters>
      <TT>-1.9438134745992881</TT>
      <CFMAX>4.325595512477344</CFMAX>
      <SP>0</SP>
      <SFCF>1.265286436064315</SFCF>
      <CFR>0.04459589001740262</CFR>
      <CWH>0.13129108905150461</CWH>
      <CFGlacier>1</CFGlacier>
      <CFSlope>1</CFSlope>
      <FC>1916.9008044266634</FC>
      <LP>0.93645365774987011</LP>
      <BETA>2.152559761707046</BETA>
    </VegetationZoneParameters>
  </VegetationZone>
  <SubCatchment>
    <SubCatchmentParameters>
      <KSI>0.001</KSI>
      <KGmin>0.05</KGmin>
      <RangeKG>0.1</RangeKG>
      <AG>0.1</AG>
      <PERC>1.2562191857327325</PERC>
      <Alpha>0</Alpha>
      <UZL>143.78110336740113</UZL>
      <K0>0.13218794955834215</K0>
      <K1>0.039189411522813307</K1>
      <K2>0.010000000362022513</K2>
      <MAXBAS>1</MAXBAS>
      <Cet>0</Cet>
      <PCALT>10</PCALT>
      <TCALT>0.6</TCALT>
      <Pelev>3349</Pelev>
      <Telev>2921</Telev>
      <PART>0.5</PART>
      <DELAY>1</DELAY>
    </SubCatchmentParameters>
    <SubCatchmentVegetationZone>
      <SubCatchmentVegetationZoneParameters>
        <TT>-1.9438134745992881</TT>
        <CFMAX>4.325595512477344</CFMAX>
        <SP>0</SP>
        <SFCF>1.265286436064315</SFCF>
        <CFR>0.04459589001740262</CFR>
        <CWH>0.13129108905150461</CWH>
        <CFGlacier>1</CFGlacier>
        <CFSlope>1</CFSlope>
        <FC>1916.9008044266634</FC>
        <LP>0.93645365774987011</LP>
        <BETA>2.152559761707046</BETA>
      </SubCatchmentVegetationZoneParameters>
    </SubCatchmentVegetationZone>
  </SubCatchment>
</Catchment>