<?xml version="1.0" encoding="utf-8"?>
<Catchment xmlns:xsi="http://www.w3.org/2001/XMLSchema-instance" xmlns:xsd="http://www.w3.org/2001/XMLSchema">
  <CatchmentParameters>
    <KSI>0.001</KSI>
    <KGmin>0.05</KGmin>
    <RangeKG>0.1</RangeKG>
    <AG>0.1</AG>
    <PERC>9.99998017266722</PERC>
    <Alpha>0</Alpha>
    <UZL>0.00025259857373475961</UZL>
    <K0>0.089070638059577434</K0>
    <K1>0.032069745039642279</K1>
    <K2>0.04003715126072846</K2>
    <MAXBAS>1.0001205417148604</MAXBAS>
    <Cet>0</Cet>
    <PCALT>10</PCALT>
    <TCALT>0.6</TCALT>
    <Pelev>3349</Pelev>
    <Telev>2921</Telev>
    <PART>0.5</PART>
    <DELAY>1</DELAY>
  </CatchmentParameters>
  <VegetationZone>
    <VegetationZoneParameters>
      <TT>-0.022476113602518714</TT>
      <CFMAX>4.2392129286439308</CFMAX>
      <SP>0</SP>
      <SFCF>0.77219546271795436</SFCF>
      <CFR>0.00015419670890027325</CFR>
      <CWH>0.18336363952481882</CWH>
      <CFGlacier>1</CFGlacier>
      <CFSlope>1</CFSlope>
      <FC>175.07941805598364</FC>
      <LP>0.99999456056833447</LP>
      <BETA>1.000002316556933</BETA>
    </VegetationZoneParameters>
  </VegetationZone>
  <SubCatchment>
    <SubCatchmentParameters>
      <KSI>0.001</KSI>
      <KGmin>0.05</KGmin>
      <RangeKG>0.1</RangeKG>
      <AG>0.1</AG>
      <PERC>9.99998017266722</PERC>
      <Alpha>0</Alpha>
      <UZL>0.00025259857373475961</UZL>
      <K0>0.089070638059577434</K0>
      <K1>0.032069745039642279</K1>
      <K2>0.04003715126072846</K2>
      <MAXBAS>1.0001205417148604</MAXBAS>
      <Cet>0</Cet>
      <PCALT>10</PCALT>
      <TCALT>0.6</TCALT>
      <Pelev>3349</Pelev>
      <Telev>2921</Telev>
      <PART>0.5</PART>
      <DELAY>1</DELAY>
    </SubCatchmentParameters>
    <SubCatchmentVegetationZone>
      <SubCatchmentVegetationZoneParameters>
        <TT>-0.022476113602518714</TT>
        <CFMAX>4.2392129286439308</CFMAX>
        <SP>0</SP>
        <SFCF>0.77219546271795436</SFCF>
        <CFR>0.00015419670890027325</CFR>
        <CWH>0.18336363952481882</CWH>
        <CFGlacier>1</CFGlacier>
        <CFSlope>1</CFSlope>
        <FC>175.07941805598364</FC>
        <LP>0.99999456056833447</LP>
        <BETA>1.000002316556933</BETA>
      </SubCatchmentVegetationZoneParameters>
    </SubCatchmentVegetationZone>
  </SubCatchment>
</Catchment>