<?xml version="1.0" encoding="utf-8"?>
<Catchment xmlns:xsi="http://www.w3.org/2001/XMLSchema-instance" xmlns:xsd="http://www.w3.org/2001/XMLSchema">
  <CatchmentParameters>
    <KSI>0.001</KSI>
    <KGmin>0.05</KGmin>
    <RangeKG>0.1</RangeKG>
    <AG>0.1</AG>
    <PERC>9.9999795572920238</PERC>
    <Alpha>0</Alpha>
    <UZL>184.7237930389347</UZL>
    <K0>0.60481242178833372</K0>
    <K1>0.20735613473309345</K1>
    <K2>0.0452965256870809</K2>
    <MAXBAS>1.0000221101772746</MAXBAS>
    <Cet>0</Cet>
    <PCALT>10</PCALT>
    <TCALT>0.6</TCALT>
    <Pelev>3349</Pelev>
    <Telev>2921</Telev>
    <PART>0.5</PART>
    <DELAY>1</DELAY>
  </CatchmentParameters>
  <VegetationZone>
    <VegetationZoneParameters>
      <TT>-1.5289359524556314</TT>
      <CFMAX>3.6047781492867412</CFMAX>
      <SP>0</SP>
      <SFCF>0.94599918150980344</SFCF>
      <CFR>0.099995007838126079</CFR>
      <CWH>0.19999981510482756</CWH>
      <CFGlacier>1</CFGlacier>
      <CFSlope>1</CFSlope>
      <FC>539.00438240249048</FC>
      <LP>0.99999841474705042</LP>
      <BETA>1.2173723066326447</BETA>
    </VegetationZoneParameters>
  </VegetationZone>
  <SubCatchment>
    <SubCatchmentParameters>
      <KSI>0.001</KSI>
      <KGmin>0.05</KGmin>
      <RangeKG>0.1</RangeKG>
      <AG>0.1</AG>
      <PERC>9.9999795572920238</PERC>
      <Alpha>0</Alpha>
      <UZL>184.7237930389347</UZL>
      <K0>0.60481242178833372</K0>
      <K1>0.20735613473309345</K1>
      <K2>0.0452965256870809</K2>
      <MAXBAS>1.0000221101772746</MAXBAS>
      <Cet>0</Cet>
      <PCALT>10</PCALT>
      <TCALT>0.6</TCALT>
      <Pelev>3349</Pelev>
      <Telev>2921</Telev>
      <PART>0.5</PART>
      <DELAY>1</DELAY>
    </SubCatchmentParameters>
    <SubCatchmentVegetationZone>
      <SubCatchmentVegetationZoneParameters>
        <TT>-1.5289359524556314</TT>
        <CFMAX>3.6047781492867412</CFMAX>
        <SP>0</SP>
        <SFCF>0.94599918150980344</SFCF>
        <CFR>0.099995007838126079</CFR>
        <CWH>0.19999981510482756</CWH>
        <CFGlacier>1</CFGlacier>
        <CFSlope>1</CFSlope>
        <FC>539.00438240249048</FC>
        <LP>0.99999841474705042</LP>
        <BETA>1.2173723066326447</BETA>
      </SubCatchmentVegetationZoneParameters>
    </SubCatchmentVegetationZone>
  </SubCatchment>
</Catchment>