<?xml version="1.0" encoding="utf-8"?>
<Catchment xmlns:xsi="http://www.w3.org/2001/XMLSchema-instance" xmlns:xsd="http://www.w3.org/2001/XMLSchema">
  <CatchmentParameters>
    <KSI>0.001</KSI>
    <KGmin>0.05</KGmin>
    <RangeKG>0.1</RangeKG>
    <AG>0.1</AG>
    <PERC>9.9999999850165615</PERC>
    <Alpha>0</Alpha>
    <UZL>114.04004648962503</UZL>
    <K0>0.59677369663495583</K0>
    <K1>0.17990996524263409</K1>
    <K2>0.045236754590813749</K2>
    <MAXBAS>1.0001006242260757</MAXBAS>
    <Cet>0</Cet>
    <PCALT>10</PCALT>
    <TCALT>0.6</TCALT>
    <Pelev>3349</Pelev>
    <Telev>2921</Telev>
    <PART>0.5</PART>
    <DELAY>1</DELAY>
  </CatchmentParameters>
  <VegetationZone>
    <VegetationZoneParameters>
      <TT>-0.47464445157999896</TT>
      <CFMAX>3.6951800135607078</CFMAX>
      <SP>0</SP>
      <SFCF>0.78812347439690589</SFCF>
      <CFR>6.7140625578937093E-05</CFR>
      <CWH>0.19999934593961627</CWH>
      <CFGlacier>1</CFGlacier>
      <CFSlope>1</CFSlope>
      <FC>226.76500776015112</FC>
      <LP>0.99999758578740372</LP>
      <BETA>1.0000027512548471</BETA>
    </VegetationZoneParameters>
  </VegetationZone>
  <SubCatchment>
    <SubCatchmentParameters>
      <KSI>0.001</KSI>
      <KGmin>0.05</KGmin>
      <RangeKG>0.1</RangeKG>
      <AG>0.1</AG>
      <PERC>9.9999999850165615</PERC>
      <Alpha>0</Alpha>
      <UZL>114.04004648962503</UZL>
      <K0>0.59677369663495583</K0>
      <K1>0.17990996524263409</K1>
      <K2>0.045236754590813749</K2>
      <MAXBAS>1.0001006242260757</MAXBAS>
      <Cet>0</Cet>
      <PCALT>10</PCALT>
      <TCALT>0.6</TCALT>
      <Pelev>3349</Pelev>
      <Telev>2921</Telev>
      <PART>0.5</PART>
      <DELAY>1</DELAY>
    </SubCatchmentParameters>
    <SubCatchmentVegetationZone>
      <SubCatchmentVegetationZoneParameters>
        <TT>-0.47464445157999896</TT>
        <CFMAX>3.6951800135607078</CFMAX>
        <SP>0</SP>
        <SFCF>0.78812347439690589</SFCF>
        <CFR>6.7140625578937093E-05</CFR>
        <CWH>0.19999934593961627</CWH>
        <CFGlacier>1</CFGlacier>
        <CFSlope>1</CFSlope>
        <FC>226.76500776015112</FC>
        <LP>0.99999758578740372</LP>
        <BETA>1.0000027512548471</BETA>
      </SubCatchmentVegetationZoneParameters>
    </SubCatchmentVegetationZone>
  </SubCatchment>
</Catchment>