<?xml version="1.0" encoding="utf-8"?>
<Catchment xmlns:xsi="http://www.w3.org/2001/XMLSchema-instance" xmlns:xsd="http://www.w3.org/2001/XMLSchema">
  <CatchmentParameters>
    <KSI>0.001</KSI>
    <KGmin>0.05</KGmin>
    <RangeKG>0.1</RangeKG>
    <AG>0.1</AG>
    <PERC>2.1648663954783474</PERC>
    <Alpha>0</Alpha>
    <UZL>134.97652459990391</UZL>
    <K0>0.17991113841911766</K0>
    <K1>0.125985418656186</K1>
    <K2>0.010000002320289116</K2>
    <MAXBAS>1</MAXBAS>
    <Cet>0</Cet>
    <PCALT>10</PCALT>
    <TCALT>0.6</TCALT>
    <Pelev>3349</Pelev>
    <Telev>2921</Telev>
    <PART>0.5</PART>
    <DELAY>1</DELAY>
  </CatchmentParameters>
  <VegetationZone>
    <VegetationZoneParameters>
      <TT>-1.4440127119905386</TT>
      <CFMAX>2.754743956570977</CFMAX>
      <SP>0</SP>
      <SFCF>1.0992020057501788</SFCF>
      <CFR>0.000510582936709642</CFR>
      <CWH>0.10000038484113516</CWH>
      <CFGlacier>1</CFGlacier>
      <CFSlope>1</CFSlope>
      <FC>1951.3932597239411</FC>
      <LP>0.878592851483133</LP>
      <BETA>1.2660551387701362</BETA>
    </VegetationZoneParameters>
  </VegetationZone>
  <SubCatchment>
    <SubCatchmentParameters>
      <KSI>0.001</KSI>
      <KGmin>0.05</KGmin>
      <RangeKG>0.1</RangeKG>
      <AG>0.1</AG>
      <PERC>2.1648663954783474</PERC>
      <Alpha>0</Alpha>
      <UZL>134.97652459990391</UZL>
      <K0>0.17991113841911766</K0>
      <K1>0.125985418656186</K1>
      <K2>0.010000002320289116</K2>
      <MAXBAS>1</MAXBAS>
      <Cet>0</Cet>
      <PCALT>10</PCALT>
      <TCALT>0.6</TCALT>
      <Pelev>3349</Pelev>
      <Telev>2921</Telev>
      <PART>0.5</PART>
      <DELAY>1</DELAY>
    </SubCatchmentParameters>
    <SubCatchmentVegetationZone>
      <SubCatchmentVegetationZoneParameters>
        <TT>-1.4440127119905386</TT>
        <CFMAX>2.754743956570977</CFMAX>
        <SP>0</SP>
        <SFCF>1.0992020057501788</SFCF>
        <CFR>0.000510582936709642</CFR>
        <CWH>0.10000038484113516</CWH>
        <CFGlacier>1</CFGlacier>
        <CFSlope>1</CFSlope>
        <FC>1951.3932597239411</FC>
        <LP>0.878592851483133</LP>
        <BETA>1.2660551387701362</BETA>
      </SubCatchmentVegetationZoneParameters>
    </SubCatchmentVegetationZone>
  </SubCatchment>
</Catchment>