<?xml version="1.0" encoding="utf-8"?>
<Catchment xmlns:xsi="http://www.w3.org/2001/XMLSchema-instance" xmlns:xsd="http://www.w3.org/2001/XMLSchema">
  <CatchmentParameters>
    <KSI>0.001</KSI>
    <KGmin>0.05</KGmin>
    <RangeKG>0.1</RangeKG>
    <AG>0.1</AG>
    <PERC>1.6296719799074482</PERC>
    <Alpha>0</Alpha>
    <UZL>181.22645057786809</UZL>
    <K0>0.50354844952874733</K0>
    <K1>0.0975401049115769</K1>
    <K2>0.010000000773612298</K2>
    <MAXBAS>1</MAXBAS>
    <Cet>0</Cet>
    <PCALT>10</PCALT>
    <TCALT>0.6</TCALT>
    <Pelev>3349</Pelev>
    <Telev>2921</Telev>
    <PART>0.5</PART>
    <DELAY>1</DELAY>
  </CatchmentParameters>
  <VegetationZone>
    <VegetationZoneParameters>
      <TT>-1.943641116028586</TT>
      <CFMAX>2.6784029645510663</CFMAX>
      <SP>0</SP>
      <SFCF>1.1632187402978302</SFCF>
      <CFR>9.2385690222333665E-07</CFR>
      <CWH>0.10000022589947109</CWH>
      <CFGlacier>1</CFGlacier>
      <CFSlope>1</CFSlope>
      <FC>2499.9977346192168</FC>
      <LP>0.95558254572580448</LP>
      <BETA>2.0784104052003824</BETA>
    </VegetationZoneParameters>
  </VegetationZone>
  <SubCatchment>
    <SubCatchmentParameters>
      <KSI>0.001</KSI>
      <KGmin>0.05</KGmin>
      <RangeKG>0.1</RangeKG>
      <AG>0.1</AG>
      <PERC>1.6296719799074482</PERC>
      <Alpha>0</Alpha>
      <UZL>181.22645057786809</UZL>
      <K0>0.50354844952874733</K0>
      <K1>0.0975401049115769</K1>
      <K2>0.010000000773612298</K2>
      <MAXBAS>1</MAXBAS>
      <Cet>0</Cet>
      <PCALT>10</PCALT>
      <TCALT>0.6</TCALT>
      <Pelev>3349</Pelev>
      <Telev>2921</Telev>
      <PART>0.5</PART>
      <DELAY>1</DELAY>
    </SubCatchmentParameters>
    <SubCatchmentVegetationZone>
      <SubCatchmentVegetationZoneParameters>
        <TT>-1.943641116028586</TT>
        <CFMAX>2.6784029645510663</CFMAX>
        <SP>0</SP>
        <SFCF>1.1632187402978302</SFCF>
        <CFR>9.2385690222333665E-07</CFR>
        <CWH>0.10000022589947109</CWH>
        <CFGlacier>1</CFGlacier>
        <CFSlope>1</CFSlope>
        <FC>2499.9977346192168</FC>
        <LP>0.95558254572580448</LP>
        <BETA>2.0784104052003824</BETA>
      </SubCatchmentVegetationZoneParameters>
    </SubCatchmentVegetationZone>
  </SubCatchment>
</Catchment>