<?xml version="1.0" encoding="utf-8"?>
<Catchment xmlns:xsi="http://www.w3.org/2001/XMLSchema-instance" xmlns:xsd="http://www.w3.org/2001/XMLSchema">
  <CatchmentParameters>
    <KSI>0.001</KSI>
    <KGmin>0.05</KGmin>
    <RangeKG>0.1</RangeKG>
    <AG>0.1</AG>
    <PERC>1.2838256222917208</PERC>
    <Alpha>0</Alpha>
    <UZL>86.545033020535584</UZL>
    <K0>0.38261369137291806</K0>
    <K1>0.056446961621599193</K1>
    <K2>0.010000003577867664</K2>
    <MAXBAS>1</MAXBAS>
    <Cet>0</Cet>
    <PCALT>10</PCALT>
    <TCALT>0.6</TCALT>
    <Pelev>3349</Pelev>
    <Telev>2921</Telev>
    <PART>0.5</PART>
    <DELAY>1</DELAY>
  </CatchmentParameters>
  <VegetationZone>
    <VegetationZoneParameters>
      <TT>-1.7911192582013498</TT>
      <CFMAX>2.9722336391220083</CFMAX>
      <SP>0</SP>
      <SFCF>1.2348555791255678</SFCF>
      <CFR>1.7594910716372236E-07</CFR>
      <CWH>0.1000001019074115</CWH>
      <CFGlacier>1</CFGlacier>
      <CFSlope>1</CFSlope>
      <FC>2499.9841205692474</FC>
      <LP>0.67906784436321055</LP>
      <BETA>1.1065163846446855</BETA>
    </VegetationZoneParameters>
  </VegetationZone>
  <SubCatchment>
    <SubCatchmentParameters>
      <KSI>0.001</KSI>
      <KGmin>0.05</KGmin>
      <RangeKG>0.1</RangeKG>
      <AG>0.1</AG>
      <PERC>1.2838256222917208</PERC>
      <Alpha>0</Alpha>
      <UZL>86.545033020535584</UZL>
      <K0>0.38261369137291806</K0>
      <K1>0.056446961621599193</K1>
      <K2>0.010000003577867664</K2>
      <MAXBAS>1</MAXBAS>
      <Cet>0</Cet>
      <PCALT>10</PCALT>
      <TCALT>0.6</TCALT>
      <Pelev>3349</Pelev>
      <Telev>2921</Telev>
      <PART>0.5</PART>
      <DELAY>1</DELAY>
    </SubCatchmentParameters>
    <SubCatchmentVegetationZone>
      <SubCatchmentVegetationZoneParameters>
        <TT>-1.7911192582013498</TT>
        <CFMAX>2.9722336391220083</CFMAX>
        <SP>0</SP>
        <SFCF>1.2348555791255678</SFCF>
        <CFR>1.7594910716372236E-07</CFR>
        <CWH>0.1000001019074115</CWH>
        <CFGlacier>1</CFGlacier>
        <CFSlope>1</CFSlope>
        <FC>2499.9841205692474</FC>
        <LP>0.67906784436321055</LP>
        <BETA>1.1065163846446855</BETA>
      </SubCatchmentVegetationZoneParameters>
    </SubCatchmentVegetationZone>
  </SubCatchment>
</Catchment>