<?xml version="1.0" encoding="utf-8"?>
<Catchment xmlns:xsi="http://www.w3.org/2001/XMLSchema-instance" xmlns:xsd="http://www.w3.org/2001/XMLSchema">
  <CatchmentParameters>
    <KSI>0.001</KSI>
    <KGmin>0.05</KGmin>
    <RangeKG>0.1</RangeKG>
    <AG>0.1</AG>
    <PERC>5.5235315182780322</PERC>
    <Alpha>0</Alpha>
    <UZL>109.92069893497639</UZL>
    <K0>0.0931537899829703</K0>
    <K1>0.23040919886185954</K1>
    <K2>0.036181393509189731</K2>
    <MAXBAS>1.0049760984536342</MAXBAS>
    <Cet>0</Cet>
    <PCALT>10</PCALT>
    <TCALT>0.6</TCALT>
    <Pelev>3349</Pelev>
    <Telev>2921</Telev>
    <PART>0.5</PART>
    <DELAY>1</DELAY>
  </CatchmentParameters>
  <VegetationZone>
    <VegetationZoneParameters>
      <TT>-1.4980002321996087</TT>
      <CFMAX>1.9271264691801089</CFMAX>
      <SP>0</SP>
      <SFCF>0.76633005059849324</SFCF>
      <CFR>0.028312864552936932</CFR>
      <CWH>0.123808403657396</CWH>
      <CFGlacier>1</CFGlacier>
      <CFSlope>1</CFSlope>
      <FC>121.15482171916774</FC>
      <LP>0.695154559399106</LP>
      <BETA>1.5541649787509035</BETA>
    </VegetationZoneParameters>
  </VegetationZone>
  <SubCatchment>
    <SubCatchmentParameters>
      <KSI>0.001</KSI>
      <KGmin>0.05</KGmin>
      <RangeKG>0.1</RangeKG>
      <AG>0.1</AG>
      <PERC>5.5235315182780322</PERC>
      <Alpha>0</Alpha>
      <UZL>109.92069893497639</UZL>
      <K0>0.0931537899829703</K0>
      <K1>0.23040919886185954</K1>
      <K2>0.036181393509189731</K2>
      <MAXBAS>1.0049760984536342</MAXBAS>
      <Cet>0</Cet>
      <PCALT>10</PCALT>
      <TCALT>0.6</TCALT>
      <Pelev>3349</Pelev>
      <Telev>2921</Telev>
      <PART>0.5</PART>
      <DELAY>1</DELAY>
    </SubCatchmentParameters>
    <SubCatchmentVegetationZone>
      <SubCatchmentVegetationZoneParameters>
        <TT>-1.4980002321996087</TT>
        <CFMAX>1.9271264691801089</CFMAX>
        <SP>0</SP>
        <SFCF>0.76633005059849324</SFCF>
        <CFR>0.028312864552936932</CFR>
        <CWH>0.123808403657396</CWH>
        <CFGlacier>1</CFGlacier>
        <CFSlope>1</CFSlope>
        <FC>121.15482171916774</FC>
        <LP>0.695154559399106</LP>
        <BETA>1.5541649787509035</BETA>
      </SubCatchmentVegetationZoneParameters>
    </SubCatchmentVegetationZone>
  </SubCatchment>
</Catchment>