<?xml version="1.0" encoding="utf-8"?>
<Catchment xmlns:xsi="http://www.w3.org/2001/XMLSchema-instance" xmlns:xsd="http://www.w3.org/2001/XMLSchema">
  <CatchmentParameters>
    <KSI>0.001</KSI>
    <KGmin>0.05</KGmin>
    <RangeKG>0.1</RangeKG>
    <AG>0.1</AG>
    <PERC>1.1018033469998514</PERC>
    <Alpha>0</Alpha>
    <UZL>123.46000688475591</UZL>
    <K0>0.11779276790645493</K0>
    <K1>0.040415016463703463</K1>
    <K2>0.010000003103017133</K2>
    <MAXBAS>1</MAXBAS>
    <Cet>0</Cet>
    <PCALT>10</PCALT>
    <TCALT>0.6</TCALT>
    <Pelev>3349</Pelev>
    <Telev>2921</Telev>
    <PART>0.5</PART>
    <DELAY>1</DELAY>
  </CatchmentParameters>
  <VegetationZone>
    <VegetationZoneParameters>
      <TT>-1.9113263266743057</TT>
      <CFMAX>3.876132546061839</CFMAX>
      <SP>0</SP>
      <SFCF>1.2344186701610842</SFCF>
      <CFR>0.00084694339158698318</CFR>
      <CWH>0.10181149226585544</CWH>
      <CFGlacier>1</CFGlacier>
      <CFSlope>1</CFSlope>
      <FC>1789.8506582598859</FC>
      <LP>0.78146933979558186</LP>
      <BETA>1.2227790622353945</BETA>
    </VegetationZoneParameters>
  </VegetationZone>
  <SubCatchment>
    <SubCatchmentParameters>
      <KSI>0.001</KSI>
      <KGmin>0.05</KGmin>
      <RangeKG>0.1</RangeKG>
      <AG>0.1</AG>
      <PERC>1.1018033469998514</PERC>
      <Alpha>0</Alpha>
      <UZL>123.46000688475591</UZL>
      <K0>0.11779276790645493</K0>
      <K1>0.040415016463703463</K1>
      <K2>0.010000003103017133</K2>
      <MAXBAS>1</MAXBAS>
      <Cet>0</Cet>
      <PCALT>10</PCALT>
      <TCALT>0.6</TCALT>
      <Pelev>3349</Pelev>
      <Telev>2921</Telev>
      <PART>0.5</PART>
      <DELAY>1</DELAY>
    </SubCatchmentParameters>
    <SubCatchmentVegetationZone>
      <SubCatchmentVegetationZoneParameters>
        <TT>-1.9113263266743057</TT>
        <CFMAX>3.876132546061839</CFMAX>
        <SP>0</SP>
        <SFCF>1.2344186701610842</SFCF>
        <CFR>0.00084694339158698318</CFR>
        <CWH>0.10181149226585544</CWH>
        <CFGlacier>1</CFGlacier>
        <CFSlope>1</CFSlope>
        <FC>1789.8506582598859</FC>
        <LP>0.78146933979558186</LP>
        <BETA>1.2227790622353945</BETA>
      </SubCatchmentVegetationZoneParameters>
    </SubCatchmentVegetationZone>
  </SubCatchment>
</Catchment>