<?xml version="1.0" encoding="utf-8"?>
<Catchment xmlns:xsi="http://www.w3.org/2001/XMLSchema-instance" xmlns:xsd="http://www.w3.org/2001/XMLSchema">
  <CatchmentParameters>
    <KSI>0.001</KSI>
    <KGmin>0.05</KGmin>
    <RangeKG>0.1</RangeKG>
    <AG>0.1</AG>
    <PERC>6.299269516434304</PERC>
    <Alpha>0</Alpha>
    <UZL>154.34658554593116</UZL>
    <K0>0.094275450046441431</K0>
    <K1>0.24716527580228348</K1>
    <K2>0.045830541080492504</K2>
    <MAXBAS>1.0049192226734847</MAXBAS>
    <Cet>0</Cet>
    <PCALT>10</PCALT>
    <TCALT>0.6</TCALT>
    <Pelev>3349</Pelev>
    <Telev>2921</Telev>
    <PART>0.5</PART>
    <DELAY>1</DELAY>
  </CatchmentParameters>
  <VegetationZone>
    <VegetationZoneParameters>
      <TT>-0.8600918120747818</TT>
      <CFMAX>2.2488368142804553</CFMAX>
      <SP>0</SP>
      <SFCF>0.77461512966297053</SFCF>
      <CFR>0.00050784068367222329</CFR>
      <CWH>0.10000010937436</CWH>
      <CFGlacier>1</CFGlacier>
      <CFSlope>1</CFSlope>
      <FC>161.13910527839471</FC>
      <LP>0.72165741323701094</LP>
      <BETA>1.0000104427759369</BETA>
    </VegetationZoneParameters>
  </VegetationZone>
  <SubCatchment>
    <SubCatchmentParameters>
      <KSI>0.001</KSI>
      <KGmin>0.05</KGmin>
      <RangeKG>0.1</RangeKG>
      <AG>0.1</AG>
      <PERC>6.299269516434304</PERC>
      <Alpha>0</Alpha>
      <UZL>154.34658554593116</UZL>
      <K0>0.094275450046441431</K0>
      <K1>0.24716527580228348</K1>
      <K2>0.045830541080492504</K2>
      <MAXBAS>1.0049192226734847</MAXBAS>
      <Cet>0</Cet>
      <PCALT>10</PCALT>
      <TCALT>0.6</TCALT>
      <Pelev>3349</Pelev>
      <Telev>2921</Telev>
      <PART>0.5</PART>
      <DELAY>1</DELAY>
    </SubCatchmentParameters>
    <SubCatchmentVegetationZone>
      <SubCatchmentVegetationZoneParameters>
        <TT>-0.8600918120747818</TT>
        <CFMAX>2.2488368142804553</CFMAX>
        <SP>0</SP>
        <SFCF>0.77461512966297053</SFCF>
        <CFR>0.00050784068367222329</CFR>
        <CWH>0.10000010937436</CWH>
        <CFGlacier>1</CFGlacier>
        <CFSlope>1</CFSlope>
        <FC>161.13910527839471</FC>
        <LP>0.72165741323701094</LP>
        <BETA>1.0000104427759369</BETA>
      </SubCatchmentVegetationZoneParameters>
    </SubCatchmentVegetationZone>
  </SubCatchment>
</Catchment>