<?xml version="1.0" encoding="utf-8"?>
<Catchment xmlns:xsi="http://www.w3.org/2001/XMLSchema-instance" xmlns:xsd="http://www.w3.org/2001/XMLSchema">
  <CatchmentParameters>
    <KSI>0.001</KSI>
    <KGmin>0.05</KGmin>
    <RangeKG>0.1</RangeKG>
    <AG>0.1</AG>
    <PERC>1.1961656316787594</PERC>
    <Alpha>0</Alpha>
    <UZL>151.11069667564823</UZL>
    <K0>0.16202655957014647</K0>
    <K1>0.040646744409866979</K1>
    <K2>0.010000152720896785</K2>
    <MAXBAS>1</MAXBAS>
    <Cet>0</Cet>
    <PCALT>10</PCALT>
    <TCALT>0.6</TCALT>
    <Pelev>3349</Pelev>
    <Telev>2921</Telev>
    <PART>0.5</PART>
    <DELAY>1</DELAY>
  </CatchmentParameters>
  <VegetationZone>
    <VegetationZoneParameters>
      <TT>-1.2699208791451662</TT>
      <CFMAX>4.9996644610939605</CFMAX>
      <SP>0</SP>
      <SFCF>1.2289669377897914</SFCF>
      <CFR>0.00047823909495923404</CFR>
      <CWH>0.10134497164568544</CWH>
      <CFGlacier>1</CFGlacier>
      <CFSlope>1</CFSlope>
      <FC>2128.1424341264146</FC>
      <LP>0.87723360708270759</LP>
      <BETA>1.7628569016639435</BETA>
    </VegetationZoneParameters>
  </VegetationZone>
  <SubCatchment>
    <SubCatchmentParameters>
      <KSI>0.001</KSI>
      <KGmin>0.05</KGmin>
      <RangeKG>0.1</RangeKG>
      <AG>0.1</AG>
      <PERC>1.1961656316787594</PERC>
      <Alpha>0</Alpha>
      <UZL>151.11069667564823</UZL>
      <K0>0.16202655957014647</K0>
      <K1>0.040646744409866979</K1>
      <K2>0.010000152720896785</K2>
      <MAXBAS>1</MAXBAS>
      <Cet>0</Cet>
      <PCALT>10</PCALT>
      <TCALT>0.6</TCALT>
      <Pelev>3349</Pelev>
      <Telev>2921</Telev>
      <PART>0.5</PART>
      <DELAY>1</DELAY>
    </SubCatchmentParameters>
    <SubCatchmentVegetationZone>
      <SubCatchmentVegetationZoneParameters>
        <TT>-1.2699208791451662</TT>
        <CFMAX>4.9996644610939605</CFMAX>
        <SP>0</SP>
        <SFCF>1.2289669377897914</SFCF>
        <CFR>0.00047823909495923404</CFR>
        <CWH>0.10134497164568544</CWH>
        <CFGlacier>1</CFGlacier>
        <CFSlope>1</CFSlope>
        <FC>2128.1424341264146</FC>
        <LP>0.87723360708270759</LP>
        <BETA>1.7628569016639435</BETA>
      </SubCatchmentVegetationZoneParameters>
    </SubCatchmentVegetationZone>
  </SubCatchment>
</Catchment>