<?xml version="1.0" encoding="utf-8"?>
<Catchment xmlns:xsi="http://www.w3.org/2001/XMLSchema-instance" xmlns:xsd="http://www.w3.org/2001/XMLSchema">
  <CatchmentParameters>
    <KSI>0.001</KSI>
    <KGmin>0.05</KGmin>
    <RangeKG>0.1</RangeKG>
    <AG>0.1</AG>
    <PERC>1.9155135218718562</PERC>
    <Alpha>0</Alpha>
    <UZL>110.80315943332418</UZL>
    <K0>0.82830160156380062</K0>
    <K1>0.11276575771719274</K1>
    <K2>0.010000078625249986</K2>
    <MAXBAS>1</MAXBAS>
    <Cet>0</Cet>
    <PCALT>10</PCALT>
    <TCALT>0.6</TCALT>
    <Pelev>3349</Pelev>
    <Telev>2921</Telev>
    <PART>0.5</PART>
    <DELAY>1</DELAY>
  </CatchmentParameters>
  <VegetationZone>
    <VegetationZoneParameters>
      <TT>-2.0790901692680626</TT>
      <CFMAX>2.9456321529174176</CFMAX>
      <SP>0</SP>
      <SFCF>1.3210417157010295</SFCF>
      <CFR>0.0004809373400552933</CFR>
      <CWH>0.10000017347309147</CWH>
      <CFGlacier>1</CFGlacier>
      <CFSlope>1</CFSlope>
      <FC>2499.9986648711438</FC>
      <LP>0.7503077668827719</LP>
      <BETA>1.7963356919827804</BETA>
    </VegetationZoneParameters>
  </VegetationZone>
  <SubCatchment>
    <SubCatchmentParameters>
      <KSI>0.001</KSI>
      <KGmin>0.05</KGmin>
      <RangeKG>0.1</RangeKG>
      <AG>0.1</AG>
      <PERC>1.9155135218718562</PERC>
      <Alpha>0</Alpha>
      <UZL>110.80315943332418</UZL>
      <K0>0.82830160156380062</K0>
      <K1>0.11276575771719274</K1>
      <K2>0.010000078625249986</K2>
      <MAXBAS>1</MAXBAS>
      <Cet>0</Cet>
      <PCALT>10</PCALT>
      <TCALT>0.6</TCALT>
      <Pelev>3349</Pelev>
      <Telev>2921</Telev>
      <PART>0.5</PART>
      <DELAY>1</DELAY>
    </SubCatchmentParameters>
    <SubCatchmentVegetationZone>
      <SubCatchmentVegetationZoneParameters>
        <TT>-2.0790901692680626</TT>
        <CFMAX>2.9456321529174176</CFMAX>
        <SP>0</SP>
        <SFCF>1.3210417157010295</SFCF>
        <CFR>0.0004809373400552933</CFR>
        <CWH>0.10000017347309147</CWH>
        <CFGlacier>1</CFGlacier>
        <CFSlope>1</CFSlope>
        <FC>2499.9986648711438</FC>
        <LP>0.7503077668827719</LP>
        <BETA>1.7963356919827804</BETA>
      </SubCatchmentVegetationZoneParameters>
    </SubCatchmentVegetationZone>
  </SubCatchment>
</Catchment>