<?xml version="1.0" encoding="utf-8"?>
<Catchment xmlns:xsi="http://www.w3.org/2001/XMLSchema-instance" xmlns:xsd="http://www.w3.org/2001/XMLSchema">
  <CatchmentParameters>
    <KSI>0.001</KSI>
    <KGmin>0.05</KGmin>
    <RangeKG>0.1</RangeKG>
    <AG>0.1</AG>
    <PERC>9.9999435892783</PERC>
    <Alpha>0</Alpha>
    <UZL>121.69504492754282</UZL>
    <K0>0.3277828062002735</K0>
    <K1>0.19041367676492307</K1>
    <K2>0.043992816665598213</K2>
    <MAXBAS>1.000000885815356</MAXBAS>
    <Cet>0</Cet>
    <PCALT>10</PCALT>
    <TCALT>0.6</TCALT>
    <Pelev>3349</Pelev>
    <Telev>2921</Telev>
    <PART>0.5</PART>
    <DELAY>1</DELAY>
  </CatchmentParameters>
  <VegetationZone>
    <VegetationZoneParameters>
      <TT>-1.0365677912065092</TT>
      <CFMAX>4.1423021384236494</CFMAX>
      <SP>0</SP>
      <SFCF>0.97543463824747811</SFCF>
      <CFR>0.01308285695585012</CFR>
      <CWH>0.19999999969472621</CWH>
      <CFGlacier>1</CFGlacier>
      <CFSlope>1</CFSlope>
      <FC>683.0489900238781</FC>
      <LP>0.9999984784024446</LP>
      <BETA>1.2041658201062431</BETA>
    </VegetationZoneParameters>
  </VegetationZone>
  <SubCatchment>
    <SubCatchmentParameters>
      <KSI>0.001</KSI>
      <KGmin>0.05</KGmin>
      <RangeKG>0.1</RangeKG>
      <AG>0.1</AG>
      <PERC>9.9999435892783</PERC>
      <Alpha>0</Alpha>
      <UZL>121.69504492754282</UZL>
      <K0>0.3277828062002735</K0>
      <K1>0.19041367676492307</K1>
      <K2>0.043992816665598213</K2>
      <MAXBAS>1.000000885815356</MAXBAS>
      <Cet>0</Cet>
      <PCALT>10</PCALT>
      <TCALT>0.6</TCALT>
      <Pelev>3349</Pelev>
      <Telev>2921</Telev>
      <PART>0.5</PART>
      <DELAY>1</DELAY>
    </SubCatchmentParameters>
    <SubCatchmentVegetationZone>
      <SubCatchmentVegetationZoneParameters>
        <TT>-1.0365677912065092</TT>
        <CFMAX>4.1423021384236494</CFMAX>
        <SP>0</SP>
        <SFCF>0.97543463824747811</SFCF>
        <CFR>0.01308285695585012</CFR>
        <CWH>0.19999999969472621</CWH>
        <CFGlacier>1</CFGlacier>
        <CFSlope>1</CFSlope>
        <FC>683.0489900238781</FC>
        <LP>0.9999984784024446</LP>
        <BETA>1.2041658201062431</BETA>
      </SubCatchmentVegetationZoneParameters>
    </SubCatchmentVegetationZone>
  </SubCatchment>
</Catchment>