<?xml version="1.0" encoding="utf-8"?>
<Catchment xmlns:xsi="http://www.w3.org/2001/XMLSchema-instance" xmlns:xsd="http://www.w3.org/2001/XMLSchema">
  <CatchmentParameters>
    <KSI>0.001</KSI>
    <KGmin>0.05</KGmin>
    <RangeKG>0.1</RangeKG>
    <AG>0.1</AG>
    <PERC>1.6834981162200486</PERC>
    <Alpha>0</Alpha>
    <UZL>171.05190736972381</UZL>
    <K0>0.70132942088521921</K0>
    <K1>0.094940782967862111</K1>
    <K2>0.010714190023159065</K2>
    <MAXBAS>1</MAXBAS>
    <Cet>0</Cet>
    <PCALT>10</PCALT>
    <TCALT>0.6</TCALT>
    <Pelev>3349</Pelev>
    <Telev>2921</Telev>
    <PART>0.5</PART>
    <DELAY>1</DELAY>
  </CatchmentParameters>
  <VegetationZone>
    <VegetationZoneParameters>
      <TT>-1.9071989353071706</TT>
      <CFMAX>2.7794373857194588</CFMAX>
      <SP>0</SP>
      <SFCF>1.1892316645412953</SFCF>
      <CFR>5.64798246976844E-08</CFR>
      <CWH>0.1000000624379639</CWH>
      <CFGlacier>1</CFGlacier>
      <CFSlope>1</CFSlope>
      <FC>1968.4402500015642</FC>
      <LP>0.8345792450314955</LP>
      <BETA>1.425726903306709</BETA>
    </VegetationZoneParameters>
  </VegetationZone>
  <SubCatchment>
    <SubCatchmentParameters>
      <KSI>0.001</KSI>
      <KGmin>0.05</KGmin>
      <RangeKG>0.1</RangeKG>
      <AG>0.1</AG>
      <PERC>1.6834981162200486</PERC>
      <Alpha>0</Alpha>
      <UZL>171.05190736972381</UZL>
      <K0>0.70132942088521921</K0>
      <K1>0.094940782967862111</K1>
      <K2>0.010714190023159065</K2>
      <MAXBAS>1</MAXBAS>
      <Cet>0</Cet>
      <PCALT>10</PCALT>
      <TCALT>0.6</TCALT>
      <Pelev>3349</Pelev>
      <Telev>2921</Telev>
      <PART>0.5</PART>
      <DELAY>1</DELAY>
    </SubCatchmentParameters>
    <SubCatchmentVegetationZone>
      <SubCatchmentVegetationZoneParameters>
        <TT>-1.9071989353071706</TT>
        <CFMAX>2.7794373857194588</CFMAX>
        <SP>0</SP>
        <SFCF>1.1892316645412953</SFCF>
        <CFR>5.64798246976844E-08</CFR>
        <CWH>0.1000000624379639</CWH>
        <CFGlacier>1</CFGlacier>
        <CFSlope>1</CFSlope>
        <FC>1968.4402500015642</FC>
        <LP>0.8345792450314955</LP>
        <BETA>1.425726903306709</BETA>
      </SubCatchmentVegetationZoneParameters>
    </SubCatchmentVegetationZone>
  </SubCatchment>
</Catchment>