<?xml version="1.0" encoding="utf-8"?>
<Catchment xmlns:xsi="http://www.w3.org/2001/XMLSchema-instance" xmlns:xsd="http://www.w3.org/2001/XMLSchema">
  <CatchmentParameters>
    <KSI>0.001</KSI>
    <KGmin>0.05</KGmin>
    <RangeKG>0.1</RangeKG>
    <AG>0.1</AG>
    <PERC>7.519057643697626</PERC>
    <Alpha>0</Alpha>
    <UZL>46.28002924671847</UZL>
    <K0>0.60697573125917137</K0>
    <K1>0.30017060827237546</K1>
    <K2>0.0485780018686837</K2>
    <MAXBAS>1.0049923446574285</MAXBAS>
    <Cet>0</Cet>
    <PCALT>10</PCALT>
    <TCALT>0.6</TCALT>
    <Pelev>3349</Pelev>
    <Telev>2921</Telev>
    <PART>0.5</PART>
    <DELAY>1</DELAY>
  </CatchmentParameters>
  <VegetationZone>
    <VegetationZoneParameters>
      <TT>-0.69802340982805777</TT>
      <CFMAX>2.4010918083484274</CFMAX>
      <SP>0</SP>
      <SFCF>0.7514890716204915</SFCF>
      <CFR>0.051429296068424751</CFR>
      <CWH>0.10000033424364478</CWH>
      <CFGlacier>1</CFGlacier>
      <CFSlope>1</CFSlope>
      <FC>128.99500686181673</FC>
      <LP>0.71553440737781593</LP>
      <BETA>1.0000016257889661</BETA>
    </VegetationZoneParameters>
  </VegetationZone>
  <SubCatchment>
    <SubCatchmentParameters>
      <KSI>0.001</KSI>
      <KGmin>0.05</KGmin>
      <RangeKG>0.1</RangeKG>
      <AG>0.1</AG>
      <PERC>7.519057643697626</PERC>
      <Alpha>0</Alpha>
      <UZL>46.28002924671847</UZL>
      <K0>0.60697573125917137</K0>
      <K1>0.30017060827237546</K1>
      <K2>0.0485780018686837</K2>
      <MAXBAS>1.0049923446574285</MAXBAS>
      <Cet>0</Cet>
      <PCALT>10</PCALT>
      <TCALT>0.6</TCALT>
      <Pelev>3349</Pelev>
      <Telev>2921</Telev>
      <PART>0.5</PART>
      <DELAY>1</DELAY>
    </SubCatchmentParameters>
    <SubCatchmentVegetationZone>
      <SubCatchmentVegetationZoneParameters>
        <TT>-0.69802340982805777</TT>
        <CFMAX>2.4010918083484274</CFMAX>
        <SP>0</SP>
        <SFCF>0.7514890716204915</SFCF>
        <CFR>0.051429296068424751</CFR>
        <CWH>0.10000033424364478</CWH>
        <CFGlacier>1</CFGlacier>
        <CFSlope>1</CFSlope>
        <FC>128.99500686181673</FC>
        <LP>0.71553440737781593</LP>
        <BETA>1.0000016257889661</BETA>
      </SubCatchmentVegetationZoneParameters>
    </SubCatchmentVegetationZone>
  </SubCatchment>
</Catchment>