<?xml version="1.0" encoding="utf-8"?>
<Catchment xmlns:xsi="http://www.w3.org/2001/XMLSchema-instance" xmlns:xsd="http://www.w3.org/2001/XMLSchema">
  <CatchmentParameters>
    <KSI>0.001</KSI>
    <KGmin>0.05</KGmin>
    <RangeKG>0.1</RangeKG>
    <AG>0.1</AG>
    <PERC>1.5663326114332468</PERC>
    <Alpha>0</Alpha>
    <UZL>76.938465665215176</UZL>
    <K0>0.34712906339656258</K0>
    <K1>0.068533404512387514</K1>
    <K2>0.010000003140043862</K2>
    <MAXBAS>1</MAXBAS>
    <Cet>0</Cet>
    <PCALT>10</PCALT>
    <TCALT>0.6</TCALT>
    <Pelev>3349</Pelev>
    <Telev>2921</Telev>
    <PART>0.5</PART>
    <DELAY>1</DELAY>
  </CatchmentParameters>
  <VegetationZone>
    <VegetationZoneParameters>
      <TT>-1.1103849839861921</TT>
      <CFMAX>3.1243623255509965</CFMAX>
      <SP>0</SP>
      <SFCF>1.0999883717331342</SFCF>
      <CFR>2.7331068663331311E-08</CFR>
      <CWH>0.10000000750223349</CWH>
      <CFGlacier>1</CFGlacier>
      <CFSlope>1</CFSlope>
      <FC>1985.0951027443184</FC>
      <LP>0.89615865924933646</LP>
      <BETA>1.3053322513690517</BETA>
    </VegetationZoneParameters>
  </VegetationZone>
  <SubCatchment>
    <SubCatchmentParameters>
      <KSI>0.001</KSI>
      <KGmin>0.05</KGmin>
      <RangeKG>0.1</RangeKG>
      <AG>0.1</AG>
      <PERC>1.5663326114332468</PERC>
      <Alpha>0</Alpha>
      <UZL>76.938465665215176</UZL>
      <K0>0.34712906339656258</K0>
      <K1>0.068533404512387514</K1>
      <K2>0.010000003140043862</K2>
      <MAXBAS>1</MAXBAS>
      <Cet>0</Cet>
      <PCALT>10</PCALT>
      <TCALT>0.6</TCALT>
      <Pelev>3349</Pelev>
      <Telev>2921</Telev>
      <PART>0.5</PART>
      <DELAY>1</DELAY>
    </SubCatchmentParameters>
    <SubCatchmentVegetationZone>
      <SubCatchmentVegetationZoneParameters>
        <TT>-1.1103849839861921</TT>
        <CFMAX>3.1243623255509965</CFMAX>
        <SP>0</SP>
        <SFCF>1.0999883717331342</SFCF>
        <CFR>2.7331068663331311E-08</CFR>
        <CWH>0.10000000750223349</CWH>
        <CFGlacier>1</CFGlacier>
        <CFSlope>1</CFSlope>
        <FC>1985.0951027443184</FC>
        <LP>0.89615865924933646</LP>
        <BETA>1.3053322513690517</BETA>
      </SubCatchmentVegetationZoneParameters>
    </SubCatchmentVegetationZone>
  </SubCatchment>
</Catchment>