<?xml version="1.0" encoding="utf-8"?>
<Catchment xmlns:xsi="http://www.w3.org/2001/XMLSchema-instance" xmlns:xsd="http://www.w3.org/2001/XMLSchema">
  <CatchmentParameters>
    <KSI>0.001</KSI>
    <KGmin>0.05</KGmin>
    <RangeKG>0.1</RangeKG>
    <AG>0.1</AG>
    <PERC>9.9999988033329625</PERC>
    <Alpha>0</Alpha>
    <UZL>150.52202507220702</UZL>
    <K0>0.91696657632824863</K0>
    <K1>0.18324874695496829</K1>
    <K2>0.045886545397576882</K2>
    <MAXBAS>1.0001750689220477</MAXBAS>
    <Cet>0</Cet>
    <PCALT>10</PCALT>
    <TCALT>0.6</TCALT>
    <Pelev>3349</Pelev>
    <Telev>2921</Telev>
    <PART>0.5</PART>
    <DELAY>1</DELAY>
  </CatchmentParameters>
  <VegetationZone>
    <VegetationZoneParameters>
      <TT>-0.87999798618534641</TT>
      <CFMAX>4.72773340603689</CFMAX>
      <SP>0</SP>
      <SFCF>1.0429728598432229</SFCF>
      <CFR>0.055781857888606942</CFR>
      <CWH>0.19999866495627924</CWH>
      <CFGlacier>1</CFGlacier>
      <CFSlope>1</CFSlope>
      <FC>999.9951445479453</FC>
      <LP>0.95686160837787926</LP>
      <BETA>1.4804203839417887</BETA>
    </VegetationZoneParameters>
  </VegetationZone>
  <SubCatchment>
    <SubCatchmentParameters>
      <KSI>0.001</KSI>
      <KGmin>0.05</KGmin>
      <RangeKG>0.1</RangeKG>
      <AG>0.1</AG>
      <PERC>9.9999988033329625</PERC>
      <Alpha>0</Alpha>
      <UZL>150.52202507220702</UZL>
      <K0>0.91696657632824863</K0>
      <K1>0.18324874695496829</K1>
      <K2>0.045886545397576882</K2>
      <MAXBAS>1.0001750689220477</MAXBAS>
      <Cet>0</Cet>
      <PCALT>10</PCALT>
      <TCALT>0.6</TCALT>
      <Pelev>3349</Pelev>
      <Telev>2921</Telev>
      <PART>0.5</PART>
      <DELAY>1</DELAY>
    </SubCatchmentParameters>
    <SubCatchmentVegetationZone>
      <SubCatchmentVegetationZoneParameters>
        <TT>-0.87999798618534641</TT>
        <CFMAX>4.72773340603689</CFMAX>
        <SP>0</SP>
        <SFCF>1.0429728598432229</SFCF>
        <CFR>0.055781857888606942</CFR>
        <CWH>0.19999866495627924</CWH>
        <CFGlacier>1</CFGlacier>
        <CFSlope>1</CFSlope>
        <FC>999.9951445479453</FC>
        <LP>0.95686160837787926</LP>
        <BETA>1.4804203839417887</BETA>
      </SubCatchmentVegetationZoneParameters>
    </SubCatchmentVegetationZone>
  </SubCatchment>
</Catchment>