<?xml version="1.0" encoding="utf-8"?>
<Catchment xmlns:xsi="http://www.w3.org/2001/XMLSchema-instance" xmlns:xsd="http://www.w3.org/2001/XMLSchema">
  <CatchmentParameters>
    <KSI>0.001</KSI>
    <KGmin>0.05</KGmin>
    <RangeKG>0.1</RangeKG>
    <AG>0.1</AG>
    <PERC>1.1161827239309194</PERC>
    <Alpha>0</Alpha>
    <UZL>63.392507721805472</UZL>
    <K0>0.37970215110613736</K0>
    <K1>0.086629206816266915</K1>
    <K2>0.020000193336235116</K2>
    <MAXBAS>1.0000050573182691</MAXBAS>
    <Cet>0</Cet>
    <PCALT>10</PCALT>
    <TCALT>0.6</TCALT>
    <Pelev>3349</Pelev>
    <Telev>2921</Telev>
    <PART>0.5</PART>
    <DELAY>1</DELAY>
  </CatchmentParameters>
  <VegetationZone>
    <VegetationZoneParameters>
      <TT>-0.77996948014291967</TT>
      <CFMAX>2.7006681558102708</CFMAX>
      <SP>0</SP>
      <SFCF>0.88714099392669343</SFCF>
      <CFR>0.00818109920518918</CFR>
      <CWH>0.10000047193190503</CWH>
      <CFGlacier>1</CFGlacier>
      <CFSlope>1</CFSlope>
      <FC>634.10885748504074</FC>
      <LP>0.99999864508261394</LP>
      <BETA>1.0000002559866534</BETA>
    </VegetationZoneParameters>
  </VegetationZone>
  <SubCatchment>
    <SubCatchmentParameters>
      <KSI>0.001</KSI>
      <KGmin>0.05</KGmin>
      <RangeKG>0.1</RangeKG>
      <AG>0.1</AG>
      <PERC>1.1161827239309194</PERC>
      <Alpha>0</Alpha>
      <UZL>63.392507721805472</UZL>
      <K0>0.37970215110613736</K0>
      <K1>0.086629206816266915</K1>
      <K2>0.020000193336235116</K2>
      <MAXBAS>1.0000050573182691</MAXBAS>
      <Cet>0</Cet>
      <PCALT>10</PCALT>
      <TCALT>0.6</TCALT>
      <Pelev>3349</Pelev>
      <Telev>2921</Telev>
      <PART>0.5</PART>
      <DELAY>1</DELAY>
    </SubCatchmentParameters>
    <SubCatchmentVegetationZone>
      <SubCatchmentVegetationZoneParameters>
        <TT>-0.77996948014291967</TT>
        <CFMAX>2.7006681558102708</CFMAX>
        <SP>0</SP>
        <SFCF>0.88714099392669343</SFCF>
        <CFR>0.00818109920518918</CFR>
        <CWH>0.10000047193190503</CWH>
        <CFGlacier>1</CFGlacier>
        <CFSlope>1</CFSlope>
        <FC>634.10885748504074</FC>
        <LP>0.99999864508261394</LP>
        <BETA>1.0000002559866534</BETA>
      </SubCatchmentVegetationZoneParameters>
    </SubCatchmentVegetationZone>
  </SubCatchment>
</Catchment>