<?xml version="1.0" encoding="utf-8"?>
<Catchment xmlns:xsi="http://www.w3.org/2001/XMLSchema-instance" xmlns:xsd="http://www.w3.org/2001/XMLSchema">
  <CatchmentParameters>
    <KSI>0.001</KSI>
    <KGmin>0.05</KGmin>
    <RangeKG>0.1</RangeKG>
    <AG>0.1</AG>
    <PERC>9.9999188060980462</PERC>
    <Alpha>0</Alpha>
    <UZL>76.143168904717939</UZL>
    <K0>0.304006735377153</K0>
    <K1>0.1845842843088239</K1>
    <K2>0.047010726146400651</K2>
    <MAXBAS>1.0000865520170215</MAXBAS>
    <Cet>0</Cet>
    <PCALT>10</PCALT>
    <TCALT>0.6</TCALT>
    <Pelev>3349</Pelev>
    <Telev>2921</Telev>
    <PART>0.5</PART>
    <DELAY>1</DELAY>
  </CatchmentParameters>
  <VegetationZone>
    <VegetationZoneParameters>
      <TT>-0.41572408883706979</TT>
      <CFMAX>4.2357141772153568</CFMAX>
      <SP>0</SP>
      <SFCF>0.87240286362374619</SFCF>
      <CFR>7.8815035389482967E-05</CFR>
      <CWH>0.19999796505674333</CWH>
      <CFGlacier>1</CFGlacier>
      <CFSlope>1</CFSlope>
      <FC>428.73714439000258</FC>
      <LP>0.99999999943892992</LP>
      <BETA>1.0000004537388867</BETA>
    </VegetationZoneParameters>
  </VegetationZone>
  <SubCatchment>
    <SubCatchmentParameters>
      <KSI>0.001</KSI>
      <KGmin>0.05</KGmin>
      <RangeKG>0.1</RangeKG>
      <AG>0.1</AG>
      <PERC>9.9999188060980462</PERC>
      <Alpha>0</Alpha>
      <UZL>76.143168904717939</UZL>
      <K0>0.304006735377153</K0>
      <K1>0.1845842843088239</K1>
      <K2>0.047010726146400651</K2>
      <MAXBAS>1.0000865520170215</MAXBAS>
      <Cet>0</Cet>
      <PCALT>10</PCALT>
      <TCALT>0.6</TCALT>
      <Pelev>3349</Pelev>
      <Telev>2921</Telev>
      <PART>0.5</PART>
      <DELAY>1</DELAY>
    </SubCatchmentParameters>
    <SubCatchmentVegetationZone>
      <SubCatchmentVegetationZoneParameters>
        <TT>-0.41572408883706979</TT>
        <CFMAX>4.2357141772153568</CFMAX>
        <SP>0</SP>
        <SFCF>0.87240286362374619</SFCF>
        <CFR>7.8815035389482967E-05</CFR>
        <CWH>0.19999796505674333</CWH>
        <CFGlacier>1</CFGlacier>
        <CFSlope>1</CFSlope>
        <FC>428.73714439000258</FC>
        <LP>0.99999999943892992</LP>
        <BETA>1.0000004537388867</BETA>
      </SubCatchmentVegetationZoneParameters>
    </SubCatchmentVegetationZone>
  </SubCatchment>
</Catchment>