<?xml version="1.0" encoding="utf-8"?>
<Catchment xmlns:xsi="http://www.w3.org/2001/XMLSchema-instance" xmlns:xsd="http://www.w3.org/2001/XMLSchema">
  <CatchmentParameters>
    <KSI>0.001</KSI>
    <KGmin>0.05</KGmin>
    <RangeKG>0.1</RangeKG>
    <AG>0.1</AG>
    <PERC>9.9999893996181584</PERC>
    <Alpha>0</Alpha>
    <UZL>83.8286339322179</UZL>
    <K0>0.42725238782777852</K0>
    <K1>0.23006217413377089</K1>
    <K2>0.047256019070478744</K2>
    <MAXBAS>1.0000529988935898</MAXBAS>
    <Cet>0</Cet>
    <PCALT>10</PCALT>
    <TCALT>0.6</TCALT>
    <Pelev>3349</Pelev>
    <Telev>2921</Telev>
    <PART>0.5</PART>
    <DELAY>1</DELAY>
  </CatchmentParameters>
  <VegetationZone>
    <VegetationZoneParameters>
      <TT>-1.1349827231052092</TT>
      <CFMAX>4.0394987922266763</CFMAX>
      <SP>0</SP>
      <SFCF>0.98583962788381441</SFCF>
      <CFR>0.068685006184044453</CFR>
      <CWH>0.19999928076641507</CWH>
      <CFGlacier>1</CFGlacier>
      <CFSlope>1</CFSlope>
      <FC>889.05690600706691</FC>
      <LP>0.99998453854740488</LP>
      <BETA>1.2660267161586656</BETA>
    </VegetationZoneParameters>
  </VegetationZone>
  <SubCatchment>
    <SubCatchmentParameters>
      <KSI>0.001</KSI>
      <KGmin>0.05</KGmin>
      <RangeKG>0.1</RangeKG>
      <AG>0.1</AG>
      <PERC>9.9999893996181584</PERC>
      <Alpha>0</Alpha>
      <UZL>83.8286339322179</UZL>
      <K0>0.42725238782777852</K0>
      <K1>0.23006217413377089</K1>
      <K2>0.047256019070478744</K2>
      <MAXBAS>1.0000529988935898</MAXBAS>
      <Cet>0</Cet>
      <PCALT>10</PCALT>
      <TCALT>0.6</TCALT>
      <Pelev>3349</Pelev>
      <Telev>2921</Telev>
      <PART>0.5</PART>
      <DELAY>1</DELAY>
    </SubCatchmentParameters>
    <SubCatchmentVegetationZone>
      <SubCatchmentVegetationZoneParameters>
        <TT>-1.1349827231052092</TT>
        <CFMAX>4.0394987922266763</CFMAX>
        <SP>0</SP>
        <SFCF>0.98583962788381441</SFCF>
        <CFR>0.068685006184044453</CFR>
        <CWH>0.19999928076641507</CWH>
        <CFGlacier>1</CFGlacier>
        <CFSlope>1</CFSlope>
        <FC>889.05690600706691</FC>
        <LP>0.99998453854740488</LP>
        <BETA>1.2660267161586656</BETA>
      </SubCatchmentVegetationZoneParameters>
    </SubCatchmentVegetationZone>
  </SubCatchment>
</Catchment>