<?xml version="1.0" encoding="utf-8"?>
<Catchment xmlns:xsi="http://www.w3.org/2001/XMLSchema-instance" xmlns:xsd="http://www.w3.org/2001/XMLSchema">
  <CatchmentParameters>
    <KSI>0.001</KSI>
    <KGmin>0.05</KGmin>
    <RangeKG>0.1</RangeKG>
    <AG>0.1</AG>
    <PERC>6.1527910715539607</PERC>
    <Alpha>0</Alpha>
    <UZL>58.122709639940233</UZL>
    <K0>0.90606700009165353</K0>
    <K1>0.23940918412458578</K1>
    <K2>0.070525980076545411</K2>
    <MAXBAS>1.0000389349064416</MAXBAS>
    <Cet>0</Cet>
    <PCALT>10</PCALT>
    <TCALT>0.6</TCALT>
    <Pelev>3349</Pelev>
    <Telev>2921</Telev>
    <PART>0.5</PART>
    <DELAY>1</DELAY>
  </CatchmentParameters>
  <VegetationZone>
    <VegetationZoneParameters>
      <TT>-0.40067019782114938</TT>
      <CFMAX>2.9028519546770366</CFMAX>
      <SP>0</SP>
      <SFCF>0.8917221213797617</SFCF>
      <CFR>0.00021013319368676052</CFR>
      <CWH>0.10000108245451955</CWH>
      <CFGlacier>1</CFGlacier>
      <CFSlope>1</CFSlope>
      <FC>999.991190341268</FC>
      <LP>0.99999917363161162</LP>
      <BETA>1.0000004951739379</BETA>
    </VegetationZoneParameters>
  </VegetationZone>
  <SubCatchment>
    <SubCatchmentParameters>
      <KSI>0.001</KSI>
      <KGmin>0.05</KGmin>
      <RangeKG>0.1</RangeKG>
      <AG>0.1</AG>
      <PERC>6.1527910715539607</PERC>
      <Alpha>0</Alpha>
      <UZL>58.122709639940233</UZL>
      <K0>0.90606700009165353</K0>
      <K1>0.23940918412458578</K1>
      <K2>0.070525980076545411</K2>
      <MAXBAS>1.0000389349064416</MAXBAS>
      <Cet>0</Cet>
      <PCALT>10</PCALT>
      <TCALT>0.6</TCALT>
      <Pelev>3349</Pelev>
      <Telev>2921</Telev>
      <PART>0.5</PART>
      <DELAY>1</DELAY>
    </SubCatchmentParameters>
    <SubCatchmentVegetationZone>
      <SubCatchmentVegetationZoneParameters>
        <TT>-0.40067019782114938</TT>
        <CFMAX>2.9028519546770366</CFMAX>
        <SP>0</SP>
        <SFCF>0.8917221213797617</SFCF>
        <CFR>0.00021013319368676052</CFR>
        <CWH>0.10000108245451955</CWH>
        <CFGlacier>1</CFGlacier>
        <CFSlope>1</CFSlope>
        <FC>999.991190341268</FC>
        <LP>0.99999917363161162</LP>
        <BETA>1.0000004951739379</BETA>
      </SubCatchmentVegetationZoneParameters>
    </SubCatchmentVegetationZone>
  </SubCatchment>
</Catchment>