<?xml version="1.0" encoding="utf-8"?>
<Catchment xmlns:xsi="http://www.w3.org/2001/XMLSchema-instance" xmlns:xsd="http://www.w3.org/2001/XMLSchema">
  <CatchmentParameters>
    <KSI>0.001</KSI>
    <KGmin>0.05</KGmin>
    <RangeKG>0.1</RangeKG>
    <AG>0.1</AG>
    <PERC>5.3592427605343724</PERC>
    <Alpha>0</Alpha>
    <UZL>154.999175713545</UZL>
    <K0>0.93127019673733824</K0>
    <K1>0.24536310445966134</K1>
    <K2>0.05942866255074359</K2>
    <MAXBAS>1.0049244549386338</MAXBAS>
    <Cet>0</Cet>
    <PCALT>10</PCALT>
    <TCALT>0.6</TCALT>
    <Pelev>3349</Pelev>
    <Telev>2921</Telev>
    <PART>0.5</PART>
    <DELAY>1</DELAY>
  </CatchmentParameters>
  <VegetationZone>
    <VegetationZoneParameters>
      <TT>-0.64614650999241163</TT>
      <CFMAX>2.6316789342469811</CFMAX>
      <SP>0</SP>
      <SFCF>0.86596251494436238</SFCF>
      <CFR>0.00031302620474485789</CFR>
      <CWH>0.10000012765843432</CWH>
      <CFGlacier>1</CFGlacier>
      <CFSlope>1</CFSlope>
      <FC>445.87332972655929</FC>
      <LP>0.99999956040990778</LP>
      <BETA>1.0000003097837613</BETA>
    </VegetationZoneParameters>
  </VegetationZone>
  <SubCatchment>
    <SubCatchmentParameters>
      <KSI>0.001</KSI>
      <KGmin>0.05</KGmin>
      <RangeKG>0.1</RangeKG>
      <AG>0.1</AG>
      <PERC>5.3592427605343724</PERC>
      <Alpha>0</Alpha>
      <UZL>154.999175713545</UZL>
      <K0>0.93127019673733824</K0>
      <K1>0.24536310445966134</K1>
      <K2>0.05942866255074359</K2>
      <MAXBAS>1.0049244549386338</MAXBAS>
      <Cet>0</Cet>
      <PCALT>10</PCALT>
      <TCALT>0.6</TCALT>
      <Pelev>3349</Pelev>
      <Telev>2921</Telev>
      <PART>0.5</PART>
      <DELAY>1</DELAY>
    </SubCatchmentParameters>
    <SubCatchmentVegetationZone>
      <SubCatchmentVegetationZoneParameters>
        <TT>-0.64614650999241163</TT>
        <CFMAX>2.6316789342469811</CFMAX>
        <SP>0</SP>
        <SFCF>0.86596251494436238</SFCF>
        <CFR>0.00031302620474485789</CFR>
        <CWH>0.10000012765843432</CWH>
        <CFGlacier>1</CFGlacier>
        <CFSlope>1</CFSlope>
        <FC>445.87332972655929</FC>
        <LP>0.99999956040990778</LP>
        <BETA>1.0000003097837613</BETA>
      </SubCatchmentVegetationZoneParameters>
    </SubCatchmentVegetationZone>
  </SubCatchment>
</Catchment>