<?xml version="1.0" encoding="utf-8"?>
<Catchment xmlns:xsi="http://www.w3.org/2001/XMLSchema-instance" xmlns:xsd="http://www.w3.org/2001/XMLSchema">
  <CatchmentParameters>
    <KSI>0.001</KSI>
    <KGmin>0.05</KGmin>
    <RangeKG>0.1</RangeKG>
    <AG>0.1</AG>
    <PERC>6.80501156477334</PERC>
    <Alpha>0</Alpha>
    <UZL>165.86609563151652</UZL>
    <K0>0.050009429297016343</K0>
    <K1>0.24642874332655407</K1>
    <K2>0.063446194031519215</K2>
    <MAXBAS>1.0000411755074725</MAXBAS>
    <Cet>0</Cet>
    <PCALT>10</PCALT>
    <TCALT>0.6</TCALT>
    <Pelev>3349</Pelev>
    <Telev>2921</Telev>
    <PART>0.5</PART>
    <DELAY>1</DELAY>
  </CatchmentParameters>
  <VegetationZone>
    <VegetationZoneParameters>
      <TT>-0.37447889209479879</TT>
      <CFMAX>3.1417105121541984</CFMAX>
      <SP>0</SP>
      <SFCF>0.91189859130302764</SFCF>
      <CFR>0.019028110799006622</CFR>
      <CWH>0.10000045438848096</CWH>
      <CFGlacier>1</CFGlacier>
      <CFSlope>1</CFSlope>
      <FC>999.9961304710514</FC>
      <LP>0.99999712060945434</LP>
      <BETA>1.0000009058438097</BETA>
    </VegetationZoneParameters>
  </VegetationZone>
  <SubCatchment>
    <SubCatchmentParameters>
      <KSI>0.001</KSI>
      <KGmin>0.05</KGmin>
      <RangeKG>0.1</RangeKG>
      <AG>0.1</AG>
      <PERC>6.80501156477334</PERC>
      <Alpha>0</Alpha>
      <UZL>165.86609563151652</UZL>
      <K0>0.050009429297016343</K0>
      <K1>0.24642874332655407</K1>
      <K2>0.063446194031519215</K2>
      <MAXBAS>1.0000411755074725</MAXBAS>
      <Cet>0</Cet>
      <PCALT>10</PCALT>
      <TCALT>0.6</TCALT>
      <Pelev>3349</Pelev>
      <Telev>2921</Telev>
      <PART>0.5</PART>
      <DELAY>1</DELAY>
    </SubCatchmentParameters>
    <SubCatchmentVegetationZone>
      <SubCatchmentVegetationZoneParameters>
        <TT>-0.37447889209479879</TT>
        <CFMAX>3.1417105121541984</CFMAX>
        <SP>0</SP>
        <SFCF>0.91189859130302764</SFCF>
        <CFR>0.019028110799006622</CFR>
        <CWH>0.10000045438848096</CWH>
        <CFGlacier>1</CFGlacier>
        <CFSlope>1</CFSlope>
        <FC>999.9961304710514</FC>
        <LP>0.99999712060945434</LP>
        <BETA>1.0000009058438097</BETA>
      </SubCatchmentVegetationZoneParameters>
    </SubCatchmentVegetationZone>
  </SubCatchment>
</Catchment>