<?xml version="1.0" encoding="utf-8"?>
<Catchment xmlns:xsi="http://www.w3.org/2001/XMLSchema-instance" xmlns:xsd="http://www.w3.org/2001/XMLSchema">
  <CatchmentParameters>
    <KSI>0.001</KSI>
    <KGmin>0.05</KGmin>
    <RangeKG>0.1</RangeKG>
    <AG>0.1</AG>
    <PERC>1.6873772204385764</PERC>
    <Alpha>0</Alpha>
    <UZL>51.492453800466627</UZL>
    <K0>0.19918022802073462</K0>
    <K1>0.078562866006568033</K1>
    <K2>0.010000002484517457</K2>
    <MAXBAS>1</MAXBAS>
    <Cet>0</Cet>
    <PCALT>10</PCALT>
    <TCALT>0.6</TCALT>
    <Pelev>3349</Pelev>
    <Telev>2921</Telev>
    <PART>0.5</PART>
    <DELAY>1</DELAY>
  </CatchmentParameters>
  <VegetationZone>
    <VegetationZoneParameters>
      <TT>-1.5406870158174901</TT>
      <CFMAX>3.0905968220125417</CFMAX>
      <SP>0</SP>
      <SFCF>1.2607773879282851</SFCF>
      <CFR>2.1616757646930406E-08</CFR>
      <CWH>0.10000011678962052</CWH>
      <CFGlacier>1</CFGlacier>
      <CFSlope>1</CFSlope>
      <FC>2499.9936467259095</FC>
      <LP>0.59741155168547655</LP>
      <BETA>1.0122721599829647</BETA>
    </VegetationZoneParameters>
  </VegetationZone>
  <SubCatchment>
    <SubCatchmentParameters>
      <KSI>0.001</KSI>
      <KGmin>0.05</KGmin>
      <RangeKG>0.1</RangeKG>
      <AG>0.1</AG>
      <PERC>1.6873772204385764</PERC>
      <Alpha>0</Alpha>
      <UZL>51.492453800466627</UZL>
      <K0>0.19918022802073462</K0>
      <K1>0.078562866006568033</K1>
      <K2>0.010000002484517457</K2>
      <MAXBAS>1</MAXBAS>
      <Cet>0</Cet>
      <PCALT>10</PCALT>
      <TCALT>0.6</TCALT>
      <Pelev>3349</Pelev>
      <Telev>2921</Telev>
      <PART>0.5</PART>
      <DELAY>1</DELAY>
    </SubCatchmentParameters>
    <SubCatchmentVegetationZone>
      <SubCatchmentVegetationZoneParameters>
        <TT>-1.5406870158174901</TT>
        <CFMAX>3.0905968220125417</CFMAX>
        <SP>0</SP>
        <SFCF>1.2607773879282851</SFCF>
        <CFR>2.1616757646930406E-08</CFR>
        <CWH>0.10000011678962052</CWH>
        <CFGlacier>1</CFGlacier>
        <CFSlope>1</CFSlope>
        <FC>2499.9936467259095</FC>
        <LP>0.59741155168547655</LP>
        <BETA>1.0122721599829647</BETA>
      </SubCatchmentVegetationZoneParameters>
    </SubCatchmentVegetationZone>
  </SubCatchment>
</Catchment>