<?xml version="1.0" encoding="utf-8"?>
<Catchment xmlns:xsi="http://www.w3.org/2001/XMLSchema-instance" xmlns:xsd="http://www.w3.org/2001/XMLSchema">
  <CatchmentParameters>
    <KSI>0.001</KSI>
    <KGmin>0.05</KGmin>
    <RangeKG>0.1</RangeKG>
    <AG>0.1</AG>
    <PERC>1.6330335534941374</PERC>
    <Alpha>0</Alpha>
    <UZL>157.80881355599632</UZL>
    <K0>0.24041233410283389</K0>
    <K1>0.046277737659539478</K1>
    <K2>0.01000000122022547</K2>
    <MAXBAS>1</MAXBAS>
    <Cet>0</Cet>
    <PCALT>10</PCALT>
    <TCALT>0.6</TCALT>
    <Pelev>3349</Pelev>
    <Telev>2921</Telev>
    <PART>0.5</PART>
    <DELAY>1</DELAY>
  </CatchmentParameters>
  <VegetationZone>
    <VegetationZoneParameters>
      <TT>-1.9250857761672533</TT>
      <CFMAX>4.3654225426241187</CFMAX>
      <SP>0</SP>
      <SFCF>1.2513734216029244</SFCF>
      <CFR>0.04346963114844582</CFR>
      <CWH>0.13908904769882755</CWH>
      <CFGlacier>1</CFGlacier>
      <CFSlope>1</CFSlope>
      <FC>1354.0813841092665</FC>
      <LP>0.73430621830535237</LP>
      <BETA>1.1453122332707504</BETA>
    </VegetationZoneParameters>
  </VegetationZone>
  <SubCatchment>
    <SubCatchmentParameters>
      <KSI>0.001</KSI>
      <KGmin>0.05</KGmin>
      <RangeKG>0.1</RangeKG>
      <AG>0.1</AG>
      <PERC>1.6330335534941374</PERC>
      <Alpha>0</Alpha>
      <UZL>157.80881355599632</UZL>
      <K0>0.24041233410283389</K0>
      <K1>0.046277737659539478</K1>
      <K2>0.01000000122022547</K2>
      <MAXBAS>1</MAXBAS>
      <Cet>0</Cet>
      <PCALT>10</PCALT>
      <TCALT>0.6</TCALT>
      <Pelev>3349</Pelev>
      <Telev>2921</Telev>
      <PART>0.5</PART>
      <DELAY>1</DELAY>
    </SubCatchmentParameters>
    <SubCatchmentVegetationZone>
      <SubCatchmentVegetationZoneParameters>
        <TT>-1.9250857761672533</TT>
        <CFMAX>4.3654225426241187</CFMAX>
        <SP>0</SP>
        <SFCF>1.2513734216029244</SFCF>
        <CFR>0.04346963114844582</CFR>
        <CWH>0.13908904769882755</CWH>
        <CFGlacier>1</CFGlacier>
        <CFSlope>1</CFSlope>
        <FC>1354.0813841092665</FC>
        <LP>0.73430621830535237</LP>
        <BETA>1.1453122332707504</BETA>
      </SubCatchmentVegetationZoneParameters>
    </SubCatchmentVegetationZone>
  </SubCatchment>
</Catchment>