<?xml version="1.0" encoding="utf-8"?>
<Catchment xmlns:xsi="http://www.w3.org/2001/XMLSchema-instance" xmlns:xsd="http://www.w3.org/2001/XMLSchema">
  <CatchmentParameters>
    <KSI>0.001</KSI>
    <KGmin>0.05</KGmin>
    <RangeKG>0.1</RangeKG>
    <AG>0.1</AG>
    <PERC>1.7166140491643405</PERC>
    <Alpha>0</Alpha>
    <UZL>51.38872151035725</UZL>
    <K0>0.19860681468041386</K0>
    <K1>0.080143394415667188</K1>
    <K2>0.010000002286412837</K2>
    <MAXBAS>1</MAXBAS>
    <Cet>0</Cet>
    <PCALT>10</PCALT>
    <TCALT>0.6</TCALT>
    <Pelev>3349</Pelev>
    <Telev>2921</Telev>
    <PART>0.5</PART>
    <DELAY>1</DELAY>
  </CatchmentParameters>
  <VegetationZone>
    <VegetationZoneParameters>
      <TT>-1.4665712896610101</TT>
      <CFMAX>3.1022750286531506</CFMAX>
      <SP>0</SP>
      <SFCF>1.2536365203707354</SFCF>
      <CFR>6.8464630449487357E-08</CFR>
      <CWH>0.10000000052162329</CWH>
      <CFGlacier>1</CFGlacier>
      <CFSlope>1</CFSlope>
      <FC>2499.9934373149804</FC>
      <LP>0.6241950147947648</LP>
      <BETA>1.0685738198574089</BETA>
    </VegetationZoneParameters>
  </VegetationZone>
  <SubCatchment>
    <SubCatchmentParameters>
      <KSI>0.001</KSI>
      <KGmin>0.05</KGmin>
      <RangeKG>0.1</RangeKG>
      <AG>0.1</AG>
      <PERC>1.7166140491643405</PERC>
      <Alpha>0</Alpha>
      <UZL>51.38872151035725</UZL>
      <K0>0.19860681468041386</K0>
      <K1>0.080143394415667188</K1>
      <K2>0.010000002286412837</K2>
      <MAXBAS>1</MAXBAS>
      <Cet>0</Cet>
      <PCALT>10</PCALT>
      <TCALT>0.6</TCALT>
      <Pelev>3349</Pelev>
      <Telev>2921</Telev>
      <PART>0.5</PART>
      <DELAY>1</DELAY>
    </SubCatchmentParameters>
    <SubCatchmentVegetationZone>
      <SubCatchmentVegetationZoneParameters>
        <TT>-1.4665712896610101</TT>
        <CFMAX>3.1022750286531506</CFMAX>
        <SP>0</SP>
        <SFCF>1.2536365203707354</SFCF>
        <CFR>6.8464630449487357E-08</CFR>
        <CWH>0.10000000052162329</CWH>
        <CFGlacier>1</CFGlacier>
        <CFSlope>1</CFSlope>
        <FC>2499.9934373149804</FC>
        <LP>0.6241950147947648</LP>
        <BETA>1.0685738198574089</BETA>
      </SubCatchmentVegetationZoneParameters>
    </SubCatchmentVegetationZone>
  </SubCatchment>
</Catchment>