<?xml version="1.0" encoding="utf-8"?>
<Catchment xmlns:xsi="http://www.w3.org/2001/XMLSchema-instance" xmlns:xsd="http://www.w3.org/2001/XMLSchema">
  <CatchmentParameters>
    <KSI>0.001</KSI>
    <KGmin>0.05</KGmin>
    <RangeKG>0.1</RangeKG>
    <AG>0.1</AG>
    <PERC>9.9999564607187157</PERC>
    <Alpha>0</Alpha>
    <UZL>125.83187115873818</UZL>
    <K0>0.073469165219104279</K0>
    <K1>0.19108374488941252</K1>
    <K2>0.043991153074180327</K2>
    <MAXBAS>1.0000118324285319</MAXBAS>
    <Cet>0</Cet>
    <PCALT>10</PCALT>
    <TCALT>0.6</TCALT>
    <Pelev>3349</Pelev>
    <Telev>2921</Telev>
    <PART>0.5</PART>
    <DELAY>1</DELAY>
  </CatchmentParameters>
  <VegetationZone>
    <VegetationZoneParameters>
      <TT>-1.8447992402329863</TT>
      <CFMAX>3.100590139628538</CFMAX>
      <SP>0</SP>
      <SFCF>0.9129987472631732</SFCF>
      <CFR>0.064372932908655756</CFR>
      <CWH>0.19999997259861241</CWH>
      <CFGlacier>1</CFGlacier>
      <CFSlope>1</CFSlope>
      <FC>403.34404410276</FC>
      <LP>0.999992117906099</LP>
      <BETA>1.3480554148378745</BETA>
    </VegetationZoneParameters>
  </VegetationZone>
  <SubCatchment>
    <SubCatchmentParameters>
      <KSI>0.001</KSI>
      <KGmin>0.05</KGmin>
      <RangeKG>0.1</RangeKG>
      <AG>0.1</AG>
      <PERC>9.9999564607187157</PERC>
      <Alpha>0</Alpha>
      <UZL>125.83187115873818</UZL>
      <K0>0.073469165219104279</K0>
      <K1>0.19108374488941252</K1>
      <K2>0.043991153074180327</K2>
      <MAXBAS>1.0000118324285319</MAXBAS>
      <Cet>0</Cet>
      <PCALT>10</PCALT>
      <TCALT>0.6</TCALT>
      <Pelev>3349</Pelev>
      <Telev>2921</Telev>
      <PART>0.5</PART>
      <DELAY>1</DELAY>
    </SubCatchmentParameters>
    <SubCatchmentVegetationZone>
      <SubCatchmentVegetationZoneParameters>
        <TT>-1.8447992402329863</TT>
        <CFMAX>3.100590139628538</CFMAX>
        <SP>0</SP>
        <SFCF>0.9129987472631732</SFCF>
        <CFR>0.064372932908655756</CFR>
        <CWH>0.19999997259861241</CWH>
        <CFGlacier>1</CFGlacier>
        <CFSlope>1</CFSlope>
        <FC>403.34404410276</FC>
        <LP>0.999992117906099</LP>
        <BETA>1.3480554148378745</BETA>
      </SubCatchmentVegetationZoneParameters>
    </SubCatchmentVegetationZone>
  </SubCatchment>
</Catchment>