<?xml version="1.0" encoding="utf-8"?>
<Catchment xmlns:xsi="http://www.w3.org/2001/XMLSchema-instance" xmlns:xsd="http://www.w3.org/2001/XMLSchema">
  <CatchmentParameters>
    <KSI>0.001</KSI>
    <KGmin>0.05</KGmin>
    <RangeKG>0.1</RangeKG>
    <AG>0.1</AG>
    <PERC>9.9999619070896486</PERC>
    <Alpha>0</Alpha>
    <UZL>195.05192079426971</UZL>
    <K0>0.15221536143400727</K0>
    <K1>0.19252369245540149</K1>
    <K2>0.045830778988155442</K2>
    <MAXBAS>1.000119646575051</MAXBAS>
    <Cet>0</Cet>
    <PCALT>10</PCALT>
    <TCALT>0.6</TCALT>
    <Pelev>3349</Pelev>
    <Telev>2921</Telev>
    <PART>0.5</PART>
    <DELAY>1</DELAY>
  </CatchmentParameters>
  <VegetationZone>
    <VegetationZoneParameters>
      <TT>-0.84667951356919768</TT>
      <CFMAX>4.4660475234268482</CFMAX>
      <SP>0</SP>
      <SFCF>0.98009969270473762</SFCF>
      <CFR>0.06382641189401117</CFR>
      <CWH>0.19999946209476627</CWH>
      <CFGlacier>1</CFGlacier>
      <CFSlope>1</CFSlope>
      <FC>878.18573997332135</FC>
      <LP>0.9999999952267794</LP>
      <BETA>1.2040326152207239</BETA>
    </VegetationZoneParameters>
  </VegetationZone>
  <SubCatchment>
    <SubCatchmentParameters>
      <KSI>0.001</KSI>
      <KGmin>0.05</KGmin>
      <RangeKG>0.1</RangeKG>
      <AG>0.1</AG>
      <PERC>9.9999619070896486</PERC>
      <Alpha>0</Alpha>
      <UZL>195.05192079426971</UZL>
      <K0>0.15221536143400727</K0>
      <K1>0.19252369245540149</K1>
      <K2>0.045830778988155442</K2>
      <MAXBAS>1.000119646575051</MAXBAS>
      <Cet>0</Cet>
      <PCALT>10</PCALT>
      <TCALT>0.6</TCALT>
      <Pelev>3349</Pelev>
      <Telev>2921</Telev>
      <PART>0.5</PART>
      <DELAY>1</DELAY>
    </SubCatchmentParameters>
    <SubCatchmentVegetationZone>
      <SubCatchmentVegetationZoneParameters>
        <TT>-0.84667951356919768</TT>
        <CFMAX>4.4660475234268482</CFMAX>
        <SP>0</SP>
        <SFCF>0.98009969270473762</SFCF>
        <CFR>0.06382641189401117</CFR>
        <CWH>0.19999946209476627</CWH>
        <CFGlacier>1</CFGlacier>
        <CFSlope>1</CFSlope>
        <FC>878.18573997332135</FC>
        <LP>0.9999999952267794</LP>
        <BETA>1.2040326152207239</BETA>
      </SubCatchmentVegetationZoneParameters>
    </SubCatchmentVegetationZone>
  </SubCatchment>
</Catchment>