<?xml version="1.0" encoding="utf-8"?>
<Catchment xmlns:xsi="http://www.w3.org/2001/XMLSchema-instance" xmlns:xsd="http://www.w3.org/2001/XMLSchema">
  <CatchmentParameters>
    <KSI>0.001</KSI>
    <KGmin>0.05</KGmin>
    <RangeKG>0.1</RangeKG>
    <AG>0.1</AG>
    <PERC>1.5728967979571231</PERC>
    <Alpha>0</Alpha>
    <UZL>50.920284944754975</UZL>
    <K0>0.24077052634661803</K0>
    <K1>0.077233324534773329</K1>
    <K2>0.010000000432710298</K2>
    <MAXBAS>1</MAXBAS>
    <Cet>0</Cet>
    <PCALT>10</PCALT>
    <TCALT>0.6</TCALT>
    <Pelev>3349</Pelev>
    <Telev>2921</Telev>
    <PART>0.5</PART>
    <DELAY>1</DELAY>
  </CatchmentParameters>
  <VegetationZone>
    <VegetationZoneParameters>
      <TT>-1.9159887785182985</TT>
      <CFMAX>2.49905391455665</CFMAX>
      <SP>0</SP>
      <SFCF>1.1389716559181919</SFCF>
      <CFR>1.2462512777790364E-09</CFR>
      <CWH>0.10000014789694992</CWH>
      <CFGlacier>1</CFGlacier>
      <CFSlope>1</CFSlope>
      <FC>1359.9564311130262</FC>
      <LP>0.823322466565492</LP>
      <BETA>1.1204838137401956</BETA>
    </VegetationZoneParameters>
  </VegetationZone>
  <SubCatchment>
    <SubCatchmentParameters>
      <KSI>0.001</KSI>
      <KGmin>0.05</KGmin>
      <RangeKG>0.1</RangeKG>
      <AG>0.1</AG>
      <PERC>1.5728967979571231</PERC>
      <Alpha>0</Alpha>
      <UZL>50.920284944754975</UZL>
      <K0>0.24077052634661803</K0>
      <K1>0.077233324534773329</K1>
      <K2>0.010000000432710298</K2>
      <MAXBAS>1</MAXBAS>
      <Cet>0</Cet>
      <PCALT>10</PCALT>
      <TCALT>0.6</TCALT>
      <Pelev>3349</Pelev>
      <Telev>2921</Telev>
      <PART>0.5</PART>
      <DELAY>1</DELAY>
    </SubCatchmentParameters>
    <SubCatchmentVegetationZone>
      <SubCatchmentVegetationZoneParameters>
        <TT>-1.9159887785182985</TT>
        <CFMAX>2.49905391455665</CFMAX>
        <SP>0</SP>
        <SFCF>1.1389716559181919</SFCF>
        <CFR>1.2462512777790364E-09</CFR>
        <CWH>0.10000014789694992</CWH>
        <CFGlacier>1</CFGlacier>
        <CFSlope>1</CFSlope>
        <FC>1359.9564311130262</FC>
        <LP>0.823322466565492</LP>
        <BETA>1.1204838137401956</BETA>
      </SubCatchmentVegetationZoneParameters>
    </SubCatchmentVegetationZone>
  </SubCatchment>
</Catchment>