<?xml version="1.0" encoding="utf-8"?>
<Catchment xmlns:xsi="http://www.w3.org/2001/XMLSchema-instance" xmlns:xsd="http://www.w3.org/2001/XMLSchema">
  <CatchmentParameters>
    <KSI>0.001</KSI>
    <KGmin>0.05</KGmin>
    <RangeKG>0.1</RangeKG>
    <AG>0.1</AG>
    <PERC>1.173532921505247</PERC>
    <Alpha>0</Alpha>
    <UZL>145.5984274039763</UZL>
    <K0>0.11218435547744708</K0>
    <K1>0.039610974764945239</K1>
    <K2>0.010000002363622385</K2>
    <MAXBAS>1</MAXBAS>
    <Cet>0</Cet>
    <PCALT>10</PCALT>
    <TCALT>0.6</TCALT>
    <Pelev>3349</Pelev>
    <Telev>2921</Telev>
    <PART>0.5</PART>
    <DELAY>1</DELAY>
  </CatchmentParameters>
  <VegetationZone>
    <VegetationZoneParameters>
      <TT>-1.5277473688012253</TT>
      <CFMAX>4.0550472897965406</CFMAX>
      <SP>0</SP>
      <SFCF>1.1018291141552981</SFCF>
      <CFR>7.175206196308729E-08</CFR>
      <CWH>0.10994712977830319</CWH>
      <CFGlacier>1</CFGlacier>
      <CFSlope>1</CFSlope>
      <FC>874.527332598058</FC>
      <LP>0.93892121723002064</LP>
      <BETA>1.0436183983717804</BETA>
    </VegetationZoneParameters>
  </VegetationZone>
  <SubCatchment>
    <SubCatchmentParameters>
      <KSI>0.001</KSI>
      <KGmin>0.05</KGmin>
      <RangeKG>0.1</RangeKG>
      <AG>0.1</AG>
      <PERC>1.173532921505247</PERC>
      <Alpha>0</Alpha>
      <UZL>145.5984274039763</UZL>
      <K0>0.11218435547744708</K0>
      <K1>0.039610974764945239</K1>
      <K2>0.010000002363622385</K2>
      <MAXBAS>1</MAXBAS>
      <Cet>0</Cet>
      <PCALT>10</PCALT>
      <TCALT>0.6</TCALT>
      <Pelev>3349</Pelev>
      <Telev>2921</Telev>
      <PART>0.5</PART>
      <DELAY>1</DELAY>
    </SubCatchmentParameters>
    <SubCatchmentVegetationZone>
      <SubCatchmentVegetationZoneParameters>
        <TT>-1.5277473688012253</TT>
        <CFMAX>4.0550472897965406</CFMAX>
        <SP>0</SP>
        <SFCF>1.1018291141552981</SFCF>
        <CFR>7.175206196308729E-08</CFR>
        <CWH>0.10994712977830319</CWH>
        <CFGlacier>1</CFGlacier>
        <CFSlope>1</CFSlope>
        <FC>874.527332598058</FC>
        <LP>0.93892121723002064</LP>
        <BETA>1.0436183983717804</BETA>
      </SubCatchmentVegetationZoneParameters>
    </SubCatchmentVegetationZone>
  </SubCatchment>
</Catchment>