<?xml version="1.0" encoding="utf-8"?>
<Catchment xmlns:xsi="http://www.w3.org/2001/XMLSchema-instance" xmlns:xsd="http://www.w3.org/2001/XMLSchema">
  <CatchmentParameters>
    <KSI>0.001</KSI>
    <KGmin>0.05</KGmin>
    <RangeKG>0.1</RangeKG>
    <AG>0.1</AG>
    <PERC>9.99996828106138</PERC>
    <Alpha>0</Alpha>
    <UZL>46.343666440805848</UZL>
    <K0>0.19328384756969447</K0>
    <K1>0.11876155870501057</K1>
    <K2>0.041589539783521257</K2>
    <MAXBAS>1.0001393592003098</MAXBAS>
    <Cet>0</Cet>
    <PCALT>10</PCALT>
    <TCALT>0.6</TCALT>
    <Pelev>3349</Pelev>
    <Telev>2921</Telev>
    <PART>0.5</PART>
    <DELAY>1</DELAY>
  </CatchmentParameters>
  <VegetationZone>
    <VegetationZoneParameters>
      <TT>-0.57878978655862623</TT>
      <CFMAX>4.0890181646403674</CFMAX>
      <SP>0</SP>
      <SFCF>0.81147711449518511</SFCF>
      <CFR>0.071539137031912767</CFR>
      <CWH>0.199995420332649</CWH>
      <CFGlacier>1</CFGlacier>
      <CFSlope>1</CFSlope>
      <FC>244.97702368935825</FC>
      <LP>0.99999570429076445</LP>
      <BETA>1.000002204873687</BETA>
    </VegetationZoneParameters>
  </VegetationZone>
  <SubCatchment>
    <SubCatchmentParameters>
      <KSI>0.001</KSI>
      <KGmin>0.05</KGmin>
      <RangeKG>0.1</RangeKG>
      <AG>0.1</AG>
      <PERC>9.99996828106138</PERC>
      <Alpha>0</Alpha>
      <UZL>46.343666440805848</UZL>
      <K0>0.19328384756969447</K0>
      <K1>0.11876155870501057</K1>
      <K2>0.041589539783521257</K2>
      <MAXBAS>1.0001393592003098</MAXBAS>
      <Cet>0</Cet>
      <PCALT>10</PCALT>
      <TCALT>0.6</TCALT>
      <Pelev>3349</Pelev>
      <Telev>2921</Telev>
      <PART>0.5</PART>
      <DELAY>1</DELAY>
    </SubCatchmentParameters>
    <SubCatchmentVegetationZone>
      <SubCatchmentVegetationZoneParameters>
        <TT>-0.57878978655862623</TT>
        <CFMAX>4.0890181646403674</CFMAX>
        <SP>0</SP>
        <SFCF>0.81147711449518511</SFCF>
        <CFR>0.071539137031912767</CFR>
        <CWH>0.199995420332649</CWH>
        <CFGlacier>1</CFGlacier>
        <CFSlope>1</CFSlope>
        <FC>244.97702368935825</FC>
        <LP>0.99999570429076445</LP>
        <BETA>1.000002204873687</BETA>
      </SubCatchmentVegetationZoneParameters>
    </SubCatchmentVegetationZone>
  </SubCatchment>
</Catchment>