<?xml version="1.0" encoding="utf-8"?>
<Catchment xmlns:xsi="http://www.w3.org/2001/XMLSchema-instance" xmlns:xsd="http://www.w3.org/2001/XMLSchema">
  <CatchmentParameters>
    <KSI>0.001</KSI>
    <KGmin>0.05</KGmin>
    <RangeKG>0.1</RangeKG>
    <AG>0.1</AG>
    <PERC>9.9999667631823232</PERC>
    <Alpha>0</Alpha>
    <UZL>138.94680114733194</UZL>
    <K0>0.055013798620890196</K0>
    <K1>0.21888251289202498</K1>
    <K2>0.046000029765709119</K2>
    <MAXBAS>1.0001499835553935</MAXBAS>
    <Cet>0</Cet>
    <PCALT>10</PCALT>
    <TCALT>0.6</TCALT>
    <Pelev>3349</Pelev>
    <Telev>2921</Telev>
    <PART>0.5</PART>
    <DELAY>1</DELAY>
  </CatchmentParameters>
  <VegetationZone>
    <VegetationZoneParameters>
      <TT>-1.7537259276657837</TT>
      <CFMAX>3.7107597206641647</CFMAX>
      <SP>0</SP>
      <SFCF>1.0370192754661518</SFCF>
      <CFR>0.099987585080132418</CFR>
      <CWH>0.19999926391450612</CWH>
      <CFGlacier>1</CFGlacier>
      <CFSlope>1</CFSlope>
      <FC>887.71424514435478</FC>
      <LP>0.99999557671201422</LP>
      <BETA>1.5812946238027592</BETA>
    </VegetationZoneParameters>
  </VegetationZone>
  <SubCatchment>
    <SubCatchmentParameters>
      <KSI>0.001</KSI>
      <KGmin>0.05</KGmin>
      <RangeKG>0.1</RangeKG>
      <AG>0.1</AG>
      <PERC>9.9999667631823232</PERC>
      <Alpha>0</Alpha>
      <UZL>138.94680114733194</UZL>
      <K0>0.055013798620890196</K0>
      <K1>0.21888251289202498</K1>
      <K2>0.046000029765709119</K2>
      <MAXBAS>1.0001499835553935</MAXBAS>
      <Cet>0</Cet>
      <PCALT>10</PCALT>
      <TCALT>0.6</TCALT>
      <Pelev>3349</Pelev>
      <Telev>2921</Telev>
      <PART>0.5</PART>
      <DELAY>1</DELAY>
    </SubCatchmentParameters>
    <SubCatchmentVegetationZone>
      <SubCatchmentVegetationZoneParameters>
        <TT>-1.7537259276657837</TT>
        <CFMAX>3.7107597206641647</CFMAX>
        <SP>0</SP>
        <SFCF>1.0370192754661518</SFCF>
        <CFR>0.099987585080132418</CFR>
        <CWH>0.19999926391450612</CWH>
        <CFGlacier>1</CFGlacier>
        <CFSlope>1</CFSlope>
        <FC>887.71424514435478</FC>
        <LP>0.99999557671201422</LP>
        <BETA>1.5812946238027592</BETA>
      </SubCatchmentVegetationZoneParameters>
    </SubCatchmentVegetationZone>
  </SubCatchment>
</Catchment>