<?xml version="1.0" encoding="utf-8"?>
<Catchment xmlns:xsi="http://www.w3.org/2001/XMLSchema-instance" xmlns:xsd="http://www.w3.org/2001/XMLSchema">
  <CatchmentParameters>
    <KSI>0.001</KSI>
    <KGmin>0.05</KGmin>
    <RangeKG>0.1</RangeKG>
    <AG>0.1</AG>
    <PERC>1.9351757939518595</PERC>
    <Alpha>0</Alpha>
    <UZL>132.16820097270718</UZL>
    <K0>0.52517901150848845</K0>
    <K1>0.12133486246284936</K1>
    <K2>0.010000004424042131</K2>
    <MAXBAS>1</MAXBAS>
    <Cet>0</Cet>
    <PCALT>10</PCALT>
    <TCALT>0.6</TCALT>
    <Pelev>3349</Pelev>
    <Telev>2921</Telev>
    <PART>0.5</PART>
    <DELAY>1</DELAY>
  </CatchmentParameters>
  <VegetationZone>
    <VegetationZoneParameters>
      <TT>-1.2979797151835038</TT>
      <CFMAX>3.2596706290214312</CFMAX>
      <SP>0</SP>
      <SFCF>1.2448485194471903</SFCF>
      <CFR>2.965129256552537E-07</CFR>
      <CWH>0.10000000159790293</CWH>
      <CFGlacier>1</CFGlacier>
      <CFSlope>1</CFSlope>
      <FC>2499.9940903959509</FC>
      <LP>0.72579874029393154</LP>
      <BETA>1.4048591071896306</BETA>
    </VegetationZoneParameters>
  </VegetationZone>
  <SubCatchment>
    <SubCatchmentParameters>
      <KSI>0.001</KSI>
      <KGmin>0.05</KGmin>
      <RangeKG>0.1</RangeKG>
      <AG>0.1</AG>
      <PERC>1.9351757939518595</PERC>
      <Alpha>0</Alpha>
      <UZL>132.16820097270718</UZL>
      <K0>0.52517901150848845</K0>
      <K1>0.12133486246284936</K1>
      <K2>0.010000004424042131</K2>
      <MAXBAS>1</MAXBAS>
      <Cet>0</Cet>
      <PCALT>10</PCALT>
      <TCALT>0.6</TCALT>
      <Pelev>3349</Pelev>
      <Telev>2921</Telev>
      <PART>0.5</PART>
      <DELAY>1</DELAY>
    </SubCatchmentParameters>
    <SubCatchmentVegetationZone>
      <SubCatchmentVegetationZoneParameters>
        <TT>-1.2979797151835038</TT>
        <CFMAX>3.2596706290214312</CFMAX>
        <SP>0</SP>
        <SFCF>1.2448485194471903</SFCF>
        <CFR>2.965129256552537E-07</CFR>
        <CWH>0.10000000159790293</CWH>
        <CFGlacier>1</CFGlacier>
        <CFSlope>1</CFSlope>
        <FC>2499.9940903959509</FC>
        <LP>0.72579874029393154</LP>
        <BETA>1.4048591071896306</BETA>
      </SubCatchmentVegetationZoneParameters>
    </SubCatchmentVegetationZone>
  </SubCatchment>
</Catchment>