<?xml version="1.0" encoding="utf-8"?>
<Catchment xmlns:xsi="http://www.w3.org/2001/XMLSchema-instance" xmlns:xsd="http://www.w3.org/2001/XMLSchema">
  <CatchmentParameters>
    <KSI>0.001</KSI>
    <KGmin>0.05</KGmin>
    <RangeKG>0.1</RangeKG>
    <AG>0.1</AG>
    <PERC>1.2148929408035021</PERC>
    <Alpha>0</Alpha>
    <UZL>104.23310171124001</UZL>
    <K0>0.077054510603042761</K0>
    <K1>0.045143618210142761</K1>
    <K2>0.010000000282351981</K2>
    <MAXBAS>1</MAXBAS>
    <Cet>0</Cet>
    <PCALT>10</PCALT>
    <TCALT>0.6</TCALT>
    <Pelev>3349</Pelev>
    <Telev>2921</Telev>
    <PART>0.5</PART>
    <DELAY>1</DELAY>
  </CatchmentParameters>
  <VegetationZone>
    <VegetationZoneParameters>
      <TT>-1.8980047771861572</TT>
      <CFMAX>3.6304631586940248</CFMAX>
      <SP>0</SP>
      <SFCF>1.1926448584737632</SFCF>
      <CFR>4.5464343441391331E-05</CFR>
      <CWH>0.13596259054207663</CWH>
      <CFGlacier>1</CFGlacier>
      <CFSlope>1</CFSlope>
      <FC>2130.9372226067217</FC>
      <LP>0.92870433118042284</LP>
      <BETA>1.6987000732613926</BETA>
    </VegetationZoneParameters>
  </VegetationZone>
  <SubCatchment>
    <SubCatchmentParameters>
      <KSI>0.001</KSI>
      <KGmin>0.05</KGmin>
      <RangeKG>0.1</RangeKG>
      <AG>0.1</AG>
      <PERC>1.2148929408035021</PERC>
      <Alpha>0</Alpha>
      <UZL>104.23310171124001</UZL>
      <K0>0.077054510603042761</K0>
      <K1>0.045143618210142761</K1>
      <K2>0.010000000282351981</K2>
      <MAXBAS>1</MAXBAS>
      <Cet>0</Cet>
      <PCALT>10</PCALT>
      <TCALT>0.6</TCALT>
      <Pelev>3349</Pelev>
      <Telev>2921</Telev>
      <PART>0.5</PART>
      <DELAY>1</DELAY>
    </SubCatchmentParameters>
    <SubCatchmentVegetationZone>
      <SubCatchmentVegetationZoneParameters>
        <TT>-1.8980047771861572</TT>
        <CFMAX>3.6304631586940248</CFMAX>
        <SP>0</SP>
        <SFCF>1.1926448584737632</SFCF>
        <CFR>4.5464343441391331E-05</CFR>
        <CWH>0.13596259054207663</CWH>
        <CFGlacier>1</CFGlacier>
        <CFSlope>1</CFSlope>
        <FC>2130.9372226067217</FC>
        <LP>0.92870433118042284</LP>
        <BETA>1.6987000732613926</BETA>
      </SubCatchmentVegetationZoneParameters>
    </SubCatchmentVegetationZone>
  </SubCatchment>
</Catchment>