<?xml version="1.0" encoding="utf-8"?>
<Catchment xmlns:xsi="http://www.w3.org/2001/XMLSchema-instance" xmlns:xsd="http://www.w3.org/2001/XMLSchema">
  <CatchmentParameters>
    <KSI>0.001</KSI>
    <KGmin>0.05</KGmin>
    <RangeKG>0.1</RangeKG>
    <AG>0.1</AG>
    <PERC>1.418921450294353</PERC>
    <Alpha>0</Alpha>
    <UZL>77.192917346989432</UZL>
    <K0>0.34151583810050556</K0>
    <K1>0.061706154663387643</K1>
    <K2>0.010000006100737697</K2>
    <MAXBAS>1</MAXBAS>
    <Cet>0</Cet>
    <PCALT>10</PCALT>
    <TCALT>0.6</TCALT>
    <Pelev>3349</Pelev>
    <Telev>2921</Telev>
    <PART>0.5</PART>
    <DELAY>1</DELAY>
  </CatchmentParameters>
  <VegetationZone>
    <VegetationZoneParameters>
      <TT>-1.9376214950373489</TT>
      <CFMAX>2.5579957162928633</CFMAX>
      <SP>0</SP>
      <SFCF>1.1015775920485382</SFCF>
      <CFR>5.4128677695302494E-08</CFR>
      <CWH>0.1000001434938856</CWH>
      <CFGlacier>1</CFGlacier>
      <CFSlope>1</CFSlope>
      <FC>802.120194154065</FC>
      <LP>0.87905389052377247</LP>
      <BETA>1.07760334433824</BETA>
    </VegetationZoneParameters>
  </VegetationZone>
  <SubCatchment>
    <SubCatchmentParameters>
      <KSI>0.001</KSI>
      <KGmin>0.05</KGmin>
      <RangeKG>0.1</RangeKG>
      <AG>0.1</AG>
      <PERC>1.418921450294353</PERC>
      <Alpha>0</Alpha>
      <UZL>77.192917346989432</UZL>
      <K0>0.34151583810050556</K0>
      <K1>0.061706154663387643</K1>
      <K2>0.010000006100737697</K2>
      <MAXBAS>1</MAXBAS>
      <Cet>0</Cet>
      <PCALT>10</PCALT>
      <TCALT>0.6</TCALT>
      <Pelev>3349</Pelev>
      <Telev>2921</Telev>
      <PART>0.5</PART>
      <DELAY>1</DELAY>
    </SubCatchmentParameters>
    <SubCatchmentVegetationZone>
      <SubCatchmentVegetationZoneParameters>
        <TT>-1.9376214950373489</TT>
        <CFMAX>2.5579957162928633</CFMAX>
        <SP>0</SP>
        <SFCF>1.1015775920485382</SFCF>
        <CFR>5.4128677695302494E-08</CFR>
        <CWH>0.1000001434938856</CWH>
        <CFGlacier>1</CFGlacier>
        <CFSlope>1</CFSlope>
        <FC>802.120194154065</FC>
        <LP>0.87905389052377247</LP>
        <BETA>1.07760334433824</BETA>
      </SubCatchmentVegetationZoneParameters>
    </SubCatchmentVegetationZone>
  </SubCatchment>
</Catchment>