<?xml version="1.0" encoding="utf-8"?>
<Catchment xmlns:xsi="http://www.w3.org/2001/XMLSchema-instance" xmlns:xsd="http://www.w3.org/2001/XMLSchema">
  <CatchmentParameters>
    <KSI>0.001</KSI>
    <KGmin>0.05</KGmin>
    <RangeKG>0.1</RangeKG>
    <AG>0.1</AG>
    <PERC>9.9999627944952589</PERC>
    <Alpha>0</Alpha>
    <UZL>93.059372432426088</UZL>
    <K0>0.26232205077684517</K0>
    <K1>0.16639986388911018</K1>
    <K2>0.039007239964064223</K2>
    <MAXBAS>1.0000000112727303</MAXBAS>
    <Cet>0</Cet>
    <PCALT>10</PCALT>
    <TCALT>0.6</TCALT>
    <Pelev>3349</Pelev>
    <Telev>2921</Telev>
    <PART>0.5</PART>
    <DELAY>1</DELAY>
  </CatchmentParameters>
  <VegetationZone>
    <VegetationZoneParameters>
      <TT>-1.2160000796823305</TT>
      <CFMAX>3.1309993010266073</CFMAX>
      <SP>0</SP>
      <SFCF>0.78248589766467147</SFCF>
      <CFR>0.045742801568909426</CFR>
      <CWH>0.19999975984008947</CWH>
      <CFGlacier>1</CFGlacier>
      <CFSlope>1</CFSlope>
      <FC>172.00611699309226</FC>
      <LP>0.999984972786899</LP>
      <BETA>1.1519483111767481</BETA>
    </VegetationZoneParameters>
  </VegetationZone>
  <SubCatchment>
    <SubCatchmentParameters>
      <KSI>0.001</KSI>
      <KGmin>0.05</KGmin>
      <RangeKG>0.1</RangeKG>
      <AG>0.1</AG>
      <PERC>9.9999627944952589</PERC>
      <Alpha>0</Alpha>
      <UZL>93.059372432426088</UZL>
      <K0>0.26232205077684517</K0>
      <K1>0.16639986388911018</K1>
      <K2>0.039007239964064223</K2>
      <MAXBAS>1.0000000112727303</MAXBAS>
      <Cet>0</Cet>
      <PCALT>10</PCALT>
      <TCALT>0.6</TCALT>
      <Pelev>3349</Pelev>
      <Telev>2921</Telev>
      <PART>0.5</PART>
      <DELAY>1</DELAY>
    </SubCatchmentParameters>
    <SubCatchmentVegetationZone>
      <SubCatchmentVegetationZoneParameters>
        <TT>-1.2160000796823305</TT>
        <CFMAX>3.1309993010266073</CFMAX>
        <SP>0</SP>
        <SFCF>0.78248589766467147</SFCF>
        <CFR>0.045742801568909426</CFR>
        <CWH>0.19999975984008947</CWH>
        <CFGlacier>1</CFGlacier>
        <CFSlope>1</CFSlope>
        <FC>172.00611699309226</FC>
        <LP>0.999984972786899</LP>
        <BETA>1.1519483111767481</BETA>
      </SubCatchmentVegetationZoneParameters>
    </SubCatchmentVegetationZone>
  </SubCatchment>
</Catchment>