<?xml version="1.0" encoding="utf-8"?>
<Catchment xmlns:xsi="http://www.w3.org/2001/XMLSchema-instance" xmlns:xsd="http://www.w3.org/2001/XMLSchema">
  <CatchmentParameters>
    <KSI>0.001</KSI>
    <KGmin>0.05</KGmin>
    <RangeKG>0.1</RangeKG>
    <AG>0.1</AG>
    <PERC>7.1030091688323216</PERC>
    <Alpha>0</Alpha>
    <UZL>135.78652894212991</UZL>
    <K0>0.39853491167257477</K0>
    <K1>0.34981188975053629</K1>
    <K2>0.051719837319009893</K2>
    <MAXBAS>1.0000942931142527</MAXBAS>
    <Cet>0</Cet>
    <PCALT>10</PCALT>
    <TCALT>0.6</TCALT>
    <Pelev>3349</Pelev>
    <Telev>2921</Telev>
    <PART>0.5</PART>
    <DELAY>1</DELAY>
  </CatchmentParameters>
  <VegetationZone>
    <VegetationZoneParameters>
      <TT>-1.6980074278118575</TT>
      <CFMAX>1.805616990914108</CFMAX>
      <SP>0</SP>
      <SFCF>0.75585156591856517</SFCF>
      <CFR>0.0010833096796531519</CFR>
      <CWH>0.19999696720199842</CWH>
      <CFGlacier>1</CFGlacier>
      <CFSlope>1</CFSlope>
      <FC>130.90197140678481</FC>
      <LP>0.30007504618613545</LP>
      <BETA>5.9999318386711273</BETA>
    </VegetationZoneParameters>
  </VegetationZone>
  <SubCatchment>
    <SubCatchmentParameters>
      <KSI>0.001</KSI>
      <KGmin>0.05</KGmin>
      <RangeKG>0.1</RangeKG>
      <AG>0.1</AG>
      <PERC>7.1030091688323216</PERC>
      <Alpha>0</Alpha>
      <UZL>135.78652894212991</UZL>
      <K0>0.39853491167257477</K0>
      <K1>0.34981188975053629</K1>
      <K2>0.051719837319009893</K2>
      <MAXBAS>1.0000942931142527</MAXBAS>
      <Cet>0</Cet>
      <PCALT>10</PCALT>
      <TCALT>0.6</TCALT>
      <Pelev>3349</Pelev>
      <Telev>2921</Telev>
      <PART>0.5</PART>
      <DELAY>1</DELAY>
    </SubCatchmentParameters>
    <SubCatchmentVegetationZone>
      <SubCatchmentVegetationZoneParameters>
        <TT>-1.6980074278118575</TT>
        <CFMAX>1.805616990914108</CFMAX>
        <SP>0</SP>
        <SFCF>0.75585156591856517</SFCF>
        <CFR>0.0010833096796531519</CFR>
        <CWH>0.19999696720199842</CWH>
        <CFGlacier>1</CFGlacier>
        <CFSlope>1</CFSlope>
        <FC>130.90197140678481</FC>
        <LP>0.30007504618613545</LP>
        <BETA>5.9999318386711273</BETA>
      </SubCatchmentVegetationZoneParameters>
    </SubCatchmentVegetationZone>
  </SubCatchment>
</Catchment>