<?xml version="1.0" encoding="utf-8"?>
<Catchment xmlns:xsi="http://www.w3.org/2001/XMLSchema-instance" xmlns:xsd="http://www.w3.org/2001/XMLSchema">
  <CatchmentParameters>
    <KSI>0.001</KSI>
    <KGmin>0.05</KGmin>
    <RangeKG>0.1</RangeKG>
    <AG>0.1</AG>
    <PERC>9.9999570367112653</PERC>
    <Alpha>0</Alpha>
    <UZL>109.73813108808238</UZL>
    <K0>0.44165709349378557</K0>
    <K1>0.18745590250691882</K1>
    <K2>0.043061777560175818</K2>
    <MAXBAS>1.0001814432666842</MAXBAS>
    <Cet>0</Cet>
    <PCALT>10</PCALT>
    <TCALT>0.6</TCALT>
    <Pelev>3349</Pelev>
    <Telev>2921</Telev>
    <PART>0.5</PART>
    <DELAY>1</DELAY>
  </CatchmentParameters>
  <VegetationZone>
    <VegetationZoneParameters>
      <TT>-1.6985145419419445</TT>
      <CFMAX>3.6317791315470758</CFMAX>
      <SP>0</SP>
      <SFCF>1.0021998632771307</SFCF>
      <CFR>0.081468481515123634</CFR>
      <CWH>0.19999887524795365</CWH>
      <CFGlacier>1</CFGlacier>
      <CFSlope>1</CFSlope>
      <FC>647.51115828176216</FC>
      <LP>0.99999957616525137</LP>
      <BETA>1.3907485000014161</BETA>
    </VegetationZoneParameters>
  </VegetationZone>
  <SubCatchment>
    <SubCatchmentParameters>
      <KSI>0.001</KSI>
      <KGmin>0.05</KGmin>
      <RangeKG>0.1</RangeKG>
      <AG>0.1</AG>
      <PERC>9.9999570367112653</PERC>
      <Alpha>0</Alpha>
      <UZL>109.73813108808238</UZL>
      <K0>0.44165709349378557</K0>
      <K1>0.18745590250691882</K1>
      <K2>0.043061777560175818</K2>
      <MAXBAS>1.0001814432666842</MAXBAS>
      <Cet>0</Cet>
      <PCALT>10</PCALT>
      <TCALT>0.6</TCALT>
      <Pelev>3349</Pelev>
      <Telev>2921</Telev>
      <PART>0.5</PART>
      <DELAY>1</DELAY>
    </SubCatchmentParameters>
    <SubCatchmentVegetationZone>
      <SubCatchmentVegetationZoneParameters>
        <TT>-1.6985145419419445</TT>
        <CFMAX>3.6317791315470758</CFMAX>
        <SP>0</SP>
        <SFCF>1.0021998632771307</SFCF>
        <CFR>0.081468481515123634</CFR>
        <CWH>0.19999887524795365</CWH>
        <CFGlacier>1</CFGlacier>
        <CFSlope>1</CFSlope>
        <FC>647.51115828176216</FC>
        <LP>0.99999957616525137</LP>
        <BETA>1.3907485000014161</BETA>
      </SubCatchmentVegetationZoneParameters>
    </SubCatchmentVegetationZone>
  </SubCatchment>
</Catchment>