<?xml version="1.0" encoding="utf-8"?>
<Catchment xmlns:xsi="http://www.w3.org/2001/XMLSchema-instance" xmlns:xsd="http://www.w3.org/2001/XMLSchema">
  <CatchmentParameters>
    <KSI>0.001</KSI>
    <KGmin>0.05</KGmin>
    <RangeKG>0.1</RangeKG>
    <AG>0.1</AG>
    <PERC>1.44575259418855</PERC>
    <Alpha>0</Alpha>
    <UZL>63.832705174420127</UZL>
    <K0>0.26872085048590644</K0>
    <K1>0.069228012315824955</K1>
    <K2>0.010000007399050513</K2>
    <MAXBAS>1</MAXBAS>
    <Cet>0</Cet>
    <PCALT>10</PCALT>
    <TCALT>0.6</TCALT>
    <Pelev>3349</Pelev>
    <Telev>2921</Telev>
    <PART>0.5</PART>
    <DELAY>1</DELAY>
  </CatchmentParameters>
  <VegetationZone>
    <VegetationZoneParameters>
      <TT>-1.8980990346270092</TT>
      <CFMAX>2.6383645472220563</CFMAX>
      <SP>0</SP>
      <SFCF>1.166047289536374</SFCF>
      <CFR>0.00051206639948040507</CFR>
      <CWH>0.10000000001115764</CWH>
      <CFGlacier>1</CFGlacier>
      <CFSlope>1</CFSlope>
      <FC>2208.9580877916778</FC>
      <LP>0.83220988025496556</LP>
      <BETA>1.367525103231602</BETA>
    </VegetationZoneParameters>
  </VegetationZone>
  <SubCatchment>
    <SubCatchmentParameters>
      <KSI>0.001</KSI>
      <KGmin>0.05</KGmin>
      <RangeKG>0.1</RangeKG>
      <AG>0.1</AG>
      <PERC>1.44575259418855</PERC>
      <Alpha>0</Alpha>
      <UZL>63.832705174420127</UZL>
      <K0>0.26872085048590644</K0>
      <K1>0.069228012315824955</K1>
      <K2>0.010000007399050513</K2>
      <MAXBAS>1</MAXBAS>
      <Cet>0</Cet>
      <PCALT>10</PCALT>
      <TCALT>0.6</TCALT>
      <Pelev>3349</Pelev>
      <Telev>2921</Telev>
      <PART>0.5</PART>
      <DELAY>1</DELAY>
    </SubCatchmentParameters>
    <SubCatchmentVegetationZone>
      <SubCatchmentVegetationZoneParameters>
        <TT>-1.8980990346270092</TT>
        <CFMAX>2.6383645472220563</CFMAX>
        <SP>0</SP>
        <SFCF>1.166047289536374</SFCF>
        <CFR>0.00051206639948040507</CFR>
        <CWH>0.10000000001115764</CWH>
        <CFGlacier>1</CFGlacier>
        <CFSlope>1</CFSlope>
        <FC>2208.9580877916778</FC>
        <LP>0.83220988025496556</LP>
        <BETA>1.367525103231602</BETA>
      </SubCatchmentVegetationZoneParameters>
    </SubCatchmentVegetationZone>
  </SubCatchment>
</Catchment>