<?xml version="1.0" encoding="utf-8"?>
<Catchment xmlns:xsi="http://www.w3.org/2001/XMLSchema-instance" xmlns:xsd="http://www.w3.org/2001/XMLSchema">
  <CatchmentParameters>
    <KSI>0.001</KSI>
    <KGmin>0.05</KGmin>
    <RangeKG>0.1</RangeKG>
    <AG>0.1</AG>
    <PERC>1.5504198024727991</PERC>
    <Alpha>0</Alpha>
    <UZL>175.96081022711877</UZL>
    <K0>0.60761563948265418</K0>
    <K1>0.085636977538284212</K1>
    <K2>0.010000007098645848</K2>
    <MAXBAS>1</MAXBAS>
    <Cet>0</Cet>
    <PCALT>10</PCALT>
    <TCALT>0.6</TCALT>
    <Pelev>3349</Pelev>
    <Telev>2921</Telev>
    <PART>0.5</PART>
    <DELAY>1</DELAY>
  </CatchmentParameters>
  <VegetationZone>
    <VegetationZoneParameters>
      <TT>-1.898007941189632</TT>
      <CFMAX>2.7809401291397853</CFMAX>
      <SP>0</SP>
      <SFCF>1.1660738859753856</SFCF>
      <CFR>0.00047290256679878638</CFR>
      <CWH>0.10000040800737071</CWH>
      <CFGlacier>1</CFGlacier>
      <CFSlope>1</CFSlope>
      <FC>1865.0929625900128</FC>
      <LP>0.81755337370594383</LP>
      <BETA>1.2264952584769393</BETA>
    </VegetationZoneParameters>
  </VegetationZone>
  <SubCatchment>
    <SubCatchmentParameters>
      <KSI>0.001</KSI>
      <KGmin>0.05</KGmin>
      <RangeKG>0.1</RangeKG>
      <AG>0.1</AG>
      <PERC>1.5504198024727991</PERC>
      <Alpha>0</Alpha>
      <UZL>175.96081022711877</UZL>
      <K0>0.60761563948265418</K0>
      <K1>0.085636977538284212</K1>
      <K2>0.010000007098645848</K2>
      <MAXBAS>1</MAXBAS>
      <Cet>0</Cet>
      <PCALT>10</PCALT>
      <TCALT>0.6</TCALT>
      <Pelev>3349</Pelev>
      <Telev>2921</Telev>
      <PART>0.5</PART>
      <DELAY>1</DELAY>
    </SubCatchmentParameters>
    <SubCatchmentVegetationZone>
      <SubCatchmentVegetationZoneParameters>
        <TT>-1.898007941189632</TT>
        <CFMAX>2.7809401291397853</CFMAX>
        <SP>0</SP>
        <SFCF>1.1660738859753856</SFCF>
        <CFR>0.00047290256679878638</CFR>
        <CWH>0.10000040800737071</CWH>
        <CFGlacier>1</CFGlacier>
        <CFSlope>1</CFSlope>
        <FC>1865.0929625900128</FC>
        <LP>0.81755337370594383</LP>
        <BETA>1.2264952584769393</BETA>
      </SubCatchmentVegetationZoneParameters>
    </SubCatchmentVegetationZone>
  </SubCatchment>
</Catchment>