<?xml version="1.0" encoding="utf-8"?>
<Catchment xmlns:xsi="http://www.w3.org/2001/XMLSchema-instance" xmlns:xsd="http://www.w3.org/2001/XMLSchema">
  <CatchmentParameters>
    <KSI>0.001</KSI>
    <KGmin>0.05</KGmin>
    <RangeKG>0.1</RangeKG>
    <AG>0.1</AG>
    <PERC>1.5621760592154634</PERC>
    <Alpha>0</Alpha>
    <UZL>57.697027578344219</UZL>
    <K0>0.291063275306998</K0>
    <K1>0.070024646697874338</K1>
    <K2>0.0100000045052268</K2>
    <MAXBAS>1</MAXBAS>
    <Cet>0</Cet>
    <PCALT>10</PCALT>
    <TCALT>0.6</TCALT>
    <Pelev>3349</Pelev>
    <Telev>2921</Telev>
    <PART>0.5</PART>
    <DELAY>1</DELAY>
  </CatchmentParameters>
  <VegetationZone>
    <VegetationZoneParameters>
      <TT>-2.1160155119328059</TT>
      <CFMAX>2.7752148645346515</CFMAX>
      <SP>0</SP>
      <SFCF>1.3292880632867445</SFCF>
      <CFR>7.0133153993838616E-08</CFR>
      <CWH>0.10000000000136221</CWH>
      <CFGlacier>1</CFGlacier>
      <CFSlope>1</CFSlope>
      <FC>2499.9981400835673</FC>
      <LP>0.69763009284785049</LP>
      <BETA>1.5821770961422854</BETA>
    </VegetationZoneParameters>
  </VegetationZone>
  <SubCatchment>
    <SubCatchmentParameters>
      <KSI>0.001</KSI>
      <KGmin>0.05</KGmin>
      <RangeKG>0.1</RangeKG>
      <AG>0.1</AG>
      <PERC>1.5621760592154634</PERC>
      <Alpha>0</Alpha>
      <UZL>57.697027578344219</UZL>
      <K0>0.291063275306998</K0>
      <K1>0.070024646697874338</K1>
      <K2>0.0100000045052268</K2>
      <MAXBAS>1</MAXBAS>
      <Cet>0</Cet>
      <PCALT>10</PCALT>
      <TCALT>0.6</TCALT>
      <Pelev>3349</Pelev>
      <Telev>2921</Telev>
      <PART>0.5</PART>
      <DELAY>1</DELAY>
    </SubCatchmentParameters>
    <SubCatchmentVegetationZone>
      <SubCatchmentVegetationZoneParameters>
        <TT>-2.1160155119328059</TT>
        <CFMAX>2.7752148645346515</CFMAX>
        <SP>0</SP>
        <SFCF>1.3292880632867445</SFCF>
        <CFR>7.0133153993838616E-08</CFR>
        <CWH>0.10000000000136221</CWH>
        <CFGlacier>1</CFGlacier>
        <CFSlope>1</CFSlope>
        <FC>2499.9981400835673</FC>
        <LP>0.69763009284785049</LP>
        <BETA>1.5821770961422854</BETA>
      </SubCatchmentVegetationZoneParameters>
    </SubCatchmentVegetationZone>
  </SubCatchment>
</Catchment>