<?xml version="1.0" encoding="utf-8"?>
<Catchment xmlns:xsi="http://www.w3.org/2001/XMLSchema-instance" xmlns:xsd="http://www.w3.org/2001/XMLSchema">
  <CatchmentParameters>
    <KSI>0.001</KSI>
    <KGmin>0.05</KGmin>
    <RangeKG>0.1</RangeKG>
    <AG>0.1</AG>
    <PERC>8.02033070332823</PERC>
    <Alpha>0</Alpha>
    <UZL>87.643855344764773</UZL>
    <K0>0.1346307969885934</K0>
    <K1>0.27550122077155603</K1>
    <K2>0.046526534461204729</K2>
    <MAXBAS>1.0049805550598732</MAXBAS>
    <Cet>0</Cet>
    <PCALT>10</PCALT>
    <TCALT>0.6</TCALT>
    <Pelev>3349</Pelev>
    <Telev>2921</Telev>
    <PART>0.5</PART>
    <DELAY>1</DELAY>
  </CatchmentParameters>
  <VegetationZone>
    <VegetationZoneParameters>
      <TT>-0.077157478666461637</TT>
      <CFMAX>2.6582812448731588</CFMAX>
      <SP>0</SP>
      <SFCF>0.7167434071718688</SFCF>
      <CFR>0.0029014696612165393</CFR>
      <CWH>0.10000015099733726</CWH>
      <CFGlacier>1</CFGlacier>
      <CFSlope>1</CFSlope>
      <FC>99.758469326049521</FC>
      <LP>0.93375346302810225</LP>
      <BETA>1.0000000028317859</BETA>
    </VegetationZoneParameters>
  </VegetationZone>
  <SubCatchment>
    <SubCatchmentParameters>
      <KSI>0.001</KSI>
      <KGmin>0.05</KGmin>
      <RangeKG>0.1</RangeKG>
      <AG>0.1</AG>
      <PERC>8.02033070332823</PERC>
      <Alpha>0</Alpha>
      <UZL>87.643855344764773</UZL>
      <K0>0.1346307969885934</K0>
      <K1>0.27550122077155603</K1>
      <K2>0.046526534461204729</K2>
      <MAXBAS>1.0049805550598732</MAXBAS>
      <Cet>0</Cet>
      <PCALT>10</PCALT>
      <TCALT>0.6</TCALT>
      <Pelev>3349</Pelev>
      <Telev>2921</Telev>
      <PART>0.5</PART>
      <DELAY>1</DELAY>
    </SubCatchmentParameters>
    <SubCatchmentVegetationZone>
      <SubCatchmentVegetationZoneParameters>
        <TT>-0.077157478666461637</TT>
        <CFMAX>2.6582812448731588</CFMAX>
        <SP>0</SP>
        <SFCF>0.7167434071718688</SFCF>
        <CFR>0.0029014696612165393</CFR>
        <CWH>0.10000015099733726</CWH>
        <CFGlacier>1</CFGlacier>
        <CFSlope>1</CFSlope>
        <FC>99.758469326049521</FC>
        <LP>0.93375346302810225</LP>
        <BETA>1.0000000028317859</BETA>
      </SubCatchmentVegetationZoneParameters>
    </SubCatchmentVegetationZone>
  </SubCatchment>
</Catchment>