<?xml version="1.0" encoding="utf-8"?>
<Catchment xmlns:xsi="http://www.w3.org/2001/XMLSchema-instance" xmlns:xsd="http://www.w3.org/2001/XMLSchema">
  <CatchmentParameters>
    <KSI>0.001</KSI>
    <KGmin>0.05</KGmin>
    <RangeKG>0.1</RangeKG>
    <AG>0.1</AG>
    <PERC>5.9713067844731551</PERC>
    <Alpha>0</Alpha>
    <UZL>163.73273877157024</UZL>
    <K0>0.51782136784058708</K0>
    <K1>0.23609643451593121</K1>
    <K2>0.064358069648398547</K2>
    <MAXBAS>1.0005435661803153</MAXBAS>
    <Cet>0</Cet>
    <PCALT>10</PCALT>
    <TCALT>0.6</TCALT>
    <Pelev>3349</Pelev>
    <Telev>2921</Telev>
    <PART>0.5</PART>
    <DELAY>1</DELAY>
  </CatchmentParameters>
  <VegetationZone>
    <VegetationZoneParameters>
      <TT>-0.3883650959227935</TT>
      <CFMAX>2.9362205581287046</CFMAX>
      <SP>0</SP>
      <SFCF>0.914787291114359</SFCF>
      <CFR>0.00019988673757456103</CFR>
      <CWH>0.10000010030429932</CWH>
      <CFGlacier>1</CFGlacier>
      <CFSlope>1</CFSlope>
      <FC>999.99256663402286</FC>
      <LP>0.99999883764762854</LP>
      <BETA>1.0000013371380052</BETA>
    </VegetationZoneParameters>
  </VegetationZone>
  <SubCatchment>
    <SubCatchmentParameters>
      <KSI>0.001</KSI>
      <KGmin>0.05</KGmin>
      <RangeKG>0.1</RangeKG>
      <AG>0.1</AG>
      <PERC>5.9713067844731551</PERC>
      <Alpha>0</Alpha>
      <UZL>163.73273877157024</UZL>
      <K0>0.51782136784058708</K0>
      <K1>0.23609643451593121</K1>
      <K2>0.064358069648398547</K2>
      <MAXBAS>1.0005435661803153</MAXBAS>
      <Cet>0</Cet>
      <PCALT>10</PCALT>
      <TCALT>0.6</TCALT>
      <Pelev>3349</Pelev>
      <Telev>2921</Telev>
      <PART>0.5</PART>
      <DELAY>1</DELAY>
    </SubCatchmentParameters>
    <SubCatchmentVegetationZone>
      <SubCatchmentVegetationZoneParameters>
        <TT>-0.3883650959227935</TT>
        <CFMAX>2.9362205581287046</CFMAX>
        <SP>0</SP>
        <SFCF>0.914787291114359</SFCF>
        <CFR>0.00019988673757456103</CFR>
        <CWH>0.10000010030429932</CWH>
        <CFGlacier>1</CFGlacier>
        <CFSlope>1</CFSlope>
        <FC>999.99256663402286</FC>
        <LP>0.99999883764762854</LP>
        <BETA>1.0000013371380052</BETA>
      </SubCatchmentVegetationZoneParameters>
    </SubCatchmentVegetationZone>
  </SubCatchment>
</Catchment>