<?xml version="1.0" encoding="utf-8"?>
<Catchment xmlns:xsi="http://www.w3.org/2001/XMLSchema-instance" xmlns:xsd="http://www.w3.org/2001/XMLSchema">
  <CatchmentParameters>
    <KSI>0.001</KSI>
    <KGmin>0.05</KGmin>
    <RangeKG>0.1</RangeKG>
    <AG>0.1</AG>
    <PERC>1.6874096217438144</PERC>
    <Alpha>0</Alpha>
    <UZL>145.47479855240914</UZL>
    <K0>0.74381671580568021</K0>
    <K1>0.096291428316146982</K1>
    <K2>0.010000016297233853</K2>
    <MAXBAS>1</MAXBAS>
    <Cet>0</Cet>
    <PCALT>10</PCALT>
    <TCALT>0.6</TCALT>
    <Pelev>3349</Pelev>
    <Telev>2921</Telev>
    <PART>0.5</PART>
    <DELAY>1</DELAY>
  </CatchmentParameters>
  <VegetationZone>
    <VegetationZoneParameters>
      <TT>-1.4979986778697592</TT>
      <CFMAX>3.1692986454550738</CFMAX>
      <SP>0</SP>
      <SFCF>1.235256409541083</SFCF>
      <CFR>2.2056811739095489E-08</CFR>
      <CWH>0.10000002134330709</CWH>
      <CFGlacier>1</CFGlacier>
      <CFSlope>1</CFSlope>
      <FC>2499.999977970971</FC>
      <LP>0.70758337487032008</LP>
      <BETA>1.2510349921848245</BETA>
    </VegetationZoneParameters>
  </VegetationZone>
  <SubCatchment>
    <SubCatchmentParameters>
      <KSI>0.001</KSI>
      <KGmin>0.05</KGmin>
      <RangeKG>0.1</RangeKG>
      <AG>0.1</AG>
      <PERC>1.6874096217438144</PERC>
      <Alpha>0</Alpha>
      <UZL>145.47479855240914</UZL>
      <K0>0.74381671580568021</K0>
      <K1>0.096291428316146982</K1>
      <K2>0.010000016297233853</K2>
      <MAXBAS>1</MAXBAS>
      <Cet>0</Cet>
      <PCALT>10</PCALT>
      <TCALT>0.6</TCALT>
      <Pelev>3349</Pelev>
      <Telev>2921</Telev>
      <PART>0.5</PART>
      <DELAY>1</DELAY>
    </SubCatchmentParameters>
    <SubCatchmentVegetationZone>
      <SubCatchmentVegetationZoneParameters>
        <TT>-1.4979986778697592</TT>
        <CFMAX>3.1692986454550738</CFMAX>
        <SP>0</SP>
        <SFCF>1.235256409541083</SFCF>
        <CFR>2.2056811739095489E-08</CFR>
        <CWH>0.10000002134330709</CWH>
        <CFGlacier>1</CFGlacier>
        <CFSlope>1</CFSlope>
        <FC>2499.999977970971</FC>
        <LP>0.70758337487032008</LP>
        <BETA>1.2510349921848245</BETA>
      </SubCatchmentVegetationZoneParameters>
    </SubCatchmentVegetationZone>
  </SubCatchment>
</Catchment>