<?xml version="1.0" encoding="utf-8"?>
<Catchment xmlns:xsi="http://www.w3.org/2001/XMLSchema-instance" xmlns:xsd="http://www.w3.org/2001/XMLSchema">
  <CatchmentParameters>
    <KSI>0.001</KSI>
    <KGmin>0.05</KGmin>
    <RangeKG>0.1</RangeKG>
    <AG>0.1</AG>
    <PERC>1.2402593539781226</PERC>
    <Alpha>0</Alpha>
    <UZL>88.866035910796242</UZL>
    <K0>0.32156827350326128</K0>
    <K1>0.053180663075779656</K1>
    <K2>0.010000001059308853</K2>
    <MAXBAS>1</MAXBAS>
    <Cet>0</Cet>
    <PCALT>10</PCALT>
    <TCALT>0.6</TCALT>
    <Pelev>3349</Pelev>
    <Telev>2921</Telev>
    <PART>0.5</PART>
    <DELAY>1</DELAY>
  </CatchmentParameters>
  <VegetationZone>
    <VegetationZoneParameters>
      <TT>-1.715986505259542</TT>
      <CFMAX>2.8986931692525331</CFMAX>
      <SP>0</SP>
      <SFCF>1.1556983171078556</SFCF>
      <CFR>1.4824631375991019E-05</CFR>
      <CWH>0.10000032708042736</CWH>
      <CFGlacier>1</CFGlacier>
      <CFSlope>1</CFSlope>
      <FC>2373.1155963881</FC>
      <LP>0.916562915319575</LP>
      <BETA>1.69277831980869</BETA>
    </VegetationZoneParameters>
  </VegetationZone>
  <SubCatchment>
    <SubCatchmentParameters>
      <KSI>0.001</KSI>
      <KGmin>0.05</KGmin>
      <RangeKG>0.1</RangeKG>
      <AG>0.1</AG>
      <PERC>1.2402593539781226</PERC>
      <Alpha>0</Alpha>
      <UZL>88.866035910796242</UZL>
      <K0>0.32156827350326128</K0>
      <K1>0.053180663075779656</K1>
      <K2>0.010000001059308853</K2>
      <MAXBAS>1</MAXBAS>
      <Cet>0</Cet>
      <PCALT>10</PCALT>
      <TCALT>0.6</TCALT>
      <Pelev>3349</Pelev>
      <Telev>2921</Telev>
      <PART>0.5</PART>
      <DELAY>1</DELAY>
    </SubCatchmentParameters>
    <SubCatchmentVegetationZone>
      <SubCatchmentVegetationZoneParameters>
        <TT>-1.715986505259542</TT>
        <CFMAX>2.8986931692525331</CFMAX>
        <SP>0</SP>
        <SFCF>1.1556983171078556</SFCF>
        <CFR>1.4824631375991019E-05</CFR>
        <CWH>0.10000032708042736</CWH>
        <CFGlacier>1</CFGlacier>
        <CFSlope>1</CFSlope>
        <FC>2373.1155963881</FC>
        <LP>0.916562915319575</LP>
        <BETA>1.69277831980869</BETA>
      </SubCatchmentVegetationZoneParameters>
    </SubCatchmentVegetationZone>
  </SubCatchment>
</Catchment>