<?xml version="1.0" encoding="utf-8"?>
<Catchment xmlns:xsi="http://www.w3.org/2001/XMLSchema-instance" xmlns:xsd="http://www.w3.org/2001/XMLSchema">
  <CatchmentParameters>
    <KSI>0.001</KSI>
    <KGmin>0.05</KGmin>
    <RangeKG>0.1</RangeKG>
    <AG>0.1</AG>
    <PERC>9.7428237791109424</PERC>
    <Alpha>0</Alpha>
    <UZL>134.48351877516802</UZL>
    <K0>0.56318209758436188</K0>
    <K1>0.19377290924452154</K1>
    <K2>0.044676437869213409</K2>
    <MAXBAS>1.0000535698339026</MAXBAS>
    <Cet>0</Cet>
    <PCALT>10</PCALT>
    <TCALT>0.6</TCALT>
    <Pelev>3349</Pelev>
    <Telev>2921</Telev>
    <PART>0.5</PART>
    <DELAY>1</DELAY>
  </CatchmentParameters>
  <VegetationZone>
    <VegetationZoneParameters>
      <TT>-1.480138270035932</TT>
      <CFMAX>3.6370071892169311</CFMAX>
      <SP>0</SP>
      <SFCF>0.98223485119159115</SFCF>
      <CFR>0.0071225584673425164</CFR>
      <CWH>0.19999978291647533</CWH>
      <CFGlacier>1</CFGlacier>
      <CFSlope>1</CFSlope>
      <FC>613.95788216435949</FC>
      <LP>0.99253818183832743</LP>
      <BETA>1.3281466376784179</BETA>
    </VegetationZoneParameters>
  </VegetationZone>
  <SubCatchment>
    <SubCatchmentParameters>
      <KSI>0.001</KSI>
      <KGmin>0.05</KGmin>
      <RangeKG>0.1</RangeKG>
      <AG>0.1</AG>
      <PERC>9.7428237791109424</PERC>
      <Alpha>0</Alpha>
      <UZL>134.48351877516802</UZL>
      <K0>0.56318209758436188</K0>
      <K1>0.19377290924452154</K1>
      <K2>0.044676437869213409</K2>
      <MAXBAS>1.0000535698339026</MAXBAS>
      <Cet>0</Cet>
      <PCALT>10</PCALT>
      <TCALT>0.6</TCALT>
      <Pelev>3349</Pelev>
      <Telev>2921</Telev>
      <PART>0.5</PART>
      <DELAY>1</DELAY>
    </SubCatchmentParameters>
    <SubCatchmentVegetationZone>
      <SubCatchmentVegetationZoneParameters>
        <TT>-1.480138270035932</TT>
        <CFMAX>3.6370071892169311</CFMAX>
        <SP>0</SP>
        <SFCF>0.98223485119159115</SFCF>
        <CFR>0.0071225584673425164</CFR>
        <CWH>0.19999978291647533</CWH>
        <CFGlacier>1</CFGlacier>
        <CFSlope>1</CFSlope>
        <FC>613.95788216435949</FC>
        <LP>0.99253818183832743</LP>
        <BETA>1.3281466376784179</BETA>
      </SubCatchmentVegetationZoneParameters>
    </SubCatchmentVegetationZone>
  </SubCatchment>
</Catchment>