<?xml version="1.0" encoding="utf-8"?>
<Catchment xmlns:xsi="http://www.w3.org/2001/XMLSchema-instance" xmlns:xsd="http://www.w3.org/2001/XMLSchema">
  <CatchmentParameters>
    <KSI>0.001</KSI>
    <KGmin>0.05</KGmin>
    <RangeKG>0.1</RangeKG>
    <AG>0.1</AG>
    <PERC>7.2665785843616764</PERC>
    <Alpha>0</Alpha>
    <UZL>166.62389877970563</UZL>
    <K0>0.89278673544216547</K0>
    <K1>0.27174616081908509</K1>
    <K2>0.054693609887187349</K2>
    <MAXBAS>1.0048760285690683</MAXBAS>
    <Cet>0</Cet>
    <PCALT>10</PCALT>
    <TCALT>0.6</TCALT>
    <Pelev>3349</Pelev>
    <Telev>2921</Telev>
    <PART>0.5</PART>
    <DELAY>1</DELAY>
  </CatchmentParameters>
  <VegetationZone>
    <VegetationZoneParameters>
      <TT>-0.48000214526363977</TT>
      <CFMAX>2.1549342432156191</CFMAX>
      <SP>0</SP>
      <SFCF>0.69396516092257554</SFCF>
      <CFR>0.00020696666443783881</CFR>
      <CWH>0.10000268470817475</CWH>
      <CFGlacier>1</CFGlacier>
      <CFSlope>1</CFSlope>
      <FC>91.095425273058638</FC>
      <LP>0.74602686796304363</LP>
      <BETA>1.0000154297792774</BETA>
    </VegetationZoneParameters>
  </VegetationZone>
  <SubCatchment>
    <SubCatchmentParameters>
      <KSI>0.001</KSI>
      <KGmin>0.05</KGmin>
      <RangeKG>0.1</RangeKG>
      <AG>0.1</AG>
      <PERC>7.2665785843616764</PERC>
      <Alpha>0</Alpha>
      <UZL>166.62389877970563</UZL>
      <K0>0.89278673544216547</K0>
      <K1>0.27174616081908509</K1>
      <K2>0.054693609887187349</K2>
      <MAXBAS>1.0048760285690683</MAXBAS>
      <Cet>0</Cet>
      <PCALT>10</PCALT>
      <TCALT>0.6</TCALT>
      <Pelev>3349</Pelev>
      <Telev>2921</Telev>
      <PART>0.5</PART>
      <DELAY>1</DELAY>
    </SubCatchmentParameters>
    <SubCatchmentVegetationZone>
      <SubCatchmentVegetationZoneParameters>
        <TT>-0.48000214526363977</TT>
        <CFMAX>2.1549342432156191</CFMAX>
        <SP>0</SP>
        <SFCF>0.69396516092257554</SFCF>
        <CFR>0.00020696666443783881</CFR>
        <CWH>0.10000268470817475</CWH>
        <CFGlacier>1</CFGlacier>
        <CFSlope>1</CFSlope>
        <FC>91.095425273058638</FC>
        <LP>0.74602686796304363</LP>
        <BETA>1.0000154297792774</BETA>
      </SubCatchmentVegetationZoneParameters>
    </SubCatchmentVegetationZone>
  </SubCatchment>
</Catchment>