<?xml version="1.0" encoding="utf-8"?>
<Catchment xmlns:xsi="http://www.w3.org/2001/XMLSchema-instance" xmlns:xsd="http://www.w3.org/2001/XMLSchema">
  <CatchmentParameters>
    <KSI>0.001</KSI>
    <KGmin>0.05</KGmin>
    <RangeKG>0.1</RangeKG>
    <AG>0.1</AG>
    <PERC>9.9999604069723187</PERC>
    <Alpha>0</Alpha>
    <UZL>151.09840152726525</UZL>
    <K0>0.50803603455289</K0>
    <K1>0.13361622342185511</K1>
    <K2>0.038455387756091114</K2>
    <MAXBAS>1.0001596764968725</MAXBAS>
    <Cet>0</Cet>
    <PCALT>10</PCALT>
    <TCALT>0.6</TCALT>
    <Pelev>3349</Pelev>
    <Telev>2921</Telev>
    <PART>0.5</PART>
    <DELAY>1</DELAY>
  </CatchmentParameters>
  <VegetationZone>
    <VegetationZoneParameters>
      <TT>-0.44401832584598017</TT>
      <CFMAX>3.9144818775066121</CFMAX>
      <SP>0</SP>
      <SFCF>0.76823085812979119</SFCF>
      <CFR>0.0596927051042121</CFR>
      <CWH>0.19999770151334761</CWH>
      <CFGlacier>1</CFGlacier>
      <CFSlope>1</CFSlope>
      <FC>164.69855718051582</FC>
      <LP>0.99999039105128762</LP>
      <BETA>1.0000070508878953</BETA>
    </VegetationZoneParameters>
  </VegetationZone>
  <SubCatchment>
    <SubCatchmentParameters>
      <KSI>0.001</KSI>
      <KGmin>0.05</KGmin>
      <RangeKG>0.1</RangeKG>
      <AG>0.1</AG>
      <PERC>9.9999604069723187</PERC>
      <Alpha>0</Alpha>
      <UZL>151.09840152726525</UZL>
      <K0>0.50803603455289</K0>
      <K1>0.13361622342185511</K1>
      <K2>0.038455387756091114</K2>
      <MAXBAS>1.0001596764968725</MAXBAS>
      <Cet>0</Cet>
      <PCALT>10</PCALT>
      <TCALT>0.6</TCALT>
      <Pelev>3349</Pelev>
      <Telev>2921</Telev>
      <PART>0.5</PART>
      <DELAY>1</DELAY>
    </SubCatchmentParameters>
    <SubCatchmentVegetationZone>
      <SubCatchmentVegetationZoneParameters>
        <TT>-0.44401832584598017</TT>
        <CFMAX>3.9144818775066121</CFMAX>
        <SP>0</SP>
        <SFCF>0.76823085812979119</SFCF>
        <CFR>0.0596927051042121</CFR>
        <CWH>0.19999770151334761</CWH>
        <CFGlacier>1</CFGlacier>
        <CFSlope>1</CFSlope>
        <FC>164.69855718051582</FC>
        <LP>0.99999039105128762</LP>
        <BETA>1.0000070508878953</BETA>
      </SubCatchmentVegetationZoneParameters>
    </SubCatchmentVegetationZone>
  </SubCatchment>
</Catchment>