<?xml version="1.0" encoding="utf-8"?>
<Catchment xmlns:xsi="http://www.w3.org/2001/XMLSchema-instance" xmlns:xsd="http://www.w3.org/2001/XMLSchema">
  <CatchmentParameters>
    <KSI>0.001</KSI>
    <KGmin>0.05</KGmin>
    <RangeKG>0.1</RangeKG>
    <AG>0.1</AG>
    <PERC>6.8967774719483739</PERC>
    <Alpha>0</Alpha>
    <UZL>113.23776398147798</UZL>
    <K0>0.49320791881866932</K0>
    <K1>0.27853224193394693</K1>
    <K2>0.062897004954089217</K2>
    <MAXBAS>1.0050989037083278</MAXBAS>
    <Cet>0</Cet>
    <PCALT>10</PCALT>
    <TCALT>0.6</TCALT>
    <Pelev>3349</Pelev>
    <Telev>2921</Telev>
    <PART>0.5</PART>
    <DELAY>1</DELAY>
  </CatchmentParameters>
  <VegetationZone>
    <VegetationZoneParameters>
      <TT>-0.83867799172055191</TT>
      <CFMAX>2.5381596139368865</CFMAX>
      <SP>0</SP>
      <SFCF>0.83708174859823437</SFCF>
      <CFR>0.018243085368191754</CFR>
      <CWH>0.10000000010463847</CWH>
      <CFGlacier>1</CFGlacier>
      <CFSlope>1</CFSlope>
      <FC>322.4784231629144</FC>
      <LP>0.99998216537532536</LP>
      <BETA>1.0000026252894805</BETA>
    </VegetationZoneParameters>
  </VegetationZone>
  <SubCatchment>
    <SubCatchmentParameters>
      <KSI>0.001</KSI>
      <KGmin>0.05</KGmin>
      <RangeKG>0.1</RangeKG>
      <AG>0.1</AG>
      <PERC>6.8967774719483739</PERC>
      <Alpha>0</Alpha>
      <UZL>113.23776398147798</UZL>
      <K0>0.49320791881866932</K0>
      <K1>0.27853224193394693</K1>
      <K2>0.062897004954089217</K2>
      <MAXBAS>1.0050989037083278</MAXBAS>
      <Cet>0</Cet>
      <PCALT>10</PCALT>
      <TCALT>0.6</TCALT>
      <Pelev>3349</Pelev>
      <Telev>2921</Telev>
      <PART>0.5</PART>
      <DELAY>1</DELAY>
    </SubCatchmentParameters>
    <SubCatchmentVegetationZone>
      <SubCatchmentVegetationZoneParameters>
        <TT>-0.83867799172055191</TT>
        <CFMAX>2.5381596139368865</CFMAX>
        <SP>0</SP>
        <SFCF>0.83708174859823437</SFCF>
        <CFR>0.018243085368191754</CFR>
        <CWH>0.10000000010463847</CWH>
        <CFGlacier>1</CFGlacier>
        <CFSlope>1</CFSlope>
        <FC>322.4784231629144</FC>
        <LP>0.99998216537532536</LP>
        <BETA>1.0000026252894805</BETA>
      </SubCatchmentVegetationZoneParameters>
    </SubCatchmentVegetationZone>
  </SubCatchment>
</Catchment>