<?xml version="1.0" encoding="utf-8"?>
<Catchment xmlns:xsi="http://www.w3.org/2001/XMLSchema-instance" xmlns:xsd="http://www.w3.org/2001/XMLSchema">
  <CatchmentParameters>
    <KSI>0.001</KSI>
    <KGmin>0.05</KGmin>
    <RangeKG>0.1</RangeKG>
    <AG>0.1</AG>
    <PERC>1.7643920237494741</PERC>
    <Alpha>0</Alpha>
    <UZL>67.403514659536171</UZL>
    <K0>0.33032798279500486</K0>
    <K1>0.0818247973855079</K1>
    <K2>0.010000009489634941</K2>
    <MAXBAS>1</MAXBAS>
    <Cet>0</Cet>
    <PCALT>10</PCALT>
    <TCALT>0.6</TCALT>
    <Pelev>3349</Pelev>
    <Telev>2921</Telev>
    <PART>0.5</PART>
    <DELAY>1</DELAY>
  </CatchmentParameters>
  <VegetationZone>
    <VegetationZoneParameters>
      <TT>-0.97998456132177114</TT>
      <CFMAX>3.2967665648596265</CFMAX>
      <SP>0</SP>
      <SFCF>1.1467283081369561</SFCF>
      <CFR>5.2201412552866416E-08</CFR>
      <CWH>0.10000000001279416</CWH>
      <CFGlacier>1</CFGlacier>
      <CFSlope>1</CFSlope>
      <FC>2482.0326892622852</FC>
      <LP>0.77590165976954173</LP>
      <BETA>1.2107542681063124</BETA>
    </VegetationZoneParameters>
  </VegetationZone>
  <SubCatchment>
    <SubCatchmentParameters>
      <KSI>0.001</KSI>
      <KGmin>0.05</KGmin>
      <RangeKG>0.1</RangeKG>
      <AG>0.1</AG>
      <PERC>1.7643920237494741</PERC>
      <Alpha>0</Alpha>
      <UZL>67.403514659536171</UZL>
      <K0>0.33032798279500486</K0>
      <K1>0.0818247973855079</K1>
      <K2>0.010000009489634941</K2>
      <MAXBAS>1</MAXBAS>
      <Cet>0</Cet>
      <PCALT>10</PCALT>
      <TCALT>0.6</TCALT>
      <Pelev>3349</Pelev>
      <Telev>2921</Telev>
      <PART>0.5</PART>
      <DELAY>1</DELAY>
    </SubCatchmentParameters>
    <SubCatchmentVegetationZone>
      <SubCatchmentVegetationZoneParameters>
        <TT>-0.97998456132177114</TT>
        <CFMAX>3.2967665648596265</CFMAX>
        <SP>0</SP>
        <SFCF>1.1467283081369561</SFCF>
        <CFR>5.2201412552866416E-08</CFR>
        <CWH>0.10000000001279416</CWH>
        <CFGlacier>1</CFGlacier>
        <CFSlope>1</CFSlope>
        <FC>2482.0326892622852</FC>
        <LP>0.77590165976954173</LP>
        <BETA>1.2107542681063124</BETA>
      </SubCatchmentVegetationZoneParameters>
    </SubCatchmentVegetationZone>
  </SubCatchment>
</Catchment>