<?xml version="1.0" encoding="utf-8"?>
<Catchment xmlns:xsi="http://www.w3.org/2001/XMLSchema-instance" xmlns:xsd="http://www.w3.org/2001/XMLSchema">
  <CatchmentParameters>
    <KSI>0.001</KSI>
    <KGmin>0.05</KGmin>
    <RangeKG>0.1</RangeKG>
    <AG>0.1</AG>
    <PERC>1.5703313587716974</PERC>
    <Alpha>0</Alpha>
    <UZL>63.966629110041332</UZL>
    <K0>0.27960330498074593</K0>
    <K1>0.0697980649844045</K1>
    <K2>0.010000002012039596</K2>
    <MAXBAS>1</MAXBAS>
    <Cet>0</Cet>
    <PCALT>10</PCALT>
    <TCALT>0.6</TCALT>
    <Pelev>3349</Pelev>
    <Telev>2921</Telev>
    <PART>0.5</PART>
    <DELAY>1</DELAY>
  </CatchmentParameters>
  <VegetationZone>
    <VegetationZoneParameters>
      <TT>-1.9159999984985154</TT>
      <CFMAX>2.7243308215479054</CFMAX>
      <SP>0</SP>
      <SFCF>1.1698516451175887</SFCF>
      <CFR>3.4183144946009424E-08</CFR>
      <CWH>0.10000006084617674</CWH>
      <CFGlacier>1</CFGlacier>
      <CFSlope>1</CFSlope>
      <FC>1740.808434236769</FC>
      <LP>0.95281494792310883</LP>
      <BETA>1.8324864248017179</BETA>
    </VegetationZoneParameters>
  </VegetationZone>
  <SubCatchment>
    <SubCatchmentParameters>
      <KSI>0.001</KSI>
      <KGmin>0.05</KGmin>
      <RangeKG>0.1</RangeKG>
      <AG>0.1</AG>
      <PERC>1.5703313587716974</PERC>
      <Alpha>0</Alpha>
      <UZL>63.966629110041332</UZL>
      <K0>0.27960330498074593</K0>
      <K1>0.0697980649844045</K1>
      <K2>0.010000002012039596</K2>
      <MAXBAS>1</MAXBAS>
      <Cet>0</Cet>
      <PCALT>10</PCALT>
      <TCALT>0.6</TCALT>
      <Pelev>3349</Pelev>
      <Telev>2921</Telev>
      <PART>0.5</PART>
      <DELAY>1</DELAY>
    </SubCatchmentParameters>
    <SubCatchmentVegetationZone>
      <SubCatchmentVegetationZoneParameters>
        <TT>-1.9159999984985154</TT>
        <CFMAX>2.7243308215479054</CFMAX>
        <SP>0</SP>
        <SFCF>1.1698516451175887</SFCF>
        <CFR>3.4183144946009424E-08</CFR>
        <CWH>0.10000006084617674</CWH>
        <CFGlacier>1</CFGlacier>
        <CFSlope>1</CFSlope>
        <FC>1740.808434236769</FC>
        <LP>0.95281494792310883</LP>
        <BETA>1.8324864248017179</BETA>
      </SubCatchmentVegetationZoneParameters>
    </SubCatchmentVegetationZone>
  </SubCatchment>
</Catchment>