<?xml version="1.0" encoding="utf-8"?>
<Catchment xmlns:xsi="http://www.w3.org/2001/XMLSchema-instance" xmlns:xsd="http://www.w3.org/2001/XMLSchema">
  <CatchmentParameters>
    <KSI>0.001</KSI>
    <KGmin>0.05</KGmin>
    <RangeKG>0.1</RangeKG>
    <AG>0.1</AG>
    <PERC>6.0898429199777526</PERC>
    <Alpha>0</Alpha>
    <UZL>73.690116447352679</UZL>
    <K0>0.11649127508819829</K0>
    <K1>0.25521819165146276</K1>
    <K2>0.07399728172638699</K2>
    <MAXBAS>1.0000768719904161</MAXBAS>
    <Cet>0</Cet>
    <PCALT>10</PCALT>
    <TCALT>0.6</TCALT>
    <Pelev>3349</Pelev>
    <Telev>2921</Telev>
    <PART>0.5</PART>
    <DELAY>1</DELAY>
  </CatchmentParameters>
  <VegetationZone>
    <VegetationZoneParameters>
      <TT>0.017001503509563441</TT>
      <CFMAX>3.0977834950828167</CFMAX>
      <SP>0</SP>
      <SFCF>0.8665098458353967</SFCF>
      <CFR>0.00010359168387027302</CFR>
      <CWH>0.10000011372520151</CWH>
      <CFGlacier>1</CFGlacier>
      <CFSlope>1</CFSlope>
      <FC>999.99999895206213</FC>
      <LP>0.999999131094324</LP>
      <BETA>1.0000002035625661</BETA>
    </VegetationZoneParameters>
  </VegetationZone>
  <SubCatchment>
    <SubCatchmentParameters>
      <KSI>0.001</KSI>
      <KGmin>0.05</KGmin>
      <RangeKG>0.1</RangeKG>
      <AG>0.1</AG>
      <PERC>6.0898429199777526</PERC>
      <Alpha>0</Alpha>
      <UZL>73.690116447352679</UZL>
      <K0>0.11649127508819829</K0>
      <K1>0.25521819165146276</K1>
      <K2>0.07399728172638699</K2>
      <MAXBAS>1.0000768719904161</MAXBAS>
      <Cet>0</Cet>
      <PCALT>10</PCALT>
      <TCALT>0.6</TCALT>
      <Pelev>3349</Pelev>
      <Telev>2921</Telev>
      <PART>0.5</PART>
      <DELAY>1</DELAY>
    </SubCatchmentParameters>
    <SubCatchmentVegetationZone>
      <SubCatchmentVegetationZoneParameters>
        <TT>0.017001503509563441</TT>
        <CFMAX>3.0977834950828167</CFMAX>
        <SP>0</SP>
        <SFCF>0.8665098458353967</SFCF>
        <CFR>0.00010359168387027302</CFR>
        <CWH>0.10000011372520151</CWH>
        <CFGlacier>1</CFGlacier>
        <CFSlope>1</CFSlope>
        <FC>999.99999895206213</FC>
        <LP>0.999999131094324</LP>
        <BETA>1.0000002035625661</BETA>
      </SubCatchmentVegetationZoneParameters>
    </SubCatchmentVegetationZone>
  </SubCatchment>
</Catchment>