<?xml version="1.0" encoding="utf-8"?>
<Catchment xmlns:xsi="http://www.w3.org/2001/XMLSchema-instance" xmlns:xsd="http://www.w3.org/2001/XMLSchema">
  <CatchmentParameters>
    <KSI>0.001</KSI>
    <KGmin>0.05</KGmin>
    <RangeKG>0.1</RangeKG>
    <AG>0.1</AG>
    <PERC>4.9999282492044674</PERC>
    <Alpha>0</Alpha>
    <UZL>172.993222660145</UZL>
    <K0>0.51608938131025672</K0>
    <K1>0.24157879326824933</K1>
    <K2>0.066311602639119366</K2>
    <MAXBAS>1.0002427075382019</MAXBAS>
    <Cet>0</Cet>
    <PCALT>10</PCALT>
    <TCALT>0.6</TCALT>
    <Pelev>3349</Pelev>
    <Telev>2921</Telev>
    <PART>0.5</PART>
    <DELAY>1</DELAY>
  </CatchmentParameters>
  <VegetationZone>
    <VegetationZoneParameters>
      <TT>-0.079973691677476</TT>
      <CFMAX>3.026797265657363</CFMAX>
      <SP>0</SP>
      <SFCF>0.8529229946571566</SFCF>
      <CFR>0.00021432883171509955</CFR>
      <CWH>0.10000001025973312</CWH>
      <CFGlacier>1</CFGlacier>
      <CFSlope>1</CFSlope>
      <FC>916.98083097223468</FC>
      <LP>0.99999967733039818</LP>
      <BETA>1.0000001447625635</BETA>
    </VegetationZoneParameters>
  </VegetationZone>
  <SubCatchment>
    <SubCatchmentParameters>
      <KSI>0.001</KSI>
      <KGmin>0.05</KGmin>
      <RangeKG>0.1</RangeKG>
      <AG>0.1</AG>
      <PERC>4.9999282492044674</PERC>
      <Alpha>0</Alpha>
      <UZL>172.993222660145</UZL>
      <K0>0.51608938131025672</K0>
      <K1>0.24157879326824933</K1>
      <K2>0.066311602639119366</K2>
      <MAXBAS>1.0002427075382019</MAXBAS>
      <Cet>0</Cet>
      <PCALT>10</PCALT>
      <TCALT>0.6</TCALT>
      <Pelev>3349</Pelev>
      <Telev>2921</Telev>
      <PART>0.5</PART>
      <DELAY>1</DELAY>
    </SubCatchmentParameters>
    <SubCatchmentVegetationZone>
      <SubCatchmentVegetationZoneParameters>
        <TT>-0.079973691677476</TT>
        <CFMAX>3.026797265657363</CFMAX>
        <SP>0</SP>
        <SFCF>0.8529229946571566</SFCF>
        <CFR>0.00021432883171509955</CFR>
        <CWH>0.10000001025973312</CWH>
        <CFGlacier>1</CFGlacier>
        <CFSlope>1</CFSlope>
        <FC>916.98083097223468</FC>
        <LP>0.99999967733039818</LP>
        <BETA>1.0000001447625635</BETA>
      </SubCatchmentVegetationZoneParameters>
    </SubCatchmentVegetationZone>
  </SubCatchment>
</Catchment>