<?xml version="1.0" encoding="utf-8"?>
<Catchment xmlns:xsi="http://www.w3.org/2001/XMLSchema-instance" xmlns:xsd="http://www.w3.org/2001/XMLSchema">
  <CatchmentParameters>
    <KSI>0.001</KSI>
    <KGmin>0.05</KGmin>
    <RangeKG>0.1</RangeKG>
    <AG>0.1</AG>
    <PERC>9.99997925162087</PERC>
    <Alpha>0</Alpha>
    <UZL>87.461589340291368</UZL>
    <K0>0.050042618801782505</K0>
    <K1>0.17771717436575163</K1>
    <K2>0.041744466222660911</K2>
    <MAXBAS>1.000003763041206</MAXBAS>
    <Cet>0</Cet>
    <PCALT>10</PCALT>
    <TCALT>0.6</TCALT>
    <Pelev>3349</Pelev>
    <Telev>2921</Telev>
    <PART>0.5</PART>
    <DELAY>1</DELAY>
  </CatchmentParameters>
  <VegetationZone>
    <VegetationZoneParameters>
      <TT>-1.290562820029435</TT>
      <CFMAX>3.4583016545565459</CFMAX>
      <SP>0</SP>
      <SFCF>0.86588135283048184</SFCF>
      <CFR>0.079452310744283716</CFR>
      <CWH>0.19999872564126933</CWH>
      <CFGlacier>1</CFGlacier>
      <CFSlope>1</CFSlope>
      <FC>318.9337769979</FC>
      <LP>0.99999662091856423</LP>
      <BETA>1.0253198837161444</BETA>
    </VegetationZoneParameters>
  </VegetationZone>
  <SubCatchment>
    <SubCatchmentParameters>
      <KSI>0.001</KSI>
      <KGmin>0.05</KGmin>
      <RangeKG>0.1</RangeKG>
      <AG>0.1</AG>
      <PERC>9.99997925162087</PERC>
      <Alpha>0</Alpha>
      <UZL>87.461589340291368</UZL>
      <K0>0.050042618801782505</K0>
      <K1>0.17771717436575163</K1>
      <K2>0.041744466222660911</K2>
      <MAXBAS>1.000003763041206</MAXBAS>
      <Cet>0</Cet>
      <PCALT>10</PCALT>
      <TCALT>0.6</TCALT>
      <Pelev>3349</Pelev>
      <Telev>2921</Telev>
      <PART>0.5</PART>
      <DELAY>1</DELAY>
    </SubCatchmentParameters>
    <SubCatchmentVegetationZone>
      <SubCatchmentVegetationZoneParameters>
        <TT>-1.290562820029435</TT>
        <CFMAX>3.4583016545565459</CFMAX>
        <SP>0</SP>
        <SFCF>0.86588135283048184</SFCF>
        <CFR>0.079452310744283716</CFR>
        <CWH>0.19999872564126933</CWH>
        <CFGlacier>1</CFGlacier>
        <CFSlope>1</CFSlope>
        <FC>318.9337769979</FC>
        <LP>0.99999662091856423</LP>
        <BETA>1.0253198837161444</BETA>
      </SubCatchmentVegetationZoneParameters>
    </SubCatchmentVegetationZone>
  </SubCatchment>
</Catchment>