<?xml version="1.0" encoding="utf-8"?>
<Catchment xmlns:xsi="http://www.w3.org/2001/XMLSchema-instance" xmlns:xsd="http://www.w3.org/2001/XMLSchema">
  <CatchmentParameters>
    <KSI>0.001</KSI>
    <KGmin>0.05</KGmin>
    <RangeKG>0.1</RangeKG>
    <AG>0.1</AG>
    <PERC>9.9999760073136663</PERC>
    <Alpha>0</Alpha>
    <UZL>121.99235705139246</UZL>
    <K0>0.90391216502079952</K0>
    <K1>0.18431429916615841</K1>
    <K2>0.044052922954101743</K2>
    <MAXBAS>1.0001316255429489</MAXBAS>
    <Cet>0</Cet>
    <PCALT>10</PCALT>
    <TCALT>0.6</TCALT>
    <Pelev>3349</Pelev>
    <Telev>2921</Telev>
    <PART>0.5</PART>
    <DELAY>1</DELAY>
  </CatchmentParameters>
  <VegetationZone>
    <VegetationZoneParameters>
      <TT>-1.0439985347034422</TT>
      <CFMAX>4.4947142549893693</CFMAX>
      <SP>0</SP>
      <SFCF>1.0549102157532113</SFCF>
      <CFR>0.012113779396921482</CFR>
      <CWH>0.1999982689016111</CWH>
      <CFGlacier>1</CFGlacier>
      <CFSlope>1</CFSlope>
      <FC>999.92152288079933</FC>
      <LP>0.98040480890624515</LP>
      <BETA>1.5626272631022</BETA>
    </VegetationZoneParameters>
  </VegetationZone>
  <SubCatchment>
    <SubCatchmentParameters>
      <KSI>0.001</KSI>
      <KGmin>0.05</KGmin>
      <RangeKG>0.1</RangeKG>
      <AG>0.1</AG>
      <PERC>9.9999760073136663</PERC>
      <Alpha>0</Alpha>
      <UZL>121.99235705139246</UZL>
      <K0>0.90391216502079952</K0>
      <K1>0.18431429916615841</K1>
      <K2>0.044052922954101743</K2>
      <MAXBAS>1.0001316255429489</MAXBAS>
      <Cet>0</Cet>
      <PCALT>10</PCALT>
      <TCALT>0.6</TCALT>
      <Pelev>3349</Pelev>
      <Telev>2921</Telev>
      <PART>0.5</PART>
      <DELAY>1</DELAY>
    </SubCatchmentParameters>
    <SubCatchmentVegetationZone>
      <SubCatchmentVegetationZoneParameters>
        <TT>-1.0439985347034422</TT>
        <CFMAX>4.4947142549893693</CFMAX>
        <SP>0</SP>
        <SFCF>1.0549102157532113</SFCF>
        <CFR>0.012113779396921482</CFR>
        <CWH>0.1999982689016111</CWH>
        <CFGlacier>1</CFGlacier>
        <CFSlope>1</CFSlope>
        <FC>999.92152288079933</FC>
        <LP>0.98040480890624515</LP>
        <BETA>1.5626272631022</BETA>
      </SubCatchmentVegetationZoneParameters>
    </SubCatchmentVegetationZone>
  </SubCatchment>
</Catchment>