<?xml version="1.0" encoding="utf-8"?>
<Catchment xmlns:xsi="http://www.w3.org/2001/XMLSchema-instance" xmlns:xsd="http://www.w3.org/2001/XMLSchema">
  <CatchmentParameters>
    <KSI>0.001</KSI>
    <KGmin>0.05</KGmin>
    <RangeKG>0.1</RangeKG>
    <AG>0.1</AG>
    <PERC>1.9403335658479539</PERC>
    <Alpha>0</Alpha>
    <UZL>56.014627450790215</UZL>
    <K0>0.28717840675100237</K0>
    <K1>0.083895906441754833</K1>
    <K2>0.010000001108397782</K2>
    <MAXBAS>1</MAXBAS>
    <Cet>0</Cet>
    <PCALT>10</PCALT>
    <TCALT>0.6</TCALT>
    <Pelev>3349</Pelev>
    <Telev>2921</Telev>
    <PART>0.5</PART>
    <DELAY>1</DELAY>
  </CatchmentParameters>
  <VegetationZone>
    <VegetationZoneParameters>
      <TT>-1.7630204692583051</TT>
      <CFMAX>2.9817018968805598</CFMAX>
      <SP>0</SP>
      <SFCF>1.2724060666082464</SFCF>
      <CFR>7.79308973827241E-08</CFR>
      <CWH>0.1000000753085072</CWH>
      <CFGlacier>1</CFGlacier>
      <CFSlope>1</CFSlope>
      <FC>2499.99327098743</FC>
      <LP>0.78629585397158674</LP>
      <BETA>1.8075766758084695</BETA>
    </VegetationZoneParameters>
  </VegetationZone>
  <SubCatchment>
    <SubCatchmentParameters>
      <KSI>0.001</KSI>
      <KGmin>0.05</KGmin>
      <RangeKG>0.1</RangeKG>
      <AG>0.1</AG>
      <PERC>1.9403335658479539</PERC>
      <Alpha>0</Alpha>
      <UZL>56.014627450790215</UZL>
      <K0>0.28717840675100237</K0>
      <K1>0.083895906441754833</K1>
      <K2>0.010000001108397782</K2>
      <MAXBAS>1</MAXBAS>
      <Cet>0</Cet>
      <PCALT>10</PCALT>
      <TCALT>0.6</TCALT>
      <Pelev>3349</Pelev>
      <Telev>2921</Telev>
      <PART>0.5</PART>
      <DELAY>1</DELAY>
    </SubCatchmentParameters>
    <SubCatchmentVegetationZone>
      <SubCatchmentVegetationZoneParameters>
        <TT>-1.7630204692583051</TT>
        <CFMAX>2.9817018968805598</CFMAX>
        <SP>0</SP>
        <SFCF>1.2724060666082464</SFCF>
        <CFR>7.79308973827241E-08</CFR>
        <CWH>0.1000000753085072</CWH>
        <CFGlacier>1</CFGlacier>
        <CFSlope>1</CFSlope>
        <FC>2499.99327098743</FC>
        <LP>0.78629585397158674</LP>
        <BETA>1.8075766758084695</BETA>
      </SubCatchmentVegetationZoneParameters>
    </SubCatchmentVegetationZone>
  </SubCatchment>
</Catchment>