<?xml version="1.0" encoding="utf-8"?>
<Catchment xmlns:xsi="http://www.w3.org/2001/XMLSchema-instance" xmlns:xsd="http://www.w3.org/2001/XMLSchema">
  <CatchmentParameters>
    <KSI>0.001</KSI>
    <KGmin>0.05</KGmin>
    <RangeKG>0.1</RangeKG>
    <AG>0.1</AG>
    <PERC>1.9731838671583348</PERC>
    <Alpha>0</Alpha>
    <UZL>128.23711645122592</UZL>
    <K0>0.050205084966575012</K0>
    <K1>0.10492081724238929</K1>
    <K2>0.01000000320990131</K2>
    <MAXBAS>1</MAXBAS>
    <Cet>0</Cet>
    <PCALT>10</PCALT>
    <TCALT>0.6</TCALT>
    <Pelev>3349</Pelev>
    <Telev>2921</Telev>
    <PART>0.5</PART>
    <DELAY>1</DELAY>
  </CatchmentParameters>
  <VegetationZone>
    <VegetationZoneParameters>
      <TT>-1.2431811223039984</TT>
      <CFMAX>3.3136718520979414</CFMAX>
      <SP>0</SP>
      <SFCF>1.1980495547448911</SFCF>
      <CFR>0.00018160091742284139</CFR>
      <CWH>0.10000015525197283</CWH>
      <CFGlacier>1</CFGlacier>
      <CFSlope>1</CFSlope>
      <FC>2319.9120438383143</FC>
      <LP>0.79887140970435722</LP>
      <BETA>1.4696745746433959</BETA>
    </VegetationZoneParameters>
  </VegetationZone>
  <SubCatchment>
    <SubCatchmentParameters>
      <KSI>0.001</KSI>
      <KGmin>0.05</KGmin>
      <RangeKG>0.1</RangeKG>
      <AG>0.1</AG>
      <PERC>1.9731838671583348</PERC>
      <Alpha>0</Alpha>
      <UZL>128.23711645122592</UZL>
      <K0>0.050205084966575012</K0>
      <K1>0.10492081724238929</K1>
      <K2>0.01000000320990131</K2>
      <MAXBAS>1</MAXBAS>
      <Cet>0</Cet>
      <PCALT>10</PCALT>
      <TCALT>0.6</TCALT>
      <Pelev>3349</Pelev>
      <Telev>2921</Telev>
      <PART>0.5</PART>
      <DELAY>1</DELAY>
    </SubCatchmentParameters>
    <SubCatchmentVegetationZone>
      <SubCatchmentVegetationZoneParameters>
        <TT>-1.2431811223039984</TT>
        <CFMAX>3.3136718520979414</CFMAX>
        <SP>0</SP>
        <SFCF>1.1980495547448911</SFCF>
        <CFR>0.00018160091742284139</CFR>
        <CWH>0.10000015525197283</CWH>
        <CFGlacier>1</CFGlacier>
        <CFSlope>1</CFSlope>
        <FC>2319.9120438383143</FC>
        <LP>0.79887140970435722</LP>
        <BETA>1.4696745746433959</BETA>
      </SubCatchmentVegetationZoneParameters>
    </SubCatchmentVegetationZone>
  </SubCatchment>
</Catchment>