<?xml version="1.0" encoding="utf-8"?>
<Catchment xmlns:xsi="http://www.w3.org/2001/XMLSchema-instance" xmlns:xsd="http://www.w3.org/2001/XMLSchema">
  <CatchmentParameters>
    <KSI>0.001</KSI>
    <KGmin>0.05</KGmin>
    <RangeKG>0.1</RangeKG>
    <AG>0.1</AG>
    <PERC>1.8471576794505433</PERC>
    <Alpha>0</Alpha>
    <UZL>51.983597223473559</UZL>
    <K0>0.31754896806190264</K0>
    <K1>0.087450706265482181</K1>
    <K2>0.010000004360709702</K2>
    <MAXBAS>1</MAXBAS>
    <Cet>0</Cet>
    <PCALT>10</PCALT>
    <TCALT>0.6</TCALT>
    <Pelev>3349</Pelev>
    <Telev>2921</Telev>
    <PART>0.5</PART>
    <DELAY>1</DELAY>
  </CatchmentParameters>
  <VegetationZone>
    <VegetationZoneParameters>
      <TT>-2.0372902357570823</TT>
      <CFMAX>2.350833376342722</CFMAX>
      <SP>0</SP>
      <SFCF>1.1049723892071186</SFCF>
      <CFR>3.7886671550514477E-08</CFR>
      <CWH>0.1000000054611264</CWH>
      <CFGlacier>1</CFGlacier>
      <CFSlope>1</CFSlope>
      <FC>787.23203090845925</FC>
      <LP>0.93328139075283589</LP>
      <BETA>1.3403426662567655</BETA>
    </VegetationZoneParameters>
  </VegetationZone>
  <SubCatchment>
    <SubCatchmentParameters>
      <KSI>0.001</KSI>
      <KGmin>0.05</KGmin>
      <RangeKG>0.1</RangeKG>
      <AG>0.1</AG>
      <PERC>1.8471576794505433</PERC>
      <Alpha>0</Alpha>
      <UZL>51.983597223473559</UZL>
      <K0>0.31754896806190264</K0>
      <K1>0.087450706265482181</K1>
      <K2>0.010000004360709702</K2>
      <MAXBAS>1</MAXBAS>
      <Cet>0</Cet>
      <PCALT>10</PCALT>
      <TCALT>0.6</TCALT>
      <Pelev>3349</Pelev>
      <Telev>2921</Telev>
      <PART>0.5</PART>
      <DELAY>1</DELAY>
    </SubCatchmentParameters>
    <SubCatchmentVegetationZone>
      <SubCatchmentVegetationZoneParameters>
        <TT>-2.0372902357570823</TT>
        <CFMAX>2.350833376342722</CFMAX>
        <SP>0</SP>
        <SFCF>1.1049723892071186</SFCF>
        <CFR>3.7886671550514477E-08</CFR>
        <CWH>0.1000000054611264</CWH>
        <CFGlacier>1</CFGlacier>
        <CFSlope>1</CFSlope>
        <FC>787.23203090845925</FC>
        <LP>0.93328139075283589</LP>
        <BETA>1.3403426662567655</BETA>
      </SubCatchmentVegetationZoneParameters>
    </SubCatchmentVegetationZone>
  </SubCatchment>
</Catchment>