<?xml version="1.0" encoding="utf-8"?>
<Catchment xmlns:xsi="http://www.w3.org/2001/XMLSchema-instance" xmlns:xsd="http://www.w3.org/2001/XMLSchema">
  <CatchmentParameters>
    <KSI>0.001</KSI>
    <KGmin>0.05</KGmin>
    <RangeKG>0.1</RangeKG>
    <AG>0.1</AG>
    <PERC>1.4869795938679924</PERC>
    <Alpha>0</Alpha>
    <UZL>73.057985224317136</UZL>
    <K0>0.2800863868726492</K0>
    <K1>0.062271526185622685</K1>
    <K2>0.010000000930136853</K2>
    <MAXBAS>1</MAXBAS>
    <Cet>0</Cet>
    <PCALT>10</PCALT>
    <TCALT>0.6</TCALT>
    <Pelev>3349</Pelev>
    <Telev>2921</Telev>
    <PART>0.5</PART>
    <DELAY>1</DELAY>
  </CatchmentParameters>
  <VegetationZone>
    <VegetationZoneParameters>
      <TT>-1.5439973614825604</TT>
      <CFMAX>3.3719894319362385</CFMAX>
      <SP>0</SP>
      <SFCF>1.332326646894973</SFCF>
      <CFR>1.163711868762495E-08</CFR>
      <CWH>0.10000003564758671</CWH>
      <CFGlacier>1</CFGlacier>
      <CFSlope>1</CFSlope>
      <FC>2499.9946835099522</FC>
      <LP>0.62801433582137989</LP>
      <BETA>1.3442549952243452</BETA>
    </VegetationZoneParameters>
  </VegetationZone>
  <SubCatchment>
    <SubCatchmentParameters>
      <KSI>0.001</KSI>
      <KGmin>0.05</KGmin>
      <RangeKG>0.1</RangeKG>
      <AG>0.1</AG>
      <PERC>1.4869795938679924</PERC>
      <Alpha>0</Alpha>
      <UZL>73.057985224317136</UZL>
      <K0>0.2800863868726492</K0>
      <K1>0.062271526185622685</K1>
      <K2>0.010000000930136853</K2>
      <MAXBAS>1</MAXBAS>
      <Cet>0</Cet>
      <PCALT>10</PCALT>
      <TCALT>0.6</TCALT>
      <Pelev>3349</Pelev>
      <Telev>2921</Telev>
      <PART>0.5</PART>
      <DELAY>1</DELAY>
    </SubCatchmentParameters>
    <SubCatchmentVegetationZone>
      <SubCatchmentVegetationZoneParameters>
        <TT>-1.5439973614825604</TT>
        <CFMAX>3.3719894319362385</CFMAX>
        <SP>0</SP>
        <SFCF>1.332326646894973</SFCF>
        <CFR>1.163711868762495E-08</CFR>
        <CWH>0.10000003564758671</CWH>
        <CFGlacier>1</CFGlacier>
        <CFSlope>1</CFSlope>
        <FC>2499.9946835099522</FC>
        <LP>0.62801433582137989</LP>
        <BETA>1.3442549952243452</BETA>
      </SubCatchmentVegetationZoneParameters>
    </SubCatchmentVegetationZone>
  </SubCatchment>
</Catchment>