<?xml version="1.0" encoding="utf-8"?>
<Catchment xmlns:xsi="http://www.w3.org/2001/XMLSchema-instance" xmlns:xsd="http://www.w3.org/2001/XMLSchema">
  <CatchmentParameters>
    <KSI>0.001</KSI>
    <KGmin>0.05</KGmin>
    <RangeKG>0.1</RangeKG>
    <AG>0.1</AG>
    <PERC>9.9999879007177856</PERC>
    <Alpha>0</Alpha>
    <UZL>164.88889043387641</UZL>
    <K0>0.32359702725283868</K0>
    <K1>0.2211756561056378</K1>
    <K2>0.048730123162851226</K2>
    <MAXBAS>1.0001344439091291</MAXBAS>
    <Cet>0</Cet>
    <PCALT>10</PCALT>
    <TCALT>0.6</TCALT>
    <Pelev>3349</Pelev>
    <Telev>2921</Telev>
    <PART>0.5</PART>
    <DELAY>1</DELAY>
  </CatchmentParameters>
  <VegetationZone>
    <VegetationZoneParameters>
      <TT>-0.87999971653671671</TT>
      <CFMAX>4.1822038645783373</CFMAX>
      <SP>0</SP>
      <SFCF>0.98750464550932759</SFCF>
      <CFR>0.0015485076316597486</CFR>
      <CWH>0.19999954610761803</CWH>
      <CFGlacier>1</CFGlacier>
      <CFSlope>1</CFSlope>
      <FC>917.792275403465</FC>
      <LP>0.99999934349607289</LP>
      <BETA>1.3244883478095355</BETA>
    </VegetationZoneParameters>
  </VegetationZone>
  <SubCatchment>
    <SubCatchmentParameters>
      <KSI>0.001</KSI>
      <KGmin>0.05</KGmin>
      <RangeKG>0.1</RangeKG>
      <AG>0.1</AG>
      <PERC>9.9999879007177856</PERC>
      <Alpha>0</Alpha>
      <UZL>164.88889043387641</UZL>
      <K0>0.32359702725283868</K0>
      <K1>0.2211756561056378</K1>
      <K2>0.048730123162851226</K2>
      <MAXBAS>1.0001344439091291</MAXBAS>
      <Cet>0</Cet>
      <PCALT>10</PCALT>
      <TCALT>0.6</TCALT>
      <Pelev>3349</Pelev>
      <Telev>2921</Telev>
      <PART>0.5</PART>
      <DELAY>1</DELAY>
    </SubCatchmentParameters>
    <SubCatchmentVegetationZone>
      <SubCatchmentVegetationZoneParameters>
        <TT>-0.87999971653671671</TT>
        <CFMAX>4.1822038645783373</CFMAX>
        <SP>0</SP>
        <SFCF>0.98750464550932759</SFCF>
        <CFR>0.0015485076316597486</CFR>
        <CWH>0.19999954610761803</CWH>
        <CFGlacier>1</CFGlacier>
        <CFSlope>1</CFSlope>
        <FC>917.792275403465</FC>
        <LP>0.99999934349607289</LP>
        <BETA>1.3244883478095355</BETA>
      </SubCatchmentVegetationZoneParameters>
    </SubCatchmentVegetationZone>
  </SubCatchment>
</Catchment>