<?xml version="1.0" encoding="utf-8"?>
<Catchment xmlns:xsi="http://www.w3.org/2001/XMLSchema-instance" xmlns:xsd="http://www.w3.org/2001/XMLSchema">
  <CatchmentParameters>
    <KSI>0.001</KSI>
    <KGmin>0.05</KGmin>
    <RangeKG>0.1</RangeKG>
    <AG>0.1</AG>
    <PERC>1.317328254460661</PERC>
    <Alpha>0</Alpha>
    <UZL>69.717046915129416</UZL>
    <K0>0.31736738183104557</K0>
    <K1>0.07367585550187114</K1>
    <K2>0.01000000046807315</K2>
    <MAXBAS>1</MAXBAS>
    <Cet>0</Cet>
    <PCALT>10</PCALT>
    <TCALT>0.6</TCALT>
    <Pelev>3349</Pelev>
    <Telev>2921</Telev>
    <PART>0.5</PART>
    <DELAY>1</DELAY>
  </CatchmentParameters>
  <VegetationZone>
    <VegetationZoneParameters>
      <TT>-1.5439983289566348</TT>
      <CFMAX>2.411781869948737</CFMAX>
      <SP>0</SP>
      <SFCF>1.0017998620517452</SFCF>
      <CFR>1.3866406071988664E-07</CFR>
      <CWH>0.10000026000085412</CWH>
      <CFGlacier>1</CFGlacier>
      <CFSlope>1</CFSlope>
      <FC>2142.9026698530074</FC>
      <LP>0.94347368941248633</LP>
      <BETA>1.0604439767805</BETA>
    </VegetationZoneParameters>
  </VegetationZone>
  <SubCatchment>
    <SubCatchmentParameters>
      <KSI>0.001</KSI>
      <KGmin>0.05</KGmin>
      <RangeKG>0.1</RangeKG>
      <AG>0.1</AG>
      <PERC>1.317328254460661</PERC>
      <Alpha>0</Alpha>
      <UZL>69.717046915129416</UZL>
      <K0>0.31736738183104557</K0>
      <K1>0.07367585550187114</K1>
      <K2>0.01000000046807315</K2>
      <MAXBAS>1</MAXBAS>
      <Cet>0</Cet>
      <PCALT>10</PCALT>
      <TCALT>0.6</TCALT>
      <Pelev>3349</Pelev>
      <Telev>2921</Telev>
      <PART>0.5</PART>
      <DELAY>1</DELAY>
    </SubCatchmentParameters>
    <SubCatchmentVegetationZone>
      <SubCatchmentVegetationZoneParameters>
        <TT>-1.5439983289566348</TT>
        <CFMAX>2.411781869948737</CFMAX>
        <SP>0</SP>
        <SFCF>1.0017998620517452</SFCF>
        <CFR>1.3866406071988664E-07</CFR>
        <CWH>0.10000026000085412</CWH>
        <CFGlacier>1</CFGlacier>
        <CFSlope>1</CFSlope>
        <FC>2142.9026698530074</FC>
        <LP>0.94347368941248633</LP>
        <BETA>1.0604439767805</BETA>
      </SubCatchmentVegetationZoneParameters>
    </SubCatchmentVegetationZone>
  </SubCatchment>
</Catchment>