<?xml version="1.0" encoding="utf-8"?>
<Catchment xmlns:xsi="http://www.w3.org/2001/XMLSchema-instance" xmlns:xsd="http://www.w3.org/2001/XMLSchema">
  <CatchmentParameters>
    <KSI>0.001</KSI>
    <KGmin>0.05</KGmin>
    <RangeKG>0.1</RangeKG>
    <AG>0.1</AG>
    <PERC>6.804722589622993</PERC>
    <Alpha>0</Alpha>
    <UZL>149.94841692993666</UZL>
    <K0>0.46435026390296413</K0>
    <K1>0.284079109975476</K1>
    <K2>0.051704076675530682</K2>
    <MAXBAS>1.00005816003624</MAXBAS>
    <Cet>0</Cet>
    <PCALT>10</PCALT>
    <TCALT>0.6</TCALT>
    <Pelev>3349</Pelev>
    <Telev>2921</Telev>
    <PART>0.5</PART>
    <DELAY>1</DELAY>
  </CatchmentParameters>
  <VegetationZone>
    <VegetationZoneParameters>
      <TT>-1.3440003280694706</TT>
      <CFMAX>1.8664287069353955</CFMAX>
      <SP>0</SP>
      <SFCF>0.71851984016527515</SFCF>
      <CFR>0.033443216077173571</CFR>
      <CWH>0.1433230426532226</CWH>
      <CFGlacier>1</CFGlacier>
      <CFSlope>1</CFSlope>
      <FC>94.4559075323908</FC>
      <LP>0.58357667997705587</LP>
      <BETA>1.0467093496416571</BETA>
    </VegetationZoneParameters>
  </VegetationZone>
  <SubCatchment>
    <SubCatchmentParameters>
      <KSI>0.001</KSI>
      <KGmin>0.05</KGmin>
      <RangeKG>0.1</RangeKG>
      <AG>0.1</AG>
      <PERC>6.804722589622993</PERC>
      <Alpha>0</Alpha>
      <UZL>149.94841692993666</UZL>
      <K0>0.46435026390296413</K0>
      <K1>0.284079109975476</K1>
      <K2>0.051704076675530682</K2>
      <MAXBAS>1.00005816003624</MAXBAS>
      <Cet>0</Cet>
      <PCALT>10</PCALT>
      <TCALT>0.6</TCALT>
      <Pelev>3349</Pelev>
      <Telev>2921</Telev>
      <PART>0.5</PART>
      <DELAY>1</DELAY>
    </SubCatchmentParameters>
    <SubCatchmentVegetationZone>
      <SubCatchmentVegetationZoneParameters>
        <TT>-1.3440003280694706</TT>
        <CFMAX>1.8664287069353955</CFMAX>
        <SP>0</SP>
        <SFCF>0.71851984016527515</SFCF>
        <CFR>0.033443216077173571</CFR>
        <CWH>0.1433230426532226</CWH>
        <CFGlacier>1</CFGlacier>
        <CFSlope>1</CFSlope>
        <FC>94.4559075323908</FC>
        <LP>0.58357667997705587</LP>
        <BETA>1.0467093496416571</BETA>
      </SubCatchmentVegetationZoneParameters>
    </SubCatchmentVegetationZone>
  </SubCatchment>
</Catchment>