<?xml version="1.0" encoding="utf-8"?>
<Catchment xmlns:xsi="http://www.w3.org/2001/XMLSchema-instance" xmlns:xsd="http://www.w3.org/2001/XMLSchema">
  <CatchmentParameters>
    <KSI>0.001</KSI>
    <KGmin>0.05</KGmin>
    <RangeKG>0.1</RangeKG>
    <AG>0.1</AG>
    <PERC>9.99990918379127</PERC>
    <Alpha>0</Alpha>
    <UZL>125.39899926727073</UZL>
    <K0>0.58184297173207722</K0>
    <K1>0.18252397265477119</K1>
    <K2>0.048195842025941404</K2>
    <MAXBAS>1.0002396425083813</MAXBAS>
    <Cet>0</Cet>
    <PCALT>10</PCALT>
    <TCALT>0.6</TCALT>
    <Pelev>3349</Pelev>
    <Telev>2921</Telev>
    <PART>0.5</PART>
    <DELAY>1</DELAY>
  </CatchmentParameters>
  <VegetationZone>
    <VegetationZoneParameters>
      <TT>-0.41603170095719666</TT>
      <CFMAX>4.3333064516035549</CFMAX>
      <SP>0</SP>
      <SFCF>0.89701615024956327</SFCF>
      <CFR>8.2977572834712175E-05</CFR>
      <CWH>0.19999881901967492</CWH>
      <CFGlacier>1</CFGlacier>
      <CFSlope>1</CFSlope>
      <FC>526.27983177846625</FC>
      <LP>0.999996799686214</LP>
      <BETA>1.0000024575123614</BETA>
    </VegetationZoneParameters>
  </VegetationZone>
  <SubCatchment>
    <SubCatchmentParameters>
      <KSI>0.001</KSI>
      <KGmin>0.05</KGmin>
      <RangeKG>0.1</RangeKG>
      <AG>0.1</AG>
      <PERC>9.99990918379127</PERC>
      <Alpha>0</Alpha>
      <UZL>125.39899926727073</UZL>
      <K0>0.58184297173207722</K0>
      <K1>0.18252397265477119</K1>
      <K2>0.048195842025941404</K2>
      <MAXBAS>1.0002396425083813</MAXBAS>
      <Cet>0</Cet>
      <PCALT>10</PCALT>
      <TCALT>0.6</TCALT>
      <Pelev>3349</Pelev>
      <Telev>2921</Telev>
      <PART>0.5</PART>
      <DELAY>1</DELAY>
    </SubCatchmentParameters>
    <SubCatchmentVegetationZone>
      <SubCatchmentVegetationZoneParameters>
        <TT>-0.41603170095719666</TT>
        <CFMAX>4.3333064516035549</CFMAX>
        <SP>0</SP>
        <SFCF>0.89701615024956327</SFCF>
        <CFR>8.2977572834712175E-05</CFR>
        <CWH>0.19999881901967492</CWH>
        <CFGlacier>1</CFGlacier>
        <CFSlope>1</CFSlope>
        <FC>526.27983177846625</FC>
        <LP>0.999996799686214</LP>
        <BETA>1.0000024575123614</BETA>
      </SubCatchmentVegetationZoneParameters>
    </SubCatchmentVegetationZone>
  </SubCatchment>
</Catchment>