<?xml version="1.0" encoding="utf-8"?>
<Catchment xmlns:xsi="http://www.w3.org/2001/XMLSchema-instance" xmlns:xsd="http://www.w3.org/2001/XMLSchema">
  <CatchmentParameters>
    <KSI>0.001</KSI>
    <KGmin>0.05</KGmin>
    <RangeKG>0.1</RangeKG>
    <AG>0.1</AG>
    <PERC>7.0609702017797771</PERC>
    <Alpha>0</Alpha>
    <UZL>145.44427866786182</UZL>
    <K0>0.5208397475726515</K0>
    <K1>0.27850924440618258</K1>
    <K2>0.063592755755163474</K2>
    <MAXBAS>1.00502198199767</MAXBAS>
    <Cet>0</Cet>
    <PCALT>10</PCALT>
    <TCALT>0.6</TCALT>
    <Pelev>3349</Pelev>
    <Telev>2921</Telev>
    <PART>0.5</PART>
    <DELAY>1</DELAY>
  </CatchmentParameters>
  <VegetationZone>
    <VegetationZoneParameters>
      <TT>-0.74927197947776458</TT>
      <CFMAX>2.5835313470914691</CFMAX>
      <SP>0</SP>
      <SFCF>0.8398701986677467</SFCF>
      <CFR>0.00047343758297017577</CFR>
      <CWH>0.10000061590613009</CWH>
      <CFGlacier>1</CFGlacier>
      <CFSlope>1</CFSlope>
      <FC>338.36616243709148</FC>
      <LP>0.99999808782774058</LP>
      <BETA>1.0000015112130127</BETA>
    </VegetationZoneParameters>
  </VegetationZone>
  <SubCatchment>
    <SubCatchmentParameters>
      <KSI>0.001</KSI>
      <KGmin>0.05</KGmin>
      <RangeKG>0.1</RangeKG>
      <AG>0.1</AG>
      <PERC>7.0609702017797771</PERC>
      <Alpha>0</Alpha>
      <UZL>145.44427866786182</UZL>
      <K0>0.5208397475726515</K0>
      <K1>0.27850924440618258</K1>
      <K2>0.063592755755163474</K2>
      <MAXBAS>1.00502198199767</MAXBAS>
      <Cet>0</Cet>
      <PCALT>10</PCALT>
      <TCALT>0.6</TCALT>
      <Pelev>3349</Pelev>
      <Telev>2921</Telev>
      <PART>0.5</PART>
      <DELAY>1</DELAY>
    </SubCatchmentParameters>
    <SubCatchmentVegetationZone>
      <SubCatchmentVegetationZoneParameters>
        <TT>-0.74927197947776458</TT>
        <CFMAX>2.5835313470914691</CFMAX>
        <SP>0</SP>
        <SFCF>0.8398701986677467</SFCF>
        <CFR>0.00047343758297017577</CFR>
        <CWH>0.10000061590613009</CWH>
        <CFGlacier>1</CFGlacier>
        <CFSlope>1</CFSlope>
        <FC>338.36616243709148</FC>
        <LP>0.99999808782774058</LP>
        <BETA>1.0000015112130127</BETA>
      </SubCatchmentVegetationZoneParameters>
    </SubCatchmentVegetationZone>
  </SubCatchment>
</Catchment>