<?xml version="1.0" encoding="utf-8"?>
<Catchment xmlns:xsi="http://www.w3.org/2001/XMLSchema-instance" xmlns:xsd="http://www.w3.org/2001/XMLSchema">
  <CatchmentParameters>
    <KSI>0.001</KSI>
    <KGmin>0.05</KGmin>
    <RangeKG>0.1</RangeKG>
    <AG>0.1</AG>
    <PERC>1.3459386708934105</PERC>
    <Alpha>0</Alpha>
    <UZL>79.0541150667916</UZL>
    <K0>0.33030394552093273</K0>
    <K1>0.057215551365044533</K1>
    <K2>0.010000000182179836</K2>
    <MAXBAS>1</MAXBAS>
    <Cet>0</Cet>
    <PCALT>10</PCALT>
    <TCALT>0.6</TCALT>
    <Pelev>3349</Pelev>
    <Telev>2921</Telev>
    <PART>0.5</PART>
    <DELAY>1</DELAY>
  </CatchmentParameters>
  <VegetationZone>
    <VegetationZoneParameters>
      <TT>-1.980120462507984</TT>
      <CFMAX>2.9258098961313235</CFMAX>
      <SP>0</SP>
      <SFCF>1.2771012572021072</SFCF>
      <CFR>0.00048195861593898726</CFR>
      <CWH>0.10000014312796843</CWH>
      <CFGlacier>1</CFGlacier>
      <CFSlope>1</CFSlope>
      <FC>2499.9169520283144</FC>
      <LP>0.65529724518452981</LP>
      <BETA>1.152245009611369</BETA>
    </VegetationZoneParameters>
  </VegetationZone>
  <SubCatchment>
    <SubCatchmentParameters>
      <KSI>0.001</KSI>
      <KGmin>0.05</KGmin>
      <RangeKG>0.1</RangeKG>
      <AG>0.1</AG>
      <PERC>1.3459386708934105</PERC>
      <Alpha>0</Alpha>
      <UZL>79.0541150667916</UZL>
      <K0>0.33030394552093273</K0>
      <K1>0.057215551365044533</K1>
      <K2>0.010000000182179836</K2>
      <MAXBAS>1</MAXBAS>
      <Cet>0</Cet>
      <PCALT>10</PCALT>
      <TCALT>0.6</TCALT>
      <Pelev>3349</Pelev>
      <Telev>2921</Telev>
      <PART>0.5</PART>
      <DELAY>1</DELAY>
    </SubCatchmentParameters>
    <SubCatchmentVegetationZone>
      <SubCatchmentVegetationZoneParameters>
        <TT>-1.980120462507984</TT>
        <CFMAX>2.9258098961313235</CFMAX>
        <SP>0</SP>
        <SFCF>1.2771012572021072</SFCF>
        <CFR>0.00048195861593898726</CFR>
        <CWH>0.10000014312796843</CWH>
        <CFGlacier>1</CFGlacier>
        <CFSlope>1</CFSlope>
        <FC>2499.9169520283144</FC>
        <LP>0.65529724518452981</LP>
        <BETA>1.152245009611369</BETA>
      </SubCatchmentVegetationZoneParameters>
    </SubCatchmentVegetationZone>
  </SubCatchment>
</Catchment>