<?xml version="1.0" encoding="utf-8"?>
<Catchment xmlns:xsi="http://www.w3.org/2001/XMLSchema-instance" xmlns:xsd="http://www.w3.org/2001/XMLSchema">
  <CatchmentParameters>
    <KSI>0.001</KSI>
    <KGmin>0.05</KGmin>
    <RangeKG>0.1</RangeKG>
    <AG>0.1</AG>
    <PERC>7.6468131157466859</PERC>
    <Alpha>0</Alpha>
    <UZL>181.8371287605186</UZL>
    <K0>0.39366021875043461</K0>
    <K1>0.27399971927990724</K1>
    <K2>0.05519920872191</K2>
    <MAXBAS>1.0048912021696324</MAXBAS>
    <Cet>0</Cet>
    <PCALT>10</PCALT>
    <TCALT>0.6</TCALT>
    <Pelev>3349</Pelev>
    <Telev>2921</Telev>
    <PART>0.5</PART>
    <DELAY>1</DELAY>
  </CatchmentParameters>
  <VegetationZone>
    <VegetationZoneParameters>
      <TT>-0.55280478939550515</TT>
      <CFMAX>2.5144584368123439</CFMAX>
      <SP>0</SP>
      <SFCF>0.76867797224751677</SFCF>
      <CFR>0.012679378470100316</CFR>
      <CWH>0.10000008589723379</CWH>
      <CFGlacier>1</CFGlacier>
      <CFSlope>1</CFSlope>
      <FC>183.39975040260762</FC>
      <LP>0.999847678767353</LP>
      <BETA>1.0000001436303594</BETA>
    </VegetationZoneParameters>
  </VegetationZone>
  <SubCatchment>
    <SubCatchmentParameters>
      <KSI>0.001</KSI>
      <KGmin>0.05</KGmin>
      <RangeKG>0.1</RangeKG>
      <AG>0.1</AG>
      <PERC>7.6468131157466859</PERC>
      <Alpha>0</Alpha>
      <UZL>181.8371287605186</UZL>
      <K0>0.39366021875043461</K0>
      <K1>0.27399971927990724</K1>
      <K2>0.05519920872191</K2>
      <MAXBAS>1.0048912021696324</MAXBAS>
      <Cet>0</Cet>
      <PCALT>10</PCALT>
      <TCALT>0.6</TCALT>
      <Pelev>3349</Pelev>
      <Telev>2921</Telev>
      <PART>0.5</PART>
      <DELAY>1</DELAY>
    </SubCatchmentParameters>
    <SubCatchmentVegetationZone>
      <SubCatchmentVegetationZoneParameters>
        <TT>-0.55280478939550515</TT>
        <CFMAX>2.5144584368123439</CFMAX>
        <SP>0</SP>
        <SFCF>0.76867797224751677</SFCF>
        <CFR>0.012679378470100316</CFR>
        <CWH>0.10000008589723379</CWH>
        <CFGlacier>1</CFGlacier>
        <CFSlope>1</CFSlope>
        <FC>183.39975040260762</FC>
        <LP>0.999847678767353</LP>
        <BETA>1.0000001436303594</BETA>
      </SubCatchmentVegetationZoneParameters>
    </SubCatchmentVegetationZone>
  </SubCatchment>
</Catchment>