<?xml version="1.0" encoding="utf-8"?>
<Catchment xmlns:xsi="http://www.w3.org/2001/XMLSchema-instance" xmlns:xsd="http://www.w3.org/2001/XMLSchema">
  <CatchmentParameters>
    <KSI>0.001</KSI>
    <KGmin>0.05</KGmin>
    <RangeKG>0.1</RangeKG>
    <AG>0.1</AG>
    <PERC>9.9999962121830013</PERC>
    <Alpha>0</Alpha>
    <UZL>165.56171218514837</UZL>
    <K0>0.50771701296037042</K0>
    <K1>0.15826930902599581</K1>
    <K2>0.038618301438279143</K2>
    <MAXBAS>1.0003527188198869</MAXBAS>
    <Cet>0</Cet>
    <PCALT>10</PCALT>
    <TCALT>0.6</TCALT>
    <Pelev>3349</Pelev>
    <Telev>2921</Telev>
    <PART>0.5</PART>
    <DELAY>1</DELAY>
  </CatchmentParameters>
  <VegetationZone>
    <VegetationZoneParameters>
      <TT>-1.3318230860102107</TT>
      <CFMAX>3.4106817158602722</CFMAX>
      <SP>0</SP>
      <SFCF>0.83843962571151387</SFCF>
      <CFR>0.095582489821504552</CFR>
      <CWH>0.19999822438431139</CWH>
      <CFGlacier>1</CFGlacier>
      <CFSlope>1</CFSlope>
      <FC>237.44210575743369</FC>
      <LP>0.98266400001025456</LP>
      <BETA>1.1234570531850496</BETA>
    </VegetationZoneParameters>
  </VegetationZone>
  <SubCatchment>
    <SubCatchmentParameters>
      <KSI>0.001</KSI>
      <KGmin>0.05</KGmin>
      <RangeKG>0.1</RangeKG>
      <AG>0.1</AG>
      <PERC>9.9999962121830013</PERC>
      <Alpha>0</Alpha>
      <UZL>165.56171218514837</UZL>
      <K0>0.50771701296037042</K0>
      <K1>0.15826930902599581</K1>
      <K2>0.038618301438279143</K2>
      <MAXBAS>1.0003527188198869</MAXBAS>
      <Cet>0</Cet>
      <PCALT>10</PCALT>
      <TCALT>0.6</TCALT>
      <Pelev>3349</Pelev>
      <Telev>2921</Telev>
      <PART>0.5</PART>
      <DELAY>1</DELAY>
    </SubCatchmentParameters>
    <SubCatchmentVegetationZone>
      <SubCatchmentVegetationZoneParameters>
        <TT>-1.3318230860102107</TT>
        <CFMAX>3.4106817158602722</CFMAX>
        <SP>0</SP>
        <SFCF>0.83843962571151387</SFCF>
        <CFR>0.095582489821504552</CFR>
        <CWH>0.19999822438431139</CWH>
        <CFGlacier>1</CFGlacier>
        <CFSlope>1</CFSlope>
        <FC>237.44210575743369</FC>
        <LP>0.98266400001025456</LP>
        <BETA>1.1234570531850496</BETA>
      </SubCatchmentVegetationZoneParameters>
    </SubCatchmentVegetationZone>
  </SubCatchment>
</Catchment>