<?xml version="1.0" encoding="utf-8"?>
<Catchment xmlns:xsi="http://www.w3.org/2001/XMLSchema-instance" xmlns:xsd="http://www.w3.org/2001/XMLSchema">
  <CatchmentParameters>
    <KSI>0.001</KSI>
    <KGmin>0.05</KGmin>
    <RangeKG>0.1</RangeKG>
    <AG>0.1</AG>
    <PERC>7.5905063877608319</PERC>
    <Alpha>0</Alpha>
    <UZL>41.332780211361616</UZL>
    <K0>0.29577796806754747</K0>
    <K1>0.33630198835691438</K1>
    <K2>0.059084240265330372</K2>
    <MAXBAS>1.0003523439443141</MAXBAS>
    <Cet>0</Cet>
    <PCALT>10</PCALT>
    <TCALT>0.6</TCALT>
    <Pelev>3349</Pelev>
    <Telev>2921</Telev>
    <PART>0.5</PART>
    <DELAY>1</DELAY>
  </CatchmentParameters>
  <VegetationZone>
    <VegetationZoneParameters>
      <TT>-1.7440091057627487</TT>
      <CFMAX>1.8502653644611959</CFMAX>
      <SP>0</SP>
      <SFCF>0.78318639082769193</SFCF>
      <CFR>0.00058624600150686441</CFR>
      <CWH>0.13343390877725037</CWH>
      <CFGlacier>1</CFGlacier>
      <CFSlope>1</CFSlope>
      <FC>173.25590354189433</FC>
      <LP>0.56890894704381079</LP>
      <BETA>1.7973850870958033</BETA>
    </VegetationZoneParameters>
  </VegetationZone>
  <SubCatchment>
    <SubCatchmentParameters>
      <KSI>0.001</KSI>
      <KGmin>0.05</KGmin>
      <RangeKG>0.1</RangeKG>
      <AG>0.1</AG>
      <PERC>7.5905063877608319</PERC>
      <Alpha>0</Alpha>
      <UZL>41.332780211361616</UZL>
      <K0>0.29577796806754747</K0>
      <K1>0.33630198835691438</K1>
      <K2>0.059084240265330372</K2>
      <MAXBAS>1.0003523439443141</MAXBAS>
      <Cet>0</Cet>
      <PCALT>10</PCALT>
      <TCALT>0.6</TCALT>
      <Pelev>3349</Pelev>
      <Telev>2921</Telev>
      <PART>0.5</PART>
      <DELAY>1</DELAY>
    </SubCatchmentParameters>
    <SubCatchmentVegetationZone>
      <SubCatchmentVegetationZoneParameters>
        <TT>-1.7440091057627487</TT>
        <CFMAX>1.8502653644611959</CFMAX>
        <SP>0</SP>
        <SFCF>0.78318639082769193</SFCF>
        <CFR>0.00058624600150686441</CFR>
        <CWH>0.13343390877725037</CWH>
        <CFGlacier>1</CFGlacier>
        <CFSlope>1</CFSlope>
        <FC>173.25590354189433</FC>
        <LP>0.56890894704381079</LP>
        <BETA>1.7973850870958033</BETA>
      </SubCatchmentVegetationZoneParameters>
    </SubCatchmentVegetationZone>
  </SubCatchment>
</Catchment>