<?xml version="1.0" encoding="utf-8"?>
<Catchment xmlns:xsi="http://www.w3.org/2001/XMLSchema-instance" xmlns:xsd="http://www.w3.org/2001/XMLSchema">
  <CatchmentParameters>
    <KSI>0.001</KSI>
    <KGmin>0.05</KGmin>
    <RangeKG>0.1</RangeKG>
    <AG>0.1</AG>
    <PERC>1.1909035810665638</PERC>
    <Alpha>0</Alpha>
    <UZL>124.99824532520793</UZL>
    <K0>0.10535812476756155</K0>
    <K1>0.042178966281312395</K1>
    <K2>0.010000000276374982</K2>
    <MAXBAS>1</MAXBAS>
    <Cet>0</Cet>
    <PCALT>10</PCALT>
    <TCALT>0.6</TCALT>
    <Pelev>3349</Pelev>
    <Telev>2921</Telev>
    <PART>0.5</PART>
    <DELAY>1</DELAY>
  </CatchmentParameters>
  <VegetationZone>
    <VegetationZoneParameters>
      <TT>-1.8980118237879231</TT>
      <CFMAX>3.913035085364696</CFMAX>
      <SP>0</SP>
      <SFCF>1.1842610831315643</SFCF>
      <CFR>0.00023816772042781521</CFR>
      <CWH>0.16435347388083857</CWH>
      <CFGlacier>1</CFGlacier>
      <CFSlope>1</CFSlope>
      <FC>2097.0042264447325</FC>
      <LP>0.93517948213531432</LP>
      <BETA>1.6077539515422581</BETA>
    </VegetationZoneParameters>
  </VegetationZone>
  <SubCatchment>
    <SubCatchmentParameters>
      <KSI>0.001</KSI>
      <KGmin>0.05</KGmin>
      <RangeKG>0.1</RangeKG>
      <AG>0.1</AG>
      <PERC>1.1909035810665638</PERC>
      <Alpha>0</Alpha>
      <UZL>124.99824532520793</UZL>
      <K0>0.10535812476756155</K0>
      <K1>0.042178966281312395</K1>
      <K2>0.010000000276374982</K2>
      <MAXBAS>1</MAXBAS>
      <Cet>0</Cet>
      <PCALT>10</PCALT>
      <TCALT>0.6</TCALT>
      <Pelev>3349</Pelev>
      <Telev>2921</Telev>
      <PART>0.5</PART>
      <DELAY>1</DELAY>
    </SubCatchmentParameters>
    <SubCatchmentVegetationZone>
      <SubCatchmentVegetationZoneParameters>
        <TT>-1.8980118237879231</TT>
        <CFMAX>3.913035085364696</CFMAX>
        <SP>0</SP>
        <SFCF>1.1842610831315643</SFCF>
        <CFR>0.00023816772042781521</CFR>
        <CWH>0.16435347388083857</CWH>
        <CFGlacier>1</CFGlacier>
        <CFSlope>1</CFSlope>
        <FC>2097.0042264447325</FC>
        <LP>0.93517948213531432</LP>
        <BETA>1.6077539515422581</BETA>
      </SubCatchmentVegetationZoneParameters>
    </SubCatchmentVegetationZone>
  </SubCatchment>
</Catchment>