<?xml version="1.0" encoding="utf-8"?>
<Catchment xmlns:xsi="http://www.w3.org/2001/XMLSchema-instance" xmlns:xsd="http://www.w3.org/2001/XMLSchema">
  <CatchmentParameters>
    <KSI>0.001</KSI>
    <KGmin>0.05</KGmin>
    <RangeKG>0.1</RangeKG>
    <AG>0.1</AG>
    <PERC>4.3918815481701321</PERC>
    <Alpha>0</Alpha>
    <UZL>107.89339935169771</UZL>
    <K0>0.43082002523281887</K0>
    <K1>0.22060134023134281</K1>
    <K2>0.047076011618700266</K2>
    <MAXBAS>1.0049762999640495</MAXBAS>
    <Cet>0</Cet>
    <PCALT>10</PCALT>
    <TCALT>0.6</TCALT>
    <Pelev>3349</Pelev>
    <Telev>2921</Telev>
    <PART>0.5</PART>
    <DELAY>1</DELAY>
  </CatchmentParameters>
  <VegetationZone>
    <VegetationZoneParameters>
      <TT>-0.754896202551653</TT>
      <CFMAX>2.4944194453745663</CFMAX>
      <SP>0</SP>
      <SFCF>0.84458305958140756</SFCF>
      <CFR>0.000489000975719567</CFR>
      <CWH>0.10000013532471283</CWH>
      <CFGlacier>1</CFGlacier>
      <CFSlope>1</CFSlope>
      <FC>344.14829509831179</FC>
      <LP>0.99999324533579381</LP>
      <BETA>1.0000008694422182</BETA>
    </VegetationZoneParameters>
  </VegetationZone>
  <SubCatchment>
    <SubCatchmentParameters>
      <KSI>0.001</KSI>
      <KGmin>0.05</KGmin>
      <RangeKG>0.1</RangeKG>
      <AG>0.1</AG>
      <PERC>4.3918815481701321</PERC>
      <Alpha>0</Alpha>
      <UZL>107.89339935169771</UZL>
      <K0>0.43082002523281887</K0>
      <K1>0.22060134023134281</K1>
      <K2>0.047076011618700266</K2>
      <MAXBAS>1.0049762999640495</MAXBAS>
      <Cet>0</Cet>
      <PCALT>10</PCALT>
      <TCALT>0.6</TCALT>
      <Pelev>3349</Pelev>
      <Telev>2921</Telev>
      <PART>0.5</PART>
      <DELAY>1</DELAY>
    </SubCatchmentParameters>
    <SubCatchmentVegetationZone>
      <SubCatchmentVegetationZoneParameters>
        <TT>-0.754896202551653</TT>
        <CFMAX>2.4944194453745663</CFMAX>
        <SP>0</SP>
        <SFCF>0.84458305958140756</SFCF>
        <CFR>0.000489000975719567</CFR>
        <CWH>0.10000013532471283</CWH>
        <CFGlacier>1</CFGlacier>
        <CFSlope>1</CFSlope>
        <FC>344.14829509831179</FC>
        <LP>0.99999324533579381</LP>
        <BETA>1.0000008694422182</BETA>
      </SubCatchmentVegetationZoneParameters>
    </SubCatchmentVegetationZone>
  </SubCatchment>
</Catchment>