<?xml version="1.0" encoding="utf-8"?>
<Catchment xmlns:xsi="http://www.w3.org/2001/XMLSchema-instance" xmlns:xsd="http://www.w3.org/2001/XMLSchema">
  <CatchmentParameters>
    <KSI>0.001</KSI>
    <KGmin>0.05</KGmin>
    <RangeKG>0.1</RangeKG>
    <AG>0.1</AG>
    <PERC>1.9596763826959747</PERC>
    <Alpha>0</Alpha>
    <UZL>187.53651830915612</UZL>
    <K0>0.82532090591760621</K0>
    <K1>0.11567164599472574</K1>
    <K2>0.010000515642109936</K2>
    <MAXBAS>1</MAXBAS>
    <Cet>0</Cet>
    <PCALT>10</PCALT>
    <TCALT>0.6</TCALT>
    <Pelev>3349</Pelev>
    <Telev>2921</Telev>
    <PART>0.5</PART>
    <DELAY>1</DELAY>
  </CatchmentParameters>
  <VegetationZone>
    <VegetationZoneParameters>
      <TT>-1.5433572535725328</TT>
      <CFMAX>3.3509582509551525</CFMAX>
      <SP>0</SP>
      <SFCF>1.3178548700229311</SFCF>
      <CFR>1.2108249839323444E-07</CFR>
      <CWH>0.1000000919059332</CWH>
      <CFGlacier>1</CFGlacier>
      <CFSlope>1</CFSlope>
      <FC>2499.9969762593346</FC>
      <LP>0.73336465842407417</LP>
      <BETA>1.7807052633347689</BETA>
    </VegetationZoneParameters>
  </VegetationZone>
  <SubCatchment>
    <SubCatchmentParameters>
      <KSI>0.001</KSI>
      <KGmin>0.05</KGmin>
      <RangeKG>0.1</RangeKG>
      <AG>0.1</AG>
      <PERC>1.9596763826959747</PERC>
      <Alpha>0</Alpha>
      <UZL>187.53651830915612</UZL>
      <K0>0.82532090591760621</K0>
      <K1>0.11567164599472574</K1>
      <K2>0.010000515642109936</K2>
      <MAXBAS>1</MAXBAS>
      <Cet>0</Cet>
      <PCALT>10</PCALT>
      <TCALT>0.6</TCALT>
      <Pelev>3349</Pelev>
      <Telev>2921</Telev>
      <PART>0.5</PART>
      <DELAY>1</DELAY>
    </SubCatchmentParameters>
    <SubCatchmentVegetationZone>
      <SubCatchmentVegetationZoneParameters>
        <TT>-1.5433572535725328</TT>
        <CFMAX>3.3509582509551525</CFMAX>
        <SP>0</SP>
        <SFCF>1.3178548700229311</SFCF>
        <CFR>1.2108249839323444E-07</CFR>
        <CWH>0.1000000919059332</CWH>
        <CFGlacier>1</CFGlacier>
        <CFSlope>1</CFSlope>
        <FC>2499.9969762593346</FC>
        <LP>0.73336465842407417</LP>
        <BETA>1.7807052633347689</BETA>
      </SubCatchmentVegetationZoneParameters>
    </SubCatchmentVegetationZone>
  </SubCatchment>
</Catchment>