<?xml version="1.0" encoding="utf-8"?>
<Catchment xmlns:xsi="http://www.w3.org/2001/XMLSchema-instance" xmlns:xsd="http://www.w3.org/2001/XMLSchema">
  <CatchmentParameters>
    <KSI>0.001</KSI>
    <KGmin>0.05</KGmin>
    <RangeKG>0.1</RangeKG>
    <AG>0.1</AG>
    <PERC>7.0390578361805414</PERC>
    <Alpha>0</Alpha>
    <UZL>181.18742790624825</UZL>
    <K0>0.14867907583127979</K0>
    <K1>0.2981781365257547</K1>
    <K2>0.057748323001586388</K2>
    <MAXBAS>1.0049454081907203</MAXBAS>
    <Cet>0</Cet>
    <PCALT>10</PCALT>
    <TCALT>0.6</TCALT>
    <Pelev>3349</Pelev>
    <Telev>2921</Telev>
    <PART>0.5</PART>
    <DELAY>1</DELAY>
  </CatchmentParameters>
  <VegetationZone>
    <VegetationZoneParameters>
      <TT>-1.5173734169679249</TT>
      <CFMAX>1.9280917593482208</CFMAX>
      <SP>0</SP>
      <SFCF>0.764383806043257</SFCF>
      <CFR>0.0307657260286385</CFR>
      <CWH>0.12330282552987838</CWH>
      <CFGlacier>1</CFGlacier>
      <CFSlope>1</CFSlope>
      <FC>153.83584656970839</FC>
      <LP>0.77906377672093918</LP>
      <BETA>1.3631277547646523</BETA>
    </VegetationZoneParameters>
  </VegetationZone>
  <SubCatchment>
    <SubCatchmentParameters>
      <KSI>0.001</KSI>
      <KGmin>0.05</KGmin>
      <RangeKG>0.1</RangeKG>
      <AG>0.1</AG>
      <PERC>7.0390578361805414</PERC>
      <Alpha>0</Alpha>
      <UZL>181.18742790624825</UZL>
      <K0>0.14867907583127979</K0>
      <K1>0.2981781365257547</K1>
      <K2>0.057748323001586388</K2>
      <MAXBAS>1.0049454081907203</MAXBAS>
      <Cet>0</Cet>
      <PCALT>10</PCALT>
      <TCALT>0.6</TCALT>
      <Pelev>3349</Pelev>
      <Telev>2921</Telev>
      <PART>0.5</PART>
      <DELAY>1</DELAY>
    </SubCatchmentParameters>
    <SubCatchmentVegetationZone>
      <SubCatchmentVegetationZoneParameters>
        <TT>-1.5173734169679249</TT>
        <CFMAX>1.9280917593482208</CFMAX>
        <SP>0</SP>
        <SFCF>0.764383806043257</SFCF>
        <CFR>0.0307657260286385</CFR>
        <CWH>0.12330282552987838</CWH>
        <CFGlacier>1</CFGlacier>
        <CFSlope>1</CFSlope>
        <FC>153.83584656970839</FC>
        <LP>0.77906377672093918</LP>
        <BETA>1.3631277547646523</BETA>
      </SubCatchmentVegetationZoneParameters>
    </SubCatchmentVegetationZone>
  </SubCatchment>
</Catchment>