<?xml version="1.0" encoding="utf-8"?>
<Catchment xmlns:xsi="http://www.w3.org/2001/XMLSchema-instance" xmlns:xsd="http://www.w3.org/2001/XMLSchema">
  <CatchmentParameters>
    <KSI>0.001</KSI>
    <KGmin>0.05</KGmin>
    <RangeKG>0.1</RangeKG>
    <AG>0.1</AG>
    <PERC>1.840767261820772</PERC>
    <Alpha>0</Alpha>
    <UZL>133.03985233345327</UZL>
    <K0>0.283142782779303</K0>
    <K1>0.12080678435088971</K1>
    <K2>0.010000004126025693</K2>
    <MAXBAS>1</MAXBAS>
    <Cet>0</Cet>
    <PCALT>10</PCALT>
    <TCALT>0.6</TCALT>
    <Pelev>3349</Pelev>
    <Telev>2921</Telev>
    <PART>0.5</PART>
    <DELAY>1</DELAY>
  </CatchmentParameters>
  <VegetationZone>
    <VegetationZoneParameters>
      <TT>-2.0172850426784161</TT>
      <CFMAX>2.6126153392526712</CFMAX>
      <SP>0</SP>
      <SFCF>1.2013440590260713</SFCF>
      <CFR>4.4015745828863842E-08</CFR>
      <CWH>0.1000002682025134</CWH>
      <CFGlacier>1</CFGlacier>
      <CFSlope>1</CFSlope>
      <FC>1672.8635622578945</FC>
      <LP>0.88538778759427816</LP>
      <BETA>1.7176156614730842</BETA>
    </VegetationZoneParameters>
  </VegetationZone>
  <SubCatchment>
    <SubCatchmentParameters>
      <KSI>0.001</KSI>
      <KGmin>0.05</KGmin>
      <RangeKG>0.1</RangeKG>
      <AG>0.1</AG>
      <PERC>1.840767261820772</PERC>
      <Alpha>0</Alpha>
      <UZL>133.03985233345327</UZL>
      <K0>0.283142782779303</K0>
      <K1>0.12080678435088971</K1>
      <K2>0.010000004126025693</K2>
      <MAXBAS>1</MAXBAS>
      <Cet>0</Cet>
      <PCALT>10</PCALT>
      <TCALT>0.6</TCALT>
      <Pelev>3349</Pelev>
      <Telev>2921</Telev>
      <PART>0.5</PART>
      <DELAY>1</DELAY>
    </SubCatchmentParameters>
    <SubCatchmentVegetationZone>
      <SubCatchmentVegetationZoneParameters>
        <TT>-2.0172850426784161</TT>
        <CFMAX>2.6126153392526712</CFMAX>
        <SP>0</SP>
        <SFCF>1.2013440590260713</SFCF>
        <CFR>4.4015745828863842E-08</CFR>
        <CWH>0.1000002682025134</CWH>
        <CFGlacier>1</CFGlacier>
        <CFSlope>1</CFSlope>
        <FC>1672.8635622578945</FC>
        <LP>0.88538778759427816</LP>
        <BETA>1.7176156614730842</BETA>
      </SubCatchmentVegetationZoneParameters>
    </SubCatchmentVegetationZone>
  </SubCatchment>
</Catchment>