<?xml version="1.0" encoding="utf-8"?>
<Catchment xmlns:xsi="http://www.w3.org/2001/XMLSchema-instance" xmlns:xsd="http://www.w3.org/2001/XMLSchema">
  <CatchmentParameters>
    <KSI>0.001</KSI>
    <KGmin>0.05</KGmin>
    <RangeKG>0.1</RangeKG>
    <AG>0.1</AG>
    <PERC>6.4805716426912481</PERC>
    <Alpha>0</Alpha>
    <UZL>124.32745369824934</UZL>
    <K0>0.49601540454796728</K0>
    <K1>0.2567784461721857</K1>
    <K2>0.048781980425566945</K2>
    <MAXBAS>1.0050789435762875</MAXBAS>
    <Cet>0</Cet>
    <PCALT>10</PCALT>
    <TCALT>0.6</TCALT>
    <Pelev>3349</Pelev>
    <Telev>2921</Telev>
    <PART>0.5</PART>
    <DELAY>1</DELAY>
  </CatchmentParameters>
  <VegetationZone>
    <VegetationZoneParameters>
      <TT>-1.1980929133921063</TT>
      <CFMAX>2.2295100898747058</CFMAX>
      <SP>0</SP>
      <SFCF>0.80911641544934576</SFCF>
      <CFR>0.029223235441565239</CFR>
      <CWH>0.10000009066658487</CWH>
      <CFGlacier>1</CFGlacier>
      <CFSlope>1</CFSlope>
      <FC>196.42742935251022</FC>
      <LP>0.78992430827032445</LP>
      <BETA>1.0371737042170377</BETA>
    </VegetationZoneParameters>
  </VegetationZone>
  <SubCatchment>
    <SubCatchmentParameters>
      <KSI>0.001</KSI>
      <KGmin>0.05</KGmin>
      <RangeKG>0.1</RangeKG>
      <AG>0.1</AG>
      <PERC>6.4805716426912481</PERC>
      <Alpha>0</Alpha>
      <UZL>124.32745369824934</UZL>
      <K0>0.49601540454796728</K0>
      <K1>0.2567784461721857</K1>
      <K2>0.048781980425566945</K2>
      <MAXBAS>1.0050789435762875</MAXBAS>
      <Cet>0</Cet>
      <PCALT>10</PCALT>
      <TCALT>0.6</TCALT>
      <Pelev>3349</Pelev>
      <Telev>2921</Telev>
      <PART>0.5</PART>
      <DELAY>1</DELAY>
    </SubCatchmentParameters>
    <SubCatchmentVegetationZone>
      <SubCatchmentVegetationZoneParameters>
        <TT>-1.1980929133921063</TT>
        <CFMAX>2.2295100898747058</CFMAX>
        <SP>0</SP>
        <SFCF>0.80911641544934576</SFCF>
        <CFR>0.029223235441565239</CFR>
        <CWH>0.10000009066658487</CWH>
        <CFGlacier>1</CFGlacier>
        <CFSlope>1</CFSlope>
        <FC>196.42742935251022</FC>
        <LP>0.78992430827032445</LP>
        <BETA>1.0371737042170377</BETA>
      </SubCatchmentVegetationZoneParameters>
    </SubCatchmentVegetationZone>
  </SubCatchment>
</Catchment>