<?xml version="1.0" encoding="utf-8"?>
<Catchment xmlns:xsi="http://www.w3.org/2001/XMLSchema-instance" xmlns:xsd="http://www.w3.org/2001/XMLSchema">
  <CatchmentParameters>
    <KSI>0.001</KSI>
    <KGmin>0.05</KGmin>
    <RangeKG>0.1</RangeKG>
    <AG>0.1</AG>
    <PERC>1.5500613670167509</PERC>
    <Alpha>0</Alpha>
    <UZL>67.19190230686857</UZL>
    <K0>0.32736581203043053</K0>
    <K1>0.0663996592781345</K1>
    <K2>0.010000002391709884</K2>
    <MAXBAS>1</MAXBAS>
    <Cet>0</Cet>
    <PCALT>10</PCALT>
    <TCALT>0.6</TCALT>
    <Pelev>3349</Pelev>
    <Telev>2921</Telev>
    <PART>0.5</PART>
    <DELAY>1</DELAY>
  </CatchmentParameters>
  <VegetationZone>
    <VegetationZoneParameters>
      <TT>-2.0288828706814663</TT>
      <CFMAX>2.8666079046075534</CFMAX>
      <SP>0</SP>
      <SFCF>1.2885445308711976</SFCF>
      <CFR>0.00020980051470559526</CFR>
      <CWH>0.10000003903092865</CWH>
      <CFGlacier>1</CFGlacier>
      <CFSlope>1</CFSlope>
      <FC>2499.9860933967116</FC>
      <LP>0.77672076148833413</LP>
      <BETA>1.7538780488814629</BETA>
    </VegetationZoneParameters>
  </VegetationZone>
  <SubCatchment>
    <SubCatchmentParameters>
      <KSI>0.001</KSI>
      <KGmin>0.05</KGmin>
      <RangeKG>0.1</RangeKG>
      <AG>0.1</AG>
      <PERC>1.5500613670167509</PERC>
      <Alpha>0</Alpha>
      <UZL>67.19190230686857</UZL>
      <K0>0.32736581203043053</K0>
      <K1>0.0663996592781345</K1>
      <K2>0.010000002391709884</K2>
      <MAXBAS>1</MAXBAS>
      <Cet>0</Cet>
      <PCALT>10</PCALT>
      <TCALT>0.6</TCALT>
      <Pelev>3349</Pelev>
      <Telev>2921</Telev>
      <PART>0.5</PART>
      <DELAY>1</DELAY>
    </SubCatchmentParameters>
    <SubCatchmentVegetationZone>
      <SubCatchmentVegetationZoneParameters>
        <TT>-2.0288828706814663</TT>
        <CFMAX>2.8666079046075534</CFMAX>
        <SP>0</SP>
        <SFCF>1.2885445308711976</SFCF>
        <CFR>0.00020980051470559526</CFR>
        <CWH>0.10000003903092865</CWH>
        <CFGlacier>1</CFGlacier>
        <CFSlope>1</CFSlope>
        <FC>2499.9860933967116</FC>
        <LP>0.77672076148833413</LP>
        <BETA>1.7538780488814629</BETA>
      </SubCatchmentVegetationZoneParameters>
    </SubCatchmentVegetationZone>
  </SubCatchment>
</Catchment>