<?xml version="1.0" encoding="utf-8"?>
<Catchment xmlns:xsi="http://www.w3.org/2001/XMLSchema-instance" xmlns:xsd="http://www.w3.org/2001/XMLSchema">
  <CatchmentParameters>
    <KSI>0.001</KSI>
    <KGmin>0.05</KGmin>
    <RangeKG>0.1</RangeKG>
    <AG>0.1</AG>
    <PERC>9.9999999976390264</PERC>
    <Alpha>0</Alpha>
    <UZL>90.0827512446512</UZL>
    <K0>0.52674144733925532</K0>
    <K1>0.20043644976839009</K1>
    <K2>0.04686942514749616</K2>
    <MAXBAS>1.0000095595927598</MAXBAS>
    <Cet>0</Cet>
    <PCALT>10</PCALT>
    <TCALT>0.6</TCALT>
    <Pelev>3349</Pelev>
    <Telev>2921</Telev>
    <PART>0.5</PART>
    <DELAY>1</DELAY>
  </CatchmentParameters>
  <VegetationZone>
    <VegetationZoneParameters>
      <TT>-0.86016758819499228</TT>
      <CFMAX>4.5538538141317817</CFMAX>
      <SP>0</SP>
      <SFCF>1.0030468717554133</SFCF>
      <CFR>0.059016685446264927</CFR>
      <CWH>0.19999830837213709</CWH>
      <CFGlacier>1</CFGlacier>
      <CFSlope>1</CFSlope>
      <FC>999.97712510752115</FC>
      <LP>0.99999726685464418</LP>
      <BETA>1.3789071763440037</BETA>
    </VegetationZoneParameters>
  </VegetationZone>
  <SubCatchment>
    <SubCatchmentParameters>
      <KSI>0.001</KSI>
      <KGmin>0.05</KGmin>
      <RangeKG>0.1</RangeKG>
      <AG>0.1</AG>
      <PERC>9.9999999976390264</PERC>
      <Alpha>0</Alpha>
      <UZL>90.0827512446512</UZL>
      <K0>0.52674144733925532</K0>
      <K1>0.20043644976839009</K1>
      <K2>0.04686942514749616</K2>
      <MAXBAS>1.0000095595927598</MAXBAS>
      <Cet>0</Cet>
      <PCALT>10</PCALT>
      <TCALT>0.6</TCALT>
      <Pelev>3349</Pelev>
      <Telev>2921</Telev>
      <PART>0.5</PART>
      <DELAY>1</DELAY>
    </SubCatchmentParameters>
    <SubCatchmentVegetationZone>
      <SubCatchmentVegetationZoneParameters>
        <TT>-0.86016758819499228</TT>
        <CFMAX>4.5538538141317817</CFMAX>
        <SP>0</SP>
        <SFCF>1.0030468717554133</SFCF>
        <CFR>0.059016685446264927</CFR>
        <CWH>0.19999830837213709</CWH>
        <CFGlacier>1</CFGlacier>
        <CFSlope>1</CFSlope>
        <FC>999.97712510752115</FC>
        <LP>0.99999726685464418</LP>
        <BETA>1.3789071763440037</BETA>
      </SubCatchmentVegetationZoneParameters>
    </SubCatchmentVegetationZone>
  </SubCatchment>
</Catchment>