<?xml version="1.0" encoding="utf-8"?>
<Catchment xmlns:xsi="http://www.w3.org/2001/XMLSchema-instance" xmlns:xsd="http://www.w3.org/2001/XMLSchema">
  <CatchmentParameters>
    <KSI>0.001</KSI>
    <KGmin>0.05</KGmin>
    <RangeKG>0.1</RangeKG>
    <AG>0.1</AG>
    <PERC>9.9999795961370772</PERC>
    <Alpha>0</Alpha>
    <UZL>162.167587350939</UZL>
    <K0>0.45759037101061673</K0>
    <K1>0.18210574580520259</K1>
    <K2>0.044592744684287949</K2>
    <MAXBAS>1.0000403634229298</MAXBAS>
    <Cet>0</Cet>
    <PCALT>10</PCALT>
    <TCALT>0.6</TCALT>
    <Pelev>3349</Pelev>
    <Telev>2921</Telev>
    <PART>0.5</PART>
    <DELAY>1</DELAY>
  </CatchmentParameters>
  <VegetationZone>
    <VegetationZoneParameters>
      <TT>-0.82516191930166838</TT>
      <CFMAX>3.8785261284738639</CFMAX>
      <SP>0</SP>
      <SFCF>0.8808712899837875</SFCF>
      <CFR>0.001213948616404003</CFR>
      <CWH>0.19999917944868717</CWH>
      <CFGlacier>1</CFGlacier>
      <CFSlope>1</CFSlope>
      <FC>386.8109228845608</FC>
      <LP>0.99999526854930587</LP>
      <BETA>1.0249691572084752</BETA>
    </VegetationZoneParameters>
  </VegetationZone>
  <SubCatchment>
    <SubCatchmentParameters>
      <KSI>0.001</KSI>
      <KGmin>0.05</KGmin>
      <RangeKG>0.1</RangeKG>
      <AG>0.1</AG>
      <PERC>9.9999795961370772</PERC>
      <Alpha>0</Alpha>
      <UZL>162.167587350939</UZL>
      <K0>0.45759037101061673</K0>
      <K1>0.18210574580520259</K1>
      <K2>0.044592744684287949</K2>
      <MAXBAS>1.0000403634229298</MAXBAS>
      <Cet>0</Cet>
      <PCALT>10</PCALT>
      <TCALT>0.6</TCALT>
      <Pelev>3349</Pelev>
      <Telev>2921</Telev>
      <PART>0.5</PART>
      <DELAY>1</DELAY>
    </SubCatchmentParameters>
    <SubCatchmentVegetationZone>
      <SubCatchmentVegetationZoneParameters>
        <TT>-0.82516191930166838</TT>
        <CFMAX>3.8785261284738639</CFMAX>
        <SP>0</SP>
        <SFCF>0.8808712899837875</SFCF>
        <CFR>0.001213948616404003</CFR>
        <CWH>0.19999917944868717</CWH>
        <CFGlacier>1</CFGlacier>
        <CFSlope>1</CFSlope>
        <FC>386.8109228845608</FC>
        <LP>0.99999526854930587</LP>
        <BETA>1.0249691572084752</BETA>
      </SubCatchmentVegetationZoneParameters>
    </SubCatchmentVegetationZone>
  </SubCatchment>
</Catchment>