<?xml version="1.0" encoding="utf-8"?>
<Catchment xmlns:xsi="http://www.w3.org/2001/XMLSchema-instance" xmlns:xsd="http://www.w3.org/2001/XMLSchema">
  <CatchmentParameters>
    <KSI>0.001</KSI>
    <KGmin>0.05</KGmin>
    <RangeKG>0.1</RangeKG>
    <AG>0.1</AG>
    <PERC>1.1536995268829817</PERC>
    <Alpha>0</Alpha>
    <UZL>167.16010762817464</UZL>
    <K0>0.21817982808525957</K0>
    <K1>0.038869705160671925</K1>
    <K2>0.010000000604070988</K2>
    <MAXBAS>1</MAXBAS>
    <Cet>0</Cet>
    <PCALT>10</PCALT>
    <TCALT>0.6</TCALT>
    <Pelev>3349</Pelev>
    <Telev>2921</Telev>
    <PART>0.5</PART>
    <DELAY>1</DELAY>
  </CatchmentParameters>
  <VegetationZone>
    <VegetationZoneParameters>
      <TT>-1.4948196979148756</TT>
      <CFMAX>4.79041834754031</CFMAX>
      <SP>0</SP>
      <SFCF>1.2677054251624884</SFCF>
      <CFR>8.5555344617118008E-08</CFR>
      <CWH>0.10377826737755472</CWH>
      <CFGlacier>1</CFGlacier>
      <CFSlope>1</CFSlope>
      <FC>1786.7318708650828</FC>
      <LP>0.74299066442495354</LP>
      <BETA>1.2401159892575082</BETA>
    </VegetationZoneParameters>
  </VegetationZone>
  <SubCatchment>
    <SubCatchmentParameters>
      <KSI>0.001</KSI>
      <KGmin>0.05</KGmin>
      <RangeKG>0.1</RangeKG>
      <AG>0.1</AG>
      <PERC>1.1536995268829817</PERC>
      <Alpha>0</Alpha>
      <UZL>167.16010762817464</UZL>
      <K0>0.21817982808525957</K0>
      <K1>0.038869705160671925</K1>
      <K2>0.010000000604070988</K2>
      <MAXBAS>1</MAXBAS>
      <Cet>0</Cet>
      <PCALT>10</PCALT>
      <TCALT>0.6</TCALT>
      <Pelev>3349</Pelev>
      <Telev>2921</Telev>
      <PART>0.5</PART>
      <DELAY>1</DELAY>
    </SubCatchmentParameters>
    <SubCatchmentVegetationZone>
      <SubCatchmentVegetationZoneParameters>
        <TT>-1.4948196979148756</TT>
        <CFMAX>4.79041834754031</CFMAX>
        <SP>0</SP>
        <SFCF>1.2677054251624884</SFCF>
        <CFR>8.5555344617118008E-08</CFR>
        <CWH>0.10377826737755472</CWH>
        <CFGlacier>1</CFGlacier>
        <CFSlope>1</CFSlope>
        <FC>1786.7318708650828</FC>
        <LP>0.74299066442495354</LP>
        <BETA>1.2401159892575082</BETA>
      </SubCatchmentVegetationZoneParameters>
    </SubCatchmentVegetationZone>
  </SubCatchment>
</Catchment>