<?xml version="1.0" encoding="utf-8"?>
<Catchment xmlns:xsi="http://www.w3.org/2001/XMLSchema-instance" xmlns:xsd="http://www.w3.org/2001/XMLSchema">
  <CatchmentParameters>
    <KSI>0.001</KSI>
    <KGmin>0.05</KGmin>
    <RangeKG>0.1</RangeKG>
    <AG>0.1</AG>
    <PERC>6.5393844360176674</PERC>
    <Alpha>0</Alpha>
    <UZL>133.54221126153033</UZL>
    <K0>0.37891762123284234</K0>
    <K1>0.23660129767099003</K1>
    <K2>0.057536206843368985</K2>
    <MAXBAS>1.0050132447034201</MAXBAS>
    <Cet>0</Cet>
    <PCALT>10</PCALT>
    <TCALT>0.6</TCALT>
    <Pelev>3349</Pelev>
    <Telev>2921</Telev>
    <PART>0.5</PART>
    <DELAY>1</DELAY>
  </CatchmentParameters>
  <VegetationZone>
    <VegetationZoneParameters>
      <TT>-0.53448197929620711</TT>
      <CFMAX>3.1194600232082048</CFMAX>
      <SP>0</SP>
      <SFCF>0.94515423817685507</SFCF>
      <CFR>0.022129307025792449</CFR>
      <CWH>0.10000017756263249</CWH>
      <CFGlacier>1</CFGlacier>
      <CFSlope>1</CFSlope>
      <FC>999.99749124079938</FC>
      <LP>0.99998912609751522</LP>
      <BETA>1.0000001889403152</BETA>
    </VegetationZoneParameters>
  </VegetationZone>
  <SubCatchment>
    <SubCatchmentParameters>
      <KSI>0.001</KSI>
      <KGmin>0.05</KGmin>
      <RangeKG>0.1</RangeKG>
      <AG>0.1</AG>
      <PERC>6.5393844360176674</PERC>
      <Alpha>0</Alpha>
      <UZL>133.54221126153033</UZL>
      <K0>0.37891762123284234</K0>
      <K1>0.23660129767099003</K1>
      <K2>0.057536206843368985</K2>
      <MAXBAS>1.0050132447034201</MAXBAS>
      <Cet>0</Cet>
      <PCALT>10</PCALT>
      <TCALT>0.6</TCALT>
      <Pelev>3349</Pelev>
      <Telev>2921</Telev>
      <PART>0.5</PART>
      <DELAY>1</DELAY>
    </SubCatchmentParameters>
    <SubCatchmentVegetationZone>
      <SubCatchmentVegetationZoneParameters>
        <TT>-0.53448197929620711</TT>
        <CFMAX>3.1194600232082048</CFMAX>
        <SP>0</SP>
        <SFCF>0.94515423817685507</SFCF>
        <CFR>0.022129307025792449</CFR>
        <CWH>0.10000017756263249</CWH>
        <CFGlacier>1</CFGlacier>
        <CFSlope>1</CFSlope>
        <FC>999.99749124079938</FC>
        <LP>0.99998912609751522</LP>
        <BETA>1.0000001889403152</BETA>
      </SubCatchmentVegetationZoneParameters>
    </SubCatchmentVegetationZone>
  </SubCatchment>
</Catchment>