<?xml version="1.0" encoding="utf-8"?>
<Catchment xmlns:xsi="http://www.w3.org/2001/XMLSchema-instance" xmlns:xsd="http://www.w3.org/2001/XMLSchema">
  <CatchmentParameters>
    <KSI>0.001</KSI>
    <KGmin>0.05</KGmin>
    <RangeKG>0.1</RangeKG>
    <AG>0.1</AG>
    <PERC>1.1889131422908703</PERC>
    <Alpha>0</Alpha>
    <UZL>151.5971127063942</UZL>
    <K0>0.12447082778916621</K0>
    <K1>0.038063997729657822</K1>
    <K2>0.010000000654870743</K2>
    <MAXBAS>1</MAXBAS>
    <Cet>0</Cet>
    <PCALT>10</PCALT>
    <TCALT>0.6</TCALT>
    <Pelev>3349</Pelev>
    <Telev>2921</Telev>
    <PART>0.5</PART>
    <DELAY>1</DELAY>
  </CatchmentParameters>
  <VegetationZone>
    <VegetationZoneParameters>
      <TT>-2.1980153000106384</TT>
      <CFMAX>3.9805362122043997</CFMAX>
      <SP>0</SP>
      <SFCF>1.2627267547273979</SFCF>
      <CFR>2.1430727277561975E-05</CFR>
      <CWH>0.18177414013039081</CWH>
      <CFGlacier>1</CFGlacier>
      <CFSlope>1</CFSlope>
      <FC>1201.5618677472846</FC>
      <LP>0.74774531421510071</LP>
      <BETA>1.1855095635815045</BETA>
    </VegetationZoneParameters>
  </VegetationZone>
  <SubCatchment>
    <SubCatchmentParameters>
      <KSI>0.001</KSI>
      <KGmin>0.05</KGmin>
      <RangeKG>0.1</RangeKG>
      <AG>0.1</AG>
      <PERC>1.1889131422908703</PERC>
      <Alpha>0</Alpha>
      <UZL>151.5971127063942</UZL>
      <K0>0.12447082778916621</K0>
      <K1>0.038063997729657822</K1>
      <K2>0.010000000654870743</K2>
      <MAXBAS>1</MAXBAS>
      <Cet>0</Cet>
      <PCALT>10</PCALT>
      <TCALT>0.6</TCALT>
      <Pelev>3349</Pelev>
      <Telev>2921</Telev>
      <PART>0.5</PART>
      <DELAY>1</DELAY>
    </SubCatchmentParameters>
    <SubCatchmentVegetationZone>
      <SubCatchmentVegetationZoneParameters>
        <TT>-2.1980153000106384</TT>
        <CFMAX>3.9805362122043997</CFMAX>
        <SP>0</SP>
        <SFCF>1.2627267547273979</SFCF>
        <CFR>2.1430727277561975E-05</CFR>
        <CWH>0.18177414013039081</CWH>
        <CFGlacier>1</CFGlacier>
        <CFSlope>1</CFSlope>
        <FC>1201.5618677472846</FC>
        <LP>0.74774531421510071</LP>
        <BETA>1.1855095635815045</BETA>
      </SubCatchmentVegetationZoneParameters>
    </SubCatchmentVegetationZone>
  </SubCatchment>
</Catchment>