<?xml version="1.0" encoding="utf-8"?>
<Catchment xmlns:xsi="http://www.w3.org/2001/XMLSchema-instance" xmlns:xsd="http://www.w3.org/2001/XMLSchema">
  <CatchmentParameters>
    <KSI>0.001</KSI>
    <KGmin>0.05</KGmin>
    <RangeKG>0.1</RangeKG>
    <AG>0.1</AG>
    <PERC>1.9709995461605496</PERC>
    <Alpha>0</Alpha>
    <UZL>167.46078415258228</UZL>
    <K0>0.50679566659016206</K0>
    <K1>0.092614042841583935</K1>
    <K2>0.010000000119719707</K2>
    <MAXBAS>1</MAXBAS>
    <Cet>0</Cet>
    <PCALT>10</PCALT>
    <TCALT>0.6</TCALT>
    <Pelev>3349</Pelev>
    <Telev>2921</Telev>
    <PART>0.5</PART>
    <DELAY>1</DELAY>
  </CatchmentParameters>
  <VegetationZone>
    <VegetationZoneParameters>
      <TT>-1.5439976962830857</TT>
      <CFMAX>3.6237941428786273</CFMAX>
      <SP>0</SP>
      <SFCF>1.3214018870960722</SFCF>
      <CFR>5.8471070499670614E-10</CFR>
      <CWH>0.10000014843531355</CWH>
      <CFGlacier>1</CFGlacier>
      <CFSlope>1</CFSlope>
      <FC>2499.9963526950287</FC>
      <LP>0.76408466918340845</LP>
      <BETA>1.9456010554865391</BETA>
    </VegetationZoneParameters>
  </VegetationZone>
  <SubCatchment>
    <SubCatchmentParameters>
      <KSI>0.001</KSI>
      <KGmin>0.05</KGmin>
      <RangeKG>0.1</RangeKG>
      <AG>0.1</AG>
      <PERC>1.9709995461605496</PERC>
      <Alpha>0</Alpha>
      <UZL>167.46078415258228</UZL>
      <K0>0.50679566659016206</K0>
      <K1>0.092614042841583935</K1>
      <K2>0.010000000119719707</K2>
      <MAXBAS>1</MAXBAS>
      <Cet>0</Cet>
      <PCALT>10</PCALT>
      <TCALT>0.6</TCALT>
      <Pelev>3349</Pelev>
      <Telev>2921</Telev>
      <PART>0.5</PART>
      <DELAY>1</DELAY>
    </SubCatchmentParameters>
    <SubCatchmentVegetationZone>
      <SubCatchmentVegetationZoneParameters>
        <TT>-1.5439976962830857</TT>
        <CFMAX>3.6237941428786273</CFMAX>
        <SP>0</SP>
        <SFCF>1.3214018870960722</SFCF>
        <CFR>5.8471070499670614E-10</CFR>
        <CWH>0.10000014843531355</CWH>
        <CFGlacier>1</CFGlacier>
        <CFSlope>1</CFSlope>
        <FC>2499.9963526950287</FC>
        <LP>0.76408466918340845</LP>
        <BETA>1.9456010554865391</BETA>
      </SubCatchmentVegetationZoneParameters>
    </SubCatchmentVegetationZone>
  </SubCatchment>
</Catchment>