<?xml version="1.0" encoding="utf-8"?>
<Catchment xmlns:xsi="http://www.w3.org/2001/XMLSchema-instance" xmlns:xsd="http://www.w3.org/2001/XMLSchema">
  <CatchmentParameters>
    <KSI>0.001</KSI>
    <KGmin>0.05</KGmin>
    <RangeKG>0.1</RangeKG>
    <AG>0.1</AG>
    <PERC>3.1870695100105286</PERC>
    <Alpha>0</Alpha>
    <UZL>121.28911114483284</UZL>
    <K0>0.34966772158144221</K0>
    <K1>0.12460938682055661</K1>
    <K2>0.010000540744964785</K2>
    <MAXBAS>1</MAXBAS>
    <Cet>0</Cet>
    <PCALT>10</PCALT>
    <TCALT>0.6</TCALT>
    <Pelev>3349</Pelev>
    <Telev>2921</Telev>
    <PART>0.5</PART>
    <DELAY>1</DELAY>
  </CatchmentParameters>
  <VegetationZone>
    <VegetationZoneParameters>
      <TT>-2.1799908834525032</TT>
      <CFMAX>2.3770000517632242</CFMAX>
      <SP>0</SP>
      <SFCF>1.0822165730630731</SFCF>
      <CFR>1.5023116155412633E-07</CFR>
      <CWH>0.1000000405636035</CWH>
      <CFGlacier>1</CFGlacier>
      <CFSlope>1</CFSlope>
      <FC>312.084123631055</FC>
      <LP>0.30056141941784764</LP>
      <BETA>1.0150073010227962</BETA>
    </VegetationZoneParameters>
  </VegetationZone>
  <SubCatchment>
    <SubCatchmentParameters>
      <KSI>0.001</KSI>
      <KGmin>0.05</KGmin>
      <RangeKG>0.1</RangeKG>
      <AG>0.1</AG>
      <PERC>3.1870695100105286</PERC>
      <Alpha>0</Alpha>
      <UZL>121.28911114483284</UZL>
      <K0>0.34966772158144221</K0>
      <K1>0.12460938682055661</K1>
      <K2>0.010000540744964785</K2>
      <MAXBAS>1</MAXBAS>
      <Cet>0</Cet>
      <PCALT>10</PCALT>
      <TCALT>0.6</TCALT>
      <Pelev>3349</Pelev>
      <Telev>2921</Telev>
      <PART>0.5</PART>
      <DELAY>1</DELAY>
    </SubCatchmentParameters>
    <SubCatchmentVegetationZone>
      <SubCatchmentVegetationZoneParameters>
        <TT>-2.1799908834525032</TT>
        <CFMAX>2.3770000517632242</CFMAX>
        <SP>0</SP>
        <SFCF>1.0822165730630731</SFCF>
        <CFR>1.5023116155412633E-07</CFR>
        <CWH>0.1000000405636035</CWH>
        <CFGlacier>1</CFGlacier>
        <CFSlope>1</CFSlope>
        <FC>312.084123631055</FC>
        <LP>0.30056141941784764</LP>
        <BETA>1.0150073010227962</BETA>
      </SubCatchmentVegetationZoneParameters>
    </SubCatchmentVegetationZone>
  </SubCatchment>
</Catchment>