<?xml version="1.0" encoding="utf-8"?>
<Catchment xmlns:xsi="http://www.w3.org/2001/XMLSchema-instance" xmlns:xsd="http://www.w3.org/2001/XMLSchema">
  <CatchmentParameters>
    <KSI>0.001</KSI>
    <KGmin>0.05</KGmin>
    <RangeKG>0.1</RangeKG>
    <AG>0.1</AG>
    <PERC>9.9999935647610236</PERC>
    <Alpha>0</Alpha>
    <UZL>55.16343345457976</UZL>
    <K0>0.59873573238865574</K0>
    <K1>0.18799255441513357</K1>
    <K2>0.048426408381802795</K2>
    <MAXBAS>1.0001566100880006</MAXBAS>
    <Cet>0</Cet>
    <PCALT>10</PCALT>
    <TCALT>0.6</TCALT>
    <Pelev>3349</Pelev>
    <Telev>2921</Telev>
    <PART>0.5</PART>
    <DELAY>1</DELAY>
  </CatchmentParameters>
  <VegetationZone>
    <VegetationZoneParameters>
      <TT>-0.57999999940437286</TT>
      <CFMAX>4.14508170525694</CFMAX>
      <SP>0</SP>
      <SFCF>0.86607525461732171</SFCF>
      <CFR>0.04246762495170555</CFR>
      <CWH>0.19999890410876059</CWH>
      <CFGlacier>1</CFGlacier>
      <CFSlope>1</CFSlope>
      <FC>446.0363152666568</FC>
      <LP>0.99999625821861415</LP>
      <BETA>1.0000006837205446</BETA>
    </VegetationZoneParameters>
  </VegetationZone>
  <SubCatchment>
    <SubCatchmentParameters>
      <KSI>0.001</KSI>
      <KGmin>0.05</KGmin>
      <RangeKG>0.1</RangeKG>
      <AG>0.1</AG>
      <PERC>9.9999935647610236</PERC>
      <Alpha>0</Alpha>
      <UZL>55.16343345457976</UZL>
      <K0>0.59873573238865574</K0>
      <K1>0.18799255441513357</K1>
      <K2>0.048426408381802795</K2>
      <MAXBAS>1.0001566100880006</MAXBAS>
      <Cet>0</Cet>
      <PCALT>10</PCALT>
      <TCALT>0.6</TCALT>
      <Pelev>3349</Pelev>
      <Telev>2921</Telev>
      <PART>0.5</PART>
      <DELAY>1</DELAY>
    </SubCatchmentParameters>
    <SubCatchmentVegetationZone>
      <SubCatchmentVegetationZoneParameters>
        <TT>-0.57999999940437286</TT>
        <CFMAX>4.14508170525694</CFMAX>
        <SP>0</SP>
        <SFCF>0.86607525461732171</SFCF>
        <CFR>0.04246762495170555</CFR>
        <CWH>0.19999890410876059</CWH>
        <CFGlacier>1</CFGlacier>
        <CFSlope>1</CFSlope>
        <FC>446.0363152666568</FC>
        <LP>0.99999625821861415</LP>
        <BETA>1.0000006837205446</BETA>
      </SubCatchmentVegetationZoneParameters>
    </SubCatchmentVegetationZone>
  </SubCatchment>
</Catchment>