<?xml version="1.0" encoding="utf-8"?>
<Catchment xmlns:xsi="http://www.w3.org/2001/XMLSchema-instance" xmlns:xsd="http://www.w3.org/2001/XMLSchema">
  <CatchmentParameters>
    <KSI>0.001</KSI>
    <KGmin>0.05</KGmin>
    <RangeKG>0.1</RangeKG>
    <AG>0.1</AG>
    <PERC>1.1303792484204289</PERC>
    <Alpha>0</Alpha>
    <UZL>140.23178505040377</UZL>
    <K0>0.1245381615962064</K0>
    <K1>0.038921856937337469</K1>
    <K2>0.010000001515504885</K2>
    <MAXBAS>1</MAXBAS>
    <Cet>0</Cet>
    <PCALT>10</PCALT>
    <TCALT>0.6</TCALT>
    <Pelev>3349</Pelev>
    <Telev>2921</Telev>
    <PART>0.5</PART>
    <DELAY>1</DELAY>
  </CatchmentParameters>
  <VegetationZone>
    <VegetationZoneParameters>
      <TT>-1.9439968573252426</TT>
      <CFMAX>4.1213912120409324</CFMAX>
      <SP>0</SP>
      <SFCF>1.2573057547038424</SFCF>
      <CFR>0.0003241856258455143</CFR>
      <CWH>0.14315094258095396</CWH>
      <CFGlacier>1</CFGlacier>
      <CFSlope>1</CFSlope>
      <FC>1843.4715529861007</FC>
      <LP>0.84440583078219855</LP>
      <BETA>1.5221619819275913</BETA>
    </VegetationZoneParameters>
  </VegetationZone>
  <SubCatchment>
    <SubCatchmentParameters>
      <KSI>0.001</KSI>
      <KGmin>0.05</KGmin>
      <RangeKG>0.1</RangeKG>
      <AG>0.1</AG>
      <PERC>1.1303792484204289</PERC>
      <Alpha>0</Alpha>
      <UZL>140.23178505040377</UZL>
      <K0>0.1245381615962064</K0>
      <K1>0.038921856937337469</K1>
      <K2>0.010000001515504885</K2>
      <MAXBAS>1</MAXBAS>
      <Cet>0</Cet>
      <PCALT>10</PCALT>
      <TCALT>0.6</TCALT>
      <Pelev>3349</Pelev>
      <Telev>2921</Telev>
      <PART>0.5</PART>
      <DELAY>1</DELAY>
    </SubCatchmentParameters>
    <SubCatchmentVegetationZone>
      <SubCatchmentVegetationZoneParameters>
        <TT>-1.9439968573252426</TT>
        <CFMAX>4.1213912120409324</CFMAX>
        <SP>0</SP>
        <SFCF>1.2573057547038424</SFCF>
        <CFR>0.0003241856258455143</CFR>
        <CWH>0.14315094258095396</CWH>
        <CFGlacier>1</CFGlacier>
        <CFSlope>1</CFSlope>
        <FC>1843.4715529861007</FC>
        <LP>0.84440583078219855</LP>
        <BETA>1.5221619819275913</BETA>
      </SubCatchmentVegetationZoneParameters>
    </SubCatchmentVegetationZone>
  </SubCatchment>
</Catchment>