<?xml version="1.0" encoding="utf-8"?>
<Catchment xmlns:xsi="http://www.w3.org/2001/XMLSchema-instance" xmlns:xsd="http://www.w3.org/2001/XMLSchema">
  <CatchmentParameters>
    <KSI>0.001</KSI>
    <KGmin>0.05</KGmin>
    <RangeKG>0.1</RangeKG>
    <AG>0.1</AG>
    <PERC>9.9999470397847432</PERC>
    <Alpha>0</Alpha>
    <UZL>108.86681923699246</UZL>
    <K0>0.45061976210721172</K0>
    <K1>0.21114266483547195</K1>
    <K2>0.046761076456810678</K2>
    <MAXBAS>1.0001942793966463</MAXBAS>
    <Cet>0</Cet>
    <PCALT>10</PCALT>
    <TCALT>0.6</TCALT>
    <Pelev>3349</Pelev>
    <Telev>2921</Telev>
    <PART>0.5</PART>
    <DELAY>1</DELAY>
  </CatchmentParameters>
  <VegetationZone>
    <VegetationZoneParameters>
      <TT>-1.7955923891401882</TT>
      <CFMAX>3.2060257561974734</CFMAX>
      <SP>0</SP>
      <SFCF>0.95517701496266749</SFCF>
      <CFR>0.015142405051444478</CFR>
      <CWH>0.19999999998910473</CWH>
      <CFGlacier>1</CFGlacier>
      <CFSlope>1</CFSlope>
      <FC>507.70202792496411</FC>
      <LP>0.99999116353302087</LP>
      <BETA>1.4395669372853208</BETA>
    </VegetationZoneParameters>
  </VegetationZone>
  <SubCatchment>
    <SubCatchmentParameters>
      <KSI>0.001</KSI>
      <KGmin>0.05</KGmin>
      <RangeKG>0.1</RangeKG>
      <AG>0.1</AG>
      <PERC>9.9999470397847432</PERC>
      <Alpha>0</Alpha>
      <UZL>108.86681923699246</UZL>
      <K0>0.45061976210721172</K0>
      <K1>0.21114266483547195</K1>
      <K2>0.046761076456810678</K2>
      <MAXBAS>1.0001942793966463</MAXBAS>
      <Cet>0</Cet>
      <PCALT>10</PCALT>
      <TCALT>0.6</TCALT>
      <Pelev>3349</Pelev>
      <Telev>2921</Telev>
      <PART>0.5</PART>
      <DELAY>1</DELAY>
    </SubCatchmentParameters>
    <SubCatchmentVegetationZone>
      <SubCatchmentVegetationZoneParameters>
        <TT>-1.7955923891401882</TT>
        <CFMAX>3.2060257561974734</CFMAX>
        <SP>0</SP>
        <SFCF>0.95517701496266749</SFCF>
        <CFR>0.015142405051444478</CFR>
        <CWH>0.19999999998910473</CWH>
        <CFGlacier>1</CFGlacier>
        <CFSlope>1</CFSlope>
        <FC>507.70202792496411</FC>
        <LP>0.99999116353302087</LP>
        <BETA>1.4395669372853208</BETA>
      </SubCatchmentVegetationZoneParameters>
    </SubCatchmentVegetationZone>
  </SubCatchment>
</Catchment>