<?xml version="1.0" encoding="utf-8"?>
<Catchment xmlns:xsi="http://www.w3.org/2001/XMLSchema-instance" xmlns:xsd="http://www.w3.org/2001/XMLSchema">
  <CatchmentParameters>
    <KSI>0.001</KSI>
    <KGmin>0.05</KGmin>
    <RangeKG>0.1</RangeKG>
    <AG>0.1</AG>
    <PERC>6.653068722062053</PERC>
    <Alpha>0</Alpha>
    <UZL>171.24824423899727</UZL>
    <K0>0.66495431206701983</K0>
    <K1>0.22942911561119023</K1>
    <K2>0.046384321301935448</K2>
    <MAXBAS>1.0005208778839752</MAXBAS>
    <Cet>0</Cet>
    <PCALT>10</PCALT>
    <TCALT>0.6</TCALT>
    <Pelev>3349</Pelev>
    <Telev>2921</Telev>
    <PART>0.5</PART>
    <DELAY>1</DELAY>
  </CatchmentParameters>
  <VegetationZone>
    <VegetationZoneParameters>
      <TT>-0.043998237170669321</TT>
      <CFMAX>2.3702968801980875</CFMAX>
      <SP>0</SP>
      <SFCF>0.66478671783776877</SFCF>
      <CFR>0.00017005039638237065</CFR>
      <CWH>0.10000007426175891</CWH>
      <CFGlacier>1</CFGlacier>
      <CFSlope>1</CFSlope>
      <FC>64.281939887212232</FC>
      <LP>0.85250203016397363</LP>
      <BETA>1.0000008065437402</BETA>
    </VegetationZoneParameters>
  </VegetationZone>
  <SubCatchment>
    <SubCatchmentParameters>
      <KSI>0.001</KSI>
      <KGmin>0.05</KGmin>
      <RangeKG>0.1</RangeKG>
      <AG>0.1</AG>
      <PERC>6.653068722062053</PERC>
      <Alpha>0</Alpha>
      <UZL>171.24824423899727</UZL>
      <K0>0.66495431206701983</K0>
      <K1>0.22942911561119023</K1>
      <K2>0.046384321301935448</K2>
      <MAXBAS>1.0005208778839752</MAXBAS>
      <Cet>0</Cet>
      <PCALT>10</PCALT>
      <TCALT>0.6</TCALT>
      <Pelev>3349</Pelev>
      <Telev>2921</Telev>
      <PART>0.5</PART>
      <DELAY>1</DELAY>
    </SubCatchmentParameters>
    <SubCatchmentVegetationZone>
      <SubCatchmentVegetationZoneParameters>
        <TT>-0.043998237170669321</TT>
        <CFMAX>2.3702968801980875</CFMAX>
        <SP>0</SP>
        <SFCF>0.66478671783776877</SFCF>
        <CFR>0.00017005039638237065</CFR>
        <CWH>0.10000007426175891</CWH>
        <CFGlacier>1</CFGlacier>
        <CFSlope>1</CFSlope>
        <FC>64.281939887212232</FC>
        <LP>0.85250203016397363</LP>
        <BETA>1.0000008065437402</BETA>
      </SubCatchmentVegetationZoneParameters>
    </SubCatchmentVegetationZone>
  </SubCatchment>
</Catchment>