<?xml version="1.0" encoding="utf-8"?>
<Catchment xmlns:xsi="http://www.w3.org/2001/XMLSchema-instance" xmlns:xsd="http://www.w3.org/2001/XMLSchema">
  <CatchmentParameters>
    <KSI>0.001</KSI>
    <KGmin>0.05</KGmin>
    <RangeKG>0.1</RangeKG>
    <AG>0.1</AG>
    <PERC>1.50061439105213</PERC>
    <Alpha>0</Alpha>
    <UZL>57.0610633502325</UZL>
    <K0>0.345622507771942</K0>
    <K1>0.092796945179804413</K1>
    <K2>0.010000005157705596</K2>
    <MAXBAS>1</MAXBAS>
    <Cet>0</Cet>
    <PCALT>10</PCALT>
    <TCALT>0.6</TCALT>
    <Pelev>3349</Pelev>
    <Telev>2921</Telev>
    <PART>0.5</PART>
    <DELAY>1</DELAY>
  </CatchmentParameters>
  <VegetationZone>
    <VegetationZoneParameters>
      <TT>-1.8487118548487167</TT>
      <CFMAX>2.4703545175999655</CFMAX>
      <SP>0</SP>
      <SFCF>1.1363068307577682</SFCF>
      <CFR>0.00012909258241126134</CFR>
      <CWH>0.10000000147841658</CWH>
      <CFGlacier>1</CFGlacier>
      <CFSlope>1</CFSlope>
      <FC>2425.9276372878403</FC>
      <LP>0.88778625643115372</LP>
      <BETA>1.5357148819913005</BETA>
    </VegetationZoneParameters>
  </VegetationZone>
  <SubCatchment>
    <SubCatchmentParameters>
      <KSI>0.001</KSI>
      <KGmin>0.05</KGmin>
      <RangeKG>0.1</RangeKG>
      <AG>0.1</AG>
      <PERC>1.50061439105213</PERC>
      <Alpha>0</Alpha>
      <UZL>57.0610633502325</UZL>
      <K0>0.345622507771942</K0>
      <K1>0.092796945179804413</K1>
      <K2>0.010000005157705596</K2>
      <MAXBAS>1</MAXBAS>
      <Cet>0</Cet>
      <PCALT>10</PCALT>
      <TCALT>0.6</TCALT>
      <Pelev>3349</Pelev>
      <Telev>2921</Telev>
      <PART>0.5</PART>
      <DELAY>1</DELAY>
    </SubCatchmentParameters>
    <SubCatchmentVegetationZone>
      <SubCatchmentVegetationZoneParameters>
        <TT>-1.8487118548487167</TT>
        <CFMAX>2.4703545175999655</CFMAX>
        <SP>0</SP>
        <SFCF>1.1363068307577682</SFCF>
        <CFR>0.00012909258241126134</CFR>
        <CWH>0.10000000147841658</CWH>
        <CFGlacier>1</CFGlacier>
        <CFSlope>1</CFSlope>
        <FC>2425.9276372878403</FC>
        <LP>0.88778625643115372</LP>
        <BETA>1.5357148819913005</BETA>
      </SubCatchmentVegetationZoneParameters>
    </SubCatchmentVegetationZone>
  </SubCatchment>
</Catchment>