<?xml version="1.0" encoding="utf-8"?>
<Catchment xmlns:xsi="http://www.w3.org/2001/XMLSchema-instance" xmlns:xsd="http://www.w3.org/2001/XMLSchema">
  <CatchmentParameters>
    <KSI>0.001</KSI>
    <KGmin>0.05</KGmin>
    <RangeKG>0.1</RangeKG>
    <AG>0.1</AG>
    <PERC>9.9999948021146672</PERC>
    <Alpha>0</Alpha>
    <UZL>187.49806181829288</UZL>
    <K0>0.10754114283031746</K0>
    <K1>0.21732060850519738</K1>
    <K2>0.048443211555296732</K2>
    <MAXBAS>1.0001711293515068</MAXBAS>
    <Cet>0</Cet>
    <PCALT>10</PCALT>
    <TCALT>0.6</TCALT>
    <Pelev>3349</Pelev>
    <Telev>2921</Telev>
    <PART>0.5</PART>
    <DELAY>1</DELAY>
  </CatchmentParameters>
  <VegetationZone>
    <VegetationZoneParameters>
      <TT>-0.87999929603917049</TT>
      <CFMAX>3.9038439858006493</CFMAX>
      <SP>0</SP>
      <SFCF>0.88775346078315531</SFCF>
      <CFR>0.055684514243472052</CFR>
      <CWH>0.19999830929561957</CWH>
      <CFGlacier>1</CFGlacier>
      <CFSlope>1</CFSlope>
      <FC>488.6911407006171</FC>
      <LP>0.99999719109640173</LP>
      <BETA>1.0000247978110863</BETA>
    </VegetationZoneParameters>
  </VegetationZone>
  <SubCatchment>
    <SubCatchmentParameters>
      <KSI>0.001</KSI>
      <KGmin>0.05</KGmin>
      <RangeKG>0.1</RangeKG>
      <AG>0.1</AG>
      <PERC>9.9999948021146672</PERC>
      <Alpha>0</Alpha>
      <UZL>187.49806181829288</UZL>
      <K0>0.10754114283031746</K0>
      <K1>0.21732060850519738</K1>
      <K2>0.048443211555296732</K2>
      <MAXBAS>1.0001711293515068</MAXBAS>
      <Cet>0</Cet>
      <PCALT>10</PCALT>
      <TCALT>0.6</TCALT>
      <Pelev>3349</Pelev>
      <Telev>2921</Telev>
      <PART>0.5</PART>
      <DELAY>1</DELAY>
    </SubCatchmentParameters>
    <SubCatchmentVegetationZone>
      <SubCatchmentVegetationZoneParameters>
        <TT>-0.87999929603917049</TT>
        <CFMAX>3.9038439858006493</CFMAX>
        <SP>0</SP>
        <SFCF>0.88775346078315531</SFCF>
        <CFR>0.055684514243472052</CFR>
        <CWH>0.19999830929561957</CWH>
        <CFGlacier>1</CFGlacier>
        <CFSlope>1</CFSlope>
        <FC>488.6911407006171</FC>
        <LP>0.99999719109640173</LP>
        <BETA>1.0000247978110863</BETA>
      </SubCatchmentVegetationZoneParameters>
    </SubCatchmentVegetationZone>
  </SubCatchment>
</Catchment>