<?xml version="1.0" encoding="utf-8"?>
<Catchment xmlns:xsi="http://www.w3.org/2001/XMLSchema-instance" xmlns:xsd="http://www.w3.org/2001/XMLSchema">
  <CatchmentParameters>
    <KSI>0.001</KSI>
    <KGmin>0.05</KGmin>
    <RangeKG>0.1</RangeKG>
    <AG>0.1</AG>
    <PERC>1.576518886029723</PERC>
    <Alpha>0</Alpha>
    <UZL>60.56924026076738</UZL>
    <K0>0.30063703588656093</K0>
    <K1>0.068814782714198108</K1>
    <K2>0.010000000316579475</K2>
    <MAXBAS>1</MAXBAS>
    <Cet>0</Cet>
    <PCALT>10</PCALT>
    <TCALT>0.6</TCALT>
    <Pelev>3349</Pelev>
    <Telev>2921</Telev>
    <PART>0.5</PART>
    <DELAY>1</DELAY>
  </CatchmentParameters>
  <VegetationZone>
    <VegetationZoneParameters>
      <TT>-2.00771087157134</TT>
      <CFMAX>2.6973393888142478</CFMAX>
      <SP>0</SP>
      <SFCF>1.2440126198145027</SFCF>
      <CFR>5.0277566524567323E-07</CFR>
      <CWH>0.10000000343637717</CWH>
      <CFGlacier>1</CFGlacier>
      <CFSlope>1</CFSlope>
      <FC>2499.886206805877</FC>
      <LP>0.86094070886061669</LP>
      <BETA>2.0516108589182913</BETA>
    </VegetationZoneParameters>
  </VegetationZone>
  <SubCatchment>
    <SubCatchmentParameters>
      <KSI>0.001</KSI>
      <KGmin>0.05</KGmin>
      <RangeKG>0.1</RangeKG>
      <AG>0.1</AG>
      <PERC>1.576518886029723</PERC>
      <Alpha>0</Alpha>
      <UZL>60.56924026076738</UZL>
      <K0>0.30063703588656093</K0>
      <K1>0.068814782714198108</K1>
      <K2>0.010000000316579475</K2>
      <MAXBAS>1</MAXBAS>
      <Cet>0</Cet>
      <PCALT>10</PCALT>
      <TCALT>0.6</TCALT>
      <Pelev>3349</Pelev>
      <Telev>2921</Telev>
      <PART>0.5</PART>
      <DELAY>1</DELAY>
    </SubCatchmentParameters>
    <SubCatchmentVegetationZone>
      <SubCatchmentVegetationZoneParameters>
        <TT>-2.00771087157134</TT>
        <CFMAX>2.6973393888142478</CFMAX>
        <SP>0</SP>
        <SFCF>1.2440126198145027</SFCF>
        <CFR>5.0277566524567323E-07</CFR>
        <CWH>0.10000000343637717</CWH>
        <CFGlacier>1</CFGlacier>
        <CFSlope>1</CFSlope>
        <FC>2499.886206805877</FC>
        <LP>0.86094070886061669</LP>
        <BETA>2.0516108589182913</BETA>
      </SubCatchmentVegetationZoneParameters>
    </SubCatchmentVegetationZone>
  </SubCatchment>
</Catchment>