<?xml version="1.0" encoding="utf-8"?>
<Catchment xmlns:xsi="http://www.w3.org/2001/XMLSchema-instance" xmlns:xsd="http://www.w3.org/2001/XMLSchema">
  <CatchmentParameters>
    <KSI>0.001</KSI>
    <KGmin>0.05</KGmin>
    <RangeKG>0.1</RangeKG>
    <AG>0.1</AG>
    <PERC>1.5714104775066693</PERC>
    <Alpha>0</Alpha>
    <UZL>70.379383771413558</UZL>
    <K0>0.28015285799022388</K0>
    <K1>0.069096325544880169</K1>
    <K2>0.010000000417935273</K2>
    <MAXBAS>1</MAXBAS>
    <Cet>0</Cet>
    <PCALT>10</PCALT>
    <TCALT>0.6</TCALT>
    <Pelev>3349</Pelev>
    <Telev>2921</Telev>
    <PART>0.5</PART>
    <DELAY>1</DELAY>
  </CatchmentParameters>
  <VegetationZone>
    <VegetationZoneParameters>
      <TT>-0.94493100627212523</TT>
      <CFMAX>3.4464277606764577</CFMAX>
      <SP>0</SP>
      <SFCF>1.1968327413913993</SFCF>
      <CFR>5.4681130836772526E-12</CFR>
      <CWH>0.10000000386960778</CWH>
      <CFGlacier>1</CFGlacier>
      <CFSlope>1</CFSlope>
      <FC>2499.9917456139519</FC>
      <LP>0.72909669745860994</LP>
      <BETA>1.2331712475894625</BETA>
    </VegetationZoneParameters>
  </VegetationZone>
  <SubCatchment>
    <SubCatchmentParameters>
      <KSI>0.001</KSI>
      <KGmin>0.05</KGmin>
      <RangeKG>0.1</RangeKG>
      <AG>0.1</AG>
      <PERC>1.5714104775066693</PERC>
      <Alpha>0</Alpha>
      <UZL>70.379383771413558</UZL>
      <K0>0.28015285799022388</K0>
      <K1>0.069096325544880169</K1>
      <K2>0.010000000417935273</K2>
      <MAXBAS>1</MAXBAS>
      <Cet>0</Cet>
      <PCALT>10</PCALT>
      <TCALT>0.6</TCALT>
      <Pelev>3349</Pelev>
      <Telev>2921</Telev>
      <PART>0.5</PART>
      <DELAY>1</DELAY>
    </SubCatchmentParameters>
    <SubCatchmentVegetationZone>
      <SubCatchmentVegetationZoneParameters>
        <TT>-0.94493100627212523</TT>
        <CFMAX>3.4464277606764577</CFMAX>
        <SP>0</SP>
        <SFCF>1.1968327413913993</SFCF>
        <CFR>5.4681130836772526E-12</CFR>
        <CWH>0.10000000386960778</CWH>
        <CFGlacier>1</CFGlacier>
        <CFSlope>1</CFSlope>
        <FC>2499.9917456139519</FC>
        <LP>0.72909669745860994</LP>
        <BETA>1.2331712475894625</BETA>
      </SubCatchmentVegetationZoneParameters>
    </SubCatchmentVegetationZone>
  </SubCatchment>
</Catchment>