<?xml version="1.0" encoding="utf-8"?>
<Catchment xmlns:xsi="http://www.w3.org/2001/XMLSchema-instance" xmlns:xsd="http://www.w3.org/2001/XMLSchema">
  <CatchmentParameters>
    <KSI>0.001</KSI>
    <KGmin>0.05</KGmin>
    <RangeKG>0.1</RangeKG>
    <AG>0.1</AG>
    <PERC>1.5502135679113118</PERC>
    <Alpha>0</Alpha>
    <UZL>73.712593990933712</UZL>
    <K0>0.35746114348275615</K0>
    <K1>0.0665179333890023</K1>
    <K2>0.010000000361616111</K2>
    <MAXBAS>1</MAXBAS>
    <Cet>0</Cet>
    <PCALT>10</PCALT>
    <TCALT>0.6</TCALT>
    <Pelev>3349</Pelev>
    <Telev>2921</Telev>
    <PART>0.5</PART>
    <DELAY>1</DELAY>
  </CatchmentParameters>
  <VegetationZone>
    <VegetationZoneParameters>
      <TT>-1.4642231760662339</TT>
      <CFMAX>3.2345789171056594</CFMAX>
      <SP>0</SP>
      <SFCF>1.256158120096692</SFCF>
      <CFR>2.4184314636498221E-08</CFR>
      <CWH>0.10000013749398096</CWH>
      <CFGlacier>1</CFGlacier>
      <CFSlope>1</CFSlope>
      <FC>2499.9999970247036</FC>
      <LP>0.717102748531568</LP>
      <BETA>1.3773536324993398</BETA>
    </VegetationZoneParameters>
  </VegetationZone>
  <SubCatchment>
    <SubCatchmentParameters>
      <KSI>0.001</KSI>
      <KGmin>0.05</KGmin>
      <RangeKG>0.1</RangeKG>
      <AG>0.1</AG>
      <PERC>1.5502135679113118</PERC>
      <Alpha>0</Alpha>
      <UZL>73.712593990933712</UZL>
      <K0>0.35746114348275615</K0>
      <K1>0.0665179333890023</K1>
      <K2>0.010000000361616111</K2>
      <MAXBAS>1</MAXBAS>
      <Cet>0</Cet>
      <PCALT>10</PCALT>
      <TCALT>0.6</TCALT>
      <Pelev>3349</Pelev>
      <Telev>2921</Telev>
      <PART>0.5</PART>
      <DELAY>1</DELAY>
    </SubCatchmentParameters>
    <SubCatchmentVegetationZone>
      <SubCatchmentVegetationZoneParameters>
        <TT>-1.4642231760662339</TT>
        <CFMAX>3.2345789171056594</CFMAX>
        <SP>0</SP>
        <SFCF>1.256158120096692</SFCF>
        <CFR>2.4184314636498221E-08</CFR>
        <CWH>0.10000013749398096</CWH>
        <CFGlacier>1</CFGlacier>
        <CFSlope>1</CFSlope>
        <FC>2499.9999970247036</FC>
        <LP>0.717102748531568</LP>
        <BETA>1.3773536324993398</BETA>
      </SubCatchmentVegetationZoneParameters>
    </SubCatchmentVegetationZone>
  </SubCatchment>
</Catchment>