<?xml version="1.0" encoding="utf-8"?>
<Catchment xmlns:xsi="http://www.w3.org/2001/XMLSchema-instance" xmlns:xsd="http://www.w3.org/2001/XMLSchema">
  <CatchmentParameters>
    <KSI>0.001</KSI>
    <KGmin>0.05</KGmin>
    <RangeKG>0.1</RangeKG>
    <AG>0.1</AG>
    <PERC>9.99997498724528</PERC>
    <Alpha>0</Alpha>
    <UZL>113.59988005380588</UZL>
    <K0>0.57349144032189536</K0>
    <K1>0.16265785158860263</K1>
    <K2>0.042140433624890838</K2>
    <MAXBAS>1.000026544283553</MAXBAS>
    <Cet>0</Cet>
    <PCALT>10</PCALT>
    <TCALT>0.6</TCALT>
    <Pelev>3349</Pelev>
    <Telev>2921</Telev>
    <PART>0.5</PART>
    <DELAY>1</DELAY>
  </CatchmentParameters>
  <VegetationZone>
    <VegetationZoneParameters>
      <TT>-0.77999999529029</TT>
      <CFMAX>3.7324037729635613</CFMAX>
      <SP>0</SP>
      <SFCF>0.79899311978360743</SFCF>
      <CFR>0.081268958974804864</CFR>
      <CWH>0.19999925063462423</CWH>
      <CFGlacier>1</CFGlacier>
      <CFSlope>1</CFSlope>
      <FC>231.59474621443704</FC>
      <LP>0.99999210202427558</LP>
      <BETA>1.000002371089346</BETA>
    </VegetationZoneParameters>
  </VegetationZone>
  <SubCatchment>
    <SubCatchmentParameters>
      <KSI>0.001</KSI>
      <KGmin>0.05</KGmin>
      <RangeKG>0.1</RangeKG>
      <AG>0.1</AG>
      <PERC>9.99997498724528</PERC>
      <Alpha>0</Alpha>
      <UZL>113.59988005380588</UZL>
      <K0>0.57349144032189536</K0>
      <K1>0.16265785158860263</K1>
      <K2>0.042140433624890838</K2>
      <MAXBAS>1.000026544283553</MAXBAS>
      <Cet>0</Cet>
      <PCALT>10</PCALT>
      <TCALT>0.6</TCALT>
      <Pelev>3349</Pelev>
      <Telev>2921</Telev>
      <PART>0.5</PART>
      <DELAY>1</DELAY>
    </SubCatchmentParameters>
    <SubCatchmentVegetationZone>
      <SubCatchmentVegetationZoneParameters>
        <TT>-0.77999999529029</TT>
        <CFMAX>3.7324037729635613</CFMAX>
        <SP>0</SP>
        <SFCF>0.79899311978360743</SFCF>
        <CFR>0.081268958974804864</CFR>
        <CWH>0.19999925063462423</CWH>
        <CFGlacier>1</CFGlacier>
        <CFSlope>1</CFSlope>
        <FC>231.59474621443704</FC>
        <LP>0.99999210202427558</LP>
        <BETA>1.000002371089346</BETA>
      </SubCatchmentVegetationZoneParameters>
    </SubCatchmentVegetationZone>
  </SubCatchment>
</Catchment>