<?xml version="1.0" encoding="utf-8"?>
<Catchment xmlns:xsi="http://www.w3.org/2001/XMLSchema-instance" xmlns:xsd="http://www.w3.org/2001/XMLSchema">
  <CatchmentParameters>
    <KSI>0.001</KSI>
    <KGmin>0.05</KGmin>
    <RangeKG>0.1</RangeKG>
    <AG>0.1</AG>
    <PERC>1.5335483091570561</PERC>
    <Alpha>0</Alpha>
    <UZL>163.60340967295846</UZL>
    <K0>0.23093224709434007</K0>
    <K1>0.04471340157482917</K1>
    <K2>0.010000000339211279</K2>
    <MAXBAS>1</MAXBAS>
    <Cet>0</Cet>
    <PCALT>10</PCALT>
    <TCALT>0.6</TCALT>
    <Pelev>3349</Pelev>
    <Telev>2921</Telev>
    <PART>0.5</PART>
    <DELAY>1</DELAY>
  </CatchmentParameters>
  <VegetationZone>
    <VegetationZoneParameters>
      <TT>-2.0439890914859324</TT>
      <CFMAX>3.9308174077264724</CFMAX>
      <SP>0</SP>
      <SFCF>1.2087540248770832</SFCF>
      <CFR>0.00033490987204148935</CFR>
      <CWH>0.13920606593414178</CWH>
      <CFGlacier>1</CFGlacier>
      <CFSlope>1</CFSlope>
      <FC>1046.0173970660521</FC>
      <LP>0.8760494411608275</LP>
      <BETA>1.406612043335268</BETA>
    </VegetationZoneParameters>
  </VegetationZone>
  <SubCatchment>
    <SubCatchmentParameters>
      <KSI>0.001</KSI>
      <KGmin>0.05</KGmin>
      <RangeKG>0.1</RangeKG>
      <AG>0.1</AG>
      <PERC>1.5335483091570561</PERC>
      <Alpha>0</Alpha>
      <UZL>163.60340967295846</UZL>
      <K0>0.23093224709434007</K0>
      <K1>0.04471340157482917</K1>
      <K2>0.010000000339211279</K2>
      <MAXBAS>1</MAXBAS>
      <Cet>0</Cet>
      <PCALT>10</PCALT>
      <TCALT>0.6</TCALT>
      <Pelev>3349</Pelev>
      <Telev>2921</Telev>
      <PART>0.5</PART>
      <DELAY>1</DELAY>
    </SubCatchmentParameters>
    <SubCatchmentVegetationZone>
      <SubCatchmentVegetationZoneParameters>
        <TT>-2.0439890914859324</TT>
        <CFMAX>3.9308174077264724</CFMAX>
        <SP>0</SP>
        <SFCF>1.2087540248770832</SFCF>
        <CFR>0.00033490987204148935</CFR>
        <CWH>0.13920606593414178</CWH>
        <CFGlacier>1</CFGlacier>
        <CFSlope>1</CFSlope>
        <FC>1046.0173970660521</FC>
        <LP>0.8760494411608275</LP>
        <BETA>1.406612043335268</BETA>
      </SubCatchmentVegetationZoneParameters>
    </SubCatchmentVegetationZone>
  </SubCatchment>
</Catchment>