<?xml version="1.0" encoding="utf-8"?>
<Catchment xmlns:xsi="http://www.w3.org/2001/XMLSchema-instance" xmlns:xsd="http://www.w3.org/2001/XMLSchema">
  <CatchmentParameters>
    <KSI>0.001</KSI>
    <KGmin>0.05</KGmin>
    <RangeKG>0.1</RangeKG>
    <AG>0.1</AG>
    <PERC>9.9999778063748241</PERC>
    <Alpha>0</Alpha>
    <UZL>19.932871655369706</UZL>
    <K0>0.07835573526770756</K0>
    <K1>0.13888750485131857</K1>
    <K2>0.046596033875087456</K2>
    <MAXBAS>1.0000277249095864</MAXBAS>
    <Cet>0</Cet>
    <PCALT>10</PCALT>
    <TCALT>0.6</TCALT>
    <Pelev>3349</Pelev>
    <Telev>2921</Telev>
    <PART>0.5</PART>
    <DELAY>1</DELAY>
  </CatchmentParameters>
  <VegetationZone>
    <VegetationZoneParameters>
      <TT>-0.75829737444914136</TT>
      <CFMAX>4.1003082957822237</CFMAX>
      <SP>0</SP>
      <SFCF>0.88176505324149124</SFCF>
      <CFR>0.052243151888704036</CFR>
      <CWH>0.19999887376343192</CWH>
      <CFGlacier>1</CFGlacier>
      <CFSlope>1</CFSlope>
      <FC>452.33091040085361</FC>
      <LP>0.99999619027974584</LP>
      <BETA>1.0000006767240555</BETA>
    </VegetationZoneParameters>
  </VegetationZone>
  <SubCatchment>
    <SubCatchmentParameters>
      <KSI>0.001</KSI>
      <KGmin>0.05</KGmin>
      <RangeKG>0.1</RangeKG>
      <AG>0.1</AG>
      <PERC>9.9999778063748241</PERC>
      <Alpha>0</Alpha>
      <UZL>19.932871655369706</UZL>
      <K0>0.07835573526770756</K0>
      <K1>0.13888750485131857</K1>
      <K2>0.046596033875087456</K2>
      <MAXBAS>1.0000277249095864</MAXBAS>
      <Cet>0</Cet>
      <PCALT>10</PCALT>
      <TCALT>0.6</TCALT>
      <Pelev>3349</Pelev>
      <Telev>2921</Telev>
      <PART>0.5</PART>
      <DELAY>1</DELAY>
    </SubCatchmentParameters>
    <SubCatchmentVegetationZone>
      <SubCatchmentVegetationZoneParameters>
        <TT>-0.75829737444914136</TT>
        <CFMAX>4.1003082957822237</CFMAX>
        <SP>0</SP>
        <SFCF>0.88176505324149124</SFCF>
        <CFR>0.052243151888704036</CFR>
        <CWH>0.19999887376343192</CWH>
        <CFGlacier>1</CFGlacier>
        <CFSlope>1</CFSlope>
        <FC>452.33091040085361</FC>
        <LP>0.99999619027974584</LP>
        <BETA>1.0000006767240555</BETA>
      </SubCatchmentVegetationZoneParameters>
    </SubCatchmentVegetationZone>
  </SubCatchment>
</Catchment>