<?xml version="1.0" encoding="utf-8"?>
<Catchment xmlns:xsi="http://www.w3.org/2001/XMLSchema-instance" xmlns:xsd="http://www.w3.org/2001/XMLSchema">
  <CatchmentParameters>
    <KSI>0.001</KSI>
    <KGmin>0.05</KGmin>
    <RangeKG>0.1</RangeKG>
    <AG>0.1</AG>
    <PERC>9.9999733804886333</PERC>
    <Alpha>0</Alpha>
    <UZL>123.50838534182529</UZL>
    <K0>0.085691274349109489</K0>
    <K1>0.19495095516405481</K1>
    <K2>0.043221948495622227</K2>
    <MAXBAS>1.0000434591147533</MAXBAS>
    <Cet>0</Cet>
    <PCALT>10</PCALT>
    <TCALT>0.6</TCALT>
    <Pelev>3349</Pelev>
    <Telev>2921</Telev>
    <PART>0.5</PART>
    <DELAY>1</DELAY>
  </CatchmentParameters>
  <VegetationZone>
    <VegetationZoneParameters>
      <TT>-1.2698794928276276</TT>
      <CFMAX>3.1181149948249542</CFMAX>
      <SP>0</SP>
      <SFCF>0.81186424604743557</SFCF>
      <CFR>0.01439100260997518</CFR>
      <CWH>0.19999940280019823</CWH>
      <CFGlacier>1</CFGlacier>
      <CFSlope>1</CFSlope>
      <FC>242.68056863889763</FC>
      <LP>0.999992847181915</LP>
      <BETA>1.1161979662160906</BETA>
    </VegetationZoneParameters>
  </VegetationZone>
  <SubCatchment>
    <SubCatchmentParameters>
      <KSI>0.001</KSI>
      <KGmin>0.05</KGmin>
      <RangeKG>0.1</RangeKG>
      <AG>0.1</AG>
      <PERC>9.9999733804886333</PERC>
      <Alpha>0</Alpha>
      <UZL>123.50838534182529</UZL>
      <K0>0.085691274349109489</K0>
      <K1>0.19495095516405481</K1>
      <K2>0.043221948495622227</K2>
      <MAXBAS>1.0000434591147533</MAXBAS>
      <Cet>0</Cet>
      <PCALT>10</PCALT>
      <TCALT>0.6</TCALT>
      <Pelev>3349</Pelev>
      <Telev>2921</Telev>
      <PART>0.5</PART>
      <DELAY>1</DELAY>
    </SubCatchmentParameters>
    <SubCatchmentVegetationZone>
      <SubCatchmentVegetationZoneParameters>
        <TT>-1.2698794928276276</TT>
        <CFMAX>3.1181149948249542</CFMAX>
        <SP>0</SP>
        <SFCF>0.81186424604743557</SFCF>
        <CFR>0.01439100260997518</CFR>
        <CWH>0.19999940280019823</CWH>
        <CFGlacier>1</CFGlacier>
        <CFSlope>1</CFSlope>
        <FC>242.68056863889763</FC>
        <LP>0.999992847181915</LP>
        <BETA>1.1161979662160906</BETA>
      </SubCatchmentVegetationZoneParameters>
    </SubCatchmentVegetationZone>
  </SubCatchment>
</Catchment>