<?xml version="1.0" encoding="utf-8"?>
<Catchment xmlns:xsi="http://www.w3.org/2001/XMLSchema-instance" xmlns:xsd="http://www.w3.org/2001/XMLSchema">
  <CatchmentParameters>
    <KSI>0.001</KSI>
    <KGmin>0.05</KGmin>
    <RangeKG>0.1</RangeKG>
    <AG>0.1</AG>
    <PERC>7.6970283346473263</PERC>
    <Alpha>0</Alpha>
    <UZL>196.38045869874998</UZL>
    <K0>0.37282706316361858</K0>
    <K1>0.27011905456531338</K1>
    <K2>0.051793307453667788</K2>
    <MAXBAS>1.000085361885289</MAXBAS>
    <Cet>0</Cet>
    <PCALT>10</PCALT>
    <TCALT>0.6</TCALT>
    <Pelev>3349</Pelev>
    <Telev>2921</Telev>
    <PART>0.5</PART>
    <DELAY>1</DELAY>
  </CatchmentParameters>
  <VegetationZone>
    <VegetationZoneParameters>
      <TT>0.13241123463681973</TT>
      <CFMAX>2.392710510365855</CFMAX>
      <SP>0</SP>
      <SFCF>0.637966139679435</SFCF>
      <CFR>7.06496917896634E-05</CFR>
      <CWH>0.10000014587934544</CWH>
      <CFGlacier>1</CFGlacier>
      <CFSlope>1</CFSlope>
      <FC>50.000081724072885</FC>
      <LP>0.925295100812529</LP>
      <BETA>1.0000058196796617</BETA>
    </VegetationZoneParameters>
  </VegetationZone>
  <SubCatchment>
    <SubCatchmentParameters>
      <KSI>0.001</KSI>
      <KGmin>0.05</KGmin>
      <RangeKG>0.1</RangeKG>
      <AG>0.1</AG>
      <PERC>7.6970283346473263</PERC>
      <Alpha>0</Alpha>
      <UZL>196.38045869874998</UZL>
      <K0>0.37282706316361858</K0>
      <K1>0.27011905456531338</K1>
      <K2>0.051793307453667788</K2>
      <MAXBAS>1.000085361885289</MAXBAS>
      <Cet>0</Cet>
      <PCALT>10</PCALT>
      <TCALT>0.6</TCALT>
      <Pelev>3349</Pelev>
      <Telev>2921</Telev>
      <PART>0.5</PART>
      <DELAY>1</DELAY>
    </SubCatchmentParameters>
    <SubCatchmentVegetationZone>
      <SubCatchmentVegetationZoneParameters>
        <TT>0.13241123463681973</TT>
        <CFMAX>2.392710510365855</CFMAX>
        <SP>0</SP>
        <SFCF>0.637966139679435</SFCF>
        <CFR>7.06496917896634E-05</CFR>
        <CWH>0.10000014587934544</CWH>
        <CFGlacier>1</CFGlacier>
        <CFSlope>1</CFSlope>
        <FC>50.000081724072885</FC>
        <LP>0.925295100812529</LP>
        <BETA>1.0000058196796617</BETA>
      </SubCatchmentVegetationZoneParameters>
    </SubCatchmentVegetationZone>
  </SubCatchment>
</Catchment>