<?xml version="1.0" encoding="utf-8"?>
<Catchment xmlns:xsi="http://www.w3.org/2001/XMLSchema-instance" xmlns:xsd="http://www.w3.org/2001/XMLSchema">
  <CatchmentParameters>
    <KSI>0.001</KSI>
    <KGmin>0.05</KGmin>
    <RangeKG>0.1</RangeKG>
    <AG>0.1</AG>
    <PERC>9.9999878225107519</PERC>
    <Alpha>0</Alpha>
    <UZL>113.30795070880211</UZL>
    <K0>0.21773860595057165</K0>
    <K1>0.17515230118648659</K1>
    <K2>0.0412925890039253</K2>
    <MAXBAS>1.0000471183989641</MAXBAS>
    <Cet>0</Cet>
    <PCALT>10</PCALT>
    <TCALT>0.6</TCALT>
    <Pelev>3349</Pelev>
    <Telev>2921</Telev>
    <PART>0.5</PART>
    <DELAY>1</DELAY>
  </CatchmentParameters>
  <VegetationZone>
    <VegetationZoneParameters>
      <TT>-0.879999128086144</TT>
      <CFMAX>3.4067915664504786</CFMAX>
      <SP>0</SP>
      <SFCF>0.753482170341929</SFCF>
      <CFR>0.099999632475361214</CFR>
      <CWH>0.19999956667935703</CWH>
      <CFGlacier>1</CFGlacier>
      <CFSlope>1</CFSlope>
      <FC>163.09309205789256</FC>
      <LP>0.9999848269785192</LP>
      <BETA>1.000005504713356</BETA>
    </VegetationZoneParameters>
  </VegetationZone>
  <SubCatchment>
    <SubCatchmentParameters>
      <KSI>0.001</KSI>
      <KGmin>0.05</KGmin>
      <RangeKG>0.1</RangeKG>
      <AG>0.1</AG>
      <PERC>9.9999878225107519</PERC>
      <Alpha>0</Alpha>
      <UZL>113.30795070880211</UZL>
      <K0>0.21773860595057165</K0>
      <K1>0.17515230118648659</K1>
      <K2>0.0412925890039253</K2>
      <MAXBAS>1.0000471183989641</MAXBAS>
      <Cet>0</Cet>
      <PCALT>10</PCALT>
      <TCALT>0.6</TCALT>
      <Pelev>3349</Pelev>
      <Telev>2921</Telev>
      <PART>0.5</PART>
      <DELAY>1</DELAY>
    </SubCatchmentParameters>
    <SubCatchmentVegetationZone>
      <SubCatchmentVegetationZoneParameters>
        <TT>-0.879999128086144</TT>
        <CFMAX>3.4067915664504786</CFMAX>
        <SP>0</SP>
        <SFCF>0.753482170341929</SFCF>
        <CFR>0.099999632475361214</CFR>
        <CWH>0.19999956667935703</CWH>
        <CFGlacier>1</CFGlacier>
        <CFSlope>1</CFSlope>
        <FC>163.09309205789256</FC>
        <LP>0.9999848269785192</LP>
        <BETA>1.000005504713356</BETA>
      </SubCatchmentVegetationZoneParameters>
    </SubCatchmentVegetationZone>
  </SubCatchment>
</Catchment>