<?xml version="1.0" encoding="utf-8"?>
<Catchment xmlns:xsi="http://www.w3.org/2001/XMLSchema-instance" xmlns:xsd="http://www.w3.org/2001/XMLSchema">
  <CatchmentParameters>
    <KSI>0.001</KSI>
    <KGmin>0.05</KGmin>
    <RangeKG>0.1</RangeKG>
    <AG>0.1</AG>
    <PERC>1.1693960527654259</PERC>
    <Alpha>0</Alpha>
    <UZL>160.24577335040169</UZL>
    <K0>0.2017955290614028</K0>
    <K1>0.039782829636861472</K1>
    <K2>0.010000000006213164</K2>
    <MAXBAS>1</MAXBAS>
    <Cet>0</Cet>
    <PCALT>10</PCALT>
    <TCALT>0.6</TCALT>
    <Pelev>3349</Pelev>
    <Telev>2921</Telev>
    <PART>0.5</PART>
    <DELAY>1</DELAY>
  </CatchmentParameters>
  <VegetationZone>
    <VegetationZoneParameters>
      <TT>-1.4253087028766625</TT>
      <CFMAX>4.9390241450402348</CFMAX>
      <SP>0</SP>
      <SFCF>1.2790739465230816</SFCF>
      <CFR>1.4425676508383711E-08</CFR>
      <CWH>0.10001422403447308</CWH>
      <CFGlacier>1</CFGlacier>
      <CFSlope>1</CFSlope>
      <FC>2393.2920293237335</FC>
      <LP>0.84192801575258913</LP>
      <BETA>1.8082186656113035</BETA>
    </VegetationZoneParameters>
  </VegetationZone>
  <SubCatchment>
    <SubCatchmentParameters>
      <KSI>0.001</KSI>
      <KGmin>0.05</KGmin>
      <RangeKG>0.1</RangeKG>
      <AG>0.1</AG>
      <PERC>1.1693960527654259</PERC>
      <Alpha>0</Alpha>
      <UZL>160.24577335040169</UZL>
      <K0>0.2017955290614028</K0>
      <K1>0.039782829636861472</K1>
      <K2>0.010000000006213164</K2>
      <MAXBAS>1</MAXBAS>
      <Cet>0</Cet>
      <PCALT>10</PCALT>
      <TCALT>0.6</TCALT>
      <Pelev>3349</Pelev>
      <Telev>2921</Telev>
      <PART>0.5</PART>
      <DELAY>1</DELAY>
    </SubCatchmentParameters>
    <SubCatchmentVegetationZone>
      <SubCatchmentVegetationZoneParameters>
        <TT>-1.4253087028766625</TT>
        <CFMAX>4.9390241450402348</CFMAX>
        <SP>0</SP>
        <SFCF>1.2790739465230816</SFCF>
        <CFR>1.4425676508383711E-08</CFR>
        <CWH>0.10001422403447308</CWH>
        <CFGlacier>1</CFGlacier>
        <CFSlope>1</CFSlope>
        <FC>2393.2920293237335</FC>
        <LP>0.84192801575258913</LP>
        <BETA>1.8082186656113035</BETA>
      </SubCatchmentVegetationZoneParameters>
    </SubCatchmentVegetationZone>
  </SubCatchment>
</Catchment>