<?xml version="1.0" encoding="utf-8"?>
<Catchment xmlns:xsi="http://www.w3.org/2001/XMLSchema-instance" xmlns:xsd="http://www.w3.org/2001/XMLSchema">
  <CatchmentParameters>
    <KSI>0.001</KSI>
    <KGmin>0.05</KGmin>
    <RangeKG>0.1</RangeKG>
    <AG>0.1</AG>
    <PERC>7.2022550857665877</PERC>
    <Alpha>0</Alpha>
    <UZL>104.32780086581869</UZL>
    <K0>0.17504482186762044</K0>
    <K1>0.26800315332494107</K1>
    <K2>0.0661757880678637</K2>
    <MAXBAS>1.0000343052278771</MAXBAS>
    <Cet>0</Cet>
    <PCALT>10</PCALT>
    <TCALT>0.6</TCALT>
    <Pelev>3349</Pelev>
    <Telev>2921</Telev>
    <PART>0.5</PART>
    <DELAY>1</DELAY>
  </CatchmentParameters>
  <VegetationZone>
    <VegetationZoneParameters>
      <TT>-0.27487376397488555</TT>
      <CFMAX>3.2217288101851946</CFMAX>
      <SP>0</SP>
      <SFCF>0.91926171304952908</SFCF>
      <CFR>0.009583435380940291</CFR>
      <CWH>0.10000035839942437</CWH>
      <CFGlacier>1</CFGlacier>
      <CFSlope>1</CFSlope>
      <FC>999.99703043283534</FC>
      <LP>0.99999589587330684</LP>
      <BETA>1.0000005381523709</BETA>
    </VegetationZoneParameters>
  </VegetationZone>
  <SubCatchment>
    <SubCatchmentParameters>
      <KSI>0.001</KSI>
      <KGmin>0.05</KGmin>
      <RangeKG>0.1</RangeKG>
      <AG>0.1</AG>
      <PERC>7.2022550857665877</PERC>
      <Alpha>0</Alpha>
      <UZL>104.32780086581869</UZL>
      <K0>0.17504482186762044</K0>
      <K1>0.26800315332494107</K1>
      <K2>0.0661757880678637</K2>
      <MAXBAS>1.0000343052278771</MAXBAS>
      <Cet>0</Cet>
      <PCALT>10</PCALT>
      <TCALT>0.6</TCALT>
      <Pelev>3349</Pelev>
      <Telev>2921</Telev>
      <PART>0.5</PART>
      <DELAY>1</DELAY>
    </SubCatchmentParameters>
    <SubCatchmentVegetationZone>
      <SubCatchmentVegetationZoneParameters>
        <TT>-0.27487376397488555</TT>
        <CFMAX>3.2217288101851946</CFMAX>
        <SP>0</SP>
        <SFCF>0.91926171304952908</SFCF>
        <CFR>0.009583435380940291</CFR>
        <CWH>0.10000035839942437</CWH>
        <CFGlacier>1</CFGlacier>
        <CFSlope>1</CFSlope>
        <FC>999.99703043283534</FC>
        <LP>0.99999589587330684</LP>
        <BETA>1.0000005381523709</BETA>
      </SubCatchmentVegetationZoneParameters>
    </SubCatchmentVegetationZone>
  </SubCatchment>
</Catchment>