<?xml version="1.0" encoding="utf-8"?>
<Catchment xmlns:xsi="http://www.w3.org/2001/XMLSchema-instance" xmlns:xsd="http://www.w3.org/2001/XMLSchema">
  <CatchmentParameters>
    <KSI>0.001</KSI>
    <KGmin>0.05</KGmin>
    <RangeKG>0.1</RangeKG>
    <AG>0.1</AG>
    <PERC>6.757494977294388</PERC>
    <Alpha>0</Alpha>
    <UZL>111.0532018791925</UZL>
    <K0>0.31085345556983918</K0>
    <K1>0.24165987723934326</K1>
    <K2>0.058052827533571126</K2>
    <MAXBAS>1.0049071843108257</MAXBAS>
    <Cet>0</Cet>
    <PCALT>10</PCALT>
    <TCALT>0.6</TCALT>
    <Pelev>3349</Pelev>
    <Telev>2921</Telev>
    <PART>0.5</PART>
    <DELAY>1</DELAY>
  </CatchmentParameters>
  <VegetationZone>
    <VegetationZoneParameters>
      <TT>-0.64400412741345</TT>
      <CFMAX>3.0794722578591704</CFMAX>
      <SP>0</SP>
      <SFCF>0.96028945225965923</SFCF>
      <CFR>0.022836005644188216</CFR>
      <CWH>0.10000050489870808</CWH>
      <CFGlacier>1</CFGlacier>
      <CFSlope>1</CFSlope>
      <FC>999.9980079181604</FC>
      <LP>0.99999885093536256</LP>
      <BETA>1.036842063535933</BETA>
    </VegetationZoneParameters>
  </VegetationZone>
  <SubCatchment>
    <SubCatchmentParameters>
      <KSI>0.001</KSI>
      <KGmin>0.05</KGmin>
      <RangeKG>0.1</RangeKG>
      <AG>0.1</AG>
      <PERC>6.757494977294388</PERC>
      <Alpha>0</Alpha>
      <UZL>111.0532018791925</UZL>
      <K0>0.31085345556983918</K0>
      <K1>0.24165987723934326</K1>
      <K2>0.058052827533571126</K2>
      <MAXBAS>1.0049071843108257</MAXBAS>
      <Cet>0</Cet>
      <PCALT>10</PCALT>
      <TCALT>0.6</TCALT>
      <Pelev>3349</Pelev>
      <Telev>2921</Telev>
      <PART>0.5</PART>
      <DELAY>1</DELAY>
    </SubCatchmentParameters>
    <SubCatchmentVegetationZone>
      <SubCatchmentVegetationZoneParameters>
        <TT>-0.64400412741345</TT>
        <CFMAX>3.0794722578591704</CFMAX>
        <SP>0</SP>
        <SFCF>0.96028945225965923</SFCF>
        <CFR>0.022836005644188216</CFR>
        <CWH>0.10000050489870808</CWH>
        <CFGlacier>1</CFGlacier>
        <CFSlope>1</CFSlope>
        <FC>999.9980079181604</FC>
        <LP>0.99999885093536256</LP>
        <BETA>1.036842063535933</BETA>
      </SubCatchmentVegetationZoneParameters>
    </SubCatchmentVegetationZone>
  </SubCatchment>
</Catchment>