<?xml version="1.0" encoding="utf-8"?>
<Catchment xmlns:xsi="http://www.w3.org/2001/XMLSchema-instance" xmlns:xsd="http://www.w3.org/2001/XMLSchema">
  <CatchmentParameters>
    <KSI>0.001</KSI>
    <KGmin>0.05</KGmin>
    <RangeKG>0.1</RangeKG>
    <AG>0.1</AG>
    <PERC>8.9850366420907175</PERC>
    <Alpha>0</Alpha>
    <UZL>78.582691257563411</UZL>
    <K0>0.502452189926044</K0>
    <K1>0.16266698742498156</K1>
    <K2>0.045604495368875682</K2>
    <MAXBAS>1.0000238885763171</MAXBAS>
    <Cet>0</Cet>
    <PCALT>10</PCALT>
    <TCALT>0.6</TCALT>
    <Pelev>3349</Pelev>
    <Telev>2921</Telev>
    <PART>0.5</PART>
    <DELAY>1</DELAY>
  </CatchmentParameters>
  <VegetationZone>
    <VegetationZoneParameters>
      <TT>-0.77999929648959188</TT>
      <CFMAX>4.4948326223403079</CFMAX>
      <SP>0</SP>
      <SFCF>1.0079553342001484</SFCF>
      <CFR>0.0019882313818010561</CFR>
      <CWH>0.19999967889340414</CWH>
      <CFGlacier>1</CFGlacier>
      <CFSlope>1</CFSlope>
      <FC>901.4453705401487</FC>
      <LP>0.91434413434018713</LP>
      <BETA>1.2066327749110495</BETA>
    </VegetationZoneParameters>
  </VegetationZone>
  <SubCatchment>
    <SubCatchmentParameters>
      <KSI>0.001</KSI>
      <KGmin>0.05</KGmin>
      <RangeKG>0.1</RangeKG>
      <AG>0.1</AG>
      <PERC>8.9850366420907175</PERC>
      <Alpha>0</Alpha>
      <UZL>78.582691257563411</UZL>
      <K0>0.502452189926044</K0>
      <K1>0.16266698742498156</K1>
      <K2>0.045604495368875682</K2>
      <MAXBAS>1.0000238885763171</MAXBAS>
      <Cet>0</Cet>
      <PCALT>10</PCALT>
      <TCALT>0.6</TCALT>
      <Pelev>3349</Pelev>
      <Telev>2921</Telev>
      <PART>0.5</PART>
      <DELAY>1</DELAY>
    </SubCatchmentParameters>
    <SubCatchmentVegetationZone>
      <SubCatchmentVegetationZoneParameters>
        <TT>-0.77999929648959188</TT>
        <CFMAX>4.4948326223403079</CFMAX>
        <SP>0</SP>
        <SFCF>1.0079553342001484</SFCF>
        <CFR>0.0019882313818010561</CFR>
        <CWH>0.19999967889340414</CWH>
        <CFGlacier>1</CFGlacier>
        <CFSlope>1</CFSlope>
        <FC>901.4453705401487</FC>
        <LP>0.91434413434018713</LP>
        <BETA>1.2066327749110495</BETA>
      </SubCatchmentVegetationZoneParameters>
    </SubCatchmentVegetationZone>
  </SubCatchment>
</Catchment>