<?xml version="1.0" encoding="utf-8"?>
<Catchment xmlns:xsi="http://www.w3.org/2001/XMLSchema-instance" xmlns:xsd="http://www.w3.org/2001/XMLSchema">
  <CatchmentParameters>
    <KSI>0.001</KSI>
    <KGmin>0.05</KGmin>
    <RangeKG>0.1</RangeKG>
    <AG>0.1</AG>
    <PERC>9.9999997262918665</PERC>
    <Alpha>0</Alpha>
    <UZL>124.48401630819826</UZL>
    <K0>0.522674912202254</K0>
    <K1>0.13463482608679708</K1>
    <K2>0.044478144385864851</K2>
    <MAXBAS>1.0001521956381652</MAXBAS>
    <Cet>0</Cet>
    <PCALT>10</PCALT>
    <TCALT>0.6</TCALT>
    <Pelev>3349</Pelev>
    <Telev>2921</Telev>
    <PART>0.5</PART>
    <DELAY>1</DELAY>
  </CatchmentParameters>
  <VegetationZone>
    <VegetationZoneParameters>
      <TT>0.012917858435153674</TT>
      <CFMAX>4.5795273491665354</CFMAX>
      <SP>0</SP>
      <SFCF>0.82620228609558033</SFCF>
      <CFR>0.00016794555616828161</CFR>
      <CWH>0.1799235732508977</CWH>
      <CFGlacier>1</CFGlacier>
      <CFSlope>1</CFSlope>
      <FC>307.75615903316543</FC>
      <LP>0.99999721404158393</LP>
      <BETA>1.0000002444906482</BETA>
    </VegetationZoneParameters>
  </VegetationZone>
  <SubCatchment>
    <SubCatchmentParameters>
      <KSI>0.001</KSI>
      <KGmin>0.05</KGmin>
      <RangeKG>0.1</RangeKG>
      <AG>0.1</AG>
      <PERC>9.9999997262918665</PERC>
      <Alpha>0</Alpha>
      <UZL>124.48401630819826</UZL>
      <K0>0.522674912202254</K0>
      <K1>0.13463482608679708</K1>
      <K2>0.044478144385864851</K2>
      <MAXBAS>1.0001521956381652</MAXBAS>
      <Cet>0</Cet>
      <PCALT>10</PCALT>
      <TCALT>0.6</TCALT>
      <Pelev>3349</Pelev>
      <Telev>2921</Telev>
      <PART>0.5</PART>
      <DELAY>1</DELAY>
    </SubCatchmentParameters>
    <SubCatchmentVegetationZone>
      <SubCatchmentVegetationZoneParameters>
        <TT>0.012917858435153674</TT>
        <CFMAX>4.5795273491665354</CFMAX>
        <SP>0</SP>
        <SFCF>0.82620228609558033</SFCF>
        <CFR>0.00016794555616828161</CFR>
        <CWH>0.1799235732508977</CWH>
        <CFGlacier>1</CFGlacier>
        <CFSlope>1</CFSlope>
        <FC>307.75615903316543</FC>
        <LP>0.99999721404158393</LP>
        <BETA>1.0000002444906482</BETA>
      </SubCatchmentVegetationZoneParameters>
    </SubCatchmentVegetationZone>
  </SubCatchment>
</Catchment>