<?xml version="1.0" encoding="utf-8"?>
<Catchment xmlns:xsi="http://www.w3.org/2001/XMLSchema-instance" xmlns:xsd="http://www.w3.org/2001/XMLSchema">
  <CatchmentParameters>
    <KSI>0.001</KSI>
    <KGmin>0.05</KGmin>
    <RangeKG>0.1</RangeKG>
    <AG>0.1</AG>
    <PERC>2.484598790180522</PERC>
    <Alpha>0</Alpha>
    <UZL>180.52853013262461</UZL>
    <K0>0.16071745591279762</K0>
    <K1>0.036687422931491555</K1>
    <K2>0.010000000663001258</K2>
    <MAXBAS>1</MAXBAS>
    <Cet>0</Cet>
    <PCALT>10</PCALT>
    <TCALT>0.6</TCALT>
    <Pelev>3349</Pelev>
    <Telev>2921</Telev>
    <PART>0.5</PART>
    <DELAY>1</DELAY>
  </CatchmentParameters>
  <VegetationZone>
    <VegetationZoneParameters>
      <TT>-1.9024758408376616</TT>
      <CFMAX>2.990072129061855</CFMAX>
      <SP>0</SP>
      <SFCF>0.89499974611764888</SFCF>
      <CFR>1.0406122739881323E-07</CFR>
      <CWH>0.16820537780148059</CWH>
      <CFGlacier>1</CFGlacier>
      <CFSlope>1</CFSlope>
      <FC>119.16129870664588</FC>
      <LP>0.50873769212915154</LP>
      <BETA>1.5234461842938505</BETA>
    </VegetationZoneParameters>
  </VegetationZone>
  <SubCatchment>
    <SubCatchmentParameters>
      <KSI>0.001</KSI>
      <KGmin>0.05</KGmin>
      <RangeKG>0.1</RangeKG>
      <AG>0.1</AG>
      <PERC>2.484598790180522</PERC>
      <Alpha>0</Alpha>
      <UZL>180.52853013262461</UZL>
      <K0>0.16071745591279762</K0>
      <K1>0.036687422931491555</K1>
      <K2>0.010000000663001258</K2>
      <MAXBAS>1</MAXBAS>
      <Cet>0</Cet>
      <PCALT>10</PCALT>
      <TCALT>0.6</TCALT>
      <Pelev>3349</Pelev>
      <Telev>2921</Telev>
      <PART>0.5</PART>
      <DELAY>1</DELAY>
    </SubCatchmentParameters>
    <SubCatchmentVegetationZone>
      <SubCatchmentVegetationZoneParameters>
        <TT>-1.9024758408376616</TT>
        <CFMAX>2.990072129061855</CFMAX>
        <SP>0</SP>
        <SFCF>0.89499974611764888</SFCF>
        <CFR>1.0406122739881323E-07</CFR>
        <CWH>0.16820537780148059</CWH>
        <CFGlacier>1</CFGlacier>
        <CFSlope>1</CFSlope>
        <FC>119.16129870664588</FC>
        <LP>0.50873769212915154</LP>
        <BETA>1.5234461842938505</BETA>
      </SubCatchmentVegetationZoneParameters>
    </SubCatchmentVegetationZone>
  </SubCatchment>
</Catchment>