<?xml version="1.0" encoding="utf-8"?>
<Catchment xmlns:xsi="http://www.w3.org/2001/XMLSchema-instance" xmlns:xsd="http://www.w3.org/2001/XMLSchema">
  <CatchmentParameters>
    <KSI>0.001</KSI>
    <KGmin>0.05</KGmin>
    <RangeKG>0.1</RangeKG>
    <AG>0.1</AG>
    <PERC>1.4302006622934174</PERC>
    <Alpha>0</Alpha>
    <UZL>70.734742624471437</UZL>
    <K0>0.30129919060502308</K0>
    <K1>0.066387222504958654</K1>
    <K2>0.010000003659247482</K2>
    <MAXBAS>1</MAXBAS>
    <Cet>0</Cet>
    <PCALT>10</PCALT>
    <TCALT>0.6</TCALT>
    <Pelev>3349</Pelev>
    <Telev>2921</Telev>
    <PART>0.5</PART>
    <DELAY>1</DELAY>
  </CatchmentParameters>
  <VegetationZone>
    <VegetationZoneParameters>
      <TT>-1.4932510751853438</TT>
      <CFMAX>2.6782063698125089</CFMAX>
      <SP>0</SP>
      <SFCF>1.0791045512630293</SFCF>
      <CFR>6.48476247668119E-12</CFR>
      <CWH>0.10000004280323997</CWH>
      <CFGlacier>1</CFGlacier>
      <CFSlope>1</CFSlope>
      <FC>1395.9117825810165</FC>
      <LP>0.88320101048477073</LP>
      <BETA>1.0313984484749101</BETA>
    </VegetationZoneParameters>
  </VegetationZone>
  <SubCatchment>
    <SubCatchmentParameters>
      <KSI>0.001</KSI>
      <KGmin>0.05</KGmin>
      <RangeKG>0.1</RangeKG>
      <AG>0.1</AG>
      <PERC>1.4302006622934174</PERC>
      <Alpha>0</Alpha>
      <UZL>70.734742624471437</UZL>
      <K0>0.30129919060502308</K0>
      <K1>0.066387222504958654</K1>
      <K2>0.010000003659247482</K2>
      <MAXBAS>1</MAXBAS>
      <Cet>0</Cet>
      <PCALT>10</PCALT>
      <TCALT>0.6</TCALT>
      <Pelev>3349</Pelev>
      <Telev>2921</Telev>
      <PART>0.5</PART>
      <DELAY>1</DELAY>
    </SubCatchmentParameters>
    <SubCatchmentVegetationZone>
      <SubCatchmentVegetationZoneParameters>
        <TT>-1.4932510751853438</TT>
        <CFMAX>2.6782063698125089</CFMAX>
        <SP>0</SP>
        <SFCF>1.0791045512630293</SFCF>
        <CFR>6.48476247668119E-12</CFR>
        <CWH>0.10000004280323997</CWH>
        <CFGlacier>1</CFGlacier>
        <CFSlope>1</CFSlope>
        <FC>1395.9117825810165</FC>
        <LP>0.88320101048477073</LP>
        <BETA>1.0313984484749101</BETA>
      </SubCatchmentVegetationZoneParameters>
    </SubCatchmentVegetationZone>
  </SubCatchment>
</Catchment>