<?xml version="1.0" encoding="utf-8"?>
<Catchment xmlns:xsi="http://www.w3.org/2001/XMLSchema-instance" xmlns:xsd="http://www.w3.org/2001/XMLSchema">
  <CatchmentParameters>
    <KSI>0.001</KSI>
    <KGmin>0.05</KGmin>
    <RangeKG>0.1</RangeKG>
    <AG>0.1</AG>
    <PERC>1.7828949120321675</PERC>
    <Alpha>0</Alpha>
    <UZL>66.174566998156578</UZL>
    <K0>0.34862630303721948</K0>
    <K1>0.070824319076160408</K1>
    <K2>0.010000000729047959</K2>
    <MAXBAS>1</MAXBAS>
    <Cet>0</Cet>
    <PCALT>10</PCALT>
    <TCALT>0.6</TCALT>
    <Pelev>3349</Pelev>
    <Telev>2921</Telev>
    <PART>0.5</PART>
    <DELAY>1</DELAY>
  </CatchmentParameters>
  <VegetationZone>
    <VegetationZoneParameters>
      <TT>-2.0423949227513485</TT>
      <CFMAX>2.4709363069974759</CFMAX>
      <SP>0</SP>
      <SFCF>1.08711708637248</SFCF>
      <CFR>4.4739599786504623E-09</CFR>
      <CWH>0.10000001580137308</CWH>
      <CFGlacier>1</CFGlacier>
      <CFSlope>1</CFSlope>
      <FC>745.44643686287623</FC>
      <LP>0.96817793515544182</LP>
      <BETA>1.2876092882925734</BETA>
    </VegetationZoneParameters>
  </VegetationZone>
  <SubCatchment>
    <SubCatchmentParameters>
      <KSI>0.001</KSI>
      <KGmin>0.05</KGmin>
      <RangeKG>0.1</RangeKG>
      <AG>0.1</AG>
      <PERC>1.7828949120321675</PERC>
      <Alpha>0</Alpha>
      <UZL>66.174566998156578</UZL>
      <K0>0.34862630303721948</K0>
      <K1>0.070824319076160408</K1>
      <K2>0.010000000729047959</K2>
      <MAXBAS>1</MAXBAS>
      <Cet>0</Cet>
      <PCALT>10</PCALT>
      <TCALT>0.6</TCALT>
      <Pelev>3349</Pelev>
      <Telev>2921</Telev>
      <PART>0.5</PART>
      <DELAY>1</DELAY>
    </SubCatchmentParameters>
    <SubCatchmentVegetationZone>
      <SubCatchmentVegetationZoneParameters>
        <TT>-2.0423949227513485</TT>
        <CFMAX>2.4709363069974759</CFMAX>
        <SP>0</SP>
        <SFCF>1.08711708637248</SFCF>
        <CFR>4.4739599786504623E-09</CFR>
        <CWH>0.10000001580137308</CWH>
        <CFGlacier>1</CFGlacier>
        <CFSlope>1</CFSlope>
        <FC>745.44643686287623</FC>
        <LP>0.96817793515544182</LP>
        <BETA>1.2876092882925734</BETA>
      </SubCatchmentVegetationZoneParameters>
    </SubCatchmentVegetationZone>
  </SubCatchment>
</Catchment>