<?xml version="1.0" encoding="utf-8"?>
<Catchment xmlns:xsi="http://www.w3.org/2001/XMLSchema-instance" xmlns:xsd="http://www.w3.org/2001/XMLSchema">
  <CatchmentParameters>
    <KSI>0.001</KSI>
    <KGmin>0.05</KGmin>
    <RangeKG>0.1</RangeKG>
    <AG>0.1</AG>
    <PERC>7.3939152251313587</PERC>
    <Alpha>0</Alpha>
    <UZL>41.0448942926718</UZL>
    <K0>0.86331141915923348</K0>
    <K1>0.29582478108768989</K1>
    <K2>0.050736155546524657</K2>
    <MAXBAS>1.0050082512249612</MAXBAS>
    <Cet>0</Cet>
    <PCALT>10</PCALT>
    <TCALT>0.6</TCALT>
    <Pelev>3349</Pelev>
    <Telev>2921</Telev>
    <PART>0.5</PART>
    <DELAY>1</DELAY>
  </CatchmentParameters>
  <VegetationZone>
    <VegetationZoneParameters>
      <TT>-1.0989367850718363</TT>
      <CFMAX>2.2556122101176386</CFMAX>
      <SP>0</SP>
      <SFCF>0.78669791494969643</SFCF>
      <CFR>0.024383744617817685</CFR>
      <CWH>0.10000000011281073</CWH>
      <CFGlacier>1</CFGlacier>
      <CFSlope>1</CFSlope>
      <FC>165.95601883636323</FC>
      <LP>0.7419272055189654</LP>
      <BETA>1.0395590674835098</BETA>
    </VegetationZoneParameters>
  </VegetationZone>
  <SubCatchment>
    <SubCatchmentParameters>
      <KSI>0.001</KSI>
      <KGmin>0.05</KGmin>
      <RangeKG>0.1</RangeKG>
      <AG>0.1</AG>
      <PERC>7.3939152251313587</PERC>
      <Alpha>0</Alpha>
      <UZL>41.0448942926718</UZL>
      <K0>0.86331141915923348</K0>
      <K1>0.29582478108768989</K1>
      <K2>0.050736155546524657</K2>
      <MAXBAS>1.0050082512249612</MAXBAS>
      <Cet>0</Cet>
      <PCALT>10</PCALT>
      <TCALT>0.6</TCALT>
      <Pelev>3349</Pelev>
      <Telev>2921</Telev>
      <PART>0.5</PART>
      <DELAY>1</DELAY>
    </SubCatchmentParameters>
    <SubCatchmentVegetationZone>
      <SubCatchmentVegetationZoneParameters>
        <TT>-1.0989367850718363</TT>
        <CFMAX>2.2556122101176386</CFMAX>
        <SP>0</SP>
        <SFCF>0.78669791494969643</SFCF>
        <CFR>0.024383744617817685</CFR>
        <CWH>0.10000000011281073</CWH>
        <CFGlacier>1</CFGlacier>
        <CFSlope>1</CFSlope>
        <FC>165.95601883636323</FC>
        <LP>0.7419272055189654</LP>
        <BETA>1.0395590674835098</BETA>
      </SubCatchmentVegetationZoneParameters>
    </SubCatchmentVegetationZone>
  </SubCatchment>
</Catchment>