<?xml version="1.0" encoding="utf-8"?>
<Catchment xmlns:xsi="http://www.w3.org/2001/XMLSchema-instance" xmlns:xsd="http://www.w3.org/2001/XMLSchema">
  <CatchmentParameters>
    <KSI>0.001</KSI>
    <KGmin>0.05</KGmin>
    <RangeKG>0.1</RangeKG>
    <AG>0.1</AG>
    <PERC>7.5004224364781518</PERC>
    <Alpha>0</Alpha>
    <UZL>59.002873301231936</UZL>
    <K0>0.26207676640783173</K0>
    <K1>0.29054247933928073</K1>
    <K2>0.062603071861330115</K2>
    <MAXBAS>1.0000344414686719</MAXBAS>
    <Cet>0</Cet>
    <PCALT>10</PCALT>
    <TCALT>0.6</TCALT>
    <Pelev>3349</Pelev>
    <Telev>2921</Telev>
    <PART>0.5</PART>
    <DELAY>1</DELAY>
  </CatchmentParameters>
  <VegetationZone>
    <VegetationZoneParameters>
      <TT>-0.5621557213693662</TT>
      <CFMAX>2.1165800359317695</CFMAX>
      <SP>0</SP>
      <SFCF>0.6981634517235753</SFCF>
      <CFR>0.00026079451498881804</CFR>
      <CWH>0.10000008385268394</CWH>
      <CFGlacier>1</CFGlacier>
      <CFSlope>1</CFSlope>
      <FC>103.03538694055034</FC>
      <LP>0.8332408784627634</LP>
      <BETA>1.0000020443545916</BETA>
    </VegetationZoneParameters>
  </VegetationZone>
  <SubCatchment>
    <SubCatchmentParameters>
      <KSI>0.001</KSI>
      <KGmin>0.05</KGmin>
      <RangeKG>0.1</RangeKG>
      <AG>0.1</AG>
      <PERC>7.5004224364781518</PERC>
      <Alpha>0</Alpha>
      <UZL>59.002873301231936</UZL>
      <K0>0.26207676640783173</K0>
      <K1>0.29054247933928073</K1>
      <K2>0.062603071861330115</K2>
      <MAXBAS>1.0000344414686719</MAXBAS>
      <Cet>0</Cet>
      <PCALT>10</PCALT>
      <TCALT>0.6</TCALT>
      <Pelev>3349</Pelev>
      <Telev>2921</Telev>
      <PART>0.5</PART>
      <DELAY>1</DELAY>
    </SubCatchmentParameters>
    <SubCatchmentVegetationZone>
      <SubCatchmentVegetationZoneParameters>
        <TT>-0.5621557213693662</TT>
        <CFMAX>2.1165800359317695</CFMAX>
        <SP>0</SP>
        <SFCF>0.6981634517235753</SFCF>
        <CFR>0.00026079451498881804</CFR>
        <CWH>0.10000008385268394</CWH>
        <CFGlacier>1</CFGlacier>
        <CFSlope>1</CFSlope>
        <FC>103.03538694055034</FC>
        <LP>0.8332408784627634</LP>
        <BETA>1.0000020443545916</BETA>
      </SubCatchmentVegetationZoneParameters>
    </SubCatchmentVegetationZone>
  </SubCatchment>
</Catchment>