<?xml version="1.0" encoding="utf-8"?>
<Catchment xmlns:xsi="http://www.w3.org/2001/XMLSchema-instance" xmlns:xsd="http://www.w3.org/2001/XMLSchema">
  <CatchmentParameters>
    <KSI>0.001</KSI>
    <KGmin>0.05</KGmin>
    <RangeKG>0.1</RangeKG>
    <AG>0.1</AG>
    <PERC>6.7562241138577424</PERC>
    <Alpha>0</Alpha>
    <UZL>50.159583056920212</UZL>
    <K0>0.44442034365431915</K0>
    <K1>0.27740946729317351</K1>
    <K2>0.052931605191097117</K2>
    <MAXBAS>1.0049715534572863</MAXBAS>
    <Cet>0</Cet>
    <PCALT>10</PCALT>
    <TCALT>0.6</TCALT>
    <Pelev>3349</Pelev>
    <Telev>2921</Telev>
    <PART>0.5</PART>
    <DELAY>1</DELAY>
  </CatchmentParameters>
  <VegetationZone>
    <VegetationZoneParameters>
      <TT>-1.1051835543013604</TT>
      <CFMAX>2.1866996275152135</CFMAX>
      <SP>0</SP>
      <SFCF>0.7826084435505154</SFCF>
      <CFR>0.026010644211335403</CFR>
      <CWH>0.10000003711813441</CWH>
      <CFGlacier>1</CFGlacier>
      <CFSlope>1</CFSlope>
      <FC>183.70978422414262</FC>
      <LP>0.91521022431040278</LP>
      <BETA>1.00006799684868</BETA>
    </VegetationZoneParameters>
  </VegetationZone>
  <SubCatchment>
    <SubCatchmentParameters>
      <KSI>0.001</KSI>
      <KGmin>0.05</KGmin>
      <RangeKG>0.1</RangeKG>
      <AG>0.1</AG>
      <PERC>6.7562241138577424</PERC>
      <Alpha>0</Alpha>
      <UZL>50.159583056920212</UZL>
      <K0>0.44442034365431915</K0>
      <K1>0.27740946729317351</K1>
      <K2>0.052931605191097117</K2>
      <MAXBAS>1.0049715534572863</MAXBAS>
      <Cet>0</Cet>
      <PCALT>10</PCALT>
      <TCALT>0.6</TCALT>
      <Pelev>3349</Pelev>
      <Telev>2921</Telev>
      <PART>0.5</PART>
      <DELAY>1</DELAY>
    </SubCatchmentParameters>
    <SubCatchmentVegetationZone>
      <SubCatchmentVegetationZoneParameters>
        <TT>-1.1051835543013604</TT>
        <CFMAX>2.1866996275152135</CFMAX>
        <SP>0</SP>
        <SFCF>0.7826084435505154</SFCF>
        <CFR>0.026010644211335403</CFR>
        <CWH>0.10000003711813441</CWH>
        <CFGlacier>1</CFGlacier>
        <CFSlope>1</CFSlope>
        <FC>183.70978422414262</FC>
        <LP>0.91521022431040278</LP>
        <BETA>1.00006799684868</BETA>
      </SubCatchmentVegetationZoneParameters>
    </SubCatchmentVegetationZone>
  </SubCatchment>
</Catchment>