<?xml version="1.0" encoding="utf-8"?>
<Catchment xmlns:xsi="http://www.w3.org/2001/XMLSchema-instance" xmlns:xsd="http://www.w3.org/2001/XMLSchema">
  <CatchmentParameters>
    <KSI>0.001</KSI>
    <KGmin>0.05</KGmin>
    <RangeKG>0.1</RangeKG>
    <AG>0.1</AG>
    <PERC>1.066527039048901</PERC>
    <Alpha>0</Alpha>
    <UZL>142.82379024955981</UZL>
    <K0>0.14615337505547735</K0>
    <K1>0.037338184797284429</K1>
    <K2>0.010000002506890702</K2>
    <MAXBAS>1</MAXBAS>
    <Cet>0</Cet>
    <PCALT>10</PCALT>
    <TCALT>0.6</TCALT>
    <Pelev>3349</Pelev>
    <Telev>2921</Telev>
    <PART>0.5</PART>
    <DELAY>1</DELAY>
  </CatchmentParameters>
  <VegetationZone>
    <VegetationZoneParameters>
      <TT>-2.0439933001209361</TT>
      <CFMAX>4.0495079580281192</CFMAX>
      <SP>0</SP>
      <SFCF>1.2549282225188374</SFCF>
      <CFR>0.050333104066545654</CFR>
      <CWH>0.1265134378833232</CWH>
      <CFGlacier>1</CFGlacier>
      <CFSlope>1</CFSlope>
      <FC>2339.9681254104335</FC>
      <LP>0.83732123399505354</LP>
      <BETA>1.5587055044467724</BETA>
    </VegetationZoneParameters>
  </VegetationZone>
  <SubCatchment>
    <SubCatchmentParameters>
      <KSI>0.001</KSI>
      <KGmin>0.05</KGmin>
      <RangeKG>0.1</RangeKG>
      <AG>0.1</AG>
      <PERC>1.066527039048901</PERC>
      <Alpha>0</Alpha>
      <UZL>142.82379024955981</UZL>
      <K0>0.14615337505547735</K0>
      <K1>0.037338184797284429</K1>
      <K2>0.010000002506890702</K2>
      <MAXBAS>1</MAXBAS>
      <Cet>0</Cet>
      <PCALT>10</PCALT>
      <TCALT>0.6</TCALT>
      <Pelev>3349</Pelev>
      <Telev>2921</Telev>
      <PART>0.5</PART>
      <DELAY>1</DELAY>
    </SubCatchmentParameters>
    <SubCatchmentVegetationZone>
      <SubCatchmentVegetationZoneParameters>
        <TT>-2.0439933001209361</TT>
        <CFMAX>4.0495079580281192</CFMAX>
        <SP>0</SP>
        <SFCF>1.2549282225188374</SFCF>
        <CFR>0.050333104066545654</CFR>
        <CWH>0.1265134378833232</CWH>
        <CFGlacier>1</CFGlacier>
        <CFSlope>1</CFSlope>
        <FC>2339.9681254104335</FC>
        <LP>0.83732123399505354</LP>
        <BETA>1.5587055044467724</BETA>
      </SubCatchmentVegetationZoneParameters>
    </SubCatchmentVegetationZone>
  </SubCatchment>
</Catchment>