<?xml version="1.0" encoding="utf-8"?>
<Catchment xmlns:xsi="http://www.w3.org/2001/XMLSchema-instance" xmlns:xsd="http://www.w3.org/2001/XMLSchema">
  <CatchmentParameters>
    <KSI>0.001</KSI>
    <KGmin>0.05</KGmin>
    <RangeKG>0.1</RangeKG>
    <AG>0.1</AG>
    <PERC>1.8186992922495433</PERC>
    <Alpha>0</Alpha>
    <UZL>121.53657295941518</UZL>
    <K0>0.536574211608993</K0>
    <K1>0.12649628481590719</K1>
    <K2>0.010000007952626943</K2>
    <MAXBAS>1</MAXBAS>
    <Cet>0</Cet>
    <PCALT>10</PCALT>
    <TCALT>0.6</TCALT>
    <Pelev>3349</Pelev>
    <Telev>2921</Telev>
    <PART>0.5</PART>
    <DELAY>1</DELAY>
  </CatchmentParameters>
  <VegetationZone>
    <VegetationZoneParameters>
      <TT>-1.9115459149490977</TT>
      <CFMAX>2.4607579381963181</CFMAX>
      <SP>0</SP>
      <SFCF>1.1424930157843851</SFCF>
      <CFR>6.2445623780767069E-08</CFR>
      <CWH>0.10000005925036383</CWH>
      <CFGlacier>1</CFGlacier>
      <CFSlope>1</CFSlope>
      <FC>1746.8968874012683</FC>
      <LP>0.8086089427910661</LP>
      <BETA>1.1451238702036042</BETA>
    </VegetationZoneParameters>
  </VegetationZone>
  <SubCatchment>
    <SubCatchmentParameters>
      <KSI>0.001</KSI>
      <KGmin>0.05</KGmin>
      <RangeKG>0.1</RangeKG>
      <AG>0.1</AG>
      <PERC>1.8186992922495433</PERC>
      <Alpha>0</Alpha>
      <UZL>121.53657295941518</UZL>
      <K0>0.536574211608993</K0>
      <K1>0.12649628481590719</K1>
      <K2>0.010000007952626943</K2>
      <MAXBAS>1</MAXBAS>
      <Cet>0</Cet>
      <PCALT>10</PCALT>
      <TCALT>0.6</TCALT>
      <Pelev>3349</Pelev>
      <Telev>2921</Telev>
      <PART>0.5</PART>
      <DELAY>1</DELAY>
    </SubCatchmentParameters>
    <SubCatchmentVegetationZone>
      <SubCatchmentVegetationZoneParameters>
        <TT>-1.9115459149490977</TT>
        <CFMAX>2.4607579381963181</CFMAX>
        <SP>0</SP>
        <SFCF>1.1424930157843851</SFCF>
        <CFR>6.2445623780767069E-08</CFR>
        <CWH>0.10000005925036383</CWH>
        <CFGlacier>1</CFGlacier>
        <CFSlope>1</CFSlope>
        <FC>1746.8968874012683</FC>
        <LP>0.8086089427910661</LP>
        <BETA>1.1451238702036042</BETA>
      </SubCatchmentVegetationZoneParameters>
    </SubCatchmentVegetationZone>
  </SubCatchment>
</Catchment>