<?xml version="1.0" encoding="utf-8"?>
<Catchment xmlns:xsi="http://www.w3.org/2001/XMLSchema-instance" xmlns:xsd="http://www.w3.org/2001/XMLSchema">
  <CatchmentParameters>
    <KSI>0.001</KSI>
    <KGmin>0.05</KGmin>
    <RangeKG>0.1</RangeKG>
    <AG>0.1</AG>
    <PERC>9.99998776781986</PERC>
    <Alpha>0</Alpha>
    <UZL>75.155496267860286</UZL>
    <K0>0.42241124494399684</K0>
    <K1>0.16918090877119638</K1>
    <K2>0.041466804990287841</K2>
    <MAXBAS>1.0000037681165586</MAXBAS>
    <Cet>0</Cet>
    <PCALT>10</PCALT>
    <TCALT>0.6</TCALT>
    <Pelev>3349</Pelev>
    <Telev>2921</Telev>
    <PART>0.5</PART>
    <DELAY>1</DELAY>
  </CatchmentParameters>
  <VegetationZone>
    <VegetationZoneParameters>
      <TT>-1.0100661107427502</TT>
      <CFMAX>4.1128263834858867</CFMAX>
      <SP>0</SP>
      <SFCF>0.92289018991566052</SFCF>
      <CFR>0.085298196329937362</CFR>
      <CWH>0.19999869737700324</CWH>
      <CFGlacier>1</CFGlacier>
      <CFSlope>1</CFSlope>
      <FC>464.96642842490712</FC>
      <LP>0.99999770386815068</LP>
      <BETA>1.0277289308592041</BETA>
    </VegetationZoneParameters>
  </VegetationZone>
  <SubCatchment>
    <SubCatchmentParameters>
      <KSI>0.001</KSI>
      <KGmin>0.05</KGmin>
      <RangeKG>0.1</RangeKG>
      <AG>0.1</AG>
      <PERC>9.99998776781986</PERC>
      <Alpha>0</Alpha>
      <UZL>75.155496267860286</UZL>
      <K0>0.42241124494399684</K0>
      <K1>0.16918090877119638</K1>
      <K2>0.041466804990287841</K2>
      <MAXBAS>1.0000037681165586</MAXBAS>
      <Cet>0</Cet>
      <PCALT>10</PCALT>
      <TCALT>0.6</TCALT>
      <Pelev>3349</Pelev>
      <Telev>2921</Telev>
      <PART>0.5</PART>
      <DELAY>1</DELAY>
    </SubCatchmentParameters>
    <SubCatchmentVegetationZone>
      <SubCatchmentVegetationZoneParameters>
        <TT>-1.0100661107427502</TT>
        <CFMAX>4.1128263834858867</CFMAX>
        <SP>0</SP>
        <SFCF>0.92289018991566052</SFCF>
        <CFR>0.085298196329937362</CFR>
        <CWH>0.19999869737700324</CWH>
        <CFGlacier>1</CFGlacier>
        <CFSlope>1</CFSlope>
        <FC>464.96642842490712</FC>
        <LP>0.99999770386815068</LP>
        <BETA>1.0277289308592041</BETA>
      </SubCatchmentVegetationZoneParameters>
    </SubCatchmentVegetationZone>
  </SubCatchment>
</Catchment>