<?xml version="1.0" encoding="utf-8"?>
<Catchment xmlns:xsi="http://www.w3.org/2001/XMLSchema-instance" xmlns:xsd="http://www.w3.org/2001/XMLSchema">
  <CatchmentParameters>
    <KSI>0.001</KSI>
    <KGmin>0.05</KGmin>
    <RangeKG>0.1</RangeKG>
    <AG>0.1</AG>
    <PERC>1.3717492769665458</PERC>
    <Alpha>0</Alpha>
    <UZL>78.042489523582589</UZL>
    <K0>0.35115098033709813</K0>
    <K1>0.06071085030295105</K1>
    <K2>0.010000006101064341</K2>
    <MAXBAS>1</MAXBAS>
    <Cet>0</Cet>
    <PCALT>10</PCALT>
    <TCALT>0.6</TCALT>
    <Pelev>3349</Pelev>
    <Telev>2921</Telev>
    <PART>0.5</PART>
    <DELAY>1</DELAY>
  </CatchmentParameters>
  <VegetationZone>
    <VegetationZoneParameters>
      <TT>-1.9104836251516675</TT>
      <CFMAX>2.7634648794803276</CFMAX>
      <SP>0</SP>
      <SFCF>1.1796729829777508</SFCF>
      <CFR>5.217379488811502E-12</CFR>
      <CWH>0.1000001442767495</CWH>
      <CFGlacier>1</CFGlacier>
      <CFSlope>1</CFSlope>
      <FC>1811.3256176368827</FC>
      <LP>0.85596793552807426</LP>
      <BETA>1.4335566131514732</BETA>
    </VegetationZoneParameters>
  </VegetationZone>
  <SubCatchment>
    <SubCatchmentParameters>
      <KSI>0.001</KSI>
      <KGmin>0.05</KGmin>
      <RangeKG>0.1</RangeKG>
      <AG>0.1</AG>
      <PERC>1.3717492769665458</PERC>
      <Alpha>0</Alpha>
      <UZL>78.042489523582589</UZL>
      <K0>0.35115098033709813</K0>
      <K1>0.06071085030295105</K1>
      <K2>0.010000006101064341</K2>
      <MAXBAS>1</MAXBAS>
      <Cet>0</Cet>
      <PCALT>10</PCALT>
      <TCALT>0.6</TCALT>
      <Pelev>3349</Pelev>
      <Telev>2921</Telev>
      <PART>0.5</PART>
      <DELAY>1</DELAY>
    </SubCatchmentParameters>
    <SubCatchmentVegetationZone>
      <SubCatchmentVegetationZoneParameters>
        <TT>-1.9104836251516675</TT>
        <CFMAX>2.7634648794803276</CFMAX>
        <SP>0</SP>
        <SFCF>1.1796729829777508</SFCF>
        <CFR>5.217379488811502E-12</CFR>
        <CWH>0.1000001442767495</CWH>
        <CFGlacier>1</CFGlacier>
        <CFSlope>1</CFSlope>
        <FC>1811.3256176368827</FC>
        <LP>0.85596793552807426</LP>
        <BETA>1.4335566131514732</BETA>
      </SubCatchmentVegetationZoneParameters>
    </SubCatchmentVegetationZone>
  </SubCatchment>
</Catchment>