<?xml version="1.0" encoding="utf-8"?>
<Catchment xmlns:xsi="http://www.w3.org/2001/XMLSchema-instance" xmlns:xsd="http://www.w3.org/2001/XMLSchema">
  <CatchmentParameters>
    <KSI>0.001</KSI>
    <KGmin>0.05</KGmin>
    <RangeKG>0.1</RangeKG>
    <AG>0.1</AG>
    <PERC>9.9998770548252409</PERC>
    <Alpha>0</Alpha>
    <UZL>134.4550176476001</UZL>
    <K0>0.57166509009021826</K0>
    <K1>0.14259439501501847</K1>
    <K2>0.037601720342099437</K2>
    <MAXBAS>1.0000352510401538</MAXBAS>
    <Cet>0</Cet>
    <PCALT>10</PCALT>
    <TCALT>0.6</TCALT>
    <Pelev>3349</Pelev>
    <Telev>2921</Telev>
    <PART>0.5</PART>
    <DELAY>1</DELAY>
  </CatchmentParameters>
  <VegetationZone>
    <VegetationZoneParameters>
      <TT>-0.1980642064059237</TT>
      <CFMAX>3.7120386302293422</CFMAX>
      <SP>0</SP>
      <SFCF>0.72995832781402081</SFCF>
      <CFR>0.00015836535003905625</CFR>
      <CWH>0.19999725405977994</CWH>
      <CFGlacier>1</CFGlacier>
      <CFSlope>1</CFSlope>
      <FC>114.54775680389042</FC>
      <LP>0.99999026323316753</LP>
      <BETA>1.0000057838211109</BETA>
    </VegetationZoneParameters>
  </VegetationZone>
  <SubCatchment>
    <SubCatchmentParameters>
      <KSI>0.001</KSI>
      <KGmin>0.05</KGmin>
      <RangeKG>0.1</RangeKG>
      <AG>0.1</AG>
      <PERC>9.9998770548252409</PERC>
      <Alpha>0</Alpha>
      <UZL>134.4550176476001</UZL>
      <K0>0.57166509009021826</K0>
      <K1>0.14259439501501847</K1>
      <K2>0.037601720342099437</K2>
      <MAXBAS>1.0000352510401538</MAXBAS>
      <Cet>0</Cet>
      <PCALT>10</PCALT>
      <TCALT>0.6</TCALT>
      <Pelev>3349</Pelev>
      <Telev>2921</Telev>
      <PART>0.5</PART>
      <DELAY>1</DELAY>
    </SubCatchmentParameters>
    <SubCatchmentVegetationZone>
      <SubCatchmentVegetationZoneParameters>
        <TT>-0.1980642064059237</TT>
        <CFMAX>3.7120386302293422</CFMAX>
        <SP>0</SP>
        <SFCF>0.72995832781402081</SFCF>
        <CFR>0.00015836535003905625</CFR>
        <CWH>0.19999725405977994</CWH>
        <CFGlacier>1</CFGlacier>
        <CFSlope>1</CFSlope>
        <FC>114.54775680389042</FC>
        <LP>0.99999026323316753</LP>
        <BETA>1.0000057838211109</BETA>
      </SubCatchmentVegetationZoneParameters>
    </SubCatchmentVegetationZone>
  </SubCatchment>
</Catchment>