<?xml version="1.0" encoding="utf-8"?>
<Catchment xmlns:xsi="http://www.w3.org/2001/XMLSchema-instance" xmlns:xsd="http://www.w3.org/2001/XMLSchema">
  <CatchmentParameters>
    <KSI>0.001</KSI>
    <KGmin>0.05</KGmin>
    <RangeKG>0.1</RangeKG>
    <AG>0.1</AG>
    <PERC>7.0558261934464941</PERC>
    <Alpha>0</Alpha>
    <UZL>117.19822529818798</UZL>
    <K0>0.30034047437922212</K0>
    <K1>0.28809241747387615</K1>
    <K2>0.057129735854402904</K2>
    <MAXBAS>1.0049153848304184</MAXBAS>
    <Cet>0</Cet>
    <PCALT>10</PCALT>
    <TCALT>0.6</TCALT>
    <Pelev>3349</Pelev>
    <Telev>2921</Telev>
    <PART>0.5</PART>
    <DELAY>1</DELAY>
  </CatchmentParameters>
  <VegetationZone>
    <VegetationZoneParameters>
      <TT>-0.84917350802440417</TT>
      <CFMAX>2.3601350832964663</CFMAX>
      <SP>0</SP>
      <SFCF>0.78037743736908627</SFCF>
      <CFR>0.019331686155989763</CFR>
      <CWH>0.10000008302317225</CWH>
      <CFGlacier>1</CFGlacier>
      <CFSlope>1</CFSlope>
      <FC>189.60467578987979</FC>
      <LP>0.901927466546667</LP>
      <BETA>1.0000000004678644</BETA>
    </VegetationZoneParameters>
  </VegetationZone>
  <SubCatchment>
    <SubCatchmentParameters>
      <KSI>0.001</KSI>
      <KGmin>0.05</KGmin>
      <RangeKG>0.1</RangeKG>
      <AG>0.1</AG>
      <PERC>7.0558261934464941</PERC>
      <Alpha>0</Alpha>
      <UZL>117.19822529818798</UZL>
      <K0>0.30034047437922212</K0>
      <K1>0.28809241747387615</K1>
      <K2>0.057129735854402904</K2>
      <MAXBAS>1.0049153848304184</MAXBAS>
      <Cet>0</Cet>
      <PCALT>10</PCALT>
      <TCALT>0.6</TCALT>
      <Pelev>3349</Pelev>
      <Telev>2921</Telev>
      <PART>0.5</PART>
      <DELAY>1</DELAY>
    </SubCatchmentParameters>
    <SubCatchmentVegetationZone>
      <SubCatchmentVegetationZoneParameters>
        <TT>-0.84917350802440417</TT>
        <CFMAX>2.3601350832964663</CFMAX>
        <SP>0</SP>
        <SFCF>0.78037743736908627</SFCF>
        <CFR>0.019331686155989763</CFR>
        <CWH>0.10000008302317225</CWH>
        <CFGlacier>1</CFGlacier>
        <CFSlope>1</CFSlope>
        <FC>189.60467578987979</FC>
        <LP>0.901927466546667</LP>
        <BETA>1.0000000004678644</BETA>
      </SubCatchmentVegetationZoneParameters>
    </SubCatchmentVegetationZone>
  </SubCatchment>
</Catchment>