<?xml version="1.0" encoding="utf-8"?>
<Catchment xmlns:xsi="http://www.w3.org/2001/XMLSchema-instance" xmlns:xsd="http://www.w3.org/2001/XMLSchema">
  <CatchmentParameters>
    <KSI>0.001</KSI>
    <KGmin>0.05</KGmin>
    <RangeKG>0.1</RangeKG>
    <AG>0.1</AG>
    <PERC>1.6993585836885086</PERC>
    <Alpha>0</Alpha>
    <UZL>44.9019515356661</UZL>
    <K0>0.17501725188156542</K0>
    <K1>0.088881930037894269</K1>
    <K2>0.010000004370431262</K2>
    <MAXBAS>1</MAXBAS>
    <Cet>0</Cet>
    <PCALT>10</PCALT>
    <TCALT>0.6</TCALT>
    <Pelev>3349</Pelev>
    <Telev>2921</Telev>
    <PART>0.5</PART>
    <DELAY>1</DELAY>
  </CatchmentParameters>
  <VegetationZone>
    <VegetationZoneParameters>
      <TT>-1.543998524298311</TT>
      <CFMAX>2.7626390070150371</CFMAX>
      <SP>0</SP>
      <SFCF>1.1482480729654678</SFCF>
      <CFR>1.9761941267153346E-10</CFR>
      <CWH>0.10000003330908808</CWH>
      <CFGlacier>1</CFGlacier>
      <CFSlope>1</CFSlope>
      <FC>1849.8374548526774</FC>
      <LP>0.92234721307300116</LP>
      <BETA>1.6668508749906854</BETA>
    </VegetationZoneParameters>
  </VegetationZone>
  <SubCatchment>
    <SubCatchmentParameters>
      <KSI>0.001</KSI>
      <KGmin>0.05</KGmin>
      <RangeKG>0.1</RangeKG>
      <AG>0.1</AG>
      <PERC>1.6993585836885086</PERC>
      <Alpha>0</Alpha>
      <UZL>44.9019515356661</UZL>
      <K0>0.17501725188156542</K0>
      <K1>0.088881930037894269</K1>
      <K2>0.010000004370431262</K2>
      <MAXBAS>1</MAXBAS>
      <Cet>0</Cet>
      <PCALT>10</PCALT>
      <TCALT>0.6</TCALT>
      <Pelev>3349</Pelev>
      <Telev>2921</Telev>
      <PART>0.5</PART>
      <DELAY>1</DELAY>
    </SubCatchmentParameters>
    <SubCatchmentVegetationZone>
      <SubCatchmentVegetationZoneParameters>
        <TT>-1.543998524298311</TT>
        <CFMAX>2.7626390070150371</CFMAX>
        <SP>0</SP>
        <SFCF>1.1482480729654678</SFCF>
        <CFR>1.9761941267153346E-10</CFR>
        <CWH>0.10000003330908808</CWH>
        <CFGlacier>1</CFGlacier>
        <CFSlope>1</CFSlope>
        <FC>1849.8374548526774</FC>
        <LP>0.92234721307300116</LP>
        <BETA>1.6668508749906854</BETA>
      </SubCatchmentVegetationZoneParameters>
    </SubCatchmentVegetationZone>
  </SubCatchment>
</Catchment>