<?xml version="1.0" encoding="utf-8"?>
<Catchment xmlns:xsi="http://www.w3.org/2001/XMLSchema-instance" xmlns:xsd="http://www.w3.org/2001/XMLSchema">
  <CatchmentParameters>
    <KSI>0.001</KSI>
    <KGmin>0.05</KGmin>
    <RangeKG>0.1</RangeKG>
    <AG>0.1</AG>
    <PERC>6.7885972140043416</PERC>
    <Alpha>0</Alpha>
    <UZL>158.72397634286813</UZL>
    <K0>0.50427482158720327</K0>
    <K1>0.29108360821190604</K1>
    <K2>0.043689580819816415</K2>
    <MAXBAS>1.0049653532894907</MAXBAS>
    <Cet>0</Cet>
    <PCALT>10</PCALT>
    <TCALT>0.6</TCALT>
    <Pelev>3349</Pelev>
    <Telev>2921</Telev>
    <PART>0.5</PART>
    <DELAY>1</DELAY>
  </CatchmentParameters>
  <VegetationZone>
    <VegetationZoneParameters>
      <TT>-1.9440037199478868</TT>
      <CFMAX>2.0008821037056594</CFMAX>
      <SP>0</SP>
      <SFCF>0.84954552720697452</SFCF>
      <CFR>0.024273020985024405</CFR>
      <CWH>0.10164470981432672</CWH>
      <CFGlacier>1</CFGlacier>
      <CFSlope>1</CFSlope>
      <FC>213.15058892668063</FC>
      <LP>0.74606795770581535</LP>
      <BETA>1.9348538480650022</BETA>
    </VegetationZoneParameters>
  </VegetationZone>
  <SubCatchment>
    <SubCatchmentParameters>
      <KSI>0.001</KSI>
      <KGmin>0.05</KGmin>
      <RangeKG>0.1</RangeKG>
      <AG>0.1</AG>
      <PERC>6.7885972140043416</PERC>
      <Alpha>0</Alpha>
      <UZL>158.72397634286813</UZL>
      <K0>0.50427482158720327</K0>
      <K1>0.29108360821190604</K1>
      <K2>0.043689580819816415</K2>
      <MAXBAS>1.0049653532894907</MAXBAS>
      <Cet>0</Cet>
      <PCALT>10</PCALT>
      <TCALT>0.6</TCALT>
      <Pelev>3349</Pelev>
      <Telev>2921</Telev>
      <PART>0.5</PART>
      <DELAY>1</DELAY>
    </SubCatchmentParameters>
    <SubCatchmentVegetationZone>
      <SubCatchmentVegetationZoneParameters>
        <TT>-1.9440037199478868</TT>
        <CFMAX>2.0008821037056594</CFMAX>
        <SP>0</SP>
        <SFCF>0.84954552720697452</SFCF>
        <CFR>0.024273020985024405</CFR>
        <CWH>0.10164470981432672</CWH>
        <CFGlacier>1</CFGlacier>
        <CFSlope>1</CFSlope>
        <FC>213.15058892668063</FC>
        <LP>0.74606795770581535</LP>
        <BETA>1.9348538480650022</BETA>
      </SubCatchmentVegetationZoneParameters>
    </SubCatchmentVegetationZone>
  </SubCatchment>
</Catchment>