<?xml version="1.0" encoding="utf-8"?>
<Catchment xmlns:xsi="http://www.w3.org/2001/XMLSchema-instance" xmlns:xsd="http://www.w3.org/2001/XMLSchema">
  <CatchmentParameters>
    <KSI>0.001</KSI>
    <KGmin>0.05</KGmin>
    <RangeKG>0.1</RangeKG>
    <AG>0.1</AG>
    <PERC>6.9855400905844123</PERC>
    <Alpha>0</Alpha>
    <UZL>86.3982509101184</UZL>
    <K0>0.50323335813222725</K0>
    <K1>0.28113929043346425</K1>
    <K2>0.060289261502367117</K2>
    <MAXBAS>1.005039768111216</MAXBAS>
    <Cet>0</Cet>
    <PCALT>10</PCALT>
    <TCALT>0.6</TCALT>
    <Pelev>3349</Pelev>
    <Telev>2921</Telev>
    <PART>0.5</PART>
    <DELAY>1</DELAY>
  </CatchmentParameters>
  <VegetationZone>
    <VegetationZoneParameters>
      <TT>-1.2359500045580678</TT>
      <CFMAX>2.8516050070700234</CFMAX>
      <SP>0</SP>
      <SFCF>1.0188935292624577</SFCF>
      <CFR>0.024051616548947247</CFR>
      <CWH>0.10518409159844681</CWH>
      <CFGlacier>1</CFGlacier>
      <CFSlope>1</CFSlope>
      <FC>999.99205734727673</FC>
      <LP>0.88897209397008825</LP>
      <BETA>1.0508353732340345</BETA>
    </VegetationZoneParameters>
  </VegetationZone>
  <SubCatchment>
    <SubCatchmentParameters>
      <KSI>0.001</KSI>
      <KGmin>0.05</KGmin>
      <RangeKG>0.1</RangeKG>
      <AG>0.1</AG>
      <PERC>6.9855400905844123</PERC>
      <Alpha>0</Alpha>
      <UZL>86.3982509101184</UZL>
      <K0>0.50323335813222725</K0>
      <K1>0.28113929043346425</K1>
      <K2>0.060289261502367117</K2>
      <MAXBAS>1.005039768111216</MAXBAS>
      <Cet>0</Cet>
      <PCALT>10</PCALT>
      <TCALT>0.6</TCALT>
      <Pelev>3349</Pelev>
      <Telev>2921</Telev>
      <PART>0.5</PART>
      <DELAY>1</DELAY>
    </SubCatchmentParameters>
    <SubCatchmentVegetationZone>
      <SubCatchmentVegetationZoneParameters>
        <TT>-1.2359500045580678</TT>
        <CFMAX>2.8516050070700234</CFMAX>
        <SP>0</SP>
        <SFCF>1.0188935292624577</SFCF>
        <CFR>0.024051616548947247</CFR>
        <CWH>0.10518409159844681</CWH>
        <CFGlacier>1</CFGlacier>
        <CFSlope>1</CFSlope>
        <FC>999.99205734727673</FC>
        <LP>0.88897209397008825</LP>
        <BETA>1.0508353732340345</BETA>
      </SubCatchmentVegetationZoneParameters>
    </SubCatchmentVegetationZone>
  </SubCatchment>
</Catchment>