<?xml version="1.0" encoding="utf-8"?>
<Catchment xmlns:xsi="http://www.w3.org/2001/XMLSchema-instance" xmlns:xsd="http://www.w3.org/2001/XMLSchema">
  <CatchmentParameters>
    <KSI>0.001</KSI>
    <KGmin>0.05</KGmin>
    <RangeKG>0.1</RangeKG>
    <AG>0.1</AG>
    <PERC>3.2950270599015585</PERC>
    <Alpha>0</Alpha>
    <UZL>35.162068318197406</UZL>
    <K0>0.4009372808714548</K0>
    <K1>0.10048990173739648</K1>
    <K2>0.046927817924011135</K2>
    <MAXBAS>1.0703270548423112</MAXBAS>
    <Cet>0</Cet>
    <PCALT>10</PCALT>
    <TCALT>0.6</TCALT>
    <Pelev>3349</Pelev>
    <Telev>2921</Telev>
    <PART>0.5</PART>
    <DELAY>1</DELAY>
  </CatchmentParameters>
  <VegetationZone>
    <VegetationZoneParameters>
      <TT>-1.2440175593994827</TT>
      <CFMAX>2.5290129585125305</CFMAX>
      <SP>0</SP>
      <SFCF>0.924148236254635</SFCF>
      <CFR>0.024618793672147483</CFR>
      <CWH>0.10000028578503745</CWH>
      <CFGlacier>1</CFGlacier>
      <CFSlope>1</CFSlope>
      <FC>744.4378239989926</FC>
      <LP>0.99999905120979526</LP>
      <BETA>1.0000000722732787</BETA>
    </VegetationZoneParameters>
  </VegetationZone>
  <SubCatchment>
    <SubCatchmentParameters>
      <KSI>0.001</KSI>
      <KGmin>0.05</KGmin>
      <RangeKG>0.1</RangeKG>
      <AG>0.1</AG>
      <PERC>3.2950270599015585</PERC>
      <Alpha>0</Alpha>
      <UZL>35.162068318197406</UZL>
      <K0>0.4009372808714548</K0>
      <K1>0.10048990173739648</K1>
      <K2>0.046927817924011135</K2>
      <MAXBAS>1.0703270548423112</MAXBAS>
      <Cet>0</Cet>
      <PCALT>10</PCALT>
      <TCALT>0.6</TCALT>
      <Pelev>3349</Pelev>
      <Telev>2921</Telev>
      <PART>0.5</PART>
      <DELAY>1</DELAY>
    </SubCatchmentParameters>
    <SubCatchmentVegetationZone>
      <SubCatchmentVegetationZoneParameters>
        <TT>-1.2440175593994827</TT>
        <CFMAX>2.5290129585125305</CFMAX>
        <SP>0</SP>
        <SFCF>0.924148236254635</SFCF>
        <CFR>0.024618793672147483</CFR>
        <CWH>0.10000028578503745</CWH>
        <CFGlacier>1</CFGlacier>
        <CFSlope>1</CFSlope>
        <FC>744.4378239989926</FC>
        <LP>0.99999905120979526</LP>
        <BETA>1.0000000722732787</BETA>
      </SubCatchmentVegetationZoneParameters>
    </SubCatchmentVegetationZone>
  </SubCatchment>
</Catchment>