<?xml version="1.0" encoding="utf-8"?>
<Catchment xmlns:xsi="http://www.w3.org/2001/XMLSchema-instance" xmlns:xsd="http://www.w3.org/2001/XMLSchema">
  <CatchmentParameters>
    <KSI>0.001</KSI>
    <KGmin>0.05</KGmin>
    <RangeKG>0.1</RangeKG>
    <AG>0.1</AG>
    <PERC>3.5206347613916451</PERC>
    <Alpha>0</Alpha>
    <UZL>143.47774666090044</UZL>
    <K0>0.97599229320876846</K0>
    <K1>0.24704187777200509</K1>
    <K2>0.02382770136052878</K2>
    <MAXBAS>1</MAXBAS>
    <Cet>0.0529098907689416</Cet>
    <PCALT>10</PCALT>
    <TCALT>0.6</TCALT>
    <Pelev>482</Pelev>
    <Telev>482</Telev>
    <PART>0.5</PART>
    <DELAY>1</DELAY>
  </CatchmentParameters>
  <VegetationZone>
    <VegetationZoneParameters>
      <TT>-2.152743908518103</TT>
      <CFMAX>1.7007598846758028</CFMAX>
      <SP>0</SP>
      <SFCF>0.7630776380275911</SFCF>
      <CFR>0.065343773893723811</CFR>
      <CWH>0.10000209990310929</CWH>
      <CFGlacier>1</CFGlacier>
      <CFSlope>1</CFSlope>
      <FC>99.412700730691412</FC>
      <LP>0.78648274513609406</LP>
      <BETA>1.3136940343491974</BETA>
    </VegetationZoneParameters>
  </VegetationZone>
  <SubCatchment>
    <SubCatchmentParameters>
      <KSI>0.001</KSI>
      <KGmin>0.05</KGmin>
      <RangeKG>0.1</RangeKG>
      <AG>0.1</AG>
      <PERC>3.5206347613916451</PERC>
      <Alpha>0</Alpha>
      <UZL>143.47774666090044</UZL>
      <K0>0.97599229320876846</K0>
      <K1>0.24704187777200509</K1>
      <K2>0.02382770136052878</K2>
      <MAXBAS>1</MAXBAS>
      <Cet>0.0529098907689416</Cet>
      <PCALT>10</PCALT>
      <TCALT>0.6</TCALT>
      <Pelev>482</Pelev>
      <Telev>482</Telev>
      <PART>0.5</PART>
      <DELAY>1</DELAY>
    </SubCatchmentParameters>
    <SubCatchmentVegetationZone>
      <SubCatchmentVegetationZoneParameters>
        <TT>-2.152743908518103</TT>
        <CFMAX>1.7007598846758028</CFMAX>
        <SP>0</SP>
        <SFCF>0.7630776380275911</SFCF>
        <CFR>0.065343773893723811</CFR>
        <CWH>0.10000209990310929</CWH>
        <CFGlacier>1</CFGlacier>
        <CFSlope>1</CFSlope>
        <FC>99.412700730691412</FC>
        <LP>0.78648274513609406</LP>
        <BETA>1.3136940343491974</BETA>
      </SubCatchmentVegetationZoneParameters>
    </SubCatchmentVegetationZone>
  </SubCatchment>
</Catchment>