<?xml version="1.0" encoding="utf-8"?>
<Catchment xmlns:xsi="http://www.w3.org/2001/XMLSchema-instance" xmlns:xsd="http://www.w3.org/2001/XMLSchema">
  <CatchmentParameters>
    <KSI>0.001</KSI>
    <KGmin>0.05</KGmin>
    <RangeKG>0.1</RangeKG>
    <AG>0.1</AG>
    <PERC>3.4472321075880603</PERC>
    <Alpha>0</Alpha>
    <UZL>137.35811534950864</UZL>
    <K0>0.9572900805562663</K0>
    <K1>0.24781083819694585</K1>
    <K2>0.023751491188849432</K2>
    <MAXBAS>1</MAXBAS>
    <Cet>0.1240602811549032</Cet>
    <PCALT>10</PCALT>
    <TCALT>0.6</TCALT>
    <Pelev>482</Pelev>
    <Telev>482</Telev>
    <PART>0.5</PART>
    <DELAY>1</DELAY>
  </CatchmentParameters>
  <VegetationZone>
    <VegetationZoneParameters>
      <TT>-2.1727697726343655</TT>
      <CFMAX>1.765011958887823</CFMAX>
      <SP>0</SP>
      <SFCF>0.69948262909279524</SFCF>
      <CFR>0.034841258066694629</CFR>
      <CWH>0.10000132163734773</CWH>
      <CFGlacier>1</CFGlacier>
      <CFSlope>1</CFSlope>
      <FC>122.0568299439888</FC>
      <LP>0.88726330753208482</LP>
      <BETA>1.2834626862941527</BETA>
    </VegetationZoneParameters>
  </VegetationZone>
  <SubCatchment>
    <SubCatchmentParameters>
      <KSI>0.001</KSI>
      <KGmin>0.05</KGmin>
      <RangeKG>0.1</RangeKG>
      <AG>0.1</AG>
      <PERC>3.4472321075880603</PERC>
      <Alpha>0</Alpha>
      <UZL>137.35811534950864</UZL>
      <K0>0.9572900805562663</K0>
      <K1>0.24781083819694585</K1>
      <K2>0.023751491188849432</K2>
      <MAXBAS>1</MAXBAS>
      <Cet>0.1240602811549032</Cet>
      <PCALT>10</PCALT>
      <TCALT>0.6</TCALT>
      <Pelev>482</Pelev>
      <Telev>482</Telev>
      <PART>0.5</PART>
      <DELAY>1</DELAY>
    </SubCatchmentParameters>
    <SubCatchmentVegetationZone>
      <SubCatchmentVegetationZoneParameters>
        <TT>-2.1727697726343655</TT>
        <CFMAX>1.765011958887823</CFMAX>
        <SP>0</SP>
        <SFCF>0.69948262909279524</SFCF>
        <CFR>0.034841258066694629</CFR>
        <CWH>0.10000132163734773</CWH>
        <CFGlacier>1</CFGlacier>
        <CFSlope>1</CFSlope>
        <FC>122.0568299439888</FC>
        <LP>0.88726330753208482</LP>
        <BETA>1.2834626862941527</BETA>
      </SubCatchmentVegetationZoneParameters>
    </SubCatchmentVegetationZone>
  </SubCatchment>
</Catchment>