<?xml version="1.0" encoding="utf-8"?>
<Catchment xmlns:xsi="http://www.w3.org/2001/XMLSchema-instance" xmlns:xsd="http://www.w3.org/2001/XMLSchema">
  <CatchmentParameters>
    <KSI>0.001</KSI>
    <KGmin>0.05</KGmin>
    <RangeKG>0.1</RangeKG>
    <AG>0.1</AG>
    <PERC>4.147436133463354</PERC>
    <Alpha>0</Alpha>
    <UZL>140.1766609905894</UZL>
    <K0>0.98253529706132015</K0>
    <K1>0.24129755720592078</K1>
    <K2>0.025043401291164939</K2>
    <MAXBAS>1</MAXBAS>
    <Cet>0.090080475129317883</Cet>
    <PCALT>10</PCALT>
    <TCALT>0.6</TCALT>
    <Pelev>482</Pelev>
    <Telev>482</Telev>
    <PART>0.5</PART>
    <DELAY>1</DELAY>
  </CatchmentParameters>
  <VegetationZone>
    <VegetationZoneParameters>
      <TT>-2.421796549960785</TT>
      <CFMAX>1.3846724241341226</CFMAX>
      <SP>0</SP>
      <SFCF>0.83156984412970214</SFCF>
      <CFR>0.053638457537874523</CFR>
      <CWH>0.10000105931836759</CWH>
      <CFGlacier>1</CFGlacier>
      <CFSlope>1</CFSlope>
      <FC>72.302644467883141</FC>
      <LP>0.77484858979383</LP>
      <BETA>1.5013424092198473</BETA>
    </VegetationZoneParameters>
  </VegetationZone>
  <SubCatchment>
    <SubCatchmentParameters>
      <KSI>0.001</KSI>
      <KGmin>0.05</KGmin>
      <RangeKG>0.1</RangeKG>
      <AG>0.1</AG>
      <PERC>4.147436133463354</PERC>
      <Alpha>0</Alpha>
      <UZL>140.1766609905894</UZL>
      <K0>0.98253529706132015</K0>
      <K1>0.24129755720592078</K1>
      <K2>0.025043401291164939</K2>
      <MAXBAS>1</MAXBAS>
      <Cet>0.090080475129317883</Cet>
      <PCALT>10</PCALT>
      <TCALT>0.6</TCALT>
      <Pelev>482</Pelev>
      <Telev>482</Telev>
      <PART>0.5</PART>
      <DELAY>1</DELAY>
    </SubCatchmentParameters>
    <SubCatchmentVegetationZone>
      <SubCatchmentVegetationZoneParameters>
        <TT>-2.421796549960785</TT>
        <CFMAX>1.3846724241341226</CFMAX>
        <SP>0</SP>
        <SFCF>0.83156984412970214</SFCF>
        <CFR>0.053638457537874523</CFR>
        <CWH>0.10000105931836759</CWH>
        <CFGlacier>1</CFGlacier>
        <CFSlope>1</CFSlope>
        <FC>72.302644467883141</FC>
        <LP>0.77484858979383</LP>
        <BETA>1.5013424092198473</BETA>
      </SubCatchmentVegetationZoneParameters>
    </SubCatchmentVegetationZone>
  </SubCatchment>
</Catchment>