<?xml version="1.0" encoding="utf-8"?>
<Catchment xmlns:xsi="http://www.w3.org/2001/XMLSchema-instance" xmlns:xsd="http://www.w3.org/2001/XMLSchema">
  <CatchmentParameters>
    <KSI>0.001</KSI>
    <KGmin>0.05</KGmin>
    <RangeKG>0.1</RangeKG>
    <AG>0.1</AG>
    <PERC>3.4931307296240943</PERC>
    <Alpha>0</Alpha>
    <UZL>28.426566062984278</UZL>
    <K0>0.10363457082819741</K0>
    <K1>0.21360367283902618</K1>
    <K2>0.024598103341074172</K2>
    <MAXBAS>1</MAXBAS>
    <Cet>0.28923833014449363</Cet>
    <PCALT>10</PCALT>
    <TCALT>0.6</TCALT>
    <Pelev>482</Pelev>
    <Telev>482</Telev>
    <PART>0.5</PART>
    <DELAY>1</DELAY>
  </CatchmentParameters>
  <VegetationZone>
    <VegetationZoneParameters>
      <TT>-2.20411360205382</TT>
      <CFMAX>2.0201825638827979</CFMAX>
      <SP>0</SP>
      <SFCF>0.85834312969771942</SFCF>
      <CFR>0.0662474147444615</CFR>
      <CWH>0.10000119772650494</CWH>
      <CFGlacier>1</CFGlacier>
      <CFSlope>1</CFSlope>
      <FC>139.70833368471858</FC>
      <LP>0.84379416090884241</LP>
      <BETA>1.3748500355841331</BETA>
    </VegetationZoneParameters>
  </VegetationZone>
  <SubCatchment>
    <SubCatchmentParameters>
      <KSI>0.001</KSI>
      <KGmin>0.05</KGmin>
      <RangeKG>0.1</RangeKG>
      <AG>0.1</AG>
      <PERC>3.4931307296240943</PERC>
      <Alpha>0</Alpha>
      <UZL>28.426566062984278</UZL>
      <K0>0.10363457082819741</K0>
      <K1>0.21360367283902618</K1>
      <K2>0.024598103341074172</K2>
      <MAXBAS>1</MAXBAS>
      <Cet>0.28923833014449363</Cet>
      <PCALT>10</PCALT>
      <TCALT>0.6</TCALT>
      <Pelev>482</Pelev>
      <Telev>482</Telev>
      <PART>0.5</PART>
      <DELAY>1</DELAY>
    </SubCatchmentParameters>
    <SubCatchmentVegetationZone>
      <SubCatchmentVegetationZoneParameters>
        <TT>-2.20411360205382</TT>
        <CFMAX>2.0201825638827979</CFMAX>
        <SP>0</SP>
        <SFCF>0.85834312969771942</SFCF>
        <CFR>0.0662474147444615</CFR>
        <CWH>0.10000119772650494</CWH>
        <CFGlacier>1</CFGlacier>
        <CFSlope>1</CFSlope>
        <FC>139.70833368471858</FC>
        <LP>0.84379416090884241</LP>
        <BETA>1.3748500355841331</BETA>
      </SubCatchmentVegetationZoneParameters>
    </SubCatchmentVegetationZone>
  </SubCatchment>
</Catchment>