<?xml version="1.0" encoding="utf-8"?>
<Catchment xmlns:xsi="http://www.w3.org/2001/XMLSchema-instance" xmlns:xsd="http://www.w3.org/2001/XMLSchema">
  <CatchmentParameters>
    <KSI>0.001</KSI>
    <KGmin>0.05</KGmin>
    <RangeKG>0.1</RangeKG>
    <AG>0.1</AG>
    <PERC>2.9937608530673114</PERC>
    <Alpha>0</Alpha>
    <UZL>193.80379706778717</UZL>
    <K0>0.43787159133814452</K0>
    <K1>0.25586045612812858</K1>
    <K2>0.023051805010592074</K2>
    <MAXBAS>1</MAXBAS>
    <Cet>0.28459683951457326</Cet>
    <PCALT>10</PCALT>
    <TCALT>0.6</TCALT>
    <Pelev>482</Pelev>
    <Telev>482</Telev>
    <PART>0.5</PART>
    <DELAY>1</DELAY>
  </CatchmentParameters>
  <VegetationZone>
    <VegetationZoneParameters>
      <TT>-2.1821625802099174</TT>
      <CFMAX>1.5858488542227121</CFMAX>
      <SP>0</SP>
      <SFCF>0.81412179547524732</SFCF>
      <CFR>0.052199239426508032</CFR>
      <CWH>0.10000091820109176</CWH>
      <CFGlacier>1</CFGlacier>
      <CFSlope>1</CFSlope>
      <FC>172.19641492019341</FC>
      <LP>0.95016865945047158</LP>
      <BETA>1.4469512082158211</BETA>
    </VegetationZoneParameters>
  </VegetationZone>
  <SubCatchment>
    <SubCatchmentParameters>
      <KSI>0.001</KSI>
      <KGmin>0.05</KGmin>
      <RangeKG>0.1</RangeKG>
      <AG>0.1</AG>
      <PERC>2.9937608530673114</PERC>
      <Alpha>0</Alpha>
      <UZL>193.80379706778717</UZL>
      <K0>0.43787159133814452</K0>
      <K1>0.25586045612812858</K1>
      <K2>0.023051805010592074</K2>
      <MAXBAS>1</MAXBAS>
      <Cet>0.28459683951457326</Cet>
      <PCALT>10</PCALT>
      <TCALT>0.6</TCALT>
      <Pelev>482</Pelev>
      <Telev>482</Telev>
      <PART>0.5</PART>
      <DELAY>1</DELAY>
    </SubCatchmentParameters>
    <SubCatchmentVegetationZone>
      <SubCatchmentVegetationZoneParameters>
        <TT>-2.1821625802099174</TT>
        <CFMAX>1.5858488542227121</CFMAX>
        <SP>0</SP>
        <SFCF>0.81412179547524732</SFCF>
        <CFR>0.052199239426508032</CFR>
        <CWH>0.10000091820109176</CWH>
        <CFGlacier>1</CFGlacier>
        <CFSlope>1</CFSlope>
        <FC>172.19641492019341</FC>
        <LP>0.95016865945047158</LP>
        <BETA>1.4469512082158211</BETA>
      </SubCatchmentVegetationZoneParameters>
    </SubCatchmentVegetationZone>
  </SubCatchment>
</Catchment>