<?xml version="1.0" encoding="utf-8"?>
<Catchment xmlns:xsi="http://www.w3.org/2001/XMLSchema-instance" xmlns:xsd="http://www.w3.org/2001/XMLSchema">
  <CatchmentParameters>
    <KSI>0.001</KSI>
    <KGmin>0.05</KGmin>
    <RangeKG>0.1</RangeKG>
    <AG>0.1</AG>
    <PERC>2.9840995156011183</PERC>
    <Alpha>0</Alpha>
    <UZL>135.23134045956479</UZL>
    <K0>0.058018382687389063</K0>
    <K1>0.25963080381369907</K1>
    <K2>0.023199537847418038</K2>
    <MAXBAS>1</MAXBAS>
    <Cet>0.29867354875339031</Cet>
    <PCALT>10</PCALT>
    <TCALT>0.6</TCALT>
    <Pelev>482</Pelev>
    <Telev>482</Telev>
    <PART>0.5</PART>
    <DELAY>1</DELAY>
  </CatchmentParameters>
  <VegetationZone>
    <VegetationZoneParameters>
      <TT>-2.4566156813135507</TT>
      <CFMAX>1.6623233085935893</CFMAX>
      <SP>0</SP>
      <SFCF>0.99392303701349349</SFCF>
      <CFR>0.099995046167933338</CFR>
      <CWH>0.10000207465039598</CWH>
      <CFGlacier>1</CFGlacier>
      <CFSlope>1</CFSlope>
      <FC>238.97048632242468</FC>
      <LP>0.95120804301168649</LP>
      <BETA>1.1663027902032803</BETA>
    </VegetationZoneParameters>
  </VegetationZone>
  <SubCatchment>
    <SubCatchmentParameters>
      <KSI>0.001</KSI>
      <KGmin>0.05</KGmin>
      <RangeKG>0.1</RangeKG>
      <AG>0.1</AG>
      <PERC>2.9840995156011183</PERC>
      <Alpha>0</Alpha>
      <UZL>135.23134045956479</UZL>
      <K0>0.058018382687389063</K0>
      <K1>0.25963080381369907</K1>
      <K2>0.023199537847418038</K2>
      <MAXBAS>1</MAXBAS>
      <Cet>0.29867354875339031</Cet>
      <PCALT>10</PCALT>
      <TCALT>0.6</TCALT>
      <Pelev>482</Pelev>
      <Telev>482</Telev>
      <PART>0.5</PART>
      <DELAY>1</DELAY>
    </SubCatchmentParameters>
    <SubCatchmentVegetationZone>
      <SubCatchmentVegetationZoneParameters>
        <TT>-2.4566156813135507</TT>
        <CFMAX>1.6623233085935893</CFMAX>
        <SP>0</SP>
        <SFCF>0.99392303701349349</SFCF>
        <CFR>0.099995046167933338</CFR>
        <CWH>0.10000207465039598</CWH>
        <CFGlacier>1</CFGlacier>
        <CFSlope>1</CFSlope>
        <FC>238.97048632242468</FC>
        <LP>0.95120804301168649</LP>
        <BETA>1.1663027902032803</BETA>
      </SubCatchmentVegetationZoneParameters>
    </SubCatchmentVegetationZone>
  </SubCatchment>
</Catchment>