<?xml version="1.0" encoding="utf-8"?>
<Catchment xmlns:xsi="http://www.w3.org/2001/XMLSchema-instance" xmlns:xsd="http://www.w3.org/2001/XMLSchema">
  <CatchmentParameters>
    <KSI>0.001</KSI>
    <KGmin>0.05</KGmin>
    <RangeKG>0.1</RangeKG>
    <AG>0.1</AG>
    <PERC>4.8763150163845292</PERC>
    <Alpha>0</Alpha>
    <UZL>147.88394560397978</UZL>
    <K0>0.91894044176198153</K0>
    <K1>0.25575999365655933</K1>
    <K2>0.026395831853025326</K2>
    <MAXBAS>1</MAXBAS>
    <Cet>0.29997050802811037</Cet>
    <PCALT>10</PCALT>
    <TCALT>0.6</TCALT>
    <Pelev>482</Pelev>
    <Telev>482</Telev>
    <PART>0.5</PART>
    <DELAY>1</DELAY>
  </CatchmentParameters>
  <VegetationZone>
    <VegetationZoneParameters>
      <TT>-2.1460159427578338</TT>
      <CFMAX>3.4290648173636971</CFMAX>
      <SP>0</SP>
      <SFCF>0.65012044458585261</SFCF>
      <CFR>0.099093240545989517</CFR>
      <CWH>0.11361141909246265</CWH>
      <CFGlacier>1</CFGlacier>
      <CFSlope>1</CFSlope>
      <FC>106.99995763219089</FC>
      <LP>0.87589473106579308</LP>
      <BETA>1.2541952761956055</BETA>
    </VegetationZoneParameters>
  </VegetationZone>
  <SubCatchment>
    <SubCatchmentParameters>
      <KSI>0.001</KSI>
      <KGmin>0.05</KGmin>
      <RangeKG>0.1</RangeKG>
      <AG>0.1</AG>
      <PERC>4.8763150163845292</PERC>
      <Alpha>0</Alpha>
      <UZL>147.88394560397978</UZL>
      <K0>0.91894044176198153</K0>
      <K1>0.25575999365655933</K1>
      <K2>0.026395831853025326</K2>
      <MAXBAS>1</MAXBAS>
      <Cet>0.29997050802811037</Cet>
      <PCALT>10</PCALT>
      <TCALT>0.6</TCALT>
      <Pelev>482</Pelev>
      <Telev>482</Telev>
      <PART>0.5</PART>
      <DELAY>1</DELAY>
    </SubCatchmentParameters>
    <SubCatchmentVegetationZone>
      <SubCatchmentVegetationZoneParameters>
        <TT>-2.1460159427578338</TT>
        <CFMAX>3.4290648173636971</CFMAX>
        <SP>0</SP>
        <SFCF>0.65012044458585261</SFCF>
        <CFR>0.099093240545989517</CFR>
        <CWH>0.11361141909246265</CWH>
        <CFGlacier>1</CFGlacier>
        <CFSlope>1</CFSlope>
        <FC>106.99995763219089</FC>
        <LP>0.87589473106579308</LP>
        <BETA>1.2541952761956055</BETA>
      </SubCatchmentVegetationZoneParameters>
    </SubCatchmentVegetationZone>
  </SubCatchment>
</Catchment>