<?xml version="1.0" encoding="utf-8"?>
<Catchment xmlns:xsi="http://www.w3.org/2001/XMLSchema-instance" xmlns:xsd="http://www.w3.org/2001/XMLSchema">
  <CatchmentParameters>
    <KSI>0.001</KSI>
    <KGmin>0.05</KGmin>
    <RangeKG>0.1</RangeKG>
    <AG>0.1</AG>
    <PERC>2.5933789253408031</PERC>
    <Alpha>0</Alpha>
    <UZL>132.98956621863</UZL>
    <K0>0.093446537183623113</K0>
    <K1>0.253323535960333</K1>
    <K2>0.023250188030796828</K2>
    <MAXBAS>1</MAXBAS>
    <Cet>0.29999942694534432</Cet>
    <PCALT>10</PCALT>
    <TCALT>0.6</TCALT>
    <Pelev>482</Pelev>
    <Telev>482</Telev>
    <PART>0.5</PART>
    <DELAY>1</DELAY>
  </CatchmentParameters>
  <VegetationZone>
    <VegetationZoneParameters>
      <TT>-2.1953892555555261</TT>
      <CFMAX>1.0482622399899801</CFMAX>
      <SP>0</SP>
      <SFCF>0.66345809479867424</SFCF>
      <CFR>0.033159910565687373</CFR>
      <CWH>0.10000023080122328</CWH>
      <CFGlacier>1</CFGlacier>
      <CFSlope>1</CFSlope>
      <FC>260.44483781644271</FC>
      <LP>0.88018019480267973</LP>
      <BETA>1.1456609801276925</BETA>
    </VegetationZoneParameters>
  </VegetationZone>
  <SubCatchment>
    <SubCatchmentParameters>
      <KSI>0.001</KSI>
      <KGmin>0.05</KGmin>
      <RangeKG>0.1</RangeKG>
      <AG>0.1</AG>
      <PERC>2.5933789253408031</PERC>
      <Alpha>0</Alpha>
      <UZL>132.98956621863</UZL>
      <K0>0.093446537183623113</K0>
      <K1>0.253323535960333</K1>
      <K2>0.023250188030796828</K2>
      <MAXBAS>1</MAXBAS>
      <Cet>0.29999942694534432</Cet>
      <PCALT>10</PCALT>
      <TCALT>0.6</TCALT>
      <Pelev>482</Pelev>
      <Telev>482</Telev>
      <PART>0.5</PART>
      <DELAY>1</DELAY>
    </SubCatchmentParameters>
    <SubCatchmentVegetationZone>
      <SubCatchmentVegetationZoneParameters>
        <TT>-2.1953892555555261</TT>
        <CFMAX>1.0482622399899801</CFMAX>
        <SP>0</SP>
        <SFCF>0.66345809479867424</SFCF>
        <CFR>0.033159910565687373</CFR>
        <CWH>0.10000023080122328</CWH>
        <CFGlacier>1</CFGlacier>
        <CFSlope>1</CFSlope>
        <FC>260.44483781644271</FC>
        <LP>0.88018019480267973</LP>
        <BETA>1.1456609801276925</BETA>
      </SubCatchmentVegetationZoneParameters>
    </SubCatchmentVegetationZone>
  </SubCatchment>
</Catchment>