<?xml version="1.0" encoding="utf-8"?>
<Catchment xmlns:xsi="http://www.w3.org/2001/XMLSchema-instance" xmlns:xsd="http://www.w3.org/2001/XMLSchema">
  <CatchmentParameters>
    <KSI>0.001</KSI>
    <KGmin>0.05</KGmin>
    <RangeKG>0.1</RangeKG>
    <AG>0.1</AG>
    <PERC>2.8497633644121292</PERC>
    <Alpha>0</Alpha>
    <UZL>132.03339473632846</UZL>
    <K0>0.953432837510472</K0>
    <K1>0.25745765029768941</K1>
    <K2>0.02372228866285931</K2>
    <MAXBAS>1</MAXBAS>
    <Cet>0.29381701797908649</Cet>
    <PCALT>10</PCALT>
    <TCALT>0.6</TCALT>
    <Pelev>482</Pelev>
    <Telev>482</Telev>
    <PART>0.5</PART>
    <DELAY>1</DELAY>
  </CatchmentParameters>
  <VegetationZone>
    <VegetationZoneParameters>
      <TT>-2.3522349380255374</TT>
      <CFMAX>1.532134603211754</CFMAX>
      <SP>0</SP>
      <SFCF>0.88718382478762647</SFCF>
      <CFR>0.086338243203900752</CFR>
      <CWH>0.1000000024196422</CWH>
      <CFGlacier>1</CFGlacier>
      <CFSlope>1</CFSlope>
      <FC>273.19890410683433</FC>
      <LP>0.88153620250318</LP>
      <BETA>1.0426441471695</BETA>
    </VegetationZoneParameters>
  </VegetationZone>
  <SubCatchment>
    <SubCatchmentParameters>
      <KSI>0.001</KSI>
      <KGmin>0.05</KGmin>
      <RangeKG>0.1</RangeKG>
      <AG>0.1</AG>
      <PERC>2.8497633644121292</PERC>
      <Alpha>0</Alpha>
      <UZL>132.03339473632846</UZL>
      <K0>0.953432837510472</K0>
      <K1>0.25745765029768941</K1>
      <K2>0.02372228866285931</K2>
      <MAXBAS>1</MAXBAS>
      <Cet>0.29381701797908649</Cet>
      <PCALT>10</PCALT>
      <TCALT>0.6</TCALT>
      <Pelev>482</Pelev>
      <Telev>482</Telev>
      <PART>0.5</PART>
      <DELAY>1</DELAY>
    </SubCatchmentParameters>
    <SubCatchmentVegetationZone>
      <SubCatchmentVegetationZoneParameters>
        <TT>-2.3522349380255374</TT>
        <CFMAX>1.532134603211754</CFMAX>
        <SP>0</SP>
        <SFCF>0.88718382478762647</SFCF>
        <CFR>0.086338243203900752</CFR>
        <CWH>0.1000000024196422</CWH>
        <CFGlacier>1</CFGlacier>
        <CFSlope>1</CFSlope>
        <FC>273.19890410683433</FC>
        <LP>0.88153620250318</LP>
        <BETA>1.0426441471695</BETA>
      </SubCatchmentVegetationZoneParameters>
    </SubCatchmentVegetationZone>
  </SubCatchment>
</Catchment>