<?xml version="1.0" encoding="utf-8"?>
<Catchment xmlns:xsi="http://www.w3.org/2001/XMLSchema-instance" xmlns:xsd="http://www.w3.org/2001/XMLSchema">
  <CatchmentParameters>
    <KSI>0.001</KSI>
    <KGmin>0.05</KGmin>
    <RangeKG>0.1</RangeKG>
    <AG>0.1</AG>
    <PERC>3.5261184495002591</PERC>
    <Alpha>0</Alpha>
    <UZL>155.88923462464757</UZL>
    <K0>0.94190797140232774</K0>
    <K1>0.25965714593092687</K1>
    <K2>0.024535135011285382</K2>
    <MAXBAS>1</MAXBAS>
    <Cet>0.050051216669449887</Cet>
    <PCALT>10</PCALT>
    <TCALT>0.6</TCALT>
    <Pelev>482</Pelev>
    <Telev>482</Telev>
    <PART>0.5</PART>
    <DELAY>1</DELAY>
  </CatchmentParameters>
  <VegetationZone>
    <VegetationZoneParameters>
      <TT>-2.2365776300855833</TT>
      <CFMAX>2.9308756187574176</CFMAX>
      <SP>0</SP>
      <SFCF>1.1241404225335063</SFCF>
      <CFR>0.09343290296626941</CFR>
      <CWH>0.10000132804854604</CWH>
      <CFGlacier>1</CFGlacier>
      <CFSlope>1</CFSlope>
      <FC>115.98989348707769</FC>
      <LP>0.59679559539394678</LP>
      <BETA>1.038415001894976</BETA>
    </VegetationZoneParameters>
  </VegetationZone>
  <SubCatchment>
    <SubCatchmentParameters>
      <KSI>0.001</KSI>
      <KGmin>0.05</KGmin>
      <RangeKG>0.1</RangeKG>
      <AG>0.1</AG>
      <PERC>3.5261184495002591</PERC>
      <Alpha>0</Alpha>
      <UZL>155.88923462464757</UZL>
      <K0>0.94190797140232774</K0>
      <K1>0.25965714593092687</K1>
      <K2>0.024535135011285382</K2>
      <MAXBAS>1</MAXBAS>
      <Cet>0.050051216669449887</Cet>
      <PCALT>10</PCALT>
      <TCALT>0.6</TCALT>
      <Pelev>482</Pelev>
      <Telev>482</Telev>
      <PART>0.5</PART>
      <DELAY>1</DELAY>
    </SubCatchmentParameters>
    <SubCatchmentVegetationZone>
      <SubCatchmentVegetationZoneParameters>
        <TT>-2.2365776300855833</TT>
        <CFMAX>2.9308756187574176</CFMAX>
        <SP>0</SP>
        <SFCF>1.1241404225335063</SFCF>
        <CFR>0.09343290296626941</CFR>
        <CWH>0.10000132804854604</CWH>
        <CFGlacier>1</CFGlacier>
        <CFSlope>1</CFSlope>
        <FC>115.98989348707769</FC>
        <LP>0.59679559539394678</LP>
        <BETA>1.038415001894976</BETA>
      </SubCatchmentVegetationZoneParameters>
    </SubCatchmentVegetationZone>
  </SubCatchment>
</Catchment>