<?xml version="1.0" encoding="utf-8"?>
<Catchment xmlns:xsi="http://www.w3.org/2001/XMLSchema-instance" xmlns:xsd="http://www.w3.org/2001/XMLSchema">
  <CatchmentParameters>
    <KSI>0.001</KSI>
    <KGmin>0.05</KGmin>
    <RangeKG>0.1</RangeKG>
    <AG>0.1</AG>
    <PERC>3.0176216550575061</PERC>
    <Alpha>0</Alpha>
    <UZL>135.1931234577371</UZL>
    <K0>0.95125946983261545</K0>
    <K1>0.25258103210000005</K1>
    <K2>0.023789466919029584</K2>
    <MAXBAS>1</MAXBAS>
    <Cet>0.19186620413519839</Cet>
    <PCALT>10</PCALT>
    <TCALT>0.6</TCALT>
    <Pelev>482</Pelev>
    <Telev>482</Telev>
    <PART>0.5</PART>
    <DELAY>1</DELAY>
  </CatchmentParameters>
  <VegetationZone>
    <VegetationZoneParameters>
      <TT>-2.41387136924305</TT>
      <CFMAX>1.4838248960383671</CFMAX>
      <SP>0</SP>
      <SFCF>0.88769591254051317</SFCF>
      <CFR>0.050942001045891847</CFR>
      <CWH>0.10000008009876185</CWH>
      <CFGlacier>1</CFGlacier>
      <CFSlope>1</CFSlope>
      <FC>178.6534172886054</FC>
      <LP>0.86572167859959792</LP>
      <BETA>1.1764403553768739</BETA>
    </VegetationZoneParameters>
  </VegetationZone>
  <SubCatchment>
    <SubCatchmentParameters>
      <KSI>0.001</KSI>
      <KGmin>0.05</KGmin>
      <RangeKG>0.1</RangeKG>
      <AG>0.1</AG>
      <PERC>3.0176216550575061</PERC>
      <Alpha>0</Alpha>
      <UZL>135.1931234577371</UZL>
      <K0>0.95125946983261545</K0>
      <K1>0.25258103210000005</K1>
      <K2>0.023789466919029584</K2>
      <MAXBAS>1</MAXBAS>
      <Cet>0.19186620413519839</Cet>
      <PCALT>10</PCALT>
      <TCALT>0.6</TCALT>
      <Pelev>482</Pelev>
      <Telev>482</Telev>
      <PART>0.5</PART>
      <DELAY>1</DELAY>
    </SubCatchmentParameters>
    <SubCatchmentVegetationZone>
      <SubCatchmentVegetationZoneParameters>
        <TT>-2.41387136924305</TT>
        <CFMAX>1.4838248960383671</CFMAX>
        <SP>0</SP>
        <SFCF>0.88769591254051317</SFCF>
        <CFR>0.050942001045891847</CFR>
        <CWH>0.10000008009876185</CWH>
        <CFGlacier>1</CFGlacier>
        <CFSlope>1</CFSlope>
        <FC>178.6534172886054</FC>
        <LP>0.86572167859959792</LP>
        <BETA>1.1764403553768739</BETA>
      </SubCatchmentVegetationZoneParameters>
    </SubCatchmentVegetationZone>
  </SubCatchment>
</Catchment>