<?xml version="1.0" encoding="utf-8"?>
<Catchment xmlns:xsi="http://www.w3.org/2001/XMLSchema-instance" xmlns:xsd="http://www.w3.org/2001/XMLSchema">
  <CatchmentParameters>
    <KSI>0.001</KSI>
    <KGmin>0.05</KGmin>
    <RangeKG>0.1</RangeKG>
    <AG>0.1</AG>
    <PERC>4.1671042403192144</PERC>
    <Alpha>0</Alpha>
    <UZL>154.69562040609625</UZL>
    <K0>0.96956314359582241</K0>
    <K1>0.24249861362911548</K1>
    <K2>0.024375765585469857</K2>
    <MAXBAS>1</MAXBAS>
    <Cet>0.086462392138427</Cet>
    <PCALT>10</PCALT>
    <TCALT>0.6</TCALT>
    <Pelev>482</Pelev>
    <Telev>482</Telev>
    <PART>0.5</PART>
    <DELAY>1</DELAY>
  </CatchmentParameters>
  <VegetationZone>
    <VegetationZoneParameters>
      <TT>-2.2379020713349416</TT>
      <CFMAX>1.8510328049646379</CFMAX>
      <SP>0</SP>
      <SFCF>0.72990571582813557</SFCF>
      <CFR>0.0690250587190457</CFR>
      <CWH>0.10000001910345659</CWH>
      <CFGlacier>1</CFGlacier>
      <CFSlope>1</CFSlope>
      <FC>77.743380683148985</FC>
      <LP>0.862606313091031</LP>
      <BETA>1.4952255660218869</BETA>
    </VegetationZoneParameters>
  </VegetationZone>
  <SubCatchment>
    <SubCatchmentParameters>
      <KSI>0.001</KSI>
      <KGmin>0.05</KGmin>
      <RangeKG>0.1</RangeKG>
      <AG>0.1</AG>
      <PERC>4.1671042403192144</PERC>
      <Alpha>0</Alpha>
      <UZL>154.69562040609625</UZL>
      <K0>0.96956314359582241</K0>
      <K1>0.24249861362911548</K1>
      <K2>0.024375765585469857</K2>
      <MAXBAS>1</MAXBAS>
      <Cet>0.086462392138427</Cet>
      <PCALT>10</PCALT>
      <TCALT>0.6</TCALT>
      <Pelev>482</Pelev>
      <Telev>482</Telev>
      <PART>0.5</PART>
      <DELAY>1</DELAY>
    </SubCatchmentParameters>
    <SubCatchmentVegetationZone>
      <SubCatchmentVegetationZoneParameters>
        <TT>-2.2379020713349416</TT>
        <CFMAX>1.8510328049646379</CFMAX>
        <SP>0</SP>
        <SFCF>0.72990571582813557</SFCF>
        <CFR>0.0690250587190457</CFR>
        <CWH>0.10000001910345659</CWH>
        <CFGlacier>1</CFGlacier>
        <CFSlope>1</CFSlope>
        <FC>77.743380683148985</FC>
        <LP>0.862606313091031</LP>
        <BETA>1.4952255660218869</BETA>
      </SubCatchmentVegetationZoneParameters>
    </SubCatchmentVegetationZone>
  </SubCatchment>
</Catchment>