<?xml version="1.0" encoding="utf-8"?>
<Catchment xmlns:xsi="http://www.w3.org/2001/XMLSchema-instance" xmlns:xsd="http://www.w3.org/2001/XMLSchema">
  <CatchmentParameters>
    <KSI>0.001</KSI>
    <KGmin>0.05</KGmin>
    <RangeKG>0.1</RangeKG>
    <AG>0.1</AG>
    <PERC>3.3320620432658621</PERC>
    <Alpha>0</Alpha>
    <UZL>167.96951658586531</UZL>
    <K0>0.44615214499237188</K0>
    <K1>0.26124475078976978</K1>
    <K2>0.023991297390091988</K2>
    <MAXBAS>1</MAXBAS>
    <Cet>0.18660303437208733</Cet>
    <PCALT>10</PCALT>
    <TCALT>0.6</TCALT>
    <Pelev>482</Pelev>
    <Telev>482</Telev>
    <PART>0.5</PART>
    <DELAY>1</DELAY>
  </CatchmentParameters>
  <VegetationZone>
    <VegetationZoneParameters>
      <TT>-2.2373391627531092</TT>
      <CFMAX>2.6596306953396169</CFMAX>
      <SP>0</SP>
      <SFCF>0.94601516656808238</SFCF>
      <CFR>0.040219053835121484</CFR>
      <CWH>0.10000045180499489</CWH>
      <CFGlacier>1</CFGlacier>
      <CFSlope>1</CFSlope>
      <FC>179.59194486555785</FC>
      <LP>0.88213954368185687</LP>
      <BETA>1.1372620059484278</BETA>
    </VegetationZoneParameters>
  </VegetationZone>
  <SubCatchment>
    <SubCatchmentParameters>
      <KSI>0.001</KSI>
      <KGmin>0.05</KGmin>
      <RangeKG>0.1</RangeKG>
      <AG>0.1</AG>
      <PERC>3.3320620432658621</PERC>
      <Alpha>0</Alpha>
      <UZL>167.96951658586531</UZL>
      <K0>0.44615214499237188</K0>
      <K1>0.26124475078976978</K1>
      <K2>0.023991297390091988</K2>
      <MAXBAS>1</MAXBAS>
      <Cet>0.18660303437208733</Cet>
      <PCALT>10</PCALT>
      <TCALT>0.6</TCALT>
      <Pelev>482</Pelev>
      <Telev>482</Telev>
      <PART>0.5</PART>
      <DELAY>1</DELAY>
    </SubCatchmentParameters>
    <SubCatchmentVegetationZone>
      <SubCatchmentVegetationZoneParameters>
        <TT>-2.2373391627531092</TT>
        <CFMAX>2.6596306953396169</CFMAX>
        <SP>0</SP>
        <SFCF>0.94601516656808238</SFCF>
        <CFR>0.040219053835121484</CFR>
        <CWH>0.10000045180499489</CWH>
        <CFGlacier>1</CFGlacier>
        <CFSlope>1</CFSlope>
        <FC>179.59194486555785</FC>
        <LP>0.88213954368185687</LP>
        <BETA>1.1372620059484278</BETA>
      </SubCatchmentVegetationZoneParameters>
    </SubCatchmentVegetationZone>
  </SubCatchment>
</Catchment>