<?xml version="1.0" encoding="utf-8"?>
<Catchment xmlns:xsi="http://www.w3.org/2001/XMLSchema-instance" xmlns:xsd="http://www.w3.org/2001/XMLSchema">
  <CatchmentParameters>
    <KSI>0.001</KSI>
    <KGmin>0.05</KGmin>
    <RangeKG>0.1</RangeKG>
    <AG>0.1</AG>
    <PERC>1.5302969568914882</PERC>
    <Alpha>0</Alpha>
    <UZL>199.73024185962129</UZL>
    <K0>0.10482511256462866</K0>
    <K1>0.25166385205556407</K1>
    <K2>0.021006774162055212</K2>
    <MAXBAS>1</MAXBAS>
    <Cet>0.29969506408081314</Cet>
    <PCALT>10</PCALT>
    <TCALT>0.6</TCALT>
    <Pelev>482</Pelev>
    <Telev>482</Telev>
    <PART>0.5</PART>
    <DELAY>1</DELAY>
  </CatchmentParameters>
  <VegetationZone>
    <VegetationZoneParameters>
      <TT>-2.4138693461027994</TT>
      <CFMAX>0.95208414529310315</CFMAX>
      <SP>0</SP>
      <SFCF>1.0669283454538658</SFCF>
      <CFR>0.0999468505867836</CFR>
      <CWH>0.10000079289332788</CWH>
      <CFGlacier>1</CFGlacier>
      <CFSlope>1</CFSlope>
      <FC>429.78233185350905</FC>
      <LP>0.91627189299168821</LP>
      <BETA>1.117016179882796</BETA>
    </VegetationZoneParameters>
  </VegetationZone>
  <SubCatchment>
    <SubCatchmentParameters>
      <KSI>0.001</KSI>
      <KGmin>0.05</KGmin>
      <RangeKG>0.1</RangeKG>
      <AG>0.1</AG>
      <PERC>1.5302969568914882</PERC>
      <Alpha>0</Alpha>
      <UZL>199.73024185962129</UZL>
      <K0>0.10482511256462866</K0>
      <K1>0.25166385205556407</K1>
      <K2>0.021006774162055212</K2>
      <MAXBAS>1</MAXBAS>
      <Cet>0.29969506408081314</Cet>
      <PCALT>10</PCALT>
      <TCALT>0.6</TCALT>
      <Pelev>482</Pelev>
      <Telev>482</Telev>
      <PART>0.5</PART>
      <DELAY>1</DELAY>
    </SubCatchmentParameters>
    <SubCatchmentVegetationZone>
      <SubCatchmentVegetationZoneParameters>
        <TT>-2.4138693461027994</TT>
        <CFMAX>0.95208414529310315</CFMAX>
        <SP>0</SP>
        <SFCF>1.0669283454538658</SFCF>
        <CFR>0.0999468505867836</CFR>
        <CWH>0.10000079289332788</CWH>
        <CFGlacier>1</CFGlacier>
        <CFSlope>1</CFSlope>
        <FC>429.78233185350905</FC>
        <LP>0.91627189299168821</LP>
        <BETA>1.117016179882796</BETA>
      </SubCatchmentVegetationZoneParameters>
    </SubCatchmentVegetationZone>
  </SubCatchment>
</Catchment>