<?xml version="1.0" encoding="utf-8"?>
<Catchment xmlns:xsi="http://www.w3.org/2001/XMLSchema-instance" xmlns:xsd="http://www.w3.org/2001/XMLSchema">
  <CatchmentParameters>
    <KSI>0.001</KSI>
    <KGmin>0.05</KGmin>
    <RangeKG>0.1</RangeKG>
    <AG>0.1</AG>
    <PERC>3.7301717234975849</PERC>
    <Alpha>0</Alpha>
    <UZL>121.27967496686244</UZL>
    <K0>0.050569913523075716</K0>
    <K1>0.26365505949609913</K1>
    <K2>0.025200998496828188</K2>
    <MAXBAS>1</MAXBAS>
    <Cet>0.28451736131538552</Cet>
    <PCALT>10</PCALT>
    <TCALT>0.6</TCALT>
    <Pelev>482</Pelev>
    <Telev>482</Telev>
    <PART>0.5</PART>
    <DELAY>1</DELAY>
  </CatchmentParameters>
  <VegetationZone>
    <VegetationZoneParameters>
      <TT>-2.1461330726761378</TT>
      <CFMAX>1.9523582008167031</CFMAX>
      <SP>0</SP>
      <SFCF>0.62674797491481138</SFCF>
      <CFR>0.05443273649066311</CFR>
      <CWH>0.10000000445269805</CWH>
      <CFGlacier>1</CFGlacier>
      <CFSlope>1</CFSlope>
      <FC>221.04809158575245</FC>
      <LP>0.96575819677875108</LP>
      <BETA>1.0531404494933812</BETA>
    </VegetationZoneParameters>
  </VegetationZone>
  <SubCatchment>
    <SubCatchmentParameters>
      <KSI>0.001</KSI>
      <KGmin>0.05</KGmin>
      <RangeKG>0.1</RangeKG>
      <AG>0.1</AG>
      <PERC>3.7301717234975849</PERC>
      <Alpha>0</Alpha>
      <UZL>121.27967496686244</UZL>
      <K0>0.050569913523075716</K0>
      <K1>0.26365505949609913</K1>
      <K2>0.025200998496828188</K2>
      <MAXBAS>1</MAXBAS>
      <Cet>0.28451736131538552</Cet>
      <PCALT>10</PCALT>
      <TCALT>0.6</TCALT>
      <Pelev>482</Pelev>
      <Telev>482</Telev>
      <PART>0.5</PART>
      <DELAY>1</DELAY>
    </SubCatchmentParameters>
    <SubCatchmentVegetationZone>
      <SubCatchmentVegetationZoneParameters>
        <TT>-2.1461330726761378</TT>
        <CFMAX>1.9523582008167031</CFMAX>
        <SP>0</SP>
        <SFCF>0.62674797491481138</SFCF>
        <CFR>0.05443273649066311</CFR>
        <CWH>0.10000000445269805</CWH>
        <CFGlacier>1</CFGlacier>
        <CFSlope>1</CFSlope>
        <FC>221.04809158575245</FC>
        <LP>0.96575819677875108</LP>
        <BETA>1.0531404494933812</BETA>
      </SubCatchmentVegetationZoneParameters>
    </SubCatchmentVegetationZone>
  </SubCatchment>
</Catchment>