<?xml version="1.0" encoding="utf-8"?>
<Catchment xmlns:xsi="http://www.w3.org/2001/XMLSchema-instance" xmlns:xsd="http://www.w3.org/2001/XMLSchema">
  <CatchmentParameters>
    <KSI>0.001</KSI>
    <KGmin>0.05</KGmin>
    <RangeKG>0.1</RangeKG>
    <AG>0.1</AG>
    <PERC>3.8284353227533847</PERC>
    <Alpha>0</Alpha>
    <UZL>142.38852630796839</UZL>
    <K0>0.9564580861210098</K0>
    <K1>0.24319318139486285</K1>
    <K2>0.024571753830457836</K2>
    <MAXBAS>1</MAXBAS>
    <Cet>0.054242887328117162</Cet>
    <PCALT>10</PCALT>
    <TCALT>0.6</TCALT>
    <Pelev>482</Pelev>
    <Telev>482</Telev>
    <PART>0.5</PART>
    <DELAY>1</DELAY>
  </CatchmentParameters>
  <VegetationZone>
    <VegetationZoneParameters>
      <TT>-2.17346137412567</TT>
      <CFMAX>1.8889401756620343</CFMAX>
      <SP>0</SP>
      <SFCF>0.64399864094840542</SFCF>
      <CFR>0.087666092854407143</CFR>
      <CWH>0.1000000253292322</CWH>
      <CFGlacier>1</CFGlacier>
      <CFSlope>1</CFSlope>
      <FC>93.138723354903249</FC>
      <LP>0.782209283068213</LP>
      <BETA>1.166571046517707</BETA>
    </VegetationZoneParameters>
  </VegetationZone>
  <SubCatchment>
    <SubCatchmentParameters>
      <KSI>0.001</KSI>
      <KGmin>0.05</KGmin>
      <RangeKG>0.1</RangeKG>
      <AG>0.1</AG>
      <PERC>3.8284353227533847</PERC>
      <Alpha>0</Alpha>
      <UZL>142.38852630796839</UZL>
      <K0>0.9564580861210098</K0>
      <K1>0.24319318139486285</K1>
      <K2>0.024571753830457836</K2>
      <MAXBAS>1</MAXBAS>
      <Cet>0.054242887328117162</Cet>
      <PCALT>10</PCALT>
      <TCALT>0.6</TCALT>
      <Pelev>482</Pelev>
      <Telev>482</Telev>
      <PART>0.5</PART>
      <DELAY>1</DELAY>
    </SubCatchmentParameters>
    <SubCatchmentVegetationZone>
      <SubCatchmentVegetationZoneParameters>
        <TT>-2.17346137412567</TT>
        <CFMAX>1.8889401756620343</CFMAX>
        <SP>0</SP>
        <SFCF>0.64399864094840542</SFCF>
        <CFR>0.087666092854407143</CFR>
        <CWH>0.1000000253292322</CWH>
        <CFGlacier>1</CFGlacier>
        <CFSlope>1</CFSlope>
        <FC>93.138723354903249</FC>
        <LP>0.782209283068213</LP>
        <BETA>1.166571046517707</BETA>
      </SubCatchmentVegetationZoneParameters>
    </SubCatchmentVegetationZone>
  </SubCatchment>
</Catchment>