<?xml version="1.0" encoding="utf-8"?>
<Catchment xmlns:xsi="http://www.w3.org/2001/XMLSchema-instance" xmlns:xsd="http://www.w3.org/2001/XMLSchema">
  <CatchmentParameters>
    <KSI>0.001</KSI>
    <KGmin>0.05</KGmin>
    <RangeKG>0.1</RangeKG>
    <AG>0.1</AG>
    <PERC>2.9014496336727911</PERC>
    <Alpha>0</Alpha>
    <UZL>124.72831846329866</UZL>
    <K0>0.96603940824895262</K0>
    <K1>0.25376719928501223</K1>
    <K2>0.0242832171079142</K2>
    <MAXBAS>1</MAXBAS>
    <Cet>0.2853720999388793</Cet>
    <PCALT>10</PCALT>
    <TCALT>0.6</TCALT>
    <Pelev>482</Pelev>
    <Telev>482</Telev>
    <PART>0.5</PART>
    <DELAY>1</DELAY>
  </CatchmentParameters>
  <VegetationZone>
    <VegetationZoneParameters>
      <TT>-2.3653820629330444</TT>
      <CFMAX>1.1817292365905077</CFMAX>
      <SP>0</SP>
      <SFCF>0.75781506885863914</SFCF>
      <CFR>0.099995574764477679</CFR>
      <CWH>0.10000059893149696</CWH>
      <CFGlacier>1</CFGlacier>
      <CFSlope>1</CFSlope>
      <FC>247.81902887150952</FC>
      <LP>0.8105924298577124</LP>
      <BETA>1.0258112948901321</BETA>
    </VegetationZoneParameters>
  </VegetationZone>
  <SubCatchment>
    <SubCatchmentParameters>
      <KSI>0.001</KSI>
      <KGmin>0.05</KGmin>
      <RangeKG>0.1</RangeKG>
      <AG>0.1</AG>
      <PERC>2.9014496336727911</PERC>
      <Alpha>0</Alpha>
      <UZL>124.72831846329866</UZL>
      <K0>0.96603940824895262</K0>
      <K1>0.25376719928501223</K1>
      <K2>0.0242832171079142</K2>
      <MAXBAS>1</MAXBAS>
      <Cet>0.2853720999388793</Cet>
      <PCALT>10</PCALT>
      <TCALT>0.6</TCALT>
      <Pelev>482</Pelev>
      <Telev>482</Telev>
      <PART>0.5</PART>
      <DELAY>1</DELAY>
    </SubCatchmentParameters>
    <SubCatchmentVegetationZone>
      <SubCatchmentVegetationZoneParameters>
        <TT>-2.3653820629330444</TT>
        <CFMAX>1.1817292365905077</CFMAX>
        <SP>0</SP>
        <SFCF>0.75781506885863914</SFCF>
        <CFR>0.099995574764477679</CFR>
        <CWH>0.10000059893149696</CWH>
        <CFGlacier>1</CFGlacier>
        <CFSlope>1</CFSlope>
        <FC>247.81902887150952</FC>
        <LP>0.8105924298577124</LP>
        <BETA>1.0258112948901321</BETA>
      </SubCatchmentVegetationZoneParameters>
    </SubCatchmentVegetationZone>
  </SubCatchment>
</Catchment>