<?xml version="1.0" encoding="utf-8"?>
<Catchment xmlns:xsi="http://www.w3.org/2001/XMLSchema-instance" xmlns:xsd="http://www.w3.org/2001/XMLSchema">
  <CatchmentParameters>
    <KSI>0.001</KSI>
    <KGmin>0.05</KGmin>
    <RangeKG>0.1</RangeKG>
    <AG>0.1</AG>
    <PERC>2.1559654770923711</PERC>
    <Alpha>0</Alpha>
    <UZL>30.591604735394981</UZL>
    <K0>0.17862480627377858</K0>
    <K1>0.11130161386113861</K1>
    <K2>0.023199060089617307</K2>
    <MAXBAS>1</MAXBAS>
    <Cet>0.10104882712995701</Cet>
    <PCALT>10</PCALT>
    <TCALT>0.6</TCALT>
    <Pelev>482</Pelev>
    <Telev>482</Telev>
    <PART>0.5</PART>
    <DELAY>1</DELAY>
  </CatchmentParameters>
  <VegetationZone>
    <VegetationZoneParameters>
      <TT>-2.147862226157748</TT>
      <CFMAX>2.1641865660446884</CFMAX>
      <SP>0</SP>
      <SFCF>0.79790840599092172</SFCF>
      <CFR>0.042423600887822092</CFR>
      <CWH>0.10000068365155569</CWH>
      <CFGlacier>1</CFGlacier>
      <CFSlope>1</CFSlope>
      <FC>58.705076632271762</FC>
      <LP>0.48955426178524075</LP>
      <BETA>1.1548646142204349</BETA>
    </VegetationZoneParameters>
  </VegetationZone>
  <SubCatchment>
    <SubCatchmentParameters>
      <KSI>0.001</KSI>
      <KGmin>0.05</KGmin>
      <RangeKG>0.1</RangeKG>
      <AG>0.1</AG>
      <PERC>2.1559654770923711</PERC>
      <Alpha>0</Alpha>
      <UZL>30.591604735394981</UZL>
      <K0>0.17862480627377858</K0>
      <K1>0.11130161386113861</K1>
      <K2>0.023199060089617307</K2>
      <MAXBAS>1</MAXBAS>
      <Cet>0.10104882712995701</Cet>
      <PCALT>10</PCALT>
      <TCALT>0.6</TCALT>
      <Pelev>482</Pelev>
      <Telev>482</Telev>
      <PART>0.5</PART>
      <DELAY>1</DELAY>
    </SubCatchmentParameters>
    <SubCatchmentVegetationZone>
      <SubCatchmentVegetationZoneParameters>
        <TT>-2.147862226157748</TT>
        <CFMAX>2.1641865660446884</CFMAX>
        <SP>0</SP>
        <SFCF>0.79790840599092172</SFCF>
        <CFR>0.042423600887822092</CFR>
        <CWH>0.10000068365155569</CWH>
        <CFGlacier>1</CFGlacier>
        <CFSlope>1</CFSlope>
        <FC>58.705076632271762</FC>
        <LP>0.48955426178524075</LP>
        <BETA>1.1548646142204349</BETA>
      </SubCatchmentVegetationZoneParameters>
    </SubCatchmentVegetationZone>
  </SubCatchment>
</Catchment>