<?xml version="1.0" encoding="utf-8"?>
<Catchment xmlns:xsi="http://www.w3.org/2001/XMLSchema-instance" xmlns:xsd="http://www.w3.org/2001/XMLSchema">
  <CatchmentParameters>
    <KSI>0.001</KSI>
    <KGmin>0.05</KGmin>
    <RangeKG>0.1</RangeKG>
    <AG>0.1</AG>
    <PERC>3.1812046621040717</PERC>
    <Alpha>0</Alpha>
    <UZL>121.21290506758193</UZL>
    <K0>0.967111486709211</K0>
    <K1>0.26191966976714748</K1>
    <K2>0.024740320117603739</K2>
    <MAXBAS>1</MAXBAS>
    <Cet>0.28142424458927628</Cet>
    <PCALT>10</PCALT>
    <TCALT>0.6</TCALT>
    <Pelev>482</Pelev>
    <Telev>482</Telev>
    <PART>0.5</PART>
    <DELAY>1</DELAY>
  </CatchmentParameters>
  <VegetationZone>
    <VegetationZoneParameters>
      <TT>-2.1828404008030384</TT>
      <CFMAX>1.8175087461313204</CFMAX>
      <SP>0</SP>
      <SFCF>0.72809452902969662</SFCF>
      <CFR>0.053647822943875732</CFR>
      <CWH>0.10000014270163793</CWH>
      <CFGlacier>1</CFGlacier>
      <CFSlope>1</CFSlope>
      <FC>219.14002439011972</FC>
      <LP>0.79906274240742259</LP>
      <BETA>1.0002017362736191</BETA>
    </VegetationZoneParameters>
  </VegetationZone>
  <SubCatchment>
    <SubCatchmentParameters>
      <KSI>0.001</KSI>
      <KGmin>0.05</KGmin>
      <RangeKG>0.1</RangeKG>
      <AG>0.1</AG>
      <PERC>3.1812046621040717</PERC>
      <Alpha>0</Alpha>
      <UZL>121.21290506758193</UZL>
      <K0>0.967111486709211</K0>
      <K1>0.26191966976714748</K1>
      <K2>0.024740320117603739</K2>
      <MAXBAS>1</MAXBAS>
      <Cet>0.28142424458927628</Cet>
      <PCALT>10</PCALT>
      <TCALT>0.6</TCALT>
      <Pelev>482</Pelev>
      <Telev>482</Telev>
      <PART>0.5</PART>
      <DELAY>1</DELAY>
    </SubCatchmentParameters>
    <SubCatchmentVegetationZone>
      <SubCatchmentVegetationZoneParameters>
        <TT>-2.1828404008030384</TT>
        <CFMAX>1.8175087461313204</CFMAX>
        <SP>0</SP>
        <SFCF>0.72809452902969662</SFCF>
        <CFR>0.053647822943875732</CFR>
        <CWH>0.10000014270163793</CWH>
        <CFGlacier>1</CFGlacier>
        <CFSlope>1</CFSlope>
        <FC>219.14002439011972</FC>
        <LP>0.79906274240742259</LP>
        <BETA>1.0002017362736191</BETA>
      </SubCatchmentVegetationZoneParameters>
    </SubCatchmentVegetationZone>
  </SubCatchment>
</Catchment>