<?xml version="1.0" encoding="utf-8"?>
<Catchment xmlns:xsi="http://www.w3.org/2001/XMLSchema-instance" xmlns:xsd="http://www.w3.org/2001/XMLSchema">
  <CatchmentParameters>
    <KSI>0.001</KSI>
    <KGmin>0.05</KGmin>
    <RangeKG>0.1</RangeKG>
    <AG>0.1</AG>
    <PERC>2.7574429638819</PERC>
    <Alpha>0</Alpha>
    <UZL>151.30803875280819</UZL>
    <K0>0.693914367084762</K0>
    <K1>0.26031447058970908</K1>
    <K2>0.022986204731943179</K2>
    <MAXBAS>1</MAXBAS>
    <Cet>0.29988759358178</Cet>
    <PCALT>10</PCALT>
    <TCALT>0.6</TCALT>
    <Pelev>482</Pelev>
    <Telev>482</Telev>
    <PART>0.5</PART>
    <DELAY>1</DELAY>
  </CatchmentParameters>
  <VegetationZone>
    <VegetationZoneParameters>
      <TT>-2.219031788612722</TT>
      <CFMAX>1.837851490250948</CFMAX>
      <SP>0</SP>
      <SFCF>0.90656461300374713</SFCF>
      <CFR>1.4595151717025675E-05</CFR>
      <CWH>0.10000154487911676</CWH>
      <CFGlacier>1</CFGlacier>
      <CFSlope>1</CFSlope>
      <FC>282.16641190398229</FC>
      <LP>0.90472482545785082</LP>
      <BETA>1.0806093190113064</BETA>
    </VegetationZoneParameters>
  </VegetationZone>
  <SubCatchment>
    <SubCatchmentParameters>
      <KSI>0.001</KSI>
      <KGmin>0.05</KGmin>
      <RangeKG>0.1</RangeKG>
      <AG>0.1</AG>
      <PERC>2.7574429638819</PERC>
      <Alpha>0</Alpha>
      <UZL>151.30803875280819</UZL>
      <K0>0.693914367084762</K0>
      <K1>0.26031447058970908</K1>
      <K2>0.022986204731943179</K2>
      <MAXBAS>1</MAXBAS>
      <Cet>0.29988759358178</Cet>
      <PCALT>10</PCALT>
      <TCALT>0.6</TCALT>
      <Pelev>482</Pelev>
      <Telev>482</Telev>
      <PART>0.5</PART>
      <DELAY>1</DELAY>
    </SubCatchmentParameters>
    <SubCatchmentVegetationZone>
      <SubCatchmentVegetationZoneParameters>
        <TT>-2.219031788612722</TT>
        <CFMAX>1.837851490250948</CFMAX>
        <SP>0</SP>
        <SFCF>0.90656461300374713</SFCF>
        <CFR>1.4595151717025675E-05</CFR>
        <CWH>0.10000154487911676</CWH>
        <CFGlacier>1</CFGlacier>
        <CFSlope>1</CFSlope>
        <FC>282.16641190398229</FC>
        <LP>0.90472482545785082</LP>
        <BETA>1.0806093190113064</BETA>
      </SubCatchmentVegetationZoneParameters>
    </SubCatchmentVegetationZone>
  </SubCatchment>
</Catchment>