<?xml version="1.0" encoding="utf-8"?>
<Catchment xmlns:xsi="http://www.w3.org/2001/XMLSchema-instance" xmlns:xsd="http://www.w3.org/2001/XMLSchema">
  <CatchmentParameters>
    <KSI>0.001</KSI>
    <KGmin>0.05</KGmin>
    <RangeKG>0.1</RangeKG>
    <AG>0.1</AG>
    <PERC>2.0723129700706004</PERC>
    <Alpha>0</Alpha>
    <UZL>152.83395123800659</UZL>
    <K0>0.0536782560127182</K0>
    <K1>0.23697971754975808</K1>
    <K2>0.0224355068741753</K2>
    <MAXBAS>1</MAXBAS>
    <Cet>0.056331190351610938</Cet>
    <PCALT>10</PCALT>
    <TCALT>0.6</TCALT>
    <Pelev>482</Pelev>
    <Telev>482</Telev>
    <PART>0.5</PART>
    <DELAY>1</DELAY>
  </CatchmentParameters>
  <VegetationZone>
    <VegetationZoneParameters>
      <TT>-2.3515388703567219</TT>
      <CFMAX>0.84712494910910718</CFMAX>
      <SP>0</SP>
      <SFCF>0.90442641241123833</SFCF>
      <CFR>0.099988503326835163</CFR>
      <CWH>0.10000024193872302</CWH>
      <CFGlacier>1</CFGlacier>
      <CFSlope>1</CFSlope>
      <FC>184.32619021467781</FC>
      <LP>0.8142202916068304</LP>
      <BETA>1.3862124498659025</BETA>
    </VegetationZoneParameters>
  </VegetationZone>
  <SubCatchment>
    <SubCatchmentParameters>
      <KSI>0.001</KSI>
      <KGmin>0.05</KGmin>
      <RangeKG>0.1</RangeKG>
      <AG>0.1</AG>
      <PERC>2.0723129700706004</PERC>
      <Alpha>0</Alpha>
      <UZL>152.83395123800659</UZL>
      <K0>0.0536782560127182</K0>
      <K1>0.23697971754975808</K1>
      <K2>0.0224355068741753</K2>
      <MAXBAS>1</MAXBAS>
      <Cet>0.056331190351610938</Cet>
      <PCALT>10</PCALT>
      <TCALT>0.6</TCALT>
      <Pelev>482</Pelev>
      <Telev>482</Telev>
      <PART>0.5</PART>
      <DELAY>1</DELAY>
    </SubCatchmentParameters>
    <SubCatchmentVegetationZone>
      <SubCatchmentVegetationZoneParameters>
        <TT>-2.3515388703567219</TT>
        <CFMAX>0.84712494910910718</CFMAX>
        <SP>0</SP>
        <SFCF>0.90442641241123833</SFCF>
        <CFR>0.099988503326835163</CFR>
        <CWH>0.10000024193872302</CWH>
        <CFGlacier>1</CFGlacier>
        <CFSlope>1</CFSlope>
        <FC>184.32619021467781</FC>
        <LP>0.8142202916068304</LP>
        <BETA>1.3862124498659025</BETA>
      </SubCatchmentVegetationZoneParameters>
    </SubCatchmentVegetationZone>
  </SubCatchment>
</Catchment>