<?xml version="1.0" encoding="utf-8"?>
<Catchment xmlns:xsi="http://www.w3.org/2001/XMLSchema-instance" xmlns:xsd="http://www.w3.org/2001/XMLSchema">
  <CatchmentParameters>
    <KSI>0.001</KSI>
    <KGmin>0.05</KGmin>
    <RangeKG>0.1</RangeKG>
    <AG>0.1</AG>
    <PERC>3.7523999308541609</PERC>
    <Alpha>0</Alpha>
    <UZL>126.87635657824073</UZL>
    <K0>0.95994725595206409</K0>
    <K1>0.26260523186700641</K1>
    <K2>0.025362724149121826</K2>
    <MAXBAS>1</MAXBAS>
    <Cet>0.29999921210625319</Cet>
    <PCALT>10</PCALT>
    <TCALT>0.6</TCALT>
    <Pelev>482</Pelev>
    <Telev>482</Telev>
    <PART>0.5</PART>
    <DELAY>1</DELAY>
  </CatchmentParameters>
  <VegetationZone>
    <VegetationZoneParameters>
      <TT>-2.1670465409554005</TT>
      <CFMAX>2.1459123563691089</CFMAX>
      <SP>0</SP>
      <SFCF>0.59929124983054949</SFCF>
      <CFR>0.036038390163980027</CFR>
      <CWH>0.10000055569634241</CWH>
      <CFGlacier>1</CFGlacier>
      <CFSlope>1</CFSlope>
      <FC>199.28742830119811</FC>
      <LP>0.95392619911264143</LP>
      <BETA>1.0436765587641421</BETA>
    </VegetationZoneParameters>
  </VegetationZone>
  <SubCatchment>
    <SubCatchmentParameters>
      <KSI>0.001</KSI>
      <KGmin>0.05</KGmin>
      <RangeKG>0.1</RangeKG>
      <AG>0.1</AG>
      <PERC>3.7523999308541609</PERC>
      <Alpha>0</Alpha>
      <UZL>126.87635657824073</UZL>
      <K0>0.95994725595206409</K0>
      <K1>0.26260523186700641</K1>
      <K2>0.025362724149121826</K2>
      <MAXBAS>1</MAXBAS>
      <Cet>0.29999921210625319</Cet>
      <PCALT>10</PCALT>
      <TCALT>0.6</TCALT>
      <Pelev>482</Pelev>
      <Telev>482</Telev>
      <PART>0.5</PART>
      <DELAY>1</DELAY>
    </SubCatchmentParameters>
    <SubCatchmentVegetationZone>
      <SubCatchmentVegetationZoneParameters>
        <TT>-2.1670465409554005</TT>
        <CFMAX>2.1459123563691089</CFMAX>
        <SP>0</SP>
        <SFCF>0.59929124983054949</SFCF>
        <CFR>0.036038390163980027</CFR>
        <CWH>0.10000055569634241</CWH>
        <CFGlacier>1</CFGlacier>
        <CFSlope>1</CFSlope>
        <FC>199.28742830119811</FC>
        <LP>0.95392619911264143</LP>
        <BETA>1.0436765587641421</BETA>
      </SubCatchmentVegetationZoneParameters>
    </SubCatchmentVegetationZone>
  </SubCatchment>
</Catchment>