<?xml version="1.0" encoding="utf-8"?>
<Catchment xmlns:xsi="http://www.w3.org/2001/XMLSchema-instance" xmlns:xsd="http://www.w3.org/2001/XMLSchema">
  <CatchmentParameters>
    <KSI>0.001</KSI>
    <KGmin>0.05</KGmin>
    <RangeKG>0.1</RangeKG>
    <AG>0.1</AG>
    <PERC>3.1205309625640041</PERC>
    <Alpha>0</Alpha>
    <UZL>24.112350601147167</UZL>
    <K0>0.0675424166266305</K0>
    <K1>0.19210719140269084</K1>
    <K2>0.022962173308265076</K2>
    <MAXBAS>1</MAXBAS>
    <Cet>0.090918387238818829</Cet>
    <PCALT>10</PCALT>
    <TCALT>0.6</TCALT>
    <Pelev>482</Pelev>
    <Telev>482</Telev>
    <PART>0.5</PART>
    <DELAY>1</DELAY>
  </CatchmentParameters>
  <VegetationZone>
    <VegetationZoneParameters>
      <TT>-2.146012091638716</TT>
      <CFMAX>1.584821496033795</CFMAX>
      <SP>0</SP>
      <SFCF>0.70332600390397537</SFCF>
      <CFR>0.09134496846427427</CFR>
      <CWH>0.10000000020101865</CWH>
      <CFGlacier>1</CFGlacier>
      <CFSlope>1</CFSlope>
      <FC>100.5259511156158</FC>
      <LP>0.89468408897972107</LP>
      <BETA>1.46343571371571</BETA>
    </VegetationZoneParameters>
  </VegetationZone>
  <SubCatchment>
    <SubCatchmentParameters>
      <KSI>0.001</KSI>
      <KGmin>0.05</KGmin>
      <RangeKG>0.1</RangeKG>
      <AG>0.1</AG>
      <PERC>3.1205309625640041</PERC>
      <Alpha>0</Alpha>
      <UZL>24.112350601147167</UZL>
      <K0>0.0675424166266305</K0>
      <K1>0.19210719140269084</K1>
      <K2>0.022962173308265076</K2>
      <MAXBAS>1</MAXBAS>
      <Cet>0.090918387238818829</Cet>
      <PCALT>10</PCALT>
      <TCALT>0.6</TCALT>
      <Pelev>482</Pelev>
      <Telev>482</Telev>
      <PART>0.5</PART>
      <DELAY>1</DELAY>
    </SubCatchmentParameters>
    <SubCatchmentVegetationZone>
      <SubCatchmentVegetationZoneParameters>
        <TT>-2.146012091638716</TT>
        <CFMAX>1.584821496033795</CFMAX>
        <SP>0</SP>
        <SFCF>0.70332600390397537</SFCF>
        <CFR>0.09134496846427427</CFR>
        <CWH>0.10000000020101865</CWH>
        <CFGlacier>1</CFGlacier>
        <CFSlope>1</CFSlope>
        <FC>100.5259511156158</FC>
        <LP>0.89468408897972107</LP>
        <BETA>1.46343571371571</BETA>
      </SubCatchmentVegetationZoneParameters>
    </SubCatchmentVegetationZone>
  </SubCatchment>
</Catchment>