<?xml version="1.0" encoding="utf-8"?>
<Catchment xmlns:xsi="http://www.w3.org/2001/XMLSchema-instance" xmlns:xsd="http://www.w3.org/2001/XMLSchema">
  <CatchmentParameters>
    <KSI>0.001</KSI>
    <KGmin>0.05</KGmin>
    <RangeKG>0.1</RangeKG>
    <AG>0.1</AG>
    <PERC>2.6836343701800143</PERC>
    <Alpha>0</Alpha>
    <UZL>196.41242378942064</UZL>
    <K0>0.17112084999640792</K0>
    <K1>0.261415903381323</K1>
    <K2>0.022405883538120355</K2>
    <MAXBAS>1</MAXBAS>
    <Cet>0.29999916784362335</Cet>
    <PCALT>10</PCALT>
    <TCALT>0.6</TCALT>
    <Pelev>482</Pelev>
    <Telev>482</Telev>
    <PART>0.5</PART>
    <DELAY>1</DELAY>
  </CatchmentParameters>
  <VegetationZone>
    <VegetationZoneParameters>
      <TT>-2.1721985732451521</TT>
      <CFMAX>2.07732088766604</CFMAX>
      <SP>0</SP>
      <SFCF>0.962654169273109</SFCF>
      <CFR>0.094536105324615052</CFR>
      <CWH>0.10000036708719036</CWH>
      <CFGlacier>1</CFGlacier>
      <CFSlope>1</CFSlope>
      <FC>281.09066045408525</FC>
      <LP>0.97665437876038463</LP>
      <BETA>1.1802250350073611</BETA>
    </VegetationZoneParameters>
  </VegetationZone>
  <SubCatchment>
    <SubCatchmentParameters>
      <KSI>0.001</KSI>
      <KGmin>0.05</KGmin>
      <RangeKG>0.1</RangeKG>
      <AG>0.1</AG>
      <PERC>2.6836343701800143</PERC>
      <Alpha>0</Alpha>
      <UZL>196.41242378942064</UZL>
      <K0>0.17112084999640792</K0>
      <K1>0.261415903381323</K1>
      <K2>0.022405883538120355</K2>
      <MAXBAS>1</MAXBAS>
      <Cet>0.29999916784362335</Cet>
      <PCALT>10</PCALT>
      <TCALT>0.6</TCALT>
      <Pelev>482</Pelev>
      <Telev>482</Telev>
      <PART>0.5</PART>
      <DELAY>1</DELAY>
    </SubCatchmentParameters>
    <SubCatchmentVegetationZone>
      <SubCatchmentVegetationZoneParameters>
        <TT>-2.1721985732451521</TT>
        <CFMAX>2.07732088766604</CFMAX>
        <SP>0</SP>
        <SFCF>0.962654169273109</SFCF>
        <CFR>0.094536105324615052</CFR>
        <CWH>0.10000036708719036</CWH>
        <CFGlacier>1</CFGlacier>
        <CFSlope>1</CFSlope>
        <FC>281.09066045408525</FC>
        <LP>0.97665437876038463</LP>
        <BETA>1.1802250350073611</BETA>
      </SubCatchmentVegetationZoneParameters>
    </SubCatchmentVegetationZone>
  </SubCatchment>
</Catchment>