<?xml version="1.0" encoding="utf-8"?>
<Catchment xmlns:xsi="http://www.w3.org/2001/XMLSchema-instance" xmlns:xsd="http://www.w3.org/2001/XMLSchema">
  <CatchmentParameters>
    <KSI>0.001</KSI>
    <KGmin>0.05</KGmin>
    <RangeKG>0.1</RangeKG>
    <AG>0.1</AG>
    <PERC>3.7260679939261094</PERC>
    <Alpha>0</Alpha>
    <UZL>182.65573117610444</UZL>
    <K0>0.747333769692411</K0>
    <K1>0.24938381289449854</K1>
    <K2>0.023452318928971181</K2>
    <MAXBAS>1</MAXBAS>
    <Cet>0.17543125946600743</Cet>
    <PCALT>10</PCALT>
    <TCALT>0.6</TCALT>
    <Pelev>482</Pelev>
    <Telev>482</Telev>
    <PART>0.5</PART>
    <DELAY>1</DELAY>
  </CatchmentParameters>
  <VegetationZone>
    <VegetationZoneParameters>
      <TT>-2.1620579981187582</TT>
      <CFMAX>1.8082156499656905</CFMAX>
      <SP>0</SP>
      <SFCF>0.66797396891003669</SFCF>
      <CFR>0.052040291912333128</CFR>
      <CWH>0.10000000061963629</CWH>
      <CFGlacier>1</CFGlacier>
      <CFSlope>1</CFSlope>
      <FC>120.20054893766876</FC>
      <LP>0.981687409262507</LP>
      <BETA>1.4249840889870007</BETA>
    </VegetationZoneParameters>
  </VegetationZone>
  <SubCatchment>
    <SubCatchmentParameters>
      <KSI>0.001</KSI>
      <KGmin>0.05</KGmin>
      <RangeKG>0.1</RangeKG>
      <AG>0.1</AG>
      <PERC>3.7260679939261094</PERC>
      <Alpha>0</Alpha>
      <UZL>182.65573117610444</UZL>
      <K0>0.747333769692411</K0>
      <K1>0.24938381289449854</K1>
      <K2>0.023452318928971181</K2>
      <MAXBAS>1</MAXBAS>
      <Cet>0.17543125946600743</Cet>
      <PCALT>10</PCALT>
      <TCALT>0.6</TCALT>
      <Pelev>482</Pelev>
      <Telev>482</Telev>
      <PART>0.5</PART>
      <DELAY>1</DELAY>
    </SubCatchmentParameters>
    <SubCatchmentVegetationZone>
      <SubCatchmentVegetationZoneParameters>
        <TT>-2.1620579981187582</TT>
        <CFMAX>1.8082156499656905</CFMAX>
        <SP>0</SP>
        <SFCF>0.66797396891003669</SFCF>
        <CFR>0.052040291912333128</CFR>
        <CWH>0.10000000061963629</CWH>
        <CFGlacier>1</CFGlacier>
        <CFSlope>1</CFSlope>
        <FC>120.20054893766876</FC>
        <LP>0.981687409262507</LP>
        <BETA>1.4249840889870007</BETA>
      </SubCatchmentVegetationZoneParameters>
    </SubCatchmentVegetationZone>
  </SubCatchment>
</Catchment>