<?xml version="1.0" encoding="utf-8"?>
<Catchment xmlns:xsi="http://www.w3.org/2001/XMLSchema-instance" xmlns:xsd="http://www.w3.org/2001/XMLSchema">
  <CatchmentParameters>
    <KSI>0.001</KSI>
    <KGmin>0.05</KGmin>
    <RangeKG>0.1</RangeKG>
    <AG>0.1</AG>
    <PERC>3.3944766482477862</PERC>
    <Alpha>0</Alpha>
    <UZL>130.5934952110612</UZL>
    <K0>0.26788143387361174</K0>
    <K1>0.26698816384563095</K1>
    <K2>0.024824751777907491</K2>
    <MAXBAS>1</MAXBAS>
    <Cet>0.29999942964402349</Cet>
    <PCALT>10</PCALT>
    <TCALT>0.6</TCALT>
    <Pelev>482</Pelev>
    <Telev>482</Telev>
    <PART>0.5</PART>
    <DELAY>1</DELAY>
  </CatchmentParameters>
  <VegetationZone>
    <VegetationZoneParameters>
      <TT>-2.3963398122625139</TT>
      <CFMAX>1.4095437255181458</CFMAX>
      <SP>0</SP>
      <SFCF>0.873938464795848</SFCF>
      <CFR>0.017202595662159238</CFR>
      <CWH>0.10000230382018777</CWH>
      <CFGlacier>1</CFGlacier>
      <CFSlope>1</CFSlope>
      <FC>259.62567726167367</FC>
      <LP>0.90979281612770213</LP>
      <BETA>1.1002465641268724</BETA>
    </VegetationZoneParameters>
  </VegetationZone>
  <SubCatchment>
    <SubCatchmentParameters>
      <KSI>0.001</KSI>
      <KGmin>0.05</KGmin>
      <RangeKG>0.1</RangeKG>
      <AG>0.1</AG>
      <PERC>3.3944766482477862</PERC>
      <Alpha>0</Alpha>
      <UZL>130.5934952110612</UZL>
      <K0>0.26788143387361174</K0>
      <K1>0.26698816384563095</K1>
      <K2>0.024824751777907491</K2>
      <MAXBAS>1</MAXBAS>
      <Cet>0.29999942964402349</Cet>
      <PCALT>10</PCALT>
      <TCALT>0.6</TCALT>
      <Pelev>482</Pelev>
      <Telev>482</Telev>
      <PART>0.5</PART>
      <DELAY>1</DELAY>
    </SubCatchmentParameters>
    <SubCatchmentVegetationZone>
      <SubCatchmentVegetationZoneParameters>
        <TT>-2.3963398122625139</TT>
        <CFMAX>1.4095437255181458</CFMAX>
        <SP>0</SP>
        <SFCF>0.873938464795848</SFCF>
        <CFR>0.017202595662159238</CFR>
        <CWH>0.10000230382018777</CWH>
        <CFGlacier>1</CFGlacier>
        <CFSlope>1</CFSlope>
        <FC>259.62567726167367</FC>
        <LP>0.90979281612770213</LP>
        <BETA>1.1002465641268724</BETA>
      </SubCatchmentVegetationZoneParameters>
    </SubCatchmentVegetationZone>
  </SubCatchment>
</Catchment>