<?xml version="1.0" encoding="utf-8"?>
<Catchment xmlns:xsi="http://www.w3.org/2001/XMLSchema-instance" xmlns:xsd="http://www.w3.org/2001/XMLSchema">
  <CatchmentParameters>
    <KSI>0.001</KSI>
    <KGmin>0.05</KGmin>
    <RangeKG>0.1</RangeKG>
    <AG>0.1</AG>
    <PERC>3.1929018299536054</PERC>
    <Alpha>0</Alpha>
    <UZL>168.63298874669363</UZL>
    <K0>0.22947479919285752</K0>
    <K1>0.25332619887786378</K1>
    <K2>0.024642884949623429</K2>
    <MAXBAS>1</MAXBAS>
    <Cet>0.29986780929142987</Cet>
    <PCALT>10</PCALT>
    <TCALT>0.6</TCALT>
    <Pelev>482</Pelev>
    <Telev>482</Telev>
    <PART>0.5</PART>
    <DELAY>1</DELAY>
  </CatchmentParameters>
  <VegetationZone>
    <VegetationZoneParameters>
      <TT>-2.1515005380524057</TT>
      <CFMAX>1.4370887941263861</CFMAX>
      <SP>0</SP>
      <SFCF>0.502621430578999</SFCF>
      <CFR>0.09998068328791454</CFR>
      <CWH>0.10000060173901426</CWH>
      <CFGlacier>1</CFGlacier>
      <CFSlope>1</CFSlope>
      <FC>202.78949664115339</FC>
      <LP>0.902260523781378</LP>
      <BETA>1.0263367406267983</BETA>
    </VegetationZoneParameters>
  </VegetationZone>
  <SubCatchment>
    <SubCatchmentParameters>
      <KSI>0.001</KSI>
      <KGmin>0.05</KGmin>
      <RangeKG>0.1</RangeKG>
      <AG>0.1</AG>
      <PERC>3.1929018299536054</PERC>
      <Alpha>0</Alpha>
      <UZL>168.63298874669363</UZL>
      <K0>0.22947479919285752</K0>
      <K1>0.25332619887786378</K1>
      <K2>0.024642884949623429</K2>
      <MAXBAS>1</MAXBAS>
      <Cet>0.29986780929142987</Cet>
      <PCALT>10</PCALT>
      <TCALT>0.6</TCALT>
      <Pelev>482</Pelev>
      <Telev>482</Telev>
      <PART>0.5</PART>
      <DELAY>1</DELAY>
    </SubCatchmentParameters>
    <SubCatchmentVegetationZone>
      <SubCatchmentVegetationZoneParameters>
        <TT>-2.1515005380524057</TT>
        <CFMAX>1.4370887941263861</CFMAX>
        <SP>0</SP>
        <SFCF>0.502621430578999</SFCF>
        <CFR>0.09998068328791454</CFR>
        <CWH>0.10000060173901426</CWH>
        <CFGlacier>1</CFGlacier>
        <CFSlope>1</CFSlope>
        <FC>202.78949664115339</FC>
        <LP>0.902260523781378</LP>
        <BETA>1.0263367406267983</BETA>
      </SubCatchmentVegetationZoneParameters>
    </SubCatchmentVegetationZone>
  </SubCatchment>
</Catchment>