<?xml version="1.0" encoding="utf-8"?>
<Catchment xmlns:xsi="http://www.w3.org/2001/XMLSchema-instance" xmlns:xsd="http://www.w3.org/2001/XMLSchema">
  <CatchmentParameters>
    <KSI>0.001</KSI>
    <KGmin>0.05</KGmin>
    <RangeKG>0.1</RangeKG>
    <AG>0.1</AG>
    <PERC>4.9879592789256888</PERC>
    <Alpha>0</Alpha>
    <UZL>133.82077187651549</UZL>
    <K0>0.97560862602413778</K0>
    <K1>0.23655488261209681</K1>
    <K2>0.025945847810164388</K2>
    <MAXBAS>1</MAXBAS>
    <Cet>0.26381517700424634</Cet>
    <PCALT>10</PCALT>
    <TCALT>0.6</TCALT>
    <Pelev>482</Pelev>
    <Telev>482</Telev>
    <PART>0.5</PART>
    <DELAY>1</DELAY>
  </CatchmentParameters>
  <VegetationZone>
    <VegetationZoneParameters>
      <TT>-2.1460176111523164</TT>
      <CFMAX>3.162876054554173</CFMAX>
      <SP>0</SP>
      <SFCF>0.6037131464372133</SFCF>
      <CFR>0.099992705797434064</CFR>
      <CWH>0.12200880724409109</CWH>
      <CFGlacier>1</CFGlacier>
      <CFSlope>1</CFSlope>
      <FC>74.052357979620979</FC>
      <LP>0.90632332947896488</LP>
      <BETA>1.5555083372295815</BETA>
    </VegetationZoneParameters>
  </VegetationZone>
  <SubCatchment>
    <SubCatchmentParameters>
      <KSI>0.001</KSI>
      <KGmin>0.05</KGmin>
      <RangeKG>0.1</RangeKG>
      <AG>0.1</AG>
      <PERC>4.9879592789256888</PERC>
      <Alpha>0</Alpha>
      <UZL>133.82077187651549</UZL>
      <K0>0.97560862602413778</K0>
      <K1>0.23655488261209681</K1>
      <K2>0.025945847810164388</K2>
      <MAXBAS>1</MAXBAS>
      <Cet>0.26381517700424634</Cet>
      <PCALT>10</PCALT>
      <TCALT>0.6</TCALT>
      <Pelev>482</Pelev>
      <Telev>482</Telev>
      <PART>0.5</PART>
      <DELAY>1</DELAY>
    </SubCatchmentParameters>
    <SubCatchmentVegetationZone>
      <SubCatchmentVegetationZoneParameters>
        <TT>-2.1460176111523164</TT>
        <CFMAX>3.162876054554173</CFMAX>
        <SP>0</SP>
        <SFCF>0.6037131464372133</SFCF>
        <CFR>0.099992705797434064</CFR>
        <CWH>0.12200880724409109</CWH>
        <CFGlacier>1</CFGlacier>
        <CFSlope>1</CFSlope>
        <FC>74.052357979620979</FC>
        <LP>0.90632332947896488</LP>
        <BETA>1.5555083372295815</BETA>
      </SubCatchmentVegetationZoneParameters>
    </SubCatchmentVegetationZone>
  </SubCatchment>
</Catchment>