<?xml version="1.0" encoding="utf-8"?>
<Catchment xmlns:xsi="http://www.w3.org/2001/XMLSchema-instance" xmlns:xsd="http://www.w3.org/2001/XMLSchema">
  <CatchmentParameters>
    <KSI>0.001</KSI>
    <KGmin>0.05</KGmin>
    <RangeKG>0.1</RangeKG>
    <AG>0.1</AG>
    <PERC>4.0116410307150447</PERC>
    <Alpha>0</Alpha>
    <UZL>136.81186303358172</UZL>
    <K0>0.96756902284019053</K0>
    <K1>0.25990537155325338</K1>
    <K2>0.025566680734881182</K2>
    <MAXBAS>1</MAXBAS>
    <Cet>0.21788255591978997</Cet>
    <PCALT>10</PCALT>
    <TCALT>0.6</TCALT>
    <Pelev>482</Pelev>
    <Telev>482</Telev>
    <PART>0.5</PART>
    <DELAY>1</DELAY>
  </CatchmentParameters>
  <VegetationZone>
    <VegetationZoneParameters>
      <TT>-2.1619208387181836</TT>
      <CFMAX>2.3120168219420827</CFMAX>
      <SP>0</SP>
      <SFCF>0.65241992606543464</SFCF>
      <CFR>0.075146426261280055</CFR>
      <CWH>0.10000051949547109</CWH>
      <CFGlacier>1</CFGlacier>
      <CFSlope>1</CFSlope>
      <FC>147.26504536422513</FC>
      <LP>0.89024733138245749</LP>
      <BETA>1.102814678577962</BETA>
    </VegetationZoneParameters>
  </VegetationZone>
  <SubCatchment>
    <SubCatchmentParameters>
      <KSI>0.001</KSI>
      <KGmin>0.05</KGmin>
      <RangeKG>0.1</RangeKG>
      <AG>0.1</AG>
      <PERC>4.0116410307150447</PERC>
      <Alpha>0</Alpha>
      <UZL>136.81186303358172</UZL>
      <K0>0.96756902284019053</K0>
      <K1>0.25990537155325338</K1>
      <K2>0.025566680734881182</K2>
      <MAXBAS>1</MAXBAS>
      <Cet>0.21788255591978997</Cet>
      <PCALT>10</PCALT>
      <TCALT>0.6</TCALT>
      <Pelev>482</Pelev>
      <Telev>482</Telev>
      <PART>0.5</PART>
      <DELAY>1</DELAY>
    </SubCatchmentParameters>
    <SubCatchmentVegetationZone>
      <SubCatchmentVegetationZoneParameters>
        <TT>-2.1619208387181836</TT>
        <CFMAX>2.3120168219420827</CFMAX>
        <SP>0</SP>
        <SFCF>0.65241992606543464</SFCF>
        <CFR>0.075146426261280055</CFR>
        <CWH>0.10000051949547109</CWH>
        <CFGlacier>1</CFGlacier>
        <CFSlope>1</CFSlope>
        <FC>147.26504536422513</FC>
        <LP>0.89024733138245749</LP>
        <BETA>1.102814678577962</BETA>
      </SubCatchmentVegetationZoneParameters>
    </SubCatchmentVegetationZone>
  </SubCatchment>
</Catchment>