<?xml version="1.0" encoding="utf-8"?>
<Catchment xmlns:xsi="http://www.w3.org/2001/XMLSchema-instance" xmlns:xsd="http://www.w3.org/2001/XMLSchema">
  <CatchmentParameters>
    <KSI>0.001</KSI>
    <KGmin>0.05</KGmin>
    <RangeKG>0.1</RangeKG>
    <AG>0.1</AG>
    <PERC>3.7795268127838244</PERC>
    <Alpha>0</Alpha>
    <UZL>145.51402029813792</UZL>
    <K0>0.94646270302667568</K0>
    <K1>0.2539151714580819</K1>
    <K2>0.024456970991151669</K2>
    <MAXBAS>1</MAXBAS>
    <Cet>0.08198323141193338</Cet>
    <PCALT>10</PCALT>
    <TCALT>0.6</TCALT>
    <Pelev>482</Pelev>
    <Telev>482</Telev>
    <PART>0.5</PART>
    <DELAY>1</DELAY>
  </CatchmentParameters>
  <VegetationZone>
    <VegetationZoneParameters>
      <TT>-2.3129709990744409</TT>
      <CFMAX>1.8066070729126134</CFMAX>
      <SP>0</SP>
      <SFCF>0.923582575990432</SFCF>
      <CFR>0.046342917605527757</CFR>
      <CWH>0.10000000077260079</CWH>
      <CFGlacier>1</CFGlacier>
      <CFSlope>1</CFSlope>
      <FC>136.36620215137634</FC>
      <LP>0.7867376451888568</LP>
      <BETA>1.1836285027672739</BETA>
    </VegetationZoneParameters>
  </VegetationZone>
  <SubCatchment>
    <SubCatchmentParameters>
      <KSI>0.001</KSI>
      <KGmin>0.05</KGmin>
      <RangeKG>0.1</RangeKG>
      <AG>0.1</AG>
      <PERC>3.7795268127838244</PERC>
      <Alpha>0</Alpha>
      <UZL>145.51402029813792</UZL>
      <K0>0.94646270302667568</K0>
      <K1>0.2539151714580819</K1>
      <K2>0.024456970991151669</K2>
      <MAXBAS>1</MAXBAS>
      <Cet>0.08198323141193338</Cet>
      <PCALT>10</PCALT>
      <TCALT>0.6</TCALT>
      <Pelev>482</Pelev>
      <Telev>482</Telev>
      <PART>0.5</PART>
      <DELAY>1</DELAY>
    </SubCatchmentParameters>
    <SubCatchmentVegetationZone>
      <SubCatchmentVegetationZoneParameters>
        <TT>-2.3129709990744409</TT>
        <CFMAX>1.8066070729126134</CFMAX>
        <SP>0</SP>
        <SFCF>0.923582575990432</SFCF>
        <CFR>0.046342917605527757</CFR>
        <CWH>0.10000000077260079</CWH>
        <CFGlacier>1</CFGlacier>
        <CFSlope>1</CFSlope>
        <FC>136.36620215137634</FC>
        <LP>0.7867376451888568</LP>
        <BETA>1.1836285027672739</BETA>
      </SubCatchmentVegetationZoneParameters>
    </SubCatchmentVegetationZone>
  </SubCatchment>
</Catchment>