<?xml version="1.0" encoding="utf-8"?>
<Catchment xmlns:xsi="http://www.w3.org/2001/XMLSchema-instance" xmlns:xsd="http://www.w3.org/2001/XMLSchema">
  <CatchmentParameters>
    <KSI>0.001</KSI>
    <KGmin>0.05</KGmin>
    <RangeKG>0.1</RangeKG>
    <AG>0.1</AG>
    <PERC>2.9455779196169236</PERC>
    <Alpha>0</Alpha>
    <UZL>136.01882504364653</UZL>
    <K0>0.98343057542891776</K0>
    <K1>0.25319672088611567</K1>
    <K2>0.023521591496841996</K2>
    <MAXBAS>1</MAXBAS>
    <Cet>0.29918043550798407</Cet>
    <PCALT>10</PCALT>
    <TCALT>0.6</TCALT>
    <Pelev>482</Pelev>
    <Telev>482</Telev>
    <PART>0.5</PART>
    <DELAY>1</DELAY>
  </CatchmentParameters>
  <VegetationZone>
    <VegetationZoneParameters>
      <TT>-2.1633795530608229</TT>
      <CFMAX>1.3611439409747435</CFMAX>
      <SP>0</SP>
      <SFCF>0.575603248473011</SFCF>
      <CFR>0.096020478087472411</CFR>
      <CWH>0.10000068543780824</CWH>
      <CFGlacier>1</CFGlacier>
      <CFSlope>1</CFSlope>
      <FC>187.80219277188519</FC>
      <LP>0.94376199858143894</LP>
      <BETA>1.1915044387780325</BETA>
    </VegetationZoneParameters>
  </VegetationZone>
  <SubCatchment>
    <SubCatchmentParameters>
      <KSI>0.001</KSI>
      <KGmin>0.05</KGmin>
      <RangeKG>0.1</RangeKG>
      <AG>0.1</AG>
      <PERC>2.9455779196169236</PERC>
      <Alpha>0</Alpha>
      <UZL>136.01882504364653</UZL>
      <K0>0.98343057542891776</K0>
      <K1>0.25319672088611567</K1>
      <K2>0.023521591496841996</K2>
      <MAXBAS>1</MAXBAS>
      <Cet>0.29918043550798407</Cet>
      <PCALT>10</PCALT>
      <TCALT>0.6</TCALT>
      <Pelev>482</Pelev>
      <Telev>482</Telev>
      <PART>0.5</PART>
      <DELAY>1</DELAY>
    </SubCatchmentParameters>
    <SubCatchmentVegetationZone>
      <SubCatchmentVegetationZoneParameters>
        <TT>-2.1633795530608229</TT>
        <CFMAX>1.3611439409747435</CFMAX>
        <SP>0</SP>
        <SFCF>0.575603248473011</SFCF>
        <CFR>0.096020478087472411</CFR>
        <CWH>0.10000068543780824</CWH>
        <CFGlacier>1</CFGlacier>
        <CFSlope>1</CFSlope>
        <FC>187.80219277188519</FC>
        <LP>0.94376199858143894</LP>
        <BETA>1.1915044387780325</BETA>
      </SubCatchmentVegetationZoneParameters>
    </SubCatchmentVegetationZone>
  </SubCatchment>
</Catchment>