<?xml version="1.0" encoding="utf-8"?>
<Catchment xmlns:xsi="http://www.w3.org/2001/XMLSchema-instance" xmlns:xsd="http://www.w3.org/2001/XMLSchema">
  <CatchmentParameters>
    <KSI>0.001</KSI>
    <KGmin>0.05</KGmin>
    <RangeKG>0.1</RangeKG>
    <AG>0.1</AG>
    <PERC>4.70196816050718</PERC>
    <Alpha>0</Alpha>
    <UZL>128.75780102377476</UZL>
    <K0>0.9797763808766512</K0>
    <K1>0.25818782898548553</K1>
    <K2>0.025727077420257965</K2>
    <MAXBAS>1</MAXBAS>
    <Cet>0.22599104677261819</Cet>
    <PCALT>10</PCALT>
    <TCALT>0.6</TCALT>
    <Pelev>482</Pelev>
    <Telev>482</Telev>
    <PART>0.5</PART>
    <DELAY>1</DELAY>
  </CatchmentParameters>
  <VegetationZone>
    <VegetationZoneParameters>
      <TT>-2.1603162097753792</TT>
      <CFMAX>3.2479879358309875</CFMAX>
      <SP>0</SP>
      <SFCF>0.63750466788614468</SFCF>
      <CFR>0.093226465652396839</CFR>
      <CWH>0.1000059379272125</CWH>
      <CFGlacier>1</CFGlacier>
      <CFSlope>1</CFSlope>
      <FC>118.18517052816453</FC>
      <LP>0.95639544202086868</LP>
      <BETA>1.21615897689158</BETA>
    </VegetationZoneParameters>
  </VegetationZone>
  <SubCatchment>
    <SubCatchmentParameters>
      <KSI>0.001</KSI>
      <KGmin>0.05</KGmin>
      <RangeKG>0.1</RangeKG>
      <AG>0.1</AG>
      <PERC>4.70196816050718</PERC>
      <Alpha>0</Alpha>
      <UZL>128.75780102377476</UZL>
      <K0>0.9797763808766512</K0>
      <K1>0.25818782898548553</K1>
      <K2>0.025727077420257965</K2>
      <MAXBAS>1</MAXBAS>
      <Cet>0.22599104677261819</Cet>
      <PCALT>10</PCALT>
      <TCALT>0.6</TCALT>
      <Pelev>482</Pelev>
      <Telev>482</Telev>
      <PART>0.5</PART>
      <DELAY>1</DELAY>
    </SubCatchmentParameters>
    <SubCatchmentVegetationZone>
      <SubCatchmentVegetationZoneParameters>
        <TT>-2.1603162097753792</TT>
        <CFMAX>3.2479879358309875</CFMAX>
        <SP>0</SP>
        <SFCF>0.63750466788614468</SFCF>
        <CFR>0.093226465652396839</CFR>
        <CWH>0.1000059379272125</CWH>
        <CFGlacier>1</CFGlacier>
        <CFSlope>1</CFSlope>
        <FC>118.18517052816453</FC>
        <LP>0.95639544202086868</LP>
        <BETA>1.21615897689158</BETA>
      </SubCatchmentVegetationZoneParameters>
    </SubCatchmentVegetationZone>
  </SubCatchment>
</Catchment>