<?xml version="1.0" encoding="utf-8"?>
<Catchment xmlns:xsi="http://www.w3.org/2001/XMLSchema-instance" xmlns:xsd="http://www.w3.org/2001/XMLSchema">
  <CatchmentParameters>
    <KSI>0.001</KSI>
    <KGmin>0.05</KGmin>
    <RangeKG>0.1</RangeKG>
    <AG>0.1</AG>
    <PERC>3.2439929008515258</PERC>
    <Alpha>0</Alpha>
    <UZL>173.12118624618898</UZL>
    <K0>0.077628229523317827</K0>
    <K1>0.26030577097872343</K1>
    <K2>0.0232722984747418</K2>
    <MAXBAS>1</MAXBAS>
    <Cet>0.28681573490776308</Cet>
    <PCALT>10</PCALT>
    <TCALT>0.6</TCALT>
    <Pelev>482</Pelev>
    <Telev>482</Telev>
    <PART>0.5</PART>
    <DELAY>1</DELAY>
  </CatchmentParameters>
  <VegetationZone>
    <VegetationZoneParameters>
      <TT>-2.19140665338008</TT>
      <CFMAX>1.8931509173752417</CFMAX>
      <SP>0</SP>
      <SFCF>0.89230793516578144</SFCF>
      <CFR>0.067912041476552817</CFR>
      <CWH>0.10000000140911483</CWH>
      <CFGlacier>1</CFGlacier>
      <CFSlope>1</CFSlope>
      <FC>168.82048509381914</FC>
      <LP>0.90564259099487765</LP>
      <BETA>1.3976736325625534</BETA>
    </VegetationZoneParameters>
  </VegetationZone>
  <SubCatchment>
    <SubCatchmentParameters>
      <KSI>0.001</KSI>
      <KGmin>0.05</KGmin>
      <RangeKG>0.1</RangeKG>
      <AG>0.1</AG>
      <PERC>3.2439929008515258</PERC>
      <Alpha>0</Alpha>
      <UZL>173.12118624618898</UZL>
      <K0>0.077628229523317827</K0>
      <K1>0.26030577097872343</K1>
      <K2>0.0232722984747418</K2>
      <MAXBAS>1</MAXBAS>
      <Cet>0.28681573490776308</Cet>
      <PCALT>10</PCALT>
      <TCALT>0.6</TCALT>
      <Pelev>482</Pelev>
      <Telev>482</Telev>
      <PART>0.5</PART>
      <DELAY>1</DELAY>
    </SubCatchmentParameters>
    <SubCatchmentVegetationZone>
      <SubCatchmentVegetationZoneParameters>
        <TT>-2.19140665338008</TT>
        <CFMAX>1.8931509173752417</CFMAX>
        <SP>0</SP>
        <SFCF>0.89230793516578144</SFCF>
        <CFR>0.067912041476552817</CFR>
        <CWH>0.10000000140911483</CWH>
        <CFGlacier>1</CFGlacier>
        <CFSlope>1</CFSlope>
        <FC>168.82048509381914</FC>
        <LP>0.90564259099487765</LP>
        <BETA>1.3976736325625534</BETA>
      </SubCatchmentVegetationZoneParameters>
    </SubCatchmentVegetationZone>
  </SubCatchment>
</Catchment>