<?xml version="1.0" encoding="utf-8"?>
<Catchment xmlns:xsi="http://www.w3.org/2001/XMLSchema-instance" xmlns:xsd="http://www.w3.org/2001/XMLSchema">
  <CatchmentParameters>
    <KSI>0.001</KSI>
    <KGmin>0.05</KGmin>
    <RangeKG>0.1</RangeKG>
    <AG>0.1</AG>
    <PERC>2.81116402659509</PERC>
    <Alpha>0</Alpha>
    <UZL>141.17244455631848</UZL>
    <K0>0.13147846124159124</K0>
    <K1>0.26323135949446336</K1>
    <K2>0.023058777106620926</K2>
    <MAXBAS>1</MAXBAS>
    <Cet>0.29999727167314277</Cet>
    <PCALT>10</PCALT>
    <TCALT>0.6</TCALT>
    <Pelev>482</Pelev>
    <Telev>482</Telev>
    <PART>0.5</PART>
    <DELAY>1</DELAY>
  </CatchmentParameters>
  <VegetationZone>
    <VegetationZoneParameters>
      <TT>-2.1796585014763603</TT>
      <CFMAX>2.0112062457186326</CFMAX>
      <SP>0</SP>
      <SFCF>0.86149913950457</SFCF>
      <CFR>0.05131483055423857</CFR>
      <CWH>0.10000042020763164</CWH>
      <CFGlacier>1</CFGlacier>
      <CFSlope>1</CFSlope>
      <FC>340.97088224119534</FC>
      <LP>0.99267115379075332</LP>
      <BETA>1.035858159683436</BETA>
    </VegetationZoneParameters>
  </VegetationZone>
  <SubCatchment>
    <SubCatchmentParameters>
      <KSI>0.001</KSI>
      <KGmin>0.05</KGmin>
      <RangeKG>0.1</RangeKG>
      <AG>0.1</AG>
      <PERC>2.81116402659509</PERC>
      <Alpha>0</Alpha>
      <UZL>141.17244455631848</UZL>
      <K0>0.13147846124159124</K0>
      <K1>0.26323135949446336</K1>
      <K2>0.023058777106620926</K2>
      <MAXBAS>1</MAXBAS>
      <Cet>0.29999727167314277</Cet>
      <PCALT>10</PCALT>
      <TCALT>0.6</TCALT>
      <Pelev>482</Pelev>
      <Telev>482</Telev>
      <PART>0.5</PART>
      <DELAY>1</DELAY>
    </SubCatchmentParameters>
    <SubCatchmentVegetationZone>
      <SubCatchmentVegetationZoneParameters>
        <TT>-2.1796585014763603</TT>
        <CFMAX>2.0112062457186326</CFMAX>
        <SP>0</SP>
        <SFCF>0.86149913950457</SFCF>
        <CFR>0.05131483055423857</CFR>
        <CWH>0.10000042020763164</CWH>
        <CFGlacier>1</CFGlacier>
        <CFSlope>1</CFSlope>
        <FC>340.97088224119534</FC>
        <LP>0.99267115379075332</LP>
        <BETA>1.035858159683436</BETA>
      </SubCatchmentVegetationZoneParameters>
    </SubCatchmentVegetationZone>
  </SubCatchment>
</Catchment>