<?xml version="1.0" encoding="utf-8"?>
<Catchment xmlns:xsi="http://www.w3.org/2001/XMLSchema-instance" xmlns:xsd="http://www.w3.org/2001/XMLSchema">
  <CatchmentParameters>
    <KSI>0.001</KSI>
    <KGmin>0.05</KGmin>
    <RangeKG>0.1</RangeKG>
    <AG>0.1</AG>
    <PERC>3.2229506452932695</PERC>
    <Alpha>0</Alpha>
    <UZL>135.37840207631291</UZL>
    <K0>0.9026530057824621</K0>
    <K1>0.26023796032022145</K1>
    <K2>0.024667962604023704</K2>
    <MAXBAS>1</MAXBAS>
    <Cet>0.28215019906402561</Cet>
    <PCALT>10</PCALT>
    <TCALT>0.6</TCALT>
    <Pelev>482</Pelev>
    <Telev>482</Telev>
    <PART>0.5</PART>
    <DELAY>1</DELAY>
  </CatchmentParameters>
  <VegetationZone>
    <VegetationZoneParameters>
      <TT>-2.14609456830874</TT>
      <CFMAX>1.6819009827092104</CFMAX>
      <SP>0</SP>
      <SFCF>0.64845662434603624</SFCF>
      <CFR>0.0016727266751083878</CFR>
      <CWH>0.10000149831910103</CWH>
      <CFGlacier>1</CFGlacier>
      <CFSlope>1</CFSlope>
      <FC>232.76547668125625</FC>
      <LP>0.87663018640826751</LP>
      <BETA>1.0039162632528575</BETA>
    </VegetationZoneParameters>
  </VegetationZone>
  <SubCatchment>
    <SubCatchmentParameters>
      <KSI>0.001</KSI>
      <KGmin>0.05</KGmin>
      <RangeKG>0.1</RangeKG>
      <AG>0.1</AG>
      <PERC>3.2229506452932695</PERC>
      <Alpha>0</Alpha>
      <UZL>135.37840207631291</UZL>
      <K0>0.9026530057824621</K0>
      <K1>0.26023796032022145</K1>
      <K2>0.024667962604023704</K2>
      <MAXBAS>1</MAXBAS>
      <Cet>0.28215019906402561</Cet>
      <PCALT>10</PCALT>
      <TCALT>0.6</TCALT>
      <Pelev>482</Pelev>
      <Telev>482</Telev>
      <PART>0.5</PART>
      <DELAY>1</DELAY>
    </SubCatchmentParameters>
    <SubCatchmentVegetationZone>
      <SubCatchmentVegetationZoneParameters>
        <TT>-2.14609456830874</TT>
        <CFMAX>1.6819009827092104</CFMAX>
        <SP>0</SP>
        <SFCF>0.64845662434603624</SFCF>
        <CFR>0.0016727266751083878</CFR>
        <CWH>0.10000149831910103</CWH>
        <CFGlacier>1</CFGlacier>
        <CFSlope>1</CFSlope>
        <FC>232.76547668125625</FC>
        <LP>0.87663018640826751</LP>
        <BETA>1.0039162632528575</BETA>
      </SubCatchmentVegetationZoneParameters>
    </SubCatchmentVegetationZone>
  </SubCatchment>
</Catchment>