<?xml version="1.0" encoding="utf-8"?>
<Catchment xmlns:xsi="http://www.w3.org/2001/XMLSchema-instance" xmlns:xsd="http://www.w3.org/2001/XMLSchema">
  <CatchmentParameters>
    <KSI>0.001</KSI>
    <KGmin>0.05</KGmin>
    <RangeKG>0.1</RangeKG>
    <AG>0.1</AG>
    <PERC>3.7910697692694431</PERC>
    <Alpha>0</Alpha>
    <UZL>130.45125364122728</UZL>
    <K0>0.98443040783204816</K0>
    <K1>0.25054336070401034</K1>
    <K2>0.025196036862426257</K2>
    <MAXBAS>1</MAXBAS>
    <Cet>0.29899994023856358</Cet>
    <PCALT>10</PCALT>
    <TCALT>0.6</TCALT>
    <Pelev>482</Pelev>
    <Telev>482</Telev>
    <PART>0.5</PART>
    <DELAY>1</DELAY>
  </CatchmentParameters>
  <VegetationZone>
    <VegetationZoneParameters>
      <TT>-2.1463637397963624</TT>
      <CFMAX>1.5810266925497716</CFMAX>
      <SP>0</SP>
      <SFCF>0.51068752502623582</SFCF>
      <CFR>0.042519071317175548</CFR>
      <CWH>0.10000483687871355</CWH>
      <CFGlacier>1</CFGlacier>
      <CFSlope>1</CFSlope>
      <FC>134.22385036435702</FC>
      <LP>0.93025484670895842</LP>
      <BETA>1.253464074897058</BETA>
    </VegetationZoneParameters>
  </VegetationZone>
  <SubCatchment>
    <SubCatchmentParameters>
      <KSI>0.001</KSI>
      <KGmin>0.05</KGmin>
      <RangeKG>0.1</RangeKG>
      <AG>0.1</AG>
      <PERC>3.7910697692694431</PERC>
      <Alpha>0</Alpha>
      <UZL>130.45125364122728</UZL>
      <K0>0.98443040783204816</K0>
      <K1>0.25054336070401034</K1>
      <K2>0.025196036862426257</K2>
      <MAXBAS>1</MAXBAS>
      <Cet>0.29899994023856358</Cet>
      <PCALT>10</PCALT>
      <TCALT>0.6</TCALT>
      <Pelev>482</Pelev>
      <Telev>482</Telev>
      <PART>0.5</PART>
      <DELAY>1</DELAY>
    </SubCatchmentParameters>
    <SubCatchmentVegetationZone>
      <SubCatchmentVegetationZoneParameters>
        <TT>-2.1463637397963624</TT>
        <CFMAX>1.5810266925497716</CFMAX>
        <SP>0</SP>
        <SFCF>0.51068752502623582</SFCF>
        <CFR>0.042519071317175548</CFR>
        <CWH>0.10000483687871355</CWH>
        <CFGlacier>1</CFGlacier>
        <CFSlope>1</CFSlope>
        <FC>134.22385036435702</FC>
        <LP>0.93025484670895842</LP>
        <BETA>1.253464074897058</BETA>
      </SubCatchmentVegetationZoneParameters>
    </SubCatchmentVegetationZone>
  </SubCatchment>
</Catchment>