<?xml version="1.0" encoding="utf-8"?>
<Catchment xmlns:xsi="http://www.w3.org/2001/XMLSchema-instance" xmlns:xsd="http://www.w3.org/2001/XMLSchema">
  <CatchmentParameters>
    <KSI>0.001</KSI>
    <KGmin>0.05</KGmin>
    <RangeKG>0.1</RangeKG>
    <AG>0.1</AG>
    <PERC>2.7467797224412327</PERC>
    <Alpha>0</Alpha>
    <UZL>184.23035263107485</UZL>
    <K0>0.18379185294852873</K0>
    <K1>0.26175615850668782</K1>
    <K2>0.023118778112656915</K2>
    <MAXBAS>1</MAXBAS>
    <Cet>0.29999489617598341</Cet>
    <PCALT>10</PCALT>
    <TCALT>0.6</TCALT>
    <Pelev>482</Pelev>
    <Telev>482</Telev>
    <PART>0.5</PART>
    <DELAY>1</DELAY>
  </CatchmentParameters>
  <VegetationZone>
    <VegetationZoneParameters>
      <TT>-2.1460215075836881</TT>
      <CFMAX>1.6980991534712306</CFMAX>
      <SP>0</SP>
      <SFCF>0.78746138020661938</SFCF>
      <CFR>0.0084761360755558623</CFR>
      <CWH>0.10000011154171806</CWH>
      <CFGlacier>1</CFGlacier>
      <CFSlope>1</CFSlope>
      <FC>342.73193971005605</FC>
      <LP>0.97223538200798476</LP>
      <BETA>1.0125436490108846</BETA>
    </VegetationZoneParameters>
  </VegetationZone>
  <SubCatchment>
    <SubCatchmentParameters>
      <KSI>0.001</KSI>
      <KGmin>0.05</KGmin>
      <RangeKG>0.1</RangeKG>
      <AG>0.1</AG>
      <PERC>2.7467797224412327</PERC>
      <Alpha>0</Alpha>
      <UZL>184.23035263107485</UZL>
      <K0>0.18379185294852873</K0>
      <K1>0.26175615850668782</K1>
      <K2>0.023118778112656915</K2>
      <MAXBAS>1</MAXBAS>
      <Cet>0.29999489617598341</Cet>
      <PCALT>10</PCALT>
      <TCALT>0.6</TCALT>
      <Pelev>482</Pelev>
      <Telev>482</Telev>
      <PART>0.5</PART>
      <DELAY>1</DELAY>
    </SubCatchmentParameters>
    <SubCatchmentVegetationZone>
      <SubCatchmentVegetationZoneParameters>
        <TT>-2.1460215075836881</TT>
        <CFMAX>1.6980991534712306</CFMAX>
        <SP>0</SP>
        <SFCF>0.78746138020661938</SFCF>
        <CFR>0.0084761360755558623</CFR>
        <CWH>0.10000011154171806</CWH>
        <CFGlacier>1</CFGlacier>
        <CFSlope>1</CFSlope>
        <FC>342.73193971005605</FC>
        <LP>0.97223538200798476</LP>
        <BETA>1.0125436490108846</BETA>
      </SubCatchmentVegetationZoneParameters>
    </SubCatchmentVegetationZone>
  </SubCatchment>
</Catchment>