<?xml version="1.0" encoding="utf-8"?>
<Catchment xmlns:xsi="http://www.w3.org/2001/XMLSchema-instance" xmlns:xsd="http://www.w3.org/2001/XMLSchema">
  <CatchmentParameters>
    <KSI>0.001</KSI>
    <KGmin>0.05</KGmin>
    <RangeKG>0.1</RangeKG>
    <AG>0.1</AG>
    <PERC>2.0678428403254143</PERC>
    <Alpha>0</Alpha>
    <UZL>185.34673631656386</UZL>
    <K0>0.5242850631149959</K0>
    <K1>0.26229989619102362</K1>
    <K2>0.022138442241177694</K2>
    <MAXBAS>1</MAXBAS>
    <Cet>0.2999971000523271</Cet>
    <PCALT>10</PCALT>
    <TCALT>0.6</TCALT>
    <Pelev>482</Pelev>
    <Telev>482</Telev>
    <PART>0.5</PART>
    <DELAY>1</DELAY>
  </CatchmentParameters>
  <VegetationZone>
    <VegetationZoneParameters>
      <TT>-2.2429407603329738</TT>
      <CFMAX>1.2108980428191347</CFMAX>
      <SP>0</SP>
      <SFCF>0.9631042774323888</SFCF>
      <CFR>0.002846809061416513</CFR>
      <CWH>0.10000011400820529</CWH>
      <CFGlacier>1</CFGlacier>
      <CFSlope>1</CFSlope>
      <FC>492.66179756767917</FC>
      <LP>0.9717426968581826</LP>
      <BETA>1.0505467938022677</BETA>
    </VegetationZoneParameters>
  </VegetationZone>
  <SubCatchment>
    <SubCatchmentParameters>
      <KSI>0.001</KSI>
      <KGmin>0.05</KGmin>
      <RangeKG>0.1</RangeKG>
      <AG>0.1</AG>
      <PERC>2.0678428403254143</PERC>
      <Alpha>0</Alpha>
      <UZL>185.34673631656386</UZL>
      <K0>0.5242850631149959</K0>
      <K1>0.26229989619102362</K1>
      <K2>0.022138442241177694</K2>
      <MAXBAS>1</MAXBAS>
      <Cet>0.2999971000523271</Cet>
      <PCALT>10</PCALT>
      <TCALT>0.6</TCALT>
      <Pelev>482</Pelev>
      <Telev>482</Telev>
      <PART>0.5</PART>
      <DELAY>1</DELAY>
    </SubCatchmentParameters>
    <SubCatchmentVegetationZone>
      <SubCatchmentVegetationZoneParameters>
        <TT>-2.2429407603329738</TT>
        <CFMAX>1.2108980428191347</CFMAX>
        <SP>0</SP>
        <SFCF>0.9631042774323888</SFCF>
        <CFR>0.002846809061416513</CFR>
        <CWH>0.10000011400820529</CWH>
        <CFGlacier>1</CFGlacier>
        <CFSlope>1</CFSlope>
        <FC>492.66179756767917</FC>
        <LP>0.9717426968581826</LP>
        <BETA>1.0505467938022677</BETA>
      </SubCatchmentVegetationZoneParameters>
    </SubCatchmentVegetationZone>
  </SubCatchment>
</Catchment>