<?xml version="1.0" encoding="utf-8"?>
<Catchment xmlns:xsi="http://www.w3.org/2001/XMLSchema-instance" xmlns:xsd="http://www.w3.org/2001/XMLSchema">
  <CatchmentParameters>
    <KSI>0.001</KSI>
    <KGmin>0.05</KGmin>
    <RangeKG>0.1</RangeKG>
    <AG>0.1</AG>
    <PERC>2.4727979030786433</PERC>
    <Alpha>0</Alpha>
    <UZL>152.04040149345443</UZL>
    <K0>0.08151894324360992</K0>
    <K1>0.23592785407852049</K1>
    <K2>0.022125701297529849</K2>
    <MAXBAS>1</MAXBAS>
    <Cet>0.11604306514253568</Cet>
    <PCALT>10</PCALT>
    <TCALT>0.6</TCALT>
    <Pelev>482</Pelev>
    <Telev>482</Telev>
    <PART>0.5</PART>
    <DELAY>1</DELAY>
  </CatchmentParameters>
  <VegetationZone>
    <VegetationZoneParameters>
      <TT>-1.945403143662916</TT>
      <CFMAX>1.0376863247806176</CFMAX>
      <SP>0</SP>
      <SFCF>0.62848281285483421</SFCF>
      <CFR>0.08108197279569565</CFR>
      <CWH>0.10000067192685758</CWH>
      <CFGlacier>1</CFGlacier>
      <CFSlope>1</CFSlope>
      <FC>221.73998338427231</FC>
      <LP>0.90090891858131428</LP>
      <BETA>1.3123120939086235</BETA>
    </VegetationZoneParameters>
  </VegetationZone>
  <SubCatchment>
    <SubCatchmentParameters>
      <KSI>0.001</KSI>
      <KGmin>0.05</KGmin>
      <RangeKG>0.1</RangeKG>
      <AG>0.1</AG>
      <PERC>2.4727979030786433</PERC>
      <Alpha>0</Alpha>
      <UZL>152.04040149345443</UZL>
      <K0>0.08151894324360992</K0>
      <K1>0.23592785407852049</K1>
      <K2>0.022125701297529849</K2>
      <MAXBAS>1</MAXBAS>
      <Cet>0.11604306514253568</Cet>
      <PCALT>10</PCALT>
      <TCALT>0.6</TCALT>
      <Pelev>482</Pelev>
      <Telev>482</Telev>
      <PART>0.5</PART>
      <DELAY>1</DELAY>
    </SubCatchmentParameters>
    <SubCatchmentVegetationZone>
      <SubCatchmentVegetationZoneParameters>
        <TT>-1.945403143662916</TT>
        <CFMAX>1.0376863247806176</CFMAX>
        <SP>0</SP>
        <SFCF>0.62848281285483421</SFCF>
        <CFR>0.08108197279569565</CFR>
        <CWH>0.10000067192685758</CWH>
        <CFGlacier>1</CFGlacier>
        <CFSlope>1</CFSlope>
        <FC>221.73998338427231</FC>
        <LP>0.90090891858131428</LP>
        <BETA>1.3123120939086235</BETA>
      </SubCatchmentVegetationZoneParameters>
    </SubCatchmentVegetationZone>
  </SubCatchment>
</Catchment>