<?xml version="1.0" encoding="utf-8"?>
<Catchment xmlns:xsi="http://www.w3.org/2001/XMLSchema-instance" xmlns:xsd="http://www.w3.org/2001/XMLSchema">
  <CatchmentParameters>
    <KSI>0.001</KSI>
    <KGmin>0.05</KGmin>
    <RangeKG>0.1</RangeKG>
    <AG>0.1</AG>
    <PERC>4.1106417961709578</PERC>
    <Alpha>0</Alpha>
    <UZL>137.17632695604058</UZL>
    <K0>0.95372733711824065</K0>
    <K1>0.25841593695841036</K1>
    <K2>0.025558829057083624</K2>
    <MAXBAS>1</MAXBAS>
    <Cet>0.28460531787362442</Cet>
    <PCALT>10</PCALT>
    <TCALT>0.6</TCALT>
    <Pelev>482</Pelev>
    <Telev>482</Telev>
    <PART>0.5</PART>
    <DELAY>1</DELAY>
  </CatchmentParameters>
  <VegetationZone>
    <VegetationZoneParameters>
      <TT>-2.0968406047268284</TT>
      <CFMAX>2.6411251608491817</CFMAX>
      <SP>0</SP>
      <SFCF>0.59025221693986829</SFCF>
      <CFR>1.5104555089621735E-05</CFR>
      <CWH>0.10000032350319753</CWH>
      <CFGlacier>1</CFGlacier>
      <CFSlope>1</CFSlope>
      <FC>162.35844503198814</FC>
      <LP>0.97742861071073661</LP>
      <BETA>1.1193756739963106</BETA>
    </VegetationZoneParameters>
  </VegetationZone>
  <SubCatchment>
    <SubCatchmentParameters>
      <KSI>0.001</KSI>
      <KGmin>0.05</KGmin>
      <RangeKG>0.1</RangeKG>
      <AG>0.1</AG>
      <PERC>4.1106417961709578</PERC>
      <Alpha>0</Alpha>
      <UZL>137.17632695604058</UZL>
      <K0>0.95372733711824065</K0>
      <K1>0.25841593695841036</K1>
      <K2>0.025558829057083624</K2>
      <MAXBAS>1</MAXBAS>
      <Cet>0.28460531787362442</Cet>
      <PCALT>10</PCALT>
      <TCALT>0.6</TCALT>
      <Pelev>482</Pelev>
      <Telev>482</Telev>
      <PART>0.5</PART>
      <DELAY>1</DELAY>
    </SubCatchmentParameters>
    <SubCatchmentVegetationZone>
      <SubCatchmentVegetationZoneParameters>
        <TT>-2.0968406047268284</TT>
        <CFMAX>2.6411251608491817</CFMAX>
        <SP>0</SP>
        <SFCF>0.59025221693986829</SFCF>
        <CFR>1.5104555089621735E-05</CFR>
        <CWH>0.10000032350319753</CWH>
        <CFGlacier>1</CFGlacier>
        <CFSlope>1</CFSlope>
        <FC>162.35844503198814</FC>
        <LP>0.97742861071073661</LP>
        <BETA>1.1193756739963106</BETA>
      </SubCatchmentVegetationZoneParameters>
    </SubCatchmentVegetationZone>
  </SubCatchment>
</Catchment>