<?xml version="1.0" encoding="utf-8"?>
<Catchment xmlns:xsi="http://www.w3.org/2001/XMLSchema-instance" xmlns:xsd="http://www.w3.org/2001/XMLSchema">
  <CatchmentParameters>
    <KSI>0.001</KSI>
    <KGmin>0.05</KGmin>
    <RangeKG>0.1</RangeKG>
    <AG>0.1</AG>
    <PERC>2.0256128939019065</PERC>
    <Alpha>0</Alpha>
    <UZL>30.487068122601116</UZL>
    <K0>0.19750825805032396</K0>
    <K1>0.13665985210820678</K1>
    <K2>0.021735239272735806</K2>
    <MAXBAS>1</MAXBAS>
    <Cet>0.28461997361228536</Cet>
    <PCALT>10</PCALT>
    <TCALT>0.6</TCALT>
    <Pelev>482</Pelev>
    <Telev>482</Telev>
    <PART>0.5</PART>
    <DELAY>1</DELAY>
  </CatchmentParameters>
  <VegetationZone>
    <VegetationZoneParameters>
      <TT>-2.2230281595724413</TT>
      <CFMAX>2.4671325457319657</CFMAX>
      <SP>0</SP>
      <SFCF>0.94518847355618318</SFCF>
      <CFR>0.0489399516489408</CFR>
      <CWH>0.1000000531013385</CWH>
      <CFGlacier>1</CFGlacier>
      <CFSlope>1</CFSlope>
      <FC>213.33932720100498</FC>
      <LP>0.821975838971261</LP>
      <BETA>1.0728518459813385</BETA>
    </VegetationZoneParameters>
  </VegetationZone>
  <SubCatchment>
    <SubCatchmentParameters>
      <KSI>0.001</KSI>
      <KGmin>0.05</KGmin>
      <RangeKG>0.1</RangeKG>
      <AG>0.1</AG>
      <PERC>2.0256128939019065</PERC>
      <Alpha>0</Alpha>
      <UZL>30.487068122601116</UZL>
      <K0>0.19750825805032396</K0>
      <K1>0.13665985210820678</K1>
      <K2>0.021735239272735806</K2>
      <MAXBAS>1</MAXBAS>
      <Cet>0.28461997361228536</Cet>
      <PCALT>10</PCALT>
      <TCALT>0.6</TCALT>
      <Pelev>482</Pelev>
      <Telev>482</Telev>
      <PART>0.5</PART>
      <DELAY>1</DELAY>
    </SubCatchmentParameters>
    <SubCatchmentVegetationZone>
      <SubCatchmentVegetationZoneParameters>
        <TT>-2.2230281595724413</TT>
        <CFMAX>2.4671325457319657</CFMAX>
        <SP>0</SP>
        <SFCF>0.94518847355618318</SFCF>
        <CFR>0.0489399516489408</CFR>
        <CWH>0.1000000531013385</CWH>
        <CFGlacier>1</CFGlacier>
        <CFSlope>1</CFSlope>
        <FC>213.33932720100498</FC>
        <LP>0.821975838971261</LP>
        <BETA>1.0728518459813385</BETA>
      </SubCatchmentVegetationZoneParameters>
    </SubCatchmentVegetationZone>
  </SubCatchment>
</Catchment>