<?xml version="1.0" encoding="utf-8"?>
<Catchment xmlns:xsi="http://www.w3.org/2001/XMLSchema-instance" xmlns:xsd="http://www.w3.org/2001/XMLSchema">
  <CatchmentParameters>
    <KSI>0.001</KSI>
    <KGmin>0.05</KGmin>
    <RangeKG>0.1</RangeKG>
    <AG>0.1</AG>
    <PERC>3.55757659531495</PERC>
    <Alpha>0</Alpha>
    <UZL>131.19456728473102</UZL>
    <K0>0.91554426710361358</K0>
    <K1>0.26317261556549315</K1>
    <K2>0.02478587608366906</K2>
    <MAXBAS>1</MAXBAS>
    <Cet>0.29996507492748259</Cet>
    <PCALT>10</PCALT>
    <TCALT>0.6</TCALT>
    <Pelev>482</Pelev>
    <Telev>482</Telev>
    <PART>0.5</PART>
    <DELAY>1</DELAY>
  </CatchmentParameters>
  <VegetationZone>
    <VegetationZoneParameters>
      <TT>-2.1549102149117214</TT>
      <CFMAX>2.6814784681718598</CFMAX>
      <SP>0</SP>
      <SFCF>0.75396928022066145</SFCF>
      <CFR>0.028587968289367396</CFR>
      <CWH>0.10000004770316566</CWH>
      <CFGlacier>1</CFGlacier>
      <CFSlope>1</CFSlope>
      <FC>201.55676534666219</FC>
      <LP>0.9454480803252403</LP>
      <BETA>1.0895882313728025</BETA>
    </VegetationZoneParameters>
  </VegetationZone>
  <SubCatchment>
    <SubCatchmentParameters>
      <KSI>0.001</KSI>
      <KGmin>0.05</KGmin>
      <RangeKG>0.1</RangeKG>
      <AG>0.1</AG>
      <PERC>3.55757659531495</PERC>
      <Alpha>0</Alpha>
      <UZL>131.19456728473102</UZL>
      <K0>0.91554426710361358</K0>
      <K1>0.26317261556549315</K1>
      <K2>0.02478587608366906</K2>
      <MAXBAS>1</MAXBAS>
      <Cet>0.29996507492748259</Cet>
      <PCALT>10</PCALT>
      <TCALT>0.6</TCALT>
      <Pelev>482</Pelev>
      <Telev>482</Telev>
      <PART>0.5</PART>
      <DELAY>1</DELAY>
    </SubCatchmentParameters>
    <SubCatchmentVegetationZone>
      <SubCatchmentVegetationZoneParameters>
        <TT>-2.1549102149117214</TT>
        <CFMAX>2.6814784681718598</CFMAX>
        <SP>0</SP>
        <SFCF>0.75396928022066145</SFCF>
        <CFR>0.028587968289367396</CFR>
        <CWH>0.10000004770316566</CWH>
        <CFGlacier>1</CFGlacier>
        <CFSlope>1</CFSlope>
        <FC>201.55676534666219</FC>
        <LP>0.9454480803252403</LP>
        <BETA>1.0895882313728025</BETA>
      </SubCatchmentVegetationZoneParameters>
    </SubCatchmentVegetationZone>
  </SubCatchment>
</Catchment>