<?xml version="1.0" encoding="utf-8"?>
<Catchment xmlns:xsi="http://www.w3.org/2001/XMLSchema-instance" xmlns:xsd="http://www.w3.org/2001/XMLSchema">
  <CatchmentParameters>
    <KSI>0.001</KSI>
    <KGmin>0.05</KGmin>
    <RangeKG>0.1</RangeKG>
    <AG>0.1</AG>
    <PERC>4.1721844501690724</PERC>
    <Alpha>0</Alpha>
    <UZL>119.77066654585744</UZL>
    <K0>0.94007949647816669</K0>
    <K1>0.282995901314937</K1>
    <K2>0.025679071204169721</K2>
    <MAXBAS>1</MAXBAS>
    <Cet>0.284562528077612</Cet>
    <PCALT>10</PCALT>
    <TCALT>0.6</TCALT>
    <Pelev>482</Pelev>
    <Telev>482</Telev>
    <PART>0.5</PART>
    <DELAY>1</DELAY>
  </CatchmentParameters>
  <VegetationZone>
    <VegetationZoneParameters>
      <TT>-2.1953756306202368</TT>
      <CFMAX>1.7012596742493962</CFMAX>
      <SP>0</SP>
      <SFCF>0.59453815174060975</SFCF>
      <CFR>0.0855498571064969</CFR>
      <CWH>0.10000296202017582</CWH>
      <CFGlacier>1</CFGlacier>
      <CFSlope>1</CFSlope>
      <FC>222.05377588233819</FC>
      <LP>0.98006358638734492</LP>
      <BETA>1.0765232695925298</BETA>
    </VegetationZoneParameters>
  </VegetationZone>
  <SubCatchment>
    <SubCatchmentParameters>
      <KSI>0.001</KSI>
      <KGmin>0.05</KGmin>
      <RangeKG>0.1</RangeKG>
      <AG>0.1</AG>
      <PERC>4.1721844501690724</PERC>
      <Alpha>0</Alpha>
      <UZL>119.77066654585744</UZL>
      <K0>0.94007949647816669</K0>
      <K1>0.282995901314937</K1>
      <K2>0.025679071204169721</K2>
      <MAXBAS>1</MAXBAS>
      <Cet>0.284562528077612</Cet>
      <PCALT>10</PCALT>
      <TCALT>0.6</TCALT>
      <Pelev>482</Pelev>
      <Telev>482</Telev>
      <PART>0.5</PART>
      <DELAY>1</DELAY>
    </SubCatchmentParameters>
    <SubCatchmentVegetationZone>
      <SubCatchmentVegetationZoneParameters>
        <TT>-2.1953756306202368</TT>
        <CFMAX>1.7012596742493962</CFMAX>
        <SP>0</SP>
        <SFCF>0.59453815174060975</SFCF>
        <CFR>0.0855498571064969</CFR>
        <CWH>0.10000296202017582</CWH>
        <CFGlacier>1</CFGlacier>
        <CFSlope>1</CFSlope>
        <FC>222.05377588233819</FC>
        <LP>0.98006358638734492</LP>
        <BETA>1.0765232695925298</BETA>
      </SubCatchmentVegetationZoneParameters>
    </SubCatchmentVegetationZone>
  </SubCatchment>
</Catchment>