<?xml version="1.0" encoding="utf-8"?>
<Catchment xmlns:xsi="http://www.w3.org/2001/XMLSchema-instance" xmlns:xsd="http://www.w3.org/2001/XMLSchema">
  <CatchmentParameters>
    <KSI>0.001</KSI>
    <KGmin>0.05</KGmin>
    <RangeKG>0.1</RangeKG>
    <AG>0.1</AG>
    <PERC>2.5510299789249586</PERC>
    <Alpha>0</Alpha>
    <UZL>187.861301233594</UZL>
    <K0>0.57232367963169728</K0>
    <K1>0.25761802127641509</K1>
    <K2>0.02321857758032389</K2>
    <MAXBAS>1</MAXBAS>
    <Cet>0.29999687708600603</Cet>
    <PCALT>10</PCALT>
    <TCALT>0.6</TCALT>
    <Pelev>482</Pelev>
    <Telev>482</Telev>
    <PART>0.5</PART>
    <DELAY>1</DELAY>
  </CatchmentParameters>
  <VegetationZone>
    <VegetationZoneParameters>
      <TT>-2.1692582119545381</TT>
      <CFMAX>1.2841758265869376</CFMAX>
      <SP>0</SP>
      <SFCF>0.78275290131002218</SFCF>
      <CFR>8.0279203341587853E-07</CFR>
      <CWH>0.10000032049504955</CWH>
      <CFGlacier>1</CFGlacier>
      <CFSlope>1</CFSlope>
      <FC>336.56107749024596</FC>
      <LP>0.8904309242974251</LP>
      <BETA>1.0494372174051843</BETA>
    </VegetationZoneParameters>
  </VegetationZone>
  <SubCatchment>
    <SubCatchmentParameters>
      <KSI>0.001</KSI>
      <KGmin>0.05</KGmin>
      <RangeKG>0.1</RangeKG>
      <AG>0.1</AG>
      <PERC>2.5510299789249586</PERC>
      <Alpha>0</Alpha>
      <UZL>187.861301233594</UZL>
      <K0>0.57232367963169728</K0>
      <K1>0.25761802127641509</K1>
      <K2>0.02321857758032389</K2>
      <MAXBAS>1</MAXBAS>
      <Cet>0.29999687708600603</Cet>
      <PCALT>10</PCALT>
      <TCALT>0.6</TCALT>
      <Pelev>482</Pelev>
      <Telev>482</Telev>
      <PART>0.5</PART>
      <DELAY>1</DELAY>
    </SubCatchmentParameters>
    <SubCatchmentVegetationZone>
      <SubCatchmentVegetationZoneParameters>
        <TT>-2.1692582119545381</TT>
        <CFMAX>1.2841758265869376</CFMAX>
        <SP>0</SP>
        <SFCF>0.78275290131002218</SFCF>
        <CFR>8.0279203341587853E-07</CFR>
        <CWH>0.10000032049504955</CWH>
        <CFGlacier>1</CFGlacier>
        <CFSlope>1</CFSlope>
        <FC>336.56107749024596</FC>
        <LP>0.8904309242974251</LP>
        <BETA>1.0494372174051843</BETA>
      </SubCatchmentVegetationZoneParameters>
    </SubCatchmentVegetationZone>
  </SubCatchment>
</Catchment>