<?xml version="1.0" encoding="utf-8"?>
<Catchment xmlns:xsi="http://www.w3.org/2001/XMLSchema-instance" xmlns:xsd="http://www.w3.org/2001/XMLSchema">
  <CatchmentParameters>
    <KSI>0.001</KSI>
    <KGmin>0.05</KGmin>
    <RangeKG>0.1</RangeKG>
    <AG>0.1</AG>
    <PERC>5.4851442104618373</PERC>
    <Alpha>0</Alpha>
    <UZL>133.52162262089016</UZL>
    <K0>0.97533507473927983</K0>
    <K1>0.25288557519437188</K1>
    <K2>0.025722743628197705</K2>
    <MAXBAS>1</MAXBAS>
    <Cet>0.11483072685439719</Cet>
    <PCALT>10</PCALT>
    <TCALT>0.6</TCALT>
    <Pelev>482</Pelev>
    <Telev>482</Telev>
    <PART>0.5</PART>
    <DELAY>1</DELAY>
  </CatchmentParameters>
  <VegetationZone>
    <VegetationZoneParameters>
      <TT>-1.6364708380063022</TT>
      <CFMAX>2.6317004324464435</CFMAX>
      <SP>0</SP>
      <SFCF>0.52733520780482568</SFCF>
      <CFR>0.0093905880378527627</CFR>
      <CWH>0.10000066834302432</CWH>
      <CFGlacier>1</CFGlacier>
      <CFSlope>1</CFSlope>
      <FC>67.72013975925752</FC>
      <LP>0.85647541682723749</LP>
      <BETA>1.4839391695467084</BETA>
    </VegetationZoneParameters>
  </VegetationZone>
  <SubCatchment>
    <SubCatchmentParameters>
      <KSI>0.001</KSI>
      <KGmin>0.05</KGmin>
      <RangeKG>0.1</RangeKG>
      <AG>0.1</AG>
      <PERC>5.4851442104618373</PERC>
      <Alpha>0</Alpha>
      <UZL>133.52162262089016</UZL>
      <K0>0.97533507473927983</K0>
      <K1>0.25288557519437188</K1>
      <K2>0.025722743628197705</K2>
      <MAXBAS>1</MAXBAS>
      <Cet>0.11483072685439719</Cet>
      <PCALT>10</PCALT>
      <TCALT>0.6</TCALT>
      <Pelev>482</Pelev>
      <Telev>482</Telev>
      <PART>0.5</PART>
      <DELAY>1</DELAY>
    </SubCatchmentParameters>
    <SubCatchmentVegetationZone>
      <SubCatchmentVegetationZoneParameters>
        <TT>-1.6364708380063022</TT>
        <CFMAX>2.6317004324464435</CFMAX>
        <SP>0</SP>
        <SFCF>0.52733520780482568</SFCF>
        <CFR>0.0093905880378527627</CFR>
        <CWH>0.10000066834302432</CWH>
        <CFGlacier>1</CFGlacier>
        <CFSlope>1</CFSlope>
        <FC>67.72013975925752</FC>
        <LP>0.85647541682723749</LP>
        <BETA>1.4839391695467084</BETA>
      </SubCatchmentVegetationZoneParameters>
    </SubCatchmentVegetationZone>
  </SubCatchment>
</Catchment>