<?xml version="1.0" encoding="utf-8"?>
<Catchment xmlns:xsi="http://www.w3.org/2001/XMLSchema-instance" xmlns:xsd="http://www.w3.org/2001/XMLSchema">
  <CatchmentParameters>
    <KSI>0.001</KSI>
    <KGmin>0.05</KGmin>
    <RangeKG>0.1</RangeKG>
    <AG>0.1</AG>
    <PERC>2.2287753730314246</PERC>
    <Alpha>0</Alpha>
    <UZL>183.37900349985148</UZL>
    <K0>0.20482043315973125</K0>
    <K1>0.26083998362077965</K1>
    <K2>0.022355690794268603</K2>
    <MAXBAS>1</MAXBAS>
    <Cet>0.29999837097426052</Cet>
    <PCALT>10</PCALT>
    <TCALT>0.6</TCALT>
    <Pelev>482</Pelev>
    <Telev>482</Telev>
    <PART>0.5</PART>
    <DELAY>1</DELAY>
  </CatchmentParameters>
  <VegetationZone>
    <VegetationZoneParameters>
      <TT>-2.1607091445587296</TT>
      <CFMAX>1.4682012285668613</CFMAX>
      <SP>0</SP>
      <SFCF>0.92838466402750086</SFCF>
      <CFR>0.051333885397682188</CFR>
      <CWH>0.10000000042196543</CWH>
      <CFGlacier>1</CFGlacier>
      <CFSlope>1</CFSlope>
      <FC>510.99025431931108</FC>
      <LP>0.99440407950115928</LP>
      <BETA>1.0050235118250184</BETA>
    </VegetationZoneParameters>
  </VegetationZone>
  <SubCatchment>
    <SubCatchmentParameters>
      <KSI>0.001</KSI>
      <KGmin>0.05</KGmin>
      <RangeKG>0.1</RangeKG>
      <AG>0.1</AG>
      <PERC>2.2287753730314246</PERC>
      <Alpha>0</Alpha>
      <UZL>183.37900349985148</UZL>
      <K0>0.20482043315973125</K0>
      <K1>0.26083998362077965</K1>
      <K2>0.022355690794268603</K2>
      <MAXBAS>1</MAXBAS>
      <Cet>0.29999837097426052</Cet>
      <PCALT>10</PCALT>
      <TCALT>0.6</TCALT>
      <Pelev>482</Pelev>
      <Telev>482</Telev>
      <PART>0.5</PART>
      <DELAY>1</DELAY>
    </SubCatchmentParameters>
    <SubCatchmentVegetationZone>
      <SubCatchmentVegetationZoneParameters>
        <TT>-2.1607091445587296</TT>
        <CFMAX>1.4682012285668613</CFMAX>
        <SP>0</SP>
        <SFCF>0.92838466402750086</SFCF>
        <CFR>0.051333885397682188</CFR>
        <CWH>0.10000000042196543</CWH>
        <CFGlacier>1</CFGlacier>
        <CFSlope>1</CFSlope>
        <FC>510.99025431931108</FC>
        <LP>0.99440407950115928</LP>
        <BETA>1.0050235118250184</BETA>
      </SubCatchmentVegetationZoneParameters>
    </SubCatchmentVegetationZone>
  </SubCatchment>
</Catchment>