<?xml version="1.0" encoding="utf-8"?>
<Catchment xmlns:xsi="http://www.w3.org/2001/XMLSchema-instance" xmlns:xsd="http://www.w3.org/2001/XMLSchema">
  <CatchmentParameters>
    <KSI>0.001</KSI>
    <KGmin>0.05</KGmin>
    <RangeKG>0.1</RangeKG>
    <AG>0.1</AG>
    <PERC>3.5405001457001459</PERC>
    <Alpha>0</Alpha>
    <UZL>175.4357258846097</UZL>
    <K0>0.082578807799084136</K0>
    <K1>0.26830527403283994</K1>
    <K2>0.024540105606359611</K2>
    <MAXBAS>1</MAXBAS>
    <Cet>0.28700195819716445</Cet>
    <PCALT>10</PCALT>
    <TCALT>0.6</TCALT>
    <Pelev>482</Pelev>
    <Telev>482</Telev>
    <PART>0.5</PART>
    <DELAY>1</DELAY>
  </CatchmentParameters>
  <VegetationZone>
    <VegetationZoneParameters>
      <TT>-2.1652496079427896</TT>
      <CFMAX>2.9392843154362751</CFMAX>
      <SP>0</SP>
      <SFCF>0.943866376334077</SFCF>
      <CFR>0.099992334193333421</CFR>
      <CWH>0.10000063062659091</CWH>
      <CFGlacier>1</CFGlacier>
      <CFSlope>1</CFSlope>
      <FC>224.53649012685469</FC>
      <LP>0.9206859840678856</LP>
      <BETA>1.11861023529214</BETA>
    </VegetationZoneParameters>
  </VegetationZone>
  <SubCatchment>
    <SubCatchmentParameters>
      <KSI>0.001</KSI>
      <KGmin>0.05</KGmin>
      <RangeKG>0.1</RangeKG>
      <AG>0.1</AG>
      <PERC>3.5405001457001459</PERC>
      <Alpha>0</Alpha>
      <UZL>175.4357258846097</UZL>
      <K0>0.082578807799084136</K0>
      <K1>0.26830527403283994</K1>
      <K2>0.024540105606359611</K2>
      <MAXBAS>1</MAXBAS>
      <Cet>0.28700195819716445</Cet>
      <PCALT>10</PCALT>
      <TCALT>0.6</TCALT>
      <Pelev>482</Pelev>
      <Telev>482</Telev>
      <PART>0.5</PART>
      <DELAY>1</DELAY>
    </SubCatchmentParameters>
    <SubCatchmentVegetationZone>
      <SubCatchmentVegetationZoneParameters>
        <TT>-2.1652496079427896</TT>
        <CFMAX>2.9392843154362751</CFMAX>
        <SP>0</SP>
        <SFCF>0.943866376334077</SFCF>
        <CFR>0.099992334193333421</CFR>
        <CWH>0.10000063062659091</CWH>
        <CFGlacier>1</CFGlacier>
        <CFSlope>1</CFSlope>
        <FC>224.53649012685469</FC>
        <LP>0.9206859840678856</LP>
        <BETA>1.11861023529214</BETA>
      </SubCatchmentVegetationZoneParameters>
    </SubCatchmentVegetationZone>
  </SubCatchment>
</Catchment>