<?xml version="1.0" encoding="utf-8"?>
<Catchment xmlns:xsi="http://www.w3.org/2001/XMLSchema-instance" xmlns:xsd="http://www.w3.org/2001/XMLSchema">
  <CatchmentParameters>
    <KSI>0.001</KSI>
    <KGmin>0.05</KGmin>
    <RangeKG>0.1</RangeKG>
    <AG>0.1</AG>
    <PERC>2.8867645734923317</PERC>
    <Alpha>0</Alpha>
    <UZL>22.130659568992808</UZL>
    <K0>0.12325952038732468</K0>
    <K1>0.16732689653828264</K1>
    <K2>0.023290731810972867</K2>
    <MAXBAS>1</MAXBAS>
    <Cet>0.14016103071000108</Cet>
    <PCALT>10</PCALT>
    <TCALT>0.6</TCALT>
    <Pelev>482</Pelev>
    <Telev>482</Telev>
    <PART>0.5</PART>
    <DELAY>1</DELAY>
  </CatchmentParameters>
  <VegetationZone>
    <VegetationZoneParameters>
      <TT>-2.1688429826510989</TT>
      <CFMAX>2.2145281261393608</CFMAX>
      <SP>0</SP>
      <SFCF>0.86895899204774829</SFCF>
      <CFR>0.043716622993063579</CFR>
      <CWH>0.10000034013208801</CWH>
      <CFGlacier>1</CFGlacier>
      <CFSlope>1</CFSlope>
      <FC>158.84894995849328</FC>
      <LP>0.83559060571173693</LP>
      <BETA>1.1593878152956714</BETA>
    </VegetationZoneParameters>
  </VegetationZone>
  <SubCatchment>
    <SubCatchmentParameters>
      <KSI>0.001</KSI>
      <KGmin>0.05</KGmin>
      <RangeKG>0.1</RangeKG>
      <AG>0.1</AG>
      <PERC>2.8867645734923317</PERC>
      <Alpha>0</Alpha>
      <UZL>22.130659568992808</UZL>
      <K0>0.12325952038732468</K0>
      <K1>0.16732689653828264</K1>
      <K2>0.023290731810972867</K2>
      <MAXBAS>1</MAXBAS>
      <Cet>0.14016103071000108</Cet>
      <PCALT>10</PCALT>
      <TCALT>0.6</TCALT>
      <Pelev>482</Pelev>
      <Telev>482</Telev>
      <PART>0.5</PART>
      <DELAY>1</DELAY>
    </SubCatchmentParameters>
    <SubCatchmentVegetationZone>
      <SubCatchmentVegetationZoneParameters>
        <TT>-2.1688429826510989</TT>
        <CFMAX>2.2145281261393608</CFMAX>
        <SP>0</SP>
        <SFCF>0.86895899204774829</SFCF>
        <CFR>0.043716622993063579</CFR>
        <CWH>0.10000034013208801</CWH>
        <CFGlacier>1</CFGlacier>
        <CFSlope>1</CFSlope>
        <FC>158.84894995849328</FC>
        <LP>0.83559060571173693</LP>
        <BETA>1.1593878152956714</BETA>
      </SubCatchmentVegetationZoneParameters>
    </SubCatchmentVegetationZone>
  </SubCatchment>
</Catchment>