<?xml version="1.0" encoding="utf-8"?>
<Catchment xmlns:xsi="http://www.w3.org/2001/XMLSchema-instance" xmlns:xsd="http://www.w3.org/2001/XMLSchema">
  <CatchmentParameters>
    <KSI>0.001</KSI>
    <KGmin>0.05</KGmin>
    <RangeKG>0.1</RangeKG>
    <AG>0.1</AG>
    <PERC>3.3137331638416705</PERC>
    <Alpha>0</Alpha>
    <UZL>158.8004684289391</UZL>
    <K0>0.9012539535476668</K0>
    <K1>0.25272758082241203</K1>
    <K2>0.024211143693102628</K2>
    <MAXBAS>1</MAXBAS>
    <Cet>0.29984157565238878</Cet>
    <PCALT>10</PCALT>
    <TCALT>0.6</TCALT>
    <Pelev>482</Pelev>
    <Telev>482</Telev>
    <PART>0.5</PART>
    <DELAY>1</DELAY>
  </CatchmentParameters>
  <VegetationZone>
    <VegetationZoneParameters>
      <TT>-2.1460228931770149</TT>
      <CFMAX>1.6641744637459703</CFMAX>
      <SP>0</SP>
      <SFCF>0.58534662901598156</SFCF>
      <CFR>0.09121953734269668</CFR>
      <CWH>0.10000030505687435</CWH>
      <CFGlacier>1</CFGlacier>
      <CFSlope>1</CFSlope>
      <FC>173.17454313488506</FC>
      <LP>0.9673178146440008</LP>
      <BETA>1.2089172775521495</BETA>
    </VegetationZoneParameters>
  </VegetationZone>
  <SubCatchment>
    <SubCatchmentParameters>
      <KSI>0.001</KSI>
      <KGmin>0.05</KGmin>
      <RangeKG>0.1</RangeKG>
      <AG>0.1</AG>
      <PERC>3.3137331638416705</PERC>
      <Alpha>0</Alpha>
      <UZL>158.8004684289391</UZL>
      <K0>0.9012539535476668</K0>
      <K1>0.25272758082241203</K1>
      <K2>0.024211143693102628</K2>
      <MAXBAS>1</MAXBAS>
      <Cet>0.29984157565238878</Cet>
      <PCALT>10</PCALT>
      <TCALT>0.6</TCALT>
      <Pelev>482</Pelev>
      <Telev>482</Telev>
      <PART>0.5</PART>
      <DELAY>1</DELAY>
    </SubCatchmentParameters>
    <SubCatchmentVegetationZone>
      <SubCatchmentVegetationZoneParameters>
        <TT>-2.1460228931770149</TT>
        <CFMAX>1.6641744637459703</CFMAX>
        <SP>0</SP>
        <SFCF>0.58534662901598156</SFCF>
        <CFR>0.09121953734269668</CFR>
        <CWH>0.10000030505687435</CWH>
        <CFGlacier>1</CFGlacier>
        <CFSlope>1</CFSlope>
        <FC>173.17454313488506</FC>
        <LP>0.9673178146440008</LP>
        <BETA>1.2089172775521495</BETA>
      </SubCatchmentVegetationZoneParameters>
    </SubCatchmentVegetationZone>
  </SubCatchment>
</Catchment>