<?xml version="1.0" encoding="utf-8"?>
<Catchment xmlns:xsi="http://www.w3.org/2001/XMLSchema-instance" xmlns:xsd="http://www.w3.org/2001/XMLSchema">
  <CatchmentParameters>
    <KSI>0.001</KSI>
    <KGmin>0.05</KGmin>
    <RangeKG>0.1</RangeKG>
    <AG>0.1</AG>
    <PERC>2.8981559841022828</PERC>
    <Alpha>0</Alpha>
    <UZL>27.762143355570853</UZL>
    <K0>0.091204886341378771</K0>
    <K1>0.17608620990016591</K1>
    <K2>0.023406780023629122</K2>
    <MAXBAS>1</MAXBAS>
    <Cet>0.054922643176994183</Cet>
    <PCALT>10</PCALT>
    <TCALT>0.6</TCALT>
    <Pelev>482</Pelev>
    <Telev>482</Telev>
    <PART>0.5</PART>
    <DELAY>1</DELAY>
  </CatchmentParameters>
  <VegetationZone>
    <VegetationZoneParameters>
      <TT>-2.396010840855165</TT>
      <CFMAX>1.2154113371025272</CFMAX>
      <SP>0</SP>
      <SFCF>0.68791319747038027</SFCF>
      <CFR>0.099994836967595729</CFR>
      <CWH>0.10000000031035304</CWH>
      <CFGlacier>1</CFGlacier>
      <CFSlope>1</CFSlope>
      <FC>89.7795439647553</FC>
      <LP>0.83184596169793268</LP>
      <BETA>1.3404930692350867</BETA>
    </VegetationZoneParameters>
  </VegetationZone>
  <SubCatchment>
    <SubCatchmentParameters>
      <KSI>0.001</KSI>
      <KGmin>0.05</KGmin>
      <RangeKG>0.1</RangeKG>
      <AG>0.1</AG>
      <PERC>2.8981559841022828</PERC>
      <Alpha>0</Alpha>
      <UZL>27.762143355570853</UZL>
      <K0>0.091204886341378771</K0>
      <K1>0.17608620990016591</K1>
      <K2>0.023406780023629122</K2>
      <MAXBAS>1</MAXBAS>
      <Cet>0.054922643176994183</Cet>
      <PCALT>10</PCALT>
      <TCALT>0.6</TCALT>
      <Pelev>482</Pelev>
      <Telev>482</Telev>
      <PART>0.5</PART>
      <DELAY>1</DELAY>
    </SubCatchmentParameters>
    <SubCatchmentVegetationZone>
      <SubCatchmentVegetationZoneParameters>
        <TT>-2.396010840855165</TT>
        <CFMAX>1.2154113371025272</CFMAX>
        <SP>0</SP>
        <SFCF>0.68791319747038027</SFCF>
        <CFR>0.099994836967595729</CFR>
        <CWH>0.10000000031035304</CWH>
        <CFGlacier>1</CFGlacier>
        <CFSlope>1</CFSlope>
        <FC>89.7795439647553</FC>
        <LP>0.83184596169793268</LP>
        <BETA>1.3404930692350867</BETA>
      </SubCatchmentVegetationZoneParameters>
    </SubCatchmentVegetationZone>
  </SubCatchment>
</Catchment>