<?xml version="1.0" encoding="utf-8"?>
<Catchment xmlns:xsi="http://www.w3.org/2001/XMLSchema-instance" xmlns:xsd="http://www.w3.org/2001/XMLSchema">
  <CatchmentParameters>
    <KSI>0.001</KSI>
    <KGmin>0.05</KGmin>
    <RangeKG>0.1</RangeKG>
    <AG>0.1</AG>
    <PERC>2.7753471006946464</PERC>
    <Alpha>0</Alpha>
    <UZL>189.63219535385915</UZL>
    <K0>0.30532501551355673</K0>
    <K1>0.26088831228878573</K1>
    <K2>0.023207958164076569</K2>
    <MAXBAS>1</MAXBAS>
    <Cet>0.29999104239072105</Cet>
    <PCALT>10</PCALT>
    <TCALT>0.6</TCALT>
    <Pelev>482</Pelev>
    <Telev>482</Telev>
    <PART>0.5</PART>
    <DELAY>1</DELAY>
  </CatchmentParameters>
  <VegetationZone>
    <VegetationZoneParameters>
      <TT>-2.1798354997501326</TT>
      <CFMAX>1.6309759521986571</CFMAX>
      <SP>0</SP>
      <SFCF>0.760837864509127</SFCF>
      <CFR>0.074971647807957661</CFR>
      <CWH>0.10000134533459897</CWH>
      <CFGlacier>1</CFGlacier>
      <CFSlope>1</CFSlope>
      <FC>318.64747828461839</FC>
      <LP>0.9606727858415639</LP>
      <BETA>1.027447378323386</BETA>
    </VegetationZoneParameters>
  </VegetationZone>
  <SubCatchment>
    <SubCatchmentParameters>
      <KSI>0.001</KSI>
      <KGmin>0.05</KGmin>
      <RangeKG>0.1</RangeKG>
      <AG>0.1</AG>
      <PERC>2.7753471006946464</PERC>
      <Alpha>0</Alpha>
      <UZL>189.63219535385915</UZL>
      <K0>0.30532501551355673</K0>
      <K1>0.26088831228878573</K1>
      <K2>0.023207958164076569</K2>
      <MAXBAS>1</MAXBAS>
      <Cet>0.29999104239072105</Cet>
      <PCALT>10</PCALT>
      <TCALT>0.6</TCALT>
      <Pelev>482</Pelev>
      <Telev>482</Telev>
      <PART>0.5</PART>
      <DELAY>1</DELAY>
    </SubCatchmentParameters>
    <SubCatchmentVegetationZone>
      <SubCatchmentVegetationZoneParameters>
        <TT>-2.1798354997501326</TT>
        <CFMAX>1.6309759521986571</CFMAX>
        <SP>0</SP>
        <SFCF>0.760837864509127</SFCF>
        <CFR>0.074971647807957661</CFR>
        <CWH>0.10000134533459897</CWH>
        <CFGlacier>1</CFGlacier>
        <CFSlope>1</CFSlope>
        <FC>318.64747828461839</FC>
        <LP>0.9606727858415639</LP>
        <BETA>1.027447378323386</BETA>
      </SubCatchmentVegetationZoneParameters>
    </SubCatchmentVegetationZone>
  </SubCatchment>
</Catchment>