<?xml version="1.0" encoding="utf-8"?>
<Catchment xmlns:xsi="http://www.w3.org/2001/XMLSchema-instance" xmlns:xsd="http://www.w3.org/2001/XMLSchema">
  <CatchmentParameters>
    <KSI>0.001</KSI>
    <KGmin>0.05</KGmin>
    <RangeKG>0.1</RangeKG>
    <AG>0.1</AG>
    <PERC>3.3553147496562481</PERC>
    <Alpha>0</Alpha>
    <UZL>134.666645770171</UZL>
    <K0>0.97616481362880381</K0>
    <K1>0.24675446661813305</K1>
    <K2>0.024071888067285271</K2>
    <MAXBAS>1</MAXBAS>
    <Cet>0.12396815390299509</Cet>
    <PCALT>10</PCALT>
    <TCALT>0.6</TCALT>
    <Pelev>482</Pelev>
    <Telev>482</Telev>
    <PART>0.5</PART>
    <DELAY>1</DELAY>
  </CatchmentParameters>
  <VegetationZone>
    <VegetationZoneParameters>
      <TT>-2.1460152473400749</TT>
      <CFMAX>1.5027332432848215</CFMAX>
      <SP>0</SP>
      <SFCF>0.61845764903606126</SFCF>
      <CFR>0.034543696165428232</CFR>
      <CWH>0.10000107182797592</CWH>
      <CFGlacier>1</CFGlacier>
      <CFSlope>1</CFSlope>
      <FC>110.08845309766832</FC>
      <LP>0.79943786596906918</LP>
      <BETA>1.2041088001020608</BETA>
    </VegetationZoneParameters>
  </VegetationZone>
  <SubCatchment>
    <SubCatchmentParameters>
      <KSI>0.001</KSI>
      <KGmin>0.05</KGmin>
      <RangeKG>0.1</RangeKG>
      <AG>0.1</AG>
      <PERC>3.3553147496562481</PERC>
      <Alpha>0</Alpha>
      <UZL>134.666645770171</UZL>
      <K0>0.97616481362880381</K0>
      <K1>0.24675446661813305</K1>
      <K2>0.024071888067285271</K2>
      <MAXBAS>1</MAXBAS>
      <Cet>0.12396815390299509</Cet>
      <PCALT>10</PCALT>
      <TCALT>0.6</TCALT>
      <Pelev>482</Pelev>
      <Telev>482</Telev>
      <PART>0.5</PART>
      <DELAY>1</DELAY>
    </SubCatchmentParameters>
    <SubCatchmentVegetationZone>
      <SubCatchmentVegetationZoneParameters>
        <TT>-2.1460152473400749</TT>
        <CFMAX>1.5027332432848215</CFMAX>
        <SP>0</SP>
        <SFCF>0.61845764903606126</SFCF>
        <CFR>0.034543696165428232</CFR>
        <CWH>0.10000107182797592</CWH>
        <CFGlacier>1</CFGlacier>
        <CFSlope>1</CFSlope>
        <FC>110.08845309766832</FC>
        <LP>0.79943786596906918</LP>
        <BETA>1.2041088001020608</BETA>
      </SubCatchmentVegetationZoneParameters>
    </SubCatchmentVegetationZone>
  </SubCatchment>
</Catchment>