<?xml version="1.0" encoding="utf-8"?>
<Catchment xmlns:xsi="http://www.w3.org/2001/XMLSchema-instance" xmlns:xsd="http://www.w3.org/2001/XMLSchema">
  <CatchmentParameters>
    <KSI>0.001</KSI>
    <KGmin>0.05</KGmin>
    <RangeKG>0.1</RangeKG>
    <AG>0.1</AG>
    <PERC>3.2312256252336251</PERC>
    <Alpha>0</Alpha>
    <UZL>196.37938925468569</UZL>
    <K0>0.39456989264860459</K0>
    <K1>0.25331828036954668</K1>
    <K2>0.024412904299616466</K2>
    <MAXBAS>1</MAXBAS>
    <Cet>0.14021537990314115</Cet>
    <PCALT>10</PCALT>
    <TCALT>0.6</TCALT>
    <Pelev>482</Pelev>
    <Telev>482</Telev>
    <PART>0.5</PART>
    <DELAY>1</DELAY>
  </CatchmentParameters>
  <VegetationZone>
    <VegetationZoneParameters>
      <TT>-2.1460331027239024</TT>
      <CFMAX>1.5707091410168472</CFMAX>
      <SP>0</SP>
      <SFCF>0.65508690145066673</SFCF>
      <CFR>0.080082015527991046</CFR>
      <CWH>0.10000082822492797</CWH>
      <CFGlacier>1</CFGlacier>
      <CFSlope>1</CFSlope>
      <FC>146.18445428797017</FC>
      <LP>0.75439339075683121</LP>
      <BETA>1.0472224086568063</BETA>
    </VegetationZoneParameters>
  </VegetationZone>
  <SubCatchment>
    <SubCatchmentParameters>
      <KSI>0.001</KSI>
      <KGmin>0.05</KGmin>
      <RangeKG>0.1</RangeKG>
      <AG>0.1</AG>
      <PERC>3.2312256252336251</PERC>
      <Alpha>0</Alpha>
      <UZL>196.37938925468569</UZL>
      <K0>0.39456989264860459</K0>
      <K1>0.25331828036954668</K1>
      <K2>0.024412904299616466</K2>
      <MAXBAS>1</MAXBAS>
      <Cet>0.14021537990314115</Cet>
      <PCALT>10</PCALT>
      <TCALT>0.6</TCALT>
      <Pelev>482</Pelev>
      <Telev>482</Telev>
      <PART>0.5</PART>
      <DELAY>1</DELAY>
    </SubCatchmentParameters>
    <SubCatchmentVegetationZone>
      <SubCatchmentVegetationZoneParameters>
        <TT>-2.1460331027239024</TT>
        <CFMAX>1.5707091410168472</CFMAX>
        <SP>0</SP>
        <SFCF>0.65508690145066673</SFCF>
        <CFR>0.080082015527991046</CFR>
        <CWH>0.10000082822492797</CWH>
        <CFGlacier>1</CFGlacier>
        <CFSlope>1</CFSlope>
        <FC>146.18445428797017</FC>
        <LP>0.75439339075683121</LP>
        <BETA>1.0472224086568063</BETA>
      </SubCatchmentVegetationZoneParameters>
    </SubCatchmentVegetationZone>
  </SubCatchment>
</Catchment>