<?xml version="1.0" encoding="utf-8"?>
<Catchment xmlns:xsi="http://www.w3.org/2001/XMLSchema-instance" xmlns:xsd="http://www.w3.org/2001/XMLSchema">
  <CatchmentParameters>
    <KSI>0.001</KSI>
    <KGmin>0.05</KGmin>
    <RangeKG>0.1</RangeKG>
    <AG>0.1</AG>
    <PERC>3.6829246948481811</PERC>
    <Alpha>0</Alpha>
    <UZL>157.11309646581867</UZL>
    <K0>0.880649938739366</K0>
    <K1>0.26086443905649176</K1>
    <K2>0.02479260152356973</K2>
    <MAXBAS>1</MAXBAS>
    <Cet>0.19979531811734694</Cet>
    <PCALT>10</PCALT>
    <TCALT>0.6</TCALT>
    <Pelev>482</Pelev>
    <Telev>482</Telev>
    <PART>0.5</PART>
    <DELAY>1</DELAY>
  </CatchmentParameters>
  <VegetationZone>
    <VegetationZoneParameters>
      <TT>-2.1460139733423431</TT>
      <CFMAX>2.9819576247144206</CFMAX>
      <SP>0</SP>
      <SFCF>0.82902271282250162</SFCF>
      <CFR>0.034510075625937754</CFR>
      <CWH>0.10000263240241694</CWH>
      <CFGlacier>1</CFGlacier>
      <CFSlope>1</CFSlope>
      <FC>156.51052950080961</FC>
      <LP>0.88207975099190838</LP>
      <BETA>1.1144573891328446</BETA>
    </VegetationZoneParameters>
  </VegetationZone>
  <SubCatchment>
    <SubCatchmentParameters>
      <KSI>0.001</KSI>
      <KGmin>0.05</KGmin>
      <RangeKG>0.1</RangeKG>
      <AG>0.1</AG>
      <PERC>3.6829246948481811</PERC>
      <Alpha>0</Alpha>
      <UZL>157.11309646581867</UZL>
      <K0>0.880649938739366</K0>
      <K1>0.26086443905649176</K1>
      <K2>0.02479260152356973</K2>
      <MAXBAS>1</MAXBAS>
      <Cet>0.19979531811734694</Cet>
      <PCALT>10</PCALT>
      <TCALT>0.6</TCALT>
      <Pelev>482</Pelev>
      <Telev>482</Telev>
      <PART>0.5</PART>
      <DELAY>1</DELAY>
    </SubCatchmentParameters>
    <SubCatchmentVegetationZone>
      <SubCatchmentVegetationZoneParameters>
        <TT>-2.1460139733423431</TT>
        <CFMAX>2.9819576247144206</CFMAX>
        <SP>0</SP>
        <SFCF>0.82902271282250162</SFCF>
        <CFR>0.034510075625937754</CFR>
        <CWH>0.10000263240241694</CWH>
        <CFGlacier>1</CFGlacier>
        <CFSlope>1</CFSlope>
        <FC>156.51052950080961</FC>
        <LP>0.88207975099190838</LP>
        <BETA>1.1144573891328446</BETA>
      </SubCatchmentVegetationZoneParameters>
    </SubCatchmentVegetationZone>
  </SubCatchment>
</Catchment>