<?xml version="1.0" encoding="utf-8"?>
<Catchment xmlns:xsi="http://www.w3.org/2001/XMLSchema-instance" xmlns:xsd="http://www.w3.org/2001/XMLSchema">
  <CatchmentParameters>
    <KSI>0.001</KSI>
    <KGmin>0.05</KGmin>
    <RangeKG>0.1</RangeKG>
    <AG>0.1</AG>
    <PERC>2.9018185386683388</PERC>
    <Alpha>0</Alpha>
    <UZL>151.36162363548249</UZL>
    <K0>0.18847078868431494</K0>
    <K1>0.26365091945037394</K1>
    <K2>0.023071600484268616</K2>
    <MAXBAS>1</MAXBAS>
    <Cet>0.28487879668151994</Cet>
    <PCALT>10</PCALT>
    <TCALT>0.6</TCALT>
    <Pelev>482</Pelev>
    <Telev>482</Telev>
    <PART>0.5</PART>
    <DELAY>1</DELAY>
  </CatchmentParameters>
  <VegetationZone>
    <VegetationZoneParameters>
      <TT>-2.1969847736725305</TT>
      <CFMAX>2.121780649629776</CFMAX>
      <SP>0</SP>
      <SFCF>0.92217705483578472</SFCF>
      <CFR>1.7783570879421967E-05</CFR>
      <CWH>0.10000208261336928</CWH>
      <CFGlacier>1</CFGlacier>
      <CFSlope>1</CFSlope>
      <FC>307.71523172007011</FC>
      <LP>0.98573001682680583</LP>
      <BETA>1.0793492554931903</BETA>
    </VegetationZoneParameters>
  </VegetationZone>
  <SubCatchment>
    <SubCatchmentParameters>
      <KSI>0.001</KSI>
      <KGmin>0.05</KGmin>
      <RangeKG>0.1</RangeKG>
      <AG>0.1</AG>
      <PERC>2.9018185386683388</PERC>
      <Alpha>0</Alpha>
      <UZL>151.36162363548249</UZL>
      <K0>0.18847078868431494</K0>
      <K1>0.26365091945037394</K1>
      <K2>0.023071600484268616</K2>
      <MAXBAS>1</MAXBAS>
      <Cet>0.28487879668151994</Cet>
      <PCALT>10</PCALT>
      <TCALT>0.6</TCALT>
      <Pelev>482</Pelev>
      <Telev>482</Telev>
      <PART>0.5</PART>
      <DELAY>1</DELAY>
    </SubCatchmentParameters>
    <SubCatchmentVegetationZone>
      <SubCatchmentVegetationZoneParameters>
        <TT>-2.1969847736725305</TT>
        <CFMAX>2.121780649629776</CFMAX>
        <SP>0</SP>
        <SFCF>0.92217705483578472</SFCF>
        <CFR>1.7783570879421967E-05</CFR>
        <CWH>0.10000208261336928</CWH>
        <CFGlacier>1</CFGlacier>
        <CFSlope>1</CFSlope>
        <FC>307.71523172007011</FC>
        <LP>0.98573001682680583</LP>
        <BETA>1.0793492554931903</BETA>
      </SubCatchmentVegetationZoneParameters>
    </SubCatchmentVegetationZone>
  </SubCatchment>
</Catchment>