<?xml version="1.0" encoding="utf-8"?>
<Catchment xmlns:xsi="http://www.w3.org/2001/XMLSchema-instance" xmlns:xsd="http://www.w3.org/2001/XMLSchema">
  <CatchmentParameters>
    <KSI>0.001</KSI>
    <KGmin>0.05</KGmin>
    <RangeKG>0.1</RangeKG>
    <AG>0.1</AG>
    <PERC>4.3148262836160711</PERC>
    <Alpha>0</Alpha>
    <UZL>120.22251056169212</UZL>
    <K0>0.98086437405769411</K0>
    <K1>0.26563196851561016</K1>
    <K2>0.026161718975484818</K2>
    <MAXBAS>1</MAXBAS>
    <Cet>0.28142454114045934</Cet>
    <PCALT>10</PCALT>
    <TCALT>0.6</TCALT>
    <Pelev>482</Pelev>
    <Telev>482</Telev>
    <PART>0.5</PART>
    <DELAY>1</DELAY>
  </CatchmentParameters>
  <VegetationZone>
    <VegetationZoneParameters>
      <TT>-2.1478031345468871</TT>
      <CFMAX>2.6456966983861241</CFMAX>
      <SP>0</SP>
      <SFCF>0.71581348460021377</SFCF>
      <CFR>0.074669998084780115</CFR>
      <CWH>0.10000087586652039</CWH>
      <CFGlacier>1</CFGlacier>
      <CFSlope>1</CFSlope>
      <FC>140.6170639669252</FC>
      <LP>0.83675746797320438</LP>
      <BETA>1.1275038296710509</BETA>
    </VegetationZoneParameters>
  </VegetationZone>
  <SubCatchment>
    <SubCatchmentParameters>
      <KSI>0.001</KSI>
      <KGmin>0.05</KGmin>
      <RangeKG>0.1</RangeKG>
      <AG>0.1</AG>
      <PERC>4.3148262836160711</PERC>
      <Alpha>0</Alpha>
      <UZL>120.22251056169212</UZL>
      <K0>0.98086437405769411</K0>
      <K1>0.26563196851561016</K1>
      <K2>0.026161718975484818</K2>
      <MAXBAS>1</MAXBAS>
      <Cet>0.28142454114045934</Cet>
      <PCALT>10</PCALT>
      <TCALT>0.6</TCALT>
      <Pelev>482</Pelev>
      <Telev>482</Telev>
      <PART>0.5</PART>
      <DELAY>1</DELAY>
    </SubCatchmentParameters>
    <SubCatchmentVegetationZone>
      <SubCatchmentVegetationZoneParameters>
        <TT>-2.1478031345468871</TT>
        <CFMAX>2.6456966983861241</CFMAX>
        <SP>0</SP>
        <SFCF>0.71581348460021377</SFCF>
        <CFR>0.074669998084780115</CFR>
        <CWH>0.10000087586652039</CWH>
        <CFGlacier>1</CFGlacier>
        <CFSlope>1</CFSlope>
        <FC>140.6170639669252</FC>
        <LP>0.83675746797320438</LP>
        <BETA>1.1275038296710509</BETA>
      </SubCatchmentVegetationZoneParameters>
    </SubCatchmentVegetationZone>
  </SubCatchment>
</Catchment>