<?xml version="1.0" encoding="utf-8"?>
<Catchment xmlns:xsi="http://www.w3.org/2001/XMLSchema-instance" xmlns:xsd="http://www.w3.org/2001/XMLSchema">
  <CatchmentParameters>
    <KSI>0.001</KSI>
    <KGmin>0.05</KGmin>
    <RangeKG>0.1</RangeKG>
    <AG>0.1</AG>
    <PERC>3.1533451472848335</PERC>
    <Alpha>0</Alpha>
    <UZL>155.3990498349182</UZL>
    <K0>0.92940618765544869</K0>
    <K1>0.25584986618395383</K1>
    <K2>0.023753096755351397</K2>
    <MAXBAS>1</MAXBAS>
    <Cet>0.28157479898451132</Cet>
    <PCALT>10</PCALT>
    <TCALT>0.6</TCALT>
    <Pelev>482</Pelev>
    <Telev>482</Telev>
    <PART>0.5</PART>
    <DELAY>1</DELAY>
  </CatchmentParameters>
  <VegetationZone>
    <VegetationZoneParameters>
      <TT>-2.1796065239339484</TT>
      <CFMAX>1.5006740735604185</CFMAX>
      <SP>0</SP>
      <SFCF>0.60170863081690085</SFCF>
      <CFR>0.047443888953541659</CFR>
      <CWH>0.1000039011668622</CWH>
      <CFGlacier>1</CFGlacier>
      <CFSlope>1</CFSlope>
      <FC>197.81220514871632</FC>
      <LP>0.98513638898221145</LP>
      <BETA>1.1905604534944878</BETA>
    </VegetationZoneParameters>
  </VegetationZone>
  <SubCatchment>
    <SubCatchmentParameters>
      <KSI>0.001</KSI>
      <KGmin>0.05</KGmin>
      <RangeKG>0.1</RangeKG>
      <AG>0.1</AG>
      <PERC>3.1533451472848335</PERC>
      <Alpha>0</Alpha>
      <UZL>155.3990498349182</UZL>
      <K0>0.92940618765544869</K0>
      <K1>0.25584986618395383</K1>
      <K2>0.023753096755351397</K2>
      <MAXBAS>1</MAXBAS>
      <Cet>0.28157479898451132</Cet>
      <PCALT>10</PCALT>
      <TCALT>0.6</TCALT>
      <Pelev>482</Pelev>
      <Telev>482</Telev>
      <PART>0.5</PART>
      <DELAY>1</DELAY>
    </SubCatchmentParameters>
    <SubCatchmentVegetationZone>
      <SubCatchmentVegetationZoneParameters>
        <TT>-2.1796065239339484</TT>
        <CFMAX>1.5006740735604185</CFMAX>
        <SP>0</SP>
        <SFCF>0.60170863081690085</SFCF>
        <CFR>0.047443888953541659</CFR>
        <CWH>0.1000039011668622</CWH>
        <CFGlacier>1</CFGlacier>
        <CFSlope>1</CFSlope>
        <FC>197.81220514871632</FC>
        <LP>0.98513638898221145</LP>
        <BETA>1.1905604534944878</BETA>
      </SubCatchmentVegetationZoneParameters>
    </SubCatchmentVegetationZone>
  </SubCatchment>
</Catchment>