<?xml version="1.0" encoding="utf-8"?>
<Catchment xmlns:xsi="http://www.w3.org/2001/XMLSchema-instance" xmlns:xsd="http://www.w3.org/2001/XMLSchema">
  <CatchmentParameters>
    <KSI>0.001</KSI>
    <KGmin>0.05</KGmin>
    <RangeKG>0.1</RangeKG>
    <AG>0.1</AG>
    <PERC>3.7826218051188887</PERC>
    <Alpha>0</Alpha>
    <UZL>156.10913014191803</UZL>
    <K0>0.10178821957011175</K0>
    <K1>0.26183178576257193</K1>
    <K2>0.024383060183417654</K2>
    <MAXBAS>1</MAXBAS>
    <Cet>0.28450843977306323</Cet>
    <PCALT>10</PCALT>
    <TCALT>0.6</TCALT>
    <Pelev>482</Pelev>
    <Telev>482</Telev>
    <PART>0.5</PART>
    <DELAY>1</DELAY>
  </CatchmentParameters>
  <VegetationZone>
    <VegetationZoneParameters>
      <TT>-2.1460004159351524</TT>
      <CFMAX>2.1027249627588831</CFMAX>
      <SP>0</SP>
      <SFCF>0.82671977921516926</SFCF>
      <CFR>0.099991900657501437</CFR>
      <CWH>0.10000039991114679</CWH>
      <CFGlacier>1</CFGlacier>
      <CFSlope>1</CFSlope>
      <FC>148.86679063087416</FC>
      <LP>0.9326553471907062</LP>
      <BETA>1.4462963478365949</BETA>
    </VegetationZoneParameters>
  </VegetationZone>
  <SubCatchment>
    <SubCatchmentParameters>
      <KSI>0.001</KSI>
      <KGmin>0.05</KGmin>
      <RangeKG>0.1</RangeKG>
      <AG>0.1</AG>
      <PERC>3.7826218051188887</PERC>
      <Alpha>0</Alpha>
      <UZL>156.10913014191803</UZL>
      <K0>0.10178821957011175</K0>
      <K1>0.26183178576257193</K1>
      <K2>0.024383060183417654</K2>
      <MAXBAS>1</MAXBAS>
      <Cet>0.28450843977306323</Cet>
      <PCALT>10</PCALT>
      <TCALT>0.6</TCALT>
      <Pelev>482</Pelev>
      <Telev>482</Telev>
      <PART>0.5</PART>
      <DELAY>1</DELAY>
    </SubCatchmentParameters>
    <SubCatchmentVegetationZone>
      <SubCatchmentVegetationZoneParameters>
        <TT>-2.1460004159351524</TT>
        <CFMAX>2.1027249627588831</CFMAX>
        <SP>0</SP>
        <SFCF>0.82671977921516926</SFCF>
        <CFR>0.099991900657501437</CFR>
        <CWH>0.10000039991114679</CWH>
        <CFGlacier>1</CFGlacier>
        <CFSlope>1</CFSlope>
        <FC>148.86679063087416</FC>
        <LP>0.9326553471907062</LP>
        <BETA>1.4462963478365949</BETA>
      </SubCatchmentVegetationZoneParameters>
    </SubCatchmentVegetationZone>
  </SubCatchment>
</Catchment>