<?xml version="1.0" encoding="utf-8"?>
<Catchment xmlns:xsi="http://www.w3.org/2001/XMLSchema-instance" xmlns:xsd="http://www.w3.org/2001/XMLSchema">
  <CatchmentParameters>
    <KSI>0.001</KSI>
    <KGmin>0.05</KGmin>
    <RangeKG>0.1</RangeKG>
    <AG>0.1</AG>
    <PERC>7.482468291599198</PERC>
    <Alpha>0</Alpha>
    <UZL>106.21507432133225</UZL>
    <K0>0.57463785380304122</K0>
    <K1>0.2209332255583174</K1>
    <K2>0.0768968215985486</K2>
    <MAXBAS>1.0000008662740638</MAXBAS>
    <Cet>0</Cet>
    <PCALT>10</PCALT>
    <TCALT>0.6</TCALT>
    <Pelev>601.5</Pelev>
    <Telev>601.5</Telev>
    <PART>0.5</PART>
    <DELAY>1</DELAY>
  </CatchmentParameters>
  <VegetationZone>
    <VegetationZoneParameters>
      <TT>-0.9186059792296678</TT>
      <CFMAX>1.97200090876846</CFMAX>
      <SP>0</SP>
      <SFCF>0.72581515557195153</SFCF>
      <CFR>0.052864727075046254</CFR>
      <CWH>0.10000016197994754</CWH>
      <CFGlacier>1</CFGlacier>
      <CFSlope>1</CFSlope>
      <FC>174.53219115911421</FC>
      <LP>0.90520152095798478</LP>
      <BETA>4.9464902622650229</BETA>
    </VegetationZoneParameters>
  </VegetationZone>
  <SubCatchment>
    <SubCatchmentParameters>
      <KSI>0.001</KSI>
      <KGmin>0.05</KGmin>
      <RangeKG>0.1</RangeKG>
      <AG>0.1</AG>
      <PERC>7.482468291599198</PERC>
      <Alpha>0</Alpha>
      <UZL>106.21507432133225</UZL>
      <K0>0.57463785380304122</K0>
      <K1>0.2209332255583174</K1>
      <K2>0.0768968215985486</K2>
      <MAXBAS>1.0000008662740638</MAXBAS>
      <Cet>0</Cet>
      <PCALT>10</PCALT>
      <TCALT>0.6</TCALT>
      <Pelev>601.5</Pelev>
      <Telev>601.5</Telev>
      <PART>0.5</PART>
      <DELAY>1</DELAY>
    </SubCatchmentParameters>
    <SubCatchmentVegetationZone>
      <SubCatchmentVegetationZoneParameters>
        <TT>-0.9186059792296678</TT>
        <CFMAX>1.97200090876846</CFMAX>
        <SP>0</SP>
        <SFCF>0.72581515557195153</SFCF>
        <CFR>0.052864727075046254</CFR>
        <CWH>0.10000016197994754</CWH>
        <CFGlacier>1</CFGlacier>
        <CFSlope>1</CFSlope>
        <FC>174.53219115911421</FC>
        <LP>0.90520152095798478</LP>
        <BETA>4.9464902622650229</BETA>
      </SubCatchmentVegetationZoneParameters>
    </SubCatchmentVegetationZone>
  </SubCatchment>
</Catchment>