<?xml version="1.0" encoding="utf-8"?>
<Catchment xmlns:xsi="http://www.w3.org/2001/XMLSchema-instance" xmlns:xsd="http://www.w3.org/2001/XMLSchema">
  <CatchmentParameters>
    <KSI>0.001</KSI>
    <KGmin>0.05</KGmin>
    <RangeKG>0.1</RangeKG>
    <AG>0.1</AG>
    <PERC>7.4771077201484371</PERC>
    <Alpha>0</Alpha>
    <UZL>164.37691455717283</UZL>
    <K0>0.45400632506363847</K0>
    <K1>0.20153634609659055</K1>
    <K2>0.072994134982716549</K2>
    <MAXBAS>1.0000114455259912</MAXBAS>
    <Cet>0</Cet>
    <PCALT>10</PCALT>
    <TCALT>0.6</TCALT>
    <Pelev>601.5</Pelev>
    <Telev>601.5</Telev>
    <PART>0.5</PART>
    <DELAY>1</DELAY>
  </CatchmentParameters>
  <VegetationZone>
    <VegetationZoneParameters>
      <TT>-0.15001279021060776</TT>
      <CFMAX>2.5736351905939276</CFMAX>
      <SP>0</SP>
      <SFCF>0.69379343495930479</SFCF>
      <CFR>0.041752408487846893</CFR>
      <CWH>0.10000002882633441</CWH>
      <CFGlacier>1</CFGlacier>
      <CFSlope>1</CFSlope>
      <FC>117.4557812914926</FC>
      <LP>0.705252497032673</LP>
      <BETA>3.1121811472530969</BETA>
    </VegetationZoneParameters>
  </VegetationZone>
  <SubCatchment>
    <SubCatchmentParameters>
      <KSI>0.001</KSI>
      <KGmin>0.05</KGmin>
      <RangeKG>0.1</RangeKG>
      <AG>0.1</AG>
      <PERC>7.4771077201484371</PERC>
      <Alpha>0</Alpha>
      <UZL>164.37691455717283</UZL>
      <K0>0.45400632506363847</K0>
      <K1>0.20153634609659055</K1>
      <K2>0.072994134982716549</K2>
      <MAXBAS>1.0000114455259912</MAXBAS>
      <Cet>0</Cet>
      <PCALT>10</PCALT>
      <TCALT>0.6</TCALT>
      <Pelev>601.5</Pelev>
      <Telev>601.5</Telev>
      <PART>0.5</PART>
      <DELAY>1</DELAY>
    </SubCatchmentParameters>
    <SubCatchmentVegetationZone>
      <SubCatchmentVegetationZoneParameters>
        <TT>-0.15001279021060776</TT>
        <CFMAX>2.5736351905939276</CFMAX>
        <SP>0</SP>
        <SFCF>0.69379343495930479</SFCF>
        <CFR>0.041752408487846893</CFR>
        <CWH>0.10000002882633441</CWH>
        <CFGlacier>1</CFGlacier>
        <CFSlope>1</CFSlope>
        <FC>117.4557812914926</FC>
        <LP>0.705252497032673</LP>
        <BETA>3.1121811472530969</BETA>
      </SubCatchmentVegetationZoneParameters>
    </SubCatchmentVegetationZone>
  </SubCatchment>
</Catchment>