<?xml version="1.0" encoding="utf-8"?>
<Catchment xmlns:xsi="http://www.w3.org/2001/XMLSchema-instance" xmlns:xsd="http://www.w3.org/2001/XMLSchema">
  <CatchmentParameters>
    <KSI>0.001</KSI>
    <KGmin>0.05</KGmin>
    <RangeKG>0.1</RangeKG>
    <AG>0.1</AG>
    <PERC>4.1574102455212607</PERC>
    <Alpha>0</Alpha>
    <UZL>96.125669438413468</UZL>
    <K0>0.61315668746598873</K0>
    <K1>0.14358813608508211</K1>
    <K2>0.050408805902692422</K2>
    <MAXBAS>1</MAXBAS>
    <Cet>0</Cet>
    <PCALT>10</PCALT>
    <TCALT>0.6</TCALT>
    <Pelev>601.5</Pelev>
    <Telev>601.5</Telev>
    <PART>0.5</PART>
    <DELAY>1</DELAY>
  </CatchmentParameters>
  <VegetationZone>
    <VegetationZoneParameters>
      <TT>-1.1500029789500996</TT>
      <CFMAX>2.0227785469302471</CFMAX>
      <SP>0</SP>
      <SFCF>0.90117980272510889</SFCF>
      <CFR>1.5300573784288521E-06</CFR>
      <CWH>0.10000025833753617</CWH>
      <CFGlacier>1</CFGlacier>
      <CFSlope>1</CFSlope>
      <FC>114.63229106952461</FC>
      <LP>0.69584661840898787</LP>
      <BETA>5.454958819110753</BETA>
    </VegetationZoneParameters>
  </VegetationZone>
  <SubCatchment>
    <SubCatchmentParameters>
      <KSI>0.001</KSI>
      <KGmin>0.05</KGmin>
      <RangeKG>0.1</RangeKG>
      <AG>0.1</AG>
      <PERC>4.1574102455212607</PERC>
      <Alpha>0</Alpha>
      <UZL>96.125669438413468</UZL>
      <K0>0.61315668746598873</K0>
      <K1>0.14358813608508211</K1>
      <K2>0.050408805902692422</K2>
      <MAXBAS>1</MAXBAS>
      <Cet>0</Cet>
      <PCALT>10</PCALT>
      <TCALT>0.6</TCALT>
      <Pelev>601.5</Pelev>
      <Telev>601.5</Telev>
      <PART>0.5</PART>
      <DELAY>1</DELAY>
    </SubCatchmentParameters>
    <SubCatchmentVegetationZone>
      <SubCatchmentVegetationZoneParameters>
        <TT>-1.1500029789500996</TT>
        <CFMAX>2.0227785469302471</CFMAX>
        <SP>0</SP>
        <SFCF>0.90117980272510889</SFCF>
        <CFR>1.5300573784288521E-06</CFR>
        <CWH>0.10000025833753617</CWH>
        <CFGlacier>1</CFGlacier>
        <CFSlope>1</CFSlope>
        <FC>114.63229106952461</FC>
        <LP>0.69584661840898787</LP>
        <BETA>5.454958819110753</BETA>
      </SubCatchmentVegetationZoneParameters>
    </SubCatchmentVegetationZone>
  </SubCatchment>
</Catchment>