<?xml version="1.0" encoding="utf-8"?>
<Catchment xmlns:xsi="http://www.w3.org/2001/XMLSchema-instance" xmlns:xsd="http://www.w3.org/2001/XMLSchema">
  <CatchmentParameters>
    <KSI>0.001</KSI>
    <KGmin>0.05</KGmin>
    <RangeKG>0.1</RangeKG>
    <AG>0.1</AG>
    <PERC>8.94652790025836</PERC>
    <Alpha>0</Alpha>
    <UZL>128.20015426219882</UZL>
    <K0>0.45257806039889348</K0>
    <K1>0.25698858582745548</K1>
    <K2>0.092600274834914217</K2>
    <MAXBAS>1.0000854713258982</MAXBAS>
    <Cet>0</Cet>
    <PCALT>10</PCALT>
    <TCALT>0.6</TCALT>
    <Pelev>601.5</Pelev>
    <Telev>601.5</Telev>
    <PART>0.5</PART>
    <DELAY>1</DELAY>
  </CatchmentParameters>
  <VegetationZone>
    <VegetationZoneParameters>
      <TT>-0.77869545136314189</TT>
      <CFMAX>1.9608185401844056</CFMAX>
      <SP>0</SP>
      <SFCF>0.67828160405962412</SFCF>
      <CFR>0.060443337359840955</CFR>
      <CWH>0.10000018710275367</CWH>
      <CFGlacier>1</CFGlacier>
      <CFSlope>1</CFSlope>
      <FC>182.40112196087802</FC>
      <LP>0.895733837004412</LP>
      <BETA>4.7468449025315547</BETA>
    </VegetationZoneParameters>
  </VegetationZone>
  <SubCatchment>
    <SubCatchmentParameters>
      <KSI>0.001</KSI>
      <KGmin>0.05</KGmin>
      <RangeKG>0.1</RangeKG>
      <AG>0.1</AG>
      <PERC>8.94652790025836</PERC>
      <Alpha>0</Alpha>
      <UZL>128.20015426219882</UZL>
      <K0>0.45257806039889348</K0>
      <K1>0.25698858582745548</K1>
      <K2>0.092600274834914217</K2>
      <MAXBAS>1.0000854713258982</MAXBAS>
      <Cet>0</Cet>
      <PCALT>10</PCALT>
      <TCALT>0.6</TCALT>
      <Pelev>601.5</Pelev>
      <Telev>601.5</Telev>
      <PART>0.5</PART>
      <DELAY>1</DELAY>
    </SubCatchmentParameters>
    <SubCatchmentVegetationZone>
      <SubCatchmentVegetationZoneParameters>
        <TT>-0.77869545136314189</TT>
        <CFMAX>1.9608185401844056</CFMAX>
        <SP>0</SP>
        <SFCF>0.67828160405962412</SFCF>
        <CFR>0.060443337359840955</CFR>
        <CWH>0.10000018710275367</CWH>
        <CFGlacier>1</CFGlacier>
        <CFSlope>1</CFSlope>
        <FC>182.40112196087802</FC>
        <LP>0.895733837004412</LP>
        <BETA>4.7468449025315547</BETA>
      </SubCatchmentVegetationZoneParameters>
    </SubCatchmentVegetationZone>
  </SubCatchment>
</Catchment>