<?xml version="1.0" encoding="utf-8"?>
<Catchment xmlns:xsi="http://www.w3.org/2001/XMLSchema-instance" xmlns:xsd="http://www.w3.org/2001/XMLSchema">
  <CatchmentParameters>
    <KSI>0.001</KSI>
    <KGmin>0.05</KGmin>
    <RangeKG>0.1</RangeKG>
    <AG>0.1</AG>
    <PERC>3.5705137896412196</PERC>
    <Alpha>0</Alpha>
    <UZL>46.608207523634924</UZL>
    <K0>0.28986936309383349</K0>
    <K1>0.12327350749954993</K1>
    <K2>0.048913953749209635</K2>
    <MAXBAS>1</MAXBAS>
    <Cet>0</Cet>
    <PCALT>10</PCALT>
    <TCALT>0.6</TCALT>
    <Pelev>601.5</Pelev>
    <Telev>601.5</Telev>
    <PART>0.5</PART>
    <DELAY>1</DELAY>
  </CatchmentParameters>
  <VegetationZone>
    <VegetationZoneParameters>
      <TT>-2.0000095431405054</TT>
      <CFMAX>1.2703239441270073</CFMAX>
      <SP>0</SP>
      <SFCF>0.86322871782352739</SFCF>
      <CFR>0.032632987743968125</CFR>
      <CWH>0.10000036489409772</CWH>
      <CFGlacier>1</CFGlacier>
      <CFSlope>1</CFSlope>
      <FC>88.091600312978244</FC>
      <LP>0.58874311633260756</LP>
      <BETA>4.62529785235723</BETA>
    </VegetationZoneParameters>
  </VegetationZone>
  <SubCatchment>
    <SubCatchmentParameters>
      <KSI>0.001</KSI>
      <KGmin>0.05</KGmin>
      <RangeKG>0.1</RangeKG>
      <AG>0.1</AG>
      <PERC>3.5705137896412196</PERC>
      <Alpha>0</Alpha>
      <UZL>46.608207523634924</UZL>
      <K0>0.28986936309383349</K0>
      <K1>0.12327350749954993</K1>
      <K2>0.048913953749209635</K2>
      <MAXBAS>1</MAXBAS>
      <Cet>0</Cet>
      <PCALT>10</PCALT>
      <TCALT>0.6</TCALT>
      <Pelev>601.5</Pelev>
      <Telev>601.5</Telev>
      <PART>0.5</PART>
      <DELAY>1</DELAY>
    </SubCatchmentParameters>
    <SubCatchmentVegetationZone>
      <SubCatchmentVegetationZoneParameters>
        <TT>-2.0000095431405054</TT>
        <CFMAX>1.2703239441270073</CFMAX>
        <SP>0</SP>
        <SFCF>0.86322871782352739</SFCF>
        <CFR>0.032632987743968125</CFR>
        <CWH>0.10000036489409772</CWH>
        <CFGlacier>1</CFGlacier>
        <CFSlope>1</CFSlope>
        <FC>88.091600312978244</FC>
        <LP>0.58874311633260756</LP>
        <BETA>4.62529785235723</BETA>
      </SubCatchmentVegetationZoneParameters>
    </SubCatchmentVegetationZone>
  </SubCatchment>
</Catchment>