<?xml version="1.0" encoding="utf-8"?>
<Catchment xmlns:xsi="http://www.w3.org/2001/XMLSchema-instance" xmlns:xsd="http://www.w3.org/2001/XMLSchema">
  <CatchmentParameters>
    <KSI>0.001</KSI>
    <KGmin>0.05</KGmin>
    <RangeKG>0.1</RangeKG>
    <AG>0.1</AG>
    <PERC>7.6195724106409326</PERC>
    <Alpha>0</Alpha>
    <UZL>105.81144355000376</UZL>
    <K0>0.24832492742605036</K0>
    <K1>0.202487686150971</K1>
    <K2>0.053584126848098178</K2>
    <MAXBAS>1.0046275341126398</MAXBAS>
    <Cet>0</Cet>
    <PCALT>10</PCALT>
    <TCALT>0.6</TCALT>
    <Pelev>601.5</Pelev>
    <Telev>601.5</Telev>
    <PART>0.5</PART>
    <DELAY>1</DELAY>
  </CatchmentParameters>
  <VegetationZone>
    <VegetationZoneParameters>
      <TT>-0.74123986022765054</TT>
      <CFMAX>2.2839511260604035</CFMAX>
      <SP>0</SP>
      <SFCF>0.819681286206214</SFCF>
      <CFR>0.024851060936247237</CFR>
      <CWH>0.10000000001368821</CWH>
      <CFGlacier>1</CFGlacier>
      <CFSlope>1</CFSlope>
      <FC>98.937534884295729</FC>
      <LP>0.8008886600428391</LP>
      <BETA>5.5340609047528408</BETA>
    </VegetationZoneParameters>
  </VegetationZone>
  <SubCatchment>
    <SubCatchmentParameters>
      <KSI>0.001</KSI>
      <KGmin>0.05</KGmin>
      <RangeKG>0.1</RangeKG>
      <AG>0.1</AG>
      <PERC>7.6195724106409326</PERC>
      <Alpha>0</Alpha>
      <UZL>105.81144355000376</UZL>
      <K0>0.24832492742605036</K0>
      <K1>0.202487686150971</K1>
      <K2>0.053584126848098178</K2>
      <MAXBAS>1.0046275341126398</MAXBAS>
      <Cet>0</Cet>
      <PCALT>10</PCALT>
      <TCALT>0.6</TCALT>
      <Pelev>601.5</Pelev>
      <Telev>601.5</Telev>
      <PART>0.5</PART>
      <DELAY>1</DELAY>
    </SubCatchmentParameters>
    <SubCatchmentVegetationZone>
      <SubCatchmentVegetationZoneParameters>
        <TT>-0.74123986022765054</TT>
        <CFMAX>2.2839511260604035</CFMAX>
        <SP>0</SP>
        <SFCF>0.819681286206214</SFCF>
        <CFR>0.024851060936247237</CFR>
        <CWH>0.10000000001368821</CWH>
        <CFGlacier>1</CFGlacier>
        <CFSlope>1</CFSlope>
        <FC>98.937534884295729</FC>
        <LP>0.8008886600428391</LP>
        <BETA>5.5340609047528408</BETA>
      </SubCatchmentVegetationZoneParameters>
    </SubCatchmentVegetationZone>
  </SubCatchment>
</Catchment>