<?xml version="1.0" encoding="utf-8"?>
<Catchment xmlns:xsi="http://www.w3.org/2001/XMLSchema-instance" xmlns:xsd="http://www.w3.org/2001/XMLSchema">
  <CatchmentParameters>
    <KSI>0.001</KSI>
    <KGmin>0.05</KGmin>
    <RangeKG>0.1</RangeKG>
    <AG>0.1</AG>
    <PERC>4.6615959759206387</PERC>
    <Alpha>0</Alpha>
    <UZL>45.943053223232369</UZL>
    <K0>0.31516201639280794</K0>
    <K1>0.13648846059161707</K1>
    <K2>0.053095884453859141</K2>
    <MAXBAS>1</MAXBAS>
    <Cet>0</Cet>
    <PCALT>10</PCALT>
    <TCALT>0.6</TCALT>
    <Pelev>601.5</Pelev>
    <Telev>601.5</Telev>
    <PART>0.5</PART>
    <DELAY>1</DELAY>
  </CatchmentParameters>
  <VegetationZone>
    <VegetationZoneParameters>
      <TT>-1.8500004868958404</TT>
      <CFMAX>1.5468480436158787</CFMAX>
      <SP>0</SP>
      <SFCF>0.90308505842160458</SFCF>
      <CFR>0.042282240549685428</CFR>
      <CWH>0.10000003019765937</CWH>
      <CFGlacier>1</CFGlacier>
      <CFSlope>1</CFSlope>
      <FC>130.95518475140125</FC>
      <LP>0.714050870843716</LP>
      <BETA>5.3338896047791646</BETA>
    </VegetationZoneParameters>
  </VegetationZone>
  <SubCatchment>
    <SubCatchmentParameters>
      <KSI>0.001</KSI>
      <KGmin>0.05</KGmin>
      <RangeKG>0.1</RangeKG>
      <AG>0.1</AG>
      <PERC>4.6615959759206387</PERC>
      <Alpha>0</Alpha>
      <UZL>45.943053223232369</UZL>
      <K0>0.31516201639280794</K0>
      <K1>0.13648846059161707</K1>
      <K2>0.053095884453859141</K2>
      <MAXBAS>1</MAXBAS>
      <Cet>0</Cet>
      <PCALT>10</PCALT>
      <TCALT>0.6</TCALT>
      <Pelev>601.5</Pelev>
      <Telev>601.5</Telev>
      <PART>0.5</PART>
      <DELAY>1</DELAY>
    </SubCatchmentParameters>
    <SubCatchmentVegetationZone>
      <SubCatchmentVegetationZoneParameters>
        <TT>-1.8500004868958404</TT>
        <CFMAX>1.5468480436158787</CFMAX>
        <SP>0</SP>
        <SFCF>0.90308505842160458</SFCF>
        <CFR>0.042282240549685428</CFR>
        <CWH>0.10000003019765937</CWH>
        <CFGlacier>1</CFGlacier>
        <CFSlope>1</CFSlope>
        <FC>130.95518475140125</FC>
        <LP>0.714050870843716</LP>
        <BETA>5.3338896047791646</BETA>
      </SubCatchmentVegetationZoneParameters>
    </SubCatchmentVegetationZone>
  </SubCatchment>
</Catchment>