<?xml version="1.0" encoding="utf-8"?>
<Catchment xmlns:xsi="http://www.w3.org/2001/XMLSchema-instance" xmlns:xsd="http://www.w3.org/2001/XMLSchema">
  <CatchmentParameters>
    <KSI>0.001</KSI>
    <KGmin>0.05</KGmin>
    <RangeKG>0.1</RangeKG>
    <AG>0.1</AG>
    <PERC>4.4469571270948629</PERC>
    <Alpha>0</Alpha>
    <UZL>103.9673400022112</UZL>
    <K0>0.36171773973798577</K0>
    <K1>0.139359017768046</K1>
    <K2>0.049402917828130846</K2>
    <MAXBAS>1</MAXBAS>
    <Cet>0</Cet>
    <PCALT>10</PCALT>
    <TCALT>0.6</TCALT>
    <Pelev>601.5</Pelev>
    <Telev>601.5</Telev>
    <PART>0.5</PART>
    <DELAY>1</DELAY>
  </CatchmentParameters>
  <VegetationZone>
    <VegetationZoneParameters>
      <TT>-1.1500101601120352</TT>
      <CFMAX>2.3408386383204536</CFMAX>
      <SP>0</SP>
      <SFCF>0.93449749910105373</SFCF>
      <CFR>0.03735183800962287</CFR>
      <CWH>0.10000010876929724</CWH>
      <CFGlacier>1</CFGlacier>
      <CFSlope>1</CFSlope>
      <FC>117.45611549546278</FC>
      <LP>0.56159956800871136</LP>
      <BETA>4.0122340557580634</BETA>
    </VegetationZoneParameters>
  </VegetationZone>
  <SubCatchment>
    <SubCatchmentParameters>
      <KSI>0.001</KSI>
      <KGmin>0.05</KGmin>
      <RangeKG>0.1</RangeKG>
      <AG>0.1</AG>
      <PERC>4.4469571270948629</PERC>
      <Alpha>0</Alpha>
      <UZL>103.9673400022112</UZL>
      <K0>0.36171773973798577</K0>
      <K1>0.139359017768046</K1>
      <K2>0.049402917828130846</K2>
      <MAXBAS>1</MAXBAS>
      <Cet>0</Cet>
      <PCALT>10</PCALT>
      <TCALT>0.6</TCALT>
      <Pelev>601.5</Pelev>
      <Telev>601.5</Telev>
      <PART>0.5</PART>
      <DELAY>1</DELAY>
    </SubCatchmentParameters>
    <SubCatchmentVegetationZone>
      <SubCatchmentVegetationZoneParameters>
        <TT>-1.1500101601120352</TT>
        <CFMAX>2.3408386383204536</CFMAX>
        <SP>0</SP>
        <SFCF>0.93449749910105373</SFCF>
        <CFR>0.03735183800962287</CFR>
        <CWH>0.10000010876929724</CWH>
        <CFGlacier>1</CFGlacier>
        <CFSlope>1</CFSlope>
        <FC>117.45611549546278</FC>
        <LP>0.56159956800871136</LP>
        <BETA>4.0122340557580634</BETA>
      </SubCatchmentVegetationZoneParameters>
    </SubCatchmentVegetationZone>
  </SubCatchment>
</Catchment>