<?xml version="1.0" encoding="utf-8"?>
<Catchment xmlns:xsi="http://www.w3.org/2001/XMLSchema-instance" xmlns:xsd="http://www.w3.org/2001/XMLSchema">
  <CatchmentParameters>
    <KSI>0.001</KSI>
    <KGmin>0.05</KGmin>
    <RangeKG>0.1</RangeKG>
    <AG>0.1</AG>
    <PERC>9.1703975713610184</PERC>
    <Alpha>0</Alpha>
    <UZL>145.09518887330023</UZL>
    <K0>0.29260265847246952</K0>
    <K1>0.27980776591129009</K1>
    <K2>0.0925532494724587</K2>
    <MAXBAS>1.1702104345974038</MAXBAS>
    <Cet>0</Cet>
    <PCALT>10</PCALT>
    <TCALT>0.6</TCALT>
    <Pelev>601.5</Pelev>
    <Telev>601.5</Telev>
    <PART>0.5</PART>
    <DELAY>1</DELAY>
  </CatchmentParameters>
  <VegetationZone>
    <VegetationZoneParameters>
      <TT>-0.50000143096439</TT>
      <CFMAX>1.8936321350786647</CFMAX>
      <SP>0</SP>
      <SFCF>0.71555453996888618</SFCF>
      <CFR>3.221981284364287E-08</CFR>
      <CWH>0.10000492854718225</CWH>
      <CFGlacier>1</CFGlacier>
      <CFSlope>1</CFSlope>
      <FC>176.56109976761121</FC>
      <LP>0.879688371254852</LP>
      <BETA>4.4228741070652884</BETA>
    </VegetationZoneParameters>
  </VegetationZone>
  <SubCatchment>
    <SubCatchmentParameters>
      <KSI>0.001</KSI>
      <KGmin>0.05</KGmin>
      <RangeKG>0.1</RangeKG>
      <AG>0.1</AG>
      <PERC>9.1703975713610184</PERC>
      <Alpha>0</Alpha>
      <UZL>145.09518887330023</UZL>
      <K0>0.29260265847246952</K0>
      <K1>0.27980776591129009</K1>
      <K2>0.0925532494724587</K2>
      <MAXBAS>1.1702104345974038</MAXBAS>
      <Cet>0</Cet>
      <PCALT>10</PCALT>
      <TCALT>0.6</TCALT>
      <Pelev>601.5</Pelev>
      <Telev>601.5</Telev>
      <PART>0.5</PART>
      <DELAY>1</DELAY>
    </SubCatchmentParameters>
    <SubCatchmentVegetationZone>
      <SubCatchmentVegetationZoneParameters>
        <TT>-0.50000143096439</TT>
        <CFMAX>1.8936321350786647</CFMAX>
        <SP>0</SP>
        <SFCF>0.71555453996888618</SFCF>
        <CFR>3.221981284364287E-08</CFR>
        <CWH>0.10000492854718225</CWH>
        <CFGlacier>1</CFGlacier>
        <CFSlope>1</CFSlope>
        <FC>176.56109976761121</FC>
        <LP>0.879688371254852</LP>
        <BETA>4.4228741070652884</BETA>
      </SubCatchmentVegetationZoneParameters>
    </SubCatchmentVegetationZone>
  </SubCatchment>
</Catchment>