<?xml version="1.0" encoding="utf-8"?>
<Catchment xmlns:xsi="http://www.w3.org/2001/XMLSchema-instance" xmlns:xsd="http://www.w3.org/2001/XMLSchema">
  <CatchmentParameters>
    <KSI>0.001</KSI>
    <KGmin>0.05</KGmin>
    <RangeKG>0.1</RangeKG>
    <AG>0.1</AG>
    <PERC>3.363515223660086</PERC>
    <Alpha>0</Alpha>
    <UZL>78.896032710130839</UZL>
    <K0>0.496964081161685</K0>
    <K1>0.13473822716521761</K1>
    <K2>0.048933830407437824</K2>
    <MAXBAS>1</MAXBAS>
    <Cet>0</Cet>
    <PCALT>10</PCALT>
    <TCALT>0.6</TCALT>
    <Pelev>601.5</Pelev>
    <Telev>601.5</Telev>
    <PART>0.5</PART>
    <DELAY>1</DELAY>
  </CatchmentParameters>
  <VegetationZone>
    <VegetationZoneParameters>
      <TT>-1.8000008146968742</TT>
      <CFMAX>1.6801846602643791</CFMAX>
      <SP>0</SP>
      <SFCF>0.94464844469037057</SFCF>
      <CFR>0.022956095971514</CFR>
      <CWH>0.10000003404187213</CWH>
      <CFGlacier>1</CFGlacier>
      <CFSlope>1</CFSlope>
      <FC>133.49583039585352</FC>
      <LP>0.62518454151538172</LP>
      <BETA>4.6543052603801653</BETA>
    </VegetationZoneParameters>
  </VegetationZone>
  <SubCatchment>
    <SubCatchmentParameters>
      <KSI>0.001</KSI>
      <KGmin>0.05</KGmin>
      <RangeKG>0.1</RangeKG>
      <AG>0.1</AG>
      <PERC>3.363515223660086</PERC>
      <Alpha>0</Alpha>
      <UZL>78.896032710130839</UZL>
      <K0>0.496964081161685</K0>
      <K1>0.13473822716521761</K1>
      <K2>0.048933830407437824</K2>
      <MAXBAS>1</MAXBAS>
      <Cet>0</Cet>
      <PCALT>10</PCALT>
      <TCALT>0.6</TCALT>
      <Pelev>601.5</Pelev>
      <Telev>601.5</Telev>
      <PART>0.5</PART>
      <DELAY>1</DELAY>
    </SubCatchmentParameters>
    <SubCatchmentVegetationZone>
      <SubCatchmentVegetationZoneParameters>
        <TT>-1.8000008146968742</TT>
        <CFMAX>1.6801846602643791</CFMAX>
        <SP>0</SP>
        <SFCF>0.94464844469037057</SFCF>
        <CFR>0.022956095971514</CFR>
        <CWH>0.10000003404187213</CWH>
        <CFGlacier>1</CFGlacier>
        <CFSlope>1</CFSlope>
        <FC>133.49583039585352</FC>
        <LP>0.62518454151538172</LP>
        <BETA>4.6543052603801653</BETA>
      </SubCatchmentVegetationZoneParameters>
    </SubCatchmentVegetationZone>
  </SubCatchment>
</Catchment>