<?xml version="1.0" encoding="utf-8"?>
<Catchment xmlns:xsi="http://www.w3.org/2001/XMLSchema-instance" xmlns:xsd="http://www.w3.org/2001/XMLSchema">
  <CatchmentParameters>
    <KSI>0.001</KSI>
    <KGmin>0.05</KGmin>
    <RangeKG>0.1</RangeKG>
    <AG>0.1</AG>
    <PERC>6.2423665977030165</PERC>
    <Alpha>0</Alpha>
    <UZL>160.58102964335853</UZL>
    <K0>0.46703578056080491</K0>
    <K1>0.17069966488955002</K1>
    <K2>0.056963216664693915</K2>
    <MAXBAS>1.0000560068694748</MAXBAS>
    <Cet>0</Cet>
    <PCALT>10</PCALT>
    <TCALT>0.6</TCALT>
    <Pelev>601.5</Pelev>
    <Telev>601.5</Telev>
    <PART>0.5</PART>
    <DELAY>1</DELAY>
  </CatchmentParameters>
  <VegetationZone>
    <VegetationZoneParameters>
      <TT>0.14999683021041652</TT>
      <CFMAX>3.0116371575959806</CFMAX>
      <SP>0</SP>
      <SFCF>0.71189216863725668</SFCF>
      <CFR>0.035089148434514481</CFR>
      <CWH>0.10000334110420628</CWH>
      <CFGlacier>1</CFGlacier>
      <CFSlope>1</CFSlope>
      <FC>144.04395291883461</FC>
      <LP>0.88780646940627617</LP>
      <BETA>5.8337676302110157</BETA>
    </VegetationZoneParameters>
  </VegetationZone>
  <SubCatchment>
    <SubCatchmentParameters>
      <KSI>0.001</KSI>
      <KGmin>0.05</KGmin>
      <RangeKG>0.1</RangeKG>
      <AG>0.1</AG>
      <PERC>6.2423665977030165</PERC>
      <Alpha>0</Alpha>
      <UZL>160.58102964335853</UZL>
      <K0>0.46703578056080491</K0>
      <K1>0.17069966488955002</K1>
      <K2>0.056963216664693915</K2>
      <MAXBAS>1.0000560068694748</MAXBAS>
      <Cet>0</Cet>
      <PCALT>10</PCALT>
      <TCALT>0.6</TCALT>
      <Pelev>601.5</Pelev>
      <Telev>601.5</Telev>
      <PART>0.5</PART>
      <DELAY>1</DELAY>
    </SubCatchmentParameters>
    <SubCatchmentVegetationZone>
      <SubCatchmentVegetationZoneParameters>
        <TT>0.14999683021041652</TT>
        <CFMAX>3.0116371575959806</CFMAX>
        <SP>0</SP>
        <SFCF>0.71189216863725668</SFCF>
        <CFR>0.035089148434514481</CFR>
        <CWH>0.10000334110420628</CWH>
        <CFGlacier>1</CFGlacier>
        <CFSlope>1</CFSlope>
        <FC>144.04395291883461</FC>
        <LP>0.88780646940627617</LP>
        <BETA>5.8337676302110157</BETA>
      </SubCatchmentVegetationZoneParameters>
    </SubCatchmentVegetationZone>
  </SubCatchment>
</Catchment>