<?xml version="1.0" encoding="utf-8"?>
<Catchment xmlns:xsi="http://www.w3.org/2001/XMLSchema-instance" xmlns:xsd="http://www.w3.org/2001/XMLSchema">
  <CatchmentParameters>
    <KSI>0.001</KSI>
    <KGmin>0.05</KGmin>
    <RangeKG>0.1</RangeKG>
    <AG>0.1</AG>
    <PERC>3.6628010975842544</PERC>
    <Alpha>0</Alpha>
    <UZL>97.942771741708157</UZL>
    <K0>0.38804701640851436</K0>
    <K1>0.1400320398778562</K1>
    <K2>0.047853668515398039</K2>
    <MAXBAS>1</MAXBAS>
    <Cet>0</Cet>
    <PCALT>10</PCALT>
    <TCALT>0.6</TCALT>
    <Pelev>601.5</Pelev>
    <Telev>601.5</Telev>
    <PART>0.5</PART>
    <DELAY>1</DELAY>
  </CatchmentParameters>
  <VegetationZone>
    <VegetationZoneParameters>
      <TT>-1.1500236830559509</TT>
      <CFMAX>2.0376947412946138</CFMAX>
      <SP>0</SP>
      <SFCF>0.91370102846505563</SFCF>
      <CFR>2.7543412716250894E-08</CFR>
      <CWH>0.10000008376087531</CWH>
      <CFGlacier>1</CFGlacier>
      <CFSlope>1</CFSlope>
      <FC>97.523482936809543</FC>
      <LP>0.54283008613246042</LP>
      <BETA>4.2147313662966379</BETA>
    </VegetationZoneParameters>
  </VegetationZone>
  <SubCatchment>
    <SubCatchmentParameters>
      <KSI>0.001</KSI>
      <KGmin>0.05</KGmin>
      <RangeKG>0.1</RangeKG>
      <AG>0.1</AG>
      <PERC>3.6628010975842544</PERC>
      <Alpha>0</Alpha>
      <UZL>97.942771741708157</UZL>
      <K0>0.38804701640851436</K0>
      <K1>0.1400320398778562</K1>
      <K2>0.047853668515398039</K2>
      <MAXBAS>1</MAXBAS>
      <Cet>0</Cet>
      <PCALT>10</PCALT>
      <TCALT>0.6</TCALT>
      <Pelev>601.5</Pelev>
      <Telev>601.5</Telev>
      <PART>0.5</PART>
      <DELAY>1</DELAY>
    </SubCatchmentParameters>
    <SubCatchmentVegetationZone>
      <SubCatchmentVegetationZoneParameters>
        <TT>-1.1500236830559509</TT>
        <CFMAX>2.0376947412946138</CFMAX>
        <SP>0</SP>
        <SFCF>0.91370102846505563</SFCF>
        <CFR>2.7543412716250894E-08</CFR>
        <CWH>0.10000008376087531</CWH>
        <CFGlacier>1</CFGlacier>
        <CFSlope>1</CFSlope>
        <FC>97.523482936809543</FC>
        <LP>0.54283008613246042</LP>
        <BETA>4.2147313662966379</BETA>
      </SubCatchmentVegetationZoneParameters>
    </SubCatchmentVegetationZone>
  </SubCatchment>
</Catchment>