<?xml version="1.0" encoding="utf-8"?>
<Catchment xmlns:xsi="http://www.w3.org/2001/XMLSchema-instance" xmlns:xsd="http://www.w3.org/2001/XMLSchema">
  <CatchmentParameters>
    <KSI>0.001</KSI>
    <KGmin>0.05</KGmin>
    <RangeKG>0.1</RangeKG>
    <AG>0.1</AG>
    <PERC>3.6603255719896</PERC>
    <Alpha>0</Alpha>
    <UZL>167.28939358110253</UZL>
    <K0>0.34690242957859768</K0>
    <K1>0.13024788079067143</K1>
    <K2>0.044751541712352537</K2>
    <MAXBAS>1</MAXBAS>
    <Cet>0</Cet>
    <PCALT>10</PCALT>
    <TCALT>0.6</TCALT>
    <Pelev>601.5</Pelev>
    <Telev>601.5</Telev>
    <PART>0.5</PART>
    <DELAY>1</DELAY>
  </CatchmentParameters>
  <VegetationZone>
    <VegetationZoneParameters>
      <TT>-0.40003480198003527</TT>
      <CFMAX>2.8951165770095511</CFMAX>
      <SP>0</SP>
      <SFCF>0.94344074690900692</SFCF>
      <CFR>6.9667529328753152E-09</CFR>
      <CWH>0.10000012787640057</CWH>
      <CFGlacier>1</CFGlacier>
      <CFSlope>1</CFSlope>
      <FC>114.54563690699638</FC>
      <LP>0.52808975302810479</LP>
      <BETA>4.1476861358544879</BETA>
    </VegetationZoneParameters>
  </VegetationZone>
  <SubCatchment>
    <SubCatchmentParameters>
      <KSI>0.001</KSI>
      <KGmin>0.05</KGmin>
      <RangeKG>0.1</RangeKG>
      <AG>0.1</AG>
      <PERC>3.6603255719896</PERC>
      <Alpha>0</Alpha>
      <UZL>167.28939358110253</UZL>
      <K0>0.34690242957859768</K0>
      <K1>0.13024788079067143</K1>
      <K2>0.044751541712352537</K2>
      <MAXBAS>1</MAXBAS>
      <Cet>0</Cet>
      <PCALT>10</PCALT>
      <TCALT>0.6</TCALT>
      <Pelev>601.5</Pelev>
      <Telev>601.5</Telev>
      <PART>0.5</PART>
      <DELAY>1</DELAY>
    </SubCatchmentParameters>
    <SubCatchmentVegetationZone>
      <SubCatchmentVegetationZoneParameters>
        <TT>-0.40003480198003527</TT>
        <CFMAX>2.8951165770095511</CFMAX>
        <SP>0</SP>
        <SFCF>0.94344074690900692</SFCF>
        <CFR>6.9667529328753152E-09</CFR>
        <CWH>0.10000012787640057</CWH>
        <CFGlacier>1</CFGlacier>
        <CFSlope>1</CFSlope>
        <FC>114.54563690699638</FC>
        <LP>0.52808975302810479</LP>
        <BETA>4.1476861358544879</BETA>
      </SubCatchmentVegetationZoneParameters>
    </SubCatchmentVegetationZone>
  </SubCatchment>
</Catchment>