<?xml version="1.0" encoding="utf-8"?>
<Catchment xmlns:xsi="http://www.w3.org/2001/XMLSchema-instance" xmlns:xsd="http://www.w3.org/2001/XMLSchema">
  <CatchmentParameters>
    <KSI>0.001</KSI>
    <KGmin>0.05</KGmin>
    <RangeKG>0.1</RangeKG>
    <AG>0.1</AG>
    <PERC>7.9531770823623393</PERC>
    <Alpha>0</Alpha>
    <UZL>137.69672664164693</UZL>
    <K0>0.512802810029046</K0>
    <K1>0.22683992024501182</K1>
    <K2>0.073341652801414275</K2>
    <MAXBAS>1.0001088378796212</MAXBAS>
    <Cet>0</Cet>
    <PCALT>10</PCALT>
    <TCALT>0.6</TCALT>
    <Pelev>601.5</Pelev>
    <Telev>601.5</Telev>
    <PART>0.5</PART>
    <DELAY>1</DELAY>
  </CatchmentParameters>
  <VegetationZone>
    <VegetationZoneParameters>
      <TT>-0.84526714821874127</TT>
      <CFMAX>2.0602075987246167</CFMAX>
      <SP>0</SP>
      <SFCF>0.74940394336463922</SFCF>
      <CFR>0.04204893714786976</CFR>
      <CWH>0.10000006510194685</CWH>
      <CFGlacier>1</CFGlacier>
      <CFSlope>1</CFSlope>
      <FC>100.32565391252277</FC>
      <LP>0.61764978665572223</LP>
      <BETA>2.674879852857329</BETA>
    </VegetationZoneParameters>
  </VegetationZone>
  <SubCatchment>
    <SubCatchmentParameters>
      <KSI>0.001</KSI>
      <KGmin>0.05</KGmin>
      <RangeKG>0.1</RangeKG>
      <AG>0.1</AG>
      <PERC>7.9531770823623393</PERC>
      <Alpha>0</Alpha>
      <UZL>137.69672664164693</UZL>
      <K0>0.512802810029046</K0>
      <K1>0.22683992024501182</K1>
      <K2>0.073341652801414275</K2>
      <MAXBAS>1.0001088378796212</MAXBAS>
      <Cet>0</Cet>
      <PCALT>10</PCALT>
      <TCALT>0.6</TCALT>
      <Pelev>601.5</Pelev>
      <Telev>601.5</Telev>
      <PART>0.5</PART>
      <DELAY>1</DELAY>
    </SubCatchmentParameters>
    <SubCatchmentVegetationZone>
      <SubCatchmentVegetationZoneParameters>
        <TT>-0.84526714821874127</TT>
        <CFMAX>2.0602075987246167</CFMAX>
        <SP>0</SP>
        <SFCF>0.74940394336463922</SFCF>
        <CFR>0.04204893714786976</CFR>
        <CWH>0.10000006510194685</CWH>
        <CFGlacier>1</CFGlacier>
        <CFSlope>1</CFSlope>
        <FC>100.32565391252277</FC>
        <LP>0.61764978665572223</LP>
        <BETA>2.674879852857329</BETA>
      </SubCatchmentVegetationZoneParameters>
    </SubCatchmentVegetationZone>
  </SubCatchment>
</Catchment>