<?xml version="1.0" encoding="utf-8"?>
<Catchment xmlns:xsi="http://www.w3.org/2001/XMLSchema-instance" xmlns:xsd="http://www.w3.org/2001/XMLSchema">
  <CatchmentParameters>
    <KSI>0.001</KSI>
    <KGmin>0.05</KGmin>
    <RangeKG>0.1</RangeKG>
    <AG>0.1</AG>
    <PERC>5.2577978789245732</PERC>
    <Alpha>0</Alpha>
    <UZL>149.78095898818162</UZL>
    <K0>0.24369824381410155</K0>
    <K1>0.17620948089027758</K1>
    <K2>0.0513659654895899</K2>
    <MAXBAS>1</MAXBAS>
    <Cet>0</Cet>
    <PCALT>10</PCALT>
    <TCALT>0.6</TCALT>
    <Pelev>601.5</Pelev>
    <Telev>601.5</Telev>
    <PART>0.5</PART>
    <DELAY>1</DELAY>
  </CatchmentParameters>
  <VegetationZone>
    <VegetationZoneParameters>
      <TT>-1.5000017143343225</TT>
      <CFMAX>1.8243724574019142</CFMAX>
      <SP>0</SP>
      <SFCF>0.8989514223860311</SFCF>
      <CFR>0.046567133509066147</CFR>
      <CWH>0.10000003579223607</CWH>
      <CFGlacier>1</CFGlacier>
      <CFSlope>1</CFSlope>
      <FC>117.09881955349339</FC>
      <LP>0.66356748448081515</LP>
      <BETA>4.848838852203138</BETA>
    </VegetationZoneParameters>
  </VegetationZone>
  <SubCatchment>
    <SubCatchmentParameters>
      <KSI>0.001</KSI>
      <KGmin>0.05</KGmin>
      <RangeKG>0.1</RangeKG>
      <AG>0.1</AG>
      <PERC>5.2577978789245732</PERC>
      <Alpha>0</Alpha>
      <UZL>149.78095898818162</UZL>
      <K0>0.24369824381410155</K0>
      <K1>0.17620948089027758</K1>
      <K2>0.0513659654895899</K2>
      <MAXBAS>1</MAXBAS>
      <Cet>0</Cet>
      <PCALT>10</PCALT>
      <TCALT>0.6</TCALT>
      <Pelev>601.5</Pelev>
      <Telev>601.5</Telev>
      <PART>0.5</PART>
      <DELAY>1</DELAY>
    </SubCatchmentParameters>
    <SubCatchmentVegetationZone>
      <SubCatchmentVegetationZoneParameters>
        <TT>-1.5000017143343225</TT>
        <CFMAX>1.8243724574019142</CFMAX>
        <SP>0</SP>
        <SFCF>0.8989514223860311</SFCF>
        <CFR>0.046567133509066147</CFR>
        <CWH>0.10000003579223607</CWH>
        <CFGlacier>1</CFGlacier>
        <CFSlope>1</CFSlope>
        <FC>117.09881955349339</FC>
        <LP>0.66356748448081515</LP>
        <BETA>4.848838852203138</BETA>
      </SubCatchmentVegetationZoneParameters>
    </SubCatchmentVegetationZone>
  </SubCatchment>
</Catchment>