<?xml version="1.0" encoding="utf-8"?>
<Catchment xmlns:xsi="http://www.w3.org/2001/XMLSchema-instance" xmlns:xsd="http://www.w3.org/2001/XMLSchema">
  <CatchmentParameters>
    <KSI>0.001</KSI>
    <KGmin>0.05</KGmin>
    <RangeKG>0.1</RangeKG>
    <AG>0.1</AG>
    <PERC>2.5014691197267886</PERC>
    <Alpha>0</Alpha>
    <UZL>74.119618324556626</UZL>
    <K0>0.34915426330566329</K0>
    <K1>0.1057861400062933</K1>
    <K2>0.043647502224886912</K2>
    <MAXBAS>1</MAXBAS>
    <Cet>0</Cet>
    <PCALT>10</PCALT>
    <TCALT>0.6</TCALT>
    <Pelev>601.5</Pelev>
    <Telev>601.5</Telev>
    <PART>0.5</PART>
    <DELAY>1</DELAY>
  </CatchmentParameters>
  <VegetationZone>
    <VegetationZoneParameters>
      <TT>-1.8500012254454619</TT>
      <CFMAX>1.6294371105325134</CFMAX>
      <SP>0</SP>
      <SFCF>0.954379116555735</SFCF>
      <CFR>0.01254477753722323</CFR>
      <CWH>0.10000024898555983</CWH>
      <CFGlacier>1</CFGlacier>
      <CFSlope>1</CFSlope>
      <FC>122.51409788415269</FC>
      <LP>0.62078822769551567</LP>
      <BETA>5.2093393767307834</BETA>
    </VegetationZoneParameters>
  </VegetationZone>
  <SubCatchment>
    <SubCatchmentParameters>
      <KSI>0.001</KSI>
      <KGmin>0.05</KGmin>
      <RangeKG>0.1</RangeKG>
      <AG>0.1</AG>
      <PERC>2.5014691197267886</PERC>
      <Alpha>0</Alpha>
      <UZL>74.119618324556626</UZL>
      <K0>0.34915426330566329</K0>
      <K1>0.1057861400062933</K1>
      <K2>0.043647502224886912</K2>
      <MAXBAS>1</MAXBAS>
      <Cet>0</Cet>
      <PCALT>10</PCALT>
      <TCALT>0.6</TCALT>
      <Pelev>601.5</Pelev>
      <Telev>601.5</Telev>
      <PART>0.5</PART>
      <DELAY>1</DELAY>
    </SubCatchmentParameters>
    <SubCatchmentVegetationZone>
      <SubCatchmentVegetationZoneParameters>
        <TT>-1.8500012254454619</TT>
        <CFMAX>1.6294371105325134</CFMAX>
        <SP>0</SP>
        <SFCF>0.954379116555735</SFCF>
        <CFR>0.01254477753722323</CFR>
        <CWH>0.10000024898555983</CWH>
        <CFGlacier>1</CFGlacier>
        <CFSlope>1</CFSlope>
        <FC>122.51409788415269</FC>
        <LP>0.62078822769551567</LP>
        <BETA>5.2093393767307834</BETA>
      </SubCatchmentVegetationZoneParameters>
    </SubCatchmentVegetationZone>
  </SubCatchment>
</Catchment>