<?xml version="1.0" encoding="utf-8"?>
<Catchment xmlns:xsi="http://www.w3.org/2001/XMLSchema-instance" xmlns:xsd="http://www.w3.org/2001/XMLSchema">
  <CatchmentParameters>
    <KSI>0.001</KSI>
    <KGmin>0.05</KGmin>
    <RangeKG>0.1</RangeKG>
    <AG>0.1</AG>
    <PERC>9.4412002198293052</PERC>
    <Alpha>0</Alpha>
    <UZL>152.28276358682979</UZL>
    <K0>0.37178798551381081</K0>
    <K1>0.32006429880057985</K1>
    <K2>0.094635743914167583</K2>
    <MAXBAS>1.2973697379759752</MAXBAS>
    <Cet>0</Cet>
    <PCALT>10</PCALT>
    <TCALT>0.6</TCALT>
    <Pelev>601.5</Pelev>
    <Telev>601.5</Telev>
    <PART>0.5</PART>
    <DELAY>1</DELAY>
  </CatchmentParameters>
  <VegetationZone>
    <VegetationZoneParameters>
      <TT>-0.60927725888201434</TT>
      <CFMAX>1.7965539176311909</CFMAX>
      <SP>0</SP>
      <SFCF>0.713829729843015</SFCF>
      <CFR>1.0160218374192483E-07</CFR>
      <CWH>0.10003068762176594</CWH>
      <CFGlacier>1</CFGlacier>
      <CFSlope>1</CFSlope>
      <FC>159.67064582650977</FC>
      <LP>0.8177800017692719</LP>
      <BETA>3.8496735674144813</BETA>
    </VegetationZoneParameters>
  </VegetationZone>
  <SubCatchment>
    <SubCatchmentParameters>
      <KSI>0.001</KSI>
      <KGmin>0.05</KGmin>
      <RangeKG>0.1</RangeKG>
      <AG>0.1</AG>
      <PERC>9.4412002198293052</PERC>
      <Alpha>0</Alpha>
      <UZL>152.28276358682979</UZL>
      <K0>0.37178798551381081</K0>
      <K1>0.32006429880057985</K1>
      <K2>0.094635743914167583</K2>
      <MAXBAS>1.2973697379759752</MAXBAS>
      <Cet>0</Cet>
      <PCALT>10</PCALT>
      <TCALT>0.6</TCALT>
      <Pelev>601.5</Pelev>
      <Telev>601.5</Telev>
      <PART>0.5</PART>
      <DELAY>1</DELAY>
    </SubCatchmentParameters>
    <SubCatchmentVegetationZone>
      <SubCatchmentVegetationZoneParameters>
        <TT>-0.60927725888201434</TT>
        <CFMAX>1.7965539176311909</CFMAX>
        <SP>0</SP>
        <SFCF>0.713829729843015</SFCF>
        <CFR>1.0160218374192483E-07</CFR>
        <CWH>0.10003068762176594</CWH>
        <CFGlacier>1</CFGlacier>
        <CFSlope>1</CFSlope>
        <FC>159.67064582650977</FC>
        <LP>0.8177800017692719</LP>
        <BETA>3.8496735674144813</BETA>
      </SubCatchmentVegetationZoneParameters>
    </SubCatchmentVegetationZone>
  </SubCatchment>
</Catchment>