<?xml version="1.0" encoding="utf-8"?>
<Catchment xmlns:xsi="http://www.w3.org/2001/XMLSchema-instance" xmlns:xsd="http://www.w3.org/2001/XMLSchema">
  <CatchmentParameters>
    <KSI>0.001</KSI>
    <KGmin>0.05</KGmin>
    <RangeKG>0.1</RangeKG>
    <AG>0.1</AG>
    <PERC>7.0167478660121576</PERC>
    <Alpha>0</Alpha>
    <UZL>168.84399521990181</UZL>
    <K0>0.50852151799945333</K0>
    <K1>0.20367489195699054</K1>
    <K2>0.0730126567011193</K2>
    <MAXBAS>1.0000411206943283</MAXBAS>
    <Cet>0</Cet>
    <PCALT>10</PCALT>
    <TCALT>0.6</TCALT>
    <Pelev>601.5</Pelev>
    <Telev>601.5</Telev>
    <PART>0.5</PART>
    <DELAY>1</DELAY>
  </CatchmentParameters>
  <VegetationZone>
    <VegetationZoneParameters>
      <TT>0.14998208403084687</TT>
      <CFMAX>2.6861319001848134</CFMAX>
      <SP>0</SP>
      <SFCF>0.6578319281879913</SFCF>
      <CFR>0.0357491670774427</CFR>
      <CWH>0.10000013557908383</CWH>
      <CFGlacier>1</CFGlacier>
      <CFSlope>1</CFSlope>
      <FC>119.36933517579477</FC>
      <LP>0.7254592857123916</LP>
      <BETA>3.303825157092446</BETA>
    </VegetationZoneParameters>
  </VegetationZone>
  <SubCatchment>
    <SubCatchmentParameters>
      <KSI>0.001</KSI>
      <KGmin>0.05</KGmin>
      <RangeKG>0.1</RangeKG>
      <AG>0.1</AG>
      <PERC>7.0167478660121576</PERC>
      <Alpha>0</Alpha>
      <UZL>168.84399521990181</UZL>
      <K0>0.50852151799945333</K0>
      <K1>0.20367489195699054</K1>
      <K2>0.0730126567011193</K2>
      <MAXBAS>1.0000411206943283</MAXBAS>
      <Cet>0</Cet>
      <PCALT>10</PCALT>
      <TCALT>0.6</TCALT>
      <Pelev>601.5</Pelev>
      <Telev>601.5</Telev>
      <PART>0.5</PART>
      <DELAY>1</DELAY>
    </SubCatchmentParameters>
    <SubCatchmentVegetationZone>
      <SubCatchmentVegetationZoneParameters>
        <TT>0.14998208403084687</TT>
        <CFMAX>2.6861319001848134</CFMAX>
        <SP>0</SP>
        <SFCF>0.6578319281879913</SFCF>
        <CFR>0.0357491670774427</CFR>
        <CWH>0.10000013557908383</CWH>
        <CFGlacier>1</CFGlacier>
        <CFSlope>1</CFSlope>
        <FC>119.36933517579477</FC>
        <LP>0.7254592857123916</LP>
        <BETA>3.303825157092446</BETA>
      </SubCatchmentVegetationZoneParameters>
    </SubCatchmentVegetationZone>
  </SubCatchment>
</Catchment>