<?xml version="1.0" encoding="utf-8"?>
<Catchment xmlns:xsi="http://www.w3.org/2001/XMLSchema-instance" xmlns:xsd="http://www.w3.org/2001/XMLSchema">
  <CatchmentParameters>
    <KSI>0.001</KSI>
    <KGmin>0.05</KGmin>
    <RangeKG>0.1</RangeKG>
    <AG>0.1</AG>
    <PERC>5.2354032288790551</PERC>
    <Alpha>0</Alpha>
    <UZL>184.97177022798098</UZL>
    <K0>0.37498045722213447</K0>
    <K1>0.15242965664597546</K1>
    <K2>0.048804191955707968</K2>
    <MAXBAS>1.0000891365249405</MAXBAS>
    <Cet>0</Cet>
    <PCALT>10</PCALT>
    <TCALT>0.6</TCALT>
    <Pelev>601.5</Pelev>
    <Telev>601.5</Telev>
    <PART>0.5</PART>
    <DELAY>1</DELAY>
  </CatchmentParameters>
  <VegetationZone>
    <VegetationZoneParameters>
      <TT>0.081918276523289646</TT>
      <CFMAX>3.1812351149860683</CFMAX>
      <SP>0</SP>
      <SFCF>0.76514737653147924</SFCF>
      <CFR>0.034355475797244919</CFR>
      <CWH>0.10000000004542091</CWH>
      <CFGlacier>1</CFGlacier>
      <CFSlope>1</CFSlope>
      <FC>102.23414018674289</FC>
      <LP>0.67446121548687066</LP>
      <BETA>3.8720739109517441</BETA>
    </VegetationZoneParameters>
  </VegetationZone>
  <SubCatchment>
    <SubCatchmentParameters>
      <KSI>0.001</KSI>
      <KGmin>0.05</KGmin>
      <RangeKG>0.1</RangeKG>
      <AG>0.1</AG>
      <PERC>5.2354032288790551</PERC>
      <Alpha>0</Alpha>
      <UZL>184.97177022798098</UZL>
      <K0>0.37498045722213447</K0>
      <K1>0.15242965664597546</K1>
      <K2>0.048804191955707968</K2>
      <MAXBAS>1.0000891365249405</MAXBAS>
      <Cet>0</Cet>
      <PCALT>10</PCALT>
      <TCALT>0.6</TCALT>
      <Pelev>601.5</Pelev>
      <Telev>601.5</Telev>
      <PART>0.5</PART>
      <DELAY>1</DELAY>
    </SubCatchmentParameters>
    <SubCatchmentVegetationZone>
      <SubCatchmentVegetationZoneParameters>
        <TT>0.081918276523289646</TT>
        <CFMAX>3.1812351149860683</CFMAX>
        <SP>0</SP>
        <SFCF>0.76514737653147924</SFCF>
        <CFR>0.034355475797244919</CFR>
        <CWH>0.10000000004542091</CWH>
        <CFGlacier>1</CFGlacier>
        <CFSlope>1</CFSlope>
        <FC>102.23414018674289</FC>
        <LP>0.67446121548687066</LP>
        <BETA>3.8720739109517441</BETA>
      </SubCatchmentVegetationZoneParameters>
    </SubCatchmentVegetationZone>
  </SubCatchment>
</Catchment>