<?xml version="1.0" encoding="utf-8"?>
<Catchment xmlns:xsi="http://www.w3.org/2001/XMLSchema-instance" xmlns:xsd="http://www.w3.org/2001/XMLSchema">
  <CatchmentParameters>
    <KSI>0.001</KSI>
    <KGmin>0.05</KGmin>
    <RangeKG>0.1</RangeKG>
    <AG>0.1</AG>
    <PERC>3.5174725033933174</PERC>
    <Alpha>0</Alpha>
    <UZL>65.366549333632648</UZL>
    <K0>0.33819489631799921</K0>
    <K1>0.11656149450765374</K1>
    <K2>0.052142278927000026</K2>
    <MAXBAS>1</MAXBAS>
    <Cet>0</Cet>
    <PCALT>10</PCALT>
    <TCALT>0.6</TCALT>
    <Pelev>601.5</Pelev>
    <Telev>601.5</Telev>
    <PART>0.5</PART>
    <DELAY>1</DELAY>
  </CatchmentParameters>
  <VegetationZone>
    <VegetationZoneParameters>
      <TT>-2.0000027961435389</TT>
      <CFMAX>1.6020508365666502</CFMAX>
      <SP>0</SP>
      <SFCF>0.93294253179524578</SFCF>
      <CFR>0.065177595992280915</CFR>
      <CWH>0.10000016238985722</CWH>
      <CFGlacier>1</CFGlacier>
      <CFSlope>1</CFSlope>
      <FC>158.10031750298515</FC>
      <LP>0.749655737225111</LP>
      <BETA>5.9581732701681442</BETA>
    </VegetationZoneParameters>
  </VegetationZone>
  <SubCatchment>
    <SubCatchmentParameters>
      <KSI>0.001</KSI>
      <KGmin>0.05</KGmin>
      <RangeKG>0.1</RangeKG>
      <AG>0.1</AG>
      <PERC>3.5174725033933174</PERC>
      <Alpha>0</Alpha>
      <UZL>65.366549333632648</UZL>
      <K0>0.33819489631799921</K0>
      <K1>0.11656149450765374</K1>
      <K2>0.052142278927000026</K2>
      <MAXBAS>1</MAXBAS>
      <Cet>0</Cet>
      <PCALT>10</PCALT>
      <TCALT>0.6</TCALT>
      <Pelev>601.5</Pelev>
      <Telev>601.5</Telev>
      <PART>0.5</PART>
      <DELAY>1</DELAY>
    </SubCatchmentParameters>
    <SubCatchmentVegetationZone>
      <SubCatchmentVegetationZoneParameters>
        <TT>-2.0000027961435389</TT>
        <CFMAX>1.6020508365666502</CFMAX>
        <SP>0</SP>
        <SFCF>0.93294253179524578</SFCF>
        <CFR>0.065177595992280915</CFR>
        <CWH>0.10000016238985722</CWH>
        <CFGlacier>1</CFGlacier>
        <CFSlope>1</CFSlope>
        <FC>158.10031750298515</FC>
        <LP>0.749655737225111</LP>
        <BETA>5.9581732701681442</BETA>
      </SubCatchmentVegetationZoneParameters>
    </SubCatchmentVegetationZone>
  </SubCatchment>
</Catchment>