<?xml version="1.0" encoding="utf-8"?>
<Catchment xmlns:xsi="http://www.w3.org/2001/XMLSchema-instance" xmlns:xsd="http://www.w3.org/2001/XMLSchema">
  <CatchmentParameters>
    <KSI>0.001</KSI>
    <KGmin>0.05</KGmin>
    <RangeKG>0.1</RangeKG>
    <AG>0.1</AG>
    <PERC>7.1366092013803764</PERC>
    <Alpha>0</Alpha>
    <UZL>100.86673325646423</UZL>
    <K0>0.49761741751251015</K0>
    <K1>0.20563407714504658</K1>
    <K2>0.059932661946314379</K2>
    <MAXBAS>1.0036553447482133</MAXBAS>
    <Cet>0</Cet>
    <PCALT>10</PCALT>
    <TCALT>0.6</TCALT>
    <Pelev>601.5</Pelev>
    <Telev>601.5</Telev>
    <PART>0.5</PART>
    <DELAY>1</DELAY>
  </CatchmentParameters>
  <VegetationZone>
    <VegetationZoneParameters>
      <TT>-0.83404896121148908</TT>
      <CFMAX>2.1295368269730242</CFMAX>
      <SP>0</SP>
      <SFCF>0.790279738619665</SFCF>
      <CFR>0.031170178037827727</CFR>
      <CWH>0.10000005687198973</CWH>
      <CFGlacier>1</CFGlacier>
      <CFSlope>1</CFSlope>
      <FC>88.8240337611547</FC>
      <LP>0.60070519476673478</LP>
      <BETA>2.9010598042227209</BETA>
    </VegetationZoneParameters>
  </VegetationZone>
  <SubCatchment>
    <SubCatchmentParameters>
      <KSI>0.001</KSI>
      <KGmin>0.05</KGmin>
      <RangeKG>0.1</RangeKG>
      <AG>0.1</AG>
      <PERC>7.1366092013803764</PERC>
      <Alpha>0</Alpha>
      <UZL>100.86673325646423</UZL>
      <K0>0.49761741751251015</K0>
      <K1>0.20563407714504658</K1>
      <K2>0.059932661946314379</K2>
      <MAXBAS>1.0036553447482133</MAXBAS>
      <Cet>0</Cet>
      <PCALT>10</PCALT>
      <TCALT>0.6</TCALT>
      <Pelev>601.5</Pelev>
      <Telev>601.5</Telev>
      <PART>0.5</PART>
      <DELAY>1</DELAY>
    </SubCatchmentParameters>
    <SubCatchmentVegetationZone>
      <SubCatchmentVegetationZoneParameters>
        <TT>-0.83404896121148908</TT>
        <CFMAX>2.1295368269730242</CFMAX>
        <SP>0</SP>
        <SFCF>0.790279738619665</SFCF>
        <CFR>0.031170178037827727</CFR>
        <CWH>0.10000005687198973</CWH>
        <CFGlacier>1</CFGlacier>
        <CFSlope>1</CFSlope>
        <FC>88.8240337611547</FC>
        <LP>0.60070519476673478</LP>
        <BETA>2.9010598042227209</BETA>
      </SubCatchmentVegetationZoneParameters>
    </SubCatchmentVegetationZone>
  </SubCatchment>
</Catchment>