<?xml version="1.0" encoding="utf-8"?>
<Catchment xmlns:xsi="http://www.w3.org/2001/XMLSchema-instance" xmlns:xsd="http://www.w3.org/2001/XMLSchema">
  <CatchmentParameters>
    <KSI>0.001</KSI>
    <KGmin>0.05</KGmin>
    <RangeKG>0.1</RangeKG>
    <AG>0.1</AG>
    <PERC>6.4870367357960426</PERC>
    <Alpha>0</Alpha>
    <UZL>130.84715839654675</UZL>
    <K0>0.798838989384417</K0>
    <K1>0.17451552131369125</K1>
    <K2>0.049442800685112157</K2>
    <MAXBAS>1.0001038775962918</MAXBAS>
    <Cet>0</Cet>
    <PCALT>10</PCALT>
    <TCALT>0.6</TCALT>
    <Pelev>601.5</Pelev>
    <Telev>601.5</Telev>
    <PART>0.5</PART>
    <DELAY>1</DELAY>
  </CatchmentParameters>
  <VegetationZone>
    <VegetationZoneParameters>
      <TT>-0.5000000022873462</TT>
      <CFMAX>2.5375051442489576</CFMAX>
      <SP>0</SP>
      <SFCF>0.77372016430202317</SFCF>
      <CFR>0.055072942970780955</CFR>
      <CWH>0.10618961662746378</CWH>
      <CFGlacier>1</CFGlacier>
      <CFSlope>1</CFSlope>
      <FC>81.2507663735011</FC>
      <LP>0.68340546457618967</LP>
      <BETA>4.7729873799219336</BETA>
    </VegetationZoneParameters>
  </VegetationZone>
  <SubCatchment>
    <SubCatchmentParameters>
      <KSI>0.001</KSI>
      <KGmin>0.05</KGmin>
      <RangeKG>0.1</RangeKG>
      <AG>0.1</AG>
      <PERC>6.4870367357960426</PERC>
      <Alpha>0</Alpha>
      <UZL>130.84715839654675</UZL>
      <K0>0.798838989384417</K0>
      <K1>0.17451552131369125</K1>
      <K2>0.049442800685112157</K2>
      <MAXBAS>1.0001038775962918</MAXBAS>
      <Cet>0</Cet>
      <PCALT>10</PCALT>
      <TCALT>0.6</TCALT>
      <Pelev>601.5</Pelev>
      <Telev>601.5</Telev>
      <PART>0.5</PART>
      <DELAY>1</DELAY>
    </SubCatchmentParameters>
    <SubCatchmentVegetationZone>
      <SubCatchmentVegetationZoneParameters>
        <TT>-0.5000000022873462</TT>
        <CFMAX>2.5375051442489576</CFMAX>
        <SP>0</SP>
        <SFCF>0.77372016430202317</SFCF>
        <CFR>0.055072942970780955</CFR>
        <CWH>0.10618961662746378</CWH>
        <CFGlacier>1</CFGlacier>
        <CFSlope>1</CFSlope>
        <FC>81.2507663735011</FC>
        <LP>0.68340546457618967</LP>
        <BETA>4.7729873799219336</BETA>
      </SubCatchmentVegetationZoneParameters>
    </SubCatchmentVegetationZone>
  </SubCatchment>
</Catchment>