<?xml version="1.0" encoding="utf-8"?>
<Catchment xmlns:xsi="http://www.w3.org/2001/XMLSchema-instance" xmlns:xsd="http://www.w3.org/2001/XMLSchema">
  <CatchmentParameters>
    <KSI>0.001</KSI>
    <KGmin>0.05</KGmin>
    <RangeKG>0.1</RangeKG>
    <AG>0.1</AG>
    <PERC>5.8127258490882223</PERC>
    <Alpha>0</Alpha>
    <UZL>131.90737488329381</UZL>
    <K0>0.40700746752387557</K0>
    <K1>0.19631553543176636</K1>
    <K2>0.054578274304139425</K2>
    <MAXBAS>1</MAXBAS>
    <Cet>0</Cet>
    <PCALT>10</PCALT>
    <TCALT>0.6</TCALT>
    <Pelev>601.5</Pelev>
    <Telev>601.5</Telev>
    <PART>0.5</PART>
    <DELAY>1</DELAY>
  </CatchmentParameters>
  <VegetationZone>
    <VegetationZoneParameters>
      <TT>-2.0000043436344161</TT>
      <CFMAX>1.470556418936918</CFMAX>
      <SP>0</SP>
      <SFCF>0.94326701690329884</SFCF>
      <CFR>0.04349302273610052</CFR>
      <CWH>0.10000030023293027</CWH>
      <CFGlacier>1</CFGlacier>
      <CFSlope>1</CFSlope>
      <FC>144.09012123295378</FC>
      <LP>0.67095772410608823</LP>
      <BETA>5.1079002958404338</BETA>
    </VegetationZoneParameters>
  </VegetationZone>
  <SubCatchment>
    <SubCatchmentParameters>
      <KSI>0.001</KSI>
      <KGmin>0.05</KGmin>
      <RangeKG>0.1</RangeKG>
      <AG>0.1</AG>
      <PERC>5.8127258490882223</PERC>
      <Alpha>0</Alpha>
      <UZL>131.90737488329381</UZL>
      <K0>0.40700746752387557</K0>
      <K1>0.19631553543176636</K1>
      <K2>0.054578274304139425</K2>
      <MAXBAS>1</MAXBAS>
      <Cet>0</Cet>
      <PCALT>10</PCALT>
      <TCALT>0.6</TCALT>
      <Pelev>601.5</Pelev>
      <Telev>601.5</Telev>
      <PART>0.5</PART>
      <DELAY>1</DELAY>
    </SubCatchmentParameters>
    <SubCatchmentVegetationZone>
      <SubCatchmentVegetationZoneParameters>
        <TT>-2.0000043436344161</TT>
        <CFMAX>1.470556418936918</CFMAX>
        <SP>0</SP>
        <SFCF>0.94326701690329884</SFCF>
        <CFR>0.04349302273610052</CFR>
        <CWH>0.10000030023293027</CWH>
        <CFGlacier>1</CFGlacier>
        <CFSlope>1</CFSlope>
        <FC>144.09012123295378</FC>
        <LP>0.67095772410608823</LP>
        <BETA>5.1079002958404338</BETA>
      </SubCatchmentVegetationZoneParameters>
    </SubCatchmentVegetationZone>
  </SubCatchment>
</Catchment>