<?xml version="1.0" encoding="utf-8"?>
<Catchment xmlns:xsi="http://www.w3.org/2001/XMLSchema-instance" xmlns:xsd="http://www.w3.org/2001/XMLSchema">
  <CatchmentParameters>
    <KSI>0.001</KSI>
    <KGmin>0.05</KGmin>
    <RangeKG>0.1</RangeKG>
    <AG>0.1</AG>
    <PERC>7.40236839205764</PERC>
    <Alpha>0</Alpha>
    <UZL>135.5734295900626</UZL>
    <K0>0.25242569262888176</K0>
    <K1>0.20227595519330041</K1>
    <K2>0.067327486313049578</K2>
    <MAXBAS>1.0000328447243596</MAXBAS>
    <Cet>0</Cet>
    <PCALT>10</PCALT>
    <TCALT>0.6</TCALT>
    <Pelev>601.5</Pelev>
    <Telev>601.5</Telev>
    <PART>0.5</PART>
    <DELAY>1</DELAY>
  </CatchmentParameters>
  <VegetationZone>
    <VegetationZoneParameters>
      <TT>-0.63117686453479149</TT>
      <CFMAX>2.308139568402976</CFMAX>
      <SP>0</SP>
      <SFCF>0.74645646004912558</SFCF>
      <CFR>0.057226165036237946</CFR>
      <CWH>0.10000007633126049</CWH>
      <CFGlacier>1</CFGlacier>
      <CFSlope>1</CFSlope>
      <FC>106.65708024762837</FC>
      <LP>0.66970423483897168</LP>
      <BETA>3.0651960436955115</BETA>
    </VegetationZoneParameters>
  </VegetationZone>
  <SubCatchment>
    <SubCatchmentParameters>
      <KSI>0.001</KSI>
      <KGmin>0.05</KGmin>
      <RangeKG>0.1</RangeKG>
      <AG>0.1</AG>
      <PERC>7.40236839205764</PERC>
      <Alpha>0</Alpha>
      <UZL>135.5734295900626</UZL>
      <K0>0.25242569262888176</K0>
      <K1>0.20227595519330041</K1>
      <K2>0.067327486313049578</K2>
      <MAXBAS>1.0000328447243596</MAXBAS>
      <Cet>0</Cet>
      <PCALT>10</PCALT>
      <TCALT>0.6</TCALT>
      <Pelev>601.5</Pelev>
      <Telev>601.5</Telev>
      <PART>0.5</PART>
      <DELAY>1</DELAY>
    </SubCatchmentParameters>
    <SubCatchmentVegetationZone>
      <SubCatchmentVegetationZoneParameters>
        <TT>-0.63117686453479149</TT>
        <CFMAX>2.308139568402976</CFMAX>
        <SP>0</SP>
        <SFCF>0.74645646004912558</SFCF>
        <CFR>0.057226165036237946</CFR>
        <CWH>0.10000007633126049</CWH>
        <CFGlacier>1</CFGlacier>
        <CFSlope>1</CFSlope>
        <FC>106.65708024762837</FC>
        <LP>0.66970423483897168</LP>
        <BETA>3.0651960436955115</BETA>
      </SubCatchmentVegetationZoneParameters>
    </SubCatchmentVegetationZone>
  </SubCatchment>
</Catchment>