<?xml version="1.0" encoding="utf-8"?>
<Catchment xmlns:xsi="http://www.w3.org/2001/XMLSchema-instance" xmlns:xsd="http://www.w3.org/2001/XMLSchema">
  <CatchmentParameters>
    <KSI>0.001</KSI>
    <KGmin>0.05</KGmin>
    <RangeKG>0.1</RangeKG>
    <AG>0.1</AG>
    <PERC>9.2276651528052369</PERC>
    <Alpha>0</Alpha>
    <UZL>197.67445585164802</UZL>
    <K0>0.16469735511447209</K0>
    <K1>0.22667401211621871</K1>
    <K2>0.082579897184700338</K2>
    <MAXBAS>1.0001832483912574</MAXBAS>
    <Cet>0</Cet>
    <PCALT>10</PCALT>
    <TCALT>0.6</TCALT>
    <Pelev>601.5</Pelev>
    <Telev>601.5</Telev>
    <PART>0.5</PART>
    <DELAY>1</DELAY>
  </CatchmentParameters>
  <VegetationZone>
    <VegetationZoneParameters>
      <TT>-0.51482204626158012</TT>
      <CFMAX>2.2755129750452121</CFMAX>
      <SP>0</SP>
      <SFCF>0.715665280783721</SFCF>
      <CFR>0.053908428043188891</CFR>
      <CWH>0.10000143808590373</CWH>
      <CFGlacier>1</CFGlacier>
      <CFSlope>1</CFSlope>
      <FC>166.68585056732232</FC>
      <LP>0.90764911515448621</LP>
      <BETA>5.1956925705514694</BETA>
    </VegetationZoneParameters>
  </VegetationZone>
  <SubCatchment>
    <SubCatchmentParameters>
      <KSI>0.001</KSI>
      <KGmin>0.05</KGmin>
      <RangeKG>0.1</RangeKG>
      <AG>0.1</AG>
      <PERC>9.2276651528052369</PERC>
      <Alpha>0</Alpha>
      <UZL>197.67445585164802</UZL>
      <K0>0.16469735511447209</K0>
      <K1>0.22667401211621871</K1>
      <K2>0.082579897184700338</K2>
      <MAXBAS>1.0001832483912574</MAXBAS>
      <Cet>0</Cet>
      <PCALT>10</PCALT>
      <TCALT>0.6</TCALT>
      <Pelev>601.5</Pelev>
      <Telev>601.5</Telev>
      <PART>0.5</PART>
      <DELAY>1</DELAY>
    </SubCatchmentParameters>
    <SubCatchmentVegetationZone>
      <SubCatchmentVegetationZoneParameters>
        <TT>-0.51482204626158012</TT>
        <CFMAX>2.2755129750452121</CFMAX>
        <SP>0</SP>
        <SFCF>0.715665280783721</SFCF>
        <CFR>0.053908428043188891</CFR>
        <CWH>0.10000143808590373</CWH>
        <CFGlacier>1</CFGlacier>
        <CFSlope>1</CFSlope>
        <FC>166.68585056732232</FC>
        <LP>0.90764911515448621</LP>
        <BETA>5.1956925705514694</BETA>
      </SubCatchmentVegetationZoneParameters>
    </SubCatchmentVegetationZone>
  </SubCatchment>
</Catchment>