<?xml version="1.0" encoding="utf-8"?>
<Catchment xmlns:xsi="http://www.w3.org/2001/XMLSchema-instance" xmlns:xsd="http://www.w3.org/2001/XMLSchema">
  <CatchmentParameters>
    <KSI>0.001</KSI>
    <KGmin>0.05</KGmin>
    <RangeKG>0.1</RangeKG>
    <AG>0.1</AG>
    <PERC>5.0391991305449082</PERC>
    <Alpha>0</Alpha>
    <UZL>121.2966463622199</UZL>
    <K0>0.4852650048572888</K0>
    <K1>0.17432483703201834</K1>
    <K2>0.064036633409873422</K2>
    <MAXBAS>1.0000000419035546</MAXBAS>
    <Cet>0</Cet>
    <PCALT>10</PCALT>
    <TCALT>0.6</TCALT>
    <Pelev>601.5</Pelev>
    <Telev>601.5</Telev>
    <PART>0.5</PART>
    <DELAY>1</DELAY>
  </CatchmentParameters>
  <VegetationZone>
    <VegetationZoneParameters>
      <TT>0.060418324996328987</TT>
      <CFMAX>2.7513957151676802</CFMAX>
      <SP>0</SP>
      <SFCF>0.65210943778942232</SFCF>
      <CFR>0.046248399273651562</CFR>
      <CWH>0.13119646311927932</CWH>
      <CFGlacier>1</CFGlacier>
      <CFSlope>1</CFSlope>
      <FC>166.93800377406504</FC>
      <LP>0.89585915162377228</LP>
      <BETA>4.9284501597161565</BETA>
    </VegetationZoneParameters>
  </VegetationZone>
  <SubCatchment>
    <SubCatchmentParameters>
      <KSI>0.001</KSI>
      <KGmin>0.05</KGmin>
      <RangeKG>0.1</RangeKG>
      <AG>0.1</AG>
      <PERC>5.0391991305449082</PERC>
      <Alpha>0</Alpha>
      <UZL>121.2966463622199</UZL>
      <K0>0.4852650048572888</K0>
      <K1>0.17432483703201834</K1>
      <K2>0.064036633409873422</K2>
      <MAXBAS>1.0000000419035546</MAXBAS>
      <Cet>0</Cet>
      <PCALT>10</PCALT>
      <TCALT>0.6</TCALT>
      <Pelev>601.5</Pelev>
      <Telev>601.5</Telev>
      <PART>0.5</PART>
      <DELAY>1</DELAY>
    </SubCatchmentParameters>
    <SubCatchmentVegetationZone>
      <SubCatchmentVegetationZoneParameters>
        <TT>0.060418324996328987</TT>
        <CFMAX>2.7513957151676802</CFMAX>
        <SP>0</SP>
        <SFCF>0.65210943778942232</SFCF>
        <CFR>0.046248399273651562</CFR>
        <CWH>0.13119646311927932</CWH>
        <CFGlacier>1</CFGlacier>
        <CFSlope>1</CFSlope>
        <FC>166.93800377406504</FC>
        <LP>0.89585915162377228</LP>
        <BETA>4.9284501597161565</BETA>
      </SubCatchmentVegetationZoneParameters>
    </SubCatchmentVegetationZone>
  </SubCatchment>
</Catchment>