<?xml version="1.0" encoding="utf-8"?>
<Catchment xmlns:xsi="http://www.w3.org/2001/XMLSchema-instance" xmlns:xsd="http://www.w3.org/2001/XMLSchema">
  <CatchmentParameters>
    <KSI>0.001</KSI>
    <KGmin>0.05</KGmin>
    <RangeKG>0.1</RangeKG>
    <AG>0.1</AG>
    <PERC>9.7831678670710343</PERC>
    <Alpha>0</Alpha>
    <UZL>117.33913731679408</UZL>
    <K0>0.54822812146781019</K0>
    <K1>0.33412014500122417</K1>
    <K2>0.097609828405708643</K2>
    <MAXBAS>1.3520575609073777</MAXBAS>
    <Cet>0</Cet>
    <PCALT>10</PCALT>
    <TCALT>0.6</TCALT>
    <Pelev>601.5</Pelev>
    <Telev>601.5</Telev>
    <PART>0.5</PART>
    <DELAY>1</DELAY>
  </CatchmentParameters>
  <VegetationZone>
    <VegetationZoneParameters>
      <TT>-0.8000661042986098</TT>
      <CFMAX>1.814887192552384</CFMAX>
      <SP>0</SP>
      <SFCF>0.6569271948657599</SFCF>
      <CFR>0.048069833760600152</CFR>
      <CWH>0.1000000874710727</CWH>
      <CFGlacier>1</CFGlacier>
      <CFSlope>1</CFSlope>
      <FC>147.86870465132958</FC>
      <LP>0.77449460330894937</LP>
      <BETA>3.35567653994171</BETA>
    </VegetationZoneParameters>
  </VegetationZone>
  <SubCatchment>
    <SubCatchmentParameters>
      <KSI>0.001</KSI>
      <KGmin>0.05</KGmin>
      <RangeKG>0.1</RangeKG>
      <AG>0.1</AG>
      <PERC>9.7831678670710343</PERC>
      <Alpha>0</Alpha>
      <UZL>117.33913731679408</UZL>
      <K0>0.54822812146781019</K0>
      <K1>0.33412014500122417</K1>
      <K2>0.097609828405708643</K2>
      <MAXBAS>1.3520575609073777</MAXBAS>
      <Cet>0</Cet>
      <PCALT>10</PCALT>
      <TCALT>0.6</TCALT>
      <Pelev>601.5</Pelev>
      <Telev>601.5</Telev>
      <PART>0.5</PART>
      <DELAY>1</DELAY>
    </SubCatchmentParameters>
    <SubCatchmentVegetationZone>
      <SubCatchmentVegetationZoneParameters>
        <TT>-0.8000661042986098</TT>
        <CFMAX>1.814887192552384</CFMAX>
        <SP>0</SP>
        <SFCF>0.6569271948657599</SFCF>
        <CFR>0.048069833760600152</CFR>
        <CWH>0.1000000874710727</CWH>
        <CFGlacier>1</CFGlacier>
        <CFSlope>1</CFSlope>
        <FC>147.86870465132958</FC>
        <LP>0.77449460330894937</LP>
        <BETA>3.35567653994171</BETA>
      </SubCatchmentVegetationZoneParameters>
    </SubCatchmentVegetationZone>
  </SubCatchment>
</Catchment>