<?xml version="1.0" encoding="utf-8"?>
<Catchment xmlns:xsi="http://www.w3.org/2001/XMLSchema-instance" xmlns:xsd="http://www.w3.org/2001/XMLSchema">
  <CatchmentParameters>
    <KSI>0.001</KSI>
    <KGmin>0.05</KGmin>
    <RangeKG>0.1</RangeKG>
    <AG>0.1</AG>
    <PERC>4.3278858011583647</PERC>
    <Alpha>0</Alpha>
    <UZL>77.2693022599932</UZL>
    <K0>0.52314275681186873</K0>
    <K1>0.13291631726486849</K1>
    <K2>0.05600666007186212</K2>
    <MAXBAS>1</MAXBAS>
    <Cet>0</Cet>
    <PCALT>10</PCALT>
    <TCALT>0.6</TCALT>
    <Pelev>601.5</Pelev>
    <Telev>601.5</Telev>
    <PART>0.5</PART>
    <DELAY>1</DELAY>
  </CatchmentParameters>
  <VegetationZone>
    <VegetationZoneParameters>
      <TT>-2.0500023921390382</TT>
      <CFMAX>1.6952496210079182</CFMAX>
      <SP>0</SP>
      <SFCF>0.95136910432112021</SFCF>
      <CFR>0.0921051156204244</CFR>
      <CWH>0.10000000012222354</CWH>
      <CFGlacier>1</CFGlacier>
      <CFSlope>1</CFSlope>
      <FC>152.67454928487337</FC>
      <LP>0.707746436651856</LP>
      <BETA>5.4965113175238445</BETA>
    </VegetationZoneParameters>
  </VegetationZone>
  <SubCatchment>
    <SubCatchmentParameters>
      <KSI>0.001</KSI>
      <KGmin>0.05</KGmin>
      <RangeKG>0.1</RangeKG>
      <AG>0.1</AG>
      <PERC>4.3278858011583647</PERC>
      <Alpha>0</Alpha>
      <UZL>77.2693022599932</UZL>
      <K0>0.52314275681186873</K0>
      <K1>0.13291631726486849</K1>
      <K2>0.05600666007186212</K2>
      <MAXBAS>1</MAXBAS>
      <Cet>0</Cet>
      <PCALT>10</PCALT>
      <TCALT>0.6</TCALT>
      <Pelev>601.5</Pelev>
      <Telev>601.5</Telev>
      <PART>0.5</PART>
      <DELAY>1</DELAY>
    </SubCatchmentParameters>
    <SubCatchmentVegetationZone>
      <SubCatchmentVegetationZoneParameters>
        <TT>-2.0500023921390382</TT>
        <CFMAX>1.6952496210079182</CFMAX>
        <SP>0</SP>
        <SFCF>0.95136910432112021</SFCF>
        <CFR>0.0921051156204244</CFR>
        <CWH>0.10000000012222354</CWH>
        <CFGlacier>1</CFGlacier>
        <CFSlope>1</CFSlope>
        <FC>152.67454928487337</FC>
        <LP>0.707746436651856</LP>
        <BETA>5.4965113175238445</BETA>
      </SubCatchmentVegetationZoneParameters>
    </SubCatchmentVegetationZone>
  </SubCatchment>
</Catchment>