<?xml version="1.0" encoding="utf-8"?>
<Catchment xmlns:xsi="http://www.w3.org/2001/XMLSchema-instance" xmlns:xsd="http://www.w3.org/2001/XMLSchema">
  <CatchmentParameters>
    <KSI>0.001</KSI>
    <KGmin>0.05</KGmin>
    <RangeKG>0.1</RangeKG>
    <AG>0.1</AG>
    <PERC>7.2554840022136293</PERC>
    <Alpha>0</Alpha>
    <UZL>61.91243794812533</UZL>
    <K0>0.0500022804661146</K0>
    <K1>0.20869187432249667</K1>
    <K2>0.0750010101427611</K2>
    <MAXBAS>1.0000421019711863</MAXBAS>
    <Cet>0</Cet>
    <PCALT>10</PCALT>
    <TCALT>0.6</TCALT>
    <Pelev>601.5</Pelev>
    <Telev>601.5</Telev>
    <PART>0.5</PART>
    <DELAY>1</DELAY>
  </CatchmentParameters>
  <VegetationZone>
    <VegetationZoneParameters>
      <TT>-0.778534205966026</TT>
      <CFMAX>2.0935290843277028</CFMAX>
      <SP>0</SP>
      <SFCF>0.70198503290479819</SFCF>
      <CFR>0.073473801547823125</CFR>
      <CWH>0.10590066053380821</CWH>
      <CFGlacier>1</CFGlacier>
      <CFSlope>1</CFSlope>
      <FC>148.38770709614576</FC>
      <LP>0.84675343336934861</LP>
      <BETA>4.3835571492206125</BETA>
    </VegetationZoneParameters>
  </VegetationZone>
  <SubCatchment>
    <SubCatchmentParameters>
      <KSI>0.001</KSI>
      <KGmin>0.05</KGmin>
      <RangeKG>0.1</RangeKG>
      <AG>0.1</AG>
      <PERC>7.2554840022136293</PERC>
      <Alpha>0</Alpha>
      <UZL>61.91243794812533</UZL>
      <K0>0.0500022804661146</K0>
      <K1>0.20869187432249667</K1>
      <K2>0.0750010101427611</K2>
      <MAXBAS>1.0000421019711863</MAXBAS>
      <Cet>0</Cet>
      <PCALT>10</PCALT>
      <TCALT>0.6</TCALT>
      <Pelev>601.5</Pelev>
      <Telev>601.5</Telev>
      <PART>0.5</PART>
      <DELAY>1</DELAY>
    </SubCatchmentParameters>
    <SubCatchmentVegetationZone>
      <SubCatchmentVegetationZoneParameters>
        <TT>-0.778534205966026</TT>
        <CFMAX>2.0935290843277028</CFMAX>
        <SP>0</SP>
        <SFCF>0.70198503290479819</SFCF>
        <CFR>0.073473801547823125</CFR>
        <CWH>0.10590066053380821</CWH>
        <CFGlacier>1</CFGlacier>
        <CFSlope>1</CFSlope>
        <FC>148.38770709614576</FC>
        <LP>0.84675343336934861</LP>
        <BETA>4.3835571492206125</BETA>
      </SubCatchmentVegetationZoneParameters>
    </SubCatchmentVegetationZone>
  </SubCatchment>
</Catchment>