<?xml version="1.0" encoding="utf-8"?>
<Catchment xmlns:xsi="http://www.w3.org/2001/XMLSchema-instance" xmlns:xsd="http://www.w3.org/2001/XMLSchema">
  <CatchmentParameters>
    <KSI>0.001</KSI>
    <KGmin>0.05</KGmin>
    <RangeKG>0.1</RangeKG>
    <AG>0.1</AG>
    <PERC>5.7949945384484183</PERC>
    <Alpha>0</Alpha>
    <UZL>124.71730832785396</UZL>
    <K0>0.70764019368092068</K0>
    <K1>0.22589193572534022</K1>
    <K2>0.082292393082547377</K2>
    <MAXBAS>1.0000480281952895</MAXBAS>
    <Cet>0</Cet>
    <PCALT>10</PCALT>
    <TCALT>0.6</TCALT>
    <Pelev>601.5</Pelev>
    <Telev>601.5</Telev>
    <PART>0.5</PART>
    <DELAY>1</DELAY>
  </CatchmentParameters>
  <VegetationZone>
    <VegetationZoneParameters>
      <TT>-0.77426920647217157</TT>
      <CFMAX>1.8464988253591816</CFMAX>
      <SP>0</SP>
      <SFCF>0.64322294797754986</SFCF>
      <CFR>0.052164845740407119</CFR>
      <CWH>0.10000007437440923</CWH>
      <CFGlacier>1</CFGlacier>
      <CFSlope>1</CFSlope>
      <FC>134.11110057590085</FC>
      <LP>0.67646737441475724</LP>
      <BETA>2.7088650725728818</BETA>
    </VegetationZoneParameters>
  </VegetationZone>
  <SubCatchment>
    <SubCatchmentParameters>
      <KSI>0.001</KSI>
      <KGmin>0.05</KGmin>
      <RangeKG>0.1</RangeKG>
      <AG>0.1</AG>
      <PERC>5.7949945384484183</PERC>
      <Alpha>0</Alpha>
      <UZL>124.71730832785396</UZL>
      <K0>0.70764019368092068</K0>
      <K1>0.22589193572534022</K1>
      <K2>0.082292393082547377</K2>
      <MAXBAS>1.0000480281952895</MAXBAS>
      <Cet>0</Cet>
      <PCALT>10</PCALT>
      <TCALT>0.6</TCALT>
      <Pelev>601.5</Pelev>
      <Telev>601.5</Telev>
      <PART>0.5</PART>
      <DELAY>1</DELAY>
    </SubCatchmentParameters>
    <SubCatchmentVegetationZone>
      <SubCatchmentVegetationZoneParameters>
        <TT>-0.77426920647217157</TT>
        <CFMAX>1.8464988253591816</CFMAX>
        <SP>0</SP>
        <SFCF>0.64322294797754986</SFCF>
        <CFR>0.052164845740407119</CFR>
        <CWH>0.10000007437440923</CWH>
        <CFGlacier>1</CFGlacier>
        <CFSlope>1</CFSlope>
        <FC>134.11110057590085</FC>
        <LP>0.67646737441475724</LP>
        <BETA>2.7088650725728818</BETA>
      </SubCatchmentVegetationZoneParameters>
    </SubCatchmentVegetationZone>
  </SubCatchment>
</Catchment>