<?xml version="1.0" encoding="utf-8"?>
<Catchment xmlns:xsi="http://www.w3.org/2001/XMLSchema-instance" xmlns:xsd="http://www.w3.org/2001/XMLSchema">
  <CatchmentParameters>
    <KSI>0.001</KSI>
    <KGmin>0.05</KGmin>
    <RangeKG>0.1</RangeKG>
    <AG>0.1</AG>
    <PERC>3.695304999676571</PERC>
    <Alpha>0</Alpha>
    <UZL>72.0878071093833</UZL>
    <K0>0.30710526047742742</K0>
    <K1>0.1170244809770256</K1>
    <K2>0.045349581942123358</K2>
    <MAXBAS>1</MAXBAS>
    <Cet>0</Cet>
    <PCALT>10</PCALT>
    <TCALT>0.6</TCALT>
    <Pelev>601.5</Pelev>
    <Telev>601.5</Telev>
    <PART>0.5</PART>
    <DELAY>1</DELAY>
  </CatchmentParameters>
  <VegetationZone>
    <VegetationZoneParameters>
      <TT>-1.8500008629799138</TT>
      <CFMAX>1.8563276303368714</CFMAX>
      <SP>0</SP>
      <SFCF>0.95626760303358016</SFCF>
      <CFR>0.082291711230274484</CFR>
      <CWH>0.10000014278823709</CWH>
      <CFGlacier>1</CFGlacier>
      <CFSlope>1</CFSlope>
      <FC>116.80803662305812</FC>
      <LP>0.59484646475804648</LP>
      <BETA>5.0037062564097088</BETA>
    </VegetationZoneParameters>
  </VegetationZone>
  <SubCatchment>
    <SubCatchmentParameters>
      <KSI>0.001</KSI>
      <KGmin>0.05</KGmin>
      <RangeKG>0.1</RangeKG>
      <AG>0.1</AG>
      <PERC>3.695304999676571</PERC>
      <Alpha>0</Alpha>
      <UZL>72.0878071093833</UZL>
      <K0>0.30710526047742742</K0>
      <K1>0.1170244809770256</K1>
      <K2>0.045349581942123358</K2>
      <MAXBAS>1</MAXBAS>
      <Cet>0</Cet>
      <PCALT>10</PCALT>
      <TCALT>0.6</TCALT>
      <Pelev>601.5</Pelev>
      <Telev>601.5</Telev>
      <PART>0.5</PART>
      <DELAY>1</DELAY>
    </SubCatchmentParameters>
    <SubCatchmentVegetationZone>
      <SubCatchmentVegetationZoneParameters>
        <TT>-1.8500008629799138</TT>
        <CFMAX>1.8563276303368714</CFMAX>
        <SP>0</SP>
        <SFCF>0.95626760303358016</SFCF>
        <CFR>0.082291711230274484</CFR>
        <CWH>0.10000014278823709</CWH>
        <CFGlacier>1</CFGlacier>
        <CFSlope>1</CFSlope>
        <FC>116.80803662305812</FC>
        <LP>0.59484646475804648</LP>
        <BETA>5.0037062564097088</BETA>
      </SubCatchmentVegetationZoneParameters>
    </SubCatchmentVegetationZone>
  </SubCatchment>
</Catchment>