<?xml version="1.0" encoding="utf-8"?>
<Catchment xmlns:xsi="http://www.w3.org/2001/XMLSchema-instance" xmlns:xsd="http://www.w3.org/2001/XMLSchema">
  <CatchmentParameters>
    <KSI>0.001</KSI>
    <KGmin>0.05</KGmin>
    <RangeKG>0.1</RangeKG>
    <AG>0.1</AG>
    <PERC>7.38631655423665</PERC>
    <Alpha>0</Alpha>
    <UZL>198.19567235135412</UZL>
    <K0>0.17041099385314312</K0>
    <K1>0.22156892946943368</K1>
    <K2>0.0734325982089446</K2>
    <MAXBAS>1.0000079249844933</MAXBAS>
    <Cet>0</Cet>
    <PCALT>10</PCALT>
    <TCALT>0.6</TCALT>
    <Pelev>601.5</Pelev>
    <Telev>601.5</Telev>
    <PART>0.5</PART>
    <DELAY>1</DELAY>
  </CatchmentParameters>
  <VegetationZone>
    <VegetationZoneParameters>
      <TT>-0.83923040700937934</TT>
      <CFMAX>2.0154169601852159</CFMAX>
      <SP>0</SP>
      <SFCF>0.73658910075606276</SFCF>
      <CFR>0.039604606360235335</CFR>
      <CWH>0.100000218407775</CWH>
      <CFGlacier>1</CFGlacier>
      <CFSlope>1</CFSlope>
      <FC>128.87915564600081</FC>
      <LP>0.77743951137909617</LP>
      <BETA>3.7011226035589058</BETA>
    </VegetationZoneParameters>
  </VegetationZone>
  <SubCatchment>
    <SubCatchmentParameters>
      <KSI>0.001</KSI>
      <KGmin>0.05</KGmin>
      <RangeKG>0.1</RangeKG>
      <AG>0.1</AG>
      <PERC>7.38631655423665</PERC>
      <Alpha>0</Alpha>
      <UZL>198.19567235135412</UZL>
      <K0>0.17041099385314312</K0>
      <K1>0.22156892946943368</K1>
      <K2>0.0734325982089446</K2>
      <MAXBAS>1.0000079249844933</MAXBAS>
      <Cet>0</Cet>
      <PCALT>10</PCALT>
      <TCALT>0.6</TCALT>
      <Pelev>601.5</Pelev>
      <Telev>601.5</Telev>
      <PART>0.5</PART>
      <DELAY>1</DELAY>
    </SubCatchmentParameters>
    <SubCatchmentVegetationZone>
      <SubCatchmentVegetationZoneParameters>
        <TT>-0.83923040700937934</TT>
        <CFMAX>2.0154169601852159</CFMAX>
        <SP>0</SP>
        <SFCF>0.73658910075606276</SFCF>
        <CFR>0.039604606360235335</CFR>
        <CWH>0.100000218407775</CWH>
        <CFGlacier>1</CFGlacier>
        <CFSlope>1</CFSlope>
        <FC>128.87915564600081</FC>
        <LP>0.77743951137909617</LP>
        <BETA>3.7011226035589058</BETA>
      </SubCatchmentVegetationZoneParameters>
    </SubCatchmentVegetationZone>
  </SubCatchment>
</Catchment>