<?xml version="1.0" encoding="utf-8"?>
<Catchment xmlns:xsi="http://www.w3.org/2001/XMLSchema-instance" xmlns:xsd="http://www.w3.org/2001/XMLSchema">
  <CatchmentParameters>
    <KSI>0.001</KSI>
    <KGmin>0.05</KGmin>
    <RangeKG>0.1</RangeKG>
    <AG>0.1</AG>
    <PERC>4.5076776447588287</PERC>
    <Alpha>0</Alpha>
    <UZL>138.78484242374088</UZL>
    <K0>0.36857116040013538</K0>
    <K1>0.15027783265181649</K1>
    <K2>0.050879534799812047</K2>
    <MAXBAS>1</MAXBAS>
    <Cet>0</Cet>
    <PCALT>10</PCALT>
    <TCALT>0.6</TCALT>
    <Pelev>601.5</Pelev>
    <Telev>601.5</Telev>
    <PART>0.5</PART>
    <DELAY>1</DELAY>
  </CatchmentParameters>
  <VegetationZone>
    <VegetationZoneParameters>
      <TT>-0.87655652302659892</TT>
      <CFMAX>2.2913249310886692</CFMAX>
      <SP>0</SP>
      <SFCF>0.9171618537700611</SFCF>
      <CFR>2.6131321736230209E-09</CFR>
      <CWH>0.10000009974895074</CWH>
      <CFGlacier>1</CFGlacier>
      <CFSlope>1</CFSlope>
      <FC>124.37539627471452</FC>
      <LP>0.67660827805765911</LP>
      <BETA>5.0782429537859146</BETA>
    </VegetationZoneParameters>
  </VegetationZone>
  <SubCatchment>
    <SubCatchmentParameters>
      <KSI>0.001</KSI>
      <KGmin>0.05</KGmin>
      <RangeKG>0.1</RangeKG>
      <AG>0.1</AG>
      <PERC>4.5076776447588287</PERC>
      <Alpha>0</Alpha>
      <UZL>138.78484242374088</UZL>
      <K0>0.36857116040013538</K0>
      <K1>0.15027783265181649</K1>
      <K2>0.050879534799812047</K2>
      <MAXBAS>1</MAXBAS>
      <Cet>0</Cet>
      <PCALT>10</PCALT>
      <TCALT>0.6</TCALT>
      <Pelev>601.5</Pelev>
      <Telev>601.5</Telev>
      <PART>0.5</PART>
      <DELAY>1</DELAY>
    </SubCatchmentParameters>
    <SubCatchmentVegetationZone>
      <SubCatchmentVegetationZoneParameters>
        <TT>-0.87655652302659892</TT>
        <CFMAX>2.2913249310886692</CFMAX>
        <SP>0</SP>
        <SFCF>0.9171618537700611</SFCF>
        <CFR>2.6131321736230209E-09</CFR>
        <CWH>0.10000009974895074</CWH>
        <CFGlacier>1</CFGlacier>
        <CFSlope>1</CFSlope>
        <FC>124.37539627471452</FC>
        <LP>0.67660827805765911</LP>
        <BETA>5.0782429537859146</BETA>
      </SubCatchmentVegetationZoneParameters>
    </SubCatchmentVegetationZone>
  </SubCatchment>
</Catchment>