<?xml version="1.0" encoding="utf-8"?>
<Catchment xmlns:xsi="http://www.w3.org/2001/XMLSchema-instance" xmlns:xsd="http://www.w3.org/2001/XMLSchema">
  <CatchmentParameters>
    <KSI>0.001</KSI>
    <KGmin>0.05</KGmin>
    <RangeKG>0.1</RangeKG>
    <AG>0.1</AG>
    <PERC>3.4095142546720743</PERC>
    <Alpha>0</Alpha>
    <UZL>58.551632400183486</UZL>
    <K0>0.33365009451609895</K0>
    <K1>0.12053476672519156</K1>
    <K2>0.04880238909923329</K2>
    <MAXBAS>1</MAXBAS>
    <Cet>0</Cet>
    <PCALT>10</PCALT>
    <TCALT>0.6</TCALT>
    <Pelev>601.5</Pelev>
    <Telev>601.5</Telev>
    <PART>0.5</PART>
    <DELAY>1</DELAY>
  </CatchmentParameters>
  <VegetationZone>
    <VegetationZoneParameters>
      <TT>-2.0000030579013228</TT>
      <CFMAX>1.4774212957039958</CFMAX>
      <SP>0</SP>
      <SFCF>0.91187690611632444</SFCF>
      <CFR>0.044388205870178561</CFR>
      <CWH>0.10000010272402644</CWH>
      <CFGlacier>1</CFGlacier>
      <CFSlope>1</CFSlope>
      <FC>100.02666600721818</FC>
      <LP>0.53332196280054056</LP>
      <BETA>4.0570346097691372</BETA>
    </VegetationZoneParameters>
  </VegetationZone>
  <SubCatchment>
    <SubCatchmentParameters>
      <KSI>0.001</KSI>
      <KGmin>0.05</KGmin>
      <RangeKG>0.1</RangeKG>
      <AG>0.1</AG>
      <PERC>3.4095142546720743</PERC>
      <Alpha>0</Alpha>
      <UZL>58.551632400183486</UZL>
      <K0>0.33365009451609895</K0>
      <K1>0.12053476672519156</K1>
      <K2>0.04880238909923329</K2>
      <MAXBAS>1</MAXBAS>
      <Cet>0</Cet>
      <PCALT>10</PCALT>
      <TCALT>0.6</TCALT>
      <Pelev>601.5</Pelev>
      <Telev>601.5</Telev>
      <PART>0.5</PART>
      <DELAY>1</DELAY>
    </SubCatchmentParameters>
    <SubCatchmentVegetationZone>
      <SubCatchmentVegetationZoneParameters>
        <TT>-2.0000030579013228</TT>
        <CFMAX>1.4774212957039958</CFMAX>
        <SP>0</SP>
        <SFCF>0.91187690611632444</SFCF>
        <CFR>0.044388205870178561</CFR>
        <CWH>0.10000010272402644</CWH>
        <CFGlacier>1</CFGlacier>
        <CFSlope>1</CFSlope>
        <FC>100.02666600721818</FC>
        <LP>0.53332196280054056</LP>
        <BETA>4.0570346097691372</BETA>
      </SubCatchmentVegetationZoneParameters>
    </SubCatchmentVegetationZone>
  </SubCatchment>
</Catchment>