<?xml version="1.0" encoding="utf-8"?>
<Catchment xmlns:xsi="http://www.w3.org/2001/XMLSchema-instance" xmlns:xsd="http://www.w3.org/2001/XMLSchema">
  <CatchmentParameters>
    <KSI>0.001</KSI>
    <KGmin>0.05</KGmin>
    <RangeKG>0.1</RangeKG>
    <AG>0.1</AG>
    <PERC>5.2428076888666943</PERC>
    <Alpha>0</Alpha>
    <UZL>131.32370344064213</UZL>
    <K0>0.54121185327928745</K0>
    <K1>0.1705934327258683</K1>
    <K2>0.051709935035935191</K2>
    <MAXBAS>1.0000052222174549</MAXBAS>
    <Cet>0</Cet>
    <PCALT>10</PCALT>
    <TCALT>0.6</TCALT>
    <Pelev>601.5</Pelev>
    <Telev>601.5</Telev>
    <PART>0.5</PART>
    <DELAY>1</DELAY>
  </CatchmentParameters>
  <VegetationZone>
    <VegetationZoneParameters>
      <TT>-0.65000839338286365</TT>
      <CFMAX>2.365336629338425</CFMAX>
      <SP>0</SP>
      <SFCF>0.73811816502516225</SFCF>
      <CFR>0.065401916628287718</CFR>
      <CWH>0.11764488380191565</CWH>
      <CFGlacier>1</CFGlacier>
      <CFSlope>1</CFSlope>
      <FC>113.13563114442991</FC>
      <LP>0.77486921296079647</LP>
      <BETA>4.15500912251625</BETA>
    </VegetationZoneParameters>
  </VegetationZone>
  <SubCatchment>
    <SubCatchmentParameters>
      <KSI>0.001</KSI>
      <KGmin>0.05</KGmin>
      <RangeKG>0.1</RangeKG>
      <AG>0.1</AG>
      <PERC>5.2428076888666943</PERC>
      <Alpha>0</Alpha>
      <UZL>131.32370344064213</UZL>
      <K0>0.54121185327928745</K0>
      <K1>0.1705934327258683</K1>
      <K2>0.051709935035935191</K2>
      <MAXBAS>1.0000052222174549</MAXBAS>
      <Cet>0</Cet>
      <PCALT>10</PCALT>
      <TCALT>0.6</TCALT>
      <Pelev>601.5</Pelev>
      <Telev>601.5</Telev>
      <PART>0.5</PART>
      <DELAY>1</DELAY>
    </SubCatchmentParameters>
    <SubCatchmentVegetationZone>
      <SubCatchmentVegetationZoneParameters>
        <TT>-0.65000839338286365</TT>
        <CFMAX>2.365336629338425</CFMAX>
        <SP>0</SP>
        <SFCF>0.73811816502516225</SFCF>
        <CFR>0.065401916628287718</CFR>
        <CWH>0.11764488380191565</CWH>
        <CFGlacier>1</CFGlacier>
        <CFSlope>1</CFSlope>
        <FC>113.13563114442991</FC>
        <LP>0.77486921296079647</LP>
        <BETA>4.15500912251625</BETA>
      </SubCatchmentVegetationZoneParameters>
    </SubCatchmentVegetationZone>
  </SubCatchment>
</Catchment>