<?xml version="1.0" encoding="utf-8"?>
<Catchment xmlns:xsi="http://www.w3.org/2001/XMLSchema-instance" xmlns:xsd="http://www.w3.org/2001/XMLSchema">
  <CatchmentParameters>
    <KSI>0.001</KSI>
    <KGmin>0.05</KGmin>
    <RangeKG>0.1</RangeKG>
    <AG>0.1</AG>
    <PERC>7.54661503735983</PERC>
    <Alpha>0</Alpha>
    <UZL>147.21653974820632</UZL>
    <K0>0.16814763126429275</K0>
    <K1>0.23145776008658164</K1>
    <K2>0.0890598222775405</K2>
    <MAXBAS>1.0000002210060703</MAXBAS>
    <Cet>0</Cet>
    <PCALT>10</PCALT>
    <TCALT>0.6</TCALT>
    <Pelev>601.5</Pelev>
    <Telev>601.5</Telev>
    <PART>0.5</PART>
    <DELAY>1</DELAY>
  </CatchmentParameters>
  <VegetationZone>
    <VegetationZoneParameters>
      <TT>-0.573491870947969</TT>
      <CFMAX>2.0329426095572054</CFMAX>
      <SP>0</SP>
      <SFCF>0.62811595063642278</SFCF>
      <CFR>0.069304522108186453</CFR>
      <CWH>0.1259068653589154</CWH>
      <CFGlacier>1</CFGlacier>
      <CFSlope>1</CFSlope>
      <FC>189.51432942243321</FC>
      <LP>0.91242143330816561</LP>
      <BETA>4.9731363588896516</BETA>
    </VegetationZoneParameters>
  </VegetationZone>
  <SubCatchment>
    <SubCatchmentParameters>
      <KSI>0.001</KSI>
      <KGmin>0.05</KGmin>
      <RangeKG>0.1</RangeKG>
      <AG>0.1</AG>
      <PERC>7.54661503735983</PERC>
      <Alpha>0</Alpha>
      <UZL>147.21653974820632</UZL>
      <K0>0.16814763126429275</K0>
      <K1>0.23145776008658164</K1>
      <K2>0.0890598222775405</K2>
      <MAXBAS>1.0000002210060703</MAXBAS>
      <Cet>0</Cet>
      <PCALT>10</PCALT>
      <TCALT>0.6</TCALT>
      <Pelev>601.5</Pelev>
      <Telev>601.5</Telev>
      <PART>0.5</PART>
      <DELAY>1</DELAY>
    </SubCatchmentParameters>
    <SubCatchmentVegetationZone>
      <SubCatchmentVegetationZoneParameters>
        <TT>-0.573491870947969</TT>
        <CFMAX>2.0329426095572054</CFMAX>
        <SP>0</SP>
        <SFCF>0.62811595063642278</SFCF>
        <CFR>0.069304522108186453</CFR>
        <CWH>0.1259068653589154</CWH>
        <CFGlacier>1</CFGlacier>
        <CFSlope>1</CFSlope>
        <FC>189.51432942243321</FC>
        <LP>0.91242143330816561</LP>
        <BETA>4.9731363588896516</BETA>
      </SubCatchmentVegetationZoneParameters>
    </SubCatchmentVegetationZone>
  </SubCatchment>
</Catchment>