<?xml version="1.0" encoding="utf-8"?>
<Catchment xmlns:xsi="http://www.w3.org/2001/XMLSchema-instance" xmlns:xsd="http://www.w3.org/2001/XMLSchema">
  <CatchmentParameters>
    <KSI>0.001</KSI>
    <KGmin>0.05</KGmin>
    <RangeKG>0.1</RangeKG>
    <AG>0.1</AG>
    <PERC>9.4622064930742749</PERC>
    <Alpha>0</Alpha>
    <UZL>110.88826213955534</UZL>
    <K0>0.92613196642849771</K0>
    <K1>0.24991464012739645</K1>
    <K2>0.088452187662348969</K2>
    <MAXBAS>1.0002497748185066</MAXBAS>
    <Cet>0</Cet>
    <PCALT>10</PCALT>
    <TCALT>0.6</TCALT>
    <Pelev>601.5</Pelev>
    <Telev>601.5</Telev>
    <PART>0.5</PART>
    <DELAY>1</DELAY>
  </CatchmentParameters>
  <VegetationZone>
    <VegetationZoneParameters>
      <TT>-0.59995362048512568</TT>
      <CFMAX>2.1205818720526346</CFMAX>
      <SP>0</SP>
      <SFCF>0.69503971095435046</SFCF>
      <CFR>0.054722253985043191</CFR>
      <CWH>0.10000980500341598</CWH>
      <CFGlacier>1</CFGlacier>
      <CFSlope>1</CFSlope>
      <FC>116.31829416656407</FC>
      <LP>0.65544569316730961</LP>
      <BETA>2.8349105566817445</BETA>
    </VegetationZoneParameters>
  </VegetationZone>
  <SubCatchment>
    <SubCatchmentParameters>
      <KSI>0.001</KSI>
      <KGmin>0.05</KGmin>
      <RangeKG>0.1</RangeKG>
      <AG>0.1</AG>
      <PERC>9.4622064930742749</PERC>
      <Alpha>0</Alpha>
      <UZL>110.88826213955534</UZL>
      <K0>0.92613196642849771</K0>
      <K1>0.24991464012739645</K1>
      <K2>0.088452187662348969</K2>
      <MAXBAS>1.0002497748185066</MAXBAS>
      <Cet>0</Cet>
      <PCALT>10</PCALT>
      <TCALT>0.6</TCALT>
      <Pelev>601.5</Pelev>
      <Telev>601.5</Telev>
      <PART>0.5</PART>
      <DELAY>1</DELAY>
    </SubCatchmentParameters>
    <SubCatchmentVegetationZone>
      <SubCatchmentVegetationZoneParameters>
        <TT>-0.59995362048512568</TT>
        <CFMAX>2.1205818720526346</CFMAX>
        <SP>0</SP>
        <SFCF>0.69503971095435046</SFCF>
        <CFR>0.054722253985043191</CFR>
        <CWH>0.10000980500341598</CWH>
        <CFGlacier>1</CFGlacier>
        <CFSlope>1</CFSlope>
        <FC>116.31829416656407</FC>
        <LP>0.65544569316730961</LP>
        <BETA>2.8349105566817445</BETA>
      </SubCatchmentVegetationZoneParameters>
    </SubCatchmentVegetationZone>
  </SubCatchment>
</Catchment>