<?xml version="1.0" encoding="utf-8"?>
<Catchment xmlns:xsi="http://www.w3.org/2001/XMLSchema-instance" xmlns:xsd="http://www.w3.org/2001/XMLSchema">
  <CatchmentParameters>
    <KSI>0.001</KSI>
    <KGmin>0.05</KGmin>
    <RangeKG>0.1</RangeKG>
    <AG>0.1</AG>
    <PERC>8.4890769642078432</PERC>
    <Alpha>0</Alpha>
    <UZL>117.60857620510998</UZL>
    <K0>0.50502471436163276</K0>
    <K1>0.24592145112167102</K1>
    <K2>0.10279653744780049</K2>
    <MAXBAS>1.0000595177545595</MAXBAS>
    <Cet>0</Cet>
    <PCALT>10</PCALT>
    <TCALT>0.6</TCALT>
    <Pelev>601.5</Pelev>
    <Telev>601.5</Telev>
    <PART>0.5</PART>
    <DELAY>1</DELAY>
  </CatchmentParameters>
  <VegetationZone>
    <VegetationZoneParameters>
      <TT>-0.17823460627433371</TT>
      <CFMAX>2.1677262658992311</CFMAX>
      <SP>0</SP>
      <SFCF>0.60172671230460739</SFCF>
      <CFR>0.043952322559393291</CFR>
      <CWH>0.10000069833091906</CWH>
      <CFGlacier>1</CFGlacier>
      <CFSlope>1</CFSlope>
      <FC>142.83557037702028</FC>
      <LP>0.70833592399764511</LP>
      <BETA>3.0162976941258779</BETA>
    </VegetationZoneParameters>
  </VegetationZone>
  <SubCatchment>
    <SubCatchmentParameters>
      <KSI>0.001</KSI>
      <KGmin>0.05</KGmin>
      <RangeKG>0.1</RangeKG>
      <AG>0.1</AG>
      <PERC>8.4890769642078432</PERC>
      <Alpha>0</Alpha>
      <UZL>117.60857620510998</UZL>
      <K0>0.50502471436163276</K0>
      <K1>0.24592145112167102</K1>
      <K2>0.10279653744780049</K2>
      <MAXBAS>1.0000595177545595</MAXBAS>
      <Cet>0</Cet>
      <PCALT>10</PCALT>
      <TCALT>0.6</TCALT>
      <Pelev>601.5</Pelev>
      <Telev>601.5</Telev>
      <PART>0.5</PART>
      <DELAY>1</DELAY>
    </SubCatchmentParameters>
    <SubCatchmentVegetationZone>
      <SubCatchmentVegetationZoneParameters>
        <TT>-0.17823460627433371</TT>
        <CFMAX>2.1677262658992311</CFMAX>
        <SP>0</SP>
        <SFCF>0.60172671230460739</SFCF>
        <CFR>0.043952322559393291</CFR>
        <CWH>0.10000069833091906</CWH>
        <CFGlacier>1</CFGlacier>
        <CFSlope>1</CFSlope>
        <FC>142.83557037702028</FC>
        <LP>0.70833592399764511</LP>
        <BETA>3.0162976941258779</BETA>
      </SubCatchmentVegetationZoneParameters>
    </SubCatchmentVegetationZone>
  </SubCatchment>
</Catchment>