<?xml version="1.0" encoding="utf-8"?>
<Catchment xmlns:xsi="http://www.w3.org/2001/XMLSchema-instance" xmlns:xsd="http://www.w3.org/2001/XMLSchema">
  <CatchmentParameters>
    <KSI>0.001</KSI>
    <KGmin>0.05</KGmin>
    <RangeKG>0.1</RangeKG>
    <AG>0.1</AG>
    <PERC>8.8630151192770512</PERC>
    <Alpha>0</Alpha>
    <UZL>92.640647263779528</UZL>
    <K0>0.19723592993958086</K0>
    <K1>0.22704311879340056</K1>
    <K2>0.097298973831182412</K2>
    <MAXBAS>1.0000103924477288</MAXBAS>
    <Cet>0</Cet>
    <PCALT>10</PCALT>
    <TCALT>0.6</TCALT>
    <Pelev>601.5</Pelev>
    <Telev>601.5</Telev>
    <PART>0.5</PART>
    <DELAY>1</DELAY>
  </CatchmentParameters>
  <VegetationZone>
    <VegetationZoneParameters>
      <TT>-0.0744907415997622</TT>
      <CFMAX>2.3940335329259614</CFMAX>
      <SP>0</SP>
      <SFCF>0.61387242687524568</SFCF>
      <CFR>0.047412571818163517</CFR>
      <CWH>0.12066004566469973</CWH>
      <CFGlacier>1</CFGlacier>
      <CFSlope>1</CFSlope>
      <FC>173.6613608242501</FC>
      <LP>0.86544446667068653</LP>
      <BETA>4.3799575096042815</BETA>
    </VegetationZoneParameters>
  </VegetationZone>
  <SubCatchment>
    <SubCatchmentParameters>
      <KSI>0.001</KSI>
      <KGmin>0.05</KGmin>
      <RangeKG>0.1</RangeKG>
      <AG>0.1</AG>
      <PERC>8.8630151192770512</PERC>
      <Alpha>0</Alpha>
      <UZL>92.640647263779528</UZL>
      <K0>0.19723592993958086</K0>
      <K1>0.22704311879340056</K1>
      <K2>0.097298973831182412</K2>
      <MAXBAS>1.0000103924477288</MAXBAS>
      <Cet>0</Cet>
      <PCALT>10</PCALT>
      <TCALT>0.6</TCALT>
      <Pelev>601.5</Pelev>
      <Telev>601.5</Telev>
      <PART>0.5</PART>
      <DELAY>1</DELAY>
    </SubCatchmentParameters>
    <SubCatchmentVegetationZone>
      <SubCatchmentVegetationZoneParameters>
        <TT>-0.0744907415997622</TT>
        <CFMAX>2.3940335329259614</CFMAX>
        <SP>0</SP>
        <SFCF>0.61387242687524568</SFCF>
        <CFR>0.047412571818163517</CFR>
        <CWH>0.12066004566469973</CWH>
        <CFGlacier>1</CFGlacier>
        <CFSlope>1</CFSlope>
        <FC>173.6613608242501</FC>
        <LP>0.86544446667068653</LP>
        <BETA>4.3799575096042815</BETA>
      </SubCatchmentVegetationZoneParameters>
    </SubCatchmentVegetationZone>
  </SubCatchment>
</Catchment>