<?xml version="1.0" encoding="utf-8"?>
<Catchment xmlns:xsi="http://www.w3.org/2001/XMLSchema-instance" xmlns:xsd="http://www.w3.org/2001/XMLSchema">
  <CatchmentParameters>
    <KSI>0.001</KSI>
    <KGmin>0.05</KGmin>
    <RangeKG>0.1</RangeKG>
    <AG>0.1</AG>
    <PERC>9.9999703793503638</PERC>
    <Alpha>0</Alpha>
    <UZL>94.1982827226272</UZL>
    <K0>0.21142550538030155</K0>
    <K1>0.32121942459275088</K1>
    <K2>0.092191694579781353</K2>
    <MAXBAS>1.3321737916194181</MAXBAS>
    <Cet>0</Cet>
    <PCALT>10</PCALT>
    <TCALT>0.6</TCALT>
    <Pelev>601.5</Pelev>
    <Telev>601.5</Telev>
    <PART>0.5</PART>
    <DELAY>1</DELAY>
  </CatchmentParameters>
  <VegetationZone>
    <VegetationZoneParameters>
      <TT>-0.949785680389488</TT>
      <CFMAX>1.7575621803910206</CFMAX>
      <SP>0</SP>
      <SFCF>0.75003517981850143</SFCF>
      <CFR>0.0004979663054997226</CFR>
      <CWH>0.10000110479397324</CWH>
      <CFGlacier>1</CFGlacier>
      <CFSlope>1</CFSlope>
      <FC>147.86790148591135</FC>
      <LP>0.767167105729414</LP>
      <BETA>3.3132910580381822</BETA>
    </VegetationZoneParameters>
  </VegetationZone>
  <SubCatchment>
    <SubCatchmentParameters>
      <KSI>0.001</KSI>
      <KGmin>0.05</KGmin>
      <RangeKG>0.1</RangeKG>
      <AG>0.1</AG>
      <PERC>9.9999703793503638</PERC>
      <Alpha>0</Alpha>
      <UZL>94.1982827226272</UZL>
      <K0>0.21142550538030155</K0>
      <K1>0.32121942459275088</K1>
      <K2>0.092191694579781353</K2>
      <MAXBAS>1.3321737916194181</MAXBAS>
      <Cet>0</Cet>
      <PCALT>10</PCALT>
      <TCALT>0.6</TCALT>
      <Pelev>601.5</Pelev>
      <Telev>601.5</Telev>
      <PART>0.5</PART>
      <DELAY>1</DELAY>
    </SubCatchmentParameters>
    <SubCatchmentVegetationZone>
      <SubCatchmentVegetationZoneParameters>
        <TT>-0.949785680389488</TT>
        <CFMAX>1.7575621803910206</CFMAX>
        <SP>0</SP>
        <SFCF>0.75003517981850143</SFCF>
        <CFR>0.0004979663054997226</CFR>
        <CWH>0.10000110479397324</CWH>
        <CFGlacier>1</CFGlacier>
        <CFSlope>1</CFSlope>
        <FC>147.86790148591135</FC>
        <LP>0.767167105729414</LP>
        <BETA>3.3132910580381822</BETA>
      </SubCatchmentVegetationZoneParameters>
    </SubCatchmentVegetationZone>
  </SubCatchment>
</Catchment>