<?xml version="1.0" encoding="utf-8"?>
<Catchment xmlns:xsi="http://www.w3.org/2001/XMLSchema-instance" xmlns:xsd="http://www.w3.org/2001/XMLSchema">
  <CatchmentParameters>
    <KSI>0.001</KSI>
    <KGmin>0.05</KGmin>
    <RangeKG>0.1</RangeKG>
    <AG>0.1</AG>
    <PERC>4.613317517374047</PERC>
    <Alpha>0</Alpha>
    <UZL>111.79487139483601</UZL>
    <K0>0.51395280202439941</K0>
    <K1>0.13837557532149672</K1>
    <K2>0.047484780301549144</K2>
    <MAXBAS>1</MAXBAS>
    <Cet>0</Cet>
    <PCALT>10</PCALT>
    <TCALT>0.6</TCALT>
    <Pelev>601.5</Pelev>
    <Telev>601.5</Telev>
    <PART>0.5</PART>
    <DELAY>1</DELAY>
  </CatchmentParameters>
  <VegetationZone>
    <VegetationZoneParameters>
      <TT>-0.93232942940124286</TT>
      <CFMAX>2.4688991344040248</CFMAX>
      <SP>0</SP>
      <SFCF>0.865955525241568</SFCF>
      <CFR>0.053110311439920045</CFR>
      <CWH>0.10000000169602182</CWH>
      <CFGlacier>1</CFGlacier>
      <CFSlope>1</CFSlope>
      <FC>96.453277244774526</FC>
      <LP>0.71601688248797246</LP>
      <BETA>5.9999999967671762</BETA>
    </VegetationZoneParameters>
  </VegetationZone>
  <SubCatchment>
    <SubCatchmentParameters>
      <KSI>0.001</KSI>
      <KGmin>0.05</KGmin>
      <RangeKG>0.1</RangeKG>
      <AG>0.1</AG>
      <PERC>4.613317517374047</PERC>
      <Alpha>0</Alpha>
      <UZL>111.79487139483601</UZL>
      <K0>0.51395280202439941</K0>
      <K1>0.13837557532149672</K1>
      <K2>0.047484780301549144</K2>
      <MAXBAS>1</MAXBAS>
      <Cet>0</Cet>
      <PCALT>10</PCALT>
      <TCALT>0.6</TCALT>
      <Pelev>601.5</Pelev>
      <Telev>601.5</Telev>
      <PART>0.5</PART>
      <DELAY>1</DELAY>
    </SubCatchmentParameters>
    <SubCatchmentVegetationZone>
      <SubCatchmentVegetationZoneParameters>
        <TT>-0.93232942940124286</TT>
        <CFMAX>2.4688991344040248</CFMAX>
        <SP>0</SP>
        <SFCF>0.865955525241568</SFCF>
        <CFR>0.053110311439920045</CFR>
        <CWH>0.10000000169602182</CWH>
        <CFGlacier>1</CFGlacier>
        <CFSlope>1</CFSlope>
        <FC>96.453277244774526</FC>
        <LP>0.71601688248797246</LP>
        <BETA>5.9999999967671762</BETA>
      </SubCatchmentVegetationZoneParameters>
    </SubCatchmentVegetationZone>
  </SubCatchment>
</Catchment>