<?xml version="1.0" encoding="utf-8"?>
<Catchment xmlns:xsi="http://www.w3.org/2001/XMLSchema-instance" xmlns:xsd="http://www.w3.org/2001/XMLSchema">
  <CatchmentParameters>
    <KSI>0.001</KSI>
    <KGmin>0.05</KGmin>
    <RangeKG>0.1</RangeKG>
    <AG>0.1</AG>
    <PERC>8.0471283843346022</PERC>
    <Alpha>0</Alpha>
    <UZL>179.90234474132143</UZL>
    <K0>0.22138114460922453</K0>
    <K1>0.18671773058417016</K1>
    <K2>0.060438288948331149</K2>
    <MAXBAS>1.0049343959976094</MAXBAS>
    <Cet>0</Cet>
    <PCALT>10</PCALT>
    <TCALT>0.6</TCALT>
    <Pelev>601.5</Pelev>
    <Telev>601.5</Telev>
    <PART>0.5</PART>
    <DELAY>1</DELAY>
  </CatchmentParameters>
  <VegetationZone>
    <VegetationZoneParameters>
      <TT>-0.500000742403377</TT>
      <CFMAX>2.5964016909603069</CFMAX>
      <SP>0</SP>
      <SFCF>0.79933268242251188</SFCF>
      <CFR>0.049897954820050668</CFR>
      <CWH>0.10000001716314738</CWH>
      <CFGlacier>1</CFGlacier>
      <CFSlope>1</CFSlope>
      <FC>151.05621044658145</FC>
      <LP>0.92439691736324614</LP>
      <BETA>5.9997618479998529</BETA>
    </VegetationZoneParameters>
  </VegetationZone>
  <SubCatchment>
    <SubCatchmentParameters>
      <KSI>0.001</KSI>
      <KGmin>0.05</KGmin>
      <RangeKG>0.1</RangeKG>
      <AG>0.1</AG>
      <PERC>8.0471283843346022</PERC>
      <Alpha>0</Alpha>
      <UZL>179.90234474132143</UZL>
      <K0>0.22138114460922453</K0>
      <K1>0.18671773058417016</K1>
      <K2>0.060438288948331149</K2>
      <MAXBAS>1.0049343959976094</MAXBAS>
      <Cet>0</Cet>
      <PCALT>10</PCALT>
      <TCALT>0.6</TCALT>
      <Pelev>601.5</Pelev>
      <Telev>601.5</Telev>
      <PART>0.5</PART>
      <DELAY>1</DELAY>
    </SubCatchmentParameters>
    <SubCatchmentVegetationZone>
      <SubCatchmentVegetationZoneParameters>
        <TT>-0.500000742403377</TT>
        <CFMAX>2.5964016909603069</CFMAX>
        <SP>0</SP>
        <SFCF>0.79933268242251188</SFCF>
        <CFR>0.049897954820050668</CFR>
        <CWH>0.10000001716314738</CWH>
        <CFGlacier>1</CFGlacier>
        <CFSlope>1</CFSlope>
        <FC>151.05621044658145</FC>
        <LP>0.92439691736324614</LP>
        <BETA>5.9997618479998529</BETA>
      </SubCatchmentVegetationZoneParameters>
    </SubCatchmentVegetationZone>
  </SubCatchment>
</Catchment>