<?xml version="1.0" encoding="utf-8"?>
<Catchment xmlns:xsi="http://www.w3.org/2001/XMLSchema-instance" xmlns:xsd="http://www.w3.org/2001/XMLSchema">
  <CatchmentParameters>
    <KSI>0.001</KSI>
    <KGmin>0.05</KGmin>
    <RangeKG>0.1</RangeKG>
    <AG>0.1</AG>
    <PERC>6.7719062929550473</PERC>
    <Alpha>0</Alpha>
    <UZL>170.5247178458977</UZL>
    <K0>0.60429844289600865</K0>
    <K1>0.22192136713324556</K1>
    <K2>0.087087654414971113</K2>
    <MAXBAS>1.0000129879453477</MAXBAS>
    <Cet>0</Cet>
    <PCALT>10</PCALT>
    <TCALT>0.6</TCALT>
    <Pelev>601.5</Pelev>
    <Telev>601.5</Telev>
    <PART>0.5</PART>
    <DELAY>1</DELAY>
  </CatchmentParameters>
  <VegetationZone>
    <VegetationZoneParameters>
      <TT>-0.15514002357573209</TT>
      <CFMAX>2.2645149123308714</CFMAX>
      <SP>0</SP>
      <SFCF>0.61038003947538522</SFCF>
      <CFR>0.04836534426491769</CFR>
      <CWH>0.10000518814892598</CWH>
      <CFGlacier>1</CFGlacier>
      <CFSlope>1</CFSlope>
      <FC>106.90207467091625</FC>
      <LP>0.54006446387647977</LP>
      <BETA>2.2662502878944344</BETA>
    </VegetationZoneParameters>
  </VegetationZone>
  <SubCatchment>
    <SubCatchmentParameters>
      <KSI>0.001</KSI>
      <KGmin>0.05</KGmin>
      <RangeKG>0.1</RangeKG>
      <AG>0.1</AG>
      <PERC>6.7719062929550473</PERC>
      <Alpha>0</Alpha>
      <UZL>170.5247178458977</UZL>
      <K0>0.60429844289600865</K0>
      <K1>0.22192136713324556</K1>
      <K2>0.087087654414971113</K2>
      <MAXBAS>1.0000129879453477</MAXBAS>
      <Cet>0</Cet>
      <PCALT>10</PCALT>
      <TCALT>0.6</TCALT>
      <Pelev>601.5</Pelev>
      <Telev>601.5</Telev>
      <PART>0.5</PART>
      <DELAY>1</DELAY>
    </SubCatchmentParameters>
    <SubCatchmentVegetationZone>
      <SubCatchmentVegetationZoneParameters>
        <TT>-0.15514002357573209</TT>
        <CFMAX>2.2645149123308714</CFMAX>
        <SP>0</SP>
        <SFCF>0.61038003947538522</SFCF>
        <CFR>0.04836534426491769</CFR>
        <CWH>0.10000518814892598</CWH>
        <CFGlacier>1</CFGlacier>
        <CFSlope>1</CFSlope>
        <FC>106.90207467091625</FC>
        <LP>0.54006446387647977</LP>
        <BETA>2.2662502878944344</BETA>
      </SubCatchmentVegetationZoneParameters>
    </SubCatchmentVegetationZone>
  </SubCatchment>
</Catchment>