<?xml version="1.0" encoding="utf-8"?>
<Catchment xmlns:xsi="http://www.w3.org/2001/XMLSchema-instance" xmlns:xsd="http://www.w3.org/2001/XMLSchema">
  <CatchmentParameters>
    <KSI>0.001</KSI>
    <KGmin>0.05</KGmin>
    <RangeKG>0.1</RangeKG>
    <AG>0.1</AG>
    <PERC>9.3031229022205242</PERC>
    <Alpha>0</Alpha>
    <UZL>126.27069684874694</UZL>
    <K0>0.28145374583083704</K0>
    <K1>0.24851167336141081</K1>
    <K2>0.10137652072870147</K2>
    <MAXBAS>1.0073230389311993</MAXBAS>
    <Cet>0</Cet>
    <PCALT>10</PCALT>
    <TCALT>0.6</TCALT>
    <Pelev>601.5</Pelev>
    <Telev>601.5</Telev>
    <PART>0.5</PART>
    <DELAY>1</DELAY>
  </CatchmentParameters>
  <VegetationZone>
    <VegetationZoneParameters>
      <TT>-0.24108127086573586</TT>
      <CFMAX>2.2007963722221549</CFMAX>
      <SP>0</SP>
      <SFCF>0.62251137456916394</SFCF>
      <CFR>0.045301721445570646</CFR>
      <CWH>0.10000008242428535</CWH>
      <CFGlacier>1</CFGlacier>
      <CFSlope>1</CFSlope>
      <FC>180.10894162850377</FC>
      <LP>0.86914614781761856</LP>
      <BETA>4.331433422816529</BETA>
    </VegetationZoneParameters>
  </VegetationZone>
  <SubCatchment>
    <SubCatchmentParameters>
      <KSI>0.001</KSI>
      <KGmin>0.05</KGmin>
      <RangeKG>0.1</RangeKG>
      <AG>0.1</AG>
      <PERC>9.3031229022205242</PERC>
      <Alpha>0</Alpha>
      <UZL>126.27069684874694</UZL>
      <K0>0.28145374583083704</K0>
      <K1>0.24851167336141081</K1>
      <K2>0.10137652072870147</K2>
      <MAXBAS>1.0073230389311993</MAXBAS>
      <Cet>0</Cet>
      <PCALT>10</PCALT>
      <TCALT>0.6</TCALT>
      <Pelev>601.5</Pelev>
      <Telev>601.5</Telev>
      <PART>0.5</PART>
      <DELAY>1</DELAY>
    </SubCatchmentParameters>
    <SubCatchmentVegetationZone>
      <SubCatchmentVegetationZoneParameters>
        <TT>-0.24108127086573586</TT>
        <CFMAX>2.2007963722221549</CFMAX>
        <SP>0</SP>
        <SFCF>0.62251137456916394</SFCF>
        <CFR>0.045301721445570646</CFR>
        <CWH>0.10000008242428535</CWH>
        <CFGlacier>1</CFGlacier>
        <CFSlope>1</CFSlope>
        <FC>180.10894162850377</FC>
        <LP>0.86914614781761856</LP>
        <BETA>4.331433422816529</BETA>
      </SubCatchmentVegetationZoneParameters>
    </SubCatchmentVegetationZone>
  </SubCatchment>
</Catchment>