<?xml version="1.0" encoding="utf-8"?>
<Catchment xmlns:xsi="http://www.w3.org/2001/XMLSchema-instance" xmlns:xsd="http://www.w3.org/2001/XMLSchema">
  <CatchmentParameters>
    <KSI>0.001</KSI>
    <KGmin>0.05</KGmin>
    <RangeKG>0.1</RangeKG>
    <AG>0.1</AG>
    <PERC>9.9999999872606882</PERC>
    <Alpha>0</Alpha>
    <UZL>88.775752438596527</UZL>
    <K0>0.42966693515476595</K0>
    <K1>0.20485248430564734</K1>
    <K2>0.0789375053541928</K2>
    <MAXBAS>1.0048479186245476</MAXBAS>
    <Cet>0</Cet>
    <PCALT>10</PCALT>
    <TCALT>0.6</TCALT>
    <Pelev>601.5</Pelev>
    <Telev>601.5</Telev>
    <PART>0.5</PART>
    <DELAY>1</DELAY>
  </CatchmentParameters>
  <VegetationZone>
    <VegetationZoneParameters>
      <TT>-0.556699955363208</TT>
      <CFMAX>2.5312390961165745</CFMAX>
      <SP>0</SP>
      <SFCF>0.8111088420481074</SFCF>
      <CFR>0.038479910729135147</CFR>
      <CWH>0.10000025740691299</CWH>
      <CFGlacier>1</CFGlacier>
      <CFSlope>1</CFSlope>
      <FC>126.73170220822271</FC>
      <LP>0.803053205371811</LP>
      <BETA>4.4412004394004461</BETA>
    </VegetationZoneParameters>
  </VegetationZone>
  <SubCatchment>
    <SubCatchmentParameters>
      <KSI>0.001</KSI>
      <KGmin>0.05</KGmin>
      <RangeKG>0.1</RangeKG>
      <AG>0.1</AG>
      <PERC>9.9999999872606882</PERC>
      <Alpha>0</Alpha>
      <UZL>88.775752438596527</UZL>
      <K0>0.42966693515476595</K0>
      <K1>0.20485248430564734</K1>
      <K2>0.0789375053541928</K2>
      <MAXBAS>1.0048479186245476</MAXBAS>
      <Cet>0</Cet>
      <PCALT>10</PCALT>
      <TCALT>0.6</TCALT>
      <Pelev>601.5</Pelev>
      <Telev>601.5</Telev>
      <PART>0.5</PART>
      <DELAY>1</DELAY>
    </SubCatchmentParameters>
    <SubCatchmentVegetationZone>
      <SubCatchmentVegetationZoneParameters>
        <TT>-0.556699955363208</TT>
        <CFMAX>2.5312390961165745</CFMAX>
        <SP>0</SP>
        <SFCF>0.8111088420481074</SFCF>
        <CFR>0.038479910729135147</CFR>
        <CWH>0.10000025740691299</CWH>
        <CFGlacier>1</CFGlacier>
        <CFSlope>1</CFSlope>
        <FC>126.73170220822271</FC>
        <LP>0.803053205371811</LP>
        <BETA>4.4412004394004461</BETA>
      </SubCatchmentVegetationZoneParameters>
    </SubCatchmentVegetationZone>
  </SubCatchment>
</Catchment>