<?xml version="1.0" encoding="utf-8"?>
<Catchment xmlns:xsi="http://www.w3.org/2001/XMLSchema-instance" xmlns:xsd="http://www.w3.org/2001/XMLSchema">
  <CatchmentParameters>
    <KSI>0.001</KSI>
    <KGmin>0.05</KGmin>
    <RangeKG>0.1</RangeKG>
    <AG>0.1</AG>
    <PERC>5.5523626041672482</PERC>
    <Alpha>0</Alpha>
    <UZL>133.59824114958767</UZL>
    <K0>0.37287169388950742</K0>
    <K1>0.17355833816685168</K1>
    <K2>0.053577812923450534</K2>
    <MAXBAS>1</MAXBAS>
    <Cet>0</Cet>
    <PCALT>10</PCALT>
    <TCALT>0.6</TCALT>
    <Pelev>601.5</Pelev>
    <Telev>601.5</Telev>
    <PART>0.5</PART>
    <DELAY>1</DELAY>
  </CatchmentParameters>
  <VegetationZone>
    <VegetationZoneParameters>
      <TT>-1.5000002836851962</TT>
      <CFMAX>1.9268878739706816</CFMAX>
      <SP>0</SP>
      <SFCF>0.91780034394928645</SFCF>
      <CFR>0.048345139095156121</CFR>
      <CWH>0.10000002947161713</CWH>
      <CFGlacier>1</CFGlacier>
      <CFSlope>1</CFSlope>
      <FC>121.4731082679985</FC>
      <LP>0.589864045198675</LP>
      <BETA>4.0065516575076234</BETA>
    </VegetationZoneParameters>
  </VegetationZone>
  <SubCatchment>
    <SubCatchmentParameters>
      <KSI>0.001</KSI>
      <KGmin>0.05</KGmin>
      <RangeKG>0.1</RangeKG>
      <AG>0.1</AG>
      <PERC>5.5523626041672482</PERC>
      <Alpha>0</Alpha>
      <UZL>133.59824114958767</UZL>
      <K0>0.37287169388950742</K0>
      <K1>0.17355833816685168</K1>
      <K2>0.053577812923450534</K2>
      <MAXBAS>1</MAXBAS>
      <Cet>0</Cet>
      <PCALT>10</PCALT>
      <TCALT>0.6</TCALT>
      <Pelev>601.5</Pelev>
      <Telev>601.5</Telev>
      <PART>0.5</PART>
      <DELAY>1</DELAY>
    </SubCatchmentParameters>
    <SubCatchmentVegetationZone>
      <SubCatchmentVegetationZoneParameters>
        <TT>-1.5000002836851962</TT>
        <CFMAX>1.9268878739706816</CFMAX>
        <SP>0</SP>
        <SFCF>0.91780034394928645</SFCF>
        <CFR>0.048345139095156121</CFR>
        <CWH>0.10000002947161713</CWH>
        <CFGlacier>1</CFGlacier>
        <CFSlope>1</CFSlope>
        <FC>121.4731082679985</FC>
        <LP>0.589864045198675</LP>
        <BETA>4.0065516575076234</BETA>
      </SubCatchmentVegetationZoneParameters>
    </SubCatchmentVegetationZone>
  </SubCatchment>
</Catchment>