<?xml version="1.0" encoding="utf-8"?>
<Catchment xmlns:xsi="http://www.w3.org/2001/XMLSchema-instance" xmlns:xsd="http://www.w3.org/2001/XMLSchema">
  <CatchmentParameters>
    <KSI>0.001</KSI>
    <KGmin>0.05</KGmin>
    <RangeKG>0.1</RangeKG>
    <AG>0.1</AG>
    <PERC>7.874233414740984</PERC>
    <Alpha>0</Alpha>
    <UZL>144.29856857687864</UZL>
    <K0>0.42548029443280072</K0>
    <K1>0.1816232204320046</K1>
    <K2>0.05422873737210631</K2>
    <MAXBAS>1.0000602364678517</MAXBAS>
    <Cet>0</Cet>
    <PCALT>10</PCALT>
    <TCALT>0.6</TCALT>
    <Pelev>601.5</Pelev>
    <Telev>601.5</Telev>
    <PART>0.5</PART>
    <DELAY>1</DELAY>
  </CatchmentParameters>
  <VegetationZone>
    <VegetationZoneParameters>
      <TT>-0.50000451852011984</TT>
      <CFMAX>2.6301938955558533</CFMAX>
      <SP>0</SP>
      <SFCF>0.801051412627854</SFCF>
      <CFR>0.054297398870815805</CFR>
      <CWH>0.10160860274091436</CWH>
      <CFGlacier>1</CFGlacier>
      <CFSlope>1</CFSlope>
      <FC>97.267241205297637</FC>
      <LP>0.78042965570536327</LP>
      <BETA>5.7317163266523519</BETA>
    </VegetationZoneParameters>
  </VegetationZone>
  <SubCatchment>
    <SubCatchmentParameters>
      <KSI>0.001</KSI>
      <KGmin>0.05</KGmin>
      <RangeKG>0.1</RangeKG>
      <AG>0.1</AG>
      <PERC>7.874233414740984</PERC>
      <Alpha>0</Alpha>
      <UZL>144.29856857687864</UZL>
      <K0>0.42548029443280072</K0>
      <K1>0.1816232204320046</K1>
      <K2>0.05422873737210631</K2>
      <MAXBAS>1.0000602364678517</MAXBAS>
      <Cet>0</Cet>
      <PCALT>10</PCALT>
      <TCALT>0.6</TCALT>
      <Pelev>601.5</Pelev>
      <Telev>601.5</Telev>
      <PART>0.5</PART>
      <DELAY>1</DELAY>
    </SubCatchmentParameters>
    <SubCatchmentVegetationZone>
      <SubCatchmentVegetationZoneParameters>
        <TT>-0.50000451852011984</TT>
        <CFMAX>2.6301938955558533</CFMAX>
        <SP>0</SP>
        <SFCF>0.801051412627854</SFCF>
        <CFR>0.054297398870815805</CFR>
        <CWH>0.10160860274091436</CWH>
        <CFGlacier>1</CFGlacier>
        <CFSlope>1</CFSlope>
        <FC>97.267241205297637</FC>
        <LP>0.78042965570536327</LP>
        <BETA>5.7317163266523519</BETA>
      </SubCatchmentVegetationZoneParameters>
    </SubCatchmentVegetationZone>
  </SubCatchment>
</Catchment>