<?xml version="1.0" encoding="utf-8"?>
<Catchment xmlns:xsi="http://www.w3.org/2001/XMLSchema-instance" xmlns:xsd="http://www.w3.org/2001/XMLSchema">
  <CatchmentParameters>
    <KSI>0.001</KSI>
    <KGmin>0.05</KGmin>
    <RangeKG>0.1</RangeKG>
    <AG>0.1</AG>
    <PERC>5.2646162100794243</PERC>
    <Alpha>0</Alpha>
    <UZL>41.186621876319492</UZL>
    <K0>0.3092233502647137</K0>
    <K1>0.13646862024965989</K1>
    <K2>0.05556158333772266</K2>
    <MAXBAS>1</MAXBAS>
    <Cet>0</Cet>
    <PCALT>10</PCALT>
    <TCALT>0.6</TCALT>
    <Pelev>601.5</Pelev>
    <Telev>601.5</Telev>
    <PART>0.5</PART>
    <DELAY>1</DELAY>
  </CatchmentParameters>
  <VegetationZone>
    <VegetationZoneParameters>
      <TT>-2.0000009500006164</TT>
      <CFMAX>1.5039558561232853</CFMAX>
      <SP>0</SP>
      <SFCF>0.93675613062572061</SFCF>
      <CFR>0.040629974995551432</CFR>
      <CWH>0.10000000000102023</CWH>
      <CFGlacier>1</CFGlacier>
      <CFSlope>1</CFSlope>
      <FC>133.17066629767504</FC>
      <LP>0.62482246765348659</LP>
      <BETA>4.4702215136562824</BETA>
    </VegetationZoneParameters>
  </VegetationZone>
  <SubCatchment>
    <SubCatchmentParameters>
      <KSI>0.001</KSI>
      <KGmin>0.05</KGmin>
      <RangeKG>0.1</RangeKG>
      <AG>0.1</AG>
      <PERC>5.2646162100794243</PERC>
      <Alpha>0</Alpha>
      <UZL>41.186621876319492</UZL>
      <K0>0.3092233502647137</K0>
      <K1>0.13646862024965989</K1>
      <K2>0.05556158333772266</K2>
      <MAXBAS>1</MAXBAS>
      <Cet>0</Cet>
      <PCALT>10</PCALT>
      <TCALT>0.6</TCALT>
      <Pelev>601.5</Pelev>
      <Telev>601.5</Telev>
      <PART>0.5</PART>
      <DELAY>1</DELAY>
    </SubCatchmentParameters>
    <SubCatchmentVegetationZone>
      <SubCatchmentVegetationZoneParameters>
        <TT>-2.0000009500006164</TT>
        <CFMAX>1.5039558561232853</CFMAX>
        <SP>0</SP>
        <SFCF>0.93675613062572061</SFCF>
        <CFR>0.040629974995551432</CFR>
        <CWH>0.10000000000102023</CWH>
        <CFGlacier>1</CFGlacier>
        <CFSlope>1</CFSlope>
        <FC>133.17066629767504</FC>
        <LP>0.62482246765348659</LP>
        <BETA>4.4702215136562824</BETA>
      </SubCatchmentVegetationZoneParameters>
    </SubCatchmentVegetationZone>
  </SubCatchment>
</Catchment>