<?xml version="1.0" encoding="utf-8"?>
<Catchment xmlns:xsi="http://www.w3.org/2001/XMLSchema-instance" xmlns:xsd="http://www.w3.org/2001/XMLSchema">
  <CatchmentParameters>
    <KSI>0.001</KSI>
    <KGmin>0.05</KGmin>
    <RangeKG>0.1</RangeKG>
    <AG>0.1</AG>
    <PERC>6.4979968353494311</PERC>
    <Alpha>0</Alpha>
    <UZL>145.6095535474366</UZL>
    <K0>0.4788906059580339</K0>
    <K1>0.15703031630742748</K1>
    <K2>0.077429277626734863</K2>
    <MAXBAS>1.0049892401860665</MAXBAS>
    <Cet>0</Cet>
    <PCALT>10</PCALT>
    <TCALT>0.6</TCALT>
    <Pelev>601.5</Pelev>
    <Telev>601.5</Telev>
    <PART>0.5</PART>
    <DELAY>1</DELAY>
  </CatchmentParameters>
  <VegetationZone>
    <VegetationZoneParameters>
      <TT>-0.81020226113117744</TT>
      <CFMAX>2.8716054895512579</CFMAX>
      <SP>0</SP>
      <SFCF>0.93595958771104792</SFCF>
      <CFR>0.060815963073966431</CFR>
      <CWH>0.10000000017652581</CWH>
      <CFGlacier>1</CFGlacier>
      <CFSlope>1</CFSlope>
      <FC>244.10829557279973</FC>
      <LP>0.59841302002723662</LP>
      <BETA>1.7313861924516565</BETA>
    </VegetationZoneParameters>
  </VegetationZone>
  <SubCatchment>
    <SubCatchmentParameters>
      <KSI>0.001</KSI>
      <KGmin>0.05</KGmin>
      <RangeKG>0.1</RangeKG>
      <AG>0.1</AG>
      <PERC>6.4979968353494311</PERC>
      <Alpha>0</Alpha>
      <UZL>145.6095535474366</UZL>
      <K0>0.4788906059580339</K0>
      <K1>0.15703031630742748</K1>
      <K2>0.077429277626734863</K2>
      <MAXBAS>1.0049892401860665</MAXBAS>
      <Cet>0</Cet>
      <PCALT>10</PCALT>
      <TCALT>0.6</TCALT>
      <Pelev>601.5</Pelev>
      <Telev>601.5</Telev>
      <PART>0.5</PART>
      <DELAY>1</DELAY>
    </SubCatchmentParameters>
    <SubCatchmentVegetationZone>
      <SubCatchmentVegetationZoneParameters>
        <TT>-0.81020226113117744</TT>
        <CFMAX>2.8716054895512579</CFMAX>
        <SP>0</SP>
        <SFCF>0.93595958771104792</SFCF>
        <CFR>0.060815963073966431</CFR>
        <CWH>0.10000000017652581</CWH>
        <CFGlacier>1</CFGlacier>
        <CFSlope>1</CFSlope>
        <FC>244.10829557279973</FC>
        <LP>0.59841302002723662</LP>
        <BETA>1.7313861924516565</BETA>
      </SubCatchmentVegetationZoneParameters>
    </SubCatchmentVegetationZone>
  </SubCatchment>
</Catchment>