<?xml version="1.0" encoding="utf-8"?>
<Catchment xmlns:xsi="http://www.w3.org/2001/XMLSchema-instance" xmlns:xsd="http://www.w3.org/2001/XMLSchema">
  <CatchmentParameters>
    <KSI>0.001</KSI>
    <KGmin>0.05</KGmin>
    <RangeKG>0.1</RangeKG>
    <AG>0.1</AG>
    <PERC>9.352963082662459</PERC>
    <Alpha>0</Alpha>
    <UZL>92.639209297125717</UZL>
    <K0>0.12162054125060035</K0>
    <K1>0.26203449236076543</K1>
    <K2>0.092337754082108786</K2>
    <MAXBAS>1.0000606130495826</MAXBAS>
    <Cet>0</Cet>
    <PCALT>10</PCALT>
    <TCALT>0.6</TCALT>
    <Pelev>601.5</Pelev>
    <Telev>601.5</Telev>
    <PART>0.5</PART>
    <DELAY>1</DELAY>
  </CatchmentParameters>
  <VegetationZone>
    <VegetationZoneParameters>
      <TT>-0.78629484130007976</TT>
      <CFMAX>1.9123166345267255</CFMAX>
      <SP>0</SP>
      <SFCF>0.69483450063105268</SFCF>
      <CFR>0.033023421492199334</CFR>
      <CWH>0.10000007891081239</CWH>
      <CFGlacier>1</CFGlacier>
      <CFSlope>1</CFSlope>
      <FC>136.06399394949247</FC>
      <LP>0.744914507027209</LP>
      <BETA>3.2390950618773422</BETA>
    </VegetationZoneParameters>
  </VegetationZone>
  <SubCatchment>
    <SubCatchmentParameters>
      <KSI>0.001</KSI>
      <KGmin>0.05</KGmin>
      <RangeKG>0.1</RangeKG>
      <AG>0.1</AG>
      <PERC>9.352963082662459</PERC>
      <Alpha>0</Alpha>
      <UZL>92.639209297125717</UZL>
      <K0>0.12162054125060035</K0>
      <K1>0.26203449236076543</K1>
      <K2>0.092337754082108786</K2>
      <MAXBAS>1.0000606130495826</MAXBAS>
      <Cet>0</Cet>
      <PCALT>10</PCALT>
      <TCALT>0.6</TCALT>
      <Pelev>601.5</Pelev>
      <Telev>601.5</Telev>
      <PART>0.5</PART>
      <DELAY>1</DELAY>
    </SubCatchmentParameters>
    <SubCatchmentVegetationZone>
      <SubCatchmentVegetationZoneParameters>
        <TT>-0.78629484130007976</TT>
        <CFMAX>1.9123166345267255</CFMAX>
        <SP>0</SP>
        <SFCF>0.69483450063105268</SFCF>
        <CFR>0.033023421492199334</CFR>
        <CWH>0.10000007891081239</CWH>
        <CFGlacier>1</CFGlacier>
        <CFSlope>1</CFSlope>
        <FC>136.06399394949247</FC>
        <LP>0.744914507027209</LP>
        <BETA>3.2390950618773422</BETA>
      </SubCatchmentVegetationZoneParameters>
    </SubCatchmentVegetationZone>
  </SubCatchment>
</Catchment>