<?xml version="1.0" encoding="utf-8"?>
<Catchment xmlns:xsi="http://www.w3.org/2001/XMLSchema-instance" xmlns:xsd="http://www.w3.org/2001/XMLSchema">
  <CatchmentParameters>
    <KSI>0.001</KSI>
    <KGmin>0.05</KGmin>
    <RangeKG>0.1</RangeKG>
    <AG>0.1</AG>
    <PERC>4.9682624369603863</PERC>
    <Alpha>0</Alpha>
    <UZL>168.05596647448172</UZL>
    <K0>0.18491544511184288</K0>
    <K1>0.17079799541223287</K1>
    <K2>0.04756154112084756</K2>
    <MAXBAS>1</MAXBAS>
    <Cet>0</Cet>
    <PCALT>10</PCALT>
    <TCALT>0.6</TCALT>
    <Pelev>601.5</Pelev>
    <Telev>601.5</Telev>
    <PART>0.5</PART>
    <DELAY>1</DELAY>
  </CatchmentParameters>
  <VegetationZone>
    <VegetationZoneParameters>
      <TT>-0.59999956376379548</TT>
      <CFMAX>2.3327709298835613</CFMAX>
      <SP>0</SP>
      <SFCF>0.873979375021556</SFCF>
      <CFR>2.5166912536500204E-09</CFR>
      <CWH>0.10000012393312674</CWH>
      <CFGlacier>1</CFGlacier>
      <CFSlope>1</CFSlope>
      <FC>81.008029539333791</FC>
      <LP>0.600726253656274</LP>
      <BETA>5.2456980615318614</BETA>
    </VegetationZoneParameters>
  </VegetationZone>
  <SubCatchment>
    <SubCatchmentParameters>
      <KSI>0.001</KSI>
      <KGmin>0.05</KGmin>
      <RangeKG>0.1</RangeKG>
      <AG>0.1</AG>
      <PERC>4.9682624369603863</PERC>
      <Alpha>0</Alpha>
      <UZL>168.05596647448172</UZL>
      <K0>0.18491544511184288</K0>
      <K1>0.17079799541223287</K1>
      <K2>0.04756154112084756</K2>
      <MAXBAS>1</MAXBAS>
      <Cet>0</Cet>
      <PCALT>10</PCALT>
      <TCALT>0.6</TCALT>
      <Pelev>601.5</Pelev>
      <Telev>601.5</Telev>
      <PART>0.5</PART>
      <DELAY>1</DELAY>
    </SubCatchmentParameters>
    <SubCatchmentVegetationZone>
      <SubCatchmentVegetationZoneParameters>
        <TT>-0.59999956376379548</TT>
        <CFMAX>2.3327709298835613</CFMAX>
        <SP>0</SP>
        <SFCF>0.873979375021556</SFCF>
        <CFR>2.5166912536500204E-09</CFR>
        <CWH>0.10000012393312674</CWH>
        <CFGlacier>1</CFGlacier>
        <CFSlope>1</CFSlope>
        <FC>81.008029539333791</FC>
        <LP>0.600726253656274</LP>
        <BETA>5.2456980615318614</BETA>
      </SubCatchmentVegetationZoneParameters>
    </SubCatchmentVegetationZone>
  </SubCatchment>
</Catchment>