<?xml version="1.0" encoding="utf-8"?>
<Catchment xmlns:xsi="http://www.w3.org/2001/XMLSchema-instance" xmlns:xsd="http://www.w3.org/2001/XMLSchema">
  <CatchmentParameters>
    <KSI>0.001</KSI>
    <KGmin>0.05</KGmin>
    <RangeKG>0.1</RangeKG>
    <AG>0.1</AG>
    <PERC>5.7989537959789015</PERC>
    <Alpha>0</Alpha>
    <UZL>98.159562190323939</UZL>
    <K0>0.53682486112214323</K0>
    <K1>0.20334493251891225</K1>
    <K2>0.05610386621378706</K2>
    <MAXBAS>1</MAXBAS>
    <Cet>0</Cet>
    <PCALT>10</PCALT>
    <TCALT>0.6</TCALT>
    <Pelev>601.5</Pelev>
    <Telev>601.5</Telev>
    <PART>0.5</PART>
    <DELAY>1</DELAY>
  </CatchmentParameters>
  <VegetationZone>
    <VegetationZoneParameters>
      <TT>-1.2999997901082394</TT>
      <CFMAX>1.6545680522799289</CFMAX>
      <SP>0</SP>
      <SFCF>0.846078383665987</SFCF>
      <CFR>4.3394814372376541E-13</CFR>
      <CWH>0.10000007636263193</CWH>
      <CFGlacier>1</CFGlacier>
      <CFSlope>1</CFSlope>
      <FC>121.22761812677842</FC>
      <LP>0.77832459102631879</LP>
      <BETA>5.99993824331051</BETA>
    </VegetationZoneParameters>
  </VegetationZone>
  <SubCatchment>
    <SubCatchmentParameters>
      <KSI>0.001</KSI>
      <KGmin>0.05</KGmin>
      <RangeKG>0.1</RangeKG>
      <AG>0.1</AG>
      <PERC>5.7989537959789015</PERC>
      <Alpha>0</Alpha>
      <UZL>98.159562190323939</UZL>
      <K0>0.53682486112214323</K0>
      <K1>0.20334493251891225</K1>
      <K2>0.05610386621378706</K2>
      <MAXBAS>1</MAXBAS>
      <Cet>0</Cet>
      <PCALT>10</PCALT>
      <TCALT>0.6</TCALT>
      <Pelev>601.5</Pelev>
      <Telev>601.5</Telev>
      <PART>0.5</PART>
      <DELAY>1</DELAY>
    </SubCatchmentParameters>
    <SubCatchmentVegetationZone>
      <SubCatchmentVegetationZoneParameters>
        <TT>-1.2999997901082394</TT>
        <CFMAX>1.6545680522799289</CFMAX>
        <SP>0</SP>
        <SFCF>0.846078383665987</SFCF>
        <CFR>4.3394814372376541E-13</CFR>
        <CWH>0.10000007636263193</CWH>
        <CFGlacier>1</CFGlacier>
        <CFSlope>1</CFSlope>
        <FC>121.22761812677842</FC>
        <LP>0.77832459102631879</LP>
        <BETA>5.99993824331051</BETA>
      </SubCatchmentVegetationZoneParameters>
    </SubCatchmentVegetationZone>
  </SubCatchment>
</Catchment>