<?xml version="1.0" encoding="utf-8"?>
<Catchment xmlns:xsi="http://www.w3.org/2001/XMLSchema-instance" xmlns:xsd="http://www.w3.org/2001/XMLSchema">
  <CatchmentParameters>
    <KSI>0.001</KSI>
    <KGmin>0.05</KGmin>
    <RangeKG>0.1</RangeKG>
    <AG>0.1</AG>
    <PERC>9.7246772748442</PERC>
    <Alpha>0</Alpha>
    <UZL>143.50776013187334</UZL>
    <K0>0.25715848457501128</K0>
    <K1>0.23870745406715282</K1>
    <K2>0.077440806609503435</K2>
    <MAXBAS>1.0051584062754315</MAXBAS>
    <Cet>0</Cet>
    <PCALT>10</PCALT>
    <TCALT>0.6</TCALT>
    <Pelev>601.5</Pelev>
    <Telev>601.5</Telev>
    <PART>0.5</PART>
    <DELAY>1</DELAY>
  </CatchmentParameters>
  <VegetationZone>
    <VegetationZoneParameters>
      <TT>-0.82857962740826008</TT>
      <CFMAX>2.1888404897455573</CFMAX>
      <SP>0</SP>
      <SFCF>0.76213421529635306</SFCF>
      <CFR>0.0645054404481745</CFR>
      <CWH>0.10000000002989248</CWH>
      <CFGlacier>1</CFGlacier>
      <CFSlope>1</CFSlope>
      <FC>120.23687921739588</FC>
      <LP>0.785470640251984</LP>
      <BETA>3.9487312714333</BETA>
    </VegetationZoneParameters>
  </VegetationZone>
  <SubCatchment>
    <SubCatchmentParameters>
      <KSI>0.001</KSI>
      <KGmin>0.05</KGmin>
      <RangeKG>0.1</RangeKG>
      <AG>0.1</AG>
      <PERC>9.7246772748442</PERC>
      <Alpha>0</Alpha>
      <UZL>143.50776013187334</UZL>
      <K0>0.25715848457501128</K0>
      <K1>0.23870745406715282</K1>
      <K2>0.077440806609503435</K2>
      <MAXBAS>1.0051584062754315</MAXBAS>
      <Cet>0</Cet>
      <PCALT>10</PCALT>
      <TCALT>0.6</TCALT>
      <Pelev>601.5</Pelev>
      <Telev>601.5</Telev>
      <PART>0.5</PART>
      <DELAY>1</DELAY>
    </SubCatchmentParameters>
    <SubCatchmentVegetationZone>
      <SubCatchmentVegetationZoneParameters>
        <TT>-0.82857962740826008</TT>
        <CFMAX>2.1888404897455573</CFMAX>
        <SP>0</SP>
        <SFCF>0.76213421529635306</SFCF>
        <CFR>0.0645054404481745</CFR>
        <CWH>0.10000000002989248</CWH>
        <CFGlacier>1</CFGlacier>
        <CFSlope>1</CFSlope>
        <FC>120.23687921739588</FC>
        <LP>0.785470640251984</LP>
        <BETA>3.9487312714333</BETA>
      </SubCatchmentVegetationZoneParameters>
    </SubCatchmentVegetationZone>
  </SubCatchment>
</Catchment>