<?xml version="1.0" encoding="utf-8"?>
<Catchment xmlns:xsi="http://www.w3.org/2001/XMLSchema-instance" xmlns:xsd="http://www.w3.org/2001/XMLSchema">
  <CatchmentParameters>
    <KSI>0.001</KSI>
    <KGmin>0.05</KGmin>
    <RangeKG>0.1</RangeKG>
    <AG>0.1</AG>
    <PERC>9.9177729373224732</PERC>
    <Alpha>0</Alpha>
    <UZL>193.78193780631892</UZL>
    <K0>0.8899936567359692</K0>
    <K1>0.45586856534947839</K1>
    <K2>0.082335248279373913</K2>
    <MAXBAS>1.6250398123306571</MAXBAS>
    <Cet>0</Cet>
    <PCALT>10</PCALT>
    <TCALT>0.6</TCALT>
    <Pelev>601.5</Pelev>
    <Telev>601.5</Telev>
    <PART>0.5</PART>
    <DELAY>1</DELAY>
  </CatchmentParameters>
  <VegetationZone>
    <VegetationZoneParameters>
      <TT>-1.8500006752600033</TT>
      <CFMAX>1.4377000770194481</CFMAX>
      <SP>0</SP>
      <SFCF>0.785794765662144</SFCF>
      <CFR>0.078791047811999651</CFR>
      <CWH>0.12763011289970155</CWH>
      <CFGlacier>1</CFGlacier>
      <CFSlope>1</CFSlope>
      <FC>200.02149031907953</FC>
      <LP>0.90890621125426108</LP>
      <BETA>4.0720972878730146</BETA>
    </VegetationZoneParameters>
  </VegetationZone>
  <SubCatchment>
    <SubCatchmentParameters>
      <KSI>0.001</KSI>
      <KGmin>0.05</KGmin>
      <RangeKG>0.1</RangeKG>
      <AG>0.1</AG>
      <PERC>9.9177729373224732</PERC>
      <Alpha>0</Alpha>
      <UZL>193.78193780631892</UZL>
      <K0>0.8899936567359692</K0>
      <K1>0.45586856534947839</K1>
      <K2>0.082335248279373913</K2>
      <MAXBAS>1.6250398123306571</MAXBAS>
      <Cet>0</Cet>
      <PCALT>10</PCALT>
      <TCALT>0.6</TCALT>
      <Pelev>601.5</Pelev>
      <Telev>601.5</Telev>
      <PART>0.5</PART>
      <DELAY>1</DELAY>
    </SubCatchmentParameters>
    <SubCatchmentVegetationZone>
      <SubCatchmentVegetationZoneParameters>
        <TT>-1.8500006752600033</TT>
        <CFMAX>1.4377000770194481</CFMAX>
        <SP>0</SP>
        <SFCF>0.785794765662144</SFCF>
        <CFR>0.078791047811999651</CFR>
        <CWH>0.12763011289970155</CWH>
        <CFGlacier>1</CFGlacier>
        <CFSlope>1</CFSlope>
        <FC>200.02149031907953</FC>
        <LP>0.90890621125426108</LP>
        <BETA>4.0720972878730146</BETA>
      </SubCatchmentVegetationZoneParameters>
    </SubCatchmentVegetationZone>
  </SubCatchment>
</Catchment>