<?xml version="1.0" encoding="utf-8"?>
<Catchment xmlns:xsi="http://www.w3.org/2001/XMLSchema-instance" xmlns:xsd="http://www.w3.org/2001/XMLSchema">
  <CatchmentParameters>
    <KSI>0.001</KSI>
    <KGmin>0.05</KGmin>
    <RangeKG>0.1</RangeKG>
    <AG>0.1</AG>
    <PERC>6.8747423543653534</PERC>
    <Alpha>0</Alpha>
    <UZL>156.29473783825389</UZL>
    <K0>0.509120431596824</K0>
    <K1>0.16316660803098096</K1>
    <K2>0.042164330570024146</K2>
    <MAXBAS>1.0000205868684733</MAXBAS>
    <Cet>0</Cet>
    <PCALT>10</PCALT>
    <TCALT>0.6</TCALT>
    <Pelev>601.5</Pelev>
    <Telev>601.5</Telev>
    <PART>0.5</PART>
    <DELAY>1</DELAY>
  </CatchmentParameters>
  <VegetationZone>
    <VegetationZoneParameters>
      <TT>-0.75207459076504313</TT>
      <CFMAX>2.6468150891740283</CFMAX>
      <SP>0</SP>
      <SFCF>0.86884322424592852</SFCF>
      <CFR>0.05920042480746749</CFR>
      <CWH>0.10000002093365482</CWH>
      <CFGlacier>1</CFGlacier>
      <CFSlope>1</CFSlope>
      <FC>50.00301989143896</FC>
      <LP>0.47410642708379652</LP>
      <BETA>5.9999687077790913</BETA>
    </VegetationZoneParameters>
  </VegetationZone>
  <SubCatchment>
    <SubCatchmentParameters>
      <KSI>0.001</KSI>
      <KGmin>0.05</KGmin>
      <RangeKG>0.1</RangeKG>
      <AG>0.1</AG>
      <PERC>6.8747423543653534</PERC>
      <Alpha>0</Alpha>
      <UZL>156.29473783825389</UZL>
      <K0>0.509120431596824</K0>
      <K1>0.16316660803098096</K1>
      <K2>0.042164330570024146</K2>
      <MAXBAS>1.0000205868684733</MAXBAS>
      <Cet>0</Cet>
      <PCALT>10</PCALT>
      <TCALT>0.6</TCALT>
      <Pelev>601.5</Pelev>
      <Telev>601.5</Telev>
      <PART>0.5</PART>
      <DELAY>1</DELAY>
    </SubCatchmentParameters>
    <SubCatchmentVegetationZone>
      <SubCatchmentVegetationZoneParameters>
        <TT>-0.75207459076504313</TT>
        <CFMAX>2.6468150891740283</CFMAX>
        <SP>0</SP>
        <SFCF>0.86884322424592852</SFCF>
        <CFR>0.05920042480746749</CFR>
        <CWH>0.10000002093365482</CWH>
        <CFGlacier>1</CFGlacier>
        <CFSlope>1</CFSlope>
        <FC>50.00301989143896</FC>
        <LP>0.47410642708379652</LP>
        <BETA>5.9999687077790913</BETA>
      </SubCatchmentVegetationZoneParameters>
    </SubCatchmentVegetationZone>
  </SubCatchment>
</Catchment>