<?xml version="1.0" encoding="utf-8"?>
<Catchment xmlns:xsi="http://www.w3.org/2001/XMLSchema-instance" xmlns:xsd="http://www.w3.org/2001/XMLSchema">
  <CatchmentParameters>
    <KSI>0.001</KSI>
    <KGmin>0.05</KGmin>
    <RangeKG>0.1</RangeKG>
    <AG>0.1</AG>
    <PERC>3.7001993813186345</PERC>
    <Alpha>0</Alpha>
    <UZL>178.71176038004387</UZL>
    <K0>0.53306933307325488</K0>
    <K1>0.1363424613642269</K1>
    <K2>0.043688123435341918</K2>
    <MAXBAS>1</MAXBAS>
    <Cet>0</Cet>
    <PCALT>10</PCALT>
    <TCALT>0.6</TCALT>
    <Pelev>601.5</Pelev>
    <Telev>601.5</Telev>
    <PART>0.5</PART>
    <DELAY>1</DELAY>
  </CatchmentParameters>
  <VegetationZone>
    <VegetationZoneParameters>
      <TT>-0.99877819175697857</TT>
      <CFMAX>2.5066577890167063</CFMAX>
      <SP>0</SP>
      <SFCF>0.94711155912050216</SFCF>
      <CFR>0.028329956395218705</CFR>
      <CWH>0.10000000000774044</CWH>
      <CFGlacier>1</CFGlacier>
      <CFSlope>1</CFSlope>
      <FC>99.05635669447453</FC>
      <LP>0.433481693481813</LP>
      <BETA>3.6654718389660723</BETA>
    </VegetationZoneParameters>
  </VegetationZone>
  <SubCatchment>
    <SubCatchmentParameters>
      <KSI>0.001</KSI>
      <KGmin>0.05</KGmin>
      <RangeKG>0.1</RangeKG>
      <AG>0.1</AG>
      <PERC>3.7001993813186345</PERC>
      <Alpha>0</Alpha>
      <UZL>178.71176038004387</UZL>
      <K0>0.53306933307325488</K0>
      <K1>0.1363424613642269</K1>
      <K2>0.043688123435341918</K2>
      <MAXBAS>1</MAXBAS>
      <Cet>0</Cet>
      <PCALT>10</PCALT>
      <TCALT>0.6</TCALT>
      <Pelev>601.5</Pelev>
      <Telev>601.5</Telev>
      <PART>0.5</PART>
      <DELAY>1</DELAY>
    </SubCatchmentParameters>
    <SubCatchmentVegetationZone>
      <SubCatchmentVegetationZoneParameters>
        <TT>-0.99877819175697857</TT>
        <CFMAX>2.5066577890167063</CFMAX>
        <SP>0</SP>
        <SFCF>0.94711155912050216</SFCF>
        <CFR>0.028329956395218705</CFR>
        <CWH>0.10000000000774044</CWH>
        <CFGlacier>1</CFGlacier>
        <CFSlope>1</CFSlope>
        <FC>99.05635669447453</FC>
        <LP>0.433481693481813</LP>
        <BETA>3.6654718389660723</BETA>
      </SubCatchmentVegetationZoneParameters>
    </SubCatchmentVegetationZone>
  </SubCatchment>
</Catchment>