<?xml version="1.0" encoding="utf-8"?>
<Catchment xmlns:xsi="http://www.w3.org/2001/XMLSchema-instance" xmlns:xsd="http://www.w3.org/2001/XMLSchema">
  <CatchmentParameters>
    <KSI>0.001</KSI>
    <KGmin>0.05</KGmin>
    <RangeKG>0.1</RangeKG>
    <AG>0.1</AG>
    <PERC>4.1634528051910324</PERC>
    <Alpha>0</Alpha>
    <UZL>74.392803336105985</UZL>
    <K0>0.51252250799994836</K0>
    <K1>0.13652751335520638</K1>
    <K2>0.05443272816119913</K2>
    <MAXBAS>1</MAXBAS>
    <Cet>0</Cet>
    <PCALT>10</PCALT>
    <TCALT>0.6</TCALT>
    <Pelev>601.5</Pelev>
    <Telev>601.5</Telev>
    <PART>0.5</PART>
    <DELAY>1</DELAY>
  </CatchmentParameters>
  <VegetationZone>
    <VegetationZoneParameters>
      <TT>-2.0000018444383412</TT>
      <CFMAX>1.6443691455437011</CFMAX>
      <SP>0</SP>
      <SFCF>0.93255993110042279</SFCF>
      <CFR>0.076209787339197643</CFR>
      <CWH>0.10000040382647052</CWH>
      <CFGlacier>1</CFGlacier>
      <CFSlope>1</CFSlope>
      <FC>146.48726703727945</FC>
      <LP>0.6874886764312077</LP>
      <BETA>4.8979136534358814</BETA>
    </VegetationZoneParameters>
  </VegetationZone>
  <SubCatchment>
    <SubCatchmentParameters>
      <KSI>0.001</KSI>
      <KGmin>0.05</KGmin>
      <RangeKG>0.1</RangeKG>
      <AG>0.1</AG>
      <PERC>4.1634528051910324</PERC>
      <Alpha>0</Alpha>
      <UZL>74.392803336105985</UZL>
      <K0>0.51252250799994836</K0>
      <K1>0.13652751335520638</K1>
      <K2>0.05443272816119913</K2>
      <MAXBAS>1</MAXBAS>
      <Cet>0</Cet>
      <PCALT>10</PCALT>
      <TCALT>0.6</TCALT>
      <Pelev>601.5</Pelev>
      <Telev>601.5</Telev>
      <PART>0.5</PART>
      <DELAY>1</DELAY>
    </SubCatchmentParameters>
    <SubCatchmentVegetationZone>
      <SubCatchmentVegetationZoneParameters>
        <TT>-2.0000018444383412</TT>
        <CFMAX>1.6443691455437011</CFMAX>
        <SP>0</SP>
        <SFCF>0.93255993110042279</SFCF>
        <CFR>0.076209787339197643</CFR>
        <CWH>0.10000040382647052</CWH>
        <CFGlacier>1</CFGlacier>
        <CFSlope>1</CFSlope>
        <FC>146.48726703727945</FC>
        <LP>0.6874886764312077</LP>
        <BETA>4.8979136534358814</BETA>
      </SubCatchmentVegetationZoneParameters>
    </SubCatchmentVegetationZone>
  </SubCatchment>
</Catchment>