<?xml version="1.0" encoding="utf-8"?>
<Catchment xmlns:xsi="http://www.w3.org/2001/XMLSchema-instance" xmlns:xsd="http://www.w3.org/2001/XMLSchema">
  <CatchmentParameters>
    <KSI>0.001</KSI>
    <KGmin>0.05</KGmin>
    <RangeKG>0.1</RangeKG>
    <AG>0.1</AG>
    <PERC>3.5836022777224259</PERC>
    <Alpha>0</Alpha>
    <UZL>77.558394723406693</UZL>
    <K0>0.11939283961567272</K0>
    <K1>0.12298242414745829</K1>
    <K2>0.042952560071703109</K2>
    <MAXBAS>1</MAXBAS>
    <Cet>0</Cet>
    <PCALT>10</PCALT>
    <TCALT>0.6</TCALT>
    <Pelev>601.5</Pelev>
    <Telev>601.5</Telev>
    <PART>0.5</PART>
    <DELAY>1</DELAY>
  </CatchmentParameters>
  <VegetationZone>
    <VegetationZoneParameters>
      <TT>-1.1500040320178875</TT>
      <CFMAX>2.3108051169264852</CFMAX>
      <SP>0</SP>
      <SFCF>0.90839718131409641</SFCF>
      <CFR>0.042140902867145759</CFR>
      <CWH>0.10000000004108731</CWH>
      <CFGlacier>1</CFGlacier>
      <CFSlope>1</CFSlope>
      <FC>76.060107976621168</FC>
      <LP>0.42268135486122038</LP>
      <BETA>4.1357664137780716</BETA>
    </VegetationZoneParameters>
  </VegetationZone>
  <SubCatchment>
    <SubCatchmentParameters>
      <KSI>0.001</KSI>
      <KGmin>0.05</KGmin>
      <RangeKG>0.1</RangeKG>
      <AG>0.1</AG>
      <PERC>3.5836022777224259</PERC>
      <Alpha>0</Alpha>
      <UZL>77.558394723406693</UZL>
      <K0>0.11939283961567272</K0>
      <K1>0.12298242414745829</K1>
      <K2>0.042952560071703109</K2>
      <MAXBAS>1</MAXBAS>
      <Cet>0</Cet>
      <PCALT>10</PCALT>
      <TCALT>0.6</TCALT>
      <Pelev>601.5</Pelev>
      <Telev>601.5</Telev>
      <PART>0.5</PART>
      <DELAY>1</DELAY>
    </SubCatchmentParameters>
    <SubCatchmentVegetationZone>
      <SubCatchmentVegetationZoneParameters>
        <TT>-1.1500040320178875</TT>
        <CFMAX>2.3108051169264852</CFMAX>
        <SP>0</SP>
        <SFCF>0.90839718131409641</SFCF>
        <CFR>0.042140902867145759</CFR>
        <CWH>0.10000000004108731</CWH>
        <CFGlacier>1</CFGlacier>
        <CFSlope>1</CFSlope>
        <FC>76.060107976621168</FC>
        <LP>0.42268135486122038</LP>
        <BETA>4.1357664137780716</BETA>
      </SubCatchmentVegetationZoneParameters>
    </SubCatchmentVegetationZone>
  </SubCatchment>
</Catchment>