<?xml version="1.0" encoding="utf-8"?>
<Catchment xmlns:xsi="http://www.w3.org/2001/XMLSchema-instance" xmlns:xsd="http://www.w3.org/2001/XMLSchema">
  <CatchmentParameters>
    <KSI>0.001</KSI>
    <KGmin>0.05</KGmin>
    <RangeKG>0.1</RangeKG>
    <AG>0.1</AG>
    <PERC>9.90412463687489</PERC>
    <Alpha>0</Alpha>
    <UZL>118.85590461988618</UZL>
    <K0>0.27410336662971357</K0>
    <K1>0.260296927007698</K1>
    <K2>0.086427763021952222</K2>
    <MAXBAS>1.1546791191778727</MAXBAS>
    <Cet>0</Cet>
    <PCALT>10</PCALT>
    <TCALT>0.6</TCALT>
    <Pelev>601.5</Pelev>
    <Telev>601.5</Telev>
    <PART>0.5</PART>
    <DELAY>1</DELAY>
  </CatchmentParameters>
  <VegetationZone>
    <VegetationZoneParameters>
      <TT>-0.61509463278648047</TT>
      <CFMAX>2.0640217482127876</CFMAX>
      <SP>0</SP>
      <SFCF>0.78454985219330675</SFCF>
      <CFR>3.1245940482356981E-07</CFR>
      <CWH>0.10000006512901354</CWH>
      <CFGlacier>1</CFGlacier>
      <CFSlope>1</CFSlope>
      <FC>99.769933207571142</FC>
      <LP>0.43627319957130306</LP>
      <BETA>1.8924878334414559</BETA>
    </VegetationZoneParameters>
  </VegetationZone>
  <SubCatchment>
    <SubCatchmentParameters>
      <KSI>0.001</KSI>
      <KGmin>0.05</KGmin>
      <RangeKG>0.1</RangeKG>
      <AG>0.1</AG>
      <PERC>9.90412463687489</PERC>
      <Alpha>0</Alpha>
      <UZL>118.85590461988618</UZL>
      <K0>0.27410336662971357</K0>
      <K1>0.260296927007698</K1>
      <K2>0.086427763021952222</K2>
      <MAXBAS>1.1546791191778727</MAXBAS>
      <Cet>0</Cet>
      <PCALT>10</PCALT>
      <TCALT>0.6</TCALT>
      <Pelev>601.5</Pelev>
      <Telev>601.5</Telev>
      <PART>0.5</PART>
      <DELAY>1</DELAY>
    </SubCatchmentParameters>
    <SubCatchmentVegetationZone>
      <SubCatchmentVegetationZoneParameters>
        <TT>-0.61509463278648047</TT>
        <CFMAX>2.0640217482127876</CFMAX>
        <SP>0</SP>
        <SFCF>0.78454985219330675</SFCF>
        <CFR>3.1245940482356981E-07</CFR>
        <CWH>0.10000006512901354</CWH>
        <CFGlacier>1</CFGlacier>
        <CFSlope>1</CFSlope>
        <FC>99.769933207571142</FC>
        <LP>0.43627319957130306</LP>
        <BETA>1.8924878334414559</BETA>
      </SubCatchmentVegetationZoneParameters>
    </SubCatchmentVegetationZone>
  </SubCatchment>
</Catchment>