<?xml version="1.0" encoding="utf-8"?>
<Catchment xmlns:xsi="http://www.w3.org/2001/XMLSchema-instance" xmlns:xsd="http://www.w3.org/2001/XMLSchema">
  <CatchmentParameters>
    <KSI>0.001</KSI>
    <KGmin>0.05</KGmin>
    <RangeKG>0.1</RangeKG>
    <AG>0.1</AG>
    <PERC>9.9999695829457256</PERC>
    <Alpha>0</Alpha>
    <UZL>152.25267959065153</UZL>
    <K0>0.10678636332569425</K0>
    <K1>0.2773958426475312</K1>
    <K2>0.10653561858200961</K2>
    <MAXBAS>1.0897688665602372</MAXBAS>
    <Cet>0</Cet>
    <PCALT>10</PCALT>
    <TCALT>0.6</TCALT>
    <Pelev>601.5</Pelev>
    <Telev>601.5</Telev>
    <PART>0.5</PART>
    <DELAY>1</DELAY>
  </CatchmentParameters>
  <VegetationZone>
    <VegetationZoneParameters>
      <TT>-0.839724316798912</TT>
      <CFMAX>1.8517138219323841</CFMAX>
      <SP>0</SP>
      <SFCF>0.66311482766402319</SFCF>
      <CFR>0.062111901725492268</CFR>
      <CWH>0.1000000002630615</CWH>
      <CFGlacier>1</CFGlacier>
      <CFSlope>1</CFSlope>
      <FC>231.38061817168745</FC>
      <LP>0.962009748402369</LP>
      <BETA>5.6533823291821683</BETA>
    </VegetationZoneParameters>
  </VegetationZone>
  <SubCatchment>
    <SubCatchmentParameters>
      <KSI>0.001</KSI>
      <KGmin>0.05</KGmin>
      <RangeKG>0.1</RangeKG>
      <AG>0.1</AG>
      <PERC>9.9999695829457256</PERC>
      <Alpha>0</Alpha>
      <UZL>152.25267959065153</UZL>
      <K0>0.10678636332569425</K0>
      <K1>0.2773958426475312</K1>
      <K2>0.10653561858200961</K2>
      <MAXBAS>1.0897688665602372</MAXBAS>
      <Cet>0</Cet>
      <PCALT>10</PCALT>
      <TCALT>0.6</TCALT>
      <Pelev>601.5</Pelev>
      <Telev>601.5</Telev>
      <PART>0.5</PART>
      <DELAY>1</DELAY>
    </SubCatchmentParameters>
    <SubCatchmentVegetationZone>
      <SubCatchmentVegetationZoneParameters>
        <TT>-0.839724316798912</TT>
        <CFMAX>1.8517138219323841</CFMAX>
        <SP>0</SP>
        <SFCF>0.66311482766402319</SFCF>
        <CFR>0.062111901725492268</CFR>
        <CWH>0.1000000002630615</CWH>
        <CFGlacier>1</CFGlacier>
        <CFSlope>1</CFSlope>
        <FC>231.38061817168745</FC>
        <LP>0.962009748402369</LP>
        <BETA>5.6533823291821683</BETA>
      </SubCatchmentVegetationZoneParameters>
    </SubCatchmentVegetationZone>
  </SubCatchment>
</Catchment>