<?xml version="1.0" encoding="utf-8"?>
<Catchment xmlns:xsi="http://www.w3.org/2001/XMLSchema-instance" xmlns:xsd="http://www.w3.org/2001/XMLSchema">
  <CatchmentParameters>
    <KSI>0.001</KSI>
    <KGmin>0.05</KGmin>
    <RangeKG>0.1</RangeKG>
    <AG>0.1</AG>
    <PERC>5.60853912830084</PERC>
    <Alpha>0</Alpha>
    <UZL>100.83603016196892</UZL>
    <K0>0.49542906718278923</K0>
    <K1>0.15795710306864957</K1>
    <K2>0.040000688448722239</K2>
    <MAXBAS>1.0000243584141155</MAXBAS>
    <Cet>0</Cet>
    <PCALT>10</PCALT>
    <TCALT>0.6</TCALT>
    <Pelev>601.5</Pelev>
    <Telev>601.5</Telev>
    <PART>0.5</PART>
    <DELAY>1</DELAY>
  </CatchmentParameters>
  <VegetationZone>
    <VegetationZoneParameters>
      <TT>-0.50000569993023825</TT>
      <CFMAX>2.5349300528024</CFMAX>
      <SP>0</SP>
      <SFCF>0.81920648471307045</SFCF>
      <CFR>0.028353052854583519</CFR>
      <CWH>0.10000002100938675</CWH>
      <CFGlacier>1</CFGlacier>
      <CFSlope>1</CFSlope>
      <FC>62.055133964367933</FC>
      <LP>0.5802646042736932</LP>
      <BETA>5.999815673614723</BETA>
    </VegetationZoneParameters>
  </VegetationZone>
  <SubCatchment>
    <SubCatchmentParameters>
      <KSI>0.001</KSI>
      <KGmin>0.05</KGmin>
      <RangeKG>0.1</RangeKG>
      <AG>0.1</AG>
      <PERC>5.60853912830084</PERC>
      <Alpha>0</Alpha>
      <UZL>100.83603016196892</UZL>
      <K0>0.49542906718278923</K0>
      <K1>0.15795710306864957</K1>
      <K2>0.040000688448722239</K2>
      <MAXBAS>1.0000243584141155</MAXBAS>
      <Cet>0</Cet>
      <PCALT>10</PCALT>
      <TCALT>0.6</TCALT>
      <Pelev>601.5</Pelev>
      <Telev>601.5</Telev>
      <PART>0.5</PART>
      <DELAY>1</DELAY>
    </SubCatchmentParameters>
    <SubCatchmentVegetationZone>
      <SubCatchmentVegetationZoneParameters>
        <TT>-0.50000569993023825</TT>
        <CFMAX>2.5349300528024</CFMAX>
        <SP>0</SP>
        <SFCF>0.81920648471307045</SFCF>
        <CFR>0.028353052854583519</CFR>
        <CWH>0.10000002100938675</CWH>
        <CFGlacier>1</CFGlacier>
        <CFSlope>1</CFSlope>
        <FC>62.055133964367933</FC>
        <LP>0.5802646042736932</LP>
        <BETA>5.999815673614723</BETA>
      </SubCatchmentVegetationZoneParameters>
    </SubCatchmentVegetationZone>
  </SubCatchment>
</Catchment>