<?xml version="1.0" encoding="utf-8"?>
<Catchment xmlns:xsi="http://www.w3.org/2001/XMLSchema-instance" xmlns:xsd="http://www.w3.org/2001/XMLSchema">
  <CatchmentParameters>
    <KSI>0.001</KSI>
    <KGmin>0.05</KGmin>
    <RangeKG>0.1</RangeKG>
    <AG>0.1</AG>
    <PERC>4.073727490951903</PERC>
    <Alpha>0</Alpha>
    <UZL>47.644398182260879</UZL>
    <K0>0.20551811705023951</K0>
    <K1>0.14007504542302521</K1>
    <K2>0.049701357519701853</K2>
    <MAXBAS>1</MAXBAS>
    <Cet>0</Cet>
    <PCALT>10</PCALT>
    <TCALT>0.6</TCALT>
    <Pelev>601.5</Pelev>
    <Telev>601.5</Telev>
    <PART>0.5</PART>
    <DELAY>1</DELAY>
  </CatchmentParameters>
  <VegetationZone>
    <VegetationZoneParameters>
      <TT>-1.1791318108136795</TT>
      <CFMAX>1.6923165466150456</CFMAX>
      <SP>0</SP>
      <SFCF>0.826653726256246</SFCF>
      <CFR>2.5909138146937105E-10</CFR>
      <CWH>0.10000001442568345</CWH>
      <CFGlacier>1</CFGlacier>
      <CFSlope>1</CFSlope>
      <FC>76.409091812518128</FC>
      <LP>0.49764022047626472</LP>
      <BETA>4.1821885434357338</BETA>
    </VegetationZoneParameters>
  </VegetationZone>
  <SubCatchment>
    <SubCatchmentParameters>
      <KSI>0.001</KSI>
      <KGmin>0.05</KGmin>
      <RangeKG>0.1</RangeKG>
      <AG>0.1</AG>
      <PERC>4.073727490951903</PERC>
      <Alpha>0</Alpha>
      <UZL>47.644398182260879</UZL>
      <K0>0.20551811705023951</K0>
      <K1>0.14007504542302521</K1>
      <K2>0.049701357519701853</K2>
      <MAXBAS>1</MAXBAS>
      <Cet>0</Cet>
      <PCALT>10</PCALT>
      <TCALT>0.6</TCALT>
      <Pelev>601.5</Pelev>
      <Telev>601.5</Telev>
      <PART>0.5</PART>
      <DELAY>1</DELAY>
    </SubCatchmentParameters>
    <SubCatchmentVegetationZone>
      <SubCatchmentVegetationZoneParameters>
        <TT>-1.1791318108136795</TT>
        <CFMAX>1.6923165466150456</CFMAX>
        <SP>0</SP>
        <SFCF>0.826653726256246</SFCF>
        <CFR>2.5909138146937105E-10</CFR>
        <CWH>0.10000001442568345</CWH>
        <CFGlacier>1</CFGlacier>
        <CFSlope>1</CFSlope>
        <FC>76.409091812518128</FC>
        <LP>0.49764022047626472</LP>
        <BETA>4.1821885434357338</BETA>
      </SubCatchmentVegetationZoneParameters>
    </SubCatchmentVegetationZone>
  </SubCatchment>
</Catchment>