<?xml version="1.0" encoding="utf-8"?>
<Catchment xmlns:xsi="http://www.w3.org/2001/XMLSchema-instance" xmlns:xsd="http://www.w3.org/2001/XMLSchema">
  <CatchmentParameters>
    <KSI>0.001</KSI>
    <KGmin>0.05</KGmin>
    <RangeKG>0.1</RangeKG>
    <AG>0.1</AG>
    <PERC>7.888555932275497</PERC>
    <Alpha>0</Alpha>
    <UZL>85.933156989828021</UZL>
    <K0>0.48559825367474896</K0>
    <K1>0.18311591702543464</K1>
    <K2>0.052733812676344215</K2>
    <MAXBAS>1.0000774564555106</MAXBAS>
    <Cet>0</Cet>
    <PCALT>10</PCALT>
    <TCALT>0.6</TCALT>
    <Pelev>601.5</Pelev>
    <Telev>601.5</Telev>
    <PART>0.5</PART>
    <DELAY>1</DELAY>
  </CatchmentParameters>
  <VegetationZone>
    <VegetationZoneParameters>
      <TT>0.14999789316681442</TT>
      <CFMAX>2.882343289694707</CFMAX>
      <SP>0</SP>
      <SFCF>0.71278659112791332</SFCF>
      <CFR>0.036281794957071956</CFR>
      <CWH>0.10000000001077029</CWH>
      <CFGlacier>1</CFGlacier>
      <CFSlope>1</CFSlope>
      <FC>52.95375324479631</FC>
      <LP>0.53038247822133455</LP>
      <BETA>5.9999743919464565</BETA>
    </VegetationZoneParameters>
  </VegetationZone>
  <SubCatchment>
    <SubCatchmentParameters>
      <KSI>0.001</KSI>
      <KGmin>0.05</KGmin>
      <RangeKG>0.1</RangeKG>
      <AG>0.1</AG>
      <PERC>7.888555932275497</PERC>
      <Alpha>0</Alpha>
      <UZL>85.933156989828021</UZL>
      <K0>0.48559825367474896</K0>
      <K1>0.18311591702543464</K1>
      <K2>0.052733812676344215</K2>
      <MAXBAS>1.0000774564555106</MAXBAS>
      <Cet>0</Cet>
      <PCALT>10</PCALT>
      <TCALT>0.6</TCALT>
      <Pelev>601.5</Pelev>
      <Telev>601.5</Telev>
      <PART>0.5</PART>
      <DELAY>1</DELAY>
    </SubCatchmentParameters>
    <SubCatchmentVegetationZone>
      <SubCatchmentVegetationZoneParameters>
        <TT>0.14999789316681442</TT>
        <CFMAX>2.882343289694707</CFMAX>
        <SP>0</SP>
        <SFCF>0.71278659112791332</SFCF>
        <CFR>0.036281794957071956</CFR>
        <CWH>0.10000000001077029</CWH>
        <CFGlacier>1</CFGlacier>
        <CFSlope>1</CFSlope>
        <FC>52.95375324479631</FC>
        <LP>0.53038247822133455</LP>
        <BETA>5.9999743919464565</BETA>
      </SubCatchmentVegetationZoneParameters>
    </SubCatchmentVegetationZone>
  </SubCatchment>
</Catchment>