<?xml version="1.0" encoding="utf-8"?>
<Catchment xmlns:xsi="http://www.w3.org/2001/XMLSchema-instance" xmlns:xsd="http://www.w3.org/2001/XMLSchema">
  <CatchmentParameters>
    <KSI>0.001</KSI>
    <KGmin>0.05</KGmin>
    <RangeKG>0.1</RangeKG>
    <AG>0.1</AG>
    <PERC>8.8941022419047417</PERC>
    <Alpha>0</Alpha>
    <UZL>120.08468718890195</UZL>
    <K0>0.55836531846052762</K0>
    <K1>0.27647665231485397</K1>
    <K2>0.096776825476035569</K2>
    <MAXBAS>1.0792194468253258</MAXBAS>
    <Cet>0</Cet>
    <PCALT>10</PCALT>
    <TCALT>0.6</TCALT>
    <Pelev>601.5</Pelev>
    <Telev>601.5</Telev>
    <PART>0.5</PART>
    <DELAY>1</DELAY>
  </CatchmentParameters>
  <VegetationZone>
    <VegetationZoneParameters>
      <TT>-0.96348265389174426</TT>
      <CFMAX>1.7598656861409185</CFMAX>
      <SP>0</SP>
      <SFCF>0.67646508232315139</SFCF>
      <CFR>0.057649307259120153</CFR>
      <CWH>0.1000000001329088</CWH>
      <CFGlacier>1</CFGlacier>
      <CFSlope>1</CFSlope>
      <FC>120.55687518948409</FC>
      <LP>0.59621178062667146</LP>
      <BETA>2.4642015304075584</BETA>
    </VegetationZoneParameters>
  </VegetationZone>
  <SubCatchment>
    <SubCatchmentParameters>
      <KSI>0.001</KSI>
      <KGmin>0.05</KGmin>
      <RangeKG>0.1</RangeKG>
      <AG>0.1</AG>
      <PERC>8.8941022419047417</PERC>
      <Alpha>0</Alpha>
      <UZL>120.08468718890195</UZL>
      <K0>0.55836531846052762</K0>
      <K1>0.27647665231485397</K1>
      <K2>0.096776825476035569</K2>
      <MAXBAS>1.0792194468253258</MAXBAS>
      <Cet>0</Cet>
      <PCALT>10</PCALT>
      <TCALT>0.6</TCALT>
      <Pelev>601.5</Pelev>
      <Telev>601.5</Telev>
      <PART>0.5</PART>
      <DELAY>1</DELAY>
    </SubCatchmentParameters>
    <SubCatchmentVegetationZone>
      <SubCatchmentVegetationZoneParameters>
        <TT>-0.96348265389174426</TT>
        <CFMAX>1.7598656861409185</CFMAX>
        <SP>0</SP>
        <SFCF>0.67646508232315139</SFCF>
        <CFR>0.057649307259120153</CFR>
        <CWH>0.1000000001329088</CWH>
        <CFGlacier>1</CFGlacier>
        <CFSlope>1</CFSlope>
        <FC>120.55687518948409</FC>
        <LP>0.59621178062667146</LP>
        <BETA>2.4642015304075584</BETA>
      </SubCatchmentVegetationZoneParameters>
    </SubCatchmentVegetationZone>
  </SubCatchment>
</Catchment>