<?xml version="1.0" encoding="utf-8"?>
<Catchment xmlns:xsi="http://www.w3.org/2001/XMLSchema-instance" xmlns:xsd="http://www.w3.org/2001/XMLSchema">
  <CatchmentParameters>
    <KSI>0.001</KSI>
    <KGmin>0.05</KGmin>
    <RangeKG>0.1</RangeKG>
    <AG>0.1</AG>
    <PERC>3.5780195201381191</PERC>
    <Alpha>0</Alpha>
    <UZL>84.5658418087789</UZL>
    <K0>0.42702727707421</K0>
    <K1>0.12401937150081922</K1>
    <K2>0.050218473274614324</K2>
    <MAXBAS>1</MAXBAS>
    <Cet>0</Cet>
    <PCALT>10</PCALT>
    <TCALT>0.6</TCALT>
    <Pelev>601.5</Pelev>
    <Telev>601.5</Telev>
    <PART>0.5</PART>
    <DELAY>1</DELAY>
  </CatchmentParameters>
  <VegetationZone>
    <VegetationZoneParameters>
      <TT>-2.0000001962490348</TT>
      <CFMAX>1.7463348834717647</CFMAX>
      <SP>0</SP>
      <SFCF>0.95719240990857768</SFCF>
      <CFR>0.099999130536202033</CFR>
      <CWH>0.10000010093110691</CWH>
      <CFGlacier>1</CFGlacier>
      <CFSlope>1</CFSlope>
      <FC>144.497939576084</FC>
      <LP>0.67284745863807072</LP>
      <BETA>5.2152557042998309</BETA>
    </VegetationZoneParameters>
  </VegetationZone>
  <SubCatchment>
    <SubCatchmentParameters>
      <KSI>0.001</KSI>
      <KGmin>0.05</KGmin>
      <RangeKG>0.1</RangeKG>
      <AG>0.1</AG>
      <PERC>3.5780195201381191</PERC>
      <Alpha>0</Alpha>
      <UZL>84.5658418087789</UZL>
      <K0>0.42702727707421</K0>
      <K1>0.12401937150081922</K1>
      <K2>0.050218473274614324</K2>
      <MAXBAS>1</MAXBAS>
      <Cet>0</Cet>
      <PCALT>10</PCALT>
      <TCALT>0.6</TCALT>
      <Pelev>601.5</Pelev>
      <Telev>601.5</Telev>
      <PART>0.5</PART>
      <DELAY>1</DELAY>
    </SubCatchmentParameters>
    <SubCatchmentVegetationZone>
      <SubCatchmentVegetationZoneParameters>
        <TT>-2.0000001962490348</TT>
        <CFMAX>1.7463348834717647</CFMAX>
        <SP>0</SP>
        <SFCF>0.95719240990857768</SFCF>
        <CFR>0.099999130536202033</CFR>
        <CWH>0.10000010093110691</CWH>
        <CFGlacier>1</CFGlacier>
        <CFSlope>1</CFSlope>
        <FC>144.497939576084</FC>
        <LP>0.67284745863807072</LP>
        <BETA>5.2152557042998309</BETA>
      </SubCatchmentVegetationZoneParameters>
    </SubCatchmentVegetationZone>
  </SubCatchment>
</Catchment>