<?xml version="1.0" encoding="utf-8"?>
<Catchment xmlns:xsi="http://www.w3.org/2001/XMLSchema-instance" xmlns:xsd="http://www.w3.org/2001/XMLSchema">
  <CatchmentParameters>
    <KSI>0.001</KSI>
    <KGmin>0.05</KGmin>
    <RangeKG>0.1</RangeKG>
    <AG>0.1</AG>
    <PERC>9.4097788959185635</PERC>
    <Alpha>0</Alpha>
    <UZL>197.55798777926975</UZL>
    <K0>0.41989088941842867</K0>
    <K1>0.23324321434412579</K1>
    <K2>0.10000543023862014</K2>
    <MAXBAS>1.000011565146874</MAXBAS>
    <Cet>0</Cet>
    <PCALT>10</PCALT>
    <TCALT>0.6</TCALT>
    <Pelev>601.5</Pelev>
    <Telev>601.5</Telev>
    <PART>0.5</PART>
    <DELAY>1</DELAY>
  </CatchmentParameters>
  <VegetationZone>
    <VegetationZoneParameters>
      <TT>-0.16807875879035131</TT>
      <CFMAX>2.347302238742651</CFMAX>
      <SP>0</SP>
      <SFCF>0.623257177413603</SFCF>
      <CFR>0.07136898325769768</CFR>
      <CWH>0.10000008840361659</CWH>
      <CFGlacier>1</CFGlacier>
      <CFSlope>1</CFSlope>
      <FC>166.09170958928917</FC>
      <LP>0.82629191988379913</LP>
      <BETA>3.9807988107814545</BETA>
    </VegetationZoneParameters>
  </VegetationZone>
  <SubCatchment>
    <SubCatchmentParameters>
      <KSI>0.001</KSI>
      <KGmin>0.05</KGmin>
      <RangeKG>0.1</RangeKG>
      <AG>0.1</AG>
      <PERC>9.4097788959185635</PERC>
      <Alpha>0</Alpha>
      <UZL>197.55798777926975</UZL>
      <K0>0.41989088941842867</K0>
      <K1>0.23324321434412579</K1>
      <K2>0.10000543023862014</K2>
      <MAXBAS>1.000011565146874</MAXBAS>
      <Cet>0</Cet>
      <PCALT>10</PCALT>
      <TCALT>0.6</TCALT>
      <Pelev>601.5</Pelev>
      <Telev>601.5</Telev>
      <PART>0.5</PART>
      <DELAY>1</DELAY>
    </SubCatchmentParameters>
    <SubCatchmentVegetationZone>
      <SubCatchmentVegetationZoneParameters>
        <TT>-0.16807875879035131</TT>
        <CFMAX>2.347302238742651</CFMAX>
        <SP>0</SP>
        <SFCF>0.623257177413603</SFCF>
        <CFR>0.07136898325769768</CFR>
        <CWH>0.10000008840361659</CWH>
        <CFGlacier>1</CFGlacier>
        <CFSlope>1</CFSlope>
        <FC>166.09170958928917</FC>
        <LP>0.82629191988379913</LP>
        <BETA>3.9807988107814545</BETA>
      </SubCatchmentVegetationZoneParameters>
    </SubCatchmentVegetationZone>
  </SubCatchment>
</Catchment>