<?xml version="1.0" encoding="utf-8"?>
<Catchment xmlns:xsi="http://www.w3.org/2001/XMLSchema-instance" xmlns:xsd="http://www.w3.org/2001/XMLSchema">
  <CatchmentParameters>
    <KSI>0.001</KSI>
    <KGmin>0.05</KGmin>
    <RangeKG>0.1</RangeKG>
    <AG>0.1</AG>
    <PERC>9.76992354331259</PERC>
    <Alpha>0</Alpha>
    <UZL>180.9146559796921</UZL>
    <K0>0.42335920585037284</K0>
    <K1>0.23827003069183278</K1>
    <K2>0.076509982168265836</K2>
    <MAXBAS>1.0049764848170757</MAXBAS>
    <Cet>0</Cet>
    <PCALT>10</PCALT>
    <TCALT>0.6</TCALT>
    <Pelev>601.5</Pelev>
    <Telev>601.5</Telev>
    <PART>0.5</PART>
    <DELAY>1</DELAY>
  </CatchmentParameters>
  <VegetationZone>
    <VegetationZoneParameters>
      <TT>-0.71395211615980581</TT>
      <CFMAX>2.207408785216761</CFMAX>
      <SP>0</SP>
      <SFCF>0.76780553667837392</SFCF>
      <CFR>0.036442020541765666</CFR>
      <CWH>0.10000000062368467</CWH>
      <CFGlacier>1</CFGlacier>
      <CFSlope>1</CFSlope>
      <FC>132.77399595558785</FC>
      <LP>0.82725397443522874</LP>
      <BETA>4.4539785664437863</BETA>
    </VegetationZoneParameters>
  </VegetationZone>
  <SubCatchment>
    <SubCatchmentParameters>
      <KSI>0.001</KSI>
      <KGmin>0.05</KGmin>
      <RangeKG>0.1</RangeKG>
      <AG>0.1</AG>
      <PERC>9.76992354331259</PERC>
      <Alpha>0</Alpha>
      <UZL>180.9146559796921</UZL>
      <K0>0.42335920585037284</K0>
      <K1>0.23827003069183278</K1>
      <K2>0.076509982168265836</K2>
      <MAXBAS>1.0049764848170757</MAXBAS>
      <Cet>0</Cet>
      <PCALT>10</PCALT>
      <TCALT>0.6</TCALT>
      <Pelev>601.5</Pelev>
      <Telev>601.5</Telev>
      <PART>0.5</PART>
      <DELAY>1</DELAY>
    </SubCatchmentParameters>
    <SubCatchmentVegetationZone>
      <SubCatchmentVegetationZoneParameters>
        <TT>-0.71395211615980581</TT>
        <CFMAX>2.207408785216761</CFMAX>
        <SP>0</SP>
        <SFCF>0.76780553667837392</SFCF>
        <CFR>0.036442020541765666</CFR>
        <CWH>0.10000000062368467</CWH>
        <CFGlacier>1</CFGlacier>
        <CFSlope>1</CFSlope>
        <FC>132.77399595558785</FC>
        <LP>0.82725397443522874</LP>
        <BETA>4.4539785664437863</BETA>
      </SubCatchmentVegetationZoneParameters>
    </SubCatchmentVegetationZone>
  </SubCatchment>
</Catchment>