<?xml version="1.0" encoding="utf-8"?>
<Catchment xmlns:xsi="http://www.w3.org/2001/XMLSchema-instance" xmlns:xsd="http://www.w3.org/2001/XMLSchema">
  <CatchmentParameters>
    <KSI>0.001</KSI>
    <KGmin>0.05</KGmin>
    <RangeKG>0.1</RangeKG>
    <AG>0.1</AG>
    <PERC>7.6314621747941613</PERC>
    <Alpha>0</Alpha>
    <UZL>125.42137499926808</UZL>
    <K0>0.10253911782456504</K0>
    <K1>0.20197441402701949</K1>
    <K2>0.063223516855003284</K2>
    <MAXBAS>1.0000032380335377</MAXBAS>
    <Cet>0</Cet>
    <PCALT>10</PCALT>
    <TCALT>0.6</TCALT>
    <Pelev>601.5</Pelev>
    <Telev>601.5</Telev>
    <PART>0.5</PART>
    <DELAY>1</DELAY>
  </CatchmentParameters>
  <VegetationZone>
    <VegetationZoneParameters>
      <TT>-0.500098961085189</TT>
      <CFMAX>2.4176343004390914</CFMAX>
      <SP>0</SP>
      <SFCF>0.75140373551524642</SFCF>
      <CFR>0.052929685102653196</CFR>
      <CWH>0.10000010886101717</CWH>
      <CFGlacier>1</CFGlacier>
      <CFSlope>1</CFSlope>
      <FC>112.50511281353133</FC>
      <LP>0.78218877756304206</LP>
      <BETA>4.229243262329593</BETA>
    </VegetationZoneParameters>
  </VegetationZone>
  <SubCatchment>
    <SubCatchmentParameters>
      <KSI>0.001</KSI>
      <KGmin>0.05</KGmin>
      <RangeKG>0.1</RangeKG>
      <AG>0.1</AG>
      <PERC>7.6314621747941613</PERC>
      <Alpha>0</Alpha>
      <UZL>125.42137499926808</UZL>
      <K0>0.10253911782456504</K0>
      <K1>0.20197441402701949</K1>
      <K2>0.063223516855003284</K2>
      <MAXBAS>1.0000032380335377</MAXBAS>
      <Cet>0</Cet>
      <PCALT>10</PCALT>
      <TCALT>0.6</TCALT>
      <Pelev>601.5</Pelev>
      <Telev>601.5</Telev>
      <PART>0.5</PART>
      <DELAY>1</DELAY>
    </SubCatchmentParameters>
    <SubCatchmentVegetationZone>
      <SubCatchmentVegetationZoneParameters>
        <TT>-0.500098961085189</TT>
        <CFMAX>2.4176343004390914</CFMAX>
        <SP>0</SP>
        <SFCF>0.75140373551524642</SFCF>
        <CFR>0.052929685102653196</CFR>
        <CWH>0.10000010886101717</CWH>
        <CFGlacier>1</CFGlacier>
        <CFSlope>1</CFSlope>
        <FC>112.50511281353133</FC>
        <LP>0.78218877756304206</LP>
        <BETA>4.229243262329593</BETA>
      </SubCatchmentVegetationZoneParameters>
    </SubCatchmentVegetationZone>
  </SubCatchment>
</Catchment>