<?xml version="1.0" encoding="utf-8"?>
<Catchment xmlns:xsi="http://www.w3.org/2001/XMLSchema-instance" xmlns:xsd="http://www.w3.org/2001/XMLSchema">
  <CatchmentParameters>
    <KSI>0.001</KSI>
    <KGmin>0.05</KGmin>
    <RangeKG>0.1</RangeKG>
    <AG>0.1</AG>
    <PERC>9.4966093243406959</PERC>
    <Alpha>0</Alpha>
    <UZL>99.116028596581813</UZL>
    <K0>0.93479414706590136</K0>
    <K1>0.24055429204496071</K1>
    <K2>0.0849264349476042</K2>
    <MAXBAS>1.0044234586125538</MAXBAS>
    <Cet>0</Cet>
    <PCALT>10</PCALT>
    <TCALT>0.6</TCALT>
    <Pelev>601.5</Pelev>
    <Telev>601.5</Telev>
    <PART>0.5</PART>
    <DELAY>1</DELAY>
  </CatchmentParameters>
  <VegetationZone>
    <VegetationZoneParameters>
      <TT>-0.82347828967030778</TT>
      <CFMAX>2.07102505425918</CFMAX>
      <SP>0</SP>
      <SFCF>0.74069846058028432</SFCF>
      <CFR>0.048803733948747173</CFR>
      <CWH>0.10000000416056529</CWH>
      <CFGlacier>1</CFGlacier>
      <CFSlope>1</CFSlope>
      <FC>168.39528904585453</FC>
      <LP>0.89267398242067819</LP>
      <BETA>4.8457268484743237</BETA>
    </VegetationZoneParameters>
  </VegetationZone>
  <SubCatchment>
    <SubCatchmentParameters>
      <KSI>0.001</KSI>
      <KGmin>0.05</KGmin>
      <RangeKG>0.1</RangeKG>
      <AG>0.1</AG>
      <PERC>9.4966093243406959</PERC>
      <Alpha>0</Alpha>
      <UZL>99.116028596581813</UZL>
      <K0>0.93479414706590136</K0>
      <K1>0.24055429204496071</K1>
      <K2>0.0849264349476042</K2>
      <MAXBAS>1.0044234586125538</MAXBAS>
      <Cet>0</Cet>
      <PCALT>10</PCALT>
      <TCALT>0.6</TCALT>
      <Pelev>601.5</Pelev>
      <Telev>601.5</Telev>
      <PART>0.5</PART>
      <DELAY>1</DELAY>
    </SubCatchmentParameters>
    <SubCatchmentVegetationZone>
      <SubCatchmentVegetationZoneParameters>
        <TT>-0.82347828967030778</TT>
        <CFMAX>2.07102505425918</CFMAX>
        <SP>0</SP>
        <SFCF>0.74069846058028432</SFCF>
        <CFR>0.048803733948747173</CFR>
        <CWH>0.10000000416056529</CWH>
        <CFGlacier>1</CFGlacier>
        <CFSlope>1</CFSlope>
        <FC>168.39528904585453</FC>
        <LP>0.89267398242067819</LP>
        <BETA>4.8457268484743237</BETA>
      </SubCatchmentVegetationZoneParameters>
    </SubCatchmentVegetationZone>
  </SubCatchment>
</Catchment>