<?xml version="1.0" encoding="utf-8"?>
<Catchment xmlns:xsi="http://www.w3.org/2001/XMLSchema-instance" xmlns:xsd="http://www.w3.org/2001/XMLSchema">
  <CatchmentParameters>
    <KSI>0.001</KSI>
    <KGmin>0.05</KGmin>
    <RangeKG>0.1</RangeKG>
    <AG>0.1</AG>
    <PERC>4.2958025875977688</PERC>
    <Alpha>0</Alpha>
    <UZL>45.778339901073672</UZL>
    <K0>0.31235841431875616</K0>
    <K1>0.13046508853861491</K1>
    <K2>0.058362619697844564</K2>
    <MAXBAS>1</MAXBAS>
    <Cet>0</Cet>
    <PCALT>10</PCALT>
    <TCALT>0.6</TCALT>
    <Pelev>601.5</Pelev>
    <Telev>601.5</Telev>
    <PART>0.5</PART>
    <DELAY>1</DELAY>
  </CatchmentParameters>
  <VegetationZone>
    <VegetationZoneParameters>
      <TT>-2.0500027116653388</TT>
      <CFMAX>1.3966247572291524</CFMAX>
      <SP>0</SP>
      <SFCF>0.89785228841554132</SFCF>
      <CFR>0.042467452437901843</CFR>
      <CWH>0.10000048656376007</CWH>
      <CFGlacier>1</CFGlacier>
      <CFSlope>1</CFSlope>
      <FC>173.43090783880919</FC>
      <LP>0.8043500599449156</LP>
      <BETA>5.9999825627466263</BETA>
    </VegetationZoneParameters>
  </VegetationZone>
  <SubCatchment>
    <SubCatchmentParameters>
      <KSI>0.001</KSI>
      <KGmin>0.05</KGmin>
      <RangeKG>0.1</RangeKG>
      <AG>0.1</AG>
      <PERC>4.2958025875977688</PERC>
      <Alpha>0</Alpha>
      <UZL>45.778339901073672</UZL>
      <K0>0.31235841431875616</K0>
      <K1>0.13046508853861491</K1>
      <K2>0.058362619697844564</K2>
      <MAXBAS>1</MAXBAS>
      <Cet>0</Cet>
      <PCALT>10</PCALT>
      <TCALT>0.6</TCALT>
      <Pelev>601.5</Pelev>
      <Telev>601.5</Telev>
      <PART>0.5</PART>
      <DELAY>1</DELAY>
    </SubCatchmentParameters>
    <SubCatchmentVegetationZone>
      <SubCatchmentVegetationZoneParameters>
        <TT>-2.0500027116653388</TT>
        <CFMAX>1.3966247572291524</CFMAX>
        <SP>0</SP>
        <SFCF>0.89785228841554132</SFCF>
        <CFR>0.042467452437901843</CFR>
        <CWH>0.10000048656376007</CWH>
        <CFGlacier>1</CFGlacier>
        <CFSlope>1</CFSlope>
        <FC>173.43090783880919</FC>
        <LP>0.8043500599449156</LP>
        <BETA>5.9999825627466263</BETA>
      </SubCatchmentVegetationZoneParameters>
    </SubCatchmentVegetationZone>
  </SubCatchment>
</Catchment>