<?xml version="1.0" encoding="utf-8"?>
<Catchment xmlns:xsi="http://www.w3.org/2001/XMLSchema-instance" xmlns:xsd="http://www.w3.org/2001/XMLSchema">
  <CatchmentParameters>
    <KSI>0.001</KSI>
    <KGmin>0.05</KGmin>
    <RangeKG>0.1</RangeKG>
    <AG>0.1</AG>
    <PERC>8.201357792842737</PERC>
    <Alpha>0</Alpha>
    <UZL>153.83625481464406</UZL>
    <K0>0.13419148563593805</K0>
    <K1>0.1933189880247651</K1>
    <K2>0.051238181868760189</K2>
    <MAXBAS>1.0048903428548068</MAXBAS>
    <Cet>0</Cet>
    <PCALT>10</PCALT>
    <TCALT>0.6</TCALT>
    <Pelev>601.5</Pelev>
    <Telev>601.5</Telev>
    <PART>0.5</PART>
    <DELAY>1</DELAY>
  </CatchmentParameters>
  <VegetationZone>
    <VegetationZoneParameters>
      <TT>-0.59990062665805255</TT>
      <CFMAX>2.4903756102555832</CFMAX>
      <SP>0</SP>
      <SFCF>0.85584866460331166</SFCF>
      <CFR>0.023987593239876</CFR>
      <CWH>0.10000004553232306</CWH>
      <CFGlacier>1</CFGlacier>
      <CFSlope>1</CFSlope>
      <FC>70.050566802424854</FC>
      <LP>0.71842272471639468</LP>
      <BETA>5.9998588701079161</BETA>
    </VegetationZoneParameters>
  </VegetationZone>
  <SubCatchment>
    <SubCatchmentParameters>
      <KSI>0.001</KSI>
      <KGmin>0.05</KGmin>
      <RangeKG>0.1</RangeKG>
      <AG>0.1</AG>
      <PERC>8.201357792842737</PERC>
      <Alpha>0</Alpha>
      <UZL>153.83625481464406</UZL>
      <K0>0.13419148563593805</K0>
      <K1>0.1933189880247651</K1>
      <K2>0.051238181868760189</K2>
      <MAXBAS>1.0048903428548068</MAXBAS>
      <Cet>0</Cet>
      <PCALT>10</PCALT>
      <TCALT>0.6</TCALT>
      <Pelev>601.5</Pelev>
      <Telev>601.5</Telev>
      <PART>0.5</PART>
      <DELAY>1</DELAY>
    </SubCatchmentParameters>
    <SubCatchmentVegetationZone>
      <SubCatchmentVegetationZoneParameters>
        <TT>-0.59990062665805255</TT>
        <CFMAX>2.4903756102555832</CFMAX>
        <SP>0</SP>
        <SFCF>0.85584866460331166</SFCF>
        <CFR>0.023987593239876</CFR>
        <CWH>0.10000004553232306</CWH>
        <CFGlacier>1</CFGlacier>
        <CFSlope>1</CFSlope>
        <FC>70.050566802424854</FC>
        <LP>0.71842272471639468</LP>
        <BETA>5.9998588701079161</BETA>
      </SubCatchmentVegetationZoneParameters>
    </SubCatchmentVegetationZone>
  </SubCatchment>
</Catchment>