<?xml version="1.0" encoding="utf-8"?>
<Catchment xmlns:xsi="http://www.w3.org/2001/XMLSchema-instance" xmlns:xsd="http://www.w3.org/2001/XMLSchema">
  <CatchmentParameters>
    <KSI>0.001</KSI>
    <KGmin>0.05</KGmin>
    <RangeKG>0.1</RangeKG>
    <AG>0.1</AG>
    <PERC>2.1641088306146026</PERC>
    <Alpha>0</Alpha>
    <UZL>76.2944879230379</UZL>
    <K0>0.32297308069694997</K0>
    <K1>0.10427954465128204</K1>
    <K2>0.043730943645151781</K2>
    <MAXBAS>1</MAXBAS>
    <Cet>0</Cet>
    <PCALT>10</PCALT>
    <TCALT>0.6</TCALT>
    <Pelev>601.5</Pelev>
    <Telev>601.5</Telev>
    <PART>0.5</PART>
    <DELAY>1</DELAY>
  </CatchmentParameters>
  <VegetationZone>
    <VegetationZoneParameters>
      <TT>-1.8500054572375573</TT>
      <CFMAX>1.6244694165248723</CFMAX>
      <SP>0</SP>
      <SFCF>0.95743308818324113</SFCF>
      <CFR>0.0087429061452081978</CFR>
      <CWH>0.10000010178935248</CWH>
      <CFGlacier>1</CFGlacier>
      <CFSlope>1</CFSlope>
      <FC>113.99587988284729</FC>
      <LP>0.52306462417478417</LP>
      <BETA>4.1416915557605574</BETA>
    </VegetationZoneParameters>
  </VegetationZone>
  <SubCatchment>
    <SubCatchmentParameters>
      <KSI>0.001</KSI>
      <KGmin>0.05</KGmin>
      <RangeKG>0.1</RangeKG>
      <AG>0.1</AG>
      <PERC>2.1641088306146026</PERC>
      <Alpha>0</Alpha>
      <UZL>76.2944879230379</UZL>
      <K0>0.32297308069694997</K0>
      <K1>0.10427954465128204</K1>
      <K2>0.043730943645151781</K2>
      <MAXBAS>1</MAXBAS>
      <Cet>0</Cet>
      <PCALT>10</PCALT>
      <TCALT>0.6</TCALT>
      <Pelev>601.5</Pelev>
      <Telev>601.5</Telev>
      <PART>0.5</PART>
      <DELAY>1</DELAY>
    </SubCatchmentParameters>
    <SubCatchmentVegetationZone>
      <SubCatchmentVegetationZoneParameters>
        <TT>-1.8500054572375573</TT>
        <CFMAX>1.6244694165248723</CFMAX>
        <SP>0</SP>
        <SFCF>0.95743308818324113</SFCF>
        <CFR>0.0087429061452081978</CFR>
        <CWH>0.10000010178935248</CWH>
        <CFGlacier>1</CFGlacier>
        <CFSlope>1</CFSlope>
        <FC>113.99587988284729</FC>
        <LP>0.52306462417478417</LP>
        <BETA>4.1416915557605574</BETA>
      </SubCatchmentVegetationZoneParameters>
    </SubCatchmentVegetationZone>
  </SubCatchment>
</Catchment>