<?xml version="1.0" encoding="utf-8"?>
<Catchment xmlns:xsi="http://www.w3.org/2001/XMLSchema-instance" xmlns:xsd="http://www.w3.org/2001/XMLSchema">
  <CatchmentParameters>
    <KSI>0.001</KSI>
    <KGmin>0.05</KGmin>
    <RangeKG>0.1</RangeKG>
    <AG>0.1</AG>
    <PERC>8.8674307100369862</PERC>
    <Alpha>0</Alpha>
    <UZL>136.04216634252688</UZL>
    <K0>0.513769622380864</K0>
    <K1>0.27778499548279506</K1>
    <K2>0.093621313082419846</K2>
    <MAXBAS>1.1511711694741413</MAXBAS>
    <Cet>0</Cet>
    <PCALT>10</PCALT>
    <TCALT>0.6</TCALT>
    <Pelev>601.5</Pelev>
    <Telev>601.5</Telev>
    <PART>0.5</PART>
    <DELAY>1</DELAY>
  </CatchmentParameters>
  <VegetationZone>
    <VegetationZoneParameters>
      <TT>-0.18807796875529978</TT>
      <CFMAX>2.1009726501081221</CFMAX>
      <SP>0</SP>
      <SFCF>0.61256894479901591</SFCF>
      <CFR>0.032714020450185878</CFR>
      <CWH>0.10000005719619302</CWH>
      <CFGlacier>1</CFGlacier>
      <CFSlope>1</CFSlope>
      <FC>177.86499341536953</FC>
      <LP>0.89913151572993855</LP>
      <BETA>4.8001238403543152</BETA>
    </VegetationZoneParameters>
  </VegetationZone>
  <SubCatchment>
    <SubCatchmentParameters>
      <KSI>0.001</KSI>
      <KGmin>0.05</KGmin>
      <RangeKG>0.1</RangeKG>
      <AG>0.1</AG>
      <PERC>8.8674307100369862</PERC>
      <Alpha>0</Alpha>
      <UZL>136.04216634252688</UZL>
      <K0>0.513769622380864</K0>
      <K1>0.27778499548279506</K1>
      <K2>0.093621313082419846</K2>
      <MAXBAS>1.1511711694741413</MAXBAS>
      <Cet>0</Cet>
      <PCALT>10</PCALT>
      <TCALT>0.6</TCALT>
      <Pelev>601.5</Pelev>
      <Telev>601.5</Telev>
      <PART>0.5</PART>
      <DELAY>1</DELAY>
    </SubCatchmentParameters>
    <SubCatchmentVegetationZone>
      <SubCatchmentVegetationZoneParameters>
        <TT>-0.18807796875529978</TT>
        <CFMAX>2.1009726501081221</CFMAX>
        <SP>0</SP>
        <SFCF>0.61256894479901591</SFCF>
        <CFR>0.032714020450185878</CFR>
        <CWH>0.10000005719619302</CWH>
        <CFGlacier>1</CFGlacier>
        <CFSlope>1</CFSlope>
        <FC>177.86499341536953</FC>
        <LP>0.89913151572993855</LP>
        <BETA>4.8001238403543152</BETA>
      </SubCatchmentVegetationZoneParameters>
    </SubCatchmentVegetationZone>
  </SubCatchment>
</Catchment>