<?xml version="1.0" encoding="utf-8"?>
<Catchment xmlns:xsi="http://www.w3.org/2001/XMLSchema-instance" xmlns:xsd="http://www.w3.org/2001/XMLSchema">
  <CatchmentParameters>
    <KSI>0.001</KSI>
    <KGmin>0.05</KGmin>
    <RangeKG>0.1</RangeKG>
    <AG>0.1</AG>
    <PERC>4.461933505767071</PERC>
    <Alpha>0</Alpha>
    <UZL>156.72131150866784</UZL>
    <K0>0.39005900400525667</K0>
    <K1>0.170274235119434</K1>
    <K2>0.049190269117065061</K2>
    <MAXBAS>1.0000041321936071</MAXBAS>
    <Cet>0</Cet>
    <PCALT>10</PCALT>
    <TCALT>0.6</TCALT>
    <Pelev>601.5</Pelev>
    <Telev>601.5</Telev>
    <PART>0.5</PART>
    <DELAY>1</DELAY>
  </CatchmentParameters>
  <VegetationZone>
    <VegetationZoneParameters>
      <TT>-0.50000055389267217</TT>
      <CFMAX>2.3236345139102017</CFMAX>
      <SP>0</SP>
      <SFCF>0.73553629704565437</SFCF>
      <CFR>0.036481942815153365</CFR>
      <CWH>0.10000023144107405</CWH>
      <CFGlacier>1</CFGlacier>
      <CFSlope>1</CFSlope>
      <FC>115.72716758127369</FC>
      <LP>0.69329632995846491</LP>
      <BETA>3.2901799912439587</BETA>
    </VegetationZoneParameters>
  </VegetationZone>
  <SubCatchment>
    <SubCatchmentParameters>
      <KSI>0.001</KSI>
      <KGmin>0.05</KGmin>
      <RangeKG>0.1</RangeKG>
      <AG>0.1</AG>
      <PERC>4.461933505767071</PERC>
      <Alpha>0</Alpha>
      <UZL>156.72131150866784</UZL>
      <K0>0.39005900400525667</K0>
      <K1>0.170274235119434</K1>
      <K2>0.049190269117065061</K2>
      <MAXBAS>1.0000041321936071</MAXBAS>
      <Cet>0</Cet>
      <PCALT>10</PCALT>
      <TCALT>0.6</TCALT>
      <Pelev>601.5</Pelev>
      <Telev>601.5</Telev>
      <PART>0.5</PART>
      <DELAY>1</DELAY>
    </SubCatchmentParameters>
    <SubCatchmentVegetationZone>
      <SubCatchmentVegetationZoneParameters>
        <TT>-0.50000055389267217</TT>
        <CFMAX>2.3236345139102017</CFMAX>
        <SP>0</SP>
        <SFCF>0.73553629704565437</SFCF>
        <CFR>0.036481942815153365</CFR>
        <CWH>0.10000023144107405</CWH>
        <CFGlacier>1</CFGlacier>
        <CFSlope>1</CFSlope>
        <FC>115.72716758127369</FC>
        <LP>0.69329632995846491</LP>
        <BETA>3.2901799912439587</BETA>
      </SubCatchmentVegetationZoneParameters>
    </SubCatchmentVegetationZone>
  </SubCatchment>
</Catchment>