<?xml version="1.0" encoding="utf-8"?>
<Catchment xmlns:xsi="http://www.w3.org/2001/XMLSchema-instance" xmlns:xsd="http://www.w3.org/2001/XMLSchema">
  <CatchmentParameters>
    <KSI>0.001</KSI>
    <KGmin>0.05</KGmin>
    <RangeKG>0.1</RangeKG>
    <AG>0.1</AG>
    <PERC>7.3445291438915286</PERC>
    <Alpha>0</Alpha>
    <UZL>107.99861166138622</UZL>
    <K0>0.51367442346437375</K0>
    <K1>0.21259361674966884</K1>
    <K2>0.0725159300635819</K2>
    <MAXBAS>1.0000313569146908</MAXBAS>
    <Cet>0</Cet>
    <PCALT>10</PCALT>
    <TCALT>0.6</TCALT>
    <Pelev>601.5</Pelev>
    <Telev>601.5</Telev>
    <PART>0.5</PART>
    <DELAY>1</DELAY>
  </CatchmentParameters>
  <VegetationZone>
    <VegetationZoneParameters>
      <TT>-0.62478241078868046</TT>
      <CFMAX>2.209467187861565</CFMAX>
      <SP>0</SP>
      <SFCF>0.71847390466491445</SFCF>
      <CFR>0.057503937802896532</CFR>
      <CWH>0.10000033193006218</CWH>
      <CFGlacier>1</CFGlacier>
      <CFSlope>1</CFSlope>
      <FC>101.98074694343239</FC>
      <LP>0.60175218990747825</LP>
      <BETA>2.6197299514650956</BETA>
    </VegetationZoneParameters>
  </VegetationZone>
  <SubCatchment>
    <SubCatchmentParameters>
      <KSI>0.001</KSI>
      <KGmin>0.05</KGmin>
      <RangeKG>0.1</RangeKG>
      <AG>0.1</AG>
      <PERC>7.3445291438915286</PERC>
      <Alpha>0</Alpha>
      <UZL>107.99861166138622</UZL>
      <K0>0.51367442346437375</K0>
      <K1>0.21259361674966884</K1>
      <K2>0.0725159300635819</K2>
      <MAXBAS>1.0000313569146908</MAXBAS>
      <Cet>0</Cet>
      <PCALT>10</PCALT>
      <TCALT>0.6</TCALT>
      <Pelev>601.5</Pelev>
      <Telev>601.5</Telev>
      <PART>0.5</PART>
      <DELAY>1</DELAY>
    </SubCatchmentParameters>
    <SubCatchmentVegetationZone>
      <SubCatchmentVegetationZoneParameters>
        <TT>-0.62478241078868046</TT>
        <CFMAX>2.209467187861565</CFMAX>
        <SP>0</SP>
        <SFCF>0.71847390466491445</SFCF>
        <CFR>0.057503937802896532</CFR>
        <CWH>0.10000033193006218</CWH>
        <CFGlacier>1</CFGlacier>
        <CFSlope>1</CFSlope>
        <FC>101.98074694343239</FC>
        <LP>0.60175218990747825</LP>
        <BETA>2.6197299514650956</BETA>
      </SubCatchmentVegetationZoneParameters>
    </SubCatchmentVegetationZone>
  </SubCatchment>
</Catchment>