<?xml version="1.0" encoding="utf-8"?>
<Catchment xmlns:xsi="http://www.w3.org/2001/XMLSchema-instance" xmlns:xsd="http://www.w3.org/2001/XMLSchema">
  <CatchmentParameters>
    <KSI>0.001</KSI>
    <KGmin>0.05</KGmin>
    <RangeKG>0.1</RangeKG>
    <AG>0.1</AG>
    <PERC>9.9999001859032983</PERC>
    <Alpha>0</Alpha>
    <UZL>99.32641751137669</UZL>
    <K0>0.49873159950722495</K0>
    <K1>0.28424789988032334</K1>
    <K2>0.082462639989197881</K2>
    <MAXBAS>1.2318704936668699</MAXBAS>
    <Cet>0</Cet>
    <PCALT>10</PCALT>
    <TCALT>0.6</TCALT>
    <Pelev>601.5</Pelev>
    <Telev>601.5</Telev>
    <PART>0.5</PART>
    <DELAY>1</DELAY>
  </CatchmentParameters>
  <VegetationZone>
    <VegetationZoneParameters>
      <TT>-0.941222665384614</TT>
      <CFMAX>1.9765809927093276</CFMAX>
      <SP>0</SP>
      <SFCF>0.75144900884274413</SFCF>
      <CFR>0.042930590008912639</CFR>
      <CWH>0.10000000066838161</CWH>
      <CFGlacier>1</CFGlacier>
      <CFSlope>1</CFSlope>
      <FC>163.0426901738239</FC>
      <LP>0.89929046813713376</LP>
      <BETA>5.1105777698384305</BETA>
    </VegetationZoneParameters>
  </VegetationZone>
  <SubCatchment>
    <SubCatchmentParameters>
      <KSI>0.001</KSI>
      <KGmin>0.05</KGmin>
      <RangeKG>0.1</RangeKG>
      <AG>0.1</AG>
      <PERC>9.9999001859032983</PERC>
      <Alpha>0</Alpha>
      <UZL>99.32641751137669</UZL>
      <K0>0.49873159950722495</K0>
      <K1>0.28424789988032334</K1>
      <K2>0.082462639989197881</K2>
      <MAXBAS>1.2318704936668699</MAXBAS>
      <Cet>0</Cet>
      <PCALT>10</PCALT>
      <TCALT>0.6</TCALT>
      <Pelev>601.5</Pelev>
      <Telev>601.5</Telev>
      <PART>0.5</PART>
      <DELAY>1</DELAY>
    </SubCatchmentParameters>
    <SubCatchmentVegetationZone>
      <SubCatchmentVegetationZoneParameters>
        <TT>-0.941222665384614</TT>
        <CFMAX>1.9765809927093276</CFMAX>
        <SP>0</SP>
        <SFCF>0.75144900884274413</SFCF>
        <CFR>0.042930590008912639</CFR>
        <CWH>0.10000000066838161</CWH>
        <CFGlacier>1</CFGlacier>
        <CFSlope>1</CFSlope>
        <FC>163.0426901738239</FC>
        <LP>0.89929046813713376</LP>
        <BETA>5.1105777698384305</BETA>
      </SubCatchmentVegetationZoneParameters>
    </SubCatchmentVegetationZone>
  </SubCatchment>
</Catchment>