<?xml version="1.0" encoding="utf-8"?>
<Catchment xmlns:xsi="http://www.w3.org/2001/XMLSchema-instance" xmlns:xsd="http://www.w3.org/2001/XMLSchema">
  <CatchmentParameters>
    <KSI>0.001</KSI>
    <KGmin>0.05</KGmin>
    <RangeKG>0.1</RangeKG>
    <AG>0.1</AG>
    <PERC>7.352892750994152</PERC>
    <Alpha>0</Alpha>
    <UZL>179.74292509891913</UZL>
    <K0>0.41387865330468782</K0>
    <K1>0.19140975102657984</K1>
    <K2>0.064080633967128667</K2>
    <MAXBAS>1.000000189976473</MAXBAS>
    <Cet>0</Cet>
    <PCALT>10</PCALT>
    <TCALT>0.6</TCALT>
    <Pelev>601.5</Pelev>
    <Telev>601.5</Telev>
    <PART>0.5</PART>
    <DELAY>1</DELAY>
  </CatchmentParameters>
  <VegetationZone>
    <VegetationZoneParameters>
      <TT>-0.5109185967942087</TT>
      <CFMAX>2.4216942886987574</CFMAX>
      <SP>0</SP>
      <SFCF>0.72435849430110433</SFCF>
      <CFR>0.061847819176518694</CFR>
      <CWH>0.12341329186574844</CWH>
      <CFGlacier>1</CFGlacier>
      <CFSlope>1</CFSlope>
      <FC>126.59036037320261</FC>
      <LP>0.859603888377542</LP>
      <BETA>5.3576307518093866</BETA>
    </VegetationZoneParameters>
  </VegetationZone>
  <SubCatchment>
    <SubCatchmentParameters>
      <KSI>0.001</KSI>
      <KGmin>0.05</KGmin>
      <RangeKG>0.1</RangeKG>
      <AG>0.1</AG>
      <PERC>7.352892750994152</PERC>
      <Alpha>0</Alpha>
      <UZL>179.74292509891913</UZL>
      <K0>0.41387865330468782</K0>
      <K1>0.19140975102657984</K1>
      <K2>0.064080633967128667</K2>
      <MAXBAS>1.000000189976473</MAXBAS>
      <Cet>0</Cet>
      <PCALT>10</PCALT>
      <TCALT>0.6</TCALT>
      <Pelev>601.5</Pelev>
      <Telev>601.5</Telev>
      <PART>0.5</PART>
      <DELAY>1</DELAY>
    </SubCatchmentParameters>
    <SubCatchmentVegetationZone>
      <SubCatchmentVegetationZoneParameters>
        <TT>-0.5109185967942087</TT>
        <CFMAX>2.4216942886987574</CFMAX>
        <SP>0</SP>
        <SFCF>0.72435849430110433</SFCF>
        <CFR>0.061847819176518694</CFR>
        <CWH>0.12341329186574844</CWH>
        <CFGlacier>1</CFGlacier>
        <CFSlope>1</CFSlope>
        <FC>126.59036037320261</FC>
        <LP>0.859603888377542</LP>
        <BETA>5.3576307518093866</BETA>
      </SubCatchmentVegetationZoneParameters>
    </SubCatchmentVegetationZone>
  </SubCatchment>
</Catchment>