<?xml version="1.0" encoding="utf-8"?>
<Catchment xmlns:xsi="http://www.w3.org/2001/XMLSchema-instance" xmlns:xsd="http://www.w3.org/2001/XMLSchema">
  <CatchmentParameters>
    <KSI>0.001</KSI>
    <KGmin>0.05</KGmin>
    <RangeKG>0.1</RangeKG>
    <AG>0.1</AG>
    <PERC>3.0647213083160469</PERC>
    <Alpha>0</Alpha>
    <UZL>63.233542291269139</UZL>
    <K0>0.35638762761728765</K0>
    <K1>0.11851515610839036</K1>
    <K2>0.04537585976704131</K2>
    <MAXBAS>1</MAXBAS>
    <Cet>0</Cet>
    <PCALT>10</PCALT>
    <TCALT>0.6</TCALT>
    <Pelev>601.5</Pelev>
    <Telev>601.5</Telev>
    <PART>0.5</PART>
    <DELAY>1</DELAY>
  </CatchmentParameters>
  <VegetationZone>
    <VegetationZoneParameters>
      <TT>-1.5000012887010754</TT>
      <CFMAX>1.6426659580526521</CFMAX>
      <SP>0</SP>
      <SFCF>0.89930185885891367</SFCF>
      <CFR>2.7316801783538557E-07</CFR>
      <CWH>0.10000009146952847</CWH>
      <CFGlacier>1</CFGlacier>
      <CFSlope>1</CFSlope>
      <FC>88.951908654262866</FC>
      <LP>0.545268722310757</LP>
      <BETA>4.5997826031865783</BETA>
    </VegetationZoneParameters>
  </VegetationZone>
  <SubCatchment>
    <SubCatchmentParameters>
      <KSI>0.001</KSI>
      <KGmin>0.05</KGmin>
      <RangeKG>0.1</RangeKG>
      <AG>0.1</AG>
      <PERC>3.0647213083160469</PERC>
      <Alpha>0</Alpha>
      <UZL>63.233542291269139</UZL>
      <K0>0.35638762761728765</K0>
      <K1>0.11851515610839036</K1>
      <K2>0.04537585976704131</K2>
      <MAXBAS>1</MAXBAS>
      <Cet>0</Cet>
      <PCALT>10</PCALT>
      <TCALT>0.6</TCALT>
      <Pelev>601.5</Pelev>
      <Telev>601.5</Telev>
      <PART>0.5</PART>
      <DELAY>1</DELAY>
    </SubCatchmentParameters>
    <SubCatchmentVegetationZone>
      <SubCatchmentVegetationZoneParameters>
        <TT>-1.5000012887010754</TT>
        <CFMAX>1.6426659580526521</CFMAX>
        <SP>0</SP>
        <SFCF>0.89930185885891367</SFCF>
        <CFR>2.7316801783538557E-07</CFR>
        <CWH>0.10000009146952847</CWH>
        <CFGlacier>1</CFGlacier>
        <CFSlope>1</CFSlope>
        <FC>88.951908654262866</FC>
        <LP>0.545268722310757</LP>
        <BETA>4.5997826031865783</BETA>
      </SubCatchmentVegetationZoneParameters>
    </SubCatchmentVegetationZone>
  </SubCatchment>
</Catchment>