<?xml version="1.0" encoding="utf-8"?>
<Catchment xmlns:xsi="http://www.w3.org/2001/XMLSchema-instance" xmlns:xsd="http://www.w3.org/2001/XMLSchema">
  <CatchmentParameters>
    <KSI>0.001</KSI>
    <KGmin>0.05</KGmin>
    <RangeKG>0.1</RangeKG>
    <AG>0.1</AG>
    <PERC>3.7296046561092986</PERC>
    <Alpha>0</Alpha>
    <UZL>46.913683932478</UZL>
    <K0>0.25933400675294943</K0>
    <K1>0.1226650530694172</K1>
    <K2>0.050086778937965488</K2>
    <MAXBAS>1</MAXBAS>
    <Cet>0</Cet>
    <PCALT>10</PCALT>
    <TCALT>0.6</TCALT>
    <Pelev>601.5</Pelev>
    <Telev>601.5</Telev>
    <PART>0.5</PART>
    <DELAY>1</DELAY>
  </CatchmentParameters>
  <VegetationZone>
    <VegetationZoneParameters>
      <TT>-2.0000033739963734</TT>
      <CFMAX>1.3769911734883913</CFMAX>
      <SP>0</SP>
      <SFCF>0.88106305376322824</SFCF>
      <CFR>0.04486205497121986</CFR>
      <CWH>0.10000052196826885</CWH>
      <CFGlacier>1</CFGlacier>
      <CFSlope>1</CFSlope>
      <FC>99.306455952212829</FC>
      <LP>0.61574077721076159</LP>
      <BETA>4.6535886626732266</BETA>
    </VegetationZoneParameters>
  </VegetationZone>
  <SubCatchment>
    <SubCatchmentParameters>
      <KSI>0.001</KSI>
      <KGmin>0.05</KGmin>
      <RangeKG>0.1</RangeKG>
      <AG>0.1</AG>
      <PERC>3.7296046561092986</PERC>
      <Alpha>0</Alpha>
      <UZL>46.913683932478</UZL>
      <K0>0.25933400675294943</K0>
      <K1>0.1226650530694172</K1>
      <K2>0.050086778937965488</K2>
      <MAXBAS>1</MAXBAS>
      <Cet>0</Cet>
      <PCALT>10</PCALT>
      <TCALT>0.6</TCALT>
      <Pelev>601.5</Pelev>
      <Telev>601.5</Telev>
      <PART>0.5</PART>
      <DELAY>1</DELAY>
    </SubCatchmentParameters>
    <SubCatchmentVegetationZone>
      <SubCatchmentVegetationZoneParameters>
        <TT>-2.0000033739963734</TT>
        <CFMAX>1.3769911734883913</CFMAX>
        <SP>0</SP>
        <SFCF>0.88106305376322824</SFCF>
        <CFR>0.04486205497121986</CFR>
        <CWH>0.10000052196826885</CWH>
        <CFGlacier>1</CFGlacier>
        <CFSlope>1</CFSlope>
        <FC>99.306455952212829</FC>
        <LP>0.61574077721076159</LP>
        <BETA>4.6535886626732266</BETA>
      </SubCatchmentVegetationZoneParameters>
    </SubCatchmentVegetationZone>
  </SubCatchment>
</Catchment>