<?xml version="1.0" encoding="utf-8"?>
<Catchment xmlns:xsi="http://www.w3.org/2001/XMLSchema-instance" xmlns:xsd="http://www.w3.org/2001/XMLSchema">
  <CatchmentParameters>
    <KSI>0.001</KSI>
    <KGmin>0.05</KGmin>
    <RangeKG>0.1</RangeKG>
    <AG>0.1</AG>
    <PERC>4.787825519120287</PERC>
    <Alpha>0</Alpha>
    <UZL>137.75683184570036</UZL>
    <K0>0.050015839553083558</K0>
    <K1>0.15145807393456445</K1>
    <K2>0.048113345745857461</K2>
    <MAXBAS>1</MAXBAS>
    <Cet>0</Cet>
    <PCALT>10</PCALT>
    <TCALT>0.6</TCALT>
    <Pelev>601.5</Pelev>
    <Telev>601.5</Telev>
    <PART>0.5</PART>
    <DELAY>1</DELAY>
  </CatchmentParameters>
  <VegetationZone>
    <VegetationZoneParameters>
      <TT>-0.87960189061685989</TT>
      <CFMAX>2.3814471457586794</CFMAX>
      <SP>0</SP>
      <SFCF>0.90831446012232708</SFCF>
      <CFR>0.0082063584621425122</CFR>
      <CWH>0.10000010612241302</CWH>
      <CFGlacier>1</CFGlacier>
      <CFSlope>1</CFSlope>
      <FC>110.37613659342847</FC>
      <LP>0.6773844741555165</LP>
      <BETA>5.4550692035763184</BETA>
    </VegetationZoneParameters>
  </VegetationZone>
  <SubCatchment>
    <SubCatchmentParameters>
      <KSI>0.001</KSI>
      <KGmin>0.05</KGmin>
      <RangeKG>0.1</RangeKG>
      <AG>0.1</AG>
      <PERC>4.787825519120287</PERC>
      <Alpha>0</Alpha>
      <UZL>137.75683184570036</UZL>
      <K0>0.050015839553083558</K0>
      <K1>0.15145807393456445</K1>
      <K2>0.048113345745857461</K2>
      <MAXBAS>1</MAXBAS>
      <Cet>0</Cet>
      <PCALT>10</PCALT>
      <TCALT>0.6</TCALT>
      <Pelev>601.5</Pelev>
      <Telev>601.5</Telev>
      <PART>0.5</PART>
      <DELAY>1</DELAY>
    </SubCatchmentParameters>
    <SubCatchmentVegetationZone>
      <SubCatchmentVegetationZoneParameters>
        <TT>-0.87960189061685989</TT>
        <CFMAX>2.3814471457586794</CFMAX>
        <SP>0</SP>
        <SFCF>0.90831446012232708</SFCF>
        <CFR>0.0082063584621425122</CFR>
        <CWH>0.10000010612241302</CWH>
        <CFGlacier>1</CFGlacier>
        <CFSlope>1</CFSlope>
        <FC>110.37613659342847</FC>
        <LP>0.6773844741555165</LP>
        <BETA>5.4550692035763184</BETA>
      </SubCatchmentVegetationZoneParameters>
    </SubCatchmentVegetationZone>
  </SubCatchment>
</Catchment>