<?xml version="1.0" encoding="utf-8"?>
<Catchment xmlns:xsi="http://www.w3.org/2001/XMLSchema-instance" xmlns:xsd="http://www.w3.org/2001/XMLSchema">
  <CatchmentParameters>
    <KSI>0.001</KSI>
    <KGmin>0.05</KGmin>
    <RangeKG>0.1</RangeKG>
    <AG>0.1</AG>
    <PERC>5.0126986634196333</PERC>
    <Alpha>0</Alpha>
    <UZL>92.9329182143234</UZL>
    <K0>0.20768826095085743</K0>
    <K1>0.15298043235773395</K1>
    <K2>0.053386077047951674</K2>
    <MAXBAS>1</MAXBAS>
    <Cet>0</Cet>
    <PCALT>10</PCALT>
    <TCALT>0.6</TCALT>
    <Pelev>601.5</Pelev>
    <Telev>601.5</Telev>
    <PART>0.5</PART>
    <DELAY>1</DELAY>
  </CatchmentParameters>
  <VegetationZone>
    <VegetationZoneParameters>
      <TT>-0.81288717638720243</TT>
      <CFMAX>2.3056845684824538</CFMAX>
      <SP>0</SP>
      <SFCF>0.90753800431071241</SFCF>
      <CFR>8.4695076007054239E-09</CFR>
      <CWH>0.10000002442546029</CWH>
      <CFGlacier>1</CFGlacier>
      <CFSlope>1</CFSlope>
      <FC>143.63573675474709</FC>
      <LP>0.76453004000482838</LP>
      <BETA>5.9999632932715858</BETA>
    </VegetationZoneParameters>
  </VegetationZone>
  <SubCatchment>
    <SubCatchmentParameters>
      <KSI>0.001</KSI>
      <KGmin>0.05</KGmin>
      <RangeKG>0.1</RangeKG>
      <AG>0.1</AG>
      <PERC>5.0126986634196333</PERC>
      <Alpha>0</Alpha>
      <UZL>92.9329182143234</UZL>
      <K0>0.20768826095085743</K0>
      <K1>0.15298043235773395</K1>
      <K2>0.053386077047951674</K2>
      <MAXBAS>1</MAXBAS>
      <Cet>0</Cet>
      <PCALT>10</PCALT>
      <TCALT>0.6</TCALT>
      <Pelev>601.5</Pelev>
      <Telev>601.5</Telev>
      <PART>0.5</PART>
      <DELAY>1</DELAY>
    </SubCatchmentParameters>
    <SubCatchmentVegetationZone>
      <SubCatchmentVegetationZoneParameters>
        <TT>-0.81288717638720243</TT>
        <CFMAX>2.3056845684824538</CFMAX>
        <SP>0</SP>
        <SFCF>0.90753800431071241</SFCF>
        <CFR>8.4695076007054239E-09</CFR>
        <CWH>0.10000002442546029</CWH>
        <CFGlacier>1</CFGlacier>
        <CFSlope>1</CFSlope>
        <FC>143.63573675474709</FC>
        <LP>0.76453004000482838</LP>
        <BETA>5.9999632932715858</BETA>
      </SubCatchmentVegetationZoneParameters>
    </SubCatchmentVegetationZone>
  </SubCatchment>
</Catchment>