<?xml version="1.0" encoding="utf-8"?>
<Catchment xmlns:xsi="http://www.w3.org/2001/XMLSchema-instance" xmlns:xsd="http://www.w3.org/2001/XMLSchema">
  <CatchmentParameters>
    <KSI>0.001</KSI>
    <KGmin>0.05</KGmin>
    <RangeKG>0.1</RangeKG>
    <AG>0.1</AG>
    <PERC>9.2064139171834629</PERC>
    <Alpha>0</Alpha>
    <UZL>140.15670809758467</UZL>
    <K0>0.54936697498568643</K0>
    <K1>0.18646436368094993</K1>
    <K2>0.072872522645000187</K2>
    <MAXBAS>1.0049786635531088</MAXBAS>
    <Cet>0</Cet>
    <PCALT>10</PCALT>
    <TCALT>0.6</TCALT>
    <Pelev>601.5</Pelev>
    <Telev>601.5</Telev>
    <PART>0.5</PART>
    <DELAY>1</DELAY>
  </CatchmentParameters>
  <VegetationZone>
    <VegetationZoneParameters>
      <TT>-0.84397511889193844</TT>
      <CFMAX>2.5045979999564483</CFMAX>
      <SP>0</SP>
      <SFCF>0.87473555754903987</SFCF>
      <CFR>0.046750730218402176</CFR>
      <CWH>0.10000000000559486</CWH>
      <CFGlacier>1</CFGlacier>
      <CFSlope>1</CFSlope>
      <FC>108.53836973839967</FC>
      <LP>0.38005083892363339</LP>
      <BETA>1.6458772475103773</BETA>
    </VegetationZoneParameters>
  </VegetationZone>
  <SubCatchment>
    <SubCatchmentParameters>
      <KSI>0.001</KSI>
      <KGmin>0.05</KGmin>
      <RangeKG>0.1</RangeKG>
      <AG>0.1</AG>
      <PERC>9.2064139171834629</PERC>
      <Alpha>0</Alpha>
      <UZL>140.15670809758467</UZL>
      <K0>0.54936697498568643</K0>
      <K1>0.18646436368094993</K1>
      <K2>0.072872522645000187</K2>
      <MAXBAS>1.0049786635531088</MAXBAS>
      <Cet>0</Cet>
      <PCALT>10</PCALT>
      <TCALT>0.6</TCALT>
      <Pelev>601.5</Pelev>
      <Telev>601.5</Telev>
      <PART>0.5</PART>
      <DELAY>1</DELAY>
    </SubCatchmentParameters>
    <SubCatchmentVegetationZone>
      <SubCatchmentVegetationZoneParameters>
        <TT>-0.84397511889193844</TT>
        <CFMAX>2.5045979999564483</CFMAX>
        <SP>0</SP>
        <SFCF>0.87473555754903987</SFCF>
        <CFR>0.046750730218402176</CFR>
        <CWH>0.10000000000559486</CWH>
        <CFGlacier>1</CFGlacier>
        <CFSlope>1</CFSlope>
        <FC>108.53836973839967</FC>
        <LP>0.38005083892363339</LP>
        <BETA>1.6458772475103773</BETA>
      </SubCatchmentVegetationZoneParameters>
    </SubCatchmentVegetationZone>
  </SubCatchment>
</Catchment>