<?xml version="1.0" encoding="utf-8"?>
<Catchment xmlns:xsi="http://www.w3.org/2001/XMLSchema-instance" xmlns:xsd="http://www.w3.org/2001/XMLSchema">
  <CatchmentParameters>
    <KSI>0.001</KSI>
    <KGmin>0.05</KGmin>
    <RangeKG>0.1</RangeKG>
    <AG>0.1</AG>
    <PERC>4.1686386837997755</PERC>
    <Alpha>0</Alpha>
    <UZL>68.837378440088344</UZL>
    <K0>0.3320050023993279</K0>
    <K1>0.11292467379470293</K1>
    <K2>0.057771673525783059</K2>
    <MAXBAS>1</MAXBAS>
    <Cet>0</Cet>
    <PCALT>10</PCALT>
    <TCALT>0.6</TCALT>
    <Pelev>601.5</Pelev>
    <Telev>601.5</Telev>
    <PART>0.5</PART>
    <DELAY>1</DELAY>
  </CatchmentParameters>
  <VegetationZone>
    <VegetationZoneParameters>
      <TT>-2.0000017076595542</TT>
      <CFMAX>1.776813506075942</CFMAX>
      <SP>0</SP>
      <SFCF>0.96143776125947</SFCF>
      <CFR>0.095177080157378746</CFR>
      <CWH>0.1000000001293366</CWH>
      <CFGlacier>1</CFGlacier>
      <CFSlope>1</CFSlope>
      <FC>159.94176134207854</FC>
      <LP>0.73044192266095787</LP>
      <BETA>5.7504901762480474</BETA>
    </VegetationZoneParameters>
  </VegetationZone>
  <SubCatchment>
    <SubCatchmentParameters>
      <KSI>0.001</KSI>
      <KGmin>0.05</KGmin>
      <RangeKG>0.1</RangeKG>
      <AG>0.1</AG>
      <PERC>4.1686386837997755</PERC>
      <Alpha>0</Alpha>
      <UZL>68.837378440088344</UZL>
      <K0>0.3320050023993279</K0>
      <K1>0.11292467379470293</K1>
      <K2>0.057771673525783059</K2>
      <MAXBAS>1</MAXBAS>
      <Cet>0</Cet>
      <PCALT>10</PCALT>
      <TCALT>0.6</TCALT>
      <Pelev>601.5</Pelev>
      <Telev>601.5</Telev>
      <PART>0.5</PART>
      <DELAY>1</DELAY>
    </SubCatchmentParameters>
    <SubCatchmentVegetationZone>
      <SubCatchmentVegetationZoneParameters>
        <TT>-2.0000017076595542</TT>
        <CFMAX>1.776813506075942</CFMAX>
        <SP>0</SP>
        <SFCF>0.96143776125947</SFCF>
        <CFR>0.095177080157378746</CFR>
        <CWH>0.1000000001293366</CWH>
        <CFGlacier>1</CFGlacier>
        <CFSlope>1</CFSlope>
        <FC>159.94176134207854</FC>
        <LP>0.73044192266095787</LP>
        <BETA>5.7504901762480474</BETA>
      </SubCatchmentVegetationZoneParameters>
    </SubCatchmentVegetationZone>
  </SubCatchment>
</Catchment>