<?xml version="1.0" encoding="utf-8"?>
<Catchment xmlns:xsi="http://www.w3.org/2001/XMLSchema-instance" xmlns:xsd="http://www.w3.org/2001/XMLSchema">
  <CatchmentParameters>
    <KSI>0.001</KSI>
    <KGmin>0.05</KGmin>
    <RangeKG>0.1</RangeKG>
    <AG>0.1</AG>
    <PERC>5.874880450945418</PERC>
    <Alpha>0</Alpha>
    <UZL>151.55557518622408</UZL>
    <K0>0.39489323533775983</K0>
    <K1>0.18254496876855572</K1>
    <K2>0.054346401889873927</K2>
    <MAXBAS>1</MAXBAS>
    <Cet>0</Cet>
    <PCALT>10</PCALT>
    <TCALT>0.6</TCALT>
    <Pelev>601.5</Pelev>
    <Telev>601.5</Telev>
    <PART>0.5</PART>
    <DELAY>1</DELAY>
  </CatchmentParameters>
  <VegetationZone>
    <VegetationZoneParameters>
      <TT>-2.0000014946108498</TT>
      <CFMAX>1.6017499631956069</CFMAX>
      <SP>0</SP>
      <SFCF>0.94601512937807741</SFCF>
      <CFR>0.069544975166858009</CFR>
      <CWH>0.10000001756047594</CWH>
      <CFGlacier>1</CFGlacier>
      <CFSlope>1</CFSlope>
      <FC>151.22377788491568</FC>
      <LP>0.708509931939581</LP>
      <BETA>5.6081810099641478</BETA>
    </VegetationZoneParameters>
  </VegetationZone>
  <SubCatchment>
    <SubCatchmentParameters>
      <KSI>0.001</KSI>
      <KGmin>0.05</KGmin>
      <RangeKG>0.1</RangeKG>
      <AG>0.1</AG>
      <PERC>5.874880450945418</PERC>
      <Alpha>0</Alpha>
      <UZL>151.55557518622408</UZL>
      <K0>0.39489323533775983</K0>
      <K1>0.18254496876855572</K1>
      <K2>0.054346401889873927</K2>
      <MAXBAS>1</MAXBAS>
      <Cet>0</Cet>
      <PCALT>10</PCALT>
      <TCALT>0.6</TCALT>
      <Pelev>601.5</Pelev>
      <Telev>601.5</Telev>
      <PART>0.5</PART>
      <DELAY>1</DELAY>
    </SubCatchmentParameters>
    <SubCatchmentVegetationZone>
      <SubCatchmentVegetationZoneParameters>
        <TT>-2.0000014946108498</TT>
        <CFMAX>1.6017499631956069</CFMAX>
        <SP>0</SP>
        <SFCF>0.94601512937807741</SFCF>
        <CFR>0.069544975166858009</CFR>
        <CWH>0.10000001756047594</CWH>
        <CFGlacier>1</CFGlacier>
        <CFSlope>1</CFSlope>
        <FC>151.22377788491568</FC>
        <LP>0.708509931939581</LP>
        <BETA>5.6081810099641478</BETA>
      </SubCatchmentVegetationZoneParameters>
    </SubCatchmentVegetationZone>
  </SubCatchment>
</Catchment>