<?xml version="1.0" encoding="utf-8"?>
<Catchment xmlns:xsi="http://www.w3.org/2001/XMLSchema-instance" xmlns:xsd="http://www.w3.org/2001/XMLSchema">
  <CatchmentParameters>
    <KSI>0.001</KSI>
    <KGmin>0.05</KGmin>
    <RangeKG>0.1</RangeKG>
    <AG>0.1</AG>
    <PERC>9.9999655076303231</PERC>
    <Alpha>0</Alpha>
    <UZL>115.44376849841498</UZL>
    <K0>0.12052192991284359</K0>
    <K1>0.28631154431480749</K1>
    <K2>0.0807465963932786</K2>
    <MAXBAS>1.2446165056315226</MAXBAS>
    <Cet>0</Cet>
    <PCALT>10</PCALT>
    <TCALT>0.6</TCALT>
    <Pelev>601.5</Pelev>
    <Telev>601.5</Telev>
    <PART>0.5</PART>
    <DELAY>1</DELAY>
  </CatchmentParameters>
  <VegetationZone>
    <VegetationZoneParameters>
      <TT>-0.92213319082402312</TT>
      <CFMAX>1.9871032318511661</CFMAX>
      <SP>0</SP>
      <SFCF>0.77044581229988973</SFCF>
      <CFR>0.029810159153697308</CFR>
      <CWH>0.10000001052780566</CWH>
      <CFGlacier>1</CFGlacier>
      <CFSlope>1</CFSlope>
      <FC>120.8862142646359</FC>
      <LP>0.741118803424734</LP>
      <BETA>3.4600109867051962</BETA>
    </VegetationZoneParameters>
  </VegetationZone>
  <SubCatchment>
    <SubCatchmentParameters>
      <KSI>0.001</KSI>
      <KGmin>0.05</KGmin>
      <RangeKG>0.1</RangeKG>
      <AG>0.1</AG>
      <PERC>9.9999655076303231</PERC>
      <Alpha>0</Alpha>
      <UZL>115.44376849841498</UZL>
      <K0>0.12052192991284359</K0>
      <K1>0.28631154431480749</K1>
      <K2>0.0807465963932786</K2>
      <MAXBAS>1.2446165056315226</MAXBAS>
      <Cet>0</Cet>
      <PCALT>10</PCALT>
      <TCALT>0.6</TCALT>
      <Pelev>601.5</Pelev>
      <Telev>601.5</Telev>
      <PART>0.5</PART>
      <DELAY>1</DELAY>
    </SubCatchmentParameters>
    <SubCatchmentVegetationZone>
      <SubCatchmentVegetationZoneParameters>
        <TT>-0.92213319082402312</TT>
        <CFMAX>1.9871032318511661</CFMAX>
        <SP>0</SP>
        <SFCF>0.77044581229988973</SFCF>
        <CFR>0.029810159153697308</CFR>
        <CWH>0.10000001052780566</CWH>
        <CFGlacier>1</CFGlacier>
        <CFSlope>1</CFSlope>
        <FC>120.8862142646359</FC>
        <LP>0.741118803424734</LP>
        <BETA>3.4600109867051962</BETA>
      </SubCatchmentVegetationZoneParameters>
    </SubCatchmentVegetationZone>
  </SubCatchment>
</Catchment>