<?xml version="1.0" encoding="utf-8"?>
<Catchment xmlns:xsi="http://www.w3.org/2001/XMLSchema-instance" xmlns:xsd="http://www.w3.org/2001/XMLSchema">
  <CatchmentParameters>
    <KSI>0.001</KSI>
    <KGmin>0.05</KGmin>
    <RangeKG>0.1</RangeKG>
    <AG>0.1</AG>
    <PERC>9.9999879136110739</PERC>
    <Alpha>0</Alpha>
    <UZL>185.67416781322643</UZL>
    <K0>0.083150727898830337</K0>
    <K1>0.35361307475336334</K1>
    <K2>0.093170372949287775</K2>
    <MAXBAS>1.4397441481752826</MAXBAS>
    <Cet>0</Cet>
    <PCALT>10</PCALT>
    <TCALT>0.6</TCALT>
    <Pelev>601.5</Pelev>
    <Telev>601.5</Telev>
    <PART>0.5</PART>
    <DELAY>1</DELAY>
  </CatchmentParameters>
  <VegetationZone>
    <VegetationZoneParameters>
      <TT>-1.1727262780579331</TT>
      <CFMAX>1.747634132333185</CFMAX>
      <SP>0</SP>
      <SFCF>0.7018874298751373</SFCF>
      <CFR>0.057282917148782073</CFR>
      <CWH>0.1000000362081227</CWH>
      <CFGlacier>1</CFGlacier>
      <CFSlope>1</CFSlope>
      <FC>127.40092607686128</FC>
      <LP>0.64816215217067541</LP>
      <BETA>2.5073365093873523</BETA>
    </VegetationZoneParameters>
  </VegetationZone>
  <SubCatchment>
    <SubCatchmentParameters>
      <KSI>0.001</KSI>
      <KGmin>0.05</KGmin>
      <RangeKG>0.1</RangeKG>
      <AG>0.1</AG>
      <PERC>9.9999879136110739</PERC>
      <Alpha>0</Alpha>
      <UZL>185.67416781322643</UZL>
      <K0>0.083150727898830337</K0>
      <K1>0.35361307475336334</K1>
      <K2>0.093170372949287775</K2>
      <MAXBAS>1.4397441481752826</MAXBAS>
      <Cet>0</Cet>
      <PCALT>10</PCALT>
      <TCALT>0.6</TCALT>
      <Pelev>601.5</Pelev>
      <Telev>601.5</Telev>
      <PART>0.5</PART>
      <DELAY>1</DELAY>
    </SubCatchmentParameters>
    <SubCatchmentVegetationZone>
      <SubCatchmentVegetationZoneParameters>
        <TT>-1.1727262780579331</TT>
        <CFMAX>1.747634132333185</CFMAX>
        <SP>0</SP>
        <SFCF>0.7018874298751373</SFCF>
        <CFR>0.057282917148782073</CFR>
        <CWH>0.1000000362081227</CWH>
        <CFGlacier>1</CFGlacier>
        <CFSlope>1</CFSlope>
        <FC>127.40092607686128</FC>
        <LP>0.64816215217067541</LP>
        <BETA>2.5073365093873523</BETA>
      </SubCatchmentVegetationZoneParameters>
    </SubCatchmentVegetationZone>
  </SubCatchment>
</Catchment>