<?xml version="1.0" encoding="utf-8"?>
<Catchment xmlns:xsi="http://www.w3.org/2001/XMLSchema-instance" xmlns:xsd="http://www.w3.org/2001/XMLSchema">
  <CatchmentParameters>
    <KSI>0.001</KSI>
    <KGmin>0.05</KGmin>
    <RangeKG>0.1</RangeKG>
    <AG>0.1</AG>
    <PERC>7.2822515717315239</PERC>
    <Alpha>0</Alpha>
    <UZL>116.73296493155745</UZL>
    <K0>0.50499772877488469</K0>
    <K1>0.22024687615589353</K1>
    <K2>0.074640154148460064</K2>
    <MAXBAS>1.00009449369598</MAXBAS>
    <Cet>0</Cet>
    <PCALT>10</PCALT>
    <TCALT>0.6</TCALT>
    <Pelev>601.5</Pelev>
    <Telev>601.5</Telev>
    <PART>0.5</PART>
    <DELAY>1</DELAY>
  </CatchmentParameters>
  <VegetationZone>
    <VegetationZoneParameters>
      <TT>-0.54999688025925275</TT>
      <CFMAX>2.1683197678513868</CFMAX>
      <SP>0</SP>
      <SFCF>0.69852239396276428</SFCF>
      <CFR>0.051216050405127035</CFR>
      <CWH>0.10000000433627816</CWH>
      <CFGlacier>1</CFGlacier>
      <CFSlope>1</CFSlope>
      <FC>128.63742590247767</FC>
      <LP>0.77056805545420637</LP>
      <BETA>3.6151921095466788</BETA>
    </VegetationZoneParameters>
  </VegetationZone>
  <SubCatchment>
    <SubCatchmentParameters>
      <KSI>0.001</KSI>
      <KGmin>0.05</KGmin>
      <RangeKG>0.1</RangeKG>
      <AG>0.1</AG>
      <PERC>7.2822515717315239</PERC>
      <Alpha>0</Alpha>
      <UZL>116.73296493155745</UZL>
      <K0>0.50499772877488469</K0>
      <K1>0.22024687615589353</K1>
      <K2>0.074640154148460064</K2>
      <MAXBAS>1.00009449369598</MAXBAS>
      <Cet>0</Cet>
      <PCALT>10</PCALT>
      <TCALT>0.6</TCALT>
      <Pelev>601.5</Pelev>
      <Telev>601.5</Telev>
      <PART>0.5</PART>
      <DELAY>1</DELAY>
    </SubCatchmentParameters>
    <SubCatchmentVegetationZone>
      <SubCatchmentVegetationZoneParameters>
        <TT>-0.54999688025925275</TT>
        <CFMAX>2.1683197678513868</CFMAX>
        <SP>0</SP>
        <SFCF>0.69852239396276428</SFCF>
        <CFR>0.051216050405127035</CFR>
        <CWH>0.10000000433627816</CWH>
        <CFGlacier>1</CFGlacier>
        <CFSlope>1</CFSlope>
        <FC>128.63742590247767</FC>
        <LP>0.77056805545420637</LP>
        <BETA>3.6151921095466788</BETA>
      </SubCatchmentVegetationZoneParameters>
    </SubCatchmentVegetationZone>
  </SubCatchment>
</Catchment>