<?xml version="1.0" encoding="utf-8"?>
<Catchment xmlns:xsi="http://www.w3.org/2001/XMLSchema-instance" xmlns:xsd="http://www.w3.org/2001/XMLSchema">
  <CatchmentParameters>
    <KSI>0.001</KSI>
    <KGmin>0.05</KGmin>
    <RangeKG>0.1</RangeKG>
    <AG>0.1</AG>
    <PERC>8.3197650465643189</PERC>
    <Alpha>0</Alpha>
    <UZL>159.11675615027289</UZL>
    <K0>0.4356480691162985</K0>
    <K1>0.20839900920495394</K1>
    <K2>0.087650187793613527</K2>
    <MAXBAS>1.0000124077704491</MAXBAS>
    <Cet>0</Cet>
    <PCALT>10</PCALT>
    <TCALT>0.6</TCALT>
    <Pelev>601.5</Pelev>
    <Telev>601.5</Telev>
    <PART>0.5</PART>
    <DELAY>1</DELAY>
  </CatchmentParameters>
  <VegetationZone>
    <VegetationZoneParameters>
      <TT>-0.50000147961654506</TT>
      <CFMAX>2.28124484150451</CFMAX>
      <SP>0</SP>
      <SFCF>0.67834418650817518</SFCF>
      <CFR>0.066554130849365331</CFR>
      <CWH>0.12096969118895125</CWH>
      <CFGlacier>1</CFGlacier>
      <CFSlope>1</CFSlope>
      <FC>159.2509638630936</FC>
      <LP>0.86382159794358881</LP>
      <BETA>4.6234774940004613</BETA>
    </VegetationZoneParameters>
  </VegetationZone>
  <SubCatchment>
    <SubCatchmentParameters>
      <KSI>0.001</KSI>
      <KGmin>0.05</KGmin>
      <RangeKG>0.1</RangeKG>
      <AG>0.1</AG>
      <PERC>8.3197650465643189</PERC>
      <Alpha>0</Alpha>
      <UZL>159.11675615027289</UZL>
      <K0>0.4356480691162985</K0>
      <K1>0.20839900920495394</K1>
      <K2>0.087650187793613527</K2>
      <MAXBAS>1.0000124077704491</MAXBAS>
      <Cet>0</Cet>
      <PCALT>10</PCALT>
      <TCALT>0.6</TCALT>
      <Pelev>601.5</Pelev>
      <Telev>601.5</Telev>
      <PART>0.5</PART>
      <DELAY>1</DELAY>
    </SubCatchmentParameters>
    <SubCatchmentVegetationZone>
      <SubCatchmentVegetationZoneParameters>
        <TT>-0.50000147961654506</TT>
        <CFMAX>2.28124484150451</CFMAX>
        <SP>0</SP>
        <SFCF>0.67834418650817518</SFCF>
        <CFR>0.066554130849365331</CFR>
        <CWH>0.12096969118895125</CWH>
        <CFGlacier>1</CFGlacier>
        <CFSlope>1</CFSlope>
        <FC>159.2509638630936</FC>
        <LP>0.86382159794358881</LP>
        <BETA>4.6234774940004613</BETA>
      </SubCatchmentVegetationZoneParameters>
    </SubCatchmentVegetationZone>
  </SubCatchment>
</Catchment>