<?xml version="1.0" encoding="utf-8"?>
<Catchment xmlns:xsi="http://www.w3.org/2001/XMLSchema-instance" xmlns:xsd="http://www.w3.org/2001/XMLSchema">
  <CatchmentParameters>
    <KSI>0.001</KSI>
    <KGmin>0.05</KGmin>
    <RangeKG>0.1</RangeKG>
    <AG>0.1</AG>
    <PERC>4.5896406934664631</PERC>
    <Alpha>0</Alpha>
    <UZL>47.635194205131114</UZL>
    <K0>0.38661279763811174</K0>
    <K1>0.13138230711125434</K1>
    <K2>0.054055137849274744</K2>
    <MAXBAS>1</MAXBAS>
    <Cet>0</Cet>
    <PCALT>10</PCALT>
    <TCALT>0.6</TCALT>
    <Pelev>601.5</Pelev>
    <Telev>601.5</Telev>
    <PART>0.5</PART>
    <DELAY>1</DELAY>
  </CatchmentParameters>
  <VegetationZone>
    <VegetationZoneParameters>
      <TT>-2.4000012552503458</TT>
      <CFMAX>1.2896601261790313</CFMAX>
      <SP>0</SP>
      <SFCF>0.94851860495797469</SFCF>
      <CFR>0.071394629890394912</CFR>
      <CWH>0.10000041754699071</CWH>
      <CFGlacier>1</CFGlacier>
      <CFSlope>1</CFSlope>
      <FC>125.59513255329146</FC>
      <LP>0.55880937499671346</LP>
      <BETA>4.0559784390929705</BETA>
    </VegetationZoneParameters>
  </VegetationZone>
  <SubCatchment>
    <SubCatchmentParameters>
      <KSI>0.001</KSI>
      <KGmin>0.05</KGmin>
      <RangeKG>0.1</RangeKG>
      <AG>0.1</AG>
      <PERC>4.5896406934664631</PERC>
      <Alpha>0</Alpha>
      <UZL>47.635194205131114</UZL>
      <K0>0.38661279763811174</K0>
      <K1>0.13138230711125434</K1>
      <K2>0.054055137849274744</K2>
      <MAXBAS>1</MAXBAS>
      <Cet>0</Cet>
      <PCALT>10</PCALT>
      <TCALT>0.6</TCALT>
      <Pelev>601.5</Pelev>
      <Telev>601.5</Telev>
      <PART>0.5</PART>
      <DELAY>1</DELAY>
    </SubCatchmentParameters>
    <SubCatchmentVegetationZone>
      <SubCatchmentVegetationZoneParameters>
        <TT>-2.4000012552503458</TT>
        <CFMAX>1.2896601261790313</CFMAX>
        <SP>0</SP>
        <SFCF>0.94851860495797469</SFCF>
        <CFR>0.071394629890394912</CFR>
        <CWH>0.10000041754699071</CWH>
        <CFGlacier>1</CFGlacier>
        <CFSlope>1</CFSlope>
        <FC>125.59513255329146</FC>
        <LP>0.55880937499671346</LP>
        <BETA>4.0559784390929705</BETA>
      </SubCatchmentVegetationZoneParameters>
    </SubCatchmentVegetationZone>
  </SubCatchment>
</Catchment>