<?xml version="1.0" encoding="utf-8"?>
<Catchment xmlns:xsi="http://www.w3.org/2001/XMLSchema-instance" xmlns:xsd="http://www.w3.org/2001/XMLSchema">
  <CatchmentParameters>
    <KSI>0.001</KSI>
    <KGmin>0.05</KGmin>
    <RangeKG>0.1</RangeKG>
    <AG>0.1</AG>
    <PERC>8.1465359081421589</PERC>
    <Alpha>0</Alpha>
    <UZL>135.30523344452155</UZL>
    <K0>0.51294350090606056</K0>
    <K1>0.19210410018782315</K1>
    <K2>0.069430196415294354</K2>
    <MAXBAS>1.0049119854540245</MAXBAS>
    <Cet>0</Cet>
    <PCALT>10</PCALT>
    <TCALT>0.6</TCALT>
    <Pelev>601.5</Pelev>
    <Telev>601.5</Telev>
    <PART>0.5</PART>
    <DELAY>1</DELAY>
  </CatchmentParameters>
  <VegetationZone>
    <VegetationZoneParameters>
      <TT>-0.96058816867299535</TT>
      <CFMAX>2.2983876675335404</CFMAX>
      <SP>0</SP>
      <SFCF>0.82241863273653859</SFCF>
      <CFR>0.066064618272967057</CFR>
      <CWH>0.10000000017294736</CWH>
      <CFGlacier>1</CFGlacier>
      <CFSlope>1</CFSlope>
      <FC>120.29940075956769</FC>
      <LP>0.80451211598735572</LP>
      <BETA>4.5836768604274054</BETA>
    </VegetationZoneParameters>
  </VegetationZone>
  <SubCatchment>
    <SubCatchmentParameters>
      <KSI>0.001</KSI>
      <KGmin>0.05</KGmin>
      <RangeKG>0.1</RangeKG>
      <AG>0.1</AG>
      <PERC>8.1465359081421589</PERC>
      <Alpha>0</Alpha>
      <UZL>135.30523344452155</UZL>
      <K0>0.51294350090606056</K0>
      <K1>0.19210410018782315</K1>
      <K2>0.069430196415294354</K2>
      <MAXBAS>1.0049119854540245</MAXBAS>
      <Cet>0</Cet>
      <PCALT>10</PCALT>
      <TCALT>0.6</TCALT>
      <Pelev>601.5</Pelev>
      <Telev>601.5</Telev>
      <PART>0.5</PART>
      <DELAY>1</DELAY>
    </SubCatchmentParameters>
    <SubCatchmentVegetationZone>
      <SubCatchmentVegetationZoneParameters>
        <TT>-0.96058816867299535</TT>
        <CFMAX>2.2983876675335404</CFMAX>
        <SP>0</SP>
        <SFCF>0.82241863273653859</SFCF>
        <CFR>0.066064618272967057</CFR>
        <CWH>0.10000000017294736</CWH>
        <CFGlacier>1</CFGlacier>
        <CFSlope>1</CFSlope>
        <FC>120.29940075956769</FC>
        <LP>0.80451211598735572</LP>
        <BETA>4.5836768604274054</BETA>
      </SubCatchmentVegetationZoneParameters>
    </SubCatchmentVegetationZone>
  </SubCatchment>
</Catchment>