<?xml version="1.0" encoding="utf-8"?>
<Catchment xmlns:xsi="http://www.w3.org/2001/XMLSchema-instance" xmlns:xsd="http://www.w3.org/2001/XMLSchema">
  <CatchmentParameters>
    <KSI>0.001</KSI>
    <KGmin>0.05</KGmin>
    <RangeKG>0.1</RangeKG>
    <AG>0.1</AG>
    <PERC>5.3563553565514574</PERC>
    <Alpha>0</Alpha>
    <UZL>123.38736483552589</UZL>
    <K0>0.35565829004485211</K0>
    <K1>0.16046665935800172</K1>
    <K2>0.054576741817957242</K2>
    <MAXBAS>1</MAXBAS>
    <Cet>0</Cet>
    <PCALT>10</PCALT>
    <TCALT>0.6</TCALT>
    <Pelev>601.5</Pelev>
    <Telev>601.5</Telev>
    <PART>0.5</PART>
    <DELAY>1</DELAY>
  </CatchmentParameters>
  <VegetationZone>
    <VegetationZoneParameters>
      <TT>-0.89046757120350428</TT>
      <CFMAX>2.3030532534512496</CFMAX>
      <SP>0</SP>
      <SFCF>0.9254303440560423</SFCF>
      <CFR>3.0845557995919864E-10</CFR>
      <CWH>0.10000026497249825</CWH>
      <CFGlacier>1</CFGlacier>
      <CFSlope>1</CFSlope>
      <FC>154.43828832698921</FC>
      <LP>0.75090259708262785</LP>
      <BETA>5.8199539478150442</BETA>
    </VegetationZoneParameters>
  </VegetationZone>
  <SubCatchment>
    <SubCatchmentParameters>
      <KSI>0.001</KSI>
      <KGmin>0.05</KGmin>
      <RangeKG>0.1</RangeKG>
      <AG>0.1</AG>
      <PERC>5.3563553565514574</PERC>
      <Alpha>0</Alpha>
      <UZL>123.38736483552589</UZL>
      <K0>0.35565829004485211</K0>
      <K1>0.16046665935800172</K1>
      <K2>0.054576741817957242</K2>
      <MAXBAS>1</MAXBAS>
      <Cet>0</Cet>
      <PCALT>10</PCALT>
      <TCALT>0.6</TCALT>
      <Pelev>601.5</Pelev>
      <Telev>601.5</Telev>
      <PART>0.5</PART>
      <DELAY>1</DELAY>
    </SubCatchmentParameters>
    <SubCatchmentVegetationZone>
      <SubCatchmentVegetationZoneParameters>
        <TT>-0.89046757120350428</TT>
        <CFMAX>2.3030532534512496</CFMAX>
        <SP>0</SP>
        <SFCF>0.9254303440560423</SFCF>
        <CFR>3.0845557995919864E-10</CFR>
        <CWH>0.10000026497249825</CWH>
        <CFGlacier>1</CFGlacier>
        <CFSlope>1</CFSlope>
        <FC>154.43828832698921</FC>
        <LP>0.75090259708262785</LP>
        <BETA>5.8199539478150442</BETA>
      </SubCatchmentVegetationZoneParameters>
    </SubCatchmentVegetationZone>
  </SubCatchment>
</Catchment>