<?xml version="1.0" encoding="utf-8"?>
<Catchment xmlns:xsi="http://www.w3.org/2001/XMLSchema-instance" xmlns:xsd="http://www.w3.org/2001/XMLSchema">
  <CatchmentParameters>
    <KSI>0.001</KSI>
    <KGmin>0.05</KGmin>
    <RangeKG>0.1</RangeKG>
    <AG>0.1</AG>
    <PERC>5.4156447635491807</PERC>
    <Alpha>0</Alpha>
    <UZL>158.60003647265739</UZL>
    <K0>0.86305166516023912</K0>
    <K1>0.17434376620398245</K1>
    <K2>0.052004978823005643</K2>
    <MAXBAS>1</MAXBAS>
    <Cet>0</Cet>
    <PCALT>10</PCALT>
    <TCALT>0.6</TCALT>
    <Pelev>601.5</Pelev>
    <Telev>601.5</Telev>
    <PART>0.5</PART>
    <DELAY>1</DELAY>
  </CatchmentParameters>
  <VegetationZone>
    <VegetationZoneParameters>
      <TT>-0.94999716105192888</TT>
      <CFMAX>2.1003064146780628</CFMAX>
      <SP>0</SP>
      <SFCF>0.88815260778455407</SFCF>
      <CFR>1.2206198277354944E-12</CFR>
      <CWH>0.10000022319648945</CWH>
      <CFGlacier>1</CFGlacier>
      <CFSlope>1</CFSlope>
      <FC>114.83317730557705</FC>
      <LP>0.72445954916540456</LP>
      <BETA>5.738852426628422</BETA>
    </VegetationZoneParameters>
  </VegetationZone>
  <SubCatchment>
    <SubCatchmentParameters>
      <KSI>0.001</KSI>
      <KGmin>0.05</KGmin>
      <RangeKG>0.1</RangeKG>
      <AG>0.1</AG>
      <PERC>5.4156447635491807</PERC>
      <Alpha>0</Alpha>
      <UZL>158.60003647265739</UZL>
      <K0>0.86305166516023912</K0>
      <K1>0.17434376620398245</K1>
      <K2>0.052004978823005643</K2>
      <MAXBAS>1</MAXBAS>
      <Cet>0</Cet>
      <PCALT>10</PCALT>
      <TCALT>0.6</TCALT>
      <Pelev>601.5</Pelev>
      <Telev>601.5</Telev>
      <PART>0.5</PART>
      <DELAY>1</DELAY>
    </SubCatchmentParameters>
    <SubCatchmentVegetationZone>
      <SubCatchmentVegetationZoneParameters>
        <TT>-0.94999716105192888</TT>
        <CFMAX>2.1003064146780628</CFMAX>
        <SP>0</SP>
        <SFCF>0.88815260778455407</SFCF>
        <CFR>1.2206198277354944E-12</CFR>
        <CWH>0.10000022319648945</CWH>
        <CFGlacier>1</CFGlacier>
        <CFSlope>1</CFSlope>
        <FC>114.83317730557705</FC>
        <LP>0.72445954916540456</LP>
        <BETA>5.738852426628422</BETA>
      </SubCatchmentVegetationZoneParameters>
    </SubCatchmentVegetationZone>
  </SubCatchment>
</Catchment>