<?xml version="1.0" encoding="utf-8"?>
<Catchment xmlns:xsi="http://www.w3.org/2001/XMLSchema-instance" xmlns:xsd="http://www.w3.org/2001/XMLSchema">
  <CatchmentParameters>
    <KSI>0.001</KSI>
    <KGmin>0.05</KGmin>
    <RangeKG>0.1</RangeKG>
    <AG>0.1</AG>
    <PERC>5.364312816160937</PERC>
    <Alpha>0</Alpha>
    <UZL>199.49681207996684</UZL>
    <K0>0.19012256897640162</K0>
    <K1>0.17629962879649691</K1>
    <K2>0.05696484832018147</K2>
    <MAXBAS>1</MAXBAS>
    <Cet>0</Cet>
    <PCALT>10</PCALT>
    <TCALT>0.6</TCALT>
    <Pelev>601.5</Pelev>
    <Telev>601.5</Telev>
    <PART>0.5</PART>
    <DELAY>1</DELAY>
  </CatchmentParameters>
  <VegetationZone>
    <VegetationZoneParameters>
      <TT>-1.1956797162414175</TT>
      <CFMAX>1.9358566157190449</CFMAX>
      <SP>0</SP>
      <SFCF>0.9021995767040315</SFCF>
      <CFR>2.0397769474868995E-08</CFR>
      <CWH>0.10000010658583318</CWH>
      <CFGlacier>1</CFGlacier>
      <CFSlope>1</CFSlope>
      <FC>155.82206658281612</FC>
      <LP>0.7848812531890369</LP>
      <BETA>5.9999793898406617</BETA>
    </VegetationZoneParameters>
  </VegetationZone>
  <SubCatchment>
    <SubCatchmentParameters>
      <KSI>0.001</KSI>
      <KGmin>0.05</KGmin>
      <RangeKG>0.1</RangeKG>
      <AG>0.1</AG>
      <PERC>5.364312816160937</PERC>
      <Alpha>0</Alpha>
      <UZL>199.49681207996684</UZL>
      <K0>0.19012256897640162</K0>
      <K1>0.17629962879649691</K1>
      <K2>0.05696484832018147</K2>
      <MAXBAS>1</MAXBAS>
      <Cet>0</Cet>
      <PCALT>10</PCALT>
      <TCALT>0.6</TCALT>
      <Pelev>601.5</Pelev>
      <Telev>601.5</Telev>
      <PART>0.5</PART>
      <DELAY>1</DELAY>
    </SubCatchmentParameters>
    <SubCatchmentVegetationZone>
      <SubCatchmentVegetationZoneParameters>
        <TT>-1.1956797162414175</TT>
        <CFMAX>1.9358566157190449</CFMAX>
        <SP>0</SP>
        <SFCF>0.9021995767040315</SFCF>
        <CFR>2.0397769474868995E-08</CFR>
        <CWH>0.10000010658583318</CWH>
        <CFGlacier>1</CFGlacier>
        <CFSlope>1</CFSlope>
        <FC>155.82206658281612</FC>
        <LP>0.7848812531890369</LP>
        <BETA>5.9999793898406617</BETA>
      </SubCatchmentVegetationZoneParameters>
    </SubCatchmentVegetationZone>
  </SubCatchment>
</Catchment>