<?xml version="1.0" encoding="utf-8"?>
<Catchment xmlns:xsi="http://www.w3.org/2001/XMLSchema-instance" xmlns:xsd="http://www.w3.org/2001/XMLSchema">
  <CatchmentParameters>
    <KSI>0.001</KSI>
    <KGmin>0.05</KGmin>
    <RangeKG>0.1</RangeKG>
    <AG>0.1</AG>
    <PERC>5.4732236595512731</PERC>
    <Alpha>0</Alpha>
    <UZL>44.533185544310641</UZL>
    <K0>0.32707589267287906</K0>
    <K1>0.13858001497079978</K1>
    <K2>0.055127842296552161</K2>
    <MAXBAS>1</MAXBAS>
    <Cet>0</Cet>
    <PCALT>10</PCALT>
    <TCALT>0.6</TCALT>
    <Pelev>601.5</Pelev>
    <Telev>601.5</Telev>
    <PART>0.5</PART>
    <DELAY>1</DELAY>
  </CatchmentParameters>
  <VegetationZone>
    <VegetationZoneParameters>
      <TT>-2.0000025408166819</TT>
      <CFMAX>1.5533811598912453</CFMAX>
      <SP>0</SP>
      <SFCF>0.94687444578184077</SFCF>
      <CFR>0.048954547557545872</CFR>
      <CWH>0.10000010492179466</CWH>
      <CFGlacier>1</CFGlacier>
      <CFSlope>1</CFSlope>
      <FC>119.07705390206624</FC>
      <LP>0.51793093025271075</LP>
      <BETA>3.7031682312920489</BETA>
    </VegetationZoneParameters>
  </VegetationZone>
  <SubCatchment>
    <SubCatchmentParameters>
      <KSI>0.001</KSI>
      <KGmin>0.05</KGmin>
      <RangeKG>0.1</RangeKG>
      <AG>0.1</AG>
      <PERC>5.4732236595512731</PERC>
      <Alpha>0</Alpha>
      <UZL>44.533185544310641</UZL>
      <K0>0.32707589267287906</K0>
      <K1>0.13858001497079978</K1>
      <K2>0.055127842296552161</K2>
      <MAXBAS>1</MAXBAS>
      <Cet>0</Cet>
      <PCALT>10</PCALT>
      <TCALT>0.6</TCALT>
      <Pelev>601.5</Pelev>
      <Telev>601.5</Telev>
      <PART>0.5</PART>
      <DELAY>1</DELAY>
    </SubCatchmentParameters>
    <SubCatchmentVegetationZone>
      <SubCatchmentVegetationZoneParameters>
        <TT>-2.0000025408166819</TT>
        <CFMAX>1.5533811598912453</CFMAX>
        <SP>0</SP>
        <SFCF>0.94687444578184077</SFCF>
        <CFR>0.048954547557545872</CFR>
        <CWH>0.10000010492179466</CWH>
        <CFGlacier>1</CFGlacier>
        <CFSlope>1</CFSlope>
        <FC>119.07705390206624</FC>
        <LP>0.51793093025271075</LP>
        <BETA>3.7031682312920489</BETA>
      </SubCatchmentVegetationZoneParameters>
    </SubCatchmentVegetationZone>
  </SubCatchment>
</Catchment>