<?xml version="1.0" encoding="utf-8"?>
<Catchment xmlns:xsi="http://www.w3.org/2001/XMLSchema-instance" xmlns:xsd="http://www.w3.org/2001/XMLSchema">
  <CatchmentParameters>
    <KSI>0.001</KSI>
    <KGmin>0.05</KGmin>
    <RangeKG>0.1</RangeKG>
    <AG>0.1</AG>
    <PERC>3.1678870823764655</PERC>
    <Alpha>0</Alpha>
    <UZL>107.24969204711856</UZL>
    <K0>0.40054540613704825</K0>
    <K1>0.1149181950347916</K1>
    <K2>0.049875062612969381</K2>
    <MAXBAS>1</MAXBAS>
    <Cet>0</Cet>
    <PCALT>10</PCALT>
    <TCALT>0.6</TCALT>
    <Pelev>601.5</Pelev>
    <Telev>601.5</Telev>
    <PART>0.5</PART>
    <DELAY>1</DELAY>
  </CatchmentParameters>
  <VegetationZone>
    <VegetationZoneParameters>
      <TT>-2.0000010181184713</TT>
      <CFMAX>1.8631097571853594</CFMAX>
      <SP>0</SP>
      <SFCF>0.96581896220061436</SFCF>
      <CFR>0.099999759895598353</CFR>
      <CWH>0.1028905593502526</CWH>
      <CFGlacier>1</CFGlacier>
      <CFSlope>1</CFSlope>
      <FC>148.590300380005</FC>
      <LP>0.71605441463985475</LP>
      <BETA>5.9999872488982531</BETA>
    </VegetationZoneParameters>
  </VegetationZone>
  <SubCatchment>
    <SubCatchmentParameters>
      <KSI>0.001</KSI>
      <KGmin>0.05</KGmin>
      <RangeKG>0.1</RangeKG>
      <AG>0.1</AG>
      <PERC>3.1678870823764655</PERC>
      <Alpha>0</Alpha>
      <UZL>107.24969204711856</UZL>
      <K0>0.40054540613704825</K0>
      <K1>0.1149181950347916</K1>
      <K2>0.049875062612969381</K2>
      <MAXBAS>1</MAXBAS>
      <Cet>0</Cet>
      <PCALT>10</PCALT>
      <TCALT>0.6</TCALT>
      <Pelev>601.5</Pelev>
      <Telev>601.5</Telev>
      <PART>0.5</PART>
      <DELAY>1</DELAY>
    </SubCatchmentParameters>
    <SubCatchmentVegetationZone>
      <SubCatchmentVegetationZoneParameters>
        <TT>-2.0000010181184713</TT>
        <CFMAX>1.8631097571853594</CFMAX>
        <SP>0</SP>
        <SFCF>0.96581896220061436</SFCF>
        <CFR>0.099999759895598353</CFR>
        <CWH>0.1028905593502526</CWH>
        <CFGlacier>1</CFGlacier>
        <CFSlope>1</CFSlope>
        <FC>148.590300380005</FC>
        <LP>0.71605441463985475</LP>
        <BETA>5.9999872488982531</BETA>
      </SubCatchmentVegetationZoneParameters>
    </SubCatchmentVegetationZone>
  </SubCatchment>
</Catchment>