<?xml version="1.0" encoding="utf-8"?>
<Catchment xmlns:xsi="http://www.w3.org/2001/XMLSchema-instance" xmlns:xsd="http://www.w3.org/2001/XMLSchema">
  <CatchmentParameters>
    <KSI>0.001</KSI>
    <KGmin>0.05</KGmin>
    <RangeKG>0.1</RangeKG>
    <AG>0.1</AG>
    <PERC>8.5645067033820066</PERC>
    <Alpha>0</Alpha>
    <UZL>146.76341112876611</UZL>
    <K0>0.59321697335540646</K0>
    <K1>0.15926923098792697</K1>
    <K2>0.0551034391329281</K2>
    <MAXBAS>1.0050022536343084</MAXBAS>
    <Cet>0</Cet>
    <PCALT>10</PCALT>
    <TCALT>0.6</TCALT>
    <Pelev>601.5</Pelev>
    <Telev>601.5</Telev>
    <PART>0.5</PART>
    <DELAY>1</DELAY>
  </CatchmentParameters>
  <VegetationZone>
    <VegetationZoneParameters>
      <TT>-0.50000115960255775</TT>
      <CFMAX>2.9404066469735306</CFMAX>
      <SP>0</SP>
      <SFCF>0.86759974831990816</SFCF>
      <CFR>0.047400927578696558</CFR>
      <CWH>0.10000003237443797</CWH>
      <CFGlacier>1</CFGlacier>
      <CFSlope>1</CFSlope>
      <FC>76.393274075471439</FC>
      <LP>0.51571896942872442</LP>
      <BETA>2.7626031037919221</BETA>
    </VegetationZoneParameters>
  </VegetationZone>
  <SubCatchment>
    <SubCatchmentParameters>
      <KSI>0.001</KSI>
      <KGmin>0.05</KGmin>
      <RangeKG>0.1</RangeKG>
      <AG>0.1</AG>
      <PERC>8.5645067033820066</PERC>
      <Alpha>0</Alpha>
      <UZL>146.76341112876611</UZL>
      <K0>0.59321697335540646</K0>
      <K1>0.15926923098792697</K1>
      <K2>0.0551034391329281</K2>
      <MAXBAS>1.0050022536343084</MAXBAS>
      <Cet>0</Cet>
      <PCALT>10</PCALT>
      <TCALT>0.6</TCALT>
      <Pelev>601.5</Pelev>
      <Telev>601.5</Telev>
      <PART>0.5</PART>
      <DELAY>1</DELAY>
    </SubCatchmentParameters>
    <SubCatchmentVegetationZone>
      <SubCatchmentVegetationZoneParameters>
        <TT>-0.50000115960255775</TT>
        <CFMAX>2.9404066469735306</CFMAX>
        <SP>0</SP>
        <SFCF>0.86759974831990816</SFCF>
        <CFR>0.047400927578696558</CFR>
        <CWH>0.10000003237443797</CWH>
        <CFGlacier>1</CFGlacier>
        <CFSlope>1</CFSlope>
        <FC>76.393274075471439</FC>
        <LP>0.51571896942872442</LP>
        <BETA>2.7626031037919221</BETA>
      </SubCatchmentVegetationZoneParameters>
    </SubCatchmentVegetationZone>
  </SubCatchment>
</Catchment>