<?xml version="1.0" encoding="utf-8"?>
<Catchment xmlns:xsi="http://www.w3.org/2001/XMLSchema-instance" xmlns:xsd="http://www.w3.org/2001/XMLSchema">
  <CatchmentParameters>
    <KSI>0.001</KSI>
    <KGmin>0.05</KGmin>
    <RangeKG>0.1</RangeKG>
    <AG>0.1</AG>
    <PERC>3.5261829083979666</PERC>
    <Alpha>0</Alpha>
    <UZL>60.666672505764176</UZL>
    <K0>0.33773739057349489</K0>
    <K1>0.11727433640442733</K1>
    <K2>0.051844205327808472</K2>
    <MAXBAS>1</MAXBAS>
    <Cet>0</Cet>
    <PCALT>10</PCALT>
    <TCALT>0.6</TCALT>
    <Pelev>601.5</Pelev>
    <Telev>601.5</Telev>
    <PART>0.5</PART>
    <DELAY>1</DELAY>
  </CatchmentParameters>
  <VegetationZone>
    <VegetationZoneParameters>
      <TT>-2.0000023398857252</TT>
      <CFMAX>1.5209955005289251</CFMAX>
      <SP>0</SP>
      <SFCF>0.93112731690202055</SFCF>
      <CFR>0.039258846542879408</CFR>
      <CWH>0.10000011414820172</CWH>
      <CFGlacier>1</CFGlacier>
      <CFSlope>1</CFSlope>
      <FC>145.65608721076887</FC>
      <LP>0.713105343797011</LP>
      <BETA>5.4997505232724979</BETA>
    </VegetationZoneParameters>
  </VegetationZone>
  <SubCatchment>
    <SubCatchmentParameters>
      <KSI>0.001</KSI>
      <KGmin>0.05</KGmin>
      <RangeKG>0.1</RangeKG>
      <AG>0.1</AG>
      <PERC>3.5261829083979666</PERC>
      <Alpha>0</Alpha>
      <UZL>60.666672505764176</UZL>
      <K0>0.33773739057349489</K0>
      <K1>0.11727433640442733</K1>
      <K2>0.051844205327808472</K2>
      <MAXBAS>1</MAXBAS>
      <Cet>0</Cet>
      <PCALT>10</PCALT>
      <TCALT>0.6</TCALT>
      <Pelev>601.5</Pelev>
      <Telev>601.5</Telev>
      <PART>0.5</PART>
      <DELAY>1</DELAY>
    </SubCatchmentParameters>
    <SubCatchmentVegetationZone>
      <SubCatchmentVegetationZoneParameters>
        <TT>-2.0000023398857252</TT>
        <CFMAX>1.5209955005289251</CFMAX>
        <SP>0</SP>
        <SFCF>0.93112731690202055</SFCF>
        <CFR>0.039258846542879408</CFR>
        <CWH>0.10000011414820172</CWH>
        <CFGlacier>1</CFGlacier>
        <CFSlope>1</CFSlope>
        <FC>145.65608721076887</FC>
        <LP>0.713105343797011</LP>
        <BETA>5.4997505232724979</BETA>
      </SubCatchmentVegetationZoneParameters>
    </SubCatchmentVegetationZone>
  </SubCatchment>
</Catchment>