<?xml version="1.0" encoding="utf-8"?>
<Catchment xmlns:xsi="http://www.w3.org/2001/XMLSchema-instance" xmlns:xsd="http://www.w3.org/2001/XMLSchema">
  <CatchmentParameters>
    <KSI>0.001</KSI>
    <KGmin>0.05</KGmin>
    <RangeKG>0.1</RangeKG>
    <AG>0.1</AG>
    <PERC>9.4077979293575549</PERC>
    <Alpha>0</Alpha>
    <UZL>185.48498994030061</UZL>
    <K0>0.13040627743460376</K0>
    <K1>0.26075726282850625</K1>
    <K2>0.07995228499854623</K2>
    <MAXBAS>1.1139866017814202</MAXBAS>
    <Cet>0</Cet>
    <PCALT>10</PCALT>
    <TCALT>0.6</TCALT>
    <Pelev>601.5</Pelev>
    <Telev>601.5</Telev>
    <PART>0.5</PART>
    <DELAY>1</DELAY>
  </CatchmentParameters>
  <VegetationZone>
    <VegetationZoneParameters>
      <TT>-0.500000593507043</TT>
      <CFMAX>2.1748311721132372</CFMAX>
      <SP>0</SP>
      <SFCF>0.701482281728183</SFCF>
      <CFR>0.045953259585787394</CFR>
      <CWH>0.1000383011792433</CWH>
      <CFGlacier>1</CFGlacier>
      <CFSlope>1</CFSlope>
      <FC>87.910524571704144</FC>
      <LP>0.51392283938853023</LP>
      <BETA>2.3308407107001115</BETA>
    </VegetationZoneParameters>
  </VegetationZone>
  <SubCatchment>
    <SubCatchmentParameters>
      <KSI>0.001</KSI>
      <KGmin>0.05</KGmin>
      <RangeKG>0.1</RangeKG>
      <AG>0.1</AG>
      <PERC>9.4077979293575549</PERC>
      <Alpha>0</Alpha>
      <UZL>185.48498994030061</UZL>
      <K0>0.13040627743460376</K0>
      <K1>0.26075726282850625</K1>
      <K2>0.07995228499854623</K2>
      <MAXBAS>1.1139866017814202</MAXBAS>
      <Cet>0</Cet>
      <PCALT>10</PCALT>
      <TCALT>0.6</TCALT>
      <Pelev>601.5</Pelev>
      <Telev>601.5</Telev>
      <PART>0.5</PART>
      <DELAY>1</DELAY>
    </SubCatchmentParameters>
    <SubCatchmentVegetationZone>
      <SubCatchmentVegetationZoneParameters>
        <TT>-0.500000593507043</TT>
        <CFMAX>2.1748311721132372</CFMAX>
        <SP>0</SP>
        <SFCF>0.701482281728183</SFCF>
        <CFR>0.045953259585787394</CFR>
        <CWH>0.1000383011792433</CWH>
        <CFGlacier>1</CFGlacier>
        <CFSlope>1</CFSlope>
        <FC>87.910524571704144</FC>
        <LP>0.51392283938853023</LP>
        <BETA>2.3308407107001115</BETA>
      </SubCatchmentVegetationZoneParameters>
    </SubCatchmentVegetationZone>
  </SubCatchment>
</Catchment>