<?xml version="1.0" encoding="utf-8"?>
<Catchment xmlns:xsi="http://www.w3.org/2001/XMLSchema-instance" xmlns:xsd="http://www.w3.org/2001/XMLSchema">
  <CatchmentParameters>
    <KSI>0.001</KSI>
    <KGmin>0.05</KGmin>
    <RangeKG>0.1</RangeKG>
    <AG>0.1</AG>
    <PERC>4.94534536230773</PERC>
    <Alpha>0</Alpha>
    <UZL>142.80513972161566</UZL>
    <K0>0.26574647817337277</K0>
    <K1>0.15613522653856313</K1>
    <K2>0.052817841360933294</K2>
    <MAXBAS>1</MAXBAS>
    <Cet>0</Cet>
    <PCALT>10</PCALT>
    <TCALT>0.6</TCALT>
    <Pelev>601.5</Pelev>
    <Telev>601.5</Telev>
    <PART>0.5</PART>
    <DELAY>1</DELAY>
  </CatchmentParameters>
  <VegetationZone>
    <VegetationZoneParameters>
      <TT>-0.806983567602969</TT>
      <CFMAX>2.3678494674687132</CFMAX>
      <SP>0</SP>
      <SFCF>0.93048855109992279</SFCF>
      <CFR>3.6885888180384845E-08</CFR>
      <CWH>0.10000005411580017</CWH>
      <CFGlacier>1</CFGlacier>
      <CFSlope>1</CFSlope>
      <FC>139.05683440112085</FC>
      <LP>0.67372542215940612</LP>
      <BETA>4.9295072531076</BETA>
    </VegetationZoneParameters>
  </VegetationZone>
  <SubCatchment>
    <SubCatchmentParameters>
      <KSI>0.001</KSI>
      <KGmin>0.05</KGmin>
      <RangeKG>0.1</RangeKG>
      <AG>0.1</AG>
      <PERC>4.94534536230773</PERC>
      <Alpha>0</Alpha>
      <UZL>142.80513972161566</UZL>
      <K0>0.26574647817337277</K0>
      <K1>0.15613522653856313</K1>
      <K2>0.052817841360933294</K2>
      <MAXBAS>1</MAXBAS>
      <Cet>0</Cet>
      <PCALT>10</PCALT>
      <TCALT>0.6</TCALT>
      <Pelev>601.5</Pelev>
      <Telev>601.5</Telev>
      <PART>0.5</PART>
      <DELAY>1</DELAY>
    </SubCatchmentParameters>
    <SubCatchmentVegetationZone>
      <SubCatchmentVegetationZoneParameters>
        <TT>-0.806983567602969</TT>
        <CFMAX>2.3678494674687132</CFMAX>
        <SP>0</SP>
        <SFCF>0.93048855109992279</SFCF>
        <CFR>3.6885888180384845E-08</CFR>
        <CWH>0.10000005411580017</CWH>
        <CFGlacier>1</CFGlacier>
        <CFSlope>1</CFSlope>
        <FC>139.05683440112085</FC>
        <LP>0.67372542215940612</LP>
        <BETA>4.9295072531076</BETA>
      </SubCatchmentVegetationZoneParameters>
    </SubCatchmentVegetationZone>
  </SubCatchment>
</Catchment>