<?xml version="1.0" encoding="utf-8"?>
<Catchment xmlns:xsi="http://www.w3.org/2001/XMLSchema-instance" xmlns:xsd="http://www.w3.org/2001/XMLSchema">
  <CatchmentParameters>
    <KSI>0.001</KSI>
    <KGmin>0.05</KGmin>
    <RangeKG>0.1</RangeKG>
    <AG>0.1</AG>
    <PERC>6.39563671806736</PERC>
    <Alpha>0</Alpha>
    <UZL>116.63994409684392</UZL>
    <K0>0.5747535938267323</K0>
    <K1>0.18217621722894706</K1>
    <K2>0.056662249179983311</K2>
    <MAXBAS>1.0000015350671399</MAXBAS>
    <Cet>0</Cet>
    <PCALT>10</PCALT>
    <TCALT>0.6</TCALT>
    <Pelev>601.5</Pelev>
    <Telev>601.5</Telev>
    <PART>0.5</PART>
    <DELAY>1</DELAY>
  </CatchmentParameters>
  <VegetationZone>
    <VegetationZoneParameters>
      <TT>-0.08576361347492889</TT>
      <CFMAX>2.7483178665524322</CFMAX>
      <SP>0</SP>
      <SFCF>0.7153450387918503</SFCF>
      <CFR>0.04009120175437042</CFR>
      <CWH>0.10000006066598767</CWH>
      <CFGlacier>1</CFGlacier>
      <CFSlope>1</CFSlope>
      <FC>100.54664901786163</FC>
      <LP>0.73149879971128762</LP>
      <BETA>3.9881505962910908</BETA>
    </VegetationZoneParameters>
  </VegetationZone>
  <SubCatchment>
    <SubCatchmentParameters>
      <KSI>0.001</KSI>
      <KGmin>0.05</KGmin>
      <RangeKG>0.1</RangeKG>
      <AG>0.1</AG>
      <PERC>6.39563671806736</PERC>
      <Alpha>0</Alpha>
      <UZL>116.63994409684392</UZL>
      <K0>0.5747535938267323</K0>
      <K1>0.18217621722894706</K1>
      <K2>0.056662249179983311</K2>
      <MAXBAS>1.0000015350671399</MAXBAS>
      <Cet>0</Cet>
      <PCALT>10</PCALT>
      <TCALT>0.6</TCALT>
      <Pelev>601.5</Pelev>
      <Telev>601.5</Telev>
      <PART>0.5</PART>
      <DELAY>1</DELAY>
    </SubCatchmentParameters>
    <SubCatchmentVegetationZone>
      <SubCatchmentVegetationZoneParameters>
        <TT>-0.08576361347492889</TT>
        <CFMAX>2.7483178665524322</CFMAX>
        <SP>0</SP>
        <SFCF>0.7153450387918503</SFCF>
        <CFR>0.04009120175437042</CFR>
        <CWH>0.10000006066598767</CWH>
        <CFGlacier>1</CFGlacier>
        <CFSlope>1</CFSlope>
        <FC>100.54664901786163</FC>
        <LP>0.73149879971128762</LP>
        <BETA>3.9881505962910908</BETA>
      </SubCatchmentVegetationZoneParameters>
    </SubCatchmentVegetationZone>
  </SubCatchment>
</Catchment>