<?xml version="1.0" encoding="utf-8"?>
<Catchment xmlns:xsi="http://www.w3.org/2001/XMLSchema-instance" xmlns:xsd="http://www.w3.org/2001/XMLSchema">
  <CatchmentParameters>
    <KSI>0.001</KSI>
    <KGmin>0.05</KGmin>
    <RangeKG>0.1</RangeKG>
    <AG>0.1</AG>
    <PERC>7.118177940409943</PERC>
    <Alpha>0</Alpha>
    <UZL>130.50155895536014</UZL>
    <K0>0.31546937951331139</K0>
    <K1>0.21134270243830566</K1>
    <K2>0.075074191126586989</K2>
    <MAXBAS>1.0000187690611357</MAXBAS>
    <Cet>0</Cet>
    <PCALT>10</PCALT>
    <TCALT>0.6</TCALT>
    <Pelev>601.5</Pelev>
    <Telev>601.5</Telev>
    <PART>0.5</PART>
    <DELAY>1</DELAY>
  </CatchmentParameters>
  <VegetationZone>
    <VegetationZoneParameters>
      <TT>-0.5000023618343632</TT>
      <CFMAX>2.2305446338208248</CFMAX>
      <SP>0</SP>
      <SFCF>0.69072575581958873</SFCF>
      <CFR>0.054084940791667244</CFR>
      <CWH>0.10000269160575522</CWH>
      <CFGlacier>1</CFGlacier>
      <CFSlope>1</CFSlope>
      <FC>134.96812600236436</FC>
      <LP>0.79738615043873207</LP>
      <BETA>3.8605110480681137</BETA>
    </VegetationZoneParameters>
  </VegetationZone>
  <SubCatchment>
    <SubCatchmentParameters>
      <KSI>0.001</KSI>
      <KGmin>0.05</KGmin>
      <RangeKG>0.1</RangeKG>
      <AG>0.1</AG>
      <PERC>7.118177940409943</PERC>
      <Alpha>0</Alpha>
      <UZL>130.50155895536014</UZL>
      <K0>0.31546937951331139</K0>
      <K1>0.21134270243830566</K1>
      <K2>0.075074191126586989</K2>
      <MAXBAS>1.0000187690611357</MAXBAS>
      <Cet>0</Cet>
      <PCALT>10</PCALT>
      <TCALT>0.6</TCALT>
      <Pelev>601.5</Pelev>
      <Telev>601.5</Telev>
      <PART>0.5</PART>
      <DELAY>1</DELAY>
    </SubCatchmentParameters>
    <SubCatchmentVegetationZone>
      <SubCatchmentVegetationZoneParameters>
        <TT>-0.5000023618343632</TT>
        <CFMAX>2.2305446338208248</CFMAX>
        <SP>0</SP>
        <SFCF>0.69072575581958873</SFCF>
        <CFR>0.054084940791667244</CFR>
        <CWH>0.10000269160575522</CWH>
        <CFGlacier>1</CFGlacier>
        <CFSlope>1</CFSlope>
        <FC>134.96812600236436</FC>
        <LP>0.79738615043873207</LP>
        <BETA>3.8605110480681137</BETA>
      </SubCatchmentVegetationZoneParameters>
    </SubCatchmentVegetationZone>
  </SubCatchment>
</Catchment>