<?xml version="1.0" encoding="utf-8"?>
<Catchment xmlns:xsi="http://www.w3.org/2001/XMLSchema-instance" xmlns:xsd="http://www.w3.org/2001/XMLSchema">
  <CatchmentParameters>
    <KSI>0.001</KSI>
    <KGmin>0.05</KGmin>
    <RangeKG>0.1</RangeKG>
    <AG>0.1</AG>
    <PERC>8.67202070288394</PERC>
    <Alpha>0</Alpha>
    <UZL>134.7590123102855</UZL>
    <K0>0.92463256690530993</K0>
    <K1>0.25213372641435816</K1>
    <K2>0.095399142296178421</K2>
    <MAXBAS>1.0003795886997433</MAXBAS>
    <Cet>0</Cet>
    <PCALT>10</PCALT>
    <TCALT>0.6</TCALT>
    <Pelev>601.5</Pelev>
    <Telev>601.5</Telev>
    <PART>0.5</PART>
    <DELAY>1</DELAY>
  </CatchmentParameters>
  <VegetationZone>
    <VegetationZoneParameters>
      <TT>-0.036790037939377379</TT>
      <CFMAX>2.3062843371055859</CFMAX>
      <SP>0</SP>
      <SFCF>0.6168151624724787</SFCF>
      <CFR>0.04156622453631028</CFR>
      <CWH>0.10000001244166287</CWH>
      <CFGlacier>1</CFGlacier>
      <CFSlope>1</CFSlope>
      <FC>176.46195156441641</FC>
      <LP>0.8665359653336776</LP>
      <BETA>4.35550898686958</BETA>
    </VegetationZoneParameters>
  </VegetationZone>
  <SubCatchment>
    <SubCatchmentParameters>
      <KSI>0.001</KSI>
      <KGmin>0.05</KGmin>
      <RangeKG>0.1</RangeKG>
      <AG>0.1</AG>
      <PERC>8.67202070288394</PERC>
      <Alpha>0</Alpha>
      <UZL>134.7590123102855</UZL>
      <K0>0.92463256690530993</K0>
      <K1>0.25213372641435816</K1>
      <K2>0.095399142296178421</K2>
      <MAXBAS>1.0003795886997433</MAXBAS>
      <Cet>0</Cet>
      <PCALT>10</PCALT>
      <TCALT>0.6</TCALT>
      <Pelev>601.5</Pelev>
      <Telev>601.5</Telev>
      <PART>0.5</PART>
      <DELAY>1</DELAY>
    </SubCatchmentParameters>
    <SubCatchmentVegetationZone>
      <SubCatchmentVegetationZoneParameters>
        <TT>-0.036790037939377379</TT>
        <CFMAX>2.3062843371055859</CFMAX>
        <SP>0</SP>
        <SFCF>0.6168151624724787</SFCF>
        <CFR>0.04156622453631028</CFR>
        <CWH>0.10000001244166287</CWH>
        <CFGlacier>1</CFGlacier>
        <CFSlope>1</CFSlope>
        <FC>176.46195156441641</FC>
        <LP>0.8665359653336776</LP>
        <BETA>4.35550898686958</BETA>
      </SubCatchmentVegetationZoneParameters>
    </SubCatchmentVegetationZone>
  </SubCatchment>
</Catchment>