<?xml version="1.0" encoding="utf-8"?>
<Catchment xmlns:xsi="http://www.w3.org/2001/XMLSchema-instance" xmlns:xsd="http://www.w3.org/2001/XMLSchema">
  <CatchmentParameters>
    <KSI>0.001</KSI>
    <KGmin>0.05</KGmin>
    <RangeKG>0.1</RangeKG>
    <AG>0.1</AG>
    <PERC>3.6978765813149259</PERC>
    <Alpha>0</Alpha>
    <UZL>118.42754882106509</UZL>
    <K0>0.5045158078777412</K0>
    <K1>0.13075932552913588</K1>
    <K2>0.044377543478195974</K2>
    <MAXBAS>1</MAXBAS>
    <Cet>0</Cet>
    <PCALT>10</PCALT>
    <TCALT>0.6</TCALT>
    <Pelev>601.5</Pelev>
    <Telev>601.5</Telev>
    <PART>0.5</PART>
    <DELAY>1</DELAY>
  </CatchmentParameters>
  <VegetationZone>
    <VegetationZoneParameters>
      <TT>-1.1247520786569734</TT>
      <CFMAX>2.3780409157033131</CFMAX>
      <SP>0</SP>
      <SFCF>0.91266430103833163</SFCF>
      <CFR>0.047739334207564377</CFR>
      <CWH>0.10000002519349995</CWH>
      <CFGlacier>1</CFGlacier>
      <CFSlope>1</CFSlope>
      <FC>92.474532899304677</FC>
      <LP>0.54103250288311067</LP>
      <BETA>4.4508860321804873</BETA>
    </VegetationZoneParameters>
  </VegetationZone>
  <SubCatchment>
    <SubCatchmentParameters>
      <KSI>0.001</KSI>
      <KGmin>0.05</KGmin>
      <RangeKG>0.1</RangeKG>
      <AG>0.1</AG>
      <PERC>3.6978765813149259</PERC>
      <Alpha>0</Alpha>
      <UZL>118.42754882106509</UZL>
      <K0>0.5045158078777412</K0>
      <K1>0.13075932552913588</K1>
      <K2>0.044377543478195974</K2>
      <MAXBAS>1</MAXBAS>
      <Cet>0</Cet>
      <PCALT>10</PCALT>
      <TCALT>0.6</TCALT>
      <Pelev>601.5</Pelev>
      <Telev>601.5</Telev>
      <PART>0.5</PART>
      <DELAY>1</DELAY>
    </SubCatchmentParameters>
    <SubCatchmentVegetationZone>
      <SubCatchmentVegetationZoneParameters>
        <TT>-1.1247520786569734</TT>
        <CFMAX>2.3780409157033131</CFMAX>
        <SP>0</SP>
        <SFCF>0.91266430103833163</SFCF>
        <CFR>0.047739334207564377</CFR>
        <CWH>0.10000002519349995</CWH>
        <CFGlacier>1</CFGlacier>
        <CFSlope>1</CFSlope>
        <FC>92.474532899304677</FC>
        <LP>0.54103250288311067</LP>
        <BETA>4.4508860321804873</BETA>
      </SubCatchmentVegetationZoneParameters>
    </SubCatchmentVegetationZone>
  </SubCatchment>
</Catchment>