<?xml version="1.0" encoding="utf-8"?>
<Catchment xmlns:xsi="http://www.w3.org/2001/XMLSchema-instance" xmlns:xsd="http://www.w3.org/2001/XMLSchema">
  <CatchmentParameters>
    <KSI>0.001</KSI>
    <KGmin>0.05</KGmin>
    <RangeKG>0.1</RangeKG>
    <AG>0.1</AG>
    <PERC>3.5973111584290027</PERC>
    <Alpha>0</Alpha>
    <UZL>43.353512151598629</UZL>
    <K0>0.2733401271836457</K0>
    <K1>0.12443049563895682</K1>
    <K2>0.056984024485035131</K2>
    <MAXBAS>1</MAXBAS>
    <Cet>0</Cet>
    <PCALT>10</PCALT>
    <TCALT>0.6</TCALT>
    <Pelev>601.5</Pelev>
    <Telev>601.5</Telev>
    <PART>0.5</PART>
    <DELAY>1</DELAY>
  </CatchmentParameters>
  <VegetationZone>
    <VegetationZoneParameters>
      <TT>-2.200003489848489</TT>
      <CFMAX>1.2301456140318936</CFMAX>
      <SP>0</SP>
      <SFCF>0.91642119935447275</SFCF>
      <CFR>0.021741922251612013</CFR>
      <CWH>0.10000004754688496</CWH>
      <CFGlacier>1</CFGlacier>
      <CFSlope>1</CFSlope>
      <FC>152.55661613627731</FC>
      <LP>0.6889387535697109</LP>
      <BETA>4.6641938862168724</BETA>
    </VegetationZoneParameters>
  </VegetationZone>
  <SubCatchment>
    <SubCatchmentParameters>
      <KSI>0.001</KSI>
      <KGmin>0.05</KGmin>
      <RangeKG>0.1</RangeKG>
      <AG>0.1</AG>
      <PERC>3.5973111584290027</PERC>
      <Alpha>0</Alpha>
      <UZL>43.353512151598629</UZL>
      <K0>0.2733401271836457</K0>
      <K1>0.12443049563895682</K1>
      <K2>0.056984024485035131</K2>
      <MAXBAS>1</MAXBAS>
      <Cet>0</Cet>
      <PCALT>10</PCALT>
      <TCALT>0.6</TCALT>
      <Pelev>601.5</Pelev>
      <Telev>601.5</Telev>
      <PART>0.5</PART>
      <DELAY>1</DELAY>
    </SubCatchmentParameters>
    <SubCatchmentVegetationZone>
      <SubCatchmentVegetationZoneParameters>
        <TT>-2.200003489848489</TT>
        <CFMAX>1.2301456140318936</CFMAX>
        <SP>0</SP>
        <SFCF>0.91642119935447275</SFCF>
        <CFR>0.021741922251612013</CFR>
        <CWH>0.10000004754688496</CWH>
        <CFGlacier>1</CFGlacier>
        <CFSlope>1</CFSlope>
        <FC>152.55661613627731</FC>
        <LP>0.6889387535697109</LP>
        <BETA>4.6641938862168724</BETA>
      </SubCatchmentVegetationZoneParameters>
    </SubCatchmentVegetationZone>
  </SubCatchment>
</Catchment>