<?xml version="1.0" encoding="utf-8"?>
<Catchment xmlns:xsi="http://www.w3.org/2001/XMLSchema-instance" xmlns:xsd="http://www.w3.org/2001/XMLSchema">
  <CatchmentParameters>
    <KSI>0.001</KSI>
    <KGmin>0.05</KGmin>
    <RangeKG>0.1</RangeKG>
    <AG>0.1</AG>
    <PERC>4.47502071258361</PERC>
    <Alpha>0</Alpha>
    <UZL>168.15847791359818</UZL>
    <K0>0.51467765290436407</K0>
    <K1>0.14312969086588645</K1>
    <K2>0.043139203769133258</K2>
    <MAXBAS>1</MAXBAS>
    <Cet>0</Cet>
    <PCALT>10</PCALT>
    <TCALT>0.6</TCALT>
    <Pelev>601.5</Pelev>
    <Telev>601.5</Telev>
    <PART>0.5</PART>
    <DELAY>1</DELAY>
  </CatchmentParameters>
  <VegetationZone>
    <VegetationZoneParameters>
      <TT>-0.89893239689931592</TT>
      <CFMAX>2.5466066314664566</CFMAX>
      <SP>0</SP>
      <SFCF>0.884625446662368</SFCF>
      <CFR>0.057791171568101991</CFR>
      <CWH>0.10000020368381822</CWH>
      <CFGlacier>1</CFGlacier>
      <CFSlope>1</CFSlope>
      <FC>62.1774568904302</FC>
      <LP>0.40039337291000876</LP>
      <BETA>4.9313060884356474</BETA>
    </VegetationZoneParameters>
  </VegetationZone>
  <SubCatchment>
    <SubCatchmentParameters>
      <KSI>0.001</KSI>
      <KGmin>0.05</KGmin>
      <RangeKG>0.1</RangeKG>
      <AG>0.1</AG>
      <PERC>4.47502071258361</PERC>
      <Alpha>0</Alpha>
      <UZL>168.15847791359818</UZL>
      <K0>0.51467765290436407</K0>
      <K1>0.14312969086588645</K1>
      <K2>0.043139203769133258</K2>
      <MAXBAS>1</MAXBAS>
      <Cet>0</Cet>
      <PCALT>10</PCALT>
      <TCALT>0.6</TCALT>
      <Pelev>601.5</Pelev>
      <Telev>601.5</Telev>
      <PART>0.5</PART>
      <DELAY>1</DELAY>
    </SubCatchmentParameters>
    <SubCatchmentVegetationZone>
      <SubCatchmentVegetationZoneParameters>
        <TT>-0.89893239689931592</TT>
        <CFMAX>2.5466066314664566</CFMAX>
        <SP>0</SP>
        <SFCF>0.884625446662368</SFCF>
        <CFR>0.057791171568101991</CFR>
        <CWH>0.10000020368381822</CWH>
        <CFGlacier>1</CFGlacier>
        <CFSlope>1</CFSlope>
        <FC>62.1774568904302</FC>
        <LP>0.40039337291000876</LP>
        <BETA>4.9313060884356474</BETA>
      </SubCatchmentVegetationZoneParameters>
    </SubCatchmentVegetationZone>
  </SubCatchment>
</Catchment>