<?xml version="1.0" encoding="utf-8"?>
<Catchment xmlns:xsi="http://www.w3.org/2001/XMLSchema-instance" xmlns:xsd="http://www.w3.org/2001/XMLSchema">
  <CatchmentParameters>
    <KSI>0.001</KSI>
    <KGmin>0.05</KGmin>
    <RangeKG>0.1</RangeKG>
    <AG>0.1</AG>
    <PERC>3.5484108526822715</PERC>
    <Alpha>0</Alpha>
    <UZL>102.68981449259439</UZL>
    <K0>0.41831835489173408</K0>
    <K1>0.13061202602175381</K1>
    <K2>0.047353397424588745</K2>
    <MAXBAS>1</MAXBAS>
    <Cet>0</Cet>
    <PCALT>10</PCALT>
    <TCALT>0.6</TCALT>
    <Pelev>601.5</Pelev>
    <Telev>601.5</Telev>
    <PART>0.5</PART>
    <DELAY>1</DELAY>
  </CatchmentParameters>
  <VegetationZone>
    <VegetationZoneParameters>
      <TT>-1.0023789532222414</TT>
      <CFMAX>2.2150498407824939</CFMAX>
      <SP>0</SP>
      <SFCF>0.95115527975262537</SFCF>
      <CFR>4.79127082124765E-09</CFR>
      <CWH>0.10000003338177033</CWH>
      <CFGlacier>1</CFGlacier>
      <CFSlope>1</CFSlope>
      <FC>137.14724717255609</FC>
      <LP>0.69410559113169978</LP>
      <BETA>5.9852013296134</BETA>
    </VegetationZoneParameters>
  </VegetationZone>
  <SubCatchment>
    <SubCatchmentParameters>
      <KSI>0.001</KSI>
      <KGmin>0.05</KGmin>
      <RangeKG>0.1</RangeKG>
      <AG>0.1</AG>
      <PERC>3.5484108526822715</PERC>
      <Alpha>0</Alpha>
      <UZL>102.68981449259439</UZL>
      <K0>0.41831835489173408</K0>
      <K1>0.13061202602175381</K1>
      <K2>0.047353397424588745</K2>
      <MAXBAS>1</MAXBAS>
      <Cet>0</Cet>
      <PCALT>10</PCALT>
      <TCALT>0.6</TCALT>
      <Pelev>601.5</Pelev>
      <Telev>601.5</Telev>
      <PART>0.5</PART>
      <DELAY>1</DELAY>
    </SubCatchmentParameters>
    <SubCatchmentVegetationZone>
      <SubCatchmentVegetationZoneParameters>
        <TT>-1.0023789532222414</TT>
        <CFMAX>2.2150498407824939</CFMAX>
        <SP>0</SP>
        <SFCF>0.95115527975262537</SFCF>
        <CFR>4.79127082124765E-09</CFR>
        <CWH>0.10000003338177033</CWH>
        <CFGlacier>1</CFGlacier>
        <CFSlope>1</CFSlope>
        <FC>137.14724717255609</FC>
        <LP>0.69410559113169978</LP>
        <BETA>5.9852013296134</BETA>
      </SubCatchmentVegetationZoneParameters>
    </SubCatchmentVegetationZone>
  </SubCatchment>
</Catchment>