<?xml version="1.0" encoding="utf-8"?>
<Catchment xmlns:xsi="http://www.w3.org/2001/XMLSchema-instance" xmlns:xsd="http://www.w3.org/2001/XMLSchema">
  <CatchmentParameters>
    <KSI>0.001</KSI>
    <KGmin>0.05</KGmin>
    <RangeKG>0.1</RangeKG>
    <AG>0.1</AG>
    <PERC>3.6107468704813619</PERC>
    <Alpha>0</Alpha>
    <UZL>57.273651099399224</UZL>
    <K0>0.13431936489395721</K0>
    <K1>0.12556590607699317</K1>
    <K2>0.04472745560725553</K2>
    <MAXBAS>1</MAXBAS>
    <Cet>0</Cet>
    <PCALT>10</PCALT>
    <TCALT>0.6</TCALT>
    <Pelev>601.5</Pelev>
    <Telev>601.5</Telev>
    <PART>0.5</PART>
    <DELAY>1</DELAY>
  </CatchmentParameters>
  <VegetationZone>
    <VegetationZoneParameters>
      <TT>-1.0999255839460898</TT>
      <CFMAX>1.9816635978370856</CFMAX>
      <SP>0</SP>
      <SFCF>0.85519112781039108</SFCF>
      <CFR>0.0092811807748479115</CFR>
      <CWH>0.10000000012136089</CWH>
      <CFGlacier>1</CFGlacier>
      <CFSlope>1</CFSlope>
      <FC>75.506587277194456</FC>
      <LP>0.56771515015112339</LP>
      <BETA>5.411702242377368</BETA>
    </VegetationZoneParameters>
  </VegetationZone>
  <SubCatchment>
    <SubCatchmentParameters>
      <KSI>0.001</KSI>
      <KGmin>0.05</KGmin>
      <RangeKG>0.1</RangeKG>
      <AG>0.1</AG>
      <PERC>3.6107468704813619</PERC>
      <Alpha>0</Alpha>
      <UZL>57.273651099399224</UZL>
      <K0>0.13431936489395721</K0>
      <K1>0.12556590607699317</K1>
      <K2>0.04472745560725553</K2>
      <MAXBAS>1</MAXBAS>
      <Cet>0</Cet>
      <PCALT>10</PCALT>
      <TCALT>0.6</TCALT>
      <Pelev>601.5</Pelev>
      <Telev>601.5</Telev>
      <PART>0.5</PART>
      <DELAY>1</DELAY>
    </SubCatchmentParameters>
    <SubCatchmentVegetationZone>
      <SubCatchmentVegetationZoneParameters>
        <TT>-1.0999255839460898</TT>
        <CFMAX>1.9816635978370856</CFMAX>
        <SP>0</SP>
        <SFCF>0.85519112781039108</SFCF>
        <CFR>0.0092811807748479115</CFR>
        <CWH>0.10000000012136089</CWH>
        <CFGlacier>1</CFGlacier>
        <CFSlope>1</CFSlope>
        <FC>75.506587277194456</FC>
        <LP>0.56771515015112339</LP>
        <BETA>5.411702242377368</BETA>
      </SubCatchmentVegetationZoneParameters>
    </SubCatchmentVegetationZone>
  </SubCatchment>
</Catchment>