<?xml version="1.0" encoding="utf-8"?>
<Catchment xmlns:xsi="http://www.w3.org/2001/XMLSchema-instance" xmlns:xsd="http://www.w3.org/2001/XMLSchema">
  <CatchmentParameters>
    <KSI>0.001</KSI>
    <KGmin>0.05</KGmin>
    <RangeKG>0.1</RangeKG>
    <AG>0.1</AG>
    <PERC>3.6137555747667531</PERC>
    <Alpha>0</Alpha>
    <UZL>71.673449448639346</UZL>
    <K0>0.33690171511984607</K0>
    <K1>0.11303847272530403</K1>
    <K2>0.049399554923137405</K2>
    <MAXBAS>1</MAXBAS>
    <Cet>0</Cet>
    <PCALT>10</PCALT>
    <TCALT>0.6</TCALT>
    <Pelev>601.5</Pelev>
    <Telev>601.5</Telev>
    <PART>0.5</PART>
    <DELAY>1</DELAY>
  </CatchmentParameters>
  <VegetationZone>
    <VegetationZoneParameters>
      <TT>-2.0000004874133093</TT>
      <CFMAX>1.6925493795224285</CFMAX>
      <SP>0</SP>
      <SFCF>0.95538213258157545</SFCF>
      <CFR>0.092647576475392082</CFR>
      <CWH>0.10000003296982987</CWH>
      <CFGlacier>1</CFGlacier>
      <CFSlope>1</CFSlope>
      <FC>139.17907005345964</FC>
      <LP>0.68040584147456984</LP>
      <BETA>5.6017903284318</BETA>
    </VegetationZoneParameters>
  </VegetationZone>
  <SubCatchment>
    <SubCatchmentParameters>
      <KSI>0.001</KSI>
      <KGmin>0.05</KGmin>
      <RangeKG>0.1</RangeKG>
      <AG>0.1</AG>
      <PERC>3.6137555747667531</PERC>
      <Alpha>0</Alpha>
      <UZL>71.673449448639346</UZL>
      <K0>0.33690171511984607</K0>
      <K1>0.11303847272530403</K1>
      <K2>0.049399554923137405</K2>
      <MAXBAS>1</MAXBAS>
      <Cet>0</Cet>
      <PCALT>10</PCALT>
      <TCALT>0.6</TCALT>
      <Pelev>601.5</Pelev>
      <Telev>601.5</Telev>
      <PART>0.5</PART>
      <DELAY>1</DELAY>
    </SubCatchmentParameters>
    <SubCatchmentVegetationZone>
      <SubCatchmentVegetationZoneParameters>
        <TT>-2.0000004874133093</TT>
        <CFMAX>1.6925493795224285</CFMAX>
        <SP>0</SP>
        <SFCF>0.95538213258157545</SFCF>
        <CFR>0.092647576475392082</CFR>
        <CWH>0.10000003296982987</CWH>
        <CFGlacier>1</CFGlacier>
        <CFSlope>1</CFSlope>
        <FC>139.17907005345964</FC>
        <LP>0.68040584147456984</LP>
        <BETA>5.6017903284318</BETA>
      </SubCatchmentVegetationZoneParameters>
    </SubCatchmentVegetationZone>
  </SubCatchment>
</Catchment>