<?xml version="1.0" encoding="utf-8"?>
<Catchment xmlns:xsi="http://www.w3.org/2001/XMLSchema-instance" xmlns:xsd="http://www.w3.org/2001/XMLSchema">
  <CatchmentParameters>
    <KSI>0.001</KSI>
    <KGmin>0.05</KGmin>
    <RangeKG>0.1</RangeKG>
    <AG>0.1</AG>
    <PERC>7.0124465554612962</PERC>
    <Alpha>0</Alpha>
    <UZL>130.51033675107081</UZL>
    <K0>0.48145507721038527</K0>
    <K1>0.21656410097120374</K1>
    <K2>0.079616427256404318</K2>
    <MAXBAS>1.0000225625866739</MAXBAS>
    <Cet>0</Cet>
    <PCALT>10</PCALT>
    <TCALT>0.6</TCALT>
    <Pelev>601.5</Pelev>
    <Telev>601.5</Telev>
    <PART>0.5</PART>
    <DELAY>1</DELAY>
  </CatchmentParameters>
  <VegetationZone>
    <VegetationZoneParameters>
      <TT>0.0880368802135028</TT>
      <CFMAX>2.5371243983717142</CFMAX>
      <SP>0</SP>
      <SFCF>0.636246023856559</SFCF>
      <CFR>0.037205539211959876</CFR>
      <CWH>0.10000000071694257</CWH>
      <CFGlacier>1</CFGlacier>
      <CFSlope>1</CFSlope>
      <FC>140.94990928473931</FC>
      <LP>0.788802179910387</LP>
      <BETA>3.4336511977263875</BETA>
    </VegetationZoneParameters>
  </VegetationZone>
  <SubCatchment>
    <SubCatchmentParameters>
      <KSI>0.001</KSI>
      <KGmin>0.05</KGmin>
      <RangeKG>0.1</RangeKG>
      <AG>0.1</AG>
      <PERC>7.0124465554612962</PERC>
      <Alpha>0</Alpha>
      <UZL>130.51033675107081</UZL>
      <K0>0.48145507721038527</K0>
      <K1>0.21656410097120374</K1>
      <K2>0.079616427256404318</K2>
      <MAXBAS>1.0000225625866739</MAXBAS>
      <Cet>0</Cet>
      <PCALT>10</PCALT>
      <TCALT>0.6</TCALT>
      <Pelev>601.5</Pelev>
      <Telev>601.5</Telev>
      <PART>0.5</PART>
      <DELAY>1</DELAY>
    </SubCatchmentParameters>
    <SubCatchmentVegetationZone>
      <SubCatchmentVegetationZoneParameters>
        <TT>0.0880368802135028</TT>
        <CFMAX>2.5371243983717142</CFMAX>
        <SP>0</SP>
        <SFCF>0.636246023856559</SFCF>
        <CFR>0.037205539211959876</CFR>
        <CWH>0.10000000071694257</CWH>
        <CFGlacier>1</CFGlacier>
        <CFSlope>1</CFSlope>
        <FC>140.94990928473931</FC>
        <LP>0.788802179910387</LP>
        <BETA>3.4336511977263875</BETA>
      </SubCatchmentVegetationZoneParameters>
    </SubCatchmentVegetationZone>
  </SubCatchment>
</Catchment>