<?xml version="1.0" encoding="utf-8"?>
<Catchment xmlns:xsi="http://www.w3.org/2001/XMLSchema-instance" xmlns:xsd="http://www.w3.org/2001/XMLSchema">
  <CatchmentParameters>
    <KSI>0.001</KSI>
    <KGmin>0.05</KGmin>
    <RangeKG>0.1</RangeKG>
    <AG>0.1</AG>
    <PERC>6.6517501479624528</PERC>
    <Alpha>0</Alpha>
    <UZL>153.79662358911858</UZL>
    <K0>0.43621850277792551</K0>
    <K1>0.16541899725763107</K1>
    <K2>0.080071277666593291</K2>
    <MAXBAS>1.004966898648674</MAXBAS>
    <Cet>0</Cet>
    <PCALT>10</PCALT>
    <TCALT>0.6</TCALT>
    <Pelev>601.5</Pelev>
    <Telev>601.5</Telev>
    <PART>0.5</PART>
    <DELAY>1</DELAY>
  </CatchmentParameters>
  <VegetationZone>
    <VegetationZoneParameters>
      <TT>-0.800000319583891</TT>
      <CFMAX>2.6921270897080869</CFMAX>
      <SP>0</SP>
      <SFCF>0.88624911984737509</SFCF>
      <CFR>0.06151792224957181</CFR>
      <CWH>0.10000020079990897</CWH>
      <CFGlacier>1</CFGlacier>
      <CFSlope>1</CFSlope>
      <FC>205.05606418220208</FC>
      <LP>0.52979763866735763</LP>
      <BETA>1.6658144466514275</BETA>
    </VegetationZoneParameters>
  </VegetationZone>
  <SubCatchment>
    <SubCatchmentParameters>
      <KSI>0.001</KSI>
      <KGmin>0.05</KGmin>
      <RangeKG>0.1</RangeKG>
      <AG>0.1</AG>
      <PERC>6.6517501479624528</PERC>
      <Alpha>0</Alpha>
      <UZL>153.79662358911858</UZL>
      <K0>0.43621850277792551</K0>
      <K1>0.16541899725763107</K1>
      <K2>0.080071277666593291</K2>
      <MAXBAS>1.004966898648674</MAXBAS>
      <Cet>0</Cet>
      <PCALT>10</PCALT>
      <TCALT>0.6</TCALT>
      <Pelev>601.5</Pelev>
      <Telev>601.5</Telev>
      <PART>0.5</PART>
      <DELAY>1</DELAY>
    </SubCatchmentParameters>
    <SubCatchmentVegetationZone>
      <SubCatchmentVegetationZoneParameters>
        <TT>-0.800000319583891</TT>
        <CFMAX>2.6921270897080869</CFMAX>
        <SP>0</SP>
        <SFCF>0.88624911984737509</SFCF>
        <CFR>0.06151792224957181</CFR>
        <CWH>0.10000020079990897</CWH>
        <CFGlacier>1</CFGlacier>
        <CFSlope>1</CFSlope>
        <FC>205.05606418220208</FC>
        <LP>0.52979763866735763</LP>
        <BETA>1.6658144466514275</BETA>
      </SubCatchmentVegetationZoneParameters>
    </SubCatchmentVegetationZone>
  </SubCatchment>
</Catchment>