<?xml version="1.0" encoding="utf-8"?>
<Catchment xmlns:xsi="http://www.w3.org/2001/XMLSchema-instance" xmlns:xsd="http://www.w3.org/2001/XMLSchema">
  <CatchmentParameters>
    <KSI>0.001</KSI>
    <KGmin>0.05</KGmin>
    <RangeKG>0.1</RangeKG>
    <AG>0.1</AG>
    <PERC>9.6864405050041125</PERC>
    <Alpha>0</Alpha>
    <UZL>97.683818144473818</UZL>
    <K0>0.050007212494235315</K0>
    <K1>0.23627947875647024</K1>
    <K2>0.0751264856584161</K2>
    <MAXBAS>1.0749095773785149</MAXBAS>
    <Cet>0</Cet>
    <PCALT>10</PCALT>
    <TCALT>0.6</TCALT>
    <Pelev>601.5</Pelev>
    <Telev>601.5</Telev>
    <PART>0.5</PART>
    <DELAY>1</DELAY>
  </CatchmentParameters>
  <VegetationZone>
    <VegetationZoneParameters>
      <TT>-0.9743345307476825</TT>
      <CFMAX>2.159768612313687</CFMAX>
      <SP>0</SP>
      <SFCF>0.79042747831447391</SFCF>
      <CFR>0.067224595837426751</CFR>
      <CWH>0.10000014313236597</CWH>
      <CFGlacier>1</CFGlacier>
      <CFSlope>1</CFSlope>
      <FC>117.70208720045494</FC>
      <LP>0.77832915971223349</LP>
      <BETA>3.9595210699862573</BETA>
    </VegetationZoneParameters>
  </VegetationZone>
  <SubCatchment>
    <SubCatchmentParameters>
      <KSI>0.001</KSI>
      <KGmin>0.05</KGmin>
      <RangeKG>0.1</RangeKG>
      <AG>0.1</AG>
      <PERC>9.6864405050041125</PERC>
      <Alpha>0</Alpha>
      <UZL>97.683818144473818</UZL>
      <K0>0.050007212494235315</K0>
      <K1>0.23627947875647024</K1>
      <K2>0.0751264856584161</K2>
      <MAXBAS>1.0749095773785149</MAXBAS>
      <Cet>0</Cet>
      <PCALT>10</PCALT>
      <TCALT>0.6</TCALT>
      <Pelev>601.5</Pelev>
      <Telev>601.5</Telev>
      <PART>0.5</PART>
      <DELAY>1</DELAY>
    </SubCatchmentParameters>
    <SubCatchmentVegetationZone>
      <SubCatchmentVegetationZoneParameters>
        <TT>-0.9743345307476825</TT>
        <CFMAX>2.159768612313687</CFMAX>
        <SP>0</SP>
        <SFCF>0.79042747831447391</SFCF>
        <CFR>0.067224595837426751</CFR>
        <CWH>0.10000014313236597</CWH>
        <CFGlacier>1</CFGlacier>
        <CFSlope>1</CFSlope>
        <FC>117.70208720045494</FC>
        <LP>0.77832915971223349</LP>
        <BETA>3.9595210699862573</BETA>
      </SubCatchmentVegetationZoneParameters>
    </SubCatchmentVegetationZone>
  </SubCatchment>
</Catchment>