<?xml version="1.0" encoding="utf-8"?>
<Catchment xmlns:xsi="http://www.w3.org/2001/XMLSchema-instance" xmlns:xsd="http://www.w3.org/2001/XMLSchema">
  <CatchmentParameters>
    <KSI>0.001</KSI>
    <KGmin>0.05</KGmin>
    <RangeKG>0.1</RangeKG>
    <AG>0.1</AG>
    <PERC>9.999966237998045</PERC>
    <Alpha>0</Alpha>
    <UZL>135.03947488086976</UZL>
    <K0>0.57197456314234629</K0>
    <K1>0.41288399320653818</K1>
    <K2>0.082941010757979147</K2>
    <MAXBAS>1.5566701873542266</MAXBAS>
    <Cet>0</Cet>
    <PCALT>10</PCALT>
    <TCALT>0.6</TCALT>
    <Pelev>601.5</Pelev>
    <Telev>601.5</Telev>
    <PART>0.5</PART>
    <DELAY>1</DELAY>
  </CatchmentParameters>
  <VegetationZone>
    <VegetationZoneParameters>
      <TT>-1.850001018111971</TT>
      <CFMAX>1.4744700278509744</CFMAX>
      <SP>0</SP>
      <SFCF>0.82948887233265634</SFCF>
      <CFR>0.062964485091144856</CFR>
      <CWH>0.10000016268471408</CWH>
      <CFGlacier>1</CFGlacier>
      <CFSlope>1</CFSlope>
      <FC>164.89025418297797</FC>
      <LP>0.78974501706001632</LP>
      <BETA>3.093807697007537</BETA>
    </VegetationZoneParameters>
  </VegetationZone>
  <SubCatchment>
    <SubCatchmentParameters>
      <KSI>0.001</KSI>
      <KGmin>0.05</KGmin>
      <RangeKG>0.1</RangeKG>
      <AG>0.1</AG>
      <PERC>9.999966237998045</PERC>
      <Alpha>0</Alpha>
      <UZL>135.03947488086976</UZL>
      <K0>0.57197456314234629</K0>
      <K1>0.41288399320653818</K1>
      <K2>0.082941010757979147</K2>
      <MAXBAS>1.5566701873542266</MAXBAS>
      <Cet>0</Cet>
      <PCALT>10</PCALT>
      <TCALT>0.6</TCALT>
      <Pelev>601.5</Pelev>
      <Telev>601.5</Telev>
      <PART>0.5</PART>
      <DELAY>1</DELAY>
    </SubCatchmentParameters>
    <SubCatchmentVegetationZone>
      <SubCatchmentVegetationZoneParameters>
        <TT>-1.850001018111971</TT>
        <CFMAX>1.4744700278509744</CFMAX>
        <SP>0</SP>
        <SFCF>0.82948887233265634</SFCF>
        <CFR>0.062964485091144856</CFR>
        <CWH>0.10000016268471408</CWH>
        <CFGlacier>1</CFGlacier>
        <CFSlope>1</CFSlope>
        <FC>164.89025418297797</FC>
        <LP>0.78974501706001632</LP>
        <BETA>3.093807697007537</BETA>
      </SubCatchmentVegetationZoneParameters>
    </SubCatchmentVegetationZone>
  </SubCatchment>
</Catchment>