<?xml version="1.0" encoding="utf-8"?>
<Catchment xmlns:xsi="http://www.w3.org/2001/XMLSchema-instance" xmlns:xsd="http://www.w3.org/2001/XMLSchema">
  <CatchmentParameters>
    <KSI>0.001</KSI>
    <KGmin>0.05</KGmin>
    <RangeKG>0.1</RangeKG>
    <AG>0.1</AG>
    <PERC>3.74829498977897</PERC>
    <Alpha>0</Alpha>
    <UZL>95.767051879963887</UZL>
    <K0>0.18821312093186704</K0>
    <K1>0.13556598260761285</K1>
    <K2>0.046049499260440024</K2>
    <MAXBAS>1</MAXBAS>
    <Cet>0</Cet>
    <PCALT>10</PCALT>
    <TCALT>0.6</TCALT>
    <Pelev>601.5</Pelev>
    <Telev>601.5</Telev>
    <PART>0.5</PART>
    <DELAY>1</DELAY>
  </CatchmentParameters>
  <VegetationZone>
    <VegetationZoneParameters>
      <TT>-1.0496577021008424</TT>
      <CFMAX>2.1837556862003304</CFMAX>
      <SP>0</SP>
      <SFCF>0.94333973969721541</SFCF>
      <CFR>2.9123939457675258E-09</CFR>
      <CWH>0.10000028969183344</CWH>
      <CFGlacier>1</CFGlacier>
      <CFSlope>1</CFSlope>
      <FC>115.88456412932526</FC>
      <LP>0.58225900910153217</LP>
      <BETA>4.7001216611029086</BETA>
    </VegetationZoneParameters>
  </VegetationZone>
  <SubCatchment>
    <SubCatchmentParameters>
      <KSI>0.001</KSI>
      <KGmin>0.05</KGmin>
      <RangeKG>0.1</RangeKG>
      <AG>0.1</AG>
      <PERC>3.74829498977897</PERC>
      <Alpha>0</Alpha>
      <UZL>95.767051879963887</UZL>
      <K0>0.18821312093186704</K0>
      <K1>0.13556598260761285</K1>
      <K2>0.046049499260440024</K2>
      <MAXBAS>1</MAXBAS>
      <Cet>0</Cet>
      <PCALT>10</PCALT>
      <TCALT>0.6</TCALT>
      <Pelev>601.5</Pelev>
      <Telev>601.5</Telev>
      <PART>0.5</PART>
      <DELAY>1</DELAY>
    </SubCatchmentParameters>
    <SubCatchmentVegetationZone>
      <SubCatchmentVegetationZoneParameters>
        <TT>-1.0496577021008424</TT>
        <CFMAX>2.1837556862003304</CFMAX>
        <SP>0</SP>
        <SFCF>0.94333973969721541</SFCF>
        <CFR>2.9123939457675258E-09</CFR>
        <CWH>0.10000028969183344</CWH>
        <CFGlacier>1</CFGlacier>
        <CFSlope>1</CFSlope>
        <FC>115.88456412932526</FC>
        <LP>0.58225900910153217</LP>
        <BETA>4.7001216611029086</BETA>
      </SubCatchmentVegetationZoneParameters>
    </SubCatchmentVegetationZone>
  </SubCatchment>
</Catchment>