<?xml version="1.0" encoding="utf-8"?>
<Catchment xmlns:xsi="http://www.w3.org/2001/XMLSchema-instance" xmlns:xsd="http://www.w3.org/2001/XMLSchema">
  <CatchmentParameters>
    <KSI>0.001</KSI>
    <KGmin>0.05</KGmin>
    <RangeKG>0.1</RangeKG>
    <AG>0.1</AG>
    <PERC>3.8010785793892672</PERC>
    <Alpha>0</Alpha>
    <UZL>78.216795160341064</UZL>
    <K0>0.4224064319846032</K0>
    <K1>0.1360970252968636</K1>
    <K2>0.046344912567836412</K2>
    <MAXBAS>1</MAXBAS>
    <Cet>0</Cet>
    <PCALT>10</PCALT>
    <TCALT>0.6</TCALT>
    <Pelev>601.5</Pelev>
    <Telev>601.5</Telev>
    <PART>0.5</PART>
    <DELAY>1</DELAY>
  </CatchmentParameters>
  <VegetationZone>
    <VegetationZoneParameters>
      <TT>-1.6753707426384712</TT>
      <CFMAX>1.8167837469535595</CFMAX>
      <SP>0</SP>
      <SFCF>0.92166069689286534</SFCF>
      <CFR>0.055010069010176382</CFR>
      <CWH>0.10000010244193339</CWH>
      <CFGlacier>1</CFGlacier>
      <CFSlope>1</CFSlope>
      <FC>108.18652681935674</FC>
      <LP>0.59895552674529084</LP>
      <BETA>4.7484708579635075</BETA>
    </VegetationZoneParameters>
  </VegetationZone>
  <SubCatchment>
    <SubCatchmentParameters>
      <KSI>0.001</KSI>
      <KGmin>0.05</KGmin>
      <RangeKG>0.1</RangeKG>
      <AG>0.1</AG>
      <PERC>3.8010785793892672</PERC>
      <Alpha>0</Alpha>
      <UZL>78.216795160341064</UZL>
      <K0>0.4224064319846032</K0>
      <K1>0.1360970252968636</K1>
      <K2>0.046344912567836412</K2>
      <MAXBAS>1</MAXBAS>
      <Cet>0</Cet>
      <PCALT>10</PCALT>
      <TCALT>0.6</TCALT>
      <Pelev>601.5</Pelev>
      <Telev>601.5</Telev>
      <PART>0.5</PART>
      <DELAY>1</DELAY>
    </SubCatchmentParameters>
    <SubCatchmentVegetationZone>
      <SubCatchmentVegetationZoneParameters>
        <TT>-1.6753707426384712</TT>
        <CFMAX>1.8167837469535595</CFMAX>
        <SP>0</SP>
        <SFCF>0.92166069689286534</SFCF>
        <CFR>0.055010069010176382</CFR>
        <CWH>0.10000010244193339</CWH>
        <CFGlacier>1</CFGlacier>
        <CFSlope>1</CFSlope>
        <FC>108.18652681935674</FC>
        <LP>0.59895552674529084</LP>
        <BETA>4.7484708579635075</BETA>
      </SubCatchmentVegetationZoneParameters>
    </SubCatchmentVegetationZone>
  </SubCatchment>
</Catchment>