<?xml version="1.0" encoding="utf-8"?>
<Catchment xmlns:xsi="http://www.w3.org/2001/XMLSchema-instance" xmlns:xsd="http://www.w3.org/2001/XMLSchema">
  <CatchmentParameters>
    <KSI>0.001</KSI>
    <KGmin>0.05</KGmin>
    <RangeKG>0.1</RangeKG>
    <AG>0.1</AG>
    <PERC>3.1450058845829147</PERC>
    <Alpha>0</Alpha>
    <UZL>79.064081727213321</UZL>
    <K0>0.13445602335027226</K0>
    <K1>0.11847596260147897</K1>
    <K2>0.046308030918401105</K2>
    <MAXBAS>1</MAXBAS>
    <Cet>0</Cet>
    <PCALT>10</PCALT>
    <TCALT>0.6</TCALT>
    <Pelev>601.5</Pelev>
    <Telev>601.5</Telev>
    <PART>0.5</PART>
    <DELAY>1</DELAY>
  </CatchmentParameters>
  <VegetationZone>
    <VegetationZoneParameters>
      <TT>-1.1741056812643089</TT>
      <CFMAX>2.2283376557848387</CFMAX>
      <SP>0</SP>
      <SFCF>0.92857501323250646</SFCF>
      <CFR>0.024965721580940511</CFR>
      <CWH>0.1000000901647656</CWH>
      <CFGlacier>1</CFGlacier>
      <CFSlope>1</CFSlope>
      <FC>130.44641347076509</FC>
      <LP>0.6801489773678483</LP>
      <BETA>5.2626107800595223</BETA>
    </VegetationZoneParameters>
  </VegetationZone>
  <SubCatchment>
    <SubCatchmentParameters>
      <KSI>0.001</KSI>
      <KGmin>0.05</KGmin>
      <RangeKG>0.1</RangeKG>
      <AG>0.1</AG>
      <PERC>3.1450058845829147</PERC>
      <Alpha>0</Alpha>
      <UZL>79.064081727213321</UZL>
      <K0>0.13445602335027226</K0>
      <K1>0.11847596260147897</K1>
      <K2>0.046308030918401105</K2>
      <MAXBAS>1</MAXBAS>
      <Cet>0</Cet>
      <PCALT>10</PCALT>
      <TCALT>0.6</TCALT>
      <Pelev>601.5</Pelev>
      <Telev>601.5</Telev>
      <PART>0.5</PART>
      <DELAY>1</DELAY>
    </SubCatchmentParameters>
    <SubCatchmentVegetationZone>
      <SubCatchmentVegetationZoneParameters>
        <TT>-1.1741056812643089</TT>
        <CFMAX>2.2283376557848387</CFMAX>
        <SP>0</SP>
        <SFCF>0.92857501323250646</SFCF>
        <CFR>0.024965721580940511</CFR>
        <CWH>0.1000000901647656</CWH>
        <CFGlacier>1</CFGlacier>
        <CFSlope>1</CFSlope>
        <FC>130.44641347076509</FC>
        <LP>0.6801489773678483</LP>
        <BETA>5.2626107800595223</BETA>
      </SubCatchmentVegetationZoneParameters>
    </SubCatchmentVegetationZone>
  </SubCatchment>
</Catchment>