<?xml version="1.0" encoding="utf-8"?>
<Catchment xmlns:xsi="http://www.w3.org/2001/XMLSchema-instance" xmlns:xsd="http://www.w3.org/2001/XMLSchema">
  <CatchmentParameters>
    <KSI>0.001</KSI>
    <KGmin>0.05</KGmin>
    <RangeKG>0.1</RangeKG>
    <AG>0.1</AG>
    <PERC>5.2704873744446346</PERC>
    <Alpha>0</Alpha>
    <UZL>83.144779805501074</UZL>
    <K0>0.15208523181487119</K0>
    <K1>0.17124856074083594</K1>
    <K2>0.04707025872883229</K2>
    <MAXBAS>1.0000064798208319</MAXBAS>
    <Cet>0</Cet>
    <PCALT>10</PCALT>
    <TCALT>0.6</TCALT>
    <Pelev>601.5</Pelev>
    <Telev>601.5</Telev>
    <PART>0.5</PART>
    <DELAY>1</DELAY>
  </CatchmentParameters>
  <VegetationZone>
    <VegetationZoneParameters>
      <TT>-0.51494687579085374</TT>
      <CFMAX>2.3823232679071285</CFMAX>
      <SP>0</SP>
      <SFCF>0.78631043596283756</SFCF>
      <CFR>0.025829831859837397</CFR>
      <CWH>0.10000002412750539</CWH>
      <CFGlacier>1</CFGlacier>
      <CFSlope>1</CFSlope>
      <FC>124.64278058607586</FC>
      <LP>0.833959624562348</LP>
      <BETA>5.0038244534297265</BETA>
    </VegetationZoneParameters>
  </VegetationZone>
  <SubCatchment>
    <SubCatchmentParameters>
      <KSI>0.001</KSI>
      <KGmin>0.05</KGmin>
      <RangeKG>0.1</RangeKG>
      <AG>0.1</AG>
      <PERC>5.2704873744446346</PERC>
      <Alpha>0</Alpha>
      <UZL>83.144779805501074</UZL>
      <K0>0.15208523181487119</K0>
      <K1>0.17124856074083594</K1>
      <K2>0.04707025872883229</K2>
      <MAXBAS>1.0000064798208319</MAXBAS>
      <Cet>0</Cet>
      <PCALT>10</PCALT>
      <TCALT>0.6</TCALT>
      <Pelev>601.5</Pelev>
      <Telev>601.5</Telev>
      <PART>0.5</PART>
      <DELAY>1</DELAY>
    </SubCatchmentParameters>
    <SubCatchmentVegetationZone>
      <SubCatchmentVegetationZoneParameters>
        <TT>-0.51494687579085374</TT>
        <CFMAX>2.3823232679071285</CFMAX>
        <SP>0</SP>
        <SFCF>0.78631043596283756</SFCF>
        <CFR>0.025829831859837397</CFR>
        <CWH>0.10000002412750539</CWH>
        <CFGlacier>1</CFGlacier>
        <CFSlope>1</CFSlope>
        <FC>124.64278058607586</FC>
        <LP>0.833959624562348</LP>
        <BETA>5.0038244534297265</BETA>
      </SubCatchmentVegetationZoneParameters>
    </SubCatchmentVegetationZone>
  </SubCatchment>
</Catchment>