<?xml version="1.0" encoding="utf-8"?>
<Catchment xmlns:xsi="http://www.w3.org/2001/XMLSchema-instance" xmlns:xsd="http://www.w3.org/2001/XMLSchema">
  <CatchmentParameters>
    <KSI>0.001</KSI>
    <KGmin>0.05</KGmin>
    <RangeKG>0.1</RangeKG>
    <AG>0.1</AG>
    <PERC>2.8711506704617182</PERC>
    <Alpha>0</Alpha>
    <UZL>72.1884851529633</UZL>
    <K0>0.324557617861511</K0>
    <K1>0.11193333719050412</K1>
    <K2>0.0496739593952009</K2>
    <MAXBAS>1</MAXBAS>
    <Cet>0</Cet>
    <PCALT>10</PCALT>
    <TCALT>0.6</TCALT>
    <Pelev>601.5</Pelev>
    <Telev>601.5</Telev>
    <PART>0.5</PART>
    <DELAY>1</DELAY>
  </CatchmentParameters>
  <VegetationZone>
    <VegetationZoneParameters>
      <TT>-1.8500014390001438</TT>
      <CFMAX>1.6790366416003948</CFMAX>
      <SP>0</SP>
      <SFCF>0.94374113651667513</SFCF>
      <CFR>0.03378024584681355</CFR>
      <CWH>0.10000000005408642</CWH>
      <CFGlacier>1</CFGlacier>
      <CFSlope>1</CFSlope>
      <FC>131.59250039734141</FC>
      <LP>0.613167034094223</LP>
      <BETA>4.3659767796170268</BETA>
    </VegetationZoneParameters>
  </VegetationZone>
  <SubCatchment>
    <SubCatchmentParameters>
      <KSI>0.001</KSI>
      <KGmin>0.05</KGmin>
      <RangeKG>0.1</RangeKG>
      <AG>0.1</AG>
      <PERC>2.8711506704617182</PERC>
      <Alpha>0</Alpha>
      <UZL>72.1884851529633</UZL>
      <K0>0.324557617861511</K0>
      <K1>0.11193333719050412</K1>
      <K2>0.0496739593952009</K2>
      <MAXBAS>1</MAXBAS>
      <Cet>0</Cet>
      <PCALT>10</PCALT>
      <TCALT>0.6</TCALT>
      <Pelev>601.5</Pelev>
      <Telev>601.5</Telev>
      <PART>0.5</PART>
      <DELAY>1</DELAY>
    </SubCatchmentParameters>
    <SubCatchmentVegetationZone>
      <SubCatchmentVegetationZoneParameters>
        <TT>-1.8500014390001438</TT>
        <CFMAX>1.6790366416003948</CFMAX>
        <SP>0</SP>
        <SFCF>0.94374113651667513</SFCF>
        <CFR>0.03378024584681355</CFR>
        <CWH>0.10000000005408642</CWH>
        <CFGlacier>1</CFGlacier>
        <CFSlope>1</CFSlope>
        <FC>131.59250039734141</FC>
        <LP>0.613167034094223</LP>
        <BETA>4.3659767796170268</BETA>
      </SubCatchmentVegetationZoneParameters>
    </SubCatchmentVegetationZone>
  </SubCatchment>
</Catchment>