<?xml version="1.0" encoding="utf-8"?>
<Catchment xmlns:xsi="http://www.w3.org/2001/XMLSchema-instance" xmlns:xsd="http://www.w3.org/2001/XMLSchema">
  <CatchmentParameters>
    <KSI>0.001</KSI>
    <KGmin>0.05</KGmin>
    <RangeKG>0.1</RangeKG>
    <AG>0.1</AG>
    <PERC>4.2400359892721911</PERC>
    <Alpha>0</Alpha>
    <UZL>72.371247442098252</UZL>
    <K0>0.47514617352658162</K0>
    <K1>0.14012395240010062</K1>
    <K2>0.0530215094367171</K2>
    <MAXBAS>1</MAXBAS>
    <Cet>0</Cet>
    <PCALT>10</PCALT>
    <TCALT>0.6</TCALT>
    <Pelev>601.5</Pelev>
    <Telev>601.5</Telev>
    <PART>0.5</PART>
    <DELAY>1</DELAY>
  </CatchmentParameters>
  <VegetationZone>
    <VegetationZoneParameters>
      <TT>-1.8500005199172529</TT>
      <CFMAX>1.715385400333312</CFMAX>
      <SP>0</SP>
      <SFCF>0.9202529572881345</SFCF>
      <CFR>0.056224708535555674</CFR>
      <CWH>0.10000000048129329</CWH>
      <CFGlacier>1</CFGlacier>
      <CFSlope>1</CFSlope>
      <FC>120.73693057022034</FC>
      <LP>0.60373303057803152</LP>
      <BETA>4.1044061314392231</BETA>
    </VegetationZoneParameters>
  </VegetationZone>
  <SubCatchment>
    <SubCatchmentParameters>
      <KSI>0.001</KSI>
      <KGmin>0.05</KGmin>
      <RangeKG>0.1</RangeKG>
      <AG>0.1</AG>
      <PERC>4.2400359892721911</PERC>
      <Alpha>0</Alpha>
      <UZL>72.371247442098252</UZL>
      <K0>0.47514617352658162</K0>
      <K1>0.14012395240010062</K1>
      <K2>0.0530215094367171</K2>
      <MAXBAS>1</MAXBAS>
      <Cet>0</Cet>
      <PCALT>10</PCALT>
      <TCALT>0.6</TCALT>
      <Pelev>601.5</Pelev>
      <Telev>601.5</Telev>
      <PART>0.5</PART>
      <DELAY>1</DELAY>
    </SubCatchmentParameters>
    <SubCatchmentVegetationZone>
      <SubCatchmentVegetationZoneParameters>
        <TT>-1.8500005199172529</TT>
        <CFMAX>1.715385400333312</CFMAX>
        <SP>0</SP>
        <SFCF>0.9202529572881345</SFCF>
        <CFR>0.056224708535555674</CFR>
        <CWH>0.10000000048129329</CWH>
        <CFGlacier>1</CFGlacier>
        <CFSlope>1</CFSlope>
        <FC>120.73693057022034</FC>
        <LP>0.60373303057803152</LP>
        <BETA>4.1044061314392231</BETA>
      </SubCatchmentVegetationZoneParameters>
    </SubCatchmentVegetationZone>
  </SubCatchment>
</Catchment>