<?xml version="1.0" encoding="utf-8"?>
<Catchment xmlns:xsi="http://www.w3.org/2001/XMLSchema-instance" xmlns:xsd="http://www.w3.org/2001/XMLSchema">
  <CatchmentParameters>
    <KSI>0.001</KSI>
    <KGmin>0.05</KGmin>
    <RangeKG>0.1</RangeKG>
    <AG>0.1</AG>
    <PERC>4.6854019293301468</PERC>
    <Alpha>0</Alpha>
    <UZL>91.3314351012878</UZL>
    <K0>0.25345950838112941</K0>
    <K1>0.14306886111504949</K1>
    <K2>0.050071718612244243</K2>
    <MAXBAS>1</MAXBAS>
    <Cet>0</Cet>
    <PCALT>10</PCALT>
    <TCALT>0.6</TCALT>
    <Pelev>601.5</Pelev>
    <Telev>601.5</Telev>
    <PART>0.5</PART>
    <DELAY>1</DELAY>
  </CatchmentParameters>
  <VegetationZone>
    <VegetationZoneParameters>
      <TT>-1.211178403926259</TT>
      <CFMAX>2.2570730724398134</CFMAX>
      <SP>0</SP>
      <SFCF>0.926717028596617</SFCF>
      <CFR>0.036853161182807452</CFR>
      <CWH>0.10000000002601892</CWH>
      <CFGlacier>1</CFGlacier>
      <CFSlope>1</CFSlope>
      <FC>132.58108482312559</FC>
      <LP>0.687015649500828</LP>
      <BETA>5.1777955287070556</BETA>
    </VegetationZoneParameters>
  </VegetationZone>
  <SubCatchment>
    <SubCatchmentParameters>
      <KSI>0.001</KSI>
      <KGmin>0.05</KGmin>
      <RangeKG>0.1</RangeKG>
      <AG>0.1</AG>
      <PERC>4.6854019293301468</PERC>
      <Alpha>0</Alpha>
      <UZL>91.3314351012878</UZL>
      <K0>0.25345950838112941</K0>
      <K1>0.14306886111504949</K1>
      <K2>0.050071718612244243</K2>
      <MAXBAS>1</MAXBAS>
      <Cet>0</Cet>
      <PCALT>10</PCALT>
      <TCALT>0.6</TCALT>
      <Pelev>601.5</Pelev>
      <Telev>601.5</Telev>
      <PART>0.5</PART>
      <DELAY>1</DELAY>
    </SubCatchmentParameters>
    <SubCatchmentVegetationZone>
      <SubCatchmentVegetationZoneParameters>
        <TT>-1.211178403926259</TT>
        <CFMAX>2.2570730724398134</CFMAX>
        <SP>0</SP>
        <SFCF>0.926717028596617</SFCF>
        <CFR>0.036853161182807452</CFR>
        <CWH>0.10000000002601892</CWH>
        <CFGlacier>1</CFGlacier>
        <CFSlope>1</CFSlope>
        <FC>132.58108482312559</FC>
        <LP>0.687015649500828</LP>
        <BETA>5.1777955287070556</BETA>
      </SubCatchmentVegetationZoneParameters>
    </SubCatchmentVegetationZone>
  </SubCatchment>
</Catchment>