<?xml version="1.0" encoding="utf-8"?>
<Catchment xmlns:xsi="http://www.w3.org/2001/XMLSchema-instance" xmlns:xsd="http://www.w3.org/2001/XMLSchema">
  <CatchmentParameters>
    <KSI>0.001</KSI>
    <KGmin>0.05</KGmin>
    <RangeKG>0.1</RangeKG>
    <AG>0.1</AG>
    <PERC>3.8418571155795211</PERC>
    <Alpha>0</Alpha>
    <UZL>74.340613369697508</UZL>
    <K0>0.98999585964153358</K0>
    <K1>0.14476664389926877</K1>
    <K2>0.049763926199103664</K2>
    <MAXBAS>1</MAXBAS>
    <Cet>0</Cet>
    <PCALT>10</PCALT>
    <TCALT>0.6</TCALT>
    <Pelev>601.5</Pelev>
    <Telev>601.5</Telev>
    <PART>0.5</PART>
    <DELAY>1</DELAY>
  </CatchmentParameters>
  <VegetationZone>
    <VegetationZoneParameters>
      <TT>-2.0000014177045071</TT>
      <CFMAX>1.4401876745506816</CFMAX>
      <SP>0</SP>
      <SFCF>0.84291273185905691</SFCF>
      <CFR>0.059472204091130285</CFR>
      <CWH>0.10000028728285512</CWH>
      <CFGlacier>1</CFGlacier>
      <CFSlope>1</CFSlope>
      <FC>98.989155254336637</FC>
      <LP>0.67510565287918867</LP>
      <BETA>5.3644268354046654</BETA>
    </VegetationZoneParameters>
  </VegetationZone>
  <SubCatchment>
    <SubCatchmentParameters>
      <KSI>0.001</KSI>
      <KGmin>0.05</KGmin>
      <RangeKG>0.1</RangeKG>
      <AG>0.1</AG>
      <PERC>3.8418571155795211</PERC>
      <Alpha>0</Alpha>
      <UZL>74.340613369697508</UZL>
      <K0>0.98999585964153358</K0>
      <K1>0.14476664389926877</K1>
      <K2>0.049763926199103664</K2>
      <MAXBAS>1</MAXBAS>
      <Cet>0</Cet>
      <PCALT>10</PCALT>
      <TCALT>0.6</TCALT>
      <Pelev>601.5</Pelev>
      <Telev>601.5</Telev>
      <PART>0.5</PART>
      <DELAY>1</DELAY>
    </SubCatchmentParameters>
    <SubCatchmentVegetationZone>
      <SubCatchmentVegetationZoneParameters>
        <TT>-2.0000014177045071</TT>
        <CFMAX>1.4401876745506816</CFMAX>
        <SP>0</SP>
        <SFCF>0.84291273185905691</SFCF>
        <CFR>0.059472204091130285</CFR>
        <CWH>0.10000028728285512</CWH>
        <CFGlacier>1</CFGlacier>
        <CFSlope>1</CFSlope>
        <FC>98.989155254336637</FC>
        <LP>0.67510565287918867</LP>
        <BETA>5.3644268354046654</BETA>
      </SubCatchmentVegetationZoneParameters>
    </SubCatchmentVegetationZone>
  </SubCatchment>
</Catchment>