<?xml version="1.0" encoding="utf-8"?>
<Catchment xmlns:xsi="http://www.w3.org/2001/XMLSchema-instance" xmlns:xsd="http://www.w3.org/2001/XMLSchema">
  <CatchmentParameters>
    <KSI>0.001</KSI>
    <KGmin>0.05</KGmin>
    <RangeKG>0.1</RangeKG>
    <AG>0.1</AG>
    <PERC>4.3051474375087952</PERC>
    <Alpha>0</Alpha>
    <UZL>112.30564850063583</UZL>
    <K0>0.33495138094970855</K0>
    <K1>0.1405588507367313</K1>
    <K2>0.046567317993098739</K2>
    <MAXBAS>1</MAXBAS>
    <Cet>0</Cet>
    <PCALT>10</PCALT>
    <TCALT>0.6</TCALT>
    <Pelev>601.5</Pelev>
    <Telev>601.5</Telev>
    <PART>0.5</PART>
    <DELAY>1</DELAY>
  </CatchmentParameters>
  <VegetationZone>
    <VegetationZoneParameters>
      <TT>-0.83517923295874263</TT>
      <CFMAX>2.39337573712783</CFMAX>
      <SP>0</SP>
      <SFCF>0.88962847315769389</SFCF>
      <CFR>0.017791283734351408</CFR>
      <CWH>0.10000004303677093</CWH>
      <CFGlacier>1</CFGlacier>
      <CFSlope>1</CFSlope>
      <FC>105.21840933810633</FC>
      <LP>0.70997420349366835</LP>
      <BETA>5.9999603579071277</BETA>
    </VegetationZoneParameters>
  </VegetationZone>
  <SubCatchment>
    <SubCatchmentParameters>
      <KSI>0.001</KSI>
      <KGmin>0.05</KGmin>
      <RangeKG>0.1</RangeKG>
      <AG>0.1</AG>
      <PERC>4.3051474375087952</PERC>
      <Alpha>0</Alpha>
      <UZL>112.30564850063583</UZL>
      <K0>0.33495138094970855</K0>
      <K1>0.1405588507367313</K1>
      <K2>0.046567317993098739</K2>
      <MAXBAS>1</MAXBAS>
      <Cet>0</Cet>
      <PCALT>10</PCALT>
      <TCALT>0.6</TCALT>
      <Pelev>601.5</Pelev>
      <Telev>601.5</Telev>
      <PART>0.5</PART>
      <DELAY>1</DELAY>
    </SubCatchmentParameters>
    <SubCatchmentVegetationZone>
      <SubCatchmentVegetationZoneParameters>
        <TT>-0.83517923295874263</TT>
        <CFMAX>2.39337573712783</CFMAX>
        <SP>0</SP>
        <SFCF>0.88962847315769389</SFCF>
        <CFR>0.017791283734351408</CFR>
        <CWH>0.10000004303677093</CWH>
        <CFGlacier>1</CFGlacier>
        <CFSlope>1</CFSlope>
        <FC>105.21840933810633</FC>
        <LP>0.70997420349366835</LP>
        <BETA>5.9999603579071277</BETA>
      </SubCatchmentVegetationZoneParameters>
    </SubCatchmentVegetationZone>
  </SubCatchment>
</Catchment>