<?xml version="1.0" encoding="utf-8"?>
<Catchment xmlns:xsi="http://www.w3.org/2001/XMLSchema-instance" xmlns:xsd="http://www.w3.org/2001/XMLSchema">
  <CatchmentParameters>
    <KSI>0.001</KSI>
    <KGmin>0.05</KGmin>
    <RangeKG>0.1</RangeKG>
    <AG>0.1</AG>
    <PERC>8.7677968743995969</PERC>
    <Alpha>0</Alpha>
    <UZL>130.01140123629807</UZL>
    <K0>0.55536676033619747</K0>
    <K1>0.230979198160546</K1>
    <K2>0.08762084277776605</K2>
    <MAXBAS>1.0000047649915858</MAXBAS>
    <Cet>0</Cet>
    <PCALT>10</PCALT>
    <TCALT>0.6</TCALT>
    <Pelev>601.5</Pelev>
    <Telev>601.5</Telev>
    <PART>0.5</PART>
    <DELAY>1</DELAY>
  </CatchmentParameters>
  <VegetationZone>
    <VegetationZoneParameters>
      <TT>-0.50000169687238893</TT>
      <CFMAX>2.1975801862753284</CFMAX>
      <SP>0</SP>
      <SFCF>0.68055437061247226</SFCF>
      <CFR>0.057273796978822296</CFR>
      <CWH>0.10000094430790285</CWH>
      <CFGlacier>1</CFGlacier>
      <CFSlope>1</CFSlope>
      <FC>131.14387665234821</FC>
      <LP>0.73889490757554366</LP>
      <BETA>3.3224956822885359</BETA>
    </VegetationZoneParameters>
  </VegetationZone>
  <SubCatchment>
    <SubCatchmentParameters>
      <KSI>0.001</KSI>
      <KGmin>0.05</KGmin>
      <RangeKG>0.1</RangeKG>
      <AG>0.1</AG>
      <PERC>8.7677968743995969</PERC>
      <Alpha>0</Alpha>
      <UZL>130.01140123629807</UZL>
      <K0>0.55536676033619747</K0>
      <K1>0.230979198160546</K1>
      <K2>0.08762084277776605</K2>
      <MAXBAS>1.0000047649915858</MAXBAS>
      <Cet>0</Cet>
      <PCALT>10</PCALT>
      <TCALT>0.6</TCALT>
      <Pelev>601.5</Pelev>
      <Telev>601.5</Telev>
      <PART>0.5</PART>
      <DELAY>1</DELAY>
    </SubCatchmentParameters>
    <SubCatchmentVegetationZone>
      <SubCatchmentVegetationZoneParameters>
        <TT>-0.50000169687238893</TT>
        <CFMAX>2.1975801862753284</CFMAX>
        <SP>0</SP>
        <SFCF>0.68055437061247226</SFCF>
        <CFR>0.057273796978822296</CFR>
        <CWH>0.10000094430790285</CWH>
        <CFGlacier>1</CFGlacier>
        <CFSlope>1</CFSlope>
        <FC>131.14387665234821</FC>
        <LP>0.73889490757554366</LP>
        <BETA>3.3224956822885359</BETA>
      </SubCatchmentVegetationZoneParameters>
    </SubCatchmentVegetationZone>
  </SubCatchment>
</Catchment>