<?xml version="1.0" encoding="utf-8"?>
<Catchment xmlns:xsi="http://www.w3.org/2001/XMLSchema-instance" xmlns:xsd="http://www.w3.org/2001/XMLSchema">
  <CatchmentParameters>
    <KSI>0.001</KSI>
    <KGmin>0.05</KGmin>
    <RangeKG>0.1</RangeKG>
    <AG>0.1</AG>
    <PERC>8.7638632070054587</PERC>
    <Alpha>0</Alpha>
    <UZL>96.617238424338566</UZL>
    <K0>0.51959338352766271</K0>
    <K1>0.22857388813866636</K1>
    <K2>0.077111837063031943</K2>
    <MAXBAS>1.0022710591009783</MAXBAS>
    <Cet>0</Cet>
    <PCALT>10</PCALT>
    <TCALT>0.6</TCALT>
    <Pelev>601.5</Pelev>
    <Telev>601.5</Telev>
    <PART>0.5</PART>
    <DELAY>1</DELAY>
  </CatchmentParameters>
  <VegetationZone>
    <VegetationZoneParameters>
      <TT>-0.52162803088250576</TT>
      <CFMAX>2.2707456288975</CFMAX>
      <SP>0</SP>
      <SFCF>0.7337747594764189</SFCF>
      <CFR>0.038130315464552492</CFR>
      <CWH>0.10000008044918621</CWH>
      <CFGlacier>1</CFGlacier>
      <CFSlope>1</CFSlope>
      <FC>105.9794301037165</FC>
      <LP>0.62385701121271442</LP>
      <BETA>2.8380158867294316</BETA>
    </VegetationZoneParameters>
  </VegetationZone>
  <SubCatchment>
    <SubCatchmentParameters>
      <KSI>0.001</KSI>
      <KGmin>0.05</KGmin>
      <RangeKG>0.1</RangeKG>
      <AG>0.1</AG>
      <PERC>8.7638632070054587</PERC>
      <Alpha>0</Alpha>
      <UZL>96.617238424338566</UZL>
      <K0>0.51959338352766271</K0>
      <K1>0.22857388813866636</K1>
      <K2>0.077111837063031943</K2>
      <MAXBAS>1.0022710591009783</MAXBAS>
      <Cet>0</Cet>
      <PCALT>10</PCALT>
      <TCALT>0.6</TCALT>
      <Pelev>601.5</Pelev>
      <Telev>601.5</Telev>
      <PART>0.5</PART>
      <DELAY>1</DELAY>
    </SubCatchmentParameters>
    <SubCatchmentVegetationZone>
      <SubCatchmentVegetationZoneParameters>
        <TT>-0.52162803088250576</TT>
        <CFMAX>2.2707456288975</CFMAX>
        <SP>0</SP>
        <SFCF>0.7337747594764189</SFCF>
        <CFR>0.038130315464552492</CFR>
        <CWH>0.10000008044918621</CWH>
        <CFGlacier>1</CFGlacier>
        <CFSlope>1</CFSlope>
        <FC>105.9794301037165</FC>
        <LP>0.62385701121271442</LP>
        <BETA>2.8380158867294316</BETA>
      </SubCatchmentVegetationZoneParameters>
    </SubCatchmentVegetationZone>
  </SubCatchment>
</Catchment>