<?xml version="1.0" encoding="utf-8"?>
<Catchment xmlns:xsi="http://www.w3.org/2001/XMLSchema-instance" xmlns:xsd="http://www.w3.org/2001/XMLSchema">
  <CatchmentParameters>
    <KSI>0.001</KSI>
    <KGmin>0.05</KGmin>
    <RangeKG>0.1</RangeKG>
    <AG>0.1</AG>
    <PERC>7.4668600301824153</PERC>
    <Alpha>0</Alpha>
    <UZL>152.38708739961982</UZL>
    <K0>0.58796318234222378</K0>
    <K1>0.21730847981308624</K1>
    <K2>0.072410258359410284</K2>
    <MAXBAS>1.0000136182590191</MAXBAS>
    <Cet>0</Cet>
    <PCALT>10</PCALT>
    <TCALT>0.6</TCALT>
    <Pelev>601.5</Pelev>
    <Telev>601.5</Telev>
    <PART>0.5</PART>
    <DELAY>1</DELAY>
  </CatchmentParameters>
  <VegetationZone>
    <VegetationZoneParameters>
      <TT>-0.774161415166763</TT>
      <CFMAX>2.0581354773305667</CFMAX>
      <SP>0</SP>
      <SFCF>0.77771109707819319</SFCF>
      <CFR>0.014757481486234991</CFR>
      <CWH>0.10000005473342427</CWH>
      <CFGlacier>1</CFGlacier>
      <CFSlope>1</CFSlope>
      <FC>123.19330418813537</FC>
      <LP>0.69939818908127172</LP>
      <BETA>2.9852949188834952</BETA>
    </VegetationZoneParameters>
  </VegetationZone>
  <SubCatchment>
    <SubCatchmentParameters>
      <KSI>0.001</KSI>
      <KGmin>0.05</KGmin>
      <RangeKG>0.1</RangeKG>
      <AG>0.1</AG>
      <PERC>7.4668600301824153</PERC>
      <Alpha>0</Alpha>
      <UZL>152.38708739961982</UZL>
      <K0>0.58796318234222378</K0>
      <K1>0.21730847981308624</K1>
      <K2>0.072410258359410284</K2>
      <MAXBAS>1.0000136182590191</MAXBAS>
      <Cet>0</Cet>
      <PCALT>10</PCALT>
      <TCALT>0.6</TCALT>
      <Pelev>601.5</Pelev>
      <Telev>601.5</Telev>
      <PART>0.5</PART>
      <DELAY>1</DELAY>
    </SubCatchmentParameters>
    <SubCatchmentVegetationZone>
      <SubCatchmentVegetationZoneParameters>
        <TT>-0.774161415166763</TT>
        <CFMAX>2.0581354773305667</CFMAX>
        <SP>0</SP>
        <SFCF>0.77771109707819319</SFCF>
        <CFR>0.014757481486234991</CFR>
        <CWH>0.10000005473342427</CWH>
        <CFGlacier>1</CFGlacier>
        <CFSlope>1</CFSlope>
        <FC>123.19330418813537</FC>
        <LP>0.69939818908127172</LP>
        <BETA>2.9852949188834952</BETA>
      </SubCatchmentVegetationZoneParameters>
    </SubCatchmentVegetationZone>
  </SubCatchment>
</Catchment>