<?xml version="1.0" encoding="utf-8"?>
<Catchment xmlns:xsi="http://www.w3.org/2001/XMLSchema-instance" xmlns:xsd="http://www.w3.org/2001/XMLSchema">
  <CatchmentParameters>
    <KSI>0.001</KSI>
    <KGmin>0.05</KGmin>
    <RangeKG>0.1</RangeKG>
    <AG>0.1</AG>
    <PERC>7.8978752520586912</PERC>
    <Alpha>0</Alpha>
    <UZL>166.99852118383097</UZL>
    <K0>0.21929832889009279</K0>
    <K1>0.19996260616713943</K1>
    <K2>0.058408843297553317</K2>
    <MAXBAS>1.0000084956472441</MAXBAS>
    <Cet>0</Cet>
    <PCALT>10</PCALT>
    <TCALT>0.6</TCALT>
    <Pelev>601.5</Pelev>
    <Telev>601.5</Telev>
    <PART>0.5</PART>
    <DELAY>1</DELAY>
  </CatchmentParameters>
  <VegetationZone>
    <VegetationZoneParameters>
      <TT>-0.50082320840161021</TT>
      <CFMAX>2.4408672986085991</CFMAX>
      <SP>0</SP>
      <SFCF>0.78276392554741958</SFCF>
      <CFR>0.0351820205354694</CFR>
      <CWH>0.10000014530437311</CWH>
      <CFGlacier>1</CFGlacier>
      <CFSlope>1</CFSlope>
      <FC>103.86812665751312</FC>
      <LP>0.80067365265628454</LP>
      <BETA>5.0959448836003762</BETA>
    </VegetationZoneParameters>
  </VegetationZone>
  <SubCatchment>
    <SubCatchmentParameters>
      <KSI>0.001</KSI>
      <KGmin>0.05</KGmin>
      <RangeKG>0.1</RangeKG>
      <AG>0.1</AG>
      <PERC>7.8978752520586912</PERC>
      <Alpha>0</Alpha>
      <UZL>166.99852118383097</UZL>
      <K0>0.21929832889009279</K0>
      <K1>0.19996260616713943</K1>
      <K2>0.058408843297553317</K2>
      <MAXBAS>1.0000084956472441</MAXBAS>
      <Cet>0</Cet>
      <PCALT>10</PCALT>
      <TCALT>0.6</TCALT>
      <Pelev>601.5</Pelev>
      <Telev>601.5</Telev>
      <PART>0.5</PART>
      <DELAY>1</DELAY>
    </SubCatchmentParameters>
    <SubCatchmentVegetationZone>
      <SubCatchmentVegetationZoneParameters>
        <TT>-0.50082320840161021</TT>
        <CFMAX>2.4408672986085991</CFMAX>
        <SP>0</SP>
        <SFCF>0.78276392554741958</SFCF>
        <CFR>0.0351820205354694</CFR>
        <CWH>0.10000014530437311</CWH>
        <CFGlacier>1</CFGlacier>
        <CFSlope>1</CFSlope>
        <FC>103.86812665751312</FC>
        <LP>0.80067365265628454</LP>
        <BETA>5.0959448836003762</BETA>
      </SubCatchmentVegetationZoneParameters>
    </SubCatchmentVegetationZone>
  </SubCatchment>
</Catchment>