<?xml version="1.0" encoding="utf-8"?>
<Catchment xmlns:xsi="http://www.w3.org/2001/XMLSchema-instance" xmlns:xsd="http://www.w3.org/2001/XMLSchema">
  <CatchmentParameters>
    <KSI>0.001</KSI>
    <KGmin>0.05</KGmin>
    <RangeKG>0.1</RangeKG>
    <AG>0.1</AG>
    <PERC>4.2239170295014583</PERC>
    <Alpha>0</Alpha>
    <UZL>49.439161537838316</UZL>
    <K0>0.31116005590998813</K0>
    <K1>0.133686805053816</K1>
    <K2>0.0541425231961835</K2>
    <MAXBAS>1</MAXBAS>
    <Cet>0</Cet>
    <PCALT>10</PCALT>
    <TCALT>0.6</TCALT>
    <Pelev>601.5</Pelev>
    <Telev>601.5</Telev>
    <PART>0.5</PART>
    <DELAY>1</DELAY>
  </CatchmentParameters>
  <VegetationZone>
    <VegetationZoneParameters>
      <TT>-1.8500010738653143</TT>
      <CFMAX>1.5345545031824572</CFMAX>
      <SP>0</SP>
      <SFCF>0.93301565887008775</SFCF>
      <CFR>0.010638468965634317</CFR>
      <CWH>0.10000000006176114</CWH>
      <CFGlacier>1</CFGlacier>
      <CFSlope>1</CFSlope>
      <FC>113.73536836476296</FC>
      <LP>0.48256763465460045</LP>
      <BETA>3.3148027928126478</BETA>
    </VegetationZoneParameters>
  </VegetationZone>
  <SubCatchment>
    <SubCatchmentParameters>
      <KSI>0.001</KSI>
      <KGmin>0.05</KGmin>
      <RangeKG>0.1</RangeKG>
      <AG>0.1</AG>
      <PERC>4.2239170295014583</PERC>
      <Alpha>0</Alpha>
      <UZL>49.439161537838316</UZL>
      <K0>0.31116005590998813</K0>
      <K1>0.133686805053816</K1>
      <K2>0.0541425231961835</K2>
      <MAXBAS>1</MAXBAS>
      <Cet>0</Cet>
      <PCALT>10</PCALT>
      <TCALT>0.6</TCALT>
      <Pelev>601.5</Pelev>
      <Telev>601.5</Telev>
      <PART>0.5</PART>
      <DELAY>1</DELAY>
    </SubCatchmentParameters>
    <SubCatchmentVegetationZone>
      <SubCatchmentVegetationZoneParameters>
        <TT>-1.8500010738653143</TT>
        <CFMAX>1.5345545031824572</CFMAX>
        <SP>0</SP>
        <SFCF>0.93301565887008775</SFCF>
        <CFR>0.010638468965634317</CFR>
        <CWH>0.10000000006176114</CWH>
        <CFGlacier>1</CFGlacier>
        <CFSlope>1</CFSlope>
        <FC>113.73536836476296</FC>
        <LP>0.48256763465460045</LP>
        <BETA>3.3148027928126478</BETA>
      </SubCatchmentVegetationZoneParameters>
    </SubCatchmentVegetationZone>
  </SubCatchment>
</Catchment>