<?xml version="1.0" encoding="utf-8"?>
<Catchment xmlns:xsi="http://www.w3.org/2001/XMLSchema-instance" xmlns:xsd="http://www.w3.org/2001/XMLSchema">
  <CatchmentParameters>
    <KSI>0.001</KSI>
    <KGmin>0.05</KGmin>
    <RangeKG>0.1</RangeKG>
    <AG>0.1</AG>
    <PERC>7.0020075160507718</PERC>
    <Alpha>0</Alpha>
    <UZL>101.88231163026561</UZL>
    <K0>0.47462670238299909</K0>
    <K1>0.20674615300775354</K1>
    <K2>0.070030026805028608</K2>
    <MAXBAS>1.0000747362079083</MAXBAS>
    <Cet>0</Cet>
    <PCALT>10</PCALT>
    <TCALT>0.6</TCALT>
    <Pelev>601.5</Pelev>
    <Telev>601.5</Telev>
    <PART>0.5</PART>
    <DELAY>1</DELAY>
  </CatchmentParameters>
  <VegetationZone>
    <VegetationZoneParameters>
      <TT>-0.99984103388084178</TT>
      <CFMAX>2.0416632932470522</CFMAX>
      <SP>0</SP>
      <SFCF>0.75295265247786791</SFCF>
      <CFR>0.067869849653226441</CFR>
      <CWH>0.10000000169346419</CWH>
      <CFGlacier>1</CFGlacier>
      <CFSlope>1</CFSlope>
      <FC>125.03710950747322</FC>
      <LP>0.73814324338710169</LP>
      <BETA>3.3338597446196876</BETA>
    </VegetationZoneParameters>
  </VegetationZone>
  <SubCatchment>
    <SubCatchmentParameters>
      <KSI>0.001</KSI>
      <KGmin>0.05</KGmin>
      <RangeKG>0.1</RangeKG>
      <AG>0.1</AG>
      <PERC>7.0020075160507718</PERC>
      <Alpha>0</Alpha>
      <UZL>101.88231163026561</UZL>
      <K0>0.47462670238299909</K0>
      <K1>0.20674615300775354</K1>
      <K2>0.070030026805028608</K2>
      <MAXBAS>1.0000747362079083</MAXBAS>
      <Cet>0</Cet>
      <PCALT>10</PCALT>
      <TCALT>0.6</TCALT>
      <Pelev>601.5</Pelev>
      <Telev>601.5</Telev>
      <PART>0.5</PART>
      <DELAY>1</DELAY>
    </SubCatchmentParameters>
    <SubCatchmentVegetationZone>
      <SubCatchmentVegetationZoneParameters>
        <TT>-0.99984103388084178</TT>
        <CFMAX>2.0416632932470522</CFMAX>
        <SP>0</SP>
        <SFCF>0.75295265247786791</SFCF>
        <CFR>0.067869849653226441</CFR>
        <CWH>0.10000000169346419</CWH>
        <CFGlacier>1</CFGlacier>
        <CFSlope>1</CFSlope>
        <FC>125.03710950747322</FC>
        <LP>0.73814324338710169</LP>
        <BETA>3.3338597446196876</BETA>
      </SubCatchmentVegetationZoneParameters>
    </SubCatchmentVegetationZone>
  </SubCatchment>
</Catchment>