<?xml version="1.0" encoding="utf-8"?>
<Catchment xmlns:xsi="http://www.w3.org/2001/XMLSchema-instance" xmlns:xsd="http://www.w3.org/2001/XMLSchema">
  <CatchmentParameters>
    <KSI>0.001</KSI>
    <KGmin>0.05</KGmin>
    <RangeKG>0.1</RangeKG>
    <AG>0.1</AG>
    <PERC>5.6836819065777968</PERC>
    <Alpha>0</Alpha>
    <UZL>158.62484667393414</UZL>
    <K0>0.31191825550141855</K0>
    <K1>0.17532952885059172</K1>
    <K2>0.05209158385386406</K2>
    <MAXBAS>1</MAXBAS>
    <Cet>0</Cet>
    <PCALT>10</PCALT>
    <TCALT>0.6</TCALT>
    <Pelev>601.5</Pelev>
    <Telev>601.5</Telev>
    <PART>0.5</PART>
    <DELAY>1</DELAY>
  </CatchmentParameters>
  <VegetationZone>
    <VegetationZoneParameters>
      <TT>-0.90606748323781638</TT>
      <CFMAX>2.17085646491501</CFMAX>
      <SP>0</SP>
      <SFCF>0.88440795920226423</SFCF>
      <CFR>0.0017748327756245373</CFR>
      <CWH>0.10000001890379351</CWH>
      <CFGlacier>1</CFGlacier>
      <CFSlope>1</CFSlope>
      <FC>107.34466258886259</FC>
      <LP>0.71811995696324915</LP>
      <BETA>5.7861639076568219</BETA>
    </VegetationZoneParameters>
  </VegetationZone>
  <SubCatchment>
    <SubCatchmentParameters>
      <KSI>0.001</KSI>
      <KGmin>0.05</KGmin>
      <RangeKG>0.1</RangeKG>
      <AG>0.1</AG>
      <PERC>5.6836819065777968</PERC>
      <Alpha>0</Alpha>
      <UZL>158.62484667393414</UZL>
      <K0>0.31191825550141855</K0>
      <K1>0.17532952885059172</K1>
      <K2>0.05209158385386406</K2>
      <MAXBAS>1</MAXBAS>
      <Cet>0</Cet>
      <PCALT>10</PCALT>
      <TCALT>0.6</TCALT>
      <Pelev>601.5</Pelev>
      <Telev>601.5</Telev>
      <PART>0.5</PART>
      <DELAY>1</DELAY>
    </SubCatchmentParameters>
    <SubCatchmentVegetationZone>
      <SubCatchmentVegetationZoneParameters>
        <TT>-0.90606748323781638</TT>
        <CFMAX>2.17085646491501</CFMAX>
        <SP>0</SP>
        <SFCF>0.88440795920226423</SFCF>
        <CFR>0.0017748327756245373</CFR>
        <CWH>0.10000001890379351</CWH>
        <CFGlacier>1</CFGlacier>
        <CFSlope>1</CFSlope>
        <FC>107.34466258886259</FC>
        <LP>0.71811995696324915</LP>
        <BETA>5.7861639076568219</BETA>
      </SubCatchmentVegetationZoneParameters>
    </SubCatchmentVegetationZone>
  </SubCatchment>
</Catchment>