<?xml version="1.0" encoding="utf-8"?>
<Catchment xmlns:xsi="http://www.w3.org/2001/XMLSchema-instance" xmlns:xsd="http://www.w3.org/2001/XMLSchema">
  <CatchmentParameters>
    <KSI>0.001</KSI>
    <KGmin>0.05</KGmin>
    <RangeKG>0.1</RangeKG>
    <AG>0.1</AG>
    <PERC>6.7386243342051335</PERC>
    <Alpha>0</Alpha>
    <UZL>140.67724709637062</UZL>
    <K0>0.49140596398546993</K0>
    <K1>0.17024706133158474</K1>
    <K2>0.0452704598015321</K2>
    <MAXBAS>1.0000217245448166</MAXBAS>
    <Cet>0</Cet>
    <PCALT>10</PCALT>
    <TCALT>0.6</TCALT>
    <Pelev>601.5</Pelev>
    <Telev>601.5</Telev>
    <PART>0.5</PART>
    <DELAY>1</DELAY>
  </CatchmentParameters>
  <VegetationZone>
    <VegetationZoneParameters>
      <TT>-0.23389280911672863</TT>
      <CFMAX>2.8361598208900731</CFMAX>
      <SP>0</SP>
      <SFCF>0.77916937893438465</SFCF>
      <CFR>0.042990953901511961</CFR>
      <CWH>0.10000001695408674</CWH>
      <CFGlacier>1</CFGlacier>
      <CFSlope>1</CFSlope>
      <FC>72.609156620758625</FC>
      <LP>0.69291050897665363</LP>
      <BETA>5.99968479434126</BETA>
    </VegetationZoneParameters>
  </VegetationZone>
  <SubCatchment>
    <SubCatchmentParameters>
      <KSI>0.001</KSI>
      <KGmin>0.05</KGmin>
      <RangeKG>0.1</RangeKG>
      <AG>0.1</AG>
      <PERC>6.7386243342051335</PERC>
      <Alpha>0</Alpha>
      <UZL>140.67724709637062</UZL>
      <K0>0.49140596398546993</K0>
      <K1>0.17024706133158474</K1>
      <K2>0.0452704598015321</K2>
      <MAXBAS>1.0000217245448166</MAXBAS>
      <Cet>0</Cet>
      <PCALT>10</PCALT>
      <TCALT>0.6</TCALT>
      <Pelev>601.5</Pelev>
      <Telev>601.5</Telev>
      <PART>0.5</PART>
      <DELAY>1</DELAY>
    </SubCatchmentParameters>
    <SubCatchmentVegetationZone>
      <SubCatchmentVegetationZoneParameters>
        <TT>-0.23389280911672863</TT>
        <CFMAX>2.8361598208900731</CFMAX>
        <SP>0</SP>
        <SFCF>0.77916937893438465</SFCF>
        <CFR>0.042990953901511961</CFR>
        <CWH>0.10000001695408674</CWH>
        <CFGlacier>1</CFGlacier>
        <CFSlope>1</CFSlope>
        <FC>72.609156620758625</FC>
        <LP>0.69291050897665363</LP>
        <BETA>5.99968479434126</BETA>
      </SubCatchmentVegetationZoneParameters>
    </SubCatchmentVegetationZone>
  </SubCatchment>
</Catchment>