<?xml version="1.0" encoding="utf-8"?>
<Catchment xmlns:xsi="http://www.w3.org/2001/XMLSchema-instance" xmlns:xsd="http://www.w3.org/2001/XMLSchema">
  <CatchmentParameters>
    <KSI>0.001</KSI>
    <KGmin>0.05</KGmin>
    <RangeKG>0.1</RangeKG>
    <AG>0.1</AG>
    <PERC>8.5089654579535612</PERC>
    <Alpha>0</Alpha>
    <UZL>148.87786824404174</UZL>
    <K0>0.59912098991107121</K0>
    <K1>0.23509681408966363</K1>
    <K2>0.10125664207663292</K2>
    <MAXBAS>1.0000827387644304</MAXBAS>
    <Cet>0</Cet>
    <PCALT>10</PCALT>
    <TCALT>0.6</TCALT>
    <Pelev>601.5</Pelev>
    <Telev>601.5</Telev>
    <PART>0.5</PART>
    <DELAY>1</DELAY>
  </CatchmentParameters>
  <VegetationZone>
    <VegetationZoneParameters>
      <TT>0.099997490216213653</TT>
      <CFMAX>2.396230833602091</CFMAX>
      <SP>0</SP>
      <SFCF>0.59984734850492538</SFCF>
      <CFR>0.038032493798946562</CFR>
      <CWH>0.10205904028002912</CWH>
      <CFGlacier>1</CFGlacier>
      <CFSlope>1</CFSlope>
      <FC>187.22690871018961</FC>
      <LP>0.8844959109782341</LP>
      <BETA>4.5534526176628685</BETA>
    </VegetationZoneParameters>
  </VegetationZone>
  <SubCatchment>
    <SubCatchmentParameters>
      <KSI>0.001</KSI>
      <KGmin>0.05</KGmin>
      <RangeKG>0.1</RangeKG>
      <AG>0.1</AG>
      <PERC>8.5089654579535612</PERC>
      <Alpha>0</Alpha>
      <UZL>148.87786824404174</UZL>
      <K0>0.59912098991107121</K0>
      <K1>0.23509681408966363</K1>
      <K2>0.10125664207663292</K2>
      <MAXBAS>1.0000827387644304</MAXBAS>
      <Cet>0</Cet>
      <PCALT>10</PCALT>
      <TCALT>0.6</TCALT>
      <Pelev>601.5</Pelev>
      <Telev>601.5</Telev>
      <PART>0.5</PART>
      <DELAY>1</DELAY>
    </SubCatchmentParameters>
    <SubCatchmentVegetationZone>
      <SubCatchmentVegetationZoneParameters>
        <TT>0.099997490216213653</TT>
        <CFMAX>2.396230833602091</CFMAX>
        <SP>0</SP>
        <SFCF>0.59984734850492538</SFCF>
        <CFR>0.038032493798946562</CFR>
        <CWH>0.10205904028002912</CWH>
        <CFGlacier>1</CFGlacier>
        <CFSlope>1</CFSlope>
        <FC>187.22690871018961</FC>
        <LP>0.8844959109782341</LP>
        <BETA>4.5534526176628685</BETA>
      </SubCatchmentVegetationZoneParameters>
    </SubCatchmentVegetationZone>
  </SubCatchment>
</Catchment>