<?xml version="1.0" encoding="utf-8"?>
<Catchment xmlns:xsi="http://www.w3.org/2001/XMLSchema-instance" xmlns:xsd="http://www.w3.org/2001/XMLSchema">
  <CatchmentParameters>
    <KSI>0.001</KSI>
    <KGmin>0.05</KGmin>
    <RangeKG>0.1</RangeKG>
    <AG>0.1</AG>
    <PERC>3.53494045783452</PERC>
    <Alpha>0</Alpha>
    <UZL>77.510147643214239</UZL>
    <K0>0.50012476217788071</K0>
    <K1>0.13136635558722073</K1>
    <K2>0.046803484972362377</K2>
    <MAXBAS>1</MAXBAS>
    <Cet>0</Cet>
    <PCALT>10</PCALT>
    <TCALT>0.6</TCALT>
    <Pelev>601.5</Pelev>
    <Telev>601.5</Telev>
    <PART>0.5</PART>
    <DELAY>1</DELAY>
  </CatchmentParameters>
  <VegetationZone>
    <VegetationZoneParameters>
      <TT>-2.0000024335573268</TT>
      <CFMAX>1.5952999259155116</CFMAX>
      <SP>0</SP>
      <SFCF>0.948132006732383</SFCF>
      <CFR>0.04805576235320573</CFR>
      <CWH>0.1000008294500245</CWH>
      <CFGlacier>1</CFGlacier>
      <CFSlope>1</CFSlope>
      <FC>118.02641583816185</FC>
      <LP>0.58931570273101375</LP>
      <BETA>4.7522821960960018</BETA>
    </VegetationZoneParameters>
  </VegetationZone>
  <SubCatchment>
    <SubCatchmentParameters>
      <KSI>0.001</KSI>
      <KGmin>0.05</KGmin>
      <RangeKG>0.1</RangeKG>
      <AG>0.1</AG>
      <PERC>3.53494045783452</PERC>
      <Alpha>0</Alpha>
      <UZL>77.510147643214239</UZL>
      <K0>0.50012476217788071</K0>
      <K1>0.13136635558722073</K1>
      <K2>0.046803484972362377</K2>
      <MAXBAS>1</MAXBAS>
      <Cet>0</Cet>
      <PCALT>10</PCALT>
      <TCALT>0.6</TCALT>
      <Pelev>601.5</Pelev>
      <Telev>601.5</Telev>
      <PART>0.5</PART>
      <DELAY>1</DELAY>
    </SubCatchmentParameters>
    <SubCatchmentVegetationZone>
      <SubCatchmentVegetationZoneParameters>
        <TT>-2.0000024335573268</TT>
        <CFMAX>1.5952999259155116</CFMAX>
        <SP>0</SP>
        <SFCF>0.948132006732383</SFCF>
        <CFR>0.04805576235320573</CFR>
        <CWH>0.1000008294500245</CWH>
        <CFGlacier>1</CFGlacier>
        <CFSlope>1</CFSlope>
        <FC>118.02641583816185</FC>
        <LP>0.58931570273101375</LP>
        <BETA>4.7522821960960018</BETA>
      </SubCatchmentVegetationZoneParameters>
    </SubCatchmentVegetationZone>
  </SubCatchment>
</Catchment>