<?xml version="1.0" encoding="utf-8"?>
<Catchment xmlns:xsi="http://www.w3.org/2001/XMLSchema-instance" xmlns:xsd="http://www.w3.org/2001/XMLSchema">
  <CatchmentParameters>
    <KSI>0.001</KSI>
    <KGmin>0.05</KGmin>
    <RangeKG>0.1</RangeKG>
    <AG>0.1</AG>
    <PERC>4.670517536846539</PERC>
    <Alpha>0</Alpha>
    <UZL>72.112293035226813</UZL>
    <K0>0.989644157102217</K0>
    <K1>0.15814234214169778</K1>
    <K2>0.053859132577986892</K2>
    <MAXBAS>1</MAXBAS>
    <Cet>0</Cet>
    <PCALT>10</PCALT>
    <TCALT>0.6</TCALT>
    <Pelev>601.5</Pelev>
    <Telev>601.5</Telev>
    <PART>0.5</PART>
    <DELAY>1</DELAY>
  </CatchmentParameters>
  <VegetationZone>
    <VegetationZoneParameters>
      <TT>-2.0000013108525714</TT>
      <CFMAX>1.5808048471424816</CFMAX>
      <SP>0</SP>
      <SFCF>0.94584492236507256</SFCF>
      <CFR>0.049466408554686842</CFR>
      <CWH>0.10000007690522994</CWH>
      <CFGlacier>1</CFGlacier>
      <CFSlope>1</CFSlope>
      <FC>114.57492444787371</FC>
      <LP>0.45629211062015951</LP>
      <BETA>3.214987443208114</BETA>
    </VegetationZoneParameters>
  </VegetationZone>
  <SubCatchment>
    <SubCatchmentParameters>
      <KSI>0.001</KSI>
      <KGmin>0.05</KGmin>
      <RangeKG>0.1</RangeKG>
      <AG>0.1</AG>
      <PERC>4.670517536846539</PERC>
      <Alpha>0</Alpha>
      <UZL>72.112293035226813</UZL>
      <K0>0.989644157102217</K0>
      <K1>0.15814234214169778</K1>
      <K2>0.053859132577986892</K2>
      <MAXBAS>1</MAXBAS>
      <Cet>0</Cet>
      <PCALT>10</PCALT>
      <TCALT>0.6</TCALT>
      <Pelev>601.5</Pelev>
      <Telev>601.5</Telev>
      <PART>0.5</PART>
      <DELAY>1</DELAY>
    </SubCatchmentParameters>
    <SubCatchmentVegetationZone>
      <SubCatchmentVegetationZoneParameters>
        <TT>-2.0000013108525714</TT>
        <CFMAX>1.5808048471424816</CFMAX>
        <SP>0</SP>
        <SFCF>0.94584492236507256</SFCF>
        <CFR>0.049466408554686842</CFR>
        <CWH>0.10000007690522994</CWH>
        <CFGlacier>1</CFGlacier>
        <CFSlope>1</CFSlope>
        <FC>114.57492444787371</FC>
        <LP>0.45629211062015951</LP>
        <BETA>3.214987443208114</BETA>
      </SubCatchmentVegetationZoneParameters>
    </SubCatchmentVegetationZone>
  </SubCatchment>
</Catchment>