<?xml version="1.0" encoding="utf-8"?>
<Catchment xmlns:xsi="http://www.w3.org/2001/XMLSchema-instance" xmlns:xsd="http://www.w3.org/2001/XMLSchema">
  <CatchmentParameters>
    <KSI>0.001</KSI>
    <KGmin>0.05</KGmin>
    <RangeKG>0.1</RangeKG>
    <AG>0.1</AG>
    <PERC>9.1190908851251926</PERC>
    <Alpha>0</Alpha>
    <UZL>113.35447624001006</UZL>
    <K0>0.44921204723312547</K0>
    <K1>0.21709452343501548</K1>
    <K2>0.0844025702306671</K2>
    <MAXBAS>1.0050308560198065</MAXBAS>
    <Cet>0</Cet>
    <PCALT>10</PCALT>
    <TCALT>0.6</TCALT>
    <Pelev>601.5</Pelev>
    <Telev>601.5</Telev>
    <PART>0.5</PART>
    <DELAY>1</DELAY>
  </CatchmentParameters>
  <VegetationZone>
    <VegetationZoneParameters>
      <TT>-0.6808227116784159</TT>
      <CFMAX>2.2798454041823657</CFMAX>
      <SP>0</SP>
      <SFCF>0.74811938845987569</SFCF>
      <CFR>0.05877952295752456</CFR>
      <CWH>0.10000010649310849</CWH>
      <CFGlacier>1</CFGlacier>
      <CFSlope>1</CFSlope>
      <FC>165.77157838637814</FC>
      <LP>0.90468182640104622</LP>
      <BETA>5.2379626141263014</BETA>
    </VegetationZoneParameters>
  </VegetationZone>
  <SubCatchment>
    <SubCatchmentParameters>
      <KSI>0.001</KSI>
      <KGmin>0.05</KGmin>
      <RangeKG>0.1</RangeKG>
      <AG>0.1</AG>
      <PERC>9.1190908851251926</PERC>
      <Alpha>0</Alpha>
      <UZL>113.35447624001006</UZL>
      <K0>0.44921204723312547</K0>
      <K1>0.21709452343501548</K1>
      <K2>0.0844025702306671</K2>
      <MAXBAS>1.0050308560198065</MAXBAS>
      <Cet>0</Cet>
      <PCALT>10</PCALT>
      <TCALT>0.6</TCALT>
      <Pelev>601.5</Pelev>
      <Telev>601.5</Telev>
      <PART>0.5</PART>
      <DELAY>1</DELAY>
    </SubCatchmentParameters>
    <SubCatchmentVegetationZone>
      <SubCatchmentVegetationZoneParameters>
        <TT>-0.6808227116784159</TT>
        <CFMAX>2.2798454041823657</CFMAX>
        <SP>0</SP>
        <SFCF>0.74811938845987569</SFCF>
        <CFR>0.05877952295752456</CFR>
        <CWH>0.10000010649310849</CWH>
        <CFGlacier>1</CFGlacier>
        <CFSlope>1</CFSlope>
        <FC>165.77157838637814</FC>
        <LP>0.90468182640104622</LP>
        <BETA>5.2379626141263014</BETA>
      </SubCatchmentVegetationZoneParameters>
    </SubCatchmentVegetationZone>
  </SubCatchment>
</Catchment>