<?xml version="1.0" encoding="utf-8"?>
<Catchment xmlns:xsi="http://www.w3.org/2001/XMLSchema-instance" xmlns:xsd="http://www.w3.org/2001/XMLSchema">
  <CatchmentParameters>
    <KSI>0.001</KSI>
    <KGmin>0.05</KGmin>
    <RangeKG>0.1</RangeKG>
    <AG>0.1</AG>
    <PERC>2.7781092176743281</PERC>
    <Alpha>0</Alpha>
    <UZL>85.81241248413086</UZL>
    <K0>0.35457400909520403</K0>
    <K1>0.10554030842408402</K1>
    <K2>0.044894289750940328</K2>
    <MAXBAS>1</MAXBAS>
    <Cet>0</Cet>
    <PCALT>10</PCALT>
    <TCALT>0.6</TCALT>
    <Pelev>601.5</Pelev>
    <Telev>601.5</Telev>
    <PART>0.5</PART>
    <DELAY>1</DELAY>
  </CatchmentParameters>
  <VegetationZone>
    <VegetationZoneParameters>
      <TT>-1.8500013898202981</TT>
      <CFMAX>1.8643712748473478</CFMAX>
      <SP>0</SP>
      <SFCF>0.96098580930891764</SFCF>
      <CFR>0.068092300967877675</CFR>
      <CWH>0.10000000001202088</CWH>
      <CFGlacier>1</CFGlacier>
      <CFSlope>1</CFSlope>
      <FC>121.49271448555406</FC>
      <LP>0.57351104646367546</LP>
      <BETA>4.5538282613746794</BETA>
    </VegetationZoneParameters>
  </VegetationZone>
  <SubCatchment>
    <SubCatchmentParameters>
      <KSI>0.001</KSI>
      <KGmin>0.05</KGmin>
      <RangeKG>0.1</RangeKG>
      <AG>0.1</AG>
      <PERC>2.7781092176743281</PERC>
      <Alpha>0</Alpha>
      <UZL>85.81241248413086</UZL>
      <K0>0.35457400909520403</K0>
      <K1>0.10554030842408402</K1>
      <K2>0.044894289750940328</K2>
      <MAXBAS>1</MAXBAS>
      <Cet>0</Cet>
      <PCALT>10</PCALT>
      <TCALT>0.6</TCALT>
      <Pelev>601.5</Pelev>
      <Telev>601.5</Telev>
      <PART>0.5</PART>
      <DELAY>1</DELAY>
    </SubCatchmentParameters>
    <SubCatchmentVegetationZone>
      <SubCatchmentVegetationZoneParameters>
        <TT>-1.8500013898202981</TT>
        <CFMAX>1.8643712748473478</CFMAX>
        <SP>0</SP>
        <SFCF>0.96098580930891764</SFCF>
        <CFR>0.068092300967877675</CFR>
        <CWH>0.10000000001202088</CWH>
        <CFGlacier>1</CFGlacier>
        <CFSlope>1</CFSlope>
        <FC>121.49271448555406</FC>
        <LP>0.57351104646367546</LP>
        <BETA>4.5538282613746794</BETA>
      </SubCatchmentVegetationZoneParameters>
    </SubCatchmentVegetationZone>
  </SubCatchment>
</Catchment>