<?xml version="1.0" encoding="utf-8"?>
<Catchment xmlns:xsi="http://www.w3.org/2001/XMLSchema-instance" xmlns:xsd="http://www.w3.org/2001/XMLSchema">
  <CatchmentParameters>
    <KSI>0.001</KSI>
    <KGmin>0.05</KGmin>
    <RangeKG>0.1</RangeKG>
    <AG>0.1</AG>
    <PERC>3.2312198765705933</PERC>
    <Alpha>0</Alpha>
    <UZL>101.78384187229278</UZL>
    <K0>0.44185608837175605</K0>
    <K1>0.11861801451770029</K1>
    <K2>0.04931851239212489</K2>
    <MAXBAS>1</MAXBAS>
    <Cet>0</Cet>
    <PCALT>10</PCALT>
    <TCALT>0.6</TCALT>
    <Pelev>601.5</Pelev>
    <Telev>601.5</Telev>
    <PART>0.5</PART>
    <DELAY>1</DELAY>
  </CatchmentParameters>
  <VegetationZone>
    <VegetationZoneParameters>
      <TT>-2.0000014967159276</TT>
      <CFMAX>1.8224361397451685</CFMAX>
      <SP>0</SP>
      <SFCF>0.96598551368768215</SFCF>
      <CFR>0.099998947023692469</CFR>
      <CWH>0.10000008243437185</CWH>
      <CFGlacier>1</CFGlacier>
      <CFSlope>1</CFSlope>
      <FC>131.25369578571272</FC>
      <LP>0.6112796533638728</LP>
      <BETA>4.7626231466415083</BETA>
    </VegetationZoneParameters>
  </VegetationZone>
  <SubCatchment>
    <SubCatchmentParameters>
      <KSI>0.001</KSI>
      <KGmin>0.05</KGmin>
      <RangeKG>0.1</RangeKG>
      <AG>0.1</AG>
      <PERC>3.2312198765705933</PERC>
      <Alpha>0</Alpha>
      <UZL>101.78384187229278</UZL>
      <K0>0.44185608837175605</K0>
      <K1>0.11861801451770029</K1>
      <K2>0.04931851239212489</K2>
      <MAXBAS>1</MAXBAS>
      <Cet>0</Cet>
      <PCALT>10</PCALT>
      <TCALT>0.6</TCALT>
      <Pelev>601.5</Pelev>
      <Telev>601.5</Telev>
      <PART>0.5</PART>
      <DELAY>1</DELAY>
    </SubCatchmentParameters>
    <SubCatchmentVegetationZone>
      <SubCatchmentVegetationZoneParameters>
        <TT>-2.0000014967159276</TT>
        <CFMAX>1.8224361397451685</CFMAX>
        <SP>0</SP>
        <SFCF>0.96598551368768215</SFCF>
        <CFR>0.099998947023692469</CFR>
        <CWH>0.10000008243437185</CWH>
        <CFGlacier>1</CFGlacier>
        <CFSlope>1</CFSlope>
        <FC>131.25369578571272</FC>
        <LP>0.6112796533638728</LP>
        <BETA>4.7626231466415083</BETA>
      </SubCatchmentVegetationZoneParameters>
    </SubCatchmentVegetationZone>
  </SubCatchment>
</Catchment>