<?xml version="1.0" encoding="utf-8"?>
<Catchment xmlns:xsi="http://www.w3.org/2001/XMLSchema-instance" xmlns:xsd="http://www.w3.org/2001/XMLSchema">
  <CatchmentParameters>
    <KSI>0.001</KSI>
    <KGmin>0.05</KGmin>
    <RangeKG>0.1</RangeKG>
    <AG>0.1</AG>
    <PERC>9.49957967815733</PERC>
    <Alpha>0</Alpha>
    <UZL>162.52804344549739</UZL>
    <K0>0.33996200403530336</K0>
    <K1>0.22232294319568507</K1>
    <K2>0.07729987060696529</K2>
    <MAXBAS>1.0049796610265771</MAXBAS>
    <Cet>0</Cet>
    <PCALT>10</PCALT>
    <TCALT>0.6</TCALT>
    <Pelev>601.5</Pelev>
    <Telev>601.5</Telev>
    <PART>0.5</PART>
    <DELAY>1</DELAY>
  </CatchmentParameters>
  <VegetationZone>
    <VegetationZoneParameters>
      <TT>-0.5610966454301507</TT>
      <CFMAX>2.3580710517121029</CFMAX>
      <SP>0</SP>
      <SFCF>0.77521090249129787</SFCF>
      <CFR>0.035162162074176606</CFR>
      <CWH>0.10000000001365775</CWH>
      <CFGlacier>1</CFGlacier>
      <CFSlope>1</CFSlope>
      <FC>131.45929326056444</FC>
      <LP>0.84656630983968173</LP>
      <BETA>4.6542256748936079</BETA>
    </VegetationZoneParameters>
  </VegetationZone>
  <SubCatchment>
    <SubCatchmentParameters>
      <KSI>0.001</KSI>
      <KGmin>0.05</KGmin>
      <RangeKG>0.1</RangeKG>
      <AG>0.1</AG>
      <PERC>9.49957967815733</PERC>
      <Alpha>0</Alpha>
      <UZL>162.52804344549739</UZL>
      <K0>0.33996200403530336</K0>
      <K1>0.22232294319568507</K1>
      <K2>0.07729987060696529</K2>
      <MAXBAS>1.0049796610265771</MAXBAS>
      <Cet>0</Cet>
      <PCALT>10</PCALT>
      <TCALT>0.6</TCALT>
      <Pelev>601.5</Pelev>
      <Telev>601.5</Telev>
      <PART>0.5</PART>
      <DELAY>1</DELAY>
    </SubCatchmentParameters>
    <SubCatchmentVegetationZone>
      <SubCatchmentVegetationZoneParameters>
        <TT>-0.5610966454301507</TT>
        <CFMAX>2.3580710517121029</CFMAX>
        <SP>0</SP>
        <SFCF>0.77521090249129787</SFCF>
        <CFR>0.035162162074176606</CFR>
        <CWH>0.10000000001365775</CWH>
        <CFGlacier>1</CFGlacier>
        <CFSlope>1</CFSlope>
        <FC>131.45929326056444</FC>
        <LP>0.84656630983968173</LP>
        <BETA>4.6542256748936079</BETA>
      </SubCatchmentVegetationZoneParameters>
    </SubCatchmentVegetationZone>
  </SubCatchment>
</Catchment>