<?xml version="1.0" encoding="utf-8"?>
<Catchment xmlns:xsi="http://www.w3.org/2001/XMLSchema-instance" xmlns:xsd="http://www.w3.org/2001/XMLSchema">
  <CatchmentParameters>
    <KSI>0.001</KSI>
    <KGmin>0.05</KGmin>
    <RangeKG>0.1</RangeKG>
    <AG>0.1</AG>
    <PERC>5.4209904732961975</PERC>
    <Alpha>0</Alpha>
    <UZL>79.250437845724846</UZL>
    <K0>0.5937425486289889</K0>
    <K1>0.21358947212870655</K1>
    <K2>0.084359275028931133</K2>
    <MAXBAS>1.0000416280488167</MAXBAS>
    <Cet>0</Cet>
    <PCALT>10</PCALT>
    <TCALT>0.6</TCALT>
    <Pelev>601.5</Pelev>
    <Telev>601.5</Telev>
    <PART>0.5</PART>
    <DELAY>1</DELAY>
  </CatchmentParameters>
  <VegetationZone>
    <VegetationZoneParameters>
      <TT>-0.24999882997568246</TT>
      <CFMAX>2.1468362557197698</CFMAX>
      <SP>0</SP>
      <SFCF>0.60342728366643827</SFCF>
      <CFR>0.047805337071512334</CFR>
      <CWH>0.10226283150681895</CWH>
      <CFGlacier>1</CFGlacier>
      <CFSlope>1</CFSlope>
      <FC>181.56367416269313</FC>
      <LP>0.86240300784615109</LP>
      <BETA>4.1366218996378468</BETA>
    </VegetationZoneParameters>
  </VegetationZone>
  <SubCatchment>
    <SubCatchmentParameters>
      <KSI>0.001</KSI>
      <KGmin>0.05</KGmin>
      <RangeKG>0.1</RangeKG>
      <AG>0.1</AG>
      <PERC>5.4209904732961975</PERC>
      <Alpha>0</Alpha>
      <UZL>79.250437845724846</UZL>
      <K0>0.5937425486289889</K0>
      <K1>0.21358947212870655</K1>
      <K2>0.084359275028931133</K2>
      <MAXBAS>1.0000416280488167</MAXBAS>
      <Cet>0</Cet>
      <PCALT>10</PCALT>
      <TCALT>0.6</TCALT>
      <Pelev>601.5</Pelev>
      <Telev>601.5</Telev>
      <PART>0.5</PART>
      <DELAY>1</DELAY>
    </SubCatchmentParameters>
    <SubCatchmentVegetationZone>
      <SubCatchmentVegetationZoneParameters>
        <TT>-0.24999882997568246</TT>
        <CFMAX>2.1468362557197698</CFMAX>
        <SP>0</SP>
        <SFCF>0.60342728366643827</SFCF>
        <CFR>0.047805337071512334</CFR>
        <CWH>0.10226283150681895</CWH>
        <CFGlacier>1</CFGlacier>
        <CFSlope>1</CFSlope>
        <FC>181.56367416269313</FC>
        <LP>0.86240300784615109</LP>
        <BETA>4.1366218996378468</BETA>
      </SubCatchmentVegetationZoneParameters>
    </SubCatchmentVegetationZone>
  </SubCatchment>
</Catchment>