<?xml version="1.0" encoding="utf-8"?>
<Catchment xmlns:xsi="http://www.w3.org/2001/XMLSchema-instance" xmlns:xsd="http://www.w3.org/2001/XMLSchema">
  <CatchmentParameters>
    <KSI>0.001</KSI>
    <KGmin>0.05</KGmin>
    <RangeKG>0.1</RangeKG>
    <AG>0.1</AG>
    <PERC>9.3342149296766959</PERC>
    <Alpha>0</Alpha>
    <UZL>80.719134475246719</UZL>
    <K0>0.29988464751717403</K0>
    <K1>0.25588808794606233</K1>
    <K2>0.098678827522494517</K2>
    <MAXBAS>1.008005310872967</MAXBAS>
    <Cet>0</Cet>
    <PCALT>10</PCALT>
    <TCALT>0.6</TCALT>
    <Pelev>601.5</Pelev>
    <Telev>601.5</Telev>
    <PART>0.5</PART>
    <DELAY>1</DELAY>
  </CatchmentParameters>
  <VegetationZone>
    <VegetationZoneParameters>
      <TT>-0.50000236924981933</TT>
      <CFMAX>2.0336493365202495</CFMAX>
      <SP>0</SP>
      <SFCF>0.63430698734502622</SFCF>
      <CFR>0.059737610371069241</CFR>
      <CWH>0.11112408070711415</CWH>
      <CFGlacier>1</CFGlacier>
      <CFSlope>1</CFSlope>
      <FC>192.62711169991044</FC>
      <LP>0.90807460810457052</LP>
      <BETA>4.9102714866397</BETA>
    </VegetationZoneParameters>
  </VegetationZone>
  <SubCatchment>
    <SubCatchmentParameters>
      <KSI>0.001</KSI>
      <KGmin>0.05</KGmin>
      <RangeKG>0.1</RangeKG>
      <AG>0.1</AG>
      <PERC>9.3342149296766959</PERC>
      <Alpha>0</Alpha>
      <UZL>80.719134475246719</UZL>
      <K0>0.29988464751717403</K0>
      <K1>0.25588808794606233</K1>
      <K2>0.098678827522494517</K2>
      <MAXBAS>1.008005310872967</MAXBAS>
      <Cet>0</Cet>
      <PCALT>10</PCALT>
      <TCALT>0.6</TCALT>
      <Pelev>601.5</Pelev>
      <Telev>601.5</Telev>
      <PART>0.5</PART>
      <DELAY>1</DELAY>
    </SubCatchmentParameters>
    <SubCatchmentVegetationZone>
      <SubCatchmentVegetationZoneParameters>
        <TT>-0.50000236924981933</TT>
        <CFMAX>2.0336493365202495</CFMAX>
        <SP>0</SP>
        <SFCF>0.63430698734502622</SFCF>
        <CFR>0.059737610371069241</CFR>
        <CWH>0.11112408070711415</CWH>
        <CFGlacier>1</CFGlacier>
        <CFSlope>1</CFSlope>
        <FC>192.62711169991044</FC>
        <LP>0.90807460810457052</LP>
        <BETA>4.9102714866397</BETA>
      </SubCatchmentVegetationZoneParameters>
    </SubCatchmentVegetationZone>
  </SubCatchment>
</Catchment>