<?xml version="1.0" encoding="utf-8"?>
<Catchment xmlns:xsi="http://www.w3.org/2001/XMLSchema-instance" xmlns:xsd="http://www.w3.org/2001/XMLSchema">
  <CatchmentParameters>
    <KSI>0.001</KSI>
    <KGmin>0.05</KGmin>
    <RangeKG>0.1</RangeKG>
    <AG>0.1</AG>
    <PERC>4.8834457697142657</PERC>
    <Alpha>0</Alpha>
    <UZL>140.65271361455544</UZL>
    <K0>0.13291562666511597</K0>
    <K1>0.15638694209648982</K1>
    <K2>0.053000532835646451</K2>
    <MAXBAS>1</MAXBAS>
    <Cet>0</Cet>
    <PCALT>10</PCALT>
    <TCALT>0.6</TCALT>
    <Pelev>601.5</Pelev>
    <Telev>601.5</Telev>
    <PART>0.5</PART>
    <DELAY>1</DELAY>
  </CatchmentParameters>
  <VegetationZone>
    <VegetationZoneParameters>
      <TT>-0.81433801569118347</TT>
      <CFMAX>2.34079857512172</CFMAX>
      <SP>0</SP>
      <SFCF>0.92259744741502092</SFCF>
      <CFR>7.2150505977287986E-09</CFR>
      <CWH>0.10000020556674732</CWH>
      <CFGlacier>1</CFGlacier>
      <CFSlope>1</CFSlope>
      <FC>115.06474257184004</FC>
      <LP>0.52660590225988435</LP>
      <BETA>3.5323982809939296</BETA>
    </VegetationZoneParameters>
  </VegetationZone>
  <SubCatchment>
    <SubCatchmentParameters>
      <KSI>0.001</KSI>
      <KGmin>0.05</KGmin>
      <RangeKG>0.1</RangeKG>
      <AG>0.1</AG>
      <PERC>4.8834457697142657</PERC>
      <Alpha>0</Alpha>
      <UZL>140.65271361455544</UZL>
      <K0>0.13291562666511597</K0>
      <K1>0.15638694209648982</K1>
      <K2>0.053000532835646451</K2>
      <MAXBAS>1</MAXBAS>
      <Cet>0</Cet>
      <PCALT>10</PCALT>
      <TCALT>0.6</TCALT>
      <Pelev>601.5</Pelev>
      <Telev>601.5</Telev>
      <PART>0.5</PART>
      <DELAY>1</DELAY>
    </SubCatchmentParameters>
    <SubCatchmentVegetationZone>
      <SubCatchmentVegetationZoneParameters>
        <TT>-0.81433801569118347</TT>
        <CFMAX>2.34079857512172</CFMAX>
        <SP>0</SP>
        <SFCF>0.92259744741502092</SFCF>
        <CFR>7.2150505977287986E-09</CFR>
        <CWH>0.10000020556674732</CWH>
        <CFGlacier>1</CFGlacier>
        <CFSlope>1</CFSlope>
        <FC>115.06474257184004</FC>
        <LP>0.52660590225988435</LP>
        <BETA>3.5323982809939296</BETA>
      </SubCatchmentVegetationZoneParameters>
    </SubCatchmentVegetationZone>
  </SubCatchment>
</Catchment>