<?xml version="1.0" encoding="utf-8"?>
<Catchment xmlns:xsi="http://www.w3.org/2001/XMLSchema-instance" xmlns:xsd="http://www.w3.org/2001/XMLSchema">
  <CatchmentParameters>
    <KSI>0.001</KSI>
    <KGmin>0.05</KGmin>
    <RangeKG>0.1</RangeKG>
    <AG>0.1</AG>
    <PERC>7.4290644024107166</PERC>
    <Alpha>0</Alpha>
    <UZL>172.72799550546347</UZL>
    <K0>0.49044776891960262</K0>
    <K1>0.20184895046600676</K1>
    <K2>0.06126883387400954</K2>
    <MAXBAS>1.0000836778917981</MAXBAS>
    <Cet>0</Cet>
    <PCALT>10</PCALT>
    <TCALT>0.6</TCALT>
    <Pelev>601.5</Pelev>
    <Telev>601.5</Telev>
    <PART>0.5</PART>
    <DELAY>1</DELAY>
  </CatchmentParameters>
  <VegetationZone>
    <VegetationZoneParameters>
      <TT>-0.79690685737251121</TT>
      <CFMAX>2.1620633904888282</CFMAX>
      <SP>0</SP>
      <SFCF>0.8496548350492944</SFCF>
      <CFR>1.4945006491807341E-07</CFR>
      <CWH>0.10000002370265954</CWH>
      <CFGlacier>1</CFGlacier>
      <CFSlope>1</CFSlope>
      <FC>121.02170725299253</FC>
      <LP>0.78983773553489078</LP>
      <BETA>4.0975808110804088</BETA>
    </VegetationZoneParameters>
  </VegetationZone>
  <SubCatchment>
    <SubCatchmentParameters>
      <KSI>0.001</KSI>
      <KGmin>0.05</KGmin>
      <RangeKG>0.1</RangeKG>
      <AG>0.1</AG>
      <PERC>7.4290644024107166</PERC>
      <Alpha>0</Alpha>
      <UZL>172.72799550546347</UZL>
      <K0>0.49044776891960262</K0>
      <K1>0.20184895046600676</K1>
      <K2>0.06126883387400954</K2>
      <MAXBAS>1.0000836778917981</MAXBAS>
      <Cet>0</Cet>
      <PCALT>10</PCALT>
      <TCALT>0.6</TCALT>
      <Pelev>601.5</Pelev>
      <Telev>601.5</Telev>
      <PART>0.5</PART>
      <DELAY>1</DELAY>
    </SubCatchmentParameters>
    <SubCatchmentVegetationZone>
      <SubCatchmentVegetationZoneParameters>
        <TT>-0.79690685737251121</TT>
        <CFMAX>2.1620633904888282</CFMAX>
        <SP>0</SP>
        <SFCF>0.8496548350492944</SFCF>
        <CFR>1.4945006491807341E-07</CFR>
        <CWH>0.10000002370265954</CWH>
        <CFGlacier>1</CFGlacier>
        <CFSlope>1</CFSlope>
        <FC>121.02170725299253</FC>
        <LP>0.78983773553489078</LP>
        <BETA>4.0975808110804088</BETA>
      </SubCatchmentVegetationZoneParameters>
    </SubCatchmentVegetationZone>
  </SubCatchment>
</Catchment>