<?xml version="1.0" encoding="utf-8"?>
<Catchment xmlns:xsi="http://www.w3.org/2001/XMLSchema-instance" xmlns:xsd="http://www.w3.org/2001/XMLSchema">
  <CatchmentParameters>
    <KSI>0.001</KSI>
    <KGmin>0.05</KGmin>
    <RangeKG>0.1</RangeKG>
    <AG>0.1</AG>
    <PERC>8.3403702509341944</PERC>
    <Alpha>0</Alpha>
    <UZL>101.61667685402063</UZL>
    <K0>0.18603385752151397</K0>
    <K1>0.16680677064878594</K1>
    <K2>0.0463260315564647</K2>
    <MAXBAS>1.0048621198865444</MAXBAS>
    <Cet>0</Cet>
    <PCALT>10</PCALT>
    <TCALT>0.6</TCALT>
    <Pelev>601.5</Pelev>
    <Telev>601.5</Telev>
    <PART>0.5</PART>
    <DELAY>1</DELAY>
  </CatchmentParameters>
  <VegetationZone>
    <VegetationZoneParameters>
      <TT>0.068969139570386542</TT>
      <CFMAX>3.25804312281543</CFMAX>
      <SP>0</SP>
      <SFCF>0.80237094373668361</SFCF>
      <CFR>0.038102159738796534</CFR>
      <CWH>0.10000000016575655</CWH>
      <CFGlacier>1</CFGlacier>
      <CFSlope>1</CFSlope>
      <FC>53.319359851754996</FC>
      <LP>0.55897805595399686</LP>
      <BETA>5.999982753934419</BETA>
    </VegetationZoneParameters>
  </VegetationZone>
  <SubCatchment>
    <SubCatchmentParameters>
      <KSI>0.001</KSI>
      <KGmin>0.05</KGmin>
      <RangeKG>0.1</RangeKG>
      <AG>0.1</AG>
      <PERC>8.3403702509341944</PERC>
      <Alpha>0</Alpha>
      <UZL>101.61667685402063</UZL>
      <K0>0.18603385752151397</K0>
      <K1>0.16680677064878594</K1>
      <K2>0.0463260315564647</K2>
      <MAXBAS>1.0048621198865444</MAXBAS>
      <Cet>0</Cet>
      <PCALT>10</PCALT>
      <TCALT>0.6</TCALT>
      <Pelev>601.5</Pelev>
      <Telev>601.5</Telev>
      <PART>0.5</PART>
      <DELAY>1</DELAY>
    </SubCatchmentParameters>
    <SubCatchmentVegetationZone>
      <SubCatchmentVegetationZoneParameters>
        <TT>0.068969139570386542</TT>
        <CFMAX>3.25804312281543</CFMAX>
        <SP>0</SP>
        <SFCF>0.80237094373668361</SFCF>
        <CFR>0.038102159738796534</CFR>
        <CWH>0.10000000016575655</CWH>
        <CFGlacier>1</CFGlacier>
        <CFSlope>1</CFSlope>
        <FC>53.319359851754996</FC>
        <LP>0.55897805595399686</LP>
        <BETA>5.999982753934419</BETA>
      </SubCatchmentVegetationZoneParameters>
    </SubCatchmentVegetationZone>
  </SubCatchment>
</Catchment>