<?xml version="1.0" encoding="utf-8"?>
<Catchment xmlns:xsi="http://www.w3.org/2001/XMLSchema-instance" xmlns:xsd="http://www.w3.org/2001/XMLSchema">
  <CatchmentParameters>
    <KSI>0.001</KSI>
    <KGmin>0.05</KGmin>
    <RangeKG>0.1</RangeKG>
    <AG>0.1</AG>
    <PERC>3.5128784154574784</PERC>
    <Alpha>0</Alpha>
    <UZL>83.607696178349926</UZL>
    <K0>0.45716780342258712</K0>
    <K1>0.12623431999718662</K1>
    <K2>0.051782052899611145</K2>
    <MAXBAS>1</MAXBAS>
    <Cet>0</Cet>
    <PCALT>10</PCALT>
    <TCALT>0.6</TCALT>
    <Pelev>601.5</Pelev>
    <Telev>601.5</Telev>
    <PART>0.5</PART>
    <DELAY>1</DELAY>
  </CatchmentParameters>
  <VegetationZone>
    <VegetationZoneParameters>
      <TT>-2.0000057310304582</TT>
      <CFMAX>1.7175501191243383</CFMAX>
      <SP>0</SP>
      <SFCF>0.94591146542514581</SFCF>
      <CFR>0.094561145573150568</CFR>
      <CWH>0.10000008057356211</CWH>
      <CFGlacier>1</CFGlacier>
      <CFSlope>1</CFSlope>
      <FC>151.53947988256391</FC>
      <LP>0.705461731247913</LP>
      <BETA>5.33810106874909</BETA>
    </VegetationZoneParameters>
  </VegetationZone>
  <SubCatchment>
    <SubCatchmentParameters>
      <KSI>0.001</KSI>
      <KGmin>0.05</KGmin>
      <RangeKG>0.1</RangeKG>
      <AG>0.1</AG>
      <PERC>3.5128784154574784</PERC>
      <Alpha>0</Alpha>
      <UZL>83.607696178349926</UZL>
      <K0>0.45716780342258712</K0>
      <K1>0.12623431999718662</K1>
      <K2>0.051782052899611145</K2>
      <MAXBAS>1</MAXBAS>
      <Cet>0</Cet>
      <PCALT>10</PCALT>
      <TCALT>0.6</TCALT>
      <Pelev>601.5</Pelev>
      <Telev>601.5</Telev>
      <PART>0.5</PART>
      <DELAY>1</DELAY>
    </SubCatchmentParameters>
    <SubCatchmentVegetationZone>
      <SubCatchmentVegetationZoneParameters>
        <TT>-2.0000057310304582</TT>
        <CFMAX>1.7175501191243383</CFMAX>
        <SP>0</SP>
        <SFCF>0.94591146542514581</SFCF>
        <CFR>0.094561145573150568</CFR>
        <CWH>0.10000008057356211</CWH>
        <CFGlacier>1</CFGlacier>
        <CFSlope>1</CFSlope>
        <FC>151.53947988256391</FC>
        <LP>0.705461731247913</LP>
        <BETA>5.33810106874909</BETA>
      </SubCatchmentVegetationZoneParameters>
    </SubCatchmentVegetationZone>
  </SubCatchment>
</Catchment>