<?xml version="1.0" encoding="utf-8"?>
<Catchment xmlns:xsi="http://www.w3.org/2001/XMLSchema-instance" xmlns:xsd="http://www.w3.org/2001/XMLSchema">
  <CatchmentParameters>
    <KSI>0.001</KSI>
    <KGmin>0.05</KGmin>
    <RangeKG>0.1</RangeKG>
    <AG>0.1</AG>
    <PERC>5.5819097756627523</PERC>
    <Alpha>0</Alpha>
    <UZL>181.64555894221144</UZL>
    <K0>0.50565392036437551</K0>
    <K1>0.13385461643398697</K1>
    <K2>0.03457270313657447</K2>
    <MAXBAS>1.0049464306312352</MAXBAS>
    <Cet>0</Cet>
    <PCALT>10</PCALT>
    <TCALT>0.6</TCALT>
    <Pelev>601.5</Pelev>
    <Telev>601.5</Telev>
    <PART>0.5</PART>
    <DELAY>1</DELAY>
  </CatchmentParameters>
  <VegetationZone>
    <VegetationZoneParameters>
      <TT>-0.50000045279696659</TT>
      <CFMAX>3.0146693503317148</CFMAX>
      <SP>0</SP>
      <SFCF>0.89615843179563981</SFCF>
      <CFR>0.062604964847736588</CFR>
      <CWH>0.10413100270131694</CWH>
      <CFGlacier>1</CFGlacier>
      <CFSlope>1</CFSlope>
      <FC>69.54519993413723</FC>
      <LP>0.65987721740096428</LP>
      <BETA>5.9999861997172079</BETA>
    </VegetationZoneParameters>
  </VegetationZone>
  <SubCatchment>
    <SubCatchmentParameters>
      <KSI>0.001</KSI>
      <KGmin>0.05</KGmin>
      <RangeKG>0.1</RangeKG>
      <AG>0.1</AG>
      <PERC>5.5819097756627523</PERC>
      <Alpha>0</Alpha>
      <UZL>181.64555894221144</UZL>
      <K0>0.50565392036437551</K0>
      <K1>0.13385461643398697</K1>
      <K2>0.03457270313657447</K2>
      <MAXBAS>1.0049464306312352</MAXBAS>
      <Cet>0</Cet>
      <PCALT>10</PCALT>
      <TCALT>0.6</TCALT>
      <Pelev>601.5</Pelev>
      <Telev>601.5</Telev>
      <PART>0.5</PART>
      <DELAY>1</DELAY>
    </SubCatchmentParameters>
    <SubCatchmentVegetationZone>
      <SubCatchmentVegetationZoneParameters>
        <TT>-0.50000045279696659</TT>
        <CFMAX>3.0146693503317148</CFMAX>
        <SP>0</SP>
        <SFCF>0.89615843179563981</SFCF>
        <CFR>0.062604964847736588</CFR>
        <CWH>0.10413100270131694</CWH>
        <CFGlacier>1</CFGlacier>
        <CFSlope>1</CFSlope>
        <FC>69.54519993413723</FC>
        <LP>0.65987721740096428</LP>
        <BETA>5.9999861997172079</BETA>
      </SubCatchmentVegetationZoneParameters>
    </SubCatchmentVegetationZone>
  </SubCatchment>
</Catchment>