<?xml version="1.0" encoding="utf-8"?>
<Catchment xmlns:xsi="http://www.w3.org/2001/XMLSchema-instance" xmlns:xsd="http://www.w3.org/2001/XMLSchema">
  <CatchmentParameters>
    <KSI>0.001</KSI>
    <KGmin>0.05</KGmin>
    <RangeKG>0.1</RangeKG>
    <AG>0.1</AG>
    <PERC>3.6158292571147861</PERC>
    <Alpha>0</Alpha>
    <UZL>73.213721894486483</UZL>
    <K0>0.31618216418920786</K0>
    <K1>0.11332287782159127</K1>
    <K2>0.049251845700813451</K2>
    <MAXBAS>1</MAXBAS>
    <Cet>0</Cet>
    <PCALT>10</PCALT>
    <TCALT>0.6</TCALT>
    <Pelev>601.5</Pelev>
    <Telev>601.5</Telev>
    <PART>0.5</PART>
    <DELAY>1</DELAY>
  </CatchmentParameters>
  <VegetationZone>
    <VegetationZoneParameters>
      <TT>-2.0000017893702182</TT>
      <CFMAX>1.7588165735108496</CFMAX>
      <SP>0</SP>
      <SFCF>0.96182085540909656</SFCF>
      <CFR>0.099998202927091384</CFR>
      <CWH>0.10000004169670089</CWH>
      <CFGlacier>1</CFGlacier>
      <CFSlope>1</CFSlope>
      <FC>117.01110576383435</FC>
      <LP>0.52952807002265223</LP>
      <BETA>4.0992576077915306</BETA>
    </VegetationZoneParameters>
  </VegetationZone>
  <SubCatchment>
    <SubCatchmentParameters>
      <KSI>0.001</KSI>
      <KGmin>0.05</KGmin>
      <RangeKG>0.1</RangeKG>
      <AG>0.1</AG>
      <PERC>3.6158292571147861</PERC>
      <Alpha>0</Alpha>
      <UZL>73.213721894486483</UZL>
      <K0>0.31618216418920786</K0>
      <K1>0.11332287782159127</K1>
      <K2>0.049251845700813451</K2>
      <MAXBAS>1</MAXBAS>
      <Cet>0</Cet>
      <PCALT>10</PCALT>
      <TCALT>0.6</TCALT>
      <Pelev>601.5</Pelev>
      <Telev>601.5</Telev>
      <PART>0.5</PART>
      <DELAY>1</DELAY>
    </SubCatchmentParameters>
    <SubCatchmentVegetationZone>
      <SubCatchmentVegetationZoneParameters>
        <TT>-2.0000017893702182</TT>
        <CFMAX>1.7588165735108496</CFMAX>
        <SP>0</SP>
        <SFCF>0.96182085540909656</SFCF>
        <CFR>0.099998202927091384</CFR>
        <CWH>0.10000004169670089</CWH>
        <CFGlacier>1</CFGlacier>
        <CFSlope>1</CFSlope>
        <FC>117.01110576383435</FC>
        <LP>0.52952807002265223</LP>
        <BETA>4.0992576077915306</BETA>
      </SubCatchmentVegetationZoneParameters>
    </SubCatchmentVegetationZone>
  </SubCatchment>
</Catchment>