<?xml version="1.0" encoding="utf-8"?>
<Catchment xmlns:xsi="http://www.w3.org/2001/XMLSchema-instance" xmlns:xsd="http://www.w3.org/2001/XMLSchema">
  <CatchmentParameters>
    <KSI>0.001</KSI>
    <KGmin>0.05</KGmin>
    <RangeKG>0.1</RangeKG>
    <AG>0.1</AG>
    <PERC>4.616721392366812</PERC>
    <Alpha>0</Alpha>
    <UZL>170.8946659308059</UZL>
    <K0>0.56444342163781425</K0>
    <K1>0.1318419028304135</K1>
    <K2>0.046300815770201557</K2>
    <MAXBAS>1</MAXBAS>
    <Cet>0</Cet>
    <PCALT>10</PCALT>
    <TCALT>0.6</TCALT>
    <Pelev>601.5</Pelev>
    <Telev>601.5</Telev>
    <PART>0.5</PART>
    <DELAY>1</DELAY>
  </CatchmentParameters>
  <VegetationZone>
    <VegetationZoneParameters>
      <TT>-0.5181229703589787</TT>
      <CFMAX>3.0110229017402195</CFMAX>
      <SP>0</SP>
      <SFCF>0.93767426956589928</SFCF>
      <CFR>0.021431667655149412</CFR>
      <CWH>0.10000000557880788</CWH>
      <CFGlacier>1</CFGlacier>
      <CFSlope>1</CFSlope>
      <FC>122.44534458663955</FC>
      <LP>0.61858110516466869</LP>
      <BETA>4.8305011294748965</BETA>
    </VegetationZoneParameters>
  </VegetationZone>
  <SubCatchment>
    <SubCatchmentParameters>
      <KSI>0.001</KSI>
      <KGmin>0.05</KGmin>
      <RangeKG>0.1</RangeKG>
      <AG>0.1</AG>
      <PERC>4.616721392366812</PERC>
      <Alpha>0</Alpha>
      <UZL>170.8946659308059</UZL>
      <K0>0.56444342163781425</K0>
      <K1>0.1318419028304135</K1>
      <K2>0.046300815770201557</K2>
      <MAXBAS>1</MAXBAS>
      <Cet>0</Cet>
      <PCALT>10</PCALT>
      <TCALT>0.6</TCALT>
      <Pelev>601.5</Pelev>
      <Telev>601.5</Telev>
      <PART>0.5</PART>
      <DELAY>1</DELAY>
    </SubCatchmentParameters>
    <SubCatchmentVegetationZone>
      <SubCatchmentVegetationZoneParameters>
        <TT>-0.5181229703589787</TT>
        <CFMAX>3.0110229017402195</CFMAX>
        <SP>0</SP>
        <SFCF>0.93767426956589928</SFCF>
        <CFR>0.021431667655149412</CFR>
        <CWH>0.10000000557880788</CWH>
        <CFGlacier>1</CFGlacier>
        <CFSlope>1</CFSlope>
        <FC>122.44534458663955</FC>
        <LP>0.61858110516466869</LP>
        <BETA>4.8305011294748965</BETA>
      </SubCatchmentVegetationZoneParameters>
    </SubCatchmentVegetationZone>
  </SubCatchment>
</Catchment>