<?xml version="1.0" encoding="utf-8"?>
<Catchment xmlns:xsi="http://www.w3.org/2001/XMLSchema-instance" xmlns:xsd="http://www.w3.org/2001/XMLSchema">
  <CatchmentParameters>
    <KSI>0.001</KSI>
    <KGmin>0.05</KGmin>
    <RangeKG>0.1</RangeKG>
    <AG>0.1</AG>
    <PERC>9.6113348280333284</PERC>
    <Alpha>0</Alpha>
    <UZL>176.38921966458241</UZL>
    <K0>0.576663671089614</K0>
    <K1>0.22425709740412736</K1>
    <K2>0.069722622727701578</K2>
    <MAXBAS>1.0048518218750746</MAXBAS>
    <Cet>0</Cet>
    <PCALT>10</PCALT>
    <TCALT>0.6</TCALT>
    <Pelev>601.5</Pelev>
    <Telev>601.5</Telev>
    <PART>0.5</PART>
    <DELAY>1</DELAY>
  </CatchmentParameters>
  <VegetationZone>
    <VegetationZoneParameters>
      <TT>-0.54969410644989614</TT>
      <CFMAX>2.4025839252735297</CFMAX>
      <SP>0</SP>
      <SFCF>0.7716633631510994</SFCF>
      <CFR>0.045059230683516888</CFR>
      <CWH>0.10000005422397254</CWH>
      <CFGlacier>1</CFGlacier>
      <CFSlope>1</CFSlope>
      <FC>91.614885047695381</FC>
      <LP>0.640750586280352</LP>
      <BETA>3.3304259982988809</BETA>
    </VegetationZoneParameters>
  </VegetationZone>
  <SubCatchment>
    <SubCatchmentParameters>
      <KSI>0.001</KSI>
      <KGmin>0.05</KGmin>
      <RangeKG>0.1</RangeKG>
      <AG>0.1</AG>
      <PERC>9.6113348280333284</PERC>
      <Alpha>0</Alpha>
      <UZL>176.38921966458241</UZL>
      <K0>0.576663671089614</K0>
      <K1>0.22425709740412736</K1>
      <K2>0.069722622727701578</K2>
      <MAXBAS>1.0048518218750746</MAXBAS>
      <Cet>0</Cet>
      <PCALT>10</PCALT>
      <TCALT>0.6</TCALT>
      <Pelev>601.5</Pelev>
      <Telev>601.5</Telev>
      <PART>0.5</PART>
      <DELAY>1</DELAY>
    </SubCatchmentParameters>
    <SubCatchmentVegetationZone>
      <SubCatchmentVegetationZoneParameters>
        <TT>-0.54969410644989614</TT>
        <CFMAX>2.4025839252735297</CFMAX>
        <SP>0</SP>
        <SFCF>0.7716633631510994</SFCF>
        <CFR>0.045059230683516888</CFR>
        <CWH>0.10000005422397254</CWH>
        <CFGlacier>1</CFGlacier>
        <CFSlope>1</CFSlope>
        <FC>91.614885047695381</FC>
        <LP>0.640750586280352</LP>
        <BETA>3.3304259982988809</BETA>
      </SubCatchmentVegetationZoneParameters>
    </SubCatchmentVegetationZone>
  </SubCatchment>
</Catchment>