<?xml version="1.0" encoding="utf-8"?>
<Catchment xmlns:xsi="http://www.w3.org/2001/XMLSchema-instance" xmlns:xsd="http://www.w3.org/2001/XMLSchema">
  <CatchmentParameters>
    <KSI>0.001</KSI>
    <KGmin>0.05</KGmin>
    <RangeKG>0.1</RangeKG>
    <AG>0.1</AG>
    <PERC>8.6502110659670368</PERC>
    <Alpha>0</Alpha>
    <UZL>84.474813746377919</UZL>
    <K0>0.34405796482786738</K0>
    <K1>0.266539173557481</K1>
    <K2>0.095976748533236081</K2>
    <MAXBAS>1.0806011621301257</MAXBAS>
    <Cet>0</Cet>
    <PCALT>10</PCALT>
    <TCALT>0.6</TCALT>
    <Pelev>601.5</Pelev>
    <Telev>601.5</Telev>
    <PART>0.5</PART>
    <DELAY>1</DELAY>
  </CatchmentParameters>
  <VegetationZone>
    <VegetationZoneParameters>
      <TT>-0.50002606715835152</TT>
      <CFMAX>1.9730228504290019</CFMAX>
      <SP>0</SP>
      <SFCF>0.63308314609915728</SFCF>
      <CFR>0.04829598477028859</CFR>
      <CWH>0.1015199764616934</CWH>
      <CFGlacier>1</CFGlacier>
      <CFSlope>1</CFSlope>
      <FC>151.25235766029152</FC>
      <LP>0.79628770627181289</LP>
      <BETA>3.6855531523550704</BETA>
    </VegetationZoneParameters>
  </VegetationZone>
  <SubCatchment>
    <SubCatchmentParameters>
      <KSI>0.001</KSI>
      <KGmin>0.05</KGmin>
      <RangeKG>0.1</RangeKG>
      <AG>0.1</AG>
      <PERC>8.6502110659670368</PERC>
      <Alpha>0</Alpha>
      <UZL>84.474813746377919</UZL>
      <K0>0.34405796482786738</K0>
      <K1>0.266539173557481</K1>
      <K2>0.095976748533236081</K2>
      <MAXBAS>1.0806011621301257</MAXBAS>
      <Cet>0</Cet>
      <PCALT>10</PCALT>
      <TCALT>0.6</TCALT>
      <Pelev>601.5</Pelev>
      <Telev>601.5</Telev>
      <PART>0.5</PART>
      <DELAY>1</DELAY>
    </SubCatchmentParameters>
    <SubCatchmentVegetationZone>
      <SubCatchmentVegetationZoneParameters>
        <TT>-0.50002606715835152</TT>
        <CFMAX>1.9730228504290019</CFMAX>
        <SP>0</SP>
        <SFCF>0.63308314609915728</SFCF>
        <CFR>0.04829598477028859</CFR>
        <CWH>0.1015199764616934</CWH>
        <CFGlacier>1</CFGlacier>
        <CFSlope>1</CFSlope>
        <FC>151.25235766029152</FC>
        <LP>0.79628770627181289</LP>
        <BETA>3.6855531523550704</BETA>
      </SubCatchmentVegetationZoneParameters>
    </SubCatchmentVegetationZone>
  </SubCatchment>
</Catchment>