<?xml version="1.0" encoding="utf-8"?>
<Catchment xmlns:xsi="http://www.w3.org/2001/XMLSchema-instance" xmlns:xsd="http://www.w3.org/2001/XMLSchema">
  <CatchmentParameters>
    <KSI>0.001</KSI>
    <KGmin>0.05</KGmin>
    <RangeKG>0.1</RangeKG>
    <AG>0.1</AG>
    <PERC>4.6766814412959867</PERC>
    <Alpha>0</Alpha>
    <UZL>101.17330528410182</UZL>
    <K0>0.30408089481693612</K0>
    <K1>0.14909990059014408</K1>
    <K2>0.053791268414951181</K2>
    <MAXBAS>1</MAXBAS>
    <Cet>0</Cet>
    <PCALT>10</PCALT>
    <TCALT>0.6</TCALT>
    <Pelev>601.5</Pelev>
    <Telev>601.5</Telev>
    <PART>0.5</PART>
    <DELAY>1</DELAY>
  </CatchmentParameters>
  <VegetationZone>
    <VegetationZoneParameters>
      <TT>-0.84999553832571983</TT>
      <CFMAX>2.3102127089471494</CFMAX>
      <SP>0</SP>
      <SFCF>0.92371716835056827</SFCF>
      <CFR>1.3892042160865971E-08</CFR>
      <CWH>0.100000167601912</CWH>
      <CFGlacier>1</CFGlacier>
      <CFSlope>1</CFSlope>
      <FC>142.12512106448446</FC>
      <LP>0.68476171034839683</LP>
      <BETA>4.8570549360763433</BETA>
    </VegetationZoneParameters>
  </VegetationZone>
  <SubCatchment>
    <SubCatchmentParameters>
      <KSI>0.001</KSI>
      <KGmin>0.05</KGmin>
      <RangeKG>0.1</RangeKG>
      <AG>0.1</AG>
      <PERC>4.6766814412959867</PERC>
      <Alpha>0</Alpha>
      <UZL>101.17330528410182</UZL>
      <K0>0.30408089481693612</K0>
      <K1>0.14909990059014408</K1>
      <K2>0.053791268414951181</K2>
      <MAXBAS>1</MAXBAS>
      <Cet>0</Cet>
      <PCALT>10</PCALT>
      <TCALT>0.6</TCALT>
      <Pelev>601.5</Pelev>
      <Telev>601.5</Telev>
      <PART>0.5</PART>
      <DELAY>1</DELAY>
    </SubCatchmentParameters>
    <SubCatchmentVegetationZone>
      <SubCatchmentVegetationZoneParameters>
        <TT>-0.84999553832571983</TT>
        <CFMAX>2.3102127089471494</CFMAX>
        <SP>0</SP>
        <SFCF>0.92371716835056827</SFCF>
        <CFR>1.3892042160865971E-08</CFR>
        <CWH>0.100000167601912</CWH>
        <CFGlacier>1</CFGlacier>
        <CFSlope>1</CFSlope>
        <FC>142.12512106448446</FC>
        <LP>0.68476171034839683</LP>
        <BETA>4.8570549360763433</BETA>
      </SubCatchmentVegetationZoneParameters>
    </SubCatchmentVegetationZone>
  </SubCatchment>
</Catchment>