<?xml version="1.0" encoding="utf-8"?>
<Catchment xmlns:xsi="http://www.w3.org/2001/XMLSchema-instance" xmlns:xsd="http://www.w3.org/2001/XMLSchema">
  <CatchmentParameters>
    <KSI>0.001</KSI>
    <KGmin>0.05</KGmin>
    <RangeKG>0.1</RangeKG>
    <AG>0.1</AG>
    <PERC>3.7559930508011612</PERC>
    <Alpha>0</Alpha>
    <UZL>103.18590462293408</UZL>
    <K0>0.22473258879007796</K0>
    <K1>0.13407648434242125</K1>
    <K2>0.0454178563112177</K2>
    <MAXBAS>1</MAXBAS>
    <Cet>0</Cet>
    <PCALT>10</PCALT>
    <TCALT>0.6</TCALT>
    <Pelev>601.5</Pelev>
    <Telev>601.5</Telev>
    <PART>0.5</PART>
    <DELAY>1</DELAY>
  </CatchmentParameters>
  <VegetationZone>
    <VegetationZoneParameters>
      <TT>-0.841594627315539</TT>
      <CFMAX>2.2892793415252952</CFMAX>
      <SP>0</SP>
      <SFCF>0.89248391782770287</SFCF>
      <CFR>0.0024007336849083127</CFR>
      <CWH>0.10000011121167268</CWH>
      <CFGlacier>1</CFGlacier>
      <CFSlope>1</CFSlope>
      <FC>83.777334608755638</FC>
      <LP>0.57172756410526282</LP>
      <BETA>5.0181346268221407</BETA>
    </VegetationZoneParameters>
  </VegetationZone>
  <SubCatchment>
    <SubCatchmentParameters>
      <KSI>0.001</KSI>
      <KGmin>0.05</KGmin>
      <RangeKG>0.1</RangeKG>
      <AG>0.1</AG>
      <PERC>3.7559930508011612</PERC>
      <Alpha>0</Alpha>
      <UZL>103.18590462293408</UZL>
      <K0>0.22473258879007796</K0>
      <K1>0.13407648434242125</K1>
      <K2>0.0454178563112177</K2>
      <MAXBAS>1</MAXBAS>
      <Cet>0</Cet>
      <PCALT>10</PCALT>
      <TCALT>0.6</TCALT>
      <Pelev>601.5</Pelev>
      <Telev>601.5</Telev>
      <PART>0.5</PART>
      <DELAY>1</DELAY>
    </SubCatchmentParameters>
    <SubCatchmentVegetationZone>
      <SubCatchmentVegetationZoneParameters>
        <TT>-0.841594627315539</TT>
        <CFMAX>2.2892793415252952</CFMAX>
        <SP>0</SP>
        <SFCF>0.89248391782770287</SFCF>
        <CFR>0.0024007336849083127</CFR>
        <CWH>0.10000011121167268</CWH>
        <CFGlacier>1</CFGlacier>
        <CFSlope>1</CFSlope>
        <FC>83.777334608755638</FC>
        <LP>0.57172756410526282</LP>
        <BETA>5.0181346268221407</BETA>
      </SubCatchmentVegetationZoneParameters>
    </SubCatchmentVegetationZone>
  </SubCatchment>
</Catchment>