<?xml version="1.0" encoding="utf-8"?>
<Catchment xmlns:xsi="http://www.w3.org/2001/XMLSchema-instance" xmlns:xsd="http://www.w3.org/2001/XMLSchema">
  <CatchmentParameters>
    <KSI>0.001</KSI>
    <KGmin>0.05</KGmin>
    <RangeKG>0.1</RangeKG>
    <AG>0.1</AG>
    <PERC>3.2965494368417163</PERC>
    <Alpha>0</Alpha>
    <UZL>47.246630953297071</UZL>
    <K0>0.26965652308138471</K0>
    <K1>0.12584574821639311</K1>
    <K2>0.048238918515247663</K2>
    <MAXBAS>1</MAXBAS>
    <Cet>0</Cet>
    <PCALT>10</PCALT>
    <TCALT>0.6</TCALT>
    <Pelev>601.5</Pelev>
    <Telev>601.5</Telev>
    <PART>0.5</PART>
    <DELAY>1</DELAY>
  </CatchmentParameters>
  <VegetationZone>
    <VegetationZoneParameters>
      <TT>-1.8500150320769091</TT>
      <CFMAX>1.338011643807379</CFMAX>
      <SP>0</SP>
      <SFCF>0.87826116619160932</SFCF>
      <CFR>3.219889728223106E-08</CFR>
      <CWH>0.10000041080982997</CWH>
      <CFGlacier>1</CFGlacier>
      <CFSlope>1</CFSlope>
      <FC>85.399257705925379</FC>
      <LP>0.533287209958057</LP>
      <BETA>4.2437248387059165</BETA>
    </VegetationZoneParameters>
  </VegetationZone>
  <SubCatchment>
    <SubCatchmentParameters>
      <KSI>0.001</KSI>
      <KGmin>0.05</KGmin>
      <RangeKG>0.1</RangeKG>
      <AG>0.1</AG>
      <PERC>3.2965494368417163</PERC>
      <Alpha>0</Alpha>
      <UZL>47.246630953297071</UZL>
      <K0>0.26965652308138471</K0>
      <K1>0.12584574821639311</K1>
      <K2>0.048238918515247663</K2>
      <MAXBAS>1</MAXBAS>
      <Cet>0</Cet>
      <PCALT>10</PCALT>
      <TCALT>0.6</TCALT>
      <Pelev>601.5</Pelev>
      <Telev>601.5</Telev>
      <PART>0.5</PART>
      <DELAY>1</DELAY>
    </SubCatchmentParameters>
    <SubCatchmentVegetationZone>
      <SubCatchmentVegetationZoneParameters>
        <TT>-1.8500150320769091</TT>
        <CFMAX>1.338011643807379</CFMAX>
        <SP>0</SP>
        <SFCF>0.87826116619160932</SFCF>
        <CFR>3.219889728223106E-08</CFR>
        <CWH>0.10000041080982997</CWH>
        <CFGlacier>1</CFGlacier>
        <CFSlope>1</CFSlope>
        <FC>85.399257705925379</FC>
        <LP>0.533287209958057</LP>
        <BETA>4.2437248387059165</BETA>
      </SubCatchmentVegetationZoneParameters>
    </SubCatchmentVegetationZone>
  </SubCatchment>
</Catchment>