<?xml version="1.0" encoding="utf-8"?>
<Catchment xmlns:xsi="http://www.w3.org/2001/XMLSchema-instance" xmlns:xsd="http://www.w3.org/2001/XMLSchema">
  <CatchmentParameters>
    <KSI>0.001</KSI>
    <KGmin>0.05</KGmin>
    <RangeKG>0.1</RangeKG>
    <AG>0.1</AG>
    <PERC>7.2461893860889823</PERC>
    <Alpha>0</Alpha>
    <UZL>150.45719221282442</UZL>
    <K0>0.29680249318422547</K0>
    <K1>0.19426495548497502</K1>
    <K2>0.062638578641963691</K2>
    <MAXBAS>1.00000004755887</MAXBAS>
    <Cet>0</Cet>
    <PCALT>10</PCALT>
    <TCALT>0.6</TCALT>
    <Pelev>601.5</Pelev>
    <Telev>601.5</Telev>
    <PART>0.5</PART>
    <DELAY>1</DELAY>
  </CatchmentParameters>
  <VegetationZone>
    <VegetationZoneParameters>
      <TT>-0.85068929670451221</TT>
      <CFMAX>2.2319567711464288</CFMAX>
      <SP>0</SP>
      <SFCF>0.76852207330316258</SFCF>
      <CFR>0.067393456041501862</CFR>
      <CWH>0.10595043672796228</CWH>
      <CFGlacier>1</CFGlacier>
      <CFSlope>1</CFSlope>
      <FC>111.48139174218922</FC>
      <LP>0.77308846330834746</LP>
      <BETA>4.1555568168194048</BETA>
    </VegetationZoneParameters>
  </VegetationZone>
  <SubCatchment>
    <SubCatchmentParameters>
      <KSI>0.001</KSI>
      <KGmin>0.05</KGmin>
      <RangeKG>0.1</RangeKG>
      <AG>0.1</AG>
      <PERC>7.2461893860889823</PERC>
      <Alpha>0</Alpha>
      <UZL>150.45719221282442</UZL>
      <K0>0.29680249318422547</K0>
      <K1>0.19426495548497502</K1>
      <K2>0.062638578641963691</K2>
      <MAXBAS>1.00000004755887</MAXBAS>
      <Cet>0</Cet>
      <PCALT>10</PCALT>
      <TCALT>0.6</TCALT>
      <Pelev>601.5</Pelev>
      <Telev>601.5</Telev>
      <PART>0.5</PART>
      <DELAY>1</DELAY>
    </SubCatchmentParameters>
    <SubCatchmentVegetationZone>
      <SubCatchmentVegetationZoneParameters>
        <TT>-0.85068929670451221</TT>
        <CFMAX>2.2319567711464288</CFMAX>
        <SP>0</SP>
        <SFCF>0.76852207330316258</SFCF>
        <CFR>0.067393456041501862</CFR>
        <CWH>0.10595043672796228</CWH>
        <CFGlacier>1</CFGlacier>
        <CFSlope>1</CFSlope>
        <FC>111.48139174218922</FC>
        <LP>0.77308846330834746</LP>
        <BETA>4.1555568168194048</BETA>
      </SubCatchmentVegetationZoneParameters>
    </SubCatchmentVegetationZone>
  </SubCatchment>
</Catchment>