<?xml version="1.0" encoding="utf-8"?>
<Catchment xmlns:xsi="http://www.w3.org/2001/XMLSchema-instance" xmlns:xsd="http://www.w3.org/2001/XMLSchema">
  <CatchmentParameters>
    <KSI>0.001</KSI>
    <KGmin>0.05</KGmin>
    <RangeKG>0.1</RangeKG>
    <AG>0.1</AG>
    <PERC>5.6450435398901035</PERC>
    <Alpha>0</Alpha>
    <UZL>180.43601942680107</UZL>
    <K0>0.35578090061019196</K0>
    <K1>0.15150247013786727</K1>
    <K2>0.044171465158886924</K2>
    <MAXBAS>1.0000610261952703</MAXBAS>
    <Cet>0</Cet>
    <PCALT>10</PCALT>
    <TCALT>0.6</TCALT>
    <Pelev>601.5</Pelev>
    <Telev>601.5</Telev>
    <PART>0.5</PART>
    <DELAY>1</DELAY>
  </CatchmentParameters>
  <VegetationZone>
    <VegetationZoneParameters>
      <TT>0.14999934015061006</TT>
      <CFMAX>3.25171057193531</CFMAX>
      <SP>0</SP>
      <SFCF>0.75901167224827781</SFCF>
      <CFR>0.032746995249777075</CFR>
      <CWH>0.10000014630143049</CWH>
      <CFGlacier>1</CFGlacier>
      <CFSlope>1</CFSlope>
      <FC>78.063655080159066</FC>
      <LP>0.59224938602496968</LP>
      <BETA>3.8284889379673257</BETA>
    </VegetationZoneParameters>
  </VegetationZone>
  <SubCatchment>
    <SubCatchmentParameters>
      <KSI>0.001</KSI>
      <KGmin>0.05</KGmin>
      <RangeKG>0.1</RangeKG>
      <AG>0.1</AG>
      <PERC>5.6450435398901035</PERC>
      <Alpha>0</Alpha>
      <UZL>180.43601942680107</UZL>
      <K0>0.35578090061019196</K0>
      <K1>0.15150247013786727</K1>
      <K2>0.044171465158886924</K2>
      <MAXBAS>1.0000610261952703</MAXBAS>
      <Cet>0</Cet>
      <PCALT>10</PCALT>
      <TCALT>0.6</TCALT>
      <Pelev>601.5</Pelev>
      <Telev>601.5</Telev>
      <PART>0.5</PART>
      <DELAY>1</DELAY>
    </SubCatchmentParameters>
    <SubCatchmentVegetationZone>
      <SubCatchmentVegetationZoneParameters>
        <TT>0.14999934015061006</TT>
        <CFMAX>3.25171057193531</CFMAX>
        <SP>0</SP>
        <SFCF>0.75901167224827781</SFCF>
        <CFR>0.032746995249777075</CFR>
        <CWH>0.10000014630143049</CWH>
        <CFGlacier>1</CFGlacier>
        <CFSlope>1</CFSlope>
        <FC>78.063655080159066</FC>
        <LP>0.59224938602496968</LP>
        <BETA>3.8284889379673257</BETA>
      </SubCatchmentVegetationZoneParameters>
    </SubCatchmentVegetationZone>
  </SubCatchment>
</Catchment>