<?xml version="1.0" encoding="utf-8"?>
<Catchment xmlns:xsi="http://www.w3.org/2001/XMLSchema-instance" xmlns:xsd="http://www.w3.org/2001/XMLSchema">
  <CatchmentParameters>
    <KSI>0.001</KSI>
    <KGmin>0.05</KGmin>
    <RangeKG>0.1</RangeKG>
    <AG>0.1</AG>
    <PERC>7.6609827809505173</PERC>
    <Alpha>0</Alpha>
    <UZL>107.2452069515228</UZL>
    <K0>0.57394368256426742</K0>
    <K1>0.193451506166522</K1>
    <K2>0.0722583047305549</K2>
    <MAXBAS>1.0000124707349269</MAXBAS>
    <Cet>0</Cet>
    <PCALT>10</PCALT>
    <TCALT>0.6</TCALT>
    <Pelev>601.5</Pelev>
    <Telev>601.5</Telev>
    <PART>0.5</PART>
    <DELAY>1</DELAY>
  </CatchmentParameters>
  <VegetationZone>
    <VegetationZoneParameters>
      <TT>-0.047023993670335759</TT>
      <CFMAX>2.7066782175899147</CFMAX>
      <SP>0</SP>
      <SFCF>0.69826619007878044</SFCF>
      <CFR>0.040656376289785377</CFR>
      <CWH>0.1000006979562638</CWH>
      <CFGlacier>1</CFGlacier>
      <CFSlope>1</CFSlope>
      <FC>119.29734727226816</FC>
      <LP>0.73140240428044045</LP>
      <BETA>3.5489822492152063</BETA>
    </VegetationZoneParameters>
  </VegetationZone>
  <SubCatchment>
    <SubCatchmentParameters>
      <KSI>0.001</KSI>
      <KGmin>0.05</KGmin>
      <RangeKG>0.1</RangeKG>
      <AG>0.1</AG>
      <PERC>7.6609827809505173</PERC>
      <Alpha>0</Alpha>
      <UZL>107.2452069515228</UZL>
      <K0>0.57394368256426742</K0>
      <K1>0.193451506166522</K1>
      <K2>0.0722583047305549</K2>
      <MAXBAS>1.0000124707349269</MAXBAS>
      <Cet>0</Cet>
      <PCALT>10</PCALT>
      <TCALT>0.6</TCALT>
      <Pelev>601.5</Pelev>
      <Telev>601.5</Telev>
      <PART>0.5</PART>
      <DELAY>1</DELAY>
    </SubCatchmentParameters>
    <SubCatchmentVegetationZone>
      <SubCatchmentVegetationZoneParameters>
        <TT>-0.047023993670335759</TT>
        <CFMAX>2.7066782175899147</CFMAX>
        <SP>0</SP>
        <SFCF>0.69826619007878044</SFCF>
        <CFR>0.040656376289785377</CFR>
        <CWH>0.1000006979562638</CWH>
        <CFGlacier>1</CFGlacier>
        <CFSlope>1</CFSlope>
        <FC>119.29734727226816</FC>
        <LP>0.73140240428044045</LP>
        <BETA>3.5489822492152063</BETA>
      </SubCatchmentVegetationZoneParameters>
    </SubCatchmentVegetationZone>
  </SubCatchment>
</Catchment>