<?xml version="1.0" encoding="utf-8"?>
<Catchment xmlns:xsi="http://www.w3.org/2001/XMLSchema-instance" xmlns:xsd="http://www.w3.org/2001/XMLSchema">
  <CatchmentParameters>
    <KSI>0.001</KSI>
    <KGmin>0.05</KGmin>
    <RangeKG>0.1</RangeKG>
    <AG>0.1</AG>
    <PERC>3.4468048944454117</PERC>
    <Alpha>0</Alpha>
    <UZL>80.522909524617845</UZL>
    <K0>0.42489879533826047</K0>
    <K1>0.131794258874156</K1>
    <K2>0.052524157691653715</K2>
    <MAXBAS>1</MAXBAS>
    <Cet>0</Cet>
    <PCALT>10</PCALT>
    <TCALT>0.6</TCALT>
    <Pelev>601.5</Pelev>
    <Telev>601.5</Telev>
    <PART>0.5</PART>
    <DELAY>1</DELAY>
  </CatchmentParameters>
  <VegetationZone>
    <VegetationZoneParameters>
      <TT>-1.8500264193704075</TT>
      <CFMAX>1.7192275367916978</CFMAX>
      <SP>0</SP>
      <SFCF>0.92347207851935986</SFCF>
      <CFR>0.056821380304901657</CFR>
      <CWH>0.10000002677270187</CWH>
      <CFGlacier>1</CFGlacier>
      <CFSlope>1</CFSlope>
      <FC>168.15839459397259</FC>
      <LP>0.78052751910274232</LP>
      <BETA>5.9999993846233792</BETA>
    </VegetationZoneParameters>
  </VegetationZone>
  <SubCatchment>
    <SubCatchmentParameters>
      <KSI>0.001</KSI>
      <KGmin>0.05</KGmin>
      <RangeKG>0.1</RangeKG>
      <AG>0.1</AG>
      <PERC>3.4468048944454117</PERC>
      <Alpha>0</Alpha>
      <UZL>80.522909524617845</UZL>
      <K0>0.42489879533826047</K0>
      <K1>0.131794258874156</K1>
      <K2>0.052524157691653715</K2>
      <MAXBAS>1</MAXBAS>
      <Cet>0</Cet>
      <PCALT>10</PCALT>
      <TCALT>0.6</TCALT>
      <Pelev>601.5</Pelev>
      <Telev>601.5</Telev>
      <PART>0.5</PART>
      <DELAY>1</DELAY>
    </SubCatchmentParameters>
    <SubCatchmentVegetationZone>
      <SubCatchmentVegetationZoneParameters>
        <TT>-1.8500264193704075</TT>
        <CFMAX>1.7192275367916978</CFMAX>
        <SP>0</SP>
        <SFCF>0.92347207851935986</SFCF>
        <CFR>0.056821380304901657</CFR>
        <CWH>0.10000002677270187</CWH>
        <CFGlacier>1</CFGlacier>
        <CFSlope>1</CFSlope>
        <FC>168.15839459397259</FC>
        <LP>0.78052751910274232</LP>
        <BETA>5.9999993846233792</BETA>
      </SubCatchmentVegetationZoneParameters>
    </SubCatchmentVegetationZone>
  </SubCatchment>
</Catchment>