<?xml version="1.0" encoding="utf-8"?>
<Catchment xmlns:xsi="http://www.w3.org/2001/XMLSchema-instance" xmlns:xsd="http://www.w3.org/2001/XMLSchema">
  <CatchmentParameters>
    <KSI>0.001</KSI>
    <KGmin>0.05</KGmin>
    <RangeKG>0.1</RangeKG>
    <AG>0.1</AG>
    <PERC>4.6399462599114321</PERC>
    <Alpha>0</Alpha>
    <UZL>168.38153578705658</UZL>
    <K0>0.28245494832829038</K0>
    <K1>0.14817116062851346</K1>
    <K2>0.049166868006068939</K2>
    <MAXBAS>1</MAXBAS>
    <Cet>0</Cet>
    <PCALT>10</PCALT>
    <TCALT>0.6</TCALT>
    <Pelev>601.5</Pelev>
    <Telev>601.5</Telev>
    <PART>0.5</PART>
    <DELAY>1</DELAY>
  </CatchmentParameters>
  <VegetationZone>
    <VegetationZoneParameters>
      <TT>-1.8500018649490295</TT>
      <CFMAX>1.8539934376722453</CFMAX>
      <SP>0</SP>
      <SFCF>0.953901893746504</SFCF>
      <CFR>0.068103882405246813</CFR>
      <CWH>0.10000014995588241</CWH>
      <CFGlacier>1</CFGlacier>
      <CFSlope>1</CFSlope>
      <FC>130.73787052861323</FC>
      <LP>0.65144521941590972</LP>
      <BETA>5.2185667285231823</BETA>
    </VegetationZoneParameters>
  </VegetationZone>
  <SubCatchment>
    <SubCatchmentParameters>
      <KSI>0.001</KSI>
      <KGmin>0.05</KGmin>
      <RangeKG>0.1</RangeKG>
      <AG>0.1</AG>
      <PERC>4.6399462599114321</PERC>
      <Alpha>0</Alpha>
      <UZL>168.38153578705658</UZL>
      <K0>0.28245494832829038</K0>
      <K1>0.14817116062851346</K1>
      <K2>0.049166868006068939</K2>
      <MAXBAS>1</MAXBAS>
      <Cet>0</Cet>
      <PCALT>10</PCALT>
      <TCALT>0.6</TCALT>
      <Pelev>601.5</Pelev>
      <Telev>601.5</Telev>
      <PART>0.5</PART>
      <DELAY>1</DELAY>
    </SubCatchmentParameters>
    <SubCatchmentVegetationZone>
      <SubCatchmentVegetationZoneParameters>
        <TT>-1.8500018649490295</TT>
        <CFMAX>1.8539934376722453</CFMAX>
        <SP>0</SP>
        <SFCF>0.953901893746504</SFCF>
        <CFR>0.068103882405246813</CFR>
        <CWH>0.10000014995588241</CWH>
        <CFGlacier>1</CFGlacier>
        <CFSlope>1</CFSlope>
        <FC>130.73787052861323</FC>
        <LP>0.65144521941590972</LP>
        <BETA>5.2185667285231823</BETA>
      </SubCatchmentVegetationZoneParameters>
    </SubCatchmentVegetationZone>
  </SubCatchment>
</Catchment>