<?xml version="1.0" encoding="utf-8"?>
<Catchment xmlns:xsi="http://www.w3.org/2001/XMLSchema-instance" xmlns:xsd="http://www.w3.org/2001/XMLSchema">
  <CatchmentParameters>
    <KSI>0.001</KSI>
    <KGmin>0.05</KGmin>
    <RangeKG>0.1</RangeKG>
    <AG>0.1</AG>
    <PERC>7.3015633911502258</PERC>
    <Alpha>0</Alpha>
    <UZL>103.87671124424831</UZL>
    <K0>0.37872335087001041</K0>
    <K1>0.21827842170850428</K1>
    <K2>0.073233752309997666</K2>
    <MAXBAS>1.0001820258937064</MAXBAS>
    <Cet>0</Cet>
    <PCALT>10</PCALT>
    <TCALT>0.6</TCALT>
    <Pelev>601.5</Pelev>
    <Telev>601.5</Telev>
    <PART>0.5</PART>
    <DELAY>1</DELAY>
  </CatchmentParameters>
  <VegetationZone>
    <VegetationZoneParameters>
      <TT>-0.5033357808536576</TT>
      <CFMAX>2.2023740872319673</CFMAX>
      <SP>0</SP>
      <SFCF>0.710001194847199</SFCF>
      <CFR>0.038108444574271191</CFR>
      <CWH>0.10000004685642579</CWH>
      <CFGlacier>1</CFGlacier>
      <CFSlope>1</CFSlope>
      <FC>138.2366227752361</FC>
      <LP>0.81201759557457809</LP>
      <BETA>4.00956434270634</BETA>
    </VegetationZoneParameters>
  </VegetationZone>
  <SubCatchment>
    <SubCatchmentParameters>
      <KSI>0.001</KSI>
      <KGmin>0.05</KGmin>
      <RangeKG>0.1</RangeKG>
      <AG>0.1</AG>
      <PERC>7.3015633911502258</PERC>
      <Alpha>0</Alpha>
      <UZL>103.87671124424831</UZL>
      <K0>0.37872335087001041</K0>
      <K1>0.21827842170850428</K1>
      <K2>0.073233752309997666</K2>
      <MAXBAS>1.0001820258937064</MAXBAS>
      <Cet>0</Cet>
      <PCALT>10</PCALT>
      <TCALT>0.6</TCALT>
      <Pelev>601.5</Pelev>
      <Telev>601.5</Telev>
      <PART>0.5</PART>
      <DELAY>1</DELAY>
    </SubCatchmentParameters>
    <SubCatchmentVegetationZone>
      <SubCatchmentVegetationZoneParameters>
        <TT>-0.5033357808536576</TT>
        <CFMAX>2.2023740872319673</CFMAX>
        <SP>0</SP>
        <SFCF>0.710001194847199</SFCF>
        <CFR>0.038108444574271191</CFR>
        <CWH>0.10000004685642579</CWH>
        <CFGlacier>1</CFGlacier>
        <CFSlope>1</CFSlope>
        <FC>138.2366227752361</FC>
        <LP>0.81201759557457809</LP>
        <BETA>4.00956434270634</BETA>
      </SubCatchmentVegetationZoneParameters>
    </SubCatchmentVegetationZone>
  </SubCatchment>
</Catchment>