<?xml version="1.0" encoding="utf-8"?>
<Catchment xmlns:xsi="http://www.w3.org/2001/XMLSchema-instance" xmlns:xsd="http://www.w3.org/2001/XMLSchema">
  <CatchmentParameters>
    <KSI>0.001</KSI>
    <KGmin>0.05</KGmin>
    <RangeKG>0.1</RangeKG>
    <AG>0.1</AG>
    <PERC>3.58538607737068</PERC>
    <Alpha>0</Alpha>
    <UZL>92.049715145618052</UZL>
    <K0>0.49962481214136512</K0>
    <K1>0.1283370963027145</K1>
    <K2>0.046973649659645032</K2>
    <MAXBAS>1</MAXBAS>
    <Cet>0</Cet>
    <PCALT>10</PCALT>
    <TCALT>0.6</TCALT>
    <Pelev>601.5</Pelev>
    <Telev>601.5</Telev>
    <PART>0.5</PART>
    <DELAY>1</DELAY>
  </CatchmentParameters>
  <VegetationZone>
    <VegetationZoneParameters>
      <TT>-1.8500030846518991</TT>
      <CFMAX>1.8495615964092846</CFMAX>
      <SP>0</SP>
      <SFCF>0.95536279002127389</SFCF>
      <CFR>0.066853308998589128</CFR>
      <CWH>0.10000008616463016</CWH>
      <CFGlacier>1</CFGlacier>
      <CFSlope>1</CFSlope>
      <FC>138.4532397151454</FC>
      <LP>0.69156745582585033</LP>
      <BETA>5.8798699791834226</BETA>
    </VegetationZoneParameters>
  </VegetationZone>
  <SubCatchment>
    <SubCatchmentParameters>
      <KSI>0.001</KSI>
      <KGmin>0.05</KGmin>
      <RangeKG>0.1</RangeKG>
      <AG>0.1</AG>
      <PERC>3.58538607737068</PERC>
      <Alpha>0</Alpha>
      <UZL>92.049715145618052</UZL>
      <K0>0.49962481214136512</K0>
      <K1>0.1283370963027145</K1>
      <K2>0.046973649659645032</K2>
      <MAXBAS>1</MAXBAS>
      <Cet>0</Cet>
      <PCALT>10</PCALT>
      <TCALT>0.6</TCALT>
      <Pelev>601.5</Pelev>
      <Telev>601.5</Telev>
      <PART>0.5</PART>
      <DELAY>1</DELAY>
    </SubCatchmentParameters>
    <SubCatchmentVegetationZone>
      <SubCatchmentVegetationZoneParameters>
        <TT>-1.8500030846518991</TT>
        <CFMAX>1.8495615964092846</CFMAX>
        <SP>0</SP>
        <SFCF>0.95536279002127389</SFCF>
        <CFR>0.066853308998589128</CFR>
        <CWH>0.10000008616463016</CWH>
        <CFGlacier>1</CFGlacier>
        <CFSlope>1</CFSlope>
        <FC>138.4532397151454</FC>
        <LP>0.69156745582585033</LP>
        <BETA>5.8798699791834226</BETA>
      </SubCatchmentVegetationZoneParameters>
    </SubCatchmentVegetationZone>
  </SubCatchment>
</Catchment>