<?xml version="1.0" encoding="utf-8"?>
<Catchment xmlns:xsi="http://www.w3.org/2001/XMLSchema-instance" xmlns:xsd="http://www.w3.org/2001/XMLSchema">
  <CatchmentParameters>
    <KSI>0.001</KSI>
    <KGmin>0.05</KGmin>
    <RangeKG>0.1</RangeKG>
    <AG>0.1</AG>
    <PERC>6.521985148665701</PERC>
    <Alpha>0</Alpha>
    <UZL>127.63101308398288</UZL>
    <K0>0.577970116131456</K0>
    <K1>0.20414637280169168</K1>
    <K2>0.077331004346240226</K2>
    <MAXBAS>1.0000335557039419</MAXBAS>
    <Cet>0</Cet>
    <PCALT>10</PCALT>
    <TCALT>0.6</TCALT>
    <Pelev>601.5</Pelev>
    <Telev>601.5</Telev>
    <PART>0.5</PART>
    <DELAY>1</DELAY>
  </CatchmentParameters>
  <VegetationZone>
    <VegetationZoneParameters>
      <TT>0.058823815733478717</TT>
      <CFMAX>2.5426428726173476</CFMAX>
      <SP>0</SP>
      <SFCF>0.6457429582089298</SFCF>
      <CFR>0.039132999096840232</CFR>
      <CWH>0.10000063744490008</CWH>
      <CFGlacier>1</CFGlacier>
      <CFSlope>1</CFSlope>
      <FC>205.68713618669173</FC>
      <LP>0.9525706368456156</LP>
      <BETA>5.740362900365235</BETA>
    </VegetationZoneParameters>
  </VegetationZone>
  <SubCatchment>
    <SubCatchmentParameters>
      <KSI>0.001</KSI>
      <KGmin>0.05</KGmin>
      <RangeKG>0.1</RangeKG>
      <AG>0.1</AG>
      <PERC>6.521985148665701</PERC>
      <Alpha>0</Alpha>
      <UZL>127.63101308398288</UZL>
      <K0>0.577970116131456</K0>
      <K1>0.20414637280169168</K1>
      <K2>0.077331004346240226</K2>
      <MAXBAS>1.0000335557039419</MAXBAS>
      <Cet>0</Cet>
      <PCALT>10</PCALT>
      <TCALT>0.6</TCALT>
      <Pelev>601.5</Pelev>
      <Telev>601.5</Telev>
      <PART>0.5</PART>
      <DELAY>1</DELAY>
    </SubCatchmentParameters>
    <SubCatchmentVegetationZone>
      <SubCatchmentVegetationZoneParameters>
        <TT>0.058823815733478717</TT>
        <CFMAX>2.5426428726173476</CFMAX>
        <SP>0</SP>
        <SFCF>0.6457429582089298</SFCF>
        <CFR>0.039132999096840232</CFR>
        <CWH>0.10000063744490008</CWH>
        <CFGlacier>1</CFGlacier>
        <CFSlope>1</CFSlope>
        <FC>205.68713618669173</FC>
        <LP>0.9525706368456156</LP>
        <BETA>5.740362900365235</BETA>
      </SubCatchmentVegetationZoneParameters>
    </SubCatchmentVegetationZone>
  </SubCatchment>
</Catchment>