<?xml version="1.0" encoding="utf-8"?>
<Catchment xmlns:xsi="http://www.w3.org/2001/XMLSchema-instance" xmlns:xsd="http://www.w3.org/2001/XMLSchema">
  <CatchmentParameters>
    <KSI>0.001</KSI>
    <KGmin>0.05</KGmin>
    <RangeKG>0.1</RangeKG>
    <AG>0.1</AG>
    <PERC>4.959856367501688</PERC>
    <Alpha>0</Alpha>
    <UZL>125.15558151401928</UZL>
    <K0>0.05148095496815655</K0>
    <K1>0.18120298139495986</K1>
    <K2>0.0636758050105138</K2>
    <MAXBAS>1.0000502969276797</MAXBAS>
    <Cet>0</Cet>
    <PCALT>10</PCALT>
    <TCALT>0.6</TCALT>
    <Pelev>601.5</Pelev>
    <Telev>601.5</Telev>
    <PART>0.5</PART>
    <DELAY>1</DELAY>
  </CatchmentParameters>
  <VegetationZone>
    <VegetationZoneParameters>
      <TT>0.149889704278627</TT>
      <CFMAX>2.7308823363673858</CFMAX>
      <SP>0</SP>
      <SFCF>0.66010229811709387</SFCF>
      <CFR>0.034877312491560314</CFR>
      <CWH>0.10000087936793886</CWH>
      <CFGlacier>1</CFGlacier>
      <CFSlope>1</CFSlope>
      <FC>209.38531547596918</FC>
      <LP>0.96665358273406243</LP>
      <BETA>5.9997003613539279</BETA>
    </VegetationZoneParameters>
  </VegetationZone>
  <SubCatchment>
    <SubCatchmentParameters>
      <KSI>0.001</KSI>
      <KGmin>0.05</KGmin>
      <RangeKG>0.1</RangeKG>
      <AG>0.1</AG>
      <PERC>4.959856367501688</PERC>
      <Alpha>0</Alpha>
      <UZL>125.15558151401928</UZL>
      <K0>0.05148095496815655</K0>
      <K1>0.18120298139495986</K1>
      <K2>0.0636758050105138</K2>
      <MAXBAS>1.0000502969276797</MAXBAS>
      <Cet>0</Cet>
      <PCALT>10</PCALT>
      <TCALT>0.6</TCALT>
      <Pelev>601.5</Pelev>
      <Telev>601.5</Telev>
      <PART>0.5</PART>
      <DELAY>1</DELAY>
    </SubCatchmentParameters>
    <SubCatchmentVegetationZone>
      <SubCatchmentVegetationZoneParameters>
        <TT>0.149889704278627</TT>
        <CFMAX>2.7308823363673858</CFMAX>
        <SP>0</SP>
        <SFCF>0.66010229811709387</SFCF>
        <CFR>0.034877312491560314</CFR>
        <CWH>0.10000087936793886</CWH>
        <CFGlacier>1</CFGlacier>
        <CFSlope>1</CFSlope>
        <FC>209.38531547596918</FC>
        <LP>0.96665358273406243</LP>
        <BETA>5.9997003613539279</BETA>
      </SubCatchmentVegetationZoneParameters>
    </SubCatchmentVegetationZone>
  </SubCatchment>
</Catchment>