<?xml version="1.0" encoding="utf-8"?>
<Catchment xmlns:xsi="http://www.w3.org/2001/XMLSchema-instance" xmlns:xsd="http://www.w3.org/2001/XMLSchema">
  <CatchmentParameters>
    <KSI>0.001</KSI>
    <KGmin>0.05</KGmin>
    <RangeKG>0.1</RangeKG>
    <AG>0.1</AG>
    <PERC>2.4456698031361359</PERC>
    <Alpha>0</Alpha>
    <UZL>132.79777298036072</UZL>
    <K0>0.62226306719464108</K0>
    <K1>0.11356860523303143</K1>
    <K2>0.039112626307725433</K2>
    <MAXBAS>1</MAXBAS>
    <Cet>0</Cet>
    <PCALT>10</PCALT>
    <TCALT>0.6</TCALT>
    <Pelev>601.5</Pelev>
    <Telev>601.5</Telev>
    <PART>0.5</PART>
    <DELAY>1</DELAY>
  </CatchmentParameters>
  <VegetationZone>
    <VegetationZoneParameters>
      <TT>-1.0431872953568322</TT>
      <CFMAX>2.4068494173604082</CFMAX>
      <SP>0</SP>
      <SFCF>0.97538087033754828</SFCF>
      <CFR>0.0047557195594190227</CFR>
      <CWH>0.10000000002255426</CWH>
      <CFGlacier>1</CFGlacier>
      <CFSlope>1</CFSlope>
      <FC>109.08590264320984</FC>
      <LP>0.533692330182644</LP>
      <BETA>4.8615716368301323</BETA>
    </VegetationZoneParameters>
  </VegetationZone>
  <SubCatchment>
    <SubCatchmentParameters>
      <KSI>0.001</KSI>
      <KGmin>0.05</KGmin>
      <RangeKG>0.1</RangeKG>
      <AG>0.1</AG>
      <PERC>2.4456698031361359</PERC>
      <Alpha>0</Alpha>
      <UZL>132.79777298036072</UZL>
      <K0>0.62226306719464108</K0>
      <K1>0.11356860523303143</K1>
      <K2>0.039112626307725433</K2>
      <MAXBAS>1</MAXBAS>
      <Cet>0</Cet>
      <PCALT>10</PCALT>
      <TCALT>0.6</TCALT>
      <Pelev>601.5</Pelev>
      <Telev>601.5</Telev>
      <PART>0.5</PART>
      <DELAY>1</DELAY>
    </SubCatchmentParameters>
    <SubCatchmentVegetationZone>
      <SubCatchmentVegetationZoneParameters>
        <TT>-1.0431872953568322</TT>
        <CFMAX>2.4068494173604082</CFMAX>
        <SP>0</SP>
        <SFCF>0.97538087033754828</SFCF>
        <CFR>0.0047557195594190227</CFR>
        <CWH>0.10000000002255426</CWH>
        <CFGlacier>1</CFGlacier>
        <CFSlope>1</CFSlope>
        <FC>109.08590264320984</FC>
        <LP>0.533692330182644</LP>
        <BETA>4.8615716368301323</BETA>
      </SubCatchmentVegetationZoneParameters>
    </SubCatchmentVegetationZone>
  </SubCatchment>
</Catchment>