<?xml version="1.0" encoding="utf-8"?>
<Catchment xmlns:xsi="http://www.w3.org/2001/XMLSchema-instance" xmlns:xsd="http://www.w3.org/2001/XMLSchema">
  <CatchmentParameters>
    <KSI>0.001</KSI>
    <KGmin>0.05</KGmin>
    <RangeKG>0.1</RangeKG>
    <AG>0.1</AG>
    <PERC>4.7450493645660989</PERC>
    <Alpha>0</Alpha>
    <UZL>166.44223077623539</UZL>
    <K0>0.26164219445064124</K0>
    <K1>0.172494142553283</K1>
    <K2>0.053273014494273067</K2>
    <MAXBAS>1.0000598950777744</MAXBAS>
    <Cet>0</Cet>
    <PCALT>10</PCALT>
    <TCALT>0.6</TCALT>
    <Pelev>601.5</Pelev>
    <Telev>601.5</Telev>
    <PART>0.5</PART>
    <DELAY>1</DELAY>
  </CatchmentParameters>
  <VegetationZone>
    <VegetationZoneParameters>
      <TT>0.88798734412012992</TT>
      <CFMAX>3.4123237104236344</CFMAX>
      <SP>0</SP>
      <SFCF>0.65824854931303867</SFCF>
      <CFR>6.69970619777316E-09</CFR>
      <CWH>0.10000012723065342</CWH>
      <CFGlacier>1</CFGlacier>
      <CFSlope>1</CFSlope>
      <FC>120.79164833034334</FC>
      <LP>0.74565841444165426</LP>
      <BETA>3.5363792545307304</BETA>
    </VegetationZoneParameters>
  </VegetationZone>
  <SubCatchment>
    <SubCatchmentParameters>
      <KSI>0.001</KSI>
      <KGmin>0.05</KGmin>
      <RangeKG>0.1</RangeKG>
      <AG>0.1</AG>
      <PERC>4.7450493645660989</PERC>
      <Alpha>0</Alpha>
      <UZL>166.44223077623539</UZL>
      <K0>0.26164219445064124</K0>
      <K1>0.172494142553283</K1>
      <K2>0.053273014494273067</K2>
      <MAXBAS>1.0000598950777744</MAXBAS>
      <Cet>0</Cet>
      <PCALT>10</PCALT>
      <TCALT>0.6</TCALT>
      <Pelev>601.5</Pelev>
      <Telev>601.5</Telev>
      <PART>0.5</PART>
      <DELAY>1</DELAY>
    </SubCatchmentParameters>
    <SubCatchmentVegetationZone>
      <SubCatchmentVegetationZoneParameters>
        <TT>0.88798734412012992</TT>
        <CFMAX>3.4123237104236344</CFMAX>
        <SP>0</SP>
        <SFCF>0.65824854931303867</SFCF>
        <CFR>6.69970619777316E-09</CFR>
        <CWH>0.10000012723065342</CWH>
        <CFGlacier>1</CFGlacier>
        <CFSlope>1</CFSlope>
        <FC>120.79164833034334</FC>
        <LP>0.74565841444165426</LP>
        <BETA>3.5363792545307304</BETA>
      </SubCatchmentVegetationZoneParameters>
    </SubCatchmentVegetationZone>
  </SubCatchment>
</Catchment>