<?xml version="1.0" encoding="utf-8"?>
<Catchment xmlns:xsi="http://www.w3.org/2001/XMLSchema-instance" xmlns:xsd="http://www.w3.org/2001/XMLSchema">
  <CatchmentParameters>
    <KSI>0.001</KSI>
    <KGmin>0.05</KGmin>
    <RangeKG>0.1</RangeKG>
    <AG>0.1</AG>
    <PERC>3.7603191504592717</PERC>
    <Alpha>0</Alpha>
    <UZL>54.276251465158076</UZL>
    <K0>0.22857365339876568</K0>
    <K1>0.12253821277696414</K1>
    <K2>0.046356144189015507</K2>
    <MAXBAS>1</MAXBAS>
    <Cet>0</Cet>
    <PCALT>10</PCALT>
    <TCALT>0.6</TCALT>
    <Pelev>601.5</Pelev>
    <Telev>601.5</Telev>
    <PART>0.5</PART>
    <DELAY>1</DELAY>
  </CatchmentParameters>
  <VegetationZone>
    <VegetationZoneParameters>
      <TT>-1.40443616381343</TT>
      <CFMAX>1.6623134928474894</CFMAX>
      <SP>0</SP>
      <SFCF>0.8777319336607412</SFCF>
      <CFR>1.1667810810128209E-08</CFR>
      <CWH>0.10000005233761479</CWH>
      <CFGlacier>1</CFGlacier>
      <CFSlope>1</CFSlope>
      <FC>87.530985264542764</FC>
      <LP>0.63115172647904472</LP>
      <BETA>5.4523582411792786</BETA>
    </VegetationZoneParameters>
  </VegetationZone>
  <SubCatchment>
    <SubCatchmentParameters>
      <KSI>0.001</KSI>
      <KGmin>0.05</KGmin>
      <RangeKG>0.1</RangeKG>
      <AG>0.1</AG>
      <PERC>3.7603191504592717</PERC>
      <Alpha>0</Alpha>
      <UZL>54.276251465158076</UZL>
      <K0>0.22857365339876568</K0>
      <K1>0.12253821277696414</K1>
      <K2>0.046356144189015507</K2>
      <MAXBAS>1</MAXBAS>
      <Cet>0</Cet>
      <PCALT>10</PCALT>
      <TCALT>0.6</TCALT>
      <Pelev>601.5</Pelev>
      <Telev>601.5</Telev>
      <PART>0.5</PART>
      <DELAY>1</DELAY>
    </SubCatchmentParameters>
    <SubCatchmentVegetationZone>
      <SubCatchmentVegetationZoneParameters>
        <TT>-1.40443616381343</TT>
        <CFMAX>1.6623134928474894</CFMAX>
        <SP>0</SP>
        <SFCF>0.8777319336607412</SFCF>
        <CFR>1.1667810810128209E-08</CFR>
        <CWH>0.10000005233761479</CWH>
        <CFGlacier>1</CFGlacier>
        <CFSlope>1</CFSlope>
        <FC>87.530985264542764</FC>
        <LP>0.63115172647904472</LP>
        <BETA>5.4523582411792786</BETA>
      </SubCatchmentVegetationZoneParameters>
    </SubCatchmentVegetationZone>
  </SubCatchment>
</Catchment>