<?xml version="1.0" encoding="utf-8"?>
<Catchment xmlns:xsi="http://www.w3.org/2001/XMLSchema-instance" xmlns:xsd="http://www.w3.org/2001/XMLSchema">
  <CatchmentParameters>
    <KSI>0.001</KSI>
    <KGmin>0.05</KGmin>
    <RangeKG>0.1</RangeKG>
    <AG>0.1</AG>
    <PERC>4.66718467452874</PERC>
    <Alpha>0</Alpha>
    <UZL>97.871828119290086</UZL>
    <K0>0.2864737962667947</K0>
    <K1>0.15069258369581576</K1>
    <K2>0.051782425421990054</K2>
    <MAXBAS>1</MAXBAS>
    <Cet>0</Cet>
    <PCALT>10</PCALT>
    <TCALT>0.6</TCALT>
    <Pelev>601.5</Pelev>
    <Telev>601.5</Telev>
    <PART>0.5</PART>
    <DELAY>1</DELAY>
  </CatchmentParameters>
  <VegetationZone>
    <VegetationZoneParameters>
      <TT>-0.84998354266894893</TT>
      <CFMAX>2.2709656809338434</CFMAX>
      <SP>0</SP>
      <SFCF>0.9069251962614745</SFCF>
      <CFR>3.3432603236958951E-08</CFR>
      <CWH>0.10000019453803835</CWH>
      <CFGlacier>1</CFGlacier>
      <CFSlope>1</CFSlope>
      <FC>133.71255345009715</FC>
      <LP>0.74084278674265847</LP>
      <BETA>5.7948570903448973</BETA>
    </VegetationZoneParameters>
  </VegetationZone>
  <SubCatchment>
    <SubCatchmentParameters>
      <KSI>0.001</KSI>
      <KGmin>0.05</KGmin>
      <RangeKG>0.1</RangeKG>
      <AG>0.1</AG>
      <PERC>4.66718467452874</PERC>
      <Alpha>0</Alpha>
      <UZL>97.871828119290086</UZL>
      <K0>0.2864737962667947</K0>
      <K1>0.15069258369581576</K1>
      <K2>0.051782425421990054</K2>
      <MAXBAS>1</MAXBAS>
      <Cet>0</Cet>
      <PCALT>10</PCALT>
      <TCALT>0.6</TCALT>
      <Pelev>601.5</Pelev>
      <Telev>601.5</Telev>
      <PART>0.5</PART>
      <DELAY>1</DELAY>
    </SubCatchmentParameters>
    <SubCatchmentVegetationZone>
      <SubCatchmentVegetationZoneParameters>
        <TT>-0.84998354266894893</TT>
        <CFMAX>2.2709656809338434</CFMAX>
        <SP>0</SP>
        <SFCF>0.9069251962614745</SFCF>
        <CFR>3.3432603236958951E-08</CFR>
        <CWH>0.10000019453803835</CWH>
        <CFGlacier>1</CFGlacier>
        <CFSlope>1</CFSlope>
        <FC>133.71255345009715</FC>
        <LP>0.74084278674265847</LP>
        <BETA>5.7948570903448973</BETA>
      </SubCatchmentVegetationZoneParameters>
    </SubCatchmentVegetationZone>
  </SubCatchment>
</Catchment>