<?xml version="1.0" encoding="utf-8"?>
<Catchment xmlns:xsi="http://www.w3.org/2001/XMLSchema-instance" xmlns:xsd="http://www.w3.org/2001/XMLSchema">
  <CatchmentParameters>
    <KSI>0.001</KSI>
    <KGmin>0.05</KGmin>
    <RangeKG>0.1</RangeKG>
    <AG>0.1</AG>
    <PERC>7.6271537246964947</PERC>
    <Alpha>0</Alpha>
    <UZL>111.51908083261155</UZL>
    <K0>0.54970557079853088</K0>
    <K1>0.21000231298853528</K1>
    <K2>0.064198927992941954</K2>
    <MAXBAS>1.0000001877568077</MAXBAS>
    <Cet>0</Cet>
    <PCALT>10</PCALT>
    <TCALT>0.6</TCALT>
    <Pelev>601.5</Pelev>
    <Telev>601.5</Telev>
    <PART>0.5</PART>
    <DELAY>1</DELAY>
  </CatchmentParameters>
  <VegetationZone>
    <VegetationZoneParameters>
      <TT>-0.80000827670744634</TT>
      <CFMAX>2.1652880231598504</CFMAX>
      <SP>0</SP>
      <SFCF>0.8067678289618353</SFCF>
      <CFR>0.025490819703229712</CFR>
      <CWH>0.10000004098737308</CWH>
      <CFGlacier>1</CFGlacier>
      <CFSlope>1</CFSlope>
      <FC>120.05842141898255</FC>
      <LP>0.81178098507441365</LP>
      <BETA>4.4753800989403629</BETA>
    </VegetationZoneParameters>
  </VegetationZone>
  <SubCatchment>
    <SubCatchmentParameters>
      <KSI>0.001</KSI>
      <KGmin>0.05</KGmin>
      <RangeKG>0.1</RangeKG>
      <AG>0.1</AG>
      <PERC>7.6271537246964947</PERC>
      <Alpha>0</Alpha>
      <UZL>111.51908083261155</UZL>
      <K0>0.54970557079853088</K0>
      <K1>0.21000231298853528</K1>
      <K2>0.064198927992941954</K2>
      <MAXBAS>1.0000001877568077</MAXBAS>
      <Cet>0</Cet>
      <PCALT>10</PCALT>
      <TCALT>0.6</TCALT>
      <Pelev>601.5</Pelev>
      <Telev>601.5</Telev>
      <PART>0.5</PART>
      <DELAY>1</DELAY>
    </SubCatchmentParameters>
    <SubCatchmentVegetationZone>
      <SubCatchmentVegetationZoneParameters>
        <TT>-0.80000827670744634</TT>
        <CFMAX>2.1652880231598504</CFMAX>
        <SP>0</SP>
        <SFCF>0.8067678289618353</SFCF>
        <CFR>0.025490819703229712</CFR>
        <CWH>0.10000004098737308</CWH>
        <CFGlacier>1</CFGlacier>
        <CFSlope>1</CFSlope>
        <FC>120.05842141898255</FC>
        <LP>0.81178098507441365</LP>
        <BETA>4.4753800989403629</BETA>
      </SubCatchmentVegetationZoneParameters>
    </SubCatchmentVegetationZone>
  </SubCatchment>
</Catchment>