<?xml version="1.0" encoding="utf-8"?>
<Catchment xmlns:xsi="http://www.w3.org/2001/XMLSchema-instance" xmlns:xsd="http://www.w3.org/2001/XMLSchema">
  <CatchmentParameters>
    <KSI>0.001</KSI>
    <KGmin>0.05</KGmin>
    <RangeKG>0.1</RangeKG>
    <AG>0.1</AG>
    <PERC>4.0983032637626</PERC>
    <Alpha>0</Alpha>
    <UZL>162.72256046341846</UZL>
    <K0>0.38447918068830778</K0>
    <K1>0.13834929896006046</K1>
    <K2>0.0452927360223465</K2>
    <MAXBAS>1</MAXBAS>
    <Cet>0</Cet>
    <PCALT>10</PCALT>
    <TCALT>0.6</TCALT>
    <Pelev>601.5</Pelev>
    <Telev>601.5</Telev>
    <PART>0.5</PART>
    <DELAY>1</DELAY>
  </CatchmentParameters>
  <VegetationZone>
    <VegetationZoneParameters>
      <TT>-0.500002264811619</TT>
      <CFMAX>2.6828486850377753</CFMAX>
      <SP>0</SP>
      <SFCF>0.89328070374709057</SFCF>
      <CFR>0.0024408734929928216</CFR>
      <CWH>0.10000007645249379</CWH>
      <CFGlacier>1</CFGlacier>
      <CFSlope>1</CFSlope>
      <FC>90.308756093454861</FC>
      <LP>0.60729327490879592</LP>
      <BETA>5.2612457595604969</BETA>
    </VegetationZoneParameters>
  </VegetationZone>
  <SubCatchment>
    <SubCatchmentParameters>
      <KSI>0.001</KSI>
      <KGmin>0.05</KGmin>
      <RangeKG>0.1</RangeKG>
      <AG>0.1</AG>
      <PERC>4.0983032637626</PERC>
      <Alpha>0</Alpha>
      <UZL>162.72256046341846</UZL>
      <K0>0.38447918068830778</K0>
      <K1>0.13834929896006046</K1>
      <K2>0.0452927360223465</K2>
      <MAXBAS>1</MAXBAS>
      <Cet>0</Cet>
      <PCALT>10</PCALT>
      <TCALT>0.6</TCALT>
      <Pelev>601.5</Pelev>
      <Telev>601.5</Telev>
      <PART>0.5</PART>
      <DELAY>1</DELAY>
    </SubCatchmentParameters>
    <SubCatchmentVegetationZone>
      <SubCatchmentVegetationZoneParameters>
        <TT>-0.500002264811619</TT>
        <CFMAX>2.6828486850377753</CFMAX>
        <SP>0</SP>
        <SFCF>0.89328070374709057</SFCF>
        <CFR>0.0024408734929928216</CFR>
        <CWH>0.10000007645249379</CWH>
        <CFGlacier>1</CFGlacier>
        <CFSlope>1</CFSlope>
        <FC>90.308756093454861</FC>
        <LP>0.60729327490879592</LP>
        <BETA>5.2612457595604969</BETA>
      </SubCatchmentVegetationZoneParameters>
    </SubCatchmentVegetationZone>
  </SubCatchment>
</Catchment>