<?xml version="1.0" encoding="utf-8"?>
<Catchment xmlns:xsi="http://www.w3.org/2001/XMLSchema-instance" xmlns:xsd="http://www.w3.org/2001/XMLSchema">
  <CatchmentParameters>
    <KSI>0.001</KSI>
    <KGmin>0.05</KGmin>
    <RangeKG>0.1</RangeKG>
    <AG>0.1</AG>
    <PERC>5.2813920534689052</PERC>
    <Alpha>0</Alpha>
    <UZL>41.1260840478619</UZL>
    <K0>0.31175354254466725</K0>
    <K1>0.13622773372758087</K1>
    <K2>0.053596524503761456</K2>
    <MAXBAS>1</MAXBAS>
    <Cet>0</Cet>
    <PCALT>10</PCALT>
    <TCALT>0.6</TCALT>
    <Pelev>601.5</Pelev>
    <Telev>601.5</Telev>
    <PART>0.5</PART>
    <DELAY>1</DELAY>
  </CatchmentParameters>
  <VegetationZone>
    <VegetationZoneParameters>
      <TT>-2.0000007243880655</TT>
      <CFMAX>1.4989683145089403</CFMAX>
      <SP>0</SP>
      <SFCF>0.94214129184552653</SFCF>
      <CFR>0.0372971433015242</CFR>
      <CWH>0.10000003849272192</CWH>
      <CFGlacier>1</CFGlacier>
      <CFSlope>1</CFSlope>
      <FC>126.71797931803191</FC>
      <LP>0.60678799201996625</LP>
      <BETA>4.5482328070978992</BETA>
    </VegetationZoneParameters>
  </VegetationZone>
  <SubCatchment>
    <SubCatchmentParameters>
      <KSI>0.001</KSI>
      <KGmin>0.05</KGmin>
      <RangeKG>0.1</RangeKG>
      <AG>0.1</AG>
      <PERC>5.2813920534689052</PERC>
      <Alpha>0</Alpha>
      <UZL>41.1260840478619</UZL>
      <K0>0.31175354254466725</K0>
      <K1>0.13622773372758087</K1>
      <K2>0.053596524503761456</K2>
      <MAXBAS>1</MAXBAS>
      <Cet>0</Cet>
      <PCALT>10</PCALT>
      <TCALT>0.6</TCALT>
      <Pelev>601.5</Pelev>
      <Telev>601.5</Telev>
      <PART>0.5</PART>
      <DELAY>1</DELAY>
    </SubCatchmentParameters>
    <SubCatchmentVegetationZone>
      <SubCatchmentVegetationZoneParameters>
        <TT>-2.0000007243880655</TT>
        <CFMAX>1.4989683145089403</CFMAX>
        <SP>0</SP>
        <SFCF>0.94214129184552653</SFCF>
        <CFR>0.0372971433015242</CFR>
        <CWH>0.10000003849272192</CWH>
        <CFGlacier>1</CFGlacier>
        <CFSlope>1</CFSlope>
        <FC>126.71797931803191</FC>
        <LP>0.60678799201996625</LP>
        <BETA>4.5482328070978992</BETA>
      </SubCatchmentVegetationZoneParameters>
    </SubCatchmentVegetationZone>
  </SubCatchment>
</Catchment>