<?xml version="1.0" encoding="utf-8"?>
<Catchment xmlns:xsi="http://www.w3.org/2001/XMLSchema-instance" xmlns:xsd="http://www.w3.org/2001/XMLSchema">
  <CatchmentParameters>
    <KSI>0.001</KSI>
    <KGmin>0.05</KGmin>
    <RangeKG>0.1</RangeKG>
    <AG>0.1</AG>
    <PERC>3.6314187953682682</PERC>
    <Alpha>0</Alpha>
    <UZL>59.752680360449915</UZL>
    <K0>0.33034034009385566</K0>
    <K1>0.12932751354512378</K1>
    <K2>0.05276911746084622</K2>
    <MAXBAS>1</MAXBAS>
    <Cet>0</Cet>
    <PCALT>10</PCALT>
    <TCALT>0.6</TCALT>
    <Pelev>601.5</Pelev>
    <Telev>601.5</Telev>
    <PART>0.5</PART>
    <DELAY>1</DELAY>
  </CatchmentParameters>
  <VegetationZone>
    <VegetationZoneParameters>
      <TT>-1.5000017740464797</TT>
      <CFMAX>1.67809817254953</CFMAX>
      <SP>0</SP>
      <SFCF>0.92304432409186166</SFCF>
      <CFR>9.4953738391264354E-09</CFR>
      <CWH>0.10000018986905031</CWH>
      <CFGlacier>1</CFGlacier>
      <CFSlope>1</CFSlope>
      <FC>157.57910440855952</FC>
      <LP>0.74766328815318628</LP>
      <BETA>5.7306146454624214</BETA>
    </VegetationZoneParameters>
  </VegetationZone>
  <SubCatchment>
    <SubCatchmentParameters>
      <KSI>0.001</KSI>
      <KGmin>0.05</KGmin>
      <RangeKG>0.1</RangeKG>
      <AG>0.1</AG>
      <PERC>3.6314187953682682</PERC>
      <Alpha>0</Alpha>
      <UZL>59.752680360449915</UZL>
      <K0>0.33034034009385566</K0>
      <K1>0.12932751354512378</K1>
      <K2>0.05276911746084622</K2>
      <MAXBAS>1</MAXBAS>
      <Cet>0</Cet>
      <PCALT>10</PCALT>
      <TCALT>0.6</TCALT>
      <Pelev>601.5</Pelev>
      <Telev>601.5</Telev>
      <PART>0.5</PART>
      <DELAY>1</DELAY>
    </SubCatchmentParameters>
    <SubCatchmentVegetationZone>
      <SubCatchmentVegetationZoneParameters>
        <TT>-1.5000017740464797</TT>
        <CFMAX>1.67809817254953</CFMAX>
        <SP>0</SP>
        <SFCF>0.92304432409186166</SFCF>
        <CFR>9.4953738391264354E-09</CFR>
        <CWH>0.10000018986905031</CWH>
        <CFGlacier>1</CFGlacier>
        <CFSlope>1</CFSlope>
        <FC>157.57910440855952</FC>
        <LP>0.74766328815318628</LP>
        <BETA>5.7306146454624214</BETA>
      </SubCatchmentVegetationZoneParameters>
    </SubCatchmentVegetationZone>
  </SubCatchment>
</Catchment>