<?xml version="1.0" encoding="utf-8"?>
<Catchment xmlns:xsi="http://www.w3.org/2001/XMLSchema-instance" xmlns:xsd="http://www.w3.org/2001/XMLSchema">
  <CatchmentParameters>
    <KSI>0.001</KSI>
    <KGmin>0.05</KGmin>
    <RangeKG>0.1</RangeKG>
    <AG>0.1</AG>
    <PERC>5.034790420921329</PERC>
    <Alpha>0</Alpha>
    <UZL>149.21770172877035</UZL>
    <K0>0.43964268041288512</K0>
    <K1>0.178657267534658</K1>
    <K2>0.048357501275010005</K2>
    <MAXBAS>1</MAXBAS>
    <Cet>0</Cet>
    <PCALT>10</PCALT>
    <TCALT>0.6</TCALT>
    <Pelev>601.5</Pelev>
    <Telev>601.5</Telev>
    <PART>0.5</PART>
    <DELAY>1</DELAY>
  </CatchmentParameters>
  <VegetationZone>
    <VegetationZoneParameters>
      <TT>-1.0253729039893365</TT>
      <CFMAX>2.0164569871832283</CFMAX>
      <SP>0</SP>
      <SFCF>0.8664268891443464</SFCF>
      <CFR>0.004268683035056244</CFR>
      <CWH>0.10000000007380862</CWH>
      <CFGlacier>1</CFGlacier>
      <CFSlope>1</CFSlope>
      <FC>83.224149921382335</FC>
      <LP>0.63007559164983873</LP>
      <BETA>5.4391350728973755</BETA>
    </VegetationZoneParameters>
  </VegetationZone>
  <SubCatchment>
    <SubCatchmentParameters>
      <KSI>0.001</KSI>
      <KGmin>0.05</KGmin>
      <RangeKG>0.1</RangeKG>
      <AG>0.1</AG>
      <PERC>5.034790420921329</PERC>
      <Alpha>0</Alpha>
      <UZL>149.21770172877035</UZL>
      <K0>0.43964268041288512</K0>
      <K1>0.178657267534658</K1>
      <K2>0.048357501275010005</K2>
      <MAXBAS>1</MAXBAS>
      <Cet>0</Cet>
      <PCALT>10</PCALT>
      <TCALT>0.6</TCALT>
      <Pelev>601.5</Pelev>
      <Telev>601.5</Telev>
      <PART>0.5</PART>
      <DELAY>1</DELAY>
    </SubCatchmentParameters>
    <SubCatchmentVegetationZone>
      <SubCatchmentVegetationZoneParameters>
        <TT>-1.0253729039893365</TT>
        <CFMAX>2.0164569871832283</CFMAX>
        <SP>0</SP>
        <SFCF>0.8664268891443464</SFCF>
        <CFR>0.004268683035056244</CFR>
        <CWH>0.10000000007380862</CWH>
        <CFGlacier>1</CFGlacier>
        <CFSlope>1</CFSlope>
        <FC>83.224149921382335</FC>
        <LP>0.63007559164983873</LP>
        <BETA>5.4391350728973755</BETA>
      </SubCatchmentVegetationZoneParameters>
    </SubCatchmentVegetationZone>
  </SubCatchment>
</Catchment>