<?xml version="1.0" encoding="utf-8"?>
<Catchment xmlns:xsi="http://www.w3.org/2001/XMLSchema-instance" xmlns:xsd="http://www.w3.org/2001/XMLSchema">
  <CatchmentParameters>
    <KSI>0.001</KSI>
    <KGmin>0.05</KGmin>
    <RangeKG>0.1</RangeKG>
    <AG>0.1</AG>
    <PERC>8.9481837523800731</PERC>
    <Alpha>0</Alpha>
    <UZL>119.37733151681756</UZL>
    <K0>0.12471349750743387</K0>
    <K1>0.3411937426540248</K1>
    <K2>0.10009414093163879</K2>
    <MAXBAS>1.3306789859388279</MAXBAS>
    <Cet>0</Cet>
    <PCALT>10</PCALT>
    <TCALT>0.6</TCALT>
    <Pelev>601.5</Pelev>
    <Telev>601.5</Telev>
    <PART>0.5</PART>
    <DELAY>1</DELAY>
  </CatchmentParameters>
  <VegetationZone>
    <VegetationZoneParameters>
      <TT>-0.500007283465719</TT>
      <CFMAX>1.7071166053167213</CFMAX>
      <SP>0</SP>
      <SFCF>0.65962844416150079</SFCF>
      <CFR>3.8911498658454247E-08</CFR>
      <CWH>0.12671450546047416</CWH>
      <CFGlacier>1</CFGlacier>
      <CFSlope>1</CFSlope>
      <FC>162.42418852162155</FC>
      <LP>0.80013943288676437</LP>
      <BETA>3.5977225832446864</BETA>
    </VegetationZoneParameters>
  </VegetationZone>
  <SubCatchment>
    <SubCatchmentParameters>
      <KSI>0.001</KSI>
      <KGmin>0.05</KGmin>
      <RangeKG>0.1</RangeKG>
      <AG>0.1</AG>
      <PERC>8.9481837523800731</PERC>
      <Alpha>0</Alpha>
      <UZL>119.37733151681756</UZL>
      <K0>0.12471349750743387</K0>
      <K1>0.3411937426540248</K1>
      <K2>0.10009414093163879</K2>
      <MAXBAS>1.3306789859388279</MAXBAS>
      <Cet>0</Cet>
      <PCALT>10</PCALT>
      <TCALT>0.6</TCALT>
      <Pelev>601.5</Pelev>
      <Telev>601.5</Telev>
      <PART>0.5</PART>
      <DELAY>1</DELAY>
    </SubCatchmentParameters>
    <SubCatchmentVegetationZone>
      <SubCatchmentVegetationZoneParameters>
        <TT>-0.500007283465719</TT>
        <CFMAX>1.7071166053167213</CFMAX>
        <SP>0</SP>
        <SFCF>0.65962844416150079</SFCF>
        <CFR>3.8911498658454247E-08</CFR>
        <CWH>0.12671450546047416</CWH>
        <CFGlacier>1</CFGlacier>
        <CFSlope>1</CFSlope>
        <FC>162.42418852162155</FC>
        <LP>0.80013943288676437</LP>
        <BETA>3.5977225832446864</BETA>
      </SubCatchmentVegetationZoneParameters>
    </SubCatchmentVegetationZone>
  </SubCatchment>
</Catchment>