<?xml version="1.0" encoding="utf-8"?>
<Catchment xmlns:xsi="http://www.w3.org/2001/XMLSchema-instance" xmlns:xsd="http://www.w3.org/2001/XMLSchema">
  <CatchmentParameters>
    <KSI>0.001</KSI>
    <KGmin>0.05</KGmin>
    <RangeKG>0.1</RangeKG>
    <AG>0.1</AG>
    <PERC>7.8795968766085549</PERC>
    <Alpha>0</Alpha>
    <UZL>182.45928321643785</UZL>
    <K0>0.201583172724948</K0>
    <K1>0.23358074016694444</K1>
    <K2>0.087809531404836855</K2>
    <MAXBAS>1.000000015951874</MAXBAS>
    <Cet>0</Cet>
    <PCALT>10</PCALT>
    <TCALT>0.6</TCALT>
    <Pelev>601.5</Pelev>
    <Telev>601.5</Telev>
    <PART>0.5</PART>
    <DELAY>1</DELAY>
  </CatchmentParameters>
  <VegetationZone>
    <VegetationZoneParameters>
      <TT>-0.60591509897981266</TT>
      <CFMAX>2.0429822219509495</CFMAX>
      <SP>0</SP>
      <SFCF>0.643620001763573</SFCF>
      <CFR>0.07200798380756504</CFR>
      <CWH>0.12292555933112384</CWH>
      <CFGlacier>1</CFGlacier>
      <CFSlope>1</CFSlope>
      <FC>130.74622860190956</FC>
      <LP>0.72679378620634882</LP>
      <BETA>3.2106452639019691</BETA>
    </VegetationZoneParameters>
  </VegetationZone>
  <SubCatchment>
    <SubCatchmentParameters>
      <KSI>0.001</KSI>
      <KGmin>0.05</KGmin>
      <RangeKG>0.1</RangeKG>
      <AG>0.1</AG>
      <PERC>7.8795968766085549</PERC>
      <Alpha>0</Alpha>
      <UZL>182.45928321643785</UZL>
      <K0>0.201583172724948</K0>
      <K1>0.23358074016694444</K1>
      <K2>0.087809531404836855</K2>
      <MAXBAS>1.000000015951874</MAXBAS>
      <Cet>0</Cet>
      <PCALT>10</PCALT>
      <TCALT>0.6</TCALT>
      <Pelev>601.5</Pelev>
      <Telev>601.5</Telev>
      <PART>0.5</PART>
      <DELAY>1</DELAY>
    </SubCatchmentParameters>
    <SubCatchmentVegetationZone>
      <SubCatchmentVegetationZoneParameters>
        <TT>-0.60591509897981266</TT>
        <CFMAX>2.0429822219509495</CFMAX>
        <SP>0</SP>
        <SFCF>0.643620001763573</SFCF>
        <CFR>0.07200798380756504</CFR>
        <CWH>0.12292555933112384</CWH>
        <CFGlacier>1</CFGlacier>
        <CFSlope>1</CFSlope>
        <FC>130.74622860190956</FC>
        <LP>0.72679378620634882</LP>
        <BETA>3.2106452639019691</BETA>
      </SubCatchmentVegetationZoneParameters>
    </SubCatchmentVegetationZone>
  </SubCatchment>
</Catchment>