<?xml version="1.0" encoding="utf-8"?>
<Catchment xmlns:xsi="http://www.w3.org/2001/XMLSchema-instance" xmlns:xsd="http://www.w3.org/2001/XMLSchema">
  <CatchmentParameters>
    <KSI>0.001</KSI>
    <KGmin>0.05</KGmin>
    <RangeKG>0.1</RangeKG>
    <AG>0.1</AG>
    <PERC>7.4960073169212951</PERC>
    <Alpha>0</Alpha>
    <UZL>168.69702436007876</UZL>
    <K0>0.2710218099381187</K0>
    <K1>0.20803744257870413</K1>
    <K2>0.071747718191001675</K2>
    <MAXBAS>1.000101062807043</MAXBAS>
    <Cet>0</Cet>
    <PCALT>10</PCALT>
    <TCALT>0.6</TCALT>
    <Pelev>601.5</Pelev>
    <Telev>601.5</Telev>
    <PART>0.5</PART>
    <DELAY>1</DELAY>
  </CatchmentParameters>
  <VegetationZone>
    <VegetationZoneParameters>
      <TT>-0.50000969805875251</TT>
      <CFMAX>2.333884882997785</CFMAX>
      <SP>0</SP>
      <SFCF>0.72600944570128123</SFCF>
      <CFR>0.052916736065649971</CFR>
      <CWH>0.10000003065086509</CWH>
      <CFGlacier>1</CFGlacier>
      <CFSlope>1</CFSlope>
      <FC>112.34448554404888</FC>
      <LP>0.664592736554137</LP>
      <BETA>2.8918577166052124</BETA>
    </VegetationZoneParameters>
  </VegetationZone>
  <SubCatchment>
    <SubCatchmentParameters>
      <KSI>0.001</KSI>
      <KGmin>0.05</KGmin>
      <RangeKG>0.1</RangeKG>
      <AG>0.1</AG>
      <PERC>7.4960073169212951</PERC>
      <Alpha>0</Alpha>
      <UZL>168.69702436007876</UZL>
      <K0>0.2710218099381187</K0>
      <K1>0.20803744257870413</K1>
      <K2>0.071747718191001675</K2>
      <MAXBAS>1.000101062807043</MAXBAS>
      <Cet>0</Cet>
      <PCALT>10</PCALT>
      <TCALT>0.6</TCALT>
      <Pelev>601.5</Pelev>
      <Telev>601.5</Telev>
      <PART>0.5</PART>
      <DELAY>1</DELAY>
    </SubCatchmentParameters>
    <SubCatchmentVegetationZone>
      <SubCatchmentVegetationZoneParameters>
        <TT>-0.50000969805875251</TT>
        <CFMAX>2.333884882997785</CFMAX>
        <SP>0</SP>
        <SFCF>0.72600944570128123</SFCF>
        <CFR>0.052916736065649971</CFR>
        <CWH>0.10000003065086509</CWH>
        <CFGlacier>1</CFGlacier>
        <CFSlope>1</CFSlope>
        <FC>112.34448554404888</FC>
        <LP>0.664592736554137</LP>
        <BETA>2.8918577166052124</BETA>
      </SubCatchmentVegetationZoneParameters>
    </SubCatchmentVegetationZone>
  </SubCatchment>
</Catchment>