<?xml version="1.0" encoding="utf-8"?>
<Catchment xmlns:xsi="http://www.w3.org/2001/XMLSchema-instance" xmlns:xsd="http://www.w3.org/2001/XMLSchema">
  <CatchmentParameters>
    <KSI>0.001</KSI>
    <KGmin>0.05</KGmin>
    <RangeKG>0.1</RangeKG>
    <AG>0.1</AG>
    <PERC>9.9999999948894054</PERC>
    <Alpha>0</Alpha>
    <UZL>65.335212895683071</UZL>
    <K0>0.4239178421387319</K0>
    <K1>0.30103161774057935</K1>
    <K2>0.091149981914455447</K2>
    <MAXBAS>1.3068139277939446</MAXBAS>
    <Cet>0</Cet>
    <PCALT>10</PCALT>
    <TCALT>0.6</TCALT>
    <Pelev>601.5</Pelev>
    <Telev>601.5</Telev>
    <PART>0.5</PART>
    <DELAY>1</DELAY>
  </CatchmentParameters>
  <VegetationZone>
    <VegetationZoneParameters>
      <TT>-1.0753890276446374</TT>
      <CFMAX>1.8929657584298567</CFMAX>
      <SP>0</SP>
      <SFCF>0.71590116115202429</SFCF>
      <CFR>0.070267266843883222</CFR>
      <CWH>0.10000000125631449</CWH>
      <CFGlacier>1</CFGlacier>
      <CFSlope>1</CFSlope>
      <FC>118.35798867317823</FC>
      <LP>0.61801283677068841</LP>
      <BETA>2.5216300558388403</BETA>
    </VegetationZoneParameters>
  </VegetationZone>
  <SubCatchment>
    <SubCatchmentParameters>
      <KSI>0.001</KSI>
      <KGmin>0.05</KGmin>
      <RangeKG>0.1</RangeKG>
      <AG>0.1</AG>
      <PERC>9.9999999948894054</PERC>
      <Alpha>0</Alpha>
      <UZL>65.335212895683071</UZL>
      <K0>0.4239178421387319</K0>
      <K1>0.30103161774057935</K1>
      <K2>0.091149981914455447</K2>
      <MAXBAS>1.3068139277939446</MAXBAS>
      <Cet>0</Cet>
      <PCALT>10</PCALT>
      <TCALT>0.6</TCALT>
      <Pelev>601.5</Pelev>
      <Telev>601.5</Telev>
      <PART>0.5</PART>
      <DELAY>1</DELAY>
    </SubCatchmentParameters>
    <SubCatchmentVegetationZone>
      <SubCatchmentVegetationZoneParameters>
        <TT>-1.0753890276446374</TT>
        <CFMAX>1.8929657584298567</CFMAX>
        <SP>0</SP>
        <SFCF>0.71590116115202429</SFCF>
        <CFR>0.070267266843883222</CFR>
        <CWH>0.10000000125631449</CWH>
        <CFGlacier>1</CFGlacier>
        <CFSlope>1</CFSlope>
        <FC>118.35798867317823</FC>
        <LP>0.61801283677068841</LP>
        <BETA>2.5216300558388403</BETA>
      </SubCatchmentVegetationZoneParameters>
    </SubCatchmentVegetationZone>
  </SubCatchment>
</Catchment>