<?xml version="1.0" encoding="utf-8"?>
<Catchment xmlns:xsi="http://www.w3.org/2001/XMLSchema-instance" xmlns:xsd="http://www.w3.org/2001/XMLSchema">
  <CatchmentParameters>
    <KSI>0.001</KSI>
    <KGmin>0.05</KGmin>
    <RangeKG>0.1</RangeKG>
    <AG>0.1</AG>
    <PERC>5.9778769738766977</PERC>
    <Alpha>0</Alpha>
    <UZL>110.62277155638772</UZL>
    <K0>0.29683095155551786</K0>
    <K1>0.20931444522049034</K1>
    <K2>0.0727161402596511</K2>
    <MAXBAS>1.0000191179748896</MAXBAS>
    <Cet>0</Cet>
    <PCALT>10</PCALT>
    <TCALT>0.6</TCALT>
    <Pelev>601.5</Pelev>
    <Telev>601.5</Telev>
    <PART>0.5</PART>
    <DELAY>1</DELAY>
  </CatchmentParameters>
  <VegetationZone>
    <VegetationZoneParameters>
      <TT>-0.73107667762512307</TT>
      <CFMAX>2.0013576311758254</CFMAX>
      <SP>0</SP>
      <SFCF>0.69450796530719128</SFCF>
      <CFR>0.04333293697870496</CFR>
      <CWH>0.10000014691977262</CWH>
      <CFGlacier>1</CFGlacier>
      <CFSlope>1</CFSlope>
      <FC>222.52107130128428</FC>
      <LP>0.977985972582015</LP>
      <BETA>5.9999935193541765</BETA>
    </VegetationZoneParameters>
  </VegetationZone>
  <SubCatchment>
    <SubCatchmentParameters>
      <KSI>0.001</KSI>
      <KGmin>0.05</KGmin>
      <RangeKG>0.1</RangeKG>
      <AG>0.1</AG>
      <PERC>5.9778769738766977</PERC>
      <Alpha>0</Alpha>
      <UZL>110.62277155638772</UZL>
      <K0>0.29683095155551786</K0>
      <K1>0.20931444522049034</K1>
      <K2>0.0727161402596511</K2>
      <MAXBAS>1.0000191179748896</MAXBAS>
      <Cet>0</Cet>
      <PCALT>10</PCALT>
      <TCALT>0.6</TCALT>
      <Pelev>601.5</Pelev>
      <Telev>601.5</Telev>
      <PART>0.5</PART>
      <DELAY>1</DELAY>
    </SubCatchmentParameters>
    <SubCatchmentVegetationZone>
      <SubCatchmentVegetationZoneParameters>
        <TT>-0.73107667762512307</TT>
        <CFMAX>2.0013576311758254</CFMAX>
        <SP>0</SP>
        <SFCF>0.69450796530719128</SFCF>
        <CFR>0.04333293697870496</CFR>
        <CWH>0.10000014691977262</CWH>
        <CFGlacier>1</CFGlacier>
        <CFSlope>1</CFSlope>
        <FC>222.52107130128428</FC>
        <LP>0.977985972582015</LP>
        <BETA>5.9999935193541765</BETA>
      </SubCatchmentVegetationZoneParameters>
    </SubCatchmentVegetationZone>
  </SubCatchment>
</Catchment>