<?xml version="1.0" encoding="utf-8"?>
<Catchment xmlns:xsi="http://www.w3.org/2001/XMLSchema-instance" xmlns:xsd="http://www.w3.org/2001/XMLSchema">
  <CatchmentParameters>
    <KSI>0.001</KSI>
    <KGmin>0.05</KGmin>
    <RangeKG>0.1</RangeKG>
    <AG>0.1</AG>
    <PERC>2.8346734026331664</PERC>
    <Alpha>0</Alpha>
    <UZL>71.047712411913608</UZL>
    <K0>0.33623733385645344</K0>
    <K1>0.1117239052999244</K1>
    <K2>0.053094886521699164</K2>
    <MAXBAS>1</MAXBAS>
    <Cet>0</Cet>
    <PCALT>10</PCALT>
    <TCALT>0.6</TCALT>
    <Pelev>601.5</Pelev>
    <Telev>601.5</Telev>
    <PART>0.5</PART>
    <DELAY>1</DELAY>
  </CatchmentParameters>
  <VegetationZone>
    <VegetationZoneParameters>
      <TT>-2.0000039496350919</TT>
      <CFMAX>1.5888043348056107</CFMAX>
      <SP>0</SP>
      <SFCF>0.93342583586204786</SFCF>
      <CFR>0.0604393685393654</CFR>
      <CWH>0.100000141822859</CWH>
      <CFGlacier>1</CFGlacier>
      <CFSlope>1</CFSlope>
      <FC>155.26908734263748</FC>
      <LP>0.70158073576183744</LP>
      <BETA>4.9724503309444916</BETA>
    </VegetationZoneParameters>
  </VegetationZone>
  <SubCatchment>
    <SubCatchmentParameters>
      <KSI>0.001</KSI>
      <KGmin>0.05</KGmin>
      <RangeKG>0.1</RangeKG>
      <AG>0.1</AG>
      <PERC>2.8346734026331664</PERC>
      <Alpha>0</Alpha>
      <UZL>71.047712411913608</UZL>
      <K0>0.33623733385645344</K0>
      <K1>0.1117239052999244</K1>
      <K2>0.053094886521699164</K2>
      <MAXBAS>1</MAXBAS>
      <Cet>0</Cet>
      <PCALT>10</PCALT>
      <TCALT>0.6</TCALT>
      <Pelev>601.5</Pelev>
      <Telev>601.5</Telev>
      <PART>0.5</PART>
      <DELAY>1</DELAY>
    </SubCatchmentParameters>
    <SubCatchmentVegetationZone>
      <SubCatchmentVegetationZoneParameters>
        <TT>-2.0000039496350919</TT>
        <CFMAX>1.5888043348056107</CFMAX>
        <SP>0</SP>
        <SFCF>0.93342583586204786</SFCF>
        <CFR>0.0604393685393654</CFR>
        <CWH>0.100000141822859</CWH>
        <CFGlacier>1</CFGlacier>
        <CFSlope>1</CFSlope>
        <FC>155.26908734263748</FC>
        <LP>0.70158073576183744</LP>
        <BETA>4.9724503309444916</BETA>
      </SubCatchmentVegetationZoneParameters>
    </SubCatchmentVegetationZone>
  </SubCatchment>
</Catchment>