<?xml version="1.0" encoding="utf-8"?>
<Catchment xmlns:xsi="http://www.w3.org/2001/XMLSchema-instance" xmlns:xsd="http://www.w3.org/2001/XMLSchema">
  <CatchmentParameters>
    <KSI>0.001</KSI>
    <KGmin>0.05</KGmin>
    <RangeKG>0.1</RangeKG>
    <AG>0.1</AG>
    <PERC>5.1014337566944894</PERC>
    <Alpha>0</Alpha>
    <UZL>134.00829226330475</UZL>
    <K0>0.66018144697344194</K0>
    <K1>0.1804097604832513</K1>
    <K2>0.051557459794516605</K2>
    <MAXBAS>1.0000090744885075</MAXBAS>
    <Cet>0</Cet>
    <PCALT>10</PCALT>
    <TCALT>0.6</TCALT>
    <Pelev>601.5</Pelev>
    <Telev>601.5</Telev>
    <PART>0.5</PART>
    <DELAY>1</DELAY>
  </CatchmentParameters>
  <VegetationZone>
    <VegetationZoneParameters>
      <TT>-0.6356982587292489</TT>
      <CFMAX>2.1894814796239719</CFMAX>
      <SP>0</SP>
      <SFCF>0.80627450173474136</SFCF>
      <CFR>0.0035328061397573514</CFR>
      <CWH>0.10000000001204881</CWH>
      <CFGlacier>1</CFGlacier>
      <CFSlope>1</CFSlope>
      <FC>110.38072135526488</FC>
      <LP>0.684624339237349</LP>
      <BETA>3.15166146082841</BETA>
    </VegetationZoneParameters>
  </VegetationZone>
  <SubCatchment>
    <SubCatchmentParameters>
      <KSI>0.001</KSI>
      <KGmin>0.05</KGmin>
      <RangeKG>0.1</RangeKG>
      <AG>0.1</AG>
      <PERC>5.1014337566944894</PERC>
      <Alpha>0</Alpha>
      <UZL>134.00829226330475</UZL>
      <K0>0.66018144697344194</K0>
      <K1>0.1804097604832513</K1>
      <K2>0.051557459794516605</K2>
      <MAXBAS>1.0000090744885075</MAXBAS>
      <Cet>0</Cet>
      <PCALT>10</PCALT>
      <TCALT>0.6</TCALT>
      <Pelev>601.5</Pelev>
      <Telev>601.5</Telev>
      <PART>0.5</PART>
      <DELAY>1</DELAY>
    </SubCatchmentParameters>
    <SubCatchmentVegetationZone>
      <SubCatchmentVegetationZoneParameters>
        <TT>-0.6356982587292489</TT>
        <CFMAX>2.1894814796239719</CFMAX>
        <SP>0</SP>
        <SFCF>0.80627450173474136</SFCF>
        <CFR>0.0035328061397573514</CFR>
        <CWH>0.10000000001204881</CWH>
        <CFGlacier>1</CFGlacier>
        <CFSlope>1</CFSlope>
        <FC>110.38072135526488</FC>
        <LP>0.684624339237349</LP>
        <BETA>3.15166146082841</BETA>
      </SubCatchmentVegetationZoneParameters>
    </SubCatchmentVegetationZone>
  </SubCatchment>
</Catchment>