<?xml version="1.0" encoding="utf-8"?>
<Catchment xmlns:xsi="http://www.w3.org/2001/XMLSchema-instance" xmlns:xsd="http://www.w3.org/2001/XMLSchema">
  <CatchmentParameters>
    <KSI>0.001</KSI>
    <KGmin>0.05</KGmin>
    <RangeKG>0.1</RangeKG>
    <AG>0.1</AG>
    <PERC>8.9045422450453433</PERC>
    <Alpha>0</Alpha>
    <UZL>189.676380078139</UZL>
    <K0>0.40907469431419369</K0>
    <K1>0.21960400549609097</K1>
    <K2>0.077667406165863775</K2>
    <MAXBAS>1.0000572113609874</MAXBAS>
    <Cet>0</Cet>
    <PCALT>10</PCALT>
    <TCALT>0.6</TCALT>
    <Pelev>601.5</Pelev>
    <Telev>601.5</Telev>
    <PART>0.5</PART>
    <DELAY>1</DELAY>
  </CatchmentParameters>
  <VegetationZone>
    <VegetationZoneParameters>
      <TT>-0.50000163497964567</TT>
      <CFMAX>2.3411080610520454</CFMAX>
      <SP>0</SP>
      <SFCF>0.72852031361555358</SFCF>
      <CFR>0.052951673428673018</CFR>
      <CWH>0.10000023633977309</CWH>
      <CFGlacier>1</CFGlacier>
      <CFSlope>1</CFSlope>
      <FC>145.71242706239676</FC>
      <LP>0.85043320046904325</LP>
      <BETA>4.5410223649128127</BETA>
    </VegetationZoneParameters>
  </VegetationZone>
  <SubCatchment>
    <SubCatchmentParameters>
      <KSI>0.001</KSI>
      <KGmin>0.05</KGmin>
      <RangeKG>0.1</RangeKG>
      <AG>0.1</AG>
      <PERC>8.9045422450453433</PERC>
      <Alpha>0</Alpha>
      <UZL>189.676380078139</UZL>
      <K0>0.40907469431419369</K0>
      <K1>0.21960400549609097</K1>
      <K2>0.077667406165863775</K2>
      <MAXBAS>1.0000572113609874</MAXBAS>
      <Cet>0</Cet>
      <PCALT>10</PCALT>
      <TCALT>0.6</TCALT>
      <Pelev>601.5</Pelev>
      <Telev>601.5</Telev>
      <PART>0.5</PART>
      <DELAY>1</DELAY>
    </SubCatchmentParameters>
    <SubCatchmentVegetationZone>
      <SubCatchmentVegetationZoneParameters>
        <TT>-0.50000163497964567</TT>
        <CFMAX>2.3411080610520454</CFMAX>
        <SP>0</SP>
        <SFCF>0.72852031361555358</SFCF>
        <CFR>0.052951673428673018</CFR>
        <CWH>0.10000023633977309</CWH>
        <CFGlacier>1</CFGlacier>
        <CFSlope>1</CFSlope>
        <FC>145.71242706239676</FC>
        <LP>0.85043320046904325</LP>
        <BETA>4.5410223649128127</BETA>
      </SubCatchmentVegetationZoneParameters>
    </SubCatchmentVegetationZone>
  </SubCatchment>
</Catchment>