<?xml version="1.0" encoding="utf-8"?>
<Catchment xmlns:xsi="http://www.w3.org/2001/XMLSchema-instance" xmlns:xsd="http://www.w3.org/2001/XMLSchema">
  <CatchmentParameters>
    <KSI>0.001</KSI>
    <KGmin>0.05</KGmin>
    <RangeKG>0.1</RangeKG>
    <AG>0.1</AG>
    <PERC>5.1660595933197007</PERC>
    <Alpha>0</Alpha>
    <UZL>196.99538139516059</UZL>
    <K0>0.7917526382892065</K0>
    <K1>0.18524585325862097</K1>
    <K2>0.059722634357362116</K2>
    <MAXBAS>1.0000170714274101</MAXBAS>
    <Cet>0</Cet>
    <PCALT>10</PCALT>
    <TCALT>0.6</TCALT>
    <Pelev>601.5</Pelev>
    <Telev>601.5</Telev>
    <PART>0.5</PART>
    <DELAY>1</DELAY>
  </CatchmentParameters>
  <VegetationZone>
    <VegetationZoneParameters>
      <TT>-0.50526213724803326</TT>
      <CFMAX>2.2979933660415126</CFMAX>
      <SP>0</SP>
      <SFCF>0.71275093307139614</SFCF>
      <CFR>0.05266390560973816</CFR>
      <CWH>0.10000000129640678</CWH>
      <CFGlacier>1</CFGlacier>
      <CFSlope>1</CFSlope>
      <FC>105.48358647472576</FC>
      <LP>0.61705806863305612</LP>
      <BETA>2.6857196940456345</BETA>
    </VegetationZoneParameters>
  </VegetationZone>
  <SubCatchment>
    <SubCatchmentParameters>
      <KSI>0.001</KSI>
      <KGmin>0.05</KGmin>
      <RangeKG>0.1</RangeKG>
      <AG>0.1</AG>
      <PERC>5.1660595933197007</PERC>
      <Alpha>0</Alpha>
      <UZL>196.99538139516059</UZL>
      <K0>0.7917526382892065</K0>
      <K1>0.18524585325862097</K1>
      <K2>0.059722634357362116</K2>
      <MAXBAS>1.0000170714274101</MAXBAS>
      <Cet>0</Cet>
      <PCALT>10</PCALT>
      <TCALT>0.6</TCALT>
      <Pelev>601.5</Pelev>
      <Telev>601.5</Telev>
      <PART>0.5</PART>
      <DELAY>1</DELAY>
    </SubCatchmentParameters>
    <SubCatchmentVegetationZone>
      <SubCatchmentVegetationZoneParameters>
        <TT>-0.50526213724803326</TT>
        <CFMAX>2.2979933660415126</CFMAX>
        <SP>0</SP>
        <SFCF>0.71275093307139614</SFCF>
        <CFR>0.05266390560973816</CFR>
        <CWH>0.10000000129640678</CWH>
        <CFGlacier>1</CFGlacier>
        <CFSlope>1</CFSlope>
        <FC>105.48358647472576</FC>
        <LP>0.61705806863305612</LP>
        <BETA>2.6857196940456345</BETA>
      </SubCatchmentVegetationZoneParameters>
    </SubCatchmentVegetationZone>
  </SubCatchment>
</Catchment>