<?xml version="1.0" encoding="utf-8"?>
<Catchment xmlns:xsi="http://www.w3.org/2001/XMLSchema-instance" xmlns:xsd="http://www.w3.org/2001/XMLSchema">
  <CatchmentParameters>
    <KSI>0.001</KSI>
    <KGmin>0.05</KGmin>
    <RangeKG>0.1</RangeKG>
    <AG>0.1</AG>
    <PERC>5.9018919385671031</PERC>
    <Alpha>0</Alpha>
    <UZL>116.04779926653075</UZL>
    <K0>0.19788010290417882</K0>
    <K1>0.19776390969712332</K1>
    <K2>0.064432255232439339</K2>
    <MAXBAS>1.0000034819659516</MAXBAS>
    <Cet>0</Cet>
    <PCALT>10</PCALT>
    <TCALT>0.6</TCALT>
    <Pelev>601.5</Pelev>
    <Telev>601.5</Telev>
    <PART>0.5</PART>
    <DELAY>1</DELAY>
  </CatchmentParameters>
  <VegetationZone>
    <VegetationZoneParameters>
      <TT>-0.64626228660084706</TT>
      <CFMAX>2.1621285322162849</CFMAX>
      <SP>0</SP>
      <SFCF>0.73761784370876593</SFCF>
      <CFR>0.030221986786823533</CFR>
      <CWH>0.10000000003245382</CWH>
      <CFGlacier>1</CFGlacier>
      <CFSlope>1</CFSlope>
      <FC>140.10139513396129</FC>
      <LP>0.81453311959729513</LP>
      <BETA>4.0260016121180433</BETA>
    </VegetationZoneParameters>
  </VegetationZone>
  <SubCatchment>
    <SubCatchmentParameters>
      <KSI>0.001</KSI>
      <KGmin>0.05</KGmin>
      <RangeKG>0.1</RangeKG>
      <AG>0.1</AG>
      <PERC>5.9018919385671031</PERC>
      <Alpha>0</Alpha>
      <UZL>116.04779926653075</UZL>
      <K0>0.19788010290417882</K0>
      <K1>0.19776390969712332</K1>
      <K2>0.064432255232439339</K2>
      <MAXBAS>1.0000034819659516</MAXBAS>
      <Cet>0</Cet>
      <PCALT>10</PCALT>
      <TCALT>0.6</TCALT>
      <Pelev>601.5</Pelev>
      <Telev>601.5</Telev>
      <PART>0.5</PART>
      <DELAY>1</DELAY>
    </SubCatchmentParameters>
    <SubCatchmentVegetationZone>
      <SubCatchmentVegetationZoneParameters>
        <TT>-0.64626228660084706</TT>
        <CFMAX>2.1621285322162849</CFMAX>
        <SP>0</SP>
        <SFCF>0.73761784370876593</SFCF>
        <CFR>0.030221986786823533</CFR>
        <CWH>0.10000000003245382</CWH>
        <CFGlacier>1</CFGlacier>
        <CFSlope>1</CFSlope>
        <FC>140.10139513396129</FC>
        <LP>0.81453311959729513</LP>
        <BETA>4.0260016121180433</BETA>
      </SubCatchmentVegetationZoneParameters>
    </SubCatchmentVegetationZone>
  </SubCatchment>
</Catchment>