<?xml version="1.0" encoding="utf-8"?>
<Catchment xmlns:xsi="http://www.w3.org/2001/XMLSchema-instance" xmlns:xsd="http://www.w3.org/2001/XMLSchema">
  <CatchmentParameters>
    <KSI>0.001</KSI>
    <KGmin>0.05</KGmin>
    <RangeKG>0.1</RangeKG>
    <AG>0.1</AG>
    <PERC>3.75453155245189</PERC>
    <Alpha>0</Alpha>
    <UZL>96.862139256504619</UZL>
    <K0>0.20086011946688437</K0>
    <K1>0.14071208961478982</K1>
    <K2>0.042333254852055822</K2>
    <MAXBAS>1</MAXBAS>
    <Cet>0</Cet>
    <PCALT>10</PCALT>
    <TCALT>0.6</TCALT>
    <Pelev>601.5</Pelev>
    <Telev>601.5</Telev>
    <PART>0.5</PART>
    <DELAY>1</DELAY>
  </CatchmentParameters>
  <VegetationZone>
    <VegetationZoneParameters>
      <TT>-0.72513591365250074</TT>
      <CFMAX>2.35429541545564</CFMAX>
      <SP>0</SP>
      <SFCF>0.81676517742505861</SFCF>
      <CFR>0.025616019348186889</CFR>
      <CWH>0.10000004405253175</CWH>
      <CFGlacier>1</CFGlacier>
      <CFSlope>1</CFSlope>
      <FC>84.989389702525116</FC>
      <LP>0.636727308277771</LP>
      <BETA>5.9999855256356334</BETA>
    </VegetationZoneParameters>
  </VegetationZone>
  <SubCatchment>
    <SubCatchmentParameters>
      <KSI>0.001</KSI>
      <KGmin>0.05</KGmin>
      <RangeKG>0.1</RangeKG>
      <AG>0.1</AG>
      <PERC>3.75453155245189</PERC>
      <Alpha>0</Alpha>
      <UZL>96.862139256504619</UZL>
      <K0>0.20086011946688437</K0>
      <K1>0.14071208961478982</K1>
      <K2>0.042333254852055822</K2>
      <MAXBAS>1</MAXBAS>
      <Cet>0</Cet>
      <PCALT>10</PCALT>
      <TCALT>0.6</TCALT>
      <Pelev>601.5</Pelev>
      <Telev>601.5</Telev>
      <PART>0.5</PART>
      <DELAY>1</DELAY>
    </SubCatchmentParameters>
    <SubCatchmentVegetationZone>
      <SubCatchmentVegetationZoneParameters>
        <TT>-0.72513591365250074</TT>
        <CFMAX>2.35429541545564</CFMAX>
        <SP>0</SP>
        <SFCF>0.81676517742505861</SFCF>
        <CFR>0.025616019348186889</CFR>
        <CWH>0.10000004405253175</CWH>
        <CFGlacier>1</CFGlacier>
        <CFSlope>1</CFSlope>
        <FC>84.989389702525116</FC>
        <LP>0.636727308277771</LP>
        <BETA>5.9999855256356334</BETA>
      </SubCatchmentVegetationZoneParameters>
    </SubCatchmentVegetationZone>
  </SubCatchment>
</Catchment>