<?xml version="1.0" encoding="utf-8"?>
<Catchment xmlns:xsi="http://www.w3.org/2001/XMLSchema-instance" xmlns:xsd="http://www.w3.org/2001/XMLSchema">
  <CatchmentParameters>
    <KSI>0.001</KSI>
    <KGmin>0.05</KGmin>
    <RangeKG>0.1</RangeKG>
    <AG>0.1</AG>
    <PERC>9.9063554136767209</PERC>
    <Alpha>0</Alpha>
    <UZL>78.5323221831742</UZL>
    <K0>0.054473166633612985</K0>
    <K1>0.21446525765171556</K1>
    <K2>0.057128961692533536</K2>
    <MAXBAS>1.0049572018676258</MAXBAS>
    <Cet>0</Cet>
    <PCALT>10</PCALT>
    <TCALT>0.6</TCALT>
    <Pelev>601.5</Pelev>
    <Telev>601.5</Telev>
    <PART>0.5</PART>
    <DELAY>1</DELAY>
  </CatchmentParameters>
  <VegetationZone>
    <VegetationZoneParameters>
      <TT>-0.65518346807346262</TT>
      <CFMAX>2.3536668733209938</CFMAX>
      <SP>0</SP>
      <SFCF>0.89382999861355117</SFCF>
      <CFR>0.0016123112118093437</CFR>
      <CWH>0.10000024367930575</CWH>
      <CFGlacier>1</CFGlacier>
      <CFSlope>1</CFSlope>
      <FC>66.232063320727462</FC>
      <LP>0.63868970888048926</LP>
      <BETA>5.9999674309510453</BETA>
    </VegetationZoneParameters>
  </VegetationZone>
  <SubCatchment>
    <SubCatchmentParameters>
      <KSI>0.001</KSI>
      <KGmin>0.05</KGmin>
      <RangeKG>0.1</RangeKG>
      <AG>0.1</AG>
      <PERC>9.9063554136767209</PERC>
      <Alpha>0</Alpha>
      <UZL>78.5323221831742</UZL>
      <K0>0.054473166633612985</K0>
      <K1>0.21446525765171556</K1>
      <K2>0.057128961692533536</K2>
      <MAXBAS>1.0049572018676258</MAXBAS>
      <Cet>0</Cet>
      <PCALT>10</PCALT>
      <TCALT>0.6</TCALT>
      <Pelev>601.5</Pelev>
      <Telev>601.5</Telev>
      <PART>0.5</PART>
      <DELAY>1</DELAY>
    </SubCatchmentParameters>
    <SubCatchmentVegetationZone>
      <SubCatchmentVegetationZoneParameters>
        <TT>-0.65518346807346262</TT>
        <CFMAX>2.3536668733209938</CFMAX>
        <SP>0</SP>
        <SFCF>0.89382999861355117</SFCF>
        <CFR>0.0016123112118093437</CFR>
        <CWH>0.10000024367930575</CWH>
        <CFGlacier>1</CFGlacier>
        <CFSlope>1</CFSlope>
        <FC>66.232063320727462</FC>
        <LP>0.63868970888048926</LP>
        <BETA>5.9999674309510453</BETA>
      </SubCatchmentVegetationZoneParameters>
    </SubCatchmentVegetationZone>
  </SubCatchment>
</Catchment>