<?xml version="1.0" encoding="utf-8"?>
<Catchment xmlns:xsi="http://www.w3.org/2001/XMLSchema-instance" xmlns:xsd="http://www.w3.org/2001/XMLSchema">
  <CatchmentParameters>
    <KSI>0.001</KSI>
    <KGmin>0.05</KGmin>
    <RangeKG>0.1</RangeKG>
    <AG>0.1</AG>
    <PERC>9.7058016693403211</PERC>
    <Alpha>0</Alpha>
    <UZL>90.854671090726342</UZL>
    <K0>0.11537259486177776</K0>
    <K1>0.35841272235598154</K1>
    <K2>0.11594896153670385</K2>
    <MAXBAS>1.36016086186955</MAXBAS>
    <Cet>0</Cet>
    <PCALT>10</PCALT>
    <TCALT>0.6</TCALT>
    <Pelev>601.5</Pelev>
    <Telev>601.5</Telev>
    <PART>0.5</PART>
    <DELAY>1</DELAY>
  </CatchmentParameters>
  <VegetationZone>
    <VegetationZoneParameters>
      <TT>0.13026135398993777</TT>
      <CFMAX>2.0566733066570562</CFMAX>
      <SP>0</SP>
      <SFCF>0.53342060948712933</SFCF>
      <CFR>0.039191669049712649</CFR>
      <CWH>0.10000004473805142</CWH>
      <CFGlacier>1</CFGlacier>
      <CFSlope>1</CFSlope>
      <FC>184.07401836778047</FC>
      <LP>0.84805392890965048</LP>
      <BETA>4.02989421188703</BETA>
    </VegetationZoneParameters>
  </VegetationZone>
  <SubCatchment>
    <SubCatchmentParameters>
      <KSI>0.001</KSI>
      <KGmin>0.05</KGmin>
      <RangeKG>0.1</RangeKG>
      <AG>0.1</AG>
      <PERC>9.7058016693403211</PERC>
      <Alpha>0</Alpha>
      <UZL>90.854671090726342</UZL>
      <K0>0.11537259486177776</K0>
      <K1>0.35841272235598154</K1>
      <K2>0.11594896153670385</K2>
      <MAXBAS>1.36016086186955</MAXBAS>
      <Cet>0</Cet>
      <PCALT>10</PCALT>
      <TCALT>0.6</TCALT>
      <Pelev>601.5</Pelev>
      <Telev>601.5</Telev>
      <PART>0.5</PART>
      <DELAY>1</DELAY>
    </SubCatchmentParameters>
    <SubCatchmentVegetationZone>
      <SubCatchmentVegetationZoneParameters>
        <TT>0.13026135398993777</TT>
        <CFMAX>2.0566733066570562</CFMAX>
        <SP>0</SP>
        <SFCF>0.53342060948712933</SFCF>
        <CFR>0.039191669049712649</CFR>
        <CWH>0.10000004473805142</CWH>
        <CFGlacier>1</CFGlacier>
        <CFSlope>1</CFSlope>
        <FC>184.07401836778047</FC>
        <LP>0.84805392890965048</LP>
        <BETA>4.02989421188703</BETA>
      </SubCatchmentVegetationZoneParameters>
    </SubCatchmentVegetationZone>
  </SubCatchment>
</Catchment>