<?xml version="1.0" encoding="utf-8"?>
<Catchment xmlns:xsi="http://www.w3.org/2001/XMLSchema-instance" xmlns:xsd="http://www.w3.org/2001/XMLSchema">
  <CatchmentParameters>
    <KSI>0.001</KSI>
    <KGmin>0.05</KGmin>
    <RangeKG>0.1</RangeKG>
    <AG>0.1</AG>
    <PERC>3.9275759391362048</PERC>
    <Alpha>0</Alpha>
    <UZL>66.50426236303106</UZL>
    <K0>0.98984812954347845</K0>
    <K1>0.15914025496307119</K1>
    <K2>0.050849019984930494</K2>
    <MAXBAS>1</MAXBAS>
    <Cet>0</Cet>
    <PCALT>10</PCALT>
    <TCALT>0.6</TCALT>
    <Pelev>601.5</Pelev>
    <Telev>601.5</Telev>
    <PART>0.5</PART>
    <DELAY>1</DELAY>
  </CatchmentParameters>
  <VegetationZone>
    <VegetationZoneParameters>
      <TT>-1.6057718759351249</TT>
      <CFMAX>1.4327620548744819</CFMAX>
      <SP>0</SP>
      <SFCF>0.8096236174619682</SFCF>
      <CFR>2.506275173011752E-08</CFR>
      <CWH>0.10000002933623833</CWH>
      <CFGlacier>1</CFGlacier>
      <CFSlope>1</CFSlope>
      <FC>95.597201835298435</FC>
      <LP>0.64864531017087557</LP>
      <BETA>4.9223817594504151</BETA>
    </VegetationZoneParameters>
  </VegetationZone>
  <SubCatchment>
    <SubCatchmentParameters>
      <KSI>0.001</KSI>
      <KGmin>0.05</KGmin>
      <RangeKG>0.1</RangeKG>
      <AG>0.1</AG>
      <PERC>3.9275759391362048</PERC>
      <Alpha>0</Alpha>
      <UZL>66.50426236303106</UZL>
      <K0>0.98984812954347845</K0>
      <K1>0.15914025496307119</K1>
      <K2>0.050849019984930494</K2>
      <MAXBAS>1</MAXBAS>
      <Cet>0</Cet>
      <PCALT>10</PCALT>
      <TCALT>0.6</TCALT>
      <Pelev>601.5</Pelev>
      <Telev>601.5</Telev>
      <PART>0.5</PART>
      <DELAY>1</DELAY>
    </SubCatchmentParameters>
    <SubCatchmentVegetationZone>
      <SubCatchmentVegetationZoneParameters>
        <TT>-1.6057718759351249</TT>
        <CFMAX>1.4327620548744819</CFMAX>
        <SP>0</SP>
        <SFCF>0.8096236174619682</SFCF>
        <CFR>2.506275173011752E-08</CFR>
        <CWH>0.10000002933623833</CWH>
        <CFGlacier>1</CFGlacier>
        <CFSlope>1</CFSlope>
        <FC>95.597201835298435</FC>
        <LP>0.64864531017087557</LP>
        <BETA>4.9223817594504151</BETA>
      </SubCatchmentVegetationZoneParameters>
    </SubCatchmentVegetationZone>
  </SubCatchment>
</Catchment>