<?xml version="1.0" encoding="utf-8"?>
<Catchment xmlns:xsi="http://www.w3.org/2001/XMLSchema-instance" xmlns:xsd="http://www.w3.org/2001/XMLSchema">
  <CatchmentParameters>
    <KSI>0.001</KSI>
    <KGmin>0.05</KGmin>
    <RangeKG>0.1</RangeKG>
    <AG>0.1</AG>
    <PERC>9.9305693254149485</PERC>
    <Alpha>0</Alpha>
    <UZL>154.80442405620588</UZL>
    <K0>0.47288009142287635</K0>
    <K1>0.41293177258925606</K1>
    <K2>0.082789374837357849</K2>
    <MAXBAS>1.564873033329252</MAXBAS>
    <Cet>0</Cet>
    <PCALT>10</PCALT>
    <TCALT>0.6</TCALT>
    <Pelev>601.5</Pelev>
    <Telev>601.5</Telev>
    <PART>0.5</PART>
    <DELAY>1</DELAY>
  </CatchmentParameters>
  <VegetationZone>
    <VegetationZoneParameters>
      <TT>-1.8500001388942169</TT>
      <CFMAX>1.439516766193824</CFMAX>
      <SP>0</SP>
      <SFCF>0.863075637318504</SFCF>
      <CFR>0.030043285120889583</CFR>
      <CWH>0.10223538379724496</CWH>
      <CFGlacier>1</CFGlacier>
      <CFSlope>1</CFSlope>
      <FC>168.41530120386776</FC>
      <LP>0.7913093808110917</LP>
      <BETA>3.0529729417662295</BETA>
    </VegetationZoneParameters>
  </VegetationZone>
  <SubCatchment>
    <SubCatchmentParameters>
      <KSI>0.001</KSI>
      <KGmin>0.05</KGmin>
      <RangeKG>0.1</RangeKG>
      <AG>0.1</AG>
      <PERC>9.9305693254149485</PERC>
      <Alpha>0</Alpha>
      <UZL>154.80442405620588</UZL>
      <K0>0.47288009142287635</K0>
      <K1>0.41293177258925606</K1>
      <K2>0.082789374837357849</K2>
      <MAXBAS>1.564873033329252</MAXBAS>
      <Cet>0</Cet>
      <PCALT>10</PCALT>
      <TCALT>0.6</TCALT>
      <Pelev>601.5</Pelev>
      <Telev>601.5</Telev>
      <PART>0.5</PART>
      <DELAY>1</DELAY>
    </SubCatchmentParameters>
    <SubCatchmentVegetationZone>
      <SubCatchmentVegetationZoneParameters>
        <TT>-1.8500001388942169</TT>
        <CFMAX>1.439516766193824</CFMAX>
        <SP>0</SP>
        <SFCF>0.863075637318504</SFCF>
        <CFR>0.030043285120889583</CFR>
        <CWH>0.10223538379724496</CWH>
        <CFGlacier>1</CFGlacier>
        <CFSlope>1</CFSlope>
        <FC>168.41530120386776</FC>
        <LP>0.7913093808110917</LP>
        <BETA>3.0529729417662295</BETA>
      </SubCatchmentVegetationZoneParameters>
    </SubCatchmentVegetationZone>
  </SubCatchment>
</Catchment>