<?xml version="1.0" encoding="utf-8"?>
<Catchment xmlns:xsi="http://www.w3.org/2001/XMLSchema-instance" xmlns:xsd="http://www.w3.org/2001/XMLSchema">
  <CatchmentParameters>
    <KSI>0.001</KSI>
    <KGmin>0.05</KGmin>
    <RangeKG>0.1</RangeKG>
    <AG>0.1</AG>
    <PERC>9.8751788169501822</PERC>
    <Alpha>0</Alpha>
    <UZL>94.1611136693351</UZL>
    <K0>0.31644063248579363</K0>
    <K1>0.28099966784387137</K1>
    <K2>0.10186926330334875</K2>
    <MAXBAS>1.138689204669664</MAXBAS>
    <Cet>0</Cet>
    <PCALT>10</PCALT>
    <TCALT>0.6</TCALT>
    <Pelev>601.5</Pelev>
    <Telev>601.5</Telev>
    <PART>0.5</PART>
    <DELAY>1</DELAY>
  </CatchmentParameters>
  <VegetationZone>
    <VegetationZoneParameters>
      <TT>-1.0828417618470638</TT>
      <CFMAX>1.7551677432434911</CFMAX>
      <SP>0</SP>
      <SFCF>0.67556451616682489</SFCF>
      <CFR>0.070124825432545876</CFR>
      <CWH>0.1000000009620572</CWH>
      <CFGlacier>1</CFGlacier>
      <CFSlope>1</CFSlope>
      <FC>169.9361973655833</FC>
      <LP>0.81741769711754886</LP>
      <BETA>3.7548212392253451</BETA>
    </VegetationZoneParameters>
  </VegetationZone>
  <SubCatchment>
    <SubCatchmentParameters>
      <KSI>0.001</KSI>
      <KGmin>0.05</KGmin>
      <RangeKG>0.1</RangeKG>
      <AG>0.1</AG>
      <PERC>9.8751788169501822</PERC>
      <Alpha>0</Alpha>
      <UZL>94.1611136693351</UZL>
      <K0>0.31644063248579363</K0>
      <K1>0.28099966784387137</K1>
      <K2>0.10186926330334875</K2>
      <MAXBAS>1.138689204669664</MAXBAS>
      <Cet>0</Cet>
      <PCALT>10</PCALT>
      <TCALT>0.6</TCALT>
      <Pelev>601.5</Pelev>
      <Telev>601.5</Telev>
      <PART>0.5</PART>
      <DELAY>1</DELAY>
    </SubCatchmentParameters>
    <SubCatchmentVegetationZone>
      <SubCatchmentVegetationZoneParameters>
        <TT>-1.0828417618470638</TT>
        <CFMAX>1.7551677432434911</CFMAX>
        <SP>0</SP>
        <SFCF>0.67556451616682489</SFCF>
        <CFR>0.070124825432545876</CFR>
        <CWH>0.1000000009620572</CWH>
        <CFGlacier>1</CFGlacier>
        <CFSlope>1</CFSlope>
        <FC>169.9361973655833</FC>
        <LP>0.81741769711754886</LP>
        <BETA>3.7548212392253451</BETA>
      </SubCatchmentVegetationZoneParameters>
    </SubCatchmentVegetationZone>
  </SubCatchment>
</Catchment>