<?xml version="1.0" encoding="utf-8"?>
<Catchment xmlns:xsi="http://www.w3.org/2001/XMLSchema-instance" xmlns:xsd="http://www.w3.org/2001/XMLSchema">
  <CatchmentParameters>
    <KSI>0.001</KSI>
    <KGmin>0.05</KGmin>
    <RangeKG>0.1</RangeKG>
    <AG>0.1</AG>
    <PERC>9.999956656629001</PERC>
    <Alpha>0</Alpha>
    <UZL>108.44683913228145</UZL>
    <K0>0.062580614182808109</K0>
    <K1>0.18605781065364482</K1>
    <K2>0.08902788212483749</K2>
    <MAXBAS>1.004961707106065</MAXBAS>
    <Cet>0</Cet>
    <PCALT>10</PCALT>
    <TCALT>0.6</TCALT>
    <Pelev>601.5</Pelev>
    <Telev>601.5</Telev>
    <PART>0.5</PART>
    <DELAY>1</DELAY>
  </CatchmentParameters>
  <VegetationZone>
    <VegetationZoneParameters>
      <TT>-0.849999978101093</TT>
      <CFMAX>2.5179295414009193</CFMAX>
      <SP>0</SP>
      <SFCF>0.88431037472994822</SFCF>
      <CFR>0.041619739233434962</CFR>
      <CWH>0.10000012012103164</CWH>
      <CFGlacier>1</CFGlacier>
      <CFSlope>1</CFSlope>
      <FC>183.74797354070083</FC>
      <LP>0.60133963117036393</LP>
      <BETA>1.8817052998166715</BETA>
    </VegetationZoneParameters>
  </VegetationZone>
  <SubCatchment>
    <SubCatchmentParameters>
      <KSI>0.001</KSI>
      <KGmin>0.05</KGmin>
      <RangeKG>0.1</RangeKG>
      <AG>0.1</AG>
      <PERC>9.999956656629001</PERC>
      <Alpha>0</Alpha>
      <UZL>108.44683913228145</UZL>
      <K0>0.062580614182808109</K0>
      <K1>0.18605781065364482</K1>
      <K2>0.08902788212483749</K2>
      <MAXBAS>1.004961707106065</MAXBAS>
      <Cet>0</Cet>
      <PCALT>10</PCALT>
      <TCALT>0.6</TCALT>
      <Pelev>601.5</Pelev>
      <Telev>601.5</Telev>
      <PART>0.5</PART>
      <DELAY>1</DELAY>
    </SubCatchmentParameters>
    <SubCatchmentVegetationZone>
      <SubCatchmentVegetationZoneParameters>
        <TT>-0.849999978101093</TT>
        <CFMAX>2.5179295414009193</CFMAX>
        <SP>0</SP>
        <SFCF>0.88431037472994822</SFCF>
        <CFR>0.041619739233434962</CFR>
        <CWH>0.10000012012103164</CWH>
        <CFGlacier>1</CFGlacier>
        <CFSlope>1</CFSlope>
        <FC>183.74797354070083</FC>
        <LP>0.60133963117036393</LP>
        <BETA>1.8817052998166715</BETA>
      </SubCatchmentVegetationZoneParameters>
    </SubCatchmentVegetationZone>
  </SubCatchment>
</Catchment>