<?xml version="1.0" encoding="utf-8"?>
<Catchment xmlns:xsi="http://www.w3.org/2001/XMLSchema-instance" xmlns:xsd="http://www.w3.org/2001/XMLSchema">
  <CatchmentParameters>
    <KSI>0.001</KSI>
    <KGmin>0.05</KGmin>
    <RangeKG>0.1</RangeKG>
    <AG>0.1</AG>
    <PERC>3.2870316193516054</PERC>
    <Alpha>0</Alpha>
    <UZL>120.26495426948141</UZL>
    <K0>0.29139503655407112</K0>
    <K1>0.12181306643308426</K1>
    <K2>0.042557552815528886</K2>
    <MAXBAS>1</MAXBAS>
    <Cet>0</Cet>
    <PCALT>10</PCALT>
    <TCALT>0.6</TCALT>
    <Pelev>601.5</Pelev>
    <Telev>601.5</Telev>
    <PART>0.5</PART>
    <DELAY>1</DELAY>
  </CatchmentParameters>
  <VegetationZone>
    <VegetationZoneParameters>
      <TT>-1.1500293803779698</TT>
      <CFMAX>2.4815165224377189</CFMAX>
      <SP>0</SP>
      <SFCF>0.9434847065601859</SFCF>
      <CFR>0.065064314023384209</CFR>
      <CWH>0.10000003297399776</CWH>
      <CFGlacier>1</CFGlacier>
      <CFSlope>1</CFSlope>
      <FC>108.46562938329785</FC>
      <LP>0.55425027751054023</LP>
      <BETA>4.5569968155339637</BETA>
    </VegetationZoneParameters>
  </VegetationZone>
  <SubCatchment>
    <SubCatchmentParameters>
      <KSI>0.001</KSI>
      <KGmin>0.05</KGmin>
      <RangeKG>0.1</RangeKG>
      <AG>0.1</AG>
      <PERC>3.2870316193516054</PERC>
      <Alpha>0</Alpha>
      <UZL>120.26495426948141</UZL>
      <K0>0.29139503655407112</K0>
      <K1>0.12181306643308426</K1>
      <K2>0.042557552815528886</K2>
      <MAXBAS>1</MAXBAS>
      <Cet>0</Cet>
      <PCALT>10</PCALT>
      <TCALT>0.6</TCALT>
      <Pelev>601.5</Pelev>
      <Telev>601.5</Telev>
      <PART>0.5</PART>
      <DELAY>1</DELAY>
    </SubCatchmentParameters>
    <SubCatchmentVegetationZone>
      <SubCatchmentVegetationZoneParameters>
        <TT>-1.1500293803779698</TT>
        <CFMAX>2.4815165224377189</CFMAX>
        <SP>0</SP>
        <SFCF>0.9434847065601859</SFCF>
        <CFR>0.065064314023384209</CFR>
        <CWH>0.10000003297399776</CWH>
        <CFGlacier>1</CFGlacier>
        <CFSlope>1</CFSlope>
        <FC>108.46562938329785</FC>
        <LP>0.55425027751054023</LP>
        <BETA>4.5569968155339637</BETA>
      </SubCatchmentVegetationZoneParameters>
    </SubCatchmentVegetationZone>
  </SubCatchment>
</Catchment>