<?xml version="1.0" encoding="utf-8"?>
<Catchment xmlns:xsi="http://www.w3.org/2001/XMLSchema-instance" xmlns:xsd="http://www.w3.org/2001/XMLSchema">
  <CatchmentParameters>
    <KSI>0.001</KSI>
    <KGmin>0.05</KGmin>
    <RangeKG>0.1</RangeKG>
    <AG>0.1</AG>
    <PERC>4.0082934110383919</PERC>
    <Alpha>0</Alpha>
    <UZL>141.44676812850463</UZL>
    <K0>0.90959855023149783</K0>
    <K1>0.11699559873245974</K1>
    <K2>0.045549458422091488</K2>
    <MAXBAS>1</MAXBAS>
    <Cet>0</Cet>
    <PCALT>10</PCALT>
    <TCALT>0.6</TCALT>
    <Pelev>601.5</Pelev>
    <Telev>601.5</Telev>
    <PART>0.5</PART>
    <DELAY>1</DELAY>
  </CatchmentParameters>
  <VegetationZone>
    <VegetationZoneParameters>
      <TT>-0.65005409761753541</TT>
      <CFMAX>3.1780629062075394</CFMAX>
      <SP>0</SP>
      <SFCF>0.940535054615274</SFCF>
      <CFR>0.047951810206536223</CFR>
      <CWH>0.1000000099146731</CWH>
      <CFGlacier>1</CFGlacier>
      <CFSlope>1</CFSlope>
      <FC>135.69376562289412</FC>
      <LP>0.69095434993592086</LP>
      <BETA>5.5994378055288987</BETA>
    </VegetationZoneParameters>
  </VegetationZone>
  <SubCatchment>
    <SubCatchmentParameters>
      <KSI>0.001</KSI>
      <KGmin>0.05</KGmin>
      <RangeKG>0.1</RangeKG>
      <AG>0.1</AG>
      <PERC>4.0082934110383919</PERC>
      <Alpha>0</Alpha>
      <UZL>141.44676812850463</UZL>
      <K0>0.90959855023149783</K0>
      <K1>0.11699559873245974</K1>
      <K2>0.045549458422091488</K2>
      <MAXBAS>1</MAXBAS>
      <Cet>0</Cet>
      <PCALT>10</PCALT>
      <TCALT>0.6</TCALT>
      <Pelev>601.5</Pelev>
      <Telev>601.5</Telev>
      <PART>0.5</PART>
      <DELAY>1</DELAY>
    </SubCatchmentParameters>
    <SubCatchmentVegetationZone>
      <SubCatchmentVegetationZoneParameters>
        <TT>-0.65005409761753541</TT>
        <CFMAX>3.1780629062075394</CFMAX>
        <SP>0</SP>
        <SFCF>0.940535054615274</SFCF>
        <CFR>0.047951810206536223</CFR>
        <CWH>0.1000000099146731</CWH>
        <CFGlacier>1</CFGlacier>
        <CFSlope>1</CFSlope>
        <FC>135.69376562289412</FC>
        <LP>0.69095434993592086</LP>
        <BETA>5.5994378055288987</BETA>
      </SubCatchmentVegetationZoneParameters>
    </SubCatchmentVegetationZone>
  </SubCatchment>
</Catchment>