<?xml version="1.0" encoding="utf-8"?>
<Catchment xmlns:xsi="http://www.w3.org/2001/XMLSchema-instance" xmlns:xsd="http://www.w3.org/2001/XMLSchema">
  <CatchmentParameters>
    <KSI>0.001</KSI>
    <KGmin>0.05</KGmin>
    <RangeKG>0.1</RangeKG>
    <AG>0.1</AG>
    <PERC>3.5643233653854964</PERC>
    <Alpha>0</Alpha>
    <UZL>86.323091660307625</UZL>
    <K0>0.49223001169373248</K0>
    <K1>0.12997615235795054</K1>
    <K2>0.045683139898306913</K2>
    <MAXBAS>1</MAXBAS>
    <Cet>0</Cet>
    <PCALT>10</PCALT>
    <TCALT>0.6</TCALT>
    <Pelev>601.5</Pelev>
    <Telev>601.5</Telev>
    <PART>0.5</PART>
    <DELAY>1</DELAY>
  </CatchmentParameters>
  <VegetationZone>
    <VegetationZoneParameters>
      <TT>-1.8500006967111888</TT>
      <CFMAX>1.789937334098787</CFMAX>
      <SP>0</SP>
      <SFCF>0.91980116032687143</SFCF>
      <CFR>0.069145350687492155</CFR>
      <CWH>0.10000120480667653</CWH>
      <CFGlacier>1</CFGlacier>
      <CFSlope>1</CFSlope>
      <FC>93.3398442665792</FC>
      <LP>0.53693507744332281</LP>
      <BETA>4.472079326481607</BETA>
    </VegetationZoneParameters>
  </VegetationZone>
  <SubCatchment>
    <SubCatchmentParameters>
      <KSI>0.001</KSI>
      <KGmin>0.05</KGmin>
      <RangeKG>0.1</RangeKG>
      <AG>0.1</AG>
      <PERC>3.5643233653854964</PERC>
      <Alpha>0</Alpha>
      <UZL>86.323091660307625</UZL>
      <K0>0.49223001169373248</K0>
      <K1>0.12997615235795054</K1>
      <K2>0.045683139898306913</K2>
      <MAXBAS>1</MAXBAS>
      <Cet>0</Cet>
      <PCALT>10</PCALT>
      <TCALT>0.6</TCALT>
      <Pelev>601.5</Pelev>
      <Telev>601.5</Telev>
      <PART>0.5</PART>
      <DELAY>1</DELAY>
    </SubCatchmentParameters>
    <SubCatchmentVegetationZone>
      <SubCatchmentVegetationZoneParameters>
        <TT>-1.8500006967111888</TT>
        <CFMAX>1.789937334098787</CFMAX>
        <SP>0</SP>
        <SFCF>0.91980116032687143</SFCF>
        <CFR>0.069145350687492155</CFR>
        <CWH>0.10000120480667653</CWH>
        <CFGlacier>1</CFGlacier>
        <CFSlope>1</CFSlope>
        <FC>93.3398442665792</FC>
        <LP>0.53693507744332281</LP>
        <BETA>4.472079326481607</BETA>
      </SubCatchmentVegetationZoneParameters>
    </SubCatchmentVegetationZone>
  </SubCatchment>
</Catchment>