<?xml version="1.0" encoding="utf-8"?>
<Catchment xmlns:xsi="http://www.w3.org/2001/XMLSchema-instance" xmlns:xsd="http://www.w3.org/2001/XMLSchema">
  <CatchmentParameters>
    <KSI>0.001</KSI>
    <KGmin>0.05</KGmin>
    <RangeKG>0.1</RangeKG>
    <AG>0.1</AG>
    <PERC>3.4902138888768888</PERC>
    <Alpha>0</Alpha>
    <UZL>67.647961770892309</UZL>
    <K0>0.34043680701687357</K0>
    <K1>0.11438461368192907</K1>
    <K2>0.050013580739555537</K2>
    <MAXBAS>1</MAXBAS>
    <Cet>0</Cet>
    <PCALT>10</PCALT>
    <TCALT>0.6</TCALT>
    <Pelev>601.5</Pelev>
    <Telev>601.5</Telev>
    <PART>0.5</PART>
    <DELAY>1</DELAY>
  </CatchmentParameters>
  <VegetationZone>
    <VegetationZoneParameters>
      <TT>-2.0000003523284406</TT>
      <CFMAX>1.6196194720077977</CFMAX>
      <SP>0</SP>
      <SFCF>0.95352691771638387</SFCF>
      <CFR>0.059243384311929867</CFR>
      <CWH>0.1000000606348755</CWH>
      <CFGlacier>1</CFGlacier>
      <CFSlope>1</CFSlope>
      <FC>139.82682756526518</FC>
      <LP>0.6745436032069948</LP>
      <BETA>5.457380762021109</BETA>
    </VegetationZoneParameters>
  </VegetationZone>
  <SubCatchment>
    <SubCatchmentParameters>
      <KSI>0.001</KSI>
      <KGmin>0.05</KGmin>
      <RangeKG>0.1</RangeKG>
      <AG>0.1</AG>
      <PERC>3.4902138888768888</PERC>
      <Alpha>0</Alpha>
      <UZL>67.647961770892309</UZL>
      <K0>0.34043680701687357</K0>
      <K1>0.11438461368192907</K1>
      <K2>0.050013580739555537</K2>
      <MAXBAS>1</MAXBAS>
      <Cet>0</Cet>
      <PCALT>10</PCALT>
      <TCALT>0.6</TCALT>
      <Pelev>601.5</Pelev>
      <Telev>601.5</Telev>
      <PART>0.5</PART>
      <DELAY>1</DELAY>
    </SubCatchmentParameters>
    <SubCatchmentVegetationZone>
      <SubCatchmentVegetationZoneParameters>
        <TT>-2.0000003523284406</TT>
        <CFMAX>1.6196194720077977</CFMAX>
        <SP>0</SP>
        <SFCF>0.95352691771638387</SFCF>
        <CFR>0.059243384311929867</CFR>
        <CWH>0.1000000606348755</CWH>
        <CFGlacier>1</CFGlacier>
        <CFSlope>1</CFSlope>
        <FC>139.82682756526518</FC>
        <LP>0.6745436032069948</LP>
        <BETA>5.457380762021109</BETA>
      </SubCatchmentVegetationZoneParameters>
    </SubCatchmentVegetationZone>
  </SubCatchment>
</Catchment>