<?xml version="1.0" encoding="utf-8"?>
<Catchment xmlns:xsi="http://www.w3.org/2001/XMLSchema-instance" xmlns:xsd="http://www.w3.org/2001/XMLSchema">
  <CatchmentParameters>
    <KSI>0.001</KSI>
    <KGmin>0.05</KGmin>
    <RangeKG>0.1</RangeKG>
    <AG>0.1</AG>
    <PERC>5.4451009421591721</PERC>
    <Alpha>0</Alpha>
    <UZL>184.03213664301771</UZL>
    <K0>0.13494054240994546</K0>
    <K1>0.16716911746369359</K1>
    <K2>0.05083649559681995</K2>
    <MAXBAS>1</MAXBAS>
    <Cet>0</Cet>
    <PCALT>10</PCALT>
    <TCALT>0.6</TCALT>
    <Pelev>601.5</Pelev>
    <Telev>601.5</Telev>
    <PART>0.5</PART>
    <DELAY>1</DELAY>
  </CatchmentParameters>
  <VegetationZone>
    <VegetationZoneParameters>
      <TT>-1.1992558924460379</TT>
      <CFMAX>2.06499117989435</CFMAX>
      <SP>0</SP>
      <SFCF>0.96359173912178886</SFCF>
      <CFR>3.0793054296622243E-08</CFR>
      <CWH>0.10000000643653659</CWH>
      <CFGlacier>1</CFGlacier>
      <CFSlope>1</CFSlope>
      <FC>136.199580951863</FC>
      <LP>0.683497521322129</LP>
      <BETA>5.6115270006018605</BETA>
    </VegetationZoneParameters>
  </VegetationZone>
  <SubCatchment>
    <SubCatchmentParameters>
      <KSI>0.001</KSI>
      <KGmin>0.05</KGmin>
      <RangeKG>0.1</RangeKG>
      <AG>0.1</AG>
      <PERC>5.4451009421591721</PERC>
      <Alpha>0</Alpha>
      <UZL>184.03213664301771</UZL>
      <K0>0.13494054240994546</K0>
      <K1>0.16716911746369359</K1>
      <K2>0.05083649559681995</K2>
      <MAXBAS>1</MAXBAS>
      <Cet>0</Cet>
      <PCALT>10</PCALT>
      <TCALT>0.6</TCALT>
      <Pelev>601.5</Pelev>
      <Telev>601.5</Telev>
      <PART>0.5</PART>
      <DELAY>1</DELAY>
    </SubCatchmentParameters>
    <SubCatchmentVegetationZone>
      <SubCatchmentVegetationZoneParameters>
        <TT>-1.1992558924460379</TT>
        <CFMAX>2.06499117989435</CFMAX>
        <SP>0</SP>
        <SFCF>0.96359173912178886</SFCF>
        <CFR>3.0793054296622243E-08</CFR>
        <CWH>0.10000000643653659</CWH>
        <CFGlacier>1</CFGlacier>
        <CFSlope>1</CFSlope>
        <FC>136.199580951863</FC>
        <LP>0.683497521322129</LP>
        <BETA>5.6115270006018605</BETA>
      </SubCatchmentVegetationZoneParameters>
    </SubCatchmentVegetationZone>
  </SubCatchment>
</Catchment>