<?xml version="1.0" encoding="utf-8"?>
<Catchment xmlns:xsi="http://www.w3.org/2001/XMLSchema-instance" xmlns:xsd="http://www.w3.org/2001/XMLSchema">
  <CatchmentParameters>
    <KSI>0.001</KSI>
    <KGmin>0.05</KGmin>
    <RangeKG>0.1</RangeKG>
    <AG>0.1</AG>
    <PERC>9.7045140420395164</PERC>
    <Alpha>0</Alpha>
    <UZL>85.030539774131356</UZL>
    <K0>0.49616765835393067</K0>
    <K1>0.31669230302422863</K1>
    <K2>0.099968319104950493</K2>
    <MAXBAS>1.3015455020941065</MAXBAS>
    <Cet>0</Cet>
    <PCALT>10</PCALT>
    <TCALT>0.6</TCALT>
    <Pelev>601.5</Pelev>
    <Telev>601.5</Telev>
    <PART>0.5</PART>
    <DELAY>1</DELAY>
  </CatchmentParameters>
  <VegetationZone>
    <VegetationZoneParameters>
      <TT>-0.64678438580465081</TT>
      <CFMAX>1.8726223133950077</CFMAX>
      <SP>0</SP>
      <SFCF>0.638898290516046</SFCF>
      <CFR>0.041813935918721269</CFR>
      <CWH>0.10000006715175407</CWH>
      <CFGlacier>1</CFGlacier>
      <CFSlope>1</CFSlope>
      <FC>234.12814851829984</FC>
      <LP>0.98429824123810317</LP>
      <BETA>5.99994962048912</BETA>
    </VegetationZoneParameters>
  </VegetationZone>
  <SubCatchment>
    <SubCatchmentParameters>
      <KSI>0.001</KSI>
      <KGmin>0.05</KGmin>
      <RangeKG>0.1</RangeKG>
      <AG>0.1</AG>
      <PERC>9.7045140420395164</PERC>
      <Alpha>0</Alpha>
      <UZL>85.030539774131356</UZL>
      <K0>0.49616765835393067</K0>
      <K1>0.31669230302422863</K1>
      <K2>0.099968319104950493</K2>
      <MAXBAS>1.3015455020941065</MAXBAS>
      <Cet>0</Cet>
      <PCALT>10</PCALT>
      <TCALT>0.6</TCALT>
      <Pelev>601.5</Pelev>
      <Telev>601.5</Telev>
      <PART>0.5</PART>
      <DELAY>1</DELAY>
    </SubCatchmentParameters>
    <SubCatchmentVegetationZone>
      <SubCatchmentVegetationZoneParameters>
        <TT>-0.64678438580465081</TT>
        <CFMAX>1.8726223133950077</CFMAX>
        <SP>0</SP>
        <SFCF>0.638898290516046</SFCF>
        <CFR>0.041813935918721269</CFR>
        <CWH>0.10000006715175407</CWH>
        <CFGlacier>1</CFGlacier>
        <CFSlope>1</CFSlope>
        <FC>234.12814851829984</FC>
        <LP>0.98429824123810317</LP>
        <BETA>5.99994962048912</BETA>
      </SubCatchmentVegetationZoneParameters>
    </SubCatchmentVegetationZone>
  </SubCatchment>
</Catchment>