<?xml version="1.0" encoding="utf-8"?>
<Catchment xmlns:xsi="http://www.w3.org/2001/XMLSchema-instance" xmlns:xsd="http://www.w3.org/2001/XMLSchema">
  <CatchmentParameters>
    <KSI>0.001</KSI>
    <KGmin>0.05</KGmin>
    <RangeKG>0.1</RangeKG>
    <AG>0.1</AG>
    <PERC>3.5152906301217071</PERC>
    <Alpha>0</Alpha>
    <UZL>85.396722564186732</UZL>
    <K0>0.52797946880919155</K0>
    <K1>0.12753334713409781</K1>
    <K2>0.051740475804134413</K2>
    <MAXBAS>1</MAXBAS>
    <Cet>0</Cet>
    <PCALT>10</PCALT>
    <TCALT>0.6</TCALT>
    <Pelev>601.5</Pelev>
    <Telev>601.5</Telev>
    <PART>0.5</PART>
    <DELAY>1</DELAY>
  </CatchmentParameters>
  <VegetationZone>
    <VegetationZoneParameters>
      <TT>-2.0000034391225054</TT>
      <CFMAX>1.7229671880735444</CFMAX>
      <SP>0</SP>
      <SFCF>0.95061210819222508</SFCF>
      <CFR>0.09718639273061741</CFR>
      <CWH>0.10000000000818318</CWH>
      <CFGlacier>1</CFGlacier>
      <CFSlope>1</CFSlope>
      <FC>157.86434413741992</FC>
      <LP>0.71920611688345149</LP>
      <BETA>5.5607196024336076</BETA>
    </VegetationZoneParameters>
  </VegetationZone>
  <SubCatchment>
    <SubCatchmentParameters>
      <KSI>0.001</KSI>
      <KGmin>0.05</KGmin>
      <RangeKG>0.1</RangeKG>
      <AG>0.1</AG>
      <PERC>3.5152906301217071</PERC>
      <Alpha>0</Alpha>
      <UZL>85.396722564186732</UZL>
      <K0>0.52797946880919155</K0>
      <K1>0.12753334713409781</K1>
      <K2>0.051740475804134413</K2>
      <MAXBAS>1</MAXBAS>
      <Cet>0</Cet>
      <PCALT>10</PCALT>
      <TCALT>0.6</TCALT>
      <Pelev>601.5</Pelev>
      <Telev>601.5</Telev>
      <PART>0.5</PART>
      <DELAY>1</DELAY>
    </SubCatchmentParameters>
    <SubCatchmentVegetationZone>
      <SubCatchmentVegetationZoneParameters>
        <TT>-2.0000034391225054</TT>
        <CFMAX>1.7229671880735444</CFMAX>
        <SP>0</SP>
        <SFCF>0.95061210819222508</SFCF>
        <CFR>0.09718639273061741</CFR>
        <CWH>0.10000000000818318</CWH>
        <CFGlacier>1</CFGlacier>
        <CFSlope>1</CFSlope>
        <FC>157.86434413741992</FC>
        <LP>0.71920611688345149</LP>
        <BETA>5.5607196024336076</BETA>
      </SubCatchmentVegetationZoneParameters>
    </SubCatchmentVegetationZone>
  </SubCatchment>
</Catchment>