<?xml version="1.0" encoding="utf-8"?>
<Catchment xmlns:xsi="http://www.w3.org/2001/XMLSchema-instance" xmlns:xsd="http://www.w3.org/2001/XMLSchema">
  <CatchmentParameters>
    <KSI>0.001</KSI>
    <KGmin>0.05</KGmin>
    <RangeKG>0.1</RangeKG>
    <AG>0.1</AG>
    <PERC>9.6856247266932414</PERC>
    <Alpha>0</Alpha>
    <UZL>176.69117304638141</UZL>
    <K0>0.52216608699893174</K0>
    <K1>0.24382186956160087</K1>
    <K2>0.095578476515888314</K2>
    <MAXBAS>1.0048097452259461</MAXBAS>
    <Cet>0</Cet>
    <PCALT>10</PCALT>
    <TCALT>0.6</TCALT>
    <Pelev>601.5</Pelev>
    <Telev>601.5</Telev>
    <PART>0.5</PART>
    <DELAY>1</DELAY>
  </CatchmentParameters>
  <VegetationZone>
    <VegetationZoneParameters>
      <TT>-0.5608014877777121</TT>
      <CFMAX>2.151552199347484</CFMAX>
      <SP>0</SP>
      <SFCF>0.71698216324961772</SFCF>
      <CFR>0.032831765542002227</CFR>
      <CWH>0.10000000001569408</CWH>
      <CFGlacier>1</CFGlacier>
      <CFSlope>1</CFSlope>
      <FC>154.76822513402431</FC>
      <LP>0.81225595768949765</LP>
      <BETA>3.7962544350206158</BETA>
    </VegetationZoneParameters>
  </VegetationZone>
  <SubCatchment>
    <SubCatchmentParameters>
      <KSI>0.001</KSI>
      <KGmin>0.05</KGmin>
      <RangeKG>0.1</RangeKG>
      <AG>0.1</AG>
      <PERC>9.6856247266932414</PERC>
      <Alpha>0</Alpha>
      <UZL>176.69117304638141</UZL>
      <K0>0.52216608699893174</K0>
      <K1>0.24382186956160087</K1>
      <K2>0.095578476515888314</K2>
      <MAXBAS>1.0048097452259461</MAXBAS>
      <Cet>0</Cet>
      <PCALT>10</PCALT>
      <TCALT>0.6</TCALT>
      <Pelev>601.5</Pelev>
      <Telev>601.5</Telev>
      <PART>0.5</PART>
      <DELAY>1</DELAY>
    </SubCatchmentParameters>
    <SubCatchmentVegetationZone>
      <SubCatchmentVegetationZoneParameters>
        <TT>-0.5608014877777121</TT>
        <CFMAX>2.151552199347484</CFMAX>
        <SP>0</SP>
        <SFCF>0.71698216324961772</SFCF>
        <CFR>0.032831765542002227</CFR>
        <CWH>0.10000000001569408</CWH>
        <CFGlacier>1</CFGlacier>
        <CFSlope>1</CFSlope>
        <FC>154.76822513402431</FC>
        <LP>0.81225595768949765</LP>
        <BETA>3.7962544350206158</BETA>
      </SubCatchmentVegetationZoneParameters>
    </SubCatchmentVegetationZone>
  </SubCatchment>
</Catchment>