<?xml version="1.0" encoding="utf-8"?>
<Catchment xmlns:xsi="http://www.w3.org/2001/XMLSchema-instance" xmlns:xsd="http://www.w3.org/2001/XMLSchema">
  <CatchmentParameters>
    <KSI>0.001</KSI>
    <KGmin>0.05</KGmin>
    <RangeKG>0.1</RangeKG>
    <AG>0.1</AG>
    <PERC>9.99996752494293</PERC>
    <Alpha>0</Alpha>
    <UZL>83.972893816658882</UZL>
    <K0>0.50464199157168566</K0>
    <K1>0.26469229813383183</K1>
    <K2>0.08694089516809228</K2>
    <MAXBAS>1.1626444243517391</MAXBAS>
    <Cet>0</Cet>
    <PCALT>10</PCALT>
    <TCALT>0.6</TCALT>
    <Pelev>601.5</Pelev>
    <Telev>601.5</Telev>
    <PART>0.5</PART>
    <DELAY>1</DELAY>
  </CatchmentParameters>
  <VegetationZone>
    <VegetationZoneParameters>
      <TT>-0.83230997732606316</TT>
      <CFMAX>2.091479848121224</CFMAX>
      <SP>0</SP>
      <SFCF>0.72761681300831749</SFCF>
      <CFR>0.0643166507231664</CFR>
      <CWH>0.10000004128260057</CWH>
      <CFGlacier>1</CFGlacier>
      <CFSlope>1</CFSlope>
      <FC>164.74782653570387</FC>
      <LP>0.88249607915967065</LP>
      <BETA>4.6107454807774424</BETA>
    </VegetationZoneParameters>
  </VegetationZone>
  <SubCatchment>
    <SubCatchmentParameters>
      <KSI>0.001</KSI>
      <KGmin>0.05</KGmin>
      <RangeKG>0.1</RangeKG>
      <AG>0.1</AG>
      <PERC>9.99996752494293</PERC>
      <Alpha>0</Alpha>
      <UZL>83.972893816658882</UZL>
      <K0>0.50464199157168566</K0>
      <K1>0.26469229813383183</K1>
      <K2>0.08694089516809228</K2>
      <MAXBAS>1.1626444243517391</MAXBAS>
      <Cet>0</Cet>
      <PCALT>10</PCALT>
      <TCALT>0.6</TCALT>
      <Pelev>601.5</Pelev>
      <Telev>601.5</Telev>
      <PART>0.5</PART>
      <DELAY>1</DELAY>
    </SubCatchmentParameters>
    <SubCatchmentVegetationZone>
      <SubCatchmentVegetationZoneParameters>
        <TT>-0.83230997732606316</TT>
        <CFMAX>2.091479848121224</CFMAX>
        <SP>0</SP>
        <SFCF>0.72761681300831749</SFCF>
        <CFR>0.0643166507231664</CFR>
        <CWH>0.10000004128260057</CWH>
        <CFGlacier>1</CFGlacier>
        <CFSlope>1</CFSlope>
        <FC>164.74782653570387</FC>
        <LP>0.88249607915967065</LP>
        <BETA>4.6107454807774424</BETA>
      </SubCatchmentVegetationZoneParameters>
    </SubCatchmentVegetationZone>
  </SubCatchment>
</Catchment>