<?xml version="1.0" encoding="utf-8"?>
<Catchment xmlns:xsi="http://www.w3.org/2001/XMLSchema-instance" xmlns:xsd="http://www.w3.org/2001/XMLSchema">
  <CatchmentParameters>
    <KSI>0.001</KSI>
    <KGmin>0.05</KGmin>
    <RangeKG>0.1</RangeKG>
    <AG>0.1</AG>
    <PERC>7.8204914730524981</PERC>
    <Alpha>0</Alpha>
    <UZL>110.13139738528484</UZL>
    <K0>0.82444247337984145</K0>
    <K1>0.18054743716519756</K1>
    <K2>0.049404538227115255</K2>
    <MAXBAS>1.000039169775635</MAXBAS>
    <Cet>0</Cet>
    <PCALT>10</PCALT>
    <TCALT>0.6</TCALT>
    <Pelev>601.5</Pelev>
    <Telev>601.5</Telev>
    <PART>0.5</PART>
    <DELAY>1</DELAY>
  </CatchmentParameters>
  <VegetationZone>
    <VegetationZoneParameters>
      <TT>-0.50000873187811345</TT>
      <CFMAX>2.6335154185039391</CFMAX>
      <SP>0</SP>
      <SFCF>0.80064742418849688</SFCF>
      <CFR>0.055001189976244591</CFR>
      <CWH>0.10593657508255909</CWH>
      <CFGlacier>1</CFGlacier>
      <CFSlope>1</CFSlope>
      <FC>58.771763262365475</FC>
      <LP>0.5688233055919163</LP>
      <BETA>5.9986755424050244</BETA>
    </VegetationZoneParameters>
  </VegetationZone>
  <SubCatchment>
    <SubCatchmentParameters>
      <KSI>0.001</KSI>
      <KGmin>0.05</KGmin>
      <RangeKG>0.1</RangeKG>
      <AG>0.1</AG>
      <PERC>7.8204914730524981</PERC>
      <Alpha>0</Alpha>
      <UZL>110.13139738528484</UZL>
      <K0>0.82444247337984145</K0>
      <K1>0.18054743716519756</K1>
      <K2>0.049404538227115255</K2>
      <MAXBAS>1.000039169775635</MAXBAS>
      <Cet>0</Cet>
      <PCALT>10</PCALT>
      <TCALT>0.6</TCALT>
      <Pelev>601.5</Pelev>
      <Telev>601.5</Telev>
      <PART>0.5</PART>
      <DELAY>1</DELAY>
    </SubCatchmentParameters>
    <SubCatchmentVegetationZone>
      <SubCatchmentVegetationZoneParameters>
        <TT>-0.50000873187811345</TT>
        <CFMAX>2.6335154185039391</CFMAX>
        <SP>0</SP>
        <SFCF>0.80064742418849688</SFCF>
        <CFR>0.055001189976244591</CFR>
        <CWH>0.10593657508255909</CWH>
        <CFGlacier>1</CFGlacier>
        <CFSlope>1</CFSlope>
        <FC>58.771763262365475</FC>
        <LP>0.5688233055919163</LP>
        <BETA>5.9986755424050244</BETA>
      </SubCatchmentVegetationZoneParameters>
    </SubCatchmentVegetationZone>
  </SubCatchment>
</Catchment>