<?xml version="1.0" encoding="utf-8"?>
<Catchment xmlns:xsi="http://www.w3.org/2001/XMLSchema-instance" xmlns:xsd="http://www.w3.org/2001/XMLSchema">
  <CatchmentParameters>
    <KSI>0.001</KSI>
    <KGmin>0.05</KGmin>
    <RangeKG>0.1</RangeKG>
    <AG>0.1</AG>
    <PERC>9.1942233767346142</PERC>
    <Alpha>0</Alpha>
    <UZL>141.57515937952294</UZL>
    <K0>0.5048839258108232</K0>
    <K1>0.28354736086303289</K1>
    <K2>0.089137203505113172</K2>
    <MAXBAS>1.1843712058008988</MAXBAS>
    <Cet>0</Cet>
    <PCALT>10</PCALT>
    <TCALT>0.6</TCALT>
    <Pelev>601.5</Pelev>
    <Telev>601.5</Telev>
    <PART>0.5</PART>
    <DELAY>1</DELAY>
  </CatchmentParameters>
  <VegetationZone>
    <VegetationZoneParameters>
      <TT>-0.50000504892885955</TT>
      <CFMAX>1.9444697288882622</CFMAX>
      <SP>0</SP>
      <SFCF>0.73382071714986263</SFCF>
      <CFR>1.5863914762140861E-08</CFR>
      <CWH>0.1000002067550137</CWH>
      <CFGlacier>1</CFGlacier>
      <CFSlope>1</CFSlope>
      <FC>154.39899408758868</FC>
      <LP>0.80451700296144879</LP>
      <BETA>3.7174178187999871</BETA>
    </VegetationZoneParameters>
  </VegetationZone>
  <SubCatchment>
    <SubCatchmentParameters>
      <KSI>0.001</KSI>
      <KGmin>0.05</KGmin>
      <RangeKG>0.1</RangeKG>
      <AG>0.1</AG>
      <PERC>9.1942233767346142</PERC>
      <Alpha>0</Alpha>
      <UZL>141.57515937952294</UZL>
      <K0>0.5048839258108232</K0>
      <K1>0.28354736086303289</K1>
      <K2>0.089137203505113172</K2>
      <MAXBAS>1.1843712058008988</MAXBAS>
      <Cet>0</Cet>
      <PCALT>10</PCALT>
      <TCALT>0.6</TCALT>
      <Pelev>601.5</Pelev>
      <Telev>601.5</Telev>
      <PART>0.5</PART>
      <DELAY>1</DELAY>
    </SubCatchmentParameters>
    <SubCatchmentVegetationZone>
      <SubCatchmentVegetationZoneParameters>
        <TT>-0.50000504892885955</TT>
        <CFMAX>1.9444697288882622</CFMAX>
        <SP>0</SP>
        <SFCF>0.73382071714986263</SFCF>
        <CFR>1.5863914762140861E-08</CFR>
        <CWH>0.1000002067550137</CWH>
        <CFGlacier>1</CFGlacier>
        <CFSlope>1</CFSlope>
        <FC>154.39899408758868</FC>
        <LP>0.80451700296144879</LP>
        <BETA>3.7174178187999871</BETA>
      </SubCatchmentVegetationZoneParameters>
    </SubCatchmentVegetationZone>
  </SubCatchment>
</Catchment>