<?xml version="1.0" encoding="utf-8"?>
<Catchment xmlns:xsi="http://www.w3.org/2001/XMLSchema-instance" xmlns:xsd="http://www.w3.org/2001/XMLSchema">
  <CatchmentParameters>
    <KSI>0.001</KSI>
    <KGmin>0.05</KGmin>
    <RangeKG>0.1</RangeKG>
    <AG>0.1</AG>
    <PERC>3.5681412208032723</PERC>
    <Alpha>0</Alpha>
    <UZL>82.771668563036741</UZL>
    <K0>0.52522069141617156</K0>
    <K1>0.12811509160185769</K1>
    <K2>0.047953091526473972</K2>
    <MAXBAS>1</MAXBAS>
    <Cet>0</Cet>
    <PCALT>10</PCALT>
    <TCALT>0.6</TCALT>
    <Pelev>601.5</Pelev>
    <Telev>601.5</Telev>
    <PART>0.5</PART>
    <DELAY>1</DELAY>
  </CatchmentParameters>
  <VegetationZone>
    <VegetationZoneParameters>
      <TT>-2.0000054040365205</TT>
      <CFMAX>1.6800541879625071</CFMAX>
      <SP>0</SP>
      <SFCF>0.98243680591939619</SFCF>
      <CFR>0.050229883036490668</CFR>
      <CWH>0.10000000010730945</CWH>
      <CFGlacier>1</CFGlacier>
      <CFSlope>1</CFSlope>
      <FC>130.5802932740302</FC>
      <LP>0.63741837718802552</LP>
      <BETA>5.1157235585214433</BETA>
    </VegetationZoneParameters>
  </VegetationZone>
  <SubCatchment>
    <SubCatchmentParameters>
      <KSI>0.001</KSI>
      <KGmin>0.05</KGmin>
      <RangeKG>0.1</RangeKG>
      <AG>0.1</AG>
      <PERC>3.5681412208032723</PERC>
      <Alpha>0</Alpha>
      <UZL>82.771668563036741</UZL>
      <K0>0.52522069141617156</K0>
      <K1>0.12811509160185769</K1>
      <K2>0.047953091526473972</K2>
      <MAXBAS>1</MAXBAS>
      <Cet>0</Cet>
      <PCALT>10</PCALT>
      <TCALT>0.6</TCALT>
      <Pelev>601.5</Pelev>
      <Telev>601.5</Telev>
      <PART>0.5</PART>
      <DELAY>1</DELAY>
    </SubCatchmentParameters>
    <SubCatchmentVegetationZone>
      <SubCatchmentVegetationZoneParameters>
        <TT>-2.0000054040365205</TT>
        <CFMAX>1.6800541879625071</CFMAX>
        <SP>0</SP>
        <SFCF>0.98243680591939619</SFCF>
        <CFR>0.050229883036490668</CFR>
        <CWH>0.10000000010730945</CWH>
        <CFGlacier>1</CFGlacier>
        <CFSlope>1</CFSlope>
        <FC>130.5802932740302</FC>
        <LP>0.63741837718802552</LP>
        <BETA>5.1157235585214433</BETA>
      </SubCatchmentVegetationZoneParameters>
    </SubCatchmentVegetationZone>
  </SubCatchment>
</Catchment>