<?xml version="1.0" encoding="utf-8"?>
<Catchment xmlns:xsi="http://www.w3.org/2001/XMLSchema-instance" xmlns:xsd="http://www.w3.org/2001/XMLSchema">
  <CatchmentParameters>
    <KSI>0.001</KSI>
    <KGmin>0.05</KGmin>
    <RangeKG>0.1</RangeKG>
    <AG>0.1</AG>
    <PERC>9.356101565753919</PERC>
    <Alpha>0</Alpha>
    <UZL>137.3086941181756</UZL>
    <K0>0.3419032507072533</K0>
    <K1>0.27765123943182929</K1>
    <K2>0.10351394378118671</K2>
    <MAXBAS>1.0502334818591546</MAXBAS>
    <Cet>0</Cet>
    <PCALT>10</PCALT>
    <TCALT>0.6</TCALT>
    <Pelev>601.5</Pelev>
    <Telev>601.5</Telev>
    <PART>0.5</PART>
    <DELAY>1</DELAY>
  </CatchmentParameters>
  <VegetationZone>
    <VegetationZoneParameters>
      <TT>-0.76749104730592266</TT>
      <CFMAX>1.8174058201552263</CFMAX>
      <SP>0</SP>
      <SFCF>0.63650674487317616</SFCF>
      <CFR>0.04922219508114932</CFR>
      <CWH>0.10000006067712028</CWH>
      <CFGlacier>1</CFGlacier>
      <CFSlope>1</CFSlope>
      <FC>202.34675350881943</FC>
      <LP>0.90743987158329664</LP>
      <BETA>4.84425485743951</BETA>
    </VegetationZoneParameters>
  </VegetationZone>
  <SubCatchment>
    <SubCatchmentParameters>
      <KSI>0.001</KSI>
      <KGmin>0.05</KGmin>
      <RangeKG>0.1</RangeKG>
      <AG>0.1</AG>
      <PERC>9.356101565753919</PERC>
      <Alpha>0</Alpha>
      <UZL>137.3086941181756</UZL>
      <K0>0.3419032507072533</K0>
      <K1>0.27765123943182929</K1>
      <K2>0.10351394378118671</K2>
      <MAXBAS>1.0502334818591546</MAXBAS>
      <Cet>0</Cet>
      <PCALT>10</PCALT>
      <TCALT>0.6</TCALT>
      <Pelev>601.5</Pelev>
      <Telev>601.5</Telev>
      <PART>0.5</PART>
      <DELAY>1</DELAY>
    </SubCatchmentParameters>
    <SubCatchmentVegetationZone>
      <SubCatchmentVegetationZoneParameters>
        <TT>-0.76749104730592266</TT>
        <CFMAX>1.8174058201552263</CFMAX>
        <SP>0</SP>
        <SFCF>0.63650674487317616</SFCF>
        <CFR>0.04922219508114932</CFR>
        <CWH>0.10000006067712028</CWH>
        <CFGlacier>1</CFGlacier>
        <CFSlope>1</CFSlope>
        <FC>202.34675350881943</FC>
        <LP>0.90743987158329664</LP>
        <BETA>4.84425485743951</BETA>
      </SubCatchmentVegetationZoneParameters>
    </SubCatchmentVegetationZone>
  </SubCatchment>
</Catchment>