<?xml version="1.0" encoding="utf-8"?>
<Catchment xmlns:xsi="http://www.w3.org/2001/XMLSchema-instance" xmlns:xsd="http://www.w3.org/2001/XMLSchema">
  <CatchmentParameters>
    <KSI>0.001</KSI>
    <KGmin>0.05</KGmin>
    <RangeKG>0.1</RangeKG>
    <AG>0.1</AG>
    <PERC>9.9999335794224784</PERC>
    <Alpha>0</Alpha>
    <UZL>176.8168151089879</UZL>
    <K0>0.46904704926347873</K0>
    <K1>0.28473530264056029</K1>
    <K2>0.0865569772074236</K2>
    <MAXBAS>1.2491184540190707</MAXBAS>
    <Cet>0</Cet>
    <PCALT>10</PCALT>
    <TCALT>0.6</TCALT>
    <Pelev>601.5</Pelev>
    <Telev>601.5</Telev>
    <PART>0.5</PART>
    <DELAY>1</DELAY>
  </CatchmentParameters>
  <VegetationZone>
    <VegetationZoneParameters>
      <TT>-0.799992455400284</TT>
      <CFMAX>2.0742363853770969</CFMAX>
      <SP>0</SP>
      <SFCF>0.71218382849152073</SFCF>
      <CFR>0.064341070747141238</CFR>
      <CWH>0.10000000015314731</CWH>
      <CFGlacier>1</CFGlacier>
      <CFSlope>1</CFSlope>
      <FC>166.07919905776657</FC>
      <LP>0.88474205434562</LP>
      <BETA>4.737138255224326</BETA>
    </VegetationZoneParameters>
  </VegetationZone>
  <SubCatchment>
    <SubCatchmentParameters>
      <KSI>0.001</KSI>
      <KGmin>0.05</KGmin>
      <RangeKG>0.1</RangeKG>
      <AG>0.1</AG>
      <PERC>9.9999335794224784</PERC>
      <Alpha>0</Alpha>
      <UZL>176.8168151089879</UZL>
      <K0>0.46904704926347873</K0>
      <K1>0.28473530264056029</K1>
      <K2>0.0865569772074236</K2>
      <MAXBAS>1.2491184540190707</MAXBAS>
      <Cet>0</Cet>
      <PCALT>10</PCALT>
      <TCALT>0.6</TCALT>
      <Pelev>601.5</Pelev>
      <Telev>601.5</Telev>
      <PART>0.5</PART>
      <DELAY>1</DELAY>
    </SubCatchmentParameters>
    <SubCatchmentVegetationZone>
      <SubCatchmentVegetationZoneParameters>
        <TT>-0.799992455400284</TT>
        <CFMAX>2.0742363853770969</CFMAX>
        <SP>0</SP>
        <SFCF>0.71218382849152073</SFCF>
        <CFR>0.064341070747141238</CFR>
        <CWH>0.10000000015314731</CWH>
        <CFGlacier>1</CFGlacier>
        <CFSlope>1</CFSlope>
        <FC>166.07919905776657</FC>
        <LP>0.88474205434562</LP>
        <BETA>4.737138255224326</BETA>
      </SubCatchmentVegetationZoneParameters>
    </SubCatchmentVegetationZone>
  </SubCatchment>
</Catchment>