<?xml version="1.0" encoding="utf-8"?>
<Catchment xmlns:xsi="http://www.w3.org/2001/XMLSchema-instance" xmlns:xsd="http://www.w3.org/2001/XMLSchema">
  <CatchmentParameters>
    <KSI>0.001</KSI>
    <KGmin>0.05</KGmin>
    <RangeKG>0.1</RangeKG>
    <AG>0.1</AG>
    <PERC>9.934786650450766</PERC>
    <Alpha>0</Alpha>
    <UZL>107.95857095044991</UZL>
    <K0>0.37677404923980373</K0>
    <K1>0.315560230998546</K1>
    <K2>0.090147681635470739</K2>
    <MAXBAS>1.3284880589718939</MAXBAS>
    <Cet>0</Cet>
    <PCALT>10</PCALT>
    <TCALT>0.6</TCALT>
    <Pelev>601.5</Pelev>
    <Telev>601.5</Telev>
    <PART>0.5</PART>
    <DELAY>1</DELAY>
  </CatchmentParameters>
  <VegetationZone>
    <VegetationZoneParameters>
      <TT>-0.70373120690178426</TT>
      <CFMAX>1.9099505072165308</CFMAX>
      <SP>0</SP>
      <SFCF>0.73979663866556955</SFCF>
      <CFR>0.0018683404044471125</CFR>
      <CWH>0.10000000002012992</CWH>
      <CFGlacier>1</CFGlacier>
      <CFSlope>1</CFSlope>
      <FC>108.83809282261693</FC>
      <LP>0.55058141719669251</LP>
      <BETA>2.2335369930250706</BETA>
    </VegetationZoneParameters>
  </VegetationZone>
  <SubCatchment>
    <SubCatchmentParameters>
      <KSI>0.001</KSI>
      <KGmin>0.05</KGmin>
      <RangeKG>0.1</RangeKG>
      <AG>0.1</AG>
      <PERC>9.934786650450766</PERC>
      <Alpha>0</Alpha>
      <UZL>107.95857095044991</UZL>
      <K0>0.37677404923980373</K0>
      <K1>0.315560230998546</K1>
      <K2>0.090147681635470739</K2>
      <MAXBAS>1.3284880589718939</MAXBAS>
      <Cet>0</Cet>
      <PCALT>10</PCALT>
      <TCALT>0.6</TCALT>
      <Pelev>601.5</Pelev>
      <Telev>601.5</Telev>
      <PART>0.5</PART>
      <DELAY>1</DELAY>
    </SubCatchmentParameters>
    <SubCatchmentVegetationZone>
      <SubCatchmentVegetationZoneParameters>
        <TT>-0.70373120690178426</TT>
        <CFMAX>1.9099505072165308</CFMAX>
        <SP>0</SP>
        <SFCF>0.73979663866556955</SFCF>
        <CFR>0.0018683404044471125</CFR>
        <CWH>0.10000000002012992</CWH>
        <CFGlacier>1</CFGlacier>
        <CFSlope>1</CFSlope>
        <FC>108.83809282261693</FC>
        <LP>0.55058141719669251</LP>
        <BETA>2.2335369930250706</BETA>
      </SubCatchmentVegetationZoneParameters>
    </SubCatchmentVegetationZone>
  </SubCatchment>
</Catchment>