<?xml version="1.0" encoding="utf-8"?>
<Catchment xmlns:xsi="http://www.w3.org/2001/XMLSchema-instance" xmlns:xsd="http://www.w3.org/2001/XMLSchema">
  <CatchmentParameters>
    <KSI>0.001</KSI>
    <KGmin>0.05</KGmin>
    <RangeKG>0.1</RangeKG>
    <AG>0.1</AG>
    <PERC>9.5097690081199744</PERC>
    <Alpha>0</Alpha>
    <UZL>56.186269939322152</UZL>
    <K0>0.181928706264403</K0>
    <K1>0.35483668464494994</K1>
    <K2>0.1048742991613877</K2>
    <MAXBAS>1.367519491190923</MAXBAS>
    <Cet>0</Cet>
    <PCALT>10</PCALT>
    <TCALT>0.6</TCALT>
    <Pelev>601.5</Pelev>
    <Telev>601.5</Telev>
    <PART>0.5</PART>
    <DELAY>1</DELAY>
  </CatchmentParameters>
  <VegetationZone>
    <VegetationZoneParameters>
      <TT>-1.0499891330677904</TT>
      <CFMAX>1.5857604643062793</CFMAX>
      <SP>0</SP>
      <SFCF>0.6296868720335661</SFCF>
      <CFR>0.062213638826082995</CFR>
      <CWH>0.10000002092144845</CWH>
      <CFGlacier>1</CFGlacier>
      <CFSlope>1</CFSlope>
      <FC>174.86642080769198</FC>
      <LP>0.83036810243492842</LP>
      <BETA>3.8475932457735733</BETA>
    </VegetationZoneParameters>
  </VegetationZone>
  <SubCatchment>
    <SubCatchmentParameters>
      <KSI>0.001</KSI>
      <KGmin>0.05</KGmin>
      <RangeKG>0.1</RangeKG>
      <AG>0.1</AG>
      <PERC>9.5097690081199744</PERC>
      <Alpha>0</Alpha>
      <UZL>56.186269939322152</UZL>
      <K0>0.181928706264403</K0>
      <K1>0.35483668464494994</K1>
      <K2>0.1048742991613877</K2>
      <MAXBAS>1.367519491190923</MAXBAS>
      <Cet>0</Cet>
      <PCALT>10</PCALT>
      <TCALT>0.6</TCALT>
      <Pelev>601.5</Pelev>
      <Telev>601.5</Telev>
      <PART>0.5</PART>
      <DELAY>1</DELAY>
    </SubCatchmentParameters>
    <SubCatchmentVegetationZone>
      <SubCatchmentVegetationZoneParameters>
        <TT>-1.0499891330677904</TT>
        <CFMAX>1.5857604643062793</CFMAX>
        <SP>0</SP>
        <SFCF>0.6296868720335661</SFCF>
        <CFR>0.062213638826082995</CFR>
        <CWH>0.10000002092144845</CWH>
        <CFGlacier>1</CFGlacier>
        <CFSlope>1</CFSlope>
        <FC>174.86642080769198</FC>
        <LP>0.83036810243492842</LP>
        <BETA>3.8475932457735733</BETA>
      </SubCatchmentVegetationZoneParameters>
    </SubCatchmentVegetationZone>
  </SubCatchment>
</Catchment>