<?xml version="1.0" encoding="utf-8"?>
<Catchment xmlns:xsi="http://www.w3.org/2001/XMLSchema-instance" xmlns:xsd="http://www.w3.org/2001/XMLSchema">
  <CatchmentParameters>
    <KSI>0.001</KSI>
    <KGmin>0.05</KGmin>
    <RangeKG>0.1</RangeKG>
    <AG>0.1</AG>
    <PERC>4.1303099315151766</PERC>
    <Alpha>0</Alpha>
    <UZL>176.07839236269825</UZL>
    <K0>0.50419256212914354</K0>
    <K1>0.14587170434232502</K1>
    <K2>0.042676269725388759</K2>
    <MAXBAS>1.0000590755499645</MAXBAS>
    <Cet>0</Cet>
    <PCALT>10</PCALT>
    <TCALT>0.6</TCALT>
    <Pelev>601.5</Pelev>
    <Telev>601.5</Telev>
    <PART>0.5</PART>
    <DELAY>1</DELAY>
  </CatchmentParameters>
  <VegetationZone>
    <VegetationZoneParameters>
      <TT>0.1999990467068212</TT>
      <CFMAX>3.1765596663329712</CFMAX>
      <SP>0</SP>
      <SFCF>0.70021765232447275</SFCF>
      <CFR>0.041560606989263428</CFR>
      <CWH>0.11171671728923455</CWH>
      <CFGlacier>1</CFGlacier>
      <CFSlope>1</CFSlope>
      <FC>110.77597845077423</FC>
      <LP>0.79159496286908315</LP>
      <BETA>5.0704981846016492</BETA>
    </VegetationZoneParameters>
  </VegetationZone>
  <SubCatchment>
    <SubCatchmentParameters>
      <KSI>0.001</KSI>
      <KGmin>0.05</KGmin>
      <RangeKG>0.1</RangeKG>
      <AG>0.1</AG>
      <PERC>4.1303099315151766</PERC>
      <Alpha>0</Alpha>
      <UZL>176.07839236269825</UZL>
      <K0>0.50419256212914354</K0>
      <K1>0.14587170434232502</K1>
      <K2>0.042676269725388759</K2>
      <MAXBAS>1.0000590755499645</MAXBAS>
      <Cet>0</Cet>
      <PCALT>10</PCALT>
      <TCALT>0.6</TCALT>
      <Pelev>601.5</Pelev>
      <Telev>601.5</Telev>
      <PART>0.5</PART>
      <DELAY>1</DELAY>
    </SubCatchmentParameters>
    <SubCatchmentVegetationZone>
      <SubCatchmentVegetationZoneParameters>
        <TT>0.1999990467068212</TT>
        <CFMAX>3.1765596663329712</CFMAX>
        <SP>0</SP>
        <SFCF>0.70021765232447275</SFCF>
        <CFR>0.041560606989263428</CFR>
        <CWH>0.11171671728923455</CWH>
        <CFGlacier>1</CFGlacier>
        <CFSlope>1</CFSlope>
        <FC>110.77597845077423</FC>
        <LP>0.79159496286908315</LP>
        <BETA>5.0704981846016492</BETA>
      </SubCatchmentVegetationZoneParameters>
    </SubCatchmentVegetationZone>
  </SubCatchment>
</Catchment>