<?xml version="1.0" encoding="utf-8"?>
<Catchment xmlns:xsi="http://www.w3.org/2001/XMLSchema-instance" xmlns:xsd="http://www.w3.org/2001/XMLSchema">
  <CatchmentParameters>
    <KSI>0.001</KSI>
    <KGmin>0.05</KGmin>
    <RangeKG>0.1</RangeKG>
    <AG>0.1</AG>
    <PERC>9.8804730180974989</PERC>
    <Alpha>0</Alpha>
    <UZL>126.7905535280138</UZL>
    <K0>0.42218638024798777</K0>
    <K1>0.26619570660721714</K1>
    <K2>0.092758615690557059</K2>
    <MAXBAS>1.1594300312307708</MAXBAS>
    <Cet>0</Cet>
    <PCALT>10</PCALT>
    <TCALT>0.6</TCALT>
    <Pelev>601.5</Pelev>
    <Telev>601.5</Telev>
    <PART>0.5</PART>
    <DELAY>1</DELAY>
  </CatchmentParameters>
  <VegetationZone>
    <VegetationZoneParameters>
      <TT>-1.15000113916684</TT>
      <CFMAX>1.9176630344189052</CFMAX>
      <SP>0</SP>
      <SFCF>0.75442915520207632</SFCF>
      <CFR>0.06664470859781095</CFR>
      <CWH>0.10000000023213869</CWH>
      <CFGlacier>1</CFGlacier>
      <CFSlope>1</CFSlope>
      <FC>103.25272338057985</FC>
      <LP>0.34784373957178344</LP>
      <BETA>1.5341549039926827</BETA>
    </VegetationZoneParameters>
  </VegetationZone>
  <SubCatchment>
    <SubCatchmentParameters>
      <KSI>0.001</KSI>
      <KGmin>0.05</KGmin>
      <RangeKG>0.1</RangeKG>
      <AG>0.1</AG>
      <PERC>9.8804730180974989</PERC>
      <Alpha>0</Alpha>
      <UZL>126.7905535280138</UZL>
      <K0>0.42218638024798777</K0>
      <K1>0.26619570660721714</K1>
      <K2>0.092758615690557059</K2>
      <MAXBAS>1.1594300312307708</MAXBAS>
      <Cet>0</Cet>
      <PCALT>10</PCALT>
      <TCALT>0.6</TCALT>
      <Pelev>601.5</Pelev>
      <Telev>601.5</Telev>
      <PART>0.5</PART>
      <DELAY>1</DELAY>
    </SubCatchmentParameters>
    <SubCatchmentVegetationZone>
      <SubCatchmentVegetationZoneParameters>
        <TT>-1.15000113916684</TT>
        <CFMAX>1.9176630344189052</CFMAX>
        <SP>0</SP>
        <SFCF>0.75442915520207632</SFCF>
        <CFR>0.06664470859781095</CFR>
        <CWH>0.10000000023213869</CWH>
        <CFGlacier>1</CFGlacier>
        <CFSlope>1</CFSlope>
        <FC>103.25272338057985</FC>
        <LP>0.34784373957178344</LP>
        <BETA>1.5341549039926827</BETA>
      </SubCatchmentVegetationZoneParameters>
    </SubCatchmentVegetationZone>
  </SubCatchment>
</Catchment>