<?xml version="1.0" encoding="utf-8"?>
<Catchment xmlns:xsi="http://www.w3.org/2001/XMLSchema-instance" xmlns:xsd="http://www.w3.org/2001/XMLSchema">
  <CatchmentParameters>
    <KSI>0.001</KSI>
    <KGmin>0.05</KGmin>
    <RangeKG>0.1</RangeKG>
    <AG>0.1</AG>
    <PERC>3.7865044308633173</PERC>
    <Alpha>0</Alpha>
    <UZL>117.32607490219844</UZL>
    <K0>0.60868731404123377</K0>
    <K1>0.1308745334439822</K1>
    <K2>0.048220361315253139</K2>
    <MAXBAS>1</MAXBAS>
    <Cet>0</Cet>
    <PCALT>10</PCALT>
    <TCALT>0.6</TCALT>
    <Pelev>601.5</Pelev>
    <Telev>601.5</Telev>
    <PART>0.5</PART>
    <DELAY>1</DELAY>
  </CatchmentParameters>
  <VegetationZone>
    <VegetationZoneParameters>
      <TT>-1.0713052512881232</TT>
      <CFMAX>2.4503890253470466</CFMAX>
      <SP>0</SP>
      <SFCF>0.94719982146357307</SFCF>
      <CFR>0.024901890367161974</CFR>
      <CWH>0.10000000354765053</CWH>
      <CFGlacier>1</CFGlacier>
      <CFSlope>1</CFSlope>
      <FC>140.48075983007519</FC>
      <LP>0.65339775359407737</LP>
      <BETA>4.85499506603696</BETA>
    </VegetationZoneParameters>
  </VegetationZone>
  <SubCatchment>
    <SubCatchmentParameters>
      <KSI>0.001</KSI>
      <KGmin>0.05</KGmin>
      <RangeKG>0.1</RangeKG>
      <AG>0.1</AG>
      <PERC>3.7865044308633173</PERC>
      <Alpha>0</Alpha>
      <UZL>117.32607490219844</UZL>
      <K0>0.60868731404123377</K0>
      <K1>0.1308745334439822</K1>
      <K2>0.048220361315253139</K2>
      <MAXBAS>1</MAXBAS>
      <Cet>0</Cet>
      <PCALT>10</PCALT>
      <TCALT>0.6</TCALT>
      <Pelev>601.5</Pelev>
      <Telev>601.5</Telev>
      <PART>0.5</PART>
      <DELAY>1</DELAY>
    </SubCatchmentParameters>
    <SubCatchmentVegetationZone>
      <SubCatchmentVegetationZoneParameters>
        <TT>-1.0713052512881232</TT>
        <CFMAX>2.4503890253470466</CFMAX>
        <SP>0</SP>
        <SFCF>0.94719982146357307</SFCF>
        <CFR>0.024901890367161974</CFR>
        <CWH>0.10000000354765053</CWH>
        <CFGlacier>1</CFGlacier>
        <CFSlope>1</CFSlope>
        <FC>140.48075983007519</FC>
        <LP>0.65339775359407737</LP>
        <BETA>4.85499506603696</BETA>
      </SubCatchmentVegetationZoneParameters>
    </SubCatchmentVegetationZone>
  </SubCatchment>
</Catchment>