<?xml version="1.0" encoding="utf-8"?>
<Catchment xmlns:xsi="http://www.w3.org/2001/XMLSchema-instance" xmlns:xsd="http://www.w3.org/2001/XMLSchema">
  <CatchmentParameters>
    <KSI>0.001</KSI>
    <KGmin>0.05</KGmin>
    <RangeKG>0.1</RangeKG>
    <AG>0.1</AG>
    <PERC>4.7280492754448957</PERC>
    <Alpha>0</Alpha>
    <UZL>73.588923861534028</UZL>
    <K0>0.49070298027744574</K0>
    <K1>0.1394898767204929</K1>
    <K2>0.049501445053745367</K2>
    <MAXBAS>1</MAXBAS>
    <Cet>0</Cet>
    <PCALT>10</PCALT>
    <TCALT>0.6</TCALT>
    <Pelev>601.5</Pelev>
    <Telev>601.5</Telev>
    <PART>0.5</PART>
    <DELAY>1</DELAY>
  </CatchmentParameters>
  <VegetationZone>
    <VegetationZoneParameters>
      <TT>-1.8500011842127475</TT>
      <CFMAX>1.7803272581348089</CFMAX>
      <SP>0</SP>
      <SFCF>0.94634722387259473</SFCF>
      <CFR>0.059577082423880871</CFR>
      <CWH>0.10000004936655367</CWH>
      <CFGlacier>1</CFGlacier>
      <CFSlope>1</CFSlope>
      <FC>133.20521404385255</FC>
      <LP>0.68428988754859432</LP>
      <BETA>5.64313229979792</BETA>
    </VegetationZoneParameters>
  </VegetationZone>
  <SubCatchment>
    <SubCatchmentParameters>
      <KSI>0.001</KSI>
      <KGmin>0.05</KGmin>
      <RangeKG>0.1</RangeKG>
      <AG>0.1</AG>
      <PERC>4.7280492754448957</PERC>
      <Alpha>0</Alpha>
      <UZL>73.588923861534028</UZL>
      <K0>0.49070298027744574</K0>
      <K1>0.1394898767204929</K1>
      <K2>0.049501445053745367</K2>
      <MAXBAS>1</MAXBAS>
      <Cet>0</Cet>
      <PCALT>10</PCALT>
      <TCALT>0.6</TCALT>
      <Pelev>601.5</Pelev>
      <Telev>601.5</Telev>
      <PART>0.5</PART>
      <DELAY>1</DELAY>
    </SubCatchmentParameters>
    <SubCatchmentVegetationZone>
      <SubCatchmentVegetationZoneParameters>
        <TT>-1.8500011842127475</TT>
        <CFMAX>1.7803272581348089</CFMAX>
        <SP>0</SP>
        <SFCF>0.94634722387259473</SFCF>
        <CFR>0.059577082423880871</CFR>
        <CWH>0.10000004936655367</CWH>
        <CFGlacier>1</CFGlacier>
        <CFSlope>1</CFSlope>
        <FC>133.20521404385255</FC>
        <LP>0.68428988754859432</LP>
        <BETA>5.64313229979792</BETA>
      </SubCatchmentVegetationZoneParameters>
    </SubCatchmentVegetationZone>
  </SubCatchment>
</Catchment>