<?xml version="1.0" encoding="utf-8"?>
<Catchment xmlns:xsi="http://www.w3.org/2001/XMLSchema-instance" xmlns:xsd="http://www.w3.org/2001/XMLSchema">
  <CatchmentParameters>
    <KSI>0.001</KSI>
    <KGmin>0.05</KGmin>
    <RangeKG>0.1</RangeKG>
    <AG>0.1</AG>
    <PERC>5.6420911549486155</PERC>
    <Alpha>0</Alpha>
    <UZL>123.34349991032322</UZL>
    <K0>0.27745889579006106</K0>
    <K1>0.16515952097665729</K1>
    <K2>0.044540455809660318</K2>
    <MAXBAS>1.000019502586126</MAXBAS>
    <Cet>0</Cet>
    <PCALT>10</PCALT>
    <TCALT>0.6</TCALT>
    <Pelev>601.5</Pelev>
    <Telev>601.5</Telev>
    <PART>0.5</PART>
    <DELAY>1</DELAY>
  </CatchmentParameters>
  <VegetationZone>
    <VegetationZoneParameters>
      <TT>-0.99413380061289225</TT>
      <CFMAX>2.3289984471072773</CFMAX>
      <SP>0</SP>
      <SFCF>0.84409925512246287</SFCF>
      <CFR>0.065404081082814008</CFR>
      <CWH>0.10000000023282396</CWH>
      <CFGlacier>1</CFGlacier>
      <CFSlope>1</CFSlope>
      <FC>75.944391843755724</FC>
      <LP>0.50119459312888515</LP>
      <BETA>2.9495825464581618</BETA>
    </VegetationZoneParameters>
  </VegetationZone>
  <SubCatchment>
    <SubCatchmentParameters>
      <KSI>0.001</KSI>
      <KGmin>0.05</KGmin>
      <RangeKG>0.1</RangeKG>
      <AG>0.1</AG>
      <PERC>5.6420911549486155</PERC>
      <Alpha>0</Alpha>
      <UZL>123.34349991032322</UZL>
      <K0>0.27745889579006106</K0>
      <K1>0.16515952097665729</K1>
      <K2>0.044540455809660318</K2>
      <MAXBAS>1.000019502586126</MAXBAS>
      <Cet>0</Cet>
      <PCALT>10</PCALT>
      <TCALT>0.6</TCALT>
      <Pelev>601.5</Pelev>
      <Telev>601.5</Telev>
      <PART>0.5</PART>
      <DELAY>1</DELAY>
    </SubCatchmentParameters>
    <SubCatchmentVegetationZone>
      <SubCatchmentVegetationZoneParameters>
        <TT>-0.99413380061289225</TT>
        <CFMAX>2.3289984471072773</CFMAX>
        <SP>0</SP>
        <SFCF>0.84409925512246287</SFCF>
        <CFR>0.065404081082814008</CFR>
        <CWH>0.10000000023282396</CWH>
        <CFGlacier>1</CFGlacier>
        <CFSlope>1</CFSlope>
        <FC>75.944391843755724</FC>
        <LP>0.50119459312888515</LP>
        <BETA>2.9495825464581618</BETA>
      </SubCatchmentVegetationZoneParameters>
    </SubCatchmentVegetationZone>
  </SubCatchment>
</Catchment>