<?xml version="1.0" encoding="utf-8"?>
<Catchment xmlns:xsi="http://www.w3.org/2001/XMLSchema-instance" xmlns:xsd="http://www.w3.org/2001/XMLSchema">
  <CatchmentParameters>
    <KSI>0.001</KSI>
    <KGmin>0.05</KGmin>
    <RangeKG>0.1</RangeKG>
    <AG>0.1</AG>
    <PERC>9.6377994809143139</PERC>
    <Alpha>0</Alpha>
    <UZL>98.010278004443833</UZL>
    <K0>0.5459966002686828</K0>
    <K1>0.2287131471215002</K1>
    <K2>0.069650110763750786</K2>
    <MAXBAS>1.004984506792479</MAXBAS>
    <Cet>0</Cet>
    <PCALT>10</PCALT>
    <TCALT>0.6</TCALT>
    <Pelev>601.5</Pelev>
    <Telev>601.5</Telev>
    <PART>0.5</PART>
    <DELAY>1</DELAY>
  </CatchmentParameters>
  <VegetationZone>
    <VegetationZoneParameters>
      <TT>-0.76179492422817119</TT>
      <CFMAX>2.2748158511439462</CFMAX>
      <SP>0</SP>
      <SFCF>0.789734964028361</SFCF>
      <CFR>0.047756238277209234</CFR>
      <CWH>0.10000006233030162</CWH>
      <CFGlacier>1</CFGlacier>
      <CFSlope>1</CFSlope>
      <FC>123.88257897185584</FC>
      <LP>0.85224169865597887</LP>
      <BETA>5.3518289437754474</BETA>
    </VegetationZoneParameters>
  </VegetationZone>
  <SubCatchment>
    <SubCatchmentParameters>
      <KSI>0.001</KSI>
      <KGmin>0.05</KGmin>
      <RangeKG>0.1</RangeKG>
      <AG>0.1</AG>
      <PERC>9.6377994809143139</PERC>
      <Alpha>0</Alpha>
      <UZL>98.010278004443833</UZL>
      <K0>0.5459966002686828</K0>
      <K1>0.2287131471215002</K1>
      <K2>0.069650110763750786</K2>
      <MAXBAS>1.004984506792479</MAXBAS>
      <Cet>0</Cet>
      <PCALT>10</PCALT>
      <TCALT>0.6</TCALT>
      <Pelev>601.5</Pelev>
      <Telev>601.5</Telev>
      <PART>0.5</PART>
      <DELAY>1</DELAY>
    </SubCatchmentParameters>
    <SubCatchmentVegetationZone>
      <SubCatchmentVegetationZoneParameters>
        <TT>-0.76179492422817119</TT>
        <CFMAX>2.2748158511439462</CFMAX>
        <SP>0</SP>
        <SFCF>0.789734964028361</SFCF>
        <CFR>0.047756238277209234</CFR>
        <CWH>0.10000006233030162</CWH>
        <CFGlacier>1</CFGlacier>
        <CFSlope>1</CFSlope>
        <FC>123.88257897185584</FC>
        <LP>0.85224169865597887</LP>
        <BETA>5.3518289437754474</BETA>
      </SubCatchmentVegetationZoneParameters>
    </SubCatchmentVegetationZone>
  </SubCatchment>
</Catchment>