<?xml version="1.0" encoding="utf-8"?>
<Catchment xmlns:xsi="http://www.w3.org/2001/XMLSchema-instance" xmlns:xsd="http://www.w3.org/2001/XMLSchema">
  <CatchmentParameters>
    <KSI>0.001</KSI>
    <KGmin>0.05</KGmin>
    <RangeKG>0.1</RangeKG>
    <AG>0.1</AG>
    <PERC>2.3920275176845176</PERC>
    <Alpha>0</Alpha>
    <UZL>85.238367567611022</UZL>
    <K0>0.3191276085768765</K0>
    <K1>0.10254141036241257</K1>
    <K2>0.043394670875984136</K2>
    <MAXBAS>1</MAXBAS>
    <Cet>0</Cet>
    <PCALT>10</PCALT>
    <TCALT>0.6</TCALT>
    <Pelev>601.5</Pelev>
    <Telev>601.5</Telev>
    <PART>0.5</PART>
    <DELAY>1</DELAY>
  </CatchmentParameters>
  <VegetationZone>
    <VegetationZoneParameters>
      <TT>-1.8500010829778371</TT>
      <CFMAX>1.8050449105468238</CFMAX>
      <SP>0</SP>
      <SFCF>0.96485395670659391</SFCF>
      <CFR>0.057184193921757186</CFR>
      <CWH>0.10000002502975831</CWH>
      <CFGlacier>1</CFGlacier>
      <CFSlope>1</CFSlope>
      <FC>135.37685195361027</FC>
      <LP>0.64178309326759964</LP>
      <BETA>5.3015919935879481</BETA>
    </VegetationZoneParameters>
  </VegetationZone>
  <SubCatchment>
    <SubCatchmentParameters>
      <KSI>0.001</KSI>
      <KGmin>0.05</KGmin>
      <RangeKG>0.1</RangeKG>
      <AG>0.1</AG>
      <PERC>2.3920275176845176</PERC>
      <Alpha>0</Alpha>
      <UZL>85.238367567611022</UZL>
      <K0>0.3191276085768765</K0>
      <K1>0.10254141036241257</K1>
      <K2>0.043394670875984136</K2>
      <MAXBAS>1</MAXBAS>
      <Cet>0</Cet>
      <PCALT>10</PCALT>
      <TCALT>0.6</TCALT>
      <Pelev>601.5</Pelev>
      <Telev>601.5</Telev>
      <PART>0.5</PART>
      <DELAY>1</DELAY>
    </SubCatchmentParameters>
    <SubCatchmentVegetationZone>
      <SubCatchmentVegetationZoneParameters>
        <TT>-1.8500010829778371</TT>
        <CFMAX>1.8050449105468238</CFMAX>
        <SP>0</SP>
        <SFCF>0.96485395670659391</SFCF>
        <CFR>0.057184193921757186</CFR>
        <CWH>0.10000002502975831</CWH>
        <CFGlacier>1</CFGlacier>
        <CFSlope>1</CFSlope>
        <FC>135.37685195361027</FC>
        <LP>0.64178309326759964</LP>
        <BETA>5.3015919935879481</BETA>
      </SubCatchmentVegetationZoneParameters>
    </SubCatchmentVegetationZone>
  </SubCatchment>
</Catchment>