<?xml version="1.0" encoding="utf-8"?>
<Catchment xmlns:xsi="http://www.w3.org/2001/XMLSchema-instance" xmlns:xsd="http://www.w3.org/2001/XMLSchema">
  <CatchmentParameters>
    <KSI>0.001</KSI>
    <KGmin>0.05</KGmin>
    <RangeKG>0.1</RangeKG>
    <AG>0.1</AG>
    <PERC>5.1088049168620664</PERC>
    <Alpha>0</Alpha>
    <UZL>147.73662147823882</UZL>
    <K0>0.50152340177304322</K0>
    <K1>0.19379783102218554</K1>
    <K2>0.0744360663938258</K2>
    <MAXBAS>1.0000056282126582</MAXBAS>
    <Cet>0</Cet>
    <PCALT>10</PCALT>
    <TCALT>0.6</TCALT>
    <Pelev>601.5</Pelev>
    <Telev>601.5</Telev>
    <PART>0.5</PART>
    <DELAY>1</DELAY>
  </CatchmentParameters>
  <VegetationZone>
    <VegetationZoneParameters>
      <TT>0.88033717746371631</TT>
      <CFMAX>3.1617008778891917</CFMAX>
      <SP>0</SP>
      <SFCF>0.56479282410418929</SFCF>
      <CFR>0.016753377468231578</CFR>
      <CWH>0.10000011470512944</CWH>
      <CFGlacier>1</CFGlacier>
      <CFSlope>1</CFSlope>
      <FC>162.2989232668314</FC>
      <LP>0.84989829365828973</LP>
      <BETA>4.0901820299648151</BETA>
    </VegetationZoneParameters>
  </VegetationZone>
  <SubCatchment>
    <SubCatchmentParameters>
      <KSI>0.001</KSI>
      <KGmin>0.05</KGmin>
      <RangeKG>0.1</RangeKG>
      <AG>0.1</AG>
      <PERC>5.1088049168620664</PERC>
      <Alpha>0</Alpha>
      <UZL>147.73662147823882</UZL>
      <K0>0.50152340177304322</K0>
      <K1>0.19379783102218554</K1>
      <K2>0.0744360663938258</K2>
      <MAXBAS>1.0000056282126582</MAXBAS>
      <Cet>0</Cet>
      <PCALT>10</PCALT>
      <TCALT>0.6</TCALT>
      <Pelev>601.5</Pelev>
      <Telev>601.5</Telev>
      <PART>0.5</PART>
      <DELAY>1</DELAY>
    </SubCatchmentParameters>
    <SubCatchmentVegetationZone>
      <SubCatchmentVegetationZoneParameters>
        <TT>0.88033717746371631</TT>
        <CFMAX>3.1617008778891917</CFMAX>
        <SP>0</SP>
        <SFCF>0.56479282410418929</SFCF>
        <CFR>0.016753377468231578</CFR>
        <CWH>0.10000011470512944</CWH>
        <CFGlacier>1</CFGlacier>
        <CFSlope>1</CFSlope>
        <FC>162.2989232668314</FC>
        <LP>0.84989829365828973</LP>
        <BETA>4.0901820299648151</BETA>
      </SubCatchmentVegetationZoneParameters>
    </SubCatchmentVegetationZone>
  </SubCatchment>
</Catchment>