<?xml version="1.0" encoding="utf-8"?>
<Catchment xmlns:xsi="http://www.w3.org/2001/XMLSchema-instance" xmlns:xsd="http://www.w3.org/2001/XMLSchema">
  <CatchmentParameters>
    <KSI>0.001</KSI>
    <KGmin>0.05</KGmin>
    <RangeKG>0.1</RangeKG>
    <AG>0.1</AG>
    <PERC>4.0778849459157112</PERC>
    <Alpha>0</Alpha>
    <UZL>199.87083238089079</UZL>
    <K0>0.11649039407957372</K0>
    <K1>0.16011967800710372</K1>
    <K2>0.047295378835589895</K2>
    <MAXBAS>1.0000039596885129</MAXBAS>
    <Cet>0</Cet>
    <PCALT>10</PCALT>
    <TCALT>0.6</TCALT>
    <Pelev>601.5</Pelev>
    <Telev>601.5</Telev>
    <PART>0.5</PART>
    <DELAY>1</DELAY>
  </CatchmentParameters>
  <VegetationZone>
    <VegetationZoneParameters>
      <TT>0.149996901680862</TT>
      <CFMAX>2.9258083200716296</CFMAX>
      <SP>0</SP>
      <SFCF>0.69239520801445953</SFCF>
      <CFR>0.035397960260891773</CFR>
      <CWH>0.1000023286344853</CWH>
      <CFGlacier>1</CFGlacier>
      <CFSlope>1</CFSlope>
      <FC>133.43097320900861</FC>
      <LP>0.82940098833232023</LP>
      <BETA>4.6527154800826827</BETA>
    </VegetationZoneParameters>
  </VegetationZone>
  <SubCatchment>
    <SubCatchmentParameters>
      <KSI>0.001</KSI>
      <KGmin>0.05</KGmin>
      <RangeKG>0.1</RangeKG>
      <AG>0.1</AG>
      <PERC>4.0778849459157112</PERC>
      <Alpha>0</Alpha>
      <UZL>199.87083238089079</UZL>
      <K0>0.11649039407957372</K0>
      <K1>0.16011967800710372</K1>
      <K2>0.047295378835589895</K2>
      <MAXBAS>1.0000039596885129</MAXBAS>
      <Cet>0</Cet>
      <PCALT>10</PCALT>
      <TCALT>0.6</TCALT>
      <Pelev>601.5</Pelev>
      <Telev>601.5</Telev>
      <PART>0.5</PART>
      <DELAY>1</DELAY>
    </SubCatchmentParameters>
    <SubCatchmentVegetationZone>
      <SubCatchmentVegetationZoneParameters>
        <TT>0.149996901680862</TT>
        <CFMAX>2.9258083200716296</CFMAX>
        <SP>0</SP>
        <SFCF>0.69239520801445953</SFCF>
        <CFR>0.035397960260891773</CFR>
        <CWH>0.1000023286344853</CWH>
        <CFGlacier>1</CFGlacier>
        <CFSlope>1</CFSlope>
        <FC>133.43097320900861</FC>
        <LP>0.82940098833232023</LP>
        <BETA>4.6527154800826827</BETA>
      </SubCatchmentVegetationZoneParameters>
    </SubCatchmentVegetationZone>
  </SubCatchment>
</Catchment>