<?xml version="1.0" encoding="utf-8"?>
<Catchment xmlns:xsi="http://www.w3.org/2001/XMLSchema-instance" xmlns:xsd="http://www.w3.org/2001/XMLSchema">
  <CatchmentParameters>
    <KSI>0.001</KSI>
    <KGmin>0.05</KGmin>
    <RangeKG>0.1</RangeKG>
    <AG>0.1</AG>
    <PERC>9.9999707445611854</PERC>
    <Alpha>0</Alpha>
    <UZL>158.44836517946055</UZL>
    <K0>0.60669289570784735</K0>
    <K1>0.306160754465778</K1>
    <K2>0.081404157862978443</K2>
    <MAXBAS>1.3548509910929316</MAXBAS>
    <Cet>0</Cet>
    <PCALT>10</PCALT>
    <TCALT>0.6</TCALT>
    <Pelev>601.5</Pelev>
    <Telev>601.5</Telev>
    <PART>0.5</PART>
    <DELAY>1</DELAY>
  </CatchmentParameters>
  <VegetationZone>
    <VegetationZoneParameters>
      <TT>-1.0899003668396736</TT>
      <CFMAX>1.9542149048738233</CFMAX>
      <SP>0</SP>
      <SFCF>0.75830992561852129</SFCF>
      <CFR>0.054823218580277985</CFR>
      <CWH>0.10000000000181607</CWH>
      <CFGlacier>1</CFGlacier>
      <CFSlope>1</CFSlope>
      <FC>134.86965610252346</FC>
      <LP>0.78760292025085588</LP>
      <BETA>3.707400409762073</BETA>
    </VegetationZoneParameters>
  </VegetationZone>
  <SubCatchment>
    <SubCatchmentParameters>
      <KSI>0.001</KSI>
      <KGmin>0.05</KGmin>
      <RangeKG>0.1</RangeKG>
      <AG>0.1</AG>
      <PERC>9.9999707445611854</PERC>
      <Alpha>0</Alpha>
      <UZL>158.44836517946055</UZL>
      <K0>0.60669289570784735</K0>
      <K1>0.306160754465778</K1>
      <K2>0.081404157862978443</K2>
      <MAXBAS>1.3548509910929316</MAXBAS>
      <Cet>0</Cet>
      <PCALT>10</PCALT>
      <TCALT>0.6</TCALT>
      <Pelev>601.5</Pelev>
      <Telev>601.5</Telev>
      <PART>0.5</PART>
      <DELAY>1</DELAY>
    </SubCatchmentParameters>
    <SubCatchmentVegetationZone>
      <SubCatchmentVegetationZoneParameters>
        <TT>-1.0899003668396736</TT>
        <CFMAX>1.9542149048738233</CFMAX>
        <SP>0</SP>
        <SFCF>0.75830992561852129</SFCF>
        <CFR>0.054823218580277985</CFR>
        <CWH>0.10000000000181607</CWH>
        <CFGlacier>1</CFGlacier>
        <CFSlope>1</CFSlope>
        <FC>134.86965610252346</FC>
        <LP>0.78760292025085588</LP>
        <BETA>3.707400409762073</BETA>
      </SubCatchmentVegetationZoneParameters>
    </SubCatchmentVegetationZone>
  </SubCatchment>
</Catchment>