<?xml version="1.0" encoding="utf-8"?>
<Catchment xmlns:xsi="http://www.w3.org/2001/XMLSchema-instance" xmlns:xsd="http://www.w3.org/2001/XMLSchema">
  <CatchmentParameters>
    <KSI>0.001</KSI>
    <KGmin>0.05</KGmin>
    <RangeKG>0.1</RangeKG>
    <AG>0.1</AG>
    <PERC>4.6646629094520522</PERC>
    <Alpha>0</Alpha>
    <UZL>43.319546719406482</UZL>
    <K0>0.32769775108599186</K0>
    <K1>0.13626268066597111</K1>
    <K2>0.052729700376156409</K2>
    <MAXBAS>1</MAXBAS>
    <Cet>0</Cet>
    <PCALT>10</PCALT>
    <TCALT>0.6</TCALT>
    <Pelev>601.5</Pelev>
    <Telev>601.5</Telev>
    <PART>0.5</PART>
    <DELAY>1</DELAY>
  </CatchmentParameters>
  <VegetationZone>
    <VegetationZoneParameters>
      <TT>-1.8500033915547631</TT>
      <CFMAX>1.4757288212284223</CFMAX>
      <SP>0</SP>
      <SFCF>0.88641302803748823</SFCF>
      <CFR>0.02464244321151118</CFR>
      <CWH>0.10000000010554341</CWH>
      <CFGlacier>1</CFGlacier>
      <CFSlope>1</CFSlope>
      <FC>111.7805650013904</FC>
      <LP>0.67974252880162633</LP>
      <BETA>5.0997370651431613</BETA>
    </VegetationZoneParameters>
  </VegetationZone>
  <SubCatchment>
    <SubCatchmentParameters>
      <KSI>0.001</KSI>
      <KGmin>0.05</KGmin>
      <RangeKG>0.1</RangeKG>
      <AG>0.1</AG>
      <PERC>4.6646629094520522</PERC>
      <Alpha>0</Alpha>
      <UZL>43.319546719406482</UZL>
      <K0>0.32769775108599186</K0>
      <K1>0.13626268066597111</K1>
      <K2>0.052729700376156409</K2>
      <MAXBAS>1</MAXBAS>
      <Cet>0</Cet>
      <PCALT>10</PCALT>
      <TCALT>0.6</TCALT>
      <Pelev>601.5</Pelev>
      <Telev>601.5</Telev>
      <PART>0.5</PART>
      <DELAY>1</DELAY>
    </SubCatchmentParameters>
    <SubCatchmentVegetationZone>
      <SubCatchmentVegetationZoneParameters>
        <TT>-1.8500033915547631</TT>
        <CFMAX>1.4757288212284223</CFMAX>
        <SP>0</SP>
        <SFCF>0.88641302803748823</SFCF>
        <CFR>0.02464244321151118</CFR>
        <CWH>0.10000000010554341</CWH>
        <CFGlacier>1</CFGlacier>
        <CFSlope>1</CFSlope>
        <FC>111.7805650013904</FC>
        <LP>0.67974252880162633</LP>
        <BETA>5.0997370651431613</BETA>
      </SubCatchmentVegetationZoneParameters>
    </SubCatchmentVegetationZone>
  </SubCatchment>
</Catchment>