<?xml version="1.0" encoding="utf-8"?>
<Catchment xmlns:xsi="http://www.w3.org/2001/XMLSchema-instance" xmlns:xsd="http://www.w3.org/2001/XMLSchema">
  <CatchmentParameters>
    <KSI>0.001</KSI>
    <KGmin>0.05</KGmin>
    <RangeKG>0.1</RangeKG>
    <AG>0.1</AG>
    <PERC>6.5822544170519812</PERC>
    <Alpha>0</Alpha>
    <UZL>138.25705997894647</UZL>
    <K0>0.35335158134800781</K0>
    <K1>0.16484924379769755</K1>
    <K2>0.044366509327202146</K2>
    <MAXBAS>1.0000096809051693</MAXBAS>
    <Cet>0</Cet>
    <PCALT>10</PCALT>
    <TCALT>0.6</TCALT>
    <Pelev>601.5</Pelev>
    <Telev>601.5</Telev>
    <PART>0.5</PART>
    <DELAY>1</DELAY>
  </CatchmentParameters>
  <VegetationZone>
    <VegetationZoneParameters>
      <TT>-0.93702925652561864</TT>
      <CFMAX>2.4473884577342853</CFMAX>
      <SP>0</SP>
      <SFCF>0.85359118523384958</SFCF>
      <CFR>0.0718066034906617</CFR>
      <CWH>0.10735256737978968</CWH>
      <CFGlacier>1</CFGlacier>
      <CFSlope>1</CFSlope>
      <FC>59.048360108027325</FC>
      <LP>0.56702185349571543</LP>
      <BETA>3.8628059695152919</BETA>
    </VegetationZoneParameters>
  </VegetationZone>
  <SubCatchment>
    <SubCatchmentParameters>
      <KSI>0.001</KSI>
      <KGmin>0.05</KGmin>
      <RangeKG>0.1</RangeKG>
      <AG>0.1</AG>
      <PERC>6.5822544170519812</PERC>
      <Alpha>0</Alpha>
      <UZL>138.25705997894647</UZL>
      <K0>0.35335158134800781</K0>
      <K1>0.16484924379769755</K1>
      <K2>0.044366509327202146</K2>
      <MAXBAS>1.0000096809051693</MAXBAS>
      <Cet>0</Cet>
      <PCALT>10</PCALT>
      <TCALT>0.6</TCALT>
      <Pelev>601.5</Pelev>
      <Telev>601.5</Telev>
      <PART>0.5</PART>
      <DELAY>1</DELAY>
    </SubCatchmentParameters>
    <SubCatchmentVegetationZone>
      <SubCatchmentVegetationZoneParameters>
        <TT>-0.93702925652561864</TT>
        <CFMAX>2.4473884577342853</CFMAX>
        <SP>0</SP>
        <SFCF>0.85359118523384958</SFCF>
        <CFR>0.0718066034906617</CFR>
        <CWH>0.10735256737978968</CWH>
        <CFGlacier>1</CFGlacier>
        <CFSlope>1</CFSlope>
        <FC>59.048360108027325</FC>
        <LP>0.56702185349571543</LP>
        <BETA>3.8628059695152919</BETA>
      </SubCatchmentVegetationZoneParameters>
    </SubCatchmentVegetationZone>
  </SubCatchment>
</Catchment>