<?xml version="1.0" encoding="utf-8"?>
<Catchment xmlns:xsi="http://www.w3.org/2001/XMLSchema-instance" xmlns:xsd="http://www.w3.org/2001/XMLSchema">
  <CatchmentParameters>
    <KSI>0.001</KSI>
    <KGmin>0.05</KGmin>
    <RangeKG>0.1</RangeKG>
    <AG>0.1</AG>
    <PERC>6.3834216870084166</PERC>
    <Alpha>0</Alpha>
    <UZL>136.43535171418355</UZL>
    <K0>0.32586203244226447</K0>
    <K1>0.19225188057340689</K1>
    <K2>0.06174573920311964</K2>
    <MAXBAS>1.00007054132934</MAXBAS>
    <Cet>0</Cet>
    <PCALT>10</PCALT>
    <TCALT>0.6</TCALT>
    <Pelev>601.5</Pelev>
    <Telev>601.5</Telev>
    <PART>0.5</PART>
    <DELAY>1</DELAY>
  </CatchmentParameters>
  <VegetationZone>
    <VegetationZoneParameters>
      <TT>-0.50077526460302624</TT>
      <CFMAX>2.3320237453034647</CFMAX>
      <SP>0</SP>
      <SFCF>0.752674951128332</SFCF>
      <CFR>0.028411316381024978</CFR>
      <CWH>0.1000001145748002</CWH>
      <CFGlacier>1</CFGlacier>
      <CFSlope>1</CFSlope>
      <FC>124.28429572130368</FC>
      <LP>0.763086279479828</LP>
      <BETA>3.6821020667067876</BETA>
    </VegetationZoneParameters>
  </VegetationZone>
  <SubCatchment>
    <SubCatchmentParameters>
      <KSI>0.001</KSI>
      <KGmin>0.05</KGmin>
      <RangeKG>0.1</RangeKG>
      <AG>0.1</AG>
      <PERC>6.3834216870084166</PERC>
      <Alpha>0</Alpha>
      <UZL>136.43535171418355</UZL>
      <K0>0.32586203244226447</K0>
      <K1>0.19225188057340689</K1>
      <K2>0.06174573920311964</K2>
      <MAXBAS>1.00007054132934</MAXBAS>
      <Cet>0</Cet>
      <PCALT>10</PCALT>
      <TCALT>0.6</TCALT>
      <Pelev>601.5</Pelev>
      <Telev>601.5</Telev>
      <PART>0.5</PART>
      <DELAY>1</DELAY>
    </SubCatchmentParameters>
    <SubCatchmentVegetationZone>
      <SubCatchmentVegetationZoneParameters>
        <TT>-0.50077526460302624</TT>
        <CFMAX>2.3320237453034647</CFMAX>
        <SP>0</SP>
        <SFCF>0.752674951128332</SFCF>
        <CFR>0.028411316381024978</CFR>
        <CWH>0.1000001145748002</CWH>
        <CFGlacier>1</CFGlacier>
        <CFSlope>1</CFSlope>
        <FC>124.28429572130368</FC>
        <LP>0.763086279479828</LP>
        <BETA>3.6821020667067876</BETA>
      </SubCatchmentVegetationZoneParameters>
    </SubCatchmentVegetationZone>
  </SubCatchment>
</Catchment>