<?xml version="1.0" encoding="utf-8"?>
<Catchment xmlns:xsi="http://www.w3.org/2001/XMLSchema-instance" xmlns:xsd="http://www.w3.org/2001/XMLSchema">
  <CatchmentParameters>
    <KSI>0.001</KSI>
    <KGmin>0.05</KGmin>
    <RangeKG>0.1</RangeKG>
    <AG>0.1</AG>
    <PERC>5.9988725842800354</PERC>
    <Alpha>0</Alpha>
    <UZL>58.556535837500391</UZL>
    <K0>0.98998020824852473</K0>
    <K1>0.18805610450846508</K1>
    <K2>0.05466935838612056</K2>
    <MAXBAS>1</MAXBAS>
    <Cet>0</Cet>
    <PCALT>10</PCALT>
    <TCALT>0.6</TCALT>
    <Pelev>601.5</Pelev>
    <Telev>601.5</Telev>
    <PART>0.5</PART>
    <DELAY>1</DELAY>
  </CatchmentParameters>
  <VegetationZone>
    <VegetationZoneParameters>
      <TT>-1.8500006831192617</TT>
      <CFMAX>1.6098452787558601</CFMAX>
      <SP>0</SP>
      <SFCF>0.93763753104267866</SFCF>
      <CFR>0.036727909675787526</CFR>
      <CWH>0.10000021825986755</CWH>
      <CFGlacier>1</CFGlacier>
      <CFSlope>1</CFSlope>
      <FC>150.56282007154078</FC>
      <LP>0.711256471292377</LP>
      <BETA>5.5306633003486443</BETA>
    </VegetationZoneParameters>
  </VegetationZone>
  <SubCatchment>
    <SubCatchmentParameters>
      <KSI>0.001</KSI>
      <KGmin>0.05</KGmin>
      <RangeKG>0.1</RangeKG>
      <AG>0.1</AG>
      <PERC>5.9988725842800354</PERC>
      <Alpha>0</Alpha>
      <UZL>58.556535837500391</UZL>
      <K0>0.98998020824852473</K0>
      <K1>0.18805610450846508</K1>
      <K2>0.05466935838612056</K2>
      <MAXBAS>1</MAXBAS>
      <Cet>0</Cet>
      <PCALT>10</PCALT>
      <TCALT>0.6</TCALT>
      <Pelev>601.5</Pelev>
      <Telev>601.5</Telev>
      <PART>0.5</PART>
      <DELAY>1</DELAY>
    </SubCatchmentParameters>
    <SubCatchmentVegetationZone>
      <SubCatchmentVegetationZoneParameters>
        <TT>-1.8500006831192617</TT>
        <CFMAX>1.6098452787558601</CFMAX>
        <SP>0</SP>
        <SFCF>0.93763753104267866</SFCF>
        <CFR>0.036727909675787526</CFR>
        <CWH>0.10000021825986755</CWH>
        <CFGlacier>1</CFGlacier>
        <CFSlope>1</CFSlope>
        <FC>150.56282007154078</FC>
        <LP>0.711256471292377</LP>
        <BETA>5.5306633003486443</BETA>
      </SubCatchmentVegetationZoneParameters>
    </SubCatchmentVegetationZone>
  </SubCatchment>
</Catchment>