<?xml version="1.0" encoding="utf-8"?>
<Catchment xmlns:xsi="http://www.w3.org/2001/XMLSchema-instance" xmlns:xsd="http://www.w3.org/2001/XMLSchema">
  <CatchmentParameters>
    <KSI>0.001</KSI>
    <KGmin>0.05</KGmin>
    <RangeKG>0.1</RangeKG>
    <AG>0.1</AG>
    <PERC>5.999959449199495</PERC>
    <Alpha>0</Alpha>
    <UZL>97.46233199561874</UZL>
    <K0>0.50898566409779877</K0>
    <K1>0.21274929855649533</K1>
    <K2>0.058965111537763661</K2>
    <MAXBAS>1</MAXBAS>
    <Cet>0</Cet>
    <PCALT>10</PCALT>
    <TCALT>0.6</TCALT>
    <Pelev>601.5</Pelev>
    <Telev>601.5</Telev>
    <PART>0.5</PART>
    <DELAY>1</DELAY>
  </CatchmentParameters>
  <VegetationZone>
    <VegetationZoneParameters>
      <TT>-1.8500016267274853</TT>
      <CFMAX>1.4259913486709042</CFMAX>
      <SP>0</SP>
      <SFCF>0.9120521901829961</SFCF>
      <CFR>1.4658049266828326E-07</CFR>
      <CWH>0.10000058823497902</CWH>
      <CFGlacier>1</CFGlacier>
      <CFSlope>1</CFSlope>
      <FC>147.06341119631358</FC>
      <LP>0.73203442135567087</LP>
      <BETA>5.3243133832799483</BETA>
    </VegetationZoneParameters>
  </VegetationZone>
  <SubCatchment>
    <SubCatchmentParameters>
      <KSI>0.001</KSI>
      <KGmin>0.05</KGmin>
      <RangeKG>0.1</RangeKG>
      <AG>0.1</AG>
      <PERC>5.999959449199495</PERC>
      <Alpha>0</Alpha>
      <UZL>97.46233199561874</UZL>
      <K0>0.50898566409779877</K0>
      <K1>0.21274929855649533</K1>
      <K2>0.058965111537763661</K2>
      <MAXBAS>1</MAXBAS>
      <Cet>0</Cet>
      <PCALT>10</PCALT>
      <TCALT>0.6</TCALT>
      <Pelev>601.5</Pelev>
      <Telev>601.5</Telev>
      <PART>0.5</PART>
      <DELAY>1</DELAY>
    </SubCatchmentParameters>
    <SubCatchmentVegetationZone>
      <SubCatchmentVegetationZoneParameters>
        <TT>-1.8500016267274853</TT>
        <CFMAX>1.4259913486709042</CFMAX>
        <SP>0</SP>
        <SFCF>0.9120521901829961</SFCF>
        <CFR>1.4658049266828326E-07</CFR>
        <CWH>0.10000058823497902</CWH>
        <CFGlacier>1</CFGlacier>
        <CFSlope>1</CFSlope>
        <FC>147.06341119631358</FC>
        <LP>0.73203442135567087</LP>
        <BETA>5.3243133832799483</BETA>
      </SubCatchmentVegetationZoneParameters>
    </SubCatchmentVegetationZone>
  </SubCatchment>
</Catchment>