<?xml version="1.0" encoding="utf-8"?>
<Catchment xmlns:xsi="http://www.w3.org/2001/XMLSchema-instance" xmlns:xsd="http://www.w3.org/2001/XMLSchema">
  <CatchmentParameters>
    <KSI>0.001</KSI>
    <KGmin>0.05</KGmin>
    <RangeKG>0.1</RangeKG>
    <AG>0.1</AG>
    <PERC>3.5183485826151122</PERC>
    <Alpha>0</Alpha>
    <UZL>66.561063110836272</UZL>
    <K0>0.34899819337334242</K0>
    <K1>0.11705272220857162</K1>
    <K2>0.0492214223100752</K2>
    <MAXBAS>1</MAXBAS>
    <Cet>0</Cet>
    <PCALT>10</PCALT>
    <TCALT>0.6</TCALT>
    <Pelev>601.5</Pelev>
    <Telev>601.5</Telev>
    <PART>0.5</PART>
    <DELAY>1</DELAY>
  </CatchmentParameters>
  <VegetationZone>
    <VegetationZoneParameters>
      <TT>-1.8500007591844272</TT>
      <CFMAX>1.6504902914776398</CFMAX>
      <SP>0</SP>
      <SFCF>0.9569341112273565</SFCF>
      <CFR>0.016724471949415339</CFR>
      <CWH>0.10000000043534808</CWH>
      <CFGlacier>1</CFGlacier>
      <CFSlope>1</CFSlope>
      <FC>148.62540508446949</FC>
      <LP>0.70947066106464707</LP>
      <BETA>5.8529437371654645</BETA>
    </VegetationZoneParameters>
  </VegetationZone>
  <SubCatchment>
    <SubCatchmentParameters>
      <KSI>0.001</KSI>
      <KGmin>0.05</KGmin>
      <RangeKG>0.1</RangeKG>
      <AG>0.1</AG>
      <PERC>3.5183485826151122</PERC>
      <Alpha>0</Alpha>
      <UZL>66.561063110836272</UZL>
      <K0>0.34899819337334242</K0>
      <K1>0.11705272220857162</K1>
      <K2>0.0492214223100752</K2>
      <MAXBAS>1</MAXBAS>
      <Cet>0</Cet>
      <PCALT>10</PCALT>
      <TCALT>0.6</TCALT>
      <Pelev>601.5</Pelev>
      <Telev>601.5</Telev>
      <PART>0.5</PART>
      <DELAY>1</DELAY>
    </SubCatchmentParameters>
    <SubCatchmentVegetationZone>
      <SubCatchmentVegetationZoneParameters>
        <TT>-1.8500007591844272</TT>
        <CFMAX>1.6504902914776398</CFMAX>
        <SP>0</SP>
        <SFCF>0.9569341112273565</SFCF>
        <CFR>0.016724471949415339</CFR>
        <CWH>0.10000000043534808</CWH>
        <CFGlacier>1</CFGlacier>
        <CFSlope>1</CFSlope>
        <FC>148.62540508446949</FC>
        <LP>0.70947066106464707</LP>
        <BETA>5.8529437371654645</BETA>
      </SubCatchmentVegetationZoneParameters>
    </SubCatchmentVegetationZone>
  </SubCatchment>
</Catchment>