<?xml version="1.0" encoding="utf-8"?>
<Catchment xmlns:xsi="http://www.w3.org/2001/XMLSchema-instance" xmlns:xsd="http://www.w3.org/2001/XMLSchema">
  <CatchmentParameters>
    <KSI>0.001</KSI>
    <KGmin>0.05</KGmin>
    <RangeKG>0.1</RangeKG>
    <AG>0.1</AG>
    <PERC>4.4662846040307977</PERC>
    <Alpha>0</Alpha>
    <UZL>102.8919348342512</UZL>
    <K0>0.435609614261387</K0>
    <K1>0.18583685094592753</K1>
    <K2>0.069477611515606677</K2>
    <MAXBAS>1.0000112073251037</MAXBAS>
    <Cet>0</Cet>
    <PCALT>10</PCALT>
    <TCALT>0.6</TCALT>
    <Pelev>601.5</Pelev>
    <Telev>601.5</Telev>
    <PART>0.5</PART>
    <DELAY>1</DELAY>
  </CatchmentParameters>
  <VegetationZone>
    <VegetationZoneParameters>
      <TT>0.86739341351039279</TT>
      <CFMAX>3.1832958909331381</CFMAX>
      <SP>0</SP>
      <SFCF>0.56731950541866216</SFCF>
      <CFR>0.017841084934579424</CFR>
      <CWH>0.10000007469985439</CWH>
      <CFGlacier>1</CFGlacier>
      <CFSlope>1</CFSlope>
      <FC>187.27598518891426</FC>
      <LP>0.90792333923928559</LP>
      <BETA>4.8922045335366269</BETA>
    </VegetationZoneParameters>
  </VegetationZone>
  <SubCatchment>
    <SubCatchmentParameters>
      <KSI>0.001</KSI>
      <KGmin>0.05</KGmin>
      <RangeKG>0.1</RangeKG>
      <AG>0.1</AG>
      <PERC>4.4662846040307977</PERC>
      <Alpha>0</Alpha>
      <UZL>102.8919348342512</UZL>
      <K0>0.435609614261387</K0>
      <K1>0.18583685094592753</K1>
      <K2>0.069477611515606677</K2>
      <MAXBAS>1.0000112073251037</MAXBAS>
      <Cet>0</Cet>
      <PCALT>10</PCALT>
      <TCALT>0.6</TCALT>
      <Pelev>601.5</Pelev>
      <Telev>601.5</Telev>
      <PART>0.5</PART>
      <DELAY>1</DELAY>
    </SubCatchmentParameters>
    <SubCatchmentVegetationZone>
      <SubCatchmentVegetationZoneParameters>
        <TT>0.86739341351039279</TT>
        <CFMAX>3.1832958909331381</CFMAX>
        <SP>0</SP>
        <SFCF>0.56731950541866216</SFCF>
        <CFR>0.017841084934579424</CFR>
        <CWH>0.10000007469985439</CWH>
        <CFGlacier>1</CFGlacier>
        <CFSlope>1</CFSlope>
        <FC>187.27598518891426</FC>
        <LP>0.90792333923928559</LP>
        <BETA>4.8922045335366269</BETA>
      </SubCatchmentVegetationZoneParameters>
    </SubCatchmentVegetationZone>
  </SubCatchment>
</Catchment>