<?xml version="1.0" encoding="utf-8"?>
<Catchment xmlns:xsi="http://www.w3.org/2001/XMLSchema-instance" xmlns:xsd="http://www.w3.org/2001/XMLSchema">
  <CatchmentParameters>
    <KSI>0.001</KSI>
    <KGmin>0.05</KGmin>
    <RangeKG>0.1</RangeKG>
    <AG>0.1</AG>
    <PERC>2.3979762839730934</PERC>
    <Alpha>0</Alpha>
    <UZL>88.339122860471051</UZL>
    <K0>0.24722619499524515</K0>
    <K1>0.0973840564814476</K1>
    <K2>0.045245826555346834</K2>
    <MAXBAS>1</MAXBAS>
    <Cet>0</Cet>
    <PCALT>10</PCALT>
    <TCALT>0.6</TCALT>
    <Pelev>601.5</Pelev>
    <Telev>601.5</Telev>
    <PART>0.5</PART>
    <DELAY>1</DELAY>
  </CatchmentParameters>
  <VegetationZone>
    <VegetationZoneParameters>
      <TT>-2.0000006924615823</TT>
      <CFMAX>1.8639752233134461</CFMAX>
      <SP>0</SP>
      <SFCF>0.97392285079148644</SFCF>
      <CFR>0.099999842498063637</CFR>
      <CWH>0.10000039618641698</CWH>
      <CFGlacier>1</CFGlacier>
      <CFSlope>1</CFSlope>
      <FC>139.84338015146372</FC>
      <LP>0.66082867046533988</LP>
      <BETA>5.4480626110409673</BETA>
    </VegetationZoneParameters>
  </VegetationZone>
  <SubCatchment>
    <SubCatchmentParameters>
      <KSI>0.001</KSI>
      <KGmin>0.05</KGmin>
      <RangeKG>0.1</RangeKG>
      <AG>0.1</AG>
      <PERC>2.3979762839730934</PERC>
      <Alpha>0</Alpha>
      <UZL>88.339122860471051</UZL>
      <K0>0.24722619499524515</K0>
      <K1>0.0973840564814476</K1>
      <K2>0.045245826555346834</K2>
      <MAXBAS>1</MAXBAS>
      <Cet>0</Cet>
      <PCALT>10</PCALT>
      <TCALT>0.6</TCALT>
      <Pelev>601.5</Pelev>
      <Telev>601.5</Telev>
      <PART>0.5</PART>
      <DELAY>1</DELAY>
    </SubCatchmentParameters>
    <SubCatchmentVegetationZone>
      <SubCatchmentVegetationZoneParameters>
        <TT>-2.0000006924615823</TT>
        <CFMAX>1.8639752233134461</CFMAX>
        <SP>0</SP>
        <SFCF>0.97392285079148644</SFCF>
        <CFR>0.099999842498063637</CFR>
        <CWH>0.10000039618641698</CWH>
        <CFGlacier>1</CFGlacier>
        <CFSlope>1</CFSlope>
        <FC>139.84338015146372</FC>
        <LP>0.66082867046533988</LP>
        <BETA>5.4480626110409673</BETA>
      </SubCatchmentVegetationZoneParameters>
    </SubCatchmentVegetationZone>
  </SubCatchment>
</Catchment>