<?xml version="1.0" encoding="utf-8"?>
<Catchment xmlns:xsi="http://www.w3.org/2001/XMLSchema-instance" xmlns:xsd="http://www.w3.org/2001/XMLSchema">
  <CatchmentParameters>
    <KSI>0.001</KSI>
    <KGmin>0.05</KGmin>
    <RangeKG>0.1</RangeKG>
    <AG>0.1</AG>
    <PERC>5.1782184539743206</PERC>
    <Alpha>0</Alpha>
    <UZL>63.389771833289068</UZL>
    <K0>0.47736012237953207</K0>
    <K1>0.14831868950224442</K1>
    <K2>0.053019331883017995</K2>
    <MAXBAS>1</MAXBAS>
    <Cet>0</Cet>
    <PCALT>10</PCALT>
    <TCALT>0.6</TCALT>
    <Pelev>601.5</Pelev>
    <Telev>601.5</Telev>
    <PART>0.5</PART>
    <DELAY>1</DELAY>
  </CatchmentParameters>
  <VegetationZone>
    <VegetationZoneParameters>
      <TT>-2.0000027747191234</TT>
      <CFMAX>1.6252824121044571</CFMAX>
      <SP>0</SP>
      <SFCF>0.942423878464769</SFCF>
      <CFR>0.062408651251201729</CFR>
      <CWH>0.10000000012527292</CWH>
      <CFGlacier>1</CFGlacier>
      <CFSlope>1</CFSlope>
      <FC>144.44179779064854</FC>
      <LP>0.703240531423539</LP>
      <BETA>5.619947715171083</BETA>
    </VegetationZoneParameters>
  </VegetationZone>
  <SubCatchment>
    <SubCatchmentParameters>
      <KSI>0.001</KSI>
      <KGmin>0.05</KGmin>
      <RangeKG>0.1</RangeKG>
      <AG>0.1</AG>
      <PERC>5.1782184539743206</PERC>
      <Alpha>0</Alpha>
      <UZL>63.389771833289068</UZL>
      <K0>0.47736012237953207</K0>
      <K1>0.14831868950224442</K1>
      <K2>0.053019331883017995</K2>
      <MAXBAS>1</MAXBAS>
      <Cet>0</Cet>
      <PCALT>10</PCALT>
      <TCALT>0.6</TCALT>
      <Pelev>601.5</Pelev>
      <Telev>601.5</Telev>
      <PART>0.5</PART>
      <DELAY>1</DELAY>
    </SubCatchmentParameters>
    <SubCatchmentVegetationZone>
      <SubCatchmentVegetationZoneParameters>
        <TT>-2.0000027747191234</TT>
        <CFMAX>1.6252824121044571</CFMAX>
        <SP>0</SP>
        <SFCF>0.942423878464769</SFCF>
        <CFR>0.062408651251201729</CFR>
        <CWH>0.10000000012527292</CWH>
        <CFGlacier>1</CFGlacier>
        <CFSlope>1</CFSlope>
        <FC>144.44179779064854</FC>
        <LP>0.703240531423539</LP>
        <BETA>5.619947715171083</BETA>
      </SubCatchmentVegetationZoneParameters>
    </SubCatchmentVegetationZone>
  </SubCatchment>
</Catchment>