<?xml version="1.0" encoding="utf-8"?>
<Catchment xmlns:xsi="http://www.w3.org/2001/XMLSchema-instance" xmlns:xsd="http://www.w3.org/2001/XMLSchema">
  <CatchmentParameters>
    <KSI>0.001</KSI>
    <KGmin>0.05</KGmin>
    <RangeKG>0.1</RangeKG>
    <AG>0.1</AG>
    <PERC>3.463065235201356</PERC>
    <Alpha>0</Alpha>
    <UZL>64.425756766237825</UZL>
    <K0>0.34218971937025422</K0>
    <K1>0.11873043197480872</K1>
    <K2>0.048298016494860763</K2>
    <MAXBAS>1</MAXBAS>
    <Cet>0</Cet>
    <PCALT>10</PCALT>
    <TCALT>0.6</TCALT>
    <Pelev>601.5</Pelev>
    <Telev>601.5</Telev>
    <PART>0.5</PART>
    <DELAY>1</DELAY>
  </CatchmentParameters>
  <VegetationZone>
    <VegetationZoneParameters>
      <TT>-1.8500008205439062</TT>
      <CFMAX>1.6314559058345206</CFMAX>
      <SP>0</SP>
      <SFCF>0.90865818474669524</SFCF>
      <CFR>0.037030640182956466</CFR>
      <CWH>0.10000008454708917</CWH>
      <CFGlacier>1</CFGlacier>
      <CFSlope>1</CFSlope>
      <FC>106.02537747166697</FC>
      <LP>0.62882070845878191</LP>
      <BETA>4.8698304175161375</BETA>
    </VegetationZoneParameters>
  </VegetationZone>
  <SubCatchment>
    <SubCatchmentParameters>
      <KSI>0.001</KSI>
      <KGmin>0.05</KGmin>
      <RangeKG>0.1</RangeKG>
      <AG>0.1</AG>
      <PERC>3.463065235201356</PERC>
      <Alpha>0</Alpha>
      <UZL>64.425756766237825</UZL>
      <K0>0.34218971937025422</K0>
      <K1>0.11873043197480872</K1>
      <K2>0.048298016494860763</K2>
      <MAXBAS>1</MAXBAS>
      <Cet>0</Cet>
      <PCALT>10</PCALT>
      <TCALT>0.6</TCALT>
      <Pelev>601.5</Pelev>
      <Telev>601.5</Telev>
      <PART>0.5</PART>
      <DELAY>1</DELAY>
    </SubCatchmentParameters>
    <SubCatchmentVegetationZone>
      <SubCatchmentVegetationZoneParameters>
        <TT>-1.8500008205439062</TT>
        <CFMAX>1.6314559058345206</CFMAX>
        <SP>0</SP>
        <SFCF>0.90865818474669524</SFCF>
        <CFR>0.037030640182956466</CFR>
        <CWH>0.10000008454708917</CWH>
        <CFGlacier>1</CFGlacier>
        <CFSlope>1</CFSlope>
        <FC>106.02537747166697</FC>
        <LP>0.62882070845878191</LP>
        <BETA>4.8698304175161375</BETA>
      </SubCatchmentVegetationZoneParameters>
    </SubCatchmentVegetationZone>
  </SubCatchment>
</Catchment>