<?xml version="1.0" encoding="utf-8"?>
<Catchment xmlns:xsi="http://www.w3.org/2001/XMLSchema-instance" xmlns:xsd="http://www.w3.org/2001/XMLSchema">
  <CatchmentParameters>
    <KSI>0.001</KSI>
    <KGmin>0.05</KGmin>
    <RangeKG>0.1</RangeKG>
    <AG>0.1</AG>
    <PERC>8.85268968295135</PERC>
    <Alpha>0</Alpha>
    <UZL>130.0920863936415</UZL>
    <K0>0.15174668034443</K0>
    <K1>0.24893304678973061</K1>
    <K2>0.094406024589966789</K2>
    <MAXBAS>1.0000556596314891</MAXBAS>
    <Cet>0</Cet>
    <PCALT>10</PCALT>
    <TCALT>0.6</TCALT>
    <Pelev>601.5</Pelev>
    <Telev>601.5</Telev>
    <PART>0.5</PART>
    <DELAY>1</DELAY>
  </CatchmentParameters>
  <VegetationZone>
    <VegetationZoneParameters>
      <TT>0.13426228515845465</TT>
      <CFMAX>2.4396642485596391</CFMAX>
      <SP>0</SP>
      <SFCF>0.61524772698314656</SFCF>
      <CFR>0.037688716984536588</CFR>
      <CWH>0.10000004096608017</CWH>
      <CFGlacier>1</CFGlacier>
      <CFSlope>1</CFSlope>
      <FC>128.33150674030864</FC>
      <LP>0.684202825860774</LP>
      <BETA>2.9384859962973291</BETA>
    </VegetationZoneParameters>
  </VegetationZone>
  <SubCatchment>
    <SubCatchmentParameters>
      <KSI>0.001</KSI>
      <KGmin>0.05</KGmin>
      <RangeKG>0.1</RangeKG>
      <AG>0.1</AG>
      <PERC>8.85268968295135</PERC>
      <Alpha>0</Alpha>
      <UZL>130.0920863936415</UZL>
      <K0>0.15174668034443</K0>
      <K1>0.24893304678973061</K1>
      <K2>0.094406024589966789</K2>
      <MAXBAS>1.0000556596314891</MAXBAS>
      <Cet>0</Cet>
      <PCALT>10</PCALT>
      <TCALT>0.6</TCALT>
      <Pelev>601.5</Pelev>
      <Telev>601.5</Telev>
      <PART>0.5</PART>
      <DELAY>1</DELAY>
    </SubCatchmentParameters>
    <SubCatchmentVegetationZone>
      <SubCatchmentVegetationZoneParameters>
        <TT>0.13426228515845465</TT>
        <CFMAX>2.4396642485596391</CFMAX>
        <SP>0</SP>
        <SFCF>0.61524772698314656</SFCF>
        <CFR>0.037688716984536588</CFR>
        <CWH>0.10000004096608017</CWH>
        <CFGlacier>1</CFGlacier>
        <CFSlope>1</CFSlope>
        <FC>128.33150674030864</FC>
        <LP>0.684202825860774</LP>
        <BETA>2.9384859962973291</BETA>
      </SubCatchmentVegetationZoneParameters>
    </SubCatchmentVegetationZone>
  </SubCatchment>
</Catchment>