<?xml version="1.0" encoding="utf-8"?>
<Catchment xmlns:xsi="http://www.w3.org/2001/XMLSchema-instance" xmlns:xsd="http://www.w3.org/2001/XMLSchema">
  <CatchmentParameters>
    <KSI>0.001</KSI>
    <KGmin>0.05</KGmin>
    <RangeKG>0.1</RangeKG>
    <AG>0.1</AG>
    <PERC>9.583582490896843</PERC>
    <Alpha>0</Alpha>
    <UZL>142.28118343542209</UZL>
    <K0>0.49237948025457173</K0>
    <K1>0.33131544245279881</K1>
    <K2>0.1041063332296765</K2>
    <MAXBAS>1.3015508690936635</MAXBAS>
    <Cet>0</Cet>
    <PCALT>10</PCALT>
    <TCALT>0.6</TCALT>
    <Pelev>601.5</Pelev>
    <Telev>601.5</Telev>
    <PART>0.5</PART>
    <DELAY>1</DELAY>
  </CatchmentParameters>
  <VegetationZone>
    <VegetationZoneParameters>
      <TT>-0.82535431874602838</TT>
      <CFMAX>1.7671012787256129</CFMAX>
      <SP>0</SP>
      <SFCF>0.63045487246843179</SFCF>
      <CFR>0.060740419472159461</CFR>
      <CWH>0.1000000001524942</CWH>
      <CFGlacier>1</CFGlacier>
      <CFSlope>1</CFSlope>
      <FC>173.89094469662487</FC>
      <LP>0.83130197388384119</LP>
      <BETA>3.82586497665534</BETA>
    </VegetationZoneParameters>
  </VegetationZone>
  <SubCatchment>
    <SubCatchmentParameters>
      <KSI>0.001</KSI>
      <KGmin>0.05</KGmin>
      <RangeKG>0.1</RangeKG>
      <AG>0.1</AG>
      <PERC>9.583582490896843</PERC>
      <Alpha>0</Alpha>
      <UZL>142.28118343542209</UZL>
      <K0>0.49237948025457173</K0>
      <K1>0.33131544245279881</K1>
      <K2>0.1041063332296765</K2>
      <MAXBAS>1.3015508690936635</MAXBAS>
      <Cet>0</Cet>
      <PCALT>10</PCALT>
      <TCALT>0.6</TCALT>
      <Pelev>601.5</Pelev>
      <Telev>601.5</Telev>
      <PART>0.5</PART>
      <DELAY>1</DELAY>
    </SubCatchmentParameters>
    <SubCatchmentVegetationZone>
      <SubCatchmentVegetationZoneParameters>
        <TT>-0.82535431874602838</TT>
        <CFMAX>1.7671012787256129</CFMAX>
        <SP>0</SP>
        <SFCF>0.63045487246843179</SFCF>
        <CFR>0.060740419472159461</CFR>
        <CWH>0.1000000001524942</CWH>
        <CFGlacier>1</CFGlacier>
        <CFSlope>1</CFSlope>
        <FC>173.89094469662487</FC>
        <LP>0.83130197388384119</LP>
        <BETA>3.82586497665534</BETA>
      </SubCatchmentVegetationZoneParameters>
    </SubCatchmentVegetationZone>
  </SubCatchment>
</Catchment>