<?xml version="1.0" encoding="utf-8"?>
<Catchment xmlns:xsi="http://www.w3.org/2001/XMLSchema-instance" xmlns:xsd="http://www.w3.org/2001/XMLSchema">
  <CatchmentParameters>
    <KSI>0.001</KSI>
    <KGmin>0.05</KGmin>
    <RangeKG>0.1</RangeKG>
    <AG>0.1</AG>
    <PERC>8.194662929121</PERC>
    <Alpha>0</Alpha>
    <UZL>139.5822655052703</UZL>
    <K0>0.0945269082718798</K0>
    <K1>0.18900011554109408</K1>
    <K2>0.057692726885701547</K2>
    <MAXBAS>1.0049937068374282</MAXBAS>
    <Cet>0</Cet>
    <PCALT>10</PCALT>
    <TCALT>0.6</TCALT>
    <Pelev>601.5</Pelev>
    <Telev>601.5</Telev>
    <PART>0.5</PART>
    <DELAY>1</DELAY>
  </CatchmentParameters>
  <VegetationZone>
    <VegetationZoneParameters>
      <TT>-0.5000007360322124</TT>
      <CFMAX>2.5666110042281405</CFMAX>
      <SP>0</SP>
      <SFCF>0.85749886371257988</SFCF>
      <CFR>0.018544267028126216</CFR>
      <CWH>0.1000000000021842</CWH>
      <CFGlacier>1</CFGlacier>
      <CFSlope>1</CFSlope>
      <FC>80.89174765285442</FC>
      <LP>0.67674946800875957</LP>
      <BETA>4.95807310799632</BETA>
    </VegetationZoneParameters>
  </VegetationZone>
  <SubCatchment>
    <SubCatchmentParameters>
      <KSI>0.001</KSI>
      <KGmin>0.05</KGmin>
      <RangeKG>0.1</RangeKG>
      <AG>0.1</AG>
      <PERC>8.194662929121</PERC>
      <Alpha>0</Alpha>
      <UZL>139.5822655052703</UZL>
      <K0>0.0945269082718798</K0>
      <K1>0.18900011554109408</K1>
      <K2>0.057692726885701547</K2>
      <MAXBAS>1.0049937068374282</MAXBAS>
      <Cet>0</Cet>
      <PCALT>10</PCALT>
      <TCALT>0.6</TCALT>
      <Pelev>601.5</Pelev>
      <Telev>601.5</Telev>
      <PART>0.5</PART>
      <DELAY>1</DELAY>
    </SubCatchmentParameters>
    <SubCatchmentVegetationZone>
      <SubCatchmentVegetationZoneParameters>
        <TT>-0.5000007360322124</TT>
        <CFMAX>2.5666110042281405</CFMAX>
        <SP>0</SP>
        <SFCF>0.85749886371257988</SFCF>
        <CFR>0.018544267028126216</CFR>
        <CWH>0.1000000000021842</CWH>
        <CFGlacier>1</CFGlacier>
        <CFSlope>1</CFSlope>
        <FC>80.89174765285442</FC>
        <LP>0.67674946800875957</LP>
        <BETA>4.95807310799632</BETA>
      </SubCatchmentVegetationZoneParameters>
    </SubCatchmentVegetationZone>
  </SubCatchment>
</Catchment>