<?xml version="1.0" encoding="utf-8"?>
<Catchment xmlns:xsi="http://www.w3.org/2001/XMLSchema-instance" xmlns:xsd="http://www.w3.org/2001/XMLSchema">
  <CatchmentParameters>
    <KSI>0.001</KSI>
    <KGmin>0.05</KGmin>
    <RangeKG>0.1</RangeKG>
    <AG>0.1</AG>
    <PERC>9.3086350672224736</PERC>
    <Alpha>0</Alpha>
    <UZL>96.2413856872526</UZL>
    <K0>0.29192414118737353</K0>
    <K1>0.22914015638147198</K1>
    <K2>0.073532026180394436</K2>
    <MAXBAS>1.0049345636640243</MAXBAS>
    <Cet>0</Cet>
    <PCALT>10</PCALT>
    <TCALT>0.6</TCALT>
    <Pelev>601.5</Pelev>
    <Telev>601.5</Telev>
    <PART>0.5</PART>
    <DELAY>1</DELAY>
  </CatchmentParameters>
  <VegetationZone>
    <VegetationZoneParameters>
      <TT>-0.67586391007458368</TT>
      <CFMAX>2.2491693427125496</CFMAX>
      <SP>0</SP>
      <SFCF>0.76420353779336092</SFCF>
      <CFR>0.042703787565405285</CFR>
      <CWH>0.10000003545051618</CWH>
      <CFGlacier>1</CFGlacier>
      <CFSlope>1</CFSlope>
      <FC>110.34627504095668</FC>
      <LP>0.72232987752941191</LP>
      <BETA>3.6053357821940843</BETA>
    </VegetationZoneParameters>
  </VegetationZone>
  <SubCatchment>
    <SubCatchmentParameters>
      <KSI>0.001</KSI>
      <KGmin>0.05</KGmin>
      <RangeKG>0.1</RangeKG>
      <AG>0.1</AG>
      <PERC>9.3086350672224736</PERC>
      <Alpha>0</Alpha>
      <UZL>96.2413856872526</UZL>
      <K0>0.29192414118737353</K0>
      <K1>0.22914015638147198</K1>
      <K2>0.073532026180394436</K2>
      <MAXBAS>1.0049345636640243</MAXBAS>
      <Cet>0</Cet>
      <PCALT>10</PCALT>
      <TCALT>0.6</TCALT>
      <Pelev>601.5</Pelev>
      <Telev>601.5</Telev>
      <PART>0.5</PART>
      <DELAY>1</DELAY>
    </SubCatchmentParameters>
    <SubCatchmentVegetationZone>
      <SubCatchmentVegetationZoneParameters>
        <TT>-0.67586391007458368</TT>
        <CFMAX>2.2491693427125496</CFMAX>
        <SP>0</SP>
        <SFCF>0.76420353779336092</SFCF>
        <CFR>0.042703787565405285</CFR>
        <CWH>0.10000003545051618</CWH>
        <CFGlacier>1</CFGlacier>
        <CFSlope>1</CFSlope>
        <FC>110.34627504095668</FC>
        <LP>0.72232987752941191</LP>
        <BETA>3.6053357821940843</BETA>
      </SubCatchmentVegetationZoneParameters>
    </SubCatchmentVegetationZone>
  </SubCatchment>
</Catchment>