<?xml version="1.0" encoding="utf-8"?>
<Catchment xmlns:xsi="http://www.w3.org/2001/XMLSchema-instance" xmlns:xsd="http://www.w3.org/2001/XMLSchema">
  <CatchmentParameters>
    <KSI>0.001</KSI>
    <KGmin>0.05</KGmin>
    <RangeKG>0.1</RangeKG>
    <AG>0.1</AG>
    <PERC>9.9963634446453646</PERC>
    <Alpha>0</Alpha>
    <UZL>156.59258262095605</UZL>
    <K0>0.48705864132922716</K0>
    <K1>0.25978527498383674</K1>
    <K2>0.092794838365825416</K2>
    <MAXBAS>1.1010014556540559</MAXBAS>
    <Cet>0</Cet>
    <PCALT>10</PCALT>
    <TCALT>0.6</TCALT>
    <Pelev>601.5</Pelev>
    <Telev>601.5</Telev>
    <PART>0.5</PART>
    <DELAY>1</DELAY>
  </CatchmentParameters>
  <VegetationZone>
    <VegetationZoneParameters>
      <TT>-0.77068841102243868</TT>
      <CFMAX>1.9880514274139678</CFMAX>
      <SP>0</SP>
      <SFCF>0.70303177299220432</SFCF>
      <CFR>0.041442222539609823</CFR>
      <CWH>0.10000013813274777</CWH>
      <CFGlacier>1</CFGlacier>
      <CFSlope>1</CFSlope>
      <FC>181.99020506746922</FC>
      <LP>0.90871932453389948</LP>
      <BETA>4.9767893995178634</BETA>
    </VegetationZoneParameters>
  </VegetationZone>
  <SubCatchment>
    <SubCatchmentParameters>
      <KSI>0.001</KSI>
      <KGmin>0.05</KGmin>
      <RangeKG>0.1</RangeKG>
      <AG>0.1</AG>
      <PERC>9.9963634446453646</PERC>
      <Alpha>0</Alpha>
      <UZL>156.59258262095605</UZL>
      <K0>0.48705864132922716</K0>
      <K1>0.25978527498383674</K1>
      <K2>0.092794838365825416</K2>
      <MAXBAS>1.1010014556540559</MAXBAS>
      <Cet>0</Cet>
      <PCALT>10</PCALT>
      <TCALT>0.6</TCALT>
      <Pelev>601.5</Pelev>
      <Telev>601.5</Telev>
      <PART>0.5</PART>
      <DELAY>1</DELAY>
    </SubCatchmentParameters>
    <SubCatchmentVegetationZone>
      <SubCatchmentVegetationZoneParameters>
        <TT>-0.77068841102243868</TT>
        <CFMAX>1.9880514274139678</CFMAX>
        <SP>0</SP>
        <SFCF>0.70303177299220432</SFCF>
        <CFR>0.041442222539609823</CFR>
        <CWH>0.10000013813274777</CWH>
        <CFGlacier>1</CFGlacier>
        <CFSlope>1</CFSlope>
        <FC>181.99020506746922</FC>
        <LP>0.90871932453389948</LP>
        <BETA>4.9767893995178634</BETA>
      </SubCatchmentVegetationZoneParameters>
    </SubCatchmentVegetationZone>
  </SubCatchment>
</Catchment>