<?xml version="1.0" encoding="utf-8"?>
<Catchment xmlns:xsi="http://www.w3.org/2001/XMLSchema-instance" xmlns:xsd="http://www.w3.org/2001/XMLSchema">
  <CatchmentParameters>
    <KSI>0.001</KSI>
    <KGmin>0.05</KGmin>
    <RangeKG>0.1</RangeKG>
    <AG>0.1</AG>
    <PERC>4.822590862585117</PERC>
    <Alpha>0</Alpha>
    <UZL>150.61985271206186</UZL>
    <K0>0.050171920167481551</K0>
    <K1>0.15225171716182462</K1>
    <K2>0.049323654007135162</K2>
    <MAXBAS>1</MAXBAS>
    <Cet>0</Cet>
    <PCALT>10</PCALT>
    <TCALT>0.6</TCALT>
    <Pelev>601.5</Pelev>
    <Telev>601.5</Telev>
    <PART>0.5</PART>
    <DELAY>1</DELAY>
  </CatchmentParameters>
  <VegetationZone>
    <VegetationZoneParameters>
      <TT>-0.52079421455463792</TT>
      <CFMAX>2.6273289238727289</CFMAX>
      <SP>0</SP>
      <SFCF>0.93029804490793566</SFCF>
      <CFR>1.566467718608817E-08</CFR>
      <CWH>0.10000002372687979</CWH>
      <CFGlacier>1</CFGlacier>
      <CFSlope>1</CFSlope>
      <FC>137.37589470181067</FC>
      <LP>0.68135973881543377</LP>
      <BETA>5.3492549724481862</BETA>
    </VegetationZoneParameters>
  </VegetationZone>
  <SubCatchment>
    <SubCatchmentParameters>
      <KSI>0.001</KSI>
      <KGmin>0.05</KGmin>
      <RangeKG>0.1</RangeKG>
      <AG>0.1</AG>
      <PERC>4.822590862585117</PERC>
      <Alpha>0</Alpha>
      <UZL>150.61985271206186</UZL>
      <K0>0.050171920167481551</K0>
      <K1>0.15225171716182462</K1>
      <K2>0.049323654007135162</K2>
      <MAXBAS>1</MAXBAS>
      <Cet>0</Cet>
      <PCALT>10</PCALT>
      <TCALT>0.6</TCALT>
      <Pelev>601.5</Pelev>
      <Telev>601.5</Telev>
      <PART>0.5</PART>
      <DELAY>1</DELAY>
    </SubCatchmentParameters>
    <SubCatchmentVegetationZone>
      <SubCatchmentVegetationZoneParameters>
        <TT>-0.52079421455463792</TT>
        <CFMAX>2.6273289238727289</CFMAX>
        <SP>0</SP>
        <SFCF>0.93029804490793566</SFCF>
        <CFR>1.566467718608817E-08</CFR>
        <CWH>0.10000002372687979</CWH>
        <CFGlacier>1</CFGlacier>
        <CFSlope>1</CFSlope>
        <FC>137.37589470181067</FC>
        <LP>0.68135973881543377</LP>
        <BETA>5.3492549724481862</BETA>
      </SubCatchmentVegetationZoneParameters>
    </SubCatchmentVegetationZone>
  </SubCatchment>
</Catchment>