<?xml version="1.0" encoding="utf-8"?>
<Catchment xmlns:xsi="http://www.w3.org/2001/XMLSchema-instance" xmlns:xsd="http://www.w3.org/2001/XMLSchema">
  <CatchmentParameters>
    <KSI>0.001</KSI>
    <KGmin>0.05</KGmin>
    <RangeKG>0.1</RangeKG>
    <AG>0.1</AG>
    <PERC>9.4046949565243558</PERC>
    <Alpha>0</Alpha>
    <UZL>164.2945721454949</UZL>
    <K0>0.33851946992385207</K0>
    <K1>0.26160746973415033</K1>
    <K2>0.099547061872915385</K2>
    <MAXBAS>1.0001597441262558</MAXBAS>
    <Cet>0</Cet>
    <PCALT>10</PCALT>
    <TCALT>0.6</TCALT>
    <Pelev>601.5</Pelev>
    <Telev>601.5</Telev>
    <PART>0.5</PART>
    <DELAY>1</DELAY>
  </CatchmentParameters>
  <VegetationZone>
    <VegetationZoneParameters>
      <TT>-0.70191480483248425</TT>
      <CFMAX>1.9318708497833534</CFMAX>
      <SP>0</SP>
      <SFCF>0.67672816788752954</SFCF>
      <CFR>0.037649563264844685</CFR>
      <CWH>0.10000000000099631</CWH>
      <CFGlacier>1</CFGlacier>
      <CFSlope>1</CFSlope>
      <FC>171.53920165688993</FC>
      <LP>0.856253991126539</LP>
      <BETA>4.2433601587539576</BETA>
    </VegetationZoneParameters>
  </VegetationZone>
  <SubCatchment>
    <SubCatchmentParameters>
      <KSI>0.001</KSI>
      <KGmin>0.05</KGmin>
      <RangeKG>0.1</RangeKG>
      <AG>0.1</AG>
      <PERC>9.4046949565243558</PERC>
      <Alpha>0</Alpha>
      <UZL>164.2945721454949</UZL>
      <K0>0.33851946992385207</K0>
      <K1>0.26160746973415033</K1>
      <K2>0.099547061872915385</K2>
      <MAXBAS>1.0001597441262558</MAXBAS>
      <Cet>0</Cet>
      <PCALT>10</PCALT>
      <TCALT>0.6</TCALT>
      <Pelev>601.5</Pelev>
      <Telev>601.5</Telev>
      <PART>0.5</PART>
      <DELAY>1</DELAY>
    </SubCatchmentParameters>
    <SubCatchmentVegetationZone>
      <SubCatchmentVegetationZoneParameters>
        <TT>-0.70191480483248425</TT>
        <CFMAX>1.9318708497833534</CFMAX>
        <SP>0</SP>
        <SFCF>0.67672816788752954</SFCF>
        <CFR>0.037649563264844685</CFR>
        <CWH>0.10000000000099631</CWH>
        <CFGlacier>1</CFGlacier>
        <CFSlope>1</CFSlope>
        <FC>171.53920165688993</FC>
        <LP>0.856253991126539</LP>
        <BETA>4.2433601587539576</BETA>
      </SubCatchmentVegetationZoneParameters>
    </SubCatchmentVegetationZone>
  </SubCatchment>
</Catchment>