<?xml version="1.0" encoding="utf-8"?>
<Catchment xmlns:xsi="http://www.w3.org/2001/XMLSchema-instance" xmlns:xsd="http://www.w3.org/2001/XMLSchema">
  <CatchmentParameters>
    <KSI>0.001</KSI>
    <KGmin>0.05</KGmin>
    <RangeKG>0.1</RangeKG>
    <AG>0.1</AG>
    <PERC>4.8569359534698471</PERC>
    <Alpha>0</Alpha>
    <UZL>47.275989386376111</UZL>
    <K0>0.34194584405294781</K0>
    <K1>0.1330897697072774</K1>
    <K2>0.057892381047401034</K2>
    <MAXBAS>1</MAXBAS>
    <Cet>0</Cet>
    <PCALT>10</PCALT>
    <TCALT>0.6</TCALT>
    <Pelev>601.5</Pelev>
    <Telev>601.5</Telev>
    <PART>0.5</PART>
    <DELAY>1</DELAY>
  </CatchmentParameters>
  <VegetationZone>
    <VegetationZoneParameters>
      <TT>-2.0000024792707944</TT>
      <CFMAX>1.4835282552897047</CFMAX>
      <SP>0</SP>
      <SFCF>0.92289580263327642</SFCF>
      <CFR>0.040364604013640948</CFR>
      <CWH>0.10000017810862755</CWH>
      <CFGlacier>1</CFGlacier>
      <CFSlope>1</CFSlope>
      <FC>169.71325924098784</FC>
      <LP>0.77267726289366667</LP>
      <BETA>5.9414220487593257</BETA>
    </VegetationZoneParameters>
  </VegetationZone>
  <SubCatchment>
    <SubCatchmentParameters>
      <KSI>0.001</KSI>
      <KGmin>0.05</KGmin>
      <RangeKG>0.1</RangeKG>
      <AG>0.1</AG>
      <PERC>4.8569359534698471</PERC>
      <Alpha>0</Alpha>
      <UZL>47.275989386376111</UZL>
      <K0>0.34194584405294781</K0>
      <K1>0.1330897697072774</K1>
      <K2>0.057892381047401034</K2>
      <MAXBAS>1</MAXBAS>
      <Cet>0</Cet>
      <PCALT>10</PCALT>
      <TCALT>0.6</TCALT>
      <Pelev>601.5</Pelev>
      <Telev>601.5</Telev>
      <PART>0.5</PART>
      <DELAY>1</DELAY>
    </SubCatchmentParameters>
    <SubCatchmentVegetationZone>
      <SubCatchmentVegetationZoneParameters>
        <TT>-2.0000024792707944</TT>
        <CFMAX>1.4835282552897047</CFMAX>
        <SP>0</SP>
        <SFCF>0.92289580263327642</SFCF>
        <CFR>0.040364604013640948</CFR>
        <CWH>0.10000017810862755</CWH>
        <CFGlacier>1</CFGlacier>
        <CFSlope>1</CFSlope>
        <FC>169.71325924098784</FC>
        <LP>0.77267726289366667</LP>
        <BETA>5.9414220487593257</BETA>
      </SubCatchmentVegetationZoneParameters>
    </SubCatchmentVegetationZone>
  </SubCatchment>
</Catchment>