<?xml version="1.0" encoding="utf-8"?>
<Catchment xmlns:xsi="http://www.w3.org/2001/XMLSchema-instance" xmlns:xsd="http://www.w3.org/2001/XMLSchema">
  <CatchmentParameters>
    <KSI>0.001</KSI>
    <KGmin>0.05</KGmin>
    <RangeKG>0.1</RangeKG>
    <AG>0.1</AG>
    <PERC>4.5845677944668743</PERC>
    <Alpha>0</Alpha>
    <UZL>135.12168783774831</UZL>
    <K0>0.36291034107829545</K0>
    <K1>0.14415626208386315</K1>
    <K2>0.049935698645677186</K2>
    <MAXBAS>1</MAXBAS>
    <Cet>0</Cet>
    <PCALT>10</PCALT>
    <TCALT>0.6</TCALT>
    <Pelev>601.5</Pelev>
    <Telev>601.5</Telev>
    <PART>0.5</PART>
    <DELAY>1</DELAY>
  </CatchmentParameters>
  <VegetationZone>
    <VegetationZoneParameters>
      <TT>-0.80000077608316722</TT>
      <CFMAX>2.4583778456476795</CFMAX>
      <SP>0</SP>
      <SFCF>0.927247595056177</SFCF>
      <CFR>0.010819924027282109</CFR>
      <CWH>0.10000010091976205</CWH>
      <CFGlacier>1</CFGlacier>
      <CFSlope>1</CFSlope>
      <FC>136.84954592083486</FC>
      <LP>0.69062643753059227</LP>
      <BETA>5.2426885599037867</BETA>
    </VegetationZoneParameters>
  </VegetationZone>
  <SubCatchment>
    <SubCatchmentParameters>
      <KSI>0.001</KSI>
      <KGmin>0.05</KGmin>
      <RangeKG>0.1</RangeKG>
      <AG>0.1</AG>
      <PERC>4.5845677944668743</PERC>
      <Alpha>0</Alpha>
      <UZL>135.12168783774831</UZL>
      <K0>0.36291034107829545</K0>
      <K1>0.14415626208386315</K1>
      <K2>0.049935698645677186</K2>
      <MAXBAS>1</MAXBAS>
      <Cet>0</Cet>
      <PCALT>10</PCALT>
      <TCALT>0.6</TCALT>
      <Pelev>601.5</Pelev>
      <Telev>601.5</Telev>
      <PART>0.5</PART>
      <DELAY>1</DELAY>
    </SubCatchmentParameters>
    <SubCatchmentVegetationZone>
      <SubCatchmentVegetationZoneParameters>
        <TT>-0.80000077608316722</TT>
        <CFMAX>2.4583778456476795</CFMAX>
        <SP>0</SP>
        <SFCF>0.927247595056177</SFCF>
        <CFR>0.010819924027282109</CFR>
        <CWH>0.10000010091976205</CWH>
        <CFGlacier>1</CFGlacier>
        <CFSlope>1</CFSlope>
        <FC>136.84954592083486</FC>
        <LP>0.69062643753059227</LP>
        <BETA>5.2426885599037867</BETA>
      </SubCatchmentVegetationZoneParameters>
    </SubCatchmentVegetationZone>
  </SubCatchment>
</Catchment>