<?xml version="1.0" encoding="utf-8"?>
<Catchment xmlns:xsi="http://www.w3.org/2001/XMLSchema-instance" xmlns:xsd="http://www.w3.org/2001/XMLSchema">
  <CatchmentParameters>
    <KSI>0.001</KSI>
    <KGmin>0.05</KGmin>
    <RangeKG>0.1</RangeKG>
    <AG>0.1</AG>
    <PERC>4.2434924606845179</PERC>
    <Alpha>0</Alpha>
    <UZL>43.532100968472548</UZL>
    <K0>0.24804172243377873</K0>
    <K1>0.12902444680332234</K1>
    <K2>0.056207847026008076</K2>
    <MAXBAS>1</MAXBAS>
    <Cet>0</Cet>
    <PCALT>10</PCALT>
    <TCALT>0.6</TCALT>
    <Pelev>601.5</Pelev>
    <Telev>601.5</Telev>
    <PART>0.5</PART>
    <DELAY>1</DELAY>
  </CatchmentParameters>
  <VegetationZone>
    <VegetationZoneParameters>
      <TT>-2.0000031342220663</TT>
      <CFMAX>1.4226094422220164</CFMAX>
      <SP>0</SP>
      <SFCF>0.91639547160429946</SFCF>
      <CFR>0.040273247603348009</CFR>
      <CWH>0.10000009048996712</CWH>
      <CFGlacier>1</CFGlacier>
      <CFSlope>1</CFSlope>
      <FC>135.63318852789183</FC>
      <LP>0.63456617824592432</LP>
      <BETA>4.198173743979801</BETA>
    </VegetationZoneParameters>
  </VegetationZone>
  <SubCatchment>
    <SubCatchmentParameters>
      <KSI>0.001</KSI>
      <KGmin>0.05</KGmin>
      <RangeKG>0.1</RangeKG>
      <AG>0.1</AG>
      <PERC>4.2434924606845179</PERC>
      <Alpha>0</Alpha>
      <UZL>43.532100968472548</UZL>
      <K0>0.24804172243377873</K0>
      <K1>0.12902444680332234</K1>
      <K2>0.056207847026008076</K2>
      <MAXBAS>1</MAXBAS>
      <Cet>0</Cet>
      <PCALT>10</PCALT>
      <TCALT>0.6</TCALT>
      <Pelev>601.5</Pelev>
      <Telev>601.5</Telev>
      <PART>0.5</PART>
      <DELAY>1</DELAY>
    </SubCatchmentParameters>
    <SubCatchmentVegetationZone>
      <SubCatchmentVegetationZoneParameters>
        <TT>-2.0000031342220663</TT>
        <CFMAX>1.4226094422220164</CFMAX>
        <SP>0</SP>
        <SFCF>0.91639547160429946</SFCF>
        <CFR>0.040273247603348009</CFR>
        <CWH>0.10000009048996712</CWH>
        <CFGlacier>1</CFGlacier>
        <CFSlope>1</CFSlope>
        <FC>135.63318852789183</FC>
        <LP>0.63456617824592432</LP>
        <BETA>4.198173743979801</BETA>
      </SubCatchmentVegetationZoneParameters>
    </SubCatchmentVegetationZone>
  </SubCatchment>
</Catchment>