<?xml version="1.0" encoding="utf-8"?>
<Catchment xmlns:xsi="http://www.w3.org/2001/XMLSchema-instance" xmlns:xsd="http://www.w3.org/2001/XMLSchema">
  <CatchmentParameters>
    <KSI>0.001</KSI>
    <KGmin>0.05</KGmin>
    <RangeKG>0.1</RangeKG>
    <AG>0.1</AG>
    <PERC>4.3915980947797628</PERC>
    <Alpha>0</Alpha>
    <UZL>49.658392876581189</UZL>
    <K0>0.1291881890199463</K0>
    <K1>0.13669864648962879</K1>
    <K2>0.051539402562863004</K2>
    <MAXBAS>1</MAXBAS>
    <Cet>0</Cet>
    <PCALT>10</PCALT>
    <TCALT>0.6</TCALT>
    <Pelev>601.5</Pelev>
    <Telev>601.5</Telev>
    <PART>0.5</PART>
    <DELAY>1</DELAY>
  </CatchmentParameters>
  <VegetationZone>
    <VegetationZoneParameters>
      <TT>-1.1522109657701851</TT>
      <CFMAX>1.9317942775560815</CFMAX>
      <SP>0</SP>
      <SFCF>0.89307118655424711</SFCF>
      <CFR>2.857621917889106E-08</CFR>
      <CWH>0.10000039749183237</CWH>
      <CFGlacier>1</CFGlacier>
      <CFSlope>1</CFSlope>
      <FC>114.05394782876988</FC>
      <LP>0.697686463384884</LP>
      <BETA>5.3634921704759844</BETA>
    </VegetationZoneParameters>
  </VegetationZone>
  <SubCatchment>
    <SubCatchmentParameters>
      <KSI>0.001</KSI>
      <KGmin>0.05</KGmin>
      <RangeKG>0.1</RangeKG>
      <AG>0.1</AG>
      <PERC>4.3915980947797628</PERC>
      <Alpha>0</Alpha>
      <UZL>49.658392876581189</UZL>
      <K0>0.1291881890199463</K0>
      <K1>0.13669864648962879</K1>
      <K2>0.051539402562863004</K2>
      <MAXBAS>1</MAXBAS>
      <Cet>0</Cet>
      <PCALT>10</PCALT>
      <TCALT>0.6</TCALT>
      <Pelev>601.5</Pelev>
      <Telev>601.5</Telev>
      <PART>0.5</PART>
      <DELAY>1</DELAY>
    </SubCatchmentParameters>
    <SubCatchmentVegetationZone>
      <SubCatchmentVegetationZoneParameters>
        <TT>-1.1522109657701851</TT>
        <CFMAX>1.9317942775560815</CFMAX>
        <SP>0</SP>
        <SFCF>0.89307118655424711</SFCF>
        <CFR>2.857621917889106E-08</CFR>
        <CWH>0.10000039749183237</CWH>
        <CFGlacier>1</CFGlacier>
        <CFSlope>1</CFSlope>
        <FC>114.05394782876988</FC>
        <LP>0.697686463384884</LP>
        <BETA>5.3634921704759844</BETA>
      </SubCatchmentVegetationZoneParameters>
    </SubCatchmentVegetationZone>
  </SubCatchment>
</Catchment>