<?xml version="1.0" encoding="utf-8"?>
<Catchment xmlns:xsi="http://www.w3.org/2001/XMLSchema-instance" xmlns:xsd="http://www.w3.org/2001/XMLSchema">
  <CatchmentParameters>
    <KSI>0.001</KSI>
    <KGmin>0.05</KGmin>
    <RangeKG>0.1</RangeKG>
    <AG>0.1</AG>
    <PERC>9.1864856017902845</PERC>
    <Alpha>0</Alpha>
    <UZL>175.25363871813161</UZL>
    <K0>0.48225530120037663</K0>
    <K1>0.28676018180252122</K1>
    <K2>0.095125399276236575</K2>
    <MAXBAS>1.2087455116201202</MAXBAS>
    <Cet>0</Cet>
    <PCALT>10</PCALT>
    <TCALT>0.6</TCALT>
    <Pelev>601.5</Pelev>
    <Telev>601.5</Telev>
    <PART>0.5</PART>
    <DELAY>1</DELAY>
  </CatchmentParameters>
  <VegetationZone>
    <VegetationZoneParameters>
      <TT>-1.1500987881062534</TT>
      <CFMAX>1.6842289849937446</CFMAX>
      <SP>0</SP>
      <SFCF>0.69508787367203939</SFCF>
      <CFR>0.050796550757894389</CFR>
      <CWH>0.10000000005767627</CWH>
      <CFGlacier>1</CFGlacier>
      <CFSlope>1</CFSlope>
      <FC>135.08703219485113</FC>
      <LP>0.68888944524240192</LP>
      <BETA>3.146710316947388</BETA>
    </VegetationZoneParameters>
  </VegetationZone>
  <SubCatchment>
    <SubCatchmentParameters>
      <KSI>0.001</KSI>
      <KGmin>0.05</KGmin>
      <RangeKG>0.1</RangeKG>
      <AG>0.1</AG>
      <PERC>9.1864856017902845</PERC>
      <Alpha>0</Alpha>
      <UZL>175.25363871813161</UZL>
      <K0>0.48225530120037663</K0>
      <K1>0.28676018180252122</K1>
      <K2>0.095125399276236575</K2>
      <MAXBAS>1.2087455116201202</MAXBAS>
      <Cet>0</Cet>
      <PCALT>10</PCALT>
      <TCALT>0.6</TCALT>
      <Pelev>601.5</Pelev>
      <Telev>601.5</Telev>
      <PART>0.5</PART>
      <DELAY>1</DELAY>
    </SubCatchmentParameters>
    <SubCatchmentVegetationZone>
      <SubCatchmentVegetationZoneParameters>
        <TT>-1.1500987881062534</TT>
        <CFMAX>1.6842289849937446</CFMAX>
        <SP>0</SP>
        <SFCF>0.69508787367203939</SFCF>
        <CFR>0.050796550757894389</CFR>
        <CWH>0.10000000005767627</CWH>
        <CFGlacier>1</CFGlacier>
        <CFSlope>1</CFSlope>
        <FC>135.08703219485113</FC>
        <LP>0.68888944524240192</LP>
        <BETA>3.146710316947388</BETA>
      </SubCatchmentVegetationZoneParameters>
    </SubCatchmentVegetationZone>
  </SubCatchment>
</Catchment>