<?xml version="1.0" encoding="utf-8"?>
<Catchment xmlns:xsi="http://www.w3.org/2001/XMLSchema-instance" xmlns:xsd="http://www.w3.org/2001/XMLSchema">
  <CatchmentParameters>
    <KSI>0.001</KSI>
    <KGmin>0.05</KGmin>
    <RangeKG>0.1</RangeKG>
    <AG>0.1</AG>
    <PERC>9.6525060126561257</PERC>
    <Alpha>0</Alpha>
    <UZL>176.54276241682342</UZL>
    <K0>0.34404434989810123</K0>
    <K1>0.2252424509003215</K1>
    <K2>0.067817849376402214</K2>
    <MAXBAS>1.0049860869095868</MAXBAS>
    <Cet>0</Cet>
    <PCALT>10</PCALT>
    <TCALT>0.6</TCALT>
    <Pelev>601.5</Pelev>
    <Telev>601.5</Telev>
    <PART>0.5</PART>
    <DELAY>1</DELAY>
  </CatchmentParameters>
  <VegetationZone>
    <VegetationZoneParameters>
      <TT>-0.6521324993114187</TT>
      <CFMAX>2.2696457505193841</CFMAX>
      <SP>0</SP>
      <SFCF>0.86398593469548368</SFCF>
      <CFR>2.649005387198736E-11</CFR>
      <CWH>0.10000043490094555</CWH>
      <CFGlacier>1</CFGlacier>
      <CFSlope>1</CFSlope>
      <FC>111.31467004595028</FC>
      <LP>0.790475542301196</LP>
      <BETA>4.06473850626649</BETA>
    </VegetationZoneParameters>
  </VegetationZone>
  <SubCatchment>
    <SubCatchmentParameters>
      <KSI>0.001</KSI>
      <KGmin>0.05</KGmin>
      <RangeKG>0.1</RangeKG>
      <AG>0.1</AG>
      <PERC>9.6525060126561257</PERC>
      <Alpha>0</Alpha>
      <UZL>176.54276241682342</UZL>
      <K0>0.34404434989810123</K0>
      <K1>0.2252424509003215</K1>
      <K2>0.067817849376402214</K2>
      <MAXBAS>1.0049860869095868</MAXBAS>
      <Cet>0</Cet>
      <PCALT>10</PCALT>
      <TCALT>0.6</TCALT>
      <Pelev>601.5</Pelev>
      <Telev>601.5</Telev>
      <PART>0.5</PART>
      <DELAY>1</DELAY>
    </SubCatchmentParameters>
    <SubCatchmentVegetationZone>
      <SubCatchmentVegetationZoneParameters>
        <TT>-0.6521324993114187</TT>
        <CFMAX>2.2696457505193841</CFMAX>
        <SP>0</SP>
        <SFCF>0.86398593469548368</SFCF>
        <CFR>2.649005387198736E-11</CFR>
        <CWH>0.10000043490094555</CWH>
        <CFGlacier>1</CFGlacier>
        <CFSlope>1</CFSlope>
        <FC>111.31467004595028</FC>
        <LP>0.790475542301196</LP>
        <BETA>4.06473850626649</BETA>
      </SubCatchmentVegetationZoneParameters>
    </SubCatchmentVegetationZone>
  </SubCatchment>
</Catchment>