<?xml version="1.0" encoding="utf-8"?>
<Catchment xmlns:xsi="http://www.w3.org/2001/XMLSchema-instance" xmlns:xsd="http://www.w3.org/2001/XMLSchema">
  <CatchmentParameters>
    <KSI>0.001</KSI>
    <KGmin>0.05</KGmin>
    <RangeKG>0.1</RangeKG>
    <AG>0.1</AG>
    <PERC>4.6269309753628649</PERC>
    <Alpha>0</Alpha>
    <UZL>65.372509812834309</UZL>
    <K0>0.46738831290453769</K0>
    <K1>0.15276840627581348</K1>
    <K2>0.0532473737326452</K2>
    <MAXBAS>1</MAXBAS>
    <Cet>0</Cet>
    <PCALT>10</PCALT>
    <TCALT>0.6</TCALT>
    <Pelev>601.5</Pelev>
    <Telev>601.5</Telev>
    <PART>0.5</PART>
    <DELAY>1</DELAY>
  </CatchmentParameters>
  <VegetationZone>
    <VegetationZoneParameters>
      <TT>-1.5000054496400421</TT>
      <CFMAX>1.7208202973623408</CFMAX>
      <SP>0</SP>
      <SFCF>0.93907849986521741</SFCF>
      <CFR>9.407932906381891E-09</CFR>
      <CWH>0.10000003486775598</CWH>
      <CFGlacier>1</CFGlacier>
      <CFSlope>1</CFSlope>
      <FC>152.75977398273179</FC>
      <LP>0.7132633362607701</LP>
      <BETA>5.5413779055757288</BETA>
    </VegetationZoneParameters>
  </VegetationZone>
  <SubCatchment>
    <SubCatchmentParameters>
      <KSI>0.001</KSI>
      <KGmin>0.05</KGmin>
      <RangeKG>0.1</RangeKG>
      <AG>0.1</AG>
      <PERC>4.6269309753628649</PERC>
      <Alpha>0</Alpha>
      <UZL>65.372509812834309</UZL>
      <K0>0.46738831290453769</K0>
      <K1>0.15276840627581348</K1>
      <K2>0.0532473737326452</K2>
      <MAXBAS>1</MAXBAS>
      <Cet>0</Cet>
      <PCALT>10</PCALT>
      <TCALT>0.6</TCALT>
      <Pelev>601.5</Pelev>
      <Telev>601.5</Telev>
      <PART>0.5</PART>
      <DELAY>1</DELAY>
    </SubCatchmentParameters>
    <SubCatchmentVegetationZone>
      <SubCatchmentVegetationZoneParameters>
        <TT>-1.5000054496400421</TT>
        <CFMAX>1.7208202973623408</CFMAX>
        <SP>0</SP>
        <SFCF>0.93907849986521741</SFCF>
        <CFR>9.407932906381891E-09</CFR>
        <CWH>0.10000003486775598</CWH>
        <CFGlacier>1</CFGlacier>
        <CFSlope>1</CFSlope>
        <FC>152.75977398273179</FC>
        <LP>0.7132633362607701</LP>
        <BETA>5.5413779055757288</BETA>
      </SubCatchmentVegetationZoneParameters>
    </SubCatchmentVegetationZone>
  </SubCatchment>
</Catchment>