<?xml version="1.0" encoding="utf-8"?>
<Catchment xmlns:xsi="http://www.w3.org/2001/XMLSchema-instance" xmlns:xsd="http://www.w3.org/2001/XMLSchema">
  <CatchmentParameters>
    <KSI>0.001</KSI>
    <KGmin>0.05</KGmin>
    <RangeKG>0.1</RangeKG>
    <AG>0.1</AG>
    <PERC>7.4770047188902407</PERC>
    <Alpha>0</Alpha>
    <UZL>164.43123758699363</UZL>
    <K0>0.11355148864590217</K0>
    <K1>0.17242787801556564</K1>
    <K2>0.0746001929978789</K2>
    <MAXBAS>1.000000028506669</MAXBAS>
    <Cet>0</Cet>
    <PCALT>10</PCALT>
    <TCALT>0.6</TCALT>
    <Pelev>601.5</Pelev>
    <Telev>601.5</Telev>
    <PART>0.5</PART>
    <DELAY>1</DELAY>
  </CatchmentParameters>
  <VegetationZone>
    <VegetationZoneParameters>
      <TT>0.700002345362448</TT>
      <CFMAX>3.5846963441715674</CFMAX>
      <SP>0</SP>
      <SFCF>0.64945822823126842</SFCF>
      <CFR>0.021705321297310006</CFR>
      <CWH>0.10000008802297516</CWH>
      <CFGlacier>1</CFGlacier>
      <CFSlope>1</CFSlope>
      <FC>125.32558383373613</FC>
      <LP>0.67549890554618219</LP>
      <BETA>2.9982863121458108</BETA>
    </VegetationZoneParameters>
  </VegetationZone>
  <SubCatchment>
    <SubCatchmentParameters>
      <KSI>0.001</KSI>
      <KGmin>0.05</KGmin>
      <RangeKG>0.1</RangeKG>
      <AG>0.1</AG>
      <PERC>7.4770047188902407</PERC>
      <Alpha>0</Alpha>
      <UZL>164.43123758699363</UZL>
      <K0>0.11355148864590217</K0>
      <K1>0.17242787801556564</K1>
      <K2>0.0746001929978789</K2>
      <MAXBAS>1.000000028506669</MAXBAS>
      <Cet>0</Cet>
      <PCALT>10</PCALT>
      <TCALT>0.6</TCALT>
      <Pelev>601.5</Pelev>
      <Telev>601.5</Telev>
      <PART>0.5</PART>
      <DELAY>1</DELAY>
    </SubCatchmentParameters>
    <SubCatchmentVegetationZone>
      <SubCatchmentVegetationZoneParameters>
        <TT>0.700002345362448</TT>
        <CFMAX>3.5846963441715674</CFMAX>
        <SP>0</SP>
        <SFCF>0.64945822823126842</SFCF>
        <CFR>0.021705321297310006</CFR>
        <CWH>0.10000008802297516</CWH>
        <CFGlacier>1</CFGlacier>
        <CFSlope>1</CFSlope>
        <FC>125.32558383373613</FC>
        <LP>0.67549890554618219</LP>
        <BETA>2.9982863121458108</BETA>
      </SubCatchmentVegetationZoneParameters>
    </SubCatchmentVegetationZone>
  </SubCatchment>
</Catchment>