<?xml version="1.0" encoding="utf-8"?>
<Catchment xmlns:xsi="http://www.w3.org/2001/XMLSchema-instance" xmlns:xsd="http://www.w3.org/2001/XMLSchema">
  <CatchmentParameters>
    <KSI>0.001</KSI>
    <KGmin>0.05</KGmin>
    <RangeKG>0.1</RangeKG>
    <AG>0.1</AG>
    <PERC>5.6723419700992128</PERC>
    <Alpha>0</Alpha>
    <UZL>164.30627284456574</UZL>
    <K0>0.1784709547243668</K0>
    <K1>0.1878404834819567</K1>
    <K2>0.0664441140728792</K2>
    <MAXBAS>1.000073077529456</MAXBAS>
    <Cet>0</Cet>
    <PCALT>10</PCALT>
    <TCALT>0.6</TCALT>
    <Pelev>601.5</Pelev>
    <Telev>601.5</Telev>
    <PART>0.5</PART>
    <DELAY>1</DELAY>
  </CatchmentParameters>
  <VegetationZone>
    <VegetationZoneParameters>
      <TT>-0.022297765555521321</TT>
      <CFMAX>2.5933001499558785</CFMAX>
      <SP>0</SP>
      <SFCF>0.66143398429240674</SFCF>
      <CFR>0.047287361164412074</CFR>
      <CWH>0.10000562715825555</CWH>
      <CFGlacier>1</CFGlacier>
      <CFSlope>1</CFSlope>
      <FC>132.77965253210235</FC>
      <LP>0.80311806381156181</LP>
      <BETA>3.8681081998626263</BETA>
    </VegetationZoneParameters>
  </VegetationZone>
  <SubCatchment>
    <SubCatchmentParameters>
      <KSI>0.001</KSI>
      <KGmin>0.05</KGmin>
      <RangeKG>0.1</RangeKG>
      <AG>0.1</AG>
      <PERC>5.6723419700992128</PERC>
      <Alpha>0</Alpha>
      <UZL>164.30627284456574</UZL>
      <K0>0.1784709547243668</K0>
      <K1>0.1878404834819567</K1>
      <K2>0.0664441140728792</K2>
      <MAXBAS>1.000073077529456</MAXBAS>
      <Cet>0</Cet>
      <PCALT>10</PCALT>
      <TCALT>0.6</TCALT>
      <Pelev>601.5</Pelev>
      <Telev>601.5</Telev>
      <PART>0.5</PART>
      <DELAY>1</DELAY>
    </SubCatchmentParameters>
    <SubCatchmentVegetationZone>
      <SubCatchmentVegetationZoneParameters>
        <TT>-0.022297765555521321</TT>
        <CFMAX>2.5933001499558785</CFMAX>
        <SP>0</SP>
        <SFCF>0.66143398429240674</SFCF>
        <CFR>0.047287361164412074</CFR>
        <CWH>0.10000562715825555</CWH>
        <CFGlacier>1</CFGlacier>
        <CFSlope>1</CFSlope>
        <FC>132.77965253210235</FC>
        <LP>0.80311806381156181</LP>
        <BETA>3.8681081998626263</BETA>
      </SubCatchmentVegetationZoneParameters>
    </SubCatchmentVegetationZone>
  </SubCatchment>
</Catchment>