<?xml version="1.0" encoding="utf-8"?>
<Catchment xmlns:xsi="http://www.w3.org/2001/XMLSchema-instance" xmlns:xsd="http://www.w3.org/2001/XMLSchema">
  <CatchmentParameters>
    <KSI>0.001</KSI>
    <KGmin>0.05</KGmin>
    <RangeKG>0.1</RangeKG>
    <AG>0.1</AG>
    <PERC>3.4037467553252725</PERC>
    <Alpha>0</Alpha>
    <UZL>71.71398741983586</UZL>
    <K0>0.3386019689792435</K0>
    <K1>0.11235603389609342</K1>
    <K2>0.046963666717929946</K2>
    <MAXBAS>1</MAXBAS>
    <Cet>0</Cet>
    <PCALT>10</PCALT>
    <TCALT>0.6</TCALT>
    <Pelev>601.5</Pelev>
    <Telev>601.5</Telev>
    <PART>0.5</PART>
    <DELAY>1</DELAY>
  </CatchmentParameters>
  <VegetationZone>
    <VegetationZoneParameters>
      <TT>-2.0000028950708368</TT>
      <CFMAX>1.658042189808207</CFMAX>
      <SP>0</SP>
      <SFCF>0.95670968193819084</SFCF>
      <CFR>0.06894842165087095</CFR>
      <CWH>0.10000000016690892</CWH>
      <CFGlacier>1</CFGlacier>
      <CFSlope>1</CFSlope>
      <FC>120.26525499959541</FC>
      <LP>0.58500002899839443</LP>
      <BETA>4.6886964319949893</BETA>
    </VegetationZoneParameters>
  </VegetationZone>
  <SubCatchment>
    <SubCatchmentParameters>
      <KSI>0.001</KSI>
      <KGmin>0.05</KGmin>
      <RangeKG>0.1</RangeKG>
      <AG>0.1</AG>
      <PERC>3.4037467553252725</PERC>
      <Alpha>0</Alpha>
      <UZL>71.71398741983586</UZL>
      <K0>0.3386019689792435</K0>
      <K1>0.11235603389609342</K1>
      <K2>0.046963666717929946</K2>
      <MAXBAS>1</MAXBAS>
      <Cet>0</Cet>
      <PCALT>10</PCALT>
      <TCALT>0.6</TCALT>
      <Pelev>601.5</Pelev>
      <Telev>601.5</Telev>
      <PART>0.5</PART>
      <DELAY>1</DELAY>
    </SubCatchmentParameters>
    <SubCatchmentVegetationZone>
      <SubCatchmentVegetationZoneParameters>
        <TT>-2.0000028950708368</TT>
        <CFMAX>1.658042189808207</CFMAX>
        <SP>0</SP>
        <SFCF>0.95670968193819084</SFCF>
        <CFR>0.06894842165087095</CFR>
        <CWH>0.10000000016690892</CWH>
        <CFGlacier>1</CFGlacier>
        <CFSlope>1</CFSlope>
        <FC>120.26525499959541</FC>
        <LP>0.58500002899839443</LP>
        <BETA>4.6886964319949893</BETA>
      </SubCatchmentVegetationZoneParameters>
    </SubCatchmentVegetationZone>
  </SubCatchment>
</Catchment>