<?xml version="1.0" encoding="utf-8"?>
<Catchment xmlns:xsi="http://www.w3.org/2001/XMLSchema-instance" xmlns:xsd="http://www.w3.org/2001/XMLSchema">
  <CatchmentParameters>
    <KSI>0.001</KSI>
    <KGmin>0.05</KGmin>
    <RangeKG>0.1</RangeKG>
    <AG>0.1</AG>
    <PERC>7.102843835753049</PERC>
    <Alpha>0</Alpha>
    <UZL>150.66094162603221</UZL>
    <K0>0.17656608513033839</K0>
    <K1>0.20688520866662305</K1>
    <K2>0.058867454680448753</K2>
    <MAXBAS>1.00009715282339</MAXBAS>
    <Cet>0</Cet>
    <PCALT>10</PCALT>
    <TCALT>0.6</TCALT>
    <Pelev>601.5</Pelev>
    <Telev>601.5</Telev>
    <PART>0.5</PART>
    <DELAY>1</DELAY>
  </CatchmentParameters>
  <VegetationZone>
    <VegetationZoneParameters>
      <TT>-0.54999615284359893</TT>
      <CFMAX>2.282318463160788</CFMAX>
      <SP>0</SP>
      <SFCF>0.76141241703197438</SFCF>
      <CFR>0.028500147680149163</CFR>
      <CWH>0.10000011553566805</CWH>
      <CFGlacier>1</CFGlacier>
      <CFSlope>1</CFSlope>
      <FC>86.6529333694707</FC>
      <LP>0.63800251257626328</LP>
      <BETA>3.2219195903947968</BETA>
    </VegetationZoneParameters>
  </VegetationZone>
  <SubCatchment>
    <SubCatchmentParameters>
      <KSI>0.001</KSI>
      <KGmin>0.05</KGmin>
      <RangeKG>0.1</RangeKG>
      <AG>0.1</AG>
      <PERC>7.102843835753049</PERC>
      <Alpha>0</Alpha>
      <UZL>150.66094162603221</UZL>
      <K0>0.17656608513033839</K0>
      <K1>0.20688520866662305</K1>
      <K2>0.058867454680448753</K2>
      <MAXBAS>1.00009715282339</MAXBAS>
      <Cet>0</Cet>
      <PCALT>10</PCALT>
      <TCALT>0.6</TCALT>
      <Pelev>601.5</Pelev>
      <Telev>601.5</Telev>
      <PART>0.5</PART>
      <DELAY>1</DELAY>
    </SubCatchmentParameters>
    <SubCatchmentVegetationZone>
      <SubCatchmentVegetationZoneParameters>
        <TT>-0.54999615284359893</TT>
        <CFMAX>2.282318463160788</CFMAX>
        <SP>0</SP>
        <SFCF>0.76141241703197438</SFCF>
        <CFR>0.028500147680149163</CFR>
        <CWH>0.10000011553566805</CWH>
        <CFGlacier>1</CFGlacier>
        <CFSlope>1</CFSlope>
        <FC>86.6529333694707</FC>
        <LP>0.63800251257626328</LP>
        <BETA>3.2219195903947968</BETA>
      </SubCatchmentVegetationZoneParameters>
    </SubCatchmentVegetationZone>
  </SubCatchment>
</Catchment>