<?xml version="1.0" encoding="utf-8"?>
<Catchment xmlns:xsi="http://www.w3.org/2001/XMLSchema-instance" xmlns:xsd="http://www.w3.org/2001/XMLSchema">
  <CatchmentParameters>
    <KSI>0.001</KSI>
    <KGmin>0.05</KGmin>
    <RangeKG>0.1</RangeKG>
    <AG>0.1</AG>
    <PERC>5.1044439505746757</PERC>
    <Alpha>0</Alpha>
    <UZL>85.975387057574736</UZL>
    <K0>0.25445925160126837</K0>
    <K1>0.14718704262603438</K1>
    <K2>0.051530907422425755</K2>
    <MAXBAS>1</MAXBAS>
    <Cet>0</Cet>
    <PCALT>10</PCALT>
    <TCALT>0.6</TCALT>
    <Pelev>601.5</Pelev>
    <Telev>601.5</Telev>
    <PART>0.5</PART>
    <DELAY>1</DELAY>
  </CatchmentParameters>
  <VegetationZone>
    <VegetationZoneParameters>
      <TT>-1.2621926946170887</TT>
      <CFMAX>2.2218183736382611</CFMAX>
      <SP>0</SP>
      <SFCF>0.91687517712795585</SFCF>
      <CFR>0.041974062665859659</CFR>
      <CWH>0.10000000002079475</CWH>
      <CFGlacier>1</CFGlacier>
      <CFSlope>1</CFSlope>
      <FC>141.71266096549218</FC>
      <LP>0.75225598092735435</LP>
      <BETA>5.9400050531086954</BETA>
    </VegetationZoneParameters>
  </VegetationZone>
  <SubCatchment>
    <SubCatchmentParameters>
      <KSI>0.001</KSI>
      <KGmin>0.05</KGmin>
      <RangeKG>0.1</RangeKG>
      <AG>0.1</AG>
      <PERC>5.1044439505746757</PERC>
      <Alpha>0</Alpha>
      <UZL>85.975387057574736</UZL>
      <K0>0.25445925160126837</K0>
      <K1>0.14718704262603438</K1>
      <K2>0.051530907422425755</K2>
      <MAXBAS>1</MAXBAS>
      <Cet>0</Cet>
      <PCALT>10</PCALT>
      <TCALT>0.6</TCALT>
      <Pelev>601.5</Pelev>
      <Telev>601.5</Telev>
      <PART>0.5</PART>
      <DELAY>1</DELAY>
    </SubCatchmentParameters>
    <SubCatchmentVegetationZone>
      <SubCatchmentVegetationZoneParameters>
        <TT>-1.2621926946170887</TT>
        <CFMAX>2.2218183736382611</CFMAX>
        <SP>0</SP>
        <SFCF>0.91687517712795585</SFCF>
        <CFR>0.041974062665859659</CFR>
        <CWH>0.10000000002079475</CWH>
        <CFGlacier>1</CFGlacier>
        <CFSlope>1</CFSlope>
        <FC>141.71266096549218</FC>
        <LP>0.75225598092735435</LP>
        <BETA>5.9400050531086954</BETA>
      </SubCatchmentVegetationZoneParameters>
    </SubCatchmentVegetationZone>
  </SubCatchment>
</Catchment>