<?xml version="1.0" encoding="utf-8"?>
<Catchment xmlns:xsi="http://www.w3.org/2001/XMLSchema-instance" xmlns:xsd="http://www.w3.org/2001/XMLSchema">
  <CatchmentParameters>
    <KSI>0.001</KSI>
    <KGmin>0.05</KGmin>
    <RangeKG>0.1</RangeKG>
    <AG>0.1</AG>
    <PERC>9.9999085128307232</PERC>
    <Alpha>0</Alpha>
    <UZL>161.75252632257491</UZL>
    <K0>0.43140766605753988</K0>
    <K1>0.28522818346909606</K1>
    <K2>0.089121674928085245</K2>
    <MAXBAS>1.2086685007499378</MAXBAS>
    <Cet>0</Cet>
    <PCALT>10</PCALT>
    <TCALT>0.6</TCALT>
    <Pelev>601.5</Pelev>
    <Telev>601.5</Telev>
    <PART>0.5</PART>
    <DELAY>1</DELAY>
  </CatchmentParameters>
  <VegetationZone>
    <VegetationZoneParameters>
      <TT>-0.95459476591614156</TT>
      <CFMAX>1.9285647388256542</CFMAX>
      <SP>0</SP>
      <SFCF>0.72213936542536872</SFCF>
      <CFR>0.0610130929178311</CFR>
      <CWH>0.10000005420851377</CWH>
      <CFGlacier>1</CFGlacier>
      <CFSlope>1</CFSlope>
      <FC>172.99948456000203</FC>
      <LP>0.891392367604741</LP>
      <BETA>4.7456214936767225</BETA>
    </VegetationZoneParameters>
  </VegetationZone>
  <SubCatchment>
    <SubCatchmentParameters>
      <KSI>0.001</KSI>
      <KGmin>0.05</KGmin>
      <RangeKG>0.1</RangeKG>
      <AG>0.1</AG>
      <PERC>9.9999085128307232</PERC>
      <Alpha>0</Alpha>
      <UZL>161.75252632257491</UZL>
      <K0>0.43140766605753988</K0>
      <K1>0.28522818346909606</K1>
      <K2>0.089121674928085245</K2>
      <MAXBAS>1.2086685007499378</MAXBAS>
      <Cet>0</Cet>
      <PCALT>10</PCALT>
      <TCALT>0.6</TCALT>
      <Pelev>601.5</Pelev>
      <Telev>601.5</Telev>
      <PART>0.5</PART>
      <DELAY>1</DELAY>
    </SubCatchmentParameters>
    <SubCatchmentVegetationZone>
      <SubCatchmentVegetationZoneParameters>
        <TT>-0.95459476591614156</TT>
        <CFMAX>1.9285647388256542</CFMAX>
        <SP>0</SP>
        <SFCF>0.72213936542536872</SFCF>
        <CFR>0.0610130929178311</CFR>
        <CWH>0.10000005420851377</CWH>
        <CFGlacier>1</CFGlacier>
        <CFSlope>1</CFSlope>
        <FC>172.99948456000203</FC>
        <LP>0.891392367604741</LP>
        <BETA>4.7456214936767225</BETA>
      </SubCatchmentVegetationZoneParameters>
    </SubCatchmentVegetationZone>
  </SubCatchment>
</Catchment>