<?xml version="1.0" encoding="utf-8"?>
<Catchment xmlns:xsi="http://www.w3.org/2001/XMLSchema-instance" xmlns:xsd="http://www.w3.org/2001/XMLSchema">
  <CatchmentParameters>
    <KSI>0.001</KSI>
    <KGmin>0.05</KGmin>
    <RangeKG>0.1</RangeKG>
    <AG>0.1</AG>
    <PERC>8.5748654412870025</PERC>
    <Alpha>0</Alpha>
    <UZL>98.761529863650068</UZL>
    <K0>0.538787528899853</K0>
    <K1>0.2564762063453</K1>
    <K2>0.10662478945628545</K2>
    <MAXBAS>1.0000679261815584</MAXBAS>
    <Cet>0</Cet>
    <PCALT>10</PCALT>
    <TCALT>0.6</TCALT>
    <Pelev>601.5</Pelev>
    <Telev>601.5</Telev>
    <PART>0.5</PART>
    <DELAY>1</DELAY>
  </CatchmentParameters>
  <VegetationZone>
    <VegetationZoneParameters>
      <TT>0.033976757254991267</TT>
      <CFMAX>2.193077466446105</CFMAX>
      <SP>0</SP>
      <SFCF>0.57444546346399472</SFCF>
      <CFR>0.040336250906978025</CFR>
      <CWH>0.10000055703743616</CWH>
      <CFGlacier>1</CFGlacier>
      <CFSlope>1</CFSlope>
      <FC>222.43201270021177</FC>
      <LP>0.93224379231469445</LP>
      <BETA>5.3090236783021068</BETA>
    </VegetationZoneParameters>
  </VegetationZone>
  <SubCatchment>
    <SubCatchmentParameters>
      <KSI>0.001</KSI>
      <KGmin>0.05</KGmin>
      <RangeKG>0.1</RangeKG>
      <AG>0.1</AG>
      <PERC>8.5748654412870025</PERC>
      <Alpha>0</Alpha>
      <UZL>98.761529863650068</UZL>
      <K0>0.538787528899853</K0>
      <K1>0.2564762063453</K1>
      <K2>0.10662478945628545</K2>
      <MAXBAS>1.0000679261815584</MAXBAS>
      <Cet>0</Cet>
      <PCALT>10</PCALT>
      <TCALT>0.6</TCALT>
      <Pelev>601.5</Pelev>
      <Telev>601.5</Telev>
      <PART>0.5</PART>
      <DELAY>1</DELAY>
    </SubCatchmentParameters>
    <SubCatchmentVegetationZone>
      <SubCatchmentVegetationZoneParameters>
        <TT>0.033976757254991267</TT>
        <CFMAX>2.193077466446105</CFMAX>
        <SP>0</SP>
        <SFCF>0.57444546346399472</SFCF>
        <CFR>0.040336250906978025</CFR>
        <CWH>0.10000055703743616</CWH>
        <CFGlacier>1</CFGlacier>
        <CFSlope>1</CFSlope>
        <FC>222.43201270021177</FC>
        <LP>0.93224379231469445</LP>
        <BETA>5.3090236783021068</BETA>
      </SubCatchmentVegetationZoneParameters>
    </SubCatchmentVegetationZone>
  </SubCatchment>
</Catchment>