<?xml version="1.0" encoding="utf-8"?>
<Catchment xmlns:xsi="http://www.w3.org/2001/XMLSchema-instance" xmlns:xsd="http://www.w3.org/2001/XMLSchema">
  <CatchmentParameters>
    <KSI>0.001</KSI>
    <KGmin>0.05</KGmin>
    <RangeKG>0.1</RangeKG>
    <AG>0.1</AG>
    <PERC>5.6844985825911971</PERC>
    <Alpha>0</Alpha>
    <UZL>142.93504563240725</UZL>
    <K0>0.14392769631846453</K0>
    <K1>0.19826825183439931</K1>
    <K2>0.063228182205192718</K2>
    <MAXBAS>1.00000048971411</MAXBAS>
    <Cet>0</Cet>
    <PCALT>10</PCALT>
    <TCALT>0.6</TCALT>
    <Pelev>601.5</Pelev>
    <Telev>601.5</Telev>
    <PART>0.5</PART>
    <DELAY>1</DELAY>
  </CatchmentParameters>
  <VegetationZone>
    <VegetationZoneParameters>
      <TT>-0.91580163926913627</TT>
      <CFMAX>1.9978853502715086</CFMAX>
      <SP>0</SP>
      <SFCF>0.7441499507485555</SFCF>
      <CFR>0.042757105902122762</CFR>
      <CWH>0.10000004413360102</CWH>
      <CFGlacier>1</CFGlacier>
      <CFSlope>1</CFSlope>
      <FC>154.99909881769926</FC>
      <LP>0.860406728544063</LP>
      <BETA>4.4456054713947175</BETA>
    </VegetationZoneParameters>
  </VegetationZone>
  <SubCatchment>
    <SubCatchmentParameters>
      <KSI>0.001</KSI>
      <KGmin>0.05</KGmin>
      <RangeKG>0.1</RangeKG>
      <AG>0.1</AG>
      <PERC>5.6844985825911971</PERC>
      <Alpha>0</Alpha>
      <UZL>142.93504563240725</UZL>
      <K0>0.14392769631846453</K0>
      <K1>0.19826825183439931</K1>
      <K2>0.063228182205192718</K2>
      <MAXBAS>1.00000048971411</MAXBAS>
      <Cet>0</Cet>
      <PCALT>10</PCALT>
      <TCALT>0.6</TCALT>
      <Pelev>601.5</Pelev>
      <Telev>601.5</Telev>
      <PART>0.5</PART>
      <DELAY>1</DELAY>
    </SubCatchmentParameters>
    <SubCatchmentVegetationZone>
      <SubCatchmentVegetationZoneParameters>
        <TT>-0.91580163926913627</TT>
        <CFMAX>1.9978853502715086</CFMAX>
        <SP>0</SP>
        <SFCF>0.7441499507485555</SFCF>
        <CFR>0.042757105902122762</CFR>
        <CWH>0.10000004413360102</CWH>
        <CFGlacier>1</CFGlacier>
        <CFSlope>1</CFSlope>
        <FC>154.99909881769926</FC>
        <LP>0.860406728544063</LP>
        <BETA>4.4456054713947175</BETA>
      </SubCatchmentVegetationZoneParameters>
    </SubCatchmentVegetationZone>
  </SubCatchment>
</Catchment>