<?xml version="1.0" encoding="utf-8"?>
<Catchment xmlns:xsi="http://www.w3.org/2001/XMLSchema-instance" xmlns:xsd="http://www.w3.org/2001/XMLSchema">
  <CatchmentParameters>
    <KSI>0.001</KSI>
    <KGmin>0.05</KGmin>
    <RangeKG>0.1</RangeKG>
    <AG>0.1</AG>
    <PERC>7.4564193308604017</PERC>
    <Alpha>0</Alpha>
    <UZL>129.81837950092654</UZL>
    <K0>0.43199159996248421</K0>
    <K1>0.19272933655188115</K1>
    <K2>0.064873567500812315</K2>
    <MAXBAS>1.0000000849200081</MAXBAS>
    <Cet>0</Cet>
    <PCALT>10</PCALT>
    <TCALT>0.6</TCALT>
    <Pelev>601.5</Pelev>
    <Telev>601.5</Telev>
    <PART>0.5</PART>
    <DELAY>1</DELAY>
  </CatchmentParameters>
  <VegetationZone>
    <VegetationZoneParameters>
      <TT>-0.58251346274495108</TT>
      <CFMAX>2.3927933727983657</CFMAX>
      <SP>0</SP>
      <SFCF>0.73668243929369492</SFCF>
      <CFR>0.063916459958555633</CFR>
      <CWH>0.11007773041275797</CWH>
      <CFGlacier>1</CFGlacier>
      <CFSlope>1</CFSlope>
      <FC>119.98034801362046</FC>
      <LP>0.81702915577237578</LP>
      <BETA>4.5564519962403827</BETA>
    </VegetationZoneParameters>
  </VegetationZone>
  <SubCatchment>
    <SubCatchmentParameters>
      <KSI>0.001</KSI>
      <KGmin>0.05</KGmin>
      <RangeKG>0.1</RangeKG>
      <AG>0.1</AG>
      <PERC>7.4564193308604017</PERC>
      <Alpha>0</Alpha>
      <UZL>129.81837950092654</UZL>
      <K0>0.43199159996248421</K0>
      <K1>0.19272933655188115</K1>
      <K2>0.064873567500812315</K2>
      <MAXBAS>1.0000000849200081</MAXBAS>
      <Cet>0</Cet>
      <PCALT>10</PCALT>
      <TCALT>0.6</TCALT>
      <Pelev>601.5</Pelev>
      <Telev>601.5</Telev>
      <PART>0.5</PART>
      <DELAY>1</DELAY>
    </SubCatchmentParameters>
    <SubCatchmentVegetationZone>
      <SubCatchmentVegetationZoneParameters>
        <TT>-0.58251346274495108</TT>
        <CFMAX>2.3927933727983657</CFMAX>
        <SP>0</SP>
        <SFCF>0.73668243929369492</SFCF>
        <CFR>0.063916459958555633</CFR>
        <CWH>0.11007773041275797</CWH>
        <CFGlacier>1</CFGlacier>
        <CFSlope>1</CFSlope>
        <FC>119.98034801362046</FC>
        <LP>0.81702915577237578</LP>
        <BETA>4.5564519962403827</BETA>
      </SubCatchmentVegetationZoneParameters>
    </SubCatchmentVegetationZone>
  </SubCatchment>
</Catchment>