<?xml version="1.0" encoding="utf-8"?>
<Catchment xmlns:xsi="http://www.w3.org/2001/XMLSchema-instance" xmlns:xsd="http://www.w3.org/2001/XMLSchema">
  <CatchmentParameters>
    <KSI>0.001</KSI>
    <KGmin>0.05</KGmin>
    <RangeKG>0.1</RangeKG>
    <AG>0.1</AG>
    <PERC>3.956404416717016</PERC>
    <Alpha>0</Alpha>
    <UZL>116.17261129466976</UZL>
    <K0>0.37311397037574667</K0>
    <K1>0.1346200911011817</K1>
    <K2>0.044116015240051057</K2>
    <MAXBAS>1</MAXBAS>
    <Cet>0</Cet>
    <PCALT>10</PCALT>
    <TCALT>0.6</TCALT>
    <Pelev>601.5</Pelev>
    <Telev>601.5</Telev>
    <PART>0.5</PART>
    <DELAY>1</DELAY>
  </CatchmentParameters>
  <VegetationZone>
    <VegetationZoneParameters>
      <TT>-0.909769168311479</TT>
      <CFMAX>2.3882450308585357</CFMAX>
      <SP>0</SP>
      <SFCF>0.92073845314671421</SFCF>
      <CFR>0.012959575434709087</CFR>
      <CWH>0.10000000001843444</CWH>
      <CFGlacier>1</CFGlacier>
      <CFSlope>1</CFSlope>
      <FC>97.4307418923502</FC>
      <LP>0.592622912027811</LP>
      <BETA>5.1525471429177161</BETA>
    </VegetationZoneParameters>
  </VegetationZone>
  <SubCatchment>
    <SubCatchmentParameters>
      <KSI>0.001</KSI>
      <KGmin>0.05</KGmin>
      <RangeKG>0.1</RangeKG>
      <AG>0.1</AG>
      <PERC>3.956404416717016</PERC>
      <Alpha>0</Alpha>
      <UZL>116.17261129466976</UZL>
      <K0>0.37311397037574667</K0>
      <K1>0.1346200911011817</K1>
      <K2>0.044116015240051057</K2>
      <MAXBAS>1</MAXBAS>
      <Cet>0</Cet>
      <PCALT>10</PCALT>
      <TCALT>0.6</TCALT>
      <Pelev>601.5</Pelev>
      <Telev>601.5</Telev>
      <PART>0.5</PART>
      <DELAY>1</DELAY>
    </SubCatchmentParameters>
    <SubCatchmentVegetationZone>
      <SubCatchmentVegetationZoneParameters>
        <TT>-0.909769168311479</TT>
        <CFMAX>2.3882450308585357</CFMAX>
        <SP>0</SP>
        <SFCF>0.92073845314671421</SFCF>
        <CFR>0.012959575434709087</CFR>
        <CWH>0.10000000001843444</CWH>
        <CFGlacier>1</CFGlacier>
        <CFSlope>1</CFSlope>
        <FC>97.4307418923502</FC>
        <LP>0.592622912027811</LP>
        <BETA>5.1525471429177161</BETA>
      </SubCatchmentVegetationZoneParameters>
    </SubCatchmentVegetationZone>
  </SubCatchment>
</Catchment>