<?xml version="1.0" encoding="utf-8"?>
<Catchment xmlns:xsi="http://www.w3.org/2001/XMLSchema-instance" xmlns:xsd="http://www.w3.org/2001/XMLSchema">
  <CatchmentParameters>
    <KSI>0.001</KSI>
    <KGmin>0.05</KGmin>
    <RangeKG>0.1</RangeKG>
    <AG>0.1</AG>
    <PERC>6.46532916000461</PERC>
    <Alpha>0</Alpha>
    <UZL>123.27948010635529</UZL>
    <K0>0.61205334487813157</K0>
    <K1>0.20940275220302651</K1>
    <K2>0.0721004067674049</K2>
    <MAXBAS>1.0000114336192205</MAXBAS>
    <Cet>0</Cet>
    <PCALT>10</PCALT>
    <TCALT>0.6</TCALT>
    <Pelev>601.5</Pelev>
    <Telev>601.5</Telev>
    <PART>0.5</PART>
    <DELAY>1</DELAY>
  </CatchmentParameters>
  <VegetationZone>
    <VegetationZoneParameters>
      <TT>-0.76029093104980494</TT>
      <CFMAX>2.085114888637154</CFMAX>
      <SP>0</SP>
      <SFCF>0.70919795297496235</SFCF>
      <CFR>0.062585132359624554</CFR>
      <CWH>0.10000016216546433</CWH>
      <CFGlacier>1</CFGlacier>
      <CFSlope>1</CFSlope>
      <FC>125.5497281912089</FC>
      <LP>0.6974222111468763</LP>
      <BETA>2.9969753517864648</BETA>
    </VegetationZoneParameters>
  </VegetationZone>
  <SubCatchment>
    <SubCatchmentParameters>
      <KSI>0.001</KSI>
      <KGmin>0.05</KGmin>
      <RangeKG>0.1</RangeKG>
      <AG>0.1</AG>
      <PERC>6.46532916000461</PERC>
      <Alpha>0</Alpha>
      <UZL>123.27948010635529</UZL>
      <K0>0.61205334487813157</K0>
      <K1>0.20940275220302651</K1>
      <K2>0.0721004067674049</K2>
      <MAXBAS>1.0000114336192205</MAXBAS>
      <Cet>0</Cet>
      <PCALT>10</PCALT>
      <TCALT>0.6</TCALT>
      <Pelev>601.5</Pelev>
      <Telev>601.5</Telev>
      <PART>0.5</PART>
      <DELAY>1</DELAY>
    </SubCatchmentParameters>
    <SubCatchmentVegetationZone>
      <SubCatchmentVegetationZoneParameters>
        <TT>-0.76029093104980494</TT>
        <CFMAX>2.085114888637154</CFMAX>
        <SP>0</SP>
        <SFCF>0.70919795297496235</SFCF>
        <CFR>0.062585132359624554</CFR>
        <CWH>0.10000016216546433</CWH>
        <CFGlacier>1</CFGlacier>
        <CFSlope>1</CFSlope>
        <FC>125.5497281912089</FC>
        <LP>0.6974222111468763</LP>
        <BETA>2.9969753517864648</BETA>
      </SubCatchmentVegetationZoneParameters>
    </SubCatchmentVegetationZone>
  </SubCatchment>
</Catchment>