<?xml version="1.0" encoding="utf-8"?>
<Catchment xmlns:xsi="http://www.w3.org/2001/XMLSchema-instance" xmlns:xsd="http://www.w3.org/2001/XMLSchema">
  <CatchmentParameters>
    <KSI>0.001</KSI>
    <KGmin>0.05</KGmin>
    <RangeKG>0.1</RangeKG>
    <AG>0.1</AG>
    <PERC>3.7467369260225887</PERC>
    <Alpha>0</Alpha>
    <UZL>132.47284005074644</UZL>
    <K0>0.98986079628375</K0>
    <K1>0.11735063699103381</K1>
    <K2>0.040389170561726931</K2>
    <MAXBAS>1</MAXBAS>
    <Cet>0</Cet>
    <PCALT>10</PCALT>
    <TCALT>0.6</TCALT>
    <Pelev>601.5</Pelev>
    <Telev>601.5</Telev>
    <PART>0.5</PART>
    <DELAY>1</DELAY>
  </CatchmentParameters>
  <VegetationZone>
    <VegetationZoneParameters>
      <TT>-0.9999372559064561</TT>
      <CFMAX>2.7829994993685925</CFMAX>
      <SP>0</SP>
      <SFCF>0.95335776096138869</SFCF>
      <CFR>0.064276182259585424</CFR>
      <CWH>0.10000000559457857</CWH>
      <CFGlacier>1</CFGlacier>
      <CFSlope>1</CFSlope>
      <FC>108.54486211310284</FC>
      <LP>0.61269589064312624</LP>
      <BETA>5.853041933095005</BETA>
    </VegetationZoneParameters>
  </VegetationZone>
  <SubCatchment>
    <SubCatchmentParameters>
      <KSI>0.001</KSI>
      <KGmin>0.05</KGmin>
      <RangeKG>0.1</RangeKG>
      <AG>0.1</AG>
      <PERC>3.7467369260225887</PERC>
      <Alpha>0</Alpha>
      <UZL>132.47284005074644</UZL>
      <K0>0.98986079628375</K0>
      <K1>0.11735063699103381</K1>
      <K2>0.040389170561726931</K2>
      <MAXBAS>1</MAXBAS>
      <Cet>0</Cet>
      <PCALT>10</PCALT>
      <TCALT>0.6</TCALT>
      <Pelev>601.5</Pelev>
      <Telev>601.5</Telev>
      <PART>0.5</PART>
      <DELAY>1</DELAY>
    </SubCatchmentParameters>
    <SubCatchmentVegetationZone>
      <SubCatchmentVegetationZoneParameters>
        <TT>-0.9999372559064561</TT>
        <CFMAX>2.7829994993685925</CFMAX>
        <SP>0</SP>
        <SFCF>0.95335776096138869</SFCF>
        <CFR>0.064276182259585424</CFR>
        <CWH>0.10000000559457857</CWH>
        <CFGlacier>1</CFGlacier>
        <CFSlope>1</CFSlope>
        <FC>108.54486211310284</FC>
        <LP>0.61269589064312624</LP>
        <BETA>5.853041933095005</BETA>
      </SubCatchmentVegetationZoneParameters>
    </SubCatchmentVegetationZone>
  </SubCatchment>
</Catchment>