<?xml version="1.0" encoding="utf-8"?>
<Catchment xmlns:xsi="http://www.w3.org/2001/XMLSchema-instance" xmlns:xsd="http://www.w3.org/2001/XMLSchema">
  <CatchmentParameters>
    <KSI>0.001</KSI>
    <KGmin>0.05</KGmin>
    <RangeKG>0.1</RangeKG>
    <AG>0.1</AG>
    <PERC>4.8026621473407269</PERC>
    <Alpha>0</Alpha>
    <UZL>157.05110701341909</UZL>
    <K0>0.050057237799571365</K0>
    <K1>0.15345829954553147</K1>
    <K2>0.048045937352119719</K2>
    <MAXBAS>1</MAXBAS>
    <Cet>0</Cet>
    <PCALT>10</PCALT>
    <TCALT>0.6</TCALT>
    <Pelev>601.5</Pelev>
    <Telev>601.5</Telev>
    <PART>0.5</PART>
    <DELAY>1</DELAY>
  </CatchmentParameters>
  <VegetationZone>
    <VegetationZoneParameters>
      <TT>-0.92101273565171449</TT>
      <CFMAX>2.3002371380326521</CFMAX>
      <SP>0</SP>
      <SFCF>0.89443938318764338</SFCF>
      <CFR>0.013765561590570805</CFR>
      <CWH>0.10000000119213837</CWH>
      <CFGlacier>1</CFGlacier>
      <CFSlope>1</CFSlope>
      <FC>97.238999088625789</FC>
      <LP>0.64483331394585208</LP>
      <BETA>5.22671851138814</BETA>
    </VegetationZoneParameters>
  </VegetationZone>
  <SubCatchment>
    <SubCatchmentParameters>
      <KSI>0.001</KSI>
      <KGmin>0.05</KGmin>
      <RangeKG>0.1</RangeKG>
      <AG>0.1</AG>
      <PERC>4.8026621473407269</PERC>
      <Alpha>0</Alpha>
      <UZL>157.05110701341909</UZL>
      <K0>0.050057237799571365</K0>
      <K1>0.15345829954553147</K1>
      <K2>0.048045937352119719</K2>
      <MAXBAS>1</MAXBAS>
      <Cet>0</Cet>
      <PCALT>10</PCALT>
      <TCALT>0.6</TCALT>
      <Pelev>601.5</Pelev>
      <Telev>601.5</Telev>
      <PART>0.5</PART>
      <DELAY>1</DELAY>
    </SubCatchmentParameters>
    <SubCatchmentVegetationZone>
      <SubCatchmentVegetationZoneParameters>
        <TT>-0.92101273565171449</TT>
        <CFMAX>2.3002371380326521</CFMAX>
        <SP>0</SP>
        <SFCF>0.89443938318764338</SFCF>
        <CFR>0.013765561590570805</CFR>
        <CWH>0.10000000119213837</CWH>
        <CFGlacier>1</CFGlacier>
        <CFSlope>1</CFSlope>
        <FC>97.238999088625789</FC>
        <LP>0.64483331394585208</LP>
        <BETA>5.22671851138814</BETA>
      </SubCatchmentVegetationZoneParameters>
    </SubCatchmentVegetationZone>
  </SubCatchment>
</Catchment>