<?xml version="1.0" encoding="utf-8"?>
<Catchment xmlns:xsi="http://www.w3.org/2001/XMLSchema-instance" xmlns:xsd="http://www.w3.org/2001/XMLSchema">
  <CatchmentParameters>
    <KSI>0.001</KSI>
    <KGmin>0.05</KGmin>
    <RangeKG>0.1</RangeKG>
    <AG>0.1</AG>
    <PERC>4.3245577973824547</PERC>
    <Alpha>0</Alpha>
    <UZL>102.38062515875612</UZL>
    <K0>0.36512408116418377</K0>
    <K1>0.13951853673884915</K1>
    <K2>0.047401816496211217</K2>
    <MAXBAS>1</MAXBAS>
    <Cet>0</Cet>
    <PCALT>10</PCALT>
    <TCALT>0.6</TCALT>
    <Pelev>601.5</Pelev>
    <Telev>601.5</Telev>
    <PART>0.5</PART>
    <DELAY>1</DELAY>
  </CatchmentParameters>
  <VegetationZone>
    <VegetationZoneParameters>
      <TT>-1.1500039488064056</TT>
      <CFMAX>2.2868223805408507</CFMAX>
      <SP>0</SP>
      <SFCF>0.91351995549997844</SFCF>
      <CFR>0.038256266392995744</CFR>
      <CWH>0.10000001443264961</CWH>
      <CFGlacier>1</CFGlacier>
      <CFSlope>1</CFSlope>
      <FC>115.10094973125253</FC>
      <LP>0.67680827791313425</LP>
      <BETA>5.390131974251231</BETA>
    </VegetationZoneParameters>
  </VegetationZone>
  <SubCatchment>
    <SubCatchmentParameters>
      <KSI>0.001</KSI>
      <KGmin>0.05</KGmin>
      <RangeKG>0.1</RangeKG>
      <AG>0.1</AG>
      <PERC>4.3245577973824547</PERC>
      <Alpha>0</Alpha>
      <UZL>102.38062515875612</UZL>
      <K0>0.36512408116418377</K0>
      <K1>0.13951853673884915</K1>
      <K2>0.047401816496211217</K2>
      <MAXBAS>1</MAXBAS>
      <Cet>0</Cet>
      <PCALT>10</PCALT>
      <TCALT>0.6</TCALT>
      <Pelev>601.5</Pelev>
      <Telev>601.5</Telev>
      <PART>0.5</PART>
      <DELAY>1</DELAY>
    </SubCatchmentParameters>
    <SubCatchmentVegetationZone>
      <SubCatchmentVegetationZoneParameters>
        <TT>-1.1500039488064056</TT>
        <CFMAX>2.2868223805408507</CFMAX>
        <SP>0</SP>
        <SFCF>0.91351995549997844</SFCF>
        <CFR>0.038256266392995744</CFR>
        <CWH>0.10000001443264961</CWH>
        <CFGlacier>1</CFGlacier>
        <CFSlope>1</CFSlope>
        <FC>115.10094973125253</FC>
        <LP>0.67680827791313425</LP>
        <BETA>5.390131974251231</BETA>
      </SubCatchmentVegetationZoneParameters>
    </SubCatchmentVegetationZone>
  </SubCatchment>
</Catchment>