<?xml version="1.0" encoding="utf-8"?>
<Catchment xmlns:xsi="http://www.w3.org/2001/XMLSchema-instance" xmlns:xsd="http://www.w3.org/2001/XMLSchema">
  <CatchmentParameters>
    <KSI>0.001</KSI>
    <KGmin>0.05</KGmin>
    <RangeKG>0.1</RangeKG>
    <AG>0.1</AG>
    <PERC>3.6185264557083423</PERC>
    <Alpha>0</Alpha>
    <UZL>58.56125763147098</UZL>
    <K0>0.32345240899125971</K0>
    <K1>0.11979826143997426</K1>
    <K2>0.053457737617093187</K2>
    <MAXBAS>1</MAXBAS>
    <Cet>0</Cet>
    <PCALT>10</PCALT>
    <TCALT>0.6</TCALT>
    <Pelev>601.5</Pelev>
    <Telev>601.5</Telev>
    <PART>0.5</PART>
    <DELAY>1</DELAY>
  </CatchmentParameters>
  <VegetationZone>
    <VegetationZoneParameters>
      <TT>-2.0000019950141597</TT>
      <CFMAX>1.5206991910951986</CFMAX>
      <SP>0</SP>
      <SFCF>0.93742777491584317</SFCF>
      <CFR>0.043253104292048664</CFR>
      <CWH>0.10000015473846474</CWH>
      <CFGlacier>1</CFGlacier>
      <CFSlope>1</CFSlope>
      <FC>152.74898696325087</FC>
      <LP>0.7063001151263042</LP>
      <BETA>5.3024430461136394</BETA>
    </VegetationZoneParameters>
  </VegetationZone>
  <SubCatchment>
    <SubCatchmentParameters>
      <KSI>0.001</KSI>
      <KGmin>0.05</KGmin>
      <RangeKG>0.1</RangeKG>
      <AG>0.1</AG>
      <PERC>3.6185264557083423</PERC>
      <Alpha>0</Alpha>
      <UZL>58.56125763147098</UZL>
      <K0>0.32345240899125971</K0>
      <K1>0.11979826143997426</K1>
      <K2>0.053457737617093187</K2>
      <MAXBAS>1</MAXBAS>
      <Cet>0</Cet>
      <PCALT>10</PCALT>
      <TCALT>0.6</TCALT>
      <Pelev>601.5</Pelev>
      <Telev>601.5</Telev>
      <PART>0.5</PART>
      <DELAY>1</DELAY>
    </SubCatchmentParameters>
    <SubCatchmentVegetationZone>
      <SubCatchmentVegetationZoneParameters>
        <TT>-2.0000019950141597</TT>
        <CFMAX>1.5206991910951986</CFMAX>
        <SP>0</SP>
        <SFCF>0.93742777491584317</SFCF>
        <CFR>0.043253104292048664</CFR>
        <CWH>0.10000015473846474</CWH>
        <CFGlacier>1</CFGlacier>
        <CFSlope>1</CFSlope>
        <FC>152.74898696325087</FC>
        <LP>0.7063001151263042</LP>
        <BETA>5.3024430461136394</BETA>
      </SubCatchmentVegetationZoneParameters>
    </SubCatchmentVegetationZone>
  </SubCatchment>
</Catchment>