<?xml version="1.0" encoding="utf-8"?>
<Catchment xmlns:xsi="http://www.w3.org/2001/XMLSchema-instance" xmlns:xsd="http://www.w3.org/2001/XMLSchema">
  <CatchmentParameters>
    <KSI>0.001</KSI>
    <KGmin>0.05</KGmin>
    <RangeKG>0.1</RangeKG>
    <AG>0.1</AG>
    <PERC>3.9616789305666598</PERC>
    <Alpha>0</Alpha>
    <UZL>149.23405902991362</UZL>
    <K0>0.56207790591426732</K0>
    <K1>0.13882865540225675</K1>
    <K2>0.041512394232878315</K2>
    <MAXBAS>1</MAXBAS>
    <Cet>0</Cet>
    <PCALT>10</PCALT>
    <TCALT>0.6</TCALT>
    <Pelev>601.5</Pelev>
    <Telev>601.5</Telev>
    <PART>0.5</PART>
    <DELAY>1</DELAY>
  </CatchmentParameters>
  <VegetationZone>
    <VegetationZoneParameters>
      <TT>-0.799894301061162</TT>
      <CFMAX>2.5624991468259921</CFMAX>
      <SP>0</SP>
      <SFCF>0.93772399722944988</SFCF>
      <CFR>0.016249477284734803</CFR>
      <CWH>0.10000006004700973</CWH>
      <CFGlacier>1</CFGlacier>
      <CFSlope>1</CFSlope>
      <FC>123.0752058033184</FC>
      <LP>0.67830194643036468</LP>
      <BETA>5.9999476295115883</BETA>
    </VegetationZoneParameters>
  </VegetationZone>
  <SubCatchment>
    <SubCatchmentParameters>
      <KSI>0.001</KSI>
      <KGmin>0.05</KGmin>
      <RangeKG>0.1</RangeKG>
      <AG>0.1</AG>
      <PERC>3.9616789305666598</PERC>
      <Alpha>0</Alpha>
      <UZL>149.23405902991362</UZL>
      <K0>0.56207790591426732</K0>
      <K1>0.13882865540225675</K1>
      <K2>0.041512394232878315</K2>
      <MAXBAS>1</MAXBAS>
      <Cet>0</Cet>
      <PCALT>10</PCALT>
      <TCALT>0.6</TCALT>
      <Pelev>601.5</Pelev>
      <Telev>601.5</Telev>
      <PART>0.5</PART>
      <DELAY>1</DELAY>
    </SubCatchmentParameters>
    <SubCatchmentVegetationZone>
      <SubCatchmentVegetationZoneParameters>
        <TT>-0.799894301061162</TT>
        <CFMAX>2.5624991468259921</CFMAX>
        <SP>0</SP>
        <SFCF>0.93772399722944988</SFCF>
        <CFR>0.016249477284734803</CFR>
        <CWH>0.10000006004700973</CWH>
        <CFGlacier>1</CFGlacier>
        <CFSlope>1</CFSlope>
        <FC>123.0752058033184</FC>
        <LP>0.67830194643036468</LP>
        <BETA>5.9999476295115883</BETA>
      </SubCatchmentVegetationZoneParameters>
    </SubCatchmentVegetationZone>
  </SubCatchment>
</Catchment>