<?xml version="1.0" encoding="utf-8"?>
<Catchment xmlns:xsi="http://www.w3.org/2001/XMLSchema-instance" xmlns:xsd="http://www.w3.org/2001/XMLSchema">
  <CatchmentParameters>
    <KSI>0.001</KSI>
    <KGmin>0.05</KGmin>
    <RangeKG>0.1</RangeKG>
    <AG>0.1</AG>
    <PERC>6.283494635225046</PERC>
    <Alpha>0</Alpha>
    <UZL>179.56449127220952</UZL>
    <K0>0.51818179824337629</K0>
    <K1>0.21927961295862172</K1>
    <K2>0.08346506917539126</K2>
    <MAXBAS>1.000009873004319</MAXBAS>
    <Cet>0</Cet>
    <PCALT>10</PCALT>
    <TCALT>0.6</TCALT>
    <Pelev>601.5</Pelev>
    <Telev>601.5</Telev>
    <PART>0.5</PART>
    <DELAY>1</DELAY>
  </CatchmentParameters>
  <VegetationZone>
    <VegetationZoneParameters>
      <TT>0.34999828883484363</TT>
      <CFMAX>2.6289345562226361</CFMAX>
      <SP>0</SP>
      <SFCF>0.5782895780056897</SFCF>
      <CFR>0.033915041159409395</CFR>
      <CWH>0.10497534009732405</CWH>
      <CFGlacier>1</CFGlacier>
      <CFSlope>1</CFSlope>
      <FC>186.61871084460319</FC>
      <LP>0.899260137906331</LP>
      <BETA>4.6387768481081268</BETA>
    </VegetationZoneParameters>
  </VegetationZone>
  <SubCatchment>
    <SubCatchmentParameters>
      <KSI>0.001</KSI>
      <KGmin>0.05</KGmin>
      <RangeKG>0.1</RangeKG>
      <AG>0.1</AG>
      <PERC>6.283494635225046</PERC>
      <Alpha>0</Alpha>
      <UZL>179.56449127220952</UZL>
      <K0>0.51818179824337629</K0>
      <K1>0.21927961295862172</K1>
      <K2>0.08346506917539126</K2>
      <MAXBAS>1.000009873004319</MAXBAS>
      <Cet>0</Cet>
      <PCALT>10</PCALT>
      <TCALT>0.6</TCALT>
      <Pelev>601.5</Pelev>
      <Telev>601.5</Telev>
      <PART>0.5</PART>
      <DELAY>1</DELAY>
    </SubCatchmentParameters>
    <SubCatchmentVegetationZone>
      <SubCatchmentVegetationZoneParameters>
        <TT>0.34999828883484363</TT>
        <CFMAX>2.6289345562226361</CFMAX>
        <SP>0</SP>
        <SFCF>0.5782895780056897</SFCF>
        <CFR>0.033915041159409395</CFR>
        <CWH>0.10497534009732405</CWH>
        <CFGlacier>1</CFGlacier>
        <CFSlope>1</CFSlope>
        <FC>186.61871084460319</FC>
        <LP>0.899260137906331</LP>
        <BETA>4.6387768481081268</BETA>
      </SubCatchmentVegetationZoneParameters>
    </SubCatchmentVegetationZone>
  </SubCatchment>
</Catchment>