<?xml version="1.0" encoding="utf-8"?>
<Catchment xmlns:xsi="http://www.w3.org/2001/XMLSchema-instance" xmlns:xsd="http://www.w3.org/2001/XMLSchema">
  <CatchmentParameters>
    <KSI>0.001</KSI>
    <KGmin>0.05</KGmin>
    <RangeKG>0.1</RangeKG>
    <AG>0.1</AG>
    <PERC>5.29580740343507</PERC>
    <Alpha>0</Alpha>
    <UZL>142.31104264677973</UZL>
    <K0>0.90125773878202553</K0>
    <K1>0.19918599465131553</K1>
    <K2>0.0574831183147089</K2>
    <MAXBAS>1</MAXBAS>
    <Cet>0</Cet>
    <PCALT>10</PCALT>
    <TCALT>0.6</TCALT>
    <Pelev>601.5</Pelev>
    <Telev>601.5</Telev>
    <PART>0.5</PART>
    <DELAY>1</DELAY>
  </CatchmentParameters>
  <VegetationZone>
    <VegetationZoneParameters>
      <TT>-2.0000038703527645</TT>
      <CFMAX>1.3489338385044742</CFMAX>
      <SP>0</SP>
      <SFCF>0.89264694909419817</SFCF>
      <CFR>0.038018655689524353</CFR>
      <CWH>0.1000000000748676</CWH>
      <CFGlacier>1</CFGlacier>
      <CFSlope>1</CFSlope>
      <FC>149.02061002852855</FC>
      <LP>0.74720628749864126</LP>
      <BETA>5.3691749967569162</BETA>
    </VegetationZoneParameters>
  </VegetationZone>
  <SubCatchment>
    <SubCatchmentParameters>
      <KSI>0.001</KSI>
      <KGmin>0.05</KGmin>
      <RangeKG>0.1</RangeKG>
      <AG>0.1</AG>
      <PERC>5.29580740343507</PERC>
      <Alpha>0</Alpha>
      <UZL>142.31104264677973</UZL>
      <K0>0.90125773878202553</K0>
      <K1>0.19918599465131553</K1>
      <K2>0.0574831183147089</K2>
      <MAXBAS>1</MAXBAS>
      <Cet>0</Cet>
      <PCALT>10</PCALT>
      <TCALT>0.6</TCALT>
      <Pelev>601.5</Pelev>
      <Telev>601.5</Telev>
      <PART>0.5</PART>
      <DELAY>1</DELAY>
    </SubCatchmentParameters>
    <SubCatchmentVegetationZone>
      <SubCatchmentVegetationZoneParameters>
        <TT>-2.0000038703527645</TT>
        <CFMAX>1.3489338385044742</CFMAX>
        <SP>0</SP>
        <SFCF>0.89264694909419817</SFCF>
        <CFR>0.038018655689524353</CFR>
        <CWH>0.1000000000748676</CWH>
        <CFGlacier>1</CFGlacier>
        <CFSlope>1</CFSlope>
        <FC>149.02061002852855</FC>
        <LP>0.74720628749864126</LP>
        <BETA>5.3691749967569162</BETA>
      </SubCatchmentVegetationZoneParameters>
    </SubCatchmentVegetationZone>
  </SubCatchment>
</Catchment>