<?xml version="1.0" encoding="utf-8"?>
<Catchment xmlns:xsi="http://www.w3.org/2001/XMLSchema-instance" xmlns:xsd="http://www.w3.org/2001/XMLSchema">
  <CatchmentParameters>
    <KSI>0.001</KSI>
    <KGmin>0.05</KGmin>
    <RangeKG>0.1</RangeKG>
    <AG>0.1</AG>
    <PERC>6.061563309036976</PERC>
    <Alpha>0</Alpha>
    <UZL>166.10843425386241</UZL>
    <K0>0.23889105066265265</K0>
    <K1>0.19304868788032051</K1>
    <K2>0.068927602643992961</K2>
    <MAXBAS>1.0000738139594303</MAXBAS>
    <Cet>0</Cet>
    <PCALT>10</PCALT>
    <TCALT>0.6</TCALT>
    <Pelev>601.5</Pelev>
    <Telev>601.5</Telev>
    <PART>0.5</PART>
    <DELAY>1</DELAY>
  </CatchmentParameters>
  <VegetationZone>
    <VegetationZoneParameters>
      <TT>-0.50000185378084816</TT>
      <CFMAX>2.2716515166227293</CFMAX>
      <SP>0</SP>
      <SFCF>0.70496494561334855</SFCF>
      <CFR>0.052705130422094557</CFR>
      <CWH>0.10001182747509912</CWH>
      <CFGlacier>1</CFGlacier>
      <CFSlope>1</CFSlope>
      <FC>161.80928126129294</FC>
      <LP>0.87346705461942886</LP>
      <BETA>4.5706241972160182</BETA>
    </VegetationZoneParameters>
  </VegetationZone>
  <SubCatchment>
    <SubCatchmentParameters>
      <KSI>0.001</KSI>
      <KGmin>0.05</KGmin>
      <RangeKG>0.1</RangeKG>
      <AG>0.1</AG>
      <PERC>6.061563309036976</PERC>
      <Alpha>0</Alpha>
      <UZL>166.10843425386241</UZL>
      <K0>0.23889105066265265</K0>
      <K1>0.19304868788032051</K1>
      <K2>0.068927602643992961</K2>
      <MAXBAS>1.0000738139594303</MAXBAS>
      <Cet>0</Cet>
      <PCALT>10</PCALT>
      <TCALT>0.6</TCALT>
      <Pelev>601.5</Pelev>
      <Telev>601.5</Telev>
      <PART>0.5</PART>
      <DELAY>1</DELAY>
    </SubCatchmentParameters>
    <SubCatchmentVegetationZone>
      <SubCatchmentVegetationZoneParameters>
        <TT>-0.50000185378084816</TT>
        <CFMAX>2.2716515166227293</CFMAX>
        <SP>0</SP>
        <SFCF>0.70496494561334855</SFCF>
        <CFR>0.052705130422094557</CFR>
        <CWH>0.10001182747509912</CWH>
        <CFGlacier>1</CFGlacier>
        <CFSlope>1</CFSlope>
        <FC>161.80928126129294</FC>
        <LP>0.87346705461942886</LP>
        <BETA>4.5706241972160182</BETA>
      </SubCatchmentVegetationZoneParameters>
    </SubCatchmentVegetationZone>
  </SubCatchment>
</Catchment>