<?xml version="1.0" encoding="utf-8"?>
<Catchment xmlns:xsi="http://www.w3.org/2001/XMLSchema-instance" xmlns:xsd="http://www.w3.org/2001/XMLSchema">
  <CatchmentParameters>
    <KSI>0.001</KSI>
    <KGmin>0.05</KGmin>
    <RangeKG>0.1</RangeKG>
    <AG>0.1</AG>
    <PERC>9.1325711163189087</PERC>
    <Alpha>0</Alpha>
    <UZL>105.0604836151351</UZL>
    <K0>0.42520175009861466</K0>
    <K1>0.24766499410896994</K1>
    <K2>0.0923593362070063</K2>
    <MAXBAS>1.000050226251417</MAXBAS>
    <Cet>0</Cet>
    <PCALT>10</PCALT>
    <TCALT>0.6</TCALT>
    <Pelev>601.5</Pelev>
    <Telev>601.5</Telev>
    <PART>0.5</PART>
    <DELAY>1</DELAY>
  </CatchmentParameters>
  <VegetationZone>
    <VegetationZoneParameters>
      <TT>-0.799887835761909</TT>
      <CFMAX>1.9761770751379357</CFMAX>
      <SP>0</SP>
      <SFCF>0.68110865155311562</SFCF>
      <CFR>0.061946080697305339</CFR>
      <CWH>0.10000000692526471</CWH>
      <CFGlacier>1</CFGlacier>
      <CFSlope>1</CFSlope>
      <FC>145.55342211407088</FC>
      <LP>0.78672459292893926</LP>
      <BETA>3.6362360048732403</BETA>
    </VegetationZoneParameters>
  </VegetationZone>
  <SubCatchment>
    <SubCatchmentParameters>
      <KSI>0.001</KSI>
      <KGmin>0.05</KGmin>
      <RangeKG>0.1</RangeKG>
      <AG>0.1</AG>
      <PERC>9.1325711163189087</PERC>
      <Alpha>0</Alpha>
      <UZL>105.0604836151351</UZL>
      <K0>0.42520175009861466</K0>
      <K1>0.24766499410896994</K1>
      <K2>0.0923593362070063</K2>
      <MAXBAS>1.000050226251417</MAXBAS>
      <Cet>0</Cet>
      <PCALT>10</PCALT>
      <TCALT>0.6</TCALT>
      <Pelev>601.5</Pelev>
      <Telev>601.5</Telev>
      <PART>0.5</PART>
      <DELAY>1</DELAY>
    </SubCatchmentParameters>
    <SubCatchmentVegetationZone>
      <SubCatchmentVegetationZoneParameters>
        <TT>-0.799887835761909</TT>
        <CFMAX>1.9761770751379357</CFMAX>
        <SP>0</SP>
        <SFCF>0.68110865155311562</SFCF>
        <CFR>0.061946080697305339</CFR>
        <CWH>0.10000000692526471</CWH>
        <CFGlacier>1</CFGlacier>
        <CFSlope>1</CFSlope>
        <FC>145.55342211407088</FC>
        <LP>0.78672459292893926</LP>
        <BETA>3.6362360048732403</BETA>
      </SubCatchmentVegetationZoneParameters>
    </SubCatchmentVegetationZone>
  </SubCatchment>
</Catchment>