<?xml version="1.0" encoding="utf-8"?>
<Catchment xmlns:xsi="http://www.w3.org/2001/XMLSchema-instance" xmlns:xsd="http://www.w3.org/2001/XMLSchema">
  <CatchmentParameters>
    <KSI>0.001</KSI>
    <KGmin>0.05</KGmin>
    <RangeKG>0.1</RangeKG>
    <AG>0.1</AG>
    <PERC>4.6941681134993836</PERC>
    <Alpha>0</Alpha>
    <UZL>176.36696070198855</UZL>
    <K0>0.072092752505322918</K0>
    <K1>0.17866424785216081</K1>
    <K2>0.059042580691193211</K2>
    <MAXBAS>1.0000089209888625</MAXBAS>
    <Cet>0</Cet>
    <PCALT>10</PCALT>
    <TCALT>0.6</TCALT>
    <Pelev>601.5</Pelev>
    <Telev>601.5</Telev>
    <PART>0.5</PART>
    <DELAY>1</DELAY>
  </CatchmentParameters>
  <VegetationZone>
    <VegetationZoneParameters>
      <TT>0.82377940617443945</TT>
      <CFMAX>3.3955064421740491</CFMAX>
      <SP>0</SP>
      <SFCF>0.6080439763352522</SFCF>
      <CFR>0.015612499951542449</CFR>
      <CWH>0.10000010082493273</CWH>
      <CFGlacier>1</CFGlacier>
      <CFSlope>1</CFSlope>
      <FC>144.44071737296915</FC>
      <LP>0.830793466855119</LP>
      <BETA>4.1204187200499156</BETA>
    </VegetationZoneParameters>
  </VegetationZone>
  <SubCatchment>
    <SubCatchmentParameters>
      <KSI>0.001</KSI>
      <KGmin>0.05</KGmin>
      <RangeKG>0.1</RangeKG>
      <AG>0.1</AG>
      <PERC>4.6941681134993836</PERC>
      <Alpha>0</Alpha>
      <UZL>176.36696070198855</UZL>
      <K0>0.072092752505322918</K0>
      <K1>0.17866424785216081</K1>
      <K2>0.059042580691193211</K2>
      <MAXBAS>1.0000089209888625</MAXBAS>
      <Cet>0</Cet>
      <PCALT>10</PCALT>
      <TCALT>0.6</TCALT>
      <Pelev>601.5</Pelev>
      <Telev>601.5</Telev>
      <PART>0.5</PART>
      <DELAY>1</DELAY>
    </SubCatchmentParameters>
    <SubCatchmentVegetationZone>
      <SubCatchmentVegetationZoneParameters>
        <TT>0.82377940617443945</TT>
        <CFMAX>3.3955064421740491</CFMAX>
        <SP>0</SP>
        <SFCF>0.6080439763352522</SFCF>
        <CFR>0.015612499951542449</CFR>
        <CWH>0.10000010082493273</CWH>
        <CFGlacier>1</CFGlacier>
        <CFSlope>1</CFSlope>
        <FC>144.44071737296915</FC>
        <LP>0.830793466855119</LP>
        <BETA>4.1204187200499156</BETA>
      </SubCatchmentVegetationZoneParameters>
    </SubCatchmentVegetationZone>
  </SubCatchment>
</Catchment>