<?xml version="1.0" encoding="utf-8"?>
<Catchment xmlns:xsi="http://www.w3.org/2001/XMLSchema-instance" xmlns:xsd="http://www.w3.org/2001/XMLSchema">
  <CatchmentParameters>
    <KSI>0.001</KSI>
    <KGmin>0.05</KGmin>
    <RangeKG>0.1</RangeKG>
    <AG>0.1</AG>
    <PERC>4.481614415025077</PERC>
    <Alpha>0</Alpha>
    <UZL>125.84793334877652</UZL>
    <K0>0.1916742069683699</K0>
    <K1>0.17289225275170622</K1>
    <K2>0.050604105618367104</K2>
    <MAXBAS>1.0000000006100174</MAXBAS>
    <Cet>0</Cet>
    <PCALT>10</PCALT>
    <TCALT>0.6</TCALT>
    <Pelev>601.5</Pelev>
    <Telev>601.5</Telev>
    <PART>0.5</PART>
    <DELAY>1</DELAY>
  </CatchmentParameters>
  <VegetationZone>
    <VegetationZoneParameters>
      <TT>-0.60039686363976275</TT>
      <CFMAX>2.263740732084091</CFMAX>
      <SP>0</SP>
      <SFCF>0.72478999358757012</SFCF>
      <CFR>0.055698750086239417</CFR>
      <CWH>0.1013301926727737</CWH>
      <CFGlacier>1</CFGlacier>
      <CFSlope>1</CFSlope>
      <FC>104.95776572895665</FC>
      <LP>0.71517804912435379</LP>
      <BETA>3.6581029618785892</BETA>
    </VegetationZoneParameters>
  </VegetationZone>
  <SubCatchment>
    <SubCatchmentParameters>
      <KSI>0.001</KSI>
      <KGmin>0.05</KGmin>
      <RangeKG>0.1</RangeKG>
      <AG>0.1</AG>
      <PERC>4.481614415025077</PERC>
      <Alpha>0</Alpha>
      <UZL>125.84793334877652</UZL>
      <K0>0.1916742069683699</K0>
      <K1>0.17289225275170622</K1>
      <K2>0.050604105618367104</K2>
      <MAXBAS>1.0000000006100174</MAXBAS>
      <Cet>0</Cet>
      <PCALT>10</PCALT>
      <TCALT>0.6</TCALT>
      <Pelev>601.5</Pelev>
      <Telev>601.5</Telev>
      <PART>0.5</PART>
      <DELAY>1</DELAY>
    </SubCatchmentParameters>
    <SubCatchmentVegetationZone>
      <SubCatchmentVegetationZoneParameters>
        <TT>-0.60039686363976275</TT>
        <CFMAX>2.263740732084091</CFMAX>
        <SP>0</SP>
        <SFCF>0.72478999358757012</SFCF>
        <CFR>0.055698750086239417</CFR>
        <CWH>0.1013301926727737</CWH>
        <CFGlacier>1</CFGlacier>
        <CFSlope>1</CFSlope>
        <FC>104.95776572895665</FC>
        <LP>0.71517804912435379</LP>
        <BETA>3.6581029618785892</BETA>
      </SubCatchmentVegetationZoneParameters>
    </SubCatchmentVegetationZone>
  </SubCatchment>
</Catchment>