<?xml version="1.0" encoding="utf-8"?>
<Catchment xmlns:xsi="http://www.w3.org/2001/XMLSchema-instance" xmlns:xsd="http://www.w3.org/2001/XMLSchema">
  <CatchmentParameters>
    <KSI>0.001</KSI>
    <KGmin>0.05</KGmin>
    <RangeKG>0.1</RangeKG>
    <AG>0.1</AG>
    <PERC>8.6796579285232749</PERC>
    <Alpha>0</Alpha>
    <UZL>135.00765668124049</UZL>
    <K0>0.38217751740142464</K0>
    <K1>0.24832250255713362</K1>
    <K2>0.099862852120980186</K2>
    <MAXBAS>1.0000727442735011</MAXBAS>
    <Cet>0</Cet>
    <PCALT>10</PCALT>
    <TCALT>0.6</TCALT>
    <Pelev>601.5</Pelev>
    <Telev>601.5</Telev>
    <PART>0.5</PART>
    <DELAY>1</DELAY>
  </CatchmentParameters>
  <VegetationZone>
    <VegetationZoneParameters>
      <TT>0.037006798733748042</TT>
      <CFMAX>2.3096267792566048</CFMAX>
      <SP>0</SP>
      <SFCF>0.60221686000011343</SFCF>
      <CFR>0.039853471929640442</CFR>
      <CWH>0.1000000534296977</CWH>
      <CFGlacier>1</CFGlacier>
      <CFSlope>1</CFSlope>
      <FC>159.71193254109204</FC>
      <LP>0.7947981769781105</LP>
      <BETA>3.660483027831706</BETA>
    </VegetationZoneParameters>
  </VegetationZone>
  <SubCatchment>
    <SubCatchmentParameters>
      <KSI>0.001</KSI>
      <KGmin>0.05</KGmin>
      <RangeKG>0.1</RangeKG>
      <AG>0.1</AG>
      <PERC>8.6796579285232749</PERC>
      <Alpha>0</Alpha>
      <UZL>135.00765668124049</UZL>
      <K0>0.38217751740142464</K0>
      <K1>0.24832250255713362</K1>
      <K2>0.099862852120980186</K2>
      <MAXBAS>1.0000727442735011</MAXBAS>
      <Cet>0</Cet>
      <PCALT>10</PCALT>
      <TCALT>0.6</TCALT>
      <Pelev>601.5</Pelev>
      <Telev>601.5</Telev>
      <PART>0.5</PART>
      <DELAY>1</DELAY>
    </SubCatchmentParameters>
    <SubCatchmentVegetationZone>
      <SubCatchmentVegetationZoneParameters>
        <TT>0.037006798733748042</TT>
        <CFMAX>2.3096267792566048</CFMAX>
        <SP>0</SP>
        <SFCF>0.60221686000011343</SFCF>
        <CFR>0.039853471929640442</CFR>
        <CWH>0.1000000534296977</CWH>
        <CFGlacier>1</CFGlacier>
        <CFSlope>1</CFSlope>
        <FC>159.71193254109204</FC>
        <LP>0.7947981769781105</LP>
        <BETA>3.660483027831706</BETA>
      </SubCatchmentVegetationZoneParameters>
    </SubCatchmentVegetationZone>
  </SubCatchment>
</Catchment>