<?xml version="1.0" encoding="utf-8"?>
<Catchment xmlns:xsi="http://www.w3.org/2001/XMLSchema-instance" xmlns:xsd="http://www.w3.org/2001/XMLSchema">
  <CatchmentParameters>
    <KSI>0.001</KSI>
    <KGmin>0.05</KGmin>
    <RangeKG>0.1</RangeKG>
    <AG>0.1</AG>
    <PERC>9.2395516202040913</PERC>
    <Alpha>0</Alpha>
    <UZL>155.88667951878537</UZL>
    <K0>0.0500238381260419</K0>
    <K1>0.22525567141221112</K1>
    <K2>0.090341381581490993</K2>
    <MAXBAS>1.0000306862411965</MAXBAS>
    <Cet>0</Cet>
    <PCALT>10</PCALT>
    <TCALT>0.6</TCALT>
    <Pelev>601.5</Pelev>
    <Telev>601.5</Telev>
    <PART>0.5</PART>
    <DELAY>1</DELAY>
  </CatchmentParameters>
  <VegetationZone>
    <VegetationZoneParameters>
      <TT>-0.17606016496253682</TT>
      <CFMAX>2.4785440101915928</CFMAX>
      <SP>0</SP>
      <SFCF>0.67885157994168621</SFCF>
      <CFR>0.041388234441943672</CFR>
      <CWH>0.10000002535692758</CWH>
      <CFGlacier>1</CFGlacier>
      <CFSlope>1</CFSlope>
      <FC>173.05650189248976</FC>
      <LP>0.90050501668694793</LP>
      <BETA>4.98180081236337</BETA>
    </VegetationZoneParameters>
  </VegetationZone>
  <SubCatchment>
    <SubCatchmentParameters>
      <KSI>0.001</KSI>
      <KGmin>0.05</KGmin>
      <RangeKG>0.1</RangeKG>
      <AG>0.1</AG>
      <PERC>9.2395516202040913</PERC>
      <Alpha>0</Alpha>
      <UZL>155.88667951878537</UZL>
      <K0>0.0500238381260419</K0>
      <K1>0.22525567141221112</K1>
      <K2>0.090341381581490993</K2>
      <MAXBAS>1.0000306862411965</MAXBAS>
      <Cet>0</Cet>
      <PCALT>10</PCALT>
      <TCALT>0.6</TCALT>
      <Pelev>601.5</Pelev>
      <Telev>601.5</Telev>
      <PART>0.5</PART>
      <DELAY>1</DELAY>
    </SubCatchmentParameters>
    <SubCatchmentVegetationZone>
      <SubCatchmentVegetationZoneParameters>
        <TT>-0.17606016496253682</TT>
        <CFMAX>2.4785440101915928</CFMAX>
        <SP>0</SP>
        <SFCF>0.67885157994168621</SFCF>
        <CFR>0.041388234441943672</CFR>
        <CWH>0.10000002535692758</CWH>
        <CFGlacier>1</CFGlacier>
        <CFSlope>1</CFSlope>
        <FC>173.05650189248976</FC>
        <LP>0.90050501668694793</LP>
        <BETA>4.98180081236337</BETA>
      </SubCatchmentVegetationZoneParameters>
    </SubCatchmentVegetationZone>
  </SubCatchment>
</Catchment>