<?xml version="1.0" encoding="utf-8"?>
<Catchment xmlns:xsi="http://www.w3.org/2001/XMLSchema-instance" xmlns:xsd="http://www.w3.org/2001/XMLSchema">
  <CatchmentParameters>
    <KSI>0.001</KSI>
    <KGmin>0.05</KGmin>
    <RangeKG>0.1</RangeKG>
    <AG>0.1</AG>
    <PERC>6.8671698000172086</PERC>
    <Alpha>0</Alpha>
    <UZL>101.18735731020186</UZL>
    <K0>0.50082829368102155</K0>
    <K1>0.2012688680041794</K1>
    <K2>0.083282539382477164</K2>
    <MAXBAS>1.0000212919986498</MAXBAS>
    <Cet>0</Cet>
    <PCALT>10</PCALT>
    <TCALT>0.6</TCALT>
    <Pelev>601.5</Pelev>
    <Telev>601.5</Telev>
    <PART>0.5</PART>
    <DELAY>1</DELAY>
  </CatchmentParameters>
  <VegetationZone>
    <VegetationZoneParameters>
      <TT>0.14998786349243889</TT>
      <CFMAX>2.5785114962699143</CFMAX>
      <SP>0</SP>
      <SFCF>0.60548827782734149</SFCF>
      <CFR>0.04889052061439797</CFR>
      <CWH>0.13323117097953185</CWH>
      <CFGlacier>1</CFGlacier>
      <CFSlope>1</CFSlope>
      <FC>106.81661441216339</FC>
      <LP>0.54349697414059739</LP>
      <BETA>2.3031165295883804</BETA>
    </VegetationZoneParameters>
  </VegetationZone>
  <SubCatchment>
    <SubCatchmentParameters>
      <KSI>0.001</KSI>
      <KGmin>0.05</KGmin>
      <RangeKG>0.1</RangeKG>
      <AG>0.1</AG>
      <PERC>6.8671698000172086</PERC>
      <Alpha>0</Alpha>
      <UZL>101.18735731020186</UZL>
      <K0>0.50082829368102155</K0>
      <K1>0.2012688680041794</K1>
      <K2>0.083282539382477164</K2>
      <MAXBAS>1.0000212919986498</MAXBAS>
      <Cet>0</Cet>
      <PCALT>10</PCALT>
      <TCALT>0.6</TCALT>
      <Pelev>601.5</Pelev>
      <Telev>601.5</Telev>
      <PART>0.5</PART>
      <DELAY>1</DELAY>
    </SubCatchmentParameters>
    <SubCatchmentVegetationZone>
      <SubCatchmentVegetationZoneParameters>
        <TT>0.14998786349243889</TT>
        <CFMAX>2.5785114962699143</CFMAX>
        <SP>0</SP>
        <SFCF>0.60548827782734149</SFCF>
        <CFR>0.04889052061439797</CFR>
        <CWH>0.13323117097953185</CWH>
        <CFGlacier>1</CFGlacier>
        <CFSlope>1</CFSlope>
        <FC>106.81661441216339</FC>
        <LP>0.54349697414059739</LP>
        <BETA>2.3031165295883804</BETA>
      </SubCatchmentVegetationZoneParameters>
    </SubCatchmentVegetationZone>
  </SubCatchment>
</Catchment>