<?xml version="1.0" encoding="utf-8"?>
<Catchment xmlns:xsi="http://www.w3.org/2001/XMLSchema-instance" xmlns:xsd="http://www.w3.org/2001/XMLSchema">
  <CatchmentParameters>
    <KSI>0.001</KSI>
    <KGmin>0.05</KGmin>
    <RangeKG>0.1</RangeKG>
    <AG>0.1</AG>
    <PERC>3.7059920938645714</PERC>
    <Alpha>0</Alpha>
    <UZL>59.553384462311982</UZL>
    <K0>0.3211344579828177</K0>
    <K1>0.12512029834915223</K1>
    <K2>0.044977667815283943</K2>
    <MAXBAS>1</MAXBAS>
    <Cet>0</Cet>
    <PCALT>10</PCALT>
    <TCALT>0.6</TCALT>
    <Pelev>601.5</Pelev>
    <Telev>601.5</Telev>
    <PART>0.5</PART>
    <DELAY>1</DELAY>
  </CatchmentParameters>
  <VegetationZone>
    <VegetationZoneParameters>
      <TT>-1.5000021657285685</TT>
      <CFMAX>1.7096836785411058</CFMAX>
      <SP>0</SP>
      <SFCF>0.87782577883762847</SFCF>
      <CFR>0.029815676937366455</CFR>
      <CWH>0.10000001951766803</CWH>
      <CFGlacier>1</CFGlacier>
      <CFSlope>1</CFSlope>
      <FC>82.541110645437286</FC>
      <LP>0.59549007585404046</LP>
      <BETA>5.37531720134295</BETA>
    </VegetationZoneParameters>
  </VegetationZone>
  <SubCatchment>
    <SubCatchmentParameters>
      <KSI>0.001</KSI>
      <KGmin>0.05</KGmin>
      <RangeKG>0.1</RangeKG>
      <AG>0.1</AG>
      <PERC>3.7059920938645714</PERC>
      <Alpha>0</Alpha>
      <UZL>59.553384462311982</UZL>
      <K0>0.3211344579828177</K0>
      <K1>0.12512029834915223</K1>
      <K2>0.044977667815283943</K2>
      <MAXBAS>1</MAXBAS>
      <Cet>0</Cet>
      <PCALT>10</PCALT>
      <TCALT>0.6</TCALT>
      <Pelev>601.5</Pelev>
      <Telev>601.5</Telev>
      <PART>0.5</PART>
      <DELAY>1</DELAY>
    </SubCatchmentParameters>
    <SubCatchmentVegetationZone>
      <SubCatchmentVegetationZoneParameters>
        <TT>-1.5000021657285685</TT>
        <CFMAX>1.7096836785411058</CFMAX>
        <SP>0</SP>
        <SFCF>0.87782577883762847</SFCF>
        <CFR>0.029815676937366455</CFR>
        <CWH>0.10000001951766803</CWH>
        <CFGlacier>1</CFGlacier>
        <CFSlope>1</CFSlope>
        <FC>82.541110645437286</FC>
        <LP>0.59549007585404046</LP>
        <BETA>5.37531720134295</BETA>
      </SubCatchmentVegetationZoneParameters>
    </SubCatchmentVegetationZone>
  </SubCatchment>
</Catchment>