<?xml version="1.0" encoding="utf-8"?>
<Catchment xmlns:xsi="http://www.w3.org/2001/XMLSchema-instance" xmlns:xsd="http://www.w3.org/2001/XMLSchema">
  <CatchmentParameters>
    <KSI>0.001</KSI>
    <KGmin>0.05</KGmin>
    <RangeKG>0.1</RangeKG>
    <AG>0.1</AG>
    <PERC>3.5041854548545266</PERC>
    <Alpha>0</Alpha>
    <UZL>85.812175679080056</UZL>
    <K0>0.40425840003200597</K0>
    <K1>0.1229068408647139</K1>
    <K2>0.047544557458051584</K2>
    <MAXBAS>1</MAXBAS>
    <Cet>0</Cet>
    <PCALT>10</PCALT>
    <TCALT>0.6</TCALT>
    <Pelev>601.5</Pelev>
    <Telev>601.5</Telev>
    <PART>0.5</PART>
    <DELAY>1</DELAY>
  </CatchmentParameters>
  <VegetationZone>
    <VegetationZoneParameters>
      <TT>-2.000001136134566</TT>
      <CFMAX>1.7583250709311118</CFMAX>
      <SP>0</SP>
      <SFCF>0.9554254774324128</SFCF>
      <CFR>0.0999999997077926</CFR>
      <CWH>0.1000000683372704</CWH>
      <CFGlacier>1</CFGlacier>
      <CFSlope>1</CFSlope>
      <FC>132.4574016219901</FC>
      <LP>0.67270909140773927</LP>
      <BETA>5.6530888561478738</BETA>
    </VegetationZoneParameters>
  </VegetationZone>
  <SubCatchment>
    <SubCatchmentParameters>
      <KSI>0.001</KSI>
      <KGmin>0.05</KGmin>
      <RangeKG>0.1</RangeKG>
      <AG>0.1</AG>
      <PERC>3.5041854548545266</PERC>
      <Alpha>0</Alpha>
      <UZL>85.812175679080056</UZL>
      <K0>0.40425840003200597</K0>
      <K1>0.1229068408647139</K1>
      <K2>0.047544557458051584</K2>
      <MAXBAS>1</MAXBAS>
      <Cet>0</Cet>
      <PCALT>10</PCALT>
      <TCALT>0.6</TCALT>
      <Pelev>601.5</Pelev>
      <Telev>601.5</Telev>
      <PART>0.5</PART>
      <DELAY>1</DELAY>
    </SubCatchmentParameters>
    <SubCatchmentVegetationZone>
      <SubCatchmentVegetationZoneParameters>
        <TT>-2.000001136134566</TT>
        <CFMAX>1.7583250709311118</CFMAX>
        <SP>0</SP>
        <SFCF>0.9554254774324128</SFCF>
        <CFR>0.0999999997077926</CFR>
        <CWH>0.1000000683372704</CWH>
        <CFGlacier>1</CFGlacier>
        <CFSlope>1</CFSlope>
        <FC>132.4574016219901</FC>
        <LP>0.67270909140773927</LP>
        <BETA>5.6530888561478738</BETA>
      </SubCatchmentVegetationZoneParameters>
    </SubCatchmentVegetationZone>
  </SubCatchment>
</Catchment>