<?xml version="1.0" encoding="utf-8"?>
<Catchment xmlns:xsi="http://www.w3.org/2001/XMLSchema-instance" xmlns:xsd="http://www.w3.org/2001/XMLSchema">
  <CatchmentParameters>
    <KSI>0.001</KSI>
    <KGmin>0.05</KGmin>
    <RangeKG>0.1</RangeKG>
    <AG>0.1</AG>
    <PERC>3.6578548422678474</PERC>
    <Alpha>0</Alpha>
    <UZL>48.239353617459294</UZL>
    <K0>0.26901187763764395</K0>
    <K1>0.12049267575948783</K1>
    <K2>0.052581562225318589</K2>
    <MAXBAS>1</MAXBAS>
    <Cet>0</Cet>
    <PCALT>10</PCALT>
    <TCALT>0.6</TCALT>
    <Pelev>601.5</Pelev>
    <Telev>601.5</Telev>
    <PART>0.5</PART>
    <DELAY>1</DELAY>
  </CatchmentParameters>
  <VegetationZone>
    <VegetationZoneParameters>
      <TT>-2.00000340721029</TT>
      <CFMAX>1.3586922123800902</CFMAX>
      <SP>0</SP>
      <SFCF>0.87616466881796418</SFCF>
      <CFR>0.041005662511758058</CFR>
      <CWH>0.10000070929114695</CWH>
      <CFGlacier>1</CFGlacier>
      <CFSlope>1</CFSlope>
      <FC>131.08446601626528</FC>
      <LP>0.7687874246813573</LP>
      <BETA>5.9999203263216394</BETA>
    </VegetationZoneParameters>
  </VegetationZone>
  <SubCatchment>
    <SubCatchmentParameters>
      <KSI>0.001</KSI>
      <KGmin>0.05</KGmin>
      <RangeKG>0.1</RangeKG>
      <AG>0.1</AG>
      <PERC>3.6578548422678474</PERC>
      <Alpha>0</Alpha>
      <UZL>48.239353617459294</UZL>
      <K0>0.26901187763764395</K0>
      <K1>0.12049267575948783</K1>
      <K2>0.052581562225318589</K2>
      <MAXBAS>1</MAXBAS>
      <Cet>0</Cet>
      <PCALT>10</PCALT>
      <TCALT>0.6</TCALT>
      <Pelev>601.5</Pelev>
      <Telev>601.5</Telev>
      <PART>0.5</PART>
      <DELAY>1</DELAY>
    </SubCatchmentParameters>
    <SubCatchmentVegetationZone>
      <SubCatchmentVegetationZoneParameters>
        <TT>-2.00000340721029</TT>
        <CFMAX>1.3586922123800902</CFMAX>
        <SP>0</SP>
        <SFCF>0.87616466881796418</SFCF>
        <CFR>0.041005662511758058</CFR>
        <CWH>0.10000070929114695</CWH>
        <CFGlacier>1</CFGlacier>
        <CFSlope>1</CFSlope>
        <FC>131.08446601626528</FC>
        <LP>0.7687874246813573</LP>
        <BETA>5.9999203263216394</BETA>
      </SubCatchmentVegetationZoneParameters>
    </SubCatchmentVegetationZone>
  </SubCatchment>
</Catchment>