<?xml version="1.0" encoding="utf-8"?>
<Catchment xmlns:xsi="http://www.w3.org/2001/XMLSchema-instance" xmlns:xsd="http://www.w3.org/2001/XMLSchema">
  <CatchmentParameters>
    <KSI>0.001</KSI>
    <KGmin>0.05</KGmin>
    <RangeKG>0.1</RangeKG>
    <AG>0.1</AG>
    <PERC>9.9999419172535742</PERC>
    <Alpha>0</Alpha>
    <UZL>84.28312956435488</UZL>
    <K0>0.51175704297056857</K0>
    <K1>0.25780984639342636</K1>
    <K2>0.076155783528537052</K2>
    <MAXBAS>1.2247931542754575</MAXBAS>
    <Cet>0</Cet>
    <PCALT>10</PCALT>
    <TCALT>0.6</TCALT>
    <Pelev>601.5</Pelev>
    <Telev>601.5</Telev>
    <PART>0.5</PART>
    <DELAY>1</DELAY>
  </CatchmentParameters>
  <VegetationZone>
    <VegetationZoneParameters>
      <TT>-1.0823867017492892</TT>
      <CFMAX>2.0767311113947229</CFMAX>
      <SP>0</SP>
      <SFCF>0.78684377261645422</SFCF>
      <CFR>0.068995484973517762</CFR>
      <CWH>0.10000018973305119</CWH>
      <CFGlacier>1</CFGlacier>
      <CFSlope>1</CFSlope>
      <FC>112.69438446863755</FC>
      <LP>0.74518181785616167</LP>
      <BETA>3.6606934086437577</BETA>
    </VegetationZoneParameters>
  </VegetationZone>
  <SubCatchment>
    <SubCatchmentParameters>
      <KSI>0.001</KSI>
      <KGmin>0.05</KGmin>
      <RangeKG>0.1</RangeKG>
      <AG>0.1</AG>
      <PERC>9.9999419172535742</PERC>
      <Alpha>0</Alpha>
      <UZL>84.28312956435488</UZL>
      <K0>0.51175704297056857</K0>
      <K1>0.25780984639342636</K1>
      <K2>0.076155783528537052</K2>
      <MAXBAS>1.2247931542754575</MAXBAS>
      <Cet>0</Cet>
      <PCALT>10</PCALT>
      <TCALT>0.6</TCALT>
      <Pelev>601.5</Pelev>
      <Telev>601.5</Telev>
      <PART>0.5</PART>
      <DELAY>1</DELAY>
    </SubCatchmentParameters>
    <SubCatchmentVegetationZone>
      <SubCatchmentVegetationZoneParameters>
        <TT>-1.0823867017492892</TT>
        <CFMAX>2.0767311113947229</CFMAX>
        <SP>0</SP>
        <SFCF>0.78684377261645422</SFCF>
        <CFR>0.068995484973517762</CFR>
        <CWH>0.10000018973305119</CWH>
        <CFGlacier>1</CFGlacier>
        <CFSlope>1</CFSlope>
        <FC>112.69438446863755</FC>
        <LP>0.74518181785616167</LP>
        <BETA>3.6606934086437577</BETA>
      </SubCatchmentVegetationZoneParameters>
    </SubCatchmentVegetationZone>
  </SubCatchment>
</Catchment>