<?xml version="1.0" encoding="utf-8"?>
<Catchment xmlns:xsi="http://www.w3.org/2001/XMLSchema-instance" xmlns:xsd="http://www.w3.org/2001/XMLSchema">
  <CatchmentParameters>
    <KSI>0.001</KSI>
    <KGmin>0.05</KGmin>
    <RangeKG>0.1</RangeKG>
    <AG>0.1</AG>
    <PERC>3.6032597894121241</PERC>
    <Alpha>0</Alpha>
    <UZL>57.1278932921455</UZL>
    <K0>0.34849614809339852</K0>
    <K1>0.11431093230694786</K1>
    <K2>0.0367398285053627</K2>
    <MAXBAS>1.0000246571772635</MAXBAS>
    <Cet>0</Cet>
    <PCALT>10</PCALT>
    <TCALT>0.6</TCALT>
    <Pelev>601.5</Pelev>
    <Telev>601.5</Telev>
    <PART>0.5</PART>
    <DELAY>1</DELAY>
  </CatchmentParameters>
  <VegetationZone>
    <VegetationZoneParameters>
      <TT>-1.8500002567623743</TT>
      <CFMAX>1.3993263949853034</CFMAX>
      <SP>0</SP>
      <SFCF>0.82433774006129779</SFCF>
      <CFR>0.036240698895904921</CFR>
      <CWH>0.16265493327841502</CWH>
      <CFGlacier>1</CFGlacier>
      <CFSlope>1</CFSlope>
      <FC>66.7387692815816</FC>
      <LP>0.47418844071799288</LP>
      <BETA>3.7566029252166877</BETA>
    </VegetationZoneParameters>
  </VegetationZone>
  <SubCatchment>
    <SubCatchmentParameters>
      <KSI>0.001</KSI>
      <KGmin>0.05</KGmin>
      <RangeKG>0.1</RangeKG>
      <AG>0.1</AG>
      <PERC>3.6032597894121241</PERC>
      <Alpha>0</Alpha>
      <UZL>57.1278932921455</UZL>
      <K0>0.34849614809339852</K0>
      <K1>0.11431093230694786</K1>
      <K2>0.0367398285053627</K2>
      <MAXBAS>1.0000246571772635</MAXBAS>
      <Cet>0</Cet>
      <PCALT>10</PCALT>
      <TCALT>0.6</TCALT>
      <Pelev>601.5</Pelev>
      <Telev>601.5</Telev>
      <PART>0.5</PART>
      <DELAY>1</DELAY>
    </SubCatchmentParameters>
    <SubCatchmentVegetationZone>
      <SubCatchmentVegetationZoneParameters>
        <TT>-1.8500002567623743</TT>
        <CFMAX>1.3993263949853034</CFMAX>
        <SP>0</SP>
        <SFCF>0.82433774006129779</SFCF>
        <CFR>0.036240698895904921</CFR>
        <CWH>0.16265493327841502</CWH>
        <CFGlacier>1</CFGlacier>
        <CFSlope>1</CFSlope>
        <FC>66.7387692815816</FC>
        <LP>0.47418844071799288</LP>
        <BETA>3.7566029252166877</BETA>
      </SubCatchmentVegetationZoneParameters>
    </SubCatchmentVegetationZone>
  </SubCatchment>
</Catchment>