<?xml version="1.0" encoding="utf-8"?>
<Catchment xmlns:xsi="http://www.w3.org/2001/XMLSchema-instance" xmlns:xsd="http://www.w3.org/2001/XMLSchema">
  <CatchmentParameters>
    <KSI>0.001</KSI>
    <KGmin>0.05</KGmin>
    <RangeKG>0.1</RangeKG>
    <AG>0.1</AG>
    <PERC>4.748491046065304</PERC>
    <Alpha>0</Alpha>
    <UZL>142.18117729620388</UZL>
    <K0>0.21062692775078565</K0>
    <K1>0.15173630159512058</K1>
    <K2>0.049673987441475505</K2>
    <MAXBAS>1</MAXBAS>
    <Cet>0</Cet>
    <PCALT>10</PCALT>
    <TCALT>0.6</TCALT>
    <Pelev>601.5</Pelev>
    <Telev>601.5</Telev>
    <PART>0.5</PART>
    <DELAY>1</DELAY>
  </CatchmentParameters>
  <VegetationZone>
    <VegetationZoneParameters>
      <TT>-0.80001411769817343</TT>
      <CFMAX>2.3963336300959939</CFMAX>
      <SP>0</SP>
      <SFCF>0.93984892286752031</SFCF>
      <CFR>3.7792243224002528E-08</CFR>
      <CWH>0.1000002834282924</CWH>
      <CFGlacier>1</CFGlacier>
      <CFSlope>1</CFSlope>
      <FC>132.83232419551729</FC>
      <LP>0.67671156894427353</LP>
      <BETA>5.5901450190981716</BETA>
    </VegetationZoneParameters>
  </VegetationZone>
  <SubCatchment>
    <SubCatchmentParameters>
      <KSI>0.001</KSI>
      <KGmin>0.05</KGmin>
      <RangeKG>0.1</RangeKG>
      <AG>0.1</AG>
      <PERC>4.748491046065304</PERC>
      <Alpha>0</Alpha>
      <UZL>142.18117729620388</UZL>
      <K0>0.21062692775078565</K0>
      <K1>0.15173630159512058</K1>
      <K2>0.049673987441475505</K2>
      <MAXBAS>1</MAXBAS>
      <Cet>0</Cet>
      <PCALT>10</PCALT>
      <TCALT>0.6</TCALT>
      <Pelev>601.5</Pelev>
      <Telev>601.5</Telev>
      <PART>0.5</PART>
      <DELAY>1</DELAY>
    </SubCatchmentParameters>
    <SubCatchmentVegetationZone>
      <SubCatchmentVegetationZoneParameters>
        <TT>-0.80001411769817343</TT>
        <CFMAX>2.3963336300959939</CFMAX>
        <SP>0</SP>
        <SFCF>0.93984892286752031</SFCF>
        <CFR>3.7792243224002528E-08</CFR>
        <CWH>0.1000002834282924</CWH>
        <CFGlacier>1</CFGlacier>
        <CFSlope>1</CFSlope>
        <FC>132.83232419551729</FC>
        <LP>0.67671156894427353</LP>
        <BETA>5.5901450190981716</BETA>
      </SubCatchmentVegetationZoneParameters>
    </SubCatchmentVegetationZone>
  </SubCatchment>
</Catchment>