<?xml version="1.0" encoding="utf-8"?>
<Catchment xmlns:xsi="http://www.w3.org/2001/XMLSchema-instance" xmlns:xsd="http://www.w3.org/2001/XMLSchema">
  <CatchmentParameters>
    <KSI>0.001</KSI>
    <KGmin>0.05</KGmin>
    <RangeKG>0.1</RangeKG>
    <AG>0.1</AG>
    <PERC>7.11617598488713</PERC>
    <Alpha>0</Alpha>
    <UZL>118.05802981576358</UZL>
    <K0>0.25272156074438812</K0>
    <K1>0.20307915499906179</K1>
    <K2>0.071072077941473924</K2>
    <MAXBAS>1.0000436731542874</MAXBAS>
    <Cet>0</Cet>
    <PCALT>10</PCALT>
    <TCALT>0.6</TCALT>
    <Pelev>601.5</Pelev>
    <Telev>601.5</Telev>
    <PART>0.5</PART>
    <DELAY>1</DELAY>
  </CatchmentParameters>
  <VegetationZone>
    <VegetationZoneParameters>
      <TT>-0.0043441014409094508</TT>
      <CFMAX>2.6348961476428112</CFMAX>
      <SP>0</SP>
      <SFCF>0.67190905242045917</SFCF>
      <CFR>0.040260372562946387</CFR>
      <CWH>0.1000071733186011</CWH>
      <CFGlacier>1</CFGlacier>
      <CFSlope>1</CFSlope>
      <FC>104.65837194322955</FC>
      <LP>0.65355568816660981</LP>
      <BETA>2.9302518159127611</BETA>
    </VegetationZoneParameters>
  </VegetationZone>
  <SubCatchment>
    <SubCatchmentParameters>
      <KSI>0.001</KSI>
      <KGmin>0.05</KGmin>
      <RangeKG>0.1</RangeKG>
      <AG>0.1</AG>
      <PERC>7.11617598488713</PERC>
      <Alpha>0</Alpha>
      <UZL>118.05802981576358</UZL>
      <K0>0.25272156074438812</K0>
      <K1>0.20307915499906179</K1>
      <K2>0.071072077941473924</K2>
      <MAXBAS>1.0000436731542874</MAXBAS>
      <Cet>0</Cet>
      <PCALT>10</PCALT>
      <TCALT>0.6</TCALT>
      <Pelev>601.5</Pelev>
      <Telev>601.5</Telev>
      <PART>0.5</PART>
      <DELAY>1</DELAY>
    </SubCatchmentParameters>
    <SubCatchmentVegetationZone>
      <SubCatchmentVegetationZoneParameters>
        <TT>-0.0043441014409094508</TT>
        <CFMAX>2.6348961476428112</CFMAX>
        <SP>0</SP>
        <SFCF>0.67190905242045917</SFCF>
        <CFR>0.040260372562946387</CFR>
        <CWH>0.1000071733186011</CWH>
        <CFGlacier>1</CFGlacier>
        <CFSlope>1</CFSlope>
        <FC>104.65837194322955</FC>
        <LP>0.65355568816660981</LP>
        <BETA>2.9302518159127611</BETA>
      </SubCatchmentVegetationZoneParameters>
    </SubCatchmentVegetationZone>
  </SubCatchment>
</Catchment>