<?xml version="1.0" encoding="utf-8"?>
<Catchment xmlns:xsi="http://www.w3.org/2001/XMLSchema-instance" xmlns:xsd="http://www.w3.org/2001/XMLSchema">
  <CatchmentParameters>
    <KSI>0.001</KSI>
    <KGmin>0.05</KGmin>
    <RangeKG>0.1</RangeKG>
    <AG>0.1</AG>
    <PERC>6.1401359528762107</PERC>
    <Alpha>0</Alpha>
    <UZL>147.76765964734329</UZL>
    <K0>0.068837213015454313</K0>
    <K1>0.17604517628561528</K1>
    <K2>0.054209207423198458</K2>
    <MAXBAS>1.0000040307471521</MAXBAS>
    <Cet>0</Cet>
    <PCALT>10</PCALT>
    <TCALT>0.6</TCALT>
    <Pelev>601.5</Pelev>
    <Telev>601.5</Telev>
    <PART>0.5</PART>
    <DELAY>1</DELAY>
  </CatchmentParameters>
  <VegetationZone>
    <VegetationZoneParameters>
      <TT>-0.50000348842697018</TT>
      <CFMAX>2.453862470836361</CFMAX>
      <SP>0</SP>
      <SFCF>0.69528964150375627</SFCF>
      <CFR>0.0750632980361311</CFR>
      <CWH>0.156778915577374</CWH>
      <CFGlacier>1</CFGlacier>
      <CFSlope>1</CFSlope>
      <FC>127.19853712720443</FC>
      <LP>0.87638665676974714</LP>
      <BETA>5.9999053237251356</BETA>
    </VegetationZoneParameters>
  </VegetationZone>
  <SubCatchment>
    <SubCatchmentParameters>
      <KSI>0.001</KSI>
      <KGmin>0.05</KGmin>
      <RangeKG>0.1</RangeKG>
      <AG>0.1</AG>
      <PERC>6.1401359528762107</PERC>
      <Alpha>0</Alpha>
      <UZL>147.76765964734329</UZL>
      <K0>0.068837213015454313</K0>
      <K1>0.17604517628561528</K1>
      <K2>0.054209207423198458</K2>
      <MAXBAS>1.0000040307471521</MAXBAS>
      <Cet>0</Cet>
      <PCALT>10</PCALT>
      <TCALT>0.6</TCALT>
      <Pelev>601.5</Pelev>
      <Telev>601.5</Telev>
      <PART>0.5</PART>
      <DELAY>1</DELAY>
    </SubCatchmentParameters>
    <SubCatchmentVegetationZone>
      <SubCatchmentVegetationZoneParameters>
        <TT>-0.50000348842697018</TT>
        <CFMAX>2.453862470836361</CFMAX>
        <SP>0</SP>
        <SFCF>0.69528964150375627</SFCF>
        <CFR>0.0750632980361311</CFR>
        <CWH>0.156778915577374</CWH>
        <CFGlacier>1</CFGlacier>
        <CFSlope>1</CFSlope>
        <FC>127.19853712720443</FC>
        <LP>0.87638665676974714</LP>
        <BETA>5.9999053237251356</BETA>
      </SubCatchmentVegetationZoneParameters>
    </SubCatchmentVegetationZone>
  </SubCatchment>
</Catchment>