<?xml version="1.0" encoding="utf-8"?>
<Catchment xmlns:xsi="http://www.w3.org/2001/XMLSchema-instance" xmlns:xsd="http://www.w3.org/2001/XMLSchema">
  <CatchmentParameters>
    <KSI>0.001</KSI>
    <KGmin>0.05</KGmin>
    <RangeKG>0.1</RangeKG>
    <AG>0.1</AG>
    <PERC>9.2661029019191865</PERC>
    <Alpha>0</Alpha>
    <UZL>82.645762433883363</UZL>
    <K0>0.23106104157343402</K0>
    <K1>0.19771607482838749</K1>
    <K2>0.069701520881801662</K2>
    <MAXBAS>1.0049785618044176</MAXBAS>
    <Cet>0</Cet>
    <PCALT>10</PCALT>
    <TCALT>0.6</TCALT>
    <Pelev>601.5</Pelev>
    <Telev>601.5</Telev>
    <PART>0.5</PART>
    <DELAY>1</DELAY>
  </CatchmentParameters>
  <VegetationZone>
    <VegetationZoneParameters>
      <TT>-1.0723067847072609</TT>
      <CFMAX>2.2548371321348815</CFMAX>
      <SP>0</SP>
      <SFCF>0.84457925750185781</SFCF>
      <CFR>0.069616208066942353</CFR>
      <CWH>0.1000000216776962</CWH>
      <CFGlacier>1</CFGlacier>
      <CFSlope>1</CFSlope>
      <FC>98.4084008840275</FC>
      <LP>0.58077153672981274</LP>
      <BETA>2.8073060395767708</BETA>
    </VegetationZoneParameters>
  </VegetationZone>
  <SubCatchment>
    <SubCatchmentParameters>
      <KSI>0.001</KSI>
      <KGmin>0.05</KGmin>
      <RangeKG>0.1</RangeKG>
      <AG>0.1</AG>
      <PERC>9.2661029019191865</PERC>
      <Alpha>0</Alpha>
      <UZL>82.645762433883363</UZL>
      <K0>0.23106104157343402</K0>
      <K1>0.19771607482838749</K1>
      <K2>0.069701520881801662</K2>
      <MAXBAS>1.0049785618044176</MAXBAS>
      <Cet>0</Cet>
      <PCALT>10</PCALT>
      <TCALT>0.6</TCALT>
      <Pelev>601.5</Pelev>
      <Telev>601.5</Telev>
      <PART>0.5</PART>
      <DELAY>1</DELAY>
    </SubCatchmentParameters>
    <SubCatchmentVegetationZone>
      <SubCatchmentVegetationZoneParameters>
        <TT>-1.0723067847072609</TT>
        <CFMAX>2.2548371321348815</CFMAX>
        <SP>0</SP>
        <SFCF>0.84457925750185781</SFCF>
        <CFR>0.069616208066942353</CFR>
        <CWH>0.1000000216776962</CWH>
        <CFGlacier>1</CFGlacier>
        <CFSlope>1</CFSlope>
        <FC>98.4084008840275</FC>
        <LP>0.58077153672981274</LP>
        <BETA>2.8073060395767708</BETA>
      </SubCatchmentVegetationZoneParameters>
    </SubCatchmentVegetationZone>
  </SubCatchment>
</Catchment>