<?xml version="1.0" encoding="utf-8"?>
<Catchment xmlns:xsi="http://www.w3.org/2001/XMLSchema-instance" xmlns:xsd="http://www.w3.org/2001/XMLSchema">
  <CatchmentParameters>
    <KSI>0.001</KSI>
    <KGmin>0.05</KGmin>
    <RangeKG>0.1</RangeKG>
    <AG>0.1</AG>
    <PERC>5.3640813899880033</PERC>
    <Alpha>0</Alpha>
    <UZL>167.30244582439295</UZL>
    <K0>0.27520620128776069</K0>
    <K1>0.15439120984831353</K1>
    <K2>0.045208840571788152</K2>
    <MAXBAS>1.0000159298872631</MAXBAS>
    <Cet>0</Cet>
    <PCALT>10</PCALT>
    <TCALT>0.6</TCALT>
    <Pelev>601.5</Pelev>
    <Telev>601.5</Telev>
    <PART>0.5</PART>
    <DELAY>1</DELAY>
  </CatchmentParameters>
  <VegetationZone>
    <VegetationZoneParameters>
      <TT>-0.15389503709932703</TT>
      <CFMAX>2.8560139262479662</CFMAX>
      <SP>0</SP>
      <SFCF>0.73741691825988143</SFCF>
      <CFR>0.046109898107743144</CFR>
      <CWH>0.10996593259348295</CWH>
      <CFGlacier>1</CFGlacier>
      <CFSlope>1</CFSlope>
      <FC>95.837431130889584</FC>
      <LP>0.79156225716118522</LP>
      <BETA>5.9997937420235488</BETA>
    </VegetationZoneParameters>
  </VegetationZone>
  <SubCatchment>
    <SubCatchmentParameters>
      <KSI>0.001</KSI>
      <KGmin>0.05</KGmin>
      <RangeKG>0.1</RangeKG>
      <AG>0.1</AG>
      <PERC>5.3640813899880033</PERC>
      <Alpha>0</Alpha>
      <UZL>167.30244582439295</UZL>
      <K0>0.27520620128776069</K0>
      <K1>0.15439120984831353</K1>
      <K2>0.045208840571788152</K2>
      <MAXBAS>1.0000159298872631</MAXBAS>
      <Cet>0</Cet>
      <PCALT>10</PCALT>
      <TCALT>0.6</TCALT>
      <Pelev>601.5</Pelev>
      <Telev>601.5</Telev>
      <PART>0.5</PART>
      <DELAY>1</DELAY>
    </SubCatchmentParameters>
    <SubCatchmentVegetationZone>
      <SubCatchmentVegetationZoneParameters>
        <TT>-0.15389503709932703</TT>
        <CFMAX>2.8560139262479662</CFMAX>
        <SP>0</SP>
        <SFCF>0.73741691825988143</SFCF>
        <CFR>0.046109898107743144</CFR>
        <CWH>0.10996593259348295</CWH>
        <CFGlacier>1</CFGlacier>
        <CFSlope>1</CFSlope>
        <FC>95.837431130889584</FC>
        <LP>0.79156225716118522</LP>
        <BETA>5.9997937420235488</BETA>
      </SubCatchmentVegetationZoneParameters>
    </SubCatchmentVegetationZone>
  </SubCatchment>
</Catchment>