<?xml version="1.0" encoding="utf-8"?>
<Catchment xmlns:xsi="http://www.w3.org/2001/XMLSchema-instance" xmlns:xsd="http://www.w3.org/2001/XMLSchema">
  <CatchmentParameters>
    <KSI>0.001</KSI>
    <KGmin>0.05</KGmin>
    <RangeKG>0.1</RangeKG>
    <AG>0.1</AG>
    <PERC>6.7273130566796064</PERC>
    <Alpha>0</Alpha>
    <UZL>134.07845633870517</UZL>
    <K0>0.19541179374457612</K0>
    <K1>0.21552858921572379</K1>
    <K2>0.095035955512260711</K2>
    <MAXBAS>1.0000059473924139</MAXBAS>
    <Cet>0</Cet>
    <PCALT>10</PCALT>
    <TCALT>0.6</TCALT>
    <Pelev>601.5</Pelev>
    <Telev>601.5</Telev>
    <PART>0.5</PART>
    <DELAY>1</DELAY>
  </CatchmentParameters>
  <VegetationZone>
    <VegetationZoneParameters>
      <TT>0.73423526487235113</TT>
      <CFMAX>2.9151187742821452</CFMAX>
      <SP>0</SP>
      <SFCF>0.55003802870637986</SFCF>
      <CFR>0.022257325046128693</CFR>
      <CWH>0.10000015759406945</CWH>
      <CFGlacier>1</CFGlacier>
      <CFSlope>1</CFSlope>
      <FC>152.46713559267735</FC>
      <LP>0.7746580549823463</LP>
      <BETA>3.4845143792319693</BETA>
    </VegetationZoneParameters>
  </VegetationZone>
  <SubCatchment>
    <SubCatchmentParameters>
      <KSI>0.001</KSI>
      <KGmin>0.05</KGmin>
      <RangeKG>0.1</RangeKG>
      <AG>0.1</AG>
      <PERC>6.7273130566796064</PERC>
      <Alpha>0</Alpha>
      <UZL>134.07845633870517</UZL>
      <K0>0.19541179374457612</K0>
      <K1>0.21552858921572379</K1>
      <K2>0.095035955512260711</K2>
      <MAXBAS>1.0000059473924139</MAXBAS>
      <Cet>0</Cet>
      <PCALT>10</PCALT>
      <TCALT>0.6</TCALT>
      <Pelev>601.5</Pelev>
      <Telev>601.5</Telev>
      <PART>0.5</PART>
      <DELAY>1</DELAY>
    </SubCatchmentParameters>
    <SubCatchmentVegetationZone>
      <SubCatchmentVegetationZoneParameters>
        <TT>0.73423526487235113</TT>
        <CFMAX>2.9151187742821452</CFMAX>
        <SP>0</SP>
        <SFCF>0.55003802870637986</SFCF>
        <CFR>0.022257325046128693</CFR>
        <CWH>0.10000015759406945</CWH>
        <CFGlacier>1</CFGlacier>
        <CFSlope>1</CFSlope>
        <FC>152.46713559267735</FC>
        <LP>0.7746580549823463</LP>
        <BETA>3.4845143792319693</BETA>
      </SubCatchmentVegetationZoneParameters>
    </SubCatchmentVegetationZone>
  </SubCatchment>
</Catchment>