<?xml version="1.0" encoding="utf-8"?>
<Catchment xmlns:xsi="http://www.w3.org/2001/XMLSchema-instance" xmlns:xsd="http://www.w3.org/2001/XMLSchema">
  <CatchmentParameters>
    <KSI>0.001</KSI>
    <KGmin>0.05</KGmin>
    <RangeKG>0.1</RangeKG>
    <AG>0.1</AG>
    <PERC>4.5204486152793342</PERC>
    <Alpha>0</Alpha>
    <UZL>92.685403726020709</UZL>
    <K0>0.20096263383961549</K0>
    <K1>0.14776987042210979</K1>
    <K2>0.053491937788019271</K2>
    <MAXBAS>1</MAXBAS>
    <Cet>0</Cet>
    <PCALT>10</PCALT>
    <TCALT>0.6</TCALT>
    <Pelev>601.5</Pelev>
    <Telev>601.5</Telev>
    <PART>0.5</PART>
    <DELAY>1</DELAY>
  </CatchmentParameters>
  <VegetationZone>
    <VegetationZoneParameters>
      <TT>-1.0190315980554736</TT>
      <CFMAX>2.1877186482000481</CFMAX>
      <SP>0</SP>
      <SFCF>0.9279930414117582</SFCF>
      <CFR>3.508595354888794E-09</CFR>
      <CWH>0.10000006794254152</CWH>
      <CFGlacier>1</CFGlacier>
      <CFSlope>1</CFSlope>
      <FC>149.71712635567994</FC>
      <LP>0.72082698526973366</LP>
      <BETA>5.3793333550576614</BETA>
    </VegetationZoneParameters>
  </VegetationZone>
  <SubCatchment>
    <SubCatchmentParameters>
      <KSI>0.001</KSI>
      <KGmin>0.05</KGmin>
      <RangeKG>0.1</RangeKG>
      <AG>0.1</AG>
      <PERC>4.5204486152793342</PERC>
      <Alpha>0</Alpha>
      <UZL>92.685403726020709</UZL>
      <K0>0.20096263383961549</K0>
      <K1>0.14776987042210979</K1>
      <K2>0.053491937788019271</K2>
      <MAXBAS>1</MAXBAS>
      <Cet>0</Cet>
      <PCALT>10</PCALT>
      <TCALT>0.6</TCALT>
      <Pelev>601.5</Pelev>
      <Telev>601.5</Telev>
      <PART>0.5</PART>
      <DELAY>1</DELAY>
    </SubCatchmentParameters>
    <SubCatchmentVegetationZone>
      <SubCatchmentVegetationZoneParameters>
        <TT>-1.0190315980554736</TT>
        <CFMAX>2.1877186482000481</CFMAX>
        <SP>0</SP>
        <SFCF>0.9279930414117582</SFCF>
        <CFR>3.508595354888794E-09</CFR>
        <CWH>0.10000006794254152</CWH>
        <CFGlacier>1</CFGlacier>
        <CFSlope>1</CFSlope>
        <FC>149.71712635567994</FC>
        <LP>0.72082698526973366</LP>
        <BETA>5.3793333550576614</BETA>
      </SubCatchmentVegetationZoneParameters>
    </SubCatchmentVegetationZone>
  </SubCatchment>
</Catchment>