<?xml version="1.0" encoding="utf-8"?>
<Catchment xmlns:xsi="http://www.w3.org/2001/XMLSchema-instance" xmlns:xsd="http://www.w3.org/2001/XMLSchema">
  <CatchmentParameters>
    <KSI>0.001</KSI>
    <KGmin>0.05</KGmin>
    <RangeKG>0.1</RangeKG>
    <AG>0.1</AG>
    <PERC>8.42185604312669</PERC>
    <Alpha>0</Alpha>
    <UZL>87.011526851199235</UZL>
    <K0>0.47216228075449546</K0>
    <K1>0.19897778701325278</K1>
    <K2>0.063064516501448245</K2>
    <MAXBAS>1.0049060433611239</MAXBAS>
    <Cet>0</Cet>
    <PCALT>10</PCALT>
    <TCALT>0.6</TCALT>
    <Pelev>601.5</Pelev>
    <Telev>601.5</Telev>
    <PART>0.5</PART>
    <DELAY>1</DELAY>
  </CatchmentParameters>
  <VegetationZone>
    <VegetationZoneParameters>
      <TT>-0.50000125848286836</TT>
      <CFMAX>2.5058560964044938</CFMAX>
      <SP>0</SP>
      <SFCF>0.77486550946717947</SFCF>
      <CFR>0.0526850024901396</CFR>
      <CWH>0.1000006181255802</CWH>
      <CFGlacier>1</CFGlacier>
      <CFSlope>1</CFSlope>
      <FC>109.36661815740169</FC>
      <LP>0.7885976279514546</LP>
      <BETA>4.7270283043614878</BETA>
    </VegetationZoneParameters>
  </VegetationZone>
  <SubCatchment>
    <SubCatchmentParameters>
      <KSI>0.001</KSI>
      <KGmin>0.05</KGmin>
      <RangeKG>0.1</RangeKG>
      <AG>0.1</AG>
      <PERC>8.42185604312669</PERC>
      <Alpha>0</Alpha>
      <UZL>87.011526851199235</UZL>
      <K0>0.47216228075449546</K0>
      <K1>0.19897778701325278</K1>
      <K2>0.063064516501448245</K2>
      <MAXBAS>1.0049060433611239</MAXBAS>
      <Cet>0</Cet>
      <PCALT>10</PCALT>
      <TCALT>0.6</TCALT>
      <Pelev>601.5</Pelev>
      <Telev>601.5</Telev>
      <PART>0.5</PART>
      <DELAY>1</DELAY>
    </SubCatchmentParameters>
    <SubCatchmentVegetationZone>
      <SubCatchmentVegetationZoneParameters>
        <TT>-0.50000125848286836</TT>
        <CFMAX>2.5058560964044938</CFMAX>
        <SP>0</SP>
        <SFCF>0.77486550946717947</SFCF>
        <CFR>0.0526850024901396</CFR>
        <CWH>0.1000006181255802</CWH>
        <CFGlacier>1</CFGlacier>
        <CFSlope>1</CFSlope>
        <FC>109.36661815740169</FC>
        <LP>0.7885976279514546</LP>
        <BETA>4.7270283043614878</BETA>
      </SubCatchmentVegetationZoneParameters>
    </SubCatchmentVegetationZone>
  </SubCatchment>
</Catchment>