<?xml version="1.0" encoding="utf-8"?>
<Catchment xmlns:xsi="http://www.w3.org/2001/XMLSchema-instance" xmlns:xsd="http://www.w3.org/2001/XMLSchema">
  <CatchmentParameters>
    <KSI>0.001</KSI>
    <KGmin>0.05</KGmin>
    <RangeKG>0.1</RangeKG>
    <AG>0.1</AG>
    <PERC>3.432150460479289</PERC>
    <Alpha>0</Alpha>
    <UZL>66.885144075474</UZL>
    <K0>0.34137250032752914</K0>
    <K1>0.11468251492510931</K1>
    <K2>0.048801996404548596</K2>
    <MAXBAS>1</MAXBAS>
    <Cet>0</Cet>
    <PCALT>10</PCALT>
    <TCALT>0.6</TCALT>
    <Pelev>601.5</Pelev>
    <Telev>601.5</Telev>
    <PART>0.5</PART>
    <DELAY>1</DELAY>
  </CatchmentParameters>
  <VegetationZone>
    <VegetationZoneParameters>
      <TT>-2.0000035486741981</TT>
      <CFMAX>1.5970922845553932</CFMAX>
      <SP>0</SP>
      <SFCF>0.95247371938681791</SFCF>
      <CFR>0.050080097296259812</CFR>
      <CWH>0.10000006833195985</CWH>
      <CFGlacier>1</CFGlacier>
      <CFSlope>1</CFSlope>
      <FC>132.34436654851163</FC>
      <LP>0.6380845148393619</LP>
      <BETA>5.0637602044626844</BETA>
    </VegetationZoneParameters>
  </VegetationZone>
  <SubCatchment>
    <SubCatchmentParameters>
      <KSI>0.001</KSI>
      <KGmin>0.05</KGmin>
      <RangeKG>0.1</RangeKG>
      <AG>0.1</AG>
      <PERC>3.432150460479289</PERC>
      <Alpha>0</Alpha>
      <UZL>66.885144075474</UZL>
      <K0>0.34137250032752914</K0>
      <K1>0.11468251492510931</K1>
      <K2>0.048801996404548596</K2>
      <MAXBAS>1</MAXBAS>
      <Cet>0</Cet>
      <PCALT>10</PCALT>
      <TCALT>0.6</TCALT>
      <Pelev>601.5</Pelev>
      <Telev>601.5</Telev>
      <PART>0.5</PART>
      <DELAY>1</DELAY>
    </SubCatchmentParameters>
    <SubCatchmentVegetationZone>
      <SubCatchmentVegetationZoneParameters>
        <TT>-2.0000035486741981</TT>
        <CFMAX>1.5970922845553932</CFMAX>
        <SP>0</SP>
        <SFCF>0.95247371938681791</SFCF>
        <CFR>0.050080097296259812</CFR>
        <CWH>0.10000006833195985</CWH>
        <CFGlacier>1</CFGlacier>
        <CFSlope>1</CFSlope>
        <FC>132.34436654851163</FC>
        <LP>0.6380845148393619</LP>
        <BETA>5.0637602044626844</BETA>
      </SubCatchmentVegetationZoneParameters>
    </SubCatchmentVegetationZone>
  </SubCatchment>
</Catchment>