<?xml version="1.0" encoding="utf-8"?>
<Catchment xmlns:xsi="http://www.w3.org/2001/XMLSchema-instance" xmlns:xsd="http://www.w3.org/2001/XMLSchema">
  <CatchmentParameters>
    <KSI>0.001</KSI>
    <KGmin>0.05</KGmin>
    <RangeKG>0.1</RangeKG>
    <AG>0.1</AG>
    <PERC>7.12913099681833</PERC>
    <Alpha>0</Alpha>
    <UZL>97.424722615923542</UZL>
    <K0>0.52577406128415394</K0>
    <K1>0.19636188016560591</K1>
    <K2>0.064235742463358184</K2>
    <MAXBAS>1.0000336316940068</MAXBAS>
    <Cet>0</Cet>
    <PCALT>10</PCALT>
    <TCALT>0.6</TCALT>
    <Pelev>601.5</Pelev>
    <Telev>601.5</Telev>
    <PART>0.5</PART>
    <DELAY>1</DELAY>
  </CatchmentParameters>
  <VegetationZone>
    <VegetationZoneParameters>
      <TT>-0.80001203995747272</TT>
      <CFMAX>2.2482895155330569</CFMAX>
      <SP>0</SP>
      <SFCF>0.76937901236708872</SFCF>
      <CFR>0.062620468640180282</CFR>
      <CWH>0.10000332494314085</CWH>
      <CFGlacier>1</CFGlacier>
      <CFSlope>1</CFSlope>
      <FC>95.654844856450524</FC>
      <LP>0.60974849985784318</LP>
      <BETA>2.7890086829942273</BETA>
    </VegetationZoneParameters>
  </VegetationZone>
  <SubCatchment>
    <SubCatchmentParameters>
      <KSI>0.001</KSI>
      <KGmin>0.05</KGmin>
      <RangeKG>0.1</RangeKG>
      <AG>0.1</AG>
      <PERC>7.12913099681833</PERC>
      <Alpha>0</Alpha>
      <UZL>97.424722615923542</UZL>
      <K0>0.52577406128415394</K0>
      <K1>0.19636188016560591</K1>
      <K2>0.064235742463358184</K2>
      <MAXBAS>1.0000336316940068</MAXBAS>
      <Cet>0</Cet>
      <PCALT>10</PCALT>
      <TCALT>0.6</TCALT>
      <Pelev>601.5</Pelev>
      <Telev>601.5</Telev>
      <PART>0.5</PART>
      <DELAY>1</DELAY>
    </SubCatchmentParameters>
    <SubCatchmentVegetationZone>
      <SubCatchmentVegetationZoneParameters>
        <TT>-0.80001203995747272</TT>
        <CFMAX>2.2482895155330569</CFMAX>
        <SP>0</SP>
        <SFCF>0.76937901236708872</SFCF>
        <CFR>0.062620468640180282</CFR>
        <CWH>0.10000332494314085</CWH>
        <CFGlacier>1</CFGlacier>
        <CFSlope>1</CFSlope>
        <FC>95.654844856450524</FC>
        <LP>0.60974849985784318</LP>
        <BETA>2.7890086829942273</BETA>
      </SubCatchmentVegetationZoneParameters>
    </SubCatchmentVegetationZone>
  </SubCatchment>
</Catchment>