<?xml version="1.0" encoding="utf-8"?>
<Catchment xmlns:xsi="http://www.w3.org/2001/XMLSchema-instance" xmlns:xsd="http://www.w3.org/2001/XMLSchema">
  <CatchmentParameters>
    <KSI>0.001</KSI>
    <KGmin>0.05</KGmin>
    <RangeKG>0.1</RangeKG>
    <AG>0.1</AG>
    <PERC>5.8905855645728336</PERC>
    <Alpha>0</Alpha>
    <UZL>168.45592635743631</UZL>
    <K0>0.20723805043311494</K0>
    <K1>0.14005956801403166</K1>
    <K2>0.032396868746489525</K2>
    <MAXBAS>1.0049300475426617</MAXBAS>
    <Cet>0</Cet>
    <PCALT>10</PCALT>
    <TCALT>0.6</TCALT>
    <Pelev>601.5</Pelev>
    <Telev>601.5</Telev>
    <PART>0.5</PART>
    <DELAY>1</DELAY>
  </CatchmentParameters>
  <VegetationZone>
    <VegetationZoneParameters>
      <TT>-0.500000455642299</TT>
      <CFMAX>2.995615691941552</CFMAX>
      <SP>0</SP>
      <SFCF>0.93995694638601213</SFCF>
      <CFR>0.027180725774707523</CFR>
      <CWH>0.10000012488947574</CWH>
      <CFGlacier>1</CFGlacier>
      <CFSlope>1</CFSlope>
      <FC>53.147295941590812</FC>
      <LP>0.47089156116272146</LP>
      <BETA>5.9999709500972438</BETA>
    </VegetationZoneParameters>
  </VegetationZone>
  <SubCatchment>
    <SubCatchmentParameters>
      <KSI>0.001</KSI>
      <KGmin>0.05</KGmin>
      <RangeKG>0.1</RangeKG>
      <AG>0.1</AG>
      <PERC>5.8905855645728336</PERC>
      <Alpha>0</Alpha>
      <UZL>168.45592635743631</UZL>
      <K0>0.20723805043311494</K0>
      <K1>0.14005956801403166</K1>
      <K2>0.032396868746489525</K2>
      <MAXBAS>1.0049300475426617</MAXBAS>
      <Cet>0</Cet>
      <PCALT>10</PCALT>
      <TCALT>0.6</TCALT>
      <Pelev>601.5</Pelev>
      <Telev>601.5</Telev>
      <PART>0.5</PART>
      <DELAY>1</DELAY>
    </SubCatchmentParameters>
    <SubCatchmentVegetationZone>
      <SubCatchmentVegetationZoneParameters>
        <TT>-0.500000455642299</TT>
        <CFMAX>2.995615691941552</CFMAX>
        <SP>0</SP>
        <SFCF>0.93995694638601213</SFCF>
        <CFR>0.027180725774707523</CFR>
        <CWH>0.10000012488947574</CWH>
        <CFGlacier>1</CFGlacier>
        <CFSlope>1</CFSlope>
        <FC>53.147295941590812</FC>
        <LP>0.47089156116272146</LP>
        <BETA>5.9999709500972438</BETA>
      </SubCatchmentVegetationZoneParameters>
    </SubCatchmentVegetationZone>
  </SubCatchment>
</Catchment>