<?xml version="1.0" encoding="utf-8"?>
<Catchment xmlns:xsi="http://www.w3.org/2001/XMLSchema-instance" xmlns:xsd="http://www.w3.org/2001/XMLSchema">
  <CatchmentParameters>
    <KSI>0.001</KSI>
    <KGmin>0.05</KGmin>
    <RangeKG>0.1</RangeKG>
    <AG>0.1</AG>
    <PERC>8.9268308019574452</PERC>
    <Alpha>0</Alpha>
    <UZL>186.0568464090392</UZL>
    <K0>0.12335726339157446</K0>
    <K1>0.26199591115196796</K1>
    <K2>0.08846739819228161</K2>
    <MAXBAS>1.0196426862358057</MAXBAS>
    <Cet>0</Cet>
    <PCALT>10</PCALT>
    <TCALT>0.6</TCALT>
    <Pelev>601.5</Pelev>
    <Telev>601.5</Telev>
    <PART>0.5</PART>
    <DELAY>1</DELAY>
  </CatchmentParameters>
  <VegetationZone>
    <VegetationZoneParameters>
      <TT>-0.977571345395819</TT>
      <CFMAX>1.837137925850076</CFMAX>
      <SP>0</SP>
      <SFCF>0.70125311360400788</SFCF>
      <CFR>0.057831674757520754</CFR>
      <CWH>0.10000026703559108</CWH>
      <CFGlacier>1</CFGlacier>
      <CFSlope>1</CFSlope>
      <FC>140.47935157520956</FC>
      <LP>0.80714184052172877</LP>
      <BETA>3.611282811120843</BETA>
    </VegetationZoneParameters>
  </VegetationZone>
  <SubCatchment>
    <SubCatchmentParameters>
      <KSI>0.001</KSI>
      <KGmin>0.05</KGmin>
      <RangeKG>0.1</RangeKG>
      <AG>0.1</AG>
      <PERC>8.9268308019574452</PERC>
      <Alpha>0</Alpha>
      <UZL>186.0568464090392</UZL>
      <K0>0.12335726339157446</K0>
      <K1>0.26199591115196796</K1>
      <K2>0.08846739819228161</K2>
      <MAXBAS>1.0196426862358057</MAXBAS>
      <Cet>0</Cet>
      <PCALT>10</PCALT>
      <TCALT>0.6</TCALT>
      <Pelev>601.5</Pelev>
      <Telev>601.5</Telev>
      <PART>0.5</PART>
      <DELAY>1</DELAY>
    </SubCatchmentParameters>
    <SubCatchmentVegetationZone>
      <SubCatchmentVegetationZoneParameters>
        <TT>-0.977571345395819</TT>
        <CFMAX>1.837137925850076</CFMAX>
        <SP>0</SP>
        <SFCF>0.70125311360400788</SFCF>
        <CFR>0.057831674757520754</CFR>
        <CWH>0.10000026703559108</CWH>
        <CFGlacier>1</CFGlacier>
        <CFSlope>1</CFSlope>
        <FC>140.47935157520956</FC>
        <LP>0.80714184052172877</LP>
        <BETA>3.611282811120843</BETA>
      </SubCatchmentVegetationZoneParameters>
    </SubCatchmentVegetationZone>
  </SubCatchment>
</Catchment>