<?xml version="1.0" encoding="utf-8"?>
<Catchment xmlns:xsi="http://www.w3.org/2001/XMLSchema-instance" xmlns:xsd="http://www.w3.org/2001/XMLSchema">
  <CatchmentParameters>
    <KSI>0.001</KSI>
    <KGmin>0.05</KGmin>
    <RangeKG>0.1</RangeKG>
    <AG>0.1</AG>
    <PERC>7.27365711283255</PERC>
    <Alpha>0</Alpha>
    <UZL>101.84599504775311</UZL>
    <K0>0.366435165100014</K0>
    <K1>0.22155052811550557</K1>
    <K2>0.078866095096861336</K2>
    <MAXBAS>1.0001186321533939</MAXBAS>
    <Cet>0</Cet>
    <PCALT>10</PCALT>
    <TCALT>0.6</TCALT>
    <Pelev>601.5</Pelev>
    <Telev>601.5</Telev>
    <PART>0.5</PART>
    <DELAY>1</DELAY>
  </CatchmentParameters>
  <VegetationZone>
    <VegetationZoneParameters>
      <TT>-0.53021159724710432</TT>
      <CFMAX>2.1252585704676767</CFMAX>
      <SP>0</SP>
      <SFCF>0.70469319065281788</SFCF>
      <CFR>0.029328662520817492</CFR>
      <CWH>0.1000004545425871</CWH>
      <CFGlacier>1</CFGlacier>
      <CFSlope>1</CFSlope>
      <FC>169.92483421904785</FC>
      <LP>0.879188312128211</LP>
      <BETA>4.5370000512262463</BETA>
    </VegetationZoneParameters>
  </VegetationZone>
  <SubCatchment>
    <SubCatchmentParameters>
      <KSI>0.001</KSI>
      <KGmin>0.05</KGmin>
      <RangeKG>0.1</RangeKG>
      <AG>0.1</AG>
      <PERC>7.27365711283255</PERC>
      <Alpha>0</Alpha>
      <UZL>101.84599504775311</UZL>
      <K0>0.366435165100014</K0>
      <K1>0.22155052811550557</K1>
      <K2>0.078866095096861336</K2>
      <MAXBAS>1.0001186321533939</MAXBAS>
      <Cet>0</Cet>
      <PCALT>10</PCALT>
      <TCALT>0.6</TCALT>
      <Pelev>601.5</Pelev>
      <Telev>601.5</Telev>
      <PART>0.5</PART>
      <DELAY>1</DELAY>
    </SubCatchmentParameters>
    <SubCatchmentVegetationZone>
      <SubCatchmentVegetationZoneParameters>
        <TT>-0.53021159724710432</TT>
        <CFMAX>2.1252585704676767</CFMAX>
        <SP>0</SP>
        <SFCF>0.70469319065281788</SFCF>
        <CFR>0.029328662520817492</CFR>
        <CWH>0.1000004545425871</CWH>
        <CFGlacier>1</CFGlacier>
        <CFSlope>1</CFSlope>
        <FC>169.92483421904785</FC>
        <LP>0.879188312128211</LP>
        <BETA>4.5370000512262463</BETA>
      </SubCatchmentVegetationZoneParameters>
    </SubCatchmentVegetationZone>
  </SubCatchment>
</Catchment>