<?xml version="1.0" encoding="utf-8"?>
<Catchment xmlns:xsi="http://www.w3.org/2001/XMLSchema-instance" xmlns:xsd="http://www.w3.org/2001/XMLSchema">
  <CatchmentParameters>
    <KSI>0.001</KSI>
    <KGmin>0.05</KGmin>
    <RangeKG>0.1</RangeKG>
    <AG>0.1</AG>
    <PERC>7.623776067164008</PERC>
    <Alpha>0</Alpha>
    <UZL>156.07939575962283</UZL>
    <K0>0.36941785023427365</K0>
    <K1>0.1914645363246828</K1>
    <K2>0.05780431752289434</K2>
    <MAXBAS>1.0049889092399718</MAXBAS>
    <Cet>0</Cet>
    <PCALT>10</PCALT>
    <TCALT>0.6</TCALT>
    <Pelev>601.5</Pelev>
    <Telev>601.5</Telev>
    <PART>0.5</PART>
    <DELAY>1</DELAY>
  </CatchmentParameters>
  <VegetationZone>
    <VegetationZoneParameters>
      <TT>-0.68396733466252413</TT>
      <CFMAX>2.3268273706483509</CFMAX>
      <SP>0</SP>
      <SFCF>0.86325987528648052</SFCF>
      <CFR>0.0045986775954537824</CFR>
      <CWH>0.1000000000058425</CWH>
      <CFGlacier>1</CFGlacier>
      <CFSlope>1</CFSlope>
      <FC>79.046397349784016</FC>
      <LP>0.64771742845635349</LP>
      <BETA>3.811289470465629</BETA>
    </VegetationZoneParameters>
  </VegetationZone>
  <SubCatchment>
    <SubCatchmentParameters>
      <KSI>0.001</KSI>
      <KGmin>0.05</KGmin>
      <RangeKG>0.1</RangeKG>
      <AG>0.1</AG>
      <PERC>7.623776067164008</PERC>
      <Alpha>0</Alpha>
      <UZL>156.07939575962283</UZL>
      <K0>0.36941785023427365</K0>
      <K1>0.1914645363246828</K1>
      <K2>0.05780431752289434</K2>
      <MAXBAS>1.0049889092399718</MAXBAS>
      <Cet>0</Cet>
      <PCALT>10</PCALT>
      <TCALT>0.6</TCALT>
      <Pelev>601.5</Pelev>
      <Telev>601.5</Telev>
      <PART>0.5</PART>
      <DELAY>1</DELAY>
    </SubCatchmentParameters>
    <SubCatchmentVegetationZone>
      <SubCatchmentVegetationZoneParameters>
        <TT>-0.68396733466252413</TT>
        <CFMAX>2.3268273706483509</CFMAX>
        <SP>0</SP>
        <SFCF>0.86325987528648052</SFCF>
        <CFR>0.0045986775954537824</CFR>
        <CWH>0.1000000000058425</CWH>
        <CFGlacier>1</CFGlacier>
        <CFSlope>1</CFSlope>
        <FC>79.046397349784016</FC>
        <LP>0.64771742845635349</LP>
        <BETA>3.811289470465629</BETA>
      </SubCatchmentVegetationZoneParameters>
    </SubCatchmentVegetationZone>
  </SubCatchment>
</Catchment>