<?xml version="1.0" encoding="utf-8"?>
<Catchment xmlns:xsi="http://www.w3.org/2001/XMLSchema-instance" xmlns:xsd="http://www.w3.org/2001/XMLSchema">
  <CatchmentParameters>
    <KSI>0.001</KSI>
    <KGmin>0.05</KGmin>
    <RangeKG>0.1</RangeKG>
    <AG>0.1</AG>
    <PERC>6.5609164002217364</PERC>
    <Alpha>0</Alpha>
    <UZL>85.7173879708024</UZL>
    <K0>0.45908461277005091</K0>
    <K1>0.16834920156938293</K1>
    <K2>0.0537864576195547</K2>
    <MAXBAS>1.0049512820679494</MAXBAS>
    <Cet>0</Cet>
    <PCALT>10</PCALT>
    <TCALT>0.6</TCALT>
    <Pelev>601.5</Pelev>
    <Telev>601.5</Telev>
    <PART>0.5</PART>
    <DELAY>1</DELAY>
  </CatchmentParameters>
  <VegetationZone>
    <VegetationZoneParameters>
      <TT>-1.1030894290395148</TT>
      <CFMAX>2.2888662360040737</CFMAX>
      <SP>0</SP>
      <SFCF>0.87703308424458681</SFCF>
      <CFR>0.058504945554280936</CFR>
      <CWH>0.10000000037912525</CWH>
      <CFGlacier>1</CFGlacier>
      <CFSlope>1</CFSlope>
      <FC>92.807063155340927</FC>
      <LP>0.4884809536400922</LP>
      <BETA>2.0021228629898515</BETA>
    </VegetationZoneParameters>
  </VegetationZone>
  <SubCatchment>
    <SubCatchmentParameters>
      <KSI>0.001</KSI>
      <KGmin>0.05</KGmin>
      <RangeKG>0.1</RangeKG>
      <AG>0.1</AG>
      <PERC>6.5609164002217364</PERC>
      <Alpha>0</Alpha>
      <UZL>85.7173879708024</UZL>
      <K0>0.45908461277005091</K0>
      <K1>0.16834920156938293</K1>
      <K2>0.0537864576195547</K2>
      <MAXBAS>1.0049512820679494</MAXBAS>
      <Cet>0</Cet>
      <PCALT>10</PCALT>
      <TCALT>0.6</TCALT>
      <Pelev>601.5</Pelev>
      <Telev>601.5</Telev>
      <PART>0.5</PART>
      <DELAY>1</DELAY>
    </SubCatchmentParameters>
    <SubCatchmentVegetationZone>
      <SubCatchmentVegetationZoneParameters>
        <TT>-1.1030894290395148</TT>
        <CFMAX>2.2888662360040737</CFMAX>
        <SP>0</SP>
        <SFCF>0.87703308424458681</SFCF>
        <CFR>0.058504945554280936</CFR>
        <CWH>0.10000000037912525</CWH>
        <CFGlacier>1</CFGlacier>
        <CFSlope>1</CFSlope>
        <FC>92.807063155340927</FC>
        <LP>0.4884809536400922</LP>
        <BETA>2.0021228629898515</BETA>
      </SubCatchmentVegetationZoneParameters>
    </SubCatchmentVegetationZone>
  </SubCatchment>
</Catchment>