<?xml version="1.0" encoding="utf-8"?>
<Catchment xmlns:xsi="http://www.w3.org/2001/XMLSchema-instance" xmlns:xsd="http://www.w3.org/2001/XMLSchema">
  <CatchmentParameters>
    <KSI>0.001</KSI>
    <KGmin>0.05</KGmin>
    <RangeKG>0.1</RangeKG>
    <AG>0.1</AG>
    <PERC>7.7668343130692907</PERC>
    <Alpha>0</Alpha>
    <UZL>113.67155764482628</UZL>
    <K0>0.57801461371017571</K0>
    <K1>0.20320262007747919</K1>
    <K2>0.06197447762847761</K2>
    <MAXBAS>1.0000006783801119</MAXBAS>
    <Cet>0</Cet>
    <PCALT>10</PCALT>
    <TCALT>0.6</TCALT>
    <Pelev>601.5</Pelev>
    <Telev>601.5</Telev>
    <PART>0.5</PART>
    <DELAY>1</DELAY>
  </CatchmentParameters>
  <VegetationZone>
    <VegetationZoneParameters>
      <TT>-0.680813390902369</TT>
      <CFMAX>2.3439937682276324</CFMAX>
      <SP>0</SP>
      <SFCF>0.78241494951592927</SFCF>
      <CFR>0.0477644768409409</CFR>
      <CWH>0.10000007750918523</CWH>
      <CFGlacier>1</CFGlacier>
      <CFSlope>1</CFSlope>
      <FC>104.99790021815637</FC>
      <LP>0.77339059329682969</LP>
      <BETA>4.4792003075257574</BETA>
    </VegetationZoneParameters>
  </VegetationZone>
  <SubCatchment>
    <SubCatchmentParameters>
      <KSI>0.001</KSI>
      <KGmin>0.05</KGmin>
      <RangeKG>0.1</RangeKG>
      <AG>0.1</AG>
      <PERC>7.7668343130692907</PERC>
      <Alpha>0</Alpha>
      <UZL>113.67155764482628</UZL>
      <K0>0.57801461371017571</K0>
      <K1>0.20320262007747919</K1>
      <K2>0.06197447762847761</K2>
      <MAXBAS>1.0000006783801119</MAXBAS>
      <Cet>0</Cet>
      <PCALT>10</PCALT>
      <TCALT>0.6</TCALT>
      <Pelev>601.5</Pelev>
      <Telev>601.5</Telev>
      <PART>0.5</PART>
      <DELAY>1</DELAY>
    </SubCatchmentParameters>
    <SubCatchmentVegetationZone>
      <SubCatchmentVegetationZoneParameters>
        <TT>-0.680813390902369</TT>
        <CFMAX>2.3439937682276324</CFMAX>
        <SP>0</SP>
        <SFCF>0.78241494951592927</SFCF>
        <CFR>0.0477644768409409</CFR>
        <CWH>0.10000007750918523</CWH>
        <CFGlacier>1</CFGlacier>
        <CFSlope>1</CFSlope>
        <FC>104.99790021815637</FC>
        <LP>0.77339059329682969</LP>
        <BETA>4.4792003075257574</BETA>
      </SubCatchmentVegetationZoneParameters>
    </SubCatchmentVegetationZone>
  </SubCatchment>
</Catchment>