<?xml version="1.0" encoding="utf-8"?>
<Catchment xmlns:xsi="http://www.w3.org/2001/XMLSchema-instance" xmlns:xsd="http://www.w3.org/2001/XMLSchema">
  <CatchmentParameters>
    <KSI>0.001</KSI>
    <KGmin>0.05</KGmin>
    <RangeKG>0.1</RangeKG>
    <AG>0.1</AG>
    <PERC>5.0654399685608773</PERC>
    <Alpha>0</Alpha>
    <UZL>112.20407228572044</UZL>
    <K0>0.28042448016380439</K0>
    <K1>0.14566890870242288</K1>
    <K2>0.034602854946161853</K2>
    <MAXBAS>1.0000575963253113</MAXBAS>
    <Cet>0</Cet>
    <PCALT>10</PCALT>
    <TCALT>0.6</TCALT>
    <Pelev>601.5</Pelev>
    <Telev>601.5</Telev>
    <PART>0.5</PART>
    <DELAY>1</DELAY>
  </CatchmentParameters>
  <VegetationZone>
    <VegetationZoneParameters>
      <TT>-0.50003710878258867</TT>
      <CFMAX>2.72166272388711</CFMAX>
      <SP>0</SP>
      <SFCF>0.8586431606103454</SFCF>
      <CFR>0.036925255694467092</CFR>
      <CWH>0.10004141167805961</CWH>
      <CFGlacier>1</CFGlacier>
      <CFSlope>1</CFSlope>
      <FC>79.51728541681365</FC>
      <LP>0.69667079591763559</LP>
      <BETA>5.9998456334533641</BETA>
    </VegetationZoneParameters>
  </VegetationZone>
  <SubCatchment>
    <SubCatchmentParameters>
      <KSI>0.001</KSI>
      <KGmin>0.05</KGmin>
      <RangeKG>0.1</RangeKG>
      <AG>0.1</AG>
      <PERC>5.0654399685608773</PERC>
      <Alpha>0</Alpha>
      <UZL>112.20407228572044</UZL>
      <K0>0.28042448016380439</K0>
      <K1>0.14566890870242288</K1>
      <K2>0.034602854946161853</K2>
      <MAXBAS>1.0000575963253113</MAXBAS>
      <Cet>0</Cet>
      <PCALT>10</PCALT>
      <TCALT>0.6</TCALT>
      <Pelev>601.5</Pelev>
      <Telev>601.5</Telev>
      <PART>0.5</PART>
      <DELAY>1</DELAY>
    </SubCatchmentParameters>
    <SubCatchmentVegetationZone>
      <SubCatchmentVegetationZoneParameters>
        <TT>-0.50003710878258867</TT>
        <CFMAX>2.72166272388711</CFMAX>
        <SP>0</SP>
        <SFCF>0.8586431606103454</SFCF>
        <CFR>0.036925255694467092</CFR>
        <CWH>0.10004141167805961</CWH>
        <CFGlacier>1</CFGlacier>
        <CFSlope>1</CFSlope>
        <FC>79.51728541681365</FC>
        <LP>0.69667079591763559</LP>
        <BETA>5.9998456334533641</BETA>
      </SubCatchmentVegetationZoneParameters>
    </SubCatchmentVegetationZone>
  </SubCatchment>
</Catchment>