<?xml version="1.0" encoding="utf-8"?>
<Catchment xmlns:xsi="http://www.w3.org/2001/XMLSchema-instance" xmlns:xsd="http://www.w3.org/2001/XMLSchema">
  <CatchmentParameters>
    <KSI>0.001</KSI>
    <KGmin>0.05</KGmin>
    <RangeKG>0.1</RangeKG>
    <AG>0.1</AG>
    <PERC>9.3791246212328385</PERC>
    <Alpha>0</Alpha>
    <UZL>134.04379413181104</UZL>
    <K0>0.53477641234639994</K0>
    <K1>0.25613988635123358</K1>
    <K2>0.0898480746809028</K2>
    <MAXBAS>1.0000742269278375</MAXBAS>
    <Cet>0</Cet>
    <PCALT>10</PCALT>
    <TCALT>0.6</TCALT>
    <Pelev>601.5</Pelev>
    <Telev>601.5</Telev>
    <PART>0.5</PART>
    <DELAY>1</DELAY>
  </CatchmentParameters>
  <VegetationZone>
    <VegetationZoneParameters>
      <TT>-0.83134187811046989</TT>
      <CFMAX>1.9387930799219653</CFMAX>
      <SP>0</SP>
      <SFCF>0.7143278198568187</SFCF>
      <CFR>0.04274357529416499</CFR>
      <CWH>0.1000000781373834</CWH>
      <CFGlacier>1</CFGlacier>
      <CFSlope>1</CFSlope>
      <FC>186.76583189473777</FC>
      <LP>0.92915935530321192</LP>
      <BETA>5.0047182275948368</BETA>
    </VegetationZoneParameters>
  </VegetationZone>
  <SubCatchment>
    <SubCatchmentParameters>
      <KSI>0.001</KSI>
      <KGmin>0.05</KGmin>
      <RangeKG>0.1</RangeKG>
      <AG>0.1</AG>
      <PERC>9.3791246212328385</PERC>
      <Alpha>0</Alpha>
      <UZL>134.04379413181104</UZL>
      <K0>0.53477641234639994</K0>
      <K1>0.25613988635123358</K1>
      <K2>0.0898480746809028</K2>
      <MAXBAS>1.0000742269278375</MAXBAS>
      <Cet>0</Cet>
      <PCALT>10</PCALT>
      <TCALT>0.6</TCALT>
      <Pelev>601.5</Pelev>
      <Telev>601.5</Telev>
      <PART>0.5</PART>
      <DELAY>1</DELAY>
    </SubCatchmentParameters>
    <SubCatchmentVegetationZone>
      <SubCatchmentVegetationZoneParameters>
        <TT>-0.83134187811046989</TT>
        <CFMAX>1.9387930799219653</CFMAX>
        <SP>0</SP>
        <SFCF>0.7143278198568187</SFCF>
        <CFR>0.04274357529416499</CFR>
        <CWH>0.1000000781373834</CWH>
        <CFGlacier>1</CFGlacier>
        <CFSlope>1</CFSlope>
        <FC>186.76583189473777</FC>
        <LP>0.92915935530321192</LP>
        <BETA>5.0047182275948368</BETA>
      </SubCatchmentVegetationZoneParameters>
    </SubCatchmentVegetationZone>
  </SubCatchment>
</Catchment>