<?xml version="1.0" encoding="utf-8"?>
<Catchment xmlns:xsi="http://www.w3.org/2001/XMLSchema-instance" xmlns:xsd="http://www.w3.org/2001/XMLSchema">
  <CatchmentParameters>
    <KSI>0.001</KSI>
    <KGmin>0.05</KGmin>
    <RangeKG>0.1</RangeKG>
    <AG>0.1</AG>
    <PERC>9.80663378384467</PERC>
    <Alpha>0</Alpha>
    <UZL>83.370751677598776</UZL>
    <K0>0.44813763995188827</K0>
    <K1>0.31439170644578845</K1>
    <K2>0.082580931877442476</K2>
    <MAXBAS>1.307510230605144</MAXBAS>
    <Cet>0</Cet>
    <PCALT>10</PCALT>
    <TCALT>0.6</TCALT>
    <Pelev>601.5</Pelev>
    <Telev>601.5</Telev>
    <PART>0.5</PART>
    <DELAY>1</DELAY>
  </CatchmentParameters>
  <VegetationZone>
    <VegetationZoneParameters>
      <TT>-0.64619274742899679</TT>
      <CFMAX>1.9335426970897911</CFMAX>
      <SP>0</SP>
      <SFCF>0.76656937774829215</SFCF>
      <CFR>8.6829222870704713E-11</CFR>
      <CWH>0.10000043391970837</CWH>
      <CFGlacier>1</CFGlacier>
      <CFSlope>1</CFSlope>
      <FC>118.59927705129528</FC>
      <LP>0.70019347815274646</LP>
      <BETA>3.0757160633117047</BETA>
    </VegetationZoneParameters>
  </VegetationZone>
  <SubCatchment>
    <SubCatchmentParameters>
      <KSI>0.001</KSI>
      <KGmin>0.05</KGmin>
      <RangeKG>0.1</RangeKG>
      <AG>0.1</AG>
      <PERC>9.80663378384467</PERC>
      <Alpha>0</Alpha>
      <UZL>83.370751677598776</UZL>
      <K0>0.44813763995188827</K0>
      <K1>0.31439170644578845</K1>
      <K2>0.082580931877442476</K2>
      <MAXBAS>1.307510230605144</MAXBAS>
      <Cet>0</Cet>
      <PCALT>10</PCALT>
      <TCALT>0.6</TCALT>
      <Pelev>601.5</Pelev>
      <Telev>601.5</Telev>
      <PART>0.5</PART>
      <DELAY>1</DELAY>
    </SubCatchmentParameters>
    <SubCatchmentVegetationZone>
      <SubCatchmentVegetationZoneParameters>
        <TT>-0.64619274742899679</TT>
        <CFMAX>1.9335426970897911</CFMAX>
        <SP>0</SP>
        <SFCF>0.76656937774829215</SFCF>
        <CFR>8.6829222870704713E-11</CFR>
        <CWH>0.10000043391970837</CWH>
        <CFGlacier>1</CFGlacier>
        <CFSlope>1</CFSlope>
        <FC>118.59927705129528</FC>
        <LP>0.70019347815274646</LP>
        <BETA>3.0757160633117047</BETA>
      </SubCatchmentVegetationZoneParameters>
    </SubCatchmentVegetationZone>
  </SubCatchment>
</Catchment>