<?xml version="1.0" encoding="utf-8"?>
<Catchment xmlns:xsi="http://www.w3.org/2001/XMLSchema-instance" xmlns:xsd="http://www.w3.org/2001/XMLSchema">
  <CatchmentParameters>
    <KSI>0.001</KSI>
    <KGmin>0.05</KGmin>
    <RangeKG>0.1</RangeKG>
    <AG>0.1</AG>
    <PERC>4.7473627445055664</PERC>
    <Alpha>0</Alpha>
    <UZL>133.55267211783988</UZL>
    <K0>0.59919793791816789</K0>
    <K1>0.16064319302391464</K1>
    <K2>0.045710627819381275</K2>
    <MAXBAS>1</MAXBAS>
    <Cet>0</Cet>
    <PCALT>10</PCALT>
    <TCALT>0.6</TCALT>
    <Pelev>601.5</Pelev>
    <Telev>601.5</Telev>
    <PART>0.5</PART>
    <DELAY>1</DELAY>
  </CatchmentParameters>
  <VegetationZone>
    <VegetationZoneParameters>
      <TT>-0.54996673293524612</TT>
      <CFMAX>2.3799746165724485</CFMAX>
      <SP>0</SP>
      <SFCF>0.87323556404183544</SFCF>
      <CFR>1.2808995820430748E-08</CFR>
      <CWH>0.10000022312896889</CWH>
      <CFGlacier>1</CFGlacier>
      <CFSlope>1</CFSlope>
      <FC>72.439316590860059</FC>
      <LP>0.53036092224762821</LP>
      <BETA>5.0694776965590833</BETA>
    </VegetationZoneParameters>
  </VegetationZone>
  <SubCatchment>
    <SubCatchmentParameters>
      <KSI>0.001</KSI>
      <KGmin>0.05</KGmin>
      <RangeKG>0.1</RangeKG>
      <AG>0.1</AG>
      <PERC>4.7473627445055664</PERC>
      <Alpha>0</Alpha>
      <UZL>133.55267211783988</UZL>
      <K0>0.59919793791816789</K0>
      <K1>0.16064319302391464</K1>
      <K2>0.045710627819381275</K2>
      <MAXBAS>1</MAXBAS>
      <Cet>0</Cet>
      <PCALT>10</PCALT>
      <TCALT>0.6</TCALT>
      <Pelev>601.5</Pelev>
      <Telev>601.5</Telev>
      <PART>0.5</PART>
      <DELAY>1</DELAY>
    </SubCatchmentParameters>
    <SubCatchmentVegetationZone>
      <SubCatchmentVegetationZoneParameters>
        <TT>-0.54996673293524612</TT>
        <CFMAX>2.3799746165724485</CFMAX>
        <SP>0</SP>
        <SFCF>0.87323556404183544</SFCF>
        <CFR>1.2808995820430748E-08</CFR>
        <CWH>0.10000022312896889</CWH>
        <CFGlacier>1</CFGlacier>
        <CFSlope>1</CFSlope>
        <FC>72.439316590860059</FC>
        <LP>0.53036092224762821</LP>
        <BETA>5.0694776965590833</BETA>
      </SubCatchmentVegetationZoneParameters>
    </SubCatchmentVegetationZone>
  </SubCatchment>
</Catchment>