<?xml version="1.0" encoding="utf-8"?>
<Catchment xmlns:xsi="http://www.w3.org/2001/XMLSchema-instance" xmlns:xsd="http://www.w3.org/2001/XMLSchema">
  <CatchmentParameters>
    <KSI>0.001</KSI>
    <KGmin>0.05</KGmin>
    <RangeKG>0.1</RangeKG>
    <AG>0.1</AG>
    <PERC>3.3591955516886296</PERC>
    <Alpha>0</Alpha>
    <UZL>72.788741640049381</UZL>
    <K0>0.3385804884932973</K0>
    <K1>0.11491925117836671</K1>
    <K2>0.047160593198703395</K2>
    <MAXBAS>1</MAXBAS>
    <Cet>0</Cet>
    <PCALT>10</PCALT>
    <TCALT>0.6</TCALT>
    <Pelev>601.5</Pelev>
    <Telev>601.5</Telev>
    <PART>0.5</PART>
    <DELAY>1</DELAY>
  </CatchmentParameters>
  <VegetationZone>
    <VegetationZoneParameters>
      <TT>-1.8500016015619858</TT>
      <CFMAX>1.7604976183094425</CFMAX>
      <SP>0</SP>
      <SFCF>0.95373128093544424</SFCF>
      <CFR>0.051543561426370808</CFR>
      <CWH>0.10000006628402772</CWH>
      <CFGlacier>1</CFGlacier>
      <CFSlope>1</CFSlope>
      <FC>144.47413873468253</FC>
      <LP>0.7027404166022454</LP>
      <BETA>5.878950232783879</BETA>
    </VegetationZoneParameters>
  </VegetationZone>
  <SubCatchment>
    <SubCatchmentParameters>
      <KSI>0.001</KSI>
      <KGmin>0.05</KGmin>
      <RangeKG>0.1</RangeKG>
      <AG>0.1</AG>
      <PERC>3.3591955516886296</PERC>
      <Alpha>0</Alpha>
      <UZL>72.788741640049381</UZL>
      <K0>0.3385804884932973</K0>
      <K1>0.11491925117836671</K1>
      <K2>0.047160593198703395</K2>
      <MAXBAS>1</MAXBAS>
      <Cet>0</Cet>
      <PCALT>10</PCALT>
      <TCALT>0.6</TCALT>
      <Pelev>601.5</Pelev>
      <Telev>601.5</Telev>
      <PART>0.5</PART>
      <DELAY>1</DELAY>
    </SubCatchmentParameters>
    <SubCatchmentVegetationZone>
      <SubCatchmentVegetationZoneParameters>
        <TT>-1.8500016015619858</TT>
        <CFMAX>1.7604976183094425</CFMAX>
        <SP>0</SP>
        <SFCF>0.95373128093544424</SFCF>
        <CFR>0.051543561426370808</CFR>
        <CWH>0.10000006628402772</CWH>
        <CFGlacier>1</CFGlacier>
        <CFSlope>1</CFSlope>
        <FC>144.47413873468253</FC>
        <LP>0.7027404166022454</LP>
        <BETA>5.878950232783879</BETA>
      </SubCatchmentVegetationZoneParameters>
    </SubCatchmentVegetationZone>
  </SubCatchment>
</Catchment>