<?xml version="1.0" encoding="utf-8"?>
<Catchment xmlns:xsi="http://www.w3.org/2001/XMLSchema-instance" xmlns:xsd="http://www.w3.org/2001/XMLSchema">
  <CatchmentParameters>
    <KSI>0.001</KSI>
    <KGmin>0.05</KGmin>
    <RangeKG>0.1</RangeKG>
    <AG>0.1</AG>
    <PERC>9.9999994927662783</PERC>
    <Alpha>0</Alpha>
    <UZL>126.63631676615728</UZL>
    <K0>0.45867911432179981</K0>
    <K1>0.36486133319691766</K1>
    <K2>0.10737152888684834</K2>
    <MAXBAS>1.3879431569212017</MAXBAS>
    <Cet>0</Cet>
    <PCALT>10</PCALT>
    <TCALT>0.6</TCALT>
    <Pelev>601.5</Pelev>
    <Telev>601.5</Telev>
    <PART>0.5</PART>
    <DELAY>1</DELAY>
  </CatchmentParameters>
  <VegetationZone>
    <VegetationZoneParameters>
      <TT>-0.59359452899126641</TT>
      <CFMAX>1.7869094514921649</CFMAX>
      <SP>0</SP>
      <SFCF>0.59879464701844709</SFCF>
      <CFR>0.048968060939124251</CFR>
      <CWH>0.10000003436885584</CWH>
      <CFGlacier>1</CFGlacier>
      <CFSlope>1</CFSlope>
      <FC>156.06761729953749</FC>
      <LP>0.7768479005349187</LP>
      <BETA>3.4398455744059535</BETA>
    </VegetationZoneParameters>
  </VegetationZone>
  <SubCatchment>
    <SubCatchmentParameters>
      <KSI>0.001</KSI>
      <KGmin>0.05</KGmin>
      <RangeKG>0.1</RangeKG>
      <AG>0.1</AG>
      <PERC>9.9999994927662783</PERC>
      <Alpha>0</Alpha>
      <UZL>126.63631676615728</UZL>
      <K0>0.45867911432179981</K0>
      <K1>0.36486133319691766</K1>
      <K2>0.10737152888684834</K2>
      <MAXBAS>1.3879431569212017</MAXBAS>
      <Cet>0</Cet>
      <PCALT>10</PCALT>
      <TCALT>0.6</TCALT>
      <Pelev>601.5</Pelev>
      <Telev>601.5</Telev>
      <PART>0.5</PART>
      <DELAY>1</DELAY>
    </SubCatchmentParameters>
    <SubCatchmentVegetationZone>
      <SubCatchmentVegetationZoneParameters>
        <TT>-0.59359452899126641</TT>
        <CFMAX>1.7869094514921649</CFMAX>
        <SP>0</SP>
        <SFCF>0.59879464701844709</SFCF>
        <CFR>0.048968060939124251</CFR>
        <CWH>0.10000003436885584</CWH>
        <CFGlacier>1</CFGlacier>
        <CFSlope>1</CFSlope>
        <FC>156.06761729953749</FC>
        <LP>0.7768479005349187</LP>
        <BETA>3.4398455744059535</BETA>
      </SubCatchmentVegetationZoneParameters>
    </SubCatchmentVegetationZone>
  </SubCatchment>
</Catchment>