<?xml version="1.0" encoding="utf-8"?>
<Catchment xmlns:xsi="http://www.w3.org/2001/XMLSchema-instance" xmlns:xsd="http://www.w3.org/2001/XMLSchema">
  <CatchmentParameters>
    <KSI>0.001</KSI>
    <KGmin>0.05</KGmin>
    <RangeKG>0.1</RangeKG>
    <AG>0.1</AG>
    <PERC>9.3928108775273067</PERC>
    <Alpha>0</Alpha>
    <UZL>90.668602417974242</UZL>
    <K0>0.32435273852929242</K0>
    <K1>0.25229937252581641</K1>
    <K2>0.091351332457723769</K2>
    <MAXBAS>1.0037108615015904</MAXBAS>
    <Cet>0</Cet>
    <PCALT>10</PCALT>
    <TCALT>0.6</TCALT>
    <Pelev>601.5</Pelev>
    <Telev>601.5</Telev>
    <PART>0.5</PART>
    <DELAY>1</DELAY>
  </CatchmentParameters>
  <VegetationZone>
    <VegetationZoneParameters>
      <TT>-0.79999660839387743</TT>
      <CFMAX>2.0427837217284939</CFMAX>
      <SP>0</SP>
      <SFCF>0.70101704083628391</SFCF>
      <CFR>0.065031038024850663</CFR>
      <CWH>0.10000350794935708</CWH>
      <CFGlacier>1</CFGlacier>
      <CFSlope>1</CFSlope>
      <FC>112.7846322553997</FC>
      <LP>0.59122586435111946</LP>
      <BETA>2.4725397664731434</BETA>
    </VegetationZoneParameters>
  </VegetationZone>
  <SubCatchment>
    <SubCatchmentParameters>
      <KSI>0.001</KSI>
      <KGmin>0.05</KGmin>
      <RangeKG>0.1</RangeKG>
      <AG>0.1</AG>
      <PERC>9.3928108775273067</PERC>
      <Alpha>0</Alpha>
      <UZL>90.668602417974242</UZL>
      <K0>0.32435273852929242</K0>
      <K1>0.25229937252581641</K1>
      <K2>0.091351332457723769</K2>
      <MAXBAS>1.0037108615015904</MAXBAS>
      <Cet>0</Cet>
      <PCALT>10</PCALT>
      <TCALT>0.6</TCALT>
      <Pelev>601.5</Pelev>
      <Telev>601.5</Telev>
      <PART>0.5</PART>
      <DELAY>1</DELAY>
    </SubCatchmentParameters>
    <SubCatchmentVegetationZone>
      <SubCatchmentVegetationZoneParameters>
        <TT>-0.79999660839387743</TT>
        <CFMAX>2.0427837217284939</CFMAX>
        <SP>0</SP>
        <SFCF>0.70101704083628391</SFCF>
        <CFR>0.065031038024850663</CFR>
        <CWH>0.10000350794935708</CWH>
        <CFGlacier>1</CFGlacier>
        <CFSlope>1</CFSlope>
        <FC>112.7846322553997</FC>
        <LP>0.59122586435111946</LP>
        <BETA>2.4725397664731434</BETA>
      </SubCatchmentVegetationZoneParameters>
    </SubCatchmentVegetationZone>
  </SubCatchment>
</Catchment>