<?xml version="1.0" encoding="utf-8"?>
<Catchment xmlns:xsi="http://www.w3.org/2001/XMLSchema-instance" xmlns:xsd="http://www.w3.org/2001/XMLSchema">
  <CatchmentParameters>
    <KSI>0.001</KSI>
    <KGmin>0.05</KGmin>
    <RangeKG>0.1</RangeKG>
    <AG>0.1</AG>
    <PERC>9.237474011098378</PERC>
    <Alpha>0</Alpha>
    <UZL>157.33250495300925</UZL>
    <K0>0.38456216487216877</K0>
    <K1>0.22121125924047042</K1>
    <K2>0.072137779210934283</K2>
    <MAXBAS>1.0050075284640838</MAXBAS>
    <Cet>0</Cet>
    <PCALT>10</PCALT>
    <TCALT>0.6</TCALT>
    <Pelev>601.5</Pelev>
    <Telev>601.5</Telev>
    <PART>0.5</PART>
    <DELAY>1</DELAY>
  </CatchmentParameters>
  <VegetationZone>
    <VegetationZoneParameters>
      <TT>-0.69630451101595359</TT>
      <CFMAX>2.294323881127716</CFMAX>
      <SP>0</SP>
      <SFCF>0.76167796914751529</SFCF>
      <CFR>0.060235754338799165</CFR>
      <CWH>0.10000001752954756</CWH>
      <CFGlacier>1</CFGlacier>
      <CFSlope>1</CFSlope>
      <FC>117.27508077442892</FC>
      <LP>0.79093516640399542</LP>
      <BETA>4.2654694721088466</BETA>
    </VegetationZoneParameters>
  </VegetationZone>
  <SubCatchment>
    <SubCatchmentParameters>
      <KSI>0.001</KSI>
      <KGmin>0.05</KGmin>
      <RangeKG>0.1</RangeKG>
      <AG>0.1</AG>
      <PERC>9.237474011098378</PERC>
      <Alpha>0</Alpha>
      <UZL>157.33250495300925</UZL>
      <K0>0.38456216487216877</K0>
      <K1>0.22121125924047042</K1>
      <K2>0.072137779210934283</K2>
      <MAXBAS>1.0050075284640838</MAXBAS>
      <Cet>0</Cet>
      <PCALT>10</PCALT>
      <TCALT>0.6</TCALT>
      <Pelev>601.5</Pelev>
      <Telev>601.5</Telev>
      <PART>0.5</PART>
      <DELAY>1</DELAY>
    </SubCatchmentParameters>
    <SubCatchmentVegetationZone>
      <SubCatchmentVegetationZoneParameters>
        <TT>-0.69630451101595359</TT>
        <CFMAX>2.294323881127716</CFMAX>
        <SP>0</SP>
        <SFCF>0.76167796914751529</SFCF>
        <CFR>0.060235754338799165</CFR>
        <CWH>0.10000001752954756</CWH>
        <CFGlacier>1</CFGlacier>
        <CFSlope>1</CFSlope>
        <FC>117.27508077442892</FC>
        <LP>0.79093516640399542</LP>
        <BETA>4.2654694721088466</BETA>
      </SubCatchmentVegetationZoneParameters>
    </SubCatchmentVegetationZone>
  </SubCatchment>
</Catchment>