<?xml version="1.0" encoding="utf-8"?>
<Catchment xmlns:xsi="http://www.w3.org/2001/XMLSchema-instance" xmlns:xsd="http://www.w3.org/2001/XMLSchema">
  <CatchmentParameters>
    <KSI>0.001</KSI>
    <KGmin>0.05</KGmin>
    <RangeKG>0.1</RangeKG>
    <AG>0.1</AG>
    <PERC>7.2065991494598434</PERC>
    <Alpha>0</Alpha>
    <UZL>154.87152142044897</UZL>
    <K0>0.41425318318328147</K0>
    <K1>0.20731326335646128</K1>
    <K2>0.078001370599581107</K2>
    <MAXBAS>1.0000045536529787</MAXBAS>
    <Cet>0</Cet>
    <PCALT>10</PCALT>
    <TCALT>0.6</TCALT>
    <Pelev>601.5</Pelev>
    <Telev>601.5</Telev>
    <PART>0.5</PART>
    <DELAY>1</DELAY>
  </CatchmentParameters>
  <VegetationZone>
    <VegetationZoneParameters>
      <TT>-0.068106586256357571</TT>
      <CFMAX>2.5085153756276912</CFMAX>
      <SP>0</SP>
      <SFCF>0.66102626107861806</SFCF>
      <CFR>0.042542969502698473</CFR>
      <CWH>0.10000628718233844</CWH>
      <CFGlacier>1</CFGlacier>
      <CFSlope>1</CFSlope>
      <FC>181.03810101603983</FC>
      <LP>0.919669313036886</LP>
      <BETA>5.2767949043758886</BETA>
    </VegetationZoneParameters>
  </VegetationZone>
  <SubCatchment>
    <SubCatchmentParameters>
      <KSI>0.001</KSI>
      <KGmin>0.05</KGmin>
      <RangeKG>0.1</RangeKG>
      <AG>0.1</AG>
      <PERC>7.2065991494598434</PERC>
      <Alpha>0</Alpha>
      <UZL>154.87152142044897</UZL>
      <K0>0.41425318318328147</K0>
      <K1>0.20731326335646128</K1>
      <K2>0.078001370599581107</K2>
      <MAXBAS>1.0000045536529787</MAXBAS>
      <Cet>0</Cet>
      <PCALT>10</PCALT>
      <TCALT>0.6</TCALT>
      <Pelev>601.5</Pelev>
      <Telev>601.5</Telev>
      <PART>0.5</PART>
      <DELAY>1</DELAY>
    </SubCatchmentParameters>
    <SubCatchmentVegetationZone>
      <SubCatchmentVegetationZoneParameters>
        <TT>-0.068106586256357571</TT>
        <CFMAX>2.5085153756276912</CFMAX>
        <SP>0</SP>
        <SFCF>0.66102626107861806</SFCF>
        <CFR>0.042542969502698473</CFR>
        <CWH>0.10000628718233844</CWH>
        <CFGlacier>1</CFGlacier>
        <CFSlope>1</CFSlope>
        <FC>181.03810101603983</FC>
        <LP>0.919669313036886</LP>
        <BETA>5.2767949043758886</BETA>
      </SubCatchmentVegetationZoneParameters>
    </SubCatchmentVegetationZone>
  </SubCatchment>
</Catchment>