<?xml version="1.0" encoding="utf-8"?>
<Catchment xmlns:xsi="http://www.w3.org/2001/XMLSchema-instance" xmlns:xsd="http://www.w3.org/2001/XMLSchema">
  <CatchmentParameters>
    <KSI>0.001</KSI>
    <KGmin>0.05</KGmin>
    <RangeKG>0.1</RangeKG>
    <AG>0.1</AG>
    <PERC>7.36552732795946</PERC>
    <Alpha>0</Alpha>
    <UZL>146.74919474318892</UZL>
    <K0>0.11599151976228193</K0>
    <K1>0.19553398386151191</K1>
    <K2>0.067432400136560128</K2>
    <MAXBAS>1.0000310904144225</MAXBAS>
    <Cet>0</Cet>
    <PCALT>10</PCALT>
    <TCALT>0.6</TCALT>
    <Pelev>601.5</Pelev>
    <Telev>601.5</Telev>
    <PART>0.5</PART>
    <DELAY>1</DELAY>
  </CatchmentParameters>
  <VegetationZone>
    <VegetationZoneParameters>
      <TT>-0.52331949522495624</TT>
      <CFMAX>2.3750647053434362</CFMAX>
      <SP>0</SP>
      <SFCF>0.70640140022246578</SFCF>
      <CFR>0.065349868715463624</CFR>
      <CWH>0.12830054211981748</CWH>
      <CFGlacier>1</CFGlacier>
      <CFSlope>1</CFSlope>
      <FC>119.42365701970955</FC>
      <LP>0.78234459454660932</LP>
      <BETA>4.061948025823388</BETA>
    </VegetationZoneParameters>
  </VegetationZone>
  <SubCatchment>
    <SubCatchmentParameters>
      <KSI>0.001</KSI>
      <KGmin>0.05</KGmin>
      <RangeKG>0.1</RangeKG>
      <AG>0.1</AG>
      <PERC>7.36552732795946</PERC>
      <Alpha>0</Alpha>
      <UZL>146.74919474318892</UZL>
      <K0>0.11599151976228193</K0>
      <K1>0.19553398386151191</K1>
      <K2>0.067432400136560128</K2>
      <MAXBAS>1.0000310904144225</MAXBAS>
      <Cet>0</Cet>
      <PCALT>10</PCALT>
      <TCALT>0.6</TCALT>
      <Pelev>601.5</Pelev>
      <Telev>601.5</Telev>
      <PART>0.5</PART>
      <DELAY>1</DELAY>
    </SubCatchmentParameters>
    <SubCatchmentVegetationZone>
      <SubCatchmentVegetationZoneParameters>
        <TT>-0.52331949522495624</TT>
        <CFMAX>2.3750647053434362</CFMAX>
        <SP>0</SP>
        <SFCF>0.70640140022246578</SFCF>
        <CFR>0.065349868715463624</CFR>
        <CWH>0.12830054211981748</CWH>
        <CFGlacier>1</CFGlacier>
        <CFSlope>1</CFSlope>
        <FC>119.42365701970955</FC>
        <LP>0.78234459454660932</LP>
        <BETA>4.061948025823388</BETA>
      </SubCatchmentVegetationZoneParameters>
    </SubCatchmentVegetationZone>
  </SubCatchment>
</Catchment>