<?xml version="1.0" encoding="utf-8"?>
<Catchment xmlns:xsi="http://www.w3.org/2001/XMLSchema-instance" xmlns:xsd="http://www.w3.org/2001/XMLSchema">
  <CatchmentParameters>
    <KSI>0.001</KSI>
    <KGmin>0.05</KGmin>
    <RangeKG>0.1</RangeKG>
    <AG>0.1</AG>
    <PERC>8.7780493694671868</PERC>
    <Alpha>0</Alpha>
    <UZL>138.95855877916458</UZL>
    <K0>0.279795786329654</K0>
    <K1>0.24319483537644734</K1>
    <K2>0.095218183606893866</K2>
    <MAXBAS>1.0001286584995803</MAXBAS>
    <Cet>0</Cet>
    <PCALT>10</PCALT>
    <TCALT>0.6</TCALT>
    <Pelev>601.5</Pelev>
    <Telev>601.5</Telev>
    <PART>0.5</PART>
    <DELAY>1</DELAY>
  </CatchmentParameters>
  <VegetationZone>
    <VegetationZoneParameters>
      <TT>-0.500002429602755</TT>
      <CFMAX>2.0769814997298464</CFMAX>
      <SP>0</SP>
      <SFCF>0.64609835867557064</SFCF>
      <CFR>0.060163479409166443</CFR>
      <CWH>0.10180052250895771</CWH>
      <CFGlacier>1</CFGlacier>
      <CFSlope>1</CFSlope>
      <FC>162.27916333894939</FC>
      <LP>0.83046494930140746</LP>
      <BETA>4.0082127423841065</BETA>
    </VegetationZoneParameters>
  </VegetationZone>
  <SubCatchment>
    <SubCatchmentParameters>
      <KSI>0.001</KSI>
      <KGmin>0.05</KGmin>
      <RangeKG>0.1</RangeKG>
      <AG>0.1</AG>
      <PERC>8.7780493694671868</PERC>
      <Alpha>0</Alpha>
      <UZL>138.95855877916458</UZL>
      <K0>0.279795786329654</K0>
      <K1>0.24319483537644734</K1>
      <K2>0.095218183606893866</K2>
      <MAXBAS>1.0001286584995803</MAXBAS>
      <Cet>0</Cet>
      <PCALT>10</PCALT>
      <TCALT>0.6</TCALT>
      <Pelev>601.5</Pelev>
      <Telev>601.5</Telev>
      <PART>0.5</PART>
      <DELAY>1</DELAY>
    </SubCatchmentParameters>
    <SubCatchmentVegetationZone>
      <SubCatchmentVegetationZoneParameters>
        <TT>-0.500002429602755</TT>
        <CFMAX>2.0769814997298464</CFMAX>
        <SP>0</SP>
        <SFCF>0.64609835867557064</SFCF>
        <CFR>0.060163479409166443</CFR>
        <CWH>0.10180052250895771</CWH>
        <CFGlacier>1</CFGlacier>
        <CFSlope>1</CFSlope>
        <FC>162.27916333894939</FC>
        <LP>0.83046494930140746</LP>
        <BETA>4.0082127423841065</BETA>
      </SubCatchmentVegetationZoneParameters>
    </SubCatchmentVegetationZone>
  </SubCatchment>
</Catchment>