<?xml version="1.0" encoding="utf-8"?>
<Catchment xmlns:xsi="http://www.w3.org/2001/XMLSchema-instance" xmlns:xsd="http://www.w3.org/2001/XMLSchema">
  <CatchmentParameters>
    <KSI>0.001</KSI>
    <KGmin>0.05</KGmin>
    <RangeKG>0.1</RangeKG>
    <AG>0.1</AG>
    <PERC>7.6043636141217714</PERC>
    <Alpha>0</Alpha>
    <UZL>106.27868935062111</UZL>
    <K0>0.31989920815714618</K0>
    <K1>0.20058392306513773</K1>
    <K2>0.063735627907335765</K2>
    <MAXBAS>1.0000337263220303</MAXBAS>
    <Cet>0</Cet>
    <PCALT>10</PCALT>
    <TCALT>0.6</TCALT>
    <Pelev>601.5</Pelev>
    <Telev>601.5</Telev>
    <PART>0.5</PART>
    <DELAY>1</DELAY>
  </CatchmentParameters>
  <VegetationZone>
    <VegetationZoneParameters>
      <TT>-0.9114164552528311</TT>
      <CFMAX>2.2208896523017216</CFMAX>
      <SP>0</SP>
      <SFCF>0.78894172518367378</SFCF>
      <CFR>0.065611687451009482</CFR>
      <CWH>0.10000004422767912</CWH>
      <CFGlacier>1</CFGlacier>
      <CFSlope>1</CFSlope>
      <FC>132.937409085573</FC>
      <LP>0.85468415684293475</LP>
      <BETA>4.8648859984500481</BETA>
    </VegetationZoneParameters>
  </VegetationZone>
  <SubCatchment>
    <SubCatchmentParameters>
      <KSI>0.001</KSI>
      <KGmin>0.05</KGmin>
      <RangeKG>0.1</RangeKG>
      <AG>0.1</AG>
      <PERC>7.6043636141217714</PERC>
      <Alpha>0</Alpha>
      <UZL>106.27868935062111</UZL>
      <K0>0.31989920815714618</K0>
      <K1>0.20058392306513773</K1>
      <K2>0.063735627907335765</K2>
      <MAXBAS>1.0000337263220303</MAXBAS>
      <Cet>0</Cet>
      <PCALT>10</PCALT>
      <TCALT>0.6</TCALT>
      <Pelev>601.5</Pelev>
      <Telev>601.5</Telev>
      <PART>0.5</PART>
      <DELAY>1</DELAY>
    </SubCatchmentParameters>
    <SubCatchmentVegetationZone>
      <SubCatchmentVegetationZoneParameters>
        <TT>-0.9114164552528311</TT>
        <CFMAX>2.2208896523017216</CFMAX>
        <SP>0</SP>
        <SFCF>0.78894172518367378</SFCF>
        <CFR>0.065611687451009482</CFR>
        <CWH>0.10000004422767912</CWH>
        <CFGlacier>1</CFGlacier>
        <CFSlope>1</CFSlope>
        <FC>132.937409085573</FC>
        <LP>0.85468415684293475</LP>
        <BETA>4.8648859984500481</BETA>
      </SubCatchmentVegetationZoneParameters>
    </SubCatchmentVegetationZone>
  </SubCatchment>
</Catchment>