<?xml version="1.0" encoding="utf-8"?>
<Catchment xmlns:xsi="http://www.w3.org/2001/XMLSchema-instance" xmlns:xsd="http://www.w3.org/2001/XMLSchema">
  <CatchmentParameters>
    <KSI>0.001</KSI>
    <KGmin>0.05</KGmin>
    <RangeKG>0.1</RangeKG>
    <AG>0.1</AG>
    <PERC>8.5939610870563126</PERC>
    <Alpha>0</Alpha>
    <UZL>94.378086409601082</UZL>
    <K0>0.58680545113964866</K0>
    <K1>0.2674176161520227</K1>
    <K2>0.10229696181242673</K2>
    <MAXBAS>1.0000059267669907</MAXBAS>
    <Cet>0</Cet>
    <PCALT>10</PCALT>
    <TCALT>0.6</TCALT>
    <Pelev>601.5</Pelev>
    <Telev>601.5</Telev>
    <PART>0.5</PART>
    <DELAY>1</DELAY>
  </CatchmentParameters>
  <VegetationZone>
    <VegetationZoneParameters>
      <TT>-0.5034281842218844</TT>
      <CFMAX>1.8800919801624156</CFMAX>
      <SP>0</SP>
      <SFCF>0.61004037922933019</SFCF>
      <CFR>0.047303375494855089</CFR>
      <CWH>0.10000033418992652</CWH>
      <CFGlacier>1</CFGlacier>
      <CFSlope>1</CFSlope>
      <FC>215.49802712115329</FC>
      <LP>0.93199440706089665</LP>
      <BETA>5.1913534200424811</BETA>
    </VegetationZoneParameters>
  </VegetationZone>
  <SubCatchment>
    <SubCatchmentParameters>
      <KSI>0.001</KSI>
      <KGmin>0.05</KGmin>
      <RangeKG>0.1</RangeKG>
      <AG>0.1</AG>
      <PERC>8.5939610870563126</PERC>
      <Alpha>0</Alpha>
      <UZL>94.378086409601082</UZL>
      <K0>0.58680545113964866</K0>
      <K1>0.2674176161520227</K1>
      <K2>0.10229696181242673</K2>
      <MAXBAS>1.0000059267669907</MAXBAS>
      <Cet>0</Cet>
      <PCALT>10</PCALT>
      <TCALT>0.6</TCALT>
      <Pelev>601.5</Pelev>
      <Telev>601.5</Telev>
      <PART>0.5</PART>
      <DELAY>1</DELAY>
    </SubCatchmentParameters>
    <SubCatchmentVegetationZone>
      <SubCatchmentVegetationZoneParameters>
        <TT>-0.5034281842218844</TT>
        <CFMAX>1.8800919801624156</CFMAX>
        <SP>0</SP>
        <SFCF>0.61004037922933019</SFCF>
        <CFR>0.047303375494855089</CFR>
        <CWH>0.10000033418992652</CWH>
        <CFGlacier>1</CFGlacier>
        <CFSlope>1</CFSlope>
        <FC>215.49802712115329</FC>
        <LP>0.93199440706089665</LP>
        <BETA>5.1913534200424811</BETA>
      </SubCatchmentVegetationZoneParameters>
    </SubCatchmentVegetationZone>
  </SubCatchment>
</Catchment>