<?xml version="1.0" encoding="utf-8"?>
<Catchment xmlns:xsi="http://www.w3.org/2001/XMLSchema-instance" xmlns:xsd="http://www.w3.org/2001/XMLSchema">
  <CatchmentParameters>
    <KSI>0.001</KSI>
    <KGmin>0.05</KGmin>
    <RangeKG>0.1</RangeKG>
    <AG>0.1</AG>
    <PERC>4.2887966495896279</PERC>
    <Alpha>0</Alpha>
    <UZL>109.06166745338179</UZL>
    <K0>0.51017407442819585</K0>
    <K1>0.14083911365461332</K1>
    <K2>0.0469093042913867</K2>
    <MAXBAS>1</MAXBAS>
    <Cet>0</Cet>
    <PCALT>10</PCALT>
    <TCALT>0.6</TCALT>
    <Pelev>601.5</Pelev>
    <Telev>601.5</Telev>
    <PART>0.5</PART>
    <DELAY>1</DELAY>
  </CatchmentParameters>
  <VegetationZone>
    <VegetationZoneParameters>
      <TT>-1.0111463989731258</TT>
      <CFMAX>2.2825530019471523</CFMAX>
      <SP>0</SP>
      <SFCF>0.88726599364497749</SFCF>
      <CFR>0.022797040346462405</CFR>
      <CWH>0.1000058471067407</CWH>
      <CFGlacier>1</CFGlacier>
      <CFSlope>1</CFSlope>
      <FC>101.92177315717875</FC>
      <LP>0.708792200724643</LP>
      <BETA>5.9999686987320153</BETA>
    </VegetationZoneParameters>
  </VegetationZone>
  <SubCatchment>
    <SubCatchmentParameters>
      <KSI>0.001</KSI>
      <KGmin>0.05</KGmin>
      <RangeKG>0.1</RangeKG>
      <AG>0.1</AG>
      <PERC>4.2887966495896279</PERC>
      <Alpha>0</Alpha>
      <UZL>109.06166745338179</UZL>
      <K0>0.51017407442819585</K0>
      <K1>0.14083911365461332</K1>
      <K2>0.0469093042913867</K2>
      <MAXBAS>1</MAXBAS>
      <Cet>0</Cet>
      <PCALT>10</PCALT>
      <TCALT>0.6</TCALT>
      <Pelev>601.5</Pelev>
      <Telev>601.5</Telev>
      <PART>0.5</PART>
      <DELAY>1</DELAY>
    </SubCatchmentParameters>
    <SubCatchmentVegetationZone>
      <SubCatchmentVegetationZoneParameters>
        <TT>-1.0111463989731258</TT>
        <CFMAX>2.2825530019471523</CFMAX>
        <SP>0</SP>
        <SFCF>0.88726599364497749</SFCF>
        <CFR>0.022797040346462405</CFR>
        <CWH>0.1000058471067407</CWH>
        <CFGlacier>1</CFGlacier>
        <CFSlope>1</CFSlope>
        <FC>101.92177315717875</FC>
        <LP>0.708792200724643</LP>
        <BETA>5.9999686987320153</BETA>
      </SubCatchmentVegetationZoneParameters>
    </SubCatchmentVegetationZone>
  </SubCatchment>
</Catchment>