<?xml version="1.0" encoding="utf-8"?>
<Catchment xmlns:xsi="http://www.w3.org/2001/XMLSchema-instance" xmlns:xsd="http://www.w3.org/2001/XMLSchema">
  <CatchmentParameters>
    <KSI>0.001</KSI>
    <KGmin>0.05</KGmin>
    <RangeKG>0.1</RangeKG>
    <AG>0.1</AG>
    <PERC>9.7194308914727419</PERC>
    <Alpha>0</Alpha>
    <UZL>114.21456822389634</UZL>
    <K0>0.058152910572010864</K0>
    <K1>0.31273436019302103</K1>
    <K2>0.0958424453010229</K2>
    <MAXBAS>1.2981774006474305</MAXBAS>
    <Cet>0</Cet>
    <PCALT>10</PCALT>
    <TCALT>0.6</TCALT>
    <Pelev>601.5</Pelev>
    <Telev>601.5</Telev>
    <PART>0.5</PART>
    <DELAY>1</DELAY>
  </CatchmentParameters>
  <VegetationZone>
    <VegetationZoneParameters>
      <TT>-0.52515083368836513</TT>
      <CFMAX>1.9798938535476254</CFMAX>
      <SP>0</SP>
      <SFCF>0.64877179206407587</SFCF>
      <CFR>0.041570507235527555</CFR>
      <CWH>0.10000007501825474</CWH>
      <CFGlacier>1</CFGlacier>
      <CFSlope>1</CFSlope>
      <FC>150.76006163532227</FC>
      <LP>0.81788212245924075</LP>
      <BETA>3.8256426888529247</BETA>
    </VegetationZoneParameters>
  </VegetationZone>
  <SubCatchment>
    <SubCatchmentParameters>
      <KSI>0.001</KSI>
      <KGmin>0.05</KGmin>
      <RangeKG>0.1</RangeKG>
      <AG>0.1</AG>
      <PERC>9.7194308914727419</PERC>
      <Alpha>0</Alpha>
      <UZL>114.21456822389634</UZL>
      <K0>0.058152910572010864</K0>
      <K1>0.31273436019302103</K1>
      <K2>0.0958424453010229</K2>
      <MAXBAS>1.2981774006474305</MAXBAS>
      <Cet>0</Cet>
      <PCALT>10</PCALT>
      <TCALT>0.6</TCALT>
      <Pelev>601.5</Pelev>
      <Telev>601.5</Telev>
      <PART>0.5</PART>
      <DELAY>1</DELAY>
    </SubCatchmentParameters>
    <SubCatchmentVegetationZone>
      <SubCatchmentVegetationZoneParameters>
        <TT>-0.52515083368836513</TT>
        <CFMAX>1.9798938535476254</CFMAX>
        <SP>0</SP>
        <SFCF>0.64877179206407587</SFCF>
        <CFR>0.041570507235527555</CFR>
        <CWH>0.10000007501825474</CWH>
        <CFGlacier>1</CFGlacier>
        <CFSlope>1</CFSlope>
        <FC>150.76006163532227</FC>
        <LP>0.81788212245924075</LP>
        <BETA>3.8256426888529247</BETA>
      </SubCatchmentVegetationZoneParameters>
    </SubCatchmentVegetationZone>
  </SubCatchment>
</Catchment>