<?xml version="1.0" encoding="utf-8"?>
<Catchment xmlns:xsi="http://www.w3.org/2001/XMLSchema-instance" xmlns:xsd="http://www.w3.org/2001/XMLSchema">
  <CatchmentParameters>
    <KSI>0.001</KSI>
    <KGmin>0.05</KGmin>
    <RangeKG>0.1</RangeKG>
    <AG>0.1</AG>
    <PERC>4.2441033971245972</PERC>
    <Alpha>0</Alpha>
    <UZL>46.19555378066395</UZL>
    <K0>0.33909631750238434</K0>
    <K1>0.13374029672731286</K1>
    <K2>0.0546245060404322</K2>
    <MAXBAS>1</MAXBAS>
    <Cet>0</Cet>
    <PCALT>10</PCALT>
    <TCALT>0.6</TCALT>
    <Pelev>601.5</Pelev>
    <Telev>601.5</Telev>
    <PART>0.5</PART>
    <DELAY>1</DELAY>
  </CatchmentParameters>
  <VegetationZone>
    <VegetationZoneParameters>
      <TT>-1.8500027196520366</TT>
      <CFMAX>1.4483303988615233</CFMAX>
      <SP>0</SP>
      <SFCF>0.90324738592761611</SFCF>
      <CFR>0.007840981936207532</CFR>
      <CWH>0.10000006826903715</CWH>
      <CFGlacier>1</CFGlacier>
      <CFSlope>1</CFSlope>
      <FC>146.01608893759897</FC>
      <LP>0.76245594994422949</LP>
      <BETA>5.86293669233011</BETA>
    </VegetationZoneParameters>
  </VegetationZone>
  <SubCatchment>
    <SubCatchmentParameters>
      <KSI>0.001</KSI>
      <KGmin>0.05</KGmin>
      <RangeKG>0.1</RangeKG>
      <AG>0.1</AG>
      <PERC>4.2441033971245972</PERC>
      <Alpha>0</Alpha>
      <UZL>46.19555378066395</UZL>
      <K0>0.33909631750238434</K0>
      <K1>0.13374029672731286</K1>
      <K2>0.0546245060404322</K2>
      <MAXBAS>1</MAXBAS>
      <Cet>0</Cet>
      <PCALT>10</PCALT>
      <TCALT>0.6</TCALT>
      <Pelev>601.5</Pelev>
      <Telev>601.5</Telev>
      <PART>0.5</PART>
      <DELAY>1</DELAY>
    </SubCatchmentParameters>
    <SubCatchmentVegetationZone>
      <SubCatchmentVegetationZoneParameters>
        <TT>-1.8500027196520366</TT>
        <CFMAX>1.4483303988615233</CFMAX>
        <SP>0</SP>
        <SFCF>0.90324738592761611</SFCF>
        <CFR>0.007840981936207532</CFR>
        <CWH>0.10000006826903715</CWH>
        <CFGlacier>1</CFGlacier>
        <CFSlope>1</CFSlope>
        <FC>146.01608893759897</FC>
        <LP>0.76245594994422949</LP>
        <BETA>5.86293669233011</BETA>
      </SubCatchmentVegetationZoneParameters>
    </SubCatchmentVegetationZone>
  </SubCatchment>
</Catchment>