<?xml version="1.0" encoding="utf-8"?>
<Catchment xmlns:xsi="http://www.w3.org/2001/XMLSchema-instance" xmlns:xsd="http://www.w3.org/2001/XMLSchema">
  <CatchmentParameters>
    <KSI>0.001</KSI>
    <KGmin>0.05</KGmin>
    <RangeKG>0.1</RangeKG>
    <AG>0.1</AG>
    <PERC>3.6183857230246388</PERC>
    <Alpha>0</Alpha>
    <UZL>52.6167477610598</UZL>
    <K0>0.23142735884092155</K0>
    <K1>0.13044678801108431</K1>
    <K2>0.046984889761387212</K2>
    <MAXBAS>1</MAXBAS>
    <Cet>0</Cet>
    <PCALT>10</PCALT>
    <TCALT>0.6</TCALT>
    <Pelev>601.5</Pelev>
    <Telev>601.5</Telev>
    <PART>0.5</PART>
    <DELAY>1</DELAY>
  </CatchmentParameters>
  <VegetationZone>
    <VegetationZoneParameters>
      <TT>-1.8500016972913131</TT>
      <CFMAX>1.5544853027245553</CFMAX>
      <SP>0</SP>
      <SFCF>0.93059066155845838</SFCF>
      <CFR>0.026723962540859472</CFR>
      <CWH>0.10000000003887284</CWH>
      <CFGlacier>1</CFGlacier>
      <CFSlope>1</CFSlope>
      <FC>118.55073616906412</FC>
      <LP>0.62632370583367092</LP>
      <BETA>5.01790100003092</BETA>
    </VegetationZoneParameters>
  </VegetationZone>
  <SubCatchment>
    <SubCatchmentParameters>
      <KSI>0.001</KSI>
      <KGmin>0.05</KGmin>
      <RangeKG>0.1</RangeKG>
      <AG>0.1</AG>
      <PERC>3.6183857230246388</PERC>
      <Alpha>0</Alpha>
      <UZL>52.6167477610598</UZL>
      <K0>0.23142735884092155</K0>
      <K1>0.13044678801108431</K1>
      <K2>0.046984889761387212</K2>
      <MAXBAS>1</MAXBAS>
      <Cet>0</Cet>
      <PCALT>10</PCALT>
      <TCALT>0.6</TCALT>
      <Pelev>601.5</Pelev>
      <Telev>601.5</Telev>
      <PART>0.5</PART>
      <DELAY>1</DELAY>
    </SubCatchmentParameters>
    <SubCatchmentVegetationZone>
      <SubCatchmentVegetationZoneParameters>
        <TT>-1.8500016972913131</TT>
        <CFMAX>1.5544853027245553</CFMAX>
        <SP>0</SP>
        <SFCF>0.93059066155845838</SFCF>
        <CFR>0.026723962540859472</CFR>
        <CWH>0.10000000003887284</CWH>
        <CFGlacier>1</CFGlacier>
        <CFSlope>1</CFSlope>
        <FC>118.55073616906412</FC>
        <LP>0.62632370583367092</LP>
        <BETA>5.01790100003092</BETA>
      </SubCatchmentVegetationZoneParameters>
    </SubCatchmentVegetationZone>
  </SubCatchment>
</Catchment>