<?xml version="1.0" encoding="utf-8"?>
<Catchment xmlns:xsi="http://www.w3.org/2001/XMLSchema-instance" xmlns:xsd="http://www.w3.org/2001/XMLSchema">
  <CatchmentParameters>
    <KSI>0.001</KSI>
    <KGmin>0.05</KGmin>
    <RangeKG>0.1</RangeKG>
    <AG>0.1</AG>
    <PERC>4.93177186182254</PERC>
    <Alpha>0</Alpha>
    <UZL>137.02164045587861</UZL>
    <K0>0.40045816888528873</K0>
    <K1>0.15669422812561182</K1>
    <K2>0.050682471789187875</K2>
    <MAXBAS>1</MAXBAS>
    <Cet>0</Cet>
    <PCALT>10</PCALT>
    <TCALT>0.6</TCALT>
    <Pelev>601.5</Pelev>
    <Telev>601.5</Telev>
    <PART>0.5</PART>
    <DELAY>1</DELAY>
  </CatchmentParameters>
  <VegetationZone>
    <VegetationZoneParameters>
      <TT>-0.65954289288482693</TT>
      <CFMAX>2.424385079067179</CFMAX>
      <SP>0</SP>
      <SFCF>0.91157049504247034</SFCF>
      <CFR>4.0463809742633052E-09</CFR>
      <CWH>0.10000018600551705</CWH>
      <CFGlacier>1</CFGlacier>
      <CFSlope>1</CFSlope>
      <FC>143.010214630276</FC>
      <LP>0.751619824814679</LP>
      <BETA>5.991469616911214</BETA>
    </VegetationZoneParameters>
  </VegetationZone>
  <SubCatchment>
    <SubCatchmentParameters>
      <KSI>0.001</KSI>
      <KGmin>0.05</KGmin>
      <RangeKG>0.1</RangeKG>
      <AG>0.1</AG>
      <PERC>4.93177186182254</PERC>
      <Alpha>0</Alpha>
      <UZL>137.02164045587861</UZL>
      <K0>0.40045816888528873</K0>
      <K1>0.15669422812561182</K1>
      <K2>0.050682471789187875</K2>
      <MAXBAS>1</MAXBAS>
      <Cet>0</Cet>
      <PCALT>10</PCALT>
      <TCALT>0.6</TCALT>
      <Pelev>601.5</Pelev>
      <Telev>601.5</Telev>
      <PART>0.5</PART>
      <DELAY>1</DELAY>
    </SubCatchmentParameters>
    <SubCatchmentVegetationZone>
      <SubCatchmentVegetationZoneParameters>
        <TT>-0.65954289288482693</TT>
        <CFMAX>2.424385079067179</CFMAX>
        <SP>0</SP>
        <SFCF>0.91157049504247034</SFCF>
        <CFR>4.0463809742633052E-09</CFR>
        <CWH>0.10000018600551705</CWH>
        <CFGlacier>1</CFGlacier>
        <CFSlope>1</CFSlope>
        <FC>143.010214630276</FC>
        <LP>0.751619824814679</LP>
        <BETA>5.991469616911214</BETA>
      </SubCatchmentVegetationZoneParameters>
    </SubCatchmentVegetationZone>
  </SubCatchment>
</Catchment>