<?xml version="1.0" encoding="utf-8"?>
<Catchment xmlns:xsi="http://www.w3.org/2001/XMLSchema-instance" xmlns:xsd="http://www.w3.org/2001/XMLSchema">
  <CatchmentParameters>
    <KSI>0.001</KSI>
    <KGmin>0.05</KGmin>
    <RangeKG>0.1</RangeKG>
    <AG>0.1</AG>
    <PERC>5.4213025934043833</PERC>
    <Alpha>0</Alpha>
    <UZL>124.11478612457513</UZL>
    <K0>0.36958395245848175</K0>
    <K1>0.17704952622413894</K1>
    <K2>0.060201268234594089</K2>
    <MAXBAS>1</MAXBAS>
    <Cet>0</Cet>
    <PCALT>10</PCALT>
    <TCALT>0.6</TCALT>
    <Pelev>601.5</Pelev>
    <Telev>601.5</Telev>
    <PART>0.5</PART>
    <DELAY>1</DELAY>
  </CatchmentParameters>
  <VegetationZone>
    <VegetationZoneParameters>
      <TT>-1.1334158654146724</TT>
      <CFMAX>1.9624377390688</CFMAX>
      <SP>0</SP>
      <SFCF>0.89445289675463591</SFCF>
      <CFR>3.3396261287418516E-09</CFR>
      <CWH>0.10000004552729284</CWH>
      <CFGlacier>1</CFGlacier>
      <CFSlope>1</CFSlope>
      <FC>173.87178958275004</FC>
      <LP>0.8184234899339462</LP>
      <BETA>5.9999914413678246</BETA>
    </VegetationZoneParameters>
  </VegetationZone>
  <SubCatchment>
    <SubCatchmentParameters>
      <KSI>0.001</KSI>
      <KGmin>0.05</KGmin>
      <RangeKG>0.1</RangeKG>
      <AG>0.1</AG>
      <PERC>5.4213025934043833</PERC>
      <Alpha>0</Alpha>
      <UZL>124.11478612457513</UZL>
      <K0>0.36958395245848175</K0>
      <K1>0.17704952622413894</K1>
      <K2>0.060201268234594089</K2>
      <MAXBAS>1</MAXBAS>
      <Cet>0</Cet>
      <PCALT>10</PCALT>
      <TCALT>0.6</TCALT>
      <Pelev>601.5</Pelev>
      <Telev>601.5</Telev>
      <PART>0.5</PART>
      <DELAY>1</DELAY>
    </SubCatchmentParameters>
    <SubCatchmentVegetationZone>
      <SubCatchmentVegetationZoneParameters>
        <TT>-1.1334158654146724</TT>
        <CFMAX>1.9624377390688</CFMAX>
        <SP>0</SP>
        <SFCF>0.89445289675463591</SFCF>
        <CFR>3.3396261287418516E-09</CFR>
        <CWH>0.10000004552729284</CWH>
        <CFGlacier>1</CFGlacier>
        <CFSlope>1</CFSlope>
        <FC>173.87178958275004</FC>
        <LP>0.8184234899339462</LP>
        <BETA>5.9999914413678246</BETA>
      </SubCatchmentVegetationZoneParameters>
    </SubCatchmentVegetationZone>
  </SubCatchment>
</Catchment>