<?xml version="1.0" encoding="utf-8"?>
<Catchment xmlns:xsi="http://www.w3.org/2001/XMLSchema-instance" xmlns:xsd="http://www.w3.org/2001/XMLSchema">
  <CatchmentParameters>
    <KSI>0.001</KSI>
    <KGmin>0.05</KGmin>
    <RangeKG>0.1</RangeKG>
    <AG>0.1</AG>
    <PERC>7.5351070395186355</PERC>
    <Alpha>0</Alpha>
    <UZL>165.91888281769695</UZL>
    <K0>0.13989093676628628</K0>
    <K1>0.22001239911321127</K1>
    <K2>0.070292642772987649</K2>
    <MAXBAS>1.0000160093876986</MAXBAS>
    <Cet>0</Cet>
    <PCALT>10</PCALT>
    <TCALT>0.6</TCALT>
    <Pelev>601.5</Pelev>
    <Telev>601.5</Telev>
    <PART>0.5</PART>
    <DELAY>1</DELAY>
  </CatchmentParameters>
  <VegetationZone>
    <VegetationZoneParameters>
      <TT>-0.782926636752546</TT>
      <CFMAX>2.0935734344766455</CFMAX>
      <SP>0</SP>
      <SFCF>0.74048098227036563</SFCF>
      <CFR>0.040592121622086634</CFR>
      <CWH>0.10000015674143824</CWH>
      <CFGlacier>1</CFGlacier>
      <CFSlope>1</CFSlope>
      <FC>122.75554028719343</FC>
      <LP>0.78611164407840672</LP>
      <BETA>3.7833917205078862</BETA>
    </VegetationZoneParameters>
  </VegetationZone>
  <SubCatchment>
    <SubCatchmentParameters>
      <KSI>0.001</KSI>
      <KGmin>0.05</KGmin>
      <RangeKG>0.1</RangeKG>
      <AG>0.1</AG>
      <PERC>7.5351070395186355</PERC>
      <Alpha>0</Alpha>
      <UZL>165.91888281769695</UZL>
      <K0>0.13989093676628628</K0>
      <K1>0.22001239911321127</K1>
      <K2>0.070292642772987649</K2>
      <MAXBAS>1.0000160093876986</MAXBAS>
      <Cet>0</Cet>
      <PCALT>10</PCALT>
      <TCALT>0.6</TCALT>
      <Pelev>601.5</Pelev>
      <Telev>601.5</Telev>
      <PART>0.5</PART>
      <DELAY>1</DELAY>
    </SubCatchmentParameters>
    <SubCatchmentVegetationZone>
      <SubCatchmentVegetationZoneParameters>
        <TT>-0.782926636752546</TT>
        <CFMAX>2.0935734344766455</CFMAX>
        <SP>0</SP>
        <SFCF>0.74048098227036563</SFCF>
        <CFR>0.040592121622086634</CFR>
        <CWH>0.10000015674143824</CWH>
        <CFGlacier>1</CFGlacier>
        <CFSlope>1</CFSlope>
        <FC>122.75554028719343</FC>
        <LP>0.78611164407840672</LP>
        <BETA>3.7833917205078862</BETA>
      </SubCatchmentVegetationZoneParameters>
    </SubCatchmentVegetationZone>
  </SubCatchment>
</Catchment>