<?xml version="1.0" encoding="utf-8"?>
<Catchment xmlns:xsi="http://www.w3.org/2001/XMLSchema-instance" xmlns:xsd="http://www.w3.org/2001/XMLSchema">
  <CatchmentParameters>
    <KSI>0.001</KSI>
    <KGmin>0.05</KGmin>
    <RangeKG>0.1</RangeKG>
    <AG>0.1</AG>
    <PERC>4.459028261086436</PERC>
    <Alpha>0</Alpha>
    <UZL>118.61177558551185</UZL>
    <K0>0.53671512953815614</K0>
    <K1>0.1614017761385616</K1>
    <K2>0.04786614115522856</K2>
    <MAXBAS>1</MAXBAS>
    <Cet>0</Cet>
    <PCALT>10</PCALT>
    <TCALT>0.6</TCALT>
    <Pelev>601.5</Pelev>
    <Telev>601.5</Telev>
    <PART>0.5</PART>
    <DELAY>1</DELAY>
  </CatchmentParameters>
  <VegetationZone>
    <VegetationZoneParameters>
      <TT>-1.0999971581764698</TT>
      <CFMAX>2.0031150636953439</CFMAX>
      <SP>0</SP>
      <SFCF>0.88491004579346366</SFCF>
      <CFR>4.308681659512406E-09</CFR>
      <CWH>0.10000681642079083</CWH>
      <CFGlacier>1</CFGlacier>
      <CFSlope>1</CFSlope>
      <FC>92.216117982805088</FC>
      <LP>0.66401985611382264</LP>
      <BETA>5.7136402647405742</BETA>
    </VegetationZoneParameters>
  </VegetationZone>
  <SubCatchment>
    <SubCatchmentParameters>
      <KSI>0.001</KSI>
      <KGmin>0.05</KGmin>
      <RangeKG>0.1</RangeKG>
      <AG>0.1</AG>
      <PERC>4.459028261086436</PERC>
      <Alpha>0</Alpha>
      <UZL>118.61177558551185</UZL>
      <K0>0.53671512953815614</K0>
      <K1>0.1614017761385616</K1>
      <K2>0.04786614115522856</K2>
      <MAXBAS>1</MAXBAS>
      <Cet>0</Cet>
      <PCALT>10</PCALT>
      <TCALT>0.6</TCALT>
      <Pelev>601.5</Pelev>
      <Telev>601.5</Telev>
      <PART>0.5</PART>
      <DELAY>1</DELAY>
    </SubCatchmentParameters>
    <SubCatchmentVegetationZone>
      <SubCatchmentVegetationZoneParameters>
        <TT>-1.0999971581764698</TT>
        <CFMAX>2.0031150636953439</CFMAX>
        <SP>0</SP>
        <SFCF>0.88491004579346366</SFCF>
        <CFR>4.308681659512406E-09</CFR>
        <CWH>0.10000681642079083</CWH>
        <CFGlacier>1</CFGlacier>
        <CFSlope>1</CFSlope>
        <FC>92.216117982805088</FC>
        <LP>0.66401985611382264</LP>
        <BETA>5.7136402647405742</BETA>
      </SubCatchmentVegetationZoneParameters>
    </SubCatchmentVegetationZone>
  </SubCatchment>
</Catchment>