<?xml version="1.0" encoding="utf-8"?>
<Catchment xmlns:xsi="http://www.w3.org/2001/XMLSchema-instance" xmlns:xsd="http://www.w3.org/2001/XMLSchema">
  <CatchmentParameters>
    <KSI>0.001</KSI>
    <KGmin>0.05</KGmin>
    <RangeKG>0.1</RangeKG>
    <AG>0.1</AG>
    <PERC>2.9414172923280772</PERC>
    <Alpha>0</Alpha>
    <UZL>61.411531888744051</UZL>
    <K0>0.35745418334053136</K0>
    <K1>0.11968995103424222</K1>
    <K2>0.053346719288896532</K2>
    <MAXBAS>1</MAXBAS>
    <Cet>0</Cet>
    <PCALT>10</PCALT>
    <TCALT>0.6</TCALT>
    <Pelev>601.5</Pelev>
    <Telev>601.5</Telev>
    <PART>0.5</PART>
    <DELAY>1</DELAY>
  </CatchmentParameters>
  <VegetationZone>
    <VegetationZoneParameters>
      <TT>-1.8500018145320614</TT>
      <CFMAX>1.4607339822684826</CFMAX>
      <SP>0</SP>
      <SFCF>0.92210231991851577</SFCF>
      <CFR>1.3513559182809787E-09</CFR>
      <CWH>0.10000013304842671</CWH>
      <CFGlacier>1</CFGlacier>
      <CFSlope>1</CFSlope>
      <FC>122.75747428576459</FC>
      <LP>0.55752311604343419</LP>
      <BETA>3.6368473796034877</BETA>
    </VegetationZoneParameters>
  </VegetationZone>
  <SubCatchment>
    <SubCatchmentParameters>
      <KSI>0.001</KSI>
      <KGmin>0.05</KGmin>
      <RangeKG>0.1</RangeKG>
      <AG>0.1</AG>
      <PERC>2.9414172923280772</PERC>
      <Alpha>0</Alpha>
      <UZL>61.411531888744051</UZL>
      <K0>0.35745418334053136</K0>
      <K1>0.11968995103424222</K1>
      <K2>0.053346719288896532</K2>
      <MAXBAS>1</MAXBAS>
      <Cet>0</Cet>
      <PCALT>10</PCALT>
      <TCALT>0.6</TCALT>
      <Pelev>601.5</Pelev>
      <Telev>601.5</Telev>
      <PART>0.5</PART>
      <DELAY>1</DELAY>
    </SubCatchmentParameters>
    <SubCatchmentVegetationZone>
      <SubCatchmentVegetationZoneParameters>
        <TT>-1.8500018145320614</TT>
        <CFMAX>1.4607339822684826</CFMAX>
        <SP>0</SP>
        <SFCF>0.92210231991851577</SFCF>
        <CFR>1.3513559182809787E-09</CFR>
        <CWH>0.10000013304842671</CWH>
        <CFGlacier>1</CFGlacier>
        <CFSlope>1</CFSlope>
        <FC>122.75747428576459</FC>
        <LP>0.55752311604343419</LP>
        <BETA>3.6368473796034877</BETA>
      </SubCatchmentVegetationZoneParameters>
    </SubCatchmentVegetationZone>
  </SubCatchment>
</Catchment>