<?xml version="1.0" encoding="utf-8"?>
<Catchment xmlns:xsi="http://www.w3.org/2001/XMLSchema-instance" xmlns:xsd="http://www.w3.org/2001/XMLSchema">
  <CatchmentParameters>
    <KSI>0.001</KSI>
    <KGmin>0.05</KGmin>
    <RangeKG>0.1</RangeKG>
    <AG>0.1</AG>
    <PERC>9.9999985382189536</PERC>
    <Alpha>0</Alpha>
    <UZL>105.79002071592862</UZL>
    <K0>0.15151172207408886</K0>
    <K1>0.37189888375641084</K1>
    <K2>0.073611881535120743</K2>
    <MAXBAS>1.5449360667876197</MAXBAS>
    <Cet>0</Cet>
    <PCALT>10</PCALT>
    <TCALT>0.6</TCALT>
    <Pelev>601.5</Pelev>
    <Telev>601.5</Telev>
    <PART>0.5</PART>
    <DELAY>1</DELAY>
  </CatchmentParameters>
  <VegetationZone>
    <VegetationZoneParameters>
      <TT>-2.0000017115881246</TT>
      <CFMAX>1.5265967867524439</CFMAX>
      <SP>0</SP>
      <SFCF>0.945806642780495</SFCF>
      <CFR>0.045454749130759628</CFR>
      <CWH>0.11549119643349552</CWH>
      <CFGlacier>1</CFGlacier>
      <CFSlope>1</CFSlope>
      <FC>191.64292025791946</FC>
      <LP>0.86923664834504888</LP>
      <BETA>3.6769786712379475</BETA>
    </VegetationZoneParameters>
  </VegetationZone>
  <SubCatchment>
    <SubCatchmentParameters>
      <KSI>0.001</KSI>
      <KGmin>0.05</KGmin>
      <RangeKG>0.1</RangeKG>
      <AG>0.1</AG>
      <PERC>9.9999985382189536</PERC>
      <Alpha>0</Alpha>
      <UZL>105.79002071592862</UZL>
      <K0>0.15151172207408886</K0>
      <K1>0.37189888375641084</K1>
      <K2>0.073611881535120743</K2>
      <MAXBAS>1.5449360667876197</MAXBAS>
      <Cet>0</Cet>
      <PCALT>10</PCALT>
      <TCALT>0.6</TCALT>
      <Pelev>601.5</Pelev>
      <Telev>601.5</Telev>
      <PART>0.5</PART>
      <DELAY>1</DELAY>
    </SubCatchmentParameters>
    <SubCatchmentVegetationZone>
      <SubCatchmentVegetationZoneParameters>
        <TT>-2.0000017115881246</TT>
        <CFMAX>1.5265967867524439</CFMAX>
        <SP>0</SP>
        <SFCF>0.945806642780495</SFCF>
        <CFR>0.045454749130759628</CFR>
        <CWH>0.11549119643349552</CWH>
        <CFGlacier>1</CFGlacier>
        <CFSlope>1</CFSlope>
        <FC>191.64292025791946</FC>
        <LP>0.86923664834504888</LP>
        <BETA>3.6769786712379475</BETA>
      </SubCatchmentVegetationZoneParameters>
    </SubCatchmentVegetationZone>
  </SubCatchment>
</Catchment>