<?xml version="1.0" encoding="utf-8"?>
<Catchment xmlns:xsi="http://www.w3.org/2001/XMLSchema-instance" xmlns:xsd="http://www.w3.org/2001/XMLSchema">
  <CatchmentParameters>
    <KSI>0.001</KSI>
    <KGmin>0.05</KGmin>
    <RangeKG>0.1</RangeKG>
    <AG>0.1</AG>
    <PERC>9.999987281929748</PERC>
    <Alpha>0</Alpha>
    <UZL>146.04814030214308</UZL>
    <K0>0.17900043945049141</K0>
    <K1>0.288182099111578</K1>
    <K2>0.090715901093225665</K2>
    <MAXBAS>1.2102175055873785</MAXBAS>
    <Cet>0</Cet>
    <PCALT>10</PCALT>
    <TCALT>0.6</TCALT>
    <Pelev>601.5</Pelev>
    <Telev>601.5</Telev>
    <PART>0.5</PART>
    <DELAY>1</DELAY>
  </CatchmentParameters>
  <VegetationZone>
    <VegetationZoneParameters>
      <TT>-0.8046821198394507</TT>
      <CFMAX>1.9914958173661475</CFMAX>
      <SP>0</SP>
      <SFCF>0.71473553759803143</SFCF>
      <CFR>0.050035026527683463</CFR>
      <CWH>0.10000025163852806</CWH>
      <CFGlacier>1</CFGlacier>
      <CFSlope>1</CFSlope>
      <FC>122.31894648318111</FC>
      <LP>0.68149894107486308</LP>
      <BETA>2.864576398129846</BETA>
    </VegetationZoneParameters>
  </VegetationZone>
  <SubCatchment>
    <SubCatchmentParameters>
      <KSI>0.001</KSI>
      <KGmin>0.05</KGmin>
      <RangeKG>0.1</RangeKG>
      <AG>0.1</AG>
      <PERC>9.999987281929748</PERC>
      <Alpha>0</Alpha>
      <UZL>146.04814030214308</UZL>
      <K0>0.17900043945049141</K0>
      <K1>0.288182099111578</K1>
      <K2>0.090715901093225665</K2>
      <MAXBAS>1.2102175055873785</MAXBAS>
      <Cet>0</Cet>
      <PCALT>10</PCALT>
      <TCALT>0.6</TCALT>
      <Pelev>601.5</Pelev>
      <Telev>601.5</Telev>
      <PART>0.5</PART>
      <DELAY>1</DELAY>
    </SubCatchmentParameters>
    <SubCatchmentVegetationZone>
      <SubCatchmentVegetationZoneParameters>
        <TT>-0.8046821198394507</TT>
        <CFMAX>1.9914958173661475</CFMAX>
        <SP>0</SP>
        <SFCF>0.71473553759803143</SFCF>
        <CFR>0.050035026527683463</CFR>
        <CWH>0.10000025163852806</CWH>
        <CFGlacier>1</CFGlacier>
        <CFSlope>1</CFSlope>
        <FC>122.31894648318111</FC>
        <LP>0.68149894107486308</LP>
        <BETA>2.864576398129846</BETA>
      </SubCatchmentVegetationZoneParameters>
    </SubCatchmentVegetationZone>
  </SubCatchment>
</Catchment>