<?xml version="1.0" encoding="utf-8"?>
<Catchment xmlns:xsi="http://www.w3.org/2001/XMLSchema-instance" xmlns:xsd="http://www.w3.org/2001/XMLSchema">
  <CatchmentParameters>
    <KSI>0.001</KSI>
    <KGmin>0.05</KGmin>
    <RangeKG>0.1</RangeKG>
    <AG>0.1</AG>
    <PERC>9.4009037111637284</PERC>
    <Alpha>0</Alpha>
    <UZL>130.94245358563987</UZL>
    <K0>0.51798490026233823</K0>
    <K1>0.33706074414289722</K1>
    <K2>0.092227542703586143</K2>
    <MAXBAS>1.3380949218052884</MAXBAS>
    <Cet>0</Cet>
    <PCALT>10</PCALT>
    <TCALT>0.6</TCALT>
    <Pelev>601.5</Pelev>
    <Telev>601.5</Telev>
    <PART>0.5</PART>
    <DELAY>1</DELAY>
  </CatchmentParameters>
  <VegetationZone>
    <VegetationZoneParameters>
      <TT>-0.79397265392243366</TT>
      <CFMAX>1.6964586401817432</CFMAX>
      <SP>0</SP>
      <SFCF>0.7160414882294196</SFCF>
      <CFR>9.21332618453513E-09</CFR>
      <CWH>0.10000008172681663</CWH>
      <CFGlacier>1</CFGlacier>
      <CFSlope>1</CFSlope>
      <FC>160.3154059373513</FC>
      <LP>0.83021292323547535</LP>
      <BETA>3.8877228793169558</BETA>
    </VegetationZoneParameters>
  </VegetationZone>
  <SubCatchment>
    <SubCatchmentParameters>
      <KSI>0.001</KSI>
      <KGmin>0.05</KGmin>
      <RangeKG>0.1</RangeKG>
      <AG>0.1</AG>
      <PERC>9.4009037111637284</PERC>
      <Alpha>0</Alpha>
      <UZL>130.94245358563987</UZL>
      <K0>0.51798490026233823</K0>
      <K1>0.33706074414289722</K1>
      <K2>0.092227542703586143</K2>
      <MAXBAS>1.3380949218052884</MAXBAS>
      <Cet>0</Cet>
      <PCALT>10</PCALT>
      <TCALT>0.6</TCALT>
      <Pelev>601.5</Pelev>
      <Telev>601.5</Telev>
      <PART>0.5</PART>
      <DELAY>1</DELAY>
    </SubCatchmentParameters>
    <SubCatchmentVegetationZone>
      <SubCatchmentVegetationZoneParameters>
        <TT>-0.79397265392243366</TT>
        <CFMAX>1.6964586401817432</CFMAX>
        <SP>0</SP>
        <SFCF>0.7160414882294196</SFCF>
        <CFR>9.21332618453513E-09</CFR>
        <CWH>0.10000008172681663</CWH>
        <CFGlacier>1</CFGlacier>
        <CFSlope>1</CFSlope>
        <FC>160.3154059373513</FC>
        <LP>0.83021292323547535</LP>
        <BETA>3.8877228793169558</BETA>
      </SubCatchmentVegetationZoneParameters>
    </SubCatchmentVegetationZone>
  </SubCatchment>
</Catchment>