<?xml version="1.0" encoding="utf-8"?>
<Catchment xmlns:xsi="http://www.w3.org/2001/XMLSchema-instance" xmlns:xsd="http://www.w3.org/2001/XMLSchema">
  <CatchmentParameters>
    <KSI>0.001</KSI>
    <KGmin>0.05</KGmin>
    <RangeKG>0.1</RangeKG>
    <AG>0.1</AG>
    <PERC>6.6734872703917354</PERC>
    <Alpha>0</Alpha>
    <UZL>122.77533748007794</UZL>
    <K0>0.31545203417448964</K0>
    <K1>0.17491126027308673</K1>
    <K2>0.055216329083736804</K2>
    <MAXBAS>1.0000196943470252</MAXBAS>
    <Cet>0</Cet>
    <PCALT>10</PCALT>
    <TCALT>0.6</TCALT>
    <Pelev>601.5</Pelev>
    <Telev>601.5</Telev>
    <PART>0.5</PART>
    <DELAY>1</DELAY>
  </CatchmentParameters>
  <VegetationZone>
    <VegetationZoneParameters>
      <TT>0.24999785714628642</TT>
      <CFMAX>3.0772113601636297</CFMAX>
      <SP>0</SP>
      <SFCF>0.69419980630220313</SFCF>
      <CFR>0.034729033340280137</CFR>
      <CWH>0.1043675777506016</CWH>
      <CFGlacier>1</CFGlacier>
      <CFSlope>1</CFSlope>
      <FC>113.62547449546729</FC>
      <LP>0.84436032214971435</LP>
      <BETA>5.9999920157987559</BETA>
    </VegetationZoneParameters>
  </VegetationZone>
  <SubCatchment>
    <SubCatchmentParameters>
      <KSI>0.001</KSI>
      <KGmin>0.05</KGmin>
      <RangeKG>0.1</RangeKG>
      <AG>0.1</AG>
      <PERC>6.6734872703917354</PERC>
      <Alpha>0</Alpha>
      <UZL>122.77533748007794</UZL>
      <K0>0.31545203417448964</K0>
      <K1>0.17491126027308673</K1>
      <K2>0.055216329083736804</K2>
      <MAXBAS>1.0000196943470252</MAXBAS>
      <Cet>0</Cet>
      <PCALT>10</PCALT>
      <TCALT>0.6</TCALT>
      <Pelev>601.5</Pelev>
      <Telev>601.5</Telev>
      <PART>0.5</PART>
      <DELAY>1</DELAY>
    </SubCatchmentParameters>
    <SubCatchmentVegetationZone>
      <SubCatchmentVegetationZoneParameters>
        <TT>0.24999785714628642</TT>
        <CFMAX>3.0772113601636297</CFMAX>
        <SP>0</SP>
        <SFCF>0.69419980630220313</SFCF>
        <CFR>0.034729033340280137</CFR>
        <CWH>0.1043675777506016</CWH>
        <CFGlacier>1</CFGlacier>
        <CFSlope>1</CFSlope>
        <FC>113.62547449546729</FC>
        <LP>0.84436032214971435</LP>
        <BETA>5.9999920157987559</BETA>
      </SubCatchmentVegetationZoneParameters>
    </SubCatchmentVegetationZone>
  </SubCatchment>
</Catchment>