<?xml version="1.0" encoding="utf-8"?>
<Catchment xmlns:xsi="http://www.w3.org/2001/XMLSchema-instance" xmlns:xsd="http://www.w3.org/2001/XMLSchema">
  <CatchmentParameters>
    <KSI>0.001</KSI>
    <KGmin>0.05</KGmin>
    <RangeKG>0.1</RangeKG>
    <AG>0.1</AG>
    <PERC>9.5840273748145517</PERC>
    <Alpha>0</Alpha>
    <UZL>133.60798790962807</UZL>
    <K0>0.60150482448735909</K0>
    <K1>0.27957702827276754</K1>
    <K2>0.092503507499807652</K2>
    <MAXBAS>1.2145566702189115</MAXBAS>
    <Cet>0</Cet>
    <PCALT>10</PCALT>
    <TCALT>0.6</TCALT>
    <Pelev>601.5</Pelev>
    <Telev>601.5</Telev>
    <PART>0.5</PART>
    <DELAY>1</DELAY>
  </CatchmentParameters>
  <VegetationZone>
    <VegetationZoneParameters>
      <TT>-0.500173123154774</TT>
      <CFMAX>2.1452356829453132</CFMAX>
      <SP>0</SP>
      <SFCF>0.6825598704267255</SFCF>
      <CFR>0.05343041206191227</CFR>
      <CWH>0.10000002645486708</CWH>
      <CFGlacier>1</CFGlacier>
      <CFSlope>1</CFSlope>
      <FC>159.08671394135649</FC>
      <LP>0.85083232006492537</LP>
      <BETA>4.2378788224978017</BETA>
    </VegetationZoneParameters>
  </VegetationZone>
  <SubCatchment>
    <SubCatchmentParameters>
      <KSI>0.001</KSI>
      <KGmin>0.05</KGmin>
      <RangeKG>0.1</RangeKG>
      <AG>0.1</AG>
      <PERC>9.5840273748145517</PERC>
      <Alpha>0</Alpha>
      <UZL>133.60798790962807</UZL>
      <K0>0.60150482448735909</K0>
      <K1>0.27957702827276754</K1>
      <K2>0.092503507499807652</K2>
      <MAXBAS>1.2145566702189115</MAXBAS>
      <Cet>0</Cet>
      <PCALT>10</PCALT>
      <TCALT>0.6</TCALT>
      <Pelev>601.5</Pelev>
      <Telev>601.5</Telev>
      <PART>0.5</PART>
      <DELAY>1</DELAY>
    </SubCatchmentParameters>
    <SubCatchmentVegetationZone>
      <SubCatchmentVegetationZoneParameters>
        <TT>-0.500173123154774</TT>
        <CFMAX>2.1452356829453132</CFMAX>
        <SP>0</SP>
        <SFCF>0.6825598704267255</SFCF>
        <CFR>0.05343041206191227</CFR>
        <CWH>0.10000002645486708</CWH>
        <CFGlacier>1</CFGlacier>
        <CFSlope>1</CFSlope>
        <FC>159.08671394135649</FC>
        <LP>0.85083232006492537</LP>
        <BETA>4.2378788224978017</BETA>
      </SubCatchmentVegetationZoneParameters>
    </SubCatchmentVegetationZone>
  </SubCatchment>
</Catchment>