<?xml version="1.0" encoding="utf-8"?>
<Catchment xmlns:xsi="http://www.w3.org/2001/XMLSchema-instance" xmlns:xsd="http://www.w3.org/2001/XMLSchema">
  <CatchmentParameters>
    <KSI>0.001</KSI>
    <KGmin>0.05</KGmin>
    <RangeKG>0.1</RangeKG>
    <AG>0.1</AG>
    <PERC>9.9999858855503163</PERC>
    <Alpha>0</Alpha>
    <UZL>174.87064806631179</UZL>
    <K0>0.30773872397204743</K0>
    <K1>0.32029224644077486</K1>
    <K2>0.099862193857331319</K2>
    <MAXBAS>1.3213891013317365</MAXBAS>
    <Cet>0</Cet>
    <PCALT>10</PCALT>
    <TCALT>0.6</TCALT>
    <Pelev>601.5</Pelev>
    <Telev>601.5</Telev>
    <PART>0.5</PART>
    <DELAY>1</DELAY>
  </CatchmentParameters>
  <VegetationZone>
    <VegetationZoneParameters>
      <TT>-0.82964358232819</TT>
      <CFMAX>1.8282062654718385</CFMAX>
      <SP>0</SP>
      <SFCF>0.64955353117442383</SFCF>
      <CFR>0.068119853911976433</CFR>
      <CWH>0.10000010212126638</CWH>
      <CFGlacier>1</CFGlacier>
      <CFSlope>1</CFSlope>
      <FC>156.4415103540195</FC>
      <LP>0.79540297620744527</LP>
      <BETA>3.5675077173707739</BETA>
    </VegetationZoneParameters>
  </VegetationZone>
  <SubCatchment>
    <SubCatchmentParameters>
      <KSI>0.001</KSI>
      <KGmin>0.05</KGmin>
      <RangeKG>0.1</RangeKG>
      <AG>0.1</AG>
      <PERC>9.9999858855503163</PERC>
      <Alpha>0</Alpha>
      <UZL>174.87064806631179</UZL>
      <K0>0.30773872397204743</K0>
      <K1>0.32029224644077486</K1>
      <K2>0.099862193857331319</K2>
      <MAXBAS>1.3213891013317365</MAXBAS>
      <Cet>0</Cet>
      <PCALT>10</PCALT>
      <TCALT>0.6</TCALT>
      <Pelev>601.5</Pelev>
      <Telev>601.5</Telev>
      <PART>0.5</PART>
      <DELAY>1</DELAY>
    </SubCatchmentParameters>
    <SubCatchmentVegetationZone>
      <SubCatchmentVegetationZoneParameters>
        <TT>-0.82964358232819</TT>
        <CFMAX>1.8282062654718385</CFMAX>
        <SP>0</SP>
        <SFCF>0.64955353117442383</SFCF>
        <CFR>0.068119853911976433</CFR>
        <CWH>0.10000010212126638</CWH>
        <CFGlacier>1</CFGlacier>
        <CFSlope>1</CFSlope>
        <FC>156.4415103540195</FC>
        <LP>0.79540297620744527</LP>
        <BETA>3.5675077173707739</BETA>
      </SubCatchmentVegetationZoneParameters>
    </SubCatchmentVegetationZone>
  </SubCatchment>
</Catchment>