<?xml version="1.0" encoding="utf-8"?>
<Catchment xmlns:xsi="http://www.w3.org/2001/XMLSchema-instance" xmlns:xsd="http://www.w3.org/2001/XMLSchema">
  <CatchmentParameters>
    <KSI>0.001</KSI>
    <KGmin>0.05</KGmin>
    <RangeKG>0.1</RangeKG>
    <AG>0.1</AG>
    <PERC>7.5095050835663031</PERC>
    <Alpha>0</Alpha>
    <UZL>126.90929944348819</UZL>
    <K0>0.35331093046605305</K0>
    <K1>0.20423028254776127</K1>
    <K2>0.075594868997316517</K2>
    <MAXBAS>1.000072823736252</MAXBAS>
    <Cet>0</Cet>
    <PCALT>10</PCALT>
    <TCALT>0.6</TCALT>
    <Pelev>601.5</Pelev>
    <Telev>601.5</Telev>
    <PART>0.5</PART>
    <DELAY>1</DELAY>
  </CatchmentParameters>
  <VegetationZone>
    <VegetationZoneParameters>
      <TT>-0.50109292058801069</TT>
      <CFMAX>2.30196002162729</CFMAX>
      <SP>0</SP>
      <SFCF>0.69418761615601154</SFCF>
      <CFR>0.060757900981380258</CFR>
      <CWH>0.11130272171412237</CWH>
      <CFGlacier>1</CFGlacier>
      <CFSlope>1</CFSlope>
      <FC>145.57821349140767</FC>
      <LP>0.84332104652204865</LP>
      <BETA>4.3398032630382621</BETA>
    </VegetationZoneParameters>
  </VegetationZone>
  <SubCatchment>
    <SubCatchmentParameters>
      <KSI>0.001</KSI>
      <KGmin>0.05</KGmin>
      <RangeKG>0.1</RangeKG>
      <AG>0.1</AG>
      <PERC>7.5095050835663031</PERC>
      <Alpha>0</Alpha>
      <UZL>126.90929944348819</UZL>
      <K0>0.35331093046605305</K0>
      <K1>0.20423028254776127</K1>
      <K2>0.075594868997316517</K2>
      <MAXBAS>1.000072823736252</MAXBAS>
      <Cet>0</Cet>
      <PCALT>10</PCALT>
      <TCALT>0.6</TCALT>
      <Pelev>601.5</Pelev>
      <Telev>601.5</Telev>
      <PART>0.5</PART>
      <DELAY>1</DELAY>
    </SubCatchmentParameters>
    <SubCatchmentVegetationZone>
      <SubCatchmentVegetationZoneParameters>
        <TT>-0.50109292058801069</TT>
        <CFMAX>2.30196002162729</CFMAX>
        <SP>0</SP>
        <SFCF>0.69418761615601154</SFCF>
        <CFR>0.060757900981380258</CFR>
        <CWH>0.11130272171412237</CWH>
        <CFGlacier>1</CFGlacier>
        <CFSlope>1</CFSlope>
        <FC>145.57821349140767</FC>
        <LP>0.84332104652204865</LP>
        <BETA>4.3398032630382621</BETA>
      </SubCatchmentVegetationZoneParameters>
    </SubCatchmentVegetationZone>
  </SubCatchment>
</Catchment>