<?xml version="1.0" encoding="utf-8"?>
<Catchment xmlns:xsi="http://www.w3.org/2001/XMLSchema-instance" xmlns:xsd="http://www.w3.org/2001/XMLSchema">
  <CatchmentParameters>
    <KSI>0.001</KSI>
    <KGmin>0.05</KGmin>
    <RangeKG>0.1</RangeKG>
    <AG>0.1</AG>
    <PERC>9.1045158776487014</PERC>
    <Alpha>0</Alpha>
    <UZL>89.1213055513485</UZL>
    <K0>0.097557102874720289</K0>
    <K1>0.2544022039036094</K1>
    <K2>0.088020224344313044</K2>
    <MAXBAS>1.0001559308618517</MAXBAS>
    <Cet>0</Cet>
    <PCALT>10</PCALT>
    <TCALT>0.6</TCALT>
    <Pelev>601.5</Pelev>
    <Telev>601.5</Telev>
    <PART>0.5</PART>
    <DELAY>1</DELAY>
  </CatchmentParameters>
  <VegetationZone>
    <VegetationZoneParameters>
      <TT>-0.786141057128527</TT>
      <CFMAX>1.9140640434309983</CFMAX>
      <SP>0</SP>
      <SFCF>0.73159163266482685</SFCF>
      <CFR>0.014675410487428542</CFR>
      <CWH>0.1000001277870769</CWH>
      <CFGlacier>1</CFGlacier>
      <CFSlope>1</CFSlope>
      <FC>151.31982052090581</FC>
      <LP>0.81624921888181323</LP>
      <BETA>3.8948764128688329</BETA>
    </VegetationZoneParameters>
  </VegetationZone>
  <SubCatchment>
    <SubCatchmentParameters>
      <KSI>0.001</KSI>
      <KGmin>0.05</KGmin>
      <RangeKG>0.1</RangeKG>
      <AG>0.1</AG>
      <PERC>9.1045158776487014</PERC>
      <Alpha>0</Alpha>
      <UZL>89.1213055513485</UZL>
      <K0>0.097557102874720289</K0>
      <K1>0.2544022039036094</K1>
      <K2>0.088020224344313044</K2>
      <MAXBAS>1.0001559308618517</MAXBAS>
      <Cet>0</Cet>
      <PCALT>10</PCALT>
      <TCALT>0.6</TCALT>
      <Pelev>601.5</Pelev>
      <Telev>601.5</Telev>
      <PART>0.5</PART>
      <DELAY>1</DELAY>
    </SubCatchmentParameters>
    <SubCatchmentVegetationZone>
      <SubCatchmentVegetationZoneParameters>
        <TT>-0.786141057128527</TT>
        <CFMAX>1.9140640434309983</CFMAX>
        <SP>0</SP>
        <SFCF>0.73159163266482685</SFCF>
        <CFR>0.014675410487428542</CFR>
        <CWH>0.1000001277870769</CWH>
        <CFGlacier>1</CFGlacier>
        <CFSlope>1</CFSlope>
        <FC>151.31982052090581</FC>
        <LP>0.81624921888181323</LP>
        <BETA>3.8948764128688329</BETA>
      </SubCatchmentVegetationZoneParameters>
    </SubCatchmentVegetationZone>
  </SubCatchment>
</Catchment>