<?xml version="1.0" encoding="utf-8"?>
<Catchment xmlns:xsi="http://www.w3.org/2001/XMLSchema-instance" xmlns:xsd="http://www.w3.org/2001/XMLSchema">
  <CatchmentParameters>
    <KSI>0.001</KSI>
    <KGmin>0.05</KGmin>
    <RangeKG>0.1</RangeKG>
    <AG>0.1</AG>
    <PERC>9.46041515932396</PERC>
    <Alpha>0</Alpha>
    <UZL>105.11692873041847</UZL>
    <K0>0.56154241597235854</K0>
    <K1>0.27989251833443385</K1>
    <K2>0.097718681480729527</K2>
    <MAXBAS>1.1503971431766962</MAXBAS>
    <Cet>0</Cet>
    <PCALT>10</PCALT>
    <TCALT>0.6</TCALT>
    <Pelev>601.5</Pelev>
    <Telev>601.5</Telev>
    <PART>0.5</PART>
    <DELAY>1</DELAY>
  </CatchmentParameters>
  <VegetationZone>
    <VegetationZoneParameters>
      <TT>0.008914394877425777</TT>
      <CFMAX>2.2957979464702349</CFMAX>
      <SP>0</SP>
      <SFCF>0.61280448374292462</SFCF>
      <CFR>0.04069844900935031</CFR>
      <CWH>0.10000009404068412</CWH>
      <CFGlacier>1</CFGlacier>
      <CFSlope>1</CFSlope>
      <FC>185.98740158136289</FC>
      <LP>0.89682332543974386</LP>
      <BETA>4.71016679983185</BETA>
    </VegetationZoneParameters>
  </VegetationZone>
  <SubCatchment>
    <SubCatchmentParameters>
      <KSI>0.001</KSI>
      <KGmin>0.05</KGmin>
      <RangeKG>0.1</RangeKG>
      <AG>0.1</AG>
      <PERC>9.46041515932396</PERC>
      <Alpha>0</Alpha>
      <UZL>105.11692873041847</UZL>
      <K0>0.56154241597235854</K0>
      <K1>0.27989251833443385</K1>
      <K2>0.097718681480729527</K2>
      <MAXBAS>1.1503971431766962</MAXBAS>
      <Cet>0</Cet>
      <PCALT>10</PCALT>
      <TCALT>0.6</TCALT>
      <Pelev>601.5</Pelev>
      <Telev>601.5</Telev>
      <PART>0.5</PART>
      <DELAY>1</DELAY>
    </SubCatchmentParameters>
    <SubCatchmentVegetationZone>
      <SubCatchmentVegetationZoneParameters>
        <TT>0.008914394877425777</TT>
        <CFMAX>2.2957979464702349</CFMAX>
        <SP>0</SP>
        <SFCF>0.61280448374292462</SFCF>
        <CFR>0.04069844900935031</CFR>
        <CWH>0.10000009404068412</CWH>
        <CFGlacier>1</CFGlacier>
        <CFSlope>1</CFSlope>
        <FC>185.98740158136289</FC>
        <LP>0.89682332543974386</LP>
        <BETA>4.71016679983185</BETA>
      </SubCatchmentVegetationZoneParameters>
    </SubCatchmentVegetationZone>
  </SubCatchment>
</Catchment>