<?xml version="1.0" encoding="utf-8"?>
<Catchment xmlns:xsi="http://www.w3.org/2001/XMLSchema-instance" xmlns:xsd="http://www.w3.org/2001/XMLSchema">
  <CatchmentParameters>
    <KSI>0.001</KSI>
    <KGmin>0.05</KGmin>
    <RangeKG>0.1</RangeKG>
    <AG>0.1</AG>
    <PERC>7.4096376890045912</PERC>
    <Alpha>0</Alpha>
    <UZL>156.10468692576637</UZL>
    <K0>0.090039695208101483</K0>
    <K1>0.20540160895811019</K1>
    <K2>0.066378930620772214</K2>
    <MAXBAS>1.0000268440088174</MAXBAS>
    <Cet>0</Cet>
    <PCALT>10</PCALT>
    <TCALT>0.6</TCALT>
    <Pelev>601.5</Pelev>
    <Telev>601.5</Telev>
    <PART>0.5</PART>
    <DELAY>1</DELAY>
  </CatchmentParameters>
  <VegetationZone>
    <VegetationZoneParameters>
      <TT>-0.63474634826557974</TT>
      <CFMAX>2.2648122306004628</CFMAX>
      <SP>0</SP>
      <SFCF>0.76771313445603873</SFCF>
      <CFR>0.029978010543200498</CFR>
      <CWH>0.10000000025756836</CWH>
      <CFGlacier>1</CFGlacier>
      <CFSlope>1</CFSlope>
      <FC>124.23386895330491</FC>
      <LP>0.805804142433408</LP>
      <BETA>4.3192938050467431</BETA>
    </VegetationZoneParameters>
  </VegetationZone>
  <SubCatchment>
    <SubCatchmentParameters>
      <KSI>0.001</KSI>
      <KGmin>0.05</KGmin>
      <RangeKG>0.1</RangeKG>
      <AG>0.1</AG>
      <PERC>7.4096376890045912</PERC>
      <Alpha>0</Alpha>
      <UZL>156.10468692576637</UZL>
      <K0>0.090039695208101483</K0>
      <K1>0.20540160895811019</K1>
      <K2>0.066378930620772214</K2>
      <MAXBAS>1.0000268440088174</MAXBAS>
      <Cet>0</Cet>
      <PCALT>10</PCALT>
      <TCALT>0.6</TCALT>
      <Pelev>601.5</Pelev>
      <Telev>601.5</Telev>
      <PART>0.5</PART>
      <DELAY>1</DELAY>
    </SubCatchmentParameters>
    <SubCatchmentVegetationZone>
      <SubCatchmentVegetationZoneParameters>
        <TT>-0.63474634826557974</TT>
        <CFMAX>2.2648122306004628</CFMAX>
        <SP>0</SP>
        <SFCF>0.76771313445603873</SFCF>
        <CFR>0.029978010543200498</CFR>
        <CWH>0.10000000025756836</CWH>
        <CFGlacier>1</CFGlacier>
        <CFSlope>1</CFSlope>
        <FC>124.23386895330491</FC>
        <LP>0.805804142433408</LP>
        <BETA>4.3192938050467431</BETA>
      </SubCatchmentVegetationZoneParameters>
    </SubCatchmentVegetationZone>
  </SubCatchment>
</Catchment>