<?xml version="1.0" encoding="utf-8"?>
<Catchment xmlns:xsi="http://www.w3.org/2001/XMLSchema-instance" xmlns:xsd="http://www.w3.org/2001/XMLSchema">
  <CatchmentParameters>
    <KSI>0.001</KSI>
    <KGmin>0.05</KGmin>
    <RangeKG>0.1</RangeKG>
    <AG>0.1</AG>
    <PERC>4.0079697639636658</PERC>
    <Alpha>0</Alpha>
    <UZL>73.0547229657056</UZL>
    <K0>0.47893099122672811</K0>
    <K1>0.13830623229883104</K1>
    <K2>0.051912896815063787</K2>
    <MAXBAS>1</MAXBAS>
    <Cet>0</Cet>
    <PCALT>10</PCALT>
    <TCALT>0.6</TCALT>
    <Pelev>601.5</Pelev>
    <Telev>601.5</Telev>
    <PART>0.5</PART>
    <DELAY>1</DELAY>
  </CatchmentParameters>
  <VegetationZone>
    <VegetationZoneParameters>
      <TT>-1.8500021759033485</TT>
      <CFMAX>1.6875402587113186</CFMAX>
      <SP>0</SP>
      <SFCF>0.90902562096162531</SFCF>
      <CFR>0.054413872772174784</CFR>
      <CWH>0.10000003550091058</CWH>
      <CFGlacier>1</CFGlacier>
      <CFSlope>1</CFSlope>
      <FC>109.38591321371774</FC>
      <LP>0.57872185443377133</LP>
      <BETA>3.9719965618757191</BETA>
    </VegetationZoneParameters>
  </VegetationZone>
  <SubCatchment>
    <SubCatchmentParameters>
      <KSI>0.001</KSI>
      <KGmin>0.05</KGmin>
      <RangeKG>0.1</RangeKG>
      <AG>0.1</AG>
      <PERC>4.0079697639636658</PERC>
      <Alpha>0</Alpha>
      <UZL>73.0547229657056</UZL>
      <K0>0.47893099122672811</K0>
      <K1>0.13830623229883104</K1>
      <K2>0.051912896815063787</K2>
      <MAXBAS>1</MAXBAS>
      <Cet>0</Cet>
      <PCALT>10</PCALT>
      <TCALT>0.6</TCALT>
      <Pelev>601.5</Pelev>
      <Telev>601.5</Telev>
      <PART>0.5</PART>
      <DELAY>1</DELAY>
    </SubCatchmentParameters>
    <SubCatchmentVegetationZone>
      <SubCatchmentVegetationZoneParameters>
        <TT>-1.8500021759033485</TT>
        <CFMAX>1.6875402587113186</CFMAX>
        <SP>0</SP>
        <SFCF>0.90902562096162531</SFCF>
        <CFR>0.054413872772174784</CFR>
        <CWH>0.10000003550091058</CWH>
        <CFGlacier>1</CFGlacier>
        <CFSlope>1</CFSlope>
        <FC>109.38591321371774</FC>
        <LP>0.57872185443377133</LP>
        <BETA>3.9719965618757191</BETA>
      </SubCatchmentVegetationZoneParameters>
    </SubCatchmentVegetationZone>
  </SubCatchment>
</Catchment>