<?xml version="1.0" encoding="utf-8"?>
<Catchment xmlns:xsi="http://www.w3.org/2001/XMLSchema-instance" xmlns:xsd="http://www.w3.org/2001/XMLSchema">
  <CatchmentParameters>
    <KSI>0.001</KSI>
    <KGmin>0.05</KGmin>
    <RangeKG>0.1</RangeKG>
    <AG>0.1</AG>
    <PERC>7.9979087841340091</PERC>
    <Alpha>0</Alpha>
    <UZL>142.51453646894123</UZL>
    <K0>0.60064429181105661</K0>
    <K1>0.19521613520353207</K1>
    <K2>0.0630963489177207</K2>
    <MAXBAS>1.0001345057601752</MAXBAS>
    <Cet>0</Cet>
    <PCALT>10</PCALT>
    <TCALT>0.6</TCALT>
    <Pelev>601.5</Pelev>
    <Telev>601.5</Telev>
    <PART>0.5</PART>
    <DELAY>1</DELAY>
  </CatchmentParameters>
  <VegetationZone>
    <VegetationZoneParameters>
      <TT>-0.50000164169060368</TT>
      <CFMAX>2.4940566138146423</CFMAX>
      <SP>0</SP>
      <SFCF>0.76536467213516191</SFCF>
      <CFR>0.051913838163078957</CFR>
      <CWH>0.10000001760377515</CWH>
      <CFGlacier>1</CFGlacier>
      <CFSlope>1</CFSlope>
      <FC>70.271288412893483</FC>
      <LP>0.37881275084598592</LP>
      <BETA>2.2095762547842948</BETA>
    </VegetationZoneParameters>
  </VegetationZone>
  <SubCatchment>
    <SubCatchmentParameters>
      <KSI>0.001</KSI>
      <KGmin>0.05</KGmin>
      <RangeKG>0.1</RangeKG>
      <AG>0.1</AG>
      <PERC>7.9979087841340091</PERC>
      <Alpha>0</Alpha>
      <UZL>142.51453646894123</UZL>
      <K0>0.60064429181105661</K0>
      <K1>0.19521613520353207</K1>
      <K2>0.0630963489177207</K2>
      <MAXBAS>1.0001345057601752</MAXBAS>
      <Cet>0</Cet>
      <PCALT>10</PCALT>
      <TCALT>0.6</TCALT>
      <Pelev>601.5</Pelev>
      <Telev>601.5</Telev>
      <PART>0.5</PART>
      <DELAY>1</DELAY>
    </SubCatchmentParameters>
    <SubCatchmentVegetationZone>
      <SubCatchmentVegetationZoneParameters>
        <TT>-0.50000164169060368</TT>
        <CFMAX>2.4940566138146423</CFMAX>
        <SP>0</SP>
        <SFCF>0.76536467213516191</SFCF>
        <CFR>0.051913838163078957</CFR>
        <CWH>0.10000001760377515</CWH>
        <CFGlacier>1</CFGlacier>
        <CFSlope>1</CFSlope>
        <FC>70.271288412893483</FC>
        <LP>0.37881275084598592</LP>
        <BETA>2.2095762547842948</BETA>
      </SubCatchmentVegetationZoneParameters>
    </SubCatchmentVegetationZone>
  </SubCatchment>
</Catchment>