<?xml version="1.0" encoding="utf-8"?>
<Catchment xmlns:xsi="http://www.w3.org/2001/XMLSchema-instance" xmlns:xsd="http://www.w3.org/2001/XMLSchema">
  <CatchmentParameters>
    <KSI>0.001</KSI>
    <KGmin>0.05</KGmin>
    <RangeKG>0.1</RangeKG>
    <AG>0.1</AG>
    <PERC>3.1017753092149953</PERC>
    <Alpha>0</Alpha>
    <UZL>78.081918617853475</UZL>
    <K0>0.31133227251423612</K0>
    <K1>0.10648172330909843</K1>
    <K2>0.048891356858778365</K2>
    <MAXBAS>1</MAXBAS>
    <Cet>0</Cet>
    <PCALT>10</PCALT>
    <TCALT>0.6</TCALT>
    <Pelev>601.5</Pelev>
    <Telev>601.5</Telev>
    <PART>0.5</PART>
    <DELAY>1</DELAY>
  </CatchmentParameters>
  <VegetationZone>
    <VegetationZoneParameters>
      <TT>-2.0000009028493908</TT>
      <CFMAX>1.7523810527467831</CFMAX>
      <SP>0</SP>
      <SFCF>0.95846534627129121</SFCF>
      <CFR>0.0999989858966393</CFR>
      <CWH>0.10000000420880884</CWH>
      <CFGlacier>1</CFGlacier>
      <CFSlope>1</CFSlope>
      <FC>151.28206543342935</FC>
      <LP>0.70938356750193121</LP>
      <BETA>5.8108342402750264</BETA>
    </VegetationZoneParameters>
  </VegetationZone>
  <SubCatchment>
    <SubCatchmentParameters>
      <KSI>0.001</KSI>
      <KGmin>0.05</KGmin>
      <RangeKG>0.1</RangeKG>
      <AG>0.1</AG>
      <PERC>3.1017753092149953</PERC>
      <Alpha>0</Alpha>
      <UZL>78.081918617853475</UZL>
      <K0>0.31133227251423612</K0>
      <K1>0.10648172330909843</K1>
      <K2>0.048891356858778365</K2>
      <MAXBAS>1</MAXBAS>
      <Cet>0</Cet>
      <PCALT>10</PCALT>
      <TCALT>0.6</TCALT>
      <Pelev>601.5</Pelev>
      <Telev>601.5</Telev>
      <PART>0.5</PART>
      <DELAY>1</DELAY>
    </SubCatchmentParameters>
    <SubCatchmentVegetationZone>
      <SubCatchmentVegetationZoneParameters>
        <TT>-2.0000009028493908</TT>
        <CFMAX>1.7523810527467831</CFMAX>
        <SP>0</SP>
        <SFCF>0.95846534627129121</SFCF>
        <CFR>0.0999989858966393</CFR>
        <CWH>0.10000000420880884</CWH>
        <CFGlacier>1</CFGlacier>
        <CFSlope>1</CFSlope>
        <FC>151.28206543342935</FC>
        <LP>0.70938356750193121</LP>
        <BETA>5.8108342402750264</BETA>
      </SubCatchmentVegetationZoneParameters>
    </SubCatchmentVegetationZone>
  </SubCatchment>
</Catchment>