<?xml version="1.0" encoding="utf-8"?>
<Catchment xmlns:xsi="http://www.w3.org/2001/XMLSchema-instance" xmlns:xsd="http://www.w3.org/2001/XMLSchema">
  <CatchmentParameters>
    <KSI>0.001</KSI>
    <KGmin>0.05</KGmin>
    <RangeKG>0.1</RangeKG>
    <AG>0.1</AG>
    <PERC>9.8218258707271211</PERC>
    <Alpha>0</Alpha>
    <UZL>111.978294740419</UZL>
    <K0>0.47669635693584378</K0>
    <K1>0.33442797798183471</K1>
    <K2>0.09601486609952524</K2>
    <MAXBAS>1.3328142208792551</MAXBAS>
    <Cet>0</Cet>
    <PCALT>10</PCALT>
    <TCALT>0.6</TCALT>
    <Pelev>601.5</Pelev>
    <Telev>601.5</Telev>
    <PART>0.5</PART>
    <DELAY>1</DELAY>
  </CatchmentParameters>
  <VegetationZone>
    <VegetationZoneParameters>
      <TT>-0.90090093807680194</TT>
      <CFMAX>1.7536107285633085</CFMAX>
      <SP>0</SP>
      <SFCF>0.68197834891928832</SFCF>
      <CFR>0.034423985446865743</CFR>
      <CWH>0.10000000023253985</CWH>
      <CFGlacier>1</CFGlacier>
      <CFSlope>1</CFSlope>
      <FC>200.24845143952254</FC>
      <LP>0.92509960624897014</LP>
      <BETA>5.032137872765964</BETA>
    </VegetationZoneParameters>
  </VegetationZone>
  <SubCatchment>
    <SubCatchmentParameters>
      <KSI>0.001</KSI>
      <KGmin>0.05</KGmin>
      <RangeKG>0.1</RangeKG>
      <AG>0.1</AG>
      <PERC>9.8218258707271211</PERC>
      <Alpha>0</Alpha>
      <UZL>111.978294740419</UZL>
      <K0>0.47669635693584378</K0>
      <K1>0.33442797798183471</K1>
      <K2>0.09601486609952524</K2>
      <MAXBAS>1.3328142208792551</MAXBAS>
      <Cet>0</Cet>
      <PCALT>10</PCALT>
      <TCALT>0.6</TCALT>
      <Pelev>601.5</Pelev>
      <Telev>601.5</Telev>
      <PART>0.5</PART>
      <DELAY>1</DELAY>
    </SubCatchmentParameters>
    <SubCatchmentVegetationZone>
      <SubCatchmentVegetationZoneParameters>
        <TT>-0.90090093807680194</TT>
        <CFMAX>1.7536107285633085</CFMAX>
        <SP>0</SP>
        <SFCF>0.68197834891928832</SFCF>
        <CFR>0.034423985446865743</CFR>
        <CWH>0.10000000023253985</CWH>
        <CFGlacier>1</CFGlacier>
        <CFSlope>1</CFSlope>
        <FC>200.24845143952254</FC>
        <LP>0.92509960624897014</LP>
        <BETA>5.032137872765964</BETA>
      </SubCatchmentVegetationZoneParameters>
    </SubCatchmentVegetationZone>
  </SubCatchment>
</Catchment>