<?xml version="1.0" encoding="utf-8"?>
<Catchment xmlns:xsi="http://www.w3.org/2001/XMLSchema-instance" xmlns:xsd="http://www.w3.org/2001/XMLSchema">
  <CatchmentParameters>
    <KSI>0.001</KSI>
    <KGmin>0.05</KGmin>
    <RangeKG>0.1</RangeKG>
    <AG>0.1</AG>
    <PERC>9.99995834444227</PERC>
    <Alpha>0</Alpha>
    <UZL>68.8444552266737</UZL>
    <K0>0.18598702562906216</K0>
    <K1>0.28685750785492975</K1>
    <K2>0.082772309818126916</K2>
    <MAXBAS>1.2680012341624691</MAXBAS>
    <Cet>0</Cet>
    <PCALT>10</PCALT>
    <TCALT>0.6</TCALT>
    <Pelev>601.5</Pelev>
    <Telev>601.5</Telev>
    <PART>0.5</PART>
    <DELAY>1</DELAY>
  </CatchmentParameters>
  <VegetationZone>
    <VegetationZoneParameters>
      <TT>-0.50000138856890641</TT>
      <CFMAX>2.121190056000581</CFMAX>
      <SP>0</SP>
      <SFCF>0.74323378383116567</SFCF>
      <CFR>0.012853427255275378</CFR>
      <CWH>0.10000010073916645</CWH>
      <CFGlacier>1</CFGlacier>
      <CFSlope>1</CFSlope>
      <FC>114.6142141726767</FC>
      <LP>0.69579873590692665</LP>
      <BETA>3.071922383810973</BETA>
    </VegetationZoneParameters>
  </VegetationZone>
  <SubCatchment>
    <SubCatchmentParameters>
      <KSI>0.001</KSI>
      <KGmin>0.05</KGmin>
      <RangeKG>0.1</RangeKG>
      <AG>0.1</AG>
      <PERC>9.99995834444227</PERC>
      <Alpha>0</Alpha>
      <UZL>68.8444552266737</UZL>
      <K0>0.18598702562906216</K0>
      <K1>0.28685750785492975</K1>
      <K2>0.082772309818126916</K2>
      <MAXBAS>1.2680012341624691</MAXBAS>
      <Cet>0</Cet>
      <PCALT>10</PCALT>
      <TCALT>0.6</TCALT>
      <Pelev>601.5</Pelev>
      <Telev>601.5</Telev>
      <PART>0.5</PART>
      <DELAY>1</DELAY>
    </SubCatchmentParameters>
    <SubCatchmentVegetationZone>
      <SubCatchmentVegetationZoneParameters>
        <TT>-0.50000138856890641</TT>
        <CFMAX>2.121190056000581</CFMAX>
        <SP>0</SP>
        <SFCF>0.74323378383116567</SFCF>
        <CFR>0.012853427255275378</CFR>
        <CWH>0.10000010073916645</CWH>
        <CFGlacier>1</CFGlacier>
        <CFSlope>1</CFSlope>
        <FC>114.6142141726767</FC>
        <LP>0.69579873590692665</LP>
        <BETA>3.071922383810973</BETA>
      </SubCatchmentVegetationZoneParameters>
    </SubCatchmentVegetationZone>
  </SubCatchment>
</Catchment>