<?xml version="1.0" encoding="utf-8"?>
<Catchment xmlns:xsi="http://www.w3.org/2001/XMLSchema-instance" xmlns:xsd="http://www.w3.org/2001/XMLSchema">
  <CatchmentParameters>
    <KSI>0.001</KSI>
    <KGmin>0.05</KGmin>
    <RangeKG>0.1</RangeKG>
    <AG>0.1</AG>
    <PERC>7.6647199522489116</PERC>
    <Alpha>0</Alpha>
    <UZL>110.81180683958975</UZL>
    <K0>0.51814660837605131</K0>
    <K1>0.21710255016271143</K1>
    <K2>0.086841715078881956</K2>
    <MAXBAS>1.0000076181376483</MAXBAS>
    <Cet>0</Cet>
    <PCALT>10</PCALT>
    <TCALT>0.6</TCALT>
    <Pelev>601.5</Pelev>
    <Telev>601.5</Telev>
    <PART>0.5</PART>
    <DELAY>1</DELAY>
  </CatchmentParameters>
  <VegetationZone>
    <VegetationZoneParameters>
      <TT>-0.20866126662842285</TT>
      <CFMAX>2.3494810460402897</CFMAX>
      <SP>0</SP>
      <SFCF>0.63975514648969967</SFCF>
      <CFR>0.046589182243181759</CFR>
      <CWH>0.10891291367722057</CWH>
      <CFGlacier>1</CFGlacier>
      <CFSlope>1</CFSlope>
      <FC>149.43219550005605</FC>
      <LP>0.80433817759220039</LP>
      <BETA>3.7908313699315079</BETA>
    </VegetationZoneParameters>
  </VegetationZone>
  <SubCatchment>
    <SubCatchmentParameters>
      <KSI>0.001</KSI>
      <KGmin>0.05</KGmin>
      <RangeKG>0.1</RangeKG>
      <AG>0.1</AG>
      <PERC>7.6647199522489116</PERC>
      <Alpha>0</Alpha>
      <UZL>110.81180683958975</UZL>
      <K0>0.51814660837605131</K0>
      <K1>0.21710255016271143</K1>
      <K2>0.086841715078881956</K2>
      <MAXBAS>1.0000076181376483</MAXBAS>
      <Cet>0</Cet>
      <PCALT>10</PCALT>
      <TCALT>0.6</TCALT>
      <Pelev>601.5</Pelev>
      <Telev>601.5</Telev>
      <PART>0.5</PART>
      <DELAY>1</DELAY>
    </SubCatchmentParameters>
    <SubCatchmentVegetationZone>
      <SubCatchmentVegetationZoneParameters>
        <TT>-0.20866126662842285</TT>
        <CFMAX>2.3494810460402897</CFMAX>
        <SP>0</SP>
        <SFCF>0.63975514648969967</SFCF>
        <CFR>0.046589182243181759</CFR>
        <CWH>0.10891291367722057</CWH>
        <CFGlacier>1</CFGlacier>
        <CFSlope>1</CFSlope>
        <FC>149.43219550005605</FC>
        <LP>0.80433817759220039</LP>
        <BETA>3.7908313699315079</BETA>
      </SubCatchmentVegetationZoneParameters>
    </SubCatchmentVegetationZone>
  </SubCatchment>
</Catchment>