<?xml version="1.0" encoding="utf-8"?>
<Catchment xmlns:xsi="http://www.w3.org/2001/XMLSchema-instance" xmlns:xsd="http://www.w3.org/2001/XMLSchema">
  <CatchmentParameters>
    <KSI>0.001</KSI>
    <KGmin>0.05</KGmin>
    <RangeKG>0.1</RangeKG>
    <AG>0.1</AG>
    <PERC>5.3617880298985</PERC>
    <Alpha>0</Alpha>
    <UZL>150.87407833085536</UZL>
    <K0>0.50565443345724059</K0>
    <K1>0.16794394968399948</K1>
    <K2>0.054666019408110361</K2>
    <MAXBAS>1</MAXBAS>
    <Cet>0</Cet>
    <PCALT>10</PCALT>
    <TCALT>0.6</TCALT>
    <Pelev>601.5</Pelev>
    <Telev>601.5</Telev>
    <PART>0.5</PART>
    <DELAY>1</DELAY>
  </CatchmentParameters>
  <VegetationZone>
    <VegetationZoneParameters>
      <TT>-0.9852214998748825</TT>
      <CFMAX>2.1534399791635708</CFMAX>
      <SP>0</SP>
      <SFCF>0.91244282630457541</SFCF>
      <CFR>2.6776798831252592E-08</CFR>
      <CWH>0.10000016401989127</CWH>
      <CFGlacier>1</CFGlacier>
      <CFSlope>1</CFSlope>
      <FC>142.7436854938847</FC>
      <LP>0.743091297449377</LP>
      <BETA>5.6027823567181123</BETA>
    </VegetationZoneParameters>
  </VegetationZone>
  <SubCatchment>
    <SubCatchmentParameters>
      <KSI>0.001</KSI>
      <KGmin>0.05</KGmin>
      <RangeKG>0.1</RangeKG>
      <AG>0.1</AG>
      <PERC>5.3617880298985</PERC>
      <Alpha>0</Alpha>
      <UZL>150.87407833085536</UZL>
      <K0>0.50565443345724059</K0>
      <K1>0.16794394968399948</K1>
      <K2>0.054666019408110361</K2>
      <MAXBAS>1</MAXBAS>
      <Cet>0</Cet>
      <PCALT>10</PCALT>
      <TCALT>0.6</TCALT>
      <Pelev>601.5</Pelev>
      <Telev>601.5</Telev>
      <PART>0.5</PART>
      <DELAY>1</DELAY>
    </SubCatchmentParameters>
    <SubCatchmentVegetationZone>
      <SubCatchmentVegetationZoneParameters>
        <TT>-0.9852214998748825</TT>
        <CFMAX>2.1534399791635708</CFMAX>
        <SP>0</SP>
        <SFCF>0.91244282630457541</SFCF>
        <CFR>2.6776798831252592E-08</CFR>
        <CWH>0.10000016401989127</CWH>
        <CFGlacier>1</CFGlacier>
        <CFSlope>1</CFSlope>
        <FC>142.7436854938847</FC>
        <LP>0.743091297449377</LP>
        <BETA>5.6027823567181123</BETA>
      </SubCatchmentVegetationZoneParameters>
    </SubCatchmentVegetationZone>
  </SubCatchment>
</Catchment>