<?xml version="1.0" encoding="utf-8"?>
<Catchment xmlns:xsi="http://www.w3.org/2001/XMLSchema-instance" xmlns:xsd="http://www.w3.org/2001/XMLSchema">
  <CatchmentParameters>
    <KSI>0.001</KSI>
    <KGmin>0.05</KGmin>
    <RangeKG>0.1</RangeKG>
    <AG>0.1</AG>
    <PERC>9.9999273839812428</PERC>
    <Alpha>0</Alpha>
    <UZL>160.2719803417603</UZL>
    <K0>0.3856210731949456</K0>
    <K1>0.35238062298707973</K1>
    <K2>0.08767562040866507</K2>
    <MAXBAS>1.4102439065152999</MAXBAS>
    <Cet>0</Cet>
    <PCALT>10</PCALT>
    <TCALT>0.6</TCALT>
    <Pelev>601.5</Pelev>
    <Telev>601.5</Telev>
    <PART>0.5</PART>
    <DELAY>1</DELAY>
  </CatchmentParameters>
  <VegetationZone>
    <VegetationZoneParameters>
      <TT>-0.89559923341209136</TT>
      <CFMAX>1.8550355548407749</CFMAX>
      <SP>0</SP>
      <SFCF>0.709350313733986</SFCF>
      <CFR>0.035955958390801568</CFR>
      <CWH>0.1000000000064878</CWH>
      <CFGlacier>1</CFGlacier>
      <CFSlope>1</CFSlope>
      <FC>133.15326180387311</FC>
      <LP>0.73805436942542424</LP>
      <BETA>3.1628479674400825</BETA>
    </VegetationZoneParameters>
  </VegetationZone>
  <SubCatchment>
    <SubCatchmentParameters>
      <KSI>0.001</KSI>
      <KGmin>0.05</KGmin>
      <RangeKG>0.1</RangeKG>
      <AG>0.1</AG>
      <PERC>9.9999273839812428</PERC>
      <Alpha>0</Alpha>
      <UZL>160.2719803417603</UZL>
      <K0>0.3856210731949456</K0>
      <K1>0.35238062298707973</K1>
      <K2>0.08767562040866507</K2>
      <MAXBAS>1.4102439065152999</MAXBAS>
      <Cet>0</Cet>
      <PCALT>10</PCALT>
      <TCALT>0.6</TCALT>
      <Pelev>601.5</Pelev>
      <Telev>601.5</Telev>
      <PART>0.5</PART>
      <DELAY>1</DELAY>
    </SubCatchmentParameters>
    <SubCatchmentVegetationZone>
      <SubCatchmentVegetationZoneParameters>
        <TT>-0.89559923341209136</TT>
        <CFMAX>1.8550355548407749</CFMAX>
        <SP>0</SP>
        <SFCF>0.709350313733986</SFCF>
        <CFR>0.035955958390801568</CFR>
        <CWH>0.1000000000064878</CWH>
        <CFGlacier>1</CFGlacier>
        <CFSlope>1</CFSlope>
        <FC>133.15326180387311</FC>
        <LP>0.73805436942542424</LP>
        <BETA>3.1628479674400825</BETA>
      </SubCatchmentVegetationZoneParameters>
    </SubCatchmentVegetationZone>
  </SubCatchment>
</Catchment>