<?xml version="1.0" encoding="utf-8"?>
<Catchment xmlns:xsi="http://www.w3.org/2001/XMLSchema-instance" xmlns:xsd="http://www.w3.org/2001/XMLSchema">
  <CatchmentParameters>
    <KSI>0.001</KSI>
    <KGmin>0.05</KGmin>
    <RangeKG>0.1</RangeKG>
    <AG>0.1</AG>
    <PERC>9.9999988622277929</PERC>
    <Alpha>0</Alpha>
    <UZL>88.653387473728586</UZL>
    <K0>0.12026604119307338</K0>
    <K1>0.34421126437817379</K1>
    <K2>0.08735574627025873</K2>
    <MAXBAS>1.4044035190563244</MAXBAS>
    <Cet>0</Cet>
    <PCALT>10</PCALT>
    <TCALT>0.6</TCALT>
    <Pelev>601.5</Pelev>
    <Telev>601.5</Telev>
    <PART>0.5</PART>
    <DELAY>1</DELAY>
  </CatchmentParameters>
  <VegetationZone>
    <VegetationZoneParameters>
      <TT>-0.96002455464415637</TT>
      <CFMAX>1.8627848783563976</CFMAX>
      <SP>0</SP>
      <SFCF>0.71045783886969049</SFCF>
      <CFR>0.051306274239629704</CFR>
      <CWH>0.10000015639455759</CWH>
      <CFGlacier>1</CFGlacier>
      <CFSlope>1</CFSlope>
      <FC>148.56889043337858</FC>
      <LP>0.81466657899178618</LP>
      <BETA>3.8083838236012877</BETA>
    </VegetationZoneParameters>
  </VegetationZone>
  <SubCatchment>
    <SubCatchmentParameters>
      <KSI>0.001</KSI>
      <KGmin>0.05</KGmin>
      <RangeKG>0.1</RangeKG>
      <AG>0.1</AG>
      <PERC>9.9999988622277929</PERC>
      <Alpha>0</Alpha>
      <UZL>88.653387473728586</UZL>
      <K0>0.12026604119307338</K0>
      <K1>0.34421126437817379</K1>
      <K2>0.08735574627025873</K2>
      <MAXBAS>1.4044035190563244</MAXBAS>
      <Cet>0</Cet>
      <PCALT>10</PCALT>
      <TCALT>0.6</TCALT>
      <Pelev>601.5</Pelev>
      <Telev>601.5</Telev>
      <PART>0.5</PART>
      <DELAY>1</DELAY>
    </SubCatchmentParameters>
    <SubCatchmentVegetationZone>
      <SubCatchmentVegetationZoneParameters>
        <TT>-0.96002455464415637</TT>
        <CFMAX>1.8627848783563976</CFMAX>
        <SP>0</SP>
        <SFCF>0.71045783886969049</SFCF>
        <CFR>0.051306274239629704</CFR>
        <CWH>0.10000015639455759</CWH>
        <CFGlacier>1</CFGlacier>
        <CFSlope>1</CFSlope>
        <FC>148.56889043337858</FC>
        <LP>0.81466657899178618</LP>
        <BETA>3.8083838236012877</BETA>
      </SubCatchmentVegetationZoneParameters>
    </SubCatchmentVegetationZone>
  </SubCatchment>
</Catchment>