<?xml version="1.0" encoding="utf-8"?>
<Catchment xmlns:xsi="http://www.w3.org/2001/XMLSchema-instance" xmlns:xsd="http://www.w3.org/2001/XMLSchema">
  <CatchmentParameters>
    <KSI>0.001</KSI>
    <KGmin>0.05</KGmin>
    <RangeKG>0.1</RangeKG>
    <AG>0.1</AG>
    <PERC>9.9999795939490017</PERC>
    <Alpha>0</Alpha>
    <UZL>129.58671357875153</UZL>
    <K0>0.27101317815415982</K0>
    <K1>0.32455091557342985</K1>
    <K2>0.10075356363706525</K2>
    <MAXBAS>1.3101854243886248</MAXBAS>
    <Cet>0</Cet>
    <PCALT>10</PCALT>
    <TCALT>0.6</TCALT>
    <Pelev>601.5</Pelev>
    <Telev>601.5</Telev>
    <PART>0.5</PART>
    <DELAY>1</DELAY>
  </CatchmentParameters>
  <VegetationZone>
    <VegetationZoneParameters>
      <TT>-0.96065437553163568</TT>
      <CFMAX>1.7896490793898312</CFMAX>
      <SP>0</SP>
      <SFCF>0.67803244692563858</SFCF>
      <CFR>0.057296145946424896</CFR>
      <CWH>0.10000022603875493</CWH>
      <CFGlacier>1</CFGlacier>
      <CFSlope>1</CFSlope>
      <FC>194.85186161518229</FC>
      <LP>0.9017180257769174</LP>
      <BETA>4.6804219340855191</BETA>
    </VegetationZoneParameters>
  </VegetationZone>
  <SubCatchment>
    <SubCatchmentParameters>
      <KSI>0.001</KSI>
      <KGmin>0.05</KGmin>
      <RangeKG>0.1</RangeKG>
      <AG>0.1</AG>
      <PERC>9.9999795939490017</PERC>
      <Alpha>0</Alpha>
      <UZL>129.58671357875153</UZL>
      <K0>0.27101317815415982</K0>
      <K1>0.32455091557342985</K1>
      <K2>0.10075356363706525</K2>
      <MAXBAS>1.3101854243886248</MAXBAS>
      <Cet>0</Cet>
      <PCALT>10</PCALT>
      <TCALT>0.6</TCALT>
      <Pelev>601.5</Pelev>
      <Telev>601.5</Telev>
      <PART>0.5</PART>
      <DELAY>1</DELAY>
    </SubCatchmentParameters>
    <SubCatchmentVegetationZone>
      <SubCatchmentVegetationZoneParameters>
        <TT>-0.96065437553163568</TT>
        <CFMAX>1.7896490793898312</CFMAX>
        <SP>0</SP>
        <SFCF>0.67803244692563858</SFCF>
        <CFR>0.057296145946424896</CFR>
        <CWH>0.10000022603875493</CWH>
        <CFGlacier>1</CFGlacier>
        <CFSlope>1</CFSlope>
        <FC>194.85186161518229</FC>
        <LP>0.9017180257769174</LP>
        <BETA>4.6804219340855191</BETA>
      </SubCatchmentVegetationZoneParameters>
    </SubCatchmentVegetationZone>
  </SubCatchment>
</Catchment>