<?xml version="1.0" encoding="utf-8"?>
<Catchment xmlns:xsi="http://www.w3.org/2001/XMLSchema-instance" xmlns:xsd="http://www.w3.org/2001/XMLSchema">
  <CatchmentParameters>
    <KSI>0.001</KSI>
    <KGmin>0.05</KGmin>
    <RangeKG>0.1</RangeKG>
    <AG>0.1</AG>
    <PERC>8.5596389529409933</PERC>
    <Alpha>0</Alpha>
    <UZL>69.223067922299109</UZL>
    <K0>0.052564649383498648</K0>
    <K1>0.28971005499578467</K1>
    <K2>0.11368470438652685</K2>
    <MAXBAS>1.1376889484254491</MAXBAS>
    <Cet>0</Cet>
    <PCALT>10</PCALT>
    <TCALT>0.6</TCALT>
    <Pelev>601.5</Pelev>
    <Telev>601.5</Telev>
    <PART>0.5</PART>
    <DELAY>1</DELAY>
  </CatchmentParameters>
  <VegetationZone>
    <VegetationZoneParameters>
      <TT>-0.22183309221088074</TT>
      <CFMAX>1.9128510605126543</CFMAX>
      <SP>0</SP>
      <SFCF>0.548081784333837</SFCF>
      <CFR>0.0464382491752492</CFR>
      <CWH>0.1000000001740113</CWH>
      <CFGlacier>1</CFGlacier>
      <CFSlope>1</CFSlope>
      <FC>216.85697826095387</FC>
      <LP>0.9109365802344398</LP>
      <BETA>4.9543289003543585</BETA>
    </VegetationZoneParameters>
  </VegetationZone>
  <SubCatchment>
    <SubCatchmentParameters>
      <KSI>0.001</KSI>
      <KGmin>0.05</KGmin>
      <RangeKG>0.1</RangeKG>
      <AG>0.1</AG>
      <PERC>8.5596389529409933</PERC>
      <Alpha>0</Alpha>
      <UZL>69.223067922299109</UZL>
      <K0>0.052564649383498648</K0>
      <K1>0.28971005499578467</K1>
      <K2>0.11368470438652685</K2>
      <MAXBAS>1.1376889484254491</MAXBAS>
      <Cet>0</Cet>
      <PCALT>10</PCALT>
      <TCALT>0.6</TCALT>
      <Pelev>601.5</Pelev>
      <Telev>601.5</Telev>
      <PART>0.5</PART>
      <DELAY>1</DELAY>
    </SubCatchmentParameters>
    <SubCatchmentVegetationZone>
      <SubCatchmentVegetationZoneParameters>
        <TT>-0.22183309221088074</TT>
        <CFMAX>1.9128510605126543</CFMAX>
        <SP>0</SP>
        <SFCF>0.548081784333837</SFCF>
        <CFR>0.0464382491752492</CFR>
        <CWH>0.1000000001740113</CWH>
        <CFGlacier>1</CFGlacier>
        <CFSlope>1</CFSlope>
        <FC>216.85697826095387</FC>
        <LP>0.9109365802344398</LP>
        <BETA>4.9543289003543585</BETA>
      </SubCatchmentVegetationZoneParameters>
    </SubCatchmentVegetationZone>
  </SubCatchment>
</Catchment>