<?xml version="1.0" encoding="utf-8"?>
<Catchment xmlns:xsi="http://www.w3.org/2001/XMLSchema-instance" xmlns:xsd="http://www.w3.org/2001/XMLSchema">
  <CatchmentParameters>
    <KSI>0.001</KSI>
    <KGmin>0.05</KGmin>
    <RangeKG>0.1</RangeKG>
    <AG>0.1</AG>
    <PERC>9.9998593511592322</PERC>
    <Alpha>0</Alpha>
    <UZL>154.84460638892074</UZL>
    <K0>0.47962501427769261</K0>
    <K1>0.34310634564058995</K1>
    <K2>0.097468109920258048</K2>
    <MAXBAS>1.3798267610140418</MAXBAS>
    <Cet>0</Cet>
    <PCALT>10</PCALT>
    <TCALT>0.6</TCALT>
    <Pelev>601.5</Pelev>
    <Telev>601.5</Telev>
    <PART>0.5</PART>
    <DELAY>1</DELAY>
  </CatchmentParameters>
  <VegetationZone>
    <VegetationZoneParameters>
      <TT>-0.545254223812263</TT>
      <CFMAX>1.9504270918454352</CFMAX>
      <SP>0</SP>
      <SFCF>0.63886280556228969</SFCF>
      <CFR>0.046813620238269939</CFR>
      <CWH>0.10000013268334766</CWH>
      <CFGlacier>1</CFGlacier>
      <CFSlope>1</CFSlope>
      <FC>180.04070257512257</FC>
      <LP>0.8854005374834939</LP>
      <BETA>4.4558863126690547</BETA>
    </VegetationZoneParameters>
  </VegetationZone>
  <SubCatchment>
    <SubCatchmentParameters>
      <KSI>0.001</KSI>
      <KGmin>0.05</KGmin>
      <RangeKG>0.1</RangeKG>
      <AG>0.1</AG>
      <PERC>9.9998593511592322</PERC>
      <Alpha>0</Alpha>
      <UZL>154.84460638892074</UZL>
      <K0>0.47962501427769261</K0>
      <K1>0.34310634564058995</K1>
      <K2>0.097468109920258048</K2>
      <MAXBAS>1.3798267610140418</MAXBAS>
      <Cet>0</Cet>
      <PCALT>10</PCALT>
      <TCALT>0.6</TCALT>
      <Pelev>601.5</Pelev>
      <Telev>601.5</Telev>
      <PART>0.5</PART>
      <DELAY>1</DELAY>
    </SubCatchmentParameters>
    <SubCatchmentVegetationZone>
      <SubCatchmentVegetationZoneParameters>
        <TT>-0.545254223812263</TT>
        <CFMAX>1.9504270918454352</CFMAX>
        <SP>0</SP>
        <SFCF>0.63886280556228969</SFCF>
        <CFR>0.046813620238269939</CFR>
        <CWH>0.10000013268334766</CWH>
        <CFGlacier>1</CFGlacier>
        <CFSlope>1</CFSlope>
        <FC>180.04070257512257</FC>
        <LP>0.8854005374834939</LP>
        <BETA>4.4558863126690547</BETA>
      </SubCatchmentVegetationZoneParameters>
    </SubCatchmentVegetationZone>
  </SubCatchment>
</Catchment>