<?xml version="1.0" encoding="utf-8"?>
<Catchment xmlns:xsi="http://www.w3.org/2001/XMLSchema-instance" xmlns:xsd="http://www.w3.org/2001/XMLSchema">
  <CatchmentParameters>
    <KSI>0.001</KSI>
    <KGmin>0.05</KGmin>
    <RangeKG>0.1</RangeKG>
    <AG>0.1</AG>
    <PERC>9.99999648725155</PERC>
    <Alpha>0</Alpha>
    <UZL>111.58355765337531</UZL>
    <K0>0.530135500686172</K0>
    <K1>0.35303008230873956</K1>
    <K2>0.10307286629889234</K2>
    <MAXBAS>1.3712556602236055</MAXBAS>
    <Cet>0</Cet>
    <PCALT>10</PCALT>
    <TCALT>0.6</TCALT>
    <Pelev>601.5</Pelev>
    <Telev>601.5</Telev>
    <PART>0.5</PART>
    <DELAY>1</DELAY>
  </CatchmentParameters>
  <VegetationZone>
    <VegetationZoneParameters>
      <TT>-0.79935061465101487</TT>
      <CFMAX>1.7890762962162905</CFMAX>
      <SP>0</SP>
      <SFCF>0.62611112549341563</SFCF>
      <CFR>0.0629257545068675</CFR>
      <CWH>0.10000000150882142</CWH>
      <CFGlacier>1</CFGlacier>
      <CFSlope>1</CFSlope>
      <FC>184.29489347660896</FC>
      <LP>0.87453707488743493</LP>
      <BETA>4.2584196328276018</BETA>
    </VegetationZoneParameters>
  </VegetationZone>
  <SubCatchment>
    <SubCatchmentParameters>
      <KSI>0.001</KSI>
      <KGmin>0.05</KGmin>
      <RangeKG>0.1</RangeKG>
      <AG>0.1</AG>
      <PERC>9.99999648725155</PERC>
      <Alpha>0</Alpha>
      <UZL>111.58355765337531</UZL>
      <K0>0.530135500686172</K0>
      <K1>0.35303008230873956</K1>
      <K2>0.10307286629889234</K2>
      <MAXBAS>1.3712556602236055</MAXBAS>
      <Cet>0</Cet>
      <PCALT>10</PCALT>
      <TCALT>0.6</TCALT>
      <Pelev>601.5</Pelev>
      <Telev>601.5</Telev>
      <PART>0.5</PART>
      <DELAY>1</DELAY>
    </SubCatchmentParameters>
    <SubCatchmentVegetationZone>
      <SubCatchmentVegetationZoneParameters>
        <TT>-0.79935061465101487</TT>
        <CFMAX>1.7890762962162905</CFMAX>
        <SP>0</SP>
        <SFCF>0.62611112549341563</SFCF>
        <CFR>0.0629257545068675</CFR>
        <CWH>0.10000000150882142</CWH>
        <CFGlacier>1</CFGlacier>
        <CFSlope>1</CFSlope>
        <FC>184.29489347660896</FC>
        <LP>0.87453707488743493</LP>
        <BETA>4.2584196328276018</BETA>
      </SubCatchmentVegetationZoneParameters>
    </SubCatchmentVegetationZone>
  </SubCatchment>
</Catchment>