<?xml version="1.0" encoding="utf-8"?>
<Catchment xmlns:xsi="http://www.w3.org/2001/XMLSchema-instance" xmlns:xsd="http://www.w3.org/2001/XMLSchema">
  <CatchmentParameters>
    <KSI>0.001</KSI>
    <KGmin>0.05</KGmin>
    <RangeKG>0.1</RangeKG>
    <AG>0.1</AG>
    <PERC>3.7039570843443523</PERC>
    <Alpha>0</Alpha>
    <UZL>76.82310633922846</UZL>
    <K0>0.50926345454470723</K0>
    <K1>0.13147868919174635</K1>
    <K2>0.050212300351366257</K2>
    <MAXBAS>1</MAXBAS>
    <Cet>0</Cet>
    <PCALT>10</PCALT>
    <TCALT>0.6</TCALT>
    <Pelev>601.5</Pelev>
    <Telev>601.5</Telev>
    <PART>0.5</PART>
    <DELAY>1</DELAY>
  </CatchmentParameters>
  <VegetationZone>
    <VegetationZoneParameters>
      <TT>-2.0000017689469853</TT>
      <CFMAX>1.5983262944096701</CFMAX>
      <SP>0</SP>
      <SFCF>0.95465639057428531</SFCF>
      <CFR>0.045833327774437292</CFR>
      <CWH>0.10000017432833355</CWH>
      <CFGlacier>1</CFGlacier>
      <CFSlope>1</CFSlope>
      <FC>140.12162122435493</FC>
      <LP>0.652674407717839</LP>
      <BETA>5.0256791728323771</BETA>
    </VegetationZoneParameters>
  </VegetationZone>
  <SubCatchment>
    <SubCatchmentParameters>
      <KSI>0.001</KSI>
      <KGmin>0.05</KGmin>
      <RangeKG>0.1</RangeKG>
      <AG>0.1</AG>
      <PERC>3.7039570843443523</PERC>
      <Alpha>0</Alpha>
      <UZL>76.82310633922846</UZL>
      <K0>0.50926345454470723</K0>
      <K1>0.13147868919174635</K1>
      <K2>0.050212300351366257</K2>
      <MAXBAS>1</MAXBAS>
      <Cet>0</Cet>
      <PCALT>10</PCALT>
      <TCALT>0.6</TCALT>
      <Pelev>601.5</Pelev>
      <Telev>601.5</Telev>
      <PART>0.5</PART>
      <DELAY>1</DELAY>
    </SubCatchmentParameters>
    <SubCatchmentVegetationZone>
      <SubCatchmentVegetationZoneParameters>
        <TT>-2.0000017689469853</TT>
        <CFMAX>1.5983262944096701</CFMAX>
        <SP>0</SP>
        <SFCF>0.95465639057428531</SFCF>
        <CFR>0.045833327774437292</CFR>
        <CWH>0.10000017432833355</CWH>
        <CFGlacier>1</CFGlacier>
        <CFSlope>1</CFSlope>
        <FC>140.12162122435493</FC>
        <LP>0.652674407717839</LP>
        <BETA>5.0256791728323771</BETA>
      </SubCatchmentVegetationZoneParameters>
    </SubCatchmentVegetationZone>
  </SubCatchment>
</Catchment>