<?xml version="1.0" encoding="utf-8"?>
<Catchment xmlns:xsi="http://www.w3.org/2001/XMLSchema-instance" xmlns:xsd="http://www.w3.org/2001/XMLSchema">
  <CatchmentParameters>
    <KSI>0.001</KSI>
    <KGmin>0.05</KGmin>
    <RangeKG>0.1</RangeKG>
    <AG>0.1</AG>
    <PERC>7.8120898295627494</PERC>
    <Alpha>0</Alpha>
    <UZL>157.64429144338575</UZL>
    <K0>0.3863380682547094</K0>
    <K1>0.18663717911651959</K1>
    <K2>0.062771594485791893</K2>
    <MAXBAS>1.00000020589438</MAXBAS>
    <Cet>0</Cet>
    <PCALT>10</PCALT>
    <TCALT>0.6</TCALT>
    <Pelev>601.5</Pelev>
    <Telev>601.5</Telev>
    <PART>0.5</PART>
    <DELAY>1</DELAY>
  </CatchmentParameters>
  <VegetationZone>
    <VegetationZoneParameters>
      <TT>-0.60653460998718089</TT>
      <CFMAX>2.4935110596393479</CFMAX>
      <SP>0</SP>
      <SFCF>0.792184311738039</SFCF>
      <CFR>0.055147555884745209</CFR>
      <CWH>0.10000022423515867</CWH>
      <CFGlacier>1</CFGlacier>
      <CFSlope>1</CFSlope>
      <FC>121.71948354900358</FC>
      <LP>0.86075090133108656</LP>
      <BETA>5.9359206154323019</BETA>
    </VegetationZoneParameters>
  </VegetationZone>
  <SubCatchment>
    <SubCatchmentParameters>
      <KSI>0.001</KSI>
      <KGmin>0.05</KGmin>
      <RangeKG>0.1</RangeKG>
      <AG>0.1</AG>
      <PERC>7.8120898295627494</PERC>
      <Alpha>0</Alpha>
      <UZL>157.64429144338575</UZL>
      <K0>0.3863380682547094</K0>
      <K1>0.18663717911651959</K1>
      <K2>0.062771594485791893</K2>
      <MAXBAS>1.00000020589438</MAXBAS>
      <Cet>0</Cet>
      <PCALT>10</PCALT>
      <TCALT>0.6</TCALT>
      <Pelev>601.5</Pelev>
      <Telev>601.5</Telev>
      <PART>0.5</PART>
      <DELAY>1</DELAY>
    </SubCatchmentParameters>
    <SubCatchmentVegetationZone>
      <SubCatchmentVegetationZoneParameters>
        <TT>-0.60653460998718089</TT>
        <CFMAX>2.4935110596393479</CFMAX>
        <SP>0</SP>
        <SFCF>0.792184311738039</SFCF>
        <CFR>0.055147555884745209</CFR>
        <CWH>0.10000022423515867</CWH>
        <CFGlacier>1</CFGlacier>
        <CFSlope>1</CFSlope>
        <FC>121.71948354900358</FC>
        <LP>0.86075090133108656</LP>
        <BETA>5.9359206154323019</BETA>
      </SubCatchmentVegetationZoneParameters>
    </SubCatchmentVegetationZone>
  </SubCatchment>
</Catchment>