<?xml version="1.0" encoding="utf-8"?>
<Catchment xmlns:xsi="http://www.w3.org/2001/XMLSchema-instance" xmlns:xsd="http://www.w3.org/2001/XMLSchema">
  <CatchmentParameters>
    <KSI>0.001</KSI>
    <KGmin>0.05</KGmin>
    <RangeKG>0.1</RangeKG>
    <AG>0.1</AG>
    <PERC>9.3258652713297252</PERC>
    <Alpha>0</Alpha>
    <UZL>134.33807183021821</UZL>
    <K0>0.52865394846602332</K0>
    <K1>0.22866453775325718</K1>
    <K2>0.089405602975825643</K2>
    <MAXBAS>1.0000072241253206</MAXBAS>
    <Cet>0</Cet>
    <PCALT>10</PCALT>
    <TCALT>0.6</TCALT>
    <Pelev>601.5</Pelev>
    <Telev>601.5</Telev>
    <PART>0.5</PART>
    <DELAY>1</DELAY>
  </CatchmentParameters>
  <VegetationZone>
    <VegetationZoneParameters>
      <TT>-0.15000023053972816</TT>
      <CFMAX>2.4593013731172468</CFMAX>
      <SP>0</SP>
      <SFCF>0.663850763210859</SFCF>
      <CFR>0.045790599704393767</CFR>
      <CWH>0.10000077715359483</CWH>
      <CFGlacier>1</CFGlacier>
      <CFSlope>1</CFSlope>
      <FC>115.27364575058039</FC>
      <LP>0.6469487900505243</LP>
      <BETA>2.7823782588212889</BETA>
    </VegetationZoneParameters>
  </VegetationZone>
  <SubCatchment>
    <SubCatchmentParameters>
      <KSI>0.001</KSI>
      <KGmin>0.05</KGmin>
      <RangeKG>0.1</RangeKG>
      <AG>0.1</AG>
      <PERC>9.3258652713297252</PERC>
      <Alpha>0</Alpha>
      <UZL>134.33807183021821</UZL>
      <K0>0.52865394846602332</K0>
      <K1>0.22866453775325718</K1>
      <K2>0.089405602975825643</K2>
      <MAXBAS>1.0000072241253206</MAXBAS>
      <Cet>0</Cet>
      <PCALT>10</PCALT>
      <TCALT>0.6</TCALT>
      <Pelev>601.5</Pelev>
      <Telev>601.5</Telev>
      <PART>0.5</PART>
      <DELAY>1</DELAY>
    </SubCatchmentParameters>
    <SubCatchmentVegetationZone>
      <SubCatchmentVegetationZoneParameters>
        <TT>-0.15000023053972816</TT>
        <CFMAX>2.4593013731172468</CFMAX>
        <SP>0</SP>
        <SFCF>0.663850763210859</SFCF>
        <CFR>0.045790599704393767</CFR>
        <CWH>0.10000077715359483</CWH>
        <CFGlacier>1</CFGlacier>
        <CFSlope>1</CFSlope>
        <FC>115.27364575058039</FC>
        <LP>0.6469487900505243</LP>
        <BETA>2.7823782588212889</BETA>
      </SubCatchmentVegetationZoneParameters>
    </SubCatchmentVegetationZone>
  </SubCatchment>
</Catchment>