<?xml version="1.0" encoding="utf-8"?>
<Catchment xmlns:xsi="http://www.w3.org/2001/XMLSchema-instance" xmlns:xsd="http://www.w3.org/2001/XMLSchema">
  <CatchmentParameters>
    <KSI>0.001</KSI>
    <KGmin>0.05</KGmin>
    <RangeKG>0.1</RangeKG>
    <AG>0.1</AG>
    <PERC>4.69483608343578</PERC>
    <Alpha>0</Alpha>
    <UZL>188.71169183247125</UZL>
    <K0>0.89798974721752156</K0>
    <K1>0.16335326071851075</K1>
    <K2>0.055908648171547157</K2>
    <MAXBAS>1</MAXBAS>
    <Cet>0</Cet>
    <PCALT>10</PCALT>
    <TCALT>0.6</TCALT>
    <Pelev>601.5</Pelev>
    <Telev>601.5</Telev>
    <PART>0.5</PART>
    <DELAY>1</DELAY>
  </CatchmentParameters>
  <VegetationZone>
    <VegetationZoneParameters>
      <TT>-1.1999675636786016</TT>
      <CFMAX>2.0017870121467602</CFMAX>
      <SP>0</SP>
      <SFCF>0.92639705605370737</SFCF>
      <CFR>1.3954189825382603E-08</CFR>
      <CWH>0.10000017613624486</CWH>
      <CFGlacier>1</CFGlacier>
      <CFSlope>1</CFSlope>
      <FC>143.72494792747017</FC>
      <LP>0.66488105968784283</LP>
      <BETA>4.528897473312739</BETA>
    </VegetationZoneParameters>
  </VegetationZone>
  <SubCatchment>
    <SubCatchmentParameters>
      <KSI>0.001</KSI>
      <KGmin>0.05</KGmin>
      <RangeKG>0.1</RangeKG>
      <AG>0.1</AG>
      <PERC>4.69483608343578</PERC>
      <Alpha>0</Alpha>
      <UZL>188.71169183247125</UZL>
      <K0>0.89798974721752156</K0>
      <K1>0.16335326071851075</K1>
      <K2>0.055908648171547157</K2>
      <MAXBAS>1</MAXBAS>
      <Cet>0</Cet>
      <PCALT>10</PCALT>
      <TCALT>0.6</TCALT>
      <Pelev>601.5</Pelev>
      <Telev>601.5</Telev>
      <PART>0.5</PART>
      <DELAY>1</DELAY>
    </SubCatchmentParameters>
    <SubCatchmentVegetationZone>
      <SubCatchmentVegetationZoneParameters>
        <TT>-1.1999675636786016</TT>
        <CFMAX>2.0017870121467602</CFMAX>
        <SP>0</SP>
        <SFCF>0.92639705605370737</SFCF>
        <CFR>1.3954189825382603E-08</CFR>
        <CWH>0.10000017613624486</CWH>
        <CFGlacier>1</CFGlacier>
        <CFSlope>1</CFSlope>
        <FC>143.72494792747017</FC>
        <LP>0.66488105968784283</LP>
        <BETA>4.528897473312739</BETA>
      </SubCatchmentVegetationZoneParameters>
    </SubCatchmentVegetationZone>
  </SubCatchment>
</Catchment>