<?xml version="1.0" encoding="utf-8"?>
<Catchment xmlns:xsi="http://www.w3.org/2001/XMLSchema-instance" xmlns:xsd="http://www.w3.org/2001/XMLSchema">
  <CatchmentParameters>
    <KSI>0.001</KSI>
    <KGmin>0.05</KGmin>
    <RangeKG>0.1</RangeKG>
    <AG>0.1</AG>
    <PERC>7.7998173802667141</PERC>
    <Alpha>0</Alpha>
    <UZL>58.199996863364753</UZL>
    <K0>0.2456993168169814</K0>
    <K1>0.24695877751239365</K1>
    <K2>0.10021452524773231</K2>
    <MAXBAS>1.0004937007002392</MAXBAS>
    <Cet>0</Cet>
    <PCALT>10</PCALT>
    <TCALT>0.6</TCALT>
    <Pelev>601.5</Pelev>
    <Telev>601.5</Telev>
    <PART>0.5</PART>
    <DELAY>1</DELAY>
  </CatchmentParameters>
  <VegetationZone>
    <VegetationZoneParameters>
      <TT>0.61860033288481653</TT>
      <CFMAX>2.6122484715049628</CFMAX>
      <SP>0</SP>
      <SFCF>0.5456284405749362</SFCF>
      <CFR>0.018550747512052417</CFR>
      <CWH>0.10000003587633002</CWH>
      <CFGlacier>1</CFGlacier>
      <CFSlope>1</CFSlope>
      <FC>143.95856111805563</FC>
      <LP>0.74642644243062028</LP>
      <BETA>3.3477418538361143</BETA>
    </VegetationZoneParameters>
  </VegetationZone>
  <SubCatchment>
    <SubCatchmentParameters>
      <KSI>0.001</KSI>
      <KGmin>0.05</KGmin>
      <RangeKG>0.1</RangeKG>
      <AG>0.1</AG>
      <PERC>7.7998173802667141</PERC>
      <Alpha>0</Alpha>
      <UZL>58.199996863364753</UZL>
      <K0>0.2456993168169814</K0>
      <K1>0.24695877751239365</K1>
      <K2>0.10021452524773231</K2>
      <MAXBAS>1.0004937007002392</MAXBAS>
      <Cet>0</Cet>
      <PCALT>10</PCALT>
      <TCALT>0.6</TCALT>
      <Pelev>601.5</Pelev>
      <Telev>601.5</Telev>
      <PART>0.5</PART>
      <DELAY>1</DELAY>
    </SubCatchmentParameters>
    <SubCatchmentVegetationZone>
      <SubCatchmentVegetationZoneParameters>
        <TT>0.61860033288481653</TT>
        <CFMAX>2.6122484715049628</CFMAX>
        <SP>0</SP>
        <SFCF>0.5456284405749362</SFCF>
        <CFR>0.018550747512052417</CFR>
        <CWH>0.10000003587633002</CWH>
        <CFGlacier>1</CFGlacier>
        <CFSlope>1</CFSlope>
        <FC>143.95856111805563</FC>
        <LP>0.74642644243062028</LP>
        <BETA>3.3477418538361143</BETA>
      </SubCatchmentVegetationZoneParameters>
    </SubCatchmentVegetationZone>
  </SubCatchment>
</Catchment>