<?xml version="1.0" encoding="utf-8"?>
<Catchment xmlns:xsi="http://www.w3.org/2001/XMLSchema-instance" xmlns:xsd="http://www.w3.org/2001/XMLSchema">
  <CatchmentParameters>
    <KSI>0.001</KSI>
    <KGmin>0.05</KGmin>
    <RangeKG>0.1</RangeKG>
    <AG>0.1</AG>
    <PERC>9.5638253911320348</PERC>
    <Alpha>0</Alpha>
    <UZL>171.47482753560584</UZL>
    <K0>0.3295447306073151</K0>
    <K1>0.2244833636078962</K1>
    <K2>0.0833448592071943</K2>
    <MAXBAS>1.004985515707731</MAXBAS>
    <Cet>0</Cet>
    <PCALT>10</PCALT>
    <TCALT>0.6</TCALT>
    <Pelev>601.5</Pelev>
    <Telev>601.5</Telev>
    <PART>0.5</PART>
    <DELAY>1</DELAY>
  </CatchmentParameters>
  <VegetationZone>
    <VegetationZoneParameters>
      <TT>-0.729511385314487</TT>
      <CFMAX>2.2526790773360794</CFMAX>
      <SP>0</SP>
      <SFCF>0.7513434962820662</SFCF>
      <CFR>0.060749497716644368</CFR>
      <CWH>0.10000000002151757</CWH>
      <CFGlacier>1</CFGlacier>
      <CFSlope>1</CFSlope>
      <FC>144.14643315178529</FC>
      <LP>0.86114581664253731</LP>
      <BETA>4.6695281860855946</BETA>
    </VegetationZoneParameters>
  </VegetationZone>
  <SubCatchment>
    <SubCatchmentParameters>
      <KSI>0.001</KSI>
      <KGmin>0.05</KGmin>
      <RangeKG>0.1</RangeKG>
      <AG>0.1</AG>
      <PERC>9.5638253911320348</PERC>
      <Alpha>0</Alpha>
      <UZL>171.47482753560584</UZL>
      <K0>0.3295447306073151</K0>
      <K1>0.2244833636078962</K1>
      <K2>0.0833448592071943</K2>
      <MAXBAS>1.004985515707731</MAXBAS>
      <Cet>0</Cet>
      <PCALT>10</PCALT>
      <TCALT>0.6</TCALT>
      <Pelev>601.5</Pelev>
      <Telev>601.5</Telev>
      <PART>0.5</PART>
      <DELAY>1</DELAY>
    </SubCatchmentParameters>
    <SubCatchmentVegetationZone>
      <SubCatchmentVegetationZoneParameters>
        <TT>-0.729511385314487</TT>
        <CFMAX>2.2526790773360794</CFMAX>
        <SP>0</SP>
        <SFCF>0.7513434962820662</SFCF>
        <CFR>0.060749497716644368</CFR>
        <CWH>0.10000000002151757</CWH>
        <CFGlacier>1</CFGlacier>
        <CFSlope>1</CFSlope>
        <FC>144.14643315178529</FC>
        <LP>0.86114581664253731</LP>
        <BETA>4.6695281860855946</BETA>
      </SubCatchmentVegetationZoneParameters>
    </SubCatchmentVegetationZone>
  </SubCatchment>
</Catchment>