<?xml version="1.0" encoding="utf-8"?>
<Catchment xmlns:xsi="http://www.w3.org/2001/XMLSchema-instance" xmlns:xsd="http://www.w3.org/2001/XMLSchema">
  <CatchmentParameters>
    <KSI>0.001</KSI>
    <KGmin>0.05</KGmin>
    <RangeKG>0.1</RangeKG>
    <AG>0.1</AG>
    <PERC>7.1656740376809545</PERC>
    <Alpha>0</Alpha>
    <UZL>122.03933634149404</UZL>
    <K0>0.51746648114739968</K0>
    <K1>0.18176199290308681</K1>
    <K2>0.047485606223081005</K2>
    <MAXBAS>1.0048731792917758</MAXBAS>
    <Cet>0</Cet>
    <PCALT>10</PCALT>
    <TCALT>0.6</TCALT>
    <Pelev>601.5</Pelev>
    <Telev>601.5</Telev>
    <PART>0.5</PART>
    <DELAY>1</DELAY>
  </CatchmentParameters>
  <VegetationZone>
    <VegetationZoneParameters>
      <TT>-1.0093749154384708</TT>
      <CFMAX>2.2023719546108351</CFMAX>
      <SP>0</SP>
      <SFCF>0.93732730402200015</SFCF>
      <CFR>2.7003792179402645E-07</CFR>
      <CWH>0.10000027837131079</CWH>
      <CFGlacier>1</CFGlacier>
      <CFSlope>1</CFSlope>
      <FC>91.625938517887874</FC>
      <LP>0.79478171780898221</LP>
      <BETA>5.999997142630189</BETA>
    </VegetationZoneParameters>
  </VegetationZone>
  <SubCatchment>
    <SubCatchmentParameters>
      <KSI>0.001</KSI>
      <KGmin>0.05</KGmin>
      <RangeKG>0.1</RangeKG>
      <AG>0.1</AG>
      <PERC>7.1656740376809545</PERC>
      <Alpha>0</Alpha>
      <UZL>122.03933634149404</UZL>
      <K0>0.51746648114739968</K0>
      <K1>0.18176199290308681</K1>
      <K2>0.047485606223081005</K2>
      <MAXBAS>1.0048731792917758</MAXBAS>
      <Cet>0</Cet>
      <PCALT>10</PCALT>
      <TCALT>0.6</TCALT>
      <Pelev>601.5</Pelev>
      <Telev>601.5</Telev>
      <PART>0.5</PART>
      <DELAY>1</DELAY>
    </SubCatchmentParameters>
    <SubCatchmentVegetationZone>
      <SubCatchmentVegetationZoneParameters>
        <TT>-1.0093749154384708</TT>
        <CFMAX>2.2023719546108351</CFMAX>
        <SP>0</SP>
        <SFCF>0.93732730402200015</SFCF>
        <CFR>2.7003792179402645E-07</CFR>
        <CWH>0.10000027837131079</CWH>
        <CFGlacier>1</CFGlacier>
        <CFSlope>1</CFSlope>
        <FC>91.625938517887874</FC>
        <LP>0.79478171780898221</LP>
        <BETA>5.999997142630189</BETA>
      </SubCatchmentVegetationZoneParameters>
    </SubCatchmentVegetationZone>
  </SubCatchment>
</Catchment>