<?xml version="1.0" encoding="utf-8"?>
<Catchment xmlns:xsi="http://www.w3.org/2001/XMLSchema-instance" xmlns:xsd="http://www.w3.org/2001/XMLSchema">
  <CatchmentParameters>
    <KSI>0.001</KSI>
    <KGmin>0.05</KGmin>
    <RangeKG>0.1</RangeKG>
    <AG>0.1</AG>
    <PERC>8.662813148365796</PERC>
    <Alpha>0</Alpha>
    <UZL>195.75795095771761</UZL>
    <K0>0.090897285925514937</K0>
    <K1>0.21926746828956073</K1>
    <K2>0.081477350227202011</K2>
    <MAXBAS>1.0000496691388152</MAXBAS>
    <Cet>0</Cet>
    <PCALT>10</PCALT>
    <TCALT>0.6</TCALT>
    <Pelev>601.5</Pelev>
    <Telev>601.5</Telev>
    <PART>0.5</PART>
    <DELAY>1</DELAY>
  </CatchmentParameters>
  <VegetationZone>
    <VegetationZoneParameters>
      <TT>-0.24373458665889858</TT>
      <CFMAX>2.4790799242603567</CFMAX>
      <SP>0</SP>
      <SFCF>0.69049282805921353</SFCF>
      <CFR>0.044093736515736587</CFR>
      <CWH>0.10000000119365243</CWH>
      <CFGlacier>1</CFGlacier>
      <CFSlope>1</CFSlope>
      <FC>119.07685394270158</FC>
      <LP>0.67324974183642727</LP>
      <BETA>3.0071375966494824</BETA>
    </VegetationZoneParameters>
  </VegetationZone>
  <SubCatchment>
    <SubCatchmentParameters>
      <KSI>0.001</KSI>
      <KGmin>0.05</KGmin>
      <RangeKG>0.1</RangeKG>
      <AG>0.1</AG>
      <PERC>8.662813148365796</PERC>
      <Alpha>0</Alpha>
      <UZL>195.75795095771761</UZL>
      <K0>0.090897285925514937</K0>
      <K1>0.21926746828956073</K1>
      <K2>0.081477350227202011</K2>
      <MAXBAS>1.0000496691388152</MAXBAS>
      <Cet>0</Cet>
      <PCALT>10</PCALT>
      <TCALT>0.6</TCALT>
      <Pelev>601.5</Pelev>
      <Telev>601.5</Telev>
      <PART>0.5</PART>
      <DELAY>1</DELAY>
    </SubCatchmentParameters>
    <SubCatchmentVegetationZone>
      <SubCatchmentVegetationZoneParameters>
        <TT>-0.24373458665889858</TT>
        <CFMAX>2.4790799242603567</CFMAX>
        <SP>0</SP>
        <SFCF>0.69049282805921353</SFCF>
        <CFR>0.044093736515736587</CFR>
        <CWH>0.10000000119365243</CWH>
        <CFGlacier>1</CFGlacier>
        <CFSlope>1</CFSlope>
        <FC>119.07685394270158</FC>
        <LP>0.67324974183642727</LP>
        <BETA>3.0071375966494824</BETA>
      </SubCatchmentVegetationZoneParameters>
    </SubCatchmentVegetationZone>
  </SubCatchment>
</Catchment>