<?xml version="1.0" encoding="utf-8"?>
<Catchment xmlns:xsi="http://www.w3.org/2001/XMLSchema-instance" xmlns:xsd="http://www.w3.org/2001/XMLSchema">
  <CatchmentParameters>
    <KSI>0.001</KSI>
    <KGmin>0.05</KGmin>
    <RangeKG>0.1</RangeKG>
    <AG>0.1</AG>
    <PERC>8.88207636293954</PERC>
    <Alpha>0</Alpha>
    <UZL>107.33243232052345</UZL>
    <K0>0.248413290844777</K0>
    <K1>0.17063386365095096</K1>
    <K2>0.067176535394045431</K2>
    <MAXBAS>1.0049969166508355</MAXBAS>
    <Cet>0</Cet>
    <PCALT>10</PCALT>
    <TCALT>0.6</TCALT>
    <Pelev>601.5</Pelev>
    <Telev>601.5</Telev>
    <PART>0.5</PART>
    <DELAY>1</DELAY>
  </CatchmentParameters>
  <VegetationZone>
    <VegetationZoneParameters>
      <TT>-0.50000025471357634</TT>
      <CFMAX>2.781505684818077</CFMAX>
      <SP>0</SP>
      <SFCF>0.82919339065704334</SFCF>
      <CFR>0.049076686110086788</CFR>
      <CWH>0.10000009010953216</CWH>
      <CFGlacier>1</CFGlacier>
      <CFSlope>1</CFSlope>
      <FC>154.73860446373629</FC>
      <LP>0.83536766585429589</LP>
      <BETA>4.701989651320269</BETA>
    </VegetationZoneParameters>
  </VegetationZone>
  <SubCatchment>
    <SubCatchmentParameters>
      <KSI>0.001</KSI>
      <KGmin>0.05</KGmin>
      <RangeKG>0.1</RangeKG>
      <AG>0.1</AG>
      <PERC>8.88207636293954</PERC>
      <Alpha>0</Alpha>
      <UZL>107.33243232052345</UZL>
      <K0>0.248413290844777</K0>
      <K1>0.17063386365095096</K1>
      <K2>0.067176535394045431</K2>
      <MAXBAS>1.0049969166508355</MAXBAS>
      <Cet>0</Cet>
      <PCALT>10</PCALT>
      <TCALT>0.6</TCALT>
      <Pelev>601.5</Pelev>
      <Telev>601.5</Telev>
      <PART>0.5</PART>
      <DELAY>1</DELAY>
    </SubCatchmentParameters>
    <SubCatchmentVegetationZone>
      <SubCatchmentVegetationZoneParameters>
        <TT>-0.50000025471357634</TT>
        <CFMAX>2.781505684818077</CFMAX>
        <SP>0</SP>
        <SFCF>0.82919339065704334</SFCF>
        <CFR>0.049076686110086788</CFR>
        <CWH>0.10000009010953216</CWH>
        <CFGlacier>1</CFGlacier>
        <CFSlope>1</CFSlope>
        <FC>154.73860446373629</FC>
        <LP>0.83536766585429589</LP>
        <BETA>4.701989651320269</BETA>
      </SubCatchmentVegetationZoneParameters>
    </SubCatchmentVegetationZone>
  </SubCatchment>
</Catchment>