<?xml version="1.0" encoding="utf-8"?>
<Catchment xmlns:xsi="http://www.w3.org/2001/XMLSchema-instance" xmlns:xsd="http://www.w3.org/2001/XMLSchema">
  <CatchmentParameters>
    <KSI>0.001</KSI>
    <KGmin>0.05</KGmin>
    <RangeKG>0.1</RangeKG>
    <AG>0.1</AG>
    <PERC>7.77410348406174</PERC>
    <Alpha>0</Alpha>
    <UZL>140.43605147215075</UZL>
    <K0>0.33817498297290233</K0>
    <K1>0.1903123993729392</K1>
    <K2>0.062000128336402636</K2>
    <MAXBAS>1.0000264608625604</MAXBAS>
    <Cet>0</Cet>
    <PCALT>10</PCALT>
    <TCALT>0.6</TCALT>
    <Pelev>601.5</Pelev>
    <Telev>601.5</Telev>
    <PART>0.5</PART>
    <DELAY>1</DELAY>
  </CatchmentParameters>
  <VegetationZone>
    <VegetationZoneParameters>
      <TT>-0.5000011566499758</TT>
      <CFMAX>2.4946900398226264</CFMAX>
      <SP>0</SP>
      <SFCF>0.76433140352986</SFCF>
      <CFR>0.0555610603240425</CFR>
      <CWH>0.10477208293473761</CWH>
      <CFGlacier>1</CFGlacier>
      <CFSlope>1</CFSlope>
      <FC>95.8642998685724</FC>
      <LP>0.67303165757123717</LP>
      <BETA>3.5185461653493073</BETA>
    </VegetationZoneParameters>
  </VegetationZone>
  <SubCatchment>
    <SubCatchmentParameters>
      <KSI>0.001</KSI>
      <KGmin>0.05</KGmin>
      <RangeKG>0.1</RangeKG>
      <AG>0.1</AG>
      <PERC>7.77410348406174</PERC>
      <Alpha>0</Alpha>
      <UZL>140.43605147215075</UZL>
      <K0>0.33817498297290233</K0>
      <K1>0.1903123993729392</K1>
      <K2>0.062000128336402636</K2>
      <MAXBAS>1.0000264608625604</MAXBAS>
      <Cet>0</Cet>
      <PCALT>10</PCALT>
      <TCALT>0.6</TCALT>
      <Pelev>601.5</Pelev>
      <Telev>601.5</Telev>
      <PART>0.5</PART>
      <DELAY>1</DELAY>
    </SubCatchmentParameters>
    <SubCatchmentVegetationZone>
      <SubCatchmentVegetationZoneParameters>
        <TT>-0.5000011566499758</TT>
        <CFMAX>2.4946900398226264</CFMAX>
        <SP>0</SP>
        <SFCF>0.76433140352986</SFCF>
        <CFR>0.0555610603240425</CFR>
        <CWH>0.10477208293473761</CWH>
        <CFGlacier>1</CFGlacier>
        <CFSlope>1</CFSlope>
        <FC>95.8642998685724</FC>
        <LP>0.67303165757123717</LP>
        <BETA>3.5185461653493073</BETA>
      </SubCatchmentVegetationZoneParameters>
    </SubCatchmentVegetationZone>
  </SubCatchment>
</Catchment>