<?xml version="1.0" encoding="utf-8"?>
<Catchment xmlns:xsi="http://www.w3.org/2001/XMLSchema-instance" xmlns:xsd="http://www.w3.org/2001/XMLSchema">
  <CatchmentParameters>
    <KSI>0.001</KSI>
    <KGmin>0.05</KGmin>
    <RangeKG>0.1</RangeKG>
    <AG>0.1</AG>
    <PERC>4.8442200969234595</PERC>
    <Alpha>0</Alpha>
    <UZL>156.43116405801041</UZL>
    <K0>0.057700393577030037</K0>
    <K1>0.17547820012363821</K1>
    <K2>0.053590790834608694</K2>
    <MAXBAS>1.0000307715508008</MAXBAS>
    <Cet>0</Cet>
    <PCALT>10</PCALT>
    <TCALT>0.6</TCALT>
    <Pelev>601.5</Pelev>
    <Telev>601.5</Telev>
    <PART>0.5</PART>
    <DELAY>1</DELAY>
  </CatchmentParameters>
  <VegetationZone>
    <VegetationZoneParameters>
      <TT>-0.50000024606162785</TT>
      <CFMAX>2.3880510254307485</CFMAX>
      <SP>0</SP>
      <SFCF>0.73190776624229625</SFCF>
      <CFR>0.052876273999415378</CFR>
      <CWH>0.1000003504781357</CWH>
      <CFGlacier>1</CFGlacier>
      <CFSlope>1</CFSlope>
      <FC>106.09154275945991</FC>
      <LP>0.62014633840820421</LP>
      <BETA>2.8022596477686803</BETA>
    </VegetationZoneParameters>
  </VegetationZone>
  <SubCatchment>
    <SubCatchmentParameters>
      <KSI>0.001</KSI>
      <KGmin>0.05</KGmin>
      <RangeKG>0.1</RangeKG>
      <AG>0.1</AG>
      <PERC>4.8442200969234595</PERC>
      <Alpha>0</Alpha>
      <UZL>156.43116405801041</UZL>
      <K0>0.057700393577030037</K0>
      <K1>0.17547820012363821</K1>
      <K2>0.053590790834608694</K2>
      <MAXBAS>1.0000307715508008</MAXBAS>
      <Cet>0</Cet>
      <PCALT>10</PCALT>
      <TCALT>0.6</TCALT>
      <Pelev>601.5</Pelev>
      <Telev>601.5</Telev>
      <PART>0.5</PART>
      <DELAY>1</DELAY>
    </SubCatchmentParameters>
    <SubCatchmentVegetationZone>
      <SubCatchmentVegetationZoneParameters>
        <TT>-0.50000024606162785</TT>
        <CFMAX>2.3880510254307485</CFMAX>
        <SP>0</SP>
        <SFCF>0.73190776624229625</SFCF>
        <CFR>0.052876273999415378</CFR>
        <CWH>0.1000003504781357</CWH>
        <CFGlacier>1</CFGlacier>
        <CFSlope>1</CFSlope>
        <FC>106.09154275945991</FC>
        <LP>0.62014633840820421</LP>
        <BETA>2.8022596477686803</BETA>
      </SubCatchmentVegetationZoneParameters>
    </SubCatchmentVegetationZone>
  </SubCatchment>
</Catchment>