<?xml version="1.0" encoding="utf-8"?>
<Catchment xmlns:xsi="http://www.w3.org/2001/XMLSchema-instance" xmlns:xsd="http://www.w3.org/2001/XMLSchema">
  <CatchmentParameters>
    <KSI>0.001</KSI>
    <KGmin>0.05</KGmin>
    <RangeKG>0.1</RangeKG>
    <AG>0.1</AG>
    <PERC>5.6259662633576228</PERC>
    <Alpha>0</Alpha>
    <UZL>169.03125652667083</UZL>
    <K0>0.57031315513376235</K0>
    <K1>0.16249067169655554</K1>
    <K2>0.04572088716762189</K2>
    <MAXBAS>1.0000098634695247</MAXBAS>
    <Cet>0</Cet>
    <PCALT>10</PCALT>
    <TCALT>0.6</TCALT>
    <Pelev>601.5</Pelev>
    <Telev>601.5</Telev>
    <PART>0.5</PART>
    <DELAY>1</DELAY>
  </CatchmentParameters>
  <VegetationZone>
    <VegetationZoneParameters>
      <TT>-0.50001941611763034</TT>
      <CFMAX>2.5831600520784659</CFMAX>
      <SP>0</SP>
      <SFCF>0.748683325517066</SFCF>
      <CFR>0.0671129106450685</CFR>
      <CWH>0.13631620407780187</CWH>
      <CFGlacier>1</CFGlacier>
      <CFSlope>1</CFSlope>
      <FC>99.419439806541348</FC>
      <LP>0.77734101069142714</LP>
      <BETA>5.5418018139038541</BETA>
    </VegetationZoneParameters>
  </VegetationZone>
  <SubCatchment>
    <SubCatchmentParameters>
      <KSI>0.001</KSI>
      <KGmin>0.05</KGmin>
      <RangeKG>0.1</RangeKG>
      <AG>0.1</AG>
      <PERC>5.6259662633576228</PERC>
      <Alpha>0</Alpha>
      <UZL>169.03125652667083</UZL>
      <K0>0.57031315513376235</K0>
      <K1>0.16249067169655554</K1>
      <K2>0.04572088716762189</K2>
      <MAXBAS>1.0000098634695247</MAXBAS>
      <Cet>0</Cet>
      <PCALT>10</PCALT>
      <TCALT>0.6</TCALT>
      <Pelev>601.5</Pelev>
      <Telev>601.5</Telev>
      <PART>0.5</PART>
      <DELAY>1</DELAY>
    </SubCatchmentParameters>
    <SubCatchmentVegetationZone>
      <SubCatchmentVegetationZoneParameters>
        <TT>-0.50001941611763034</TT>
        <CFMAX>2.5831600520784659</CFMAX>
        <SP>0</SP>
        <SFCF>0.748683325517066</SFCF>
        <CFR>0.0671129106450685</CFR>
        <CWH>0.13631620407780187</CWH>
        <CFGlacier>1</CFGlacier>
        <CFSlope>1</CFSlope>
        <FC>99.419439806541348</FC>
        <LP>0.77734101069142714</LP>
        <BETA>5.5418018139038541</BETA>
      </SubCatchmentVegetationZoneParameters>
    </SubCatchmentVegetationZone>
  </SubCatchment>
</Catchment>