<?xml version="1.0" encoding="utf-8"?>
<Catchment xmlns:xsi="http://www.w3.org/2001/XMLSchema-instance" xmlns:xsd="http://www.w3.org/2001/XMLSchema">
  <CatchmentParameters>
    <KSI>0.001</KSI>
    <KGmin>0.05</KGmin>
    <RangeKG>0.1</RangeKG>
    <AG>0.1</AG>
    <PERC>6.8750851952243357</PERC>
    <Alpha>0</Alpha>
    <UZL>147.46514523328793</UZL>
    <K0>0.48955182454760582</K0>
    <K1>0.21275501506427805</K1>
    <K2>0.0904723660036692</K2>
    <MAXBAS>1.0000126445026769</MAXBAS>
    <Cet>0</Cet>
    <PCALT>10</PCALT>
    <TCALT>0.6</TCALT>
    <Pelev>601.5</Pelev>
    <Telev>601.5</Telev>
    <PART>0.5</PART>
    <DELAY>1</DELAY>
  </CatchmentParameters>
  <VegetationZone>
    <VegetationZoneParameters>
      <TT>-0.032700288248725326</TT>
      <CFMAX>2.3750384379920639</CFMAX>
      <SP>0</SP>
      <SFCF>0.57343361029510309</SFCF>
      <CFR>0.057556004483565258</CFR>
      <CWH>0.15363072593643445</CWH>
      <CFGlacier>1</CFGlacier>
      <CFSlope>1</CFSlope>
      <FC>182.43191478924243</FC>
      <LP>0.88631534999022266</LP>
      <BETA>4.5602844197013939</BETA>
    </VegetationZoneParameters>
  </VegetationZone>
  <SubCatchment>
    <SubCatchmentParameters>
      <KSI>0.001</KSI>
      <KGmin>0.05</KGmin>
      <RangeKG>0.1</RangeKG>
      <AG>0.1</AG>
      <PERC>6.8750851952243357</PERC>
      <Alpha>0</Alpha>
      <UZL>147.46514523328793</UZL>
      <K0>0.48955182454760582</K0>
      <K1>0.21275501506427805</K1>
      <K2>0.0904723660036692</K2>
      <MAXBAS>1.0000126445026769</MAXBAS>
      <Cet>0</Cet>
      <PCALT>10</PCALT>
      <TCALT>0.6</TCALT>
      <Pelev>601.5</Pelev>
      <Telev>601.5</Telev>
      <PART>0.5</PART>
      <DELAY>1</DELAY>
    </SubCatchmentParameters>
    <SubCatchmentVegetationZone>
      <SubCatchmentVegetationZoneParameters>
        <TT>-0.032700288248725326</TT>
        <CFMAX>2.3750384379920639</CFMAX>
        <SP>0</SP>
        <SFCF>0.57343361029510309</SFCF>
        <CFR>0.057556004483565258</CFR>
        <CWH>0.15363072593643445</CWH>
        <CFGlacier>1</CFGlacier>
        <CFSlope>1</CFSlope>
        <FC>182.43191478924243</FC>
        <LP>0.88631534999022266</LP>
        <BETA>4.5602844197013939</BETA>
      </SubCatchmentVegetationZoneParameters>
    </SubCatchmentVegetationZone>
  </SubCatchment>
</Catchment>