<?xml version="1.0" encoding="utf-8"?>
<Catchment xmlns:xsi="http://www.w3.org/2001/XMLSchema-instance" xmlns:xsd="http://www.w3.org/2001/XMLSchema">
  <CatchmentParameters>
    <KSI>0.001</KSI>
    <KGmin>0.05</KGmin>
    <RangeKG>0.1</RangeKG>
    <AG>0.1</AG>
    <PERC>8.4338975899512558</PERC>
    <Alpha>0</Alpha>
    <UZL>134.2509033813337</UZL>
    <K0>0.20029500290326838</K0>
    <K1>0.19379368297904445</K1>
    <K2>0.081412302381200133</K2>
    <MAXBAS>1.0049537118181398</MAXBAS>
    <Cet>0</Cet>
    <PCALT>10</PCALT>
    <TCALT>0.6</TCALT>
    <Pelev>601.5</Pelev>
    <Telev>601.5</Telev>
    <PART>0.5</PART>
    <DELAY>1</DELAY>
  </CatchmentParameters>
  <VegetationZone>
    <VegetationZoneParameters>
      <TT>-0.16395673137384434</TT>
      <CFMAX>2.6925213271116384</CFMAX>
      <SP>0</SP>
      <SFCF>0.72547356354089521</SFCF>
      <CFR>0.041509932479870844</CFR>
      <CWH>0.10000003221283403</CWH>
      <CFGlacier>1</CFGlacier>
      <CFSlope>1</CFSlope>
      <FC>115.73791854396463</FC>
      <LP>0.79088913211859913</LP>
      <BETA>3.8506045024180331</BETA>
    </VegetationZoneParameters>
  </VegetationZone>
  <SubCatchment>
    <SubCatchmentParameters>
      <KSI>0.001</KSI>
      <KGmin>0.05</KGmin>
      <RangeKG>0.1</RangeKG>
      <AG>0.1</AG>
      <PERC>8.4338975899512558</PERC>
      <Alpha>0</Alpha>
      <UZL>134.2509033813337</UZL>
      <K0>0.20029500290326838</K0>
      <K1>0.19379368297904445</K1>
      <K2>0.081412302381200133</K2>
      <MAXBAS>1.0049537118181398</MAXBAS>
      <Cet>0</Cet>
      <PCALT>10</PCALT>
      <TCALT>0.6</TCALT>
      <Pelev>601.5</Pelev>
      <Telev>601.5</Telev>
      <PART>0.5</PART>
      <DELAY>1</DELAY>
    </SubCatchmentParameters>
    <SubCatchmentVegetationZone>
      <SubCatchmentVegetationZoneParameters>
        <TT>-0.16395673137384434</TT>
        <CFMAX>2.6925213271116384</CFMAX>
        <SP>0</SP>
        <SFCF>0.72547356354089521</SFCF>
        <CFR>0.041509932479870844</CFR>
        <CWH>0.10000003221283403</CWH>
        <CFGlacier>1</CFGlacier>
        <CFSlope>1</CFSlope>
        <FC>115.73791854396463</FC>
        <LP>0.79088913211859913</LP>
        <BETA>3.8506045024180331</BETA>
      </SubCatchmentVegetationZoneParameters>
    </SubCatchmentVegetationZone>
  </SubCatchment>
</Catchment>