<?xml version="1.0" encoding="utf-8"?>
<Catchment xmlns:xsi="http://www.w3.org/2001/XMLSchema-instance" xmlns:xsd="http://www.w3.org/2001/XMLSchema">
  <CatchmentParameters>
    <KSI>0.001</KSI>
    <KGmin>0.05</KGmin>
    <RangeKG>0.1</RangeKG>
    <AG>0.1</AG>
    <PERC>5.4214423014595337</PERC>
    <Alpha>0</Alpha>
    <UZL>112.81735165706577</UZL>
    <K0>0.10908823064220155</K0>
    <K1>0.16762251536195197</K1>
    <K2>0.053959579390644184</K2>
    <MAXBAS>1</MAXBAS>
    <Cet>0</Cet>
    <PCALT>10</PCALT>
    <TCALT>0.6</TCALT>
    <Pelev>601.5</Pelev>
    <Telev>601.5</Telev>
    <PART>0.5</PART>
    <DELAY>1</DELAY>
  </CatchmentParameters>
  <VegetationZone>
    <VegetationZoneParameters>
      <TT>-0.84999728100283456</TT>
      <CFMAX>2.2609693111048106</CFMAX>
      <SP>0</SP>
      <SFCF>0.90663005231901284</SFCF>
      <CFR>5.5624416859625339E-09</CFR>
      <CWH>0.10000007802282421</CWH>
      <CFGlacier>1</CFGlacier>
      <CFSlope>1</CFSlope>
      <FC>136.01052011160684</FC>
      <LP>0.73534454926526249</LP>
      <BETA>5.5489184268576617</BETA>
    </VegetationZoneParameters>
  </VegetationZone>
  <SubCatchment>
    <SubCatchmentParameters>
      <KSI>0.001</KSI>
      <KGmin>0.05</KGmin>
      <RangeKG>0.1</RangeKG>
      <AG>0.1</AG>
      <PERC>5.4214423014595337</PERC>
      <Alpha>0</Alpha>
      <UZL>112.81735165706577</UZL>
      <K0>0.10908823064220155</K0>
      <K1>0.16762251536195197</K1>
      <K2>0.053959579390644184</K2>
      <MAXBAS>1</MAXBAS>
      <Cet>0</Cet>
      <PCALT>10</PCALT>
      <TCALT>0.6</TCALT>
      <Pelev>601.5</Pelev>
      <Telev>601.5</Telev>
      <PART>0.5</PART>
      <DELAY>1</DELAY>
    </SubCatchmentParameters>
    <SubCatchmentVegetationZone>
      <SubCatchmentVegetationZoneParameters>
        <TT>-0.84999728100283456</TT>
        <CFMAX>2.2609693111048106</CFMAX>
        <SP>0</SP>
        <SFCF>0.90663005231901284</SFCF>
        <CFR>5.5624416859625339E-09</CFR>
        <CWH>0.10000007802282421</CWH>
        <CFGlacier>1</CFGlacier>
        <CFSlope>1</CFSlope>
        <FC>136.01052011160684</FC>
        <LP>0.73534454926526249</LP>
        <BETA>5.5489184268576617</BETA>
      </SubCatchmentVegetationZoneParameters>
    </SubCatchmentVegetationZone>
  </SubCatchment>
</Catchment>