<?xml version="1.0" encoding="utf-8"?>
<Catchment xmlns:xsi="http://www.w3.org/2001/XMLSchema-instance" xmlns:xsd="http://www.w3.org/2001/XMLSchema">
  <CatchmentParameters>
    <KSI>0.001</KSI>
    <KGmin>0.05</KGmin>
    <RangeKG>0.1</RangeKG>
    <AG>0.1</AG>
    <PERC>3.56521840432163</PERC>
    <Alpha>0</Alpha>
    <UZL>68.3923736742753</UZL>
    <K0>0.33851253052809216</K0>
    <K1>0.11310689970762416</K1>
    <K2>0.049631274612607947</K2>
    <MAXBAS>1</MAXBAS>
    <Cet>0</Cet>
    <PCALT>10</PCALT>
    <TCALT>0.6</TCALT>
    <Pelev>601.5</Pelev>
    <Telev>601.5</Telev>
    <PART>0.5</PART>
    <DELAY>1</DELAY>
  </CatchmentParameters>
  <VegetationZone>
    <VegetationZoneParameters>
      <TT>-2.0665759119996316</TT>
      <CFMAX>1.6443608215134904</CFMAX>
      <SP>0</SP>
      <SFCF>0.95170356585085025</SFCF>
      <CFR>0.074438764489021939</CFR>
      <CWH>0.10000000031265967</CWH>
      <CFGlacier>1</CFGlacier>
      <CFSlope>1</CFSlope>
      <FC>144.3351780100048</FC>
      <LP>0.71144745557424294</LP>
      <BETA>5.9999940281108266</BETA>
    </VegetationZoneParameters>
  </VegetationZone>
  <SubCatchment>
    <SubCatchmentParameters>
      <KSI>0.001</KSI>
      <KGmin>0.05</KGmin>
      <RangeKG>0.1</RangeKG>
      <AG>0.1</AG>
      <PERC>3.56521840432163</PERC>
      <Alpha>0</Alpha>
      <UZL>68.3923736742753</UZL>
      <K0>0.33851253052809216</K0>
      <K1>0.11310689970762416</K1>
      <K2>0.049631274612607947</K2>
      <MAXBAS>1</MAXBAS>
      <Cet>0</Cet>
      <PCALT>10</PCALT>
      <TCALT>0.6</TCALT>
      <Pelev>601.5</Pelev>
      <Telev>601.5</Telev>
      <PART>0.5</PART>
      <DELAY>1</DELAY>
    </SubCatchmentParameters>
    <SubCatchmentVegetationZone>
      <SubCatchmentVegetationZoneParameters>
        <TT>-2.0665759119996316</TT>
        <CFMAX>1.6443608215134904</CFMAX>
        <SP>0</SP>
        <SFCF>0.95170356585085025</SFCF>
        <CFR>0.074438764489021939</CFR>
        <CWH>0.10000000031265967</CWH>
        <CFGlacier>1</CFGlacier>
        <CFSlope>1</CFSlope>
        <FC>144.3351780100048</FC>
        <LP>0.71144745557424294</LP>
        <BETA>5.9999940281108266</BETA>
      </SubCatchmentVegetationZoneParameters>
    </SubCatchmentVegetationZone>
  </SubCatchment>
</Catchment>