<?xml version="1.0" encoding="utf-8"?>
<Catchment xmlns:xsi="http://www.w3.org/2001/XMLSchema-instance" xmlns:xsd="http://www.w3.org/2001/XMLSchema">
  <CatchmentParameters>
    <KSI>0.001</KSI>
    <KGmin>0.05</KGmin>
    <RangeKG>0.1</RangeKG>
    <AG>0.1</AG>
    <PERC>3.26828792314224</PERC>
    <Alpha>0</Alpha>
    <UZL>76.0566894452695</UZL>
    <K0>0.33092578350810259</K0>
    <K1>0.11414232813684734</K1>
    <K2>0.045405525429920268</K2>
    <MAXBAS>1</MAXBAS>
    <Cet>0</Cet>
    <PCALT>10</PCALT>
    <TCALT>0.6</TCALT>
    <Pelev>601.5</Pelev>
    <Telev>601.5</Telev>
    <PART>0.5</PART>
    <DELAY>1</DELAY>
  </CatchmentParameters>
  <VegetationZone>
    <VegetationZoneParameters>
      <TT>-1.8500016435912032</TT>
      <CFMAX>1.8050995573235666</CFMAX>
      <SP>0</SP>
      <SFCF>0.958893986811543</SFCF>
      <CFR>0.058127162273258121</CFR>
      <CWH>0.1000000031411956</CWH>
      <CFGlacier>1</CFGlacier>
      <CFSlope>1</CFSlope>
      <FC>108.04866209927053</FC>
      <LP>0.51097972422243121</LP>
      <BETA>4.1346413101739641</BETA>
    </VegetationZoneParameters>
  </VegetationZone>
  <SubCatchment>
    <SubCatchmentParameters>
      <KSI>0.001</KSI>
      <KGmin>0.05</KGmin>
      <RangeKG>0.1</RangeKG>
      <AG>0.1</AG>
      <PERC>3.26828792314224</PERC>
      <Alpha>0</Alpha>
      <UZL>76.0566894452695</UZL>
      <K0>0.33092578350810259</K0>
      <K1>0.11414232813684734</K1>
      <K2>0.045405525429920268</K2>
      <MAXBAS>1</MAXBAS>
      <Cet>0</Cet>
      <PCALT>10</PCALT>
      <TCALT>0.6</TCALT>
      <Pelev>601.5</Pelev>
      <Telev>601.5</Telev>
      <PART>0.5</PART>
      <DELAY>1</DELAY>
    </SubCatchmentParameters>
    <SubCatchmentVegetationZone>
      <SubCatchmentVegetationZoneParameters>
        <TT>-1.8500016435912032</TT>
        <CFMAX>1.8050995573235666</CFMAX>
        <SP>0</SP>
        <SFCF>0.958893986811543</SFCF>
        <CFR>0.058127162273258121</CFR>
        <CWH>0.1000000031411956</CWH>
        <CFGlacier>1</CFGlacier>
        <CFSlope>1</CFSlope>
        <FC>108.04866209927053</FC>
        <LP>0.51097972422243121</LP>
        <BETA>4.1346413101739641</BETA>
      </SubCatchmentVegetationZoneParameters>
    </SubCatchmentVegetationZone>
  </SubCatchment>
</Catchment>