<?xml version="1.0" encoding="utf-8"?>
<Catchment xmlns:xsi="http://www.w3.org/2001/XMLSchema-instance" xmlns:xsd="http://www.w3.org/2001/XMLSchema">
  <CatchmentParameters>
    <KSI>0.001</KSI>
    <KGmin>0.05</KGmin>
    <RangeKG>0.1</RangeKG>
    <AG>0.1</AG>
    <PERC>5.4634677460424648</PERC>
    <Alpha>0</Alpha>
    <UZL>99.701404122530562</UZL>
    <K0>0.0611859923444253</K0>
    <K1>0.18778937031523132</K1>
    <K2>0.057338133964460913</K2>
    <MAXBAS>1.0000217793912793</MAXBAS>
    <Cet>0</Cet>
    <PCALT>10</PCALT>
    <TCALT>0.6</TCALT>
    <Pelev>601.5</Pelev>
    <Telev>601.5</Telev>
    <PART>0.5</PART>
    <DELAY>1</DELAY>
  </CatchmentParameters>
  <VegetationZone>
    <VegetationZoneParameters>
      <TT>-0.9451895482885031</TT>
      <CFMAX>2.0928806873788552</CFMAX>
      <SP>0</SP>
      <SFCF>0.74746407331091147</SFCF>
      <CFR>0.0725646481203561</CFR>
      <CWH>0.1049102549582787</CWH>
      <CFGlacier>1</CFGlacier>
      <CFSlope>1</CFSlope>
      <FC>99.045112054281546</FC>
      <LP>0.59845718860103125</LP>
      <BETA>2.6701252339576969</BETA>
    </VegetationZoneParameters>
  </VegetationZone>
  <SubCatchment>
    <SubCatchmentParameters>
      <KSI>0.001</KSI>
      <KGmin>0.05</KGmin>
      <RangeKG>0.1</RangeKG>
      <AG>0.1</AG>
      <PERC>5.4634677460424648</PERC>
      <Alpha>0</Alpha>
      <UZL>99.701404122530562</UZL>
      <K0>0.0611859923444253</K0>
      <K1>0.18778937031523132</K1>
      <K2>0.057338133964460913</K2>
      <MAXBAS>1.0000217793912793</MAXBAS>
      <Cet>0</Cet>
      <PCALT>10</PCALT>
      <TCALT>0.6</TCALT>
      <Pelev>601.5</Pelev>
      <Telev>601.5</Telev>
      <PART>0.5</PART>
      <DELAY>1</DELAY>
    </SubCatchmentParameters>
    <SubCatchmentVegetationZone>
      <SubCatchmentVegetationZoneParameters>
        <TT>-0.9451895482885031</TT>
        <CFMAX>2.0928806873788552</CFMAX>
        <SP>0</SP>
        <SFCF>0.74746407331091147</SFCF>
        <CFR>0.0725646481203561</CFR>
        <CWH>0.1049102549582787</CWH>
        <CFGlacier>1</CFGlacier>
        <CFSlope>1</CFSlope>
        <FC>99.045112054281546</FC>
        <LP>0.59845718860103125</LP>
        <BETA>2.6701252339576969</BETA>
      </SubCatchmentVegetationZoneParameters>
    </SubCatchmentVegetationZone>
  </SubCatchment>
</Catchment>