<?xml version="1.0" encoding="utf-8"?>
<Catchment xmlns:xsi="http://www.w3.org/2001/XMLSchema-instance" xmlns:xsd="http://www.w3.org/2001/XMLSchema">
  <CatchmentParameters>
    <KSI>0.001</KSI>
    <KGmin>0.05</KGmin>
    <RangeKG>0.1</RangeKG>
    <AG>0.1</AG>
    <PERC>8.1443992030966221</PERC>
    <Alpha>0</Alpha>
    <UZL>168.78949383581426</UZL>
    <K0>0.18872575162700622</K0>
    <K1>0.19314647423499975</K1>
    <K2>0.06710459319906488</K2>
    <MAXBAS>1.00487087854696</MAXBAS>
    <Cet>0</Cet>
    <PCALT>10</PCALT>
    <TCALT>0.6</TCALT>
    <Pelev>601.5</Pelev>
    <Telev>601.5</Telev>
    <PART>0.5</PART>
    <DELAY>1</DELAY>
  </CatchmentParameters>
  <VegetationZone>
    <VegetationZoneParameters>
      <TT>-0.50000303774046206</TT>
      <CFMAX>2.5129641232448932</CFMAX>
      <SP>0</SP>
      <SFCF>0.78832151050769106</SFCF>
      <CFR>0.04462466315877963</CFR>
      <CWH>0.10000007212443153</CWH>
      <CFGlacier>1</CFGlacier>
      <CFSlope>1</CFSlope>
      <FC>111.72927981165111</FC>
      <LP>0.77060284451337968</LP>
      <BETA>4.2106008581747387</BETA>
    </VegetationZoneParameters>
  </VegetationZone>
  <SubCatchment>
    <SubCatchmentParameters>
      <KSI>0.001</KSI>
      <KGmin>0.05</KGmin>
      <RangeKG>0.1</RangeKG>
      <AG>0.1</AG>
      <PERC>8.1443992030966221</PERC>
      <Alpha>0</Alpha>
      <UZL>168.78949383581426</UZL>
      <K0>0.18872575162700622</K0>
      <K1>0.19314647423499975</K1>
      <K2>0.06710459319906488</K2>
      <MAXBAS>1.00487087854696</MAXBAS>
      <Cet>0</Cet>
      <PCALT>10</PCALT>
      <TCALT>0.6</TCALT>
      <Pelev>601.5</Pelev>
      <Telev>601.5</Telev>
      <PART>0.5</PART>
      <DELAY>1</DELAY>
    </SubCatchmentParameters>
    <SubCatchmentVegetationZone>
      <SubCatchmentVegetationZoneParameters>
        <TT>-0.50000303774046206</TT>
        <CFMAX>2.5129641232448932</CFMAX>
        <SP>0</SP>
        <SFCF>0.78832151050769106</SFCF>
        <CFR>0.04462466315877963</CFR>
        <CWH>0.10000007212443153</CWH>
        <CFGlacier>1</CFGlacier>
        <CFSlope>1</CFSlope>
        <FC>111.72927981165111</FC>
        <LP>0.77060284451337968</LP>
        <BETA>4.2106008581747387</BETA>
      </SubCatchmentVegetationZoneParameters>
    </SubCatchmentVegetationZone>
  </SubCatchment>
</Catchment>