<?xml version="1.0" encoding="utf-8"?>
<Catchment xmlns:xsi="http://www.w3.org/2001/XMLSchema-instance" xmlns:xsd="http://www.w3.org/2001/XMLSchema">
  <CatchmentParameters>
    <KSI>0.001</KSI>
    <KGmin>0.05</KGmin>
    <RangeKG>0.1</RangeKG>
    <AG>0.1</AG>
    <PERC>7.999446415282768</PERC>
    <Alpha>0</Alpha>
    <UZL>152.16057703466368</UZL>
    <K0>0.43139174925955287</K0>
    <K1>0.247657632519338</K1>
    <K2>0.10274276388856272</K2>
    <MAXBAS>1.00804354203584</MAXBAS>
    <Cet>0</Cet>
    <PCALT>10</PCALT>
    <TCALT>0.6</TCALT>
    <Pelev>601.5</Pelev>
    <Telev>601.5</Telev>
    <PART>0.5</PART>
    <DELAY>1</DELAY>
  </CatchmentParameters>
  <VegetationZone>
    <VegetationZoneParameters>
      <TT>-0.38096771932024559</TT>
      <CFMAX>1.9914045148344077</CFMAX>
      <SP>0</SP>
      <SFCF>0.5746880444335174</SFCF>
      <CFR>0.0678012219098086</CFR>
      <CWH>0.1288409048330432</CWH>
      <CFGlacier>1</CFGlacier>
      <CFSlope>1</CFSlope>
      <FC>162.90026537584015</FC>
      <LP>0.78747872593730639</LP>
      <BETA>3.6377129294225368</BETA>
    </VegetationZoneParameters>
  </VegetationZone>
  <SubCatchment>
    <SubCatchmentParameters>
      <KSI>0.001</KSI>
      <KGmin>0.05</KGmin>
      <RangeKG>0.1</RangeKG>
      <AG>0.1</AG>
      <PERC>7.999446415282768</PERC>
      <Alpha>0</Alpha>
      <UZL>152.16057703466368</UZL>
      <K0>0.43139174925955287</K0>
      <K1>0.247657632519338</K1>
      <K2>0.10274276388856272</K2>
      <MAXBAS>1.00804354203584</MAXBAS>
      <Cet>0</Cet>
      <PCALT>10</PCALT>
      <TCALT>0.6</TCALT>
      <Pelev>601.5</Pelev>
      <Telev>601.5</Telev>
      <PART>0.5</PART>
      <DELAY>1</DELAY>
    </SubCatchmentParameters>
    <SubCatchmentVegetationZone>
      <SubCatchmentVegetationZoneParameters>
        <TT>-0.38096771932024559</TT>
        <CFMAX>1.9914045148344077</CFMAX>
        <SP>0</SP>
        <SFCF>0.5746880444335174</SFCF>
        <CFR>0.0678012219098086</CFR>
        <CWH>0.1288409048330432</CWH>
        <CFGlacier>1</CFGlacier>
        <CFSlope>1</CFSlope>
        <FC>162.90026537584015</FC>
        <LP>0.78747872593730639</LP>
        <BETA>3.6377129294225368</BETA>
      </SubCatchmentVegetationZoneParameters>
    </SubCatchmentVegetationZone>
  </SubCatchment>
</Catchment>