<?xml version="1.0" encoding="utf-8"?>
<Catchment xmlns:xsi="http://www.w3.org/2001/XMLSchema-instance" xmlns:xsd="http://www.w3.org/2001/XMLSchema">
  <CatchmentParameters>
    <KSI>0.001</KSI>
    <KGmin>0.05</KGmin>
    <RangeKG>0.1</RangeKG>
    <AG>0.1</AG>
    <PERC>4.9507482643509739</PERC>
    <Alpha>0</Alpha>
    <UZL>67.4491699194403</UZL>
    <K0>0.18637173387205264</K0>
    <K1>0.19560688977983334</K1>
    <K2>0.067907120773192484</K2>
    <MAXBAS>1.0000105104885684</MAXBAS>
    <Cet>0</Cet>
    <PCALT>10</PCALT>
    <TCALT>0.6</TCALT>
    <Pelev>601.5</Pelev>
    <Telev>601.5</Telev>
    <PART>0.5</PART>
    <DELAY>1</DELAY>
  </CatchmentParameters>
  <VegetationZone>
    <VegetationZoneParameters>
      <TT>-0.50556132801504838</TT>
      <CFMAX>2.0460526294638206</CFMAX>
      <SP>0</SP>
      <SFCF>0.65765077018842255</SFCF>
      <CFR>0.048520231075676636</CFR>
      <CWH>0.10000079048583276</CWH>
      <CFGlacier>1</CFGlacier>
      <CFSlope>1</CFSlope>
      <FC>182.68625230346552</FC>
      <LP>0.91732949127345176</LP>
      <BETA>5.1058900253193222</BETA>
    </VegetationZoneParameters>
  </VegetationZone>
  <SubCatchment>
    <SubCatchmentParameters>
      <KSI>0.001</KSI>
      <KGmin>0.05</KGmin>
      <RangeKG>0.1</RangeKG>
      <AG>0.1</AG>
      <PERC>4.9507482643509739</PERC>
      <Alpha>0</Alpha>
      <UZL>67.4491699194403</UZL>
      <K0>0.18637173387205264</K0>
      <K1>0.19560688977983334</K1>
      <K2>0.067907120773192484</K2>
      <MAXBAS>1.0000105104885684</MAXBAS>
      <Cet>0</Cet>
      <PCALT>10</PCALT>
      <TCALT>0.6</TCALT>
      <Pelev>601.5</Pelev>
      <Telev>601.5</Telev>
      <PART>0.5</PART>
      <DELAY>1</DELAY>
    </SubCatchmentParameters>
    <SubCatchmentVegetationZone>
      <SubCatchmentVegetationZoneParameters>
        <TT>-0.50556132801504838</TT>
        <CFMAX>2.0460526294638206</CFMAX>
        <SP>0</SP>
        <SFCF>0.65765077018842255</SFCF>
        <CFR>0.048520231075676636</CFR>
        <CWH>0.10000079048583276</CWH>
        <CFGlacier>1</CFGlacier>
        <CFSlope>1</CFSlope>
        <FC>182.68625230346552</FC>
        <LP>0.91732949127345176</LP>
        <BETA>5.1058900253193222</BETA>
      </SubCatchmentVegetationZoneParameters>
    </SubCatchmentVegetationZone>
  </SubCatchment>
</Catchment>