<?xml version="1.0" encoding="utf-8"?>
<Catchment xmlns:xsi="http://www.w3.org/2001/XMLSchema-instance" xmlns:xsd="http://www.w3.org/2001/XMLSchema">
  <CatchmentParameters>
    <KSI>0.001</KSI>
    <KGmin>0.05</KGmin>
    <RangeKG>0.1</RangeKG>
    <AG>0.1</AG>
    <PERC>4.5670095412596936</PERC>
    <Alpha>0</Alpha>
    <UZL>134.46542614843355</UZL>
    <K0>0.37471346179928056</K0>
    <K1>0.15884393170595168</K1>
    <K2>0.04804151256872214</K2>
    <MAXBAS>1</MAXBAS>
    <Cet>0</Cet>
    <PCALT>10</PCALT>
    <TCALT>0.6</TCALT>
    <Pelev>601.5</Pelev>
    <Telev>601.5</Telev>
    <PART>0.5</PART>
    <DELAY>1</DELAY>
  </CatchmentParameters>
  <VegetationZone>
    <VegetationZoneParameters>
      <TT>-0.51505948535001356</TT>
      <CFMAX>2.4109770550039946</CFMAX>
      <SP>0</SP>
      <SFCF>0.8701638753578772</SFCF>
      <CFR>1.9725326224549034E-09</CFR>
      <CWH>0.10000011210761765</CWH>
      <CFGlacier>1</CFGlacier>
      <CFSlope>1</CFSlope>
      <FC>101.69252064142577</FC>
      <LP>0.71699186663114389</LP>
      <BETA>5.99994332230336</BETA>
    </VegetationZoneParameters>
  </VegetationZone>
  <SubCatchment>
    <SubCatchmentParameters>
      <KSI>0.001</KSI>
      <KGmin>0.05</KGmin>
      <RangeKG>0.1</RangeKG>
      <AG>0.1</AG>
      <PERC>4.5670095412596936</PERC>
      <Alpha>0</Alpha>
      <UZL>134.46542614843355</UZL>
      <K0>0.37471346179928056</K0>
      <K1>0.15884393170595168</K1>
      <K2>0.04804151256872214</K2>
      <MAXBAS>1</MAXBAS>
      <Cet>0</Cet>
      <PCALT>10</PCALT>
      <TCALT>0.6</TCALT>
      <Pelev>601.5</Pelev>
      <Telev>601.5</Telev>
      <PART>0.5</PART>
      <DELAY>1</DELAY>
    </SubCatchmentParameters>
    <SubCatchmentVegetationZone>
      <SubCatchmentVegetationZoneParameters>
        <TT>-0.51505948535001356</TT>
        <CFMAX>2.4109770550039946</CFMAX>
        <SP>0</SP>
        <SFCF>0.8701638753578772</SFCF>
        <CFR>1.9725326224549034E-09</CFR>
        <CWH>0.10000011210761765</CWH>
        <CFGlacier>1</CFGlacier>
        <CFSlope>1</CFSlope>
        <FC>101.69252064142577</FC>
        <LP>0.71699186663114389</LP>
        <BETA>5.99994332230336</BETA>
      </SubCatchmentVegetationZoneParameters>
    </SubCatchmentVegetationZone>
  </SubCatchment>
</Catchment>