<?xml version="1.0" encoding="utf-8"?>
<Catchment xmlns:xsi="http://www.w3.org/2001/XMLSchema-instance" xmlns:xsd="http://www.w3.org/2001/XMLSchema">
  <CatchmentParameters>
    <KSI>0.001</KSI>
    <KGmin>0.05</KGmin>
    <RangeKG>0.1</RangeKG>
    <AG>0.1</AG>
    <PERC>8.5756024610389243</PERC>
    <Alpha>0</Alpha>
    <UZL>135.69871372916893</UZL>
    <K0>0.33882254994507494</K0>
    <K1>0.28906968651811321</K1>
    <K2>0.097134846070619271</K2>
    <MAXBAS>1.1807652159302788</MAXBAS>
    <Cet>0</Cet>
    <PCALT>10</PCALT>
    <TCALT>0.6</TCALT>
    <Pelev>601.5</Pelev>
    <Telev>601.5</Telev>
    <PART>0.5</PART>
    <DELAY>1</DELAY>
  </CatchmentParameters>
  <VegetationZone>
    <VegetationZoneParameters>
      <TT>-0.50000379055945821</TT>
      <CFMAX>1.8099524586939118</CFMAX>
      <SP>0</SP>
      <SFCF>0.67333147980262775</SFCF>
      <CFR>0.0013793948920993986</CFR>
      <CWH>0.10000000013869216</CWH>
      <CFGlacier>1</CFGlacier>
      <CFSlope>1</CFSlope>
      <FC>156.94588213569838</FC>
      <LP>0.775624793454569</LP>
      <BETA>3.4447585759920578</BETA>
    </VegetationZoneParameters>
  </VegetationZone>
  <SubCatchment>
    <SubCatchmentParameters>
      <KSI>0.001</KSI>
      <KGmin>0.05</KGmin>
      <RangeKG>0.1</RangeKG>
      <AG>0.1</AG>
      <PERC>8.5756024610389243</PERC>
      <Alpha>0</Alpha>
      <UZL>135.69871372916893</UZL>
      <K0>0.33882254994507494</K0>
      <K1>0.28906968651811321</K1>
      <K2>0.097134846070619271</K2>
      <MAXBAS>1.1807652159302788</MAXBAS>
      <Cet>0</Cet>
      <PCALT>10</PCALT>
      <TCALT>0.6</TCALT>
      <Pelev>601.5</Pelev>
      <Telev>601.5</Telev>
      <PART>0.5</PART>
      <DELAY>1</DELAY>
    </SubCatchmentParameters>
    <SubCatchmentVegetationZone>
      <SubCatchmentVegetationZoneParameters>
        <TT>-0.50000379055945821</TT>
        <CFMAX>1.8099524586939118</CFMAX>
        <SP>0</SP>
        <SFCF>0.67333147980262775</SFCF>
        <CFR>0.0013793948920993986</CFR>
        <CWH>0.10000000013869216</CWH>
        <CFGlacier>1</CFGlacier>
        <CFSlope>1</CFSlope>
        <FC>156.94588213569838</FC>
        <LP>0.775624793454569</LP>
        <BETA>3.4447585759920578</BETA>
      </SubCatchmentVegetationZoneParameters>
    </SubCatchmentVegetationZone>
  </SubCatchment>
</Catchment>