<?xml version="1.0" encoding="utf-8"?>
<Catchment xmlns:xsi="http://www.w3.org/2001/XMLSchema-instance" xmlns:xsd="http://www.w3.org/2001/XMLSchema">
  <CatchmentParameters>
    <KSI>0.001</KSI>
    <KGmin>0.05</KGmin>
    <RangeKG>0.1</RangeKG>
    <AG>0.1</AG>
    <PERC>5.2139788973638614</PERC>
    <Alpha>0</Alpha>
    <UZL>153.79340261742718</UZL>
    <K0>0.074125221126062235</K0>
    <K1>0.16666736038183169</K1>
    <K2>0.04061572713171524</K2>
    <MAXBAS>1.0000462469568385</MAXBAS>
    <Cet>0</Cet>
    <PCALT>10</PCALT>
    <TCALT>0.6</TCALT>
    <Pelev>601.5</Pelev>
    <Telev>601.5</Telev>
    <PART>0.5</PART>
    <DELAY>1</DELAY>
  </CatchmentParameters>
  <VegetationZone>
    <VegetationZoneParameters>
      <TT>-0.50000097661639786</TT>
      <CFMAX>2.4355105411964426</CFMAX>
      <SP>0</SP>
      <SFCF>0.8464991744922985</SFCF>
      <CFR>0.007969605046102</CFR>
      <CWH>0.10004743138242452</CWH>
      <CFGlacier>1</CFGlacier>
      <CFSlope>1</CFSlope>
      <FC>73.510322103658808</FC>
      <LP>0.52227365253254954</LP>
      <BETA>3.4234475869711889</BETA>
    </VegetationZoneParameters>
  </VegetationZone>
  <SubCatchment>
    <SubCatchmentParameters>
      <KSI>0.001</KSI>
      <KGmin>0.05</KGmin>
      <RangeKG>0.1</RangeKG>
      <AG>0.1</AG>
      <PERC>5.2139788973638614</PERC>
      <Alpha>0</Alpha>
      <UZL>153.79340261742718</UZL>
      <K0>0.074125221126062235</K0>
      <K1>0.16666736038183169</K1>
      <K2>0.04061572713171524</K2>
      <MAXBAS>1.0000462469568385</MAXBAS>
      <Cet>0</Cet>
      <PCALT>10</PCALT>
      <TCALT>0.6</TCALT>
      <Pelev>601.5</Pelev>
      <Telev>601.5</Telev>
      <PART>0.5</PART>
      <DELAY>1</DELAY>
    </SubCatchmentParameters>
    <SubCatchmentVegetationZone>
      <SubCatchmentVegetationZoneParameters>
        <TT>-0.50000097661639786</TT>
        <CFMAX>2.4355105411964426</CFMAX>
        <SP>0</SP>
        <SFCF>0.8464991744922985</SFCF>
        <CFR>0.007969605046102</CFR>
        <CWH>0.10004743138242452</CWH>
        <CFGlacier>1</CFGlacier>
        <CFSlope>1</CFSlope>
        <FC>73.510322103658808</FC>
        <LP>0.52227365253254954</LP>
        <BETA>3.4234475869711889</BETA>
      </SubCatchmentVegetationZoneParameters>
    </SubCatchmentVegetationZone>
  </SubCatchment>
</Catchment>