<?xml version="1.0" encoding="utf-8"?>
<Catchment xmlns:xsi="http://www.w3.org/2001/XMLSchema-instance" xmlns:xsd="http://www.w3.org/2001/XMLSchema">
  <CatchmentParameters>
    <KSI>0.001</KSI>
    <KGmin>0.05</KGmin>
    <RangeKG>0.1</RangeKG>
    <AG>0.1</AG>
    <PERC>4.6970495995411952</PERC>
    <Alpha>0</Alpha>
    <UZL>151.27436149891031</UZL>
    <K0>0.45792882327939416</K0>
    <K1>0.16711791817890792</K1>
    <K2>0.047398428443978888</K2>
    <MAXBAS>1</MAXBAS>
    <Cet>0</Cet>
    <PCALT>10</PCALT>
    <TCALT>0.6</TCALT>
    <Pelev>601.5</Pelev>
    <Telev>601.5</Telev>
    <PART>0.5</PART>
    <DELAY>1</DELAY>
  </CatchmentParameters>
  <VegetationZone>
    <VegetationZoneParameters>
      <TT>-0.59999792616016812</TT>
      <CFMAX>2.3136455947967707</CFMAX>
      <SP>0</SP>
      <SFCF>0.87182292226047742</SFCF>
      <CFR>3.781065041471342E-09</CFR>
      <CWH>0.10000029436790259</CWH>
      <CFGlacier>1</CFGlacier>
      <CFSlope>1</CFSlope>
      <FC>87.117646385127358</FC>
      <LP>0.63310933680137416</LP>
      <BETA>5.3915095458356</BETA>
    </VegetationZoneParameters>
  </VegetationZone>
  <SubCatchment>
    <SubCatchmentParameters>
      <KSI>0.001</KSI>
      <KGmin>0.05</KGmin>
      <RangeKG>0.1</RangeKG>
      <AG>0.1</AG>
      <PERC>4.6970495995411952</PERC>
      <Alpha>0</Alpha>
      <UZL>151.27436149891031</UZL>
      <K0>0.45792882327939416</K0>
      <K1>0.16711791817890792</K1>
      <K2>0.047398428443978888</K2>
      <MAXBAS>1</MAXBAS>
      <Cet>0</Cet>
      <PCALT>10</PCALT>
      <TCALT>0.6</TCALT>
      <Pelev>601.5</Pelev>
      <Telev>601.5</Telev>
      <PART>0.5</PART>
      <DELAY>1</DELAY>
    </SubCatchmentParameters>
    <SubCatchmentVegetationZone>
      <SubCatchmentVegetationZoneParameters>
        <TT>-0.59999792616016812</TT>
        <CFMAX>2.3136455947967707</CFMAX>
        <SP>0</SP>
        <SFCF>0.87182292226047742</SFCF>
        <CFR>3.781065041471342E-09</CFR>
        <CWH>0.10000029436790259</CWH>
        <CFGlacier>1</CFGlacier>
        <CFSlope>1</CFSlope>
        <FC>87.117646385127358</FC>
        <LP>0.63310933680137416</LP>
        <BETA>5.3915095458356</BETA>
      </SubCatchmentVegetationZoneParameters>
    </SubCatchmentVegetationZone>
  </SubCatchment>
</Catchment>