<?xml version="1.0" encoding="utf-8"?>
<Catchment xmlns:xsi="http://www.w3.org/2001/XMLSchema-instance" xmlns:xsd="http://www.w3.org/2001/XMLSchema">
  <CatchmentParameters>
    <KSI>0.001</KSI>
    <KGmin>0.05</KGmin>
    <RangeKG>0.1</RangeKG>
    <AG>0.1</AG>
    <PERC>6.9993464365191951</PERC>
    <Alpha>0</Alpha>
    <UZL>162.0704673114291</UZL>
    <K0>0.50819758414535388</K0>
    <K1>0.21808310075105331</K1>
    <K2>0.070895097752019562</K2>
    <MAXBAS>1.0000622214444987</MAXBAS>
    <Cet>0</Cet>
    <PCALT>10</PCALT>
    <TCALT>0.6</TCALT>
    <Pelev>601.5</Pelev>
    <Telev>601.5</Telev>
    <PART>0.5</PART>
    <DELAY>1</DELAY>
  </CatchmentParameters>
  <VegetationZone>
    <VegetationZoneParameters>
      <TT>-0.50000214491565875</TT>
      <CFMAX>2.0904151040513765</CFMAX>
      <SP>0</SP>
      <SFCF>0.76288561723580117</SFCF>
      <CFR>2.4932687619117107E-06</CFR>
      <CWH>0.10000002885264102</CWH>
      <CFGlacier>1</CFGlacier>
      <CFSlope>1</CFSlope>
      <FC>114.27547009924446</FC>
      <LP>0.69283792525414034</LP>
      <BETA>3.0036690663669279</BETA>
    </VegetationZoneParameters>
  </VegetationZone>
  <SubCatchment>
    <SubCatchmentParameters>
      <KSI>0.001</KSI>
      <KGmin>0.05</KGmin>
      <RangeKG>0.1</RangeKG>
      <AG>0.1</AG>
      <PERC>6.9993464365191951</PERC>
      <Alpha>0</Alpha>
      <UZL>162.0704673114291</UZL>
      <K0>0.50819758414535388</K0>
      <K1>0.21808310075105331</K1>
      <K2>0.070895097752019562</K2>
      <MAXBAS>1.0000622214444987</MAXBAS>
      <Cet>0</Cet>
      <PCALT>10</PCALT>
      <TCALT>0.6</TCALT>
      <Pelev>601.5</Pelev>
      <Telev>601.5</Telev>
      <PART>0.5</PART>
      <DELAY>1</DELAY>
    </SubCatchmentParameters>
    <SubCatchmentVegetationZone>
      <SubCatchmentVegetationZoneParameters>
        <TT>-0.50000214491565875</TT>
        <CFMAX>2.0904151040513765</CFMAX>
        <SP>0</SP>
        <SFCF>0.76288561723580117</SFCF>
        <CFR>2.4932687619117107E-06</CFR>
        <CWH>0.10000002885264102</CWH>
        <CFGlacier>1</CFGlacier>
        <CFSlope>1</CFSlope>
        <FC>114.27547009924446</FC>
        <LP>0.69283792525414034</LP>
        <BETA>3.0036690663669279</BETA>
      </SubCatchmentVegetationZoneParameters>
    </SubCatchmentVegetationZone>
  </SubCatchment>
</Catchment>