<?xml version="1.0" encoding="utf-8"?>
<Catchment xmlns:xsi="http://www.w3.org/2001/XMLSchema-instance" xmlns:xsd="http://www.w3.org/2001/XMLSchema">
  <CatchmentParameters>
    <KSI>0.001</KSI>
    <KGmin>0.05</KGmin>
    <RangeKG>0.1</RangeKG>
    <AG>0.1</AG>
    <PERC>7.3921709568627127</PERC>
    <Alpha>0</Alpha>
    <UZL>160.43901502867843</UZL>
    <K0>0.532310737121951</K0>
    <K1>0.19218250188592773</K1>
    <K2>0.063401055603551359</K2>
    <MAXBAS>1.0000301897406347</MAXBAS>
    <Cet>0</Cet>
    <PCALT>10</PCALT>
    <TCALT>0.6</TCALT>
    <Pelev>601.5</Pelev>
    <Telev>601.5</Telev>
    <PART>0.5</PART>
    <DELAY>1</DELAY>
  </CatchmentParameters>
  <VegetationZone>
    <VegetationZoneParameters>
      <TT>0.1172204483441846</TT>
      <CFMAX>2.8764057386576036</CFMAX>
      <SP>0</SP>
      <SFCF>0.70309929320957054</SFCF>
      <CFR>0.035530701251947322</CFR>
      <CWH>0.10000004628695787</CWH>
      <CFGlacier>1</CFGlacier>
      <CFSlope>1</CFSlope>
      <FC>93.441456983808948</FC>
      <LP>0.68793881881516517</LP>
      <BETA>3.2164615730012596</BETA>
    </VegetationZoneParameters>
  </VegetationZone>
  <SubCatchment>
    <SubCatchmentParameters>
      <KSI>0.001</KSI>
      <KGmin>0.05</KGmin>
      <RangeKG>0.1</RangeKG>
      <AG>0.1</AG>
      <PERC>7.3921709568627127</PERC>
      <Alpha>0</Alpha>
      <UZL>160.43901502867843</UZL>
      <K0>0.532310737121951</K0>
      <K1>0.19218250188592773</K1>
      <K2>0.063401055603551359</K2>
      <MAXBAS>1.0000301897406347</MAXBAS>
      <Cet>0</Cet>
      <PCALT>10</PCALT>
      <TCALT>0.6</TCALT>
      <Pelev>601.5</Pelev>
      <Telev>601.5</Telev>
      <PART>0.5</PART>
      <DELAY>1</DELAY>
    </SubCatchmentParameters>
    <SubCatchmentVegetationZone>
      <SubCatchmentVegetationZoneParameters>
        <TT>0.1172204483441846</TT>
        <CFMAX>2.8764057386576036</CFMAX>
        <SP>0</SP>
        <SFCF>0.70309929320957054</SFCF>
        <CFR>0.035530701251947322</CFR>
        <CWH>0.10000004628695787</CWH>
        <CFGlacier>1</CFGlacier>
        <CFSlope>1</CFSlope>
        <FC>93.441456983808948</FC>
        <LP>0.68793881881516517</LP>
        <BETA>3.2164615730012596</BETA>
      </SubCatchmentVegetationZoneParameters>
    </SubCatchmentVegetationZone>
  </SubCatchment>
</Catchment>