<?xml version="1.0" encoding="utf-8"?>
<Catchment xmlns:xsi="http://www.w3.org/2001/XMLSchema-instance" xmlns:xsd="http://www.w3.org/2001/XMLSchema">
  <CatchmentParameters>
    <KSI>0.001</KSI>
    <KGmin>0.05</KGmin>
    <RangeKG>0.1</RangeKG>
    <AG>0.1</AG>
    <PERC>4.5067110761689975</PERC>
    <Alpha>0</Alpha>
    <UZL>118.04834295209243</UZL>
    <K0>0.52896137348305328</K0>
    <K1>0.14727598963553565</K1>
    <K2>0.051347985143043777</K2>
    <MAXBAS>1</MAXBAS>
    <Cet>0</Cet>
    <PCALT>10</PCALT>
    <TCALT>0.6</TCALT>
    <Pelev>601.5</Pelev>
    <Telev>601.5</Telev>
    <PART>0.5</PART>
    <DELAY>1</DELAY>
  </CatchmentParameters>
  <VegetationZone>
    <VegetationZoneParameters>
      <TT>-0.50957640655136682</TT>
      <CFMAX>2.5783867579569812</CFMAX>
      <SP>0</SP>
      <SFCF>0.91746747542973339</SFCF>
      <CFR>7.8647161384184549E-09</CFR>
      <CWH>0.10000020422640689</CWH>
      <CFGlacier>1</CFGlacier>
      <CFSlope>1</CFSlope>
      <FC>152.59929442439366</FC>
      <LP>0.7468189668668519</LP>
      <BETA>5.7811662641284585</BETA>
    </VegetationZoneParameters>
  </VegetationZone>
  <SubCatchment>
    <SubCatchmentParameters>
      <KSI>0.001</KSI>
      <KGmin>0.05</KGmin>
      <RangeKG>0.1</RangeKG>
      <AG>0.1</AG>
      <PERC>4.5067110761689975</PERC>
      <Alpha>0</Alpha>
      <UZL>118.04834295209243</UZL>
      <K0>0.52896137348305328</K0>
      <K1>0.14727598963553565</K1>
      <K2>0.051347985143043777</K2>
      <MAXBAS>1</MAXBAS>
      <Cet>0</Cet>
      <PCALT>10</PCALT>
      <TCALT>0.6</TCALT>
      <Pelev>601.5</Pelev>
      <Telev>601.5</Telev>
      <PART>0.5</PART>
      <DELAY>1</DELAY>
    </SubCatchmentParameters>
    <SubCatchmentVegetationZone>
      <SubCatchmentVegetationZoneParameters>
        <TT>-0.50957640655136682</TT>
        <CFMAX>2.5783867579569812</CFMAX>
        <SP>0</SP>
        <SFCF>0.91746747542973339</SFCF>
        <CFR>7.8647161384184549E-09</CFR>
        <CWH>0.10000020422640689</CWH>
        <CFGlacier>1</CFGlacier>
        <CFSlope>1</CFSlope>
        <FC>152.59929442439366</FC>
        <LP>0.7468189668668519</LP>
        <BETA>5.7811662641284585</BETA>
      </SubCatchmentVegetationZoneParameters>
    </SubCatchmentVegetationZone>
  </SubCatchment>
</Catchment>