<?xml version="1.0" encoding="utf-8"?>
<Catchment xmlns:xsi="http://www.w3.org/2001/XMLSchema-instance" xmlns:xsd="http://www.w3.org/2001/XMLSchema">
  <CatchmentParameters>
    <KSI>0.001</KSI>
    <KGmin>0.05</KGmin>
    <RangeKG>0.1</RangeKG>
    <AG>0.1</AG>
    <PERC>3.7466504559575</PERC>
    <Alpha>0</Alpha>
    <UZL>157.38436510024613</UZL>
    <K0>0.8464161548538135</K0>
    <K1>0.11482671207958098</K1>
    <K2>0.038114178823675272</K2>
    <MAXBAS>1</MAXBAS>
    <Cet>0</Cet>
    <PCALT>10</PCALT>
    <TCALT>0.6</TCALT>
    <Pelev>601.5</Pelev>
    <Telev>601.5</Telev>
    <PART>0.5</PART>
    <DELAY>1</DELAY>
  </CatchmentParameters>
  <VegetationZone>
    <VegetationZoneParameters>
      <TT>0.0836816716622911</TT>
      <CFMAX>3.7470824635981823</CFMAX>
      <SP>0</SP>
      <SFCF>0.83849878719714632</SFCF>
      <CFR>0.028143179984887537</CFR>
      <CWH>0.10000000013808942</CWH>
      <CFGlacier>1</CFGlacier>
      <CFSlope>1</CFSlope>
      <FC>71.260123861199389</FC>
      <LP>0.50004725856487742</LP>
      <BETA>5.7776247954685722</BETA>
    </VegetationZoneParameters>
  </VegetationZone>
  <SubCatchment>
    <SubCatchmentParameters>
      <KSI>0.001</KSI>
      <KGmin>0.05</KGmin>
      <RangeKG>0.1</RangeKG>
      <AG>0.1</AG>
      <PERC>3.7466504559575</PERC>
      <Alpha>0</Alpha>
      <UZL>157.38436510024613</UZL>
      <K0>0.8464161548538135</K0>
      <K1>0.11482671207958098</K1>
      <K2>0.038114178823675272</K2>
      <MAXBAS>1</MAXBAS>
      <Cet>0</Cet>
      <PCALT>10</PCALT>
      <TCALT>0.6</TCALT>
      <Pelev>601.5</Pelev>
      <Telev>601.5</Telev>
      <PART>0.5</PART>
      <DELAY>1</DELAY>
    </SubCatchmentParameters>
    <SubCatchmentVegetationZone>
      <SubCatchmentVegetationZoneParameters>
        <TT>0.0836816716622911</TT>
        <CFMAX>3.7470824635981823</CFMAX>
        <SP>0</SP>
        <SFCF>0.83849878719714632</SFCF>
        <CFR>0.028143179984887537</CFR>
        <CWH>0.10000000013808942</CWH>
        <CFGlacier>1</CFGlacier>
        <CFSlope>1</CFSlope>
        <FC>71.260123861199389</FC>
        <LP>0.50004725856487742</LP>
        <BETA>5.7776247954685722</BETA>
      </SubCatchmentVegetationZoneParameters>
    </SubCatchmentVegetationZone>
  </SubCatchment>
</Catchment>