<?xml version="1.0" encoding="utf-8"?>
<Catchment xmlns:xsi="http://www.w3.org/2001/XMLSchema-instance" xmlns:xsd="http://www.w3.org/2001/XMLSchema">
  <CatchmentParameters>
    <KSI>0.001</KSI>
    <KGmin>0.05</KGmin>
    <RangeKG>0.1</RangeKG>
    <AG>0.1</AG>
    <PERC>8.9209861931304566</PERC>
    <Alpha>0</Alpha>
    <UZL>191.84228582684142</UZL>
    <K0>0.31013564929456477</K0>
    <K1>0.251369347974508</K1>
    <K2>0.09340786254687998</K2>
    <MAXBAS>1.0000262283434234</MAXBAS>
    <Cet>0</Cet>
    <PCALT>10</PCALT>
    <TCALT>0.6</TCALT>
    <Pelev>601.5</Pelev>
    <Telev>601.5</Telev>
    <PART>0.5</PART>
    <DELAY>1</DELAY>
  </CatchmentParameters>
  <VegetationZone>
    <VegetationZoneParameters>
      <TT>-0.50000265475750871</TT>
      <CFMAX>2.0762939677007335</CFMAX>
      <SP>0</SP>
      <SFCF>0.65918715952745344</SFCF>
      <CFR>0.054578101065974848</CFR>
      <CWH>0.10000021167301242</CWH>
      <CFGlacier>1</CFGlacier>
      <CFSlope>1</CFSlope>
      <FC>167.92380260760766</FC>
      <LP>0.852089566115331</LP>
      <BETA>4.1692858420484251</BETA>
    </VegetationZoneParameters>
  </VegetationZone>
  <SubCatchment>
    <SubCatchmentParameters>
      <KSI>0.001</KSI>
      <KGmin>0.05</KGmin>
      <RangeKG>0.1</RangeKG>
      <AG>0.1</AG>
      <PERC>8.9209861931304566</PERC>
      <Alpha>0</Alpha>
      <UZL>191.84228582684142</UZL>
      <K0>0.31013564929456477</K0>
      <K1>0.251369347974508</K1>
      <K2>0.09340786254687998</K2>
      <MAXBAS>1.0000262283434234</MAXBAS>
      <Cet>0</Cet>
      <PCALT>10</PCALT>
      <TCALT>0.6</TCALT>
      <Pelev>601.5</Pelev>
      <Telev>601.5</Telev>
      <PART>0.5</PART>
      <DELAY>1</DELAY>
    </SubCatchmentParameters>
    <SubCatchmentVegetationZone>
      <SubCatchmentVegetationZoneParameters>
        <TT>-0.50000265475750871</TT>
        <CFMAX>2.0762939677007335</CFMAX>
        <SP>0</SP>
        <SFCF>0.65918715952745344</SFCF>
        <CFR>0.054578101065974848</CFR>
        <CWH>0.10000021167301242</CWH>
        <CFGlacier>1</CFGlacier>
        <CFSlope>1</CFSlope>
        <FC>167.92380260760766</FC>
        <LP>0.852089566115331</LP>
        <BETA>4.1692858420484251</BETA>
      </SubCatchmentVegetationZoneParameters>
    </SubCatchmentVegetationZone>
  </SubCatchment>
</Catchment>