<?xml version="1.0" encoding="utf-8"?>
<Catchment xmlns:xsi="http://www.w3.org/2001/XMLSchema-instance" xmlns:xsd="http://www.w3.org/2001/XMLSchema">
  <CatchmentParameters>
    <KSI>0.001</KSI>
    <KGmin>0.05</KGmin>
    <RangeKG>0.1</RangeKG>
    <AG>0.1</AG>
    <PERC>4.6596794774473489</PERC>
    <Alpha>0</Alpha>
    <UZL>67.986963254632641</UZL>
    <K0>0.49785960963082149</K0>
    <K1>0.14302420621487841</K1>
    <K2>0.056512061828694289</K2>
    <MAXBAS>1</MAXBAS>
    <Cet>0</Cet>
    <PCALT>10</PCALT>
    <TCALT>0.6</TCALT>
    <Pelev>601.5</Pelev>
    <Telev>601.5</Telev>
    <PART>0.5</PART>
    <DELAY>1</DELAY>
  </CatchmentParameters>
  <VegetationZone>
    <VegetationZoneParameters>
      <TT>-2.0000028842538957</TT>
      <CFMAX>1.6167933938996426</CFMAX>
      <SP>0</SP>
      <SFCF>0.91835756075191388</SFCF>
      <CFR>0.077282480374900875</CFR>
      <CWH>0.10000006617212223</CWH>
      <CFGlacier>1</CFGlacier>
      <CFSlope>1</CFSlope>
      <FC>163.15053766642504</FC>
      <LP>0.768209595701161</LP>
      <BETA>5.7898151509955076</BETA>
    </VegetationZoneParameters>
  </VegetationZone>
  <SubCatchment>
    <SubCatchmentParameters>
      <KSI>0.001</KSI>
      <KGmin>0.05</KGmin>
      <RangeKG>0.1</RangeKG>
      <AG>0.1</AG>
      <PERC>4.6596794774473489</PERC>
      <Alpha>0</Alpha>
      <UZL>67.986963254632641</UZL>
      <K0>0.49785960963082149</K0>
      <K1>0.14302420621487841</K1>
      <K2>0.056512061828694289</K2>
      <MAXBAS>1</MAXBAS>
      <Cet>0</Cet>
      <PCALT>10</PCALT>
      <TCALT>0.6</TCALT>
      <Pelev>601.5</Pelev>
      <Telev>601.5</Telev>
      <PART>0.5</PART>
      <DELAY>1</DELAY>
    </SubCatchmentParameters>
    <SubCatchmentVegetationZone>
      <SubCatchmentVegetationZoneParameters>
        <TT>-2.0000028842538957</TT>
        <CFMAX>1.6167933938996426</CFMAX>
        <SP>0</SP>
        <SFCF>0.91835756075191388</SFCF>
        <CFR>0.077282480374900875</CFR>
        <CWH>0.10000006617212223</CWH>
        <CFGlacier>1</CFGlacier>
        <CFSlope>1</CFSlope>
        <FC>163.15053766642504</FC>
        <LP>0.768209595701161</LP>
        <BETA>5.7898151509955076</BETA>
      </SubCatchmentVegetationZoneParameters>
    </SubCatchmentVegetationZone>
  </SubCatchment>
</Catchment>