<?xml version="1.0" encoding="utf-8"?>
<Catchment xmlns:xsi="http://www.w3.org/2001/XMLSchema-instance" xmlns:xsd="http://www.w3.org/2001/XMLSchema">
  <CatchmentParameters>
    <KSI>0.001</KSI>
    <KGmin>0.05</KGmin>
    <RangeKG>0.1</RangeKG>
    <AG>0.1</AG>
    <PERC>3.9387666956511502</PERC>
    <Alpha>0</Alpha>
    <UZL>78.903217951544377</UZL>
    <K0>0.852920273815385</K0>
    <K1>0.14969296618366915</K1>
    <K2>0.046890593416462567</K2>
    <MAXBAS>1</MAXBAS>
    <Cet>0</Cet>
    <PCALT>10</PCALT>
    <TCALT>0.6</TCALT>
    <Pelev>601.5</Pelev>
    <Telev>601.5</Telev>
    <PART>0.5</PART>
    <DELAY>1</DELAY>
  </CatchmentParameters>
  <VegetationZone>
    <VegetationZoneParameters>
      <TT>-1.5354527839421668</TT>
      <CFMAX>1.7021430325277627</CFMAX>
      <SP>0</SP>
      <SFCF>0.85730030976655536</SFCF>
      <CFR>0.044674375740953259</CFR>
      <CWH>0.10000000007803922</CWH>
      <CFGlacier>1</CFGlacier>
      <CFSlope>1</CFSlope>
      <FC>103.07725778273824</FC>
      <LP>0.71551790677344551</LP>
      <BETA>5.9999204857232122</BETA>
    </VegetationZoneParameters>
  </VegetationZone>
  <SubCatchment>
    <SubCatchmentParameters>
      <KSI>0.001</KSI>
      <KGmin>0.05</KGmin>
      <RangeKG>0.1</RangeKG>
      <AG>0.1</AG>
      <PERC>3.9387666956511502</PERC>
      <Alpha>0</Alpha>
      <UZL>78.903217951544377</UZL>
      <K0>0.852920273815385</K0>
      <K1>0.14969296618366915</K1>
      <K2>0.046890593416462567</K2>
      <MAXBAS>1</MAXBAS>
      <Cet>0</Cet>
      <PCALT>10</PCALT>
      <TCALT>0.6</TCALT>
      <Pelev>601.5</Pelev>
      <Telev>601.5</Telev>
      <PART>0.5</PART>
      <DELAY>1</DELAY>
    </SubCatchmentParameters>
    <SubCatchmentVegetationZone>
      <SubCatchmentVegetationZoneParameters>
        <TT>-1.5354527839421668</TT>
        <CFMAX>1.7021430325277627</CFMAX>
        <SP>0</SP>
        <SFCF>0.85730030976655536</SFCF>
        <CFR>0.044674375740953259</CFR>
        <CWH>0.10000000007803922</CWH>
        <CFGlacier>1</CFGlacier>
        <CFSlope>1</CFSlope>
        <FC>103.07725778273824</FC>
        <LP>0.71551790677344551</LP>
        <BETA>5.9999204857232122</BETA>
      </SubCatchmentVegetationZoneParameters>
    </SubCatchmentVegetationZone>
  </SubCatchment>
</Catchment>