<?xml version="1.0" encoding="utf-8"?>
<Catchment xmlns:xsi="http://www.w3.org/2001/XMLSchema-instance" xmlns:xsd="http://www.w3.org/2001/XMLSchema">
  <CatchmentParameters>
    <KSI>0.001</KSI>
    <KGmin>0.05</KGmin>
    <RangeKG>0.1</RangeKG>
    <AG>0.1</AG>
    <PERC>7.07809267236251</PERC>
    <Alpha>0</Alpha>
    <UZL>147.96507756081843</UZL>
    <K0>0.67689223316533842</K0>
    <K1>0.21539012532584673</K1>
    <K2>0.077102508670816292</K2>
    <MAXBAS>1.0000517907459479</MAXBAS>
    <Cet>0</Cet>
    <PCALT>10</PCALT>
    <TCALT>0.6</TCALT>
    <Pelev>601.5</Pelev>
    <Telev>601.5</Telev>
    <PART>0.5</PART>
    <DELAY>1</DELAY>
  </CatchmentParameters>
  <VegetationZone>
    <VegetationZoneParameters>
      <TT>-0.50000558512081694</TT>
      <CFMAX>2.1755154627564735</CFMAX>
      <SP>0</SP>
      <SFCF>0.67512951201343607</SFCF>
      <CFR>0.055877763076905063</CFR>
      <CWH>0.105748780238529</CWH>
      <CFGlacier>1</CFGlacier>
      <CFSlope>1</CFSlope>
      <FC>136.533483937701</FC>
      <LP>0.796245294910084</LP>
      <BETA>3.8461773211310852</BETA>
    </VegetationZoneParameters>
  </VegetationZone>
  <SubCatchment>
    <SubCatchmentParameters>
      <KSI>0.001</KSI>
      <KGmin>0.05</KGmin>
      <RangeKG>0.1</RangeKG>
      <AG>0.1</AG>
      <PERC>7.07809267236251</PERC>
      <Alpha>0</Alpha>
      <UZL>147.96507756081843</UZL>
      <K0>0.67689223316533842</K0>
      <K1>0.21539012532584673</K1>
      <K2>0.077102508670816292</K2>
      <MAXBAS>1.0000517907459479</MAXBAS>
      <Cet>0</Cet>
      <PCALT>10</PCALT>
      <TCALT>0.6</TCALT>
      <Pelev>601.5</Pelev>
      <Telev>601.5</Telev>
      <PART>0.5</PART>
      <DELAY>1</DELAY>
    </SubCatchmentParameters>
    <SubCatchmentVegetationZone>
      <SubCatchmentVegetationZoneParameters>
        <TT>-0.50000558512081694</TT>
        <CFMAX>2.1755154627564735</CFMAX>
        <SP>0</SP>
        <SFCF>0.67512951201343607</SFCF>
        <CFR>0.055877763076905063</CFR>
        <CWH>0.105748780238529</CWH>
        <CFGlacier>1</CFGlacier>
        <CFSlope>1</CFSlope>
        <FC>136.533483937701</FC>
        <LP>0.796245294910084</LP>
        <BETA>3.8461773211310852</BETA>
      </SubCatchmentVegetationZoneParameters>
    </SubCatchmentVegetationZone>
  </SubCatchment>
</Catchment>