<?xml version="1.0" encoding="utf-8"?>
<Catchment xmlns:xsi="http://www.w3.org/2001/XMLSchema-instance" xmlns:xsd="http://www.w3.org/2001/XMLSchema">
  <CatchmentParameters>
    <KSI>0.001</KSI>
    <KGmin>0.05</KGmin>
    <RangeKG>0.1</RangeKG>
    <AG>0.1</AG>
    <PERC>8.8426049538428977</PERC>
    <Alpha>0</Alpha>
    <UZL>126.85288975725317</UZL>
    <K0>0.433584124664143</K0>
    <K1>0.22813628351078846</K1>
    <K2>0.089058294799719828</K2>
    <MAXBAS>1.0001281630642382</MAXBAS>
    <Cet>0</Cet>
    <PCALT>10</PCALT>
    <TCALT>0.6</TCALT>
    <Pelev>601.5</Pelev>
    <Telev>601.5</Telev>
    <PART>0.5</PART>
    <DELAY>1</DELAY>
  </CatchmentParameters>
  <VegetationZone>
    <VegetationZoneParameters>
      <TT>-0.50000701465843644</TT>
      <CFMAX>2.1714157791144233</CFMAX>
      <SP>0</SP>
      <SFCF>0.64980334643031445</SFCF>
      <CFR>0.071752170510529956</CFR>
      <CWH>0.12949891795994703</CWH>
      <CFGlacier>1</CFGlacier>
      <CFSlope>1</CFSlope>
      <FC>131.69841023322468</FC>
      <LP>0.75179675655895128</LP>
      <BETA>3.4831740371383879</BETA>
    </VegetationZoneParameters>
  </VegetationZone>
  <SubCatchment>
    <SubCatchmentParameters>
      <KSI>0.001</KSI>
      <KGmin>0.05</KGmin>
      <RangeKG>0.1</RangeKG>
      <AG>0.1</AG>
      <PERC>8.8426049538428977</PERC>
      <Alpha>0</Alpha>
      <UZL>126.85288975725317</UZL>
      <K0>0.433584124664143</K0>
      <K1>0.22813628351078846</K1>
      <K2>0.089058294799719828</K2>
      <MAXBAS>1.0001281630642382</MAXBAS>
      <Cet>0</Cet>
      <PCALT>10</PCALT>
      <TCALT>0.6</TCALT>
      <Pelev>601.5</Pelev>
      <Telev>601.5</Telev>
      <PART>0.5</PART>
      <DELAY>1</DELAY>
    </SubCatchmentParameters>
    <SubCatchmentVegetationZone>
      <SubCatchmentVegetationZoneParameters>
        <TT>-0.50000701465843644</TT>
        <CFMAX>2.1714157791144233</CFMAX>
        <SP>0</SP>
        <SFCF>0.64980334643031445</SFCF>
        <CFR>0.071752170510529956</CFR>
        <CWH>0.12949891795994703</CWH>
        <CFGlacier>1</CFGlacier>
        <CFSlope>1</CFSlope>
        <FC>131.69841023322468</FC>
        <LP>0.75179675655895128</LP>
        <BETA>3.4831740371383879</BETA>
      </SubCatchmentVegetationZoneParameters>
    </SubCatchmentVegetationZone>
  </SubCatchment>
</Catchment>