<?xml version="1.0" encoding="utf-8"?>
<Catchment xmlns:xsi="http://www.w3.org/2001/XMLSchema-instance" xmlns:xsd="http://www.w3.org/2001/XMLSchema">
  <CatchmentParameters>
    <KSI>0.001</KSI>
    <KGmin>0.05</KGmin>
    <RangeKG>0.1</RangeKG>
    <AG>0.1</AG>
    <PERC>3.54976688743659</PERC>
    <Alpha>0</Alpha>
    <UZL>55.273548248082982</UZL>
    <K0>0.31233585358930993</K0>
    <K1>0.1287250070063348</K1>
    <K2>0.051187009193296724</K2>
    <MAXBAS>1</MAXBAS>
    <Cet>0</Cet>
    <PCALT>10</PCALT>
    <TCALT>0.6</TCALT>
    <Pelev>601.5</Pelev>
    <Telev>601.5</Telev>
    <PART>0.5</PART>
    <DELAY>1</DELAY>
  </CatchmentParameters>
  <VegetationZone>
    <VegetationZoneParameters>
      <TT>-1.500005722949727</TT>
      <CFMAX>1.6148686061881119</CFMAX>
      <SP>0</SP>
      <SFCF>0.89899464913531857</SFCF>
      <CFR>3.9089661775795242E-08</CFR>
      <CWH>0.10000014566854255</CWH>
      <CFGlacier>1</CFGlacier>
      <CFSlope>1</CFSlope>
      <FC>138.57693891921514</FC>
      <LP>0.749482586939311</LP>
      <BETA>5.8202693645133481</BETA>
    </VegetationZoneParameters>
  </VegetationZone>
  <SubCatchment>
    <SubCatchmentParameters>
      <KSI>0.001</KSI>
      <KGmin>0.05</KGmin>
      <RangeKG>0.1</RangeKG>
      <AG>0.1</AG>
      <PERC>3.54976688743659</PERC>
      <Alpha>0</Alpha>
      <UZL>55.273548248082982</UZL>
      <K0>0.31233585358930993</K0>
      <K1>0.1287250070063348</K1>
      <K2>0.051187009193296724</K2>
      <MAXBAS>1</MAXBAS>
      <Cet>0</Cet>
      <PCALT>10</PCALT>
      <TCALT>0.6</TCALT>
      <Pelev>601.5</Pelev>
      <Telev>601.5</Telev>
      <PART>0.5</PART>
      <DELAY>1</DELAY>
    </SubCatchmentParameters>
    <SubCatchmentVegetationZone>
      <SubCatchmentVegetationZoneParameters>
        <TT>-1.500005722949727</TT>
        <CFMAX>1.6148686061881119</CFMAX>
        <SP>0</SP>
        <SFCF>0.89899464913531857</SFCF>
        <CFR>3.9089661775795242E-08</CFR>
        <CWH>0.10000014566854255</CWH>
        <CFGlacier>1</CFGlacier>
        <CFSlope>1</CFSlope>
        <FC>138.57693891921514</FC>
        <LP>0.749482586939311</LP>
        <BETA>5.8202693645133481</BETA>
      </SubCatchmentVegetationZoneParameters>
    </SubCatchmentVegetationZone>
  </SubCatchment>
</Catchment>