<?xml version="1.0" encoding="utf-8"?>
<Catchment xmlns:xsi="http://www.w3.org/2001/XMLSchema-instance" xmlns:xsd="http://www.w3.org/2001/XMLSchema">
  <CatchmentParameters>
    <KSI>0.001</KSI>
    <KGmin>0.05</KGmin>
    <RangeKG>0.1</RangeKG>
    <AG>0.1</AG>
    <PERC>6.4542875822596795</PERC>
    <Alpha>0</Alpha>
    <UZL>135.85177696695786</UZL>
    <K0>0.33052177189472542</K0>
    <K1>0.2356530345478185</K1>
    <K2>0.08675273204381892</K2>
    <MAXBAS>1.0000627933627055</MAXBAS>
    <Cet>0</Cet>
    <PCALT>10</PCALT>
    <TCALT>0.6</TCALT>
    <Pelev>601.5</Pelev>
    <Telev>601.5</Telev>
    <PART>0.5</PART>
    <DELAY>1</DELAY>
  </CatchmentParameters>
  <VegetationZone>
    <VegetationZoneParameters>
      <TT>-0.50000185985830892</TT>
      <CFMAX>1.9507285142607231</CFMAX>
      <SP>0</SP>
      <SFCF>0.62913385695621271</SFCF>
      <CFR>0.045350387913918211</CFR>
      <CWH>0.10193152538649342</CWH>
      <CFGlacier>1</CFGlacier>
      <CFSlope>1</CFSlope>
      <FC>186.12201330437318</FC>
      <LP>0.88618388659443992</LP>
      <BETA>4.3517798511880477</BETA>
    </VegetationZoneParameters>
  </VegetationZone>
  <SubCatchment>
    <SubCatchmentParameters>
      <KSI>0.001</KSI>
      <KGmin>0.05</KGmin>
      <RangeKG>0.1</RangeKG>
      <AG>0.1</AG>
      <PERC>6.4542875822596795</PERC>
      <Alpha>0</Alpha>
      <UZL>135.85177696695786</UZL>
      <K0>0.33052177189472542</K0>
      <K1>0.2356530345478185</K1>
      <K2>0.08675273204381892</K2>
      <MAXBAS>1.0000627933627055</MAXBAS>
      <Cet>0</Cet>
      <PCALT>10</PCALT>
      <TCALT>0.6</TCALT>
      <Pelev>601.5</Pelev>
      <Telev>601.5</Telev>
      <PART>0.5</PART>
      <DELAY>1</DELAY>
    </SubCatchmentParameters>
    <SubCatchmentVegetationZone>
      <SubCatchmentVegetationZoneParameters>
        <TT>-0.50000185985830892</TT>
        <CFMAX>1.9507285142607231</CFMAX>
        <SP>0</SP>
        <SFCF>0.62913385695621271</SFCF>
        <CFR>0.045350387913918211</CFR>
        <CWH>0.10193152538649342</CWH>
        <CFGlacier>1</CFGlacier>
        <CFSlope>1</CFSlope>
        <FC>186.12201330437318</FC>
        <LP>0.88618388659443992</LP>
        <BETA>4.3517798511880477</BETA>
      </SubCatchmentVegetationZoneParameters>
    </SubCatchmentVegetationZone>
  </SubCatchment>
</Catchment>