<?xml version="1.0" encoding="utf-8"?>
<Catchment xmlns:xsi="http://www.w3.org/2001/XMLSchema-instance" xmlns:xsd="http://www.w3.org/2001/XMLSchema">
  <CatchmentParameters>
    <KSI>0.001</KSI>
    <KGmin>0.05</KGmin>
    <RangeKG>0.1</RangeKG>
    <AG>0.1</AG>
    <PERC>9.7582095489682921</PERC>
    <Alpha>0</Alpha>
    <UZL>185.18470119268608</UZL>
    <K0>0.069734581762663117</K0>
    <K1>0.4258013922141623</K1>
    <K2>0.0844378719230651</K2>
    <MAXBAS>1.5752447809133787</MAXBAS>
    <Cet>0</Cet>
    <PCALT>10</PCALT>
    <TCALT>0.6</TCALT>
    <Pelev>601.5</Pelev>
    <Telev>601.5</Telev>
    <PART>0.5</PART>
    <DELAY>1</DELAY>
  </CatchmentParameters>
  <VegetationZone>
    <VegetationZoneParameters>
      <TT>-1.8500006312607566</TT>
      <CFMAX>1.3727135750718804</CFMAX>
      <SP>0</SP>
      <SFCF>0.81868086966196</SFCF>
      <CFR>0.032470964907259023</CFR>
      <CWH>0.145544539500361</CWH>
      <CFGlacier>1</CFGlacier>
      <CFSlope>1</CFSlope>
      <FC>154.10311251762406</FC>
      <LP>0.72529331169476641</LP>
      <BETA>2.6308890068995132</BETA>
    </VegetationZoneParameters>
  </VegetationZone>
  <SubCatchment>
    <SubCatchmentParameters>
      <KSI>0.001</KSI>
      <KGmin>0.05</KGmin>
      <RangeKG>0.1</RangeKG>
      <AG>0.1</AG>
      <PERC>9.7582095489682921</PERC>
      <Alpha>0</Alpha>
      <UZL>185.18470119268608</UZL>
      <K0>0.069734581762663117</K0>
      <K1>0.4258013922141623</K1>
      <K2>0.0844378719230651</K2>
      <MAXBAS>1.5752447809133787</MAXBAS>
      <Cet>0</Cet>
      <PCALT>10</PCALT>
      <TCALT>0.6</TCALT>
      <Pelev>601.5</Pelev>
      <Telev>601.5</Telev>
      <PART>0.5</PART>
      <DELAY>1</DELAY>
    </SubCatchmentParameters>
    <SubCatchmentVegetationZone>
      <SubCatchmentVegetationZoneParameters>
        <TT>-1.8500006312607566</TT>
        <CFMAX>1.3727135750718804</CFMAX>
        <SP>0</SP>
        <SFCF>0.81868086966196</SFCF>
        <CFR>0.032470964907259023</CFR>
        <CWH>0.145544539500361</CWH>
        <CFGlacier>1</CFGlacier>
        <CFSlope>1</CFSlope>
        <FC>154.10311251762406</FC>
        <LP>0.72529331169476641</LP>
        <BETA>2.6308890068995132</BETA>
      </SubCatchmentVegetationZoneParameters>
    </SubCatchmentVegetationZone>
  </SubCatchment>
</Catchment>