<?xml version="1.0" encoding="utf-8"?>
<Catchment xmlns:xsi="http://www.w3.org/2001/XMLSchema-instance" xmlns:xsd="http://www.w3.org/2001/XMLSchema">
  <CatchmentParameters>
    <KSI>0.001</KSI>
    <KGmin>0.05</KGmin>
    <RangeKG>0.1</RangeKG>
    <AG>0.1</AG>
    <PERC>6.4664382426570279</PERC>
    <Alpha>0</Alpha>
    <UZL>146.00332518427234</UZL>
    <K0>0.49816068497934091</K0>
    <K1>0.19496726171747961</K1>
    <K2>0.061059041152688988</K2>
    <MAXBAS>1.0000167636424013</MAXBAS>
    <Cet>0</Cet>
    <PCALT>10</PCALT>
    <TCALT>0.6</TCALT>
    <Pelev>601.5</Pelev>
    <Telev>601.5</Telev>
    <PART>0.5</PART>
    <DELAY>1</DELAY>
  </CatchmentParameters>
  <VegetationZone>
    <VegetationZoneParameters>
      <TT>-0.76017762246281007</TT>
      <CFMAX>2.2104816856614029</CFMAX>
      <SP>0</SP>
      <SFCF>0.76288862525216128</SFCF>
      <CFR>0.050658069596021864</CFR>
      <CWH>0.10000000002674264</CWH>
      <CFGlacier>1</CFGlacier>
      <CFSlope>1</CFSlope>
      <FC>147.47471244430187</FC>
      <LP>0.88341200000136644</LP>
      <BETA>5.4069589752489344</BETA>
    </VegetationZoneParameters>
  </VegetationZone>
  <SubCatchment>
    <SubCatchmentParameters>
      <KSI>0.001</KSI>
      <KGmin>0.05</KGmin>
      <RangeKG>0.1</RangeKG>
      <AG>0.1</AG>
      <PERC>6.4664382426570279</PERC>
      <Alpha>0</Alpha>
      <UZL>146.00332518427234</UZL>
      <K0>0.49816068497934091</K0>
      <K1>0.19496726171747961</K1>
      <K2>0.061059041152688988</K2>
      <MAXBAS>1.0000167636424013</MAXBAS>
      <Cet>0</Cet>
      <PCALT>10</PCALT>
      <TCALT>0.6</TCALT>
      <Pelev>601.5</Pelev>
      <Telev>601.5</Telev>
      <PART>0.5</PART>
      <DELAY>1</DELAY>
    </SubCatchmentParameters>
    <SubCatchmentVegetationZone>
      <SubCatchmentVegetationZoneParameters>
        <TT>-0.76017762246281007</TT>
        <CFMAX>2.2104816856614029</CFMAX>
        <SP>0</SP>
        <SFCF>0.76288862525216128</SFCF>
        <CFR>0.050658069596021864</CFR>
        <CWH>0.10000000002674264</CWH>
        <CFGlacier>1</CFGlacier>
        <CFSlope>1</CFSlope>
        <FC>147.47471244430187</FC>
        <LP>0.88341200000136644</LP>
        <BETA>5.4069589752489344</BETA>
      </SubCatchmentVegetationZoneParameters>
    </SubCatchmentVegetationZone>
  </SubCatchment>
</Catchment>