<?xml version="1.0" encoding="utf-8"?>
<Catchment xmlns:xsi="http://www.w3.org/2001/XMLSchema-instance" xmlns:xsd="http://www.w3.org/2001/XMLSchema">
  <CatchmentParameters>
    <KSI>0.001</KSI>
    <KGmin>0.05</KGmin>
    <RangeKG>0.1</RangeKG>
    <AG>0.1</AG>
    <PERC>3.9984999546224147</PERC>
    <Alpha>0</Alpha>
    <UZL>116.66681106926306</UZL>
    <K0>0.24124353059343878</K0>
    <K1>0.13215211939815327</K1>
    <K2>0.042618739020215214</K2>
    <MAXBAS>1</MAXBAS>
    <Cet>0</Cet>
    <PCALT>10</PCALT>
    <TCALT>0.6</TCALT>
    <Pelev>601.5</Pelev>
    <Telev>601.5</Telev>
    <PART>0.5</PART>
    <DELAY>1</DELAY>
  </CatchmentParameters>
  <VegetationZone>
    <VegetationZoneParameters>
      <TT>-0.74688973664279867</TT>
      <CFMAX>2.5639103125883933</CFMAX>
      <SP>0</SP>
      <SFCF>0.882791624063654</SFCF>
      <CFR>0.025533227298292827</CFR>
      <CWH>0.10000000031694167</CWH>
      <CFGlacier>1</CFGlacier>
      <CFSlope>1</CFSlope>
      <FC>75.672710335572276</FC>
      <LP>0.590954497333121</LP>
      <BETA>5.9999699144103689</BETA>
    </VegetationZoneParameters>
  </VegetationZone>
  <SubCatchment>
    <SubCatchmentParameters>
      <KSI>0.001</KSI>
      <KGmin>0.05</KGmin>
      <RangeKG>0.1</RangeKG>
      <AG>0.1</AG>
      <PERC>3.9984999546224147</PERC>
      <Alpha>0</Alpha>
      <UZL>116.66681106926306</UZL>
      <K0>0.24124353059343878</K0>
      <K1>0.13215211939815327</K1>
      <K2>0.042618739020215214</K2>
      <MAXBAS>1</MAXBAS>
      <Cet>0</Cet>
      <PCALT>10</PCALT>
      <TCALT>0.6</TCALT>
      <Pelev>601.5</Pelev>
      <Telev>601.5</Telev>
      <PART>0.5</PART>
      <DELAY>1</DELAY>
    </SubCatchmentParameters>
    <SubCatchmentVegetationZone>
      <SubCatchmentVegetationZoneParameters>
        <TT>-0.74688973664279867</TT>
        <CFMAX>2.5639103125883933</CFMAX>
        <SP>0</SP>
        <SFCF>0.882791624063654</SFCF>
        <CFR>0.025533227298292827</CFR>
        <CWH>0.10000000031694167</CWH>
        <CFGlacier>1</CFGlacier>
        <CFSlope>1</CFSlope>
        <FC>75.672710335572276</FC>
        <LP>0.590954497333121</LP>
        <BETA>5.9999699144103689</BETA>
      </SubCatchmentVegetationZoneParameters>
    </SubCatchmentVegetationZone>
  </SubCatchment>
</Catchment>