<?xml version="1.0" encoding="utf-8"?>
<Catchment xmlns:xsi="http://www.w3.org/2001/XMLSchema-instance" xmlns:xsd="http://www.w3.org/2001/XMLSchema">
  <CatchmentParameters>
    <KSI>0.001</KSI>
    <KGmin>0.05</KGmin>
    <RangeKG>0.1</RangeKG>
    <AG>0.1</AG>
    <PERC>4.4633489999559908</PERC>
    <Alpha>0</Alpha>
    <UZL>81.970707793144868</UZL>
    <K0>0.21979548391212783</K0>
    <K1>0.152938481643061</K1>
    <K2>0.048477569082576451</K2>
    <MAXBAS>1</MAXBAS>
    <Cet>0</Cet>
    <PCALT>10</PCALT>
    <TCALT>0.6</TCALT>
    <Pelev>601.5</Pelev>
    <Telev>601.5</Telev>
    <PART>0.5</PART>
    <DELAY>1</DELAY>
  </CatchmentParameters>
  <VegetationZone>
    <VegetationZoneParameters>
      <TT>-0.84167672216843</TT>
      <CFMAX>2.1350542528567278</CFMAX>
      <SP>0</SP>
      <SFCF>0.87991116054650287</SFCF>
      <CFR>1.8309321678825494E-08</CFR>
      <CWH>0.10000026687902827</CWH>
      <CFGlacier>1</CFGlacier>
      <CFSlope>1</CFSlope>
      <FC>102.87557128221208</FC>
      <LP>0.71318225706846849</LP>
      <BETA>5.9979942366618193</BETA>
    </VegetationZoneParameters>
  </VegetationZone>
  <SubCatchment>
    <SubCatchmentParameters>
      <KSI>0.001</KSI>
      <KGmin>0.05</KGmin>
      <RangeKG>0.1</RangeKG>
      <AG>0.1</AG>
      <PERC>4.4633489999559908</PERC>
      <Alpha>0</Alpha>
      <UZL>81.970707793144868</UZL>
      <K0>0.21979548391212783</K0>
      <K1>0.152938481643061</K1>
      <K2>0.048477569082576451</K2>
      <MAXBAS>1</MAXBAS>
      <Cet>0</Cet>
      <PCALT>10</PCALT>
      <TCALT>0.6</TCALT>
      <Pelev>601.5</Pelev>
      <Telev>601.5</Telev>
      <PART>0.5</PART>
      <DELAY>1</DELAY>
    </SubCatchmentParameters>
    <SubCatchmentVegetationZone>
      <SubCatchmentVegetationZoneParameters>
        <TT>-0.84167672216843</TT>
        <CFMAX>2.1350542528567278</CFMAX>
        <SP>0</SP>
        <SFCF>0.87991116054650287</SFCF>
        <CFR>1.8309321678825494E-08</CFR>
        <CWH>0.10000026687902827</CWH>
        <CFGlacier>1</CFGlacier>
        <CFSlope>1</CFSlope>
        <FC>102.87557128221208</FC>
        <LP>0.71318225706846849</LP>
        <BETA>5.9979942366618193</BETA>
      </SubCatchmentVegetationZoneParameters>
    </SubCatchmentVegetationZone>
  </SubCatchment>
</Catchment>