<?xml version="1.0" encoding="utf-8"?>
<Catchment xmlns:xsi="http://www.w3.org/2001/XMLSchema-instance" xmlns:xsd="http://www.w3.org/2001/XMLSchema">
  <CatchmentParameters>
    <KSI>0.001</KSI>
    <KGmin>0.05</KGmin>
    <RangeKG>0.1</RangeKG>
    <AG>0.1</AG>
    <PERC>3.5666173649797472</PERC>
    <Alpha>0</Alpha>
    <UZL>96.277275743057359</UZL>
    <K0>0.41626945062470566</K0>
    <K1>0.13039402462653565</K1>
    <K2>0.047306493315188061</K2>
    <MAXBAS>1</MAXBAS>
    <Cet>0</Cet>
    <PCALT>10</PCALT>
    <TCALT>0.6</TCALT>
    <Pelev>601.5</Pelev>
    <Telev>601.5</Telev>
    <PART>0.5</PART>
    <DELAY>1</DELAY>
  </CatchmentParameters>
  <VegetationZone>
    <VegetationZoneParameters>
      <TT>-1.5000028875188802</TT>
      <CFMAX>2.0376785020472674</CFMAX>
      <SP>0</SP>
      <SFCF>0.94601927196768854</SFCF>
      <CFR>0.04989403666454436</CFR>
      <CWH>0.10000000005234581</CWH>
      <CFGlacier>1</CFGlacier>
      <CFSlope>1</CFSlope>
      <FC>128.09446930957057</FC>
      <LP>0.60666596331614875</LP>
      <BETA>4.5618551398675526</BETA>
    </VegetationZoneParameters>
  </VegetationZone>
  <SubCatchment>
    <SubCatchmentParameters>
      <KSI>0.001</KSI>
      <KGmin>0.05</KGmin>
      <RangeKG>0.1</RangeKG>
      <AG>0.1</AG>
      <PERC>3.5666173649797472</PERC>
      <Alpha>0</Alpha>
      <UZL>96.277275743057359</UZL>
      <K0>0.41626945062470566</K0>
      <K1>0.13039402462653565</K1>
      <K2>0.047306493315188061</K2>
      <MAXBAS>1</MAXBAS>
      <Cet>0</Cet>
      <PCALT>10</PCALT>
      <TCALT>0.6</TCALT>
      <Pelev>601.5</Pelev>
      <Telev>601.5</Telev>
      <PART>0.5</PART>
      <DELAY>1</DELAY>
    </SubCatchmentParameters>
    <SubCatchmentVegetationZone>
      <SubCatchmentVegetationZoneParameters>
        <TT>-1.5000028875188802</TT>
        <CFMAX>2.0376785020472674</CFMAX>
        <SP>0</SP>
        <SFCF>0.94601927196768854</SFCF>
        <CFR>0.04989403666454436</CFR>
        <CWH>0.10000000005234581</CWH>
        <CFGlacier>1</CFGlacier>
        <CFSlope>1</CFSlope>
        <FC>128.09446930957057</FC>
        <LP>0.60666596331614875</LP>
        <BETA>4.5618551398675526</BETA>
      </SubCatchmentVegetationZoneParameters>
    </SubCatchmentVegetationZone>
  </SubCatchment>
</Catchment>