<?xml version="1.0" encoding="utf-8"?>
<Catchment xmlns:xsi="http://www.w3.org/2001/XMLSchema-instance" xmlns:xsd="http://www.w3.org/2001/XMLSchema">
  <CatchmentParameters>
    <KSI>0.001</KSI>
    <KGmin>0.05</KGmin>
    <RangeKG>0.1</RangeKG>
    <AG>0.1</AG>
    <PERC>8.7913734965680383</PERC>
    <Alpha>0</Alpha>
    <UZL>139.54348184088849</UZL>
    <K0>0.48545223796765585</K0>
    <K1>0.23121408196656945</K1>
    <K2>0.094964705692311482</K2>
    <MAXBAS>1.0000548496089263</MAXBAS>
    <Cet>0</Cet>
    <PCALT>10</PCALT>
    <TCALT>0.6</TCALT>
    <Pelev>601.5</Pelev>
    <Telev>601.5</Telev>
    <PART>0.5</PART>
    <DELAY>1</DELAY>
  </CatchmentParameters>
  <VegetationZone>
    <VegetationZoneParameters>
      <TT>-0.049997106756603758</TT>
      <CFMAX>2.4149489729796985</CFMAX>
      <SP>0</SP>
      <SFCF>0.634236857882989</SFCF>
      <CFR>0.040474851204546983</CFR>
      <CWH>0.1000001076151749</CWH>
      <CFGlacier>1</CFGlacier>
      <CFSlope>1</CFSlope>
      <FC>209.02835463854592</FC>
      <LP>0.94396457845868476</LP>
      <BETA>5.5499262325557392</BETA>
    </VegetationZoneParameters>
  </VegetationZone>
  <SubCatchment>
    <SubCatchmentParameters>
      <KSI>0.001</KSI>
      <KGmin>0.05</KGmin>
      <RangeKG>0.1</RangeKG>
      <AG>0.1</AG>
      <PERC>8.7913734965680383</PERC>
      <Alpha>0</Alpha>
      <UZL>139.54348184088849</UZL>
      <K0>0.48545223796765585</K0>
      <K1>0.23121408196656945</K1>
      <K2>0.094964705692311482</K2>
      <MAXBAS>1.0000548496089263</MAXBAS>
      <Cet>0</Cet>
      <PCALT>10</PCALT>
      <TCALT>0.6</TCALT>
      <Pelev>601.5</Pelev>
      <Telev>601.5</Telev>
      <PART>0.5</PART>
      <DELAY>1</DELAY>
    </SubCatchmentParameters>
    <SubCatchmentVegetationZone>
      <SubCatchmentVegetationZoneParameters>
        <TT>-0.049997106756603758</TT>
        <CFMAX>2.4149489729796985</CFMAX>
        <SP>0</SP>
        <SFCF>0.634236857882989</SFCF>
        <CFR>0.040474851204546983</CFR>
        <CWH>0.1000001076151749</CWH>
        <CFGlacier>1</CFGlacier>
        <CFSlope>1</CFSlope>
        <FC>209.02835463854592</FC>
        <LP>0.94396457845868476</LP>
        <BETA>5.5499262325557392</BETA>
      </SubCatchmentVegetationZoneParameters>
    </SubCatchmentVegetationZone>
  </SubCatchment>
</Catchment>