<?xml version="1.0" encoding="utf-8"?>
<Catchment xmlns:xsi="http://www.w3.org/2001/XMLSchema-instance" xmlns:xsd="http://www.w3.org/2001/XMLSchema">
  <CatchmentParameters>
    <KSI>0.001</KSI>
    <KGmin>0.05</KGmin>
    <RangeKG>0.1</RangeKG>
    <AG>0.1</AG>
    <PERC>4.13275129039357</PERC>
    <Alpha>0</Alpha>
    <UZL>79.243799069996555</UZL>
    <K0>0.40417934896899171</K0>
    <K1>0.12958131420205796</K1>
    <K2>0.049889845360339032</K2>
    <MAXBAS>1</MAXBAS>
    <Cet>0</Cet>
    <PCALT>10</PCALT>
    <TCALT>0.6</TCALT>
    <Pelev>601.5</Pelev>
    <Telev>601.5</Telev>
    <PART>0.5</PART>
    <DELAY>1</DELAY>
  </CatchmentParameters>
  <VegetationZone>
    <VegetationZoneParameters>
      <TT>-1.8500008789733136</TT>
      <CFMAX>1.7887767411907296</CFMAX>
      <SP>0</SP>
      <SFCF>0.946973509802653</SFCF>
      <CFR>0.060938768696380645</CFR>
      <CWH>0.10000014273109176</CWH>
      <CFGlacier>1</CFGlacier>
      <CFSlope>1</CFSlope>
      <FC>140.18899699362223</FC>
      <LP>0.70362590163237382</LP>
      <BETA>5.689754770807891</BETA>
    </VegetationZoneParameters>
  </VegetationZone>
  <SubCatchment>
    <SubCatchmentParameters>
      <KSI>0.001</KSI>
      <KGmin>0.05</KGmin>
      <RangeKG>0.1</RangeKG>
      <AG>0.1</AG>
      <PERC>4.13275129039357</PERC>
      <Alpha>0</Alpha>
      <UZL>79.243799069996555</UZL>
      <K0>0.40417934896899171</K0>
      <K1>0.12958131420205796</K1>
      <K2>0.049889845360339032</K2>
      <MAXBAS>1</MAXBAS>
      <Cet>0</Cet>
      <PCALT>10</PCALT>
      <TCALT>0.6</TCALT>
      <Pelev>601.5</Pelev>
      <Telev>601.5</Telev>
      <PART>0.5</PART>
      <DELAY>1</DELAY>
    </SubCatchmentParameters>
    <SubCatchmentVegetationZone>
      <SubCatchmentVegetationZoneParameters>
        <TT>-1.8500008789733136</TT>
        <CFMAX>1.7887767411907296</CFMAX>
        <SP>0</SP>
        <SFCF>0.946973509802653</SFCF>
        <CFR>0.060938768696380645</CFR>
        <CWH>0.10000014273109176</CWH>
        <CFGlacier>1</CFGlacier>
        <CFSlope>1</CFSlope>
        <FC>140.18899699362223</FC>
        <LP>0.70362590163237382</LP>
        <BETA>5.689754770807891</BETA>
      </SubCatchmentVegetationZoneParameters>
    </SubCatchmentVegetationZone>
  </SubCatchment>
</Catchment>