<?xml version="1.0" encoding="utf-8"?>
<Catchment xmlns:xsi="http://www.w3.org/2001/XMLSchema-instance" xmlns:xsd="http://www.w3.org/2001/XMLSchema">
  <CatchmentParameters>
    <KSI>0.001</KSI>
    <KGmin>0.05</KGmin>
    <RangeKG>0.1</RangeKG>
    <AG>0.1</AG>
    <PERC>8.9999140677665732</PERC>
    <Alpha>0</Alpha>
    <UZL>83.876724083748</UZL>
    <K0>0.4865277802350873</K0>
    <K1>0.2407909119163808</K1>
    <K2>0.088503596630844381</K2>
    <MAXBAS>1.0000613099779698</MAXBAS>
    <Cet>0</Cet>
    <PCALT>10</PCALT>
    <TCALT>0.6</TCALT>
    <Pelev>601.5</Pelev>
    <Telev>601.5</Telev>
    <PART>0.5</PART>
    <DELAY>1</DELAY>
  </CatchmentParameters>
  <VegetationZone>
    <VegetationZoneParameters>
      <TT>-0.56382577408700074</TT>
      <CFMAX>2.1312578687790964</CFMAX>
      <SP>0</SP>
      <SFCF>0.68802068345892931</SFCF>
      <CFR>0.052873577512232511</CFR>
      <CWH>0.10000011824067778</CWH>
      <CFGlacier>1</CFGlacier>
      <CFSlope>1</CFSlope>
      <FC>174.59285400584636</FC>
      <LP>0.89391818020230984</LP>
      <BETA>4.8169415788214085</BETA>
    </VegetationZoneParameters>
  </VegetationZone>
  <SubCatchment>
    <SubCatchmentParameters>
      <KSI>0.001</KSI>
      <KGmin>0.05</KGmin>
      <RangeKG>0.1</RangeKG>
      <AG>0.1</AG>
      <PERC>8.9999140677665732</PERC>
      <Alpha>0</Alpha>
      <UZL>83.876724083748</UZL>
      <K0>0.4865277802350873</K0>
      <K1>0.2407909119163808</K1>
      <K2>0.088503596630844381</K2>
      <MAXBAS>1.0000613099779698</MAXBAS>
      <Cet>0</Cet>
      <PCALT>10</PCALT>
      <TCALT>0.6</TCALT>
      <Pelev>601.5</Pelev>
      <Telev>601.5</Telev>
      <PART>0.5</PART>
      <DELAY>1</DELAY>
    </SubCatchmentParameters>
    <SubCatchmentVegetationZone>
      <SubCatchmentVegetationZoneParameters>
        <TT>-0.56382577408700074</TT>
        <CFMAX>2.1312578687790964</CFMAX>
        <SP>0</SP>
        <SFCF>0.68802068345892931</SFCF>
        <CFR>0.052873577512232511</CFR>
        <CWH>0.10000011824067778</CWH>
        <CFGlacier>1</CFGlacier>
        <CFSlope>1</CFSlope>
        <FC>174.59285400584636</FC>
        <LP>0.89391818020230984</LP>
        <BETA>4.8169415788214085</BETA>
      </SubCatchmentVegetationZoneParameters>
    </SubCatchmentVegetationZone>
  </SubCatchment>
</Catchment>