<?xml version="1.0" encoding="utf-8"?>
<Catchment xmlns:xsi="http://www.w3.org/2001/XMLSchema-instance" xmlns:xsd="http://www.w3.org/2001/XMLSchema">
  <CatchmentParameters>
    <KSI>0.001</KSI>
    <KGmin>0.05</KGmin>
    <RangeKG>0.1</RangeKG>
    <AG>0.1</AG>
    <PERC>5.6417580937083907</PERC>
    <Alpha>0</Alpha>
    <UZL>57.32010947114501</UZL>
    <K0>0.98998314487958161</K0>
    <K1>0.18658976633959754</K1>
    <K2>0.053602864678579956</K2>
    <MAXBAS>1</MAXBAS>
    <Cet>0</Cet>
    <PCALT>10</PCALT>
    <TCALT>0.6</TCALT>
    <Pelev>601.5</Pelev>
    <Telev>601.5</Telev>
    <PART>0.5</PART>
    <DELAY>1</DELAY>
  </CatchmentParameters>
  <VegetationZone>
    <VegetationZoneParameters>
      <TT>-1.8500026458747909</TT>
      <CFMAX>1.536316020849166</CFMAX>
      <SP>0</SP>
      <SFCF>0.88127315382723714</SFCF>
      <CFR>0.041814580704061938</CFR>
      <CWH>0.10000007456706</CWH>
      <CFGlacier>1</CFGlacier>
      <CFSlope>1</CFSlope>
      <FC>108.07106482116735</FC>
      <LP>0.67789413753720118</LP>
      <BETA>5.0384989962387534</BETA>
    </VegetationZoneParameters>
  </VegetationZone>
  <SubCatchment>
    <SubCatchmentParameters>
      <KSI>0.001</KSI>
      <KGmin>0.05</KGmin>
      <RangeKG>0.1</RangeKG>
      <AG>0.1</AG>
      <PERC>5.6417580937083907</PERC>
      <Alpha>0</Alpha>
      <UZL>57.32010947114501</UZL>
      <K0>0.98998314487958161</K0>
      <K1>0.18658976633959754</K1>
      <K2>0.053602864678579956</K2>
      <MAXBAS>1</MAXBAS>
      <Cet>0</Cet>
      <PCALT>10</PCALT>
      <TCALT>0.6</TCALT>
      <Pelev>601.5</Pelev>
      <Telev>601.5</Telev>
      <PART>0.5</PART>
      <DELAY>1</DELAY>
    </SubCatchmentParameters>
    <SubCatchmentVegetationZone>
      <SubCatchmentVegetationZoneParameters>
        <TT>-1.8500026458747909</TT>
        <CFMAX>1.536316020849166</CFMAX>
        <SP>0</SP>
        <SFCF>0.88127315382723714</SFCF>
        <CFR>0.041814580704061938</CFR>
        <CWH>0.10000007456706</CWH>
        <CFGlacier>1</CFGlacier>
        <CFSlope>1</CFSlope>
        <FC>108.07106482116735</FC>
        <LP>0.67789413753720118</LP>
        <BETA>5.0384989962387534</BETA>
      </SubCatchmentVegetationZoneParameters>
    </SubCatchmentVegetationZone>
  </SubCatchment>
</Catchment>