<?xml version="1.0" encoding="utf-8"?>
<Catchment xmlns:xsi="http://www.w3.org/2001/XMLSchema-instance" xmlns:xsd="http://www.w3.org/2001/XMLSchema">
  <CatchmentParameters>
    <KSI>0.001</KSI>
    <KGmin>0.05</KGmin>
    <RangeKG>0.1</RangeKG>
    <AG>0.1</AG>
    <PERC>4.8451428729843844</PERC>
    <Alpha>0</Alpha>
    <UZL>44.070082101526808</UZL>
    <K0>0.17251164570589106</K0>
    <K1>0.14513040907752059</K1>
    <K2>0.054982717411928082</K2>
    <MAXBAS>1</MAXBAS>
    <Cet>0</Cet>
    <PCALT>10</PCALT>
    <TCALT>0.6</TCALT>
    <Pelev>601.5</Pelev>
    <Telev>601.5</Telev>
    <PART>0.5</PART>
    <DELAY>1</DELAY>
  </CatchmentParameters>
  <VegetationZone>
    <VegetationZoneParameters>
      <TT>-1.1767950880390383</TT>
      <CFMAX>1.8696050688296069</CFMAX>
      <SP>0</SP>
      <SFCF>0.88336694650117076</SFCF>
      <CFR>2.021987629721085E-08</CFR>
      <CWH>0.10000027857879083</CWH>
      <CFGlacier>1</CFGlacier>
      <CFSlope>1</CFSlope>
      <FC>134.37276299789218</FC>
      <LP>0.78157902035123084</LP>
      <BETA>5.9999791051897642</BETA>
    </VegetationZoneParameters>
  </VegetationZone>
  <SubCatchment>
    <SubCatchmentParameters>
      <KSI>0.001</KSI>
      <KGmin>0.05</KGmin>
      <RangeKG>0.1</RangeKG>
      <AG>0.1</AG>
      <PERC>4.8451428729843844</PERC>
      <Alpha>0</Alpha>
      <UZL>44.070082101526808</UZL>
      <K0>0.17251164570589106</K0>
      <K1>0.14513040907752059</K1>
      <K2>0.054982717411928082</K2>
      <MAXBAS>1</MAXBAS>
      <Cet>0</Cet>
      <PCALT>10</PCALT>
      <TCALT>0.6</TCALT>
      <Pelev>601.5</Pelev>
      <Telev>601.5</Telev>
      <PART>0.5</PART>
      <DELAY>1</DELAY>
    </SubCatchmentParameters>
    <SubCatchmentVegetationZone>
      <SubCatchmentVegetationZoneParameters>
        <TT>-1.1767950880390383</TT>
        <CFMAX>1.8696050688296069</CFMAX>
        <SP>0</SP>
        <SFCF>0.88336694650117076</SFCF>
        <CFR>2.021987629721085E-08</CFR>
        <CWH>0.10000027857879083</CWH>
        <CFGlacier>1</CFGlacier>
        <CFSlope>1</CFSlope>
        <FC>134.37276299789218</FC>
        <LP>0.78157902035123084</LP>
        <BETA>5.9999791051897642</BETA>
      </SubCatchmentVegetationZoneParameters>
    </SubCatchmentVegetationZone>
  </SubCatchment>
</Catchment>