<?xml version="1.0" encoding="utf-8"?>
<Catchment xmlns:xsi="http://www.w3.org/2001/XMLSchema-instance" xmlns:xsd="http://www.w3.org/2001/XMLSchema">
  <CatchmentParameters>
    <KSI>0.001</KSI>
    <KGmin>0.05</KGmin>
    <RangeKG>0.1</RangeKG>
    <AG>0.1</AG>
    <PERC>5.3233505881630947</PERC>
    <Alpha>0</Alpha>
    <UZL>157.60778023650889</UZL>
    <K0>0.9053299829016388</K0>
    <K1>0.16580678676870561</K1>
    <K2>0.053517554576677284</K2>
    <MAXBAS>1</MAXBAS>
    <Cet>0</Cet>
    <PCALT>10</PCALT>
    <TCALT>0.6</TCALT>
    <Pelev>601.5</Pelev>
    <Telev>601.5</Telev>
    <PART>0.5</PART>
    <DELAY>1</DELAY>
  </CatchmentParameters>
  <VegetationZone>
    <VegetationZoneParameters>
      <TT>-0.8447010678458412</TT>
      <CFMAX>2.2634418086728116</CFMAX>
      <SP>0</SP>
      <SFCF>0.904346628577882</SFCF>
      <CFR>6.1915154948162605E-09</CFR>
      <CWH>0.10000003274843392</CWH>
      <CFGlacier>1</CFGlacier>
      <CFSlope>1</CFSlope>
      <FC>139.62575718537011</FC>
      <LP>0.76300037139757237</LP>
      <BETA>5.9999954055190159</BETA>
    </VegetationZoneParameters>
  </VegetationZone>
  <SubCatchment>
    <SubCatchmentParameters>
      <KSI>0.001</KSI>
      <KGmin>0.05</KGmin>
      <RangeKG>0.1</RangeKG>
      <AG>0.1</AG>
      <PERC>5.3233505881630947</PERC>
      <Alpha>0</Alpha>
      <UZL>157.60778023650889</UZL>
      <K0>0.9053299829016388</K0>
      <K1>0.16580678676870561</K1>
      <K2>0.053517554576677284</K2>
      <MAXBAS>1</MAXBAS>
      <Cet>0</Cet>
      <PCALT>10</PCALT>
      <TCALT>0.6</TCALT>
      <Pelev>601.5</Pelev>
      <Telev>601.5</Telev>
      <PART>0.5</PART>
      <DELAY>1</DELAY>
    </SubCatchmentParameters>
    <SubCatchmentVegetationZone>
      <SubCatchmentVegetationZoneParameters>
        <TT>-0.8447010678458412</TT>
        <CFMAX>2.2634418086728116</CFMAX>
        <SP>0</SP>
        <SFCF>0.904346628577882</SFCF>
        <CFR>6.1915154948162605E-09</CFR>
        <CWH>0.10000003274843392</CWH>
        <CFGlacier>1</CFGlacier>
        <CFSlope>1</CFSlope>
        <FC>139.62575718537011</FC>
        <LP>0.76300037139757237</LP>
        <BETA>5.9999954055190159</BETA>
      </SubCatchmentVegetationZoneParameters>
    </SubCatchmentVegetationZone>
  </SubCatchment>
</Catchment>