<?xml version="1.0" encoding="utf-8"?>
<Catchment xmlns:xsi="http://www.w3.org/2001/XMLSchema-instance" xmlns:xsd="http://www.w3.org/2001/XMLSchema">
  <CatchmentParameters>
    <KSI>0.001</KSI>
    <KGmin>0.05</KGmin>
    <RangeKG>0.1</RangeKG>
    <AG>0.1</AG>
    <PERC>9.99999341336229</PERC>
    <Alpha>0</Alpha>
    <UZL>137.77710065077207</UZL>
    <K0>0.43123344359808274</K0>
    <K1>0.40025241201578804</K1>
    <K2>0.088001276897726979</K2>
    <MAXBAS>1.511545464402527</MAXBAS>
    <Cet>0</Cet>
    <PCALT>10</PCALT>
    <TCALT>0.6</TCALT>
    <Pelev>601.5</Pelev>
    <Telev>601.5</Telev>
    <PART>0.5</PART>
    <DELAY>1</DELAY>
  </CatchmentParameters>
  <VegetationZone>
    <VegetationZoneParameters>
      <TT>-2.0000010691970269</TT>
      <CFMAX>1.3460374601641612</CFMAX>
      <SP>0</SP>
      <SFCF>0.837118805832297</SFCF>
      <CFR>0.044091544994492575</CFR>
      <CWH>0.18119196699780232</CWH>
      <CFGlacier>1</CFGlacier>
      <CFSlope>1</CFSlope>
      <FC>184.67422526776923</FC>
      <LP>0.74998722370614945</LP>
      <BETA>2.6270537344707718</BETA>
    </VegetationZoneParameters>
  </VegetationZone>
  <SubCatchment>
    <SubCatchmentParameters>
      <KSI>0.001</KSI>
      <KGmin>0.05</KGmin>
      <RangeKG>0.1</RangeKG>
      <AG>0.1</AG>
      <PERC>9.99999341336229</PERC>
      <Alpha>0</Alpha>
      <UZL>137.77710065077207</UZL>
      <K0>0.43123344359808274</K0>
      <K1>0.40025241201578804</K1>
      <K2>0.088001276897726979</K2>
      <MAXBAS>1.511545464402527</MAXBAS>
      <Cet>0</Cet>
      <PCALT>10</PCALT>
      <TCALT>0.6</TCALT>
      <Pelev>601.5</Pelev>
      <Telev>601.5</Telev>
      <PART>0.5</PART>
      <DELAY>1</DELAY>
    </SubCatchmentParameters>
    <SubCatchmentVegetationZone>
      <SubCatchmentVegetationZoneParameters>
        <TT>-2.0000010691970269</TT>
        <CFMAX>1.3460374601641612</CFMAX>
        <SP>0</SP>
        <SFCF>0.837118805832297</SFCF>
        <CFR>0.044091544994492575</CFR>
        <CWH>0.18119196699780232</CWH>
        <CFGlacier>1</CFGlacier>
        <CFSlope>1</CFSlope>
        <FC>184.67422526776923</FC>
        <LP>0.74998722370614945</LP>
        <BETA>2.6270537344707718</BETA>
      </SubCatchmentVegetationZoneParameters>
    </SubCatchmentVegetationZone>
  </SubCatchment>
</Catchment>