<?xml version="1.0" encoding="utf-8"?>
<Catchment xmlns:xsi="http://www.w3.org/2001/XMLSchema-instance" xmlns:xsd="http://www.w3.org/2001/XMLSchema">
  <CatchmentParameters>
    <KSI>0.001</KSI>
    <KGmin>0.05</KGmin>
    <RangeKG>0.1</RangeKG>
    <AG>0.1</AG>
    <PERC>3.7046358032564761</PERC>
    <Alpha>0</Alpha>
    <UZL>116.58763672124177</UZL>
    <K0>0.38961497843000453</K0>
    <K1>0.13281988489429744</K1>
    <K2>0.047450962158798633</K2>
    <MAXBAS>1</MAXBAS>
    <Cet>0</Cet>
    <PCALT>10</PCALT>
    <TCALT>0.6</TCALT>
    <Pelev>601.5</Pelev>
    <Telev>601.5</Telev>
    <PART>0.5</PART>
    <DELAY>1</DELAY>
  </CatchmentParameters>
  <VegetationZone>
    <VegetationZoneParameters>
      <TT>-1.0192709900749164</TT>
      <CFMAX>2.3947679999714326</CFMAX>
      <SP>0</SP>
      <SFCF>0.93791325855151875</SFCF>
      <CFR>0.017902050845117107</CFR>
      <CWH>0.10000001764841614</CWH>
      <CFGlacier>1</CFGlacier>
      <CFSlope>1</CFSlope>
      <FC>112.99207876520561</FC>
      <LP>0.52907126404791183</LP>
      <BETA>3.8162524211755562</BETA>
    </VegetationZoneParameters>
  </VegetationZone>
  <SubCatchment>
    <SubCatchmentParameters>
      <KSI>0.001</KSI>
      <KGmin>0.05</KGmin>
      <RangeKG>0.1</RangeKG>
      <AG>0.1</AG>
      <PERC>3.7046358032564761</PERC>
      <Alpha>0</Alpha>
      <UZL>116.58763672124177</UZL>
      <K0>0.38961497843000453</K0>
      <K1>0.13281988489429744</K1>
      <K2>0.047450962158798633</K2>
      <MAXBAS>1</MAXBAS>
      <Cet>0</Cet>
      <PCALT>10</PCALT>
      <TCALT>0.6</TCALT>
      <Pelev>601.5</Pelev>
      <Telev>601.5</Telev>
      <PART>0.5</PART>
      <DELAY>1</DELAY>
    </SubCatchmentParameters>
    <SubCatchmentVegetationZone>
      <SubCatchmentVegetationZoneParameters>
        <TT>-1.0192709900749164</TT>
        <CFMAX>2.3947679999714326</CFMAX>
        <SP>0</SP>
        <SFCF>0.93791325855151875</SFCF>
        <CFR>0.017902050845117107</CFR>
        <CWH>0.10000001764841614</CWH>
        <CFGlacier>1</CFGlacier>
        <CFSlope>1</CFSlope>
        <FC>112.99207876520561</FC>
        <LP>0.52907126404791183</LP>
        <BETA>3.8162524211755562</BETA>
      </SubCatchmentVegetationZoneParameters>
    </SubCatchmentVegetationZone>
  </SubCatchment>
</Catchment>