<?xml version="1.0" encoding="utf-8"?>
<Catchment xmlns:xsi="http://www.w3.org/2001/XMLSchema-instance" xmlns:xsd="http://www.w3.org/2001/XMLSchema">
  <CatchmentParameters>
    <KSI>0.001</KSI>
    <KGmin>0.05</KGmin>
    <RangeKG>0.1</RangeKG>
    <AG>0.1</AG>
    <PERC>9.7115443341001288</PERC>
    <Alpha>0</Alpha>
    <UZL>125.59736869944813</UZL>
    <K0>0.35469196057613689</K0>
    <K1>0.23565666951820305</K1>
    <K2>0.083923229360436252</K2>
    <MAXBAS>1.0050386395721171</MAXBAS>
    <Cet>0</Cet>
    <PCALT>10</PCALT>
    <TCALT>0.6</TCALT>
    <Pelev>601.5</Pelev>
    <Telev>601.5</Telev>
    <PART>0.5</PART>
    <DELAY>1</DELAY>
  </CatchmentParameters>
  <VegetationZone>
    <VegetationZoneParameters>
      <TT>-0.80000005703383636</TT>
      <CFMAX>2.1265640133715986</CFMAX>
      <SP>0</SP>
      <SFCF>0.771015237301724</SFCF>
      <CFR>0.0358402186972192</CFR>
      <CWH>0.10000000870437631</CWH>
      <CFGlacier>1</CFGlacier>
      <CFSlope>1</CFSlope>
      <FC>182.28408895946208</FC>
      <LP>0.93896556026382794</LP>
      <BETA>5.7578276431269284</BETA>
    </VegetationZoneParameters>
  </VegetationZone>
  <SubCatchment>
    <SubCatchmentParameters>
      <KSI>0.001</KSI>
      <KGmin>0.05</KGmin>
      <RangeKG>0.1</RangeKG>
      <AG>0.1</AG>
      <PERC>9.7115443341001288</PERC>
      <Alpha>0</Alpha>
      <UZL>125.59736869944813</UZL>
      <K0>0.35469196057613689</K0>
      <K1>0.23565666951820305</K1>
      <K2>0.083923229360436252</K2>
      <MAXBAS>1.0050386395721171</MAXBAS>
      <Cet>0</Cet>
      <PCALT>10</PCALT>
      <TCALT>0.6</TCALT>
      <Pelev>601.5</Pelev>
      <Telev>601.5</Telev>
      <PART>0.5</PART>
      <DELAY>1</DELAY>
    </SubCatchmentParameters>
    <SubCatchmentVegetationZone>
      <SubCatchmentVegetationZoneParameters>
        <TT>-0.80000005703383636</TT>
        <CFMAX>2.1265640133715986</CFMAX>
        <SP>0</SP>
        <SFCF>0.771015237301724</SFCF>
        <CFR>0.0358402186972192</CFR>
        <CWH>0.10000000870437631</CWH>
        <CFGlacier>1</CFGlacier>
        <CFSlope>1</CFSlope>
        <FC>182.28408895946208</FC>
        <LP>0.93896556026382794</LP>
        <BETA>5.7578276431269284</BETA>
      </SubCatchmentVegetationZoneParameters>
    </SubCatchmentVegetationZone>
  </SubCatchment>
</Catchment>