<?xml version="1.0" encoding="utf-8"?>
<Catchment xmlns:xsi="http://www.w3.org/2001/XMLSchema-instance" xmlns:xsd="http://www.w3.org/2001/XMLSchema">
  <CatchmentParameters>
    <KSI>0.001</KSI>
    <KGmin>0.05</KGmin>
    <RangeKG>0.1</RangeKG>
    <AG>0.1</AG>
    <PERC>9.9999465843154418</PERC>
    <Alpha>0</Alpha>
    <UZL>125.01440000425829</UZL>
    <K0>0.24440153613935792</K0>
    <K1>0.2525950481856496</K1>
    <K2>0.09592274149114742</K2>
    <MAXBAS>1.00245660177871</MAXBAS>
    <Cet>0</Cet>
    <PCALT>10</PCALT>
    <TCALT>0.6</TCALT>
    <Pelev>601.5</Pelev>
    <Telev>601.5</Telev>
    <PART>0.5</PART>
    <DELAY>1</DELAY>
  </CatchmentParameters>
  <VegetationZone>
    <VegetationZoneParameters>
      <TT>-1.1803705762030918</TT>
      <CFMAX>1.8924453729122288</CFMAX>
      <SP>0</SP>
      <SFCF>0.7681445224426</SFCF>
      <CFR>0.051751686489983635</CFR>
      <CWH>0.10000002468939194</CWH>
      <CFGlacier>1</CFGlacier>
      <CFSlope>1</CFSlope>
      <FC>161.34213897555406</FC>
      <LP>0.80721650900534092</LP>
      <BETA>3.6674122109055718</BETA>
    </VegetationZoneParameters>
  </VegetationZone>
  <SubCatchment>
    <SubCatchmentParameters>
      <KSI>0.001</KSI>
      <KGmin>0.05</KGmin>
      <RangeKG>0.1</RangeKG>
      <AG>0.1</AG>
      <PERC>9.9999465843154418</PERC>
      <Alpha>0</Alpha>
      <UZL>125.01440000425829</UZL>
      <K0>0.24440153613935792</K0>
      <K1>0.2525950481856496</K1>
      <K2>0.09592274149114742</K2>
      <MAXBAS>1.00245660177871</MAXBAS>
      <Cet>0</Cet>
      <PCALT>10</PCALT>
      <TCALT>0.6</TCALT>
      <Pelev>601.5</Pelev>
      <Telev>601.5</Telev>
      <PART>0.5</PART>
      <DELAY>1</DELAY>
    </SubCatchmentParameters>
    <SubCatchmentVegetationZone>
      <SubCatchmentVegetationZoneParameters>
        <TT>-1.1803705762030918</TT>
        <CFMAX>1.8924453729122288</CFMAX>
        <SP>0</SP>
        <SFCF>0.7681445224426</SFCF>
        <CFR>0.051751686489983635</CFR>
        <CWH>0.10000002468939194</CWH>
        <CFGlacier>1</CFGlacier>
        <CFSlope>1</CFSlope>
        <FC>161.34213897555406</FC>
        <LP>0.80721650900534092</LP>
        <BETA>3.6674122109055718</BETA>
      </SubCatchmentVegetationZoneParameters>
    </SubCatchmentVegetationZone>
  </SubCatchment>
</Catchment>