<?xml version="1.0" encoding="utf-8"?>
<Catchment xmlns:xsi="http://www.w3.org/2001/XMLSchema-instance" xmlns:xsd="http://www.w3.org/2001/XMLSchema">
  <CatchmentParameters>
    <KSI>0.001</KSI>
    <KGmin>0.05</KGmin>
    <RangeKG>0.1</RangeKG>
    <AG>0.1</AG>
    <PERC>5.795649862553212</PERC>
    <Alpha>0</Alpha>
    <UZL>197.75289969474039</UZL>
    <K0>0.494904367181274</K0>
    <K1>0.20824785306486043</K1>
    <K2>0.076981710980681</K2>
    <MAXBAS>1.0000446988096927</MAXBAS>
    <Cet>0</Cet>
    <PCALT>10</PCALT>
    <TCALT>0.6</TCALT>
    <Pelev>601.5</Pelev>
    <Telev>601.5</Telev>
    <PART>0.5</PART>
    <DELAY>1</DELAY>
  </CatchmentParameters>
  <VegetationZone>
    <VegetationZoneParameters>
      <TT>-0.50663360509999444</TT>
      <CFMAX>2.10523731087116</CFMAX>
      <SP>0</SP>
      <SFCF>0.659398231730831</SFCF>
      <CFR>0.054332612289107525</CFR>
      <CWH>0.10000028233915927</CWH>
      <CFGlacier>1</CFGlacier>
      <CFSlope>1</CFSlope>
      <FC>149.45418492783779</FC>
      <LP>0.77821505650568845</LP>
      <BETA>3.3971522893027286</BETA>
    </VegetationZoneParameters>
  </VegetationZone>
  <SubCatchment>
    <SubCatchmentParameters>
      <KSI>0.001</KSI>
      <KGmin>0.05</KGmin>
      <RangeKG>0.1</RangeKG>
      <AG>0.1</AG>
      <PERC>5.795649862553212</PERC>
      <Alpha>0</Alpha>
      <UZL>197.75289969474039</UZL>
      <K0>0.494904367181274</K0>
      <K1>0.20824785306486043</K1>
      <K2>0.076981710980681</K2>
      <MAXBAS>1.0000446988096927</MAXBAS>
      <Cet>0</Cet>
      <PCALT>10</PCALT>
      <TCALT>0.6</TCALT>
      <Pelev>601.5</Pelev>
      <Telev>601.5</Telev>
      <PART>0.5</PART>
      <DELAY>1</DELAY>
    </SubCatchmentParameters>
    <SubCatchmentVegetationZone>
      <SubCatchmentVegetationZoneParameters>
        <TT>-0.50663360509999444</TT>
        <CFMAX>2.10523731087116</CFMAX>
        <SP>0</SP>
        <SFCF>0.659398231730831</SFCF>
        <CFR>0.054332612289107525</CFR>
        <CWH>0.10000028233915927</CWH>
        <CFGlacier>1</CFGlacier>
        <CFSlope>1</CFSlope>
        <FC>149.45418492783779</FC>
        <LP>0.77821505650568845</LP>
        <BETA>3.3971522893027286</BETA>
      </SubCatchmentVegetationZoneParameters>
    </SubCatchmentVegetationZone>
  </SubCatchment>
</Catchment>