<?xml version="1.0" encoding="utf-8"?>
<Catchment xmlns:xsi="http://www.w3.org/2001/XMLSchema-instance" xmlns:xsd="http://www.w3.org/2001/XMLSchema">
  <CatchmentParameters>
    <KSI>0.001</KSI>
    <KGmin>0.05</KGmin>
    <RangeKG>0.1</RangeKG>
    <AG>0.1</AG>
    <PERC>9.9998358350322114</PERC>
    <Alpha>0</Alpha>
    <UZL>153.95268623145304</UZL>
    <K0>0.2661450799409088</K0>
    <K1>0.25416768885758023</K1>
    <K2>0.080979561400335826</K2>
    <MAXBAS>1.1687872182585748</MAXBAS>
    <Cet>0</Cet>
    <PCALT>10</PCALT>
    <TCALT>0.6</TCALT>
    <Pelev>601.5</Pelev>
    <Telev>601.5</Telev>
    <PART>0.5</PART>
    <DELAY>1</DELAY>
  </CatchmentParameters>
  <VegetationZone>
    <VegetationZoneParameters>
      <TT>-0.96313811593494925</TT>
      <CFMAX>2.0909908206153904</CFMAX>
      <SP>0</SP>
      <SFCF>0.75984154506259316</SFCF>
      <CFR>0.066394992094366168</CFR>
      <CWH>0.10000015458048785</CWH>
      <CFGlacier>1</CFGlacier>
      <CFSlope>1</CFSlope>
      <FC>142.12255631287454</FC>
      <LP>0.84823283885919309</LP>
      <BETA>4.4244057724641346</BETA>
    </VegetationZoneParameters>
  </VegetationZone>
  <SubCatchment>
    <SubCatchmentParameters>
      <KSI>0.001</KSI>
      <KGmin>0.05</KGmin>
      <RangeKG>0.1</RangeKG>
      <AG>0.1</AG>
      <PERC>9.9998358350322114</PERC>
      <Alpha>0</Alpha>
      <UZL>153.95268623145304</UZL>
      <K0>0.2661450799409088</K0>
      <K1>0.25416768885758023</K1>
      <K2>0.080979561400335826</K2>
      <MAXBAS>1.1687872182585748</MAXBAS>
      <Cet>0</Cet>
      <PCALT>10</PCALT>
      <TCALT>0.6</TCALT>
      <Pelev>601.5</Pelev>
      <Telev>601.5</Telev>
      <PART>0.5</PART>
      <DELAY>1</DELAY>
    </SubCatchmentParameters>
    <SubCatchmentVegetationZone>
      <SubCatchmentVegetationZoneParameters>
        <TT>-0.96313811593494925</TT>
        <CFMAX>2.0909908206153904</CFMAX>
        <SP>0</SP>
        <SFCF>0.75984154506259316</SFCF>
        <CFR>0.066394992094366168</CFR>
        <CWH>0.10000015458048785</CWH>
        <CFGlacier>1</CFGlacier>
        <CFSlope>1</CFSlope>
        <FC>142.12255631287454</FC>
        <LP>0.84823283885919309</LP>
        <BETA>4.4244057724641346</BETA>
      </SubCatchmentVegetationZoneParameters>
    </SubCatchmentVegetationZone>
  </SubCatchment>
</Catchment>