<?xml version="1.0" encoding="utf-8"?>
<Catchment xmlns:xsi="http://www.w3.org/2001/XMLSchema-instance" xmlns:xsd="http://www.w3.org/2001/XMLSchema">
  <CatchmentParameters>
    <KSI>0.001</KSI>
    <KGmin>0.05</KGmin>
    <RangeKG>0.1</RangeKG>
    <AG>0.1</AG>
    <PERC>5.7128525158443573</PERC>
    <Alpha>0</Alpha>
    <UZL>126.78130129279647</UZL>
    <K0>0.44298311386912903</K0>
    <K1>0.19959498952714944</K1>
    <K2>0.058803615738149351</K2>
    <MAXBAS>1</MAXBAS>
    <Cet>0</Cet>
    <PCALT>10</PCALT>
    <TCALT>0.6</TCALT>
    <Pelev>601.5</Pelev>
    <Telev>601.5</Telev>
    <PART>0.5</PART>
    <DELAY>1</DELAY>
  </CatchmentParameters>
  <VegetationZone>
    <VegetationZoneParameters>
      <TT>-2.0000015914270062</TT>
      <CFMAX>1.3978010602920359</CFMAX>
      <SP>0</SP>
      <SFCF>0.92249664709924384</SFCF>
      <CFR>0.02803552519258689</CFR>
      <CWH>0.10000000012238057</CWH>
      <CFGlacier>1</CFGlacier>
      <CFSlope>1</CFSlope>
      <FC>169.69859864420482</FC>
      <LP>0.76312492191673964</LP>
      <BETA>5.7828214035257064</BETA>
    </VegetationZoneParameters>
  </VegetationZone>
  <SubCatchment>
    <SubCatchmentParameters>
      <KSI>0.001</KSI>
      <KGmin>0.05</KGmin>
      <RangeKG>0.1</RangeKG>
      <AG>0.1</AG>
      <PERC>5.7128525158443573</PERC>
      <Alpha>0</Alpha>
      <UZL>126.78130129279647</UZL>
      <K0>0.44298311386912903</K0>
      <K1>0.19959498952714944</K1>
      <K2>0.058803615738149351</K2>
      <MAXBAS>1</MAXBAS>
      <Cet>0</Cet>
      <PCALT>10</PCALT>
      <TCALT>0.6</TCALT>
      <Pelev>601.5</Pelev>
      <Telev>601.5</Telev>
      <PART>0.5</PART>
      <DELAY>1</DELAY>
    </SubCatchmentParameters>
    <SubCatchmentVegetationZone>
      <SubCatchmentVegetationZoneParameters>
        <TT>-2.0000015914270062</TT>
        <CFMAX>1.3978010602920359</CFMAX>
        <SP>0</SP>
        <SFCF>0.92249664709924384</SFCF>
        <CFR>0.02803552519258689</CFR>
        <CWH>0.10000000012238057</CWH>
        <CFGlacier>1</CFGlacier>
        <CFSlope>1</CFSlope>
        <FC>169.69859864420482</FC>
        <LP>0.76312492191673964</LP>
        <BETA>5.7828214035257064</BETA>
      </SubCatchmentVegetationZoneParameters>
    </SubCatchmentVegetationZone>
  </SubCatchment>
</Catchment>