<?xml version="1.0" encoding="utf-8"?>
<Catchment xmlns:xsi="http://www.w3.org/2001/XMLSchema-instance" xmlns:xsd="http://www.w3.org/2001/XMLSchema">
  <CatchmentParameters>
    <KSI>0.001</KSI>
    <KGmin>0.05</KGmin>
    <RangeKG>0.1</RangeKG>
    <AG>0.1</AG>
    <PERC>9.9999133297153424</PERC>
    <Alpha>0</Alpha>
    <UZL>128.95131183843807</UZL>
    <K0>0.40774273918287784</K0>
    <K1>0.28500347495883782</K1>
    <K2>0.088125711612622448</K2>
    <MAXBAS>1.2306543604138929</MAXBAS>
    <Cet>0</Cet>
    <PCALT>10</PCALT>
    <TCALT>0.6</TCALT>
    <Pelev>601.5</Pelev>
    <Telev>601.5</Telev>
    <PART>0.5</PART>
    <DELAY>1</DELAY>
  </CatchmentParameters>
  <VegetationZone>
    <VegetationZoneParameters>
      <TT>-1.1112577093969422</TT>
      <CFMAX>1.8755512061844915</CFMAX>
      <SP>0</SP>
      <SFCF>0.74724882473017784</SFCF>
      <CFR>0.05782062237180844</CFR>
      <CWH>0.10000001034280451</CWH>
      <CFGlacier>1</CFGlacier>
      <CFSlope>1</CFSlope>
      <FC>147.04457419046523</FC>
      <LP>0.79060150842236243</LP>
      <BETA>3.5487526727054353</BETA>
    </VegetationZoneParameters>
  </VegetationZone>
  <SubCatchment>
    <SubCatchmentParameters>
      <KSI>0.001</KSI>
      <KGmin>0.05</KGmin>
      <RangeKG>0.1</RangeKG>
      <AG>0.1</AG>
      <PERC>9.9999133297153424</PERC>
      <Alpha>0</Alpha>
      <UZL>128.95131183843807</UZL>
      <K0>0.40774273918287784</K0>
      <K1>0.28500347495883782</K1>
      <K2>0.088125711612622448</K2>
      <MAXBAS>1.2306543604138929</MAXBAS>
      <Cet>0</Cet>
      <PCALT>10</PCALT>
      <TCALT>0.6</TCALT>
      <Pelev>601.5</Pelev>
      <Telev>601.5</Telev>
      <PART>0.5</PART>
      <DELAY>1</DELAY>
    </SubCatchmentParameters>
    <SubCatchmentVegetationZone>
      <SubCatchmentVegetationZoneParameters>
        <TT>-1.1112577093969422</TT>
        <CFMAX>1.8755512061844915</CFMAX>
        <SP>0</SP>
        <SFCF>0.74724882473017784</SFCF>
        <CFR>0.05782062237180844</CFR>
        <CWH>0.10000001034280451</CWH>
        <CFGlacier>1</CFGlacier>
        <CFSlope>1</CFSlope>
        <FC>147.04457419046523</FC>
        <LP>0.79060150842236243</LP>
        <BETA>3.5487526727054353</BETA>
      </SubCatchmentVegetationZoneParameters>
    </SubCatchmentVegetationZone>
  </SubCatchment>
</Catchment>