<?xml version="1.0" encoding="utf-8"?>
<Catchment xmlns:xsi="http://www.w3.org/2001/XMLSchema-instance" xmlns:xsd="http://www.w3.org/2001/XMLSchema">
  <CatchmentParameters>
    <KSI>0.001</KSI>
    <KGmin>0.05</KGmin>
    <RangeKG>0.1</RangeKG>
    <AG>0.1</AG>
    <PERC>4.393238270467454</PERC>
    <Alpha>0</Alpha>
    <UZL>67.406199710510379</UZL>
    <K0>0.47718760735759358</K0>
    <K1>0.14156258229469984</K1>
    <K2>0.050507287399218379</K2>
    <MAXBAS>1</MAXBAS>
    <Cet>0</Cet>
    <PCALT>10</PCALT>
    <TCALT>0.6</TCALT>
    <Pelev>601.5</Pelev>
    <Telev>601.5</Telev>
    <PART>0.5</PART>
    <DELAY>1</DELAY>
  </CatchmentParameters>
  <VegetationZone>
    <VegetationZoneParameters>
      <TT>-2.0000015354175478</TT>
      <CFMAX>1.5871414851884864</CFMAX>
      <SP>0</SP>
      <SFCF>0.94438609744894553</SFCF>
      <CFR>0.048513840636364158</CFR>
      <CWH>0.10000021195593339</CWH>
      <CFGlacier>1</CFGlacier>
      <CFSlope>1</CFSlope>
      <FC>132.17326437396255</FC>
      <LP>0.65414954845127116</LP>
      <BETA>5.152357806668701</BETA>
    </VegetationZoneParameters>
  </VegetationZone>
  <SubCatchment>
    <SubCatchmentParameters>
      <KSI>0.001</KSI>
      <KGmin>0.05</KGmin>
      <RangeKG>0.1</RangeKG>
      <AG>0.1</AG>
      <PERC>4.393238270467454</PERC>
      <Alpha>0</Alpha>
      <UZL>67.406199710510379</UZL>
      <K0>0.47718760735759358</K0>
      <K1>0.14156258229469984</K1>
      <K2>0.050507287399218379</K2>
      <MAXBAS>1</MAXBAS>
      <Cet>0</Cet>
      <PCALT>10</PCALT>
      <TCALT>0.6</TCALT>
      <Pelev>601.5</Pelev>
      <Telev>601.5</Telev>
      <PART>0.5</PART>
      <DELAY>1</DELAY>
    </SubCatchmentParameters>
    <SubCatchmentVegetationZone>
      <SubCatchmentVegetationZoneParameters>
        <TT>-2.0000015354175478</TT>
        <CFMAX>1.5871414851884864</CFMAX>
        <SP>0</SP>
        <SFCF>0.94438609744894553</SFCF>
        <CFR>0.048513840636364158</CFR>
        <CWH>0.10000021195593339</CWH>
        <CFGlacier>1</CFGlacier>
        <CFSlope>1</CFSlope>
        <FC>132.17326437396255</FC>
        <LP>0.65414954845127116</LP>
        <BETA>5.152357806668701</BETA>
      </SubCatchmentVegetationZoneParameters>
    </SubCatchmentVegetationZone>
  </SubCatchment>
</Catchment>