<?xml version="1.0" encoding="utf-8"?>
<Catchment xmlns:xsi="http://www.w3.org/2001/XMLSchema-instance" xmlns:xsd="http://www.w3.org/2001/XMLSchema">
  <CatchmentParameters>
    <KSI>0.001</KSI>
    <KGmin>0.05</KGmin>
    <RangeKG>0.1</RangeKG>
    <AG>0.1</AG>
    <PERC>6.8599954362458746</PERC>
    <Alpha>0</Alpha>
    <UZL>134.16361965250275</UZL>
    <K0>0.42262530623693184</K0>
    <K1>0.20996647929259488</K1>
    <K2>0.085806366825626132</K2>
    <MAXBAS>1.0000366992395249</MAXBAS>
    <Cet>0</Cet>
    <PCALT>10</PCALT>
    <TCALT>0.6</TCALT>
    <Pelev>601.5</Pelev>
    <Telev>601.5</Telev>
    <PART>0.5</PART>
    <DELAY>1</DELAY>
  </CatchmentParameters>
  <VegetationZone>
    <VegetationZoneParameters>
      <TT>0.099990139092604471</TT>
      <CFMAX>2.4926284114329618</CFMAX>
      <SP>0</SP>
      <SFCF>0.5921538051176013</SFCF>
      <CFR>0.050627652021840962</CFR>
      <CWH>0.13660763069812151</CWH>
      <CFGlacier>1</CFGlacier>
      <CFSlope>1</CFSlope>
      <FC>118.55452512533216</FC>
      <LP>0.62991670941508537</LP>
      <BETA>2.651073730808287</BETA>
    </VegetationZoneParameters>
  </VegetationZone>
  <SubCatchment>
    <SubCatchmentParameters>
      <KSI>0.001</KSI>
      <KGmin>0.05</KGmin>
      <RangeKG>0.1</RangeKG>
      <AG>0.1</AG>
      <PERC>6.8599954362458746</PERC>
      <Alpha>0</Alpha>
      <UZL>134.16361965250275</UZL>
      <K0>0.42262530623693184</K0>
      <K1>0.20996647929259488</K1>
      <K2>0.085806366825626132</K2>
      <MAXBAS>1.0000366992395249</MAXBAS>
      <Cet>0</Cet>
      <PCALT>10</PCALT>
      <TCALT>0.6</TCALT>
      <Pelev>601.5</Pelev>
      <Telev>601.5</Telev>
      <PART>0.5</PART>
      <DELAY>1</DELAY>
    </SubCatchmentParameters>
    <SubCatchmentVegetationZone>
      <SubCatchmentVegetationZoneParameters>
        <TT>0.099990139092604471</TT>
        <CFMAX>2.4926284114329618</CFMAX>
        <SP>0</SP>
        <SFCF>0.5921538051176013</SFCF>
        <CFR>0.050627652021840962</CFR>
        <CWH>0.13660763069812151</CWH>
        <CFGlacier>1</CFGlacier>
        <CFSlope>1</CFSlope>
        <FC>118.55452512533216</FC>
        <LP>0.62991670941508537</LP>
        <BETA>2.651073730808287</BETA>
      </SubCatchmentVegetationZoneParameters>
    </SubCatchmentVegetationZone>
  </SubCatchment>
</Catchment>