<?xml version="1.0" encoding="utf-8"?>
<Catchment xmlns:xsi="http://www.w3.org/2001/XMLSchema-instance" xmlns:xsd="http://www.w3.org/2001/XMLSchema">
  <CatchmentParameters>
    <KSI>0.001</KSI>
    <KGmin>0.05</KGmin>
    <RangeKG>0.1</RangeKG>
    <AG>0.1</AG>
    <PERC>3.1796868683591342</PERC>
    <Alpha>0</Alpha>
    <UZL>85.836096212175121</UZL>
    <K0>0.540761980478757</K0>
    <K1>0.12579752579619455</K1>
    <K2>0.052454824717379243</K2>
    <MAXBAS>1</MAXBAS>
    <Cet>0</Cet>
    <PCALT>10</PCALT>
    <TCALT>0.6</TCALT>
    <Pelev>601.5</Pelev>
    <Telev>601.5</Telev>
    <PART>0.5</PART>
    <DELAY>1</DELAY>
  </CatchmentParameters>
  <VegetationZone>
    <VegetationZoneParameters>
      <TT>-2.000000002795991</TT>
      <CFMAX>1.6466739944908562</CFMAX>
      <SP>0</SP>
      <SFCF>0.94337219153583873</SFCF>
      <CFR>0.063122957310177086</CFR>
      <CWH>0.10000000936361207</CWH>
      <CFGlacier>1</CFGlacier>
      <CFSlope>1</CFSlope>
      <FC>130.32715579849776</FC>
      <LP>0.57364054035878209</LP>
      <BETA>3.8557683493691903</BETA>
    </VegetationZoneParameters>
  </VegetationZone>
  <SubCatchment>
    <SubCatchmentParameters>
      <KSI>0.001</KSI>
      <KGmin>0.05</KGmin>
      <RangeKG>0.1</RangeKG>
      <AG>0.1</AG>
      <PERC>3.1796868683591342</PERC>
      <Alpha>0</Alpha>
      <UZL>85.836096212175121</UZL>
      <K0>0.540761980478757</K0>
      <K1>0.12579752579619455</K1>
      <K2>0.052454824717379243</K2>
      <MAXBAS>1</MAXBAS>
      <Cet>0</Cet>
      <PCALT>10</PCALT>
      <TCALT>0.6</TCALT>
      <Pelev>601.5</Pelev>
      <Telev>601.5</Telev>
      <PART>0.5</PART>
      <DELAY>1</DELAY>
    </SubCatchmentParameters>
    <SubCatchmentVegetationZone>
      <SubCatchmentVegetationZoneParameters>
        <TT>-2.000000002795991</TT>
        <CFMAX>1.6466739944908562</CFMAX>
        <SP>0</SP>
        <SFCF>0.94337219153583873</SFCF>
        <CFR>0.063122957310177086</CFR>
        <CWH>0.10000000936361207</CWH>
        <CFGlacier>1</CFGlacier>
        <CFSlope>1</CFSlope>
        <FC>130.32715579849776</FC>
        <LP>0.57364054035878209</LP>
        <BETA>3.8557683493691903</BETA>
      </SubCatchmentVegetationZoneParameters>
    </SubCatchmentVegetationZone>
  </SubCatchment>
</Catchment>