<?xml version="1.0" encoding="utf-8"?>
<Catchment xmlns:xsi="http://www.w3.org/2001/XMLSchema-instance" xmlns:xsd="http://www.w3.org/2001/XMLSchema">
  <CatchmentParameters>
    <KSI>0.001</KSI>
    <KGmin>0.05</KGmin>
    <RangeKG>0.1</RangeKG>
    <AG>0.1</AG>
    <PERC>5.3796713695367977</PERC>
    <Alpha>0</Alpha>
    <UZL>116.32451320217494</UZL>
    <K0>0.21127216492943118</K0>
    <K1>0.17065478582690771</K1>
    <K2>0.052179320352757762</K2>
    <MAXBAS>1</MAXBAS>
    <Cet>0</Cet>
    <PCALT>10</PCALT>
    <TCALT>0.6</TCALT>
    <Pelev>601.5</Pelev>
    <Telev>601.5</Telev>
    <PART>0.5</PART>
    <DELAY>1</DELAY>
  </CatchmentParameters>
  <VegetationZone>
    <VegetationZoneParameters>
      <TT>-0.82178360926948557</TT>
      <CFMAX>2.20775371697606</CFMAX>
      <SP>0</SP>
      <SFCF>0.89001025709307124</SFCF>
      <CFR>5.5523567176446569E-09</CFR>
      <CWH>0.10000039593861124</CWH>
      <CFGlacier>1</CFGlacier>
      <CFSlope>1</CFSlope>
      <FC>121.97637196247629</FC>
      <LP>0.74901095070944768</LP>
      <BETA>5.9998591393534548</BETA>
    </VegetationZoneParameters>
  </VegetationZone>
  <SubCatchment>
    <SubCatchmentParameters>
      <KSI>0.001</KSI>
      <KGmin>0.05</KGmin>
      <RangeKG>0.1</RangeKG>
      <AG>0.1</AG>
      <PERC>5.3796713695367977</PERC>
      <Alpha>0</Alpha>
      <UZL>116.32451320217494</UZL>
      <K0>0.21127216492943118</K0>
      <K1>0.17065478582690771</K1>
      <K2>0.052179320352757762</K2>
      <MAXBAS>1</MAXBAS>
      <Cet>0</Cet>
      <PCALT>10</PCALT>
      <TCALT>0.6</TCALT>
      <Pelev>601.5</Pelev>
      <Telev>601.5</Telev>
      <PART>0.5</PART>
      <DELAY>1</DELAY>
    </SubCatchmentParameters>
    <SubCatchmentVegetationZone>
      <SubCatchmentVegetationZoneParameters>
        <TT>-0.82178360926948557</TT>
        <CFMAX>2.20775371697606</CFMAX>
        <SP>0</SP>
        <SFCF>0.89001025709307124</SFCF>
        <CFR>5.5523567176446569E-09</CFR>
        <CWH>0.10000039593861124</CWH>
        <CFGlacier>1</CFGlacier>
        <CFSlope>1</CFSlope>
        <FC>121.97637196247629</FC>
        <LP>0.74901095070944768</LP>
        <BETA>5.9998591393534548</BETA>
      </SubCatchmentVegetationZoneParameters>
    </SubCatchmentVegetationZone>
  </SubCatchment>
</Catchment>