<?xml version="1.0" encoding="utf-8"?>
<Catchment xmlns:xsi="http://www.w3.org/2001/XMLSchema-instance" xmlns:xsd="http://www.w3.org/2001/XMLSchema">
  <CatchmentParameters>
    <KSI>0.001</KSI>
    <KGmin>0.05</KGmin>
    <RangeKG>0.1</RangeKG>
    <AG>0.1</AG>
    <PERC>4.8812037226417013</PERC>
    <Alpha>0</Alpha>
    <UZL>65.309069264707546</UZL>
    <K0>0.44919221484833771</K0>
    <K1>0.14817620001320672</K1>
    <K2>0.054649264748179778</K2>
    <MAXBAS>1</MAXBAS>
    <Cet>0</Cet>
    <PCALT>10</PCALT>
    <TCALT>0.6</TCALT>
    <Pelev>601.5</Pelev>
    <Telev>601.5</Telev>
    <PART>0.5</PART>
    <DELAY>1</DELAY>
  </CatchmentParameters>
  <VegetationZone>
    <VegetationZoneParameters>
      <TT>-1.8500017369832473</TT>
      <CFMAX>1.71137436951722</CFMAX>
      <SP>0</SP>
      <SFCF>0.92073316642748093</SFCF>
      <CFR>0.056422160296223225</CFR>
      <CWH>0.10000008814989546</CWH>
      <CFGlacier>1</CFGlacier>
      <CFSlope>1</CFSlope>
      <FC>145.45404291483158</FC>
      <LP>0.72752592857581788</LP>
      <BETA>5.3673686152054847</BETA>
    </VegetationZoneParameters>
  </VegetationZone>
  <SubCatchment>
    <SubCatchmentParameters>
      <KSI>0.001</KSI>
      <KGmin>0.05</KGmin>
      <RangeKG>0.1</RangeKG>
      <AG>0.1</AG>
      <PERC>4.8812037226417013</PERC>
      <Alpha>0</Alpha>
      <UZL>65.309069264707546</UZL>
      <K0>0.44919221484833771</K0>
      <K1>0.14817620001320672</K1>
      <K2>0.054649264748179778</K2>
      <MAXBAS>1</MAXBAS>
      <Cet>0</Cet>
      <PCALT>10</PCALT>
      <TCALT>0.6</TCALT>
      <Pelev>601.5</Pelev>
      <Telev>601.5</Telev>
      <PART>0.5</PART>
      <DELAY>1</DELAY>
    </SubCatchmentParameters>
    <SubCatchmentVegetationZone>
      <SubCatchmentVegetationZoneParameters>
        <TT>-1.8500017369832473</TT>
        <CFMAX>1.71137436951722</CFMAX>
        <SP>0</SP>
        <SFCF>0.92073316642748093</SFCF>
        <CFR>0.056422160296223225</CFR>
        <CWH>0.10000008814989546</CWH>
        <CFGlacier>1</CFGlacier>
        <CFSlope>1</CFSlope>
        <FC>145.45404291483158</FC>
        <LP>0.72752592857581788</LP>
        <BETA>5.3673686152054847</BETA>
      </SubCatchmentVegetationZoneParameters>
    </SubCatchmentVegetationZone>
  </SubCatchment>
</Catchment>