<?xml version="1.0" encoding="utf-8"?>
<Catchment xmlns:xsi="http://www.w3.org/2001/XMLSchema-instance" xmlns:xsd="http://www.w3.org/2001/XMLSchema">
  <CatchmentParameters>
    <KSI>0.001</KSI>
    <KGmin>0.05</KGmin>
    <RangeKG>0.1</RangeKG>
    <AG>0.1</AG>
    <PERC>9.2609893027320762</PERC>
    <Alpha>0</Alpha>
    <UZL>77.489326008437089</UZL>
    <K0>0.51431662033235992</K0>
    <K1>0.35645372134354969</K1>
    <K2>0.10867047543246701</K2>
    <MAXBAS>1.3609076454548885</MAXBAS>
    <Cet>0</Cet>
    <PCALT>10</PCALT>
    <TCALT>0.6</TCALT>
    <Pelev>601.5</Pelev>
    <Telev>601.5</Telev>
    <PART>0.5</PART>
    <DELAY>1</DELAY>
  </CatchmentParameters>
  <VegetationZone>
    <VegetationZoneParameters>
      <TT>-0.98477499236575017</TT>
      <CFMAX>1.5581662591982286</CFMAX>
      <SP>0</SP>
      <SFCF>0.60773254196975179</SFCF>
      <CFR>0.05933884452948416</CFR>
      <CWH>0.1000000003347615</CWH>
      <CFGlacier>1</CFGlacier>
      <CFSlope>1</CFSlope>
      <FC>249.73358875644453</FC>
      <LP>0.96648114964756726</LP>
      <BETA>5.67679506013957</BETA>
    </VegetationZoneParameters>
  </VegetationZone>
  <SubCatchment>
    <SubCatchmentParameters>
      <KSI>0.001</KSI>
      <KGmin>0.05</KGmin>
      <RangeKG>0.1</RangeKG>
      <AG>0.1</AG>
      <PERC>9.2609893027320762</PERC>
      <Alpha>0</Alpha>
      <UZL>77.489326008437089</UZL>
      <K0>0.51431662033235992</K0>
      <K1>0.35645372134354969</K1>
      <K2>0.10867047543246701</K2>
      <MAXBAS>1.3609076454548885</MAXBAS>
      <Cet>0</Cet>
      <PCALT>10</PCALT>
      <TCALT>0.6</TCALT>
      <Pelev>601.5</Pelev>
      <Telev>601.5</Telev>
      <PART>0.5</PART>
      <DELAY>1</DELAY>
    </SubCatchmentParameters>
    <SubCatchmentVegetationZone>
      <SubCatchmentVegetationZoneParameters>
        <TT>-0.98477499236575017</TT>
        <CFMAX>1.5581662591982286</CFMAX>
        <SP>0</SP>
        <SFCF>0.60773254196975179</SFCF>
        <CFR>0.05933884452948416</CFR>
        <CWH>0.1000000003347615</CWH>
        <CFGlacier>1</CFGlacier>
        <CFSlope>1</CFSlope>
        <FC>249.73358875644453</FC>
        <LP>0.96648114964756726</LP>
        <BETA>5.67679506013957</BETA>
      </SubCatchmentVegetationZoneParameters>
    </SubCatchmentVegetationZone>
  </SubCatchment>
</Catchment>