<?xml version="1.0" encoding="utf-8"?>
<Catchment xmlns:xsi="http://www.w3.org/2001/XMLSchema-instance" xmlns:xsd="http://www.w3.org/2001/XMLSchema">
  <CatchmentParameters>
    <KSI>0.001</KSI>
    <KGmin>0.05</KGmin>
    <RangeKG>0.1</RangeKG>
    <AG>0.1</AG>
    <PERC>9.4598064674044231</PERC>
    <Alpha>0</Alpha>
    <UZL>175.44797456397058</UZL>
    <K0>0.30080359352469394</K0>
    <K1>0.17705799312008944</K1>
    <K2>0.093842237317697114</K2>
    <MAXBAS>1.0049958457186545</MAXBAS>
    <Cet>0</Cet>
    <PCALT>10</PCALT>
    <TCALT>0.6</TCALT>
    <Pelev>601.5</Pelev>
    <Telev>601.5</Telev>
    <PART>0.5</PART>
    <DELAY>1</DELAY>
  </CatchmentParameters>
  <VegetationZone>
    <VegetationZoneParameters>
      <TT>-0.50000143250547124</TT>
      <CFMAX>2.7339318755470234</CFMAX>
      <SP>0</SP>
      <SFCF>0.94535270397882831</SFCF>
      <CFR>3.7881481096272221E-07</CFR>
      <CWH>0.10000008960295964</CWH>
      <CFGlacier>1</CFGlacier>
      <CFSlope>1</CFSlope>
      <FC>353.21288036555359</FC>
      <LP>0.82042866508715817</LP>
      <BETA>2.5182892818182792</BETA>
    </VegetationZoneParameters>
  </VegetationZone>
  <SubCatchment>
    <SubCatchmentParameters>
      <KSI>0.001</KSI>
      <KGmin>0.05</KGmin>
      <RangeKG>0.1</RangeKG>
      <AG>0.1</AG>
      <PERC>9.4598064674044231</PERC>
      <Alpha>0</Alpha>
      <UZL>175.44797456397058</UZL>
      <K0>0.30080359352469394</K0>
      <K1>0.17705799312008944</K1>
      <K2>0.093842237317697114</K2>
      <MAXBAS>1.0049958457186545</MAXBAS>
      <Cet>0</Cet>
      <PCALT>10</PCALT>
      <TCALT>0.6</TCALT>
      <Pelev>601.5</Pelev>
      <Telev>601.5</Telev>
      <PART>0.5</PART>
      <DELAY>1</DELAY>
    </SubCatchmentParameters>
    <SubCatchmentVegetationZone>
      <SubCatchmentVegetationZoneParameters>
        <TT>-0.50000143250547124</TT>
        <CFMAX>2.7339318755470234</CFMAX>
        <SP>0</SP>
        <SFCF>0.94535270397882831</SFCF>
        <CFR>3.7881481096272221E-07</CFR>
        <CWH>0.10000008960295964</CWH>
        <CFGlacier>1</CFGlacier>
        <CFSlope>1</CFSlope>
        <FC>353.21288036555359</FC>
        <LP>0.82042866508715817</LP>
        <BETA>2.5182892818182792</BETA>
      </SubCatchmentVegetationZoneParameters>
    </SubCatchmentVegetationZone>
  </SubCatchment>
</Catchment>