<?xml version="1.0" encoding="utf-8"?>
<Catchment xmlns:xsi="http://www.w3.org/2001/XMLSchema-instance" xmlns:xsd="http://www.w3.org/2001/XMLSchema">
  <CatchmentParameters>
    <KSI>0.001</KSI>
    <KGmin>0.05</KGmin>
    <RangeKG>0.1</RangeKG>
    <AG>0.1</AG>
    <PERC>8.695833940576108</PERC>
    <Alpha>0</Alpha>
    <UZL>110.66677816637213</UZL>
    <K0>0.59022223111221916</K0>
    <K1>0.22416089030843961</K1>
    <K2>0.075017117163262717</K2>
    <MAXBAS>1.0000923204693537</MAXBAS>
    <Cet>0</Cet>
    <PCALT>10</PCALT>
    <TCALT>0.6</TCALT>
    <Pelev>601.5</Pelev>
    <Telev>601.5</Telev>
    <PART>0.5</PART>
    <DELAY>1</DELAY>
  </CatchmentParameters>
  <VegetationZone>
    <VegetationZoneParameters>
      <TT>-0.70756186658749953</TT>
      <CFMAX>2.2195205483666514</CFMAX>
      <SP>0</SP>
      <SFCF>0.74435952521289672</SFCF>
      <CFR>0.061173625625925869</CFR>
      <CWH>0.10000001060876472</CWH>
      <CFGlacier>1</CFGlacier>
      <CFSlope>1</CFSlope>
      <FC>128.30116052068328</FC>
      <LP>0.8184712283173301</LP>
      <BETA>4.4088107465961874</BETA>
    </VegetationZoneParameters>
  </VegetationZone>
  <SubCatchment>
    <SubCatchmentParameters>
      <KSI>0.001</KSI>
      <KGmin>0.05</KGmin>
      <RangeKG>0.1</RangeKG>
      <AG>0.1</AG>
      <PERC>8.695833940576108</PERC>
      <Alpha>0</Alpha>
      <UZL>110.66677816637213</UZL>
      <K0>0.59022223111221916</K0>
      <K1>0.22416089030843961</K1>
      <K2>0.075017117163262717</K2>
      <MAXBAS>1.0000923204693537</MAXBAS>
      <Cet>0</Cet>
      <PCALT>10</PCALT>
      <TCALT>0.6</TCALT>
      <Pelev>601.5</Pelev>
      <Telev>601.5</Telev>
      <PART>0.5</PART>
      <DELAY>1</DELAY>
    </SubCatchmentParameters>
    <SubCatchmentVegetationZone>
      <SubCatchmentVegetationZoneParameters>
        <TT>-0.70756186658749953</TT>
        <CFMAX>2.2195205483666514</CFMAX>
        <SP>0</SP>
        <SFCF>0.74435952521289672</SFCF>
        <CFR>0.061173625625925869</CFR>
        <CWH>0.10000001060876472</CWH>
        <CFGlacier>1</CFGlacier>
        <CFSlope>1</CFSlope>
        <FC>128.30116052068328</FC>
        <LP>0.8184712283173301</LP>
        <BETA>4.4088107465961874</BETA>
      </SubCatchmentVegetationZoneParameters>
    </SubCatchmentVegetationZone>
  </SubCatchment>
</Catchment>