<?xml version="1.0" encoding="utf-8"?>
<Catchment xmlns:xsi="http://www.w3.org/2001/XMLSchema-instance" xmlns:xsd="http://www.w3.org/2001/XMLSchema">
  <CatchmentParameters>
    <KSI>0.001</KSI>
    <KGmin>0.05</KGmin>
    <RangeKG>0.1</RangeKG>
    <AG>0.1</AG>
    <PERC>7.63998890261654</PERC>
    <Alpha>0</Alpha>
    <UZL>138.1321366314755</UZL>
    <K0>0.31256618938131348</K0>
    <K1>0.18618762155623178</K1>
    <K2>0.051568256659296985</K2>
    <MAXBAS>1.0049988143810822</MAXBAS>
    <Cet>0</Cet>
    <PCALT>10</PCALT>
    <TCALT>0.6</TCALT>
    <Pelev>601.5</Pelev>
    <Telev>601.5</Telev>
    <PART>0.5</PART>
    <DELAY>1</DELAY>
  </CatchmentParameters>
  <VegetationZone>
    <VegetationZoneParameters>
      <TT>-0.50010555148226787</TT>
      <CFMAX>2.5976027125246013</CFMAX>
      <SP>0</SP>
      <SFCF>0.82196749817054948</SFCF>
      <CFR>0.038810456894477013</CFR>
      <CWH>0.10000000007740552</CWH>
      <CFGlacier>1</CFGlacier>
      <CFSlope>1</CFSlope>
      <FC>96.080515837974815</FC>
      <LP>0.82018551010342289</LP>
      <BETA>5.9999765608700422</BETA>
    </VegetationZoneParameters>
  </VegetationZone>
  <SubCatchment>
    <SubCatchmentParameters>
      <KSI>0.001</KSI>
      <KGmin>0.05</KGmin>
      <RangeKG>0.1</RangeKG>
      <AG>0.1</AG>
      <PERC>7.63998890261654</PERC>
      <Alpha>0</Alpha>
      <UZL>138.1321366314755</UZL>
      <K0>0.31256618938131348</K0>
      <K1>0.18618762155623178</K1>
      <K2>0.051568256659296985</K2>
      <MAXBAS>1.0049988143810822</MAXBAS>
      <Cet>0</Cet>
      <PCALT>10</PCALT>
      <TCALT>0.6</TCALT>
      <Pelev>601.5</Pelev>
      <Telev>601.5</Telev>
      <PART>0.5</PART>
      <DELAY>1</DELAY>
    </SubCatchmentParameters>
    <SubCatchmentVegetationZone>
      <SubCatchmentVegetationZoneParameters>
        <TT>-0.50010555148226787</TT>
        <CFMAX>2.5976027125246013</CFMAX>
        <SP>0</SP>
        <SFCF>0.82196749817054948</SFCF>
        <CFR>0.038810456894477013</CFR>
        <CWH>0.10000000007740552</CWH>
        <CFGlacier>1</CFGlacier>
        <CFSlope>1</CFSlope>
        <FC>96.080515837974815</FC>
        <LP>0.82018551010342289</LP>
        <BETA>5.9999765608700422</BETA>
      </SubCatchmentVegetationZoneParameters>
    </SubCatchmentVegetationZone>
  </SubCatchment>
</Catchment>