<?xml version="1.0" encoding="utf-8"?>
<Catchment xmlns:xsi="http://www.w3.org/2001/XMLSchema-instance" xmlns:xsd="http://www.w3.org/2001/XMLSchema">
  <CatchmentParameters>
    <KSI>0.001</KSI>
    <KGmin>0.05</KGmin>
    <RangeKG>0.1</RangeKG>
    <AG>0.1</AG>
    <PERC>3.9849395252732642</PERC>
    <Alpha>0</Alpha>
    <UZL>110.65110277064906</UZL>
    <K0>0.0938618698004377</K0>
    <K1>0.06045970365979287</K1>
    <K2>0.023115513854448426</K2>
    <MAXBAS>1</MAXBAS>
    <Cet>0</Cet>
    <PCALT>10</PCALT>
    <TCALT>0.6</TCALT>
    <Pelev>3100</Pelev>
    <Telev>3100</Telev>
    <PART>0.5</PART>
    <DELAY>1</DELAY>
  </CatchmentParameters>
  <VegetationZone>
    <VegetationZoneParameters>
      <TT>-0.24746508410232404</TT>
      <CFMAX>1.8888215574630181</CFMAX>
      <SP>0</SP>
      <SFCF>1.4999994336397098</SFCF>
      <CFR>0.0018013246722896413</CFR>
      <CWH>0.19999968246852642</CWH>
      <CFGlacier>1</CFGlacier>
      <CFSlope>1</CFSlope>
      <FC>797.34082765552682</FC>
      <LP>0.90253926701988618</LP>
      <BETA>3.6318583748363915</BETA>
    </VegetationZoneParameters>
  </VegetationZone>
  <SubCatchment>
    <SubCatchmentParameters>
      <KSI>0.001</KSI>
      <KGmin>0.05</KGmin>
      <RangeKG>0.1</RangeKG>
      <AG>0.1</AG>
      <PERC>3.9849395252732642</PERC>
      <Alpha>0</Alpha>
      <UZL>110.65110277064906</UZL>
      <K0>0.0938618698004377</K0>
      <K1>0.06045970365979287</K1>
      <K2>0.023115513854448426</K2>
      <MAXBAS>1</MAXBAS>
      <Cet>0</Cet>
      <PCALT>10</PCALT>
      <TCALT>0.6</TCALT>
      <Pelev>3100</Pelev>
      <Telev>3100</Telev>
      <PART>0.5</PART>
      <DELAY>1</DELAY>
    </SubCatchmentParameters>
    <SubCatchmentVegetationZone>
      <SubCatchmentVegetationZoneParameters>
        <TT>-0.24746508410232404</TT>
        <CFMAX>1.8888215574630181</CFMAX>
        <SP>0</SP>
        <SFCF>1.4999994336397098</SFCF>
        <CFR>0.0018013246722896413</CFR>
        <CWH>0.19999968246852642</CWH>
        <CFGlacier>1</CFGlacier>
        <CFSlope>1</CFSlope>
        <FC>797.34082765552682</FC>
        <LP>0.90253926701988618</LP>
        <BETA>3.6318583748363915</BETA>
      </SubCatchmentVegetationZoneParameters>
    </SubCatchmentVegetationZone>
  </SubCatchment>
</Catchment>