<?xml version="1.0" encoding="utf-8"?>
<Catchment xmlns:xsi="http://www.w3.org/2001/XMLSchema-instance" xmlns:xsd="http://www.w3.org/2001/XMLSchema">
  <CatchmentParameters>
    <KSI>0.001</KSI>
    <KGmin>0.05</KGmin>
    <RangeKG>0.1</RangeKG>
    <AG>0.1</AG>
    <PERC>1.0505065840960433</PERC>
    <Alpha>0</Alpha>
    <UZL>134.17589936224965</UZL>
    <K0>0.54052211500160807</K0>
    <K1>0.036468965953498758</K1>
    <K2>0.018059526999600291</K2>
    <MAXBAS>1</MAXBAS>
    <Cet>0</Cet>
    <PCALT>10</PCALT>
    <TCALT>0.6</TCALT>
    <Pelev>3100</Pelev>
    <Telev>3100</Telev>
    <PART>0.5</PART>
    <DELAY>1</DELAY>
  </CatchmentParameters>
  <VegetationZone>
    <VegetationZoneParameters>
      <TT>1.0000000021430417</TT>
      <CFMAX>4.2984915243969377</CFMAX>
      <SP>0</SP>
      <SFCF>1.4920168135995255</SFCF>
      <CFR>0.029405731760373529</CFR>
      <CWH>0.14544040003761635</CWH>
      <CFGlacier>1</CFGlacier>
      <CFSlope>1</CFSlope>
      <FC>999.52302021394155</FC>
      <LP>0.83411895066430741</LP>
      <BETA>3.1076794563423444</BETA>
    </VegetationZoneParameters>
  </VegetationZone>
  <SubCatchment>
    <SubCatchmentParameters>
      <KSI>0.001</KSI>
      <KGmin>0.05</KGmin>
      <RangeKG>0.1</RangeKG>
      <AG>0.1</AG>
      <PERC>1.0505065840960433</PERC>
      <Alpha>0</Alpha>
      <UZL>134.17589936224965</UZL>
      <K0>0.54052211500160807</K0>
      <K1>0.036468965953498758</K1>
      <K2>0.018059526999600291</K2>
      <MAXBAS>1</MAXBAS>
      <Cet>0</Cet>
      <PCALT>10</PCALT>
      <TCALT>0.6</TCALT>
      <Pelev>3100</Pelev>
      <Telev>3100</Telev>
      <PART>0.5</PART>
      <DELAY>1</DELAY>
    </SubCatchmentParameters>
    <SubCatchmentVegetationZone>
      <SubCatchmentVegetationZoneParameters>
        <TT>1.0000000021430417</TT>
        <CFMAX>4.2984915243969377</CFMAX>
        <SP>0</SP>
        <SFCF>1.4920168135995255</SFCF>
        <CFR>0.029405731760373529</CFR>
        <CWH>0.14544040003761635</CWH>
        <CFGlacier>1</CFGlacier>
        <CFSlope>1</CFSlope>
        <FC>999.52302021394155</FC>
        <LP>0.83411895066430741</LP>
        <BETA>3.1076794563423444</BETA>
      </SubCatchmentVegetationZoneParameters>
    </SubCatchmentVegetationZone>
  </SubCatchment>
</Catchment>