<?xml version="1.0" encoding="utf-8"?>
<Catchment xmlns:xsi="http://www.w3.org/2001/XMLSchema-instance" xmlns:xsd="http://www.w3.org/2001/XMLSchema">
  <CatchmentParameters>
    <KSI>0.001</KSI>
    <KGmin>0.05</KGmin>
    <RangeKG>0.1</RangeKG>
    <AG>0.1</AG>
    <PERC>3.5083592501280116</PERC>
    <Alpha>0</Alpha>
    <UZL>79.387792884767251</UZL>
    <K0>0.49914857291185977</K0>
    <K1>0.060080550338916038</K1>
    <K2>0.023763779736495291</K2>
    <MAXBAS>1</MAXBAS>
    <Cet>0</Cet>
    <PCALT>10</PCALT>
    <TCALT>0.6</TCALT>
    <Pelev>3100</Pelev>
    <Telev>3100</Telev>
    <PART>0.5</PART>
    <DELAY>1</DELAY>
  </CatchmentParameters>
  <VegetationZone>
    <VegetationZoneParameters>
      <TT>0.27933292294215123</TT>
      <CFMAX>1.9735612105054765</CFMAX>
      <SP>0</SP>
      <SFCF>1.161305094809467</SFCF>
      <CFR>0.00429221919371459</CFR>
      <CWH>0.19997589745399327</CWH>
      <CFGlacier>1</CFGlacier>
      <CFSlope>1</CFSlope>
      <FC>511.54355787303763</FC>
      <LP>0.92120389382575107</LP>
      <BETA>2.5562010835949431</BETA>
    </VegetationZoneParameters>
  </VegetationZone>
  <SubCatchment>
    <SubCatchmentParameters>
      <KSI>0.001</KSI>
      <KGmin>0.05</KGmin>
      <RangeKG>0.1</RangeKG>
      <AG>0.1</AG>
      <PERC>3.5083592501280116</PERC>
      <Alpha>0</Alpha>
      <UZL>79.387792884767251</UZL>
      <K0>0.49914857291185977</K0>
      <K1>0.060080550338916038</K1>
      <K2>0.023763779736495291</K2>
      <MAXBAS>1</MAXBAS>
      <Cet>0</Cet>
      <PCALT>10</PCALT>
      <TCALT>0.6</TCALT>
      <Pelev>3100</Pelev>
      <Telev>3100</Telev>
      <PART>0.5</PART>
      <DELAY>1</DELAY>
    </SubCatchmentParameters>
    <SubCatchmentVegetationZone>
      <SubCatchmentVegetationZoneParameters>
        <TT>0.27933292294215123</TT>
        <CFMAX>1.9735612105054765</CFMAX>
        <SP>0</SP>
        <SFCF>1.161305094809467</SFCF>
        <CFR>0.00429221919371459</CFR>
        <CWH>0.19997589745399327</CWH>
        <CFGlacier>1</CFGlacier>
        <CFSlope>1</CFSlope>
        <FC>511.54355787303763</FC>
        <LP>0.92120389382575107</LP>
        <BETA>2.5562010835949431</BETA>
      </SubCatchmentVegetationZoneParameters>
    </SubCatchmentVegetationZone>
  </SubCatchment>
</Catchment>