<?xml version="1.0" encoding="utf-8"?>
<Catchment xmlns:xsi="http://www.w3.org/2001/XMLSchema-instance" xmlns:xsd="http://www.w3.org/2001/XMLSchema">
  <CatchmentParameters>
    <KSI>0.001</KSI>
    <KGmin>0.05</KGmin>
    <RangeKG>0.1</RangeKG>
    <AG>0.1</AG>
    <PERC>5.9999796547130044</PERC>
    <Alpha>0</Alpha>
    <UZL>136.72936068796034</UZL>
    <K0>0.20184453380239451</K0>
    <K1>0.093638155977185722</K1>
    <K2>0.025688986191794289</K2>
    <MAXBAS>1</MAXBAS>
    <Cet>0</Cet>
    <PCALT>10</PCALT>
    <TCALT>0.6</TCALT>
    <Pelev>3100</Pelev>
    <Telev>3100</Telev>
    <PART>0.5</PART>
    <DELAY>1</DELAY>
  </CatchmentParameters>
  <VegetationZone>
    <VegetationZoneParameters>
      <TT>0.062526822420720482</TT>
      <CFMAX>2.270428634841855</CFMAX>
      <SP>0</SP>
      <SFCF>1.4229510795816764</SFCF>
      <CFR>0.051484657330508186</CFR>
      <CWH>0.1999998279162902</CWH>
      <CFGlacier>1</CFGlacier>
      <CFSlope>1</CFSlope>
      <FC>763.98151634314149</FC>
      <LP>0.86680028741246351</LP>
      <BETA>3.0529362465950665</BETA>
    </VegetationZoneParameters>
  </VegetationZone>
  <SubCatchment>
    <SubCatchmentParameters>
      <KSI>0.001</KSI>
      <KGmin>0.05</KGmin>
      <RangeKG>0.1</RangeKG>
      <AG>0.1</AG>
      <PERC>5.9999796547130044</PERC>
      <Alpha>0</Alpha>
      <UZL>136.72936068796034</UZL>
      <K0>0.20184453380239451</K0>
      <K1>0.093638155977185722</K1>
      <K2>0.025688986191794289</K2>
      <MAXBAS>1</MAXBAS>
      <Cet>0</Cet>
      <PCALT>10</PCALT>
      <TCALT>0.6</TCALT>
      <Pelev>3100</Pelev>
      <Telev>3100</Telev>
      <PART>0.5</PART>
      <DELAY>1</DELAY>
    </SubCatchmentParameters>
    <SubCatchmentVegetationZone>
      <SubCatchmentVegetationZoneParameters>
        <TT>0.062526822420720482</TT>
        <CFMAX>2.270428634841855</CFMAX>
        <SP>0</SP>
        <SFCF>1.4229510795816764</SFCF>
        <CFR>0.051484657330508186</CFR>
        <CWH>0.1999998279162902</CWH>
        <CFGlacier>1</CFGlacier>
        <CFSlope>1</CFSlope>
        <FC>763.98151634314149</FC>
        <LP>0.86680028741246351</LP>
        <BETA>3.0529362465950665</BETA>
      </SubCatchmentVegetationZoneParameters>
    </SubCatchmentVegetationZone>
  </SubCatchment>
</Catchment>