<?xml version="1.0" encoding="utf-8"?>
<Catchment xmlns:xsi="http://www.w3.org/2001/XMLSchema-instance" xmlns:xsd="http://www.w3.org/2001/XMLSchema">
  <CatchmentParameters>
    <KSI>0.001</KSI>
    <KGmin>0.05</KGmin>
    <RangeKG>0.1</RangeKG>
    <AG>0.1</AG>
    <PERC>1.132060568247943</PERC>
    <Alpha>0</Alpha>
    <UZL>112.8306702075557</UZL>
    <K0>0.094210934649406428</K0>
    <K1>0.033951159650675258</K1>
    <K2>0.020495249578280871</K2>
    <MAXBAS>1</MAXBAS>
    <Cet>0</Cet>
    <PCALT>10</PCALT>
    <TCALT>0.6</TCALT>
    <Pelev>3100</Pelev>
    <Telev>3100</Telev>
    <PART>0.5</PART>
    <DELAY>1</DELAY>
  </CatchmentParameters>
  <VegetationZone>
    <VegetationZoneParameters>
      <TT>0.21691162135265349</TT>
      <CFMAX>2.6360086916857521</CFMAX>
      <SP>0</SP>
      <SFCF>1.4068162587307802</SFCF>
      <CFR>0.041485002070353424</CFR>
      <CWH>0.13820200132909197</CWH>
      <CFGlacier>1</CFGlacier>
      <CFSlope>1</CFSlope>
      <FC>703.29218881548354</FC>
      <LP>0.83344509692112467</LP>
      <BETA>2.7409355294634508</BETA>
    </VegetationZoneParameters>
  </VegetationZone>
  <SubCatchment>
    <SubCatchmentParameters>
      <KSI>0.001</KSI>
      <KGmin>0.05</KGmin>
      <RangeKG>0.1</RangeKG>
      <AG>0.1</AG>
      <PERC>1.132060568247943</PERC>
      <Alpha>0</Alpha>
      <UZL>112.8306702075557</UZL>
      <K0>0.094210934649406428</K0>
      <K1>0.033951159650675258</K1>
      <K2>0.020495249578280871</K2>
      <MAXBAS>1</MAXBAS>
      <Cet>0</Cet>
      <PCALT>10</PCALT>
      <TCALT>0.6</TCALT>
      <Pelev>3100</Pelev>
      <Telev>3100</Telev>
      <PART>0.5</PART>
      <DELAY>1</DELAY>
    </SubCatchmentParameters>
    <SubCatchmentVegetationZone>
      <SubCatchmentVegetationZoneParameters>
        <TT>0.21691162135265349</TT>
        <CFMAX>2.6360086916857521</CFMAX>
        <SP>0</SP>
        <SFCF>1.4068162587307802</SFCF>
        <CFR>0.041485002070353424</CFR>
        <CWH>0.13820200132909197</CWH>
        <CFGlacier>1</CFGlacier>
        <CFSlope>1</CFSlope>
        <FC>703.29218881548354</FC>
        <LP>0.83344509692112467</LP>
        <BETA>2.7409355294634508</BETA>
      </SubCatchmentVegetationZoneParameters>
    </SubCatchmentVegetationZone>
  </SubCatchment>
</Catchment>