<?xml version="1.0" encoding="utf-8"?>
<Catchment xmlns:xsi="http://www.w3.org/2001/XMLSchema-instance" xmlns:xsd="http://www.w3.org/2001/XMLSchema">
  <CatchmentParameters>
    <KSI>0.001</KSI>
    <KGmin>0.05</KGmin>
    <RangeKG>0.1</RangeKG>
    <AG>0.1</AG>
    <PERC>2.0349220366512695</PERC>
    <Alpha>0</Alpha>
    <UZL>87.29213900019667</UZL>
    <K0>0.050001542325556321</K0>
    <K1>0.040204199632765843</K1>
    <K2>0.019011218106791249</K2>
    <MAXBAS>1</MAXBAS>
    <Cet>0</Cet>
    <PCALT>10</PCALT>
    <TCALT>0.6</TCALT>
    <Pelev>3100</Pelev>
    <Telev>3100</Telev>
    <PART>0.5</PART>
    <DELAY>1</DELAY>
  </CatchmentParameters>
  <VegetationZone>
    <VegetationZoneParameters>
      <TT>-0.20290477556830092</TT>
      <CFMAX>2.0025739423160127</CFMAX>
      <SP>0</SP>
      <SFCF>1.4363185560556497</SFCF>
      <CFR>0.019819511424488009</CFR>
      <CWH>0.18445095800527134</CWH>
      <CFGlacier>1</CFGlacier>
      <CFSlope>1</CFSlope>
      <FC>626.13527608823063</FC>
      <LP>0.78492857657722526</LP>
      <BETA>2.4790707903285751</BETA>
    </VegetationZoneParameters>
  </VegetationZone>
  <SubCatchment>
    <SubCatchmentParameters>
      <KSI>0.001</KSI>
      <KGmin>0.05</KGmin>
      <RangeKG>0.1</RangeKG>
      <AG>0.1</AG>
      <PERC>2.0349220366512695</PERC>
      <Alpha>0</Alpha>
      <UZL>87.29213900019667</UZL>
      <K0>0.050001542325556321</K0>
      <K1>0.040204199632765843</K1>
      <K2>0.019011218106791249</K2>
      <MAXBAS>1</MAXBAS>
      <Cet>0</Cet>
      <PCALT>10</PCALT>
      <TCALT>0.6</TCALT>
      <Pelev>3100</Pelev>
      <Telev>3100</Telev>
      <PART>0.5</PART>
      <DELAY>1</DELAY>
    </SubCatchmentParameters>
    <SubCatchmentVegetationZone>
      <SubCatchmentVegetationZoneParameters>
        <TT>-0.20290477556830092</TT>
        <CFMAX>2.0025739423160127</CFMAX>
        <SP>0</SP>
        <SFCF>1.4363185560556497</SFCF>
        <CFR>0.019819511424488009</CFR>
        <CWH>0.18445095800527134</CWH>
        <CFGlacier>1</CFGlacier>
        <CFSlope>1</CFSlope>
        <FC>626.13527608823063</FC>
        <LP>0.78492857657722526</LP>
        <BETA>2.4790707903285751</BETA>
      </SubCatchmentVegetationZoneParameters>
    </SubCatchmentVegetationZone>
  </SubCatchment>
</Catchment>