<?xml version="1.0" encoding="utf-8"?>
<Catchment xmlns:xsi="http://www.w3.org/2001/XMLSchema-instance" xmlns:xsd="http://www.w3.org/2001/XMLSchema">
  <CatchmentParameters>
    <KSI>0.001</KSI>
    <KGmin>0.05</KGmin>
    <RangeKG>0.1</RangeKG>
    <AG>0.1</AG>
    <PERC>2.9318152303927056</PERC>
    <Alpha>0</Alpha>
    <UZL>122.09016292084286</UZL>
    <K0>0.0500115647110175</K0>
    <K1>0.044255235213786215</K1>
    <K2>0.023280688007708886</K2>
    <MAXBAS>1</MAXBAS>
    <Cet>0</Cet>
    <PCALT>10</PCALT>
    <TCALT>0.6</TCALT>
    <Pelev>3100</Pelev>
    <Telev>3100</Telev>
    <PART>0.5</PART>
    <DELAY>1</DELAY>
  </CatchmentParameters>
  <VegetationZone>
    <VegetationZoneParameters>
      <TT>0.80128754029171434</TT>
      <CFMAX>3.1732955746275753</CFMAX>
      <SP>0</SP>
      <SFCF>1.2438155246783778</SFCF>
      <CFR>0.0397698616527988</CFR>
      <CWH>0.17166967505500708</CWH>
      <CFGlacier>1</CFGlacier>
      <CFSlope>1</CFSlope>
      <FC>669.10559290000413</FC>
      <LP>0.902068037667137</LP>
      <BETA>2.6513551062903127</BETA>
    </VegetationZoneParameters>
  </VegetationZone>
  <SubCatchment>
    <SubCatchmentParameters>
      <KSI>0.001</KSI>
      <KGmin>0.05</KGmin>
      <RangeKG>0.1</RangeKG>
      <AG>0.1</AG>
      <PERC>2.9318152303927056</PERC>
      <Alpha>0</Alpha>
      <UZL>122.09016292084286</UZL>
      <K0>0.0500115647110175</K0>
      <K1>0.044255235213786215</K1>
      <K2>0.023280688007708886</K2>
      <MAXBAS>1</MAXBAS>
      <Cet>0</Cet>
      <PCALT>10</PCALT>
      <TCALT>0.6</TCALT>
      <Pelev>3100</Pelev>
      <Telev>3100</Telev>
      <PART>0.5</PART>
      <DELAY>1</DELAY>
    </SubCatchmentParameters>
    <SubCatchmentVegetationZone>
      <SubCatchmentVegetationZoneParameters>
        <TT>0.80128754029171434</TT>
        <CFMAX>3.1732955746275753</CFMAX>
        <SP>0</SP>
        <SFCF>1.2438155246783778</SFCF>
        <CFR>0.0397698616527988</CFR>
        <CWH>0.17166967505500708</CWH>
        <CFGlacier>1</CFGlacier>
        <CFSlope>1</CFSlope>
        <FC>669.10559290000413</FC>
        <LP>0.902068037667137</LP>
        <BETA>2.6513551062903127</BETA>
      </SubCatchmentVegetationZoneParameters>
    </SubCatchmentVegetationZone>
  </SubCatchment>
</Catchment>