<?xml version="1.0" encoding="utf-8"?>
<Catchment xmlns:xsi="http://www.w3.org/2001/XMLSchema-instance" xmlns:xsd="http://www.w3.org/2001/XMLSchema">
  <CatchmentParameters>
    <KSI>0.001</KSI>
    <KGmin>0.05</KGmin>
    <RangeKG>0.1</RangeKG>
    <AG>0.1</AG>
    <PERC>2.2054207030335062</PERC>
    <Alpha>0</Alpha>
    <UZL>96.9306672859548</UZL>
    <K0>0.41271508438099436</K0>
    <K1>0.043520124952809915</K1>
    <K2>0.021953597676018136</K2>
    <MAXBAS>1</MAXBAS>
    <Cet>0</Cet>
    <PCALT>10</PCALT>
    <TCALT>0.6</TCALT>
    <Pelev>3100</Pelev>
    <Telev>3100</Telev>
    <PART>0.5</PART>
    <DELAY>1</DELAY>
  </CatchmentParameters>
  <VegetationZone>
    <VegetationZoneParameters>
      <TT>0.37762136825971832</TT>
      <CFMAX>2.3639474890237513</CFMAX>
      <SP>0</SP>
      <SFCF>1.2989163148989817</SFCF>
      <CFR>0.010983048413188128</CFR>
      <CWH>0.14615645224464618</CWH>
      <CFGlacier>1</CFGlacier>
      <CFSlope>1</CFSlope>
      <FC>659.59068389952688</FC>
      <LP>0.89299418490991489</LP>
      <BETA>2.7669669037290077</BETA>
    </VegetationZoneParameters>
  </VegetationZone>
  <SubCatchment>
    <SubCatchmentParameters>
      <KSI>0.001</KSI>
      <KGmin>0.05</KGmin>
      <RangeKG>0.1</RangeKG>
      <AG>0.1</AG>
      <PERC>2.2054207030335062</PERC>
      <Alpha>0</Alpha>
      <UZL>96.9306672859548</UZL>
      <K0>0.41271508438099436</K0>
      <K1>0.043520124952809915</K1>
      <K2>0.021953597676018136</K2>
      <MAXBAS>1</MAXBAS>
      <Cet>0</Cet>
      <PCALT>10</PCALT>
      <TCALT>0.6</TCALT>
      <Pelev>3100</Pelev>
      <Telev>3100</Telev>
      <PART>0.5</PART>
      <DELAY>1</DELAY>
    </SubCatchmentParameters>
    <SubCatchmentVegetationZone>
      <SubCatchmentVegetationZoneParameters>
        <TT>0.37762136825971832</TT>
        <CFMAX>2.3639474890237513</CFMAX>
        <SP>0</SP>
        <SFCF>1.2989163148989817</SFCF>
        <CFR>0.010983048413188128</CFR>
        <CWH>0.14615645224464618</CWH>
        <CFGlacier>1</CFGlacier>
        <CFSlope>1</CFSlope>
        <FC>659.59068389952688</FC>
        <LP>0.89299418490991489</LP>
        <BETA>2.7669669037290077</BETA>
      </SubCatchmentVegetationZoneParameters>
    </SubCatchmentVegetationZone>
  </SubCatchment>
</Catchment>