<?xml version="1.0" encoding="utf-8"?>
<Catchment xmlns:xsi="http://www.w3.org/2001/XMLSchema-instance" xmlns:xsd="http://www.w3.org/2001/XMLSchema">
  <CatchmentParameters>
    <KSI>0.001</KSI>
    <KGmin>0.05</KGmin>
    <RangeKG>0.1</RangeKG>
    <AG>0.1</AG>
    <PERC>4.5547997867749253</PERC>
    <Alpha>0</Alpha>
    <UZL>108.96058644744841</UZL>
    <K0>0.55974640841238721</K0>
    <K1>0.054852386430454009</K1>
    <K2>0.025598369911717624</K2>
    <MAXBAS>1</MAXBAS>
    <Cet>0</Cet>
    <PCALT>10</PCALT>
    <TCALT>0.6</TCALT>
    <Pelev>3100</Pelev>
    <Telev>3100</Telev>
    <PART>0.5</PART>
    <DELAY>1</DELAY>
  </CatchmentParameters>
  <VegetationZone>
    <VegetationZoneParameters>
      <TT>0.40000475253454459</TT>
      <CFMAX>3.146894228426627</CFMAX>
      <SP>0</SP>
      <SFCF>1.439536848705111</SFCF>
      <CFR>0.057892067355051029</CFR>
      <CWH>0.19999978611283881</CWH>
      <CFGlacier>1</CFGlacier>
      <CFSlope>1</CFSlope>
      <FC>836.04080792934849</FC>
      <LP>0.73203506369936677</LP>
      <BETA>2.2654499758657756</BETA>
    </VegetationZoneParameters>
  </VegetationZone>
  <SubCatchment>
    <SubCatchmentParameters>
      <KSI>0.001</KSI>
      <KGmin>0.05</KGmin>
      <RangeKG>0.1</RangeKG>
      <AG>0.1</AG>
      <PERC>4.5547997867749253</PERC>
      <Alpha>0</Alpha>
      <UZL>108.96058644744841</UZL>
      <K0>0.55974640841238721</K0>
      <K1>0.054852386430454009</K1>
      <K2>0.025598369911717624</K2>
      <MAXBAS>1</MAXBAS>
      <Cet>0</Cet>
      <PCALT>10</PCALT>
      <TCALT>0.6</TCALT>
      <Pelev>3100</Pelev>
      <Telev>3100</Telev>
      <PART>0.5</PART>
      <DELAY>1</DELAY>
    </SubCatchmentParameters>
    <SubCatchmentVegetationZone>
      <SubCatchmentVegetationZoneParameters>
        <TT>0.40000475253454459</TT>
        <CFMAX>3.146894228426627</CFMAX>
        <SP>0</SP>
        <SFCF>1.439536848705111</SFCF>
        <CFR>0.057892067355051029</CFR>
        <CWH>0.19999978611283881</CWH>
        <CFGlacier>1</CFGlacier>
        <CFSlope>1</CFSlope>
        <FC>836.04080792934849</FC>
        <LP>0.73203506369936677</LP>
        <BETA>2.2654499758657756</BETA>
      </SubCatchmentVegetationZoneParameters>
    </SubCatchmentVegetationZone>
  </SubCatchment>
</Catchment>