<?xml version="1.0" encoding="utf-8"?>
<Catchment xmlns:xsi="http://www.w3.org/2001/XMLSchema-instance" xmlns:xsd="http://www.w3.org/2001/XMLSchema">
  <CatchmentParameters>
    <KSI>0.001</KSI>
    <KGmin>0.05</KGmin>
    <RangeKG>0.1</RangeKG>
    <AG>0.1</AG>
    <PERC>5.7293040556794921</PERC>
    <Alpha>0</Alpha>
    <UZL>97.731980101858952</UZL>
    <K0>0.17343424768028193</K0>
    <K1>0.16977407505813305</K1>
    <K2>0.027270908825992639</K2>
    <MAXBAS>1</MAXBAS>
    <Cet>0</Cet>
    <PCALT>10</PCALT>
    <TCALT>0.6</TCALT>
    <Pelev>3100</Pelev>
    <Telev>3100</Telev>
    <PART>0.5</PART>
    <DELAY>1</DELAY>
  </CatchmentParameters>
  <VegetationZone>
    <VegetationZoneParameters>
      <TT>-0.20001188419887839</TT>
      <CFMAX>1.5814524274073276</CFMAX>
      <SP>0</SP>
      <SFCF>1.3887127190361146</SFCF>
      <CFR>0.026920049779069706</CFR>
      <CWH>0.14430784882908423</CWH>
      <CFGlacier>1</CFGlacier>
      <CFSlope>1</CFSlope>
      <FC>779.82688921575823</FC>
      <LP>0.84232077395596983</LP>
      <BETA>2.7001512719539646</BETA>
    </VegetationZoneParameters>
  </VegetationZone>
  <SubCatchment>
    <SubCatchmentParameters>
      <KSI>0.001</KSI>
      <KGmin>0.05</KGmin>
      <RangeKG>0.1</RangeKG>
      <AG>0.1</AG>
      <PERC>5.7293040556794921</PERC>
      <Alpha>0</Alpha>
      <UZL>97.731980101858952</UZL>
      <K0>0.17343424768028193</K0>
      <K1>0.16977407505813305</K1>
      <K2>0.027270908825992639</K2>
      <MAXBAS>1</MAXBAS>
      <Cet>0</Cet>
      <PCALT>10</PCALT>
      <TCALT>0.6</TCALT>
      <Pelev>3100</Pelev>
      <Telev>3100</Telev>
      <PART>0.5</PART>
      <DELAY>1</DELAY>
    </SubCatchmentParameters>
    <SubCatchmentVegetationZone>
      <SubCatchmentVegetationZoneParameters>
        <TT>-0.20001188419887839</TT>
        <CFMAX>1.5814524274073276</CFMAX>
        <SP>0</SP>
        <SFCF>1.3887127190361146</SFCF>
        <CFR>0.026920049779069706</CFR>
        <CWH>0.14430784882908423</CWH>
        <CFGlacier>1</CFGlacier>
        <CFSlope>1</CFSlope>
        <FC>779.82688921575823</FC>
        <LP>0.84232077395596983</LP>
        <BETA>2.7001512719539646</BETA>
      </SubCatchmentVegetationZoneParameters>
    </SubCatchmentVegetationZone>
  </SubCatchment>
</Catchment>