<?xml version="1.0" encoding="utf-8"?>
<Catchment xmlns:xsi="http://www.w3.org/2001/XMLSchema-instance" xmlns:xsd="http://www.w3.org/2001/XMLSchema">
  <CatchmentParameters>
    <KSI>0.001</KSI>
    <KGmin>0.05</KGmin>
    <RangeKG>0.1</RangeKG>
    <AG>0.1</AG>
    <PERC>1.3182204137285596</PERC>
    <Alpha>0</Alpha>
    <UZL>122.85030944745429</UZL>
    <K0>0.33261346189279406</K0>
    <K1>0.036521813673925305</K1>
    <K2>0.019085184426095275</K2>
    <MAXBAS>1</MAXBAS>
    <Cet>0</Cet>
    <PCALT>10</PCALT>
    <TCALT>0.6</TCALT>
    <Pelev>3100</Pelev>
    <Telev>3100</Telev>
    <PART>0.5</PART>
    <DELAY>1</DELAY>
  </CatchmentParameters>
  <VegetationZone>
    <VegetationZoneParameters>
      <TT>0.60000320570935584</TT>
      <CFMAX>2.8642347776940311</CFMAX>
      <SP>0</SP>
      <SFCF>1.277126097097858</SFCF>
      <CFR>0.044166718451934484</CFR>
      <CWH>0.13280184581171953</CWH>
      <CFGlacier>1</CFGlacier>
      <CFSlope>1</CFSlope>
      <FC>626.62824257063721</FC>
      <LP>0.77777155867233849</LP>
      <BETA>2.1673245352159003</BETA>
    </VegetationZoneParameters>
  </VegetationZone>
  <SubCatchment>
    <SubCatchmentParameters>
      <KSI>0.001</KSI>
      <KGmin>0.05</KGmin>
      <RangeKG>0.1</RangeKG>
      <AG>0.1</AG>
      <PERC>1.3182204137285596</PERC>
      <Alpha>0</Alpha>
      <UZL>122.85030944745429</UZL>
      <K0>0.33261346189279406</K0>
      <K1>0.036521813673925305</K1>
      <K2>0.019085184426095275</K2>
      <MAXBAS>1</MAXBAS>
      <Cet>0</Cet>
      <PCALT>10</PCALT>
      <TCALT>0.6</TCALT>
      <Pelev>3100</Pelev>
      <Telev>3100</Telev>
      <PART>0.5</PART>
      <DELAY>1</DELAY>
    </SubCatchmentParameters>
    <SubCatchmentVegetationZone>
      <SubCatchmentVegetationZoneParameters>
        <TT>0.60000320570935584</TT>
        <CFMAX>2.8642347776940311</CFMAX>
        <SP>0</SP>
        <SFCF>1.277126097097858</SFCF>
        <CFR>0.044166718451934484</CFR>
        <CWH>0.13280184581171953</CWH>
        <CFGlacier>1</CFGlacier>
        <CFSlope>1</CFSlope>
        <FC>626.62824257063721</FC>
        <LP>0.77777155867233849</LP>
        <BETA>2.1673245352159003</BETA>
      </SubCatchmentVegetationZoneParameters>
    </SubCatchmentVegetationZone>
  </SubCatchment>
</Catchment>