<?xml version="1.0" encoding="utf-8"?>
<Catchment xmlns:xsi="http://www.w3.org/2001/XMLSchema-instance" xmlns:xsd="http://www.w3.org/2001/XMLSchema">
  <CatchmentParameters>
    <KSI>0.001</KSI>
    <KGmin>0.05</KGmin>
    <RangeKG>0.1</RangeKG>
    <AG>0.1</AG>
    <PERC>1.1833631207489039</PERC>
    <Alpha>0</Alpha>
    <UZL>160.01767291016458</UZL>
    <K0>0.069117255516015483</K0>
    <K1>0.033330145880479868</K1>
    <K2>0.014443356550020194</K2>
    <MAXBAS>1</MAXBAS>
    <Cet>0</Cet>
    <PCALT>10</PCALT>
    <TCALT>0.6</TCALT>
    <Pelev>3100</Pelev>
    <Telev>3100</Telev>
    <PART>0.5</PART>
    <DELAY>1</DELAY>
  </CatchmentParameters>
  <VegetationZone>
    <VegetationZoneParameters>
      <TT>1.336678190635322</TT>
      <CFMAX>4.08583596093733</CFMAX>
      <SP>0</SP>
      <SFCF>1.1818598045235347</SFCF>
      <CFR>0.029762709037549039</CFR>
      <CWH>0.19894791255575131</CWH>
      <CFGlacier>1</CFGlacier>
      <CFSlope>1</CFSlope>
      <FC>455.76681516759027</FC>
      <LP>0.71374181974997175</LP>
      <BETA>2.0172971860901594</BETA>
    </VegetationZoneParameters>
  </VegetationZone>
  <SubCatchment>
    <SubCatchmentParameters>
      <KSI>0.001</KSI>
      <KGmin>0.05</KGmin>
      <RangeKG>0.1</RangeKG>
      <AG>0.1</AG>
      <PERC>1.1833631207489039</PERC>
      <Alpha>0</Alpha>
      <UZL>160.01767291016458</UZL>
      <K0>0.069117255516015483</K0>
      <K1>0.033330145880479868</K1>
      <K2>0.014443356550020194</K2>
      <MAXBAS>1</MAXBAS>
      <Cet>0</Cet>
      <PCALT>10</PCALT>
      <TCALT>0.6</TCALT>
      <Pelev>3100</Pelev>
      <Telev>3100</Telev>
      <PART>0.5</PART>
      <DELAY>1</DELAY>
    </SubCatchmentParameters>
    <SubCatchmentVegetationZone>
      <SubCatchmentVegetationZoneParameters>
        <TT>1.336678190635322</TT>
        <CFMAX>4.08583596093733</CFMAX>
        <SP>0</SP>
        <SFCF>1.1818598045235347</SFCF>
        <CFR>0.029762709037549039</CFR>
        <CWH>0.19894791255575131</CWH>
        <CFGlacier>1</CFGlacier>
        <CFSlope>1</CFSlope>
        <FC>455.76681516759027</FC>
        <LP>0.71374181974997175</LP>
        <BETA>2.0172971860901594</BETA>
      </SubCatchmentVegetationZoneParameters>
    </SubCatchmentVegetationZone>
  </SubCatchment>
</Catchment>