<?xml version="1.0" encoding="utf-8"?>
<Catchment xmlns:xsi="http://www.w3.org/2001/XMLSchema-instance" xmlns:xsd="http://www.w3.org/2001/XMLSchema">
  <CatchmentParameters>
    <KSI>0.001</KSI>
    <KGmin>0.05</KGmin>
    <RangeKG>0.1</RangeKG>
    <AG>0.1</AG>
    <PERC>4.0495910238222059</PERC>
    <Alpha>0</Alpha>
    <UZL>95.038101144277618</UZL>
    <K0>0.54152927355300151</K0>
    <K1>0.095044445679597078</K1>
    <K2>0.0256499656376786</K2>
    <MAXBAS>1</MAXBAS>
    <Cet>0</Cet>
    <PCALT>10</PCALT>
    <TCALT>0.6</TCALT>
    <Pelev>3100</Pelev>
    <Telev>3100</Telev>
    <PART>0.5</PART>
    <DELAY>1</DELAY>
  </CatchmentParameters>
  <VegetationZone>
    <VegetationZoneParameters>
      <TT>-0.45134353166194729</TT>
      <CFMAX>1.3963185985798328</CFMAX>
      <SP>0</SP>
      <SFCF>1.3519015965505723</SFCF>
      <CFR>0.016612796114240134</CFR>
      <CWH>0.16749639884713191</CWH>
      <CFGlacier>1</CFGlacier>
      <CFSlope>1</CFSlope>
      <FC>786.19598579192063</FC>
      <LP>0.939890437974932</LP>
      <BETA>3.2579190258456112</BETA>
    </VegetationZoneParameters>
  </VegetationZone>
  <SubCatchment>
    <SubCatchmentParameters>
      <KSI>0.001</KSI>
      <KGmin>0.05</KGmin>
      <RangeKG>0.1</RangeKG>
      <AG>0.1</AG>
      <PERC>4.0495910238222059</PERC>
      <Alpha>0</Alpha>
      <UZL>95.038101144277618</UZL>
      <K0>0.54152927355300151</K0>
      <K1>0.095044445679597078</K1>
      <K2>0.0256499656376786</K2>
      <MAXBAS>1</MAXBAS>
      <Cet>0</Cet>
      <PCALT>10</PCALT>
      <TCALT>0.6</TCALT>
      <Pelev>3100</Pelev>
      <Telev>3100</Telev>
      <PART>0.5</PART>
      <DELAY>1</DELAY>
    </SubCatchmentParameters>
    <SubCatchmentVegetationZone>
      <SubCatchmentVegetationZoneParameters>
        <TT>-0.45134353166194729</TT>
        <CFMAX>1.3963185985798328</CFMAX>
        <SP>0</SP>
        <SFCF>1.3519015965505723</SFCF>
        <CFR>0.016612796114240134</CFR>
        <CWH>0.16749639884713191</CWH>
        <CFGlacier>1</CFGlacier>
        <CFSlope>1</CFSlope>
        <FC>786.19598579192063</FC>
        <LP>0.939890437974932</LP>
        <BETA>3.2579190258456112</BETA>
      </SubCatchmentVegetationZoneParameters>
    </SubCatchmentVegetationZone>
  </SubCatchment>
</Catchment>