<?xml version="1.0" encoding="utf-8"?>
<Catchment xmlns:xsi="http://www.w3.org/2001/XMLSchema-instance" xmlns:xsd="http://www.w3.org/2001/XMLSchema">
  <CatchmentParameters>
    <KSI>0.001</KSI>
    <KGmin>0.05</KGmin>
    <RangeKG>0.1</RangeKG>
    <AG>0.1</AG>
    <PERC>3.0748371110691273</PERC>
    <Alpha>0</Alpha>
    <UZL>96.96006970100558</UZL>
    <K0>0.571482762845038</K0>
    <K1>0.046227157418123291</K1>
    <K2>0.023325578294034345</K2>
    <MAXBAS>1</MAXBAS>
    <Cet>0</Cet>
    <PCALT>10</PCALT>
    <TCALT>0.6</TCALT>
    <Pelev>3100</Pelev>
    <Telev>3100</Telev>
    <PART>0.5</PART>
    <DELAY>1</DELAY>
  </CatchmentParameters>
  <VegetationZone>
    <VegetationZoneParameters>
      <TT>0.61545427266676678</TT>
      <CFMAX>2.8203306984104333</CFMAX>
      <SP>0</SP>
      <SFCF>1.2243296663183603</SFCF>
      <CFR>0.02941305329150521</CFR>
      <CWH>0.14590590879262805</CWH>
      <CFGlacier>1</CFGlacier>
      <CFSlope>1</CFSlope>
      <FC>618.95414509541854</FC>
      <LP>0.88384834251502609</LP>
      <BETA>2.4725455995713124</BETA>
    </VegetationZoneParameters>
  </VegetationZone>
  <SubCatchment>
    <SubCatchmentParameters>
      <KSI>0.001</KSI>
      <KGmin>0.05</KGmin>
      <RangeKG>0.1</RangeKG>
      <AG>0.1</AG>
      <PERC>3.0748371110691273</PERC>
      <Alpha>0</Alpha>
      <UZL>96.96006970100558</UZL>
      <K0>0.571482762845038</K0>
      <K1>0.046227157418123291</K1>
      <K2>0.023325578294034345</K2>
      <MAXBAS>1</MAXBAS>
      <Cet>0</Cet>
      <PCALT>10</PCALT>
      <TCALT>0.6</TCALT>
      <Pelev>3100</Pelev>
      <Telev>3100</Telev>
      <PART>0.5</PART>
      <DELAY>1</DELAY>
    </SubCatchmentParameters>
    <SubCatchmentVegetationZone>
      <SubCatchmentVegetationZoneParameters>
        <TT>0.61545427266676678</TT>
        <CFMAX>2.8203306984104333</CFMAX>
        <SP>0</SP>
        <SFCF>1.2243296663183603</SFCF>
        <CFR>0.02941305329150521</CFR>
        <CWH>0.14590590879262805</CWH>
        <CFGlacier>1</CFGlacier>
        <CFSlope>1</CFSlope>
        <FC>618.95414509541854</FC>
        <LP>0.88384834251502609</LP>
        <BETA>2.4725455995713124</BETA>
      </SubCatchmentVegetationZoneParameters>
    </SubCatchmentVegetationZone>
  </SubCatchment>
</Catchment>