<?xml version="1.0" encoding="utf-8"?>
<Catchment xmlns:xsi="http://www.w3.org/2001/XMLSchema-instance" xmlns:xsd="http://www.w3.org/2001/XMLSchema">
  <CatchmentParameters>
    <KSI>0.001</KSI>
    <KGmin>0.05</KGmin>
    <RangeKG>0.1</RangeKG>
    <AG>0.1</AG>
    <PERC>2.1990596148374966</PERC>
    <Alpha>0</Alpha>
    <UZL>102.05711436107676</UZL>
    <K0>0.379435356118771</K0>
    <K1>0.048724973655898306</K1>
    <K2>0.022242547098939892</K2>
    <MAXBAS>1</MAXBAS>
    <Cet>0</Cet>
    <PCALT>10</PCALT>
    <TCALT>0.6</TCALT>
    <Pelev>3100</Pelev>
    <Telev>3100</Telev>
    <PART>0.5</PART>
    <DELAY>1</DELAY>
  </CatchmentParameters>
  <VegetationZone>
    <VegetationZoneParameters>
      <TT>0.20001316645703238</TT>
      <CFMAX>2.4582669447009029</CFMAX>
      <SP>0</SP>
      <SFCF>1.4813911687641059</SFCF>
      <CFR>0.0078142645003058866</CFR>
      <CWH>0.1999999267297872</CWH>
      <CFGlacier>1</CFGlacier>
      <CFSlope>1</CFSlope>
      <FC>744.66799322880217</FC>
      <LP>0.73189826864793073</LP>
      <BETA>2.4403053989992247</BETA>
    </VegetationZoneParameters>
  </VegetationZone>
  <SubCatchment>
    <SubCatchmentParameters>
      <KSI>0.001</KSI>
      <KGmin>0.05</KGmin>
      <RangeKG>0.1</RangeKG>
      <AG>0.1</AG>
      <PERC>2.1990596148374966</PERC>
      <Alpha>0</Alpha>
      <UZL>102.05711436107676</UZL>
      <K0>0.379435356118771</K0>
      <K1>0.048724973655898306</K1>
      <K2>0.022242547098939892</K2>
      <MAXBAS>1</MAXBAS>
      <Cet>0</Cet>
      <PCALT>10</PCALT>
      <TCALT>0.6</TCALT>
      <Pelev>3100</Pelev>
      <Telev>3100</Telev>
      <PART>0.5</PART>
      <DELAY>1</DELAY>
    </SubCatchmentParameters>
    <SubCatchmentVegetationZone>
      <SubCatchmentVegetationZoneParameters>
        <TT>0.20001316645703238</TT>
        <CFMAX>2.4582669447009029</CFMAX>
        <SP>0</SP>
        <SFCF>1.4813911687641059</SFCF>
        <CFR>0.0078142645003058866</CFR>
        <CWH>0.1999999267297872</CWH>
        <CFGlacier>1</CFGlacier>
        <CFSlope>1</CFSlope>
        <FC>744.66799322880217</FC>
        <LP>0.73189826864793073</LP>
        <BETA>2.4403053989992247</BETA>
      </SubCatchmentVegetationZoneParameters>
    </SubCatchmentVegetationZone>
  </SubCatchment>
</Catchment>