<?xml version="1.0" encoding="utf-8"?>
<Catchment xmlns:xsi="http://www.w3.org/2001/XMLSchema-instance" xmlns:xsd="http://www.w3.org/2001/XMLSchema">
  <CatchmentParameters>
    <KSI>0.001</KSI>
    <KGmin>0.05</KGmin>
    <RangeKG>0.1</RangeKG>
    <AG>0.1</AG>
    <PERC>5.0770006395592047</PERC>
    <Alpha>0</Alpha>
    <UZL>110.50254245705688</UZL>
    <K0>0.59636176040564892</K0>
    <K1>0.13711567867668295</K1>
    <K2>0.026035081165574049</K2>
    <MAXBAS>1</MAXBAS>
    <Cet>0</Cet>
    <PCALT>10</PCALT>
    <TCALT>0.6</TCALT>
    <Pelev>3100</Pelev>
    <Telev>3100</Telev>
    <PART>0.5</PART>
    <DELAY>1</DELAY>
  </CatchmentParameters>
  <VegetationZone>
    <VegetationZoneParameters>
      <TT>-0.59964046559996131</TT>
      <CFMAX>1.3140460176297943</CFMAX>
      <SP>0</SP>
      <SFCF>1.3391841162154186</SFCF>
      <CFR>0.01822059435088386</CFR>
      <CWH>0.19955357690411185</CWH>
      <CFGlacier>1</CFGlacier>
      <CFSlope>1</CFSlope>
      <FC>792.07546604963568</FC>
      <LP>0.97093250082041049</LP>
      <BETA>3.3695579933369944</BETA>
    </VegetationZoneParameters>
  </VegetationZone>
  <SubCatchment>
    <SubCatchmentParameters>
      <KSI>0.001</KSI>
      <KGmin>0.05</KGmin>
      <RangeKG>0.1</RangeKG>
      <AG>0.1</AG>
      <PERC>5.0770006395592047</PERC>
      <Alpha>0</Alpha>
      <UZL>110.50254245705688</UZL>
      <K0>0.59636176040564892</K0>
      <K1>0.13711567867668295</K1>
      <K2>0.026035081165574049</K2>
      <MAXBAS>1</MAXBAS>
      <Cet>0</Cet>
      <PCALT>10</PCALT>
      <TCALT>0.6</TCALT>
      <Pelev>3100</Pelev>
      <Telev>3100</Telev>
      <PART>0.5</PART>
      <DELAY>1</DELAY>
    </SubCatchmentParameters>
    <SubCatchmentVegetationZone>
      <SubCatchmentVegetationZoneParameters>
        <TT>-0.59964046559996131</TT>
        <CFMAX>1.3140460176297943</CFMAX>
        <SP>0</SP>
        <SFCF>1.3391841162154186</SFCF>
        <CFR>0.01822059435088386</CFR>
        <CWH>0.19955357690411185</CWH>
        <CFGlacier>1</CFGlacier>
        <CFSlope>1</CFSlope>
        <FC>792.07546604963568</FC>
        <LP>0.97093250082041049</LP>
        <BETA>3.3695579933369944</BETA>
      </SubCatchmentVegetationZoneParameters>
    </SubCatchmentVegetationZone>
  </SubCatchment>
</Catchment>