<?xml version="1.0" encoding="utf-8"?>
<Catchment xmlns:xsi="http://www.w3.org/2001/XMLSchema-instance" xmlns:xsd="http://www.w3.org/2001/XMLSchema">
  <CatchmentParameters>
    <KSI>0.001</KSI>
    <KGmin>0.05</KGmin>
    <RangeKG>0.1</RangeKG>
    <AG>0.1</AG>
    <PERC>5.3612148493145044</PERC>
    <Alpha>0</Alpha>
    <UZL>140.671201987028</UZL>
    <K0>0.37173485937609663</K0>
    <K1>0.07303364400184971</K1>
    <K2>0.027066079308632019</K2>
    <MAXBAS>1</MAXBAS>
    <Cet>0</Cet>
    <PCALT>10</PCALT>
    <TCALT>0.6</TCALT>
    <Pelev>3100</Pelev>
    <Telev>3100</Telev>
    <PART>0.5</PART>
    <DELAY>1</DELAY>
  </CatchmentParameters>
  <VegetationZone>
    <VegetationZoneParameters>
      <TT>0.60000135974607516</TT>
      <CFMAX>2.8856037899035392</CFMAX>
      <SP>0</SP>
      <SFCF>1.4071908751401419</SFCF>
      <CFR>0.0119185583560622</CFR>
      <CWH>0.19999986802239583</CWH>
      <CFGlacier>1</CFGlacier>
      <CFSlope>1</CFSlope>
      <FC>858.18631867345152</FC>
      <LP>0.78802215056059444</LP>
      <BETA>2.5315705446349162</BETA>
    </VegetationZoneParameters>
  </VegetationZone>
  <SubCatchment>
    <SubCatchmentParameters>
      <KSI>0.001</KSI>
      <KGmin>0.05</KGmin>
      <RangeKG>0.1</RangeKG>
      <AG>0.1</AG>
      <PERC>5.3612148493145044</PERC>
      <Alpha>0</Alpha>
      <UZL>140.671201987028</UZL>
      <K0>0.37173485937609663</K0>
      <K1>0.07303364400184971</K1>
      <K2>0.027066079308632019</K2>
      <MAXBAS>1</MAXBAS>
      <Cet>0</Cet>
      <PCALT>10</PCALT>
      <TCALT>0.6</TCALT>
      <Pelev>3100</Pelev>
      <Telev>3100</Telev>
      <PART>0.5</PART>
      <DELAY>1</DELAY>
    </SubCatchmentParameters>
    <SubCatchmentVegetationZone>
      <SubCatchmentVegetationZoneParameters>
        <TT>0.60000135974607516</TT>
        <CFMAX>2.8856037899035392</CFMAX>
        <SP>0</SP>
        <SFCF>1.4071908751401419</SFCF>
        <CFR>0.0119185583560622</CFR>
        <CWH>0.19999986802239583</CWH>
        <CFGlacier>1</CFGlacier>
        <CFSlope>1</CFSlope>
        <FC>858.18631867345152</FC>
        <LP>0.78802215056059444</LP>
        <BETA>2.5315705446349162</BETA>
      </SubCatchmentVegetationZoneParameters>
    </SubCatchmentVegetationZone>
  </SubCatchment>
</Catchment>