<?xml version="1.0" encoding="utf-8"?>
<Catchment xmlns:xsi="http://www.w3.org/2001/XMLSchema-instance" xmlns:xsd="http://www.w3.org/2001/XMLSchema">
  <CatchmentParameters>
    <KSI>0.001</KSI>
    <KGmin>0.05</KGmin>
    <RangeKG>0.1</RangeKG>
    <AG>0.1</AG>
    <PERC>2.5744774298354987</PERC>
    <Alpha>0</Alpha>
    <UZL>120.67696964703106</UZL>
    <K0>0.521830746187006</K0>
    <K1>0.041002749244954229</K1>
    <K2>0.021252589284930044</K2>
    <MAXBAS>1</MAXBAS>
    <Cet>0</Cet>
    <PCALT>10</PCALT>
    <TCALT>0.6</TCALT>
    <Pelev>3100</Pelev>
    <Telev>3100</Telev>
    <PART>0.5</PART>
    <DELAY>1</DELAY>
  </CatchmentParameters>
  <VegetationZone>
    <VegetationZoneParameters>
      <TT>1.3415198800708217</TT>
      <CFMAX>3.7099579504525968</CFMAX>
      <SP>0</SP>
      <SFCF>1.08604477484579</SFCF>
      <CFR>0.027986423139603315</CFR>
      <CWH>0.19999943125778244</CWH>
      <CFGlacier>1</CFGlacier>
      <CFSlope>1</CFSlope>
      <FC>435.43744479910231</FC>
      <LP>0.72187669912025743</LP>
      <BETA>1.7366541971518723</BETA>
    </VegetationZoneParameters>
  </VegetationZone>
  <SubCatchment>
    <SubCatchmentParameters>
      <KSI>0.001</KSI>
      <KGmin>0.05</KGmin>
      <RangeKG>0.1</RangeKG>
      <AG>0.1</AG>
      <PERC>2.5744774298354987</PERC>
      <Alpha>0</Alpha>
      <UZL>120.67696964703106</UZL>
      <K0>0.521830746187006</K0>
      <K1>0.041002749244954229</K1>
      <K2>0.021252589284930044</K2>
      <MAXBAS>1</MAXBAS>
      <Cet>0</Cet>
      <PCALT>10</PCALT>
      <TCALT>0.6</TCALT>
      <Pelev>3100</Pelev>
      <Telev>3100</Telev>
      <PART>0.5</PART>
      <DELAY>1</DELAY>
    </SubCatchmentParameters>
    <SubCatchmentVegetationZone>
      <SubCatchmentVegetationZoneParameters>
        <TT>1.3415198800708217</TT>
        <CFMAX>3.7099579504525968</CFMAX>
        <SP>0</SP>
        <SFCF>1.08604477484579</SFCF>
        <CFR>0.027986423139603315</CFR>
        <CWH>0.19999943125778244</CWH>
        <CFGlacier>1</CFGlacier>
        <CFSlope>1</CFSlope>
        <FC>435.43744479910231</FC>
        <LP>0.72187669912025743</LP>
        <BETA>1.7366541971518723</BETA>
      </SubCatchmentVegetationZoneParameters>
    </SubCatchmentVegetationZone>
  </SubCatchment>
</Catchment>