<?xml version="1.0" encoding="utf-8"?>
<Catchment xmlns:xsi="http://www.w3.org/2001/XMLSchema-instance" xmlns:xsd="http://www.w3.org/2001/XMLSchema">
  <CatchmentParameters>
    <KSI>0.001</KSI>
    <KGmin>0.05</KGmin>
    <RangeKG>0.1</RangeKG>
    <AG>0.1</AG>
    <PERC>0.824109976744039</PERC>
    <Alpha>0</Alpha>
    <UZL>185.02201500858587</UZL>
    <K0>0.47040319318984009</K0>
    <K1>0.032094764900926928</K1>
    <K2>0.01391623474226409</K2>
    <MAXBAS>1</MAXBAS>
    <Cet>0</Cet>
    <PCALT>10</PCALT>
    <TCALT>0.6</TCALT>
    <Pelev>3100</Pelev>
    <Telev>3100</Telev>
    <PART>0.5</PART>
    <DELAY>1</DELAY>
  </CatchmentParameters>
  <VegetationZone>
    <VegetationZoneParameters>
      <TT>0.65010608781890467</TT>
      <CFMAX>3.1073252991185041</CFMAX>
      <SP>0</SP>
      <SFCF>1.233927894065711</SFCF>
      <CFR>0.044611677474554516</CFR>
      <CWH>0.17755977658378322</CWH>
      <CFGlacier>1</CFGlacier>
      <CFSlope>1</CFSlope>
      <FC>503.78664020473997</FC>
      <LP>0.79653618411789873</LP>
      <BETA>2.1946348856456228</BETA>
    </VegetationZoneParameters>
  </VegetationZone>
  <SubCatchment>
    <SubCatchmentParameters>
      <KSI>0.001</KSI>
      <KGmin>0.05</KGmin>
      <RangeKG>0.1</RangeKG>
      <AG>0.1</AG>
      <PERC>0.824109976744039</PERC>
      <Alpha>0</Alpha>
      <UZL>185.02201500858587</UZL>
      <K0>0.47040319318984009</K0>
      <K1>0.032094764900926928</K1>
      <K2>0.01391623474226409</K2>
      <MAXBAS>1</MAXBAS>
      <Cet>0</Cet>
      <PCALT>10</PCALT>
      <TCALT>0.6</TCALT>
      <Pelev>3100</Pelev>
      <Telev>3100</Telev>
      <PART>0.5</PART>
      <DELAY>1</DELAY>
    </SubCatchmentParameters>
    <SubCatchmentVegetationZone>
      <SubCatchmentVegetationZoneParameters>
        <TT>0.65010608781890467</TT>
        <CFMAX>3.1073252991185041</CFMAX>
        <SP>0</SP>
        <SFCF>1.233927894065711</SFCF>
        <CFR>0.044611677474554516</CFR>
        <CWH>0.17755977658378322</CWH>
        <CFGlacier>1</CFGlacier>
        <CFSlope>1</CFSlope>
        <FC>503.78664020473997</FC>
        <LP>0.79653618411789873</LP>
        <BETA>2.1946348856456228</BETA>
      </SubCatchmentVegetationZoneParameters>
    </SubCatchmentVegetationZone>
  </SubCatchment>
</Catchment>