<?xml version="1.0" encoding="utf-8"?>
<Catchment xmlns:xsi="http://www.w3.org/2001/XMLSchema-instance" xmlns:xsd="http://www.w3.org/2001/XMLSchema">
  <CatchmentParameters>
    <KSI>0.001</KSI>
    <KGmin>0.05</KGmin>
    <RangeKG>0.1</RangeKG>
    <AG>0.1</AG>
    <PERC>3.5065198580733354</PERC>
    <Alpha>0</Alpha>
    <UZL>92.173675890918048</UZL>
    <K0>0.90787700820114514</K0>
    <K1>0.050814655224652859</K1>
    <K2>0.025261010034432374</K2>
    <MAXBAS>1</MAXBAS>
    <Cet>0</Cet>
    <PCALT>10</PCALT>
    <TCALT>0.6</TCALT>
    <Pelev>3100</Pelev>
    <Telev>3100</Telev>
    <PART>0.5</PART>
    <DELAY>1</DELAY>
  </CatchmentParameters>
  <VegetationZone>
    <VegetationZoneParameters>
      <TT>1.2000011459934694</TT>
      <CFMAX>4.0142031285509221</CFMAX>
      <SP>0</SP>
      <SFCF>1.2415707343117304</SFCF>
      <CFR>0.036083467541185237</CFR>
      <CWH>0.19999941336713958</CWH>
      <CFGlacier>1</CFGlacier>
      <CFSlope>1</CFSlope>
      <FC>702.21006885909424</FC>
      <LP>0.75859779192152477</LP>
      <BETA>2.0009326101996994</BETA>
    </VegetationZoneParameters>
  </VegetationZone>
  <SubCatchment>
    <SubCatchmentParameters>
      <KSI>0.001</KSI>
      <KGmin>0.05</KGmin>
      <RangeKG>0.1</RangeKG>
      <AG>0.1</AG>
      <PERC>3.5065198580733354</PERC>
      <Alpha>0</Alpha>
      <UZL>92.173675890918048</UZL>
      <K0>0.90787700820114514</K0>
      <K1>0.050814655224652859</K1>
      <K2>0.025261010034432374</K2>
      <MAXBAS>1</MAXBAS>
      <Cet>0</Cet>
      <PCALT>10</PCALT>
      <TCALT>0.6</TCALT>
      <Pelev>3100</Pelev>
      <Telev>3100</Telev>
      <PART>0.5</PART>
      <DELAY>1</DELAY>
    </SubCatchmentParameters>
    <SubCatchmentVegetationZone>
      <SubCatchmentVegetationZoneParameters>
        <TT>1.2000011459934694</TT>
        <CFMAX>4.0142031285509221</CFMAX>
        <SP>0</SP>
        <SFCF>1.2415707343117304</SFCF>
        <CFR>0.036083467541185237</CFR>
        <CWH>0.19999941336713958</CWH>
        <CFGlacier>1</CFGlacier>
        <CFSlope>1</CFSlope>
        <FC>702.21006885909424</FC>
        <LP>0.75859779192152477</LP>
        <BETA>2.0009326101996994</BETA>
      </SubCatchmentVegetationZoneParameters>
    </SubCatchmentVegetationZone>
  </SubCatchment>
</Catchment>