<?xml version="1.0" encoding="utf-8"?>
<Catchment xmlns:xsi="http://www.w3.org/2001/XMLSchema-instance" xmlns:xsd="http://www.w3.org/2001/XMLSchema">
  <CatchmentParameters>
    <KSI>0.001</KSI>
    <KGmin>0.05</KGmin>
    <RangeKG>0.1</RangeKG>
    <AG>0.1</AG>
    <PERC>2.5049605532367418</PERC>
    <Alpha>0</Alpha>
    <UZL>132.505623153882</UZL>
    <K0>0.050002093740178145</K0>
    <K1>0.046675453599586469</K1>
    <K2>0.02125146950647594</K2>
    <MAXBAS>1</MAXBAS>
    <Cet>0</Cet>
    <PCALT>10</PCALT>
    <TCALT>0.6</TCALT>
    <Pelev>3100</Pelev>
    <Telev>3100</Telev>
    <PART>0.5</PART>
    <DELAY>1</DELAY>
  </CatchmentParameters>
  <VegetationZone>
    <VegetationZoneParameters>
      <TT>0.7318070718658185</TT>
      <CFMAX>3.2326931994138417</CFMAX>
      <SP>0</SP>
      <SFCF>1.3520960246550902</SFCF>
      <CFR>0.029782851890996616</CFR>
      <CWH>0.13008701045164758</CWH>
      <CFGlacier>1</CFGlacier>
      <CFSlope>1</CFSlope>
      <FC>641.0865928921454</FC>
      <LP>0.66200059415453461</LP>
      <BETA>1.8875010854468151</BETA>
    </VegetationZoneParameters>
  </VegetationZone>
  <SubCatchment>
    <SubCatchmentParameters>
      <KSI>0.001</KSI>
      <KGmin>0.05</KGmin>
      <RangeKG>0.1</RangeKG>
      <AG>0.1</AG>
      <PERC>2.5049605532367418</PERC>
      <Alpha>0</Alpha>
      <UZL>132.505623153882</UZL>
      <K0>0.050002093740178145</K0>
      <K1>0.046675453599586469</K1>
      <K2>0.02125146950647594</K2>
      <MAXBAS>1</MAXBAS>
      <Cet>0</Cet>
      <PCALT>10</PCALT>
      <TCALT>0.6</TCALT>
      <Pelev>3100</Pelev>
      <Telev>3100</Telev>
      <PART>0.5</PART>
      <DELAY>1</DELAY>
    </SubCatchmentParameters>
    <SubCatchmentVegetationZone>
      <SubCatchmentVegetationZoneParameters>
        <TT>0.7318070718658185</TT>
        <CFMAX>3.2326931994138417</CFMAX>
        <SP>0</SP>
        <SFCF>1.3520960246550902</SFCF>
        <CFR>0.029782851890996616</CFR>
        <CWH>0.13008701045164758</CWH>
        <CFGlacier>1</CFGlacier>
        <CFSlope>1</CFSlope>
        <FC>641.0865928921454</FC>
        <LP>0.66200059415453461</LP>
        <BETA>1.8875010854468151</BETA>
      </SubCatchmentVegetationZoneParameters>
    </SubCatchmentVegetationZone>
  </SubCatchment>
</Catchment>