<?xml version="1.0" encoding="utf-8"?>
<Catchment xmlns:xsi="http://www.w3.org/2001/XMLSchema-instance" xmlns:xsd="http://www.w3.org/2001/XMLSchema">
  <CatchmentParameters>
    <KSI>0.001</KSI>
    <KGmin>0.05</KGmin>
    <RangeKG>0.1</RangeKG>
    <AG>0.1</AG>
    <PERC>5.5776837276169307</PERC>
    <Alpha>0</Alpha>
    <UZL>116.39014928614434</UZL>
    <K0>0.37268355316547791</K0>
    <K1>0.083192538762027868</K1>
    <K2>0.02658146166799084</K2>
    <MAXBAS>1</MAXBAS>
    <Cet>0</Cet>
    <PCALT>10</PCALT>
    <TCALT>0.6</TCALT>
    <Pelev>3100</Pelev>
    <Telev>3100</Telev>
    <PART>0.5</PART>
    <DELAY>1</DELAY>
  </CatchmentParameters>
  <VegetationZone>
    <VegetationZoneParameters>
      <TT>0.10001182985419867</TT>
      <CFMAX>1.8724172034537514</CFMAX>
      <SP>0</SP>
      <SFCF>1.2726498697493849</SFCF>
      <CFR>0.017238639959743791</CFR>
      <CWH>0.19999904507650837</CWH>
      <CFGlacier>1</CFGlacier>
      <CFSlope>1</CFSlope>
      <FC>644.3582871179068</FC>
      <LP>0.91040737466944166</LP>
      <BETA>2.8260574234348117</BETA>
    </VegetationZoneParameters>
  </VegetationZone>
  <SubCatchment>
    <SubCatchmentParameters>
      <KSI>0.001</KSI>
      <KGmin>0.05</KGmin>
      <RangeKG>0.1</RangeKG>
      <AG>0.1</AG>
      <PERC>5.5776837276169307</PERC>
      <Alpha>0</Alpha>
      <UZL>116.39014928614434</UZL>
      <K0>0.37268355316547791</K0>
      <K1>0.083192538762027868</K1>
      <K2>0.02658146166799084</K2>
      <MAXBAS>1</MAXBAS>
      <Cet>0</Cet>
      <PCALT>10</PCALT>
      <TCALT>0.6</TCALT>
      <Pelev>3100</Pelev>
      <Telev>3100</Telev>
      <PART>0.5</PART>
      <DELAY>1</DELAY>
    </SubCatchmentParameters>
    <SubCatchmentVegetationZone>
      <SubCatchmentVegetationZoneParameters>
        <TT>0.10001182985419867</TT>
        <CFMAX>1.8724172034537514</CFMAX>
        <SP>0</SP>
        <SFCF>1.2726498697493849</SFCF>
        <CFR>0.017238639959743791</CFR>
        <CWH>0.19999904507650837</CWH>
        <CFGlacier>1</CFGlacier>
        <CFSlope>1</CFSlope>
        <FC>644.3582871179068</FC>
        <LP>0.91040737466944166</LP>
        <BETA>2.8260574234348117</BETA>
      </SubCatchmentVegetationZoneParameters>
    </SubCatchmentVegetationZone>
  </SubCatchment>
</Catchment>