<?xml version="1.0" encoding="utf-8"?>
<Catchment xmlns:xsi="http://www.w3.org/2001/XMLSchema-instance" xmlns:xsd="http://www.w3.org/2001/XMLSchema">
  <CatchmentParameters>
    <KSI>0.001</KSI>
    <KGmin>0.05</KGmin>
    <RangeKG>0.1</RangeKG>
    <AG>0.1</AG>
    <PERC>2.0537445927098119</PERC>
    <Alpha>0</Alpha>
    <UZL>135.10170415152075</UZL>
    <K0>0.6691558731215792</K0>
    <K1>0.04090073147407397</K1>
    <K2>0.019823784836014421</K2>
    <MAXBAS>1</MAXBAS>
    <Cet>0</Cet>
    <PCALT>10</PCALT>
    <TCALT>0.6</TCALT>
    <Pelev>3100</Pelev>
    <Telev>3100</Telev>
    <PART>0.5</PART>
    <DELAY>1</DELAY>
  </CatchmentParameters>
  <VegetationZone>
    <VegetationZoneParameters>
      <TT>0.11762684259753262</TT>
      <CFMAX>1.9483958164706581</CFMAX>
      <SP>0</SP>
      <SFCF>1.1966179748158987</SFCF>
      <CFR>0.041952578906259419</CFR>
      <CWH>0.13908684465690646</CWH>
      <CFGlacier>1</CFGlacier>
      <CFSlope>1</CFSlope>
      <FC>441.76283344119832</FC>
      <LP>0.73375562728931554</LP>
      <BETA>1.9451400187056018</BETA>
    </VegetationZoneParameters>
  </VegetationZone>
  <SubCatchment>
    <SubCatchmentParameters>
      <KSI>0.001</KSI>
      <KGmin>0.05</KGmin>
      <RangeKG>0.1</RangeKG>
      <AG>0.1</AG>
      <PERC>2.0537445927098119</PERC>
      <Alpha>0</Alpha>
      <UZL>135.10170415152075</UZL>
      <K0>0.6691558731215792</K0>
      <K1>0.04090073147407397</K1>
      <K2>0.019823784836014421</K2>
      <MAXBAS>1</MAXBAS>
      <Cet>0</Cet>
      <PCALT>10</PCALT>
      <TCALT>0.6</TCALT>
      <Pelev>3100</Pelev>
      <Telev>3100</Telev>
      <PART>0.5</PART>
      <DELAY>1</DELAY>
    </SubCatchmentParameters>
    <SubCatchmentVegetationZone>
      <SubCatchmentVegetationZoneParameters>
        <TT>0.11762684259753262</TT>
        <CFMAX>1.9483958164706581</CFMAX>
        <SP>0</SP>
        <SFCF>1.1966179748158987</SFCF>
        <CFR>0.041952578906259419</CFR>
        <CWH>0.13908684465690646</CWH>
        <CFGlacier>1</CFGlacier>
        <CFSlope>1</CFSlope>
        <FC>441.76283344119832</FC>
        <LP>0.73375562728931554</LP>
        <BETA>1.9451400187056018</BETA>
      </SubCatchmentVegetationZoneParameters>
    </SubCatchmentVegetationZone>
  </SubCatchment>
</Catchment>