<?xml version="1.0" encoding="utf-8"?>
<Catchment xmlns:xsi="http://www.w3.org/2001/XMLSchema-instance" xmlns:xsd="http://www.w3.org/2001/XMLSchema">
  <CatchmentParameters>
    <KSI>0.001</KSI>
    <KGmin>0.05</KGmin>
    <RangeKG>0.1</RangeKG>
    <AG>0.1</AG>
    <PERC>4.9475956930774272</PERC>
    <Alpha>0</Alpha>
    <UZL>153.84773448678078</UZL>
    <K0>0.50213774181917</K0>
    <K1>0.10771716168930211</K1>
    <K2>0.026718658687183712</K2>
    <MAXBAS>1</MAXBAS>
    <Cet>0</Cet>
    <PCALT>10</PCALT>
    <TCALT>0.6</TCALT>
    <Pelev>3100</Pelev>
    <Telev>3100</Telev>
    <PART>0.5</PART>
    <DELAY>1</DELAY>
  </CatchmentParameters>
  <VegetationZone>
    <VegetationZoneParameters>
      <TT>0.19995459398218751</TT>
      <CFMAX>1.6849714252136003</CFMAX>
      <SP>0</SP>
      <SFCF>1.2208939488320363</SFCF>
      <CFR>0.03727129077391559</CFR>
      <CWH>0.102775754736091</CWH>
      <CFGlacier>1</CFGlacier>
      <CFSlope>1</CFSlope>
      <FC>628.48357701140276</FC>
      <LP>0.884597955568428</LP>
      <BETA>2.5176165037398035</BETA>
    </VegetationZoneParameters>
  </VegetationZone>
  <SubCatchment>
    <SubCatchmentParameters>
      <KSI>0.001</KSI>
      <KGmin>0.05</KGmin>
      <RangeKG>0.1</RangeKG>
      <AG>0.1</AG>
      <PERC>4.9475956930774272</PERC>
      <Alpha>0</Alpha>
      <UZL>153.84773448678078</UZL>
      <K0>0.50213774181917</K0>
      <K1>0.10771716168930211</K1>
      <K2>0.026718658687183712</K2>
      <MAXBAS>1</MAXBAS>
      <Cet>0</Cet>
      <PCALT>10</PCALT>
      <TCALT>0.6</TCALT>
      <Pelev>3100</Pelev>
      <Telev>3100</Telev>
      <PART>0.5</PART>
      <DELAY>1</DELAY>
    </SubCatchmentParameters>
    <SubCatchmentVegetationZone>
      <SubCatchmentVegetationZoneParameters>
        <TT>0.19995459398218751</TT>
        <CFMAX>1.6849714252136003</CFMAX>
        <SP>0</SP>
        <SFCF>1.2208939488320363</SFCF>
        <CFR>0.03727129077391559</CFR>
        <CWH>0.102775754736091</CWH>
        <CFGlacier>1</CFGlacier>
        <CFSlope>1</CFSlope>
        <FC>628.48357701140276</FC>
        <LP>0.884597955568428</LP>
        <BETA>2.5176165037398035</BETA>
      </SubCatchmentVegetationZoneParameters>
    </SubCatchmentVegetationZone>
  </SubCatchment>
</Catchment>