<?xml version="1.0" encoding="utf-8"?>
<Catchment xmlns:xsi="http://www.w3.org/2001/XMLSchema-instance" xmlns:xsd="http://www.w3.org/2001/XMLSchema">
  <CatchmentParameters>
    <KSI>0.001</KSI>
    <KGmin>0.05</KGmin>
    <RangeKG>0.1</RangeKG>
    <AG>0.1</AG>
    <PERC>2.67592673102379</PERC>
    <Alpha>0</Alpha>
    <UZL>106.32815049253777</UZL>
    <K0>0.068376259180470439</K0>
    <K1>0.040418626569848515</K1>
    <K2>0.01806514718826234</K2>
    <MAXBAS>1</MAXBAS>
    <Cet>0</Cet>
    <PCALT>10</PCALT>
    <TCALT>0.6</TCALT>
    <Pelev>3100</Pelev>
    <Telev>3100</Telev>
    <PART>0.5</PART>
    <DELAY>1</DELAY>
  </CatchmentParameters>
  <VegetationZone>
    <VegetationZoneParameters>
      <TT>-0.50000482336750629</TT>
      <CFMAX>1.6202890454398344</CFMAX>
      <SP>0</SP>
      <SFCF>1.2586453966398103</SFCF>
      <CFR>0.04047726873022145</CFR>
      <CWH>0.15082869618862382</CWH>
      <CFGlacier>1</CFGlacier>
      <CFSlope>1</CFSlope>
      <FC>416.974810903972</FC>
      <LP>0.84749984432666636</LP>
      <BETA>2.6526059090820868</BETA>
    </VegetationZoneParameters>
  </VegetationZone>
  <SubCatchment>
    <SubCatchmentParameters>
      <KSI>0.001</KSI>
      <KGmin>0.05</KGmin>
      <RangeKG>0.1</RangeKG>
      <AG>0.1</AG>
      <PERC>2.67592673102379</PERC>
      <Alpha>0</Alpha>
      <UZL>106.32815049253777</UZL>
      <K0>0.068376259180470439</K0>
      <K1>0.040418626569848515</K1>
      <K2>0.01806514718826234</K2>
      <MAXBAS>1</MAXBAS>
      <Cet>0</Cet>
      <PCALT>10</PCALT>
      <TCALT>0.6</TCALT>
      <Pelev>3100</Pelev>
      <Telev>3100</Telev>
      <PART>0.5</PART>
      <DELAY>1</DELAY>
    </SubCatchmentParameters>
    <SubCatchmentVegetationZone>
      <SubCatchmentVegetationZoneParameters>
        <TT>-0.50000482336750629</TT>
        <CFMAX>1.6202890454398344</CFMAX>
        <SP>0</SP>
        <SFCF>1.2586453966398103</SFCF>
        <CFR>0.04047726873022145</CFR>
        <CWH>0.15082869618862382</CWH>
        <CFGlacier>1</CFGlacier>
        <CFSlope>1</CFSlope>
        <FC>416.974810903972</FC>
        <LP>0.84749984432666636</LP>
        <BETA>2.6526059090820868</BETA>
      </SubCatchmentVegetationZoneParameters>
    </SubCatchmentVegetationZone>
  </SubCatchment>
</Catchment>