<?xml version="1.0" encoding="utf-8"?>
<Catchment xmlns:xsi="http://www.w3.org/2001/XMLSchema-instance" xmlns:xsd="http://www.w3.org/2001/XMLSchema">
  <CatchmentParameters>
    <KSI>0.001</KSI>
    <KGmin>0.05</KGmin>
    <RangeKG>0.1</RangeKG>
    <AG>0.1</AG>
    <PERC>0.91627373284426938</PERC>
    <Alpha>0</Alpha>
    <UZL>134.46385346721411</UZL>
    <K0>0.18922110400641967</K0>
    <K1>0.042148044235144344</K1>
    <K2>0.017612203813291975</K2>
    <MAXBAS>1</MAXBAS>
    <Cet>0</Cet>
    <PCALT>10</PCALT>
    <TCALT>0.6</TCALT>
    <Pelev>3100</Pelev>
    <Telev>3100</Telev>
    <PART>0.5</PART>
    <DELAY>1</DELAY>
  </CatchmentParameters>
  <VegetationZone>
    <VegetationZoneParameters>
      <TT>7.2459621097984067E-06</TT>
      <CFMAX>1.8203187874672815</CFMAX>
      <SP>0</SP>
      <SFCF>1.4498701107994247</SFCF>
      <CFR>1.7471343992947672E-08</CFR>
      <CWH>0.19999976286342477</CWH>
      <CFGlacier>1</CFGlacier>
      <CFSlope>1</CFSlope>
      <FC>731.74441962454114</FC>
      <LP>0.6557538188335682</LP>
      <BETA>1.9592584962585871</BETA>
    </VegetationZoneParameters>
  </VegetationZone>
  <SubCatchment>
    <SubCatchmentParameters>
      <KSI>0.001</KSI>
      <KGmin>0.05</KGmin>
      <RangeKG>0.1</RangeKG>
      <AG>0.1</AG>
      <PERC>0.91627373284426938</PERC>
      <Alpha>0</Alpha>
      <UZL>134.46385346721411</UZL>
      <K0>0.18922110400641967</K0>
      <K1>0.042148044235144344</K1>
      <K2>0.017612203813291975</K2>
      <MAXBAS>1</MAXBAS>
      <Cet>0</Cet>
      <PCALT>10</PCALT>
      <TCALT>0.6</TCALT>
      <Pelev>3100</Pelev>
      <Telev>3100</Telev>
      <PART>0.5</PART>
      <DELAY>1</DELAY>
    </SubCatchmentParameters>
    <SubCatchmentVegetationZone>
      <SubCatchmentVegetationZoneParameters>
        <TT>7.2459621097984067E-06</TT>
        <CFMAX>1.8203187874672815</CFMAX>
        <SP>0</SP>
        <SFCF>1.4498701107994247</SFCF>
        <CFR>1.7471343992947672E-08</CFR>
        <CWH>0.19999976286342477</CWH>
        <CFGlacier>1</CFGlacier>
        <CFSlope>1</CFSlope>
        <FC>731.74441962454114</FC>
        <LP>0.6557538188335682</LP>
        <BETA>1.9592584962585871</BETA>
      </SubCatchmentVegetationZoneParameters>
    </SubCatchmentVegetationZone>
  </SubCatchment>
</Catchment>