<?xml version="1.0" encoding="utf-8"?>
<Catchment xmlns:xsi="http://www.w3.org/2001/XMLSchema-instance" xmlns:xsd="http://www.w3.org/2001/XMLSchema">
  <CatchmentParameters>
    <KSI>0.001</KSI>
    <KGmin>0.05</KGmin>
    <RangeKG>0.1</RangeKG>
    <AG>0.1</AG>
    <PERC>2.65856667680784</PERC>
    <Alpha>0</Alpha>
    <UZL>116.17993450590198</UZL>
    <K0>0.41795606522119982</K0>
    <K1>0.048320635954271073</K1>
    <K2>0.02312802820801603</K2>
    <MAXBAS>1</MAXBAS>
    <Cet>0</Cet>
    <PCALT>10</PCALT>
    <TCALT>0.6</TCALT>
    <Pelev>3100</Pelev>
    <Telev>3100</Telev>
    <PART>0.5</PART>
    <DELAY>1</DELAY>
  </CatchmentParameters>
  <VegetationZone>
    <VegetationZoneParameters>
      <TT>1.3000010186465709</TT>
      <CFMAX>4.6590520169303113</CFMAX>
      <SP>0</SP>
      <SFCF>1.386432221152119</SFCF>
      <CFR>0.03086240082072074</CFR>
      <CWH>0.17199882813350123</CWH>
      <CFGlacier>1</CFGlacier>
      <CFSlope>1</CFSlope>
      <FC>830.5114918097039</FC>
      <LP>0.80053998386468483</LP>
      <BETA>2.7680172526217612</BETA>
    </VegetationZoneParameters>
  </VegetationZone>
  <SubCatchment>
    <SubCatchmentParameters>
      <KSI>0.001</KSI>
      <KGmin>0.05</KGmin>
      <RangeKG>0.1</RangeKG>
      <AG>0.1</AG>
      <PERC>2.65856667680784</PERC>
      <Alpha>0</Alpha>
      <UZL>116.17993450590198</UZL>
      <K0>0.41795606522119982</K0>
      <K1>0.048320635954271073</K1>
      <K2>0.02312802820801603</K2>
      <MAXBAS>1</MAXBAS>
      <Cet>0</Cet>
      <PCALT>10</PCALT>
      <TCALT>0.6</TCALT>
      <Pelev>3100</Pelev>
      <Telev>3100</Telev>
      <PART>0.5</PART>
      <DELAY>1</DELAY>
    </SubCatchmentParameters>
    <SubCatchmentVegetationZone>
      <SubCatchmentVegetationZoneParameters>
        <TT>1.3000010186465709</TT>
        <CFMAX>4.6590520169303113</CFMAX>
        <SP>0</SP>
        <SFCF>1.386432221152119</SFCF>
        <CFR>0.03086240082072074</CFR>
        <CWH>0.17199882813350123</CWH>
        <CFGlacier>1</CFGlacier>
        <CFSlope>1</CFSlope>
        <FC>830.5114918097039</FC>
        <LP>0.80053998386468483</LP>
        <BETA>2.7680172526217612</BETA>
      </SubCatchmentVegetationZoneParameters>
    </SubCatchmentVegetationZone>
  </SubCatchment>
</Catchment>