<?xml version="1.0" encoding="utf-8"?>
<Catchment xmlns:xsi="http://www.w3.org/2001/XMLSchema-instance" xmlns:xsd="http://www.w3.org/2001/XMLSchema">
  <CatchmentParameters>
    <KSI>0.001</KSI>
    <KGmin>0.05</KGmin>
    <RangeKG>0.1</RangeKG>
    <AG>0.1</AG>
    <PERC>3.9779306087266382</PERC>
    <Alpha>0</Alpha>
    <UZL>99.600659254601482</UZL>
    <K0>0.40313520633464073</K0>
    <K1>0.058412015923733331</K1>
    <K2>0.019996073534220293</K2>
    <MAXBAS>1</MAXBAS>
    <Cet>0</Cet>
    <PCALT>10</PCALT>
    <TCALT>0.6</TCALT>
    <Pelev>3100</Pelev>
    <Telev>3100</Telev>
    <PART>0.5</PART>
    <DELAY>1</DELAY>
  </CatchmentParameters>
  <VegetationZone>
    <VegetationZoneParameters>
      <TT>-0.95086836966286414</TT>
      <CFMAX>1.3023414908882678</CFMAX>
      <SP>0</SP>
      <SFCF>1.2384323408378402</SFCF>
      <CFR>0.058817843904460661</CFR>
      <CWH>0.19528291704882686</CWH>
      <CFGlacier>1</CFGlacier>
      <CFSlope>1</CFSlope>
      <FC>391.83222753043424</FC>
      <LP>0.79900932162712435</LP>
      <BETA>2.3436827713670527</BETA>
    </VegetationZoneParameters>
  </VegetationZone>
  <SubCatchment>
    <SubCatchmentParameters>
      <KSI>0.001</KSI>
      <KGmin>0.05</KGmin>
      <RangeKG>0.1</RangeKG>
      <AG>0.1</AG>
      <PERC>3.9779306087266382</PERC>
      <Alpha>0</Alpha>
      <UZL>99.600659254601482</UZL>
      <K0>0.40313520633464073</K0>
      <K1>0.058412015923733331</K1>
      <K2>0.019996073534220293</K2>
      <MAXBAS>1</MAXBAS>
      <Cet>0</Cet>
      <PCALT>10</PCALT>
      <TCALT>0.6</TCALT>
      <Pelev>3100</Pelev>
      <Telev>3100</Telev>
      <PART>0.5</PART>
      <DELAY>1</DELAY>
    </SubCatchmentParameters>
    <SubCatchmentVegetationZone>
      <SubCatchmentVegetationZoneParameters>
        <TT>-0.95086836966286414</TT>
        <CFMAX>1.3023414908882678</CFMAX>
        <SP>0</SP>
        <SFCF>1.2384323408378402</SFCF>
        <CFR>0.058817843904460661</CFR>
        <CWH>0.19528291704882686</CWH>
        <CFGlacier>1</CFGlacier>
        <CFSlope>1</CFSlope>
        <FC>391.83222753043424</FC>
        <LP>0.79900932162712435</LP>
        <BETA>2.3436827713670527</BETA>
      </SubCatchmentVegetationZoneParameters>
    </SubCatchmentVegetationZone>
  </SubCatchment>
</Catchment>