<?xml version="1.0" encoding="utf-8"?>
<Catchment xmlns:xsi="http://www.w3.org/2001/XMLSchema-instance" xmlns:xsd="http://www.w3.org/2001/XMLSchema">
  <CatchmentParameters>
    <KSI>0.001</KSI>
    <KGmin>0.05</KGmin>
    <RangeKG>0.1</RangeKG>
    <AG>0.1</AG>
    <PERC>5.0526519650001447</PERC>
    <Alpha>0</Alpha>
    <UZL>97.2010164635733</UZL>
    <K0>0.11086538802142894</K0>
    <K1>0.056725745817545123</K1>
    <K2>0.026276195189946391</K2>
    <MAXBAS>1</MAXBAS>
    <Cet>0</Cet>
    <PCALT>10</PCALT>
    <TCALT>0.6</TCALT>
    <Pelev>3100</Pelev>
    <Telev>3100</Telev>
    <PART>0.5</PART>
    <DELAY>1</DELAY>
  </CatchmentParameters>
  <VegetationZone>
    <VegetationZoneParameters>
      <TT>0.40358152934918662</TT>
      <CFMAX>2.9156912629284246</CFMAX>
      <SP>0</SP>
      <SFCF>1.3544527429592967</SFCF>
      <CFR>0.059262452811294226</CFR>
      <CWH>0.19999624135896862</CWH>
      <CFGlacier>1</CFGlacier>
      <CFSlope>1</CFSlope>
      <FC>776.16390824314453</FC>
      <LP>0.78033676092688031</LP>
      <BETA>2.2968424863913328</BETA>
    </VegetationZoneParameters>
  </VegetationZone>
  <SubCatchment>
    <SubCatchmentParameters>
      <KSI>0.001</KSI>
      <KGmin>0.05</KGmin>
      <RangeKG>0.1</RangeKG>
      <AG>0.1</AG>
      <PERC>5.0526519650001447</PERC>
      <Alpha>0</Alpha>
      <UZL>97.2010164635733</UZL>
      <K0>0.11086538802142894</K0>
      <K1>0.056725745817545123</K1>
      <K2>0.026276195189946391</K2>
      <MAXBAS>1</MAXBAS>
      <Cet>0</Cet>
      <PCALT>10</PCALT>
      <TCALT>0.6</TCALT>
      <Pelev>3100</Pelev>
      <Telev>3100</Telev>
      <PART>0.5</PART>
      <DELAY>1</DELAY>
    </SubCatchmentParameters>
    <SubCatchmentVegetationZone>
      <SubCatchmentVegetationZoneParameters>
        <TT>0.40358152934918662</TT>
        <CFMAX>2.9156912629284246</CFMAX>
        <SP>0</SP>
        <SFCF>1.3544527429592967</SFCF>
        <CFR>0.059262452811294226</CFR>
        <CWH>0.19999624135896862</CWH>
        <CFGlacier>1</CFGlacier>
        <CFSlope>1</CFSlope>
        <FC>776.16390824314453</FC>
        <LP>0.78033676092688031</LP>
        <BETA>2.2968424863913328</BETA>
      </SubCatchmentVegetationZoneParameters>
    </SubCatchmentVegetationZone>
  </SubCatchment>
</Catchment>