<?xml version="1.0" encoding="utf-8"?>
<Catchment xmlns:xsi="http://www.w3.org/2001/XMLSchema-instance" xmlns:xsd="http://www.w3.org/2001/XMLSchema">
  <CatchmentParameters>
    <KSI>0.001</KSI>
    <KGmin>0.05</KGmin>
    <RangeKG>0.1</RangeKG>
    <AG>0.1</AG>
    <PERC>2.6313942715905494</PERC>
    <Alpha>0</Alpha>
    <UZL>86.413343926535333</UZL>
    <K0>0.23242258935697202</K0>
    <K1>0.046344098019507153</K1>
    <K2>0.022273821063018617</K2>
    <MAXBAS>1</MAXBAS>
    <Cet>0</Cet>
    <PCALT>10</PCALT>
    <TCALT>0.6</TCALT>
    <Pelev>3100</Pelev>
    <Telev>3100</Telev>
    <PART>0.5</PART>
    <DELAY>1</DELAY>
  </CatchmentParameters>
  <VegetationZone>
    <VegetationZoneParameters>
      <TT>0.35830016926665526</TT>
      <CFMAX>2.5339066955730734</CFMAX>
      <SP>0</SP>
      <SFCF>1.4234015326078109</SFCF>
      <CFR>0.0064022660893231047</CFR>
      <CWH>0.1161314923636743</CWH>
      <CFGlacier>1</CFGlacier>
      <CFSlope>1</CFSlope>
      <FC>710.2791763015714</FC>
      <LP>0.77335480953230773</LP>
      <BETA>2.4887386934453994</BETA>
    </VegetationZoneParameters>
  </VegetationZone>
  <SubCatchment>
    <SubCatchmentParameters>
      <KSI>0.001</KSI>
      <KGmin>0.05</KGmin>
      <RangeKG>0.1</RangeKG>
      <AG>0.1</AG>
      <PERC>2.6313942715905494</PERC>
      <Alpha>0</Alpha>
      <UZL>86.413343926535333</UZL>
      <K0>0.23242258935697202</K0>
      <K1>0.046344098019507153</K1>
      <K2>0.022273821063018617</K2>
      <MAXBAS>1</MAXBAS>
      <Cet>0</Cet>
      <PCALT>10</PCALT>
      <TCALT>0.6</TCALT>
      <Pelev>3100</Pelev>
      <Telev>3100</Telev>
      <PART>0.5</PART>
      <DELAY>1</DELAY>
    </SubCatchmentParameters>
    <SubCatchmentVegetationZone>
      <SubCatchmentVegetationZoneParameters>
        <TT>0.35830016926665526</TT>
        <CFMAX>2.5339066955730734</CFMAX>
        <SP>0</SP>
        <SFCF>1.4234015326078109</SFCF>
        <CFR>0.0064022660893231047</CFR>
        <CWH>0.1161314923636743</CWH>
        <CFGlacier>1</CFGlacier>
        <CFSlope>1</CFSlope>
        <FC>710.2791763015714</FC>
        <LP>0.77335480953230773</LP>
        <BETA>2.4887386934453994</BETA>
      </SubCatchmentVegetationZoneParameters>
    </SubCatchmentVegetationZone>
  </SubCatchment>
</Catchment>