<?xml version="1.0" encoding="utf-8"?>
<Catchment xmlns:xsi="http://www.w3.org/2001/XMLSchema-instance" xmlns:xsd="http://www.w3.org/2001/XMLSchema">
  <CatchmentParameters>
    <KSI>0.001</KSI>
    <KGmin>0.05</KGmin>
    <RangeKG>0.1</RangeKG>
    <AG>0.1</AG>
    <PERC>3.1421860663247552</PERC>
    <Alpha>0</Alpha>
    <UZL>105.60025669884911</UZL>
    <K0>0.90111648751501083</K0>
    <K1>0.049948036115130851</K1>
    <K2>0.024849495929598606</K2>
    <MAXBAS>1</MAXBAS>
    <Cet>0</Cet>
    <PCALT>10</PCALT>
    <TCALT>0.6</TCALT>
    <Pelev>3100</Pelev>
    <Telev>3100</Telev>
    <PART>0.5</PART>
    <DELAY>1</DELAY>
  </CatchmentParameters>
  <VegetationZone>
    <VegetationZoneParameters>
      <TT>0.40000549455584961</TT>
      <CFMAX>3.1882084393653427</CFMAX>
      <SP>0</SP>
      <SFCF>1.485124181536668</SFCF>
      <CFR>0.052602978295402891</CFR>
      <CWH>0.17855591370112972</CWH>
      <CFGlacier>1</CFGlacier>
      <CFSlope>1</CFSlope>
      <FC>971.23011968951118</FC>
      <LP>0.86942767148613542</LP>
      <BETA>3.345801990355473</BETA>
    </VegetationZoneParameters>
  </VegetationZone>
  <SubCatchment>
    <SubCatchmentParameters>
      <KSI>0.001</KSI>
      <KGmin>0.05</KGmin>
      <RangeKG>0.1</RangeKG>
      <AG>0.1</AG>
      <PERC>3.1421860663247552</PERC>
      <Alpha>0</Alpha>
      <UZL>105.60025669884911</UZL>
      <K0>0.90111648751501083</K0>
      <K1>0.049948036115130851</K1>
      <K2>0.024849495929598606</K2>
      <MAXBAS>1</MAXBAS>
      <Cet>0</Cet>
      <PCALT>10</PCALT>
      <TCALT>0.6</TCALT>
      <Pelev>3100</Pelev>
      <Telev>3100</Telev>
      <PART>0.5</PART>
      <DELAY>1</DELAY>
    </SubCatchmentParameters>
    <SubCatchmentVegetationZone>
      <SubCatchmentVegetationZoneParameters>
        <TT>0.40000549455584961</TT>
        <CFMAX>3.1882084393653427</CFMAX>
        <SP>0</SP>
        <SFCF>1.485124181536668</SFCF>
        <CFR>0.052602978295402891</CFR>
        <CWH>0.17855591370112972</CWH>
        <CFGlacier>1</CFGlacier>
        <CFSlope>1</CFSlope>
        <FC>971.23011968951118</FC>
        <LP>0.86942767148613542</LP>
        <BETA>3.345801990355473</BETA>
      </SubCatchmentVegetationZoneParameters>
    </SubCatchmentVegetationZone>
  </SubCatchment>
</Catchment>