<?xml version="1.0" encoding="utf-8"?>
<Catchment xmlns:xsi="http://www.w3.org/2001/XMLSchema-instance" xmlns:xsd="http://www.w3.org/2001/XMLSchema">
  <CatchmentParameters>
    <KSI>0.001</KSI>
    <KGmin>0.05</KGmin>
    <RangeKG>0.1</RangeKG>
    <AG>0.1</AG>
    <PERC>1.7950353306675906</PERC>
    <Alpha>0</Alpha>
    <UZL>150.93461439477881</UZL>
    <K0>0.67705110259133494</K0>
    <K1>0.042460951711645</K1>
    <K2>0.022511224260914224</K2>
    <MAXBAS>1</MAXBAS>
    <Cet>0</Cet>
    <PCALT>10</PCALT>
    <TCALT>0.6</TCALT>
    <Pelev>3100</Pelev>
    <Telev>3100</Telev>
    <PART>0.5</PART>
    <DELAY>1</DELAY>
  </CatchmentParameters>
  <VegetationZone>
    <VegetationZoneParameters>
      <TT>0.13230860610569789</TT>
      <CFMAX>2.1434529271541036</CFMAX>
      <SP>0</SP>
      <SFCF>1.2991653640614824</SFCF>
      <CFR>0.00995456542957207</CFR>
      <CWH>0.19999999672181</CWH>
      <CFGlacier>1</CFGlacier>
      <CFSlope>1</CFSlope>
      <FC>607.5600068912803</FC>
      <LP>0.90650370808783654</LP>
      <BETA>2.7904567747184172</BETA>
    </VegetationZoneParameters>
  </VegetationZone>
  <SubCatchment>
    <SubCatchmentParameters>
      <KSI>0.001</KSI>
      <KGmin>0.05</KGmin>
      <RangeKG>0.1</RangeKG>
      <AG>0.1</AG>
      <PERC>1.7950353306675906</PERC>
      <Alpha>0</Alpha>
      <UZL>150.93461439477881</UZL>
      <K0>0.67705110259133494</K0>
      <K1>0.042460951711645</K1>
      <K2>0.022511224260914224</K2>
      <MAXBAS>1</MAXBAS>
      <Cet>0</Cet>
      <PCALT>10</PCALT>
      <TCALT>0.6</TCALT>
      <Pelev>3100</Pelev>
      <Telev>3100</Telev>
      <PART>0.5</PART>
      <DELAY>1</DELAY>
    </SubCatchmentParameters>
    <SubCatchmentVegetationZone>
      <SubCatchmentVegetationZoneParameters>
        <TT>0.13230860610569789</TT>
        <CFMAX>2.1434529271541036</CFMAX>
        <SP>0</SP>
        <SFCF>1.2991653640614824</SFCF>
        <CFR>0.00995456542957207</CFR>
        <CWH>0.19999999672181</CWH>
        <CFGlacier>1</CFGlacier>
        <CFSlope>1</CFSlope>
        <FC>607.5600068912803</FC>
        <LP>0.90650370808783654</LP>
        <BETA>2.7904567747184172</BETA>
      </SubCatchmentVegetationZoneParameters>
    </SubCatchmentVegetationZone>
  </SubCatchment>
</Catchment>