<?xml version="1.0" encoding="utf-8"?>
<Catchment xmlns:xsi="http://www.w3.org/2001/XMLSchema-instance" xmlns:xsd="http://www.w3.org/2001/XMLSchema">
  <CatchmentParameters>
    <KSI>0.001</KSI>
    <KGmin>0.05</KGmin>
    <RangeKG>0.1</RangeKG>
    <AG>0.1</AG>
    <PERC>2.2001029754997004</PERC>
    <Alpha>0</Alpha>
    <UZL>116.26757607957659</UZL>
    <K0>0.19490893978804283</K0>
    <K1>0.041613955972102407</K1>
    <K2>0.019373087750813076</K2>
    <MAXBAS>1</MAXBAS>
    <Cet>0</Cet>
    <PCALT>10</PCALT>
    <TCALT>0.6</TCALT>
    <Pelev>3100</Pelev>
    <Telev>3100</Telev>
    <PART>0.5</PART>
    <DELAY>1</DELAY>
  </CatchmentParameters>
  <VegetationZone>
    <VegetationZoneParameters>
      <TT>-0.50002332624918211</TT>
      <CFMAX>1.7669876699211697</CFMAX>
      <SP>0</SP>
      <SFCF>1.4124114011177171</SFCF>
      <CFR>0.035557706307809377</CFR>
      <CWH>0.19228631827738543</CWH>
      <CFGlacier>1</CFGlacier>
      <CFSlope>1</CFSlope>
      <FC>526.02345292270275</FC>
      <LP>0.64318634021722976</LP>
      <BETA>1.8937600613923538</BETA>
    </VegetationZoneParameters>
  </VegetationZone>
  <SubCatchment>
    <SubCatchmentParameters>
      <KSI>0.001</KSI>
      <KGmin>0.05</KGmin>
      <RangeKG>0.1</RangeKG>
      <AG>0.1</AG>
      <PERC>2.2001029754997004</PERC>
      <Alpha>0</Alpha>
      <UZL>116.26757607957659</UZL>
      <K0>0.19490893978804283</K0>
      <K1>0.041613955972102407</K1>
      <K2>0.019373087750813076</K2>
      <MAXBAS>1</MAXBAS>
      <Cet>0</Cet>
      <PCALT>10</PCALT>
      <TCALT>0.6</TCALT>
      <Pelev>3100</Pelev>
      <Telev>3100</Telev>
      <PART>0.5</PART>
      <DELAY>1</DELAY>
    </SubCatchmentParameters>
    <SubCatchmentVegetationZone>
      <SubCatchmentVegetationZoneParameters>
        <TT>-0.50002332624918211</TT>
        <CFMAX>1.7669876699211697</CFMAX>
        <SP>0</SP>
        <SFCF>1.4124114011177171</SFCF>
        <CFR>0.035557706307809377</CFR>
        <CWH>0.19228631827738543</CWH>
        <CFGlacier>1</CFGlacier>
        <CFSlope>1</CFSlope>
        <FC>526.02345292270275</FC>
        <LP>0.64318634021722976</LP>
        <BETA>1.8937600613923538</BETA>
      </SubCatchmentVegetationZoneParameters>
    </SubCatchmentVegetationZone>
  </SubCatchment>
</Catchment>