<?xml version="1.0" encoding="utf-8"?>
<Catchment xmlns:xsi="http://www.w3.org/2001/XMLSchema-instance" xmlns:xsd="http://www.w3.org/2001/XMLSchema">
  <CatchmentParameters>
    <KSI>0.001</KSI>
    <KGmin>0.05</KGmin>
    <RangeKG>0.1</RangeKG>
    <AG>0.1</AG>
    <PERC>2.971009091279222</PERC>
    <Alpha>0</Alpha>
    <UZL>149.81198651978664</UZL>
    <K0>0.53657995550075366</K0>
    <K1>0.044791497175097755</K1>
    <K2>0.024253993937724806</K2>
    <MAXBAS>1</MAXBAS>
    <Cet>0</Cet>
    <PCALT>10</PCALT>
    <TCALT>0.6</TCALT>
    <Pelev>3100</Pelev>
    <Telev>3100</Telev>
    <PART>0.5</PART>
    <DELAY>1</DELAY>
  </CatchmentParameters>
  <VegetationZone>
    <VegetationZoneParameters>
      <TT>0.61786355788717529</TT>
      <CFMAX>3.5661953126259691</CFMAX>
      <SP>0</SP>
      <SFCF>1.4400768008433784</SFCF>
      <CFR>0.039117673034553838</CFR>
      <CWH>0.14923314166602397</CWH>
      <CFGlacier>1</CFGlacier>
      <CFSlope>1</CFSlope>
      <FC>764.40247947065973</FC>
      <LP>0.72788408362652579</LP>
      <BETA>2.2768790348616843</BETA>
    </VegetationZoneParameters>
  </VegetationZone>
  <SubCatchment>
    <SubCatchmentParameters>
      <KSI>0.001</KSI>
      <KGmin>0.05</KGmin>
      <RangeKG>0.1</RangeKG>
      <AG>0.1</AG>
      <PERC>2.971009091279222</PERC>
      <Alpha>0</Alpha>
      <UZL>149.81198651978664</UZL>
      <K0>0.53657995550075366</K0>
      <K1>0.044791497175097755</K1>
      <K2>0.024253993937724806</K2>
      <MAXBAS>1</MAXBAS>
      <Cet>0</Cet>
      <PCALT>10</PCALT>
      <TCALT>0.6</TCALT>
      <Pelev>3100</Pelev>
      <Telev>3100</Telev>
      <PART>0.5</PART>
      <DELAY>1</DELAY>
    </SubCatchmentParameters>
    <SubCatchmentVegetationZone>
      <SubCatchmentVegetationZoneParameters>
        <TT>0.61786355788717529</TT>
        <CFMAX>3.5661953126259691</CFMAX>
        <SP>0</SP>
        <SFCF>1.4400768008433784</SFCF>
        <CFR>0.039117673034553838</CFR>
        <CWH>0.14923314166602397</CWH>
        <CFGlacier>1</CFGlacier>
        <CFSlope>1</CFSlope>
        <FC>764.40247947065973</FC>
        <LP>0.72788408362652579</LP>
        <BETA>2.2768790348616843</BETA>
      </SubCatchmentVegetationZoneParameters>
    </SubCatchmentVegetationZone>
  </SubCatchment>
</Catchment>