<?xml version="1.0" encoding="utf-8"?>
<Catchment xmlns:xsi="http://www.w3.org/2001/XMLSchema-instance" xmlns:xsd="http://www.w3.org/2001/XMLSchema">
  <CatchmentParameters>
    <KSI>0.001</KSI>
    <KGmin>0.05</KGmin>
    <RangeKG>0.1</RangeKG>
    <AG>0.1</AG>
    <PERC>3.0426348010397808</PERC>
    <Alpha>0</Alpha>
    <UZL>162.70201174259515</UZL>
    <K0>0.050010128103357865</K0>
    <K1>0.050630040386040617</K1>
    <K2>0.0216346932993574</K2>
    <MAXBAS>1</MAXBAS>
    <Cet>0</Cet>
    <PCALT>10</PCALT>
    <TCALT>0.6</TCALT>
    <Pelev>3100</Pelev>
    <Telev>3100</Telev>
    <PART>0.5</PART>
    <DELAY>1</DELAY>
  </CatchmentParameters>
  <VegetationZone>
    <VegetationZoneParameters>
      <TT>-0.32686807660141065</TT>
      <CFMAX>1.9159684803264465</CFMAX>
      <SP>0</SP>
      <SFCF>1.4247710502939639</SFCF>
      <CFR>0.035718271807353964</CFR>
      <CWH>0.16374620863735162</CWH>
      <CFGlacier>1</CFGlacier>
      <CFSlope>1</CFSlope>
      <FC>678.51710630574155</FC>
      <LP>0.89189962879497642</LP>
      <BETA>3.1382660577336181</BETA>
    </VegetationZoneParameters>
  </VegetationZone>
  <SubCatchment>
    <SubCatchmentParameters>
      <KSI>0.001</KSI>
      <KGmin>0.05</KGmin>
      <RangeKG>0.1</RangeKG>
      <AG>0.1</AG>
      <PERC>3.0426348010397808</PERC>
      <Alpha>0</Alpha>
      <UZL>162.70201174259515</UZL>
      <K0>0.050010128103357865</K0>
      <K1>0.050630040386040617</K1>
      <K2>0.0216346932993574</K2>
      <MAXBAS>1</MAXBAS>
      <Cet>0</Cet>
      <PCALT>10</PCALT>
      <TCALT>0.6</TCALT>
      <Pelev>3100</Pelev>
      <Telev>3100</Telev>
      <PART>0.5</PART>
      <DELAY>1</DELAY>
    </SubCatchmentParameters>
    <SubCatchmentVegetationZone>
      <SubCatchmentVegetationZoneParameters>
        <TT>-0.32686807660141065</TT>
        <CFMAX>1.9159684803264465</CFMAX>
        <SP>0</SP>
        <SFCF>1.4247710502939639</SFCF>
        <CFR>0.035718271807353964</CFR>
        <CWH>0.16374620863735162</CWH>
        <CFGlacier>1</CFGlacier>
        <CFSlope>1</CFSlope>
        <FC>678.51710630574155</FC>
        <LP>0.89189962879497642</LP>
        <BETA>3.1382660577336181</BETA>
      </SubCatchmentVegetationZoneParameters>
    </SubCatchmentVegetationZone>
  </SubCatchment>
</Catchment>