<?xml version="1.0" encoding="utf-8"?>
<Catchment xmlns:xsi="http://www.w3.org/2001/XMLSchema-instance" xmlns:xsd="http://www.w3.org/2001/XMLSchema">
  <CatchmentParameters>
    <KSI>0.001</KSI>
    <KGmin>0.05</KGmin>
    <RangeKG>0.1</RangeKG>
    <AG>0.1</AG>
    <PERC>5.9996769886854313</PERC>
    <Alpha>0</Alpha>
    <UZL>100.03206159818122</UZL>
    <K0>0.35140314998764832</K0>
    <K1>0.086678267155645541</K1>
    <K2>0.026467519054870946</K2>
    <MAXBAS>1</MAXBAS>
    <Cet>0</Cet>
    <PCALT>10</PCALT>
    <TCALT>0.6</TCALT>
    <Pelev>3100</Pelev>
    <Telev>3100</Telev>
    <PART>0.5</PART>
    <DELAY>1</DELAY>
  </CatchmentParameters>
  <VegetationZone>
    <VegetationZoneParameters>
      <TT>0.048054269190434269</TT>
      <CFMAX>2.1817462334892057</CFMAX>
      <SP>0</SP>
      <SFCF>1.4093074747183958</SFCF>
      <CFR>0.010796181724445231</CFR>
      <CWH>0.19999870697632363</CWH>
      <CFGlacier>1</CFGlacier>
      <CFSlope>1</CFSlope>
      <FC>659.691933647566</FC>
      <LP>0.66888916011781008</LP>
      <BETA>1.8872055595736625</BETA>
    </VegetationZoneParameters>
  </VegetationZone>
  <SubCatchment>
    <SubCatchmentParameters>
      <KSI>0.001</KSI>
      <KGmin>0.05</KGmin>
      <RangeKG>0.1</RangeKG>
      <AG>0.1</AG>
      <PERC>5.9996769886854313</PERC>
      <Alpha>0</Alpha>
      <UZL>100.03206159818122</UZL>
      <K0>0.35140314998764832</K0>
      <K1>0.086678267155645541</K1>
      <K2>0.026467519054870946</K2>
      <MAXBAS>1</MAXBAS>
      <Cet>0</Cet>
      <PCALT>10</PCALT>
      <TCALT>0.6</TCALT>
      <Pelev>3100</Pelev>
      <Telev>3100</Telev>
      <PART>0.5</PART>
      <DELAY>1</DELAY>
    </SubCatchmentParameters>
    <SubCatchmentVegetationZone>
      <SubCatchmentVegetationZoneParameters>
        <TT>0.048054269190434269</TT>
        <CFMAX>2.1817462334892057</CFMAX>
        <SP>0</SP>
        <SFCF>1.4093074747183958</SFCF>
        <CFR>0.010796181724445231</CFR>
        <CWH>0.19999870697632363</CWH>
        <CFGlacier>1</CFGlacier>
        <CFSlope>1</CFSlope>
        <FC>659.691933647566</FC>
        <LP>0.66888916011781008</LP>
        <BETA>1.8872055595736625</BETA>
      </SubCatchmentVegetationZoneParameters>
    </SubCatchmentVegetationZone>
  </SubCatchment>
</Catchment>