<?xml version="1.0" encoding="utf-8"?>
<Catchment xmlns:xsi="http://www.w3.org/2001/XMLSchema-instance" xmlns:xsd="http://www.w3.org/2001/XMLSchema">
  <CatchmentParameters>
    <KSI>0.001</KSI>
    <KGmin>0.05</KGmin>
    <RangeKG>0.1</RangeKG>
    <AG>0.1</AG>
    <PERC>3.805822508771818</PERC>
    <Alpha>0</Alpha>
    <UZL>197.29687865225915</UZL>
    <K0>0.050196613858135355</K0>
    <K1>0.053466365946781461</K1>
    <K2>0.024545230874431972</K2>
    <MAXBAS>1</MAXBAS>
    <Cet>0</Cet>
    <PCALT>10</PCALT>
    <TCALT>0.6</TCALT>
    <Pelev>3100</Pelev>
    <Telev>3100</Telev>
    <PART>0.5</PART>
    <DELAY>1</DELAY>
  </CatchmentParameters>
  <VegetationZone>
    <VegetationZoneParameters>
      <TT>0.025589043828252469</TT>
      <CFMAX>2.1927505571315167</CFMAX>
      <SP>0</SP>
      <SFCF>1.3690052536491693</SFCF>
      <CFR>0.049967137121765245</CFR>
      <CWH>0.17961625735284928</CWH>
      <CFGlacier>1</CFGlacier>
      <CFSlope>1</CFSlope>
      <FC>669.98483627659459</FC>
      <LP>0.779841219842691</LP>
      <BETA>2.3054474390236583</BETA>
    </VegetationZoneParameters>
  </VegetationZone>
  <SubCatchment>
    <SubCatchmentParameters>
      <KSI>0.001</KSI>
      <KGmin>0.05</KGmin>
      <RangeKG>0.1</RangeKG>
      <AG>0.1</AG>
      <PERC>3.805822508771818</PERC>
      <Alpha>0</Alpha>
      <UZL>197.29687865225915</UZL>
      <K0>0.050196613858135355</K0>
      <K1>0.053466365946781461</K1>
      <K2>0.024545230874431972</K2>
      <MAXBAS>1</MAXBAS>
      <Cet>0</Cet>
      <PCALT>10</PCALT>
      <TCALT>0.6</TCALT>
      <Pelev>3100</Pelev>
      <Telev>3100</Telev>
      <PART>0.5</PART>
      <DELAY>1</DELAY>
    </SubCatchmentParameters>
    <SubCatchmentVegetationZone>
      <SubCatchmentVegetationZoneParameters>
        <TT>0.025589043828252469</TT>
        <CFMAX>2.1927505571315167</CFMAX>
        <SP>0</SP>
        <SFCF>1.3690052536491693</SFCF>
        <CFR>0.049967137121765245</CFR>
        <CWH>0.17961625735284928</CWH>
        <CFGlacier>1</CFGlacier>
        <CFSlope>1</CFSlope>
        <FC>669.98483627659459</FC>
        <LP>0.779841219842691</LP>
        <BETA>2.3054474390236583</BETA>
      </SubCatchmentVegetationZoneParameters>
    </SubCatchmentVegetationZone>
  </SubCatchment>
</Catchment>