<?xml version="1.0" encoding="utf-8"?>
<Catchment xmlns:xsi="http://www.w3.org/2001/XMLSchema-instance" xmlns:xsd="http://www.w3.org/2001/XMLSchema">
  <CatchmentParameters>
    <KSI>0.001</KSI>
    <KGmin>0.05</KGmin>
    <RangeKG>0.1</RangeKG>
    <AG>0.1</AG>
    <PERC>5.201228391805417</PERC>
    <Alpha>0</Alpha>
    <UZL>96.514617383587748</UZL>
    <K0>0.37289822178434856</K0>
    <K1>0.098588598297331326</K1>
    <K2>0.027612810000434525</K2>
    <MAXBAS>1</MAXBAS>
    <Cet>0</Cet>
    <PCALT>10</PCALT>
    <TCALT>0.6</TCALT>
    <Pelev>3100</Pelev>
    <Telev>3100</Telev>
    <PART>0.5</PART>
    <DELAY>1</DELAY>
  </CatchmentParameters>
  <VegetationZone>
    <VegetationZoneParameters>
      <TT>1.4710535840499819E-05</TT>
      <CFMAX>1.9882334459997262</CFMAX>
      <SP>0</SP>
      <SFCF>1.4629410505790321</SFCF>
      <CFR>0.061613753357135904</CFR>
      <CWH>0.15508512659032234</CWH>
      <CFGlacier>1</CFGlacier>
      <CFSlope>1</CFSlope>
      <FC>835.78983818503593</FC>
      <LP>0.69955208721680373</LP>
      <BETA>2.1629037418808004</BETA>
    </VegetationZoneParameters>
  </VegetationZone>
  <SubCatchment>
    <SubCatchmentParameters>
      <KSI>0.001</KSI>
      <KGmin>0.05</KGmin>
      <RangeKG>0.1</RangeKG>
      <AG>0.1</AG>
      <PERC>5.201228391805417</PERC>
      <Alpha>0</Alpha>
      <UZL>96.514617383587748</UZL>
      <K0>0.37289822178434856</K0>
      <K1>0.098588598297331326</K1>
      <K2>0.027612810000434525</K2>
      <MAXBAS>1</MAXBAS>
      <Cet>0</Cet>
      <PCALT>10</PCALT>
      <TCALT>0.6</TCALT>
      <Pelev>3100</Pelev>
      <Telev>3100</Telev>
      <PART>0.5</PART>
      <DELAY>1</DELAY>
    </SubCatchmentParameters>
    <SubCatchmentVegetationZone>
      <SubCatchmentVegetationZoneParameters>
        <TT>1.4710535840499819E-05</TT>
        <CFMAX>1.9882334459997262</CFMAX>
        <SP>0</SP>
        <SFCF>1.4629410505790321</SFCF>
        <CFR>0.061613753357135904</CFR>
        <CWH>0.15508512659032234</CWH>
        <CFGlacier>1</CFGlacier>
        <CFSlope>1</CFSlope>
        <FC>835.78983818503593</FC>
        <LP>0.69955208721680373</LP>
        <BETA>2.1629037418808004</BETA>
      </SubCatchmentVegetationZoneParameters>
    </SubCatchmentVegetationZone>
  </SubCatchment>
</Catchment>