<?xml version="1.0" encoding="utf-8"?>
<Catchment xmlns:xsi="http://www.w3.org/2001/XMLSchema-instance" xmlns:xsd="http://www.w3.org/2001/XMLSchema">
  <CatchmentParameters>
    <KSI>0.001</KSI>
    <KGmin>0.05</KGmin>
    <RangeKG>0.1</RangeKG>
    <AG>0.1</AG>
    <PERC>0.91613998164481281</PERC>
    <Alpha>0</Alpha>
    <UZL>113.75286321385053</UZL>
    <K0>0.061118569383670565</K0>
    <K1>0.034323307171780587</K1>
    <K2>0.017137499989940581</K2>
    <MAXBAS>1</MAXBAS>
    <Cet>0</Cet>
    <PCALT>10</PCALT>
    <TCALT>0.6</TCALT>
    <Pelev>3100</Pelev>
    <Telev>3100</Telev>
    <PART>0.5</PART>
    <DELAY>1</DELAY>
  </CatchmentParameters>
  <VegetationZone>
    <VegetationZoneParameters>
      <TT>0.63910187207036273</TT>
      <CFMAX>3.25604821489099</CFMAX>
      <SP>0</SP>
      <SFCF>1.4212805180384076</SFCF>
      <CFR>0.040919658484575509</CFR>
      <CWH>0.16472393923381273</CWH>
      <CFGlacier>1</CFGlacier>
      <CFSlope>1</CFSlope>
      <FC>778.68596636370592</FC>
      <LP>0.71925140964553158</LP>
      <BETA>2.16804576046762</BETA>
    </VegetationZoneParameters>
  </VegetationZone>
  <SubCatchment>
    <SubCatchmentParameters>
      <KSI>0.001</KSI>
      <KGmin>0.05</KGmin>
      <RangeKG>0.1</RangeKG>
      <AG>0.1</AG>
      <PERC>0.91613998164481281</PERC>
      <Alpha>0</Alpha>
      <UZL>113.75286321385053</UZL>
      <K0>0.061118569383670565</K0>
      <K1>0.034323307171780587</K1>
      <K2>0.017137499989940581</K2>
      <MAXBAS>1</MAXBAS>
      <Cet>0</Cet>
      <PCALT>10</PCALT>
      <TCALT>0.6</TCALT>
      <Pelev>3100</Pelev>
      <Telev>3100</Telev>
      <PART>0.5</PART>
      <DELAY>1</DELAY>
    </SubCatchmentParameters>
    <SubCatchmentVegetationZone>
      <SubCatchmentVegetationZoneParameters>
        <TT>0.63910187207036273</TT>
        <CFMAX>3.25604821489099</CFMAX>
        <SP>0</SP>
        <SFCF>1.4212805180384076</SFCF>
        <CFR>0.040919658484575509</CFR>
        <CWH>0.16472393923381273</CWH>
        <CFGlacier>1</CFGlacier>
        <CFSlope>1</CFSlope>
        <FC>778.68596636370592</FC>
        <LP>0.71925140964553158</LP>
        <BETA>2.16804576046762</BETA>
      </SubCatchmentVegetationZoneParameters>
    </SubCatchmentVegetationZone>
  </SubCatchment>
</Catchment>