<?xml version="1.0" encoding="utf-8"?>
<Catchment xmlns:xsi="http://www.w3.org/2001/XMLSchema-instance" xmlns:xsd="http://www.w3.org/2001/XMLSchema">
  <CatchmentParameters>
    <KSI>0.001</KSI>
    <KGmin>0.05</KGmin>
    <RangeKG>0.1</RangeKG>
    <AG>0.1</AG>
    <PERC>1.6460605334568204</PERC>
    <Alpha>0</Alpha>
    <UZL>108.39479984289575</UZL>
    <K0>0.050005812384385326</K0>
    <K1>0.038321307806261216</K1>
    <K2>0.02523528307673838</K2>
    <MAXBAS>1</MAXBAS>
    <Cet>0</Cet>
    <PCALT>10</PCALT>
    <TCALT>0.6</TCALT>
    <Pelev>3100</Pelev>
    <Telev>3100</Telev>
    <PART>0.5</PART>
    <DELAY>1</DELAY>
  </CatchmentParameters>
  <VegetationZone>
    <VegetationZoneParameters>
      <TT>1.3103673716714686</TT>
      <CFMAX>4.3765759884021671</CFMAX>
      <SP>0</SP>
      <SFCF>1.3210388058581881</SFCF>
      <CFR>0.037068182183915339</CFR>
      <CWH>0.1256869134092225</CWH>
      <CFGlacier>1</CFGlacier>
      <CFSlope>1</CFSlope>
      <FC>704.78859618577519</FC>
      <LP>0.598039442275924</LP>
      <BETA>1.6913646081567848</BETA>
    </VegetationZoneParameters>
  </VegetationZone>
  <SubCatchment>
    <SubCatchmentParameters>
      <KSI>0.001</KSI>
      <KGmin>0.05</KGmin>
      <RangeKG>0.1</RangeKG>
      <AG>0.1</AG>
      <PERC>1.6460605334568204</PERC>
      <Alpha>0</Alpha>
      <UZL>108.39479984289575</UZL>
      <K0>0.050005812384385326</K0>
      <K1>0.038321307806261216</K1>
      <K2>0.02523528307673838</K2>
      <MAXBAS>1</MAXBAS>
      <Cet>0</Cet>
      <PCALT>10</PCALT>
      <TCALT>0.6</TCALT>
      <Pelev>3100</Pelev>
      <Telev>3100</Telev>
      <PART>0.5</PART>
      <DELAY>1</DELAY>
    </SubCatchmentParameters>
    <SubCatchmentVegetationZone>
      <SubCatchmentVegetationZoneParameters>
        <TT>1.3103673716714686</TT>
        <CFMAX>4.3765759884021671</CFMAX>
        <SP>0</SP>
        <SFCF>1.3210388058581881</SFCF>
        <CFR>0.037068182183915339</CFR>
        <CWH>0.1256869134092225</CWH>
        <CFGlacier>1</CFGlacier>
        <CFSlope>1</CFSlope>
        <FC>704.78859618577519</FC>
        <LP>0.598039442275924</LP>
        <BETA>1.6913646081567848</BETA>
      </SubCatchmentVegetationZoneParameters>
    </SubCatchmentVegetationZone>
  </SubCatchment>
</Catchment>