<?xml version="1.0" encoding="utf-8"?>
<Catchment xmlns:xsi="http://www.w3.org/2001/XMLSchema-instance" xmlns:xsd="http://www.w3.org/2001/XMLSchema">
  <CatchmentParameters>
    <KSI>0.001</KSI>
    <KGmin>0.05</KGmin>
    <RangeKG>0.1</RangeKG>
    <AG>0.1</AG>
    <PERC>4.5737605268821442</PERC>
    <Alpha>0</Alpha>
    <UZL>62.908704581576217</UZL>
    <K0>0.33687092199276653</K0>
    <K1>0.070362830429296142</K1>
    <K2>0.026359151301792842</K2>
    <MAXBAS>1</MAXBAS>
    <Cet>0</Cet>
    <PCALT>10</PCALT>
    <TCALT>0.6</TCALT>
    <Pelev>3100</Pelev>
    <Telev>3100</Telev>
    <PART>0.5</PART>
    <DELAY>1</DELAY>
  </CatchmentParameters>
  <VegetationZone>
    <VegetationZoneParameters>
      <TT>0.40000033967648285</TT>
      <CFMAX>2.3710140773011625</CFMAX>
      <SP>0</SP>
      <SFCF>1.3218531986583546</SFCF>
      <CFR>1.7640310834584227E-08</CFR>
      <CWH>0.16096275525710543</CWH>
      <CFGlacier>1</CFGlacier>
      <CFSlope>1</CFSlope>
      <FC>731.93615364404229</FC>
      <LP>0.83075030061985233</LP>
      <BETA>2.4994402261378941</BETA>
    </VegetationZoneParameters>
  </VegetationZone>
  <SubCatchment>
    <SubCatchmentParameters>
      <KSI>0.001</KSI>
      <KGmin>0.05</KGmin>
      <RangeKG>0.1</RangeKG>
      <AG>0.1</AG>
      <PERC>4.5737605268821442</PERC>
      <Alpha>0</Alpha>
      <UZL>62.908704581576217</UZL>
      <K0>0.33687092199276653</K0>
      <K1>0.070362830429296142</K1>
      <K2>0.026359151301792842</K2>
      <MAXBAS>1</MAXBAS>
      <Cet>0</Cet>
      <PCALT>10</PCALT>
      <TCALT>0.6</TCALT>
      <Pelev>3100</Pelev>
      <Telev>3100</Telev>
      <PART>0.5</PART>
      <DELAY>1</DELAY>
    </SubCatchmentParameters>
    <SubCatchmentVegetationZone>
      <SubCatchmentVegetationZoneParameters>
        <TT>0.40000033967648285</TT>
        <CFMAX>2.3710140773011625</CFMAX>
        <SP>0</SP>
        <SFCF>1.3218531986583546</SFCF>
        <CFR>1.7640310834584227E-08</CFR>
        <CWH>0.16096275525710543</CWH>
        <CFGlacier>1</CFGlacier>
        <CFSlope>1</CFSlope>
        <FC>731.93615364404229</FC>
        <LP>0.83075030061985233</LP>
        <BETA>2.4994402261378941</BETA>
      </SubCatchmentVegetationZoneParameters>
    </SubCatchmentVegetationZone>
  </SubCatchment>
</Catchment>