<?xml version="1.0" encoding="utf-8"?>
<Catchment xmlns:xsi="http://www.w3.org/2001/XMLSchema-instance" xmlns:xsd="http://www.w3.org/2001/XMLSchema">
  <CatchmentParameters>
    <KSI>0.001</KSI>
    <KGmin>0.05</KGmin>
    <RangeKG>0.1</RangeKG>
    <AG>0.1</AG>
    <PERC>3.5610571126203139</PERC>
    <Alpha>0</Alpha>
    <UZL>87.871292266388267</UZL>
    <K0>0.050044944360685628</K0>
    <K1>0.049872744991621511</K1>
    <K2>0.022600409516402332</K2>
    <MAXBAS>1</MAXBAS>
    <Cet>0</Cet>
    <PCALT>10</PCALT>
    <TCALT>0.6</TCALT>
    <Pelev>3100</Pelev>
    <Telev>3100</Telev>
    <PART>0.5</PART>
    <DELAY>1</DELAY>
  </CatchmentParameters>
  <VegetationZone>
    <VegetationZoneParameters>
      <TT>0.27224929025638467</TT>
      <CFMAX>2.3853834322174627</CFMAX>
      <SP>0</SP>
      <SFCF>1.2520327946051746</SFCF>
      <CFR>0.058664573772935359</CFR>
      <CWH>0.12593095313246705</CWH>
      <CFGlacier>1</CFGlacier>
      <CFSlope>1</CFSlope>
      <FC>520.66962998083977</FC>
      <LP>0.79282783013933467</LP>
      <BETA>2.2191988152659614</BETA>
    </VegetationZoneParameters>
  </VegetationZone>
  <SubCatchment>
    <SubCatchmentParameters>
      <KSI>0.001</KSI>
      <KGmin>0.05</KGmin>
      <RangeKG>0.1</RangeKG>
      <AG>0.1</AG>
      <PERC>3.5610571126203139</PERC>
      <Alpha>0</Alpha>
      <UZL>87.871292266388267</UZL>
      <K0>0.050044944360685628</K0>
      <K1>0.049872744991621511</K1>
      <K2>0.022600409516402332</K2>
      <MAXBAS>1</MAXBAS>
      <Cet>0</Cet>
      <PCALT>10</PCALT>
      <TCALT>0.6</TCALT>
      <Pelev>3100</Pelev>
      <Telev>3100</Telev>
      <PART>0.5</PART>
      <DELAY>1</DELAY>
    </SubCatchmentParameters>
    <SubCatchmentVegetationZone>
      <SubCatchmentVegetationZoneParameters>
        <TT>0.27224929025638467</TT>
        <CFMAX>2.3853834322174627</CFMAX>
        <SP>0</SP>
        <SFCF>1.2520327946051746</SFCF>
        <CFR>0.058664573772935359</CFR>
        <CWH>0.12593095313246705</CWH>
        <CFGlacier>1</CFGlacier>
        <CFSlope>1</CFSlope>
        <FC>520.66962998083977</FC>
        <LP>0.79282783013933467</LP>
        <BETA>2.2191988152659614</BETA>
      </SubCatchmentVegetationZoneParameters>
    </SubCatchmentVegetationZone>
  </SubCatchment>
</Catchment>