<?xml version="1.0" encoding="utf-8"?>
<Catchment xmlns:xsi="http://www.w3.org/2001/XMLSchema-instance" xmlns:xsd="http://www.w3.org/2001/XMLSchema">
  <CatchmentParameters>
    <KSI>0.001</KSI>
    <KGmin>0.05</KGmin>
    <RangeKG>0.1</RangeKG>
    <AG>0.1</AG>
    <PERC>3.7404631208597547</PERC>
    <Alpha>0</Alpha>
    <UZL>90.558739086448966</UZL>
    <K0>0.1821819361311765</K0>
    <K1>0.050603115150138406</K1>
    <K2>0.02484578085772882</K2>
    <MAXBAS>1</MAXBAS>
    <Cet>0</Cet>
    <PCALT>10</PCALT>
    <TCALT>0.6</TCALT>
    <Pelev>3100</Pelev>
    <Telev>3100</Telev>
    <PART>0.5</PART>
    <DELAY>1</DELAY>
  </CatchmentParameters>
  <VegetationZone>
    <VegetationZoneParameters>
      <TT>0.60075149948395024</TT>
      <CFMAX>3.2093338293882478</CFMAX>
      <SP>0</SP>
      <SFCF>1.4210379224548226</SFCF>
      <CFR>0.045055555411351728</CFR>
      <CWH>0.15200468106823534</CWH>
      <CFGlacier>1</CFGlacier>
      <CFSlope>1</CFSlope>
      <FC>885.23438931613612</FC>
      <LP>0.84290878813612624</LP>
      <BETA>2.9268292716208779</BETA>
    </VegetationZoneParameters>
  </VegetationZone>
  <SubCatchment>
    <SubCatchmentParameters>
      <KSI>0.001</KSI>
      <KGmin>0.05</KGmin>
      <RangeKG>0.1</RangeKG>
      <AG>0.1</AG>
      <PERC>3.7404631208597547</PERC>
      <Alpha>0</Alpha>
      <UZL>90.558739086448966</UZL>
      <K0>0.1821819361311765</K0>
      <K1>0.050603115150138406</K1>
      <K2>0.02484578085772882</K2>
      <MAXBAS>1</MAXBAS>
      <Cet>0</Cet>
      <PCALT>10</PCALT>
      <TCALT>0.6</TCALT>
      <Pelev>3100</Pelev>
      <Telev>3100</Telev>
      <PART>0.5</PART>
      <DELAY>1</DELAY>
    </SubCatchmentParameters>
    <SubCatchmentVegetationZone>
      <SubCatchmentVegetationZoneParameters>
        <TT>0.60075149948395024</TT>
        <CFMAX>3.2093338293882478</CFMAX>
        <SP>0</SP>
        <SFCF>1.4210379224548226</SFCF>
        <CFR>0.045055555411351728</CFR>
        <CWH>0.15200468106823534</CWH>
        <CFGlacier>1</CFGlacier>
        <CFSlope>1</CFSlope>
        <FC>885.23438931613612</FC>
        <LP>0.84290878813612624</LP>
        <BETA>2.9268292716208779</BETA>
      </SubCatchmentVegetationZoneParameters>
    </SubCatchmentVegetationZone>
  </SubCatchment>
</Catchment>