<?xml version="1.0" encoding="utf-8"?>
<Catchment xmlns:xsi="http://www.w3.org/2001/XMLSchema-instance" xmlns:xsd="http://www.w3.org/2001/XMLSchema">
  <CatchmentParameters>
    <KSI>0.001</KSI>
    <KGmin>0.05</KGmin>
    <RangeKG>0.1</RangeKG>
    <AG>0.1</AG>
    <PERC>4.18304579893325</PERC>
    <Alpha>0</Alpha>
    <UZL>167.17064192580816</UZL>
    <K0>0.38012681146665</K0>
    <K1>0.10806984818090079</K1>
    <K2>0.025433526826099551</K2>
    <MAXBAS>1</MAXBAS>
    <Cet>0</Cet>
    <PCALT>10</PCALT>
    <TCALT>0.6</TCALT>
    <Pelev>3100</Pelev>
    <Telev>3100</Telev>
    <PART>0.5</PART>
    <DELAY>1</DELAY>
  </CatchmentParameters>
  <VegetationZone>
    <VegetationZoneParameters>
      <TT>-0.325471611673371</TT>
      <CFMAX>1.2673245468029268</CFMAX>
      <SP>0</SP>
      <SFCF>1.225689191187991</SFCF>
      <CFR>2.7547677671045929E-05</CFR>
      <CWH>0.19999381322968457</CWH>
      <CFGlacier>1</CFGlacier>
      <CFSlope>1</CFSlope>
      <FC>611.96290132127467</FC>
      <LP>0.92513554933841313</LP>
      <BETA>2.7546287747394427</BETA>
    </VegetationZoneParameters>
  </VegetationZone>
  <SubCatchment>
    <SubCatchmentParameters>
      <KSI>0.001</KSI>
      <KGmin>0.05</KGmin>
      <RangeKG>0.1</RangeKG>
      <AG>0.1</AG>
      <PERC>4.18304579893325</PERC>
      <Alpha>0</Alpha>
      <UZL>167.17064192580816</UZL>
      <K0>0.38012681146665</K0>
      <K1>0.10806984818090079</K1>
      <K2>0.025433526826099551</K2>
      <MAXBAS>1</MAXBAS>
      <Cet>0</Cet>
      <PCALT>10</PCALT>
      <TCALT>0.6</TCALT>
      <Pelev>3100</Pelev>
      <Telev>3100</Telev>
      <PART>0.5</PART>
      <DELAY>1</DELAY>
    </SubCatchmentParameters>
    <SubCatchmentVegetationZone>
      <SubCatchmentVegetationZoneParameters>
        <TT>-0.325471611673371</TT>
        <CFMAX>1.2673245468029268</CFMAX>
        <SP>0</SP>
        <SFCF>1.225689191187991</SFCF>
        <CFR>2.7547677671045929E-05</CFR>
        <CWH>0.19999381322968457</CWH>
        <CFGlacier>1</CFGlacier>
        <CFSlope>1</CFSlope>
        <FC>611.96290132127467</FC>
        <LP>0.92513554933841313</LP>
        <BETA>2.7546287747394427</BETA>
      </SubCatchmentVegetationZoneParameters>
    </SubCatchmentVegetationZone>
  </SubCatchment>
</Catchment>