<?xml version="1.0" encoding="utf-8"?>
<Catchment xmlns:xsi="http://www.w3.org/2001/XMLSchema-instance" xmlns:xsd="http://www.w3.org/2001/XMLSchema">
  <CatchmentParameters>
    <KSI>0.001</KSI>
    <KGmin>0.05</KGmin>
    <RangeKG>0.1</RangeKG>
    <AG>0.1</AG>
    <PERC>3.1482960637681794</PERC>
    <Alpha>0</Alpha>
    <UZL>157.20497849645156</UZL>
    <K0>0.37285966399504267</K0>
    <K1>0.041567615151698149</K1>
    <K2>0.021348010628376449</K2>
    <MAXBAS>1</MAXBAS>
    <Cet>0</Cet>
    <PCALT>10</PCALT>
    <TCALT>0.6</TCALT>
    <Pelev>3100</Pelev>
    <Telev>3100</Telev>
    <PART>0.5</PART>
    <DELAY>1</DELAY>
  </CatchmentParameters>
  <VegetationZone>
    <VegetationZoneParameters>
      <TT>0.099996904213703025</TT>
      <CFMAX>2.4298989043137817</CFMAX>
      <SP>0</SP>
      <SFCF>1.2994265714672546</SFCF>
      <CFR>0.074256402992886911</CFR>
      <CWH>0.1738897609753999</CWH>
      <CFGlacier>1</CFGlacier>
      <CFSlope>1</CFSlope>
      <FC>551.49038347870294</FC>
      <LP>0.88101942055612115</LP>
      <BETA>2.7668521301921776</BETA>
    </VegetationZoneParameters>
  </VegetationZone>
  <SubCatchment>
    <SubCatchmentParameters>
      <KSI>0.001</KSI>
      <KGmin>0.05</KGmin>
      <RangeKG>0.1</RangeKG>
      <AG>0.1</AG>
      <PERC>3.1482960637681794</PERC>
      <Alpha>0</Alpha>
      <UZL>157.20497849645156</UZL>
      <K0>0.37285966399504267</K0>
      <K1>0.041567615151698149</K1>
      <K2>0.021348010628376449</K2>
      <MAXBAS>1</MAXBAS>
      <Cet>0</Cet>
      <PCALT>10</PCALT>
      <TCALT>0.6</TCALT>
      <Pelev>3100</Pelev>
      <Telev>3100</Telev>
      <PART>0.5</PART>
      <DELAY>1</DELAY>
    </SubCatchmentParameters>
    <SubCatchmentVegetationZone>
      <SubCatchmentVegetationZoneParameters>
        <TT>0.099996904213703025</TT>
        <CFMAX>2.4298989043137817</CFMAX>
        <SP>0</SP>
        <SFCF>1.2994265714672546</SFCF>
        <CFR>0.074256402992886911</CFR>
        <CWH>0.1738897609753999</CWH>
        <CFGlacier>1</CFGlacier>
        <CFSlope>1</CFSlope>
        <FC>551.49038347870294</FC>
        <LP>0.88101942055612115</LP>
        <BETA>2.7668521301921776</BETA>
      </SubCatchmentVegetationZoneParameters>
    </SubCatchmentVegetationZone>
  </SubCatchment>
</Catchment>