<?xml version="1.0" encoding="utf-8"?>
<Catchment xmlns:xsi="http://www.w3.org/2001/XMLSchema-instance" xmlns:xsd="http://www.w3.org/2001/XMLSchema">
  <CatchmentParameters>
    <KSI>0.001</KSI>
    <KGmin>0.05</KGmin>
    <RangeKG>0.1</RangeKG>
    <AG>0.1</AG>
    <PERC>0.81408183994243921</PERC>
    <Alpha>0</Alpha>
    <UZL>153.08636165116752</UZL>
    <K0>0.50702213545408</K0>
    <K1>0.033834631622433282</K1>
    <K2>0.018478228896325746</K2>
    <MAXBAS>1</MAXBAS>
    <Cet>0</Cet>
    <PCALT>10</PCALT>
    <TCALT>0.6</TCALT>
    <Pelev>3100</Pelev>
    <Telev>3100</Telev>
    <PART>0.5</PART>
    <DELAY>1</DELAY>
  </CatchmentParameters>
  <VegetationZone>
    <VegetationZoneParameters>
      <TT>1.1000129574912383</TT>
      <CFMAX>4.1401988604337205</CFMAX>
      <SP>0</SP>
      <SFCF>1.2885277117071587</SFCF>
      <CFR>0.046875362998519285</CFR>
      <CWH>0.15859007696599936</CWH>
      <CFGlacier>1</CFGlacier>
      <CFSlope>1</CFSlope>
      <FC>742.7740645696382</FC>
      <LP>0.88227074558155061</LP>
      <BETA>2.7005161155707316</BETA>
    </VegetationZoneParameters>
  </VegetationZone>
  <SubCatchment>
    <SubCatchmentParameters>
      <KSI>0.001</KSI>
      <KGmin>0.05</KGmin>
      <RangeKG>0.1</RangeKG>
      <AG>0.1</AG>
      <PERC>0.81408183994243921</PERC>
      <Alpha>0</Alpha>
      <UZL>153.08636165116752</UZL>
      <K0>0.50702213545408</K0>
      <K1>0.033834631622433282</K1>
      <K2>0.018478228896325746</K2>
      <MAXBAS>1</MAXBAS>
      <Cet>0</Cet>
      <PCALT>10</PCALT>
      <TCALT>0.6</TCALT>
      <Pelev>3100</Pelev>
      <Telev>3100</Telev>
      <PART>0.5</PART>
      <DELAY>1</DELAY>
    </SubCatchmentParameters>
    <SubCatchmentVegetationZone>
      <SubCatchmentVegetationZoneParameters>
        <TT>1.1000129574912383</TT>
        <CFMAX>4.1401988604337205</CFMAX>
        <SP>0</SP>
        <SFCF>1.2885277117071587</SFCF>
        <CFR>0.046875362998519285</CFR>
        <CWH>0.15859007696599936</CWH>
        <CFGlacier>1</CFGlacier>
        <CFSlope>1</CFSlope>
        <FC>742.7740645696382</FC>
        <LP>0.88227074558155061</LP>
        <BETA>2.7005161155707316</BETA>
      </SubCatchmentVegetationZoneParameters>
    </SubCatchmentVegetationZone>
  </SubCatchment>
</Catchment>