<?xml version="1.0" encoding="utf-8"?>
<Catchment xmlns:xsi="http://www.w3.org/2001/XMLSchema-instance" xmlns:xsd="http://www.w3.org/2001/XMLSchema">
  <CatchmentParameters>
    <KSI>0.001</KSI>
    <KGmin>0.05</KGmin>
    <RangeKG>0.1</RangeKG>
    <AG>0.1</AG>
    <PERC>4.2183725383678432</PERC>
    <Alpha>0</Alpha>
    <UZL>174.39248842509579</UZL>
    <K0>0.59552965431015259</K0>
    <K1>0.051640981547272181</K1>
    <K2>0.02521951492072913</K2>
    <MAXBAS>1</MAXBAS>
    <Cet>0</Cet>
    <PCALT>10</PCALT>
    <TCALT>0.6</TCALT>
    <Pelev>3100</Pelev>
    <Telev>3100</Telev>
    <PART>0.5</PART>
    <DELAY>1</DELAY>
  </CatchmentParameters>
  <VegetationZone>
    <VegetationZoneParameters>
      <TT>0.12673003058312374</TT>
      <CFMAX>2.5377273827615783</CFMAX>
      <SP>0</SP>
      <SFCF>1.4534112514101538</SFCF>
      <CFR>0.069592469697262974</CFR>
      <CWH>0.19999992153773805</CWH>
      <CFGlacier>1</CFGlacier>
      <CFSlope>1</CFSlope>
      <FC>870.64452625371985</FC>
      <LP>0.9036825512214568</LP>
      <BETA>3.353775450163615</BETA>
    </VegetationZoneParameters>
  </VegetationZone>
  <SubCatchment>
    <SubCatchmentParameters>
      <KSI>0.001</KSI>
      <KGmin>0.05</KGmin>
      <RangeKG>0.1</RangeKG>
      <AG>0.1</AG>
      <PERC>4.2183725383678432</PERC>
      <Alpha>0</Alpha>
      <UZL>174.39248842509579</UZL>
      <K0>0.59552965431015259</K0>
      <K1>0.051640981547272181</K1>
      <K2>0.02521951492072913</K2>
      <MAXBAS>1</MAXBAS>
      <Cet>0</Cet>
      <PCALT>10</PCALT>
      <TCALT>0.6</TCALT>
      <Pelev>3100</Pelev>
      <Telev>3100</Telev>
      <PART>0.5</PART>
      <DELAY>1</DELAY>
    </SubCatchmentParameters>
    <SubCatchmentVegetationZone>
      <SubCatchmentVegetationZoneParameters>
        <TT>0.12673003058312374</TT>
        <CFMAX>2.5377273827615783</CFMAX>
        <SP>0</SP>
        <SFCF>1.4534112514101538</SFCF>
        <CFR>0.069592469697262974</CFR>
        <CWH>0.19999992153773805</CWH>
        <CFGlacier>1</CFGlacier>
        <CFSlope>1</CFSlope>
        <FC>870.64452625371985</FC>
        <LP>0.9036825512214568</LP>
        <BETA>3.353775450163615</BETA>
      </SubCatchmentVegetationZoneParameters>
    </SubCatchmentVegetationZone>
  </SubCatchment>
</Catchment>