<?xml version="1.0" encoding="utf-8"?>
<Catchment xmlns:xsi="http://www.w3.org/2001/XMLSchema-instance" xmlns:xsd="http://www.w3.org/2001/XMLSchema">
  <CatchmentParameters>
    <KSI>0.001</KSI>
    <KGmin>0.05</KGmin>
    <RangeKG>0.1</RangeKG>
    <AG>0.1</AG>
    <PERC>4.2864002680262283</PERC>
    <Alpha>0</Alpha>
    <UZL>187.16531467404087</UZL>
    <K0>0.45688512765413297</K0>
    <K1>0.14695808734916624</K1>
    <K2>0.022404906824447464</K2>
    <MAXBAS>1</MAXBAS>
    <Cet>0</Cet>
    <PCALT>10</PCALT>
    <TCALT>0.6</TCALT>
    <Pelev>3100</Pelev>
    <Telev>3100</Telev>
    <PART>0.5</PART>
    <DELAY>1</DELAY>
  </CatchmentParameters>
  <VegetationZone>
    <VegetationZoneParameters>
      <TT>-1.4999939409323624</TT>
      <CFMAX>0.9606010165020421</CFMAX>
      <SP>0</SP>
      <SFCF>1.4726223260980738</SFCF>
      <CFR>0.040349975488924557</CFR>
      <CWH>0.19999818220607527</CWH>
      <CFGlacier>1</CFGlacier>
      <CFSlope>1</CFSlope>
      <FC>587.1976522076468</FC>
      <LP>0.77056210054834839</LP>
      <BETA>2.3862836788596886</BETA>
    </VegetationZoneParameters>
  </VegetationZone>
  <SubCatchment>
    <SubCatchmentParameters>
      <KSI>0.001</KSI>
      <KGmin>0.05</KGmin>
      <RangeKG>0.1</RangeKG>
      <AG>0.1</AG>
      <PERC>4.2864002680262283</PERC>
      <Alpha>0</Alpha>
      <UZL>187.16531467404087</UZL>
      <K0>0.45688512765413297</K0>
      <K1>0.14695808734916624</K1>
      <K2>0.022404906824447464</K2>
      <MAXBAS>1</MAXBAS>
      <Cet>0</Cet>
      <PCALT>10</PCALT>
      <TCALT>0.6</TCALT>
      <Pelev>3100</Pelev>
      <Telev>3100</Telev>
      <PART>0.5</PART>
      <DELAY>1</DELAY>
    </SubCatchmentParameters>
    <SubCatchmentVegetationZone>
      <SubCatchmentVegetationZoneParameters>
        <TT>-1.4999939409323624</TT>
        <CFMAX>0.9606010165020421</CFMAX>
        <SP>0</SP>
        <SFCF>1.4726223260980738</SFCF>
        <CFR>0.040349975488924557</CFR>
        <CWH>0.19999818220607527</CWH>
        <CFGlacier>1</CFGlacier>
        <CFSlope>1</CFSlope>
        <FC>587.1976522076468</FC>
        <LP>0.77056210054834839</LP>
        <BETA>2.3862836788596886</BETA>
      </SubCatchmentVegetationZoneParameters>
    </SubCatchmentVegetationZone>
  </SubCatchment>
</Catchment>