<?xml version="1.0" encoding="utf-8"?>
<Catchment xmlns:xsi="http://www.w3.org/2001/XMLSchema-instance" xmlns:xsd="http://www.w3.org/2001/XMLSchema">
  <CatchmentParameters>
    <KSI>0.001</KSI>
    <KGmin>0.05</KGmin>
    <RangeKG>0.1</RangeKG>
    <AG>0.1</AG>
    <PERC>3.4162029185459706</PERC>
    <Alpha>0</Alpha>
    <UZL>101.15376577684437</UZL>
    <K0>0.085181654118061181</K0>
    <K1>0.055321426988868619</K1>
    <K2>0.021596241577111035</K2>
    <MAXBAS>1</MAXBAS>
    <Cet>0</Cet>
    <PCALT>10</PCALT>
    <TCALT>0.6</TCALT>
    <Pelev>3100</Pelev>
    <Telev>3100</Telev>
    <PART>0.5</PART>
    <DELAY>1</DELAY>
  </CatchmentParameters>
  <VegetationZone>
    <VegetationZoneParameters>
      <TT>-0.77840531472658892</TT>
      <CFMAX>1.5289578517866465</CFMAX>
      <SP>0</SP>
      <SFCF>1.40894468782288</SFCF>
      <CFR>0.0206051654605031</CFR>
      <CWH>0.19383222174493955</CWH>
      <CFGlacier>1</CFGlacier>
      <CFSlope>1</CFSlope>
      <FC>546.48345704405244</FC>
      <LP>0.74437921436021748</LP>
      <BETA>2.2251211360443968</BETA>
    </VegetationZoneParameters>
  </VegetationZone>
  <SubCatchment>
    <SubCatchmentParameters>
      <KSI>0.001</KSI>
      <KGmin>0.05</KGmin>
      <RangeKG>0.1</RangeKG>
      <AG>0.1</AG>
      <PERC>3.4162029185459706</PERC>
      <Alpha>0</Alpha>
      <UZL>101.15376577684437</UZL>
      <K0>0.085181654118061181</K0>
      <K1>0.055321426988868619</K1>
      <K2>0.021596241577111035</K2>
      <MAXBAS>1</MAXBAS>
      <Cet>0</Cet>
      <PCALT>10</PCALT>
      <TCALT>0.6</TCALT>
      <Pelev>3100</Pelev>
      <Telev>3100</Telev>
      <PART>0.5</PART>
      <DELAY>1</DELAY>
    </SubCatchmentParameters>
    <SubCatchmentVegetationZone>
      <SubCatchmentVegetationZoneParameters>
        <TT>-0.77840531472658892</TT>
        <CFMAX>1.5289578517866465</CFMAX>
        <SP>0</SP>
        <SFCF>1.40894468782288</SFCF>
        <CFR>0.0206051654605031</CFR>
        <CWH>0.19383222174493955</CWH>
        <CFGlacier>1</CFGlacier>
        <CFSlope>1</CFSlope>
        <FC>546.48345704405244</FC>
        <LP>0.74437921436021748</LP>
        <BETA>2.2251211360443968</BETA>
      </SubCatchmentVegetationZoneParameters>
    </SubCatchmentVegetationZone>
  </SubCatchment>
</Catchment>