<?xml version="1.0" encoding="utf-8"?>
<Catchment xmlns:xsi="http://www.w3.org/2001/XMLSchema-instance" xmlns:xsd="http://www.w3.org/2001/XMLSchema">
  <CatchmentParameters>
    <KSI>0.001</KSI>
    <KGmin>0.05</KGmin>
    <RangeKG>0.1</RangeKG>
    <AG>0.1</AG>
    <PERC>1.0284252498011837</PERC>
    <Alpha>0</Alpha>
    <UZL>166.13576351571987</UZL>
    <K0>0.41190849006003222</K0>
    <K1>0.034019844445516624</K1>
    <K2>0.015870493510980473</K2>
    <MAXBAS>1</MAXBAS>
    <Cet>0</Cet>
    <PCALT>10</PCALT>
    <TCALT>0.6</TCALT>
    <Pelev>3100</Pelev>
    <Telev>3100</Telev>
    <PART>0.5</PART>
    <DELAY>1</DELAY>
  </CatchmentParameters>
  <VegetationZone>
    <VegetationZoneParameters>
      <TT>0.60000062940319476</TT>
      <CFMAX>3.4673961021685162</CFMAX>
      <SP>0</SP>
      <SFCF>1.3942552672846336</SFCF>
      <CFR>0.052015357866690683</CFR>
      <CWH>0.15463359927231513</CWH>
      <CFGlacier>1</CFGlacier>
      <CFSlope>1</CFSlope>
      <FC>701.5670373065999</FC>
      <LP>0.8313484338863667</LP>
      <BETA>2.76075645707729</BETA>
    </VegetationZoneParameters>
  </VegetationZone>
  <SubCatchment>
    <SubCatchmentParameters>
      <KSI>0.001</KSI>
      <KGmin>0.05</KGmin>
      <RangeKG>0.1</RangeKG>
      <AG>0.1</AG>
      <PERC>1.0284252498011837</PERC>
      <Alpha>0</Alpha>
      <UZL>166.13576351571987</UZL>
      <K0>0.41190849006003222</K0>
      <K1>0.034019844445516624</K1>
      <K2>0.015870493510980473</K2>
      <MAXBAS>1</MAXBAS>
      <Cet>0</Cet>
      <PCALT>10</PCALT>
      <TCALT>0.6</TCALT>
      <Pelev>3100</Pelev>
      <Telev>3100</Telev>
      <PART>0.5</PART>
      <DELAY>1</DELAY>
    </SubCatchmentParameters>
    <SubCatchmentVegetationZone>
      <SubCatchmentVegetationZoneParameters>
        <TT>0.60000062940319476</TT>
        <CFMAX>3.4673961021685162</CFMAX>
        <SP>0</SP>
        <SFCF>1.3942552672846336</SFCF>
        <CFR>0.052015357866690683</CFR>
        <CWH>0.15463359927231513</CWH>
        <CFGlacier>1</CFGlacier>
        <CFSlope>1</CFSlope>
        <FC>701.5670373065999</FC>
        <LP>0.8313484338863667</LP>
        <BETA>2.76075645707729</BETA>
      </SubCatchmentVegetationZoneParameters>
    </SubCatchmentVegetationZone>
  </SubCatchment>
</Catchment>