<?xml version="1.0" encoding="utf-8"?>
<Catchment xmlns:xsi="http://www.w3.org/2001/XMLSchema-instance" xmlns:xsd="http://www.w3.org/2001/XMLSchema">
  <CatchmentParameters>
    <KSI>0.001</KSI>
    <KGmin>0.05</KGmin>
    <RangeKG>0.1</RangeKG>
    <AG>0.1</AG>
    <PERC>5.3524445978415649</PERC>
    <Alpha>0</Alpha>
    <UZL>124.27543962920232</UZL>
    <K0>0.43553329119149253</K0>
    <K1>0.14370192978485011</K1>
    <K2>0.025168873582335435</K2>
    <MAXBAS>1</MAXBAS>
    <Cet>0</Cet>
    <PCALT>10</PCALT>
    <TCALT>0.6</TCALT>
    <Pelev>3100</Pelev>
    <Telev>3100</Telev>
    <PART>0.5</PART>
    <DELAY>1</DELAY>
  </CatchmentParameters>
  <VegetationZone>
    <VegetationZoneParameters>
      <TT>-0.299999770154128</TT>
      <CFMAX>1.301305169291773</CFMAX>
      <SP>0</SP>
      <SFCF>1.2294074657881065</SFCF>
      <CFR>2.5505774248400121E-07</CFR>
      <CWH>0.18991397105371335</CWH>
      <CFGlacier>1</CFGlacier>
      <CFSlope>1</CFSlope>
      <FC>573.307363720518</FC>
      <LP>0.90530928795469678</LP>
      <BETA>2.7802564448504374</BETA>
    </VegetationZoneParameters>
  </VegetationZone>
  <SubCatchment>
    <SubCatchmentParameters>
      <KSI>0.001</KSI>
      <KGmin>0.05</KGmin>
      <RangeKG>0.1</RangeKG>
      <AG>0.1</AG>
      <PERC>5.3524445978415649</PERC>
      <Alpha>0</Alpha>
      <UZL>124.27543962920232</UZL>
      <K0>0.43553329119149253</K0>
      <K1>0.14370192978485011</K1>
      <K2>0.025168873582335435</K2>
      <MAXBAS>1</MAXBAS>
      <Cet>0</Cet>
      <PCALT>10</PCALT>
      <TCALT>0.6</TCALT>
      <Pelev>3100</Pelev>
      <Telev>3100</Telev>
      <PART>0.5</PART>
      <DELAY>1</DELAY>
    </SubCatchmentParameters>
    <SubCatchmentVegetationZone>
      <SubCatchmentVegetationZoneParameters>
        <TT>-0.299999770154128</TT>
        <CFMAX>1.301305169291773</CFMAX>
        <SP>0</SP>
        <SFCF>1.2294074657881065</SFCF>
        <CFR>2.5505774248400121E-07</CFR>
        <CWH>0.18991397105371335</CWH>
        <CFGlacier>1</CFGlacier>
        <CFSlope>1</CFSlope>
        <FC>573.307363720518</FC>
        <LP>0.90530928795469678</LP>
        <BETA>2.7802564448504374</BETA>
      </SubCatchmentVegetationZoneParameters>
    </SubCatchmentVegetationZone>
  </SubCatchment>
</Catchment>