<?xml version="1.0" encoding="utf-8"?>
<Catchment xmlns:xsi="http://www.w3.org/2001/XMLSchema-instance" xmlns:xsd="http://www.w3.org/2001/XMLSchema">
  <CatchmentParameters>
    <KSI>0.001</KSI>
    <KGmin>0.05</KGmin>
    <RangeKG>0.1</RangeKG>
    <AG>0.1</AG>
    <PERC>1.7237779552257608</PERC>
    <Alpha>0</Alpha>
    <UZL>154.42112800820905</UZL>
    <K0>0.571639061681898</K0>
    <K1>0.041229138411562324</K1>
    <K2>0.025089485504202955</K2>
    <MAXBAS>1</MAXBAS>
    <Cet>0</Cet>
    <PCALT>10</PCALT>
    <TCALT>0.6</TCALT>
    <Pelev>3100</Pelev>
    <Telev>3100</Telev>
    <PART>0.5</PART>
    <DELAY>1</DELAY>
  </CatchmentParameters>
  <VegetationZone>
    <VegetationZoneParameters>
      <TT>0.60000082461938076</TT>
      <CFMAX>3.1635375864786357</CFMAX>
      <SP>0</SP>
      <SFCF>1.387173593004382</SFCF>
      <CFR>0.042532055106154966</CFR>
      <CWH>0.13431177739066594</CWH>
      <CFGlacier>1</CFGlacier>
      <CFSlope>1</CFSlope>
      <FC>759.63754571710331</FC>
      <LP>0.69024646071512119</LP>
      <BETA>2.0073075425972742</BETA>
    </VegetationZoneParameters>
  </VegetationZone>
  <SubCatchment>
    <SubCatchmentParameters>
      <KSI>0.001</KSI>
      <KGmin>0.05</KGmin>
      <RangeKG>0.1</RangeKG>
      <AG>0.1</AG>
      <PERC>1.7237779552257608</PERC>
      <Alpha>0</Alpha>
      <UZL>154.42112800820905</UZL>
      <K0>0.571639061681898</K0>
      <K1>0.041229138411562324</K1>
      <K2>0.025089485504202955</K2>
      <MAXBAS>1</MAXBAS>
      <Cet>0</Cet>
      <PCALT>10</PCALT>
      <TCALT>0.6</TCALT>
      <Pelev>3100</Pelev>
      <Telev>3100</Telev>
      <PART>0.5</PART>
      <DELAY>1</DELAY>
    </SubCatchmentParameters>
    <SubCatchmentVegetationZone>
      <SubCatchmentVegetationZoneParameters>
        <TT>0.60000082461938076</TT>
        <CFMAX>3.1635375864786357</CFMAX>
        <SP>0</SP>
        <SFCF>1.387173593004382</SFCF>
        <CFR>0.042532055106154966</CFR>
        <CWH>0.13431177739066594</CWH>
        <CFGlacier>1</CFGlacier>
        <CFSlope>1</CFSlope>
        <FC>759.63754571710331</FC>
        <LP>0.69024646071512119</LP>
        <BETA>2.0073075425972742</BETA>
      </SubCatchmentVegetationZoneParameters>
    </SubCatchmentVegetationZone>
  </SubCatchment>
</Catchment>