<?xml version="1.0" encoding="utf-8"?>
<Catchment xmlns:xsi="http://www.w3.org/2001/XMLSchema-instance" xmlns:xsd="http://www.w3.org/2001/XMLSchema">
  <CatchmentParameters>
    <KSI>0.001</KSI>
    <KGmin>0.05</KGmin>
    <RangeKG>0.1</RangeKG>
    <AG>0.1</AG>
    <PERC>4.8752420688158233</PERC>
    <Alpha>0</Alpha>
    <UZL>73.144859604118068</UZL>
    <K0>0.17894773661812147</K0>
    <K1>0.068737398852618883</K1>
    <K2>0.025976920490190573</K2>
    <MAXBAS>1</MAXBAS>
    <Cet>0</Cet>
    <PCALT>10</PCALT>
    <TCALT>0.6</TCALT>
    <Pelev>3100</Pelev>
    <Telev>3100</Telev>
    <PART>0.5</PART>
    <DELAY>1</DELAY>
  </CatchmentParameters>
  <VegetationZone>
    <VegetationZoneParameters>
      <TT>0.2000006861859811</TT>
      <CFMAX>2.2651395821692013</CFMAX>
      <SP>0</SP>
      <SFCF>1.3340149976456353</SFCF>
      <CFR>0.021137345349730729</CFR>
      <CWH>0.18527546119890978</CWH>
      <CFGlacier>1</CFGlacier>
      <CFSlope>1</CFSlope>
      <FC>752.60955120347614</FC>
      <LP>0.91710514259008313</LP>
      <BETA>2.9907212148641031</BETA>
    </VegetationZoneParameters>
  </VegetationZone>
  <SubCatchment>
    <SubCatchmentParameters>
      <KSI>0.001</KSI>
      <KGmin>0.05</KGmin>
      <RangeKG>0.1</RangeKG>
      <AG>0.1</AG>
      <PERC>4.8752420688158233</PERC>
      <Alpha>0</Alpha>
      <UZL>73.144859604118068</UZL>
      <K0>0.17894773661812147</K0>
      <K1>0.068737398852618883</K1>
      <K2>0.025976920490190573</K2>
      <MAXBAS>1</MAXBAS>
      <Cet>0</Cet>
      <PCALT>10</PCALT>
      <TCALT>0.6</TCALT>
      <Pelev>3100</Pelev>
      <Telev>3100</Telev>
      <PART>0.5</PART>
      <DELAY>1</DELAY>
    </SubCatchmentParameters>
    <SubCatchmentVegetationZone>
      <SubCatchmentVegetationZoneParameters>
        <TT>0.2000006861859811</TT>
        <CFMAX>2.2651395821692013</CFMAX>
        <SP>0</SP>
        <SFCF>1.3340149976456353</SFCF>
        <CFR>0.021137345349730729</CFR>
        <CWH>0.18527546119890978</CWH>
        <CFGlacier>1</CFGlacier>
        <CFSlope>1</CFSlope>
        <FC>752.60955120347614</FC>
        <LP>0.91710514259008313</LP>
        <BETA>2.9907212148641031</BETA>
      </SubCatchmentVegetationZoneParameters>
    </SubCatchmentVegetationZone>
  </SubCatchment>
</Catchment>