<?xml version="1.0" encoding="utf-8"?>
<Catchment xmlns:xsi="http://www.w3.org/2001/XMLSchema-instance" xmlns:xsd="http://www.w3.org/2001/XMLSchema">
  <CatchmentParameters>
    <KSI>0.001</KSI>
    <KGmin>0.05</KGmin>
    <RangeKG>0.1</RangeKG>
    <AG>0.1</AG>
    <PERC>1.1850368367672726</PERC>
    <Alpha>0</Alpha>
    <UZL>173.54179802533537</UZL>
    <K0>0.50610213241449586</K0>
    <K1>0.0365311442423467</K1>
    <K2>0.017334862578653493</K2>
    <MAXBAS>1</MAXBAS>
    <Cet>0</Cet>
    <PCALT>10</PCALT>
    <TCALT>0.6</TCALT>
    <Pelev>3100</Pelev>
    <Telev>3100</Telev>
    <PART>0.5</PART>
    <DELAY>1</DELAY>
  </CatchmentParameters>
  <VegetationZone>
    <VegetationZoneParameters>
      <TT>-0.54003623313453</TT>
      <CFMAX>1.65139489510659</CFMAX>
      <SP>0</SP>
      <SFCF>1.2947461475736364</SFCF>
      <CFR>0.063300902034955225</CFR>
      <CWH>0.19999860345908455</CWH>
      <CFGlacier>1</CFGlacier>
      <CFSlope>1</CFSlope>
      <FC>587.02970211145862</FC>
      <LP>0.95446010150372373</LP>
      <BETA>2.9326342034408612</BETA>
    </VegetationZoneParameters>
  </VegetationZone>
  <SubCatchment>
    <SubCatchmentParameters>
      <KSI>0.001</KSI>
      <KGmin>0.05</KGmin>
      <RangeKG>0.1</RangeKG>
      <AG>0.1</AG>
      <PERC>1.1850368367672726</PERC>
      <Alpha>0</Alpha>
      <UZL>173.54179802533537</UZL>
      <K0>0.50610213241449586</K0>
      <K1>0.0365311442423467</K1>
      <K2>0.017334862578653493</K2>
      <MAXBAS>1</MAXBAS>
      <Cet>0</Cet>
      <PCALT>10</PCALT>
      <TCALT>0.6</TCALT>
      <Pelev>3100</Pelev>
      <Telev>3100</Telev>
      <PART>0.5</PART>
      <DELAY>1</DELAY>
    </SubCatchmentParameters>
    <SubCatchmentVegetationZone>
      <SubCatchmentVegetationZoneParameters>
        <TT>-0.54003623313453</TT>
        <CFMAX>1.65139489510659</CFMAX>
        <SP>0</SP>
        <SFCF>1.2947461475736364</SFCF>
        <CFR>0.063300902034955225</CFR>
        <CWH>0.19999860345908455</CWH>
        <CFGlacier>1</CFGlacier>
        <CFSlope>1</CFSlope>
        <FC>587.02970211145862</FC>
        <LP>0.95446010150372373</LP>
        <BETA>2.9326342034408612</BETA>
      </SubCatchmentVegetationZoneParameters>
    </SubCatchmentVegetationZone>
  </SubCatchment>
</Catchment>