<?xml version="1.0" encoding="utf-8"?>
<Catchment xmlns:xsi="http://www.w3.org/2001/XMLSchema-instance" xmlns:xsd="http://www.w3.org/2001/XMLSchema">
  <CatchmentParameters>
    <KSI>0.001</KSI>
    <KGmin>0.05</KGmin>
    <RangeKG>0.1</RangeKG>
    <AG>0.1</AG>
    <PERC>2.9305039432089921</PERC>
    <Alpha>0</Alpha>
    <UZL>113.02102931524145</UZL>
    <K0>0.53311260426589469</K0>
    <K1>0.043665978087354618</K1>
    <K2>0.023720549085671217</K2>
    <MAXBAS>1</MAXBAS>
    <Cet>0</Cet>
    <PCALT>10</PCALT>
    <TCALT>0.6</TCALT>
    <Pelev>3100</Pelev>
    <Telev>3100</Telev>
    <PART>0.5</PART>
    <DELAY>1</DELAY>
  </CatchmentParameters>
  <VegetationZone>
    <VegetationZoneParameters>
      <TT>0.8934594637073715</TT>
      <CFMAX>3.3944079981583686</CFMAX>
      <SP>0</SP>
      <SFCF>1.282146187054624</SFCF>
      <CFR>0.037444318778120107</CFR>
      <CWH>0.15181725418765285</CWH>
      <CFGlacier>1</CFGlacier>
      <CFSlope>1</CFSlope>
      <FC>736.2214979669501</FC>
      <LP>0.91476079000104171</LP>
      <BETA>2.8394834794364896</BETA>
    </VegetationZoneParameters>
  </VegetationZone>
  <SubCatchment>
    <SubCatchmentParameters>
      <KSI>0.001</KSI>
      <KGmin>0.05</KGmin>
      <RangeKG>0.1</RangeKG>
      <AG>0.1</AG>
      <PERC>2.9305039432089921</PERC>
      <Alpha>0</Alpha>
      <UZL>113.02102931524145</UZL>
      <K0>0.53311260426589469</K0>
      <K1>0.043665978087354618</K1>
      <K2>0.023720549085671217</K2>
      <MAXBAS>1</MAXBAS>
      <Cet>0</Cet>
      <PCALT>10</PCALT>
      <TCALT>0.6</TCALT>
      <Pelev>3100</Pelev>
      <Telev>3100</Telev>
      <PART>0.5</PART>
      <DELAY>1</DELAY>
    </SubCatchmentParameters>
    <SubCatchmentVegetationZone>
      <SubCatchmentVegetationZoneParameters>
        <TT>0.8934594637073715</TT>
        <CFMAX>3.3944079981583686</CFMAX>
        <SP>0</SP>
        <SFCF>1.282146187054624</SFCF>
        <CFR>0.037444318778120107</CFR>
        <CWH>0.15181725418765285</CWH>
        <CFGlacier>1</CFGlacier>
        <CFSlope>1</CFSlope>
        <FC>736.2214979669501</FC>
        <LP>0.91476079000104171</LP>
        <BETA>2.8394834794364896</BETA>
      </SubCatchmentVegetationZoneParameters>
    </SubCatchmentVegetationZone>
  </SubCatchment>
</Catchment>