<?xml version="1.0" encoding="utf-8"?>
<Catchment xmlns:xsi="http://www.w3.org/2001/XMLSchema-instance" xmlns:xsd="http://www.w3.org/2001/XMLSchema">
  <CatchmentParameters>
    <KSI>0.001</KSI>
    <KGmin>0.05</KGmin>
    <RangeKG>0.1</RangeKG>
    <AG>0.1</AG>
    <PERC>1.0594840005140547</PERC>
    <Alpha>0</Alpha>
    <UZL>147.99306683336155</UZL>
    <K0>0.26406294275688141</K0>
    <K1>0.038001775304181418</K1>
    <K2>0.017241862799186068</K2>
    <MAXBAS>1</MAXBAS>
    <Cet>0</Cet>
    <PCALT>10</PCALT>
    <TCALT>0.6</TCALT>
    <Pelev>3100</Pelev>
    <Telev>3100</Telev>
    <PART>0.5</PART>
    <DELAY>1</DELAY>
  </CatchmentParameters>
  <VegetationZone>
    <VegetationZoneParameters>
      <TT>1.3043492714883429</TT>
      <CFMAX>4.584172502605572</CFMAX>
      <SP>0</SP>
      <SFCF>1.3805426630256708</SFCF>
      <CFR>0.027952885881461588</CFR>
      <CWH>0.13185787237604324</CWH>
      <CFGlacier>1</CFGlacier>
      <CFSlope>1</CFSlope>
      <FC>866.406051516716</FC>
      <LP>0.8955896783384163</LP>
      <BETA>3.4382577977872084</BETA>
    </VegetationZoneParameters>
  </VegetationZone>
  <SubCatchment>
    <SubCatchmentParameters>
      <KSI>0.001</KSI>
      <KGmin>0.05</KGmin>
      <RangeKG>0.1</RangeKG>
      <AG>0.1</AG>
      <PERC>1.0594840005140547</PERC>
      <Alpha>0</Alpha>
      <UZL>147.99306683336155</UZL>
      <K0>0.26406294275688141</K0>
      <K1>0.038001775304181418</K1>
      <K2>0.017241862799186068</K2>
      <MAXBAS>1</MAXBAS>
      <Cet>0</Cet>
      <PCALT>10</PCALT>
      <TCALT>0.6</TCALT>
      <Pelev>3100</Pelev>
      <Telev>3100</Telev>
      <PART>0.5</PART>
      <DELAY>1</DELAY>
    </SubCatchmentParameters>
    <SubCatchmentVegetationZone>
      <SubCatchmentVegetationZoneParameters>
        <TT>1.3043492714883429</TT>
        <CFMAX>4.584172502605572</CFMAX>
        <SP>0</SP>
        <SFCF>1.3805426630256708</SFCF>
        <CFR>0.027952885881461588</CFR>
        <CWH>0.13185787237604324</CWH>
        <CFGlacier>1</CFGlacier>
        <CFSlope>1</CFSlope>
        <FC>866.406051516716</FC>
        <LP>0.8955896783384163</LP>
        <BETA>3.4382577977872084</BETA>
      </SubCatchmentVegetationZoneParameters>
    </SubCatchmentVegetationZone>
  </SubCatchment>
</Catchment>