<?xml version="1.0" encoding="utf-8"?>
<Catchment xmlns:xsi="http://www.w3.org/2001/XMLSchema-instance" xmlns:xsd="http://www.w3.org/2001/XMLSchema">
  <CatchmentParameters>
    <KSI>0.001</KSI>
    <KGmin>0.05</KGmin>
    <RangeKG>0.1</RangeKG>
    <AG>0.1</AG>
    <PERC>1.2251771835344543</PERC>
    <Alpha>0</Alpha>
    <UZL>158.30471503310233</UZL>
    <K0>0.13332511313852088</K0>
    <K1>0.03596264194088844</K1>
    <K2>0.017927051489172657</K2>
    <MAXBAS>1</MAXBAS>
    <Cet>0</Cet>
    <PCALT>10</PCALT>
    <TCALT>0.6</TCALT>
    <Pelev>3100</Pelev>
    <Telev>3100</Telev>
    <PART>0.5</PART>
    <DELAY>1</DELAY>
  </CatchmentParameters>
  <VegetationZone>
    <VegetationZoneParameters>
      <TT>0.861063459408468</TT>
      <CFMAX>3.5592192167221017</CFMAX>
      <SP>0</SP>
      <SFCF>1.452875513815088</SFCF>
      <CFR>0.0059124808919863454</CFR>
      <CWH>0.18692620556068329</CWH>
      <CFGlacier>1</CFGlacier>
      <CFSlope>1</CFSlope>
      <FC>872.03511142939851</FC>
      <LP>0.87369389813064358</LP>
      <BETA>3.2118110226839809</BETA>
    </VegetationZoneParameters>
  </VegetationZone>
  <SubCatchment>
    <SubCatchmentParameters>
      <KSI>0.001</KSI>
      <KGmin>0.05</KGmin>
      <RangeKG>0.1</RangeKG>
      <AG>0.1</AG>
      <PERC>1.2251771835344543</PERC>
      <Alpha>0</Alpha>
      <UZL>158.30471503310233</UZL>
      <K0>0.13332511313852088</K0>
      <K1>0.03596264194088844</K1>
      <K2>0.017927051489172657</K2>
      <MAXBAS>1</MAXBAS>
      <Cet>0</Cet>
      <PCALT>10</PCALT>
      <TCALT>0.6</TCALT>
      <Pelev>3100</Pelev>
      <Telev>3100</Telev>
      <PART>0.5</PART>
      <DELAY>1</DELAY>
    </SubCatchmentParameters>
    <SubCatchmentVegetationZone>
      <SubCatchmentVegetationZoneParameters>
        <TT>0.861063459408468</TT>
        <CFMAX>3.5592192167221017</CFMAX>
        <SP>0</SP>
        <SFCF>1.452875513815088</SFCF>
        <CFR>0.0059124808919863454</CFR>
        <CWH>0.18692620556068329</CWH>
        <CFGlacier>1</CFGlacier>
        <CFSlope>1</CFSlope>
        <FC>872.03511142939851</FC>
        <LP>0.87369389813064358</LP>
        <BETA>3.2118110226839809</BETA>
      </SubCatchmentVegetationZoneParameters>
    </SubCatchmentVegetationZone>
  </SubCatchment>
</Catchment>