<?xml version="1.0" encoding="utf-8"?>
<Catchment xmlns:xsi="http://www.w3.org/2001/XMLSchema-instance" xmlns:xsd="http://www.w3.org/2001/XMLSchema">
  <CatchmentParameters>
    <KSI>0.001</KSI>
    <KGmin>0.05</KGmin>
    <RangeKG>0.1</RangeKG>
    <AG>0.1</AG>
    <PERC>0.8286358707042516</PERC>
    <Alpha>0</Alpha>
    <UZL>153.67286004167664</UZL>
    <K0>0.57645135838817718</K0>
    <K1>0.034537192942202581</K1>
    <K2>0.015830588231223155</K2>
    <MAXBAS>1</MAXBAS>
    <Cet>0</Cet>
    <PCALT>10</PCALT>
    <TCALT>0.6</TCALT>
    <Pelev>3100</Pelev>
    <Telev>3100</Telev>
    <PART>0.5</PART>
    <DELAY>1</DELAY>
  </CatchmentParameters>
  <VegetationZone>
    <VegetationZoneParameters>
      <TT>1.4433623738517853</TT>
      <CFMAX>4.36680579582545</CFMAX>
      <SP>0</SP>
      <SFCF>1.2047500098307389</SFCF>
      <CFR>0.026166405854050744</CFR>
      <CWH>0.15014873762029243</CWH>
      <CFGlacier>1</CFGlacier>
      <CFSlope>1</CFSlope>
      <FC>668.16255694221059</FC>
      <LP>0.96366361129113587</LP>
      <BETA>2.9872908176123079</BETA>
    </VegetationZoneParameters>
  </VegetationZone>
  <SubCatchment>
    <SubCatchmentParameters>
      <KSI>0.001</KSI>
      <KGmin>0.05</KGmin>
      <RangeKG>0.1</RangeKG>
      <AG>0.1</AG>
      <PERC>0.8286358707042516</PERC>
      <Alpha>0</Alpha>
      <UZL>153.67286004167664</UZL>
      <K0>0.57645135838817718</K0>
      <K1>0.034537192942202581</K1>
      <K2>0.015830588231223155</K2>
      <MAXBAS>1</MAXBAS>
      <Cet>0</Cet>
      <PCALT>10</PCALT>
      <TCALT>0.6</TCALT>
      <Pelev>3100</Pelev>
      <Telev>3100</Telev>
      <PART>0.5</PART>
      <DELAY>1</DELAY>
    </SubCatchmentParameters>
    <SubCatchmentVegetationZone>
      <SubCatchmentVegetationZoneParameters>
        <TT>1.4433623738517853</TT>
        <CFMAX>4.36680579582545</CFMAX>
        <SP>0</SP>
        <SFCF>1.2047500098307389</SFCF>
        <CFR>0.026166405854050744</CFR>
        <CWH>0.15014873762029243</CWH>
        <CFGlacier>1</CFGlacier>
        <CFSlope>1</CFSlope>
        <FC>668.16255694221059</FC>
        <LP>0.96366361129113587</LP>
        <BETA>2.9872908176123079</BETA>
      </SubCatchmentVegetationZoneParameters>
    </SubCatchmentVegetationZone>
  </SubCatchment>
</Catchment>