<?xml version="1.0" encoding="utf-8"?>
<Catchment xmlns:xsi="http://www.w3.org/2001/XMLSchema-instance" xmlns:xsd="http://www.w3.org/2001/XMLSchema">
  <CatchmentParameters>
    <KSI>0.001</KSI>
    <KGmin>0.05</KGmin>
    <RangeKG>0.1</RangeKG>
    <AG>0.1</AG>
    <PERC>2.5044885622071904</PERC>
    <Alpha>0</Alpha>
    <UZL>128.35384312245137</UZL>
    <K0>0.050367714296604804</K0>
    <K1>0.043024744307697579</K1>
    <K2>0.022322178518283182</K2>
    <MAXBAS>1</MAXBAS>
    <Cet>0</Cet>
    <PCALT>10</PCALT>
    <TCALT>0.6</TCALT>
    <Pelev>3100</Pelev>
    <Telev>3100</Telev>
    <PART>0.5</PART>
    <DELAY>1</DELAY>
  </CatchmentParameters>
  <VegetationZone>
    <VegetationZoneParameters>
      <TT>0.66923537914335784</TT>
      <CFMAX>3.315603987615944</CFMAX>
      <SP>0</SP>
      <SFCF>1.3916373850057391</SFCF>
      <CFR>0.041300736142927418</CFR>
      <CWH>0.15930047096204364</CWH>
      <CFGlacier>1</CFGlacier>
      <CFSlope>1</CFSlope>
      <FC>793.23181392394793</FC>
      <LP>0.840242535212583</LP>
      <BETA>2.8012437563115107</BETA>
    </VegetationZoneParameters>
  </VegetationZone>
  <SubCatchment>
    <SubCatchmentParameters>
      <KSI>0.001</KSI>
      <KGmin>0.05</KGmin>
      <RangeKG>0.1</RangeKG>
      <AG>0.1</AG>
      <PERC>2.5044885622071904</PERC>
      <Alpha>0</Alpha>
      <UZL>128.35384312245137</UZL>
      <K0>0.050367714296604804</K0>
      <K1>0.043024744307697579</K1>
      <K2>0.022322178518283182</K2>
      <MAXBAS>1</MAXBAS>
      <Cet>0</Cet>
      <PCALT>10</PCALT>
      <TCALT>0.6</TCALT>
      <Pelev>3100</Pelev>
      <Telev>3100</Telev>
      <PART>0.5</PART>
      <DELAY>1</DELAY>
    </SubCatchmentParameters>
    <SubCatchmentVegetationZone>
      <SubCatchmentVegetationZoneParameters>
        <TT>0.66923537914335784</TT>
        <CFMAX>3.315603987615944</CFMAX>
        <SP>0</SP>
        <SFCF>1.3916373850057391</SFCF>
        <CFR>0.041300736142927418</CFR>
        <CWH>0.15930047096204364</CWH>
        <CFGlacier>1</CFGlacier>
        <CFSlope>1</CFSlope>
        <FC>793.23181392394793</FC>
        <LP>0.840242535212583</LP>
        <BETA>2.8012437563115107</BETA>
      </SubCatchmentVegetationZoneParameters>
    </SubCatchmentVegetationZone>
  </SubCatchment>
</Catchment>