<?xml version="1.0" encoding="utf-8"?>
<Catchment xmlns:xsi="http://www.w3.org/2001/XMLSchema-instance" xmlns:xsd="http://www.w3.org/2001/XMLSchema">
  <CatchmentParameters>
    <KSI>0.001</KSI>
    <KGmin>0.05</KGmin>
    <RangeKG>0.1</RangeKG>
    <AG>0.1</AG>
    <PERC>3.7584000118672036</PERC>
    <Alpha>0</Alpha>
    <UZL>87.086911646018137</UZL>
    <K0>0.050150738338835765</K0>
    <K1>0.055839028205866705</K1>
    <K2>0.024263664663824919</K2>
    <MAXBAS>1</MAXBAS>
    <Cet>0</Cet>
    <PCALT>10</PCALT>
    <TCALT>0.6</TCALT>
    <Pelev>3100</Pelev>
    <Telev>3100</Telev>
    <PART>0.5</PART>
    <DELAY>1</DELAY>
  </CatchmentParameters>
  <VegetationZone>
    <VegetationZoneParameters>
      <TT>0.25287073441171071</TT>
      <CFMAX>2.3251223418883695</CFMAX>
      <SP>0</SP>
      <SFCF>1.3610691813408682</SFCF>
      <CFR>0.015129873277404103</CFR>
      <CWH>0.19999983100295993</CWH>
      <CFGlacier>1</CFGlacier>
      <CFSlope>1</CFSlope>
      <FC>802.0829041633823</FC>
      <LP>0.9417286117343141</LP>
      <BETA>3.3326499153420177</BETA>
    </VegetationZoneParameters>
  </VegetationZone>
  <SubCatchment>
    <SubCatchmentParameters>
      <KSI>0.001</KSI>
      <KGmin>0.05</KGmin>
      <RangeKG>0.1</RangeKG>
      <AG>0.1</AG>
      <PERC>3.7584000118672036</PERC>
      <Alpha>0</Alpha>
      <UZL>87.086911646018137</UZL>
      <K0>0.050150738338835765</K0>
      <K1>0.055839028205866705</K1>
      <K2>0.024263664663824919</K2>
      <MAXBAS>1</MAXBAS>
      <Cet>0</Cet>
      <PCALT>10</PCALT>
      <TCALT>0.6</TCALT>
      <Pelev>3100</Pelev>
      <Telev>3100</Telev>
      <PART>0.5</PART>
      <DELAY>1</DELAY>
    </SubCatchmentParameters>
    <SubCatchmentVegetationZone>
      <SubCatchmentVegetationZoneParameters>
        <TT>0.25287073441171071</TT>
        <CFMAX>2.3251223418883695</CFMAX>
        <SP>0</SP>
        <SFCF>1.3610691813408682</SFCF>
        <CFR>0.015129873277404103</CFR>
        <CWH>0.19999983100295993</CWH>
        <CFGlacier>1</CFGlacier>
        <CFSlope>1</CFSlope>
        <FC>802.0829041633823</FC>
        <LP>0.9417286117343141</LP>
        <BETA>3.3326499153420177</BETA>
      </SubCatchmentVegetationZoneParameters>
    </SubCatchmentVegetationZone>
  </SubCatchment>
</Catchment>