<?xml version="1.0" encoding="utf-8"?>
<Catchment xmlns:xsi="http://www.w3.org/2001/XMLSchema-instance" xmlns:xsd="http://www.w3.org/2001/XMLSchema">
  <CatchmentParameters>
    <KSI>0.001</KSI>
    <KGmin>0.05</KGmin>
    <RangeKG>0.1</RangeKG>
    <AG>0.1</AG>
    <PERC>1.1603376717847311</PERC>
    <Alpha>0</Alpha>
    <UZL>137.68287019578696</UZL>
    <K0>0.26422019547877734</K0>
    <K1>0.035438905448613257</K1>
    <K2>0.01662827236144114</K2>
    <MAXBAS>1</MAXBAS>
    <Cet>0</Cet>
    <PCALT>10</PCALT>
    <TCALT>0.6</TCALT>
    <Pelev>3100</Pelev>
    <Telev>3100</Telev>
    <PART>0.5</PART>
    <DELAY>1</DELAY>
  </CatchmentParameters>
  <VegetationZone>
    <VegetationZoneParameters>
      <TT>0.40000230215290777</TT>
      <CFMAX>2.7220206660034072</CFMAX>
      <SP>0</SP>
      <SFCF>1.2491669408151229</SFCF>
      <CFR>0.040447680513936123</CFR>
      <CWH>0.1424028200271861</CWH>
      <CFGlacier>1</CFGlacier>
      <CFSlope>1</CFSlope>
      <FC>581.12806794382755</FC>
      <LP>0.90071953792019244</LP>
      <BETA>2.6905179407637578</BETA>
    </VegetationZoneParameters>
  </VegetationZone>
  <SubCatchment>
    <SubCatchmentParameters>
      <KSI>0.001</KSI>
      <KGmin>0.05</KGmin>
      <RangeKG>0.1</RangeKG>
      <AG>0.1</AG>
      <PERC>1.1603376717847311</PERC>
      <Alpha>0</Alpha>
      <UZL>137.68287019578696</UZL>
      <K0>0.26422019547877734</K0>
      <K1>0.035438905448613257</K1>
      <K2>0.01662827236144114</K2>
      <MAXBAS>1</MAXBAS>
      <Cet>0</Cet>
      <PCALT>10</PCALT>
      <TCALT>0.6</TCALT>
      <Pelev>3100</Pelev>
      <Telev>3100</Telev>
      <PART>0.5</PART>
      <DELAY>1</DELAY>
    </SubCatchmentParameters>
    <SubCatchmentVegetationZone>
      <SubCatchmentVegetationZoneParameters>
        <TT>0.40000230215290777</TT>
        <CFMAX>2.7220206660034072</CFMAX>
        <SP>0</SP>
        <SFCF>1.2491669408151229</SFCF>
        <CFR>0.040447680513936123</CFR>
        <CWH>0.1424028200271861</CWH>
        <CFGlacier>1</CFGlacier>
        <CFSlope>1</CFSlope>
        <FC>581.12806794382755</FC>
        <LP>0.90071953792019244</LP>
        <BETA>2.6905179407637578</BETA>
      </SubCatchmentVegetationZoneParameters>
    </SubCatchmentVegetationZone>
  </SubCatchment>
</Catchment>