<?xml version="1.0" encoding="utf-8"?>
<Catchment xmlns:xsi="http://www.w3.org/2001/XMLSchema-instance" xmlns:xsd="http://www.w3.org/2001/XMLSchema">
  <CatchmentParameters>
    <KSI>0.001</KSI>
    <KGmin>0.05</KGmin>
    <RangeKG>0.1</RangeKG>
    <AG>0.1</AG>
    <PERC>3.8745138492990532</PERC>
    <Alpha>0</Alpha>
    <UZL>154.99086369995578</UZL>
    <K0>0.989884891275793</K0>
    <K1>0.072048673074426181</K1>
    <K2>0.026091736346018787</K2>
    <MAXBAS>1</MAXBAS>
    <Cet>0</Cet>
    <PCALT>10</PCALT>
    <TCALT>0.6</TCALT>
    <Pelev>3100</Pelev>
    <Telev>3100</Telev>
    <PART>0.5</PART>
    <DELAY>1</DELAY>
  </CatchmentParameters>
  <VegetationZone>
    <VegetationZoneParameters>
      <TT>0.10000335504086169</TT>
      <CFMAX>1.9233168444304831</CFMAX>
      <SP>0</SP>
      <SFCF>1.329636589842266</SFCF>
      <CFR>0.07557834070077378</CFR>
      <CWH>0.12401528659724391</CWH>
      <CFGlacier>1</CFGlacier>
      <CFSlope>1</CFSlope>
      <FC>735.88377690530683</FC>
      <LP>0.827831036501574</LP>
      <BETA>2.4750269396294233</BETA>
    </VegetationZoneParameters>
  </VegetationZone>
  <SubCatchment>
    <SubCatchmentParameters>
      <KSI>0.001</KSI>
      <KGmin>0.05</KGmin>
      <RangeKG>0.1</RangeKG>
      <AG>0.1</AG>
      <PERC>3.8745138492990532</PERC>
      <Alpha>0</Alpha>
      <UZL>154.99086369995578</UZL>
      <K0>0.989884891275793</K0>
      <K1>0.072048673074426181</K1>
      <K2>0.026091736346018787</K2>
      <MAXBAS>1</MAXBAS>
      <Cet>0</Cet>
      <PCALT>10</PCALT>
      <TCALT>0.6</TCALT>
      <Pelev>3100</Pelev>
      <Telev>3100</Telev>
      <PART>0.5</PART>
      <DELAY>1</DELAY>
    </SubCatchmentParameters>
    <SubCatchmentVegetationZone>
      <SubCatchmentVegetationZoneParameters>
        <TT>0.10000335504086169</TT>
        <CFMAX>1.9233168444304831</CFMAX>
        <SP>0</SP>
        <SFCF>1.329636589842266</SFCF>
        <CFR>0.07557834070077378</CFR>
        <CWH>0.12401528659724391</CWH>
        <CFGlacier>1</CFGlacier>
        <CFSlope>1</CFSlope>
        <FC>735.88377690530683</FC>
        <LP>0.827831036501574</LP>
        <BETA>2.4750269396294233</BETA>
      </SubCatchmentVegetationZoneParameters>
    </SubCatchmentVegetationZone>
  </SubCatchment>
</Catchment>