<?xml version="1.0" encoding="utf-8"?>
<Catchment xmlns:xsi="http://www.w3.org/2001/XMLSchema-instance" xmlns:xsd="http://www.w3.org/2001/XMLSchema">
  <CatchmentParameters>
    <KSI>0.001</KSI>
    <KGmin>0.05</KGmin>
    <RangeKG>0.1</RangeKG>
    <AG>0.1</AG>
    <PERC>4.6565962656449029</PERC>
    <Alpha>0</Alpha>
    <UZL>147.15304671935027</UZL>
    <K0>0.22997616946678923</K0>
    <K1>0.055321816816964048</K1>
    <K2>0.026507941862442548</K2>
    <MAXBAS>1</MAXBAS>
    <Cet>0</Cet>
    <PCALT>10</PCALT>
    <TCALT>0.6</TCALT>
    <Pelev>3100</Pelev>
    <Telev>3100</Telev>
    <PART>0.5</PART>
    <DELAY>1</DELAY>
  </CatchmentParameters>
  <VegetationZone>
    <VegetationZoneParameters>
      <TT>0.70013385968176745</TT>
      <CFMAX>3.5215347785784896</CFMAX>
      <SP>0</SP>
      <SFCF>1.4999996574711467</SFCF>
      <CFR>0.046071303113554077</CFR>
      <CWH>0.19999969359913325</CWH>
      <CFGlacier>1</CFGlacier>
      <CFSlope>1</CFSlope>
      <FC>950.65814846635044</FC>
      <LP>0.49671814917571439</LP>
      <BETA>1.48037490304698</BETA>
    </VegetationZoneParameters>
  </VegetationZone>
  <SubCatchment>
    <SubCatchmentParameters>
      <KSI>0.001</KSI>
      <KGmin>0.05</KGmin>
      <RangeKG>0.1</RangeKG>
      <AG>0.1</AG>
      <PERC>4.6565962656449029</PERC>
      <Alpha>0</Alpha>
      <UZL>147.15304671935027</UZL>
      <K0>0.22997616946678923</K0>
      <K1>0.055321816816964048</K1>
      <K2>0.026507941862442548</K2>
      <MAXBAS>1</MAXBAS>
      <Cet>0</Cet>
      <PCALT>10</PCALT>
      <TCALT>0.6</TCALT>
      <Pelev>3100</Pelev>
      <Telev>3100</Telev>
      <PART>0.5</PART>
      <DELAY>1</DELAY>
    </SubCatchmentParameters>
    <SubCatchmentVegetationZone>
      <SubCatchmentVegetationZoneParameters>
        <TT>0.70013385968176745</TT>
        <CFMAX>3.5215347785784896</CFMAX>
        <SP>0</SP>
        <SFCF>1.4999996574711467</SFCF>
        <CFR>0.046071303113554077</CFR>
        <CWH>0.19999969359913325</CWH>
        <CFGlacier>1</CFGlacier>
        <CFSlope>1</CFSlope>
        <FC>950.65814846635044</FC>
        <LP>0.49671814917571439</LP>
        <BETA>1.48037490304698</BETA>
      </SubCatchmentVegetationZoneParameters>
    </SubCatchmentVegetationZone>
  </SubCatchment>
</Catchment>