<?xml version="1.0" encoding="utf-8"?>
<Catchment xmlns:xsi="http://www.w3.org/2001/XMLSchema-instance" xmlns:xsd="http://www.w3.org/2001/XMLSchema">
  <CatchmentParameters>
    <KSI>0.001</KSI>
    <KGmin>0.05</KGmin>
    <RangeKG>0.1</RangeKG>
    <AG>0.1</AG>
    <PERC>9.1173115287666853E-06</PERC>
    <Alpha>0</Alpha>
    <UZL>122.51802644789599</UZL>
    <K0>0.050076502090894134</K0>
    <K1>0.027029219484493366</K1>
    <K2>0.03723707779112656</K2>
    <MAXBAS>1</MAXBAS>
    <Cet>0</Cet>
    <PCALT>10</PCALT>
    <TCALT>0.6</TCALT>
    <Pelev>3100</Pelev>
    <Telev>3100</Telev>
    <PART>0.5</PART>
    <DELAY>1</DELAY>
  </CatchmentParameters>
  <VegetationZone>
    <VegetationZoneParameters>
      <TT>0.72580362339542648</TT>
      <CFMAX>3.3571163153976182</CFMAX>
      <SP>0</SP>
      <SFCF>1.3572423051796969</SFCF>
      <CFR>0.043937950973735443</CFR>
      <CWH>0.17830937195516625</CWH>
      <CFGlacier>1</CFGlacier>
      <CFSlope>1</CFSlope>
      <FC>814.46637227363328</FC>
      <LP>0.82100470735585984</LP>
      <BETA>2.5175492994341147</BETA>
    </VegetationZoneParameters>
  </VegetationZone>
  <SubCatchment>
    <SubCatchmentParameters>
      <KSI>0.001</KSI>
      <KGmin>0.05</KGmin>
      <RangeKG>0.1</RangeKG>
      <AG>0.1</AG>
      <PERC>9.1173115287666853E-06</PERC>
      <Alpha>0</Alpha>
      <UZL>122.51802644789599</UZL>
      <K0>0.050076502090894134</K0>
      <K1>0.027029219484493366</K1>
      <K2>0.03723707779112656</K2>
      <MAXBAS>1</MAXBAS>
      <Cet>0</Cet>
      <PCALT>10</PCALT>
      <TCALT>0.6</TCALT>
      <Pelev>3100</Pelev>
      <Telev>3100</Telev>
      <PART>0.5</PART>
      <DELAY>1</DELAY>
    </SubCatchmentParameters>
    <SubCatchmentVegetationZone>
      <SubCatchmentVegetationZoneParameters>
        <TT>0.72580362339542648</TT>
        <CFMAX>3.3571163153976182</CFMAX>
        <SP>0</SP>
        <SFCF>1.3572423051796969</SFCF>
        <CFR>0.043937950973735443</CFR>
        <CWH>0.17830937195516625</CWH>
        <CFGlacier>1</CFGlacier>
        <CFSlope>1</CFSlope>
        <FC>814.46637227363328</FC>
        <LP>0.82100470735585984</LP>
        <BETA>2.5175492994341147</BETA>
      </SubCatchmentVegetationZoneParameters>
    </SubCatchmentVegetationZone>
  </SubCatchment>
</Catchment>