<?xml version="1.0" encoding="utf-8"?>
<Catchment xmlns:xsi="http://www.w3.org/2001/XMLSchema-instance" xmlns:xsd="http://www.w3.org/2001/XMLSchema">
  <CatchmentParameters>
    <KSI>0.001</KSI>
    <KGmin>0.05</KGmin>
    <RangeKG>0.1</RangeKG>
    <AG>0.1</AG>
    <PERC>5.1396162886831531</PERC>
    <Alpha>0</Alpha>
    <UZL>158.28592576554894</UZL>
    <K0>0.53614243726940425</K0>
    <K1>0.067715971965764565</K1>
    <K2>0.025189993186182192</K2>
    <MAXBAS>1</MAXBAS>
    <Cet>0</Cet>
    <PCALT>10</PCALT>
    <TCALT>0.6</TCALT>
    <Pelev>3100</Pelev>
    <Telev>3100</Telev>
    <PART>0.5</PART>
    <DELAY>1</DELAY>
  </CatchmentParameters>
  <VegetationZone>
    <VegetationZoneParameters>
      <TT>0.14654417130918493</TT>
      <CFMAX>2.0623890979218844</CFMAX>
      <SP>0</SP>
      <SFCF>1.3519920617353192</SFCF>
      <CFR>0.010146555249550668</CFR>
      <CWH>0.12682751768206582</CWH>
      <CFGlacier>1</CFGlacier>
      <CFSlope>1</CFSlope>
      <FC>660.12015611341121</FC>
      <LP>0.84412598746075773</LP>
      <BETA>2.6414912969802558</BETA>
    </VegetationZoneParameters>
  </VegetationZone>
  <SubCatchment>
    <SubCatchmentParameters>
      <KSI>0.001</KSI>
      <KGmin>0.05</KGmin>
      <RangeKG>0.1</RangeKG>
      <AG>0.1</AG>
      <PERC>5.1396162886831531</PERC>
      <Alpha>0</Alpha>
      <UZL>158.28592576554894</UZL>
      <K0>0.53614243726940425</K0>
      <K1>0.067715971965764565</K1>
      <K2>0.025189993186182192</K2>
      <MAXBAS>1</MAXBAS>
      <Cet>0</Cet>
      <PCALT>10</PCALT>
      <TCALT>0.6</TCALT>
      <Pelev>3100</Pelev>
      <Telev>3100</Telev>
      <PART>0.5</PART>
      <DELAY>1</DELAY>
    </SubCatchmentParameters>
    <SubCatchmentVegetationZone>
      <SubCatchmentVegetationZoneParameters>
        <TT>0.14654417130918493</TT>
        <CFMAX>2.0623890979218844</CFMAX>
        <SP>0</SP>
        <SFCF>1.3519920617353192</SFCF>
        <CFR>0.010146555249550668</CFR>
        <CWH>0.12682751768206582</CWH>
        <CFGlacier>1</CFGlacier>
        <CFSlope>1</CFSlope>
        <FC>660.12015611341121</FC>
        <LP>0.84412598746075773</LP>
        <BETA>2.6414912969802558</BETA>
      </SubCatchmentVegetationZoneParameters>
    </SubCatchmentVegetationZone>
  </SubCatchment>
</Catchment>