<?xml version="1.0" encoding="utf-8"?>
<Catchment xmlns:xsi="http://www.w3.org/2001/XMLSchema-instance" xmlns:xsd="http://www.w3.org/2001/XMLSchema">
  <CatchmentParameters>
    <KSI>0.001</KSI>
    <KGmin>0.05</KGmin>
    <RangeKG>0.1</RangeKG>
    <AG>0.1</AG>
    <PERC>0.96717663935618114</PERC>
    <Alpha>0</Alpha>
    <UZL>142.07101229785067</UZL>
    <K0>0.56391424326279682</K0>
    <K1>0.036465108329765385</K1>
    <K2>0.016555350835165832</K2>
    <MAXBAS>1</MAXBAS>
    <Cet>0</Cet>
    <PCALT>10</PCALT>
    <TCALT>0.6</TCALT>
    <Pelev>3100</Pelev>
    <Telev>3100</Telev>
    <PART>0.5</PART>
    <DELAY>1</DELAY>
  </CatchmentParameters>
  <VegetationZone>
    <VegetationZoneParameters>
      <TT>-0.16013383614559371</TT>
      <CFMAX>2.1745205806117673</CFMAX>
      <SP>0</SP>
      <SFCF>1.4999934941601061</SFCF>
      <CFR>0.033926181723957373</CFR>
      <CWH>0.19999954630863287</CWH>
      <CFGlacier>1</CFGlacier>
      <CFSlope>1</CFSlope>
      <FC>727.99255801809818</FC>
      <LP>0.78422560029643329</LP>
      <BETA>2.54035603820635</BETA>
    </VegetationZoneParameters>
  </VegetationZone>
  <SubCatchment>
    <SubCatchmentParameters>
      <KSI>0.001</KSI>
      <KGmin>0.05</KGmin>
      <RangeKG>0.1</RangeKG>
      <AG>0.1</AG>
      <PERC>0.96717663935618114</PERC>
      <Alpha>0</Alpha>
      <UZL>142.07101229785067</UZL>
      <K0>0.56391424326279682</K0>
      <K1>0.036465108329765385</K1>
      <K2>0.016555350835165832</K2>
      <MAXBAS>1</MAXBAS>
      <Cet>0</Cet>
      <PCALT>10</PCALT>
      <TCALT>0.6</TCALT>
      <Pelev>3100</Pelev>
      <Telev>3100</Telev>
      <PART>0.5</PART>
      <DELAY>1</DELAY>
    </SubCatchmentParameters>
    <SubCatchmentVegetationZone>
      <SubCatchmentVegetationZoneParameters>
        <TT>-0.16013383614559371</TT>
        <CFMAX>2.1745205806117673</CFMAX>
        <SP>0</SP>
        <SFCF>1.4999934941601061</SFCF>
        <CFR>0.033926181723957373</CFR>
        <CWH>0.19999954630863287</CWH>
        <CFGlacier>1</CFGlacier>
        <CFSlope>1</CFSlope>
        <FC>727.99255801809818</FC>
        <LP>0.78422560029643329</LP>
        <BETA>2.54035603820635</BETA>
      </SubCatchmentVegetationZoneParameters>
    </SubCatchmentVegetationZone>
  </SubCatchment>
</Catchment>