<?xml version="1.0" encoding="utf-8"?>
<Catchment xmlns:xsi="http://www.w3.org/2001/XMLSchema-instance" xmlns:xsd="http://www.w3.org/2001/XMLSchema">
  <CatchmentParameters>
    <KSI>0.001</KSI>
    <KGmin>0.05</KGmin>
    <RangeKG>0.1</RangeKG>
    <AG>0.1</AG>
    <PERC>3.8317936999867603</PERC>
    <Alpha>0</Alpha>
    <UZL>100.65729391627997</UZL>
    <K0>0.564014836066177</K0>
    <K1>0.078066037970204519</K1>
    <K2>0.025275526528696263</K2>
    <MAXBAS>1</MAXBAS>
    <Cet>0</Cet>
    <PCALT>10</PCALT>
    <TCALT>0.6</TCALT>
    <Pelev>3100</Pelev>
    <Telev>3100</Telev>
    <PART>0.5</PART>
    <DELAY>1</DELAY>
  </CatchmentParameters>
  <VegetationZone>
    <VegetationZoneParameters>
      <TT>6.0176275980365623E-06</TT>
      <CFMAX>1.7119963958174376</CFMAX>
      <SP>0</SP>
      <SFCF>1.3954110399832251</SFCF>
      <CFR>8.7359029636397328E-08</CFR>
      <CWH>0.19998708604818935</CWH>
      <CFGlacier>1</CFGlacier>
      <CFSlope>1</CFSlope>
      <FC>731.32896042780783</FC>
      <LP>0.7481626376689835</LP>
      <BETA>2.2918677397531271</BETA>
    </VegetationZoneParameters>
  </VegetationZone>
  <SubCatchment>
    <SubCatchmentParameters>
      <KSI>0.001</KSI>
      <KGmin>0.05</KGmin>
      <RangeKG>0.1</RangeKG>
      <AG>0.1</AG>
      <PERC>3.8317936999867603</PERC>
      <Alpha>0</Alpha>
      <UZL>100.65729391627997</UZL>
      <K0>0.564014836066177</K0>
      <K1>0.078066037970204519</K1>
      <K2>0.025275526528696263</K2>
      <MAXBAS>1</MAXBAS>
      <Cet>0</Cet>
      <PCALT>10</PCALT>
      <TCALT>0.6</TCALT>
      <Pelev>3100</Pelev>
      <Telev>3100</Telev>
      <PART>0.5</PART>
      <DELAY>1</DELAY>
    </SubCatchmentParameters>
    <SubCatchmentVegetationZone>
      <SubCatchmentVegetationZoneParameters>
        <TT>6.0176275980365623E-06</TT>
        <CFMAX>1.7119963958174376</CFMAX>
        <SP>0</SP>
        <SFCF>1.3954110399832251</SFCF>
        <CFR>8.7359029636397328E-08</CFR>
        <CWH>0.19998708604818935</CWH>
        <CFGlacier>1</CFGlacier>
        <CFSlope>1</CFSlope>
        <FC>731.32896042780783</FC>
        <LP>0.7481626376689835</LP>
        <BETA>2.2918677397531271</BETA>
      </SubCatchmentVegetationZoneParameters>
    </SubCatchmentVegetationZone>
  </SubCatchment>
</Catchment>