<?xml version="1.0" encoding="utf-8"?>
<Catchment xmlns:xsi="http://www.w3.org/2001/XMLSchema-instance" xmlns:xsd="http://www.w3.org/2001/XMLSchema">
  <CatchmentParameters>
    <KSI>0.001</KSI>
    <KGmin>0.05</KGmin>
    <RangeKG>0.1</RangeKG>
    <AG>0.1</AG>
    <PERC>3.8270325682880726</PERC>
    <Alpha>0</Alpha>
    <UZL>104.45666803628699</UZL>
    <K0>0.20013699333623192</K0>
    <K1>0.058549001335062065</K1>
    <K2>0.025216474876629095</K2>
    <MAXBAS>1</MAXBAS>
    <Cet>0</Cet>
    <PCALT>10</PCALT>
    <TCALT>0.6</TCALT>
    <Pelev>3100</Pelev>
    <Telev>3100</Telev>
    <PART>0.5</PART>
    <DELAY>1</DELAY>
  </CatchmentParameters>
  <VegetationZone>
    <VegetationZoneParameters>
      <TT>0.20000032580813268</TT>
      <CFMAX>2.4964441988373784</CFMAX>
      <SP>0</SP>
      <SFCF>1.418193819669447</SFCF>
      <CFR>0.039895487030361595</CFR>
      <CWH>0.14383120776384312</CWH>
      <CFGlacier>1</CFGlacier>
      <CFSlope>1</CFSlope>
      <FC>838.94155375735841</FC>
      <LP>0.89861038518917469</LP>
      <BETA>3.2006063023270492</BETA>
    </VegetationZoneParameters>
  </VegetationZone>
  <SubCatchment>
    <SubCatchmentParameters>
      <KSI>0.001</KSI>
      <KGmin>0.05</KGmin>
      <RangeKG>0.1</RangeKG>
      <AG>0.1</AG>
      <PERC>3.8270325682880726</PERC>
      <Alpha>0</Alpha>
      <UZL>104.45666803628699</UZL>
      <K0>0.20013699333623192</K0>
      <K1>0.058549001335062065</K1>
      <K2>0.025216474876629095</K2>
      <MAXBAS>1</MAXBAS>
      <Cet>0</Cet>
      <PCALT>10</PCALT>
      <TCALT>0.6</TCALT>
      <Pelev>3100</Pelev>
      <Telev>3100</Telev>
      <PART>0.5</PART>
      <DELAY>1</DELAY>
    </SubCatchmentParameters>
    <SubCatchmentVegetationZone>
      <SubCatchmentVegetationZoneParameters>
        <TT>0.20000032580813268</TT>
        <CFMAX>2.4964441988373784</CFMAX>
        <SP>0</SP>
        <SFCF>1.418193819669447</SFCF>
        <CFR>0.039895487030361595</CFR>
        <CWH>0.14383120776384312</CWH>
        <CFGlacier>1</CFGlacier>
        <CFSlope>1</CFSlope>
        <FC>838.94155375735841</FC>
        <LP>0.89861038518917469</LP>
        <BETA>3.2006063023270492</BETA>
      </SubCatchmentVegetationZoneParameters>
    </SubCatchmentVegetationZone>
  </SubCatchment>
</Catchment>