<?xml version="1.0" encoding="utf-8"?>
<Catchment xmlns:xsi="http://www.w3.org/2001/XMLSchema-instance" xmlns:xsd="http://www.w3.org/2001/XMLSchema">
  <CatchmentParameters>
    <KSI>0.001</KSI>
    <KGmin>0.05</KGmin>
    <RangeKG>0.1</RangeKG>
    <AG>0.1</AG>
    <PERC>1.2631320258247931</PERC>
    <Alpha>0</Alpha>
    <UZL>182.57051174864921</UZL>
    <K0>0.406765690903926</K0>
    <K1>0.035369622918286707</K1>
    <K2>0.017340756083556657</K2>
    <MAXBAS>1</MAXBAS>
    <Cet>0</Cet>
    <PCALT>10</PCALT>
    <TCALT>0.6</TCALT>
    <Pelev>3100</Pelev>
    <Telev>3100</Telev>
    <PART>0.5</PART>
    <DELAY>1</DELAY>
  </CatchmentParameters>
  <VegetationZone>
    <VegetationZoneParameters>
      <TT>0.16238793456011974</TT>
      <CFMAX>2.359014864960534</CFMAX>
      <SP>0</SP>
      <SFCF>1.3726911716624464</SFCF>
      <CFR>0.038096069216871906</CFR>
      <CWH>0.16063145213286093</CWH>
      <CFGlacier>1</CFGlacier>
      <CFSlope>1</CFSlope>
      <FC>625.77266833066653</FC>
      <LP>0.84382812960731979</LP>
      <BETA>2.7115701509433965</BETA>
    </VegetationZoneParameters>
  </VegetationZone>
  <SubCatchment>
    <SubCatchmentParameters>
      <KSI>0.001</KSI>
      <KGmin>0.05</KGmin>
      <RangeKG>0.1</RangeKG>
      <AG>0.1</AG>
      <PERC>1.2631320258247931</PERC>
      <Alpha>0</Alpha>
      <UZL>182.57051174864921</UZL>
      <K0>0.406765690903926</K0>
      <K1>0.035369622918286707</K1>
      <K2>0.017340756083556657</K2>
      <MAXBAS>1</MAXBAS>
      <Cet>0</Cet>
      <PCALT>10</PCALT>
      <TCALT>0.6</TCALT>
      <Pelev>3100</Pelev>
      <Telev>3100</Telev>
      <PART>0.5</PART>
      <DELAY>1</DELAY>
    </SubCatchmentParameters>
    <SubCatchmentVegetationZone>
      <SubCatchmentVegetationZoneParameters>
        <TT>0.16238793456011974</TT>
        <CFMAX>2.359014864960534</CFMAX>
        <SP>0</SP>
        <SFCF>1.3726911716624464</SFCF>
        <CFR>0.038096069216871906</CFR>
        <CWH>0.16063145213286093</CWH>
        <CFGlacier>1</CFGlacier>
        <CFSlope>1</CFSlope>
        <FC>625.77266833066653</FC>
        <LP>0.84382812960731979</LP>
        <BETA>2.7115701509433965</BETA>
      </SubCatchmentVegetationZoneParameters>
    </SubCatchmentVegetationZone>
  </SubCatchment>
</Catchment>