<?xml version="1.0" encoding="utf-8"?>
<Catchment xmlns:xsi="http://www.w3.org/2001/XMLSchema-instance" xmlns:xsd="http://www.w3.org/2001/XMLSchema">
  <CatchmentParameters>
    <KSI>0.001</KSI>
    <KGmin>0.05</KGmin>
    <RangeKG>0.1</RangeKG>
    <AG>0.1</AG>
    <PERC>1.0172436337390602</PERC>
    <Alpha>0</Alpha>
    <UZL>125.54133963009298</UZL>
    <K0>0.41810974329028056</K0>
    <K1>0.035466490367319616</K1>
    <K2>0.015961476831203244</K2>
    <MAXBAS>1</MAXBAS>
    <Cet>0</Cet>
    <PCALT>10</PCALT>
    <TCALT>0.6</TCALT>
    <Pelev>3100</Pelev>
    <Telev>3100</Telev>
    <PART>0.5</PART>
    <DELAY>1</DELAY>
  </CatchmentParameters>
  <VegetationZone>
    <VegetationZoneParameters>
      <TT>0.18671004502936908</TT>
      <CFMAX>1.9416638135985973</CFMAX>
      <SP>0</SP>
      <SFCF>1.2100279675450445</SFCF>
      <CFR>0.025855346366891387</CFR>
      <CWH>0.16454173629519742</CWH>
      <CFGlacier>1</CFGlacier>
      <CFSlope>1</CFSlope>
      <FC>526.01088429459651</FC>
      <LP>0.91127220536731912</LP>
      <BETA>2.669097180029393</BETA>
    </VegetationZoneParameters>
  </VegetationZone>
  <SubCatchment>
    <SubCatchmentParameters>
      <KSI>0.001</KSI>
      <KGmin>0.05</KGmin>
      <RangeKG>0.1</RangeKG>
      <AG>0.1</AG>
      <PERC>1.0172436337390602</PERC>
      <Alpha>0</Alpha>
      <UZL>125.54133963009298</UZL>
      <K0>0.41810974329028056</K0>
      <K1>0.035466490367319616</K1>
      <K2>0.015961476831203244</K2>
      <MAXBAS>1</MAXBAS>
      <Cet>0</Cet>
      <PCALT>10</PCALT>
      <TCALT>0.6</TCALT>
      <Pelev>3100</Pelev>
      <Telev>3100</Telev>
      <PART>0.5</PART>
      <DELAY>1</DELAY>
    </SubCatchmentParameters>
    <SubCatchmentVegetationZone>
      <SubCatchmentVegetationZoneParameters>
        <TT>0.18671004502936908</TT>
        <CFMAX>1.9416638135985973</CFMAX>
        <SP>0</SP>
        <SFCF>1.2100279675450445</SFCF>
        <CFR>0.025855346366891387</CFR>
        <CWH>0.16454173629519742</CWH>
        <CFGlacier>1</CFGlacier>
        <CFSlope>1</CFSlope>
        <FC>526.01088429459651</FC>
        <LP>0.91127220536731912</LP>
        <BETA>2.669097180029393</BETA>
      </SubCatchmentVegetationZoneParameters>
    </SubCatchmentVegetationZone>
  </SubCatchment>
</Catchment>