<?xml version="1.0" encoding="utf-8"?>
<Catchment xmlns:xsi="http://www.w3.org/2001/XMLSchema-instance" xmlns:xsd="http://www.w3.org/2001/XMLSchema">
  <CatchmentParameters>
    <KSI>0.001</KSI>
    <KGmin>0.05</KGmin>
    <RangeKG>0.1</RangeKG>
    <AG>0.1</AG>
    <PERC>4.001208409471249</PERC>
    <Alpha>0</Alpha>
    <UZL>151.74255501927019</UZL>
    <K0>0.4046422368594032</K0>
    <K1>0.055643828561402785</K1>
    <K2>0.023978943126448087</K2>
    <MAXBAS>1</MAXBAS>
    <Cet>0</Cet>
    <PCALT>10</PCALT>
    <TCALT>0.6</TCALT>
    <Pelev>3100</Pelev>
    <Telev>3100</Telev>
    <PART>0.5</PART>
    <DELAY>1</DELAY>
  </CatchmentParameters>
  <VegetationZone>
    <VegetationZoneParameters>
      <TT>0.002251651196414873</TT>
      <CFMAX>2.0605444630907988</CFMAX>
      <SP>0</SP>
      <SFCF>1.3145864217761472</SFCF>
      <CFR>0.045632211514540867</CFR>
      <CWH>0.13424733174219078</CWH>
      <CFGlacier>1</CFGlacier>
      <CFSlope>1</CFSlope>
      <FC>542.96062529755818</FC>
      <LP>0.6306188279437247</LP>
      <BETA>1.6921814341476773</BETA>
    </VegetationZoneParameters>
  </VegetationZone>
  <SubCatchment>
    <SubCatchmentParameters>
      <KSI>0.001</KSI>
      <KGmin>0.05</KGmin>
      <RangeKG>0.1</RangeKG>
      <AG>0.1</AG>
      <PERC>4.001208409471249</PERC>
      <Alpha>0</Alpha>
      <UZL>151.74255501927019</UZL>
      <K0>0.4046422368594032</K0>
      <K1>0.055643828561402785</K1>
      <K2>0.023978943126448087</K2>
      <MAXBAS>1</MAXBAS>
      <Cet>0</Cet>
      <PCALT>10</PCALT>
      <TCALT>0.6</TCALT>
      <Pelev>3100</Pelev>
      <Telev>3100</Telev>
      <PART>0.5</PART>
      <DELAY>1</DELAY>
    </SubCatchmentParameters>
    <SubCatchmentVegetationZone>
      <SubCatchmentVegetationZoneParameters>
        <TT>0.002251651196414873</TT>
        <CFMAX>2.0605444630907988</CFMAX>
        <SP>0</SP>
        <SFCF>1.3145864217761472</SFCF>
        <CFR>0.045632211514540867</CFR>
        <CWH>0.13424733174219078</CWH>
        <CFGlacier>1</CFGlacier>
        <CFSlope>1</CFSlope>
        <FC>542.96062529755818</FC>
        <LP>0.6306188279437247</LP>
        <BETA>1.6921814341476773</BETA>
      </SubCatchmentVegetationZoneParameters>
    </SubCatchmentVegetationZone>
  </SubCatchment>
</Catchment>