<?xml version="1.0" encoding="utf-8"?>
<Catchment xmlns:xsi="http://www.w3.org/2001/XMLSchema-instance" xmlns:xsd="http://www.w3.org/2001/XMLSchema">
  <CatchmentParameters>
    <KSI>0.001</KSI>
    <KGmin>0.05</KGmin>
    <RangeKG>0.1</RangeKG>
    <AG>0.1</AG>
    <PERC>2.9369178644263418</PERC>
    <Alpha>0</Alpha>
    <UZL>199.31574659215289</UZL>
    <K0>0.35121395988301229</K0>
    <K1>0.043579723148706617</K1>
    <K2>0.021750622695335765</K2>
    <MAXBAS>1</MAXBAS>
    <Cet>0</Cet>
    <PCALT>10</PCALT>
    <TCALT>0.6</TCALT>
    <Pelev>3100</Pelev>
    <Telev>3100</Telev>
    <PART>0.5</PART>
    <DELAY>1</DELAY>
  </CatchmentParameters>
  <VegetationZone>
    <VegetationZoneParameters>
      <TT>0.59999807211681133</TT>
      <CFMAX>2.6444201667855944</CFMAX>
      <SP>0</SP>
      <SFCF>1.1608501381989951</SFCF>
      <CFR>0.026587874941623547</CFR>
      <CWH>0.19999999987745598</CWH>
      <CFGlacier>1</CFGlacier>
      <CFSlope>1</CFSlope>
      <FC>496.68565283881185</FC>
      <LP>0.867137021998748</LP>
      <BETA>2.3224504943374691</BETA>
    </VegetationZoneParameters>
  </VegetationZone>
  <SubCatchment>
    <SubCatchmentParameters>
      <KSI>0.001</KSI>
      <KGmin>0.05</KGmin>
      <RangeKG>0.1</RangeKG>
      <AG>0.1</AG>
      <PERC>2.9369178644263418</PERC>
      <Alpha>0</Alpha>
      <UZL>199.31574659215289</UZL>
      <K0>0.35121395988301229</K0>
      <K1>0.043579723148706617</K1>
      <K2>0.021750622695335765</K2>
      <MAXBAS>1</MAXBAS>
      <Cet>0</Cet>
      <PCALT>10</PCALT>
      <TCALT>0.6</TCALT>
      <Pelev>3100</Pelev>
      <Telev>3100</Telev>
      <PART>0.5</PART>
      <DELAY>1</DELAY>
    </SubCatchmentParameters>
    <SubCatchmentVegetationZone>
      <SubCatchmentVegetationZoneParameters>
        <TT>0.59999807211681133</TT>
        <CFMAX>2.6444201667855944</CFMAX>
        <SP>0</SP>
        <SFCF>1.1608501381989951</SFCF>
        <CFR>0.026587874941623547</CFR>
        <CWH>0.19999999987745598</CWH>
        <CFGlacier>1</CFGlacier>
        <CFSlope>1</CFSlope>
        <FC>496.68565283881185</FC>
        <LP>0.867137021998748</LP>
        <BETA>2.3224504943374691</BETA>
      </SubCatchmentVegetationZoneParameters>
    </SubCatchmentVegetationZone>
  </SubCatchment>
</Catchment>