<?xml version="1.0" encoding="utf-8"?>
<Catchment xmlns:xsi="http://www.w3.org/2001/XMLSchema-instance" xmlns:xsd="http://www.w3.org/2001/XMLSchema">
  <CatchmentParameters>
    <KSI>0.001</KSI>
    <KGmin>0.05</KGmin>
    <RangeKG>0.1</RangeKG>
    <AG>0.1</AG>
    <PERC>4.09179201421867</PERC>
    <Alpha>0</Alpha>
    <UZL>186.80571743487479</UZL>
    <K0>0.3303984577654055</K0>
    <K1>0.062723220199824056</K1>
    <K2>0.01971458164016588</K2>
    <MAXBAS>1</MAXBAS>
    <Cet>0</Cet>
    <PCALT>10</PCALT>
    <TCALT>0.6</TCALT>
    <Pelev>3100</Pelev>
    <Telev>3100</Telev>
    <PART>0.5</PART>
    <DELAY>1</DELAY>
  </CatchmentParameters>
  <VegetationZone>
    <VegetationZoneParameters>
      <TT>-1.1521108176214492</TT>
      <CFMAX>1.173465461966787</CFMAX>
      <SP>0</SP>
      <SFCF>1.2658422475402356</SFCF>
      <CFR>0.062675680750191129</CFR>
      <CWH>0.19999972042622424</CWH>
      <CFGlacier>1</CFGlacier>
      <CFSlope>1</CFSlope>
      <FC>345.55732503198391</FC>
      <LP>0.59879878790450181</LP>
      <BETA>1.7210856824024909</BETA>
    </VegetationZoneParameters>
  </VegetationZone>
  <SubCatchment>
    <SubCatchmentParameters>
      <KSI>0.001</KSI>
      <KGmin>0.05</KGmin>
      <RangeKG>0.1</RangeKG>
      <AG>0.1</AG>
      <PERC>4.09179201421867</PERC>
      <Alpha>0</Alpha>
      <UZL>186.80571743487479</UZL>
      <K0>0.3303984577654055</K0>
      <K1>0.062723220199824056</K1>
      <K2>0.01971458164016588</K2>
      <MAXBAS>1</MAXBAS>
      <Cet>0</Cet>
      <PCALT>10</PCALT>
      <TCALT>0.6</TCALT>
      <Pelev>3100</Pelev>
      <Telev>3100</Telev>
      <PART>0.5</PART>
      <DELAY>1</DELAY>
    </SubCatchmentParameters>
    <SubCatchmentVegetationZone>
      <SubCatchmentVegetationZoneParameters>
        <TT>-1.1521108176214492</TT>
        <CFMAX>1.173465461966787</CFMAX>
        <SP>0</SP>
        <SFCF>1.2658422475402356</SFCF>
        <CFR>0.062675680750191129</CFR>
        <CWH>0.19999972042622424</CWH>
        <CFGlacier>1</CFGlacier>
        <CFSlope>1</CFSlope>
        <FC>345.55732503198391</FC>
        <LP>0.59879878790450181</LP>
        <BETA>1.7210856824024909</BETA>
      </SubCatchmentVegetationZoneParameters>
    </SubCatchmentVegetationZone>
  </SubCatchment>
</Catchment>