<?xml version="1.0" encoding="utf-8"?>
<Catchment xmlns:xsi="http://www.w3.org/2001/XMLSchema-instance" xmlns:xsd="http://www.w3.org/2001/XMLSchema">
  <CatchmentParameters>
    <KSI>0.001</KSI>
    <KGmin>0.05</KGmin>
    <RangeKG>0.1</RangeKG>
    <AG>0.1</AG>
    <PERC>3.9698340806764847</PERC>
    <Alpha>0</Alpha>
    <UZL>87.9175983594152</UZL>
    <K0>0.14137864599528163</K0>
    <K1>0.096087581893277235</K1>
    <K2>0.026945300495952059</K2>
    <MAXBAS>1</MAXBAS>
    <Cet>0</Cet>
    <PCALT>10</PCALT>
    <TCALT>0.6</TCALT>
    <Pelev>3100</Pelev>
    <Telev>3100</Telev>
    <PART>0.5</PART>
    <DELAY>1</DELAY>
  </CatchmentParameters>
  <VegetationZone>
    <VegetationZoneParameters>
      <TT>1.4392600521208133E-07</TT>
      <CFMAX>1.6832068535304918</CFMAX>
      <SP>0</SP>
      <SFCF>1.3802811990028996</SFCF>
      <CFR>0.0073801667379773846</CFR>
      <CWH>0.19999544353880466</CWH>
      <CFGlacier>1</CFGlacier>
      <CFSlope>1</CFSlope>
      <FC>765.84085951191332</FC>
      <LP>0.76353943923820322</LP>
      <BETA>2.3226155543001177</BETA>
    </VegetationZoneParameters>
  </VegetationZone>
  <SubCatchment>
    <SubCatchmentParameters>
      <KSI>0.001</KSI>
      <KGmin>0.05</KGmin>
      <RangeKG>0.1</RangeKG>
      <AG>0.1</AG>
      <PERC>3.9698340806764847</PERC>
      <Alpha>0</Alpha>
      <UZL>87.9175983594152</UZL>
      <K0>0.14137864599528163</K0>
      <K1>0.096087581893277235</K1>
      <K2>0.026945300495952059</K2>
      <MAXBAS>1</MAXBAS>
      <Cet>0</Cet>
      <PCALT>10</PCALT>
      <TCALT>0.6</TCALT>
      <Pelev>3100</Pelev>
      <Telev>3100</Telev>
      <PART>0.5</PART>
      <DELAY>1</DELAY>
    </SubCatchmentParameters>
    <SubCatchmentVegetationZone>
      <SubCatchmentVegetationZoneParameters>
        <TT>1.4392600521208133E-07</TT>
        <CFMAX>1.6832068535304918</CFMAX>
        <SP>0</SP>
        <SFCF>1.3802811990028996</SFCF>
        <CFR>0.0073801667379773846</CFR>
        <CWH>0.19999544353880466</CWH>
        <CFGlacier>1</CFGlacier>
        <CFSlope>1</CFSlope>
        <FC>765.84085951191332</FC>
        <LP>0.76353943923820322</LP>
        <BETA>2.3226155543001177</BETA>
      </SubCatchmentVegetationZoneParameters>
    </SubCatchmentVegetationZone>
  </SubCatchment>
</Catchment>