<?xml version="1.0" encoding="utf-8"?>
<Catchment xmlns:xsi="http://www.w3.org/2001/XMLSchema-instance" xmlns:xsd="http://www.w3.org/2001/XMLSchema">
  <CatchmentParameters>
    <KSI>0.001</KSI>
    <KGmin>0.05</KGmin>
    <RangeKG>0.1</RangeKG>
    <AG>0.1</AG>
    <PERC>3.3715266764317575</PERC>
    <Alpha>0</Alpha>
    <UZL>105.25939024449978</UZL>
    <K0>0.050045995297157184</K0>
    <K1>0.042113100011696936</K1>
    <K2>0.023118571511108563</K2>
    <MAXBAS>1</MAXBAS>
    <Cet>0</Cet>
    <PCALT>10</PCALT>
    <TCALT>0.6</TCALT>
    <Pelev>3100</Pelev>
    <Telev>3100</Telev>
    <PART>0.5</PART>
    <DELAY>1</DELAY>
  </CatchmentParameters>
  <VegetationZone>
    <VegetationZoneParameters>
      <TT>1.0365151029648938</TT>
      <CFMAX>4.5102070374273406</CFMAX>
      <SP>0</SP>
      <SFCF>1.4539066070354816</SFCF>
      <CFR>0.030635146014392631</CFR>
      <CWH>0.17178408588151611</CWH>
      <CFGlacier>1</CFGlacier>
      <CFSlope>1</CFSlope>
      <FC>998.60919016387652</FC>
      <LP>0.92327927950524413</LP>
      <BETA>3.8789456008714</BETA>
    </VegetationZoneParameters>
  </VegetationZone>
  <SubCatchment>
    <SubCatchmentParameters>
      <KSI>0.001</KSI>
      <KGmin>0.05</KGmin>
      <RangeKG>0.1</RangeKG>
      <AG>0.1</AG>
      <PERC>3.3715266764317575</PERC>
      <Alpha>0</Alpha>
      <UZL>105.25939024449978</UZL>
      <K0>0.050045995297157184</K0>
      <K1>0.042113100011696936</K1>
      <K2>0.023118571511108563</K2>
      <MAXBAS>1</MAXBAS>
      <Cet>0</Cet>
      <PCALT>10</PCALT>
      <TCALT>0.6</TCALT>
      <Pelev>3100</Pelev>
      <Telev>3100</Telev>
      <PART>0.5</PART>
      <DELAY>1</DELAY>
    </SubCatchmentParameters>
    <SubCatchmentVegetationZone>
      <SubCatchmentVegetationZoneParameters>
        <TT>1.0365151029648938</TT>
        <CFMAX>4.5102070374273406</CFMAX>
        <SP>0</SP>
        <SFCF>1.4539066070354816</SFCF>
        <CFR>0.030635146014392631</CFR>
        <CWH>0.17178408588151611</CWH>
        <CFGlacier>1</CFGlacier>
        <CFSlope>1</CFSlope>
        <FC>998.60919016387652</FC>
        <LP>0.92327927950524413</LP>
        <BETA>3.8789456008714</BETA>
      </SubCatchmentVegetationZoneParameters>
    </SubCatchmentVegetationZone>
  </SubCatchment>
</Catchment>