<?xml version="1.0" encoding="utf-8"?>
<Catchment xmlns:xsi="http://www.w3.org/2001/XMLSchema-instance" xmlns:xsd="http://www.w3.org/2001/XMLSchema">
  <CatchmentParameters>
    <KSI>0.001</KSI>
    <KGmin>0.05</KGmin>
    <RangeKG>0.1</RangeKG>
    <AG>0.1</AG>
    <PERC>2.8963704271196939</PERC>
    <Alpha>0</Alpha>
    <UZL>151.70318180821138</UZL>
    <K0>0.05032136877630701</K0>
    <K1>0.045778000802250127</K1>
    <K2>0.022423573369774651</K2>
    <MAXBAS>1</MAXBAS>
    <Cet>0</Cet>
    <PCALT>10</PCALT>
    <TCALT>0.6</TCALT>
    <Pelev>3100</Pelev>
    <Telev>3100</Telev>
    <PART>0.5</PART>
    <DELAY>1</DELAY>
  </CatchmentParameters>
  <VegetationZone>
    <VegetationZoneParameters>
      <TT>-0.048033686077120115</TT>
      <CFMAX>2.4247399384163844</CFMAX>
      <SP>0</SP>
      <SFCF>1.4644777698301228</SFCF>
      <CFR>0.076144656464552582</CFR>
      <CWH>0.17561205790459222</CWH>
      <CFGlacier>1</CFGlacier>
      <CFSlope>1</CFSlope>
      <FC>772.65244150495948</FC>
      <LP>0.89319007771879233</LP>
      <BETA>3.2275256335606008</BETA>
    </VegetationZoneParameters>
  </VegetationZone>
  <SubCatchment>
    <SubCatchmentParameters>
      <KSI>0.001</KSI>
      <KGmin>0.05</KGmin>
      <RangeKG>0.1</RangeKG>
      <AG>0.1</AG>
      <PERC>2.8963704271196939</PERC>
      <Alpha>0</Alpha>
      <UZL>151.70318180821138</UZL>
      <K0>0.05032136877630701</K0>
      <K1>0.045778000802250127</K1>
      <K2>0.022423573369774651</K2>
      <MAXBAS>1</MAXBAS>
      <Cet>0</Cet>
      <PCALT>10</PCALT>
      <TCALT>0.6</TCALT>
      <Pelev>3100</Pelev>
      <Telev>3100</Telev>
      <PART>0.5</PART>
      <DELAY>1</DELAY>
    </SubCatchmentParameters>
    <SubCatchmentVegetationZone>
      <SubCatchmentVegetationZoneParameters>
        <TT>-0.048033686077120115</TT>
        <CFMAX>2.4247399384163844</CFMAX>
        <SP>0</SP>
        <SFCF>1.4644777698301228</SFCF>
        <CFR>0.076144656464552582</CFR>
        <CWH>0.17561205790459222</CWH>
        <CFGlacier>1</CFGlacier>
        <CFSlope>1</CFSlope>
        <FC>772.65244150495948</FC>
        <LP>0.89319007771879233</LP>
        <BETA>3.2275256335606008</BETA>
      </SubCatchmentVegetationZoneParameters>
    </SubCatchmentVegetationZone>
  </SubCatchment>
</Catchment>