<?xml version="1.0" encoding="utf-8"?>
<Catchment xmlns:xsi="http://www.w3.org/2001/XMLSchema-instance" xmlns:xsd="http://www.w3.org/2001/XMLSchema">
  <CatchmentParameters>
    <KSI>0.001</KSI>
    <KGmin>0.05</KGmin>
    <RangeKG>0.1</RangeKG>
    <AG>0.1</AG>
    <PERC>2.7250203095771104</PERC>
    <Alpha>0</Alpha>
    <UZL>96.9933760240277</UZL>
    <K0>0.5976662048922079</K0>
    <K1>0.045657331409815254</K1>
    <K2>0.02424031684131343</K2>
    <MAXBAS>1</MAXBAS>
    <Cet>0</Cet>
    <PCALT>10</PCALT>
    <TCALT>0.6</TCALT>
    <Pelev>3100</Pelev>
    <Telev>3100</Telev>
    <PART>0.5</PART>
    <DELAY>1</DELAY>
  </CatchmentParameters>
  <VegetationZone>
    <VegetationZoneParameters>
      <TT>-0.29997741363437247</TT>
      <CFMAX>2.2141441187465509</CFMAX>
      <SP>0</SP>
      <SFCF>1.499999145870393</SFCF>
      <CFR>0.087410054709609927</CFR>
      <CWH>0.19999734302797287</CWH>
      <CFGlacier>1</CFGlacier>
      <CFSlope>1</CFSlope>
      <FC>681.44332133552109</FC>
      <LP>0.66900906716982533</LP>
      <BETA>2.060070484176264</BETA>
    </VegetationZoneParameters>
  </VegetationZone>
  <SubCatchment>
    <SubCatchmentParameters>
      <KSI>0.001</KSI>
      <KGmin>0.05</KGmin>
      <RangeKG>0.1</RangeKG>
      <AG>0.1</AG>
      <PERC>2.7250203095771104</PERC>
      <Alpha>0</Alpha>
      <UZL>96.9933760240277</UZL>
      <K0>0.5976662048922079</K0>
      <K1>0.045657331409815254</K1>
      <K2>0.02424031684131343</K2>
      <MAXBAS>1</MAXBAS>
      <Cet>0</Cet>
      <PCALT>10</PCALT>
      <TCALT>0.6</TCALT>
      <Pelev>3100</Pelev>
      <Telev>3100</Telev>
      <PART>0.5</PART>
      <DELAY>1</DELAY>
    </SubCatchmentParameters>
    <SubCatchmentVegetationZone>
      <SubCatchmentVegetationZoneParameters>
        <TT>-0.29997741363437247</TT>
        <CFMAX>2.2141441187465509</CFMAX>
        <SP>0</SP>
        <SFCF>1.499999145870393</SFCF>
        <CFR>0.087410054709609927</CFR>
        <CWH>0.19999734302797287</CWH>
        <CFGlacier>1</CFGlacier>
        <CFSlope>1</CFSlope>
        <FC>681.44332133552109</FC>
        <LP>0.66900906716982533</LP>
        <BETA>2.060070484176264</BETA>
      </SubCatchmentVegetationZoneParameters>
    </SubCatchmentVegetationZone>
  </SubCatchment>
</Catchment>