<?xml version="1.0" encoding="utf-8"?>
<Catchment xmlns:xsi="http://www.w3.org/2001/XMLSchema-instance" xmlns:xsd="http://www.w3.org/2001/XMLSchema">
  <CatchmentParameters>
    <KSI>0.001</KSI>
    <KGmin>0.05</KGmin>
    <RangeKG>0.1</RangeKG>
    <AG>0.1</AG>
    <PERC>3.2676199526599339</PERC>
    <Alpha>0</Alpha>
    <UZL>107.80577317634052</UZL>
    <K0>0.21397110409759876</K0>
    <K1>0.048064594385288373</K1>
    <K2>0.022989968421326935</K2>
    <MAXBAS>1</MAXBAS>
    <Cet>0</Cet>
    <PCALT>10</PCALT>
    <TCALT>0.6</TCALT>
    <Pelev>3100</Pelev>
    <Telev>3100</Telev>
    <PART>0.5</PART>
    <DELAY>1</DELAY>
  </CatchmentParameters>
  <VegetationZone>
    <VegetationZoneParameters>
      <TT>0.31326509177386369</TT>
      <CFMAX>2.3840473520473378</CFMAX>
      <SP>0</SP>
      <SFCF>1.2515737021427846</SFCF>
      <CFR>0.037488619891055355</CFR>
      <CWH>0.1999992196433851</CWH>
      <CFGlacier>1</CFGlacier>
      <CFSlope>1</CFSlope>
      <FC>633.72179506693476</FC>
      <LP>0.94860893613940289</LP>
      <BETA>3.0541741378451932</BETA>
    </VegetationZoneParameters>
  </VegetationZone>
  <SubCatchment>
    <SubCatchmentParameters>
      <KSI>0.001</KSI>
      <KGmin>0.05</KGmin>
      <RangeKG>0.1</RangeKG>
      <AG>0.1</AG>
      <PERC>3.2676199526599339</PERC>
      <Alpha>0</Alpha>
      <UZL>107.80577317634052</UZL>
      <K0>0.21397110409759876</K0>
      <K1>0.048064594385288373</K1>
      <K2>0.022989968421326935</K2>
      <MAXBAS>1</MAXBAS>
      <Cet>0</Cet>
      <PCALT>10</PCALT>
      <TCALT>0.6</TCALT>
      <Pelev>3100</Pelev>
      <Telev>3100</Telev>
      <PART>0.5</PART>
      <DELAY>1</DELAY>
    </SubCatchmentParameters>
    <SubCatchmentVegetationZone>
      <SubCatchmentVegetationZoneParameters>
        <TT>0.31326509177386369</TT>
        <CFMAX>2.3840473520473378</CFMAX>
        <SP>0</SP>
        <SFCF>1.2515737021427846</SFCF>
        <CFR>0.037488619891055355</CFR>
        <CWH>0.1999992196433851</CWH>
        <CFGlacier>1</CFGlacier>
        <CFSlope>1</CFSlope>
        <FC>633.72179506693476</FC>
        <LP>0.94860893613940289</LP>
        <BETA>3.0541741378451932</BETA>
      </SubCatchmentVegetationZoneParameters>
    </SubCatchmentVegetationZone>
  </SubCatchment>
</Catchment>