<?xml version="1.0" encoding="utf-8"?>
<Catchment xmlns:xsi="http://www.w3.org/2001/XMLSchema-instance" xmlns:xsd="http://www.w3.org/2001/XMLSchema">
  <CatchmentParameters>
    <KSI>0.001</KSI>
    <KGmin>0.05</KGmin>
    <RangeKG>0.1</RangeKG>
    <AG>0.1</AG>
    <PERC>3.8875030768561762</PERC>
    <Alpha>0</Alpha>
    <UZL>49.489868674320917</UZL>
    <K0>0.31070183526707262</K0>
    <K1>0.086283780730064111</K1>
    <K2>0.026571617371304111</K2>
    <MAXBAS>1</MAXBAS>
    <Cet>0</Cet>
    <PCALT>10</PCALT>
    <TCALT>0.6</TCALT>
    <Pelev>3100</Pelev>
    <Telev>3100</Telev>
    <PART>0.5</PART>
    <DELAY>1</DELAY>
  </CatchmentParameters>
  <VegetationZone>
    <VegetationZoneParameters>
      <TT>0.10000245233789554</TT>
      <CFMAX>1.5705636250735062</CFMAX>
      <SP>0</SP>
      <SFCF>1.2158276268464572</SFCF>
      <CFR>0.022425011040773202</CFR>
      <CWH>0.15601020089434473</CWH>
      <CFGlacier>1</CFGlacier>
      <CFSlope>1</CFSlope>
      <FC>639.83188493050363</FC>
      <LP>0.88472226244879792</LP>
      <BETA>2.5120579060588648</BETA>
    </VegetationZoneParameters>
  </VegetationZone>
  <SubCatchment>
    <SubCatchmentParameters>
      <KSI>0.001</KSI>
      <KGmin>0.05</KGmin>
      <RangeKG>0.1</RangeKG>
      <AG>0.1</AG>
      <PERC>3.8875030768561762</PERC>
      <Alpha>0</Alpha>
      <UZL>49.489868674320917</UZL>
      <K0>0.31070183526707262</K0>
      <K1>0.086283780730064111</K1>
      <K2>0.026571617371304111</K2>
      <MAXBAS>1</MAXBAS>
      <Cet>0</Cet>
      <PCALT>10</PCALT>
      <TCALT>0.6</TCALT>
      <Pelev>3100</Pelev>
      <Telev>3100</Telev>
      <PART>0.5</PART>
      <DELAY>1</DELAY>
    </SubCatchmentParameters>
    <SubCatchmentVegetationZone>
      <SubCatchmentVegetationZoneParameters>
        <TT>0.10000245233789554</TT>
        <CFMAX>1.5705636250735062</CFMAX>
        <SP>0</SP>
        <SFCF>1.2158276268464572</SFCF>
        <CFR>0.022425011040773202</CFR>
        <CWH>0.15601020089434473</CWH>
        <CFGlacier>1</CFGlacier>
        <CFSlope>1</CFSlope>
        <FC>639.83188493050363</FC>
        <LP>0.88472226244879792</LP>
        <BETA>2.5120579060588648</BETA>
      </SubCatchmentVegetationZoneParameters>
    </SubCatchmentVegetationZone>
  </SubCatchment>
</Catchment>