<?xml version="1.0" encoding="utf-8"?>
<Catchment xmlns:xsi="http://www.w3.org/2001/XMLSchema-instance" xmlns:xsd="http://www.w3.org/2001/XMLSchema">
  <CatchmentParameters>
    <KSI>0.001</KSI>
    <KGmin>0.05</KGmin>
    <RangeKG>0.1</RangeKG>
    <AG>0.1</AG>
    <PERC>2.2603061182248618</PERC>
    <Alpha>0</Alpha>
    <UZL>124.41630830477719</UZL>
    <K0>0.051929757230467846</K0>
    <K1>0.042099449402317357</K1>
    <K2>0.022547720541016829</K2>
    <MAXBAS>1</MAXBAS>
    <Cet>0</Cet>
    <PCALT>10</PCALT>
    <TCALT>0.6</TCALT>
    <Pelev>3100</Pelev>
    <Telev>3100</Telev>
    <PART>0.5</PART>
    <DELAY>1</DELAY>
  </CatchmentParameters>
  <VegetationZone>
    <VegetationZoneParameters>
      <TT>0.60000000007010945</TT>
      <CFMAX>3.0237976613167206</CFMAX>
      <SP>0</SP>
      <SFCF>1.3307146722593939</SFCF>
      <CFR>0.034603019430748581</CFR>
      <CWH>0.19567060651693435</CWH>
      <CFGlacier>1</CFGlacier>
      <CFSlope>1</CFSlope>
      <FC>799.10020831903421</FC>
      <LP>0.89621585929345682</LP>
      <BETA>2.9002299964434215</BETA>
    </VegetationZoneParameters>
  </VegetationZone>
  <SubCatchment>
    <SubCatchmentParameters>
      <KSI>0.001</KSI>
      <KGmin>0.05</KGmin>
      <RangeKG>0.1</RangeKG>
      <AG>0.1</AG>
      <PERC>2.2603061182248618</PERC>
      <Alpha>0</Alpha>
      <UZL>124.41630830477719</UZL>
      <K0>0.051929757230467846</K0>
      <K1>0.042099449402317357</K1>
      <K2>0.022547720541016829</K2>
      <MAXBAS>1</MAXBAS>
      <Cet>0</Cet>
      <PCALT>10</PCALT>
      <TCALT>0.6</TCALT>
      <Pelev>3100</Pelev>
      <Telev>3100</Telev>
      <PART>0.5</PART>
      <DELAY>1</DELAY>
    </SubCatchmentParameters>
    <SubCatchmentVegetationZone>
      <SubCatchmentVegetationZoneParameters>
        <TT>0.60000000007010945</TT>
        <CFMAX>3.0237976613167206</CFMAX>
        <SP>0</SP>
        <SFCF>1.3307146722593939</SFCF>
        <CFR>0.034603019430748581</CFR>
        <CWH>0.19567060651693435</CWH>
        <CFGlacier>1</CFGlacier>
        <CFSlope>1</CFSlope>
        <FC>799.10020831903421</FC>
        <LP>0.89621585929345682</LP>
        <BETA>2.9002299964434215</BETA>
      </SubCatchmentVegetationZoneParameters>
    </SubCatchmentVegetationZone>
  </SubCatchment>
</Catchment>