<?xml version="1.0" encoding="utf-8"?>
<Catchment xmlns:xsi="http://www.w3.org/2001/XMLSchema-instance" xmlns:xsd="http://www.w3.org/2001/XMLSchema">
  <CatchmentParameters>
    <KSI>0.001</KSI>
    <KGmin>0.05</KGmin>
    <RangeKG>0.1</RangeKG>
    <AG>0.1</AG>
    <PERC>3.547763262064481</PERC>
    <Alpha>0</Alpha>
    <UZL>187.37731513340768</UZL>
    <K0>0.586806974831239</K0>
    <K1>0.082184135894363561</K1>
    <K2>0.026388363939094106</K2>
    <MAXBAS>1</MAXBAS>
    <Cet>0</Cet>
    <PCALT>10</PCALT>
    <TCALT>0.6</TCALT>
    <Pelev>3100</Pelev>
    <Telev>3100</Telev>
    <PART>0.5</PART>
    <DELAY>1</DELAY>
  </CatchmentParameters>
  <VegetationZone>
    <VegetationZoneParameters>
      <TT>0.066668102234342816</TT>
      <CFMAX>1.7079895371520921</CFMAX>
      <SP>0</SP>
      <SFCF>1.390013784594164</SFCF>
      <CFR>0.0033846993197924422</CFR>
      <CWH>0.19999920063821186</CWH>
      <CFGlacier>1</CFGlacier>
      <CFSlope>1</CFSlope>
      <FC>738.21632385554938</FC>
      <LP>0.53881329103278541</LP>
      <BETA>1.4784684911262584</BETA>
    </VegetationZoneParameters>
  </VegetationZone>
  <SubCatchment>
    <SubCatchmentParameters>
      <KSI>0.001</KSI>
      <KGmin>0.05</KGmin>
      <RangeKG>0.1</RangeKG>
      <AG>0.1</AG>
      <PERC>3.547763262064481</PERC>
      <Alpha>0</Alpha>
      <UZL>187.37731513340768</UZL>
      <K0>0.586806974831239</K0>
      <K1>0.082184135894363561</K1>
      <K2>0.026388363939094106</K2>
      <MAXBAS>1</MAXBAS>
      <Cet>0</Cet>
      <PCALT>10</PCALT>
      <TCALT>0.6</TCALT>
      <Pelev>3100</Pelev>
      <Telev>3100</Telev>
      <PART>0.5</PART>
      <DELAY>1</DELAY>
    </SubCatchmentParameters>
    <SubCatchmentVegetationZone>
      <SubCatchmentVegetationZoneParameters>
        <TT>0.066668102234342816</TT>
        <CFMAX>1.7079895371520921</CFMAX>
        <SP>0</SP>
        <SFCF>1.390013784594164</SFCF>
        <CFR>0.0033846993197924422</CFR>
        <CWH>0.19999920063821186</CWH>
        <CFGlacier>1</CFGlacier>
        <CFSlope>1</CFSlope>
        <FC>738.21632385554938</FC>
        <LP>0.53881329103278541</LP>
        <BETA>1.4784684911262584</BETA>
      </SubCatchmentVegetationZoneParameters>
    </SubCatchmentVegetationZone>
  </SubCatchment>
</Catchment>