<?xml version="1.0" encoding="utf-8"?>
<Catchment xmlns:xsi="http://www.w3.org/2001/XMLSchema-instance" xmlns:xsd="http://www.w3.org/2001/XMLSchema">
  <CatchmentParameters>
    <KSI>0.001</KSI>
    <KGmin>0.05</KGmin>
    <RangeKG>0.1</RangeKG>
    <AG>0.1</AG>
    <PERC>4.2324212733415933</PERC>
    <Alpha>0</Alpha>
    <UZL>74.967273621418826</UZL>
    <K0>0.34712405935385177</K0>
    <K1>0.12773558855489639</K1>
    <K2>0.02420220404002036</K2>
    <MAXBAS>1</MAXBAS>
    <Cet>0</Cet>
    <PCALT>10</PCALT>
    <TCALT>0.6</TCALT>
    <Pelev>3100</Pelev>
    <Telev>3100</Telev>
    <PART>0.5</PART>
    <DELAY>1</DELAY>
  </CatchmentParameters>
  <VegetationZone>
    <VegetationZoneParameters>
      <TT>-0.2634812691483398</TT>
      <CFMAX>1.235357251016669</CFMAX>
      <SP>0</SP>
      <SFCF>1.1653146578747975</SFCF>
      <CFR>0.016812715262185387</CFR>
      <CWH>0.14319819883875368</CWH>
      <CFGlacier>1</CFGlacier>
      <CFSlope>1</CFSlope>
      <FC>482.7347058219604</FC>
      <LP>0.80091912096778217</LP>
      <BETA>2.1048298164765074</BETA>
    </VegetationZoneParameters>
  </VegetationZone>
  <SubCatchment>
    <SubCatchmentParameters>
      <KSI>0.001</KSI>
      <KGmin>0.05</KGmin>
      <RangeKG>0.1</RangeKG>
      <AG>0.1</AG>
      <PERC>4.2324212733415933</PERC>
      <Alpha>0</Alpha>
      <UZL>74.967273621418826</UZL>
      <K0>0.34712405935385177</K0>
      <K1>0.12773558855489639</K1>
      <K2>0.02420220404002036</K2>
      <MAXBAS>1</MAXBAS>
      <Cet>0</Cet>
      <PCALT>10</PCALT>
      <TCALT>0.6</TCALT>
      <Pelev>3100</Pelev>
      <Telev>3100</Telev>
      <PART>0.5</PART>
      <DELAY>1</DELAY>
    </SubCatchmentParameters>
    <SubCatchmentVegetationZone>
      <SubCatchmentVegetationZoneParameters>
        <TT>-0.2634812691483398</TT>
        <CFMAX>1.235357251016669</CFMAX>
        <SP>0</SP>
        <SFCF>1.1653146578747975</SFCF>
        <CFR>0.016812715262185387</CFR>
        <CWH>0.14319819883875368</CWH>
        <CFGlacier>1</CFGlacier>
        <CFSlope>1</CFSlope>
        <FC>482.7347058219604</FC>
        <LP>0.80091912096778217</LP>
        <BETA>2.1048298164765074</BETA>
      </SubCatchmentVegetationZoneParameters>
    </SubCatchmentVegetationZone>
  </SubCatchment>
</Catchment>