<?xml version="1.0" encoding="utf-8"?>
<Catchment xmlns:xsi="http://www.w3.org/2001/XMLSchema-instance" xmlns:xsd="http://www.w3.org/2001/XMLSchema">
  <CatchmentParameters>
    <KSI>0.001</KSI>
    <KGmin>0.05</KGmin>
    <RangeKG>0.1</RangeKG>
    <AG>0.1</AG>
    <PERC>5.9998959576698123</PERC>
    <Alpha>0</Alpha>
    <UZL>111.56165887345924</UZL>
    <K0>0.05000000330483597</K0>
    <K1>0.13874790266777082</K1>
    <K2>0.027991638146803503</K2>
    <MAXBAS>1</MAXBAS>
    <Cet>0</Cet>
    <PCALT>10</PCALT>
    <TCALT>0.6</TCALT>
    <Pelev>3100</Pelev>
    <Telev>3100</Telev>
    <PART>0.5</PART>
    <DELAY>1</DELAY>
  </CatchmentParameters>
  <VegetationZone>
    <VegetationZoneParameters>
      <TT>0.19999224117159253</TT>
      <CFMAX>2.0308978385901764</CFMAX>
      <SP>0</SP>
      <SFCF>1.3731103195440215</SFCF>
      <CFR>0.0571821088686996</CFR>
      <CWH>0.11540228170360695</CWH>
      <CFGlacier>1</CFGlacier>
      <CFSlope>1</CFSlope>
      <FC>901.6185686355393</FC>
      <LP>0.88142158900573786</LP>
      <BETA>3.0174534141942542</BETA>
    </VegetationZoneParameters>
  </VegetationZone>
  <SubCatchment>
    <SubCatchmentParameters>
      <KSI>0.001</KSI>
      <KGmin>0.05</KGmin>
      <RangeKG>0.1</RangeKG>
      <AG>0.1</AG>
      <PERC>5.9998959576698123</PERC>
      <Alpha>0</Alpha>
      <UZL>111.56165887345924</UZL>
      <K0>0.05000000330483597</K0>
      <K1>0.13874790266777082</K1>
      <K2>0.027991638146803503</K2>
      <MAXBAS>1</MAXBAS>
      <Cet>0</Cet>
      <PCALT>10</PCALT>
      <TCALT>0.6</TCALT>
      <Pelev>3100</Pelev>
      <Telev>3100</Telev>
      <PART>0.5</PART>
      <DELAY>1</DELAY>
    </SubCatchmentParameters>
    <SubCatchmentVegetationZone>
      <SubCatchmentVegetationZoneParameters>
        <TT>0.19999224117159253</TT>
        <CFMAX>2.0308978385901764</CFMAX>
        <SP>0</SP>
        <SFCF>1.3731103195440215</SFCF>
        <CFR>0.0571821088686996</CFR>
        <CWH>0.11540228170360695</CWH>
        <CFGlacier>1</CFGlacier>
        <CFSlope>1</CFSlope>
        <FC>901.6185686355393</FC>
        <LP>0.88142158900573786</LP>
        <BETA>3.0174534141942542</BETA>
      </SubCatchmentVegetationZoneParameters>
    </SubCatchmentVegetationZone>
  </SubCatchment>
</Catchment>