<?xml version="1.0" encoding="utf-8"?>
<Catchment xmlns:xsi="http://www.w3.org/2001/XMLSchema-instance" xmlns:xsd="http://www.w3.org/2001/XMLSchema">
  <CatchmentParameters>
    <KSI>0.001</KSI>
    <KGmin>0.05</KGmin>
    <RangeKG>0.1</RangeKG>
    <AG>0.1</AG>
    <PERC>1.8948049770437629</PERC>
    <Alpha>0</Alpha>
    <UZL>104.330895521255</UZL>
    <K0>0.19191409729835185</K0>
    <K1>0.040854762109403919</K1>
    <K2>0.02002374693173491</K2>
    <MAXBAS>1</MAXBAS>
    <Cet>0</Cet>
    <PCALT>10</PCALT>
    <TCALT>0.6</TCALT>
    <Pelev>3100</Pelev>
    <Telev>3100</Telev>
    <PART>0.5</PART>
    <DELAY>1</DELAY>
  </CatchmentParameters>
  <VegetationZone>
    <VegetationZoneParameters>
      <TT>-0.068311571052834641</TT>
      <CFMAX>2.2558653928117645</CFMAX>
      <SP>0</SP>
      <SFCF>1.4737640174154159</SFCF>
      <CFR>0.050780275829083066</CFR>
      <CWH>0.17953533440272135</CWH>
      <CFGlacier>1</CFGlacier>
      <CFSlope>1</CFSlope>
      <FC>748.44835638828647</FC>
      <LP>0.86357598069645591</LP>
      <BETA>3.1052729175745046</BETA>
    </VegetationZoneParameters>
  </VegetationZone>
  <SubCatchment>
    <SubCatchmentParameters>
      <KSI>0.001</KSI>
      <KGmin>0.05</KGmin>
      <RangeKG>0.1</RangeKG>
      <AG>0.1</AG>
      <PERC>1.8948049770437629</PERC>
      <Alpha>0</Alpha>
      <UZL>104.330895521255</UZL>
      <K0>0.19191409729835185</K0>
      <K1>0.040854762109403919</K1>
      <K2>0.02002374693173491</K2>
      <MAXBAS>1</MAXBAS>
      <Cet>0</Cet>
      <PCALT>10</PCALT>
      <TCALT>0.6</TCALT>
      <Pelev>3100</Pelev>
      <Telev>3100</Telev>
      <PART>0.5</PART>
      <DELAY>1</DELAY>
    </SubCatchmentParameters>
    <SubCatchmentVegetationZone>
      <SubCatchmentVegetationZoneParameters>
        <TT>-0.068311571052834641</TT>
        <CFMAX>2.2558653928117645</CFMAX>
        <SP>0</SP>
        <SFCF>1.4737640174154159</SFCF>
        <CFR>0.050780275829083066</CFR>
        <CWH>0.17953533440272135</CWH>
        <CFGlacier>1</CFGlacier>
        <CFSlope>1</CFSlope>
        <FC>748.44835638828647</FC>
        <LP>0.86357598069645591</LP>
        <BETA>3.1052729175745046</BETA>
      </SubCatchmentVegetationZoneParameters>
    </SubCatchmentVegetationZone>
  </SubCatchment>
</Catchment>