<?xml version="1.0" encoding="utf-8"?>
<Catchment xmlns:xsi="http://www.w3.org/2001/XMLSchema-instance" xmlns:xsd="http://www.w3.org/2001/XMLSchema">
  <CatchmentParameters>
    <KSI>0.001</KSI>
    <KGmin>0.05</KGmin>
    <RangeKG>0.1</RangeKG>
    <AG>0.1</AG>
    <PERC>3.258119598489186</PERC>
    <Alpha>0</Alpha>
    <UZL>155.46855801952987</UZL>
    <K0>0.50106771689559781</K0>
    <K1>0.049236534826435086</K1>
    <K2>0.023469307315295073</K2>
    <MAXBAS>1</MAXBAS>
    <Cet>0</Cet>
    <PCALT>10</PCALT>
    <TCALT>0.6</TCALT>
    <Pelev>3100</Pelev>
    <Telev>3100</Telev>
    <PART>0.5</PART>
    <DELAY>1</DELAY>
  </CatchmentParameters>
  <VegetationZone>
    <VegetationZoneParameters>
      <TT>0.60000003259913826</TT>
      <CFMAX>2.9480813522540683</CFMAX>
      <SP>0</SP>
      <SFCF>1.2925385875755058</SFCF>
      <CFR>0.047686912220781787</CFR>
      <CWH>0.18199175022678821</CWH>
      <CFGlacier>1</CFGlacier>
      <CFSlope>1</CFSlope>
      <FC>633.13650363799536</FC>
      <LP>0.65832502775775859</LP>
      <BETA>1.7890736685694615</BETA>
    </VegetationZoneParameters>
  </VegetationZone>
  <SubCatchment>
    <SubCatchmentParameters>
      <KSI>0.001</KSI>
      <KGmin>0.05</KGmin>
      <RangeKG>0.1</RangeKG>
      <AG>0.1</AG>
      <PERC>3.258119598489186</PERC>
      <Alpha>0</Alpha>
      <UZL>155.46855801952987</UZL>
      <K0>0.50106771689559781</K0>
      <K1>0.049236534826435086</K1>
      <K2>0.023469307315295073</K2>
      <MAXBAS>1</MAXBAS>
      <Cet>0</Cet>
      <PCALT>10</PCALT>
      <TCALT>0.6</TCALT>
      <Pelev>3100</Pelev>
      <Telev>3100</Telev>
      <PART>0.5</PART>
      <DELAY>1</DELAY>
    </SubCatchmentParameters>
    <SubCatchmentVegetationZone>
      <SubCatchmentVegetationZoneParameters>
        <TT>0.60000003259913826</TT>
        <CFMAX>2.9480813522540683</CFMAX>
        <SP>0</SP>
        <SFCF>1.2925385875755058</SFCF>
        <CFR>0.047686912220781787</CFR>
        <CWH>0.18199175022678821</CWH>
        <CFGlacier>1</CFGlacier>
        <CFSlope>1</CFSlope>
        <FC>633.13650363799536</FC>
        <LP>0.65832502775775859</LP>
        <BETA>1.7890736685694615</BETA>
      </SubCatchmentVegetationZoneParameters>
    </SubCatchmentVegetationZone>
  </SubCatchment>
</Catchment>