<?xml version="1.0" encoding="utf-8"?>
<Catchment xmlns:xsi="http://www.w3.org/2001/XMLSchema-instance" xmlns:xsd="http://www.w3.org/2001/XMLSchema">
  <CatchmentParameters>
    <KSI>0.001</KSI>
    <KGmin>0.05</KGmin>
    <RangeKG>0.1</RangeKG>
    <AG>0.1</AG>
    <PERC>2.978441468927751</PERC>
    <Alpha>0</Alpha>
    <UZL>113.18687492595542</UZL>
    <K0>0.50783886820047863</K0>
    <K1>0.04040184486328377</K1>
    <K2>0.021409505830366493</K2>
    <MAXBAS>1</MAXBAS>
    <Cet>0</Cet>
    <PCALT>10</PCALT>
    <TCALT>0.6</TCALT>
    <Pelev>3100</Pelev>
    <Telev>3100</Telev>
    <PART>0.5</PART>
    <DELAY>1</DELAY>
  </CatchmentParameters>
  <VegetationZone>
    <VegetationZoneParameters>
      <TT>0.63090685175722361</TT>
      <CFMAX>3.2204148138275186</CFMAX>
      <SP>0</SP>
      <SFCF>1.2555510376830246</SFCF>
      <CFR>0.047739508992409377</CFR>
      <CWH>0.16205779573366219</CWH>
      <CFGlacier>1</CFGlacier>
      <CFSlope>1</CFSlope>
      <FC>574.89994008394058</FC>
      <LP>0.873721381488629</LP>
      <BETA>2.6405686299493016</BETA>
    </VegetationZoneParameters>
  </VegetationZone>
  <SubCatchment>
    <SubCatchmentParameters>
      <KSI>0.001</KSI>
      <KGmin>0.05</KGmin>
      <RangeKG>0.1</RangeKG>
      <AG>0.1</AG>
      <PERC>2.978441468927751</PERC>
      <Alpha>0</Alpha>
      <UZL>113.18687492595542</UZL>
      <K0>0.50783886820047863</K0>
      <K1>0.04040184486328377</K1>
      <K2>0.021409505830366493</K2>
      <MAXBAS>1</MAXBAS>
      <Cet>0</Cet>
      <PCALT>10</PCALT>
      <TCALT>0.6</TCALT>
      <Pelev>3100</Pelev>
      <Telev>3100</Telev>
      <PART>0.5</PART>
      <DELAY>1</DELAY>
    </SubCatchmentParameters>
    <SubCatchmentVegetationZone>
      <SubCatchmentVegetationZoneParameters>
        <TT>0.63090685175722361</TT>
        <CFMAX>3.2204148138275186</CFMAX>
        <SP>0</SP>
        <SFCF>1.2555510376830246</SFCF>
        <CFR>0.047739508992409377</CFR>
        <CWH>0.16205779573366219</CWH>
        <CFGlacier>1</CFGlacier>
        <CFSlope>1</CFSlope>
        <FC>574.89994008394058</FC>
        <LP>0.873721381488629</LP>
        <BETA>2.6405686299493016</BETA>
      </SubCatchmentVegetationZoneParameters>
    </SubCatchmentVegetationZone>
  </SubCatchment>
</Catchment>