<?xml version="1.0" encoding="utf-8"?>
<Catchment xmlns:xsi="http://www.w3.org/2001/XMLSchema-instance" xmlns:xsd="http://www.w3.org/2001/XMLSchema">
  <CatchmentParameters>
    <KSI>0.001</KSI>
    <KGmin>0.05</KGmin>
    <RangeKG>0.1</RangeKG>
    <AG>0.1</AG>
    <PERC>3.0880394626744074</PERC>
    <Alpha>0</Alpha>
    <UZL>170.60698007279206</UZL>
    <K0>0.46909795020977679</K0>
    <K1>0.053783222693375834</K1>
    <K2>0.02556606487231711</K2>
    <MAXBAS>1</MAXBAS>
    <Cet>0</Cet>
    <PCALT>10</PCALT>
    <TCALT>0.6</TCALT>
    <Pelev>3100</Pelev>
    <Telev>3100</Telev>
    <PART>0.5</PART>
    <DELAY>1</DELAY>
  </CatchmentParameters>
  <VegetationZone>
    <VegetationZoneParameters>
      <TT>0.61319507267257556</TT>
      <CFMAX>2.58361001608602</CFMAX>
      <SP>0</SP>
      <SFCF>1.2132572491252045</SFCF>
      <CFR>0.016028348359151783</CFR>
      <CWH>0.19999977165202057</CWH>
      <CFGlacier>1</CFGlacier>
      <CFSlope>1</CFSlope>
      <FC>706.88694254765358</FC>
      <LP>0.96215279783548</LP>
      <BETA>2.9122494489177306</BETA>
    </VegetationZoneParameters>
  </VegetationZone>
  <SubCatchment>
    <SubCatchmentParameters>
      <KSI>0.001</KSI>
      <KGmin>0.05</KGmin>
      <RangeKG>0.1</RangeKG>
      <AG>0.1</AG>
      <PERC>3.0880394626744074</PERC>
      <Alpha>0</Alpha>
      <UZL>170.60698007279206</UZL>
      <K0>0.46909795020977679</K0>
      <K1>0.053783222693375834</K1>
      <K2>0.02556606487231711</K2>
      <MAXBAS>1</MAXBAS>
      <Cet>0</Cet>
      <PCALT>10</PCALT>
      <TCALT>0.6</TCALT>
      <Pelev>3100</Pelev>
      <Telev>3100</Telev>
      <PART>0.5</PART>
      <DELAY>1</DELAY>
    </SubCatchmentParameters>
    <SubCatchmentVegetationZone>
      <SubCatchmentVegetationZoneParameters>
        <TT>0.61319507267257556</TT>
        <CFMAX>2.58361001608602</CFMAX>
        <SP>0</SP>
        <SFCF>1.2132572491252045</SFCF>
        <CFR>0.016028348359151783</CFR>
        <CWH>0.19999977165202057</CWH>
        <CFGlacier>1</CFGlacier>
        <CFSlope>1</CFSlope>
        <FC>706.88694254765358</FC>
        <LP>0.96215279783548</LP>
        <BETA>2.9122494489177306</BETA>
      </SubCatchmentVegetationZoneParameters>
    </SubCatchmentVegetationZone>
  </SubCatchment>
</Catchment>