<?xml version="1.0" encoding="utf-8"?>
<Catchment xmlns:xsi="http://www.w3.org/2001/XMLSchema-instance" xmlns:xsd="http://www.w3.org/2001/XMLSchema">
  <CatchmentParameters>
    <KSI>0.001</KSI>
    <KGmin>0.05</KGmin>
    <RangeKG>0.1</RangeKG>
    <AG>0.1</AG>
    <PERC>3.0252664960719029</PERC>
    <Alpha>0</Alpha>
    <UZL>104.03299617912147</UZL>
    <K0>0.050058735725517542</K0>
    <K1>0.046651202124538479</K1>
    <K2>0.02391625477097109</K2>
    <MAXBAS>1</MAXBAS>
    <Cet>0</Cet>
    <PCALT>10</PCALT>
    <TCALT>0.6</TCALT>
    <Pelev>3100</Pelev>
    <Telev>3100</Telev>
    <PART>0.5</PART>
    <DELAY>1</DELAY>
  </CatchmentParameters>
  <VegetationZone>
    <VegetationZoneParameters>
      <TT>0.63899301648708806</TT>
      <CFMAX>3.0664868074761498</CFMAX>
      <SP>0</SP>
      <SFCF>1.3127026109000954</SFCF>
      <CFR>0.041196602200678556</CFR>
      <CWH>0.14865712746973228</CWH>
      <CFGlacier>1</CFGlacier>
      <CFSlope>1</CFSlope>
      <FC>672.069623523751</FC>
      <LP>0.67486766353858763</LP>
      <BETA>1.8017326565450922</BETA>
    </VegetationZoneParameters>
  </VegetationZone>
  <SubCatchment>
    <SubCatchmentParameters>
      <KSI>0.001</KSI>
      <KGmin>0.05</KGmin>
      <RangeKG>0.1</RangeKG>
      <AG>0.1</AG>
      <PERC>3.0252664960719029</PERC>
      <Alpha>0</Alpha>
      <UZL>104.03299617912147</UZL>
      <K0>0.050058735725517542</K0>
      <K1>0.046651202124538479</K1>
      <K2>0.02391625477097109</K2>
      <MAXBAS>1</MAXBAS>
      <Cet>0</Cet>
      <PCALT>10</PCALT>
      <TCALT>0.6</TCALT>
      <Pelev>3100</Pelev>
      <Telev>3100</Telev>
      <PART>0.5</PART>
      <DELAY>1</DELAY>
    </SubCatchmentParameters>
    <SubCatchmentVegetationZone>
      <SubCatchmentVegetationZoneParameters>
        <TT>0.63899301648708806</TT>
        <CFMAX>3.0664868074761498</CFMAX>
        <SP>0</SP>
        <SFCF>1.3127026109000954</SFCF>
        <CFR>0.041196602200678556</CFR>
        <CWH>0.14865712746973228</CWH>
        <CFGlacier>1</CFGlacier>
        <CFSlope>1</CFSlope>
        <FC>672.069623523751</FC>
        <LP>0.67486766353858763</LP>
        <BETA>1.8017326565450922</BETA>
      </SubCatchmentVegetationZoneParameters>
    </SubCatchmentVegetationZone>
  </SubCatchment>
</Catchment>