<?xml version="1.0" encoding="utf-8"?>
<Catchment xmlns:xsi="http://www.w3.org/2001/XMLSchema-instance" xmlns:xsd="http://www.w3.org/2001/XMLSchema">
  <CatchmentParameters>
    <KSI>0.001</KSI>
    <KGmin>0.05</KGmin>
    <RangeKG>0.1</RangeKG>
    <AG>0.1</AG>
    <PERC>2.1851468901090829</PERC>
    <Alpha>0</Alpha>
    <UZL>80.526273754516168</UZL>
    <K0>0.055187062189210483</K0>
    <K1>0.041939323535508638</K1>
    <K2>0.022020544351077056</K2>
    <MAXBAS>1</MAXBAS>
    <Cet>0</Cet>
    <PCALT>10</PCALT>
    <TCALT>0.6</TCALT>
    <Pelev>3100</Pelev>
    <Telev>3100</Telev>
    <PART>0.5</PART>
    <DELAY>1</DELAY>
  </CatchmentParameters>
  <VegetationZone>
    <VegetationZoneParameters>
      <TT>2.3112588198731893E-09</TT>
      <CFMAX>1.9226740041263426</CFMAX>
      <SP>0</SP>
      <SFCF>1.2398234453580004</SFCF>
      <CFR>0.033944891940298913</CFR>
      <CWH>0.16468025565937364</CWH>
      <CFGlacier>1</CFGlacier>
      <CFSlope>1</CFSlope>
      <FC>485.6781099170102</FC>
      <LP>0.81125110099448106</LP>
      <BETA>2.3290380952274665</BETA>
    </VegetationZoneParameters>
  </VegetationZone>
  <SubCatchment>
    <SubCatchmentParameters>
      <KSI>0.001</KSI>
      <KGmin>0.05</KGmin>
      <RangeKG>0.1</RangeKG>
      <AG>0.1</AG>
      <PERC>2.1851468901090829</PERC>
      <Alpha>0</Alpha>
      <UZL>80.526273754516168</UZL>
      <K0>0.055187062189210483</K0>
      <K1>0.041939323535508638</K1>
      <K2>0.022020544351077056</K2>
      <MAXBAS>1</MAXBAS>
      <Cet>0</Cet>
      <PCALT>10</PCALT>
      <TCALT>0.6</TCALT>
      <Pelev>3100</Pelev>
      <Telev>3100</Telev>
      <PART>0.5</PART>
      <DELAY>1</DELAY>
    </SubCatchmentParameters>
    <SubCatchmentVegetationZone>
      <SubCatchmentVegetationZoneParameters>
        <TT>2.3112588198731893E-09</TT>
        <CFMAX>1.9226740041263426</CFMAX>
        <SP>0</SP>
        <SFCF>1.2398234453580004</SFCF>
        <CFR>0.033944891940298913</CFR>
        <CWH>0.16468025565937364</CWH>
        <CFGlacier>1</CFGlacier>
        <CFSlope>1</CFSlope>
        <FC>485.6781099170102</FC>
        <LP>0.81125110099448106</LP>
        <BETA>2.3290380952274665</BETA>
      </SubCatchmentVegetationZoneParameters>
    </SubCatchmentVegetationZone>
  </SubCatchment>
</Catchment>