<?xml version="1.0" encoding="utf-8"?>
<Catchment xmlns:xsi="http://www.w3.org/2001/XMLSchema-instance" xmlns:xsd="http://www.w3.org/2001/XMLSchema">
  <CatchmentParameters>
    <KSI>0.001</KSI>
    <KGmin>0.05</KGmin>
    <RangeKG>0.1</RangeKG>
    <AG>0.1</AG>
    <PERC>1.3323441496616382</PERC>
    <Alpha>0</Alpha>
    <UZL>139.65886515694072</UZL>
    <K0>0.42581787997643167</K0>
    <K1>0.0377606425299008</K1>
    <K2>0.018539469226145869</K2>
    <MAXBAS>1</MAXBAS>
    <Cet>0</Cet>
    <PCALT>10</PCALT>
    <TCALT>0.6</TCALT>
    <Pelev>3100</Pelev>
    <Telev>3100</Telev>
    <PART>0.5</PART>
    <DELAY>1</DELAY>
  </CatchmentParameters>
  <VegetationZone>
    <VegetationZoneParameters>
      <TT>1.3396667570850165</TT>
      <CFMAX>4.2463631214160005</CFMAX>
      <SP>0</SP>
      <SFCF>1.2518948676576784</SFCF>
      <CFR>0.024389743064945166</CFR>
      <CWH>0.18165456005944156</CWH>
      <CFGlacier>1</CFGlacier>
      <CFSlope>1</CFSlope>
      <FC>646.64754706788051</FC>
      <LP>0.7973197952702189</LP>
      <BETA>2.2984690483601278</BETA>
    </VegetationZoneParameters>
  </VegetationZone>
  <SubCatchment>
    <SubCatchmentParameters>
      <KSI>0.001</KSI>
      <KGmin>0.05</KGmin>
      <RangeKG>0.1</RangeKG>
      <AG>0.1</AG>
      <PERC>1.3323441496616382</PERC>
      <Alpha>0</Alpha>
      <UZL>139.65886515694072</UZL>
      <K0>0.42581787997643167</K0>
      <K1>0.0377606425299008</K1>
      <K2>0.018539469226145869</K2>
      <MAXBAS>1</MAXBAS>
      <Cet>0</Cet>
      <PCALT>10</PCALT>
      <TCALT>0.6</TCALT>
      <Pelev>3100</Pelev>
      <Telev>3100</Telev>
      <PART>0.5</PART>
      <DELAY>1</DELAY>
    </SubCatchmentParameters>
    <SubCatchmentVegetationZone>
      <SubCatchmentVegetationZoneParameters>
        <TT>1.3396667570850165</TT>
        <CFMAX>4.2463631214160005</CFMAX>
        <SP>0</SP>
        <SFCF>1.2518948676576784</SFCF>
        <CFR>0.024389743064945166</CFR>
        <CWH>0.18165456005944156</CWH>
        <CFGlacier>1</CFGlacier>
        <CFSlope>1</CFSlope>
        <FC>646.64754706788051</FC>
        <LP>0.7973197952702189</LP>
        <BETA>2.2984690483601278</BETA>
      </SubCatchmentVegetationZoneParameters>
    </SubCatchmentVegetationZone>
  </SubCatchment>
</Catchment>