<?xml version="1.0" encoding="utf-8"?>
<Catchment xmlns:xsi="http://www.w3.org/2001/XMLSchema-instance" xmlns:xsd="http://www.w3.org/2001/XMLSchema">
  <CatchmentParameters>
    <KSI>0.001</KSI>
    <KGmin>0.05</KGmin>
    <RangeKG>0.1</RangeKG>
    <AG>0.1</AG>
    <PERC>4.0791436490579951</PERC>
    <Alpha>0</Alpha>
    <UZL>133.22763422702215</UZL>
    <K0>0.22244873950931815</K0>
    <K1>0.058902851468239252</K1>
    <K2>0.023994977496858652</K2>
    <MAXBAS>1</MAXBAS>
    <Cet>0</Cet>
    <PCALT>10</PCALT>
    <TCALT>0.6</TCALT>
    <Pelev>3100</Pelev>
    <Telev>3100</Telev>
    <PART>0.5</PART>
    <DELAY>1</DELAY>
  </CatchmentParameters>
  <VegetationZone>
    <VegetationZoneParameters>
      <TT>-0.6623674993984352</TT>
      <CFMAX>1.672363946302265</CFMAX>
      <SP>0</SP>
      <SFCF>1.4305828690507676</SFCF>
      <CFR>0.047728173232650078</CFR>
      <CWH>0.19998159508559524</CWH>
      <CFGlacier>1</CFGlacier>
      <CFSlope>1</CFSlope>
      <FC>694.31228294212713</FC>
      <LP>0.86826658783630828</LP>
      <BETA>2.7524613888169278</BETA>
    </VegetationZoneParameters>
  </VegetationZone>
  <SubCatchment>
    <SubCatchmentParameters>
      <KSI>0.001</KSI>
      <KGmin>0.05</KGmin>
      <RangeKG>0.1</RangeKG>
      <AG>0.1</AG>
      <PERC>4.0791436490579951</PERC>
      <Alpha>0</Alpha>
      <UZL>133.22763422702215</UZL>
      <K0>0.22244873950931815</K0>
      <K1>0.058902851468239252</K1>
      <K2>0.023994977496858652</K2>
      <MAXBAS>1</MAXBAS>
      <Cet>0</Cet>
      <PCALT>10</PCALT>
      <TCALT>0.6</TCALT>
      <Pelev>3100</Pelev>
      <Telev>3100</Telev>
      <PART>0.5</PART>
      <DELAY>1</DELAY>
    </SubCatchmentParameters>
    <SubCatchmentVegetationZone>
      <SubCatchmentVegetationZoneParameters>
        <TT>-0.6623674993984352</TT>
        <CFMAX>1.672363946302265</CFMAX>
        <SP>0</SP>
        <SFCF>1.4305828690507676</SFCF>
        <CFR>0.047728173232650078</CFR>
        <CWH>0.19998159508559524</CWH>
        <CFGlacier>1</CFGlacier>
        <CFSlope>1</CFSlope>
        <FC>694.31228294212713</FC>
        <LP>0.86826658783630828</LP>
        <BETA>2.7524613888169278</BETA>
      </SubCatchmentVegetationZoneParameters>
    </SubCatchmentVegetationZone>
  </SubCatchment>
</Catchment>