<?xml version="1.0" encoding="utf-8"?>
<Catchment xmlns:xsi="http://www.w3.org/2001/XMLSchema-instance" xmlns:xsd="http://www.w3.org/2001/XMLSchema">
  <CatchmentParameters>
    <KSI>0.001</KSI>
    <KGmin>0.05</KGmin>
    <RangeKG>0.1</RangeKG>
    <AG>0.1</AG>
    <PERC>1.1135662706281375</PERC>
    <Alpha>0</Alpha>
    <UZL>148.8409696846845</UZL>
    <K0>0.35145231309589214</K0>
    <K1>0.035480558650855851</K1>
    <K2>0.013477109521329966</K2>
    <MAXBAS>1</MAXBAS>
    <Cet>0</Cet>
    <PCALT>10</PCALT>
    <TCALT>0.6</TCALT>
    <Pelev>3100</Pelev>
    <Telev>3100</Telev>
    <PART>0.5</PART>
    <DELAY>1</DELAY>
  </CatchmentParameters>
  <VegetationZone>
    <VegetationZoneParameters>
      <TT>-1.1999985783636398</TT>
      <CFMAX>1.1079829814918869</CFMAX>
      <SP>0</SP>
      <SFCF>1.2821968668260719</SFCF>
      <CFR>0.020812258483548018</CFR>
      <CWH>0.19999999998668949</CWH>
      <CFGlacier>1</CFGlacier>
      <CFSlope>1</CFSlope>
      <FC>370.29540226461415</FC>
      <LP>0.79254759145174025</LP>
      <BETA>2.3946750442084666</BETA>
    </VegetationZoneParameters>
  </VegetationZone>
  <SubCatchment>
    <SubCatchmentParameters>
      <KSI>0.001</KSI>
      <KGmin>0.05</KGmin>
      <RangeKG>0.1</RangeKG>
      <AG>0.1</AG>
      <PERC>1.1135662706281375</PERC>
      <Alpha>0</Alpha>
      <UZL>148.8409696846845</UZL>
      <K0>0.35145231309589214</K0>
      <K1>0.035480558650855851</K1>
      <K2>0.013477109521329966</K2>
      <MAXBAS>1</MAXBAS>
      <Cet>0</Cet>
      <PCALT>10</PCALT>
      <TCALT>0.6</TCALT>
      <Pelev>3100</Pelev>
      <Telev>3100</Telev>
      <PART>0.5</PART>
      <DELAY>1</DELAY>
    </SubCatchmentParameters>
    <SubCatchmentVegetationZone>
      <SubCatchmentVegetationZoneParameters>
        <TT>-1.1999985783636398</TT>
        <CFMAX>1.1079829814918869</CFMAX>
        <SP>0</SP>
        <SFCF>1.2821968668260719</SFCF>
        <CFR>0.020812258483548018</CFR>
        <CWH>0.19999999998668949</CWH>
        <CFGlacier>1</CFGlacier>
        <CFSlope>1</CFSlope>
        <FC>370.29540226461415</FC>
        <LP>0.79254759145174025</LP>
        <BETA>2.3946750442084666</BETA>
      </SubCatchmentVegetationZoneParameters>
    </SubCatchmentVegetationZone>
  </SubCatchment>
</Catchment>