<?xml version="1.0" encoding="utf-8"?>
<Catchment xmlns:xsi="http://www.w3.org/2001/XMLSchema-instance" xmlns:xsd="http://www.w3.org/2001/XMLSchema">
  <CatchmentParameters>
    <KSI>0.001</KSI>
    <KGmin>0.05</KGmin>
    <RangeKG>0.1</RangeKG>
    <AG>0.1</AG>
    <PERC>6.3089539641270553</PERC>
    <Alpha>0</Alpha>
    <UZL>118.87145668840211</UZL>
    <K0>0.42900208887081975</K0>
    <K1>0.18029598487234078</K1>
    <K2>0.047139660850742088</K2>
    <MAXBAS>1.0000127270423012</MAXBAS>
    <Cet>0</Cet>
    <PCALT>10</PCALT>
    <TCALT>0.6</TCALT>
    <Pelev>3349</Pelev>
    <Telev>2921</Telev>
    <PART>0.5</PART>
    <DELAY>1</DELAY>
  </CatchmentParameters>
  <VegetationZone>
    <VegetationZoneParameters>
      <TT>-0.88003488342659353</TT>
      <CFMAX>3.927871217344979</CFMAX>
      <SP>0</SP>
      <SFCF>1.0000535445813992</SFCF>
      <CFR>0.02349478082139363</CFR>
      <CWH>0.19999850110217915</CWH>
      <CFGlacier>1</CFGlacier>
      <CFSlope>1</CFSlope>
      <FC>170.57168936402172</FC>
      <LP>0.99999675788107634</LP>
      <BETA>1.0000033798730719</BETA>
    </VegetationZoneParameters>
  </VegetationZone>
  <SubCatchment>
    <SubCatchmentParameters>
      <KSI>0.001</KSI>
      <KGmin>0.05</KGmin>
      <RangeKG>0.1</RangeKG>
      <AG>0.1</AG>
      <PERC>6.3089539641270553</PERC>
      <Alpha>0</Alpha>
      <UZL>118.87145668840211</UZL>
      <K0>0.42900208887081975</K0>
      <K1>0.18029598487234078</K1>
      <K2>0.047139660850742088</K2>
      <MAXBAS>1.0000127270423012</MAXBAS>
      <Cet>0</Cet>
      <PCALT>10</PCALT>
      <TCALT>0.6</TCALT>
      <Pelev>3349</Pelev>
      <Telev>2921</Telev>
      <PART>0.5</PART>
      <DELAY>1</DELAY>
    </SubCatchmentParameters>
    <SubCatchmentVegetationZone>
      <SubCatchmentVegetationZoneParameters>
        <TT>-0.88003488342659353</TT>
        <CFMAX>3.927871217344979</CFMAX>
        <SP>0</SP>
        <SFCF>1.0000535445813992</SFCF>
        <CFR>0.02349478082139363</CFR>
        <CWH>0.19999850110217915</CWH>
        <CFGlacier>1</CFGlacier>
        <CFSlope>1</CFSlope>
        <FC>170.57168936402172</FC>
        <LP>0.99999675788107634</LP>
        <BETA>1.0000033798730719</BETA>
      </SubCatchmentVegetationZoneParameters>
    </SubCatchmentVegetationZone>
  </SubCatchment>
</Catchment>