<?xml version="1.0" encoding="utf-8"?>
<Catchment xmlns:xsi="http://www.w3.org/2001/XMLSchema-instance" xmlns:xsd="http://www.w3.org/2001/XMLSchema">
  <CatchmentParameters>
    <KSI>0.001</KSI>
    <KGmin>0.05</KGmin>
    <RangeKG>0.1</RangeKG>
    <AG>0.1</AG>
    <PERC>6.1222281985847173</PERC>
    <Alpha>0</Alpha>
    <UZL>79.52165824710994</UZL>
    <K0>0.330337246978491</K0>
    <K1>0.18040090826049585</K1>
    <K2>0.044342695768931677</K2>
    <MAXBAS>1.0002288046361898</MAXBAS>
    <Cet>0</Cet>
    <PCALT>10</PCALT>
    <TCALT>0.6</TCALT>
    <Pelev>3349</Pelev>
    <Telev>2921</Telev>
    <PART>0.5</PART>
    <DELAY>1</DELAY>
  </CatchmentParameters>
  <VegetationZone>
    <VegetationZoneParameters>
      <TT>-1.3700054242335575</TT>
      <CFMAX>3.9740125791105774</CFMAX>
      <SP>0</SP>
      <SFCF>1.1317932137976565</SFCF>
      <CFR>0.028261414609141795</CFR>
      <CWH>0.19999565719024959</CWH>
      <CFGlacier>1</CFGlacier>
      <CFSlope>1</CFSlope>
      <FC>277.40562536541847</FC>
      <LP>0.99999750787982289</LP>
      <BETA>1.3260740779546776</BETA>
    </VegetationZoneParameters>
  </VegetationZone>
  <SubCatchment>
    <SubCatchmentParameters>
      <KSI>0.001</KSI>
      <KGmin>0.05</KGmin>
      <RangeKG>0.1</RangeKG>
      <AG>0.1</AG>
      <PERC>6.1222281985847173</PERC>
      <Alpha>0</Alpha>
      <UZL>79.52165824710994</UZL>
      <K0>0.330337246978491</K0>
      <K1>0.18040090826049585</K1>
      <K2>0.044342695768931677</K2>
      <MAXBAS>1.0002288046361898</MAXBAS>
      <Cet>0</Cet>
      <PCALT>10</PCALT>
      <TCALT>0.6</TCALT>
      <Pelev>3349</Pelev>
      <Telev>2921</Telev>
      <PART>0.5</PART>
      <DELAY>1</DELAY>
    </SubCatchmentParameters>
    <SubCatchmentVegetationZone>
      <SubCatchmentVegetationZoneParameters>
        <TT>-1.3700054242335575</TT>
        <CFMAX>3.9740125791105774</CFMAX>
        <SP>0</SP>
        <SFCF>1.1317932137976565</SFCF>
        <CFR>0.028261414609141795</CFR>
        <CWH>0.19999565719024959</CWH>
        <CFGlacier>1</CFGlacier>
        <CFSlope>1</CFSlope>
        <FC>277.40562536541847</FC>
        <LP>0.99999750787982289</LP>
        <BETA>1.3260740779546776</BETA>
      </SubCatchmentVegetationZoneParameters>
    </SubCatchmentVegetationZone>
  </SubCatchment>
</Catchment>