<?xml version="1.0" encoding="utf-8"?>
<Catchment xmlns:xsi="http://www.w3.org/2001/XMLSchema-instance" xmlns:xsd="http://www.w3.org/2001/XMLSchema">
  <CatchmentParameters>
    <KSI>0.001</KSI>
    <KGmin>0.05</KGmin>
    <RangeKG>0.1</RangeKG>
    <AG>0.1</AG>
    <PERC>2.7804805075629706</PERC>
    <Alpha>0</Alpha>
    <UZL>68.3058625338694</UZL>
    <K0>0.14646082959908621</K0>
    <K1>0.048620170196453955</K1>
    <K2>0.024948713221168439</K2>
    <MAXBAS>1.0002935868049929</MAXBAS>
    <Cet>0</Cet>
    <PCALT>10</PCALT>
    <TCALT>0.6</TCALT>
    <Pelev>3349</Pelev>
    <Telev>2921</Telev>
    <PART>0.5</PART>
    <DELAY>1</DELAY>
  </CatchmentParameters>
  <VegetationZone>
    <VegetationZoneParameters>
      <TT>-0.978350622951618</TT>
      <CFMAX>3.8853355949374411</CFMAX>
      <SP>0</SP>
      <SFCF>0.99969097974246657</SFCF>
      <CFR>0.06379220498366199</CFR>
      <CWH>0.1450766047145243</CWH>
      <CFGlacier>1</CFGlacier>
      <CFSlope>1</CFSlope>
      <FC>94.526227247332855</FC>
      <LP>0.88731512062550544</LP>
      <BETA>1.0000000046373005</BETA>
    </VegetationZoneParameters>
  </VegetationZone>
  <SubCatchment>
    <SubCatchmentParameters>
      <KSI>0.001</KSI>
      <KGmin>0.05</KGmin>
      <RangeKG>0.1</RangeKG>
      <AG>0.1</AG>
      <PERC>2.7804805075629706</PERC>
      <Alpha>0</Alpha>
      <UZL>68.3058625338694</UZL>
      <K0>0.14646082959908621</K0>
      <K1>0.048620170196453955</K1>
      <K2>0.024948713221168439</K2>
      <MAXBAS>1.0002935868049929</MAXBAS>
      <Cet>0</Cet>
      <PCALT>10</PCALT>
      <TCALT>0.6</TCALT>
      <Pelev>3349</Pelev>
      <Telev>2921</Telev>
      <PART>0.5</PART>
      <DELAY>1</DELAY>
    </SubCatchmentParameters>
    <SubCatchmentVegetationZone>
      <SubCatchmentVegetationZoneParameters>
        <TT>-0.978350622951618</TT>
        <CFMAX>3.8853355949374411</CFMAX>
        <SP>0</SP>
        <SFCF>0.99969097974246657</SFCF>
        <CFR>0.06379220498366199</CFR>
        <CWH>0.1450766047145243</CWH>
        <CFGlacier>1</CFGlacier>
        <CFSlope>1</CFSlope>
        <FC>94.526227247332855</FC>
        <LP>0.88731512062550544</LP>
        <BETA>1.0000000046373005</BETA>
      </SubCatchmentVegetationZoneParameters>
    </SubCatchmentVegetationZone>
  </SubCatchment>
</Catchment>