<?xml version="1.0" encoding="utf-8"?>
<Catchment xmlns:xsi="http://www.w3.org/2001/XMLSchema-instance" xmlns:xsd="http://www.w3.org/2001/XMLSchema">
  <CatchmentParameters>
    <KSI>0.001</KSI>
    <KGmin>0.05</KGmin>
    <RangeKG>0.1</RangeKG>
    <AG>0.1</AG>
    <PERC>4.9082162645003988</PERC>
    <Alpha>0</Alpha>
    <UZL>159.29812924692124</UZL>
    <K0>0.52022859656848686</K0>
    <K1>0.17121868734401391</K1>
    <K2>0.041137456125330048</K2>
    <MAXBAS>1.000026574119558</MAXBAS>
    <Cet>0</Cet>
    <PCALT>10</PCALT>
    <TCALT>0.6</TCALT>
    <Pelev>3349</Pelev>
    <Telev>2921</Telev>
    <PART>0.5</PART>
    <DELAY>1</DELAY>
  </CatchmentParameters>
  <VegetationZone>
    <VegetationZoneParameters>
      <TT>-1.5120058915872636</TT>
      <CFMAX>4.0961252743625556</CFMAX>
      <SP>0</SP>
      <SFCF>1.2263973055849557</SFCF>
      <CFR>0.00042183952522239848</CFR>
      <CWH>0.19999827687993374</CWH>
      <CFGlacier>1</CFGlacier>
      <CFSlope>1</CFSlope>
      <FC>423.46879990963589</FC>
      <LP>0.99999063878839134</LP>
      <BETA>1.5811611334799591</BETA>
    </VegetationZoneParameters>
  </VegetationZone>
  <SubCatchment>
    <SubCatchmentParameters>
      <KSI>0.001</KSI>
      <KGmin>0.05</KGmin>
      <RangeKG>0.1</RangeKG>
      <AG>0.1</AG>
      <PERC>4.9082162645003988</PERC>
      <Alpha>0</Alpha>
      <UZL>159.29812924692124</UZL>
      <K0>0.52022859656848686</K0>
      <K1>0.17121868734401391</K1>
      <K2>0.041137456125330048</K2>
      <MAXBAS>1.000026574119558</MAXBAS>
      <Cet>0</Cet>
      <PCALT>10</PCALT>
      <TCALT>0.6</TCALT>
      <Pelev>3349</Pelev>
      <Telev>2921</Telev>
      <PART>0.5</PART>
      <DELAY>1</DELAY>
    </SubCatchmentParameters>
    <SubCatchmentVegetationZone>
      <SubCatchmentVegetationZoneParameters>
        <TT>-1.5120058915872636</TT>
        <CFMAX>4.0961252743625556</CFMAX>
        <SP>0</SP>
        <SFCF>1.2263973055849557</SFCF>
        <CFR>0.00042183952522239848</CFR>
        <CWH>0.19999827687993374</CWH>
        <CFGlacier>1</CFGlacier>
        <CFSlope>1</CFSlope>
        <FC>423.46879990963589</FC>
        <LP>0.99999063878839134</LP>
        <BETA>1.5811611334799591</BETA>
      </SubCatchmentVegetationZoneParameters>
    </SubCatchmentVegetationZone>
  </SubCatchment>
</Catchment>