<?xml version="1.0" encoding="utf-8"?>
<Catchment xmlns:xsi="http://www.w3.org/2001/XMLSchema-instance" xmlns:xsd="http://www.w3.org/2001/XMLSchema">
  <CatchmentParameters>
    <KSI>0.001</KSI>
    <KGmin>0.05</KGmin>
    <RangeKG>0.1</RangeKG>
    <AG>0.1</AG>
    <PERC>6.5257781615778923</PERC>
    <Alpha>0</Alpha>
    <UZL>171.34519167979013</UZL>
    <K0>0.43899572495624906</K0>
    <K1>0.1922021570018958</K1>
    <K2>0.050965537720329447</K2>
    <MAXBAS>1.0001111942156475</MAXBAS>
    <Cet>0</Cet>
    <PCALT>10</PCALT>
    <TCALT>0.6</TCALT>
    <Pelev>3349</Pelev>
    <Telev>2921</Telev>
    <PART>0.5</PART>
    <DELAY>1</DELAY>
  </CatchmentParameters>
  <VegetationZone>
    <VegetationZoneParameters>
      <TT>-0.82799659614636523</TT>
      <CFMAX>3.8867829176721931</CFMAX>
      <SP>0</SP>
      <SFCF>0.98570949121327989</SFCF>
      <CFR>0.05925170437855503</CFR>
      <CWH>0.19999975470351389</CWH>
      <CFGlacier>1</CFGlacier>
      <CFSlope>1</CFSlope>
      <FC>172.7288459193895</FC>
      <LP>0.99999077348712884</LP>
      <BETA>1.0000030649149687</BETA>
    </VegetationZoneParameters>
  </VegetationZone>
  <SubCatchment>
    <SubCatchmentParameters>
      <KSI>0.001</KSI>
      <KGmin>0.05</KGmin>
      <RangeKG>0.1</RangeKG>
      <AG>0.1</AG>
      <PERC>6.5257781615778923</PERC>
      <Alpha>0</Alpha>
      <UZL>171.34519167979013</UZL>
      <K0>0.43899572495624906</K0>
      <K1>0.1922021570018958</K1>
      <K2>0.050965537720329447</K2>
      <MAXBAS>1.0001111942156475</MAXBAS>
      <Cet>0</Cet>
      <PCALT>10</PCALT>
      <TCALT>0.6</TCALT>
      <Pelev>3349</Pelev>
      <Telev>2921</Telev>
      <PART>0.5</PART>
      <DELAY>1</DELAY>
    </SubCatchmentParameters>
    <SubCatchmentVegetationZone>
      <SubCatchmentVegetationZoneParameters>
        <TT>-0.82799659614636523</TT>
        <CFMAX>3.8867829176721931</CFMAX>
        <SP>0</SP>
        <SFCF>0.98570949121327989</SFCF>
        <CFR>0.05925170437855503</CFR>
        <CWH>0.19999975470351389</CWH>
        <CFGlacier>1</CFGlacier>
        <CFSlope>1</CFSlope>
        <FC>172.7288459193895</FC>
        <LP>0.99999077348712884</LP>
        <BETA>1.0000030649149687</BETA>
      </SubCatchmentVegetationZoneParameters>
    </SubCatchmentVegetationZone>
  </SubCatchment>
</Catchment>