<?xml version="1.0" encoding="utf-8"?>
<Catchment xmlns:xsi="http://www.w3.org/2001/XMLSchema-instance" xmlns:xsd="http://www.w3.org/2001/XMLSchema">
  <CatchmentParameters>
    <KSI>0.001</KSI>
    <KGmin>0.05</KGmin>
    <RangeKG>0.1</RangeKG>
    <AG>0.1</AG>
    <PERC>6.1506546427373756</PERC>
    <Alpha>0</Alpha>
    <UZL>104.95543137986645</UZL>
    <K0>0.95523798309722086</K0>
    <K1>0.18322881021676088</K1>
    <K2>0.045801097589698359</K2>
    <MAXBAS>1.0001631155054302</MAXBAS>
    <Cet>0</Cet>
    <PCALT>10</PCALT>
    <TCALT>0.6</TCALT>
    <Pelev>3349</Pelev>
    <Telev>2921</Telev>
    <PART>0.5</PART>
    <DELAY>1</DELAY>
  </CatchmentParameters>
  <VegetationZone>
    <VegetationZoneParameters>
      <TT>-1.3713970359626813</TT>
      <CFMAX>4.1744223732876478</CFMAX>
      <SP>0</SP>
      <SFCF>1.16788925133069</SFCF>
      <CFR>0.028859453736856056</CFR>
      <CWH>0.19999418919506407</CWH>
      <CFGlacier>1</CFGlacier>
      <CFSlope>1</CFSlope>
      <FC>332.5034856369648</FC>
      <LP>0.99998371988411183</LP>
      <BETA>1.3058320731500652</BETA>
    </VegetationZoneParameters>
  </VegetationZone>
  <SubCatchment>
    <SubCatchmentParameters>
      <KSI>0.001</KSI>
      <KGmin>0.05</KGmin>
      <RangeKG>0.1</RangeKG>
      <AG>0.1</AG>
      <PERC>6.1506546427373756</PERC>
      <Alpha>0</Alpha>
      <UZL>104.95543137986645</UZL>
      <K0>0.95523798309722086</K0>
      <K1>0.18322881021676088</K1>
      <K2>0.045801097589698359</K2>
      <MAXBAS>1.0001631155054302</MAXBAS>
      <Cet>0</Cet>
      <PCALT>10</PCALT>
      <TCALT>0.6</TCALT>
      <Pelev>3349</Pelev>
      <Telev>2921</Telev>
      <PART>0.5</PART>
      <DELAY>1</DELAY>
    </SubCatchmentParameters>
    <SubCatchmentVegetationZone>
      <SubCatchmentVegetationZoneParameters>
        <TT>-1.3713970359626813</TT>
        <CFMAX>4.1744223732876478</CFMAX>
        <SP>0</SP>
        <SFCF>1.16788925133069</SFCF>
        <CFR>0.028859453736856056</CFR>
        <CWH>0.19999418919506407</CWH>
        <CFGlacier>1</CFGlacier>
        <CFSlope>1</CFSlope>
        <FC>332.5034856369648</FC>
        <LP>0.99998371988411183</LP>
        <BETA>1.3058320731500652</BETA>
      </SubCatchmentVegetationZoneParameters>
    </SubCatchmentVegetationZone>
  </SubCatchment>
</Catchment>