<?xml version="1.0" encoding="utf-8"?>
<Catchment xmlns:xsi="http://www.w3.org/2001/XMLSchema-instance" xmlns:xsd="http://www.w3.org/2001/XMLSchema">
  <CatchmentParameters>
    <KSI>0.001</KSI>
    <KGmin>0.05</KGmin>
    <RangeKG>0.1</RangeKG>
    <AG>0.1</AG>
    <PERC>6.549335108740479</PERC>
    <Alpha>0</Alpha>
    <UZL>138.03371765905297</UZL>
    <K0>0.53062297572059347</K0>
    <K1>0.17213020777113375</K1>
    <K2>0.047687047116561292</K2>
    <MAXBAS>1.0000072262032653</MAXBAS>
    <Cet>0</Cet>
    <PCALT>10</PCALT>
    <TCALT>0.6</TCALT>
    <Pelev>3349</Pelev>
    <Telev>2921</Telev>
    <PART>0.5</PART>
    <DELAY>1</DELAY>
  </CatchmentParameters>
  <VegetationZone>
    <VegetationZoneParameters>
      <TT>-0.479962295688307</TT>
      <CFMAX>4.8191006292550638</CFMAX>
      <SP>0</SP>
      <SFCF>1.0691149304746548</SFCF>
      <CFR>0.017382209811695516</CFR>
      <CWH>0.17979830739189753</CWH>
      <CFGlacier>1</CFGlacier>
      <CFSlope>1</CFSlope>
      <FC>257.72657050146</FC>
      <LP>0.99999539268916582</LP>
      <BETA>1.000005111258987</BETA>
    </VegetationZoneParameters>
  </VegetationZone>
  <SubCatchment>
    <SubCatchmentParameters>
      <KSI>0.001</KSI>
      <KGmin>0.05</KGmin>
      <RangeKG>0.1</RangeKG>
      <AG>0.1</AG>
      <PERC>6.549335108740479</PERC>
      <Alpha>0</Alpha>
      <UZL>138.03371765905297</UZL>
      <K0>0.53062297572059347</K0>
      <K1>0.17213020777113375</K1>
      <K2>0.047687047116561292</K2>
      <MAXBAS>1.0000072262032653</MAXBAS>
      <Cet>0</Cet>
      <PCALT>10</PCALT>
      <TCALT>0.6</TCALT>
      <Pelev>3349</Pelev>
      <Telev>2921</Telev>
      <PART>0.5</PART>
      <DELAY>1</DELAY>
    </SubCatchmentParameters>
    <SubCatchmentVegetationZone>
      <SubCatchmentVegetationZoneParameters>
        <TT>-0.479962295688307</TT>
        <CFMAX>4.8191006292550638</CFMAX>
        <SP>0</SP>
        <SFCF>1.0691149304746548</SFCF>
        <CFR>0.017382209811695516</CFR>
        <CWH>0.17979830739189753</CWH>
        <CFGlacier>1</CFGlacier>
        <CFSlope>1</CFSlope>
        <FC>257.72657050146</FC>
        <LP>0.99999539268916582</LP>
        <BETA>1.000005111258987</BETA>
      </SubCatchmentVegetationZoneParameters>
    </SubCatchmentVegetationZone>
  </SubCatchment>
</Catchment>