<?xml version="1.0" encoding="utf-8"?>
<Catchment xmlns:xsi="http://www.w3.org/2001/XMLSchema-instance" xmlns:xsd="http://www.w3.org/2001/XMLSchema">
  <CatchmentParameters>
    <KSI>0.001</KSI>
    <KGmin>0.05</KGmin>
    <RangeKG>0.1</RangeKG>
    <AG>0.1</AG>
    <PERC>1.0661890157419893</PERC>
    <Alpha>0</Alpha>
    <UZL>60.833584052204245</UZL>
    <K0>0.20644296979012242</K0>
    <K1>0.07271752815894153</K1>
    <K2>0.010000137706480408</K2>
    <MAXBAS>1</MAXBAS>
    <Cet>0</Cet>
    <PCALT>10</PCALT>
    <TCALT>0.6</TCALT>
    <Pelev>3349</Pelev>
    <Telev>2921</Telev>
    <PART>0.5</PART>
    <DELAY>1</DELAY>
  </CatchmentParameters>
  <VegetationZone>
    <VegetationZoneParameters>
      <TT>-1.7800321606144507</TT>
      <CFMAX>3.6432375059971411</CFMAX>
      <SP>0</SP>
      <SFCF>1.3856525683575607</SFCF>
      <CFR>0.00055552680343499993</CFR>
      <CWH>0.14677950571367479</CWH>
      <CFGlacier>1</CFGlacier>
      <CFSlope>1</CFSlope>
      <FC>1675.9445114196935</FC>
      <LP>0.97552185591329033</LP>
      <BETA>1.1213359404980123</BETA>
    </VegetationZoneParameters>
  </VegetationZone>
  <SubCatchment>
    <SubCatchmentParameters>
      <KSI>0.001</KSI>
      <KGmin>0.05</KGmin>
      <RangeKG>0.1</RangeKG>
      <AG>0.1</AG>
      <PERC>1.0661890157419893</PERC>
      <Alpha>0</Alpha>
      <UZL>60.833584052204245</UZL>
      <K0>0.20644296979012242</K0>
      <K1>0.07271752815894153</K1>
      <K2>0.010000137706480408</K2>
      <MAXBAS>1</MAXBAS>
      <Cet>0</Cet>
      <PCALT>10</PCALT>
      <TCALT>0.6</TCALT>
      <Pelev>3349</Pelev>
      <Telev>2921</Telev>
      <PART>0.5</PART>
      <DELAY>1</DELAY>
    </SubCatchmentParameters>
    <SubCatchmentVegetationZone>
      <SubCatchmentVegetationZoneParameters>
        <TT>-1.7800321606144507</TT>
        <CFMAX>3.6432375059971411</CFMAX>
        <SP>0</SP>
        <SFCF>1.3856525683575607</SFCF>
        <CFR>0.00055552680343499993</CFR>
        <CWH>0.14677950571367479</CWH>
        <CFGlacier>1</CFGlacier>
        <CFSlope>1</CFSlope>
        <FC>1675.9445114196935</FC>
        <LP>0.97552185591329033</LP>
        <BETA>1.1213359404980123</BETA>
      </SubCatchmentVegetationZoneParameters>
    </SubCatchmentVegetationZone>
  </SubCatchment>
</Catchment>