<?xml version="1.0" encoding="utf-8"?>
<Catchment xmlns:xsi="http://www.w3.org/2001/XMLSchema-instance" xmlns:xsd="http://www.w3.org/2001/XMLSchema">
  <CatchmentParameters>
    <KSI>0.001</KSI>
    <KGmin>0.05</KGmin>
    <RangeKG>0.1</RangeKG>
    <AG>0.1</AG>
    <PERC>1.6588894675910284</PERC>
    <Alpha>0</Alpha>
    <UZL>78.592386546702016</UZL>
    <K0>0.13419213463589561</K0>
    <K1>0.056844851059289117</K1>
    <K2>0.01000000018234521</K2>
    <MAXBAS>1</MAXBAS>
    <Cet>0</Cet>
    <PCALT>10</PCALT>
    <TCALT>0.6</TCALT>
    <Pelev>3349</Pelev>
    <Telev>2921</Telev>
    <PART>0.5</PART>
    <DELAY>1</DELAY>
  </CatchmentParameters>
  <VegetationZone>
    <VegetationZoneParameters>
      <TT>-1.9620432030452311</TT>
      <CFMAX>3.890646616236288</CFMAX>
      <SP>0</SP>
      <SFCF>1.3340114224358501</SFCF>
      <CFR>0.00013606281952931491</CFR>
      <CWH>0.10000025319883166</CWH>
      <CFGlacier>1</CFGlacier>
      <CFSlope>1</CFSlope>
      <FC>396.06862661157334</FC>
      <LP>0.92586940060874134</LP>
      <BETA>1.3048599392417482</BETA>
    </VegetationZoneParameters>
  </VegetationZone>
  <SubCatchment>
    <SubCatchmentParameters>
      <KSI>0.001</KSI>
      <KGmin>0.05</KGmin>
      <RangeKG>0.1</RangeKG>
      <AG>0.1</AG>
      <PERC>1.6588894675910284</PERC>
      <Alpha>0</Alpha>
      <UZL>78.592386546702016</UZL>
      <K0>0.13419213463589561</K0>
      <K1>0.056844851059289117</K1>
      <K2>0.01000000018234521</K2>
      <MAXBAS>1</MAXBAS>
      <Cet>0</Cet>
      <PCALT>10</PCALT>
      <TCALT>0.6</TCALT>
      <Pelev>3349</Pelev>
      <Telev>2921</Telev>
      <PART>0.5</PART>
      <DELAY>1</DELAY>
    </SubCatchmentParameters>
    <SubCatchmentVegetationZone>
      <SubCatchmentVegetationZoneParameters>
        <TT>-1.9620432030452311</TT>
        <CFMAX>3.890646616236288</CFMAX>
        <SP>0</SP>
        <SFCF>1.3340114224358501</SFCF>
        <CFR>0.00013606281952931491</CFR>
        <CWH>0.10000025319883166</CWH>
        <CFGlacier>1</CFGlacier>
        <CFSlope>1</CFSlope>
        <FC>396.06862661157334</FC>
        <LP>0.92586940060874134</LP>
        <BETA>1.3048599392417482</BETA>
      </SubCatchmentVegetationZoneParameters>
    </SubCatchmentVegetationZone>
  </SubCatchment>
</Catchment>