<?xml version="1.0" encoding="utf-8"?>
<Catchment xmlns:xsi="http://www.w3.org/2001/XMLSchema-instance" xmlns:xsd="http://www.w3.org/2001/XMLSchema">
  <CatchmentParameters>
    <KSI>0.001</KSI>
    <KGmin>0.05</KGmin>
    <RangeKG>0.1</RangeKG>
    <AG>0.1</AG>
    <PERC>6.7308636382557809</PERC>
    <Alpha>0</Alpha>
    <UZL>56.762435959736287</UZL>
    <K0>0.25873501710196922</K0>
    <K1>0.18262941655171017</K1>
    <K2>0.049495142247289417</K2>
    <MAXBAS>1.0049157605097303</MAXBAS>
    <Cet>0</Cet>
    <PCALT>10</PCALT>
    <TCALT>0.6</TCALT>
    <Pelev>3349</Pelev>
    <Telev>2921</Telev>
    <PART>0.5</PART>
    <DELAY>1</DELAY>
  </CatchmentParameters>
  <VegetationZone>
    <VegetationZoneParameters>
      <TT>-1.2700062210700664</TT>
      <CFMAX>4.5684686181308969</CFMAX>
      <SP>0</SP>
      <SFCF>1.2535787414991815</SFCF>
      <CFR>0.00045020770780836194</CFR>
      <CWH>0.19999824673315758</CWH>
      <CFGlacier>1</CFGlacier>
      <CFSlope>1</CFSlope>
      <FC>459.83546525383565</FC>
      <LP>0.96202599406443978</LP>
      <BETA>1.2672497060224102</BETA>
    </VegetationZoneParameters>
  </VegetationZone>
  <SubCatchment>
    <SubCatchmentParameters>
      <KSI>0.001</KSI>
      <KGmin>0.05</KGmin>
      <RangeKG>0.1</RangeKG>
      <AG>0.1</AG>
      <PERC>6.7308636382557809</PERC>
      <Alpha>0</Alpha>
      <UZL>56.762435959736287</UZL>
      <K0>0.25873501710196922</K0>
      <K1>0.18262941655171017</K1>
      <K2>0.049495142247289417</K2>
      <MAXBAS>1.0049157605097303</MAXBAS>
      <Cet>0</Cet>
      <PCALT>10</PCALT>
      <TCALT>0.6</TCALT>
      <Pelev>3349</Pelev>
      <Telev>2921</Telev>
      <PART>0.5</PART>
      <DELAY>1</DELAY>
    </SubCatchmentParameters>
    <SubCatchmentVegetationZone>
      <SubCatchmentVegetationZoneParameters>
        <TT>-1.2700062210700664</TT>
        <CFMAX>4.5684686181308969</CFMAX>
        <SP>0</SP>
        <SFCF>1.2535787414991815</SFCF>
        <CFR>0.00045020770780836194</CFR>
        <CWH>0.19999824673315758</CWH>
        <CFGlacier>1</CFGlacier>
        <CFSlope>1</CFSlope>
        <FC>459.83546525383565</FC>
        <LP>0.96202599406443978</LP>
        <BETA>1.2672497060224102</BETA>
      </SubCatchmentVegetationZoneParameters>
    </SubCatchmentVegetationZone>
  </SubCatchment>
</Catchment>