<?xml version="1.0" encoding="utf-8"?>
<Catchment xmlns:xsi="http://www.w3.org/2001/XMLSchema-instance" xmlns:xsd="http://www.w3.org/2001/XMLSchema">
  <CatchmentParameters>
    <KSI>0.001</KSI>
    <KGmin>0.05</KGmin>
    <RangeKG>0.1</RangeKG>
    <AG>0.1</AG>
    <PERC>5.4903250144440667</PERC>
    <Alpha>0</Alpha>
    <UZL>175.77231207475603</UZL>
    <K0>0.0869192626365488</K0>
    <K1>0.16785489143610713</K1>
    <K2>0.0412054423717068</K2>
    <MAXBAS>1.0001086925398577</MAXBAS>
    <Cet>0</Cet>
    <PCALT>10</PCALT>
    <TCALT>0.6</TCALT>
    <Pelev>3349</Pelev>
    <Telev>2921</Telev>
    <PART>0.5</PART>
    <DELAY>1</DELAY>
  </CatchmentParameters>
  <VegetationZone>
    <VegetationZoneParameters>
      <TT>-1.3725771360503731</TT>
      <CFMAX>3.9812651076117889</CFMAX>
      <SP>0</SP>
      <SFCF>1.1585336912012099</SFCF>
      <CFR>0.00045794385069189268</CFR>
      <CWH>0.19999916641879229</CWH>
      <CFGlacier>1</CFGlacier>
      <CFSlope>1</CFSlope>
      <FC>307.05577387318277</FC>
      <LP>0.99999130500783973</LP>
      <BETA>1.5075132109135607</BETA>
    </VegetationZoneParameters>
  </VegetationZone>
  <SubCatchment>
    <SubCatchmentParameters>
      <KSI>0.001</KSI>
      <KGmin>0.05</KGmin>
      <RangeKG>0.1</RangeKG>
      <AG>0.1</AG>
      <PERC>5.4903250144440667</PERC>
      <Alpha>0</Alpha>
      <UZL>175.77231207475603</UZL>
      <K0>0.0869192626365488</K0>
      <K1>0.16785489143610713</K1>
      <K2>0.0412054423717068</K2>
      <MAXBAS>1.0001086925398577</MAXBAS>
      <Cet>0</Cet>
      <PCALT>10</PCALT>
      <TCALT>0.6</TCALT>
      <Pelev>3349</Pelev>
      <Telev>2921</Telev>
      <PART>0.5</PART>
      <DELAY>1</DELAY>
    </SubCatchmentParameters>
    <SubCatchmentVegetationZone>
      <SubCatchmentVegetationZoneParameters>
        <TT>-1.3725771360503731</TT>
        <CFMAX>3.9812651076117889</CFMAX>
        <SP>0</SP>
        <SFCF>1.1585336912012099</SFCF>
        <CFR>0.00045794385069189268</CFR>
        <CWH>0.19999916641879229</CWH>
        <CFGlacier>1</CFGlacier>
        <CFSlope>1</CFSlope>
        <FC>307.05577387318277</FC>
        <LP>0.99999130500783973</LP>
        <BETA>1.5075132109135607</BETA>
      </SubCatchmentVegetationZoneParameters>
    </SubCatchmentVegetationZone>
  </SubCatchment>
</Catchment>