<?xml version="1.0" encoding="utf-8"?>
<Catchment xmlns:xsi="http://www.w3.org/2001/XMLSchema-instance" xmlns:xsd="http://www.w3.org/2001/XMLSchema">
  <CatchmentParameters>
    <KSI>0.001</KSI>
    <KGmin>0.05</KGmin>
    <RangeKG>0.1</RangeKG>
    <AG>0.1</AG>
    <PERC>1.355084645484923</PERC>
    <Alpha>0</Alpha>
    <UZL>159.10287662057016</UZL>
    <K0>0.68112816214771688</K0>
    <K1>0.097785693691653561</K1>
    <K2>0.010000120784758853</K2>
    <MAXBAS>1</MAXBAS>
    <Cet>0</Cet>
    <PCALT>10</PCALT>
    <TCALT>0.6</TCALT>
    <Pelev>3349</Pelev>
    <Telev>2921</Telev>
    <PART>0.5</PART>
    <DELAY>1</DELAY>
  </CatchmentParameters>
  <VegetationZone>
    <VegetationZoneParameters>
      <TT>-1.7800012354761461</TT>
      <CFMAX>4.4482825503511405</CFMAX>
      <SP>0</SP>
      <SFCF>1.4456255944646566</SFCF>
      <CFR>0.00039675922557939571</CFR>
      <CWH>0.19999976330698593</CWH>
      <CFGlacier>1</CFGlacier>
      <CFSlope>1</CFSlope>
      <FC>1745.3961680784314</FC>
      <LP>0.95769269435814952</LP>
      <BETA>1.2812821616385339</BETA>
    </VegetationZoneParameters>
  </VegetationZone>
  <SubCatchment>
    <SubCatchmentParameters>
      <KSI>0.001</KSI>
      <KGmin>0.05</KGmin>
      <RangeKG>0.1</RangeKG>
      <AG>0.1</AG>
      <PERC>1.355084645484923</PERC>
      <Alpha>0</Alpha>
      <UZL>159.10287662057016</UZL>
      <K0>0.68112816214771688</K0>
      <K1>0.097785693691653561</K1>
      <K2>0.010000120784758853</K2>
      <MAXBAS>1</MAXBAS>
      <Cet>0</Cet>
      <PCALT>10</PCALT>
      <TCALT>0.6</TCALT>
      <Pelev>3349</Pelev>
      <Telev>2921</Telev>
      <PART>0.5</PART>
      <DELAY>1</DELAY>
    </SubCatchmentParameters>
    <SubCatchmentVegetationZone>
      <SubCatchmentVegetationZoneParameters>
        <TT>-1.7800012354761461</TT>
        <CFMAX>4.4482825503511405</CFMAX>
        <SP>0</SP>
        <SFCF>1.4456255944646566</SFCF>
        <CFR>0.00039675922557939571</CFR>
        <CWH>0.19999976330698593</CWH>
        <CFGlacier>1</CFGlacier>
        <CFSlope>1</CFSlope>
        <FC>1745.3961680784314</FC>
        <LP>0.95769269435814952</LP>
        <BETA>1.2812821616385339</BETA>
      </SubCatchmentVegetationZoneParameters>
    </SubCatchmentVegetationZone>
  </SubCatchment>
</Catchment>