<?xml version="1.0" encoding="utf-8"?>
<Catchment xmlns:xsi="http://www.w3.org/2001/XMLSchema-instance" xmlns:xsd="http://www.w3.org/2001/XMLSchema">
  <CatchmentParameters>
    <KSI>0.001</KSI>
    <KGmin>0.05</KGmin>
    <RangeKG>0.1</RangeKG>
    <AG>0.1</AG>
    <PERC>1.0077992293301394</PERC>
    <Alpha>0</Alpha>
    <UZL>77.656216916586558</UZL>
    <K0>0.14528137989354434</K0>
    <K1>0.055401501417151638</K1>
    <K2>0.010000006906601591</K2>
    <MAXBAS>1</MAXBAS>
    <Cet>0</Cet>
    <PCALT>10</PCALT>
    <TCALT>0.6</TCALT>
    <Pelev>3349</Pelev>
    <Telev>2921</Telev>
    <PART>0.5</PART>
    <DELAY>1</DELAY>
  </CatchmentParameters>
  <VegetationZone>
    <VegetationZoneParameters>
      <TT>-1.6801362336488721</TT>
      <CFMAX>4.3742375727073552</CFMAX>
      <SP>0</SP>
      <SFCF>1.3855099766293861</SFCF>
      <CFR>0.030004290519892556</CFR>
      <CWH>0.16493454988401654</CWH>
      <CFGlacier>1</CFGlacier>
      <CFSlope>1</CFSlope>
      <FC>1790.0126959815689</FC>
      <LP>0.99786319633494125</LP>
      <BETA>1.1890939185648606</BETA>
    </VegetationZoneParameters>
  </VegetationZone>
  <SubCatchment>
    <SubCatchmentParameters>
      <KSI>0.001</KSI>
      <KGmin>0.05</KGmin>
      <RangeKG>0.1</RangeKG>
      <AG>0.1</AG>
      <PERC>1.0077992293301394</PERC>
      <Alpha>0</Alpha>
      <UZL>77.656216916586558</UZL>
      <K0>0.14528137989354434</K0>
      <K1>0.055401501417151638</K1>
      <K2>0.010000006906601591</K2>
      <MAXBAS>1</MAXBAS>
      <Cet>0</Cet>
      <PCALT>10</PCALT>
      <TCALT>0.6</TCALT>
      <Pelev>3349</Pelev>
      <Telev>2921</Telev>
      <PART>0.5</PART>
      <DELAY>1</DELAY>
    </SubCatchmentParameters>
    <SubCatchmentVegetationZone>
      <SubCatchmentVegetationZoneParameters>
        <TT>-1.6801362336488721</TT>
        <CFMAX>4.3742375727073552</CFMAX>
        <SP>0</SP>
        <SFCF>1.3855099766293861</SFCF>
        <CFR>0.030004290519892556</CFR>
        <CWH>0.16493454988401654</CWH>
        <CFGlacier>1</CFGlacier>
        <CFSlope>1</CFSlope>
        <FC>1790.0126959815689</FC>
        <LP>0.99786319633494125</LP>
        <BETA>1.1890939185648606</BETA>
      </SubCatchmentVegetationZoneParameters>
    </SubCatchmentVegetationZone>
  </SubCatchment>
</Catchment>