<?xml version="1.0" encoding="utf-8"?>
<Catchment xmlns:xsi="http://www.w3.org/2001/XMLSchema-instance" xmlns:xsd="http://www.w3.org/2001/XMLSchema">
  <CatchmentParameters>
    <KSI>0.001</KSI>
    <KGmin>0.05</KGmin>
    <RangeKG>0.1</RangeKG>
    <AG>0.1</AG>
    <PERC>0.73998396318585691</PERC>
    <Alpha>0</Alpha>
    <UZL>106.90051339359755</UZL>
    <K0>0.17608527866987125</K0>
    <K1>0.049232904011077439</K1>
    <K2>0.010000011390954949</K2>
    <MAXBAS>1</MAXBAS>
    <Cet>0</Cet>
    <PCALT>10</PCALT>
    <TCALT>0.6</TCALT>
    <Pelev>3349</Pelev>
    <Telev>2921</Telev>
    <PART>0.5</PART>
    <DELAY>1</DELAY>
  </CatchmentParameters>
  <VegetationZone>
    <VegetationZoneParameters>
      <TT>-1.9178341359872309</TT>
      <CFMAX>4.2733378747371482</CFMAX>
      <SP>0</SP>
      <SFCF>1.4316044356418887</SFCF>
      <CFR>0.00035246148433147888</CFR>
      <CWH>0.19999541388768538</CWH>
      <CFGlacier>1</CFGlacier>
      <CFSlope>1</CFSlope>
      <FC>2245.9505228566363</FC>
      <LP>0.96455256638037645</LP>
      <BETA>1.3261038303226009</BETA>
    </VegetationZoneParameters>
  </VegetationZone>
  <SubCatchment>
    <SubCatchmentParameters>
      <KSI>0.001</KSI>
      <KGmin>0.05</KGmin>
      <RangeKG>0.1</RangeKG>
      <AG>0.1</AG>
      <PERC>0.73998396318585691</PERC>
      <Alpha>0</Alpha>
      <UZL>106.90051339359755</UZL>
      <K0>0.17608527866987125</K0>
      <K1>0.049232904011077439</K1>
      <K2>0.010000011390954949</K2>
      <MAXBAS>1</MAXBAS>
      <Cet>0</Cet>
      <PCALT>10</PCALT>
      <TCALT>0.6</TCALT>
      <Pelev>3349</Pelev>
      <Telev>2921</Telev>
      <PART>0.5</PART>
      <DELAY>1</DELAY>
    </SubCatchmentParameters>
    <SubCatchmentVegetationZone>
      <SubCatchmentVegetationZoneParameters>
        <TT>-1.9178341359872309</TT>
        <CFMAX>4.2733378747371482</CFMAX>
        <SP>0</SP>
        <SFCF>1.4316044356418887</SFCF>
        <CFR>0.00035246148433147888</CFR>
        <CWH>0.19999541388768538</CWH>
        <CFGlacier>1</CFGlacier>
        <CFSlope>1</CFSlope>
        <FC>2245.9505228566363</FC>
        <LP>0.96455256638037645</LP>
        <BETA>1.3261038303226009</BETA>
      </SubCatchmentVegetationZoneParameters>
    </SubCatchmentVegetationZone>
  </SubCatchment>
</Catchment>