<?xml version="1.0" encoding="utf-8"?>
<Catchment xmlns:xsi="http://www.w3.org/2001/XMLSchema-instance" xmlns:xsd="http://www.w3.org/2001/XMLSchema">
  <CatchmentParameters>
    <KSI>0.001</KSI>
    <KGmin>0.05</KGmin>
    <RangeKG>0.1</RangeKG>
    <AG>0.1</AG>
    <PERC>6.241637747602403</PERC>
    <Alpha>0</Alpha>
    <UZL>69.404928867590158</UZL>
    <K0>0.516660076540973</K0>
    <K1>0.18032329261102956</K1>
    <K2>0.045850359181964485</K2>
    <MAXBAS>1.0021181580361023</MAXBAS>
    <Cet>0</Cet>
    <PCALT>10</PCALT>
    <TCALT>0.6</TCALT>
    <Pelev>3349</Pelev>
    <Telev>2921</Telev>
    <PART>0.5</PART>
    <DELAY>1</DELAY>
  </CatchmentParameters>
  <VegetationZone>
    <VegetationZoneParameters>
      <TT>-1.3716335465993181</TT>
      <CFMAX>4.3189426386759671</CFMAX>
      <SP>0</SP>
      <SFCF>1.1959722526153209</SFCF>
      <CFR>0.026866489980051485</CFR>
      <CWH>0.19982906089115438</CWH>
      <CFGlacier>1</CFGlacier>
      <CFSlope>1</CFSlope>
      <FC>370.80505158184894</FC>
      <LP>0.99999497865117859</LP>
      <BETA>1.3033574854136489</BETA>
    </VegetationZoneParameters>
  </VegetationZone>
  <SubCatchment>
    <SubCatchmentParameters>
      <KSI>0.001</KSI>
      <KGmin>0.05</KGmin>
      <RangeKG>0.1</RangeKG>
      <AG>0.1</AG>
      <PERC>6.241637747602403</PERC>
      <Alpha>0</Alpha>
      <UZL>69.404928867590158</UZL>
      <K0>0.516660076540973</K0>
      <K1>0.18032329261102956</K1>
      <K2>0.045850359181964485</K2>
      <MAXBAS>1.0021181580361023</MAXBAS>
      <Cet>0</Cet>
      <PCALT>10</PCALT>
      <TCALT>0.6</TCALT>
      <Pelev>3349</Pelev>
      <Telev>2921</Telev>
      <PART>0.5</PART>
      <DELAY>1</DELAY>
    </SubCatchmentParameters>
    <SubCatchmentVegetationZone>
      <SubCatchmentVegetationZoneParameters>
        <TT>-1.3716335465993181</TT>
        <CFMAX>4.3189426386759671</CFMAX>
        <SP>0</SP>
        <SFCF>1.1959722526153209</SFCF>
        <CFR>0.026866489980051485</CFR>
        <CWH>0.19982906089115438</CWH>
        <CFGlacier>1</CFGlacier>
        <CFSlope>1</CFSlope>
        <FC>370.80505158184894</FC>
        <LP>0.99999497865117859</LP>
        <BETA>1.3033574854136489</BETA>
      </SubCatchmentVegetationZoneParameters>
    </SubCatchmentVegetationZone>
  </SubCatchment>
</Catchment>