<?xml version="1.0" encoding="utf-8"?>
<Catchment xmlns:xsi="http://www.w3.org/2001/XMLSchema-instance" xmlns:xsd="http://www.w3.org/2001/XMLSchema">
  <CatchmentParameters>
    <KSI>0.001</KSI>
    <KGmin>0.05</KGmin>
    <RangeKG>0.1</RangeKG>
    <AG>0.1</AG>
    <PERC>1.2416647095185234</PERC>
    <Alpha>0</Alpha>
    <UZL>86.369939092861031</UZL>
    <K0>0.1600822546637975</K0>
    <K1>0.061791888367928656</K1>
    <K2>0.01000001321661621</K2>
    <MAXBAS>1</MAXBAS>
    <Cet>0</Cet>
    <PCALT>10</PCALT>
    <TCALT>0.6</TCALT>
    <Pelev>3349</Pelev>
    <Telev>2921</Telev>
    <PART>0.5</PART>
    <DELAY>1</DELAY>
  </CatchmentParameters>
  <VegetationZone>
    <VegetationZoneParameters>
      <TT>-1.5527666109618366</TT>
      <CFMAX>4.6448157760362934</CFMAX>
      <SP>0</SP>
      <SFCF>1.4038648196724568</SFCF>
      <CFR>0.00037095624945582961</CFR>
      <CWH>0.18693088713320019</CWH>
      <CFGlacier>1</CFGlacier>
      <CFSlope>1</CFSlope>
      <FC>1601.6811865334228</FC>
      <LP>0.98005243063987613</LP>
      <BETA>1.1762717536728444</BETA>
    </VegetationZoneParameters>
  </VegetationZone>
  <SubCatchment>
    <SubCatchmentParameters>
      <KSI>0.001</KSI>
      <KGmin>0.05</KGmin>
      <RangeKG>0.1</RangeKG>
      <AG>0.1</AG>
      <PERC>1.2416647095185234</PERC>
      <Alpha>0</Alpha>
      <UZL>86.369939092861031</UZL>
      <K0>0.1600822546637975</K0>
      <K1>0.061791888367928656</K1>
      <K2>0.01000001321661621</K2>
      <MAXBAS>1</MAXBAS>
      <Cet>0</Cet>
      <PCALT>10</PCALT>
      <TCALT>0.6</TCALT>
      <Pelev>3349</Pelev>
      <Telev>2921</Telev>
      <PART>0.5</PART>
      <DELAY>1</DELAY>
    </SubCatchmentParameters>
    <SubCatchmentVegetationZone>
      <SubCatchmentVegetationZoneParameters>
        <TT>-1.5527666109618366</TT>
        <CFMAX>4.6448157760362934</CFMAX>
        <SP>0</SP>
        <SFCF>1.4038648196724568</SFCF>
        <CFR>0.00037095624945582961</CFR>
        <CWH>0.18693088713320019</CWH>
        <CFGlacier>1</CFGlacier>
        <CFSlope>1</CFSlope>
        <FC>1601.6811865334228</FC>
        <LP>0.98005243063987613</LP>
        <BETA>1.1762717536728444</BETA>
      </SubCatchmentVegetationZoneParameters>
    </SubCatchmentVegetationZone>
  </SubCatchment>
</Catchment>