<?xml version="1.0" encoding="utf-8"?>
<Catchment xmlns:xsi="http://www.w3.org/2001/XMLSchema-instance" xmlns:xsd="http://www.w3.org/2001/XMLSchema">
  <CatchmentParameters>
    <KSI>0.001</KSI>
    <KGmin>0.05</KGmin>
    <RangeKG>0.1</RangeKG>
    <AG>0.1</AG>
    <PERC>6.5855158497110242</PERC>
    <Alpha>0</Alpha>
    <UZL>75.9407494884526</UZL>
    <K0>0.051207254519639527</K0>
    <K1>0.1897457275355873</K1>
    <K2>0.053225746293685837</K2>
    <MAXBAS>1.0000000018760431</MAXBAS>
    <Cet>0</Cet>
    <PCALT>10</PCALT>
    <TCALT>0.6</TCALT>
    <Pelev>3349</Pelev>
    <Telev>2921</Telev>
    <PART>0.5</PART>
    <DELAY>1</DELAY>
  </CatchmentParameters>
  <VegetationZone>
    <VegetationZoneParameters>
      <TT>-0.1881298569672499</TT>
      <CFMAX>4.7131037216942309</CFMAX>
      <SP>0</SP>
      <SFCF>1.0185982326172141</SFCF>
      <CFR>0.025387320614999005</CFR>
      <CWH>0.14742544272496705</CWH>
      <CFGlacier>1</CFGlacier>
      <CFSlope>1</CFSlope>
      <FC>232.1697044329963</FC>
      <LP>0.99999456906414941</LP>
      <BETA>1.0000026140934539</BETA>
    </VegetationZoneParameters>
  </VegetationZone>
  <SubCatchment>
    <SubCatchmentParameters>
      <KSI>0.001</KSI>
      <KGmin>0.05</KGmin>
      <RangeKG>0.1</RangeKG>
      <AG>0.1</AG>
      <PERC>6.5855158497110242</PERC>
      <Alpha>0</Alpha>
      <UZL>75.9407494884526</UZL>
      <K0>0.051207254519639527</K0>
      <K1>0.1897457275355873</K1>
      <K2>0.053225746293685837</K2>
      <MAXBAS>1.0000000018760431</MAXBAS>
      <Cet>0</Cet>
      <PCALT>10</PCALT>
      <TCALT>0.6</TCALT>
      <Pelev>3349</Pelev>
      <Telev>2921</Telev>
      <PART>0.5</PART>
      <DELAY>1</DELAY>
    </SubCatchmentParameters>
    <SubCatchmentVegetationZone>
      <SubCatchmentVegetationZoneParameters>
        <TT>-0.1881298569672499</TT>
        <CFMAX>4.7131037216942309</CFMAX>
        <SP>0</SP>
        <SFCF>1.0185982326172141</SFCF>
        <CFR>0.025387320614999005</CFR>
        <CWH>0.14742544272496705</CWH>
        <CFGlacier>1</CFGlacier>
        <CFSlope>1</CFSlope>
        <FC>232.1697044329963</FC>
        <LP>0.99999456906414941</LP>
        <BETA>1.0000026140934539</BETA>
      </SubCatchmentVegetationZoneParameters>
    </SubCatchmentVegetationZone>
  </SubCatchment>
</Catchment>