<?xml version="1.0" encoding="utf-8"?>
<Catchment xmlns:xsi="http://www.w3.org/2001/XMLSchema-instance" xmlns:xsd="http://www.w3.org/2001/XMLSchema">
  <CatchmentParameters>
    <KSI>0.001</KSI>
    <KGmin>0.05</KGmin>
    <RangeKG>0.1</RangeKG>
    <AG>0.1</AG>
    <PERC>1.2191185799445767</PERC>
    <Alpha>0</Alpha>
    <UZL>82.832108274377859</UZL>
    <K0>0.14318284732212683</K0>
    <K1>0.058885890581394054</K1>
    <K2>0.01003331080865429</K2>
    <MAXBAS>1</MAXBAS>
    <Cet>0</Cet>
    <PCALT>10</PCALT>
    <TCALT>0.6</TCALT>
    <Pelev>3349</Pelev>
    <Telev>2921</Telev>
    <PART>0.5</PART>
    <DELAY>1</DELAY>
  </CatchmentParameters>
  <VegetationZone>
    <VegetationZoneParameters>
      <TT>-2.1091453178573678</TT>
      <CFMAX>4.23131022960844</CFMAX>
      <SP>0</SP>
      <SFCF>1.4269438298383772</SFCF>
      <CFR>0.015689419192698992</CFR>
      <CWH>0.19999781339909553</CWH>
      <CFGlacier>1</CFGlacier>
      <CFSlope>1</CFSlope>
      <FC>836.32350940541221</FC>
      <LP>0.94353896074220833</LP>
      <BETA>1.0548656577276665</BETA>
    </VegetationZoneParameters>
  </VegetationZone>
  <SubCatchment>
    <SubCatchmentParameters>
      <KSI>0.001</KSI>
      <KGmin>0.05</KGmin>
      <RangeKG>0.1</RangeKG>
      <AG>0.1</AG>
      <PERC>1.2191185799445767</PERC>
      <Alpha>0</Alpha>
      <UZL>82.832108274377859</UZL>
      <K0>0.14318284732212683</K0>
      <K1>0.058885890581394054</K1>
      <K2>0.01003331080865429</K2>
      <MAXBAS>1</MAXBAS>
      <Cet>0</Cet>
      <PCALT>10</PCALT>
      <TCALT>0.6</TCALT>
      <Pelev>3349</Pelev>
      <Telev>2921</Telev>
      <PART>0.5</PART>
      <DELAY>1</DELAY>
    </SubCatchmentParameters>
    <SubCatchmentVegetationZone>
      <SubCatchmentVegetationZoneParameters>
        <TT>-2.1091453178573678</TT>
        <CFMAX>4.23131022960844</CFMAX>
        <SP>0</SP>
        <SFCF>1.4269438298383772</SFCF>
        <CFR>0.015689419192698992</CFR>
        <CWH>0.19999781339909553</CWH>
        <CFGlacier>1</CFGlacier>
        <CFSlope>1</CFSlope>
        <FC>836.32350940541221</FC>
        <LP>0.94353896074220833</LP>
        <BETA>1.0548656577276665</BETA>
      </SubCatchmentVegetationZoneParameters>
    </SubCatchmentVegetationZone>
  </SubCatchment>
</Catchment>