<?xml version="1.0" encoding="utf-8"?>
<Catchment xmlns:xsi="http://www.w3.org/2001/XMLSchema-instance" xmlns:xsd="http://www.w3.org/2001/XMLSchema">
  <CatchmentParameters>
    <KSI>0.001</KSI>
    <KGmin>0.05</KGmin>
    <RangeKG>0.1</RangeKG>
    <AG>0.1</AG>
    <PERC>6.49397545416535</PERC>
    <Alpha>0</Alpha>
    <UZL>81.088568180567151</UZL>
    <K0>0.061256607473122782</K0>
    <K1>0.17789529866329776</K1>
    <K2>0.046734545400740929</K2>
    <MAXBAS>1.0048263319918767</MAXBAS>
    <Cet>0</Cet>
    <PCALT>10</PCALT>
    <TCALT>0.6</TCALT>
    <Pelev>3349</Pelev>
    <Telev>2921</Telev>
    <PART>0.5</PART>
    <DELAY>1</DELAY>
  </CatchmentParameters>
  <VegetationZone>
    <VegetationZoneParameters>
      <TT>-1.270005985878619</TT>
      <CFMAX>4.5833627791047862</CFMAX>
      <SP>0</SP>
      <SFCF>1.227838179301761</SFCF>
      <CFR>0.024976729321332835</CFR>
      <CWH>0.19276544283378849</CWH>
      <CFGlacier>1</CFGlacier>
      <CFSlope>1</CFSlope>
      <FC>429.55617373808775</FC>
      <LP>0.99994360396033821</LP>
      <BETA>1.2785810228396963</BETA>
    </VegetationZoneParameters>
  </VegetationZone>
  <SubCatchment>
    <SubCatchmentParameters>
      <KSI>0.001</KSI>
      <KGmin>0.05</KGmin>
      <RangeKG>0.1</RangeKG>
      <AG>0.1</AG>
      <PERC>6.49397545416535</PERC>
      <Alpha>0</Alpha>
      <UZL>81.088568180567151</UZL>
      <K0>0.061256607473122782</K0>
      <K1>0.17789529866329776</K1>
      <K2>0.046734545400740929</K2>
      <MAXBAS>1.0048263319918767</MAXBAS>
      <Cet>0</Cet>
      <PCALT>10</PCALT>
      <TCALT>0.6</TCALT>
      <Pelev>3349</Pelev>
      <Telev>2921</Telev>
      <PART>0.5</PART>
      <DELAY>1</DELAY>
    </SubCatchmentParameters>
    <SubCatchmentVegetationZone>
      <SubCatchmentVegetationZoneParameters>
        <TT>-1.270005985878619</TT>
        <CFMAX>4.5833627791047862</CFMAX>
        <SP>0</SP>
        <SFCF>1.227838179301761</SFCF>
        <CFR>0.024976729321332835</CFR>
        <CWH>0.19276544283378849</CWH>
        <CFGlacier>1</CFGlacier>
        <CFSlope>1</CFSlope>
        <FC>429.55617373808775</FC>
        <LP>0.99994360396033821</LP>
        <BETA>1.2785810228396963</BETA>
      </SubCatchmentVegetationZoneParameters>
    </SubCatchmentVegetationZone>
  </SubCatchment>
</Catchment>