<?xml version="1.0" encoding="utf-8"?>
<Catchment xmlns:xsi="http://www.w3.org/2001/XMLSchema-instance" xmlns:xsd="http://www.w3.org/2001/XMLSchema">
  <CatchmentParameters>
    <KSI>0.001</KSI>
    <KGmin>0.05</KGmin>
    <RangeKG>0.1</RangeKG>
    <AG>0.1</AG>
    <PERC>6.3115804403570177</PERC>
    <Alpha>0</Alpha>
    <UZL>68.022095175566477</UZL>
    <K0>0.0841672107460205</K0>
    <K1>0.17218580344345</K1>
    <K2>0.044840872038140134</K2>
    <MAXBAS>1.0001654845109331</MAXBAS>
    <Cet>0</Cet>
    <PCALT>10</PCALT>
    <TCALT>0.6</TCALT>
    <Pelev>3349</Pelev>
    <Telev>2921</Telev>
    <PART>0.5</PART>
    <DELAY>1</DELAY>
  </CatchmentParameters>
  <VegetationZone>
    <VegetationZoneParameters>
      <TT>-1.0422904239273849</TT>
      <CFMAX>4.1822529693041988</CFMAX>
      <SP>0</SP>
      <SFCF>1.0579489144022989</SFCF>
      <CFR>0.027368956545457172</CFR>
      <CWH>0.19999754137113002</CWH>
      <CFGlacier>1</CFGlacier>
      <CFSlope>1</CFSlope>
      <FC>218.56001514930674</FC>
      <LP>0.99999835204928822</LP>
      <BETA>1.1427081212322936</BETA>
    </VegetationZoneParameters>
  </VegetationZone>
  <SubCatchment>
    <SubCatchmentParameters>
      <KSI>0.001</KSI>
      <KGmin>0.05</KGmin>
      <RangeKG>0.1</RangeKG>
      <AG>0.1</AG>
      <PERC>6.3115804403570177</PERC>
      <Alpha>0</Alpha>
      <UZL>68.022095175566477</UZL>
      <K0>0.0841672107460205</K0>
      <K1>0.17218580344345</K1>
      <K2>0.044840872038140134</K2>
      <MAXBAS>1.0001654845109331</MAXBAS>
      <Cet>0</Cet>
      <PCALT>10</PCALT>
      <TCALT>0.6</TCALT>
      <Pelev>3349</Pelev>
      <Telev>2921</Telev>
      <PART>0.5</PART>
      <DELAY>1</DELAY>
    </SubCatchmentParameters>
    <SubCatchmentVegetationZone>
      <SubCatchmentVegetationZoneParameters>
        <TT>-1.0422904239273849</TT>
        <CFMAX>4.1822529693041988</CFMAX>
        <SP>0</SP>
        <SFCF>1.0579489144022989</SFCF>
        <CFR>0.027368956545457172</CFR>
        <CWH>0.19999754137113002</CWH>
        <CFGlacier>1</CFGlacier>
        <CFSlope>1</CFSlope>
        <FC>218.56001514930674</FC>
        <LP>0.99999835204928822</LP>
        <BETA>1.1427081212322936</BETA>
      </SubCatchmentVegetationZoneParameters>
    </SubCatchmentVegetationZone>
  </SubCatchment>
</Catchment>