<?xml version="1.0" encoding="utf-8"?>
<Catchment xmlns:xsi="http://www.w3.org/2001/XMLSchema-instance" xmlns:xsd="http://www.w3.org/2001/XMLSchema">
  <CatchmentParameters>
    <KSI>0.001</KSI>
    <KGmin>0.05</KGmin>
    <RangeKG>0.1</RangeKG>
    <AG>0.1</AG>
    <PERC>5.4532880536174684</PERC>
    <Alpha>0</Alpha>
    <UZL>88.715282576412648</UZL>
    <K0>0.20888374070829807</K0>
    <K1>0.17729124390261641</K1>
    <K2>0.042274235816655528</K2>
    <MAXBAS>1.0004782268033219</MAXBAS>
    <Cet>0</Cet>
    <PCALT>10</PCALT>
    <TCALT>0.6</TCALT>
    <Pelev>3349</Pelev>
    <Telev>2921</Telev>
    <PART>0.5</PART>
    <DELAY>1</DELAY>
  </CatchmentParameters>
  <VegetationZone>
    <VegetationZoneParameters>
      <TT>-1.6800058544464123</TT>
      <CFMAX>4.005173595007661</CFMAX>
      <SP>0</SP>
      <SFCF>1.2518193563707663</SFCF>
      <CFR>0.00075105872571631731</CFR>
      <CWH>0.1989964368884202</CWH>
      <CFGlacier>1</CFGlacier>
      <CFSlope>1</CFSlope>
      <FC>418.08670120412432</FC>
      <LP>0.99999828498920629</LP>
      <BETA>1.7172642200038764</BETA>
    </VegetationZoneParameters>
  </VegetationZone>
  <SubCatchment>
    <SubCatchmentParameters>
      <KSI>0.001</KSI>
      <KGmin>0.05</KGmin>
      <RangeKG>0.1</RangeKG>
      <AG>0.1</AG>
      <PERC>5.4532880536174684</PERC>
      <Alpha>0</Alpha>
      <UZL>88.715282576412648</UZL>
      <K0>0.20888374070829807</K0>
      <K1>0.17729124390261641</K1>
      <K2>0.042274235816655528</K2>
      <MAXBAS>1.0004782268033219</MAXBAS>
      <Cet>0</Cet>
      <PCALT>10</PCALT>
      <TCALT>0.6</TCALT>
      <Pelev>3349</Pelev>
      <Telev>2921</Telev>
      <PART>0.5</PART>
      <DELAY>1</DELAY>
    </SubCatchmentParameters>
    <SubCatchmentVegetationZone>
      <SubCatchmentVegetationZoneParameters>
        <TT>-1.6800058544464123</TT>
        <CFMAX>4.005173595007661</CFMAX>
        <SP>0</SP>
        <SFCF>1.2518193563707663</SFCF>
        <CFR>0.00075105872571631731</CFR>
        <CWH>0.1989964368884202</CWH>
        <CFGlacier>1</CFGlacier>
        <CFSlope>1</CFSlope>
        <FC>418.08670120412432</FC>
        <LP>0.99999828498920629</LP>
        <BETA>1.7172642200038764</BETA>
      </SubCatchmentVegetationZoneParameters>
    </SubCatchmentVegetationZone>
  </SubCatchment>
</Catchment>