<?xml version="1.0" encoding="utf-8"?>
<Catchment xmlns:xsi="http://www.w3.org/2001/XMLSchema-instance" xmlns:xsd="http://www.w3.org/2001/XMLSchema">
  <CatchmentParameters>
    <KSI>0.001</KSI>
    <KGmin>0.05</KGmin>
    <RangeKG>0.1</RangeKG>
    <AG>0.1</AG>
    <PERC>6.40566117859286</PERC>
    <Alpha>0</Alpha>
    <UZL>86.112430152311816</UZL>
    <K0>0.2805034412149473</K0>
    <K1>0.17978866086121592</K1>
    <K2>0.049019782438995164</K2>
    <MAXBAS>1.0063949665012097</MAXBAS>
    <Cet>0</Cet>
    <PCALT>10</PCALT>
    <TCALT>0.6</TCALT>
    <Pelev>3349</Pelev>
    <Telev>2921</Telev>
    <PART>0.5</PART>
    <DELAY>1</DELAY>
  </CatchmentParameters>
  <VegetationZone>
    <VegetationZoneParameters>
      <TT>-0.92799713104685633</TT>
      <CFMAX>4.5265004975452383</CFMAX>
      <SP>0</SP>
      <SFCF>1.118710820061769</SFCF>
      <CFR>0.02177107655598216</CFR>
      <CWH>0.19998860958121106</CWH>
      <CFGlacier>1</CFGlacier>
      <CFSlope>1</CFSlope>
      <FC>312.74441749847551</FC>
      <LP>0.99998909536248559</LP>
      <BETA>1.0160663745396066</BETA>
    </VegetationZoneParameters>
  </VegetationZone>
  <SubCatchment>
    <SubCatchmentParameters>
      <KSI>0.001</KSI>
      <KGmin>0.05</KGmin>
      <RangeKG>0.1</RangeKG>
      <AG>0.1</AG>
      <PERC>6.40566117859286</PERC>
      <Alpha>0</Alpha>
      <UZL>86.112430152311816</UZL>
      <K0>0.2805034412149473</K0>
      <K1>0.17978866086121592</K1>
      <K2>0.049019782438995164</K2>
      <MAXBAS>1.0063949665012097</MAXBAS>
      <Cet>0</Cet>
      <PCALT>10</PCALT>
      <TCALT>0.6</TCALT>
      <Pelev>3349</Pelev>
      <Telev>2921</Telev>
      <PART>0.5</PART>
      <DELAY>1</DELAY>
    </SubCatchmentParameters>
    <SubCatchmentVegetationZone>
      <SubCatchmentVegetationZoneParameters>
        <TT>-0.92799713104685633</TT>
        <CFMAX>4.5265004975452383</CFMAX>
        <SP>0</SP>
        <SFCF>1.118710820061769</SFCF>
        <CFR>0.02177107655598216</CFR>
        <CWH>0.19998860958121106</CWH>
        <CFGlacier>1</CFGlacier>
        <CFSlope>1</CFSlope>
        <FC>312.74441749847551</FC>
        <LP>0.99998909536248559</LP>
        <BETA>1.0160663745396066</BETA>
      </SubCatchmentVegetationZoneParameters>
    </SubCatchmentVegetationZone>
  </SubCatchment>
</Catchment>