<?xml version="1.0" encoding="utf-8"?>
<Catchment xmlns:xsi="http://www.w3.org/2001/XMLSchema-instance" xmlns:xsd="http://www.w3.org/2001/XMLSchema">
  <CatchmentParameters>
    <KSI>0.001</KSI>
    <KGmin>0.05</KGmin>
    <RangeKG>0.1</RangeKG>
    <AG>0.1</AG>
    <PERC>6.498705131661545</PERC>
    <Alpha>0</Alpha>
    <UZL>91.597240593275615</UZL>
    <K0>0.48326672107416013</K0>
    <K1>0.17819987207562676</K1>
    <K2>0.047957900803951944</K2>
    <MAXBAS>1.0000006410927589</MAXBAS>
    <Cet>0</Cet>
    <PCALT>10</PCALT>
    <TCALT>0.6</TCALT>
    <Pelev>3349</Pelev>
    <Telev>2921</Telev>
    <PART>0.5</PART>
    <DELAY>1</DELAY>
  </CatchmentParameters>
  <VegetationZone>
    <VegetationZoneParameters>
      <TT>0.21567098098365112</TT>
      <CFMAX>4.725848498050798</CFMAX>
      <SP>0</SP>
      <SFCF>0.93474907049133216</SFCF>
      <CFR>0.02747648247652618</CFR>
      <CWH>0.12090757446890081</CWH>
      <CFGlacier>1</CFGlacier>
      <CFSlope>1</CFSlope>
      <FC>134.48471556742661</FC>
      <LP>0.99999846320767827</LP>
      <BETA>1.0000052216162068</BETA>
    </VegetationZoneParameters>
  </VegetationZone>
  <SubCatchment>
    <SubCatchmentParameters>
      <KSI>0.001</KSI>
      <KGmin>0.05</KGmin>
      <RangeKG>0.1</RangeKG>
      <AG>0.1</AG>
      <PERC>6.498705131661545</PERC>
      <Alpha>0</Alpha>
      <UZL>91.597240593275615</UZL>
      <K0>0.48326672107416013</K0>
      <K1>0.17819987207562676</K1>
      <K2>0.047957900803951944</K2>
      <MAXBAS>1.0000006410927589</MAXBAS>
      <Cet>0</Cet>
      <PCALT>10</PCALT>
      <TCALT>0.6</TCALT>
      <Pelev>3349</Pelev>
      <Telev>2921</Telev>
      <PART>0.5</PART>
      <DELAY>1</DELAY>
    </SubCatchmentParameters>
    <SubCatchmentVegetationZone>
      <SubCatchmentVegetationZoneParameters>
        <TT>0.21567098098365112</TT>
        <CFMAX>4.725848498050798</CFMAX>
        <SP>0</SP>
        <SFCF>0.93474907049133216</SFCF>
        <CFR>0.02747648247652618</CFR>
        <CWH>0.12090757446890081</CWH>
        <CFGlacier>1</CFGlacier>
        <CFSlope>1</CFSlope>
        <FC>134.48471556742661</FC>
        <LP>0.99999846320767827</LP>
        <BETA>1.0000052216162068</BETA>
      </SubCatchmentVegetationZoneParameters>
    </SubCatchmentVegetationZone>
  </SubCatchment>
</Catchment>