<?xml version="1.0" encoding="utf-8"?>
<Catchment xmlns:xsi="http://www.w3.org/2001/XMLSchema-instance" xmlns:xsd="http://www.w3.org/2001/XMLSchema">
  <CatchmentParameters>
    <KSI>0.001</KSI>
    <KGmin>0.05</KGmin>
    <RangeKG>0.1</RangeKG>
    <AG>0.1</AG>
    <PERC>1.5816015174390303</PERC>
    <Alpha>0</Alpha>
    <UZL>73.463526499024255</UZL>
    <K0>0.13633394486426098</K0>
    <K1>0.057542877790973952</K1>
    <K2>0.010000004908898663</K2>
    <MAXBAS>1</MAXBAS>
    <Cet>0</Cet>
    <PCALT>10</PCALT>
    <TCALT>0.6</TCALT>
    <Pelev>3349</Pelev>
    <Telev>2921</Telev>
    <PART>0.5</PART>
    <DELAY>1</DELAY>
  </CatchmentParameters>
  <VegetationZone>
    <VegetationZoneParameters>
      <TT>-1.8548927011748186</TT>
      <CFMAX>4.1115634332990139</CFMAX>
      <SP>0</SP>
      <SFCF>1.3644166396851127</SFCF>
      <CFR>0.00018863153918456698</CFR>
      <CWH>0.10000035503413658</CWH>
      <CFGlacier>1</CFGlacier>
      <CFSlope>1</CFSlope>
      <FC>465.46866400862939</FC>
      <LP>0.80650382528566078</LP>
      <BETA>1.0078539832283231</BETA>
    </VegetationZoneParameters>
  </VegetationZone>
  <SubCatchment>
    <SubCatchmentParameters>
      <KSI>0.001</KSI>
      <KGmin>0.05</KGmin>
      <RangeKG>0.1</RangeKG>
      <AG>0.1</AG>
      <PERC>1.5816015174390303</PERC>
      <Alpha>0</Alpha>
      <UZL>73.463526499024255</UZL>
      <K0>0.13633394486426098</K0>
      <K1>0.057542877790973952</K1>
      <K2>0.010000004908898663</K2>
      <MAXBAS>1</MAXBAS>
      <Cet>0</Cet>
      <PCALT>10</PCALT>
      <TCALT>0.6</TCALT>
      <Pelev>3349</Pelev>
      <Telev>2921</Telev>
      <PART>0.5</PART>
      <DELAY>1</DELAY>
    </SubCatchmentParameters>
    <SubCatchmentVegetationZone>
      <SubCatchmentVegetationZoneParameters>
        <TT>-1.8548927011748186</TT>
        <CFMAX>4.1115634332990139</CFMAX>
        <SP>0</SP>
        <SFCF>1.3644166396851127</SFCF>
        <CFR>0.00018863153918456698</CFR>
        <CWH>0.10000035503413658</CWH>
        <CFGlacier>1</CFGlacier>
        <CFSlope>1</CFSlope>
        <FC>465.46866400862939</FC>
        <LP>0.80650382528566078</LP>
        <BETA>1.0078539832283231</BETA>
      </SubCatchmentVegetationZoneParameters>
    </SubCatchmentVegetationZone>
  </SubCatchment>
</Catchment>