<?xml version="1.0" encoding="utf-8"?>
<Catchment xmlns:xsi="http://www.w3.org/2001/XMLSchema-instance" xmlns:xsd="http://www.w3.org/2001/XMLSchema">
  <CatchmentParameters>
    <KSI>0.001</KSI>
    <KGmin>0.05</KGmin>
    <RangeKG>0.1</RangeKG>
    <AG>0.1</AG>
    <PERC>5.6631319048922126</PERC>
    <Alpha>0</Alpha>
    <UZL>115.61717580080342</UZL>
    <K0>0.43692721336757778</K0>
    <K1>0.15390905662092563</K1>
    <K2>0.034261730780394524</K2>
    <MAXBAS>1.0049352760344001</MAXBAS>
    <Cet>0</Cet>
    <PCALT>10</PCALT>
    <TCALT>0.6</TCALT>
    <Pelev>3349</Pelev>
    <Telev>2921</Telev>
    <PART>0.5</PART>
    <DELAY>1</DELAY>
  </CatchmentParameters>
  <VegetationZone>
    <VegetationZoneParameters>
      <TT>-1.2800188177559622</TT>
      <CFMAX>4.4778195449383045</CFMAX>
      <SP>0</SP>
      <SFCF>1.1868638820127528</SFCF>
      <CFR>0.053169062702003916</CFR>
      <CWH>0.1791886359180532</CWH>
      <CFGlacier>1</CFGlacier>
      <CFSlope>1</CFSlope>
      <FC>279.97257582930558</FC>
      <LP>0.91415961278075852</LP>
      <BETA>1.3863535095305026</BETA>
    </VegetationZoneParameters>
  </VegetationZone>
  <SubCatchment>
    <SubCatchmentParameters>
      <KSI>0.001</KSI>
      <KGmin>0.05</KGmin>
      <RangeKG>0.1</RangeKG>
      <AG>0.1</AG>
      <PERC>5.6631319048922126</PERC>
      <Alpha>0</Alpha>
      <UZL>115.61717580080342</UZL>
      <K0>0.43692721336757778</K0>
      <K1>0.15390905662092563</K1>
      <K2>0.034261730780394524</K2>
      <MAXBAS>1.0049352760344001</MAXBAS>
      <Cet>0</Cet>
      <PCALT>10</PCALT>
      <TCALT>0.6</TCALT>
      <Pelev>3349</Pelev>
      <Telev>2921</Telev>
      <PART>0.5</PART>
      <DELAY>1</DELAY>
    </SubCatchmentParameters>
    <SubCatchmentVegetationZone>
      <SubCatchmentVegetationZoneParameters>
        <TT>-1.2800188177559622</TT>
        <CFMAX>4.4778195449383045</CFMAX>
        <SP>0</SP>
        <SFCF>1.1868638820127528</SFCF>
        <CFR>0.053169062702003916</CFR>
        <CWH>0.1791886359180532</CWH>
        <CFGlacier>1</CFGlacier>
        <CFSlope>1</CFSlope>
        <FC>279.97257582930558</FC>
        <LP>0.91415961278075852</LP>
        <BETA>1.3863535095305026</BETA>
      </SubCatchmentVegetationZoneParameters>
    </SubCatchmentVegetationZone>
  </SubCatchment>
</Catchment>