<?xml version="1.0" encoding="utf-8"?>
<Catchment xmlns:xsi="http://www.w3.org/2001/XMLSchema-instance" xmlns:xsd="http://www.w3.org/2001/XMLSchema">
  <CatchmentParameters>
    <KSI>0.001</KSI>
    <KGmin>0.05</KGmin>
    <RangeKG>0.1</RangeKG>
    <AG>0.1</AG>
    <PERC>6.4835417164163145</PERC>
    <Alpha>0</Alpha>
    <UZL>64.726907810019043</UZL>
    <K0>0.540881614598185</K0>
    <K1>0.18746078367516197</K1>
    <K2>0.050311853864421906</K2>
    <MAXBAS>1.0000397393226839</MAXBAS>
    <Cet>0</Cet>
    <PCALT>10</PCALT>
    <TCALT>0.6</TCALT>
    <Pelev>3349</Pelev>
    <Telev>2921</Telev>
    <PART>0.5</PART>
    <DELAY>1</DELAY>
  </CatchmentParameters>
  <VegetationZone>
    <VegetationZoneParameters>
      <TT>-0.669988084758882</TT>
      <CFMAX>4.0831684956907361</CFMAX>
      <SP>0</SP>
      <SFCF>0.99375663797970437</SFCF>
      <CFR>0.05238843519786246</CFR>
      <CWH>0.1880193397325749</CWH>
      <CFGlacier>1</CFGlacier>
      <CFSlope>1</CFSlope>
      <FC>177.13434403834518</FC>
      <LP>0.99999999956149066</LP>
      <BETA>1.0000004083670604</BETA>
    </VegetationZoneParameters>
  </VegetationZone>
  <SubCatchment>
    <SubCatchmentParameters>
      <KSI>0.001</KSI>
      <KGmin>0.05</KGmin>
      <RangeKG>0.1</RangeKG>
      <AG>0.1</AG>
      <PERC>6.4835417164163145</PERC>
      <Alpha>0</Alpha>
      <UZL>64.726907810019043</UZL>
      <K0>0.540881614598185</K0>
      <K1>0.18746078367516197</K1>
      <K2>0.050311853864421906</K2>
      <MAXBAS>1.0000397393226839</MAXBAS>
      <Cet>0</Cet>
      <PCALT>10</PCALT>
      <TCALT>0.6</TCALT>
      <Pelev>3349</Pelev>
      <Telev>2921</Telev>
      <PART>0.5</PART>
      <DELAY>1</DELAY>
    </SubCatchmentParameters>
    <SubCatchmentVegetationZone>
      <SubCatchmentVegetationZoneParameters>
        <TT>-0.669988084758882</TT>
        <CFMAX>4.0831684956907361</CFMAX>
        <SP>0</SP>
        <SFCF>0.99375663797970437</SFCF>
        <CFR>0.05238843519786246</CFR>
        <CWH>0.1880193397325749</CWH>
        <CFGlacier>1</CFGlacier>
        <CFSlope>1</CFSlope>
        <FC>177.13434403834518</FC>
        <LP>0.99999999956149066</LP>
        <BETA>1.0000004083670604</BETA>
      </SubCatchmentVegetationZoneParameters>
    </SubCatchmentVegetationZone>
  </SubCatchment>
</Catchment>