<?xml version="1.0" encoding="utf-8"?>
<Catchment xmlns:xsi="http://www.w3.org/2001/XMLSchema-instance" xmlns:xsd="http://www.w3.org/2001/XMLSchema">
  <CatchmentParameters>
    <KSI>0.001</KSI>
    <KGmin>0.05</KGmin>
    <RangeKG>0.1</RangeKG>
    <AG>0.1</AG>
    <PERC>6.2611505045783238</PERC>
    <Alpha>0</Alpha>
    <UZL>182.43594265174744</UZL>
    <K0>0.56427501102251709</K0>
    <K1>0.18822633367444283</K1>
    <K2>0.047893213571862395</K2>
    <MAXBAS>1.0029658364693008</MAXBAS>
    <Cet>0</Cet>
    <PCALT>10</PCALT>
    <TCALT>0.6</TCALT>
    <Pelev>3349</Pelev>
    <Telev>2921</Telev>
    <PART>0.5</PART>
    <DELAY>1</DELAY>
  </CatchmentParameters>
  <VegetationZone>
    <VegetationZoneParameters>
      <TT>-1.5120008539279126</TT>
      <CFMAX>4.2600282213279481</CFMAX>
      <SP>0</SP>
      <SFCF>1.2366435204807589</SFCF>
      <CFR>0.028491881338960176</CFR>
      <CWH>0.19996538560985591</CWH>
      <CFGlacier>1</CFGlacier>
      <CFSlope>1</CFSlope>
      <FC>440.21685756997738</FC>
      <LP>0.9999848357608826</LP>
      <BETA>1.3780951736996681</BETA>
    </VegetationZoneParameters>
  </VegetationZone>
  <SubCatchment>
    <SubCatchmentParameters>
      <KSI>0.001</KSI>
      <KGmin>0.05</KGmin>
      <RangeKG>0.1</RangeKG>
      <AG>0.1</AG>
      <PERC>6.2611505045783238</PERC>
      <Alpha>0</Alpha>
      <UZL>182.43594265174744</UZL>
      <K0>0.56427501102251709</K0>
      <K1>0.18822633367444283</K1>
      <K2>0.047893213571862395</K2>
      <MAXBAS>1.0029658364693008</MAXBAS>
      <Cet>0</Cet>
      <PCALT>10</PCALT>
      <TCALT>0.6</TCALT>
      <Pelev>3349</Pelev>
      <Telev>2921</Telev>
      <PART>0.5</PART>
      <DELAY>1</DELAY>
    </SubCatchmentParameters>
    <SubCatchmentVegetationZone>
      <SubCatchmentVegetationZoneParameters>
        <TT>-1.5120008539279126</TT>
        <CFMAX>4.2600282213279481</CFMAX>
        <SP>0</SP>
        <SFCF>1.2366435204807589</SFCF>
        <CFR>0.028491881338960176</CFR>
        <CWH>0.19996538560985591</CWH>
        <CFGlacier>1</CFGlacier>
        <CFSlope>1</CFSlope>
        <FC>440.21685756997738</FC>
        <LP>0.9999848357608826</LP>
        <BETA>1.3780951736996681</BETA>
      </SubCatchmentVegetationZoneParameters>
    </SubCatchmentVegetationZone>
  </SubCatchment>
</Catchment>