<?xml version="1.0" encoding="utf-8"?>
<Catchment xmlns:xsi="http://www.w3.org/2001/XMLSchema-instance" xmlns:xsd="http://www.w3.org/2001/XMLSchema">
  <CatchmentParameters>
    <KSI>0.001</KSI>
    <KGmin>0.05</KGmin>
    <RangeKG>0.1</RangeKG>
    <AG>0.1</AG>
    <PERC>6.2141689710717563</PERC>
    <Alpha>0</Alpha>
    <UZL>104.8990050320301</UZL>
    <K0>0.32857156282516653</K0>
    <K1>0.17976545818541523</K1>
    <K2>0.046331449371031549</K2>
    <MAXBAS>1.0037308972084917</MAXBAS>
    <Cet>0</Cet>
    <PCALT>10</PCALT>
    <TCALT>0.6</TCALT>
    <Pelev>3349</Pelev>
    <Telev>2921</Telev>
    <PART>0.5</PART>
    <DELAY>1</DELAY>
  </CatchmentParameters>
  <VegetationZone>
    <VegetationZoneParameters>
      <TT>-1.4249370854839625</TT>
      <CFMAX>4.2577184522943909</CFMAX>
      <SP>0</SP>
      <SFCF>1.2130947530751848</SFCF>
      <CFR>0.027660755050046257</CFR>
      <CWH>0.17482294344731944</CWH>
      <CFGlacier>1</CFGlacier>
      <CFSlope>1</CFSlope>
      <FC>389.99966342554922</FC>
      <LP>0.99999332867429891</LP>
      <BETA>1.3947216339300612</BETA>
    </VegetationZoneParameters>
  </VegetationZone>
  <SubCatchment>
    <SubCatchmentParameters>
      <KSI>0.001</KSI>
      <KGmin>0.05</KGmin>
      <RangeKG>0.1</RangeKG>
      <AG>0.1</AG>
      <PERC>6.2141689710717563</PERC>
      <Alpha>0</Alpha>
      <UZL>104.8990050320301</UZL>
      <K0>0.32857156282516653</K0>
      <K1>0.17976545818541523</K1>
      <K2>0.046331449371031549</K2>
      <MAXBAS>1.0037308972084917</MAXBAS>
      <Cet>0</Cet>
      <PCALT>10</PCALT>
      <TCALT>0.6</TCALT>
      <Pelev>3349</Pelev>
      <Telev>2921</Telev>
      <PART>0.5</PART>
      <DELAY>1</DELAY>
    </SubCatchmentParameters>
    <SubCatchmentVegetationZone>
      <SubCatchmentVegetationZoneParameters>
        <TT>-1.4249370854839625</TT>
        <CFMAX>4.2577184522943909</CFMAX>
        <SP>0</SP>
        <SFCF>1.2130947530751848</SFCF>
        <CFR>0.027660755050046257</CFR>
        <CWH>0.17482294344731944</CWH>
        <CFGlacier>1</CFGlacier>
        <CFSlope>1</CFSlope>
        <FC>389.99966342554922</FC>
        <LP>0.99999332867429891</LP>
        <BETA>1.3947216339300612</BETA>
      </SubCatchmentVegetationZoneParameters>
    </SubCatchmentVegetationZone>
  </SubCatchment>
</Catchment>