<?xml version="1.0" encoding="utf-8"?>
<Catchment xmlns:xsi="http://www.w3.org/2001/XMLSchema-instance" xmlns:xsd="http://www.w3.org/2001/XMLSchema">
  <CatchmentParameters>
    <KSI>0.001</KSI>
    <KGmin>0.05</KGmin>
    <RangeKG>0.1</RangeKG>
    <AG>0.1</AG>
    <PERC>1.1772814218340884</PERC>
    <Alpha>0</Alpha>
    <UZL>93.168028817422424</UZL>
    <K0>0.17790085958275587</K0>
    <K1>0.059752581221999938</K1>
    <K2>0.010000014545510938</K2>
    <MAXBAS>1</MAXBAS>
    <Cet>0</Cet>
    <PCALT>10</PCALT>
    <TCALT>0.6</TCALT>
    <Pelev>3349</Pelev>
    <Telev>2921</Telev>
    <PART>0.5</PART>
    <DELAY>1</DELAY>
  </CatchmentParameters>
  <VegetationZone>
    <VegetationZoneParameters>
      <TT>-1.8963598855057775</TT>
      <CFMAX>4.5549099272861575</CFMAX>
      <SP>0</SP>
      <SFCF>1.4775031392680416</SFCF>
      <CFR>0.030927814557944969</CFR>
      <CWH>0.18427729172243285</CWH>
      <CFGlacier>1</CFGlacier>
      <CFSlope>1</CFSlope>
      <FC>1934.6117499098648</FC>
      <LP>0.91950958808557692</LP>
      <BETA>1.2992487356226685</BETA>
    </VegetationZoneParameters>
  </VegetationZone>
  <SubCatchment>
    <SubCatchmentParameters>
      <KSI>0.001</KSI>
      <KGmin>0.05</KGmin>
      <RangeKG>0.1</RangeKG>
      <AG>0.1</AG>
      <PERC>1.1772814218340884</PERC>
      <Alpha>0</Alpha>
      <UZL>93.168028817422424</UZL>
      <K0>0.17790085958275587</K0>
      <K1>0.059752581221999938</K1>
      <K2>0.010000014545510938</K2>
      <MAXBAS>1</MAXBAS>
      <Cet>0</Cet>
      <PCALT>10</PCALT>
      <TCALT>0.6</TCALT>
      <Pelev>3349</Pelev>
      <Telev>2921</Telev>
      <PART>0.5</PART>
      <DELAY>1</DELAY>
    </SubCatchmentParameters>
    <SubCatchmentVegetationZone>
      <SubCatchmentVegetationZoneParameters>
        <TT>-1.8963598855057775</TT>
        <CFMAX>4.5549099272861575</CFMAX>
        <SP>0</SP>
        <SFCF>1.4775031392680416</SFCF>
        <CFR>0.030927814557944969</CFR>
        <CWH>0.18427729172243285</CWH>
        <CFGlacier>1</CFGlacier>
        <CFSlope>1</CFSlope>
        <FC>1934.6117499098648</FC>
        <LP>0.91950958808557692</LP>
        <BETA>1.2992487356226685</BETA>
      </SubCatchmentVegetationZoneParameters>
    </SubCatchmentVegetationZone>
  </SubCatchment>
</Catchment>