<?xml version="1.0" encoding="utf-8"?>
<Catchment xmlns:xsi="http://www.w3.org/2001/XMLSchema-instance" xmlns:xsd="http://www.w3.org/2001/XMLSchema">
  <CatchmentParameters>
    <KSI>0.001</KSI>
    <KGmin>0.05</KGmin>
    <RangeKG>0.1</RangeKG>
    <AG>0.1</AG>
    <PERC>1.1977596912753536</PERC>
    <Alpha>0</Alpha>
    <UZL>81.3335607430124</UZL>
    <K0>0.15345035509683191</K0>
    <K1>0.054495961872799266</K1>
    <K2>0.010000002583249372</K2>
    <MAXBAS>1</MAXBAS>
    <Cet>0</Cet>
    <PCALT>10</PCALT>
    <TCALT>0.6</TCALT>
    <Pelev>3349</Pelev>
    <Telev>2921</Telev>
    <PART>0.5</PART>
    <DELAY>1</DELAY>
  </CatchmentParameters>
  <VegetationZone>
    <VegetationZoneParameters>
      <TT>-2.4800028909389678</TT>
      <CFMAX>3.7847962102237465</CFMAX>
      <SP>0</SP>
      <SFCF>1.4444294250958714</SFCF>
      <CFR>0.07535064795472457</CFR>
      <CWH>0.10761599266565071</CWH>
      <CFGlacier>1</CFGlacier>
      <CFSlope>1</CFSlope>
      <FC>765.29452595699524</FC>
      <LP>0.89124661708670216</LP>
      <BETA>1.0231509478922163</BETA>
    </VegetationZoneParameters>
  </VegetationZone>
  <SubCatchment>
    <SubCatchmentParameters>
      <KSI>0.001</KSI>
      <KGmin>0.05</KGmin>
      <RangeKG>0.1</RangeKG>
      <AG>0.1</AG>
      <PERC>1.1977596912753536</PERC>
      <Alpha>0</Alpha>
      <UZL>81.3335607430124</UZL>
      <K0>0.15345035509683191</K0>
      <K1>0.054495961872799266</K1>
      <K2>0.010000002583249372</K2>
      <MAXBAS>1</MAXBAS>
      <Cet>0</Cet>
      <PCALT>10</PCALT>
      <TCALT>0.6</TCALT>
      <Pelev>3349</Pelev>
      <Telev>2921</Telev>
      <PART>0.5</PART>
      <DELAY>1</DELAY>
    </SubCatchmentParameters>
    <SubCatchmentVegetationZone>
      <SubCatchmentVegetationZoneParameters>
        <TT>-2.4800028909389678</TT>
        <CFMAX>3.7847962102237465</CFMAX>
        <SP>0</SP>
        <SFCF>1.4444294250958714</SFCF>
        <CFR>0.07535064795472457</CFR>
        <CWH>0.10761599266565071</CWH>
        <CFGlacier>1</CFGlacier>
        <CFSlope>1</CFSlope>
        <FC>765.29452595699524</FC>
        <LP>0.89124661708670216</LP>
        <BETA>1.0231509478922163</BETA>
      </SubCatchmentVegetationZoneParameters>
    </SubCatchmentVegetationZone>
  </SubCatchment>
</Catchment>