<?xml version="1.0" encoding="utf-8"?>
<Catchment xmlns:xsi="http://www.w3.org/2001/XMLSchema-instance" xmlns:xsd="http://www.w3.org/2001/XMLSchema">
  <CatchmentParameters>
    <KSI>0.001</KSI>
    <KGmin>0.05</KGmin>
    <RangeKG>0.1</RangeKG>
    <AG>0.1</AG>
    <PERC>6.4337873596760753</PERC>
    <Alpha>0</Alpha>
    <UZL>83.91553044787139</UZL>
    <K0>0.57161127376607157</K0>
    <K1>0.18542989679528</K1>
    <K2>0.048681681286346361</K2>
    <MAXBAS>1.0000497453810688</MAXBAS>
    <Cet>0</Cet>
    <PCALT>10</PCALT>
    <TCALT>0.6</TCALT>
    <Pelev>3349</Pelev>
    <Telev>2921</Telev>
    <PART>0.5</PART>
    <DELAY>1</DELAY>
  </CatchmentParameters>
  <VegetationZone>
    <VegetationZoneParameters>
      <TT>-0.4700610755287622</TT>
      <CFMAX>4.28123010794122</CFMAX>
      <SP>0</SP>
      <SFCF>1.0003915969681405</SFCF>
      <CFR>0.019857741564556733</CFR>
      <CWH>0.18613028135967152</CWH>
      <CFGlacier>1</CFGlacier>
      <CFSlope>1</CFSlope>
      <FC>182.03119646711267</FC>
      <LP>0.999992134232656</LP>
      <BETA>1.0000026643752256</BETA>
    </VegetationZoneParameters>
  </VegetationZone>
  <SubCatchment>
    <SubCatchmentParameters>
      <KSI>0.001</KSI>
      <KGmin>0.05</KGmin>
      <RangeKG>0.1</RangeKG>
      <AG>0.1</AG>
      <PERC>6.4337873596760753</PERC>
      <Alpha>0</Alpha>
      <UZL>83.91553044787139</UZL>
      <K0>0.57161127376607157</K0>
      <K1>0.18542989679528</K1>
      <K2>0.048681681286346361</K2>
      <MAXBAS>1.0000497453810688</MAXBAS>
      <Cet>0</Cet>
      <PCALT>10</PCALT>
      <TCALT>0.6</TCALT>
      <Pelev>3349</Pelev>
      <Telev>2921</Telev>
      <PART>0.5</PART>
      <DELAY>1</DELAY>
    </SubCatchmentParameters>
    <SubCatchmentVegetationZone>
      <SubCatchmentVegetationZoneParameters>
        <TT>-0.4700610755287622</TT>
        <CFMAX>4.28123010794122</CFMAX>
        <SP>0</SP>
        <SFCF>1.0003915969681405</SFCF>
        <CFR>0.019857741564556733</CFR>
        <CWH>0.18613028135967152</CWH>
        <CFGlacier>1</CFGlacier>
        <CFSlope>1</CFSlope>
        <FC>182.03119646711267</FC>
        <LP>0.999992134232656</LP>
        <BETA>1.0000026643752256</BETA>
      </SubCatchmentVegetationZoneParameters>
    </SubCatchmentVegetationZone>
  </SubCatchment>
</Catchment>