<?xml version="1.0" encoding="utf-8"?>
<Catchment xmlns:xsi="http://www.w3.org/2001/XMLSchema-instance" xmlns:xsd="http://www.w3.org/2001/XMLSchema">
  <CatchmentParameters>
    <KSI>0.001</KSI>
    <KGmin>0.05</KGmin>
    <RangeKG>0.1</RangeKG>
    <AG>0.1</AG>
    <PERC>2.3046392135535192</PERC>
    <Alpha>0</Alpha>
    <UZL>79.586784005808141</UZL>
    <K0>0.15421849233406357</K0>
    <K1>0.0523491195639665</K1>
    <K2>0.010000023498910958</K2>
    <MAXBAS>1</MAXBAS>
    <Cet>0</Cet>
    <PCALT>10</PCALT>
    <TCALT>0.6</TCALT>
    <Pelev>3349</Pelev>
    <Telev>2921</Telev>
    <PART>0.5</PART>
    <DELAY>1</DELAY>
  </CatchmentParameters>
  <VegetationZone>
    <VegetationZoneParameters>
      <TT>-1.8685483402195084</TT>
      <CFMAX>3.062431196043581</CFMAX>
      <SP>0</SP>
      <SFCF>1.036937882697502</SFCF>
      <CFR>0.039180646800193161</CFR>
      <CWH>0.19999850292983371</CWH>
      <CFGlacier>1</CFGlacier>
      <CFSlope>1</CFSlope>
      <FC>53.3470239215701</FC>
      <LP>0.34810072151977905</LP>
      <BETA>1.3600558064932089</BETA>
    </VegetationZoneParameters>
  </VegetationZone>
  <SubCatchment>
    <SubCatchmentParameters>
      <KSI>0.001</KSI>
      <KGmin>0.05</KGmin>
      <RangeKG>0.1</RangeKG>
      <AG>0.1</AG>
      <PERC>2.3046392135535192</PERC>
      <Alpha>0</Alpha>
      <UZL>79.586784005808141</UZL>
      <K0>0.15421849233406357</K0>
      <K1>0.0523491195639665</K1>
      <K2>0.010000023498910958</K2>
      <MAXBAS>1</MAXBAS>
      <Cet>0</Cet>
      <PCALT>10</PCALT>
      <TCALT>0.6</TCALT>
      <Pelev>3349</Pelev>
      <Telev>2921</Telev>
      <PART>0.5</PART>
      <DELAY>1</DELAY>
    </SubCatchmentParameters>
    <SubCatchmentVegetationZone>
      <SubCatchmentVegetationZoneParameters>
        <TT>-1.8685483402195084</TT>
        <CFMAX>3.062431196043581</CFMAX>
        <SP>0</SP>
        <SFCF>1.036937882697502</SFCF>
        <CFR>0.039180646800193161</CFR>
        <CWH>0.19999850292983371</CWH>
        <CFGlacier>1</CFGlacier>
        <CFSlope>1</CFSlope>
        <FC>53.3470239215701</FC>
        <LP>0.34810072151977905</LP>
        <BETA>1.3600558064932089</BETA>
      </SubCatchmentVegetationZoneParameters>
    </SubCatchmentVegetationZone>
  </SubCatchment>
</Catchment>