<?xml version="1.0" encoding="utf-8"?>
<Catchment xmlns:xsi="http://www.w3.org/2001/XMLSchema-instance" xmlns:xsd="http://www.w3.org/2001/XMLSchema">
  <CatchmentParameters>
    <KSI>0.001</KSI>
    <KGmin>0.05</KGmin>
    <RangeKG>0.1</RangeKG>
    <AG>0.1</AG>
    <PERC>1.9263740323534415</PERC>
    <Alpha>0</Alpha>
    <UZL>97.671596985967881</UZL>
    <K0>0.16079126555701478</K0>
    <K1>0.045655196459969682</K1>
    <K2>0.010000001320998689</K2>
    <MAXBAS>1</MAXBAS>
    <Cet>0</Cet>
    <PCALT>10</PCALT>
    <TCALT>0.6</TCALT>
    <Pelev>3349</Pelev>
    <Telev>2921</Telev>
    <PART>0.5</PART>
    <DELAY>1</DELAY>
  </CatchmentParameters>
  <VegetationZone>
    <VegetationZoneParameters>
      <TT>-1.9699972959021619</TT>
      <CFMAX>3.3836246570049062</CFMAX>
      <SP>0</SP>
      <SFCF>1.178009830568757</SFCF>
      <CFR>8.44886191547898E-05</CFR>
      <CWH>0.14439043484874317</CWH>
      <CFGlacier>1</CFGlacier>
      <CFSlope>1</CFSlope>
      <FC>172.64662041781182</FC>
      <LP>0.87963272501967371</LP>
      <BETA>1.8343858327705578</BETA>
    </VegetationZoneParameters>
  </VegetationZone>
  <SubCatchment>
    <SubCatchmentParameters>
      <KSI>0.001</KSI>
      <KGmin>0.05</KGmin>
      <RangeKG>0.1</RangeKG>
      <AG>0.1</AG>
      <PERC>1.9263740323534415</PERC>
      <Alpha>0</Alpha>
      <UZL>97.671596985967881</UZL>
      <K0>0.16079126555701478</K0>
      <K1>0.045655196459969682</K1>
      <K2>0.010000001320998689</K2>
      <MAXBAS>1</MAXBAS>
      <Cet>0</Cet>
      <PCALT>10</PCALT>
      <TCALT>0.6</TCALT>
      <Pelev>3349</Pelev>
      <Telev>2921</Telev>
      <PART>0.5</PART>
      <DELAY>1</DELAY>
    </SubCatchmentParameters>
    <SubCatchmentVegetationZone>
      <SubCatchmentVegetationZoneParameters>
        <TT>-1.9699972959021619</TT>
        <CFMAX>3.3836246570049062</CFMAX>
        <SP>0</SP>
        <SFCF>1.178009830568757</SFCF>
        <CFR>8.44886191547898E-05</CFR>
        <CWH>0.14439043484874317</CWH>
        <CFGlacier>1</CFGlacier>
        <CFSlope>1</CFSlope>
        <FC>172.64662041781182</FC>
        <LP>0.87963272501967371</LP>
        <BETA>1.8343858327705578</BETA>
      </SubCatchmentVegetationZoneParameters>
    </SubCatchmentVegetationZone>
  </SubCatchment>
</Catchment>