<?xml version="1.0" encoding="utf-8"?>
<Catchment xmlns:xsi="http://www.w3.org/2001/XMLSchema-instance" xmlns:xsd="http://www.w3.org/2001/XMLSchema">
  <CatchmentParameters>
    <KSI>0.001</KSI>
    <KGmin>0.05</KGmin>
    <RangeKG>0.1</RangeKG>
    <AG>0.1</AG>
    <PERC>6.2562874087095581</PERC>
    <Alpha>0</Alpha>
    <UZL>90.502312442788991</UZL>
    <K0>0.33846660893519881</K0>
    <K1>0.18743311029978799</K1>
    <K2>0.050115518550094468</K2>
    <MAXBAS>1.0001107823786501</MAXBAS>
    <Cet>0</Cet>
    <PCALT>10</PCALT>
    <TCALT>0.6</TCALT>
    <Pelev>3349</Pelev>
    <Telev>2921</Telev>
    <PART>0.5</PART>
    <DELAY>1</DELAY>
  </CatchmentParameters>
  <VegetationZone>
    <VegetationZoneParameters>
      <TT>-1.5120063892949456</TT>
      <CFMAX>4.3669104798894676</CFMAX>
      <SP>0</SP>
      <SFCF>1.2874048429498048</SFCF>
      <CFR>0.00039739446287709014</CFR>
      <CWH>0.19999572608499688</CWH>
      <CFGlacier>1</CFGlacier>
      <CFSlope>1</CFSlope>
      <FC>543.28917795644554</FC>
      <LP>0.99999763989796187</LP>
      <BETA>1.5328815591807707</BETA>
    </VegetationZoneParameters>
  </VegetationZone>
  <SubCatchment>
    <SubCatchmentParameters>
      <KSI>0.001</KSI>
      <KGmin>0.05</KGmin>
      <RangeKG>0.1</RangeKG>
      <AG>0.1</AG>
      <PERC>6.2562874087095581</PERC>
      <Alpha>0</Alpha>
      <UZL>90.502312442788991</UZL>
      <K0>0.33846660893519881</K0>
      <K1>0.18743311029978799</K1>
      <K2>0.050115518550094468</K2>
      <MAXBAS>1.0001107823786501</MAXBAS>
      <Cet>0</Cet>
      <PCALT>10</PCALT>
      <TCALT>0.6</TCALT>
      <Pelev>3349</Pelev>
      <Telev>2921</Telev>
      <PART>0.5</PART>
      <DELAY>1</DELAY>
    </SubCatchmentParameters>
    <SubCatchmentVegetationZone>
      <SubCatchmentVegetationZoneParameters>
        <TT>-1.5120063892949456</TT>
        <CFMAX>4.3669104798894676</CFMAX>
        <SP>0</SP>
        <SFCF>1.2874048429498048</SFCF>
        <CFR>0.00039739446287709014</CFR>
        <CWH>0.19999572608499688</CWH>
        <CFGlacier>1</CFGlacier>
        <CFSlope>1</CFSlope>
        <FC>543.28917795644554</FC>
        <LP>0.99999763989796187</LP>
        <BETA>1.5328815591807707</BETA>
      </SubCatchmentVegetationZoneParameters>
    </SubCatchmentVegetationZone>
  </SubCatchment>
</Catchment>