<?xml version="1.0" encoding="utf-8"?>
<Catchment xmlns:xsi="http://www.w3.org/2001/XMLSchema-instance" xmlns:xsd="http://www.w3.org/2001/XMLSchema">
  <CatchmentParameters>
    <KSI>0.001</KSI>
    <KGmin>0.05</KGmin>
    <RangeKG>0.1</RangeKG>
    <AG>0.1</AG>
    <PERC>6.3723986161944159</PERC>
    <Alpha>0</Alpha>
    <UZL>107.54902785392739</UZL>
    <K0>0.49243128693850169</K0>
    <K1>0.17486935335649526</K1>
    <K2>0.042536066830502969</K2>
    <MAXBAS>1.004874349850702</MAXBAS>
    <Cet>0</Cet>
    <PCALT>10</PCALT>
    <TCALT>0.6</TCALT>
    <Pelev>3349</Pelev>
    <Telev>2921</Telev>
    <PART>0.5</PART>
    <DELAY>1</DELAY>
  </CatchmentParameters>
  <VegetationZone>
    <VegetationZoneParameters>
      <TT>-1.3700030479259151</TT>
      <CFMAX>4.3111027657156518</CFMAX>
      <SP>0</SP>
      <SFCF>1.1953418750547271</SFCF>
      <CFR>0.026904067267212967</CFR>
      <CWH>0.19220282969541486</CWH>
      <CFGlacier>1</CFGlacier>
      <CFSlope>1</CFSlope>
      <FC>330.7176284340577</FC>
      <LP>0.99345604920419728</LP>
      <BETA>1.3481239045338262</BETA>
    </VegetationZoneParameters>
  </VegetationZone>
  <SubCatchment>
    <SubCatchmentParameters>
      <KSI>0.001</KSI>
      <KGmin>0.05</KGmin>
      <RangeKG>0.1</RangeKG>
      <AG>0.1</AG>
      <PERC>6.3723986161944159</PERC>
      <Alpha>0</Alpha>
      <UZL>107.54902785392739</UZL>
      <K0>0.49243128693850169</K0>
      <K1>0.17486935335649526</K1>
      <K2>0.042536066830502969</K2>
      <MAXBAS>1.004874349850702</MAXBAS>
      <Cet>0</Cet>
      <PCALT>10</PCALT>
      <TCALT>0.6</TCALT>
      <Pelev>3349</Pelev>
      <Telev>2921</Telev>
      <PART>0.5</PART>
      <DELAY>1</DELAY>
    </SubCatchmentParameters>
    <SubCatchmentVegetationZone>
      <SubCatchmentVegetationZoneParameters>
        <TT>-1.3700030479259151</TT>
        <CFMAX>4.3111027657156518</CFMAX>
        <SP>0</SP>
        <SFCF>1.1953418750547271</SFCF>
        <CFR>0.026904067267212967</CFR>
        <CWH>0.19220282969541486</CWH>
        <CFGlacier>1</CFGlacier>
        <CFSlope>1</CFSlope>
        <FC>330.7176284340577</FC>
        <LP>0.99345604920419728</LP>
        <BETA>1.3481239045338262</BETA>
      </SubCatchmentVegetationZoneParameters>
    </SubCatchmentVegetationZone>
  </SubCatchment>
</Catchment>