<?xml version="1.0" encoding="utf-8"?>
<Catchment xmlns:xsi="http://www.w3.org/2001/XMLSchema-instance" xmlns:xsd="http://www.w3.org/2001/XMLSchema">
  <CatchmentParameters>
    <KSI>0.001</KSI>
    <KGmin>0.05</KGmin>
    <RangeKG>0.1</RangeKG>
    <AG>0.1</AG>
    <PERC>6.5119954895718051</PERC>
    <Alpha>0</Alpha>
    <UZL>127.2706348779903</UZL>
    <K0>0.49964150739833513</K0>
    <K1>0.21632493275009354</K1>
    <K2>0.052916447616407382</K2>
    <MAXBAS>1.0071942880726976</MAXBAS>
    <Cet>0</Cet>
    <PCALT>10</PCALT>
    <TCALT>0.6</TCALT>
    <Pelev>3349</Pelev>
    <Telev>2921</Telev>
    <PART>0.5</PART>
    <DELAY>1</DELAY>
  </CatchmentParameters>
  <VegetationZone>
    <VegetationZoneParameters>
      <TT>-0.5382406715286604</TT>
      <CFMAX>3.7699601644035852</CFMAX>
      <SP>0</SP>
      <SFCF>0.92913055055755367</SFCF>
      <CFR>0.04592933950348569</CFR>
      <CWH>0.18048401856257737</CWH>
      <CFGlacier>1</CFGlacier>
      <CFSlope>1</CFSlope>
      <FC>120.07843966310183</FC>
      <LP>0.99999482704687581</LP>
      <BETA>1.0000002478877912</BETA>
    </VegetationZoneParameters>
  </VegetationZone>
  <SubCatchment>
    <SubCatchmentParameters>
      <KSI>0.001</KSI>
      <KGmin>0.05</KGmin>
      <RangeKG>0.1</RangeKG>
      <AG>0.1</AG>
      <PERC>6.5119954895718051</PERC>
      <Alpha>0</Alpha>
      <UZL>127.2706348779903</UZL>
      <K0>0.49964150739833513</K0>
      <K1>0.21632493275009354</K1>
      <K2>0.052916447616407382</K2>
      <MAXBAS>1.0071942880726976</MAXBAS>
      <Cet>0</Cet>
      <PCALT>10</PCALT>
      <TCALT>0.6</TCALT>
      <Pelev>3349</Pelev>
      <Telev>2921</Telev>
      <PART>0.5</PART>
      <DELAY>1</DELAY>
    </SubCatchmentParameters>
    <SubCatchmentVegetationZone>
      <SubCatchmentVegetationZoneParameters>
        <TT>-0.5382406715286604</TT>
        <CFMAX>3.7699601644035852</CFMAX>
        <SP>0</SP>
        <SFCF>0.92913055055755367</SFCF>
        <CFR>0.04592933950348569</CFR>
        <CWH>0.18048401856257737</CWH>
        <CFGlacier>1</CFGlacier>
        <CFSlope>1</CFSlope>
        <FC>120.07843966310183</FC>
        <LP>0.99999482704687581</LP>
        <BETA>1.0000002478877912</BETA>
      </SubCatchmentVegetationZoneParameters>
    </SubCatchmentVegetationZone>
  </SubCatchment>
</Catchment>