<?xml version="1.0" encoding="utf-8"?>
<Catchment xmlns:xsi="http://www.w3.org/2001/XMLSchema-instance" xmlns:xsd="http://www.w3.org/2001/XMLSchema">
  <CatchmentParameters>
    <KSI>0.001</KSI>
    <KGmin>0.05</KGmin>
    <RangeKG>0.1</RangeKG>
    <AG>0.1</AG>
    <PERC>6.3146627888361007</PERC>
    <Alpha>0</Alpha>
    <UZL>68.8434464321704</UZL>
    <K0>0.1331561782137573</K0>
    <K1>0.18365406106364804</K1>
    <K2>0.048949063929471043</K2>
    <MAXBAS>1.0000747807140216</MAXBAS>
    <Cet>0</Cet>
    <PCALT>10</PCALT>
    <TCALT>0.6</TCALT>
    <Pelev>3349</Pelev>
    <Telev>2921</Telev>
    <PART>0.5</PART>
    <DELAY>1</DELAY>
  </CatchmentParameters>
  <VegetationZone>
    <VegetationZoneParameters>
      <TT>-1.5120023707614048</TT>
      <CFMAX>4.3789161140108472</CFMAX>
      <SP>0</SP>
      <SFCF>1.2767937212435643</SFCF>
      <CFR>0.028037687550927937</CFR>
      <CWH>0.13553217699213913</CWH>
      <CFGlacier>1</CFGlacier>
      <CFSlope>1</CFSlope>
      <FC>508.48241501516242</FC>
      <LP>0.99999514832979919</LP>
      <BETA>1.7342754927728143</BETA>
    </VegetationZoneParameters>
  </VegetationZone>
  <SubCatchment>
    <SubCatchmentParameters>
      <KSI>0.001</KSI>
      <KGmin>0.05</KGmin>
      <RangeKG>0.1</RangeKG>
      <AG>0.1</AG>
      <PERC>6.3146627888361007</PERC>
      <Alpha>0</Alpha>
      <UZL>68.8434464321704</UZL>
      <K0>0.1331561782137573</K0>
      <K1>0.18365406106364804</K1>
      <K2>0.048949063929471043</K2>
      <MAXBAS>1.0000747807140216</MAXBAS>
      <Cet>0</Cet>
      <PCALT>10</PCALT>
      <TCALT>0.6</TCALT>
      <Pelev>3349</Pelev>
      <Telev>2921</Telev>
      <PART>0.5</PART>
      <DELAY>1</DELAY>
    </SubCatchmentParameters>
    <SubCatchmentVegetationZone>
      <SubCatchmentVegetationZoneParameters>
        <TT>-1.5120023707614048</TT>
        <CFMAX>4.3789161140108472</CFMAX>
        <SP>0</SP>
        <SFCF>1.2767937212435643</SFCF>
        <CFR>0.028037687550927937</CFR>
        <CWH>0.13553217699213913</CWH>
        <CFGlacier>1</CFGlacier>
        <CFSlope>1</CFSlope>
        <FC>508.48241501516242</FC>
        <LP>0.99999514832979919</LP>
        <BETA>1.7342754927728143</BETA>
      </SubCatchmentVegetationZoneParameters>
    </SubCatchmentVegetationZone>
  </SubCatchment>
</Catchment>