<?xml version="1.0" encoding="utf-8"?>
<Catchment xmlns:xsi="http://www.w3.org/2001/XMLSchema-instance" xmlns:xsd="http://www.w3.org/2001/XMLSchema">
  <CatchmentParameters>
    <KSI>0.001</KSI>
    <KGmin>0.05</KGmin>
    <RangeKG>0.1</RangeKG>
    <AG>0.1</AG>
    <PERC>6.3838158111285912</PERC>
    <Alpha>0</Alpha>
    <UZL>114.95486545101623</UZL>
    <K0>0.45633052785341777</K0>
    <K1>0.18900401568721262</K1>
    <K2>0.052265127974738118</K2>
    <MAXBAS>1.0000534819250357</MAXBAS>
    <Cet>0</Cet>
    <PCALT>10</PCALT>
    <TCALT>0.6</TCALT>
    <Pelev>3349</Pelev>
    <Telev>2921</Telev>
    <PART>0.5</PART>
    <DELAY>1</DELAY>
  </CatchmentParameters>
  <VegetationZone>
    <VegetationZoneParameters>
      <TT>-0.927999700238261</TT>
      <CFMAX>4.1650911982160137</CFMAX>
      <SP>0</SP>
      <SFCF>1.0621617945286848</SFCF>
      <CFR>0.022998736620555189</CFR>
      <CWH>0.19999739759814392</CWH>
      <CFGlacier>1</CFGlacier>
      <CFSlope>1</CFSlope>
      <FC>238.82046170113077</FC>
      <LP>0.99999745730915779</LP>
      <BETA>1.0000222000422339</BETA>
    </VegetationZoneParameters>
  </VegetationZone>
  <SubCatchment>
    <SubCatchmentParameters>
      <KSI>0.001</KSI>
      <KGmin>0.05</KGmin>
      <RangeKG>0.1</RangeKG>
      <AG>0.1</AG>
      <PERC>6.3838158111285912</PERC>
      <Alpha>0</Alpha>
      <UZL>114.95486545101623</UZL>
      <K0>0.45633052785341777</K0>
      <K1>0.18900401568721262</K1>
      <K2>0.052265127974738118</K2>
      <MAXBAS>1.0000534819250357</MAXBAS>
      <Cet>0</Cet>
      <PCALT>10</PCALT>
      <TCALT>0.6</TCALT>
      <Pelev>3349</Pelev>
      <Telev>2921</Telev>
      <PART>0.5</PART>
      <DELAY>1</DELAY>
    </SubCatchmentParameters>
    <SubCatchmentVegetationZone>
      <SubCatchmentVegetationZoneParameters>
        <TT>-0.927999700238261</TT>
        <CFMAX>4.1650911982160137</CFMAX>
        <SP>0</SP>
        <SFCF>1.0621617945286848</SFCF>
        <CFR>0.022998736620555189</CFR>
        <CWH>0.19999739759814392</CWH>
        <CFGlacier>1</CFGlacier>
        <CFSlope>1</CFSlope>
        <FC>238.82046170113077</FC>
        <LP>0.99999745730915779</LP>
        <BETA>1.0000222000422339</BETA>
      </SubCatchmentVegetationZoneParameters>
    </SubCatchmentVegetationZone>
  </SubCatchment>
</Catchment>