<?xml version="1.0" encoding="utf-8"?>
<Catchment xmlns:xsi="http://www.w3.org/2001/XMLSchema-instance" xmlns:xsd="http://www.w3.org/2001/XMLSchema">
  <CatchmentParameters>
    <KSI>0.001</KSI>
    <KGmin>0.05</KGmin>
    <RangeKG>0.1</RangeKG>
    <AG>0.1</AG>
    <PERC>6.3061757357741435</PERC>
    <Alpha>0</Alpha>
    <UZL>57.55271829967247</UZL>
    <K0>0.50431671333821093</K0>
    <K1>0.18168857084067153</K1>
    <K2>0.047353765680304069</K2>
    <MAXBAS>1.0002651542194623</MAXBAS>
    <Cet>0</Cet>
    <PCALT>10</PCALT>
    <TCALT>0.6</TCALT>
    <Pelev>3349</Pelev>
    <Telev>2921</Telev>
    <PART>0.5</PART>
    <DELAY>1</DELAY>
  </CatchmentParameters>
  <VegetationZone>
    <VegetationZoneParameters>
      <TT>-1.0699956120015561</TT>
      <CFMAX>4.0960827029901674</CFMAX>
      <SP>0</SP>
      <SFCF>1.0785890050515692</SFCF>
      <CFR>0.025779160456573084</CFR>
      <CWH>0.19999120394987335</CWH>
      <CFGlacier>1</CFGlacier>
      <CFSlope>1</CFSlope>
      <FC>243.97614227724182</FC>
      <LP>0.999991959995856</LP>
      <BETA>1.0743173631046799</BETA>
    </VegetationZoneParameters>
  </VegetationZone>
  <SubCatchment>
    <SubCatchmentParameters>
      <KSI>0.001</KSI>
      <KGmin>0.05</KGmin>
      <RangeKG>0.1</RangeKG>
      <AG>0.1</AG>
      <PERC>6.3061757357741435</PERC>
      <Alpha>0</Alpha>
      <UZL>57.55271829967247</UZL>
      <K0>0.50431671333821093</K0>
      <K1>0.18168857084067153</K1>
      <K2>0.047353765680304069</K2>
      <MAXBAS>1.0002651542194623</MAXBAS>
      <Cet>0</Cet>
      <PCALT>10</PCALT>
      <TCALT>0.6</TCALT>
      <Pelev>3349</Pelev>
      <Telev>2921</Telev>
      <PART>0.5</PART>
      <DELAY>1</DELAY>
    </SubCatchmentParameters>
    <SubCatchmentVegetationZone>
      <SubCatchmentVegetationZoneParameters>
        <TT>-1.0699956120015561</TT>
        <CFMAX>4.0960827029901674</CFMAX>
        <SP>0</SP>
        <SFCF>1.0785890050515692</SFCF>
        <CFR>0.025779160456573084</CFR>
        <CWH>0.19999120394987335</CWH>
        <CFGlacier>1</CFGlacier>
        <CFSlope>1</CFSlope>
        <FC>243.97614227724182</FC>
        <LP>0.999991959995856</LP>
        <BETA>1.0743173631046799</BETA>
      </SubCatchmentVegetationZoneParameters>
    </SubCatchmentVegetationZone>
  </SubCatchment>
</Catchment>