<?xml version="1.0" encoding="utf-8"?>
<Catchment xmlns:xsi="http://www.w3.org/2001/XMLSchema-instance" xmlns:xsd="http://www.w3.org/2001/XMLSchema">
  <CatchmentParameters>
    <KSI>0.001</KSI>
    <KGmin>0.05</KGmin>
    <RangeKG>0.1</RangeKG>
    <AG>0.1</AG>
    <PERC>6.5088707133940265</PERC>
    <Alpha>0</Alpha>
    <UZL>73.334915401236955</UZL>
    <K0>0.49405974885082365</K0>
    <K1>0.17729613885790432</K1>
    <K2>0.04818668568278018</K2>
    <MAXBAS>1.0000924855312261</MAXBAS>
    <Cet>0</Cet>
    <PCALT>10</PCALT>
    <TCALT>0.6</TCALT>
    <Pelev>3349</Pelev>
    <Telev>2921</Telev>
    <PART>0.5</PART>
    <DELAY>1</DELAY>
  </CatchmentParameters>
  <VegetationZone>
    <VegetationZoneParameters>
      <TT>-0.73999171451506918</TT>
      <CFMAX>4.609659921662181</CFMAX>
      <SP>0</SP>
      <SFCF>1.09618366060834</SFCF>
      <CFR>0.0199579816136237</CFR>
      <CWH>0.1916270262747049</CWH>
      <CFGlacier>1</CFGlacier>
      <CFSlope>1</CFSlope>
      <FC>282.359792387131</FC>
      <LP>0.99999622603681582</LP>
      <BETA>1.0000072787867025</BETA>
    </VegetationZoneParameters>
  </VegetationZone>
  <SubCatchment>
    <SubCatchmentParameters>
      <KSI>0.001</KSI>
      <KGmin>0.05</KGmin>
      <RangeKG>0.1</RangeKG>
      <AG>0.1</AG>
      <PERC>6.5088707133940265</PERC>
      <Alpha>0</Alpha>
      <UZL>73.334915401236955</UZL>
      <K0>0.49405974885082365</K0>
      <K1>0.17729613885790432</K1>
      <K2>0.04818668568278018</K2>
      <MAXBAS>1.0000924855312261</MAXBAS>
      <Cet>0</Cet>
      <PCALT>10</PCALT>
      <TCALT>0.6</TCALT>
      <Pelev>3349</Pelev>
      <Telev>2921</Telev>
      <PART>0.5</PART>
      <DELAY>1</DELAY>
    </SubCatchmentParameters>
    <SubCatchmentVegetationZone>
      <SubCatchmentVegetationZoneParameters>
        <TT>-0.73999171451506918</TT>
        <CFMAX>4.609659921662181</CFMAX>
        <SP>0</SP>
        <SFCF>1.09618366060834</SFCF>
        <CFR>0.0199579816136237</CFR>
        <CWH>0.1916270262747049</CWH>
        <CFGlacier>1</CFGlacier>
        <CFSlope>1</CFSlope>
        <FC>282.359792387131</FC>
        <LP>0.99999622603681582</LP>
        <BETA>1.0000072787867025</BETA>
      </SubCatchmentVegetationZoneParameters>
    </SubCatchmentVegetationZone>
  </SubCatchment>
</Catchment>