<?xml version="1.0" encoding="utf-8"?>
<Catchment xmlns:xsi="http://www.w3.org/2001/XMLSchema-instance" xmlns:xsd="http://www.w3.org/2001/XMLSchema">
  <CatchmentParameters>
    <KSI>0.001</KSI>
    <KGmin>0.05</KGmin>
    <RangeKG>0.1</RangeKG>
    <AG>0.1</AG>
    <PERC>1.7546652851202353</PERC>
    <Alpha>0</Alpha>
    <UZL>83.529109224965779</UZL>
    <K0>0.14750503652285454</K0>
    <K1>0.055994091346941048</K1>
    <K2>0.010000000378114635</K2>
    <MAXBAS>1</MAXBAS>
    <Cet>0</Cet>
    <PCALT>10</PCALT>
    <TCALT>0.6</TCALT>
    <Pelev>3349</Pelev>
    <Telev>2921</Telev>
    <PART>0.5</PART>
    <DELAY>1</DELAY>
  </CatchmentParameters>
  <VegetationZone>
    <VegetationZoneParameters>
      <TT>-2.1380041075234817</TT>
      <CFMAX>3.5292318184132956</CFMAX>
      <SP>0</SP>
      <SFCF>1.2747222939604721</SFCF>
      <CFR>0.00011855889614329096</CFR>
      <CWH>0.12903674221136557</CWH>
      <CFGlacier>1</CFGlacier>
      <CFSlope>1</CFSlope>
      <FC>300.89237005053218</FC>
      <LP>0.91964290929465176</LP>
      <BETA>1.2983124333962279</BETA>
    </VegetationZoneParameters>
  </VegetationZone>
  <SubCatchment>
    <SubCatchmentParameters>
      <KSI>0.001</KSI>
      <KGmin>0.05</KGmin>
      <RangeKG>0.1</RangeKG>
      <AG>0.1</AG>
      <PERC>1.7546652851202353</PERC>
      <Alpha>0</Alpha>
      <UZL>83.529109224965779</UZL>
      <K0>0.14750503652285454</K0>
      <K1>0.055994091346941048</K1>
      <K2>0.010000000378114635</K2>
      <MAXBAS>1</MAXBAS>
      <Cet>0</Cet>
      <PCALT>10</PCALT>
      <TCALT>0.6</TCALT>
      <Pelev>3349</Pelev>
      <Telev>2921</Telev>
      <PART>0.5</PART>
      <DELAY>1</DELAY>
    </SubCatchmentParameters>
    <SubCatchmentVegetationZone>
      <SubCatchmentVegetationZoneParameters>
        <TT>-2.1380041075234817</TT>
        <CFMAX>3.5292318184132956</CFMAX>
        <SP>0</SP>
        <SFCF>1.2747222939604721</SFCF>
        <CFR>0.00011855889614329096</CFR>
        <CWH>0.12903674221136557</CWH>
        <CFGlacier>1</CFGlacier>
        <CFSlope>1</CFSlope>
        <FC>300.89237005053218</FC>
        <LP>0.91964290929465176</LP>
        <BETA>1.2983124333962279</BETA>
      </SubCatchmentVegetationZoneParameters>
    </SubCatchmentVegetationZone>
  </SubCatchment>
</Catchment>