<?xml version="1.0" encoding="utf-8"?>
<Catchment xmlns:xsi="http://www.w3.org/2001/XMLSchema-instance" xmlns:xsd="http://www.w3.org/2001/XMLSchema">
  <CatchmentParameters>
    <KSI>0.001</KSI>
    <KGmin>0.05</KGmin>
    <RangeKG>0.1</RangeKG>
    <AG>0.1</AG>
    <PERC>1.3824493265814153</PERC>
    <Alpha>0</Alpha>
    <UZL>85.2937317814012</UZL>
    <K0>0.14145154007781857</K0>
    <K1>0.0517327936754983</K1>
    <K2>0.010000004688806333</K2>
    <MAXBAS>1</MAXBAS>
    <Cet>0</Cet>
    <PCALT>10</PCALT>
    <TCALT>0.6</TCALT>
    <Pelev>3349</Pelev>
    <Telev>2921</Telev>
    <PART>0.5</PART>
    <DELAY>1</DELAY>
  </CatchmentParameters>
  <VegetationZone>
    <VegetationZoneParameters>
      <TT>-1.8697729854229013</TT>
      <CFMAX>3.9162898413239353</CFMAX>
      <SP>0</SP>
      <SFCF>1.2932438356870422</SFCF>
      <CFR>0.0055545814571582568</CFR>
      <CWH>0.10000006111416378</CWH>
      <CFGlacier>1</CFGlacier>
      <CFSlope>1</CFSlope>
      <FC>390.92990502911584</FC>
      <LP>0.94329951869485273</LP>
      <BETA>1.0135660869561955</BETA>
    </VegetationZoneParameters>
  </VegetationZone>
  <SubCatchment>
    <SubCatchmentParameters>
      <KSI>0.001</KSI>
      <KGmin>0.05</KGmin>
      <RangeKG>0.1</RangeKG>
      <AG>0.1</AG>
      <PERC>1.3824493265814153</PERC>
      <Alpha>0</Alpha>
      <UZL>85.2937317814012</UZL>
      <K0>0.14145154007781857</K0>
      <K1>0.0517327936754983</K1>
      <K2>0.010000004688806333</K2>
      <MAXBAS>1</MAXBAS>
      <Cet>0</Cet>
      <PCALT>10</PCALT>
      <TCALT>0.6</TCALT>
      <Pelev>3349</Pelev>
      <Telev>2921</Telev>
      <PART>0.5</PART>
      <DELAY>1</DELAY>
    </SubCatchmentParameters>
    <SubCatchmentVegetationZone>
      <SubCatchmentVegetationZoneParameters>
        <TT>-1.8697729854229013</TT>
        <CFMAX>3.9162898413239353</CFMAX>
        <SP>0</SP>
        <SFCF>1.2932438356870422</SFCF>
        <CFR>0.0055545814571582568</CFR>
        <CWH>0.10000006111416378</CWH>
        <CFGlacier>1</CFGlacier>
        <CFSlope>1</CFSlope>
        <FC>390.92990502911584</FC>
        <LP>0.94329951869485273</LP>
        <BETA>1.0135660869561955</BETA>
      </SubCatchmentVegetationZoneParameters>
    </SubCatchmentVegetationZone>
  </SubCatchment>
</Catchment>