<?xml version="1.0" encoding="utf-8"?>
<Catchment xmlns:xsi="http://www.w3.org/2001/XMLSchema-instance" xmlns:xsd="http://www.w3.org/2001/XMLSchema">
  <CatchmentParameters>
    <KSI>0.001</KSI>
    <KGmin>0.05</KGmin>
    <RangeKG>0.1</RangeKG>
    <AG>0.1</AG>
    <PERC>2.6715398658052845</PERC>
    <Alpha>0</Alpha>
    <UZL>169.71911464563149</UZL>
    <K0>0.30257308966348545</K0>
    <K1>0.093938400834930658</K1>
    <K2>0.010000001663115017</K2>
    <MAXBAS>1</MAXBAS>
    <Cet>0</Cet>
    <PCALT>10</PCALT>
    <TCALT>0.6</TCALT>
    <Pelev>3349</Pelev>
    <Telev>2921</Telev>
    <PART>0.5</PART>
    <DELAY>1</DELAY>
  </CatchmentParameters>
  <VegetationZone>
    <VegetationZoneParameters>
      <TT>-1.211999434215661</TT>
      <CFMAX>3.9589483041439419</CFMAX>
      <SP>0</SP>
      <SFCF>1.0802524938944111</SFCF>
      <CFR>0.023534311223612943</CFR>
      <CWH>0.1450499442441211</CWH>
      <CFGlacier>1</CFGlacier>
      <CFSlope>1</CFSlope>
      <FC>114.96853164757137</FC>
      <LP>0.8936386188160933</LP>
      <BETA>1.4699921490501353</BETA>
    </VegetationZoneParameters>
  </VegetationZone>
  <SubCatchment>
    <SubCatchmentParameters>
      <KSI>0.001</KSI>
      <KGmin>0.05</KGmin>
      <RangeKG>0.1</RangeKG>
      <AG>0.1</AG>
      <PERC>2.6715398658052845</PERC>
      <Alpha>0</Alpha>
      <UZL>169.71911464563149</UZL>
      <K0>0.30257308966348545</K0>
      <K1>0.093938400834930658</K1>
      <K2>0.010000001663115017</K2>
      <MAXBAS>1</MAXBAS>
      <Cet>0</Cet>
      <PCALT>10</PCALT>
      <TCALT>0.6</TCALT>
      <Pelev>3349</Pelev>
      <Telev>2921</Telev>
      <PART>0.5</PART>
      <DELAY>1</DELAY>
    </SubCatchmentParameters>
    <SubCatchmentVegetationZone>
      <SubCatchmentVegetationZoneParameters>
        <TT>-1.211999434215661</TT>
        <CFMAX>3.9589483041439419</CFMAX>
        <SP>0</SP>
        <SFCF>1.0802524938944111</SFCF>
        <CFR>0.023534311223612943</CFR>
        <CWH>0.1450499442441211</CWH>
        <CFGlacier>1</CFGlacier>
        <CFSlope>1</CFSlope>
        <FC>114.96853164757137</FC>
        <LP>0.8936386188160933</LP>
        <BETA>1.4699921490501353</BETA>
      </SubCatchmentVegetationZoneParameters>
    </SubCatchmentVegetationZone>
  </SubCatchment>
</Catchment>