<?xml version="1.0" encoding="utf-8"?>
<Catchment xmlns:xsi="http://www.w3.org/2001/XMLSchema-instance" xmlns:xsd="http://www.w3.org/2001/XMLSchema">
  <CatchmentParameters>
    <KSI>0.001</KSI>
    <KGmin>0.05</KGmin>
    <RangeKG>0.1</RangeKG>
    <AG>0.1</AG>
    <PERC>6.155773342058362</PERC>
    <Alpha>0</Alpha>
    <UZL>104.40689879820843</UZL>
    <K0>0.49206044458259629</K0>
    <K1>0.17979972652971341</K1>
    <K2>0.042795255453356759</K2>
    <MAXBAS>1.0000004735707289</MAXBAS>
    <Cet>0</Cet>
    <PCALT>10</PCALT>
    <TCALT>0.6</TCALT>
    <Pelev>3349</Pelev>
    <Telev>2921</Telev>
    <PART>0.5</PART>
    <DELAY>1</DELAY>
  </CatchmentParameters>
  <VegetationZone>
    <VegetationZoneParameters>
      <TT>-1.3915048103198793</TT>
      <CFMAX>3.7703732782014039</CFMAX>
      <SP>0</SP>
      <SFCF>1.0939746832548187</SFCF>
      <CFR>0.029560632129106104</CFR>
      <CWH>0.19999918386942406</CWH>
      <CFGlacier>1</CFGlacier>
      <CFSlope>1</CFSlope>
      <FC>224.57997627424777</FC>
      <LP>0.99998535016249934</LP>
      <BETA>1.3019762540291227</BETA>
    </VegetationZoneParameters>
  </VegetationZone>
  <SubCatchment>
    <SubCatchmentParameters>
      <KSI>0.001</KSI>
      <KGmin>0.05</KGmin>
      <RangeKG>0.1</RangeKG>
      <AG>0.1</AG>
      <PERC>6.155773342058362</PERC>
      <Alpha>0</Alpha>
      <UZL>104.40689879820843</UZL>
      <K0>0.49206044458259629</K0>
      <K1>0.17979972652971341</K1>
      <K2>0.042795255453356759</K2>
      <MAXBAS>1.0000004735707289</MAXBAS>
      <Cet>0</Cet>
      <PCALT>10</PCALT>
      <TCALT>0.6</TCALT>
      <Pelev>3349</Pelev>
      <Telev>2921</Telev>
      <PART>0.5</PART>
      <DELAY>1</DELAY>
    </SubCatchmentParameters>
    <SubCatchmentVegetationZone>
      <SubCatchmentVegetationZoneParameters>
        <TT>-1.3915048103198793</TT>
        <CFMAX>3.7703732782014039</CFMAX>
        <SP>0</SP>
        <SFCF>1.0939746832548187</SFCF>
        <CFR>0.029560632129106104</CFR>
        <CWH>0.19999918386942406</CWH>
        <CFGlacier>1</CFGlacier>
        <CFSlope>1</CFSlope>
        <FC>224.57997627424777</FC>
        <LP>0.99998535016249934</LP>
        <BETA>1.3019762540291227</BETA>
      </SubCatchmentVegetationZoneParameters>
    </SubCatchmentVegetationZone>
  </SubCatchment>
</Catchment>