<?xml version="1.0" encoding="utf-8"?>
<Catchment xmlns:xsi="http://www.w3.org/2001/XMLSchema-instance" xmlns:xsd="http://www.w3.org/2001/XMLSchema">
  <CatchmentParameters>
    <KSI>0.001</KSI>
    <KGmin>0.05</KGmin>
    <RangeKG>0.1</RangeKG>
    <AG>0.1</AG>
    <PERC>4.5716388206257621</PERC>
    <Alpha>0</Alpha>
    <UZL>35.017774821467682</UZL>
    <K0>0.12455780053488344</K0>
    <K1>0.060671622702744211</K1>
    <K2>0.038713277436474521</K2>
    <MAXBAS>1.0085960196489348</MAXBAS>
    <Cet>0</Cet>
    <PCALT>10</PCALT>
    <TCALT>0.6</TCALT>
    <Pelev>3349</Pelev>
    <Telev>2921</Telev>
    <PART>0.5</PART>
    <DELAY>1</DELAY>
  </CatchmentParameters>
  <VegetationZone>
    <VegetationZoneParameters>
      <TT>-0.82254968583615207</TT>
      <CFMAX>4.507790648126706</CFMAX>
      <SP>0</SP>
      <SFCF>1.0888005743055627</SFCF>
      <CFR>0.020937778890273834</CFR>
      <CWH>0.1437268020922173</CWH>
      <CFGlacier>1</CFGlacier>
      <CFSlope>1</CFSlope>
      <FC>231.22746539417778</FC>
      <LP>0.99998991703202367</LP>
      <BETA>1.0000018944831861</BETA>
    </VegetationZoneParameters>
  </VegetationZone>
  <SubCatchment>
    <SubCatchmentParameters>
      <KSI>0.001</KSI>
      <KGmin>0.05</KGmin>
      <RangeKG>0.1</RangeKG>
      <AG>0.1</AG>
      <PERC>4.5716388206257621</PERC>
      <Alpha>0</Alpha>
      <UZL>35.017774821467682</UZL>
      <K0>0.12455780053488344</K0>
      <K1>0.060671622702744211</K1>
      <K2>0.038713277436474521</K2>
      <MAXBAS>1.0085960196489348</MAXBAS>
      <Cet>0</Cet>
      <PCALT>10</PCALT>
      <TCALT>0.6</TCALT>
      <Pelev>3349</Pelev>
      <Telev>2921</Telev>
      <PART>0.5</PART>
      <DELAY>1</DELAY>
    </SubCatchmentParameters>
    <SubCatchmentVegetationZone>
      <SubCatchmentVegetationZoneParameters>
        <TT>-0.82254968583615207</TT>
        <CFMAX>4.507790648126706</CFMAX>
        <SP>0</SP>
        <SFCF>1.0888005743055627</SFCF>
        <CFR>0.020937778890273834</CFR>
        <CWH>0.1437268020922173</CWH>
        <CFGlacier>1</CFGlacier>
        <CFSlope>1</CFSlope>
        <FC>231.22746539417778</FC>
        <LP>0.99998991703202367</LP>
        <BETA>1.0000018944831861</BETA>
      </SubCatchmentVegetationZoneParameters>
    </SubCatchmentVegetationZone>
  </SubCatchment>
</Catchment>