<?xml version="1.0" encoding="utf-8"?>
<Catchment xmlns:xsi="http://www.w3.org/2001/XMLSchema-instance" xmlns:xsd="http://www.w3.org/2001/XMLSchema">
  <CatchmentParameters>
    <KSI>0.001</KSI>
    <KGmin>0.05</KGmin>
    <RangeKG>0.1</RangeKG>
    <AG>0.1</AG>
    <PERC>1.4781843637904919</PERC>
    <Alpha>0</Alpha>
    <UZL>59.450730390713261</UZL>
    <K0>0.11908275204873337</K0>
    <K1>0.052426624844151747</K1>
    <K2>0.010000001832441124</K2>
    <MAXBAS>1</MAXBAS>
    <Cet>0</Cet>
    <PCALT>10</PCALT>
    <TCALT>0.6</TCALT>
    <Pelev>3349</Pelev>
    <Telev>2921</Telev>
    <PART>0.5</PART>
    <DELAY>1</DELAY>
  </CatchmentParameters>
  <VegetationZone>
    <VegetationZoneParameters>
      <TT>-2.4800133995536968</TT>
      <CFMAX>3.3402590740520162</CFMAX>
      <SP>0</SP>
      <SFCF>1.3268290566258252</SFCF>
      <CFR>4.2451455626224457E-07</CFR>
      <CWH>0.19932557505532747</CWH>
      <CFGlacier>1</CFGlacier>
      <CFSlope>1</CFSlope>
      <FC>393.800220534237</FC>
      <LP>0.96964408338779973</LP>
      <BETA>1.2379605376657266</BETA>
    </VegetationZoneParameters>
  </VegetationZone>
  <SubCatchment>
    <SubCatchmentParameters>
      <KSI>0.001</KSI>
      <KGmin>0.05</KGmin>
      <RangeKG>0.1</RangeKG>
      <AG>0.1</AG>
      <PERC>1.4781843637904919</PERC>
      <Alpha>0</Alpha>
      <UZL>59.450730390713261</UZL>
      <K0>0.11908275204873337</K0>
      <K1>0.052426624844151747</K1>
      <K2>0.010000001832441124</K2>
      <MAXBAS>1</MAXBAS>
      <Cet>0</Cet>
      <PCALT>10</PCALT>
      <TCALT>0.6</TCALT>
      <Pelev>3349</Pelev>
      <Telev>2921</Telev>
      <PART>0.5</PART>
      <DELAY>1</DELAY>
    </SubCatchmentParameters>
    <SubCatchmentVegetationZone>
      <SubCatchmentVegetationZoneParameters>
        <TT>-2.4800133995536968</TT>
        <CFMAX>3.3402590740520162</CFMAX>
        <SP>0</SP>
        <SFCF>1.3268290566258252</SFCF>
        <CFR>4.2451455626224457E-07</CFR>
        <CWH>0.19932557505532747</CWH>
        <CFGlacier>1</CFGlacier>
        <CFSlope>1</CFSlope>
        <FC>393.800220534237</FC>
        <LP>0.96964408338779973</LP>
        <BETA>1.2379605376657266</BETA>
      </SubCatchmentVegetationZoneParameters>
    </SubCatchmentVegetationZone>
  </SubCatchment>
</Catchment>