<?xml version="1.0" encoding="utf-8"?>
<Catchment xmlns:xsi="http://www.w3.org/2001/XMLSchema-instance" xmlns:xsd="http://www.w3.org/2001/XMLSchema">
  <CatchmentParameters>
    <KSI>0.001</KSI>
    <KGmin>0.05</KGmin>
    <RangeKG>0.1</RangeKG>
    <AG>0.1</AG>
    <PERC>6.9426072225396</PERC>
    <Alpha>0</Alpha>
    <UZL>137.42339163587639</UZL>
    <K0>0.13618371856904715</K0>
    <K1>0.19400688525950408</K1>
    <K2>0.054825695202214184</K2>
    <MAXBAS>1.0000363008136897</MAXBAS>
    <Cet>0</Cet>
    <PCALT>10</PCALT>
    <TCALT>0.6</TCALT>
    <Pelev>3349</Pelev>
    <Telev>2921</Telev>
    <PART>0.5</PART>
    <DELAY>1</DELAY>
  </CatchmentParameters>
  <VegetationZone>
    <VegetationZoneParameters>
      <TT>-0.32700590486226</TT>
      <CFMAX>4.7789951560846617</CFMAX>
      <SP>0</SP>
      <SFCF>1.0594760088951931</SFCF>
      <CFR>0.026749099593456643</CFR>
      <CWH>0.13958357757496126</CWH>
      <CFGlacier>1</CFGlacier>
      <CFSlope>1</CFSlope>
      <FC>272.97659813974047</FC>
      <LP>0.99999493041108922</LP>
      <BETA>1.000002583885685</BETA>
    </VegetationZoneParameters>
  </VegetationZone>
  <SubCatchment>
    <SubCatchmentParameters>
      <KSI>0.001</KSI>
      <KGmin>0.05</KGmin>
      <RangeKG>0.1</RangeKG>
      <AG>0.1</AG>
      <PERC>6.9426072225396</PERC>
      <Alpha>0</Alpha>
      <UZL>137.42339163587639</UZL>
      <K0>0.13618371856904715</K0>
      <K1>0.19400688525950408</K1>
      <K2>0.054825695202214184</K2>
      <MAXBAS>1.0000363008136897</MAXBAS>
      <Cet>0</Cet>
      <PCALT>10</PCALT>
      <TCALT>0.6</TCALT>
      <Pelev>3349</Pelev>
      <Telev>2921</Telev>
      <PART>0.5</PART>
      <DELAY>1</DELAY>
    </SubCatchmentParameters>
    <SubCatchmentVegetationZone>
      <SubCatchmentVegetationZoneParameters>
        <TT>-0.32700590486226</TT>
        <CFMAX>4.7789951560846617</CFMAX>
        <SP>0</SP>
        <SFCF>1.0594760088951931</SFCF>
        <CFR>0.026749099593456643</CFR>
        <CWH>0.13958357757496126</CWH>
        <CFGlacier>1</CFGlacier>
        <CFSlope>1</CFSlope>
        <FC>272.97659813974047</FC>
        <LP>0.99999493041108922</LP>
        <BETA>1.000002583885685</BETA>
      </SubCatchmentVegetationZoneParameters>
    </SubCatchmentVegetationZone>
  </SubCatchment>
</Catchment>