<?xml version="1.0" encoding="utf-8"?>
<Catchment xmlns:xsi="http://www.w3.org/2001/XMLSchema-instance" xmlns:xsd="http://www.w3.org/2001/XMLSchema">
  <CatchmentParameters>
    <KSI>0.001</KSI>
    <KGmin>0.05</KGmin>
    <RangeKG>0.1</RangeKG>
    <AG>0.1</AG>
    <PERC>6.4599525148317563</PERC>
    <Alpha>0</Alpha>
    <UZL>97.493762665857787</UZL>
    <K0>0.502254777015869</K0>
    <K1>0.17711118266259585</K1>
    <K2>0.047594316613721752</K2>
    <MAXBAS>1.0001060253945286</MAXBAS>
    <Cet>0</Cet>
    <PCALT>10</PCALT>
    <TCALT>0.6</TCALT>
    <Pelev>3349</Pelev>
    <Telev>2921</Telev>
    <PART>0.5</PART>
    <DELAY>1</DELAY>
  </CatchmentParameters>
  <VegetationZone>
    <VegetationZoneParameters>
      <TT>-0.90796866799204778</TT>
      <CFMAX>4.5160807483233523</CFMAX>
      <SP>0</SP>
      <SFCF>1.1078282230546181</SFCF>
      <CFR>0.02163281616681061</CFR>
      <CWH>0.19999876562622604</CWH>
      <CFGlacier>1</CFGlacier>
      <CFSlope>1</CFSlope>
      <FC>290.69461430170151</FC>
      <LP>0.99999758781362924</LP>
      <BETA>1.0230554177985505</BETA>
    </VegetationZoneParameters>
  </VegetationZone>
  <SubCatchment>
    <SubCatchmentParameters>
      <KSI>0.001</KSI>
      <KGmin>0.05</KGmin>
      <RangeKG>0.1</RangeKG>
      <AG>0.1</AG>
      <PERC>6.4599525148317563</PERC>
      <Alpha>0</Alpha>
      <UZL>97.493762665857787</UZL>
      <K0>0.502254777015869</K0>
      <K1>0.17711118266259585</K1>
      <K2>0.047594316613721752</K2>
      <MAXBAS>1.0001060253945286</MAXBAS>
      <Cet>0</Cet>
      <PCALT>10</PCALT>
      <TCALT>0.6</TCALT>
      <Pelev>3349</Pelev>
      <Telev>2921</Telev>
      <PART>0.5</PART>
      <DELAY>1</DELAY>
    </SubCatchmentParameters>
    <SubCatchmentVegetationZone>
      <SubCatchmentVegetationZoneParameters>
        <TT>-0.90796866799204778</TT>
        <CFMAX>4.5160807483233523</CFMAX>
        <SP>0</SP>
        <SFCF>1.1078282230546181</SFCF>
        <CFR>0.02163281616681061</CFR>
        <CWH>0.19999876562622604</CWH>
        <CFGlacier>1</CFGlacier>
        <CFSlope>1</CFSlope>
        <FC>290.69461430170151</FC>
        <LP>0.99999758781362924</LP>
        <BETA>1.0230554177985505</BETA>
      </SubCatchmentVegetationZoneParameters>
    </SubCatchmentVegetationZone>
  </SubCatchment>
</Catchment>