<?xml version="1.0" encoding="utf-8"?>
<Catchment xmlns:xsi="http://www.w3.org/2001/XMLSchema-instance" xmlns:xsd="http://www.w3.org/2001/XMLSchema">
  <CatchmentParameters>
    <KSI>0.001</KSI>
    <KGmin>0.05</KGmin>
    <RangeKG>0.1</RangeKG>
    <AG>0.1</AG>
    <PERC>6.1174107982416341</PERC>
    <Alpha>0</Alpha>
    <UZL>107.46332919379057</UZL>
    <K0>0.25239307685771</K0>
    <K1>0.18603094252931804</K1>
    <K2>0.046485231288238144</K2>
    <MAXBAS>1.0002647821559887</MAXBAS>
    <Cet>0</Cet>
    <PCALT>10</PCALT>
    <TCALT>0.6</TCALT>
    <Pelev>3349</Pelev>
    <Telev>2921</Telev>
    <PART>0.5</PART>
    <DELAY>1</DELAY>
  </CatchmentParameters>
  <VegetationZone>
    <VegetationZoneParameters>
      <TT>-1.4073082320718906</TT>
      <CFMAX>4.0282245609689129</CFMAX>
      <SP>0</SP>
      <SFCF>1.1554735114144663</SFCF>
      <CFR>0.028376327115377353</CFR>
      <CWH>0.19999844234760519</CWH>
      <CFGlacier>1</CFGlacier>
      <CFSlope>1</CFSlope>
      <FC>321.31210205370127</FC>
      <LP>0.99999091157143438</LP>
      <BETA>1.3030229444043127</BETA>
    </VegetationZoneParameters>
  </VegetationZone>
  <SubCatchment>
    <SubCatchmentParameters>
      <KSI>0.001</KSI>
      <KGmin>0.05</KGmin>
      <RangeKG>0.1</RangeKG>
      <AG>0.1</AG>
      <PERC>6.1174107982416341</PERC>
      <Alpha>0</Alpha>
      <UZL>107.46332919379057</UZL>
      <K0>0.25239307685771</K0>
      <K1>0.18603094252931804</K1>
      <K2>0.046485231288238144</K2>
      <MAXBAS>1.0002647821559887</MAXBAS>
      <Cet>0</Cet>
      <PCALT>10</PCALT>
      <TCALT>0.6</TCALT>
      <Pelev>3349</Pelev>
      <Telev>2921</Telev>
      <PART>0.5</PART>
      <DELAY>1</DELAY>
    </SubCatchmentParameters>
    <SubCatchmentVegetationZone>
      <SubCatchmentVegetationZoneParameters>
        <TT>-1.4073082320718906</TT>
        <CFMAX>4.0282245609689129</CFMAX>
        <SP>0</SP>
        <SFCF>1.1554735114144663</SFCF>
        <CFR>0.028376327115377353</CFR>
        <CWH>0.19999844234760519</CWH>
        <CFGlacier>1</CFGlacier>
        <CFSlope>1</CFSlope>
        <FC>321.31210205370127</FC>
        <LP>0.99999091157143438</LP>
        <BETA>1.3030229444043127</BETA>
      </SubCatchmentVegetationZoneParameters>
    </SubCatchmentVegetationZone>
  </SubCatchment>
</Catchment>