<?xml version="1.0" encoding="utf-8"?>
<Catchment xmlns:xsi="http://www.w3.org/2001/XMLSchema-instance" xmlns:xsd="http://www.w3.org/2001/XMLSchema">
  <CatchmentParameters>
    <KSI>0.001</KSI>
    <KGmin>0.05</KGmin>
    <RangeKG>0.1</RangeKG>
    <AG>0.1</AG>
    <PERC>6.1577719585976949</PERC>
    <Alpha>0</Alpha>
    <UZL>106.08968842159801</UZL>
    <K0>0.52488592004263657</K0>
    <K1>0.18244489112823531</K1>
    <K2>0.049122134424702146</K2>
    <MAXBAS>1.0001363478845138</MAXBAS>
    <Cet>0</Cet>
    <PCALT>10</PCALT>
    <TCALT>0.6</TCALT>
    <Pelev>3349</Pelev>
    <Telev>2921</Telev>
    <PART>0.5</PART>
    <DELAY>1</DELAY>
  </CatchmentParameters>
  <VegetationZone>
    <VegetationZoneParameters>
      <TT>-1.3712206003229386</TT>
      <CFMAX>4.5902859885256353</CFMAX>
      <SP>0</SP>
      <SFCF>1.2780533060527137</SFCF>
      <CFR>0.026077932641672463</CFR>
      <CWH>0.18141890037752464</CWH>
      <CFGlacier>1</CFGlacier>
      <CFSlope>1</CFSlope>
      <FC>555.23101205881608</FC>
      <LP>0.999999631941616</LP>
      <BETA>1.3462627997491734</BETA>
    </VegetationZoneParameters>
  </VegetationZone>
  <SubCatchment>
    <SubCatchmentParameters>
      <KSI>0.001</KSI>
      <KGmin>0.05</KGmin>
      <RangeKG>0.1</RangeKG>
      <AG>0.1</AG>
      <PERC>6.1577719585976949</PERC>
      <Alpha>0</Alpha>
      <UZL>106.08968842159801</UZL>
      <K0>0.52488592004263657</K0>
      <K1>0.18244489112823531</K1>
      <K2>0.049122134424702146</K2>
      <MAXBAS>1.0001363478845138</MAXBAS>
      <Cet>0</Cet>
      <PCALT>10</PCALT>
      <TCALT>0.6</TCALT>
      <Pelev>3349</Pelev>
      <Telev>2921</Telev>
      <PART>0.5</PART>
      <DELAY>1</DELAY>
    </SubCatchmentParameters>
    <SubCatchmentVegetationZone>
      <SubCatchmentVegetationZoneParameters>
        <TT>-1.3712206003229386</TT>
        <CFMAX>4.5902859885256353</CFMAX>
        <SP>0</SP>
        <SFCF>1.2780533060527137</SFCF>
        <CFR>0.026077932641672463</CFR>
        <CWH>0.18141890037752464</CWH>
        <CFGlacier>1</CFGlacier>
        <CFSlope>1</CFSlope>
        <FC>555.23101205881608</FC>
        <LP>0.999999631941616</LP>
        <BETA>1.3462627997491734</BETA>
      </SubCatchmentVegetationZoneParameters>
    </SubCatchmentVegetationZone>
  </SubCatchment>
</Catchment>