<?xml version="1.0" encoding="utf-8"?>
<Catchment xmlns:xsi="http://www.w3.org/2001/XMLSchema-instance" xmlns:xsd="http://www.w3.org/2001/XMLSchema">
  <CatchmentParameters>
    <KSI>0.001</KSI>
    <KGmin>0.05</KGmin>
    <RangeKG>0.1</RangeKG>
    <AG>0.1</AG>
    <PERC>1.3690718928550307</PERC>
    <Alpha>0</Alpha>
    <UZL>81.201953355969</UZL>
    <K0>0.18848804202522831</K0>
    <K1>0.0672580314747316</K1>
    <K2>0.011075941035634059</K2>
    <MAXBAS>1</MAXBAS>
    <Cet>0</Cet>
    <PCALT>10</PCALT>
    <TCALT>0.6</TCALT>
    <Pelev>3349</Pelev>
    <Telev>2921</Telev>
    <PART>0.5</PART>
    <DELAY>1</DELAY>
  </CatchmentParameters>
  <VegetationZone>
    <VegetationZoneParameters>
      <TT>-2.0800097307962528</TT>
      <CFMAX>4.2104111375782214</CFMAX>
      <SP>0</SP>
      <SFCF>1.46796247465941</SFCF>
      <CFR>0.01536003377958305</CFR>
      <CWH>0.19999990162254969</CWH>
      <CFGlacier>1</CFGlacier>
      <CFSlope>1</CFSlope>
      <FC>2157.9964243468057</FC>
      <LP>0.89448243468005117</LP>
      <BETA>1.2205921454132311</BETA>
    </VegetationZoneParameters>
  </VegetationZone>
  <SubCatchment>
    <SubCatchmentParameters>
      <KSI>0.001</KSI>
      <KGmin>0.05</KGmin>
      <RangeKG>0.1</RangeKG>
      <AG>0.1</AG>
      <PERC>1.3690718928550307</PERC>
      <Alpha>0</Alpha>
      <UZL>81.201953355969</UZL>
      <K0>0.18848804202522831</K0>
      <K1>0.0672580314747316</K1>
      <K2>0.011075941035634059</K2>
      <MAXBAS>1</MAXBAS>
      <Cet>0</Cet>
      <PCALT>10</PCALT>
      <TCALT>0.6</TCALT>
      <Pelev>3349</Pelev>
      <Telev>2921</Telev>
      <PART>0.5</PART>
      <DELAY>1</DELAY>
    </SubCatchmentParameters>
    <SubCatchmentVegetationZone>
      <SubCatchmentVegetationZoneParameters>
        <TT>-2.0800097307962528</TT>
        <CFMAX>4.2104111375782214</CFMAX>
        <SP>0</SP>
        <SFCF>1.46796247465941</SFCF>
        <CFR>0.01536003377958305</CFR>
        <CWH>0.19999990162254969</CWH>
        <CFGlacier>1</CFGlacier>
        <CFSlope>1</CFSlope>
        <FC>2157.9964243468057</FC>
        <LP>0.89448243468005117</LP>
        <BETA>1.2205921454132311</BETA>
      </SubCatchmentVegetationZoneParameters>
    </SubCatchmentVegetationZone>
  </SubCatchment>
</Catchment>