<?xml version="1.0" encoding="utf-8"?>
<Catchment xmlns:xsi="http://www.w3.org/2001/XMLSchema-instance" xmlns:xsd="http://www.w3.org/2001/XMLSchema">
  <CatchmentParameters>
    <KSI>0.001</KSI>
    <KGmin>0.05</KGmin>
    <RangeKG>0.1</RangeKG>
    <AG>0.1</AG>
    <PERC>3.8478204334395443</PERC>
    <Alpha>0</Alpha>
    <UZL>49.300567473976542</UZL>
    <K0>0.19577847354047165</K0>
    <K1>0.051464045332743694</K1>
    <K2>0.038658411519380625</K2>
    <MAXBAS>1.0000156993280405</MAXBAS>
    <Cet>0</Cet>
    <PCALT>10</PCALT>
    <TCALT>0.6</TCALT>
    <Pelev>3349</Pelev>
    <Telev>2921</Telev>
    <PART>0.5</PART>
    <DELAY>1</DELAY>
  </CatchmentParameters>
  <VegetationZone>
    <VegetationZoneParameters>
      <TT>-0.87999999732945966</TT>
      <CFMAX>3.4900917043627615</CFMAX>
      <SP>0</SP>
      <SFCF>0.93079859305953172</SFCF>
      <CFR>0.06512289413210777</CFR>
      <CWH>0.16493351542042833</CWH>
      <CFGlacier>1</CFGlacier>
      <CFSlope>1</CFSlope>
      <FC>87.4113127306781</FC>
      <LP>0.99998986509885379</LP>
      <BETA>1.0000029210619674</BETA>
    </VegetationZoneParameters>
  </VegetationZone>
  <SubCatchment>
    <SubCatchmentParameters>
      <KSI>0.001</KSI>
      <KGmin>0.05</KGmin>
      <RangeKG>0.1</RangeKG>
      <AG>0.1</AG>
      <PERC>3.8478204334395443</PERC>
      <Alpha>0</Alpha>
      <UZL>49.300567473976542</UZL>
      <K0>0.19577847354047165</K0>
      <K1>0.051464045332743694</K1>
      <K2>0.038658411519380625</K2>
      <MAXBAS>1.0000156993280405</MAXBAS>
      <Cet>0</Cet>
      <PCALT>10</PCALT>
      <TCALT>0.6</TCALT>
      <Pelev>3349</Pelev>
      <Telev>2921</Telev>
      <PART>0.5</PART>
      <DELAY>1</DELAY>
    </SubCatchmentParameters>
    <SubCatchmentVegetationZone>
      <SubCatchmentVegetationZoneParameters>
        <TT>-0.87999999732945966</TT>
        <CFMAX>3.4900917043627615</CFMAX>
        <SP>0</SP>
        <SFCF>0.93079859305953172</SFCF>
        <CFR>0.06512289413210777</CFR>
        <CWH>0.16493351542042833</CWH>
        <CFGlacier>1</CFGlacier>
        <CFSlope>1</CFSlope>
        <FC>87.4113127306781</FC>
        <LP>0.99998986509885379</LP>
        <BETA>1.0000029210619674</BETA>
      </SubCatchmentVegetationZoneParameters>
    </SubCatchmentVegetationZone>
  </SubCatchment>
</Catchment>