<?xml version="1.0" encoding="utf-8"?>
<Catchment xmlns:xsi="http://www.w3.org/2001/XMLSchema-instance" xmlns:xsd="http://www.w3.org/2001/XMLSchema">
  <CatchmentParameters>
    <KSI>0.001</KSI>
    <KGmin>0.05</KGmin>
    <RangeKG>0.1</RangeKG>
    <AG>0.1</AG>
    <PERC>6.2344331990576594</PERC>
    <Alpha>0</Alpha>
    <UZL>102.30529813395252</UZL>
    <K0>0.524574179077001</K0>
    <K1>0.18656610657123171</K1>
    <K2>0.047713051140409121</K2>
    <MAXBAS>1.0000112500985807</MAXBAS>
    <Cet>0</Cet>
    <PCALT>10</PCALT>
    <TCALT>0.6</TCALT>
    <Pelev>3349</Pelev>
    <Telev>2921</Telev>
    <PART>0.5</PART>
    <DELAY>1</DELAY>
  </CatchmentParameters>
  <VegetationZone>
    <VegetationZoneParameters>
      <TT>-1.5120115151615217</TT>
      <CFMAX>4.08741758430765</CFMAX>
      <SP>0</SP>
      <SFCF>1.1929129464237094</SFCF>
      <CFR>0.029197116998628137</CFR>
      <CWH>0.19999915095446588</CWH>
      <CFGlacier>1</CFGlacier>
      <CFSlope>1</CFSlope>
      <FC>375.27344744321613</FC>
      <LP>0.99998703095760677</LP>
      <BETA>1.4209579303207696</BETA>
    </VegetationZoneParameters>
  </VegetationZone>
  <SubCatchment>
    <SubCatchmentParameters>
      <KSI>0.001</KSI>
      <KGmin>0.05</KGmin>
      <RangeKG>0.1</RangeKG>
      <AG>0.1</AG>
      <PERC>6.2344331990576594</PERC>
      <Alpha>0</Alpha>
      <UZL>102.30529813395252</UZL>
      <K0>0.524574179077001</K0>
      <K1>0.18656610657123171</K1>
      <K2>0.047713051140409121</K2>
      <MAXBAS>1.0000112500985807</MAXBAS>
      <Cet>0</Cet>
      <PCALT>10</PCALT>
      <TCALT>0.6</TCALT>
      <Pelev>3349</Pelev>
      <Telev>2921</Telev>
      <PART>0.5</PART>
      <DELAY>1</DELAY>
    </SubCatchmentParameters>
    <SubCatchmentVegetationZone>
      <SubCatchmentVegetationZoneParameters>
        <TT>-1.5120115151615217</TT>
        <CFMAX>4.08741758430765</CFMAX>
        <SP>0</SP>
        <SFCF>1.1929129464237094</SFCF>
        <CFR>0.029197116998628137</CFR>
        <CWH>0.19999915095446588</CWH>
        <CFGlacier>1</CFGlacier>
        <CFSlope>1</CFSlope>
        <FC>375.27344744321613</FC>
        <LP>0.99998703095760677</LP>
        <BETA>1.4209579303207696</BETA>
      </SubCatchmentVegetationZoneParameters>
    </SubCatchmentVegetationZone>
  </SubCatchment>
</Catchment>