<?xml version="1.0" encoding="utf-8"?>
<Catchment xmlns:xsi="http://www.w3.org/2001/XMLSchema-instance" xmlns:xsd="http://www.w3.org/2001/XMLSchema">
  <CatchmentParameters>
    <KSI>0.001</KSI>
    <KGmin>0.05</KGmin>
    <RangeKG>0.1</RangeKG>
    <AG>0.1</AG>
    <PERC>6.4857662435388308</PERC>
    <Alpha>0</Alpha>
    <UZL>147.2108766462612</UZL>
    <K0>0.46452403518696128</K0>
    <K1>0.185989301228869</K1>
    <K2>0.052159380935215285</K2>
    <MAXBAS>1.0000561633048237</MAXBAS>
    <Cet>0</Cet>
    <PCALT>10</PCALT>
    <TCALT>0.6</TCALT>
    <Pelev>3349</Pelev>
    <Telev>2921</Telev>
    <PART>0.5</PART>
    <DELAY>1</DELAY>
  </CatchmentParameters>
  <VegetationZone>
    <VegetationZoneParameters>
      <TT>-1.0699975652248703</TT>
      <CFMAX>4.6133289179003825</CFMAX>
      <SP>0</SP>
      <SFCF>1.178682376124258</SFCF>
      <CFR>0.023071971820679618</CFR>
      <CWH>0.19999980988298624</CWH>
      <CFGlacier>1</CFGlacier>
      <CFSlope>1</CFSlope>
      <FC>426.73681841523882</FC>
      <LP>0.99999342619602771</LP>
      <BETA>1.0891290428926899</BETA>
    </VegetationZoneParameters>
  </VegetationZone>
  <SubCatchment>
    <SubCatchmentParameters>
      <KSI>0.001</KSI>
      <KGmin>0.05</KGmin>
      <RangeKG>0.1</RangeKG>
      <AG>0.1</AG>
      <PERC>6.4857662435388308</PERC>
      <Alpha>0</Alpha>
      <UZL>147.2108766462612</UZL>
      <K0>0.46452403518696128</K0>
      <K1>0.185989301228869</K1>
      <K2>0.052159380935215285</K2>
      <MAXBAS>1.0000561633048237</MAXBAS>
      <Cet>0</Cet>
      <PCALT>10</PCALT>
      <TCALT>0.6</TCALT>
      <Pelev>3349</Pelev>
      <Telev>2921</Telev>
      <PART>0.5</PART>
      <DELAY>1</DELAY>
    </SubCatchmentParameters>
    <SubCatchmentVegetationZone>
      <SubCatchmentVegetationZoneParameters>
        <TT>-1.0699975652248703</TT>
        <CFMAX>4.6133289179003825</CFMAX>
        <SP>0</SP>
        <SFCF>1.178682376124258</SFCF>
        <CFR>0.023071971820679618</CFR>
        <CWH>0.19999980988298624</CWH>
        <CFGlacier>1</CFGlacier>
        <CFSlope>1</CFSlope>
        <FC>426.73681841523882</FC>
        <LP>0.99999342619602771</LP>
        <BETA>1.0891290428926899</BETA>
      </SubCatchmentVegetationZoneParameters>
    </SubCatchmentVegetationZone>
  </SubCatchment>
</Catchment>