<?xml version="1.0" encoding="utf-8"?>
<Catchment xmlns:xsi="http://www.w3.org/2001/XMLSchema-instance" xmlns:xsd="http://www.w3.org/2001/XMLSchema">
  <CatchmentParameters>
    <KSI>0.001</KSI>
    <KGmin>0.05</KGmin>
    <RangeKG>0.1</RangeKG>
    <AG>0.1</AG>
    <PERC>2.6706438688720922</PERC>
    <Alpha>0</Alpha>
    <UZL>65.548685749178929</UZL>
    <K0>0.12999664108068307</K0>
    <K1>0.054250724744565451</K1>
    <K2>0.022718294920177729</K2>
    <MAXBAS>1.0000342186478552</MAXBAS>
    <Cet>0</Cet>
    <PCALT>10</PCALT>
    <TCALT>0.6</TCALT>
    <Pelev>3349</Pelev>
    <Telev>2921</Telev>
    <PART>0.5</PART>
    <DELAY>1</DELAY>
  </CatchmentParameters>
  <VegetationZone>
    <VegetationZoneParameters>
      <TT>-1.2700013626185245</TT>
      <CFMAX>3.9750645187113354</CFMAX>
      <SP>0</SP>
      <SFCF>1.1138482454155885</SFCF>
      <CFR>0.035368469260655136</CFR>
      <CWH>0.11975133274661748</CWH>
      <CFGlacier>1</CFGlacier>
      <CFSlope>1</CFSlope>
      <FC>199.51781189624197</FC>
      <LP>0.99995239777718714</LP>
      <BETA>1.2226879007802771</BETA>
    </VegetationZoneParameters>
  </VegetationZone>
  <SubCatchment>
    <SubCatchmentParameters>
      <KSI>0.001</KSI>
      <KGmin>0.05</KGmin>
      <RangeKG>0.1</RangeKG>
      <AG>0.1</AG>
      <PERC>2.6706438688720922</PERC>
      <Alpha>0</Alpha>
      <UZL>65.548685749178929</UZL>
      <K0>0.12999664108068307</K0>
      <K1>0.054250724744565451</K1>
      <K2>0.022718294920177729</K2>
      <MAXBAS>1.0000342186478552</MAXBAS>
      <Cet>0</Cet>
      <PCALT>10</PCALT>
      <TCALT>0.6</TCALT>
      <Pelev>3349</Pelev>
      <Telev>2921</Telev>
      <PART>0.5</PART>
      <DELAY>1</DELAY>
    </SubCatchmentParameters>
    <SubCatchmentVegetationZone>
      <SubCatchmentVegetationZoneParameters>
        <TT>-1.2700013626185245</TT>
        <CFMAX>3.9750645187113354</CFMAX>
        <SP>0</SP>
        <SFCF>1.1138482454155885</SFCF>
        <CFR>0.035368469260655136</CFR>
        <CWH>0.11975133274661748</CWH>
        <CFGlacier>1</CFGlacier>
        <CFSlope>1</CFSlope>
        <FC>199.51781189624197</FC>
        <LP>0.99995239777718714</LP>
        <BETA>1.2226879007802771</BETA>
      </SubCatchmentVegetationZoneParameters>
    </SubCatchmentVegetationZone>
  </SubCatchment>
</Catchment>