<?xml version="1.0" encoding="utf-8"?>
<Catchment xmlns:xsi="http://www.w3.org/2001/XMLSchema-instance" xmlns:xsd="http://www.w3.org/2001/XMLSchema">
  <CatchmentParameters>
    <KSI>0.001</KSI>
    <KGmin>0.05</KGmin>
    <RangeKG>0.1</RangeKG>
    <AG>0.1</AG>
    <PERC>5.8562646961664253</PERC>
    <Alpha>0</Alpha>
    <UZL>114.37517045883132</UZL>
    <K0>0.07018792065278194</K0>
    <K1>0.16823284159125054</K1>
    <K2>0.0437914168991277</K2>
    <MAXBAS>1.0000060238284874</MAXBAS>
    <Cet>0</Cet>
    <PCALT>10</PCALT>
    <TCALT>0.6</TCALT>
    <Pelev>3349</Pelev>
    <Telev>2921</Telev>
    <PART>0.5</PART>
    <DELAY>1</DELAY>
  </CatchmentParameters>
  <VegetationZone>
    <VegetationZoneParameters>
      <TT>0.071986038771654423</TT>
      <CFMAX>4.7391668875685333</CFMAX>
      <SP>0</SP>
      <SFCF>0.95745098655107053</SFCF>
      <CFR>0.044078263684705125</CFR>
      <CWH>0.1278141550124472</CWH>
      <CFGlacier>1</CFGlacier>
      <CFSlope>1</CFSlope>
      <FC>146.26939522826569</FC>
      <LP>0.99999959189231369</LP>
      <BETA>1.0000000007687271</BETA>
    </VegetationZoneParameters>
  </VegetationZone>
  <SubCatchment>
    <SubCatchmentParameters>
      <KSI>0.001</KSI>
      <KGmin>0.05</KGmin>
      <RangeKG>0.1</RangeKG>
      <AG>0.1</AG>
      <PERC>5.8562646961664253</PERC>
      <Alpha>0</Alpha>
      <UZL>114.37517045883132</UZL>
      <K0>0.07018792065278194</K0>
      <K1>0.16823284159125054</K1>
      <K2>0.0437914168991277</K2>
      <MAXBAS>1.0000060238284874</MAXBAS>
      <Cet>0</Cet>
      <PCALT>10</PCALT>
      <TCALT>0.6</TCALT>
      <Pelev>3349</Pelev>
      <Telev>2921</Telev>
      <PART>0.5</PART>
      <DELAY>1</DELAY>
    </SubCatchmentParameters>
    <SubCatchmentVegetationZone>
      <SubCatchmentVegetationZoneParameters>
        <TT>0.071986038771654423</TT>
        <CFMAX>4.7391668875685333</CFMAX>
        <SP>0</SP>
        <SFCF>0.95745098655107053</SFCF>
        <CFR>0.044078263684705125</CFR>
        <CWH>0.1278141550124472</CWH>
        <CFGlacier>1</CFGlacier>
        <CFSlope>1</CFSlope>
        <FC>146.26939522826569</FC>
        <LP>0.99999959189231369</LP>
        <BETA>1.0000000007687271</BETA>
      </SubCatchmentVegetationZoneParameters>
    </SubCatchmentVegetationZone>
  </SubCatchment>
</Catchment>