<?xml version="1.0" encoding="utf-8"?>
<Catchment xmlns:xsi="http://www.w3.org/2001/XMLSchema-instance" xmlns:xsd="http://www.w3.org/2001/XMLSchema">
  <CatchmentParameters>
    <KSI>0.001</KSI>
    <KGmin>0.05</KGmin>
    <RangeKG>0.1</RangeKG>
    <AG>0.1</AG>
    <PERC>6.6067881610734132</PERC>
    <Alpha>0</Alpha>
    <UZL>83.95162922281726</UZL>
    <K0>0.56662393828230928</K0>
    <K1>0.18700904091984441</K1>
    <K2>0.04956000066512331</K2>
    <MAXBAS>1.0000124356750579</MAXBAS>
    <Cet>0</Cet>
    <PCALT>10</PCALT>
    <TCALT>0.6</TCALT>
    <Pelev>3349</Pelev>
    <Telev>2921</Telev>
    <PART>0.5</PART>
    <DELAY>1</DELAY>
  </CatchmentParameters>
  <VegetationZone>
    <VegetationZoneParameters>
      <TT>-0.31201115233483484</TT>
      <CFMAX>4.4091185263074477</CFMAX>
      <SP>0</SP>
      <SFCF>0.9930871296387439</SFCF>
      <CFR>0.017296385166192897</CFR>
      <CWH>0.16675887188651317</CWH>
      <CFGlacier>1</CFGlacier>
      <CFSlope>1</CFSlope>
      <FC>178.4588802854841</FC>
      <LP>0.999995015648282</LP>
      <BETA>1.0000009310451743</BETA>
    </VegetationZoneParameters>
  </VegetationZone>
  <SubCatchment>
    <SubCatchmentParameters>
      <KSI>0.001</KSI>
      <KGmin>0.05</KGmin>
      <RangeKG>0.1</RangeKG>
      <AG>0.1</AG>
      <PERC>6.6067881610734132</PERC>
      <Alpha>0</Alpha>
      <UZL>83.95162922281726</UZL>
      <K0>0.56662393828230928</K0>
      <K1>0.18700904091984441</K1>
      <K2>0.04956000066512331</K2>
      <MAXBAS>1.0000124356750579</MAXBAS>
      <Cet>0</Cet>
      <PCALT>10</PCALT>
      <TCALT>0.6</TCALT>
      <Pelev>3349</Pelev>
      <Telev>2921</Telev>
      <PART>0.5</PART>
      <DELAY>1</DELAY>
    </SubCatchmentParameters>
    <SubCatchmentVegetationZone>
      <SubCatchmentVegetationZoneParameters>
        <TT>-0.31201115233483484</TT>
        <CFMAX>4.4091185263074477</CFMAX>
        <SP>0</SP>
        <SFCF>0.9930871296387439</SFCF>
        <CFR>0.017296385166192897</CFR>
        <CWH>0.16675887188651317</CWH>
        <CFGlacier>1</CFGlacier>
        <CFSlope>1</CFSlope>
        <FC>178.4588802854841</FC>
        <LP>0.999995015648282</LP>
        <BETA>1.0000009310451743</BETA>
      </SubCatchmentVegetationZoneParameters>
    </SubCatchmentVegetationZone>
  </SubCatchment>
</Catchment>