<?xml version="1.0" encoding="utf-8"?>
<Catchment xmlns:xsi="http://www.w3.org/2001/XMLSchema-instance" xmlns:xsd="http://www.w3.org/2001/XMLSchema">
  <CatchmentParameters>
    <KSI>0.001</KSI>
    <KGmin>0.05</KGmin>
    <RangeKG>0.1</RangeKG>
    <AG>0.1</AG>
    <PERC>6.3150536958103665</PERC>
    <Alpha>0</Alpha>
    <UZL>104.96906614578953</UZL>
    <K0>0.20542893245421645</K0>
    <K1>0.18989219126618115</K1>
    <K2>0.049278201776403407</K2>
    <MAXBAS>1.0000659777758663</MAXBAS>
    <Cet>0</Cet>
    <PCALT>10</PCALT>
    <TCALT>0.6</TCALT>
    <Pelev>3349</Pelev>
    <Telev>2921</Telev>
    <PART>0.5</PART>
    <DELAY>1</DELAY>
  </CatchmentParameters>
  <VegetationZone>
    <VegetationZoneParameters>
      <TT>-1.5230193744948573</TT>
      <CFMAX>4.319401469051142</CFMAX>
      <SP>0</SP>
      <SFCF>1.2591967776685644</SFCF>
      <CFR>0.028397745396210282</CFR>
      <CWH>0.19974698002769534</CWH>
      <CFGlacier>1</CFGlacier>
      <CFSlope>1</CFSlope>
      <FC>489.44819246530278</FC>
      <LP>0.99999633671576937</LP>
      <BETA>1.3859988872718063</BETA>
    </VegetationZoneParameters>
  </VegetationZone>
  <SubCatchment>
    <SubCatchmentParameters>
      <KSI>0.001</KSI>
      <KGmin>0.05</KGmin>
      <RangeKG>0.1</RangeKG>
      <AG>0.1</AG>
      <PERC>6.3150536958103665</PERC>
      <Alpha>0</Alpha>
      <UZL>104.96906614578953</UZL>
      <K0>0.20542893245421645</K0>
      <K1>0.18989219126618115</K1>
      <K2>0.049278201776403407</K2>
      <MAXBAS>1.0000659777758663</MAXBAS>
      <Cet>0</Cet>
      <PCALT>10</PCALT>
      <TCALT>0.6</TCALT>
      <Pelev>3349</Pelev>
      <Telev>2921</Telev>
      <PART>0.5</PART>
      <DELAY>1</DELAY>
    </SubCatchmentParameters>
    <SubCatchmentVegetationZone>
      <SubCatchmentVegetationZoneParameters>
        <TT>-1.5230193744948573</TT>
        <CFMAX>4.319401469051142</CFMAX>
        <SP>0</SP>
        <SFCF>1.2591967776685644</SFCF>
        <CFR>0.028397745396210282</CFR>
        <CWH>0.19974698002769534</CWH>
        <CFGlacier>1</CFGlacier>
        <CFSlope>1</CFSlope>
        <FC>489.44819246530278</FC>
        <LP>0.99999633671576937</LP>
        <BETA>1.3859988872718063</BETA>
      </SubCatchmentVegetationZoneParameters>
    </SubCatchmentVegetationZone>
  </SubCatchment>
</Catchment>