<?xml version="1.0" encoding="utf-8"?>
<Catchment xmlns:xsi="http://www.w3.org/2001/XMLSchema-instance" xmlns:xsd="http://www.w3.org/2001/XMLSchema">
  <CatchmentParameters>
    <KSI>0.001</KSI>
    <KGmin>0.05</KGmin>
    <RangeKG>0.1</RangeKG>
    <AG>0.1</AG>
    <PERC>6.1320280832836849</PERC>
    <Alpha>0</Alpha>
    <UZL>66.661308514013342</UZL>
    <K0>0.29704272889558436</K0>
    <K1>0.18443926252532569</K1>
    <K2>0.047376926985854648</K2>
    <MAXBAS>1.0040118352782885</MAXBAS>
    <Cet>0</Cet>
    <PCALT>10</PCALT>
    <TCALT>0.6</TCALT>
    <Pelev>3349</Pelev>
    <Telev>2921</Telev>
    <PART>0.5</PART>
    <DELAY>1</DELAY>
  </CatchmentParameters>
  <VegetationZone>
    <VegetationZoneParameters>
      <TT>-1.7378528126584827</TT>
      <CFMAX>4.4044887308468894</CFMAX>
      <SP>0</SP>
      <SFCF>1.3606520123311168</SFCF>
      <CFR>0.030739152269184482</CFR>
      <CWH>0.10000023081611166</CWH>
      <CFGlacier>1</CFGlacier>
      <CFSlope>1</CFSlope>
      <FC>602.08570729302608</FC>
      <LP>0.94150926322679518</LP>
      <BETA>2.0332955403931607</BETA>
    </VegetationZoneParameters>
  </VegetationZone>
  <SubCatchment>
    <SubCatchmentParameters>
      <KSI>0.001</KSI>
      <KGmin>0.05</KGmin>
      <RangeKG>0.1</RangeKG>
      <AG>0.1</AG>
      <PERC>6.1320280832836849</PERC>
      <Alpha>0</Alpha>
      <UZL>66.661308514013342</UZL>
      <K0>0.29704272889558436</K0>
      <K1>0.18443926252532569</K1>
      <K2>0.047376926985854648</K2>
      <MAXBAS>1.0040118352782885</MAXBAS>
      <Cet>0</Cet>
      <PCALT>10</PCALT>
      <TCALT>0.6</TCALT>
      <Pelev>3349</Pelev>
      <Telev>2921</Telev>
      <PART>0.5</PART>
      <DELAY>1</DELAY>
    </SubCatchmentParameters>
    <SubCatchmentVegetationZone>
      <SubCatchmentVegetationZoneParameters>
        <TT>-1.7378528126584827</TT>
        <CFMAX>4.4044887308468894</CFMAX>
        <SP>0</SP>
        <SFCF>1.3606520123311168</SFCF>
        <CFR>0.030739152269184482</CFR>
        <CWH>0.10000023081611166</CWH>
        <CFGlacier>1</CFGlacier>
        <CFSlope>1</CFSlope>
        <FC>602.08570729302608</FC>
        <LP>0.94150926322679518</LP>
        <BETA>2.0332955403931607</BETA>
      </SubCatchmentVegetationZoneParameters>
    </SubCatchmentVegetationZone>
  </SubCatchment>
</Catchment>