<?xml version="1.0" encoding="utf-8"?>
<Catchment xmlns:xsi="http://www.w3.org/2001/XMLSchema-instance" xmlns:xsd="http://www.w3.org/2001/XMLSchema">
  <CatchmentParameters>
    <KSI>0.001</KSI>
    <KGmin>0.05</KGmin>
    <RangeKG>0.1</RangeKG>
    <AG>0.1</AG>
    <PERC>0.86251566121989054</PERC>
    <Alpha>0</Alpha>
    <UZL>101.91963800101736</UZL>
    <K0>0.21321970059304413</K0>
    <K1>0.05341457159271739</K1>
    <K2>0.010000007739473604</K2>
    <MAXBAS>1</MAXBAS>
    <Cet>0</Cet>
    <PCALT>10</PCALT>
    <TCALT>0.6</TCALT>
    <Pelev>3349</Pelev>
    <Telev>2921</Telev>
    <PART>0.5</PART>
    <DELAY>1</DELAY>
  </CatchmentParameters>
  <VegetationZone>
    <VegetationZoneParameters>
      <TT>-1.5699949264133506</TT>
      <CFMAX>4.2954097489553069</CFMAX>
      <SP>0</SP>
      <SFCF>1.3451606312391069</SFCF>
      <CFR>0.00044810854353101622</CFR>
      <CWH>0.19734478019624852</CWH>
      <CFGlacier>1</CFGlacier>
      <CFSlope>1</CFSlope>
      <FC>2498.1351918826822</FC>
      <LP>0.95380076741657349</LP>
      <BETA>1.1346623855037119</BETA>
    </VegetationZoneParameters>
  </VegetationZone>
  <SubCatchment>
    <SubCatchmentParameters>
      <KSI>0.001</KSI>
      <KGmin>0.05</KGmin>
      <RangeKG>0.1</RangeKG>
      <AG>0.1</AG>
      <PERC>0.86251566121989054</PERC>
      <Alpha>0</Alpha>
      <UZL>101.91963800101736</UZL>
      <K0>0.21321970059304413</K0>
      <K1>0.05341457159271739</K1>
      <K2>0.010000007739473604</K2>
      <MAXBAS>1</MAXBAS>
      <Cet>0</Cet>
      <PCALT>10</PCALT>
      <TCALT>0.6</TCALT>
      <Pelev>3349</Pelev>
      <Telev>2921</Telev>
      <PART>0.5</PART>
      <DELAY>1</DELAY>
    </SubCatchmentParameters>
    <SubCatchmentVegetationZone>
      <SubCatchmentVegetationZoneParameters>
        <TT>-1.5699949264133506</TT>
        <CFMAX>4.2954097489553069</CFMAX>
        <SP>0</SP>
        <SFCF>1.3451606312391069</SFCF>
        <CFR>0.00044810854353101622</CFR>
        <CWH>0.19734478019624852</CWH>
        <CFGlacier>1</CFGlacier>
        <CFSlope>1</CFSlope>
        <FC>2498.1351918826822</FC>
        <LP>0.95380076741657349</LP>
        <BETA>1.1346623855037119</BETA>
      </SubCatchmentVegetationZoneParameters>
    </SubCatchmentVegetationZone>
  </SubCatchment>
</Catchment>