<?xml version="1.0" encoding="utf-8"?>
<Catchment xmlns:xsi="http://www.w3.org/2001/XMLSchema-instance" xmlns:xsd="http://www.w3.org/2001/XMLSchema">
  <CatchmentParameters>
    <KSI>0.001</KSI>
    <KGmin>0.05</KGmin>
    <RangeKG>0.1</RangeKG>
    <AG>0.1</AG>
    <PERC>5.2729038272584212</PERC>
    <Alpha>0</Alpha>
    <UZL>133.40014008604416</UZL>
    <K0>0.51497858819084452</K0>
    <K1>0.16771810354059841</K1>
    <K2>0.0415534451860956</K2>
    <MAXBAS>1.0000213079598954</MAXBAS>
    <Cet>0</Cet>
    <PCALT>10</PCALT>
    <TCALT>0.6</TCALT>
    <Pelev>3349</Pelev>
    <Telev>2921</Telev>
    <PART>0.5</PART>
    <DELAY>1</DELAY>
  </CatchmentParameters>
  <VegetationZone>
    <VegetationZoneParameters>
      <TT>-0.47000610164851908</TT>
      <CFMAX>4.422272876014647</CFMAX>
      <SP>0</SP>
      <SFCF>1.0336694215312205</SFCF>
      <CFR>0.018419464687107447</CFR>
      <CWH>0.17091518010619422</CWH>
      <CFGlacier>1</CFGlacier>
      <CFSlope>1</CFSlope>
      <FC>209.295421202602</FC>
      <LP>0.99999738391522142</LP>
      <BETA>1.0000025616066772</BETA>
    </VegetationZoneParameters>
  </VegetationZone>
  <SubCatchment>
    <SubCatchmentParameters>
      <KSI>0.001</KSI>
      <KGmin>0.05</KGmin>
      <RangeKG>0.1</RangeKG>
      <AG>0.1</AG>
      <PERC>5.2729038272584212</PERC>
      <Alpha>0</Alpha>
      <UZL>133.40014008604416</UZL>
      <K0>0.51497858819084452</K0>
      <K1>0.16771810354059841</K1>
      <K2>0.0415534451860956</K2>
      <MAXBAS>1.0000213079598954</MAXBAS>
      <Cet>0</Cet>
      <PCALT>10</PCALT>
      <TCALT>0.6</TCALT>
      <Pelev>3349</Pelev>
      <Telev>2921</Telev>
      <PART>0.5</PART>
      <DELAY>1</DELAY>
    </SubCatchmentParameters>
    <SubCatchmentVegetationZone>
      <SubCatchmentVegetationZoneParameters>
        <TT>-0.47000610164851908</TT>
        <CFMAX>4.422272876014647</CFMAX>
        <SP>0</SP>
        <SFCF>1.0336694215312205</SFCF>
        <CFR>0.018419464687107447</CFR>
        <CWH>0.17091518010619422</CWH>
        <CFGlacier>1</CFGlacier>
        <CFSlope>1</CFSlope>
        <FC>209.295421202602</FC>
        <LP>0.99999738391522142</LP>
        <BETA>1.0000025616066772</BETA>
      </SubCatchmentVegetationZoneParameters>
    </SubCatchmentVegetationZone>
  </SubCatchment>
</Catchment>