<?xml version="1.0" encoding="utf-8"?>
<Catchment xmlns:xsi="http://www.w3.org/2001/XMLSchema-instance" xmlns:xsd="http://www.w3.org/2001/XMLSchema">
  <CatchmentParameters>
    <KSI>0.001</KSI>
    <KGmin>0.05</KGmin>
    <RangeKG>0.1</RangeKG>
    <AG>0.1</AG>
    <PERC>1.0872429941072321</PERC>
    <Alpha>0</Alpha>
    <UZL>89.6943421089523</UZL>
    <K0>0.18781805344724017</K0>
    <K1>0.061572837713667471</K1>
    <K2>0.010203825667847043</K2>
    <MAXBAS>1</MAXBAS>
    <Cet>0</Cet>
    <PCALT>10</PCALT>
    <TCALT>0.6</TCALT>
    <Pelev>3349</Pelev>
    <Telev>2921</Telev>
    <PART>0.5</PART>
    <DELAY>1</DELAY>
  </CatchmentParameters>
  <VegetationZone>
    <VegetationZoneParameters>
      <TT>-2.113446316175609</TT>
      <CFMAX>4.0848642469533445</CFMAX>
      <SP>0</SP>
      <SFCF>1.4379305399683056</SFCF>
      <CFR>0.052779139454315442</CFR>
      <CWH>0.19999993948843339</CWH>
      <CFGlacier>1</CFGlacier>
      <CFSlope>1</CFSlope>
      <FC>1932.5100841365186</FC>
      <LP>0.92673487502011842</LP>
      <BETA>1.1532627433744893</BETA>
    </VegetationZoneParameters>
  </VegetationZone>
  <SubCatchment>
    <SubCatchmentParameters>
      <KSI>0.001</KSI>
      <KGmin>0.05</KGmin>
      <RangeKG>0.1</RangeKG>
      <AG>0.1</AG>
      <PERC>1.0872429941072321</PERC>
      <Alpha>0</Alpha>
      <UZL>89.6943421089523</UZL>
      <K0>0.18781805344724017</K0>
      <K1>0.061572837713667471</K1>
      <K2>0.010203825667847043</K2>
      <MAXBAS>1</MAXBAS>
      <Cet>0</Cet>
      <PCALT>10</PCALT>
      <TCALT>0.6</TCALT>
      <Pelev>3349</Pelev>
      <Telev>2921</Telev>
      <PART>0.5</PART>
      <DELAY>1</DELAY>
    </SubCatchmentParameters>
    <SubCatchmentVegetationZone>
      <SubCatchmentVegetationZoneParameters>
        <TT>-2.113446316175609</TT>
        <CFMAX>4.0848642469533445</CFMAX>
        <SP>0</SP>
        <SFCF>1.4379305399683056</SFCF>
        <CFR>0.052779139454315442</CFR>
        <CWH>0.19999993948843339</CWH>
        <CFGlacier>1</CFGlacier>
        <CFSlope>1</CFSlope>
        <FC>1932.5100841365186</FC>
        <LP>0.92673487502011842</LP>
        <BETA>1.1532627433744893</BETA>
      </SubCatchmentVegetationZoneParameters>
    </SubCatchmentVegetationZone>
  </SubCatchment>
</Catchment>