<?xml version="1.0" encoding="utf-8"?>
<Catchment xmlns:xsi="http://www.w3.org/2001/XMLSchema-instance" xmlns:xsd="http://www.w3.org/2001/XMLSchema">
  <CatchmentParameters>
    <KSI>0.001</KSI>
    <KGmin>0.05</KGmin>
    <RangeKG>0.1</RangeKG>
    <AG>0.1</AG>
    <PERC>4.6776236239979072</PERC>
    <Alpha>0</Alpha>
    <UZL>165.14341647617914</UZL>
    <K0>0.25527735692833881</K0>
    <K1>0.16745841709575052</K1>
    <K2>0.036397512276526781</K2>
    <MAXBAS>1.0001380076113571</MAXBAS>
    <Cet>0</Cet>
    <PCALT>10</PCALT>
    <TCALT>0.6</TCALT>
    <Pelev>3349</Pelev>
    <Telev>2921</Telev>
    <PART>0.5</PART>
    <DELAY>1</DELAY>
  </CatchmentParameters>
  <VegetationZone>
    <VegetationZoneParameters>
      <TT>-1.3889406090641958</TT>
      <CFMAX>3.8238319367381317</CFMAX>
      <SP>0</SP>
      <SFCF>1.1195785590610421</SFCF>
      <CFR>0.030056141672187446</CFR>
      <CWH>0.19999999847213298</CWH>
      <CFGlacier>1</CFGlacier>
      <CFSlope>1</CFSlope>
      <FC>268.87338984161875</FC>
      <LP>0.99998676927538022</LP>
      <BETA>1.3698484942797282</BETA>
    </VegetationZoneParameters>
  </VegetationZone>
  <SubCatchment>
    <SubCatchmentParameters>
      <KSI>0.001</KSI>
      <KGmin>0.05</KGmin>
      <RangeKG>0.1</RangeKG>
      <AG>0.1</AG>
      <PERC>4.6776236239979072</PERC>
      <Alpha>0</Alpha>
      <UZL>165.14341647617914</UZL>
      <K0>0.25527735692833881</K0>
      <K1>0.16745841709575052</K1>
      <K2>0.036397512276526781</K2>
      <MAXBAS>1.0001380076113571</MAXBAS>
      <Cet>0</Cet>
      <PCALT>10</PCALT>
      <TCALT>0.6</TCALT>
      <Pelev>3349</Pelev>
      <Telev>2921</Telev>
      <PART>0.5</PART>
      <DELAY>1</DELAY>
    </SubCatchmentParameters>
    <SubCatchmentVegetationZone>
      <SubCatchmentVegetationZoneParameters>
        <TT>-1.3889406090641958</TT>
        <CFMAX>3.8238319367381317</CFMAX>
        <SP>0</SP>
        <SFCF>1.1195785590610421</SFCF>
        <CFR>0.030056141672187446</CFR>
        <CWH>0.19999999847213298</CWH>
        <CFGlacier>1</CFGlacier>
        <CFSlope>1</CFSlope>
        <FC>268.87338984161875</FC>
        <LP>0.99998676927538022</LP>
        <BETA>1.3698484942797282</BETA>
      </SubCatchmentVegetationZoneParameters>
    </SubCatchmentVegetationZone>
  </SubCatchment>
</Catchment>