<?xml version="1.0" encoding="utf-8"?>
<Catchment xmlns:xsi="http://www.w3.org/2001/XMLSchema-instance" xmlns:xsd="http://www.w3.org/2001/XMLSchema">
  <CatchmentParameters>
    <KSI>0.001</KSI>
    <KGmin>0.05</KGmin>
    <RangeKG>0.1</RangeKG>
    <AG>0.1</AG>
    <PERC>1.0746970382476311</PERC>
    <Alpha>0</Alpha>
    <UZL>84.603827385599189</UZL>
    <K0>0.14547162637926855</K0>
    <K1>0.048444876594597078</K1>
    <K2>0.010000001468076109</K2>
    <MAXBAS>1</MAXBAS>
    <Cet>0</Cet>
    <PCALT>10</PCALT>
    <TCALT>0.6</TCALT>
    <Pelev>3349</Pelev>
    <Telev>2921</Telev>
    <PART>0.5</PART>
    <DELAY>1</DELAY>
  </CatchmentParameters>
  <VegetationZone>
    <VegetationZoneParameters>
      <TT>-1.76997983771423</TT>
      <CFMAX>4.6700263768872539</CFMAX>
      <SP>0</SP>
      <SFCF>1.4999995875997758</SFCF>
      <CFR>0.00023443828716614891</CFR>
      <CWH>0.10000078132593104</CWH>
      <CFGlacier>1</CFGlacier>
      <CFSlope>1</CFSlope>
      <FC>966.27565177762574</FC>
      <LP>0.8691741120279739</LP>
      <BETA>1.2056781840108166</BETA>
    </VegetationZoneParameters>
  </VegetationZone>
  <SubCatchment>
    <SubCatchmentParameters>
      <KSI>0.001</KSI>
      <KGmin>0.05</KGmin>
      <RangeKG>0.1</RangeKG>
      <AG>0.1</AG>
      <PERC>1.0746970382476311</PERC>
      <Alpha>0</Alpha>
      <UZL>84.603827385599189</UZL>
      <K0>0.14547162637926855</K0>
      <K1>0.048444876594597078</K1>
      <K2>0.010000001468076109</K2>
      <MAXBAS>1</MAXBAS>
      <Cet>0</Cet>
      <PCALT>10</PCALT>
      <TCALT>0.6</TCALT>
      <Pelev>3349</Pelev>
      <Telev>2921</Telev>
      <PART>0.5</PART>
      <DELAY>1</DELAY>
    </SubCatchmentParameters>
    <SubCatchmentVegetationZone>
      <SubCatchmentVegetationZoneParameters>
        <TT>-1.76997983771423</TT>
        <CFMAX>4.6700263768872539</CFMAX>
        <SP>0</SP>
        <SFCF>1.4999995875997758</SFCF>
        <CFR>0.00023443828716614891</CFR>
        <CWH>0.10000078132593104</CWH>
        <CFGlacier>1</CFGlacier>
        <CFSlope>1</CFSlope>
        <FC>966.27565177762574</FC>
        <LP>0.8691741120279739</LP>
        <BETA>1.2056781840108166</BETA>
      </SubCatchmentVegetationZoneParameters>
    </SubCatchmentVegetationZone>
  </SubCatchment>
</Catchment>