<?xml version="1.0" encoding="utf-8"?>
<Catchment xmlns:xsi="http://www.w3.org/2001/XMLSchema-instance" xmlns:xsd="http://www.w3.org/2001/XMLSchema">
  <CatchmentParameters>
    <KSI>0.001</KSI>
    <KGmin>0.05</KGmin>
    <RangeKG>0.1</RangeKG>
    <AG>0.1</AG>
    <PERC>1.9184790772417095</PERC>
    <Alpha>0</Alpha>
    <UZL>81.234493450124447</UZL>
    <K0>0.13081442284320777</K0>
    <K1>0.050867874135302173</K1>
    <K2>0.01000000021241158</K2>
    <MAXBAS>1</MAXBAS>
    <Cet>0</Cet>
    <PCALT>10</PCALT>
    <TCALT>0.6</TCALT>
    <Pelev>3349</Pelev>
    <Telev>2921</Telev>
    <PART>0.5</PART>
    <DELAY>1</DELAY>
  </CatchmentParameters>
  <VegetationZone>
    <VegetationZoneParameters>
      <TT>-1.6816524864407283</TT>
      <CFMAX>3.7128271517778217</CFMAX>
      <SP>0</SP>
      <SFCF>1.1942528498067775</SFCF>
      <CFR>0.00025705326412744749</CFR>
      <CWH>0.10062567761027863</CWH>
      <CFGlacier>1</CFGlacier>
      <CFSlope>1</CFSlope>
      <FC>206.33833653556405</FC>
      <LP>0.82993321572425793</LP>
      <BETA>1.3056192022015327</BETA>
    </VegetationZoneParameters>
  </VegetationZone>
  <SubCatchment>
    <SubCatchmentParameters>
      <KSI>0.001</KSI>
      <KGmin>0.05</KGmin>
      <RangeKG>0.1</RangeKG>
      <AG>0.1</AG>
      <PERC>1.9184790772417095</PERC>
      <Alpha>0</Alpha>
      <UZL>81.234493450124447</UZL>
      <K0>0.13081442284320777</K0>
      <K1>0.050867874135302173</K1>
      <K2>0.01000000021241158</K2>
      <MAXBAS>1</MAXBAS>
      <Cet>0</Cet>
      <PCALT>10</PCALT>
      <TCALT>0.6</TCALT>
      <Pelev>3349</Pelev>
      <Telev>2921</Telev>
      <PART>0.5</PART>
      <DELAY>1</DELAY>
    </SubCatchmentParameters>
    <SubCatchmentVegetationZone>
      <SubCatchmentVegetationZoneParameters>
        <TT>-1.6816524864407283</TT>
        <CFMAX>3.7128271517778217</CFMAX>
        <SP>0</SP>
        <SFCF>1.1942528498067775</SFCF>
        <CFR>0.00025705326412744749</CFR>
        <CWH>0.10062567761027863</CWH>
        <CFGlacier>1</CFGlacier>
        <CFSlope>1</CFSlope>
        <FC>206.33833653556405</FC>
        <LP>0.82993321572425793</LP>
        <BETA>1.3056192022015327</BETA>
      </SubCatchmentVegetationZoneParameters>
    </SubCatchmentVegetationZone>
  </SubCatchment>
</Catchment>