<?xml version="1.0" encoding="utf-8"?>
<Catchment xmlns:xsi="http://www.w3.org/2001/XMLSchema-instance" xmlns:xsd="http://www.w3.org/2001/XMLSchema">
  <CatchmentParameters>
    <KSI>0.001</KSI>
    <KGmin>0.05</KGmin>
    <RangeKG>0.1</RangeKG>
    <AG>0.1</AG>
    <PERC>6.4211628758581973</PERC>
    <Alpha>0</Alpha>
    <UZL>157.64318860442722</UZL>
    <K0>0.60630459756234867</K0>
    <K1>0.17729056511101371</K1>
    <K2>0.044948979231948828</K2>
    <MAXBAS>1.0046764974050189</MAXBAS>
    <Cet>0</Cet>
    <PCALT>10</PCALT>
    <TCALT>0.6</TCALT>
    <Pelev>3349</Pelev>
    <Telev>2921</Telev>
    <PART>0.5</PART>
    <DELAY>1</DELAY>
  </CatchmentParameters>
  <VegetationZone>
    <VegetationZoneParameters>
      <TT>-1.1683598560921646</TT>
      <CFMAX>4.4698217834844884</CFMAX>
      <SP>0</SP>
      <SFCF>1.1602218253076257</SFCF>
      <CFR>0.024424389100556786</CFR>
      <CWH>0.19999258517936586</CWH>
      <CFGlacier>1</CFGlacier>
      <CFSlope>1</CFSlope>
      <FC>326.28989569489818</FC>
      <LP>0.9999964167816584</LP>
      <BETA>1.218427248348356</BETA>
    </VegetationZoneParameters>
  </VegetationZone>
  <SubCatchment>
    <SubCatchmentParameters>
      <KSI>0.001</KSI>
      <KGmin>0.05</KGmin>
      <RangeKG>0.1</RangeKG>
      <AG>0.1</AG>
      <PERC>6.4211628758581973</PERC>
      <Alpha>0</Alpha>
      <UZL>157.64318860442722</UZL>
      <K0>0.60630459756234867</K0>
      <K1>0.17729056511101371</K1>
      <K2>0.044948979231948828</K2>
      <MAXBAS>1.0046764974050189</MAXBAS>
      <Cet>0</Cet>
      <PCALT>10</PCALT>
      <TCALT>0.6</TCALT>
      <Pelev>3349</Pelev>
      <Telev>2921</Telev>
      <PART>0.5</PART>
      <DELAY>1</DELAY>
    </SubCatchmentParameters>
    <SubCatchmentVegetationZone>
      <SubCatchmentVegetationZoneParameters>
        <TT>-1.1683598560921646</TT>
        <CFMAX>4.4698217834844884</CFMAX>
        <SP>0</SP>
        <SFCF>1.1602218253076257</SFCF>
        <CFR>0.024424389100556786</CFR>
        <CWH>0.19999258517936586</CWH>
        <CFGlacier>1</CFGlacier>
        <CFSlope>1</CFSlope>
        <FC>326.28989569489818</FC>
        <LP>0.9999964167816584</LP>
        <BETA>1.218427248348356</BETA>
      </SubCatchmentVegetationZoneParameters>
    </SubCatchmentVegetationZone>
  </SubCatchment>
</Catchment>