<?xml version="1.0" encoding="utf-8"?>
<Catchment xmlns:xsi="http://www.w3.org/2001/XMLSchema-instance" xmlns:xsd="http://www.w3.org/2001/XMLSchema">
  <CatchmentParameters>
    <KSI>0.001</KSI>
    <KGmin>0.05</KGmin>
    <RangeKG>0.1</RangeKG>
    <AG>0.1</AG>
    <PERC>6.2577457390103577</PERC>
    <Alpha>0</Alpha>
    <UZL>74.093160864663275</UZL>
    <K0>0.58549706317813521</K0>
    <K1>0.1830588415489332</K1>
    <K2>0.048270484584141814</K2>
    <MAXBAS>1.0001883778320981</MAXBAS>
    <Cet>0</Cet>
    <PCALT>10</PCALT>
    <TCALT>0.6</TCALT>
    <Pelev>3349</Pelev>
    <Telev>2921</Telev>
    <PART>0.5</PART>
    <DELAY>1</DELAY>
  </CatchmentParameters>
  <VegetationZone>
    <VegetationZoneParameters>
      <TT>-0.92799692046727</TT>
      <CFMAX>4.2122719413302034</CFMAX>
      <SP>0</SP>
      <SFCF>1.0695446687298316</SFCF>
      <CFR>0.022823091458472965</CFR>
      <CWH>0.19999999940084667</CWH>
      <CFGlacier>1</CFGlacier>
      <CFSlope>1</CFSlope>
      <FC>248.93093974720804</FC>
      <LP>0.99999806991971141</LP>
      <BETA>1.0000357701242737</BETA>
    </VegetationZoneParameters>
  </VegetationZone>
  <SubCatchment>
    <SubCatchmentParameters>
      <KSI>0.001</KSI>
      <KGmin>0.05</KGmin>
      <RangeKG>0.1</RangeKG>
      <AG>0.1</AG>
      <PERC>6.2577457390103577</PERC>
      <Alpha>0</Alpha>
      <UZL>74.093160864663275</UZL>
      <K0>0.58549706317813521</K0>
      <K1>0.1830588415489332</K1>
      <K2>0.048270484584141814</K2>
      <MAXBAS>1.0001883778320981</MAXBAS>
      <Cet>0</Cet>
      <PCALT>10</PCALT>
      <TCALT>0.6</TCALT>
      <Pelev>3349</Pelev>
      <Telev>2921</Telev>
      <PART>0.5</PART>
      <DELAY>1</DELAY>
    </SubCatchmentParameters>
    <SubCatchmentVegetationZone>
      <SubCatchmentVegetationZoneParameters>
        <TT>-0.92799692046727</TT>
        <CFMAX>4.2122719413302034</CFMAX>
        <SP>0</SP>
        <SFCF>1.0695446687298316</SFCF>
        <CFR>0.022823091458472965</CFR>
        <CWH>0.19999999940084667</CWH>
        <CFGlacier>1</CFGlacier>
        <CFSlope>1</CFSlope>
        <FC>248.93093974720804</FC>
        <LP>0.99999806991971141</LP>
        <BETA>1.0000357701242737</BETA>
      </SubCatchmentVegetationZoneParameters>
    </SubCatchmentVegetationZone>
  </SubCatchment>
</Catchment>