<?xml version="1.0" encoding="utf-8"?>
<Catchment xmlns:xsi="http://www.w3.org/2001/XMLSchema-instance" xmlns:xsd="http://www.w3.org/2001/XMLSchema">
  <CatchmentParameters>
    <KSI>0.001</KSI>
    <KGmin>0.05</KGmin>
    <RangeKG>0.1</RangeKG>
    <AG>0.1</AG>
    <PERC>6.27292207020943</PERC>
    <Alpha>0</Alpha>
    <UZL>72.878669838710934</UZL>
    <K0>0.095085652086702374</K0>
    <K1>0.18425342320431554</K1>
    <K2>0.048573281015842143</K2>
    <MAXBAS>1.0003385238449623</MAXBAS>
    <Cet>0</Cet>
    <PCALT>10</PCALT>
    <TCALT>0.6</TCALT>
    <Pelev>3349</Pelev>
    <Telev>2921</Telev>
    <PART>0.5</PART>
    <DELAY>1</DELAY>
  </CatchmentParameters>
  <VegetationZone>
    <VegetationZoneParameters>
      <TT>-0.92799852022616647</TT>
      <CFMAX>4.3631024558663087</CFMAX>
      <SP>0</SP>
      <SFCF>1.1136202432354438</SFCF>
      <CFR>0.00045257215219804945</CFR>
      <CWH>0.19997896687823968</CWH>
      <CFGlacier>1</CFGlacier>
      <CFSlope>1</CFSlope>
      <FC>298.89700645204886</FC>
      <LP>0.99999269218659181</LP>
      <BETA>1.0610923186950692</BETA>
    </VegetationZoneParameters>
  </VegetationZone>
  <SubCatchment>
    <SubCatchmentParameters>
      <KSI>0.001</KSI>
      <KGmin>0.05</KGmin>
      <RangeKG>0.1</RangeKG>
      <AG>0.1</AG>
      <PERC>6.27292207020943</PERC>
      <Alpha>0</Alpha>
      <UZL>72.878669838710934</UZL>
      <K0>0.095085652086702374</K0>
      <K1>0.18425342320431554</K1>
      <K2>0.048573281015842143</K2>
      <MAXBAS>1.0003385238449623</MAXBAS>
      <Cet>0</Cet>
      <PCALT>10</PCALT>
      <TCALT>0.6</TCALT>
      <Pelev>3349</Pelev>
      <Telev>2921</Telev>
      <PART>0.5</PART>
      <DELAY>1</DELAY>
    </SubCatchmentParameters>
    <SubCatchmentVegetationZone>
      <SubCatchmentVegetationZoneParameters>
        <TT>-0.92799852022616647</TT>
        <CFMAX>4.3631024558663087</CFMAX>
        <SP>0</SP>
        <SFCF>1.1136202432354438</SFCF>
        <CFR>0.00045257215219804945</CFR>
        <CWH>0.19997896687823968</CWH>
        <CFGlacier>1</CFGlacier>
        <CFSlope>1</CFSlope>
        <FC>298.89700645204886</FC>
        <LP>0.99999269218659181</LP>
        <BETA>1.0610923186950692</BETA>
      </SubCatchmentVegetationZoneParameters>
    </SubCatchmentVegetationZone>
  </SubCatchment>
</Catchment>