<?xml version="1.0" encoding="utf-8"?>
<Catchment xmlns:xsi="http://www.w3.org/2001/XMLSchema-instance" xmlns:xsd="http://www.w3.org/2001/XMLSchema">
  <CatchmentParameters>
    <KSI>0.001</KSI>
    <KGmin>0.05</KGmin>
    <RangeKG>0.1</RangeKG>
    <AG>0.1</AG>
    <PERC>1.3475842026670573</PERC>
    <Alpha>0</Alpha>
    <UZL>80.214274718618455</UZL>
    <K0>0.14863935099038084</K0>
    <K1>0.059174479583891937</K1>
    <K2>0.010000006599920378</K2>
    <MAXBAS>1</MAXBAS>
    <Cet>0</Cet>
    <PCALT>10</PCALT>
    <TCALT>0.6</TCALT>
    <Pelev>3349</Pelev>
    <Telev>2921</Telev>
    <PART>0.5</PART>
    <DELAY>1</DELAY>
  </CatchmentParameters>
  <VegetationZone>
    <VegetationZoneParameters>
      <TT>-2.49999978924293</TT>
      <CFMAX>3.9347547222948265</CFMAX>
      <SP>0</SP>
      <SFCF>1.4999997656279056</SFCF>
      <CFR>0.074327471374349169</CFR>
      <CWH>0.10000088837602329</CWH>
      <CFGlacier>1</CFGlacier>
      <CFSlope>1</CFSlope>
      <FC>804.17886582718688</FC>
      <LP>0.94023597039168616</LP>
      <BETA>1.419492072630516</BETA>
    </VegetationZoneParameters>
  </VegetationZone>
  <SubCatchment>
    <SubCatchmentParameters>
      <KSI>0.001</KSI>
      <KGmin>0.05</KGmin>
      <RangeKG>0.1</RangeKG>
      <AG>0.1</AG>
      <PERC>1.3475842026670573</PERC>
      <Alpha>0</Alpha>
      <UZL>80.214274718618455</UZL>
      <K0>0.14863935099038084</K0>
      <K1>0.059174479583891937</K1>
      <K2>0.010000006599920378</K2>
      <MAXBAS>1</MAXBAS>
      <Cet>0</Cet>
      <PCALT>10</PCALT>
      <TCALT>0.6</TCALT>
      <Pelev>3349</Pelev>
      <Telev>2921</Telev>
      <PART>0.5</PART>
      <DELAY>1</DELAY>
    </SubCatchmentParameters>
    <SubCatchmentVegetationZone>
      <SubCatchmentVegetationZoneParameters>
        <TT>-2.49999978924293</TT>
        <CFMAX>3.9347547222948265</CFMAX>
        <SP>0</SP>
        <SFCF>1.4999997656279056</SFCF>
        <CFR>0.074327471374349169</CFR>
        <CWH>0.10000088837602329</CWH>
        <CFGlacier>1</CFGlacier>
        <CFSlope>1</CFSlope>
        <FC>804.17886582718688</FC>
        <LP>0.94023597039168616</LP>
        <BETA>1.419492072630516</BETA>
      </SubCatchmentVegetationZoneParameters>
    </SubCatchmentVegetationZone>
  </SubCatchment>
</Catchment>