<?xml version="1.0" encoding="utf-8"?>
<Catchment xmlns:xsi="http://www.w3.org/2001/XMLSchema-instance" xmlns:xsd="http://www.w3.org/2001/XMLSchema">
  <CatchmentParameters>
    <KSI>0.001</KSI>
    <KGmin>0.05</KGmin>
    <RangeKG>0.1</RangeKG>
    <AG>0.1</AG>
    <PERC>1.8216058623066016</PERC>
    <Alpha>0</Alpha>
    <UZL>74.641809412069932</UZL>
    <K0>0.20724486948284332</K0>
    <K1>0.079457131450669391</K1>
    <K2>0.011946081455230436</K2>
    <MAXBAS>1</MAXBAS>
    <Cet>0</Cet>
    <PCALT>10</PCALT>
    <TCALT>0.6</TCALT>
    <Pelev>3349</Pelev>
    <Telev>2921</Telev>
    <PART>0.5</PART>
    <DELAY>1</DELAY>
  </CatchmentParameters>
  <VegetationZone>
    <VegetationZoneParameters>
      <TT>-1.4279509663249861</TT>
      <CFMAX>4.9999967384812507</CFMAX>
      <SP>0</SP>
      <SFCF>1.4999996144500114</SFCF>
      <CFR>0.0001300760029316532</CFR>
      <CWH>0.10294951489840774</CWH>
      <CFGlacier>1</CFGlacier>
      <CFSlope>1</CFSlope>
      <FC>2213.6741662602963</FC>
      <LP>0.902452684705432</LP>
      <BETA>1.5183544892155425</BETA>
    </VegetationZoneParameters>
  </VegetationZone>
  <SubCatchment>
    <SubCatchmentParameters>
      <KSI>0.001</KSI>
      <KGmin>0.05</KGmin>
      <RangeKG>0.1</RangeKG>
      <AG>0.1</AG>
      <PERC>1.8216058623066016</PERC>
      <Alpha>0</Alpha>
      <UZL>74.641809412069932</UZL>
      <K0>0.20724486948284332</K0>
      <K1>0.079457131450669391</K1>
      <K2>0.011946081455230436</K2>
      <MAXBAS>1</MAXBAS>
      <Cet>0</Cet>
      <PCALT>10</PCALT>
      <TCALT>0.6</TCALT>
      <Pelev>3349</Pelev>
      <Telev>2921</Telev>
      <PART>0.5</PART>
      <DELAY>1</DELAY>
    </SubCatchmentParameters>
    <SubCatchmentVegetationZone>
      <SubCatchmentVegetationZoneParameters>
        <TT>-1.4279509663249861</TT>
        <CFMAX>4.9999967384812507</CFMAX>
        <SP>0</SP>
        <SFCF>1.4999996144500114</SFCF>
        <CFR>0.0001300760029316532</CFR>
        <CWH>0.10294951489840774</CWH>
        <CFGlacier>1</CFGlacier>
        <CFSlope>1</CFSlope>
        <FC>2213.6741662602963</FC>
        <LP>0.902452684705432</LP>
        <BETA>1.5183544892155425</BETA>
      </SubCatchmentVegetationZoneParameters>
    </SubCatchmentVegetationZone>
  </SubCatchment>
</Catchment>