<?xml version="1.0" encoding="utf-8"?>
<Catchment xmlns:xsi="http://www.w3.org/2001/XMLSchema-instance" xmlns:xsd="http://www.w3.org/2001/XMLSchema">
  <CatchmentParameters>
    <KSI>0.001</KSI>
    <KGmin>0.05</KGmin>
    <RangeKG>0.1</RangeKG>
    <AG>0.1</AG>
    <PERC>6.6508674953034</PERC>
    <Alpha>0</Alpha>
    <UZL>86.279874941746655</UZL>
    <K0>0.53418193447940654</K0>
    <K1>0.1851832291283303</K1>
    <K2>0.051855829305356364</K2>
    <MAXBAS>1.0002663046519</MAXBAS>
    <Cet>0</Cet>
    <PCALT>10</PCALT>
    <TCALT>0.6</TCALT>
    <Pelev>3349</Pelev>
    <Telev>2921</Telev>
    <PART>0.5</PART>
    <DELAY>1</DELAY>
  </CatchmentParameters>
  <VegetationZone>
    <VegetationZoneParameters>
      <TT>-0.92799998933702643</TT>
      <CFMAX>4.8796910982305821</CFMAX>
      <SP>0</SP>
      <SFCF>1.2006204668333618</SFCF>
      <CFR>0.02083787454029646</CFR>
      <CWH>0.19359668802254748</CWH>
      <CFGlacier>1</CFGlacier>
      <CFSlope>1</CFSlope>
      <FC>474.15648596043263</FC>
      <LP>0.99999406887968778</LP>
      <BETA>1.0395324284788248</BETA>
    </VegetationZoneParameters>
  </VegetationZone>
  <SubCatchment>
    <SubCatchmentParameters>
      <KSI>0.001</KSI>
      <KGmin>0.05</KGmin>
      <RangeKG>0.1</RangeKG>
      <AG>0.1</AG>
      <PERC>6.6508674953034</PERC>
      <Alpha>0</Alpha>
      <UZL>86.279874941746655</UZL>
      <K0>0.53418193447940654</K0>
      <K1>0.1851832291283303</K1>
      <K2>0.051855829305356364</K2>
      <MAXBAS>1.0002663046519</MAXBAS>
      <Cet>0</Cet>
      <PCALT>10</PCALT>
      <TCALT>0.6</TCALT>
      <Pelev>3349</Pelev>
      <Telev>2921</Telev>
      <PART>0.5</PART>
      <DELAY>1</DELAY>
    </SubCatchmentParameters>
    <SubCatchmentVegetationZone>
      <SubCatchmentVegetationZoneParameters>
        <TT>-0.92799998933702643</TT>
        <CFMAX>4.8796910982305821</CFMAX>
        <SP>0</SP>
        <SFCF>1.2006204668333618</SFCF>
        <CFR>0.02083787454029646</CFR>
        <CWH>0.19359668802254748</CWH>
        <CFGlacier>1</CFGlacier>
        <CFSlope>1</CFSlope>
        <FC>474.15648596043263</FC>
        <LP>0.99999406887968778</LP>
        <BETA>1.0395324284788248</BETA>
      </SubCatchmentVegetationZoneParameters>
    </SubCatchmentVegetationZone>
  </SubCatchment>
</Catchment>