<?xml version="1.0" encoding="utf-8"?>
<Catchment xmlns:xsi="http://www.w3.org/2001/XMLSchema-instance" xmlns:xsd="http://www.w3.org/2001/XMLSchema">
  <CatchmentParameters>
    <KSI>0.001</KSI>
    <KGmin>0.05</KGmin>
    <RangeKG>0.1</RangeKG>
    <AG>0.1</AG>
    <PERC>6.5189521159378634</PERC>
    <Alpha>0</Alpha>
    <UZL>199.0186343575823</UZL>
    <K0>0.52466513648347035</K0>
    <K1>0.18328793118974926</K1>
    <K2>0.051810159657334591</K2>
    <MAXBAS>1.0000014881136332</MAXBAS>
    <Cet>0</Cet>
    <PCALT>10</PCALT>
    <TCALT>0.6</TCALT>
    <Pelev>3349</Pelev>
    <Telev>2921</Telev>
    <PART>0.5</PART>
    <DELAY>1</DELAY>
  </CatchmentParameters>
  <VegetationZone>
    <VegetationZoneParameters>
      <TT>-1.0165516843967946</TT>
      <CFMAX>4.7330615817598325</CFMAX>
      <SP>0</SP>
      <SFCF>1.1936719010971035</SFCF>
      <CFR>0.022255199444915802</CFR>
      <CWH>0.19599952723663644</CWH>
      <CFGlacier>1</CFGlacier>
      <CFSlope>1</CFSlope>
      <FC>438.34743502871129</FC>
      <LP>0.99999532480375153</LP>
      <BETA>1.0625530269702881</BETA>
    </VegetationZoneParameters>
  </VegetationZone>
  <SubCatchment>
    <SubCatchmentParameters>
      <KSI>0.001</KSI>
      <KGmin>0.05</KGmin>
      <RangeKG>0.1</RangeKG>
      <AG>0.1</AG>
      <PERC>6.5189521159378634</PERC>
      <Alpha>0</Alpha>
      <UZL>199.0186343575823</UZL>
      <K0>0.52466513648347035</K0>
      <K1>0.18328793118974926</K1>
      <K2>0.051810159657334591</K2>
      <MAXBAS>1.0000014881136332</MAXBAS>
      <Cet>0</Cet>
      <PCALT>10</PCALT>
      <TCALT>0.6</TCALT>
      <Pelev>3349</Pelev>
      <Telev>2921</Telev>
      <PART>0.5</PART>
      <DELAY>1</DELAY>
    </SubCatchmentParameters>
    <SubCatchmentVegetationZone>
      <SubCatchmentVegetationZoneParameters>
        <TT>-1.0165516843967946</TT>
        <CFMAX>4.7330615817598325</CFMAX>
        <SP>0</SP>
        <SFCF>1.1936719010971035</SFCF>
        <CFR>0.022255199444915802</CFR>
        <CWH>0.19599952723663644</CWH>
        <CFGlacier>1</CFGlacier>
        <CFSlope>1</CFSlope>
        <FC>438.34743502871129</FC>
        <LP>0.99999532480375153</LP>
        <BETA>1.0625530269702881</BETA>
      </SubCatchmentVegetationZoneParameters>
    </SubCatchmentVegetationZone>
  </SubCatchment>
</Catchment>