<?xml version="1.0" encoding="utf-8"?>
<Catchment xmlns:xsi="http://www.w3.org/2001/XMLSchema-instance" xmlns:xsd="http://www.w3.org/2001/XMLSchema">
  <CatchmentParameters>
    <KSI>0.001</KSI>
    <KGmin>0.05</KGmin>
    <RangeKG>0.1</RangeKG>
    <AG>0.1</AG>
    <PERC>1.1537545939976492</PERC>
    <Alpha>0</Alpha>
    <UZL>154.26452114184141</UZL>
    <K0>0.48149020235732282</K0>
    <K1>0.085016465652323722</K1>
    <K2>0.010000019870430041</K2>
    <MAXBAS>1</MAXBAS>
    <Cet>0</Cet>
    <PCALT>10</PCALT>
    <TCALT>0.6</TCALT>
    <Pelev>3349</Pelev>
    <Telev>2921</Telev>
    <PART>0.5</PART>
    <DELAY>1</DELAY>
  </CatchmentParameters>
  <VegetationZone>
    <VegetationZoneParameters>
      <TT>-1.16999036286814</TT>
      <CFMAX>4.99997291404514</CFMAX>
      <SP>0</SP>
      <SFCF>1.3640054983858605</SFCF>
      <CFR>0.021821575149317315</CFR>
      <CWH>0.15112562675702093</CWH>
      <CFGlacier>1</CFGlacier>
      <CFSlope>1</CFSlope>
      <FC>2313.020930232226</FC>
      <LP>0.986668768818205</LP>
      <BETA>1.3215669008881352</BETA>
    </VegetationZoneParameters>
  </VegetationZone>
  <SubCatchment>
    <SubCatchmentParameters>
      <KSI>0.001</KSI>
      <KGmin>0.05</KGmin>
      <RangeKG>0.1</RangeKG>
      <AG>0.1</AG>
      <PERC>1.1537545939976492</PERC>
      <Alpha>0</Alpha>
      <UZL>154.26452114184141</UZL>
      <K0>0.48149020235732282</K0>
      <K1>0.085016465652323722</K1>
      <K2>0.010000019870430041</K2>
      <MAXBAS>1</MAXBAS>
      <Cet>0</Cet>
      <PCALT>10</PCALT>
      <TCALT>0.6</TCALT>
      <Pelev>3349</Pelev>
      <Telev>2921</Telev>
      <PART>0.5</PART>
      <DELAY>1</DELAY>
    </SubCatchmentParameters>
    <SubCatchmentVegetationZone>
      <SubCatchmentVegetationZoneParameters>
        <TT>-1.16999036286814</TT>
        <CFMAX>4.99997291404514</CFMAX>
        <SP>0</SP>
        <SFCF>1.3640054983858605</SFCF>
        <CFR>0.021821575149317315</CFR>
        <CWH>0.15112562675702093</CWH>
        <CFGlacier>1</CFGlacier>
        <CFSlope>1</CFSlope>
        <FC>2313.020930232226</FC>
        <LP>0.986668768818205</LP>
        <BETA>1.3215669008881352</BETA>
      </SubCatchmentVegetationZoneParameters>
    </SubCatchmentVegetationZone>
  </SubCatchment>
</Catchment>