<?xml version="1.0" encoding="utf-8"?>
<Catchment xmlns:xsi="http://www.w3.org/2001/XMLSchema-instance" xmlns:xsd="http://www.w3.org/2001/XMLSchema">
  <CatchmentParameters>
    <KSI>0.001</KSI>
    <KGmin>0.05</KGmin>
    <RangeKG>0.1</RangeKG>
    <AG>0.1</AG>
    <PERC>6.7300400358083312</PERC>
    <Alpha>0</Alpha>
    <UZL>148.46614727465786</UZL>
    <K0>0.17858299629968291</K0>
    <K1>0.22485668808096804</K1>
    <K2>0.0614342206633422</K2>
    <MAXBAS>1.0000260497240119</MAXBAS>
    <Cet>0</Cet>
    <PCALT>10</PCALT>
    <TCALT>0.6</TCALT>
    <Pelev>3349</Pelev>
    <Telev>2921</Telev>
    <PART>0.5</PART>
    <DELAY>1</DELAY>
  </CatchmentParameters>
  <VegetationZone>
    <VegetationZoneParameters>
      <TT>-0.927999352601334</TT>
      <CFMAX>3.7543397236693528</CFMAX>
      <SP>0</SP>
      <SFCF>1.0266981811080764</SFCF>
      <CFR>0.063819855422946173</CFR>
      <CWH>0.16510714890709549</CWH>
      <CFGlacier>1</CFGlacier>
      <CFSlope>1</CFSlope>
      <FC>224.28622589194947</FC>
      <LP>0.9999958006095736</LP>
      <BETA>1.0000010628295164</BETA>
    </VegetationZoneParameters>
  </VegetationZone>
  <SubCatchment>
    <SubCatchmentParameters>
      <KSI>0.001</KSI>
      <KGmin>0.05</KGmin>
      <RangeKG>0.1</RangeKG>
      <AG>0.1</AG>
      <PERC>6.7300400358083312</PERC>
      <Alpha>0</Alpha>
      <UZL>148.46614727465786</UZL>
      <K0>0.17858299629968291</K0>
      <K1>0.22485668808096804</K1>
      <K2>0.0614342206633422</K2>
      <MAXBAS>1.0000260497240119</MAXBAS>
      <Cet>0</Cet>
      <PCALT>10</PCALT>
      <TCALT>0.6</TCALT>
      <Pelev>3349</Pelev>
      <Telev>2921</Telev>
      <PART>0.5</PART>
      <DELAY>1</DELAY>
    </SubCatchmentParameters>
    <SubCatchmentVegetationZone>
      <SubCatchmentVegetationZoneParameters>
        <TT>-0.927999352601334</TT>
        <CFMAX>3.7543397236693528</CFMAX>
        <SP>0</SP>
        <SFCF>1.0266981811080764</SFCF>
        <CFR>0.063819855422946173</CFR>
        <CWH>0.16510714890709549</CWH>
        <CFGlacier>1</CFGlacier>
        <CFSlope>1</CFSlope>
        <FC>224.28622589194947</FC>
        <LP>0.9999958006095736</LP>
        <BETA>1.0000010628295164</BETA>
      </SubCatchmentVegetationZoneParameters>
    </SubCatchmentVegetationZone>
  </SubCatchment>
</Catchment>