<?xml version="1.0" encoding="utf-8"?>
<Catchment xmlns:xsi="http://www.w3.org/2001/XMLSchema-instance" xmlns:xsd="http://www.w3.org/2001/XMLSchema">
  <CatchmentParameters>
    <KSI>0.001</KSI>
    <KGmin>0.05</KGmin>
    <RangeKG>0.1</RangeKG>
    <AG>0.1</AG>
    <PERC>1.2913486971389574</PERC>
    <Alpha>0</Alpha>
    <UZL>86.010534525053</UZL>
    <K0>0.16351510327500038</K0>
    <K1>0.0647773988408857</K1>
    <K2>0.010105473907788308</K2>
    <MAXBAS>1</MAXBAS>
    <Cet>0</Cet>
    <PCALT>10</PCALT>
    <TCALT>0.6</TCALT>
    <Pelev>3349</Pelev>
    <Telev>2921</Telev>
    <PART>0.5</PART>
    <DELAY>1</DELAY>
  </CatchmentParameters>
  <VegetationZone>
    <VegetationZoneParameters>
      <TT>-1.3386785870469165</TT>
      <CFMAX>4.9744149792846173</CFMAX>
      <SP>0</SP>
      <SFCF>1.4145845801004424</SFCF>
      <CFR>0.012106663084288878</CFR>
      <CWH>0.14045283077833051</CWH>
      <CFGlacier>1</CFGlacier>
      <CFSlope>1</CFSlope>
      <FC>1935.518435489121</FC>
      <LP>0.96215330578756764</LP>
      <BETA>1.295413299705888</BETA>
    </VegetationZoneParameters>
  </VegetationZone>
  <SubCatchment>
    <SubCatchmentParameters>
      <KSI>0.001</KSI>
      <KGmin>0.05</KGmin>
      <RangeKG>0.1</RangeKG>
      <AG>0.1</AG>
      <PERC>1.2913486971389574</PERC>
      <Alpha>0</Alpha>
      <UZL>86.010534525053</UZL>
      <K0>0.16351510327500038</K0>
      <K1>0.0647773988408857</K1>
      <K2>0.010105473907788308</K2>
      <MAXBAS>1</MAXBAS>
      <Cet>0</Cet>
      <PCALT>10</PCALT>
      <TCALT>0.6</TCALT>
      <Pelev>3349</Pelev>
      <Telev>2921</Telev>
      <PART>0.5</PART>
      <DELAY>1</DELAY>
    </SubCatchmentParameters>
    <SubCatchmentVegetationZone>
      <SubCatchmentVegetationZoneParameters>
        <TT>-1.3386785870469165</TT>
        <CFMAX>4.9744149792846173</CFMAX>
        <SP>0</SP>
        <SFCF>1.4145845801004424</SFCF>
        <CFR>0.012106663084288878</CFR>
        <CWH>0.14045283077833051</CWH>
        <CFGlacier>1</CFGlacier>
        <CFSlope>1</CFSlope>
        <FC>1935.518435489121</FC>
        <LP>0.96215330578756764</LP>
        <BETA>1.295413299705888</BETA>
      </SubCatchmentVegetationZoneParameters>
    </SubCatchmentVegetationZone>
  </SubCatchment>
</Catchment>