<?xml version="1.0" encoding="utf-8"?>
<Catchment xmlns:xsi="http://www.w3.org/2001/XMLSchema-instance" xmlns:xsd="http://www.w3.org/2001/XMLSchema">
  <CatchmentParameters>
    <KSI>0.001</KSI>
    <KGmin>0.05</KGmin>
    <RangeKG>0.1</RangeKG>
    <AG>0.1</AG>
    <PERC>1.5026399815111113</PERC>
    <Alpha>0</Alpha>
    <UZL>68.8143235239015</UZL>
    <K0>0.15605825919019628</K0>
    <K1>0.067055203240645372</K1>
    <K2>0.010273288790656157</K2>
    <MAXBAS>1</MAXBAS>
    <Cet>0</Cet>
    <PCALT>10</PCALT>
    <TCALT>0.6</TCALT>
    <Pelev>3349</Pelev>
    <Telev>2921</Telev>
    <PART>0.5</PART>
    <DELAY>1</DELAY>
  </CatchmentParameters>
  <VegetationZone>
    <VegetationZoneParameters>
      <TT>-2.3682169737904251</TT>
      <CFMAX>3.9038358612705193</CFMAX>
      <SP>0</SP>
      <SFCF>1.499999979305606</SFCF>
      <CFR>0.00050595133437331228</CFR>
      <CWH>0.11703560268419866</CWH>
      <CFGlacier>1</CFGlacier>
      <CFSlope>1</CFSlope>
      <FC>904.53155732435437</FC>
      <LP>0.93293842036343733</LP>
      <BETA>1.3591770316027347</BETA>
    </VegetationZoneParameters>
  </VegetationZone>
  <SubCatchment>
    <SubCatchmentParameters>
      <KSI>0.001</KSI>
      <KGmin>0.05</KGmin>
      <RangeKG>0.1</RangeKG>
      <AG>0.1</AG>
      <PERC>1.5026399815111113</PERC>
      <Alpha>0</Alpha>
      <UZL>68.8143235239015</UZL>
      <K0>0.15605825919019628</K0>
      <K1>0.067055203240645372</K1>
      <K2>0.010273288790656157</K2>
      <MAXBAS>1</MAXBAS>
      <Cet>0</Cet>
      <PCALT>10</PCALT>
      <TCALT>0.6</TCALT>
      <Pelev>3349</Pelev>
      <Telev>2921</Telev>
      <PART>0.5</PART>
      <DELAY>1</DELAY>
    </SubCatchmentParameters>
    <SubCatchmentVegetationZone>
      <SubCatchmentVegetationZoneParameters>
        <TT>-2.3682169737904251</TT>
        <CFMAX>3.9038358612705193</CFMAX>
        <SP>0</SP>
        <SFCF>1.499999979305606</SFCF>
        <CFR>0.00050595133437331228</CFR>
        <CWH>0.11703560268419866</CWH>
        <CFGlacier>1</CFGlacier>
        <CFSlope>1</CFSlope>
        <FC>904.53155732435437</FC>
        <LP>0.93293842036343733</LP>
        <BETA>1.3591770316027347</BETA>
      </SubCatchmentVegetationZoneParameters>
    </SubCatchmentVegetationZone>
  </SubCatchment>
</Catchment>