<?xml version="1.0" encoding="utf-8"?>
<Catchment xmlns:xsi="http://www.w3.org/2001/XMLSchema-instance" xmlns:xsd="http://www.w3.org/2001/XMLSchema">
  <CatchmentParameters>
    <KSI>0.001</KSI>
    <KGmin>0.05</KGmin>
    <RangeKG>0.1</RangeKG>
    <AG>0.1</AG>
    <PERC>1.4856239718437754</PERC>
    <Alpha>0</Alpha>
    <UZL>83.228654893263439</UZL>
    <K0>0.14765998497311472</K0>
    <K1>0.0546938292898678</K1>
    <K2>0.010000027318046743</K2>
    <MAXBAS>1</MAXBAS>
    <Cet>0</Cet>
    <PCALT>10</PCALT>
    <TCALT>0.6</TCALT>
    <Pelev>3349</Pelev>
    <Telev>2921</Telev>
    <PART>0.5</PART>
    <DELAY>1</DELAY>
  </CatchmentParameters>
  <VegetationZone>
    <VegetationZoneParameters>
      <TT>-2.0806860558832958</TT>
      <CFMAX>3.80647816326591</CFMAX>
      <SP>0</SP>
      <SFCF>1.3610434524318229</SFCF>
      <CFR>0.00017729945919261388</CFR>
      <CWH>0.10000078497817903</CWH>
      <CFGlacier>1</CFGlacier>
      <CFSlope>1</CFSlope>
      <FC>434.66243872938594</FC>
      <LP>0.87821382270883086</LP>
      <BETA>1.1755854966961636</BETA>
    </VegetationZoneParameters>
  </VegetationZone>
  <SubCatchment>
    <SubCatchmentParameters>
      <KSI>0.001</KSI>
      <KGmin>0.05</KGmin>
      <RangeKG>0.1</RangeKG>
      <AG>0.1</AG>
      <PERC>1.4856239718437754</PERC>
      <Alpha>0</Alpha>
      <UZL>83.228654893263439</UZL>
      <K0>0.14765998497311472</K0>
      <K1>0.0546938292898678</K1>
      <K2>0.010000027318046743</K2>
      <MAXBAS>1</MAXBAS>
      <Cet>0</Cet>
      <PCALT>10</PCALT>
      <TCALT>0.6</TCALT>
      <Pelev>3349</Pelev>
      <Telev>2921</Telev>
      <PART>0.5</PART>
      <DELAY>1</DELAY>
    </SubCatchmentParameters>
    <SubCatchmentVegetationZone>
      <SubCatchmentVegetationZoneParameters>
        <TT>-2.0806860558832958</TT>
        <CFMAX>3.80647816326591</CFMAX>
        <SP>0</SP>
        <SFCF>1.3610434524318229</SFCF>
        <CFR>0.00017729945919261388</CFR>
        <CWH>0.10000078497817903</CWH>
        <CFGlacier>1</CFGlacier>
        <CFSlope>1</CFSlope>
        <FC>434.66243872938594</FC>
        <LP>0.87821382270883086</LP>
        <BETA>1.1755854966961636</BETA>
      </SubCatchmentVegetationZoneParameters>
    </SubCatchmentVegetationZone>
  </SubCatchment>
</Catchment>