<?xml version="1.0" encoding="utf-8"?>
<Catchment xmlns:xsi="http://www.w3.org/2001/XMLSchema-instance" xmlns:xsd="http://www.w3.org/2001/XMLSchema">
  <CatchmentParameters>
    <KSI>0.001</KSI>
    <KGmin>0.05</KGmin>
    <RangeKG>0.1</RangeKG>
    <AG>0.1</AG>
    <PERC>6.4859061989873776</PERC>
    <Alpha>0</Alpha>
    <UZL>65.401172239032618</UZL>
    <K0>0.51064031708965563</K0>
    <K1>0.188814809931482</K1>
    <K2>0.051560092926847219</K2>
    <MAXBAS>1.0000056821425698</MAXBAS>
    <Cet>0</Cet>
    <PCALT>10</PCALT>
    <TCALT>0.6</TCALT>
    <Pelev>3349</Pelev>
    <Telev>2921</Telev>
    <PART>0.5</PART>
    <DELAY>1</DELAY>
  </CatchmentParameters>
  <VegetationZone>
    <VegetationZoneParameters>
      <TT>-0.16765548546513306</TT>
      <CFMAX>4.5433242638494145</CFMAX>
      <SP>0</SP>
      <SFCF>0.98847840385675667</SFCF>
      <CFR>0.0318987758369944</CFR>
      <CWH>0.14533431932735771</CWH>
      <CFGlacier>1</CFGlacier>
      <CFSlope>1</CFSlope>
      <FC>191.00713181142334</FC>
      <LP>0.9999968909963074</LP>
      <BETA>1.0000284500436796</BETA>
    </VegetationZoneParameters>
  </VegetationZone>
  <SubCatchment>
    <SubCatchmentParameters>
      <KSI>0.001</KSI>
      <KGmin>0.05</KGmin>
      <RangeKG>0.1</RangeKG>
      <AG>0.1</AG>
      <PERC>6.4859061989873776</PERC>
      <Alpha>0</Alpha>
      <UZL>65.401172239032618</UZL>
      <K0>0.51064031708965563</K0>
      <K1>0.188814809931482</K1>
      <K2>0.051560092926847219</K2>
      <MAXBAS>1.0000056821425698</MAXBAS>
      <Cet>0</Cet>
      <PCALT>10</PCALT>
      <TCALT>0.6</TCALT>
      <Pelev>3349</Pelev>
      <Telev>2921</Telev>
      <PART>0.5</PART>
      <DELAY>1</DELAY>
    </SubCatchmentParameters>
    <SubCatchmentVegetationZone>
      <SubCatchmentVegetationZoneParameters>
        <TT>-0.16765548546513306</TT>
        <CFMAX>4.5433242638494145</CFMAX>
        <SP>0</SP>
        <SFCF>0.98847840385675667</SFCF>
        <CFR>0.0318987758369944</CFR>
        <CWH>0.14533431932735771</CWH>
        <CFGlacier>1</CFGlacier>
        <CFSlope>1</CFSlope>
        <FC>191.00713181142334</FC>
        <LP>0.9999968909963074</LP>
        <BETA>1.0000284500436796</BETA>
      </SubCatchmentVegetationZoneParameters>
    </SubCatchmentVegetationZone>
  </SubCatchment>
</Catchment>