<?xml version="1.0" encoding="utf-8"?>
<Catchment xmlns:xsi="http://www.w3.org/2001/XMLSchema-instance" xmlns:xsd="http://www.w3.org/2001/XMLSchema">
  <CatchmentParameters>
    <KSI>0.001</KSI>
    <KGmin>0.05</KGmin>
    <RangeKG>0.1</RangeKG>
    <AG>0.1</AG>
    <PERC>6.6184642134947307</PERC>
    <Alpha>0</Alpha>
    <UZL>111.60094828394904</UZL>
    <K0>0.28183999069509696</K0>
    <K1>0.17711531193049074</K1>
    <K2>0.047410385909722665</K2>
    <MAXBAS>1.0001777040399627</MAXBAS>
    <Cet>0</Cet>
    <PCALT>10</PCALT>
    <TCALT>0.6</TCALT>
    <Pelev>3349</Pelev>
    <Telev>2921</Telev>
    <PART>0.5</PART>
    <DELAY>1</DELAY>
  </CatchmentParameters>
  <VegetationZone>
    <VegetationZoneParameters>
      <TT>-0.82799247830599965</TT>
      <CFMAX>4.5508938800250389</CFMAX>
      <SP>0</SP>
      <SFCF>1.097534904370197</SFCF>
      <CFR>0.020852225499748481</CFR>
      <CWH>0.19925646734378941</CWH>
      <CFGlacier>1</CFGlacier>
      <CFSlope>1</CFSlope>
      <FC>273.80189750468031</FC>
      <LP>0.99999554890740638</LP>
      <BETA>1.0000016772487725</BETA>
    </VegetationZoneParameters>
  </VegetationZone>
  <SubCatchment>
    <SubCatchmentParameters>
      <KSI>0.001</KSI>
      <KGmin>0.05</KGmin>
      <RangeKG>0.1</RangeKG>
      <AG>0.1</AG>
      <PERC>6.6184642134947307</PERC>
      <Alpha>0</Alpha>
      <UZL>111.60094828394904</UZL>
      <K0>0.28183999069509696</K0>
      <K1>0.17711531193049074</K1>
      <K2>0.047410385909722665</K2>
      <MAXBAS>1.0001777040399627</MAXBAS>
      <Cet>0</Cet>
      <PCALT>10</PCALT>
      <TCALT>0.6</TCALT>
      <Pelev>3349</Pelev>
      <Telev>2921</Telev>
      <PART>0.5</PART>
      <DELAY>1</DELAY>
    </SubCatchmentParameters>
    <SubCatchmentVegetationZone>
      <SubCatchmentVegetationZoneParameters>
        <TT>-0.82799247830599965</TT>
        <CFMAX>4.5508938800250389</CFMAX>
        <SP>0</SP>
        <SFCF>1.097534904370197</SFCF>
        <CFR>0.020852225499748481</CFR>
        <CWH>0.19925646734378941</CWH>
        <CFGlacier>1</CFGlacier>
        <CFSlope>1</CFSlope>
        <FC>273.80189750468031</FC>
        <LP>0.99999554890740638</LP>
        <BETA>1.0000016772487725</BETA>
      </SubCatchmentVegetationZoneParameters>
    </SubCatchmentVegetationZone>
  </SubCatchment>
</Catchment>