<?xml version="1.0" encoding="utf-8"?>
<Catchment xmlns:xsi="http://www.w3.org/2001/XMLSchema-instance" xmlns:xsd="http://www.w3.org/2001/XMLSchema">
  <CatchmentParameters>
    <KSI>0.001</KSI>
    <KGmin>0.05</KGmin>
    <RangeKG>0.1</RangeKG>
    <AG>0.1</AG>
    <PERC>7.0168426230160517</PERC>
    <Alpha>0</Alpha>
    <UZL>122.00020102373674</UZL>
    <K0>0.43139242686532631</K0>
    <K1>0.1889642674620674</K1>
    <K2>0.056159664397499885</K2>
    <MAXBAS>1.0000049023349944</MAXBAS>
    <Cet>0</Cet>
    <PCALT>10</PCALT>
    <TCALT>0.6</TCALT>
    <Pelev>3349</Pelev>
    <Telev>2921</Telev>
    <PART>0.5</PART>
    <DELAY>1</DELAY>
  </CatchmentParameters>
  <VegetationZone>
    <VegetationZoneParameters>
      <TT>-0.22787301583861555</TT>
      <CFMAX>4.9999642342884529</CFMAX>
      <SP>0</SP>
      <SFCF>1.1000462528449491</SFCF>
      <CFR>0.015511763919875458</CFR>
      <CWH>0.10984442175282026</CWH>
      <CFGlacier>1</CFGlacier>
      <CFSlope>1</CFSlope>
      <FC>335.25096563614034</FC>
      <LP>0.99999524627572189</LP>
      <BETA>1.0000572736719151</BETA>
    </VegetationZoneParameters>
  </VegetationZone>
  <SubCatchment>
    <SubCatchmentParameters>
      <KSI>0.001</KSI>
      <KGmin>0.05</KGmin>
      <RangeKG>0.1</RangeKG>
      <AG>0.1</AG>
      <PERC>7.0168426230160517</PERC>
      <Alpha>0</Alpha>
      <UZL>122.00020102373674</UZL>
      <K0>0.43139242686532631</K0>
      <K1>0.1889642674620674</K1>
      <K2>0.056159664397499885</K2>
      <MAXBAS>1.0000049023349944</MAXBAS>
      <Cet>0</Cet>
      <PCALT>10</PCALT>
      <TCALT>0.6</TCALT>
      <Pelev>3349</Pelev>
      <Telev>2921</Telev>
      <PART>0.5</PART>
      <DELAY>1</DELAY>
    </SubCatchmentParameters>
    <SubCatchmentVegetationZone>
      <SubCatchmentVegetationZoneParameters>
        <TT>-0.22787301583861555</TT>
        <CFMAX>4.9999642342884529</CFMAX>
        <SP>0</SP>
        <SFCF>1.1000462528449491</SFCF>
        <CFR>0.015511763919875458</CFR>
        <CWH>0.10984442175282026</CWH>
        <CFGlacier>1</CFGlacier>
        <CFSlope>1</CFSlope>
        <FC>335.25096563614034</FC>
        <LP>0.99999524627572189</LP>
        <BETA>1.0000572736719151</BETA>
      </SubCatchmentVegetationZoneParameters>
    </SubCatchmentVegetationZone>
  </SubCatchment>
</Catchment>