<?xml version="1.0" encoding="utf-8"?>
<Catchment xmlns:xsi="http://www.w3.org/2001/XMLSchema-instance" xmlns:xsd="http://www.w3.org/2001/XMLSchema">
  <CatchmentParameters>
    <KSI>0.001</KSI>
    <KGmin>0.05</KGmin>
    <RangeKG>0.1</RangeKG>
    <AG>0.1</AG>
    <PERC>7.08291585457362</PERC>
    <Alpha>0</Alpha>
    <UZL>95.7805861870925</UZL>
    <K0>0.60184730193617941</K0>
    <K1>0.19836447809270241</K1>
    <K2>0.055289798932956428</K2>
    <MAXBAS>1.0000438440834158</MAXBAS>
    <Cet>0</Cet>
    <PCALT>10</PCALT>
    <TCALT>0.6</TCALT>
    <Pelev>3349</Pelev>
    <Telev>2921</Telev>
    <PART>0.5</PART>
    <DELAY>1</DELAY>
  </CatchmentParameters>
  <VegetationZone>
    <VegetationZoneParameters>
      <TT>-0.74743149165840173</TT>
      <CFMAX>4.3065612594827511</CFMAX>
      <SP>0</SP>
      <SFCF>1.0451060427058534</SFCF>
      <CFR>0.053257113667253393</CFR>
      <CWH>0.1895432945146964</CWH>
      <CFGlacier>1</CFGlacier>
      <CFSlope>1</CFSlope>
      <FC>237.78699223229262</FC>
      <LP>0.99999095483236411</LP>
      <BETA>1.0000000002592873</BETA>
    </VegetationZoneParameters>
  </VegetationZone>
  <SubCatchment>
    <SubCatchmentParameters>
      <KSI>0.001</KSI>
      <KGmin>0.05</KGmin>
      <RangeKG>0.1</RangeKG>
      <AG>0.1</AG>
      <PERC>7.08291585457362</PERC>
      <Alpha>0</Alpha>
      <UZL>95.7805861870925</UZL>
      <K0>0.60184730193617941</K0>
      <K1>0.19836447809270241</K1>
      <K2>0.055289798932956428</K2>
      <MAXBAS>1.0000438440834158</MAXBAS>
      <Cet>0</Cet>
      <PCALT>10</PCALT>
      <TCALT>0.6</TCALT>
      <Pelev>3349</Pelev>
      <Telev>2921</Telev>
      <PART>0.5</PART>
      <DELAY>1</DELAY>
    </SubCatchmentParameters>
    <SubCatchmentVegetationZone>
      <SubCatchmentVegetationZoneParameters>
        <TT>-0.74743149165840173</TT>
        <CFMAX>4.3065612594827511</CFMAX>
        <SP>0</SP>
        <SFCF>1.0451060427058534</SFCF>
        <CFR>0.053257113667253393</CFR>
        <CWH>0.1895432945146964</CWH>
        <CFGlacier>1</CFGlacier>
        <CFSlope>1</CFSlope>
        <FC>237.78699223229262</FC>
        <LP>0.99999095483236411</LP>
        <BETA>1.0000000002592873</BETA>
      </SubCatchmentVegetationZoneParameters>
    </SubCatchmentVegetationZone>
  </SubCatchment>
</Catchment>