<?xml version="1.0" encoding="utf-8"?>
<Catchment xmlns:xsi="http://www.w3.org/2001/XMLSchema-instance" xmlns:xsd="http://www.w3.org/2001/XMLSchema">
  <CatchmentParameters>
    <KSI>0.001</KSI>
    <KGmin>0.05</KGmin>
    <RangeKG>0.1</RangeKG>
    <AG>0.1</AG>
    <PERC>6.2770514629720111</PERC>
    <Alpha>0</Alpha>
    <UZL>123.06260693908298</UZL>
    <K0>0.25744176325123</K0>
    <K1>0.18324556860720004</K1>
    <K2>0.046436223808931178</K2>
    <MAXBAS>1.0000037972365994</MAXBAS>
    <Cet>0</Cet>
    <PCALT>10</PCALT>
    <TCALT>0.6</TCALT>
    <Pelev>3349</Pelev>
    <Telev>2921</Telev>
    <PART>0.5</PART>
    <DELAY>1</DELAY>
  </CatchmentParameters>
  <VegetationZone>
    <VegetationZoneParameters>
      <TT>-1.1557013453512861</TT>
      <CFMAX>4.2312391451931086</CFMAX>
      <SP>0</SP>
      <SFCF>1.122426245640322</SFCF>
      <CFR>0.025147197316923102</CFR>
      <CWH>0.19999957672201169</CWH>
      <CFGlacier>1</CFGlacier>
      <CFSlope>1</CFSlope>
      <FC>287.85559203070744</FC>
      <LP>0.99999661829919939</LP>
      <BETA>1.1427640018511771</BETA>
    </VegetationZoneParameters>
  </VegetationZone>
  <SubCatchment>
    <SubCatchmentParameters>
      <KSI>0.001</KSI>
      <KGmin>0.05</KGmin>
      <RangeKG>0.1</RangeKG>
      <AG>0.1</AG>
      <PERC>6.2770514629720111</PERC>
      <Alpha>0</Alpha>
      <UZL>123.06260693908298</UZL>
      <K0>0.25744176325123</K0>
      <K1>0.18324556860720004</K1>
      <K2>0.046436223808931178</K2>
      <MAXBAS>1.0000037972365994</MAXBAS>
      <Cet>0</Cet>
      <PCALT>10</PCALT>
      <TCALT>0.6</TCALT>
      <Pelev>3349</Pelev>
      <Telev>2921</Telev>
      <PART>0.5</PART>
      <DELAY>1</DELAY>
    </SubCatchmentParameters>
    <SubCatchmentVegetationZone>
      <SubCatchmentVegetationZoneParameters>
        <TT>-1.1557013453512861</TT>
        <CFMAX>4.2312391451931086</CFMAX>
        <SP>0</SP>
        <SFCF>1.122426245640322</SFCF>
        <CFR>0.025147197316923102</CFR>
        <CWH>0.19999957672201169</CWH>
        <CFGlacier>1</CFGlacier>
        <CFSlope>1</CFSlope>
        <FC>287.85559203070744</FC>
        <LP>0.99999661829919939</LP>
        <BETA>1.1427640018511771</BETA>
      </SubCatchmentVegetationZoneParameters>
    </SubCatchmentVegetationZone>
  </SubCatchment>
</Catchment>