<?xml version="1.0" encoding="utf-8"?>
<Catchment xmlns:xsi="http://www.w3.org/2001/XMLSchema-instance" xmlns:xsd="http://www.w3.org/2001/XMLSchema">
  <CatchmentParameters>
    <KSI>0.001</KSI>
    <KGmin>0.05</KGmin>
    <RangeKG>0.1</RangeKG>
    <AG>0.1</AG>
    <PERC>1.2062712934171869</PERC>
    <Alpha>0</Alpha>
    <UZL>84.1863474651354</UZL>
    <K0>0.18641130790668664</K0>
    <K1>0.063949286094599322</K1>
    <K2>0.010000010591412508</K2>
    <MAXBAS>1</MAXBAS>
    <Cet>0</Cet>
    <PCALT>10</PCALT>
    <TCALT>0.6</TCALT>
    <Pelev>3349</Pelev>
    <Telev>2921</Telev>
    <PART>0.5</PART>
    <DELAY>1</DELAY>
  </CatchmentParameters>
  <VegetationZone>
    <VegetationZoneParameters>
      <TT>-1.811969076241523</TT>
      <CFMAX>4.325776366815246</CFMAX>
      <SP>0</SP>
      <SFCF>1.4492654062540686</SFCF>
      <CFR>0.0004076628694351345</CFR>
      <CWH>0.19999984855288625</CWH>
      <CFGlacier>1</CFGlacier>
      <CFSlope>1</CFSlope>
      <FC>2203.3987460110393</FC>
      <LP>0.90898135396392987</LP>
      <BETA>1.2568646493581457</BETA>
    </VegetationZoneParameters>
  </VegetationZone>
  <SubCatchment>
    <SubCatchmentParameters>
      <KSI>0.001</KSI>
      <KGmin>0.05</KGmin>
      <RangeKG>0.1</RangeKG>
      <AG>0.1</AG>
      <PERC>1.2062712934171869</PERC>
      <Alpha>0</Alpha>
      <UZL>84.1863474651354</UZL>
      <K0>0.18641130790668664</K0>
      <K1>0.063949286094599322</K1>
      <K2>0.010000010591412508</K2>
      <MAXBAS>1</MAXBAS>
      <Cet>0</Cet>
      <PCALT>10</PCALT>
      <TCALT>0.6</TCALT>
      <Pelev>3349</Pelev>
      <Telev>2921</Telev>
      <PART>0.5</PART>
      <DELAY>1</DELAY>
    </SubCatchmentParameters>
    <SubCatchmentVegetationZone>
      <SubCatchmentVegetationZoneParameters>
        <TT>-1.811969076241523</TT>
        <CFMAX>4.325776366815246</CFMAX>
        <SP>0</SP>
        <SFCF>1.4492654062540686</SFCF>
        <CFR>0.0004076628694351345</CFR>
        <CWH>0.19999984855288625</CWH>
        <CFGlacier>1</CFGlacier>
        <CFSlope>1</CFSlope>
        <FC>2203.3987460110393</FC>
        <LP>0.90898135396392987</LP>
        <BETA>1.2568646493581457</BETA>
      </SubCatchmentVegetationZoneParameters>
    </SubCatchmentVegetationZone>
  </SubCatchment>
</Catchment>