<?xml version="1.0" encoding="utf-8"?>
<Catchment xmlns:xsi="http://www.w3.org/2001/XMLSchema-instance" xmlns:xsd="http://www.w3.org/2001/XMLSchema">
  <CatchmentParameters>
    <KSI>0.001</KSI>
    <KGmin>0.05</KGmin>
    <RangeKG>0.1</RangeKG>
    <AG>0.1</AG>
    <PERC>6.502164291454493</PERC>
    <Alpha>0</Alpha>
    <UZL>191.53045759882113</UZL>
    <K0>0.15681036114064947</K0>
    <K1>0.17386336087047838</K1>
    <K2>0.044458342488123408</K2>
    <MAXBAS>1.0000830448892824</MAXBAS>
    <Cet>0</Cet>
    <PCALT>10</PCALT>
    <TCALT>0.6</TCALT>
    <Pelev>3349</Pelev>
    <Telev>2921</Telev>
    <PART>0.5</PART>
    <DELAY>1</DELAY>
  </CatchmentParameters>
  <VegetationZone>
    <VegetationZoneParameters>
      <TT>-0.81200184239803574</TT>
      <CFMAX>4.3704048112899541</CFMAX>
      <SP>0</SP>
      <SFCF>1.0561751090763893</SFCF>
      <CFR>0.021289107845560606</CFR>
      <CWH>0.19999810532269333</CWH>
      <CFGlacier>1</CFGlacier>
      <CFSlope>1</CFSlope>
      <FC>218.07405019369094</FC>
      <LP>0.9999969662441982</LP>
      <BETA>1.0005711211905133</BETA>
    </VegetationZoneParameters>
  </VegetationZone>
  <SubCatchment>
    <SubCatchmentParameters>
      <KSI>0.001</KSI>
      <KGmin>0.05</KGmin>
      <RangeKG>0.1</RangeKG>
      <AG>0.1</AG>
      <PERC>6.502164291454493</PERC>
      <Alpha>0</Alpha>
      <UZL>191.53045759882113</UZL>
      <K0>0.15681036114064947</K0>
      <K1>0.17386336087047838</K1>
      <K2>0.044458342488123408</K2>
      <MAXBAS>1.0000830448892824</MAXBAS>
      <Cet>0</Cet>
      <PCALT>10</PCALT>
      <TCALT>0.6</TCALT>
      <Pelev>3349</Pelev>
      <Telev>2921</Telev>
      <PART>0.5</PART>
      <DELAY>1</DELAY>
    </SubCatchmentParameters>
    <SubCatchmentVegetationZone>
      <SubCatchmentVegetationZoneParameters>
        <TT>-0.81200184239803574</TT>
        <CFMAX>4.3704048112899541</CFMAX>
        <SP>0</SP>
        <SFCF>1.0561751090763893</SFCF>
        <CFR>0.021289107845560606</CFR>
        <CWH>0.19999810532269333</CWH>
        <CFGlacier>1</CFGlacier>
        <CFSlope>1</CFSlope>
        <FC>218.07405019369094</FC>
        <LP>0.9999969662441982</LP>
        <BETA>1.0005711211905133</BETA>
      </SubCatchmentVegetationZoneParameters>
    </SubCatchmentVegetationZone>
  </SubCatchment>
</Catchment>