<?xml version="1.0" encoding="utf-8"?>
<Catchment xmlns:xsi="http://www.w3.org/2001/XMLSchema-instance" xmlns:xsd="http://www.w3.org/2001/XMLSchema">
  <CatchmentParameters>
    <KSI>0.001</KSI>
    <KGmin>0.05</KGmin>
    <RangeKG>0.1</RangeKG>
    <AG>0.1</AG>
    <PERC>6.0630478373403305</PERC>
    <Alpha>0</Alpha>
    <UZL>133.90290925091679</UZL>
    <K0>0.27303711568726646</K0>
    <K1>0.18637307472627004</K1>
    <K2>0.04551525550491365</K2>
    <MAXBAS>1.0000486467504832</MAXBAS>
    <Cet>0</Cet>
    <PCALT>10</PCALT>
    <TCALT>0.6</TCALT>
    <Pelev>3349</Pelev>
    <Telev>2921</Telev>
    <PART>0.5</PART>
    <DELAY>1</DELAY>
  </CatchmentParameters>
  <VegetationZone>
    <VegetationZoneParameters>
      <TT>-1.6888085698565207</TT>
      <CFMAX>3.871504776037606</CFMAX>
      <SP>0</SP>
      <SFCF>1.1856979709193942</SFCF>
      <CFR>0.032036768852836295</CFR>
      <CWH>0.19999740527952029</CWH>
      <CFGlacier>1</CFGlacier>
      <CFSlope>1</CFSlope>
      <FC>346.40062053667106</FC>
      <LP>0.99999021147002654</LP>
      <BETA>1.635097711346452</BETA>
    </VegetationZoneParameters>
  </VegetationZone>
  <SubCatchment>
    <SubCatchmentParameters>
      <KSI>0.001</KSI>
      <KGmin>0.05</KGmin>
      <RangeKG>0.1</RangeKG>
      <AG>0.1</AG>
      <PERC>6.0630478373403305</PERC>
      <Alpha>0</Alpha>
      <UZL>133.90290925091679</UZL>
      <K0>0.27303711568726646</K0>
      <K1>0.18637307472627004</K1>
      <K2>0.04551525550491365</K2>
      <MAXBAS>1.0000486467504832</MAXBAS>
      <Cet>0</Cet>
      <PCALT>10</PCALT>
      <TCALT>0.6</TCALT>
      <Pelev>3349</Pelev>
      <Telev>2921</Telev>
      <PART>0.5</PART>
      <DELAY>1</DELAY>
    </SubCatchmentParameters>
    <SubCatchmentVegetationZone>
      <SubCatchmentVegetationZoneParameters>
        <TT>-1.6888085698565207</TT>
        <CFMAX>3.871504776037606</CFMAX>
        <SP>0</SP>
        <SFCF>1.1856979709193942</SFCF>
        <CFR>0.032036768852836295</CFR>
        <CWH>0.19999740527952029</CWH>
        <CFGlacier>1</CFGlacier>
        <CFSlope>1</CFSlope>
        <FC>346.40062053667106</FC>
        <LP>0.99999021147002654</LP>
        <BETA>1.635097711346452</BETA>
      </SubCatchmentVegetationZoneParameters>
    </SubCatchmentVegetationZone>
  </SubCatchment>
</Catchment>