<?xml version="1.0" encoding="utf-8"?>
<Catchment xmlns:xsi="http://www.w3.org/2001/XMLSchema-instance" xmlns:xsd="http://www.w3.org/2001/XMLSchema">
  <CatchmentParameters>
    <KSI>0.001</KSI>
    <KGmin>0.05</KGmin>
    <RangeKG>0.1</RangeKG>
    <AG>0.1</AG>
    <PERC>1.4118069165701404</PERC>
    <Alpha>0</Alpha>
    <UZL>112.9004939812818</UZL>
    <K0>0.15357236548086548</K0>
    <K1>0.04040129603090975</K1>
    <K2>0.01000000119927006</K2>
    <MAXBAS>1</MAXBAS>
    <Cet>0</Cet>
    <PCALT>10</PCALT>
    <TCALT>0.6</TCALT>
    <Pelev>3349</Pelev>
    <Telev>2921</Telev>
    <PART>0.5</PART>
    <DELAY>1</DELAY>
  </CatchmentParameters>
  <VegetationZone>
    <VegetationZoneParameters>
      <TT>-1.5120185156658552</TT>
      <CFMAX>3.6096013371165703</CFMAX>
      <SP>0</SP>
      <SFCF>1.0924847376558007</SFCF>
      <CFR>0.031482508828714686</CFR>
      <CWH>0.10000079018076967</CWH>
      <CFGlacier>1</CFGlacier>
      <CFSlope>1</CFSlope>
      <FC>123.65846085109577</FC>
      <LP>0.79711449439557425</LP>
      <BETA>1.108397509708039</BETA>
    </VegetationZoneParameters>
  </VegetationZone>
  <SubCatchment>
    <SubCatchmentParameters>
      <KSI>0.001</KSI>
      <KGmin>0.05</KGmin>
      <RangeKG>0.1</RangeKG>
      <AG>0.1</AG>
      <PERC>1.4118069165701404</PERC>
      <Alpha>0</Alpha>
      <UZL>112.9004939812818</UZL>
      <K0>0.15357236548086548</K0>
      <K1>0.04040129603090975</K1>
      <K2>0.01000000119927006</K2>
      <MAXBAS>1</MAXBAS>
      <Cet>0</Cet>
      <PCALT>10</PCALT>
      <TCALT>0.6</TCALT>
      <Pelev>3349</Pelev>
      <Telev>2921</Telev>
      <PART>0.5</PART>
      <DELAY>1</DELAY>
    </SubCatchmentParameters>
    <SubCatchmentVegetationZone>
      <SubCatchmentVegetationZoneParameters>
        <TT>-1.5120185156658552</TT>
        <CFMAX>3.6096013371165703</CFMAX>
        <SP>0</SP>
        <SFCF>1.0924847376558007</SFCF>
        <CFR>0.031482508828714686</CFR>
        <CWH>0.10000079018076967</CWH>
        <CFGlacier>1</CFGlacier>
        <CFSlope>1</CFSlope>
        <FC>123.65846085109577</FC>
        <LP>0.79711449439557425</LP>
        <BETA>1.108397509708039</BETA>
      </SubCatchmentVegetationZoneParameters>
    </SubCatchmentVegetationZone>
  </SubCatchment>
</Catchment>