<?xml version="1.0" encoding="utf-8"?>
<Catchment xmlns:xsi="http://www.w3.org/2001/XMLSchema-instance" xmlns:xsd="http://www.w3.org/2001/XMLSchema">
  <CatchmentParameters>
    <KSI>0.001</KSI>
    <KGmin>0.05</KGmin>
    <RangeKG>0.1</RangeKG>
    <AG>0.1</AG>
    <PERC>6.3305031939857006</PERC>
    <Alpha>0</Alpha>
    <UZL>129.39088267204417</UZL>
    <K0>0.075837807973746271</K0>
    <K1>0.17910227490655825</K1>
    <K2>0.050518831436697692</K2>
    <MAXBAS>1.0004173310265827</MAXBAS>
    <Cet>0</Cet>
    <PCALT>10</PCALT>
    <TCALT>0.6</TCALT>
    <Pelev>3349</Pelev>
    <Telev>2921</Telev>
    <PART>0.5</PART>
    <DELAY>1</DELAY>
  </CatchmentParameters>
  <VegetationZone>
    <VegetationZoneParameters>
      <TT>-1.0422220161395401</TT>
      <CFMAX>4.8084178284916312</CFMAX>
      <SP>0</SP>
      <SFCF>1.2460564882563399</SFCF>
      <CFR>0.00038096832173472261</CFR>
      <CWH>0.18130490272743646</CWH>
      <CFGlacier>1</CFGlacier>
      <CFSlope>1</CFSlope>
      <FC>520.34897130049069</FC>
      <LP>0.99999396350867109</LP>
      <BETA>1.2314217006977866</BETA>
    </VegetationZoneParameters>
  </VegetationZone>
  <SubCatchment>
    <SubCatchmentParameters>
      <KSI>0.001</KSI>
      <KGmin>0.05</KGmin>
      <RangeKG>0.1</RangeKG>
      <AG>0.1</AG>
      <PERC>6.3305031939857006</PERC>
      <Alpha>0</Alpha>
      <UZL>129.39088267204417</UZL>
      <K0>0.075837807973746271</K0>
      <K1>0.17910227490655825</K1>
      <K2>0.050518831436697692</K2>
      <MAXBAS>1.0004173310265827</MAXBAS>
      <Cet>0</Cet>
      <PCALT>10</PCALT>
      <TCALT>0.6</TCALT>
      <Pelev>3349</Pelev>
      <Telev>2921</Telev>
      <PART>0.5</PART>
      <DELAY>1</DELAY>
    </SubCatchmentParameters>
    <SubCatchmentVegetationZone>
      <SubCatchmentVegetationZoneParameters>
        <TT>-1.0422220161395401</TT>
        <CFMAX>4.8084178284916312</CFMAX>
        <SP>0</SP>
        <SFCF>1.2460564882563399</SFCF>
        <CFR>0.00038096832173472261</CFR>
        <CWH>0.18130490272743646</CWH>
        <CFGlacier>1</CFGlacier>
        <CFSlope>1</CFSlope>
        <FC>520.34897130049069</FC>
        <LP>0.99999396350867109</LP>
        <BETA>1.2314217006977866</BETA>
      </SubCatchmentVegetationZoneParameters>
    </SubCatchmentVegetationZone>
  </SubCatchment>
</Catchment>