<?xml version="1.0" encoding="utf-8"?>
<Catchment xmlns:xsi="http://www.w3.org/2001/XMLSchema-instance" xmlns:xsd="http://www.w3.org/2001/XMLSchema">
  <CatchmentParameters>
    <KSI>0.001</KSI>
    <KGmin>0.05</KGmin>
    <RangeKG>0.1</RangeKG>
    <AG>0.1</AG>
    <PERC>5.9839534229343476</PERC>
    <Alpha>0</Alpha>
    <UZL>165.51325265744816</UZL>
    <K0>0.29571807229366892</K0>
    <K1>0.18210564617051359</K1>
    <K2>0.042121157360985768</K2>
    <MAXBAS>1.0044084857535898</MAXBAS>
    <Cet>0</Cet>
    <PCALT>10</PCALT>
    <TCALT>0.6</TCALT>
    <Pelev>3349</Pelev>
    <Telev>2921</Telev>
    <PART>0.5</PART>
    <DELAY>1</DELAY>
  </CatchmentParameters>
  <VegetationZone>
    <VegetationZoneParameters>
      <TT>-1.6904968404010339</TT>
      <CFMAX>3.9148774026393847</CFMAX>
      <SP>0</SP>
      <SFCF>1.2042273305738867</SFCF>
      <CFR>0.0322592836490927</CFR>
      <CWH>0.19999164075911879</CWH>
      <CFGlacier>1</CFGlacier>
      <CFSlope>1</CFSlope>
      <FC>340.20503380365153</FC>
      <LP>0.99996956392653213</LP>
      <BETA>1.6327946108805378</BETA>
    </VegetationZoneParameters>
  </VegetationZone>
  <SubCatchment>
    <SubCatchmentParameters>
      <KSI>0.001</KSI>
      <KGmin>0.05</KGmin>
      <RangeKG>0.1</RangeKG>
      <AG>0.1</AG>
      <PERC>5.9839534229343476</PERC>
      <Alpha>0</Alpha>
      <UZL>165.51325265744816</UZL>
      <K0>0.29571807229366892</K0>
      <K1>0.18210564617051359</K1>
      <K2>0.042121157360985768</K2>
      <MAXBAS>1.0044084857535898</MAXBAS>
      <Cet>0</Cet>
      <PCALT>10</PCALT>
      <TCALT>0.6</TCALT>
      <Pelev>3349</Pelev>
      <Telev>2921</Telev>
      <PART>0.5</PART>
      <DELAY>1</DELAY>
    </SubCatchmentParameters>
    <SubCatchmentVegetationZone>
      <SubCatchmentVegetationZoneParameters>
        <TT>-1.6904968404010339</TT>
        <CFMAX>3.9148774026393847</CFMAX>
        <SP>0</SP>
        <SFCF>1.2042273305738867</SFCF>
        <CFR>0.0322592836490927</CFR>
        <CWH>0.19999164075911879</CWH>
        <CFGlacier>1</CFGlacier>
        <CFSlope>1</CFSlope>
        <FC>340.20503380365153</FC>
        <LP>0.99996956392653213</LP>
        <BETA>1.6327946108805378</BETA>
      </SubCatchmentVegetationZoneParameters>
    </SubCatchmentVegetationZone>
  </SubCatchment>
</Catchment>