<?xml version="1.0" encoding="utf-8"?>
<Catchment xmlns:xsi="http://www.w3.org/2001/XMLSchema-instance" xmlns:xsd="http://www.w3.org/2001/XMLSchema">
  <CatchmentParameters>
    <KSI>0.001</KSI>
    <KGmin>0.05</KGmin>
    <RangeKG>0.1</RangeKG>
    <AG>0.1</AG>
    <PERC>6.8080245822200549</PERC>
    <Alpha>0</Alpha>
    <UZL>108.48343025491096</UZL>
    <K0>0.20272800555082071</K0>
    <K1>0.19956136916887618</K1>
    <K2>0.058000618496247214</K2>
    <MAXBAS>1.0000078392995497</MAXBAS>
    <Cet>0</Cet>
    <PCALT>10</PCALT>
    <TCALT>0.6</TCALT>
    <Pelev>3349</Pelev>
    <Telev>2921</Telev>
    <PART>0.5</PART>
    <DELAY>1</DELAY>
  </CatchmentParameters>
  <VegetationZone>
    <VegetationZoneParameters>
      <TT>-1.0699992112351169</TT>
      <CFMAX>4.0961745673369077</CFMAX>
      <SP>0</SP>
      <SFCF>1.0940631058870434</SFCF>
      <CFR>0.065345791717465365</CFR>
      <CWH>0.19513516835874084</CWH>
      <CFGlacier>1</CFGlacier>
      <CFSlope>1</CFSlope>
      <FC>314.36542874185568</FC>
      <LP>0.99999873527158811</LP>
      <BETA>1.0000004295316196</BETA>
    </VegetationZoneParameters>
  </VegetationZone>
  <SubCatchment>
    <SubCatchmentParameters>
      <KSI>0.001</KSI>
      <KGmin>0.05</KGmin>
      <RangeKG>0.1</RangeKG>
      <AG>0.1</AG>
      <PERC>6.8080245822200549</PERC>
      <Alpha>0</Alpha>
      <UZL>108.48343025491096</UZL>
      <K0>0.20272800555082071</K0>
      <K1>0.19956136916887618</K1>
      <K2>0.058000618496247214</K2>
      <MAXBAS>1.0000078392995497</MAXBAS>
      <Cet>0</Cet>
      <PCALT>10</PCALT>
      <TCALT>0.6</TCALT>
      <Pelev>3349</Pelev>
      <Telev>2921</Telev>
      <PART>0.5</PART>
      <DELAY>1</DELAY>
    </SubCatchmentParameters>
    <SubCatchmentVegetationZone>
      <SubCatchmentVegetationZoneParameters>
        <TT>-1.0699992112351169</TT>
        <CFMAX>4.0961745673369077</CFMAX>
        <SP>0</SP>
        <SFCF>1.0940631058870434</SFCF>
        <CFR>0.065345791717465365</CFR>
        <CWH>0.19513516835874084</CWH>
        <CFGlacier>1</CFGlacier>
        <CFSlope>1</CFSlope>
        <FC>314.36542874185568</FC>
        <LP>0.99999873527158811</LP>
        <BETA>1.0000004295316196</BETA>
      </SubCatchmentVegetationZoneParameters>
    </SubCatchmentVegetationZone>
  </SubCatchment>
</Catchment>