<?xml version="1.0" encoding="utf-8"?>
<Catchment xmlns:xsi="http://www.w3.org/2001/XMLSchema-instance" xmlns:xsd="http://www.w3.org/2001/XMLSchema">
  <CatchmentParameters>
    <KSI>0.001</KSI>
    <KGmin>0.05</KGmin>
    <RangeKG>0.1</RangeKG>
    <AG>0.1</AG>
    <PERC>6.2538206017862343</PERC>
    <Alpha>0</Alpha>
    <UZL>114.85214616139723</UZL>
    <K0>0.77184368150094329</K0>
    <K1>0.19068918190701134</K1>
    <K2>0.055561072723569888</K2>
    <MAXBAS>1.0078294697992354</MAXBAS>
    <Cet>0</Cet>
    <PCALT>10</PCALT>
    <TCALT>0.6</TCALT>
    <Pelev>3349</Pelev>
    <Telev>2921</Telev>
    <PART>0.5</PART>
    <DELAY>1</DELAY>
  </CatchmentParameters>
  <VegetationZone>
    <VegetationZoneParameters>
      <TT>-1.0699978813016977</TT>
      <CFMAX>4.3697386699913725</CFMAX>
      <SP>0</SP>
      <SFCF>1.1620083116504549</SFCF>
      <CFR>0.00049063272249430176</CFR>
      <CWH>0.19999999579156116</CWH>
      <CFGlacier>1</CFGlacier>
      <CFSlope>1</CFSlope>
      <FC>386.63237768474215</FC>
      <LP>0.99999408220736041</LP>
      <BETA>1.1616845718649524</BETA>
    </VegetationZoneParameters>
  </VegetationZone>
  <SubCatchment>
    <SubCatchmentParameters>
      <KSI>0.001</KSI>
      <KGmin>0.05</KGmin>
      <RangeKG>0.1</RangeKG>
      <AG>0.1</AG>
      <PERC>6.2538206017862343</PERC>
      <Alpha>0</Alpha>
      <UZL>114.85214616139723</UZL>
      <K0>0.77184368150094329</K0>
      <K1>0.19068918190701134</K1>
      <K2>0.055561072723569888</K2>
      <MAXBAS>1.0078294697992354</MAXBAS>
      <Cet>0</Cet>
      <PCALT>10</PCALT>
      <TCALT>0.6</TCALT>
      <Pelev>3349</Pelev>
      <Telev>2921</Telev>
      <PART>0.5</PART>
      <DELAY>1</DELAY>
    </SubCatchmentParameters>
    <SubCatchmentVegetationZone>
      <SubCatchmentVegetationZoneParameters>
        <TT>-1.0699978813016977</TT>
        <CFMAX>4.3697386699913725</CFMAX>
        <SP>0</SP>
        <SFCF>1.1620083116504549</SFCF>
        <CFR>0.00049063272249430176</CFR>
        <CWH>0.19999999579156116</CWH>
        <CFGlacier>1</CFGlacier>
        <CFSlope>1</CFSlope>
        <FC>386.63237768474215</FC>
        <LP>0.99999408220736041</LP>
        <BETA>1.1616845718649524</BETA>
      </SubCatchmentVegetationZoneParameters>
    </SubCatchmentVegetationZone>
  </SubCatchment>
</Catchment>