<?xml version="1.0" encoding="utf-8"?>
<Catchment xmlns:xsi="http://www.w3.org/2001/XMLSchema-instance" xmlns:xsd="http://www.w3.org/2001/XMLSchema">
  <CatchmentParameters>
    <KSI>0.001</KSI>
    <KGmin>0.05</KGmin>
    <RangeKG>0.1</RangeKG>
    <AG>0.1</AG>
    <PERC>6.4574101038869</PERC>
    <Alpha>0</Alpha>
    <UZL>84.106399860979081</UZL>
    <K0>0.38408496361911049</K0>
    <K1>0.17157599095124881</K1>
    <K2>0.046328365228388728</K2>
    <MAXBAS>1.0006811069732911</MAXBAS>
    <Cet>0</Cet>
    <PCALT>10</PCALT>
    <TCALT>0.6</TCALT>
    <Pelev>3349</Pelev>
    <Telev>2921</Telev>
    <PART>0.5</PART>
    <DELAY>1</DELAY>
  </CatchmentParameters>
  <VegetationZone>
    <VegetationZoneParameters>
      <TT>-0.62801418814231169</TT>
      <CFMAX>4.7500734457824763</CFMAX>
      <SP>0</SP>
      <SFCF>1.084479492439991</SFCF>
      <CFR>0.018680195341088911</CFR>
      <CWH>0.18960156256643379</CWH>
      <CFGlacier>1</CFGlacier>
      <CFSlope>1</CFSlope>
      <FC>264.0937632339091</FC>
      <LP>0.99999405084347226</LP>
      <BETA>1.0000014464437028</BETA>
    </VegetationZoneParameters>
  </VegetationZone>
  <SubCatchment>
    <SubCatchmentParameters>
      <KSI>0.001</KSI>
      <KGmin>0.05</KGmin>
      <RangeKG>0.1</RangeKG>
      <AG>0.1</AG>
      <PERC>6.4574101038869</PERC>
      <Alpha>0</Alpha>
      <UZL>84.106399860979081</UZL>
      <K0>0.38408496361911049</K0>
      <K1>0.17157599095124881</K1>
      <K2>0.046328365228388728</K2>
      <MAXBAS>1.0006811069732911</MAXBAS>
      <Cet>0</Cet>
      <PCALT>10</PCALT>
      <TCALT>0.6</TCALT>
      <Pelev>3349</Pelev>
      <Telev>2921</Telev>
      <PART>0.5</PART>
      <DELAY>1</DELAY>
    </SubCatchmentParameters>
    <SubCatchmentVegetationZone>
      <SubCatchmentVegetationZoneParameters>
        <TT>-0.62801418814231169</TT>
        <CFMAX>4.7500734457824763</CFMAX>
        <SP>0</SP>
        <SFCF>1.084479492439991</SFCF>
        <CFR>0.018680195341088911</CFR>
        <CWH>0.18960156256643379</CWH>
        <CFGlacier>1</CFGlacier>
        <CFSlope>1</CFSlope>
        <FC>264.0937632339091</FC>
        <LP>0.99999405084347226</LP>
        <BETA>1.0000014464437028</BETA>
      </SubCatchmentVegetationZoneParameters>
    </SubCatchmentVegetationZone>
  </SubCatchment>
</Catchment>