<?xml version="1.0" encoding="utf-8"?>
<Catchment xmlns:xsi="http://www.w3.org/2001/XMLSchema-instance" xmlns:xsd="http://www.w3.org/2001/XMLSchema">
  <CatchmentParameters>
    <KSI>0.001</KSI>
    <KGmin>0.05</KGmin>
    <RangeKG>0.1</RangeKG>
    <AG>0.1</AG>
    <PERC>6.3032054779121029</PERC>
    <Alpha>0</Alpha>
    <UZL>182.13650098586487</UZL>
    <K0>0.49515974228051879</K0>
    <K1>0.183350862332956</K1>
    <K2>0.049711682072713329</K2>
    <MAXBAS>1.0001196161541044</MAXBAS>
    <Cet>0</Cet>
    <PCALT>10</PCALT>
    <TCALT>0.6</TCALT>
    <Pelev>3349</Pelev>
    <Telev>2921</Telev>
    <PART>0.5</PART>
    <DELAY>1</DELAY>
  </CatchmentParameters>
  <VegetationZone>
    <VegetationZoneParameters>
      <TT>-1.0699987603690935</TT>
      <CFMAX>4.3258724998570059</CFMAX>
      <SP>0</SP>
      <SFCF>1.1383181712493549</SFCF>
      <CFR>0.025030104565002986</CFR>
      <CWH>0.18932491503075577</CWH>
      <CFGlacier>1</CFGlacier>
      <CFSlope>1</CFSlope>
      <FC>330.73534797514378</FC>
      <LP>0.999998310707723</LP>
      <BETA>1.0746789502498435</BETA>
    </VegetationZoneParameters>
  </VegetationZone>
  <SubCatchment>
    <SubCatchmentParameters>
      <KSI>0.001</KSI>
      <KGmin>0.05</KGmin>
      <RangeKG>0.1</RangeKG>
      <AG>0.1</AG>
      <PERC>6.3032054779121029</PERC>
      <Alpha>0</Alpha>
      <UZL>182.13650098586487</UZL>
      <K0>0.49515974228051879</K0>
      <K1>0.183350862332956</K1>
      <K2>0.049711682072713329</K2>
      <MAXBAS>1.0001196161541044</MAXBAS>
      <Cet>0</Cet>
      <PCALT>10</PCALT>
      <TCALT>0.6</TCALT>
      <Pelev>3349</Pelev>
      <Telev>2921</Telev>
      <PART>0.5</PART>
      <DELAY>1</DELAY>
    </SubCatchmentParameters>
    <SubCatchmentVegetationZone>
      <SubCatchmentVegetationZoneParameters>
        <TT>-1.0699987603690935</TT>
        <CFMAX>4.3258724998570059</CFMAX>
        <SP>0</SP>
        <SFCF>1.1383181712493549</SFCF>
        <CFR>0.025030104565002986</CFR>
        <CWH>0.18932491503075577</CWH>
        <CFGlacier>1</CFGlacier>
        <CFSlope>1</CFSlope>
        <FC>330.73534797514378</FC>
        <LP>0.999998310707723</LP>
        <BETA>1.0746789502498435</BETA>
      </SubCatchmentVegetationZoneParameters>
    </SubCatchmentVegetationZone>
  </SubCatchment>
</Catchment>