<?xml version="1.0" encoding="utf-8"?>
<Catchment xmlns:xsi="http://www.w3.org/2001/XMLSchema-instance" xmlns:xsd="http://www.w3.org/2001/XMLSchema">
  <CatchmentParameters>
    <KSI>0.001</KSI>
    <KGmin>0.05</KGmin>
    <RangeKG>0.1</RangeKG>
    <AG>0.1</AG>
    <PERC>1.6790130208103282</PERC>
    <Alpha>0</Alpha>
    <UZL>90.261779333928231</UZL>
    <K0>0.12642159728121835</K0>
    <K1>0.049702792729945815</K1>
    <K2>0.010000001105773778</K2>
    <MAXBAS>1</MAXBAS>
    <Cet>0</Cet>
    <PCALT>10</PCALT>
    <TCALT>0.6</TCALT>
    <Pelev>3349</Pelev>
    <Telev>2921</Telev>
    <PART>0.5</PART>
    <DELAY>1</DELAY>
  </CatchmentParameters>
  <VegetationZone>
    <VegetationZoneParameters>
      <TT>-1.3745811844422611</TT>
      <CFMAX>3.8735761858874267</CFMAX>
      <SP>0</SP>
      <SFCF>1.1157607692813933</SFCF>
      <CFR>0.026103592688642582</CFR>
      <CWH>0.10000068732608521</CWH>
      <CFGlacier>1</CFGlacier>
      <CFSlope>1</CFSlope>
      <FC>166.31023763184146</FC>
      <LP>0.94033713727273316</LP>
      <BETA>1.0349928833549877</BETA>
    </VegetationZoneParameters>
  </VegetationZone>
  <SubCatchment>
    <SubCatchmentParameters>
      <KSI>0.001</KSI>
      <KGmin>0.05</KGmin>
      <RangeKG>0.1</RangeKG>
      <AG>0.1</AG>
      <PERC>1.6790130208103282</PERC>
      <Alpha>0</Alpha>
      <UZL>90.261779333928231</UZL>
      <K0>0.12642159728121835</K0>
      <K1>0.049702792729945815</K1>
      <K2>0.010000001105773778</K2>
      <MAXBAS>1</MAXBAS>
      <Cet>0</Cet>
      <PCALT>10</PCALT>
      <TCALT>0.6</TCALT>
      <Pelev>3349</Pelev>
      <Telev>2921</Telev>
      <PART>0.5</PART>
      <DELAY>1</DELAY>
    </SubCatchmentParameters>
    <SubCatchmentVegetationZone>
      <SubCatchmentVegetationZoneParameters>
        <TT>-1.3745811844422611</TT>
        <CFMAX>3.8735761858874267</CFMAX>
        <SP>0</SP>
        <SFCF>1.1157607692813933</SFCF>
        <CFR>0.026103592688642582</CFR>
        <CWH>0.10000068732608521</CWH>
        <CFGlacier>1</CFGlacier>
        <CFSlope>1</CFSlope>
        <FC>166.31023763184146</FC>
        <LP>0.94033713727273316</LP>
        <BETA>1.0349928833549877</BETA>
      </SubCatchmentVegetationZoneParameters>
    </SubCatchmentVegetationZone>
  </SubCatchment>
</Catchment>