<?xml version="1.0" encoding="utf-8"?>
<Catchment xmlns:xsi="http://www.w3.org/2001/XMLSchema-instance" xmlns:xsd="http://www.w3.org/2001/XMLSchema">
  <CatchmentParameters>
    <KSI>0.001</KSI>
    <KGmin>0.05</KGmin>
    <RangeKG>0.1</RangeKG>
    <AG>0.1</AG>
    <PERC>6.2006532400015466</PERC>
    <Alpha>0</Alpha>
    <UZL>123.59311449637264</UZL>
    <K0>0.29323614947461446</K0>
    <K1>0.18323657592258069</K1>
    <K2>0.047798473159410916</K2>
    <MAXBAS>1.0002593971290812</MAXBAS>
    <Cet>0</Cet>
    <PCALT>10</PCALT>
    <TCALT>0.6</TCALT>
    <Pelev>3349</Pelev>
    <Telev>2921</Telev>
    <PART>0.5</PART>
    <DELAY>1</DELAY>
  </CatchmentParameters>
  <VegetationZone>
    <VegetationZoneParameters>
      <TT>-1.4472828042123376</TT>
      <CFMAX>4.5562270941954965</CFMAX>
      <SP>0</SP>
      <SFCF>1.280507824314812</SFCF>
      <CFR>0.026765364637281658</CFR>
      <CWH>0.19999713733887706</CWH>
      <CFGlacier>1</CFGlacier>
      <CFSlope>1</CFSlope>
      <FC>510.51367473869851</FC>
      <LP>0.90857815819438292</LP>
      <BETA>1.2212668237676798</BETA>
    </VegetationZoneParameters>
  </VegetationZone>
  <SubCatchment>
    <SubCatchmentParameters>
      <KSI>0.001</KSI>
      <KGmin>0.05</KGmin>
      <RangeKG>0.1</RangeKG>
      <AG>0.1</AG>
      <PERC>6.2006532400015466</PERC>
      <Alpha>0</Alpha>
      <UZL>123.59311449637264</UZL>
      <K0>0.29323614947461446</K0>
      <K1>0.18323657592258069</K1>
      <K2>0.047798473159410916</K2>
      <MAXBAS>1.0002593971290812</MAXBAS>
      <Cet>0</Cet>
      <PCALT>10</PCALT>
      <TCALT>0.6</TCALT>
      <Pelev>3349</Pelev>
      <Telev>2921</Telev>
      <PART>0.5</PART>
      <DELAY>1</DELAY>
    </SubCatchmentParameters>
    <SubCatchmentVegetationZone>
      <SubCatchmentVegetationZoneParameters>
        <TT>-1.4472828042123376</TT>
        <CFMAX>4.5562270941954965</CFMAX>
        <SP>0</SP>
        <SFCF>1.280507824314812</SFCF>
        <CFR>0.026765364637281658</CFR>
        <CWH>0.19999713733887706</CWH>
        <CFGlacier>1</CFGlacier>
        <CFSlope>1</CFSlope>
        <FC>510.51367473869851</FC>
        <LP>0.90857815819438292</LP>
        <BETA>1.2212668237676798</BETA>
      </SubCatchmentVegetationZoneParameters>
    </SubCatchmentVegetationZone>
  </SubCatchment>
</Catchment>