<?xml version="1.0" encoding="utf-8"?>
<Catchment xmlns:xsi="http://www.w3.org/2001/XMLSchema-instance" xmlns:xsd="http://www.w3.org/2001/XMLSchema">
  <CatchmentParameters>
    <KSI>0.001</KSI>
    <KGmin>0.05</KGmin>
    <RangeKG>0.1</RangeKG>
    <AG>0.1</AG>
    <PERC>5.9707392963729129</PERC>
    <Alpha>0</Alpha>
    <UZL>107.48236365598407</UZL>
    <K0>0.5184854396159897</K0>
    <K1>0.1819752349342989</K1>
    <K2>0.046797261746657909</K2>
    <MAXBAS>1.0050242381396437</MAXBAS>
    <Cet>0</Cet>
    <PCALT>10</PCALT>
    <TCALT>0.6</TCALT>
    <Pelev>3349</Pelev>
    <Telev>2921</Telev>
    <PART>0.5</PART>
    <DELAY>1</DELAY>
  </CatchmentParameters>
  <VegetationZone>
    <VegetationZoneParameters>
      <TT>-1.7699644226639715</TT>
      <CFMAX>4.5219589651538632</CFMAX>
      <SP>0</SP>
      <SFCF>1.4267042054095536</SFCF>
      <CFR>0.030147582838222057</CFR>
      <CWH>0.10000001748049962</CWH>
      <CFGlacier>1</CFGlacier>
      <CFSlope>1</CFSlope>
      <FC>745.84106522631168</FC>
      <LP>0.96618344985961879</LP>
      <BETA>2.115685301101188</BETA>
    </VegetationZoneParameters>
  </VegetationZone>
  <SubCatchment>
    <SubCatchmentParameters>
      <KSI>0.001</KSI>
      <KGmin>0.05</KGmin>
      <RangeKG>0.1</RangeKG>
      <AG>0.1</AG>
      <PERC>5.9707392963729129</PERC>
      <Alpha>0</Alpha>
      <UZL>107.48236365598407</UZL>
      <K0>0.5184854396159897</K0>
      <K1>0.1819752349342989</K1>
      <K2>0.046797261746657909</K2>
      <MAXBAS>1.0050242381396437</MAXBAS>
      <Cet>0</Cet>
      <PCALT>10</PCALT>
      <TCALT>0.6</TCALT>
      <Pelev>3349</Pelev>
      <Telev>2921</Telev>
      <PART>0.5</PART>
      <DELAY>1</DELAY>
    </SubCatchmentParameters>
    <SubCatchmentVegetationZone>
      <SubCatchmentVegetationZoneParameters>
        <TT>-1.7699644226639715</TT>
        <CFMAX>4.5219589651538632</CFMAX>
        <SP>0</SP>
        <SFCF>1.4267042054095536</SFCF>
        <CFR>0.030147582838222057</CFR>
        <CWH>0.10000001748049962</CWH>
        <CFGlacier>1</CFGlacier>
        <CFSlope>1</CFSlope>
        <FC>745.84106522631168</FC>
        <LP>0.96618344985961879</LP>
        <BETA>2.115685301101188</BETA>
      </SubCatchmentVegetationZoneParameters>
    </SubCatchmentVegetationZone>
  </SubCatchment>
</Catchment>