<?xml version="1.0" encoding="utf-8"?>
<Catchment xmlns:xsi="http://www.w3.org/2001/XMLSchema-instance" xmlns:xsd="http://www.w3.org/2001/XMLSchema">
  <CatchmentParameters>
    <KSI>0.001</KSI>
    <KGmin>0.05</KGmin>
    <RangeKG>0.1</RangeKG>
    <AG>0.1</AG>
    <PERC>6.3045515978853484</PERC>
    <Alpha>0</Alpha>
    <UZL>152.14193355926543</UZL>
    <K0>0.537099367163135</K0>
    <K1>0.17736291148664171</K1>
    <K2>0.047179860676278239</K2>
    <MAXBAS>1.0001391720669433</MAXBAS>
    <Cet>0</Cet>
    <PCALT>10</PCALT>
    <TCALT>0.6</TCALT>
    <Pelev>3349</Pelev>
    <Telev>2921</Telev>
    <PART>0.5</PART>
    <DELAY>1</DELAY>
  </CatchmentParameters>
  <VegetationZone>
    <VegetationZoneParameters>
      <TT>-0.92799988146830648</TT>
      <CFMAX>4.0830139125732892</CFMAX>
      <SP>0</SP>
      <SFCF>1.0321384111981415</SFCF>
      <CFR>0.026891084734091374</CFR>
      <CWH>0.1923896157816867</CWH>
      <CFGlacier>1</CFGlacier>
      <CFSlope>1</CFSlope>
      <FC>204.46771197303968</FC>
      <LP>0.99999244379450714</LP>
      <BETA>1.0387460662667327</BETA>
    </VegetationZoneParameters>
  </VegetationZone>
  <SubCatchment>
    <SubCatchmentParameters>
      <KSI>0.001</KSI>
      <KGmin>0.05</KGmin>
      <RangeKG>0.1</RangeKG>
      <AG>0.1</AG>
      <PERC>6.3045515978853484</PERC>
      <Alpha>0</Alpha>
      <UZL>152.14193355926543</UZL>
      <K0>0.537099367163135</K0>
      <K1>0.17736291148664171</K1>
      <K2>0.047179860676278239</K2>
      <MAXBAS>1.0001391720669433</MAXBAS>
      <Cet>0</Cet>
      <PCALT>10</PCALT>
      <TCALT>0.6</TCALT>
      <Pelev>3349</Pelev>
      <Telev>2921</Telev>
      <PART>0.5</PART>
      <DELAY>1</DELAY>
    </SubCatchmentParameters>
    <SubCatchmentVegetationZone>
      <SubCatchmentVegetationZoneParameters>
        <TT>-0.92799988146830648</TT>
        <CFMAX>4.0830139125732892</CFMAX>
        <SP>0</SP>
        <SFCF>1.0321384111981415</SFCF>
        <CFR>0.026891084734091374</CFR>
        <CWH>0.1923896157816867</CWH>
        <CFGlacier>1</CFGlacier>
        <CFSlope>1</CFSlope>
        <FC>204.46771197303968</FC>
        <LP>0.99999244379450714</LP>
        <BETA>1.0387460662667327</BETA>
      </SubCatchmentVegetationZoneParameters>
    </SubCatchmentVegetationZone>
  </SubCatchment>
</Catchment>