<?xml version="1.0" encoding="utf-8"?>
<Catchment xmlns:xsi="http://www.w3.org/2001/XMLSchema-instance" xmlns:xsd="http://www.w3.org/2001/XMLSchema">
  <CatchmentParameters>
    <KSI>0.001</KSI>
    <KGmin>0.05</KGmin>
    <RangeKG>0.1</RangeKG>
    <AG>0.1</AG>
    <PERC>6.9161509680499229</PERC>
    <Alpha>0</Alpha>
    <UZL>172.59323077626183</UZL>
    <K0>0.1810342979316201</K0>
    <K1>0.20060211522565266</K1>
    <K2>0.050944634276776521</K2>
    <MAXBAS>1.0000918238359358</MAXBAS>
    <Cet>0</Cet>
    <PCALT>10</PCALT>
    <TCALT>0.6</TCALT>
    <Pelev>3349</Pelev>
    <Telev>2921</Telev>
    <PART>0.5</PART>
    <DELAY>1</DELAY>
  </CatchmentParameters>
  <VegetationZone>
    <VegetationZoneParameters>
      <TT>-0.57723406825418577</TT>
      <CFMAX>4.0222522509846472</CFMAX>
      <SP>0</SP>
      <SFCF>0.96235019433981794</SFCF>
      <CFR>0.082608005157861389</CFR>
      <CWH>0.170585143092496</CWH>
      <CFGlacier>1</CFGlacier>
      <CFSlope>1</CFSlope>
      <FC>150.13820209607758</FC>
      <LP>0.999992448571591</LP>
      <BETA>1.0000000015866268</BETA>
    </VegetationZoneParameters>
  </VegetationZone>
  <SubCatchment>
    <SubCatchmentParameters>
      <KSI>0.001</KSI>
      <KGmin>0.05</KGmin>
      <RangeKG>0.1</RangeKG>
      <AG>0.1</AG>
      <PERC>6.9161509680499229</PERC>
      <Alpha>0</Alpha>
      <UZL>172.59323077626183</UZL>
      <K0>0.1810342979316201</K0>
      <K1>0.20060211522565266</K1>
      <K2>0.050944634276776521</K2>
      <MAXBAS>1.0000918238359358</MAXBAS>
      <Cet>0</Cet>
      <PCALT>10</PCALT>
      <TCALT>0.6</TCALT>
      <Pelev>3349</Pelev>
      <Telev>2921</Telev>
      <PART>0.5</PART>
      <DELAY>1</DELAY>
    </SubCatchmentParameters>
    <SubCatchmentVegetationZone>
      <SubCatchmentVegetationZoneParameters>
        <TT>-0.57723406825418577</TT>
        <CFMAX>4.0222522509846472</CFMAX>
        <SP>0</SP>
        <SFCF>0.96235019433981794</SFCF>
        <CFR>0.082608005157861389</CFR>
        <CWH>0.170585143092496</CWH>
        <CFGlacier>1</CFGlacier>
        <CFSlope>1</CFSlope>
        <FC>150.13820209607758</FC>
        <LP>0.999992448571591</LP>
        <BETA>1.0000000015866268</BETA>
      </SubCatchmentVegetationZoneParameters>
    </SubCatchmentVegetationZone>
  </SubCatchment>
</Catchment>