<?xml version="1.0" encoding="utf-8"?>
<Catchment xmlns:xsi="http://www.w3.org/2001/XMLSchema-instance" xmlns:xsd="http://www.w3.org/2001/XMLSchema">
  <CatchmentParameters>
    <KSI>0.001</KSI>
    <KGmin>0.05</KGmin>
    <RangeKG>0.1</RangeKG>
    <AG>0.1</AG>
    <PERC>6.0828382775768928</PERC>
    <Alpha>0</Alpha>
    <UZL>116.18251885438897</UZL>
    <K0>0.40401948368988394</K0>
    <K1>0.18736539513522096</K1>
    <K2>0.050256556830639537</K2>
    <MAXBAS>1.0001403551461003</MAXBAS>
    <Cet>0</Cet>
    <PCALT>10</PCALT>
    <TCALT>0.6</TCALT>
    <Pelev>3349</Pelev>
    <Telev>2921</Telev>
    <PART>0.5</PART>
    <DELAY>1</DELAY>
  </CatchmentParameters>
  <VegetationZone>
    <VegetationZoneParameters>
      <TT>-1.4279992408889335</TT>
      <CFMAX>4.1360219523419826</CFMAX>
      <SP>0</SP>
      <SFCF>1.1964944910652282</SFCF>
      <CFR>0.028134173307823061</CFR>
      <CWH>0.18730582305080448</CWH>
      <CFGlacier>1</CFGlacier>
      <CFSlope>1</CFSlope>
      <FC>395.7835839687877</FC>
      <LP>0.9999966937634015</LP>
      <BETA>1.3168380914070805</BETA>
    </VegetationZoneParameters>
  </VegetationZone>
  <SubCatchment>
    <SubCatchmentParameters>
      <KSI>0.001</KSI>
      <KGmin>0.05</KGmin>
      <RangeKG>0.1</RangeKG>
      <AG>0.1</AG>
      <PERC>6.0828382775768928</PERC>
      <Alpha>0</Alpha>
      <UZL>116.18251885438897</UZL>
      <K0>0.40401948368988394</K0>
      <K1>0.18736539513522096</K1>
      <K2>0.050256556830639537</K2>
      <MAXBAS>1.0001403551461003</MAXBAS>
      <Cet>0</Cet>
      <PCALT>10</PCALT>
      <TCALT>0.6</TCALT>
      <Pelev>3349</Pelev>
      <Telev>2921</Telev>
      <PART>0.5</PART>
      <DELAY>1</DELAY>
    </SubCatchmentParameters>
    <SubCatchmentVegetationZone>
      <SubCatchmentVegetationZoneParameters>
        <TT>-1.4279992408889335</TT>
        <CFMAX>4.1360219523419826</CFMAX>
        <SP>0</SP>
        <SFCF>1.1964944910652282</SFCF>
        <CFR>0.028134173307823061</CFR>
        <CWH>0.18730582305080448</CWH>
        <CFGlacier>1</CFGlacier>
        <CFSlope>1</CFSlope>
        <FC>395.7835839687877</FC>
        <LP>0.9999966937634015</LP>
        <BETA>1.3168380914070805</BETA>
      </SubCatchmentVegetationZoneParameters>
    </SubCatchmentVegetationZone>
  </SubCatchment>
</Catchment>