<?xml version="1.0" encoding="utf-8"?>
<Catchment xmlns:xsi="http://www.w3.org/2001/XMLSchema-instance" xmlns:xsd="http://www.w3.org/2001/XMLSchema">
  <CatchmentParameters>
    <KSI>0.001</KSI>
    <KGmin>0.05</KGmin>
    <RangeKG>0.1</RangeKG>
    <AG>0.1</AG>
    <PERC>7.4556451988560131</PERC>
    <Alpha>0</Alpha>
    <UZL>94.003810418098752</UZL>
    <K0>0.51159233111651325</K0>
    <K1>0.235415066529301</K1>
    <K2>0.057945750715731964</K2>
    <MAXBAS>1.0079508632270109</MAXBAS>
    <Cet>0</Cet>
    <PCALT>10</PCALT>
    <TCALT>0.6</TCALT>
    <Pelev>3349</Pelev>
    <Telev>2921</Telev>
    <PART>0.5</PART>
    <DELAY>1</DELAY>
  </CatchmentParameters>
  <VegetationZone>
    <VegetationZoneParameters>
      <TT>-0.2279999990706619</TT>
      <CFMAX>3.9745458978263439</CFMAX>
      <SP>0</SP>
      <SFCF>0.91009048814166937</SFCF>
      <CFR>0.028029118619895953</CFR>
      <CWH>0.17220590616710943</CWH>
      <CFGlacier>1</CFGlacier>
      <CFSlope>1</CFSlope>
      <FC>113.60424345553152</FC>
      <LP>0.99999482680473306</LP>
      <BETA>1.0000008150268558</BETA>
    </VegetationZoneParameters>
  </VegetationZone>
  <SubCatchment>
    <SubCatchmentParameters>
      <KSI>0.001</KSI>
      <KGmin>0.05</KGmin>
      <RangeKG>0.1</RangeKG>
      <AG>0.1</AG>
      <PERC>7.4556451988560131</PERC>
      <Alpha>0</Alpha>
      <UZL>94.003810418098752</UZL>
      <K0>0.51159233111651325</K0>
      <K1>0.235415066529301</K1>
      <K2>0.057945750715731964</K2>
      <MAXBAS>1.0079508632270109</MAXBAS>
      <Cet>0</Cet>
      <PCALT>10</PCALT>
      <TCALT>0.6</TCALT>
      <Pelev>3349</Pelev>
      <Telev>2921</Telev>
      <PART>0.5</PART>
      <DELAY>1</DELAY>
    </SubCatchmentParameters>
    <SubCatchmentVegetationZone>
      <SubCatchmentVegetationZoneParameters>
        <TT>-0.2279999990706619</TT>
        <CFMAX>3.9745458978263439</CFMAX>
        <SP>0</SP>
        <SFCF>0.91009048814166937</SFCF>
        <CFR>0.028029118619895953</CFR>
        <CWH>0.17220590616710943</CWH>
        <CFGlacier>1</CFGlacier>
        <CFSlope>1</CFSlope>
        <FC>113.60424345553152</FC>
        <LP>0.99999482680473306</LP>
        <BETA>1.0000008150268558</BETA>
      </SubCatchmentVegetationZoneParameters>
    </SubCatchmentVegetationZone>
  </SubCatchment>
</Catchment>