<?xml version="1.0" encoding="utf-8"?>
<Catchment xmlns:xsi="http://www.w3.org/2001/XMLSchema-instance" xmlns:xsd="http://www.w3.org/2001/XMLSchema">
  <CatchmentParameters>
    <KSI>0.001</KSI>
    <KGmin>0.05</KGmin>
    <RangeKG>0.1</RangeKG>
    <AG>0.1</AG>
    <PERC>2.1284324821325167</PERC>
    <Alpha>0</Alpha>
    <UZL>121.17481383289444</UZL>
    <K0>0.3520679627648135</K0>
    <K1>0.12016414568295003</K1>
    <K2>0.010000000026294977</K2>
    <MAXBAS>1</MAXBAS>
    <Cet>0</Cet>
    <PCALT>10</PCALT>
    <TCALT>0.6</TCALT>
    <Pelev>3349</Pelev>
    <Telev>2921</Telev>
    <PART>0.5</PART>
    <DELAY>1</DELAY>
  </CatchmentParameters>
  <VegetationZone>
    <VegetationZoneParameters>
      <TT>-2.244873509715176</TT>
      <CFMAX>3.3042608777280691</CFMAX>
      <SP>0</SP>
      <SFCF>1.2679647051300789</SFCF>
      <CFR>1.485249751095527E-09</CFR>
      <CWH>0.17340815601668538</CWH>
      <CFGlacier>1</CFGlacier>
      <CFSlope>1</CFSlope>
      <FC>277.13779405573752</FC>
      <LP>0.87807581993100992</LP>
      <BETA>1.3865987377115048</BETA>
    </VegetationZoneParameters>
  </VegetationZone>
  <SubCatchment>
    <SubCatchmentParameters>
      <KSI>0.001</KSI>
      <KGmin>0.05</KGmin>
      <RangeKG>0.1</RangeKG>
      <AG>0.1</AG>
      <PERC>2.1284324821325167</PERC>
      <Alpha>0</Alpha>
      <UZL>121.17481383289444</UZL>
      <K0>0.3520679627648135</K0>
      <K1>0.12016414568295003</K1>
      <K2>0.010000000026294977</K2>
      <MAXBAS>1</MAXBAS>
      <Cet>0</Cet>
      <PCALT>10</PCALT>
      <TCALT>0.6</TCALT>
      <Pelev>3349</Pelev>
      <Telev>2921</Telev>
      <PART>0.5</PART>
      <DELAY>1</DELAY>
    </SubCatchmentParameters>
    <SubCatchmentVegetationZone>
      <SubCatchmentVegetationZoneParameters>
        <TT>-2.244873509715176</TT>
        <CFMAX>3.3042608777280691</CFMAX>
        <SP>0</SP>
        <SFCF>1.2679647051300789</SFCF>
        <CFR>1.485249751095527E-09</CFR>
        <CWH>0.17340815601668538</CWH>
        <CFGlacier>1</CFGlacier>
        <CFSlope>1</CFSlope>
        <FC>277.13779405573752</FC>
        <LP>0.87807581993100992</LP>
        <BETA>1.3865987377115048</BETA>
      </SubCatchmentVegetationZoneParameters>
    </SubCatchmentVegetationZone>
  </SubCatchment>
</Catchment>