<?xml version="1.0" encoding="utf-8"?>
<Catchment xmlns:xsi="http://www.w3.org/2001/XMLSchema-instance" xmlns:xsd="http://www.w3.org/2001/XMLSchema">
  <CatchmentParameters>
    <KSI>0.001</KSI>
    <KGmin>0.05</KGmin>
    <RangeKG>0.1</RangeKG>
    <AG>0.1</AG>
    <PERC>1.8424158997097888</PERC>
    <Alpha>0</Alpha>
    <UZL>170.27286527000791</UZL>
    <K0>0.050228811058356318</K0>
    <K1>0.097843489881298776</K1>
    <K2>0.010000004464817889</K2>
    <MAXBAS>1</MAXBAS>
    <Cet>0</Cet>
    <PCALT>10</PCALT>
    <TCALT>0.6</TCALT>
    <Pelev>3349</Pelev>
    <Telev>2921</Telev>
    <PART>0.5</PART>
    <DELAY>1</DELAY>
  </CatchmentParameters>
  <VegetationZone>
    <VegetationZoneParameters>
      <TT>-2.1879860467283572</TT>
      <CFMAX>3.5718580083997935</CFMAX>
      <SP>0</SP>
      <SFCF>1.314660163576459</SFCF>
      <CFR>0.000603888335179564</CFR>
      <CWH>0.16357025265757333</CWH>
      <CFGlacier>1</CFGlacier>
      <CFSlope>1</CFSlope>
      <FC>344.89791165189541</FC>
      <LP>0.84546913063481011</LP>
      <BETA>1.1899579404382132</BETA>
    </VegetationZoneParameters>
  </VegetationZone>
  <SubCatchment>
    <SubCatchmentParameters>
      <KSI>0.001</KSI>
      <KGmin>0.05</KGmin>
      <RangeKG>0.1</RangeKG>
      <AG>0.1</AG>
      <PERC>1.8424158997097888</PERC>
      <Alpha>0</Alpha>
      <UZL>170.27286527000791</UZL>
      <K0>0.050228811058356318</K0>
      <K1>0.097843489881298776</K1>
      <K2>0.010000004464817889</K2>
      <MAXBAS>1</MAXBAS>
      <Cet>0</Cet>
      <PCALT>10</PCALT>
      <TCALT>0.6</TCALT>
      <Pelev>3349</Pelev>
      <Telev>2921</Telev>
      <PART>0.5</PART>
      <DELAY>1</DELAY>
    </SubCatchmentParameters>
    <SubCatchmentVegetationZone>
      <SubCatchmentVegetationZoneParameters>
        <TT>-2.1879860467283572</TT>
        <CFMAX>3.5718580083997935</CFMAX>
        <SP>0</SP>
        <SFCF>1.314660163576459</SFCF>
        <CFR>0.000603888335179564</CFR>
        <CWH>0.16357025265757333</CWH>
        <CFGlacier>1</CFGlacier>
        <CFSlope>1</CFSlope>
        <FC>344.89791165189541</FC>
        <LP>0.84546913063481011</LP>
        <BETA>1.1899579404382132</BETA>
      </SubCatchmentVegetationZoneParameters>
    </SubCatchmentVegetationZone>
  </SubCatchment>
</Catchment>