<?xml version="1.0" encoding="utf-8"?>
<Catchment xmlns:xsi="http://www.w3.org/2001/XMLSchema-instance" xmlns:xsd="http://www.w3.org/2001/XMLSchema">
  <CatchmentParameters>
    <KSI>0.001</KSI>
    <KGmin>0.05</KGmin>
    <RangeKG>0.1</RangeKG>
    <AG>0.1</AG>
    <PERC>6.2304092233844584</PERC>
    <Alpha>0</Alpha>
    <UZL>128.83554293196664</UZL>
    <K0>0.25442303314915365</K0>
    <K1>0.17959068822270788</K1>
    <K2>0.044347044518098372</K2>
    <MAXBAS>1.0007356641765408</MAXBAS>
    <Cet>0</Cet>
    <PCALT>10</PCALT>
    <TCALT>0.6</TCALT>
    <Pelev>3349</Pelev>
    <Telev>2921</Telev>
    <PART>0.5</PART>
    <DELAY>1</DELAY>
  </CatchmentParameters>
  <VegetationZone>
    <VegetationZoneParameters>
      <TT>-1.3799444954663558</TT>
      <CFMAX>4.1711010525698926</CFMAX>
      <SP>0</SP>
      <SFCF>1.1668422993492882</SFCF>
      <CFR>0.029909675047323749</CFR>
      <CWH>0.19999936006666974</CWH>
      <CFGlacier>1</CFGlacier>
      <CFSlope>1</CFSlope>
      <FC>318.64357020505219</FC>
      <LP>0.99998805126873236</LP>
      <BETA>1.316517070348413</BETA>
    </VegetationZoneParameters>
  </VegetationZone>
  <SubCatchment>
    <SubCatchmentParameters>
      <KSI>0.001</KSI>
      <KGmin>0.05</KGmin>
      <RangeKG>0.1</RangeKG>
      <AG>0.1</AG>
      <PERC>6.2304092233844584</PERC>
      <Alpha>0</Alpha>
      <UZL>128.83554293196664</UZL>
      <K0>0.25442303314915365</K0>
      <K1>0.17959068822270788</K1>
      <K2>0.044347044518098372</K2>
      <MAXBAS>1.0007356641765408</MAXBAS>
      <Cet>0</Cet>
      <PCALT>10</PCALT>
      <TCALT>0.6</TCALT>
      <Pelev>3349</Pelev>
      <Telev>2921</Telev>
      <PART>0.5</PART>
      <DELAY>1</DELAY>
    </SubCatchmentParameters>
    <SubCatchmentVegetationZone>
      <SubCatchmentVegetationZoneParameters>
        <TT>-1.3799444954663558</TT>
        <CFMAX>4.1711010525698926</CFMAX>
        <SP>0</SP>
        <SFCF>1.1668422993492882</SFCF>
        <CFR>0.029909675047323749</CFR>
        <CWH>0.19999936006666974</CWH>
        <CFGlacier>1</CFGlacier>
        <CFSlope>1</CFSlope>
        <FC>318.64357020505219</FC>
        <LP>0.99998805126873236</LP>
        <BETA>1.316517070348413</BETA>
      </SubCatchmentVegetationZoneParameters>
    </SubCatchmentVegetationZone>
  </SubCatchment>
</Catchment>