<?xml version="1.0" encoding="utf-8"?>
<Catchment xmlns:xsi="http://www.w3.org/2001/XMLSchema-instance" xmlns:xsd="http://www.w3.org/2001/XMLSchema">
  <CatchmentParameters>
    <KSI>0.001</KSI>
    <KGmin>0.05</KGmin>
    <RangeKG>0.1</RangeKG>
    <AG>0.1</AG>
    <PERC>6.1777026249202214</PERC>
    <Alpha>0</Alpha>
    <UZL>115.78104839429315</UZL>
    <K0>0.13881215502903749</K0>
    <K1>0.18806817990669852</K1>
    <K2>0.046777626034164764</K2>
    <MAXBAS>1.0000811294833136</MAXBAS>
    <Cet>0</Cet>
    <PCALT>10</PCALT>
    <TCALT>0.6</TCALT>
    <Pelev>3349</Pelev>
    <Telev>2921</Telev>
    <PART>0.5</PART>
    <DELAY>1</DELAY>
  </CatchmentParameters>
  <VegetationZone>
    <VegetationZoneParameters>
      <TT>-1.5120073283203062</TT>
      <CFMAX>3.9335907354418773</CFMAX>
      <SP>0</SP>
      <SFCF>1.1523378015856796</SFCF>
      <CFR>0.030244960661147485</CFR>
      <CWH>0.19999921606722257</CWH>
      <CFGlacier>1</CFGlacier>
      <CFSlope>1</CFSlope>
      <FC>315.92747329344223</FC>
      <LP>0.9999985556295452</LP>
      <BETA>1.4333575333484172</BETA>
    </VegetationZoneParameters>
  </VegetationZone>
  <SubCatchment>
    <SubCatchmentParameters>
      <KSI>0.001</KSI>
      <KGmin>0.05</KGmin>
      <RangeKG>0.1</RangeKG>
      <AG>0.1</AG>
      <PERC>6.1777026249202214</PERC>
      <Alpha>0</Alpha>
      <UZL>115.78104839429315</UZL>
      <K0>0.13881215502903749</K0>
      <K1>0.18806817990669852</K1>
      <K2>0.046777626034164764</K2>
      <MAXBAS>1.0000811294833136</MAXBAS>
      <Cet>0</Cet>
      <PCALT>10</PCALT>
      <TCALT>0.6</TCALT>
      <Pelev>3349</Pelev>
      <Telev>2921</Telev>
      <PART>0.5</PART>
      <DELAY>1</DELAY>
    </SubCatchmentParameters>
    <SubCatchmentVegetationZone>
      <SubCatchmentVegetationZoneParameters>
        <TT>-1.5120073283203062</TT>
        <CFMAX>3.9335907354418773</CFMAX>
        <SP>0</SP>
        <SFCF>1.1523378015856796</SFCF>
        <CFR>0.030244960661147485</CFR>
        <CWH>0.19999921606722257</CWH>
        <CFGlacier>1</CFGlacier>
        <CFSlope>1</CFSlope>
        <FC>315.92747329344223</FC>
        <LP>0.9999985556295452</LP>
        <BETA>1.4333575333484172</BETA>
      </SubCatchmentVegetationZoneParameters>
    </SubCatchmentVegetationZone>
  </SubCatchment>
</Catchment>