<?xml version="1.0" encoding="utf-8"?>
<Catchment xmlns:xsi="http://www.w3.org/2001/XMLSchema-instance" xmlns:xsd="http://www.w3.org/2001/XMLSchema">
  <CatchmentParameters>
    <KSI>0.001</KSI>
    <KGmin>0.05</KGmin>
    <RangeKG>0.1</RangeKG>
    <AG>0.1</AG>
    <PERC>1.7365716253453147</PERC>
    <Alpha>0</Alpha>
    <UZL>126.92570529664241</UZL>
    <K0>0.43176235287525017</K0>
    <K1>0.1207036337141815</K1>
    <K2>0.012540284625647541</K2>
    <MAXBAS>1</MAXBAS>
    <Cet>0</Cet>
    <PCALT>10</PCALT>
    <TCALT>0.6</TCALT>
    <Pelev>3349</Pelev>
    <Telev>2921</Telev>
    <PART>0.5</PART>
    <DELAY>1</DELAY>
  </CatchmentParameters>
  <VegetationZone>
    <VegetationZoneParameters>
      <TT>-2.1088584388542038</TT>
      <CFMAX>3.9520408238375619</CFMAX>
      <SP>0</SP>
      <SFCF>1.4317098458571491</SFCF>
      <CFR>0.00054863264507306979</CFR>
      <CWH>0.19999999100354962</CWH>
      <CFGlacier>1</CFGlacier>
      <CFSlope>1</CFSlope>
      <FC>1788.8685033074999</FC>
      <LP>0.98319046832348045</LP>
      <BETA>1.2885714791274736</BETA>
    </VegetationZoneParameters>
  </VegetationZone>
  <SubCatchment>
    <SubCatchmentParameters>
      <KSI>0.001</KSI>
      <KGmin>0.05</KGmin>
      <RangeKG>0.1</RangeKG>
      <AG>0.1</AG>
      <PERC>1.7365716253453147</PERC>
      <Alpha>0</Alpha>
      <UZL>126.92570529664241</UZL>
      <K0>0.43176235287525017</K0>
      <K1>0.1207036337141815</K1>
      <K2>0.012540284625647541</K2>
      <MAXBAS>1</MAXBAS>
      <Cet>0</Cet>
      <PCALT>10</PCALT>
      <TCALT>0.6</TCALT>
      <Pelev>3349</Pelev>
      <Telev>2921</Telev>
      <PART>0.5</PART>
      <DELAY>1</DELAY>
    </SubCatchmentParameters>
    <SubCatchmentVegetationZone>
      <SubCatchmentVegetationZoneParameters>
        <TT>-2.1088584388542038</TT>
        <CFMAX>3.9520408238375619</CFMAX>
        <SP>0</SP>
        <SFCF>1.4317098458571491</SFCF>
        <CFR>0.00054863264507306979</CFR>
        <CWH>0.19999999100354962</CWH>
        <CFGlacier>1</CFGlacier>
        <CFSlope>1</CFSlope>
        <FC>1788.8685033074999</FC>
        <LP>0.98319046832348045</LP>
        <BETA>1.2885714791274736</BETA>
      </SubCatchmentVegetationZoneParameters>
    </SubCatchmentVegetationZone>
  </SubCatchment>
</Catchment>