<?xml version="1.0" encoding="utf-8"?>
<Catchment xmlns:xsi="http://www.w3.org/2001/XMLSchema-instance" xmlns:xsd="http://www.w3.org/2001/XMLSchema">
  <CatchmentParameters>
    <KSI>0.001</KSI>
    <KGmin>0.05</KGmin>
    <RangeKG>0.1</RangeKG>
    <AG>0.1</AG>
    <PERC>6.3209906563487337</PERC>
    <Alpha>0</Alpha>
    <UZL>121.44460849967246</UZL>
    <K0>0.23971508404985592</K0>
    <K1>0.18170910705559012</K1>
    <K2>0.04997164004866933</K2>
    <MAXBAS>1.000036966800413</MAXBAS>
    <Cet>0</Cet>
    <PCALT>10</PCALT>
    <TCALT>0.6</TCALT>
    <Pelev>3349</Pelev>
    <Telev>2921</Telev>
    <PART>0.5</PART>
    <DELAY>1</DELAY>
  </CatchmentParameters>
  <VegetationZone>
    <VegetationZoneParameters>
      <TT>-1.0222666715614861</TT>
      <CFMAX>4.4103016566547071</CFMAX>
      <SP>0</SP>
      <SFCF>1.1222708721432286</SFCF>
      <CFR>0.023312908960763386</CFR>
      <CWH>0.19999783118691394</CWH>
      <CFGlacier>1</CFGlacier>
      <CFSlope>1</CFSlope>
      <FC>325.5883395579736</FC>
      <LP>0.99999035740754461</LP>
      <BETA>1.0684761210486178</BETA>
    </VegetationZoneParameters>
  </VegetationZone>
  <SubCatchment>
    <SubCatchmentParameters>
      <KSI>0.001</KSI>
      <KGmin>0.05</KGmin>
      <RangeKG>0.1</RangeKG>
      <AG>0.1</AG>
      <PERC>6.3209906563487337</PERC>
      <Alpha>0</Alpha>
      <UZL>121.44460849967246</UZL>
      <K0>0.23971508404985592</K0>
      <K1>0.18170910705559012</K1>
      <K2>0.04997164004866933</K2>
      <MAXBAS>1.000036966800413</MAXBAS>
      <Cet>0</Cet>
      <PCALT>10</PCALT>
      <TCALT>0.6</TCALT>
      <Pelev>3349</Pelev>
      <Telev>2921</Telev>
      <PART>0.5</PART>
      <DELAY>1</DELAY>
    </SubCatchmentParameters>
    <SubCatchmentVegetationZone>
      <SubCatchmentVegetationZoneParameters>
        <TT>-1.0222666715614861</TT>
        <CFMAX>4.4103016566547071</CFMAX>
        <SP>0</SP>
        <SFCF>1.1222708721432286</SFCF>
        <CFR>0.023312908960763386</CFR>
        <CWH>0.19999783118691394</CWH>
        <CFGlacier>1</CFGlacier>
        <CFSlope>1</CFSlope>
        <FC>325.5883395579736</FC>
        <LP>0.99999035740754461</LP>
        <BETA>1.0684761210486178</BETA>
      </SubCatchmentVegetationZoneParameters>
    </SubCatchmentVegetationZone>
  </SubCatchment>
</Catchment>