<?xml version="1.0" encoding="utf-8"?>
<Catchment xmlns:xsi="http://www.w3.org/2001/XMLSchema-instance" xmlns:xsd="http://www.w3.org/2001/XMLSchema">
  <CatchmentParameters>
    <KSI>0.001</KSI>
    <KGmin>0.05</KGmin>
    <RangeKG>0.1</RangeKG>
    <AG>0.1</AG>
    <PERC>6.5137196104329504</PERC>
    <Alpha>0</Alpha>
    <UZL>150.59231641291635</UZL>
    <K0>0.53768649952727177</K0>
    <K1>0.18869121471048309</K1>
    <K2>0.06030253790402082</K2>
    <MAXBAS>1.0047603654030002</MAXBAS>
    <Cet>0</Cet>
    <PCALT>10</PCALT>
    <TCALT>0.6</TCALT>
    <Pelev>3349</Pelev>
    <Telev>2921</Telev>
    <PART>0.5</PART>
    <DELAY>1</DELAY>
  </CatchmentParameters>
  <VegetationZone>
    <VegetationZoneParameters>
      <TT>-1.5119879632137334</TT>
      <CFMAX>4.461058972963504</CFMAX>
      <SP>0</SP>
      <SFCF>1.2964370738333237</SFCF>
      <CFR>0.031441367174656572</CFR>
      <CWH>0.18506262295237666</CWH>
      <CFGlacier>1</CFGlacier>
      <CFSlope>1</CFSlope>
      <FC>609.31701650112086</FC>
      <LP>0.99994366093753528</LP>
      <BETA>1.5143253656975309</BETA>
    </VegetationZoneParameters>
  </VegetationZone>
  <SubCatchment>
    <SubCatchmentParameters>
      <KSI>0.001</KSI>
      <KGmin>0.05</KGmin>
      <RangeKG>0.1</RangeKG>
      <AG>0.1</AG>
      <PERC>6.5137196104329504</PERC>
      <Alpha>0</Alpha>
      <UZL>150.59231641291635</UZL>
      <K0>0.53768649952727177</K0>
      <K1>0.18869121471048309</K1>
      <K2>0.06030253790402082</K2>
      <MAXBAS>1.0047603654030002</MAXBAS>
      <Cet>0</Cet>
      <PCALT>10</PCALT>
      <TCALT>0.6</TCALT>
      <Pelev>3349</Pelev>
      <Telev>2921</Telev>
      <PART>0.5</PART>
      <DELAY>1</DELAY>
    </SubCatchmentParameters>
    <SubCatchmentVegetationZone>
      <SubCatchmentVegetationZoneParameters>
        <TT>-1.5119879632137334</TT>
        <CFMAX>4.461058972963504</CFMAX>
        <SP>0</SP>
        <SFCF>1.2964370738333237</SFCF>
        <CFR>0.031441367174656572</CFR>
        <CWH>0.18506262295237666</CWH>
        <CFGlacier>1</CFGlacier>
        <CFSlope>1</CFSlope>
        <FC>609.31701650112086</FC>
        <LP>0.99994366093753528</LP>
        <BETA>1.5143253656975309</BETA>
      </SubCatchmentVegetationZoneParameters>
    </SubCatchmentVegetationZone>
  </SubCatchment>
</Catchment>