<?xml version="1.0" encoding="utf-8"?>
<Catchment xmlns:xsi="http://www.w3.org/2001/XMLSchema-instance" xmlns:xsd="http://www.w3.org/2001/XMLSchema">
  <CatchmentParameters>
    <KSI>0.001</KSI>
    <KGmin>0.05</KGmin>
    <RangeKG>0.1</RangeKG>
    <AG>0.1</AG>
    <PERC>1.3506757186584568</PERC>
    <Alpha>0</Alpha>
    <UZL>85.260030690604211</UZL>
    <K0>0.20656352846980131</K0>
    <K1>0.067432309716575753</K1>
    <K2>0.010085916548917348</K2>
    <MAXBAS>1</MAXBAS>
    <Cet>0</Cet>
    <PCALT>10</PCALT>
    <TCALT>0.6</TCALT>
    <Pelev>3349</Pelev>
    <Telev>2921</Telev>
    <PART>0.5</PART>
    <DELAY>1</DELAY>
  </CatchmentParameters>
  <VegetationZone>
    <VegetationZoneParameters>
      <TT>-1.8379801663829118</TT>
      <CFMAX>4.491748650568204</CFMAX>
      <SP>0</SP>
      <SFCF>1.480129343205348</SFCF>
      <CFR>0.031042920916690902</CFR>
      <CWH>0.16242223074992948</CWH>
      <CFGlacier>1</CFGlacier>
      <CFSlope>1</CFSlope>
      <FC>2206.7278383174817</FC>
      <LP>0.96770686474033285</LP>
      <BETA>1.624002512481179</BETA>
    </VegetationZoneParameters>
  </VegetationZone>
  <SubCatchment>
    <SubCatchmentParameters>
      <KSI>0.001</KSI>
      <KGmin>0.05</KGmin>
      <RangeKG>0.1</RangeKG>
      <AG>0.1</AG>
      <PERC>1.3506757186584568</PERC>
      <Alpha>0</Alpha>
      <UZL>85.260030690604211</UZL>
      <K0>0.20656352846980131</K0>
      <K1>0.067432309716575753</K1>
      <K2>0.010085916548917348</K2>
      <MAXBAS>1</MAXBAS>
      <Cet>0</Cet>
      <PCALT>10</PCALT>
      <TCALT>0.6</TCALT>
      <Pelev>3349</Pelev>
      <Telev>2921</Telev>
      <PART>0.5</PART>
      <DELAY>1</DELAY>
    </SubCatchmentParameters>
    <SubCatchmentVegetationZone>
      <SubCatchmentVegetationZoneParameters>
        <TT>-1.8379801663829118</TT>
        <CFMAX>4.491748650568204</CFMAX>
        <SP>0</SP>
        <SFCF>1.480129343205348</SFCF>
        <CFR>0.031042920916690902</CFR>
        <CWH>0.16242223074992948</CWH>
        <CFGlacier>1</CFGlacier>
        <CFSlope>1</CFSlope>
        <FC>2206.7278383174817</FC>
        <LP>0.96770686474033285</LP>
        <BETA>1.624002512481179</BETA>
      </SubCatchmentVegetationZoneParameters>
    </SubCatchmentVegetationZone>
  </SubCatchment>
</Catchment>