<?xml version="1.0" encoding="utf-8"?>
<Catchment xmlns:xsi="http://www.w3.org/2001/XMLSchema-instance" xmlns:xsd="http://www.w3.org/2001/XMLSchema">
  <CatchmentParameters>
    <KSI>0.001</KSI>
    <KGmin>0.05</KGmin>
    <RangeKG>0.1</RangeKG>
    <AG>0.1</AG>
    <PERC>5.7666607968073258</PERC>
    <Alpha>0</Alpha>
    <UZL>123.77281324580883</UZL>
    <K0>0.2472926875408592</K0>
    <K1>0.16760887948465222</K1>
    <K2>0.043900432572158789</K2>
    <MAXBAS>1.0000001355285642</MAXBAS>
    <Cet>0</Cet>
    <PCALT>10</PCALT>
    <TCALT>0.6</TCALT>
    <Pelev>3349</Pelev>
    <Telev>2921</Telev>
    <PART>0.5</PART>
    <DELAY>1</DELAY>
  </CatchmentParameters>
  <VegetationZone>
    <VegetationZoneParameters>
      <TT>-0.21680963789805177</TT>
      <CFMAX>4.4354638938052391</CFMAX>
      <SP>0</SP>
      <SFCF>0.97060516873088354</SFCF>
      <CFR>0.016538975408262213</CFR>
      <CWH>0.17280396943997653</CWH>
      <CFGlacier>1</CFGlacier>
      <CFSlope>1</CFSlope>
      <FC>152.59855322834079</FC>
      <LP>0.99998804807117636</LP>
      <BETA>1.0000024030903167</BETA>
    </VegetationZoneParameters>
  </VegetationZone>
  <SubCatchment>
    <SubCatchmentParameters>
      <KSI>0.001</KSI>
      <KGmin>0.05</KGmin>
      <RangeKG>0.1</RangeKG>
      <AG>0.1</AG>
      <PERC>5.7666607968073258</PERC>
      <Alpha>0</Alpha>
      <UZL>123.77281324580883</UZL>
      <K0>0.2472926875408592</K0>
      <K1>0.16760887948465222</K1>
      <K2>0.043900432572158789</K2>
      <MAXBAS>1.0000001355285642</MAXBAS>
      <Cet>0</Cet>
      <PCALT>10</PCALT>
      <TCALT>0.6</TCALT>
      <Pelev>3349</Pelev>
      <Telev>2921</Telev>
      <PART>0.5</PART>
      <DELAY>1</DELAY>
    </SubCatchmentParameters>
    <SubCatchmentVegetationZone>
      <SubCatchmentVegetationZoneParameters>
        <TT>-0.21680963789805177</TT>
        <CFMAX>4.4354638938052391</CFMAX>
        <SP>0</SP>
        <SFCF>0.97060516873088354</SFCF>
        <CFR>0.016538975408262213</CFR>
        <CWH>0.17280396943997653</CWH>
        <CFGlacier>1</CFGlacier>
        <CFSlope>1</CFSlope>
        <FC>152.59855322834079</FC>
        <LP>0.99998804807117636</LP>
        <BETA>1.0000024030903167</BETA>
      </SubCatchmentVegetationZoneParameters>
    </SubCatchmentVegetationZone>
  </SubCatchment>
</Catchment>