<?xml version="1.0" encoding="utf-8"?>
<Catchment xmlns:xsi="http://www.w3.org/2001/XMLSchema-instance" xmlns:xsd="http://www.w3.org/2001/XMLSchema">
  <CatchmentParameters>
    <KSI>0.001</KSI>
    <KGmin>0.05</KGmin>
    <RangeKG>0.1</RangeKG>
    <AG>0.1</AG>
    <PERC>5.9969133661549794</PERC>
    <Alpha>0</Alpha>
    <UZL>85.2006330884092</UZL>
    <K0>0.52135677737393549</K0>
    <K1>0.19129131171051325</K1>
    <K2>0.053185238086627278</K2>
    <MAXBAS>1.0000652317911616</MAXBAS>
    <Cet>0</Cet>
    <PCALT>10</PCALT>
    <TCALT>0.6</TCALT>
    <Pelev>3349</Pelev>
    <Telev>2921</Telev>
    <PART>0.5</PART>
    <DELAY>1</DELAY>
  </CatchmentParameters>
  <VegetationZone>
    <VegetationZoneParameters>
      <TT>-1.4279999632687079</TT>
      <CFMAX>4.1995883479119405</CFMAX>
      <SP>0</SP>
      <SFCF>1.2356315359155958</SFCF>
      <CFR>0.00043238591005259272</CFR>
      <CWH>0.19999995117723041</CWH>
      <CFGlacier>1</CFGlacier>
      <CFSlope>1</CFSlope>
      <FC>474.2191914589182</FC>
      <LP>0.999995600004363</LP>
      <BETA>1.3827631963301514</BETA>
    </VegetationZoneParameters>
  </VegetationZone>
  <SubCatchment>
    <SubCatchmentParameters>
      <KSI>0.001</KSI>
      <KGmin>0.05</KGmin>
      <RangeKG>0.1</RangeKG>
      <AG>0.1</AG>
      <PERC>5.9969133661549794</PERC>
      <Alpha>0</Alpha>
      <UZL>85.2006330884092</UZL>
      <K0>0.52135677737393549</K0>
      <K1>0.19129131171051325</K1>
      <K2>0.053185238086627278</K2>
      <MAXBAS>1.0000652317911616</MAXBAS>
      <Cet>0</Cet>
      <PCALT>10</PCALT>
      <TCALT>0.6</TCALT>
      <Pelev>3349</Pelev>
      <Telev>2921</Telev>
      <PART>0.5</PART>
      <DELAY>1</DELAY>
    </SubCatchmentParameters>
    <SubCatchmentVegetationZone>
      <SubCatchmentVegetationZoneParameters>
        <TT>-1.4279999632687079</TT>
        <CFMAX>4.1995883479119405</CFMAX>
        <SP>0</SP>
        <SFCF>1.2356315359155958</SFCF>
        <CFR>0.00043238591005259272</CFR>
        <CWH>0.19999995117723041</CWH>
        <CFGlacier>1</CFGlacier>
        <CFSlope>1</CFSlope>
        <FC>474.2191914589182</FC>
        <LP>0.999995600004363</LP>
        <BETA>1.3827631963301514</BETA>
      </SubCatchmentVegetationZoneParameters>
    </SubCatchmentVegetationZone>
  </SubCatchment>
</Catchment>