<?xml version="1.0" encoding="utf-8"?>
<Catchment xmlns:xsi="http://www.w3.org/2001/XMLSchema-instance" xmlns:xsd="http://www.w3.org/2001/XMLSchema">
  <CatchmentParameters>
    <KSI>0.001</KSI>
    <KGmin>0.05</KGmin>
    <RangeKG>0.1</RangeKG>
    <AG>0.1</AG>
    <PERC>6.6981130630724586</PERC>
    <Alpha>0</Alpha>
    <UZL>57.724315158795925</UZL>
    <K0>0.3727998645635674</K0>
    <K1>0.18714682277659045</K1>
    <K2>0.053969708427757404</K2>
    <MAXBAS>1.0001646111894569</MAXBAS>
    <Cet>0</Cet>
    <PCALT>10</PCALT>
    <TCALT>0.6</TCALT>
    <Pelev>3349</Pelev>
    <Telev>2921</Telev>
    <PART>0.5</PART>
    <DELAY>1</DELAY>
  </CatchmentParameters>
  <VegetationZone>
    <VegetationZoneParameters>
      <TT>0.16269164696637239</TT>
      <CFMAX>4.6825026627386457</CFMAX>
      <SP>0</SP>
      <SFCF>0.953545494199687</SFCF>
      <CFR>0.010234420731009192</CFR>
      <CWH>0.13449689519861249</CWH>
      <CFGlacier>1</CFGlacier>
      <CFSlope>1</CFSlope>
      <FC>164.30517271531087</FC>
      <LP>0.99999547653794485</LP>
      <BETA>1.0000001748221497</BETA>
    </VegetationZoneParameters>
  </VegetationZone>
  <SubCatchment>
    <SubCatchmentParameters>
      <KSI>0.001</KSI>
      <KGmin>0.05</KGmin>
      <RangeKG>0.1</RangeKG>
      <AG>0.1</AG>
      <PERC>6.6981130630724586</PERC>
      <Alpha>0</Alpha>
      <UZL>57.724315158795925</UZL>
      <K0>0.3727998645635674</K0>
      <K1>0.18714682277659045</K1>
      <K2>0.053969708427757404</K2>
      <MAXBAS>1.0001646111894569</MAXBAS>
      <Cet>0</Cet>
      <PCALT>10</PCALT>
      <TCALT>0.6</TCALT>
      <Pelev>3349</Pelev>
      <Telev>2921</Telev>
      <PART>0.5</PART>
      <DELAY>1</DELAY>
    </SubCatchmentParameters>
    <SubCatchmentVegetationZone>
      <SubCatchmentVegetationZoneParameters>
        <TT>0.16269164696637239</TT>
        <CFMAX>4.6825026627386457</CFMAX>
        <SP>0</SP>
        <SFCF>0.953545494199687</SFCF>
        <CFR>0.010234420731009192</CFR>
        <CWH>0.13449689519861249</CWH>
        <CFGlacier>1</CFGlacier>
        <CFSlope>1</CFSlope>
        <FC>164.30517271531087</FC>
        <LP>0.99999547653794485</LP>
        <BETA>1.0000001748221497</BETA>
      </SubCatchmentVegetationZoneParameters>
    </SubCatchmentVegetationZone>
  </SubCatchment>
</Catchment>