<?xml version="1.0" encoding="utf-8"?>
<Catchment xmlns:xsi="http://www.w3.org/2001/XMLSchema-instance" xmlns:xsd="http://www.w3.org/2001/XMLSchema">
  <CatchmentParameters>
    <KSI>0.001</KSI>
    <KGmin>0.05</KGmin>
    <RangeKG>0.1</RangeKG>
    <AG>0.1</AG>
    <PERC>1.4686026983248297</PERC>
    <Alpha>0</Alpha>
    <UZL>141.74466406697894</UZL>
    <K0>0.11928315050243024</K0>
    <K1>0.12566153673042727</K1>
    <K2>0.011656730107114365</K2>
    <MAXBAS>1</MAXBAS>
    <Cet>0</Cet>
    <PCALT>10</PCALT>
    <TCALT>0.6</TCALT>
    <Pelev>3349</Pelev>
    <Telev>2921</Telev>
    <PART>0.5</PART>
    <DELAY>1</DELAY>
  </CatchmentParameters>
  <VegetationZone>
    <VegetationZoneParameters>
      <TT>-1.8382666287873175</TT>
      <CFMAX>4.1145117444555082</CFMAX>
      <SP>0</SP>
      <SFCF>1.4145673339913016</SFCF>
      <CFR>0.00081920680412820679</CFR>
      <CWH>0.1999998987331883</CWH>
      <CFGlacier>1</CFGlacier>
      <CFSlope>1</CFSlope>
      <FC>1829.6311342391348</FC>
      <LP>0.94928054313373167</LP>
      <BETA>1.1621948306199026</BETA>
    </VegetationZoneParameters>
  </VegetationZone>
  <SubCatchment>
    <SubCatchmentParameters>
      <KSI>0.001</KSI>
      <KGmin>0.05</KGmin>
      <RangeKG>0.1</RangeKG>
      <AG>0.1</AG>
      <PERC>1.4686026983248297</PERC>
      <Alpha>0</Alpha>
      <UZL>141.74466406697894</UZL>
      <K0>0.11928315050243024</K0>
      <K1>0.12566153673042727</K1>
      <K2>0.011656730107114365</K2>
      <MAXBAS>1</MAXBAS>
      <Cet>0</Cet>
      <PCALT>10</PCALT>
      <TCALT>0.6</TCALT>
      <Pelev>3349</Pelev>
      <Telev>2921</Telev>
      <PART>0.5</PART>
      <DELAY>1</DELAY>
    </SubCatchmentParameters>
    <SubCatchmentVegetationZone>
      <SubCatchmentVegetationZoneParameters>
        <TT>-1.8382666287873175</TT>
        <CFMAX>4.1145117444555082</CFMAX>
        <SP>0</SP>
        <SFCF>1.4145673339913016</SFCF>
        <CFR>0.00081920680412820679</CFR>
        <CWH>0.1999998987331883</CWH>
        <CFGlacier>1</CFGlacier>
        <CFSlope>1</CFSlope>
        <FC>1829.6311342391348</FC>
        <LP>0.94928054313373167</LP>
        <BETA>1.1621948306199026</BETA>
      </SubCatchmentVegetationZoneParameters>
    </SubCatchmentVegetationZone>
  </SubCatchment>
</Catchment>