<?xml version="1.0" encoding="utf-8"?>
<Catchment xmlns:xsi="http://www.w3.org/2001/XMLSchema-instance" xmlns:xsd="http://www.w3.org/2001/XMLSchema">
  <CatchmentParameters>
    <KSI>0.001</KSI>
    <KGmin>0.05</KGmin>
    <RangeKG>0.1</RangeKG>
    <AG>0.1</AG>
    <PERC>6.2286894380578417</PERC>
    <Alpha>0</Alpha>
    <UZL>169.35557399997498</UZL>
    <K0>0.25208264715894974</K0>
    <K1>0.17902421157529677</K1>
    <K2>0.0491149588278167</K2>
    <MAXBAS>1.0041366086361669</MAXBAS>
    <Cet>0</Cet>
    <PCALT>10</PCALT>
    <TCALT>0.6</TCALT>
    <Pelev>3349</Pelev>
    <Telev>2921</Telev>
    <PART>0.5</PART>
    <DELAY>1</DELAY>
  </CatchmentParameters>
  <VegetationZone>
    <VegetationZoneParameters>
      <TT>-1.018848904771696</TT>
      <CFMAX>4.7187011953526357</CFMAX>
      <SP>0</SP>
      <SFCF>1.1843923225510362</SFCF>
      <CFR>0.022329442266540905</CFR>
      <CWH>0.19999962501300853</CWH>
      <CFGlacier>1</CFGlacier>
      <CFSlope>1</CFSlope>
      <FC>421.72092919608417</FC>
      <LP>0.99999518799322618</LP>
      <BETA>1.048325766016825</BETA>
    </VegetationZoneParameters>
  </VegetationZone>
  <SubCatchment>
    <SubCatchmentParameters>
      <KSI>0.001</KSI>
      <KGmin>0.05</KGmin>
      <RangeKG>0.1</RangeKG>
      <AG>0.1</AG>
      <PERC>6.2286894380578417</PERC>
      <Alpha>0</Alpha>
      <UZL>169.35557399997498</UZL>
      <K0>0.25208264715894974</K0>
      <K1>0.17902421157529677</K1>
      <K2>0.0491149588278167</K2>
      <MAXBAS>1.0041366086361669</MAXBAS>
      <Cet>0</Cet>
      <PCALT>10</PCALT>
      <TCALT>0.6</TCALT>
      <Pelev>3349</Pelev>
      <Telev>2921</Telev>
      <PART>0.5</PART>
      <DELAY>1</DELAY>
    </SubCatchmentParameters>
    <SubCatchmentVegetationZone>
      <SubCatchmentVegetationZoneParameters>
        <TT>-1.018848904771696</TT>
        <CFMAX>4.7187011953526357</CFMAX>
        <SP>0</SP>
        <SFCF>1.1843923225510362</SFCF>
        <CFR>0.022329442266540905</CFR>
        <CWH>0.19999962501300853</CWH>
        <CFGlacier>1</CFGlacier>
        <CFSlope>1</CFSlope>
        <FC>421.72092919608417</FC>
        <LP>0.99999518799322618</LP>
        <BETA>1.048325766016825</BETA>
      </SubCatchmentVegetationZoneParameters>
    </SubCatchmentVegetationZone>
  </SubCatchment>
</Catchment>