<?xml version="1.0" encoding="utf-8"?>
<Catchment xmlns:xsi="http://www.w3.org/2001/XMLSchema-instance" xmlns:xsd="http://www.w3.org/2001/XMLSchema">
  <CatchmentParameters>
    <KSI>0.001</KSI>
    <KGmin>0.05</KGmin>
    <RangeKG>0.1</RangeKG>
    <AG>0.1</AG>
    <PERC>6.2320651553571169</PERC>
    <Alpha>0</Alpha>
    <UZL>98.241708284578962</UZL>
    <K0>0.26459537700499436</K0>
    <K1>0.17962151176153948</K1>
    <K2>0.046317705371323251</K2>
    <MAXBAS>1.0000938056016653</MAXBAS>
    <Cet>0</Cet>
    <PCALT>10</PCALT>
    <TCALT>0.6</TCALT>
    <Pelev>3349</Pelev>
    <Telev>2921</Telev>
    <PART>0.5</PART>
    <DELAY>1</DELAY>
  </CatchmentParameters>
  <VegetationZone>
    <VegetationZoneParameters>
      <TT>-0.92799917761487039</TT>
      <CFMAX>4.08560697313988</CFMAX>
      <SP>0</SP>
      <SFCF>1.0406890531409341</SFCF>
      <CFR>0.023294864072248959</CFR>
      <CWH>0.19999711379052276</CWH>
      <CFGlacier>1</CFGlacier>
      <CFSlope>1</CFSlope>
      <FC>206.18058748688546</FC>
      <LP>0.99999545019953762</LP>
      <BETA>1.0000224998795757</BETA>
    </VegetationZoneParameters>
  </VegetationZone>
  <SubCatchment>
    <SubCatchmentParameters>
      <KSI>0.001</KSI>
      <KGmin>0.05</KGmin>
      <RangeKG>0.1</RangeKG>
      <AG>0.1</AG>
      <PERC>6.2320651553571169</PERC>
      <Alpha>0</Alpha>
      <UZL>98.241708284578962</UZL>
      <K0>0.26459537700499436</K0>
      <K1>0.17962151176153948</K1>
      <K2>0.046317705371323251</K2>
      <MAXBAS>1.0000938056016653</MAXBAS>
      <Cet>0</Cet>
      <PCALT>10</PCALT>
      <TCALT>0.6</TCALT>
      <Pelev>3349</Pelev>
      <Telev>2921</Telev>
      <PART>0.5</PART>
      <DELAY>1</DELAY>
    </SubCatchmentParameters>
    <SubCatchmentVegetationZone>
      <SubCatchmentVegetationZoneParameters>
        <TT>-0.92799917761487039</TT>
        <CFMAX>4.08560697313988</CFMAX>
        <SP>0</SP>
        <SFCF>1.0406890531409341</SFCF>
        <CFR>0.023294864072248959</CFR>
        <CWH>0.19999711379052276</CWH>
        <CFGlacier>1</CFGlacier>
        <CFSlope>1</CFSlope>
        <FC>206.18058748688546</FC>
        <LP>0.99999545019953762</LP>
        <BETA>1.0000224998795757</BETA>
      </SubCatchmentVegetationZoneParameters>
    </SubCatchmentVegetationZone>
  </SubCatchment>
</Catchment>