<?xml version="1.0" encoding="utf-8"?>
<Catchment xmlns:xsi="http://www.w3.org/2001/XMLSchema-instance" xmlns:xsd="http://www.w3.org/2001/XMLSchema">
  <CatchmentParameters>
    <KSI>0.001</KSI>
    <KGmin>0.05</KGmin>
    <RangeKG>0.1</RangeKG>
    <AG>0.1</AG>
    <PERC>5.1520439775639755</PERC>
    <Alpha>0</Alpha>
    <UZL>138.86346712221473</UZL>
    <K0>0.24034937420670222</K0>
    <K1>0.16949500004987964</K1>
    <K2>0.042046918133935234</K2>
    <MAXBAS>1.00632416170482</MAXBAS>
    <Cet>0</Cet>
    <PCALT>10</PCALT>
    <TCALT>0.6</TCALT>
    <Pelev>3349</Pelev>
    <Telev>2921</Telev>
    <PART>0.5</PART>
    <DELAY>1</DELAY>
  </CatchmentParameters>
  <VegetationZone>
    <VegetationZoneParameters>
      <TT>-1.0587025842858262</TT>
      <CFMAX>4.0488263635040456</CFMAX>
      <SP>0</SP>
      <SFCF>1.0725516872767993</SFCF>
      <CFR>0.025090547547688708</CFR>
      <CWH>0.19999666174914749</CWH>
      <CFGlacier>1</CFGlacier>
      <CFSlope>1</CFSlope>
      <FC>245.69057613829503</FC>
      <LP>0.99999771015249472</LP>
      <BETA>1.0895639395066237</BETA>
    </VegetationZoneParameters>
  </VegetationZone>
  <SubCatchment>
    <SubCatchmentParameters>
      <KSI>0.001</KSI>
      <KGmin>0.05</KGmin>
      <RangeKG>0.1</RangeKG>
      <AG>0.1</AG>
      <PERC>5.1520439775639755</PERC>
      <Alpha>0</Alpha>
      <UZL>138.86346712221473</UZL>
      <K0>0.24034937420670222</K0>
      <K1>0.16949500004987964</K1>
      <K2>0.042046918133935234</K2>
      <MAXBAS>1.00632416170482</MAXBAS>
      <Cet>0</Cet>
      <PCALT>10</PCALT>
      <TCALT>0.6</TCALT>
      <Pelev>3349</Pelev>
      <Telev>2921</Telev>
      <PART>0.5</PART>
      <DELAY>1</DELAY>
    </SubCatchmentParameters>
    <SubCatchmentVegetationZone>
      <SubCatchmentVegetationZoneParameters>
        <TT>-1.0587025842858262</TT>
        <CFMAX>4.0488263635040456</CFMAX>
        <SP>0</SP>
        <SFCF>1.0725516872767993</SFCF>
        <CFR>0.025090547547688708</CFR>
        <CWH>0.19999666174914749</CWH>
        <CFGlacier>1</CFGlacier>
        <CFSlope>1</CFSlope>
        <FC>245.69057613829503</FC>
        <LP>0.99999771015249472</LP>
        <BETA>1.0895639395066237</BETA>
      </SubCatchmentVegetationZoneParameters>
    </SubCatchmentVegetationZone>
  </SubCatchment>
</Catchment>