<?xml version="1.0" encoding="utf-8"?>
<Catchment xmlns:xsi="http://www.w3.org/2001/XMLSchema-instance" xmlns:xsd="http://www.w3.org/2001/XMLSchema">
  <CatchmentParameters>
    <KSI>0.001</KSI>
    <KGmin>0.05</KGmin>
    <RangeKG>0.1</RangeKG>
    <AG>0.1</AG>
    <PERC>6.3361485482395956</PERC>
    <Alpha>0</Alpha>
    <UZL>129.51212584147018</UZL>
    <K0>0.52125880772519129</K0>
    <K1>0.18234396956312229</K1>
    <K2>0.048944950020289639</K2>
    <MAXBAS>1.0001338249051688</MAXBAS>
    <Cet>0</Cet>
    <PCALT>10</PCALT>
    <TCALT>0.6</TCALT>
    <Pelev>3349</Pelev>
    <Telev>2921</Telev>
    <PART>0.5</PART>
    <DELAY>1</DELAY>
  </CatchmentParameters>
  <VegetationZone>
    <VegetationZoneParameters>
      <TT>-0.90005422574657767</TT>
      <CFMAX>4.1893907979672624</CFMAX>
      <SP>0</SP>
      <SFCF>1.0546899481761007</SFCF>
      <CFR>0.02252068678890266</CFR>
      <CWH>0.19500178143954011</CWH>
      <CFGlacier>1</CFGlacier>
      <CFSlope>1</CFSlope>
      <FC>235.29601288621842</FC>
      <LP>0.99999944197369373</LP>
      <BETA>1.0000000037177588</BETA>
    </VegetationZoneParameters>
  </VegetationZone>
  <SubCatchment>
    <SubCatchmentParameters>
      <KSI>0.001</KSI>
      <KGmin>0.05</KGmin>
      <RangeKG>0.1</RangeKG>
      <AG>0.1</AG>
      <PERC>6.3361485482395956</PERC>
      <Alpha>0</Alpha>
      <UZL>129.51212584147018</UZL>
      <K0>0.52125880772519129</K0>
      <K1>0.18234396956312229</K1>
      <K2>0.048944950020289639</K2>
      <MAXBAS>1.0001338249051688</MAXBAS>
      <Cet>0</Cet>
      <PCALT>10</PCALT>
      <TCALT>0.6</TCALT>
      <Pelev>3349</Pelev>
      <Telev>2921</Telev>
      <PART>0.5</PART>
      <DELAY>1</DELAY>
    </SubCatchmentParameters>
    <SubCatchmentVegetationZone>
      <SubCatchmentVegetationZoneParameters>
        <TT>-0.90005422574657767</TT>
        <CFMAX>4.1893907979672624</CFMAX>
        <SP>0</SP>
        <SFCF>1.0546899481761007</SFCF>
        <CFR>0.02252068678890266</CFR>
        <CWH>0.19500178143954011</CWH>
        <CFGlacier>1</CFGlacier>
        <CFSlope>1</CFSlope>
        <FC>235.29601288621842</FC>
        <LP>0.99999944197369373</LP>
        <BETA>1.0000000037177588</BETA>
      </SubCatchmentVegetationZoneParameters>
    </SubCatchmentVegetationZone>
  </SubCatchment>
</Catchment>