<?xml version="1.0" encoding="utf-8"?>
<Catchment xmlns:xsi="http://www.w3.org/2001/XMLSchema-instance" xmlns:xsd="http://www.w3.org/2001/XMLSchema">
  <CatchmentParameters>
    <KSI>0.001</KSI>
    <KGmin>0.05</KGmin>
    <RangeKG>0.1</RangeKG>
    <AG>0.1</AG>
    <PERC>1.2404398106290608</PERC>
    <Alpha>0</Alpha>
    <UZL>82.1357897637655</UZL>
    <K0>0.19225060404873828</K0>
    <K1>0.065544498427613285</K1>
    <K2>0.010667405521487162</K2>
    <MAXBAS>1</MAXBAS>
    <Cet>0</Cet>
    <PCALT>10</PCALT>
    <TCALT>0.6</TCALT>
    <Pelev>3349</Pelev>
    <Telev>2921</Telev>
    <PART>0.5</PART>
    <DELAY>1</DELAY>
  </CatchmentParameters>
  <VegetationZone>
    <VegetationZoneParameters>
      <TT>-1.6800061223451563</TT>
      <CFMAX>4.0860767182862938</CFMAX>
      <SP>0</SP>
      <SFCF>1.3264447180721517</SFCF>
      <CFR>0.00042159427527219264</CFR>
      <CWH>0.19999977459135071</CWH>
      <CFGlacier>1</CFGlacier>
      <CFSlope>1</CFSlope>
      <FC>1981.2927344951311</FC>
      <LP>0.98121352390758088</LP>
      <BETA>1.024539531659971</BETA>
    </VegetationZoneParameters>
  </VegetationZone>
  <SubCatchment>
    <SubCatchmentParameters>
      <KSI>0.001</KSI>
      <KGmin>0.05</KGmin>
      <RangeKG>0.1</RangeKG>
      <AG>0.1</AG>
      <PERC>1.2404398106290608</PERC>
      <Alpha>0</Alpha>
      <UZL>82.1357897637655</UZL>
      <K0>0.19225060404873828</K0>
      <K1>0.065544498427613285</K1>
      <K2>0.010667405521487162</K2>
      <MAXBAS>1</MAXBAS>
      <Cet>0</Cet>
      <PCALT>10</PCALT>
      <TCALT>0.6</TCALT>
      <Pelev>3349</Pelev>
      <Telev>2921</Telev>
      <PART>0.5</PART>
      <DELAY>1</DELAY>
    </SubCatchmentParameters>
    <SubCatchmentVegetationZone>
      <SubCatchmentVegetationZoneParameters>
        <TT>-1.6800061223451563</TT>
        <CFMAX>4.0860767182862938</CFMAX>
        <SP>0</SP>
        <SFCF>1.3264447180721517</SFCF>
        <CFR>0.00042159427527219264</CFR>
        <CWH>0.19999977459135071</CWH>
        <CFGlacier>1</CFGlacier>
        <CFSlope>1</CFSlope>
        <FC>1981.2927344951311</FC>
        <LP>0.98121352390758088</LP>
        <BETA>1.024539531659971</BETA>
      </SubCatchmentVegetationZoneParameters>
    </SubCatchmentVegetationZone>
  </SubCatchment>
</Catchment>