<?xml version="1.0" encoding="utf-8"?>
<Catchment xmlns:xsi="http://www.w3.org/2001/XMLSchema-instance" xmlns:xsd="http://www.w3.org/2001/XMLSchema">
  <CatchmentParameters>
    <KSI>0.001</KSI>
    <KGmin>0.05</KGmin>
    <RangeKG>0.1</RangeKG>
    <AG>0.1</AG>
    <PERC>6.1901439575350805</PERC>
    <Alpha>0</Alpha>
    <UZL>66.237403617688315</UZL>
    <K0>0.59301976973911386</K0>
    <K1>0.18445245610990493</K1>
    <K2>0.04642051015331828</K2>
    <MAXBAS>1.0000220633357964</MAXBAS>
    <Cet>0</Cet>
    <PCALT>10</PCALT>
    <TCALT>0.6</TCALT>
    <Pelev>3349</Pelev>
    <Telev>2921</Telev>
    <PART>0.5</PART>
    <DELAY>1</DELAY>
  </CatchmentParameters>
  <VegetationZone>
    <VegetationZoneParameters>
      <TT>-1.1476985351839413</TT>
      <CFMAX>4.1765186192268331</CFMAX>
      <SP>0</SP>
      <SFCF>1.1115918535727603</SFCF>
      <CFR>0.025298874164894559</CFR>
      <CWH>0.19979928232140273</CWH>
      <CFGlacier>1</CFGlacier>
      <CFSlope>1</CFSlope>
      <FC>277.96056427227927</FC>
      <LP>0.999996470028553</LP>
      <BETA>1.1317434307310956</BETA>
    </VegetationZoneParameters>
  </VegetationZone>
  <SubCatchment>
    <SubCatchmentParameters>
      <KSI>0.001</KSI>
      <KGmin>0.05</KGmin>
      <RangeKG>0.1</RangeKG>
      <AG>0.1</AG>
      <PERC>6.1901439575350805</PERC>
      <Alpha>0</Alpha>
      <UZL>66.237403617688315</UZL>
      <K0>0.59301976973911386</K0>
      <K1>0.18445245610990493</K1>
      <K2>0.04642051015331828</K2>
      <MAXBAS>1.0000220633357964</MAXBAS>
      <Cet>0</Cet>
      <PCALT>10</PCALT>
      <TCALT>0.6</TCALT>
      <Pelev>3349</Pelev>
      <Telev>2921</Telev>
      <PART>0.5</PART>
      <DELAY>1</DELAY>
    </SubCatchmentParameters>
    <SubCatchmentVegetationZone>
      <SubCatchmentVegetationZoneParameters>
        <TT>-1.1476985351839413</TT>
        <CFMAX>4.1765186192268331</CFMAX>
        <SP>0</SP>
        <SFCF>1.1115918535727603</SFCF>
        <CFR>0.025298874164894559</CFR>
        <CWH>0.19979928232140273</CWH>
        <CFGlacier>1</CFGlacier>
        <CFSlope>1</CFSlope>
        <FC>277.96056427227927</FC>
        <LP>0.999996470028553</LP>
        <BETA>1.1317434307310956</BETA>
      </SubCatchmentVegetationZoneParameters>
    </SubCatchmentVegetationZone>
  </SubCatchment>
</Catchment>