<?xml version="1.0" encoding="utf-8"?>
<Catchment xmlns:xsi="http://www.w3.org/2001/XMLSchema-instance" xmlns:xsd="http://www.w3.org/2001/XMLSchema">
  <CatchmentParameters>
    <KSI>0.001</KSI>
    <KGmin>0.05</KGmin>
    <RangeKG>0.1</RangeKG>
    <AG>0.1</AG>
    <PERC>5.2390726986383278</PERC>
    <Alpha>0</Alpha>
    <UZL>106.1699502829338</UZL>
    <K0>0.098086392451592549</K0>
    <K1>0.17531734439502358</K1>
    <K2>0.045175973980732767</K2>
    <MAXBAS>1.0000287337869664</MAXBAS>
    <Cet>0</Cet>
    <PCALT>10</PCALT>
    <TCALT>0.6</TCALT>
    <Pelev>3349</Pelev>
    <Telev>2921</Telev>
    <PART>0.5</PART>
    <DELAY>1</DELAY>
  </CatchmentParameters>
  <VegetationZone>
    <VegetationZoneParameters>
      <TT>-1.069997018512286</TT>
      <CFMAX>4.1733869103065757</CFMAX>
      <SP>0</SP>
      <SFCF>1.1090717552409235</SFCF>
      <CFR>0.024583196899774385</CFR>
      <CWH>0.19999875584395913</CWH>
      <CFGlacier>1</CFGlacier>
      <CFSlope>1</CFSlope>
      <FC>299.16020932517029</FC>
      <LP>0.99999623295560969</LP>
      <BETA>1.0666662442948127</BETA>
    </VegetationZoneParameters>
  </VegetationZone>
  <SubCatchment>
    <SubCatchmentParameters>
      <KSI>0.001</KSI>
      <KGmin>0.05</KGmin>
      <RangeKG>0.1</RangeKG>
      <AG>0.1</AG>
      <PERC>5.2390726986383278</PERC>
      <Alpha>0</Alpha>
      <UZL>106.1699502829338</UZL>
      <K0>0.098086392451592549</K0>
      <K1>0.17531734439502358</K1>
      <K2>0.045175973980732767</K2>
      <MAXBAS>1.0000287337869664</MAXBAS>
      <Cet>0</Cet>
      <PCALT>10</PCALT>
      <TCALT>0.6</TCALT>
      <Pelev>3349</Pelev>
      <Telev>2921</Telev>
      <PART>0.5</PART>
      <DELAY>1</DELAY>
    </SubCatchmentParameters>
    <SubCatchmentVegetationZone>
      <SubCatchmentVegetationZoneParameters>
        <TT>-1.069997018512286</TT>
        <CFMAX>4.1733869103065757</CFMAX>
        <SP>0</SP>
        <SFCF>1.1090717552409235</SFCF>
        <CFR>0.024583196899774385</CFR>
        <CWH>0.19999875584395913</CWH>
        <CFGlacier>1</CFGlacier>
        <CFSlope>1</CFSlope>
        <FC>299.16020932517029</FC>
        <LP>0.99999623295560969</LP>
        <BETA>1.0666662442948127</BETA>
      </SubCatchmentVegetationZoneParameters>
    </SubCatchmentVegetationZone>
  </SubCatchment>
</Catchment>