<?xml version="1.0" encoding="utf-8"?>
<Catchment xmlns:xsi="http://www.w3.org/2001/XMLSchema-instance" xmlns:xsd="http://www.w3.org/2001/XMLSchema">
  <CatchmentParameters>
    <KSI>0.001</KSI>
    <KGmin>0.05</KGmin>
    <RangeKG>0.1</RangeKG>
    <AG>0.1</AG>
    <PERC>0.97077176789029651</PERC>
    <Alpha>0</Alpha>
    <UZL>99.477575474193813</UZL>
    <K0>0.18293492880440634</K0>
    <K1>0.052509289008551792</K1>
    <K2>0.01000000264222899</K2>
    <MAXBAS>1</MAXBAS>
    <Cet>0</Cet>
    <PCALT>10</PCALT>
    <TCALT>0.6</TCALT>
    <Pelev>3349</Pelev>
    <Telev>2921</Telev>
    <PART>0.5</PART>
    <DELAY>1</DELAY>
  </CatchmentParameters>
  <VegetationZone>
    <VegetationZoneParameters>
      <TT>-1.6800434675675369</TT>
      <CFMAX>4.54238683923421</CFMAX>
      <SP>0</SP>
      <SFCF>1.4206833184612735</SFCF>
      <CFR>0.00036150884275195489</CFR>
      <CWH>0.18214575299820751</CWH>
      <CFGlacier>1</CFGlacier>
      <CFSlope>1</CFSlope>
      <FC>1512.4779490327182</FC>
      <LP>0.95813208935605554</LP>
      <BETA>1.1301117003516028</BETA>
    </VegetationZoneParameters>
  </VegetationZone>
  <SubCatchment>
    <SubCatchmentParameters>
      <KSI>0.001</KSI>
      <KGmin>0.05</KGmin>
      <RangeKG>0.1</RangeKG>
      <AG>0.1</AG>
      <PERC>0.97077176789029651</PERC>
      <Alpha>0</Alpha>
      <UZL>99.477575474193813</UZL>
      <K0>0.18293492880440634</K0>
      <K1>0.052509289008551792</K1>
      <K2>0.01000000264222899</K2>
      <MAXBAS>1</MAXBAS>
      <Cet>0</Cet>
      <PCALT>10</PCALT>
      <TCALT>0.6</TCALT>
      <Pelev>3349</Pelev>
      <Telev>2921</Telev>
      <PART>0.5</PART>
      <DELAY>1</DELAY>
    </SubCatchmentParameters>
    <SubCatchmentVegetationZone>
      <SubCatchmentVegetationZoneParameters>
        <TT>-1.6800434675675369</TT>
        <CFMAX>4.54238683923421</CFMAX>
        <SP>0</SP>
        <SFCF>1.4206833184612735</SFCF>
        <CFR>0.00036150884275195489</CFR>
        <CWH>0.18214575299820751</CWH>
        <CFGlacier>1</CFGlacier>
        <CFSlope>1</CFSlope>
        <FC>1512.4779490327182</FC>
        <LP>0.95813208935605554</LP>
        <BETA>1.1301117003516028</BETA>
      </SubCatchmentVegetationZoneParameters>
    </SubCatchmentVegetationZone>
  </SubCatchment>
</Catchment>