<?xml version="1.0" encoding="utf-8"?>
<Catchment xmlns:xsi="http://www.w3.org/2001/XMLSchema-instance" xmlns:xsd="http://www.w3.org/2001/XMLSchema">
  <CatchmentParameters>
    <KSI>0.001</KSI>
    <KGmin>0.05</KGmin>
    <RangeKG>0.1</RangeKG>
    <AG>0.1</AG>
    <PERC>6.7651138164918523</PERC>
    <Alpha>0</Alpha>
    <UZL>110.38407208989014</UZL>
    <K0>0.12008738828449557</K0>
    <K1>0.24066604364772753</K1>
    <K2>0.0539601339196055</K2>
    <MAXBAS>1.1394492345272538</MAXBAS>
    <Cet>0</Cet>
    <PCALT>10</PCALT>
    <TCALT>0.6</TCALT>
    <Pelev>3349</Pelev>
    <Telev>2921</Telev>
    <PART>0.5</PART>
    <DELAY>1</DELAY>
  </CatchmentParameters>
  <VegetationZone>
    <VegetationZoneParameters>
      <TT>-0.92799842369838337</TT>
      <CFMAX>4.20515614027541</CFMAX>
      <SP>0</SP>
      <SFCF>1.0725373285022768</SFCF>
      <CFR>0.06038980777950418</CFR>
      <CWH>0.19998027184524803</CWH>
      <CFGlacier>1</CFGlacier>
      <CFSlope>1</CFSlope>
      <FC>284.01541950549711</FC>
      <LP>0.99999508172288443</LP>
      <BETA>1.0000050392484947</BETA>
    </VegetationZoneParameters>
  </VegetationZone>
  <SubCatchment>
    <SubCatchmentParameters>
      <KSI>0.001</KSI>
      <KGmin>0.05</KGmin>
      <RangeKG>0.1</RangeKG>
      <AG>0.1</AG>
      <PERC>6.7651138164918523</PERC>
      <Alpha>0</Alpha>
      <UZL>110.38407208989014</UZL>
      <K0>0.12008738828449557</K0>
      <K1>0.24066604364772753</K1>
      <K2>0.0539601339196055</K2>
      <MAXBAS>1.1394492345272538</MAXBAS>
      <Cet>0</Cet>
      <PCALT>10</PCALT>
      <TCALT>0.6</TCALT>
      <Pelev>3349</Pelev>
      <Telev>2921</Telev>
      <PART>0.5</PART>
      <DELAY>1</DELAY>
    </SubCatchmentParameters>
    <SubCatchmentVegetationZone>
      <SubCatchmentVegetationZoneParameters>
        <TT>-0.92799842369838337</TT>
        <CFMAX>4.20515614027541</CFMAX>
        <SP>0</SP>
        <SFCF>1.0725373285022768</SFCF>
        <CFR>0.06038980777950418</CFR>
        <CWH>0.19998027184524803</CWH>
        <CFGlacier>1</CFGlacier>
        <CFSlope>1</CFSlope>
        <FC>284.01541950549711</FC>
        <LP>0.99999508172288443</LP>
        <BETA>1.0000050392484947</BETA>
      </SubCatchmentVegetationZoneParameters>
    </SubCatchmentVegetationZone>
  </SubCatchment>
</Catchment>