<?xml version="1.0" encoding="utf-8"?>
<Catchment xmlns:xsi="http://www.w3.org/2001/XMLSchema-instance" xmlns:xsd="http://www.w3.org/2001/XMLSchema">
  <CatchmentParameters>
    <KSI>0.001</KSI>
    <KGmin>0.05</KGmin>
    <RangeKG>0.1</RangeKG>
    <AG>0.1</AG>
    <PERC>2.0440895045601475</PERC>
    <Alpha>0</Alpha>
    <UZL>91.325028952922267</UZL>
    <K0>0.14076461954289346</K0>
    <K1>0.048184809135370717</K1>
    <K2>0.010000000356763151</K2>
    <MAXBAS>1</MAXBAS>
    <Cet>0</Cet>
    <PCALT>10</PCALT>
    <TCALT>0.6</TCALT>
    <Pelev>3349</Pelev>
    <Telev>2921</Telev>
    <PART>0.5</PART>
    <DELAY>1</DELAY>
  </CatchmentParameters>
  <VegetationZone>
    <VegetationZoneParameters>
      <TT>-1.5120129005537644</TT>
      <CFMAX>3.548802597684428</CFMAX>
      <SP>0</SP>
      <SFCF>1.0816296167039952</SFCF>
      <CFR>0.00020834561771423859</CFR>
      <CWH>0.16948815147318824</CWH>
      <CFGlacier>1</CFGlacier>
      <CFSlope>1</CFSlope>
      <FC>97.01847991161749</FC>
      <LP>0.63800759463120593</LP>
      <BETA>1.3247266041992956</BETA>
    </VegetationZoneParameters>
  </VegetationZone>
  <SubCatchment>
    <SubCatchmentParameters>
      <KSI>0.001</KSI>
      <KGmin>0.05</KGmin>
      <RangeKG>0.1</RangeKG>
      <AG>0.1</AG>
      <PERC>2.0440895045601475</PERC>
      <Alpha>0</Alpha>
      <UZL>91.325028952922267</UZL>
      <K0>0.14076461954289346</K0>
      <K1>0.048184809135370717</K1>
      <K2>0.010000000356763151</K2>
      <MAXBAS>1</MAXBAS>
      <Cet>0</Cet>
      <PCALT>10</PCALT>
      <TCALT>0.6</TCALT>
      <Pelev>3349</Pelev>
      <Telev>2921</Telev>
      <PART>0.5</PART>
      <DELAY>1</DELAY>
    </SubCatchmentParameters>
    <SubCatchmentVegetationZone>
      <SubCatchmentVegetationZoneParameters>
        <TT>-1.5120129005537644</TT>
        <CFMAX>3.548802597684428</CFMAX>
        <SP>0</SP>
        <SFCF>1.0816296167039952</SFCF>
        <CFR>0.00020834561771423859</CFR>
        <CWH>0.16948815147318824</CWH>
        <CFGlacier>1</CFGlacier>
        <CFSlope>1</CFSlope>
        <FC>97.01847991161749</FC>
        <LP>0.63800759463120593</LP>
        <BETA>1.3247266041992956</BETA>
      </SubCatchmentVegetationZoneParameters>
    </SubCatchmentVegetationZone>
  </SubCatchment>
</Catchment>