<?xml version="1.0" encoding="utf-8"?>
<Catchment xmlns:xsi="http://www.w3.org/2001/XMLSchema-instance" xmlns:xsd="http://www.w3.org/2001/XMLSchema">
  <CatchmentParameters>
    <KSI>0.001</KSI>
    <KGmin>0.05</KGmin>
    <RangeKG>0.1</RangeKG>
    <AG>0.1</AG>
    <PERC>6.016892894304565</PERC>
    <Alpha>0</Alpha>
    <UZL>173.64434137357657</UZL>
    <K0>0.10699671872400157</K0>
    <K1>0.185061570052891</K1>
    <K2>0.048122519673728853</K2>
    <MAXBAS>1.0004796436800405</MAXBAS>
    <Cet>0</Cet>
    <PCALT>10</PCALT>
    <TCALT>0.6</TCALT>
    <Pelev>3349</Pelev>
    <Telev>2921</Telev>
    <PART>0.5</PART>
    <DELAY>1</DELAY>
  </CatchmentParameters>
  <VegetationZone>
    <VegetationZoneParameters>
      <TT>-1.4279307292869237</TT>
      <CFMAX>4.3959582678995366</CFMAX>
      <SP>0</SP>
      <SFCF>1.2825541518763248</SFCF>
      <CFR>0.00040581339744204573</CFR>
      <CWH>0.1999883601827181</CWH>
      <CFGlacier>1</CFGlacier>
      <CFSlope>1</CFSlope>
      <FC>524.91305538259519</FC>
      <LP>0.99999375730996864</LP>
      <BETA>1.5037657830337561</BETA>
    </VegetationZoneParameters>
  </VegetationZone>
  <SubCatchment>
    <SubCatchmentParameters>
      <KSI>0.001</KSI>
      <KGmin>0.05</KGmin>
      <RangeKG>0.1</RangeKG>
      <AG>0.1</AG>
      <PERC>6.016892894304565</PERC>
      <Alpha>0</Alpha>
      <UZL>173.64434137357657</UZL>
      <K0>0.10699671872400157</K0>
      <K1>0.185061570052891</K1>
      <K2>0.048122519673728853</K2>
      <MAXBAS>1.0004796436800405</MAXBAS>
      <Cet>0</Cet>
      <PCALT>10</PCALT>
      <TCALT>0.6</TCALT>
      <Pelev>3349</Pelev>
      <Telev>2921</Telev>
      <PART>0.5</PART>
      <DELAY>1</DELAY>
    </SubCatchmentParameters>
    <SubCatchmentVegetationZone>
      <SubCatchmentVegetationZoneParameters>
        <TT>-1.4279307292869237</TT>
        <CFMAX>4.3959582678995366</CFMAX>
        <SP>0</SP>
        <SFCF>1.2825541518763248</SFCF>
        <CFR>0.00040581339744204573</CFR>
        <CWH>0.1999883601827181</CWH>
        <CFGlacier>1</CFGlacier>
        <CFSlope>1</CFSlope>
        <FC>524.91305538259519</FC>
        <LP>0.99999375730996864</LP>
        <BETA>1.5037657830337561</BETA>
      </SubCatchmentVegetationZoneParameters>
    </SubCatchmentVegetationZone>
  </SubCatchment>
</Catchment>