<?xml version="1.0" encoding="utf-8"?>
<Catchment xmlns:xsi="http://www.w3.org/2001/XMLSchema-instance" xmlns:xsd="http://www.w3.org/2001/XMLSchema">
  <CatchmentParameters>
    <KSI>0.001</KSI>
    <KGmin>0.05</KGmin>
    <RangeKG>0.1</RangeKG>
    <AG>0.1</AG>
    <PERC>6.5331088600109393</PERC>
    <Alpha>0</Alpha>
    <UZL>92.426484940433511</UZL>
    <K0>0.45676789663185474</K0>
    <K1>0.19865611382647644</K1>
    <K2>0.055309046632432114</K2>
    <MAXBAS>1.0001219723659722</MAXBAS>
    <Cet>0</Cet>
    <PCALT>10</PCALT>
    <TCALT>0.6</TCALT>
    <Pelev>3349</Pelev>
    <Telev>2921</Telev>
    <PART>0.5</PART>
    <DELAY>1</DELAY>
  </CatchmentParameters>
  <VegetationZone>
    <VegetationZoneParameters>
      <TT>-1.0448583836492571</TT>
      <CFMAX>3.6898625150739286</CFMAX>
      <SP>0</SP>
      <SFCF>0.99365309314483519</SFCF>
      <CFR>0.069250059518088963</CFR>
      <CWH>0.19999978911043487</CWH>
      <CFGlacier>1</CFGlacier>
      <CFSlope>1</CFSlope>
      <FC>187.01605641386553</FC>
      <LP>0.99999399858441484</LP>
      <BETA>1.0000058985494553</BETA>
    </VegetationZoneParameters>
  </VegetationZone>
  <SubCatchment>
    <SubCatchmentParameters>
      <KSI>0.001</KSI>
      <KGmin>0.05</KGmin>
      <RangeKG>0.1</RangeKG>
      <AG>0.1</AG>
      <PERC>6.5331088600109393</PERC>
      <Alpha>0</Alpha>
      <UZL>92.426484940433511</UZL>
      <K0>0.45676789663185474</K0>
      <K1>0.19865611382647644</K1>
      <K2>0.055309046632432114</K2>
      <MAXBAS>1.0001219723659722</MAXBAS>
      <Cet>0</Cet>
      <PCALT>10</PCALT>
      <TCALT>0.6</TCALT>
      <Pelev>3349</Pelev>
      <Telev>2921</Telev>
      <PART>0.5</PART>
      <DELAY>1</DELAY>
    </SubCatchmentParameters>
    <SubCatchmentVegetationZone>
      <SubCatchmentVegetationZoneParameters>
        <TT>-1.0448583836492571</TT>
        <CFMAX>3.6898625150739286</CFMAX>
        <SP>0</SP>
        <SFCF>0.99365309314483519</SFCF>
        <CFR>0.069250059518088963</CFR>
        <CWH>0.19999978911043487</CWH>
        <CFGlacier>1</CFGlacier>
        <CFSlope>1</CFSlope>
        <FC>187.01605641386553</FC>
        <LP>0.99999399858441484</LP>
        <BETA>1.0000058985494553</BETA>
      </SubCatchmentVegetationZoneParameters>
    </SubCatchmentVegetationZone>
  </SubCatchment>
</Catchment>