<?xml version="1.0" encoding="utf-8"?>
<Catchment xmlns:xsi="http://www.w3.org/2001/XMLSchema-instance" xmlns:xsd="http://www.w3.org/2001/XMLSchema">
  <CatchmentParameters>
    <KSI>0.001</KSI>
    <KGmin>0.05</KGmin>
    <RangeKG>0.1</RangeKG>
    <AG>0.1</AG>
    <PERC>0.8649785217336341</PERC>
    <Alpha>0</Alpha>
    <UZL>111.95484032864189</UZL>
    <K0>0.20256967569903003</K0>
    <K1>0.051206204422202417</K1>
    <K2>0.010002643117205324</K2>
    <MAXBAS>1</MAXBAS>
    <Cet>0</Cet>
    <PCALT>10</PCALT>
    <TCALT>0.6</TCALT>
    <Pelev>3349</Pelev>
    <Telev>2921</Telev>
    <PART>0.5</PART>
    <DELAY>1</DELAY>
  </CatchmentParameters>
  <VegetationZone>
    <VegetationZoneParameters>
      <TT>-1.4279996043202214</TT>
      <CFMAX>4.5393113171467574</CFMAX>
      <SP>0</SP>
      <SFCF>1.2837680897302533</SFCF>
      <CFR>0.033033024891439153</CFR>
      <CWH>0.19661946865899982</CWH>
      <CFGlacier>1</CFGlacier>
      <CFSlope>1</CFSlope>
      <FC>2323.2589674317237</FC>
      <LP>0.99341736474556674</LP>
      <BETA>1.0416366462893112</BETA>
    </VegetationZoneParameters>
  </VegetationZone>
  <SubCatchment>
    <SubCatchmentParameters>
      <KSI>0.001</KSI>
      <KGmin>0.05</KGmin>
      <RangeKG>0.1</RangeKG>
      <AG>0.1</AG>
      <PERC>0.8649785217336341</PERC>
      <Alpha>0</Alpha>
      <UZL>111.95484032864189</UZL>
      <K0>0.20256967569903003</K0>
      <K1>0.051206204422202417</K1>
      <K2>0.010002643117205324</K2>
      <MAXBAS>1</MAXBAS>
      <Cet>0</Cet>
      <PCALT>10</PCALT>
      <TCALT>0.6</TCALT>
      <Pelev>3349</Pelev>
      <Telev>2921</Telev>
      <PART>0.5</PART>
      <DELAY>1</DELAY>
    </SubCatchmentParameters>
    <SubCatchmentVegetationZone>
      <SubCatchmentVegetationZoneParameters>
        <TT>-1.4279996043202214</TT>
        <CFMAX>4.5393113171467574</CFMAX>
        <SP>0</SP>
        <SFCF>1.2837680897302533</SFCF>
        <CFR>0.033033024891439153</CFR>
        <CWH>0.19661946865899982</CWH>
        <CFGlacier>1</CFGlacier>
        <CFSlope>1</CFSlope>
        <FC>2323.2589674317237</FC>
        <LP>0.99341736474556674</LP>
        <BETA>1.0416366462893112</BETA>
      </SubCatchmentVegetationZoneParameters>
    </SubCatchmentVegetationZone>
  </SubCatchment>
</Catchment>