<?xml version="1.0" encoding="utf-8"?>
<Catchment xmlns:xsi="http://www.w3.org/2001/XMLSchema-instance" xmlns:xsd="http://www.w3.org/2001/XMLSchema">
  <CatchmentParameters>
    <KSI>0.001</KSI>
    <KGmin>0.05</KGmin>
    <RangeKG>0.1</RangeKG>
    <AG>0.1</AG>
    <PERC>6.6915216343420481</PERC>
    <Alpha>0</Alpha>
    <UZL>79.54108984854372</UZL>
    <K0>0.32526536642788179</K0>
    <K1>0.1909171890456299</K1>
    <K2>0.059667354142295223</K2>
    <MAXBAS>1.000261271250116</MAXBAS>
    <Cet>0</Cet>
    <PCALT>10</PCALT>
    <TCALT>0.6</TCALT>
    <Pelev>3349</Pelev>
    <Telev>2921</Telev>
    <PART>0.5</PART>
    <DELAY>1</DELAY>
  </CatchmentParameters>
  <VegetationZone>
    <VegetationZoneParameters>
      <TT>-0.6699957839576125</TT>
      <CFMAX>4.9107143708777343</CFMAX>
      <SP>0</SP>
      <SFCF>1.1450417030971596</SFCF>
      <CFR>0.018586002908711114</CFR>
      <CWH>0.19333253432082415</CWH>
      <CFGlacier>1</CFGlacier>
      <CFSlope>1</CFSlope>
      <FC>427.23277495235533</FC>
      <LP>0.9999986087225895</LP>
      <BETA>1.0000019207951489</BETA>
    </VegetationZoneParameters>
  </VegetationZone>
  <SubCatchment>
    <SubCatchmentParameters>
      <KSI>0.001</KSI>
      <KGmin>0.05</KGmin>
      <RangeKG>0.1</RangeKG>
      <AG>0.1</AG>
      <PERC>6.6915216343420481</PERC>
      <Alpha>0</Alpha>
      <UZL>79.54108984854372</UZL>
      <K0>0.32526536642788179</K0>
      <K1>0.1909171890456299</K1>
      <K2>0.059667354142295223</K2>
      <MAXBAS>1.000261271250116</MAXBAS>
      <Cet>0</Cet>
      <PCALT>10</PCALT>
      <TCALT>0.6</TCALT>
      <Pelev>3349</Pelev>
      <Telev>2921</Telev>
      <PART>0.5</PART>
      <DELAY>1</DELAY>
    </SubCatchmentParameters>
    <SubCatchmentVegetationZone>
      <SubCatchmentVegetationZoneParameters>
        <TT>-0.6699957839576125</TT>
        <CFMAX>4.9107143708777343</CFMAX>
        <SP>0</SP>
        <SFCF>1.1450417030971596</SFCF>
        <CFR>0.018586002908711114</CFR>
        <CWH>0.19333253432082415</CWH>
        <CFGlacier>1</CFGlacier>
        <CFSlope>1</CFSlope>
        <FC>427.23277495235533</FC>
        <LP>0.9999986087225895</LP>
        <BETA>1.0000019207951489</BETA>
      </SubCatchmentVegetationZoneParameters>
    </SubCatchmentVegetationZone>
  </SubCatchment>
</Catchment>