<?xml version="1.0" encoding="utf-8"?>
<Catchment xmlns:xsi="http://www.w3.org/2001/XMLSchema-instance" xmlns:xsd="http://www.w3.org/2001/XMLSchema">
  <CatchmentParameters>
    <KSI>0.001</KSI>
    <KGmin>0.05</KGmin>
    <RangeKG>0.1</RangeKG>
    <AG>0.1</AG>
    <PERC>6.2217723190815049</PERC>
    <Alpha>0</Alpha>
    <UZL>78.093801873887088</UZL>
    <K0>0.4834081910066465</K0>
    <K1>0.1804476874234093</K1>
    <K2>0.047357268666376955</K2>
    <MAXBAS>1.0000199439431603</MAXBAS>
    <Cet>0</Cet>
    <PCALT>10</PCALT>
    <TCALT>0.6</TCALT>
    <Pelev>3349</Pelev>
    <Telev>2921</Telev>
    <PART>0.5</PART>
    <DELAY>1</DELAY>
  </CatchmentParameters>
  <VegetationZone>
    <VegetationZoneParameters>
      <TT>-1.422662596893066</TT>
      <CFMAX>4.2927085211736875</CFMAX>
      <SP>0</SP>
      <SFCF>1.2569364868036246</SFCF>
      <CFR>0.00024058832455919413</CFR>
      <CWH>0.13802188143598662</CWH>
      <CFGlacier>1</CFGlacier>
      <CFSlope>1</CFSlope>
      <FC>447.721506752242</FC>
      <LP>0.99998935937641109</LP>
      <BETA>1.7285084253615817</BETA>
    </VegetationZoneParameters>
  </VegetationZone>
  <SubCatchment>
    <SubCatchmentParameters>
      <KSI>0.001</KSI>
      <KGmin>0.05</KGmin>
      <RangeKG>0.1</RangeKG>
      <AG>0.1</AG>
      <PERC>6.2217723190815049</PERC>
      <Alpha>0</Alpha>
      <UZL>78.093801873887088</UZL>
      <K0>0.4834081910066465</K0>
      <K1>0.1804476874234093</K1>
      <K2>0.047357268666376955</K2>
      <MAXBAS>1.0000199439431603</MAXBAS>
      <Cet>0</Cet>
      <PCALT>10</PCALT>
      <TCALT>0.6</TCALT>
      <Pelev>3349</Pelev>
      <Telev>2921</Telev>
      <PART>0.5</PART>
      <DELAY>1</DELAY>
    </SubCatchmentParameters>
    <SubCatchmentVegetationZone>
      <SubCatchmentVegetationZoneParameters>
        <TT>-1.422662596893066</TT>
        <CFMAX>4.2927085211736875</CFMAX>
        <SP>0</SP>
        <SFCF>1.2569364868036246</SFCF>
        <CFR>0.00024058832455919413</CFR>
        <CWH>0.13802188143598662</CWH>
        <CFGlacier>1</CFGlacier>
        <CFSlope>1</CFSlope>
        <FC>447.721506752242</FC>
        <LP>0.99998935937641109</LP>
        <BETA>1.7285084253615817</BETA>
      </SubCatchmentVegetationZoneParameters>
    </SubCatchmentVegetationZone>
  </SubCatchment>
</Catchment>