<?xml version="1.0" encoding="utf-8"?>
<Catchment xmlns:xsi="http://www.w3.org/2001/XMLSchema-instance" xmlns:xsd="http://www.w3.org/2001/XMLSchema">
  <CatchmentParameters>
    <KSI>0.001</KSI>
    <KGmin>0.05</KGmin>
    <RangeKG>0.1</RangeKG>
    <AG>0.1</AG>
    <PERC>6.7330114615153951</PERC>
    <Alpha>0</Alpha>
    <UZL>146.52077752791917</UZL>
    <K0>0.36732238385606036</K0>
    <K1>0.18528873094661774</K1>
    <K2>0.050558143377548583</K2>
    <MAXBAS>1.0000026077878736</MAXBAS>
    <Cet>0</Cet>
    <PCALT>10</PCALT>
    <TCALT>0.6</TCALT>
    <Pelev>3349</Pelev>
    <Telev>2921</Telev>
    <PART>0.5</PART>
    <DELAY>1</DELAY>
  </CatchmentParameters>
  <VegetationZone>
    <VegetationZoneParameters>
      <TT>-0.21201396013598653</TT>
      <CFMAX>4.6449065529564058</CFMAX>
      <SP>0</SP>
      <SFCF>1.0076606222672879</SFCF>
      <CFR>0.026324868996323539</CFR>
      <CWH>0.14869464322454762</CWH>
      <CFGlacier>1</CFGlacier>
      <CFSlope>1</CFSlope>
      <FC>200.11185319232334</FC>
      <LP>0.99999361527277</LP>
      <BETA>1.0000005972312993</BETA>
    </VegetationZoneParameters>
  </VegetationZone>
  <SubCatchment>
    <SubCatchmentParameters>
      <KSI>0.001</KSI>
      <KGmin>0.05</KGmin>
      <RangeKG>0.1</RangeKG>
      <AG>0.1</AG>
      <PERC>6.7330114615153951</PERC>
      <Alpha>0</Alpha>
      <UZL>146.52077752791917</UZL>
      <K0>0.36732238385606036</K0>
      <K1>0.18528873094661774</K1>
      <K2>0.050558143377548583</K2>
      <MAXBAS>1.0000026077878736</MAXBAS>
      <Cet>0</Cet>
      <PCALT>10</PCALT>
      <TCALT>0.6</TCALT>
      <Pelev>3349</Pelev>
      <Telev>2921</Telev>
      <PART>0.5</PART>
      <DELAY>1</DELAY>
    </SubCatchmentParameters>
    <SubCatchmentVegetationZone>
      <SubCatchmentVegetationZoneParameters>
        <TT>-0.21201396013598653</TT>
        <CFMAX>4.6449065529564058</CFMAX>
        <SP>0</SP>
        <SFCF>1.0076606222672879</SFCF>
        <CFR>0.026324868996323539</CFR>
        <CWH>0.14869464322454762</CWH>
        <CFGlacier>1</CFGlacier>
        <CFSlope>1</CFSlope>
        <FC>200.11185319232334</FC>
        <LP>0.99999361527277</LP>
        <BETA>1.0000005972312993</BETA>
      </SubCatchmentVegetationZoneParameters>
    </SubCatchmentVegetationZone>
  </SubCatchment>
</Catchment>