<?xml version="1.0" encoding="utf-8"?>
<Catchment xmlns:xsi="http://www.w3.org/2001/XMLSchema-instance" xmlns:xsd="http://www.w3.org/2001/XMLSchema">
  <CatchmentParameters>
    <KSI>0.001</KSI>
    <KGmin>0.05</KGmin>
    <RangeKG>0.1</RangeKG>
    <AG>0.1</AG>
    <PERC>6.2264450165289542</PERC>
    <Alpha>0</Alpha>
    <UZL>154.29183238626484</UZL>
    <K0>0.47598885603220048</K0>
    <K1>0.18562481012712612</K1>
    <K2>0.049929438116664088</K2>
    <MAXBAS>1.0000616632031616</MAXBAS>
    <Cet>0</Cet>
    <PCALT>10</PCALT>
    <TCALT>0.6</TCALT>
    <Pelev>3349</Pelev>
    <Telev>2921</Telev>
    <PART>0.5</PART>
    <DELAY>1</DELAY>
  </CatchmentParameters>
  <VegetationZone>
    <VegetationZoneParameters>
      <TT>-1.0661522903602467</TT>
      <CFMAX>4.2583026492568523</CFMAX>
      <SP>0</SP>
      <SFCF>1.1178243527386229</SFCF>
      <CFR>0.025783381857890659</CFR>
      <CWH>0.19999271810150493</CWH>
      <CFGlacier>1</CFGlacier>
      <CFSlope>1</CFSlope>
      <FC>311.92398987510205</FC>
      <LP>0.99999766110826771</LP>
      <BETA>1.0410206030578084</BETA>
    </VegetationZoneParameters>
  </VegetationZone>
  <SubCatchment>
    <SubCatchmentParameters>
      <KSI>0.001</KSI>
      <KGmin>0.05</KGmin>
      <RangeKG>0.1</RangeKG>
      <AG>0.1</AG>
      <PERC>6.2264450165289542</PERC>
      <Alpha>0</Alpha>
      <UZL>154.29183238626484</UZL>
      <K0>0.47598885603220048</K0>
      <K1>0.18562481012712612</K1>
      <K2>0.049929438116664088</K2>
      <MAXBAS>1.0000616632031616</MAXBAS>
      <Cet>0</Cet>
      <PCALT>10</PCALT>
      <TCALT>0.6</TCALT>
      <Pelev>3349</Pelev>
      <Telev>2921</Telev>
      <PART>0.5</PART>
      <DELAY>1</DELAY>
    </SubCatchmentParameters>
    <SubCatchmentVegetationZone>
      <SubCatchmentVegetationZoneParameters>
        <TT>-1.0661522903602467</TT>
        <CFMAX>4.2583026492568523</CFMAX>
        <SP>0</SP>
        <SFCF>1.1178243527386229</SFCF>
        <CFR>0.025783381857890659</CFR>
        <CWH>0.19999271810150493</CWH>
        <CFGlacier>1</CFGlacier>
        <CFSlope>1</CFSlope>
        <FC>311.92398987510205</FC>
        <LP>0.99999766110826771</LP>
        <BETA>1.0410206030578084</BETA>
      </SubCatchmentVegetationZoneParameters>
    </SubCatchmentVegetationZone>
  </SubCatchment>
</Catchment>