<?xml version="1.0" encoding="utf-8"?>
<Catchment xmlns:xsi="http://www.w3.org/2001/XMLSchema-instance" xmlns:xsd="http://www.w3.org/2001/XMLSchema">
  <CatchmentParameters>
    <KSI>0.001</KSI>
    <KGmin>0.05</KGmin>
    <RangeKG>0.1</RangeKG>
    <AG>0.1</AG>
    <PERC>6.6604711564716546</PERC>
    <Alpha>0</Alpha>
    <UZL>144.10377831610782</UZL>
    <K0>0.456702695208093</K0>
    <K1>0.19532976755902193</K1>
    <K2>0.053501847964678127</K2>
    <MAXBAS>1.0000173771914667</MAXBAS>
    <Cet>0</Cet>
    <PCALT>10</PCALT>
    <TCALT>0.6</TCALT>
    <Pelev>3349</Pelev>
    <Telev>2921</Telev>
    <PART>0.5</PART>
    <DELAY>1</DELAY>
  </CatchmentParameters>
  <VegetationZone>
    <VegetationZoneParameters>
      <TT>-0.77825110489270988</TT>
      <CFMAX>4.2547953914575478</CFMAX>
      <SP>0</SP>
      <SFCF>1.0403581948115841</SFCF>
      <CFR>0.050132655561579274</CFR>
      <CWH>0.16002703106679508</CWH>
      <CFGlacier>1</CFGlacier>
      <CFSlope>1</CFSlope>
      <FC>237.40294465903961</FC>
      <LP>0.999997735834709</LP>
      <BETA>1.0000039190174883</BETA>
    </VegetationZoneParameters>
  </VegetationZone>
  <SubCatchment>
    <SubCatchmentParameters>
      <KSI>0.001</KSI>
      <KGmin>0.05</KGmin>
      <RangeKG>0.1</RangeKG>
      <AG>0.1</AG>
      <PERC>6.6604711564716546</PERC>
      <Alpha>0</Alpha>
      <UZL>144.10377831610782</UZL>
      <K0>0.456702695208093</K0>
      <K1>0.19532976755902193</K1>
      <K2>0.053501847964678127</K2>
      <MAXBAS>1.0000173771914667</MAXBAS>
      <Cet>0</Cet>
      <PCALT>10</PCALT>
      <TCALT>0.6</TCALT>
      <Pelev>3349</Pelev>
      <Telev>2921</Telev>
      <PART>0.5</PART>
      <DELAY>1</DELAY>
    </SubCatchmentParameters>
    <SubCatchmentVegetationZone>
      <SubCatchmentVegetationZoneParameters>
        <TT>-0.77825110489270988</TT>
        <CFMAX>4.2547953914575478</CFMAX>
        <SP>0</SP>
        <SFCF>1.0403581948115841</SFCF>
        <CFR>0.050132655561579274</CFR>
        <CWH>0.16002703106679508</CWH>
        <CFGlacier>1</CFGlacier>
        <CFSlope>1</CFSlope>
        <FC>237.40294465903961</FC>
        <LP>0.999997735834709</LP>
        <BETA>1.0000039190174883</BETA>
      </SubCatchmentVegetationZoneParameters>
    </SubCatchmentVegetationZone>
  </SubCatchment>
</Catchment>