<?xml version="1.0" encoding="utf-8"?>
<Catchment xmlns:xsi="http://www.w3.org/2001/XMLSchema-instance" xmlns:xsd="http://www.w3.org/2001/XMLSchema">
  <CatchmentParameters>
    <KSI>0.001</KSI>
    <KGmin>0.05</KGmin>
    <RangeKG>0.1</RangeKG>
    <AG>0.1</AG>
    <PERC>5.7232755620828843</PERC>
    <Alpha>0</Alpha>
    <UZL>179.84456258397526</UZL>
    <K0>0.10225175673914806</K0>
    <K1>0.18560410120628321</K1>
    <K2>0.043074568320826213</K2>
    <MAXBAS>1.0095375361936676</MAXBAS>
    <Cet>0</Cet>
    <PCALT>10</PCALT>
    <TCALT>0.6</TCALT>
    <Pelev>3349</Pelev>
    <Telev>2921</Telev>
    <PART>0.5</PART>
    <DELAY>1</DELAY>
  </CatchmentParameters>
  <VegetationZone>
    <VegetationZoneParameters>
      <TT>-2.4700042555416575</TT>
      <CFMAX>3.7656227078248441</CFMAX>
      <SP>0</SP>
      <SFCF>1.379680005724814</SFCF>
      <CFR>0.0753833349769481</CFR>
      <CWH>0.19998994991109606</CWH>
      <CFGlacier>1</CFGlacier>
      <CFSlope>1</CFSlope>
      <FC>527.89693794073378</FC>
      <LP>0.95187628612596753</LP>
      <BETA>1.7805559730740721</BETA>
    </VegetationZoneParameters>
  </VegetationZone>
  <SubCatchment>
    <SubCatchmentParameters>
      <KSI>0.001</KSI>
      <KGmin>0.05</KGmin>
      <RangeKG>0.1</RangeKG>
      <AG>0.1</AG>
      <PERC>5.7232755620828843</PERC>
      <Alpha>0</Alpha>
      <UZL>179.84456258397526</UZL>
      <K0>0.10225175673914806</K0>
      <K1>0.18560410120628321</K1>
      <K2>0.043074568320826213</K2>
      <MAXBAS>1.0095375361936676</MAXBAS>
      <Cet>0</Cet>
      <PCALT>10</PCALT>
      <TCALT>0.6</TCALT>
      <Pelev>3349</Pelev>
      <Telev>2921</Telev>
      <PART>0.5</PART>
      <DELAY>1</DELAY>
    </SubCatchmentParameters>
    <SubCatchmentVegetationZone>
      <SubCatchmentVegetationZoneParameters>
        <TT>-2.4700042555416575</TT>
        <CFMAX>3.7656227078248441</CFMAX>
        <SP>0</SP>
        <SFCF>1.379680005724814</SFCF>
        <CFR>0.0753833349769481</CFR>
        <CWH>0.19998994991109606</CWH>
        <CFGlacier>1</CFGlacier>
        <CFSlope>1</CFSlope>
        <FC>527.89693794073378</FC>
        <LP>0.95187628612596753</LP>
        <BETA>1.7805559730740721</BETA>
      </SubCatchmentVegetationZoneParameters>
    </SubCatchmentVegetationZone>
  </SubCatchment>
</Catchment>