<?xml version="1.0" encoding="utf-8"?>
<Catchment xmlns:xsi="http://www.w3.org/2001/XMLSchema-instance" xmlns:xsd="http://www.w3.org/2001/XMLSchema">
  <CatchmentParameters>
    <KSI>0.001</KSI>
    <KGmin>0.05</KGmin>
    <RangeKG>0.1</RangeKG>
    <AG>0.1</AG>
    <PERC>1.8068873169618491</PERC>
    <Alpha>0</Alpha>
    <UZL>73.730591715278024</UZL>
    <K0>0.12655438983519343</K0>
    <K1>0.064185438452238744</K1>
    <K2>0.0100336417717928</K2>
    <MAXBAS>1</MAXBAS>
    <Cet>0</Cet>
    <PCALT>10</PCALT>
    <TCALT>0.6</TCALT>
    <Pelev>3349</Pelev>
    <Telev>2921</Telev>
    <PART>0.5</PART>
    <DELAY>1</DELAY>
  </CatchmentParameters>
  <VegetationZone>
    <VegetationZoneParameters>
      <TT>-1.5279996670210114</TT>
      <CFMAX>4.4215528929253507</CFMAX>
      <SP>0</SP>
      <SFCF>1.3302406711995223</SFCF>
      <CFR>1.3336192862226458E-10</CFR>
      <CWH>0.10000007196327186</CWH>
      <CFGlacier>1</CFGlacier>
      <CFSlope>1</CFSlope>
      <FC>466.9387538946512</FC>
      <LP>0.94425887938190922</LP>
      <BETA>1.1292151695801989</BETA>
    </VegetationZoneParameters>
  </VegetationZone>
  <SubCatchment>
    <SubCatchmentParameters>
      <KSI>0.001</KSI>
      <KGmin>0.05</KGmin>
      <RangeKG>0.1</RangeKG>
      <AG>0.1</AG>
      <PERC>1.8068873169618491</PERC>
      <Alpha>0</Alpha>
      <UZL>73.730591715278024</UZL>
      <K0>0.12655438983519343</K0>
      <K1>0.064185438452238744</K1>
      <K2>0.0100336417717928</K2>
      <MAXBAS>1</MAXBAS>
      <Cet>0</Cet>
      <PCALT>10</PCALT>
      <TCALT>0.6</TCALT>
      <Pelev>3349</Pelev>
      <Telev>2921</Telev>
      <PART>0.5</PART>
      <DELAY>1</DELAY>
    </SubCatchmentParameters>
    <SubCatchmentVegetationZone>
      <SubCatchmentVegetationZoneParameters>
        <TT>-1.5279996670210114</TT>
        <CFMAX>4.4215528929253507</CFMAX>
        <SP>0</SP>
        <SFCF>1.3302406711995223</SFCF>
        <CFR>1.3336192862226458E-10</CFR>
        <CWH>0.10000007196327186</CWH>
        <CFGlacier>1</CFGlacier>
        <CFSlope>1</CFSlope>
        <FC>466.9387538946512</FC>
        <LP>0.94425887938190922</LP>
        <BETA>1.1292151695801989</BETA>
      </SubCatchmentVegetationZoneParameters>
    </SubCatchmentVegetationZone>
  </SubCatchment>
</Catchment>