<?xml version="1.0" encoding="utf-8"?>
<Catchment xmlns:xsi="http://www.w3.org/2001/XMLSchema-instance" xmlns:xsd="http://www.w3.org/2001/XMLSchema">
  <CatchmentParameters>
    <KSI>0.001</KSI>
    <KGmin>0.05</KGmin>
    <RangeKG>0.1</RangeKG>
    <AG>0.1</AG>
    <PERC>6.3387745590093987</PERC>
    <Alpha>0</Alpha>
    <UZL>80.293637121366416</UZL>
    <K0>0.50317633610668955</K0>
    <K1>0.18110052739230861</K1>
    <K2>0.051854223465179768</K2>
    <MAXBAS>1.0001030534065509</MAXBAS>
    <Cet>0</Cet>
    <PCALT>10</PCALT>
    <TCALT>0.6</TCALT>
    <Pelev>3349</Pelev>
    <Telev>2921</Telev>
    <PART>0.5</PART>
    <DELAY>1</DELAY>
  </CatchmentParameters>
  <VegetationZone>
    <VegetationZoneParameters>
      <TT>-1.1412981289001456</TT>
      <CFMAX>4.7582412063231541</CFMAX>
      <SP>0</SP>
      <SFCF>1.2610823170728907</SFCF>
      <CFR>0.023261096166137887</CFR>
      <CWH>0.10000274478282764</CWH>
      <CFGlacier>1</CFGlacier>
      <CFSlope>1</CFSlope>
      <FC>531.66700500250863</FC>
      <LP>0.99999952759971866</LP>
      <BETA>1.581006217431967</BETA>
    </VegetationZoneParameters>
  </VegetationZone>
  <SubCatchment>
    <SubCatchmentParameters>
      <KSI>0.001</KSI>
      <KGmin>0.05</KGmin>
      <RangeKG>0.1</RangeKG>
      <AG>0.1</AG>
      <PERC>6.3387745590093987</PERC>
      <Alpha>0</Alpha>
      <UZL>80.293637121366416</UZL>
      <K0>0.50317633610668955</K0>
      <K1>0.18110052739230861</K1>
      <K2>0.051854223465179768</K2>
      <MAXBAS>1.0001030534065509</MAXBAS>
      <Cet>0</Cet>
      <PCALT>10</PCALT>
      <TCALT>0.6</TCALT>
      <Pelev>3349</Pelev>
      <Telev>2921</Telev>
      <PART>0.5</PART>
      <DELAY>1</DELAY>
    </SubCatchmentParameters>
    <SubCatchmentVegetationZone>
      <SubCatchmentVegetationZoneParameters>
        <TT>-1.1412981289001456</TT>
        <CFMAX>4.7582412063231541</CFMAX>
        <SP>0</SP>
        <SFCF>1.2610823170728907</SFCF>
        <CFR>0.023261096166137887</CFR>
        <CWH>0.10000274478282764</CWH>
        <CFGlacier>1</CFGlacier>
        <CFSlope>1</CFSlope>
        <FC>531.66700500250863</FC>
        <LP>0.99999952759971866</LP>
        <BETA>1.581006217431967</BETA>
      </SubCatchmentVegetationZoneParameters>
    </SubCatchmentVegetationZone>
  </SubCatchment>
</Catchment>