<?xml version="1.0" encoding="utf-8"?>
<Catchment xmlns:xsi="http://www.w3.org/2001/XMLSchema-instance" xmlns:xsd="http://www.w3.org/2001/XMLSchema">
  <CatchmentParameters>
    <KSI>0.001</KSI>
    <KGmin>0.05</KGmin>
    <RangeKG>0.1</RangeKG>
    <AG>0.1</AG>
    <PERC>6.3888127852955323</PERC>
    <Alpha>0</Alpha>
    <UZL>173.51879801212655</UZL>
    <K0>0.51340610903693051</K0>
    <K1>0.17673572082314137</K1>
    <K2>0.04519465779634517</K2>
    <MAXBAS>1.0001089520774227</MAXBAS>
    <Cet>0</Cet>
    <PCALT>10</PCALT>
    <TCALT>0.6</TCALT>
    <Pelev>3349</Pelev>
    <Telev>2921</Telev>
    <PART>0.5</PART>
    <DELAY>1</DELAY>
  </CatchmentParameters>
  <VegetationZone>
    <VegetationZoneParameters>
      <TT>-0.92799897070362058</TT>
      <CFMAX>4.207776614109183</CFMAX>
      <SP>0</SP>
      <SFCF>1.0613978165482783</SFCF>
      <CFR>0.023193756432447345</CFR>
      <CWH>0.199997611386597</CWH>
      <CFGlacier>1</CFGlacier>
      <CFSlope>1</CFSlope>
      <FC>215.40313676186946</FC>
      <LP>0.99998953977425276</LP>
      <BETA>1.0360434833794709</BETA>
    </VegetationZoneParameters>
  </VegetationZone>
  <SubCatchment>
    <SubCatchmentParameters>
      <KSI>0.001</KSI>
      <KGmin>0.05</KGmin>
      <RangeKG>0.1</RangeKG>
      <AG>0.1</AG>
      <PERC>6.3888127852955323</PERC>
      <Alpha>0</Alpha>
      <UZL>173.51879801212655</UZL>
      <K0>0.51340610903693051</K0>
      <K1>0.17673572082314137</K1>
      <K2>0.04519465779634517</K2>
      <MAXBAS>1.0001089520774227</MAXBAS>
      <Cet>0</Cet>
      <PCALT>10</PCALT>
      <TCALT>0.6</TCALT>
      <Pelev>3349</Pelev>
      <Telev>2921</Telev>
      <PART>0.5</PART>
      <DELAY>1</DELAY>
    </SubCatchmentParameters>
    <SubCatchmentVegetationZone>
      <SubCatchmentVegetationZoneParameters>
        <TT>-0.92799897070362058</TT>
        <CFMAX>4.207776614109183</CFMAX>
        <SP>0</SP>
        <SFCF>1.0613978165482783</SFCF>
        <CFR>0.023193756432447345</CFR>
        <CWH>0.199997611386597</CWH>
        <CFGlacier>1</CFGlacier>
        <CFSlope>1</CFSlope>
        <FC>215.40313676186946</FC>
        <LP>0.99998953977425276</LP>
        <BETA>1.0360434833794709</BETA>
      </SubCatchmentVegetationZoneParameters>
    </SubCatchmentVegetationZone>
  </SubCatchment>
</Catchment>