<?xml version="1.0" encoding="utf-8"?>
<Catchment xmlns:xsi="http://www.w3.org/2001/XMLSchema-instance" xmlns:xsd="http://www.w3.org/2001/XMLSchema">
  <CatchmentParameters>
    <KSI>0.001</KSI>
    <KGmin>0.05</KGmin>
    <RangeKG>0.1</RangeKG>
    <AG>0.1</AG>
    <PERC>1.8581198248072084</PERC>
    <Alpha>0</Alpha>
    <UZL>77.899443124874026</UZL>
    <K0>0.13310231476114631</K0>
    <K1>0.057711729220277376</K1>
    <K2>0.010000002036774687</K2>
    <MAXBAS>1</MAXBAS>
    <Cet>0</Cet>
    <PCALT>10</PCALT>
    <TCALT>0.6</TCALT>
    <Pelev>3349</Pelev>
    <Telev>2921</Telev>
    <PART>0.5</PART>
    <DELAY>1</DELAY>
  </CatchmentParameters>
  <VegetationZone>
    <VegetationZoneParameters>
      <TT>-1.8699944669672024</TT>
      <CFMAX>4.227461691099144</CFMAX>
      <SP>0</SP>
      <SFCF>1.3852280319908989</SFCF>
      <CFR>3.4287465844514281E-10</CFR>
      <CWH>0.100000047978955</CWH>
      <CFGlacier>1</CFGlacier>
      <CFSlope>1</CFSlope>
      <FC>400.59347138344384</FC>
      <LP>0.75560077979881823</LP>
      <BETA>1.3339447625799936</BETA>
    </VegetationZoneParameters>
  </VegetationZone>
  <SubCatchment>
    <SubCatchmentParameters>
      <KSI>0.001</KSI>
      <KGmin>0.05</KGmin>
      <RangeKG>0.1</RangeKG>
      <AG>0.1</AG>
      <PERC>1.8581198248072084</PERC>
      <Alpha>0</Alpha>
      <UZL>77.899443124874026</UZL>
      <K0>0.13310231476114631</K0>
      <K1>0.057711729220277376</K1>
      <K2>0.010000002036774687</K2>
      <MAXBAS>1</MAXBAS>
      <Cet>0</Cet>
      <PCALT>10</PCALT>
      <TCALT>0.6</TCALT>
      <Pelev>3349</Pelev>
      <Telev>2921</Telev>
      <PART>0.5</PART>
      <DELAY>1</DELAY>
    </SubCatchmentParameters>
    <SubCatchmentVegetationZone>
      <SubCatchmentVegetationZoneParameters>
        <TT>-1.8699944669672024</TT>
        <CFMAX>4.227461691099144</CFMAX>
        <SP>0</SP>
        <SFCF>1.3852280319908989</SFCF>
        <CFR>3.4287465844514281E-10</CFR>
        <CWH>0.100000047978955</CWH>
        <CFGlacier>1</CFGlacier>
        <CFSlope>1</CFSlope>
        <FC>400.59347138344384</FC>
        <LP>0.75560077979881823</LP>
        <BETA>1.3339447625799936</BETA>
      </SubCatchmentVegetationZoneParameters>
    </SubCatchmentVegetationZone>
  </SubCatchment>
</Catchment>