<?xml version="1.0" encoding="utf-8"?>
<Catchment xmlns:xsi="http://www.w3.org/2001/XMLSchema-instance" xmlns:xsd="http://www.w3.org/2001/XMLSchema">
  <CatchmentParameters>
    <KSI>0.001</KSI>
    <KGmin>0.05</KGmin>
    <RangeKG>0.1</RangeKG>
    <AG>0.1</AG>
    <PERC>6.3996760508778783</PERC>
    <Alpha>0</Alpha>
    <UZL>198.22226153084941</UZL>
    <K0>0.43607653502474369</K0>
    <K1>0.18208967325960268</K1>
    <K2>0.049840463285916084</K2>
    <MAXBAS>1.0000028679921402</MAXBAS>
    <Cet>0</Cet>
    <PCALT>10</PCALT>
    <TCALT>0.6</TCALT>
    <Pelev>3349</Pelev>
    <Telev>2921</Telev>
    <PART>0.5</PART>
    <DELAY>1</DELAY>
  </CatchmentParameters>
  <VegetationZone>
    <VegetationZoneParameters>
      <TT>-0.92799955171432713</TT>
      <CFMAX>4.2061678518184555</CFMAX>
      <SP>0</SP>
      <SFCF>1.0729098928262419</SFCF>
      <CFR>0.022848089940494382</CFR>
      <CWH>0.19999827736857156</CWH>
      <CFGlacier>1</CFGlacier>
      <CFSlope>1</CFSlope>
      <FC>256.28491124871334</FC>
      <LP>0.9999980954876343</LP>
      <BETA>1.0000050387810464</BETA>
    </VegetationZoneParameters>
  </VegetationZone>
  <SubCatchment>
    <SubCatchmentParameters>
      <KSI>0.001</KSI>
      <KGmin>0.05</KGmin>
      <RangeKG>0.1</RangeKG>
      <AG>0.1</AG>
      <PERC>6.3996760508778783</PERC>
      <Alpha>0</Alpha>
      <UZL>198.22226153084941</UZL>
      <K0>0.43607653502474369</K0>
      <K1>0.18208967325960268</K1>
      <K2>0.049840463285916084</K2>
      <MAXBAS>1.0000028679921402</MAXBAS>
      <Cet>0</Cet>
      <PCALT>10</PCALT>
      <TCALT>0.6</TCALT>
      <Pelev>3349</Pelev>
      <Telev>2921</Telev>
      <PART>0.5</PART>
      <DELAY>1</DELAY>
    </SubCatchmentParameters>
    <SubCatchmentVegetationZone>
      <SubCatchmentVegetationZoneParameters>
        <TT>-0.92799955171432713</TT>
        <CFMAX>4.2061678518184555</CFMAX>
        <SP>0</SP>
        <SFCF>1.0729098928262419</SFCF>
        <CFR>0.022848089940494382</CFR>
        <CWH>0.19999827736857156</CWH>
        <CFGlacier>1</CFGlacier>
        <CFSlope>1</CFSlope>
        <FC>256.28491124871334</FC>
        <LP>0.9999980954876343</LP>
        <BETA>1.0000050387810464</BETA>
      </SubCatchmentVegetationZoneParameters>
    </SubCatchmentVegetationZone>
  </SubCatchment>
</Catchment>