<?xml version="1.0" encoding="utf-8"?>
<Catchment xmlns:xsi="http://www.w3.org/2001/XMLSchema-instance" xmlns:xsd="http://www.w3.org/2001/XMLSchema">
  <CatchmentParameters>
    <KSI>0.001</KSI>
    <KGmin>0.05</KGmin>
    <RangeKG>0.1</RangeKG>
    <AG>0.1</AG>
    <PERC>6.5330045797698126</PERC>
    <Alpha>0</Alpha>
    <UZL>106.83256043243866</UZL>
    <K0>0.2712941810170415</K0>
    <K1>0.17596785985635738</K1>
    <K2>0.047705247072333049</K2>
    <MAXBAS>1.0000764382559817</MAXBAS>
    <Cet>0</Cet>
    <PCALT>10</PCALT>
    <TCALT>0.6</TCALT>
    <Pelev>3349</Pelev>
    <Telev>2921</Telev>
    <PART>0.5</PART>
    <DELAY>1</DELAY>
  </CatchmentParameters>
  <VegetationZone>
    <VegetationZoneParameters>
      <TT>-0.78321501512080394</TT>
      <CFMAX>4.7429375013369155</CFMAX>
      <SP>0</SP>
      <SFCF>1.1317529641002486</SFCF>
      <CFR>0.019914263022244812</CFR>
      <CWH>0.17837374404330419</CWH>
      <CFGlacier>1</CFGlacier>
      <CFSlope>1</CFSlope>
      <FC>322.07225392345225</FC>
      <LP>0.99999292813793383</LP>
      <BETA>1.025450994544951</BETA>
    </VegetationZoneParameters>
  </VegetationZone>
  <SubCatchment>
    <SubCatchmentParameters>
      <KSI>0.001</KSI>
      <KGmin>0.05</KGmin>
      <RangeKG>0.1</RangeKG>
      <AG>0.1</AG>
      <PERC>6.5330045797698126</PERC>
      <Alpha>0</Alpha>
      <UZL>106.83256043243866</UZL>
      <K0>0.2712941810170415</K0>
      <K1>0.17596785985635738</K1>
      <K2>0.047705247072333049</K2>
      <MAXBAS>1.0000764382559817</MAXBAS>
      <Cet>0</Cet>
      <PCALT>10</PCALT>
      <TCALT>0.6</TCALT>
      <Pelev>3349</Pelev>
      <Telev>2921</Telev>
      <PART>0.5</PART>
      <DELAY>1</DELAY>
    </SubCatchmentParameters>
    <SubCatchmentVegetationZone>
      <SubCatchmentVegetationZoneParameters>
        <TT>-0.78321501512080394</TT>
        <CFMAX>4.7429375013369155</CFMAX>
        <SP>0</SP>
        <SFCF>1.1317529641002486</SFCF>
        <CFR>0.019914263022244812</CFR>
        <CWH>0.17837374404330419</CWH>
        <CFGlacier>1</CFGlacier>
        <CFSlope>1</CFSlope>
        <FC>322.07225392345225</FC>
        <LP>0.99999292813793383</LP>
        <BETA>1.025450994544951</BETA>
      </SubCatchmentVegetationZoneParameters>
    </SubCatchmentVegetationZone>
  </SubCatchment>
</Catchment>