<?xml version="1.0" encoding="utf-8"?>
<Catchment xmlns:xsi="http://www.w3.org/2001/XMLSchema-instance" xmlns:xsd="http://www.w3.org/2001/XMLSchema">
  <CatchmentParameters>
    <KSI>0.001</KSI>
    <KGmin>0.05</KGmin>
    <RangeKG>0.1</RangeKG>
    <AG>0.1</AG>
    <PERC>6.4462215872290818</PERC>
    <Alpha>0</Alpha>
    <UZL>135.80326111956904</UZL>
    <K0>0.52778613139910047</K0>
    <K1>0.17838137991360895</K1>
    <K2>0.048259179107049251</K2>
    <MAXBAS>1.0007297222145906</MAXBAS>
    <Cet>0</Cet>
    <PCALT>10</PCALT>
    <TCALT>0.6</TCALT>
    <Pelev>3349</Pelev>
    <Telev>2921</Telev>
    <PART>0.5</PART>
    <DELAY>1</DELAY>
  </CatchmentParameters>
  <VegetationZone>
    <VegetationZoneParameters>
      <TT>-1.0669569853882246</TT>
      <CFMAX>4.6167401552181131</CFMAX>
      <SP>0</SP>
      <SFCF>1.1781431388537706</SFCF>
      <CFR>0.023035150958624375</CFR>
      <CWH>0.18375882904417612</CWH>
      <CFGlacier>1</CFGlacier>
      <CFSlope>1</CFSlope>
      <FC>379.54833829916305</FC>
      <LP>0.99999870883889241</LP>
      <BETA>1.1379629875104798</BETA>
    </VegetationZoneParameters>
  </VegetationZone>
  <SubCatchment>
    <SubCatchmentParameters>
      <KSI>0.001</KSI>
      <KGmin>0.05</KGmin>
      <RangeKG>0.1</RangeKG>
      <AG>0.1</AG>
      <PERC>6.4462215872290818</PERC>
      <Alpha>0</Alpha>
      <UZL>135.80326111956904</UZL>
      <K0>0.52778613139910047</K0>
      <K1>0.17838137991360895</K1>
      <K2>0.048259179107049251</K2>
      <MAXBAS>1.0007297222145906</MAXBAS>
      <Cet>0</Cet>
      <PCALT>10</PCALT>
      <TCALT>0.6</TCALT>
      <Pelev>3349</Pelev>
      <Telev>2921</Telev>
      <PART>0.5</PART>
      <DELAY>1</DELAY>
    </SubCatchmentParameters>
    <SubCatchmentVegetationZone>
      <SubCatchmentVegetationZoneParameters>
        <TT>-1.0669569853882246</TT>
        <CFMAX>4.6167401552181131</CFMAX>
        <SP>0</SP>
        <SFCF>1.1781431388537706</SFCF>
        <CFR>0.023035150958624375</CFR>
        <CWH>0.18375882904417612</CWH>
        <CFGlacier>1</CFGlacier>
        <CFSlope>1</CFSlope>
        <FC>379.54833829916305</FC>
        <LP>0.99999870883889241</LP>
        <BETA>1.1379629875104798</BETA>
      </SubCatchmentVegetationZoneParameters>
    </SubCatchmentVegetationZone>
  </SubCatchment>
</Catchment>