<?xml version="1.0" encoding="utf-8"?>
<Catchment xmlns:xsi="http://www.w3.org/2001/XMLSchema-instance" xmlns:xsd="http://www.w3.org/2001/XMLSchema">
  <CatchmentParameters>
    <KSI>0.001</KSI>
    <KGmin>0.05</KGmin>
    <RangeKG>0.1</RangeKG>
    <AG>0.1</AG>
    <PERC>6.2071611990579356</PERC>
    <Alpha>0</Alpha>
    <UZL>142.3278067113464</UZL>
    <K0>0.11083824268522967</K0>
    <K1>0.17843668714187738</K1>
    <K2>0.04820442937300691</K2>
    <MAXBAS>1.0009146149268833</MAXBAS>
    <Cet>0</Cet>
    <PCALT>10</PCALT>
    <TCALT>0.6</TCALT>
    <Pelev>3349</Pelev>
    <Telev>2921</Telev>
    <PART>0.5</PART>
    <DELAY>1</DELAY>
  </CatchmentParameters>
  <VegetationZone>
    <VegetationZoneParameters>
      <TT>-1.0268321392435977</TT>
      <CFMAX>4.5167935426237342</CFMAX>
      <SP>0</SP>
      <SFCF>1.1734895127020637</SFCF>
      <CFR>0.00039062237254161922</CFR>
      <CWH>0.19696170124509829</CWH>
      <CFGlacier>1</CFGlacier>
      <CFSlope>1</CFSlope>
      <FC>370.17537747506304</FC>
      <LP>0.99999834171378488</LP>
      <BETA>1.1497027153305734</BETA>
    </VegetationZoneParameters>
  </VegetationZone>
  <SubCatchment>
    <SubCatchmentParameters>
      <KSI>0.001</KSI>
      <KGmin>0.05</KGmin>
      <RangeKG>0.1</RangeKG>
      <AG>0.1</AG>
      <PERC>6.2071611990579356</PERC>
      <Alpha>0</Alpha>
      <UZL>142.3278067113464</UZL>
      <K0>0.11083824268522967</K0>
      <K1>0.17843668714187738</K1>
      <K2>0.04820442937300691</K2>
      <MAXBAS>1.0009146149268833</MAXBAS>
      <Cet>0</Cet>
      <PCALT>10</PCALT>
      <TCALT>0.6</TCALT>
      <Pelev>3349</Pelev>
      <Telev>2921</Telev>
      <PART>0.5</PART>
      <DELAY>1</DELAY>
    </SubCatchmentParameters>
    <SubCatchmentVegetationZone>
      <SubCatchmentVegetationZoneParameters>
        <TT>-1.0268321392435977</TT>
        <CFMAX>4.5167935426237342</CFMAX>
        <SP>0</SP>
        <SFCF>1.1734895127020637</SFCF>
        <CFR>0.00039062237254161922</CFR>
        <CWH>0.19696170124509829</CWH>
        <CFGlacier>1</CFGlacier>
        <CFSlope>1</CFSlope>
        <FC>370.17537747506304</FC>
        <LP>0.99999834171378488</LP>
        <BETA>1.1497027153305734</BETA>
      </SubCatchmentVegetationZoneParameters>
    </SubCatchmentVegetationZone>
  </SubCatchment>
</Catchment>