<?xml version="1.0" encoding="utf-8"?>
<Catchment xmlns:xsi="http://www.w3.org/2001/XMLSchema-instance" xmlns:xsd="http://www.w3.org/2001/XMLSchema">
  <CatchmentParameters>
    <KSI>0.001</KSI>
    <KGmin>0.05</KGmin>
    <RangeKG>0.1</RangeKG>
    <AG>0.1</AG>
    <PERC>6.1405673563126708</PERC>
    <Alpha>0</Alpha>
    <UZL>111.64986586398773</UZL>
    <K0>0.29542203651072851</K0>
    <K1>0.18296508354730395</K1>
    <K2>0.048289448375089611</K2>
    <MAXBAS>1.0000025342229084</MAXBAS>
    <Cet>0</Cet>
    <PCALT>10</PCALT>
    <TCALT>0.6</TCALT>
    <Pelev>3349</Pelev>
    <Telev>2921</Telev>
    <PART>0.5</PART>
    <DELAY>1</DELAY>
  </CatchmentParameters>
  <VegetationZone>
    <VegetationZoneParameters>
      <TT>-1.3710005643588432</TT>
      <CFMAX>4.4717385302809562</CFMAX>
      <SP>0</SP>
      <SFCF>1.2377153008940558</SFCF>
      <CFR>0.027708629786638947</CFR>
      <CWH>0.19999629750152179</CWH>
      <CFGlacier>1</CFGlacier>
      <CFSlope>1</CFSlope>
      <FC>471.70957106659148</FC>
      <LP>0.99999201275584793</LP>
      <BETA>1.2580621722980978</BETA>
    </VegetationZoneParameters>
  </VegetationZone>
  <SubCatchment>
    <SubCatchmentParameters>
      <KSI>0.001</KSI>
      <KGmin>0.05</KGmin>
      <RangeKG>0.1</RangeKG>
      <AG>0.1</AG>
      <PERC>6.1405673563126708</PERC>
      <Alpha>0</Alpha>
      <UZL>111.64986586398773</UZL>
      <K0>0.29542203651072851</K0>
      <K1>0.18296508354730395</K1>
      <K2>0.048289448375089611</K2>
      <MAXBAS>1.0000025342229084</MAXBAS>
      <Cet>0</Cet>
      <PCALT>10</PCALT>
      <TCALT>0.6</TCALT>
      <Pelev>3349</Pelev>
      <Telev>2921</Telev>
      <PART>0.5</PART>
      <DELAY>1</DELAY>
    </SubCatchmentParameters>
    <SubCatchmentVegetationZone>
      <SubCatchmentVegetationZoneParameters>
        <TT>-1.3710005643588432</TT>
        <CFMAX>4.4717385302809562</CFMAX>
        <SP>0</SP>
        <SFCF>1.2377153008940558</SFCF>
        <CFR>0.027708629786638947</CFR>
        <CWH>0.19999629750152179</CWH>
        <CFGlacier>1</CFGlacier>
        <CFSlope>1</CFSlope>
        <FC>471.70957106659148</FC>
        <LP>0.99999201275584793</LP>
        <BETA>1.2580621722980978</BETA>
      </SubCatchmentVegetationZoneParameters>
    </SubCatchmentVegetationZone>
  </SubCatchment>
</Catchment>