<?xml version="1.0" encoding="utf-8"?>
<Catchment xmlns:xsi="http://www.w3.org/2001/XMLSchema-instance" xmlns:xsd="http://www.w3.org/2001/XMLSchema">
  <CatchmentParameters>
    <KSI>0.001</KSI>
    <KGmin>0.05</KGmin>
    <RangeKG>0.1</RangeKG>
    <AG>0.1</AG>
    <PERC>1.0100301100404048</PERC>
    <Alpha>0</Alpha>
    <UZL>76.8992884852679</UZL>
    <K0>0.14242006126072893</K0>
    <K1>0.052507882054170972</K1>
    <K2>0.010000003713496661</K2>
    <MAXBAS>1</MAXBAS>
    <Cet>0</Cet>
    <PCALT>10</PCALT>
    <TCALT>0.6</TCALT>
    <Pelev>3349</Pelev>
    <Telev>2921</Telev>
    <PART>0.5</PART>
    <DELAY>1</DELAY>
  </CatchmentParameters>
  <VegetationZone>
    <VegetationZoneParameters>
      <TT>-1.7585035691606876</TT>
      <CFMAX>4.4659817498165593</CFMAX>
      <SP>0</SP>
      <SFCF>1.4556155542468374</SFCF>
      <CFR>0.00037566231712130146</CFR>
      <CWH>0.18497947695963038</CWH>
      <CFGlacier>1</CFGlacier>
      <CFSlope>1</CFSlope>
      <FC>2475.4240917854781</FC>
      <LP>0.97637572433911524</LP>
      <BETA>1.6180803828444426</BETA>
    </VegetationZoneParameters>
  </VegetationZone>
  <SubCatchment>
    <SubCatchmentParameters>
      <KSI>0.001</KSI>
      <KGmin>0.05</KGmin>
      <RangeKG>0.1</RangeKG>
      <AG>0.1</AG>
      <PERC>1.0100301100404048</PERC>
      <Alpha>0</Alpha>
      <UZL>76.8992884852679</UZL>
      <K0>0.14242006126072893</K0>
      <K1>0.052507882054170972</K1>
      <K2>0.010000003713496661</K2>
      <MAXBAS>1</MAXBAS>
      <Cet>0</Cet>
      <PCALT>10</PCALT>
      <TCALT>0.6</TCALT>
      <Pelev>3349</Pelev>
      <Telev>2921</Telev>
      <PART>0.5</PART>
      <DELAY>1</DELAY>
    </SubCatchmentParameters>
    <SubCatchmentVegetationZone>
      <SubCatchmentVegetationZoneParameters>
        <TT>-1.7585035691606876</TT>
        <CFMAX>4.4659817498165593</CFMAX>
        <SP>0</SP>
        <SFCF>1.4556155542468374</SFCF>
        <CFR>0.00037566231712130146</CFR>
        <CWH>0.18497947695963038</CWH>
        <CFGlacier>1</CFGlacier>
        <CFSlope>1</CFSlope>
        <FC>2475.4240917854781</FC>
        <LP>0.97637572433911524</LP>
        <BETA>1.6180803828444426</BETA>
      </SubCatchmentVegetationZoneParameters>
    </SubCatchmentVegetationZone>
  </SubCatchment>
</Catchment>