<?xml version="1.0" encoding="utf-8"?>
<Catchment xmlns:xsi="http://www.w3.org/2001/XMLSchema-instance" xmlns:xsd="http://www.w3.org/2001/XMLSchema">
  <CatchmentParameters>
    <KSI>0.001</KSI>
    <KGmin>0.05</KGmin>
    <RangeKG>0.1</RangeKG>
    <AG>0.1</AG>
    <PERC>1.2970234883141623</PERC>
    <Alpha>0</Alpha>
    <UZL>169.12572886760478</UZL>
    <K0>0.092044990349956307</K0>
    <K1>0.1066963938213763</K1>
    <K2>0.010000028099064267</K2>
    <MAXBAS>1</MAXBAS>
    <Cet>0</Cet>
    <PCALT>10</PCALT>
    <TCALT>0.6</TCALT>
    <Pelev>3349</Pelev>
    <Telev>2921</Telev>
    <PART>0.5</PART>
    <DELAY>1</DELAY>
  </CatchmentParameters>
  <VegetationZone>
    <VegetationZoneParameters>
      <TT>-1.738016877293799</TT>
      <CFMAX>4.36344076418861</CFMAX>
      <SP>0</SP>
      <SFCF>1.419948382970962</SFCF>
      <CFR>0.00045996415391882949</CFR>
      <CWH>0.1999983273299091</CWH>
      <CFGlacier>1</CFGlacier>
      <CFSlope>1</CFSlope>
      <FC>2224.938365626344</FC>
      <LP>0.98663954943186061</LP>
      <BETA>1.4405103213086374</BETA>
    </VegetationZoneParameters>
  </VegetationZone>
  <SubCatchment>
    <SubCatchmentParameters>
      <KSI>0.001</KSI>
      <KGmin>0.05</KGmin>
      <RangeKG>0.1</RangeKG>
      <AG>0.1</AG>
      <PERC>1.2970234883141623</PERC>
      <Alpha>0</Alpha>
      <UZL>169.12572886760478</UZL>
      <K0>0.092044990349956307</K0>
      <K1>0.1066963938213763</K1>
      <K2>0.010000028099064267</K2>
      <MAXBAS>1</MAXBAS>
      <Cet>0</Cet>
      <PCALT>10</PCALT>
      <TCALT>0.6</TCALT>
      <Pelev>3349</Pelev>
      <Telev>2921</Telev>
      <PART>0.5</PART>
      <DELAY>1</DELAY>
    </SubCatchmentParameters>
    <SubCatchmentVegetationZone>
      <SubCatchmentVegetationZoneParameters>
        <TT>-1.738016877293799</TT>
        <CFMAX>4.36344076418861</CFMAX>
        <SP>0</SP>
        <SFCF>1.419948382970962</SFCF>
        <CFR>0.00045996415391882949</CFR>
        <CWH>0.1999983273299091</CWH>
        <CFGlacier>1</CFGlacier>
        <CFSlope>1</CFSlope>
        <FC>2224.938365626344</FC>
        <LP>0.98663954943186061</LP>
        <BETA>1.4405103213086374</BETA>
      </SubCatchmentVegetationZoneParameters>
    </SubCatchmentVegetationZone>
  </SubCatchment>
</Catchment>