<?xml version="1.0" encoding="utf-8"?>
<Catchment xmlns:xsi="http://www.w3.org/2001/XMLSchema-instance" xmlns:xsd="http://www.w3.org/2001/XMLSchema">
  <CatchmentParameters>
    <KSI>0.001</KSI>
    <KGmin>0.05</KGmin>
    <RangeKG>0.1</RangeKG>
    <AG>0.1</AG>
    <PERC>1.34639068481331</PERC>
    <Alpha>0</Alpha>
    <UZL>103.2906755282625</UZL>
    <K0>0.15155902981530289</K0>
    <K1>0.045700105013476995</K1>
    <K2>0.010000656944708735</K2>
    <MAXBAS>1</MAXBAS>
    <Cet>0</Cet>
    <PCALT>10</PCALT>
    <TCALT>0.6</TCALT>
    <Pelev>3349</Pelev>
    <Telev>2921</Telev>
    <PART>0.5</PART>
    <DELAY>1</DELAY>
  </CatchmentParameters>
  <VegetationZone>
    <VegetationZoneParameters>
      <TT>-2.2108805160026823</TT>
      <CFMAX>3.6033924347265387</CFMAX>
      <SP>0</SP>
      <SFCF>1.2692987062089471</SFCF>
      <CFR>0.0702620585188883</CFR>
      <CWH>0.10003120782831046</CWH>
      <CFGlacier>1</CFGlacier>
      <CFSlope>1</CFSlope>
      <FC>303.957848558963</FC>
      <LP>0.90367834181613582</LP>
      <BETA>1.1370085200013755</BETA>
    </VegetationZoneParameters>
  </VegetationZone>
  <SubCatchment>
    <SubCatchmentParameters>
      <KSI>0.001</KSI>
      <KGmin>0.05</KGmin>
      <RangeKG>0.1</RangeKG>
      <AG>0.1</AG>
      <PERC>1.34639068481331</PERC>
      <Alpha>0</Alpha>
      <UZL>103.2906755282625</UZL>
      <K0>0.15155902981530289</K0>
      <K1>0.045700105013476995</K1>
      <K2>0.010000656944708735</K2>
      <MAXBAS>1</MAXBAS>
      <Cet>0</Cet>
      <PCALT>10</PCALT>
      <TCALT>0.6</TCALT>
      <Pelev>3349</Pelev>
      <Telev>2921</Telev>
      <PART>0.5</PART>
      <DELAY>1</DELAY>
    </SubCatchmentParameters>
    <SubCatchmentVegetationZone>
      <SubCatchmentVegetationZoneParameters>
        <TT>-2.2108805160026823</TT>
        <CFMAX>3.6033924347265387</CFMAX>
        <SP>0</SP>
        <SFCF>1.2692987062089471</SFCF>
        <CFR>0.0702620585188883</CFR>
        <CWH>0.10003120782831046</CWH>
        <CFGlacier>1</CFGlacier>
        <CFSlope>1</CFSlope>
        <FC>303.957848558963</FC>
        <LP>0.90367834181613582</LP>
        <BETA>1.1370085200013755</BETA>
      </SubCatchmentVegetationZoneParameters>
    </SubCatchmentVegetationZone>
  </SubCatchment>
</Catchment>