<?xml version="1.0" encoding="utf-8"?>
<Catchment xmlns:xsi="http://www.w3.org/2001/XMLSchema-instance" xmlns:xsd="http://www.w3.org/2001/XMLSchema">
  <CatchmentParameters>
    <KSI>0.001</KSI>
    <KGmin>0.05</KGmin>
    <RangeKG>0.1</RangeKG>
    <AG>0.1</AG>
    <PERC>4.6231746227714892</PERC>
    <Alpha>0</Alpha>
    <UZL>92.929185278194822</UZL>
    <K0>0.050092941541769215</K0>
    <K1>0.16618382117485384</K1>
    <K2>0.036563450199514666</K2>
    <MAXBAS>1.0000010497032774</MAXBAS>
    <Cet>0</Cet>
    <PCALT>10</PCALT>
    <TCALT>0.6</TCALT>
    <Pelev>3349</Pelev>
    <Telev>2921</Telev>
    <PART>0.5</PART>
    <DELAY>1</DELAY>
  </CatchmentParameters>
  <VegetationZone>
    <VegetationZoneParameters>
      <TT>-1.4223344534249074</TT>
      <CFMAX>3.6987910127773835</CFMAX>
      <SP>0</SP>
      <SFCF>1.0894222942199172</SFCF>
      <CFR>0.030076637374255047</CFR>
      <CWH>0.19999907048770937</CWH>
      <CFGlacier>1</CFGlacier>
      <CFSlope>1</CFSlope>
      <FC>242.61107506941914</FC>
      <LP>0.99999428953186</LP>
      <BETA>1.3514880041950861</BETA>
    </VegetationZoneParameters>
  </VegetationZone>
  <SubCatchment>
    <SubCatchmentParameters>
      <KSI>0.001</KSI>
      <KGmin>0.05</KGmin>
      <RangeKG>0.1</RangeKG>
      <AG>0.1</AG>
      <PERC>4.6231746227714892</PERC>
      <Alpha>0</Alpha>
      <UZL>92.929185278194822</UZL>
      <K0>0.050092941541769215</K0>
      <K1>0.16618382117485384</K1>
      <K2>0.036563450199514666</K2>
      <MAXBAS>1.0000010497032774</MAXBAS>
      <Cet>0</Cet>
      <PCALT>10</PCALT>
      <TCALT>0.6</TCALT>
      <Pelev>3349</Pelev>
      <Telev>2921</Telev>
      <PART>0.5</PART>
      <DELAY>1</DELAY>
    </SubCatchmentParameters>
    <SubCatchmentVegetationZone>
      <SubCatchmentVegetationZoneParameters>
        <TT>-1.4223344534249074</TT>
        <CFMAX>3.6987910127773835</CFMAX>
        <SP>0</SP>
        <SFCF>1.0894222942199172</SFCF>
        <CFR>0.030076637374255047</CFR>
        <CWH>0.19999907048770937</CWH>
        <CFGlacier>1</CFGlacier>
        <CFSlope>1</CFSlope>
        <FC>242.61107506941914</FC>
        <LP>0.99999428953186</LP>
        <BETA>1.3514880041950861</BETA>
      </SubCatchmentVegetationZoneParameters>
    </SubCatchmentVegetationZone>
  </SubCatchment>
</Catchment>