<?xml version="1.0" encoding="utf-8"?>
<Catchment xmlns:xsi="http://www.w3.org/2001/XMLSchema-instance" xmlns:xsd="http://www.w3.org/2001/XMLSchema">
  <CatchmentParameters>
    <KSI>0.001</KSI>
    <KGmin>0.05</KGmin>
    <RangeKG>0.1</RangeKG>
    <AG>0.1</AG>
    <PERC>6.4654260584328593</PERC>
    <Alpha>0</Alpha>
    <UZL>164.30240622799983</UZL>
    <K0>0.31973758399166624</K0>
    <K1>0.1866722387573829</K1>
    <K2>0.055478999211978144</K2>
    <MAXBAS>1.0000000008459824</MAXBAS>
    <Cet>0</Cet>
    <PCALT>10</PCALT>
    <TCALT>0.6</TCALT>
    <Pelev>3349</Pelev>
    <Telev>2921</Telev>
    <PART>0.5</PART>
    <DELAY>1</DELAY>
  </CatchmentParameters>
  <VegetationZone>
    <VegetationZoneParameters>
      <TT>-0.010537704814733392</TT>
      <CFMAX>4.5108056764012394</CFMAX>
      <SP>0</SP>
      <SFCF>0.96695972088902316</SFCF>
      <CFR>0.010913877451809325</CFR>
      <CWH>0.14001661720911177</CWH>
      <CFGlacier>1</CFGlacier>
      <CFSlope>1</CFSlope>
      <FC>173.27423620252387</FC>
      <LP>0.9999975532377583</LP>
      <BETA>1.00000008173464</BETA>
    </VegetationZoneParameters>
  </VegetationZone>
  <SubCatchment>
    <SubCatchmentParameters>
      <KSI>0.001</KSI>
      <KGmin>0.05</KGmin>
      <RangeKG>0.1</RangeKG>
      <AG>0.1</AG>
      <PERC>6.4654260584328593</PERC>
      <Alpha>0</Alpha>
      <UZL>164.30240622799983</UZL>
      <K0>0.31973758399166624</K0>
      <K1>0.1866722387573829</K1>
      <K2>0.055478999211978144</K2>
      <MAXBAS>1.0000000008459824</MAXBAS>
      <Cet>0</Cet>
      <PCALT>10</PCALT>
      <TCALT>0.6</TCALT>
      <Pelev>3349</Pelev>
      <Telev>2921</Telev>
      <PART>0.5</PART>
      <DELAY>1</DELAY>
    </SubCatchmentParameters>
    <SubCatchmentVegetationZone>
      <SubCatchmentVegetationZoneParameters>
        <TT>-0.010537704814733392</TT>
        <CFMAX>4.5108056764012394</CFMAX>
        <SP>0</SP>
        <SFCF>0.96695972088902316</SFCF>
        <CFR>0.010913877451809325</CFR>
        <CWH>0.14001661720911177</CWH>
        <CFGlacier>1</CFGlacier>
        <CFSlope>1</CFSlope>
        <FC>173.27423620252387</FC>
        <LP>0.9999975532377583</LP>
        <BETA>1.00000008173464</BETA>
      </SubCatchmentVegetationZoneParameters>
    </SubCatchmentVegetationZone>
  </SubCatchment>
</Catchment>