<?xml version="1.0" encoding="utf-8"?>
<Catchment xmlns:xsi="http://www.w3.org/2001/XMLSchema-instance" xmlns:xsd="http://www.w3.org/2001/XMLSchema">
  <CatchmentParameters>
    <KSI>0.001</KSI>
    <KGmin>0.05</KGmin>
    <RangeKG>0.1</RangeKG>
    <AG>0.1</AG>
    <PERC>1.4618655048081997</PERC>
    <Alpha>0</Alpha>
    <UZL>103.51066352282891</UZL>
    <K0>0.13421679939795775</K0>
    <K1>0.041047882762473696</K1>
    <K2>0.010000001181180497</K2>
    <MAXBAS>1</MAXBAS>
    <Cet>0</Cet>
    <PCALT>10</PCALT>
    <TCALT>0.6</TCALT>
    <Pelev>3349</Pelev>
    <Telev>2921</Telev>
    <PART>0.5</PART>
    <DELAY>1</DELAY>
  </CatchmentParameters>
  <VegetationZone>
    <VegetationZoneParameters>
      <TT>-1.8380075466930022</TT>
      <CFMAX>3.7475831993166304</CFMAX>
      <SP>0</SP>
      <SFCF>1.2128291174039956</SFCF>
      <CFR>0.000188177855788417</CFR>
      <CWH>0.10625487540902699</CWH>
      <CFGlacier>1</CFGlacier>
      <CFSlope>1</CFSlope>
      <FC>225.91476162798114</FC>
      <LP>0.91370492193487651</LP>
      <BETA>1.3690727872338144</BETA>
    </VegetationZoneParameters>
  </VegetationZone>
  <SubCatchment>
    <SubCatchmentParameters>
      <KSI>0.001</KSI>
      <KGmin>0.05</KGmin>
      <RangeKG>0.1</RangeKG>
      <AG>0.1</AG>
      <PERC>1.4618655048081997</PERC>
      <Alpha>0</Alpha>
      <UZL>103.51066352282891</UZL>
      <K0>0.13421679939795775</K0>
      <K1>0.041047882762473696</K1>
      <K2>0.010000001181180497</K2>
      <MAXBAS>1</MAXBAS>
      <Cet>0</Cet>
      <PCALT>10</PCALT>
      <TCALT>0.6</TCALT>
      <Pelev>3349</Pelev>
      <Telev>2921</Telev>
      <PART>0.5</PART>
      <DELAY>1</DELAY>
    </SubCatchmentParameters>
    <SubCatchmentVegetationZone>
      <SubCatchmentVegetationZoneParameters>
        <TT>-1.8380075466930022</TT>
        <CFMAX>3.7475831993166304</CFMAX>
        <SP>0</SP>
        <SFCF>1.2128291174039956</SFCF>
        <CFR>0.000188177855788417</CFR>
        <CWH>0.10625487540902699</CWH>
        <CFGlacier>1</CFGlacier>
        <CFSlope>1</CFSlope>
        <FC>225.91476162798114</FC>
        <LP>0.91370492193487651</LP>
        <BETA>1.3690727872338144</BETA>
      </SubCatchmentVegetationZoneParameters>
    </SubCatchmentVegetationZone>
  </SubCatchment>
</Catchment>