<?xml version="1.0" encoding="utf-8"?>
<Catchment xmlns:xsi="http://www.w3.org/2001/XMLSchema-instance" xmlns:xsd="http://www.w3.org/2001/XMLSchema">
  <CatchmentParameters>
    <KSI>0.001</KSI>
    <KGmin>0.05</KGmin>
    <RangeKG>0.1</RangeKG>
    <AG>0.1</AG>
    <PERC>6.4810502502801732</PERC>
    <Alpha>0</Alpha>
    <UZL>92.32593045616872</UZL>
    <K0>0.23935095920311422</K0>
    <K1>0.17785874638464091</K1>
    <K2>0.04801464894365598</K2>
    <MAXBAS>1.0003946961523687</MAXBAS>
    <Cet>0</Cet>
    <PCALT>10</PCALT>
    <TCALT>0.6</TCALT>
    <Pelev>3349</Pelev>
    <Telev>2921</Telev>
    <PART>0.5</PART>
    <DELAY>1</DELAY>
  </CatchmentParameters>
  <VegetationZone>
    <VegetationZoneParameters>
      <TT>-0.81342105503383866</TT>
      <CFMAX>4.568054084755615</CFMAX>
      <SP>0</SP>
      <SFCF>1.1057403752671413</SFCF>
      <CFR>0.020680628524630686</CFR>
      <CWH>0.19350179723631561</CWH>
      <CFGlacier>1</CFGlacier>
      <CFSlope>1</CFSlope>
      <FC>291.20675378931224</FC>
      <LP>0.99999503359313358</LP>
      <BETA>1.0000150362474749</BETA>
    </VegetationZoneParameters>
  </VegetationZone>
  <SubCatchment>
    <SubCatchmentParameters>
      <KSI>0.001</KSI>
      <KGmin>0.05</KGmin>
      <RangeKG>0.1</RangeKG>
      <AG>0.1</AG>
      <PERC>6.4810502502801732</PERC>
      <Alpha>0</Alpha>
      <UZL>92.32593045616872</UZL>
      <K0>0.23935095920311422</K0>
      <K1>0.17785874638464091</K1>
      <K2>0.04801464894365598</K2>
      <MAXBAS>1.0003946961523687</MAXBAS>
      <Cet>0</Cet>
      <PCALT>10</PCALT>
      <TCALT>0.6</TCALT>
      <Pelev>3349</Pelev>
      <Telev>2921</Telev>
      <PART>0.5</PART>
      <DELAY>1</DELAY>
    </SubCatchmentParameters>
    <SubCatchmentVegetationZone>
      <SubCatchmentVegetationZoneParameters>
        <TT>-0.81342105503383866</TT>
        <CFMAX>4.568054084755615</CFMAX>
        <SP>0</SP>
        <SFCF>1.1057403752671413</SFCF>
        <CFR>0.020680628524630686</CFR>
        <CWH>0.19350179723631561</CWH>
        <CFGlacier>1</CFGlacier>
        <CFSlope>1</CFSlope>
        <FC>291.20675378931224</FC>
        <LP>0.99999503359313358</LP>
        <BETA>1.0000150362474749</BETA>
      </SubCatchmentVegetationZoneParameters>
    </SubCatchmentVegetationZone>
  </SubCatchment>
</Catchment>