<?xml version="1.0" encoding="utf-8"?>
<Catchment xmlns:xsi="http://www.w3.org/2001/XMLSchema-instance" xmlns:xsd="http://www.w3.org/2001/XMLSchema">
  <CatchmentParameters>
    <KSI>0.001</KSI>
    <KGmin>0.05</KGmin>
    <RangeKG>0.1</RangeKG>
    <AG>0.1</AG>
    <PERC>1.9323147480452536</PERC>
    <Alpha>0</Alpha>
    <UZL>67.3505975989158</UZL>
    <K0>0.12813081142759261</K0>
    <K1>0.06498958795441423</K1>
    <K2>0.010585107101413676</K2>
    <MAXBAS>1</MAXBAS>
    <Cet>0</Cet>
    <PCALT>10</PCALT>
    <TCALT>0.6</TCALT>
    <Pelev>3349</Pelev>
    <Telev>2921</Telev>
    <PART>0.5</PART>
    <DELAY>1</DELAY>
  </CatchmentParameters>
  <VegetationZone>
    <VegetationZoneParameters>
      <TT>-1.8454773716544002</TT>
      <CFMAX>4.08403818949402</CFMAX>
      <SP>0</SP>
      <SFCF>1.3392390445323887</SFCF>
      <CFR>4.6417365511785145E-05</CFR>
      <CWH>0.10000000150555363</CWH>
      <CFGlacier>1</CFGlacier>
      <CFSlope>1</CFSlope>
      <FC>451.59120732973912</FC>
      <LP>0.9425204531022775</LP>
      <BETA>1.170436562781082</BETA>
    </VegetationZoneParameters>
  </VegetationZone>
  <SubCatchment>
    <SubCatchmentParameters>
      <KSI>0.001</KSI>
      <KGmin>0.05</KGmin>
      <RangeKG>0.1</RangeKG>
      <AG>0.1</AG>
      <PERC>1.9323147480452536</PERC>
      <Alpha>0</Alpha>
      <UZL>67.3505975989158</UZL>
      <K0>0.12813081142759261</K0>
      <K1>0.06498958795441423</K1>
      <K2>0.010585107101413676</K2>
      <MAXBAS>1</MAXBAS>
      <Cet>0</Cet>
      <PCALT>10</PCALT>
      <TCALT>0.6</TCALT>
      <Pelev>3349</Pelev>
      <Telev>2921</Telev>
      <PART>0.5</PART>
      <DELAY>1</DELAY>
    </SubCatchmentParameters>
    <SubCatchmentVegetationZone>
      <SubCatchmentVegetationZoneParameters>
        <TT>-1.8454773716544002</TT>
        <CFMAX>4.08403818949402</CFMAX>
        <SP>0</SP>
        <SFCF>1.3392390445323887</SFCF>
        <CFR>4.6417365511785145E-05</CFR>
        <CWH>0.10000000150555363</CWH>
        <CFGlacier>1</CFGlacier>
        <CFSlope>1</CFSlope>
        <FC>451.59120732973912</FC>
        <LP>0.9425204531022775</LP>
        <BETA>1.170436562781082</BETA>
      </SubCatchmentVegetationZoneParameters>
    </SubCatchmentVegetationZone>
  </SubCatchment>
</Catchment>