<?xml version="1.0" encoding="utf-8"?>
<Catchment xmlns:xsi="http://www.w3.org/2001/XMLSchema-instance" xmlns:xsd="http://www.w3.org/2001/XMLSchema">
  <CatchmentParameters>
    <KSI>0.001</KSI>
    <KGmin>0.05</KGmin>
    <RangeKG>0.1</RangeKG>
    <AG>0.1</AG>
    <PERC>1.2711515706240519</PERC>
    <Alpha>0</Alpha>
    <UZL>86.131799438440268</UZL>
    <K0>0.185931860050412</K0>
    <K1>0.0664135226769845</K1>
    <K2>0.010024806600262138</K2>
    <MAXBAS>1</MAXBAS>
    <Cet>0</Cet>
    <PCALT>10</PCALT>
    <TCALT>0.6</TCALT>
    <Pelev>3349</Pelev>
    <Telev>2921</Telev>
    <PART>0.5</PART>
    <DELAY>1</DELAY>
  </CatchmentParameters>
  <VegetationZone>
    <VegetationZoneParameters>
      <TT>-1.1699704341984651</TT>
      <CFMAX>4.8126594321421159</CFMAX>
      <SP>0</SP>
      <SFCF>1.3358486082661627</SFCF>
      <CFR>0.023645123988743036</CFR>
      <CWH>0.15202903405477958</CWH>
      <CFGlacier>1</CFGlacier>
      <CFSlope>1</CFSlope>
      <FC>2364.4212799787579</FC>
      <LP>0.90236738281720108</LP>
      <BETA>1.0002854280849614</BETA>
    </VegetationZoneParameters>
  </VegetationZone>
  <SubCatchment>
    <SubCatchmentParameters>
      <KSI>0.001</KSI>
      <KGmin>0.05</KGmin>
      <RangeKG>0.1</RangeKG>
      <AG>0.1</AG>
      <PERC>1.2711515706240519</PERC>
      <Alpha>0</Alpha>
      <UZL>86.131799438440268</UZL>
      <K0>0.185931860050412</K0>
      <K1>0.0664135226769845</K1>
      <K2>0.010024806600262138</K2>
      <MAXBAS>1</MAXBAS>
      <Cet>0</Cet>
      <PCALT>10</PCALT>
      <TCALT>0.6</TCALT>
      <Pelev>3349</Pelev>
      <Telev>2921</Telev>
      <PART>0.5</PART>
      <DELAY>1</DELAY>
    </SubCatchmentParameters>
    <SubCatchmentVegetationZone>
      <SubCatchmentVegetationZoneParameters>
        <TT>-1.1699704341984651</TT>
        <CFMAX>4.8126594321421159</CFMAX>
        <SP>0</SP>
        <SFCF>1.3358486082661627</SFCF>
        <CFR>0.023645123988743036</CFR>
        <CWH>0.15202903405477958</CWH>
        <CFGlacier>1</CFGlacier>
        <CFSlope>1</CFSlope>
        <FC>2364.4212799787579</FC>
        <LP>0.90236738281720108</LP>
        <BETA>1.0002854280849614</BETA>
      </SubCatchmentVegetationZoneParameters>
    </SubCatchmentVegetationZone>
  </SubCatchment>
</Catchment>