<?xml version="1.0" encoding="utf-8"?>
<Catchment xmlns:xsi="http://www.w3.org/2001/XMLSchema-instance" xmlns:xsd="http://www.w3.org/2001/XMLSchema">
  <CatchmentParameters>
    <KSI>0.001</KSI>
    <KGmin>0.05</KGmin>
    <RangeKG>0.1</RangeKG>
    <AG>0.1</AG>
    <PERC>6.8416494974277349</PERC>
    <Alpha>0</Alpha>
    <UZL>97.676535645137037</UZL>
    <K0>0.32989601570014959</K0>
    <K1>0.18921216935905819</K1>
    <K2>0.050917553610949309</K2>
    <MAXBAS>1.0000000023640721</MAXBAS>
    <Cet>0</Cet>
    <PCALT>10</PCALT>
    <TCALT>0.6</TCALT>
    <Pelev>3349</Pelev>
    <Telev>2921</Telev>
    <PART>0.5</PART>
    <DELAY>1</DELAY>
  </CatchmentParameters>
  <VegetationZone>
    <VegetationZoneParameters>
      <TT>-0.31200408958496528</TT>
      <CFMAX>4.5126615631161719</CFMAX>
      <SP>0</SP>
      <SFCF>1.0080953844395542</SFCF>
      <CFR>0.021050161632148835</CFR>
      <CWH>0.1641610098927431</CWH>
      <CFGlacier>1</CFGlacier>
      <CFSlope>1</CFSlope>
      <FC>197.88175059698105</FC>
      <LP>0.99999471522514383</LP>
      <BETA>1.000001496859227</BETA>
    </VegetationZoneParameters>
  </VegetationZone>
  <SubCatchment>
    <SubCatchmentParameters>
      <KSI>0.001</KSI>
      <KGmin>0.05</KGmin>
      <RangeKG>0.1</RangeKG>
      <AG>0.1</AG>
      <PERC>6.8416494974277349</PERC>
      <Alpha>0</Alpha>
      <UZL>97.676535645137037</UZL>
      <K0>0.32989601570014959</K0>
      <K1>0.18921216935905819</K1>
      <K2>0.050917553610949309</K2>
      <MAXBAS>1.0000000023640721</MAXBAS>
      <Cet>0</Cet>
      <PCALT>10</PCALT>
      <TCALT>0.6</TCALT>
      <Pelev>3349</Pelev>
      <Telev>2921</Telev>
      <PART>0.5</PART>
      <DELAY>1</DELAY>
    </SubCatchmentParameters>
    <SubCatchmentVegetationZone>
      <SubCatchmentVegetationZoneParameters>
        <TT>-0.31200408958496528</TT>
        <CFMAX>4.5126615631161719</CFMAX>
        <SP>0</SP>
        <SFCF>1.0080953844395542</SFCF>
        <CFR>0.021050161632148835</CFR>
        <CWH>0.1641610098927431</CWH>
        <CFGlacier>1</CFGlacier>
        <CFSlope>1</CFSlope>
        <FC>197.88175059698105</FC>
        <LP>0.99999471522514383</LP>
        <BETA>1.000001496859227</BETA>
      </SubCatchmentVegetationZoneParameters>
    </SubCatchmentVegetationZone>
  </SubCatchment>
</Catchment>