<?xml version="1.0" encoding="utf-8"?>
<Catchment xmlns:xsi="http://www.w3.org/2001/XMLSchema-instance" xmlns:xsd="http://www.w3.org/2001/XMLSchema">
  <CatchmentParameters>
    <KSI>0.001</KSI>
    <KGmin>0.05</KGmin>
    <RangeKG>0.1</RangeKG>
    <AG>0.1</AG>
    <PERC>1.3537818756845619</PERC>
    <Alpha>0</Alpha>
    <UZL>85.349244945540718</UZL>
    <K0>0.16154889448239879</K0>
    <K1>0.055396210925282956</K1>
    <K2>0.010000014562790914</K2>
    <MAXBAS>1</MAXBAS>
    <Cet>0</Cet>
    <PCALT>10</PCALT>
    <TCALT>0.6</TCALT>
    <Pelev>3349</Pelev>
    <Telev>2921</Telev>
    <PART>0.5</PART>
    <DELAY>1</DELAY>
  </CatchmentParameters>
  <VegetationZone>
    <VegetationZoneParameters>
      <TT>-1.8119965936541496</TT>
      <CFMAX>4.1181299905281081</CFMAX>
      <SP>0</SP>
      <SFCF>1.3737432626382788</SFCF>
      <CFR>0.00020282261005521554</CFR>
      <CWH>0.1000022232905053</CWH>
      <CFGlacier>1</CFGlacier>
      <CFSlope>1</CFSlope>
      <FC>564.54364482539643</FC>
      <LP>0.93786212362076815</LP>
      <BETA>1.114078276520188</BETA>
    </VegetationZoneParameters>
  </VegetationZone>
  <SubCatchment>
    <SubCatchmentParameters>
      <KSI>0.001</KSI>
      <KGmin>0.05</KGmin>
      <RangeKG>0.1</RangeKG>
      <AG>0.1</AG>
      <PERC>1.3537818756845619</PERC>
      <Alpha>0</Alpha>
      <UZL>85.349244945540718</UZL>
      <K0>0.16154889448239879</K0>
      <K1>0.055396210925282956</K1>
      <K2>0.010000014562790914</K2>
      <MAXBAS>1</MAXBAS>
      <Cet>0</Cet>
      <PCALT>10</PCALT>
      <TCALT>0.6</TCALT>
      <Pelev>3349</Pelev>
      <Telev>2921</Telev>
      <PART>0.5</PART>
      <DELAY>1</DELAY>
    </SubCatchmentParameters>
    <SubCatchmentVegetationZone>
      <SubCatchmentVegetationZoneParameters>
        <TT>-1.8119965936541496</TT>
        <CFMAX>4.1181299905281081</CFMAX>
        <SP>0</SP>
        <SFCF>1.3737432626382788</SFCF>
        <CFR>0.00020282261005521554</CFR>
        <CWH>0.1000022232905053</CWH>
        <CFGlacier>1</CFGlacier>
        <CFSlope>1</CFSlope>
        <FC>564.54364482539643</FC>
        <LP>0.93786212362076815</LP>
        <BETA>1.114078276520188</BETA>
      </SubCatchmentVegetationZoneParameters>
    </SubCatchmentVegetationZone>
  </SubCatchment>
</Catchment>