<?xml version="1.0" encoding="utf-8"?>
<Catchment xmlns:xsi="http://www.w3.org/2001/XMLSchema-instance" xmlns:xsd="http://www.w3.org/2001/XMLSchema">
  <CatchmentParameters>
    <KSI>0.001</KSI>
    <KGmin>0.05</KGmin>
    <RangeKG>0.1</RangeKG>
    <AG>0.1</AG>
    <PERC>1.4567299893323842</PERC>
    <Alpha>0</Alpha>
    <UZL>108.40794782926785</UZL>
    <K0>0.32684014848637621</K0>
    <K1>0.064895460145584241</K1>
    <K2>0.012740800107835595</K2>
    <MAXBAS>1</MAXBAS>
    <Cet>0</Cet>
    <PCALT>10</PCALT>
    <TCALT>0.6</TCALT>
    <Pelev>3349</Pelev>
    <Telev>2921</Telev>
    <PART>0.5</PART>
    <DELAY>1</DELAY>
  </CatchmentParameters>
  <VegetationZone>
    <VegetationZoneParameters>
      <TT>-2.263820648073894</TT>
      <CFMAX>4.0079108089019879</CFMAX>
      <SP>0</SP>
      <SFCF>1.4290494548139423</SFCF>
      <CFR>0.011336792602909956</CFR>
      <CWH>0.19445192441896134</CWH>
      <CFGlacier>1</CFGlacier>
      <CFSlope>1</CFSlope>
      <FC>767.28212312319158</FC>
      <LP>0.93262927476642</LP>
      <BETA>1.0476138568265287</BETA>
    </VegetationZoneParameters>
  </VegetationZone>
  <SubCatchment>
    <SubCatchmentParameters>
      <KSI>0.001</KSI>
      <KGmin>0.05</KGmin>
      <RangeKG>0.1</RangeKG>
      <AG>0.1</AG>
      <PERC>1.4567299893323842</PERC>
      <Alpha>0</Alpha>
      <UZL>108.40794782926785</UZL>
      <K0>0.32684014848637621</K0>
      <K1>0.064895460145584241</K1>
      <K2>0.012740800107835595</K2>
      <MAXBAS>1</MAXBAS>
      <Cet>0</Cet>
      <PCALT>10</PCALT>
      <TCALT>0.6</TCALT>
      <Pelev>3349</Pelev>
      <Telev>2921</Telev>
      <PART>0.5</PART>
      <DELAY>1</DELAY>
    </SubCatchmentParameters>
    <SubCatchmentVegetationZone>
      <SubCatchmentVegetationZoneParameters>
        <TT>-2.263820648073894</TT>
        <CFMAX>4.0079108089019879</CFMAX>
        <SP>0</SP>
        <SFCF>1.4290494548139423</SFCF>
        <CFR>0.011336792602909956</CFR>
        <CWH>0.19445192441896134</CWH>
        <CFGlacier>1</CFGlacier>
        <CFSlope>1</CFSlope>
        <FC>767.28212312319158</FC>
        <LP>0.93262927476642</LP>
        <BETA>1.0476138568265287</BETA>
      </SubCatchmentVegetationZoneParameters>
    </SubCatchmentVegetationZone>
  </SubCatchment>
</Catchment>