<?xml version="1.0" encoding="utf-8"?>
<Catchment xmlns:xsi="http://www.w3.org/2001/XMLSchema-instance" xmlns:xsd="http://www.w3.org/2001/XMLSchema">
  <CatchmentParameters>
    <KSI>0.001</KSI>
    <KGmin>0.05</KGmin>
    <RangeKG>0.1</RangeKG>
    <AG>0.1</AG>
    <PERC>1.8811746785600694</PERC>
    <Alpha>0</Alpha>
    <UZL>86.105558486646</UZL>
    <K0>0.14192234663720374</K0>
    <K1>0.054751406294863914</K1>
    <K2>0.010000002788205916</K2>
    <MAXBAS>1</MAXBAS>
    <Cet>0</Cet>
    <PCALT>10</PCALT>
    <TCALT>0.6</TCALT>
    <Pelev>3349</Pelev>
    <Telev>2921</Telev>
    <PART>0.5</PART>
    <DELAY>1</DELAY>
  </CatchmentParameters>
  <VegetationZone>
    <VegetationZoneParameters>
      <TT>-2.080005092834897</TT>
      <CFMAX>3.5157042223312995</CFMAX>
      <SP>0</SP>
      <SFCF>1.2263548183620547</SFCF>
      <CFR>0.011594800183839875</CFR>
      <CWH>0.13533038144279322</CWH>
      <CFGlacier>1</CFGlacier>
      <CFSlope>1</CFSlope>
      <FC>245.07644842463702</FC>
      <LP>0.931532527681292</LP>
      <BETA>1.356095795336395</BETA>
    </VegetationZoneParameters>
  </VegetationZone>
  <SubCatchment>
    <SubCatchmentParameters>
      <KSI>0.001</KSI>
      <KGmin>0.05</KGmin>
      <RangeKG>0.1</RangeKG>
      <AG>0.1</AG>
      <PERC>1.8811746785600694</PERC>
      <Alpha>0</Alpha>
      <UZL>86.105558486646</UZL>
      <K0>0.14192234663720374</K0>
      <K1>0.054751406294863914</K1>
      <K2>0.010000002788205916</K2>
      <MAXBAS>1</MAXBAS>
      <Cet>0</Cet>
      <PCALT>10</PCALT>
      <TCALT>0.6</TCALT>
      <Pelev>3349</Pelev>
      <Telev>2921</Telev>
      <PART>0.5</PART>
      <DELAY>1</DELAY>
    </SubCatchmentParameters>
    <SubCatchmentVegetationZone>
      <SubCatchmentVegetationZoneParameters>
        <TT>-2.080005092834897</TT>
        <CFMAX>3.5157042223312995</CFMAX>
        <SP>0</SP>
        <SFCF>1.2263548183620547</SFCF>
        <CFR>0.011594800183839875</CFR>
        <CWH>0.13533038144279322</CWH>
        <CFGlacier>1</CFGlacier>
        <CFSlope>1</CFSlope>
        <FC>245.07644842463702</FC>
        <LP>0.931532527681292</LP>
        <BETA>1.356095795336395</BETA>
      </SubCatchmentVegetationZoneParameters>
    </SubCatchmentVegetationZone>
  </SubCatchment>
</Catchment>