<?xml version="1.0" encoding="utf-8"?>
<Catchment xmlns:xsi="http://www.w3.org/2001/XMLSchema-instance" xmlns:xsd="http://www.w3.org/2001/XMLSchema">
  <CatchmentParameters>
    <KSI>0.001</KSI>
    <KGmin>0.05</KGmin>
    <RangeKG>0.1</RangeKG>
    <AG>0.1</AG>
    <PERC>0.97072911547723284</PERC>
    <Alpha>0</Alpha>
    <UZL>95.295759019784015</UZL>
    <K0>0.18231094791611643</K0>
    <K1>0.056057166244040266</K1>
    <K2>0.010000000880084469</K2>
    <MAXBAS>1</MAXBAS>
    <Cet>0</Cet>
    <PCALT>10</PCALT>
    <TCALT>0.6</TCALT>
    <Pelev>3349</Pelev>
    <Telev>2921</Telev>
    <PART>0.5</PART>
    <DELAY>1</DELAY>
  </CatchmentParameters>
  <VegetationZone>
    <VegetationZoneParameters>
      <TT>-1.3799931461223243</TT>
      <CFMAX>4.6495793470022022</CFMAX>
      <SP>0</SP>
      <SFCF>1.3998785906181406</SFCF>
      <CFR>9.8274603793191472E-05</CFR>
      <CWH>0.16578788064748704</CWH>
      <CFGlacier>1</CFGlacier>
      <CFSlope>1</CFSlope>
      <FC>2140.09844391453</FC>
      <LP>0.93008570293325865</LP>
      <BETA>1.1762219736630448</BETA>
    </VegetationZoneParameters>
  </VegetationZone>
  <SubCatchment>
    <SubCatchmentParameters>
      <KSI>0.001</KSI>
      <KGmin>0.05</KGmin>
      <RangeKG>0.1</RangeKG>
      <AG>0.1</AG>
      <PERC>0.97072911547723284</PERC>
      <Alpha>0</Alpha>
      <UZL>95.295759019784015</UZL>
      <K0>0.18231094791611643</K0>
      <K1>0.056057166244040266</K1>
      <K2>0.010000000880084469</K2>
      <MAXBAS>1</MAXBAS>
      <Cet>0</Cet>
      <PCALT>10</PCALT>
      <TCALT>0.6</TCALT>
      <Pelev>3349</Pelev>
      <Telev>2921</Telev>
      <PART>0.5</PART>
      <DELAY>1</DELAY>
    </SubCatchmentParameters>
    <SubCatchmentVegetationZone>
      <SubCatchmentVegetationZoneParameters>
        <TT>-1.3799931461223243</TT>
        <CFMAX>4.6495793470022022</CFMAX>
        <SP>0</SP>
        <SFCF>1.3998785906181406</SFCF>
        <CFR>9.8274603793191472E-05</CFR>
        <CWH>0.16578788064748704</CWH>
        <CFGlacier>1</CFGlacier>
        <CFSlope>1</CFSlope>
        <FC>2140.09844391453</FC>
        <LP>0.93008570293325865</LP>
        <BETA>1.1762219736630448</BETA>
      </SubCatchmentVegetationZoneParameters>
    </SubCatchmentVegetationZone>
  </SubCatchment>
</Catchment>