<?xml version="1.0" encoding="utf-8"?>
<Catchment xmlns:xsi="http://www.w3.org/2001/XMLSchema-instance" xmlns:xsd="http://www.w3.org/2001/XMLSchema">
  <CatchmentParameters>
    <KSI>0.001</KSI>
    <KGmin>0.05</KGmin>
    <RangeKG>0.1</RangeKG>
    <AG>0.1</AG>
    <PERC>7.9815396756217831</PERC>
    <Alpha>0</Alpha>
    <UZL>147.11901061169226</UZL>
    <K0>0.55660934356089009</K0>
    <K1>0.258478548833575</K1>
    <K2>0.06655815030884582</K2>
    <MAXBAS>1.0001040076312184</MAXBAS>
    <Cet>0</Cet>
    <PCALT>10</PCALT>
    <TCALT>0.6</TCALT>
    <Pelev>3349</Pelev>
    <Telev>2921</Telev>
    <PART>0.5</PART>
    <DELAY>1</DELAY>
  </CatchmentParameters>
  <VegetationZone>
    <VegetationZoneParameters>
      <TT>-0.90897161241928282</TT>
      <CFMAX>3.5910153868227681</CFMAX>
      <SP>0</SP>
      <SFCF>1.0030693355261711</SFCF>
      <CFR>0.065132625818355466</CFR>
      <CWH>0.1608961063290727</CWH>
      <CFGlacier>1</CFGlacier>
      <CFSlope>1</CFSlope>
      <FC>206.83150044617113</FC>
      <LP>0.99999133057557066</LP>
      <BETA>1.0005501361231066</BETA>
    </VegetationZoneParameters>
  </VegetationZone>
  <SubCatchment>
    <SubCatchmentParameters>
      <KSI>0.001</KSI>
      <KGmin>0.05</KGmin>
      <RangeKG>0.1</RangeKG>
      <AG>0.1</AG>
      <PERC>7.9815396756217831</PERC>
      <Alpha>0</Alpha>
      <UZL>147.11901061169226</UZL>
      <K0>0.55660934356089009</K0>
      <K1>0.258478548833575</K1>
      <K2>0.06655815030884582</K2>
      <MAXBAS>1.0001040076312184</MAXBAS>
      <Cet>0</Cet>
      <PCALT>10</PCALT>
      <TCALT>0.6</TCALT>
      <Pelev>3349</Pelev>
      <Telev>2921</Telev>
      <PART>0.5</PART>
      <DELAY>1</DELAY>
    </SubCatchmentParameters>
    <SubCatchmentVegetationZone>
      <SubCatchmentVegetationZoneParameters>
        <TT>-0.90897161241928282</TT>
        <CFMAX>3.5910153868227681</CFMAX>
        <SP>0</SP>
        <SFCF>1.0030693355261711</SFCF>
        <CFR>0.065132625818355466</CFR>
        <CWH>0.1608961063290727</CWH>
        <CFGlacier>1</CFGlacier>
        <CFSlope>1</CFSlope>
        <FC>206.83150044617113</FC>
        <LP>0.99999133057557066</LP>
        <BETA>1.0005501361231066</BETA>
      </SubCatchmentVegetationZoneParameters>
    </SubCatchmentVegetationZone>
  </SubCatchment>
</Catchment>