<?xml version="1.0" encoding="utf-8"?>
<Catchment xmlns:xsi="http://www.w3.org/2001/XMLSchema-instance" xmlns:xsd="http://www.w3.org/2001/XMLSchema">
  <CatchmentParameters>
    <KSI>0.001</KSI>
    <KGmin>0.05</KGmin>
    <RangeKG>0.1</RangeKG>
    <AG>0.1</AG>
    <PERC>6.0423230087909943</PERC>
    <Alpha>0</Alpha>
    <UZL>103.1550815919839</UZL>
    <K0>0.1917009462886132</K0>
    <K1>0.18401744057769345</K1>
    <K2>0.047181429247405517</K2>
    <MAXBAS>1.0002255059997558</MAXBAS>
    <Cet>0</Cet>
    <PCALT>10</PCALT>
    <TCALT>0.6</TCALT>
    <Pelev>3349</Pelev>
    <Telev>2921</Telev>
    <PART>0.5</PART>
    <DELAY>1</DELAY>
  </CatchmentParameters>
  <VegetationZone>
    <VegetationZoneParameters>
      <TT>-1.2700270076655742</TT>
      <CFMAX>4.118768904950513</CFMAX>
      <SP>0</SP>
      <SFCF>1.1589615011851944</SFCF>
      <CFR>0.00047082467198948641</CFR>
      <CWH>0.19999834567784908</CWH>
      <CFGlacier>1</CFGlacier>
      <CFSlope>1</CFSlope>
      <FC>334.49291103638086</FC>
      <LP>0.99999451770607217</LP>
      <BETA>1.3458536018253171</BETA>
    </VegetationZoneParameters>
  </VegetationZone>
  <SubCatchment>
    <SubCatchmentParameters>
      <KSI>0.001</KSI>
      <KGmin>0.05</KGmin>
      <RangeKG>0.1</RangeKG>
      <AG>0.1</AG>
      <PERC>6.0423230087909943</PERC>
      <Alpha>0</Alpha>
      <UZL>103.1550815919839</UZL>
      <K0>0.1917009462886132</K0>
      <K1>0.18401744057769345</K1>
      <K2>0.047181429247405517</K2>
      <MAXBAS>1.0002255059997558</MAXBAS>
      <Cet>0</Cet>
      <PCALT>10</PCALT>
      <TCALT>0.6</TCALT>
      <Pelev>3349</Pelev>
      <Telev>2921</Telev>
      <PART>0.5</PART>
      <DELAY>1</DELAY>
    </SubCatchmentParameters>
    <SubCatchmentVegetationZone>
      <SubCatchmentVegetationZoneParameters>
        <TT>-1.2700270076655742</TT>
        <CFMAX>4.118768904950513</CFMAX>
        <SP>0</SP>
        <SFCF>1.1589615011851944</SFCF>
        <CFR>0.00047082467198948641</CFR>
        <CWH>0.19999834567784908</CWH>
        <CFGlacier>1</CFGlacier>
        <CFSlope>1</CFSlope>
        <FC>334.49291103638086</FC>
        <LP>0.99999451770607217</LP>
        <BETA>1.3458536018253171</BETA>
      </SubCatchmentVegetationZoneParameters>
    </SubCatchmentVegetationZone>
  </SubCatchment>
</Catchment>