<?xml version="1.0" encoding="utf-8"?>
<Catchment xmlns:xsi="http://www.w3.org/2001/XMLSchema-instance" xmlns:xsd="http://www.w3.org/2001/XMLSchema">
  <CatchmentParameters>
    <KSI>0.001</KSI>
    <KGmin>0.05</KGmin>
    <RangeKG>0.1</RangeKG>
    <AG>0.1</AG>
    <PERC>5.82231644019422</PERC>
    <Alpha>0</Alpha>
    <UZL>108.57217968445286</UZL>
    <K0>0.16990477390431208</K0>
    <K1>0.18508450700697729</K1>
    <K2>0.043435127657942295</K2>
    <MAXBAS>1.0000137502129898</MAXBAS>
    <Cet>0</Cet>
    <PCALT>10</PCALT>
    <TCALT>0.6</TCALT>
    <Pelev>3349</Pelev>
    <Telev>2921</Telev>
    <PART>0.5</PART>
    <DELAY>1</DELAY>
  </CatchmentParameters>
  <VegetationZone>
    <VegetationZoneParameters>
      <TT>-1.6280062854156479</TT>
      <CFMAX>3.8412716411450232</CFMAX>
      <SP>0</SP>
      <SFCF>1.1725463374415361</SFCF>
      <CFR>0.031501131173189305</CFR>
      <CWH>0.19999923091544261</CWH>
      <CFGlacier>1</CFGlacier>
      <CFSlope>1</CFSlope>
      <FC>332.41408497972571</FC>
      <LP>0.99999546237774306</LP>
      <BETA>1.5989050216004921</BETA>
    </VegetationZoneParameters>
  </VegetationZone>
  <SubCatchment>
    <SubCatchmentParameters>
      <KSI>0.001</KSI>
      <KGmin>0.05</KGmin>
      <RangeKG>0.1</RangeKG>
      <AG>0.1</AG>
      <PERC>5.82231644019422</PERC>
      <Alpha>0</Alpha>
      <UZL>108.57217968445286</UZL>
      <K0>0.16990477390431208</K0>
      <K1>0.18508450700697729</K1>
      <K2>0.043435127657942295</K2>
      <MAXBAS>1.0000137502129898</MAXBAS>
      <Cet>0</Cet>
      <PCALT>10</PCALT>
      <TCALT>0.6</TCALT>
      <Pelev>3349</Pelev>
      <Telev>2921</Telev>
      <PART>0.5</PART>
      <DELAY>1</DELAY>
    </SubCatchmentParameters>
    <SubCatchmentVegetationZone>
      <SubCatchmentVegetationZoneParameters>
        <TT>-1.6280062854156479</TT>
        <CFMAX>3.8412716411450232</CFMAX>
        <SP>0</SP>
        <SFCF>1.1725463374415361</SFCF>
        <CFR>0.031501131173189305</CFR>
        <CWH>0.19999923091544261</CWH>
        <CFGlacier>1</CFGlacier>
        <CFSlope>1</CFSlope>
        <FC>332.41408497972571</FC>
        <LP>0.99999546237774306</LP>
        <BETA>1.5989050216004921</BETA>
      </SubCatchmentVegetationZoneParameters>
    </SubCatchmentVegetationZone>
  </SubCatchment>
</Catchment>