<?xml version="1.0" encoding="utf-8"?>
<Catchment xmlns:xsi="http://www.w3.org/2001/XMLSchema-instance" xmlns:xsd="http://www.w3.org/2001/XMLSchema">
  <CatchmentParameters>
    <KSI>0.001</KSI>
    <KGmin>0.05</KGmin>
    <RangeKG>0.1</RangeKG>
    <AG>0.1</AG>
    <PERC>5.0488742986095261</PERC>
    <Alpha>0</Alpha>
    <UZL>165.46955373854669</UZL>
    <K0>0.26695891486087886</K0>
    <K1>0.17333905086546408</K1>
    <K2>0.042836645519472291</K2>
    <MAXBAS>1.0002928896269854</MAXBAS>
    <Cet>0</Cet>
    <PCALT>10</PCALT>
    <TCALT>0.6</TCALT>
    <Pelev>3349</Pelev>
    <Telev>2921</Telev>
    <PART>0.5</PART>
    <DELAY>1</DELAY>
  </CatchmentParameters>
  <VegetationZone>
    <VegetationZoneParameters>
      <TT>-1.4679861337219</TT>
      <CFMAX>4.3450691237460255</CFMAX>
      <SP>0</SP>
      <SFCF>1.2438897499981789</SFCF>
      <CFR>0.027725252756356154</CFR>
      <CWH>0.1999928946995167</CWH>
      <CFGlacier>1</CFGlacier>
      <CFSlope>1</CFSlope>
      <FC>483.66124534380691</FC>
      <LP>0.99999073413466921</LP>
      <BETA>1.3544063776817426</BETA>
    </VegetationZoneParameters>
  </VegetationZone>
  <SubCatchment>
    <SubCatchmentParameters>
      <KSI>0.001</KSI>
      <KGmin>0.05</KGmin>
      <RangeKG>0.1</RangeKG>
      <AG>0.1</AG>
      <PERC>5.0488742986095261</PERC>
      <Alpha>0</Alpha>
      <UZL>165.46955373854669</UZL>
      <K0>0.26695891486087886</K0>
      <K1>0.17333905086546408</K1>
      <K2>0.042836645519472291</K2>
      <MAXBAS>1.0002928896269854</MAXBAS>
      <Cet>0</Cet>
      <PCALT>10</PCALT>
      <TCALT>0.6</TCALT>
      <Pelev>3349</Pelev>
      <Telev>2921</Telev>
      <PART>0.5</PART>
      <DELAY>1</DELAY>
    </SubCatchmentParameters>
    <SubCatchmentVegetationZone>
      <SubCatchmentVegetationZoneParameters>
        <TT>-1.4679861337219</TT>
        <CFMAX>4.3450691237460255</CFMAX>
        <SP>0</SP>
        <SFCF>1.2438897499981789</SFCF>
        <CFR>0.027725252756356154</CFR>
        <CWH>0.1999928946995167</CWH>
        <CFGlacier>1</CFGlacier>
        <CFSlope>1</CFSlope>
        <FC>483.66124534380691</FC>
        <LP>0.99999073413466921</LP>
        <BETA>1.3544063776817426</BETA>
      </SubCatchmentVegetationZoneParameters>
    </SubCatchmentVegetationZone>
  </SubCatchment>
</Catchment>