<?xml version="1.0" encoding="utf-8"?>
<Catchment xmlns:xsi="http://www.w3.org/2001/XMLSchema-instance" xmlns:xsd="http://www.w3.org/2001/XMLSchema">
  <CatchmentParameters>
    <KSI>0.001</KSI>
    <KGmin>0.05</KGmin>
    <RangeKG>0.1</RangeKG>
    <AG>0.1</AG>
    <PERC>5.7854189940380358</PERC>
    <Alpha>0</Alpha>
    <UZL>90.221643973149355</UZL>
    <K0>0.53152034203565646</K0>
    <K1>0.16481193301798403</K1>
    <K2>0.047119798073663982</K2>
    <MAXBAS>1.00000196607652</MAXBAS>
    <Cet>0</Cet>
    <PCALT>10</PCALT>
    <TCALT>0.6</TCALT>
    <Pelev>3349</Pelev>
    <Telev>2921</Telev>
    <PART>0.5</PART>
    <DELAY>1</DELAY>
  </CatchmentParameters>
  <VegetationZone>
    <VegetationZoneParameters>
      <TT>0.25648966037106025</TT>
      <CFMAX>4.6959260065700077</CFMAX>
      <SP>0</SP>
      <SFCF>0.92902464683362718</SFCF>
      <CFR>4.0778598171649361E-05</CFR>
      <CWH>0.14459042807140662</CWH>
      <CFGlacier>1</CFGlacier>
      <CFSlope>1</CFSlope>
      <FC>133.19124605819081</FC>
      <LP>0.99999490504447053</LP>
      <BETA>1.0000010077468582</BETA>
    </VegetationZoneParameters>
  </VegetationZone>
  <SubCatchment>
    <SubCatchmentParameters>
      <KSI>0.001</KSI>
      <KGmin>0.05</KGmin>
      <RangeKG>0.1</RangeKG>
      <AG>0.1</AG>
      <PERC>5.7854189940380358</PERC>
      <Alpha>0</Alpha>
      <UZL>90.221643973149355</UZL>
      <K0>0.53152034203565646</K0>
      <K1>0.16481193301798403</K1>
      <K2>0.047119798073663982</K2>
      <MAXBAS>1.00000196607652</MAXBAS>
      <Cet>0</Cet>
      <PCALT>10</PCALT>
      <TCALT>0.6</TCALT>
      <Pelev>3349</Pelev>
      <Telev>2921</Telev>
      <PART>0.5</PART>
      <DELAY>1</DELAY>
    </SubCatchmentParameters>
    <SubCatchmentVegetationZone>
      <SubCatchmentVegetationZoneParameters>
        <TT>0.25648966037106025</TT>
        <CFMAX>4.6959260065700077</CFMAX>
        <SP>0</SP>
        <SFCF>0.92902464683362718</SFCF>
        <CFR>4.0778598171649361E-05</CFR>
        <CWH>0.14459042807140662</CWH>
        <CFGlacier>1</CFGlacier>
        <CFSlope>1</CFSlope>
        <FC>133.19124605819081</FC>
        <LP>0.99999490504447053</LP>
        <BETA>1.0000010077468582</BETA>
      </SubCatchmentVegetationZoneParameters>
    </SubCatchmentVegetationZone>
  </SubCatchment>
</Catchment>