<?xml version="1.0" encoding="utf-8"?>
<Catchment xmlns:xsi="http://www.w3.org/2001/XMLSchema-instance" xmlns:xsd="http://www.w3.org/2001/XMLSchema">
  <CatchmentParameters>
    <KSI>0.001</KSI>
    <KGmin>0.05</KGmin>
    <RangeKG>0.1</RangeKG>
    <AG>0.1</AG>
    <PERC>6.1722568446946058</PERC>
    <Alpha>0</Alpha>
    <UZL>100.86837023609705</UZL>
    <K0>0.093695459264424116</K0>
    <K1>0.18149371745807716</K1>
    <K2>0.045600169572688441</K2>
    <MAXBAS>1.0000272879093908</MAXBAS>
    <Cet>0</Cet>
    <PCALT>10</PCALT>
    <TCALT>0.6</TCALT>
    <Pelev>3349</Pelev>
    <Telev>2921</Telev>
    <PART>0.5</PART>
    <DELAY>1</DELAY>
  </CatchmentParameters>
  <VegetationZone>
    <VegetationZoneParameters>
      <TT>-1.3700024739005765</TT>
      <CFMAX>4.1142166650036858</CFMAX>
      <SP>0</SP>
      <SFCF>1.1527628537298587</SFCF>
      <CFR>0.029697661668731046</CFR>
      <CWH>0.19999773681164978</CWH>
      <CFGlacier>1</CFGlacier>
      <CFSlope>1</CFSlope>
      <FC>315.53535970263317</FC>
      <LP>0.999996758598041</LP>
      <BETA>1.3175781079613302</BETA>
    </VegetationZoneParameters>
  </VegetationZone>
  <SubCatchment>
    <SubCatchmentParameters>
      <KSI>0.001</KSI>
      <KGmin>0.05</KGmin>
      <RangeKG>0.1</RangeKG>
      <AG>0.1</AG>
      <PERC>6.1722568446946058</PERC>
      <Alpha>0</Alpha>
      <UZL>100.86837023609705</UZL>
      <K0>0.093695459264424116</K0>
      <K1>0.18149371745807716</K1>
      <K2>0.045600169572688441</K2>
      <MAXBAS>1.0000272879093908</MAXBAS>
      <Cet>0</Cet>
      <PCALT>10</PCALT>
      <TCALT>0.6</TCALT>
      <Pelev>3349</Pelev>
      <Telev>2921</Telev>
      <PART>0.5</PART>
      <DELAY>1</DELAY>
    </SubCatchmentParameters>
    <SubCatchmentVegetationZone>
      <SubCatchmentVegetationZoneParameters>
        <TT>-1.3700024739005765</TT>
        <CFMAX>4.1142166650036858</CFMAX>
        <SP>0</SP>
        <SFCF>1.1527628537298587</SFCF>
        <CFR>0.029697661668731046</CFR>
        <CWH>0.19999773681164978</CWH>
        <CFGlacier>1</CFGlacier>
        <CFSlope>1</CFSlope>
        <FC>315.53535970263317</FC>
        <LP>0.999996758598041</LP>
        <BETA>1.3175781079613302</BETA>
      </SubCatchmentVegetationZoneParameters>
    </SubCatchmentVegetationZone>
  </SubCatchment>
</Catchment>