<?xml version="1.0" encoding="utf-8"?>
<Catchment xmlns:xsi="http://www.w3.org/2001/XMLSchema-instance" xmlns:xsd="http://www.w3.org/2001/XMLSchema">
  <CatchmentParameters>
    <KSI>0.001</KSI>
    <KGmin>0.05</KGmin>
    <RangeKG>0.1</RangeKG>
    <AG>0.1</AG>
    <PERC>1.1803649608952456</PERC>
    <Alpha>0</Alpha>
    <UZL>85.469597510289375</UZL>
    <K0>0.14578960693847376</K0>
    <K1>0.04721890906782291</K1>
    <K2>0.010000002520867243</K2>
    <MAXBAS>1</MAXBAS>
    <Cet>0</Cet>
    <PCALT>10</PCALT>
    <TCALT>0.6</TCALT>
    <Pelev>3349</Pelev>
    <Telev>2921</Telev>
    <PART>0.5</PART>
    <DELAY>1</DELAY>
  </CatchmentParameters>
  <VegetationZone>
    <VegetationZoneParameters>
      <TT>-1.6800057414647887</TT>
      <CFMAX>4.495928785618676</CFMAX>
      <SP>0</SP>
      <SFCF>1.4064295882385343</SFCF>
      <CFR>5.0796940234560111E-07</CFR>
      <CWH>0.10000067150196945</CWH>
      <CFGlacier>1</CFGlacier>
      <CFSlope>1</CFSlope>
      <FC>637.7881730103021</FC>
      <LP>0.89756041205553239</LP>
      <BETA>1.0821823485853375</BETA>
    </VegetationZoneParameters>
  </VegetationZone>
  <SubCatchment>
    <SubCatchmentParameters>
      <KSI>0.001</KSI>
      <KGmin>0.05</KGmin>
      <RangeKG>0.1</RangeKG>
      <AG>0.1</AG>
      <PERC>1.1803649608952456</PERC>
      <Alpha>0</Alpha>
      <UZL>85.469597510289375</UZL>
      <K0>0.14578960693847376</K0>
      <K1>0.04721890906782291</K1>
      <K2>0.010000002520867243</K2>
      <MAXBAS>1</MAXBAS>
      <Cet>0</Cet>
      <PCALT>10</PCALT>
      <TCALT>0.6</TCALT>
      <Pelev>3349</Pelev>
      <Telev>2921</Telev>
      <PART>0.5</PART>
      <DELAY>1</DELAY>
    </SubCatchmentParameters>
    <SubCatchmentVegetationZone>
      <SubCatchmentVegetationZoneParameters>
        <TT>-1.6800057414647887</TT>
        <CFMAX>4.495928785618676</CFMAX>
        <SP>0</SP>
        <SFCF>1.4064295882385343</SFCF>
        <CFR>5.0796940234560111E-07</CFR>
        <CWH>0.10000067150196945</CWH>
        <CFGlacier>1</CFGlacier>
        <CFSlope>1</CFSlope>
        <FC>637.7881730103021</FC>
        <LP>0.89756041205553239</LP>
        <BETA>1.0821823485853375</BETA>
      </SubCatchmentVegetationZoneParameters>
    </SubCatchmentVegetationZone>
  </SubCatchment>
</Catchment>