<?xml version="1.0" encoding="utf-8"?>
<Catchment xmlns:xsi="http://www.w3.org/2001/XMLSchema-instance" xmlns:xsd="http://www.w3.org/2001/XMLSchema">
  <CatchmentParameters>
    <KSI>0.001</KSI>
    <KGmin>0.05</KGmin>
    <RangeKG>0.1</RangeKG>
    <AG>0.1</AG>
    <PERC>1.764702351588862</PERC>
    <Alpha>0</Alpha>
    <UZL>94.006638862234254</UZL>
    <K0>0.148951329434091</K0>
    <K1>0.049155490187511322</K1>
    <K2>0.010000000357694052</K2>
    <MAXBAS>1</MAXBAS>
    <Cet>0</Cet>
    <PCALT>10</PCALT>
    <TCALT>0.6</TCALT>
    <Pelev>3349</Pelev>
    <Telev>2921</Telev>
    <PART>0.5</PART>
    <DELAY>1</DELAY>
  </CatchmentParameters>
  <VegetationZone>
    <VegetationZoneParameters>
      <TT>-2.1426511305120086</TT>
      <CFMAX>3.3970851211951993</CFMAX>
      <SP>0</SP>
      <SFCF>1.1939379447779388</SFCF>
      <CFR>0.065187883650288547</CFR>
      <CWH>0.13839286571031387</CWH>
      <CFGlacier>1</CFGlacier>
      <CFSlope>1</CFSlope>
      <FC>179.84352737893136</FC>
      <LP>0.54119244125623034</LP>
      <BETA>1.0000846050935592</BETA>
    </VegetationZoneParameters>
  </VegetationZone>
  <SubCatchment>
    <SubCatchmentParameters>
      <KSI>0.001</KSI>
      <KGmin>0.05</KGmin>
      <RangeKG>0.1</RangeKG>
      <AG>0.1</AG>
      <PERC>1.764702351588862</PERC>
      <Alpha>0</Alpha>
      <UZL>94.006638862234254</UZL>
      <K0>0.148951329434091</K0>
      <K1>0.049155490187511322</K1>
      <K2>0.010000000357694052</K2>
      <MAXBAS>1</MAXBAS>
      <Cet>0</Cet>
      <PCALT>10</PCALT>
      <TCALT>0.6</TCALT>
      <Pelev>3349</Pelev>
      <Telev>2921</Telev>
      <PART>0.5</PART>
      <DELAY>1</DELAY>
    </SubCatchmentParameters>
    <SubCatchmentVegetationZone>
      <SubCatchmentVegetationZoneParameters>
        <TT>-2.1426511305120086</TT>
        <CFMAX>3.3970851211951993</CFMAX>
        <SP>0</SP>
        <SFCF>1.1939379447779388</SFCF>
        <CFR>0.065187883650288547</CFR>
        <CWH>0.13839286571031387</CWH>
        <CFGlacier>1</CFGlacier>
        <CFSlope>1</CFSlope>
        <FC>179.84352737893136</FC>
        <LP>0.54119244125623034</LP>
        <BETA>1.0000846050935592</BETA>
      </SubCatchmentVegetationZoneParameters>
    </SubCatchmentVegetationZone>
  </SubCatchment>
</Catchment>