<?xml version="1.0" encoding="utf-8"?>
<Catchment xmlns:xsi="http://www.w3.org/2001/XMLSchema-instance" xmlns:xsd="http://www.w3.org/2001/XMLSchema">
  <CatchmentParameters>
    <KSI>0.001</KSI>
    <KGmin>0.05</KGmin>
    <RangeKG>0.1</RangeKG>
    <AG>0.1</AG>
    <PERC>6.3296036417653978</PERC>
    <Alpha>0</Alpha>
    <UZL>124.88458665017785</UZL>
    <K0>0.20468478950505459</K0>
    <K1>0.1842491846050405</K1>
    <K2>0.045861559402526612</K2>
    <MAXBAS>1.0049514032434641</MAXBAS>
    <Cet>0</Cet>
    <PCALT>10</PCALT>
    <TCALT>0.6</TCALT>
    <Pelev>3349</Pelev>
    <Telev>2921</Telev>
    <PART>0.5</PART>
    <DELAY>1</DELAY>
  </CatchmentParameters>
  <VegetationZone>
    <VegetationZoneParameters>
      <TT>-1.5279136571905747</TT>
      <CFMAX>4.237735911945526</CFMAX>
      <SP>0</SP>
      <SFCF>1.2404579090028816</SFCF>
      <CFR>0.028972319882235167</CFR>
      <CWH>0.19441286596750831</CWH>
      <CFGlacier>1</CFGlacier>
      <CFSlope>1</CFSlope>
      <FC>415.40666580092204</FC>
      <LP>0.99993809678723877</LP>
      <BETA>1.4762645877291361</BETA>
    </VegetationZoneParameters>
  </VegetationZone>
  <SubCatchment>
    <SubCatchmentParameters>
      <KSI>0.001</KSI>
      <KGmin>0.05</KGmin>
      <RangeKG>0.1</RangeKG>
      <AG>0.1</AG>
      <PERC>6.3296036417653978</PERC>
      <Alpha>0</Alpha>
      <UZL>124.88458665017785</UZL>
      <K0>0.20468478950505459</K0>
      <K1>0.1842491846050405</K1>
      <K2>0.045861559402526612</K2>
      <MAXBAS>1.0049514032434641</MAXBAS>
      <Cet>0</Cet>
      <PCALT>10</PCALT>
      <TCALT>0.6</TCALT>
      <Pelev>3349</Pelev>
      <Telev>2921</Telev>
      <PART>0.5</PART>
      <DELAY>1</DELAY>
    </SubCatchmentParameters>
    <SubCatchmentVegetationZone>
      <SubCatchmentVegetationZoneParameters>
        <TT>-1.5279136571905747</TT>
        <CFMAX>4.237735911945526</CFMAX>
        <SP>0</SP>
        <SFCF>1.2404579090028816</SFCF>
        <CFR>0.028972319882235167</CFR>
        <CWH>0.19441286596750831</CWH>
        <CFGlacier>1</CFGlacier>
        <CFSlope>1</CFSlope>
        <FC>415.40666580092204</FC>
        <LP>0.99993809678723877</LP>
        <BETA>1.4762645877291361</BETA>
      </SubCatchmentVegetationZoneParameters>
    </SubCatchmentVegetationZone>
  </SubCatchment>
</Catchment>