<?xml version="1.0" encoding="utf-8"?>
<Catchment xmlns:xsi="http://www.w3.org/2001/XMLSchema-instance" xmlns:xsd="http://www.w3.org/2001/XMLSchema">
  <CatchmentParameters>
    <KSI>0.001</KSI>
    <KGmin>0.05</KGmin>
    <RangeKG>0.1</RangeKG>
    <AG>0.1</AG>
    <PERC>6.156291650248126</PERC>
    <Alpha>0</Alpha>
    <UZL>98.760344577282879</UZL>
    <K0>0.13626895529097766</K0>
    <K1>0.18373061249073003</K1>
    <K2>0.04792737881292785</K2>
    <MAXBAS>1.0002136165904889</MAXBAS>
    <Cet>0</Cet>
    <PCALT>10</PCALT>
    <TCALT>0.6</TCALT>
    <Pelev>3349</Pelev>
    <Telev>2921</Telev>
    <PART>0.5</PART>
    <DELAY>1</DELAY>
  </CatchmentParameters>
  <VegetationZone>
    <VegetationZoneParameters>
      <TT>-1.0699943772255689</TT>
      <CFMAX>3.998700250169672</CFMAX>
      <SP>0</SP>
      <SFCF>1.0614858216012848</SFCF>
      <CFR>0.02549469870600253</CFR>
      <CWH>0.19999810492840764</CWH>
      <CFGlacier>1</CFGlacier>
      <CFSlope>1</CFSlope>
      <FC>233.48226629156102</FC>
      <LP>0.99999817155353155</LP>
      <BETA>1.0494736286594741</BETA>
    </VegetationZoneParameters>
  </VegetationZone>
  <SubCatchment>
    <SubCatchmentParameters>
      <KSI>0.001</KSI>
      <KGmin>0.05</KGmin>
      <RangeKG>0.1</RangeKG>
      <AG>0.1</AG>
      <PERC>6.156291650248126</PERC>
      <Alpha>0</Alpha>
      <UZL>98.760344577282879</UZL>
      <K0>0.13626895529097766</K0>
      <K1>0.18373061249073003</K1>
      <K2>0.04792737881292785</K2>
      <MAXBAS>1.0002136165904889</MAXBAS>
      <Cet>0</Cet>
      <PCALT>10</PCALT>
      <TCALT>0.6</TCALT>
      <Pelev>3349</Pelev>
      <Telev>2921</Telev>
      <PART>0.5</PART>
      <DELAY>1</DELAY>
    </SubCatchmentParameters>
    <SubCatchmentVegetationZone>
      <SubCatchmentVegetationZoneParameters>
        <TT>-1.0699943772255689</TT>
        <CFMAX>3.998700250169672</CFMAX>
        <SP>0</SP>
        <SFCF>1.0614858216012848</SFCF>
        <CFR>0.02549469870600253</CFR>
        <CWH>0.19999810492840764</CWH>
        <CFGlacier>1</CFGlacier>
        <CFSlope>1</CFSlope>
        <FC>233.48226629156102</FC>
        <LP>0.99999817155353155</LP>
        <BETA>1.0494736286594741</BETA>
      </SubCatchmentVegetationZoneParameters>
    </SubCatchmentVegetationZone>
  </SubCatchment>
</Catchment>