<?xml version="1.0" encoding="utf-8"?>
<Catchment xmlns:xsi="http://www.w3.org/2001/XMLSchema-instance" xmlns:xsd="http://www.w3.org/2001/XMLSchema">
  <CatchmentParameters>
    <KSI>0.001</KSI>
    <KGmin>0.05</KGmin>
    <RangeKG>0.1</RangeKG>
    <AG>0.1</AG>
    <PERC>6.4593053201799533</PERC>
    <Alpha>0</Alpha>
    <UZL>86.4408043564228</UZL>
    <K0>0.14826765441904433</K0>
    <K1>0.17864214202422091</K1>
    <K2>0.048455889696118512</K2>
    <MAXBAS>1.000322950033167</MAXBAS>
    <Cet>0</Cet>
    <PCALT>10</PCALT>
    <TCALT>0.6</TCALT>
    <Pelev>3349</Pelev>
    <Telev>2921</Telev>
    <PART>0.5</PART>
    <DELAY>1</DELAY>
  </CatchmentParameters>
  <VegetationZone>
    <VegetationZoneParameters>
      <TT>-0.927371784931422</TT>
      <CFMAX>4.77801076324079</CFMAX>
      <SP>0</SP>
      <SFCF>1.1751663422385024</SFCF>
      <CFR>0.021086236774450855</CFR>
      <CWH>0.18741421753521445</CWH>
      <CFGlacier>1</CFGlacier>
      <CFSlope>1</CFSlope>
      <FC>391.90947487011709</FC>
      <LP>0.999995451829357</LP>
      <BETA>1.0401476145676858</BETA>
    </VegetationZoneParameters>
  </VegetationZone>
  <SubCatchment>
    <SubCatchmentParameters>
      <KSI>0.001</KSI>
      <KGmin>0.05</KGmin>
      <RangeKG>0.1</RangeKG>
      <AG>0.1</AG>
      <PERC>6.4593053201799533</PERC>
      <Alpha>0</Alpha>
      <UZL>86.4408043564228</UZL>
      <K0>0.14826765441904433</K0>
      <K1>0.17864214202422091</K1>
      <K2>0.048455889696118512</K2>
      <MAXBAS>1.000322950033167</MAXBAS>
      <Cet>0</Cet>
      <PCALT>10</PCALT>
      <TCALT>0.6</TCALT>
      <Pelev>3349</Pelev>
      <Telev>2921</Telev>
      <PART>0.5</PART>
      <DELAY>1</DELAY>
    </SubCatchmentParameters>
    <SubCatchmentVegetationZone>
      <SubCatchmentVegetationZoneParameters>
        <TT>-0.927371784931422</TT>
        <CFMAX>4.77801076324079</CFMAX>
        <SP>0</SP>
        <SFCF>1.1751663422385024</SFCF>
        <CFR>0.021086236774450855</CFR>
        <CWH>0.18741421753521445</CWH>
        <CFGlacier>1</CFGlacier>
        <CFSlope>1</CFSlope>
        <FC>391.90947487011709</FC>
        <LP>0.999995451829357</LP>
        <BETA>1.0401476145676858</BETA>
      </SubCatchmentVegetationZoneParameters>
    </SubCatchmentVegetationZone>
  </SubCatchment>
</Catchment>