<?xml version="1.0" encoding="utf-8"?>
<Catchment xmlns:xsi="http://www.w3.org/2001/XMLSchema-instance" xmlns:xsd="http://www.w3.org/2001/XMLSchema">
  <CatchmentParameters>
    <KSI>0.001</KSI>
    <KGmin>0.05</KGmin>
    <RangeKG>0.1</RangeKG>
    <AG>0.1</AG>
    <PERC>1.4122726010995741</PERC>
    <Alpha>0</Alpha>
    <UZL>143.83190930706675</UZL>
    <K0>0.050161213507411706</K0>
    <K1>0.096442595405384315</K1>
    <K2>0.012677016675139003</K2>
    <MAXBAS>1</MAXBAS>
    <Cet>0</Cet>
    <PCALT>10</PCALT>
    <TCALT>0.6</TCALT>
    <Pelev>3349</Pelev>
    <Telev>2921</Telev>
    <PART>0.5</PART>
    <DELAY>1</DELAY>
  </CatchmentParameters>
  <VegetationZone>
    <VegetationZoneParameters>
      <TT>-1.7611895700142226</TT>
      <CFMAX>4.5655309594411655</CFMAX>
      <SP>0</SP>
      <SFCF>1.4739218662265456</SFCF>
      <CFR>0.00038307529537070855</CFR>
      <CWH>0.17621680351438673</CWH>
      <CFGlacier>1</CFGlacier>
      <CFSlope>1</CFSlope>
      <FC>1975.534460312854</FC>
      <LP>0.93854603543870518</LP>
      <BETA>1.3789144625150629</BETA>
    </VegetationZoneParameters>
  </VegetationZone>
  <SubCatchment>
    <SubCatchmentParameters>
      <KSI>0.001</KSI>
      <KGmin>0.05</KGmin>
      <RangeKG>0.1</RangeKG>
      <AG>0.1</AG>
      <PERC>1.4122726010995741</PERC>
      <Alpha>0</Alpha>
      <UZL>143.83190930706675</UZL>
      <K0>0.050161213507411706</K0>
      <K1>0.096442595405384315</K1>
      <K2>0.012677016675139003</K2>
      <MAXBAS>1</MAXBAS>
      <Cet>0</Cet>
      <PCALT>10</PCALT>
      <TCALT>0.6</TCALT>
      <Pelev>3349</Pelev>
      <Telev>2921</Telev>
      <PART>0.5</PART>
      <DELAY>1</DELAY>
    </SubCatchmentParameters>
    <SubCatchmentVegetationZone>
      <SubCatchmentVegetationZoneParameters>
        <TT>-1.7611895700142226</TT>
        <CFMAX>4.5655309594411655</CFMAX>
        <SP>0</SP>
        <SFCF>1.4739218662265456</SFCF>
        <CFR>0.00038307529537070855</CFR>
        <CWH>0.17621680351438673</CWH>
        <CFGlacier>1</CFGlacier>
        <CFSlope>1</CFSlope>
        <FC>1975.534460312854</FC>
        <LP>0.93854603543870518</LP>
        <BETA>1.3789144625150629</BETA>
      </SubCatchmentVegetationZoneParameters>
    </SubCatchmentVegetationZone>
  </SubCatchment>
</Catchment>