<?xml version="1.0" encoding="utf-8"?>
<Catchment xmlns:xsi="http://www.w3.org/2001/XMLSchema-instance" xmlns:xsd="http://www.w3.org/2001/XMLSchema">
  <CatchmentParameters>
    <KSI>0.001</KSI>
    <KGmin>0.05</KGmin>
    <RangeKG>0.1</RangeKG>
    <AG>0.1</AG>
    <PERC>1.3182789333797729</PERC>
    <Alpha>0</Alpha>
    <UZL>84.758584986598024</UZL>
    <K0>0.17710503555353727</K0>
    <K1>0.064188586288405278</K1>
    <K2>0.010497196531139154</K2>
    <MAXBAS>1</MAXBAS>
    <Cet>0</Cet>
    <PCALT>10</PCALT>
    <TCALT>0.6</TCALT>
    <Pelev>3349</Pelev>
    <Telev>2921</Telev>
    <PART>0.5</PART>
    <DELAY>1</DELAY>
  </CatchmentParameters>
  <VegetationZone>
    <VegetationZoneParameters>
      <TT>-1.6625377192856357</TT>
      <CFMAX>4.5428838308100694</CFMAX>
      <SP>0</SP>
      <SFCF>1.4252055545903075</SFCF>
      <CFR>0.00036460641242846579</CFR>
      <CWH>0.19999997097027564</CWH>
      <CFGlacier>1</CFGlacier>
      <CFSlope>1</CFSlope>
      <FC>2156.2320691071614</FC>
      <LP>0.953032639418173</LP>
      <BETA>1.3219962790376616</BETA>
    </VegetationZoneParameters>
  </VegetationZone>
  <SubCatchment>
    <SubCatchmentParameters>
      <KSI>0.001</KSI>
      <KGmin>0.05</KGmin>
      <RangeKG>0.1</RangeKG>
      <AG>0.1</AG>
      <PERC>1.3182789333797729</PERC>
      <Alpha>0</Alpha>
      <UZL>84.758584986598024</UZL>
      <K0>0.17710503555353727</K0>
      <K1>0.064188586288405278</K1>
      <K2>0.010497196531139154</K2>
      <MAXBAS>1</MAXBAS>
      <Cet>0</Cet>
      <PCALT>10</PCALT>
      <TCALT>0.6</TCALT>
      <Pelev>3349</Pelev>
      <Telev>2921</Telev>
      <PART>0.5</PART>
      <DELAY>1</DELAY>
    </SubCatchmentParameters>
    <SubCatchmentVegetationZone>
      <SubCatchmentVegetationZoneParameters>
        <TT>-1.6625377192856357</TT>
        <CFMAX>4.5428838308100694</CFMAX>
        <SP>0</SP>
        <SFCF>1.4252055545903075</SFCF>
        <CFR>0.00036460641242846579</CFR>
        <CWH>0.19999997097027564</CWH>
        <CFGlacier>1</CFGlacier>
        <CFSlope>1</CFSlope>
        <FC>2156.2320691071614</FC>
        <LP>0.953032639418173</LP>
        <BETA>1.3219962790376616</BETA>
      </SubCatchmentVegetationZoneParameters>
    </SubCatchmentVegetationZone>
  </SubCatchment>
</Catchment>