<?xml version="1.0" encoding="utf-8"?>
<Catchment xmlns:xsi="http://www.w3.org/2001/XMLSchema-instance" xmlns:xsd="http://www.w3.org/2001/XMLSchema">
  <CatchmentParameters>
    <KSI>0.001</KSI>
    <KGmin>0.05</KGmin>
    <RangeKG>0.1</RangeKG>
    <AG>0.1</AG>
    <PERC>2.3432459474887035</PERC>
    <Alpha>0</Alpha>
    <UZL>134.87744944830271</UZL>
    <K0>0.58842139166617058</K0>
    <K1>0.11672661601444229</K1>
    <K2>0.011305814198193783</K2>
    <MAXBAS>1</MAXBAS>
    <Cet>0</Cet>
    <PCALT>10</PCALT>
    <TCALT>0.6</TCALT>
    <Pelev>3349</Pelev>
    <Telev>2921</Telev>
    <PART>0.5</PART>
    <DELAY>1</DELAY>
  </CatchmentParameters>
  <VegetationZone>
    <VegetationZoneParameters>
      <TT>-2.185965979830959</TT>
      <CFMAX>3.0731699185576824</CFMAX>
      <SP>0</SP>
      <SFCF>1.1556555477691795</SFCF>
      <CFR>0.00071216521672984073</CFR>
      <CWH>0.19999897585755744</CWH>
      <CFGlacier>1</CFGlacier>
      <CFSlope>1</CFSlope>
      <FC>198.50085474363067</FC>
      <LP>0.96858892600946767</LP>
      <BETA>1.0603352606618006</BETA>
    </VegetationZoneParameters>
  </VegetationZone>
  <SubCatchment>
    <SubCatchmentParameters>
      <KSI>0.001</KSI>
      <KGmin>0.05</KGmin>
      <RangeKG>0.1</RangeKG>
      <AG>0.1</AG>
      <PERC>2.3432459474887035</PERC>
      <Alpha>0</Alpha>
      <UZL>134.87744944830271</UZL>
      <K0>0.58842139166617058</K0>
      <K1>0.11672661601444229</K1>
      <K2>0.011305814198193783</K2>
      <MAXBAS>1</MAXBAS>
      <Cet>0</Cet>
      <PCALT>10</PCALT>
      <TCALT>0.6</TCALT>
      <Pelev>3349</Pelev>
      <Telev>2921</Telev>
      <PART>0.5</PART>
      <DELAY>1</DELAY>
    </SubCatchmentParameters>
    <SubCatchmentVegetationZone>
      <SubCatchmentVegetationZoneParameters>
        <TT>-2.185965979830959</TT>
        <CFMAX>3.0731699185576824</CFMAX>
        <SP>0</SP>
        <SFCF>1.1556555477691795</SFCF>
        <CFR>0.00071216521672984073</CFR>
        <CWH>0.19999897585755744</CWH>
        <CFGlacier>1</CFGlacier>
        <CFSlope>1</CFSlope>
        <FC>198.50085474363067</FC>
        <LP>0.96858892600946767</LP>
        <BETA>1.0603352606618006</BETA>
      </SubCatchmentVegetationZoneParameters>
    </SubCatchmentVegetationZone>
  </SubCatchment>
</Catchment>