<?xml version="1.0" encoding="utf-8"?>
<Catchment xmlns:xsi="http://www.w3.org/2001/XMLSchema-instance" xmlns:xsd="http://www.w3.org/2001/XMLSchema">
  <CatchmentParameters>
    <KSI>0.001</KSI>
    <KGmin>0.05</KGmin>
    <RangeKG>0.1</RangeKG>
    <AG>0.1</AG>
    <PERC>1.5043207329560522</PERC>
    <Alpha>0</Alpha>
    <UZL>119.6226632866815</UZL>
    <K0>0.45023538364004789</K0>
    <K1>0.11043538123500613</K1>
    <K2>0.010690805519363847</K2>
    <MAXBAS>1</MAXBAS>
    <Cet>0</Cet>
    <PCALT>10</PCALT>
    <TCALT>0.6</TCALT>
    <Pelev>3349</Pelev>
    <Telev>2921</Telev>
    <PART>0.5</PART>
    <DELAY>1</DELAY>
  </CatchmentParameters>
  <VegetationZone>
    <VegetationZoneParameters>
      <TT>-2.2890681438817269</TT>
      <CFMAX>3.9147157825542869</CFMAX>
      <SP>0</SP>
      <SFCF>1.463935482241751</SFCF>
      <CFR>0.000834328202061704</CFR>
      <CWH>0.19999989945962085</CWH>
      <CFGlacier>1</CFGlacier>
      <CFSlope>1</CFSlope>
      <FC>935.28215352044492</FC>
      <LP>0.93289472667931006</LP>
      <BETA>1.15846215253828</BETA>
    </VegetationZoneParameters>
  </VegetationZone>
  <SubCatchment>
    <SubCatchmentParameters>
      <KSI>0.001</KSI>
      <KGmin>0.05</KGmin>
      <RangeKG>0.1</RangeKG>
      <AG>0.1</AG>
      <PERC>1.5043207329560522</PERC>
      <Alpha>0</Alpha>
      <UZL>119.6226632866815</UZL>
      <K0>0.45023538364004789</K0>
      <K1>0.11043538123500613</K1>
      <K2>0.010690805519363847</K2>
      <MAXBAS>1</MAXBAS>
      <Cet>0</Cet>
      <PCALT>10</PCALT>
      <TCALT>0.6</TCALT>
      <Pelev>3349</Pelev>
      <Telev>2921</Telev>
      <PART>0.5</PART>
      <DELAY>1</DELAY>
    </SubCatchmentParameters>
    <SubCatchmentVegetationZone>
      <SubCatchmentVegetationZoneParameters>
        <TT>-2.2890681438817269</TT>
        <CFMAX>3.9147157825542869</CFMAX>
        <SP>0</SP>
        <SFCF>1.463935482241751</SFCF>
        <CFR>0.000834328202061704</CFR>
        <CWH>0.19999989945962085</CWH>
        <CFGlacier>1</CFGlacier>
        <CFSlope>1</CFSlope>
        <FC>935.28215352044492</FC>
        <LP>0.93289472667931006</LP>
        <BETA>1.15846215253828</BETA>
      </SubCatchmentVegetationZoneParameters>
    </SubCatchmentVegetationZone>
  </SubCatchment>
</Catchment>