<?xml version="1.0" encoding="utf-8"?>
<Catchment xmlns:xsi="http://www.w3.org/2001/XMLSchema-instance" xmlns:xsd="http://www.w3.org/2001/XMLSchema">
  <CatchmentParameters>
    <KSI>0.001</KSI>
    <KGmin>0.05</KGmin>
    <RangeKG>0.1</RangeKG>
    <AG>0.1</AG>
    <PERC>2.05011351497311</PERC>
    <Alpha>0</Alpha>
    <UZL>109.84305970730978</UZL>
    <K0>0.29649852735335036</K0>
    <K1>0.069337671677258128</K1>
    <K2>0.010000000358542068</K2>
    <MAXBAS>1</MAXBAS>
    <Cet>0</Cet>
    <PCALT>10</PCALT>
    <TCALT>0.6</TCALT>
    <Pelev>3349</Pelev>
    <Telev>2921</Telev>
    <PART>0.5</PART>
    <DELAY>1</DELAY>
  </CatchmentParameters>
  <VegetationZone>
    <VegetationZoneParameters>
      <TT>-2.1677955069097852</TT>
      <CFMAX>3.3804494500512692</CFMAX>
      <SP>0</SP>
      <SFCF>1.2039789803355385</SFCF>
      <CFR>0.015700060044232488</CFR>
      <CWH>0.19179867539352893</CWH>
      <CFGlacier>1</CFGlacier>
      <CFSlope>1</CFSlope>
      <FC>190.91480962367672</FC>
      <LP>0.86580600900106885</LP>
      <BETA>1.7549291369015196</BETA>
    </VegetationZoneParameters>
  </VegetationZone>
  <SubCatchment>
    <SubCatchmentParameters>
      <KSI>0.001</KSI>
      <KGmin>0.05</KGmin>
      <RangeKG>0.1</RangeKG>
      <AG>0.1</AG>
      <PERC>2.05011351497311</PERC>
      <Alpha>0</Alpha>
      <UZL>109.84305970730978</UZL>
      <K0>0.29649852735335036</K0>
      <K1>0.069337671677258128</K1>
      <K2>0.010000000358542068</K2>
      <MAXBAS>1</MAXBAS>
      <Cet>0</Cet>
      <PCALT>10</PCALT>
      <TCALT>0.6</TCALT>
      <Pelev>3349</Pelev>
      <Telev>2921</Telev>
      <PART>0.5</PART>
      <DELAY>1</DELAY>
    </SubCatchmentParameters>
    <SubCatchmentVegetationZone>
      <SubCatchmentVegetationZoneParameters>
        <TT>-2.1677955069097852</TT>
        <CFMAX>3.3804494500512692</CFMAX>
        <SP>0</SP>
        <SFCF>1.2039789803355385</SFCF>
        <CFR>0.015700060044232488</CFR>
        <CWH>0.19179867539352893</CWH>
        <CFGlacier>1</CFGlacier>
        <CFSlope>1</CFSlope>
        <FC>190.91480962367672</FC>
        <LP>0.86580600900106885</LP>
        <BETA>1.7549291369015196</BETA>
      </SubCatchmentVegetationZoneParameters>
    </SubCatchmentVegetationZone>
  </SubCatchment>
</Catchment>