<?xml version="1.0" encoding="utf-8"?>
<Catchment xmlns:xsi="http://www.w3.org/2001/XMLSchema-instance" xmlns:xsd="http://www.w3.org/2001/XMLSchema">
  <CatchmentParameters>
    <KSI>0.001</KSI>
    <KGmin>0.05</KGmin>
    <RangeKG>0.1</RangeKG>
    <AG>0.1</AG>
    <PERC>1.5450779834636219</PERC>
    <Alpha>0</Alpha>
    <UZL>75.613623027100132</UZL>
    <K0>0.14443825483810616</K0>
    <K1>0.06255509637093648</K1>
    <K2>0.010272334929166611</K2>
    <MAXBAS>1</MAXBAS>
    <Cet>0</Cet>
    <PCALT>10</PCALT>
    <TCALT>0.6</TCALT>
    <Pelev>3349</Pelev>
    <Telev>2921</Telev>
    <PART>0.5</PART>
    <DELAY>1</DELAY>
  </CatchmentParameters>
  <VegetationZone>
    <VegetationZoneParameters>
      <TT>-2.1280302478364908</TT>
      <CFMAX>4.2064696028781672</CFMAX>
      <SP>0</SP>
      <SFCF>1.4476602420713458</SFCF>
      <CFR>0.058089333994838538</CFR>
      <CWH>0.10000000012498908</CWH>
      <CFGlacier>1</CFGlacier>
      <CFSlope>1</CFSlope>
      <FC>745.45734796123861</FC>
      <LP>0.88234606995762765</LP>
      <BETA>1.0899691587928981</BETA>
    </VegetationZoneParameters>
  </VegetationZone>
  <SubCatchment>
    <SubCatchmentParameters>
      <KSI>0.001</KSI>
      <KGmin>0.05</KGmin>
      <RangeKG>0.1</RangeKG>
      <AG>0.1</AG>
      <PERC>1.5450779834636219</PERC>
      <Alpha>0</Alpha>
      <UZL>75.613623027100132</UZL>
      <K0>0.14443825483810616</K0>
      <K1>0.06255509637093648</K1>
      <K2>0.010272334929166611</K2>
      <MAXBAS>1</MAXBAS>
      <Cet>0</Cet>
      <PCALT>10</PCALT>
      <TCALT>0.6</TCALT>
      <Pelev>3349</Pelev>
      <Telev>2921</Telev>
      <PART>0.5</PART>
      <DELAY>1</DELAY>
    </SubCatchmentParameters>
    <SubCatchmentVegetationZone>
      <SubCatchmentVegetationZoneParameters>
        <TT>-2.1280302478364908</TT>
        <CFMAX>4.2064696028781672</CFMAX>
        <SP>0</SP>
        <SFCF>1.4476602420713458</SFCF>
        <CFR>0.058089333994838538</CFR>
        <CWH>0.10000000012498908</CWH>
        <CFGlacier>1</CFGlacier>
        <CFSlope>1</CFSlope>
        <FC>745.45734796123861</FC>
        <LP>0.88234606995762765</LP>
        <BETA>1.0899691587928981</BETA>
      </SubCatchmentVegetationZoneParameters>
    </SubCatchmentVegetationZone>
  </SubCatchment>
</Catchment>