<?xml version="1.0" encoding="utf-8"?>
<Catchment xmlns:xsi="http://www.w3.org/2001/XMLSchema-instance" xmlns:xsd="http://www.w3.org/2001/XMLSchema">
  <CatchmentParameters>
    <KSI>0.001</KSI>
    <KGmin>0.05</KGmin>
    <RangeKG>0.1</RangeKG>
    <AG>0.1</AG>
    <PERC>5.1640211360266859</PERC>
    <Alpha>0</Alpha>
    <UZL>119.5828354491513</UZL>
    <K0>0.86130181122912552</K0>
    <K1>0.16968048433740249</K1>
    <K2>0.041026588492009818</K2>
    <MAXBAS>1.0002057940474776</MAXBAS>
    <Cet>0</Cet>
    <PCALT>10</PCALT>
    <TCALT>0.6</TCALT>
    <Pelev>3349</Pelev>
    <Telev>2921</Telev>
    <PART>0.5</PART>
    <DELAY>1</DELAY>
  </CatchmentParameters>
  <VegetationZone>
    <VegetationZoneParameters>
      <TT>-1.3700055343887245</TT>
      <CFMAX>4.1815160376188718</CFMAX>
      <SP>0</SP>
      <SFCF>1.1841558272415844</SFCF>
      <CFR>0.02737347124253374</CFR>
      <CWH>0.19900597801537612</CWH>
      <CFGlacier>1</CFGlacier>
      <CFSlope>1</CFSlope>
      <FC>361.7416854605363</FC>
      <LP>0.99999870044693517</LP>
      <BETA>1.3080984700893983</BETA>
    </VegetationZoneParameters>
  </VegetationZone>
  <SubCatchment>
    <SubCatchmentParameters>
      <KSI>0.001</KSI>
      <KGmin>0.05</KGmin>
      <RangeKG>0.1</RangeKG>
      <AG>0.1</AG>
      <PERC>5.1640211360266859</PERC>
      <Alpha>0</Alpha>
      <UZL>119.5828354491513</UZL>
      <K0>0.86130181122912552</K0>
      <K1>0.16968048433740249</K1>
      <K2>0.041026588492009818</K2>
      <MAXBAS>1.0002057940474776</MAXBAS>
      <Cet>0</Cet>
      <PCALT>10</PCALT>
      <TCALT>0.6</TCALT>
      <Pelev>3349</Pelev>
      <Telev>2921</Telev>
      <PART>0.5</PART>
      <DELAY>1</DELAY>
    </SubCatchmentParameters>
    <SubCatchmentVegetationZone>
      <SubCatchmentVegetationZoneParameters>
        <TT>-1.3700055343887245</TT>
        <CFMAX>4.1815160376188718</CFMAX>
        <SP>0</SP>
        <SFCF>1.1841558272415844</SFCF>
        <CFR>0.02737347124253374</CFR>
        <CWH>0.19900597801537612</CWH>
        <CFGlacier>1</CFGlacier>
        <CFSlope>1</CFSlope>
        <FC>361.7416854605363</FC>
        <LP>0.99999870044693517</LP>
        <BETA>1.3080984700893983</BETA>
      </SubCatchmentVegetationZoneParameters>
    </SubCatchmentVegetationZone>
  </SubCatchment>
</Catchment>