<?xml version="1.0" encoding="utf-8"?>
<Catchment xmlns:xsi="http://www.w3.org/2001/XMLSchema-instance" xmlns:xsd="http://www.w3.org/2001/XMLSchema">
  <CatchmentParameters>
    <KSI>0.001</KSI>
    <KGmin>0.05</KGmin>
    <RangeKG>0.1</RangeKG>
    <AG>0.1</AG>
    <PERC>1.3173834378776483</PERC>
    <Alpha>0</Alpha>
    <UZL>72.3729623845533</UZL>
    <K0>0.14781573340222165</K0>
    <K1>0.075018624649286825</K1>
    <K2>0.010000001372327686</K2>
    <MAXBAS>1</MAXBAS>
    <Cet>0</Cet>
    <PCALT>10</PCALT>
    <TCALT>0.6</TCALT>
    <Pelev>3349</Pelev>
    <Telev>2921</Telev>
    <PART>0.5</PART>
    <DELAY>1</DELAY>
  </CatchmentParameters>
  <VegetationZone>
    <VegetationZoneParameters>
      <TT>-2.1909123146373792</TT>
      <CFMAX>3.9844274444919066</CFMAX>
      <SP>0</SP>
      <SFCF>1.4581841446198909</SFCF>
      <CFR>0.012563257440374964</CFR>
      <CWH>0.11864023106845371</CWH>
      <CFGlacier>1</CFGlacier>
      <CFSlope>1</CFSlope>
      <FC>656.61460704865738</FC>
      <LP>0.79086116348795754</LP>
      <BETA>1.0178212052103419</BETA>
    </VegetationZoneParameters>
  </VegetationZone>
  <SubCatchment>
    <SubCatchmentParameters>
      <KSI>0.001</KSI>
      <KGmin>0.05</KGmin>
      <RangeKG>0.1</RangeKG>
      <AG>0.1</AG>
      <PERC>1.3173834378776483</PERC>
      <Alpha>0</Alpha>
      <UZL>72.3729623845533</UZL>
      <K0>0.14781573340222165</K0>
      <K1>0.075018624649286825</K1>
      <K2>0.010000001372327686</K2>
      <MAXBAS>1</MAXBAS>
      <Cet>0</Cet>
      <PCALT>10</PCALT>
      <TCALT>0.6</TCALT>
      <Pelev>3349</Pelev>
      <Telev>2921</Telev>
      <PART>0.5</PART>
      <DELAY>1</DELAY>
    </SubCatchmentParameters>
    <SubCatchmentVegetationZone>
      <SubCatchmentVegetationZoneParameters>
        <TT>-2.1909123146373792</TT>
        <CFMAX>3.9844274444919066</CFMAX>
        <SP>0</SP>
        <SFCF>1.4581841446198909</SFCF>
        <CFR>0.012563257440374964</CFR>
        <CWH>0.11864023106845371</CWH>
        <CFGlacier>1</CFGlacier>
        <CFSlope>1</CFSlope>
        <FC>656.61460704865738</FC>
        <LP>0.79086116348795754</LP>
        <BETA>1.0178212052103419</BETA>
      </SubCatchmentVegetationZoneParameters>
    </SubCatchmentVegetationZone>
  </SubCatchment>
</Catchment>