<?xml version="1.0" encoding="utf-8"?>
<Catchment xmlns:xsi="http://www.w3.org/2001/XMLSchema-instance" xmlns:xsd="http://www.w3.org/2001/XMLSchema">
  <CatchmentParameters>
    <KSI>0.001</KSI>
    <KGmin>0.05</KGmin>
    <RangeKG>0.1</RangeKG>
    <AG>0.1</AG>
    <PERC>6.58968561373781</PERC>
    <Alpha>0</Alpha>
    <UZL>123.75442160939554</UZL>
    <K0>0.4617837467166348</K0>
    <K1>0.17602793976940925</K1>
    <K2>0.053600088740417912</K2>
    <MAXBAS>1.0000706765566372</MAXBAS>
    <Cet>0</Cet>
    <PCALT>10</PCALT>
    <TCALT>0.6</TCALT>
    <Pelev>3349</Pelev>
    <Telev>2921</Telev>
    <PART>0.5</PART>
    <DELAY>1</DELAY>
  </CatchmentParameters>
  <VegetationZone>
    <VegetationZoneParameters>
      <TT>-0.2409215392413579</TT>
      <CFMAX>4.9938099284807658</CFMAX>
      <SP>0</SP>
      <SFCF>1.0801051529382684</SFCF>
      <CFR>0.025244122787937841</CFR>
      <CWH>0.13457083048719348</CWH>
      <CFGlacier>1</CFGlacier>
      <CFSlope>1</CFSlope>
      <FC>295.81825404657513</FC>
      <LP>0.99999702562275594</LP>
      <BETA>1.0000005849412683</BETA>
    </VegetationZoneParameters>
  </VegetationZone>
  <SubCatchment>
    <SubCatchmentParameters>
      <KSI>0.001</KSI>
      <KGmin>0.05</KGmin>
      <RangeKG>0.1</RangeKG>
      <AG>0.1</AG>
      <PERC>6.58968561373781</PERC>
      <Alpha>0</Alpha>
      <UZL>123.75442160939554</UZL>
      <K0>0.4617837467166348</K0>
      <K1>0.17602793976940925</K1>
      <K2>0.053600088740417912</K2>
      <MAXBAS>1.0000706765566372</MAXBAS>
      <Cet>0</Cet>
      <PCALT>10</PCALT>
      <TCALT>0.6</TCALT>
      <Pelev>3349</Pelev>
      <Telev>2921</Telev>
      <PART>0.5</PART>
      <DELAY>1</DELAY>
    </SubCatchmentParameters>
    <SubCatchmentVegetationZone>
      <SubCatchmentVegetationZoneParameters>
        <TT>-0.2409215392413579</TT>
        <CFMAX>4.9938099284807658</CFMAX>
        <SP>0</SP>
        <SFCF>1.0801051529382684</SFCF>
        <CFR>0.025244122787937841</CFR>
        <CWH>0.13457083048719348</CWH>
        <CFGlacier>1</CFGlacier>
        <CFSlope>1</CFSlope>
        <FC>295.81825404657513</FC>
        <LP>0.99999702562275594</LP>
        <BETA>1.0000005849412683</BETA>
      </SubCatchmentVegetationZoneParameters>
    </SubCatchmentVegetationZone>
  </SubCatchment>
</Catchment>