<?xml version="1.0" encoding="utf-8"?>
<Catchment xmlns:xsi="http://www.w3.org/2001/XMLSchema-instance" xmlns:xsd="http://www.w3.org/2001/XMLSchema">
  <CatchmentParameters>
    <KSI>0.001</KSI>
    <KGmin>0.05</KGmin>
    <RangeKG>0.1</RangeKG>
    <AG>0.1</AG>
    <PERC>0.87225002695274623</PERC>
    <Alpha>0</Alpha>
    <UZL>89.801126112912954</UZL>
    <K0>0.14098472228907155</K0>
    <K1>0.046467146924417953</K1>
    <K2>0.010000009355282542</K2>
    <MAXBAS>1</MAXBAS>
    <Cet>0</Cet>
    <PCALT>10</PCALT>
    <TCALT>0.6</TCALT>
    <Pelev>3349</Pelev>
    <Telev>2921</Telev>
    <PART>0.5</PART>
    <DELAY>1</DELAY>
  </CatchmentParameters>
  <VegetationZone>
    <VegetationZoneParameters>
      <TT>-1.7138134185550862</TT>
      <CFMAX>4.4981491308662571</CFMAX>
      <SP>0</SP>
      <SFCF>1.4017047461254757</SFCF>
      <CFR>0.00038393242895469416</CFR>
      <CWH>0.19999660981473921</CWH>
      <CFGlacier>1</CFGlacier>
      <CFSlope>1</CFSlope>
      <FC>1679.2355071325594</FC>
      <LP>0.97191436336837833</LP>
      <BETA>1.1118248228339518</BETA>
    </VegetationZoneParameters>
  </VegetationZone>
  <SubCatchment>
    <SubCatchmentParameters>
      <KSI>0.001</KSI>
      <KGmin>0.05</KGmin>
      <RangeKG>0.1</RangeKG>
      <AG>0.1</AG>
      <PERC>0.87225002695274623</PERC>
      <Alpha>0</Alpha>
      <UZL>89.801126112912954</UZL>
      <K0>0.14098472228907155</K0>
      <K1>0.046467146924417953</K1>
      <K2>0.010000009355282542</K2>
      <MAXBAS>1</MAXBAS>
      <Cet>0</Cet>
      <PCALT>10</PCALT>
      <TCALT>0.6</TCALT>
      <Pelev>3349</Pelev>
      <Telev>2921</Telev>
      <PART>0.5</PART>
      <DELAY>1</DELAY>
    </SubCatchmentParameters>
    <SubCatchmentVegetationZone>
      <SubCatchmentVegetationZoneParameters>
        <TT>-1.7138134185550862</TT>
        <CFMAX>4.4981491308662571</CFMAX>
        <SP>0</SP>
        <SFCF>1.4017047461254757</SFCF>
        <CFR>0.00038393242895469416</CFR>
        <CWH>0.19999660981473921</CWH>
        <CFGlacier>1</CFGlacier>
        <CFSlope>1</CFSlope>
        <FC>1679.2355071325594</FC>
        <LP>0.97191436336837833</LP>
        <BETA>1.1118248228339518</BETA>
      </SubCatchmentVegetationZoneParameters>
    </SubCatchmentVegetationZone>
  </SubCatchment>
</Catchment>