<?xml version="1.0" encoding="utf-8"?>
<Catchment xmlns:xsi="http://www.w3.org/2001/XMLSchema-instance" xmlns:xsd="http://www.w3.org/2001/XMLSchema">
  <CatchmentParameters>
    <KSI>0.001</KSI>
    <KGmin>0.05</KGmin>
    <RangeKG>0.1</RangeKG>
    <AG>0.1</AG>
    <PERC>6.4815108180389567</PERC>
    <Alpha>0</Alpha>
    <UZL>131.75482458980233</UZL>
    <K0>0.37062890357922157</K0>
    <K1>0.17494468938526456</K1>
    <K2>0.046285668429933521</K2>
    <MAXBAS>1.0002530640869733</MAXBAS>
    <Cet>0</Cet>
    <PCALT>10</PCALT>
    <TCALT>0.6</TCALT>
    <Pelev>3349</Pelev>
    <Telev>2921</Telev>
    <PART>0.5</PART>
    <DELAY>1</DELAY>
  </CatchmentParameters>
  <VegetationZone>
    <VegetationZoneParameters>
      <TT>-0.89411842345792636</TT>
      <CFMAX>4.561985456263546</CFMAX>
      <SP>0</SP>
      <SFCF>1.1152431848536928</SFCF>
      <CFR>0.021371494567145641</CFR>
      <CWH>0.19208182079983355</CWH>
      <CFGlacier>1</CFGlacier>
      <CFSlope>1</CFSlope>
      <FC>287.19533763701929</FC>
      <LP>0.99999514857056671</LP>
      <BETA>1.0465981752975735</BETA>
    </VegetationZoneParameters>
  </VegetationZone>
  <SubCatchment>
    <SubCatchmentParameters>
      <KSI>0.001</KSI>
      <KGmin>0.05</KGmin>
      <RangeKG>0.1</RangeKG>
      <AG>0.1</AG>
      <PERC>6.4815108180389567</PERC>
      <Alpha>0</Alpha>
      <UZL>131.75482458980233</UZL>
      <K0>0.37062890357922157</K0>
      <K1>0.17494468938526456</K1>
      <K2>0.046285668429933521</K2>
      <MAXBAS>1.0002530640869733</MAXBAS>
      <Cet>0</Cet>
      <PCALT>10</PCALT>
      <TCALT>0.6</TCALT>
      <Pelev>3349</Pelev>
      <Telev>2921</Telev>
      <PART>0.5</PART>
      <DELAY>1</DELAY>
    </SubCatchmentParameters>
    <SubCatchmentVegetationZone>
      <SubCatchmentVegetationZoneParameters>
        <TT>-0.89411842345792636</TT>
        <CFMAX>4.561985456263546</CFMAX>
        <SP>0</SP>
        <SFCF>1.1152431848536928</SFCF>
        <CFR>0.021371494567145641</CFR>
        <CWH>0.19208182079983355</CWH>
        <CFGlacier>1</CFGlacier>
        <CFSlope>1</CFSlope>
        <FC>287.19533763701929</FC>
        <LP>0.99999514857056671</LP>
        <BETA>1.0465981752975735</BETA>
      </SubCatchmentVegetationZoneParameters>
    </SubCatchmentVegetationZone>
  </SubCatchment>
</Catchment>