<?xml version="1.0" encoding="utf-8"?>
<Catchment xmlns:xsi="http://www.w3.org/2001/XMLSchema-instance" xmlns:xsd="http://www.w3.org/2001/XMLSchema">
  <CatchmentParameters>
    <KSI>0.001</KSI>
    <KGmin>0.05</KGmin>
    <RangeKG>0.1</RangeKG>
    <AG>0.1</AG>
    <PERC>1.9065290276689559</PERC>
    <Alpha>0</Alpha>
    <UZL>107.99747393528271</UZL>
    <K0>0.42710015330652434</K0>
    <K1>0.072722111409483314</K1>
    <K2>0.012967895050354282</K2>
    <MAXBAS>1</MAXBAS>
    <Cet>0</Cet>
    <PCALT>10</PCALT>
    <TCALT>0.6</TCALT>
    <Pelev>3349</Pelev>
    <Telev>2921</Telev>
    <PART>0.5</PART>
    <DELAY>1</DELAY>
  </CatchmentParameters>
  <VegetationZone>
    <VegetationZoneParameters>
      <TT>-2.4270928248108592</TT>
      <CFMAX>3.9521003676028426</CFMAX>
      <SP>0</SP>
      <SFCF>1.46073259045515</SFCF>
      <CFR>0.070934496179253848</CFR>
      <CWH>0.10000003360743119</CWH>
      <CFGlacier>1</CFGlacier>
      <CFSlope>1</CFSlope>
      <FC>728.247506738894</FC>
      <LP>0.86444336511300524</LP>
      <BETA>1.0842810484471555</BETA>
    </VegetationZoneParameters>
  </VegetationZone>
  <SubCatchment>
    <SubCatchmentParameters>
      <KSI>0.001</KSI>
      <KGmin>0.05</KGmin>
      <RangeKG>0.1</RangeKG>
      <AG>0.1</AG>
      <PERC>1.9065290276689559</PERC>
      <Alpha>0</Alpha>
      <UZL>107.99747393528271</UZL>
      <K0>0.42710015330652434</K0>
      <K1>0.072722111409483314</K1>
      <K2>0.012967895050354282</K2>
      <MAXBAS>1</MAXBAS>
      <Cet>0</Cet>
      <PCALT>10</PCALT>
      <TCALT>0.6</TCALT>
      <Pelev>3349</Pelev>
      <Telev>2921</Telev>
      <PART>0.5</PART>
      <DELAY>1</DELAY>
    </SubCatchmentParameters>
    <SubCatchmentVegetationZone>
      <SubCatchmentVegetationZoneParameters>
        <TT>-2.4270928248108592</TT>
        <CFMAX>3.9521003676028426</CFMAX>
        <SP>0</SP>
        <SFCF>1.46073259045515</SFCF>
        <CFR>0.070934496179253848</CFR>
        <CWH>0.10000003360743119</CWH>
        <CFGlacier>1</CFGlacier>
        <CFSlope>1</CFSlope>
        <FC>728.247506738894</FC>
        <LP>0.86444336511300524</LP>
        <BETA>1.0842810484471555</BETA>
      </SubCatchmentVegetationZoneParameters>
    </SubCatchmentVegetationZone>
  </SubCatchment>
</Catchment>