<?xml version="1.0" encoding="utf-8"?>
<Catchment xmlns:xsi="http://www.w3.org/2001/XMLSchema-instance" xmlns:xsd="http://www.w3.org/2001/XMLSchema">
  <CatchmentParameters>
    <KSI>0.001</KSI>
    <KGmin>0.05</KGmin>
    <RangeKG>0.1</RangeKG>
    <AG>0.1</AG>
    <PERC>6.4884528438439721</PERC>
    <Alpha>0</Alpha>
    <UZL>58.429851433666379</UZL>
    <K0>0.46953638102258233</K0>
    <K1>0.18196878612169862</K1>
    <K2>0.047618261102428845</K2>
    <MAXBAS>1.0000385493264312</MAXBAS>
    <Cet>0</Cet>
    <PCALT>10</PCALT>
    <TCALT>0.6</TCALT>
    <Pelev>3349</Pelev>
    <Telev>2921</Telev>
    <PART>0.5</PART>
    <DELAY>1</DELAY>
  </CatchmentParameters>
  <VegetationZone>
    <VegetationZoneParameters>
      <TT>-1.2120110965186421</TT>
      <CFMAX>4.460444492118337</CFMAX>
      <SP>0</SP>
      <SFCF>1.1842827745960354</SFCF>
      <CFR>0.025025705556379427</CFR>
      <CWH>0.19998099836729605</CWH>
      <CFGlacier>1</CFGlacier>
      <CFSlope>1</CFSlope>
      <FC>374.41938613325732</FC>
      <LP>0.99999295130734733</LP>
      <BETA>1.1800090893719302</BETA>
    </VegetationZoneParameters>
  </VegetationZone>
  <SubCatchment>
    <SubCatchmentParameters>
      <KSI>0.001</KSI>
      <KGmin>0.05</KGmin>
      <RangeKG>0.1</RangeKG>
      <AG>0.1</AG>
      <PERC>6.4884528438439721</PERC>
      <Alpha>0</Alpha>
      <UZL>58.429851433666379</UZL>
      <K0>0.46953638102258233</K0>
      <K1>0.18196878612169862</K1>
      <K2>0.047618261102428845</K2>
      <MAXBAS>1.0000385493264312</MAXBAS>
      <Cet>0</Cet>
      <PCALT>10</PCALT>
      <TCALT>0.6</TCALT>
      <Pelev>3349</Pelev>
      <Telev>2921</Telev>
      <PART>0.5</PART>
      <DELAY>1</DELAY>
    </SubCatchmentParameters>
    <SubCatchmentVegetationZone>
      <SubCatchmentVegetationZoneParameters>
        <TT>-1.2120110965186421</TT>
        <CFMAX>4.460444492118337</CFMAX>
        <SP>0</SP>
        <SFCF>1.1842827745960354</SFCF>
        <CFR>0.025025705556379427</CFR>
        <CWH>0.19998099836729605</CWH>
        <CFGlacier>1</CFGlacier>
        <CFSlope>1</CFSlope>
        <FC>374.41938613325732</FC>
        <LP>0.99999295130734733</LP>
        <BETA>1.1800090893719302</BETA>
      </SubCatchmentVegetationZoneParameters>
    </SubCatchmentVegetationZone>
  </SubCatchment>
</Catchment>