<?xml version="1.0" encoding="utf-8"?>
<Catchment xmlns:xsi="http://www.w3.org/2001/XMLSchema-instance" xmlns:xsd="http://www.w3.org/2001/XMLSchema">
  <CatchmentParameters>
    <KSI>0.001</KSI>
    <KGmin>0.05</KGmin>
    <RangeKG>0.1</RangeKG>
    <AG>0.1</AG>
    <PERC>2.13073413743987</PERC>
    <Alpha>0</Alpha>
    <UZL>147.95171566663683</UZL>
    <K0>0.17980433195525442</K0>
    <K1>0.11499006609296855</K1>
    <K2>0.010000004677406128</K2>
    <MAXBAS>1</MAXBAS>
    <Cet>0</Cet>
    <PCALT>10</PCALT>
    <TCALT>0.6</TCALT>
    <Pelev>3349</Pelev>
    <Telev>2921</Telev>
    <PART>0.5</PART>
    <DELAY>1</DELAY>
  </CatchmentParameters>
  <VegetationZone>
    <VegetationZoneParameters>
      <TT>-1.5119852844080288</TT>
      <CFMAX>4.1880909000626909</CFMAX>
      <SP>0</SP>
      <SFCF>1.3086906318793774</SFCF>
      <CFR>0.00018283571394405953</CFR>
      <CWH>0.10000031714338188</CWH>
      <CFGlacier>1</CFGlacier>
      <CFSlope>1</CFSlope>
      <FC>335.88946539700311</FC>
      <LP>0.76912668385127181</LP>
      <BETA>1.2213421358112766</BETA>
    </VegetationZoneParameters>
  </VegetationZone>
  <SubCatchment>
    <SubCatchmentParameters>
      <KSI>0.001</KSI>
      <KGmin>0.05</KGmin>
      <RangeKG>0.1</RangeKG>
      <AG>0.1</AG>
      <PERC>2.13073413743987</PERC>
      <Alpha>0</Alpha>
      <UZL>147.95171566663683</UZL>
      <K0>0.17980433195525442</K0>
      <K1>0.11499006609296855</K1>
      <K2>0.010000004677406128</K2>
      <MAXBAS>1</MAXBAS>
      <Cet>0</Cet>
      <PCALT>10</PCALT>
      <TCALT>0.6</TCALT>
      <Pelev>3349</Pelev>
      <Telev>2921</Telev>
      <PART>0.5</PART>
      <DELAY>1</DELAY>
    </SubCatchmentParameters>
    <SubCatchmentVegetationZone>
      <SubCatchmentVegetationZoneParameters>
        <TT>-1.5119852844080288</TT>
        <CFMAX>4.1880909000626909</CFMAX>
        <SP>0</SP>
        <SFCF>1.3086906318793774</SFCF>
        <CFR>0.00018283571394405953</CFR>
        <CWH>0.10000031714338188</CWH>
        <CFGlacier>1</CFGlacier>
        <CFSlope>1</CFSlope>
        <FC>335.88946539700311</FC>
        <LP>0.76912668385127181</LP>
        <BETA>1.2213421358112766</BETA>
      </SubCatchmentVegetationZoneParameters>
    </SubCatchmentVegetationZone>
  </SubCatchment>
</Catchment>