<?xml version="1.0" encoding="utf-8"?>
<Catchment xmlns:xsi="http://www.w3.org/2001/XMLSchema-instance" xmlns:xsd="http://www.w3.org/2001/XMLSchema">
  <CatchmentParameters>
    <KSI>0.001</KSI>
    <KGmin>0.05</KGmin>
    <RangeKG>0.1</RangeKG>
    <AG>0.1</AG>
    <PERC>2.1007564197927828</PERC>
    <Alpha>0</Alpha>
    <UZL>88.101978656694143</UZL>
    <K0>0.13550675434901169</K0>
    <K1>0.049265713652032167</K1>
    <K2>0.010000000178370843</K2>
    <MAXBAS>1</MAXBAS>
    <Cet>0</Cet>
    <PCALT>10</PCALT>
    <TCALT>0.6</TCALT>
    <Pelev>3349</Pelev>
    <Telev>2921</Telev>
    <PART>0.5</PART>
    <DELAY>1</DELAY>
  </CatchmentParameters>
  <VegetationZone>
    <VegetationZoneParameters>
      <TT>-2.32238660492457</TT>
      <CFMAX>3.5094018957413682</CFMAX>
      <SP>0</SP>
      <SFCF>1.2841910886960075</SFCF>
      <CFR>2.7555011968702138E-05</CFR>
      <CWH>0.13247446498037593</CWH>
      <CFGlacier>1</CFGlacier>
      <CFSlope>1</CFSlope>
      <FC>237.31263709004321</FC>
      <LP>0.72178441528910753</LP>
      <BETA>1.7182407252013954</BETA>
    </VegetationZoneParameters>
  </VegetationZone>
  <SubCatchment>
    <SubCatchmentParameters>
      <KSI>0.001</KSI>
      <KGmin>0.05</KGmin>
      <RangeKG>0.1</RangeKG>
      <AG>0.1</AG>
      <PERC>2.1007564197927828</PERC>
      <Alpha>0</Alpha>
      <UZL>88.101978656694143</UZL>
      <K0>0.13550675434901169</K0>
      <K1>0.049265713652032167</K1>
      <K2>0.010000000178370843</K2>
      <MAXBAS>1</MAXBAS>
      <Cet>0</Cet>
      <PCALT>10</PCALT>
      <TCALT>0.6</TCALT>
      <Pelev>3349</Pelev>
      <Telev>2921</Telev>
      <PART>0.5</PART>
      <DELAY>1</DELAY>
    </SubCatchmentParameters>
    <SubCatchmentVegetationZone>
      <SubCatchmentVegetationZoneParameters>
        <TT>-2.32238660492457</TT>
        <CFMAX>3.5094018957413682</CFMAX>
        <SP>0</SP>
        <SFCF>1.2841910886960075</SFCF>
        <CFR>2.7555011968702138E-05</CFR>
        <CWH>0.13247446498037593</CWH>
        <CFGlacier>1</CFGlacier>
        <CFSlope>1</CFSlope>
        <FC>237.31263709004321</FC>
        <LP>0.72178441528910753</LP>
        <BETA>1.7182407252013954</BETA>
      </SubCatchmentVegetationZoneParameters>
    </SubCatchmentVegetationZone>
  </SubCatchment>
</Catchment>