<?xml version="1.0" encoding="utf-8"?>
<Catchment xmlns:xsi="http://www.w3.org/2001/XMLSchema-instance" xmlns:xsd="http://www.w3.org/2001/XMLSchema">
  <CatchmentParameters>
    <KSI>0.001</KSI>
    <KGmin>0.05</KGmin>
    <RangeKG>0.1</RangeKG>
    <AG>0.1</AG>
    <PERC>5.3826214404342423</PERC>
    <Alpha>0</Alpha>
    <UZL>77.105694595582975</UZL>
    <K0>0.052766060309167959</K0>
    <K1>0.16470690244454453</K1>
    <K2>0.039411657181681256</K2>
    <MAXBAS>1.0077176454931225</MAXBAS>
    <Cet>0</Cet>
    <PCALT>10</PCALT>
    <TCALT>0.6</TCALT>
    <Pelev>3349</Pelev>
    <Telev>2921</Telev>
    <PART>0.5</PART>
    <DELAY>1</DELAY>
  </CatchmentParameters>
  <VegetationZone>
    <VegetationZoneParameters>
      <TT>-1.3700021898800006</TT>
      <CFMAX>3.7798563188280832</CFMAX>
      <SP>0</SP>
      <SFCF>1.0851500687337199</SFCF>
      <CFR>0.029140498688624426</CFR>
      <CWH>0.19999946856883896</CWH>
      <CFGlacier>1</CFGlacier>
      <CFSlope>1</CFSlope>
      <FC>226.27291286408178</FC>
      <LP>0.99998187135648986</LP>
      <BETA>1.3694092127816635</BETA>
    </VegetationZoneParameters>
  </VegetationZone>
  <SubCatchment>
    <SubCatchmentParameters>
      <KSI>0.001</KSI>
      <KGmin>0.05</KGmin>
      <RangeKG>0.1</RangeKG>
      <AG>0.1</AG>
      <PERC>5.3826214404342423</PERC>
      <Alpha>0</Alpha>
      <UZL>77.105694595582975</UZL>
      <K0>0.052766060309167959</K0>
      <K1>0.16470690244454453</K1>
      <K2>0.039411657181681256</K2>
      <MAXBAS>1.0077176454931225</MAXBAS>
      <Cet>0</Cet>
      <PCALT>10</PCALT>
      <TCALT>0.6</TCALT>
      <Pelev>3349</Pelev>
      <Telev>2921</Telev>
      <PART>0.5</PART>
      <DELAY>1</DELAY>
    </SubCatchmentParameters>
    <SubCatchmentVegetationZone>
      <SubCatchmentVegetationZoneParameters>
        <TT>-1.3700021898800006</TT>
        <CFMAX>3.7798563188280832</CFMAX>
        <SP>0</SP>
        <SFCF>1.0851500687337199</SFCF>
        <CFR>0.029140498688624426</CFR>
        <CWH>0.19999946856883896</CWH>
        <CFGlacier>1</CFGlacier>
        <CFSlope>1</CFSlope>
        <FC>226.27291286408178</FC>
        <LP>0.99998187135648986</LP>
        <BETA>1.3694092127816635</BETA>
      </SubCatchmentVegetationZoneParameters>
    </SubCatchmentVegetationZone>
  </SubCatchment>
</Catchment>