<?xml version="1.0" encoding="utf-8"?>
<Catchment xmlns:xsi="http://www.w3.org/2001/XMLSchema-instance" xmlns:xsd="http://www.w3.org/2001/XMLSchema">
  <CatchmentParameters>
    <KSI>0.001</KSI>
    <KGmin>0.05</KGmin>
    <RangeKG>0.1</RangeKG>
    <AG>0.1</AG>
    <PERC>6.1835200427518258</PERC>
    <Alpha>0</Alpha>
    <UZL>75.254565226315862</UZL>
    <K0>0.27674832976219138</K0>
    <K1>0.17669286613138344</K1>
    <K2>0.04800281224477089</K2>
    <MAXBAS>1.0001646840662348</MAXBAS>
    <Cet>0</Cet>
    <PCALT>10</PCALT>
    <TCALT>0.6</TCALT>
    <Pelev>3349</Pelev>
    <Telev>2921</Telev>
    <PART>0.5</PART>
    <DELAY>1</DELAY>
  </CatchmentParameters>
  <VegetationZone>
    <VegetationZoneParameters>
      <TT>-0.13797947615972978</TT>
      <CFMAX>4.5514387503990363</CFMAX>
      <SP>0</SP>
      <SFCF>0.9791664508890201</SFCF>
      <CFR>0.01567740302095778</CFR>
      <CWH>0.15854711016008682</CWH>
      <CFGlacier>1</CFGlacier>
      <CFSlope>1</CFSlope>
      <FC>169.43938835383298</FC>
      <LP>0.99999650649688987</LP>
      <BETA>1.0000023196588375</BETA>
    </VegetationZoneParameters>
  </VegetationZone>
  <SubCatchment>
    <SubCatchmentParameters>
      <KSI>0.001</KSI>
      <KGmin>0.05</KGmin>
      <RangeKG>0.1</RangeKG>
      <AG>0.1</AG>
      <PERC>6.1835200427518258</PERC>
      <Alpha>0</Alpha>
      <UZL>75.254565226315862</UZL>
      <K0>0.27674832976219138</K0>
      <K1>0.17669286613138344</K1>
      <K2>0.04800281224477089</K2>
      <MAXBAS>1.0001646840662348</MAXBAS>
      <Cet>0</Cet>
      <PCALT>10</PCALT>
      <TCALT>0.6</TCALT>
      <Pelev>3349</Pelev>
      <Telev>2921</Telev>
      <PART>0.5</PART>
      <DELAY>1</DELAY>
    </SubCatchmentParameters>
    <SubCatchmentVegetationZone>
      <SubCatchmentVegetationZoneParameters>
        <TT>-0.13797947615972978</TT>
        <CFMAX>4.5514387503990363</CFMAX>
        <SP>0</SP>
        <SFCF>0.9791664508890201</SFCF>
        <CFR>0.01567740302095778</CFR>
        <CWH>0.15854711016008682</CWH>
        <CFGlacier>1</CFGlacier>
        <CFSlope>1</CFSlope>
        <FC>169.43938835383298</FC>
        <LP>0.99999650649688987</LP>
        <BETA>1.0000023196588375</BETA>
      </SubCatchmentVegetationZoneParameters>
    </SubCatchmentVegetationZone>
  </SubCatchment>
</Catchment>