<?xml version="1.0" encoding="utf-8"?>
<Catchment xmlns:xsi="http://www.w3.org/2001/XMLSchema-instance" xmlns:xsd="http://www.w3.org/2001/XMLSchema">
  <CatchmentParameters>
    <KSI>0.001</KSI>
    <KGmin>0.05</KGmin>
    <RangeKG>0.1</RangeKG>
    <AG>0.1</AG>
    <PERC>2.5738662060959197</PERC>
    <Alpha>0</Alpha>
    <UZL>130.70078385377173</UZL>
    <K0>0.38860829601061742</K0>
    <K1>0.065901600225588941</K1>
    <K2>0.010145898610254715</K2>
    <MAXBAS>1</MAXBAS>
    <Cet>0</Cet>
    <PCALT>10</PCALT>
    <TCALT>0.6</TCALT>
    <Pelev>3349</Pelev>
    <Telev>2921</Telev>
    <PART>0.5</PART>
    <DELAY>1</DELAY>
  </CatchmentParameters>
  <VegetationZone>
    <VegetationZoneParameters>
      <TT>-1.4900300476497985</TT>
      <CFMAX>3.6547001617131323</CFMAX>
      <SP>0</SP>
      <SFCF>1.0724132952794063</SFCF>
      <CFR>0.03100972798363643</CFR>
      <CWH>0.14999245004897049</CWH>
      <CFGlacier>1</CFGlacier>
      <CFSlope>1</CFSlope>
      <FC>105.72675779392674</FC>
      <LP>0.870897158208637</LP>
      <BETA>1.4317758687942848</BETA>
    </VegetationZoneParameters>
  </VegetationZone>
  <SubCatchment>
    <SubCatchmentParameters>
      <KSI>0.001</KSI>
      <KGmin>0.05</KGmin>
      <RangeKG>0.1</RangeKG>
      <AG>0.1</AG>
      <PERC>2.5738662060959197</PERC>
      <Alpha>0</Alpha>
      <UZL>130.70078385377173</UZL>
      <K0>0.38860829601061742</K0>
      <K1>0.065901600225588941</K1>
      <K2>0.010145898610254715</K2>
      <MAXBAS>1</MAXBAS>
      <Cet>0</Cet>
      <PCALT>10</PCALT>
      <TCALT>0.6</TCALT>
      <Pelev>3349</Pelev>
      <Telev>2921</Telev>
      <PART>0.5</PART>
      <DELAY>1</DELAY>
    </SubCatchmentParameters>
    <SubCatchmentVegetationZone>
      <SubCatchmentVegetationZoneParameters>
        <TT>-1.4900300476497985</TT>
        <CFMAX>3.6547001617131323</CFMAX>
        <SP>0</SP>
        <SFCF>1.0724132952794063</SFCF>
        <CFR>0.03100972798363643</CFR>
        <CWH>0.14999245004897049</CWH>
        <CFGlacier>1</CFGlacier>
        <CFSlope>1</CFSlope>
        <FC>105.72675779392674</FC>
        <LP>0.870897158208637</LP>
        <BETA>1.4317758687942848</BETA>
      </SubCatchmentVegetationZoneParameters>
    </SubCatchmentVegetationZone>
  </SubCatchment>
</Catchment>