<?xml version="1.0" encoding="utf-8"?>
<Catchment xmlns:xsi="http://www.w3.org/2001/XMLSchema-instance" xmlns:xsd="http://www.w3.org/2001/XMLSchema">
  <CatchmentParameters>
    <KSI>0.001</KSI>
    <KGmin>0.05</KGmin>
    <RangeKG>0.1</RangeKG>
    <AG>0.1</AG>
    <PERC>1.0994771261912868</PERC>
    <Alpha>0</Alpha>
    <UZL>76.33314425918455</UZL>
    <K0>0.20533310093309529</K0>
    <K1>0.0825575094499517</K1>
    <K2>0.01000000824854861</K2>
    <MAXBAS>1</MAXBAS>
    <Cet>0</Cet>
    <PCALT>10</PCALT>
    <TCALT>0.6</TCALT>
    <Pelev>3349</Pelev>
    <Telev>2921</Telev>
    <PART>0.5</PART>
    <DELAY>1</DELAY>
  </CatchmentParameters>
  <VegetationZone>
    <VegetationZoneParameters>
      <TT>-1.928004991896844</TT>
      <CFMAX>3.8967376199063963</CFMAX>
      <SP>0</SP>
      <SFCF>1.36494910193107</SFCF>
      <CFR>0.037786277015130508</CFR>
      <CWH>0.19999679143396729</CWH>
      <CFGlacier>1</CFGlacier>
      <CFSlope>1</CFSlope>
      <FC>2286.91899340953</FC>
      <LP>0.96956238973859321</LP>
      <BETA>1.1745358200004605</BETA>
    </VegetationZoneParameters>
  </VegetationZone>
  <SubCatchment>
    <SubCatchmentParameters>
      <KSI>0.001</KSI>
      <KGmin>0.05</KGmin>
      <RangeKG>0.1</RangeKG>
      <AG>0.1</AG>
      <PERC>1.0994771261912868</PERC>
      <Alpha>0</Alpha>
      <UZL>76.33314425918455</UZL>
      <K0>0.20533310093309529</K0>
      <K1>0.0825575094499517</K1>
      <K2>0.01000000824854861</K2>
      <MAXBAS>1</MAXBAS>
      <Cet>0</Cet>
      <PCALT>10</PCALT>
      <TCALT>0.6</TCALT>
      <Pelev>3349</Pelev>
      <Telev>2921</Telev>
      <PART>0.5</PART>
      <DELAY>1</DELAY>
    </SubCatchmentParameters>
    <SubCatchmentVegetationZone>
      <SubCatchmentVegetationZoneParameters>
        <TT>-1.928004991896844</TT>
        <CFMAX>3.8967376199063963</CFMAX>
        <SP>0</SP>
        <SFCF>1.36494910193107</SFCF>
        <CFR>0.037786277015130508</CFR>
        <CWH>0.19999679143396729</CWH>
        <CFGlacier>1</CFGlacier>
        <CFSlope>1</CFSlope>
        <FC>2286.91899340953</FC>
        <LP>0.96956238973859321</LP>
        <BETA>1.1745358200004605</BETA>
      </SubCatchmentVegetationZoneParameters>
    </SubCatchmentVegetationZone>
  </SubCatchment>
</Catchment>