<?xml version="1.0" encoding="utf-8"?>
<Catchment xmlns:xsi="http://www.w3.org/2001/XMLSchema-instance" xmlns:xsd="http://www.w3.org/2001/XMLSchema">
  <CatchmentParameters>
    <KSI>0.001</KSI>
    <KGmin>0.05</KGmin>
    <RangeKG>0.1</RangeKG>
    <AG>0.1</AG>
    <PERC>1.4125862126932176</PERC>
    <Alpha>0</Alpha>
    <UZL>144.28510614953902</UZL>
    <K0>0.1563562472715494</K0>
    <K1>0.07910657482672577</K1>
    <K2>0.010000002236138714</K2>
    <MAXBAS>1</MAXBAS>
    <Cet>0</Cet>
    <PCALT>10</PCALT>
    <TCALT>0.6</TCALT>
    <Pelev>3349</Pelev>
    <Telev>2921</Telev>
    <PART>0.5</PART>
    <DELAY>1</DELAY>
  </CatchmentParameters>
  <VegetationZone>
    <VegetationZoneParameters>
      <TT>-1.6980210758759196</TT>
      <CFMAX>2.8258463391957336</CFMAX>
      <SP>0</SP>
      <SFCF>1.1316903149114042</SFCF>
      <CFR>0.00047622368639460978</CFR>
      <CWH>0.10000200022832324</CWH>
      <CFGlacier>1</CFGlacier>
      <CFSlope>1</CFSlope>
      <FC>2193.9729646408086</FC>
      <LP>0.8200047961515291</LP>
      <BETA>1.1629846768412089</BETA>
    </VegetationZoneParameters>
  </VegetationZone>
  <SubCatchment>
    <SubCatchmentParameters>
      <KSI>0.001</KSI>
      <KGmin>0.05</KGmin>
      <RangeKG>0.1</RangeKG>
      <AG>0.1</AG>
      <PERC>1.4125862126932176</PERC>
      <Alpha>0</Alpha>
      <UZL>144.28510614953902</UZL>
      <K0>0.1563562472715494</K0>
      <K1>0.07910657482672577</K1>
      <K2>0.010000002236138714</K2>
      <MAXBAS>1</MAXBAS>
      <Cet>0</Cet>
      <PCALT>10</PCALT>
      <TCALT>0.6</TCALT>
      <Pelev>3349</Pelev>
      <Telev>2921</Telev>
      <PART>0.5</PART>
      <DELAY>1</DELAY>
    </SubCatchmentParameters>
    <SubCatchmentVegetationZone>
      <SubCatchmentVegetationZoneParameters>
        <TT>-1.6980210758759196</TT>
        <CFMAX>2.8258463391957336</CFMAX>
        <SP>0</SP>
        <SFCF>1.1316903149114042</SFCF>
        <CFR>0.00047622368639460978</CFR>
        <CWH>0.10000200022832324</CWH>
        <CFGlacier>1</CFGlacier>
        <CFSlope>1</CFSlope>
        <FC>2193.9729646408086</FC>
        <LP>0.8200047961515291</LP>
        <BETA>1.1629846768412089</BETA>
      </SubCatchmentVegetationZoneParameters>
    </SubCatchmentVegetationZone>
  </SubCatchment>
</Catchment>
