<?xml version="1.0" encoding="utf-8"?>
<Catchment xmlns:xsi="http://www.w3.org/2001/XMLSchema-instance" xmlns:xsd="http://www.w3.org/2001/XMLSchema">
  <CatchmentParameters>
    <KSI>0.001</KSI>
    <KGmin>0.05</KGmin>
    <RangeKG>0.1</RangeKG>
    <AG>0.1</AG>
    <PERC>9.6417731654591528</PERC>
    <Alpha>0</Alpha>
    <UZL>129.28360791475603</UZL>
    <K0>0.077421045828736643</K0>
    <K1>0.18169251665821778</K1>
    <K2>0.0463085041610412</K2>
    <MAXBAS>1.0001386252919893</MAXBAS>
    <Cet>0</Cet>
    <PCALT>10</PCALT>
    <TCALT>0.6</TCALT>
    <Pelev>3349</Pelev>
    <Telev>2921</Telev>
    <PART>0.5</PART>
    <DELAY>1</DELAY>
  </CatchmentParameters>
  <VegetationZone>
    <VegetationZoneParameters>
      <TT>-0.77999960925153733</TT>
      <CFMAX>4.5934354168267859</CFMAX>
      <SP>0</SP>
      <SFCF>0.97868253023991314</SFCF>
      <CFR>0.092819717612084365</CFR>
      <CWH>0.19999999978499797</CWH>
      <CFGlacier>1</CFGlacier>
      <CFSlope>1</CFSlope>
      <FC>992.1226491193363</FC>
      <LP>0.96925342090724176</LP>
      <BETA>1.163976697499876</BETA>
    </VegetationZoneParameters>
  </VegetationZone>
  <SubCatchment>
    <SubCatchmentParameters>
      <KSI>0.001</KSI>
      <KGmin>0.05</KGmin>
      <RangeKG>0.1</RangeKG>
      <AG>0.1</AG>
      <PERC>9.6417731654591528</PERC>
      <Alpha>0</Alpha>
      <UZL>129.28360791475603</UZL>
      <K0>0.077421045828736643</K0>
      <K1>0.18169251665821778</K1>
      <K2>0.0463085041610412</K2>
      <MAXBAS>1.0001386252919893</MAXBAS>
      <Cet>0</Cet>
      <PCALT>10</PCALT>
      <TCALT>0.6</TCALT>
      <Pelev>3349</Pelev>
      <Telev>2921</Telev>
      <PART>0.5</PART>
      <DELAY>1</DELAY>
    </SubCatchmentParameters>
    <SubCatchmentVegetationZone>
      <SubCatchmentVegetationZoneParameters>
        <TT>-0.77999960925153733</TT>
        <CFMAX>4.5934354168267859</CFMAX>
        <SP>0</SP>
        <SFCF>0.97868253023991314</SFCF>
        <CFR>0.092819717612084365</CFR>
        <CWH>0.19999999978499797</CWH>
        <CFGlacier>1</CFGlacier>
        <CFSlope>1</CFSlope>
        <FC>992.1226491193363</FC>
        <LP>0.96925342090724176</LP>
        <BETA>1.163976697499876</BETA>
      </SubCatchmentVegetationZoneParameters>
    </SubCatchmentVegetationZone>
  </SubCatchment>
</Catchment>