<?xml version="1.0" encoding="utf-8"?>
<Catchment xmlns:xsi="http://www.w3.org/2001/XMLSchema-instance" xmlns:xsd="http://www.w3.org/2001/XMLSchema">
  <CatchmentParameters>
    <KSI>0.001</KSI>
    <KGmin>0.05</KGmin>
    <RangeKG>0.1</RangeKG>
    <AG>0.1</AG>
    <PERC>7.1277718780180912</PERC>
    <Alpha>0</Alpha>
    <UZL>84.042288534326815</UZL>
    <K0>0.32128874255277123</K0>
    <K1>0.27152503105261161</K1>
    <K2>0.057109124969529183</K2>
    <MAXBAS>1.0000323761340719</MAXBAS>
    <Cet>0</Cet>
    <PCALT>10</PCALT>
    <TCALT>0.6</TCALT>
    <Pelev>3349</Pelev>
    <Telev>2921</Telev>
    <PART>0.5</PART>
    <DELAY>1</DELAY>
  </CatchmentParameters>
  <VegetationZone>
    <VegetationZoneParameters>
      <TT>-0.48000361876164754</TT>
      <CFMAX>2.1008031049919178</CFMAX>
      <SP>0</SP>
      <SFCF>0.68448206177057491</SFCF>
      <CFR>0.00020617477627089543</CFR>
      <CWH>0.10000142678926977</CWH>
      <CFGlacier>1</CFGlacier>
      <CFSlope>1</CFSlope>
      <FC>92.004556315085324</FC>
      <LP>0.80200287074978127</LP>
      <BETA>1.0000152058323315</BETA>
    </VegetationZoneParameters>
  </VegetationZone>
  <SubCatchment>
    <SubCatchmentParameters>
      <KSI>0.001</KSI>
      <KGmin>0.05</KGmin>
      <RangeKG>0.1</RangeKG>
      <AG>0.1</AG>
      <PERC>7.1277718780180912</PERC>
      <Alpha>0</Alpha>
      <UZL>84.042288534326815</UZL>
      <K0>0.32128874255277123</K0>
      <K1>0.27152503105261161</K1>
      <K2>0.057109124969529183</K2>
      <MAXBAS>1.0000323761340719</MAXBAS>
      <Cet>0</Cet>
      <PCALT>10</PCALT>
      <TCALT>0.6</TCALT>
      <Pelev>3349</Pelev>
      <Telev>2921</Telev>
      <PART>0.5</PART>
      <DELAY>1</DELAY>
    </SubCatchmentParameters>
    <SubCatchmentVegetationZone>
      <SubCatchmentVegetationZoneParameters>
        <TT>-0.48000361876164754</TT>
        <CFMAX>2.1008031049919178</CFMAX>
        <SP>0</SP>
        <SFCF>0.68448206177057491</SFCF>
        <CFR>0.00020617477627089543</CFR>
        <CWH>0.10000142678926977</CWH>
        <CFGlacier>1</CFGlacier>
        <CFSlope>1</CFSlope>
        <FC>92.004556315085324</FC>
        <LP>0.80200287074978127</LP>
        <BETA>1.0000152058323315</BETA>
      </SubCatchmentVegetationZoneParameters>
    </SubCatchmentVegetationZone>
  </SubCatchment>
</Catchment>