<?xml version="1.0" encoding="utf-8"?>
<Catchment xmlns:xsi="http://www.w3.org/2001/XMLSchema-instance" xmlns:xsd="http://www.w3.org/2001/XMLSchema">
  <CatchmentParameters>
    <KSI>0.001</KSI>
    <KGmin>0.05</KGmin>
    <RangeKG>0.1</RangeKG>
    <AG>0.1</AG>
    <PERC>9.9999829001566258</PERC>
    <Alpha>0</Alpha>
    <UZL>164.99507906350434</UZL>
    <K0>0.59846118819942151</K0>
    <K1>0.19591163342776452</K1>
    <K2>0.0451839768191767</K2>
    <MAXBAS>1.0001761289185922</MAXBAS>
    <Cet>0</Cet>
    <PCALT>10</PCALT>
    <TCALT>0.6</TCALT>
    <Pelev>3349</Pelev>
    <Telev>2921</Telev>
    <PART>0.5</PART>
    <DELAY>1</DELAY>
  </CatchmentParameters>
  <VegetationZone>
    <VegetationZoneParameters>
      <TT>-1.0071369034457702</TT>
      <CFMAX>4.2201404957322817</CFMAX>
      <SP>0</SP>
      <SFCF>0.96342119888327526</SFCF>
      <CFR>0.071849344632757051</CFR>
      <CWH>0.19999999970923005</CWH>
      <CFGlacier>1</CFGlacier>
      <CFSlope>1</CFSlope>
      <FC>723.31620205699323</FC>
      <LP>0.99999824873720766</LP>
      <BETA>1.1554266915160874</BETA>
    </VegetationZoneParameters>
  </VegetationZone>
  <SubCatchment>
    <SubCatchmentParameters>
      <KSI>0.001</KSI>
      <KGmin>0.05</KGmin>
      <RangeKG>0.1</RangeKG>
      <AG>0.1</AG>
      <PERC>9.9999829001566258</PERC>
      <Alpha>0</Alpha>
      <UZL>164.99507906350434</UZL>
      <K0>0.59846118819942151</K0>
      <K1>0.19591163342776452</K1>
      <K2>0.0451839768191767</K2>
      <MAXBAS>1.0001761289185922</MAXBAS>
      <Cet>0</Cet>
      <PCALT>10</PCALT>
      <TCALT>0.6</TCALT>
      <Pelev>3349</Pelev>
      <Telev>2921</Telev>
      <PART>0.5</PART>
      <DELAY>1</DELAY>
    </SubCatchmentParameters>
    <SubCatchmentVegetationZone>
      <SubCatchmentVegetationZoneParameters>
        <TT>-1.0071369034457702</TT>
        <CFMAX>4.2201404957322817</CFMAX>
        <SP>0</SP>
        <SFCF>0.96342119888327526</SFCF>
        <CFR>0.071849344632757051</CFR>
        <CWH>0.19999999970923005</CWH>
        <CFGlacier>1</CFGlacier>
        <CFSlope>1</CFSlope>
        <FC>723.31620205699323</FC>
        <LP>0.99999824873720766</LP>
        <BETA>1.1554266915160874</BETA>
      </SubCatchmentVegetationZoneParameters>
    </SubCatchmentVegetationZone>
  </SubCatchment>
</Catchment>