<?xml version="1.0" encoding="utf-8"?>
<Catchment xmlns:xsi="http://www.w3.org/2001/XMLSchema-instance" xmlns:xsd="http://www.w3.org/2001/XMLSchema">
  <CatchmentParameters>
    <KSI>0.001</KSI>
    <KGmin>0.05</KGmin>
    <RangeKG>0.1</RangeKG>
    <AG>0.1</AG>
    <PERC>9.9999795905785138</PERC>
    <Alpha>0</Alpha>
    <UZL>199.44552859049713</UZL>
    <K0>0.37225840454357295</K0>
    <K1>0.17052065226908278</K1>
    <K2>0.044358689920610143</K2>
    <MAXBAS>1.000003200312543</MAXBAS>
    <Cet>0</Cet>
    <PCALT>10</PCALT>
    <TCALT>0.6</TCALT>
    <Pelev>3349</Pelev>
    <Telev>2921</Telev>
    <PART>0.5</PART>
    <DELAY>1</DELAY>
  </CatchmentParameters>
  <VegetationZone>
    <VegetationZoneParameters>
      <TT>-0.54400606705482912</TT>
      <CFMAX>4.8127801833137</CFMAX>
      <SP>0</SP>
      <SFCF>0.98528108384874424</SFCF>
      <CFR>0.058261013068846061</CFR>
      <CWH>0.19460977280235106</CWH>
      <CFGlacier>1</CFGlacier>
      <CFSlope>1</CFSlope>
      <FC>926.83501725035865</FC>
      <LP>0.99999934016536618</LP>
      <BETA>1.1401772726376815</BETA>
    </VegetationZoneParameters>
  </VegetationZone>
  <SubCatchment>
    <SubCatchmentParameters>
      <KSI>0.001</KSI>
      <KGmin>0.05</KGmin>
      <RangeKG>0.1</RangeKG>
      <AG>0.1</AG>
      <PERC>9.9999795905785138</PERC>
      <Alpha>0</Alpha>
      <UZL>199.44552859049713</UZL>
      <K0>0.37225840454357295</K0>
      <K1>0.17052065226908278</K1>
      <K2>0.044358689920610143</K2>
      <MAXBAS>1.000003200312543</MAXBAS>
      <Cet>0</Cet>
      <PCALT>10</PCALT>
      <TCALT>0.6</TCALT>
      <Pelev>3349</Pelev>
      <Telev>2921</Telev>
      <PART>0.5</PART>
      <DELAY>1</DELAY>
    </SubCatchmentParameters>
    <SubCatchmentVegetationZone>
      <SubCatchmentVegetationZoneParameters>
        <TT>-0.54400606705482912</TT>
        <CFMAX>4.8127801833137</CFMAX>
        <SP>0</SP>
        <SFCF>0.98528108384874424</SFCF>
        <CFR>0.058261013068846061</CFR>
        <CWH>0.19460977280235106</CWH>
        <CFGlacier>1</CFGlacier>
        <CFSlope>1</CFSlope>
        <FC>926.83501725035865</FC>
        <LP>0.99999934016536618</LP>
        <BETA>1.1401772726376815</BETA>
      </SubCatchmentVegetationZoneParameters>
    </SubCatchmentVegetationZone>
  </SubCatchment>
</Catchment>