<?xml version="1.0" encoding="utf-8"?>
<Catchment xmlns:xsi="http://www.w3.org/2001/XMLSchema-instance" xmlns:xsd="http://www.w3.org/2001/XMLSchema">
  <CatchmentParameters>
    <KSI>0.001</KSI>
    <KGmin>0.05</KGmin>
    <RangeKG>0.1</RangeKG>
    <AG>0.1</AG>
    <PERC>7.3809145220865036</PERC>
    <Alpha>0</Alpha>
    <UZL>199.56715444127349</UZL>
    <K0>0.30520643620141807</K0>
    <K1>0.27211531020514856</K1>
    <K2>0.049610275225276647</K2>
    <MAXBAS>1.005442365861668</MAXBAS>
    <Cet>0</Cet>
    <PCALT>10</PCALT>
    <TCALT>0.6</TCALT>
    <Pelev>3349</Pelev>
    <Telev>2921</Telev>
    <PART>0.5</PART>
    <DELAY>1</DELAY>
  </CatchmentParameters>
  <VegetationZone>
    <VegetationZoneParameters>
      <TT>-0.48000437244277872</TT>
      <CFMAX>2.1443034287148164</CFMAX>
      <SP>0</SP>
      <SFCF>0.67366917822212</SFCF>
      <CFR>0.051608260038276656</CFR>
      <CWH>0.10000070001053731</CWH>
      <CFGlacier>1</CFGlacier>
      <CFSlope>1</CFSlope>
      <FC>60.594649883432737</FC>
      <LP>0.4831980617239518</LP>
      <BETA>1.0000001659938635</BETA>
    </VegetationZoneParameters>
  </VegetationZone>
  <SubCatchment>
    <SubCatchmentParameters>
      <KSI>0.001</KSI>
      <KGmin>0.05</KGmin>
      <RangeKG>0.1</RangeKG>
      <AG>0.1</AG>
      <PERC>7.3809145220865036</PERC>
      <Alpha>0</Alpha>
      <UZL>199.56715444127349</UZL>
      <K0>0.30520643620141807</K0>
      <K1>0.27211531020514856</K1>
      <K2>0.049610275225276647</K2>
      <MAXBAS>1.005442365861668</MAXBAS>
      <Cet>0</Cet>
      <PCALT>10</PCALT>
      <TCALT>0.6</TCALT>
      <Pelev>3349</Pelev>
      <Telev>2921</Telev>
      <PART>0.5</PART>
      <DELAY>1</DELAY>
    </SubCatchmentParameters>
    <SubCatchmentVegetationZone>
      <SubCatchmentVegetationZoneParameters>
        <TT>-0.48000437244277872</TT>
        <CFMAX>2.1443034287148164</CFMAX>
        <SP>0</SP>
        <SFCF>0.67366917822212</SFCF>
        <CFR>0.051608260038276656</CFR>
        <CWH>0.10000070001053731</CWH>
        <CFGlacier>1</CFGlacier>
        <CFSlope>1</CFSlope>
        <FC>60.594649883432737</FC>
        <LP>0.4831980617239518</LP>
        <BETA>1.0000001659938635</BETA>
      </SubCatchmentVegetationZoneParameters>
    </SubCatchmentVegetationZone>
  </SubCatchment>
</Catchment>