<?xml version="1.0" encoding="utf-8"?>
<Catchment xmlns:xsi="http://www.w3.org/2001/XMLSchema-instance" xmlns:xsd="http://www.w3.org/2001/XMLSchema">
  <CatchmentParameters>
    <KSI>0.001</KSI>
    <KGmin>0.05</KGmin>
    <RangeKG>0.1</RangeKG>
    <AG>0.1</AG>
    <PERC>6.920708363799271</PERC>
    <Alpha>0</Alpha>
    <UZL>104.43088452713528</UZL>
    <K0>0.6890267639761789</K0>
    <K1>0.2640996070502114</K1>
    <K2>0.06822506274938718</K2>
    <MAXBAS>1.0000703233303718</MAXBAS>
    <Cet>0</Cet>
    <PCALT>10</PCALT>
    <TCALT>0.6</TCALT>
    <Pelev>3349</Pelev>
    <Telev>2921</Telev>
    <PART>0.5</PART>
    <DELAY>1</DELAY>
  </CatchmentParameters>
  <VegetationZone>
    <VegetationZoneParameters>
      <TT>-0.279972706458986</TT>
      <CFMAX>3.0867678493822956</CFMAX>
      <SP>0</SP>
      <SFCF>0.89820689802155507</SFCF>
      <CFR>0.0064208322567441255</CFR>
      <CWH>0.10000052977068247</CWH>
      <CFGlacier>1</CFGlacier>
      <CFSlope>1</CFSlope>
      <FC>999.99325174381056</FC>
      <LP>0.999998938558094</LP>
      <BETA>1.0000002433921504</BETA>
    </VegetationZoneParameters>
  </VegetationZone>
  <SubCatchment>
    <SubCatchmentParameters>
      <KSI>0.001</KSI>
      <KGmin>0.05</KGmin>
      <RangeKG>0.1</RangeKG>
      <AG>0.1</AG>
      <PERC>6.920708363799271</PERC>
      <Alpha>0</Alpha>
      <UZL>104.43088452713528</UZL>
      <K0>0.6890267639761789</K0>
      <K1>0.2640996070502114</K1>
      <K2>0.06822506274938718</K2>
      <MAXBAS>1.0000703233303718</MAXBAS>
      <Cet>0</Cet>
      <PCALT>10</PCALT>
      <TCALT>0.6</TCALT>
      <Pelev>3349</Pelev>
      <Telev>2921</Telev>
      <PART>0.5</PART>
      <DELAY>1</DELAY>
    </SubCatchmentParameters>
    <SubCatchmentVegetationZone>
      <SubCatchmentVegetationZoneParameters>
        <TT>-0.279972706458986</TT>
        <CFMAX>3.0867678493822956</CFMAX>
        <SP>0</SP>
        <SFCF>0.89820689802155507</SFCF>
        <CFR>0.0064208322567441255</CFR>
        <CWH>0.10000052977068247</CWH>
        <CFGlacier>1</CFGlacier>
        <CFSlope>1</CFSlope>
        <FC>999.99325174381056</FC>
        <LP>0.999998938558094</LP>
        <BETA>1.0000002433921504</BETA>
      </SubCatchmentVegetationZoneParameters>
    </SubCatchmentVegetationZone>
  </SubCatchment>
</Catchment>