<?xml version="1.0" encoding="utf-8"?>
<Catchment xmlns:xsi="http://www.w3.org/2001/XMLSchema-instance" xmlns:xsd="http://www.w3.org/2001/XMLSchema">
  <CatchmentParameters>
    <KSI>0.001</KSI>
    <KGmin>0.05</KGmin>
    <RangeKG>0.1</RangeKG>
    <AG>0.1</AG>
    <PERC>9.9999951518159289</PERC>
    <Alpha>0</Alpha>
    <UZL>59.429162004802471</UZL>
    <K0>0.90491280762131043</K0>
    <K1>0.19783033994397647</K1>
    <K2>0.047065234135233551</K2>
    <MAXBAS>1.000068066864209</MAXBAS>
    <Cet>0</Cet>
    <PCALT>10</PCALT>
    <TCALT>0.6</TCALT>
    <Pelev>3349</Pelev>
    <Telev>2921</Telev>
    <PART>0.5</PART>
    <DELAY>1</DELAY>
  </CatchmentParameters>
  <VegetationZone>
    <VegetationZoneParameters>
      <TT>-0.77295305668475833</TT>
      <CFMAX>4.1826631376670393</CFMAX>
      <SP>0</SP>
      <SFCF>0.9378765943602364</SFCF>
      <CFR>0.0012478390136172624</CFR>
      <CWH>0.19999936255652445</CWH>
      <CFGlacier>1</CFGlacier>
      <CFSlope>1</CFSlope>
      <FC>603.3158617855546</FC>
      <LP>0.99999864084634094</LP>
      <BETA>1.1385950082326062</BETA>
    </VegetationZoneParameters>
  </VegetationZone>
  <SubCatchment>
    <SubCatchmentParameters>
      <KSI>0.001</KSI>
      <KGmin>0.05</KGmin>
      <RangeKG>0.1</RangeKG>
      <AG>0.1</AG>
      <PERC>9.9999951518159289</PERC>
      <Alpha>0</Alpha>
      <UZL>59.429162004802471</UZL>
      <K0>0.90491280762131043</K0>
      <K1>0.19783033994397647</K1>
      <K2>0.047065234135233551</K2>
      <MAXBAS>1.000068066864209</MAXBAS>
      <Cet>0</Cet>
      <PCALT>10</PCALT>
      <TCALT>0.6</TCALT>
      <Pelev>3349</Pelev>
      <Telev>2921</Telev>
      <PART>0.5</PART>
      <DELAY>1</DELAY>
    </SubCatchmentParameters>
    <SubCatchmentVegetationZone>
      <SubCatchmentVegetationZoneParameters>
        <TT>-0.77295305668475833</TT>
        <CFMAX>4.1826631376670393</CFMAX>
        <SP>0</SP>
        <SFCF>0.9378765943602364</SFCF>
        <CFR>0.0012478390136172624</CFR>
        <CWH>0.19999936255652445</CWH>
        <CFGlacier>1</CFGlacier>
        <CFSlope>1</CFSlope>
        <FC>603.3158617855546</FC>
        <LP>0.99999864084634094</LP>
        <BETA>1.1385950082326062</BETA>
      </SubCatchmentVegetationZoneParameters>
    </SubCatchmentVegetationZone>
  </SubCatchment>
</Catchment>