<?xml version="1.0" encoding="utf-8"?>
<Catchment xmlns:xsi="http://www.w3.org/2001/XMLSchema-instance" xmlns:xsd="http://www.w3.org/2001/XMLSchema">
  <CatchmentParameters>
    <KSI>0.001</KSI>
    <KGmin>0.05</KGmin>
    <RangeKG>0.1</RangeKG>
    <AG>0.1</AG>
    <PERC>1.1869043063134979</PERC>
    <Alpha>0</Alpha>
    <UZL>122.22906159451142</UZL>
    <K0>0.1016745869602432</K0>
    <K1>0.041915172329010077</K1>
    <K2>0.010000006757638407</K2>
    <MAXBAS>1</MAXBAS>
    <Cet>0</Cet>
    <PCALT>10</PCALT>
    <TCALT>0.6</TCALT>
    <Pelev>3349</Pelev>
    <Telev>2921</Telev>
    <PART>0.5</PART>
    <DELAY>1</DELAY>
  </CatchmentParameters>
  <VegetationZone>
    <VegetationZoneParameters>
      <TT>-1.8440005713140346</TT>
      <CFMAX>4.0713751206326174</CFMAX>
      <SP>0</SP>
      <SFCF>1.2443092686327357</SFCF>
      <CFR>0.00012016605959079233</CFR>
      <CWH>0.13688510206174787</CWH>
      <CFGlacier>1</CFGlacier>
      <CFSlope>1</CFSlope>
      <FC>2288.5133175131605</FC>
      <LP>0.840419077664069</LP>
      <BETA>1.5598230801370194</BETA>
    </VegetationZoneParameters>
  </VegetationZone>
  <SubCatchment>
    <SubCatchmentParameters>
      <KSI>0.001</KSI>
      <KGmin>0.05</KGmin>
      <RangeKG>0.1</RangeKG>
      <AG>0.1</AG>
      <PERC>1.1869043063134979</PERC>
      <Alpha>0</Alpha>
      <UZL>122.22906159451142</UZL>
      <K0>0.1016745869602432</K0>
      <K1>0.041915172329010077</K1>
      <K2>0.010000006757638407</K2>
      <MAXBAS>1</MAXBAS>
      <Cet>0</Cet>
      <PCALT>10</PCALT>
      <TCALT>0.6</TCALT>
      <Pelev>3349</Pelev>
      <Telev>2921</Telev>
      <PART>0.5</PART>
      <DELAY>1</DELAY>
    </SubCatchmentParameters>
    <SubCatchmentVegetationZone>
      <SubCatchmentVegetationZoneParameters>
        <TT>-1.8440005713140346</TT>
        <CFMAX>4.0713751206326174</CFMAX>
        <SP>0</SP>
        <SFCF>1.2443092686327357</SFCF>
        <CFR>0.00012016605959079233</CFR>
        <CWH>0.13688510206174787</CWH>
        <CFGlacier>1</CFGlacier>
        <CFSlope>1</CFSlope>
        <FC>2288.5133175131605</FC>
        <LP>0.840419077664069</LP>
        <BETA>1.5598230801370194</BETA>
      </SubCatchmentVegetationZoneParameters>
    </SubCatchmentVegetationZone>
  </SubCatchment>
</Catchment>