<?xml version="1.0" encoding="utf-8"?>
<Catchment xmlns:xsi="http://www.w3.org/2001/XMLSchema-instance" xmlns:xsd="http://www.w3.org/2001/XMLSchema">
  <CatchmentParameters>
    <KSI>0.001</KSI>
    <KGmin>0.05</KGmin>
    <RangeKG>0.1</RangeKG>
    <AG>0.1</AG>
    <PERC>6.7662155291909674</PERC>
    <Alpha>0</Alpha>
    <UZL>113.29314076383379</UZL>
    <K0>0.9151998959702059</K0>
    <K1>0.26694610614245146</K1>
    <K2>0.065466591997306464</K2>
    <MAXBAS>1.0047880533035665</MAXBAS>
    <Cet>0</Cet>
    <PCALT>10</PCALT>
    <TCALT>0.6</TCALT>
    <Pelev>3349</Pelev>
    <Telev>2921</Telev>
    <PART>0.5</PART>
    <DELAY>1</DELAY>
  </CatchmentParameters>
  <VegetationZone>
    <VegetationZoneParameters>
      <TT>-0.64879076474947006</TT>
      <CFMAX>2.7748284704009887</CFMAX>
      <SP>0</SP>
      <SFCF>0.875378831750738</SFCF>
      <CFR>0.011626983741452976</CFR>
      <CWH>0.10000056006893435</CWH>
      <CFGlacier>1</CFGlacier>
      <CFSlope>1</CFSlope>
      <FC>488.93922230306072</FC>
      <LP>0.99999762356460709</LP>
      <BETA>1.0000010809918636</BETA>
    </VegetationZoneParameters>
  </VegetationZone>
  <SubCatchment>
    <SubCatchmentParameters>
      <KSI>0.001</KSI>
      <KGmin>0.05</KGmin>
      <RangeKG>0.1</RangeKG>
      <AG>0.1</AG>
      <PERC>6.7662155291909674</PERC>
      <Alpha>0</Alpha>
      <UZL>113.29314076383379</UZL>
      <K0>0.9151998959702059</K0>
      <K1>0.26694610614245146</K1>
      <K2>0.065466591997306464</K2>
      <MAXBAS>1.0047880533035665</MAXBAS>
      <Cet>0</Cet>
      <PCALT>10</PCALT>
      <TCALT>0.6</TCALT>
      <Pelev>3349</Pelev>
      <Telev>2921</Telev>
      <PART>0.5</PART>
      <DELAY>1</DELAY>
    </SubCatchmentParameters>
    <SubCatchmentVegetationZone>
      <SubCatchmentVegetationZoneParameters>
        <TT>-0.64879076474947006</TT>
        <CFMAX>2.7748284704009887</CFMAX>
        <SP>0</SP>
        <SFCF>0.875378831750738</SFCF>
        <CFR>0.011626983741452976</CFR>
        <CWH>0.10000056006893435</CWH>
        <CFGlacier>1</CFGlacier>
        <CFSlope>1</CFSlope>
        <FC>488.93922230306072</FC>
        <LP>0.99999762356460709</LP>
        <BETA>1.0000010809918636</BETA>
      </SubCatchmentVegetationZoneParameters>
    </SubCatchmentVegetationZone>
  </SubCatchment>
</Catchment>