<?xml version="1.0" encoding="utf-8"?>
<Catchment xmlns:xsi="http://www.w3.org/2001/XMLSchema-instance" xmlns:xsd="http://www.w3.org/2001/XMLSchema">
  <CatchmentParameters>
    <KSI>0.001</KSI>
    <KGmin>0.05</KGmin>
    <RangeKG>0.1</RangeKG>
    <AG>0.1</AG>
    <PERC>7.3466533731194463</PERC>
    <Alpha>0</Alpha>
    <UZL>197.03774754798243</UZL>
    <K0>0.49130334621125821</K0>
    <K1>0.271823579982515</K1>
    <K2>0.064074776175382459</K2>
    <MAXBAS>1.0048345519331243</MAXBAS>
    <Cet>0</Cet>
    <PCALT>10</PCALT>
    <TCALT>0.6</TCALT>
    <Pelev>3349</Pelev>
    <Telev>2921</Telev>
    <PART>0.5</PART>
    <DELAY>1</DELAY>
  </CatchmentParameters>
  <VegetationZone>
    <VegetationZoneParameters>
      <TT>-0.44398850534593243</TT>
      <CFMAX>3.2861171456347491</CFMAX>
      <SP>0</SP>
      <SFCF>0.96221506890386987</SFCF>
      <CFR>0.020140003570922004</CFR>
      <CWH>0.10000005026694953</CWH>
      <CFGlacier>1</CFGlacier>
      <CFSlope>1</CFSlope>
      <FC>999.99756882887527</FC>
      <LP>0.92286225963165436</LP>
      <BETA>1.0000016843578317</BETA>
    </VegetationZoneParameters>
  </VegetationZone>
  <SubCatchment>
    <SubCatchmentParameters>
      <KSI>0.001</KSI>
      <KGmin>0.05</KGmin>
      <RangeKG>0.1</RangeKG>
      <AG>0.1</AG>
      <PERC>7.3466533731194463</PERC>
      <Alpha>0</Alpha>
      <UZL>197.03774754798243</UZL>
      <K0>0.49130334621125821</K0>
      <K1>0.271823579982515</K1>
      <K2>0.064074776175382459</K2>
      <MAXBAS>1.0048345519331243</MAXBAS>
      <Cet>0</Cet>
      <PCALT>10</PCALT>
      <TCALT>0.6</TCALT>
      <Pelev>3349</Pelev>
      <Telev>2921</Telev>
      <PART>0.5</PART>
      <DELAY>1</DELAY>
    </SubCatchmentParameters>
    <SubCatchmentVegetationZone>
      <SubCatchmentVegetationZoneParameters>
        <TT>-0.44398850534593243</TT>
        <CFMAX>3.2861171456347491</CFMAX>
        <SP>0</SP>
        <SFCF>0.96221506890386987</SFCF>
        <CFR>0.020140003570922004</CFR>
        <CWH>0.10000005026694953</CWH>
        <CFGlacier>1</CFGlacier>
        <CFSlope>1</CFSlope>
        <FC>999.99756882887527</FC>
        <LP>0.92286225963165436</LP>
        <BETA>1.0000016843578317</BETA>
      </SubCatchmentVegetationZoneParameters>
    </SubCatchmentVegetationZone>
  </SubCatchment>
</Catchment>