<?xml version="1.0" encoding="utf-8"?>
<Catchment xmlns:xsi="http://www.w3.org/2001/XMLSchema-instance" xmlns:xsd="http://www.w3.org/2001/XMLSchema">
  <CatchmentParameters>
    <KSI>0.001</KSI>
    <KGmin>0.05</KGmin>
    <RangeKG>0.1</RangeKG>
    <AG>0.1</AG>
    <PERC>1.5446726598027791</PERC>
    <Alpha>0</Alpha>
    <UZL>67.304695838395759</UZL>
    <K0>0.34670376616920145</K0>
    <K1>0.0667105344229058</K1>
    <K2>0.010004225904046111</K2>
    <MAXBAS>1</MAXBAS>
    <Cet>0</Cet>
    <PCALT>10</PCALT>
    <TCALT>0.6</TCALT>
    <Pelev>3349</Pelev>
    <Telev>2921</Telev>
    <PART>0.5</PART>
    <DELAY>1</DELAY>
  </CatchmentParameters>
  <VegetationZone>
    <VegetationZoneParameters>
      <TT>-2.017530064797227</TT>
      <CFMAX>2.8372197315096805</CFMAX>
      <SP>0</SP>
      <SFCF>1.2744440913891579</SFCF>
      <CFR>0.0004977297230512579</CFR>
      <CWH>0.10000000412326748</CWH>
      <CFGlacier>1</CFGlacier>
      <CFSlope>1</CFSlope>
      <FC>2499.99955139472</FC>
      <LP>0.72113846977427987</LP>
      <BETA>1.4136940480091356</BETA>
    </VegetationZoneParameters>
  </VegetationZone>
  <SubCatchment>
    <SubCatchmentParameters>
      <KSI>0.001</KSI>
      <KGmin>0.05</KGmin>
      <RangeKG>0.1</RangeKG>
      <AG>0.1</AG>
      <PERC>1.5446726598027791</PERC>
      <Alpha>0</Alpha>
      <UZL>67.304695838395759</UZL>
      <K0>0.34670376616920145</K0>
      <K1>0.0667105344229058</K1>
      <K2>0.010004225904046111</K2>
      <MAXBAS>1</MAXBAS>
      <Cet>0</Cet>
      <PCALT>10</PCALT>
      <TCALT>0.6</TCALT>
      <Pelev>3349</Pelev>
      <Telev>2921</Telev>
      <PART>0.5</PART>
      <DELAY>1</DELAY>
    </SubCatchmentParameters>
    <SubCatchmentVegetationZone>
      <SubCatchmentVegetationZoneParameters>
        <TT>-2.017530064797227</TT>
        <CFMAX>2.8372197315096805</CFMAX>
        <SP>0</SP>
        <SFCF>1.2744440913891579</SFCF>
        <CFR>0.0004977297230512579</CFR>
        <CWH>0.10000000412326748</CWH>
        <CFGlacier>1</CFGlacier>
        <CFSlope>1</CFSlope>
        <FC>2499.99955139472</FC>
        <LP>0.72113846977427987</LP>
        <BETA>1.4136940480091356</BETA>
      </SubCatchmentVegetationZoneParameters>
    </SubCatchmentVegetationZone>
  </SubCatchment>
</Catchment>