<?xml version="1.0" encoding="utf-8"?>
<Catchment xmlns:xsi="http://www.w3.org/2001/XMLSchema-instance" xmlns:xsd="http://www.w3.org/2001/XMLSchema">
  <CatchmentParameters>
    <KSI>0.001</KSI>
    <KGmin>0.05</KGmin>
    <RangeKG>0.1</RangeKG>
    <AG>0.1</AG>
    <PERC>8.3524269218696574</PERC>
    <Alpha>0</Alpha>
    <UZL>40.881905063380444</UZL>
    <K0>0.24481929020174187</K0>
    <K1>0.064132531374189686</K1>
    <K2>0.0432287019107982</K2>
    <MAXBAS>1.0000251271745</MAXBAS>
    <Cet>0</Cet>
    <PCALT>10</PCALT>
    <TCALT>0.6</TCALT>
    <Pelev>3349</Pelev>
    <Telev>2921</Telev>
    <PART>0.5</PART>
    <DELAY>1</DELAY>
  </CatchmentParameters>
  <VegetationZone>
    <VegetationZoneParameters>
      <TT>-1.6998381063103263</TT>
      <CFMAX>3.3233619757649455</CFMAX>
      <SP>0</SP>
      <SFCF>0.91701790498798774</SFCF>
      <CFR>0.040095451540611268</CFR>
      <CWH>0.1999995160365744</CWH>
      <CFGlacier>1</CFGlacier>
      <CFSlope>1</CFSlope>
      <FC>406.27516425853764</FC>
      <LP>0.99999561067205156</LP>
      <BETA>1.1534677161978113</BETA>
    </VegetationZoneParameters>
  </VegetationZone>
  <SubCatchment>
    <SubCatchmentParameters>
      <KSI>0.001</KSI>
      <KGmin>0.05</KGmin>
      <RangeKG>0.1</RangeKG>
      <AG>0.1</AG>
      <PERC>8.3524269218696574</PERC>
      <Alpha>0</Alpha>
      <UZL>40.881905063380444</UZL>
      <K0>0.24481929020174187</K0>
      <K1>0.064132531374189686</K1>
      <K2>0.0432287019107982</K2>
      <MAXBAS>1.0000251271745</MAXBAS>
      <Cet>0</Cet>
      <PCALT>10</PCALT>
      <TCALT>0.6</TCALT>
      <Pelev>3349</Pelev>
      <Telev>2921</Telev>
      <PART>0.5</PART>
      <DELAY>1</DELAY>
    </SubCatchmentParameters>
    <SubCatchmentVegetationZone>
      <SubCatchmentVegetationZoneParameters>
        <TT>-1.6998381063103263</TT>
        <CFMAX>3.3233619757649455</CFMAX>
        <SP>0</SP>
        <SFCF>0.91701790498798774</SFCF>
        <CFR>0.040095451540611268</CFR>
        <CWH>0.1999995160365744</CWH>
        <CFGlacier>1</CFGlacier>
        <CFSlope>1</CFSlope>
        <FC>406.27516425853764</FC>
        <LP>0.99999561067205156</LP>
        <BETA>1.1534677161978113</BETA>
      </SubCatchmentVegetationZoneParameters>
    </SubCatchmentVegetationZone>
  </SubCatchment>
</Catchment>