<?xml version="1.0" encoding="utf-8"?>
<Catchment xmlns:xsi="http://www.w3.org/2001/XMLSchema-instance" xmlns:xsd="http://www.w3.org/2001/XMLSchema">
  <CatchmentParameters>
    <KSI>0.001</KSI>
    <KGmin>0.05</KGmin>
    <RangeKG>0.1</RangeKG>
    <AG>0.1</AG>
    <PERC>9.9999706327602311</PERC>
    <Alpha>0</Alpha>
    <UZL>99.331732696132107</UZL>
    <K0>0.55075082150852739</K0>
    <K1>0.17114594917759057</K1>
    <K2>0.043307185465007655</K2>
    <MAXBAS>1.0000208378144582</MAXBAS>
    <Cet>0</Cet>
    <PCALT>10</PCALT>
    <TCALT>0.6</TCALT>
    <Pelev>3349</Pelev>
    <Telev>2921</Telev>
    <PART>0.5</PART>
    <DELAY>1</DELAY>
  </CatchmentParameters>
  <VegetationZone>
    <VegetationZoneParameters>
      <TT>-0.77297878017303789</TT>
      <CFMAX>3.7430972484059617</CFMAX>
      <SP>0</SP>
      <SFCF>0.84010436650140108</SFCF>
      <CFR>0.00070788111333645117</CFR>
      <CWH>0.19999891764946021</CWH>
      <CFGlacier>1</CFGlacier>
      <CFSlope>1</CFSlope>
      <FC>294.77155091883856</FC>
      <LP>0.999994078166743</LP>
      <BETA>1.0000000053804656</BETA>
    </VegetationZoneParameters>
  </VegetationZone>
  <SubCatchment>
    <SubCatchmentParameters>
      <KSI>0.001</KSI>
      <KGmin>0.05</KGmin>
      <RangeKG>0.1</RangeKG>
      <AG>0.1</AG>
      <PERC>9.9999706327602311</PERC>
      <Alpha>0</Alpha>
      <UZL>99.331732696132107</UZL>
      <K0>0.55075082150852739</K0>
      <K1>0.17114594917759057</K1>
      <K2>0.043307185465007655</K2>
      <MAXBAS>1.0000208378144582</MAXBAS>
      <Cet>0</Cet>
      <PCALT>10</PCALT>
      <TCALT>0.6</TCALT>
      <Pelev>3349</Pelev>
      <Telev>2921</Telev>
      <PART>0.5</PART>
      <DELAY>1</DELAY>
    </SubCatchmentParameters>
    <SubCatchmentVegetationZone>
      <SubCatchmentVegetationZoneParameters>
        <TT>-0.77297878017303789</TT>
        <CFMAX>3.7430972484059617</CFMAX>
        <SP>0</SP>
        <SFCF>0.84010436650140108</SFCF>
        <CFR>0.00070788111333645117</CFR>
        <CWH>0.19999891764946021</CWH>
        <CFGlacier>1</CFGlacier>
        <CFSlope>1</CFSlope>
        <FC>294.77155091883856</FC>
        <LP>0.999994078166743</LP>
        <BETA>1.0000000053804656</BETA>
      </SubCatchmentVegetationZoneParameters>
    </SubCatchmentVegetationZone>
  </SubCatchment>
</Catchment>