<?xml version="1.0" encoding="utf-8"?>
<Catchment xmlns:xsi="http://www.w3.org/2001/XMLSchema-instance" xmlns:xsd="http://www.w3.org/2001/XMLSchema">
  <CatchmentParameters>
    <KSI>0.001</KSI>
    <KGmin>0.05</KGmin>
    <RangeKG>0.1</RangeKG>
    <AG>0.1</AG>
    <PERC>9.9999937512715888</PERC>
    <Alpha>0</Alpha>
    <UZL>140.94246863440407</UZL>
    <K0>0.13298450847070056</K0>
    <K1>0.18725190305106876</K1>
    <K2>0.044655742080603439</K2>
    <MAXBAS>1.0000177626177513</MAXBAS>
    <Cet>0</Cet>
    <PCALT>10</PCALT>
    <TCALT>0.6</TCALT>
    <Pelev>3349</Pelev>
    <Telev>2921</Telev>
    <PART>0.5</PART>
    <DELAY>1</DELAY>
  </CatchmentParameters>
  <VegetationZone>
    <VegetationZoneParameters>
      <TT>-0.87018121574598706</TT>
      <CFMAX>4.6432382520716464</CFMAX>
      <SP>0</SP>
      <SFCF>1.0102995628597966</SFCF>
      <CFR>0.061846294040329805</CFR>
      <CWH>0.19999696314049487</CWH>
      <CFGlacier>1</CFGlacier>
      <CFSlope>1</CFSlope>
      <FC>999.870282370368</FC>
      <LP>0.99999821881279893</LP>
      <BETA>1.3360610808614031</BETA>
    </VegetationZoneParameters>
  </VegetationZone>
  <SubCatchment>
    <SubCatchmentParameters>
      <KSI>0.001</KSI>
      <KGmin>0.05</KGmin>
      <RangeKG>0.1</RangeKG>
      <AG>0.1</AG>
      <PERC>9.9999937512715888</PERC>
      <Alpha>0</Alpha>
      <UZL>140.94246863440407</UZL>
      <K0>0.13298450847070056</K0>
      <K1>0.18725190305106876</K1>
      <K2>0.044655742080603439</K2>
      <MAXBAS>1.0000177626177513</MAXBAS>
      <Cet>0</Cet>
      <PCALT>10</PCALT>
      <TCALT>0.6</TCALT>
      <Pelev>3349</Pelev>
      <Telev>2921</Telev>
      <PART>0.5</PART>
      <DELAY>1</DELAY>
    </SubCatchmentParameters>
    <SubCatchmentVegetationZone>
      <SubCatchmentVegetationZoneParameters>
        <TT>-0.87018121574598706</TT>
        <CFMAX>4.6432382520716464</CFMAX>
        <SP>0</SP>
        <SFCF>1.0102995628597966</SFCF>
        <CFR>0.061846294040329805</CFR>
        <CWH>0.19999696314049487</CWH>
        <CFGlacier>1</CFGlacier>
        <CFSlope>1</CFSlope>
        <FC>999.870282370368</FC>
        <LP>0.99999821881279893</LP>
        <BETA>1.3360610808614031</BETA>
      </SubCatchmentVegetationZoneParameters>
    </SubCatchmentVegetationZone>
  </SubCatchment>
</Catchment>