<?xml version="1.0" encoding="utf-8"?>
<Catchment xmlns:xsi="http://www.w3.org/2001/XMLSchema-instance" xmlns:xsd="http://www.w3.org/2001/XMLSchema">
  <CatchmentParameters>
    <KSI>0.001</KSI>
    <KGmin>0.05</KGmin>
    <RangeKG>0.1</RangeKG>
    <AG>0.1</AG>
    <PERC>5.5357029122045516</PERC>
    <Alpha>0</Alpha>
    <UZL>95.876442057801285</UZL>
    <K0>0.29662519524513997</K0>
    <K1>0.22235407687651693</K1>
    <K2>0.03700356021207591</K2>
    <MAXBAS>1.0047215559978493</MAXBAS>
    <Cet>0</Cet>
    <PCALT>10</PCALT>
    <TCALT>0.6</TCALT>
    <Pelev>3349</Pelev>
    <Telev>2921</Telev>
    <PART>0.5</PART>
    <DELAY>1</DELAY>
  </CatchmentParameters>
  <VegetationZone>
    <VegetationZoneParameters>
      <TT>-1.4535769300191241</TT>
      <CFMAX>1.9685883643757474</CFMAX>
      <SP>0</SP>
      <SFCF>0.78433340646865268</SFCF>
      <CFR>0.00057718981864244038</CFR>
      <CWH>0.10993476782353634</CWH>
      <CFGlacier>1</CFGlacier>
      <CFSlope>1</CFSlope>
      <FC>134.35110838945207</FC>
      <LP>0.67810013309941908</LP>
      <BETA>1.4614181124133592</BETA>
    </VegetationZoneParameters>
  </VegetationZone>
  <SubCatchment>
    <SubCatchmentParameters>
      <KSI>0.001</KSI>
      <KGmin>0.05</KGmin>
      <RangeKG>0.1</RangeKG>
      <AG>0.1</AG>
      <PERC>5.5357029122045516</PERC>
      <Alpha>0</Alpha>
      <UZL>95.876442057801285</UZL>
      <K0>0.29662519524513997</K0>
      <K1>0.22235407687651693</K1>
      <K2>0.03700356021207591</K2>
      <MAXBAS>1.0047215559978493</MAXBAS>
      <Cet>0</Cet>
      <PCALT>10</PCALT>
      <TCALT>0.6</TCALT>
      <Pelev>3349</Pelev>
      <Telev>2921</Telev>
      <PART>0.5</PART>
      <DELAY>1</DELAY>
    </SubCatchmentParameters>
    <SubCatchmentVegetationZone>
      <SubCatchmentVegetationZoneParameters>
        <TT>-1.4535769300191241</TT>
        <CFMAX>1.9685883643757474</CFMAX>
        <SP>0</SP>
        <SFCF>0.78433340646865268</SFCF>
        <CFR>0.00057718981864244038</CFR>
        <CWH>0.10993476782353634</CWH>
        <CFGlacier>1</CFGlacier>
        <CFSlope>1</CFSlope>
        <FC>134.35110838945207</FC>
        <LP>0.67810013309941908</LP>
        <BETA>1.4614181124133592</BETA>
      </SubCatchmentVegetationZoneParameters>
    </SubCatchmentVegetationZone>
  </SubCatchment>
</Catchment>