<?xml version="1.0" encoding="utf-8"?>
<Catchment xmlns:xsi="http://www.w3.org/2001/XMLSchema-instance" xmlns:xsd="http://www.w3.org/2001/XMLSchema">
  <CatchmentParameters>
    <KSI>0.001</KSI>
    <KGmin>0.05</KGmin>
    <RangeKG>0.1</RangeKG>
    <AG>0.1</AG>
    <PERC>1.3157348629582457</PERC>
    <Alpha>0</Alpha>
    <UZL>82.045350095666109</UZL>
    <K0>0.36193328160464333</K0>
    <K1>0.058111261320476212</K1>
    <K2>0.010000001423573914</K2>
    <MAXBAS>1</MAXBAS>
    <Cet>0</Cet>
    <PCALT>10</PCALT>
    <TCALT>0.6</TCALT>
    <Pelev>3349</Pelev>
    <Telev>2921</Telev>
    <PART>0.5</PART>
    <DELAY>1</DELAY>
  </CatchmentParameters>
  <VegetationZone>
    <VegetationZoneParameters>
      <TT>-1.898005955729793</TT>
      <CFMAX>2.7980843446413033</CFMAX>
      <SP>0</SP>
      <SFCF>1.1922472075427346</SFCF>
      <CFR>0.00047239048537392123</CFR>
      <CWH>0.10000026094373943</CWH>
      <CFGlacier>1</CFGlacier>
      <CFSlope>1</CFSlope>
      <FC>2026.8303363645191</FC>
      <LP>0.732545233503883</LP>
      <BETA>1.0792029142184392</BETA>
    </VegetationZoneParameters>
  </VegetationZone>
  <SubCatchment>
    <SubCatchmentParameters>
      <KSI>0.001</KSI>
      <KGmin>0.05</KGmin>
      <RangeKG>0.1</RangeKG>
      <AG>0.1</AG>
      <PERC>1.3157348629582457</PERC>
      <Alpha>0</Alpha>
      <UZL>82.045350095666109</UZL>
      <K0>0.36193328160464333</K0>
      <K1>0.058111261320476212</K1>
      <K2>0.010000001423573914</K2>
      <MAXBAS>1</MAXBAS>
      <Cet>0</Cet>
      <PCALT>10</PCALT>
      <TCALT>0.6</TCALT>
      <Pelev>3349</Pelev>
      <Telev>2921</Telev>
      <PART>0.5</PART>
      <DELAY>1</DELAY>
    </SubCatchmentParameters>
    <SubCatchmentVegetationZone>
      <SubCatchmentVegetationZoneParameters>
        <TT>-1.898005955729793</TT>
        <CFMAX>2.7980843446413033</CFMAX>
        <SP>0</SP>
        <SFCF>1.1922472075427346</SFCF>
        <CFR>0.00047239048537392123</CFR>
        <CWH>0.10000026094373943</CWH>
        <CFGlacier>1</CFGlacier>
        <CFSlope>1</CFSlope>
        <FC>2026.8303363645191</FC>
        <LP>0.732545233503883</LP>
        <BETA>1.0792029142184392</BETA>
      </SubCatchmentVegetationZoneParameters>
    </SubCatchmentVegetationZone>
  </SubCatchment>
</Catchment>