<?xml version="1.0" encoding="utf-8"?>
<Catchment xmlns:xsi="http://www.w3.org/2001/XMLSchema-instance" xmlns:xsd="http://www.w3.org/2001/XMLSchema">
  <CatchmentParameters>
    <KSI>0.001</KSI>
    <KGmin>0.05</KGmin>
    <RangeKG>0.1</RangeKG>
    <AG>0.1</AG>
    <PERC>9.2366516743647136</PERC>
    <Alpha>0</Alpha>
    <UZL>98.805814473975516</UZL>
    <K0>0.40656747080866329</K0>
    <K1>0.12511419595209278</K1>
    <K2>0.043003557946455016</K2>
    <MAXBAS>1.0000216879463797</MAXBAS>
    <Cet>0</Cet>
    <PCALT>10</PCALT>
    <TCALT>0.6</TCALT>
    <Pelev>3349</Pelev>
    <Telev>2921</Telev>
    <PART>0.5</PART>
    <DELAY>1</DELAY>
  </CatchmentParameters>
  <VegetationZone>
    <VegetationZoneParameters>
      <TT>-0.21600007653819844</TT>
      <CFMAX>4.6248396472073843</CFMAX>
      <SP>0</SP>
      <SFCF>0.89050928262696083</SFCF>
      <CFR>0.00010731746743864282</CFR>
      <CWH>0.17627149541080378</CWH>
      <CFGlacier>1</CFGlacier>
      <CFSlope>1</CFSlope>
      <FC>467.29915881534822</FC>
      <LP>0.99999641083137736</LP>
      <BETA>1.0000000037616623</BETA>
    </VegetationZoneParameters>
  </VegetationZone>
  <SubCatchment>
    <SubCatchmentParameters>
      <KSI>0.001</KSI>
      <KGmin>0.05</KGmin>
      <RangeKG>0.1</RangeKG>
      <AG>0.1</AG>
      <PERC>9.2366516743647136</PERC>
      <Alpha>0</Alpha>
      <UZL>98.805814473975516</UZL>
      <K0>0.40656747080866329</K0>
      <K1>0.12511419595209278</K1>
      <K2>0.043003557946455016</K2>
      <MAXBAS>1.0000216879463797</MAXBAS>
      <Cet>0</Cet>
      <PCALT>10</PCALT>
      <TCALT>0.6</TCALT>
      <Pelev>3349</Pelev>
      <Telev>2921</Telev>
      <PART>0.5</PART>
      <DELAY>1</DELAY>
    </SubCatchmentParameters>
    <SubCatchmentVegetationZone>
      <SubCatchmentVegetationZoneParameters>
        <TT>-0.21600007653819844</TT>
        <CFMAX>4.6248396472073843</CFMAX>
        <SP>0</SP>
        <SFCF>0.89050928262696083</SFCF>
        <CFR>0.00010731746743864282</CFR>
        <CWH>0.17627149541080378</CWH>
        <CFGlacier>1</CFGlacier>
        <CFSlope>1</CFSlope>
        <FC>467.29915881534822</FC>
        <LP>0.99999641083137736</LP>
        <BETA>1.0000000037616623</BETA>
      </SubCatchmentVegetationZoneParameters>
    </SubCatchmentVegetationZone>
  </SubCatchment>
</Catchment>