<?xml version="1.0" encoding="utf-8"?>
<Catchment xmlns:xsi="http://www.w3.org/2001/XMLSchema-instance" xmlns:xsd="http://www.w3.org/2001/XMLSchema">
  <CatchmentParameters>
    <KSI>0.001</KSI>
    <KGmin>0.05</KGmin>
    <RangeKG>0.1</RangeKG>
    <AG>0.1</AG>
    <PERC>6.686399406761443</PERC>
    <Alpha>0</Alpha>
    <UZL>121.19302283069001</UZL>
    <K0>0.19772380945527124</K0>
    <K1>0.25382120375438788</K1>
    <K2>0.065777152860404781</K2>
    <MAXBAS>1.0050014857267215</MAXBAS>
    <Cet>0</Cet>
    <PCALT>10</PCALT>
    <TCALT>0.6</TCALT>
    <Pelev>3349</Pelev>
    <Telev>2921</Telev>
    <PART>0.5</PART>
    <DELAY>1</DELAY>
  </CatchmentParameters>
  <VegetationZone>
    <VegetationZoneParameters>
      <TT>-0.64543866268753058</TT>
      <CFMAX>2.7057438810490133</CFMAX>
      <SP>0</SP>
      <SFCF>0.86575068176803471</SFCF>
      <CFR>0.00031220646277519163</CFR>
      <CWH>0.10000052931678266</CWH>
      <CFGlacier>1</CFGlacier>
      <CFSlope>1</CFSlope>
      <FC>430.7114607573854</FC>
      <LP>0.99999693450462968</LP>
      <BETA>1.0000003899436636</BETA>
    </VegetationZoneParameters>
  </VegetationZone>
  <SubCatchment>
    <SubCatchmentParameters>
      <KSI>0.001</KSI>
      <KGmin>0.05</KGmin>
      <RangeKG>0.1</RangeKG>
      <AG>0.1</AG>
      <PERC>6.686399406761443</PERC>
      <Alpha>0</Alpha>
      <UZL>121.19302283069001</UZL>
      <K0>0.19772380945527124</K0>
      <K1>0.25382120375438788</K1>
      <K2>0.065777152860404781</K2>
      <MAXBAS>1.0050014857267215</MAXBAS>
      <Cet>0</Cet>
      <PCALT>10</PCALT>
      <TCALT>0.6</TCALT>
      <Pelev>3349</Pelev>
      <Telev>2921</Telev>
      <PART>0.5</PART>
      <DELAY>1</DELAY>
    </SubCatchmentParameters>
    <SubCatchmentVegetationZone>
      <SubCatchmentVegetationZoneParameters>
        <TT>-0.64543866268753058</TT>
        <CFMAX>2.7057438810490133</CFMAX>
        <SP>0</SP>
        <SFCF>0.86575068176803471</SFCF>
        <CFR>0.00031220646277519163</CFR>
        <CWH>0.10000052931678266</CWH>
        <CFGlacier>1</CFGlacier>
        <CFSlope>1</CFSlope>
        <FC>430.7114607573854</FC>
        <LP>0.99999693450462968</LP>
        <BETA>1.0000003899436636</BETA>
      </SubCatchmentVegetationZoneParameters>
    </SubCatchmentVegetationZone>
  </SubCatchment>
</Catchment>