<?xml version="1.0" encoding="utf-8"?>
<Catchment xmlns:xsi="http://www.w3.org/2001/XMLSchema-instance" xmlns:xsd="http://www.w3.org/2001/XMLSchema">
  <CatchmentParameters>
    <KSI>0.001</KSI>
    <KGmin>0.05</KGmin>
    <RangeKG>0.1</RangeKG>
    <AG>0.1</AG>
    <PERC>1.73834803688827</PERC>
    <Alpha>0</Alpha>
    <UZL>169.18193565332936</UZL>
    <K0>0.76710754064636255</K0>
    <K1>0.067434268167321162</K1>
    <K2>0.01000000085424177</K2>
    <MAXBAS>1</MAXBAS>
    <Cet>0</Cet>
    <PCALT>10</PCALT>
    <TCALT>0.6</TCALT>
    <Pelev>3349</Pelev>
    <Telev>2921</Telev>
    <PART>0.5</PART>
    <DELAY>1</DELAY>
  </CatchmentParameters>
  <VegetationZone>
    <VegetationZoneParameters>
      <TT>-1.9434377227765685</TT>
      <CFMAX>4.1331307860992919</CFMAX>
      <SP>0</SP>
      <SFCF>1.3888569429681585</SFCF>
      <CFR>0.00018863961181732144</CFR>
      <CWH>0.10000000000461573</CWH>
      <CFGlacier>1</CFGlacier>
      <CFSlope>1</CFSlope>
      <FC>1602.143369363896</FC>
      <LP>0.54478991270093458</LP>
      <BETA>1.1660482421886358</BETA>
    </VegetationZoneParameters>
  </VegetationZone>
  <SubCatchment>
    <SubCatchmentParameters>
      <KSI>0.001</KSI>
      <KGmin>0.05</KGmin>
      <RangeKG>0.1</RangeKG>
      <AG>0.1</AG>
      <PERC>1.73834803688827</PERC>
      <Alpha>0</Alpha>
      <UZL>169.18193565332936</UZL>
      <K0>0.76710754064636255</K0>
      <K1>0.067434268167321162</K1>
      <K2>0.01000000085424177</K2>
      <MAXBAS>1</MAXBAS>
      <Cet>0</Cet>
      <PCALT>10</PCALT>
      <TCALT>0.6</TCALT>
      <Pelev>3349</Pelev>
      <Telev>2921</Telev>
      <PART>0.5</PART>
      <DELAY>1</DELAY>
    </SubCatchmentParameters>
    <SubCatchmentVegetationZone>
      <SubCatchmentVegetationZoneParameters>
        <TT>-1.9434377227765685</TT>
        <CFMAX>4.1331307860992919</CFMAX>
        <SP>0</SP>
        <SFCF>1.3888569429681585</SFCF>
        <CFR>0.00018863961181732144</CFR>
        <CWH>0.10000000000461573</CWH>
        <CFGlacier>1</CFGlacier>
        <CFSlope>1</CFSlope>
        <FC>1602.143369363896</FC>
        <LP>0.54478991270093458</LP>
        <BETA>1.1660482421886358</BETA>
      </SubCatchmentVegetationZoneParameters>
    </SubCatchmentVegetationZone>
  </SubCatchment>
</Catchment>