<?xml version="1.0" encoding="utf-8"?>
<Catchment xmlns:xsi="http://www.w3.org/2001/XMLSchema-instance" xmlns:xsd="http://www.w3.org/2001/XMLSchema">
  <CatchmentParameters>
    <KSI>0.001</KSI>
    <KGmin>0.05</KGmin>
    <RangeKG>0.1</RangeKG>
    <AG>0.1</AG>
    <PERC>1.89767549249125</PERC>
    <Alpha>0</Alpha>
    <UZL>58.778813441832554</UZL>
    <K0>0.25676174475560964</K0>
    <K1>0.09526096773949641</K1>
    <K2>0.010000000288023159</K2>
    <MAXBAS>1</MAXBAS>
    <Cet>0</Cet>
    <PCALT>10</PCALT>
    <TCALT>0.6</TCALT>
    <Pelev>3349</Pelev>
    <Telev>2921</Telev>
    <PART>0.5</PART>
    <DELAY>1</DELAY>
  </CatchmentParameters>
  <VegetationZone>
    <VegetationZoneParameters>
      <TT>-0.7799962680534942</TT>
      <CFMAX>3.0794677799774761</CFMAX>
      <SP>0</SP>
      <SFCF>1.0241040241913197</SFCF>
      <CFR>0.00013748124923957004</CFR>
      <CWH>0.10000017716583268</CWH>
      <CFGlacier>1</CFGlacier>
      <CFSlope>1</CFSlope>
      <FC>1833.7355819282448</FC>
      <LP>0.91860225064454171</LP>
      <BETA>1.0503233350432604</BETA>
    </VegetationZoneParameters>
  </VegetationZone>
  <SubCatchment>
    <SubCatchmentParameters>
      <KSI>0.001</KSI>
      <KGmin>0.05</KGmin>
      <RangeKG>0.1</RangeKG>
      <AG>0.1</AG>
      <PERC>1.89767549249125</PERC>
      <Alpha>0</Alpha>
      <UZL>58.778813441832554</UZL>
      <K0>0.25676174475560964</K0>
      <K1>0.09526096773949641</K1>
      <K2>0.010000000288023159</K2>
      <MAXBAS>1</MAXBAS>
      <Cet>0</Cet>
      <PCALT>10</PCALT>
      <TCALT>0.6</TCALT>
      <Pelev>3349</Pelev>
      <Telev>2921</Telev>
      <PART>0.5</PART>
      <DELAY>1</DELAY>
    </SubCatchmentParameters>
    <SubCatchmentVegetationZone>
      <SubCatchmentVegetationZoneParameters>
        <TT>-0.7799962680534942</TT>
        <CFMAX>3.0794677799774761</CFMAX>
        <SP>0</SP>
        <SFCF>1.0241040241913197</SFCF>
        <CFR>0.00013748124923957004</CFR>
        <CWH>0.10000017716583268</CWH>
        <CFGlacier>1</CFGlacier>
        <CFSlope>1</CFSlope>
        <FC>1833.7355819282448</FC>
        <LP>0.91860225064454171</LP>
        <BETA>1.0503233350432604</BETA>
      </SubCatchmentVegetationZoneParameters>
    </SubCatchmentVegetationZone>
  </SubCatchment>
</Catchment>