<?xml version="1.0" encoding="utf-8"?>
<Catchment xmlns:xsi="http://www.w3.org/2001/XMLSchema-instance" xmlns:xsd="http://www.w3.org/2001/XMLSchema">
  <CatchmentParameters>
    <KSI>0.001</KSI>
    <KGmin>0.05</KGmin>
    <RangeKG>0.1</RangeKG>
    <AG>0.1</AG>
    <PERC>9.9999781097799509</PERC>
    <Alpha>0</Alpha>
    <UZL>65.154459095012541</UZL>
    <K0>0.53759562199174216</K0>
    <K1>0.17659086634964619</K1>
    <K2>0.045561565306042794</K2>
    <MAXBAS>1.0000037066668146</MAXBAS>
    <Cet>0</Cet>
    <PCALT>10</PCALT>
    <TCALT>0.6</TCALT>
    <Pelev>3349</Pelev>
    <Telev>2921</Telev>
    <PART>0.5</PART>
    <DELAY>1</DELAY>
  </CatchmentParameters>
  <VegetationZone>
    <VegetationZoneParameters>
      <TT>-0.54400723324913147</TT>
      <CFMAX>4.4439008905687762</CFMAX>
      <SP>0</SP>
      <SFCF>0.94189111642128021</SFCF>
      <CFR>0.00024636151931436176</CFR>
      <CWH>0.19999925747974934</CWH>
      <CFGlacier>1</CFGlacier>
      <CFSlope>1</CFSlope>
      <FC>643.05388044418021</FC>
      <LP>0.99999615186046253</LP>
      <BETA>1.0002711415588057</BETA>
    </VegetationZoneParameters>
  </VegetationZone>
  <SubCatchment>
    <SubCatchmentParameters>
      <KSI>0.001</KSI>
      <KGmin>0.05</KGmin>
      <RangeKG>0.1</RangeKG>
      <AG>0.1</AG>
      <PERC>9.9999781097799509</PERC>
      <Alpha>0</Alpha>
      <UZL>65.154459095012541</UZL>
      <K0>0.53759562199174216</K0>
      <K1>0.17659086634964619</K1>
      <K2>0.045561565306042794</K2>
      <MAXBAS>1.0000037066668146</MAXBAS>
      <Cet>0</Cet>
      <PCALT>10</PCALT>
      <TCALT>0.6</TCALT>
      <Pelev>3349</Pelev>
      <Telev>2921</Telev>
      <PART>0.5</PART>
      <DELAY>1</DELAY>
    </SubCatchmentParameters>
    <SubCatchmentVegetationZone>
      <SubCatchmentVegetationZoneParameters>
        <TT>-0.54400723324913147</TT>
        <CFMAX>4.4439008905687762</CFMAX>
        <SP>0</SP>
        <SFCF>0.94189111642128021</SFCF>
        <CFR>0.00024636151931436176</CFR>
        <CWH>0.19999925747974934</CWH>
        <CFGlacier>1</CFGlacier>
        <CFSlope>1</CFSlope>
        <FC>643.05388044418021</FC>
        <LP>0.99999615186046253</LP>
        <BETA>1.0002711415588057</BETA>
      </SubCatchmentVegetationZoneParameters>
    </SubCatchmentVegetationZone>
  </SubCatchment>
</Catchment>