<?xml version="1.0" encoding="utf-8"?>
<Catchment xmlns:xsi="http://www.w3.org/2001/XMLSchema-instance" xmlns:xsd="http://www.w3.org/2001/XMLSchema">
  <CatchmentParameters>
    <KSI>0.001</KSI>
    <KGmin>0.05</KGmin>
    <RangeKG>0.1</RangeKG>
    <AG>0.1</AG>
    <PERC>1.5640133520036754</PERC>
    <Alpha>0</Alpha>
    <UZL>73.79681706242188</UZL>
    <K0>0.35838546358751638</K0>
    <K1>0.062907345353621635</K1>
    <K2>0.010872815523791738</K2>
    <MAXBAS>1</MAXBAS>
    <Cet>0</Cet>
    <PCALT>10</PCALT>
    <TCALT>0.6</TCALT>
    <Pelev>3349</Pelev>
    <Telev>2921</Telev>
    <PART>0.5</PART>
    <DELAY>1</DELAY>
  </CatchmentParameters>
  <VegetationZone>
    <VegetationZoneParameters>
      <TT>-1.9077299860917332</TT>
      <CFMAX>2.6721990579052544</CFMAX>
      <SP>0</SP>
      <SFCF>1.1409235137755744</SFCF>
      <CFR>2.34822502017714E-09</CFR>
      <CWH>0.10000000346132867</CWH>
      <CFGlacier>1</CFGlacier>
      <CFSlope>1</CFSlope>
      <FC>1558.7452349699345</FC>
      <LP>0.82467027496060441</LP>
      <BETA>1.1141881924648027</BETA>
    </VegetationZoneParameters>
  </VegetationZone>
  <SubCatchment>
    <SubCatchmentParameters>
      <KSI>0.001</KSI>
      <KGmin>0.05</KGmin>
      <RangeKG>0.1</RangeKG>
      <AG>0.1</AG>
      <PERC>1.5640133520036754</PERC>
      <Alpha>0</Alpha>
      <UZL>73.79681706242188</UZL>
      <K0>0.35838546358751638</K0>
      <K1>0.062907345353621635</K1>
      <K2>0.010872815523791738</K2>
      <MAXBAS>1</MAXBAS>
      <Cet>0</Cet>
      <PCALT>10</PCALT>
      <TCALT>0.6</TCALT>
      <Pelev>3349</Pelev>
      <Telev>2921</Telev>
      <PART>0.5</PART>
      <DELAY>1</DELAY>
    </SubCatchmentParameters>
    <SubCatchmentVegetationZone>
      <SubCatchmentVegetationZoneParameters>
        <TT>-1.9077299860917332</TT>
        <CFMAX>2.6721990579052544</CFMAX>
        <SP>0</SP>
        <SFCF>1.1409235137755744</SFCF>
        <CFR>2.34822502017714E-09</CFR>
        <CWH>0.10000000346132867</CWH>
        <CFGlacier>1</CFGlacier>
        <CFSlope>1</CFSlope>
        <FC>1558.7452349699345</FC>
        <LP>0.82467027496060441</LP>
        <BETA>1.1141881924648027</BETA>
      </SubCatchmentVegetationZoneParameters>
    </SubCatchmentVegetationZone>
  </SubCatchment>
</Catchment>