<?xml version="1.0" encoding="utf-8"?>
<Catchment xmlns:xsi="http://www.w3.org/2001/XMLSchema-instance" xmlns:xsd="http://www.w3.org/2001/XMLSchema">
  <CatchmentParameters>
    <KSI>0.001</KSI>
    <KGmin>0.05</KGmin>
    <RangeKG>0.1</RangeKG>
    <AG>0.1</AG>
    <PERC>9.0614116961579025</PERC>
    <Alpha>0</Alpha>
    <UZL>141.61751762999862</UZL>
    <K0>0.29780361566053432</K0>
    <K1>0.16085957376752164</K1>
    <K2>0.045048246709762117</K2>
    <MAXBAS>1.0000990844061382</MAXBAS>
    <Cet>0</Cet>
    <PCALT>10</PCALT>
    <TCALT>0.6</TCALT>
    <Pelev>3349</Pelev>
    <Telev>2921</Telev>
    <PART>0.5</PART>
    <DELAY>1</DELAY>
  </CatchmentParameters>
  <VegetationZone>
    <VegetationZoneParameters>
      <TT>-0.44352612892594517</TT>
      <CFMAX>4.7784476870507788</CFMAX>
      <SP>0</SP>
      <SFCF>0.98953736632569189</SFCF>
      <CFR>0.00018282547617072781</CFR>
      <CWH>0.19999932495974937</CWH>
      <CFGlacier>1</CFGlacier>
      <CFSlope>1</CFSlope>
      <FC>999.99999499184969</FC>
      <LP>0.99999899633988321</LP>
      <BETA>1.2469959623962275</BETA>
    </VegetationZoneParameters>
  </VegetationZone>
  <SubCatchment>
    <SubCatchmentParameters>
      <KSI>0.001</KSI>
      <KGmin>0.05</KGmin>
      <RangeKG>0.1</RangeKG>
      <AG>0.1</AG>
      <PERC>9.0614116961579025</PERC>
      <Alpha>0</Alpha>
      <UZL>141.61751762999862</UZL>
      <K0>0.29780361566053432</K0>
      <K1>0.16085957376752164</K1>
      <K2>0.045048246709762117</K2>
      <MAXBAS>1.0000990844061382</MAXBAS>
      <Cet>0</Cet>
      <PCALT>10</PCALT>
      <TCALT>0.6</TCALT>
      <Pelev>3349</Pelev>
      <Telev>2921</Telev>
      <PART>0.5</PART>
      <DELAY>1</DELAY>
    </SubCatchmentParameters>
    <SubCatchmentVegetationZone>
      <SubCatchmentVegetationZoneParameters>
        <TT>-0.44352612892594517</TT>
        <CFMAX>4.7784476870507788</CFMAX>
        <SP>0</SP>
        <SFCF>0.98953736632569189</SFCF>
        <CFR>0.00018282547617072781</CFR>
        <CWH>0.19999932495974937</CWH>
        <CFGlacier>1</CFGlacier>
        <CFSlope>1</CFSlope>
        <FC>999.99999499184969</FC>
        <LP>0.99999899633988321</LP>
        <BETA>1.2469959623962275</BETA>
      </SubCatchmentVegetationZoneParameters>
    </SubCatchmentVegetationZone>
  </SubCatchment>
</Catchment>