<?xml version="1.0" encoding="utf-8"?>
<Catchment xmlns:xsi="http://www.w3.org/2001/XMLSchema-instance" xmlns:xsd="http://www.w3.org/2001/XMLSchema">
  <CatchmentParameters>
    <KSI>0.001</KSI>
    <KGmin>0.05</KGmin>
    <RangeKG>0.1</RangeKG>
    <AG>0.1</AG>
    <PERC>1.8978552714506825</PERC>
    <Alpha>0</Alpha>
    <UZL>124.16822693369113</UZL>
    <K0>0.45793020844897686</K0>
    <K1>0.12254334990619058</K1>
    <K2>0.010000000198250331</K2>
    <MAXBAS>1</MAXBAS>
    <Cet>0</Cet>
    <PCALT>10</PCALT>
    <TCALT>0.6</TCALT>
    <Pelev>3349</Pelev>
    <Telev>2921</Telev>
    <PART>0.5</PART>
    <DELAY>1</DELAY>
  </CatchmentParameters>
  <VegetationZone>
    <VegetationZoneParameters>
      <TT>-1.909683844644448</TT>
      <CFMAX>2.818303925772899</CFMAX>
      <SP>0</SP>
      <SFCF>1.2623960068819284</SFCF>
      <CFR>4.4269326819887052E-07</CFR>
      <CWH>0.10000009663082328</CWH>
      <CFGlacier>1</CFGlacier>
      <CFSlope>1</CFSlope>
      <FC>2452.4770840889314</FC>
      <LP>0.74466497246855734</LP>
      <BETA>1.4997675371909109</BETA>
    </VegetationZoneParameters>
  </VegetationZone>
  <SubCatchment>
    <SubCatchmentParameters>
      <KSI>0.001</KSI>
      <KGmin>0.05</KGmin>
      <RangeKG>0.1</RangeKG>
      <AG>0.1</AG>
      <PERC>1.8978552714506825</PERC>
      <Alpha>0</Alpha>
      <UZL>124.16822693369113</UZL>
      <K0>0.45793020844897686</K0>
      <K1>0.12254334990619058</K1>
      <K2>0.010000000198250331</K2>
      <MAXBAS>1</MAXBAS>
      <Cet>0</Cet>
      <PCALT>10</PCALT>
      <TCALT>0.6</TCALT>
      <Pelev>3349</Pelev>
      <Telev>2921</Telev>
      <PART>0.5</PART>
      <DELAY>1</DELAY>
    </SubCatchmentParameters>
    <SubCatchmentVegetationZone>
      <SubCatchmentVegetationZoneParameters>
        <TT>-1.909683844644448</TT>
        <CFMAX>2.818303925772899</CFMAX>
        <SP>0</SP>
        <SFCF>1.2623960068819284</SFCF>
        <CFR>4.4269326819887052E-07</CFR>
        <CWH>0.10000009663082328</CWH>
        <CFGlacier>1</CFGlacier>
        <CFSlope>1</CFSlope>
        <FC>2452.4770840889314</FC>
        <LP>0.74466497246855734</LP>
        <BETA>1.4997675371909109</BETA>
      </SubCatchmentVegetationZoneParameters>
    </SubCatchmentVegetationZone>
  </SubCatchment>
</Catchment>