<?xml version="1.0" encoding="utf-8"?>
<Catchment xmlns:xsi="http://www.w3.org/2001/XMLSchema-instance" xmlns:xsd="http://www.w3.org/2001/XMLSchema">
  <CatchmentParameters>
    <KSI>0.001</KSI>
    <KGmin>0.05</KGmin>
    <RangeKG>0.1</RangeKG>
    <AG>0.1</AG>
    <PERC>1.5106243388771787</PERC>
    <Alpha>0</Alpha>
    <UZL>65.727182827321357</UZL>
    <K0>0.31195939319228877</K0>
    <K1>0.067844053884580355</K1>
    <K2>0.010000008201694026</K2>
    <MAXBAS>1</MAXBAS>
    <Cet>0</Cet>
    <PCALT>10</PCALT>
    <TCALT>0.6</TCALT>
    <Pelev>3349</Pelev>
    <Telev>2921</Telev>
    <PART>0.5</PART>
    <DELAY>1</DELAY>
  </CatchmentParameters>
  <VegetationZone>
    <VegetationZoneParameters>
      <TT>-1.9054046286651647</TT>
      <CFMAX>2.7918792863851403</CFMAX>
      <SP>0</SP>
      <SFCF>1.2355086068731969</SFCF>
      <CFR>2.5440188808649108E-08</CFR>
      <CWH>0.10000005675162747</CWH>
      <CFGlacier>1</CFGlacier>
      <CFSlope>1</CFSlope>
      <FC>2427.9130294159663</FC>
      <LP>0.76966732417277584</LP>
      <BETA>1.4579804031663268</BETA>
    </VegetationZoneParameters>
  </VegetationZone>
  <SubCatchment>
    <SubCatchmentParameters>
      <KSI>0.001</KSI>
      <KGmin>0.05</KGmin>
      <RangeKG>0.1</RangeKG>
      <AG>0.1</AG>
      <PERC>1.5106243388771787</PERC>
      <Alpha>0</Alpha>
      <UZL>65.727182827321357</UZL>
      <K0>0.31195939319228877</K0>
      <K1>0.067844053884580355</K1>
      <K2>0.010000008201694026</K2>
      <MAXBAS>1</MAXBAS>
      <Cet>0</Cet>
      <PCALT>10</PCALT>
      <TCALT>0.6</TCALT>
      <Pelev>3349</Pelev>
      <Telev>2921</Telev>
      <PART>0.5</PART>
      <DELAY>1</DELAY>
    </SubCatchmentParameters>
    <SubCatchmentVegetationZone>
      <SubCatchmentVegetationZoneParameters>
        <TT>-1.9054046286651647</TT>
        <CFMAX>2.7918792863851403</CFMAX>
        <SP>0</SP>
        <SFCF>1.2355086068731969</SFCF>
        <CFR>2.5440188808649108E-08</CFR>
        <CWH>0.10000005675162747</CWH>
        <CFGlacier>1</CFGlacier>
        <CFSlope>1</CFSlope>
        <FC>2427.9130294159663</FC>
        <LP>0.76966732417277584</LP>
        <BETA>1.4579804031663268</BETA>
      </SubCatchmentVegetationZoneParameters>
    </SubCatchmentVegetationZone>
  </SubCatchment>
</Catchment>