<?xml version="1.0" encoding="utf-8"?>
<Catchment xmlns:xsi="http://www.w3.org/2001/XMLSchema-instance" xmlns:xsd="http://www.w3.org/2001/XMLSchema">
  <CatchmentParameters>
    <KSI>0.001</KSI>
    <KGmin>0.05</KGmin>
    <RangeKG>0.1</RangeKG>
    <AG>0.1</AG>
    <PERC>7.5719744472676815</PERC>
    <Alpha>0</Alpha>
    <UZL>54.535187153501383</UZL>
    <K0>0.49039038831500403</K0>
    <K1>0.32068669595147903</K1>
    <K2>0.051124366252977567</K2>
    <MAXBAS>1.0049812221691761</MAXBAS>
    <Cet>0</Cet>
    <PCALT>10</PCALT>
    <TCALT>0.6</TCALT>
    <Pelev>3349</Pelev>
    <Telev>2921</Telev>
    <PART>0.5</PART>
    <DELAY>1</DELAY>
  </CatchmentParameters>
  <VegetationZone>
    <VegetationZoneParameters>
      <TT>-1.99895261214091</TT>
      <CFMAX>1.9902597839630314</CFMAX>
      <SP>0</SP>
      <SFCF>0.83816945343115</SFCF>
      <CFR>0.068000781396352114</CFR>
      <CWH>0.11338250614482036</CWH>
      <CFGlacier>1</CFGlacier>
      <CFSlope>1</CFSlope>
      <FC>218.90115718195847</FC>
      <LP>0.74670663539094628</LP>
      <BETA>1.8727514911232435</BETA>
    </VegetationZoneParameters>
  </VegetationZone>
  <SubCatchment>
    <SubCatchmentParameters>
      <KSI>0.001</KSI>
      <KGmin>0.05</KGmin>
      <RangeKG>0.1</RangeKG>
      <AG>0.1</AG>
      <PERC>7.5719744472676815</PERC>
      <Alpha>0</Alpha>
      <UZL>54.535187153501383</UZL>
      <K0>0.49039038831500403</K0>
      <K1>0.32068669595147903</K1>
      <K2>0.051124366252977567</K2>
      <MAXBAS>1.0049812221691761</MAXBAS>
      <Cet>0</Cet>
      <PCALT>10</PCALT>
      <TCALT>0.6</TCALT>
      <Pelev>3349</Pelev>
      <Telev>2921</Telev>
      <PART>0.5</PART>
      <DELAY>1</DELAY>
    </SubCatchmentParameters>
    <SubCatchmentVegetationZone>
      <SubCatchmentVegetationZoneParameters>
        <TT>-1.99895261214091</TT>
        <CFMAX>1.9902597839630314</CFMAX>
        <SP>0</SP>
        <SFCF>0.83816945343115</SFCF>
        <CFR>0.068000781396352114</CFR>
        <CWH>0.11338250614482036</CWH>
        <CFGlacier>1</CFGlacier>
        <CFSlope>1</CFSlope>
        <FC>218.90115718195847</FC>
        <LP>0.74670663539094628</LP>
        <BETA>1.8727514911232435</BETA>
      </SubCatchmentVegetationZoneParameters>
    </SubCatchmentVegetationZone>
  </SubCatchment>
</Catchment>