<?xml version="1.0" encoding="utf-8"?>
<Catchment xmlns:xsi="http://www.w3.org/2001/XMLSchema-instance" xmlns:xsd="http://www.w3.org/2001/XMLSchema">
  <CatchmentParameters>
    <KSI>0.001</KSI>
    <KGmin>0.05</KGmin>
    <RangeKG>0.1</RangeKG>
    <AG>0.1</AG>
    <PERC>1.9431660324039619</PERC>
    <Alpha>0</Alpha>
    <UZL>58.129949469213152</UZL>
    <K0>0.31203415441671639</K0>
    <K1>0.090562198444425562</K1>
    <K2>0.010000000183786762</K2>
    <MAXBAS>1</MAXBAS>
    <Cet>0</Cet>
    <PCALT>10</PCALT>
    <TCALT>0.6</TCALT>
    <Pelev>3349</Pelev>
    <Telev>2921</Telev>
    <PART>0.5</PART>
    <DELAY>1</DELAY>
  </CatchmentParameters>
  <VegetationZone>
    <VegetationZoneParameters>
      <TT>-1.1035953563063323</TT>
      <CFMAX>3.0214669306121951</CFMAX>
      <SP>0</SP>
      <SFCF>1.1000381083155379</SFCF>
      <CFR>0.00015451276063609235</CFR>
      <CWH>0.10000005603767959</CWH>
      <CFGlacier>1</CFGlacier>
      <CFSlope>1</CFSlope>
      <FC>2059.1136951265753</FC>
      <LP>0.86219674468709573</LP>
      <BETA>1.2480826492824315</BETA>
    </VegetationZoneParameters>
  </VegetationZone>
  <SubCatchment>
    <SubCatchmentParameters>
      <KSI>0.001</KSI>
      <KGmin>0.05</KGmin>
      <RangeKG>0.1</RangeKG>
      <AG>0.1</AG>
      <PERC>1.9431660324039619</PERC>
      <Alpha>0</Alpha>
      <UZL>58.129949469213152</UZL>
      <K0>0.31203415441671639</K0>
      <K1>0.090562198444425562</K1>
      <K2>0.010000000183786762</K2>
      <MAXBAS>1</MAXBAS>
      <Cet>0</Cet>
      <PCALT>10</PCALT>
      <TCALT>0.6</TCALT>
      <Pelev>3349</Pelev>
      <Telev>2921</Telev>
      <PART>0.5</PART>
      <DELAY>1</DELAY>
    </SubCatchmentParameters>
    <SubCatchmentVegetationZone>
      <SubCatchmentVegetationZoneParameters>
        <TT>-1.1035953563063323</TT>
        <CFMAX>3.0214669306121951</CFMAX>
        <SP>0</SP>
        <SFCF>1.1000381083155379</SFCF>
        <CFR>0.00015451276063609235</CFR>
        <CWH>0.10000005603767959</CWH>
        <CFGlacier>1</CFGlacier>
        <CFSlope>1</CFSlope>
        <FC>2059.1136951265753</FC>
        <LP>0.86219674468709573</LP>
        <BETA>1.2480826492824315</BETA>
      </SubCatchmentVegetationZoneParameters>
    </SubCatchmentVegetationZone>
  </SubCatchment>
</Catchment>