<?xml version="1.0" encoding="utf-8"?>
<Catchment xmlns:xsi="http://www.w3.org/2001/XMLSchema-instance" xmlns:xsd="http://www.w3.org/2001/XMLSchema">
  <CatchmentParameters>
    <KSI>0.001</KSI>
    <KGmin>0.05</KGmin>
    <RangeKG>0.1</RangeKG>
    <AG>0.1</AG>
    <PERC>9.9999913483106386</PERC>
    <Alpha>0</Alpha>
    <UZL>64.885494124551158</UZL>
    <K0>0.24149272092466023</K0>
    <K1>0.19508589378462987</K1>
    <K2>0.043861419932787006</K2>
    <MAXBAS>1.0000490646523244</MAXBAS>
    <Cet>0</Cet>
    <PCALT>10</PCALT>
    <TCALT>0.6</TCALT>
    <Pelev>3349</Pelev>
    <Telev>2921</Telev>
    <PART>0.5</PART>
    <DELAY>1</DELAY>
  </CatchmentParameters>
  <VegetationZone>
    <VegetationZoneParameters>
      <TT>-1.6652572699962058</TT>
      <CFMAX>3.6139277362729092</CFMAX>
      <SP>0</SP>
      <SFCF>0.99977703092860182</SFCF>
      <CFR>0.050599907349492518</CFR>
      <CWH>0.19999979605747523</CWH>
      <CFGlacier>1</CFGlacier>
      <CFSlope>1</CFSlope>
      <FC>635.45916172315628</FC>
      <LP>0.99791970600675306</LP>
      <BETA>1.4493746279511484</BETA>
    </VegetationZoneParameters>
  </VegetationZone>
  <SubCatchment>
    <SubCatchmentParameters>
      <KSI>0.001</KSI>
      <KGmin>0.05</KGmin>
      <RangeKG>0.1</RangeKG>
      <AG>0.1</AG>
      <PERC>9.9999913483106386</PERC>
      <Alpha>0</Alpha>
      <UZL>64.885494124551158</UZL>
      <K0>0.24149272092466023</K0>
      <K1>0.19508589378462987</K1>
      <K2>0.043861419932787006</K2>
      <MAXBAS>1.0000490646523244</MAXBAS>
      <Cet>0</Cet>
      <PCALT>10</PCALT>
      <TCALT>0.6</TCALT>
      <Pelev>3349</Pelev>
      <Telev>2921</Telev>
      <PART>0.5</PART>
      <DELAY>1</DELAY>
    </SubCatchmentParameters>
    <SubCatchmentVegetationZone>
      <SubCatchmentVegetationZoneParameters>
        <TT>-1.6652572699962058</TT>
        <CFMAX>3.6139277362729092</CFMAX>
        <SP>0</SP>
        <SFCF>0.99977703092860182</SFCF>
        <CFR>0.050599907349492518</CFR>
        <CWH>0.19999979605747523</CWH>
        <CFGlacier>1</CFGlacier>
        <CFSlope>1</CFSlope>
        <FC>635.45916172315628</FC>
        <LP>0.99791970600675306</LP>
        <BETA>1.4493746279511484</BETA>
      </SubCatchmentVegetationZoneParameters>
    </SubCatchmentVegetationZone>
  </SubCatchment>
</Catchment>