<?xml version="1.0" encoding="utf-8"?>
<Catchment xmlns:xsi="http://www.w3.org/2001/XMLSchema-instance" xmlns:xsd="http://www.w3.org/2001/XMLSchema">
  <CatchmentParameters>
    <KSI>0.001</KSI>
    <KGmin>0.05</KGmin>
    <RangeKG>0.1</RangeKG>
    <AG>0.1</AG>
    <PERC>1.8995147378097155</PERC>
    <Alpha>0</Alpha>
    <UZL>176.08392174402133</UZL>
    <K0>0.27877311183272419</K0>
    <K1>0.10484109765167594</K1>
    <K2>0.010000007503988849</K2>
    <MAXBAS>1</MAXBAS>
    <Cet>0</Cet>
    <PCALT>10</PCALT>
    <TCALT>0.6</TCALT>
    <Pelev>3349</Pelev>
    <Telev>2921</Telev>
    <PART>0.5</PART>
    <DELAY>1</DELAY>
  </CatchmentParameters>
  <VegetationZone>
    <VegetationZoneParameters>
      <TT>-1.9920984927328704</TT>
      <CFMAX>3.0689309118560857</CFMAX>
      <SP>0</SP>
      <SFCF>1.3290664458554438</SFCF>
      <CFR>1.3386655831055231E-10</CFR>
      <CWH>0.10000004262310618</CWH>
      <CFGlacier>1</CFGlacier>
      <CFSlope>1</CFSlope>
      <FC>2499.9921351746989</FC>
      <LP>0.7714054540883406</LP>
      <BETA>1.9897099653226653</BETA>
    </VegetationZoneParameters>
  </VegetationZone>
  <SubCatchment>
    <SubCatchmentParameters>
      <KSI>0.001</KSI>
      <KGmin>0.05</KGmin>
      <RangeKG>0.1</RangeKG>
      <AG>0.1</AG>
      <PERC>1.8995147378097155</PERC>
      <Alpha>0</Alpha>
      <UZL>176.08392174402133</UZL>
      <K0>0.27877311183272419</K0>
      <K1>0.10484109765167594</K1>
      <K2>0.010000007503988849</K2>
      <MAXBAS>1</MAXBAS>
      <Cet>0</Cet>
      <PCALT>10</PCALT>
      <TCALT>0.6</TCALT>
      <Pelev>3349</Pelev>
      <Telev>2921</Telev>
      <PART>0.5</PART>
      <DELAY>1</DELAY>
    </SubCatchmentParameters>
    <SubCatchmentVegetationZone>
      <SubCatchmentVegetationZoneParameters>
        <TT>-1.9920984927328704</TT>
        <CFMAX>3.0689309118560857</CFMAX>
        <SP>0</SP>
        <SFCF>1.3290664458554438</SFCF>
        <CFR>1.3386655831055231E-10</CFR>
        <CWH>0.10000004262310618</CWH>
        <CFGlacier>1</CFGlacier>
        <CFSlope>1</CFSlope>
        <FC>2499.9921351746989</FC>
        <LP>0.7714054540883406</LP>
        <BETA>1.9897099653226653</BETA>
      </SubCatchmentVegetationZoneParameters>
    </SubCatchmentVegetationZone>
  </SubCatchment>
</Catchment>