<?xml version="1.0" encoding="utf-8"?>
<Catchment xmlns:xsi="http://www.w3.org/2001/XMLSchema-instance" xmlns:xsd="http://www.w3.org/2001/XMLSchema">
  <CatchmentParameters>
    <KSI>0.001</KSI>
    <KGmin>0.05</KGmin>
    <RangeKG>0.1</RangeKG>
    <AG>0.1</AG>
    <PERC>7.1024716506569092</PERC>
    <Alpha>0</Alpha>
    <UZL>161.27168971661126</UZL>
    <K0>0.28724759851847054</K0>
    <K1>0.27680944707429966</K1>
    <K2>0.0596701991714198</K2>
    <MAXBAS>1.0049615999706127</MAXBAS>
    <Cet>0</Cet>
    <PCALT>10</PCALT>
    <TCALT>0.6</TCALT>
    <Pelev>3349</Pelev>
    <Telev>2921</Telev>
    <PART>0.5</PART>
    <DELAY>1</DELAY>
  </CatchmentParameters>
  <VegetationZone>
    <VegetationZoneParameters>
      <TT>-0.946474098970952</TT>
      <CFMAX>2.4481690385052013</CFMAX>
      <SP>0</SP>
      <SFCF>0.82874487587678836</SFCF>
      <CFR>0.017671650806929971</CFR>
      <CWH>0.10000072638077384</CWH>
      <CFGlacier>1</CFGlacier>
      <CFSlope>1</CFSlope>
      <FC>266.57419687202969</FC>
      <LP>0.96854862771885253</LP>
      <BETA>1.0000000015476218</BETA>
    </VegetationZoneParameters>
  </VegetationZone>
  <SubCatchment>
    <SubCatchmentParameters>
      <KSI>0.001</KSI>
      <KGmin>0.05</KGmin>
      <RangeKG>0.1</RangeKG>
      <AG>0.1</AG>
      <PERC>7.1024716506569092</PERC>
      <Alpha>0</Alpha>
      <UZL>161.27168971661126</UZL>
      <K0>0.28724759851847054</K0>
      <K1>0.27680944707429966</K1>
      <K2>0.0596701991714198</K2>
      <MAXBAS>1.0049615999706127</MAXBAS>
      <Cet>0</Cet>
      <PCALT>10</PCALT>
      <TCALT>0.6</TCALT>
      <Pelev>3349</Pelev>
      <Telev>2921</Telev>
      <PART>0.5</PART>
      <DELAY>1</DELAY>
    </SubCatchmentParameters>
    <SubCatchmentVegetationZone>
      <SubCatchmentVegetationZoneParameters>
        <TT>-0.946474098970952</TT>
        <CFMAX>2.4481690385052013</CFMAX>
        <SP>0</SP>
        <SFCF>0.82874487587678836</SFCF>
        <CFR>0.017671650806929971</CFR>
        <CWH>0.10000072638077384</CWH>
        <CFGlacier>1</CFGlacier>
        <CFSlope>1</CFSlope>
        <FC>266.57419687202969</FC>
        <LP>0.96854862771885253</LP>
        <BETA>1.0000000015476218</BETA>
      </SubCatchmentVegetationZoneParameters>
    </SubCatchmentVegetationZone>
  </SubCatchment>
</Catchment>