<?xml version="1.0" encoding="utf-8"?>
<Catchment xmlns:xsi="http://www.w3.org/2001/XMLSchema-instance" xmlns:xsd="http://www.w3.org/2001/XMLSchema">
  <CatchmentParameters>
    <KSI>0.001</KSI>
    <KGmin>0.05</KGmin>
    <RangeKG>0.1</RangeKG>
    <AG>0.1</AG>
    <PERC>9.9999774527467871</PERC>
    <Alpha>0</Alpha>
    <UZL>74.780248758724625</UZL>
    <K0>0.5887756850946767</K0>
    <K1>0.19965118072319366</K1>
    <K2>0.0447176292133295</K2>
    <MAXBAS>1.0000639570180605</MAXBAS>
    <Cet>0</Cet>
    <PCALT>10</PCALT>
    <TCALT>0.6</TCALT>
    <Pelev>3349</Pelev>
    <Telev>2921</Telev>
    <PART>0.5</PART>
    <DELAY>1</DELAY>
  </CatchmentParameters>
  <VegetationZone>
    <VegetationZoneParameters>
      <TT>-1.4445521062292535</TT>
      <CFMAX>3.3434214424134954</CFMAX>
      <SP>0</SP>
      <SFCF>0.89047200568269458</SFCF>
      <CFR>0.026966480698137504</CFR>
      <CWH>0.19999957333767318</CWH>
      <CFGlacier>1</CFGlacier>
      <CFSlope>1</CFSlope>
      <FC>391.93391097488637</FC>
      <LP>0.99999289187033991</LP>
      <BETA>1.1702551479457217</BETA>
    </VegetationZoneParameters>
  </VegetationZone>
  <SubCatchment>
    <SubCatchmentParameters>
      <KSI>0.001</KSI>
      <KGmin>0.05</KGmin>
      <RangeKG>0.1</RangeKG>
      <AG>0.1</AG>
      <PERC>9.9999774527467871</PERC>
      <Alpha>0</Alpha>
      <UZL>74.780248758724625</UZL>
      <K0>0.5887756850946767</K0>
      <K1>0.19965118072319366</K1>
      <K2>0.0447176292133295</K2>
      <MAXBAS>1.0000639570180605</MAXBAS>
      <Cet>0</Cet>
      <PCALT>10</PCALT>
      <TCALT>0.6</TCALT>
      <Pelev>3349</Pelev>
      <Telev>2921</Telev>
      <PART>0.5</PART>
      <DELAY>1</DELAY>
    </SubCatchmentParameters>
    <SubCatchmentVegetationZone>
      <SubCatchmentVegetationZoneParameters>
        <TT>-1.4445521062292535</TT>
        <CFMAX>3.3434214424134954</CFMAX>
        <SP>0</SP>
        <SFCF>0.89047200568269458</SFCF>
        <CFR>0.026966480698137504</CFR>
        <CWH>0.19999957333767318</CWH>
        <CFGlacier>1</CFGlacier>
        <CFSlope>1</CFSlope>
        <FC>391.93391097488637</FC>
        <LP>0.99999289187033991</LP>
        <BETA>1.1702551479457217</BETA>
      </SubCatchmentVegetationZoneParameters>
    </SubCatchmentVegetationZone>
  </SubCatchment>
</Catchment>