<?xml version="1.0" encoding="utf-8"?>
<Catchment xmlns:xsi="http://www.w3.org/2001/XMLSchema-instance" xmlns:xsd="http://www.w3.org/2001/XMLSchema">
  <CatchmentParameters>
    <KSI>0.001</KSI>
    <KGmin>0.05</KGmin>
    <RangeKG>0.1</RangeKG>
    <AG>0.1</AG>
    <PERC>1.485747682666263</PERC>
    <Alpha>0</Alpha>
    <UZL>120.8615728423911</UZL>
    <K0>0.093917041287681913</K0>
    <K1>0.041534840347820783</K1>
    <K2>0.010000000427981763</K2>
    <MAXBAS>1</MAXBAS>
    <Cet>0</Cet>
    <PCALT>10</PCALT>
    <TCALT>0.6</TCALT>
    <Pelev>3349</Pelev>
    <Telev>2921</Telev>
    <PART>0.5</PART>
    <DELAY>1</DELAY>
  </CatchmentParameters>
  <VegetationZone>
    <VegetationZoneParameters>
      <TT>-1.731458761902227</TT>
      <CFMAX>4.096592999743498</CFMAX>
      <SP>0</SP>
      <SFCF>1.1945219173317785</SFCF>
      <CFR>3.4000738779552061E-10</CFR>
      <CWH>0.11687205059402678</CWH>
      <CFGlacier>1</CFGlacier>
      <CFSlope>1</CFSlope>
      <FC>1121.437478309475</FC>
      <LP>0.805607175482097</LP>
      <BETA>1.1489679592300588</BETA>
    </VegetationZoneParameters>
  </VegetationZone>
  <SubCatchment>
    <SubCatchmentParameters>
      <KSI>0.001</KSI>
      <KGmin>0.05</KGmin>
      <RangeKG>0.1</RangeKG>
      <AG>0.1</AG>
      <PERC>1.485747682666263</PERC>
      <Alpha>0</Alpha>
      <UZL>120.8615728423911</UZL>
      <K0>0.093917041287681913</K0>
      <K1>0.041534840347820783</K1>
      <K2>0.010000000427981763</K2>
      <MAXBAS>1</MAXBAS>
      <Cet>0</Cet>
      <PCALT>10</PCALT>
      <TCALT>0.6</TCALT>
      <Pelev>3349</Pelev>
      <Telev>2921</Telev>
      <PART>0.5</PART>
      <DELAY>1</DELAY>
    </SubCatchmentParameters>
    <SubCatchmentVegetationZone>
      <SubCatchmentVegetationZoneParameters>
        <TT>-1.731458761902227</TT>
        <CFMAX>4.096592999743498</CFMAX>
        <SP>0</SP>
        <SFCF>1.1945219173317785</SFCF>
        <CFR>3.4000738779552061E-10</CFR>
        <CWH>0.11687205059402678</CWH>
        <CFGlacier>1</CFGlacier>
        <CFSlope>1</CFSlope>
        <FC>1121.437478309475</FC>
        <LP>0.805607175482097</LP>
        <BETA>1.1489679592300588</BETA>
      </SubCatchmentVegetationZoneParameters>
    </SubCatchmentVegetationZone>
  </SubCatchment>
</Catchment>