<?xml version="1.0" encoding="utf-8"?>
<Catchment xmlns:xsi="http://www.w3.org/2001/XMLSchema-instance" xmlns:xsd="http://www.w3.org/2001/XMLSchema">
  <CatchmentParameters>
    <KSI>0.001</KSI>
    <KGmin>0.05</KGmin>
    <RangeKG>0.1</RangeKG>
    <AG>0.1</AG>
    <PERC>1.0581253378891726</PERC>
    <Alpha>0</Alpha>
    <UZL>137.40685120385396</UZL>
    <K0>0.14769674272249359</K0>
    <K1>0.039087529442792764</K1>
    <K2>0.010000030186730324</K2>
    <MAXBAS>1</MAXBAS>
    <Cet>0</Cet>
    <PCALT>10</PCALT>
    <TCALT>0.6</TCALT>
    <Pelev>3349</Pelev>
    <Telev>2921</Telev>
    <PART>0.5</PART>
    <DELAY>1</DELAY>
  </CatchmentParameters>
  <VegetationZone>
    <VegetationZoneParameters>
      <TT>-1.8545619075842379</TT>
      <CFMAX>3.7324923526009068</CFMAX>
      <SP>0</SP>
      <SFCF>1.1403696351960631</SFCF>
      <CFR>0.020992085674943112</CFR>
      <CWH>0.1408073679148529</CWH>
      <CFGlacier>1</CFGlacier>
      <CFSlope>1</CFSlope>
      <FC>1960.7252517145564</FC>
      <LP>0.86821796510768723</LP>
      <BETA>1.1487232605000741</BETA>
    </VegetationZoneParameters>
  </VegetationZone>
  <SubCatchment>
    <SubCatchmentParameters>
      <KSI>0.001</KSI>
      <KGmin>0.05</KGmin>
      <RangeKG>0.1</RangeKG>
      <AG>0.1</AG>
      <PERC>1.0581253378891726</PERC>
      <Alpha>0</Alpha>
      <UZL>137.40685120385396</UZL>
      <K0>0.14769674272249359</K0>
      <K1>0.039087529442792764</K1>
      <K2>0.010000030186730324</K2>
      <MAXBAS>1</MAXBAS>
      <Cet>0</Cet>
      <PCALT>10</PCALT>
      <TCALT>0.6</TCALT>
      <Pelev>3349</Pelev>
      <Telev>2921</Telev>
      <PART>0.5</PART>
      <DELAY>1</DELAY>
    </SubCatchmentParameters>
    <SubCatchmentVegetationZone>
      <SubCatchmentVegetationZoneParameters>
        <TT>-1.8545619075842379</TT>
        <CFMAX>3.7324923526009068</CFMAX>
        <SP>0</SP>
        <SFCF>1.1403696351960631</SFCF>
        <CFR>0.020992085674943112</CFR>
        <CWH>0.1408073679148529</CWH>
        <CFGlacier>1</CFGlacier>
        <CFSlope>1</CFSlope>
        <FC>1960.7252517145564</FC>
        <LP>0.86821796510768723</LP>
        <BETA>1.1487232605000741</BETA>
      </SubCatchmentVegetationZoneParameters>
    </SubCatchmentVegetationZone>
  </SubCatchment>
</Catchment>