<?xml version="1.0" encoding="utf-8"?>
<Catchment xmlns:xsi="http://www.w3.org/2001/XMLSchema-instance" xmlns:xsd="http://www.w3.org/2001/XMLSchema">
  <CatchmentParameters>
    <KSI>0.001</KSI>
    <KGmin>0.05</KGmin>
    <RangeKG>0.1</RangeKG>
    <AG>0.1</AG>
    <PERC>9.9999435389001032</PERC>
    <Alpha>0</Alpha>
    <UZL>161.86199846822711</UZL>
    <K0>0.54940177494431564</K0>
    <K1>0.20268240207889324</K1>
    <K2>0.045076061350037555</K2>
    <MAXBAS>1.0000323532853281</MAXBAS>
    <Cet>0</Cet>
    <PCALT>10</PCALT>
    <TCALT>0.6</TCALT>
    <Pelev>3349</Pelev>
    <Telev>2921</Telev>
    <PART>0.5</PART>
    <DELAY>1</DELAY>
  </CatchmentParameters>
  <VegetationZone>
    <VegetationZoneParameters>
      <TT>-1.4877362929020281</TT>
      <CFMAX>3.7053253838275655</CFMAX>
      <SP>0</SP>
      <SFCF>0.99823715375127164</SFCF>
      <CFR>0.011162742958260856</CFR>
      <CWH>0.19999970200287764</CWH>
      <CFGlacier>1</CFGlacier>
      <CFSlope>1</CFSlope>
      <FC>678.62411448716932</FC>
      <LP>0.99999767129475259</LP>
      <BETA>1.3821476512767683</BETA>
    </VegetationZoneParameters>
  </VegetationZone>
  <SubCatchment>
    <SubCatchmentParameters>
      <KSI>0.001</KSI>
      <KGmin>0.05</KGmin>
      <RangeKG>0.1</RangeKG>
      <AG>0.1</AG>
      <PERC>9.9999435389001032</PERC>
      <Alpha>0</Alpha>
      <UZL>161.86199846822711</UZL>
      <K0>0.54940177494431564</K0>
      <K1>0.20268240207889324</K1>
      <K2>0.045076061350037555</K2>
      <MAXBAS>1.0000323532853281</MAXBAS>
      <Cet>0</Cet>
      <PCALT>10</PCALT>
      <TCALT>0.6</TCALT>
      <Pelev>3349</Pelev>
      <Telev>2921</Telev>
      <PART>0.5</PART>
      <DELAY>1</DELAY>
    </SubCatchmentParameters>
    <SubCatchmentVegetationZone>
      <SubCatchmentVegetationZoneParameters>
        <TT>-1.4877362929020281</TT>
        <CFMAX>3.7053253838275655</CFMAX>
        <SP>0</SP>
        <SFCF>0.99823715375127164</SFCF>
        <CFR>0.011162742958260856</CFR>
        <CWH>0.19999970200287764</CWH>
        <CFGlacier>1</CFGlacier>
        <CFSlope>1</CFSlope>
        <FC>678.62411448716932</FC>
        <LP>0.99999767129475259</LP>
        <BETA>1.3821476512767683</BETA>
      </SubCatchmentVegetationZoneParameters>
    </SubCatchmentVegetationZone>
  </SubCatchment>
</Catchment>