<?xml version="1.0" encoding="utf-8"?>
<Catchment xmlns:xsi="http://www.w3.org/2001/XMLSchema-instance" xmlns:xsd="http://www.w3.org/2001/XMLSchema">
  <CatchmentParameters>
    <KSI>0.001</KSI>
    <KGmin>0.05</KGmin>
    <RangeKG>0.1</RangeKG>
    <AG>0.1</AG>
    <PERC>9.9999949732337825</PERC>
    <Alpha>0</Alpha>
    <UZL>121.19508151809502</UZL>
    <K0>0.39321050238653316</K0>
    <K1>0.0973614261225114</K1>
    <K2>0.039381295637227538</K2>
    <MAXBAS>1.0000004177744395</MAXBAS>
    <Cet>0</Cet>
    <PCALT>10</PCALT>
    <TCALT>0.6</TCALT>
    <Pelev>3349</Pelev>
    <Telev>2921</Telev>
    <PART>0.5</PART>
    <DELAY>1</DELAY>
  </CatchmentParameters>
  <VegetationZone>
    <VegetationZoneParameters>
      <TT>0.81068059777124946</TT>
      <CFMAX>4.6159163339139715</CFMAX>
      <SP>0</SP>
      <SFCF>0.66691475810354672</SFCF>
      <CFR>0.00029075752682701083</CFR>
      <CWH>0.19138441158905958</CWH>
      <CFGlacier>1</CFGlacier>
      <CFSlope>1</CFSlope>
      <FC>58.447160301710362</FC>
      <LP>0.92334069710017774</LP>
      <BETA>1.0000001344010938</BETA>
    </VegetationZoneParameters>
  </VegetationZone>
  <SubCatchment>
    <SubCatchmentParameters>
      <KSI>0.001</KSI>
      <KGmin>0.05</KGmin>
      <RangeKG>0.1</RangeKG>
      <AG>0.1</AG>
      <PERC>9.9999949732337825</PERC>
      <Alpha>0</Alpha>
      <UZL>121.19508151809502</UZL>
      <K0>0.39321050238653316</K0>
      <K1>0.0973614261225114</K1>
      <K2>0.039381295637227538</K2>
      <MAXBAS>1.0000004177744395</MAXBAS>
      <Cet>0</Cet>
      <PCALT>10</PCALT>
      <TCALT>0.6</TCALT>
      <Pelev>3349</Pelev>
      <Telev>2921</Telev>
      <PART>0.5</PART>
      <DELAY>1</DELAY>
    </SubCatchmentParameters>
    <SubCatchmentVegetationZone>
      <SubCatchmentVegetationZoneParameters>
        <TT>0.81068059777124946</TT>
        <CFMAX>4.6159163339139715</CFMAX>
        <SP>0</SP>
        <SFCF>0.66691475810354672</SFCF>
        <CFR>0.00029075752682701083</CFR>
        <CWH>0.19138441158905958</CWH>
        <CFGlacier>1</CFGlacier>
        <CFSlope>1</CFSlope>
        <FC>58.447160301710362</FC>
        <LP>0.92334069710017774</LP>
        <BETA>1.0000001344010938</BETA>
      </SubCatchmentVegetationZoneParameters>
    </SubCatchmentVegetationZone>
  </SubCatchment>
</Catchment>