<?xml version="1.0" encoding="utf-8"?>
<Catchment xmlns:xsi="http://www.w3.org/2001/XMLSchema-instance" xmlns:xsd="http://www.w3.org/2001/XMLSchema">
  <CatchmentParameters>
    <KSI>0.001</KSI>
    <KGmin>0.05</KGmin>
    <RangeKG>0.1</RangeKG>
    <AG>0.1</AG>
    <PERC>7.0765307969531044</PERC>
    <Alpha>0</Alpha>
    <UZL>103.30720442323423</UZL>
    <K0>0.18816465377426575</K0>
    <K1>0.28089481714089604</K1>
    <K2>0.065846316208398953</K2>
    <MAXBAS>1.0065017089511974</MAXBAS>
    <Cet>0</Cet>
    <PCALT>10</PCALT>
    <TCALT>0.6</TCALT>
    <Pelev>3349</Pelev>
    <Telev>2921</Telev>
    <PART>0.5</PART>
    <DELAY>1</DELAY>
  </CatchmentParameters>
  <VegetationZone>
    <VegetationZoneParameters>
      <TT>-0.769507228942922</TT>
      <CFMAX>2.514832556709631</CFMAX>
      <SP>0</SP>
      <SFCF>0.82578991477350894</SFCF>
      <CFR>0.000471307288138089</CFR>
      <CWH>0.10000034293147869</CWH>
      <CFGlacier>1</CFGlacier>
      <CFSlope>1</CFSlope>
      <FC>304.51434176066505</FC>
      <LP>0.99999999291082331</LP>
      <BETA>1.0000049782674594</BETA>
    </VegetationZoneParameters>
  </VegetationZone>
  <SubCatchment>
    <SubCatchmentParameters>
      <KSI>0.001</KSI>
      <KGmin>0.05</KGmin>
      <RangeKG>0.1</RangeKG>
      <AG>0.1</AG>
      <PERC>7.0765307969531044</PERC>
      <Alpha>0</Alpha>
      <UZL>103.30720442323423</UZL>
      <K0>0.18816465377426575</K0>
      <K1>0.28089481714089604</K1>
      <K2>0.065846316208398953</K2>
      <MAXBAS>1.0065017089511974</MAXBAS>
      <Cet>0</Cet>
      <PCALT>10</PCALT>
      <TCALT>0.6</TCALT>
      <Pelev>3349</Pelev>
      <Telev>2921</Telev>
      <PART>0.5</PART>
      <DELAY>1</DELAY>
    </SubCatchmentParameters>
    <SubCatchmentVegetationZone>
      <SubCatchmentVegetationZoneParameters>
        <TT>-0.769507228942922</TT>
        <CFMAX>2.514832556709631</CFMAX>
        <SP>0</SP>
        <SFCF>0.82578991477350894</SFCF>
        <CFR>0.000471307288138089</CFR>
        <CWH>0.10000034293147869</CWH>
        <CFGlacier>1</CFGlacier>
        <CFSlope>1</CFSlope>
        <FC>304.51434176066505</FC>
        <LP>0.99999999291082331</LP>
        <BETA>1.0000049782674594</BETA>
      </SubCatchmentVegetationZoneParameters>
    </SubCatchmentVegetationZone>
  </SubCatchment>
</Catchment>