<?xml version="1.0" encoding="utf-8"?>
<Catchment xmlns:xsi="http://www.w3.org/2001/XMLSchema-instance" xmlns:xsd="http://www.w3.org/2001/XMLSchema">
  <CatchmentParameters>
    <KSI>0.001</KSI>
    <KGmin>0.05</KGmin>
    <RangeKG>0.1</RangeKG>
    <AG>0.1</AG>
    <PERC>9.9999679004535427</PERC>
    <Alpha>0</Alpha>
    <UZL>144.77624520166529</UZL>
    <K0>0.14862901225307645</K0>
    <K1>0.2051665414583384</K1>
    <K2>0.045070931897551542</K2>
    <MAXBAS>1.0000251266755165</MAXBAS>
    <Cet>0</Cet>
    <PCALT>10</PCALT>
    <TCALT>0.6</TCALT>
    <Pelev>3349</Pelev>
    <Telev>2921</Telev>
    <PART>0.5</PART>
    <DELAY>1</DELAY>
  </CatchmentParameters>
  <VegetationZone>
    <VegetationZoneParameters>
      <TT>-1.5352504013503214</TT>
      <CFMAX>3.7768120349946575</CFMAX>
      <SP>0</SP>
      <SFCF>0.99285533370868007</SFCF>
      <CFR>0.099979175744068491</CFR>
      <CWH>0.19999954701934411</CWH>
      <CFGlacier>1</CFGlacier>
      <CFSlope>1</CFSlope>
      <FC>693.69560921684388</FC>
      <LP>0.99996707267753449</LP>
      <BETA>1.3371258991056123</BETA>
    </VegetationZoneParameters>
  </VegetationZone>
  <SubCatchment>
    <SubCatchmentParameters>
      <KSI>0.001</KSI>
      <KGmin>0.05</KGmin>
      <RangeKG>0.1</RangeKG>
      <AG>0.1</AG>
      <PERC>9.9999679004535427</PERC>
      <Alpha>0</Alpha>
      <UZL>144.77624520166529</UZL>
      <K0>0.14862901225307645</K0>
      <K1>0.2051665414583384</K1>
      <K2>0.045070931897551542</K2>
      <MAXBAS>1.0000251266755165</MAXBAS>
      <Cet>0</Cet>
      <PCALT>10</PCALT>
      <TCALT>0.6</TCALT>
      <Pelev>3349</Pelev>
      <Telev>2921</Telev>
      <PART>0.5</PART>
      <DELAY>1</DELAY>
    </SubCatchmentParameters>
    <SubCatchmentVegetationZone>
      <SubCatchmentVegetationZoneParameters>
        <TT>-1.5352504013503214</TT>
        <CFMAX>3.7768120349946575</CFMAX>
        <SP>0</SP>
        <SFCF>0.99285533370868007</SFCF>
        <CFR>0.099979175744068491</CFR>
        <CWH>0.19999954701934411</CWH>
        <CFGlacier>1</CFGlacier>
        <CFSlope>1</CFSlope>
        <FC>693.69560921684388</FC>
        <LP>0.99996707267753449</LP>
        <BETA>1.3371258991056123</BETA>
      </SubCatchmentVegetationZoneParameters>
    </SubCatchmentVegetationZone>
  </SubCatchment>
</Catchment>