<?xml version="1.0" encoding="utf-8"?>
<Catchment xmlns:xsi="http://www.w3.org/2001/XMLSchema-instance" xmlns:xsd="http://www.w3.org/2001/XMLSchema">
  <CatchmentParameters>
    <KSI>0.001</KSI>
    <KGmin>0.05</KGmin>
    <RangeKG>0.1</RangeKG>
    <AG>0.1</AG>
    <PERC>1.1465990223828</PERC>
    <Alpha>0</Alpha>
    <UZL>136.7364088932834</UZL>
    <K0>0.10696038189411504</K0>
    <K1>0.0379081876520276</K1>
    <K2>0.010000002546560999</K2>
    <MAXBAS>1</MAXBAS>
    <Cet>0</Cet>
    <PCALT>10</PCALT>
    <TCALT>0.6</TCALT>
    <Pelev>3349</Pelev>
    <Telev>2921</Telev>
    <PART>0.5</PART>
    <DELAY>1</DELAY>
  </CatchmentParameters>
  <VegetationZone>
    <VegetationZoneParameters>
      <TT>-1.9332631451239466</TT>
      <CFMAX>4.3008323489160967</CFMAX>
      <SP>0</SP>
      <SFCF>1.2784996627790364</SFCF>
      <CFR>0.04070772546140413</CFR>
      <CWH>0.10000099986420388</CWH>
      <CFGlacier>1</CFGlacier>
      <CFSlope>1</CFSlope>
      <FC>2052.3248160221756</FC>
      <LP>0.91714893502680228</LP>
      <BETA>2.1164400307338904</BETA>
    </VegetationZoneParameters>
  </VegetationZone>
  <SubCatchment>
    <SubCatchmentParameters>
      <KSI>0.001</KSI>
      <KGmin>0.05</KGmin>
      <RangeKG>0.1</RangeKG>
      <AG>0.1</AG>
      <PERC>1.1465990223828</PERC>
      <Alpha>0</Alpha>
      <UZL>136.7364088932834</UZL>
      <K0>0.10696038189411504</K0>
      <K1>0.0379081876520276</K1>
      <K2>0.010000002546560999</K2>
      <MAXBAS>1</MAXBAS>
      <Cet>0</Cet>
      <PCALT>10</PCALT>
      <TCALT>0.6</TCALT>
      <Pelev>3349</Pelev>
      <Telev>2921</Telev>
      <PART>0.5</PART>
      <DELAY>1</DELAY>
    </SubCatchmentParameters>
    <SubCatchmentVegetationZone>
      <SubCatchmentVegetationZoneParameters>
        <TT>-1.9332631451239466</TT>
        <CFMAX>4.3008323489160967</CFMAX>
        <SP>0</SP>
        <SFCF>1.2784996627790364</SFCF>
        <CFR>0.04070772546140413</CFR>
        <CWH>0.10000099986420388</CWH>
        <CFGlacier>1</CFGlacier>
        <CFSlope>1</CFSlope>
        <FC>2052.3248160221756</FC>
        <LP>0.91714893502680228</LP>
        <BETA>2.1164400307338904</BETA>
      </SubCatchmentVegetationZoneParameters>
    </SubCatchmentVegetationZone>
  </SubCatchment>
</Catchment>