<?xml version="1.0" encoding="utf-8"?>
<Catchment xmlns:xsi="http://www.w3.org/2001/XMLSchema-instance" xmlns:xsd="http://www.w3.org/2001/XMLSchema">
  <CatchmentParameters>
    <KSI>0.001</KSI>
    <KGmin>0.05</KGmin>
    <RangeKG>0.1</RangeKG>
    <AG>0.1</AG>
    <PERC>7.4768217039900442</PERC>
    <Alpha>0</Alpha>
    <UZL>44.704993343048855</UZL>
    <K0>0.36132277409086921</K0>
    <K1>0.25988824594159665</K1>
    <K2>0.058559815702731936</K2>
    <MAXBAS>1.0050025210898519</MAXBAS>
    <Cet>0</Cet>
    <PCALT>10</PCALT>
    <TCALT>0.6</TCALT>
    <Pelev>3349</Pelev>
    <Telev>2921</Telev>
    <PART>0.5</PART>
    <DELAY>1</DELAY>
  </CatchmentParameters>
  <VegetationZone>
    <VegetationZoneParameters>
      <TT>-0.49796026650813008</TT>
      <CFMAX>3.2507657517280615</CFMAX>
      <SP>0</SP>
      <SFCF>0.95964111339659464</SFCF>
      <CFR>0.021497851671700211</CFR>
      <CWH>0.10000003936868031</CWH>
      <CFGlacier>1</CFGlacier>
      <CFSlope>1</CFSlope>
      <FC>999.9935094513686</FC>
      <LP>0.99309214430867965</LP>
      <BETA>1.0076113799587498</BETA>
    </VegetationZoneParameters>
  </VegetationZone>
  <SubCatchment>
    <SubCatchmentParameters>
      <KSI>0.001</KSI>
      <KGmin>0.05</KGmin>
      <RangeKG>0.1</RangeKG>
      <AG>0.1</AG>
      <PERC>7.4768217039900442</PERC>
      <Alpha>0</Alpha>
      <UZL>44.704993343048855</UZL>
      <K0>0.36132277409086921</K0>
      <K1>0.25988824594159665</K1>
      <K2>0.058559815702731936</K2>
      <MAXBAS>1.0050025210898519</MAXBAS>
      <Cet>0</Cet>
      <PCALT>10</PCALT>
      <TCALT>0.6</TCALT>
      <Pelev>3349</Pelev>
      <Telev>2921</Telev>
      <PART>0.5</PART>
      <DELAY>1</DELAY>
    </SubCatchmentParameters>
    <SubCatchmentVegetationZone>
      <SubCatchmentVegetationZoneParameters>
        <TT>-0.49796026650813008</TT>
        <CFMAX>3.2507657517280615</CFMAX>
        <SP>0</SP>
        <SFCF>0.95964111339659464</SFCF>
        <CFR>0.021497851671700211</CFR>
        <CWH>0.10000003936868031</CWH>
        <CFGlacier>1</CFGlacier>
        <CFSlope>1</CFSlope>
        <FC>999.9935094513686</FC>
        <LP>0.99309214430867965</LP>
        <BETA>1.0076113799587498</BETA>
      </SubCatchmentVegetationZoneParameters>
    </SubCatchmentVegetationZone>
  </SubCatchment>
</Catchment>