<?xml version="1.0" encoding="utf-8"?>
<Catchment xmlns:xsi="http://www.w3.org/2001/XMLSchema-instance" xmlns:xsd="http://www.w3.org/2001/XMLSchema">
  <CatchmentParameters>
    <KSI>0.001</KSI>
    <KGmin>0.05</KGmin>
    <RangeKG>0.1</RangeKG>
    <AG>0.1</AG>
    <PERC>1.863350159919472</PERC>
    <Alpha>0</Alpha>
    <UZL>127.68037156634487</UZL>
    <K0>0.5365439711264296</K0>
    <K1>0.12174061382165437</K1>
    <K2>0.010000002106225606</K2>
    <MAXBAS>1</MAXBAS>
    <Cet>0</Cet>
    <PCALT>10</PCALT>
    <TCALT>0.6</TCALT>
    <Pelev>3349</Pelev>
    <Telev>2921</Telev>
    <PART>0.5</PART>
    <DELAY>1</DELAY>
  </CatchmentParameters>
  <VegetationZone>
    <VegetationZoneParameters>
      <TT>-1.9066066255230147</TT>
      <CFMAX>2.8499896099232687</CFMAX>
      <SP>0</SP>
      <SFCF>1.2484575418453308</SFCF>
      <CFR>1.7544401203130975E-11</CFR>
      <CWH>0.10000013940246244</CWH>
      <CFGlacier>1</CFGlacier>
      <CFSlope>1</CFSlope>
      <FC>2294.8455821408488</FC>
      <LP>0.84780452850674515</LP>
      <BETA>1.94604003441967</BETA>
    </VegetationZoneParameters>
  </VegetationZone>
  <SubCatchment>
    <SubCatchmentParameters>
      <KSI>0.001</KSI>
      <KGmin>0.05</KGmin>
      <RangeKG>0.1</RangeKG>
      <AG>0.1</AG>
      <PERC>1.863350159919472</PERC>
      <Alpha>0</Alpha>
      <UZL>127.68037156634487</UZL>
      <K0>0.5365439711264296</K0>
      <K1>0.12174061382165437</K1>
      <K2>0.010000002106225606</K2>
      <MAXBAS>1</MAXBAS>
      <Cet>0</Cet>
      <PCALT>10</PCALT>
      <TCALT>0.6</TCALT>
      <Pelev>3349</Pelev>
      <Telev>2921</Telev>
      <PART>0.5</PART>
      <DELAY>1</DELAY>
    </SubCatchmentParameters>
    <SubCatchmentVegetationZone>
      <SubCatchmentVegetationZoneParameters>
        <TT>-1.9066066255230147</TT>
        <CFMAX>2.8499896099232687</CFMAX>
        <SP>0</SP>
        <SFCF>1.2484575418453308</SFCF>
        <CFR>1.7544401203130975E-11</CFR>
        <CWH>0.10000013940246244</CWH>
        <CFGlacier>1</CFGlacier>
        <CFSlope>1</CFSlope>
        <FC>2294.8455821408488</FC>
        <LP>0.84780452850674515</LP>
        <BETA>1.94604003441967</BETA>
      </SubCatchmentVegetationZoneParameters>
    </SubCatchmentVegetationZone>
  </SubCatchment>
</Catchment>