<?xml version="1.0" encoding="utf-8"?>
<Catchment xmlns:xsi="http://www.w3.org/2001/XMLSchema-instance" xmlns:xsd="http://www.w3.org/2001/XMLSchema">
  <CatchmentParameters>
    <KSI>0.001</KSI>
    <KGmin>0.05</KGmin>
    <RangeKG>0.1</RangeKG>
    <AG>0.1</AG>
    <PERC>1.4826828876404448</PERC>
    <Alpha>0</Alpha>
    <UZL>72.890098004527374</UZL>
    <K0>0.32528691810200322</K0>
    <K1>0.065024308114831231</K1>
    <K2>0.010000007504470531</K2>
    <MAXBAS>1</MAXBAS>
    <Cet>0</Cet>
    <PCALT>10</PCALT>
    <TCALT>0.6</TCALT>
    <Pelev>3349</Pelev>
    <Telev>2921</Telev>
    <PART>0.5</PART>
    <DELAY>1</DELAY>
  </CatchmentParameters>
  <VegetationZone>
    <VegetationZoneParameters>
      <TT>-1.898007901641718</TT>
      <CFMAX>2.7774896509575213</CFMAX>
      <SP>0</SP>
      <SFCF>1.1775683362763822</SFCF>
      <CFR>2.2312913047669832E-07</CFR>
      <CWH>0.10000010772358893</CWH>
      <CFGlacier>1</CFGlacier>
      <CFSlope>1</CFSlope>
      <FC>1996.6709296461581</FC>
      <LP>0.9710695510168218</LP>
      <BETA>2.0732392666792259</BETA>
    </VegetationZoneParameters>
  </VegetationZone>
  <SubCatchment>
    <SubCatchmentParameters>
      <KSI>0.001</KSI>
      <KGmin>0.05</KGmin>
      <RangeKG>0.1</RangeKG>
      <AG>0.1</AG>
      <PERC>1.4826828876404448</PERC>
      <Alpha>0</Alpha>
      <UZL>72.890098004527374</UZL>
      <K0>0.32528691810200322</K0>
      <K1>0.065024308114831231</K1>
      <K2>0.010000007504470531</K2>
      <MAXBAS>1</MAXBAS>
      <Cet>0</Cet>
      <PCALT>10</PCALT>
      <TCALT>0.6</TCALT>
      <Pelev>3349</Pelev>
      <Telev>2921</Telev>
      <PART>0.5</PART>
      <DELAY>1</DELAY>
    </SubCatchmentParameters>
    <SubCatchmentVegetationZone>
      <SubCatchmentVegetationZoneParameters>
        <TT>-1.898007901641718</TT>
        <CFMAX>2.7774896509575213</CFMAX>
        <SP>0</SP>
        <SFCF>1.1775683362763822</SFCF>
        <CFR>2.2312913047669832E-07</CFR>
        <CWH>0.10000010772358893</CWH>
        <CFGlacier>1</CFGlacier>
        <CFSlope>1</CFSlope>
        <FC>1996.6709296461581</FC>
        <LP>0.9710695510168218</LP>
        <BETA>2.0732392666792259</BETA>
      </SubCatchmentVegetationZoneParameters>
    </SubCatchmentVegetationZone>
  </SubCatchment>
</Catchment>