<?xml version="1.0" encoding="utf-8"?>
<Catchment xmlns:xsi="http://www.w3.org/2001/XMLSchema-instance" xmlns:xsd="http://www.w3.org/2001/XMLSchema">
  <CatchmentParameters>
    <KSI>0.001</KSI>
    <KGmin>0.05</KGmin>
    <RangeKG>0.1</RangeKG>
    <AG>0.1</AG>
    <PERC>1.0876793912995619</PERC>
    <Alpha>0</Alpha>
    <UZL>141.77107363920223</UZL>
    <K0>0.13589744457764644</K0>
    <K1>0.037602816199749041</K1>
    <K2>0.010000003463230489</K2>
    <MAXBAS>1</MAXBAS>
    <Cet>0</Cet>
    <PCALT>10</PCALT>
    <TCALT>0.6</TCALT>
    <Pelev>3349</Pelev>
    <Telev>2921</Telev>
    <PART>0.5</PART>
    <DELAY>1</DELAY>
  </CatchmentParameters>
  <VegetationZone>
    <VegetationZoneParameters>
      <TT>-2.0348376747238328</TT>
      <CFMAX>4.0451869809641412</CFMAX>
      <SP>0</SP>
      <SFCF>1.2422561757162751</SFCF>
      <CFR>0.049922720689412725</CFR>
      <CWH>0.13278862215162751</CWH>
      <CFGlacier>1</CFGlacier>
      <CFSlope>1</CFSlope>
      <FC>1928.1725689083032</FC>
      <LP>0.80081973042368193</LP>
      <BETA>1.2927481651551347</BETA>
    </VegetationZoneParameters>
  </VegetationZone>
  <SubCatchment>
    <SubCatchmentParameters>
      <KSI>0.001</KSI>
      <KGmin>0.05</KGmin>
      <RangeKG>0.1</RangeKG>
      <AG>0.1</AG>
      <PERC>1.0876793912995619</PERC>
      <Alpha>0</Alpha>
      <UZL>141.77107363920223</UZL>
      <K0>0.13589744457764644</K0>
      <K1>0.037602816199749041</K1>
      <K2>0.010000003463230489</K2>
      <MAXBAS>1</MAXBAS>
      <Cet>0</Cet>
      <PCALT>10</PCALT>
      <TCALT>0.6</TCALT>
      <Pelev>3349</Pelev>
      <Telev>2921</Telev>
      <PART>0.5</PART>
      <DELAY>1</DELAY>
    </SubCatchmentParameters>
    <SubCatchmentVegetationZone>
      <SubCatchmentVegetationZoneParameters>
        <TT>-2.0348376747238328</TT>
        <CFMAX>4.0451869809641412</CFMAX>
        <SP>0</SP>
        <SFCF>1.2422561757162751</SFCF>
        <CFR>0.049922720689412725</CFR>
        <CWH>0.13278862215162751</CWH>
        <CFGlacier>1</CFGlacier>
        <CFSlope>1</CFSlope>
        <FC>1928.1725689083032</FC>
        <LP>0.80081973042368193</LP>
        <BETA>1.2927481651551347</BETA>
      </SubCatchmentVegetationZoneParameters>
    </SubCatchmentVegetationZone>
  </SubCatchment>
</Catchment>