<?xml version="1.0" encoding="utf-8"?>
<Catchment xmlns:xsi="http://www.w3.org/2001/XMLSchema-instance" xmlns:xsd="http://www.w3.org/2001/XMLSchema">
  <CatchmentParameters>
    <KSI>0.001</KSI>
    <KGmin>0.05</KGmin>
    <RangeKG>0.1</RangeKG>
    <AG>0.1</AG>
    <PERC>1.8672035767554072</PERC>
    <Alpha>0</Alpha>
    <UZL>182.41121942226505</UZL>
    <K0>0.2657681338366995</K0>
    <K1>0.12266422110028259</K1>
    <K2>0.010000003329439029</K2>
    <MAXBAS>1</MAXBAS>
    <Cet>0</Cet>
    <PCALT>10</PCALT>
    <TCALT>0.6</TCALT>
    <Pelev>3349</Pelev>
    <Telev>2921</Telev>
    <PART>0.5</PART>
    <DELAY>1</DELAY>
  </CatchmentParameters>
  <VegetationZone>
    <VegetationZoneParameters>
      <TT>-1.927850415377169</TT>
      <CFMAX>2.8254772735951668</CFMAX>
      <SP>0</SP>
      <SFCF>1.2786430379420026</SFCF>
      <CFR>1.0296999109894325E-07</CFR>
      <CWH>0.10000022049340349</CWH>
      <CFGlacier>1</CFGlacier>
      <CFSlope>1</CFSlope>
      <FC>2499.9979569466068</FC>
      <LP>0.72913113464450419</LP>
      <BETA>1.5064229113566359</BETA>
    </VegetationZoneParameters>
  </VegetationZone>
  <SubCatchment>
    <SubCatchmentParameters>
      <KSI>0.001</KSI>
      <KGmin>0.05</KGmin>
      <RangeKG>0.1</RangeKG>
      <AG>0.1</AG>
      <PERC>1.8672035767554072</PERC>
      <Alpha>0</Alpha>
      <UZL>182.41121942226505</UZL>
      <K0>0.2657681338366995</K0>
      <K1>0.12266422110028259</K1>
      <K2>0.010000003329439029</K2>
      <MAXBAS>1</MAXBAS>
      <Cet>0</Cet>
      <PCALT>10</PCALT>
      <TCALT>0.6</TCALT>
      <Pelev>3349</Pelev>
      <Telev>2921</Telev>
      <PART>0.5</PART>
      <DELAY>1</DELAY>
    </SubCatchmentParameters>
    <SubCatchmentVegetationZone>
      <SubCatchmentVegetationZoneParameters>
        <TT>-1.927850415377169</TT>
        <CFMAX>2.8254772735951668</CFMAX>
        <SP>0</SP>
        <SFCF>1.2786430379420026</SFCF>
        <CFR>1.0296999109894325E-07</CFR>
        <CWH>0.10000022049340349</CWH>
        <CFGlacier>1</CFGlacier>
        <CFSlope>1</CFSlope>
        <FC>2499.9979569466068</FC>
        <LP>0.72913113464450419</LP>
        <BETA>1.5064229113566359</BETA>
      </SubCatchmentVegetationZoneParameters>
    </SubCatchmentVegetationZone>
  </SubCatchment>
</Catchment>