<?xml version="1.0" encoding="utf-8"?>
<Catchment xmlns:xsi="http://www.w3.org/2001/XMLSchema-instance" xmlns:xsd="http://www.w3.org/2001/XMLSchema">
  <CatchmentParameters>
    <KSI>0.001</KSI>
    <KGmin>0.05</KGmin>
    <RangeKG>0.1</RangeKG>
    <AG>0.1</AG>
    <PERC>9.9999867071687412</PERC>
    <Alpha>0</Alpha>
    <UZL>127.73681660131415</UZL>
    <K0>0.59312671891444979</K0>
    <K1>0.15476253411311439</K1>
    <K2>0.041182975649648686</K2>
    <MAXBAS>1.0000080729575807</MAXBAS>
    <Cet>0</Cet>
    <PCALT>10</PCALT>
    <TCALT>0.6</TCALT>
    <Pelev>3349</Pelev>
    <Telev>2921</Telev>
    <PART>0.5</PART>
    <DELAY>1</DELAY>
  </CatchmentParameters>
  <VegetationZone>
    <VegetationZoneParameters>
      <TT>-0.444000098034939</TT>
      <CFMAX>3.4648338633221636</CFMAX>
      <SP>0</SP>
      <SFCF>0.694324413304959</SFCF>
      <CFR>0.088920897516184816</CFR>
      <CWH>0.19999857654384248</CWH>
      <CFGlacier>1</CFGlacier>
      <CFSlope>1</CFSlope>
      <FC>99.111317202543717</FC>
      <LP>0.99998310542378677</LP>
      <BETA>1.0000018704235156</BETA>
    </VegetationZoneParameters>
  </VegetationZone>
  <SubCatchment>
    <SubCatchmentParameters>
      <KSI>0.001</KSI>
      <KGmin>0.05</KGmin>
      <RangeKG>0.1</RangeKG>
      <AG>0.1</AG>
      <PERC>9.9999867071687412</PERC>
      <Alpha>0</Alpha>
      <UZL>127.73681660131415</UZL>
      <K0>0.59312671891444979</K0>
      <K1>0.15476253411311439</K1>
      <K2>0.041182975649648686</K2>
      <MAXBAS>1.0000080729575807</MAXBAS>
      <Cet>0</Cet>
      <PCALT>10</PCALT>
      <TCALT>0.6</TCALT>
      <Pelev>3349</Pelev>
      <Telev>2921</Telev>
      <PART>0.5</PART>
      <DELAY>1</DELAY>
    </SubCatchmentParameters>
    <SubCatchmentVegetationZone>
      <SubCatchmentVegetationZoneParameters>
        <TT>-0.444000098034939</TT>
        <CFMAX>3.4648338633221636</CFMAX>
        <SP>0</SP>
        <SFCF>0.694324413304959</SFCF>
        <CFR>0.088920897516184816</CFR>
        <CWH>0.19999857654384248</CWH>
        <CFGlacier>1</CFGlacier>
        <CFSlope>1</CFSlope>
        <FC>99.111317202543717</FC>
        <LP>0.99998310542378677</LP>
        <BETA>1.0000018704235156</BETA>
      </SubCatchmentVegetationZoneParameters>
    </SubCatchmentVegetationZone>
  </SubCatchment>
</Catchment>