<?xml version="1.0" encoding="utf-8"?>
<Catchment xmlns:xsi="http://www.w3.org/2001/XMLSchema-instance" xmlns:xsd="http://www.w3.org/2001/XMLSchema">
  <CatchmentParameters>
    <KSI>0.001</KSI>
    <KGmin>0.05</KGmin>
    <RangeKG>0.1</RangeKG>
    <AG>0.1</AG>
    <PERC>5.7258020175799507</PERC>
    <Alpha>0</Alpha>
    <UZL>115.95758447488609</UZL>
    <K0>0.49963538831983872</K0>
    <K1>0.24495151882330823</K1>
    <K2>0.056095842921847987</K2>
    <MAXBAS>1.0049863265308847</MAXBAS>
    <Cet>0</Cet>
    <PCALT>10</PCALT>
    <TCALT>0.6</TCALT>
    <Pelev>3349</Pelev>
    <Telev>2921</Telev>
    <PART>0.5</PART>
    <DELAY>1</DELAY>
  </CatchmentParameters>
  <VegetationZone>
    <VegetationZoneParameters>
      <TT>-1.2710617017425059</TT>
      <CFMAX>2.5677965591706973</CFMAX>
      <SP>0</SP>
      <SFCF>0.943492849823291</SFCF>
      <CFR>0.024338914630119925</CFR>
      <CWH>0.10024709340272385</CWH>
      <CFGlacier>1</CFGlacier>
      <CFSlope>1</CFSlope>
      <FC>653.91750803686284</FC>
      <LP>0.98776619315891556</LP>
      <BETA>1.0000000002013338</BETA>
    </VegetationZoneParameters>
  </VegetationZone>
  <SubCatchment>
    <SubCatchmentParameters>
      <KSI>0.001</KSI>
      <KGmin>0.05</KGmin>
      <RangeKG>0.1</RangeKG>
      <AG>0.1</AG>
      <PERC>5.7258020175799507</PERC>
      <Alpha>0</Alpha>
      <UZL>115.95758447488609</UZL>
      <K0>0.49963538831983872</K0>
      <K1>0.24495151882330823</K1>
      <K2>0.056095842921847987</K2>
      <MAXBAS>1.0049863265308847</MAXBAS>
      <Cet>0</Cet>
      <PCALT>10</PCALT>
      <TCALT>0.6</TCALT>
      <Pelev>3349</Pelev>
      <Telev>2921</Telev>
      <PART>0.5</PART>
      <DELAY>1</DELAY>
    </SubCatchmentParameters>
    <SubCatchmentVegetationZone>
      <SubCatchmentVegetationZoneParameters>
        <TT>-1.2710617017425059</TT>
        <CFMAX>2.5677965591706973</CFMAX>
        <SP>0</SP>
        <SFCF>0.943492849823291</SFCF>
        <CFR>0.024338914630119925</CFR>
        <CWH>0.10024709340272385</CWH>
        <CFGlacier>1</CFGlacier>
        <CFSlope>1</CFSlope>
        <FC>653.91750803686284</FC>
        <LP>0.98776619315891556</LP>
        <BETA>1.0000000002013338</BETA>
      </SubCatchmentVegetationZoneParameters>
    </SubCatchmentVegetationZone>
  </SubCatchment>
</Catchment>