<?xml version="1.0" encoding="utf-8"?>
<Catchment xmlns:xsi="http://www.w3.org/2001/XMLSchema-instance" xmlns:xsd="http://www.w3.org/2001/XMLSchema">
  <CatchmentParameters>
    <KSI>0.001</KSI>
    <KGmin>0.05</KGmin>
    <RangeKG>0.1</RangeKG>
    <AG>0.1</AG>
    <PERC>1.2039683092591886</PERC>
    <Alpha>0</Alpha>
    <UZL>121.67407402278415</UZL>
    <K0>0.12215901362663605</K0>
    <K1>0.041615189140956806</K1>
    <K2>0.010000001305626335</K2>
    <MAXBAS>1</MAXBAS>
    <Cet>0</Cet>
    <PCALT>10</PCALT>
    <TCALT>0.6</TCALT>
    <Pelev>3349</Pelev>
    <Telev>2921</Telev>
    <PART>0.5</PART>
    <DELAY>1</DELAY>
  </CatchmentParameters>
  <VegetationZone>
    <VegetationZoneParameters>
      <TT>-2.02250004036095</TT>
      <CFMAX>3.7814626429900793</CFMAX>
      <SP>0</SP>
      <SFCF>1.2398014042519694</SFCF>
      <CFR>0.00023321938002929374</CFR>
      <CWH>0.10000000003808213</CWH>
      <CFGlacier>1</CFGlacier>
      <CFSlope>1</CFSlope>
      <FC>2006.0178910208344</FC>
      <LP>0.94309987758001612</LP>
      <BETA>1.9993073753486403</BETA>
    </VegetationZoneParameters>
  </VegetationZone>
  <SubCatchment>
    <SubCatchmentParameters>
      <KSI>0.001</KSI>
      <KGmin>0.05</KGmin>
      <RangeKG>0.1</RangeKG>
      <AG>0.1</AG>
      <PERC>1.2039683092591886</PERC>
      <Alpha>0</Alpha>
      <UZL>121.67407402278415</UZL>
      <K0>0.12215901362663605</K0>
      <K1>0.041615189140956806</K1>
      <K2>0.010000001305626335</K2>
      <MAXBAS>1</MAXBAS>
      <Cet>0</Cet>
      <PCALT>10</PCALT>
      <TCALT>0.6</TCALT>
      <Pelev>3349</Pelev>
      <Telev>2921</Telev>
      <PART>0.5</PART>
      <DELAY>1</DELAY>
    </SubCatchmentParameters>
    <SubCatchmentVegetationZone>
      <SubCatchmentVegetationZoneParameters>
        <TT>-2.02250004036095</TT>
        <CFMAX>3.7814626429900793</CFMAX>
        <SP>0</SP>
        <SFCF>1.2398014042519694</SFCF>
        <CFR>0.00023321938002929374</CFR>
        <CWH>0.10000000003808213</CWH>
        <CFGlacier>1</CFGlacier>
        <CFSlope>1</CFSlope>
        <FC>2006.0178910208344</FC>
        <LP>0.94309987758001612</LP>
        <BETA>1.9993073753486403</BETA>
      </SubCatchmentVegetationZoneParameters>
    </SubCatchmentVegetationZone>
  </SubCatchment>
</Catchment>