<?xml version="1.0" encoding="utf-8"?>
<Catchment xmlns:xsi="http://www.w3.org/2001/XMLSchema-instance" xmlns:xsd="http://www.w3.org/2001/XMLSchema">
  <CatchmentParameters>
    <KSI>0.001</KSI>
    <KGmin>0.05</KGmin>
    <RangeKG>0.1</RangeKG>
    <AG>0.1</AG>
    <PERC>2.9387668112305065</PERC>
    <Alpha>0</Alpha>
    <UZL>52.303387311869045</UZL>
    <K0>0.22983836146945996</K0>
    <K1>0.07645963931719113</K1>
    <K2>0.01000000216329165</K2>
    <MAXBAS>1</MAXBAS>
    <Cet>0</Cet>
    <PCALT>10</PCALT>
    <TCALT>0.6</TCALT>
    <Pelev>3349</Pelev>
    <Telev>2921</Telev>
    <PART>0.5</PART>
    <DELAY>1</DELAY>
  </CatchmentParameters>
  <VegetationZone>
    <VegetationZoneParameters>
      <TT>-2.078685252118686</TT>
      <CFMAX>1.7319131495276645</CFMAX>
      <SP>0</SP>
      <SFCF>0.84287597993665264</SFCF>
      <CFR>0.00037073594694746615</CFR>
      <CWH>0.10000017920215783</CWH>
      <CFGlacier>1</CFGlacier>
      <CFSlope>1</CFSlope>
      <FC>104.07569049705454</FC>
      <LP>0.6510979980633641</LP>
      <BETA>1.6554758095711657</BETA>
    </VegetationZoneParameters>
  </VegetationZone>
  <SubCatchment>
    <SubCatchmentParameters>
      <KSI>0.001</KSI>
      <KGmin>0.05</KGmin>
      <RangeKG>0.1</RangeKG>
      <AG>0.1</AG>
      <PERC>2.9387668112305065</PERC>
      <Alpha>0</Alpha>
      <UZL>52.303387311869045</UZL>
      <K0>0.22983836146945996</K0>
      <K1>0.07645963931719113</K1>
      <K2>0.01000000216329165</K2>
      <MAXBAS>1</MAXBAS>
      <Cet>0</Cet>
      <PCALT>10</PCALT>
      <TCALT>0.6</TCALT>
      <Pelev>3349</Pelev>
      <Telev>2921</Telev>
      <PART>0.5</PART>
      <DELAY>1</DELAY>
    </SubCatchmentParameters>
    <SubCatchmentVegetationZone>
      <SubCatchmentVegetationZoneParameters>
        <TT>-2.078685252118686</TT>
        <CFMAX>1.7319131495276645</CFMAX>
        <SP>0</SP>
        <SFCF>0.84287597993665264</SFCF>
        <CFR>0.00037073594694746615</CFR>
        <CWH>0.10000017920215783</CWH>
        <CFGlacier>1</CFGlacier>
        <CFSlope>1</CFSlope>
        <FC>104.07569049705454</FC>
        <LP>0.6510979980633641</LP>
        <BETA>1.6554758095711657</BETA>
      </SubCatchmentVegetationZoneParameters>
    </SubCatchmentVegetationZone>
  </SubCatchment>
</Catchment>