<?xml version="1.0" encoding="utf-8"?>
<Catchment xmlns:xsi="http://www.w3.org/2001/XMLSchema-instance" xmlns:xsd="http://www.w3.org/2001/XMLSchema">
  <CatchmentParameters>
    <KSI>0.001</KSI>
    <KGmin>0.05</KGmin>
    <RangeKG>0.1</RangeKG>
    <AG>0.1</AG>
    <PERC>1.383255205001485</PERC>
    <Alpha>0</Alpha>
    <UZL>68.992736293065107</UZL>
    <K0>0.26268631417588806</K0>
    <K1>0.067034517137944644</K1>
    <K2>0.010001936638972532</K2>
    <MAXBAS>1</MAXBAS>
    <Cet>0</Cet>
    <PCALT>10</PCALT>
    <TCALT>0.6</TCALT>
    <Pelev>3349</Pelev>
    <Telev>2921</Telev>
    <PART>0.5</PART>
    <DELAY>1</DELAY>
  </CatchmentParameters>
  <VegetationZone>
    <VegetationZoneParameters>
      <TT>-1.3033399498397378</TT>
      <CFMAX>2.6731755414101532</CFMAX>
      <SP>0</SP>
      <SFCF>1.0326661320031989</SFCF>
      <CFR>5.3706587407959946E-10</CFR>
      <CWH>0.1000000194804332</CWH>
      <CFGlacier>1</CFGlacier>
      <CFSlope>1</CFSlope>
      <FC>2223.6393345286124</FC>
      <LP>0.949974092862325</LP>
      <BETA>1.2510682850254504</BETA>
    </VegetationZoneParameters>
  </VegetationZone>
  <SubCatchment>
    <SubCatchmentParameters>
      <KSI>0.001</KSI>
      <KGmin>0.05</KGmin>
      <RangeKG>0.1</RangeKG>
      <AG>0.1</AG>
      <PERC>1.383255205001485</PERC>
      <Alpha>0</Alpha>
      <UZL>68.992736293065107</UZL>
      <K0>0.26268631417588806</K0>
      <K1>0.067034517137944644</K1>
      <K2>0.010001936638972532</K2>
      <MAXBAS>1</MAXBAS>
      <Cet>0</Cet>
      <PCALT>10</PCALT>
      <TCALT>0.6</TCALT>
      <Pelev>3349</Pelev>
      <Telev>2921</Telev>
      <PART>0.5</PART>
      <DELAY>1</DELAY>
    </SubCatchmentParameters>
    <SubCatchmentVegetationZone>
      <SubCatchmentVegetationZoneParameters>
        <TT>-1.3033399498397378</TT>
        <CFMAX>2.6731755414101532</CFMAX>
        <SP>0</SP>
        <SFCF>1.0326661320031989</SFCF>
        <CFR>5.3706587407959946E-10</CFR>
        <CWH>0.1000000194804332</CWH>
        <CFGlacier>1</CFGlacier>
        <CFSlope>1</CFSlope>
        <FC>2223.6393345286124</FC>
        <LP>0.949974092862325</LP>
        <BETA>1.2510682850254504</BETA>
      </SubCatchmentVegetationZoneParameters>
    </SubCatchmentVegetationZone>
  </SubCatchment>
</Catchment>