<?xml version="1.0" encoding="utf-8"?>
<Catchment xmlns:xsi="http://www.w3.org/2001/XMLSchema-instance" xmlns:xsd="http://www.w3.org/2001/XMLSchema">
  <CatchmentParameters>
    <KSI>0.001</KSI>
    <KGmin>0.05</KGmin>
    <RangeKG>0.1</RangeKG>
    <AG>0.1</AG>
    <PERC>6.793436322791008</PERC>
    <Alpha>0</Alpha>
    <UZL>59.45422303741983</UZL>
    <K0>0.21389219746510044</K0>
    <K1>0.072300767270169236</K1>
    <K2>0.041074718257262437</K2>
    <MAXBAS>1.0049921027465392</MAXBAS>
    <Cet>0</Cet>
    <PCALT>10</PCALT>
    <TCALT>0.6</TCALT>
    <Pelev>3349</Pelev>
    <Telev>2921</Telev>
    <PART>0.5</PART>
    <DELAY>1</DELAY>
  </CatchmentParameters>
  <VegetationZone>
    <VegetationZoneParameters>
      <TT>-0.71902034450316332</TT>
      <CFMAX>4.51605266607767</CFMAX>
      <SP>0</SP>
      <SFCF>0.97701080745496016</SFCF>
      <CFR>0.00036074326732451686</CFR>
      <CWH>0.19999872468748986</CWH>
      <CFGlacier>1</CFGlacier>
      <CFSlope>1</CFSlope>
      <FC>723.64024054661149</FC>
      <LP>0.99999216959015058</LP>
      <BETA>1.035880840836253</BETA>
    </VegetationZoneParameters>
  </VegetationZone>
  <SubCatchment>
    <SubCatchmentParameters>
      <KSI>0.001</KSI>
      <KGmin>0.05</KGmin>
      <RangeKG>0.1</RangeKG>
      <AG>0.1</AG>
      <PERC>6.793436322791008</PERC>
      <Alpha>0</Alpha>
      <UZL>59.45422303741983</UZL>
      <K0>0.21389219746510044</K0>
      <K1>0.072300767270169236</K1>
      <K2>0.041074718257262437</K2>
      <MAXBAS>1.0049921027465392</MAXBAS>
      <Cet>0</Cet>
      <PCALT>10</PCALT>
      <TCALT>0.6</TCALT>
      <Pelev>3349</Pelev>
      <Telev>2921</Telev>
      <PART>0.5</PART>
      <DELAY>1</DELAY>
    </SubCatchmentParameters>
    <SubCatchmentVegetationZone>
      <SubCatchmentVegetationZoneParameters>
        <TT>-0.71902034450316332</TT>
        <CFMAX>4.51605266607767</CFMAX>
        <SP>0</SP>
        <SFCF>0.97701080745496016</SFCF>
        <CFR>0.00036074326732451686</CFR>
        <CWH>0.19999872468748986</CWH>
        <CFGlacier>1</CFGlacier>
        <CFSlope>1</CFSlope>
        <FC>723.64024054661149</FC>
        <LP>0.99999216959015058</LP>
        <BETA>1.035880840836253</BETA>
      </SubCatchmentVegetationZoneParameters>
    </SubCatchmentVegetationZone>
  </SubCatchment>
</Catchment>