<?xml version="1.0" encoding="utf-8"?>
<Catchment xmlns:xsi="http://www.w3.org/2001/XMLSchema-instance" xmlns:xsd="http://www.w3.org/2001/XMLSchema">
  <CatchmentParameters>
    <KSI>0.001</KSI>
    <KGmin>0.05</KGmin>
    <RangeKG>0.1</RangeKG>
    <AG>0.1</AG>
    <PERC>7.2449382115704424</PERC>
    <Alpha>0</Alpha>
    <UZL>82.585601354374845</UZL>
    <K0>0.5333501305860735</K0>
    <K1>0.27661459430273072</K1>
    <K2>0.071908569973835809</K2>
    <MAXBAS>1.0000969717106829</MAXBAS>
    <Cet>0</Cet>
    <PCALT>10</PCALT>
    <TCALT>0.6</TCALT>
    <Pelev>3349</Pelev>
    <Telev>2921</Telev>
    <PART>0.5</PART>
    <DELAY>1</DELAY>
  </CatchmentParameters>
  <VegetationZone>
    <VegetationZoneParameters>
      <TT>-0.27999254639083004</TT>
      <CFMAX>3.141683845860348</CFMAX>
      <SP>0</SP>
      <SFCF>0.90696615811240622</SFCF>
      <CFR>0.00019073203662655952</CFR>
      <CWH>0.10000028480368776</CWH>
      <CFGlacier>1</CFGlacier>
      <CFSlope>1</CFSlope>
      <FC>999.99259009876891</FC>
      <LP>0.99999688583782342</LP>
      <BETA>1.0000033833854027</BETA>
    </VegetationZoneParameters>
  </VegetationZone>
  <SubCatchment>
    <SubCatchmentParameters>
      <KSI>0.001</KSI>
      <KGmin>0.05</KGmin>
      <RangeKG>0.1</RangeKG>
      <AG>0.1</AG>
      <PERC>7.2449382115704424</PERC>
      <Alpha>0</Alpha>
      <UZL>82.585601354374845</UZL>
      <K0>0.5333501305860735</K0>
      <K1>0.27661459430273072</K1>
      <K2>0.071908569973835809</K2>
      <MAXBAS>1.0000969717106829</MAXBAS>
      <Cet>0</Cet>
      <PCALT>10</PCALT>
      <TCALT>0.6</TCALT>
      <Pelev>3349</Pelev>
      <Telev>2921</Telev>
      <PART>0.5</PART>
      <DELAY>1</DELAY>
    </SubCatchmentParameters>
    <SubCatchmentVegetationZone>
      <SubCatchmentVegetationZoneParameters>
        <TT>-0.27999254639083004</TT>
        <CFMAX>3.141683845860348</CFMAX>
        <SP>0</SP>
        <SFCF>0.90696615811240622</SFCF>
        <CFR>0.00019073203662655952</CFR>
        <CWH>0.10000028480368776</CWH>
        <CFGlacier>1</CFGlacier>
        <CFSlope>1</CFSlope>
        <FC>999.99259009876891</FC>
        <LP>0.99999688583782342</LP>
        <BETA>1.0000033833854027</BETA>
      </SubCatchmentVegetationZoneParameters>
    </SubCatchmentVegetationZone>
  </SubCatchment>
</Catchment>