<?xml version="1.0" encoding="utf-8"?>
<Catchment xmlns:xsi="http://www.w3.org/2001/XMLSchema-instance" xmlns:xsd="http://www.w3.org/2001/XMLSchema">
  <CatchmentParameters>
    <KSI>0.001</KSI>
    <KGmin>0.05</KGmin>
    <RangeKG>0.1</RangeKG>
    <AG>0.1</AG>
    <PERC>2.0542748328976943</PERC>
    <Alpha>0</Alpha>
    <UZL>188.3168157910323</UZL>
    <K0>0.98991648972516155</K0>
    <K1>0.12397357003088602</K1>
    <K2>0.010000004016524126</K2>
    <MAXBAS>1</MAXBAS>
    <Cet>0</Cet>
    <PCALT>10</PCALT>
    <TCALT>0.6</TCALT>
    <Pelev>3349</Pelev>
    <Telev>2921</Telev>
    <PART>0.5</PART>
    <DELAY>1</DELAY>
  </CatchmentParameters>
  <VegetationZone>
    <VegetationZoneParameters>
      <TT>-0.87999694498530179</TT>
      <CFMAX>3.4520465914970528</CFMAX>
      <SP>0</SP>
      <SFCF>1.1864592604003941</SFCF>
      <CFR>5.5041103260673939E-08</CFR>
      <CWH>0.10000005026005381</CWH>
      <CFGlacier>1</CFGlacier>
      <CFSlope>1</CFSlope>
      <FC>2499.9920147470757</FC>
      <LP>0.83856174868903688</LP>
      <BETA>1.6942889168866036</BETA>
    </VegetationZoneParameters>
  </VegetationZone>
  <SubCatchment>
    <SubCatchmentParameters>
      <KSI>0.001</KSI>
      <KGmin>0.05</KGmin>
      <RangeKG>0.1</RangeKG>
      <AG>0.1</AG>
      <PERC>2.0542748328976943</PERC>
      <Alpha>0</Alpha>
      <UZL>188.3168157910323</UZL>
      <K0>0.98991648972516155</K0>
      <K1>0.12397357003088602</K1>
      <K2>0.010000004016524126</K2>
      <MAXBAS>1</MAXBAS>
      <Cet>0</Cet>
      <PCALT>10</PCALT>
      <TCALT>0.6</TCALT>
      <Pelev>3349</Pelev>
      <Telev>2921</Telev>
      <PART>0.5</PART>
      <DELAY>1</DELAY>
    </SubCatchmentParameters>
    <SubCatchmentVegetationZone>
      <SubCatchmentVegetationZoneParameters>
        <TT>-0.87999694498530179</TT>
        <CFMAX>3.4520465914970528</CFMAX>
        <SP>0</SP>
        <SFCF>1.1864592604003941</SFCF>
        <CFR>5.5041103260673939E-08</CFR>
        <CWH>0.10000005026005381</CWH>
        <CFGlacier>1</CFGlacier>
        <CFSlope>1</CFSlope>
        <FC>2499.9920147470757</FC>
        <LP>0.83856174868903688</LP>
        <BETA>1.6942889168866036</BETA>
      </SubCatchmentVegetationZoneParameters>
    </SubCatchmentVegetationZone>
  </SubCatchment>
</Catchment>