<?xml version="1.0" encoding="utf-8"?>
<Catchment xmlns:xsi="http://www.w3.org/2001/XMLSchema-instance" xmlns:xsd="http://www.w3.org/2001/XMLSchema">
  <CatchmentParameters>
    <KSI>0.001</KSI>
    <KGmin>0.05</KGmin>
    <RangeKG>0.1</RangeKG>
    <AG>0.1</AG>
    <PERC>1.6679229595022864</PERC>
    <Alpha>0</Alpha>
    <UZL>69.399225669021817</UZL>
    <K0>0.3886996649257749</K0>
    <K1>0.076295696415677017</K1>
    <K2>0.010000005166456308</K2>
    <MAXBAS>1</MAXBAS>
    <Cet>0</Cet>
    <PCALT>10</PCALT>
    <TCALT>0.6</TCALT>
    <Pelev>3349</Pelev>
    <Telev>2921</Telev>
    <PART>0.5</PART>
    <DELAY>1</DELAY>
  </CatchmentParameters>
  <VegetationZone>
    <VegetationZoneParameters>
      <TT>-1.7033428890602047</TT>
      <CFMAX>3.2899376897147725</CFMAX>
      <SP>0</SP>
      <SFCF>1.3384844959736186</SFCF>
      <CFR>3.1595719706084373E-07</CFR>
      <CWH>0.10000000492040598</CWH>
      <CFGlacier>1</CFGlacier>
      <CFSlope>1</CFSlope>
      <FC>2499.9906613286062</FC>
      <LP>0.5935745233969737</LP>
      <BETA>1.2042341922807482</BETA>
    </VegetationZoneParameters>
  </VegetationZone>
  <SubCatchment>
    <SubCatchmentParameters>
      <KSI>0.001</KSI>
      <KGmin>0.05</KGmin>
      <RangeKG>0.1</RangeKG>
      <AG>0.1</AG>
      <PERC>1.6679229595022864</PERC>
      <Alpha>0</Alpha>
      <UZL>69.399225669021817</UZL>
      <K0>0.3886996649257749</K0>
      <K1>0.076295696415677017</K1>
      <K2>0.010000005166456308</K2>
      <MAXBAS>1</MAXBAS>
      <Cet>0</Cet>
      <PCALT>10</PCALT>
      <TCALT>0.6</TCALT>
      <Pelev>3349</Pelev>
      <Telev>2921</Telev>
      <PART>0.5</PART>
      <DELAY>1</DELAY>
    </SubCatchmentParameters>
    <SubCatchmentVegetationZone>
      <SubCatchmentVegetationZoneParameters>
        <TT>-1.7033428890602047</TT>
        <CFMAX>3.2899376897147725</CFMAX>
        <SP>0</SP>
        <SFCF>1.3384844959736186</SFCF>
        <CFR>3.1595719706084373E-07</CFR>
        <CWH>0.10000000492040598</CWH>
        <CFGlacier>1</CFGlacier>
        <CFSlope>1</CFSlope>
        <FC>2499.9906613286062</FC>
        <LP>0.5935745233969737</LP>
        <BETA>1.2042341922807482</BETA>
      </SubCatchmentVegetationZoneParameters>
    </SubCatchmentVegetationZone>
  </SubCatchment>
</Catchment>