<?xml version="1.0" encoding="utf-8"?>
<Catchment xmlns:xsi="http://www.w3.org/2001/XMLSchema-instance" xmlns:xsd="http://www.w3.org/2001/XMLSchema">
  <CatchmentParameters>
    <KSI>0.001</KSI>
    <KGmin>0.05</KGmin>
    <RangeKG>0.1</RangeKG>
    <AG>0.1</AG>
    <PERC>9.9999834675602788</PERC>
    <Alpha>0</Alpha>
    <UZL>120.01982365976248</UZL>
    <K0>0.26582753493699551</K0>
    <K1>0.19817435550511392</K1>
    <K2>0.05124538444921279</K2>
    <MAXBAS>1.0000002570471493</MAXBAS>
    <Cet>0</Cet>
    <PCALT>10</PCALT>
    <TCALT>0.6</TCALT>
    <Pelev>3349</Pelev>
    <Telev>2921</Telev>
    <PART>0.5</PART>
    <DELAY>1</DELAY>
  </CatchmentParameters>
  <VegetationZone>
    <VegetationZoneParameters>
      <TT>-0.04399896062001999</TT>
      <CFMAX>4.6710521042524071</CFMAX>
      <SP>0</SP>
      <SFCF>0.89492956065328222</SFCF>
      <CFR>0.00016835625113209359</CFR>
      <CWH>0.17698620841706184</CWH>
      <CFGlacier>1</CFGlacier>
      <CFSlope>1</CFSlope>
      <FC>717.43277386242323</FC>
      <LP>0.999999534076216</LP>
      <BETA>1.0000000548631742</BETA>
    </VegetationZoneParameters>
  </VegetationZone>
  <SubCatchment>
    <SubCatchmentParameters>
      <KSI>0.001</KSI>
      <KGmin>0.05</KGmin>
      <RangeKG>0.1</RangeKG>
      <AG>0.1</AG>
      <PERC>9.9999834675602788</PERC>
      <Alpha>0</Alpha>
      <UZL>120.01982365976248</UZL>
      <K0>0.26582753493699551</K0>
      <K1>0.19817435550511392</K1>
      <K2>0.05124538444921279</K2>
      <MAXBAS>1.0000002570471493</MAXBAS>
      <Cet>0</Cet>
      <PCALT>10</PCALT>
      <TCALT>0.6</TCALT>
      <Pelev>3349</Pelev>
      <Telev>2921</Telev>
      <PART>0.5</PART>
      <DELAY>1</DELAY>
    </SubCatchmentParameters>
    <SubCatchmentVegetationZone>
      <SubCatchmentVegetationZoneParameters>
        <TT>-0.04399896062001999</TT>
        <CFMAX>4.6710521042524071</CFMAX>
        <SP>0</SP>
        <SFCF>0.89492956065328222</SFCF>
        <CFR>0.00016835625113209359</CFR>
        <CWH>0.17698620841706184</CWH>
        <CFGlacier>1</CFGlacier>
        <CFSlope>1</CFSlope>
        <FC>717.43277386242323</FC>
        <LP>0.999999534076216</LP>
        <BETA>1.0000000548631742</BETA>
      </SubCatchmentVegetationZoneParameters>
    </SubCatchmentVegetationZone>
  </SubCatchment>
</Catchment>