<?xml version="1.0" encoding="utf-8"?>
<Catchment xmlns:xsi="http://www.w3.org/2001/XMLSchema-instance" xmlns:xsd="http://www.w3.org/2001/XMLSchema">
  <CatchmentParameters>
    <KSI>0.001</KSI>
    <KGmin>0.05</KGmin>
    <RangeKG>0.1</RangeKG>
    <AG>0.1</AG>
    <PERC>1.6937913054098559</PERC>
    <Alpha>0</Alpha>
    <UZL>65.813797946043337</UZL>
    <K0>0.34371860144122035</K0>
    <K1>0.072085470708477192</K1>
    <K2>0.010000000359175235</K2>
    <MAXBAS>1</MAXBAS>
    <Cet>0</Cet>
    <PCALT>10</PCALT>
    <TCALT>0.6</TCALT>
    <Pelev>3349</Pelev>
    <Telev>2921</Telev>
    <PART>0.5</PART>
    <DELAY>1</DELAY>
  </CatchmentParameters>
  <VegetationZone>
    <VegetationZoneParameters>
      <TT>-1.9159985382055782</TT>
      <CFMAX>2.82056523947007</CFMAX>
      <SP>0</SP>
      <SFCF>1.2083279700108907</SFCF>
      <CFR>6.6157585782568889E-08</CFR>
      <CWH>0.10000004837844878</CWH>
      <CFGlacier>1</CFGlacier>
      <CFSlope>1</CFSlope>
      <FC>1891.7232113276104</FC>
      <LP>0.84665538630415182</LP>
      <BETA>1.5905181918664373</BETA>
    </VegetationZoneParameters>
  </VegetationZone>
  <SubCatchment>
    <SubCatchmentParameters>
      <KSI>0.001</KSI>
      <KGmin>0.05</KGmin>
      <RangeKG>0.1</RangeKG>
      <AG>0.1</AG>
      <PERC>1.6937913054098559</PERC>
      <Alpha>0</Alpha>
      <UZL>65.813797946043337</UZL>
      <K0>0.34371860144122035</K0>
      <K1>0.072085470708477192</K1>
      <K2>0.010000000359175235</K2>
      <MAXBAS>1</MAXBAS>
      <Cet>0</Cet>
      <PCALT>10</PCALT>
      <TCALT>0.6</TCALT>
      <Pelev>3349</Pelev>
      <Telev>2921</Telev>
      <PART>0.5</PART>
      <DELAY>1</DELAY>
    </SubCatchmentParameters>
    <SubCatchmentVegetationZone>
      <SubCatchmentVegetationZoneParameters>
        <TT>-1.9159985382055782</TT>
        <CFMAX>2.82056523947007</CFMAX>
        <SP>0</SP>
        <SFCF>1.2083279700108907</SFCF>
        <CFR>6.6157585782568889E-08</CFR>
        <CWH>0.10000004837844878</CWH>
        <CFGlacier>1</CFGlacier>
        <CFSlope>1</CFSlope>
        <FC>1891.7232113276104</FC>
        <LP>0.84665538630415182</LP>
        <BETA>1.5905181918664373</BETA>
      </SubCatchmentVegetationZoneParameters>
    </SubCatchmentVegetationZone>
  </SubCatchment>
</Catchment>