<?xml version="1.0" encoding="utf-8"?>
<Catchment xmlns:xsi="http://www.w3.org/2001/XMLSchema-instance" xmlns:xsd="http://www.w3.org/2001/XMLSchema">
  <CatchmentParameters>
    <KSI>0.001</KSI>
    <KGmin>0.05</KGmin>
    <RangeKG>0.1</RangeKG>
    <AG>0.1</AG>
    <PERC>9.9998035548369621</PERC>
    <Alpha>0</Alpha>
    <UZL>134.95307453932747</UZL>
    <K0>0.2146395277421245</K0>
    <K1>0.17169753119121467</K1>
    <K2>0.044173541667133845</K2>
    <MAXBAS>1.0001602869132786</MAXBAS>
    <Cet>0</Cet>
    <PCALT>10</PCALT>
    <TCALT>0.6</TCALT>
    <Pelev>3349</Pelev>
    <Telev>2921</Telev>
    <PART>0.5</PART>
    <DELAY>1</DELAY>
  </CatchmentParameters>
  <VegetationZone>
    <VegetationZoneParameters>
      <TT>-0.544001443459852</TT>
      <CFMAX>4.1798225625213519</CFMAX>
      <SP>0</SP>
      <SFCF>0.88700764790113207</SFCF>
      <CFR>0.00024618933562238693</CFR>
      <CWH>0.19999834806552455</CWH>
      <CFGlacier>1</CFGlacier>
      <CFSlope>1</CFSlope>
      <FC>416.52714845175757</FC>
      <LP>0.99999399314026027</LP>
      <BETA>1.0000026482889366</BETA>
    </VegetationZoneParameters>
  </VegetationZone>
  <SubCatchment>
    <SubCatchmentParameters>
      <KSI>0.001</KSI>
      <KGmin>0.05</KGmin>
      <RangeKG>0.1</RangeKG>
      <AG>0.1</AG>
      <PERC>9.9998035548369621</PERC>
      <Alpha>0</Alpha>
      <UZL>134.95307453932747</UZL>
      <K0>0.2146395277421245</K0>
      <K1>0.17169753119121467</K1>
      <K2>0.044173541667133845</K2>
      <MAXBAS>1.0001602869132786</MAXBAS>
      <Cet>0</Cet>
      <PCALT>10</PCALT>
      <TCALT>0.6</TCALT>
      <Pelev>3349</Pelev>
      <Telev>2921</Telev>
      <PART>0.5</PART>
      <DELAY>1</DELAY>
    </SubCatchmentParameters>
    <SubCatchmentVegetationZone>
      <SubCatchmentVegetationZoneParameters>
        <TT>-0.544001443459852</TT>
        <CFMAX>4.1798225625213519</CFMAX>
        <SP>0</SP>
        <SFCF>0.88700764790113207</SFCF>
        <CFR>0.00024618933562238693</CFR>
        <CWH>0.19999834806552455</CWH>
        <CFGlacier>1</CFGlacier>
        <CFSlope>1</CFSlope>
        <FC>416.52714845175757</FC>
        <LP>0.99999399314026027</LP>
        <BETA>1.0000026482889366</BETA>
      </SubCatchmentVegetationZoneParameters>
    </SubCatchmentVegetationZone>
  </SubCatchment>
</Catchment>