<?xml version="1.0" encoding="utf-8"?>
<Catchment xmlns:xsi="http://www.w3.org/2001/XMLSchema-instance" xmlns:xsd="http://www.w3.org/2001/XMLSchema">
  <CatchmentParameters>
    <KSI>0.001</KSI>
    <KGmin>0.05</KGmin>
    <RangeKG>0.1</RangeKG>
    <AG>0.1</AG>
    <PERC>9.9999543746088246</PERC>
    <Alpha>0</Alpha>
    <UZL>27.027038629072585</UZL>
    <K0>0.074138606889821462</K0>
    <K1>0.16288800910936993</K1>
    <K2>0.041466023756520219</K2>
    <MAXBAS>1.0000056528637153</MAXBAS>
    <Cet>0</Cet>
    <PCALT>10</PCALT>
    <TCALT>0.6</TCALT>
    <Pelev>3349</Pelev>
    <Telev>2921</Telev>
    <PART>0.5</PART>
    <DELAY>1</DELAY>
  </CatchmentParameters>
  <VegetationZone>
    <VegetationZoneParameters>
      <TT>-1.5969133759470724</TT>
      <CFMAX>3.2800491493880606</CFMAX>
      <SP>0</SP>
      <SFCF>0.87815741447230045</SFCF>
      <CFR>0.09998378040104533</CFR>
      <CWH>0.19999972113822467</CWH>
      <CFGlacier>1</CFGlacier>
      <CFSlope>1</CFSlope>
      <FC>323.01189291947247</FC>
      <LP>0.99999093268433215</LP>
      <BETA>1.2797830046443468</BETA>
    </VegetationZoneParameters>
  </VegetationZone>
  <SubCatchment>
    <SubCatchmentParameters>
      <KSI>0.001</KSI>
      <KGmin>0.05</KGmin>
      <RangeKG>0.1</RangeKG>
      <AG>0.1</AG>
      <PERC>9.9999543746088246</PERC>
      <Alpha>0</Alpha>
      <UZL>27.027038629072585</UZL>
      <K0>0.074138606889821462</K0>
      <K1>0.16288800910936993</K1>
      <K2>0.041466023756520219</K2>
      <MAXBAS>1.0000056528637153</MAXBAS>
      <Cet>0</Cet>
      <PCALT>10</PCALT>
      <TCALT>0.6</TCALT>
      <Pelev>3349</Pelev>
      <Telev>2921</Telev>
      <PART>0.5</PART>
      <DELAY>1</DELAY>
    </SubCatchmentParameters>
    <SubCatchmentVegetationZone>
      <SubCatchmentVegetationZoneParameters>
        <TT>-1.5969133759470724</TT>
        <CFMAX>3.2800491493880606</CFMAX>
        <SP>0</SP>
        <SFCF>0.87815741447230045</SFCF>
        <CFR>0.09998378040104533</CFR>
        <CWH>0.19999972113822467</CWH>
        <CFGlacier>1</CFGlacier>
        <CFSlope>1</CFSlope>
        <FC>323.01189291947247</FC>
        <LP>0.99999093268433215</LP>
        <BETA>1.2797830046443468</BETA>
      </SubCatchmentVegetationZoneParameters>
    </SubCatchmentVegetationZone>
  </SubCatchment>
</Catchment>