<?xml version="1.0" encoding="utf-8"?>
<Catchment xmlns:xsi="http://www.w3.org/2001/XMLSchema-instance" xmlns:xsd="http://www.w3.org/2001/XMLSchema">
  <CatchmentParameters>
    <KSI>0.001</KSI>
    <KGmin>0.05</KGmin>
    <RangeKG>0.1</RangeKG>
    <AG>0.1</AG>
    <PERC>1.2825541606487563</PERC>
    <Alpha>0</Alpha>
    <UZL>146.69678692352593</UZL>
    <K0>0.091167183687125342</K0>
    <K1>0.038443146647958344</K1>
    <K2>0.01000000105712525</K2>
    <MAXBAS>1</MAXBAS>
    <Cet>0</Cet>
    <PCALT>10</PCALT>
    <TCALT>0.6</TCALT>
    <Pelev>3349</Pelev>
    <Telev>2921</Telev>
    <PART>0.5</PART>
    <DELAY>1</DELAY>
  </CatchmentParameters>
  <VegetationZone>
    <VegetationZoneParameters>
      <TT>-1.9008916184760809</TT>
      <CFMAX>4.0148284262137262</CFMAX>
      <SP>0</SP>
      <SFCF>1.1944724219922787</SFCF>
      <CFR>1.1494257028625944E-07</CFR>
      <CWH>0.10000280047795578</CWH>
      <CFGlacier>1</CFGlacier>
      <CFSlope>1</CFSlope>
      <FC>957.07370384287947</FC>
      <LP>0.95833722241042441</LP>
      <BETA>1.6311698842229119</BETA>
    </VegetationZoneParameters>
  </VegetationZone>
  <SubCatchment>
    <SubCatchmentParameters>
      <KSI>0.001</KSI>
      <KGmin>0.05</KGmin>
      <RangeKG>0.1</RangeKG>
      <AG>0.1</AG>
      <PERC>1.2825541606487563</PERC>
      <Alpha>0</Alpha>
      <UZL>146.69678692352593</UZL>
      <K0>0.091167183687125342</K0>
      <K1>0.038443146647958344</K1>
      <K2>0.01000000105712525</K2>
      <MAXBAS>1</MAXBAS>
      <Cet>0</Cet>
      <PCALT>10</PCALT>
      <TCALT>0.6</TCALT>
      <Pelev>3349</Pelev>
      <Telev>2921</Telev>
      <PART>0.5</PART>
      <DELAY>1</DELAY>
    </SubCatchmentParameters>
    <SubCatchmentVegetationZone>
      <SubCatchmentVegetationZoneParameters>
        <TT>-1.9008916184760809</TT>
        <CFMAX>4.0148284262137262</CFMAX>
        <SP>0</SP>
        <SFCF>1.1944724219922787</SFCF>
        <CFR>1.1494257028625944E-07</CFR>
        <CWH>0.10000280047795578</CWH>
        <CFGlacier>1</CFGlacier>
        <CFSlope>1</CFSlope>
        <FC>957.07370384287947</FC>
        <LP>0.95833722241042441</LP>
        <BETA>1.6311698842229119</BETA>
      </SubCatchmentVegetationZoneParameters>
    </SubCatchmentVegetationZone>
  </SubCatchment>
</Catchment>