<?xml version="1.0" encoding="utf-8"?>
<Catchment xmlns:xsi="http://www.w3.org/2001/XMLSchema-instance" xmlns:xsd="http://www.w3.org/2001/XMLSchema">
  <CatchmentParameters>
    <KSI>0.001</KSI>
    <KGmin>0.05</KGmin>
    <RangeKG>0.1</RangeKG>
    <AG>0.1</AG>
    <PERC>1.4740818740999588</PERC>
    <Alpha>0</Alpha>
    <UZL>108.48720440774423</UZL>
    <K0>0.1336383814716573</K0>
    <K1>0.049746871449798044</K1>
    <K2>0.010000005399131455</K2>
    <MAXBAS>1</MAXBAS>
    <Cet>0</Cet>
    <PCALT>10</PCALT>
    <TCALT>0.6</TCALT>
    <Pelev>3349</Pelev>
    <Telev>2921</Telev>
    <PART>0.5</PART>
    <DELAY>1</DELAY>
  </CatchmentParameters>
  <VegetationZone>
    <VegetationZoneParameters>
      <TT>-1.9191293344912053</TT>
      <CFMAX>3.8732475778630144</CFMAX>
      <SP>0</SP>
      <SFCF>1.2533212138569088</SFCF>
      <CFR>0.00057202206732151972</CFR>
      <CWH>0.10000052003445269</CWH>
      <CFGlacier>1</CFGlacier>
      <CFSlope>1</CFSlope>
      <FC>2383.4857115790564</FC>
      <LP>0.85766600199431609</LP>
      <BETA>1.7412305383529412</BETA>
    </VegetationZoneParameters>
  </VegetationZone>
  <SubCatchment>
    <SubCatchmentParameters>
      <KSI>0.001</KSI>
      <KGmin>0.05</KGmin>
      <RangeKG>0.1</RangeKG>
      <AG>0.1</AG>
      <PERC>1.4740818740999588</PERC>
      <Alpha>0</Alpha>
      <UZL>108.48720440774423</UZL>
      <K0>0.1336383814716573</K0>
      <K1>0.049746871449798044</K1>
      <K2>0.010000005399131455</K2>
      <MAXBAS>1</MAXBAS>
      <Cet>0</Cet>
      <PCALT>10</PCALT>
      <TCALT>0.6</TCALT>
      <Pelev>3349</Pelev>
      <Telev>2921</Telev>
      <PART>0.5</PART>
      <DELAY>1</DELAY>
    </SubCatchmentParameters>
    <SubCatchmentVegetationZone>
      <SubCatchmentVegetationZoneParameters>
        <TT>-1.9191293344912053</TT>
        <CFMAX>3.8732475778630144</CFMAX>
        <SP>0</SP>
        <SFCF>1.2533212138569088</SFCF>
        <CFR>0.00057202206732151972</CFR>
        <CWH>0.10000052003445269</CWH>
        <CFGlacier>1</CFGlacier>
        <CFSlope>1</CFSlope>
        <FC>2383.4857115790564</FC>
        <LP>0.85766600199431609</LP>
        <BETA>1.7412305383529412</BETA>
      </SubCatchmentVegetationZoneParameters>
    </SubCatchmentVegetationZone>
  </SubCatchment>
</Catchment>