<?xml version="1.0" encoding="utf-8"?>
<Catchment xmlns:xsi="http://www.w3.org/2001/XMLSchema-instance" xmlns:xsd="http://www.w3.org/2001/XMLSchema">
  <CatchmentParameters>
    <KSI>0.001</KSI>
    <KGmin>0.05</KGmin>
    <RangeKG>0.1</RangeKG>
    <AG>0.1</AG>
    <PERC>9.99993760301819</PERC>
    <Alpha>0</Alpha>
    <UZL>183.49492822193346</UZL>
    <K0>0.32633653794337464</K0>
    <K1>0.169274403006099</K1>
    <K2>0.046580463759176169</K2>
    <MAXBAS>1.0000329471297424</MAXBAS>
    <Cet>0</Cet>
    <PCALT>10</PCALT>
    <TCALT>0.6</TCALT>
    <Pelev>3349</Pelev>
    <Telev>2921</Telev>
    <PART>0.5</PART>
    <DELAY>1</DELAY>
  </CatchmentParameters>
  <VegetationZone>
    <VegetationZoneParameters>
      <TT>-0.15432252942618124</TT>
      <CFMAX>4.8645011622090752</CFMAX>
      <SP>0</SP>
      <SFCF>0.92279674358516939</SFCF>
      <CFR>0.00013876639450975393</CFR>
      <CWH>0.19188993881960817</CWH>
      <CFGlacier>1</CFGlacier>
      <CFSlope>1</CFSlope>
      <FC>694.44195144694584</FC>
      <LP>0.99999631020278612</LP>
      <BETA>1.0000000025728832</BETA>
    </VegetationZoneParameters>
  </VegetationZone>
  <SubCatchment>
    <SubCatchmentParameters>
      <KSI>0.001</KSI>
      <KGmin>0.05</KGmin>
      <RangeKG>0.1</RangeKG>
      <AG>0.1</AG>
      <PERC>9.99993760301819</PERC>
      <Alpha>0</Alpha>
      <UZL>183.49492822193346</UZL>
      <K0>0.32633653794337464</K0>
      <K1>0.169274403006099</K1>
      <K2>0.046580463759176169</K2>
      <MAXBAS>1.0000329471297424</MAXBAS>
      <Cet>0</Cet>
      <PCALT>10</PCALT>
      <TCALT>0.6</TCALT>
      <Pelev>3349</Pelev>
      <Telev>2921</Telev>
      <PART>0.5</PART>
      <DELAY>1</DELAY>
    </SubCatchmentParameters>
    <SubCatchmentVegetationZone>
      <SubCatchmentVegetationZoneParameters>
        <TT>-0.15432252942618124</TT>
        <CFMAX>4.8645011622090752</CFMAX>
        <SP>0</SP>
        <SFCF>0.92279674358516939</SFCF>
        <CFR>0.00013876639450975393</CFR>
        <CWH>0.19188993881960817</CWH>
        <CFGlacier>1</CFGlacier>
        <CFSlope>1</CFSlope>
        <FC>694.44195144694584</FC>
        <LP>0.99999631020278612</LP>
        <BETA>1.0000000025728832</BETA>
      </SubCatchmentVegetationZoneParameters>
    </SubCatchmentVegetationZone>
  </SubCatchment>
</Catchment>