<?xml version="1.0" encoding="utf-8"?>
<Catchment xmlns:xsi="http://www.w3.org/2001/XMLSchema-instance" xmlns:xsd="http://www.w3.org/2001/XMLSchema">
  <CatchmentParameters>
    <KSI>0.001</KSI>
    <KGmin>0.05</KGmin>
    <RangeKG>0.1</RangeKG>
    <AG>0.1</AG>
    <PERC>1.3927306899250624</PERC>
    <Alpha>0</Alpha>
    <UZL>62.839219967319345</UZL>
    <K0>0.32796301882763229</K0>
    <K1>0.068877630118251848</K1>
    <K2>0.010000001238951362</K2>
    <MAXBAS>1</MAXBAS>
    <Cet>0</Cet>
    <PCALT>10</PCALT>
    <TCALT>0.6</TCALT>
    <Pelev>3349</Pelev>
    <Telev>2921</Telev>
    <PART>0.5</PART>
    <DELAY>1</DELAY>
  </CatchmentParameters>
  <VegetationZone>
    <VegetationZoneParameters>
      <TT>-1.9011170719542656</TT>
      <CFMAX>2.3311486790199534</CFMAX>
      <SP>0</SP>
      <SFCF>1.0770166334161342</SFCF>
      <CFR>0.00054726650091148116</CFR>
      <CWH>0.10000022217002084</CWH>
      <CFGlacier>1</CFGlacier>
      <CFSlope>1</CFSlope>
      <FC>2007.6368572275737</FC>
      <LP>0.95021195837852113</LP>
      <BETA>1.367162159617384</BETA>
    </VegetationZoneParameters>
  </VegetationZone>
  <SubCatchment>
    <SubCatchmentParameters>
      <KSI>0.001</KSI>
      <KGmin>0.05</KGmin>
      <RangeKG>0.1</RangeKG>
      <AG>0.1</AG>
      <PERC>1.3927306899250624</PERC>
      <Alpha>0</Alpha>
      <UZL>62.839219967319345</UZL>
      <K0>0.32796301882763229</K0>
      <K1>0.068877630118251848</K1>
      <K2>0.010000001238951362</K2>
      <MAXBAS>1</MAXBAS>
      <Cet>0</Cet>
      <PCALT>10</PCALT>
      <TCALT>0.6</TCALT>
      <Pelev>3349</Pelev>
      <Telev>2921</Telev>
      <PART>0.5</PART>
      <DELAY>1</DELAY>
    </SubCatchmentParameters>
    <SubCatchmentVegetationZone>
      <SubCatchmentVegetationZoneParameters>
        <TT>-1.9011170719542656</TT>
        <CFMAX>2.3311486790199534</CFMAX>
        <SP>0</SP>
        <SFCF>1.0770166334161342</SFCF>
        <CFR>0.00054726650091148116</CFR>
        <CWH>0.10000022217002084</CWH>
        <CFGlacier>1</CFGlacier>
        <CFSlope>1</CFSlope>
        <FC>2007.6368572275737</FC>
        <LP>0.95021195837852113</LP>
        <BETA>1.367162159617384</BETA>
      </SubCatchmentVegetationZoneParameters>
    </SubCatchmentVegetationZone>
  </SubCatchment>
</Catchment>