<?xml version="1.0" encoding="utf-8"?>
<Catchment xmlns:xsi="http://www.w3.org/2001/XMLSchema-instance" xmlns:xsd="http://www.w3.org/2001/XMLSchema">
  <CatchmentParameters>
    <KSI>0.001</KSI>
    <KGmin>0.05</KGmin>
    <RangeKG>0.1</RangeKG>
    <AG>0.1</AG>
    <PERC>1.6804879132167188</PERC>
    <Alpha>0</Alpha>
    <UZL>115.21669039160477</UZL>
    <K0>0.092083606087335942</K0>
    <K1>0.044588876589929709</K1>
    <K2>0.010000001655743308</K2>
    <MAXBAS>1</MAXBAS>
    <Cet>0</Cet>
    <PCALT>10</PCALT>
    <TCALT>0.6</TCALT>
    <Pelev>3349</Pelev>
    <Telev>2921</Telev>
    <PART>0.5</PART>
    <DELAY>1</DELAY>
  </CatchmentParameters>
  <VegetationZone>
    <VegetationZoneParameters>
      <TT>-1.9423231842132525</TT>
      <CFMAX>4.240104675700886</CFMAX>
      <SP>0</SP>
      <SFCF>1.2899079915694041</SFCF>
      <CFR>0.00033036315185362719</CFR>
      <CWH>0.11946386020634418</CWH>
      <CFGlacier>1</CFGlacier>
      <CFSlope>1</CFSlope>
      <FC>1508.1176966565886</FC>
      <LP>0.76082916835573022</LP>
      <BETA>1.4074919917406863</BETA>
    </VegetationZoneParameters>
  </VegetationZone>
  <SubCatchment>
    <SubCatchmentParameters>
      <KSI>0.001</KSI>
      <KGmin>0.05</KGmin>
      <RangeKG>0.1</RangeKG>
      <AG>0.1</AG>
      <PERC>1.6804879132167188</PERC>
      <Alpha>0</Alpha>
      <UZL>115.21669039160477</UZL>
      <K0>0.092083606087335942</K0>
      <K1>0.044588876589929709</K1>
      <K2>0.010000001655743308</K2>
      <MAXBAS>1</MAXBAS>
      <Cet>0</Cet>
      <PCALT>10</PCALT>
      <TCALT>0.6</TCALT>
      <Pelev>3349</Pelev>
      <Telev>2921</Telev>
      <PART>0.5</PART>
      <DELAY>1</DELAY>
    </SubCatchmentParameters>
    <SubCatchmentVegetationZone>
      <SubCatchmentVegetationZoneParameters>
        <TT>-1.9423231842132525</TT>
        <CFMAX>4.240104675700886</CFMAX>
        <SP>0</SP>
        <SFCF>1.2899079915694041</SFCF>
        <CFR>0.00033036315185362719</CFR>
        <CWH>0.11946386020634418</CWH>
        <CFGlacier>1</CFGlacier>
        <CFSlope>1</CFSlope>
        <FC>1508.1176966565886</FC>
        <LP>0.76082916835573022</LP>
        <BETA>1.4074919917406863</BETA>
      </SubCatchmentVegetationZoneParameters>
    </SubCatchmentVegetationZone>
  </SubCatchment>
</Catchment>