<?xml version="1.0" encoding="utf-8"?>
<Catchment xmlns:xsi="http://www.w3.org/2001/XMLSchema-instance" xmlns:xsd="http://www.w3.org/2001/XMLSchema">
  <CatchmentParameters>
    <KSI>0.001</KSI>
    <KGmin>0.05</KGmin>
    <RangeKG>0.1</RangeKG>
    <AG>0.1</AG>
    <PERC>9.9999946612909838</PERC>
    <Alpha>0</Alpha>
    <UZL>199.68345317326902</UZL>
    <K0>0.5364962804375728</K0>
    <K1>0.23631300389486937</K1>
    <K2>0.049382478094929787</K2>
    <MAXBAS>1.0000225554400295</MAXBAS>
    <Cet>0</Cet>
    <PCALT>10</PCALT>
    <TCALT>0.6</TCALT>
    <Pelev>3349</Pelev>
    <Telev>2921</Telev>
    <PART>0.5</PART>
    <DELAY>1</DELAY>
  </CatchmentParameters>
  <VegetationZone>
    <VegetationZoneParameters>
      <TT>-1.3866685183138667</TT>
      <CFMAX>3.7992508879177445</CFMAX>
      <SP>0</SP>
      <SFCF>1.0062007337015968</SFCF>
      <CFR>0.023429790129424831</CFR>
      <CWH>0.19999946052253256</CWH>
      <CFGlacier>1</CFGlacier>
      <CFSlope>1</CFSlope>
      <FC>888.18752882046249</FC>
      <LP>0.99999782083037148</LP>
      <BETA>1.4741821934467851</BETA>
    </VegetationZoneParameters>
  </VegetationZone>
  <SubCatchment>
    <SubCatchmentParameters>
      <KSI>0.001</KSI>
      <KGmin>0.05</KGmin>
      <RangeKG>0.1</RangeKG>
      <AG>0.1</AG>
      <PERC>9.9999946612909838</PERC>
      <Alpha>0</Alpha>
      <UZL>199.68345317326902</UZL>
      <K0>0.5364962804375728</K0>
      <K1>0.23631300389486937</K1>
      <K2>0.049382478094929787</K2>
      <MAXBAS>1.0000225554400295</MAXBAS>
      <Cet>0</Cet>
      <PCALT>10</PCALT>
      <TCALT>0.6</TCALT>
      <Pelev>3349</Pelev>
      <Telev>2921</Telev>
      <PART>0.5</PART>
      <DELAY>1</DELAY>
    </SubCatchmentParameters>
    <SubCatchmentVegetationZone>
      <SubCatchmentVegetationZoneParameters>
        <TT>-1.3866685183138667</TT>
        <CFMAX>3.7992508879177445</CFMAX>
        <SP>0</SP>
        <SFCF>1.0062007337015968</SFCF>
        <CFR>0.023429790129424831</CFR>
        <CWH>0.19999946052253256</CWH>
        <CFGlacier>1</CFGlacier>
        <CFSlope>1</CFSlope>
        <FC>888.18752882046249</FC>
        <LP>0.99999782083037148</LP>
        <BETA>1.4741821934467851</BETA>
      </SubCatchmentVegetationZoneParameters>
    </SubCatchmentVegetationZone>
  </SubCatchment>
</Catchment>