<?xml version="1.0" encoding="utf-8"?>
<Catchment xmlns:xsi="http://www.w3.org/2001/XMLSchema-instance" xmlns:xsd="http://www.w3.org/2001/XMLSchema">
  <CatchmentParameters>
    <KSI>0.001</KSI>
    <KGmin>0.05</KGmin>
    <RangeKG>0.1</RangeKG>
    <AG>0.1</AG>
    <PERC>2.0935914096167827</PERC>
    <Alpha>0</Alpha>
    <UZL>144.00343698342655</UZL>
    <K0>0.55293233371170836</K0>
    <K1>0.12379358281602471</K1>
    <K2>0.010000005888680042</K2>
    <MAXBAS>1</MAXBAS>
    <Cet>0</Cet>
    <PCALT>10</PCALT>
    <TCALT>0.6</TCALT>
    <Pelev>3349</Pelev>
    <Telev>2921</Telev>
    <PART>0.5</PART>
    <DELAY>1</DELAY>
  </CatchmentParameters>
  <VegetationZone>
    <VegetationZoneParameters>
      <TT>-1.239782223367587</TT>
      <CFMAX>3.2791892977930504</CFMAX>
      <SP>0</SP>
      <SFCF>1.2376816669303647</SFCF>
      <CFR>2.4739846268422172E-09</CFR>
      <CWH>0.10000006148152045</CWH>
      <CFGlacier>1</CFGlacier>
      <CFSlope>1</CFSlope>
      <FC>2499.9881300454008</FC>
      <LP>0.6916172820956118</LP>
      <BETA>1.2491953621246259</BETA>
    </VegetationZoneParameters>
  </VegetationZone>
  <SubCatchment>
    <SubCatchmentParameters>
      <KSI>0.001</KSI>
      <KGmin>0.05</KGmin>
      <RangeKG>0.1</RangeKG>
      <AG>0.1</AG>
      <PERC>2.0935914096167827</PERC>
      <Alpha>0</Alpha>
      <UZL>144.00343698342655</UZL>
      <K0>0.55293233371170836</K0>
      <K1>0.12379358281602471</K1>
      <K2>0.010000005888680042</K2>
      <MAXBAS>1</MAXBAS>
      <Cet>0</Cet>
      <PCALT>10</PCALT>
      <TCALT>0.6</TCALT>
      <Pelev>3349</Pelev>
      <Telev>2921</Telev>
      <PART>0.5</PART>
      <DELAY>1</DELAY>
    </SubCatchmentParameters>
    <SubCatchmentVegetationZone>
      <SubCatchmentVegetationZoneParameters>
        <TT>-1.239782223367587</TT>
        <CFMAX>3.2791892977930504</CFMAX>
        <SP>0</SP>
        <SFCF>1.2376816669303647</SFCF>
        <CFR>2.4739846268422172E-09</CFR>
        <CWH>0.10000006148152045</CWH>
        <CFGlacier>1</CFGlacier>
        <CFSlope>1</CFSlope>
        <FC>2499.9881300454008</FC>
        <LP>0.6916172820956118</LP>
        <BETA>1.2491953621246259</BETA>
      </SubCatchmentVegetationZoneParameters>
    </SubCatchmentVegetationZone>
  </SubCatchment>
</Catchment>