<?xml version="1.0" encoding="utf-8"?>
<Catchment xmlns:xsi="http://www.w3.org/2001/XMLSchema-instance" xmlns:xsd="http://www.w3.org/2001/XMLSchema">
  <CatchmentParameters>
    <KSI>0.001</KSI>
    <KGmin>0.05</KGmin>
    <RangeKG>0.1</RangeKG>
    <AG>0.1</AG>
    <PERC>1.7783753883740645</PERC>
    <Alpha>0</Alpha>
    <UZL>129.26016282869813</UZL>
    <K0>0.50457435821868479</K0>
    <K1>0.10758189790280312</K1>
    <K2>0.010000009012847328</K2>
    <MAXBAS>1</MAXBAS>
    <Cet>0</Cet>
    <PCALT>10</PCALT>
    <TCALT>0.6</TCALT>
    <Pelev>3349</Pelev>
    <Telev>2921</Telev>
    <PART>0.5</PART>
    <DELAY>1</DELAY>
  </CatchmentParameters>
  <VegetationZone>
    <VegetationZoneParameters>
      <TT>-2.2876585041122244</TT>
      <CFMAX>2.3327932239279852</CFMAX>
      <SP>0</SP>
      <SFCF>1.1204313784917204</SFCF>
      <CFR>0.000539456594344695</CFR>
      <CWH>0.100000000135839</CWH>
      <CFGlacier>1</CFGlacier>
      <CFSlope>1</CFSlope>
      <FC>857.58368120837144</FC>
      <LP>0.90880911099875328</LP>
      <BETA>1.2535722747114941</BETA>
    </VegetationZoneParameters>
  </VegetationZone>
  <SubCatchment>
    <SubCatchmentParameters>
      <KSI>0.001</KSI>
      <KGmin>0.05</KGmin>
      <RangeKG>0.1</RangeKG>
      <AG>0.1</AG>
      <PERC>1.7783753883740645</PERC>
      <Alpha>0</Alpha>
      <UZL>129.26016282869813</UZL>
      <K0>0.50457435821868479</K0>
      <K1>0.10758189790280312</K1>
      <K2>0.010000009012847328</K2>
      <MAXBAS>1</MAXBAS>
      <Cet>0</Cet>
      <PCALT>10</PCALT>
      <TCALT>0.6</TCALT>
      <Pelev>3349</Pelev>
      <Telev>2921</Telev>
      <PART>0.5</PART>
      <DELAY>1</DELAY>
    </SubCatchmentParameters>
    <SubCatchmentVegetationZone>
      <SubCatchmentVegetationZoneParameters>
        <TT>-2.2876585041122244</TT>
        <CFMAX>2.3327932239279852</CFMAX>
        <SP>0</SP>
        <SFCF>1.1204313784917204</SFCF>
        <CFR>0.000539456594344695</CFR>
        <CWH>0.100000000135839</CWH>
        <CFGlacier>1</CFGlacier>
        <CFSlope>1</CFSlope>
        <FC>857.58368120837144</FC>
        <LP>0.90880911099875328</LP>
        <BETA>1.2535722747114941</BETA>
      </SubCatchmentVegetationZoneParameters>
    </SubCatchmentVegetationZone>
  </SubCatchment>
</Catchment>