<?xml version="1.0" encoding="utf-8"?>
<Catchment xmlns:xsi="http://www.w3.org/2001/XMLSchema-instance" xmlns:xsd="http://www.w3.org/2001/XMLSchema">
  <CatchmentParameters>
    <KSI>0.001</KSI>
    <KGmin>0.05</KGmin>
    <RangeKG>0.1</RangeKG>
    <AG>0.1</AG>
    <PERC>1.4753947139827133</PERC>
    <Alpha>0</Alpha>
    <UZL>73.607273719441082</UZL>
    <K0>0.30209942124430145</K0>
    <K1>0.064763388055923049</K1>
    <K2>0.010000000579260582</K2>
    <MAXBAS>1</MAXBAS>
    <Cet>0</Cet>
    <PCALT>10</PCALT>
    <TCALT>0.6</TCALT>
    <Pelev>3349</Pelev>
    <Telev>2921</Telev>
    <PART>0.5</PART>
    <DELAY>1</DELAY>
  </CatchmentParameters>
  <VegetationZone>
    <VegetationZoneParameters>
      <TT>-1.5439993565546906</TT>
      <CFMAX>3.0053295429383327</CFMAX>
      <SP>0</SP>
      <SFCF>1.1867321016281256</SFCF>
      <CFR>3.9015697551617749E-08</CFR>
      <CWH>0.10000005020324046</CWH>
      <CFGlacier>1</CFGlacier>
      <CFSlope>1</CFSlope>
      <FC>2335.4825905824532</FC>
      <LP>0.86352763200292315</LP>
      <BETA>1.676120204059367</BETA>
    </VegetationZoneParameters>
  </VegetationZone>
  <SubCatchment>
    <SubCatchmentParameters>
      <KSI>0.001</KSI>
      <KGmin>0.05</KGmin>
      <RangeKG>0.1</RangeKG>
      <AG>0.1</AG>
      <PERC>1.4753947139827133</PERC>
      <Alpha>0</Alpha>
      <UZL>73.607273719441082</UZL>
      <K0>0.30209942124430145</K0>
      <K1>0.064763388055923049</K1>
      <K2>0.010000000579260582</K2>
      <MAXBAS>1</MAXBAS>
      <Cet>0</Cet>
      <PCALT>10</PCALT>
      <TCALT>0.6</TCALT>
      <Pelev>3349</Pelev>
      <Telev>2921</Telev>
      <PART>0.5</PART>
      <DELAY>1</DELAY>
    </SubCatchmentParameters>
    <SubCatchmentVegetationZone>
      <SubCatchmentVegetationZoneParameters>
        <TT>-1.5439993565546906</TT>
        <CFMAX>3.0053295429383327</CFMAX>
        <SP>0</SP>
        <SFCF>1.1867321016281256</SFCF>
        <CFR>3.9015697551617749E-08</CFR>
        <CWH>0.10000005020324046</CWH>
        <CFGlacier>1</CFGlacier>
        <CFSlope>1</CFSlope>
        <FC>2335.4825905824532</FC>
        <LP>0.86352763200292315</LP>
        <BETA>1.676120204059367</BETA>
      </SubCatchmentVegetationZoneParameters>
    </SubCatchmentVegetationZone>
  </SubCatchment>
</Catchment>