<?xml version="1.0" encoding="utf-8"?>
<Catchment xmlns:xsi="http://www.w3.org/2001/XMLSchema-instance" xmlns:xsd="http://www.w3.org/2001/XMLSchema">
  <CatchmentParameters>
    <KSI>0.001</KSI>
    <KGmin>0.05</KGmin>
    <RangeKG>0.1</RangeKG>
    <AG>0.1</AG>
    <PERC>1.5184479441895491</PERC>
    <Alpha>0</Alpha>
    <UZL>66.378324652620151</UZL>
    <K0>0.29785151363992113</K0>
    <K1>0.068429816660675755</K1>
    <K2>0.010000008413744998</K2>
    <MAXBAS>1</MAXBAS>
    <Cet>0</Cet>
    <PCALT>10</PCALT>
    <TCALT>0.6</TCALT>
    <Pelev>3349</Pelev>
    <Telev>2921</Telev>
    <PART>0.5</PART>
    <DELAY>1</DELAY>
  </CatchmentParameters>
  <VegetationZone>
    <VegetationZoneParameters>
      <TT>-1.8980215441739239</TT>
      <CFMAX>2.7409191531441421</CFMAX>
      <SP>0</SP>
      <SFCF>1.1990687050542672</SFCF>
      <CFR>3.8362153803849681E-08</CFR>
      <CWH>0.10000019813634929</CWH>
      <CFGlacier>1</CFGlacier>
      <CFSlope>1</CFSlope>
      <FC>2298.0907388117012</FC>
      <LP>0.90315123862700952</LP>
      <BETA>1.9628065434979225</BETA>
    </VegetationZoneParameters>
  </VegetationZone>
  <SubCatchment>
    <SubCatchmentParameters>
      <KSI>0.001</KSI>
      <KGmin>0.05</KGmin>
      <RangeKG>0.1</RangeKG>
      <AG>0.1</AG>
      <PERC>1.5184479441895491</PERC>
      <Alpha>0</Alpha>
      <UZL>66.378324652620151</UZL>
      <K0>0.29785151363992113</K0>
      <K1>0.068429816660675755</K1>
      <K2>0.010000008413744998</K2>
      <MAXBAS>1</MAXBAS>
      <Cet>0</Cet>
      <PCALT>10</PCALT>
      <TCALT>0.6</TCALT>
      <Pelev>3349</Pelev>
      <Telev>2921</Telev>
      <PART>0.5</PART>
      <DELAY>1</DELAY>
    </SubCatchmentParameters>
    <SubCatchmentVegetationZone>
      <SubCatchmentVegetationZoneParameters>
        <TT>-1.8980215441739239</TT>
        <CFMAX>2.7409191531441421</CFMAX>
        <SP>0</SP>
        <SFCF>1.1990687050542672</SFCF>
        <CFR>3.8362153803849681E-08</CFR>
        <CWH>0.10000019813634929</CWH>
        <CFGlacier>1</CFGlacier>
        <CFSlope>1</CFSlope>
        <FC>2298.0907388117012</FC>
        <LP>0.90315123862700952</LP>
        <BETA>1.9628065434979225</BETA>
      </SubCatchmentVegetationZoneParameters>
    </SubCatchmentVegetationZone>
  </SubCatchment>
</Catchment>