<?xml version="1.0" encoding="utf-8"?>
<Catchment xmlns:xsi="http://www.w3.org/2001/XMLSchema-instance" xmlns:xsd="http://www.w3.org/2001/XMLSchema">
  <CatchmentParameters>
    <KSI>0.001</KSI>
    <KGmin>0.05</KGmin>
    <RangeKG>0.1</RangeKG>
    <AG>0.1</AG>
    <PERC>1.6400856533755974</PERC>
    <Alpha>0</Alpha>
    <UZL>67.944679721575469</UZL>
    <K0>0.33336064410758759</K0>
    <K1>0.071523571510140327</K1>
    <K2>0.010000001082298498</K2>
    <MAXBAS>1</MAXBAS>
    <Cet>0</Cet>
    <PCALT>10</PCALT>
    <TCALT>0.6</TCALT>
    <Pelev>3349</Pelev>
    <Telev>2921</Telev>
    <PART>0.5</PART>
    <DELAY>1</DELAY>
  </CatchmentParameters>
  <VegetationZone>
    <VegetationZoneParameters>
      <TT>-1.5177976438039613</TT>
      <CFMAX>3.0831964731917259</CFMAX>
      <SP>0</SP>
      <SFCF>1.2174563555928883</SFCF>
      <CFR>5.9975567991032232E-09</CFR>
      <CWH>0.10000004492867225</CWH>
      <CFGlacier>1</CFGlacier>
      <CFSlope>1</CFSlope>
      <FC>2499.9573772988856</FC>
      <LP>0.86248184944217865</LP>
      <BETA>1.9337982983094622</BETA>
    </VegetationZoneParameters>
  </VegetationZone>
  <SubCatchment>
    <SubCatchmentParameters>
      <KSI>0.001</KSI>
      <KGmin>0.05</KGmin>
      <RangeKG>0.1</RangeKG>
      <AG>0.1</AG>
      <PERC>1.6400856533755974</PERC>
      <Alpha>0</Alpha>
      <UZL>67.944679721575469</UZL>
      <K0>0.33336064410758759</K0>
      <K1>0.071523571510140327</K1>
      <K2>0.010000001082298498</K2>
      <MAXBAS>1</MAXBAS>
      <Cet>0</Cet>
      <PCALT>10</PCALT>
      <TCALT>0.6</TCALT>
      <Pelev>3349</Pelev>
      <Telev>2921</Telev>
      <PART>0.5</PART>
      <DELAY>1</DELAY>
    </SubCatchmentParameters>
    <SubCatchmentVegetationZone>
      <SubCatchmentVegetationZoneParameters>
        <TT>-1.5177976438039613</TT>
        <CFMAX>3.0831964731917259</CFMAX>
        <SP>0</SP>
        <SFCF>1.2174563555928883</SFCF>
        <CFR>5.9975567991032232E-09</CFR>
        <CWH>0.10000004492867225</CWH>
        <CFGlacier>1</CFGlacier>
        <CFSlope>1</CFSlope>
        <FC>2499.9573772988856</FC>
        <LP>0.86248184944217865</LP>
        <BETA>1.9337982983094622</BETA>
      </SubCatchmentVegetationZoneParameters>
    </SubCatchmentVegetationZone>
  </SubCatchment>
</Catchment>