<?xml version="1.0" encoding="utf-8"?>
<Catchment xmlns:xsi="http://www.w3.org/2001/XMLSchema-instance" xmlns:xsd="http://www.w3.org/2001/XMLSchema">
  <CatchmentParameters>
    <KSI>0.001</KSI>
    <KGmin>0.05</KGmin>
    <RangeKG>0.1</RangeKG>
    <AG>0.1</AG>
    <PERC>9.9999922007770774</PERC>
    <Alpha>0</Alpha>
    <UZL>97.10267784604828</UZL>
    <K0>0.33531136313836407</K0>
    <K1>0.19005183055048963</K1>
    <K2>0.045332736415173706</K2>
    <MAXBAS>1.0001800291833307</MAXBAS>
    <Cet>0</Cet>
    <PCALT>10</PCALT>
    <TCALT>0.6</TCALT>
    <Pelev>3349</Pelev>
    <Telev>2921</Telev>
    <PART>0.5</PART>
    <DELAY>1</DELAY>
  </CatchmentParameters>
  <VegetationZone>
    <VegetationZoneParameters>
      <TT>-0.87999942891928373</TT>
      <CFMAX>4.5330489503797891</CFMAX>
      <SP>0</SP>
      <SFCF>0.99884185032791906</SFCF>
      <CFR>0.060698920260718062</CFR>
      <CWH>0.19999848986706145</CWH>
      <CFGlacier>1</CFGlacier>
      <CFSlope>1</CFSlope>
      <FC>867.76463573760554</FC>
      <LP>0.96089305293999494</LP>
      <BETA>1.2340547694510431</BETA>
    </VegetationZoneParameters>
  </VegetationZone>
  <SubCatchment>
    <SubCatchmentParameters>
      <KSI>0.001</KSI>
      <KGmin>0.05</KGmin>
      <RangeKG>0.1</RangeKG>
      <AG>0.1</AG>
      <PERC>9.9999922007770774</PERC>
      <Alpha>0</Alpha>
      <UZL>97.10267784604828</UZL>
      <K0>0.33531136313836407</K0>
      <K1>0.19005183055048963</K1>
      <K2>0.045332736415173706</K2>
      <MAXBAS>1.0001800291833307</MAXBAS>
      <Cet>0</Cet>
      <PCALT>10</PCALT>
      <TCALT>0.6</TCALT>
      <Pelev>3349</Pelev>
      <Telev>2921</Telev>
      <PART>0.5</PART>
      <DELAY>1</DELAY>
    </SubCatchmentParameters>
    <SubCatchmentVegetationZone>
      <SubCatchmentVegetationZoneParameters>
        <TT>-0.87999942891928373</TT>
        <CFMAX>4.5330489503797891</CFMAX>
        <SP>0</SP>
        <SFCF>0.99884185032791906</SFCF>
        <CFR>0.060698920260718062</CFR>
        <CWH>0.19999848986706145</CWH>
        <CFGlacier>1</CFGlacier>
        <CFSlope>1</CFSlope>
        <FC>867.76463573760554</FC>
        <LP>0.96089305293999494</LP>
        <BETA>1.2340547694510431</BETA>
      </SubCatchmentVegetationZoneParameters>
    </SubCatchmentVegetationZone>
  </SubCatchment>
</Catchment>