<?xml version="1.0" encoding="utf-8"?>
<Catchment xmlns:xsi="http://www.w3.org/2001/XMLSchema-instance" xmlns:xsd="http://www.w3.org/2001/XMLSchema">
  <CatchmentParameters>
    <KSI>0.001</KSI>
    <KGmin>0.05</KGmin>
    <RangeKG>0.1</RangeKG>
    <AG>0.1</AG>
    <PERC>9.99999270098437</PERC>
    <Alpha>0</Alpha>
    <UZL>92.904297463379535</UZL>
    <K0>0.40217197996938236</K0>
    <K1>0.17710333861763447</K1>
    <K2>0.044982663065587743</K2>
    <MAXBAS>1.0000495938379137</MAXBAS>
    <Cet>0</Cet>
    <PCALT>10</PCALT>
    <TCALT>0.6</TCALT>
    <Pelev>3349</Pelev>
    <Telev>2921</Telev>
    <PART>0.5</PART>
    <DELAY>1</DELAY>
  </CatchmentParameters>
  <VegetationZone>
    <VegetationZoneParameters>
      <TT>-0.74401035094319523</TT>
      <CFMAX>4.2259161495553927</CFMAX>
      <SP>0</SP>
      <SFCF>0.898982675159894</SFCF>
      <CFR>0.0660210968651153</CFR>
      <CWH>0.19999916310702087</CWH>
      <CFGlacier>1</CFGlacier>
      <CFSlope>1</CFSlope>
      <FC>495.8733731049781</FC>
      <LP>0.99999879087738908</LP>
      <BETA>1.0000000019343731</BETA>
    </VegetationZoneParameters>
  </VegetationZone>
  <SubCatchment>
    <SubCatchmentParameters>
      <KSI>0.001</KSI>
      <KGmin>0.05</KGmin>
      <RangeKG>0.1</RangeKG>
      <AG>0.1</AG>
      <PERC>9.99999270098437</PERC>
      <Alpha>0</Alpha>
      <UZL>92.904297463379535</UZL>
      <K0>0.40217197996938236</K0>
      <K1>0.17710333861763447</K1>
      <K2>0.044982663065587743</K2>
      <MAXBAS>1.0000495938379137</MAXBAS>
      <Cet>0</Cet>
      <PCALT>10</PCALT>
      <TCALT>0.6</TCALT>
      <Pelev>3349</Pelev>
      <Telev>2921</Telev>
      <PART>0.5</PART>
      <DELAY>1</DELAY>
    </SubCatchmentParameters>
    <SubCatchmentVegetationZone>
      <SubCatchmentVegetationZoneParameters>
        <TT>-0.74401035094319523</TT>
        <CFMAX>4.2259161495553927</CFMAX>
        <SP>0</SP>
        <SFCF>0.898982675159894</SFCF>
        <CFR>0.0660210968651153</CFR>
        <CWH>0.19999916310702087</CWH>
        <CFGlacier>1</CFGlacier>
        <CFSlope>1</CFSlope>
        <FC>495.8733731049781</FC>
        <LP>0.99999879087738908</LP>
        <BETA>1.0000000019343731</BETA>
      </SubCatchmentVegetationZoneParameters>
    </SubCatchmentVegetationZone>
  </SubCatchment>
</Catchment>