<?xml version="1.0" encoding="utf-8"?>
<Catchment xmlns:xsi="http://www.w3.org/2001/XMLSchema-instance" xmlns:xsd="http://www.w3.org/2001/XMLSchema">
  <CatchmentParameters>
    <KSI>0.001</KSI>
    <KGmin>0.05</KGmin>
    <RangeKG>0.1</RangeKG>
    <AG>0.1</AG>
    <PERC>1.6922272233953521</PERC>
    <Alpha>0</Alpha>
    <UZL>62.708504026937646</UZL>
    <K0>0.32546034863742207</K0>
    <K1>0.081710991069814234</K1>
    <K2>0.010013454708466254</K2>
    <MAXBAS>1</MAXBAS>
    <Cet>0</Cet>
    <PCALT>10</PCALT>
    <TCALT>0.6</TCALT>
    <Pelev>3349</Pelev>
    <Telev>2921</Telev>
    <PART>0.5</PART>
    <DELAY>1</DELAY>
  </CatchmentParameters>
  <VegetationZone>
    <VegetationZoneParameters>
      <TT>-1.4979647268620815</TT>
      <CFMAX>2.6859856214299915</CFMAX>
      <SP>0</SP>
      <SFCF>1.0851735570422363</SFCF>
      <CFR>2.94064083533885E-09</CFR>
      <CWH>0.10000006919414188</CWH>
      <CFGlacier>1</CFGlacier>
      <CFSlope>1</CFSlope>
      <FC>2149.44482795933</FC>
      <LP>0.890426343351295</LP>
      <BETA>1.2661543631086185</BETA>
    </VegetationZoneParameters>
  </VegetationZone>
  <SubCatchment>
    <SubCatchmentParameters>
      <KSI>0.001</KSI>
      <KGmin>0.05</KGmin>
      <RangeKG>0.1</RangeKG>
      <AG>0.1</AG>
      <PERC>1.6922272233953521</PERC>
      <Alpha>0</Alpha>
      <UZL>62.708504026937646</UZL>
      <K0>0.32546034863742207</K0>
      <K1>0.081710991069814234</K1>
      <K2>0.010013454708466254</K2>
      <MAXBAS>1</MAXBAS>
      <Cet>0</Cet>
      <PCALT>10</PCALT>
      <TCALT>0.6</TCALT>
      <Pelev>3349</Pelev>
      <Telev>2921</Telev>
      <PART>0.5</PART>
      <DELAY>1</DELAY>
    </SubCatchmentParameters>
    <SubCatchmentVegetationZone>
      <SubCatchmentVegetationZoneParameters>
        <TT>-1.4979647268620815</TT>
        <CFMAX>2.6859856214299915</CFMAX>
        <SP>0</SP>
        <SFCF>1.0851735570422363</SFCF>
        <CFR>2.94064083533885E-09</CFR>
        <CWH>0.10000006919414188</CWH>
        <CFGlacier>1</CFGlacier>
        <CFSlope>1</CFSlope>
        <FC>2149.44482795933</FC>
        <LP>0.890426343351295</LP>
        <BETA>1.2661543631086185</BETA>
      </SubCatchmentVegetationZoneParameters>
    </SubCatchmentVegetationZone>
  </SubCatchment>
</Catchment>