<?xml version="1.0" encoding="utf-8"?>
<Catchment xmlns:xsi="http://www.w3.org/2001/XMLSchema-instance" xmlns:xsd="http://www.w3.org/2001/XMLSchema">
  <CatchmentParameters>
    <KSI>0.001</KSI>
    <KGmin>0.05</KGmin>
    <RangeKG>0.1</RangeKG>
    <AG>0.1</AG>
    <PERC>9.3374115647086562</PERC>
    <Alpha>0</Alpha>
    <UZL>26.554370517627902</UZL>
    <K0>0.19233734885783649</K0>
    <K1>0.093142264432112487</K1>
    <K2>0.045675939304075791</K2>
    <MAXBAS>1.0002535152580496</MAXBAS>
    <Cet>0</Cet>
    <PCALT>10</PCALT>
    <TCALT>0.6</TCALT>
    <Pelev>3349</Pelev>
    <Telev>2921</Telev>
    <PART>0.5</PART>
    <DELAY>1</DELAY>
  </CatchmentParameters>
  <VegetationZone>
    <VegetationZoneParameters>
      <TT>-1.0171682733428618</TT>
      <CFMAX>4.1708875862105961</CFMAX>
      <SP>0</SP>
      <SFCF>0.94584950302038628</SFCF>
      <CFR>0.079690800395804423</CFR>
      <CWH>0.19999904193239421</CWH>
      <CFGlacier>1</CFGlacier>
      <CFSlope>1</CFSlope>
      <FC>668.21829726939791</FC>
      <LP>0.99999695145456813</LP>
      <BETA>1.0000162281491274</BETA>
    </VegetationZoneParameters>
  </VegetationZone>
  <SubCatchment>
    <SubCatchmentParameters>
      <KSI>0.001</KSI>
      <KGmin>0.05</KGmin>
      <RangeKG>0.1</RangeKG>
      <AG>0.1</AG>
      <PERC>9.3374115647086562</PERC>
      <Alpha>0</Alpha>
      <UZL>26.554370517627902</UZL>
      <K0>0.19233734885783649</K0>
      <K1>0.093142264432112487</K1>
      <K2>0.045675939304075791</K2>
      <MAXBAS>1.0002535152580496</MAXBAS>
      <Cet>0</Cet>
      <PCALT>10</PCALT>
      <TCALT>0.6</TCALT>
      <Pelev>3349</Pelev>
      <Telev>2921</Telev>
      <PART>0.5</PART>
      <DELAY>1</DELAY>
    </SubCatchmentParameters>
    <SubCatchmentVegetationZone>
      <SubCatchmentVegetationZoneParameters>
        <TT>-1.0171682733428618</TT>
        <CFMAX>4.1708875862105961</CFMAX>
        <SP>0</SP>
        <SFCF>0.94584950302038628</SFCF>
        <CFR>0.079690800395804423</CFR>
        <CWH>0.19999904193239421</CWH>
        <CFGlacier>1</CFGlacier>
        <CFSlope>1</CFSlope>
        <FC>668.21829726939791</FC>
        <LP>0.99999695145456813</LP>
        <BETA>1.0000162281491274</BETA>
      </SubCatchmentVegetationZoneParameters>
    </SubCatchmentVegetationZone>
  </SubCatchment>
</Catchment>