<?xml version="1.0" encoding="utf-8"?>
<Catchment xmlns:xsi="http://www.w3.org/2001/XMLSchema-instance" xmlns:xsd="http://www.w3.org/2001/XMLSchema">
  <CatchmentParameters>
    <KSI>0.001</KSI>
    <KGmin>0.05</KGmin>
    <RangeKG>0.1</RangeKG>
    <AG>0.1</AG>
    <PERC>1.4282841528063059</PERC>
    <Alpha>0</Alpha>
    <UZL>77.831485229351088</UZL>
    <K0>0.36947386182659531</K0>
    <K1>0.061335994205552309</K1>
    <K2>0.010000020772906225</K2>
    <MAXBAS>1</MAXBAS>
    <Cet>0</Cet>
    <PCALT>10</PCALT>
    <TCALT>0.6</TCALT>
    <Pelev>3349</Pelev>
    <Telev>2921</Telev>
    <PART>0.5</PART>
    <DELAY>1</DELAY>
  </CatchmentParameters>
  <VegetationZone>
    <VegetationZoneParameters>
      <TT>-1.9647911481055396</TT>
      <CFMAX>2.7394128994795319</CFMAX>
      <SP>0</SP>
      <SFCF>1.1874557452371708</SFCF>
      <CFR>1.7836162906062307E-05</CFR>
      <CWH>0.10000012221221664</CWH>
      <CFGlacier>1</CFGlacier>
      <CFSlope>1</CFSlope>
      <FC>1697.9720629215333</FC>
      <LP>0.83649502963300415</LP>
      <BETA>1.359926820864644</BETA>
    </VegetationZoneParameters>
  </VegetationZone>
  <SubCatchment>
    <SubCatchmentParameters>
      <KSI>0.001</KSI>
      <KGmin>0.05</KGmin>
      <RangeKG>0.1</RangeKG>
      <AG>0.1</AG>
      <PERC>1.4282841528063059</PERC>
      <Alpha>0</Alpha>
      <UZL>77.831485229351088</UZL>
      <K0>0.36947386182659531</K0>
      <K1>0.061335994205552309</K1>
      <K2>0.010000020772906225</K2>
      <MAXBAS>1</MAXBAS>
      <Cet>0</Cet>
      <PCALT>10</PCALT>
      <TCALT>0.6</TCALT>
      <Pelev>3349</Pelev>
      <Telev>2921</Telev>
      <PART>0.5</PART>
      <DELAY>1</DELAY>
    </SubCatchmentParameters>
    <SubCatchmentVegetationZone>
      <SubCatchmentVegetationZoneParameters>
        <TT>-1.9647911481055396</TT>
        <CFMAX>2.7394128994795319</CFMAX>
        <SP>0</SP>
        <SFCF>1.1874557452371708</SFCF>
        <CFR>1.7836162906062307E-05</CFR>
        <CWH>0.10000012221221664</CWH>
        <CFGlacier>1</CFGlacier>
        <CFSlope>1</CFSlope>
        <FC>1697.9720629215333</FC>
        <LP>0.83649502963300415</LP>
        <BETA>1.359926820864644</BETA>
      </SubCatchmentVegetationZoneParameters>
    </SubCatchmentVegetationZone>
  </SubCatchment>
</Catchment>