<?xml version="1.0" encoding="utf-8"?>
<Catchment xmlns:xsi="http://www.w3.org/2001/XMLSchema-instance" xmlns:xsd="http://www.w3.org/2001/XMLSchema">
  <CatchmentParameters>
    <KSI>0.001</KSI>
    <KGmin>0.05</KGmin>
    <RangeKG>0.1</RangeKG>
    <AG>0.1</AG>
    <PERC>9.9999759020418733</PERC>
    <Alpha>0</Alpha>
    <UZL>146.1024457908961</UZL>
    <K0>0.16616393750958619</K0>
    <K1>0.21289054371804436</K1>
    <K2>0.047993783269474552</K2>
    <MAXBAS>1.0000705321827692</MAXBAS>
    <Cet>0</Cet>
    <PCALT>10</PCALT>
    <TCALT>0.6</TCALT>
    <Pelev>3349</Pelev>
    <Telev>2921</Telev>
    <PART>0.5</PART>
    <DELAY>1</DELAY>
  </CatchmentParameters>
  <VegetationZone>
    <VegetationZoneParameters>
      <TT>-1.2357677253747579</TT>
      <CFMAX>3.5146119756235437</CFMAX>
      <SP>0</SP>
      <SFCF>0.89562411438599188</SFCF>
      <CFR>0.015262482375505438</CFR>
      <CWH>0.1999998607490541</CWH>
      <CFGlacier>1</CFGlacier>
      <CFSlope>1</CFSlope>
      <FC>434.78683372093241</FC>
      <LP>0.99999999970481346</LP>
      <BETA>1.1184471949566446</BETA>
    </VegetationZoneParameters>
  </VegetationZone>
  <SubCatchment>
    <SubCatchmentParameters>
      <KSI>0.001</KSI>
      <KGmin>0.05</KGmin>
      <RangeKG>0.1</RangeKG>
      <AG>0.1</AG>
      <PERC>9.9999759020418733</PERC>
      <Alpha>0</Alpha>
      <UZL>146.1024457908961</UZL>
      <K0>0.16616393750958619</K0>
      <K1>0.21289054371804436</K1>
      <K2>0.047993783269474552</K2>
      <MAXBAS>1.0000705321827692</MAXBAS>
      <Cet>0</Cet>
      <PCALT>10</PCALT>
      <TCALT>0.6</TCALT>
      <Pelev>3349</Pelev>
      <Telev>2921</Telev>
      <PART>0.5</PART>
      <DELAY>1</DELAY>
    </SubCatchmentParameters>
    <SubCatchmentVegetationZone>
      <SubCatchmentVegetationZoneParameters>
        <TT>-1.2357677253747579</TT>
        <CFMAX>3.5146119756235437</CFMAX>
        <SP>0</SP>
        <SFCF>0.89562411438599188</SFCF>
        <CFR>0.015262482375505438</CFR>
        <CWH>0.1999998607490541</CWH>
        <CFGlacier>1</CFGlacier>
        <CFSlope>1</CFSlope>
        <FC>434.78683372093241</FC>
        <LP>0.99999999970481346</LP>
        <BETA>1.1184471949566446</BETA>
      </SubCatchmentVegetationZoneParameters>
    </SubCatchmentVegetationZone>
  </SubCatchment>
</Catchment>