<?xml version="1.0" encoding="utf-8"?>
<Catchment xmlns:xsi="http://www.w3.org/2001/XMLSchema-instance" xmlns:xsd="http://www.w3.org/2001/XMLSchema">
  <CatchmentParameters>
    <KSI>0.001</KSI>
    <KGmin>0.05</KGmin>
    <RangeKG>0.1</RangeKG>
    <AG>0.1</AG>
    <PERC>9.9998246144283645</PERC>
    <Alpha>0</Alpha>
    <UZL>185.22135665602869</UZL>
    <K0>0.30807069211874871</K0>
    <K1>0.16990057765364777</K1>
    <K2>0.04495769295978768</K2>
    <MAXBAS>1.0000733448161943</MAXBAS>
    <Cet>0</Cet>
    <PCALT>10</PCALT>
    <TCALT>0.6</TCALT>
    <Pelev>3349</Pelev>
    <Telev>2921</Telev>
    <PART>0.5</PART>
    <DELAY>1</DELAY>
  </CatchmentParameters>
  <VegetationZone>
    <VegetationZoneParameters>
      <TT>-0.54400179062877</TT>
      <CFMAX>4.34701631372381</CFMAX>
      <SP>0</SP>
      <SFCF>0.92162803392505344</SFCF>
      <CFR>0.00024636449437178971</CFR>
      <CWH>0.19999652711515509</CWH>
      <CFGlacier>1</CFGlacier>
      <CFSlope>1</CFSlope>
      <FC>547.19730479789882</FC>
      <LP>0.99999405047947909</LP>
      <BETA>1.0000175805985576</BETA>
    </VegetationZoneParameters>
  </VegetationZone>
  <SubCatchment>
    <SubCatchmentParameters>
      <KSI>0.001</KSI>
      <KGmin>0.05</KGmin>
      <RangeKG>0.1</RangeKG>
      <AG>0.1</AG>
      <PERC>9.9998246144283645</PERC>
      <Alpha>0</Alpha>
      <UZL>185.22135665602869</UZL>
      <K0>0.30807069211874871</K0>
      <K1>0.16990057765364777</K1>
      <K2>0.04495769295978768</K2>
      <MAXBAS>1.0000733448161943</MAXBAS>
      <Cet>0</Cet>
      <PCALT>10</PCALT>
      <TCALT>0.6</TCALT>
      <Pelev>3349</Pelev>
      <Telev>2921</Telev>
      <PART>0.5</PART>
      <DELAY>1</DELAY>
    </SubCatchmentParameters>
    <SubCatchmentVegetationZone>
      <SubCatchmentVegetationZoneParameters>
        <TT>-0.54400179062877</TT>
        <CFMAX>4.34701631372381</CFMAX>
        <SP>0</SP>
        <SFCF>0.92162803392505344</SFCF>
        <CFR>0.00024636449437178971</CFR>
        <CWH>0.19999652711515509</CWH>
        <CFGlacier>1</CFGlacier>
        <CFSlope>1</CFSlope>
        <FC>547.19730479789882</FC>
        <LP>0.99999405047947909</LP>
        <BETA>1.0000175805985576</BETA>
      </SubCatchmentVegetationZoneParameters>
    </SubCatchmentVegetationZone>
  </SubCatchment>
</Catchment>