<?xml version="1.0" encoding="utf-8"?>
<Catchment xmlns:xsi="http://www.w3.org/2001/XMLSchema-instance" xmlns:xsd="http://www.w3.org/2001/XMLSchema">
  <CatchmentParameters>
    <KSI>0.001</KSI>
    <KGmin>0.05</KGmin>
    <RangeKG>0.1</RangeKG>
    <AG>0.1</AG>
    <PERC>1.1293857266616512</PERC>
    <Alpha>0</Alpha>
    <UZL>131.42315335690549</UZL>
    <K0>0.11387228267512585</K0>
    <K1>0.039532563896993368</K1>
    <K2>0.010000000125541928</K2>
    <MAXBAS>1</MAXBAS>
    <Cet>0</Cet>
    <PCALT>10</PCALT>
    <TCALT>0.6</TCALT>
    <Pelev>3349</Pelev>
    <Telev>2921</Telev>
    <PART>0.5</PART>
    <DELAY>1</DELAY>
  </CatchmentParameters>
  <VegetationZone>
    <VegetationZoneParameters>
      <TT>-1.8980090571019319</TT>
      <CFMAX>3.73224563067679</CFMAX>
      <SP>0</SP>
      <SFCF>1.134756521040299</SFCF>
      <CFR>4.788498315996142E-07</CFR>
      <CWH>0.16376052147962805</CWH>
      <CFGlacier>1</CFGlacier>
      <CFSlope>1</CFSlope>
      <FC>1398.9851281301874</FC>
      <LP>0.96725880041056256</LP>
      <BETA>1.2752583711891479</BETA>
    </VegetationZoneParameters>
  </VegetationZone>
  <SubCatchment>
    <SubCatchmentParameters>
      <KSI>0.001</KSI>
      <KGmin>0.05</KGmin>
      <RangeKG>0.1</RangeKG>
      <AG>0.1</AG>
      <PERC>1.1293857266616512</PERC>
      <Alpha>0</Alpha>
      <UZL>131.42315335690549</UZL>
      <K0>0.11387228267512585</K0>
      <K1>0.039532563896993368</K1>
      <K2>0.010000000125541928</K2>
      <MAXBAS>1</MAXBAS>
      <Cet>0</Cet>
      <PCALT>10</PCALT>
      <TCALT>0.6</TCALT>
      <Pelev>3349</Pelev>
      <Telev>2921</Telev>
      <PART>0.5</PART>
      <DELAY>1</DELAY>
    </SubCatchmentParameters>
    <SubCatchmentVegetationZone>
      <SubCatchmentVegetationZoneParameters>
        <TT>-1.8980090571019319</TT>
        <CFMAX>3.73224563067679</CFMAX>
        <SP>0</SP>
        <SFCF>1.134756521040299</SFCF>
        <CFR>4.788498315996142E-07</CFR>
        <CWH>0.16376052147962805</CWH>
        <CFGlacier>1</CFGlacier>
        <CFSlope>1</CFSlope>
        <FC>1398.9851281301874</FC>
        <LP>0.96725880041056256</LP>
        <BETA>1.2752583711891479</BETA>
      </SubCatchmentVegetationZoneParameters>
    </SubCatchmentVegetationZone>
  </SubCatchment>
</Catchment>