<?xml version="1.0" encoding="utf-8"?>
<Catchment xmlns:xsi="http://www.w3.org/2001/XMLSchema-instance" xmlns:xsd="http://www.w3.org/2001/XMLSchema">
  <CatchmentParameters>
    <KSI>0.001</KSI>
    <KGmin>0.05</KGmin>
    <RangeKG>0.1</RangeKG>
    <AG>0.1</AG>
    <PERC>7.2536286830476282</PERC>
    <Alpha>0</Alpha>
    <UZL>120.49346631373024</UZL>
    <K0>0.52902930585369412</K0>
    <K1>0.28010364434334412</K1>
    <K2>0.060145672919979458</K2>
    <MAXBAS>1.0063571096565893</MAXBAS>
    <Cet>0</Cet>
    <PCALT>10</PCALT>
    <TCALT>0.6</TCALT>
    <Pelev>3349</Pelev>
    <Telev>2921</Telev>
    <PART>0.5</PART>
    <DELAY>1</DELAY>
  </CatchmentParameters>
  <VegetationZone>
    <VegetationZoneParameters>
      <TT>-0.55998613453234158</TT>
      <CFMAX>2.3820164210635064</CFMAX>
      <SP>0</SP>
      <SFCF>0.75997319765478166</SFCF>
      <CFR>0.00026319552028016425</CFR>
      <CWH>0.10000005475731907</CWH>
      <CFGlacier>1</CFGlacier>
      <CFSlope>1</CFSlope>
      <FC>177.65099720714164</FC>
      <LP>0.97189959287912486</LP>
      <BETA>1.0000000035077212</BETA>
    </VegetationZoneParameters>
  </VegetationZone>
  <SubCatchment>
    <SubCatchmentParameters>
      <KSI>0.001</KSI>
      <KGmin>0.05</KGmin>
      <RangeKG>0.1</RangeKG>
      <AG>0.1</AG>
      <PERC>7.2536286830476282</PERC>
      <Alpha>0</Alpha>
      <UZL>120.49346631373024</UZL>
      <K0>0.52902930585369412</K0>
      <K1>0.28010364434334412</K1>
      <K2>0.060145672919979458</K2>
      <MAXBAS>1.0063571096565893</MAXBAS>
      <Cet>0</Cet>
      <PCALT>10</PCALT>
      <TCALT>0.6</TCALT>
      <Pelev>3349</Pelev>
      <Telev>2921</Telev>
      <PART>0.5</PART>
      <DELAY>1</DELAY>
    </SubCatchmentParameters>
    <SubCatchmentVegetationZone>
      <SubCatchmentVegetationZoneParameters>
        <TT>-0.55998613453234158</TT>
        <CFMAX>2.3820164210635064</CFMAX>
        <SP>0</SP>
        <SFCF>0.75997319765478166</SFCF>
        <CFR>0.00026319552028016425</CFR>
        <CWH>0.10000005475731907</CWH>
        <CFGlacier>1</CFGlacier>
        <CFSlope>1</CFSlope>
        <FC>177.65099720714164</FC>
        <LP>0.97189959287912486</LP>
        <BETA>1.0000000035077212</BETA>
      </SubCatchmentVegetationZoneParameters>
    </SubCatchmentVegetationZone>
  </SubCatchment>
</Catchment>