<?xml version="1.0" encoding="utf-8"?>
<Catchment xmlns:xsi="http://www.w3.org/2001/XMLSchema-instance" xmlns:xsd="http://www.w3.org/2001/XMLSchema">
  <CatchmentParameters>
    <KSI>0.001</KSI>
    <KGmin>0.05</KGmin>
    <RangeKG>0.1</RangeKG>
    <AG>0.1</AG>
    <PERC>9.9996689397478828</PERC>
    <Alpha>0</Alpha>
    <UZL>106.46667830941028</UZL>
    <K0>0.20897458919367323</K0>
    <K1>0.21452766547108812</K1>
    <K2>0.046185054687019209</K2>
    <MAXBAS>1.0000670522683117</MAXBAS>
    <Cet>0</Cet>
    <PCALT>10</PCALT>
    <TCALT>0.6</TCALT>
    <Pelev>3349</Pelev>
    <Telev>2921</Telev>
    <PART>0.5</PART>
    <DELAY>1</DELAY>
  </CatchmentParameters>
  <VegetationZone>
    <VegetationZoneParameters>
      <TT>-1.2160046153290143</TT>
      <CFMAX>4.0420529519451049</CFMAX>
      <SP>0</SP>
      <SFCF>1.0113223673774987</SFCF>
      <CFR>0.038478742660002889</CFR>
      <CWH>0.19999936672978683</CWH>
      <CFGlacier>1</CFGlacier>
      <CFSlope>1</CFSlope>
      <FC>954.29695284272862</FC>
      <LP>0.99999637938210362</LP>
      <BETA>1.3502026604118731</BETA>
    </VegetationZoneParameters>
  </VegetationZone>
  <SubCatchment>
    <SubCatchmentParameters>
      <KSI>0.001</KSI>
      <KGmin>0.05</KGmin>
      <RangeKG>0.1</RangeKG>
      <AG>0.1</AG>
      <PERC>9.9996689397478828</PERC>
      <Alpha>0</Alpha>
      <UZL>106.46667830941028</UZL>
      <K0>0.20897458919367323</K0>
      <K1>0.21452766547108812</K1>
      <K2>0.046185054687019209</K2>
      <MAXBAS>1.0000670522683117</MAXBAS>
      <Cet>0</Cet>
      <PCALT>10</PCALT>
      <TCALT>0.6</TCALT>
      <Pelev>3349</Pelev>
      <Telev>2921</Telev>
      <PART>0.5</PART>
      <DELAY>1</DELAY>
    </SubCatchmentParameters>
    <SubCatchmentVegetationZone>
      <SubCatchmentVegetationZoneParameters>
        <TT>-1.2160046153290143</TT>
        <CFMAX>4.0420529519451049</CFMAX>
        <SP>0</SP>
        <SFCF>1.0113223673774987</SFCF>
        <CFR>0.038478742660002889</CFR>
        <CWH>0.19999936672978683</CWH>
        <CFGlacier>1</CFGlacier>
        <CFSlope>1</CFSlope>
        <FC>954.29695284272862</FC>
        <LP>0.99999637938210362</LP>
        <BETA>1.3502026604118731</BETA>
      </SubCatchmentVegetationZoneParameters>
    </SubCatchmentVegetationZone>
  </SubCatchment>
</Catchment>