<?xml version="1.0" encoding="utf-8"?>
<Catchment xmlns:xsi="http://www.w3.org/2001/XMLSchema-instance" xmlns:xsd="http://www.w3.org/2001/XMLSchema">
  <CatchmentParameters>
    <KSI>0.001</KSI>
    <KGmin>0.05</KGmin>
    <RangeKG>0.1</RangeKG>
    <AG>0.1</AG>
    <PERC>9.9999232498400943</PERC>
    <Alpha>0</Alpha>
    <UZL>91.561387549554013</UZL>
    <K0>0.22836111389914832</K0>
    <K1>0.19948361536128298</K1>
    <K2>0.044756378011245469</K2>
    <MAXBAS>1.00002420900687</MAXBAS>
    <Cet>0</Cet>
    <PCALT>10</PCALT>
    <TCALT>0.6</TCALT>
    <Pelev>3349</Pelev>
    <Telev>2921</Telev>
    <PART>0.5</PART>
    <DELAY>1</DELAY>
  </CatchmentParameters>
  <VegetationZone>
    <VegetationZoneParameters>
      <TT>-1.219556338971147</TT>
      <CFMAX>4.2879568779009238</CFMAX>
      <SP>0</SP>
      <SFCF>1.0313466254891146</SFCF>
      <CFR>0.0859865741463055</CFR>
      <CWH>0.19999889032263898</CWH>
      <CFGlacier>1</CFGlacier>
      <CFSlope>1</CFSlope>
      <FC>999.99780749976844</FC>
      <LP>0.99999845352710059</LP>
      <BETA>1.460836200578381</BETA>
    </VegetationZoneParameters>
  </VegetationZone>
  <SubCatchment>
    <SubCatchmentParameters>
      <KSI>0.001</KSI>
      <KGmin>0.05</KGmin>
      <RangeKG>0.1</RangeKG>
      <AG>0.1</AG>
      <PERC>9.9999232498400943</PERC>
      <Alpha>0</Alpha>
      <UZL>91.561387549554013</UZL>
      <K0>0.22836111389914832</K0>
      <K1>0.19948361536128298</K1>
      <K2>0.044756378011245469</K2>
      <MAXBAS>1.00002420900687</MAXBAS>
      <Cet>0</Cet>
      <PCALT>10</PCALT>
      <TCALT>0.6</TCALT>
      <Pelev>3349</Pelev>
      <Telev>2921</Telev>
      <PART>0.5</PART>
      <DELAY>1</DELAY>
    </SubCatchmentParameters>
    <SubCatchmentVegetationZone>
      <SubCatchmentVegetationZoneParameters>
        <TT>-1.219556338971147</TT>
        <CFMAX>4.2879568779009238</CFMAX>
        <SP>0</SP>
        <SFCF>1.0313466254891146</SFCF>
        <CFR>0.0859865741463055</CFR>
        <CWH>0.19999889032263898</CWH>
        <CFGlacier>1</CFGlacier>
        <CFSlope>1</CFSlope>
        <FC>999.99780749976844</FC>
        <LP>0.99999845352710059</LP>
        <BETA>1.460836200578381</BETA>
      </SubCatchmentVegetationZoneParameters>
    </SubCatchmentVegetationZone>
  </SubCatchment>
</Catchment>