<?xml version="1.0" encoding="utf-8"?>
<Catchment xmlns:xsi="http://www.w3.org/2001/XMLSchema-instance" xmlns:xsd="http://www.w3.org/2001/XMLSchema">
  <CatchmentParameters>
    <KSI>0.001</KSI>
    <KGmin>0.05</KGmin>
    <RangeKG>0.1</RangeKG>
    <AG>0.1</AG>
    <PERC>9.999995236653108</PERC>
    <Alpha>0</Alpha>
    <UZL>83.907067671929326</UZL>
    <K0>0.27496954474874363</K0>
    <K1>0.18086052278983084</K1>
    <K2>0.043186121099568042</K2>
    <MAXBAS>1.0000143322358144</MAXBAS>
    <Cet>0</Cet>
    <PCALT>10</PCALT>
    <TCALT>0.6</TCALT>
    <Pelev>3349</Pelev>
    <Telev>2921</Telev>
    <PART>0.5</PART>
    <DELAY>1</DELAY>
  </CatchmentParameters>
  <VegetationZone>
    <VegetationZoneParameters>
      <TT>-0.87999999883299929</TT>
      <CFMAX>3.3258946287699431</CFMAX>
      <SP>0</SP>
      <SFCF>0.75303080135986122</SFCF>
      <CFR>0.0858708995866169</CFR>
      <CWH>0.19999903054019586</CWH>
      <CFGlacier>1</CFGlacier>
      <CFSlope>1</CFSlope>
      <FC>169.71843670770716</FC>
      <LP>0.999984960168989</LP>
      <BETA>1.0000028582206644</BETA>
    </VegetationZoneParameters>
  </VegetationZone>
  <SubCatchment>
    <SubCatchmentParameters>
      <KSI>0.001</KSI>
      <KGmin>0.05</KGmin>
      <RangeKG>0.1</RangeKG>
      <AG>0.1</AG>
      <PERC>9.999995236653108</PERC>
      <Alpha>0</Alpha>
      <UZL>83.907067671929326</UZL>
      <K0>0.27496954474874363</K0>
      <K1>0.18086052278983084</K1>
      <K2>0.043186121099568042</K2>
      <MAXBAS>1.0000143322358144</MAXBAS>
      <Cet>0</Cet>
      <PCALT>10</PCALT>
      <TCALT>0.6</TCALT>
      <Pelev>3349</Pelev>
      <Telev>2921</Telev>
      <PART>0.5</PART>
      <DELAY>1</DELAY>
    </SubCatchmentParameters>
    <SubCatchmentVegetationZone>
      <SubCatchmentVegetationZoneParameters>
        <TT>-0.87999999883299929</TT>
        <CFMAX>3.3258946287699431</CFMAX>
        <SP>0</SP>
        <SFCF>0.75303080135986122</SFCF>
        <CFR>0.0858708995866169</CFR>
        <CWH>0.19999903054019586</CWH>
        <CFGlacier>1</CFGlacier>
        <CFSlope>1</CFSlope>
        <FC>169.71843670770716</FC>
        <LP>0.999984960168989</LP>
        <BETA>1.0000028582206644</BETA>
      </SubCatchmentVegetationZoneParameters>
    </SubCatchmentVegetationZone>
  </SubCatchment>
</Catchment>