<?xml version="1.0" encoding="utf-8"?>
<Catchment xmlns:xsi="http://www.w3.org/2001/XMLSchema-instance" xmlns:xsd="http://www.w3.org/2001/XMLSchema">
  <CatchmentParameters>
    <KSI>0.001</KSI>
    <KGmin>0.05</KGmin>
    <RangeKG>0.1</RangeKG>
    <AG>0.1</AG>
    <PERC>1.4102902792700183</PERC>
    <Alpha>0</Alpha>
    <UZL>65.775225724187621</UZL>
    <K0>0.3099954886124941</K0>
    <K1>0.068191104382271522</K1>
    <K2>0.010000000357915399</K2>
    <MAXBAS>1</MAXBAS>
    <Cet>0</Cet>
    <PCALT>10</PCALT>
    <TCALT>0.6</TCALT>
    <Pelev>3349</Pelev>
    <Telev>2921</Telev>
    <PART>0.5</PART>
    <DELAY>1</DELAY>
  </CatchmentParameters>
  <VegetationZone>
    <VegetationZoneParameters>
      <TT>-1.9131071813943292</TT>
      <CFMAX>2.6683370244221352</CFMAX>
      <SP>0</SP>
      <SFCF>1.2130854089653718</SFCF>
      <CFR>1.0392953515296829E-09</CFR>
      <CWH>0.10000039277421534</CWH>
      <CFGlacier>1</CFGlacier>
      <CFSlope>1</CFSlope>
      <FC>2308.7289067153456</FC>
      <LP>0.76788007483586374</LP>
      <BETA>1.3385568812832307</BETA>
    </VegetationZoneParameters>
  </VegetationZone>
  <SubCatchment>
    <SubCatchmentParameters>
      <KSI>0.001</KSI>
      <KGmin>0.05</KGmin>
      <RangeKG>0.1</RangeKG>
      <AG>0.1</AG>
      <PERC>1.4102902792700183</PERC>
      <Alpha>0</Alpha>
      <UZL>65.775225724187621</UZL>
      <K0>0.3099954886124941</K0>
      <K1>0.068191104382271522</K1>
      <K2>0.010000000357915399</K2>
      <MAXBAS>1</MAXBAS>
      <Cet>0</Cet>
      <PCALT>10</PCALT>
      <TCALT>0.6</TCALT>
      <Pelev>3349</Pelev>
      <Telev>2921</Telev>
      <PART>0.5</PART>
      <DELAY>1</DELAY>
    </SubCatchmentParameters>
    <SubCatchmentVegetationZone>
      <SubCatchmentVegetationZoneParameters>
        <TT>-1.9131071813943292</TT>
        <CFMAX>2.6683370244221352</CFMAX>
        <SP>0</SP>
        <SFCF>1.2130854089653718</SFCF>
        <CFR>1.0392953515296829E-09</CFR>
        <CWH>0.10000039277421534</CWH>
        <CFGlacier>1</CFGlacier>
        <CFSlope>1</CFSlope>
        <FC>2308.7289067153456</FC>
        <LP>0.76788007483586374</LP>
        <BETA>1.3385568812832307</BETA>
      </SubCatchmentVegetationZoneParameters>
    </SubCatchmentVegetationZone>
  </SubCatchment>
</Catchment>