<?xml version="1.0" encoding="utf-8"?>
<Catchment xmlns:xsi="http://www.w3.org/2001/XMLSchema-instance" xmlns:xsd="http://www.w3.org/2001/XMLSchema">
  <CatchmentParameters>
    <KSI>0.001</KSI>
    <KGmin>0.05</KGmin>
    <RangeKG>0.1</RangeKG>
    <AG>0.1</AG>
    <PERC>6.9504087027401127</PERC>
    <Alpha>0</Alpha>
    <UZL>159.10952773744413</UZL>
    <K0>0.10465147354509015</K0>
    <K1>0.32453305118866954</K1>
    <K2>0.0485802295102499</K2>
    <MAXBAS>1.0049451121260367</MAXBAS>
    <Cet>0</Cet>
    <PCALT>10</PCALT>
    <TCALT>0.6</TCALT>
    <Pelev>3349</Pelev>
    <Telev>2921</Telev>
    <PART>0.5</PART>
    <DELAY>1</DELAY>
  </CatchmentParameters>
  <VegetationZone>
    <VegetationZoneParameters>
      <TT>-1.6981695285251106</TT>
      <CFMAX>1.8605760097935735</CFMAX>
      <SP>0</SP>
      <SFCF>0.77890567171311675</SFCF>
      <CFR>0.00091933893540478153</CFR>
      <CWH>0.18155323565640777</CWH>
      <CFGlacier>1</CFGlacier>
      <CFSlope>1</CFSlope>
      <FC>143.82521676889328</FC>
      <LP>0.33989790124323205</LP>
      <BETA>5.9999205493815193</BETA>
    </VegetationZoneParameters>
  </VegetationZone>
  <SubCatchment>
    <SubCatchmentParameters>
      <KSI>0.001</KSI>
      <KGmin>0.05</KGmin>
      <RangeKG>0.1</RangeKG>
      <AG>0.1</AG>
      <PERC>6.9504087027401127</PERC>
      <Alpha>0</Alpha>
      <UZL>159.10952773744413</UZL>
      <K0>0.10465147354509015</K0>
      <K1>0.32453305118866954</K1>
      <K2>0.0485802295102499</K2>
      <MAXBAS>1.0049451121260367</MAXBAS>
      <Cet>0</Cet>
      <PCALT>10</PCALT>
      <TCALT>0.6</TCALT>
      <Pelev>3349</Pelev>
      <Telev>2921</Telev>
      <PART>0.5</PART>
      <DELAY>1</DELAY>
    </SubCatchmentParameters>
    <SubCatchmentVegetationZone>
      <SubCatchmentVegetationZoneParameters>
        <TT>-1.6981695285251106</TT>
        <CFMAX>1.8605760097935735</CFMAX>
        <SP>0</SP>
        <SFCF>0.77890567171311675</SFCF>
        <CFR>0.00091933893540478153</CFR>
        <CWH>0.18155323565640777</CWH>
        <CFGlacier>1</CFGlacier>
        <CFSlope>1</CFSlope>
        <FC>143.82521676889328</FC>
        <LP>0.33989790124323205</LP>
        <BETA>5.9999205493815193</BETA>
      </SubCatchmentVegetationZoneParameters>
    </SubCatchmentVegetationZone>
  </SubCatchment>
</Catchment>