<?xml version="1.0" encoding="utf-8"?>
<Catchment xmlns:xsi="http://www.w3.org/2001/XMLSchema-instance" xmlns:xsd="http://www.w3.org/2001/XMLSchema">
  <CatchmentParameters>
    <KSI>0.001</KSI>
    <KGmin>0.05</KGmin>
    <RangeKG>0.1</RangeKG>
    <AG>0.1</AG>
    <PERC>9.9999810431965468</PERC>
    <Alpha>0</Alpha>
    <UZL>171.33861499469461</UZL>
    <K0>0.1316679014526092</K0>
    <K1>0.18856793593899729</K1>
    <K2>0.04570782234696872</K2>
    <MAXBAS>1.0000012203444972</MAXBAS>
    <Cet>0</Cet>
    <PCALT>10</PCALT>
    <TCALT>0.6</TCALT>
    <Pelev>3349</Pelev>
    <Telev>2921</Telev>
    <PART>0.5</PART>
    <DELAY>1</DELAY>
  </CatchmentParameters>
  <VegetationZone>
    <VegetationZoneParameters>
      <TT>-2.0348175764410517</TT>
      <CFMAX>3.7991133991839834</CFMAX>
      <SP>0</SP>
      <SFCF>1.1381969262905343</SFCF>
      <CFR>0.060880444154005231</CFR>
      <CWH>0.19999929201327954</CWH>
      <CFGlacier>1</CFGlacier>
      <CFSlope>1</CFSlope>
      <FC>999.99300957523133</FC>
      <LP>0.85635460712144473</LP>
      <BETA>1.8184395700244356</BETA>
    </VegetationZoneParameters>
  </VegetationZone>
  <SubCatchment>
    <SubCatchmentParameters>
      <KSI>0.001</KSI>
      <KGmin>0.05</KGmin>
      <RangeKG>0.1</RangeKG>
      <AG>0.1</AG>
      <PERC>9.9999810431965468</PERC>
      <Alpha>0</Alpha>
      <UZL>171.33861499469461</UZL>
      <K0>0.1316679014526092</K0>
      <K1>0.18856793593899729</K1>
      <K2>0.04570782234696872</K2>
      <MAXBAS>1.0000012203444972</MAXBAS>
      <Cet>0</Cet>
      <PCALT>10</PCALT>
      <TCALT>0.6</TCALT>
      <Pelev>3349</Pelev>
      <Telev>2921</Telev>
      <PART>0.5</PART>
      <DELAY>1</DELAY>
    </SubCatchmentParameters>
    <SubCatchmentVegetationZone>
      <SubCatchmentVegetationZoneParameters>
        <TT>-2.0348175764410517</TT>
        <CFMAX>3.7991133991839834</CFMAX>
        <SP>0</SP>
        <SFCF>1.1381969262905343</SFCF>
        <CFR>0.060880444154005231</CFR>
        <CWH>0.19999929201327954</CWH>
        <CFGlacier>1</CFGlacier>
        <CFSlope>1</CFSlope>
        <FC>999.99300957523133</FC>
        <LP>0.85635460712144473</LP>
        <BETA>1.8184395700244356</BETA>
      </SubCatchmentVegetationZoneParameters>
    </SubCatchmentVegetationZone>
  </SubCatchment>
</Catchment>