<?xml version="1.0" encoding="utf-8"?>
<Catchment xmlns:xsi="http://www.w3.org/2001/XMLSchema-instance" xmlns:xsd="http://www.w3.org/2001/XMLSchema">
  <CatchmentParameters>
    <KSI>0.001</KSI>
    <KGmin>0.05</KGmin>
    <RangeKG>0.1</RangeKG>
    <AG>0.1</AG>
    <PERC>9.99995989899344</PERC>
    <Alpha>0</Alpha>
    <UZL>105.41912954969493</UZL>
    <K0>0.1284846024955591</K0>
    <K1>0.18815282962042856</K1>
    <K2>0.044271925845971484</K2>
    <MAXBAS>1.0000806414323635</MAXBAS>
    <Cet>0</Cet>
    <PCALT>10</PCALT>
    <TCALT>0.6</TCALT>
    <Pelev>3349</Pelev>
    <Telev>2921</Telev>
    <PART>0.5</PART>
    <DELAY>1</DELAY>
  </CatchmentParameters>
  <VegetationZone>
    <VegetationZoneParameters>
      <TT>-1.1980024935448415</TT>
      <CFMAX>3.8419049407459784</CFMAX>
      <SP>0</SP>
      <SFCF>0.95996568923041459</SFCF>
      <CFR>0.01248014256805831</CFR>
      <CWH>0.19999971114408469</CWH>
      <CFGlacier>1</CFGlacier>
      <CFSlope>1</CFSlope>
      <FC>548.72891858049013</FC>
      <LP>0.97142733559426775</LP>
      <BETA>1.1662852043074414</BETA>
    </VegetationZoneParameters>
  </VegetationZone>
  <SubCatchment>
    <SubCatchmentParameters>
      <KSI>0.001</KSI>
      <KGmin>0.05</KGmin>
      <RangeKG>0.1</RangeKG>
      <AG>0.1</AG>
      <PERC>9.99995989899344</PERC>
      <Alpha>0</Alpha>
      <UZL>105.41912954969493</UZL>
      <K0>0.1284846024955591</K0>
      <K1>0.18815282962042856</K1>
      <K2>0.044271925845971484</K2>
      <MAXBAS>1.0000806414323635</MAXBAS>
      <Cet>0</Cet>
      <PCALT>10</PCALT>
      <TCALT>0.6</TCALT>
      <Pelev>3349</Pelev>
      <Telev>2921</Telev>
      <PART>0.5</PART>
      <DELAY>1</DELAY>
    </SubCatchmentParameters>
    <SubCatchmentVegetationZone>
      <SubCatchmentVegetationZoneParameters>
        <TT>-1.1980024935448415</TT>
        <CFMAX>3.8419049407459784</CFMAX>
        <SP>0</SP>
        <SFCF>0.95996568923041459</SFCF>
        <CFR>0.01248014256805831</CFR>
        <CWH>0.19999971114408469</CWH>
        <CFGlacier>1</CFGlacier>
        <CFSlope>1</CFSlope>
        <FC>548.72891858049013</FC>
        <LP>0.97142733559426775</LP>
        <BETA>1.1662852043074414</BETA>
      </SubCatchmentVegetationZoneParameters>
    </SubCatchmentVegetationZone>
  </SubCatchment>
</Catchment>