<?xml version="1.0" encoding="utf-8"?>
<Catchment xmlns:xsi="http://www.w3.org/2001/XMLSchema-instance" xmlns:xsd="http://www.w3.org/2001/XMLSchema">
  <CatchmentParameters>
    <KSI>0.001</KSI>
    <KGmin>0.05</KGmin>
    <RangeKG>0.1</RangeKG>
    <AG>0.1</AG>
    <PERC>9.9998591281764071</PERC>
    <Alpha>0</Alpha>
    <UZL>117.77483003308335</UZL>
    <K0>0.51457499289473718</K0>
    <K1>0.19958402058339797</K1>
    <K2>0.044031151014045138</K2>
    <MAXBAS>1.0000058842882416</MAXBAS>
    <Cet>0</Cet>
    <PCALT>10</PCALT>
    <TCALT>0.6</TCALT>
    <Pelev>3349</Pelev>
    <Telev>2921</Telev>
    <PART>0.5</PART>
    <DELAY>1</DELAY>
  </CatchmentParameters>
  <VegetationZone>
    <VegetationZoneParameters>
      <TT>-1.6979951448118811</TT>
      <CFMAX>3.4195426802634659</CFMAX>
      <SP>0</SP>
      <SFCF>0.98631310097510072</SFCF>
      <CFR>0.014695848787717776</CFR>
      <CWH>0.19999943099271245</CWH>
      <CFGlacier>1</CFGlacier>
      <CFSlope>1</CFSlope>
      <FC>565.50327454490582</FC>
      <LP>0.996889306419084</LP>
      <BETA>1.4303138643459079</BETA>
    </VegetationZoneParameters>
  </VegetationZone>
  <SubCatchment>
    <SubCatchmentParameters>
      <KSI>0.001</KSI>
      <KGmin>0.05</KGmin>
      <RangeKG>0.1</RangeKG>
      <AG>0.1</AG>
      <PERC>9.9998591281764071</PERC>
      <Alpha>0</Alpha>
      <UZL>117.77483003308335</UZL>
      <K0>0.51457499289473718</K0>
      <K1>0.19958402058339797</K1>
      <K2>0.044031151014045138</K2>
      <MAXBAS>1.0000058842882416</MAXBAS>
      <Cet>0</Cet>
      <PCALT>10</PCALT>
      <TCALT>0.6</TCALT>
      <Pelev>3349</Pelev>
      <Telev>2921</Telev>
      <PART>0.5</PART>
      <DELAY>1</DELAY>
    </SubCatchmentParameters>
    <SubCatchmentVegetationZone>
      <SubCatchmentVegetationZoneParameters>
        <TT>-1.6979951448118811</TT>
        <CFMAX>3.4195426802634659</CFMAX>
        <SP>0</SP>
        <SFCF>0.98631310097510072</SFCF>
        <CFR>0.014695848787717776</CFR>
        <CWH>0.19999943099271245</CWH>
        <CFGlacier>1</CFGlacier>
        <CFSlope>1</CFSlope>
        <FC>565.50327454490582</FC>
        <LP>0.996889306419084</LP>
        <BETA>1.4303138643459079</BETA>
      </SubCatchmentVegetationZoneParameters>
    </SubCatchmentVegetationZone>
  </SubCatchment>
</Catchment>