<?xml version="1.0" encoding="utf-8"?>
<Catchment xmlns:xsi="http://www.w3.org/2001/XMLSchema-instance" xmlns:xsd="http://www.w3.org/2001/XMLSchema">
  <CatchmentParameters>
    <KSI>0.001</KSI>
    <KGmin>0.05</KGmin>
    <RangeKG>0.1</RangeKG>
    <AG>0.1</AG>
    <PERC>1.5331694498856849</PERC>
    <Alpha>0</Alpha>
    <UZL>52.26424900629641</UZL>
    <K0>0.25020809250144332</K0>
    <K1>0.078738946622406977</K1>
    <K2>0.010000005018356467</K2>
    <MAXBAS>1</MAXBAS>
    <Cet>0</Cet>
    <PCALT>10</PCALT>
    <TCALT>0.6</TCALT>
    <Pelev>3349</Pelev>
    <Telev>2921</Telev>
    <PART>0.5</PART>
    <DELAY>1</DELAY>
  </CatchmentParameters>
  <VegetationZone>
    <VegetationZoneParameters>
      <TT>-1.7291347632282699</TT>
      <CFMAX>2.6095299933486529</CFMAX>
      <SP>0</SP>
      <SFCF>1.1564580268429348</SFCF>
      <CFR>1.4593161446719952E-08</CFR>
      <CWH>0.10000000015187129</CWH>
      <CFGlacier>1</CFGlacier>
      <CFSlope>1</CFSlope>
      <FC>1977.2163901201711</FC>
      <LP>0.798060593009819</LP>
      <BETA>1.2039923877695962</BETA>
    </VegetationZoneParameters>
  </VegetationZone>
  <SubCatchment>
    <SubCatchmentParameters>
      <KSI>0.001</KSI>
      <KGmin>0.05</KGmin>
      <RangeKG>0.1</RangeKG>
      <AG>0.1</AG>
      <PERC>1.5331694498856849</PERC>
      <Alpha>0</Alpha>
      <UZL>52.26424900629641</UZL>
      <K0>0.25020809250144332</K0>
      <K1>0.078738946622406977</K1>
      <K2>0.010000005018356467</K2>
      <MAXBAS>1</MAXBAS>
      <Cet>0</Cet>
      <PCALT>10</PCALT>
      <TCALT>0.6</TCALT>
      <Pelev>3349</Pelev>
      <Telev>2921</Telev>
      <PART>0.5</PART>
      <DELAY>1</DELAY>
    </SubCatchmentParameters>
    <SubCatchmentVegetationZone>
      <SubCatchmentVegetationZoneParameters>
        <TT>-1.7291347632282699</TT>
        <CFMAX>2.6095299933486529</CFMAX>
        <SP>0</SP>
        <SFCF>1.1564580268429348</SFCF>
        <CFR>1.4593161446719952E-08</CFR>
        <CWH>0.10000000015187129</CWH>
        <CFGlacier>1</CFGlacier>
        <CFSlope>1</CFSlope>
        <FC>1977.2163901201711</FC>
        <LP>0.798060593009819</LP>
        <BETA>1.2039923877695962</BETA>
      </SubCatchmentVegetationZoneParameters>
    </SubCatchmentVegetationZone>
  </SubCatchment>
</Catchment>