<?xml version="1.0" encoding="utf-8"?>
<Catchment xmlns:xsi="http://www.w3.org/2001/XMLSchema-instance" xmlns:xsd="http://www.w3.org/2001/XMLSchema">
  <CatchmentParameters>
    <KSI>0.001</KSI>
    <KGmin>0.05</KGmin>
    <RangeKG>0.1</RangeKG>
    <AG>0.1</AG>
    <PERC>6.6057126828393162</PERC>
    <Alpha>0</Alpha>
    <UZL>132.39597270518303</UZL>
    <K0>0.27091226913864658</K0>
    <K1>0.24310648954300848</K1>
    <K2>0.058401060143334557</K2>
    <MAXBAS>1.0049509282627946</MAXBAS>
    <Cet>0</Cet>
    <PCALT>10</PCALT>
    <TCALT>0.6</TCALT>
    <Pelev>3349</Pelev>
    <Telev>2921</Telev>
    <PART>0.5</PART>
    <DELAY>1</DELAY>
  </CatchmentParameters>
  <VegetationZone>
    <VegetationZoneParameters>
      <TT>-0.74400461421135433</TT>
      <CFMAX>2.965031486158157</CFMAX>
      <SP>0</SP>
      <SFCF>0.95922375714949315</SFCF>
      <CFR>0.016691371894338031</CFR>
      <CWH>0.10000067272955159</CWH>
      <CFGlacier>1</CFGlacier>
      <CFSlope>1</CFSlope>
      <FC>999.995939519199</FC>
      <LP>0.9999941547756197</LP>
      <BETA>1.0123252909622293</BETA>
    </VegetationZoneParameters>
  </VegetationZone>
  <SubCatchment>
    <SubCatchmentParameters>
      <KSI>0.001</KSI>
      <KGmin>0.05</KGmin>
      <RangeKG>0.1</RangeKG>
      <AG>0.1</AG>
      <PERC>6.6057126828393162</PERC>
      <Alpha>0</Alpha>
      <UZL>132.39597270518303</UZL>
      <K0>0.27091226913864658</K0>
      <K1>0.24310648954300848</K1>
      <K2>0.058401060143334557</K2>
      <MAXBAS>1.0049509282627946</MAXBAS>
      <Cet>0</Cet>
      <PCALT>10</PCALT>
      <TCALT>0.6</TCALT>
      <Pelev>3349</Pelev>
      <Telev>2921</Telev>
      <PART>0.5</PART>
      <DELAY>1</DELAY>
    </SubCatchmentParameters>
    <SubCatchmentVegetationZone>
      <SubCatchmentVegetationZoneParameters>
        <TT>-0.74400461421135433</TT>
        <CFMAX>2.965031486158157</CFMAX>
        <SP>0</SP>
        <SFCF>0.95922375714949315</SFCF>
        <CFR>0.016691371894338031</CFR>
        <CWH>0.10000067272955159</CWH>
        <CFGlacier>1</CFGlacier>
        <CFSlope>1</CFSlope>
        <FC>999.995939519199</FC>
        <LP>0.9999941547756197</LP>
        <BETA>1.0123252909622293</BETA>
      </SubCatchmentVegetationZoneParameters>
    </SubCatchmentVegetationZone>
  </SubCatchment>
</Catchment>