<?xml version="1.0" encoding="utf-8"?>
<Catchment xmlns:xsi="http://www.w3.org/2001/XMLSchema-instance" xmlns:xsd="http://www.w3.org/2001/XMLSchema">
  <CatchmentParameters>
    <KSI>0.001</KSI>
    <KGmin>0.05</KGmin>
    <RangeKG>0.1</RangeKG>
    <AG>0.1</AG>
    <PERC>5.8114675537475025</PERC>
    <Alpha>0</Alpha>
    <UZL>118.54082518401771</UZL>
    <K0>0.37716516021545288</K0>
    <K1>0.24169086643507298</K1>
    <K2>0.059635986241900425</K2>
    <MAXBAS>1.0048256138983684</MAXBAS>
    <Cet>0</Cet>
    <PCALT>10</PCALT>
    <TCALT>0.6</TCALT>
    <Pelev>3349</Pelev>
    <Telev>2921</Telev>
    <PART>0.5</PART>
    <DELAY>1</DELAY>
  </CatchmentParameters>
  <VegetationZone>
    <VegetationZoneParameters>
      <TT>-0.38000184436976148</TT>
      <CFMAX>2.7558825056297711</CFMAX>
      <SP>0</SP>
      <SFCF>0.82538848686179411</SFCF>
      <CFR>0.00018398750702060994</CFR>
      <CWH>0.10000004377827683</CWH>
      <CFGlacier>1</CFGlacier>
      <CFSlope>1</CFSlope>
      <FC>348.47703038282191</FC>
      <LP>0.99999788599985862</LP>
      <BETA>1.000000140893835</BETA>
    </VegetationZoneParameters>
  </VegetationZone>
  <SubCatchment>
    <SubCatchmentParameters>
      <KSI>0.001</KSI>
      <KGmin>0.05</KGmin>
      <RangeKG>0.1</RangeKG>
      <AG>0.1</AG>
      <PERC>5.8114675537475025</PERC>
      <Alpha>0</Alpha>
      <UZL>118.54082518401771</UZL>
      <K0>0.37716516021545288</K0>
      <K1>0.24169086643507298</K1>
      <K2>0.059635986241900425</K2>
      <MAXBAS>1.0048256138983684</MAXBAS>
      <Cet>0</Cet>
      <PCALT>10</PCALT>
      <TCALT>0.6</TCALT>
      <Pelev>3349</Pelev>
      <Telev>2921</Telev>
      <PART>0.5</PART>
      <DELAY>1</DELAY>
    </SubCatchmentParameters>
    <SubCatchmentVegetationZone>
      <SubCatchmentVegetationZoneParameters>
        <TT>-0.38000184436976148</TT>
        <CFMAX>2.7558825056297711</CFMAX>
        <SP>0</SP>
        <SFCF>0.82538848686179411</SFCF>
        <CFR>0.00018398750702060994</CFR>
        <CWH>0.10000004377827683</CWH>
        <CFGlacier>1</CFGlacier>
        <CFSlope>1</CFSlope>
        <FC>348.47703038282191</FC>
        <LP>0.99999788599985862</LP>
        <BETA>1.000000140893835</BETA>
      </SubCatchmentVegetationZoneParameters>
    </SubCatchmentVegetationZone>
  </SubCatchment>
</Catchment>