<?xml version="1.0" encoding="utf-8"?>
<Catchment xmlns:xsi="http://www.w3.org/2001/XMLSchema-instance" xmlns:xsd="http://www.w3.org/2001/XMLSchema">
  <CatchmentParameters>
    <KSI>0.001</KSI>
    <KGmin>0.05</KGmin>
    <RangeKG>0.1</RangeKG>
    <AG>0.1</AG>
    <PERC>9.9999958892152385</PERC>
    <Alpha>0</Alpha>
    <UZL>166.93890632869821</UZL>
    <K0>0.25006582941995303</K0>
    <K1>0.14074969243865321</K1>
    <K2>0.039082844820937983</K2>
    <MAXBAS>1.0000100062343718</MAXBAS>
    <Cet>0</Cet>
    <PCALT>10</PCALT>
    <TCALT>0.6</TCALT>
    <Pelev>3349</Pelev>
    <Telev>2921</Telev>
    <PART>0.5</PART>
    <DELAY>1</DELAY>
  </CatchmentParameters>
  <VegetationZone>
    <VegetationZoneParameters>
      <TT>-0.744013361413324</TT>
      <CFMAX>3.7553761487290238</CFMAX>
      <SP>0</SP>
      <SFCF>0.77701707606659332</SFCF>
      <CFR>0.0999977538468481</CFR>
      <CWH>0.19999964576221563</CWH>
      <CFGlacier>1</CFGlacier>
      <CFSlope>1</CFSlope>
      <FC>177.04971355691544</FC>
      <LP>0.999995983721259</LP>
      <BETA>1.0000019277349248</BETA>
    </VegetationZoneParameters>
  </VegetationZone>
  <SubCatchment>
    <SubCatchmentParameters>
      <KSI>0.001</KSI>
      <KGmin>0.05</KGmin>
      <RangeKG>0.1</RangeKG>
      <AG>0.1</AG>
      <PERC>9.9999958892152385</PERC>
      <Alpha>0</Alpha>
      <UZL>166.93890632869821</UZL>
      <K0>0.25006582941995303</K0>
      <K1>0.14074969243865321</K1>
      <K2>0.039082844820937983</K2>
      <MAXBAS>1.0000100062343718</MAXBAS>
      <Cet>0</Cet>
      <PCALT>10</PCALT>
      <TCALT>0.6</TCALT>
      <Pelev>3349</Pelev>
      <Telev>2921</Telev>
      <PART>0.5</PART>
      <DELAY>1</DELAY>
    </SubCatchmentParameters>
    <SubCatchmentVegetationZone>
      <SubCatchmentVegetationZoneParameters>
        <TT>-0.744013361413324</TT>
        <CFMAX>3.7553761487290238</CFMAX>
        <SP>0</SP>
        <SFCF>0.77701707606659332</SFCF>
        <CFR>0.0999977538468481</CFR>
        <CWH>0.19999964576221563</CWH>
        <CFGlacier>1</CFGlacier>
        <CFSlope>1</CFSlope>
        <FC>177.04971355691544</FC>
        <LP>0.999995983721259</LP>
        <BETA>1.0000019277349248</BETA>
      </SubCatchmentVegetationZoneParameters>
    </SubCatchmentVegetationZone>
  </SubCatchment>
</Catchment>