<?xml version="1.0" encoding="utf-8"?>
<Catchment xmlns:xsi="http://www.w3.org/2001/XMLSchema-instance" xmlns:xsd="http://www.w3.org/2001/XMLSchema">
  <CatchmentParameters>
    <KSI>0.001</KSI>
    <KGmin>0.05</KGmin>
    <RangeKG>0.1</RangeKG>
    <AG>0.1</AG>
    <PERC>1.7211869831293702</PERC>
    <Alpha>0</Alpha>
    <UZL>164.84594828278785</UZL>
    <K0>0.91389034406984515</K0>
    <K1>0.080312778630226858</K1>
    <K2>0.010000001282807165</K2>
    <MAXBAS>1</MAXBAS>
    <Cet>0</Cet>
    <PCALT>10</PCALT>
    <TCALT>0.6</TCALT>
    <Pelev>3349</Pelev>
    <Telev>2921</Telev>
    <PART>0.5</PART>
    <DELAY>1</DELAY>
  </CatchmentParameters>
  <VegetationZone>
    <VegetationZoneParameters>
      <TT>-1.5197929108748822</TT>
      <CFMAX>3.6669324076067444</CFMAX>
      <SP>0</SP>
      <SFCF>1.1352426507273266</SFCF>
      <CFR>3.4855640039578563E-12</CFR>
      <CWH>0.10000023052735568</CWH>
      <CFGlacier>1</CFGlacier>
      <CFSlope>1</CFSlope>
      <FC>970.76637555489208</FC>
      <LP>0.93982832547272332</LP>
      <BETA>1.3411516437791031</BETA>
    </VegetationZoneParameters>
  </VegetationZone>
  <SubCatchment>
    <SubCatchmentParameters>
      <KSI>0.001</KSI>
      <KGmin>0.05</KGmin>
      <RangeKG>0.1</RangeKG>
      <AG>0.1</AG>
      <PERC>1.7211869831293702</PERC>
      <Alpha>0</Alpha>
      <UZL>164.84594828278785</UZL>
      <K0>0.91389034406984515</K0>
      <K1>0.080312778630226858</K1>
      <K2>0.010000001282807165</K2>
      <MAXBAS>1</MAXBAS>
      <Cet>0</Cet>
      <PCALT>10</PCALT>
      <TCALT>0.6</TCALT>
      <Pelev>3349</Pelev>
      <Telev>2921</Telev>
      <PART>0.5</PART>
      <DELAY>1</DELAY>
    </SubCatchmentParameters>
    <SubCatchmentVegetationZone>
      <SubCatchmentVegetationZoneParameters>
        <TT>-1.5197929108748822</TT>
        <CFMAX>3.6669324076067444</CFMAX>
        <SP>0</SP>
        <SFCF>1.1352426507273266</SFCF>
        <CFR>3.4855640039578563E-12</CFR>
        <CWH>0.10000023052735568</CWH>
        <CFGlacier>1</CFGlacier>
        <CFSlope>1</CFSlope>
        <FC>970.76637555489208</FC>
        <LP>0.93982832547272332</LP>
        <BETA>1.3411516437791031</BETA>
      </SubCatchmentVegetationZoneParameters>
    </SubCatchmentVegetationZone>
  </SubCatchment>
</Catchment>