<?xml version="1.0" encoding="utf-8"?>
<Catchment xmlns:xsi="http://www.w3.org/2001/XMLSchema-instance" xmlns:xsd="http://www.w3.org/2001/XMLSchema">
  <CatchmentParameters>
    <KSI>0.001</KSI>
    <KGmin>0.05</KGmin>
    <RangeKG>0.1</RangeKG>
    <AG>0.1</AG>
    <PERC>1.1403357485468224</PERC>
    <Alpha>0</Alpha>
    <UZL>155.14391241636895</UZL>
    <K0>0.22364349373539511</K0>
    <K1>0.040212961575831839</K1>
    <K2>0.010000004677412551</K2>
    <MAXBAS>1</MAXBAS>
    <Cet>0</Cet>
    <PCALT>10</PCALT>
    <TCALT>0.6</TCALT>
    <Pelev>3349</Pelev>
    <Telev>2921</Telev>
    <PART>0.5</PART>
    <DELAY>1</DELAY>
  </CatchmentParameters>
  <VegetationZone>
    <VegetationZoneParameters>
      <TT>-1.4813339307829603</TT>
      <CFMAX>4.5586515661662963</CFMAX>
      <SP>0</SP>
      <SFCF>1.2376345648011253</SFCF>
      <CFR>1.8637740634524472E-08</CFR>
      <CWH>0.1128845777541788</CWH>
      <CFGlacier>1</CFGlacier>
      <CFSlope>1</CFSlope>
      <FC>2211.2785369337425</FC>
      <LP>0.72096603541821169</LP>
      <BETA>1.1112338305409741</BETA>
    </VegetationZoneParameters>
  </VegetationZone>
  <SubCatchment>
    <SubCatchmentParameters>
      <KSI>0.001</KSI>
      <KGmin>0.05</KGmin>
      <RangeKG>0.1</RangeKG>
      <AG>0.1</AG>
      <PERC>1.1403357485468224</PERC>
      <Alpha>0</Alpha>
      <UZL>155.14391241636895</UZL>
      <K0>0.22364349373539511</K0>
      <K1>0.040212961575831839</K1>
      <K2>0.010000004677412551</K2>
      <MAXBAS>1</MAXBAS>
      <Cet>0</Cet>
      <PCALT>10</PCALT>
      <TCALT>0.6</TCALT>
      <Pelev>3349</Pelev>
      <Telev>2921</Telev>
      <PART>0.5</PART>
      <DELAY>1</DELAY>
    </SubCatchmentParameters>
    <SubCatchmentVegetationZone>
      <SubCatchmentVegetationZoneParameters>
        <TT>-1.4813339307829603</TT>
        <CFMAX>4.5586515661662963</CFMAX>
        <SP>0</SP>
        <SFCF>1.2376345648011253</SFCF>
        <CFR>1.8637740634524472E-08</CFR>
        <CWH>0.1128845777541788</CWH>
        <CFGlacier>1</CFGlacier>
        <CFSlope>1</CFSlope>
        <FC>2211.2785369337425</FC>
        <LP>0.72096603541821169</LP>
        <BETA>1.1112338305409741</BETA>
      </SubCatchmentVegetationZoneParameters>
    </SubCatchmentVegetationZone>
  </SubCatchment>
</Catchment>