<?xml version="1.0" encoding="utf-8"?>
<Catchment xmlns:xsi="http://www.w3.org/2001/XMLSchema-instance" xmlns:xsd="http://www.w3.org/2001/XMLSchema">
  <CatchmentParameters>
    <KSI>0.001</KSI>
    <KGmin>0.05</KGmin>
    <RangeKG>0.1</RangeKG>
    <AG>0.1</AG>
    <PERC>1.6104359394306103</PERC>
    <Alpha>0</Alpha>
    <UZL>50.38576946502895</UZL>
    <K0>0.24424317176730415</K0>
    <K1>0.07787294783576007</K1>
    <K2>0.010000000180950455</K2>
    <MAXBAS>1</MAXBAS>
    <Cet>0</Cet>
    <PCALT>10</PCALT>
    <TCALT>0.6</TCALT>
    <Pelev>3349</Pelev>
    <Telev>2921</Telev>
    <PART>0.5</PART>
    <DELAY>1</DELAY>
  </CatchmentParameters>
  <VegetationZone>
    <VegetationZoneParameters>
      <TT>-1.9159982062548058</TT>
      <CFMAX>2.5672328358371779</CFMAX>
      <SP>0</SP>
      <SFCF>1.1842869815496147</SFCF>
      <CFR>3.1464167112668483E-07</CFR>
      <CWH>0.10000023068899686</CWH>
      <CFGlacier>1</CFGlacier>
      <CFSlope>1</CFSlope>
      <FC>1859.503301142254</FC>
      <LP>0.88132849123388313</LP>
      <BETA>1.6451258533278077</BETA>
    </VegetationZoneParameters>
  </VegetationZone>
  <SubCatchment>
    <SubCatchmentParameters>
      <KSI>0.001</KSI>
      <KGmin>0.05</KGmin>
      <RangeKG>0.1</RangeKG>
      <AG>0.1</AG>
      <PERC>1.6104359394306103</PERC>
      <Alpha>0</Alpha>
      <UZL>50.38576946502895</UZL>
      <K0>0.24424317176730415</K0>
      <K1>0.07787294783576007</K1>
      <K2>0.010000000180950455</K2>
      <MAXBAS>1</MAXBAS>
      <Cet>0</Cet>
      <PCALT>10</PCALT>
      <TCALT>0.6</TCALT>
      <Pelev>3349</Pelev>
      <Telev>2921</Telev>
      <PART>0.5</PART>
      <DELAY>1</DELAY>
    </SubCatchmentParameters>
    <SubCatchmentVegetationZone>
      <SubCatchmentVegetationZoneParameters>
        <TT>-1.9159982062548058</TT>
        <CFMAX>2.5672328358371779</CFMAX>
        <SP>0</SP>
        <SFCF>1.1842869815496147</SFCF>
        <CFR>3.1464167112668483E-07</CFR>
        <CWH>0.10000023068899686</CWH>
        <CFGlacier>1</CFGlacier>
        <CFSlope>1</CFSlope>
        <FC>1859.503301142254</FC>
        <LP>0.88132849123388313</LP>
        <BETA>1.6451258533278077</BETA>
      </SubCatchmentVegetationZoneParameters>
    </SubCatchmentVegetationZone>
  </SubCatchment>
</Catchment>