<?xml version="1.0" encoding="utf-8"?>
<Catchment xmlns:xsi="http://www.w3.org/2001/XMLSchema-instance" xmlns:xsd="http://www.w3.org/2001/XMLSchema">
  <CatchmentParameters>
    <KSI>0.001</KSI>
    <KGmin>0.05</KGmin>
    <RangeKG>0.1</RangeKG>
    <AG>0.1</AG>
    <PERC>1.7337729442217806</PERC>
    <Alpha>0</Alpha>
    <UZL>41.456775999795219</UZL>
    <K0>0.26604598385854111</K0>
    <K1>0.10008381783757302</K1>
    <K2>0.010000000299847623</K2>
    <MAXBAS>1</MAXBAS>
    <Cet>0</Cet>
    <PCALT>10</PCALT>
    <TCALT>0.6</TCALT>
    <Pelev>3349</Pelev>
    <Telev>2921</Telev>
    <PART>0.5</PART>
    <DELAY>1</DELAY>
  </CatchmentParameters>
  <VegetationZone>
    <VegetationZoneParameters>
      <TT>-2.4099739923176555</TT>
      <CFMAX>2.5064882669024491</CFMAX>
      <SP>0</SP>
      <SFCF>1.3221574157366709</SFCF>
      <CFR>0.00060543558956066036</CFR>
      <CWH>0.10000004992056148</CWH>
      <CFGlacier>1</CFGlacier>
      <CFSlope>1</CFSlope>
      <FC>2499.9860821875241</FC>
      <LP>0.73980770159688025</LP>
      <BETA>1.739854266259556</BETA>
    </VegetationZoneParameters>
  </VegetationZone>
  <SubCatchment>
    <SubCatchmentParameters>
      <KSI>0.001</KSI>
      <KGmin>0.05</KGmin>
      <RangeKG>0.1</RangeKG>
      <AG>0.1</AG>
      <PERC>1.7337729442217806</PERC>
      <Alpha>0</Alpha>
      <UZL>41.456775999795219</UZL>
      <K0>0.26604598385854111</K0>
      <K1>0.10008381783757302</K1>
      <K2>0.010000000299847623</K2>
      <MAXBAS>1</MAXBAS>
      <Cet>0</Cet>
      <PCALT>10</PCALT>
      <TCALT>0.6</TCALT>
      <Pelev>3349</Pelev>
      <Telev>2921</Telev>
      <PART>0.5</PART>
      <DELAY>1</DELAY>
    </SubCatchmentParameters>
    <SubCatchmentVegetationZone>
      <SubCatchmentVegetationZoneParameters>
        <TT>-2.4099739923176555</TT>
        <CFMAX>2.5064882669024491</CFMAX>
        <SP>0</SP>
        <SFCF>1.3221574157366709</SFCF>
        <CFR>0.00060543558956066036</CFR>
        <CWH>0.10000004992056148</CWH>
        <CFGlacier>1</CFGlacier>
        <CFSlope>1</CFSlope>
        <FC>2499.9860821875241</FC>
        <LP>0.73980770159688025</LP>
        <BETA>1.739854266259556</BETA>
      </SubCatchmentVegetationZoneParameters>
    </SubCatchmentVegetationZone>
  </SubCatchment>
</Catchment>