<?xml version="1.0" encoding="utf-8"?>
<Catchment xmlns:xsi="http://www.w3.org/2001/XMLSchema-instance" xmlns:xsd="http://www.w3.org/2001/XMLSchema">
  <CatchmentParameters>
    <KSI>0.001</KSI>
    <KGmin>0.05</KGmin>
    <RangeKG>0.1</RangeKG>
    <AG>0.1</AG>
    <PERC>1.5520169310303402</PERC>
    <Alpha>0</Alpha>
    <UZL>70.115088920744554</UZL>
    <K0>0.35498148861707568</K0>
    <K1>0.06675482414718191</K1>
    <K2>0.010000008026014621</K2>
    <MAXBAS>1</MAXBAS>
    <Cet>0</Cet>
    <PCALT>10</PCALT>
    <TCALT>0.6</TCALT>
    <Pelev>3349</Pelev>
    <Telev>2921</Telev>
    <PART>0.5</PART>
    <DELAY>1</DELAY>
  </CatchmentParameters>
  <VegetationZone>
    <VegetationZoneParameters>
      <TT>-1.8996505584399608</TT>
      <CFMAX>3.0122178664176964</CFMAX>
      <SP>0</SP>
      <SFCF>1.2858171776537268</SFCF>
      <CFR>3.7619476891466893E-08</CFR>
      <CWH>0.1000000447860924</CWH>
      <CFGlacier>1</CFGlacier>
      <CFSlope>1</CFSlope>
      <FC>2499.9940909548268</FC>
      <LP>0.79116275034240469</LP>
      <BETA>1.8386107432997398</BETA>
    </VegetationZoneParameters>
  </VegetationZone>
  <SubCatchment>
    <SubCatchmentParameters>
      <KSI>0.001</KSI>
      <KGmin>0.05</KGmin>
      <RangeKG>0.1</RangeKG>
      <AG>0.1</AG>
      <PERC>1.5520169310303402</PERC>
      <Alpha>0</Alpha>
      <UZL>70.115088920744554</UZL>
      <K0>0.35498148861707568</K0>
      <K1>0.06675482414718191</K1>
      <K2>0.010000008026014621</K2>
      <MAXBAS>1</MAXBAS>
      <Cet>0</Cet>
      <PCALT>10</PCALT>
      <TCALT>0.6</TCALT>
      <Pelev>3349</Pelev>
      <Telev>2921</Telev>
      <PART>0.5</PART>
      <DELAY>1</DELAY>
    </SubCatchmentParameters>
    <SubCatchmentVegetationZone>
      <SubCatchmentVegetationZoneParameters>
        <TT>-1.8996505584399608</TT>
        <CFMAX>3.0122178664176964</CFMAX>
        <SP>0</SP>
        <SFCF>1.2858171776537268</SFCF>
        <CFR>3.7619476891466893E-08</CFR>
        <CWH>0.1000000447860924</CWH>
        <CFGlacier>1</CFGlacier>
        <CFSlope>1</CFSlope>
        <FC>2499.9940909548268</FC>
        <LP>0.79116275034240469</LP>
        <BETA>1.8386107432997398</BETA>
      </SubCatchmentVegetationZoneParameters>
    </SubCatchmentVegetationZone>
  </SubCatchment>
</Catchment>