<?xml version="1.0" encoding="utf-8"?>
<Catchment xmlns:xsi="http://www.w3.org/2001/XMLSchema-instance" xmlns:xsd="http://www.w3.org/2001/XMLSchema">
  <CatchmentParameters>
    <KSI>0.001</KSI>
    <KGmin>0.05</KGmin>
    <RangeKG>0.1</RangeKG>
    <AG>0.1</AG>
    <PERC>1.7802664342323809</PERC>
    <Alpha>0</Alpha>
    <UZL>108.14170194848568</UZL>
    <K0>0.37250316301343922</K0>
    <K1>0.08450748104227121</K1>
    <K2>0.010000008755776167</K2>
    <MAXBAS>1</MAXBAS>
    <Cet>0</Cet>
    <PCALT>10</PCALT>
    <TCALT>0.6</TCALT>
    <Pelev>3349</Pelev>
    <Telev>2921</Telev>
    <PART>0.5</PART>
    <DELAY>1</DELAY>
  </CatchmentParameters>
  <VegetationZone>
    <VegetationZoneParameters>
      <TT>-0.97388100723905024</TT>
      <CFMAX>3.4322678285887873</CFMAX>
      <SP>0</SP>
      <SFCF>1.1802566885823396</SFCF>
      <CFR>2.6088270218857881E-07</CFR>
      <CWH>0.10000004862096962</CWH>
      <CFGlacier>1</CFGlacier>
      <CFSlope>1</CFSlope>
      <FC>2499.925922606144</FC>
      <LP>0.83293550018739426</LP>
      <BETA>1.598131702319173</BETA>
    </VegetationZoneParameters>
  </VegetationZone>
  <SubCatchment>
    <SubCatchmentParameters>
      <KSI>0.001</KSI>
      <KGmin>0.05</KGmin>
      <RangeKG>0.1</RangeKG>
      <AG>0.1</AG>
      <PERC>1.7802664342323809</PERC>
      <Alpha>0</Alpha>
      <UZL>108.14170194848568</UZL>
      <K0>0.37250316301343922</K0>
      <K1>0.08450748104227121</K1>
      <K2>0.010000008755776167</K2>
      <MAXBAS>1</MAXBAS>
      <Cet>0</Cet>
      <PCALT>10</PCALT>
      <TCALT>0.6</TCALT>
      <Pelev>3349</Pelev>
      <Telev>2921</Telev>
      <PART>0.5</PART>
      <DELAY>1</DELAY>
    </SubCatchmentParameters>
    <SubCatchmentVegetationZone>
      <SubCatchmentVegetationZoneParameters>
        <TT>-0.97388100723905024</TT>
        <CFMAX>3.4322678285887873</CFMAX>
        <SP>0</SP>
        <SFCF>1.1802566885823396</SFCF>
        <CFR>2.6088270218857881E-07</CFR>
        <CWH>0.10000004862096962</CWH>
        <CFGlacier>1</CFGlacier>
        <CFSlope>1</CFSlope>
        <FC>2499.925922606144</FC>
        <LP>0.83293550018739426</LP>
        <BETA>1.598131702319173</BETA>
      </SubCatchmentVegetationZoneParameters>
    </SubCatchmentVegetationZone>
  </SubCatchment>
</Catchment>