<?xml version="1.0" encoding="utf-8"?>
<Catchment xmlns:xsi="http://www.w3.org/2001/XMLSchema-instance" xmlns:xsd="http://www.w3.org/2001/XMLSchema">
  <CatchmentParameters>
    <KSI>0.001</KSI>
    <KGmin>0.05</KGmin>
    <RangeKG>0.1</RangeKG>
    <AG>0.1</AG>
    <PERC>6.3497514004943589</PERC>
    <Alpha>0</Alpha>
    <UZL>105.39517442084053</UZL>
    <K0>0.13963475980736842</K0>
    <K1>0.22663060702991913</K1>
    <K2>0.045481898366839323</K2>
    <MAXBAS>1.0000839124455196</MAXBAS>
    <Cet>0</Cet>
    <PCALT>10</PCALT>
    <TCALT>0.6</TCALT>
    <Pelev>3349</Pelev>
    <Telev>2921</Telev>
    <PART>0.5</PART>
    <DELAY>1</DELAY>
  </CatchmentParameters>
  <VegetationZone>
    <VegetationZoneParameters>
      <TT>-0.19804048405716643</TT>
      <CFMAX>2.2374420602875857</CFMAX>
      <SP>0</SP>
      <SFCF>0.66412631917934173</SFCF>
      <CFR>0.00021489983851023084</CFR>
      <CWH>0.10000107846919325</CWH>
      <CFGlacier>1</CFGlacier>
      <CFSlope>1</CFSlope>
      <FC>60.497984247010713</FC>
      <LP>0.69925110767025245</LP>
      <BETA>1.0000201260435706</BETA>
    </VegetationZoneParameters>
  </VegetationZone>
  <SubCatchment>
    <SubCatchmentParameters>
      <KSI>0.001</KSI>
      <KGmin>0.05</KGmin>
      <RangeKG>0.1</RangeKG>
      <AG>0.1</AG>
      <PERC>6.3497514004943589</PERC>
      <Alpha>0</Alpha>
      <UZL>105.39517442084053</UZL>
      <K0>0.13963475980736842</K0>
      <K1>0.22663060702991913</K1>
      <K2>0.045481898366839323</K2>
      <MAXBAS>1.0000839124455196</MAXBAS>
      <Cet>0</Cet>
      <PCALT>10</PCALT>
      <TCALT>0.6</TCALT>
      <Pelev>3349</Pelev>
      <Telev>2921</Telev>
      <PART>0.5</PART>
      <DELAY>1</DELAY>
    </SubCatchmentParameters>
    <SubCatchmentVegetationZone>
      <SubCatchmentVegetationZoneParameters>
        <TT>-0.19804048405716643</TT>
        <CFMAX>2.2374420602875857</CFMAX>
        <SP>0</SP>
        <SFCF>0.66412631917934173</SFCF>
        <CFR>0.00021489983851023084</CFR>
        <CWH>0.10000107846919325</CWH>
        <CFGlacier>1</CFGlacier>
        <CFSlope>1</CFSlope>
        <FC>60.497984247010713</FC>
        <LP>0.69925110767025245</LP>
        <BETA>1.0000201260435706</BETA>
      </SubCatchmentVegetationZoneParameters>
    </SubCatchmentVegetationZone>
  </SubCatchment>
</Catchment>