<?xml version="1.0" encoding="utf-8"?>
<Catchment xmlns:xsi="http://www.w3.org/2001/XMLSchema-instance" xmlns:xsd="http://www.w3.org/2001/XMLSchema">
  <CatchmentParameters>
    <KSI>0.001</KSI>
    <KGmin>0.05</KGmin>
    <RangeKG>0.1</RangeKG>
    <AG>0.1</AG>
    <PERC>1.6698416489822761</PERC>
    <Alpha>0</Alpha>
    <UZL>62.350320844400287</UZL>
    <K0>0.31589095716094767</K0>
    <K1>0.080626749911903953</K1>
    <K2>0.010000002390719935</K2>
    <MAXBAS>1</MAXBAS>
    <Cet>0</Cet>
    <PCALT>10</PCALT>
    <TCALT>0.6</TCALT>
    <Pelev>3349</Pelev>
    <Telev>2921</Telev>
    <PART>0.5</PART>
    <DELAY>1</DELAY>
  </CatchmentParameters>
  <VegetationZone>
    <VegetationZoneParameters>
      <TT>-1.344025737335073</TT>
      <CFMAX>2.6389602265404233</CFMAX>
      <SP>0</SP>
      <SFCF>1.0232511540840887</SFCF>
      <CFR>5.2076877396652532E-05</CFR>
      <CWH>0.10000000012644431</CWH>
      <CFGlacier>1</CFGlacier>
      <CFSlope>1</CFSlope>
      <FC>1966.81827589977</FC>
      <LP>0.95330713876795958</LP>
      <BETA>1.1564119498630738</BETA>
    </VegetationZoneParameters>
  </VegetationZone>
  <SubCatchment>
    <SubCatchmentParameters>
      <KSI>0.001</KSI>
      <KGmin>0.05</KGmin>
      <RangeKG>0.1</RangeKG>
      <AG>0.1</AG>
      <PERC>1.6698416489822761</PERC>
      <Alpha>0</Alpha>
      <UZL>62.350320844400287</UZL>
      <K0>0.31589095716094767</K0>
      <K1>0.080626749911903953</K1>
      <K2>0.010000002390719935</K2>
      <MAXBAS>1</MAXBAS>
      <Cet>0</Cet>
      <PCALT>10</PCALT>
      <TCALT>0.6</TCALT>
      <Pelev>3349</Pelev>
      <Telev>2921</Telev>
      <PART>0.5</PART>
      <DELAY>1</DELAY>
    </SubCatchmentParameters>
    <SubCatchmentVegetationZone>
      <SubCatchmentVegetationZoneParameters>
        <TT>-1.344025737335073</TT>
        <CFMAX>2.6389602265404233</CFMAX>
        <SP>0</SP>
        <SFCF>1.0232511540840887</SFCF>
        <CFR>5.2076877396652532E-05</CFR>
        <CWH>0.10000000012644431</CWH>
        <CFGlacier>1</CFGlacier>
        <CFSlope>1</CFSlope>
        <FC>1966.81827589977</FC>
        <LP>0.95330713876795958</LP>
        <BETA>1.1564119498630738</BETA>
      </SubCatchmentVegetationZoneParameters>
    </SubCatchmentVegetationZone>
  </SubCatchment>
</Catchment>