<?xml version="1.0" encoding="utf-8"?>
<Catchment xmlns:xsi="http://www.w3.org/2001/XMLSchema-instance" xmlns:xsd="http://www.w3.org/2001/XMLSchema">
  <CatchmentParameters>
    <KSI>0.001</KSI>
    <KGmin>0.05</KGmin>
    <RangeKG>0.1</RangeKG>
    <AG>0.1</AG>
    <PERC>7.272905553976222</PERC>
    <Alpha>0</Alpha>
    <UZL>71.775184212818743</UZL>
    <K0>0.3995528724400359</K0>
    <K1>0.25333864508542658</K1>
    <K2>0.071728762909244209</K2>
    <MAXBAS>1.0049641687138455</MAXBAS>
    <Cet>0</Cet>
    <PCALT>10</PCALT>
    <TCALT>0.6</TCALT>
    <Pelev>3349</Pelev>
    <Telev>2921</Telev>
    <PART>0.5</PART>
    <DELAY>1</DELAY>
  </CatchmentParameters>
  <VegetationZone>
    <VegetationZoneParameters>
      <TT>-0.44399708062800564</TT>
      <CFMAX>3.1011473555326892</CFMAX>
      <SP>0</SP>
      <SFCF>0.9446768319927743</SFCF>
      <CFR>0.0001833615373605051</CFR>
      <CWH>0.10000045944000019</CWH>
      <CFGlacier>1</CFGlacier>
      <CFSlope>1</CFSlope>
      <FC>999.99899005208249</FC>
      <LP>0.99971344942772877</LP>
      <BETA>1.0188584254714783</BETA>
    </VegetationZoneParameters>
  </VegetationZone>
  <SubCatchment>
    <SubCatchmentParameters>
      <KSI>0.001</KSI>
      <KGmin>0.05</KGmin>
      <RangeKG>0.1</RangeKG>
      <AG>0.1</AG>
      <PERC>7.272905553976222</PERC>
      <Alpha>0</Alpha>
      <UZL>71.775184212818743</UZL>
      <K0>0.3995528724400359</K0>
      <K1>0.25333864508542658</K1>
      <K2>0.071728762909244209</K2>
      <MAXBAS>1.0049641687138455</MAXBAS>
      <Cet>0</Cet>
      <PCALT>10</PCALT>
      <TCALT>0.6</TCALT>
      <Pelev>3349</Pelev>
      <Telev>2921</Telev>
      <PART>0.5</PART>
      <DELAY>1</DELAY>
    </SubCatchmentParameters>
    <SubCatchmentVegetationZone>
      <SubCatchmentVegetationZoneParameters>
        <TT>-0.44399708062800564</TT>
        <CFMAX>3.1011473555326892</CFMAX>
        <SP>0</SP>
        <SFCF>0.9446768319927743</SFCF>
        <CFR>0.0001833615373605051</CFR>
        <CWH>0.10000045944000019</CWH>
        <CFGlacier>1</CFGlacier>
        <CFSlope>1</CFSlope>
        <FC>999.99899005208249</FC>
        <LP>0.99971344942772877</LP>
        <BETA>1.0188584254714783</BETA>
      </SubCatchmentVegetationZoneParameters>
    </SubCatchmentVegetationZone>
  </SubCatchment>
</Catchment>