<?xml version="1.0" encoding="utf-8"?>
<Catchment xmlns:xsi="http://www.w3.org/2001/XMLSchema-instance" xmlns:xsd="http://www.w3.org/2001/XMLSchema">
  <CatchmentParameters>
    <KSI>0.001</KSI>
    <KGmin>0.05</KGmin>
    <RangeKG>0.1</RangeKG>
    <AG>0.1</AG>
    <PERC>1.7388128991120264</PERC>
    <Alpha>0</Alpha>
    <UZL>170.82657132284388</UZL>
    <K0>0.22752488095468251</K0>
    <K1>0.104588137173295</K1>
    <K2>0.010000000196201094</K2>
    <MAXBAS>1</MAXBAS>
    <Cet>0</Cet>
    <PCALT>10</PCALT>
    <TCALT>0.6</TCALT>
    <Pelev>3349</Pelev>
    <Telev>2921</Telev>
    <PART>0.5</PART>
    <DELAY>1</DELAY>
  </CatchmentParameters>
  <VegetationZone>
    <VegetationZoneParameters>
      <TT>-1.5112194149277027</TT>
      <CFMAX>3.016065099615588</CFMAX>
      <SP>0</SP>
      <SFCF>1.2035249049984238</SFCF>
      <CFR>3.5308119830313439E-08</CFR>
      <CWH>0.10000030535297644</CWH>
      <CFGlacier>1</CFGlacier>
      <CFSlope>1</CFSlope>
      <FC>2373.1974888427017</FC>
      <LP>0.81281194836998361</LP>
      <BETA>1.5506015730610563</BETA>
    </VegetationZoneParameters>
  </VegetationZone>
  <SubCatchment>
    <SubCatchmentParameters>
      <KSI>0.001</KSI>
      <KGmin>0.05</KGmin>
      <RangeKG>0.1</RangeKG>
      <AG>0.1</AG>
      <PERC>1.7388128991120264</PERC>
      <Alpha>0</Alpha>
      <UZL>170.82657132284388</UZL>
      <K0>0.22752488095468251</K0>
      <K1>0.104588137173295</K1>
      <K2>0.010000000196201094</K2>
      <MAXBAS>1</MAXBAS>
      <Cet>0</Cet>
      <PCALT>10</PCALT>
      <TCALT>0.6</TCALT>
      <Pelev>3349</Pelev>
      <Telev>2921</Telev>
      <PART>0.5</PART>
      <DELAY>1</DELAY>
    </SubCatchmentParameters>
    <SubCatchmentVegetationZone>
      <SubCatchmentVegetationZoneParameters>
        <TT>-1.5112194149277027</TT>
        <CFMAX>3.016065099615588</CFMAX>
        <SP>0</SP>
        <SFCF>1.2035249049984238</SFCF>
        <CFR>3.5308119830313439E-08</CFR>
        <CWH>0.10000030535297644</CWH>
        <CFGlacier>1</CFGlacier>
        <CFSlope>1</CFSlope>
        <FC>2373.1974888427017</FC>
        <LP>0.81281194836998361</LP>
        <BETA>1.5506015730610563</BETA>
      </SubCatchmentVegetationZoneParameters>
    </SubCatchmentVegetationZone>
  </SubCatchment>
</Catchment>