<?xml version="1.0" encoding="utf-8"?>
<Catchment xmlns:xsi="http://www.w3.org/2001/XMLSchema-instance" xmlns:xsd="http://www.w3.org/2001/XMLSchema">
  <CatchmentParameters>
    <KSI>0.001</KSI>
    <KGmin>0.05</KGmin>
    <RangeKG>0.1</RangeKG>
    <AG>0.1</AG>
    <PERC>9.99997959938574</PERC>
    <Alpha>0</Alpha>
    <UZL>78.2921858988397</UZL>
    <K0>0.16405830767711155</K0>
    <K1>0.18440068339627647</K1>
    <K2>0.044858992714374421</K2>
    <MAXBAS>1.0002559903088737</MAXBAS>
    <Cet>0</Cet>
    <PCALT>10</PCALT>
    <TCALT>0.6</TCALT>
    <Pelev>3349</Pelev>
    <Telev>2921</Telev>
    <PART>0.5</PART>
    <DELAY>1</DELAY>
  </CatchmentParameters>
  <VegetationZone>
    <VegetationZoneParameters>
      <TT>-0.842962808545863</TT>
      <CFMAX>4.6949797202792185</CFMAX>
      <SP>0</SP>
      <SFCF>1.0230097091779034</SFCF>
      <CFR>0.057540752749538494</CFR>
      <CWH>0.19999912692438712</CWH>
      <CFGlacier>1</CFGlacier>
      <CFSlope>1</CFSlope>
      <FC>999.99313304825148</FC>
      <LP>0.9963946603195557</LP>
      <BETA>1.4598533800009188</BETA>
    </VegetationZoneParameters>
  </VegetationZone>
  <SubCatchment>
    <SubCatchmentParameters>
      <KSI>0.001</KSI>
      <KGmin>0.05</KGmin>
      <RangeKG>0.1</RangeKG>
      <AG>0.1</AG>
      <PERC>9.99997959938574</PERC>
      <Alpha>0</Alpha>
      <UZL>78.2921858988397</UZL>
      <K0>0.16405830767711155</K0>
      <K1>0.18440068339627647</K1>
      <K2>0.044858992714374421</K2>
      <MAXBAS>1.0002559903088737</MAXBAS>
      <Cet>0</Cet>
      <PCALT>10</PCALT>
      <TCALT>0.6</TCALT>
      <Pelev>3349</Pelev>
      <Telev>2921</Telev>
      <PART>0.5</PART>
      <DELAY>1</DELAY>
    </SubCatchmentParameters>
    <SubCatchmentVegetationZone>
      <SubCatchmentVegetationZoneParameters>
        <TT>-0.842962808545863</TT>
        <CFMAX>4.6949797202792185</CFMAX>
        <SP>0</SP>
        <SFCF>1.0230097091779034</SFCF>
        <CFR>0.057540752749538494</CFR>
        <CWH>0.19999912692438712</CWH>
        <CFGlacier>1</CFGlacier>
        <CFSlope>1</CFSlope>
        <FC>999.99313304825148</FC>
        <LP>0.9963946603195557</LP>
        <BETA>1.4598533800009188</BETA>
      </SubCatchmentVegetationZoneParameters>
    </SubCatchmentVegetationZone>
  </SubCatchment>
</Catchment>