<?xml version="1.0" encoding="utf-8"?>
<Catchment xmlns:xsi="http://www.w3.org/2001/XMLSchema-instance" xmlns:xsd="http://www.w3.org/2001/XMLSchema">
  <CatchmentParameters>
    <KSI>0.001</KSI>
    <KGmin>0.05</KGmin>
    <RangeKG>0.1</RangeKG>
    <AG>0.1</AG>
    <PERC>9.9999693888815866</PERC>
    <Alpha>0</Alpha>
    <UZL>104.85163019886713</UZL>
    <K0>0.0744177059696871</K0>
    <K1>0.17634172969583037</K1>
    <K2>0.045756410135985082</K2>
    <MAXBAS>1.0000628861894598</MAXBAS>
    <Cet>0</Cet>
    <PCALT>10</PCALT>
    <TCALT>0.6</TCALT>
    <Pelev>3349</Pelev>
    <Telev>2921</Telev>
    <PART>0.5</PART>
    <DELAY>1</DELAY>
  </CatchmentParameters>
  <VegetationZone>
    <VegetationZoneParameters>
      <TT>-0.5440016393398156</TT>
      <CFMAX>4.1317632497820878</CFMAX>
      <SP>0</SP>
      <SFCF>0.88198985675218966</SFCF>
      <CFR>0.00024494313932875141</CFR>
      <CWH>0.19999887838654062</CWH>
      <CFGlacier>1</CFGlacier>
      <CFSlope>1</CFSlope>
      <FC>422.68338375101217</FC>
      <LP>0.9999971501893411</LP>
      <BETA>1.0000002788186515</BETA>
    </VegetationZoneParameters>
  </VegetationZone>
  <SubCatchment>
    <SubCatchmentParameters>
      <KSI>0.001</KSI>
      <KGmin>0.05</KGmin>
      <RangeKG>0.1</RangeKG>
      <AG>0.1</AG>
      <PERC>9.9999693888815866</PERC>
      <Alpha>0</Alpha>
      <UZL>104.85163019886713</UZL>
      <K0>0.0744177059696871</K0>
      <K1>0.17634172969583037</K1>
      <K2>0.045756410135985082</K2>
      <MAXBAS>1.0000628861894598</MAXBAS>
      <Cet>0</Cet>
      <PCALT>10</PCALT>
      <TCALT>0.6</TCALT>
      <Pelev>3349</Pelev>
      <Telev>2921</Telev>
      <PART>0.5</PART>
      <DELAY>1</DELAY>
    </SubCatchmentParameters>
    <SubCatchmentVegetationZone>
      <SubCatchmentVegetationZoneParameters>
        <TT>-0.5440016393398156</TT>
        <CFMAX>4.1317632497820878</CFMAX>
        <SP>0</SP>
        <SFCF>0.88198985675218966</SFCF>
        <CFR>0.00024494313932875141</CFR>
        <CWH>0.19999887838654062</CWH>
        <CFGlacier>1</CFGlacier>
        <CFSlope>1</CFSlope>
        <FC>422.68338375101217</FC>
        <LP>0.9999971501893411</LP>
        <BETA>1.0000002788186515</BETA>
      </SubCatchmentVegetationZoneParameters>
    </SubCatchmentVegetationZone>
  </SubCatchment>
</Catchment>