<?xml version="1.0" encoding="utf-8"?>
<Catchment xmlns:xsi="http://www.w3.org/2001/XMLSchema-instance" xmlns:xsd="http://www.w3.org/2001/XMLSchema">
  <CatchmentParameters>
    <KSI>0.001</KSI>
    <KGmin>0.05</KGmin>
    <RangeKG>0.1</RangeKG>
    <AG>0.1</AG>
    <PERC>1.8132428660173776</PERC>
    <Alpha>0</Alpha>
    <UZL>114.39982322076089</UZL>
    <K0>0.27498505979273613</K0>
    <K1>0.11500057699362203</K1>
    <K2>0.010000003587227779</K2>
    <MAXBAS>1</MAXBAS>
    <Cet>0</Cet>
    <PCALT>10</PCALT>
    <TCALT>0.6</TCALT>
    <Pelev>3349</Pelev>
    <Telev>2921</Telev>
    <PART>0.5</PART>
    <DELAY>1</DELAY>
  </CatchmentParameters>
  <VegetationZone>
    <VegetationZoneParameters>
      <TT>-1.4979859803086304</TT>
      <CFMAX>3.0512956415152708</CFMAX>
      <SP>0</SP>
      <SFCF>1.2308379407361898</SFCF>
      <CFR>6.5118897346009424E-08</CFR>
      <CWH>0.1000001544737347</CWH>
      <CFGlacier>1</CFGlacier>
      <CFSlope>1</CFSlope>
      <FC>2499.8894860597939</FC>
      <LP>0.72416597001184058</LP>
      <BETA>1.3175179965987569</BETA>
    </VegetationZoneParameters>
  </VegetationZone>
  <SubCatchment>
    <SubCatchmentParameters>
      <KSI>0.001</KSI>
      <KGmin>0.05</KGmin>
      <RangeKG>0.1</RangeKG>
      <AG>0.1</AG>
      <PERC>1.8132428660173776</PERC>
      <Alpha>0</Alpha>
      <UZL>114.39982322076089</UZL>
      <K0>0.27498505979273613</K0>
      <K1>0.11500057699362203</K1>
      <K2>0.010000003587227779</K2>
      <MAXBAS>1</MAXBAS>
      <Cet>0</Cet>
      <PCALT>10</PCALT>
      <TCALT>0.6</TCALT>
      <Pelev>3349</Pelev>
      <Telev>2921</Telev>
      <PART>0.5</PART>
      <DELAY>1</DELAY>
    </SubCatchmentParameters>
    <SubCatchmentVegetationZone>
      <SubCatchmentVegetationZoneParameters>
        <TT>-1.4979859803086304</TT>
        <CFMAX>3.0512956415152708</CFMAX>
        <SP>0</SP>
        <SFCF>1.2308379407361898</SFCF>
        <CFR>6.5118897346009424E-08</CFR>
        <CWH>0.1000001544737347</CWH>
        <CFGlacier>1</CFGlacier>
        <CFSlope>1</CFSlope>
        <FC>2499.8894860597939</FC>
        <LP>0.72416597001184058</LP>
        <BETA>1.3175179965987569</BETA>
      </SubCatchmentVegetationZoneParameters>
    </SubCatchmentVegetationZone>
  </SubCatchment>
</Catchment>