<?xml version="1.0" encoding="utf-8"?>
<Catchment xmlns:xsi="http://www.w3.org/2001/XMLSchema-instance" xmlns:xsd="http://www.w3.org/2001/XMLSchema">
  <CatchmentParameters>
    <KSI>0.001</KSI>
    <KGmin>0.05</KGmin>
    <RangeKG>0.1</RangeKG>
    <AG>0.1</AG>
    <PERC>9.9999999944898832</PERC>
    <Alpha>0</Alpha>
    <UZL>142.34977189051776</UZL>
    <K0>0.60130780341332224</K0>
    <K1>0.19178722620400343</K1>
    <K2>0.04499168347721267</K2>
    <MAXBAS>1.0000065719696889</MAXBAS>
    <Cet>0</Cet>
    <PCALT>10</PCALT>
    <TCALT>0.6</TCALT>
    <Pelev>3349</Pelev>
    <Telev>2921</Telev>
    <PART>0.5</PART>
    <DELAY>1</DELAY>
  </CatchmentParameters>
  <VegetationZone>
    <VegetationZoneParameters>
      <TT>-1.3212259054108657</TT>
      <CFMAX>4.0184391387639238</CFMAX>
      <SP>0</SP>
      <SFCF>1.0267808801767031</SFCF>
      <CFR>0.015815348223462904</CFR>
      <CWH>0.19999949320970031</CWH>
      <CFGlacier>1</CFGlacier>
      <CFSlope>1</CFSlope>
      <FC>724.00157286349167</FC>
      <LP>0.845433848856585</LP>
      <BETA>1.1607837927790077</BETA>
    </VegetationZoneParameters>
  </VegetationZone>
  <SubCatchment>
    <SubCatchmentParameters>
      <KSI>0.001</KSI>
      <KGmin>0.05</KGmin>
      <RangeKG>0.1</RangeKG>
      <AG>0.1</AG>
      <PERC>9.9999999944898832</PERC>
      <Alpha>0</Alpha>
      <UZL>142.34977189051776</UZL>
      <K0>0.60130780341332224</K0>
      <K1>0.19178722620400343</K1>
      <K2>0.04499168347721267</K2>
      <MAXBAS>1.0000065719696889</MAXBAS>
      <Cet>0</Cet>
      <PCALT>10</PCALT>
      <TCALT>0.6</TCALT>
      <Pelev>3349</Pelev>
      <Telev>2921</Telev>
      <PART>0.5</PART>
      <DELAY>1</DELAY>
    </SubCatchmentParameters>
    <SubCatchmentVegetationZone>
      <SubCatchmentVegetationZoneParameters>
        <TT>-1.3212259054108657</TT>
        <CFMAX>4.0184391387639238</CFMAX>
        <SP>0</SP>
        <SFCF>1.0267808801767031</SFCF>
        <CFR>0.015815348223462904</CFR>
        <CWH>0.19999949320970031</CWH>
        <CFGlacier>1</CFGlacier>
        <CFSlope>1</CFSlope>
        <FC>724.00157286349167</FC>
        <LP>0.845433848856585</LP>
        <BETA>1.1607837927790077</BETA>
      </SubCatchmentVegetationZoneParameters>
    </SubCatchmentVegetationZone>
  </SubCatchment>
</Catchment>