<?xml version="1.0" encoding="utf-8"?>
<Catchment xmlns:xsi="http://www.w3.org/2001/XMLSchema-instance" xmlns:xsd="http://www.w3.org/2001/XMLSchema">
  <CatchmentParameters>
    <KSI>0.001</KSI>
    <KGmin>0.05</KGmin>
    <RangeKG>0.1</RangeKG>
    <AG>0.1</AG>
    <PERC>9.9999738665563882</PERC>
    <Alpha>0</Alpha>
    <UZL>195.22355668569529</UZL>
    <K0>0.40963808326466716</K0>
    <K1>0.15026095740143397</K1>
    <K2>0.041009659056089026</K2>
    <MAXBAS>1.0000193233886363</MAXBAS>
    <Cet>0</Cet>
    <PCALT>10</PCALT>
    <TCALT>0.6</TCALT>
    <Pelev>3349</Pelev>
    <Telev>2921</Telev>
    <PART>0.5</PART>
    <DELAY>1</DELAY>
  </CatchmentParameters>
  <VegetationZone>
    <VegetationZoneParameters>
      <TT>-0.44400380438357484</TT>
      <CFMAX>3.8124794608403505</CFMAX>
      <SP>0</SP>
      <SFCF>0.78902556080356712</SFCF>
      <CFR>6.5920596057522193E-05</CFR>
      <CWH>0.19999971262935587</CWH>
      <CFGlacier>1</CFGlacier>
      <CFSlope>1</CFSlope>
      <FC>198.20099602511371</FC>
      <LP>0.99998416465111017</LP>
      <BETA>1.0000063616124097</BETA>
    </VegetationZoneParameters>
  </VegetationZone>
  <SubCatchment>
    <SubCatchmentParameters>
      <KSI>0.001</KSI>
      <KGmin>0.05</KGmin>
      <RangeKG>0.1</RangeKG>
      <AG>0.1</AG>
      <PERC>9.9999738665563882</PERC>
      <Alpha>0</Alpha>
      <UZL>195.22355668569529</UZL>
      <K0>0.40963808326466716</K0>
      <K1>0.15026095740143397</K1>
      <K2>0.041009659056089026</K2>
      <MAXBAS>1.0000193233886363</MAXBAS>
      <Cet>0</Cet>
      <PCALT>10</PCALT>
      <TCALT>0.6</TCALT>
      <Pelev>3349</Pelev>
      <Telev>2921</Telev>
      <PART>0.5</PART>
      <DELAY>1</DELAY>
    </SubCatchmentParameters>
    <SubCatchmentVegetationZone>
      <SubCatchmentVegetationZoneParameters>
        <TT>-0.44400380438357484</TT>
        <CFMAX>3.8124794608403505</CFMAX>
        <SP>0</SP>
        <SFCF>0.78902556080356712</SFCF>
        <CFR>6.5920596057522193E-05</CFR>
        <CWH>0.19999971262935587</CWH>
        <CFGlacier>1</CFGlacier>
        <CFSlope>1</CFSlope>
        <FC>198.20099602511371</FC>
        <LP>0.99998416465111017</LP>
        <BETA>1.0000063616124097</BETA>
      </SubCatchmentVegetationZoneParameters>
    </SubCatchmentVegetationZone>
  </SubCatchment>
</Catchment>