<?xml version="1.0" encoding="utf-8"?>
<Catchment xmlns:xsi="http://www.w3.org/2001/XMLSchema-instance" xmlns:xsd="http://www.w3.org/2001/XMLSchema">
  <CatchmentParameters>
    <KSI>0.001</KSI>
    <KGmin>0.05</KGmin>
    <RangeKG>0.1</RangeKG>
    <AG>0.1</AG>
    <PERC>1.1349567185494358</PERC>
    <Alpha>0</Alpha>
    <UZL>141.72093566158162</UZL>
    <K0>0.13940431520967528</K0>
    <K1>0.038644706287448032</K1>
    <K2>0.010000001306156976</K2>
    <MAXBAS>1</MAXBAS>
    <Cet>0</Cet>
    <PCALT>10</PCALT>
    <TCALT>0.6</TCALT>
    <Pelev>3349</Pelev>
    <Telev>2921</Telev>
    <PART>0.5</PART>
    <DELAY>1</DELAY>
  </CatchmentParameters>
  <VegetationZone>
    <VegetationZoneParameters>
      <TT>-1.9159994009631653</TT>
      <CFMAX>4.124955945244654</CFMAX>
      <SP>0</SP>
      <SFCF>1.2482655067208692</SFCF>
      <CFR>0.00020714221675200909</CFR>
      <CWH>0.14270632025858468</CWH>
      <CFGlacier>1</CFGlacier>
      <CFSlope>1</CFSlope>
      <FC>2098.7407756048069</FC>
      <LP>0.89034212128165513</LP>
      <BETA>1.7425396769473793</BETA>
    </VegetationZoneParameters>
  </VegetationZone>
  <SubCatchment>
    <SubCatchmentParameters>
      <KSI>0.001</KSI>
      <KGmin>0.05</KGmin>
      <RangeKG>0.1</RangeKG>
      <AG>0.1</AG>
      <PERC>1.1349567185494358</PERC>
      <Alpha>0</Alpha>
      <UZL>141.72093566158162</UZL>
      <K0>0.13940431520967528</K0>
      <K1>0.038644706287448032</K1>
      <K2>0.010000001306156976</K2>
      <MAXBAS>1</MAXBAS>
      <Cet>0</Cet>
      <PCALT>10</PCALT>
      <TCALT>0.6</TCALT>
      <Pelev>3349</Pelev>
      <Telev>2921</Telev>
      <PART>0.5</PART>
      <DELAY>1</DELAY>
    </SubCatchmentParameters>
    <SubCatchmentVegetationZone>
      <SubCatchmentVegetationZoneParameters>
        <TT>-1.9159994009631653</TT>
        <CFMAX>4.124955945244654</CFMAX>
        <SP>0</SP>
        <SFCF>1.2482655067208692</SFCF>
        <CFR>0.00020714221675200909</CFR>
        <CWH>0.14270632025858468</CWH>
        <CFGlacier>1</CFGlacier>
        <CFSlope>1</CFSlope>
        <FC>2098.7407756048069</FC>
        <LP>0.89034212128165513</LP>
        <BETA>1.7425396769473793</BETA>
      </SubCatchmentVegetationZoneParameters>
    </SubCatchmentVegetationZone>
  </SubCatchment>
</Catchment>