<?xml version="1.0" encoding="utf-8"?>
<Catchment xmlns:xsi="http://www.w3.org/2001/XMLSchema-instance" xmlns:xsd="http://www.w3.org/2001/XMLSchema">
  <CatchmentParameters>
    <KSI>0.001</KSI>
    <KGmin>0.05</KGmin>
    <RangeKG>0.1</RangeKG>
    <AG>0.1</AG>
    <PERC>5.850942008604167</PERC>
    <Alpha>0</Alpha>
    <UZL>183.27827664054971</UZL>
    <K0>0.50889496048502258</K0>
    <K1>0.23880804387330523</K1>
    <K2>0.04273681236056226</K2>
    <MAXBAS>1.0048971134772529</MAXBAS>
    <Cet>0</Cet>
    <PCALT>10</PCALT>
    <TCALT>0.6</TCALT>
    <Pelev>3349</Pelev>
    <Telev>2921</Telev>
    <PART>0.5</PART>
    <DELAY>1</DELAY>
  </CatchmentParameters>
  <VegetationZone>
    <VegetationZoneParameters>
      <TT>-0.97159043990052751</TT>
      <CFMAX>2.1846177777264413</CFMAX>
      <SP>0</SP>
      <SFCF>0.7736208065544401</SFCF>
      <CFR>0.00049583577404659269</CFR>
      <CWH>0.10000000007308453</CWH>
      <CFGlacier>1</CFGlacier>
      <CFSlope>1</CFSlope>
      <FC>149.17942882001509</FC>
      <LP>0.75982693338758867</LP>
      <BETA>1.1592227540252753</BETA>
    </VegetationZoneParameters>
  </VegetationZone>
  <SubCatchment>
    <SubCatchmentParameters>
      <KSI>0.001</KSI>
      <KGmin>0.05</KGmin>
      <RangeKG>0.1</RangeKG>
      <AG>0.1</AG>
      <PERC>5.850942008604167</PERC>
      <Alpha>0</Alpha>
      <UZL>183.27827664054971</UZL>
      <K0>0.50889496048502258</K0>
      <K1>0.23880804387330523</K1>
      <K2>0.04273681236056226</K2>
      <MAXBAS>1.0048971134772529</MAXBAS>
      <Cet>0</Cet>
      <PCALT>10</PCALT>
      <TCALT>0.6</TCALT>
      <Pelev>3349</Pelev>
      <Telev>2921</Telev>
      <PART>0.5</PART>
      <DELAY>1</DELAY>
    </SubCatchmentParameters>
    <SubCatchmentVegetationZone>
      <SubCatchmentVegetationZoneParameters>
        <TT>-0.97159043990052751</TT>
        <CFMAX>2.1846177777264413</CFMAX>
        <SP>0</SP>
        <SFCF>0.7736208065544401</SFCF>
        <CFR>0.00049583577404659269</CFR>
        <CWH>0.10000000007308453</CWH>
        <CFGlacier>1</CFGlacier>
        <CFSlope>1</CFSlope>
        <FC>149.17942882001509</FC>
        <LP>0.75982693338758867</LP>
        <BETA>1.1592227540252753</BETA>
      </SubCatchmentVegetationZoneParameters>
    </SubCatchmentVegetationZone>
  </SubCatchment>
</Catchment>