<?xml version="1.0" encoding="utf-8"?>
<Catchment xmlns:xsi="http://www.w3.org/2001/XMLSchema-instance" xmlns:xsd="http://www.w3.org/2001/XMLSchema">
  <CatchmentParameters>
    <KSI>0.001</KSI>
    <KGmin>0.05</KGmin>
    <RangeKG>0.1</RangeKG>
    <AG>0.1</AG>
    <PERC>1.9851957490033774</PERC>
    <Alpha>0</Alpha>
    <UZL>124.9949521463502</UZL>
    <K0>0.4278449454622954</K0>
    <K1>0.11312779499806752</K1>
    <K2>0.010000005675981331</K2>
    <MAXBAS>1</MAXBAS>
    <Cet>0</Cet>
    <PCALT>10</PCALT>
    <TCALT>0.6</TCALT>
    <Pelev>3349</Pelev>
    <Telev>2921</Telev>
    <PART>0.5</PART>
    <DELAY>1</DELAY>
  </CatchmentParameters>
  <VegetationZone>
    <VegetationZoneParameters>
      <TT>-1.9159933181749647</TT>
      <CFMAX>2.920694053897535</CFMAX>
      <SP>0</SP>
      <SFCF>1.2402609827037423</SFCF>
      <CFR>3.7537713819535842E-09</CFR>
      <CWH>0.10000010094106364</CWH>
      <CFGlacier>1</CFGlacier>
      <CFSlope>1</CFSlope>
      <FC>2040.101232142272</FC>
      <LP>0.88167303307720746</LP>
      <BETA>2.0581858158903854</BETA>
    </VegetationZoneParameters>
  </VegetationZone>
  <SubCatchment>
    <SubCatchmentParameters>
      <KSI>0.001</KSI>
      <KGmin>0.05</KGmin>
      <RangeKG>0.1</RangeKG>
      <AG>0.1</AG>
      <PERC>1.9851957490033774</PERC>
      <Alpha>0</Alpha>
      <UZL>124.9949521463502</UZL>
      <K0>0.4278449454622954</K0>
      <K1>0.11312779499806752</K1>
      <K2>0.010000005675981331</K2>
      <MAXBAS>1</MAXBAS>
      <Cet>0</Cet>
      <PCALT>10</PCALT>
      <TCALT>0.6</TCALT>
      <Pelev>3349</Pelev>
      <Telev>2921</Telev>
      <PART>0.5</PART>
      <DELAY>1</DELAY>
    </SubCatchmentParameters>
    <SubCatchmentVegetationZone>
      <SubCatchmentVegetationZoneParameters>
        <TT>-1.9159933181749647</TT>
        <CFMAX>2.920694053897535</CFMAX>
        <SP>0</SP>
        <SFCF>1.2402609827037423</SFCF>
        <CFR>3.7537713819535842E-09</CFR>
        <CWH>0.10000010094106364</CWH>
        <CFGlacier>1</CFGlacier>
        <CFSlope>1</CFSlope>
        <FC>2040.101232142272</FC>
        <LP>0.88167303307720746</LP>
        <BETA>2.0581858158903854</BETA>
      </SubCatchmentVegetationZoneParameters>
    </SubCatchmentVegetationZone>
  </SubCatchment>
</Catchment>