<?xml version="1.0" encoding="utf-8"?>
<Catchment xmlns:xsi="http://www.w3.org/2001/XMLSchema-instance" xmlns:xsd="http://www.w3.org/2001/XMLSchema">
  <CatchmentParameters>
    <KSI>0.001</KSI>
    <KGmin>0.05</KGmin>
    <RangeKG>0.1</RangeKG>
    <AG>0.1</AG>
    <PERC>9.4839173146268632</PERC>
    <Alpha>0</Alpha>
    <UZL>18.118695854569779</UZL>
    <K0>0.14954098755973308</K0>
    <K1>0.11065805633269338</K1>
    <K2>0.046280682377315668</K2>
    <MAXBAS>1.0000499804060659</MAXBAS>
    <Cet>0</Cet>
    <PCALT>10</PCALT>
    <TCALT>0.6</TCALT>
    <Pelev>3349</Pelev>
    <Telev>2921</Telev>
    <PART>0.5</PART>
    <DELAY>1</DELAY>
  </CatchmentParameters>
  <VegetationZone>
    <VegetationZoneParameters>
      <TT>-1.3521540544251771</TT>
      <CFMAX>3.4862921284882828</CFMAX>
      <SP>0</SP>
      <SFCF>0.90904277278605561</SFCF>
      <CFR>0.017839823299330811</CFR>
      <CWH>0.19999991636748418</CWH>
      <CFGlacier>1</CFGlacier>
      <CFSlope>1</CFSlope>
      <FC>454.22690652883063</FC>
      <LP>0.99999865870050975</LP>
      <BETA>1.0470921455459192</BETA>
    </VegetationZoneParameters>
  </VegetationZone>
  <SubCatchment>
    <SubCatchmentParameters>
      <KSI>0.001</KSI>
      <KGmin>0.05</KGmin>
      <RangeKG>0.1</RangeKG>
      <AG>0.1</AG>
      <PERC>9.4839173146268632</PERC>
      <Alpha>0</Alpha>
      <UZL>18.118695854569779</UZL>
      <K0>0.14954098755973308</K0>
      <K1>0.11065805633269338</K1>
      <K2>0.046280682377315668</K2>
      <MAXBAS>1.0000499804060659</MAXBAS>
      <Cet>0</Cet>
      <PCALT>10</PCALT>
      <TCALT>0.6</TCALT>
      <Pelev>3349</Pelev>
      <Telev>2921</Telev>
      <PART>0.5</PART>
      <DELAY>1</DELAY>
    </SubCatchmentParameters>
    <SubCatchmentVegetationZone>
      <SubCatchmentVegetationZoneParameters>
        <TT>-1.3521540544251771</TT>
        <CFMAX>3.4862921284882828</CFMAX>
        <SP>0</SP>
        <SFCF>0.90904277278605561</SFCF>
        <CFR>0.017839823299330811</CFR>
        <CWH>0.19999991636748418</CWH>
        <CFGlacier>1</CFGlacier>
        <CFSlope>1</CFSlope>
        <FC>454.22690652883063</FC>
        <LP>0.99999865870050975</LP>
        <BETA>1.0470921455459192</BETA>
      </SubCatchmentVegetationZoneParameters>
    </SubCatchmentVegetationZone>
  </SubCatchment>
</Catchment>