<?xml version="1.0" encoding="utf-8"?>
<Catchment xmlns:xsi="http://www.w3.org/2001/XMLSchema-instance" xmlns:xsd="http://www.w3.org/2001/XMLSchema">
  <CatchmentParameters>
    <KSI>0.001</KSI>
    <KGmin>0.05</KGmin>
    <RangeKG>0.1</RangeKG>
    <AG>0.1</AG>
    <PERC>7.311524259328233</PERC>
    <Alpha>0</Alpha>
    <UZL>128.81634052894344</UZL>
    <K0>0.11575748925717817</K0>
    <K1>0.28838744529642169</K1>
    <K2>0.072605845034055719</K2>
    <MAXBAS>1.0000637177701193</MAXBAS>
    <Cet>0</Cet>
    <PCALT>10</PCALT>
    <TCALT>0.6</TCALT>
    <Pelev>3349</Pelev>
    <Telev>2921</Telev>
    <PART>0.5</PART>
    <DELAY>1</DELAY>
  </CatchmentParameters>
  <VegetationZone>
    <VegetationZoneParameters>
      <TT>0.0020069687126935505</TT>
      <CFMAX>3.2161378786716606</CFMAX>
      <SP>0</SP>
      <SFCF>0.88218931272797774</SFCF>
      <CFR>0.00021897215615574849</CFR>
      <CWH>0.10000015632459544</CWH>
      <CFGlacier>1</CFGlacier>
      <CFSlope>1</CFSlope>
      <FC>999.99354394226759</FC>
      <LP>0.99999852095332109</LP>
      <BETA>1.0000010968877344</BETA>
    </VegetationZoneParameters>
  </VegetationZone>
  <SubCatchment>
    <SubCatchmentParameters>
      <KSI>0.001</KSI>
      <KGmin>0.05</KGmin>
      <RangeKG>0.1</RangeKG>
      <AG>0.1</AG>
      <PERC>7.311524259328233</PERC>
      <Alpha>0</Alpha>
      <UZL>128.81634052894344</UZL>
      <K0>0.11575748925717817</K0>
      <K1>0.28838744529642169</K1>
      <K2>0.072605845034055719</K2>
      <MAXBAS>1.0000637177701193</MAXBAS>
      <Cet>0</Cet>
      <PCALT>10</PCALT>
      <TCALT>0.6</TCALT>
      <Pelev>3349</Pelev>
      <Telev>2921</Telev>
      <PART>0.5</PART>
      <DELAY>1</DELAY>
    </SubCatchmentParameters>
    <SubCatchmentVegetationZone>
      <SubCatchmentVegetationZoneParameters>
        <TT>0.0020069687126935505</TT>
        <CFMAX>3.2161378786716606</CFMAX>
        <SP>0</SP>
        <SFCF>0.88218931272797774</SFCF>
        <CFR>0.00021897215615574849</CFR>
        <CWH>0.10000015632459544</CWH>
        <CFGlacier>1</CFGlacier>
        <CFSlope>1</CFSlope>
        <FC>999.99354394226759</FC>
        <LP>0.99999852095332109</LP>
        <BETA>1.0000010968877344</BETA>
      </SubCatchmentVegetationZoneParameters>
    </SubCatchmentVegetationZone>
  </SubCatchment>
</Catchment>