<?xml version="1.0" encoding="utf-8"?>
<Catchment xmlns:xsi="http://www.w3.org/2001/XMLSchema-instance" xmlns:xsd="http://www.w3.org/2001/XMLSchema">
  <CatchmentParameters>
    <KSI>0.001</KSI>
    <KGmin>0.05</KGmin>
    <RangeKG>0.1</RangeKG>
    <AG>0.1</AG>
    <PERC>1.6779970996918263</PERC>
    <Alpha>0</Alpha>
    <UZL>56.088415065277</UZL>
    <K0>0.30853174518367393</K0>
    <K1>0.077382747068546823</K1>
    <K2>0.010002134538834783</K2>
    <MAXBAS>1</MAXBAS>
    <Cet>0</Cet>
    <PCALT>10</PCALT>
    <TCALT>0.6</TCALT>
    <Pelev>3349</Pelev>
    <Telev>2921</Telev>
    <PART>0.5</PART>
    <DELAY>1</DELAY>
  </CatchmentParameters>
  <VegetationZone>
    <VegetationZoneParameters>
      <TT>-1.9807176013948884</TT>
      <CFMAX>2.5638254115613623</CFMAX>
      <SP>0</SP>
      <SFCF>1.2006683532476143</SFCF>
      <CFR>3.7827366957191782E-08</CFR>
      <CWH>0.10000004188001894</CWH>
      <CFGlacier>1</CFGlacier>
      <CFSlope>1</CFSlope>
      <FC>1885.5995948840703</FC>
      <LP>0.837007859882876</LP>
      <BETA>1.5322835752090576</BETA>
    </VegetationZoneParameters>
  </VegetationZone>
  <SubCatchment>
    <SubCatchmentParameters>
      <KSI>0.001</KSI>
      <KGmin>0.05</KGmin>
      <RangeKG>0.1</RangeKG>
      <AG>0.1</AG>
      <PERC>1.6779970996918263</PERC>
      <Alpha>0</Alpha>
      <UZL>56.088415065277</UZL>
      <K0>0.30853174518367393</K0>
      <K1>0.077382747068546823</K1>
      <K2>0.010002134538834783</K2>
      <MAXBAS>1</MAXBAS>
      <Cet>0</Cet>
      <PCALT>10</PCALT>
      <TCALT>0.6</TCALT>
      <Pelev>3349</Pelev>
      <Telev>2921</Telev>
      <PART>0.5</PART>
      <DELAY>1</DELAY>
    </SubCatchmentParameters>
    <SubCatchmentVegetationZone>
      <SubCatchmentVegetationZoneParameters>
        <TT>-1.9807176013948884</TT>
        <CFMAX>2.5638254115613623</CFMAX>
        <SP>0</SP>
        <SFCF>1.2006683532476143</SFCF>
        <CFR>3.7827366957191782E-08</CFR>
        <CWH>0.10000004188001894</CWH>
        <CFGlacier>1</CFGlacier>
        <CFSlope>1</CFSlope>
        <FC>1885.5995948840703</FC>
        <LP>0.837007859882876</LP>
        <BETA>1.5322835752090576</BETA>
      </SubCatchmentVegetationZoneParameters>
    </SubCatchmentVegetationZone>
  </SubCatchment>
</Catchment>