<?xml version="1.0" encoding="utf-8"?>
<Catchment xmlns:xsi="http://www.w3.org/2001/XMLSchema-instance" xmlns:xsd="http://www.w3.org/2001/XMLSchema">
  <CatchmentParameters>
    <KSI>0.001</KSI>
    <KGmin>0.05</KGmin>
    <RangeKG>0.1</RangeKG>
    <AG>0.1</AG>
    <PERC>7.7232571418043365</PERC>
    <Alpha>0</Alpha>
    <UZL>47.882162449957981</UZL>
    <K0>0.59006943936228973</K0>
    <K1>0.30091680600956905</K1>
    <K2>0.061904280399346728</K2>
    <MAXBAS>1.0000001654487487</MAXBAS>
    <Cet>0</Cet>
    <PCALT>10</PCALT>
    <TCALT>0.6</TCALT>
    <Pelev>3349</Pelev>
    <Telev>2921</Telev>
    <PART>0.5</PART>
    <DELAY>1</DELAY>
  </CatchmentParameters>
  <VegetationZone>
    <VegetationZoneParameters>
      <TT>-0.48000204589249679</TT>
      <CFMAX>1.9655399527896504</CFMAX>
      <SP>0</SP>
      <SFCF>0.65180795780094514</SFCF>
      <CFR>0.015189092765820493</CFR>
      <CWH>0.11110004891095762</CWH>
      <CFGlacier>1</CFGlacier>
      <CFSlope>1</CFSlope>
      <FC>61.939245522144219</FC>
      <LP>0.5789411736985447</LP>
      <BETA>1.0000046199435464</BETA>
    </VegetationZoneParameters>
  </VegetationZone>
  <SubCatchment>
    <SubCatchmentParameters>
      <KSI>0.001</KSI>
      <KGmin>0.05</KGmin>
      <RangeKG>0.1</RangeKG>
      <AG>0.1</AG>
      <PERC>7.7232571418043365</PERC>
      <Alpha>0</Alpha>
      <UZL>47.882162449957981</UZL>
      <K0>0.59006943936228973</K0>
      <K1>0.30091680600956905</K1>
      <K2>0.061904280399346728</K2>
      <MAXBAS>1.0000001654487487</MAXBAS>
      <Cet>0</Cet>
      <PCALT>10</PCALT>
      <TCALT>0.6</TCALT>
      <Pelev>3349</Pelev>
      <Telev>2921</Telev>
      <PART>0.5</PART>
      <DELAY>1</DELAY>
    </SubCatchmentParameters>
    <SubCatchmentVegetationZone>
      <SubCatchmentVegetationZoneParameters>
        <TT>-0.48000204589249679</TT>
        <CFMAX>1.9655399527896504</CFMAX>
        <SP>0</SP>
        <SFCF>0.65180795780094514</SFCF>
        <CFR>0.015189092765820493</CFR>
        <CWH>0.11110004891095762</CWH>
        <CFGlacier>1</CFGlacier>
        <CFSlope>1</CFSlope>
        <FC>61.939245522144219</FC>
        <LP>0.5789411736985447</LP>
        <BETA>1.0000046199435464</BETA>
      </SubCatchmentVegetationZoneParameters>
    </SubCatchmentVegetationZone>
  </SubCatchment>
</Catchment>