<?xml version="1.0" encoding="utf-8"?>
<Catchment xmlns:xsi="http://www.w3.org/2001/XMLSchema-instance" xmlns:xsd="http://www.w3.org/2001/XMLSchema">
  <CatchmentParameters>
    <KSI>0.001</KSI>
    <KGmin>0.05</KGmin>
    <RangeKG>0.1</RangeKG>
    <AG>0.1</AG>
    <PERC>2.1308387068655885</PERC>
    <Alpha>0</Alpha>
    <UZL>53.450360986206228</UZL>
    <K0>0.24126826761863215</K0>
    <K1>0.0858575728238981</K1>
    <K2>0.010000000357231918</K2>
    <MAXBAS>1</MAXBAS>
    <Cet>0</Cet>
    <PCALT>10</PCALT>
    <TCALT>0.6</TCALT>
    <Pelev>3349</Pelev>
    <Telev>2921</Telev>
    <PART>0.5</PART>
    <DELAY>1</DELAY>
  </CatchmentParameters>
  <VegetationZone>
    <VegetationZoneParameters>
      <TT>-2.3980001491898939</TT>
      <CFMAX>2.5308287342610662</CFMAX>
      <SP>0</SP>
      <SFCF>1.2158424273824104</SFCF>
      <CFR>3.0149785847134643E-09</CFR>
      <CWH>0.10000001928645179</CWH>
      <CFGlacier>1</CFGlacier>
      <CFSlope>1</CFSlope>
      <FC>638.28218567994111</FC>
      <LP>0.570982393843918</LP>
      <BETA>1.1316096976747432</BETA>
    </VegetationZoneParameters>
  </VegetationZone>
  <SubCatchment>
    <SubCatchmentParameters>
      <KSI>0.001</KSI>
      <KGmin>0.05</KGmin>
      <RangeKG>0.1</RangeKG>
      <AG>0.1</AG>
      <PERC>2.1308387068655885</PERC>
      <Alpha>0</Alpha>
      <UZL>53.450360986206228</UZL>
      <K0>0.24126826761863215</K0>
      <K1>0.0858575728238981</K1>
      <K2>0.010000000357231918</K2>
      <MAXBAS>1</MAXBAS>
      <Cet>0</Cet>
      <PCALT>10</PCALT>
      <TCALT>0.6</TCALT>
      <Pelev>3349</Pelev>
      <Telev>2921</Telev>
      <PART>0.5</PART>
      <DELAY>1</DELAY>
    </SubCatchmentParameters>
    <SubCatchmentVegetationZone>
      <SubCatchmentVegetationZoneParameters>
        <TT>-2.3980001491898939</TT>
        <CFMAX>2.5308287342610662</CFMAX>
        <SP>0</SP>
        <SFCF>1.2158424273824104</SFCF>
        <CFR>3.0149785847134643E-09</CFR>
        <CWH>0.10000001928645179</CWH>
        <CFGlacier>1</CFGlacier>
        <CFSlope>1</CFSlope>
        <FC>638.28218567994111</FC>
        <LP>0.570982393843918</LP>
        <BETA>1.1316096976747432</BETA>
      </SubCatchmentVegetationZoneParameters>
    </SubCatchmentVegetationZone>
  </SubCatchment>
</Catchment>