<?xml version="1.0" encoding="utf-8"?>
<Catchment xmlns:xsi="http://www.w3.org/2001/XMLSchema-instance" xmlns:xsd="http://www.w3.org/2001/XMLSchema">
  <CatchmentParameters>
    <KSI>0.001</KSI>
    <KGmin>0.05</KGmin>
    <RangeKG>0.1</RangeKG>
    <AG>0.1</AG>
    <PERC>9.9998974794123612</PERC>
    <Alpha>0</Alpha>
    <UZL>103.32750102360865</UZL>
    <K0>0.57480518419029192</K0>
    <K1>0.12939858735445259</K1>
    <K2>0.037916265070347545</K2>
    <MAXBAS>1.004787129659555</MAXBAS>
    <Cet>0</Cet>
    <PCALT>10</PCALT>
    <TCALT>0.6</TCALT>
    <Pelev>3349</Pelev>
    <Telev>2921</Telev>
    <PART>0.5</PART>
    <DELAY>1</DELAY>
  </CatchmentParameters>
  <VegetationZone>
    <VegetationZoneParameters>
      <TT>-0.44479869917650255</TT>
      <CFMAX>4.1104107044838125</CFMAX>
      <SP>0</SP>
      <SFCF>0.7988327381605429</SFCF>
      <CFR>0.077535993337480458</CFR>
      <CWH>0.18153601087312563</CWH>
      <CFGlacier>1</CFGlacier>
      <CFSlope>1</CFSlope>
      <FC>188.41158473780521</FC>
      <LP>0.99999812921715991</LP>
      <BETA>1.0000014892831177</BETA>
    </VegetationZoneParameters>
  </VegetationZone>
  <SubCatchment>
    <SubCatchmentParameters>
      <KSI>0.001</KSI>
      <KGmin>0.05</KGmin>
      <RangeKG>0.1</RangeKG>
      <AG>0.1</AG>
      <PERC>9.9998974794123612</PERC>
      <Alpha>0</Alpha>
      <UZL>103.32750102360865</UZL>
      <K0>0.57480518419029192</K0>
      <K1>0.12939858735445259</K1>
      <K2>0.037916265070347545</K2>
      <MAXBAS>1.004787129659555</MAXBAS>
      <Cet>0</Cet>
      <PCALT>10</PCALT>
      <TCALT>0.6</TCALT>
      <Pelev>3349</Pelev>
      <Telev>2921</Telev>
      <PART>0.5</PART>
      <DELAY>1</DELAY>
    </SubCatchmentParameters>
    <SubCatchmentVegetationZone>
      <SubCatchmentVegetationZoneParameters>
        <TT>-0.44479869917650255</TT>
        <CFMAX>4.1104107044838125</CFMAX>
        <SP>0</SP>
        <SFCF>0.7988327381605429</SFCF>
        <CFR>0.077535993337480458</CFR>
        <CWH>0.18153601087312563</CWH>
        <CFGlacier>1</CFGlacier>
        <CFSlope>1</CFSlope>
        <FC>188.41158473780521</FC>
        <LP>0.99999812921715991</LP>
        <BETA>1.0000014892831177</BETA>
      </SubCatchmentVegetationZoneParameters>
    </SubCatchmentVegetationZone>
  </SubCatchment>
</Catchment>