<?xml version="1.0" encoding="utf-8"?>
<Catchment xmlns:xsi="http://www.w3.org/2001/XMLSchema-instance" xmlns:xsd="http://www.w3.org/2001/XMLSchema">
  <CatchmentParameters>
    <KSI>0.001</KSI>
    <KGmin>0.05</KGmin>
    <RangeKG>0.1</RangeKG>
    <AG>0.1</AG>
    <PERC>6.1358122907194073</PERC>
    <Alpha>0</Alpha>
    <UZL>184.09329904708966</UZL>
    <K0>0.35148786774308027</K0>
    <K1>0.24164054660195822</K1>
    <K2>0.059052849612562353</K2>
    <MAXBAS>1.0048695483029762</MAXBAS>
    <Cet>0</Cet>
    <PCALT>10</PCALT>
    <TCALT>0.6</TCALT>
    <Pelev>3349</Pelev>
    <Telev>2921</Telev>
    <PART>0.5</PART>
    <DELAY>1</DELAY>
  </CatchmentParameters>
  <VegetationZone>
    <VegetationZoneParameters>
      <TT>-0.54363438068610348</TT>
      <CFMAX>3.1108458446975051</CFMAX>
      <SP>0</SP>
      <SFCF>0.97277018100753887</SFCF>
      <CFR>0.011306952483776486</CFR>
      <CWH>0.10000041724862976</CWH>
      <CFGlacier>1</CFGlacier>
      <CFSlope>1</CFSlope>
      <FC>999.99715700700938</FC>
      <LP>0.89706467861705941</LP>
      <BETA>1.000001222447221</BETA>
    </VegetationZoneParameters>
  </VegetationZone>
  <SubCatchment>
    <SubCatchmentParameters>
      <KSI>0.001</KSI>
      <KGmin>0.05</KGmin>
      <RangeKG>0.1</RangeKG>
      <AG>0.1</AG>
      <PERC>6.1358122907194073</PERC>
      <Alpha>0</Alpha>
      <UZL>184.09329904708966</UZL>
      <K0>0.35148786774308027</K0>
      <K1>0.24164054660195822</K1>
      <K2>0.059052849612562353</K2>
      <MAXBAS>1.0048695483029762</MAXBAS>
      <Cet>0</Cet>
      <PCALT>10</PCALT>
      <TCALT>0.6</TCALT>
      <Pelev>3349</Pelev>
      <Telev>2921</Telev>
      <PART>0.5</PART>
      <DELAY>1</DELAY>
    </SubCatchmentParameters>
    <SubCatchmentVegetationZone>
      <SubCatchmentVegetationZoneParameters>
        <TT>-0.54363438068610348</TT>
        <CFMAX>3.1108458446975051</CFMAX>
        <SP>0</SP>
        <SFCF>0.97277018100753887</SFCF>
        <CFR>0.011306952483776486</CFR>
        <CWH>0.10000041724862976</CWH>
        <CFGlacier>1</CFGlacier>
        <CFSlope>1</CFSlope>
        <FC>999.99715700700938</FC>
        <LP>0.89706467861705941</LP>
        <BETA>1.000001222447221</BETA>
      </SubCatchmentVegetationZoneParameters>
    </SubCatchmentVegetationZone>
  </SubCatchment>
</Catchment>