<?xml version="1.0" encoding="utf-8"?>
<Catchment xmlns:xsi="http://www.w3.org/2001/XMLSchema-instance" xmlns:xsd="http://www.w3.org/2001/XMLSchema">
  <CatchmentParameters>
    <KSI>0.001</KSI>
    <KGmin>0.05</KGmin>
    <RangeKG>0.1</RangeKG>
    <AG>0.1</AG>
    <PERC>4.3798011183423551</PERC>
    <Alpha>0</Alpha>
    <UZL>197.52817640653416</UZL>
    <K0>0.57219563117938121</K0>
    <K1>0.23293400090270103</K1>
    <K2>0.046228745518827996</K2>
    <MAXBAS>1.000111633119577</MAXBAS>
    <Cet>0</Cet>
    <PCALT>10</PCALT>
    <TCALT>0.6</TCALT>
    <Pelev>3349</Pelev>
    <Telev>2921</Telev>
    <PART>0.5</PART>
    <DELAY>1</DELAY>
  </CatchmentParameters>
  <VegetationZone>
    <VegetationZoneParameters>
      <TT>-0.57999975238849144</TT>
      <CFMAX>1.8584915801548498</CFMAX>
      <SP>0</SP>
      <SFCF>0.667269790412093</SFCF>
      <CFR>0.00027005239258965784</CFR>
      <CWH>0.10000001670451007</CWH>
      <CFGlacier>1</CFGlacier>
      <CFSlope>1</CFSlope>
      <FC>80.9111436146911</FC>
      <LP>0.75943331358476163</LP>
      <BETA>1.0000144274858351</BETA>
    </VegetationZoneParameters>
  </VegetationZone>
  <SubCatchment>
    <SubCatchmentParameters>
      <KSI>0.001</KSI>
      <KGmin>0.05</KGmin>
      <RangeKG>0.1</RangeKG>
      <AG>0.1</AG>
      <PERC>4.3798011183423551</PERC>
      <Alpha>0</Alpha>
      <UZL>197.52817640653416</UZL>
      <K0>0.57219563117938121</K0>
      <K1>0.23293400090270103</K1>
      <K2>0.046228745518827996</K2>
      <MAXBAS>1.000111633119577</MAXBAS>
      <Cet>0</Cet>
      <PCALT>10</PCALT>
      <TCALT>0.6</TCALT>
      <Pelev>3349</Pelev>
      <Telev>2921</Telev>
      <PART>0.5</PART>
      <DELAY>1</DELAY>
    </SubCatchmentParameters>
    <SubCatchmentVegetationZone>
      <SubCatchmentVegetationZoneParameters>
        <TT>-0.57999975238849144</TT>
        <CFMAX>1.8584915801548498</CFMAX>
        <SP>0</SP>
        <SFCF>0.667269790412093</SFCF>
        <CFR>0.00027005239258965784</CFR>
        <CWH>0.10000001670451007</CWH>
        <CFGlacier>1</CFGlacier>
        <CFSlope>1</CFSlope>
        <FC>80.9111436146911</FC>
        <LP>0.75943331358476163</LP>
        <BETA>1.0000144274858351</BETA>
      </SubCatchmentVegetationZoneParameters>
    </SubCatchmentVegetationZone>
  </SubCatchment>
</Catchment>