<?xml version="1.0" encoding="utf-8"?>
<Catchment xmlns:xsi="http://www.w3.org/2001/XMLSchema-instance" xmlns:xsd="http://www.w3.org/2001/XMLSchema">
  <CatchmentParameters>
    <KSI>0.001</KSI>
    <KGmin>0.05</KGmin>
    <RangeKG>0.1</RangeKG>
    <AG>0.1</AG>
    <PERC>1.636308861275</PERC>
    <Alpha>0</Alpha>
    <UZL>61.144964812213544</UZL>
    <K0>0.27641335291159247</K0>
    <K1>0.070015841732864542</K1>
    <K2>0.012420630683769127</K2>
    <MAXBAS>1</MAXBAS>
    <Cet>0</Cet>
    <PCALT>10</PCALT>
    <TCALT>0.6</TCALT>
    <Pelev>3349</Pelev>
    <Telev>2921</Telev>
    <PART>0.5</PART>
    <DELAY>1</DELAY>
  </CatchmentParameters>
  <VegetationZone>
    <VegetationZoneParameters>
      <TT>-1.8996211225342321</TT>
      <CFMAX>2.5110947979351126</CFMAX>
      <SP>0</SP>
      <SFCF>1.11020822715549</SFCF>
      <CFR>1.7957177924319055E-06</CFR>
      <CWH>0.10000000148154296</CWH>
      <CFGlacier>1</CFGlacier>
      <CFSlope>1</CFSlope>
      <FC>1871.2878275880557</FC>
      <LP>0.91648130749682943</LP>
      <BETA>1.3351674034430614</BETA>
    </VegetationZoneParameters>
  </VegetationZone>
  <SubCatchment>
    <SubCatchmentParameters>
      <KSI>0.001</KSI>
      <KGmin>0.05</KGmin>
      <RangeKG>0.1</RangeKG>
      <AG>0.1</AG>
      <PERC>1.636308861275</PERC>
      <Alpha>0</Alpha>
      <UZL>61.144964812213544</UZL>
      <K0>0.27641335291159247</K0>
      <K1>0.070015841732864542</K1>
      <K2>0.012420630683769127</K2>
      <MAXBAS>1</MAXBAS>
      <Cet>0</Cet>
      <PCALT>10</PCALT>
      <TCALT>0.6</TCALT>
      <Pelev>3349</Pelev>
      <Telev>2921</Telev>
      <PART>0.5</PART>
      <DELAY>1</DELAY>
    </SubCatchmentParameters>
    <SubCatchmentVegetationZone>
      <SubCatchmentVegetationZoneParameters>
        <TT>-1.8996211225342321</TT>
        <CFMAX>2.5110947979351126</CFMAX>
        <SP>0</SP>
        <SFCF>1.11020822715549</SFCF>
        <CFR>1.7957177924319055E-06</CFR>
        <CWH>0.10000000148154296</CWH>
        <CFGlacier>1</CFGlacier>
        <CFSlope>1</CFSlope>
        <FC>1871.2878275880557</FC>
        <LP>0.91648130749682943</LP>
        <BETA>1.3351674034430614</BETA>
      </SubCatchmentVegetationZoneParameters>
    </SubCatchmentVegetationZone>
  </SubCatchment>
</Catchment>