<?xml version="1.0" encoding="utf-8"?>
<Catchment xmlns:xsi="http://www.w3.org/2001/XMLSchema-instance" xmlns:xsd="http://www.w3.org/2001/XMLSchema">
  <CatchmentParameters>
    <KSI>0.001</KSI>
    <KGmin>0.05</KGmin>
    <RangeKG>0.1</RangeKG>
    <AG>0.1</AG>
    <PERC>7.5481955639756366</PERC>
    <Alpha>0</Alpha>
    <UZL>199.51415935194206</UZL>
    <K0>0.47565937335856717</K0>
    <K1>0.292428598511967</K1>
    <K2>0.064365325722700567</K2>
    <MAXBAS>1.0049726097338672</MAXBAS>
    <Cet>0</Cet>
    <PCALT>10</PCALT>
    <TCALT>0.6</TCALT>
    <Pelev>3349</Pelev>
    <Telev>2921</Telev>
    <PART>0.5</PART>
    <DELAY>1</DELAY>
  </CatchmentParameters>
  <VegetationZone>
    <VegetationZoneParameters>
      <TT>-0.64400010312273293</TT>
      <CFMAX>2.2345082107244516</CFMAX>
      <SP>0</SP>
      <SFCF>0.73885440382924172</SFCF>
      <CFR>0.00031202434558828796</CFR>
      <CWH>0.10000000649980291</CWH>
      <CFGlacier>1</CFGlacier>
      <CFSlope>1</CFSlope>
      <FC>146.40638591122058</FC>
      <LP>0.91099859915806158</LP>
      <BETA>1.0000149256088413</BETA>
    </VegetationZoneParameters>
  </VegetationZone>
  <SubCatchment>
    <SubCatchmentParameters>
      <KSI>0.001</KSI>
      <KGmin>0.05</KGmin>
      <RangeKG>0.1</RangeKG>
      <AG>0.1</AG>
      <PERC>7.5481955639756366</PERC>
      <Alpha>0</Alpha>
      <UZL>199.51415935194206</UZL>
      <K0>0.47565937335856717</K0>
      <K1>0.292428598511967</K1>
      <K2>0.064365325722700567</K2>
      <MAXBAS>1.0049726097338672</MAXBAS>
      <Cet>0</Cet>
      <PCALT>10</PCALT>
      <TCALT>0.6</TCALT>
      <Pelev>3349</Pelev>
      <Telev>2921</Telev>
      <PART>0.5</PART>
      <DELAY>1</DELAY>
    </SubCatchmentParameters>
    <SubCatchmentVegetationZone>
      <SubCatchmentVegetationZoneParameters>
        <TT>-0.64400010312273293</TT>
        <CFMAX>2.2345082107244516</CFMAX>
        <SP>0</SP>
        <SFCF>0.73885440382924172</SFCF>
        <CFR>0.00031202434558828796</CFR>
        <CWH>0.10000000649980291</CWH>
        <CFGlacier>1</CFGlacier>
        <CFSlope>1</CFSlope>
        <FC>146.40638591122058</FC>
        <LP>0.91099859915806158</LP>
        <BETA>1.0000149256088413</BETA>
      </SubCatchmentVegetationZoneParameters>
    </SubCatchmentVegetationZone>
  </SubCatchment>
</Catchment>