<?xml version="1.0" encoding="utf-8"?>
<Catchment xmlns:xsi="http://www.w3.org/2001/XMLSchema-instance" xmlns:xsd="http://www.w3.org/2001/XMLSchema">
  <CatchmentParameters>
    <KSI>0.001</KSI>
    <KGmin>0.05</KGmin>
    <RangeKG>0.1</RangeKG>
    <AG>0.1</AG>
    <PERC>1.7332594160078585</PERC>
    <Alpha>0</Alpha>
    <UZL>132.17136622273225</UZL>
    <K0>0.34955007031973867</K0>
    <K1>0.11182037383510332</K1>
    <K2>0.010000002842857826</K2>
    <MAXBAS>1</MAXBAS>
    <Cet>0</Cet>
    <PCALT>10</PCALT>
    <TCALT>0.6</TCALT>
    <Pelev>3349</Pelev>
    <Telev>2921</Telev>
    <PART>0.5</PART>
    <DELAY>1</DELAY>
  </CatchmentParameters>
  <VegetationZone>
    <VegetationZoneParameters>
      <TT>-1.5238326859137599</TT>
      <CFMAX>2.8588946566986748</CFMAX>
      <SP>0</SP>
      <SFCF>1.1606844506784475</SFCF>
      <CFR>5.3588052807045441E-09</CFR>
      <CWH>0.1000004187544349</CWH>
      <CFGlacier>1</CFGlacier>
      <CFSlope>1</CFSlope>
      <FC>2265.4833931089006</FC>
      <LP>0.897633010672934</LP>
      <BETA>1.7231938720515938</BETA>
    </VegetationZoneParameters>
  </VegetationZone>
  <SubCatchment>
    <SubCatchmentParameters>
      <KSI>0.001</KSI>
      <KGmin>0.05</KGmin>
      <RangeKG>0.1</RangeKG>
      <AG>0.1</AG>
      <PERC>1.7332594160078585</PERC>
      <Alpha>0</Alpha>
      <UZL>132.17136622273225</UZL>
      <K0>0.34955007031973867</K0>
      <K1>0.11182037383510332</K1>
      <K2>0.010000002842857826</K2>
      <MAXBAS>1</MAXBAS>
      <Cet>0</Cet>
      <PCALT>10</PCALT>
      <TCALT>0.6</TCALT>
      <Pelev>3349</Pelev>
      <Telev>2921</Telev>
      <PART>0.5</PART>
      <DELAY>1</DELAY>
    </SubCatchmentParameters>
    <SubCatchmentVegetationZone>
      <SubCatchmentVegetationZoneParameters>
        <TT>-1.5238326859137599</TT>
        <CFMAX>2.8588946566986748</CFMAX>
        <SP>0</SP>
        <SFCF>1.1606844506784475</SFCF>
        <CFR>5.3588052807045441E-09</CFR>
        <CWH>0.1000004187544349</CWH>
        <CFGlacier>1</CFGlacier>
        <CFSlope>1</CFSlope>
        <FC>2265.4833931089006</FC>
        <LP>0.897633010672934</LP>
        <BETA>1.7231938720515938</BETA>
      </SubCatchmentVegetationZoneParameters>
    </SubCatchmentVegetationZone>
  </SubCatchment>
</Catchment>