<?xml version="1.0" encoding="utf-8"?>
<Catchment xmlns:xsi="http://www.w3.org/2001/XMLSchema-instance" xmlns:xsd="http://www.w3.org/2001/XMLSchema">
  <CatchmentParameters>
    <KSI>0.001</KSI>
    <KGmin>0.05</KGmin>
    <RangeKG>0.1</RangeKG>
    <AG>0.1</AG>
    <PERC>1.525030459172011</PERC>
    <Alpha>0</Alpha>
    <UZL>113.98224151269972</UZL>
    <K0>0.48120691147708505</K0>
    <K1>0.046810940424692096</K1>
    <K2>0.010000002566768302</K2>
    <MAXBAS>1</MAXBAS>
    <Cet>0</Cet>
    <PCALT>10</PCALT>
    <TCALT>0.6</TCALT>
    <Pelev>3349</Pelev>
    <Telev>2921</Telev>
    <PART>0.5</PART>
    <DELAY>1</DELAY>
  </CatchmentParameters>
  <VegetationZone>
    <VegetationZoneParameters>
      <TT>-1.9999674951515709</TT>
      <CFMAX>3.4373380632306785</CFMAX>
      <SP>0</SP>
      <SFCF>1.1797235351462143</SFCF>
      <CFR>0.00042253014668383176</CFR>
      <CWH>0.1371442387089461</CWH>
      <CFGlacier>1</CFGlacier>
      <CFSlope>1</CFSlope>
      <FC>2235.4776307037932</FC>
      <LP>0.86213103698491667</LP>
      <BETA>1.4006256849232335</BETA>
    </VegetationZoneParameters>
  </VegetationZone>
  <SubCatchment>
    <SubCatchmentParameters>
      <KSI>0.001</KSI>
      <KGmin>0.05</KGmin>
      <RangeKG>0.1</RangeKG>
      <AG>0.1</AG>
      <PERC>1.525030459172011</PERC>
      <Alpha>0</Alpha>
      <UZL>113.98224151269972</UZL>
      <K0>0.48120691147708505</K0>
      <K1>0.046810940424692096</K1>
      <K2>0.010000002566768302</K2>
      <MAXBAS>1</MAXBAS>
      <Cet>0</Cet>
      <PCALT>10</PCALT>
      <TCALT>0.6</TCALT>
      <Pelev>3349</Pelev>
      <Telev>2921</Telev>
      <PART>0.5</PART>
      <DELAY>1</DELAY>
    </SubCatchmentParameters>
    <SubCatchmentVegetationZone>
      <SubCatchmentVegetationZoneParameters>
        <TT>-1.9999674951515709</TT>
        <CFMAX>3.4373380632306785</CFMAX>
        <SP>0</SP>
        <SFCF>1.1797235351462143</SFCF>
        <CFR>0.00042253014668383176</CFR>
        <CWH>0.1371442387089461</CWH>
        <CFGlacier>1</CFGlacier>
        <CFSlope>1</CFSlope>
        <FC>2235.4776307037932</FC>
        <LP>0.86213103698491667</LP>
        <BETA>1.4006256849232335</BETA>
      </SubCatchmentVegetationZoneParameters>
    </SubCatchmentVegetationZone>
  </SubCatchment>
</Catchment>