<?xml version="1.0" encoding="utf-8"?>
<Catchment xmlns:xsi="http://www.w3.org/2001/XMLSchema-instance" xmlns:xsd="http://www.w3.org/2001/XMLSchema">
  <CatchmentParameters>
    <KSI>0.001</KSI>
    <KGmin>0.05</KGmin>
    <RangeKG>0.1</RangeKG>
    <AG>0.1</AG>
    <PERC>9.9999776407146737</PERC>
    <Alpha>0</Alpha>
    <UZL>90.79116443521292</UZL>
    <K0>0.37119657152320429</K0>
    <K1>0.18291868351051505</K1>
    <K2>0.0421482195013247</K2>
    <MAXBAS>1.0001673625199796</MAXBAS>
    <Cet>0</Cet>
    <PCALT>10</PCALT>
    <TCALT>0.6</TCALT>
    <Pelev>3349</Pelev>
    <Telev>2921</Telev>
    <PART>0.5</PART>
    <DELAY>1</DELAY>
  </CatchmentParameters>
  <VegetationZone>
    <VegetationZoneParameters>
      <TT>-1.3066024406508494</TT>
      <CFMAX>3.4925103370185009</CFMAX>
      <SP>0</SP>
      <SFCF>0.86130319470626548</SFCF>
      <CFR>0.097414594858749676</CFR>
      <CWH>0.19999880747584531</CWH>
      <CFGlacier>1</CFGlacier>
      <CFSlope>1</CFSlope>
      <FC>319.7078882969347</FC>
      <LP>0.99999414961337207</LP>
      <BETA>1.0572581390915561</BETA>
    </VegetationZoneParameters>
  </VegetationZone>
  <SubCatchment>
    <SubCatchmentParameters>
      <KSI>0.001</KSI>
      <KGmin>0.05</KGmin>
      <RangeKG>0.1</RangeKG>
      <AG>0.1</AG>
      <PERC>9.9999776407146737</PERC>
      <Alpha>0</Alpha>
      <UZL>90.79116443521292</UZL>
      <K0>0.37119657152320429</K0>
      <K1>0.18291868351051505</K1>
      <K2>0.0421482195013247</K2>
      <MAXBAS>1.0001673625199796</MAXBAS>
      <Cet>0</Cet>
      <PCALT>10</PCALT>
      <TCALT>0.6</TCALT>
      <Pelev>3349</Pelev>
      <Telev>2921</Telev>
      <PART>0.5</PART>
      <DELAY>1</DELAY>
    </SubCatchmentParameters>
    <SubCatchmentVegetationZone>
      <SubCatchmentVegetationZoneParameters>
        <TT>-1.3066024406508494</TT>
        <CFMAX>3.4925103370185009</CFMAX>
        <SP>0</SP>
        <SFCF>0.86130319470626548</SFCF>
        <CFR>0.097414594858749676</CFR>
        <CWH>0.19999880747584531</CWH>
        <CFGlacier>1</CFGlacier>
        <CFSlope>1</CFSlope>
        <FC>319.7078882969347</FC>
        <LP>0.99999414961337207</LP>
        <BETA>1.0572581390915561</BETA>
      </SubCatchmentVegetationZoneParameters>
    </SubCatchmentVegetationZone>
  </SubCatchment>
</Catchment>