<?xml version="1.0" encoding="utf-8"?>
<Catchment xmlns:xsi="http://www.w3.org/2001/XMLSchema-instance" xmlns:xsd="http://www.w3.org/2001/XMLSchema">
  <CatchmentParameters>
    <KSI>0.001</KSI>
    <KGmin>0.05</KGmin>
    <RangeKG>0.1</RangeKG>
    <AG>0.1</AG>
    <PERC>1.5545089933811183</PERC>
    <Alpha>0</Alpha>
    <UZL>60.909533803497347</UZL>
    <K0>0.26969771405193504</K0>
    <K1>0.069818490551843845</K1>
    <K2>0.010000000308726612</K2>
    <MAXBAS>1</MAXBAS>
    <Cet>0</Cet>
    <PCALT>10</PCALT>
    <TCALT>0.6</TCALT>
    <Pelev>3349</Pelev>
    <Telev>2921</Telev>
    <PART>0.5</PART>
    <DELAY>1</DELAY>
  </CatchmentParameters>
  <VegetationZone>
    <VegetationZoneParameters>
      <TT>-1.9800507806528225</TT>
      <CFMAX>2.7635686049497088</CFMAX>
      <SP>0</SP>
      <SFCF>1.2370574706399957</SFCF>
      <CFR>0.00016495453538164649</CFR>
      <CWH>0.1000001191487917</CWH>
      <CFGlacier>1</CFGlacier>
      <CFSlope>1</CFSlope>
      <FC>2098.3899475617322</FC>
      <LP>0.79769120201093668</LP>
      <BETA>1.5365455164196704</BETA>
    </VegetationZoneParameters>
  </VegetationZone>
  <SubCatchment>
    <SubCatchmentParameters>
      <KSI>0.001</KSI>
      <KGmin>0.05</KGmin>
      <RangeKG>0.1</RangeKG>
      <AG>0.1</AG>
      <PERC>1.5545089933811183</PERC>
      <Alpha>0</Alpha>
      <UZL>60.909533803497347</UZL>
      <K0>0.26969771405193504</K0>
      <K1>0.069818490551843845</K1>
      <K2>0.010000000308726612</K2>
      <MAXBAS>1</MAXBAS>
      <Cet>0</Cet>
      <PCALT>10</PCALT>
      <TCALT>0.6</TCALT>
      <Pelev>3349</Pelev>
      <Telev>2921</Telev>
      <PART>0.5</PART>
      <DELAY>1</DELAY>
    </SubCatchmentParameters>
    <SubCatchmentVegetationZone>
      <SubCatchmentVegetationZoneParameters>
        <TT>-1.9800507806528225</TT>
        <CFMAX>2.7635686049497088</CFMAX>
        <SP>0</SP>
        <SFCF>1.2370574706399957</SFCF>
        <CFR>0.00016495453538164649</CFR>
        <CWH>0.1000001191487917</CWH>
        <CFGlacier>1</CFGlacier>
        <CFSlope>1</CFSlope>
        <FC>2098.3899475617322</FC>
        <LP>0.79769120201093668</LP>
        <BETA>1.5365455164196704</BETA>
      </SubCatchmentVegetationZoneParameters>
    </SubCatchmentVegetationZone>
  </SubCatchment>
</Catchment>