<?xml version="1.0" encoding="utf-8"?>
<Catchment xmlns:xsi="http://www.w3.org/2001/XMLSchema-instance" xmlns:xsd="http://www.w3.org/2001/XMLSchema">
  <CatchmentParameters>
    <KSI>0.001</KSI>
    <KGmin>0.05</KGmin>
    <RangeKG>0.1</RangeKG>
    <AG>0.1</AG>
    <PERC>1.7546179570129725</PERC>
    <Alpha>0</Alpha>
    <UZL>59.25458669145894</UZL>
    <K0>0.22085572806160975</K0>
    <K1>0.082255672505141333</K1>
    <K2>0.010000007291995594</K2>
    <MAXBAS>1</MAXBAS>
    <Cet>0</Cet>
    <PCALT>10</PCALT>
    <TCALT>0.6</TCALT>
    <Pelev>3349</Pelev>
    <Telev>2921</Telev>
    <PART>0.5</PART>
    <DELAY>1</DELAY>
  </CatchmentParameters>
  <VegetationZone>
    <VegetationZoneParameters>
      <TT>-0.76329279118327409</TT>
      <CFMAX>3.4633425805071729</CFMAX>
      <SP>0</SP>
      <SFCF>1.1738073430887654</SFCF>
      <CFR>3.9733969607022976E-08</CFR>
      <CWH>0.10000013168515257</CWH>
      <CFGlacier>1</CFGlacier>
      <CFSlope>1</CFSlope>
      <FC>2499.999983995292</FC>
      <LP>0.76236979754562006</LP>
      <BETA>1.2898864053683328</BETA>
    </VegetationZoneParameters>
  </VegetationZone>
  <SubCatchment>
    <SubCatchmentParameters>
      <KSI>0.001</KSI>
      <KGmin>0.05</KGmin>
      <RangeKG>0.1</RangeKG>
      <AG>0.1</AG>
      <PERC>1.7546179570129725</PERC>
      <Alpha>0</Alpha>
      <UZL>59.25458669145894</UZL>
      <K0>0.22085572806160975</K0>
      <K1>0.082255672505141333</K1>
      <K2>0.010000007291995594</K2>
      <MAXBAS>1</MAXBAS>
      <Cet>0</Cet>
      <PCALT>10</PCALT>
      <TCALT>0.6</TCALT>
      <Pelev>3349</Pelev>
      <Telev>2921</Telev>
      <PART>0.5</PART>
      <DELAY>1</DELAY>
    </SubCatchmentParameters>
    <SubCatchmentVegetationZone>
      <SubCatchmentVegetationZoneParameters>
        <TT>-0.76329279118327409</TT>
        <CFMAX>3.4633425805071729</CFMAX>
        <SP>0</SP>
        <SFCF>1.1738073430887654</SFCF>
        <CFR>3.9733969607022976E-08</CFR>
        <CWH>0.10000013168515257</CWH>
        <CFGlacier>1</CFGlacier>
        <CFSlope>1</CFSlope>
        <FC>2499.999983995292</FC>
        <LP>0.76236979754562006</LP>
        <BETA>1.2898864053683328</BETA>
      </SubCatchmentVegetationZoneParameters>
    </SubCatchmentVegetationZone>
  </SubCatchment>
</Catchment>