<?xml version="1.0" encoding="utf-8"?>
<Catchment xmlns:xsi="http://www.w3.org/2001/XMLSchema-instance" xmlns:xsd="http://www.w3.org/2001/XMLSchema">
  <CatchmentParameters>
    <KSI>0.001</KSI>
    <KGmin>0.05</KGmin>
    <RangeKG>0.1</RangeKG>
    <AG>0.1</AG>
    <PERC>1.144159123180627</PERC>
    <Alpha>0</Alpha>
    <UZL>134.9175993290759</UZL>
    <K0>0.12148594878207847</K0>
    <K1>0.037431041983327008</K1>
    <K2>0.010000007273768038</K2>
    <MAXBAS>1</MAXBAS>
    <Cet>0</Cet>
    <PCALT>10</PCALT>
    <TCALT>0.6</TCALT>
    <Pelev>3349</Pelev>
    <Telev>2921</Telev>
    <PART>0.5</PART>
    <DELAY>1</DELAY>
  </CatchmentParameters>
  <VegetationZone>
    <VegetationZoneParameters>
      <TT>-2.2439760667335342</TT>
      <CFMAX>3.8455756102597349</CFMAX>
      <SP>0</SP>
      <SFCF>1.265798030785239</SFCF>
      <CFR>0.00027808934317793076</CFR>
      <CWH>0.15365693862469149</CWH>
      <CFGlacier>1</CFGlacier>
      <CFSlope>1</CFSlope>
      <FC>1729.5363771705909</FC>
      <LP>0.91456515059371923</LP>
      <BETA>1.8532030072821653</BETA>
    </VegetationZoneParameters>
  </VegetationZone>
  <SubCatchment>
    <SubCatchmentParameters>
      <KSI>0.001</KSI>
      <KGmin>0.05</KGmin>
      <RangeKG>0.1</RangeKG>
      <AG>0.1</AG>
      <PERC>1.144159123180627</PERC>
      <Alpha>0</Alpha>
      <UZL>134.9175993290759</UZL>
      <K0>0.12148594878207847</K0>
      <K1>0.037431041983327008</K1>
      <K2>0.010000007273768038</K2>
      <MAXBAS>1</MAXBAS>
      <Cet>0</Cet>
      <PCALT>10</PCALT>
      <TCALT>0.6</TCALT>
      <Pelev>3349</Pelev>
      <Telev>2921</Telev>
      <PART>0.5</PART>
      <DELAY>1</DELAY>
    </SubCatchmentParameters>
    <SubCatchmentVegetationZone>
      <SubCatchmentVegetationZoneParameters>
        <TT>-2.2439760667335342</TT>
        <CFMAX>3.8455756102597349</CFMAX>
        <SP>0</SP>
        <SFCF>1.265798030785239</SFCF>
        <CFR>0.00027808934317793076</CFR>
        <CWH>0.15365693862469149</CWH>
        <CFGlacier>1</CFGlacier>
        <CFSlope>1</CFSlope>
        <FC>1729.5363771705909</FC>
        <LP>0.91456515059371923</LP>
        <BETA>1.8532030072821653</BETA>
      </SubCatchmentVegetationZoneParameters>
    </SubCatchmentVegetationZone>
  </SubCatchment>
</Catchment>