<?xml version="1.0" encoding="utf-8"?>
<Catchment xmlns:xsi="http://www.w3.org/2001/XMLSchema-instance" xmlns:xsd="http://www.w3.org/2001/XMLSchema">
  <CatchmentParameters>
    <KSI>0.001</KSI>
    <KGmin>0.05</KGmin>
    <RangeKG>0.1</RangeKG>
    <AG>0.1</AG>
    <PERC>5.259159774401799</PERC>
    <Alpha>0</Alpha>
    <UZL>158.3968224690021</UZL>
    <K0>0.19121765050902</K0>
    <K1>0.22698997995603013</K1>
    <K2>0.041104587066721494</K2>
    <MAXBAS>1.0047482022382706</MAXBAS>
    <Cet>0</Cet>
    <PCALT>10</PCALT>
    <TCALT>0.6</TCALT>
    <Pelev>3349</Pelev>
    <Telev>2921</Telev>
    <PART>0.5</PART>
    <DELAY>1</DELAY>
  </CatchmentParameters>
  <VegetationZone>
    <VegetationZoneParameters>
      <TT>-1.4800069652339374</TT>
      <CFMAX>1.871673083337795</CFMAX>
      <SP>0</SP>
      <SFCF>0.76936196877968366</SFCF>
      <CFR>0.000675093226893269</CFR>
      <CWH>0.12257388601061175</CWH>
      <CFGlacier>1</CFGlacier>
      <CFSlope>1</CFSlope>
      <FC>140.12946099138063</FC>
      <LP>0.72767130429551574</LP>
      <BETA>1.2713086126785007</BETA>
    </VegetationZoneParameters>
  </VegetationZone>
  <SubCatchment>
    <SubCatchmentParameters>
      <KSI>0.001</KSI>
      <KGmin>0.05</KGmin>
      <RangeKG>0.1</RangeKG>
      <AG>0.1</AG>
      <PERC>5.259159774401799</PERC>
      <Alpha>0</Alpha>
      <UZL>158.3968224690021</UZL>
      <K0>0.19121765050902</K0>
      <K1>0.22698997995603013</K1>
      <K2>0.041104587066721494</K2>
      <MAXBAS>1.0047482022382706</MAXBAS>
      <Cet>0</Cet>
      <PCALT>10</PCALT>
      <TCALT>0.6</TCALT>
      <Pelev>3349</Pelev>
      <Telev>2921</Telev>
      <PART>0.5</PART>
      <DELAY>1</DELAY>
    </SubCatchmentParameters>
    <SubCatchmentVegetationZone>
      <SubCatchmentVegetationZoneParameters>
        <TT>-1.4800069652339374</TT>
        <CFMAX>1.871673083337795</CFMAX>
        <SP>0</SP>
        <SFCF>0.76936196877968366</SFCF>
        <CFR>0.000675093226893269</CFR>
        <CWH>0.12257388601061175</CWH>
        <CFGlacier>1</CFGlacier>
        <CFSlope>1</CFSlope>
        <FC>140.12946099138063</FC>
        <LP>0.72767130429551574</LP>
        <BETA>1.2713086126785007</BETA>
      </SubCatchmentVegetationZoneParameters>
    </SubCatchmentVegetationZone>
  </SubCatchment>
</Catchment>