<?xml version="1.0" encoding="utf-8"?>
<Catchment xmlns:xsi="http://www.w3.org/2001/XMLSchema-instance" xmlns:xsd="http://www.w3.org/2001/XMLSchema">
  <CatchmentParameters>
    <KSI>0.001</KSI>
    <KGmin>0.05</KGmin>
    <RangeKG>0.1</RangeKG>
    <AG>0.1</AG>
    <PERC>7.1453455364882679</PERC>
    <Alpha>0</Alpha>
    <UZL>153.92771199881591</UZL>
    <K0>0.24943043471830734</K0>
    <K1>0.274335617533962</K1>
    <K2>0.051640400979091047</K2>
    <MAXBAS>1.0049597183559129</MAXBAS>
    <Cet>0</Cet>
    <PCALT>10</PCALT>
    <TCALT>0.6</TCALT>
    <Pelev>3349</Pelev>
    <Telev>2921</Telev>
    <PART>0.5</PART>
    <DELAY>1</DELAY>
  </CatchmentParameters>
  <VegetationZone>
    <VegetationZoneParameters>
      <TT>-0.57997801992852982</TT>
      <CFMAX>2.2767342906842996</CFMAX>
      <SP>0</SP>
      <SFCF>0.74660930938410974</SFCF>
      <CFR>0.00031114647722607668</CFR>
      <CWH>0.10000051270041348</CWH>
      <CFGlacier>1</CFGlacier>
      <CFSlope>1</CFSlope>
      <FC>130.96889876035658</FC>
      <LP>0.76540774221128782</LP>
      <BETA>1.0000018282592817</BETA>
    </VegetationZoneParameters>
  </VegetationZone>
  <SubCatchment>
    <SubCatchmentParameters>
      <KSI>0.001</KSI>
      <KGmin>0.05</KGmin>
      <RangeKG>0.1</RangeKG>
      <AG>0.1</AG>
      <PERC>7.1453455364882679</PERC>
      <Alpha>0</Alpha>
      <UZL>153.92771199881591</UZL>
      <K0>0.24943043471830734</K0>
      <K1>0.274335617533962</K1>
      <K2>0.051640400979091047</K2>
      <MAXBAS>1.0049597183559129</MAXBAS>
      <Cet>0</Cet>
      <PCALT>10</PCALT>
      <TCALT>0.6</TCALT>
      <Pelev>3349</Pelev>
      <Telev>2921</Telev>
      <PART>0.5</PART>
      <DELAY>1</DELAY>
    </SubCatchmentParameters>
    <SubCatchmentVegetationZone>
      <SubCatchmentVegetationZoneParameters>
        <TT>-0.57997801992852982</TT>
        <CFMAX>2.2767342906842996</CFMAX>
        <SP>0</SP>
        <SFCF>0.74660930938410974</SFCF>
        <CFR>0.00031114647722607668</CFR>
        <CWH>0.10000051270041348</CWH>
        <CFGlacier>1</CFGlacier>
        <CFSlope>1</CFSlope>
        <FC>130.96889876035658</FC>
        <LP>0.76540774221128782</LP>
        <BETA>1.0000018282592817</BETA>
      </SubCatchmentVegetationZoneParameters>
    </SubCatchmentVegetationZone>
  </SubCatchment>
</Catchment>