<?xml version="1.0" encoding="utf-8"?>
<Catchment xmlns:xsi="http://www.w3.org/2001/XMLSchema-instance" xmlns:xsd="http://www.w3.org/2001/XMLSchema">
  <CatchmentParameters>
    <KSI>0.001</KSI>
    <KGmin>0.05</KGmin>
    <RangeKG>0.1</RangeKG>
    <AG>0.1</AG>
    <PERC>5.8697646785367183</PERC>
    <Alpha>0</Alpha>
    <UZL>18.526232298940329</UZL>
    <K0>0.36422220531481148</K0>
    <K1>0.13026449955603126</K1>
    <K2>0.070222578802519448</K2>
    <MAXBAS>1.0001750483560439</MAXBAS>
    <Cet>0</Cet>
    <PCALT>10</PCALT>
    <TCALT>0.6</TCALT>
    <Pelev>3349</Pelev>
    <Telev>2921</Telev>
    <PART>0.5</PART>
    <DELAY>1</DELAY>
  </CatchmentParameters>
  <VegetationZone>
    <VegetationZoneParameters>
      <TT>-0.2653055576071236</TT>
      <CFMAX>2.97947242259261</CFMAX>
      <SP>0</SP>
      <SFCF>0.85298109523227728</SFCF>
      <CFR>0.00018728125283952685</CFR>
      <CWH>0.10000018159423423</CWH>
      <CFGlacier>1</CFGlacier>
      <CFSlope>1</CFSlope>
      <FC>575.12976924806208</FC>
      <LP>0.99999886444606123</LP>
      <BETA>1.0000004743488853</BETA>
    </VegetationZoneParameters>
  </VegetationZone>
  <SubCatchment>
    <SubCatchmentParameters>
      <KSI>0.001</KSI>
      <KGmin>0.05</KGmin>
      <RangeKG>0.1</RangeKG>
      <AG>0.1</AG>
      <PERC>5.8697646785367183</PERC>
      <Alpha>0</Alpha>
      <UZL>18.526232298940329</UZL>
      <K0>0.36422220531481148</K0>
      <K1>0.13026449955603126</K1>
      <K2>0.070222578802519448</K2>
      <MAXBAS>1.0001750483560439</MAXBAS>
      <Cet>0</Cet>
      <PCALT>10</PCALT>
      <TCALT>0.6</TCALT>
      <Pelev>3349</Pelev>
      <Telev>2921</Telev>
      <PART>0.5</PART>
      <DELAY>1</DELAY>
    </SubCatchmentParameters>
    <SubCatchmentVegetationZone>
      <SubCatchmentVegetationZoneParameters>
        <TT>-0.2653055576071236</TT>
        <CFMAX>2.97947242259261</CFMAX>
        <SP>0</SP>
        <SFCF>0.85298109523227728</SFCF>
        <CFR>0.00018728125283952685</CFR>
        <CWH>0.10000018159423423</CWH>
        <CFGlacier>1</CFGlacier>
        <CFSlope>1</CFSlope>
        <FC>575.12976924806208</FC>
        <LP>0.99999886444606123</LP>
        <BETA>1.0000004743488853</BETA>
      </SubCatchmentVegetationZoneParameters>
    </SubCatchmentVegetationZone>
  </SubCatchment>
</Catchment>