<?xml version="1.0" encoding="utf-8"?>
<Catchment xmlns:xsi="http://www.w3.org/2001/XMLSchema-instance" xmlns:xsd="http://www.w3.org/2001/XMLSchema">
  <CatchmentParameters>
    <KSI>0.001</KSI>
    <KGmin>0.05</KGmin>
    <RangeKG>0.1</RangeKG>
    <AG>0.1</AG>
    <PERC>9.9999954773778477</PERC>
    <Alpha>0</Alpha>
    <UZL>118.30435626878602</UZL>
    <K0>0.10460824792390021</K0>
    <K1>0.17213516269201704</K1>
    <K2>0.047820714091468153</K2>
    <MAXBAS>1.0000670683966093</MAXBAS>
    <Cet>0</Cet>
    <PCALT>10</PCALT>
    <TCALT>0.6</TCALT>
    <Pelev>3349</Pelev>
    <Telev>2921</Telev>
    <PART>0.5</PART>
    <DELAY>1</DELAY>
  </CatchmentParameters>
  <VegetationZone>
    <VegetationZoneParameters>
      <TT>-0.079999751740086528</TT>
      <CFMAX>4.9999946348877558</CFMAX>
      <SP>0</SP>
      <SFCF>0.94861011508411486</SFCF>
      <CFR>0.0001732115083667471</CFR>
      <CWH>0.19999708846082376</CWH>
      <CFGlacier>1</CFGlacier>
      <CFSlope>1</CFSlope>
      <FC>999.99674281908108</FC>
      <LP>0.999988982339833</LP>
      <BETA>1.1036825593790542</BETA>
    </VegetationZoneParameters>
  </VegetationZone>
  <SubCatchment>
    <SubCatchmentParameters>
      <KSI>0.001</KSI>
      <KGmin>0.05</KGmin>
      <RangeKG>0.1</RangeKG>
      <AG>0.1</AG>
      <PERC>9.9999954773778477</PERC>
      <Alpha>0</Alpha>
      <UZL>118.30435626878602</UZL>
      <K0>0.10460824792390021</K0>
      <K1>0.17213516269201704</K1>
      <K2>0.047820714091468153</K2>
      <MAXBAS>1.0000670683966093</MAXBAS>
      <Cet>0</Cet>
      <PCALT>10</PCALT>
      <TCALT>0.6</TCALT>
      <Pelev>3349</Pelev>
      <Telev>2921</Telev>
      <PART>0.5</PART>
      <DELAY>1</DELAY>
    </SubCatchmentParameters>
    <SubCatchmentVegetationZone>
      <SubCatchmentVegetationZoneParameters>
        <TT>-0.079999751740086528</TT>
        <CFMAX>4.9999946348877558</CFMAX>
        <SP>0</SP>
        <SFCF>0.94861011508411486</SFCF>
        <CFR>0.0001732115083667471</CFR>
        <CWH>0.19999708846082376</CWH>
        <CFGlacier>1</CFGlacier>
        <CFSlope>1</CFSlope>
        <FC>999.99674281908108</FC>
        <LP>0.999988982339833</LP>
        <BETA>1.1036825593790542</BETA>
      </SubCatchmentVegetationZoneParameters>
    </SubCatchmentVegetationZone>
  </SubCatchment>
</Catchment>