<?xml version="1.0" encoding="utf-8"?>
<Catchment xmlns:xsi="http://www.w3.org/2001/XMLSchema-instance" xmlns:xsd="http://www.w3.org/2001/XMLSchema">
  <CatchmentParameters>
    <KSI>0.001</KSI>
    <KGmin>0.05</KGmin>
    <RangeKG>0.1</RangeKG>
    <AG>0.1</AG>
    <PERC>2.3833922637156779</PERC>
    <Alpha>0</Alpha>
    <UZL>110.18969807047124</UZL>
    <K0>0.077660958772817867</K0>
    <K1>0.10829371481683994</K1>
    <K2>0.013208041617410573</K2>
    <MAXBAS>1</MAXBAS>
    <Cet>0</Cet>
    <PCALT>10</PCALT>
    <TCALT>0.6</TCALT>
    <Pelev>3349</Pelev>
    <Telev>2921</Telev>
    <PART>0.5</PART>
    <DELAY>1</DELAY>
  </CatchmentParameters>
  <VegetationZone>
    <VegetationZoneParameters>
      <TT>-1.9159860483866118</TT>
      <CFMAX>3.0295878078395142</CFMAX>
      <SP>0</SP>
      <SFCF>1.2562349151064343</SFCF>
      <CFR>5.0965783161824448E-08</CFR>
      <CWH>0.10000002678955376</CWH>
      <CFGlacier>1</CFGlacier>
      <CFSlope>1</CFSlope>
      <FC>2499.99329340987</FC>
      <LP>0.81519434061699669</LP>
      <BETA>1.7735513705922068</BETA>
    </VegetationZoneParameters>
  </VegetationZone>
  <SubCatchment>
    <SubCatchmentParameters>
      <KSI>0.001</KSI>
      <KGmin>0.05</KGmin>
      <RangeKG>0.1</RangeKG>
      <AG>0.1</AG>
      <PERC>2.3833922637156779</PERC>
      <Alpha>0</Alpha>
      <UZL>110.18969807047124</UZL>
      <K0>0.077660958772817867</K0>
      <K1>0.10829371481683994</K1>
      <K2>0.013208041617410573</K2>
      <MAXBAS>1</MAXBAS>
      <Cet>0</Cet>
      <PCALT>10</PCALT>
      <TCALT>0.6</TCALT>
      <Pelev>3349</Pelev>
      <Telev>2921</Telev>
      <PART>0.5</PART>
      <DELAY>1</DELAY>
    </SubCatchmentParameters>
    <SubCatchmentVegetationZone>
      <SubCatchmentVegetationZoneParameters>
        <TT>-1.9159860483866118</TT>
        <CFMAX>3.0295878078395142</CFMAX>
        <SP>0</SP>
        <SFCF>1.2562349151064343</SFCF>
        <CFR>5.0965783161824448E-08</CFR>
        <CWH>0.10000002678955376</CWH>
        <CFGlacier>1</CFGlacier>
        <CFSlope>1</CFSlope>
        <FC>2499.99329340987</FC>
        <LP>0.81519434061699669</LP>
        <BETA>1.7735513705922068</BETA>
      </SubCatchmentVegetationZoneParameters>
    </SubCatchmentVegetationZone>
  </SubCatchment>
</Catchment>