<?xml version="1.0" encoding="utf-8"?>
<Catchment xmlns:xsi="http://www.w3.org/2001/XMLSchema-instance" xmlns:xsd="http://www.w3.org/2001/XMLSchema">
  <CatchmentParameters>
    <KSI>0.001</KSI>
    <KGmin>0.05</KGmin>
    <RangeKG>0.1</RangeKG>
    <AG>0.1</AG>
    <PERC>9.9999916326108949</PERC>
    <Alpha>0</Alpha>
    <UZL>89.5739338235173</UZL>
    <K0>0.33875260226604442</K0>
    <K1>0.17281331302960742</K1>
    <K2>0.04128201423784101</K2>
    <MAXBAS>1.0000003750098008</MAXBAS>
    <Cet>0</Cet>
    <PCALT>10</PCALT>
    <TCALT>0.6</TCALT>
    <Pelev>3349</Pelev>
    <Telev>2921</Telev>
    <PART>0.5</PART>
    <DELAY>1</DELAY>
  </CatchmentParameters>
  <VegetationZone>
    <VegetationZoneParameters>
      <TT>-1.0369191535921485</TT>
      <CFMAX>3.5719956923264284</CFMAX>
      <SP>0</SP>
      <SFCF>0.81227064356283674</SFCF>
      <CFR>0.099999248732964938</CFR>
      <CWH>0.19999960854641427</CWH>
      <CFGlacier>1</CFGlacier>
      <CFSlope>1</CFSlope>
      <FC>240.35875022004126</FC>
      <LP>0.99999231763727148</LP>
      <BETA>1.0000610447260063</BETA>
    </VegetationZoneParameters>
  </VegetationZone>
  <SubCatchment>
    <SubCatchmentParameters>
      <KSI>0.001</KSI>
      <KGmin>0.05</KGmin>
      <RangeKG>0.1</RangeKG>
      <AG>0.1</AG>
      <PERC>9.9999916326108949</PERC>
      <Alpha>0</Alpha>
      <UZL>89.5739338235173</UZL>
      <K0>0.33875260226604442</K0>
      <K1>0.17281331302960742</K1>
      <K2>0.04128201423784101</K2>
      <MAXBAS>1.0000003750098008</MAXBAS>
      <Cet>0</Cet>
      <PCALT>10</PCALT>
      <TCALT>0.6</TCALT>
      <Pelev>3349</Pelev>
      <Telev>2921</Telev>
      <PART>0.5</PART>
      <DELAY>1</DELAY>
    </SubCatchmentParameters>
    <SubCatchmentVegetationZone>
      <SubCatchmentVegetationZoneParameters>
        <TT>-1.0369191535921485</TT>
        <CFMAX>3.5719956923264284</CFMAX>
        <SP>0</SP>
        <SFCF>0.81227064356283674</SFCF>
        <CFR>0.099999248732964938</CFR>
        <CWH>0.19999960854641427</CWH>
        <CFGlacier>1</CFGlacier>
        <CFSlope>1</CFSlope>
        <FC>240.35875022004126</FC>
        <LP>0.99999231763727148</LP>
        <BETA>1.0000610447260063</BETA>
      </SubCatchmentVegetationZoneParameters>
    </SubCatchmentVegetationZone>
  </SubCatchment>
</Catchment>