<?xml version="1.0" encoding="utf-8"?>
<Catchment xmlns:xsi="http://www.w3.org/2001/XMLSchema-instance" xmlns:xsd="http://www.w3.org/2001/XMLSchema">
  <CatchmentParameters>
    <KSI>0.001</KSI>
    <KGmin>0.05</KGmin>
    <RangeKG>0.1</RangeKG>
    <AG>0.1</AG>
    <PERC>9.8108899570456245</PERC>
    <Alpha>0</Alpha>
    <UZL>135.38437117078831</UZL>
    <K0>0.47178034335788127</K0>
    <K1>0.1544252639152732</K1>
    <K2>0.043166754907035046</K2>
    <MAXBAS>1.0001013384055115</MAXBAS>
    <Cet>0</Cet>
    <PCALT>10</PCALT>
    <TCALT>0.6</TCALT>
    <Pelev>3349</Pelev>
    <Telev>2921</Telev>
    <PART>0.5</PART>
    <DELAY>1</DELAY>
  </CatchmentParameters>
  <VegetationZone>
    <VegetationZoneParameters>
      <TT>-0.54517018919992277</TT>
      <CFMAX>4.2931209562076456</CFMAX>
      <SP>0</SP>
      <SFCF>0.905858790931407</SFCF>
      <CFR>0.00024705735522373125</CFR>
      <CWH>0.19999682616081516</CWH>
      <CFGlacier>1</CFGlacier>
      <CFSlope>1</CFSlope>
      <FC>459.62056435085577</FC>
      <LP>0.9999968376045536</LP>
      <BETA>1.0000000072847148</BETA>
    </VegetationZoneParameters>
  </VegetationZone>
  <SubCatchment>
    <SubCatchmentParameters>
      <KSI>0.001</KSI>
      <KGmin>0.05</KGmin>
      <RangeKG>0.1</RangeKG>
      <AG>0.1</AG>
      <PERC>9.8108899570456245</PERC>
      <Alpha>0</Alpha>
      <UZL>135.38437117078831</UZL>
      <K0>0.47178034335788127</K0>
      <K1>0.1544252639152732</K1>
      <K2>0.043166754907035046</K2>
      <MAXBAS>1.0001013384055115</MAXBAS>
      <Cet>0</Cet>
      <PCALT>10</PCALT>
      <TCALT>0.6</TCALT>
      <Pelev>3349</Pelev>
      <Telev>2921</Telev>
      <PART>0.5</PART>
      <DELAY>1</DELAY>
    </SubCatchmentParameters>
    <SubCatchmentVegetationZone>
      <SubCatchmentVegetationZoneParameters>
        <TT>-0.54517018919992277</TT>
        <CFMAX>4.2931209562076456</CFMAX>
        <SP>0</SP>
        <SFCF>0.905858790931407</SFCF>
        <CFR>0.00024705735522373125</CFR>
        <CWH>0.19999682616081516</CWH>
        <CFGlacier>1</CFGlacier>
        <CFSlope>1</CFSlope>
        <FC>459.62056435085577</FC>
        <LP>0.9999968376045536</LP>
        <BETA>1.0000000072847148</BETA>
      </SubCatchmentVegetationZoneParameters>
    </SubCatchmentVegetationZone>
  </SubCatchment>
</Catchment>