<?xml version="1.0" encoding="utf-8"?>
<Catchment xmlns:xsi="http://www.w3.org/2001/XMLSchema-instance" xmlns:xsd="http://www.w3.org/2001/XMLSchema">
  <CatchmentParameters>
    <KSI>0.001</KSI>
    <KGmin>0.05</KGmin>
    <RangeKG>0.1</RangeKG>
    <AG>0.1</AG>
    <PERC>1.5179748595897113</PERC>
    <Alpha>0</Alpha>
    <UZL>160.64724927430541</UZL>
    <K0>0.2303328614436021</K0>
    <K1>0.043379054721389546</K1>
    <K2>0.010000000840054138</K2>
    <MAXBAS>1</MAXBAS>
    <Cet>0</Cet>
    <PCALT>10</PCALT>
    <TCALT>0.6</TCALT>
    <Pelev>3349</Pelev>
    <Telev>2921</Telev>
    <PART>0.5</PART>
    <DELAY>1</DELAY>
  </CatchmentParameters>
  <VegetationZone>
    <VegetationZoneParameters>
      <TT>-2.2439998712039153</TT>
      <CFMAX>4.2181680985225993</CFMAX>
      <SP>0</SP>
      <SFCF>1.3558390789221611</SFCF>
      <CFR>2.6861042848598355E-07</CFR>
      <CWH>0.10000068667521467</CWH>
      <CFGlacier>1</CFGlacier>
      <CFSlope>1</CFSlope>
      <FC>1735.7852971379941</FC>
      <LP>0.8651168217045283</LP>
      <BETA>2.3309919293464163</BETA>
    </VegetationZoneParameters>
  </VegetationZone>
  <SubCatchment>
    <SubCatchmentParameters>
      <KSI>0.001</KSI>
      <KGmin>0.05</KGmin>
      <RangeKG>0.1</RangeKG>
      <AG>0.1</AG>
      <PERC>1.5179748595897113</PERC>
      <Alpha>0</Alpha>
      <UZL>160.64724927430541</UZL>
      <K0>0.2303328614436021</K0>
      <K1>0.043379054721389546</K1>
      <K2>0.010000000840054138</K2>
      <MAXBAS>1</MAXBAS>
      <Cet>0</Cet>
      <PCALT>10</PCALT>
      <TCALT>0.6</TCALT>
      <Pelev>3349</Pelev>
      <Telev>2921</Telev>
      <PART>0.5</PART>
      <DELAY>1</DELAY>
    </SubCatchmentParameters>
    <SubCatchmentVegetationZone>
      <SubCatchmentVegetationZoneParameters>
        <TT>-2.2439998712039153</TT>
        <CFMAX>4.2181680985225993</CFMAX>
        <SP>0</SP>
        <SFCF>1.3558390789221611</SFCF>
        <CFR>2.6861042848598355E-07</CFR>
        <CWH>0.10000068667521467</CWH>
        <CFGlacier>1</CFGlacier>
        <CFSlope>1</CFSlope>
        <FC>1735.7852971379941</FC>
        <LP>0.8651168217045283</LP>
        <BETA>2.3309919293464163</BETA>
      </SubCatchmentVegetationZoneParameters>
    </SubCatchmentVegetationZone>
  </SubCatchment>
</Catchment>