<?xml version="1.0" encoding="utf-8"?>
<Catchment xmlns:xsi="http://www.w3.org/2001/XMLSchema-instance" xmlns:xsd="http://www.w3.org/2001/XMLSchema">
  <CatchmentParameters>
    <KSI>0.001</KSI>
    <KGmin>0.05</KGmin>
    <RangeKG>0.1</RangeKG>
    <AG>0.1</AG>
    <PERC>9.9999431809250119</PERC>
    <Alpha>0</Alpha>
    <UZL>78.939523500290349</UZL>
    <K0>0.44192535774528857</K0>
    <K1>0.1763739392864502</K1>
    <K2>0.040967840133239876</K2>
    <MAXBAS>1.0002594619640821</MAXBAS>
    <Cet>0</Cet>
    <PCALT>10</PCALT>
    <TCALT>0.6</TCALT>
    <Pelev>3349</Pelev>
    <Telev>2921</Telev>
    <PART>0.5</PART>
    <DELAY>1</DELAY>
  </CatchmentParameters>
  <VegetationZone>
    <VegetationZoneParameters>
      <TT>-1.0439973473237039</TT>
      <CFMAX>3.4079781704247503</CFMAX>
      <SP>0</SP>
      <SFCF>0.78939267704761651</SFCF>
      <CFR>0.099996923515247249</CFR>
      <CWH>0.19999893121629314</CWH>
      <CFGlacier>1</CFGlacier>
      <CFSlope>1</CFSlope>
      <FC>202.79387497824828</FC>
      <LP>0.99998410013524586</LP>
      <BETA>1.0000233695198209</BETA>
    </VegetationZoneParameters>
  </VegetationZone>
  <SubCatchment>
    <SubCatchmentParameters>
      <KSI>0.001</KSI>
      <KGmin>0.05</KGmin>
      <RangeKG>0.1</RangeKG>
      <AG>0.1</AG>
      <PERC>9.9999431809250119</PERC>
      <Alpha>0</Alpha>
      <UZL>78.939523500290349</UZL>
      <K0>0.44192535774528857</K0>
      <K1>0.1763739392864502</K1>
      <K2>0.040967840133239876</K2>
      <MAXBAS>1.0002594619640821</MAXBAS>
      <Cet>0</Cet>
      <PCALT>10</PCALT>
      <TCALT>0.6</TCALT>
      <Pelev>3349</Pelev>
      <Telev>2921</Telev>
      <PART>0.5</PART>
      <DELAY>1</DELAY>
    </SubCatchmentParameters>
    <SubCatchmentVegetationZone>
      <SubCatchmentVegetationZoneParameters>
        <TT>-1.0439973473237039</TT>
        <CFMAX>3.4079781704247503</CFMAX>
        <SP>0</SP>
        <SFCF>0.78939267704761651</SFCF>
        <CFR>0.099996923515247249</CFR>
        <CWH>0.19999893121629314</CWH>
        <CFGlacier>1</CFGlacier>
        <CFSlope>1</CFSlope>
        <FC>202.79387497824828</FC>
        <LP>0.99998410013524586</LP>
        <BETA>1.0000233695198209</BETA>
      </SubCatchmentVegetationZoneParameters>
    </SubCatchmentVegetationZone>
  </SubCatchment>
</Catchment>