<?xml version="1.0" encoding="utf-8"?>
<Catchment xmlns:xsi="http://www.w3.org/2001/XMLSchema-instance" xmlns:xsd="http://www.w3.org/2001/XMLSchema">
  <CatchmentParameters>
    <KSI>0.001</KSI>
    <KGmin>0.05</KGmin>
    <RangeKG>0.1</RangeKG>
    <AG>0.1</AG>
    <PERC>1.5272260643703541</PERC>
    <Alpha>0</Alpha>
    <UZL>61.224298791859361</UZL>
    <K0>0.29702751410715217</K0>
    <K1>0.070229074888463416</K1>
    <K2>0.010000001379175625</K2>
    <MAXBAS>1</MAXBAS>
    <Cet>0</Cet>
    <PCALT>10</PCALT>
    <TCALT>0.6</TCALT>
    <Pelev>3349</Pelev>
    <Telev>2921</Telev>
    <PART>0.5</PART>
    <DELAY>1</DELAY>
  </CatchmentParameters>
  <VegetationZone>
    <VegetationZoneParameters>
      <TT>-1.8980106402123869</TT>
      <CFMAX>2.6699811956965207</CFMAX>
      <SP>0</SP>
      <SFCF>1.2033830220017694</SFCF>
      <CFR>2.8786944206104604E-05</CFR>
      <CWH>0.10000012765923469</CWH>
      <CFGlacier>1</CFGlacier>
      <CFSlope>1</CFSlope>
      <FC>2296.2134295351548</FC>
      <LP>0.84240188656151516</LP>
      <BETA>1.6455726085667126</BETA>
    </VegetationZoneParameters>
  </VegetationZone>
  <SubCatchment>
    <SubCatchmentParameters>
      <KSI>0.001</KSI>
      <KGmin>0.05</KGmin>
      <RangeKG>0.1</RangeKG>
      <AG>0.1</AG>
      <PERC>1.5272260643703541</PERC>
      <Alpha>0</Alpha>
      <UZL>61.224298791859361</UZL>
      <K0>0.29702751410715217</K0>
      <K1>0.070229074888463416</K1>
      <K2>0.010000001379175625</K2>
      <MAXBAS>1</MAXBAS>
      <Cet>0</Cet>
      <PCALT>10</PCALT>
      <TCALT>0.6</TCALT>
      <Pelev>3349</Pelev>
      <Telev>2921</Telev>
      <PART>0.5</PART>
      <DELAY>1</DELAY>
    </SubCatchmentParameters>
    <SubCatchmentVegetationZone>
      <SubCatchmentVegetationZoneParameters>
        <TT>-1.8980106402123869</TT>
        <CFMAX>2.6699811956965207</CFMAX>
        <SP>0</SP>
        <SFCF>1.2033830220017694</SFCF>
        <CFR>2.8786944206104604E-05</CFR>
        <CWH>0.10000012765923469</CWH>
        <CFGlacier>1</CFGlacier>
        <CFSlope>1</CFSlope>
        <FC>2296.2134295351548</FC>
        <LP>0.84240188656151516</LP>
        <BETA>1.6455726085667126</BETA>
      </SubCatchmentVegetationZoneParameters>
    </SubCatchmentVegetationZone>
  </SubCatchment>
</Catchment>