<?xml version="1.0" encoding="utf-8"?>
<Catchment xmlns:xsi="http://www.w3.org/2001/XMLSchema-instance" xmlns:xsd="http://www.w3.org/2001/XMLSchema">
  <CatchmentParameters>
    <KSI>0.001</KSI>
    <KGmin>0.05</KGmin>
    <RangeKG>0.1</RangeKG>
    <AG>0.1</AG>
    <PERC>9.9999999596852582</PERC>
    <Alpha>0</Alpha>
    <UZL>123.98179474642249</UZL>
    <K0>0.50698484525164222</K0>
    <K1>0.20310204012588556</K1>
    <K2>0.045850690526683266</K2>
    <MAXBAS>1.0003652015631634</MAXBAS>
    <Cet>0</Cet>
    <PCALT>10</PCALT>
    <TCALT>0.6</TCALT>
    <Pelev>3349</Pelev>
    <Telev>2921</Telev>
    <PART>0.5</PART>
    <DELAY>1</DELAY>
  </CatchmentParameters>
  <VegetationZone>
    <VegetationZoneParameters>
      <TT>-0.96996978090656671</TT>
      <CFMAX>4.34468276348573</CFMAX>
      <SP>0</SP>
      <SFCF>0.99075175452720232</SFCF>
      <CFR>0.068963004385329055</CFR>
      <CWH>0.19999927377092991</CWH>
      <CFGlacier>1</CFGlacier>
      <CFSlope>1</CFSlope>
      <FC>908.09474863433354</FC>
      <LP>0.99999572962433714</LP>
      <BETA>1.272396940561316</BETA>
    </VegetationZoneParameters>
  </VegetationZone>
  <SubCatchment>
    <SubCatchmentParameters>
      <KSI>0.001</KSI>
      <KGmin>0.05</KGmin>
      <RangeKG>0.1</RangeKG>
      <AG>0.1</AG>
      <PERC>9.9999999596852582</PERC>
      <Alpha>0</Alpha>
      <UZL>123.98179474642249</UZL>
      <K0>0.50698484525164222</K0>
      <K1>0.20310204012588556</K1>
      <K2>0.045850690526683266</K2>
      <MAXBAS>1.0003652015631634</MAXBAS>
      <Cet>0</Cet>
      <PCALT>10</PCALT>
      <TCALT>0.6</TCALT>
      <Pelev>3349</Pelev>
      <Telev>2921</Telev>
      <PART>0.5</PART>
      <DELAY>1</DELAY>
    </SubCatchmentParameters>
    <SubCatchmentVegetationZone>
      <SubCatchmentVegetationZoneParameters>
        <TT>-0.96996978090656671</TT>
        <CFMAX>4.34468276348573</CFMAX>
        <SP>0</SP>
        <SFCF>0.99075175452720232</SFCF>
        <CFR>0.068963004385329055</CFR>
        <CWH>0.19999927377092991</CWH>
        <CFGlacier>1</CFGlacier>
        <CFSlope>1</CFSlope>
        <FC>908.09474863433354</FC>
        <LP>0.99999572962433714</LP>
        <BETA>1.272396940561316</BETA>
      </SubCatchmentVegetationZoneParameters>
    </SubCatchmentVegetationZone>
  </SubCatchment>
</Catchment>