<?xml version="1.0" encoding="utf-8"?>
<Catchment xmlns:xsi="http://www.w3.org/2001/XMLSchema-instance" xmlns:xsd="http://www.w3.org/2001/XMLSchema">
  <CatchmentParameters>
    <KSI>0.001</KSI>
    <KGmin>0.05</KGmin>
    <RangeKG>0.1</RangeKG>
    <AG>0.1</AG>
    <PERC>9.999978356347361</PERC>
    <Alpha>0</Alpha>
    <UZL>131.72917215088157</UZL>
    <K0>0.82889957860192</K0>
    <K1>0.19302958644491688</K1>
    <K2>0.044598116490150531</K2>
    <MAXBAS>1.0000198607818784</MAXBAS>
    <Cet>0</Cet>
    <PCALT>10</PCALT>
    <TCALT>0.6</TCALT>
    <Pelev>3349</Pelev>
    <Telev>2921</Telev>
    <PART>0.5</PART>
    <DELAY>1</DELAY>
  </CatchmentParameters>
  <VegetationZone>
    <VegetationZoneParameters>
      <TT>-1.1428695948954883</TT>
      <CFMAX>3.9858995133498754</CFMAX>
      <SP>0</SP>
      <SFCF>0.93430988082508248</SFCF>
      <CFR>0.095845505077148993</CFR>
      <CWH>0.19999975100232584</CWH>
      <CFGlacier>1</CFGlacier>
      <CFSlope>1</CFSlope>
      <FC>563.87783986095394</FC>
      <LP>0.9999970215900863</LP>
      <BETA>1.0911754272217373</BETA>
    </VegetationZoneParameters>
  </VegetationZone>
  <SubCatchment>
    <SubCatchmentParameters>
      <KSI>0.001</KSI>
      <KGmin>0.05</KGmin>
      <RangeKG>0.1</RangeKG>
      <AG>0.1</AG>
      <PERC>9.999978356347361</PERC>
      <Alpha>0</Alpha>
      <UZL>131.72917215088157</UZL>
      <K0>0.82889957860192</K0>
      <K1>0.19302958644491688</K1>
      <K2>0.044598116490150531</K2>
      <MAXBAS>1.0000198607818784</MAXBAS>
      <Cet>0</Cet>
      <PCALT>10</PCALT>
      <TCALT>0.6</TCALT>
      <Pelev>3349</Pelev>
      <Telev>2921</Telev>
      <PART>0.5</PART>
      <DELAY>1</DELAY>
    </SubCatchmentParameters>
    <SubCatchmentVegetationZone>
      <SubCatchmentVegetationZoneParameters>
        <TT>-1.1428695948954883</TT>
        <CFMAX>3.9858995133498754</CFMAX>
        <SP>0</SP>
        <SFCF>0.93430988082508248</SFCF>
        <CFR>0.095845505077148993</CFR>
        <CWH>0.19999975100232584</CWH>
        <CFGlacier>1</CFGlacier>
        <CFSlope>1</CFSlope>
        <FC>563.87783986095394</FC>
        <LP>0.9999970215900863</LP>
        <BETA>1.0911754272217373</BETA>
      </SubCatchmentVegetationZoneParameters>
    </SubCatchmentVegetationZone>
  </SubCatchment>
</Catchment>