<?xml version="1.0" encoding="utf-8"?>
<Catchment xmlns:xsi="http://www.w3.org/2001/XMLSchema-instance" xmlns:xsd="http://www.w3.org/2001/XMLSchema">
  <CatchmentParameters>
    <KSI>0.001</KSI>
    <KGmin>0.05</KGmin>
    <RangeKG>0.1</RangeKG>
    <AG>0.1</AG>
    <PERC>9.9999829759909922</PERC>
    <Alpha>0</Alpha>
    <UZL>56.091791314692443</UZL>
    <K0>0.58778155544989674</K0>
    <K1>0.20762152714560495</K1>
    <K2>0.045448648404239421</K2>
    <MAXBAS>1.0000690025118433</MAXBAS>
    <Cet>0</Cet>
    <PCALT>10</PCALT>
    <TCALT>0.6</TCALT>
    <Pelev>3349</Pelev>
    <Telev>2921</Telev>
    <PART>0.5</PART>
    <DELAY>1</DELAY>
  </CatchmentParameters>
  <VegetationZone>
    <VegetationZoneParameters>
      <TT>-1.543971639747495</TT>
      <CFMAX>3.3715965533361709</CFMAX>
      <SP>0</SP>
      <SFCF>0.908003447761363</SFCF>
      <CFR>0.063132751207176679</CFR>
      <CWH>0.19999984787847386</CWH>
      <CFGlacier>1</CFGlacier>
      <CFSlope>1</CFSlope>
      <FC>424.41909391685385</FC>
      <LP>0.99999116339214222</LP>
      <BETA>1.2076297577005031</BETA>
    </VegetationZoneParameters>
  </VegetationZone>
  <SubCatchment>
    <SubCatchmentParameters>
      <KSI>0.001</KSI>
      <KGmin>0.05</KGmin>
      <RangeKG>0.1</RangeKG>
      <AG>0.1</AG>
      <PERC>9.9999829759909922</PERC>
      <Alpha>0</Alpha>
      <UZL>56.091791314692443</UZL>
      <K0>0.58778155544989674</K0>
      <K1>0.20762152714560495</K1>
      <K2>0.045448648404239421</K2>
      <MAXBAS>1.0000690025118433</MAXBAS>
      <Cet>0</Cet>
      <PCALT>10</PCALT>
      <TCALT>0.6</TCALT>
      <Pelev>3349</Pelev>
      <Telev>2921</Telev>
      <PART>0.5</PART>
      <DELAY>1</DELAY>
    </SubCatchmentParameters>
    <SubCatchmentVegetationZone>
      <SubCatchmentVegetationZoneParameters>
        <TT>-1.543971639747495</TT>
        <CFMAX>3.3715965533361709</CFMAX>
        <SP>0</SP>
        <SFCF>0.908003447761363</SFCF>
        <CFR>0.063132751207176679</CFR>
        <CWH>0.19999984787847386</CWH>
        <CFGlacier>1</CFGlacier>
        <CFSlope>1</CFSlope>
        <FC>424.41909391685385</FC>
        <LP>0.99999116339214222</LP>
        <BETA>1.2076297577005031</BETA>
      </SubCatchmentVegetationZoneParameters>
    </SubCatchmentVegetationZone>
  </SubCatchment>
</Catchment>