<?xml version="1.0" encoding="utf-8"?>
<Catchment xmlns:xsi="http://www.w3.org/2001/XMLSchema-instance" xmlns:xsd="http://www.w3.org/2001/XMLSchema">
  <CatchmentParameters>
    <KSI>0.001</KSI>
    <KGmin>0.05</KGmin>
    <RangeKG>0.1</RangeKG>
    <AG>0.1</AG>
    <PERC>6.3633654436042493</PERC>
    <Alpha>0</Alpha>
    <UZL>61.079313721576057</UZL>
    <K0>0.2461757903322841</K0>
    <K1>0.23280130251368481</K1>
    <K2>0.061480220202831469</K2>
    <MAXBAS>1.0049824553808817</MAXBAS>
    <Cet>0</Cet>
    <PCALT>10</PCALT>
    <TCALT>0.6</TCALT>
    <Pelev>3349</Pelev>
    <Telev>2921</Telev>
    <PART>0.5</PART>
    <DELAY>1</DELAY>
  </CatchmentParameters>
  <VegetationZone>
    <VegetationZoneParameters>
      <TT>-0.40800418276751016</TT>
      <CFMAX>3.0587463906940715</CFMAX>
      <SP>0</SP>
      <SFCF>0.93006283388863054</SFCF>
      <CFR>0.00018335511443842489</CFR>
      <CWH>0.10000099144404394</CWH>
      <CFGlacier>1</CFGlacier>
      <CFSlope>1</CFSlope>
      <FC>999.99694582492509</FC>
      <LP>0.999996889141434</LP>
      <BETA>1.000000751924123</BETA>
    </VegetationZoneParameters>
  </VegetationZone>
  <SubCatchment>
    <SubCatchmentParameters>
      <KSI>0.001</KSI>
      <KGmin>0.05</KGmin>
      <RangeKG>0.1</RangeKG>
      <AG>0.1</AG>
      <PERC>6.3633654436042493</PERC>
      <Alpha>0</Alpha>
      <UZL>61.079313721576057</UZL>
      <K0>0.2461757903322841</K0>
      <K1>0.23280130251368481</K1>
      <K2>0.061480220202831469</K2>
      <MAXBAS>1.0049824553808817</MAXBAS>
      <Cet>0</Cet>
      <PCALT>10</PCALT>
      <TCALT>0.6</TCALT>
      <Pelev>3349</Pelev>
      <Telev>2921</Telev>
      <PART>0.5</PART>
      <DELAY>1</DELAY>
    </SubCatchmentParameters>
    <SubCatchmentVegetationZone>
      <SubCatchmentVegetationZoneParameters>
        <TT>-0.40800418276751016</TT>
        <CFMAX>3.0587463906940715</CFMAX>
        <SP>0</SP>
        <SFCF>0.93006283388863054</SFCF>
        <CFR>0.00018335511443842489</CFR>
        <CWH>0.10000099144404394</CWH>
        <CFGlacier>1</CFGlacier>
        <CFSlope>1</CFSlope>
        <FC>999.99694582492509</FC>
        <LP>0.999996889141434</LP>
        <BETA>1.000000751924123</BETA>
      </SubCatchmentVegetationZoneParameters>
    </SubCatchmentVegetationZone>
  </SubCatchment>
</Catchment>