<?xml version="1.0" encoding="utf-8"?>
<Catchment xmlns:xsi="http://www.w3.org/2001/XMLSchema-instance" xmlns:xsd="http://www.w3.org/2001/XMLSchema">
  <CatchmentParameters>
    <KSI>0.001</KSI>
    <KGmin>0.05</KGmin>
    <RangeKG>0.1</RangeKG>
    <AG>0.1</AG>
    <PERC>1.5464659770289106</PERC>
    <Alpha>0</Alpha>
    <UZL>60.1852748956446</UZL>
    <K0>0.29352730191878312</K0>
    <K1>0.070448211652578641</K1>
    <K2>0.01000000078313432</K2>
    <MAXBAS>1</MAXBAS>
    <Cet>0</Cet>
    <PCALT>10</PCALT>
    <TCALT>0.6</TCALT>
    <Pelev>3349</Pelev>
    <Telev>2921</Telev>
    <PART>0.5</PART>
    <DELAY>1</DELAY>
  </CatchmentParameters>
  <VegetationZone>
    <VegetationZoneParameters>
      <TT>-1.9065550514176157</TT>
      <CFMAX>2.746110410305262</CFMAX>
      <SP>0</SP>
      <SFCF>1.2356879990578544</SFCF>
      <CFR>9.78865049599061E-08</CFR>
      <CWH>0.10000008086590366</CWH>
      <CFGlacier>1</CFGlacier>
      <CFSlope>1</CFSlope>
      <FC>2465.2013356980533</FC>
      <LP>0.81390743420379363</LP>
      <BETA>1.712798002780602</BETA>
    </VegetationZoneParameters>
  </VegetationZone>
  <SubCatchment>
    <SubCatchmentParameters>
      <KSI>0.001</KSI>
      <KGmin>0.05</KGmin>
      <RangeKG>0.1</RangeKG>
      <AG>0.1</AG>
      <PERC>1.5464659770289106</PERC>
      <Alpha>0</Alpha>
      <UZL>60.1852748956446</UZL>
      <K0>0.29352730191878312</K0>
      <K1>0.070448211652578641</K1>
      <K2>0.01000000078313432</K2>
      <MAXBAS>1</MAXBAS>
      <Cet>0</Cet>
      <PCALT>10</PCALT>
      <TCALT>0.6</TCALT>
      <Pelev>3349</Pelev>
      <Telev>2921</Telev>
      <PART>0.5</PART>
      <DELAY>1</DELAY>
    </SubCatchmentParameters>
    <SubCatchmentVegetationZone>
      <SubCatchmentVegetationZoneParameters>
        <TT>-1.9065550514176157</TT>
        <CFMAX>2.746110410305262</CFMAX>
        <SP>0</SP>
        <SFCF>1.2356879990578544</SFCF>
        <CFR>9.78865049599061E-08</CFR>
        <CWH>0.10000008086590366</CWH>
        <CFGlacier>1</CFGlacier>
        <CFSlope>1</CFSlope>
        <FC>2465.2013356980533</FC>
        <LP>0.81390743420379363</LP>
        <BETA>1.712798002780602</BETA>
      </SubCatchmentVegetationZoneParameters>
    </SubCatchmentVegetationZone>
  </SubCatchment>
</Catchment>