<?xml version="1.0" encoding="utf-8"?>
<Catchment xmlns:xsi="http://www.w3.org/2001/XMLSchema-instance" xmlns:xsd="http://www.w3.org/2001/XMLSchema">
  <CatchmentParameters>
    <KSI>0.001</KSI>
    <KGmin>0.05</KGmin>
    <RangeKG>0.1</RangeKG>
    <AG>0.1</AG>
    <PERC>9.9999778992475719</PERC>
    <Alpha>0</Alpha>
    <UZL>183.0791164787546</UZL>
    <K0>0.26169878211461672</K0>
    <K1>0.19373272247450041</K1>
    <K2>0.044766731387254725</K2>
    <MAXBAS>1.000000002306332</MAXBAS>
    <Cet>0</Cet>
    <PCALT>10</PCALT>
    <TCALT>0.6</TCALT>
    <Pelev>3349</Pelev>
    <Telev>2921</Telev>
    <PART>0.5</PART>
    <DELAY>1</DELAY>
  </CatchmentParameters>
  <VegetationZone>
    <VegetationZoneParameters>
      <TT>-0.96179798149988283</TT>
      <CFMAX>4.2377053885286413</CFMAX>
      <SP>0</SP>
      <SFCF>0.95467349569699689</SFCF>
      <CFR>0.076757174478738074</CFR>
      <CWH>0.1999993101903787</CWH>
      <CFGlacier>1</CFGlacier>
      <CFSlope>1</CFSlope>
      <FC>696.54177603612084</FC>
      <LP>0.99999880476638026</LP>
      <BETA>1.0947859571651124</BETA>
    </VegetationZoneParameters>
  </VegetationZone>
  <SubCatchment>
    <SubCatchmentParameters>
      <KSI>0.001</KSI>
      <KGmin>0.05</KGmin>
      <RangeKG>0.1</RangeKG>
      <AG>0.1</AG>
      <PERC>9.9999778992475719</PERC>
      <Alpha>0</Alpha>
      <UZL>183.0791164787546</UZL>
      <K0>0.26169878211461672</K0>
      <K1>0.19373272247450041</K1>
      <K2>0.044766731387254725</K2>
      <MAXBAS>1.000000002306332</MAXBAS>
      <Cet>0</Cet>
      <PCALT>10</PCALT>
      <TCALT>0.6</TCALT>
      <Pelev>3349</Pelev>
      <Telev>2921</Telev>
      <PART>0.5</PART>
      <DELAY>1</DELAY>
    </SubCatchmentParameters>
    <SubCatchmentVegetationZone>
      <SubCatchmentVegetationZoneParameters>
        <TT>-0.96179798149988283</TT>
        <CFMAX>4.2377053885286413</CFMAX>
        <SP>0</SP>
        <SFCF>0.95467349569699689</SFCF>
        <CFR>0.076757174478738074</CFR>
        <CWH>0.1999993101903787</CWH>
        <CFGlacier>1</CFGlacier>
        <CFSlope>1</CFSlope>
        <FC>696.54177603612084</FC>
        <LP>0.99999880476638026</LP>
        <BETA>1.0947859571651124</BETA>
      </SubCatchmentVegetationZoneParameters>
    </SubCatchmentVegetationZone>
  </SubCatchment>
</Catchment>