<?xml version="1.0" encoding="utf-8"?>
<Catchment xmlns:xsi="http://www.w3.org/2001/XMLSchema-instance" xmlns:xsd="http://www.w3.org/2001/XMLSchema">
  <CatchmentParameters>
    <KSI>0.001</KSI>
    <KGmin>0.05</KGmin>
    <RangeKG>0.1</RangeKG>
    <AG>0.1</AG>
    <PERC>6.35205353729171</PERC>
    <Alpha>0</Alpha>
    <UZL>105.74035133007166</UZL>
    <K0>0.44321419372489945</K0>
    <K1>0.2484512293631396</K1>
    <K2>0.044270734472534976</K2>
    <MAXBAS>1.0049040813573551</MAXBAS>
    <Cet>0</Cet>
    <PCALT>10</PCALT>
    <TCALT>0.6</TCALT>
    <Pelev>3349</Pelev>
    <Telev>2921</Telev>
    <PART>0.5</PART>
    <DELAY>1</DELAY>
  </CatchmentParameters>
  <VegetationZone>
    <VegetationZoneParameters>
      <TT>-1.10957744777668</TT>
      <CFMAX>2.16546310023521</CFMAX>
      <SP>0</SP>
      <SFCF>0.78558657266159138</SFCF>
      <CFR>0.010161127266324045</CFR>
      <CWH>0.10000015191810197</CWH>
      <CFGlacier>1</CFGlacier>
      <CFSlope>1</CFSlope>
      <FC>148.49740873630239</FC>
      <LP>0.6799769040073379</LP>
      <BETA>1.1081884085611855</BETA>
    </VegetationZoneParameters>
  </VegetationZone>
  <SubCatchment>
    <SubCatchmentParameters>
      <KSI>0.001</KSI>
      <KGmin>0.05</KGmin>
      <RangeKG>0.1</RangeKG>
      <AG>0.1</AG>
      <PERC>6.35205353729171</PERC>
      <Alpha>0</Alpha>
      <UZL>105.74035133007166</UZL>
      <K0>0.44321419372489945</K0>
      <K1>0.2484512293631396</K1>
      <K2>0.044270734472534976</K2>
      <MAXBAS>1.0049040813573551</MAXBAS>
      <Cet>0</Cet>
      <PCALT>10</PCALT>
      <TCALT>0.6</TCALT>
      <Pelev>3349</Pelev>
      <Telev>2921</Telev>
      <PART>0.5</PART>
      <DELAY>1</DELAY>
    </SubCatchmentParameters>
    <SubCatchmentVegetationZone>
      <SubCatchmentVegetationZoneParameters>
        <TT>-1.10957744777668</TT>
        <CFMAX>2.16546310023521</CFMAX>
        <SP>0</SP>
        <SFCF>0.78558657266159138</SFCF>
        <CFR>0.010161127266324045</CFR>
        <CWH>0.10000015191810197</CWH>
        <CFGlacier>1</CFGlacier>
        <CFSlope>1</CFSlope>
        <FC>148.49740873630239</FC>
        <LP>0.6799769040073379</LP>
        <BETA>1.1081884085611855</BETA>
      </SubCatchmentVegetationZoneParameters>
    </SubCatchmentVegetationZone>
  </SubCatchment>
</Catchment>