<?xml version="1.0" encoding="utf-8"?>
<Catchment xmlns:xsi="http://www.w3.org/2001/XMLSchema-instance" xmlns:xsd="http://www.w3.org/2001/XMLSchema">
  <CatchmentParameters>
    <KSI>0.001</KSI>
    <KGmin>0.05</KGmin>
    <RangeKG>0.1</RangeKG>
    <AG>0.1</AG>
    <PERC>7.7456710930228878</PERC>
    <Alpha>0</Alpha>
    <UZL>181.28959544363249</UZL>
    <K0>0.28807878913868423</K0>
    <K1>0.289826756958126</K1>
    <K2>0.0675062417069173</K2>
    <MAXBAS>1.0000884611873415</MAXBAS>
    <Cet>0</Cet>
    <PCALT>10</PCALT>
    <TCALT>0.6</TCALT>
    <Pelev>3349</Pelev>
    <Telev>2921</Telev>
    <PART>0.5</PART>
    <DELAY>1</DELAY>
  </CatchmentParameters>
  <VegetationZone>
    <VegetationZoneParameters>
      <TT>-0.042855455189820327</TT>
      <CFMAX>3.3951183390159216</CFMAX>
      <SP>0</SP>
      <SFCF>0.89059822688931844</SFCF>
      <CFR>0.022128512093623862</CFR>
      <CWH>0.10000017297600924</CWH>
      <CFGlacier>1</CFGlacier>
      <CFSlope>1</CFSlope>
      <FC>999.99758298874974</FC>
      <LP>0.999998724416907</LP>
      <BETA>1.000000150032951</BETA>
    </VegetationZoneParameters>
  </VegetationZone>
  <SubCatchment>
    <SubCatchmentParameters>
      <KSI>0.001</KSI>
      <KGmin>0.05</KGmin>
      <RangeKG>0.1</RangeKG>
      <AG>0.1</AG>
      <PERC>7.7456710930228878</PERC>
      <Alpha>0</Alpha>
      <UZL>181.28959544363249</UZL>
      <K0>0.28807878913868423</K0>
      <K1>0.289826756958126</K1>
      <K2>0.0675062417069173</K2>
      <MAXBAS>1.0000884611873415</MAXBAS>
      <Cet>0</Cet>
      <PCALT>10</PCALT>
      <TCALT>0.6</TCALT>
      <Pelev>3349</Pelev>
      <Telev>2921</Telev>
      <PART>0.5</PART>
      <DELAY>1</DELAY>
    </SubCatchmentParameters>
    <SubCatchmentVegetationZone>
      <SubCatchmentVegetationZoneParameters>
        <TT>-0.042855455189820327</TT>
        <CFMAX>3.3951183390159216</CFMAX>
        <SP>0</SP>
        <SFCF>0.89059822688931844</SFCF>
        <CFR>0.022128512093623862</CFR>
        <CWH>0.10000017297600924</CWH>
        <CFGlacier>1</CFGlacier>
        <CFSlope>1</CFSlope>
        <FC>999.99758298874974</FC>
        <LP>0.999998724416907</LP>
        <BETA>1.000000150032951</BETA>
      </SubCatchmentVegetationZoneParameters>
    </SubCatchmentVegetationZone>
  </SubCatchment>
</Catchment>