<?xml version="1.0" encoding="utf-8"?>
<Catchment xmlns:xsi="http://www.w3.org/2001/XMLSchema-instance" xmlns:xsd="http://www.w3.org/2001/XMLSchema">
  <CatchmentParameters>
    <KSI>0.001</KSI>
    <KGmin>0.05</KGmin>
    <RangeKG>0.1</RangeKG>
    <AG>0.1</AG>
    <PERC>9.5108967494569345</PERC>
    <Alpha>0</Alpha>
    <UZL>51.320723570910424</UZL>
    <K0>0.24964054970606039</K0>
    <K1>0.10222134773476023</K1>
    <K2>0.037906835303683495</K2>
    <MAXBAS>1.0000054460131513</MAXBAS>
    <Cet>0</Cet>
    <PCALT>10</PCALT>
    <TCALT>0.6</TCALT>
    <Pelev>3349</Pelev>
    <Telev>2921</Telev>
    <PART>0.5</PART>
    <DELAY>1</DELAY>
  </CatchmentParameters>
  <VegetationZone>
    <VegetationZoneParameters>
      <TT>-0.75630117745467174</TT>
      <CFMAX>3.6751958458326062</CFMAX>
      <SP>0</SP>
      <SFCF>0.80199632051640513</SFCF>
      <CFR>0.00059852239974324153</CFR>
      <CWH>0.19999943029845957</CWH>
      <CFGlacier>1</CFGlacier>
      <CFSlope>1</CFSlope>
      <FC>181.27293834712145</FC>
      <LP>0.99999634371586543</LP>
      <BETA>1.2212859303856603</BETA>
    </VegetationZoneParameters>
  </VegetationZone>
  <SubCatchment>
    <SubCatchmentParameters>
      <KSI>0.001</KSI>
      <KGmin>0.05</KGmin>
      <RangeKG>0.1</RangeKG>
      <AG>0.1</AG>
      <PERC>9.5108967494569345</PERC>
      <Alpha>0</Alpha>
      <UZL>51.320723570910424</UZL>
      <K0>0.24964054970606039</K0>
      <K1>0.10222134773476023</K1>
      <K2>0.037906835303683495</K2>
      <MAXBAS>1.0000054460131513</MAXBAS>
      <Cet>0</Cet>
      <PCALT>10</PCALT>
      <TCALT>0.6</TCALT>
      <Pelev>3349</Pelev>
      <Telev>2921</Telev>
      <PART>0.5</PART>
      <DELAY>1</DELAY>
    </SubCatchmentParameters>
    <SubCatchmentVegetationZone>
      <SubCatchmentVegetationZoneParameters>
        <TT>-0.75630117745467174</TT>
        <CFMAX>3.6751958458326062</CFMAX>
        <SP>0</SP>
        <SFCF>0.80199632051640513</SFCF>
        <CFR>0.00059852239974324153</CFR>
        <CWH>0.19999943029845957</CWH>
        <CFGlacier>1</CFGlacier>
        <CFSlope>1</CFSlope>
        <FC>181.27293834712145</FC>
        <LP>0.99999634371586543</LP>
        <BETA>1.2212859303856603</BETA>
      </SubCatchmentVegetationZoneParameters>
    </SubCatchmentVegetationZone>
  </SubCatchment>
</Catchment>