<?xml version="1.0" encoding="utf-8"?>
<Catchment xmlns:xsi="http://www.w3.org/2001/XMLSchema-instance" xmlns:xsd="http://www.w3.org/2001/XMLSchema">
  <CatchmentParameters>
    <KSI>0.001</KSI>
    <KGmin>0.05</KGmin>
    <RangeKG>0.1</RangeKG>
    <AG>0.1</AG>
    <PERC>9.9999378887748254</PERC>
    <Alpha>0</Alpha>
    <UZL>75.921325136379181</UZL>
    <K0>0.11594621017223317</K0>
    <K1>0.16920464905021865</K1>
    <K2>0.044775913050689953</K2>
    <MAXBAS>1.0001233067693327</MAXBAS>
    <Cet>0</Cet>
    <PCALT>10</PCALT>
    <TCALT>0.6</TCALT>
    <Pelev>3349</Pelev>
    <Telev>2921</Telev>
    <PART>0.5</PART>
    <DELAY>1</DELAY>
  </CatchmentParameters>
  <VegetationZone>
    <VegetationZoneParameters>
      <TT>-0.3800036803634208</TT>
      <CFMAX>4.7656336929961753</CFMAX>
      <SP>0</SP>
      <SFCF>0.95702513973394976</SFCF>
      <CFR>8.43276245482382E-05</CFR>
      <CWH>0.19999684307404375</CWH>
      <CFGlacier>1</CFGlacier>
      <CFSlope>1</CFSlope>
      <FC>739.86302510578173</FC>
      <LP>0.99999670306925748</LP>
      <BETA>1.0159202365302189</BETA>
    </VegetationZoneParameters>
  </VegetationZone>
  <SubCatchment>
    <SubCatchmentParameters>
      <KSI>0.001</KSI>
      <KGmin>0.05</KGmin>
      <RangeKG>0.1</RangeKG>
      <AG>0.1</AG>
      <PERC>9.9999378887748254</PERC>
      <Alpha>0</Alpha>
      <UZL>75.921325136379181</UZL>
      <K0>0.11594621017223317</K0>
      <K1>0.16920464905021865</K1>
      <K2>0.044775913050689953</K2>
      <MAXBAS>1.0001233067693327</MAXBAS>
      <Cet>0</Cet>
      <PCALT>10</PCALT>
      <TCALT>0.6</TCALT>
      <Pelev>3349</Pelev>
      <Telev>2921</Telev>
      <PART>0.5</PART>
      <DELAY>1</DELAY>
    </SubCatchmentParameters>
    <SubCatchmentVegetationZone>
      <SubCatchmentVegetationZoneParameters>
        <TT>-0.3800036803634208</TT>
        <CFMAX>4.7656336929961753</CFMAX>
        <SP>0</SP>
        <SFCF>0.95702513973394976</SFCF>
        <CFR>8.43276245482382E-05</CFR>
        <CWH>0.19999684307404375</CWH>
        <CFGlacier>1</CFGlacier>
        <CFSlope>1</CFSlope>
        <FC>739.86302510578173</FC>
        <LP>0.99999670306925748</LP>
        <BETA>1.0159202365302189</BETA>
      </SubCatchmentVegetationZoneParameters>
    </SubCatchmentVegetationZone>
  </SubCatchment>
</Catchment>