<?xml version="1.0" encoding="utf-8"?>
<Catchment xmlns:xsi="http://www.w3.org/2001/XMLSchema-instance" xmlns:xsd="http://www.w3.org/2001/XMLSchema">
  <CatchmentParameters>
    <KSI>0.001</KSI>
    <KGmin>0.05</KGmin>
    <RangeKG>0.1</RangeKG>
    <AG>0.1</AG>
    <PERC>9.9999891813236541</PERC>
    <Alpha>0</Alpha>
    <UZL>162.27192946115835</UZL>
    <K0>0.37552188393577607</K0>
    <K1>0.18880443771511107</K1>
    <K2>0.04364619717880943</K2>
    <MAXBAS>1.0002526196933679</MAXBAS>
    <Cet>0</Cet>
    <PCALT>10</PCALT>
    <TCALT>0.6</TCALT>
    <Pelev>3349</Pelev>
    <Telev>2921</Telev>
    <PART>0.5</PART>
    <DELAY>1</DELAY>
  </CatchmentParameters>
  <VegetationZone>
    <VegetationZoneParameters>
      <TT>-1.1439992601740006</TT>
      <CFMAX>4.5988570321194455</CFMAX>
      <SP>0</SP>
      <SFCF>1.08638160186051</SFCF>
      <CFR>0.069018267805385086</CFR>
      <CWH>0.1999986827832157</CWH>
      <CFGlacier>1</CFGlacier>
      <CFSlope>1</CFSlope>
      <FC>999.99752247717015</FC>
      <LP>0.83652990026527518</LP>
      <BETA>1.3034093466495662</BETA>
    </VegetationZoneParameters>
  </VegetationZone>
  <SubCatchment>
    <SubCatchmentParameters>
      <KSI>0.001</KSI>
      <KGmin>0.05</KGmin>
      <RangeKG>0.1</RangeKG>
      <AG>0.1</AG>
      <PERC>9.9999891813236541</PERC>
      <Alpha>0</Alpha>
      <UZL>162.27192946115835</UZL>
      <K0>0.37552188393577607</K0>
      <K1>0.18880443771511107</K1>
      <K2>0.04364619717880943</K2>
      <MAXBAS>1.0002526196933679</MAXBAS>
      <Cet>0</Cet>
      <PCALT>10</PCALT>
      <TCALT>0.6</TCALT>
      <Pelev>3349</Pelev>
      <Telev>2921</Telev>
      <PART>0.5</PART>
      <DELAY>1</DELAY>
    </SubCatchmentParameters>
    <SubCatchmentVegetationZone>
      <SubCatchmentVegetationZoneParameters>
        <TT>-1.1439992601740006</TT>
        <CFMAX>4.5988570321194455</CFMAX>
        <SP>0</SP>
        <SFCF>1.08638160186051</SFCF>
        <CFR>0.069018267805385086</CFR>
        <CWH>0.1999986827832157</CWH>
        <CFGlacier>1</CFGlacier>
        <CFSlope>1</CFSlope>
        <FC>999.99752247717015</FC>
        <LP>0.83652990026527518</LP>
        <BETA>1.3034093466495662</BETA>
      </SubCatchmentVegetationZoneParameters>
    </SubCatchmentVegetationZone>
  </SubCatchment>
</Catchment>