<?xml version="1.0" encoding="utf-8"?>
<Catchment xmlns:xsi="http://www.w3.org/2001/XMLSchema-instance" xmlns:xsd="http://www.w3.org/2001/XMLSchema">
  <CatchmentParameters>
    <KSI>0.001</KSI>
    <KGmin>0.05</KGmin>
    <RangeKG>0.1</RangeKG>
    <AG>0.1</AG>
    <PERC>1.2910574020460011</PERC>
    <Alpha>0</Alpha>
    <UZL>134.26602664432966</UZL>
    <K0>0.10990735207483515</K0>
    <K1>0.038178093953083955</K1>
    <K2>0.010000371065253888</K2>
    <MAXBAS>1</MAXBAS>
    <Cet>0</Cet>
    <PCALT>10</PCALT>
    <TCALT>0.6</TCALT>
    <Pelev>3349</Pelev>
    <Telev>2921</Telev>
    <PART>0.5</PART>
    <DELAY>1</DELAY>
  </CatchmentParameters>
  <VegetationZone>
    <VegetationZoneParameters>
      <TT>-2.0213208083112923</TT>
      <CFMAX>4.3385345046188419</CFMAX>
      <SP>0</SP>
      <SFCF>1.3590649185552444</SFCF>
      <CFR>7.2086394032927666E-08</CFR>
      <CWH>0.10003093213260307</CWH>
      <CFGlacier>1</CFGlacier>
      <CFSlope>1</CFSlope>
      <FC>1618.1203118742017</FC>
      <LP>0.71939888614250769</LP>
      <BETA>1.5314953734437213</BETA>
    </VegetationZoneParameters>
  </VegetationZone>
  <SubCatchment>
    <SubCatchmentParameters>
      <KSI>0.001</KSI>
      <KGmin>0.05</KGmin>
      <RangeKG>0.1</RangeKG>
      <AG>0.1</AG>
      <PERC>1.2910574020460011</PERC>
      <Alpha>0</Alpha>
      <UZL>134.26602664432966</UZL>
      <K0>0.10990735207483515</K0>
      <K1>0.038178093953083955</K1>
      <K2>0.010000371065253888</K2>
      <MAXBAS>1</MAXBAS>
      <Cet>0</Cet>
      <PCALT>10</PCALT>
      <TCALT>0.6</TCALT>
      <Pelev>3349</Pelev>
      <Telev>2921</Telev>
      <PART>0.5</PART>
      <DELAY>1</DELAY>
    </SubCatchmentParameters>
    <SubCatchmentVegetationZone>
      <SubCatchmentVegetationZoneParameters>
        <TT>-2.0213208083112923</TT>
        <CFMAX>4.3385345046188419</CFMAX>
        <SP>0</SP>
        <SFCF>1.3590649185552444</SFCF>
        <CFR>7.2086394032927666E-08</CFR>
        <CWH>0.10003093213260307</CWH>
        <CFGlacier>1</CFGlacier>
        <CFSlope>1</CFSlope>
        <FC>1618.1203118742017</FC>
        <LP>0.71939888614250769</LP>
        <BETA>1.5314953734437213</BETA>
      </SubCatchmentVegetationZoneParameters>
    </SubCatchmentVegetationZone>
  </SubCatchment>
</Catchment>