<?xml version="1.0" encoding="utf-8"?>
<Catchment xmlns:xsi="http://www.w3.org/2001/XMLSchema-instance" xmlns:xsd="http://www.w3.org/2001/XMLSchema">
  <CatchmentParameters>
    <KSI>0.001</KSI>
    <KGmin>0.05</KGmin>
    <RangeKG>0.1</RangeKG>
    <AG>0.1</AG>
    <PERC>7.5293665344983651</PERC>
    <Alpha>0</Alpha>
    <UZL>97.914909128375669</UZL>
    <K0>0.59193858963489288</K0>
    <K1>0.31270193525030565</K1>
    <K2>0.063873999908553067</K2>
    <MAXBAS>1.0049288733504718</MAXBAS>
    <Cet>0</Cet>
    <PCALT>10</PCALT>
    <TCALT>0.6</TCALT>
    <Pelev>3349</Pelev>
    <Telev>2921</Telev>
    <PART>0.5</PART>
    <DELAY>1</DELAY>
  </CatchmentParameters>
  <VegetationZone>
    <VegetationZoneParameters>
      <TT>-1.4050535330870377</TT>
      <CFMAX>2.178464507509549</CFMAX>
      <SP>0</SP>
      <SFCF>0.8181668395976518</SFCF>
      <CFR>0.03552432577515402</CFR>
      <CWH>0.10000013894355206</CWH>
      <CFGlacier>1</CFGlacier>
      <CFSlope>1</CFSlope>
      <FC>241.01148860180533</FC>
      <LP>0.93333565591829737</LP>
      <BETA>1.2368946626545638</BETA>
    </VegetationZoneParameters>
  </VegetationZone>
  <SubCatchment>
    <SubCatchmentParameters>
      <KSI>0.001</KSI>
      <KGmin>0.05</KGmin>
      <RangeKG>0.1</RangeKG>
      <AG>0.1</AG>
      <PERC>7.5293665344983651</PERC>
      <Alpha>0</Alpha>
      <UZL>97.914909128375669</UZL>
      <K0>0.59193858963489288</K0>
      <K1>0.31270193525030565</K1>
      <K2>0.063873999908553067</K2>
      <MAXBAS>1.0049288733504718</MAXBAS>
      <Cet>0</Cet>
      <PCALT>10</PCALT>
      <TCALT>0.6</TCALT>
      <Pelev>3349</Pelev>
      <Telev>2921</Telev>
      <PART>0.5</PART>
      <DELAY>1</DELAY>
    </SubCatchmentParameters>
    <SubCatchmentVegetationZone>
      <SubCatchmentVegetationZoneParameters>
        <TT>-1.4050535330870377</TT>
        <CFMAX>2.178464507509549</CFMAX>
        <SP>0</SP>
        <SFCF>0.8181668395976518</SFCF>
        <CFR>0.03552432577515402</CFR>
        <CWH>0.10000013894355206</CWH>
        <CFGlacier>1</CFGlacier>
        <CFSlope>1</CFSlope>
        <FC>241.01148860180533</FC>
        <LP>0.93333565591829737</LP>
        <BETA>1.2368946626545638</BETA>
      </SubCatchmentVegetationZoneParameters>
    </SubCatchmentVegetationZone>
  </SubCatchment>
</Catchment>