<?xml version="1.0" encoding="utf-8"?>
<Catchment xmlns:xsi="http://www.w3.org/2001/XMLSchema-instance" xmlns:xsd="http://www.w3.org/2001/XMLSchema">
  <CatchmentParameters>
    <KSI>0.001</KSI>
    <KGmin>0.05</KGmin>
    <RangeKG>0.1</RangeKG>
    <AG>0.1</AG>
    <PERC>5.7350265030229428</PERC>
    <Alpha>0</Alpha>
    <UZL>84.861023093571177</UZL>
    <K0>0.58958629025278186</K0>
    <K1>0.24363485414820665</K1>
    <K2>0.063415268112819417</K2>
    <MAXBAS>1.0048848264762069</MAXBAS>
    <Cet>0</Cet>
    <PCALT>10</PCALT>
    <TCALT>0.6</TCALT>
    <Pelev>3349</Pelev>
    <Telev>2921</Telev>
    <PART>0.5</PART>
    <DELAY>1</DELAY>
  </CatchmentParameters>
  <VegetationZone>
    <VegetationZoneParameters>
      <TT>-0.48000497442904783</TT>
      <CFMAX>2.7222565311311984</CFMAX>
      <SP>0</SP>
      <SFCF>0.85221495446079254</SFCF>
      <CFR>0.00020843561772494238</CFR>
      <CWH>0.10000029210814751</CWH>
      <CFGlacier>1</CFGlacier>
      <CFSlope>1</CFSlope>
      <FC>427.94494559412658</FC>
      <LP>0.99999302957998981</LP>
      <BETA>1.0000004072749631</BETA>
    </VegetationZoneParameters>
  </VegetationZone>
  <SubCatchment>
    <SubCatchmentParameters>
      <KSI>0.001</KSI>
      <KGmin>0.05</KGmin>
      <RangeKG>0.1</RangeKG>
      <AG>0.1</AG>
      <PERC>5.7350265030229428</PERC>
      <Alpha>0</Alpha>
      <UZL>84.861023093571177</UZL>
      <K0>0.58958629025278186</K0>
      <K1>0.24363485414820665</K1>
      <K2>0.063415268112819417</K2>
      <MAXBAS>1.0048848264762069</MAXBAS>
      <Cet>0</Cet>
      <PCALT>10</PCALT>
      <TCALT>0.6</TCALT>
      <Pelev>3349</Pelev>
      <Telev>2921</Telev>
      <PART>0.5</PART>
      <DELAY>1</DELAY>
    </SubCatchmentParameters>
    <SubCatchmentVegetationZone>
      <SubCatchmentVegetationZoneParameters>
        <TT>-0.48000497442904783</TT>
        <CFMAX>2.7222565311311984</CFMAX>
        <SP>0</SP>
        <SFCF>0.85221495446079254</SFCF>
        <CFR>0.00020843561772494238</CFR>
        <CWH>0.10000029210814751</CWH>
        <CFGlacier>1</CFGlacier>
        <CFSlope>1</CFSlope>
        <FC>427.94494559412658</FC>
        <LP>0.99999302957998981</LP>
        <BETA>1.0000004072749631</BETA>
      </SubCatchmentVegetationZoneParameters>
    </SubCatchmentVegetationZone>
  </SubCatchment>
</Catchment>