<?xml version="1.0" encoding="utf-8"?>
<Catchment xmlns:xsi="http://www.w3.org/2001/XMLSchema-instance" xmlns:xsd="http://www.w3.org/2001/XMLSchema">
  <CatchmentParameters>
    <KSI>0.001</KSI>
    <KGmin>0.05</KGmin>
    <RangeKG>0.1</RangeKG>
    <AG>0.1</AG>
    <PERC>1.1402731277620792</PERC>
    <Alpha>0</Alpha>
    <UZL>121.57283129849013</UZL>
    <K0>0.16069911838965451</K0>
    <K1>0.043506440376072306</K1>
    <K2>0.010000044176035739</K2>
    <MAXBAS>1</MAXBAS>
    <Cet>0</Cet>
    <PCALT>10</PCALT>
    <TCALT>0.6</TCALT>
    <Pelev>3349</Pelev>
    <Telev>2921</Telev>
    <PART>0.5</PART>
    <DELAY>1</DELAY>
  </CatchmentParameters>
  <VegetationZone>
    <VegetationZoneParameters>
      <TT>-2.0227905994231445</TT>
      <CFMAX>3.4851718238940692</CFMAX>
      <SP>0</SP>
      <SFCF>1.1587672389161083</SFCF>
      <CFR>3.6104908878949149E-06</CFR>
      <CWH>0.18562106248469443</CWH>
      <CFGlacier>1</CFGlacier>
      <CFSlope>1</CFSlope>
      <FC>2410.0279784952204</FC>
      <LP>0.815756075032663</LP>
      <BETA>1.1353954014646577</BETA>
    </VegetationZoneParameters>
  </VegetationZone>
  <SubCatchment>
    <SubCatchmentParameters>
      <KSI>0.001</KSI>
      <KGmin>0.05</KGmin>
      <RangeKG>0.1</RangeKG>
      <AG>0.1</AG>
      <PERC>1.1402731277620792</PERC>
      <Alpha>0</Alpha>
      <UZL>121.57283129849013</UZL>
      <K0>0.16069911838965451</K0>
      <K1>0.043506440376072306</K1>
      <K2>0.010000044176035739</K2>
      <MAXBAS>1</MAXBAS>
      <Cet>0</Cet>
      <PCALT>10</PCALT>
      <TCALT>0.6</TCALT>
      <Pelev>3349</Pelev>
      <Telev>2921</Telev>
      <PART>0.5</PART>
      <DELAY>1</DELAY>
    </SubCatchmentParameters>
    <SubCatchmentVegetationZone>
      <SubCatchmentVegetationZoneParameters>
        <TT>-2.0227905994231445</TT>
        <CFMAX>3.4851718238940692</CFMAX>
        <SP>0</SP>
        <SFCF>1.1587672389161083</SFCF>
        <CFR>3.6104908878949149E-06</CFR>
        <CWH>0.18562106248469443</CWH>
        <CFGlacier>1</CFGlacier>
        <CFSlope>1</CFSlope>
        <FC>2410.0279784952204</FC>
        <LP>0.815756075032663</LP>
        <BETA>1.1353954014646577</BETA>
      </SubCatchmentVegetationZoneParameters>
    </SubCatchmentVegetationZone>
  </SubCatchment>
</Catchment>