<?xml version="1.0" encoding="utf-8"?>
<Catchment xmlns:xsi="http://www.w3.org/2001/XMLSchema-instance" xmlns:xsd="http://www.w3.org/2001/XMLSchema">
  <CatchmentParameters>
    <KSI>0.001</KSI>
    <KGmin>0.05</KGmin>
    <RangeKG>0.1</RangeKG>
    <AG>0.1</AG>
    <PERC>1.9241970197476748</PERC>
    <Alpha>0</Alpha>
    <UZL>139.06884585705132</UZL>
    <K0>0.37153069452923487</K0>
    <K1>0.0833603526981633</K1>
    <K2>0.010000016481131833</K2>
    <MAXBAS>1</MAXBAS>
    <Cet>0</Cet>
    <PCALT>10</PCALT>
    <TCALT>0.6</TCALT>
    <Pelev>3349</Pelev>
    <Telev>2921</Telev>
    <PART>0.5</PART>
    <DELAY>1</DELAY>
  </CatchmentParameters>
  <VegetationZone>
    <VegetationZoneParameters>
      <TT>-1.5439792437624507</TT>
      <CFMAX>3.52518939656003</CFMAX>
      <SP>0</SP>
      <SFCF>1.2155941162331052</SFCF>
      <CFR>1.6552903406814209E-09</CFR>
      <CWH>0.1000000584040792</CWH>
      <CFGlacier>1</CFGlacier>
      <CFSlope>1</CFSlope>
      <FC>2306.3487104313849</FC>
      <LP>0.96135772405605335</LP>
      <BETA>2.5289843360384783</BETA>
    </VegetationZoneParameters>
  </VegetationZone>
  <SubCatchment>
    <SubCatchmentParameters>
      <KSI>0.001</KSI>
      <KGmin>0.05</KGmin>
      <RangeKG>0.1</RangeKG>
      <AG>0.1</AG>
      <PERC>1.9241970197476748</PERC>
      <Alpha>0</Alpha>
      <UZL>139.06884585705132</UZL>
      <K0>0.37153069452923487</K0>
      <K1>0.0833603526981633</K1>
      <K2>0.010000016481131833</K2>
      <MAXBAS>1</MAXBAS>
      <Cet>0</Cet>
      <PCALT>10</PCALT>
      <TCALT>0.6</TCALT>
      <Pelev>3349</Pelev>
      <Telev>2921</Telev>
      <PART>0.5</PART>
      <DELAY>1</DELAY>
    </SubCatchmentParameters>
    <SubCatchmentVegetationZone>
      <SubCatchmentVegetationZoneParameters>
        <TT>-1.5439792437624507</TT>
        <CFMAX>3.52518939656003</CFMAX>
        <SP>0</SP>
        <SFCF>1.2155941162331052</SFCF>
        <CFR>1.6552903406814209E-09</CFR>
        <CWH>0.1000000584040792</CWH>
        <CFGlacier>1</CFGlacier>
        <CFSlope>1</CFSlope>
        <FC>2306.3487104313849</FC>
        <LP>0.96135772405605335</LP>
        <BETA>2.5289843360384783</BETA>
      </SubCatchmentVegetationZoneParameters>
    </SubCatchmentVegetationZone>
  </SubCatchment>
</Catchment>