<?xml version="1.0" encoding="utf-8"?>
<Catchment xmlns:xsi="http://www.w3.org/2001/XMLSchema-instance" xmlns:xsd="http://www.w3.org/2001/XMLSchema">
  <CatchmentParameters>
    <KSI>0.001</KSI>
    <KGmin>0.05</KGmin>
    <RangeKG>0.1</RangeKG>
    <AG>0.1</AG>
    <PERC>9.2401461723755869</PERC>
    <Alpha>0</Alpha>
    <UZL>101.29018147292872</UZL>
    <K0>0.44436587639350178</K0>
    <K1>0.19614024871319777</K1>
    <K2>0.045501345742473762</K2>
    <MAXBAS>1.0005796057652407</MAXBAS>
    <Cet>0</Cet>
    <PCALT>10</PCALT>
    <TCALT>0.6</TCALT>
    <Pelev>3349</Pelev>
    <Telev>2921</Telev>
    <PART>0.5</PART>
    <DELAY>1</DELAY>
  </CatchmentParameters>
  <VegetationZone>
    <VegetationZoneParameters>
      <TT>-1.8440048350621179</TT>
      <CFMAX>3.1413619286882146</CFMAX>
      <SP>0</SP>
      <SFCF>0.94048053941194931</SFCF>
      <CFR>0.074331447309821719</CFR>
      <CWH>0.19999943142398388</CWH>
      <CFGlacier>1</CFGlacier>
      <CFSlope>1</CFSlope>
      <FC>508.35298111277905</FC>
      <LP>0.99999817945043512</LP>
      <BETA>1.2604218590118528</BETA>
    </VegetationZoneParameters>
  </VegetationZone>
  <SubCatchment>
    <SubCatchmentParameters>
      <KSI>0.001</KSI>
      <KGmin>0.05</KGmin>
      <RangeKG>0.1</RangeKG>
      <AG>0.1</AG>
      <PERC>9.2401461723755869</PERC>
      <Alpha>0</Alpha>
      <UZL>101.29018147292872</UZL>
      <K0>0.44436587639350178</K0>
      <K1>0.19614024871319777</K1>
      <K2>0.045501345742473762</K2>
      <MAXBAS>1.0005796057652407</MAXBAS>
      <Cet>0</Cet>
      <PCALT>10</PCALT>
      <TCALT>0.6</TCALT>
      <Pelev>3349</Pelev>
      <Telev>2921</Telev>
      <PART>0.5</PART>
      <DELAY>1</DELAY>
    </SubCatchmentParameters>
    <SubCatchmentVegetationZone>
      <SubCatchmentVegetationZoneParameters>
        <TT>-1.8440048350621179</TT>
        <CFMAX>3.1413619286882146</CFMAX>
        <SP>0</SP>
        <SFCF>0.94048053941194931</SFCF>
        <CFR>0.074331447309821719</CFR>
        <CWH>0.19999943142398388</CWH>
        <CFGlacier>1</CFGlacier>
        <CFSlope>1</CFSlope>
        <FC>508.35298111277905</FC>
        <LP>0.99999817945043512</LP>
        <BETA>1.2604218590118528</BETA>
      </SubCatchmentVegetationZoneParameters>
    </SubCatchmentVegetationZone>
  </SubCatchment>
</Catchment>