<?xml version="1.0" encoding="utf-8"?>
<Catchment xmlns:xsi="http://www.w3.org/2001/XMLSchema-instance" xmlns:xsd="http://www.w3.org/2001/XMLSchema">
  <CatchmentParameters>
    <KSI>0.001</KSI>
    <KGmin>0.05</KGmin>
    <RangeKG>0.1</RangeKG>
    <AG>0.1</AG>
    <PERC>9.99998224193948</PERC>
    <Alpha>0</Alpha>
    <UZL>150.55263120551589</UZL>
    <K0>0.081745557703138835</K0>
    <K1>0.19780230896992787</K1>
    <K2>0.045595612375170645</K2>
    <MAXBAS>1.0000108524704598</MAXBAS>
    <Cet>0</Cet>
    <PCALT>10</PCALT>
    <TCALT>0.6</TCALT>
    <Pelev>3349</Pelev>
    <Telev>2921</Telev>
    <PART>0.5</PART>
    <DELAY>1</DELAY>
  </CatchmentParameters>
  <VegetationZone>
    <VegetationZoneParameters>
      <TT>-1.0366969118891753</TT>
      <CFMAX>4.1082543768107564</CFMAX>
      <SP>0</SP>
      <SFCF>0.94296483847914958</SFCF>
      <CFR>0.078614582296260616</CFR>
      <CWH>0.19999712780028076</CWH>
      <CFGlacier>1</CFGlacier>
      <CFSlope>1</CFSlope>
      <FC>640.13902498689333</FC>
      <LP>0.99999999968686293</LP>
      <BETA>1.1025099136976901</BETA>
    </VegetationZoneParameters>
  </VegetationZone>
  <SubCatchment>
    <SubCatchmentParameters>
      <KSI>0.001</KSI>
      <KGmin>0.05</KGmin>
      <RangeKG>0.1</RangeKG>
      <AG>0.1</AG>
      <PERC>9.99998224193948</PERC>
      <Alpha>0</Alpha>
      <UZL>150.55263120551589</UZL>
      <K0>0.081745557703138835</K0>
      <K1>0.19780230896992787</K1>
      <K2>0.045595612375170645</K2>
      <MAXBAS>1.0000108524704598</MAXBAS>
      <Cet>0</Cet>
      <PCALT>10</PCALT>
      <TCALT>0.6</TCALT>
      <Pelev>3349</Pelev>
      <Telev>2921</Telev>
      <PART>0.5</PART>
      <DELAY>1</DELAY>
    </SubCatchmentParameters>
    <SubCatchmentVegetationZone>
      <SubCatchmentVegetationZoneParameters>
        <TT>-1.0366969118891753</TT>
        <CFMAX>4.1082543768107564</CFMAX>
        <SP>0</SP>
        <SFCF>0.94296483847914958</SFCF>
        <CFR>0.078614582296260616</CFR>
        <CWH>0.19999712780028076</CWH>
        <CFGlacier>1</CFGlacier>
        <CFSlope>1</CFSlope>
        <FC>640.13902498689333</FC>
        <LP>0.99999999968686293</LP>
        <BETA>1.1025099136976901</BETA>
      </SubCatchmentVegetationZoneParameters>
    </SubCatchmentVegetationZone>
  </SubCatchment>
</Catchment>