<?xml version="1.0" encoding="utf-8"?>
<Catchment xmlns:xsi="http://www.w3.org/2001/XMLSchema-instance" xmlns:xsd="http://www.w3.org/2001/XMLSchema">
  <CatchmentParameters>
    <KSI>0.001</KSI>
    <KGmin>0.05</KGmin>
    <RangeKG>0.1</RangeKG>
    <AG>0.1</AG>
    <PERC>7.141396975794791</PERC>
    <Alpha>0</Alpha>
    <UZL>158.60577808308111</UZL>
    <K0>0.51161038881972831</K0>
    <K1>0.27907151949464909</K1>
    <K2>0.065984688894147756</K2>
    <MAXBAS>1.0048640393473072</MAXBAS>
    <Cet>0</Cet>
    <PCALT>10</PCALT>
    <TCALT>0.6</TCALT>
    <Pelev>3349</Pelev>
    <Telev>2921</Telev>
    <PART>0.5</PART>
    <DELAY>1</DELAY>
  </CatchmentParameters>
  <VegetationZone>
    <VegetationZoneParameters>
      <TT>-0.49802057498028462</TT>
      <CFMAX>2.7297362435914012</CFMAX>
      <SP>0</SP>
      <SFCF>0.83308908234348966</SFCF>
      <CFR>0.0049173287651767192</CFR>
      <CWH>0.10000014390500978</CWH>
      <CFGlacier>1</CFGlacier>
      <CFSlope>1</CFSlope>
      <FC>343.39209568464241</FC>
      <LP>0.99999685727028365</LP>
      <BETA>1.0000011789419854</BETA>
    </VegetationZoneParameters>
  </VegetationZone>
  <SubCatchment>
    <SubCatchmentParameters>
      <KSI>0.001</KSI>
      <KGmin>0.05</KGmin>
      <RangeKG>0.1</RangeKG>
      <AG>0.1</AG>
      <PERC>7.141396975794791</PERC>
      <Alpha>0</Alpha>
      <UZL>158.60577808308111</UZL>
      <K0>0.51161038881972831</K0>
      <K1>0.27907151949464909</K1>
      <K2>0.065984688894147756</K2>
      <MAXBAS>1.0048640393473072</MAXBAS>
      <Cet>0</Cet>
      <PCALT>10</PCALT>
      <TCALT>0.6</TCALT>
      <Pelev>3349</Pelev>
      <Telev>2921</Telev>
      <PART>0.5</PART>
      <DELAY>1</DELAY>
    </SubCatchmentParameters>
    <SubCatchmentVegetationZone>
      <SubCatchmentVegetationZoneParameters>
        <TT>-0.49802057498028462</TT>
        <CFMAX>2.7297362435914012</CFMAX>
        <SP>0</SP>
        <SFCF>0.83308908234348966</SFCF>
        <CFR>0.0049173287651767192</CFR>
        <CWH>0.10000014390500978</CWH>
        <CFGlacier>1</CFGlacier>
        <CFSlope>1</CFSlope>
        <FC>343.39209568464241</FC>
        <LP>0.99999685727028365</LP>
        <BETA>1.0000011789419854</BETA>
      </SubCatchmentVegetationZoneParameters>
    </SubCatchmentVegetationZone>
  </SubCatchment>
</Catchment>