<?xml version="1.0" encoding="utf-8"?>
<Catchment xmlns:xsi="http://www.w3.org/2001/XMLSchema-instance" xmlns:xsd="http://www.w3.org/2001/XMLSchema">
  <CatchmentParameters>
    <KSI>0.001</KSI>
    <KGmin>0.05</KGmin>
    <RangeKG>0.1</RangeKG>
    <AG>0.1</AG>
    <PERC>1.3148950094331808</PERC>
    <Alpha>0</Alpha>
    <UZL>68.155278095469555</UZL>
    <K0>0.32853511236609578</K0>
    <K1>0.0626272394705202</K1>
    <K2>0.010002635784347649</K2>
    <MAXBAS>1</MAXBAS>
    <Cet>0</Cet>
    <PCALT>10</PCALT>
    <TCALT>0.6</TCALT>
    <Pelev>3349</Pelev>
    <Telev>2921</Telev>
    <PART>0.5</PART>
    <DELAY>1</DELAY>
  </CatchmentParameters>
  <VegetationZone>
    <VegetationZoneParameters>
      <TT>-1.8980040098294979</TT>
      <CFMAX>2.4765200015534949</CFMAX>
      <SP>0</SP>
      <SFCF>1.1484557597212168</SFCF>
      <CFR>1.2529586190469945E-08</CFR>
      <CWH>0.10000048366779646</CWH>
      <CFGlacier>1</CFGlacier>
      <CFSlope>1</CFSlope>
      <FC>2383.8067494841093</FC>
      <LP>0.77713296098447238</LP>
      <BETA>1.1372052826928827</BETA>
    </VegetationZoneParameters>
  </VegetationZone>
  <SubCatchment>
    <SubCatchmentParameters>
      <KSI>0.001</KSI>
      <KGmin>0.05</KGmin>
      <RangeKG>0.1</RangeKG>
      <AG>0.1</AG>
      <PERC>1.3148950094331808</PERC>
      <Alpha>0</Alpha>
      <UZL>68.155278095469555</UZL>
      <K0>0.32853511236609578</K0>
      <K1>0.0626272394705202</K1>
      <K2>0.010002635784347649</K2>
      <MAXBAS>1</MAXBAS>
      <Cet>0</Cet>
      <PCALT>10</PCALT>
      <TCALT>0.6</TCALT>
      <Pelev>3349</Pelev>
      <Telev>2921</Telev>
      <PART>0.5</PART>
      <DELAY>1</DELAY>
    </SubCatchmentParameters>
    <SubCatchmentVegetationZone>
      <SubCatchmentVegetationZoneParameters>
        <TT>-1.8980040098294979</TT>
        <CFMAX>2.4765200015534949</CFMAX>
        <SP>0</SP>
        <SFCF>1.1484557597212168</SFCF>
        <CFR>1.2529586190469945E-08</CFR>
        <CWH>0.10000048366779646</CWH>
        <CFGlacier>1</CFGlacier>
        <CFSlope>1</CFSlope>
        <FC>2383.8067494841093</FC>
        <LP>0.77713296098447238</LP>
        <BETA>1.1372052826928827</BETA>
      </SubCatchmentVegetationZoneParameters>
    </SubCatchmentVegetationZone>
  </SubCatchment>
</Catchment>