<?xml version="1.0" encoding="utf-8"?>
<Catchment xmlns:xsi="http://www.w3.org/2001/XMLSchema-instance" xmlns:xsd="http://www.w3.org/2001/XMLSchema">
  <CatchmentParameters>
    <KSI>0.001</KSI>
    <KGmin>0.05</KGmin>
    <RangeKG>0.1</RangeKG>
    <AG>0.1</AG>
    <PERC>1.5738907506971551</PERC>
    <Alpha>0</Alpha>
    <UZL>68.680150392516168</UZL>
    <K0>0.42605123360011049</K0>
    <K1>0.076460191258433258</K1>
    <K2>0.010000406609881435</K2>
    <MAXBAS>1</MAXBAS>
    <Cet>0</Cet>
    <PCALT>10</PCALT>
    <TCALT>0.6</TCALT>
    <Pelev>3349</Pelev>
    <Telev>2921</Telev>
    <PART>0.5</PART>
    <DELAY>1</DELAY>
  </CatchmentParameters>
  <VegetationZone>
    <VegetationZoneParameters>
      <TT>-1.8980058097275687</TT>
      <CFMAX>3.0992650646865272</CFMAX>
      <SP>0</SP>
      <SFCF>1.321790497297245</SFCF>
      <CFR>5.7984778327851158E-08</CFR>
      <CWH>0.10000009375320865</CWH>
      <CFGlacier>1</CFGlacier>
      <CFSlope>1</CFSlope>
      <FC>2499.8896042329479</FC>
      <LP>0.55221172658981865</LP>
      <BETA>1.0112955075858277</BETA>
    </VegetationZoneParameters>
  </VegetationZone>
  <SubCatchment>
    <SubCatchmentParameters>
      <KSI>0.001</KSI>
      <KGmin>0.05</KGmin>
      <RangeKG>0.1</RangeKG>
      <AG>0.1</AG>
      <PERC>1.5738907506971551</PERC>
      <Alpha>0</Alpha>
      <UZL>68.680150392516168</UZL>
      <K0>0.42605123360011049</K0>
      <K1>0.076460191258433258</K1>
      <K2>0.010000406609881435</K2>
      <MAXBAS>1</MAXBAS>
      <Cet>0</Cet>
      <PCALT>10</PCALT>
      <TCALT>0.6</TCALT>
      <Pelev>3349</Pelev>
      <Telev>2921</Telev>
      <PART>0.5</PART>
      <DELAY>1</DELAY>
    </SubCatchmentParameters>
    <SubCatchmentVegetationZone>
      <SubCatchmentVegetationZoneParameters>
        <TT>-1.8980058097275687</TT>
        <CFMAX>3.0992650646865272</CFMAX>
        <SP>0</SP>
        <SFCF>1.321790497297245</SFCF>
        <CFR>5.7984778327851158E-08</CFR>
        <CWH>0.10000009375320865</CWH>
        <CFGlacier>1</CFGlacier>
        <CFSlope>1</CFSlope>
        <FC>2499.8896042329479</FC>
        <LP>0.55221172658981865</LP>
        <BETA>1.0112955075858277</BETA>
      </SubCatchmentVegetationZoneParameters>
    </SubCatchmentVegetationZone>
  </SubCatchment>
</Catchment>