<?xml version="1.0" encoding="utf-8"?>
<Catchment xmlns:xsi="http://www.w3.org/2001/XMLSchema-instance" xmlns:xsd="http://www.w3.org/2001/XMLSchema">
  <CatchmentParameters>
    <KSI>0.001</KSI>
    <KGmin>0.05</KGmin>
    <RangeKG>0.1</RangeKG>
    <AG>0.1</AG>
    <PERC>9.9999855801613986</PERC>
    <Alpha>0</Alpha>
    <UZL>140.13346402540333</UZL>
    <K0>0.050020485552574712</K0>
    <K1>0.18862646393126639</K1>
    <K2>0.045266998095749439</K2>
    <MAXBAS>1.000229919054217</MAXBAS>
    <Cet>0</Cet>
    <PCALT>10</PCALT>
    <TCALT>0.6</TCALT>
    <Pelev>3349</Pelev>
    <Telev>2921</Telev>
    <PART>0.5</PART>
    <DELAY>1</DELAY>
  </CatchmentParameters>
  <VegetationZone>
    <VegetationZoneParameters>
      <TT>-0.83314791633311724</TT>
      <CFMAX>4.4823949024320981</CFMAX>
      <SP>0</SP>
      <SFCF>0.97222445356341236</SFCF>
      <CFR>0.059415330221918319</CFR>
      <CWH>0.19999566359448909</CWH>
      <CFGlacier>1</CFGlacier>
      <CFSlope>1</CFSlope>
      <FC>789.75468948959985</FC>
      <LP>0.9999996915196534</LP>
      <BETA>1.1649140057271172</BETA>
    </VegetationZoneParameters>
  </VegetationZone>
  <SubCatchment>
    <SubCatchmentParameters>
      <KSI>0.001</KSI>
      <KGmin>0.05</KGmin>
      <RangeKG>0.1</RangeKG>
      <AG>0.1</AG>
      <PERC>9.9999855801613986</PERC>
      <Alpha>0</Alpha>
      <UZL>140.13346402540333</UZL>
      <K0>0.050020485552574712</K0>
      <K1>0.18862646393126639</K1>
      <K2>0.045266998095749439</K2>
      <MAXBAS>1.000229919054217</MAXBAS>
      <Cet>0</Cet>
      <PCALT>10</PCALT>
      <TCALT>0.6</TCALT>
      <Pelev>3349</Pelev>
      <Telev>2921</Telev>
      <PART>0.5</PART>
      <DELAY>1</DELAY>
    </SubCatchmentParameters>
    <SubCatchmentVegetationZone>
      <SubCatchmentVegetationZoneParameters>
        <TT>-0.83314791633311724</TT>
        <CFMAX>4.4823949024320981</CFMAX>
        <SP>0</SP>
        <SFCF>0.97222445356341236</SFCF>
        <CFR>0.059415330221918319</CFR>
        <CWH>0.19999566359448909</CWH>
        <CFGlacier>1</CFGlacier>
        <CFSlope>1</CFSlope>
        <FC>789.75468948959985</FC>
        <LP>0.9999996915196534</LP>
        <BETA>1.1649140057271172</BETA>
      </SubCatchmentVegetationZoneParameters>
    </SubCatchmentVegetationZone>
  </SubCatchment>
</Catchment>