<?xml version="1.0" encoding="utf-8"?>
<Catchment xmlns:xsi="http://www.w3.org/2001/XMLSchema-instance" xmlns:xsd="http://www.w3.org/2001/XMLSchema">
  <CatchmentParameters>
    <KSI>0.001</KSI>
    <KGmin>0.05</KGmin>
    <RangeKG>0.1</RangeKG>
    <AG>0.1</AG>
    <PERC>1.8740549253396457</PERC>
    <Alpha>0</Alpha>
    <UZL>65.604571168690427</UZL>
    <K0>0.34161802248506862</K0>
    <K1>0.0842221966391307</K1>
    <K2>0.010001110024931809</K2>
    <MAXBAS>1</MAXBAS>
    <Cet>0</Cet>
    <PCALT>10</PCALT>
    <TCALT>0.6</TCALT>
    <Pelev>3349</Pelev>
    <Telev>2921</Telev>
    <PART>0.5</PART>
    <DELAY>1</DELAY>
  </CatchmentParameters>
  <VegetationZone>
    <VegetationZoneParameters>
      <TT>-0.997052385399913</TT>
      <CFMAX>3.372638929157854</CFMAX>
      <SP>0</SP>
      <SFCF>1.1946973126470495</SFCF>
      <CFR>1.3222850282746755E-08</CFR>
      <CWH>0.10000010802714614</CWH>
      <CFGlacier>1</CFGlacier>
      <CFSlope>1</CFSlope>
      <FC>2499.9991631104249</FC>
      <LP>0.72662270412590169</LP>
      <BETA>1.2269980678963912</BETA>
    </VegetationZoneParameters>
  </VegetationZone>
  <SubCatchment>
    <SubCatchmentParameters>
      <KSI>0.001</KSI>
      <KGmin>0.05</KGmin>
      <RangeKG>0.1</RangeKG>
      <AG>0.1</AG>
      <PERC>1.8740549253396457</PERC>
      <Alpha>0</Alpha>
      <UZL>65.604571168690427</UZL>
      <K0>0.34161802248506862</K0>
      <K1>0.0842221966391307</K1>
      <K2>0.010001110024931809</K2>
      <MAXBAS>1</MAXBAS>
      <Cet>0</Cet>
      <PCALT>10</PCALT>
      <TCALT>0.6</TCALT>
      <Pelev>3349</Pelev>
      <Telev>2921</Telev>
      <PART>0.5</PART>
      <DELAY>1</DELAY>
    </SubCatchmentParameters>
    <SubCatchmentVegetationZone>
      <SubCatchmentVegetationZoneParameters>
        <TT>-0.997052385399913</TT>
        <CFMAX>3.372638929157854</CFMAX>
        <SP>0</SP>
        <SFCF>1.1946973126470495</SFCF>
        <CFR>1.3222850282746755E-08</CFR>
        <CWH>0.10000010802714614</CWH>
        <CFGlacier>1</CFGlacier>
        <CFSlope>1</CFSlope>
        <FC>2499.9991631104249</FC>
        <LP>0.72662270412590169</LP>
        <BETA>1.2269980678963912</BETA>
      </SubCatchmentVegetationZoneParameters>
    </SubCatchmentVegetationZone>
  </SubCatchment>
</Catchment>