<?xml version="1.0" encoding="utf-8"?>
<Catchment xmlns:xsi="http://www.w3.org/2001/XMLSchema-instance" xmlns:xsd="http://www.w3.org/2001/XMLSchema">
  <CatchmentParameters>
    <KSI>0.001</KSI>
    <KGmin>0.05</KGmin>
    <RangeKG>0.1</RangeKG>
    <AG>0.1</AG>
    <PERC>6.6209666785327608</PERC>
    <Alpha>0</Alpha>
    <UZL>128.56704914826497</UZL>
    <K0>0.44367331581050862</K0>
    <K1>0.25739509476596772</K1>
    <K2>0.0694280397264382</K2>
    <MAXBAS>1.0000817459943912</MAXBAS>
    <Cet>0</Cet>
    <PCALT>10</PCALT>
    <TCALT>0.6</TCALT>
    <Pelev>3349</Pelev>
    <Telev>2921</Telev>
    <PART>0.5</PART>
    <DELAY>1</DELAY>
  </CatchmentParameters>
  <VegetationZone>
    <VegetationZoneParameters>
      <TT>-0.37998389105882485</TT>
      <CFMAX>3.072643866599932</CFMAX>
      <SP>0</SP>
      <SFCF>0.90586728175235465</SFCF>
      <CFR>0.023469627051720385</CFR>
      <CWH>0.10000007171878875</CWH>
      <CFGlacier>1</CFGlacier>
      <CFSlope>1</CFSlope>
      <FC>999.99508510234489</FC>
      <LP>0.99999946880401824</LP>
      <BETA>1.0000009287341367</BETA>
    </VegetationZoneParameters>
  </VegetationZone>
  <SubCatchment>
    <SubCatchmentParameters>
      <KSI>0.001</KSI>
      <KGmin>0.05</KGmin>
      <RangeKG>0.1</RangeKG>
      <AG>0.1</AG>
      <PERC>6.6209666785327608</PERC>
      <Alpha>0</Alpha>
      <UZL>128.56704914826497</UZL>
      <K0>0.44367331581050862</K0>
      <K1>0.25739509476596772</K1>
      <K2>0.0694280397264382</K2>
      <MAXBAS>1.0000817459943912</MAXBAS>
      <Cet>0</Cet>
      <PCALT>10</PCALT>
      <TCALT>0.6</TCALT>
      <Pelev>3349</Pelev>
      <Telev>2921</Telev>
      <PART>0.5</PART>
      <DELAY>1</DELAY>
    </SubCatchmentParameters>
    <SubCatchmentVegetationZone>
      <SubCatchmentVegetationZoneParameters>
        <TT>-0.37998389105882485</TT>
        <CFMAX>3.072643866599932</CFMAX>
        <SP>0</SP>
        <SFCF>0.90586728175235465</SFCF>
        <CFR>0.023469627051720385</CFR>
        <CWH>0.10000007171878875</CWH>
        <CFGlacier>1</CFGlacier>
        <CFSlope>1</CFSlope>
        <FC>999.99508510234489</FC>
        <LP>0.99999946880401824</LP>
        <BETA>1.0000009287341367</BETA>
      </SubCatchmentVegetationZoneParameters>
    </SubCatchmentVegetationZone>
  </SubCatchment>
</Catchment>