<?xml version="1.0" encoding="utf-8"?>
<Catchment xmlns:xsi="http://www.w3.org/2001/XMLSchema-instance" xmlns:xsd="http://www.w3.org/2001/XMLSchema">
  <CatchmentParameters>
    <KSI>0.001</KSI>
    <KGmin>0.05</KGmin>
    <RangeKG>0.1</RangeKG>
    <AG>0.1</AG>
    <PERC>9.9999555147893542</PERC>
    <Alpha>0</Alpha>
    <UZL>82.540137843587686</UZL>
    <K0>0.45867452052141711</K0>
    <K1>0.22823069477577029</K1>
    <K2>0.047775856034374217</K2>
    <MAXBAS>1.0000000031648084</MAXBAS>
    <Cet>0</Cet>
    <PCALT>10</PCALT>
    <TCALT>0.6</TCALT>
    <Pelev>3349</Pelev>
    <Telev>2921</Telev>
    <PART>0.5</PART>
    <DELAY>1</DELAY>
  </CatchmentParameters>
  <VegetationZone>
    <VegetationZoneParameters>
      <TT>-1.526972000579528</TT>
      <CFMAX>3.3513119049505131</CFMAX>
      <SP>0</SP>
      <SFCF>0.91091553709007256</SFCF>
      <CFR>0.042193261013019075</CFR>
      <CWH>0.19999976603773564</CWH>
      <CFGlacier>1</CFGlacier>
      <CFSlope>1</CFSlope>
      <FC>453.35360898118967</FC>
      <LP>0.99999482601730916</LP>
      <BETA>1.2183829816673</BETA>
    </VegetationZoneParameters>
  </VegetationZone>
  <SubCatchment>
    <SubCatchmentParameters>
      <KSI>0.001</KSI>
      <KGmin>0.05</KGmin>
      <RangeKG>0.1</RangeKG>
      <AG>0.1</AG>
      <PERC>9.9999555147893542</PERC>
      <Alpha>0</Alpha>
      <UZL>82.540137843587686</UZL>
      <K0>0.45867452052141711</K0>
      <K1>0.22823069477577029</K1>
      <K2>0.047775856034374217</K2>
      <MAXBAS>1.0000000031648084</MAXBAS>
      <Cet>0</Cet>
      <PCALT>10</PCALT>
      <TCALT>0.6</TCALT>
      <Pelev>3349</Pelev>
      <Telev>2921</Telev>
      <PART>0.5</PART>
      <DELAY>1</DELAY>
    </SubCatchmentParameters>
    <SubCatchmentVegetationZone>
      <SubCatchmentVegetationZoneParameters>
        <TT>-1.526972000579528</TT>
        <CFMAX>3.3513119049505131</CFMAX>
        <SP>0</SP>
        <SFCF>0.91091553709007256</SFCF>
        <CFR>0.042193261013019075</CFR>
        <CWH>0.19999976603773564</CWH>
        <CFGlacier>1</CFGlacier>
        <CFSlope>1</CFSlope>
        <FC>453.35360898118967</FC>
        <LP>0.99999482601730916</LP>
        <BETA>1.2183829816673</BETA>
      </SubCatchmentVegetationZoneParameters>
    </SubCatchmentVegetationZone>
  </SubCatchment>
</Catchment>