<?xml version="1.0" encoding="utf-8"?>
<Catchment xmlns:xsi="http://www.w3.org/2001/XMLSchema-instance" xmlns:xsd="http://www.w3.org/2001/XMLSchema">
  <CatchmentParameters>
    <KSI>0.001</KSI>
    <KGmin>0.05</KGmin>
    <RangeKG>0.1</RangeKG>
    <AG>0.1</AG>
    <PERC>1.1247861580876029</PERC>
    <Alpha>0</Alpha>
    <UZL>153.05001510439581</UZL>
    <K0>0.18327715675993192</K0>
    <K1>0.039268833735446866</K1>
    <K2>0.010000901018204899</K2>
    <MAXBAS>1</MAXBAS>
    <Cet>0</Cet>
    <PCALT>10</PCALT>
    <TCALT>0.6</TCALT>
    <Pelev>3349</Pelev>
    <Telev>2921</Telev>
    <PART>0.5</PART>
    <DELAY>1</DELAY>
  </CatchmentParameters>
  <VegetationZone>
    <VegetationZoneParameters>
      <TT>-1.9800060641960227</TT>
      <CFMAX>4.0036940704842063</CFMAX>
      <SP>0</SP>
      <SFCF>1.2284334328158426</SFCF>
      <CFR>0.00024446236358567993</CFR>
      <CWH>0.16503772592955346</CWH>
      <CFGlacier>1</CFGlacier>
      <CFSlope>1</CFSlope>
      <FC>1702.0399651526552</FC>
      <LP>0.80017888036074625</LP>
      <BETA>1.2060383357286419</BETA>
    </VegetationZoneParameters>
  </VegetationZone>
  <SubCatchment>
    <SubCatchmentParameters>
      <KSI>0.001</KSI>
      <KGmin>0.05</KGmin>
      <RangeKG>0.1</RangeKG>
      <AG>0.1</AG>
      <PERC>1.1247861580876029</PERC>
      <Alpha>0</Alpha>
      <UZL>153.05001510439581</UZL>
      <K0>0.18327715675993192</K0>
      <K1>0.039268833735446866</K1>
      <K2>0.010000901018204899</K2>
      <MAXBAS>1</MAXBAS>
      <Cet>0</Cet>
      <PCALT>10</PCALT>
      <TCALT>0.6</TCALT>
      <Pelev>3349</Pelev>
      <Telev>2921</Telev>
      <PART>0.5</PART>
      <DELAY>1</DELAY>
    </SubCatchmentParameters>
    <SubCatchmentVegetationZone>
      <SubCatchmentVegetationZoneParameters>
        <TT>-1.9800060641960227</TT>
        <CFMAX>4.0036940704842063</CFMAX>
        <SP>0</SP>
        <SFCF>1.2284334328158426</SFCF>
        <CFR>0.00024446236358567993</CFR>
        <CWH>0.16503772592955346</CWH>
        <CFGlacier>1</CFGlacier>
        <CFSlope>1</CFSlope>
        <FC>1702.0399651526552</FC>
        <LP>0.80017888036074625</LP>
        <BETA>1.2060383357286419</BETA>
      </SubCatchmentVegetationZoneParameters>
    </SubCatchmentVegetationZone>
  </SubCatchment>
</Catchment>