<?xml version="1.0" encoding="utf-8"?>
<Catchment xmlns:xsi="http://www.w3.org/2001/XMLSchema-instance" xmlns:xsd="http://www.w3.org/2001/XMLSchema">
  <CatchmentParameters>
    <KSI>0.001</KSI>
    <KGmin>0.05</KGmin>
    <RangeKG>0.1</RangeKG>
    <AG>0.1</AG>
    <PERC>1.4445709937747795</PERC>
    <Alpha>0</Alpha>
    <UZL>65.21237132789328</UZL>
    <K0>0.27372708295338793</K0>
    <K1>0.066893242304057951</K1>
    <K2>0.010000000178833743</K2>
    <MAXBAS>1</MAXBAS>
    <Cet>0</Cet>
    <PCALT>10</PCALT>
    <TCALT>0.6</TCALT>
    <Pelev>3349</Pelev>
    <Telev>2921</Telev>
    <PART>0.5</PART>
    <DELAY>1</DELAY>
  </CatchmentParameters>
  <VegetationZone>
    <VegetationZoneParameters>
      <TT>-1.8980512462604269</TT>
      <CFMAX>2.4994055892921261</CFMAX>
      <SP>0</SP>
      <SFCF>1.1059330733498061</SFCF>
      <CFR>0.00051215625815773872</CFR>
      <CWH>0.10000021456758748</CWH>
      <CFGlacier>1</CFGlacier>
      <CFSlope>1</CFSlope>
      <FC>1397.7245158560297</FC>
      <LP>0.94517476569176351</LP>
      <BETA>1.301478418734469</BETA>
    </VegetationZoneParameters>
  </VegetationZone>
  <SubCatchment>
    <SubCatchmentParameters>
      <KSI>0.001</KSI>
      <KGmin>0.05</KGmin>
      <RangeKG>0.1</RangeKG>
      <AG>0.1</AG>
      <PERC>1.4445709937747795</PERC>
      <Alpha>0</Alpha>
      <UZL>65.21237132789328</UZL>
      <K0>0.27372708295338793</K0>
      <K1>0.066893242304057951</K1>
      <K2>0.010000000178833743</K2>
      <MAXBAS>1</MAXBAS>
      <Cet>0</Cet>
      <PCALT>10</PCALT>
      <TCALT>0.6</TCALT>
      <Pelev>3349</Pelev>
      <Telev>2921</Telev>
      <PART>0.5</PART>
      <DELAY>1</DELAY>
    </SubCatchmentParameters>
    <SubCatchmentVegetationZone>
      <SubCatchmentVegetationZoneParameters>
        <TT>-1.8980512462604269</TT>
        <CFMAX>2.4994055892921261</CFMAX>
        <SP>0</SP>
        <SFCF>1.1059330733498061</SFCF>
        <CFR>0.00051215625815773872</CFR>
        <CWH>0.10000021456758748</CWH>
        <CFGlacier>1</CFGlacier>
        <CFSlope>1</CFSlope>
        <FC>1397.7245158560297</FC>
        <LP>0.94517476569176351</LP>
        <BETA>1.301478418734469</BETA>
      </SubCatchmentVegetationZoneParameters>
    </SubCatchmentVegetationZone>
  </SubCatchment>
</Catchment>