<?xml version="1.0" encoding="utf-8"?>
<Catchment xmlns:xsi="http://www.w3.org/2001/XMLSchema-instance" xmlns:xsd="http://www.w3.org/2001/XMLSchema">
  <CatchmentParameters>
    <KSI>0.001</KSI>
    <KGmin>0.05</KGmin>
    <RangeKG>0.1</RangeKG>
    <AG>0.1</AG>
    <PERC>1.509619345864035</PERC>
    <Alpha>0</Alpha>
    <UZL>68.865149512059872</UZL>
    <K0>0.347360750422979</K0>
    <K1>0.065381416463463057</K1>
    <K2>0.010000002774816597</K2>
    <MAXBAS>1</MAXBAS>
    <Cet>0</Cet>
    <PCALT>10</PCALT>
    <TCALT>0.6</TCALT>
    <Pelev>3349</Pelev>
    <Telev>2921</Telev>
    <PART>0.5</PART>
    <DELAY>1</DELAY>
  </CatchmentParameters>
  <VegetationZone>
    <VegetationZoneParameters>
      <TT>-2.0389460475019829</TT>
      <CFMAX>2.7789034435045141</CFMAX>
      <SP>0</SP>
      <SFCF>1.2551174681100938</SFCF>
      <CFR>0.00049650389687035785</CFR>
      <CWH>0.10000005361401129</CWH>
      <CFGlacier>1</CFGlacier>
      <CFSlope>1</CFSlope>
      <FC>2290.7126260008167</FC>
      <LP>0.7008424643201332</LP>
      <BETA>1.2356726449000179</BETA>
    </VegetationZoneParameters>
  </VegetationZone>
  <SubCatchment>
    <SubCatchmentParameters>
      <KSI>0.001</KSI>
      <KGmin>0.05</KGmin>
      <RangeKG>0.1</RangeKG>
      <AG>0.1</AG>
      <PERC>1.509619345864035</PERC>
      <Alpha>0</Alpha>
      <UZL>68.865149512059872</UZL>
      <K0>0.347360750422979</K0>
      <K1>0.065381416463463057</K1>
      <K2>0.010000002774816597</K2>
      <MAXBAS>1</MAXBAS>
      <Cet>0</Cet>
      <PCALT>10</PCALT>
      <TCALT>0.6</TCALT>
      <Pelev>3349</Pelev>
      <Telev>2921</Telev>
      <PART>0.5</PART>
      <DELAY>1</DELAY>
    </SubCatchmentParameters>
    <SubCatchmentVegetationZone>
      <SubCatchmentVegetationZoneParameters>
        <TT>-2.0389460475019829</TT>
        <CFMAX>2.7789034435045141</CFMAX>
        <SP>0</SP>
        <SFCF>1.2551174681100938</SFCF>
        <CFR>0.00049650389687035785</CFR>
        <CWH>0.10000005361401129</CWH>
        <CFGlacier>1</CFGlacier>
        <CFSlope>1</CFSlope>
        <FC>2290.7126260008167</FC>
        <LP>0.7008424643201332</LP>
        <BETA>1.2356726449000179</BETA>
      </SubCatchmentVegetationZoneParameters>
    </SubCatchmentVegetationZone>
  </SubCatchment>
</Catchment>