<?xml version="1.0" encoding="utf-8"?>
<Catchment xmlns:xsi="http://www.w3.org/2001/XMLSchema-instance" xmlns:xsd="http://www.w3.org/2001/XMLSchema">
  <CatchmentParameters>
    <KSI>0.001</KSI>
    <KGmin>0.05</KGmin>
    <RangeKG>0.1</RangeKG>
    <AG>0.1</AG>
    <PERC>1.1435483405804814</PERC>
    <Alpha>0</Alpha>
    <UZL>142.05464437205868</UZL>
    <K0>0.18619976261612947</K0>
    <K1>0.039551020032771556</K1>
    <K2>0.01000000272867275</K2>
    <MAXBAS>1</MAXBAS>
    <Cet>0</Cet>
    <PCALT>10</PCALT>
    <TCALT>0.6</TCALT>
    <Pelev>3349</Pelev>
    <Telev>2921</Telev>
    <PART>0.5</PART>
    <DELAY>1</DELAY>
  </CatchmentParameters>
  <VegetationZone>
    <VegetationZoneParameters>
      <TT>-1.7337186707993992</TT>
      <CFMAX>4.0754483624234785</CFMAX>
      <SP>0</SP>
      <SFCF>1.1887101132009961</SFCF>
      <CFR>7.9844019357338381E-09</CFR>
      <CWH>0.15444572603234644</CWH>
      <CFGlacier>1</CFGlacier>
      <CFSlope>1</CFSlope>
      <FC>2051.6165774218825</FC>
      <LP>0.8452103241085398</LP>
      <BETA>1.2824005419294646</BETA>
    </VegetationZoneParameters>
  </VegetationZone>
  <SubCatchment>
    <SubCatchmentParameters>
      <KSI>0.001</KSI>
      <KGmin>0.05</KGmin>
      <RangeKG>0.1</RangeKG>
      <AG>0.1</AG>
      <PERC>1.1435483405804814</PERC>
      <Alpha>0</Alpha>
      <UZL>142.05464437205868</UZL>
      <K0>0.18619976261612947</K0>
      <K1>0.039551020032771556</K1>
      <K2>0.01000000272867275</K2>
      <MAXBAS>1</MAXBAS>
      <Cet>0</Cet>
      <PCALT>10</PCALT>
      <TCALT>0.6</TCALT>
      <Pelev>3349</Pelev>
      <Telev>2921</Telev>
      <PART>0.5</PART>
      <DELAY>1</DELAY>
    </SubCatchmentParameters>
    <SubCatchmentVegetationZone>
      <SubCatchmentVegetationZoneParameters>
        <TT>-1.7337186707993992</TT>
        <CFMAX>4.0754483624234785</CFMAX>
        <SP>0</SP>
        <SFCF>1.1887101132009961</SFCF>
        <CFR>7.9844019357338381E-09</CFR>
        <CWH>0.15444572603234644</CWH>
        <CFGlacier>1</CFGlacier>
        <CFSlope>1</CFSlope>
        <FC>2051.6165774218825</FC>
        <LP>0.8452103241085398</LP>
        <BETA>1.2824005419294646</BETA>
      </SubCatchmentVegetationZoneParameters>
    </SubCatchmentVegetationZone>
  </SubCatchment>
</Catchment>