<?xml version="1.0" encoding="utf-8"?>
<Catchment xmlns:xsi="http://www.w3.org/2001/XMLSchema-instance" xmlns:xsd="http://www.w3.org/2001/XMLSchema">
  <CatchmentParameters>
    <KSI>0.001</KSI>
    <KGmin>0.05</KGmin>
    <RangeKG>0.1</RangeKG>
    <AG>0.1</AG>
    <PERC>1.7505683359204161</PERC>
    <Alpha>0</Alpha>
    <UZL>197.38062400794064</UZL>
    <K0>0.3730244264734392</K0>
    <K1>0.10541418523994724</K1>
    <K2>0.010000005014362193</K2>
    <MAXBAS>1</MAXBAS>
    <Cet>0</Cet>
    <PCALT>10</PCALT>
    <TCALT>0.6</TCALT>
    <Pelev>3349</Pelev>
    <Telev>2921</Telev>
    <PART>0.5</PART>
    <DELAY>1</DELAY>
  </CatchmentParameters>
  <VegetationZone>
    <VegetationZoneParameters>
      <TT>-1.8508251013832802</TT>
      <CFMAX>2.80770344677367</CFMAX>
      <SP>0</SP>
      <SFCF>1.2371729579720492</SFCF>
      <CFR>2.7524499874588312E-07</CFR>
      <CWH>0.1000002506201261</CWH>
      <CFGlacier>1</CFGlacier>
      <CFSlope>1</CFSlope>
      <FC>2477.0109494848248</FC>
      <LP>0.71788153224617912</LP>
      <BETA>1.2800337289398023</BETA>
    </VegetationZoneParameters>
  </VegetationZone>
  <SubCatchment>
    <SubCatchmentParameters>
      <KSI>0.001</KSI>
      <KGmin>0.05</KGmin>
      <RangeKG>0.1</RangeKG>
      <AG>0.1</AG>
      <PERC>1.7505683359204161</PERC>
      <Alpha>0</Alpha>
      <UZL>197.38062400794064</UZL>
      <K0>0.3730244264734392</K0>
      <K1>0.10541418523994724</K1>
      <K2>0.010000005014362193</K2>
      <MAXBAS>1</MAXBAS>
      <Cet>0</Cet>
      <PCALT>10</PCALT>
      <TCALT>0.6</TCALT>
      <Pelev>3349</Pelev>
      <Telev>2921</Telev>
      <PART>0.5</PART>
      <DELAY>1</DELAY>
    </SubCatchmentParameters>
    <SubCatchmentVegetationZone>
      <SubCatchmentVegetationZoneParameters>
        <TT>-1.8508251013832802</TT>
        <CFMAX>2.80770344677367</CFMAX>
        <SP>0</SP>
        <SFCF>1.2371729579720492</SFCF>
        <CFR>2.7524499874588312E-07</CFR>
        <CWH>0.1000002506201261</CWH>
        <CFGlacier>1</CFGlacier>
        <CFSlope>1</CFSlope>
        <FC>2477.0109494848248</FC>
        <LP>0.71788153224617912</LP>
        <BETA>1.2800337289398023</BETA>
      </SubCatchmentVegetationZoneParameters>
    </SubCatchmentVegetationZone>
  </SubCatchment>
</Catchment>