<?xml version="1.0" encoding="utf-8"?>
<Catchment xmlns:xsi="http://www.w3.org/2001/XMLSchema-instance" xmlns:xsd="http://www.w3.org/2001/XMLSchema">
  <CatchmentParameters>
    <KSI>0.001</KSI>
    <KGmin>0.05</KGmin>
    <RangeKG>0.1</RangeKG>
    <AG>0.1</AG>
    <PERC>6.2528020823995112</PERC>
    <Alpha>0</Alpha>
    <UZL>60.647753956377173</UZL>
    <K0>0.20618579303572521</K0>
    <K1>0.24121541523406681</K1>
    <K2>0.059798117632047329</K2>
    <MAXBAS>1.0050277200279061</MAXBAS>
    <Cet>0</Cet>
    <PCALT>10</PCALT>
    <TCALT>0.6</TCALT>
    <Pelev>3349</Pelev>
    <Telev>2921</Telev>
    <PART>0.5</PART>
    <DELAY>1</DELAY>
  </CatchmentParameters>
  <VegetationZone>
    <VegetationZoneParameters>
      <TT>-0.52956993177745471</TT>
      <CFMAX>3.048230682172242</CFMAX>
      <SP>0</SP>
      <SFCF>0.94467264929642281</SFCF>
      <CFR>0.030165461371687987</CFR>
      <CWH>0.10000019534434482</CWH>
      <CFGlacier>1</CFGlacier>
      <CFSlope>1</CFSlope>
      <FC>999.9966875697653</FC>
      <LP>0.96606480731061262</LP>
      <BETA>1.000001037844612</BETA>
    </VegetationZoneParameters>
  </VegetationZone>
  <SubCatchment>
    <SubCatchmentParameters>
      <KSI>0.001</KSI>
      <KGmin>0.05</KGmin>
      <RangeKG>0.1</RangeKG>
      <AG>0.1</AG>
      <PERC>6.2528020823995112</PERC>
      <Alpha>0</Alpha>
      <UZL>60.647753956377173</UZL>
      <K0>0.20618579303572521</K0>
      <K1>0.24121541523406681</K1>
      <K2>0.059798117632047329</K2>
      <MAXBAS>1.0050277200279061</MAXBAS>
      <Cet>0</Cet>
      <PCALT>10</PCALT>
      <TCALT>0.6</TCALT>
      <Pelev>3349</Pelev>
      <Telev>2921</Telev>
      <PART>0.5</PART>
      <DELAY>1</DELAY>
    </SubCatchmentParameters>
    <SubCatchmentVegetationZone>
      <SubCatchmentVegetationZoneParameters>
        <TT>-0.52956993177745471</TT>
        <CFMAX>3.048230682172242</CFMAX>
        <SP>0</SP>
        <SFCF>0.94467264929642281</SFCF>
        <CFR>0.030165461371687987</CFR>
        <CWH>0.10000019534434482</CWH>
        <CFGlacier>1</CFGlacier>
        <CFSlope>1</CFSlope>
        <FC>999.9966875697653</FC>
        <LP>0.96606480731061262</LP>
        <BETA>1.000001037844612</BETA>
      </SubCatchmentVegetationZoneParameters>
    </SubCatchmentVegetationZone>
  </SubCatchment>
</Catchment>