<?xml version="1.0" encoding="utf-8"?>
<Catchment xmlns:xsi="http://www.w3.org/2001/XMLSchema-instance" xmlns:xsd="http://www.w3.org/2001/XMLSchema">
  <CatchmentParameters>
    <KSI>0.001</KSI>
    <KGmin>0.05</KGmin>
    <RangeKG>0.1</RangeKG>
    <AG>0.1</AG>
    <PERC>9.9999999956404189</PERC>
    <Alpha>0</Alpha>
    <UZL>121.98308370954982</UZL>
    <K0>0.43917118647526815</K0>
    <K1>0.20251813101449998</K1>
    <K2>0.045117196571361221</K2>
    <MAXBAS>1.0075662685017242</MAXBAS>
    <Cet>0</Cet>
    <PCALT>10</PCALT>
    <TCALT>0.6</TCALT>
    <Pelev>3349</Pelev>
    <Telev>2921</Telev>
    <PART>0.5</PART>
    <DELAY>1</DELAY>
  </CatchmentParameters>
  <VegetationZone>
    <VegetationZoneParameters>
      <TT>-1.5439750343243963</TT>
      <CFMAX>3.4834780209684308</CFMAX>
      <SP>0</SP>
      <SFCF>0.93455939393248777</SFCF>
      <CFR>0.052252177147808589</CFR>
      <CWH>0.19999992927894159</CWH>
      <CFGlacier>1</CFGlacier>
      <CFSlope>1</CFSlope>
      <FC>497.13645855055677</FC>
      <LP>0.99999501248507383</LP>
      <BETA>1.2545994290794824</BETA>
    </VegetationZoneParameters>
  </VegetationZone>
  <SubCatchment>
    <SubCatchmentParameters>
      <KSI>0.001</KSI>
      <KGmin>0.05</KGmin>
      <RangeKG>0.1</RangeKG>
      <AG>0.1</AG>
      <PERC>9.9999999956404189</PERC>
      <Alpha>0</Alpha>
      <UZL>121.98308370954982</UZL>
      <K0>0.43917118647526815</K0>
      <K1>0.20251813101449998</K1>
      <K2>0.045117196571361221</K2>
      <MAXBAS>1.0075662685017242</MAXBAS>
      <Cet>0</Cet>
      <PCALT>10</PCALT>
      <TCALT>0.6</TCALT>
      <Pelev>3349</Pelev>
      <Telev>2921</Telev>
      <PART>0.5</PART>
      <DELAY>1</DELAY>
    </SubCatchmentParameters>
    <SubCatchmentVegetationZone>
      <SubCatchmentVegetationZoneParameters>
        <TT>-1.5439750343243963</TT>
        <CFMAX>3.4834780209684308</CFMAX>
        <SP>0</SP>
        <SFCF>0.93455939393248777</SFCF>
        <CFR>0.052252177147808589</CFR>
        <CWH>0.19999992927894159</CWH>
        <CFGlacier>1</CFGlacier>
        <CFSlope>1</CFSlope>
        <FC>497.13645855055677</FC>
        <LP>0.99999501248507383</LP>
        <BETA>1.2545994290794824</BETA>
      </SubCatchmentVegetationZoneParameters>
    </SubCatchmentVegetationZone>
  </SubCatchment>
</Catchment>