<?xml version="1.0" encoding="utf-8"?>
<Catchment xmlns:xsi="http://www.w3.org/2001/XMLSchema-instance" xmlns:xsd="http://www.w3.org/2001/XMLSchema">
  <CatchmentParameters>
    <KSI>0.001</KSI>
    <KGmin>0.05</KGmin>
    <RangeKG>0.1</RangeKG>
    <AG>0.1</AG>
    <PERC>9.9999268307821527</PERC>
    <Alpha>0</Alpha>
    <UZL>130.01004849172298</UZL>
    <K0>0.51715379362150027</K0>
    <K1>0.18005631994922025</K1>
    <K2>0.047067155541993727</K2>
    <MAXBAS>1.0000000070919077</MAXBAS>
    <Cet>0</Cet>
    <PCALT>10</PCALT>
    <TCALT>0.6</TCALT>
    <Pelev>3349</Pelev>
    <Telev>2921</Telev>
    <PART>0.5</PART>
    <DELAY>1</DELAY>
  </CatchmentParameters>
  <VegetationZone>
    <VegetationZoneParameters>
      <TT>-0.44963840875998656</TT>
      <CFMAX>4.5063609535530533</CFMAX>
      <SP>0</SP>
      <SFCF>0.90002810379451059</SFCF>
      <CFR>0.053729742995483651</CFR>
      <CWH>0.19999927790276553</CWH>
      <CFGlacier>1</CFGlacier>
      <CFSlope>1</CFSlope>
      <FC>578.239853158367</FC>
      <LP>0.99999700556991933</LP>
      <BETA>1.0000024567677794</BETA>
    </VegetationZoneParameters>
  </VegetationZone>
  <SubCatchment>
    <SubCatchmentParameters>
      <KSI>0.001</KSI>
      <KGmin>0.05</KGmin>
      <RangeKG>0.1</RangeKG>
      <AG>0.1</AG>
      <PERC>9.9999268307821527</PERC>
      <Alpha>0</Alpha>
      <UZL>130.01004849172298</UZL>
      <K0>0.51715379362150027</K0>
      <K1>0.18005631994922025</K1>
      <K2>0.047067155541993727</K2>
      <MAXBAS>1.0000000070919077</MAXBAS>
      <Cet>0</Cet>
      <PCALT>10</PCALT>
      <TCALT>0.6</TCALT>
      <Pelev>3349</Pelev>
      <Telev>2921</Telev>
      <PART>0.5</PART>
      <DELAY>1</DELAY>
    </SubCatchmentParameters>
    <SubCatchmentVegetationZone>
      <SubCatchmentVegetationZoneParameters>
        <TT>-0.44963840875998656</TT>
        <CFMAX>4.5063609535530533</CFMAX>
        <SP>0</SP>
        <SFCF>0.90002810379451059</SFCF>
        <CFR>0.053729742995483651</CFR>
        <CWH>0.19999927790276553</CWH>
        <CFGlacier>1</CFGlacier>
        <CFSlope>1</CFSlope>
        <FC>578.239853158367</FC>
        <LP>0.99999700556991933</LP>
        <BETA>1.0000024567677794</BETA>
      </SubCatchmentVegetationZoneParameters>
    </SubCatchmentVegetationZone>
  </SubCatchment>
</Catchment>