<?xml version="1.0" encoding="utf-8"?>
<Catchment xmlns:xsi="http://www.w3.org/2001/XMLSchema-instance" xmlns:xsd="http://www.w3.org/2001/XMLSchema">
  <CatchmentParameters>
    <KSI>0.001</KSI>
    <KGmin>0.05</KGmin>
    <RangeKG>0.1</RangeKG>
    <AG>0.1</AG>
    <PERC>5.4255709247421864</PERC>
    <Alpha>0</Alpha>
    <UZL>93.856229658974414</UZL>
    <K0>0.57942797768235565</K0>
    <K1>0.23083705066658067</K1>
    <K2>0.044108598789441338</K2>
    <MAXBAS>1.0049534144706276</MAXBAS>
    <Cet>0</Cet>
    <PCALT>10</PCALT>
    <TCALT>0.6</TCALT>
    <Pelev>3349</Pelev>
    <Telev>2921</Telev>
    <PART>0.5</PART>
    <DELAY>1</DELAY>
  </CatchmentParameters>
  <VegetationZone>
    <VegetationZoneParameters>
      <TT>-1.2688166568742452</TT>
      <CFMAX>2.3551301741709878</CFMAX>
      <SP>0</SP>
      <SFCF>0.85881719522991851</SFCF>
      <CFR>0.024152164666431285</CFR>
      <CWH>0.10000016523918252</CWH>
      <CFGlacier>1</CFGlacier>
      <CFSlope>1</CFSlope>
      <FC>271.26315751423238</FC>
      <LP>0.91083259226539159</LP>
      <BETA>1.000000000209736</BETA>
    </VegetationZoneParameters>
  </VegetationZone>
  <SubCatchment>
    <SubCatchmentParameters>
      <KSI>0.001</KSI>
      <KGmin>0.05</KGmin>
      <RangeKG>0.1</RangeKG>
      <AG>0.1</AG>
      <PERC>5.4255709247421864</PERC>
      <Alpha>0</Alpha>
      <UZL>93.856229658974414</UZL>
      <K0>0.57942797768235565</K0>
      <K1>0.23083705066658067</K1>
      <K2>0.044108598789441338</K2>
      <MAXBAS>1.0049534144706276</MAXBAS>
      <Cet>0</Cet>
      <PCALT>10</PCALT>
      <TCALT>0.6</TCALT>
      <Pelev>3349</Pelev>
      <Telev>2921</Telev>
      <PART>0.5</PART>
      <DELAY>1</DELAY>
    </SubCatchmentParameters>
    <SubCatchmentVegetationZone>
      <SubCatchmentVegetationZoneParameters>
        <TT>-1.2688166568742452</TT>
        <CFMAX>2.3551301741709878</CFMAX>
        <SP>0</SP>
        <SFCF>0.85881719522991851</SFCF>
        <CFR>0.024152164666431285</CFR>
        <CWH>0.10000016523918252</CWH>
        <CFGlacier>1</CFGlacier>
        <CFSlope>1</CFSlope>
        <FC>271.26315751423238</FC>
        <LP>0.91083259226539159</LP>
        <BETA>1.000000000209736</BETA>
      </SubCatchmentVegetationZoneParameters>
    </SubCatchmentVegetationZone>
  </SubCatchment>
</Catchment>