<?xml version="1.0" encoding="utf-8"?>
<Catchment xmlns:xsi="http://www.w3.org/2001/XMLSchema-instance" xmlns:xsd="http://www.w3.org/2001/XMLSchema">
  <CatchmentParameters>
    <KSI>0.001</KSI>
    <KGmin>0.05</KGmin>
    <RangeKG>0.1</RangeKG>
    <AG>0.1</AG>
    <PERC>1.438255946280528</PERC>
    <Alpha>0</Alpha>
    <UZL>66.559180406845</UZL>
    <K0>0.27271942525739212</K0>
    <K1>0.068229242581112889</K1>
    <K2>0.010000005317592939</K2>
    <MAXBAS>1</MAXBAS>
    <Cet>0</Cet>
    <PCALT>10</PCALT>
    <TCALT>0.6</TCALT>
    <Pelev>3349</Pelev>
    <Telev>2921</Telev>
    <PART>0.5</PART>
    <DELAY>1</DELAY>
  </CatchmentParameters>
  <VegetationZone>
    <VegetationZoneParameters>
      <TT>-1.3125008889466427</TT>
      <CFMAX>2.8538322953192763</CFMAX>
      <SP>0</SP>
      <SFCF>1.094713788018113</SFCF>
      <CFR>7.1232179034544106E-10</CFR>
      <CWH>0.10000009407252332</CWH>
      <CFGlacier>1</CFGlacier>
      <CFSlope>1</CFSlope>
      <FC>2297.2721068563351</FC>
      <LP>0.82293126055850807</LP>
      <BETA>1.1147848720142934</BETA>
    </VegetationZoneParameters>
  </VegetationZone>
  <SubCatchment>
    <SubCatchmentParameters>
      <KSI>0.001</KSI>
      <KGmin>0.05</KGmin>
      <RangeKG>0.1</RangeKG>
      <AG>0.1</AG>
      <PERC>1.438255946280528</PERC>
      <Alpha>0</Alpha>
      <UZL>66.559180406845</UZL>
      <K0>0.27271942525739212</K0>
      <K1>0.068229242581112889</K1>
      <K2>0.010000005317592939</K2>
      <MAXBAS>1</MAXBAS>
      <Cet>0</Cet>
      <PCALT>10</PCALT>
      <TCALT>0.6</TCALT>
      <Pelev>3349</Pelev>
      <Telev>2921</Telev>
      <PART>0.5</PART>
      <DELAY>1</DELAY>
    </SubCatchmentParameters>
    <SubCatchmentVegetationZone>
      <SubCatchmentVegetationZoneParameters>
        <TT>-1.3125008889466427</TT>
        <CFMAX>2.8538322953192763</CFMAX>
        <SP>0</SP>
        <SFCF>1.094713788018113</SFCF>
        <CFR>7.1232179034544106E-10</CFR>
        <CWH>0.10000009407252332</CWH>
        <CFGlacier>1</CFGlacier>
        <CFSlope>1</CFSlope>
        <FC>2297.2721068563351</FC>
        <LP>0.82293126055850807</LP>
        <BETA>1.1147848720142934</BETA>
      </SubCatchmentVegetationZoneParameters>
    </SubCatchmentVegetationZone>
  </SubCatchment>
</Catchment>