<?xml version="1.0" encoding="utf-8"?>
<Catchment xmlns:xsi="http://www.w3.org/2001/XMLSchema-instance" xmlns:xsd="http://www.w3.org/2001/XMLSchema">
  <CatchmentParameters>
    <KSI>0.001</KSI>
    <KGmin>0.05</KGmin>
    <RangeKG>0.1</RangeKG>
    <AG>0.1</AG>
    <PERC>9.9998976609603645</PERC>
    <Alpha>0</Alpha>
    <UZL>134.23665261215274</UZL>
    <K0>0.394220013515803</K0>
    <K1>0.18553393674570387</K1>
    <K2>0.040600928830516775</K2>
    <MAXBAS>1.0001242290957568</MAXBAS>
    <Cet>0</Cet>
    <PCALT>10</PCALT>
    <TCALT>0.6</TCALT>
    <Pelev>3349</Pelev>
    <Telev>2921</Telev>
    <PART>0.5</PART>
    <DELAY>1</DELAY>
  </CatchmentParameters>
  <VegetationZone>
    <VegetationZoneParameters>
      <TT>-1.8753193581975394</TT>
      <CFMAX>2.7537743996612716</CFMAX>
      <SP>0</SP>
      <SFCF>0.8225721769950084</SFCF>
      <CFR>0.099999640147500124</CFR>
      <CWH>0.199999759687964</CWH>
      <CFGlacier>1</CFGlacier>
      <CFSlope>1</CFSlope>
      <FC>224.9142807882381</FC>
      <LP>0.99999100735165058</LP>
      <BETA>1.4001520370587388</BETA>
    </VegetationZoneParameters>
  </VegetationZone>
  <SubCatchment>
    <SubCatchmentParameters>
      <KSI>0.001</KSI>
      <KGmin>0.05</KGmin>
      <RangeKG>0.1</RangeKG>
      <AG>0.1</AG>
      <PERC>9.9998976609603645</PERC>
      <Alpha>0</Alpha>
      <UZL>134.23665261215274</UZL>
      <K0>0.394220013515803</K0>
      <K1>0.18553393674570387</K1>
      <K2>0.040600928830516775</K2>
      <MAXBAS>1.0001242290957568</MAXBAS>
      <Cet>0</Cet>
      <PCALT>10</PCALT>
      <TCALT>0.6</TCALT>
      <Pelev>3349</Pelev>
      <Telev>2921</Telev>
      <PART>0.5</PART>
      <DELAY>1</DELAY>
    </SubCatchmentParameters>
    <SubCatchmentVegetationZone>
      <SubCatchmentVegetationZoneParameters>
        <TT>-1.8753193581975394</TT>
        <CFMAX>2.7537743996612716</CFMAX>
        <SP>0</SP>
        <SFCF>0.8225721769950084</SFCF>
        <CFR>0.099999640147500124</CFR>
        <CWH>0.199999759687964</CWH>
        <CFGlacier>1</CFGlacier>
        <CFSlope>1</CFSlope>
        <FC>224.9142807882381</FC>
        <LP>0.99999100735165058</LP>
        <BETA>1.4001520370587388</BETA>
      </SubCatchmentVegetationZoneParameters>
    </SubCatchmentVegetationZone>
  </SubCatchment>
</Catchment>