<?xml version="1.0" encoding="utf-8"?>
<Catchment xmlns:xsi="http://www.w3.org/2001/XMLSchema-instance" xmlns:xsd="http://www.w3.org/2001/XMLSchema">
  <CatchmentParameters>
    <KSI>0.001</KSI>
    <KGmin>0.05</KGmin>
    <RangeKG>0.1</RangeKG>
    <AG>0.1</AG>
    <PERC>1.5892912872705887</PERC>
    <Alpha>0</Alpha>
    <UZL>71.238138742460876</UZL>
    <K0>0.41302163278447812</K0>
    <K1>0.068611902779844261</K1>
    <K2>0.010000002295895528</K2>
    <MAXBAS>1</MAXBAS>
    <Cet>0</Cet>
    <PCALT>10</PCALT>
    <TCALT>0.6</TCALT>
    <Pelev>3349</Pelev>
    <Telev>2921</Telev>
    <PART>0.5</PART>
    <DELAY>1</DELAY>
  </CatchmentParameters>
  <VegetationZone>
    <VegetationZoneParameters>
      <TT>-2.0247409164609875</TT>
      <CFMAX>3.1001064554339721</CFMAX>
      <SP>0</SP>
      <SFCF>1.3534008728693314</SFCF>
      <CFR>2.8407781049548646E-08</CFR>
      <CWH>0.10000000174791128</CWH>
      <CFGlacier>1</CFGlacier>
      <CFSlope>1</CFSlope>
      <FC>2499.9934878639829</FC>
      <LP>0.68212696367555226</LP>
      <BETA>1.5896134991710524</BETA>
    </VegetationZoneParameters>
  </VegetationZone>
  <SubCatchment>
    <SubCatchmentParameters>
      <KSI>0.001</KSI>
      <KGmin>0.05</KGmin>
      <RangeKG>0.1</RangeKG>
      <AG>0.1</AG>
      <PERC>1.5892912872705887</PERC>
      <Alpha>0</Alpha>
      <UZL>71.238138742460876</UZL>
      <K0>0.41302163278447812</K0>
      <K1>0.068611902779844261</K1>
      <K2>0.010000002295895528</K2>
      <MAXBAS>1</MAXBAS>
      <Cet>0</Cet>
      <PCALT>10</PCALT>
      <TCALT>0.6</TCALT>
      <Pelev>3349</Pelev>
      <Telev>2921</Telev>
      <PART>0.5</PART>
      <DELAY>1</DELAY>
    </SubCatchmentParameters>
    <SubCatchmentVegetationZone>
      <SubCatchmentVegetationZoneParameters>
        <TT>-2.0247409164609875</TT>
        <CFMAX>3.1001064554339721</CFMAX>
        <SP>0</SP>
        <SFCF>1.3534008728693314</SFCF>
        <CFR>2.8407781049548646E-08</CFR>
        <CWH>0.10000000174791128</CWH>
        <CFGlacier>1</CFGlacier>
        <CFSlope>1</CFSlope>
        <FC>2499.9934878639829</FC>
        <LP>0.68212696367555226</LP>
        <BETA>1.5896134991710524</BETA>
      </SubCatchmentVegetationZoneParameters>
    </SubCatchmentVegetationZone>
  </SubCatchment>
</Catchment>