<?xml version="1.0" encoding="utf-8"?>
<Catchment xmlns:xsi="http://www.w3.org/2001/XMLSchema-instance" xmlns:xsd="http://www.w3.org/2001/XMLSchema">
  <CatchmentParameters>
    <KSI>0.001</KSI>
    <KGmin>0.05</KGmin>
    <RangeKG>0.1</RangeKG>
    <AG>0.1</AG>
    <PERC>1.5355603431760094</PERC>
    <Alpha>0</Alpha>
    <UZL>65.056947799752422</UZL>
    <K0>0.30656637482264582</K0>
    <K1>0.068336667118538558</K1>
    <K2>0.010000003026059289</K2>
    <MAXBAS>1</MAXBAS>
    <Cet>0</Cet>
    <PCALT>10</PCALT>
    <TCALT>0.6</TCALT>
    <Pelev>3349</Pelev>
    <Telev>2921</Telev>
    <PART>0.5</PART>
    <DELAY>1</DELAY>
  </CatchmentParameters>
  <VegetationZone>
    <VegetationZoneParameters>
      <TT>-1.9010562129667241</TT>
      <CFMAX>2.9000660355811423</CFMAX>
      <SP>0</SP>
      <SFCF>1.2451324606565863</SFCF>
      <CFR>2.3451421752442589E-13</CFR>
      <CWH>0.10000000685118643</CWH>
      <CFGlacier>1</CFGlacier>
      <CFSlope>1</CFSlope>
      <FC>2272.0604311185202</FC>
      <LP>0.76809463429973113</LP>
      <BETA>1.4692809300015111</BETA>
    </VegetationZoneParameters>
  </VegetationZone>
  <SubCatchment>
    <SubCatchmentParameters>
      <KSI>0.001</KSI>
      <KGmin>0.05</KGmin>
      <RangeKG>0.1</RangeKG>
      <AG>0.1</AG>
      <PERC>1.5355603431760094</PERC>
      <Alpha>0</Alpha>
      <UZL>65.056947799752422</UZL>
      <K0>0.30656637482264582</K0>
      <K1>0.068336667118538558</K1>
      <K2>0.010000003026059289</K2>
      <MAXBAS>1</MAXBAS>
      <Cet>0</Cet>
      <PCALT>10</PCALT>
      <TCALT>0.6</TCALT>
      <Pelev>3349</Pelev>
      <Telev>2921</Telev>
      <PART>0.5</PART>
      <DELAY>1</DELAY>
    </SubCatchmentParameters>
    <SubCatchmentVegetationZone>
      <SubCatchmentVegetationZoneParameters>
        <TT>-1.9010562129667241</TT>
        <CFMAX>2.9000660355811423</CFMAX>
        <SP>0</SP>
        <SFCF>1.2451324606565863</SFCF>
        <CFR>2.3451421752442589E-13</CFR>
        <CWH>0.10000000685118643</CWH>
        <CFGlacier>1</CFGlacier>
        <CFSlope>1</CFSlope>
        <FC>2272.0604311185202</FC>
        <LP>0.76809463429973113</LP>
        <BETA>1.4692809300015111</BETA>
      </SubCatchmentVegetationZoneParameters>
    </SubCatchmentVegetationZone>
  </SubCatchment>
</Catchment>