<?xml version="1.0" encoding="utf-8"?>
<Catchment xmlns:xsi="http://www.w3.org/2001/XMLSchema-instance" xmlns:xsd="http://www.w3.org/2001/XMLSchema">
  <CatchmentParameters>
    <KSI>0.001</KSI>
    <KGmin>0.05</KGmin>
    <RangeKG>0.1</RangeKG>
    <AG>0.1</AG>
    <PERC>9.9999841260714177</PERC>
    <Alpha>0</Alpha>
    <UZL>139.25486659402844</UZL>
    <K0>0.54673493399284656</K0>
    <K1>0.15733612137279776</K1>
    <K2>0.045779939653208063</K2>
    <MAXBAS>1.0000116226616378</MAXBAS>
    <Cet>0</Cet>
    <PCALT>10</PCALT>
    <TCALT>0.6</TCALT>
    <Pelev>3349</Pelev>
    <Telev>2921</Telev>
    <PART>0.5</PART>
    <DELAY>1</DELAY>
  </CatchmentParameters>
  <VegetationZone>
    <VegetationZoneParameters>
      <TT>-0.079972356490033064</TT>
      <CFMAX>3.9956680756012317</CFMAX>
      <SP>0</SP>
      <SFCF>0.77412706680316312</SFCF>
      <CFR>0.00013781792656281574</CFR>
      <CWH>0.17702678764669605</CWH>
      <CFGlacier>1</CFGlacier>
      <CFSlope>1</CFSlope>
      <FC>231.41687140679431</FC>
      <LP>0.99999785149768394</LP>
      <BETA>1.0000013003065353</BETA>
    </VegetationZoneParameters>
  </VegetationZone>
  <SubCatchment>
    <SubCatchmentParameters>
      <KSI>0.001</KSI>
      <KGmin>0.05</KGmin>
      <RangeKG>0.1</RangeKG>
      <AG>0.1</AG>
      <PERC>9.9999841260714177</PERC>
      <Alpha>0</Alpha>
      <UZL>139.25486659402844</UZL>
      <K0>0.54673493399284656</K0>
      <K1>0.15733612137279776</K1>
      <K2>0.045779939653208063</K2>
      <MAXBAS>1.0000116226616378</MAXBAS>
      <Cet>0</Cet>
      <PCALT>10</PCALT>
      <TCALT>0.6</TCALT>
      <Pelev>3349</Pelev>
      <Telev>2921</Telev>
      <PART>0.5</PART>
      <DELAY>1</DELAY>
    </SubCatchmentParameters>
    <SubCatchmentVegetationZone>
      <SubCatchmentVegetationZoneParameters>
        <TT>-0.079972356490033064</TT>
        <CFMAX>3.9956680756012317</CFMAX>
        <SP>0</SP>
        <SFCF>0.77412706680316312</SFCF>
        <CFR>0.00013781792656281574</CFR>
        <CWH>0.17702678764669605</CWH>
        <CFGlacier>1</CFGlacier>
        <CFSlope>1</CFSlope>
        <FC>231.41687140679431</FC>
        <LP>0.99999785149768394</LP>
        <BETA>1.0000013003065353</BETA>
      </SubCatchmentVegetationZoneParameters>
    </SubCatchmentVegetationZone>
  </SubCatchment>
</Catchment>