<?xml version="1.0" encoding="utf-8"?>
<Catchment xmlns:xsi="http://www.w3.org/2001/XMLSchema-instance" xmlns:xsd="http://www.w3.org/2001/XMLSchema">
  <CatchmentParameters>
    <KSI>0.001</KSI>
    <KGmin>0.05</KGmin>
    <RangeKG>0.1</RangeKG>
    <AG>0.1</AG>
    <PERC>7.031824944642822</PERC>
    <Alpha>0</Alpha>
    <UZL>136.08460693529406</UZL>
    <K0>0.55734093070951918</K0>
    <K1>0.25396414128478045</K1>
    <K2>0.061744551162960806</K2>
    <MAXBAS>1.0049634254723727</MAXBAS>
    <Cet>0</Cet>
    <PCALT>10</PCALT>
    <TCALT>0.6</TCALT>
    <Pelev>3349</Pelev>
    <Telev>2921</Telev>
    <PART>0.5</PART>
    <DELAY>1</DELAY>
  </CatchmentParameters>
  <VegetationZone>
    <VegetationZoneParameters>
      <TT>-0.75851110470231908</TT>
      <CFMAX>3.0277592608683666</CFMAX>
      <SP>0</SP>
      <SFCF>0.98966353682719344</SFCF>
      <CFR>0.00046991133985555087</CFR>
      <CWH>0.10000011994247877</CWH>
      <CFGlacier>1</CFGlacier>
      <CFSlope>1</CFSlope>
      <FC>999.99741949755355</FC>
      <LP>0.95924878987514972</LP>
      <BETA>1.1096399770701757</BETA>
    </VegetationZoneParameters>
  </VegetationZone>
  <SubCatchment>
    <SubCatchmentParameters>
      <KSI>0.001</KSI>
      <KGmin>0.05</KGmin>
      <RangeKG>0.1</RangeKG>
      <AG>0.1</AG>
      <PERC>7.031824944642822</PERC>
      <Alpha>0</Alpha>
      <UZL>136.08460693529406</UZL>
      <K0>0.55734093070951918</K0>
      <K1>0.25396414128478045</K1>
      <K2>0.061744551162960806</K2>
      <MAXBAS>1.0049634254723727</MAXBAS>
      <Cet>0</Cet>
      <PCALT>10</PCALT>
      <TCALT>0.6</TCALT>
      <Pelev>3349</Pelev>
      <Telev>2921</Telev>
      <PART>0.5</PART>
      <DELAY>1</DELAY>
    </SubCatchmentParameters>
    <SubCatchmentVegetationZone>
      <SubCatchmentVegetationZoneParameters>
        <TT>-0.75851110470231908</TT>
        <CFMAX>3.0277592608683666</CFMAX>
        <SP>0</SP>
        <SFCF>0.98966353682719344</SFCF>
        <CFR>0.00046991133985555087</CFR>
        <CWH>0.10000011994247877</CWH>
        <CFGlacier>1</CFGlacier>
        <CFSlope>1</CFSlope>
        <FC>999.99741949755355</FC>
        <LP>0.95924878987514972</LP>
        <BETA>1.1096399770701757</BETA>
      </SubCatchmentVegetationZoneParameters>
    </SubCatchmentVegetationZone>
  </SubCatchment>
</Catchment>