<?xml version="1.0" encoding="utf-8"?>
<Catchment xmlns:xsi="http://www.w3.org/2001/XMLSchema-instance" xmlns:xsd="http://www.w3.org/2001/XMLSchema">
  <CatchmentParameters>
    <KSI>0.001</KSI>
    <KGmin>0.05</KGmin>
    <RangeKG>0.1</RangeKG>
    <AG>0.1</AG>
    <PERC>7.5608664505868308</PERC>
    <Alpha>0</Alpha>
    <UZL>125.5067393506145</UZL>
    <K0>0.906719589989049</K0>
    <K1>0.28437337687036107</K1>
    <K2>0.053377289260924624</K2>
    <MAXBAS>1.0049804249744747</MAXBAS>
    <Cet>0</Cet>
    <PCALT>10</PCALT>
    <TCALT>0.6</TCALT>
    <Pelev>3349</Pelev>
    <Telev>2921</Telev>
    <PART>0.5</PART>
    <DELAY>1</DELAY>
  </CatchmentParameters>
  <VegetationZone>
    <VegetationZoneParameters>
      <TT>-0.49799115178200759</TT>
      <CFMAX>2.4414028633756053</CFMAX>
      <SP>0</SP>
      <SFCF>0.74701212159080865</SFCF>
      <CFR>0.022350182979014102</CFR>
      <CWH>0.10000000001614209</CWH>
      <CFGlacier>1</CFGlacier>
      <CFSlope>1</CFSlope>
      <FC>150.97017429848256</FC>
      <LP>0.94423291398727316</LP>
      <BETA>1.0000008713481987</BETA>
    </VegetationZoneParameters>
  </VegetationZone>
  <SubCatchment>
    <SubCatchmentParameters>
      <KSI>0.001</KSI>
      <KGmin>0.05</KGmin>
      <RangeKG>0.1</RangeKG>
      <AG>0.1</AG>
      <PERC>7.5608664505868308</PERC>
      <Alpha>0</Alpha>
      <UZL>125.5067393506145</UZL>
      <K0>0.906719589989049</K0>
      <K1>0.28437337687036107</K1>
      <K2>0.053377289260924624</K2>
      <MAXBAS>1.0049804249744747</MAXBAS>
      <Cet>0</Cet>
      <PCALT>10</PCALT>
      <TCALT>0.6</TCALT>
      <Pelev>3349</Pelev>
      <Telev>2921</Telev>
      <PART>0.5</PART>
      <DELAY>1</DELAY>
    </SubCatchmentParameters>
    <SubCatchmentVegetationZone>
      <SubCatchmentVegetationZoneParameters>
        <TT>-0.49799115178200759</TT>
        <CFMAX>2.4414028633756053</CFMAX>
        <SP>0</SP>
        <SFCF>0.74701212159080865</SFCF>
        <CFR>0.022350182979014102</CFR>
        <CWH>0.10000000001614209</CWH>
        <CFGlacier>1</CFGlacier>
        <CFSlope>1</CFSlope>
        <FC>150.97017429848256</FC>
        <LP>0.94423291398727316</LP>
        <BETA>1.0000008713481987</BETA>
      </SubCatchmentVegetationZoneParameters>
    </SubCatchmentVegetationZone>
  </SubCatchment>
</Catchment>