<?xml version="1.0" encoding="utf-8"?>
<Catchment xmlns:xsi="http://www.w3.org/2001/XMLSchema-instance" xmlns:xsd="http://www.w3.org/2001/XMLSchema">
  <CatchmentParameters>
    <KSI>0.001</KSI>
    <KGmin>0.05</KGmin>
    <RangeKG>0.1</RangeKG>
    <AG>0.1</AG>
    <PERC>1.3996180646964329</PERC>
    <Alpha>0</Alpha>
    <UZL>78.412407962388031</UZL>
    <K0>0.37044411787309373</K0>
    <K1>0.060030377225635839</K1>
    <K2>0.010000005010717504</K2>
    <MAXBAS>1</MAXBAS>
    <Cet>0</Cet>
    <PCALT>10</PCALT>
    <TCALT>0.6</TCALT>
    <Pelev>3349</Pelev>
    <Telev>2921</Telev>
    <PART>0.5</PART>
    <DELAY>1</DELAY>
  </CatchmentParameters>
  <VegetationZone>
    <VegetationZoneParameters>
      <TT>-1.8985779315922178</TT>
      <CFMAX>2.8999919318627962</CFMAX>
      <SP>0</SP>
      <SFCF>1.2358607847801884</SFCF>
      <CFR>8.5985820207619087E-08</CFR>
      <CWH>0.10000008095521563</CWH>
      <CFGlacier>1</CFGlacier>
      <CFSlope>1</CFSlope>
      <FC>2327.1294928374582</FC>
      <LP>0.77889832220862043</LP>
      <BETA>1.4586335353795221</BETA>
    </VegetationZoneParameters>
  </VegetationZone>
  <SubCatchment>
    <SubCatchmentParameters>
      <KSI>0.001</KSI>
      <KGmin>0.05</KGmin>
      <RangeKG>0.1</RangeKG>
      <AG>0.1</AG>
      <PERC>1.3996180646964329</PERC>
      <Alpha>0</Alpha>
      <UZL>78.412407962388031</UZL>
      <K0>0.37044411787309373</K0>
      <K1>0.060030377225635839</K1>
      <K2>0.010000005010717504</K2>
      <MAXBAS>1</MAXBAS>
      <Cet>0</Cet>
      <PCALT>10</PCALT>
      <TCALT>0.6</TCALT>
      <Pelev>3349</Pelev>
      <Telev>2921</Telev>
      <PART>0.5</PART>
      <DELAY>1</DELAY>
    </SubCatchmentParameters>
    <SubCatchmentVegetationZone>
      <SubCatchmentVegetationZoneParameters>
        <TT>-1.8985779315922178</TT>
        <CFMAX>2.8999919318627962</CFMAX>
        <SP>0</SP>
        <SFCF>1.2358607847801884</SFCF>
        <CFR>8.5985820207619087E-08</CFR>
        <CWH>0.10000008095521563</CWH>
        <CFGlacier>1</CFGlacier>
        <CFSlope>1</CFSlope>
        <FC>2327.1294928374582</FC>
        <LP>0.77889832220862043</LP>
        <BETA>1.4586335353795221</BETA>
      </SubCatchmentVegetationZoneParameters>
    </SubCatchmentVegetationZone>
  </SubCatchment>
</Catchment>