<?xml version="1.0" encoding="utf-8"?>
<Catchment xmlns:xsi="http://www.w3.org/2001/XMLSchema-instance" xmlns:xsd="http://www.w3.org/2001/XMLSchema">
  <CatchmentParameters>
    <KSI>0.001</KSI>
    <KGmin>0.05</KGmin>
    <RangeKG>0.1</RangeKG>
    <AG>0.1</AG>
    <PERC>9.9999888619773643</PERC>
    <Alpha>0</Alpha>
    <UZL>144.23169030684753</UZL>
    <K0>0.18051510283544967</K0>
    <K1>0.22873740591667868</K1>
    <K2>0.049208555673793522</K2>
    <MAXBAS>1.0001922593814623</MAXBAS>
    <Cet>0</Cet>
    <PCALT>10</PCALT>
    <TCALT>0.6</TCALT>
    <Pelev>3349</Pelev>
    <Telev>2921</Telev>
    <PART>0.5</PART>
    <DELAY>1</DELAY>
  </CatchmentParameters>
  <VegetationZone>
    <VegetationZoneParameters>
      <TT>-1.2125600333809241</TT>
      <CFMAX>3.8881479797001388</CFMAX>
      <SP>0</SP>
      <SFCF>0.99514754474293021</SFCF>
      <CFR>0.011219623045303414</CFR>
      <CWH>0.19999912837221892</CWH>
      <CFGlacier>1</CFGlacier>
      <CFSlope>1</CFSlope>
      <FC>842.7838312843096</FC>
      <LP>0.999999691522603</LP>
      <BETA>1.3493482179003451</BETA>
    </VegetationZoneParameters>
  </VegetationZone>
  <SubCatchment>
    <SubCatchmentParameters>
      <KSI>0.001</KSI>
      <KGmin>0.05</KGmin>
      <RangeKG>0.1</RangeKG>
      <AG>0.1</AG>
      <PERC>9.9999888619773643</PERC>
      <Alpha>0</Alpha>
      <UZL>144.23169030684753</UZL>
      <K0>0.18051510283544967</K0>
      <K1>0.22873740591667868</K1>
      <K2>0.049208555673793522</K2>
      <MAXBAS>1.0001922593814623</MAXBAS>
      <Cet>0</Cet>
      <PCALT>10</PCALT>
      <TCALT>0.6</TCALT>
      <Pelev>3349</Pelev>
      <Telev>2921</Telev>
      <PART>0.5</PART>
      <DELAY>1</DELAY>
    </SubCatchmentParameters>
    <SubCatchmentVegetationZone>
      <SubCatchmentVegetationZoneParameters>
        <TT>-1.2125600333809241</TT>
        <CFMAX>3.8881479797001388</CFMAX>
        <SP>0</SP>
        <SFCF>0.99514754474293021</SFCF>
        <CFR>0.011219623045303414</CFR>
        <CWH>0.19999912837221892</CWH>
        <CFGlacier>1</CFGlacier>
        <CFSlope>1</CFSlope>
        <FC>842.7838312843096</FC>
        <LP>0.999999691522603</LP>
        <BETA>1.3493482179003451</BETA>
      </SubCatchmentVegetationZoneParameters>
    </SubCatchmentVegetationZone>
  </SubCatchment>
</Catchment>