<?xml version="1.0" encoding="utf-8"?>
<Catchment xmlns:xsi="http://www.w3.org/2001/XMLSchema-instance" xmlns:xsd="http://www.w3.org/2001/XMLSchema">
  <CatchmentParameters>
    <KSI>0.001</KSI>
    <KGmin>0.05</KGmin>
    <RangeKG>0.1</RangeKG>
    <AG>0.1</AG>
    <PERC>7.7145011010723907</PERC>
    <Alpha>0</Alpha>
    <UZL>56.259157652470257</UZL>
    <K0>0.33019692486306351</K0>
    <K1>0.329873543257151</K1>
    <K2>0.053469650902007622</K2>
    <MAXBAS>1.00499052850613</MAXBAS>
    <Cet>0</Cet>
    <PCALT>10</PCALT>
    <TCALT>0.6</TCALT>
    <Pelev>3349</Pelev>
    <Telev>2921</Telev>
    <PART>0.5</PART>
    <DELAY>1</DELAY>
  </CatchmentParameters>
  <VegetationZone>
    <VegetationZoneParameters>
      <TT>-1.9440085271966321</TT>
      <CFMAX>2.0982013505202066</CFMAX>
      <SP>0</SP>
      <SFCF>0.87105300012641262</SFCF>
      <CFR>0.0632911861736097</CFR>
      <CWH>0.10000000002567777</CWH>
      <CFGlacier>1</CFGlacier>
      <CFSlope>1</CFSlope>
      <FC>253.48261102013214</FC>
      <LP>0.73648755890144635</LP>
      <BETA>1.675046426383612</BETA>
    </VegetationZoneParameters>
  </VegetationZone>
  <SubCatchment>
    <SubCatchmentParameters>
      <KSI>0.001</KSI>
      <KGmin>0.05</KGmin>
      <RangeKG>0.1</RangeKG>
      <AG>0.1</AG>
      <PERC>7.7145011010723907</PERC>
      <Alpha>0</Alpha>
      <UZL>56.259157652470257</UZL>
      <K0>0.33019692486306351</K0>
      <K1>0.329873543257151</K1>
      <K2>0.053469650902007622</K2>
      <MAXBAS>1.00499052850613</MAXBAS>
      <Cet>0</Cet>
      <PCALT>10</PCALT>
      <TCALT>0.6</TCALT>
      <Pelev>3349</Pelev>
      <Telev>2921</Telev>
      <PART>0.5</PART>
      <DELAY>1</DELAY>
    </SubCatchmentParameters>
    <SubCatchmentVegetationZone>
      <SubCatchmentVegetationZoneParameters>
        <TT>-1.9440085271966321</TT>
        <CFMAX>2.0982013505202066</CFMAX>
        <SP>0</SP>
        <SFCF>0.87105300012641262</SFCF>
        <CFR>0.0632911861736097</CFR>
        <CWH>0.10000000002567777</CWH>
        <CFGlacier>1</CFGlacier>
        <CFSlope>1</CFSlope>
        <FC>253.48261102013214</FC>
        <LP>0.73648755890144635</LP>
        <BETA>1.675046426383612</BETA>
      </SubCatchmentVegetationZoneParameters>
    </SubCatchmentVegetationZone>
  </SubCatchment>
</Catchment>