<?xml version="1.0" encoding="utf-8"?>
<Catchment xmlns:xsi="http://www.w3.org/2001/XMLSchema-instance" xmlns:xsd="http://www.w3.org/2001/XMLSchema">
  <CatchmentParameters>
    <KSI>0.001</KSI>
    <KGmin>0.05</KGmin>
    <RangeKG>0.1</RangeKG>
    <AG>0.1</AG>
    <PERC>1.8681724950465921</PERC>
    <Alpha>0</Alpha>
    <UZL>52.789936531557956</UZL>
    <K0>0.24246144317949581</K0>
    <K1>0.088267580848996108</K1>
    <K2>0.01000000000311153</K2>
    <MAXBAS>1</MAXBAS>
    <Cet>0</Cet>
    <PCALT>10</PCALT>
    <TCALT>0.6</TCALT>
    <Pelev>3349</Pelev>
    <Telev>2921</Telev>
    <PART>0.5</PART>
    <DELAY>1</DELAY>
  </CatchmentParameters>
  <VegetationZone>
    <VegetationZoneParameters>
      <TT>-1.4896765211846907</TT>
      <CFMAX>3.2185824966266612</CFMAX>
      <SP>0</SP>
      <SFCF>1.2949068692496339</SFCF>
      <CFR>2.9696698864086832E-08</CFR>
      <CWH>0.10000006527198536</CWH>
      <CFGlacier>1</CFGlacier>
      <CFSlope>1</CFSlope>
      <FC>2499.9965264437756</FC>
      <LP>0.707145245658484</LP>
      <BETA>1.5471732922289383</BETA>
    </VegetationZoneParameters>
  </VegetationZone>
  <SubCatchment>
    <SubCatchmentParameters>
      <KSI>0.001</KSI>
      <KGmin>0.05</KGmin>
      <RangeKG>0.1</RangeKG>
      <AG>0.1</AG>
      <PERC>1.8681724950465921</PERC>
      <Alpha>0</Alpha>
      <UZL>52.789936531557956</UZL>
      <K0>0.24246144317949581</K0>
      <K1>0.088267580848996108</K1>
      <K2>0.01000000000311153</K2>
      <MAXBAS>1</MAXBAS>
      <Cet>0</Cet>
      <PCALT>10</PCALT>
      <TCALT>0.6</TCALT>
      <Pelev>3349</Pelev>
      <Telev>2921</Telev>
      <PART>0.5</PART>
      <DELAY>1</DELAY>
    </SubCatchmentParameters>
    <SubCatchmentVegetationZone>
      <SubCatchmentVegetationZoneParameters>
        <TT>-1.4896765211846907</TT>
        <CFMAX>3.2185824966266612</CFMAX>
        <SP>0</SP>
        <SFCF>1.2949068692496339</SFCF>
        <CFR>2.9696698864086832E-08</CFR>
        <CWH>0.10000006527198536</CWH>
        <CFGlacier>1</CFGlacier>
        <CFSlope>1</CFSlope>
        <FC>2499.9965264437756</FC>
        <LP>0.707145245658484</LP>
        <BETA>1.5471732922289383</BETA>
      </SubCatchmentVegetationZoneParameters>
    </SubCatchmentVegetationZone>
  </SubCatchment>
</Catchment>