<?xml version="1.0" encoding="utf-8"?>
<Catchment xmlns:xsi="http://www.w3.org/2001/XMLSchema-instance" xmlns:xsd="http://www.w3.org/2001/XMLSchema">
  <CatchmentParameters>
    <KSI>0.001</KSI>
    <KGmin>0.05</KGmin>
    <RangeKG>0.1</RangeKG>
    <AG>0.1</AG>
    <PERC>6.2150852062064468</PERC>
    <Alpha>0</Alpha>
    <UZL>131.70955011468459</UZL>
    <K0>0.88746124518063607</K0>
    <K1>0.230820635176887</K1>
    <K2>0.043241702400585676</K2>
    <MAXBAS>1.0047137513741027</MAXBAS>
    <Cet>0</Cet>
    <PCALT>10</PCALT>
    <TCALT>0.6</TCALT>
    <Pelev>3349</Pelev>
    <Telev>2921</Telev>
    <PART>0.5</PART>
    <DELAY>1</DELAY>
  </CatchmentParameters>
  <VegetationZone>
    <VegetationZoneParameters>
      <TT>-0.56535907343615632</TT>
      <CFMAX>2.194798390238395</CFMAX>
      <SP>0</SP>
      <SFCF>0.71197112228133963</SFCF>
      <CFR>0.00025979608147792084</CFR>
      <CWH>0.10000229719301165</CWH>
      <CFGlacier>1</CFGlacier>
      <CFSlope>1</CFSlope>
      <FC>85.718477701957681</FC>
      <LP>0.5586529776476542</LP>
      <BETA>1.0000567599071129</BETA>
    </VegetationZoneParameters>
  </VegetationZone>
  <SubCatchment>
    <SubCatchmentParameters>
      <KSI>0.001</KSI>
      <KGmin>0.05</KGmin>
      <RangeKG>0.1</RangeKG>
      <AG>0.1</AG>
      <PERC>6.2150852062064468</PERC>
      <Alpha>0</Alpha>
      <UZL>131.70955011468459</UZL>
      <K0>0.88746124518063607</K0>
      <K1>0.230820635176887</K1>
      <K2>0.043241702400585676</K2>
      <MAXBAS>1.0047137513741027</MAXBAS>
      <Cet>0</Cet>
      <PCALT>10</PCALT>
      <TCALT>0.6</TCALT>
      <Pelev>3349</Pelev>
      <Telev>2921</Telev>
      <PART>0.5</PART>
      <DELAY>1</DELAY>
    </SubCatchmentParameters>
    <SubCatchmentVegetationZone>
      <SubCatchmentVegetationZoneParameters>
        <TT>-0.56535907343615632</TT>
        <CFMAX>2.194798390238395</CFMAX>
        <SP>0</SP>
        <SFCF>0.71197112228133963</SFCF>
        <CFR>0.00025979608147792084</CFR>
        <CWH>0.10000229719301165</CWH>
        <CFGlacier>1</CFGlacier>
        <CFSlope>1</CFSlope>
        <FC>85.718477701957681</FC>
        <LP>0.5586529776476542</LP>
        <BETA>1.0000567599071129</BETA>
      </SubCatchmentVegetationZoneParameters>
    </SubCatchmentVegetationZone>
  </SubCatchment>
</Catchment>