<?xml version="1.0" encoding="utf-8"?>
<Catchment xmlns:xsi="http://www.w3.org/2001/XMLSchema-instance" xmlns:xsd="http://www.w3.org/2001/XMLSchema">
  <CatchmentParameters>
    <KSI>0.001</KSI>
    <KGmin>0.05</KGmin>
    <RangeKG>0.1</RangeKG>
    <AG>0.1</AG>
    <PERC>6.5402128502091239</PERC>
    <Alpha>0</Alpha>
    <UZL>57.693859102196832</UZL>
    <K0>0.19104640403418138</K0>
    <K1>0.24465802400534834</K1>
    <K2>0.066737645392170031</K2>
    <MAXBAS>1.0049457536281383</MAXBAS>
    <Cet>0</Cet>
    <PCALT>10</PCALT>
    <TCALT>0.6</TCALT>
    <Pelev>3349</Pelev>
    <Telev>2921</Telev>
    <PART>0.5</PART>
    <DELAY>1</DELAY>
  </CatchmentParameters>
  <VegetationZone>
    <VegetationZoneParameters>
      <TT>-0.74401204716749281</TT>
      <CFMAX>2.9178189932923342</CFMAX>
      <SP>0</SP>
      <SFCF>0.95140528380694267</SFCF>
      <CFR>0.0047696850346755065</CFR>
      <CWH>0.11172233287880835</CWH>
      <CFGlacier>1</CFGlacier>
      <CFSlope>1</CFSlope>
      <FC>999.99523738932476</FC>
      <LP>0.9589964385577</LP>
      <BETA>1.0000020578796893</BETA>
    </VegetationZoneParameters>
  </VegetationZone>
  <SubCatchment>
    <SubCatchmentParameters>
      <KSI>0.001</KSI>
      <KGmin>0.05</KGmin>
      <RangeKG>0.1</RangeKG>
      <AG>0.1</AG>
      <PERC>6.5402128502091239</PERC>
      <Alpha>0</Alpha>
      <UZL>57.693859102196832</UZL>
      <K0>0.19104640403418138</K0>
      <K1>0.24465802400534834</K1>
      <K2>0.066737645392170031</K2>
      <MAXBAS>1.0049457536281383</MAXBAS>
      <Cet>0</Cet>
      <PCALT>10</PCALT>
      <TCALT>0.6</TCALT>
      <Pelev>3349</Pelev>
      <Telev>2921</Telev>
      <PART>0.5</PART>
      <DELAY>1</DELAY>
    </SubCatchmentParameters>
    <SubCatchmentVegetationZone>
      <SubCatchmentVegetationZoneParameters>
        <TT>-0.74401204716749281</TT>
        <CFMAX>2.9178189932923342</CFMAX>
        <SP>0</SP>
        <SFCF>0.95140528380694267</SFCF>
        <CFR>0.0047696850346755065</CFR>
        <CWH>0.11172233287880835</CWH>
        <CFGlacier>1</CFGlacier>
        <CFSlope>1</CFSlope>
        <FC>999.99523738932476</FC>
        <LP>0.9589964385577</LP>
        <BETA>1.0000020578796893</BETA>
      </SubCatchmentVegetationZoneParameters>
    </SubCatchmentVegetationZone>
  </SubCatchment>
</Catchment>