<?xml version="1.0" encoding="utf-8"?>
<Catchment xmlns:xsi="http://www.w3.org/2001/XMLSchema-instance" xmlns:xsd="http://www.w3.org/2001/XMLSchema">
  <CatchmentParameters>
    <KSI>0.001</KSI>
    <KGmin>0.05</KGmin>
    <RangeKG>0.1</RangeKG>
    <AG>0.1</AG>
    <PERC>1.5506611197101592</PERC>
    <Alpha>0</Alpha>
    <UZL>59.915963074604143</UZL>
    <K0>0.25284330176514225</K0>
    <K1>0.072916090377261947</K1>
    <K2>0.010000007572151554</K2>
    <MAXBAS>1</MAXBAS>
    <Cet>0</Cet>
    <PCALT>10</PCALT>
    <TCALT>0.6</TCALT>
    <Pelev>3349</Pelev>
    <Telev>2921</Telev>
    <PART>0.5</PART>
    <DELAY>1</DELAY>
  </CatchmentParameters>
  <VegetationZone>
    <VegetationZoneParameters>
      <TT>-1.5407052895025861</TT>
      <CFMAX>2.8361243610162794</CFMAX>
      <SP>0</SP>
      <SFCF>1.1570173824656262</SFCF>
      <CFR>5.7145219201871629E-08</CFR>
      <CWH>0.10000006430096835</CWH>
      <CFGlacier>1</CFGlacier>
      <CFSlope>1</CFSlope>
      <FC>2068.2244169172859</FC>
      <LP>0.7715776205029663</LP>
      <BETA>1.149770166836467</BETA>
    </VegetationZoneParameters>
  </VegetationZone>
  <SubCatchment>
    <SubCatchmentParameters>
      <KSI>0.001</KSI>
      <KGmin>0.05</KGmin>
      <RangeKG>0.1</RangeKG>
      <AG>0.1</AG>
      <PERC>1.5506611197101592</PERC>
      <Alpha>0</Alpha>
      <UZL>59.915963074604143</UZL>
      <K0>0.25284330176514225</K0>
      <K1>0.072916090377261947</K1>
      <K2>0.010000007572151554</K2>
      <MAXBAS>1</MAXBAS>
      <Cet>0</Cet>
      <PCALT>10</PCALT>
      <TCALT>0.6</TCALT>
      <Pelev>3349</Pelev>
      <Telev>2921</Telev>
      <PART>0.5</PART>
      <DELAY>1</DELAY>
    </SubCatchmentParameters>
    <SubCatchmentVegetationZone>
      <SubCatchmentVegetationZoneParameters>
        <TT>-1.5407052895025861</TT>
        <CFMAX>2.8361243610162794</CFMAX>
        <SP>0</SP>
        <SFCF>1.1570173824656262</SFCF>
        <CFR>5.7145219201871629E-08</CFR>
        <CWH>0.10000006430096835</CWH>
        <CFGlacier>1</CFGlacier>
        <CFSlope>1</CFSlope>
        <FC>2068.2244169172859</FC>
        <LP>0.7715776205029663</LP>
        <BETA>1.149770166836467</BETA>
      </SubCatchmentVegetationZoneParameters>
    </SubCatchmentVegetationZone>
  </SubCatchment>
</Catchment>