<?xml version="1.0" encoding="utf-8"?>
<Catchment xmlns:xsi="http://www.w3.org/2001/XMLSchema-instance" xmlns:xsd="http://www.w3.org/2001/XMLSchema">
  <CatchmentParameters>
    <KSI>0.001</KSI>
    <KGmin>0.05</KGmin>
    <RangeKG>0.1</RangeKG>
    <AG>0.1</AG>
    <PERC>9.999985427878304</PERC>
    <Alpha>0</Alpha>
    <UZL>153.98647465917171</UZL>
    <K0>0.31330748899954775</K0>
    <K1>0.11203836285766518</K1>
    <K2>0.040946553827158151</K2>
    <MAXBAS>1.0000267789325956</MAXBAS>
    <Cet>0</Cet>
    <PCALT>10</PCALT>
    <TCALT>0.6</TCALT>
    <Pelev>3349</Pelev>
    <Telev>2921</Telev>
    <PART>0.5</PART>
    <DELAY>1</DELAY>
  </CatchmentParameters>
  <VegetationZone>
    <VegetationZoneParameters>
      <TT>0.4560112629801808</TT>
      <CFMAX>4.1448716299344968</CFMAX>
      <SP>0</SP>
      <SFCF>0.67189934219038938</SFCF>
      <CFR>0.00026403299454419145</CFR>
      <CWH>0.19999756219994266</CWH>
      <CFGlacier>1</CFGlacier>
      <CFSlope>1</CFSlope>
      <FC>70.770351462422653</FC>
      <LP>0.99995853239439658</LP>
      <BETA>1.0000000554077415</BETA>
    </VegetationZoneParameters>
  </VegetationZone>
  <SubCatchment>
    <SubCatchmentParameters>
      <KSI>0.001</KSI>
      <KGmin>0.05</KGmin>
      <RangeKG>0.1</RangeKG>
      <AG>0.1</AG>
      <PERC>9.999985427878304</PERC>
      <Alpha>0</Alpha>
      <UZL>153.98647465917171</UZL>
      <K0>0.31330748899954775</K0>
      <K1>0.11203836285766518</K1>
      <K2>0.040946553827158151</K2>
      <MAXBAS>1.0000267789325956</MAXBAS>
      <Cet>0</Cet>
      <PCALT>10</PCALT>
      <TCALT>0.6</TCALT>
      <Pelev>3349</Pelev>
      <Telev>2921</Telev>
      <PART>0.5</PART>
      <DELAY>1</DELAY>
    </SubCatchmentParameters>
    <SubCatchmentVegetationZone>
      <SubCatchmentVegetationZoneParameters>
        <TT>0.4560112629801808</TT>
        <CFMAX>4.1448716299344968</CFMAX>
        <SP>0</SP>
        <SFCF>0.67189934219038938</SFCF>
        <CFR>0.00026403299454419145</CFR>
        <CWH>0.19999756219994266</CWH>
        <CFGlacier>1</CFGlacier>
        <CFSlope>1</CFSlope>
        <FC>70.770351462422653</FC>
        <LP>0.99995853239439658</LP>
        <BETA>1.0000000554077415</BETA>
      </SubCatchmentVegetationZoneParameters>
    </SubCatchmentVegetationZone>
  </SubCatchment>
</Catchment>