<?xml version="1.0" encoding="utf-8"?>
<Catchment xmlns:xsi="http://www.w3.org/2001/XMLSchema-instance" xmlns:xsd="http://www.w3.org/2001/XMLSchema">
  <CatchmentParameters>
    <KSI>0.001</KSI>
    <KGmin>0.05</KGmin>
    <RangeKG>0.1</RangeKG>
    <AG>0.1</AG>
    <PERC>6.7626350968289977</PERC>
    <Alpha>0</Alpha>
    <UZL>89.299941766970122</UZL>
    <K0>0.27182997582457774</K0>
    <K1>0.26005619876573843</K1>
    <K2>0.067050539513765536</K2>
    <MAXBAS>1.0000369268403122</MAXBAS>
    <Cet>0</Cet>
    <PCALT>10</PCALT>
    <TCALT>0.6</TCALT>
    <Pelev>3349</Pelev>
    <Telev>2921</Telev>
    <PART>0.5</PART>
    <DELAY>1</DELAY>
  </CatchmentParameters>
  <VegetationZone>
    <VegetationZoneParameters>
      <TT>-0.53601250103483156</TT>
      <CFMAX>3.0296192021986235</CFMAX>
      <SP>0</SP>
      <SFCF>0.9318390793608301</SFCF>
      <CFR>0.023241015713317416</CFR>
      <CWH>0.10000017886950038</CWH>
      <CFGlacier>1</CFGlacier>
      <CFSlope>1</CFSlope>
      <FC>999.99999461982361</FC>
      <LP>0.99999192756709254</LP>
      <BETA>1.0000004089058519</BETA>
    </VegetationZoneParameters>
  </VegetationZone>
  <SubCatchment>
    <SubCatchmentParameters>
      <KSI>0.001</KSI>
      <KGmin>0.05</KGmin>
      <RangeKG>0.1</RangeKG>
      <AG>0.1</AG>
      <PERC>6.7626350968289977</PERC>
      <Alpha>0</Alpha>
      <UZL>89.299941766970122</UZL>
      <K0>0.27182997582457774</K0>
      <K1>0.26005619876573843</K1>
      <K2>0.067050539513765536</K2>
      <MAXBAS>1.0000369268403122</MAXBAS>
      <Cet>0</Cet>
      <PCALT>10</PCALT>
      <TCALT>0.6</TCALT>
      <Pelev>3349</Pelev>
      <Telev>2921</Telev>
      <PART>0.5</PART>
      <DELAY>1</DELAY>
    </SubCatchmentParameters>
    <SubCatchmentVegetationZone>
      <SubCatchmentVegetationZoneParameters>
        <TT>-0.53601250103483156</TT>
        <CFMAX>3.0296192021986235</CFMAX>
        <SP>0</SP>
        <SFCF>0.9318390793608301</SFCF>
        <CFR>0.023241015713317416</CFR>
        <CWH>0.10000017886950038</CWH>
        <CFGlacier>1</CFGlacier>
        <CFSlope>1</CFSlope>
        <FC>999.99999461982361</FC>
        <LP>0.99999192756709254</LP>
        <BETA>1.0000004089058519</BETA>
      </SubCatchmentVegetationZoneParameters>
    </SubCatchmentVegetationZone>
  </SubCatchment>
</Catchment>