<?xml version="1.0" encoding="utf-8"?>
<Catchment xmlns:xsi="http://www.w3.org/2001/XMLSchema-instance" xmlns:xsd="http://www.w3.org/2001/XMLSchema">
  <CatchmentParameters>
    <KSI>0.001</KSI>
    <KGmin>0.05</KGmin>
    <RangeKG>0.1</RangeKG>
    <AG>0.1</AG>
    <PERC>1.6599955848936645</PERC>
    <Alpha>0</Alpha>
    <UZL>155.94345532761642</UZL>
    <K0>0.5928631936550679</K0>
    <K1>0.10750947425350914</K1>
    <K2>0.010000001360970364</K2>
    <MAXBAS>1</MAXBAS>
    <Cet>0</Cet>
    <PCALT>10</PCALT>
    <TCALT>0.6</TCALT>
    <Pelev>3349</Pelev>
    <Telev>2921</Telev>
    <PART>0.5</PART>
    <DELAY>1</DELAY>
  </CatchmentParameters>
  <VegetationZone>
    <VegetationZoneParameters>
      <TT>-1.9827570436635684</TT>
      <CFMAX>2.5776737164224328</CFMAX>
      <SP>0</SP>
      <SFCF>1.1865542595501206</SFCF>
      <CFR>3.418252502042753E-08</CFR>
      <CWH>0.1000001249733195</CWH>
      <CFGlacier>1</CFGlacier>
      <CFSlope>1</CFSlope>
      <FC>2254.0999792965</FC>
      <LP>0.9063124136228381</LP>
      <BETA>1.8635575071255128</BETA>
    </VegetationZoneParameters>
  </VegetationZone>
  <SubCatchment>
    <SubCatchmentParameters>
      <KSI>0.001</KSI>
      <KGmin>0.05</KGmin>
      <RangeKG>0.1</RangeKG>
      <AG>0.1</AG>
      <PERC>1.6599955848936645</PERC>
      <Alpha>0</Alpha>
      <UZL>155.94345532761642</UZL>
      <K0>0.5928631936550679</K0>
      <K1>0.10750947425350914</K1>
      <K2>0.010000001360970364</K2>
      <MAXBAS>1</MAXBAS>
      <Cet>0</Cet>
      <PCALT>10</PCALT>
      <TCALT>0.6</TCALT>
      <Pelev>3349</Pelev>
      <Telev>2921</Telev>
      <PART>0.5</PART>
      <DELAY>1</DELAY>
    </SubCatchmentParameters>
    <SubCatchmentVegetationZone>
      <SubCatchmentVegetationZoneParameters>
        <TT>-1.9827570436635684</TT>
        <CFMAX>2.5776737164224328</CFMAX>
        <SP>0</SP>
        <SFCF>1.1865542595501206</SFCF>
        <CFR>3.418252502042753E-08</CFR>
        <CWH>0.1000001249733195</CWH>
        <CFGlacier>1</CFGlacier>
        <CFSlope>1</CFSlope>
        <FC>2254.0999792965</FC>
        <LP>0.9063124136228381</LP>
        <BETA>1.8635575071255128</BETA>
      </SubCatchmentVegetationZoneParameters>
    </SubCatchmentVegetationZone>
  </SubCatchment>
</Catchment>