<?xml version="1.0" encoding="utf-8"?>
<Catchment xmlns:xsi="http://www.w3.org/2001/XMLSchema-instance" xmlns:xsd="http://www.w3.org/2001/XMLSchema">
  <CatchmentParameters>
    <KSI>0.001</KSI>
    <KGmin>0.05</KGmin>
    <RangeKG>0.1</RangeKG>
    <AG>0.1</AG>
    <PERC>9.9999845916665571</PERC>
    <Alpha>0</Alpha>
    <UZL>109.89346274524651</UZL>
    <K0>0.12554499864168517</K0>
    <K1>0.18621587514706503</K1>
    <K2>0.044062829844470408</K2>
    <MAXBAS>1.0002148677414791</MAXBAS>
    <Cet>0</Cet>
    <PCALT>10</PCALT>
    <TCALT>0.6</TCALT>
    <Pelev>3349</Pelev>
    <Telev>2921</Telev>
    <PART>0.5</PART>
    <DELAY>1</DELAY>
  </CatchmentParameters>
  <VegetationZone>
    <VegetationZoneParameters>
      <TT>-1.3287848462871141</TT>
      <CFMAX>3.6650287255228857</CFMAX>
      <SP>0</SP>
      <SFCF>0.94072038696228366</SFCF>
      <CFR>0.016021515872479065</CFR>
      <CWH>0.19999951610975614</CWH>
      <CFGlacier>1</CFGlacier>
      <CFSlope>1</CFSlope>
      <FC>494.252947386092</FC>
      <LP>0.99462611569307313</LP>
      <BETA>1.2007947301083819</BETA>
    </VegetationZoneParameters>
  </VegetationZone>
  <SubCatchment>
    <SubCatchmentParameters>
      <KSI>0.001</KSI>
      <KGmin>0.05</KGmin>
      <RangeKG>0.1</RangeKG>
      <AG>0.1</AG>
      <PERC>9.9999845916665571</PERC>
      <Alpha>0</Alpha>
      <UZL>109.89346274524651</UZL>
      <K0>0.12554499864168517</K0>
      <K1>0.18621587514706503</K1>
      <K2>0.044062829844470408</K2>
      <MAXBAS>1.0002148677414791</MAXBAS>
      <Cet>0</Cet>
      <PCALT>10</PCALT>
      <TCALT>0.6</TCALT>
      <Pelev>3349</Pelev>
      <Telev>2921</Telev>
      <PART>0.5</PART>
      <DELAY>1</DELAY>
    </SubCatchmentParameters>
    <SubCatchmentVegetationZone>
      <SubCatchmentVegetationZoneParameters>
        <TT>-1.3287848462871141</TT>
        <CFMAX>3.6650287255228857</CFMAX>
        <SP>0</SP>
        <SFCF>0.94072038696228366</SFCF>
        <CFR>0.016021515872479065</CFR>
        <CWH>0.19999951610975614</CWH>
        <CFGlacier>1</CFGlacier>
        <CFSlope>1</CFSlope>
        <FC>494.252947386092</FC>
        <LP>0.99462611569307313</LP>
        <BETA>1.2007947301083819</BETA>
      </SubCatchmentVegetationZoneParameters>
    </SubCatchmentVegetationZone>
  </SubCatchment>
</Catchment>