<?xml version="1.0" encoding="utf-8"?>
<Catchment xmlns:xsi="http://www.w3.org/2001/XMLSchema-instance" xmlns:xsd="http://www.w3.org/2001/XMLSchema">
  <CatchmentParameters>
    <KSI>0.001</KSI>
    <KGmin>0.05</KGmin>
    <RangeKG>0.1</RangeKG>
    <AG>0.1</AG>
    <PERC>7.2295187101472056</PERC>
    <Alpha>0</Alpha>
    <UZL>119.01868677652134</UZL>
    <K0>0.27956624129870056</K0>
    <K1>0.28671524001784338</K1>
    <K2>0.072247138123349208</K2>
    <MAXBAS>1.0000030930006925</MAXBAS>
    <Cet>0</Cet>
    <PCALT>10</PCALT>
    <TCALT>0.6</TCALT>
    <Pelev>3349</Pelev>
    <Telev>2921</Telev>
    <PART>0.5</PART>
    <DELAY>1</DELAY>
  </CatchmentParameters>
  <VegetationZone>
    <VegetationZoneParameters>
      <TT>0.0020023779531688993</TT>
      <CFMAX>3.23580240892182</CFMAX>
      <SP>0</SP>
      <SFCF>0.88758641195394838</SFCF>
      <CFR>0.00021864032347162945</CFR>
      <CWH>0.10000033058275616</CWH>
      <CFGlacier>1</CFGlacier>
      <CFSlope>1</CFSlope>
      <FC>999.99952031324335</FC>
      <LP>0.99999877860463648</LP>
      <BETA>1.0000031721752145</BETA>
    </VegetationZoneParameters>
  </VegetationZone>
  <SubCatchment>
    <SubCatchmentParameters>
      <KSI>0.001</KSI>
      <KGmin>0.05</KGmin>
      <RangeKG>0.1</RangeKG>
      <AG>0.1</AG>
      <PERC>7.2295187101472056</PERC>
      <Alpha>0</Alpha>
      <UZL>119.01868677652134</UZL>
      <K0>0.27956624129870056</K0>
      <K1>0.28671524001784338</K1>
      <K2>0.072247138123349208</K2>
      <MAXBAS>1.0000030930006925</MAXBAS>
      <Cet>0</Cet>
      <PCALT>10</PCALT>
      <TCALT>0.6</TCALT>
      <Pelev>3349</Pelev>
      <Telev>2921</Telev>
      <PART>0.5</PART>
      <DELAY>1</DELAY>
    </SubCatchmentParameters>
    <SubCatchmentVegetationZone>
      <SubCatchmentVegetationZoneParameters>
        <TT>0.0020023779531688993</TT>
        <CFMAX>3.23580240892182</CFMAX>
        <SP>0</SP>
        <SFCF>0.88758641195394838</SFCF>
        <CFR>0.00021864032347162945</CFR>
        <CWH>0.10000033058275616</CWH>
        <CFGlacier>1</CFGlacier>
        <CFSlope>1</CFSlope>
        <FC>999.99952031324335</FC>
        <LP>0.99999877860463648</LP>
        <BETA>1.0000031721752145</BETA>
      </SubCatchmentVegetationZoneParameters>
    </SubCatchmentVegetationZone>
  </SubCatchment>
</Catchment>