<?xml version="1.0" encoding="utf-8"?>
<Catchment xmlns:xsi="http://www.w3.org/2001/XMLSchema-instance" xmlns:xsd="http://www.w3.org/2001/XMLSchema">
  <CatchmentParameters>
    <KSI>0.001</KSI>
    <KGmin>0.05</KGmin>
    <RangeKG>0.1</RangeKG>
    <AG>0.1</AG>
    <PERC>6.9524705031800895</PERC>
    <Alpha>0</Alpha>
    <UZL>120.82687376938671</UZL>
    <K0>0.49049164488539526</K0>
    <K1>0.28316959362874661</K1>
    <K2>0.061406062918707829</K2>
    <MAXBAS>1.0047782767589153</MAXBAS>
    <Cet>0</Cet>
    <PCALT>10</PCALT>
    <TCALT>0.6</TCALT>
    <Pelev>3349</Pelev>
    <Telev>2921</Telev>
    <PART>0.5</PART>
    <DELAY>1</DELAY>
  </CatchmentParameters>
  <VegetationZone>
    <VegetationZoneParameters>
      <TT>-1.0391882051259154</TT>
      <CFMAX>2.2435143194597438</CFMAX>
      <SP>0</SP>
      <SFCF>0.79492827924977227</SFCF>
      <CFR>0.017973369663282272</CFR>
      <CWH>0.10000010381723139</CWH>
      <CFGlacier>1</CFGlacier>
      <CFSlope>1</CFSlope>
      <FC>213.2438197639253</FC>
      <LP>0.939535272315627</LP>
      <BETA>1.0000008704477768</BETA>
    </VegetationZoneParameters>
  </VegetationZone>
  <SubCatchment>
    <SubCatchmentParameters>
      <KSI>0.001</KSI>
      <KGmin>0.05</KGmin>
      <RangeKG>0.1</RangeKG>
      <AG>0.1</AG>
      <PERC>6.9524705031800895</PERC>
      <Alpha>0</Alpha>
      <UZL>120.82687376938671</UZL>
      <K0>0.49049164488539526</K0>
      <K1>0.28316959362874661</K1>
      <K2>0.061406062918707829</K2>
      <MAXBAS>1.0047782767589153</MAXBAS>
      <Cet>0</Cet>
      <PCALT>10</PCALT>
      <TCALT>0.6</TCALT>
      <Pelev>3349</Pelev>
      <Telev>2921</Telev>
      <PART>0.5</PART>
      <DELAY>1</DELAY>
    </SubCatchmentParameters>
    <SubCatchmentVegetationZone>
      <SubCatchmentVegetationZoneParameters>
        <TT>-1.0391882051259154</TT>
        <CFMAX>2.2435143194597438</CFMAX>
        <SP>0</SP>
        <SFCF>0.79492827924977227</SFCF>
        <CFR>0.017973369663282272</CFR>
        <CWH>0.10000010381723139</CWH>
        <CFGlacier>1</CFGlacier>
        <CFSlope>1</CFSlope>
        <FC>213.2438197639253</FC>
        <LP>0.939535272315627</LP>
        <BETA>1.0000008704477768</BETA>
      </SubCatchmentVegetationZoneParameters>
    </SubCatchmentVegetationZone>
  </SubCatchment>
</Catchment>