<?xml version="1.0" encoding="utf-8"?>
<Catchment xmlns:xsi="http://www.w3.org/2001/XMLSchema-instance" xmlns:xsd="http://www.w3.org/2001/XMLSchema">
  <CatchmentParameters>
    <KSI>0.001</KSI>
    <KGmin>0.05</KGmin>
    <RangeKG>0.1</RangeKG>
    <AG>0.1</AG>
    <PERC>9.99990935289591</PERC>
    <Alpha>0</Alpha>
    <UZL>117.55888219093016</UZL>
    <K0>0.32456889146377921</K0>
    <K1>0.1631913414209821</K1>
    <K2>0.043589914734015613</K2>
    <MAXBAS>1.000000634524101</MAXBAS>
    <Cet>0</Cet>
    <PCALT>10</PCALT>
    <TCALT>0.6</TCALT>
    <Pelev>3349</Pelev>
    <Telev>2921</Telev>
    <PART>0.5</PART>
    <DELAY>1</DELAY>
  </CatchmentParameters>
  <VegetationZone>
    <VegetationZoneParameters>
      <TT>-0.54400262877195527</TT>
      <CFMAX>3.8275610229564858</CFMAX>
      <SP>0</SP>
      <SFCF>0.819106092251035</SFCF>
      <CFR>3.4453957656711713E-05</CFR>
      <CWH>0.19999951594135812</CWH>
      <CFGlacier>1</CFGlacier>
      <CFSlope>1</CFSlope>
      <FC>259.66692804213488</FC>
      <LP>0.99999623722069253</LP>
      <BETA>1.0000003189530127</BETA>
    </VegetationZoneParameters>
  </VegetationZone>
  <SubCatchment>
    <SubCatchmentParameters>
      <KSI>0.001</KSI>
      <KGmin>0.05</KGmin>
      <RangeKG>0.1</RangeKG>
      <AG>0.1</AG>
      <PERC>9.99990935289591</PERC>
      <Alpha>0</Alpha>
      <UZL>117.55888219093016</UZL>
      <K0>0.32456889146377921</K0>
      <K1>0.1631913414209821</K1>
      <K2>0.043589914734015613</K2>
      <MAXBAS>1.000000634524101</MAXBAS>
      <Cet>0</Cet>
      <PCALT>10</PCALT>
      <TCALT>0.6</TCALT>
      <Pelev>3349</Pelev>
      <Telev>2921</Telev>
      <PART>0.5</PART>
      <DELAY>1</DELAY>
    </SubCatchmentParameters>
    <SubCatchmentVegetationZone>
      <SubCatchmentVegetationZoneParameters>
        <TT>-0.54400262877195527</TT>
        <CFMAX>3.8275610229564858</CFMAX>
        <SP>0</SP>
        <SFCF>0.819106092251035</SFCF>
        <CFR>3.4453957656711713E-05</CFR>
        <CWH>0.19999951594135812</CWH>
        <CFGlacier>1</CFGlacier>
        <CFSlope>1</CFSlope>
        <FC>259.66692804213488</FC>
        <LP>0.99999623722069253</LP>
        <BETA>1.0000003189530127</BETA>
      </SubCatchmentVegetationZoneParameters>
    </SubCatchmentVegetationZone>
  </SubCatchment>
</Catchment>