<?xml version="1.0" encoding="utf-8"?>
<Catchment xmlns:xsi="http://www.w3.org/2001/XMLSchema-instance" xmlns:xsd="http://www.w3.org/2001/XMLSchema">
  <CatchmentParameters>
    <KSI>0.001</KSI>
    <KGmin>0.05</KGmin>
    <RangeKG>0.1</RangeKG>
    <AG>0.1</AG>
    <PERC>5.7905918525486157</PERC>
    <Alpha>0</Alpha>
    <UZL>121.9641706738053</UZL>
    <K0>0.9303864753373261</K0>
    <K1>0.23996145286151</K1>
    <K2>0.058819250121242589</K2>
    <MAXBAS>1.0049674265289588</MAXBAS>
    <Cet>0</Cet>
    <PCALT>10</PCALT>
    <TCALT>0.6</TCALT>
    <Pelev>3349</Pelev>
    <Telev>2921</Telev>
    <PART>0.5</PART>
    <DELAY>1</DELAY>
  </CatchmentParameters>
  <VegetationZone>
    <VegetationZoneParameters>
      <TT>-0.48001700520311913</TT>
      <CFMAX>2.6998895687220741</CFMAX>
      <SP>0</SP>
      <SFCF>0.84132888160998065</SFCF>
      <CFR>0.00020630909666729931</CFR>
      <CWH>0.10000042818670364</CWH>
      <CFGlacier>1</CFGlacier>
      <CFSlope>1</CFSlope>
      <FC>362.09994279185912</FC>
      <LP>0.9999976720835525</LP>
      <BETA>1.0000008908325202</BETA>
    </VegetationZoneParameters>
  </VegetationZone>
  <SubCatchment>
    <SubCatchmentParameters>
      <KSI>0.001</KSI>
      <KGmin>0.05</KGmin>
      <RangeKG>0.1</RangeKG>
      <AG>0.1</AG>
      <PERC>5.7905918525486157</PERC>
      <Alpha>0</Alpha>
      <UZL>121.9641706738053</UZL>
      <K0>0.9303864753373261</K0>
      <K1>0.23996145286151</K1>
      <K2>0.058819250121242589</K2>
      <MAXBAS>1.0049674265289588</MAXBAS>
      <Cet>0</Cet>
      <PCALT>10</PCALT>
      <TCALT>0.6</TCALT>
      <Pelev>3349</Pelev>
      <Telev>2921</Telev>
      <PART>0.5</PART>
      <DELAY>1</DELAY>
    </SubCatchmentParameters>
    <SubCatchmentVegetationZone>
      <SubCatchmentVegetationZoneParameters>
        <TT>-0.48001700520311913</TT>
        <CFMAX>2.6998895687220741</CFMAX>
        <SP>0</SP>
        <SFCF>0.84132888160998065</SFCF>
        <CFR>0.00020630909666729931</CFR>
        <CWH>0.10000042818670364</CWH>
        <CFGlacier>1</CFGlacier>
        <CFSlope>1</CFSlope>
        <FC>362.09994279185912</FC>
        <LP>0.9999976720835525</LP>
        <BETA>1.0000008908325202</BETA>
      </SubCatchmentVegetationZoneParameters>
    </SubCatchmentVegetationZone>
  </SubCatchment>
</Catchment>