<?xml version="1.0" encoding="utf-8"?>
<Catchment xmlns:xsi="http://www.w3.org/2001/XMLSchema-instance" xmlns:xsd="http://www.w3.org/2001/XMLSchema">
  <CatchmentParameters>
    <KSI>0.001</KSI>
    <KGmin>0.05</KGmin>
    <RangeKG>0.1</RangeKG>
    <AG>0.1</AG>
    <PERC>1.163033019614877</PERC>
    <Alpha>0</Alpha>
    <UZL>83.056150159815829</UZL>
    <K0>0.2802434602599182</K0>
    <K1>0.052404892441709337</K1>
    <K2>0.010000005877064514</K2>
    <MAXBAS>1</MAXBAS>
    <Cet>0</Cet>
    <PCALT>10</PCALT>
    <TCALT>0.6</TCALT>
    <Pelev>3349</Pelev>
    <Telev>2921</Telev>
    <PART>0.5</PART>
    <DELAY>1</DELAY>
  </CatchmentParameters>
  <VegetationZone>
    <VegetationZoneParameters>
      <TT>-1.9439934618266923</TT>
      <CFMAX>2.7433241514254765</CFMAX>
      <SP>0</SP>
      <SFCF>1.1828881040166575</SFCF>
      <CFR>5.6020642552918E-07</CFR>
      <CWH>0.10000005507189082</CWH>
      <CFGlacier>1</CFGlacier>
      <CFSlope>1</CFSlope>
      <FC>1684.0160761760139</FC>
      <LP>0.861912232619597</LP>
      <BETA>1.4097008625054013</BETA>
    </VegetationZoneParameters>
  </VegetationZone>
  <SubCatchment>
    <SubCatchmentParameters>
      <KSI>0.001</KSI>
      <KGmin>0.05</KGmin>
      <RangeKG>0.1</RangeKG>
      <AG>0.1</AG>
      <PERC>1.163033019614877</PERC>
      <Alpha>0</Alpha>
      <UZL>83.056150159815829</UZL>
      <K0>0.2802434602599182</K0>
      <K1>0.052404892441709337</K1>
      <K2>0.010000005877064514</K2>
      <MAXBAS>1</MAXBAS>
      <Cet>0</Cet>
      <PCALT>10</PCALT>
      <TCALT>0.6</TCALT>
      <Pelev>3349</Pelev>
      <Telev>2921</Telev>
      <PART>0.5</PART>
      <DELAY>1</DELAY>
    </SubCatchmentParameters>
    <SubCatchmentVegetationZone>
      <SubCatchmentVegetationZoneParameters>
        <TT>-1.9439934618266923</TT>
        <CFMAX>2.7433241514254765</CFMAX>
        <SP>0</SP>
        <SFCF>1.1828881040166575</SFCF>
        <CFR>5.6020642552918E-07</CFR>
        <CWH>0.10000005507189082</CWH>
        <CFGlacier>1</CFGlacier>
        <CFSlope>1</CFSlope>
        <FC>1684.0160761760139</FC>
        <LP>0.861912232619597</LP>
        <BETA>1.4097008625054013</BETA>
      </SubCatchmentVegetationZoneParameters>
    </SubCatchmentVegetationZone>
  </SubCatchment>
</Catchment>