<?xml version="1.0" encoding="utf-8"?>
<Catchment xmlns:xsi="http://www.w3.org/2001/XMLSchema-instance" xmlns:xsd="http://www.w3.org/2001/XMLSchema">
  <CatchmentParameters>
    <KSI>0.001</KSI>
    <KGmin>0.05</KGmin>
    <RangeKG>0.1</RangeKG>
    <AG>0.1</AG>
    <PERC>9.8222005554361</PERC>
    <Alpha>0</Alpha>
    <UZL>163.33238489359025</UZL>
    <K0>0.54192773093832292</K0>
    <K1>0.21576250607463354</K1>
    <K2>0.048046972567126728</K2>
    <MAXBAS>1.0000266216772917</MAXBAS>
    <Cet>0</Cet>
    <PCALT>10</PCALT>
    <TCALT>0.6</TCALT>
    <Pelev>3349</Pelev>
    <Telev>2921</Telev>
    <PART>0.5</PART>
    <DELAY>1</DELAY>
  </CatchmentParameters>
  <VegetationZone>
    <VegetationZoneParameters>
      <TT>-0.97072273578551427</TT>
      <CFMAX>4.10517699552722</CFMAX>
      <SP>0</SP>
      <SFCF>0.9921137204330357</SFCF>
      <CFR>0.0023653300012500969</CFR>
      <CWH>0.19999943075170698</CWH>
      <CFGlacier>1</CFGlacier>
      <CFSlope>1</CFSlope>
      <FC>882.11336459846518</FC>
      <LP>0.999986758728941</LP>
      <BETA>1.3824048327734424</BETA>
    </VegetationZoneParameters>
  </VegetationZone>
  <SubCatchment>
    <SubCatchmentParameters>
      <KSI>0.001</KSI>
      <KGmin>0.05</KGmin>
      <RangeKG>0.1</RangeKG>
      <AG>0.1</AG>
      <PERC>9.8222005554361</PERC>
      <Alpha>0</Alpha>
      <UZL>163.33238489359025</UZL>
      <K0>0.54192773093832292</K0>
      <K1>0.21576250607463354</K1>
      <K2>0.048046972567126728</K2>
      <MAXBAS>1.0000266216772917</MAXBAS>
      <Cet>0</Cet>
      <PCALT>10</PCALT>
      <TCALT>0.6</TCALT>
      <Pelev>3349</Pelev>
      <Telev>2921</Telev>
      <PART>0.5</PART>
      <DELAY>1</DELAY>
    </SubCatchmentParameters>
    <SubCatchmentVegetationZone>
      <SubCatchmentVegetationZoneParameters>
        <TT>-0.97072273578551427</TT>
        <CFMAX>4.10517699552722</CFMAX>
        <SP>0</SP>
        <SFCF>0.9921137204330357</SFCF>
        <CFR>0.0023653300012500969</CFR>
        <CWH>0.19999943075170698</CWH>
        <CFGlacier>1</CFGlacier>
        <CFSlope>1</CFSlope>
        <FC>882.11336459846518</FC>
        <LP>0.999986758728941</LP>
        <BETA>1.3824048327734424</BETA>
      </SubCatchmentVegetationZoneParameters>
    </SubCatchmentVegetationZone>
  </SubCatchment>
</Catchment>