<?xml version="1.0" encoding="utf-8"?>
<Catchment xmlns:xsi="http://www.w3.org/2001/XMLSchema-instance" xmlns:xsd="http://www.w3.org/2001/XMLSchema">
  <CatchmentParameters>
    <KSI>0.001</KSI>
    <KGmin>0.05</KGmin>
    <RangeKG>0.1</RangeKG>
    <AG>0.1</AG>
    <PERC>5.4221480187252515</PERC>
    <Alpha>0</Alpha>
    <UZL>89.995396309789641</UZL>
    <K0>0.48896551170739261</K0>
    <K1>0.21886322482277018</K1>
    <K2>0.037855230324018836</K2>
    <MAXBAS>1.0050082653046106</MAXBAS>
    <Cet>0</Cet>
    <PCALT>10</PCALT>
    <TCALT>0.6</TCALT>
    <Pelev>3349</Pelev>
    <Telev>2921</Telev>
    <PART>0.5</PART>
    <DELAY>1</DELAY>
  </CatchmentParameters>
  <VegetationZone>
    <VegetationZoneParameters>
      <TT>-0.69876967895874464</TT>
      <CFMAX>2.2391101297032896</CFMAX>
      <SP>0</SP>
      <SFCF>0.75182773482761256</SFCF>
      <CFR>0.0003674611009386199</CFR>
      <CWH>0.10000024731910873</CWH>
      <CFGlacier>1</CFGlacier>
      <CFSlope>1</CFSlope>
      <FC>116.93067452464807</FC>
      <LP>0.671645343296071</LP>
      <BETA>1.0000176154558487</BETA>
    </VegetationZoneParameters>
  </VegetationZone>
  <SubCatchment>
    <SubCatchmentParameters>
      <KSI>0.001</KSI>
      <KGmin>0.05</KGmin>
      <RangeKG>0.1</RangeKG>
      <AG>0.1</AG>
      <PERC>5.4221480187252515</PERC>
      <Alpha>0</Alpha>
      <UZL>89.995396309789641</UZL>
      <K0>0.48896551170739261</K0>
      <K1>0.21886322482277018</K1>
      <K2>0.037855230324018836</K2>
      <MAXBAS>1.0050082653046106</MAXBAS>
      <Cet>0</Cet>
      <PCALT>10</PCALT>
      <TCALT>0.6</TCALT>
      <Pelev>3349</Pelev>
      <Telev>2921</Telev>
      <PART>0.5</PART>
      <DELAY>1</DELAY>
    </SubCatchmentParameters>
    <SubCatchmentVegetationZone>
      <SubCatchmentVegetationZoneParameters>
        <TT>-0.69876967895874464</TT>
        <CFMAX>2.2391101297032896</CFMAX>
        <SP>0</SP>
        <SFCF>0.75182773482761256</SFCF>
        <CFR>0.0003674611009386199</CFR>
        <CWH>0.10000024731910873</CWH>
        <CFGlacier>1</CFGlacier>
        <CFSlope>1</CFSlope>
        <FC>116.93067452464807</FC>
        <LP>0.671645343296071</LP>
        <BETA>1.0000176154558487</BETA>
      </SubCatchmentVegetationZoneParameters>
    </SubCatchmentVegetationZone>
  </SubCatchment>
</Catchment>