<?xml version="1.0" encoding="utf-8"?>
<Catchment xmlns:xsi="http://www.w3.org/2001/XMLSchema-instance" xmlns:xsd="http://www.w3.org/2001/XMLSchema">
  <CatchmentParameters>
    <KSI>0.001</KSI>
    <KGmin>0.05</KGmin>
    <RangeKG>0.1</RangeKG>
    <AG>0.1</AG>
    <PERC>6.4641295932988738</PERC>
    <Alpha>0</Alpha>
    <UZL>54.477374308371679</UZL>
    <K0>0.28823316460809978</K0>
    <K1>0.24071862934009813</K1>
    <K2>0.06496467217380579</K2>
    <MAXBAS>1.0002030420951713</MAXBAS>
    <Cet>0</Cet>
    <PCALT>10</PCALT>
    <TCALT>0.6</TCALT>
    <Pelev>3349</Pelev>
    <Telev>2921</Telev>
    <PART>0.5</PART>
    <DELAY>1</DELAY>
  </CatchmentParameters>
  <VegetationZone>
    <VegetationZoneParameters>
      <TT>-0.48005388980784891</TT>
      <CFMAX>2.9600536987391211</CFMAX>
      <SP>0</SP>
      <SFCF>0.92133327679051746</SFCF>
      <CFR>0.012026720322023102</CFR>
      <CWH>0.10000033611692732</CWH>
      <CFGlacier>1</CFGlacier>
      <CFSlope>1</CFSlope>
      <FC>999.99606228760376</FC>
      <LP>0.99999894042965554</LP>
      <BETA>1.0000022892586591</BETA>
    </VegetationZoneParameters>
  </VegetationZone>
  <SubCatchment>
    <SubCatchmentParameters>
      <KSI>0.001</KSI>
      <KGmin>0.05</KGmin>
      <RangeKG>0.1</RangeKG>
      <AG>0.1</AG>
      <PERC>6.4641295932988738</PERC>
      <Alpha>0</Alpha>
      <UZL>54.477374308371679</UZL>
      <K0>0.28823316460809978</K0>
      <K1>0.24071862934009813</K1>
      <K2>0.06496467217380579</K2>
      <MAXBAS>1.0002030420951713</MAXBAS>
      <Cet>0</Cet>
      <PCALT>10</PCALT>
      <TCALT>0.6</TCALT>
      <Pelev>3349</Pelev>
      <Telev>2921</Telev>
      <PART>0.5</PART>
      <DELAY>1</DELAY>
    </SubCatchmentParameters>
    <SubCatchmentVegetationZone>
      <SubCatchmentVegetationZoneParameters>
        <TT>-0.48005388980784891</TT>
        <CFMAX>2.9600536987391211</CFMAX>
        <SP>0</SP>
        <SFCF>0.92133327679051746</SFCF>
        <CFR>0.012026720322023102</CFR>
        <CWH>0.10000033611692732</CWH>
        <CFGlacier>1</CFGlacier>
        <CFSlope>1</CFSlope>
        <FC>999.99606228760376</FC>
        <LP>0.99999894042965554</LP>
        <BETA>1.0000022892586591</BETA>
      </SubCatchmentVegetationZoneParameters>
    </SubCatchmentVegetationZone>
  </SubCatchment>
</Catchment>