<?xml version="1.0" encoding="utf-8"?>
<Catchment xmlns:xsi="http://www.w3.org/2001/XMLSchema-instance" xmlns:xsd="http://www.w3.org/2001/XMLSchema">
  <CatchmentParameters>
    <KSI>0.001</KSI>
    <KGmin>0.05</KGmin>
    <RangeKG>0.1</RangeKG>
    <AG>0.1</AG>
    <PERC>6.8453891427931719</PERC>
    <Alpha>0</Alpha>
    <UZL>190.48522551517442</UZL>
    <K0>0.7908412895526985</K0>
    <K1>0.26882520637756385</K1>
    <K2>0.052971790522503656</K2>
    <MAXBAS>1.0001341129093047</MAXBAS>
    <Cet>0</Cet>
    <PCALT>10</PCALT>
    <TCALT>0.6</TCALT>
    <Pelev>3349</Pelev>
    <Telev>2921</Telev>
    <PART>0.5</PART>
    <DELAY>1</DELAY>
  </CatchmentParameters>
  <VegetationZone>
    <VegetationZoneParameters>
      <TT>-0.680398282353564</TT>
      <CFMAX>1.9512988031423093</CFMAX>
      <SP>0</SP>
      <SFCF>0.64191068452984434</SFCF>
      <CFR>0.044165098405890064</CFR>
      <CWH>0.15219603921199154</CWH>
      <CFGlacier>1</CFGlacier>
      <CFSlope>1</CFSlope>
      <FC>56.436690652989157</FC>
      <LP>0.71643380371011567</LP>
      <BETA>1.0076799919111399</BETA>
    </VegetationZoneParameters>
  </VegetationZone>
  <SubCatchment>
    <SubCatchmentParameters>
      <KSI>0.001</KSI>
      <KGmin>0.05</KGmin>
      <RangeKG>0.1</RangeKG>
      <AG>0.1</AG>
      <PERC>6.8453891427931719</PERC>
      <Alpha>0</Alpha>
      <UZL>190.48522551517442</UZL>
      <K0>0.7908412895526985</K0>
      <K1>0.26882520637756385</K1>
      <K2>0.052971790522503656</K2>
      <MAXBAS>1.0001341129093047</MAXBAS>
      <Cet>0</Cet>
      <PCALT>10</PCALT>
      <TCALT>0.6</TCALT>
      <Pelev>3349</Pelev>
      <Telev>2921</Telev>
      <PART>0.5</PART>
      <DELAY>1</DELAY>
    </SubCatchmentParameters>
    <SubCatchmentVegetationZone>
      <SubCatchmentVegetationZoneParameters>
        <TT>-0.680398282353564</TT>
        <CFMAX>1.9512988031423093</CFMAX>
        <SP>0</SP>
        <SFCF>0.64191068452984434</SFCF>
        <CFR>0.044165098405890064</CFR>
        <CWH>0.15219603921199154</CWH>
        <CFGlacier>1</CFGlacier>
        <CFSlope>1</CFSlope>
        <FC>56.436690652989157</FC>
        <LP>0.71643380371011567</LP>
        <BETA>1.0076799919111399</BETA>
      </SubCatchmentVegetationZoneParameters>
    </SubCatchmentVegetationZone>
  </SubCatchment>
</Catchment>