<?xml version="1.0" encoding="utf-8"?>
<Catchment xmlns:xsi="http://www.w3.org/2001/XMLSchema-instance" xmlns:xsd="http://www.w3.org/2001/XMLSchema">
  <CatchmentParameters>
    <KSI>0.001</KSI>
    <KGmin>0.05</KGmin>
    <RangeKG>0.1</RangeKG>
    <AG>0.1</AG>
    <PERC>5.0375507492760061</PERC>
    <Alpha>0</Alpha>
    <UZL>26.09693773836257</UZL>
    <K0>0.37525569690533089</K0>
    <K1>0.077740808574380219</K1>
    <K2>0.048598988518900633</K2>
    <MAXBAS>1.0050300066377809</MAXBAS>
    <Cet>0</Cet>
    <PCALT>10</PCALT>
    <TCALT>0.6</TCALT>
    <Pelev>3349</Pelev>
    <Telev>2921</Telev>
    <PART>0.5</PART>
    <DELAY>1</DELAY>
  </CatchmentParameters>
  <VegetationZone>
    <VegetationZoneParameters>
      <TT>-1.6981767606243654</TT>
      <CFMAX>2.0761457521064974</CFMAX>
      <SP>0</SP>
      <SFCF>0.82313990512345347</SFCF>
      <CFR>0.045241437359986245</CFR>
      <CWH>0.10000013667682658</CWH>
      <CFGlacier>1</CFGlacier>
      <CFSlope>1</CFSlope>
      <FC>239.71096435568529</FC>
      <LP>0.96389322975237379</LP>
      <BETA>1.0000156893085985</BETA>
    </VegetationZoneParameters>
  </VegetationZone>
  <SubCatchment>
    <SubCatchmentParameters>
      <KSI>0.001</KSI>
      <KGmin>0.05</KGmin>
      <RangeKG>0.1</RangeKG>
      <AG>0.1</AG>
      <PERC>5.0375507492760061</PERC>
      <Alpha>0</Alpha>
      <UZL>26.09693773836257</UZL>
      <K0>0.37525569690533089</K0>
      <K1>0.077740808574380219</K1>
      <K2>0.048598988518900633</K2>
      <MAXBAS>1.0050300066377809</MAXBAS>
      <Cet>0</Cet>
      <PCALT>10</PCALT>
      <TCALT>0.6</TCALT>
      <Pelev>3349</Pelev>
      <Telev>2921</Telev>
      <PART>0.5</PART>
      <DELAY>1</DELAY>
    </SubCatchmentParameters>
    <SubCatchmentVegetationZone>
      <SubCatchmentVegetationZoneParameters>
        <TT>-1.6981767606243654</TT>
        <CFMAX>2.0761457521064974</CFMAX>
        <SP>0</SP>
        <SFCF>0.82313990512345347</SFCF>
        <CFR>0.045241437359986245</CFR>
        <CWH>0.10000013667682658</CWH>
        <CFGlacier>1</CFGlacier>
        <CFSlope>1</CFSlope>
        <FC>239.71096435568529</FC>
        <LP>0.96389322975237379</LP>
        <BETA>1.0000156893085985</BETA>
      </SubCatchmentVegetationZoneParameters>
    </SubCatchmentVegetationZone>
  </SubCatchment>
</Catchment>