<?xml version="1.0" encoding="utf-8"?>
<Catchment xmlns:xsi="http://www.w3.org/2001/XMLSchema-instance" xmlns:xsd="http://www.w3.org/2001/XMLSchema">
  <CatchmentParameters>
    <KSI>0.001</KSI>
    <KGmin>0.05</KGmin>
    <RangeKG>0.1</RangeKG>
    <AG>0.1</AG>
    <PERC>1.6093011045381915</PERC>
    <Alpha>0</Alpha>
    <UZL>69.44260658943233</UZL>
    <K0>0.356553721627242</K0>
    <K1>0.068693592706733017</K1>
    <K2>0.010000000185811731</K2>
    <MAXBAS>1</MAXBAS>
    <Cet>0</Cet>
    <PCALT>10</PCALT>
    <TCALT>0.6</TCALT>
    <Pelev>3349</Pelev>
    <Telev>2921</Telev>
    <PART>0.5</PART>
    <DELAY>1</DELAY>
  </CatchmentParameters>
  <VegetationZone>
    <VegetationZoneParameters>
      <TT>-1.9439973679101845</TT>
      <CFMAX>2.99037605523999</CFMAX>
      <SP>0</SP>
      <SFCF>1.2888415613840198</SFCF>
      <CFR>3.6642429985884655E-08</CFR>
      <CWH>0.10000007262864738</CWH>
      <CFGlacier>1</CFGlacier>
      <CFSlope>1</CFSlope>
      <FC>2499.9753002013117</FC>
      <LP>0.78195052831318224</LP>
      <BETA>1.7980135441565022</BETA>
    </VegetationZoneParameters>
  </VegetationZone>
  <SubCatchment>
    <SubCatchmentParameters>
      <KSI>0.001</KSI>
      <KGmin>0.05</KGmin>
      <RangeKG>0.1</RangeKG>
      <AG>0.1</AG>
      <PERC>1.6093011045381915</PERC>
      <Alpha>0</Alpha>
      <UZL>69.44260658943233</UZL>
      <K0>0.356553721627242</K0>
      <K1>0.068693592706733017</K1>
      <K2>0.010000000185811731</K2>
      <MAXBAS>1</MAXBAS>
      <Cet>0</Cet>
      <PCALT>10</PCALT>
      <TCALT>0.6</TCALT>
      <Pelev>3349</Pelev>
      <Telev>2921</Telev>
      <PART>0.5</PART>
      <DELAY>1</DELAY>
    </SubCatchmentParameters>
    <SubCatchmentVegetationZone>
      <SubCatchmentVegetationZoneParameters>
        <TT>-1.9439973679101845</TT>
        <CFMAX>2.99037605523999</CFMAX>
        <SP>0</SP>
        <SFCF>1.2888415613840198</SFCF>
        <CFR>3.6642429985884655E-08</CFR>
        <CWH>0.10000007262864738</CWH>
        <CFGlacier>1</CFGlacier>
        <CFSlope>1</CFSlope>
        <FC>2499.9753002013117</FC>
        <LP>0.78195052831318224</LP>
        <BETA>1.7980135441565022</BETA>
      </SubCatchmentVegetationZoneParameters>
    </SubCatchmentVegetationZone>
  </SubCatchment>
</Catchment>