<?xml version="1.0" encoding="utf-8"?>
<Catchment xmlns:xsi="http://www.w3.org/2001/XMLSchema-instance" xmlns:xsd="http://www.w3.org/2001/XMLSchema">
  <CatchmentParameters>
    <KSI>0.001</KSI>
    <KGmin>0.05</KGmin>
    <RangeKG>0.1</RangeKG>
    <AG>0.1</AG>
    <PERC>7.57091857737554</PERC>
    <Alpha>0</Alpha>
    <UZL>151.50255704360251</UZL>
    <K0>0.09243797362994087</K0>
    <K1>0.29056484427756446</K1>
    <K2>0.049590218849270978</K2>
    <MAXBAS>1.0049710895668544</MAXBAS>
    <Cet>0</Cet>
    <PCALT>10</PCALT>
    <TCALT>0.6</TCALT>
    <Pelev>3349</Pelev>
    <Telev>2921</Telev>
    <PART>0.5</PART>
    <DELAY>1</DELAY>
  </CatchmentParameters>
  <VegetationZone>
    <VegetationZoneParameters>
      <TT>-0.87766302160562992</TT>
      <CFMAX>2.3757309567956111</CFMAX>
      <SP>0</SP>
      <SFCF>0.79318568083401619</SFCF>
      <CFR>0.021753426703527704</CFR>
      <CWH>0.100000009381066</CWH>
      <CFGlacier>1</CFGlacier>
      <CFSlope>1</CFSlope>
      <FC>162.08404603995413</FC>
      <LP>0.660298664625441</LP>
      <BETA>1.0000168484710341</BETA>
    </VegetationZoneParameters>
  </VegetationZone>
  <SubCatchment>
    <SubCatchmentParameters>
      <KSI>0.001</KSI>
      <KGmin>0.05</KGmin>
      <RangeKG>0.1</RangeKG>
      <AG>0.1</AG>
      <PERC>7.57091857737554</PERC>
      <Alpha>0</Alpha>
      <UZL>151.50255704360251</UZL>
      <K0>0.09243797362994087</K0>
      <K1>0.29056484427756446</K1>
      <K2>0.049590218849270978</K2>
      <MAXBAS>1.0049710895668544</MAXBAS>
      <Cet>0</Cet>
      <PCALT>10</PCALT>
      <TCALT>0.6</TCALT>
      <Pelev>3349</Pelev>
      <Telev>2921</Telev>
      <PART>0.5</PART>
      <DELAY>1</DELAY>
    </SubCatchmentParameters>
    <SubCatchmentVegetationZone>
      <SubCatchmentVegetationZoneParameters>
        <TT>-0.87766302160562992</TT>
        <CFMAX>2.3757309567956111</CFMAX>
        <SP>0</SP>
        <SFCF>0.79318568083401619</SFCF>
        <CFR>0.021753426703527704</CFR>
        <CWH>0.100000009381066</CWH>
        <CFGlacier>1</CFGlacier>
        <CFSlope>1</CFSlope>
        <FC>162.08404603995413</FC>
        <LP>0.660298664625441</LP>
        <BETA>1.0000168484710341</BETA>
      </SubCatchmentVegetationZoneParameters>
    </SubCatchmentVegetationZone>
  </SubCatchment>
</Catchment>