<?xml version="1.0" encoding="utf-8"?>
<Catchment xmlns:xsi="http://www.w3.org/2001/XMLSchema-instance" xmlns:xsd="http://www.w3.org/2001/XMLSchema">
  <CatchmentParameters>
    <KSI>0.001</KSI>
    <KGmin>0.05</KGmin>
    <RangeKG>0.1</RangeKG>
    <AG>0.1</AG>
    <PERC>1.5199801540406532</PERC>
    <Alpha>0</Alpha>
    <UZL>68.226316633312621</UZL>
    <K0>0.3130216656314101</K0>
    <K1>0.0697849200924546</K1>
    <K2>0.010000006011046671</K2>
    <MAXBAS>1</MAXBAS>
    <Cet>0</Cet>
    <PCALT>10</PCALT>
    <TCALT>0.6</TCALT>
    <Pelev>3349</Pelev>
    <Telev>2921</Telev>
    <PART>0.5</PART>
    <DELAY>1</DELAY>
  </CatchmentParameters>
  <VegetationZone>
    <VegetationZoneParameters>
      <TT>-1.8577584236075644</TT>
      <CFMAX>2.7577357363147996</CFMAX>
      <SP>0</SP>
      <SFCF>1.172265573284031</SFCF>
      <CFR>4.880814342512565E-09</CFR>
      <CWH>0.10000002561535992</CWH>
      <CFGlacier>1</CFGlacier>
      <CFSlope>1</CFSlope>
      <FC>2025.8755080055303</FC>
      <LP>0.8695031799237406</LP>
      <BETA>1.5149713590002591</BETA>
    </VegetationZoneParameters>
  </VegetationZone>
  <SubCatchment>
    <SubCatchmentParameters>
      <KSI>0.001</KSI>
      <KGmin>0.05</KGmin>
      <RangeKG>0.1</RangeKG>
      <AG>0.1</AG>
      <PERC>1.5199801540406532</PERC>
      <Alpha>0</Alpha>
      <UZL>68.226316633312621</UZL>
      <K0>0.3130216656314101</K0>
      <K1>0.0697849200924546</K1>
      <K2>0.010000006011046671</K2>
      <MAXBAS>1</MAXBAS>
      <Cet>0</Cet>
      <PCALT>10</PCALT>
      <TCALT>0.6</TCALT>
      <Pelev>3349</Pelev>
      <Telev>2921</Telev>
      <PART>0.5</PART>
      <DELAY>1</DELAY>
    </SubCatchmentParameters>
    <SubCatchmentVegetationZone>
      <SubCatchmentVegetationZoneParameters>
        <TT>-1.8577584236075644</TT>
        <CFMAX>2.7577357363147996</CFMAX>
        <SP>0</SP>
        <SFCF>1.172265573284031</SFCF>
        <CFR>4.880814342512565E-09</CFR>
        <CWH>0.10000002561535992</CWH>
        <CFGlacier>1</CFGlacier>
        <CFSlope>1</CFSlope>
        <FC>2025.8755080055303</FC>
        <LP>0.8695031799237406</LP>
        <BETA>1.5149713590002591</BETA>
      </SubCatchmentVegetationZoneParameters>
    </SubCatchmentVegetationZone>
  </SubCatchment>
</Catchment>