<?xml version="1.0" encoding="utf-8"?>
<Catchment xmlns:xsi="http://www.w3.org/2001/XMLSchema-instance" xmlns:xsd="http://www.w3.org/2001/XMLSchema">
  <CatchmentParameters>
    <KSI>0.001</KSI>
    <KGmin>0.05</KGmin>
    <RangeKG>0.1</RangeKG>
    <AG>0.1</AG>
    <PERC>1.5813893824247971</PERC>
    <Alpha>0</Alpha>
    <UZL>133.87498844475121</UZL>
    <K0>0.13116716988889141</K0>
    <K1>0.062914889075454353</K1>
    <K2>0.010000000550315203</K2>
    <MAXBAS>1</MAXBAS>
    <Cet>0</Cet>
    <PCALT>10</PCALT>
    <TCALT>0.6</TCALT>
    <Pelev>3349</Pelev>
    <Telev>2921</Telev>
    <PART>0.5</PART>
    <DELAY>1</DELAY>
  </CatchmentParameters>
  <VegetationZone>
    <VegetationZoneParameters>
      <TT>-1.9159835899081663</TT>
      <CFMAX>3.9041158750715068</CFMAX>
      <SP>0</SP>
      <SFCF>1.192119060369363</SFCF>
      <CFR>0.00050616134321346121</CFR>
      <CWH>0.18571233151852964</CWH>
      <CFGlacier>1</CFGlacier>
      <CFSlope>1</CFSlope>
      <FC>1009.6077984653832</FC>
      <LP>0.80397941059719713</LP>
      <BETA>1.1331096092820012</BETA>
    </VegetationZoneParameters>
  </VegetationZone>
  <SubCatchment>
    <SubCatchmentParameters>
      <KSI>0.001</KSI>
      <KGmin>0.05</KGmin>
      <RangeKG>0.1</RangeKG>
      <AG>0.1</AG>
      <PERC>1.5813893824247971</PERC>
      <Alpha>0</Alpha>
      <UZL>133.87498844475121</UZL>
      <K0>0.13116716988889141</K0>
      <K1>0.062914889075454353</K1>
      <K2>0.010000000550315203</K2>
      <MAXBAS>1</MAXBAS>
      <Cet>0</Cet>
      <PCALT>10</PCALT>
      <TCALT>0.6</TCALT>
      <Pelev>3349</Pelev>
      <Telev>2921</Telev>
      <PART>0.5</PART>
      <DELAY>1</DELAY>
    </SubCatchmentParameters>
    <SubCatchmentVegetationZone>
      <SubCatchmentVegetationZoneParameters>
        <TT>-1.9159835899081663</TT>
        <CFMAX>3.9041158750715068</CFMAX>
        <SP>0</SP>
        <SFCF>1.192119060369363</SFCF>
        <CFR>0.00050616134321346121</CFR>
        <CWH>0.18571233151852964</CWH>
        <CFGlacier>1</CFGlacier>
        <CFSlope>1</CFSlope>
        <FC>1009.6077984653832</FC>
        <LP>0.80397941059719713</LP>
        <BETA>1.1331096092820012</BETA>
      </SubCatchmentVegetationZoneParameters>
    </SubCatchmentVegetationZone>
  </SubCatchment>
</Catchment>