<?xml version="1.0" encoding="utf-8"?>
<Catchment xmlns:xsi="http://www.w3.org/2001/XMLSchema-instance" xmlns:xsd="http://www.w3.org/2001/XMLSchema">
  <CatchmentParameters>
    <KSI>0.001</KSI>
    <KGmin>0.05</KGmin>
    <RangeKG>0.1</RangeKG>
    <AG>0.1</AG>
    <PERC>9.9999882405780447</PERC>
    <Alpha>0</Alpha>
    <UZL>137.48761702623128</UZL>
    <K0>0.46805604122523209</K0>
    <K1>0.11969965737647173</K1>
    <K2>0.042846935854836128</K2>
    <MAXBAS>1.0000698696045511</MAXBAS>
    <Cet>0</Cet>
    <PCALT>10</PCALT>
    <TCALT>0.6</TCALT>
    <Pelev>3349</Pelev>
    <Telev>2921</Telev>
    <PART>0.5</PART>
    <DELAY>1</DELAY>
  </CatchmentParameters>
  <VegetationZone>
    <VegetationZoneParameters>
      <TT>0.32000205498570578</TT>
      <CFMAX>4.52566988580153</CFMAX>
      <SP>0</SP>
      <SFCF>0.76860615792031239</SFCF>
      <CFR>0.000148129486228137</CFR>
      <CWH>0.11679950259074712</CWH>
      <CFGlacier>1</CFGlacier>
      <CFSlope>1</CFSlope>
      <FC>203.37826199793764</FC>
      <LP>0.999997988659125</LP>
      <BETA>1.0000000001061924</BETA>
    </VegetationZoneParameters>
  </VegetationZone>
  <SubCatchment>
    <SubCatchmentParameters>
      <KSI>0.001</KSI>
      <KGmin>0.05</KGmin>
      <RangeKG>0.1</RangeKG>
      <AG>0.1</AG>
      <PERC>9.9999882405780447</PERC>
      <Alpha>0</Alpha>
      <UZL>137.48761702623128</UZL>
      <K0>0.46805604122523209</K0>
      <K1>0.11969965737647173</K1>
      <K2>0.042846935854836128</K2>
      <MAXBAS>1.0000698696045511</MAXBAS>
      <Cet>0</Cet>
      <PCALT>10</PCALT>
      <TCALT>0.6</TCALT>
      <Pelev>3349</Pelev>
      <Telev>2921</Telev>
      <PART>0.5</PART>
      <DELAY>1</DELAY>
    </SubCatchmentParameters>
    <SubCatchmentVegetationZone>
      <SubCatchmentVegetationZoneParameters>
        <TT>0.32000205498570578</TT>
        <CFMAX>4.52566988580153</CFMAX>
        <SP>0</SP>
        <SFCF>0.76860615792031239</SFCF>
        <CFR>0.000148129486228137</CFR>
        <CWH>0.11679950259074712</CWH>
        <CFGlacier>1</CFGlacier>
        <CFSlope>1</CFSlope>
        <FC>203.37826199793764</FC>
        <LP>0.999997988659125</LP>
        <BETA>1.0000000001061924</BETA>
      </SubCatchmentVegetationZoneParameters>
    </SubCatchmentVegetationZone>
  </SubCatchment>
</Catchment>