<?xml version="1.0" encoding="utf-8"?>
<Catchment xmlns:xsi="http://www.w3.org/2001/XMLSchema-instance" xmlns:xsd="http://www.w3.org/2001/XMLSchema">
  <CatchmentParameters>
    <KSI>0.001</KSI>
    <KGmin>0.05</KGmin>
    <RangeKG>0.1</RangeKG>
    <AG>0.1</AG>
    <PERC>6.38130947357565</PERC>
    <Alpha>0</Alpha>
    <UZL>137.0844052727</UZL>
    <K0>0.30757927340469515</K0>
    <K1>0.24501031582620725</K1>
    <K2>0.061239119648058</K2>
    <MAXBAS>1.0049136860632955</MAXBAS>
    <Cet>0</Cet>
    <PCALT>10</PCALT>
    <TCALT>0.6</TCALT>
    <Pelev>3349</Pelev>
    <Telev>2921</Telev>
    <PART>0.5</PART>
    <DELAY>1</DELAY>
  </CatchmentParameters>
  <VegetationZone>
    <VegetationZoneParameters>
      <TT>-0.87131579079528509</TT>
      <CFMAX>2.839602367535357</CFMAX>
      <SP>0</SP>
      <SFCF>0.944486171343773</SFCF>
      <CFR>0.024392715929733983</CFR>
      <CWH>0.12547657609015514</CWH>
      <CFGlacier>1</CFGlacier>
      <CFSlope>1</CFSlope>
      <FC>999.9938447258246</FC>
      <LP>0.99195994262387444</LP>
      <BETA>1.0000016633973226</BETA>
    </VegetationZoneParameters>
  </VegetationZone>
  <SubCatchment>
    <SubCatchmentParameters>
      <KSI>0.001</KSI>
      <KGmin>0.05</KGmin>
      <RangeKG>0.1</RangeKG>
      <AG>0.1</AG>
      <PERC>6.38130947357565</PERC>
      <Alpha>0</Alpha>
      <UZL>137.0844052727</UZL>
      <K0>0.30757927340469515</K0>
      <K1>0.24501031582620725</K1>
      <K2>0.061239119648058</K2>
      <MAXBAS>1.0049136860632955</MAXBAS>
      <Cet>0</Cet>
      <PCALT>10</PCALT>
      <TCALT>0.6</TCALT>
      <Pelev>3349</Pelev>
      <Telev>2921</Telev>
      <PART>0.5</PART>
      <DELAY>1</DELAY>
    </SubCatchmentParameters>
    <SubCatchmentVegetationZone>
      <SubCatchmentVegetationZoneParameters>
        <TT>-0.87131579079528509</TT>
        <CFMAX>2.839602367535357</CFMAX>
        <SP>0</SP>
        <SFCF>0.944486171343773</SFCF>
        <CFR>0.024392715929733983</CFR>
        <CWH>0.12547657609015514</CWH>
        <CFGlacier>1</CFGlacier>
        <CFSlope>1</CFSlope>
        <FC>999.9938447258246</FC>
        <LP>0.99195994262387444</LP>
        <BETA>1.0000016633973226</BETA>
      </SubCatchmentVegetationZoneParameters>
    </SubCatchmentVegetationZone>
  </SubCatchment>
</Catchment>