<?xml version="1.0" encoding="utf-8"?>
<Catchment xmlns:xsi="http://www.w3.org/2001/XMLSchema-instance" xmlns:xsd="http://www.w3.org/2001/XMLSchema">
  <CatchmentParameters>
    <KSI>0.001</KSI>
    <KGmin>0.05</KGmin>
    <RangeKG>0.1</RangeKG>
    <AG>0.1</AG>
    <PERC>6.2758113791124668</PERC>
    <Alpha>0</Alpha>
    <UZL>119.15438651058628</UZL>
    <K0>0.10212254500058929</K0>
    <K1>0.23927329250559645</K1>
    <K2>0.061579586228151136</K2>
    <MAXBAS>1.0050539338583555</MAXBAS>
    <Cet>0</Cet>
    <PCALT>10</PCALT>
    <TCALT>0.6</TCALT>
    <Pelev>3349</Pelev>
    <Telev>2921</Telev>
    <PART>0.5</PART>
    <DELAY>1</DELAY>
  </CatchmentParameters>
  <VegetationZone>
    <VegetationZoneParameters>
      <TT>-0.37975473078564131</TT>
      <CFMAX>3.1026692833866414</CFMAX>
      <SP>0</SP>
      <SFCF>0.92844919506074064</SFCF>
      <CFR>0.00018407554085356727</CFR>
      <CWH>0.10000087325863442</CWH>
      <CFGlacier>1</CFGlacier>
      <CFSlope>1</CFSlope>
      <FC>999.99754393945148</FC>
      <LP>0.99999718329099863</LP>
      <BETA>1.0000021288226175</BETA>
    </VegetationZoneParameters>
  </VegetationZone>
  <SubCatchment>
    <SubCatchmentParameters>
      <KSI>0.001</KSI>
      <KGmin>0.05</KGmin>
      <RangeKG>0.1</RangeKG>
      <AG>0.1</AG>
      <PERC>6.2758113791124668</PERC>
      <Alpha>0</Alpha>
      <UZL>119.15438651058628</UZL>
      <K0>0.10212254500058929</K0>
      <K1>0.23927329250559645</K1>
      <K2>0.061579586228151136</K2>
      <MAXBAS>1.0050539338583555</MAXBAS>
      <Cet>0</Cet>
      <PCALT>10</PCALT>
      <TCALT>0.6</TCALT>
      <Pelev>3349</Pelev>
      <Telev>2921</Telev>
      <PART>0.5</PART>
      <DELAY>1</DELAY>
    </SubCatchmentParameters>
    <SubCatchmentVegetationZone>
      <SubCatchmentVegetationZoneParameters>
        <TT>-0.37975473078564131</TT>
        <CFMAX>3.1026692833866414</CFMAX>
        <SP>0</SP>
        <SFCF>0.92844919506074064</SFCF>
        <CFR>0.00018407554085356727</CFR>
        <CWH>0.10000087325863442</CWH>
        <CFGlacier>1</CFGlacier>
        <CFSlope>1</CFSlope>
        <FC>999.99754393945148</FC>
        <LP>0.99999718329099863</LP>
        <BETA>1.0000021288226175</BETA>
      </SubCatchmentVegetationZoneParameters>
    </SubCatchmentVegetationZone>
  </SubCatchment>
</Catchment>