<?xml version="1.0" encoding="utf-8"?>
<Catchment xmlns:xsi="http://www.w3.org/2001/XMLSchema-instance" xmlns:xsd="http://www.w3.org/2001/XMLSchema">
  <CatchmentParameters>
    <KSI>0.001</KSI>
    <KGmin>0.05</KGmin>
    <RangeKG>0.1</RangeKG>
    <AG>0.1</AG>
    <PERC>9.999285518118679</PERC>
    <Alpha>0</Alpha>
    <UZL>113.14538693341365</UZL>
    <K0>0.36058860816547916</K0>
    <K1>0.19228758386519482</K1>
    <K2>0.042470067233312869</K2>
    <MAXBAS>1.0000743824669134</MAXBAS>
    <Cet>0</Cet>
    <PCALT>10</PCALT>
    <TCALT>0.6</TCALT>
    <Pelev>3349</Pelev>
    <Telev>2921</Telev>
    <PART>0.5</PART>
    <DELAY>1</DELAY>
  </CatchmentParameters>
  <VegetationZone>
    <VegetationZoneParameters>
      <TT>-1.4439998415495745</TT>
      <CFMAX>3.41044659044957</CFMAX>
      <SP>0</SP>
      <SFCF>0.87760377082006968</SFCF>
      <CFR>0.099999420583304188</CFR>
      <CWH>0.19999897913045353</CWH>
      <CFGlacier>1</CFGlacier>
      <CFSlope>1</CFSlope>
      <FC>345.22072862024731</FC>
      <LP>0.99999792727083647</LP>
      <BETA>1.1100085161969768</BETA>
    </VegetationZoneParameters>
  </VegetationZone>
  <SubCatchment>
    <SubCatchmentParameters>
      <KSI>0.001</KSI>
      <KGmin>0.05</KGmin>
      <RangeKG>0.1</RangeKG>
      <AG>0.1</AG>
      <PERC>9.999285518118679</PERC>
      <Alpha>0</Alpha>
      <UZL>113.14538693341365</UZL>
      <K0>0.36058860816547916</K0>
      <K1>0.19228758386519482</K1>
      <K2>0.042470067233312869</K2>
      <MAXBAS>1.0000743824669134</MAXBAS>
      <Cet>0</Cet>
      <PCALT>10</PCALT>
      <TCALT>0.6</TCALT>
      <Pelev>3349</Pelev>
      <Telev>2921</Telev>
      <PART>0.5</PART>
      <DELAY>1</DELAY>
    </SubCatchmentParameters>
    <SubCatchmentVegetationZone>
      <SubCatchmentVegetationZoneParameters>
        <TT>-1.4439998415495745</TT>
        <CFMAX>3.41044659044957</CFMAX>
        <SP>0</SP>
        <SFCF>0.87760377082006968</SFCF>
        <CFR>0.099999420583304188</CFR>
        <CWH>0.19999897913045353</CWH>
        <CFGlacier>1</CFGlacier>
        <CFSlope>1</CFSlope>
        <FC>345.22072862024731</FC>
        <LP>0.99999792727083647</LP>
        <BETA>1.1100085161969768</BETA>
      </SubCatchmentVegetationZoneParameters>
    </SubCatchmentVegetationZone>
  </SubCatchment>
</Catchment>