<?xml version="1.0" encoding="utf-8"?>
<Catchment xmlns:xsi="http://www.w3.org/2001/XMLSchema-instance" xmlns:xsd="http://www.w3.org/2001/XMLSchema">
  <CatchmentParameters>
    <KSI>0.001</KSI>
    <KGmin>0.05</KGmin>
    <RangeKG>0.1</RangeKG>
    <AG>0.1</AG>
    <PERC>9.9980286728932413</PERC>
    <Alpha>0</Alpha>
    <UZL>183.99453246615767</UZL>
    <K0>0.36866888821988258</K0>
    <K1>0.10879651325885387</K1>
    <K2>0.036180170365544967</K2>
    <MAXBAS>1.0000820207387715</MAXBAS>
    <Cet>0</Cet>
    <PCALT>10</PCALT>
    <TCALT>0.6</TCALT>
    <Pelev>3349</Pelev>
    <Telev>2921</Telev>
    <PART>0.5</PART>
    <DELAY>1</DELAY>
  </CatchmentParameters>
  <VegetationZone>
    <VegetationZoneParameters>
      <TT>-0.14400616779564998</TT>
      <CFMAX>4.018025880658957</CFMAX>
      <SP>0</SP>
      <SFCF>0.72166451756980177</SFCF>
      <CFR>0.061328857863347117</CFR>
      <CWH>0.19999528966441091</CWH>
      <CFGlacier>1</CFGlacier>
      <CFSlope>1</CFSlope>
      <FC>102.53381532881076</FC>
      <LP>0.99997785721581212</LP>
      <BETA>1.000000303429998</BETA>
    </VegetationZoneParameters>
  </VegetationZone>
  <SubCatchment>
    <SubCatchmentParameters>
      <KSI>0.001</KSI>
      <KGmin>0.05</KGmin>
      <RangeKG>0.1</RangeKG>
      <AG>0.1</AG>
      <PERC>9.9980286728932413</PERC>
      <Alpha>0</Alpha>
      <UZL>183.99453246615767</UZL>
      <K0>0.36866888821988258</K0>
      <K1>0.10879651325885387</K1>
      <K2>0.036180170365544967</K2>
      <MAXBAS>1.0000820207387715</MAXBAS>
      <Cet>0</Cet>
      <PCALT>10</PCALT>
      <TCALT>0.6</TCALT>
      <Pelev>3349</Pelev>
      <Telev>2921</Telev>
      <PART>0.5</PART>
      <DELAY>1</DELAY>
    </SubCatchmentParameters>
    <SubCatchmentVegetationZone>
      <SubCatchmentVegetationZoneParameters>
        <TT>-0.14400616779564998</TT>
        <CFMAX>4.018025880658957</CFMAX>
        <SP>0</SP>
        <SFCF>0.72166451756980177</SFCF>
        <CFR>0.061328857863347117</CFR>
        <CWH>0.19999528966441091</CWH>
        <CFGlacier>1</CFGlacier>
        <CFSlope>1</CFSlope>
        <FC>102.53381532881076</FC>
        <LP>0.99997785721581212</LP>
        <BETA>1.000000303429998</BETA>
      </SubCatchmentVegetationZoneParameters>
    </SubCatchmentVegetationZone>
  </SubCatchment>
</Catchment>