<?xml version="1.0" encoding="utf-8"?>
<Catchment xmlns:xsi="http://www.w3.org/2001/XMLSchema-instance" xmlns:xsd="http://www.w3.org/2001/XMLSchema">
  <CatchmentParameters>
    <KSI>0.001</KSI>
    <KGmin>0.05</KGmin>
    <RangeKG>0.1</RangeKG>
    <AG>0.1</AG>
    <PERC>7.14974997730445</PERC>
    <Alpha>0</Alpha>
    <UZL>123.28958617721885</UZL>
    <K0>0.84963709543194166</K0>
    <K1>0.27677423700405784</K1>
    <K2>0.057517678509972837</K2>
    <MAXBAS>1.0150380731768598</MAXBAS>
    <Cet>0</Cet>
    <PCALT>10</PCALT>
    <TCALT>0.6</TCALT>
    <Pelev>3349</Pelev>
    <Telev>2921</Telev>
    <PART>0.5</PART>
    <DELAY>1</DELAY>
  </CatchmentParameters>
  <VegetationZone>
    <VegetationZoneParameters>
      <TT>-0.71600061953124006</TT>
      <CFMAX>2.450624110462261</CFMAX>
      <SP>0</SP>
      <SFCF>0.79404731097551473</SFCF>
      <CFR>0.00046811170116351083</CFR>
      <CWH>0.10000033016226399</CWH>
      <CFGlacier>1</CFGlacier>
      <CFSlope>1</CFSlope>
      <FC>219.28638913530506</FC>
      <LP>0.9998567272019262</LP>
      <BETA>1.0000011812081702</BETA>
    </VegetationZoneParameters>
  </VegetationZone>
  <SubCatchment>
    <SubCatchmentParameters>
      <KSI>0.001</KSI>
      <KGmin>0.05</KGmin>
      <RangeKG>0.1</RangeKG>
      <AG>0.1</AG>
      <PERC>7.14974997730445</PERC>
      <Alpha>0</Alpha>
      <UZL>123.28958617721885</UZL>
      <K0>0.84963709543194166</K0>
      <K1>0.27677423700405784</K1>
      <K2>0.057517678509972837</K2>
      <MAXBAS>1.0150380731768598</MAXBAS>
      <Cet>0</Cet>
      <PCALT>10</PCALT>
      <TCALT>0.6</TCALT>
      <Pelev>3349</Pelev>
      <Telev>2921</Telev>
      <PART>0.5</PART>
      <DELAY>1</DELAY>
    </SubCatchmentParameters>
    <SubCatchmentVegetationZone>
      <SubCatchmentVegetationZoneParameters>
        <TT>-0.71600061953124006</TT>
        <CFMAX>2.450624110462261</CFMAX>
        <SP>0</SP>
        <SFCF>0.79404731097551473</SFCF>
        <CFR>0.00046811170116351083</CFR>
        <CWH>0.10000033016226399</CWH>
        <CFGlacier>1</CFGlacier>
        <CFSlope>1</CFSlope>
        <FC>219.28638913530506</FC>
        <LP>0.9998567272019262</LP>
        <BETA>1.0000011812081702</BETA>
      </SubCatchmentVegetationZoneParameters>
    </SubCatchmentVegetationZone>
  </SubCatchment>
</Catchment>