<?xml version="1.0" encoding="utf-8"?>
<Catchment xmlns:xsi="http://www.w3.org/2001/XMLSchema-instance" xmlns:xsd="http://www.w3.org/2001/XMLSchema">
  <CatchmentParameters>
    <KSI>0.001</KSI>
    <KGmin>0.05</KGmin>
    <RangeKG>0.1</RangeKG>
    <AG>0.1</AG>
    <PERC>1.4428827613387822</PERC>
    <Alpha>0</Alpha>
    <UZL>76.618973747607711</UZL>
    <K0>0.3132283726516214</K0>
    <K1>0.062013074292213081</K1>
    <K2>0.01051119009671425</K2>
    <MAXBAS>1</MAXBAS>
    <Cet>0</Cet>
    <PCALT>10</PCALT>
    <TCALT>0.6</TCALT>
    <Pelev>3349</Pelev>
    <Telev>2921</Telev>
    <PART>0.5</PART>
    <DELAY>1</DELAY>
  </CatchmentParameters>
  <VegetationZone>
    <VegetationZoneParameters>
      <TT>-1.7532589285909406</TT>
      <CFMAX>2.8938565438225949</CFMAX>
      <SP>0</SP>
      <SFCF>1.1927479702774075</SFCF>
      <CFR>3.7997137929945019E-08</CFR>
      <CWH>0.1000002407722097</CWH>
      <CFGlacier>1</CFGlacier>
      <CFSlope>1</CFSlope>
      <FC>2423.9228923716282</FC>
      <LP>0.91017752644017436</LP>
      <BETA>1.9566534368701347</BETA>
    </VegetationZoneParameters>
  </VegetationZone>
  <SubCatchment>
    <SubCatchmentParameters>
      <KSI>0.001</KSI>
      <KGmin>0.05</KGmin>
      <RangeKG>0.1</RangeKG>
      <AG>0.1</AG>
      <PERC>1.4428827613387822</PERC>
      <Alpha>0</Alpha>
      <UZL>76.618973747607711</UZL>
      <K0>0.3132283726516214</K0>
      <K1>0.062013074292213081</K1>
      <K2>0.01051119009671425</K2>
      <MAXBAS>1</MAXBAS>
      <Cet>0</Cet>
      <PCALT>10</PCALT>
      <TCALT>0.6</TCALT>
      <Pelev>3349</Pelev>
      <Telev>2921</Telev>
      <PART>0.5</PART>
      <DELAY>1</DELAY>
    </SubCatchmentParameters>
    <SubCatchmentVegetationZone>
      <SubCatchmentVegetationZoneParameters>
        <TT>-1.7532589285909406</TT>
        <CFMAX>2.8938565438225949</CFMAX>
        <SP>0</SP>
        <SFCF>1.1927479702774075</SFCF>
        <CFR>3.7997137929945019E-08</CFR>
        <CWH>0.1000002407722097</CWH>
        <CFGlacier>1</CFGlacier>
        <CFSlope>1</CFSlope>
        <FC>2423.9228923716282</FC>
        <LP>0.91017752644017436</LP>
        <BETA>1.9566534368701347</BETA>
      </SubCatchmentVegetationZoneParameters>
    </SubCatchmentVegetationZone>
  </SubCatchment>
</Catchment>