<?xml version="1.0" encoding="utf-8"?>
<Catchment xmlns:xsi="http://www.w3.org/2001/XMLSchema-instance" xmlns:xsd="http://www.w3.org/2001/XMLSchema">
  <CatchmentParameters>
    <KSI>0.001</KSI>
    <KGmin>0.05</KGmin>
    <RangeKG>0.1</RangeKG>
    <AG>0.1</AG>
    <PERC>4.9275456725029674</PERC>
    <Alpha>0</Alpha>
    <UZL>30.378735155412887</UZL>
    <K0>0.43526620985420172</K0>
    <K1>0.13409959070708707</K1>
    <K2>0.043752627850894142</K2>
    <MAXBAS>1.0000519461285384</MAXBAS>
    <Cet>0</Cet>
    <PCALT>10</PCALT>
    <TCALT>0.6</TCALT>
    <Pelev>3349</Pelev>
    <Telev>2921</Telev>
    <PART>0.5</PART>
    <DELAY>1</DELAY>
  </CatchmentParameters>
  <VegetationZone>
    <VegetationZoneParameters>
      <TT>-1.3800020176028731</TT>
      <CFMAX>1.807103852833954</CFMAX>
      <SP>0</SP>
      <SFCF>0.71861086090714554</SFCF>
      <CFR>0.044776110308521411</CFR>
      <CWH>0.10490536160828856</CWH>
      <CFGlacier>1</CFGlacier>
      <CFSlope>1</CFSlope>
      <FC>99.583671683783962</FC>
      <LP>0.675192163790036</LP>
      <BETA>1.0000202025509564</BETA>
    </VegetationZoneParameters>
  </VegetationZone>
  <SubCatchment>
    <SubCatchmentParameters>
      <KSI>0.001</KSI>
      <KGmin>0.05</KGmin>
      <RangeKG>0.1</RangeKG>
      <AG>0.1</AG>
      <PERC>4.9275456725029674</PERC>
      <Alpha>0</Alpha>
      <UZL>30.378735155412887</UZL>
      <K0>0.43526620985420172</K0>
      <K1>0.13409959070708707</K1>
      <K2>0.043752627850894142</K2>
      <MAXBAS>1.0000519461285384</MAXBAS>
      <Cet>0</Cet>
      <PCALT>10</PCALT>
      <TCALT>0.6</TCALT>
      <Pelev>3349</Pelev>
      <Telev>2921</Telev>
      <PART>0.5</PART>
      <DELAY>1</DELAY>
    </SubCatchmentParameters>
    <SubCatchmentVegetationZone>
      <SubCatchmentVegetationZoneParameters>
        <TT>-1.3800020176028731</TT>
        <CFMAX>1.807103852833954</CFMAX>
        <SP>0</SP>
        <SFCF>0.71861086090714554</SFCF>
        <CFR>0.044776110308521411</CFR>
        <CWH>0.10490536160828856</CWH>
        <CFGlacier>1</CFGlacier>
        <CFSlope>1</CFSlope>
        <FC>99.583671683783962</FC>
        <LP>0.675192163790036</LP>
        <BETA>1.0000202025509564</BETA>
      </SubCatchmentVegetationZoneParameters>
    </SubCatchmentVegetationZone>
  </SubCatchment>
</Catchment>