<?xml version="1.0" encoding="utf-8"?>
<Catchment xmlns:xsi="http://www.w3.org/2001/XMLSchema-instance" xmlns:xsd="http://www.w3.org/2001/XMLSchema">
  <CatchmentParameters>
    <KSI>0.001</KSI>
    <KGmin>0.05</KGmin>
    <RangeKG>0.1</RangeKG>
    <AG>0.1</AG>
    <PERC>5.4089349911375759</PERC>
    <Alpha>0</Alpha>
    <UZL>69.143217332967666</UZL>
    <K0>0.12811961055523208</K0>
    <K1>0.2266070755837494</K1>
    <K2>0.03864955683221017</K2>
    <MAXBAS>1.0045891578776025</MAXBAS>
    <Cet>0</Cet>
    <PCALT>10</PCALT>
    <TCALT>0.6</TCALT>
    <Pelev>3349</Pelev>
    <Telev>2921</Telev>
    <PART>0.5</PART>
    <DELAY>1</DELAY>
  </CatchmentParameters>
  <VegetationZone>
    <VegetationZoneParameters>
      <TT>-1.3800012068363834</TT>
      <CFMAX>1.9742282026509839</CFMAX>
      <SP>0</SP>
      <SFCF>0.76577616996641407</SFCF>
      <CFR>0.035929948052761063</CFR>
      <CWH>0.10000046774556157</CWH>
      <CFGlacier>1</CFGlacier>
      <CFSlope>1</CFSlope>
      <FC>128.99797942141026</FC>
      <LP>0.69144882440921651</LP>
      <BETA>1.2425370191515341</BETA>
    </VegetationZoneParameters>
  </VegetationZone>
  <SubCatchment>
    <SubCatchmentParameters>
      <KSI>0.001</KSI>
      <KGmin>0.05</KGmin>
      <RangeKG>0.1</RangeKG>
      <AG>0.1</AG>
      <PERC>5.4089349911375759</PERC>
      <Alpha>0</Alpha>
      <UZL>69.143217332967666</UZL>
      <K0>0.12811961055523208</K0>
      <K1>0.2266070755837494</K1>
      <K2>0.03864955683221017</K2>
      <MAXBAS>1.0045891578776025</MAXBAS>
      <Cet>0</Cet>
      <PCALT>10</PCALT>
      <TCALT>0.6</TCALT>
      <Pelev>3349</Pelev>
      <Telev>2921</Telev>
      <PART>0.5</PART>
      <DELAY>1</DELAY>
    </SubCatchmentParameters>
    <SubCatchmentVegetationZone>
      <SubCatchmentVegetationZoneParameters>
        <TT>-1.3800012068363834</TT>
        <CFMAX>1.9742282026509839</CFMAX>
        <SP>0</SP>
        <SFCF>0.76577616996641407</SFCF>
        <CFR>0.035929948052761063</CFR>
        <CWH>0.10000046774556157</CWH>
        <CFGlacier>1</CFGlacier>
        <CFSlope>1</CFSlope>
        <FC>128.99797942141026</FC>
        <LP>0.69144882440921651</LP>
        <BETA>1.2425370191515341</BETA>
      </SubCatchmentVegetationZoneParameters>
    </SubCatchmentVegetationZone>
  </SubCatchment>
</Catchment>