<?xml version="1.0" encoding="utf-8"?>
<Catchment xmlns:xsi="http://www.w3.org/2001/XMLSchema-instance" xmlns:xsd="http://www.w3.org/2001/XMLSchema">
  <CatchmentParameters>
    <KSI>0.001</KSI>
    <KGmin>0.05</KGmin>
    <RangeKG>0.1</RangeKG>
    <AG>0.1</AG>
    <PERC>9.9999922081435386</PERC>
    <Alpha>0</Alpha>
    <UZL>73.340660704865712</UZL>
    <K0>0.15551456203046177</K0>
    <K1>0.22890385053468029</K1>
    <K2>0.047634085184738224</K2>
    <MAXBAS>1.0000884672294275</MAXBAS>
    <Cet>0</Cet>
    <PCALT>10</PCALT>
    <TCALT>0.6</TCALT>
    <Pelev>3349</Pelev>
    <Telev>2921</Telev>
    <PART>0.5</PART>
    <DELAY>1</DELAY>
  </CatchmentParameters>
  <VegetationZone>
    <VegetationZoneParameters>
      <TT>-1.4284821222142841</TT>
      <CFMAX>3.4449196398594188</CFMAX>
      <SP>0</SP>
      <SFCF>0.89083547219511172</SFCF>
      <CFR>0.099997626139733314</CFR>
      <CWH>0.199999719972308</CWH>
      <CFGlacier>1</CFGlacier>
      <CFSlope>1</CFSlope>
      <FC>433.8371291629137</FC>
      <LP>0.999993775002839</LP>
      <BETA>1.1431716287565359</BETA>
    </VegetationZoneParameters>
  </VegetationZone>
  <SubCatchment>
    <SubCatchmentParameters>
      <KSI>0.001</KSI>
      <KGmin>0.05</KGmin>
      <RangeKG>0.1</RangeKG>
      <AG>0.1</AG>
      <PERC>9.9999922081435386</PERC>
      <Alpha>0</Alpha>
      <UZL>73.340660704865712</UZL>
      <K0>0.15551456203046177</K0>
      <K1>0.22890385053468029</K1>
      <K2>0.047634085184738224</K2>
      <MAXBAS>1.0000884672294275</MAXBAS>
      <Cet>0</Cet>
      <PCALT>10</PCALT>
      <TCALT>0.6</TCALT>
      <Pelev>3349</Pelev>
      <Telev>2921</Telev>
      <PART>0.5</PART>
      <DELAY>1</DELAY>
    </SubCatchmentParameters>
    <SubCatchmentVegetationZone>
      <SubCatchmentVegetationZoneParameters>
        <TT>-1.4284821222142841</TT>
        <CFMAX>3.4449196398594188</CFMAX>
        <SP>0</SP>
        <SFCF>0.89083547219511172</SFCF>
        <CFR>0.099997626139733314</CFR>
        <CWH>0.199999719972308</CWH>
        <CFGlacier>1</CFGlacier>
        <CFSlope>1</CFSlope>
        <FC>433.8371291629137</FC>
        <LP>0.999993775002839</LP>
        <BETA>1.1431716287565359</BETA>
      </SubCatchmentVegetationZoneParameters>
    </SubCatchmentVegetationZone>
  </SubCatchment>
</Catchment>