<?xml version="1.0" encoding="utf-8"?>
<Catchment xmlns:xsi="http://www.w3.org/2001/XMLSchema-instance" xmlns:xsd="http://www.w3.org/2001/XMLSchema">
  <CatchmentParameters>
    <KSI>0.001</KSI>
    <KGmin>0.05</KGmin>
    <RangeKG>0.1</RangeKG>
    <AG>0.1</AG>
    <PERC>9.9999919636480357</PERC>
    <Alpha>0</Alpha>
    <UZL>175.68542628885609</UZL>
    <K0>0.53578084818527871</K0>
    <K1>0.20587457442411777</K1>
    <K2>0.045396135474391371</K2>
    <MAXBAS>1.0000145466582628</MAXBAS>
    <Cet>0</Cet>
    <PCALT>10</PCALT>
    <TCALT>0.6</TCALT>
    <Pelev>3349</Pelev>
    <Telev>2921</Telev>
    <PART>0.5</PART>
    <DELAY>1</DELAY>
  </CatchmentParameters>
  <VegetationZone>
    <VegetationZoneParameters>
      <TT>-1.1439999328665595</TT>
      <CFMAX>3.4859886693030977</CFMAX>
      <SP>0</SP>
      <SFCF>0.84538747427395233</SFCF>
      <CFR>0.085488415982568469</CFR>
      <CWH>0.19999949969847919</CWH>
      <CFGlacier>1</CFGlacier>
      <CFSlope>1</CFSlope>
      <FC>330.42625162810413</FC>
      <LP>0.99999726154356416</LP>
      <BETA>1.0000263394883382</BETA>
    </VegetationZoneParameters>
  </VegetationZone>
  <SubCatchment>
    <SubCatchmentParameters>
      <KSI>0.001</KSI>
      <KGmin>0.05</KGmin>
      <RangeKG>0.1</RangeKG>
      <AG>0.1</AG>
      <PERC>9.9999919636480357</PERC>
      <Alpha>0</Alpha>
      <UZL>175.68542628885609</UZL>
      <K0>0.53578084818527871</K0>
      <K1>0.20587457442411777</K1>
      <K2>0.045396135474391371</K2>
      <MAXBAS>1.0000145466582628</MAXBAS>
      <Cet>0</Cet>
      <PCALT>10</PCALT>
      <TCALT>0.6</TCALT>
      <Pelev>3349</Pelev>
      <Telev>2921</Telev>
      <PART>0.5</PART>
      <DELAY>1</DELAY>
    </SubCatchmentParameters>
    <SubCatchmentVegetationZone>
      <SubCatchmentVegetationZoneParameters>
        <TT>-1.1439999328665595</TT>
        <CFMAX>3.4859886693030977</CFMAX>
        <SP>0</SP>
        <SFCF>0.84538747427395233</SFCF>
        <CFR>0.085488415982568469</CFR>
        <CWH>0.19999949969847919</CWH>
        <CFGlacier>1</CFGlacier>
        <CFSlope>1</CFSlope>
        <FC>330.42625162810413</FC>
        <LP>0.99999726154356416</LP>
        <BETA>1.0000263394883382</BETA>
      </SubCatchmentVegetationZoneParameters>
    </SubCatchmentVegetationZone>
  </SubCatchment>
</Catchment>