<?xml version="1.0" encoding="utf-8"?>
<Catchment xmlns:xsi="http://www.w3.org/2001/XMLSchema-instance" xmlns:xsd="http://www.w3.org/2001/XMLSchema">
  <CatchmentParameters>
    <KSI>0.001</KSI>
    <KGmin>0.05</KGmin>
    <RangeKG>0.1</RangeKG>
    <AG>0.1</AG>
    <PERC>1.7103841125685475</PERC>
    <Alpha>0</Alpha>
    <UZL>54.561195120927437</UZL>
    <K0>0.22392254887016569</K0>
    <K1>0.080616926608786721</K1>
    <K2>0.010000002543955533</K2>
    <MAXBAS>1</MAXBAS>
    <Cet>0</Cet>
    <PCALT>10</PCALT>
    <TCALT>0.6</TCALT>
    <Pelev>3349</Pelev>
    <Telev>2921</Telev>
    <PART>0.5</PART>
    <DELAY>1</DELAY>
  </CatchmentParameters>
  <VegetationZone>
    <VegetationZoneParameters>
      <TT>-1.5406393030900838</TT>
      <CFMAX>2.9701397160181897</CFMAX>
      <SP>0</SP>
      <SFCF>1.2121496046538882</SFCF>
      <CFR>2.8675259973629613E-09</CFR>
      <CWH>0.10000004427333639</CWH>
      <CFGlacier>1</CFGlacier>
      <CFSlope>1</CFSlope>
      <FC>2408.2588766940803</FC>
      <LP>0.68870862797055077</LP>
      <BETA>1.1202799071469956</BETA>
    </VegetationZoneParameters>
  </VegetationZone>
  <SubCatchment>
    <SubCatchmentParameters>
      <KSI>0.001</KSI>
      <KGmin>0.05</KGmin>
      <RangeKG>0.1</RangeKG>
      <AG>0.1</AG>
      <PERC>1.7103841125685475</PERC>
      <Alpha>0</Alpha>
      <UZL>54.561195120927437</UZL>
      <K0>0.22392254887016569</K0>
      <K1>0.080616926608786721</K1>
      <K2>0.010000002543955533</K2>
      <MAXBAS>1</MAXBAS>
      <Cet>0</Cet>
      <PCALT>10</PCALT>
      <TCALT>0.6</TCALT>
      <Pelev>3349</Pelev>
      <Telev>2921</Telev>
      <PART>0.5</PART>
      <DELAY>1</DELAY>
    </SubCatchmentParameters>
    <SubCatchmentVegetationZone>
      <SubCatchmentVegetationZoneParameters>
        <TT>-1.5406393030900838</TT>
        <CFMAX>2.9701397160181897</CFMAX>
        <SP>0</SP>
        <SFCF>1.2121496046538882</SFCF>
        <CFR>2.8675259973629613E-09</CFR>
        <CWH>0.10000004427333639</CWH>
        <CFGlacier>1</CFGlacier>
        <CFSlope>1</CFSlope>
        <FC>2408.2588766940803</FC>
        <LP>0.68870862797055077</LP>
        <BETA>1.1202799071469956</BETA>
      </SubCatchmentVegetationZoneParameters>
    </SubCatchmentVegetationZone>
  </SubCatchment>
</Catchment>