<?xml version="1.0" encoding="utf-8"?>
<Catchment xmlns:xsi="http://www.w3.org/2001/XMLSchema-instance" xmlns:xsd="http://www.w3.org/2001/XMLSchema">
  <CatchmentParameters>
    <KSI>0.001</KSI>
    <KGmin>0.05</KGmin>
    <RangeKG>0.1</RangeKG>
    <AG>0.1</AG>
    <PERC>9.9999903641895074</PERC>
    <Alpha>0</Alpha>
    <UZL>86.380786970506279</UZL>
    <K0>0.55380891571777668</K0>
    <K1>0.1813175057999333</K1>
    <K2>0.046633257730554455</K2>
    <MAXBAS>1.0000168359424262</MAXBAS>
    <Cet>0</Cet>
    <PCALT>10</PCALT>
    <TCALT>0.6</TCALT>
    <Pelev>3349</Pelev>
    <Telev>2921</Telev>
    <PART>0.5</PART>
    <DELAY>1</DELAY>
  </CatchmentParameters>
  <VegetationZone>
    <VegetationZoneParameters>
      <TT>-0.54400090665798118</TT>
      <CFMAX>4.0642438556544223</CFMAX>
      <SP>0</SP>
      <SFCF>0.87415420343039918</SFCF>
      <CFR>0.00015287464051437711</CFR>
      <CWH>0.19999920757813033</CWH>
      <CFGlacier>1</CFGlacier>
      <CFSlope>1</CFSlope>
      <FC>418.50449149022108</FC>
      <LP>0.999997571369701</LP>
      <BETA>1.0000013155390264</BETA>
    </VegetationZoneParameters>
  </VegetationZone>
  <SubCatchment>
    <SubCatchmentParameters>
      <KSI>0.001</KSI>
      <KGmin>0.05</KGmin>
      <RangeKG>0.1</RangeKG>
      <AG>0.1</AG>
      <PERC>9.9999903641895074</PERC>
      <Alpha>0</Alpha>
      <UZL>86.380786970506279</UZL>
      <K0>0.55380891571777668</K0>
      <K1>0.1813175057999333</K1>
      <K2>0.046633257730554455</K2>
      <MAXBAS>1.0000168359424262</MAXBAS>
      <Cet>0</Cet>
      <PCALT>10</PCALT>
      <TCALT>0.6</TCALT>
      <Pelev>3349</Pelev>
      <Telev>2921</Telev>
      <PART>0.5</PART>
      <DELAY>1</DELAY>
    </SubCatchmentParameters>
    <SubCatchmentVegetationZone>
      <SubCatchmentVegetationZoneParameters>
        <TT>-0.54400090665798118</TT>
        <CFMAX>4.0642438556544223</CFMAX>
        <SP>0</SP>
        <SFCF>0.87415420343039918</SFCF>
        <CFR>0.00015287464051437711</CFR>
        <CWH>0.19999920757813033</CWH>
        <CFGlacier>1</CFGlacier>
        <CFSlope>1</CFSlope>
        <FC>418.50449149022108</FC>
        <LP>0.999997571369701</LP>
        <BETA>1.0000013155390264</BETA>
      </SubCatchmentVegetationZoneParameters>
    </SubCatchmentVegetationZone>
  </SubCatchment>
</Catchment>