<?xml version="1.0" encoding="utf-8"?>
<Catchment xmlns:xsi="http://www.w3.org/2001/XMLSchema-instance" xmlns:xsd="http://www.w3.org/2001/XMLSchema">
  <CatchmentParameters>
    <KSI>0.001</KSI>
    <KGmin>0.05</KGmin>
    <RangeKG>0.1</RangeKG>
    <AG>0.1</AG>
    <PERC>9.9999829812603167</PERC>
    <Alpha>0</Alpha>
    <UZL>137.20690353339751</UZL>
    <K0>0.89827139746139761</K0>
    <K1>0.17808688574429948</K1>
    <K2>0.044651782779276387</K2>
    <MAXBAS>1.0001501172959693</MAXBAS>
    <Cet>0</Cet>
    <PCALT>10</PCALT>
    <TCALT>0.6</TCALT>
    <Pelev>3349</Pelev>
    <Telev>2921</Telev>
    <PART>0.5</PART>
    <DELAY>1</DELAY>
  </CatchmentParameters>
  <VegetationZone>
    <VegetationZoneParameters>
      <TT>-0.84183215049927174</TT>
      <CFMAX>4.2761032787655386</CFMAX>
      <SP>0</SP>
      <SFCF>0.96573226899115716</SFCF>
      <CFR>0.0010256336228065487</CFR>
      <CWH>0.19999926974601182</CWH>
      <CFGlacier>1</CFGlacier>
      <CFSlope>1</CFSlope>
      <FC>623.0861846950886</FC>
      <LP>0.99999867076075855</LP>
      <BETA>1.2085893377099242</BETA>
    </VegetationZoneParameters>
  </VegetationZone>
  <SubCatchment>
    <SubCatchmentParameters>
      <KSI>0.001</KSI>
      <KGmin>0.05</KGmin>
      <RangeKG>0.1</RangeKG>
      <AG>0.1</AG>
      <PERC>9.9999829812603167</PERC>
      <Alpha>0</Alpha>
      <UZL>137.20690353339751</UZL>
      <K0>0.89827139746139761</K0>
      <K1>0.17808688574429948</K1>
      <K2>0.044651782779276387</K2>
      <MAXBAS>1.0001501172959693</MAXBAS>
      <Cet>0</Cet>
      <PCALT>10</PCALT>
      <TCALT>0.6</TCALT>
      <Pelev>3349</Pelev>
      <Telev>2921</Telev>
      <PART>0.5</PART>
      <DELAY>1</DELAY>
    </SubCatchmentParameters>
    <SubCatchmentVegetationZone>
      <SubCatchmentVegetationZoneParameters>
        <TT>-0.84183215049927174</TT>
        <CFMAX>4.2761032787655386</CFMAX>
        <SP>0</SP>
        <SFCF>0.96573226899115716</SFCF>
        <CFR>0.0010256336228065487</CFR>
        <CWH>0.19999926974601182</CWH>
        <CFGlacier>1</CFGlacier>
        <CFSlope>1</CFSlope>
        <FC>623.0861846950886</FC>
        <LP>0.99999867076075855</LP>
        <BETA>1.2085893377099242</BETA>
      </SubCatchmentVegetationZoneParameters>
    </SubCatchmentVegetationZone>
  </SubCatchment>
</Catchment>