<?xml version="1.0" encoding="utf-8"?>
<Catchment xmlns:xsi="http://www.w3.org/2001/XMLSchema-instance" xmlns:xsd="http://www.w3.org/2001/XMLSchema">
  <CatchmentParameters>
    <KSI>0.001</KSI>
    <KGmin>0.05</KGmin>
    <RangeKG>0.1</RangeKG>
    <AG>0.1</AG>
    <PERC>1.697447635932138</PERC>
    <Alpha>0</Alpha>
    <UZL>46.054609828857494</UZL>
    <K0>0.21740922524684112</K0>
    <K1>0.0858713944022021</K1>
    <K2>0.010000002325214072</K2>
    <MAXBAS>1</MAXBAS>
    <Cet>0</Cet>
    <PCALT>10</PCALT>
    <TCALT>0.6</TCALT>
    <Pelev>3349</Pelev>
    <Telev>2921</Telev>
    <PART>0.5</PART>
    <DELAY>1</DELAY>
  </CatchmentParameters>
  <VegetationZone>
    <VegetationZoneParameters>
      <TT>-1.9159709691866054</TT>
      <CFMAX>2.69158148741046</CFMAX>
      <SP>0</SP>
      <SFCF>1.2345442626286303</SFCF>
      <CFR>9.6288313820878362E-11</CFR>
      <CWH>0.10000004583644155</CWH>
      <CFGlacier>1</CFGlacier>
      <CFSlope>1</CFSlope>
      <FC>2495.2391962787642</FC>
      <LP>0.89635032977763984</LP>
      <BETA>2.3089266841828167</BETA>
    </VegetationZoneParameters>
  </VegetationZone>
  <SubCatchment>
    <SubCatchmentParameters>
      <KSI>0.001</KSI>
      <KGmin>0.05</KGmin>
      <RangeKG>0.1</RangeKG>
      <AG>0.1</AG>
      <PERC>1.697447635932138</PERC>
      <Alpha>0</Alpha>
      <UZL>46.054609828857494</UZL>
      <K0>0.21740922524684112</K0>
      <K1>0.0858713944022021</K1>
      <K2>0.010000002325214072</K2>
      <MAXBAS>1</MAXBAS>
      <Cet>0</Cet>
      <PCALT>10</PCALT>
      <TCALT>0.6</TCALT>
      <Pelev>3349</Pelev>
      <Telev>2921</Telev>
      <PART>0.5</PART>
      <DELAY>1</DELAY>
    </SubCatchmentParameters>
    <SubCatchmentVegetationZone>
      <SubCatchmentVegetationZoneParameters>
        <TT>-1.9159709691866054</TT>
        <CFMAX>2.69158148741046</CFMAX>
        <SP>0</SP>
        <SFCF>1.2345442626286303</SFCF>
        <CFR>9.6288313820878362E-11</CFR>
        <CWH>0.10000004583644155</CWH>
        <CFGlacier>1</CFGlacier>
        <CFSlope>1</CFSlope>
        <FC>2495.2391962787642</FC>
        <LP>0.89635032977763984</LP>
        <BETA>2.3089266841828167</BETA>
      </SubCatchmentVegetationZoneParameters>
    </SubCatchmentVegetationZone>
  </SubCatchment>
</Catchment>