<?xml version="1.0" encoding="utf-8"?>
<Catchment xmlns:xsi="http://www.w3.org/2001/XMLSchema-instance" xmlns:xsd="http://www.w3.org/2001/XMLSchema">
  <CatchmentParameters>
    <KSI>0.001</KSI>
    <KGmin>0.05</KGmin>
    <RangeKG>0.1</RangeKG>
    <AG>0.1</AG>
    <PERC>7.92071127350035</PERC>
    <Alpha>0</Alpha>
    <UZL>37.848468100260249</UZL>
    <K0>0.2354173223482271</K0>
    <K1>0.07160642097588571</K1>
    <K2>0.045223561698062624</K2>
    <MAXBAS>1.0000271046828482</MAXBAS>
    <Cet>0</Cet>
    <PCALT>10</PCALT>
    <TCALT>0.6</TCALT>
    <Pelev>3349</Pelev>
    <Telev>2921</Telev>
    <PART>0.5</PART>
    <DELAY>1</DELAY>
  </CatchmentParameters>
  <VegetationZone>
    <VegetationZoneParameters>
      <TT>-1.642879144525212</TT>
      <CFMAX>3.4552088689135414</CFMAX>
      <SP>0</SP>
      <SFCF>0.94270953376468858</SFCF>
      <CFR>0.03216878873371172</CFR>
      <CWH>0.19999868086066627</CWH>
      <CFGlacier>1</CFGlacier>
      <CFSlope>1</CFSlope>
      <FC>551.52089193899235</FC>
      <LP>0.99999999945907192</LP>
      <BETA>1.1323641179271906</BETA>
    </VegetationZoneParameters>
  </VegetationZone>
  <SubCatchment>
    <SubCatchmentParameters>
      <KSI>0.001</KSI>
      <KGmin>0.05</KGmin>
      <RangeKG>0.1</RangeKG>
      <AG>0.1</AG>
      <PERC>7.92071127350035</PERC>
      <Alpha>0</Alpha>
      <UZL>37.848468100260249</UZL>
      <K0>0.2354173223482271</K0>
      <K1>0.07160642097588571</K1>
      <K2>0.045223561698062624</K2>
      <MAXBAS>1.0000271046828482</MAXBAS>
      <Cet>0</Cet>
      <PCALT>10</PCALT>
      <TCALT>0.6</TCALT>
      <Pelev>3349</Pelev>
      <Telev>2921</Telev>
      <PART>0.5</PART>
      <DELAY>1</DELAY>
    </SubCatchmentParameters>
    <SubCatchmentVegetationZone>
      <SubCatchmentVegetationZoneParameters>
        <TT>-1.642879144525212</TT>
        <CFMAX>3.4552088689135414</CFMAX>
        <SP>0</SP>
        <SFCF>0.94270953376468858</SFCF>
        <CFR>0.03216878873371172</CFR>
        <CWH>0.19999868086066627</CWH>
        <CFGlacier>1</CFGlacier>
        <CFSlope>1</CFSlope>
        <FC>551.52089193899235</FC>
        <LP>0.99999999945907192</LP>
        <BETA>1.1323641179271906</BETA>
      </SubCatchmentVegetationZoneParameters>
    </SubCatchmentVegetationZone>
  </SubCatchment>
</Catchment>