<?xml version="1.0" encoding="utf-8"?>
<Catchment xmlns:xsi="http://www.w3.org/2001/XMLSchema-instance" xmlns:xsd="http://www.w3.org/2001/XMLSchema">
  <CatchmentParameters>
    <KSI>0.001</KSI>
    <KGmin>0.05</KGmin>
    <RangeKG>0.1</RangeKG>
    <AG>0.1</AG>
    <PERC>1.4976565825607968</PERC>
    <Alpha>0</Alpha>
    <UZL>152.32112057822985</UZL>
    <K0>0.22714231041091579</K0>
    <K1>0.043180422596619319</K1>
    <K2>0.010000000364166007</K2>
    <MAXBAS>1</MAXBAS>
    <Cet>0</Cet>
    <PCALT>10</PCALT>
    <TCALT>0.6</TCALT>
    <Pelev>3349</Pelev>
    <Telev>2921</Telev>
    <PART>0.5</PART>
    <DELAY>1</DELAY>
  </CatchmentParameters>
  <VegetationZone>
    <VegetationZoneParameters>
      <TT>-2.171562833141921</TT>
      <CFMAX>4.1565405762498377</CFMAX>
      <SP>0</SP>
      <SFCF>1.320544271145732</SFCF>
      <CFR>0.00021827038095949023</CFR>
      <CWH>0.10000137081006119</CWH>
      <CFGlacier>1</CFGlacier>
      <CFSlope>1</CFSlope>
      <FC>1718.2660447899516</FC>
      <LP>0.85485209337532009</LP>
      <BETA>1.9731491791306977</BETA>
    </VegetationZoneParameters>
  </VegetationZone>
  <SubCatchment>
    <SubCatchmentParameters>
      <KSI>0.001</KSI>
      <KGmin>0.05</KGmin>
      <RangeKG>0.1</RangeKG>
      <AG>0.1</AG>
      <PERC>1.4976565825607968</PERC>
      <Alpha>0</Alpha>
      <UZL>152.32112057822985</UZL>
      <K0>0.22714231041091579</K0>
      <K1>0.043180422596619319</K1>
      <K2>0.010000000364166007</K2>
      <MAXBAS>1</MAXBAS>
      <Cet>0</Cet>
      <PCALT>10</PCALT>
      <TCALT>0.6</TCALT>
      <Pelev>3349</Pelev>
      <Telev>2921</Telev>
      <PART>0.5</PART>
      <DELAY>1</DELAY>
    </SubCatchmentParameters>
    <SubCatchmentVegetationZone>
      <SubCatchmentVegetationZoneParameters>
        <TT>-2.171562833141921</TT>
        <CFMAX>4.1565405762498377</CFMAX>
        <SP>0</SP>
        <SFCF>1.320544271145732</SFCF>
        <CFR>0.00021827038095949023</CFR>
        <CWH>0.10000137081006119</CWH>
        <CFGlacier>1</CFGlacier>
        <CFSlope>1</CFSlope>
        <FC>1718.2660447899516</FC>
        <LP>0.85485209337532009</LP>
        <BETA>1.9731491791306977</BETA>
      </SubCatchmentVegetationZoneParameters>
    </SubCatchmentVegetationZone>
  </SubCatchment>
</Catchment>