<?xml version="1.0" encoding="utf-8"?>
<Catchment xmlns:xsi="http://www.w3.org/2001/XMLSchema-instance" xmlns:xsd="http://www.w3.org/2001/XMLSchema">
  <CatchmentParameters>
    <KSI>0.001</KSI>
    <KGmin>0.05</KGmin>
    <RangeKG>0.1</RangeKG>
    <AG>0.1</AG>
    <PERC>1.1462450486030553</PERC>
    <Alpha>0</Alpha>
    <UZL>157.51492642969262</UZL>
    <K0>0.21946725596050629</K0>
    <K1>0.040090538179460969</K1>
    <K2>0.010000001194739585</K2>
    <MAXBAS>1</MAXBAS>
    <Cet>0</Cet>
    <PCALT>10</PCALT>
    <TCALT>0.6</TCALT>
    <Pelev>3349</Pelev>
    <Telev>2921</Telev>
    <PART>0.5</PART>
    <DELAY>1</DELAY>
  </CatchmentParameters>
  <VegetationZone>
    <VegetationZoneParameters>
      <TT>-1.7038367872922038</TT>
      <CFMAX>4.4367898304852416</CFMAX>
      <SP>0</SP>
      <SFCF>1.2665698937651644</SFCF>
      <CFR>0.00031684205389349428</CFR>
      <CWH>0.12590169816866437</CWH>
      <CFGlacier>1</CFGlacier>
      <CFSlope>1</CFSlope>
      <FC>2160.1568278732384</FC>
      <LP>0.82653213022036121</LP>
      <BETA>1.579414909796834</BETA>
    </VegetationZoneParameters>
  </VegetationZone>
  <SubCatchment>
    <SubCatchmentParameters>
      <KSI>0.001</KSI>
      <KGmin>0.05</KGmin>
      <RangeKG>0.1</RangeKG>
      <AG>0.1</AG>
      <PERC>1.1462450486030553</PERC>
      <Alpha>0</Alpha>
      <UZL>157.51492642969262</UZL>
      <K0>0.21946725596050629</K0>
      <K1>0.040090538179460969</K1>
      <K2>0.010000001194739585</K2>
      <MAXBAS>1</MAXBAS>
      <Cet>0</Cet>
      <PCALT>10</PCALT>
      <TCALT>0.6</TCALT>
      <Pelev>3349</Pelev>
      <Telev>2921</Telev>
      <PART>0.5</PART>
      <DELAY>1</DELAY>
    </SubCatchmentParameters>
    <SubCatchmentVegetationZone>
      <SubCatchmentVegetationZoneParameters>
        <TT>-1.7038367872922038</TT>
        <CFMAX>4.4367898304852416</CFMAX>
        <SP>0</SP>
        <SFCF>1.2665698937651644</SFCF>
        <CFR>0.00031684205389349428</CFR>
        <CWH>0.12590169816866437</CWH>
        <CFGlacier>1</CFGlacier>
        <CFSlope>1</CFSlope>
        <FC>2160.1568278732384</FC>
        <LP>0.82653213022036121</LP>
        <BETA>1.579414909796834</BETA>
      </SubCatchmentVegetationZoneParameters>
    </SubCatchmentVegetationZone>
  </SubCatchment>
</Catchment>