<?xml version="1.0" encoding="utf-8"?>
<Catchment xmlns:xsi="http://www.w3.org/2001/XMLSchema-instance" xmlns:xsd="http://www.w3.org/2001/XMLSchema">
  <CatchmentParameters>
    <KSI>0.001</KSI>
    <KGmin>0.05</KGmin>
    <RangeKG>0.1</RangeKG>
    <AG>0.1</AG>
    <PERC>9.6480369714058121</PERC>
    <Alpha>0</Alpha>
    <UZL>116.14828636175609</UZL>
    <K0>0.26617744732841192</K0>
    <K1>0.10642834911402842</K1>
    <K2>0.0343867904799739</K2>
    <MAXBAS>1.0049408949397543</MAXBAS>
    <Cet>0</Cet>
    <PCALT>10</PCALT>
    <TCALT>0.6</TCALT>
    <Pelev>3349</Pelev>
    <Telev>2921</Telev>
    <PART>0.5</PART>
    <DELAY>1</DELAY>
  </CatchmentParameters>
  <VegetationZone>
    <VegetationZoneParameters>
      <TT>-0.38000324065555385</TT>
      <CFMAX>4.0976394572321011</CFMAX>
      <SP>0</SP>
      <SFCF>0.77418316661706887</SFCF>
      <CFR>0.067016167368610755</CFR>
      <CWH>0.19999957324024578</CWH>
      <CFGlacier>1</CFGlacier>
      <CFSlope>1</CFSlope>
      <FC>127.70146137375994</FC>
      <LP>0.72652480431116151</LP>
      <BETA>1.0000202190562677</BETA>
    </VegetationZoneParameters>
  </VegetationZone>
  <SubCatchment>
    <SubCatchmentParameters>
      <KSI>0.001</KSI>
      <KGmin>0.05</KGmin>
      <RangeKG>0.1</RangeKG>
      <AG>0.1</AG>
      <PERC>9.6480369714058121</PERC>
      <Alpha>0</Alpha>
      <UZL>116.14828636175609</UZL>
      <K0>0.26617744732841192</K0>
      <K1>0.10642834911402842</K1>
      <K2>0.0343867904799739</K2>
      <MAXBAS>1.0049408949397543</MAXBAS>
      <Cet>0</Cet>
      <PCALT>10</PCALT>
      <TCALT>0.6</TCALT>
      <Pelev>3349</Pelev>
      <Telev>2921</Telev>
      <PART>0.5</PART>
      <DELAY>1</DELAY>
    </SubCatchmentParameters>
    <SubCatchmentVegetationZone>
      <SubCatchmentVegetationZoneParameters>
        <TT>-0.38000324065555385</TT>
        <CFMAX>4.0976394572321011</CFMAX>
        <SP>0</SP>
        <SFCF>0.77418316661706887</SFCF>
        <CFR>0.067016167368610755</CFR>
        <CWH>0.19999957324024578</CWH>
        <CFGlacier>1</CFGlacier>
        <CFSlope>1</CFSlope>
        <FC>127.70146137375994</FC>
        <LP>0.72652480431116151</LP>
        <BETA>1.0000202190562677</BETA>
      </SubCatchmentVegetationZoneParameters>
    </SubCatchmentVegetationZone>
  </SubCatchment>
</Catchment>