<?xml version="1.0" encoding="utf-8"?>
<Catchment xmlns:xsi="http://www.w3.org/2001/XMLSchema-instance" xmlns:xsd="http://www.w3.org/2001/XMLSchema">
  <CatchmentParameters>
    <KSI>0.001</KSI>
    <KGmin>0.05</KGmin>
    <RangeKG>0.1</RangeKG>
    <AG>0.1</AG>
    <PERC>1.9688666618987916</PERC>
    <Alpha>0</Alpha>
    <UZL>128.18991853527629</UZL>
    <K0>0.35850185195194978</K0>
    <K1>0.12756805389258694</K1>
    <K2>0.01000000000008343</K2>
    <MAXBAS>1</MAXBAS>
    <Cet>0</Cet>
    <PCALT>10</PCALT>
    <TCALT>0.6</TCALT>
    <Pelev>3349</Pelev>
    <Telev>2921</Telev>
    <PART>0.5</PART>
    <DELAY>1</DELAY>
  </CatchmentParameters>
  <VegetationZone>
    <VegetationZoneParameters>
      <TT>-2.3284578114008214</TT>
      <CFMAX>2.3604293572924471</CFMAX>
      <SP>0</SP>
      <SFCF>1.178433685358196</SFCF>
      <CFR>0.00023482331778345097</CFR>
      <CWH>0.10000000691038688</CWH>
      <CFGlacier>1</CFGlacier>
      <CFSlope>1</CFSlope>
      <FC>959.4346472398197</FC>
      <LP>0.8525710647210577</LP>
      <BETA>1.4336558905360448</BETA>
    </VegetationZoneParameters>
  </VegetationZone>
  <SubCatchment>
    <SubCatchmentParameters>
      <KSI>0.001</KSI>
      <KGmin>0.05</KGmin>
      <RangeKG>0.1</RangeKG>
      <AG>0.1</AG>
      <PERC>1.9688666618987916</PERC>
      <Alpha>0</Alpha>
      <UZL>128.18991853527629</UZL>
      <K0>0.35850185195194978</K0>
      <K1>0.12756805389258694</K1>
      <K2>0.01000000000008343</K2>
      <MAXBAS>1</MAXBAS>
      <Cet>0</Cet>
      <PCALT>10</PCALT>
      <TCALT>0.6</TCALT>
      <Pelev>3349</Pelev>
      <Telev>2921</Telev>
      <PART>0.5</PART>
      <DELAY>1</DELAY>
    </SubCatchmentParameters>
    <SubCatchmentVegetationZone>
      <SubCatchmentVegetationZoneParameters>
        <TT>-2.3284578114008214</TT>
        <CFMAX>2.3604293572924471</CFMAX>
        <SP>0</SP>
        <SFCF>1.178433685358196</SFCF>
        <CFR>0.00023482331778345097</CFR>
        <CWH>0.10000000691038688</CWH>
        <CFGlacier>1</CFGlacier>
        <CFSlope>1</CFSlope>
        <FC>959.4346472398197</FC>
        <LP>0.8525710647210577</LP>
        <BETA>1.4336558905360448</BETA>
      </SubCatchmentVegetationZoneParameters>
    </SubCatchmentVegetationZone>
  </SubCatchment>
</Catchment>