<?xml version="1.0" encoding="utf-8"?>
<Catchment xmlns:xsi="http://www.w3.org/2001/XMLSchema-instance" xmlns:xsd="http://www.w3.org/2001/XMLSchema">
  <CatchmentParameters>
    <KSI>0.001</KSI>
    <KGmin>0.05</KGmin>
    <RangeKG>0.1</RangeKG>
    <AG>0.1</AG>
    <PERC>3.7488895666998396</PERC>
    <Alpha>0</Alpha>
    <UZL>80.335338385679179</UZL>
    <K0>0.98991956505512824</K0>
    <K1>0.41920773936801631</K1>
    <K2>0.039646106188267458</K2>
    <MAXBAS>1</MAXBAS>
    <Cet>0.084176268067086238</Cet>
    <PCALT>10</PCALT>
    <TCALT>0.6</TCALT>
    <Pelev>436</Pelev>
    <Telev>436</Telev>
    <PART>0.5</PART>
    <DELAY>1</DELAY>
  </CatchmentParameters>
  <VegetationZone>
    <VegetationZoneParameters>
      <TT>-2.2017136163460087</TT>
      <CFMAX>1.9080528445760676</CFMAX>
      <SP>0</SP>
      <SFCF>0.62602114851818225</SFCF>
      <CFR>0.03341133841617943</CFR>
      <CWH>0.10000058005531952</CWH>
      <CFGlacier>1</CFGlacier>
      <CFSlope>1</CFSlope>
      <FC>120.47644436560739</FC>
      <LP>0.70175905010162676</LP>
      <BETA>1.1648714117491898</BETA>
    </VegetationZoneParameters>
  </VegetationZone>
  <SubCatchment>
    <SubCatchmentParameters>
      <KSI>0.001</KSI>
      <KGmin>0.05</KGmin>
      <RangeKG>0.1</RangeKG>
      <AG>0.1</AG>
      <PERC>3.7488895666998396</PERC>
      <Alpha>0</Alpha>
      <UZL>80.335338385679179</UZL>
      <K0>0.98991956505512824</K0>
      <K1>0.41920773936801631</K1>
      <K2>0.039646106188267458</K2>
      <MAXBAS>1</MAXBAS>
      <Cet>0.084176268067086238</Cet>
      <PCALT>10</PCALT>
      <TCALT>0.6</TCALT>
      <Pelev>436</Pelev>
      <Telev>436</Telev>
      <PART>0.5</PART>
      <DELAY>1</DELAY>
    </SubCatchmentParameters>
    <SubCatchmentVegetationZone>
      <SubCatchmentVegetationZoneParameters>
        <TT>-2.2017136163460087</TT>
        <CFMAX>1.9080528445760676</CFMAX>
        <SP>0</SP>
        <SFCF>0.62602114851818225</SFCF>
        <CFR>0.03341133841617943</CFR>
        <CWH>0.10000058005531952</CWH>
        <CFGlacier>1</CFGlacier>
        <CFSlope>1</CFSlope>
        <FC>120.47644436560739</FC>
        <LP>0.70175905010162676</LP>
        <BETA>1.1648714117491898</BETA>
      </SubCatchmentVegetationZoneParameters>
    </SubCatchmentVegetationZone>
  </SubCatchment>
</Catchment>