<?xml version="1.0" encoding="utf-8"?>
<Catchment xmlns:xsi="http://www.w3.org/2001/XMLSchema-instance" xmlns:xsd="http://www.w3.org/2001/XMLSchema">
  <CatchmentParameters>
    <KSI>0.001</KSI>
    <KGmin>0.05</KGmin>
    <RangeKG>0.1</RangeKG>
    <AG>0.1</AG>
    <PERC>2.9184696893698723</PERC>
    <Alpha>0</Alpha>
    <UZL>72.35515435832589</UZL>
    <K0>0.89917937752440413</K0>
    <K1>0.38988073038792348</K1>
    <K2>0.040817406089625877</K2>
    <MAXBAS>1</MAXBAS>
    <Cet>0.2998050366399137</Cet>
    <PCALT>10</PCALT>
    <TCALT>0.6</TCALT>
    <Pelev>436</Pelev>
    <Telev>436</Telev>
    <PART>0.5</PART>
    <DELAY>1</DELAY>
  </CatchmentParameters>
  <VegetationZone>
    <VegetationZoneParameters>
      <TT>-2.2515216701931409</TT>
      <CFMAX>3.22036499712444</CFMAX>
      <SP>0</SP>
      <SFCF>0.572289232668109</SFCF>
      <CFR>0.025347586246610581</CFR>
      <CWH>0.10000174206424062</CWH>
      <CFGlacier>1</CFGlacier>
      <CFSlope>1</CFSlope>
      <FC>251.19494782243109</FC>
      <LP>0.828035315572454</LP>
      <BETA>1.00376170846175</BETA>
    </VegetationZoneParameters>
  </VegetationZone>
  <SubCatchment>
    <SubCatchmentParameters>
      <KSI>0.001</KSI>
      <KGmin>0.05</KGmin>
      <RangeKG>0.1</RangeKG>
      <AG>0.1</AG>
      <PERC>2.9184696893698723</PERC>
      <Alpha>0</Alpha>
      <UZL>72.35515435832589</UZL>
      <K0>0.89917937752440413</K0>
      <K1>0.38988073038792348</K1>
      <K2>0.040817406089625877</K2>
      <MAXBAS>1</MAXBAS>
      <Cet>0.2998050366399137</Cet>
      <PCALT>10</PCALT>
      <TCALT>0.6</TCALT>
      <Pelev>436</Pelev>
      <Telev>436</Telev>
      <PART>0.5</PART>
      <DELAY>1</DELAY>
    </SubCatchmentParameters>
    <SubCatchmentVegetationZone>
      <SubCatchmentVegetationZoneParameters>
        <TT>-2.2515216701931409</TT>
        <CFMAX>3.22036499712444</CFMAX>
        <SP>0</SP>
        <SFCF>0.572289232668109</SFCF>
        <CFR>0.025347586246610581</CFR>
        <CWH>0.10000174206424062</CWH>
        <CFGlacier>1</CFGlacier>
        <CFSlope>1</CFSlope>
        <FC>251.19494782243109</FC>
        <LP>0.828035315572454</LP>
        <BETA>1.00376170846175</BETA>
      </SubCatchmentVegetationZoneParameters>
    </SubCatchmentVegetationZone>
  </SubCatchment>
</Catchment>