<?xml version="1.0" encoding="utf-8"?>
<Catchment xmlns:xsi="http://www.w3.org/2001/XMLSchema-instance" xmlns:xsd="http://www.w3.org/2001/XMLSchema">
  <CatchmentParameters>
    <KSI>0.001</KSI>
    <KGmin>0.05</KGmin>
    <RangeKG>0.1</RangeKG>
    <AG>0.1</AG>
    <PERC>1.4341824275980646</PERC>
    <Alpha>0</Alpha>
    <UZL>69.366658263852713</UZL>
    <K0>0.989999437612328</K0>
    <K1>0.37522326139366874</K1>
    <K2>0.033273751617510651</K2>
    <MAXBAS>1</MAXBAS>
    <Cet>0.041995739541472454</Cet>
    <PCALT>10</PCALT>
    <TCALT>0.6</TCALT>
    <Pelev>436</Pelev>
    <Telev>436</Telev>
    <PART>0.5</PART>
    <DELAY>1</DELAY>
  </CatchmentParameters>
  <VegetationZone>
    <VegetationZoneParameters>
      <TT>-2.1034035281487684</TT>
      <CFMAX>1.4024640981791721</CFMAX>
      <SP>0</SP>
      <SFCF>0.81348678953968145</SFCF>
      <CFR>0.0079590807233126826</CFR>
      <CWH>0.10000053076352869</CWH>
      <CFGlacier>1</CFGlacier>
      <CFSlope>1</CFSlope>
      <FC>623.69021381013113</FC>
      <LP>0.99026497389892754</LP>
      <BETA>1.072012879240789</BETA>
    </VegetationZoneParameters>
  </VegetationZone>
  <SubCatchment>
    <SubCatchmentParameters>
      <KSI>0.001</KSI>
      <KGmin>0.05</KGmin>
      <RangeKG>0.1</RangeKG>
      <AG>0.1</AG>
      <PERC>1.4341824275980646</PERC>
      <Alpha>0</Alpha>
      <UZL>69.366658263852713</UZL>
      <K0>0.989999437612328</K0>
      <K1>0.37522326139366874</K1>
      <K2>0.033273751617510651</K2>
      <MAXBAS>1</MAXBAS>
      <Cet>0.041995739541472454</Cet>
      <PCALT>10</PCALT>
      <TCALT>0.6</TCALT>
      <Pelev>436</Pelev>
      <Telev>436</Telev>
      <PART>0.5</PART>
      <DELAY>1</DELAY>
    </SubCatchmentParameters>
    <SubCatchmentVegetationZone>
      <SubCatchmentVegetationZoneParameters>
        <TT>-2.1034035281487684</TT>
        <CFMAX>1.4024640981791721</CFMAX>
        <SP>0</SP>
        <SFCF>0.81348678953968145</SFCF>
        <CFR>0.0079590807233126826</CFR>
        <CWH>0.10000053076352869</CWH>
        <CFGlacier>1</CFGlacier>
        <CFSlope>1</CFSlope>
        <FC>623.69021381013113</FC>
        <LP>0.99026497389892754</LP>
        <BETA>1.072012879240789</BETA>
      </SubCatchmentVegetationZoneParameters>
    </SubCatchmentVegetationZone>
  </SubCatchment>
</Catchment>