<?xml version="1.0" encoding="utf-8"?>
<Catchment xmlns:xsi="http://www.w3.org/2001/XMLSchema-instance" xmlns:xsd="http://www.w3.org/2001/XMLSchema">
  <CatchmentParameters>
    <KSI>0.001</KSI>
    <KGmin>0.05</KGmin>
    <RangeKG>0.1</RangeKG>
    <AG>0.1</AG>
    <PERC>1.9688924310390812</PERC>
    <Alpha>0</Alpha>
    <UZL>50.08199117042944</UZL>
    <K0>0.33841813755413785</K0>
    <K1>0.3554019463937792</K1>
    <K2>0.036303268000691231</K2>
    <MAXBAS>1</MAXBAS>
    <Cet>0.17573367762403883</Cet>
    <PCALT>10</PCALT>
    <TCALT>0.6</TCALT>
    <Pelev>436</Pelev>
    <Telev>436</Telev>
    <PART>0.5</PART>
    <DELAY>1</DELAY>
  </CatchmentParameters>
  <VegetationZone>
    <VegetationZoneParameters>
      <TT>-2.4392608445739326</TT>
      <CFMAX>1.9685503709269581</CFMAX>
      <SP>0</SP>
      <SFCF>0.83351638151168861</SFCF>
      <CFR>7.1902929099172808E-06</CFR>
      <CWH>0.10000043108077841</CWH>
      <CFGlacier>1</CFGlacier>
      <CFSlope>1</CFSlope>
      <FC>416.73256966497257</FC>
      <LP>0.94675584064213025</LP>
      <BETA>1.0052673311352234</BETA>
    </VegetationZoneParameters>
  </VegetationZone>
  <SubCatchment>
    <SubCatchmentParameters>
      <KSI>0.001</KSI>
      <KGmin>0.05</KGmin>
      <RangeKG>0.1</RangeKG>
      <AG>0.1</AG>
      <PERC>1.9688924310390812</PERC>
      <Alpha>0</Alpha>
      <UZL>50.08199117042944</UZL>
      <K0>0.33841813755413785</K0>
      <K1>0.3554019463937792</K1>
      <K2>0.036303268000691231</K2>
      <MAXBAS>1</MAXBAS>
      <Cet>0.17573367762403883</Cet>
      <PCALT>10</PCALT>
      <TCALT>0.6</TCALT>
      <Pelev>436</Pelev>
      <Telev>436</Telev>
      <PART>0.5</PART>
      <DELAY>1</DELAY>
    </SubCatchmentParameters>
    <SubCatchmentVegetationZone>
      <SubCatchmentVegetationZoneParameters>
        <TT>-2.4392608445739326</TT>
        <CFMAX>1.9685503709269581</CFMAX>
        <SP>0</SP>
        <SFCF>0.83351638151168861</SFCF>
        <CFR>7.1902929099172808E-06</CFR>
        <CWH>0.10000043108077841</CWH>
        <CFGlacier>1</CFGlacier>
        <CFSlope>1</CFSlope>
        <FC>416.73256966497257</FC>
        <LP>0.94675584064213025</LP>
        <BETA>1.0052673311352234</BETA>
      </SubCatchmentVegetationZoneParameters>
    </SubCatchmentVegetationZone>
  </SubCatchment>
</Catchment>