<?xml version="1.0" encoding="utf-8"?>
<Catchment xmlns:xsi="http://www.w3.org/2001/XMLSchema-instance" xmlns:xsd="http://www.w3.org/2001/XMLSchema">
  <CatchmentParameters>
    <KSI>0.001</KSI>
    <KGmin>0.05</KGmin>
    <RangeKG>0.1</RangeKG>
    <AG>0.1</AG>
    <PERC>1.7215434801985385</PERC>
    <Alpha>0</Alpha>
    <UZL>55.505999111990334</UZL>
    <K0>0.33049683834814209</K0>
    <K1>0.33726138585453647</K1>
    <K2>0.033996758449458625</K2>
    <MAXBAS>1</MAXBAS>
    <Cet>0.29999707085383504</Cet>
    <PCALT>10</PCALT>
    <TCALT>0.6</TCALT>
    <Pelev>436</Pelev>
    <Telev>436</Telev>
    <PART>0.5</PART>
    <DELAY>1</DELAY>
  </CatchmentParameters>
  <VegetationZone>
    <VegetationZoneParameters>
      <TT>-2.4585914654185985</TT>
      <CFMAX>1.3402579610981873</CFMAX>
      <SP>0</SP>
      <SFCF>0.85258993170679753</SFCF>
      <CFR>2.3435066669333235E-06</CFR>
      <CWH>0.10000044333026384</CWH>
      <CFGlacier>1</CFGlacier>
      <CFSlope>1</CFSlope>
      <FC>261.74634911470446</FC>
      <LP>0.95975951533447934</LP>
      <BETA>1.3483036641915553</BETA>
    </VegetationZoneParameters>
  </VegetationZone>
  <SubCatchment>
    <SubCatchmentParameters>
      <KSI>0.001</KSI>
      <KGmin>0.05</KGmin>
      <RangeKG>0.1</RangeKG>
      <AG>0.1</AG>
      <PERC>1.7215434801985385</PERC>
      <Alpha>0</Alpha>
      <UZL>55.505999111990334</UZL>
      <K0>0.33049683834814209</K0>
      <K1>0.33726138585453647</K1>
      <K2>0.033996758449458625</K2>
      <MAXBAS>1</MAXBAS>
      <Cet>0.29999707085383504</Cet>
      <PCALT>10</PCALT>
      <TCALT>0.6</TCALT>
      <Pelev>436</Pelev>
      <Telev>436</Telev>
      <PART>0.5</PART>
      <DELAY>1</DELAY>
    </SubCatchmentParameters>
    <SubCatchmentVegetationZone>
      <SubCatchmentVegetationZoneParameters>
        <TT>-2.4585914654185985</TT>
        <CFMAX>1.3402579610981873</CFMAX>
        <SP>0</SP>
        <SFCF>0.85258993170679753</SFCF>
        <CFR>2.3435066669333235E-06</CFR>
        <CWH>0.10000044333026384</CWH>
        <CFGlacier>1</CFGlacier>
        <CFSlope>1</CFSlope>
        <FC>261.74634911470446</FC>
        <LP>0.95975951533447934</LP>
        <BETA>1.3483036641915553</BETA>
      </SubCatchmentVegetationZoneParameters>
    </SubCatchmentVegetationZone>
  </SubCatchment>
</Catchment>