<?xml version="1.0" encoding="utf-8"?>
<Catchment xmlns:xsi="http://www.w3.org/2001/XMLSchema-instance" xmlns:xsd="http://www.w3.org/2001/XMLSchema">
  <CatchmentParameters>
    <KSI>0.001</KSI>
    <KGmin>0.05</KGmin>
    <RangeKG>0.1</RangeKG>
    <AG>0.1</AG>
    <PERC>1.6085616918785073</PERC>
    <Alpha>0</Alpha>
    <UZL>43.044070158040462</UZL>
    <K0>0.2738686408928499</K0>
    <K1>0.34491510389524516</K1>
    <K2>0.0353039312604639</K2>
    <MAXBAS>1</MAXBAS>
    <Cet>0.14171510945384197</Cet>
    <PCALT>10</PCALT>
    <TCALT>0.6</TCALT>
    <Pelev>436</Pelev>
    <Telev>436</Telev>
    <PART>0.5</PART>
    <DELAY>1</DELAY>
  </CatchmentParameters>
  <VegetationZone>
    <VegetationZoneParameters>
      <TT>-2.0267230452659351</TT>
      <CFMAX>1.2265837926956642</CFMAX>
      <SP>0</SP>
      <SFCF>0.5941660605622987</SFCF>
      <CFR>0.083901555698266336</CFR>
      <CWH>0.10000006802935074</CWH>
      <CFGlacier>1</CFGlacier>
      <CFSlope>1</CFSlope>
      <FC>491.28498230062661</FC>
      <LP>0.93373988102715977</LP>
      <BETA>1.0199033892713241</BETA>
    </VegetationZoneParameters>
  </VegetationZone>
  <SubCatchment>
    <SubCatchmentParameters>
      <KSI>0.001</KSI>
      <KGmin>0.05</KGmin>
      <RangeKG>0.1</RangeKG>
      <AG>0.1</AG>
      <PERC>1.6085616918785073</PERC>
      <Alpha>0</Alpha>
      <UZL>43.044070158040462</UZL>
      <K0>0.2738686408928499</K0>
      <K1>0.34491510389524516</K1>
      <K2>0.0353039312604639</K2>
      <MAXBAS>1</MAXBAS>
      <Cet>0.14171510945384197</Cet>
      <PCALT>10</PCALT>
      <TCALT>0.6</TCALT>
      <Pelev>436</Pelev>
      <Telev>436</Telev>
      <PART>0.5</PART>
      <DELAY>1</DELAY>
    </SubCatchmentParameters>
    <SubCatchmentVegetationZone>
      <SubCatchmentVegetationZoneParameters>
        <TT>-2.0267230452659351</TT>
        <CFMAX>1.2265837926956642</CFMAX>
        <SP>0</SP>
        <SFCF>0.5941660605622987</SFCF>
        <CFR>0.083901555698266336</CFR>
        <CWH>0.10000006802935074</CWH>
        <CFGlacier>1</CFGlacier>
        <CFSlope>1</CFSlope>
        <FC>491.28498230062661</FC>
        <LP>0.93373988102715977</LP>
        <BETA>1.0199033892713241</BETA>
      </SubCatchmentVegetationZoneParameters>
    </SubCatchmentVegetationZone>
  </SubCatchment>
</Catchment>