<?xml version="1.0" encoding="utf-8"?>
<Catchment xmlns:xsi="http://www.w3.org/2001/XMLSchema-instance" xmlns:xsd="http://www.w3.org/2001/XMLSchema">
  <CatchmentParameters>
    <KSI>0.001</KSI>
    <KGmin>0.05</KGmin>
    <RangeKG>0.1</RangeKG>
    <AG>0.1</AG>
    <PERC>3.1996460940670479</PERC>
    <Alpha>0</Alpha>
    <UZL>136.98894903588683</UZL>
    <K0>0.60076789115499485</K0>
    <K1>0.44313147661615654</K1>
    <K2>0.038866708105363135</K2>
    <MAXBAS>1</MAXBAS>
    <Cet>0.093070806998177907</Cet>
    <PCALT>10</PCALT>
    <TCALT>0.6</TCALT>
    <Pelev>436</Pelev>
    <Telev>436</Telev>
    <PART>0.5</PART>
    <DELAY>1</DELAY>
  </CatchmentParameters>
  <VegetationZone>
    <VegetationZoneParameters>
      <TT>-2.2176121734382028</TT>
      <CFMAX>2.0521485358141938</CFMAX>
      <SP>0</SP>
      <SFCF>0.72764728770131248</SFCF>
      <CFR>0.0045970927650104184</CFR>
      <CWH>0.1000001966363207</CWH>
      <CFGlacier>1</CFGlacier>
      <CFSlope>1</CFSlope>
      <FC>203.36648204470293</FC>
      <LP>0.78581843480533431</LP>
      <BETA>1.0923126491405482</BETA>
    </VegetationZoneParameters>
  </VegetationZone>
  <SubCatchment>
    <SubCatchmentParameters>
      <KSI>0.001</KSI>
      <KGmin>0.05</KGmin>
      <RangeKG>0.1</RangeKG>
      <AG>0.1</AG>
      <PERC>3.1996460940670479</PERC>
      <Alpha>0</Alpha>
      <UZL>136.98894903588683</UZL>
      <K0>0.60076789115499485</K0>
      <K1>0.44313147661615654</K1>
      <K2>0.038866708105363135</K2>
      <MAXBAS>1</MAXBAS>
      <Cet>0.093070806998177907</Cet>
      <PCALT>10</PCALT>
      <TCALT>0.6</TCALT>
      <Pelev>436</Pelev>
      <Telev>436</Telev>
      <PART>0.5</PART>
      <DELAY>1</DELAY>
    </SubCatchmentParameters>
    <SubCatchmentVegetationZone>
      <SubCatchmentVegetationZoneParameters>
        <TT>-2.2176121734382028</TT>
        <CFMAX>2.0521485358141938</CFMAX>
        <SP>0</SP>
        <SFCF>0.72764728770131248</SFCF>
        <CFR>0.0045970927650104184</CFR>
        <CWH>0.1000001966363207</CWH>
        <CFGlacier>1</CFGlacier>
        <CFSlope>1</CFSlope>
        <FC>203.36648204470293</FC>
        <LP>0.78581843480533431</LP>
        <BETA>1.0923126491405482</BETA>
      </SubCatchmentVegetationZoneParameters>
    </SubCatchmentVegetationZone>
  </SubCatchment>
</Catchment>