<?xml version="1.0" encoding="utf-8"?>
<Catchment xmlns:xsi="http://www.w3.org/2001/XMLSchema-instance" xmlns:xsd="http://www.w3.org/2001/XMLSchema">
  <CatchmentParameters>
    <KSI>0.001</KSI>
    <KGmin>0.05</KGmin>
    <RangeKG>0.1</RangeKG>
    <AG>0.1</AG>
    <PERC>2.2364137261102677</PERC>
    <Alpha>0</Alpha>
    <UZL>68.6476627564401</UZL>
    <K0>0.75712980850979816</K0>
    <K1>0.38262301987259745</K1>
    <K2>0.037468766247285554</K2>
    <MAXBAS>1</MAXBAS>
    <Cet>0.26034628471143295</Cet>
    <PCALT>10</PCALT>
    <TCALT>0.6</TCALT>
    <Pelev>436</Pelev>
    <Telev>436</Telev>
    <PART>0.5</PART>
    <DELAY>1</DELAY>
  </CatchmentParameters>
  <VegetationZone>
    <VegetationZoneParameters>
      <TT>-2.4421269102991863</TT>
      <CFMAX>1.666344989576686</CFMAX>
      <SP>0</SP>
      <SFCF>0.75372087882373118</SFCF>
      <CFR>2.6538215915888433E-06</CFR>
      <CWH>0.10000000051071192</CWH>
      <CFGlacier>1</CFGlacier>
      <CFSlope>1</CFSlope>
      <FC>447.44371313296568</FC>
      <LP>0.94947841067330774</LP>
      <BETA>1.0012156772066967</BETA>
    </VegetationZoneParameters>
  </VegetationZone>
  <SubCatchment>
    <SubCatchmentParameters>
      <KSI>0.001</KSI>
      <KGmin>0.05</KGmin>
      <RangeKG>0.1</RangeKG>
      <AG>0.1</AG>
      <PERC>2.2364137261102677</PERC>
      <Alpha>0</Alpha>
      <UZL>68.6476627564401</UZL>
      <K0>0.75712980850979816</K0>
      <K1>0.38262301987259745</K1>
      <K2>0.037468766247285554</K2>
      <MAXBAS>1</MAXBAS>
      <Cet>0.26034628471143295</Cet>
      <PCALT>10</PCALT>
      <TCALT>0.6</TCALT>
      <Pelev>436</Pelev>
      <Telev>436</Telev>
      <PART>0.5</PART>
      <DELAY>1</DELAY>
    </SubCatchmentParameters>
    <SubCatchmentVegetationZone>
      <SubCatchmentVegetationZoneParameters>
        <TT>-2.4421269102991863</TT>
        <CFMAX>1.666344989576686</CFMAX>
        <SP>0</SP>
        <SFCF>0.75372087882373118</SFCF>
        <CFR>2.6538215915888433E-06</CFR>
        <CWH>0.10000000051071192</CWH>
        <CFGlacier>1</CFGlacier>
        <CFSlope>1</CFSlope>
        <FC>447.44371313296568</FC>
        <LP>0.94947841067330774</LP>
        <BETA>1.0012156772066967</BETA>
      </SubCatchmentVegetationZoneParameters>
    </SubCatchmentVegetationZone>
  </SubCatchment>
</Catchment>