<?xml version="1.0" encoding="utf-8"?>
<Catchment xmlns:xsi="http://www.w3.org/2001/XMLSchema-instance" xmlns:xsd="http://www.w3.org/2001/XMLSchema">
  <CatchmentParameters>
    <KSI>0.001</KSI>
    <KGmin>0.05</KGmin>
    <RangeKG>0.1</RangeKG>
    <AG>0.1</AG>
    <PERC>1.4333412309576545</PERC>
    <Alpha>0</Alpha>
    <UZL>49.025324562479909</UZL>
    <K0>0.33215096739596656</K0>
    <K1>0.35595298506963785</K1>
    <K2>0.034454398936407109</K2>
    <MAXBAS>1</MAXBAS>
    <Cet>0.10903971904390108</Cet>
    <PCALT>10</PCALT>
    <TCALT>0.6</TCALT>
    <Pelev>436</Pelev>
    <Telev>436</Telev>
    <PART>0.5</PART>
    <DELAY>1</DELAY>
  </CatchmentParameters>
  <VegetationZone>
    <VegetationZoneParameters>
      <TT>-2.0709529848298187</TT>
      <CFMAX>1.2709002065719148</CFMAX>
      <SP>0</SP>
      <SFCF>0.6859804404880252</SFCF>
      <CFR>0.0043772465889784212</CFR>
      <CWH>0.1000010846992475</CWH>
      <CFGlacier>1</CFGlacier>
      <CFSlope>1</CFSlope>
      <FC>475.60594414029634</FC>
      <LP>0.87085267489717588</LP>
      <BETA>1.0199403878417004</BETA>
    </VegetationZoneParameters>
  </VegetationZone>
  <SubCatchment>
    <SubCatchmentParameters>
      <KSI>0.001</KSI>
      <KGmin>0.05</KGmin>
      <RangeKG>0.1</RangeKG>
      <AG>0.1</AG>
      <PERC>1.4333412309576545</PERC>
      <Alpha>0</Alpha>
      <UZL>49.025324562479909</UZL>
      <K0>0.33215096739596656</K0>
      <K1>0.35595298506963785</K1>
      <K2>0.034454398936407109</K2>
      <MAXBAS>1</MAXBAS>
      <Cet>0.10903971904390108</Cet>
      <PCALT>10</PCALT>
      <TCALT>0.6</TCALT>
      <Pelev>436</Pelev>
      <Telev>436</Telev>
      <PART>0.5</PART>
      <DELAY>1</DELAY>
    </SubCatchmentParameters>
    <SubCatchmentVegetationZone>
      <SubCatchmentVegetationZoneParameters>
        <TT>-2.0709529848298187</TT>
        <CFMAX>1.2709002065719148</CFMAX>
        <SP>0</SP>
        <SFCF>0.6859804404880252</SFCF>
        <CFR>0.0043772465889784212</CFR>
        <CWH>0.1000010846992475</CWH>
        <CFGlacier>1</CFGlacier>
        <CFSlope>1</CFSlope>
        <FC>475.60594414029634</FC>
        <LP>0.87085267489717588</LP>
        <BETA>1.0199403878417004</BETA>
      </SubCatchmentVegetationZoneParameters>
    </SubCatchmentVegetationZone>
  </SubCatchment>
</Catchment>