<?xml version="1.0" encoding="utf-8"?>
<Catchment xmlns:xsi="http://www.w3.org/2001/XMLSchema-instance" xmlns:xsd="http://www.w3.org/2001/XMLSchema">
  <CatchmentParameters>
    <KSI>0.001</KSI>
    <KGmin>0.05</KGmin>
    <RangeKG>0.1</RangeKG>
    <AG>0.1</AG>
    <PERC>1.8729287532033068</PERC>
    <Alpha>0</Alpha>
    <UZL>73.149538179380642</UZL>
    <K0>0.91170550192463573</K0>
    <K1>0.3855688233436817</K1>
    <K2>0.036334496246719569</K2>
    <MAXBAS>1</MAXBAS>
    <Cet>0.11253686794644899</Cet>
    <PCALT>10</PCALT>
    <TCALT>0.6</TCALT>
    <Pelev>436</Pelev>
    <Telev>436</Telev>
    <PART>0.5</PART>
    <DELAY>1</DELAY>
  </CatchmentParameters>
  <VegetationZone>
    <VegetationZoneParameters>
      <TT>-2.0515736584582127</TT>
      <CFMAX>1.330897016925934</CFMAX>
      <SP>0</SP>
      <SFCF>0.67425153080115485</SFCF>
      <CFR>0.035538759597141173</CFR>
      <CWH>0.10000006481779675</CWH>
      <CFGlacier>1</CFGlacier>
      <CFSlope>1</CFSlope>
      <FC>337.34910299931471</FC>
      <LP>0.79539600926317844</LP>
      <BETA>1.0723640807076378</BETA>
    </VegetationZoneParameters>
  </VegetationZone>
  <SubCatchment>
    <SubCatchmentParameters>
      <KSI>0.001</KSI>
      <KGmin>0.05</KGmin>
      <RangeKG>0.1</RangeKG>
      <AG>0.1</AG>
      <PERC>1.8729287532033068</PERC>
      <Alpha>0</Alpha>
      <UZL>73.149538179380642</UZL>
      <K0>0.91170550192463573</K0>
      <K1>0.3855688233436817</K1>
      <K2>0.036334496246719569</K2>
      <MAXBAS>1</MAXBAS>
      <Cet>0.11253686794644899</Cet>
      <PCALT>10</PCALT>
      <TCALT>0.6</TCALT>
      <Pelev>436</Pelev>
      <Telev>436</Telev>
      <PART>0.5</PART>
      <DELAY>1</DELAY>
    </SubCatchmentParameters>
    <SubCatchmentVegetationZone>
      <SubCatchmentVegetationZoneParameters>
        <TT>-2.0515736584582127</TT>
        <CFMAX>1.330897016925934</CFMAX>
        <SP>0</SP>
        <SFCF>0.67425153080115485</SFCF>
        <CFR>0.035538759597141173</CFR>
        <CWH>0.10000006481779675</CWH>
        <CFGlacier>1</CFGlacier>
        <CFSlope>1</CFSlope>
        <FC>337.34910299931471</FC>
        <LP>0.79539600926317844</LP>
        <BETA>1.0723640807076378</BETA>
      </SubCatchmentVegetationZoneParameters>
    </SubCatchmentVegetationZone>
  </SubCatchment>
</Catchment>