<?xml version="1.0" encoding="utf-8"?>
<Catchment xmlns:xsi="http://www.w3.org/2001/XMLSchema-instance" xmlns:xsd="http://www.w3.org/2001/XMLSchema">
  <CatchmentParameters>
    <KSI>0.001</KSI>
    <KGmin>0.05</KGmin>
    <RangeKG>0.1</RangeKG>
    <AG>0.1</AG>
    <PERC>1.9624523626557808</PERC>
    <Alpha>0</Alpha>
    <UZL>57.146442589448384</UZL>
    <K0>0.35982934265174776</K0>
    <K1>0.3646706744295784</K1>
    <K2>0.035084477449228574</K2>
    <MAXBAS>1</MAXBAS>
    <Cet>0.15282537579054475</Cet>
    <PCALT>10</PCALT>
    <TCALT>0.6</TCALT>
    <Pelev>436</Pelev>
    <Telev>436</Telev>
    <PART>0.5</PART>
    <DELAY>1</DELAY>
  </CatchmentParameters>
  <VegetationZone>
    <VegetationZoneParameters>
      <TT>-2.4392838236167815</TT>
      <CFMAX>2.5605686598237543</CFMAX>
      <SP>0</SP>
      <SFCF>1.0755376968618626</SFCF>
      <CFR>4.9518626416642935E-06</CFR>
      <CWH>0.10000144029502676</CWH>
      <CFGlacier>1</CFGlacier>
      <CFSlope>1</CFSlope>
      <FC>332.7249243025189</FC>
      <LP>0.94323853224940546</LP>
      <BETA>1.1176457626163832</BETA>
    </VegetationZoneParameters>
  </VegetationZone>
  <SubCatchment>
    <SubCatchmentParameters>
      <KSI>0.001</KSI>
      <KGmin>0.05</KGmin>
      <RangeKG>0.1</RangeKG>
      <AG>0.1</AG>
      <PERC>1.9624523626557808</PERC>
      <Alpha>0</Alpha>
      <UZL>57.146442589448384</UZL>
      <K0>0.35982934265174776</K0>
      <K1>0.3646706744295784</K1>
      <K2>0.035084477449228574</K2>
      <MAXBAS>1</MAXBAS>
      <Cet>0.15282537579054475</Cet>
      <PCALT>10</PCALT>
      <TCALT>0.6</TCALT>
      <Pelev>436</Pelev>
      <Telev>436</Telev>
      <PART>0.5</PART>
      <DELAY>1</DELAY>
    </SubCatchmentParameters>
    <SubCatchmentVegetationZone>
      <SubCatchmentVegetationZoneParameters>
        <TT>-2.4392838236167815</TT>
        <CFMAX>2.5605686598237543</CFMAX>
        <SP>0</SP>
        <SFCF>1.0755376968618626</SFCF>
        <CFR>4.9518626416642935E-06</CFR>
        <CWH>0.10000144029502676</CWH>
        <CFGlacier>1</CFGlacier>
        <CFSlope>1</CFSlope>
        <FC>332.7249243025189</FC>
        <LP>0.94323853224940546</LP>
        <BETA>1.1176457626163832</BETA>
      </SubCatchmentVegetationZoneParameters>
    </SubCatchmentVegetationZone>
  </SubCatchment>
</Catchment>