<?xml version="1.0" encoding="utf-8"?>
<Catchment xmlns:xsi="http://www.w3.org/2001/XMLSchema-instance" xmlns:xsd="http://www.w3.org/2001/XMLSchema">
  <CatchmentParameters>
    <KSI>0.001</KSI>
    <KGmin>0.05</KGmin>
    <RangeKG>0.1</RangeKG>
    <AG>0.1</AG>
    <PERC>3.3080961544405736</PERC>
    <Alpha>0</Alpha>
    <UZL>70.207607595929957</UZL>
    <K0>0.76048242555963341</K0>
    <K1>0.38998700805372377</K1>
    <K2>0.041128164067998144</K2>
    <MAXBAS>1</MAXBAS>
    <Cet>0.25231071688916651</Cet>
    <PCALT>10</PCALT>
    <TCALT>0.6</TCALT>
    <Pelev>436</Pelev>
    <Telev>436</Telev>
    <PART>0.5</PART>
    <DELAY>1</DELAY>
  </CatchmentParameters>
  <VegetationZone>
    <VegetationZoneParameters>
      <TT>-2.0891954626564968</TT>
      <CFMAX>3.2567916962693224</CFMAX>
      <SP>0</SP>
      <SFCF>0.58676760217843749</SFCF>
      <CFR>1.4141426338749907E-07</CFR>
      <CWH>0.10000077960025952</CWH>
      <CFGlacier>1</CFGlacier>
      <CFSlope>1</CFSlope>
      <FC>181.41903332948979</FC>
      <LP>0.79142622267839458</LP>
      <BETA>1.0954132217455628</BETA>
    </VegetationZoneParameters>
  </VegetationZone>
  <SubCatchment>
    <SubCatchmentParameters>
      <KSI>0.001</KSI>
      <KGmin>0.05</KGmin>
      <RangeKG>0.1</RangeKG>
      <AG>0.1</AG>
      <PERC>3.3080961544405736</PERC>
      <Alpha>0</Alpha>
      <UZL>70.207607595929957</UZL>
      <K0>0.76048242555963341</K0>
      <K1>0.38998700805372377</K1>
      <K2>0.041128164067998144</K2>
      <MAXBAS>1</MAXBAS>
      <Cet>0.25231071688916651</Cet>
      <PCALT>10</PCALT>
      <TCALT>0.6</TCALT>
      <Pelev>436</Pelev>
      <Telev>436</Telev>
      <PART>0.5</PART>
      <DELAY>1</DELAY>
    </SubCatchmentParameters>
    <SubCatchmentVegetationZone>
      <SubCatchmentVegetationZoneParameters>
        <TT>-2.0891954626564968</TT>
        <CFMAX>3.2567916962693224</CFMAX>
        <SP>0</SP>
        <SFCF>0.58676760217843749</SFCF>
        <CFR>1.4141426338749907E-07</CFR>
        <CWH>0.10000077960025952</CWH>
        <CFGlacier>1</CFGlacier>
        <CFSlope>1</CFSlope>
        <FC>181.41903332948979</FC>
        <LP>0.79142622267839458</LP>
        <BETA>1.0954132217455628</BETA>
      </SubCatchmentVegetationZoneParameters>
    </SubCatchmentVegetationZone>
  </SubCatchment>
</Catchment>