<?xml version="1.0" encoding="utf-8"?>
<Catchment xmlns:xsi="http://www.w3.org/2001/XMLSchema-instance" xmlns:xsd="http://www.w3.org/2001/XMLSchema">
  <CatchmentParameters>
    <KSI>0.001</KSI>
    <KGmin>0.05</KGmin>
    <RangeKG>0.1</RangeKG>
    <AG>0.1</AG>
    <PERC>2.8758414096779683</PERC>
    <Alpha>0</Alpha>
    <UZL>132.98166999452874</UZL>
    <K0>0.24582301926629646</K0>
    <K1>0.42460659802980555</K1>
    <K2>0.038456119417054631</K2>
    <MAXBAS>1</MAXBAS>
    <Cet>0.12202661893743121</Cet>
    <PCALT>10</PCALT>
    <TCALT>0.6</TCALT>
    <Pelev>436</Pelev>
    <Telev>436</Telev>
    <PART>0.5</PART>
    <DELAY>1</DELAY>
  </CatchmentParameters>
  <VegetationZone>
    <VegetationZoneParameters>
      <TT>-2.440788022925223</TT>
      <CFMAX>2.016152839153968</CFMAX>
      <SP>0</SP>
      <SFCF>0.88595080102092716</SFCF>
      <CFR>9.1952600548368593E-05</CFR>
      <CWH>0.1000023254063193</CWH>
      <CFGlacier>1</CFGlacier>
      <CFSlope>1</CFSlope>
      <FC>250.45291378611051</FC>
      <LP>0.81634206558761147</LP>
      <BETA>1.0597438064413753</BETA>
    </VegetationZoneParameters>
  </VegetationZone>
  <SubCatchment>
    <SubCatchmentParameters>
      <KSI>0.001</KSI>
      <KGmin>0.05</KGmin>
      <RangeKG>0.1</RangeKG>
      <AG>0.1</AG>
      <PERC>2.8758414096779683</PERC>
      <Alpha>0</Alpha>
      <UZL>132.98166999452874</UZL>
      <K0>0.24582301926629646</K0>
      <K1>0.42460659802980555</K1>
      <K2>0.038456119417054631</K2>
      <MAXBAS>1</MAXBAS>
      <Cet>0.12202661893743121</Cet>
      <PCALT>10</PCALT>
      <TCALT>0.6</TCALT>
      <Pelev>436</Pelev>
      <Telev>436</Telev>
      <PART>0.5</PART>
      <DELAY>1</DELAY>
    </SubCatchmentParameters>
    <SubCatchmentVegetationZone>
      <SubCatchmentVegetationZoneParameters>
        <TT>-2.440788022925223</TT>
        <CFMAX>2.016152839153968</CFMAX>
        <SP>0</SP>
        <SFCF>0.88595080102092716</SFCF>
        <CFR>9.1952600548368593E-05</CFR>
        <CWH>0.1000023254063193</CWH>
        <CFGlacier>1</CFGlacier>
        <CFSlope>1</CFSlope>
        <FC>250.45291378611051</FC>
        <LP>0.81634206558761147</LP>
        <BETA>1.0597438064413753</BETA>
      </SubCatchmentVegetationZoneParameters>
    </SubCatchmentVegetationZone>
  </SubCatchment>
</Catchment>