<?xml version="1.0" encoding="utf-8"?>
<Catchment xmlns:xsi="http://www.w3.org/2001/XMLSchema-instance" xmlns:xsd="http://www.w3.org/2001/XMLSchema">
  <CatchmentParameters>
    <KSI>0.001</KSI>
    <KGmin>0.05</KGmin>
    <RangeKG>0.1</RangeKG>
    <AG>0.1</AG>
    <PERC>2.5041277507996456</PERC>
    <Alpha>0</Alpha>
    <UZL>72.311161261443061</UZL>
    <K0>0.74237533524705313</K0>
    <K1>0.38459357500022612</K1>
    <K2>0.037825247074641528</K2>
    <MAXBAS>1</MAXBAS>
    <Cet>0.1987746228275234</Cet>
    <PCALT>10</PCALT>
    <TCALT>0.6</TCALT>
    <Pelev>436</Pelev>
    <Telev>436</Telev>
    <PART>0.5</PART>
    <DELAY>1</DELAY>
  </CatchmentParameters>
  <VegetationZone>
    <VegetationZoneParameters>
      <TT>-2.4392337603180403</TT>
      <CFMAX>1.7367393267933162</CFMAX>
      <SP>0</SP>
      <SFCF>0.71880495758821739</SFCF>
      <CFR>0.029136859467302021</CFR>
      <CWH>0.10000021044405463</CWH>
      <CFGlacier>1</CFGlacier>
      <CFSlope>1</CFSlope>
      <FC>259.18317076741789</FC>
      <LP>0.88223512609940968</LP>
      <BETA>1.1077628014735423</BETA>
    </VegetationZoneParameters>
  </VegetationZone>
  <SubCatchment>
    <SubCatchmentParameters>
      <KSI>0.001</KSI>
      <KGmin>0.05</KGmin>
      <RangeKG>0.1</RangeKG>
      <AG>0.1</AG>
      <PERC>2.5041277507996456</PERC>
      <Alpha>0</Alpha>
      <UZL>72.311161261443061</UZL>
      <K0>0.74237533524705313</K0>
      <K1>0.38459357500022612</K1>
      <K2>0.037825247074641528</K2>
      <MAXBAS>1</MAXBAS>
      <Cet>0.1987746228275234</Cet>
      <PCALT>10</PCALT>
      <TCALT>0.6</TCALT>
      <Pelev>436</Pelev>
      <Telev>436</Telev>
      <PART>0.5</PART>
      <DELAY>1</DELAY>
    </SubCatchmentParameters>
    <SubCatchmentVegetationZone>
      <SubCatchmentVegetationZoneParameters>
        <TT>-2.4392337603180403</TT>
        <CFMAX>1.7367393267933162</CFMAX>
        <SP>0</SP>
        <SFCF>0.71880495758821739</SFCF>
        <CFR>0.029136859467302021</CFR>
        <CWH>0.10000021044405463</CWH>
        <CFGlacier>1</CFGlacier>
        <CFSlope>1</CFSlope>
        <FC>259.18317076741789</FC>
        <LP>0.88223512609940968</LP>
        <BETA>1.1077628014735423</BETA>
      </SubCatchmentVegetationZoneParameters>
    </SubCatchmentVegetationZone>
  </SubCatchment>
</Catchment>