<?xml version="1.0" encoding="utf-8"?>
<Catchment xmlns:xsi="http://www.w3.org/2001/XMLSchema-instance" xmlns:xsd="http://www.w3.org/2001/XMLSchema">
  <CatchmentParameters>
    <KSI>0.001</KSI>
    <KGmin>0.05</KGmin>
    <RangeKG>0.1</RangeKG>
    <AG>0.1</AG>
    <PERC>2.5698233889500073</PERC>
    <Alpha>0</Alpha>
    <UZL>51.798623908022513</UZL>
    <K0>0.34949906861063118</K0>
    <K1>0.34694756265477461</K1>
    <K2>0.038298304346688468</K2>
    <MAXBAS>1</MAXBAS>
    <Cet>0.14728839112744779</Cet>
    <PCALT>10</PCALT>
    <TCALT>0.6</TCALT>
    <Pelev>436</Pelev>
    <Telev>436</Telev>
    <PART>0.5</PART>
    <DELAY>1</DELAY>
  </CatchmentParameters>
  <VegetationZone>
    <VegetationZoneParameters>
      <TT>-2.4447444263830103</TT>
      <CFMAX>1.6024282586421008</CFMAX>
      <SP>0</SP>
      <SFCF>0.74129667176587644</SFCF>
      <CFR>0.0506528749515689</CFR>
      <CWH>0.10000365516206926</CWH>
      <CFGlacier>1</CFGlacier>
      <CFSlope>1</CFSlope>
      <FC>182.46158022701502</FC>
      <LP>0.77548093444647226</LP>
      <BETA>1.1355372307184362</BETA>
    </VegetationZoneParameters>
  </VegetationZone>
  <SubCatchment>
    <SubCatchmentParameters>
      <KSI>0.001</KSI>
      <KGmin>0.05</KGmin>
      <RangeKG>0.1</RangeKG>
      <AG>0.1</AG>
      <PERC>2.5698233889500073</PERC>
      <Alpha>0</Alpha>
      <UZL>51.798623908022513</UZL>
      <K0>0.34949906861063118</K0>
      <K1>0.34694756265477461</K1>
      <K2>0.038298304346688468</K2>
      <MAXBAS>1</MAXBAS>
      <Cet>0.14728839112744779</Cet>
      <PCALT>10</PCALT>
      <TCALT>0.6</TCALT>
      <Pelev>436</Pelev>
      <Telev>436</Telev>
      <PART>0.5</PART>
      <DELAY>1</DELAY>
    </SubCatchmentParameters>
    <SubCatchmentVegetationZone>
      <SubCatchmentVegetationZoneParameters>
        <TT>-2.4447444263830103</TT>
        <CFMAX>1.6024282586421008</CFMAX>
        <SP>0</SP>
        <SFCF>0.74129667176587644</SFCF>
        <CFR>0.0506528749515689</CFR>
        <CWH>0.10000365516206926</CWH>
        <CFGlacier>1</CFGlacier>
        <CFSlope>1</CFSlope>
        <FC>182.46158022701502</FC>
        <LP>0.77548093444647226</LP>
        <BETA>1.1355372307184362</BETA>
      </SubCatchmentVegetationZoneParameters>
    </SubCatchmentVegetationZone>
  </SubCatchment>
</Catchment>