<?xml version="1.0" encoding="utf-8"?>
<Catchment xmlns:xsi="http://www.w3.org/2001/XMLSchema-instance" xmlns:xsd="http://www.w3.org/2001/XMLSchema">
  <CatchmentParameters>
    <KSI>0.001</KSI>
    <KGmin>0.05</KGmin>
    <RangeKG>0.1</RangeKG>
    <AG>0.1</AG>
    <PERC>2.3638126542410438</PERC>
    <Alpha>0</Alpha>
    <UZL>71.747942424910491</UZL>
    <K0>0.81135385354729272</K0>
    <K1>0.386766178534092</K1>
    <K2>0.037536868088774822</K2>
    <MAXBAS>1</MAXBAS>
    <Cet>0.27262172567657839</Cet>
    <PCALT>10</PCALT>
    <TCALT>0.6</TCALT>
    <Pelev>436</Pelev>
    <Telev>436</Telev>
    <PART>0.5</PART>
    <DELAY>1</DELAY>
  </CatchmentParameters>
  <VegetationZone>
    <VegetationZoneParameters>
      <TT>-2.4574869351625308</TT>
      <CFMAX>2.0386854809771289</CFMAX>
      <SP>0</SP>
      <SFCF>0.880213079377157</SFCF>
      <CFR>0.026478780527663979</CFR>
      <CWH>0.10000074863652203</CWH>
      <CFGlacier>1</CFGlacier>
      <CFSlope>1</CFSlope>
      <FC>314.78768087031472</FC>
      <LP>0.87749157024261892</LP>
      <BETA>1.08612104820691</BETA>
    </VegetationZoneParameters>
  </VegetationZone>
  <SubCatchment>
    <SubCatchmentParameters>
      <KSI>0.001</KSI>
      <KGmin>0.05</KGmin>
      <RangeKG>0.1</RangeKG>
      <AG>0.1</AG>
      <PERC>2.3638126542410438</PERC>
      <Alpha>0</Alpha>
      <UZL>71.747942424910491</UZL>
      <K0>0.81135385354729272</K0>
      <K1>0.386766178534092</K1>
      <K2>0.037536868088774822</K2>
      <MAXBAS>1</MAXBAS>
      <Cet>0.27262172567657839</Cet>
      <PCALT>10</PCALT>
      <TCALT>0.6</TCALT>
      <Pelev>436</Pelev>
      <Telev>436</Telev>
      <PART>0.5</PART>
      <DELAY>1</DELAY>
    </SubCatchmentParameters>
    <SubCatchmentVegetationZone>
      <SubCatchmentVegetationZoneParameters>
        <TT>-2.4574869351625308</TT>
        <CFMAX>2.0386854809771289</CFMAX>
        <SP>0</SP>
        <SFCF>0.880213079377157</SFCF>
        <CFR>0.026478780527663979</CFR>
        <CWH>0.10000074863652203</CWH>
        <CFGlacier>1</CFGlacier>
        <CFSlope>1</CFSlope>
        <FC>314.78768087031472</FC>
        <LP>0.87749157024261892</LP>
        <BETA>1.08612104820691</BETA>
      </SubCatchmentVegetationZoneParameters>
    </SubCatchmentVegetationZone>
  </SubCatchment>
</Catchment>