<?xml version="1.0" encoding="utf-8"?>
<Catchment xmlns:xsi="http://www.w3.org/2001/XMLSchema-instance" xmlns:xsd="http://www.w3.org/2001/XMLSchema">
  <CatchmentParameters>
    <KSI>0.001</KSI>
    <KGmin>0.05</KGmin>
    <RangeKG>0.1</RangeKG>
    <AG>0.1</AG>
    <PERC>2.1923644774660906</PERC>
    <Alpha>0</Alpha>
    <UZL>49.855445456017044</UZL>
    <K0>0.32158162833916842</K0>
    <K1>0.34514355767098648</K1>
    <K2>0.036821594677374232</K2>
    <MAXBAS>1</MAXBAS>
    <Cet>0.21978187889818437</Cet>
    <PCALT>10</PCALT>
    <TCALT>0.6</TCALT>
    <Pelev>436</Pelev>
    <Telev>436</Telev>
    <PART>0.5</PART>
    <DELAY>1</DELAY>
  </CatchmentParameters>
  <VegetationZone>
    <VegetationZoneParameters>
      <TT>-2.4490806024729763</TT>
      <CFMAX>1.5485224144862144</CFMAX>
      <SP>0</SP>
      <SFCF>0.74023394080608851</SFCF>
      <CFR>0.016048750773893054</CFR>
      <CWH>0.10000120015126773</CWH>
      <CFGlacier>1</CFGlacier>
      <CFSlope>1</CFSlope>
      <FC>288.93627597011192</FC>
      <LP>0.90932161761409991</LP>
      <BETA>1.124849404889045</BETA>
    </VegetationZoneParameters>
  </VegetationZone>
  <SubCatchment>
    <SubCatchmentParameters>
      <KSI>0.001</KSI>
      <KGmin>0.05</KGmin>
      <RangeKG>0.1</RangeKG>
      <AG>0.1</AG>
      <PERC>2.1923644774660906</PERC>
      <Alpha>0</Alpha>
      <UZL>49.855445456017044</UZL>
      <K0>0.32158162833916842</K0>
      <K1>0.34514355767098648</K1>
      <K2>0.036821594677374232</K2>
      <MAXBAS>1</MAXBAS>
      <Cet>0.21978187889818437</Cet>
      <PCALT>10</PCALT>
      <TCALT>0.6</TCALT>
      <Pelev>436</Pelev>
      <Telev>436</Telev>
      <PART>0.5</PART>
      <DELAY>1</DELAY>
    </SubCatchmentParameters>
    <SubCatchmentVegetationZone>
      <SubCatchmentVegetationZoneParameters>
        <TT>-2.4490806024729763</TT>
        <CFMAX>1.5485224144862144</CFMAX>
        <SP>0</SP>
        <SFCF>0.74023394080608851</SFCF>
        <CFR>0.016048750773893054</CFR>
        <CWH>0.10000120015126773</CWH>
        <CFGlacier>1</CFGlacier>
        <CFSlope>1</CFSlope>
        <FC>288.93627597011192</FC>
        <LP>0.90932161761409991</LP>
        <BETA>1.124849404889045</BETA>
      </SubCatchmentVegetationZoneParameters>
    </SubCatchmentVegetationZone>
  </SubCatchment>
</Catchment>