<?xml version="1.0" encoding="utf-8"?>
<Catchment xmlns:xsi="http://www.w3.org/2001/XMLSchema-instance" xmlns:xsd="http://www.w3.org/2001/XMLSchema">
  <CatchmentParameters>
    <KSI>0.001</KSI>
    <KGmin>0.05</KGmin>
    <RangeKG>0.1</RangeKG>
    <AG>0.1</AG>
    <PERC>1.8573720157592655</PERC>
    <Alpha>0</Alpha>
    <UZL>65.0735878473078</UZL>
    <K0>0.69601617973684993</K0>
    <K1>0.37504895600933391</K1>
    <K2>0.03674161512573005</K2>
    <MAXBAS>1</MAXBAS>
    <Cet>0.2999216691303449</Cet>
    <PCALT>10</PCALT>
    <TCALT>0.6</TCALT>
    <Pelev>436</Pelev>
    <Telev>436</Telev>
    <PART>0.5</PART>
    <DELAY>1</DELAY>
  </CatchmentParameters>
  <VegetationZone>
    <VegetationZoneParameters>
      <TT>-2.4584942535583187</TT>
      <CFMAX>1.0938161202726018</CFMAX>
      <SP>0</SP>
      <SFCF>0.76566746274886377</SFCF>
      <CFR>0.044664534870236611</CFR>
      <CWH>0.10000000045598845</CWH>
      <CFGlacier>1</CFGlacier>
      <CFSlope>1</CFSlope>
      <FC>518.48121301184449</FC>
      <LP>0.92799710952088021</LP>
      <BETA>1.0000286341952276</BETA>
    </VegetationZoneParameters>
  </VegetationZone>
  <SubCatchment>
    <SubCatchmentParameters>
      <KSI>0.001</KSI>
      <KGmin>0.05</KGmin>
      <RangeKG>0.1</RangeKG>
      <AG>0.1</AG>
      <PERC>1.8573720157592655</PERC>
      <Alpha>0</Alpha>
      <UZL>65.0735878473078</UZL>
      <K0>0.69601617973684993</K0>
      <K1>0.37504895600933391</K1>
      <K2>0.03674161512573005</K2>
      <MAXBAS>1</MAXBAS>
      <Cet>0.2999216691303449</Cet>
      <PCALT>10</PCALT>
      <TCALT>0.6</TCALT>
      <Pelev>436</Pelev>
      <Telev>436</Telev>
      <PART>0.5</PART>
      <DELAY>1</DELAY>
    </SubCatchmentParameters>
    <SubCatchmentVegetationZone>
      <SubCatchmentVegetationZoneParameters>
        <TT>-2.4584942535583187</TT>
        <CFMAX>1.0938161202726018</CFMAX>
        <SP>0</SP>
        <SFCF>0.76566746274886377</SFCF>
        <CFR>0.044664534870236611</CFR>
        <CWH>0.10000000045598845</CWH>
        <CFGlacier>1</CFGlacier>
        <CFSlope>1</CFSlope>
        <FC>518.48121301184449</FC>
        <LP>0.92799710952088021</LP>
        <BETA>1.0000286341952276</BETA>
      </SubCatchmentVegetationZoneParameters>
    </SubCatchmentVegetationZone>
  </SubCatchment>
</Catchment>