<?xml version="1.0" encoding="utf-8"?>
<Catchment xmlns:xsi="http://www.w3.org/2001/XMLSchema-instance" xmlns:xsd="http://www.w3.org/2001/XMLSchema">
  <CatchmentParameters>
    <KSI>0.001</KSI>
    <KGmin>0.05</KGmin>
    <RangeKG>0.1</RangeKG>
    <AG>0.1</AG>
    <PERC>1.858649484278935</PERC>
    <Alpha>0</Alpha>
    <UZL>118.43759555170536</UZL>
    <K0>0.50195453314691529</K0>
    <K1>0.42168742242138973</K1>
    <K2>0.034317180927342657</K2>
    <MAXBAS>1</MAXBAS>
    <Cet>0.1032414820124677</Cet>
    <PCALT>10</PCALT>
    <TCALT>0.6</TCALT>
    <Pelev>436</Pelev>
    <Telev>436</Telev>
    <PART>0.5</PART>
    <DELAY>1</DELAY>
  </CatchmentParameters>
  <VegetationZone>
    <VegetationZoneParameters>
      <TT>-2.1183563357515096</TT>
      <CFMAX>1.198203808762996</CFMAX>
      <SP>0</SP>
      <SFCF>0.69237320996887308</SFCF>
      <CFR>0.033949157894125871</CFR>
      <CWH>0.10000014530800919</CWH>
      <CFGlacier>1</CFGlacier>
      <CFSlope>1</CFSlope>
      <FC>340.39230032959472</FC>
      <LP>0.918046786106687</LP>
      <BETA>1.2321547117863487</BETA>
    </VegetationZoneParameters>
  </VegetationZone>
  <SubCatchment>
    <SubCatchmentParameters>
      <KSI>0.001</KSI>
      <KGmin>0.05</KGmin>
      <RangeKG>0.1</RangeKG>
      <AG>0.1</AG>
      <PERC>1.858649484278935</PERC>
      <Alpha>0</Alpha>
      <UZL>118.43759555170536</UZL>
      <K0>0.50195453314691529</K0>
      <K1>0.42168742242138973</K1>
      <K2>0.034317180927342657</K2>
      <MAXBAS>1</MAXBAS>
      <Cet>0.1032414820124677</Cet>
      <PCALT>10</PCALT>
      <TCALT>0.6</TCALT>
      <Pelev>436</Pelev>
      <Telev>436</Telev>
      <PART>0.5</PART>
      <DELAY>1</DELAY>
    </SubCatchmentParameters>
    <SubCatchmentVegetationZone>
      <SubCatchmentVegetationZoneParameters>
        <TT>-2.1183563357515096</TT>
        <CFMAX>1.198203808762996</CFMAX>
        <SP>0</SP>
        <SFCF>0.69237320996887308</SFCF>
        <CFR>0.033949157894125871</CFR>
        <CWH>0.10000014530800919</CWH>
        <CFGlacier>1</CFGlacier>
        <CFSlope>1</CFSlope>
        <FC>340.39230032959472</FC>
        <LP>0.918046786106687</LP>
        <BETA>1.2321547117863487</BETA>
      </SubCatchmentVegetationZoneParameters>
    </SubCatchmentVegetationZone>
  </SubCatchment>
</Catchment>