<?xml version="1.0" encoding="utf-8"?>
<Catchment xmlns:xsi="http://www.w3.org/2001/XMLSchema-instance" xmlns:xsd="http://www.w3.org/2001/XMLSchema">
  <CatchmentParameters>
    <KSI>0.001</KSI>
    <KGmin>0.05</KGmin>
    <RangeKG>0.1</RangeKG>
    <AG>0.1</AG>
    <PERC>2.1240207524078638</PERC>
    <Alpha>0</Alpha>
    <UZL>106.79605022142265</UZL>
    <K0>0.5435364041339692</K0>
    <K1>0.4323350759065418</K1>
    <K2>0.036992700474434655</K2>
    <MAXBAS>1</MAXBAS>
    <Cet>0.19412705886266352</Cet>
    <PCALT>10</PCALT>
    <TCALT>0.6</TCALT>
    <Pelev>436</Pelev>
    <Telev>436</Telev>
    <PART>0.5</PART>
    <DELAY>1</DELAY>
  </CatchmentParameters>
  <VegetationZone>
    <VegetationZoneParameters>
      <TT>-2.0710796680375441</TT>
      <CFMAX>1.5643130846265723</CFMAX>
      <SP>0</SP>
      <SFCF>0.69739159718678334</SFCF>
      <CFR>0.018266305429264995</CFR>
      <CWH>0.10000000063280987</CWH>
      <CFGlacier>1</CFGlacier>
      <CFSlope>1</CFSlope>
      <FC>468.04055098086309</FC>
      <LP>0.94337428547402757</LP>
      <BETA>1.0496993370905328</BETA>
    </VegetationZoneParameters>
  </VegetationZone>
  <SubCatchment>
    <SubCatchmentParameters>
      <KSI>0.001</KSI>
      <KGmin>0.05</KGmin>
      <RangeKG>0.1</RangeKG>
      <AG>0.1</AG>
      <PERC>2.1240207524078638</PERC>
      <Alpha>0</Alpha>
      <UZL>106.79605022142265</UZL>
      <K0>0.5435364041339692</K0>
      <K1>0.4323350759065418</K1>
      <K2>0.036992700474434655</K2>
      <MAXBAS>1</MAXBAS>
      <Cet>0.19412705886266352</Cet>
      <PCALT>10</PCALT>
      <TCALT>0.6</TCALT>
      <Pelev>436</Pelev>
      <Telev>436</Telev>
      <PART>0.5</PART>
      <DELAY>1</DELAY>
    </SubCatchmentParameters>
    <SubCatchmentVegetationZone>
      <SubCatchmentVegetationZoneParameters>
        <TT>-2.0710796680375441</TT>
        <CFMAX>1.5643130846265723</CFMAX>
        <SP>0</SP>
        <SFCF>0.69739159718678334</SFCF>
        <CFR>0.018266305429264995</CFR>
        <CWH>0.10000000063280987</CWH>
        <CFGlacier>1</CFGlacier>
        <CFSlope>1</CFSlope>
        <FC>468.04055098086309</FC>
        <LP>0.94337428547402757</LP>
        <BETA>1.0496993370905328</BETA>
      </SubCatchmentVegetationZoneParameters>
    </SubCatchmentVegetationZone>
  </SubCatchment>
</Catchment>