<?xml version="1.0" encoding="utf-8"?>
<Catchment xmlns:xsi="http://www.w3.org/2001/XMLSchema-instance" xmlns:xsd="http://www.w3.org/2001/XMLSchema">
  <CatchmentParameters>
    <KSI>0.001</KSI>
    <KGmin>0.05</KGmin>
    <RangeKG>0.1</RangeKG>
    <AG>0.1</AG>
    <PERC>1.9026868765704392</PERC>
    <Alpha>0</Alpha>
    <UZL>67.518482575902055</UZL>
    <K0>0.72876364571266494</K0>
    <K1>0.39770029708217536</K1>
    <K2>0.036063150514893956</K2>
    <MAXBAS>1</MAXBAS>
    <Cet>0.0780631939049095</Cet>
    <PCALT>10</PCALT>
    <TCALT>0.6</TCALT>
    <Pelev>436</Pelev>
    <Telev>436</Telev>
    <PART>0.5</PART>
    <DELAY>1</DELAY>
  </CatchmentParameters>
  <VegetationZone>
    <VegetationZoneParameters>
      <TT>-1.9808402348919338</TT>
      <CFMAX>1.3553056218587949</CFMAX>
      <SP>0</SP>
      <SFCF>0.64455073505271576</SFCF>
      <CFR>0.061435628012829931</CFR>
      <CWH>0.1000001177074171</CWH>
      <CFGlacier>1</CFGlacier>
      <CFSlope>1</CFSlope>
      <FC>438.54180857540672</FC>
      <LP>0.88276083147968765</LP>
      <BETA>1.0432824232094462</BETA>
    </VegetationZoneParameters>
  </VegetationZone>
  <SubCatchment>
    <SubCatchmentParameters>
      <KSI>0.001</KSI>
      <KGmin>0.05</KGmin>
      <RangeKG>0.1</RangeKG>
      <AG>0.1</AG>
      <PERC>1.9026868765704392</PERC>
      <Alpha>0</Alpha>
      <UZL>67.518482575902055</UZL>
      <K0>0.72876364571266494</K0>
      <K1>0.39770029708217536</K1>
      <K2>0.036063150514893956</K2>
      <MAXBAS>1</MAXBAS>
      <Cet>0.0780631939049095</Cet>
      <PCALT>10</PCALT>
      <TCALT>0.6</TCALT>
      <Pelev>436</Pelev>
      <Telev>436</Telev>
      <PART>0.5</PART>
      <DELAY>1</DELAY>
    </SubCatchmentParameters>
    <SubCatchmentVegetationZone>
      <SubCatchmentVegetationZoneParameters>
        <TT>-1.9808402348919338</TT>
        <CFMAX>1.3553056218587949</CFMAX>
        <SP>0</SP>
        <SFCF>0.64455073505271576</SFCF>
        <CFR>0.061435628012829931</CFR>
        <CWH>0.1000001177074171</CWH>
        <CFGlacier>1</CFGlacier>
        <CFSlope>1</CFSlope>
        <FC>438.54180857540672</FC>
        <LP>0.88276083147968765</LP>
        <BETA>1.0432824232094462</BETA>
      </SubCatchmentVegetationZoneParameters>
    </SubCatchmentVegetationZone>
  </SubCatchment>
</Catchment>