<?xml version="1.0" encoding="utf-8"?>
<Catchment xmlns:xsi="http://www.w3.org/2001/XMLSchema-instance" xmlns:xsd="http://www.w3.org/2001/XMLSchema">
  <CatchmentParameters>
    <KSI>0.001</KSI>
    <KGmin>0.05</KGmin>
    <RangeKG>0.1</RangeKG>
    <AG>0.1</AG>
    <PERC>2.4255553876906042</PERC>
    <Alpha>0</Alpha>
    <UZL>52.714583274168227</UZL>
    <K0>0.27971923947659721</K0>
    <K1>0.40841661115109851</K1>
    <K2>0.035850461579117907</K2>
    <MAXBAS>1</MAXBAS>
    <Cet>0.14871587332009417</Cet>
    <PCALT>10</PCALT>
    <TCALT>0.6</TCALT>
    <Pelev>436</Pelev>
    <Telev>436</Telev>
    <PART>0.5</PART>
    <DELAY>1</DELAY>
  </CatchmentParameters>
  <VegetationZone>
    <VegetationZoneParameters>
      <TT>-2.4419476916598084</TT>
      <CFMAX>2.3747081802048875</CFMAX>
      <SP>0</SP>
      <SFCF>1.0100380599175838</SFCF>
      <CFR>0.040327906451246467</CFR>
      <CWH>0.10000044081510293</CWH>
      <CFGlacier>1</CFGlacier>
      <CFSlope>1</CFSlope>
      <FC>259.07852996991949</FC>
      <LP>0.936372942601024</LP>
      <BETA>1.20719442817268</BETA>
    </VegetationZoneParameters>
  </VegetationZone>
  <SubCatchment>
    <SubCatchmentParameters>
      <KSI>0.001</KSI>
      <KGmin>0.05</KGmin>
      <RangeKG>0.1</RangeKG>
      <AG>0.1</AG>
      <PERC>2.4255553876906042</PERC>
      <Alpha>0</Alpha>
      <UZL>52.714583274168227</UZL>
      <K0>0.27971923947659721</K0>
      <K1>0.40841661115109851</K1>
      <K2>0.035850461579117907</K2>
      <MAXBAS>1</MAXBAS>
      <Cet>0.14871587332009417</Cet>
      <PCALT>10</PCALT>
      <TCALT>0.6</TCALT>
      <Pelev>436</Pelev>
      <Telev>436</Telev>
      <PART>0.5</PART>
      <DELAY>1</DELAY>
    </SubCatchmentParameters>
    <SubCatchmentVegetationZone>
      <SubCatchmentVegetationZoneParameters>
        <TT>-2.4419476916598084</TT>
        <CFMAX>2.3747081802048875</CFMAX>
        <SP>0</SP>
        <SFCF>1.0100380599175838</SFCF>
        <CFR>0.040327906451246467</CFR>
        <CWH>0.10000044081510293</CWH>
        <CFGlacier>1</CFGlacier>
        <CFSlope>1</CFSlope>
        <FC>259.07852996991949</FC>
        <LP>0.936372942601024</LP>
        <BETA>1.20719442817268</BETA>
      </SubCatchmentVegetationZoneParameters>
    </SubCatchmentVegetationZone>
  </SubCatchment>
</Catchment>