<?xml version="1.0" encoding="utf-8"?>
<Catchment xmlns:xsi="http://www.w3.org/2001/XMLSchema-instance" xmlns:xsd="http://www.w3.org/2001/XMLSchema">
  <CatchmentParameters>
    <KSI>0.001</KSI>
    <KGmin>0.05</KGmin>
    <RangeKG>0.1</RangeKG>
    <AG>0.1</AG>
    <PERC>1.9876088050692384</PERC>
    <Alpha>0</Alpha>
    <UZL>53.7685280263957</UZL>
    <K0>0.35143903293089279</K0>
    <K1>0.34237306203535434</K1>
    <K2>0.0361099333787539</K2>
    <MAXBAS>1</MAXBAS>
    <Cet>0.299971455687836</Cet>
    <PCALT>10</PCALT>
    <TCALT>0.6</TCALT>
    <Pelev>436</Pelev>
    <Telev>436</Telev>
    <PART>0.5</PART>
    <DELAY>1</DELAY>
  </CatchmentParameters>
  <VegetationZone>
    <VegetationZoneParameters>
      <TT>-2.4392457813499551</TT>
      <CFMAX>1.5875466879222553</CFMAX>
      <SP>0</SP>
      <SFCF>0.73230446506465174</SFCF>
      <CFR>1.1079246652472522E-05</CFR>
      <CWH>0.10000246919208347</CWH>
      <CFGlacier>1</CFGlacier>
      <CFSlope>1</CFSlope>
      <FC>344.78561023170994</FC>
      <LP>0.96141927996417953</LP>
      <BETA>1.1156149601573968</BETA>
    </VegetationZoneParameters>
  </VegetationZone>
  <SubCatchment>
    <SubCatchmentParameters>
      <KSI>0.001</KSI>
      <KGmin>0.05</KGmin>
      <RangeKG>0.1</RangeKG>
      <AG>0.1</AG>
      <PERC>1.9876088050692384</PERC>
      <Alpha>0</Alpha>
      <UZL>53.7685280263957</UZL>
      <K0>0.35143903293089279</K0>
      <K1>0.34237306203535434</K1>
      <K2>0.0361099333787539</K2>
      <MAXBAS>1</MAXBAS>
      <Cet>0.299971455687836</Cet>
      <PCALT>10</PCALT>
      <TCALT>0.6</TCALT>
      <Pelev>436</Pelev>
      <Telev>436</Telev>
      <PART>0.5</PART>
      <DELAY>1</DELAY>
    </SubCatchmentParameters>
    <SubCatchmentVegetationZone>
      <SubCatchmentVegetationZoneParameters>
        <TT>-2.4392457813499551</TT>
        <CFMAX>1.5875466879222553</CFMAX>
        <SP>0</SP>
        <SFCF>0.73230446506465174</SFCF>
        <CFR>1.1079246652472522E-05</CFR>
        <CWH>0.10000246919208347</CWH>
        <CFGlacier>1</CFGlacier>
        <CFSlope>1</CFSlope>
        <FC>344.78561023170994</FC>
        <LP>0.96141927996417953</LP>
        <BETA>1.1156149601573968</BETA>
      </SubCatchmentVegetationZoneParameters>
    </SubCatchmentVegetationZone>
  </SubCatchment>
</Catchment>