<?xml version="1.0" encoding="utf-8"?>
<Catchment xmlns:xsi="http://www.w3.org/2001/XMLSchema-instance" xmlns:xsd="http://www.w3.org/2001/XMLSchema">
  <CatchmentParameters>
    <KSI>0.001</KSI>
    <KGmin>0.05</KGmin>
    <RangeKG>0.1</RangeKG>
    <AG>0.1</AG>
    <PERC>2.3576697822915569</PERC>
    <Alpha>0</Alpha>
    <UZL>43.813233101933363</UZL>
    <K0>0.2777693478746876</K0>
    <K1>0.36574419699324479</K1>
    <K2>0.037310234024227437</K2>
    <MAXBAS>1</MAXBAS>
    <Cet>0.11592994780957462</Cet>
    <PCALT>10</PCALT>
    <TCALT>0.6</TCALT>
    <Pelev>436</Pelev>
    <Telev>436</Telev>
    <PART>0.5</PART>
    <DELAY>1</DELAY>
  </CatchmentParameters>
  <VegetationZone>
    <VegetationZoneParameters>
      <TT>-2.4502841135572297</TT>
      <CFMAX>1.7849860105567557</CFMAX>
      <SP>0</SP>
      <SFCF>0.948731252208943</SFCF>
      <CFR>0.012073412249326532</CFR>
      <CWH>0.10000224348167222</CWH>
      <CFGlacier>1</CFGlacier>
      <CFSlope>1</CFSlope>
      <FC>245.44629933935761</FC>
      <LP>0.79616495684749311</LP>
      <BETA>1.0934349549396751</BETA>
    </VegetationZoneParameters>
  </VegetationZone>
  <SubCatchment>
    <SubCatchmentParameters>
      <KSI>0.001</KSI>
      <KGmin>0.05</KGmin>
      <RangeKG>0.1</RangeKG>
      <AG>0.1</AG>
      <PERC>2.3576697822915569</PERC>
      <Alpha>0</Alpha>
      <UZL>43.813233101933363</UZL>
      <K0>0.2777693478746876</K0>
      <K1>0.36574419699324479</K1>
      <K2>0.037310234024227437</K2>
      <MAXBAS>1</MAXBAS>
      <Cet>0.11592994780957462</Cet>
      <PCALT>10</PCALT>
      <TCALT>0.6</TCALT>
      <Pelev>436</Pelev>
      <Telev>436</Telev>
      <PART>0.5</PART>
      <DELAY>1</DELAY>
    </SubCatchmentParameters>
    <SubCatchmentVegetationZone>
      <SubCatchmentVegetationZoneParameters>
        <TT>-2.4502841135572297</TT>
        <CFMAX>1.7849860105567557</CFMAX>
        <SP>0</SP>
        <SFCF>0.948731252208943</SFCF>
        <CFR>0.012073412249326532</CFR>
        <CWH>0.10000224348167222</CWH>
        <CFGlacier>1</CFGlacier>
        <CFSlope>1</CFSlope>
        <FC>245.44629933935761</FC>
        <LP>0.79616495684749311</LP>
        <BETA>1.0934349549396751</BETA>
      </SubCatchmentVegetationZoneParameters>
    </SubCatchmentVegetationZone>
  </SubCatchment>
</Catchment>