<?xml version="1.0" encoding="utf-8"?>
<Catchment xmlns:xsi="http://www.w3.org/2001/XMLSchema-instance" xmlns:xsd="http://www.w3.org/2001/XMLSchema">
  <CatchmentParameters>
    <KSI>0.001</KSI>
    <KGmin>0.05</KGmin>
    <RangeKG>0.1</RangeKG>
    <AG>0.1</AG>
    <PERC>2.5648327532938708</PERC>
    <Alpha>0</Alpha>
    <UZL>162.91550316597505</UZL>
    <K0>0.88056609477339831</K0>
    <K1>0.43673369538809675</K1>
    <K2>0.037525235348335288</K2>
    <MAXBAS>1</MAXBAS>
    <Cet>0.14657141852962186</Cet>
    <PCALT>10</PCALT>
    <TCALT>0.6</TCALT>
    <Pelev>436</Pelev>
    <Telev>436</Telev>
    <PART>0.5</PART>
    <DELAY>1</DELAY>
  </CatchmentParameters>
  <VegetationZone>
    <VegetationZoneParameters>
      <TT>-2.1927757520575373</TT>
      <CFMAX>2.4694144397929261</CFMAX>
      <SP>0</SP>
      <SFCF>0.786623402314348</SFCF>
      <CFR>0.045870840672397571</CFR>
      <CWH>0.10000046431938123</CWH>
      <CFGlacier>1</CFGlacier>
      <CFSlope>1</CFSlope>
      <FC>282.58294937493184</FC>
      <LP>0.88033411296179409</LP>
      <BETA>1.0818303755056362</BETA>
    </VegetationZoneParameters>
  </VegetationZone>
  <SubCatchment>
    <SubCatchmentParameters>
      <KSI>0.001</KSI>
      <KGmin>0.05</KGmin>
      <RangeKG>0.1</RangeKG>
      <AG>0.1</AG>
      <PERC>2.5648327532938708</PERC>
      <Alpha>0</Alpha>
      <UZL>162.91550316597505</UZL>
      <K0>0.88056609477339831</K0>
      <K1>0.43673369538809675</K1>
      <K2>0.037525235348335288</K2>
      <MAXBAS>1</MAXBAS>
      <Cet>0.14657141852962186</Cet>
      <PCALT>10</PCALT>
      <TCALT>0.6</TCALT>
      <Pelev>436</Pelev>
      <Telev>436</Telev>
      <PART>0.5</PART>
      <DELAY>1</DELAY>
    </SubCatchmentParameters>
    <SubCatchmentVegetationZone>
      <SubCatchmentVegetationZoneParameters>
        <TT>-2.1927757520575373</TT>
        <CFMAX>2.4694144397929261</CFMAX>
        <SP>0</SP>
        <SFCF>0.786623402314348</SFCF>
        <CFR>0.045870840672397571</CFR>
        <CWH>0.10000046431938123</CWH>
        <CFGlacier>1</CFGlacier>
        <CFSlope>1</CFSlope>
        <FC>282.58294937493184</FC>
        <LP>0.88033411296179409</LP>
        <BETA>1.0818303755056362</BETA>
      </SubCatchmentVegetationZoneParameters>
    </SubCatchmentVegetationZone>
  </SubCatchment>
</Catchment>