<?xml version="1.0" encoding="utf-8"?>
<Catchment xmlns:xsi="http://www.w3.org/2001/XMLSchema-instance" xmlns:xsd="http://www.w3.org/2001/XMLSchema">
  <CatchmentParameters>
    <KSI>0.001</KSI>
    <KGmin>0.05</KGmin>
    <RangeKG>0.1</RangeKG>
    <AG>0.1</AG>
    <PERC>2.503070197429357</PERC>
    <Alpha>0</Alpha>
    <UZL>74.265295633299388</UZL>
    <K0>0.827578103781365</K0>
    <K1>0.38771006976342048</K1>
    <K2>0.036875586658329275</K2>
    <MAXBAS>1</MAXBAS>
    <Cet>0.17200958589811205</Cet>
    <PCALT>10</PCALT>
    <TCALT>0.6</TCALT>
    <Pelev>436</Pelev>
    <Telev>436</Telev>
    <PART>0.5</PART>
    <DELAY>1</DELAY>
  </CatchmentParameters>
  <VegetationZone>
    <VegetationZoneParameters>
      <TT>-2.4396279078587262</TT>
      <CFMAX>2.0913432584232758</CFMAX>
      <SP>0</SP>
      <SFCF>0.886943926237723</SFCF>
      <CFR>0.041388012117081534</CFR>
      <CWH>0.10000023339915559</CWH>
      <CFGlacier>1</CFGlacier>
      <CFSlope>1</CFSlope>
      <FC>262.53264292386655</FC>
      <LP>0.91109450863692165</LP>
      <BETA>1.1589717915028919</BETA>
    </VegetationZoneParameters>
  </VegetationZone>
  <SubCatchment>
    <SubCatchmentParameters>
      <KSI>0.001</KSI>
      <KGmin>0.05</KGmin>
      <RangeKG>0.1</RangeKG>
      <AG>0.1</AG>
      <PERC>2.503070197429357</PERC>
      <Alpha>0</Alpha>
      <UZL>74.265295633299388</UZL>
      <K0>0.827578103781365</K0>
      <K1>0.38771006976342048</K1>
      <K2>0.036875586658329275</K2>
      <MAXBAS>1</MAXBAS>
      <Cet>0.17200958589811205</Cet>
      <PCALT>10</PCALT>
      <TCALT>0.6</TCALT>
      <Pelev>436</Pelev>
      <Telev>436</Telev>
      <PART>0.5</PART>
      <DELAY>1</DELAY>
    </SubCatchmentParameters>
    <SubCatchmentVegetationZone>
      <SubCatchmentVegetationZoneParameters>
        <TT>-2.4396279078587262</TT>
        <CFMAX>2.0913432584232758</CFMAX>
        <SP>0</SP>
        <SFCF>0.886943926237723</SFCF>
        <CFR>0.041388012117081534</CFR>
        <CWH>0.10000023339915559</CWH>
        <CFGlacier>1</CFGlacier>
        <CFSlope>1</CFSlope>
        <FC>262.53264292386655</FC>
        <LP>0.91109450863692165</LP>
        <BETA>1.1589717915028919</BETA>
      </SubCatchmentVegetationZoneParameters>
    </SubCatchmentVegetationZone>
  </SubCatchment>
</Catchment>