<?xml version="1.0" encoding="utf-8"?>
<Catchment xmlns:xsi="http://www.w3.org/2001/XMLSchema-instance" xmlns:xsd="http://www.w3.org/2001/XMLSchema">
  <CatchmentParameters>
    <KSI>0.001</KSI>
    <KGmin>0.05</KGmin>
    <RangeKG>0.1</RangeKG>
    <AG>0.1</AG>
    <PERC>3.6163850114649589</PERC>
    <Alpha>0</Alpha>
    <UZL>178.66554130333788</UZL>
    <K0>0.27146628269948014</K0>
    <K1>0.42474136422789416</K1>
    <K2>0.038371997945680109</K2>
    <MAXBAS>1</MAXBAS>
    <Cet>0.10480634370912459</Cet>
    <PCALT>10</PCALT>
    <TCALT>0.6</TCALT>
    <Pelev>436</Pelev>
    <Telev>436</Telev>
    <PART>0.5</PART>
    <DELAY>1</DELAY>
  </CatchmentParameters>
  <VegetationZone>
    <VegetationZoneParameters>
      <TT>-2.4392101689229868</TT>
      <CFMAX>1.6532160494965074</CFMAX>
      <SP>0</SP>
      <SFCF>0.76742774301808681</SFCF>
      <CFR>0.041489026553659318</CFR>
      <CWH>0.10000091463280252</CWH>
      <CFGlacier>1</CFGlacier>
      <CFSlope>1</CFSlope>
      <FC>181.17088860427828</FC>
      <LP>0.82901200333151681</LP>
      <BETA>1.18682681630166</BETA>
    </VegetationZoneParameters>
  </VegetationZone>
  <SubCatchment>
    <SubCatchmentParameters>
      <KSI>0.001</KSI>
      <KGmin>0.05</KGmin>
      <RangeKG>0.1</RangeKG>
      <AG>0.1</AG>
      <PERC>3.6163850114649589</PERC>
      <Alpha>0</Alpha>
      <UZL>178.66554130333788</UZL>
      <K0>0.27146628269948014</K0>
      <K1>0.42474136422789416</K1>
      <K2>0.038371997945680109</K2>
      <MAXBAS>1</MAXBAS>
      <Cet>0.10480634370912459</Cet>
      <PCALT>10</PCALT>
      <TCALT>0.6</TCALT>
      <Pelev>436</Pelev>
      <Telev>436</Telev>
      <PART>0.5</PART>
      <DELAY>1</DELAY>
    </SubCatchmentParameters>
    <SubCatchmentVegetationZone>
      <SubCatchmentVegetationZoneParameters>
        <TT>-2.4392101689229868</TT>
        <CFMAX>1.6532160494965074</CFMAX>
        <SP>0</SP>
        <SFCF>0.76742774301808681</SFCF>
        <CFR>0.041489026553659318</CFR>
        <CWH>0.10000091463280252</CWH>
        <CFGlacier>1</CFGlacier>
        <CFSlope>1</CFSlope>
        <FC>181.17088860427828</FC>
        <LP>0.82901200333151681</LP>
        <BETA>1.18682681630166</BETA>
      </SubCatchmentVegetationZoneParameters>
    </SubCatchmentVegetationZone>
  </SubCatchment>
</Catchment>