<?xml version="1.0" encoding="utf-8"?>
<Catchment xmlns:xsi="http://www.w3.org/2001/XMLSchema-instance" xmlns:xsd="http://www.w3.org/2001/XMLSchema">
  <CatchmentParameters>
    <KSI>0.001</KSI>
    <KGmin>0.05</KGmin>
    <RangeKG>0.1</RangeKG>
    <AG>0.1</AG>
    <PERC>2.5753288764630122</PERC>
    <Alpha>0</Alpha>
    <UZL>71.99957428495189</UZL>
    <K0>0.75919342469558337</K0>
    <K1>0.39875387236247861</K1>
    <K2>0.036864762446437743</K2>
    <MAXBAS>1</MAXBAS>
    <Cet>0.29999382809119252</Cet>
    <PCALT>10</PCALT>
    <TCALT>0.6</TCALT>
    <Pelev>436</Pelev>
    <Telev>436</Telev>
    <PART>0.5</PART>
    <DELAY>1</DELAY>
  </CatchmentParameters>
  <VegetationZone>
    <VegetationZoneParameters>
      <TT>-2.224988277652896</TT>
      <CFMAX>2.0359817349015206</CFMAX>
      <SP>0</SP>
      <SFCF>0.73685325903170829</SFCF>
      <CFR>1.3999810029336023E-06</CFR>
      <CWH>0.10000111128147909</CWH>
      <CFGlacier>1</CFGlacier>
      <CFSlope>1</CFSlope>
      <FC>256.43806915288673</FC>
      <LP>0.94556596670447024</LP>
      <BETA>1.261572942241344</BETA>
    </VegetationZoneParameters>
  </VegetationZone>
  <SubCatchment>
    <SubCatchmentParameters>
      <KSI>0.001</KSI>
      <KGmin>0.05</KGmin>
      <RangeKG>0.1</RangeKG>
      <AG>0.1</AG>
      <PERC>2.5753288764630122</PERC>
      <Alpha>0</Alpha>
      <UZL>71.99957428495189</UZL>
      <K0>0.75919342469558337</K0>
      <K1>0.39875387236247861</K1>
      <K2>0.036864762446437743</K2>
      <MAXBAS>1</MAXBAS>
      <Cet>0.29999382809119252</Cet>
      <PCALT>10</PCALT>
      <TCALT>0.6</TCALT>
      <Pelev>436</Pelev>
      <Telev>436</Telev>
      <PART>0.5</PART>
      <DELAY>1</DELAY>
    </SubCatchmentParameters>
    <SubCatchmentVegetationZone>
      <SubCatchmentVegetationZoneParameters>
        <TT>-2.224988277652896</TT>
        <CFMAX>2.0359817349015206</CFMAX>
        <SP>0</SP>
        <SFCF>0.73685325903170829</SFCF>
        <CFR>1.3999810029336023E-06</CFR>
        <CWH>0.10000111128147909</CWH>
        <CFGlacier>1</CFGlacier>
        <CFSlope>1</CFSlope>
        <FC>256.43806915288673</FC>
        <LP>0.94556596670447024</LP>
        <BETA>1.261572942241344</BETA>
      </SubCatchmentVegetationZoneParameters>
    </SubCatchmentVegetationZone>
  </SubCatchment>
</Catchment>