<?xml version="1.0" encoding="utf-8"?>
<Catchment xmlns:xsi="http://www.w3.org/2001/XMLSchema-instance" xmlns:xsd="http://www.w3.org/2001/XMLSchema">
  <CatchmentParameters>
    <KSI>0.001</KSI>
    <KGmin>0.05</KGmin>
    <RangeKG>0.1</RangeKG>
    <AG>0.1</AG>
    <PERC>2.3091734740897962</PERC>
    <Alpha>0</Alpha>
    <UZL>52.40675600350626</UZL>
    <K0>0.36467277928922676</K0>
    <K1>0.36164407502576956</K1>
    <K2>0.040061081772548142</K2>
    <MAXBAS>1</MAXBAS>
    <Cet>0.29051631268167255</Cet>
    <PCALT>10</PCALT>
    <TCALT>0.6</TCALT>
    <Pelev>436</Pelev>
    <Telev>436</Telev>
    <PART>0.5</PART>
    <DELAY>1</DELAY>
  </CatchmentParameters>
  <VegetationZone>
    <VegetationZoneParameters>
      <TT>-2.2244385196426832</TT>
      <CFMAX>1.960505973286415</CFMAX>
      <SP>0</SP>
      <SFCF>0.70713640192305138</SFCF>
      <CFR>6.4268673364018328E-06</CFR>
      <CWH>0.10000018966829435</CWH>
      <CFGlacier>1</CFGlacier>
      <CFSlope>1</CFSlope>
      <FC>240.11897088884911</FC>
      <LP>0.69478363594645176</LP>
      <BETA>1.0101759086052677</BETA>
    </VegetationZoneParameters>
  </VegetationZone>
  <SubCatchment>
    <SubCatchmentParameters>
      <KSI>0.001</KSI>
      <KGmin>0.05</KGmin>
      <RangeKG>0.1</RangeKG>
      <AG>0.1</AG>
      <PERC>2.3091734740897962</PERC>
      <Alpha>0</Alpha>
      <UZL>52.40675600350626</UZL>
      <K0>0.36467277928922676</K0>
      <K1>0.36164407502576956</K1>
      <K2>0.040061081772548142</K2>
      <MAXBAS>1</MAXBAS>
      <Cet>0.29051631268167255</Cet>
      <PCALT>10</PCALT>
      <TCALT>0.6</TCALT>
      <Pelev>436</Pelev>
      <Telev>436</Telev>
      <PART>0.5</PART>
      <DELAY>1</DELAY>
    </SubCatchmentParameters>
    <SubCatchmentVegetationZone>
      <SubCatchmentVegetationZoneParameters>
        <TT>-2.2244385196426832</TT>
        <CFMAX>1.960505973286415</CFMAX>
        <SP>0</SP>
        <SFCF>0.70713640192305138</SFCF>
        <CFR>6.4268673364018328E-06</CFR>
        <CWH>0.10000018966829435</CWH>
        <CFGlacier>1</CFGlacier>
        <CFSlope>1</CFSlope>
        <FC>240.11897088884911</FC>
        <LP>0.69478363594645176</LP>
        <BETA>1.0101759086052677</BETA>
      </SubCatchmentVegetationZoneParameters>
    </SubCatchmentVegetationZone>
  </SubCatchment>
</Catchment>