<?xml version="1.0" encoding="utf-8"?>
<Catchment xmlns:xsi="http://www.w3.org/2001/XMLSchema-instance" xmlns:xsd="http://www.w3.org/2001/XMLSchema">
  <CatchmentParameters>
    <KSI>0.001</KSI>
    <KGmin>0.05</KGmin>
    <RangeKG>0.1</RangeKG>
    <AG>0.1</AG>
    <PERC>2.7524896361044338</PERC>
    <Alpha>0</Alpha>
    <UZL>54.115465778201731</UZL>
    <K0>0.36159612771099531</K0>
    <K1>0.34665396850751629</K1>
    <K2>0.037207892498700261</K2>
    <MAXBAS>1</MAXBAS>
    <Cet>0.10471682556434871</Cet>
    <PCALT>10</PCALT>
    <TCALT>0.6</TCALT>
    <Pelev>436</Pelev>
    <Telev>436</Telev>
    <PART>0.5</PART>
    <DELAY>1</DELAY>
  </CatchmentParameters>
  <VegetationZone>
    <VegetationZoneParameters>
      <TT>-2.4509318611508908</TT>
      <CFMAX>1.7734311056469652</CFMAX>
      <SP>0</SP>
      <SFCF>0.91825803634038894</SFCF>
      <CFR>0.012989010330551819</CFR>
      <CWH>0.1000003678829938</CWH>
      <CFGlacier>1</CFGlacier>
      <CFSlope>1</CFSlope>
      <FC>140.62278945675175</FC>
      <LP>0.76130889731848517</LP>
      <BETA>1.2745569715934706</BETA>
    </VegetationZoneParameters>
  </VegetationZone>
  <SubCatchment>
    <SubCatchmentParameters>
      <KSI>0.001</KSI>
      <KGmin>0.05</KGmin>
      <RangeKG>0.1</RangeKG>
      <AG>0.1</AG>
      <PERC>2.7524896361044338</PERC>
      <Alpha>0</Alpha>
      <UZL>54.115465778201731</UZL>
      <K0>0.36159612771099531</K0>
      <K1>0.34665396850751629</K1>
      <K2>0.037207892498700261</K2>
      <MAXBAS>1</MAXBAS>
      <Cet>0.10471682556434871</Cet>
      <PCALT>10</PCALT>
      <TCALT>0.6</TCALT>
      <Pelev>436</Pelev>
      <Telev>436</Telev>
      <PART>0.5</PART>
      <DELAY>1</DELAY>
    </SubCatchmentParameters>
    <SubCatchmentVegetationZone>
      <SubCatchmentVegetationZoneParameters>
        <TT>-2.4509318611508908</TT>
        <CFMAX>1.7734311056469652</CFMAX>
        <SP>0</SP>
        <SFCF>0.91825803634038894</SFCF>
        <CFR>0.012989010330551819</CFR>
        <CWH>0.1000003678829938</CWH>
        <CFGlacier>1</CFGlacier>
        <CFSlope>1</CFSlope>
        <FC>140.62278945675175</FC>
        <LP>0.76130889731848517</LP>
        <BETA>1.2745569715934706</BETA>
      </SubCatchmentVegetationZoneParameters>
    </SubCatchmentVegetationZone>
  </SubCatchment>
</Catchment>