<?xml version="1.0" encoding="utf-8"?>
<Catchment xmlns:xsi="http://www.w3.org/2001/XMLSchema-instance" xmlns:xsd="http://www.w3.org/2001/XMLSchema">
  <CatchmentParameters>
    <KSI>0.001</KSI>
    <KGmin>0.05</KGmin>
    <RangeKG>0.1</RangeKG>
    <AG>0.1</AG>
    <PERC>2.031972150471395</PERC>
    <Alpha>0</Alpha>
    <UZL>50.929155266413026</UZL>
    <K0>0.30646948210080194</K0>
    <K1>0.34472272762053746</K1>
    <K2>0.035168513133047634</K2>
    <MAXBAS>1</MAXBAS>
    <Cet>0.22048162176187694</Cet>
    <PCALT>10</PCALT>
    <TCALT>0.6</TCALT>
    <Pelev>436</Pelev>
    <Telev>436</Telev>
    <PART>0.5</PART>
    <DELAY>1</DELAY>
  </CatchmentParameters>
  <VegetationZone>
    <VegetationZoneParameters>
      <TT>-2.4392074671084787</TT>
      <CFMAX>2.2589429420509815</CFMAX>
      <SP>0</SP>
      <SFCF>0.917319033355731</SFCF>
      <CFR>0.02597262373761336</CFR>
      <CWH>0.10000047983868812</CWH>
      <CFGlacier>1</CFGlacier>
      <CFSlope>1</CFSlope>
      <FC>287.0772737316538</FC>
      <LP>0.98799740708839112</LP>
      <BETA>1.2227542969210836</BETA>
    </VegetationZoneParameters>
  </VegetationZone>
  <SubCatchment>
    <SubCatchmentParameters>
      <KSI>0.001</KSI>
      <KGmin>0.05</KGmin>
      <RangeKG>0.1</RangeKG>
      <AG>0.1</AG>
      <PERC>2.031972150471395</PERC>
      <Alpha>0</Alpha>
      <UZL>50.929155266413026</UZL>
      <K0>0.30646948210080194</K0>
      <K1>0.34472272762053746</K1>
      <K2>0.035168513133047634</K2>
      <MAXBAS>1</MAXBAS>
      <Cet>0.22048162176187694</Cet>
      <PCALT>10</PCALT>
      <TCALT>0.6</TCALT>
      <Pelev>436</Pelev>
      <Telev>436</Telev>
      <PART>0.5</PART>
      <DELAY>1</DELAY>
    </SubCatchmentParameters>
    <SubCatchmentVegetationZone>
      <SubCatchmentVegetationZoneParameters>
        <TT>-2.4392074671084787</TT>
        <CFMAX>2.2589429420509815</CFMAX>
        <SP>0</SP>
        <SFCF>0.917319033355731</SFCF>
        <CFR>0.02597262373761336</CFR>
        <CWH>0.10000047983868812</CWH>
        <CFGlacier>1</CFGlacier>
        <CFSlope>1</CFSlope>
        <FC>287.0772737316538</FC>
        <LP>0.98799740708839112</LP>
        <BETA>1.2227542969210836</BETA>
      </SubCatchmentVegetationZoneParameters>
    </SubCatchmentVegetationZone>
  </SubCatchment>
</Catchment>