<?xml version="1.0" encoding="utf-8"?>
<Catchment xmlns:xsi="http://www.w3.org/2001/XMLSchema-instance" xmlns:xsd="http://www.w3.org/2001/XMLSchema">
  <CatchmentParameters>
    <KSI>0.001</KSI>
    <KGmin>0.05</KGmin>
    <RangeKG>0.1</RangeKG>
    <AG>0.1</AG>
    <PERC>2.4781765744781454</PERC>
    <Alpha>0</Alpha>
    <UZL>145.12393248795439</UZL>
    <K0>0.18060899606177105</K0>
    <K1>0.41858542735783943</K1>
    <K2>0.036785524197800318</K2>
    <MAXBAS>1</MAXBAS>
    <Cet>0.11887295528399169</Cet>
    <PCALT>10</PCALT>
    <TCALT>0.6</TCALT>
    <Pelev>436</Pelev>
    <Telev>436</Telev>
    <PART>0.5</PART>
    <DELAY>1</DELAY>
  </CatchmentParameters>
  <VegetationZone>
    <VegetationZoneParameters>
      <TT>-2.4394315606124151</TT>
      <CFMAX>1.2008086598178134</CFMAX>
      <SP>0</SP>
      <SFCF>0.60959191621015862</SFCF>
      <CFR>0.0079088176066027388</CFR>
      <CWH>0.10000003506809312</CWH>
      <CFGlacier>1</CFGlacier>
      <CFSlope>1</CFSlope>
      <FC>333.86035319728893</FC>
      <LP>0.968594495296708</LP>
      <BETA>1.0804263273029509</BETA>
    </VegetationZoneParameters>
  </VegetationZone>
  <SubCatchment>
    <SubCatchmentParameters>
      <KSI>0.001</KSI>
      <KGmin>0.05</KGmin>
      <RangeKG>0.1</RangeKG>
      <AG>0.1</AG>
      <PERC>2.4781765744781454</PERC>
      <Alpha>0</Alpha>
      <UZL>145.12393248795439</UZL>
      <K0>0.18060899606177105</K0>
      <K1>0.41858542735783943</K1>
      <K2>0.036785524197800318</K2>
      <MAXBAS>1</MAXBAS>
      <Cet>0.11887295528399169</Cet>
      <PCALT>10</PCALT>
      <TCALT>0.6</TCALT>
      <Pelev>436</Pelev>
      <Telev>436</Telev>
      <PART>0.5</PART>
      <DELAY>1</DELAY>
    </SubCatchmentParameters>
    <SubCatchmentVegetationZone>
      <SubCatchmentVegetationZoneParameters>
        <TT>-2.4394315606124151</TT>
        <CFMAX>1.2008086598178134</CFMAX>
        <SP>0</SP>
        <SFCF>0.60959191621015862</SFCF>
        <CFR>0.0079088176066027388</CFR>
        <CWH>0.10000003506809312</CWH>
        <CFGlacier>1</CFGlacier>
        <CFSlope>1</CFSlope>
        <FC>333.86035319728893</FC>
        <LP>0.968594495296708</LP>
        <BETA>1.0804263273029509</BETA>
      </SubCatchmentVegetationZoneParameters>
    </SubCatchmentVegetationZone>
  </SubCatchment>
</Catchment>