<?xml version="1.0" encoding="utf-8"?>
<Catchment xmlns:xsi="http://www.w3.org/2001/XMLSchema-instance" xmlns:xsd="http://www.w3.org/2001/XMLSchema">
  <CatchmentParameters>
    <KSI>0.001</KSI>
    <KGmin>0.05</KGmin>
    <RangeKG>0.1</RangeKG>
    <AG>0.1</AG>
    <PERC>2.4767096350226714</PERC>
    <Alpha>0</Alpha>
    <UZL>113.37352623681296</UZL>
    <K0>0.33056585992231036</K0>
    <K1>0.42641943677523164</K1>
    <K2>0.037525749610139159</K2>
    <MAXBAS>1</MAXBAS>
    <Cet>0.14287140554153865</Cet>
    <PCALT>10</PCALT>
    <TCALT>0.6</TCALT>
    <Pelev>436</Pelev>
    <Telev>436</Telev>
    <PART>0.5</PART>
    <DELAY>1</DELAY>
  </CatchmentParameters>
  <VegetationZone>
    <VegetationZoneParameters>
      <TT>-2.44168436228183</TT>
      <CFMAX>1.9876169261729888</CFMAX>
      <SP>0</SP>
      <SFCF>1.0113124679433168</SFCF>
      <CFR>1.4245596643931991E-05</CFR>
      <CWH>0.1000000407823107</CWH>
      <CFGlacier>1</CFGlacier>
      <CFSlope>1</CFSlope>
      <FC>329.136231057656</FC>
      <LP>0.84861978104472058</LP>
      <BETA>1.0483256024988181</BETA>
    </VegetationZoneParameters>
  </VegetationZone>
  <SubCatchment>
    <SubCatchmentParameters>
      <KSI>0.001</KSI>
      <KGmin>0.05</KGmin>
      <RangeKG>0.1</RangeKG>
      <AG>0.1</AG>
      <PERC>2.4767096350226714</PERC>
      <Alpha>0</Alpha>
      <UZL>113.37352623681296</UZL>
      <K0>0.33056585992231036</K0>
      <K1>0.42641943677523164</K1>
      <K2>0.037525749610139159</K2>
      <MAXBAS>1</MAXBAS>
      <Cet>0.14287140554153865</Cet>
      <PCALT>10</PCALT>
      <TCALT>0.6</TCALT>
      <Pelev>436</Pelev>
      <Telev>436</Telev>
      <PART>0.5</PART>
      <DELAY>1</DELAY>
    </SubCatchmentParameters>
    <SubCatchmentVegetationZone>
      <SubCatchmentVegetationZoneParameters>
        <TT>-2.44168436228183</TT>
        <CFMAX>1.9876169261729888</CFMAX>
        <SP>0</SP>
        <SFCF>1.0113124679433168</SFCF>
        <CFR>1.4245596643931991E-05</CFR>
        <CWH>0.1000000407823107</CWH>
        <CFGlacier>1</CFGlacier>
        <CFSlope>1</CFSlope>
        <FC>329.136231057656</FC>
        <LP>0.84861978104472058</LP>
        <BETA>1.0483256024988181</BETA>
      </SubCatchmentVegetationZoneParameters>
    </SubCatchmentVegetationZone>
  </SubCatchment>
</Catchment>