<?xml version="1.0" encoding="utf-8"?>
<Catchment xmlns:xsi="http://www.w3.org/2001/XMLSchema-instance" xmlns:xsd="http://www.w3.org/2001/XMLSchema">
  <CatchmentParameters>
    <KSI>0.001</KSI>
    <KGmin>0.05</KGmin>
    <RangeKG>0.1</RangeKG>
    <AG>0.1</AG>
    <PERC>2.0466236330483212</PERC>
    <Alpha>0</Alpha>
    <UZL>69.274860973715548</UZL>
    <K0>0.75597841575505653</K0>
    <K1>0.38567842708751754</K1>
    <K2>0.036678350044078434</K2>
    <MAXBAS>1</MAXBAS>
    <Cet>0.24305300293302809</Cet>
    <PCALT>10</PCALT>
    <TCALT>0.6</TCALT>
    <Pelev>436</Pelev>
    <Telev>436</Telev>
    <PART>0.5</PART>
    <DELAY>1</DELAY>
  </CatchmentParameters>
  <VegetationZone>
    <VegetationZoneParameters>
      <TT>-2.4585994269555194</TT>
      <CFMAX>1.95283095614815</CFMAX>
      <SP>0</SP>
      <SFCF>0.94344261392135309</SFCF>
      <CFR>0.013885852107261164</CFR>
      <CWH>0.10000000240549752</CWH>
      <CFGlacier>1</CFGlacier>
      <CFSlope>1</CFSlope>
      <FC>491.06046706145969</FC>
      <LP>0.95492527355988421</LP>
      <BETA>1.0051627337621125</BETA>
    </VegetationZoneParameters>
  </VegetationZone>
  <SubCatchment>
    <SubCatchmentParameters>
      <KSI>0.001</KSI>
      <KGmin>0.05</KGmin>
      <RangeKG>0.1</RangeKG>
      <AG>0.1</AG>
      <PERC>2.0466236330483212</PERC>
      <Alpha>0</Alpha>
      <UZL>69.274860973715548</UZL>
      <K0>0.75597841575505653</K0>
      <K1>0.38567842708751754</K1>
      <K2>0.036678350044078434</K2>
      <MAXBAS>1</MAXBAS>
      <Cet>0.24305300293302809</Cet>
      <PCALT>10</PCALT>
      <TCALT>0.6</TCALT>
      <Pelev>436</Pelev>
      <Telev>436</Telev>
      <PART>0.5</PART>
      <DELAY>1</DELAY>
    </SubCatchmentParameters>
    <SubCatchmentVegetationZone>
      <SubCatchmentVegetationZoneParameters>
        <TT>-2.4585994269555194</TT>
        <CFMAX>1.95283095614815</CFMAX>
        <SP>0</SP>
        <SFCF>0.94344261392135309</SFCF>
        <CFR>0.013885852107261164</CFR>
        <CWH>0.10000000240549752</CWH>
        <CFGlacier>1</CFGlacier>
        <CFSlope>1</CFSlope>
        <FC>491.06046706145969</FC>
        <LP>0.95492527355988421</LP>
        <BETA>1.0051627337621125</BETA>
      </SubCatchmentVegetationZoneParameters>
    </SubCatchmentVegetationZone>
  </SubCatchment>
</Catchment>