<?xml version="1.0" encoding="utf-8"?>
<Catchment xmlns:xsi="http://www.w3.org/2001/XMLSchema-instance" xmlns:xsd="http://www.w3.org/2001/XMLSchema">
  <CatchmentParameters>
    <KSI>0.001</KSI>
    <KGmin>0.05</KGmin>
    <RangeKG>0.1</RangeKG>
    <AG>0.1</AG>
    <PERC>2.2941531899431404</PERC>
    <Alpha>0</Alpha>
    <UZL>74.37806326739755</UZL>
    <K0>0.88995642876175773</K0>
    <K1>0.38385529390022877</K1>
    <K2>0.037051427869770566</K2>
    <MAXBAS>1</MAXBAS>
    <Cet>0.257116805523327</Cet>
    <PCALT>10</PCALT>
    <TCALT>0.6</TCALT>
    <Pelev>436</Pelev>
    <Telev>436</Telev>
    <PART>0.5</PART>
    <DELAY>1</DELAY>
  </CatchmentParameters>
  <VegetationZone>
    <VegetationZoneParameters>
      <TT>-2.446111157263644</TT>
      <CFMAX>1.4229518424781673</CFMAX>
      <SP>0</SP>
      <SFCF>0.62844745986194428</SFCF>
      <CFR>3.4934205028270323E-10</CFR>
      <CWH>0.10000253641390197</CWH>
      <CFGlacier>1</CFGlacier>
      <CFSlope>1</CFSlope>
      <FC>364.16364921208697</FC>
      <LP>0.96716529366718229</LP>
      <BETA>1.0636155541160459</BETA>
    </VegetationZoneParameters>
  </VegetationZone>
  <SubCatchment>
    <SubCatchmentParameters>
      <KSI>0.001</KSI>
      <KGmin>0.05</KGmin>
      <RangeKG>0.1</RangeKG>
      <AG>0.1</AG>
      <PERC>2.2941531899431404</PERC>
      <Alpha>0</Alpha>
      <UZL>74.37806326739755</UZL>
      <K0>0.88995642876175773</K0>
      <K1>0.38385529390022877</K1>
      <K2>0.037051427869770566</K2>
      <MAXBAS>1</MAXBAS>
      <Cet>0.257116805523327</Cet>
      <PCALT>10</PCALT>
      <TCALT>0.6</TCALT>
      <Pelev>436</Pelev>
      <Telev>436</Telev>
      <PART>0.5</PART>
      <DELAY>1</DELAY>
    </SubCatchmentParameters>
    <SubCatchmentVegetationZone>
      <SubCatchmentVegetationZoneParameters>
        <TT>-2.446111157263644</TT>
        <CFMAX>1.4229518424781673</CFMAX>
        <SP>0</SP>
        <SFCF>0.62844745986194428</SFCF>
        <CFR>3.4934205028270323E-10</CFR>
        <CWH>0.10000253641390197</CWH>
        <CFGlacier>1</CFGlacier>
        <CFSlope>1</CFSlope>
        <FC>364.16364921208697</FC>
        <LP>0.96716529366718229</LP>
        <BETA>1.0636155541160459</BETA>
      </SubCatchmentVegetationZoneParameters>
    </SubCatchmentVegetationZone>
  </SubCatchment>
</Catchment>