<?xml version="1.0" encoding="utf-8"?>
<Catchment xmlns:xsi="http://www.w3.org/2001/XMLSchema-instance" xmlns:xsd="http://www.w3.org/2001/XMLSchema">
  <CatchmentParameters>
    <KSI>0.001</KSI>
    <KGmin>0.05</KGmin>
    <RangeKG>0.1</RangeKG>
    <AG>0.1</AG>
    <PERC>2.2226113505301641</PERC>
    <Alpha>0</Alpha>
    <UZL>132.94895034684237</UZL>
    <K0>0.056351841035969831</K0>
    <K1>0.42738033162435651</K1>
    <K2>0.036579833512614367</K2>
    <MAXBAS>1</MAXBAS>
    <Cet>0.16873288587156621</Cet>
    <PCALT>10</PCALT>
    <TCALT>0.6</TCALT>
    <Pelev>436</Pelev>
    <Telev>436</Telev>
    <PART>0.5</PART>
    <DELAY>1</DELAY>
  </CatchmentParameters>
  <VegetationZone>
    <VegetationZoneParameters>
      <TT>-2.1540549557266488</TT>
      <CFMAX>2.0120069405161476</CFMAX>
      <SP>0</SP>
      <SFCF>0.67094141300643217</SFCF>
      <CFR>1.1250943475787922E-05</CFR>
      <CWH>0.100000000999115</CWH>
      <CFGlacier>1</CFGlacier>
      <CFSlope>1</CFSlope>
      <FC>238.24931664339283</FC>
      <LP>0.90809831806236</LP>
      <BETA>1.1713618241234294</BETA>
    </VegetationZoneParameters>
  </VegetationZone>
  <SubCatchment>
    <SubCatchmentParameters>
      <KSI>0.001</KSI>
      <KGmin>0.05</KGmin>
      <RangeKG>0.1</RangeKG>
      <AG>0.1</AG>
      <PERC>2.2226113505301641</PERC>
      <Alpha>0</Alpha>
      <UZL>132.94895034684237</UZL>
      <K0>0.056351841035969831</K0>
      <K1>0.42738033162435651</K1>
      <K2>0.036579833512614367</K2>
      <MAXBAS>1</MAXBAS>
      <Cet>0.16873288587156621</Cet>
      <PCALT>10</PCALT>
      <TCALT>0.6</TCALT>
      <Pelev>436</Pelev>
      <Telev>436</Telev>
      <PART>0.5</PART>
      <DELAY>1</DELAY>
    </SubCatchmentParameters>
    <SubCatchmentVegetationZone>
      <SubCatchmentVegetationZoneParameters>
        <TT>-2.1540549557266488</TT>
        <CFMAX>2.0120069405161476</CFMAX>
        <SP>0</SP>
        <SFCF>0.67094141300643217</SFCF>
        <CFR>1.1250943475787922E-05</CFR>
        <CWH>0.100000000999115</CWH>
        <CFGlacier>1</CFGlacier>
        <CFSlope>1</CFSlope>
        <FC>238.24931664339283</FC>
        <LP>0.90809831806236</LP>
        <BETA>1.1713618241234294</BETA>
      </SubCatchmentVegetationZoneParameters>
    </SubCatchmentVegetationZone>
  </SubCatchment>
</Catchment>