<?xml version="1.0" encoding="utf-8"?>
<Catchment xmlns:xsi="http://www.w3.org/2001/XMLSchema-instance" xmlns:xsd="http://www.w3.org/2001/XMLSchema">
  <CatchmentParameters>
    <KSI>0.001</KSI>
    <KGmin>0.05</KGmin>
    <RangeKG>0.1</RangeKG>
    <AG>0.1</AG>
    <PERC>3.2295141095914408</PERC>
    <Alpha>0</Alpha>
    <UZL>53.478681427220465</UZL>
    <K0>0.3647021470664189</K0>
    <K1>0.33337217405256053</K1>
    <K2>0.038568594861540351</K2>
    <MAXBAS>1</MAXBAS>
    <Cet>0.10323063041638797</Cet>
    <PCALT>10</PCALT>
    <TCALT>0.6</TCALT>
    <Pelev>436</Pelev>
    <Telev>436</Telev>
    <PART>0.5</PART>
    <DELAY>1</DELAY>
  </CatchmentParameters>
  <VegetationZone>
    <VegetationZoneParameters>
      <TT>-2.4392447966014768</TT>
      <CFMAX>1.3232908889367328</CFMAX>
      <SP>0</SP>
      <SFCF>0.66680289427577166</SFCF>
      <CFR>0.036346928662003</CFR>
      <CWH>0.10000306192954146</CWH>
      <CFGlacier>1</CFGlacier>
      <CFSlope>1</CFSlope>
      <FC>107.25474626178256</FC>
      <LP>0.7188614000749175</LP>
      <BETA>1.2845530416107</BETA>
    </VegetationZoneParameters>
  </VegetationZone>
  <SubCatchment>
    <SubCatchmentParameters>
      <KSI>0.001</KSI>
      <KGmin>0.05</KGmin>
      <RangeKG>0.1</RangeKG>
      <AG>0.1</AG>
      <PERC>3.2295141095914408</PERC>
      <Alpha>0</Alpha>
      <UZL>53.478681427220465</UZL>
      <K0>0.3647021470664189</K0>
      <K1>0.33337217405256053</K1>
      <K2>0.038568594861540351</K2>
      <MAXBAS>1</MAXBAS>
      <Cet>0.10323063041638797</Cet>
      <PCALT>10</PCALT>
      <TCALT>0.6</TCALT>
      <Pelev>436</Pelev>
      <Telev>436</Telev>
      <PART>0.5</PART>
      <DELAY>1</DELAY>
    </SubCatchmentParameters>
    <SubCatchmentVegetationZone>
      <SubCatchmentVegetationZoneParameters>
        <TT>-2.4392447966014768</TT>
        <CFMAX>1.3232908889367328</CFMAX>
        <SP>0</SP>
        <SFCF>0.66680289427577166</SFCF>
        <CFR>0.036346928662003</CFR>
        <CWH>0.10000306192954146</CWH>
        <CFGlacier>1</CFGlacier>
        <CFSlope>1</CFSlope>
        <FC>107.25474626178256</FC>
        <LP>0.7188614000749175</LP>
        <BETA>1.2845530416107</BETA>
      </SubCatchmentVegetationZoneParameters>
    </SubCatchmentVegetationZone>
  </SubCatchment>
</Catchment>