<?xml version="1.0" encoding="utf-8"?>
<Catchment xmlns:xsi="http://www.w3.org/2001/XMLSchema-instance" xmlns:xsd="http://www.w3.org/2001/XMLSchema">
  <CatchmentParameters>
    <KSI>0.001</KSI>
    <KGmin>0.05</KGmin>
    <RangeKG>0.1</RangeKG>
    <AG>0.1</AG>
    <PERC>4.5715749807585366</PERC>
    <Alpha>0</Alpha>
    <UZL>145.50205403339362</UZL>
    <K0>0.54857832871755285</K0>
    <K1>0.43429834068306017</K1>
    <K2>0.039778856420752629</K2>
    <MAXBAS>1</MAXBAS>
    <Cet>0.10322074883586928</Cet>
    <PCALT>10</PCALT>
    <TCALT>0.6</TCALT>
    <Pelev>436</Pelev>
    <Telev>436</Telev>
    <PART>0.5</PART>
    <DELAY>1</DELAY>
  </CatchmentParameters>
  <VegetationZone>
    <VegetationZoneParameters>
      <TT>-2.1891996716799897</TT>
      <CFMAX>3.3165526077265954</CFMAX>
      <SP>0</SP>
      <SFCF>0.63686981579039725</SFCF>
      <CFR>1.438373015796359E-07</CFR>
      <CWH>0.1000018456406514</CWH>
      <CFGlacier>1</CFGlacier>
      <CFSlope>1</CFSlope>
      <FC>108.44398216348913</FC>
      <LP>0.80580034478229667</LP>
      <BETA>1.2464787800302459</BETA>
    </VegetationZoneParameters>
  </VegetationZone>
  <SubCatchment>
    <SubCatchmentParameters>
      <KSI>0.001</KSI>
      <KGmin>0.05</KGmin>
      <RangeKG>0.1</RangeKG>
      <AG>0.1</AG>
      <PERC>4.5715749807585366</PERC>
      <Alpha>0</Alpha>
      <UZL>145.50205403339362</UZL>
      <K0>0.54857832871755285</K0>
      <K1>0.43429834068306017</K1>
      <K2>0.039778856420752629</K2>
      <MAXBAS>1</MAXBAS>
      <Cet>0.10322074883586928</Cet>
      <PCALT>10</PCALT>
      <TCALT>0.6</TCALT>
      <Pelev>436</Pelev>
      <Telev>436</Telev>
      <PART>0.5</PART>
      <DELAY>1</DELAY>
    </SubCatchmentParameters>
    <SubCatchmentVegetationZone>
      <SubCatchmentVegetationZoneParameters>
        <TT>-2.1891996716799897</TT>
        <CFMAX>3.3165526077265954</CFMAX>
        <SP>0</SP>
        <SFCF>0.63686981579039725</SFCF>
        <CFR>1.438373015796359E-07</CFR>
        <CWH>0.1000018456406514</CWH>
        <CFGlacier>1</CFGlacier>
        <CFSlope>1</CFSlope>
        <FC>108.44398216348913</FC>
        <LP>0.80580034478229667</LP>
        <BETA>1.2464787800302459</BETA>
      </SubCatchmentVegetationZoneParameters>
    </SubCatchmentVegetationZone>
  </SubCatchment>
</Catchment>