<?xml version="1.0" encoding="utf-8"?>
<Catchment xmlns:xsi="http://www.w3.org/2001/XMLSchema-instance" xmlns:xsd="http://www.w3.org/2001/XMLSchema">
  <CatchmentParameters>
    <KSI>0.001</KSI>
    <KGmin>0.05</KGmin>
    <RangeKG>0.1</RangeKG>
    <AG>0.1</AG>
    <PERC>2.6767975351942463</PERC>
    <Alpha>0</Alpha>
    <UZL>54.45173307231358</UZL>
    <K0>0.31673748407779739</K0>
    <K1>0.37019171565586606</K1>
    <K2>0.036180743549770814</K2>
    <MAXBAS>1</MAXBAS>
    <Cet>0.14822909324910727</Cet>
    <PCALT>10</PCALT>
    <TCALT>0.6</TCALT>
    <Pelev>436</Pelev>
    <Telev>436</Telev>
    <PART>0.5</PART>
    <DELAY>1</DELAY>
  </CatchmentParameters>
  <VegetationZone>
    <VegetationZoneParameters>
      <TT>-2.2059067021254086</TT>
      <CFMAX>2.5158673593789516</CFMAX>
      <SP>0</SP>
      <SFCF>0.85587761754681013</SFCF>
      <CFR>0.01342486648137042</CFR>
      <CWH>0.10000014446489064</CWH>
      <CFGlacier>1</CFGlacier>
      <CFSlope>1</CFSlope>
      <FC>146.82522867644011</FC>
      <LP>0.857200955399149</LP>
      <BETA>1.4121648547693904</BETA>
    </VegetationZoneParameters>
  </VegetationZone>
  <SubCatchment>
    <SubCatchmentParameters>
      <KSI>0.001</KSI>
      <KGmin>0.05</KGmin>
      <RangeKG>0.1</RangeKG>
      <AG>0.1</AG>
      <PERC>2.6767975351942463</PERC>
      <Alpha>0</Alpha>
      <UZL>54.45173307231358</UZL>
      <K0>0.31673748407779739</K0>
      <K1>0.37019171565586606</K1>
      <K2>0.036180743549770814</K2>
      <MAXBAS>1</MAXBAS>
      <Cet>0.14822909324910727</Cet>
      <PCALT>10</PCALT>
      <TCALT>0.6</TCALT>
      <Pelev>436</Pelev>
      <Telev>436</Telev>
      <PART>0.5</PART>
      <DELAY>1</DELAY>
    </SubCatchmentParameters>
    <SubCatchmentVegetationZone>
      <SubCatchmentVegetationZoneParameters>
        <TT>-2.2059067021254086</TT>
        <CFMAX>2.5158673593789516</CFMAX>
        <SP>0</SP>
        <SFCF>0.85587761754681013</SFCF>
        <CFR>0.01342486648137042</CFR>
        <CWH>0.10000014446489064</CWH>
        <CFGlacier>1</CFGlacier>
        <CFSlope>1</CFSlope>
        <FC>146.82522867644011</FC>
        <LP>0.857200955399149</LP>
        <BETA>1.4121648547693904</BETA>
      </SubCatchmentVegetationZoneParameters>
    </SubCatchmentVegetationZone>
  </SubCatchment>
</Catchment>