<?xml version="1.0" encoding="utf-8"?>
<Catchment xmlns:xsi="http://www.w3.org/2001/XMLSchema-instance" xmlns:xsd="http://www.w3.org/2001/XMLSchema">
  <CatchmentParameters>
    <KSI>0.001</KSI>
    <KGmin>0.05</KGmin>
    <RangeKG>0.1</RangeKG>
    <AG>0.1</AG>
    <PERC>2.150830053378229</PERC>
    <Alpha>0</Alpha>
    <UZL>49.475206053973075</UZL>
    <K0>0.33147055001098219</K0>
    <K1>0.35321465451521078</K1>
    <K2>0.037009580350117546</K2>
    <MAXBAS>1</MAXBAS>
    <Cet>0.16753048208049975</Cet>
    <PCALT>10</PCALT>
    <TCALT>0.6</TCALT>
    <Pelev>436</Pelev>
    <Telev>436</Telev>
    <PART>0.5</PART>
    <DELAY>1</DELAY>
  </CatchmentParameters>
  <VegetationZone>
    <VegetationZoneParameters>
      <TT>-2.4435153578892379</TT>
      <CFMAX>1.7838395085247105</CFMAX>
      <SP>0</SP>
      <SFCF>0.84875783871146626</SFCF>
      <CFR>0.063011240168024577</CFR>
      <CWH>0.10000013865668833</CWH>
      <CFGlacier>1</CFGlacier>
      <CFSlope>1</CFSlope>
      <FC>279.74333505877189</FC>
      <LP>0.84432559123106821</LP>
      <BETA>1.0792017880709517</BETA>
    </VegetationZoneParameters>
  </VegetationZone>
  <SubCatchment>
    <SubCatchmentParameters>
      <KSI>0.001</KSI>
      <KGmin>0.05</KGmin>
      <RangeKG>0.1</RangeKG>
      <AG>0.1</AG>
      <PERC>2.150830053378229</PERC>
      <Alpha>0</Alpha>
      <UZL>49.475206053973075</UZL>
      <K0>0.33147055001098219</K0>
      <K1>0.35321465451521078</K1>
      <K2>0.037009580350117546</K2>
      <MAXBAS>1</MAXBAS>
      <Cet>0.16753048208049975</Cet>
      <PCALT>10</PCALT>
      <TCALT>0.6</TCALT>
      <Pelev>436</Pelev>
      <Telev>436</Telev>
      <PART>0.5</PART>
      <DELAY>1</DELAY>
    </SubCatchmentParameters>
    <SubCatchmentVegetationZone>
      <SubCatchmentVegetationZoneParameters>
        <TT>-2.4435153578892379</TT>
        <CFMAX>1.7838395085247105</CFMAX>
        <SP>0</SP>
        <SFCF>0.84875783871146626</SFCF>
        <CFR>0.063011240168024577</CFR>
        <CWH>0.10000013865668833</CWH>
        <CFGlacier>1</CFGlacier>
        <CFSlope>1</CFSlope>
        <FC>279.74333505877189</FC>
        <LP>0.84432559123106821</LP>
        <BETA>1.0792017880709517</BETA>
      </SubCatchmentVegetationZoneParameters>
    </SubCatchmentVegetationZone>
  </SubCatchment>
</Catchment>