<?xml version="1.0" encoding="utf-8"?>
<Catchment xmlns:xsi="http://www.w3.org/2001/XMLSchema-instance" xmlns:xsd="http://www.w3.org/2001/XMLSchema">
  <CatchmentParameters>
    <KSI>0.001</KSI>
    <KGmin>0.05</KGmin>
    <RangeKG>0.1</RangeKG>
    <AG>0.1</AG>
    <PERC>3.0107598365442607</PERC>
    <Alpha>0</Alpha>
    <UZL>48.171708068151787</UZL>
    <K0>0.295479911338565</K0>
    <K1>0.37117671563037358</K1>
    <K2>0.039029423089081493</K2>
    <MAXBAS>1</MAXBAS>
    <Cet>0.12607220852426684</Cet>
    <PCALT>10</PCALT>
    <TCALT>0.6</TCALT>
    <Pelev>436</Pelev>
    <Telev>436</Telev>
    <PART>0.5</PART>
    <DELAY>1</DELAY>
  </CatchmentParameters>
  <VegetationZone>
    <VegetationZoneParameters>
      <TT>-2.2766962846418144</TT>
      <CFMAX>2.9525222088931997</CFMAX>
      <SP>0</SP>
      <SFCF>0.79146044661232984</SFCF>
      <CFR>0.0016400947332779236</CFR>
      <CWH>0.10000007046640892</CWH>
      <CFGlacier>1</CFGlacier>
      <CFSlope>1</CFSlope>
      <FC>184.54120760005347</FC>
      <LP>0.76612376030137119</LP>
      <BETA>1.0817371179321469</BETA>
    </VegetationZoneParameters>
  </VegetationZone>
  <SubCatchment>
    <SubCatchmentParameters>
      <KSI>0.001</KSI>
      <KGmin>0.05</KGmin>
      <RangeKG>0.1</RangeKG>
      <AG>0.1</AG>
      <PERC>3.0107598365442607</PERC>
      <Alpha>0</Alpha>
      <UZL>48.171708068151787</UZL>
      <K0>0.295479911338565</K0>
      <K1>0.37117671563037358</K1>
      <K2>0.039029423089081493</K2>
      <MAXBAS>1</MAXBAS>
      <Cet>0.12607220852426684</Cet>
      <PCALT>10</PCALT>
      <TCALT>0.6</TCALT>
      <Pelev>436</Pelev>
      <Telev>436</Telev>
      <PART>0.5</PART>
      <DELAY>1</DELAY>
    </SubCatchmentParameters>
    <SubCatchmentVegetationZone>
      <SubCatchmentVegetationZoneParameters>
        <TT>-2.2766962846418144</TT>
        <CFMAX>2.9525222088931997</CFMAX>
        <SP>0</SP>
        <SFCF>0.79146044661232984</SFCF>
        <CFR>0.0016400947332779236</CFR>
        <CWH>0.10000007046640892</CWH>
        <CFGlacier>1</CFGlacier>
        <CFSlope>1</CFSlope>
        <FC>184.54120760005347</FC>
        <LP>0.76612376030137119</LP>
        <BETA>1.0817371179321469</BETA>
      </SubCatchmentVegetationZoneParameters>
    </SubCatchmentVegetationZone>
  </SubCatchment>
</Catchment>