<?xml version="1.0" encoding="utf-8"?>
<Catchment xmlns:xsi="http://www.w3.org/2001/XMLSchema-instance" xmlns:xsd="http://www.w3.org/2001/XMLSchema">
  <CatchmentParameters>
    <KSI>0.001</KSI>
    <KGmin>0.05</KGmin>
    <RangeKG>0.1</RangeKG>
    <AG>0.1</AG>
    <PERC>2.2476802757695111</PERC>
    <Alpha>0</Alpha>
    <UZL>52.985874742723389</UZL>
    <K0>0.34329266410722914</K0>
    <K1>0.34627403859256112</K1>
    <K2>0.036594771942082625</K2>
    <MAXBAS>1</MAXBAS>
    <Cet>0.15040937980280958</Cet>
    <PCALT>10</PCALT>
    <TCALT>0.6</TCALT>
    <Pelev>436</Pelev>
    <Telev>436</Telev>
    <PART>0.5</PART>
    <DELAY>1</DELAY>
  </CatchmentParameters>
  <VegetationZone>
    <VegetationZoneParameters>
      <TT>-2.4455257172437452</TT>
      <CFMAX>1.9124260601230345</CFMAX>
      <SP>0</SP>
      <SFCF>0.81705947858653871</SFCF>
      <CFR>0.05594720860535031</CFR>
      <CWH>0.10000125401453038</CWH>
      <CFGlacier>1</CFGlacier>
      <CFSlope>1</CFSlope>
      <FC>203.60085480285926</FC>
      <LP>0.85526396421750828</LP>
      <BETA>1.1810804510705752</BETA>
    </VegetationZoneParameters>
  </VegetationZone>
  <SubCatchment>
    <SubCatchmentParameters>
      <KSI>0.001</KSI>
      <KGmin>0.05</KGmin>
      <RangeKG>0.1</RangeKG>
      <AG>0.1</AG>
      <PERC>2.2476802757695111</PERC>
      <Alpha>0</Alpha>
      <UZL>52.985874742723389</UZL>
      <K0>0.34329266410722914</K0>
      <K1>0.34627403859256112</K1>
      <K2>0.036594771942082625</K2>
      <MAXBAS>1</MAXBAS>
      <Cet>0.15040937980280958</Cet>
      <PCALT>10</PCALT>
      <TCALT>0.6</TCALT>
      <Pelev>436</Pelev>
      <Telev>436</Telev>
      <PART>0.5</PART>
      <DELAY>1</DELAY>
    </SubCatchmentParameters>
    <SubCatchmentVegetationZone>
      <SubCatchmentVegetationZoneParameters>
        <TT>-2.4455257172437452</TT>
        <CFMAX>1.9124260601230345</CFMAX>
        <SP>0</SP>
        <SFCF>0.81705947858653871</SFCF>
        <CFR>0.05594720860535031</CFR>
        <CWH>0.10000125401453038</CWH>
        <CFGlacier>1</CFGlacier>
        <CFSlope>1</CFSlope>
        <FC>203.60085480285926</FC>
        <LP>0.85526396421750828</LP>
        <BETA>1.1810804510705752</BETA>
      </SubCatchmentVegetationZoneParameters>
    </SubCatchmentVegetationZone>
  </SubCatchment>
</Catchment>