<?xml version="1.0" encoding="utf-8"?>
<Catchment xmlns:xsi="http://www.w3.org/2001/XMLSchema-instance" xmlns:xsd="http://www.w3.org/2001/XMLSchema">
  <CatchmentParameters>
    <KSI>0.001</KSI>
    <KGmin>0.05</KGmin>
    <RangeKG>0.1</RangeKG>
    <AG>0.1</AG>
    <PERC>2.1873788877203628</PERC>
    <Alpha>0</Alpha>
    <UZL>49.554203946458571</UZL>
    <K0>0.30761394174461171</K0>
    <K1>0.35079962638688422</K1>
    <K2>0.037929339208398076</K2>
    <MAXBAS>1</MAXBAS>
    <Cet>0.2232688039632432</Cet>
    <PCALT>10</PCALT>
    <TCALT>0.6</TCALT>
    <Pelev>436</Pelev>
    <Telev>436</Telev>
    <PART>0.5</PART>
    <DELAY>1</DELAY>
  </CatchmentParameters>
  <VegetationZone>
    <VegetationZoneParameters>
      <TT>-2.4394470412789024</TT>
      <CFMAX>1.156433655397928</CFMAX>
      <SP>0</SP>
      <SFCF>0.5453908010772418</SFCF>
      <CFR>0.021510097464058728</CFR>
      <CWH>0.1000017037134841</CWH>
      <CFGlacier>1</CFGlacier>
      <CFSlope>1</CFSlope>
      <FC>333.33134757667875</FC>
      <LP>0.9166017582668321</LP>
      <BETA>1.0405899240237106</BETA>
    </VegetationZoneParameters>
  </VegetationZone>
  <SubCatchment>
    <SubCatchmentParameters>
      <KSI>0.001</KSI>
      <KGmin>0.05</KGmin>
      <RangeKG>0.1</RangeKG>
      <AG>0.1</AG>
      <PERC>2.1873788877203628</PERC>
      <Alpha>0</Alpha>
      <UZL>49.554203946458571</UZL>
      <K0>0.30761394174461171</K0>
      <K1>0.35079962638688422</K1>
      <K2>0.037929339208398076</K2>
      <MAXBAS>1</MAXBAS>
      <Cet>0.2232688039632432</Cet>
      <PCALT>10</PCALT>
      <TCALT>0.6</TCALT>
      <Pelev>436</Pelev>
      <Telev>436</Telev>
      <PART>0.5</PART>
      <DELAY>1</DELAY>
    </SubCatchmentParameters>
    <SubCatchmentVegetationZone>
      <SubCatchmentVegetationZoneParameters>
        <TT>-2.4394470412789024</TT>
        <CFMAX>1.156433655397928</CFMAX>
        <SP>0</SP>
        <SFCF>0.5453908010772418</SFCF>
        <CFR>0.021510097464058728</CFR>
        <CWH>0.1000017037134841</CWH>
        <CFGlacier>1</CFGlacier>
        <CFSlope>1</CFSlope>
        <FC>333.33134757667875</FC>
        <LP>0.9166017582668321</LP>
        <BETA>1.0405899240237106</BETA>
      </SubCatchmentVegetationZoneParameters>
    </SubCatchmentVegetationZone>
  </SubCatchment>
</Catchment>