<?xml version="1.0" encoding="utf-8"?>
<Catchment xmlns:xsi="http://www.w3.org/2001/XMLSchema-instance" xmlns:xsd="http://www.w3.org/2001/XMLSchema">
  <CatchmentParameters>
    <KSI>0.001</KSI>
    <KGmin>0.05</KGmin>
    <RangeKG>0.1</RangeKG>
    <AG>0.1</AG>
    <PERC>2.5608667817404922</PERC>
    <Alpha>0</Alpha>
    <UZL>191.3341655167998</UZL>
    <K0>0.56606459395661457</K0>
    <K1>0.41616764643877779</K1>
    <K2>0.0362196807876782</K2>
    <MAXBAS>1</MAXBAS>
    <Cet>0.12368093198205428</Cet>
    <PCALT>10</PCALT>
    <TCALT>0.6</TCALT>
    <Pelev>436</Pelev>
    <Telev>436</Telev>
    <PART>0.5</PART>
    <DELAY>1</DELAY>
  </CatchmentParameters>
  <VegetationZone>
    <VegetationZoneParameters>
      <TT>-2.4407613529743966</TT>
      <CFMAX>1.5594508168632801</CFMAX>
      <SP>0</SP>
      <SFCF>0.644585248568975</SFCF>
      <CFR>0.031837360717395506</CFR>
      <CWH>0.10000196406921133</CWH>
      <CFGlacier>1</CFGlacier>
      <CFSlope>1</CFSlope>
      <FC>260.99747453234585</FC>
      <LP>0.99251861399483787</LP>
      <BETA>1.1717779925213319</BETA>
    </VegetationZoneParameters>
  </VegetationZone>
  <SubCatchment>
    <SubCatchmentParameters>
      <KSI>0.001</KSI>
      <KGmin>0.05</KGmin>
      <RangeKG>0.1</RangeKG>
      <AG>0.1</AG>
      <PERC>2.5608667817404922</PERC>
      <Alpha>0</Alpha>
      <UZL>191.3341655167998</UZL>
      <K0>0.56606459395661457</K0>
      <K1>0.41616764643877779</K1>
      <K2>0.0362196807876782</K2>
      <MAXBAS>1</MAXBAS>
      <Cet>0.12368093198205428</Cet>
      <PCALT>10</PCALT>
      <TCALT>0.6</TCALT>
      <Pelev>436</Pelev>
      <Telev>436</Telev>
      <PART>0.5</PART>
      <DELAY>1</DELAY>
    </SubCatchmentParameters>
    <SubCatchmentVegetationZone>
      <SubCatchmentVegetationZoneParameters>
        <TT>-2.4407613529743966</TT>
        <CFMAX>1.5594508168632801</CFMAX>
        <SP>0</SP>
        <SFCF>0.644585248568975</SFCF>
        <CFR>0.031837360717395506</CFR>
        <CWH>0.10000196406921133</CWH>
        <CFGlacier>1</CFGlacier>
        <CFSlope>1</CFSlope>
        <FC>260.99747453234585</FC>
        <LP>0.99251861399483787</LP>
        <BETA>1.1717779925213319</BETA>
      </SubCatchmentVegetationZoneParameters>
    </SubCatchmentVegetationZone>
  </SubCatchment>
</Catchment>