<?xml version="1.0" encoding="utf-8"?>
<Catchment xmlns:xsi="http://www.w3.org/2001/XMLSchema-instance" xmlns:xsd="http://www.w3.org/2001/XMLSchema">
  <CatchmentParameters>
    <KSI>0.001</KSI>
    <KGmin>0.05</KGmin>
    <RangeKG>0.1</RangeKG>
    <AG>0.1</AG>
    <PERC>2.3369553266715175</PERC>
    <Alpha>0</Alpha>
    <UZL>68.322674615520782</UZL>
    <K0>0.63331655396922948</K0>
    <K1>0.3978663599795691</K1>
    <K2>0.038534450187913023</K2>
    <MAXBAS>1</MAXBAS>
    <Cet>0.23995880593391869</Cet>
    <PCALT>10</PCALT>
    <TCALT>0.6</TCALT>
    <Pelev>436</Pelev>
    <Telev>436</Telev>
    <PART>0.5</PART>
    <DELAY>1</DELAY>
  </CatchmentParameters>
  <VegetationZone>
    <VegetationZoneParameters>
      <TT>-2.2766811990899329</TT>
      <CFMAX>1.4783684944507332</CFMAX>
      <SP>0</SP>
      <SFCF>0.56362815601069693</SFCF>
      <CFR>0.041528031765935725</CFR>
      <CWH>0.10000029567539719</CWH>
      <CFGlacier>1</CFGlacier>
      <CFSlope>1</CFSlope>
      <FC>282.384161244418</FC>
      <LP>0.84541612324244164</LP>
      <BETA>1.0452117970528188</BETA>
    </VegetationZoneParameters>
  </VegetationZone>
  <SubCatchment>
    <SubCatchmentParameters>
      <KSI>0.001</KSI>
      <KGmin>0.05</KGmin>
      <RangeKG>0.1</RangeKG>
      <AG>0.1</AG>
      <PERC>2.3369553266715175</PERC>
      <Alpha>0</Alpha>
      <UZL>68.322674615520782</UZL>
      <K0>0.63331655396922948</K0>
      <K1>0.3978663599795691</K1>
      <K2>0.038534450187913023</K2>
      <MAXBAS>1</MAXBAS>
      <Cet>0.23995880593391869</Cet>
      <PCALT>10</PCALT>
      <TCALT>0.6</TCALT>
      <Pelev>436</Pelev>
      <Telev>436</Telev>
      <PART>0.5</PART>
      <DELAY>1</DELAY>
    </SubCatchmentParameters>
    <SubCatchmentVegetationZone>
      <SubCatchmentVegetationZoneParameters>
        <TT>-2.2766811990899329</TT>
        <CFMAX>1.4783684944507332</CFMAX>
        <SP>0</SP>
        <SFCF>0.56362815601069693</SFCF>
        <CFR>0.041528031765935725</CFR>
        <CWH>0.10000029567539719</CWH>
        <CFGlacier>1</CFGlacier>
        <CFSlope>1</CFSlope>
        <FC>282.384161244418</FC>
        <LP>0.84541612324244164</LP>
        <BETA>1.0452117970528188</BETA>
      </SubCatchmentVegetationZoneParameters>
    </SubCatchmentVegetationZone>
  </SubCatchment>
</Catchment>