<?xml version="1.0" encoding="utf-8"?>
<Catchment xmlns:xsi="http://www.w3.org/2001/XMLSchema-instance" xmlns:xsd="http://www.w3.org/2001/XMLSchema">
  <CatchmentParameters>
    <KSI>0.001</KSI>
    <KGmin>0.05</KGmin>
    <RangeKG>0.1</RangeKG>
    <AG>0.1</AG>
    <PERC>1.9972887729770077</PERC>
    <Alpha>0</Alpha>
    <UZL>76.510854919581362</UZL>
    <K0>0.86197335304033063</K0>
    <K1>0.38005001143485623</K1>
    <K2>0.0341759942559255</K2>
    <MAXBAS>1</MAXBAS>
    <Cet>0.10534819995441758</Cet>
    <PCALT>10</PCALT>
    <TCALT>0.6</TCALT>
    <Pelev>436</Pelev>
    <Telev>436</Telev>
    <PART>0.5</PART>
    <DELAY>1</DELAY>
  </CatchmentParameters>
  <VegetationZone>
    <VegetationZoneParameters>
      <TT>-2.0391544655669906</TT>
      <CFMAX>1.8991234906014456</CFMAX>
      <SP>0</SP>
      <SFCF>0.91092181548565243</SFCF>
      <CFR>0.05214431802468765</CFR>
      <CWH>0.1000000001822166</CWH>
      <CFGlacier>1</CFGlacier>
      <CFSlope>1</CFSlope>
      <FC>147.09199893883027</FC>
      <LP>0.72940763575328593</LP>
      <BETA>1.5121255776569578</BETA>
    </VegetationZoneParameters>
  </VegetationZone>
  <SubCatchment>
    <SubCatchmentParameters>
      <KSI>0.001</KSI>
      <KGmin>0.05</KGmin>
      <RangeKG>0.1</RangeKG>
      <AG>0.1</AG>
      <PERC>1.9972887729770077</PERC>
      <Alpha>0</Alpha>
      <UZL>76.510854919581362</UZL>
      <K0>0.86197335304033063</K0>
      <K1>0.38005001143485623</K1>
      <K2>0.0341759942559255</K2>
      <MAXBAS>1</MAXBAS>
      <Cet>0.10534819995441758</Cet>
      <PCALT>10</PCALT>
      <TCALT>0.6</TCALT>
      <Pelev>436</Pelev>
      <Telev>436</Telev>
      <PART>0.5</PART>
      <DELAY>1</DELAY>
    </SubCatchmentParameters>
    <SubCatchmentVegetationZone>
      <SubCatchmentVegetationZoneParameters>
        <TT>-2.0391544655669906</TT>
        <CFMAX>1.8991234906014456</CFMAX>
        <SP>0</SP>
        <SFCF>0.91092181548565243</SFCF>
        <CFR>0.05214431802468765</CFR>
        <CWH>0.1000000001822166</CWH>
        <CFGlacier>1</CFGlacier>
        <CFSlope>1</CFSlope>
        <FC>147.09199893883027</FC>
        <LP>0.72940763575328593</LP>
        <BETA>1.5121255776569578</BETA>
      </SubCatchmentVegetationZoneParameters>
    </SubCatchmentVegetationZone>
  </SubCatchment>
</Catchment>