<?xml version="1.0" encoding="utf-8"?>
<Catchment xmlns:xsi="http://www.w3.org/2001/XMLSchema-instance" xmlns:xsd="http://www.w3.org/2001/XMLSchema">
  <CatchmentParameters>
    <KSI>0.001</KSI>
    <KGmin>0.05</KGmin>
    <RangeKG>0.1</RangeKG>
    <AG>0.1</AG>
    <PERC>2.2495519435002147</PERC>
    <Alpha>0</Alpha>
    <UZL>161.76863813450078</UZL>
    <K0>0.53950931748012232</K0>
    <K1>0.43345061679994729</K1>
    <K2>0.036877603097733865</K2>
    <MAXBAS>1</MAXBAS>
    <Cet>0.26641905314125536</Cet>
    <PCALT>10</PCALT>
    <TCALT>0.6</TCALT>
    <Pelev>436</Pelev>
    <Telev>436</Telev>
    <PART>0.5</PART>
    <DELAY>1</DELAY>
  </CatchmentParameters>
  <VegetationZone>
    <VegetationZoneParameters>
      <TT>-2.1928151287205693</TT>
      <CFMAX>1.8450412507387024</CFMAX>
      <SP>0</SP>
      <SFCF>0.67739428468089047</SFCF>
      <CFR>0.013832855304021376</CFR>
      <CWH>0.10000030737577906</CWH>
      <CFGlacier>1</CFGlacier>
      <CFSlope>1</CFSlope>
      <FC>443.60723815131666</FC>
      <LP>0.99316065708140666</LP>
      <BETA>1.041671825355905</BETA>
    </VegetationZoneParameters>
  </VegetationZone>
  <SubCatchment>
    <SubCatchmentParameters>
      <KSI>0.001</KSI>
      <KGmin>0.05</KGmin>
      <RangeKG>0.1</RangeKG>
      <AG>0.1</AG>
      <PERC>2.2495519435002147</PERC>
      <Alpha>0</Alpha>
      <UZL>161.76863813450078</UZL>
      <K0>0.53950931748012232</K0>
      <K1>0.43345061679994729</K1>
      <K2>0.036877603097733865</K2>
      <MAXBAS>1</MAXBAS>
      <Cet>0.26641905314125536</Cet>
      <PCALT>10</PCALT>
      <TCALT>0.6</TCALT>
      <Pelev>436</Pelev>
      <Telev>436</Telev>
      <PART>0.5</PART>
      <DELAY>1</DELAY>
    </SubCatchmentParameters>
    <SubCatchmentVegetationZone>
      <SubCatchmentVegetationZoneParameters>
        <TT>-2.1928151287205693</TT>
        <CFMAX>1.8450412507387024</CFMAX>
        <SP>0</SP>
        <SFCF>0.67739428468089047</SFCF>
        <CFR>0.013832855304021376</CFR>
        <CWH>0.10000030737577906</CWH>
        <CFGlacier>1</CFGlacier>
        <CFSlope>1</CFSlope>
        <FC>443.60723815131666</FC>
        <LP>0.99316065708140666</LP>
        <BETA>1.041671825355905</BETA>
      </SubCatchmentVegetationZoneParameters>
    </SubCatchmentVegetationZone>
  </SubCatchment>
</Catchment>