<?xml version="1.0" encoding="utf-8"?>
<Catchment xmlns:xsi="http://www.w3.org/2001/XMLSchema-instance" xmlns:xsd="http://www.w3.org/2001/XMLSchema">
  <CatchmentParameters>
    <KSI>0.001</KSI>
    <KGmin>0.05</KGmin>
    <RangeKG>0.1</RangeKG>
    <AG>0.1</AG>
    <PERC>9.9993653348267291</PERC>
    <Alpha>0</Alpha>
    <UZL>148.3261468662333</UZL>
    <K0>0.085679301785235973</K0>
    <K1>0.54981303591853148</K1>
    <K2>0.11489980578344282</K2>
    <MAXBAS>1.3210917423806081</MAXBAS>
    <Cet>0</Cet>
    <PCALT>10</PCALT>
    <TCALT>0.6</TCALT>
    <Pelev>0</Pelev>
    <Telev>0</Telev>
    <PART>0.5</PART>
    <DELAY>1</DELAY>
  </CatchmentParameters>
  <VegetationZone>
    <VegetationZoneParameters>
      <TT>1.2762173669914916</TT>
      <CFMAX>4.5102013172116306</CFMAX>
      <SP>0</SP>
      <SFCF>0.50000000992789484</SFCF>
      <CFR>0.047134403121626992</CFR>
      <CWH>0.10000999509316916</CWH>
      <CFGlacier>1</CFGlacier>
      <CFSlope>1</CFSlope>
      <FC>93.744582739055</FC>
      <LP>0.30000000684030653</LP>
      <BETA>2.4065870576924819</BETA>
    </VegetationZoneParameters>
  </VegetationZone>
  <SubCatchment>
    <SubCatchmentParameters>
      <KSI>0.001</KSI>
      <KGmin>0.05</KGmin>
      <RangeKG>0.1</RangeKG>
      <AG>0.1</AG>
      <PERC>9.9993653348267291</PERC>
      <Alpha>0</Alpha>
      <UZL>148.3261468662333</UZL>
      <K0>0.085679301785235973</K0>
      <K1>0.54981303591853148</K1>
      <K2>0.11489980578344282</K2>
      <MAXBAS>1.3210917423806081</MAXBAS>
      <Cet>0</Cet>
      <PCALT>10</PCALT>
      <TCALT>0.6</TCALT>
      <Pelev>0</Pelev>
      <Telev>0</Telev>
      <PART>0.5</PART>
      <DELAY>1</DELAY>
    </SubCatchmentParameters>
    <SubCatchmentVegetationZone>
      <SubCatchmentVegetationZoneParameters>
        <TT>1.2762173669914916</TT>
        <CFMAX>4.5102013172116306</CFMAX>
        <SP>0</SP>
        <SFCF>0.50000000992789484</SFCF>
        <CFR>0.047134403121626992</CFR>
        <CWH>0.10000999509316916</CWH>
        <CFGlacier>1</CFGlacier>
        <CFSlope>1</CFSlope>
        <FC>93.744582739055</FC>
        <LP>0.30000000684030653</LP>
        <BETA>2.4065870576924819</BETA>
      </SubCatchmentVegetationZoneParameters>
    </SubCatchmentVegetationZone>
  </SubCatchment>
</Catchment>