<?xml version="1.0" encoding="utf-8"?>
<Catchment xmlns:xsi="http://www.w3.org/2001/XMLSchema-instance" xmlns:xsd="http://www.w3.org/2001/XMLSchema">
  <CatchmentParameters>
    <KSI>0.001</KSI>
    <KGmin>0.05</KGmin>
    <RangeKG>0.1</RangeKG>
    <AG>0.1</AG>
    <PERC>6.0349496355612189</PERC>
    <Alpha>0</Alpha>
    <UZL>73.5835641259088</UZL>
    <K0>0.14258444166593409</K0>
    <K1>0.76139867807522688</K1>
    <K2>0.14999966766000961</K2>
    <MAXBAS>1.3993814451821087</MAXBAS>
    <Cet>0</Cet>
    <PCALT>10</PCALT>
    <TCALT>0.6</TCALT>
    <Pelev>0</Pelev>
    <Telev>0</Telev>
    <PART>0.5</PART>
    <DELAY>1</DELAY>
  </CatchmentParameters>
  <VegetationZone>
    <VegetationZoneParameters>
      <TT>2.4153421808434108</TT>
      <CFMAX>0.509052459324543</CFMAX>
      <SP>0</SP>
      <SFCF>1.4999995763011691</SFCF>
      <CFR>0.083981238026803309</CFR>
      <CWH>0.10000003236609055</CWH>
      <CFGlacier>1</CFGlacier>
      <CFSlope>1</CFSlope>
      <FC>421.21515814148864</FC>
      <LP>0.88080540913179217</LP>
      <BETA>2.6528675626598339</BETA>
    </VegetationZoneParameters>
  </VegetationZone>
  <SubCatchment>
    <SubCatchmentParameters>
      <KSI>0.001</KSI>
      <KGmin>0.05</KGmin>
      <RangeKG>0.1</RangeKG>
      <AG>0.1</AG>
      <PERC>6.0349496355612189</PERC>
      <Alpha>0</Alpha>
      <UZL>73.5835641259088</UZL>
      <K0>0.14258444166593409</K0>
      <K1>0.76139867807522688</K1>
      <K2>0.14999966766000961</K2>
      <MAXBAS>1.3993814451821087</MAXBAS>
      <Cet>0</Cet>
      <PCALT>10</PCALT>
      <TCALT>0.6</TCALT>
      <Pelev>0</Pelev>
      <Telev>0</Telev>
      <PART>0.5</PART>
      <DELAY>1</DELAY>
    </SubCatchmentParameters>
    <SubCatchmentVegetationZone>
      <SubCatchmentVegetationZoneParameters>
        <TT>2.4153421808434108</TT>
        <CFMAX>0.509052459324543</CFMAX>
        <SP>0</SP>
        <SFCF>1.4999995763011691</SFCF>
        <CFR>0.083981238026803309</CFR>
        <CWH>0.10000003236609055</CWH>
        <CFGlacier>1</CFGlacier>
        <CFSlope>1</CFSlope>
        <FC>421.21515814148864</FC>
        <LP>0.88080540913179217</LP>
        <BETA>2.6528675626598339</BETA>
      </SubCatchmentVegetationZoneParameters>
    </SubCatchmentVegetationZone>
  </SubCatchment>
</Catchment>