<?xml version="1.0" encoding="utf-8"?>
<Catchment xmlns:xsi="http://www.w3.org/2001/XMLSchema-instance" xmlns:xsd="http://www.w3.org/2001/XMLSchema">
  <CatchmentParameters>
    <KSI>0.001</KSI>
    <KGmin>0.05</KGmin>
    <RangeKG>0.1</RangeKG>
    <AG>0.1</AG>
    <PERC>4.2267927244810135</PERC>
    <Alpha>0</Alpha>
    <UZL>58.102340302804372</UZL>
    <K0>0.50232325606862027</K0>
    <K1>0.589109659832508</K1>
    <K2>0.086698200637209261</K2>
    <MAXBAS>1</MAXBAS>
    <Cet>0</Cet>
    <PCALT>10</PCALT>
    <TCALT>0.6</TCALT>
    <Pelev>0</Pelev>
    <Telev>0</Telev>
    <PART>0.5</PART>
    <DELAY>1</DELAY>
  </CatchmentParameters>
  <VegetationZone>
    <VegetationZoneParameters>
      <TT>1.0109864982815142</TT>
      <CFMAX>0.56531507673860038</CFMAX>
      <SP>0</SP>
      <SFCF>1.4822955125656958</SFCF>
      <CFR>0.071645017174844255</CFR>
      <CWH>0.19998979878511791</CWH>
      <CFGlacier>1</CFGlacier>
      <CFSlope>1</CFSlope>
      <FC>529.44975047742014</FC>
      <LP>0.938719960712149</LP>
      <BETA>3.002079314062307</BETA>
    </VegetationZoneParameters>
  </VegetationZone>
  <SubCatchment>
    <SubCatchmentParameters>
      <KSI>0.001</KSI>
      <KGmin>0.05</KGmin>
      <RangeKG>0.1</RangeKG>
      <AG>0.1</AG>
      <PERC>4.2267927244810135</PERC>
      <Alpha>0</Alpha>
      <UZL>58.102340302804372</UZL>
      <K0>0.50232325606862027</K0>
      <K1>0.589109659832508</K1>
      <K2>0.086698200637209261</K2>
      <MAXBAS>1</MAXBAS>
      <Cet>0</Cet>
      <PCALT>10</PCALT>
      <TCALT>0.6</TCALT>
      <Pelev>0</Pelev>
      <Telev>0</Telev>
      <PART>0.5</PART>
      <DELAY>1</DELAY>
    </SubCatchmentParameters>
    <SubCatchmentVegetationZone>
      <SubCatchmentVegetationZoneParameters>
        <TT>1.0109864982815142</TT>
        <CFMAX>0.56531507673860038</CFMAX>
        <SP>0</SP>
        <SFCF>1.4822955125656958</SFCF>
        <CFR>0.071645017174844255</CFR>
        <CWH>0.19998979878511791</CWH>
        <CFGlacier>1</CFGlacier>
        <CFSlope>1</CFSlope>
        <FC>529.44975047742014</FC>
        <LP>0.938719960712149</LP>
        <BETA>3.002079314062307</BETA>
      </SubCatchmentVegetationZoneParameters>
    </SubCatchmentVegetationZone>
  </SubCatchment>
</Catchment>