<?xml version="1.0" encoding="utf-8"?>
<Catchment xmlns:xsi="http://www.w3.org/2001/XMLSchema-instance" xmlns:xsd="http://www.w3.org/2001/XMLSchema">
  <CatchmentParameters>
    <KSI>0.001</KSI>
    <KGmin>0.05</KGmin>
    <RangeKG>0.1</RangeKG>
    <AG>0.1</AG>
    <PERC>5.7465607126396483</PERC>
    <Alpha>0</Alpha>
    <UZL>72.672204517299107</UZL>
    <K0>0.20154315198137263</K0>
    <K1>0.44947178232825713</K1>
    <K2>0.0423791269813369</K2>
    <MAXBAS>1</MAXBAS>
    <Cet>0</Cet>
    <PCALT>10</PCALT>
    <TCALT>0.6</TCALT>
    <Pelev>0</Pelev>
    <Telev>0</Telev>
    <PART>0.5</PART>
    <DELAY>1</DELAY>
  </CatchmentParameters>
  <VegetationZone>
    <VegetationZoneParameters>
      <TT>-0.49388691553551295</TT>
      <CFMAX>2.3714709579186457</CFMAX>
      <SP>0</SP>
      <SFCF>0.87668787005232263</SFCF>
      <CFR>0.033386945327443608</CFR>
      <CWH>0.199536810737662</CWH>
      <CFGlacier>1</CFGlacier>
      <CFSlope>1</CFSlope>
      <FC>138.4424499553775</FC>
      <LP>0.48389426820523257</LP>
      <BETA>2.0427372263032741</BETA>
    </VegetationZoneParameters>
  </VegetationZone>
  <SubCatchment>
    <SubCatchmentParameters>
      <KSI>0.001</KSI>
      <KGmin>0.05</KGmin>
      <RangeKG>0.1</RangeKG>
      <AG>0.1</AG>
      <PERC>5.7465607126396483</PERC>
      <Alpha>0</Alpha>
      <UZL>72.672204517299107</UZL>
      <K0>0.20154315198137263</K0>
      <K1>0.44947178232825713</K1>
      <K2>0.0423791269813369</K2>
      <MAXBAS>1</MAXBAS>
      <Cet>0</Cet>
      <PCALT>10</PCALT>
      <TCALT>0.6</TCALT>
      <Pelev>0</Pelev>
      <Telev>0</Telev>
      <PART>0.5</PART>
      <DELAY>1</DELAY>
    </SubCatchmentParameters>
    <SubCatchmentVegetationZone>
      <SubCatchmentVegetationZoneParameters>
        <TT>-0.49388691553551295</TT>
        <CFMAX>2.3714709579186457</CFMAX>
        <SP>0</SP>
        <SFCF>0.87668787005232263</SFCF>
        <CFR>0.033386945327443608</CFR>
        <CWH>0.199536810737662</CWH>
        <CFGlacier>1</CFGlacier>
        <CFSlope>1</CFSlope>
        <FC>138.4424499553775</FC>
        <LP>0.48389426820523257</LP>
        <BETA>2.0427372263032741</BETA>
      </SubCatchmentVegetationZoneParameters>
    </SubCatchmentVegetationZone>
  </SubCatchment>
</Catchment>