<?xml version="1.0" encoding="utf-8"?>
<Catchment xmlns:xsi="http://www.w3.org/2001/XMLSchema-instance" xmlns:xsd="http://www.w3.org/2001/XMLSchema">
  <CatchmentParameters>
    <KSI>0.001</KSI>
    <KGmin>0.05</KGmin>
    <RangeKG>0.1</RangeKG>
    <AG>0.1</AG>
    <PERC>9.99997517827622</PERC>
    <Alpha>0</Alpha>
    <UZL>170.86754038140867</UZL>
    <K0>0.25166475982375586</K0>
    <K1>0.55228432399197658</K1>
    <K2>0.12196454125422694</K2>
    <MAXBAS>1.3050751981542215</MAXBAS>
    <Cet>0</Cet>
    <PCALT>10</PCALT>
    <TCALT>0.6</TCALT>
    <Pelev>0</Pelev>
    <Telev>0</Telev>
    <PART>0.5</PART>
    <DELAY>1</DELAY>
  </CatchmentParameters>
  <VegetationZone>
    <VegetationZoneParameters>
      <TT>1.2990661246448716</TT>
      <CFMAX>4.9995671290353929</CFMAX>
      <SP>0</SP>
      <SFCF>0.50000006952698139</SFCF>
      <CFR>0.039573120988381866</CFR>
      <CWH>0.10001671954354269</CWH>
      <CFGlacier>1</CFGlacier>
      <CFSlope>1</CFSlope>
      <FC>96.065392218395914</FC>
      <LP>0.3000000001997819</LP>
      <BETA>2.3853211459751202</BETA>
    </VegetationZoneParameters>
  </VegetationZone>
  <SubCatchment>
    <SubCatchmentParameters>
      <KSI>0.001</KSI>
      <KGmin>0.05</KGmin>
      <RangeKG>0.1</RangeKG>
      <AG>0.1</AG>
      <PERC>9.99997517827622</PERC>
      <Alpha>0</Alpha>
      <UZL>170.86754038140867</UZL>
      <K0>0.25166475982375586</K0>
      <K1>0.55228432399197658</K1>
      <K2>0.12196454125422694</K2>
      <MAXBAS>1.3050751981542215</MAXBAS>
      <Cet>0</Cet>
      <PCALT>10</PCALT>
      <TCALT>0.6</TCALT>
      <Pelev>0</Pelev>
      <Telev>0</Telev>
      <PART>0.5</PART>
      <DELAY>1</DELAY>
    </SubCatchmentParameters>
    <SubCatchmentVegetationZone>
      <SubCatchmentVegetationZoneParameters>
        <TT>1.2990661246448716</TT>
        <CFMAX>4.9995671290353929</CFMAX>
        <SP>0</SP>
        <SFCF>0.50000006952698139</SFCF>
        <CFR>0.039573120988381866</CFR>
        <CWH>0.10001671954354269</CWH>
        <CFGlacier>1</CFGlacier>
        <CFSlope>1</CFSlope>
        <FC>96.065392218395914</FC>
        <LP>0.3000000001997819</LP>
        <BETA>2.3853211459751202</BETA>
      </SubCatchmentVegetationZoneParameters>
    </SubCatchmentVegetationZone>
  </SubCatchment>
</Catchment>