<?xml version="1.0" encoding="utf-8"?>
<Catchment xmlns:xsi="http://www.w3.org/2001/XMLSchema-instance" xmlns:xsd="http://www.w3.org/2001/XMLSchema">
  <CatchmentParameters>
    <KSI>0.001</KSI>
    <KGmin>0.05</KGmin>
    <RangeKG>0.1</RangeKG>
    <AG>0.1</AG>
    <PERC>4.5236799432143648</PERC>
    <Alpha>0</Alpha>
    <UZL>39.951696148590912</UZL>
    <K0>0.37146165098612149</K0>
    <K1>0.6017337961475645</K1>
    <K2>0.076072531867473175</K2>
    <MAXBAS>1</MAXBAS>
    <Cet>0</Cet>
    <PCALT>10</PCALT>
    <TCALT>0.6</TCALT>
    <Pelev>0</Pelev>
    <Telev>0</Telev>
    <PART>0.5</PART>
    <DELAY>1</DELAY>
  </CatchmentParameters>
  <VegetationZone>
    <VegetationZoneParameters>
      <TT>2.3732809410961884</TT>
      <CFMAX>0.61841101682417476</CFMAX>
      <SP>0</SP>
      <SFCF>1.2363989640781383</SFCF>
      <CFR>0.060560253857420018</CFR>
      <CWH>0.13698071813911539</CWH>
      <CFGlacier>1</CFGlacier>
      <CFSlope>1</CFSlope>
      <FC>492.42711285110533</FC>
      <LP>0.97836853100948418</LP>
      <BETA>3.2979540100224223</BETA>
    </VegetationZoneParameters>
  </VegetationZone>
  <SubCatchment>
    <SubCatchmentParameters>
      <KSI>0.001</KSI>
      <KGmin>0.05</KGmin>
      <RangeKG>0.1</RangeKG>
      <AG>0.1</AG>
      <PERC>4.5236799432143648</PERC>
      <Alpha>0</Alpha>
      <UZL>39.951696148590912</UZL>
      <K0>0.37146165098612149</K0>
      <K1>0.6017337961475645</K1>
      <K2>0.076072531867473175</K2>
      <MAXBAS>1</MAXBAS>
      <Cet>0</Cet>
      <PCALT>10</PCALT>
      <TCALT>0.6</TCALT>
      <Pelev>0</Pelev>
      <Telev>0</Telev>
      <PART>0.5</PART>
      <DELAY>1</DELAY>
    </SubCatchmentParameters>
    <SubCatchmentVegetationZone>
      <SubCatchmentVegetationZoneParameters>
        <TT>2.3732809410961884</TT>
        <CFMAX>0.61841101682417476</CFMAX>
        <SP>0</SP>
        <SFCF>1.2363989640781383</SFCF>
        <CFR>0.060560253857420018</CFR>
        <CWH>0.13698071813911539</CWH>
        <CFGlacier>1</CFGlacier>
        <CFSlope>1</CFSlope>
        <FC>492.42711285110533</FC>
        <LP>0.97836853100948418</LP>
        <BETA>3.2979540100224223</BETA>
      </SubCatchmentVegetationZoneParameters>
    </SubCatchmentVegetationZone>
  </SubCatchment>
</Catchment>