<?xml version="1.0" encoding="utf-8"?>
<Catchment xmlns:xsi="http://www.w3.org/2001/XMLSchema-instance" xmlns:xsd="http://www.w3.org/2001/XMLSchema">
  <CatchmentParameters>
    <KSI>0.001</KSI>
    <KGmin>0.05</KGmin>
    <RangeKG>0.1</RangeKG>
    <AG>0.1</AG>
    <PERC>5.2845331597343579</PERC>
    <Alpha>0</Alpha>
    <UZL>182.7060447093854</UZL>
    <K0>0.28848640183120489</K0>
    <K1>0.76359950862755821</K1>
    <K2>0.1499999999822999</K2>
    <MAXBAS>1.400997788042319</MAXBAS>
    <Cet>0</Cet>
    <PCALT>10</PCALT>
    <TCALT>0.6</TCALT>
    <Pelev>0</Pelev>
    <Telev>0</Telev>
    <PART>0.5</PART>
    <DELAY>1</DELAY>
  </CatchmentParameters>
  <VegetationZone>
    <VegetationZoneParameters>
      <TT>2.4937778709662437</TT>
      <CFMAX>0.50957098379402832</CFMAX>
      <SP>0</SP>
      <SFCF>1.4999982079636076</SFCF>
      <CFR>0.046323883497232252</CFR>
      <CWH>0.10000216989673566</CWH>
      <CFGlacier>1</CFGlacier>
      <CFSlope>1</CFSlope>
      <FC>423.611846376378</FC>
      <LP>0.88363183859040006</LP>
      <BETA>2.9791466489516596</BETA>
    </VegetationZoneParameters>
  </VegetationZone>
  <SubCatchment>
    <SubCatchmentParameters>
      <KSI>0.001</KSI>
      <KGmin>0.05</KGmin>
      <RangeKG>0.1</RangeKG>
      <AG>0.1</AG>
      <PERC>5.2845331597343579</PERC>
      <Alpha>0</Alpha>
      <UZL>182.7060447093854</UZL>
      <K0>0.28848640183120489</K0>
      <K1>0.76359950862755821</K1>
      <K2>0.1499999999822999</K2>
      <MAXBAS>1.400997788042319</MAXBAS>
      <Cet>0</Cet>
      <PCALT>10</PCALT>
      <TCALT>0.6</TCALT>
      <Pelev>0</Pelev>
      <Telev>0</Telev>
      <PART>0.5</PART>
      <DELAY>1</DELAY>
    </SubCatchmentParameters>
    <SubCatchmentVegetationZone>
      <SubCatchmentVegetationZoneParameters>
        <TT>2.4937778709662437</TT>
        <CFMAX>0.50957098379402832</CFMAX>
        <SP>0</SP>
        <SFCF>1.4999982079636076</SFCF>
        <CFR>0.046323883497232252</CFR>
        <CWH>0.10000216989673566</CWH>
        <CFGlacier>1</CFGlacier>
        <CFSlope>1</CFSlope>
        <FC>423.611846376378</FC>
        <LP>0.88363183859040006</LP>
        <BETA>2.9791466489516596</BETA>
      </SubCatchmentVegetationZoneParameters>
    </SubCatchmentVegetationZone>
  </SubCatchment>
</Catchment>