<?xml version="1.0" encoding="utf-8"?>
<Catchment xmlns:xsi="http://www.w3.org/2001/XMLSchema-instance" xmlns:xsd="http://www.w3.org/2001/XMLSchema">
  <CatchmentParameters>
    <KSI>0.001</KSI>
    <KGmin>0.05</KGmin>
    <RangeKG>0.1</RangeKG>
    <AG>0.1</AG>
    <PERC>8.3827326491870018</PERC>
    <Alpha>0</Alpha>
    <UZL>8.3005117226982019</UZL>
    <K0>0.59547539872587107</K0>
    <K1>0.089206390124272492</K1>
    <K2>0.1238173673297529</K2>
    <MAXBAS>1.317695823232484</MAXBAS>
    <Cet>0</Cet>
    <PCALT>10</PCALT>
    <TCALT>0.6</TCALT>
    <Pelev>0</Pelev>
    <Telev>0</Telev>
    <PART>0.5</PART>
    <DELAY>1</DELAY>
  </CatchmentParameters>
  <VegetationZone>
    <VegetationZoneParameters>
      <TT>0.766376858910521</TT>
      <CFMAX>3.8588545022126759</CFMAX>
      <SP>0</SP>
      <SFCF>0.50084385808523513</SFCF>
      <CFR>0.065772436781955226</CFR>
      <CWH>0.10000016845193438</CWH>
      <CFGlacier>1</CFGlacier>
      <CFSlope>1</CFSlope>
      <FC>84.6803418733126</FC>
      <LP>0.32258201576619844</LP>
      <BETA>2.3496752037458069</BETA>
    </VegetationZoneParameters>
  </VegetationZone>
  <SubCatchment>
    <SubCatchmentParameters>
      <KSI>0.001</KSI>
      <KGmin>0.05</KGmin>
      <RangeKG>0.1</RangeKG>
      <AG>0.1</AG>
      <PERC>8.3827326491870018</PERC>
      <Alpha>0</Alpha>
      <UZL>8.3005117226982019</UZL>
      <K0>0.59547539872587107</K0>
      <K1>0.089206390124272492</K1>
      <K2>0.1238173673297529</K2>
      <MAXBAS>1.317695823232484</MAXBAS>
      <Cet>0</Cet>
      <PCALT>10</PCALT>
      <TCALT>0.6</TCALT>
      <Pelev>0</Pelev>
      <Telev>0</Telev>
      <PART>0.5</PART>
      <DELAY>1</DELAY>
    </SubCatchmentParameters>
    <SubCatchmentVegetationZone>
      <SubCatchmentVegetationZoneParameters>
        <TT>0.766376858910521</TT>
        <CFMAX>3.8588545022126759</CFMAX>
        <SP>0</SP>
        <SFCF>0.50084385808523513</SFCF>
        <CFR>0.065772436781955226</CFR>
        <CWH>0.10000016845193438</CWH>
        <CFGlacier>1</CFGlacier>
        <CFSlope>1</CFSlope>
        <FC>84.6803418733126</FC>
        <LP>0.32258201576619844</LP>
        <BETA>2.3496752037458069</BETA>
      </SubCatchmentVegetationZoneParameters>
    </SubCatchmentVegetationZone>
  </SubCatchment>
</Catchment>