<?xml version="1.0" encoding="utf-8"?>
<Catchment xmlns:xsi="http://www.w3.org/2001/XMLSchema-instance" xmlns:xsd="http://www.w3.org/2001/XMLSchema">
  <CatchmentParameters>
    <KSI>0.001</KSI>
    <KGmin>0.05</KGmin>
    <RangeKG>0.1</RangeKG>
    <AG>0.1</AG>
    <PERC>5.6508290237589653</PERC>
    <Alpha>0</Alpha>
    <UZL>7.90105015565842</UZL>
    <K0>0.989996146574531</K0>
    <K1>0.61524571060223887</K1>
    <K2>0.065063383893853952</K2>
    <MAXBAS>1</MAXBAS>
    <Cet>0</Cet>
    <PCALT>10</PCALT>
    <TCALT>0.6</TCALT>
    <Pelev>0</Pelev>
    <Telev>0</Telev>
    <PART>0.5</PART>
    <DELAY>1</DELAY>
  </CatchmentParameters>
  <VegetationZone>
    <VegetationZoneParameters>
      <TT>1.3531470133778722</TT>
      <CFMAX>1.5713277891703776</CFMAX>
      <SP>0</SP>
      <SFCF>0.50912338443278549</SFCF>
      <CFR>0.099601886896090688</CFR>
      <CWH>0.10001229181458911</CWH>
      <CFGlacier>1</CFGlacier>
      <CFSlope>1</CFSlope>
      <FC>1878.4559543812409</FC>
      <LP>0.87451388327561541</LP>
      <BETA>2.6212890644699378</BETA>
    </VegetationZoneParameters>
  </VegetationZone>
  <SubCatchment>
    <SubCatchmentParameters>
      <KSI>0.001</KSI>
      <KGmin>0.05</KGmin>
      <RangeKG>0.1</RangeKG>
      <AG>0.1</AG>
      <PERC>5.6508290237589653</PERC>
      <Alpha>0</Alpha>
      <UZL>7.90105015565842</UZL>
      <K0>0.989996146574531</K0>
      <K1>0.61524571060223887</K1>
      <K2>0.065063383893853952</K2>
      <MAXBAS>1</MAXBAS>
      <Cet>0</Cet>
      <PCALT>10</PCALT>
      <TCALT>0.6</TCALT>
      <Pelev>0</Pelev>
      <Telev>0</Telev>
      <PART>0.5</PART>
      <DELAY>1</DELAY>
    </SubCatchmentParameters>
    <SubCatchmentVegetationZone>
      <SubCatchmentVegetationZoneParameters>
        <TT>1.3531470133778722</TT>
        <CFMAX>1.5713277891703776</CFMAX>
        <SP>0</SP>
        <SFCF>0.50912338443278549</SFCF>
        <CFR>0.099601886896090688</CFR>
        <CWH>0.10001229181458911</CWH>
        <CFGlacier>1</CFGlacier>
        <CFSlope>1</CFSlope>
        <FC>1878.4559543812409</FC>
        <LP>0.87451388327561541</LP>
        <BETA>2.6212890644699378</BETA>
      </SubCatchmentVegetationZoneParameters>
    </SubCatchmentVegetationZone>
  </SubCatchment>
</Catchment>