<?xml version="1.0" encoding="utf-8"?>
<Catchment xmlns:xsi="http://www.w3.org/2001/XMLSchema-instance" xmlns:xsd="http://www.w3.org/2001/XMLSchema">
  <CatchmentParameters>
    <KSI>0.001</KSI>
    <KGmin>0.05</KGmin>
    <RangeKG>0.1</RangeKG>
    <AG>0.1</AG>
    <PERC>9.9999881017888317</PERC>
    <Alpha>0</Alpha>
    <UZL>92.165771605196952</UZL>
    <K0>0.41002359860958154</K0>
    <K1>0.48297487266239753</K1>
    <K2>0.11667032925617128</K2>
    <MAXBAS>1.1790343007594584</MAXBAS>
    <Cet>0</Cet>
    <PCALT>10</PCALT>
    <TCALT>0.6</TCALT>
    <Pelev>0</Pelev>
    <Telev>0</Telev>
    <PART>0.5</PART>
    <DELAY>1</DELAY>
  </CatchmentParameters>
  <VegetationZone>
    <VegetationZoneParameters>
      <TT>1.2989346803991779</TT>
      <CFMAX>4.9983085617048806</CFMAX>
      <SP>0</SP>
      <SFCF>0.50000031434593861</SFCF>
      <CFR>0.062704989725632237</CFR>
      <CWH>0.10000000318039136</CWH>
      <CFGlacier>1</CFGlacier>
      <CFSlope>1</CFSlope>
      <FC>88.128772453425455</FC>
      <LP>0.30000853788674475</LP>
      <BETA>2.4950922260778561</BETA>
    </VegetationZoneParameters>
  </VegetationZone>
  <SubCatchment>
    <SubCatchmentParameters>
      <KSI>0.001</KSI>
      <KGmin>0.05</KGmin>
      <RangeKG>0.1</RangeKG>
      <AG>0.1</AG>
      <PERC>9.9999881017888317</PERC>
      <Alpha>0</Alpha>
      <UZL>92.165771605196952</UZL>
      <K0>0.41002359860958154</K0>
      <K1>0.48297487266239753</K1>
      <K2>0.11667032925617128</K2>
      <MAXBAS>1.1790343007594584</MAXBAS>
      <Cet>0</Cet>
      <PCALT>10</PCALT>
      <TCALT>0.6</TCALT>
      <Pelev>0</Pelev>
      <Telev>0</Telev>
      <PART>0.5</PART>
      <DELAY>1</DELAY>
    </SubCatchmentParameters>
    <SubCatchmentVegetationZone>
      <SubCatchmentVegetationZoneParameters>
        <TT>1.2989346803991779</TT>
        <CFMAX>4.9983085617048806</CFMAX>
        <SP>0</SP>
        <SFCF>0.50000031434593861</SFCF>
        <CFR>0.062704989725632237</CFR>
        <CWH>0.10000000318039136</CWH>
        <CFGlacier>1</CFGlacier>
        <CFSlope>1</CFSlope>
        <FC>88.128772453425455</FC>
        <LP>0.30000853788674475</LP>
        <BETA>2.4950922260778561</BETA>
      </SubCatchmentVegetationZoneParameters>
    </SubCatchmentVegetationZone>
  </SubCatchment>
</Catchment>