<?xml version="1.0" encoding="utf-8"?>
<Catchment xmlns:xsi="http://www.w3.org/2001/XMLSchema-instance" xmlns:xsd="http://www.w3.org/2001/XMLSchema">
  <CatchmentParameters>
    <KSI>0.001</KSI>
    <KGmin>0.05</KGmin>
    <RangeKG>0.1</RangeKG>
    <AG>0.1</AG>
    <PERC>6.1005881735723344</PERC>
    <Alpha>0</Alpha>
    <UZL>134.10432058844557</UZL>
    <K0>0.29158614081903061</K0>
    <K1>0.79497783088261975</K1>
    <K2>0.14999958163106791</K2>
    <MAXBAS>1.4293944003226788</MAXBAS>
    <Cet>0</Cet>
    <PCALT>10</PCALT>
    <TCALT>0.6</TCALT>
    <Pelev>0</Pelev>
    <Telev>0</Telev>
    <PART>0.5</PART>
    <DELAY>1</DELAY>
  </CatchmentParameters>
  <VegetationZone>
    <VegetationZoneParameters>
      <TT>2.4642546085085306</TT>
      <CFMAX>0.503463826128607</CFMAX>
      <SP>0</SP>
      <SFCF>1.4999985781470107</SFCF>
      <CFR>0.042615768654405965</CFR>
      <CWH>0.10000045482136312</CWH>
      <CFGlacier>1</CFGlacier>
      <CFSlope>1</CFSlope>
      <FC>421.94918451533772</FC>
      <LP>0.87785257907618452</LP>
      <BETA>2.6614865141132729</BETA>
    </VegetationZoneParameters>
  </VegetationZone>
  <SubCatchment>
    <SubCatchmentParameters>
      <KSI>0.001</KSI>
      <KGmin>0.05</KGmin>
      <RangeKG>0.1</RangeKG>
      <AG>0.1</AG>
      <PERC>6.1005881735723344</PERC>
      <Alpha>0</Alpha>
      <UZL>134.10432058844557</UZL>
      <K0>0.29158614081903061</K0>
      <K1>0.79497783088261975</K1>
      <K2>0.14999958163106791</K2>
      <MAXBAS>1.4293944003226788</MAXBAS>
      <Cet>0</Cet>
      <PCALT>10</PCALT>
      <TCALT>0.6</TCALT>
      <Pelev>0</Pelev>
      <Telev>0</Telev>
      <PART>0.5</PART>
      <DELAY>1</DELAY>
    </SubCatchmentParameters>
    <SubCatchmentVegetationZone>
      <SubCatchmentVegetationZoneParameters>
        <TT>2.4642546085085306</TT>
        <CFMAX>0.503463826128607</CFMAX>
        <SP>0</SP>
        <SFCF>1.4999985781470107</SFCF>
        <CFR>0.042615768654405965</CFR>
        <CWH>0.10000045482136312</CWH>
        <CFGlacier>1</CFGlacier>
        <CFSlope>1</CFSlope>
        <FC>421.94918451533772</FC>
        <LP>0.87785257907618452</LP>
        <BETA>2.6614865141132729</BETA>
      </SubCatchmentVegetationZoneParameters>
    </SubCatchmentVegetationZone>
  </SubCatchment>
</Catchment>