<?xml version="1.0" encoding="utf-8"?>
<Catchment xmlns:xsi="http://www.w3.org/2001/XMLSchema-instance" xmlns:xsd="http://www.w3.org/2001/XMLSchema">
  <CatchmentParameters>
    <KSI>0.001</KSI>
    <KGmin>0.05</KGmin>
    <RangeKG>0.1</RangeKG>
    <AG>0.1</AG>
    <PERC>4.4351425321115174</PERC>
    <Alpha>0</Alpha>
    <UZL>36.548552581144996</UZL>
    <K0>0.77803071989560668</K0>
    <K1>0.55758997701771273</K1>
    <K2>0.0735949237384882</K2>
    <MAXBAS>1</MAXBAS>
    <Cet>0</Cet>
    <PCALT>10</PCALT>
    <TCALT>0.6</TCALT>
    <Pelev>0</Pelev>
    <Telev>0</Telev>
    <PART>0.5</PART>
    <DELAY>1</DELAY>
  </CatchmentParameters>
  <VegetationZone>
    <VegetationZoneParameters>
      <TT>1.7644965720882375</TT>
      <CFMAX>0.50027364703841626</CFMAX>
      <SP>0</SP>
      <SFCF>1.0981485793754287</SFCF>
      <CFR>0.099998062605554786</CFR>
      <CWH>0.19999818058967739</CWH>
      <CFGlacier>1</CFGlacier>
      <CFSlope>1</CFSlope>
      <FC>399.6967482704606</FC>
      <LP>0.73714780899905918</LP>
      <BETA>2.1442023609086176</BETA>
    </VegetationZoneParameters>
  </VegetationZone>
  <SubCatchment>
    <SubCatchmentParameters>
      <KSI>0.001</KSI>
      <KGmin>0.05</KGmin>
      <RangeKG>0.1</RangeKG>
      <AG>0.1</AG>
      <PERC>4.4351425321115174</PERC>
      <Alpha>0</Alpha>
      <UZL>36.548552581144996</UZL>
      <K0>0.77803071989560668</K0>
      <K1>0.55758997701771273</K1>
      <K2>0.0735949237384882</K2>
      <MAXBAS>1</MAXBAS>
      <Cet>0</Cet>
      <PCALT>10</PCALT>
      <TCALT>0.6</TCALT>
      <Pelev>0</Pelev>
      <Telev>0</Telev>
      <PART>0.5</PART>
      <DELAY>1</DELAY>
    </SubCatchmentParameters>
    <SubCatchmentVegetationZone>
      <SubCatchmentVegetationZoneParameters>
        <TT>1.7644965720882375</TT>
        <CFMAX>0.50027364703841626</CFMAX>
        <SP>0</SP>
        <SFCF>1.0981485793754287</SFCF>
        <CFR>0.099998062605554786</CFR>
        <CWH>0.19999818058967739</CWH>
        <CFGlacier>1</CFGlacier>
        <CFSlope>1</CFSlope>
        <FC>399.6967482704606</FC>
        <LP>0.73714780899905918</LP>
        <BETA>2.1442023609086176</BETA>
      </SubCatchmentVegetationZoneParameters>
    </SubCatchmentVegetationZone>
  </SubCatchment>
</Catchment>