<?xml version="1.0" encoding="utf-8"?>
<Catchment xmlns:xsi="http://www.w3.org/2001/XMLSchema-instance" xmlns:xsd="http://www.w3.org/2001/XMLSchema">
  <CatchmentParameters>
    <KSI>0.001</KSI>
    <KGmin>0.05</KGmin>
    <RangeKG>0.1</RangeKG>
    <AG>0.1</AG>
    <PERC>4.6560327453131993</PERC>
    <Alpha>0</Alpha>
    <UZL>198.00782440682687</UZL>
    <K0>0.34177867424795222</K0>
    <K1>0.56900588268888808</K1>
    <K2>0.0810636682863335</K2>
    <MAXBAS>1</MAXBAS>
    <Cet>0</Cet>
    <PCALT>10</PCALT>
    <TCALT>0.6</TCALT>
    <Pelev>0</Pelev>
    <Telev>0</Telev>
    <PART>0.5</PART>
    <DELAY>1</DELAY>
  </CatchmentParameters>
  <VegetationZone>
    <VegetationZoneParameters>
      <TT>1.3692619650593405</TT>
      <CFMAX>0.50106063059519246</CFMAX>
      <SP>0</SP>
      <SFCF>1.3661072125442229</SFCF>
      <CFR>0.044311246926754914</CFR>
      <CWH>0.10000058680068324</CWH>
      <CFGlacier>1</CFGlacier>
      <CFSlope>1</CFSlope>
      <FC>354.18942457834038</FC>
      <LP>0.82896942657026351</LP>
      <BETA>2.6695367186863463</BETA>
    </VegetationZoneParameters>
  </VegetationZone>
  <SubCatchment>
    <SubCatchmentParameters>
      <KSI>0.001</KSI>
      <KGmin>0.05</KGmin>
      <RangeKG>0.1</RangeKG>
      <AG>0.1</AG>
      <PERC>4.6560327453131993</PERC>
      <Alpha>0</Alpha>
      <UZL>198.00782440682687</UZL>
      <K0>0.34177867424795222</K0>
      <K1>0.56900588268888808</K1>
      <K2>0.0810636682863335</K2>
      <MAXBAS>1</MAXBAS>
      <Cet>0</Cet>
      <PCALT>10</PCALT>
      <TCALT>0.6</TCALT>
      <Pelev>0</Pelev>
      <Telev>0</Telev>
      <PART>0.5</PART>
      <DELAY>1</DELAY>
    </SubCatchmentParameters>
    <SubCatchmentVegetationZone>
      <SubCatchmentVegetationZoneParameters>
        <TT>1.3692619650593405</TT>
        <CFMAX>0.50106063059519246</CFMAX>
        <SP>0</SP>
        <SFCF>1.3661072125442229</SFCF>
        <CFR>0.044311246926754914</CFR>
        <CWH>0.10000058680068324</CWH>
        <CFGlacier>1</CFGlacier>
        <CFSlope>1</CFSlope>
        <FC>354.18942457834038</FC>
        <LP>0.82896942657026351</LP>
        <BETA>2.6695367186863463</BETA>
      </SubCatchmentVegetationZoneParameters>
    </SubCatchmentVegetationZone>
  </SubCatchment>
</Catchment>