<?xml version="1.0" encoding="utf-8"?>
<Catchment xmlns:xsi="http://www.w3.org/2001/XMLSchema-instance" xmlns:xsd="http://www.w3.org/2001/XMLSchema">
  <CatchmentParameters>
    <KSI>0.001</KSI>
    <KGmin>0.05</KGmin>
    <RangeKG>0.1</RangeKG>
    <AG>0.1</AG>
    <PERC>6.2665296461934705</PERC>
    <Alpha>0</Alpha>
    <UZL>112.25538760480826</UZL>
    <K0>0.42932209335692489</K0>
    <K1>0.79999485293481565</K1>
    <K2>0.14999984465426086</K2>
    <MAXBAS>1.4283016048371386</MAXBAS>
    <Cet>0</Cet>
    <PCALT>10</PCALT>
    <TCALT>0.6</TCALT>
    <Pelev>0</Pelev>
    <Telev>0</Telev>
    <PART>0.5</PART>
    <DELAY>1</DELAY>
  </CatchmentParameters>
  <VegetationZone>
    <VegetationZoneParameters>
      <TT>2.4992491503953174</TT>
      <CFMAX>0.50963254197832641</CFMAX>
      <SP>0</SP>
      <SFCF>1.4999986931732816</SFCF>
      <CFR>0.045313978871468451</CFR>
      <CWH>0.10000064082487968</CWH>
      <CFGlacier>1</CFGlacier>
      <CFSlope>1</CFSlope>
      <FC>437.66330790420562</FC>
      <LP>0.84708049731433332</LP>
      <BETA>2.3359725665661166</BETA>
    </VegetationZoneParameters>
  </VegetationZone>
  <SubCatchment>
    <SubCatchmentParameters>
      <KSI>0.001</KSI>
      <KGmin>0.05</KGmin>
      <RangeKG>0.1</RangeKG>
      <AG>0.1</AG>
      <PERC>6.2665296461934705</PERC>
      <Alpha>0</Alpha>
      <UZL>112.25538760480826</UZL>
      <K0>0.42932209335692489</K0>
      <K1>0.79999485293481565</K1>
      <K2>0.14999984465426086</K2>
      <MAXBAS>1.4283016048371386</MAXBAS>
      <Cet>0</Cet>
      <PCALT>10</PCALT>
      <TCALT>0.6</TCALT>
      <Pelev>0</Pelev>
      <Telev>0</Telev>
      <PART>0.5</PART>
      <DELAY>1</DELAY>
    </SubCatchmentParameters>
    <SubCatchmentVegetationZone>
      <SubCatchmentVegetationZoneParameters>
        <TT>2.4992491503953174</TT>
        <CFMAX>0.50963254197832641</CFMAX>
        <SP>0</SP>
        <SFCF>1.4999986931732816</SFCF>
        <CFR>0.045313978871468451</CFR>
        <CWH>0.10000064082487968</CWH>
        <CFGlacier>1</CFGlacier>
        <CFSlope>1</CFSlope>
        <FC>437.66330790420562</FC>
        <LP>0.84708049731433332</LP>
        <BETA>2.3359725665661166</BETA>
      </SubCatchmentVegetationZoneParameters>
    </SubCatchmentVegetationZone>
  </SubCatchment>
</Catchment>