<?xml version="1.0" encoding="utf-8"?>
<Catchment xmlns:xsi="http://www.w3.org/2001/XMLSchema-instance" xmlns:xsd="http://www.w3.org/2001/XMLSchema">
  <CatchmentParameters>
    <KSI>0.001</KSI>
    <KGmin>0.05</KGmin>
    <RangeKG>0.1</RangeKG>
    <AG>0.1</AG>
    <PERC>4.8391396549579415</PERC>
    <Alpha>0</Alpha>
    <UZL>69.669318930363858</UZL>
    <K0>0.37972786139160658</K0>
    <K1>0.6502750048264595</K1>
    <K2>0.068598583517365738</K2>
    <MAXBAS>1</MAXBAS>
    <Cet>0</Cet>
    <PCALT>10</PCALT>
    <TCALT>0.6</TCALT>
    <Pelev>0</Pelev>
    <Telev>0</Telev>
    <PART>0.5</PART>
    <DELAY>1</DELAY>
  </CatchmentParameters>
  <VegetationZone>
    <VegetationZoneParameters>
      <TT>-0.86143634262029734</TT>
      <CFMAX>0.564325358791313</CFMAX>
      <SP>0</SP>
      <SFCF>1.2938178214924199</SFCF>
      <CFR>0.099923059308554427</CFR>
      <CWH>0.11024704716806516</CWH>
      <CFGlacier>1</CFGlacier>
      <CFSlope>1</CFSlope>
      <FC>1946.6835523213445</FC>
      <LP>0.86341700514104736</LP>
      <BETA>2.7879162908728854</BETA>
    </VegetationZoneParameters>
  </VegetationZone>
  <SubCatchment>
    <SubCatchmentParameters>
      <KSI>0.001</KSI>
      <KGmin>0.05</KGmin>
      <RangeKG>0.1</RangeKG>
      <AG>0.1</AG>
      <PERC>4.8391396549579415</PERC>
      <Alpha>0</Alpha>
      <UZL>69.669318930363858</UZL>
      <K0>0.37972786139160658</K0>
      <K1>0.6502750048264595</K1>
      <K2>0.068598583517365738</K2>
      <MAXBAS>1</MAXBAS>
      <Cet>0</Cet>
      <PCALT>10</PCALT>
      <TCALT>0.6</TCALT>
      <Pelev>0</Pelev>
      <Telev>0</Telev>
      <PART>0.5</PART>
      <DELAY>1</DELAY>
    </SubCatchmentParameters>
    <SubCatchmentVegetationZone>
      <SubCatchmentVegetationZoneParameters>
        <TT>-0.86143634262029734</TT>
        <CFMAX>0.564325358791313</CFMAX>
        <SP>0</SP>
        <SFCF>1.2938178214924199</SFCF>
        <CFR>0.099923059308554427</CFR>
        <CWH>0.11024704716806516</CWH>
        <CFGlacier>1</CFGlacier>
        <CFSlope>1</CFSlope>
        <FC>1946.6835523213445</FC>
        <LP>0.86341700514104736</LP>
        <BETA>2.7879162908728854</BETA>
      </SubCatchmentVegetationZoneParameters>
    </SubCatchmentVegetationZone>
  </SubCatchment>
</Catchment>