<?xml version="1.0" encoding="utf-8"?>
<Catchment xmlns:xsi="http://www.w3.org/2001/XMLSchema-instance" xmlns:xsd="http://www.w3.org/2001/XMLSchema">
  <CatchmentParameters>
    <KSI>0.001</KSI>
    <KGmin>0.05</KGmin>
    <RangeKG>0.1</RangeKG>
    <AG>0.1</AG>
    <PERC>5.194441900446308</PERC>
    <Alpha>0</Alpha>
    <UZL>112.63407157845458</UZL>
    <K0>0.578700698703686</K0>
    <K1>0.79172760465915115</K1>
    <K2>0.14999993068849082</K2>
    <MAXBAS>1.421773109009896</MAXBAS>
    <Cet>0</Cet>
    <PCALT>10</PCALT>
    <TCALT>0.6</TCALT>
    <Pelev>0</Pelev>
    <Telev>0</Telev>
    <PART>0.5</PART>
    <DELAY>1</DELAY>
  </CatchmentParameters>
  <VegetationZone>
    <VegetationZoneParameters>
      <TT>2.349178893577557</TT>
      <CFMAX>0.50078373273234422</CFMAX>
      <SP>0</SP>
      <SFCF>1.4999992545085694</SFCF>
      <CFR>0.020346171316712243</CFR>
      <CWH>0.10000264565871291</CWH>
      <CFGlacier>1</CFGlacier>
      <CFSlope>1</CFSlope>
      <FC>426.18015113204154</FC>
      <LP>0.93998397142901424</LP>
      <BETA>3.3374362915401461</BETA>
    </VegetationZoneParameters>
  </VegetationZone>
  <SubCatchment>
    <SubCatchmentParameters>
      <KSI>0.001</KSI>
      <KGmin>0.05</KGmin>
      <RangeKG>0.1</RangeKG>
      <AG>0.1</AG>
      <PERC>5.194441900446308</PERC>
      <Alpha>0</Alpha>
      <UZL>112.63407157845458</UZL>
      <K0>0.578700698703686</K0>
      <K1>0.79172760465915115</K1>
      <K2>0.14999993068849082</K2>
      <MAXBAS>1.421773109009896</MAXBAS>
      <Cet>0</Cet>
      <PCALT>10</PCALT>
      <TCALT>0.6</TCALT>
      <Pelev>0</Pelev>
      <Telev>0</Telev>
      <PART>0.5</PART>
      <DELAY>1</DELAY>
    </SubCatchmentParameters>
    <SubCatchmentVegetationZone>
      <SubCatchmentVegetationZoneParameters>
        <TT>2.349178893577557</TT>
        <CFMAX>0.50078373273234422</CFMAX>
        <SP>0</SP>
        <SFCF>1.4999992545085694</SFCF>
        <CFR>0.020346171316712243</CFR>
        <CWH>0.10000264565871291</CWH>
        <CFGlacier>1</CFGlacier>
        <CFSlope>1</CFSlope>
        <FC>426.18015113204154</FC>
        <LP>0.93998397142901424</LP>
        <BETA>3.3374362915401461</BETA>
      </SubCatchmentVegetationZoneParameters>
    </SubCatchmentVegetationZone>
  </SubCatchment>
</Catchment>