<?xml version="1.0" encoding="utf-8"?>
<Catchment xmlns:xsi="http://www.w3.org/2001/XMLSchema-instance" xmlns:xsd="http://www.w3.org/2001/XMLSchema">
  <CatchmentParameters>
    <KSI>0.001</KSI>
    <KGmin>0.05</KGmin>
    <RangeKG>0.1</RangeKG>
    <AG>0.1</AG>
    <PERC>5.0823641926460867</PERC>
    <Alpha>0</Alpha>
    <UZL>25.465272176153221</UZL>
    <K0>0.98999774435032661</K0>
    <K1>0.35797252303397864</K1>
    <K2>0.038816844372671265</K2>
    <MAXBAS>1</MAXBAS>
    <Cet>0</Cet>
    <PCALT>10</PCALT>
    <TCALT>0.6</TCALT>
    <Pelev>0</Pelev>
    <Telev>0</Telev>
    <PART>0.5</PART>
    <DELAY>1</DELAY>
  </CatchmentParameters>
  <VegetationZone>
    <VegetationZoneParameters>
      <TT>-0.62473166768142341</TT>
      <CFMAX>3.5654605360912761</CFMAX>
      <SP>0</SP>
      <SFCF>0.97535380552823414</SFCF>
      <CFR>0.039922435555507722</CFR>
      <CWH>0.19980476374444695</CWH>
      <CFGlacier>1</CFGlacier>
      <CFSlope>1</CFSlope>
      <FC>119.61432248816125</FC>
      <LP>0.38561305706840837</LP>
      <BETA>2.0044925882883371</BETA>
    </VegetationZoneParameters>
  </VegetationZone>
  <SubCatchment>
    <SubCatchmentParameters>
      <KSI>0.001</KSI>
      <KGmin>0.05</KGmin>
      <RangeKG>0.1</RangeKG>
      <AG>0.1</AG>
      <PERC>5.0823641926460867</PERC>
      <Alpha>0</Alpha>
      <UZL>25.465272176153221</UZL>
      <K0>0.98999774435032661</K0>
      <K1>0.35797252303397864</K1>
      <K2>0.038816844372671265</K2>
      <MAXBAS>1</MAXBAS>
      <Cet>0</Cet>
      <PCALT>10</PCALT>
      <TCALT>0.6</TCALT>
      <Pelev>0</Pelev>
      <Telev>0</Telev>
      <PART>0.5</PART>
      <DELAY>1</DELAY>
    </SubCatchmentParameters>
    <SubCatchmentVegetationZone>
      <SubCatchmentVegetationZoneParameters>
        <TT>-0.62473166768142341</TT>
        <CFMAX>3.5654605360912761</CFMAX>
        <SP>0</SP>
        <SFCF>0.97535380552823414</SFCF>
        <CFR>0.039922435555507722</CFR>
        <CWH>0.19980476374444695</CWH>
        <CFGlacier>1</CFGlacier>
        <CFSlope>1</CFSlope>
        <FC>119.61432248816125</FC>
        <LP>0.38561305706840837</LP>
        <BETA>2.0044925882883371</BETA>
      </SubCatchmentVegetationZoneParameters>
    </SubCatchmentVegetationZone>
  </SubCatchment>
</Catchment>