<?xml version="1.0" encoding="utf-8"?>
<Catchment xmlns:xsi="http://www.w3.org/2001/XMLSchema-instance" xmlns:xsd="http://www.w3.org/2001/XMLSchema">
  <CatchmentParameters>
    <KSI>0.001</KSI>
    <KGmin>0.05</KGmin>
    <RangeKG>0.1</RangeKG>
    <AG>0.1</AG>
    <PERC>8.6073944967591611</PERC>
    <Alpha>0</Alpha>
    <UZL>26.341081396333518</UZL>
    <K0>0.9899979323574235</K0>
    <K1>0.37919526417102889</K1>
    <K2>0.12917817340574742</K2>
    <MAXBAS>1.0951200711973923</MAXBAS>
    <Cet>0</Cet>
    <PCALT>10</PCALT>
    <TCALT>0.6</TCALT>
    <Pelev>0</Pelev>
    <Telev>0</Telev>
    <PART>0.5</PART>
    <DELAY>1</DELAY>
  </CatchmentParameters>
  <VegetationZone>
    <VegetationZoneParameters>
      <TT>1.2673687166297503</TT>
      <CFMAX>4.3470953465167685</CFMAX>
      <SP>0</SP>
      <SFCF>0.50018791534178264</SFCF>
      <CFR>0.0518515988019163</CFR>
      <CWH>0.10001077306861467</CWH>
      <CFGlacier>1</CFGlacier>
      <CFSlope>1</CFSlope>
      <FC>94.877869005329458</FC>
      <LP>0.30000000000235638</LP>
      <BETA>2.3179399747267544</BETA>
    </VegetationZoneParameters>
  </VegetationZone>
  <SubCatchment>
    <SubCatchmentParameters>
      <KSI>0.001</KSI>
      <KGmin>0.05</KGmin>
      <RangeKG>0.1</RangeKG>
      <AG>0.1</AG>
      <PERC>8.6073944967591611</PERC>
      <Alpha>0</Alpha>
      <UZL>26.341081396333518</UZL>
      <K0>0.9899979323574235</K0>
      <K1>0.37919526417102889</K1>
      <K2>0.12917817340574742</K2>
      <MAXBAS>1.0951200711973923</MAXBAS>
      <Cet>0</Cet>
      <PCALT>10</PCALT>
      <TCALT>0.6</TCALT>
      <Pelev>0</Pelev>
      <Telev>0</Telev>
      <PART>0.5</PART>
      <DELAY>1</DELAY>
    </SubCatchmentParameters>
    <SubCatchmentVegetationZone>
      <SubCatchmentVegetationZoneParameters>
        <TT>1.2673687166297503</TT>
        <CFMAX>4.3470953465167685</CFMAX>
        <SP>0</SP>
        <SFCF>0.50018791534178264</SFCF>
        <CFR>0.0518515988019163</CFR>
        <CWH>0.10001077306861467</CWH>
        <CFGlacier>1</CFGlacier>
        <CFSlope>1</CFSlope>
        <FC>94.877869005329458</FC>
        <LP>0.30000000000235638</LP>
        <BETA>2.3179399747267544</BETA>
      </SubCatchmentVegetationZoneParameters>
    </SubCatchmentVegetationZone>
  </SubCatchment>
</Catchment>