<?xml version="1.0" encoding="utf-8"?>
<Catchment xmlns:xsi="http://www.w3.org/2001/XMLSchema-instance" xmlns:xsd="http://www.w3.org/2001/XMLSchema">
  <CatchmentParameters>
    <KSI>0.001</KSI>
    <KGmin>0.05</KGmin>
    <RangeKG>0.1</RangeKG>
    <AG>0.1</AG>
    <PERC>5.5427098369711718</PERC>
    <Alpha>0</Alpha>
    <UZL>153.00403801634633</UZL>
    <K0>0.2851367674950272</K0>
    <K1>0.7827407707521572</K1>
    <K2>0.069365773694113841</K2>
    <MAXBAS>1</MAXBAS>
    <Cet>0</Cet>
    <PCALT>10</PCALT>
    <TCALT>0.6</TCALT>
    <Pelev>0</Pelev>
    <Telev>0</Telev>
    <PART>0.5</PART>
    <DELAY>1</DELAY>
  </CatchmentParameters>
  <VegetationZone>
    <VegetationZoneParameters>
      <TT>1.0707815034539032</TT>
      <CFMAX>0.5001455391880123</CFMAX>
      <SP>0</SP>
      <SFCF>0.94230472330615722</SFCF>
      <CFR>0.097861576486040408</CFR>
      <CWH>0.19999752143636912</CWH>
      <CFGlacier>1</CFGlacier>
      <CFSlope>1</CFSlope>
      <FC>1885.5951237451579</FC>
      <LP>0.92406536284153473</LP>
      <BETA>3.1310188546230857</BETA>
    </VegetationZoneParameters>
  </VegetationZone>
  <SubCatchment>
    <SubCatchmentParameters>
      <KSI>0.001</KSI>
      <KGmin>0.05</KGmin>
      <RangeKG>0.1</RangeKG>
      <AG>0.1</AG>
      <PERC>5.5427098369711718</PERC>
      <Alpha>0</Alpha>
      <UZL>153.00403801634633</UZL>
      <K0>0.2851367674950272</K0>
      <K1>0.7827407707521572</K1>
      <K2>0.069365773694113841</K2>
      <MAXBAS>1</MAXBAS>
      <Cet>0</Cet>
      <PCALT>10</PCALT>
      <TCALT>0.6</TCALT>
      <Pelev>0</Pelev>
      <Telev>0</Telev>
      <PART>0.5</PART>
      <DELAY>1</DELAY>
    </SubCatchmentParameters>
    <SubCatchmentVegetationZone>
      <SubCatchmentVegetationZoneParameters>
        <TT>1.0707815034539032</TT>
        <CFMAX>0.5001455391880123</CFMAX>
        <SP>0</SP>
        <SFCF>0.94230472330615722</SFCF>
        <CFR>0.097861576486040408</CFR>
        <CWH>0.19999752143636912</CWH>
        <CFGlacier>1</CFGlacier>
        <CFSlope>1</CFSlope>
        <FC>1885.5951237451579</FC>
        <LP>0.92406536284153473</LP>
        <BETA>3.1310188546230857</BETA>
      </SubCatchmentVegetationZoneParameters>
    </SubCatchmentVegetationZone>
  </SubCatchment>
</Catchment>