<?xml version="1.0" encoding="utf-8"?>
<Catchment xmlns:xsi="http://www.w3.org/2001/XMLSchema-instance" xmlns:xsd="http://www.w3.org/2001/XMLSchema">
  <CatchmentParameters>
    <KSI>0.001</KSI>
    <KGmin>0.05</KGmin>
    <RangeKG>0.1</RangeKG>
    <AG>0.1</AG>
    <PERC>3.8129547340184327</PERC>
    <Alpha>0</Alpha>
    <UZL>26.723822885702628</UZL>
    <K0>0.98999858570247412</K0>
    <K1>0.13221543481008741</K1>
    <K2>0.05121971193574279</K2>
    <MAXBAS>1.4188832037499835</MAXBAS>
    <Cet>0</Cet>
    <PCALT>10</PCALT>
    <TCALT>0.6</TCALT>
    <Pelev>0</Pelev>
    <Telev>0</Telev>
    <PART>0.5</PART>
    <DELAY>1</DELAY>
  </CatchmentParameters>
  <VegetationZone>
    <VegetationZoneParameters>
      <TT>-2.1166123898704465</TT>
      <CFMAX>4.3796068007085491</CFMAX>
      <SP>0</SP>
      <SFCF>0.50000017742157443</SFCF>
      <CFR>0.052783648401076431</CFR>
      <CWH>0.16975894647774364</CWH>
      <CFGlacier>1</CFGlacier>
      <CFSlope>1</CFSlope>
      <FC>76.867688880077964</FC>
      <LP>0.30000006655420863</LP>
      <BETA>2.2773105911974061</BETA>
    </VegetationZoneParameters>
  </VegetationZone>
  <SubCatchment>
    <SubCatchmentParameters>
      <KSI>0.001</KSI>
      <KGmin>0.05</KGmin>
      <RangeKG>0.1</RangeKG>
      <AG>0.1</AG>
      <PERC>3.8129547340184327</PERC>
      <Alpha>0</Alpha>
      <UZL>26.723822885702628</UZL>
      <K0>0.98999858570247412</K0>
      <K1>0.13221543481008741</K1>
      <K2>0.05121971193574279</K2>
      <MAXBAS>1.4188832037499835</MAXBAS>
      <Cet>0</Cet>
      <PCALT>10</PCALT>
      <TCALT>0.6</TCALT>
      <Pelev>0</Pelev>
      <Telev>0</Telev>
      <PART>0.5</PART>
      <DELAY>1</DELAY>
    </SubCatchmentParameters>
    <SubCatchmentVegetationZone>
      <SubCatchmentVegetationZoneParameters>
        <TT>-2.1166123898704465</TT>
        <CFMAX>4.3796068007085491</CFMAX>
        <SP>0</SP>
        <SFCF>0.50000017742157443</SFCF>
        <CFR>0.052783648401076431</CFR>
        <CWH>0.16975894647774364</CWH>
        <CFGlacier>1</CFGlacier>
        <CFSlope>1</CFSlope>
        <FC>76.867688880077964</FC>
        <LP>0.30000006655420863</LP>
        <BETA>2.2773105911974061</BETA>
      </SubCatchmentVegetationZoneParameters>
    </SubCatchmentVegetationZone>
  </SubCatchment>
</Catchment>