<?xml version="1.0" encoding="utf-8"?>
<Catchment xmlns:xsi="http://www.w3.org/2001/XMLSchema-instance" xmlns:xsd="http://www.w3.org/2001/XMLSchema">
  <CatchmentParameters>
    <KSI>0.001</KSI>
    <KGmin>0.05</KGmin>
    <RangeKG>0.1</RangeKG>
    <AG>0.1</AG>
    <PERC>9.5754968427464178</PERC>
    <Alpha>0</Alpha>
    <UZL>22.047019200858056</UZL>
    <K0>0.98999983427778249</K0>
    <K1>0.46377934814460614</K1>
    <K2>0.14999950273157034</K2>
    <MAXBAS>1.2474597054186318</MAXBAS>
    <Cet>0</Cet>
    <PCALT>10</PCALT>
    <TCALT>0.6</TCALT>
    <Pelev>0</Pelev>
    <Telev>0</Telev>
    <PART>0.5</PART>
    <DELAY>1</DELAY>
  </CatchmentParameters>
  <VegetationZone>
    <VegetationZoneParameters>
      <TT>1.6036229337239771</TT>
      <CFMAX>4.6373249825228307</CFMAX>
      <SP>0</SP>
      <SFCF>0.50130794562475367</SFCF>
      <CFR>0.025788254689582679</CFR>
      <CWH>0.10002589784022282</CWH>
      <CFGlacier>1</CFGlacier>
      <CFSlope>1</CFSlope>
      <FC>113.70326958581174</FC>
      <LP>0.44827064017086743</LP>
      <BETA>2.6894300090478307</BETA>
    </VegetationZoneParameters>
  </VegetationZone>
  <SubCatchment>
    <SubCatchmentParameters>
      <KSI>0.001</KSI>
      <KGmin>0.05</KGmin>
      <RangeKG>0.1</RangeKG>
      <AG>0.1</AG>
      <PERC>9.5754968427464178</PERC>
      <Alpha>0</Alpha>
      <UZL>22.047019200858056</UZL>
      <K0>0.98999983427778249</K0>
      <K1>0.46377934814460614</K1>
      <K2>0.14999950273157034</K2>
      <MAXBAS>1.2474597054186318</MAXBAS>
      <Cet>0</Cet>
      <PCALT>10</PCALT>
      <TCALT>0.6</TCALT>
      <Pelev>0</Pelev>
      <Telev>0</Telev>
      <PART>0.5</PART>
      <DELAY>1</DELAY>
    </SubCatchmentParameters>
    <SubCatchmentVegetationZone>
      <SubCatchmentVegetationZoneParameters>
        <TT>1.6036229337239771</TT>
        <CFMAX>4.6373249825228307</CFMAX>
        <SP>0</SP>
        <SFCF>0.50130794562475367</SFCF>
        <CFR>0.025788254689582679</CFR>
        <CWH>0.10002589784022282</CWH>
        <CFGlacier>1</CFGlacier>
        <CFSlope>1</CFSlope>
        <FC>113.70326958581174</FC>
        <LP>0.44827064017086743</LP>
        <BETA>2.6894300090478307</BETA>
      </SubCatchmentVegetationZoneParameters>
    </SubCatchmentVegetationZone>
  </SubCatchment>
</Catchment>