<?xml version="1.0" encoding="utf-8"?>
<Catchment xmlns:xsi="http://www.w3.org/2001/XMLSchema-instance" xmlns:xsd="http://www.w3.org/2001/XMLSchema">
  <CatchmentParameters>
    <KSI>0.001</KSI>
    <KGmin>0.05</KGmin>
    <RangeKG>0.1</RangeKG>
    <AG>0.1</AG>
    <PERC>9.9999846947046436</PERC>
    <Alpha>0</Alpha>
    <UZL>27.840299158218649</UZL>
    <K0>0.98999916669700527</K0>
    <K1>0.32635069163436914</K1>
    <K2>0.089557067765910173</K2>
    <MAXBAS>1.2412694261143584</MAXBAS>
    <Cet>0</Cet>
    <PCALT>10</PCALT>
    <TCALT>0.6</TCALT>
    <Pelev>0</Pelev>
    <Telev>0</Telev>
    <PART>0.5</PART>
    <DELAY>1</DELAY>
  </CatchmentParameters>
  <VegetationZone>
    <VegetationZoneParameters>
      <TT>1.3018384302985147</TT>
      <CFMAX>4.9994376952503732</CFMAX>
      <SP>0</SP>
      <SFCF>0.50000059486199744</SFCF>
      <CFR>0.0375141946719858</CFR>
      <CWH>0.1000000000062143</CWH>
      <CFGlacier>1</CFGlacier>
      <CFSlope>1</CFSlope>
      <FC>80.992114678241393</FC>
      <LP>0.30000001319555208</LP>
      <BETA>2.46783614577901</BETA>
    </VegetationZoneParameters>
  </VegetationZone>
  <SubCatchment>
    <SubCatchmentParameters>
      <KSI>0.001</KSI>
      <KGmin>0.05</KGmin>
      <RangeKG>0.1</RangeKG>
      <AG>0.1</AG>
      <PERC>9.9999846947046436</PERC>
      <Alpha>0</Alpha>
      <UZL>27.840299158218649</UZL>
      <K0>0.98999916669700527</K0>
      <K1>0.32635069163436914</K1>
      <K2>0.089557067765910173</K2>
      <MAXBAS>1.2412694261143584</MAXBAS>
      <Cet>0</Cet>
      <PCALT>10</PCALT>
      <TCALT>0.6</TCALT>
      <Pelev>0</Pelev>
      <Telev>0</Telev>
      <PART>0.5</PART>
      <DELAY>1</DELAY>
    </SubCatchmentParameters>
    <SubCatchmentVegetationZone>
      <SubCatchmentVegetationZoneParameters>
        <TT>1.3018384302985147</TT>
        <CFMAX>4.9994376952503732</CFMAX>
        <SP>0</SP>
        <SFCF>0.50000059486199744</SFCF>
        <CFR>0.0375141946719858</CFR>
        <CWH>0.1000000000062143</CWH>
        <CFGlacier>1</CFGlacier>
        <CFSlope>1</CFSlope>
        <FC>80.992114678241393</FC>
        <LP>0.30000001319555208</LP>
        <BETA>2.46783614577901</BETA>
      </SubCatchmentVegetationZoneParameters>
    </SubCatchmentVegetationZone>
  </SubCatchment>
</Catchment>