<?xml version="1.0" encoding="utf-8"?>
<Catchment xmlns:xsi="http://www.w3.org/2001/XMLSchema-instance" xmlns:xsd="http://www.w3.org/2001/XMLSchema">
  <CatchmentParameters>
    <KSI>0.001</KSI>
    <KGmin>0.05</KGmin>
    <RangeKG>0.1</RangeKG>
    <AG>0.1</AG>
    <PERC>5.20827614438633</PERC>
    <Alpha>0</Alpha>
    <UZL>3.6255585842285885</UZL>
    <K0>0.67628959755848583</K0>
    <K1>0.37661744297148825</K1>
    <K2>0.068230359249792871</K2>
    <MAXBAS>1</MAXBAS>
    <Cet>0</Cet>
    <PCALT>10</PCALT>
    <TCALT>0.6</TCALT>
    <Pelev>0</Pelev>
    <Telev>0</Telev>
    <PART>0.5</PART>
    <DELAY>1</DELAY>
  </CatchmentParameters>
  <VegetationZone>
    <VegetationZoneParameters>
      <TT>1.0109939460875608</TT>
      <CFMAX>0.541672282284354</CFMAX>
      <SP>0</SP>
      <SFCF>0.73118754283061349</SFCF>
      <CFR>0.0021709444332208374</CFR>
      <CWH>0.19999285392237792</CWH>
      <CFGlacier>1</CFGlacier>
      <CFSlope>1</CFSlope>
      <FC>1688.5024245246334</FC>
      <LP>0.91711638779195737</LP>
      <BETA>2.883544209075763</BETA>
    </VegetationZoneParameters>
  </VegetationZone>
  <SubCatchment>
    <SubCatchmentParameters>
      <KSI>0.001</KSI>
      <KGmin>0.05</KGmin>
      <RangeKG>0.1</RangeKG>
      <AG>0.1</AG>
      <PERC>5.20827614438633</PERC>
      <Alpha>0</Alpha>
      <UZL>3.6255585842285885</UZL>
      <K0>0.67628959755848583</K0>
      <K1>0.37661744297148825</K1>
      <K2>0.068230359249792871</K2>
      <MAXBAS>1</MAXBAS>
      <Cet>0</Cet>
      <PCALT>10</PCALT>
      <TCALT>0.6</TCALT>
      <Pelev>0</Pelev>
      <Telev>0</Telev>
      <PART>0.5</PART>
      <DELAY>1</DELAY>
    </SubCatchmentParameters>
    <SubCatchmentVegetationZone>
      <SubCatchmentVegetationZoneParameters>
        <TT>1.0109939460875608</TT>
        <CFMAX>0.541672282284354</CFMAX>
        <SP>0</SP>
        <SFCF>0.73118754283061349</SFCF>
        <CFR>0.0021709444332208374</CFR>
        <CWH>0.19999285392237792</CWH>
        <CFGlacier>1</CFGlacier>
        <CFSlope>1</CFSlope>
        <FC>1688.5024245246334</FC>
        <LP>0.91711638779195737</LP>
        <BETA>2.883544209075763</BETA>
      </SubCatchmentVegetationZoneParameters>
    </SubCatchmentVegetationZone>
  </SubCatchment>
</Catchment>