<?xml version="1.0" encoding="utf-8"?>
<Catchment xmlns:xsi="http://www.w3.org/2001/XMLSchema-instance" xmlns:xsd="http://www.w3.org/2001/XMLSchema">
  <CatchmentParameters>
    <KSI>0.001</KSI>
    <KGmin>0.05</KGmin>
    <RangeKG>0.1</RangeKG>
    <AG>0.1</AG>
    <PERC>4.84469934579089</PERC>
    <Alpha>0</Alpha>
    <UZL>123.49730685172501</UZL>
    <K0>0.34672031129474756</K0>
    <K1>0.56140409574532968</K1>
    <K2>0.090935755969754464</K2>
    <MAXBAS>1</MAXBAS>
    <Cet>0</Cet>
    <PCALT>10</PCALT>
    <TCALT>0.6</TCALT>
    <Pelev>0</Pelev>
    <Telev>0</Telev>
    <PART>0.5</PART>
    <DELAY>1</DELAY>
  </CatchmentParameters>
  <VegetationZone>
    <VegetationZoneParameters>
      <TT>0.91460431541864418</TT>
      <CFMAX>0.50026827467162227</CFMAX>
      <SP>0</SP>
      <SFCF>1.4161052006983803</SFCF>
      <CFR>0.064102885937984064</CFR>
      <CWH>0.12004793006789843</CWH>
      <CFGlacier>1</CFGlacier>
      <CFSlope>1</CFSlope>
      <FC>351.26651537279497</FC>
      <LP>0.957591405535907</LP>
      <BETA>3.3449103749543867</BETA>
    </VegetationZoneParameters>
  </VegetationZone>
  <SubCatchment>
    <SubCatchmentParameters>
      <KSI>0.001</KSI>
      <KGmin>0.05</KGmin>
      <RangeKG>0.1</RangeKG>
      <AG>0.1</AG>
      <PERC>4.84469934579089</PERC>
      <Alpha>0</Alpha>
      <UZL>123.49730685172501</UZL>
      <K0>0.34672031129474756</K0>
      <K1>0.56140409574532968</K1>
      <K2>0.090935755969754464</K2>
      <MAXBAS>1</MAXBAS>
      <Cet>0</Cet>
      <PCALT>10</PCALT>
      <TCALT>0.6</TCALT>
      <Pelev>0</Pelev>
      <Telev>0</Telev>
      <PART>0.5</PART>
      <DELAY>1</DELAY>
    </SubCatchmentParameters>
    <SubCatchmentVegetationZone>
      <SubCatchmentVegetationZoneParameters>
        <TT>0.91460431541864418</TT>
        <CFMAX>0.50026827467162227</CFMAX>
        <SP>0</SP>
        <SFCF>1.4161052006983803</SFCF>
        <CFR>0.064102885937984064</CFR>
        <CWH>0.12004793006789843</CWH>
        <CFGlacier>1</CFGlacier>
        <CFSlope>1</CFSlope>
        <FC>351.26651537279497</FC>
        <LP>0.957591405535907</LP>
        <BETA>3.3449103749543867</BETA>
      </SubCatchmentVegetationZoneParameters>
    </SubCatchmentVegetationZone>
  </SubCatchment>
</Catchment>