<?xml version="1.0" encoding="utf-8"?>
<Catchment xmlns:xsi="http://www.w3.org/2001/XMLSchema-instance" xmlns:xsd="http://www.w3.org/2001/XMLSchema">
  <CatchmentParameters>
    <KSI>0.001</KSI>
    <KGmin>0.05</KGmin>
    <RangeKG>0.1</RangeKG>
    <AG>0.1</AG>
    <PERC>7.3788143588724235</PERC>
    <Alpha>0</Alpha>
    <UZL>85.3199222624194</UZL>
    <K0>0.59437013391396676</K0>
    <K1>0.65333941682805707</K1>
    <K2>0.14999993712897256</K2>
    <MAXBAS>1.3819636919017706</MAXBAS>
    <Cet>0</Cet>
    <PCALT>10</PCALT>
    <TCALT>0.6</TCALT>
    <Pelev>0</Pelev>
    <Telev>0</Telev>
    <PART>0.5</PART>
    <DELAY>1</DELAY>
  </CatchmentParameters>
  <VegetationZone>
    <VegetationZoneParameters>
      <TT>1.2992403176047331</TT>
      <CFMAX>4.9993808153819757</CFMAX>
      <SP>0</SP>
      <SFCF>0.50000010282511209</SFCF>
      <CFR>0.091552006397033842</CFR>
      <CWH>0.1000023682769183</CWH>
      <CFGlacier>1</CFGlacier>
      <CFSlope>1</CFSlope>
      <FC>138.8440540849162</FC>
      <LP>0.30005620605295269</LP>
      <BETA>1.6761151109337635</BETA>
    </VegetationZoneParameters>
  </VegetationZone>
  <SubCatchment>
    <SubCatchmentParameters>
      <KSI>0.001</KSI>
      <KGmin>0.05</KGmin>
      <RangeKG>0.1</RangeKG>
      <AG>0.1</AG>
      <PERC>7.3788143588724235</PERC>
      <Alpha>0</Alpha>
      <UZL>85.3199222624194</UZL>
      <K0>0.59437013391396676</K0>
      <K1>0.65333941682805707</K1>
      <K2>0.14999993712897256</K2>
      <MAXBAS>1.3819636919017706</MAXBAS>
      <Cet>0</Cet>
      <PCALT>10</PCALT>
      <TCALT>0.6</TCALT>
      <Pelev>0</Pelev>
      <Telev>0</Telev>
      <PART>0.5</PART>
      <DELAY>1</DELAY>
    </SubCatchmentParameters>
    <SubCatchmentVegetationZone>
      <SubCatchmentVegetationZoneParameters>
        <TT>1.2992403176047331</TT>
        <CFMAX>4.9993808153819757</CFMAX>
        <SP>0</SP>
        <SFCF>0.50000010282511209</SFCF>
        <CFR>0.091552006397033842</CFR>
        <CWH>0.1000023682769183</CWH>
        <CFGlacier>1</CFGlacier>
        <CFSlope>1</CFSlope>
        <FC>138.8440540849162</FC>
        <LP>0.30005620605295269</LP>
        <BETA>1.6761151109337635</BETA>
      </SubCatchmentVegetationZoneParameters>
    </SubCatchmentVegetationZone>
  </SubCatchment>
</Catchment>