<?xml version="1.0" encoding="utf-8"?>
<Catchment xmlns:xsi="http://www.w3.org/2001/XMLSchema-instance" xmlns:xsd="http://www.w3.org/2001/XMLSchema">
  <CatchmentParameters>
    <KSI>0.001</KSI>
    <KGmin>0.05</KGmin>
    <RangeKG>0.1</RangeKG>
    <AG>0.1</AG>
    <PERC>5.5848845160978007</PERC>
    <Alpha>0</Alpha>
    <UZL>95.02661290499735</UZL>
    <K0>0.11104888633491319</K0>
    <K1>0.36760980901401019</K1>
    <K2>0.036840953783668827</K2>
    <MAXBAS>1</MAXBAS>
    <Cet>0</Cet>
    <PCALT>10</PCALT>
    <TCALT>0.6</TCALT>
    <Pelev>0</Pelev>
    <Telev>0</Telev>
    <PART>0.5</PART>
    <DELAY>1</DELAY>
  </CatchmentParameters>
  <VegetationZone>
    <VegetationZoneParameters>
      <TT>-0.23813994683492396</TT>
      <CFMAX>2.2294993225843527</CFMAX>
      <SP>0</SP>
      <SFCF>0.72191234921280789</SFCF>
      <CFR>0.066913746336067392</CFR>
      <CWH>0.1998534692500456</CWH>
      <CFGlacier>1</CFGlacier>
      <CFSlope>1</CFSlope>
      <FC>115.15809280493069</FC>
      <LP>0.65902397141351365</LP>
      <BETA>3.3701058784858464</BETA>
    </VegetationZoneParameters>
  </VegetationZone>
  <SubCatchment>
    <SubCatchmentParameters>
      <KSI>0.001</KSI>
      <KGmin>0.05</KGmin>
      <RangeKG>0.1</RangeKG>
      <AG>0.1</AG>
      <PERC>5.5848845160978007</PERC>
      <Alpha>0</Alpha>
      <UZL>95.02661290499735</UZL>
      <K0>0.11104888633491319</K0>
      <K1>0.36760980901401019</K1>
      <K2>0.036840953783668827</K2>
      <MAXBAS>1</MAXBAS>
      <Cet>0</Cet>
      <PCALT>10</PCALT>
      <TCALT>0.6</TCALT>
      <Pelev>0</Pelev>
      <Telev>0</Telev>
      <PART>0.5</PART>
      <DELAY>1</DELAY>
    </SubCatchmentParameters>
    <SubCatchmentVegetationZone>
      <SubCatchmentVegetationZoneParameters>
        <TT>-0.23813994683492396</TT>
        <CFMAX>2.2294993225843527</CFMAX>
        <SP>0</SP>
        <SFCF>0.72191234921280789</SFCF>
        <CFR>0.066913746336067392</CFR>
        <CWH>0.1998534692500456</CWH>
        <CFGlacier>1</CFGlacier>
        <CFSlope>1</CFSlope>
        <FC>115.15809280493069</FC>
        <LP>0.65902397141351365</LP>
        <BETA>3.3701058784858464</BETA>
      </SubCatchmentVegetationZoneParameters>
    </SubCatchmentVegetationZone>
  </SubCatchment>
</Catchment>