<?xml version="1.0" encoding="utf-8"?>
<Catchment xmlns:xsi="http://www.w3.org/2001/XMLSchema-instance" xmlns:xsd="http://www.w3.org/2001/XMLSchema">
  <CatchmentParameters>
    <KSI>0.001</KSI>
    <KGmin>0.05</KGmin>
    <RangeKG>0.1</RangeKG>
    <AG>0.1</AG>
    <PERC>0.69397297914437428</PERC>
    <Alpha>0</Alpha>
    <UZL>23.718415081732385</UZL>
    <K0>0.98999983416870818</K0>
    <K1>0.16783170615699924</K1>
    <K2>0.093219828008081665</K2>
    <MAXBAS>1.3372776181646728</MAXBAS>
    <Cet>0</Cet>
    <PCALT>10</PCALT>
    <TCALT>0.6</TCALT>
    <Pelev>0</Pelev>
    <Telev>0</Telev>
    <PART>0.5</PART>
    <DELAY>1</DELAY>
  </CatchmentParameters>
  <VegetationZone>
    <VegetationZoneParameters>
      <TT>1.1410060718372133</TT>
      <CFMAX>3.0933513022549493</CFMAX>
      <SP>0</SP>
      <SFCF>0.5420646982053855</SFCF>
      <CFR>0.09745630306316351</CFR>
      <CWH>0.10000025069018231</CWH>
      <CFGlacier>1</CFGlacier>
      <CFSlope>1</CFSlope>
      <FC>136.63638944479797</FC>
      <LP>0.50997729375956846</LP>
      <BETA>1.9636115016671976</BETA>
    </VegetationZoneParameters>
  </VegetationZone>
  <SubCatchment>
    <SubCatchmentParameters>
      <KSI>0.001</KSI>
      <KGmin>0.05</KGmin>
      <RangeKG>0.1</RangeKG>
      <AG>0.1</AG>
      <PERC>0.69397297914437428</PERC>
      <Alpha>0</Alpha>
      <UZL>23.718415081732385</UZL>
      <K0>0.98999983416870818</K0>
      <K1>0.16783170615699924</K1>
      <K2>0.093219828008081665</K2>
      <MAXBAS>1.3372776181646728</MAXBAS>
      <Cet>0</Cet>
      <PCALT>10</PCALT>
      <TCALT>0.6</TCALT>
      <Pelev>0</Pelev>
      <Telev>0</Telev>
      <PART>0.5</PART>
      <DELAY>1</DELAY>
    </SubCatchmentParameters>
    <SubCatchmentVegetationZone>
      <SubCatchmentVegetationZoneParameters>
        <TT>1.1410060718372133</TT>
        <CFMAX>3.0933513022549493</CFMAX>
        <SP>0</SP>
        <SFCF>0.5420646982053855</SFCF>
        <CFR>0.09745630306316351</CFR>
        <CWH>0.10000025069018231</CWH>
        <CFGlacier>1</CFGlacier>
        <CFSlope>1</CFSlope>
        <FC>136.63638944479797</FC>
        <LP>0.50997729375956846</LP>
        <BETA>1.9636115016671976</BETA>
      </SubCatchmentVegetationZoneParameters>
    </SubCatchmentVegetationZone>
  </SubCatchment>
</Catchment>