<?xml version="1.0" encoding="utf-8"?>
<Catchment xmlns:xsi="http://www.w3.org/2001/XMLSchema-instance" xmlns:xsd="http://www.w3.org/2001/XMLSchema">
  <CatchmentParameters>
    <KSI>0.001</KSI>
    <KGmin>0.05</KGmin>
    <RangeKG>0.1</RangeKG>
    <AG>0.1</AG>
    <PERC>4.9172581567521467</PERC>
    <Alpha>0</Alpha>
    <UZL>116.16096186816064</UZL>
    <K0>0.42549012837334965</K0>
    <K1>0.5548409977999732</K1>
    <K2>0.078303122240231143</K2>
    <MAXBAS>1</MAXBAS>
    <Cet>0</Cet>
    <PCALT>10</PCALT>
    <TCALT>0.6</TCALT>
    <Pelev>0</Pelev>
    <Telev>0</Telev>
    <PART>0.5</PART>
    <DELAY>1</DELAY>
  </CatchmentParameters>
  <VegetationZone>
    <VegetationZoneParameters>
      <TT>1.7591366451918844</TT>
      <CFMAX>0.50004599034085861</CFMAX>
      <SP>0</SP>
      <SFCF>1.1528316713442157</SFCF>
      <CFR>0.054082865203569065</CFR>
      <CWH>0.10000115014919535</CWH>
      <CFGlacier>1</CFGlacier>
      <CFSlope>1</CFSlope>
      <FC>330.29183587803738</FC>
      <LP>0.91296575561128257</LP>
      <BETA>3.0615527093758281</BETA>
    </VegetationZoneParameters>
  </VegetationZone>
  <SubCatchment>
    <SubCatchmentParameters>
      <KSI>0.001</KSI>
      <KGmin>0.05</KGmin>
      <RangeKG>0.1</RangeKG>
      <AG>0.1</AG>
      <PERC>4.9172581567521467</PERC>
      <Alpha>0</Alpha>
      <UZL>116.16096186816064</UZL>
      <K0>0.42549012837334965</K0>
      <K1>0.5548409977999732</K1>
      <K2>0.078303122240231143</K2>
      <MAXBAS>1</MAXBAS>
      <Cet>0</Cet>
      <PCALT>10</PCALT>
      <TCALT>0.6</TCALT>
      <Pelev>0</Pelev>
      <Telev>0</Telev>
      <PART>0.5</PART>
      <DELAY>1</DELAY>
    </SubCatchmentParameters>
    <SubCatchmentVegetationZone>
      <SubCatchmentVegetationZoneParameters>
        <TT>1.7591366451918844</TT>
        <CFMAX>0.50004599034085861</CFMAX>
        <SP>0</SP>
        <SFCF>1.1528316713442157</SFCF>
        <CFR>0.054082865203569065</CFR>
        <CWH>0.10000115014919535</CWH>
        <CFGlacier>1</CFGlacier>
        <CFSlope>1</CFSlope>
        <FC>330.29183587803738</FC>
        <LP>0.91296575561128257</LP>
        <BETA>3.0615527093758281</BETA>
      </SubCatchmentVegetationZoneParameters>
    </SubCatchmentVegetationZone>
  </SubCatchment>
</Catchment>