<?xml version="1.0" encoding="utf-8"?>
<Catchment xmlns:xsi="http://www.w3.org/2001/XMLSchema-instance" xmlns:xsd="http://www.w3.org/2001/XMLSchema">
  <CatchmentParameters>
    <KSI>0.001</KSI>
    <KGmin>0.05</KGmin>
    <RangeKG>0.1</RangeKG>
    <AG>0.1</AG>
    <PERC>5.5938552464342273</PERC>
    <Alpha>0</Alpha>
    <UZL>142.39208699544477</UZL>
    <K0>0.54432578092716766</K0>
    <K1>0.426488100257357</K1>
    <K2>0.043330361737143851</K2>
    <MAXBAS>1</MAXBAS>
    <Cet>0</Cet>
    <PCALT>10</PCALT>
    <TCALT>0.6</TCALT>
    <Pelev>0</Pelev>
    <Telev>0</Telev>
    <PART>0.5</PART>
    <DELAY>1</DELAY>
  </CatchmentParameters>
  <VegetationZone>
    <VegetationZoneParameters>
      <TT>-0.46328387993874853</TT>
      <CFMAX>2.9898578227284074</CFMAX>
      <SP>0</SP>
      <SFCF>1.0642701398791257</SFCF>
      <CFR>0.034142259706904363</CFR>
      <CWH>0.12280743570586079</CWH>
      <CFGlacier>1</CFGlacier>
      <CFSlope>1</CFSlope>
      <FC>151.24642901843706</FC>
      <LP>0.6731693700653032</LP>
      <BETA>2.6217476788841561</BETA>
    </VegetationZoneParameters>
  </VegetationZone>
  <SubCatchment>
    <SubCatchmentParameters>
      <KSI>0.001</KSI>
      <KGmin>0.05</KGmin>
      <RangeKG>0.1</RangeKG>
      <AG>0.1</AG>
      <PERC>5.5938552464342273</PERC>
      <Alpha>0</Alpha>
      <UZL>142.39208699544477</UZL>
      <K0>0.54432578092716766</K0>
      <K1>0.426488100257357</K1>
      <K2>0.043330361737143851</K2>
      <MAXBAS>1</MAXBAS>
      <Cet>0</Cet>
      <PCALT>10</PCALT>
      <TCALT>0.6</TCALT>
      <Pelev>0</Pelev>
      <Telev>0</Telev>
      <PART>0.5</PART>
      <DELAY>1</DELAY>
    </SubCatchmentParameters>
    <SubCatchmentVegetationZone>
      <SubCatchmentVegetationZoneParameters>
        <TT>-0.46328387993874853</TT>
        <CFMAX>2.9898578227284074</CFMAX>
        <SP>0</SP>
        <SFCF>1.0642701398791257</SFCF>
        <CFR>0.034142259706904363</CFR>
        <CWH>0.12280743570586079</CWH>
        <CFGlacier>1</CFGlacier>
        <CFSlope>1</CFSlope>
        <FC>151.24642901843706</FC>
        <LP>0.6731693700653032</LP>
        <BETA>2.6217476788841561</BETA>
      </SubCatchmentVegetationZoneParameters>
    </SubCatchmentVegetationZone>
  </SubCatchment>
</Catchment>