<?xml version="1.0" encoding="utf-8"?>
<Catchment xmlns:xsi="http://www.w3.org/2001/XMLSchema-instance" xmlns:xsd="http://www.w3.org/2001/XMLSchema">
  <CatchmentParameters>
    <KSI>0.001</KSI>
    <KGmin>0.05</KGmin>
    <RangeKG>0.1</RangeKG>
    <AG>0.1</AG>
    <PERC>4.728487540119179</PERC>
    <Alpha>0</Alpha>
    <UZL>118.92597905966552</UZL>
    <K0>0.4595379615017664</K0>
    <K1>0.62367988152315723</K1>
    <K2>0.077866702924075937</K2>
    <MAXBAS>1</MAXBAS>
    <Cet>0</Cet>
    <PCALT>10</PCALT>
    <TCALT>0.6</TCALT>
    <Pelev>0</Pelev>
    <Telev>0</Telev>
    <PART>0.5</PART>
    <DELAY>1</DELAY>
  </CatchmentParameters>
  <VegetationZone>
    <VegetationZoneParameters>
      <TT>1.709984177931908</TT>
      <CFMAX>0.507877933316766</CFMAX>
      <SP>0</SP>
      <SFCF>1.2129686698758153</SFCF>
      <CFR>0.028446963236754042</CFR>
      <CWH>0.10002887517232681</CWH>
      <CFGlacier>1</CFGlacier>
      <CFSlope>1</CFSlope>
      <FC>493.75234004055557</FC>
      <LP>0.93430743461490162</LP>
      <BETA>2.9651030505074494</BETA>
    </VegetationZoneParameters>
  </VegetationZone>
  <SubCatchment>
    <SubCatchmentParameters>
      <KSI>0.001</KSI>
      <KGmin>0.05</KGmin>
      <RangeKG>0.1</RangeKG>
      <AG>0.1</AG>
      <PERC>4.728487540119179</PERC>
      <Alpha>0</Alpha>
      <UZL>118.92597905966552</UZL>
      <K0>0.4595379615017664</K0>
      <K1>0.62367988152315723</K1>
      <K2>0.077866702924075937</K2>
      <MAXBAS>1</MAXBAS>
      <Cet>0</Cet>
      <PCALT>10</PCALT>
      <TCALT>0.6</TCALT>
      <Pelev>0</Pelev>
      <Telev>0</Telev>
      <PART>0.5</PART>
      <DELAY>1</DELAY>
    </SubCatchmentParameters>
    <SubCatchmentVegetationZone>
      <SubCatchmentVegetationZoneParameters>
        <TT>1.709984177931908</TT>
        <CFMAX>0.507877933316766</CFMAX>
        <SP>0</SP>
        <SFCF>1.2129686698758153</SFCF>
        <CFR>0.028446963236754042</CFR>
        <CWH>0.10002887517232681</CWH>
        <CFGlacier>1</CFGlacier>
        <CFSlope>1</CFSlope>
        <FC>493.75234004055557</FC>
        <LP>0.93430743461490162</LP>
        <BETA>2.9651030505074494</BETA>
      </SubCatchmentVegetationZoneParameters>
    </SubCatchmentVegetationZone>
  </SubCatchment>
</Catchment>