<?xml version="1.0" encoding="utf-8"?>
<Catchment xmlns:xsi="http://www.w3.org/2001/XMLSchema-instance" xmlns:xsd="http://www.w3.org/2001/XMLSchema">
  <CatchmentParameters>
    <KSI>0.001</KSI>
    <KGmin>0.05</KGmin>
    <RangeKG>0.1</RangeKG>
    <AG>0.1</AG>
    <PERC>9.9999991460253028</PERC>
    <Alpha>0</Alpha>
    <UZL>111.64892420519351</UZL>
    <K0>0.270069549142257</K0>
    <K1>0.62884135918681028</K1>
    <K2>0.14997525503579909</K2>
    <MAXBAS>1.3632393291928002</MAXBAS>
    <Cet>0</Cet>
    <PCALT>10</PCALT>
    <TCALT>0.6</TCALT>
    <Pelev>0</Pelev>
    <Telev>0</Telev>
    <PART>0.5</PART>
    <DELAY>1</DELAY>
  </CatchmentParameters>
  <VegetationZone>
    <VegetationZoneParameters>
      <TT>1.2766947887579363</TT>
      <CFMAX>4.5210465320299127</CFMAX>
      <SP>0</SP>
      <SFCF>0.50012520686699014</SFCF>
      <CFR>0.031942003518923151</CFR>
      <CWH>0.10000538008981161</CWH>
      <CFGlacier>1</CFGlacier>
      <CFSlope>1</CFSlope>
      <FC>100.07863165192978</FC>
      <LP>0.30000001356043687</LP>
      <BETA>2.3494565087151931</BETA>
    </VegetationZoneParameters>
  </VegetationZone>
  <SubCatchment>
    <SubCatchmentParameters>
      <KSI>0.001</KSI>
      <KGmin>0.05</KGmin>
      <RangeKG>0.1</RangeKG>
      <AG>0.1</AG>
      <PERC>9.9999991460253028</PERC>
      <Alpha>0</Alpha>
      <UZL>111.64892420519351</UZL>
      <K0>0.270069549142257</K0>
      <K1>0.62884135918681028</K1>
      <K2>0.14997525503579909</K2>
      <MAXBAS>1.3632393291928002</MAXBAS>
      <Cet>0</Cet>
      <PCALT>10</PCALT>
      <TCALT>0.6</TCALT>
      <Pelev>0</Pelev>
      <Telev>0</Telev>
      <PART>0.5</PART>
      <DELAY>1</DELAY>
    </SubCatchmentParameters>
    <SubCatchmentVegetationZone>
      <SubCatchmentVegetationZoneParameters>
        <TT>1.2766947887579363</TT>
        <CFMAX>4.5210465320299127</CFMAX>
        <SP>0</SP>
        <SFCF>0.50012520686699014</SFCF>
        <CFR>0.031942003518923151</CFR>
        <CWH>0.10000538008981161</CWH>
        <CFGlacier>1</CFGlacier>
        <CFSlope>1</CFSlope>
        <FC>100.07863165192978</FC>
        <LP>0.30000001356043687</LP>
        <BETA>2.3494565087151931</BETA>
      </SubCatchmentVegetationZoneParameters>
    </SubCatchmentVegetationZone>
  </SubCatchment>
</Catchment>