<?xml version="1.0" encoding="utf-8"?>
<Catchment xmlns:xsi="http://www.w3.org/2001/XMLSchema-instance" xmlns:xsd="http://www.w3.org/2001/XMLSchema">
  <CatchmentParameters>
    <KSI>0.001</KSI>
    <KGmin>0.05</KGmin>
    <RangeKG>0.1</RangeKG>
    <AG>0.1</AG>
    <PERC>7.7084176164953435</PERC>
    <Alpha>0</Alpha>
    <UZL>21.164908867481561</UZL>
    <K0>0.98999791493810285</K0>
    <K1>0.47592844364942921</K1>
    <K2>0.14999990098142826</K2>
    <MAXBAS>1.2225357640175496</MAXBAS>
    <Cet>0</Cet>
    <PCALT>10</PCALT>
    <TCALT>0.6</TCALT>
    <Pelev>0</Pelev>
    <Telev>0</Telev>
    <PART>0.5</PART>
    <DELAY>1</DELAY>
  </CatchmentParameters>
  <VegetationZone>
    <VegetationZoneParameters>
      <TT>1.28912317546913</TT>
      <CFMAX>4.7777464498029971</CFMAX>
      <SP>0</SP>
      <SFCF>0.50024573883977</SFCF>
      <CFR>0.062083197206213192</CFR>
      <CWH>0.10000290515003292</CWH>
      <CFGlacier>1</CFGlacier>
      <CFSlope>1</CFSlope>
      <FC>120.52991215955937</FC>
      <LP>0.30000002327188807</LP>
      <BETA>2.023994601462586</BETA>
    </VegetationZoneParameters>
  </VegetationZone>
  <SubCatchment>
    <SubCatchmentParameters>
      <KSI>0.001</KSI>
      <KGmin>0.05</KGmin>
      <RangeKG>0.1</RangeKG>
      <AG>0.1</AG>
      <PERC>7.7084176164953435</PERC>
      <Alpha>0</Alpha>
      <UZL>21.164908867481561</UZL>
      <K0>0.98999791493810285</K0>
      <K1>0.47592844364942921</K1>
      <K2>0.14999990098142826</K2>
      <MAXBAS>1.2225357640175496</MAXBAS>
      <Cet>0</Cet>
      <PCALT>10</PCALT>
      <TCALT>0.6</TCALT>
      <Pelev>0</Pelev>
      <Telev>0</Telev>
      <PART>0.5</PART>
      <DELAY>1</DELAY>
    </SubCatchmentParameters>
    <SubCatchmentVegetationZone>
      <SubCatchmentVegetationZoneParameters>
        <TT>1.28912317546913</TT>
        <CFMAX>4.7777464498029971</CFMAX>
        <SP>0</SP>
        <SFCF>0.50024573883977</SFCF>
        <CFR>0.062083197206213192</CFR>
        <CWH>0.10000290515003292</CWH>
        <CFGlacier>1</CFGlacier>
        <CFSlope>1</CFSlope>
        <FC>120.52991215955937</FC>
        <LP>0.30000002327188807</LP>
        <BETA>2.023994601462586</BETA>
      </SubCatchmentVegetationZoneParameters>
    </SubCatchmentVegetationZone>
  </SubCatchment>
</Catchment>