<?xml version="1.0" encoding="utf-8"?>
<Catchment xmlns:xsi="http://www.w3.org/2001/XMLSchema-instance" xmlns:xsd="http://www.w3.org/2001/XMLSchema">
  <CatchmentParameters>
    <KSI>0.001</KSI>
    <KGmin>0.05</KGmin>
    <RangeKG>0.1</RangeKG>
    <AG>0.1</AG>
    <PERC>4.9665280686507991</PERC>
    <Alpha>0</Alpha>
    <UZL>28.471746117679615</UZL>
    <K0>0.45734668188897171</K0>
    <K1>0.7960908939733301</K1>
    <K2>0.14999975243879968</K2>
    <MAXBAS>1.4022518502350716</MAXBAS>
    <Cet>0</Cet>
    <PCALT>10</PCALT>
    <TCALT>0.6</TCALT>
    <Pelev>0</Pelev>
    <Telev>0</Telev>
    <PART>0.5</PART>
    <DELAY>1</DELAY>
  </CatchmentParameters>
  <VegetationZone>
    <VegetationZoneParameters>
      <TT>2.3743352062130767</TT>
      <CFMAX>0.50434962835518482</CFMAX>
      <SP>0</SP>
      <SFCF>1.4999994305785078</SFCF>
      <CFR>0.090062569771991785</CFR>
      <CWH>0.10435343830293592</CWH>
      <CFGlacier>1</CFGlacier>
      <CFSlope>1</CFSlope>
      <FC>409.92479353734092</FC>
      <LP>0.92622423250785535</LP>
      <BETA>3.4596568434281134</BETA>
    </VegetationZoneParameters>
  </VegetationZone>
  <SubCatchment>
    <SubCatchmentParameters>
      <KSI>0.001</KSI>
      <KGmin>0.05</KGmin>
      <RangeKG>0.1</RangeKG>
      <AG>0.1</AG>
      <PERC>4.9665280686507991</PERC>
      <Alpha>0</Alpha>
      <UZL>28.471746117679615</UZL>
      <K0>0.45734668188897171</K0>
      <K1>0.7960908939733301</K1>
      <K2>0.14999975243879968</K2>
      <MAXBAS>1.4022518502350716</MAXBAS>
      <Cet>0</Cet>
      <PCALT>10</PCALT>
      <TCALT>0.6</TCALT>
      <Pelev>0</Pelev>
      <Telev>0</Telev>
      <PART>0.5</PART>
      <DELAY>1</DELAY>
    </SubCatchmentParameters>
    <SubCatchmentVegetationZone>
      <SubCatchmentVegetationZoneParameters>
        <TT>2.3743352062130767</TT>
        <CFMAX>0.50434962835518482</CFMAX>
        <SP>0</SP>
        <SFCF>1.4999994305785078</SFCF>
        <CFR>0.090062569771991785</CFR>
        <CWH>0.10435343830293592</CWH>
        <CFGlacier>1</CFGlacier>
        <CFSlope>1</CFSlope>
        <FC>409.92479353734092</FC>
        <LP>0.92622423250785535</LP>
        <BETA>3.4596568434281134</BETA>
      </SubCatchmentVegetationZoneParameters>
    </SubCatchmentVegetationZone>
  </SubCatchment>
</Catchment>