<?xml version="1.0" encoding="utf-8"?>
<Catchment xmlns:xsi="http://www.w3.org/2001/XMLSchema-instance" xmlns:xsd="http://www.w3.org/2001/XMLSchema">
  <CatchmentParameters>
    <KSI>0.001</KSI>
    <KGmin>0.05</KGmin>
    <RangeKG>0.1</RangeKG>
    <AG>0.1</AG>
    <PERC>8.1229448292357223</PERC>
    <Alpha>0</Alpha>
    <UZL>155.52877625354549</UZL>
    <K0>0.13312281951123689</K0>
    <K1>0.521525396103441</K1>
    <K2>0.13416021739747755</K2>
    <MAXBAS>1.2250675498618593</MAXBAS>
    <Cet>0</Cet>
    <PCALT>10</PCALT>
    <TCALT>0.6</TCALT>
    <Pelev>0</Pelev>
    <Telev>0</Telev>
    <PART>0.5</PART>
    <DELAY>1</DELAY>
  </CatchmentParameters>
  <VegetationZone>
    <VegetationZoneParameters>
      <TT>1.298995357496455</TT>
      <CFMAX>4.9997377776632836</CFMAX>
      <SP>0</SP>
      <SFCF>0.500000000000083</SFCF>
      <CFR>0.059868422936147796</CFR>
      <CWH>0.10000251280284829</CWH>
      <CFGlacier>1</CFGlacier>
      <CFSlope>1</CFSlope>
      <FC>98.8281122665778</FC>
      <LP>0.30000001061714932</LP>
      <BETA>2.3554191339785127</BETA>
    </VegetationZoneParameters>
  </VegetationZone>
  <SubCatchment>
    <SubCatchmentParameters>
      <KSI>0.001</KSI>
      <KGmin>0.05</KGmin>
      <RangeKG>0.1</RangeKG>
      <AG>0.1</AG>
      <PERC>8.1229448292357223</PERC>
      <Alpha>0</Alpha>
      <UZL>155.52877625354549</UZL>
      <K0>0.13312281951123689</K0>
      <K1>0.521525396103441</K1>
      <K2>0.13416021739747755</K2>
      <MAXBAS>1.2250675498618593</MAXBAS>
      <Cet>0</Cet>
      <PCALT>10</PCALT>
      <TCALT>0.6</TCALT>
      <Pelev>0</Pelev>
      <Telev>0</Telev>
      <PART>0.5</PART>
      <DELAY>1</DELAY>
    </SubCatchmentParameters>
    <SubCatchmentVegetationZone>
      <SubCatchmentVegetationZoneParameters>
        <TT>1.298995357496455</TT>
        <CFMAX>4.9997377776632836</CFMAX>
        <SP>0</SP>
        <SFCF>0.500000000000083</SFCF>
        <CFR>0.059868422936147796</CFR>
        <CWH>0.10000251280284829</CWH>
        <CFGlacier>1</CFGlacier>
        <CFSlope>1</CFSlope>
        <FC>98.8281122665778</FC>
        <LP>0.30000001061714932</LP>
        <BETA>2.3554191339785127</BETA>
      </SubCatchmentVegetationZoneParameters>
    </SubCatchmentVegetationZone>
  </SubCatchment>
</Catchment>