<?xml version="1.0" encoding="utf-8"?>
<Catchment xmlns:xsi="http://www.w3.org/2001/XMLSchema-instance" xmlns:xsd="http://www.w3.org/2001/XMLSchema">
  <CatchmentParameters>
    <KSI>0.001</KSI>
    <KGmin>0.05</KGmin>
    <RangeKG>0.1</RangeKG>
    <AG>0.1</AG>
    <PERC>9.5532797097964757</PERC>
    <Alpha>0</Alpha>
    <UZL>22.867832276223776</UZL>
    <K0>0.98999848608234542</K0>
    <K1>0.446120691889221</K1>
    <K2>0.14999926337225564</K2>
    <MAXBAS>1.1367775643147275</MAXBAS>
    <Cet>0</Cet>
    <PCALT>10</PCALT>
    <TCALT>0.6</TCALT>
    <Pelev>0</Pelev>
    <Telev>0</Telev>
    <PART>0.5</PART>
    <DELAY>1</DELAY>
  </CatchmentParameters>
  <VegetationZone>
    <VegetationZoneParameters>
      <TT>1.2141308689809827</TT>
      <CFMAX>3.5609082115507005</CFMAX>
      <SP>0</SP>
      <SFCF>0.50000138017316142</SFCF>
      <CFR>0.040043947060336274</CFR>
      <CWH>0.10001729313762171</CWH>
      <CFGlacier>1</CFGlacier>
      <CFSlope>1</CFSlope>
      <FC>106.13514158201295</FC>
      <LP>0.30000000042951452</LP>
      <BETA>2.2425540525449432</BETA>
    </VegetationZoneParameters>
  </VegetationZone>
  <SubCatchment>
    <SubCatchmentParameters>
      <KSI>0.001</KSI>
      <KGmin>0.05</KGmin>
      <RangeKG>0.1</RangeKG>
      <AG>0.1</AG>
      <PERC>9.5532797097964757</PERC>
      <Alpha>0</Alpha>
      <UZL>22.867832276223776</UZL>
      <K0>0.98999848608234542</K0>
      <K1>0.446120691889221</K1>
      <K2>0.14999926337225564</K2>
      <MAXBAS>1.1367775643147275</MAXBAS>
      <Cet>0</Cet>
      <PCALT>10</PCALT>
      <TCALT>0.6</TCALT>
      <Pelev>0</Pelev>
      <Telev>0</Telev>
      <PART>0.5</PART>
      <DELAY>1</DELAY>
    </SubCatchmentParameters>
    <SubCatchmentVegetationZone>
      <SubCatchmentVegetationZoneParameters>
        <TT>1.2141308689809827</TT>
        <CFMAX>3.5609082115507005</CFMAX>
        <SP>0</SP>
        <SFCF>0.50000138017316142</SFCF>
        <CFR>0.040043947060336274</CFR>
        <CWH>0.10001729313762171</CWH>
        <CFGlacier>1</CFGlacier>
        <CFSlope>1</CFSlope>
        <FC>106.13514158201295</FC>
        <LP>0.30000000042951452</LP>
        <BETA>2.2425540525449432</BETA>
      </SubCatchmentVegetationZoneParameters>
    </SubCatchmentVegetationZone>
  </SubCatchment>
</Catchment>