<?xml version="1.0" encoding="utf-8"?>
<Catchment xmlns:xsi="http://www.w3.org/2001/XMLSchema-instance" xmlns:xsd="http://www.w3.org/2001/XMLSchema">
  <CatchmentParameters>
    <KSI>0.001</KSI>
    <KGmin>0.05</KGmin>
    <RangeKG>0.1</RangeKG>
    <AG>0.1</AG>
    <PERC>4.9538670193681984</PERC>
    <Alpha>0</Alpha>
    <UZL>79.013653203459228</UZL>
    <K0>0.10356512346252766</K0>
    <K1>0.79999984661257451</K1>
    <K2>0.14999957583080842</K2>
    <MAXBAS>1.4076284927191456</MAXBAS>
    <Cet>0</Cet>
    <PCALT>10</PCALT>
    <TCALT>0.6</TCALT>
    <Pelev>0</Pelev>
    <Telev>0</Telev>
    <PART>0.5</PART>
    <DELAY>1</DELAY>
  </CatchmentParameters>
  <VegetationZone>
    <VegetationZoneParameters>
      <TT>2.4998442190828141</TT>
      <CFMAX>0.5260094165724416</CFMAX>
      <SP>0</SP>
      <SFCF>1.4999994016204983</SFCF>
      <CFR>0.079986431846673048</CFR>
      <CWH>0.13286562821570042</CWH>
      <CFGlacier>1</CFGlacier>
      <CFSlope>1</CFSlope>
      <FC>393.19649686233589</FC>
      <LP>0.98067220125763976</LP>
      <BETA>4.0839010422423261</BETA>
    </VegetationZoneParameters>
  </VegetationZone>
  <SubCatchment>
    <SubCatchmentParameters>
      <KSI>0.001</KSI>
      <KGmin>0.05</KGmin>
      <RangeKG>0.1</RangeKG>
      <AG>0.1</AG>
      <PERC>4.9538670193681984</PERC>
      <Alpha>0</Alpha>
      <UZL>79.013653203459228</UZL>
      <K0>0.10356512346252766</K0>
      <K1>0.79999984661257451</K1>
      <K2>0.14999957583080842</K2>
      <MAXBAS>1.4076284927191456</MAXBAS>
      <Cet>0</Cet>
      <PCALT>10</PCALT>
      <TCALT>0.6</TCALT>
      <Pelev>0</Pelev>
      <Telev>0</Telev>
      <PART>0.5</PART>
      <DELAY>1</DELAY>
    </SubCatchmentParameters>
    <SubCatchmentVegetationZone>
      <SubCatchmentVegetationZoneParameters>
        <TT>2.4998442190828141</TT>
        <CFMAX>0.5260094165724416</CFMAX>
        <SP>0</SP>
        <SFCF>1.4999994016204983</SFCF>
        <CFR>0.079986431846673048</CFR>
        <CWH>0.13286562821570042</CWH>
        <CFGlacier>1</CFGlacier>
        <CFSlope>1</CFSlope>
        <FC>393.19649686233589</FC>
        <LP>0.98067220125763976</LP>
        <BETA>4.0839010422423261</BETA>
      </SubCatchmentVegetationZoneParameters>
    </SubCatchmentVegetationZone>
  </SubCatchment>
</Catchment>