<?xml version="1.0" encoding="utf-8"?>
<Catchment xmlns:xsi="http://www.w3.org/2001/XMLSchema-instance" xmlns:xsd="http://www.w3.org/2001/XMLSchema">
  <CatchmentParameters>
    <KSI>0.001</KSI>
    <KGmin>0.05</KGmin>
    <RangeKG>0.1</RangeKG>
    <AG>0.1</AG>
    <PERC>8.8624631480220959</PERC>
    <Alpha>0</Alpha>
    <UZL>37.344683389470532</UZL>
    <K0>0.061062714086145754</K0>
    <K1>0.64595151559046959</K1>
    <K2>0.14999932754571962</K2>
    <MAXBAS>1.3756646027079718</MAXBAS>
    <Cet>0</Cet>
    <PCALT>10</PCALT>
    <TCALT>0.6</TCALT>
    <Pelev>0</Pelev>
    <Telev>0</Telev>
    <PART>0.5</PART>
    <DELAY>1</DELAY>
  </CatchmentParameters>
  <VegetationZone>
    <VegetationZoneParameters>
      <TT>1.0937839783797811</TT>
      <CFMAX>2.5297420413284351</CFMAX>
      <SP>0</SP>
      <SFCF>0.50018592688565988</SFCF>
      <CFR>0.075464344010990933</CFR>
      <CWH>0.10001054157603868</CWH>
      <CFGlacier>1</CFGlacier>
      <CFSlope>1</CFSlope>
      <FC>116.10723352538905</FC>
      <LP>0.30000000000630556</LP>
      <BETA>2.0527460004124456</BETA>
    </VegetationZoneParameters>
  </VegetationZone>
  <SubCatchment>
    <SubCatchmentParameters>
      <KSI>0.001</KSI>
      <KGmin>0.05</KGmin>
      <RangeKG>0.1</RangeKG>
      <AG>0.1</AG>
      <PERC>8.8624631480220959</PERC>
      <Alpha>0</Alpha>
      <UZL>37.344683389470532</UZL>
      <K0>0.061062714086145754</K0>
      <K1>0.64595151559046959</K1>
      <K2>0.14999932754571962</K2>
      <MAXBAS>1.3756646027079718</MAXBAS>
      <Cet>0</Cet>
      <PCALT>10</PCALT>
      <TCALT>0.6</TCALT>
      <Pelev>0</Pelev>
      <Telev>0</Telev>
      <PART>0.5</PART>
      <DELAY>1</DELAY>
    </SubCatchmentParameters>
    <SubCatchmentVegetationZone>
      <SubCatchmentVegetationZoneParameters>
        <TT>1.0937839783797811</TT>
        <CFMAX>2.5297420413284351</CFMAX>
        <SP>0</SP>
        <SFCF>0.50018592688565988</SFCF>
        <CFR>0.075464344010990933</CFR>
        <CWH>0.10001054157603868</CWH>
        <CFGlacier>1</CFGlacier>
        <CFSlope>1</CFSlope>
        <FC>116.10723352538905</FC>
        <LP>0.30000000000630556</LP>
        <BETA>2.0527460004124456</BETA>
      </SubCatchmentVegetationZoneParameters>
    </SubCatchmentVegetationZone>
  </SubCatchment>
</Catchment>