<?xml version="1.0" encoding="utf-8"?>
<Catchment xmlns:xsi="http://www.w3.org/2001/XMLSchema-instance" xmlns:xsd="http://www.w3.org/2001/XMLSchema">
  <CatchmentParameters>
    <KSI>0.001</KSI>
    <KGmin>0.05</KGmin>
    <RangeKG>0.1</RangeKG>
    <AG>0.1</AG>
    <PERC>9.1494715462269784</PERC>
    <Alpha>0</Alpha>
    <UZL>52.407850161123207</UZL>
    <K0>0.52267140435255666</K0>
    <K1>0.59884108320386176</K1>
    <K2>0.149999429805675</K2>
    <MAXBAS>1.3181207022664252</MAXBAS>
    <Cet>0</Cet>
    <PCALT>10</PCALT>
    <TCALT>0.6</TCALT>
    <Pelev>0</Pelev>
    <Telev>0</Telev>
    <PART>0.5</PART>
    <DELAY>1</DELAY>
  </CatchmentParameters>
  <VegetationZone>
    <VegetationZoneParameters>
      <TT>1.2958786162033891</TT>
      <CFMAX>4.8993413433601809</CFMAX>
      <SP>0</SP>
      <SFCF>0.50000024015841971</SFCF>
      <CFR>0.030661914706725076</CFR>
      <CWH>0.1000018817567107</CWH>
      <CFGlacier>1</CFGlacier>
      <CFSlope>1</CFSlope>
      <FC>111.53713356533508</FC>
      <LP>0.30000000002446009</LP>
      <BETA>2.0222609415799457</BETA>
    </VegetationZoneParameters>
  </VegetationZone>
  <SubCatchment>
    <SubCatchmentParameters>
      <KSI>0.001</KSI>
      <KGmin>0.05</KGmin>
      <RangeKG>0.1</RangeKG>
      <AG>0.1</AG>
      <PERC>9.1494715462269784</PERC>
      <Alpha>0</Alpha>
      <UZL>52.407850161123207</UZL>
      <K0>0.52267140435255666</K0>
      <K1>0.59884108320386176</K1>
      <K2>0.149999429805675</K2>
      <MAXBAS>1.3181207022664252</MAXBAS>
      <Cet>0</Cet>
      <PCALT>10</PCALT>
      <TCALT>0.6</TCALT>
      <Pelev>0</Pelev>
      <Telev>0</Telev>
      <PART>0.5</PART>
      <DELAY>1</DELAY>
    </SubCatchmentParameters>
    <SubCatchmentVegetationZone>
      <SubCatchmentVegetationZoneParameters>
        <TT>1.2958786162033891</TT>
        <CFMAX>4.8993413433601809</CFMAX>
        <SP>0</SP>
        <SFCF>0.50000024015841971</SFCF>
        <CFR>0.030661914706725076</CFR>
        <CWH>0.1000018817567107</CWH>
        <CFGlacier>1</CFGlacier>
        <CFSlope>1</CFSlope>
        <FC>111.53713356533508</FC>
        <LP>0.30000000002446009</LP>
        <BETA>2.0222609415799457</BETA>
      </SubCatchmentVegetationZoneParameters>
    </SubCatchmentVegetationZone>
  </SubCatchment>
</Catchment>