<?xml version="1.0" encoding="utf-8"?>
<Catchment xmlns:xsi="http://www.w3.org/2001/XMLSchema-instance" xmlns:xsd="http://www.w3.org/2001/XMLSchema">
  <CatchmentParameters>
    <KSI>0.001</KSI>
    <KGmin>0.05</KGmin>
    <RangeKG>0.1</RangeKG>
    <AG>0.1</AG>
    <PERC>6.1515367497749125</PERC>
    <Alpha>0</Alpha>
    <UZL>133.29458198797514</UZL>
    <K0>0.51505415762429962</K0>
    <K1>0.75508185888704815</K1>
    <K2>0.14999990923170334</K2>
    <MAXBAS>1.3990521856964644</MAXBAS>
    <Cet>0</Cet>
    <PCALT>10</PCALT>
    <TCALT>0.6</TCALT>
    <Pelev>0</Pelev>
    <Telev>0</Telev>
    <PART>0.5</PART>
    <DELAY>1</DELAY>
  </CatchmentParameters>
  <VegetationZone>
    <VegetationZoneParameters>
      <TT>2.4803478417352021</TT>
      <CFMAX>0.50190536919700857</CFMAX>
      <SP>0</SP>
      <SFCF>1.499998415420394</SFCF>
      <CFR>0.036863676060546254</CFR>
      <CWH>0.10000201086669118</CWH>
      <CFGlacier>1</CFGlacier>
      <CFSlope>1</CFSlope>
      <FC>430.49312407225739</FC>
      <LP>0.908684501244715</LP>
      <BETA>2.7370234466054288</BETA>
    </VegetationZoneParameters>
  </VegetationZone>
  <SubCatchment>
    <SubCatchmentParameters>
      <KSI>0.001</KSI>
      <KGmin>0.05</KGmin>
      <RangeKG>0.1</RangeKG>
      <AG>0.1</AG>
      <PERC>6.1515367497749125</PERC>
      <Alpha>0</Alpha>
      <UZL>133.29458198797514</UZL>
      <K0>0.51505415762429962</K0>
      <K1>0.75508185888704815</K1>
      <K2>0.14999990923170334</K2>
      <MAXBAS>1.3990521856964644</MAXBAS>
      <Cet>0</Cet>
      <PCALT>10</PCALT>
      <TCALT>0.6</TCALT>
      <Pelev>0</Pelev>
      <Telev>0</Telev>
      <PART>0.5</PART>
      <DELAY>1</DELAY>
    </SubCatchmentParameters>
    <SubCatchmentVegetationZone>
      <SubCatchmentVegetationZoneParameters>
        <TT>2.4803478417352021</TT>
        <CFMAX>0.50190536919700857</CFMAX>
        <SP>0</SP>
        <SFCF>1.499998415420394</SFCF>
        <CFR>0.036863676060546254</CFR>
        <CWH>0.10000201086669118</CWH>
        <CFGlacier>1</CFGlacier>
        <CFSlope>1</CFSlope>
        <FC>430.49312407225739</FC>
        <LP>0.908684501244715</LP>
        <BETA>2.7370234466054288</BETA>
      </SubCatchmentVegetationZoneParameters>
    </SubCatchmentVegetationZone>
  </SubCatchment>
</Catchment>