<?xml version="1.0" encoding="utf-8"?>
<Catchment xmlns:xsi="http://www.w3.org/2001/XMLSchema-instance" xmlns:xsd="http://www.w3.org/2001/XMLSchema">
  <CatchmentParameters>
    <KSI>0.001</KSI>
    <KGmin>0.05</KGmin>
    <RangeKG>0.1</RangeKG>
    <AG>0.1</AG>
    <PERC>9.99978339782471</PERC>
    <Alpha>0</Alpha>
    <UZL>131.88744820881453</UZL>
    <K0>0.27713160994356972</K0>
    <K1>0.44802600163500433</K1>
    <K2>0.10600728195100982</K2>
    <MAXBAS>1.1249445660341912</MAXBAS>
    <Cet>0</Cet>
    <PCALT>10</PCALT>
    <TCALT>0.6</TCALT>
    <Pelev>0</Pelev>
    <Telev>0</Telev>
    <PART>0.5</PART>
    <DELAY>1</DELAY>
  </CatchmentParameters>
  <VegetationZone>
    <VegetationZoneParameters>
      <TT>1.2456853141650759</TT>
      <CFMAX>3.9882437981711671</CFMAX>
      <SP>0</SP>
      <SFCF>0.50007828448718306</SFCF>
      <CFR>0.063467183091732521</CFR>
      <CWH>0.10000198789760742</CWH>
      <CFGlacier>1</CFGlacier>
      <CFSlope>1</CFSlope>
      <FC>87.002494570868421</FC>
      <LP>0.30000087555851884</LP>
      <BETA>2.4852456973163064</BETA>
    </VegetationZoneParameters>
  </VegetationZone>
  <SubCatchment>
    <SubCatchmentParameters>
      <KSI>0.001</KSI>
      <KGmin>0.05</KGmin>
      <RangeKG>0.1</RangeKG>
      <AG>0.1</AG>
      <PERC>9.99978339782471</PERC>
      <Alpha>0</Alpha>
      <UZL>131.88744820881453</UZL>
      <K0>0.27713160994356972</K0>
      <K1>0.44802600163500433</K1>
      <K2>0.10600728195100982</K2>
      <MAXBAS>1.1249445660341912</MAXBAS>
      <Cet>0</Cet>
      <PCALT>10</PCALT>
      <TCALT>0.6</TCALT>
      <Pelev>0</Pelev>
      <Telev>0</Telev>
      <PART>0.5</PART>
      <DELAY>1</DELAY>
    </SubCatchmentParameters>
    <SubCatchmentVegetationZone>
      <SubCatchmentVegetationZoneParameters>
        <TT>1.2456853141650759</TT>
        <CFMAX>3.9882437981711671</CFMAX>
        <SP>0</SP>
        <SFCF>0.50007828448718306</SFCF>
        <CFR>0.063467183091732521</CFR>
        <CWH>0.10000198789760742</CWH>
        <CFGlacier>1</CFGlacier>
        <CFSlope>1</CFSlope>
        <FC>87.002494570868421</FC>
        <LP>0.30000087555851884</LP>
        <BETA>2.4852456973163064</BETA>
      </SubCatchmentVegetationZoneParameters>
    </SubCatchmentVegetationZone>
  </SubCatchment>
</Catchment>