<?xml version="1.0" encoding="utf-8"?>
<Catchment xmlns:xsi="http://www.w3.org/2001/XMLSchema-instance" xmlns:xsd="http://www.w3.org/2001/XMLSchema">
  <CatchmentParameters>
    <KSI>0.001</KSI>
    <KGmin>0.05</KGmin>
    <RangeKG>0.1</RangeKG>
    <AG>0.1</AG>
    <PERC>5.5013529531614962</PERC>
    <Alpha>0</Alpha>
    <UZL>7.9209979318891346</UZL>
    <K0>0.98999745452194443</K0>
    <K1>0.57860262420658415</K1>
    <K2>0.064229522138763637</K2>
    <MAXBAS>1</MAXBAS>
    <Cet>0</Cet>
    <PCALT>10</PCALT>
    <TCALT>0.6</TCALT>
    <Pelev>0</Pelev>
    <Telev>0</Telev>
    <PART>0.5</PART>
    <DELAY>1</DELAY>
  </CatchmentParameters>
  <VegetationZone>
    <VegetationZoneParameters>
      <TT>1.3804850321397717</TT>
      <CFMAX>1.0732968802541125</CFMAX>
      <SP>0</SP>
      <SFCF>0.59007736930219457</SFCF>
      <CFR>0.099999930919843355</CFR>
      <CWH>0.10000026152828513</CWH>
      <CFGlacier>1</CFGlacier>
      <CFSlope>1</CFSlope>
      <FC>2144.9964889685552</FC>
      <LP>0.94584846545937984</LP>
      <BETA>3.2510792901439793</BETA>
    </VegetationZoneParameters>
  </VegetationZone>
  <SubCatchment>
    <SubCatchmentParameters>
      <KSI>0.001</KSI>
      <KGmin>0.05</KGmin>
      <RangeKG>0.1</RangeKG>
      <AG>0.1</AG>
      <PERC>5.5013529531614962</PERC>
      <Alpha>0</Alpha>
      <UZL>7.9209979318891346</UZL>
      <K0>0.98999745452194443</K0>
      <K1>0.57860262420658415</K1>
      <K2>0.064229522138763637</K2>
      <MAXBAS>1</MAXBAS>
      <Cet>0</Cet>
      <PCALT>10</PCALT>
      <TCALT>0.6</TCALT>
      <Pelev>0</Pelev>
      <Telev>0</Telev>
      <PART>0.5</PART>
      <DELAY>1</DELAY>
    </SubCatchmentParameters>
    <SubCatchmentVegetationZone>
      <SubCatchmentVegetationZoneParameters>
        <TT>1.3804850321397717</TT>
        <CFMAX>1.0732968802541125</CFMAX>
        <SP>0</SP>
        <SFCF>0.59007736930219457</SFCF>
        <CFR>0.099999930919843355</CFR>
        <CWH>0.10000026152828513</CWH>
        <CFGlacier>1</CFGlacier>
        <CFSlope>1</CFSlope>
        <FC>2144.9964889685552</FC>
        <LP>0.94584846545937984</LP>
        <BETA>3.2510792901439793</BETA>
      </SubCatchmentVegetationZoneParameters>
    </SubCatchmentVegetationZone>
  </SubCatchment>
</Catchment>