<?xml version="1.0" encoding="utf-8"?>
<Catchment xmlns:xsi="http://www.w3.org/2001/XMLSchema-instance" xmlns:xsd="http://www.w3.org/2001/XMLSchema">
  <CatchmentParameters>
    <KSI>0.001</KSI>
    <KGmin>0.05</KGmin>
    <RangeKG>0.1</RangeKG>
    <AG>0.1</AG>
    <PERC>4.548992385376053</PERC>
    <Alpha>0</Alpha>
    <UZL>125.24490833244455</UZL>
    <K0>0.98976540681346692</K0>
    <K1>0.61753715611632409</K1>
    <K2>0.08320553258640373</K2>
    <MAXBAS>1</MAXBAS>
    <Cet>0</Cet>
    <PCALT>10</PCALT>
    <TCALT>0.6</TCALT>
    <Pelev>0</Pelev>
    <Telev>0</Telev>
    <PART>0.5</PART>
    <DELAY>1</DELAY>
  </CatchmentParameters>
  <VegetationZone>
    <VegetationZoneParameters>
      <TT>0.9339590271715611</TT>
      <CFMAX>0.51485176272279665</CFMAX>
      <SP>0</SP>
      <SFCF>1.3999593945842832</SFCF>
      <CFR>0.070372075984471982</CFR>
      <CWH>0.19999798772614497</CWH>
      <CFGlacier>1</CFGlacier>
      <CFSlope>1</CFSlope>
      <FC>603.75997875907</FC>
      <LP>0.71443192100696207</LP>
      <BETA>2.0082707852345902</BETA>
    </VegetationZoneParameters>
  </VegetationZone>
  <SubCatchment>
    <SubCatchmentParameters>
      <KSI>0.001</KSI>
      <KGmin>0.05</KGmin>
      <RangeKG>0.1</RangeKG>
      <AG>0.1</AG>
      <PERC>4.548992385376053</PERC>
      <Alpha>0</Alpha>
      <UZL>125.24490833244455</UZL>
      <K0>0.98976540681346692</K0>
      <K1>0.61753715611632409</K1>
      <K2>0.08320553258640373</K2>
      <MAXBAS>1</MAXBAS>
      <Cet>0</Cet>
      <PCALT>10</PCALT>
      <TCALT>0.6</TCALT>
      <Pelev>0</Pelev>
      <Telev>0</Telev>
      <PART>0.5</PART>
      <DELAY>1</DELAY>
    </SubCatchmentParameters>
    <SubCatchmentVegetationZone>
      <SubCatchmentVegetationZoneParameters>
        <TT>0.9339590271715611</TT>
        <CFMAX>0.51485176272279665</CFMAX>
        <SP>0</SP>
        <SFCF>1.3999593945842832</SFCF>
        <CFR>0.070372075984471982</CFR>
        <CWH>0.19999798772614497</CWH>
        <CFGlacier>1</CFGlacier>
        <CFSlope>1</CFSlope>
        <FC>603.75997875907</FC>
        <LP>0.71443192100696207</LP>
        <BETA>2.0082707852345902</BETA>
      </SubCatchmentVegetationZoneParameters>
    </SubCatchmentVegetationZone>
  </SubCatchment>
</Catchment>