<?xml version="1.0" encoding="utf-8"?>
<Catchment xmlns:xsi="http://www.w3.org/2001/XMLSchema-instance" xmlns:xsd="http://www.w3.org/2001/XMLSchema">
  <CatchmentParameters>
    <KSI>0.001</KSI>
    <KGmin>0.05</KGmin>
    <RangeKG>0.1</RangeKG>
    <AG>0.1</AG>
    <PERC>4.8209483786759657</PERC>
    <Alpha>0</Alpha>
    <UZL>43.19165241207584</UZL>
    <K0>0.56614200369697909</K0>
    <K1>0.64064260921713667</K1>
    <K2>0.078860674587437715</K2>
    <MAXBAS>1</MAXBAS>
    <Cet>0</Cet>
    <PCALT>10</PCALT>
    <TCALT>0.6</TCALT>
    <Pelev>0</Pelev>
    <Telev>0</Telev>
    <PART>0.5</PART>
    <DELAY>1</DELAY>
  </CatchmentParameters>
  <VegetationZone>
    <VegetationZoneParameters>
      <TT>1.7587540883860005</TT>
      <CFMAX>0.61660256509426925</CFMAX>
      <SP>0</SP>
      <SFCF>1.4354725113487097</SFCF>
      <CFR>0.037672526502677585</CFR>
      <CWH>0.19999593968900858</CWH>
      <CFGlacier>1</CFGlacier>
      <CFSlope>1</CFSlope>
      <FC>503.65138424609137</FC>
      <LP>0.88746666816399689</LP>
      <BETA>2.8076310712950532</BETA>
    </VegetationZoneParameters>
  </VegetationZone>
  <SubCatchment>
    <SubCatchmentParameters>
      <KSI>0.001</KSI>
      <KGmin>0.05</KGmin>
      <RangeKG>0.1</RangeKG>
      <AG>0.1</AG>
      <PERC>4.8209483786759657</PERC>
      <Alpha>0</Alpha>
      <UZL>43.19165241207584</UZL>
      <K0>0.56614200369697909</K0>
      <K1>0.64064260921713667</K1>
      <K2>0.078860674587437715</K2>
      <MAXBAS>1</MAXBAS>
      <Cet>0</Cet>
      <PCALT>10</PCALT>
      <TCALT>0.6</TCALT>
      <Pelev>0</Pelev>
      <Telev>0</Telev>
      <PART>0.5</PART>
      <DELAY>1</DELAY>
    </SubCatchmentParameters>
    <SubCatchmentVegetationZone>
      <SubCatchmentVegetationZoneParameters>
        <TT>1.7587540883860005</TT>
        <CFMAX>0.61660256509426925</CFMAX>
        <SP>0</SP>
        <SFCF>1.4354725113487097</SFCF>
        <CFR>0.037672526502677585</CFR>
        <CWH>0.19999593968900858</CWH>
        <CFGlacier>1</CFGlacier>
        <CFSlope>1</CFSlope>
        <FC>503.65138424609137</FC>
        <LP>0.88746666816399689</LP>
        <BETA>2.8076310712950532</BETA>
      </SubCatchmentVegetationZoneParameters>
    </SubCatchmentVegetationZone>
  </SubCatchment>
</Catchment>