<?xml version="1.0" encoding="utf-8"?>
<Catchment xmlns:xsi="http://www.w3.org/2001/XMLSchema-instance" xmlns:xsd="http://www.w3.org/2001/XMLSchema">
  <CatchmentParameters>
    <KSI>0.001</KSI>
    <KGmin>0.05</KGmin>
    <RangeKG>0.1</RangeKG>
    <AG>0.1</AG>
    <PERC>5.0616941755136811</PERC>
    <Alpha>0</Alpha>
    <UZL>165.02071421312397</UZL>
    <K0>0.60153058798237846</K0>
    <K1>0.79999576849867515</K1>
    <K2>0.14999919749196528</K2>
    <MAXBAS>1.4083223306761827</MAXBAS>
    <Cet>0</Cet>
    <PCALT>10</PCALT>
    <TCALT>0.6</TCALT>
    <Pelev>0</Pelev>
    <Telev>0</Telev>
    <PART>0.5</PART>
    <DELAY>1</DELAY>
  </CatchmentParameters>
  <VegetationZone>
    <VegetationZoneParameters>
      <TT>2.3910639880198641</TT>
      <CFMAX>0.50000888814287137</CFMAX>
      <SP>0</SP>
      <SFCF>1.499999302961132</SFCF>
      <CFR>0.010533027240352943</CFR>
      <CWH>0.10000237595223335</CWH>
      <CFGlacier>1</CFGlacier>
      <CFSlope>1</CFSlope>
      <FC>392.52539528601596</FC>
      <LP>0.99999986267096652</LP>
      <BETA>4.1989029607641033</BETA>
    </VegetationZoneParameters>
  </VegetationZone>
  <SubCatchment>
    <SubCatchmentParameters>
      <KSI>0.001</KSI>
      <KGmin>0.05</KGmin>
      <RangeKG>0.1</RangeKG>
      <AG>0.1</AG>
      <PERC>5.0616941755136811</PERC>
      <Alpha>0</Alpha>
      <UZL>165.02071421312397</UZL>
      <K0>0.60153058798237846</K0>
      <K1>0.79999576849867515</K1>
      <K2>0.14999919749196528</K2>
      <MAXBAS>1.4083223306761827</MAXBAS>
      <Cet>0</Cet>
      <PCALT>10</PCALT>
      <TCALT>0.6</TCALT>
      <Pelev>0</Pelev>
      <Telev>0</Telev>
      <PART>0.5</PART>
      <DELAY>1</DELAY>
    </SubCatchmentParameters>
    <SubCatchmentVegetationZone>
      <SubCatchmentVegetationZoneParameters>
        <TT>2.3910639880198641</TT>
        <CFMAX>0.50000888814287137</CFMAX>
        <SP>0</SP>
        <SFCF>1.499999302961132</SFCF>
        <CFR>0.010533027240352943</CFR>
        <CWH>0.10000237595223335</CWH>
        <CFGlacier>1</CFGlacier>
        <CFSlope>1</CFSlope>
        <FC>392.52539528601596</FC>
        <LP>0.99999986267096652</LP>
        <BETA>4.1989029607641033</BETA>
      </SubCatchmentVegetationZoneParameters>
    </SubCatchmentVegetationZone>
  </SubCatchment>
</Catchment>