<?xml version="1.0" encoding="utf-8"?>
<Catchment xmlns:xsi="http://www.w3.org/2001/XMLSchema-instance" xmlns:xsd="http://www.w3.org/2001/XMLSchema">
  <CatchmentParameters>
    <KSI>0.001</KSI>
    <KGmin>0.05</KGmin>
    <RangeKG>0.1</RangeKG>
    <AG>0.1</AG>
    <PERC>5.6058488610204238</PERC>
    <Alpha>0</Alpha>
    <UZL>7.8473238090706428</UZL>
    <K0>0.9899976532501289</K0>
    <K1>0.6338471283855095</K1>
    <K2>0.066569820511724109</K2>
    <MAXBAS>1</MAXBAS>
    <Cet>0</Cet>
    <PCALT>10</PCALT>
    <TCALT>0.6</TCALT>
    <Pelev>0</Pelev>
    <Telev>0</Telev>
    <PART>0.5</PART>
    <DELAY>1</DELAY>
  </CatchmentParameters>
  <VegetationZone>
    <VegetationZoneParameters>
      <TT>0.89819579269090277</TT>
      <CFMAX>0.52196104240108643</CFMAX>
      <SP>0</SP>
      <SFCF>0.69604589278855933</SFCF>
      <CFR>0.016707238276343461</CFR>
      <CWH>0.19999568785114535</CWH>
      <CFGlacier>1</CFGlacier>
      <CFSlope>1</CFSlope>
      <FC>2267.8969220149129</FC>
      <LP>0.87146749934442491</LP>
      <BETA>2.9045497912102149</BETA>
    </VegetationZoneParameters>
  </VegetationZone>
  <SubCatchment>
    <SubCatchmentParameters>
      <KSI>0.001</KSI>
      <KGmin>0.05</KGmin>
      <RangeKG>0.1</RangeKG>
      <AG>0.1</AG>
      <PERC>5.6058488610204238</PERC>
      <Alpha>0</Alpha>
      <UZL>7.8473238090706428</UZL>
      <K0>0.9899976532501289</K0>
      <K1>0.6338471283855095</K1>
      <K2>0.066569820511724109</K2>
      <MAXBAS>1</MAXBAS>
      <Cet>0</Cet>
      <PCALT>10</PCALT>
      <TCALT>0.6</TCALT>
      <Pelev>0</Pelev>
      <Telev>0</Telev>
      <PART>0.5</PART>
      <DELAY>1</DELAY>
    </SubCatchmentParameters>
    <SubCatchmentVegetationZone>
      <SubCatchmentVegetationZoneParameters>
        <TT>0.89819579269090277</TT>
        <CFMAX>0.52196104240108643</CFMAX>
        <SP>0</SP>
        <SFCF>0.69604589278855933</SFCF>
        <CFR>0.016707238276343461</CFR>
        <CWH>0.19999568785114535</CWH>
        <CFGlacier>1</CFGlacier>
        <CFSlope>1</CFSlope>
        <FC>2267.8969220149129</FC>
        <LP>0.87146749934442491</LP>
        <BETA>2.9045497912102149</BETA>
      </SubCatchmentVegetationZoneParameters>
    </SubCatchmentVegetationZone>
  </SubCatchment>
</Catchment>