<?xml version="1.0" encoding="utf-8"?>
<Catchment xmlns:xsi="http://www.w3.org/2001/XMLSchema-instance" xmlns:xsd="http://www.w3.org/2001/XMLSchema">
  <CatchmentParameters>
    <KSI>0.001</KSI>
    <KGmin>0.05</KGmin>
    <RangeKG>0.1</RangeKG>
    <AG>0.1</AG>
    <PERC>5.4599430509063431</PERC>
    <Alpha>0</Alpha>
    <UZL>102.37243806939553</UZL>
    <K0>0.37135280485877792</K0>
    <K1>0.74239074616326428</K1>
    <K2>0.1499994869105041</K2>
    <MAXBAS>1.4018103939205768</MAXBAS>
    <Cet>0</Cet>
    <PCALT>10</PCALT>
    <TCALT>0.6</TCALT>
    <Pelev>0</Pelev>
    <Telev>0</Telev>
    <PART>0.5</PART>
    <DELAY>1</DELAY>
  </CatchmentParameters>
  <VegetationZone>
    <VegetationZoneParameters>
      <TT>2.4354864423859697</TT>
      <CFMAX>0.50683597861980156</CFMAX>
      <SP>0</SP>
      <SFCF>1.4999985227212034</SFCF>
      <CFR>0.030979779027742852</CFR>
      <CWH>0.13770987524303446</CWH>
      <CFGlacier>1</CFGlacier>
      <CFSlope>1</CFSlope>
      <FC>446.24042146085969</FC>
      <LP>0.783458618918395</LP>
      <BETA>2.1348059304134948</BETA>
    </VegetationZoneParameters>
  </VegetationZone>
  <SubCatchment>
    <SubCatchmentParameters>
      <KSI>0.001</KSI>
      <KGmin>0.05</KGmin>
      <RangeKG>0.1</RangeKG>
      <AG>0.1</AG>
      <PERC>5.4599430509063431</PERC>
      <Alpha>0</Alpha>
      <UZL>102.37243806939553</UZL>
      <K0>0.37135280485877792</K0>
      <K1>0.74239074616326428</K1>
      <K2>0.1499994869105041</K2>
      <MAXBAS>1.4018103939205768</MAXBAS>
      <Cet>0</Cet>
      <PCALT>10</PCALT>
      <TCALT>0.6</TCALT>
      <Pelev>0</Pelev>
      <Telev>0</Telev>
      <PART>0.5</PART>
      <DELAY>1</DELAY>
    </SubCatchmentParameters>
    <SubCatchmentVegetationZone>
      <SubCatchmentVegetationZoneParameters>
        <TT>2.4354864423859697</TT>
        <CFMAX>0.50683597861980156</CFMAX>
        <SP>0</SP>
        <SFCF>1.4999985227212034</SFCF>
        <CFR>0.030979779027742852</CFR>
        <CWH>0.13770987524303446</CWH>
        <CFGlacier>1</CFGlacier>
        <CFSlope>1</CFSlope>
        <FC>446.24042146085969</FC>
        <LP>0.783458618918395</LP>
        <BETA>2.1348059304134948</BETA>
      </SubCatchmentVegetationZoneParameters>
    </SubCatchmentVegetationZone>
  </SubCatchment>
</Catchment>