<?xml version="1.0" encoding="utf-8"?>
<Catchment xmlns:xsi="http://www.w3.org/2001/XMLSchema-instance" xmlns:xsd="http://www.w3.org/2001/XMLSchema">
  <CatchmentParameters>
    <KSI>0.001</KSI>
    <KGmin>0.05</KGmin>
    <RangeKG>0.1</RangeKG>
    <AG>0.1</AG>
    <PERC>4.6734591636117013</PERC>
    <Alpha>0</Alpha>
    <UZL>137.75984537150063</UZL>
    <K0>0.53144871383185854</K0>
    <K1>0.5393469812351076</K1>
    <K2>0.074305996302442251</K2>
    <MAXBAS>1</MAXBAS>
    <Cet>0</Cet>
    <PCALT>10</PCALT>
    <TCALT>0.6</TCALT>
    <Pelev>0</Pelev>
    <Telev>0</Telev>
    <PART>0.5</PART>
    <DELAY>1</DELAY>
  </CatchmentParameters>
  <VegetationZone>
    <VegetationZoneParameters>
      <TT>1.7019459684620784</TT>
      <CFMAX>0.56875167185390341</CFMAX>
      <SP>0</SP>
      <SFCF>1.3590352437800684</SFCF>
      <CFR>0.029700686806106456</CFR>
      <CWH>0.10000000005097895</CWH>
      <CFGlacier>1</CFGlacier>
      <CFSlope>1</CFSlope>
      <FC>285.80613993750228</FC>
      <LP>0.72911310115265293</LP>
      <BETA>2.3750819616288075</BETA>
    </VegetationZoneParameters>
  </VegetationZone>
  <SubCatchment>
    <SubCatchmentParameters>
      <KSI>0.001</KSI>
      <KGmin>0.05</KGmin>
      <RangeKG>0.1</RangeKG>
      <AG>0.1</AG>
      <PERC>4.6734591636117013</PERC>
      <Alpha>0</Alpha>
      <UZL>137.75984537150063</UZL>
      <K0>0.53144871383185854</K0>
      <K1>0.5393469812351076</K1>
      <K2>0.074305996302442251</K2>
      <MAXBAS>1</MAXBAS>
      <Cet>0</Cet>
      <PCALT>10</PCALT>
      <TCALT>0.6</TCALT>
      <Pelev>0</Pelev>
      <Telev>0</Telev>
      <PART>0.5</PART>
      <DELAY>1</DELAY>
    </SubCatchmentParameters>
    <SubCatchmentVegetationZone>
      <SubCatchmentVegetationZoneParameters>
        <TT>1.7019459684620784</TT>
        <CFMAX>0.56875167185390341</CFMAX>
        <SP>0</SP>
        <SFCF>1.3590352437800684</SFCF>
        <CFR>0.029700686806106456</CFR>
        <CWH>0.10000000005097895</CWH>
        <CFGlacier>1</CFGlacier>
        <CFSlope>1</CFSlope>
        <FC>285.80613993750228</FC>
        <LP>0.72911310115265293</LP>
        <BETA>2.3750819616288075</BETA>
      </SubCatchmentVegetationZoneParameters>
    </SubCatchmentVegetationZone>
  </SubCatchment>
</Catchment>