<?xml version="1.0" encoding="utf-8"?>
<Catchment xmlns:xsi="http://www.w3.org/2001/XMLSchema-instance" xmlns:xsd="http://www.w3.org/2001/XMLSchema">
  <CatchmentParameters>
    <KSI>0.001</KSI>
    <KGmin>0.05</KGmin>
    <RangeKG>0.1</RangeKG>
    <AG>0.1</AG>
    <PERC>9.99999334006594</PERC>
    <Alpha>0</Alpha>
    <UZL>146.36975394420944</UZL>
    <K0>0.0732074729009007</K0>
    <K1>0.58736982001595428</K1>
    <K2>0.13485152593705602</K2>
    <MAXBAS>1.3503457388100069</MAXBAS>
    <Cet>0</Cet>
    <PCALT>10</PCALT>
    <TCALT>0.6</TCALT>
    <Pelev>0</Pelev>
    <Telev>0</Telev>
    <PART>0.5</PART>
    <DELAY>1</DELAY>
  </CatchmentParameters>
  <VegetationZone>
    <VegetationZoneParameters>
      <TT>1.1492072188235352</TT>
      <CFMAX>2.9183414571034909</CFMAX>
      <SP>0</SP>
      <SFCF>0.5000000483105761</SFCF>
      <CFR>0.0055329875553322486</CFR>
      <CWH>0.10000458121945471</CWH>
      <CFGlacier>1</CFGlacier>
      <CFSlope>1</CFSlope>
      <FC>106.43096979493836</FC>
      <LP>0.46763231243284825</LP>
      <BETA>2.7624913574886394</BETA>
    </VegetationZoneParameters>
  </VegetationZone>
  <SubCatchment>
    <SubCatchmentParameters>
      <KSI>0.001</KSI>
      <KGmin>0.05</KGmin>
      <RangeKG>0.1</RangeKG>
      <AG>0.1</AG>
      <PERC>9.99999334006594</PERC>
      <Alpha>0</Alpha>
      <UZL>146.36975394420944</UZL>
      <K0>0.0732074729009007</K0>
      <K1>0.58736982001595428</K1>
      <K2>0.13485152593705602</K2>
      <MAXBAS>1.3503457388100069</MAXBAS>
      <Cet>0</Cet>
      <PCALT>10</PCALT>
      <TCALT>0.6</TCALT>
      <Pelev>0</Pelev>
      <Telev>0</Telev>
      <PART>0.5</PART>
      <DELAY>1</DELAY>
    </SubCatchmentParameters>
    <SubCatchmentVegetationZone>
      <SubCatchmentVegetationZoneParameters>
        <TT>1.1492072188235352</TT>
        <CFMAX>2.9183414571034909</CFMAX>
        <SP>0</SP>
        <SFCF>0.5000000483105761</SFCF>
        <CFR>0.0055329875553322486</CFR>
        <CWH>0.10000458121945471</CWH>
        <CFGlacier>1</CFGlacier>
        <CFSlope>1</CFSlope>
        <FC>106.43096979493836</FC>
        <LP>0.46763231243284825</LP>
        <BETA>2.7624913574886394</BETA>
      </SubCatchmentVegetationZoneParameters>
    </SubCatchmentVegetationZone>
  </SubCatchment>
</Catchment>