<?xml version="1.0" encoding="utf-8"?>
<Catchment xmlns:xsi="http://www.w3.org/2001/XMLSchema-instance" xmlns:xsd="http://www.w3.org/2001/XMLSchema">
  <CatchmentParameters>
    <KSI>0.001</KSI>
    <KGmin>0.05</KGmin>
    <RangeKG>0.1</RangeKG>
    <AG>0.1</AG>
    <PERC>7.5382132905223731</PERC>
    <Alpha>0</Alpha>
    <UZL>27.721282414264902</UZL>
    <K0>0.98999859975254123</K0>
    <K1>0.3662010304632855</K1>
    <K2>0.11114300198199248</K2>
    <MAXBAS>1.1094833930561179</MAXBAS>
    <Cet>0</Cet>
    <PCALT>10</PCALT>
    <TCALT>0.6</TCALT>
    <Pelev>0</Pelev>
    <Telev>0</Telev>
    <PART>0.5</PART>
    <DELAY>1</DELAY>
  </CatchmentParameters>
  <VegetationZone>
    <VegetationZoneParameters>
      <TT>-1.0262437111854985</TT>
      <CFMAX>1.2048831618446876</CFMAX>
      <SP>0</SP>
      <SFCF>0.50000000007429068</SFCF>
      <CFR>0.045871619023734482</CFR>
      <CWH>0.19967234011432525</CWH>
      <CFGlacier>1</CFGlacier>
      <CFSlope>1</CFSlope>
      <FC>93.525616314239272</FC>
      <LP>0.30000006082238173</LP>
      <BETA>2.361905337238118</BETA>
    </VegetationZoneParameters>
  </VegetationZone>
  <SubCatchment>
    <SubCatchmentParameters>
      <KSI>0.001</KSI>
      <KGmin>0.05</KGmin>
      <RangeKG>0.1</RangeKG>
      <AG>0.1</AG>
      <PERC>7.5382132905223731</PERC>
      <Alpha>0</Alpha>
      <UZL>27.721282414264902</UZL>
      <K0>0.98999859975254123</K0>
      <K1>0.3662010304632855</K1>
      <K2>0.11114300198199248</K2>
      <MAXBAS>1.1094833930561179</MAXBAS>
      <Cet>0</Cet>
      <PCALT>10</PCALT>
      <TCALT>0.6</TCALT>
      <Pelev>0</Pelev>
      <Telev>0</Telev>
      <PART>0.5</PART>
      <DELAY>1</DELAY>
    </SubCatchmentParameters>
    <SubCatchmentVegetationZone>
      <SubCatchmentVegetationZoneParameters>
        <TT>-1.0262437111854985</TT>
        <CFMAX>1.2048831618446876</CFMAX>
        <SP>0</SP>
        <SFCF>0.50000000007429068</SFCF>
        <CFR>0.045871619023734482</CFR>
        <CWH>0.19967234011432525</CWH>
        <CFGlacier>1</CFGlacier>
        <CFSlope>1</CFSlope>
        <FC>93.525616314239272</FC>
        <LP>0.30000006082238173</LP>
        <BETA>2.361905337238118</BETA>
      </SubCatchmentVegetationZoneParameters>
    </SubCatchmentVegetationZone>
  </SubCatchment>
</Catchment>