<?xml version="1.0" encoding="utf-8"?>
<Catchment xmlns:xsi="http://www.w3.org/2001/XMLSchema-instance" xmlns:xsd="http://www.w3.org/2001/XMLSchema">
  <CatchmentParameters>
    <KSI>0.001</KSI>
    <KGmin>0.05</KGmin>
    <RangeKG>0.1</RangeKG>
    <AG>0.1</AG>
    <PERC>4.633233222030154</PERC>
    <Alpha>0</Alpha>
    <UZL>85.841230501137375</UZL>
    <K0>0.58572280589028425</K0>
    <K1>0.52007047309204035</K1>
    <K2>0.069947642862985659</K2>
    <MAXBAS>1</MAXBAS>
    <Cet>0</Cet>
    <PCALT>10</PCALT>
    <TCALT>0.6</TCALT>
    <Pelev>0</Pelev>
    <Telev>0</Telev>
    <PART>0.5</PART>
    <DELAY>1</DELAY>
  </CatchmentParameters>
  <VegetationZone>
    <VegetationZoneParameters>
      <TT>2.4788934705050889</TT>
      <CFMAX>0.50027449706210947</CFMAX>
      <SP>0</SP>
      <SFCF>0.9539670589926178</SFCF>
      <CFR>0.030040434516769424</CFR>
      <CWH>0.10007101285630893</CWH>
      <CFGlacier>1</CFGlacier>
      <CFSlope>1</CFSlope>
      <FC>309.05669947201073</FC>
      <LP>0.63107319284317209</LP>
      <BETA>1.8931834709983666</BETA>
    </VegetationZoneParameters>
  </VegetationZone>
  <SubCatchment>
    <SubCatchmentParameters>
      <KSI>0.001</KSI>
      <KGmin>0.05</KGmin>
      <RangeKG>0.1</RangeKG>
      <AG>0.1</AG>
      <PERC>4.633233222030154</PERC>
      <Alpha>0</Alpha>
      <UZL>85.841230501137375</UZL>
      <K0>0.58572280589028425</K0>
      <K1>0.52007047309204035</K1>
      <K2>0.069947642862985659</K2>
      <MAXBAS>1</MAXBAS>
      <Cet>0</Cet>
      <PCALT>10</PCALT>
      <TCALT>0.6</TCALT>
      <Pelev>0</Pelev>
      <Telev>0</Telev>
      <PART>0.5</PART>
      <DELAY>1</DELAY>
    </SubCatchmentParameters>
    <SubCatchmentVegetationZone>
      <SubCatchmentVegetationZoneParameters>
        <TT>2.4788934705050889</TT>
        <CFMAX>0.50027449706210947</CFMAX>
        <SP>0</SP>
        <SFCF>0.9539670589926178</SFCF>
        <CFR>0.030040434516769424</CFR>
        <CWH>0.10007101285630893</CWH>
        <CFGlacier>1</CFGlacier>
        <CFSlope>1</CFSlope>
        <FC>309.05669947201073</FC>
        <LP>0.63107319284317209</LP>
        <BETA>1.8931834709983666</BETA>
      </SubCatchmentVegetationZoneParameters>
    </SubCatchmentVegetationZone>
  </SubCatchment>
</Catchment>