<?xml version="1.0" encoding="utf-8"?>
<Catchment xmlns:xsi="http://www.w3.org/2001/XMLSchema-instance" xmlns:xsd="http://www.w3.org/2001/XMLSchema">
  <CatchmentParameters>
    <KSI>0.001</KSI>
    <KGmin>0.05</KGmin>
    <RangeKG>0.1</RangeKG>
    <AG>0.1</AG>
    <PERC>7.513288149371137</PERC>
    <Alpha>0</Alpha>
    <UZL>22.865316520032096</UZL>
    <K0>0.98999827014700414</K0>
    <K1>0.39934505972384693</K1>
    <K2>0.14862042278542945</K2>
    <MAXBAS>1.1505868403744894</MAXBAS>
    <Cet>0</Cet>
    <PCALT>10</PCALT>
    <TCALT>0.6</TCALT>
    <Pelev>0</Pelev>
    <Telev>0</Telev>
    <PART>0.5</PART>
    <DELAY>1</DELAY>
  </CatchmentParameters>
  <VegetationZone>
    <VegetationZoneParameters>
      <TT>1.6319652596405345</TT>
      <CFMAX>4.9977905047511086</CFMAX>
      <SP>0</SP>
      <SFCF>0.50000009447020677</SFCF>
      <CFR>0.063650338047255534</CFR>
      <CWH>0.10000232142425364</CWH>
      <CFGlacier>1</CFGlacier>
      <CFSlope>1</CFSlope>
      <FC>114.30014201214098</FC>
      <LP>0.42907000025674608</LP>
      <BETA>2.5571412002219907</BETA>
    </VegetationZoneParameters>
  </VegetationZone>
  <SubCatchment>
    <SubCatchmentParameters>
      <KSI>0.001</KSI>
      <KGmin>0.05</KGmin>
      <RangeKG>0.1</RangeKG>
      <AG>0.1</AG>
      <PERC>7.513288149371137</PERC>
      <Alpha>0</Alpha>
      <UZL>22.865316520032096</UZL>
      <K0>0.98999827014700414</K0>
      <K1>0.39934505972384693</K1>
      <K2>0.14862042278542945</K2>
      <MAXBAS>1.1505868403744894</MAXBAS>
      <Cet>0</Cet>
      <PCALT>10</PCALT>
      <TCALT>0.6</TCALT>
      <Pelev>0</Pelev>
      <Telev>0</Telev>
      <PART>0.5</PART>
      <DELAY>1</DELAY>
    </SubCatchmentParameters>
    <SubCatchmentVegetationZone>
      <SubCatchmentVegetationZoneParameters>
        <TT>1.6319652596405345</TT>
        <CFMAX>4.9977905047511086</CFMAX>
        <SP>0</SP>
        <SFCF>0.50000009447020677</SFCF>
        <CFR>0.063650338047255534</CFR>
        <CWH>0.10000232142425364</CWH>
        <CFGlacier>1</CFGlacier>
        <CFSlope>1</CFSlope>
        <FC>114.30014201214098</FC>
        <LP>0.42907000025674608</LP>
        <BETA>2.5571412002219907</BETA>
      </SubCatchmentVegetationZoneParameters>
    </SubCatchmentVegetationZone>
  </SubCatchment>
</Catchment>