<?xml version="1.0" encoding="utf-8"?>
<Catchment xmlns:xsi="http://www.w3.org/2001/XMLSchema-instance" xmlns:xsd="http://www.w3.org/2001/XMLSchema">
  <CatchmentParameters>
    <KSI>0.001</KSI>
    <KGmin>0.05</KGmin>
    <RangeKG>0.1</RangeKG>
    <AG>0.1</AG>
    <PERC>4.4988819071502251</PERC>
    <Alpha>0</Alpha>
    <UZL>155.99094992684707</UZL>
    <K0>0.36235651708901456</K0>
    <K1>0.59225688851295333</K1>
    <K2>0.07662288179682869</K2>
    <MAXBAS>1</MAXBAS>
    <Cet>0</Cet>
    <PCALT>10</PCALT>
    <TCALT>0.6</TCALT>
    <Pelev>0</Pelev>
    <Telev>0</Telev>
    <PART>0.5</PART>
    <DELAY>1</DELAY>
  </CatchmentParameters>
  <VegetationZone>
    <VegetationZoneParameters>
      <TT>1.4752144880703966</TT>
      <CFMAX>0.51287818083230952</CFMAX>
      <SP>0</SP>
      <SFCF>1.2367297982385794</SFCF>
      <CFR>0.099957605073490469</CFR>
      <CWH>0.12686346918457334</CWH>
      <CFGlacier>1</CFGlacier>
      <CFSlope>1</CFSlope>
      <FC>464.23495418826781</FC>
      <LP>0.91787077711423171</LP>
      <BETA>2.9081788964086148</BETA>
    </VegetationZoneParameters>
  </VegetationZone>
  <SubCatchment>
    <SubCatchmentParameters>
      <KSI>0.001</KSI>
      <KGmin>0.05</KGmin>
      <RangeKG>0.1</RangeKG>
      <AG>0.1</AG>
      <PERC>4.4988819071502251</PERC>
      <Alpha>0</Alpha>
      <UZL>155.99094992684707</UZL>
      <K0>0.36235651708901456</K0>
      <K1>0.59225688851295333</K1>
      <K2>0.07662288179682869</K2>
      <MAXBAS>1</MAXBAS>
      <Cet>0</Cet>
      <PCALT>10</PCALT>
      <TCALT>0.6</TCALT>
      <Pelev>0</Pelev>
      <Telev>0</Telev>
      <PART>0.5</PART>
      <DELAY>1</DELAY>
    </SubCatchmentParameters>
    <SubCatchmentVegetationZone>
      <SubCatchmentVegetationZoneParameters>
        <TT>1.4752144880703966</TT>
        <CFMAX>0.51287818083230952</CFMAX>
        <SP>0</SP>
        <SFCF>1.2367297982385794</SFCF>
        <CFR>0.099957605073490469</CFR>
        <CWH>0.12686346918457334</CWH>
        <CFGlacier>1</CFGlacier>
        <CFSlope>1</CFSlope>
        <FC>464.23495418826781</FC>
        <LP>0.91787077711423171</LP>
        <BETA>2.9081788964086148</BETA>
      </SubCatchmentVegetationZoneParameters>
    </SubCatchmentVegetationZone>
  </SubCatchment>
</Catchment>