<?xml version="1.0" encoding="utf-8"?>
<Catchment xmlns:xsi="http://www.w3.org/2001/XMLSchema-instance" xmlns:xsd="http://www.w3.org/2001/XMLSchema">
  <CatchmentParameters>
    <KSI>0.001</KSI>
    <KGmin>0.05</KGmin>
    <RangeKG>0.1</RangeKG>
    <AG>0.1</AG>
    <PERC>1.0640050365096649</PERC>
    <Alpha>0</Alpha>
    <UZL>7.7979087692181084</UZL>
    <K0>0.81070984507206623</K0>
    <K1>0.010000077474029289</K1>
    <K2>0.065381802798887709</K2>
    <MAXBAS>1</MAXBAS>
    <Cet>0</Cet>
    <PCALT>10</PCALT>
    <TCALT>0.6</TCALT>
    <Pelev>0</Pelev>
    <Telev>0</Telev>
    <PART>0.5</PART>
    <DELAY>1</DELAY>
  </CatchmentParameters>
  <VegetationZone>
    <VegetationZoneParameters>
      <TT>1.5878875105513941</TT>
      <CFMAX>4.5537224994810925</CFMAX>
      <SP>0</SP>
      <SFCF>0.7303032841395235</SFCF>
      <CFR>0.099274707594963166</CFR>
      <CWH>0.1993921302663153</CWH>
      <CFGlacier>1</CFGlacier>
      <CFSlope>1</CFSlope>
      <FC>1729.5066748980778</FC>
      <LP>0.89748882997848345</LP>
      <BETA>2.7461390240157892</BETA>
    </VegetationZoneParameters>
  </VegetationZone>
  <SubCatchment>
    <SubCatchmentParameters>
      <KSI>0.001</KSI>
      <KGmin>0.05</KGmin>
      <RangeKG>0.1</RangeKG>
      <AG>0.1</AG>
      <PERC>1.0640050365096649</PERC>
      <Alpha>0</Alpha>
      <UZL>7.7979087692181084</UZL>
      <K0>0.81070984507206623</K0>
      <K1>0.010000077474029289</K1>
      <K2>0.065381802798887709</K2>
      <MAXBAS>1</MAXBAS>
      <Cet>0</Cet>
      <PCALT>10</PCALT>
      <TCALT>0.6</TCALT>
      <Pelev>0</Pelev>
      <Telev>0</Telev>
      <PART>0.5</PART>
      <DELAY>1</DELAY>
    </SubCatchmentParameters>
    <SubCatchmentVegetationZone>
      <SubCatchmentVegetationZoneParameters>
        <TT>1.5878875105513941</TT>
        <CFMAX>4.5537224994810925</CFMAX>
        <SP>0</SP>
        <SFCF>0.7303032841395235</SFCF>
        <CFR>0.099274707594963166</CFR>
        <CWH>0.1993921302663153</CWH>
        <CFGlacier>1</CFGlacier>
        <CFSlope>1</CFSlope>
        <FC>1729.5066748980778</FC>
        <LP>0.89748882997848345</LP>
        <BETA>2.7461390240157892</BETA>
      </SubCatchmentVegetationZoneParameters>
    </SubCatchmentVegetationZone>
  </SubCatchment>
</Catchment>