<?xml version="1.0" encoding="utf-8"?>
<Catchment xmlns:xsi="http://www.w3.org/2001/XMLSchema-instance" xmlns:xsd="http://www.w3.org/2001/XMLSchema">
  <CatchmentParameters>
    <KSI>0.001</KSI>
    <KGmin>0.05</KGmin>
    <RangeKG>0.1</RangeKG>
    <AG>0.1</AG>
    <PERC>8.3723647981450924</PERC>
    <Alpha>0</Alpha>
    <UZL>105.57234684347469</UZL>
    <K0>0.98991119885334522</K0>
    <K1>0.62042649561389429</K1>
    <K2>0.14999977604275444</K2>
    <MAXBAS>1.3311828936956562</MAXBAS>
    <Cet>0</Cet>
    <PCALT>10</PCALT>
    <TCALT>0.6</TCALT>
    <Pelev>0</Pelev>
    <Telev>0</Telev>
    <PART>0.5</PART>
    <DELAY>1</DELAY>
  </CatchmentParameters>
  <VegetationZone>
    <VegetationZoneParameters>
      <TT>1.1743566381854369</TT>
      <CFMAX>3.1374070820391178</CFMAX>
      <SP>0</SP>
      <SFCF>0.50000006867043223</SFCF>
      <CFR>0.048162165742449324</CFR>
      <CWH>0.10000440367515429</CWH>
      <CFGlacier>1</CFGlacier>
      <CFSlope>1</CFSlope>
      <FC>121.90290420520977</FC>
      <LP>0.30000000010076744</LP>
      <BETA>1.845804394630673</BETA>
    </VegetationZoneParameters>
  </VegetationZone>
  <SubCatchment>
    <SubCatchmentParameters>
      <KSI>0.001</KSI>
      <KGmin>0.05</KGmin>
      <RangeKG>0.1</RangeKG>
      <AG>0.1</AG>
      <PERC>8.3723647981450924</PERC>
      <Alpha>0</Alpha>
      <UZL>105.57234684347469</UZL>
      <K0>0.98991119885334522</K0>
      <K1>0.62042649561389429</K1>
      <K2>0.14999977604275444</K2>
      <MAXBAS>1.3311828936956562</MAXBAS>
      <Cet>0</Cet>
      <PCALT>10</PCALT>
      <TCALT>0.6</TCALT>
      <Pelev>0</Pelev>
      <Telev>0</Telev>
      <PART>0.5</PART>
      <DELAY>1</DELAY>
    </SubCatchmentParameters>
    <SubCatchmentVegetationZone>
      <SubCatchmentVegetationZoneParameters>
        <TT>1.1743566381854369</TT>
        <CFMAX>3.1374070820391178</CFMAX>
        <SP>0</SP>
        <SFCF>0.50000006867043223</SFCF>
        <CFR>0.048162165742449324</CFR>
        <CWH>0.10000440367515429</CWH>
        <CFGlacier>1</CFGlacier>
        <CFSlope>1</CFSlope>
        <FC>121.90290420520977</FC>
        <LP>0.30000000010076744</LP>
        <BETA>1.845804394630673</BETA>
      </SubCatchmentVegetationZoneParameters>
    </SubCatchmentVegetationZone>
  </SubCatchment>
</Catchment>