<?xml version="1.0" encoding="utf-8"?>
<Catchment xmlns:xsi="http://www.w3.org/2001/XMLSchema-instance" xmlns:xsd="http://www.w3.org/2001/XMLSchema">
  <CatchmentParameters>
    <KSI>0.001</KSI>
    <KGmin>0.05</KGmin>
    <RangeKG>0.1</RangeKG>
    <AG>0.1</AG>
    <PERC>9.999984399495446</PERC>
    <Alpha>0</Alpha>
    <UZL>65.442665091250291</UZL>
    <K0>0.98909318160075488</K0>
    <K1>0.42931118492910747</K1>
    <K2>0.081110644804720966</K2>
    <MAXBAS>1.1450066956224676</MAXBAS>
    <Cet>0</Cet>
    <PCALT>10</PCALT>
    <TCALT>0.6</TCALT>
    <Pelev>0</Pelev>
    <Telev>0</Telev>
    <PART>0.5</PART>
    <DELAY>1</DELAY>
  </CatchmentParameters>
  <VegetationZone>
    <VegetationZoneParameters>
      <TT>-1.51514472110154</TT>
      <CFMAX>4.9984944724967084</CFMAX>
      <SP>0</SP>
      <SFCF>0.5000011357666555</SFCF>
      <CFR>0.06383073853535938</CFR>
      <CWH>0.10289899697081234</CWH>
      <CFGlacier>1</CFGlacier>
      <CFSlope>1</CFSlope>
      <FC>76.787845652955454</FC>
      <LP>0.30000006055555672</LP>
      <BETA>2.8062249745468124</BETA>
    </VegetationZoneParameters>
  </VegetationZone>
  <SubCatchment>
    <SubCatchmentParameters>
      <KSI>0.001</KSI>
      <KGmin>0.05</KGmin>
      <RangeKG>0.1</RangeKG>
      <AG>0.1</AG>
      <PERC>9.999984399495446</PERC>
      <Alpha>0</Alpha>
      <UZL>65.442665091250291</UZL>
      <K0>0.98909318160075488</K0>
      <K1>0.42931118492910747</K1>
      <K2>0.081110644804720966</K2>
      <MAXBAS>1.1450066956224676</MAXBAS>
      <Cet>0</Cet>
      <PCALT>10</PCALT>
      <TCALT>0.6</TCALT>
      <Pelev>0</Pelev>
      <Telev>0</Telev>
      <PART>0.5</PART>
      <DELAY>1</DELAY>
    </SubCatchmentParameters>
    <SubCatchmentVegetationZone>
      <SubCatchmentVegetationZoneParameters>
        <TT>-1.51514472110154</TT>
        <CFMAX>4.9984944724967084</CFMAX>
        <SP>0</SP>
        <SFCF>0.5000011357666555</SFCF>
        <CFR>0.06383073853535938</CFR>
        <CWH>0.10289899697081234</CWH>
        <CFGlacier>1</CFGlacier>
        <CFSlope>1</CFSlope>
        <FC>76.787845652955454</FC>
        <LP>0.30000006055555672</LP>
        <BETA>2.8062249745468124</BETA>
      </SubCatchmentVegetationZoneParameters>
    </SubCatchmentVegetationZone>
  </SubCatchment>
</Catchment>