<?xml version="1.0" encoding="utf-8"?>
<Catchment xmlns:xsi="http://www.w3.org/2001/XMLSchema-instance" xmlns:xsd="http://www.w3.org/2001/XMLSchema">
  <CatchmentParameters>
    <KSI>0.001</KSI>
    <KGmin>0.05</KGmin>
    <RangeKG>0.1</RangeKG>
    <AG>0.1</AG>
    <PERC>9.9999957434886326</PERC>
    <Alpha>0</Alpha>
    <UZL>164.62667977147646</UZL>
    <K0>0.50391276071523139</K0>
    <K1>0.59564556021543891</K1>
    <K2>0.13767276276384441</K2>
    <MAXBAS>1.3386505367277846</MAXBAS>
    <Cet>0</Cet>
    <PCALT>10</PCALT>
    <TCALT>0.6</TCALT>
    <Pelev>0</Pelev>
    <Telev>0</Telev>
    <PART>0.5</PART>
    <DELAY>1</DELAY>
  </CatchmentParameters>
  <VegetationZone>
    <VegetationZoneParameters>
      <TT>-1.2515178643888536</TT>
      <CFMAX>1.2062273353545765</CFMAX>
      <SP>0</SP>
      <SFCF>0.50000028004663855</SFCF>
      <CFR>0.084919854271188519</CFR>
      <CWH>0.10009393131014405</CWH>
      <CFGlacier>1</CFGlacier>
      <CFSlope>1</CFSlope>
      <FC>96.631097321044891</FC>
      <LP>0.30000012283217148</LP>
      <BETA>2.3808214018549991</BETA>
    </VegetationZoneParameters>
  </VegetationZone>
  <SubCatchment>
    <SubCatchmentParameters>
      <KSI>0.001</KSI>
      <KGmin>0.05</KGmin>
      <RangeKG>0.1</RangeKG>
      <AG>0.1</AG>
      <PERC>9.9999957434886326</PERC>
      <Alpha>0</Alpha>
      <UZL>164.62667977147646</UZL>
      <K0>0.50391276071523139</K0>
      <K1>0.59564556021543891</K1>
      <K2>0.13767276276384441</K2>
      <MAXBAS>1.3386505367277846</MAXBAS>
      <Cet>0</Cet>
      <PCALT>10</PCALT>
      <TCALT>0.6</TCALT>
      <Pelev>0</Pelev>
      <Telev>0</Telev>
      <PART>0.5</PART>
      <DELAY>1</DELAY>
    </SubCatchmentParameters>
    <SubCatchmentVegetationZone>
      <SubCatchmentVegetationZoneParameters>
        <TT>-1.2515178643888536</TT>
        <CFMAX>1.2062273353545765</CFMAX>
        <SP>0</SP>
        <SFCF>0.50000028004663855</SFCF>
        <CFR>0.084919854271188519</CFR>
        <CWH>0.10009393131014405</CWH>
        <CFGlacier>1</CFGlacier>
        <CFSlope>1</CFSlope>
        <FC>96.631097321044891</FC>
        <LP>0.30000012283217148</LP>
        <BETA>2.3808214018549991</BETA>
      </SubCatchmentVegetationZoneParameters>
    </SubCatchmentVegetationZone>
  </SubCatchment>
</Catchment>