<?xml version="1.0" encoding="utf-8"?>
<Catchment xmlns:xsi="http://www.w3.org/2001/XMLSchema-instance" xmlns:xsd="http://www.w3.org/2001/XMLSchema">
  <CatchmentParameters>
    <KSI>0.001</KSI>
    <KGmin>0.05</KGmin>
    <RangeKG>0.1</RangeKG>
    <AG>0.1</AG>
    <PERC>5.29110781884811</PERC>
    <Alpha>0</Alpha>
    <UZL>178.69591711888546</UZL>
    <K0>0.5427493212356671</K0>
    <K1>0.74746054599247658</K1>
    <K2>0.14999943248170522</K2>
    <MAXBAS>1.403646528584656</MAXBAS>
    <Cet>0</Cet>
    <PCALT>10</PCALT>
    <TCALT>0.6</TCALT>
    <Pelev>0</Pelev>
    <Telev>0</Telev>
    <PART>0.5</PART>
    <DELAY>1</DELAY>
  </CatchmentParameters>
  <VegetationZone>
    <VegetationZoneParameters>
      <TT>2.464359277167635</TT>
      <CFMAX>0.50992649353507036</CFMAX>
      <SP>0</SP>
      <SFCF>1.4999999989394428</SFCF>
      <CFR>0.05285429527254757</CFR>
      <CWH>0.10000092481560761</CWH>
      <CFGlacier>1</CFGlacier>
      <CFSlope>1</CFSlope>
      <FC>446.41792222675343</FC>
      <LP>0.80668321888057293</LP>
      <BETA>2.44758808512883</BETA>
    </VegetationZoneParameters>
  </VegetationZone>
  <SubCatchment>
    <SubCatchmentParameters>
      <KSI>0.001</KSI>
      <KGmin>0.05</KGmin>
      <RangeKG>0.1</RangeKG>
      <AG>0.1</AG>
      <PERC>5.29110781884811</PERC>
      <Alpha>0</Alpha>
      <UZL>178.69591711888546</UZL>
      <K0>0.5427493212356671</K0>
      <K1>0.74746054599247658</K1>
      <K2>0.14999943248170522</K2>
      <MAXBAS>1.403646528584656</MAXBAS>
      <Cet>0</Cet>
      <PCALT>10</PCALT>
      <TCALT>0.6</TCALT>
      <Pelev>0</Pelev>
      <Telev>0</Telev>
      <PART>0.5</PART>
      <DELAY>1</DELAY>
    </SubCatchmentParameters>
    <SubCatchmentVegetationZone>
      <SubCatchmentVegetationZoneParameters>
        <TT>2.464359277167635</TT>
        <CFMAX>0.50992649353507036</CFMAX>
        <SP>0</SP>
        <SFCF>1.4999999989394428</SFCF>
        <CFR>0.05285429527254757</CFR>
        <CWH>0.10000092481560761</CWH>
        <CFGlacier>1</CFGlacier>
        <CFSlope>1</CFSlope>
        <FC>446.41792222675343</FC>
        <LP>0.80668321888057293</LP>
        <BETA>2.44758808512883</BETA>
      </SubCatchmentVegetationZoneParameters>
    </SubCatchmentVegetationZone>
  </SubCatchment>
</Catchment>