<?xml version="1.0" encoding="utf-8"?>
<Catchment xmlns:xsi="http://www.w3.org/2001/XMLSchema-instance" xmlns:xsd="http://www.w3.org/2001/XMLSchema">
  <CatchmentParameters>
    <KSI>0.001</KSI>
    <KGmin>0.05</KGmin>
    <RangeKG>0.1</RangeKG>
    <AG>0.1</AG>
    <PERC>4.995694819449124</PERC>
    <Alpha>0</Alpha>
    <UZL>109.01718766726891</UZL>
    <K0>0.38157710843435472</K0>
    <K1>0.7999384210217827</K1>
    <K2>0.14999910167023103</K2>
    <MAXBAS>1.420989972053839</MAXBAS>
    <Cet>0</Cet>
    <PCALT>10</PCALT>
    <TCALT>0.6</TCALT>
    <Pelev>0</Pelev>
    <Telev>0</Telev>
    <PART>0.5</PART>
    <DELAY>1</DELAY>
  </CatchmentParameters>
  <VegetationZone>
    <VegetationZoneParameters>
      <TT>2.4978187056593053</TT>
      <CFMAX>0.513703048929758</CFMAX>
      <SP>0</SP>
      <SFCF>1.4999986256467133</SFCF>
      <CFR>0.017306804994148561</CFR>
      <CWH>0.199832081019879</CWH>
      <CFGlacier>1</CFGlacier>
      <CFSlope>1</CFSlope>
      <FC>371.11434720126283</FC>
      <LP>0.87489949630685249</LP>
      <BETA>3.0667842382087316</BETA>
    </VegetationZoneParameters>
  </VegetationZone>
  <SubCatchment>
    <SubCatchmentParameters>
      <KSI>0.001</KSI>
      <KGmin>0.05</KGmin>
      <RangeKG>0.1</RangeKG>
      <AG>0.1</AG>
      <PERC>4.995694819449124</PERC>
      <Alpha>0</Alpha>
      <UZL>109.01718766726891</UZL>
      <K0>0.38157710843435472</K0>
      <K1>0.7999384210217827</K1>
      <K2>0.14999910167023103</K2>
      <MAXBAS>1.420989972053839</MAXBAS>
      <Cet>0</Cet>
      <PCALT>10</PCALT>
      <TCALT>0.6</TCALT>
      <Pelev>0</Pelev>
      <Telev>0</Telev>
      <PART>0.5</PART>
      <DELAY>1</DELAY>
    </SubCatchmentParameters>
    <SubCatchmentVegetationZone>
      <SubCatchmentVegetationZoneParameters>
        <TT>2.4978187056593053</TT>
        <CFMAX>0.513703048929758</CFMAX>
        <SP>0</SP>
        <SFCF>1.4999986256467133</SFCF>
        <CFR>0.017306804994148561</CFR>
        <CWH>0.199832081019879</CWH>
        <CFGlacier>1</CFGlacier>
        <CFSlope>1</CFSlope>
        <FC>371.11434720126283</FC>
        <LP>0.87489949630685249</LP>
        <BETA>3.0667842382087316</BETA>
      </SubCatchmentVegetationZoneParameters>
    </SubCatchmentVegetationZone>
  </SubCatchment>
</Catchment>