<?xml version="1.0" encoding="utf-8"?>
<Catchment xmlns:xsi="http://www.w3.org/2001/XMLSchema-instance" xmlns:xsd="http://www.w3.org/2001/XMLSchema">
  <CatchmentParameters>
    <KSI>0.001</KSI>
    <KGmin>0.05</KGmin>
    <RangeKG>0.1</RangeKG>
    <AG>0.1</AG>
    <PERC>9.9997255554553721</PERC>
    <Alpha>0</Alpha>
    <UZL>192.57350289895817</UZL>
    <K0>0.50572579719084254</K0>
    <K1>0.5595452370020163</K1>
    <K2>0.14463039433671665</K2>
    <MAXBAS>1.2566258817719254</MAXBAS>
    <Cet>0</Cet>
    <PCALT>10</PCALT>
    <TCALT>0.6</TCALT>
    <Pelev>0</Pelev>
    <Telev>0</Telev>
    <PART>0.5</PART>
    <DELAY>1</DELAY>
  </CatchmentParameters>
  <VegetationZone>
    <VegetationZoneParameters>
      <TT>0.50687552158758264</TT>
      <CFMAX>4.998275013845829</CFMAX>
      <SP>0</SP>
      <SFCF>0.50000000002049427</SFCF>
      <CFR>0.041235321415459186</CFR>
      <CWH>0.10001112737170796</CWH>
      <CFGlacier>1</CFGlacier>
      <CFSlope>1</CFSlope>
      <FC>103.76600434086561</FC>
      <LP>0.30000004023655724</LP>
      <BETA>2.2877515223681693</BETA>
    </VegetationZoneParameters>
  </VegetationZone>
  <SubCatchment>
    <SubCatchmentParameters>
      <KSI>0.001</KSI>
      <KGmin>0.05</KGmin>
      <RangeKG>0.1</RangeKG>
      <AG>0.1</AG>
      <PERC>9.9997255554553721</PERC>
      <Alpha>0</Alpha>
      <UZL>192.57350289895817</UZL>
      <K0>0.50572579719084254</K0>
      <K1>0.5595452370020163</K1>
      <K2>0.14463039433671665</K2>
      <MAXBAS>1.2566258817719254</MAXBAS>
      <Cet>0</Cet>
      <PCALT>10</PCALT>
      <TCALT>0.6</TCALT>
      <Pelev>0</Pelev>
      <Telev>0</Telev>
      <PART>0.5</PART>
      <DELAY>1</DELAY>
    </SubCatchmentParameters>
    <SubCatchmentVegetationZone>
      <SubCatchmentVegetationZoneParameters>
        <TT>0.50687552158758264</TT>
        <CFMAX>4.998275013845829</CFMAX>
        <SP>0</SP>
        <SFCF>0.50000000002049427</SFCF>
        <CFR>0.041235321415459186</CFR>
        <CWH>0.10001112737170796</CWH>
        <CFGlacier>1</CFGlacier>
        <CFSlope>1</CFSlope>
        <FC>103.76600434086561</FC>
        <LP>0.30000004023655724</LP>
        <BETA>2.2877515223681693</BETA>
      </SubCatchmentVegetationZoneParameters>
    </SubCatchmentVegetationZone>
  </SubCatchment>
</Catchment>