<?xml version="1.0" encoding="utf-8"?>
<Catchment xmlns:xsi="http://www.w3.org/2001/XMLSchema-instance" xmlns:xsd="http://www.w3.org/2001/XMLSchema">
  <CatchmentParameters>
    <KSI>0.001</KSI>
    <KGmin>0.05</KGmin>
    <RangeKG>0.1</RangeKG>
    <AG>0.1</AG>
    <PERC>5.0804725499995689</PERC>
    <Alpha>0</Alpha>
    <UZL>122.47829991035168</UZL>
    <K0>0.13278622416714192</K0>
    <K1>0.78476998840008827</K1>
    <K2>0.14999980377125305</K2>
    <MAXBAS>1.4197990506455855</MAXBAS>
    <Cet>0</Cet>
    <PCALT>10</PCALT>
    <TCALT>0.6</TCALT>
    <Pelev>0</Pelev>
    <Telev>0</Telev>
    <PART>0.5</PART>
    <DELAY>1</DELAY>
  </CatchmentParameters>
  <VegetationZone>
    <VegetationZoneParameters>
      <TT>2.3825440356832277</TT>
      <CFMAX>0.50018521145460126</CFMAX>
      <SP>0</SP>
      <SFCF>1.4999979091076918</SFCF>
      <CFR>0.0125092277270763</CFR>
      <CWH>0.10000054795814062</CWH>
      <CFGlacier>1</CFGlacier>
      <CFSlope>1</CFSlope>
      <FC>436.83122349760788</FC>
      <LP>0.86996485653886879</LP>
      <BETA>2.8391589969149402</BETA>
    </VegetationZoneParameters>
  </VegetationZone>
  <SubCatchment>
    <SubCatchmentParameters>
      <KSI>0.001</KSI>
      <KGmin>0.05</KGmin>
      <RangeKG>0.1</RangeKG>
      <AG>0.1</AG>
      <PERC>5.0804725499995689</PERC>
      <Alpha>0</Alpha>
      <UZL>122.47829991035168</UZL>
      <K0>0.13278622416714192</K0>
      <K1>0.78476998840008827</K1>
      <K2>0.14999980377125305</K2>
      <MAXBAS>1.4197990506455855</MAXBAS>
      <Cet>0</Cet>
      <PCALT>10</PCALT>
      <TCALT>0.6</TCALT>
      <Pelev>0</Pelev>
      <Telev>0</Telev>
      <PART>0.5</PART>
      <DELAY>1</DELAY>
    </SubCatchmentParameters>
    <SubCatchmentVegetationZone>
      <SubCatchmentVegetationZoneParameters>
        <TT>2.3825440356832277</TT>
        <CFMAX>0.50018521145460126</CFMAX>
        <SP>0</SP>
        <SFCF>1.4999979091076918</SFCF>
        <CFR>0.0125092277270763</CFR>
        <CWH>0.10000054795814062</CWH>
        <CFGlacier>1</CFGlacier>
        <CFSlope>1</CFSlope>
        <FC>436.83122349760788</FC>
        <LP>0.86996485653886879</LP>
        <BETA>2.8391589969149402</BETA>
      </SubCatchmentVegetationZoneParameters>
    </SubCatchmentVegetationZone>
  </SubCatchment>
</Catchment>