<?xml version="1.0" encoding="utf-8"?>
<Catchment xmlns:xsi="http://www.w3.org/2001/XMLSchema-instance" xmlns:xsd="http://www.w3.org/2001/XMLSchema">
  <CatchmentParameters>
    <KSI>0.001</KSI>
    <KGmin>0.05</KGmin>
    <RangeKG>0.1</RangeKG>
    <AG>0.1</AG>
    <PERC>4.5057794046299415</PERC>
    <Alpha>0</Alpha>
    <UZL>135.38614634653177</UZL>
    <K0>0.31976626702261468</K0>
    <K1>0.60053226405685944</K1>
    <K2>0.077595354840090849</K2>
    <MAXBAS>1</MAXBAS>
    <Cet>0</Cet>
    <PCALT>10</PCALT>
    <TCALT>0.6</TCALT>
    <Pelev>0</Pelev>
    <Telev>0</Telev>
    <PART>0.5</PART>
    <DELAY>1</DELAY>
  </CatchmentParameters>
  <VegetationZone>
    <VegetationZoneParameters>
      <TT>1.5298862978027639</TT>
      <CFMAX>0.54389824461991243</CFMAX>
      <SP>0</SP>
      <SFCF>1.3165894424479621</SFCF>
      <CFR>0.066412323734189843</CFR>
      <CWH>0.11428446835162889</CWH>
      <CFGlacier>1</CFGlacier>
      <CFSlope>1</CFSlope>
      <FC>496.81808649845124</FC>
      <LP>0.95367948539226388</LP>
      <BETA>3.122592465030829</BETA>
    </VegetationZoneParameters>
  </VegetationZone>
  <SubCatchment>
    <SubCatchmentParameters>
      <KSI>0.001</KSI>
      <KGmin>0.05</KGmin>
      <RangeKG>0.1</RangeKG>
      <AG>0.1</AG>
      <PERC>4.5057794046299415</PERC>
      <Alpha>0</Alpha>
      <UZL>135.38614634653177</UZL>
      <K0>0.31976626702261468</K0>
      <K1>0.60053226405685944</K1>
      <K2>0.077595354840090849</K2>
      <MAXBAS>1</MAXBAS>
      <Cet>0</Cet>
      <PCALT>10</PCALT>
      <TCALT>0.6</TCALT>
      <Pelev>0</Pelev>
      <Telev>0</Telev>
      <PART>0.5</PART>
      <DELAY>1</DELAY>
    </SubCatchmentParameters>
    <SubCatchmentVegetationZone>
      <SubCatchmentVegetationZoneParameters>
        <TT>1.5298862978027639</TT>
        <CFMAX>0.54389824461991243</CFMAX>
        <SP>0</SP>
        <SFCF>1.3165894424479621</SFCF>
        <CFR>0.066412323734189843</CFR>
        <CWH>0.11428446835162889</CWH>
        <CFGlacier>1</CFGlacier>
        <CFSlope>1</CFSlope>
        <FC>496.81808649845124</FC>
        <LP>0.95367948539226388</LP>
        <BETA>3.122592465030829</BETA>
      </SubCatchmentVegetationZoneParameters>
    </SubCatchmentVegetationZone>
  </SubCatchment>
</Catchment>