<?xml version="1.0" encoding="utf-8"?>
<Catchment xmlns:xsi="http://www.w3.org/2001/XMLSchema-instance" xmlns:xsd="http://www.w3.org/2001/XMLSchema">
  <CatchmentParameters>
    <KSI>0.001</KSI>
    <KGmin>0.05</KGmin>
    <RangeKG>0.1</RangeKG>
    <AG>0.1</AG>
    <PERC>4.5748455601119549</PERC>
    <Alpha>0</Alpha>
    <UZL>109.84614579835201</UZL>
    <K0>0.43020199238957813</K0>
    <K1>0.55511632571968739</K1>
    <K2>0.084011901398922076</K2>
    <MAXBAS>1</MAXBAS>
    <Cet>0</Cet>
    <PCALT>10</PCALT>
    <TCALT>0.6</TCALT>
    <Pelev>0</Pelev>
    <Telev>0</Telev>
    <PART>0.5</PART>
    <DELAY>1</DELAY>
  </CatchmentParameters>
  <VegetationZone>
    <VegetationZoneParameters>
      <TT>0.93799852911290182</TT>
      <CFMAX>0.51000795438874047</CFMAX>
      <SP>0</SP>
      <SFCF>1.3151958613116406</SFCF>
      <CFR>0.099997022738842867</CFR>
      <CWH>0.19999758355209316</CWH>
      <CFGlacier>1</CFGlacier>
      <CFSlope>1</CFSlope>
      <FC>402.72121019356365</FC>
      <LP>0.88436312790131733</LP>
      <BETA>2.7598446164302888</BETA>
    </VegetationZoneParameters>
  </VegetationZone>
  <SubCatchment>
    <SubCatchmentParameters>
      <KSI>0.001</KSI>
      <KGmin>0.05</KGmin>
      <RangeKG>0.1</RangeKG>
      <AG>0.1</AG>
      <PERC>4.5748455601119549</PERC>
      <Alpha>0</Alpha>
      <UZL>109.84614579835201</UZL>
      <K0>0.43020199238957813</K0>
      <K1>0.55511632571968739</K1>
      <K2>0.084011901398922076</K2>
      <MAXBAS>1</MAXBAS>
      <Cet>0</Cet>
      <PCALT>10</PCALT>
      <TCALT>0.6</TCALT>
      <Pelev>0</Pelev>
      <Telev>0</Telev>
      <PART>0.5</PART>
      <DELAY>1</DELAY>
    </SubCatchmentParameters>
    <SubCatchmentVegetationZone>
      <SubCatchmentVegetationZoneParameters>
        <TT>0.93799852911290182</TT>
        <CFMAX>0.51000795438874047</CFMAX>
        <SP>0</SP>
        <SFCF>1.3151958613116406</SFCF>
        <CFR>0.099997022738842867</CFR>
        <CWH>0.19999758355209316</CWH>
        <CFGlacier>1</CFGlacier>
        <CFSlope>1</CFSlope>
        <FC>402.72121019356365</FC>
        <LP>0.88436312790131733</LP>
        <BETA>2.7598446164302888</BETA>
      </SubCatchmentVegetationZoneParameters>
    </SubCatchmentVegetationZone>
  </SubCatchment>
</Catchment>