<?xml version="1.0" encoding="utf-8"?>
<Catchment xmlns:xsi="http://www.w3.org/2001/XMLSchema-instance" xmlns:xsd="http://www.w3.org/2001/XMLSchema">
  <CatchmentParameters>
    <KSI>0.001</KSI>
    <KGmin>0.05</KGmin>
    <RangeKG>0.1</RangeKG>
    <AG>0.1</AG>
    <PERC>8.4752886684717534</PERC>
    <Alpha>0</Alpha>
    <UZL>36.828188216628618</UZL>
    <K0>0.14308612475504026</K0>
    <K1>0.52903534286204534</K1>
    <K2>0.14999865415448874</K2>
    <MAXBAS>1.1930968278656116</MAXBAS>
    <Cet>0</Cet>
    <PCALT>10</PCALT>
    <TCALT>0.6</TCALT>
    <Pelev>0</Pelev>
    <Telev>0</Telev>
    <PART>0.5</PART>
    <DELAY>1</DELAY>
  </CatchmentParameters>
  <VegetationZone>
    <VegetationZoneParameters>
      <TT>1.2429583277399081</TT>
      <CFMAX>3.9467154912152504</CFMAX>
      <SP>0</SP>
      <SFCF>0.50000010707241471</SFCF>
      <CFR>0.05674682135499784</CFR>
      <CWH>0.10000006214092719</CWH>
      <CFGlacier>1</CFGlacier>
      <CFSlope>1</CFSlope>
      <FC>118.81983380623143</FC>
      <LP>0.42841801617070729</LP>
      <BETA>2.3784016546772766</BETA>
    </VegetationZoneParameters>
  </VegetationZone>
  <SubCatchment>
    <SubCatchmentParameters>
      <KSI>0.001</KSI>
      <KGmin>0.05</KGmin>
      <RangeKG>0.1</RangeKG>
      <AG>0.1</AG>
      <PERC>8.4752886684717534</PERC>
      <Alpha>0</Alpha>
      <UZL>36.828188216628618</UZL>
      <K0>0.14308612475504026</K0>
      <K1>0.52903534286204534</K1>
      <K2>0.14999865415448874</K2>
      <MAXBAS>1.1930968278656116</MAXBAS>
      <Cet>0</Cet>
      <PCALT>10</PCALT>
      <TCALT>0.6</TCALT>
      <Pelev>0</Pelev>
      <Telev>0</Telev>
      <PART>0.5</PART>
      <DELAY>1</DELAY>
    </SubCatchmentParameters>
    <SubCatchmentVegetationZone>
      <SubCatchmentVegetationZoneParameters>
        <TT>1.2429583277399081</TT>
        <CFMAX>3.9467154912152504</CFMAX>
        <SP>0</SP>
        <SFCF>0.50000010707241471</SFCF>
        <CFR>0.05674682135499784</CFR>
        <CWH>0.10000006214092719</CWH>
        <CFGlacier>1</CFGlacier>
        <CFSlope>1</CFSlope>
        <FC>118.81983380623143</FC>
        <LP>0.42841801617070729</LP>
        <BETA>2.3784016546772766</BETA>
      </SubCatchmentVegetationZoneParameters>
    </SubCatchmentVegetationZone>
  </SubCatchment>
</Catchment>