<?xml version="1.0" encoding="utf-8"?>
<Catchment xmlns:xsi="http://www.w3.org/2001/XMLSchema-instance" xmlns:xsd="http://www.w3.org/2001/XMLSchema">
  <CatchmentParameters>
    <KSI>0.001</KSI>
    <KGmin>0.05</KGmin>
    <RangeKG>0.1</RangeKG>
    <AG>0.1</AG>
    <PERC>9.7519671738443918</PERC>
    <Alpha>0</Alpha>
    <UZL>184.74290495624609</UZL>
    <K0>0.5400781237518385</K0>
    <K1>0.67570607155082385</K1>
    <K2>0.14999972870753991</K2>
    <MAXBAS>1.424141613904848</MAXBAS>
    <Cet>0</Cet>
    <PCALT>10</PCALT>
    <TCALT>0.6</TCALT>
    <Pelev>0</Pelev>
    <Telev>0</Telev>
    <PART>0.5</PART>
    <DELAY>1</DELAY>
  </CatchmentParameters>
  <VegetationZone>
    <VegetationZoneParameters>
      <TT>1.1736042824871273</TT>
      <CFMAX>3.588045295762599</CFMAX>
      <SP>0</SP>
      <SFCF>0.57305554453510066</SFCF>
      <CFR>0.025650025510389494</CFR>
      <CWH>0.10000311138732883</CWH>
      <CFGlacier>1</CFGlacier>
      <CFSlope>1</CFSlope>
      <FC>120.03489847208655</FC>
      <LP>0.36966932373093442</LP>
      <BETA>2.1419759383111114</BETA>
    </VegetationZoneParameters>
  </VegetationZone>
  <SubCatchment>
    <SubCatchmentParameters>
      <KSI>0.001</KSI>
      <KGmin>0.05</KGmin>
      <RangeKG>0.1</RangeKG>
      <AG>0.1</AG>
      <PERC>9.7519671738443918</PERC>
      <Alpha>0</Alpha>
      <UZL>184.74290495624609</UZL>
      <K0>0.5400781237518385</K0>
      <K1>0.67570607155082385</K1>
      <K2>0.14999972870753991</K2>
      <MAXBAS>1.424141613904848</MAXBAS>
      <Cet>0</Cet>
      <PCALT>10</PCALT>
      <TCALT>0.6</TCALT>
      <Pelev>0</Pelev>
      <Telev>0</Telev>
      <PART>0.5</PART>
      <DELAY>1</DELAY>
    </SubCatchmentParameters>
    <SubCatchmentVegetationZone>
      <SubCatchmentVegetationZoneParameters>
        <TT>1.1736042824871273</TT>
        <CFMAX>3.588045295762599</CFMAX>
        <SP>0</SP>
        <SFCF>0.57305554453510066</SFCF>
        <CFR>0.025650025510389494</CFR>
        <CWH>0.10000311138732883</CWH>
        <CFGlacier>1</CFGlacier>
        <CFSlope>1</CFSlope>
        <FC>120.03489847208655</FC>
        <LP>0.36966932373093442</LP>
        <BETA>2.1419759383111114</BETA>
      </SubCatchmentVegetationZoneParameters>
    </SubCatchmentVegetationZone>
  </SubCatchment>
</Catchment>