<?xml version="1.0" encoding="utf-8"?>
<Catchment xmlns:xsi="http://www.w3.org/2001/XMLSchema-instance" xmlns:xsd="http://www.w3.org/2001/XMLSchema">
  <CatchmentParameters>
    <KSI>0.001</KSI>
    <KGmin>0.05</KGmin>
    <RangeKG>0.1</RangeKG>
    <AG>0.1</AG>
    <PERC>9.99958146818813</PERC>
    <Alpha>0</Alpha>
    <UZL>61.08546575770567</UZL>
    <K0>0.28558759863495253</K0>
    <K1>0.58918090024746617</K1>
    <K2>0.1499983857564183</K2>
    <MAXBAS>1.3018168229302609</MAXBAS>
    <Cet>0</Cet>
    <PCALT>10</PCALT>
    <TCALT>0.6</TCALT>
    <Pelev>0</Pelev>
    <Telev>0</Telev>
    <PART>0.5</PART>
    <DELAY>1</DELAY>
  </CatchmentParameters>
  <VegetationZone>
    <VegetationZoneParameters>
      <TT>1.2431656212482813</TT>
      <CFMAX>3.9512521679524726</CFMAX>
      <SP>0</SP>
      <SFCF>0.50018031685682118</SFCF>
      <CFR>0.06253305155583011</CFR>
      <CWH>0.10000333000748991</CWH>
      <CFGlacier>1</CFGlacier>
      <CFSlope>1</CFSlope>
      <FC>102.14752579710689</FC>
      <LP>0.30000002802151993</LP>
      <BETA>2.3474529901071257</BETA>
    </VegetationZoneParameters>
  </VegetationZone>
  <SubCatchment>
    <SubCatchmentParameters>
      <KSI>0.001</KSI>
      <KGmin>0.05</KGmin>
      <RangeKG>0.1</RangeKG>
      <AG>0.1</AG>
      <PERC>9.99958146818813</PERC>
      <Alpha>0</Alpha>
      <UZL>61.08546575770567</UZL>
      <K0>0.28558759863495253</K0>
      <K1>0.58918090024746617</K1>
      <K2>0.1499983857564183</K2>
      <MAXBAS>1.3018168229302609</MAXBAS>
      <Cet>0</Cet>
      <PCALT>10</PCALT>
      <TCALT>0.6</TCALT>
      <Pelev>0</Pelev>
      <Telev>0</Telev>
      <PART>0.5</PART>
      <DELAY>1</DELAY>
    </SubCatchmentParameters>
    <SubCatchmentVegetationZone>
      <SubCatchmentVegetationZoneParameters>
        <TT>1.2431656212482813</TT>
        <CFMAX>3.9512521679524726</CFMAX>
        <SP>0</SP>
        <SFCF>0.50018031685682118</SFCF>
        <CFR>0.06253305155583011</CFR>
        <CWH>0.10000333000748991</CWH>
        <CFGlacier>1</CFGlacier>
        <CFSlope>1</CFSlope>
        <FC>102.14752579710689</FC>
        <LP>0.30000002802151993</LP>
        <BETA>2.3474529901071257</BETA>
      </SubCatchmentVegetationZoneParameters>
    </SubCatchmentVegetationZone>
  </SubCatchment>
</Catchment>