<?xml version="1.0" encoding="utf-8"?>
<Catchment xmlns:xsi="http://www.w3.org/2001/XMLSchema-instance" xmlns:xsd="http://www.w3.org/2001/XMLSchema">
  <CatchmentParameters>
    <KSI>0.001</KSI>
    <KGmin>0.05</KGmin>
    <RangeKG>0.1</RangeKG>
    <AG>0.1</AG>
    <PERC>4.4986924623222189</PERC>
    <Alpha>0</Alpha>
    <UZL>69.434301866508534</UZL>
    <K0>0.536275621116669</K0>
    <K1>0.62239905904492265</K1>
    <K2>0.086914982932059751</K2>
    <MAXBAS>1</MAXBAS>
    <Cet>0</Cet>
    <PCALT>10</PCALT>
    <TCALT>0.6</TCALT>
    <Pelev>0</Pelev>
    <Telev>0</Telev>
    <PART>0.5</PART>
    <DELAY>1</DELAY>
  </CatchmentParameters>
  <VegetationZone>
    <VegetationZoneParameters>
      <TT>1.1455415401240985</TT>
      <CFMAX>0.51844294361163035</CFMAX>
      <SP>0</SP>
      <SFCF>1.404213016470732</SFCF>
      <CFR>0.0480648884523168</CFR>
      <CWH>0.1999896296539489</CWH>
      <CFGlacier>1</CFGlacier>
      <CFSlope>1</CFSlope>
      <FC>557.38781266227784</FC>
      <LP>0.87737074272565474</LP>
      <BETA>2.6632728456590566</BETA>
    </VegetationZoneParameters>
  </VegetationZone>
  <SubCatchment>
    <SubCatchmentParameters>
      <KSI>0.001</KSI>
      <KGmin>0.05</KGmin>
      <RangeKG>0.1</RangeKG>
      <AG>0.1</AG>
      <PERC>4.4986924623222189</PERC>
      <Alpha>0</Alpha>
      <UZL>69.434301866508534</UZL>
      <K0>0.536275621116669</K0>
      <K1>0.62239905904492265</K1>
      <K2>0.086914982932059751</K2>
      <MAXBAS>1</MAXBAS>
      <Cet>0</Cet>
      <PCALT>10</PCALT>
      <TCALT>0.6</TCALT>
      <Pelev>0</Pelev>
      <Telev>0</Telev>
      <PART>0.5</PART>
      <DELAY>1</DELAY>
    </SubCatchmentParameters>
    <SubCatchmentVegetationZone>
      <SubCatchmentVegetationZoneParameters>
        <TT>1.1455415401240985</TT>
        <CFMAX>0.51844294361163035</CFMAX>
        <SP>0</SP>
        <SFCF>1.404213016470732</SFCF>
        <CFR>0.0480648884523168</CFR>
        <CWH>0.1999896296539489</CWH>
        <CFGlacier>1</CFGlacier>
        <CFSlope>1</CFSlope>
        <FC>557.38781266227784</FC>
        <LP>0.87737074272565474</LP>
        <BETA>2.6632728456590566</BETA>
      </SubCatchmentVegetationZoneParameters>
    </SubCatchmentVegetationZone>
  </SubCatchment>
</Catchment>