<?xml version="1.0" encoding="utf-8"?>
<Catchment xmlns:xsi="http://www.w3.org/2001/XMLSchema-instance" xmlns:xsd="http://www.w3.org/2001/XMLSchema">
  <CatchmentParameters>
    <KSI>0.001</KSI>
    <KGmin>0.05</KGmin>
    <RangeKG>0.1</RangeKG>
    <AG>0.1</AG>
    <PERC>9.999986448860092</PERC>
    <Alpha>0</Alpha>
    <UZL>164.54275125797096</UZL>
    <K0>0.5803440187579455</K0>
    <K1>0.57631224728420749</K1>
    <K2>0.14096693740994659</K2>
    <MAXBAS>1.3110684951157885</MAXBAS>
    <Cet>0</Cet>
    <PCALT>10</PCALT>
    <TCALT>0.6</TCALT>
    <Pelev>0</Pelev>
    <Telev>0</Telev>
    <PART>0.5</PART>
    <DELAY>1</DELAY>
  </CatchmentParameters>
  <VegetationZone>
    <VegetationZoneParameters>
      <TT>1.2315670799109668</TT>
      <CFMAX>3.7845583840178967</CFMAX>
      <SP>0</SP>
      <SFCF>0.50000003830138484</SFCF>
      <CFR>0.0409961653686146</CFR>
      <CWH>0.10000043489491008</CWH>
      <CFGlacier>1</CFGlacier>
      <CFSlope>1</CFSlope>
      <FC>102.07548349609577</FC>
      <LP>0.38946518706761618</LP>
      <BETA>2.594690913431005</BETA>
    </VegetationZoneParameters>
  </VegetationZone>
  <SubCatchment>
    <SubCatchmentParameters>
      <KSI>0.001</KSI>
      <KGmin>0.05</KGmin>
      <RangeKG>0.1</RangeKG>
      <AG>0.1</AG>
      <PERC>9.999986448860092</PERC>
      <Alpha>0</Alpha>
      <UZL>164.54275125797096</UZL>
      <K0>0.5803440187579455</K0>
      <K1>0.57631224728420749</K1>
      <K2>0.14096693740994659</K2>
      <MAXBAS>1.3110684951157885</MAXBAS>
      <Cet>0</Cet>
      <PCALT>10</PCALT>
      <TCALT>0.6</TCALT>
      <Pelev>0</Pelev>
      <Telev>0</Telev>
      <PART>0.5</PART>
      <DELAY>1</DELAY>
    </SubCatchmentParameters>
    <SubCatchmentVegetationZone>
      <SubCatchmentVegetationZoneParameters>
        <TT>1.2315670799109668</TT>
        <CFMAX>3.7845583840178967</CFMAX>
        <SP>0</SP>
        <SFCF>0.50000003830138484</SFCF>
        <CFR>0.0409961653686146</CFR>
        <CWH>0.10000043489491008</CWH>
        <CFGlacier>1</CFGlacier>
        <CFSlope>1</CFSlope>
        <FC>102.07548349609577</FC>
        <LP>0.38946518706761618</LP>
        <BETA>2.594690913431005</BETA>
      </SubCatchmentVegetationZoneParameters>
    </SubCatchmentVegetationZone>
  </SubCatchment>
</Catchment>