<?xml version="1.0" encoding="utf-8"?>
<Catchment xmlns:xsi="http://www.w3.org/2001/XMLSchema-instance" xmlns:xsd="http://www.w3.org/2001/XMLSchema">
  <CatchmentParameters>
    <KSI>0.001</KSI>
    <KGmin>0.05</KGmin>
    <RangeKG>0.1</RangeKG>
    <AG>0.1</AG>
    <PERC>9.9999946496812555</PERC>
    <Alpha>0</Alpha>
    <UZL>74.0245923212213</UZL>
    <K0>0.15543691132905702</K0>
    <K1>0.45327654041594589</K1>
    <K2>0.084614809128349053</K2>
    <MAXBAS>1.20864751545663</MAXBAS>
    <Cet>0</Cet>
    <PCALT>10</PCALT>
    <TCALT>0.6</TCALT>
    <Pelev>0</Pelev>
    <Telev>0</Telev>
    <PART>0.5</PART>
    <DELAY>1</DELAY>
  </CatchmentParameters>
  <VegetationZone>
    <VegetationZoneParameters>
      <TT>-1.5179783900214585</TT>
      <CFMAX>4.992502290620461</CFMAX>
      <SP>0</SP>
      <SFCF>0.50000047552340743</SFCF>
      <CFR>0.090714316246209833</CFR>
      <CWH>0.12522080261676069</CWH>
      <CFGlacier>1</CFGlacier>
      <CFSlope>1</CFSlope>
      <FC>78.492158455117959</FC>
      <LP>0.30000019530184807</LP>
      <BETA>2.7033039161145154</BETA>
    </VegetationZoneParameters>
  </VegetationZone>
  <SubCatchment>
    <SubCatchmentParameters>
      <KSI>0.001</KSI>
      <KGmin>0.05</KGmin>
      <RangeKG>0.1</RangeKG>
      <AG>0.1</AG>
      <PERC>9.9999946496812555</PERC>
      <Alpha>0</Alpha>
      <UZL>74.0245923212213</UZL>
      <K0>0.15543691132905702</K0>
      <K1>0.45327654041594589</K1>
      <K2>0.084614809128349053</K2>
      <MAXBAS>1.20864751545663</MAXBAS>
      <Cet>0</Cet>
      <PCALT>10</PCALT>
      <TCALT>0.6</TCALT>
      <Pelev>0</Pelev>
      <Telev>0</Telev>
      <PART>0.5</PART>
      <DELAY>1</DELAY>
    </SubCatchmentParameters>
    <SubCatchmentVegetationZone>
      <SubCatchmentVegetationZoneParameters>
        <TT>-1.5179783900214585</TT>
        <CFMAX>4.992502290620461</CFMAX>
        <SP>0</SP>
        <SFCF>0.50000047552340743</SFCF>
        <CFR>0.090714316246209833</CFR>
        <CWH>0.12522080261676069</CWH>
        <CFGlacier>1</CFGlacier>
        <CFSlope>1</CFSlope>
        <FC>78.492158455117959</FC>
        <LP>0.30000019530184807</LP>
        <BETA>2.7033039161145154</BETA>
      </SubCatchmentVegetationZoneParameters>
    </SubCatchmentVegetationZone>
  </SubCatchment>
</Catchment>