<?xml version="1.0" encoding="utf-8"?>
<Catchment xmlns:xsi="http://www.w3.org/2001/XMLSchema-instance" xmlns:xsd="http://www.w3.org/2001/XMLSchema">
  <CatchmentParameters>
    <KSI>0.001</KSI>
    <KGmin>0.05</KGmin>
    <RangeKG>0.1</RangeKG>
    <AG>0.1</AG>
    <PERC>5.1697373223160152</PERC>
    <Alpha>0</Alpha>
    <UZL>57.830103858366527</UZL>
    <K0>0.43568165746064214</K0>
    <K1>0.50868118027632414</K1>
    <K2>0.068590077647937647</K2>
    <MAXBAS>1</MAXBAS>
    <Cet>0</Cet>
    <PCALT>10</PCALT>
    <TCALT>0.6</TCALT>
    <Pelev>0</Pelev>
    <Telev>0</Telev>
    <PART>0.5</PART>
    <DELAY>1</DELAY>
  </CatchmentParameters>
  <VegetationZone>
    <VegetationZoneParameters>
      <TT>1.1479507733793521</TT>
      <CFMAX>0.5000009139525381</CFMAX>
      <SP>0</SP>
      <SFCF>0.99672211200406058</SFCF>
      <CFR>0.0682222881612481</CFR>
      <CWH>0.19999374817460069</CWH>
      <CFGlacier>1</CFGlacier>
      <CFSlope>1</CFSlope>
      <FC>255.60643879722727</FC>
      <LP>0.6151616574799198</LP>
      <BETA>1.901142947589537</BETA>
    </VegetationZoneParameters>
  </VegetationZone>
  <SubCatchment>
    <SubCatchmentParameters>
      <KSI>0.001</KSI>
      <KGmin>0.05</KGmin>
      <RangeKG>0.1</RangeKG>
      <AG>0.1</AG>
      <PERC>5.1697373223160152</PERC>
      <Alpha>0</Alpha>
      <UZL>57.830103858366527</UZL>
      <K0>0.43568165746064214</K0>
      <K1>0.50868118027632414</K1>
      <K2>0.068590077647937647</K2>
      <MAXBAS>1</MAXBAS>
      <Cet>0</Cet>
      <PCALT>10</PCALT>
      <TCALT>0.6</TCALT>
      <Pelev>0</Pelev>
      <Telev>0</Telev>
      <PART>0.5</PART>
      <DELAY>1</DELAY>
    </SubCatchmentParameters>
    <SubCatchmentVegetationZone>
      <SubCatchmentVegetationZoneParameters>
        <TT>1.1479507733793521</TT>
        <CFMAX>0.5000009139525381</CFMAX>
        <SP>0</SP>
        <SFCF>0.99672211200406058</SFCF>
        <CFR>0.0682222881612481</CFR>
        <CWH>0.19999374817460069</CWH>
        <CFGlacier>1</CFGlacier>
        <CFSlope>1</CFSlope>
        <FC>255.60643879722727</FC>
        <LP>0.6151616574799198</LP>
        <BETA>1.901142947589537</BETA>
      </SubCatchmentVegetationZoneParameters>
    </SubCatchmentVegetationZone>
  </SubCatchment>
</Catchment>