<?xml version="1.0" encoding="utf-8"?>
<Catchment xmlns:xsi="http://www.w3.org/2001/XMLSchema-instance" xmlns:xsd="http://www.w3.org/2001/XMLSchema">
  <CatchmentParameters>
    <KSI>0.001</KSI>
    <KGmin>0.05</KGmin>
    <RangeKG>0.1</RangeKG>
    <AG>0.1</AG>
    <PERC>6.0994327154526458</PERC>
    <Alpha>0</Alpha>
    <UZL>64.2979445221472</UZL>
    <K0>0.55075053964912657</K0>
    <K1>0.7612908371844741</K1>
    <K2>0.1499995096375312</K2>
    <MAXBAS>1.4203497149052187</MAXBAS>
    <Cet>0</Cet>
    <PCALT>10</PCALT>
    <TCALT>0.6</TCALT>
    <Pelev>0</Pelev>
    <Telev>0</Telev>
    <PART>0.5</PART>
    <DELAY>1</DELAY>
  </CatchmentParameters>
  <VegetationZone>
    <VegetationZoneParameters>
      <TT>2.3676942970236281</TT>
      <CFMAX>0.500302978787281</CFMAX>
      <SP>0</SP>
      <SFCF>1.4999982514884094</SFCF>
      <CFR>0.039802123058949687</CFR>
      <CWH>0.14891981315888897</CWH>
      <CFGlacier>1</CFGlacier>
      <CFSlope>1</CFSlope>
      <FC>427.55823352705397</FC>
      <LP>0.90630811867636862</LP>
      <BETA>2.77460005412846</BETA>
    </VegetationZoneParameters>
  </VegetationZone>
  <SubCatchment>
    <SubCatchmentParameters>
      <KSI>0.001</KSI>
      <KGmin>0.05</KGmin>
      <RangeKG>0.1</RangeKG>
      <AG>0.1</AG>
      <PERC>6.0994327154526458</PERC>
      <Alpha>0</Alpha>
      <UZL>64.2979445221472</UZL>
      <K0>0.55075053964912657</K0>
      <K1>0.7612908371844741</K1>
      <K2>0.1499995096375312</K2>
      <MAXBAS>1.4203497149052187</MAXBAS>
      <Cet>0</Cet>
      <PCALT>10</PCALT>
      <TCALT>0.6</TCALT>
      <Pelev>0</Pelev>
      <Telev>0</Telev>
      <PART>0.5</PART>
      <DELAY>1</DELAY>
    </SubCatchmentParameters>
    <SubCatchmentVegetationZone>
      <SubCatchmentVegetationZoneParameters>
        <TT>2.3676942970236281</TT>
        <CFMAX>0.500302978787281</CFMAX>
        <SP>0</SP>
        <SFCF>1.4999982514884094</SFCF>
        <CFR>0.039802123058949687</CFR>
        <CWH>0.14891981315888897</CWH>
        <CFGlacier>1</CFGlacier>
        <CFSlope>1</CFSlope>
        <FC>427.55823352705397</FC>
        <LP>0.90630811867636862</LP>
        <BETA>2.77460005412846</BETA>
      </SubCatchmentVegetationZoneParameters>
    </SubCatchmentVegetationZone>
  </SubCatchment>
</Catchment>