<?xml version="1.0" encoding="utf-8"?>
<Catchment xmlns:xsi="http://www.w3.org/2001/XMLSchema-instance" xmlns:xsd="http://www.w3.org/2001/XMLSchema">
  <CatchmentParameters>
    <KSI>0.001</KSI>
    <KGmin>0.05</KGmin>
    <RangeKG>0.1</RangeKG>
    <AG>0.1</AG>
    <PERC>5.5435810018387723</PERC>
    <Alpha>0</Alpha>
    <UZL>124.77448665942532</UZL>
    <K0>0.93676985074123809</K0>
    <K1>0.74199010504324792</K1>
    <K2>0.14999915716128637</K2>
    <MAXBAS>1.3999808144335213</MAXBAS>
    <Cet>0</Cet>
    <PCALT>10</PCALT>
    <TCALT>0.6</TCALT>
    <Pelev>0</Pelev>
    <Telev>0</Telev>
    <PART>0.5</PART>
    <DELAY>1</DELAY>
  </CatchmentParameters>
  <VegetationZone>
    <VegetationZoneParameters>
      <TT>2.4267155903097617</TT>
      <CFMAX>0.51174429322601134</CFMAX>
      <SP>0</SP>
      <SFCF>1.4999986389573445</SFCF>
      <CFR>0.040828231040523508</CFR>
      <CWH>0.17460238784037976</CWH>
      <CFGlacier>1</CFGlacier>
      <CFSlope>1</CFSlope>
      <FC>446.36752722740488</FC>
      <LP>0.81537383615673731</LP>
      <BETA>2.2519643898876986</BETA>
    </VegetationZoneParameters>
  </VegetationZone>
  <SubCatchment>
    <SubCatchmentParameters>
      <KSI>0.001</KSI>
      <KGmin>0.05</KGmin>
      <RangeKG>0.1</RangeKG>
      <AG>0.1</AG>
      <PERC>5.5435810018387723</PERC>
      <Alpha>0</Alpha>
      <UZL>124.77448665942532</UZL>
      <K0>0.93676985074123809</K0>
      <K1>0.74199010504324792</K1>
      <K2>0.14999915716128637</K2>
      <MAXBAS>1.3999808144335213</MAXBAS>
      <Cet>0</Cet>
      <PCALT>10</PCALT>
      <TCALT>0.6</TCALT>
      <Pelev>0</Pelev>
      <Telev>0</Telev>
      <PART>0.5</PART>
      <DELAY>1</DELAY>
    </SubCatchmentParameters>
    <SubCatchmentVegetationZone>
      <SubCatchmentVegetationZoneParameters>
        <TT>2.4267155903097617</TT>
        <CFMAX>0.51174429322601134</CFMAX>
        <SP>0</SP>
        <SFCF>1.4999986389573445</SFCF>
        <CFR>0.040828231040523508</CFR>
        <CWH>0.17460238784037976</CWH>
        <CFGlacier>1</CFGlacier>
        <CFSlope>1</CFSlope>
        <FC>446.36752722740488</FC>
        <LP>0.81537383615673731</LP>
        <BETA>2.2519643898876986</BETA>
      </SubCatchmentVegetationZoneParameters>
    </SubCatchmentVegetationZone>
  </SubCatchment>
</Catchment>