<?xml version="1.0" encoding="utf-8"?>
<Catchment xmlns:xsi="http://www.w3.org/2001/XMLSchema-instance" xmlns:xsd="http://www.w3.org/2001/XMLSchema">
  <CatchmentParameters>
    <KSI>0.001</KSI>
    <KGmin>0.05</KGmin>
    <RangeKG>0.1</RangeKG>
    <AG>0.1</AG>
    <PERC>4.6379165796370172</PERC>
    <Alpha>0</Alpha>
    <UZL>70.5989854359413</UZL>
    <K0>0.50377702623600407</K0>
    <K1>0.56925782802850478</K1>
    <K2>0.0878302796558244</K2>
    <MAXBAS>1</MAXBAS>
    <Cet>0</Cet>
    <PCALT>10</PCALT>
    <TCALT>0.6</TCALT>
    <Pelev>0</Pelev>
    <Telev>0</Telev>
    <PART>0.5</PART>
    <DELAY>1</DELAY>
  </CatchmentParameters>
  <VegetationZone>
    <VegetationZoneParameters>
      <TT>0.94392516000335547</TT>
      <CFMAX>0.50000023182172393</CFMAX>
      <SP>0</SP>
      <SFCF>1.33733418512271</SFCF>
      <CFR>0.069366503899570192</CFR>
      <CWH>0.199975798947449</CWH>
      <CFGlacier>1</CFGlacier>
      <CFSlope>1</CFSlope>
      <FC>406.94741217943755</FC>
      <LP>0.91032340705873782</LP>
      <BETA>2.9036043221397296</BETA>
    </VegetationZoneParameters>
  </VegetationZone>
  <SubCatchment>
    <SubCatchmentParameters>
      <KSI>0.001</KSI>
      <KGmin>0.05</KGmin>
      <RangeKG>0.1</RangeKG>
      <AG>0.1</AG>
      <PERC>4.6379165796370172</PERC>
      <Alpha>0</Alpha>
      <UZL>70.5989854359413</UZL>
      <K0>0.50377702623600407</K0>
      <K1>0.56925782802850478</K1>
      <K2>0.0878302796558244</K2>
      <MAXBAS>1</MAXBAS>
      <Cet>0</Cet>
      <PCALT>10</PCALT>
      <TCALT>0.6</TCALT>
      <Pelev>0</Pelev>
      <Telev>0</Telev>
      <PART>0.5</PART>
      <DELAY>1</DELAY>
    </SubCatchmentParameters>
    <SubCatchmentVegetationZone>
      <SubCatchmentVegetationZoneParameters>
        <TT>0.94392516000335547</TT>
        <CFMAX>0.50000023182172393</CFMAX>
        <SP>0</SP>
        <SFCF>1.33733418512271</SFCF>
        <CFR>0.069366503899570192</CFR>
        <CWH>0.199975798947449</CWH>
        <CFGlacier>1</CFGlacier>
        <CFSlope>1</CFSlope>
        <FC>406.94741217943755</FC>
        <LP>0.91032340705873782</LP>
        <BETA>2.9036043221397296</BETA>
      </SubCatchmentVegetationZoneParameters>
    </SubCatchmentVegetationZone>
  </SubCatchment>
</Catchment>