<?xml version="1.0" encoding="utf-8"?>
<Catchment xmlns:xsi="http://www.w3.org/2001/XMLSchema-instance" xmlns:xsd="http://www.w3.org/2001/XMLSchema">
  <CatchmentParameters>
    <KSI>0.001</KSI>
    <KGmin>0.05</KGmin>
    <RangeKG>0.1</RangeKG>
    <AG>0.1</AG>
    <PERC>5.2901628316259739</PERC>
    <Alpha>0</Alpha>
    <UZL>96.64360551575372</UZL>
    <K0>0.20791896842260108</K0>
    <K1>0.72953291322550651</K1>
    <K2>0.14999999574704359</K2>
    <MAXBAS>1.3837005557041591</MAXBAS>
    <Cet>0</Cet>
    <PCALT>10</PCALT>
    <TCALT>0.6</TCALT>
    <Pelev>0</Pelev>
    <Telev>0</Telev>
    <PART>0.5</PART>
    <DELAY>1</DELAY>
  </CatchmentParameters>
  <VegetationZone>
    <VegetationZoneParameters>
      <TT>2.4997342996152385</TT>
      <CFMAX>0.51900317018184239</CFMAX>
      <SP>0</SP>
      <SFCF>1.4999990297986241</SFCF>
      <CFR>0.059551815977469516</CFR>
      <CWH>0.10895454825015605</CWH>
      <CFGlacier>1</CFGlacier>
      <CFSlope>1</CFSlope>
      <FC>442.60014916765215</FC>
      <LP>0.84735526565278485</LP>
      <BETA>2.6495759845419893</BETA>
    </VegetationZoneParameters>
  </VegetationZone>
  <SubCatchment>
    <SubCatchmentParameters>
      <KSI>0.001</KSI>
      <KGmin>0.05</KGmin>
      <RangeKG>0.1</RangeKG>
      <AG>0.1</AG>
      <PERC>5.2901628316259739</PERC>
      <Alpha>0</Alpha>
      <UZL>96.64360551575372</UZL>
      <K0>0.20791896842260108</K0>
      <K1>0.72953291322550651</K1>
      <K2>0.14999999574704359</K2>
      <MAXBAS>1.3837005557041591</MAXBAS>
      <Cet>0</Cet>
      <PCALT>10</PCALT>
      <TCALT>0.6</TCALT>
      <Pelev>0</Pelev>
      <Telev>0</Telev>
      <PART>0.5</PART>
      <DELAY>1</DELAY>
    </SubCatchmentParameters>
    <SubCatchmentVegetationZone>
      <SubCatchmentVegetationZoneParameters>
        <TT>2.4997342996152385</TT>
        <CFMAX>0.51900317018184239</CFMAX>
        <SP>0</SP>
        <SFCF>1.4999990297986241</SFCF>
        <CFR>0.059551815977469516</CFR>
        <CWH>0.10895454825015605</CWH>
        <CFGlacier>1</CFGlacier>
        <CFSlope>1</CFSlope>
        <FC>442.60014916765215</FC>
        <LP>0.84735526565278485</LP>
        <BETA>2.6495759845419893</BETA>
      </SubCatchmentVegetationZoneParameters>
    </SubCatchmentVegetationZone>
  </SubCatchment>
</Catchment>