<?xml version="1.0" encoding="utf-8"?>
<Catchment xmlns:xsi="http://www.w3.org/2001/XMLSchema-instance" xmlns:xsd="http://www.w3.org/2001/XMLSchema">
  <CatchmentParameters>
    <KSI>0.001</KSI>
    <KGmin>0.05</KGmin>
    <RangeKG>0.1</RangeKG>
    <AG>0.1</AG>
    <PERC>5.7028598782553184</PERC>
    <Alpha>0</Alpha>
    <UZL>121.29970959325661</UZL>
    <K0>0.31977330450276054</K0>
    <K1>0.784599056688987</K1>
    <K2>0.14999979143476458</K2>
    <MAXBAS>1.3888250829916944</MAXBAS>
    <Cet>0</Cet>
    <PCALT>10</PCALT>
    <TCALT>0.6</TCALT>
    <Pelev>0</Pelev>
    <Telev>0</Telev>
    <PART>0.5</PART>
    <DELAY>1</DELAY>
  </CatchmentParameters>
  <VegetationZone>
    <VegetationZoneParameters>
      <TT>2.3714890895914875</TT>
      <CFMAX>0.50054541556594667</CFMAX>
      <SP>0</SP>
      <SFCF>1.4999992311083212</SFCF>
      <CFR>0.072716746206400756</CFR>
      <CWH>0.10001040964089257</CWH>
      <CFGlacier>1</CFGlacier>
      <CFSlope>1</CFSlope>
      <FC>394.838084777116</FC>
      <LP>0.9999811916327076</LP>
      <BETA>3.7683790953698986</BETA>
    </VegetationZoneParameters>
  </VegetationZone>
  <SubCatchment>
    <SubCatchmentParameters>
      <KSI>0.001</KSI>
      <KGmin>0.05</KGmin>
      <RangeKG>0.1</RangeKG>
      <AG>0.1</AG>
      <PERC>5.7028598782553184</PERC>
      <Alpha>0</Alpha>
      <UZL>121.29970959325661</UZL>
      <K0>0.31977330450276054</K0>
      <K1>0.784599056688987</K1>
      <K2>0.14999979143476458</K2>
      <MAXBAS>1.3888250829916944</MAXBAS>
      <Cet>0</Cet>
      <PCALT>10</PCALT>
      <TCALT>0.6</TCALT>
      <Pelev>0</Pelev>
      <Telev>0</Telev>
      <PART>0.5</PART>
      <DELAY>1</DELAY>
    </SubCatchmentParameters>
    <SubCatchmentVegetationZone>
      <SubCatchmentVegetationZoneParameters>
        <TT>2.3714890895914875</TT>
        <CFMAX>0.50054541556594667</CFMAX>
        <SP>0</SP>
        <SFCF>1.4999992311083212</SFCF>
        <CFR>0.072716746206400756</CFR>
        <CWH>0.10001040964089257</CWH>
        <CFGlacier>1</CFGlacier>
        <CFSlope>1</CFSlope>
        <FC>394.838084777116</FC>
        <LP>0.9999811916327076</LP>
        <BETA>3.7683790953698986</BETA>
      </SubCatchmentVegetationZoneParameters>
    </SubCatchmentVegetationZone>
  </SubCatchment>
</Catchment>