<?xml version="1.0" encoding="utf-8"?>
<Catchment xmlns:xsi="http://www.w3.org/2001/XMLSchema-instance" xmlns:xsd="http://www.w3.org/2001/XMLSchema">
  <CatchmentParameters>
    <KSI>0.001</KSI>
    <KGmin>0.05</KGmin>
    <RangeKG>0.1</RangeKG>
    <AG>0.1</AG>
    <PERC>4.7708622531179445</PERC>
    <Alpha>0</Alpha>
    <UZL>131.99451030628612</UZL>
    <K0>0.439038990434341</K0>
    <K1>0.65055664736571517</K1>
    <K2>0.0687858625855015</K2>
    <MAXBAS>1</MAXBAS>
    <Cet>0</Cet>
    <PCALT>10</PCALT>
    <TCALT>0.6</TCALT>
    <Pelev>0</Pelev>
    <Telev>0</Telev>
    <PART>0.5</PART>
    <DELAY>1</DELAY>
  </CatchmentParameters>
  <VegetationZone>
    <VegetationZoneParameters>
      <TT>-0.66080330498851647</TT>
      <CFMAX>1.4718405933401211</CFMAX>
      <SP>0</SP>
      <SFCF>1.4010465279564999</SFCF>
      <CFR>0.044210174504222537</CFR>
      <CWH>0.19985845603118474</CWH>
      <CFGlacier>1</CFGlacier>
      <CFSlope>1</CFSlope>
      <FC>1800.9526993475345</FC>
      <LP>0.92145179178827585</LP>
      <BETA>3.0335613166039623</BETA>
    </VegetationZoneParameters>
  </VegetationZone>
  <SubCatchment>
    <SubCatchmentParameters>
      <KSI>0.001</KSI>
      <KGmin>0.05</KGmin>
      <RangeKG>0.1</RangeKG>
      <AG>0.1</AG>
      <PERC>4.7708622531179445</PERC>
      <Alpha>0</Alpha>
      <UZL>131.99451030628612</UZL>
      <K0>0.439038990434341</K0>
      <K1>0.65055664736571517</K1>
      <K2>0.0687858625855015</K2>
      <MAXBAS>1</MAXBAS>
      <Cet>0</Cet>
      <PCALT>10</PCALT>
      <TCALT>0.6</TCALT>
      <Pelev>0</Pelev>
      <Telev>0</Telev>
      <PART>0.5</PART>
      <DELAY>1</DELAY>
    </SubCatchmentParameters>
    <SubCatchmentVegetationZone>
      <SubCatchmentVegetationZoneParameters>
        <TT>-0.66080330498851647</TT>
        <CFMAX>1.4718405933401211</CFMAX>
        <SP>0</SP>
        <SFCF>1.4010465279564999</SFCF>
        <CFR>0.044210174504222537</CFR>
        <CWH>0.19985845603118474</CWH>
        <CFGlacier>1</CFGlacier>
        <CFSlope>1</CFSlope>
        <FC>1800.9526993475345</FC>
        <LP>0.92145179178827585</LP>
        <BETA>3.0335613166039623</BETA>
      </SubCatchmentVegetationZoneParameters>
    </SubCatchmentVegetationZone>
  </SubCatchment>
</Catchment>