<?xml version="1.0" encoding="utf-8"?>
<Catchment xmlns:xsi="http://www.w3.org/2001/XMLSchema-instance" xmlns:xsd="http://www.w3.org/2001/XMLSchema">
  <CatchmentParameters>
    <KSI>0.001</KSI>
    <KGmin>0.05</KGmin>
    <RangeKG>0.1</RangeKG>
    <AG>0.1</AG>
    <PERC>1.058643831809265</PERC>
    <Alpha>0</Alpha>
    <UZL>7.4528199790521459</UZL>
    <K0>0.77423258465047629</K0>
    <K1>0.010000018672031147</K1>
    <K2>0.067761029287651153</K2>
    <MAXBAS>1</MAXBAS>
    <Cet>0</Cet>
    <PCALT>10</PCALT>
    <TCALT>0.6</TCALT>
    <Pelev>0</Pelev>
    <Telev>0</Telev>
    <PART>0.5</PART>
    <DELAY>1</DELAY>
  </CatchmentParameters>
  <VegetationZone>
    <VegetationZoneParameters>
      <TT>1.1479898106378665</TT>
      <CFMAX>0.50000006499456429</CFMAX>
      <SP>0</SP>
      <SFCF>0.8305539562415043</SFCF>
      <CFR>0.081935512599188728</CFR>
      <CWH>0.19999816604240556</CWH>
      <CFGlacier>1</CFGlacier>
      <CFSlope>1</CFSlope>
      <FC>2269.6837371816587</FC>
      <LP>0.89643234964182816</LP>
      <BETA>3.1458317315644013</BETA>
    </VegetationZoneParameters>
  </VegetationZone>
  <SubCatchment>
    <SubCatchmentParameters>
      <KSI>0.001</KSI>
      <KGmin>0.05</KGmin>
      <RangeKG>0.1</RangeKG>
      <AG>0.1</AG>
      <PERC>1.058643831809265</PERC>
      <Alpha>0</Alpha>
      <UZL>7.4528199790521459</UZL>
      <K0>0.77423258465047629</K0>
      <K1>0.010000018672031147</K1>
      <K2>0.067761029287651153</K2>
      <MAXBAS>1</MAXBAS>
      <Cet>0</Cet>
      <PCALT>10</PCALT>
      <TCALT>0.6</TCALT>
      <Pelev>0</Pelev>
      <Telev>0</Telev>
      <PART>0.5</PART>
      <DELAY>1</DELAY>
    </SubCatchmentParameters>
    <SubCatchmentVegetationZone>
      <SubCatchmentVegetationZoneParameters>
        <TT>1.1479898106378665</TT>
        <CFMAX>0.50000006499456429</CFMAX>
        <SP>0</SP>
        <SFCF>0.8305539562415043</SFCF>
        <CFR>0.081935512599188728</CFR>
        <CWH>0.19999816604240556</CWH>
        <CFGlacier>1</CFGlacier>
        <CFSlope>1</CFSlope>
        <FC>2269.6837371816587</FC>
        <LP>0.89643234964182816</LP>
        <BETA>3.1458317315644013</BETA>
      </SubCatchmentVegetationZoneParameters>
    </SubCatchmentVegetationZone>
  </SubCatchment>
</Catchment>