<?xml version="1.0" encoding="utf-8"?>
<Catchment xmlns:xsi="http://www.w3.org/2001/XMLSchema-instance" xmlns:xsd="http://www.w3.org/2001/XMLSchema">
  <CatchmentParameters>
    <KSI>0.001</KSI>
    <KGmin>0.05</KGmin>
    <RangeKG>0.1</RangeKG>
    <AG>0.1</AG>
    <PERC>7.2654326242159932</PERC>
    <Alpha>0</Alpha>
    <UZL>116.94109989320911</UZL>
    <K0>0.75247582197392038</K0>
    <K1>0.57544725805950359</K1>
    <K2>0.14999964819659203</K2>
    <MAXBAS>1.2684291524339677</MAXBAS>
    <Cet>0</Cet>
    <PCALT>10</PCALT>
    <TCALT>0.6</TCALT>
    <Pelev>0</Pelev>
    <Telev>0</Telev>
    <PART>0.5</PART>
    <DELAY>1</DELAY>
  </CatchmentParameters>
  <VegetationZone>
    <VegetationZoneParameters>
      <TT>1.2090208664548712</TT>
      <CFMAX>3.502231557214317</CFMAX>
      <SP>0</SP>
      <SFCF>0.50028450785381928</SFCF>
      <CFR>0.054450020343630536</CFR>
      <CWH>0.1000211638329833</CWH>
      <CFGlacier>1</CFGlacier>
      <CFSlope>1</CFSlope>
      <FC>131.9851884760578</FC>
      <LP>0.30000000083137418</LP>
      <BETA>1.731909441844858</BETA>
    </VegetationZoneParameters>
  </VegetationZone>
  <SubCatchment>
    <SubCatchmentParameters>
      <KSI>0.001</KSI>
      <KGmin>0.05</KGmin>
      <RangeKG>0.1</RangeKG>
      <AG>0.1</AG>
      <PERC>7.2654326242159932</PERC>
      <Alpha>0</Alpha>
      <UZL>116.94109989320911</UZL>
      <K0>0.75247582197392038</K0>
      <K1>0.57544725805950359</K1>
      <K2>0.14999964819659203</K2>
      <MAXBAS>1.2684291524339677</MAXBAS>
      <Cet>0</Cet>
      <PCALT>10</PCALT>
      <TCALT>0.6</TCALT>
      <Pelev>0</Pelev>
      <Telev>0</Telev>
      <PART>0.5</PART>
      <DELAY>1</DELAY>
    </SubCatchmentParameters>
    <SubCatchmentVegetationZone>
      <SubCatchmentVegetationZoneParameters>
        <TT>1.2090208664548712</TT>
        <CFMAX>3.502231557214317</CFMAX>
        <SP>0</SP>
        <SFCF>0.50028450785381928</SFCF>
        <CFR>0.054450020343630536</CFR>
        <CWH>0.1000211638329833</CWH>
        <CFGlacier>1</CFGlacier>
        <CFSlope>1</CFSlope>
        <FC>131.9851884760578</FC>
        <LP>0.30000000083137418</LP>
        <BETA>1.731909441844858</BETA>
      </SubCatchmentVegetationZoneParameters>
    </SubCatchmentVegetationZone>
  </SubCatchment>
</Catchment>