<?xml version="1.0" encoding="utf-8"?>
<Catchment xmlns:xsi="http://www.w3.org/2001/XMLSchema-instance" xmlns:xsd="http://www.w3.org/2001/XMLSchema">
  <CatchmentParameters>
    <KSI>0.001</KSI>
    <KGmin>0.05</KGmin>
    <RangeKG>0.1</RangeKG>
    <AG>0.1</AG>
    <PERC>9.8516954281462148</PERC>
    <Alpha>0</Alpha>
    <UZL>149.080769715287</UZL>
    <K0>0.40441498655538388</K0>
    <K1>0.55308183074052963</K1>
    <K2>0.14998370375575237</K2>
    <MAXBAS>1.2472396412146722</MAXBAS>
    <Cet>0</Cet>
    <PCALT>10</PCALT>
    <TCALT>0.6</TCALT>
    <Pelev>0</Pelev>
    <Telev>0</Telev>
    <PART>0.5</PART>
    <DELAY>1</DELAY>
  </CatchmentParameters>
  <VegetationZone>
    <VegetationZoneParameters>
      <TT>1.2010503423775032</TT>
      <CFMAX>3.4117435455601353</CFMAX>
      <SP>0</SP>
      <SFCF>0.5003075213436321</SFCF>
      <CFR>0.042669135084744292</CFR>
      <CWH>0.10001183993502494</CWH>
      <CFGlacier>1</CFGlacier>
      <CFSlope>1</CFSlope>
      <FC>103.75697814785613</FC>
      <LP>0.30000000003772204</LP>
      <BETA>2.2774122496494194</BETA>
    </VegetationZoneParameters>
  </VegetationZone>
  <SubCatchment>
    <SubCatchmentParameters>
      <KSI>0.001</KSI>
      <KGmin>0.05</KGmin>
      <RangeKG>0.1</RangeKG>
      <AG>0.1</AG>
      <PERC>9.8516954281462148</PERC>
      <Alpha>0</Alpha>
      <UZL>149.080769715287</UZL>
      <K0>0.40441498655538388</K0>
      <K1>0.55308183074052963</K1>
      <K2>0.14998370375575237</K2>
      <MAXBAS>1.2472396412146722</MAXBAS>
      <Cet>0</Cet>
      <PCALT>10</PCALT>
      <TCALT>0.6</TCALT>
      <Pelev>0</Pelev>
      <Telev>0</Telev>
      <PART>0.5</PART>
      <DELAY>1</DELAY>
    </SubCatchmentParameters>
    <SubCatchmentVegetationZone>
      <SubCatchmentVegetationZoneParameters>
        <TT>1.2010503423775032</TT>
        <CFMAX>3.4117435455601353</CFMAX>
        <SP>0</SP>
        <SFCF>0.5003075213436321</SFCF>
        <CFR>0.042669135084744292</CFR>
        <CWH>0.10001183993502494</CWH>
        <CFGlacier>1</CFGlacier>
        <CFSlope>1</CFSlope>
        <FC>103.75697814785613</FC>
        <LP>0.30000000003772204</LP>
        <BETA>2.2774122496494194</BETA>
      </SubCatchmentVegetationZoneParameters>
    </SubCatchmentVegetationZone>
  </SubCatchment>
</Catchment>