<?xml version="1.0" encoding="utf-8"?>
<Catchment xmlns:xsi="http://www.w3.org/2001/XMLSchema-instance" xmlns:xsd="http://www.w3.org/2001/XMLSchema">
  <CatchmentParameters>
    <KSI>0.001</KSI>
    <KGmin>0.05</KGmin>
    <RangeKG>0.1</RangeKG>
    <AG>0.1</AG>
    <PERC>5.3719656051289428</PERC>
    <Alpha>0</Alpha>
    <UZL>64.627364551728363</UZL>
    <K0>0.47061238311064868</K0>
    <K1>0.74081997527538457</K1>
    <K2>0.14999999987389825</K2>
    <MAXBAS>1.4185468857422416</MAXBAS>
    <Cet>0</Cet>
    <PCALT>10</PCALT>
    <TCALT>0.6</TCALT>
    <Pelev>0</Pelev>
    <Telev>0</Telev>
    <PART>0.5</PART>
    <DELAY>1</DELAY>
  </CatchmentParameters>
  <VegetationZone>
    <VegetationZoneParameters>
      <TT>2.4999176749249332</TT>
      <CFMAX>0.62839477541498745</CFMAX>
      <SP>0</SP>
      <SFCF>1.4999993168929258</SFCF>
      <CFR>0.057105587094580031</CFR>
      <CWH>0.10000245467321976</CWH>
      <CFGlacier>1</CFGlacier>
      <CFSlope>1</CFSlope>
      <FC>468.18370634122618</FC>
      <LP>0.86576135456280157</LP>
      <BETA>2.5803333452242123</BETA>
    </VegetationZoneParameters>
  </VegetationZone>
  <SubCatchment>
    <SubCatchmentParameters>
      <KSI>0.001</KSI>
      <KGmin>0.05</KGmin>
      <RangeKG>0.1</RangeKG>
      <AG>0.1</AG>
      <PERC>5.3719656051289428</PERC>
      <Alpha>0</Alpha>
      <UZL>64.627364551728363</UZL>
      <K0>0.47061238311064868</K0>
      <K1>0.74081997527538457</K1>
      <K2>0.14999999987389825</K2>
      <MAXBAS>1.4185468857422416</MAXBAS>
      <Cet>0</Cet>
      <PCALT>10</PCALT>
      <TCALT>0.6</TCALT>
      <Pelev>0</Pelev>
      <Telev>0</Telev>
      <PART>0.5</PART>
      <DELAY>1</DELAY>
    </SubCatchmentParameters>
    <SubCatchmentVegetationZone>
      <SubCatchmentVegetationZoneParameters>
        <TT>2.4999176749249332</TT>
        <CFMAX>0.62839477541498745</CFMAX>
        <SP>0</SP>
        <SFCF>1.4999993168929258</SFCF>
        <CFR>0.057105587094580031</CFR>
        <CWH>0.10000245467321976</CWH>
        <CFGlacier>1</CFGlacier>
        <CFSlope>1</CFSlope>
        <FC>468.18370634122618</FC>
        <LP>0.86576135456280157</LP>
        <BETA>2.5803333452242123</BETA>
      </SubCatchmentVegetationZoneParameters>
    </SubCatchmentVegetationZone>
  </SubCatchment>
</Catchment>