<?xml version="1.0" encoding="utf-8"?>
<Catchment xmlns:xsi="http://www.w3.org/2001/XMLSchema-instance" xmlns:xsd="http://www.w3.org/2001/XMLSchema">
  <CatchmentParameters>
    <KSI>0.001</KSI>
    <KGmin>0.05</KGmin>
    <RangeKG>0.1</RangeKG>
    <AG>0.1</AG>
    <PERC>5.8036598662435956</PERC>
    <Alpha>0</Alpha>
    <UZL>115.45728711021052</UZL>
    <K0>0.40439079236047687</K0>
    <K1>0.43095687308319069</K1>
    <K2>0.043529175551924974</K2>
    <MAXBAS>1</MAXBAS>
    <Cet>0</Cet>
    <PCALT>10</PCALT>
    <TCALT>0.6</TCALT>
    <Pelev>0</Pelev>
    <Telev>0</Telev>
    <PART>0.5</PART>
    <DELAY>1</DELAY>
  </CatchmentParameters>
  <VegetationZone>
    <VegetationZoneParameters>
      <TT>1.1479940280172003</TT>
      <CFMAX>0.50000175885957276</CFMAX>
      <SP>0</SP>
      <SFCF>0.786644631729674</SFCF>
      <CFR>0.09999327268138683</CFR>
      <CWH>0.19999662842399302</CWH>
      <CFGlacier>1</CFGlacier>
      <CFSlope>1</CFSlope>
      <FC>137.99491816272331</FC>
      <LP>0.50274128617252878</LP>
      <BETA>2.1517003028224622</BETA>
    </VegetationZoneParameters>
  </VegetationZone>
  <SubCatchment>
    <SubCatchmentParameters>
      <KSI>0.001</KSI>
      <KGmin>0.05</KGmin>
      <RangeKG>0.1</RangeKG>
      <AG>0.1</AG>
      <PERC>5.8036598662435956</PERC>
      <Alpha>0</Alpha>
      <UZL>115.45728711021052</UZL>
      <K0>0.40439079236047687</K0>
      <K1>0.43095687308319069</K1>
      <K2>0.043529175551924974</K2>
      <MAXBAS>1</MAXBAS>
      <Cet>0</Cet>
      <PCALT>10</PCALT>
      <TCALT>0.6</TCALT>
      <Pelev>0</Pelev>
      <Telev>0</Telev>
      <PART>0.5</PART>
      <DELAY>1</DELAY>
    </SubCatchmentParameters>
    <SubCatchmentVegetationZone>
      <SubCatchmentVegetationZoneParameters>
        <TT>1.1479940280172003</TT>
        <CFMAX>0.50000175885957276</CFMAX>
        <SP>0</SP>
        <SFCF>0.786644631729674</SFCF>
        <CFR>0.09999327268138683</CFR>
        <CWH>0.19999662842399302</CWH>
        <CFGlacier>1</CFGlacier>
        <CFSlope>1</CFSlope>
        <FC>137.99491816272331</FC>
        <LP>0.50274128617252878</LP>
        <BETA>2.1517003028224622</BETA>
      </SubCatchmentVegetationZoneParameters>
    </SubCatchmentVegetationZone>
  </SubCatchment>
</Catchment>