<?xml version="1.0" encoding="utf-8"?>
<Catchment xmlns:xsi="http://www.w3.org/2001/XMLSchema-instance" xmlns:xsd="http://www.w3.org/2001/XMLSchema">
  <CatchmentParameters>
    <KSI>0.001</KSI>
    <KGmin>0.05</KGmin>
    <RangeKG>0.1</RangeKG>
    <AG>0.1</AG>
    <PERC>5.5518504377655162</PERC>
    <Alpha>0</Alpha>
    <UZL>191.0032683176623</UZL>
    <K0>0.27133657714378584</K0>
    <K1>0.43933008542772362</K1>
    <K2>0.04616015692439325</K2>
    <MAXBAS>1</MAXBAS>
    <Cet>0</Cet>
    <PCALT>10</PCALT>
    <TCALT>0.6</TCALT>
    <Pelev>0</Pelev>
    <Telev>0</Telev>
    <PART>0.5</PART>
    <DELAY>1</DELAY>
  </CatchmentParameters>
  <VegetationZone>
    <VegetationZoneParameters>
      <TT>-0.48940744039245765</TT>
      <CFMAX>0.66695232337113075</CFMAX>
      <SP>0</SP>
      <SFCF>1.1698582563568152</SFCF>
      <CFR>0.0956305697065112</CFR>
      <CWH>0.10000484638394207</CWH>
      <CFGlacier>1</CFGlacier>
      <CFSlope>1</CFSlope>
      <FC>152.43739576053739</FC>
      <LP>0.60420547210353437</LP>
      <BETA>2.3902623159989966</BETA>
    </VegetationZoneParameters>
  </VegetationZone>
  <SubCatchment>
    <SubCatchmentParameters>
      <KSI>0.001</KSI>
      <KGmin>0.05</KGmin>
      <RangeKG>0.1</RangeKG>
      <AG>0.1</AG>
      <PERC>5.5518504377655162</PERC>
      <Alpha>0</Alpha>
      <UZL>191.0032683176623</UZL>
      <K0>0.27133657714378584</K0>
      <K1>0.43933008542772362</K1>
      <K2>0.04616015692439325</K2>
      <MAXBAS>1</MAXBAS>
      <Cet>0</Cet>
      <PCALT>10</PCALT>
      <TCALT>0.6</TCALT>
      <Pelev>0</Pelev>
      <Telev>0</Telev>
      <PART>0.5</PART>
      <DELAY>1</DELAY>
    </SubCatchmentParameters>
    <SubCatchmentVegetationZone>
      <SubCatchmentVegetationZoneParameters>
        <TT>-0.48940744039245765</TT>
        <CFMAX>0.66695232337113075</CFMAX>
        <SP>0</SP>
        <SFCF>1.1698582563568152</SFCF>
        <CFR>0.0956305697065112</CFR>
        <CWH>0.10000484638394207</CWH>
        <CFGlacier>1</CFGlacier>
        <CFSlope>1</CFSlope>
        <FC>152.43739576053739</FC>
        <LP>0.60420547210353437</LP>
        <BETA>2.3902623159989966</BETA>
      </SubCatchmentVegetationZoneParameters>
    </SubCatchmentVegetationZone>
  </SubCatchment>
</Catchment>