<?xml version="1.0" encoding="utf-8"?>
<Catchment xmlns:xsi="http://www.w3.org/2001/XMLSchema-instance" xmlns:xsd="http://www.w3.org/2001/XMLSchema">
  <CatchmentParameters>
    <KSI>0.001</KSI>
    <KGmin>0.05</KGmin>
    <RangeKG>0.1</RangeKG>
    <AG>0.1</AG>
    <PERC>4.4851708360745715</PERC>
    <Alpha>0</Alpha>
    <UZL>85.284503181210283</UZL>
    <K0>0.39099350824456897</K0>
    <K1>0.5933365285855533</K1>
    <K2>0.07697613630974745</K2>
    <MAXBAS>1</MAXBAS>
    <Cet>0</Cet>
    <PCALT>10</PCALT>
    <TCALT>0.6</TCALT>
    <Pelev>0</Pelev>
    <Telev>0</Telev>
    <PART>0.5</PART>
    <DELAY>1</DELAY>
  </CatchmentParameters>
  <VegetationZone>
    <VegetationZoneParameters>
      <TT>1.8819908314948992</TT>
      <CFMAX>0.50000036974473316</CFMAX>
      <SP>0</SP>
      <SFCF>1.1809288942473695</SFCF>
      <CFR>0.0032030744857895841</CFR>
      <CWH>0.1000050789091686</CWH>
      <CFGlacier>1</CFGlacier>
      <CFSlope>1</CFSlope>
      <FC>492.93334932086276</FC>
      <LP>0.914590459179106</LP>
      <BETA>2.8475022636851439</BETA>
    </VegetationZoneParameters>
  </VegetationZone>
  <SubCatchment>
    <SubCatchmentParameters>
      <KSI>0.001</KSI>
      <KGmin>0.05</KGmin>
      <RangeKG>0.1</RangeKG>
      <AG>0.1</AG>
      <PERC>4.4851708360745715</PERC>
      <Alpha>0</Alpha>
      <UZL>85.284503181210283</UZL>
      <K0>0.39099350824456897</K0>
      <K1>0.5933365285855533</K1>
      <K2>0.07697613630974745</K2>
      <MAXBAS>1</MAXBAS>
      <Cet>0</Cet>
      <PCALT>10</PCALT>
      <TCALT>0.6</TCALT>
      <Pelev>0</Pelev>
      <Telev>0</Telev>
      <PART>0.5</PART>
      <DELAY>1</DELAY>
    </SubCatchmentParameters>
    <SubCatchmentVegetationZone>
      <SubCatchmentVegetationZoneParameters>
        <TT>1.8819908314948992</TT>
        <CFMAX>0.50000036974473316</CFMAX>
        <SP>0</SP>
        <SFCF>1.1809288942473695</SFCF>
        <CFR>0.0032030744857895841</CFR>
        <CWH>0.1000050789091686</CWH>
        <CFGlacier>1</CFGlacier>
        <CFSlope>1</CFSlope>
        <FC>492.93334932086276</FC>
        <LP>0.914590459179106</LP>
        <BETA>2.8475022636851439</BETA>
      </SubCatchmentVegetationZoneParameters>
    </SubCatchmentVegetationZone>
  </SubCatchment>
</Catchment>