<?xml version="1.0" encoding="utf-8"?>
<Catchment xmlns:xsi="http://www.w3.org/2001/XMLSchema-instance" xmlns:xsd="http://www.w3.org/2001/XMLSchema">
  <CatchmentParameters>
    <KSI>0.001</KSI>
    <KGmin>0.05</KGmin>
    <RangeKG>0.1</RangeKG>
    <AG>0.1</AG>
    <PERC>5.1801432352887753</PERC>
    <Alpha>0</Alpha>
    <UZL>187.38233082740157</UZL>
    <K0>0.081032301882985588</K0>
    <K1>0.772886192602696</K1>
    <K2>0.14999999971255362</K2>
    <MAXBAS>1.419070696055124</MAXBAS>
    <Cet>0</Cet>
    <PCALT>10</PCALT>
    <TCALT>0.6</TCALT>
    <Pelev>0</Pelev>
    <Telev>0</Telev>
    <PART>0.5</PART>
    <DELAY>1</DELAY>
  </CatchmentParameters>
  <VegetationZone>
    <VegetationZoneParameters>
      <TT>2.4008406871016179</TT>
      <CFMAX>0.50338398605000678</CFMAX>
      <SP>0</SP>
      <SFCF>1.499998550378268</SFCF>
      <CFR>0.057549668559662689</CFR>
      <CWH>0.10810459199809264</CWH>
      <CFGlacier>1</CFGlacier>
      <CFSlope>1</CFSlope>
      <FC>438.61152239709804</FC>
      <LP>0.88409445057490621</LP>
      <BETA>2.9150666981979563</BETA>
    </VegetationZoneParameters>
  </VegetationZone>
  <SubCatchment>
    <SubCatchmentParameters>
      <KSI>0.001</KSI>
      <KGmin>0.05</KGmin>
      <RangeKG>0.1</RangeKG>
      <AG>0.1</AG>
      <PERC>5.1801432352887753</PERC>
      <Alpha>0</Alpha>
      <UZL>187.38233082740157</UZL>
      <K0>0.081032301882985588</K0>
      <K1>0.772886192602696</K1>
      <K2>0.14999999971255362</K2>
      <MAXBAS>1.419070696055124</MAXBAS>
      <Cet>0</Cet>
      <PCALT>10</PCALT>
      <TCALT>0.6</TCALT>
      <Pelev>0</Pelev>
      <Telev>0</Telev>
      <PART>0.5</PART>
      <DELAY>1</DELAY>
    </SubCatchmentParameters>
    <SubCatchmentVegetationZone>
      <SubCatchmentVegetationZoneParameters>
        <TT>2.4008406871016179</TT>
        <CFMAX>0.50338398605000678</CFMAX>
        <SP>0</SP>
        <SFCF>1.499998550378268</SFCF>
        <CFR>0.057549668559662689</CFR>
        <CWH>0.10810459199809264</CWH>
        <CFGlacier>1</CFGlacier>
        <CFSlope>1</CFSlope>
        <FC>438.61152239709804</FC>
        <LP>0.88409445057490621</LP>
        <BETA>2.9150666981979563</BETA>
      </SubCatchmentVegetationZoneParameters>
    </SubCatchmentVegetationZone>
  </SubCatchment>
</Catchment>