<?xml version="1.0" encoding="utf-8"?>
<Catchment xmlns:xsi="http://www.w3.org/2001/XMLSchema-instance" xmlns:xsd="http://www.w3.org/2001/XMLSchema">
  <CatchmentParameters>
    <KSI>0.001</KSI>
    <KGmin>0.05</KGmin>
    <RangeKG>0.1</RangeKG>
    <AG>0.1</AG>
    <PERC>4.5773593894880316</PERC>
    <Alpha>0</Alpha>
    <UZL>186.02702299759758</UZL>
    <K0>0.42904380779344814</K0>
    <K1>0.52810396566313123</K1>
    <K2>0.069413001411761335</K2>
    <MAXBAS>1</MAXBAS>
    <Cet>0</Cet>
    <PCALT>10</PCALT>
    <TCALT>0.6</TCALT>
    <Pelev>0</Pelev>
    <Telev>0</Telev>
    <PART>0.5</PART>
    <DELAY>1</DELAY>
  </CatchmentParameters>
  <VegetationZone>
    <VegetationZoneParameters>
      <TT>1.8796639771051118</TT>
      <CFMAX>0.627833009922609</CFMAX>
      <SP>0</SP>
      <SFCF>1.3557229888201725</SFCF>
      <CFR>0.065098787043837217</CFR>
      <CWH>0.11392621661755897</CWH>
      <CFGlacier>1</CFGlacier>
      <CFSlope>1</CFSlope>
      <FC>276.13955947386336</FC>
      <LP>0.68905225322204489</LP>
      <BETA>2.237815656516577</BETA>
    </VegetationZoneParameters>
  </VegetationZone>
  <SubCatchment>
    <SubCatchmentParameters>
      <KSI>0.001</KSI>
      <KGmin>0.05</KGmin>
      <RangeKG>0.1</RangeKG>
      <AG>0.1</AG>
      <PERC>4.5773593894880316</PERC>
      <Alpha>0</Alpha>
      <UZL>186.02702299759758</UZL>
      <K0>0.42904380779344814</K0>
      <K1>0.52810396566313123</K1>
      <K2>0.069413001411761335</K2>
      <MAXBAS>1</MAXBAS>
      <Cet>0</Cet>
      <PCALT>10</PCALT>
      <TCALT>0.6</TCALT>
      <Pelev>0</Pelev>
      <Telev>0</Telev>
      <PART>0.5</PART>
      <DELAY>1</DELAY>
    </SubCatchmentParameters>
    <SubCatchmentVegetationZone>
      <SubCatchmentVegetationZoneParameters>
        <TT>1.8796639771051118</TT>
        <CFMAX>0.627833009922609</CFMAX>
        <SP>0</SP>
        <SFCF>1.3557229888201725</SFCF>
        <CFR>0.065098787043837217</CFR>
        <CWH>0.11392621661755897</CWH>
        <CFGlacier>1</CFGlacier>
        <CFSlope>1</CFSlope>
        <FC>276.13955947386336</FC>
        <LP>0.68905225322204489</LP>
        <BETA>2.237815656516577</BETA>
      </SubCatchmentVegetationZoneParameters>
    </SubCatchmentVegetationZone>
  </SubCatchment>
</Catchment>