<?xml version="1.0" encoding="utf-8"?>
<Catchment xmlns:xsi="http://www.w3.org/2001/XMLSchema-instance" xmlns:xsd="http://www.w3.org/2001/XMLSchema">
  <CatchmentParameters>
    <KSI>0.001</KSI>
    <KGmin>0.05</KGmin>
    <RangeKG>0.1</RangeKG>
    <AG>0.1</AG>
    <PERC>9.9999954956426151</PERC>
    <Alpha>0</Alpha>
    <UZL>95.186804999304343</UZL>
    <K0>0.54746044467133081</K0>
    <K1>0.5401083834513023</K1>
    <K2>0.12551523744740969</K2>
    <MAXBAS>1.2853518036513461</MAXBAS>
    <Cet>0</Cet>
    <PCALT>10</PCALT>
    <TCALT>0.6</TCALT>
    <Pelev>0</Pelev>
    <Telev>0</Telev>
    <PART>0.5</PART>
    <DELAY>1</DELAY>
  </CatchmentParameters>
  <VegetationZone>
    <VegetationZoneParameters>
      <TT>1.2990044489072641</TT>
      <CFMAX>4.9998049819450117</CFMAX>
      <SP>0</SP>
      <SFCF>0.50000007538815838</SFCF>
      <CFR>0.0623698973794981</CFR>
      <CWH>0.10001116803034976</CWH>
      <CFGlacier>1</CFGlacier>
      <CFSlope>1</CFSlope>
      <FC>94.2599190443899</FC>
      <LP>0.30000003958293603</LP>
      <BETA>2.003313329759107</BETA>
    </VegetationZoneParameters>
  </VegetationZone>
  <SubCatchment>
    <SubCatchmentParameters>
      <KSI>0.001</KSI>
      <KGmin>0.05</KGmin>
      <RangeKG>0.1</RangeKG>
      <AG>0.1</AG>
      <PERC>9.9999954956426151</PERC>
      <Alpha>0</Alpha>
      <UZL>95.186804999304343</UZL>
      <K0>0.54746044467133081</K0>
      <K1>0.5401083834513023</K1>
      <K2>0.12551523744740969</K2>
      <MAXBAS>1.2853518036513461</MAXBAS>
      <Cet>0</Cet>
      <PCALT>10</PCALT>
      <TCALT>0.6</TCALT>
      <Pelev>0</Pelev>
      <Telev>0</Telev>
      <PART>0.5</PART>
      <DELAY>1</DELAY>
    </SubCatchmentParameters>
    <SubCatchmentVegetationZone>
      <SubCatchmentVegetationZoneParameters>
        <TT>1.2990044489072641</TT>
        <CFMAX>4.9998049819450117</CFMAX>
        <SP>0</SP>
        <SFCF>0.50000007538815838</SFCF>
        <CFR>0.0623698973794981</CFR>
        <CWH>0.10001116803034976</CWH>
        <CFGlacier>1</CFGlacier>
        <CFSlope>1</CFSlope>
        <FC>94.2599190443899</FC>
        <LP>0.30000003958293603</LP>
        <BETA>2.003313329759107</BETA>
      </SubCatchmentVegetationZoneParameters>
    </SubCatchmentVegetationZone>
  </SubCatchment>
</Catchment>