<?xml version="1.0" encoding="utf-8"?>
<Catchment xmlns:xsi="http://www.w3.org/2001/XMLSchema-instance" xmlns:xsd="http://www.w3.org/2001/XMLSchema">
  <CatchmentParameters>
    <KSI>0.001</KSI>
    <KGmin>0.05</KGmin>
    <RangeKG>0.1</RangeKG>
    <AG>0.1</AG>
    <PERC>5.2663414111078994</PERC>
    <Alpha>0</Alpha>
    <UZL>131.6190092271483</UZL>
    <K0>0.29510306976153966</K0>
    <K1>0.37649723957730152</K1>
    <K2>0.044143143954064205</K2>
    <MAXBAS>1</MAXBAS>
    <Cet>0</Cet>
    <PCALT>10</PCALT>
    <TCALT>0.6</TCALT>
    <Pelev>0</Pelev>
    <Telev>0</Telev>
    <PART>0.5</PART>
    <DELAY>1</DELAY>
  </CatchmentParameters>
  <VegetationZone>
    <VegetationZoneParameters>
      <TT>1.0096433016197497</TT>
      <CFMAX>0.56946007433111223</CFMAX>
      <SP>0</SP>
      <SFCF>0.60007485553504025</SFCF>
      <CFR>0.09988170381150048</CFR>
      <CWH>0.10001616637241831</CWH>
      <CFGlacier>1</CFGlacier>
      <CFSlope>1</CFSlope>
      <FC>153.18614327516286</FC>
      <LP>0.80448229490896483</LP>
      <BETA>3.2425836472926721</BETA>
    </VegetationZoneParameters>
  </VegetationZone>
  <SubCatchment>
    <SubCatchmentParameters>
      <KSI>0.001</KSI>
      <KGmin>0.05</KGmin>
      <RangeKG>0.1</RangeKG>
      <AG>0.1</AG>
      <PERC>5.2663414111078994</PERC>
      <Alpha>0</Alpha>
      <UZL>131.6190092271483</UZL>
      <K0>0.29510306976153966</K0>
      <K1>0.37649723957730152</K1>
      <K2>0.044143143954064205</K2>
      <MAXBAS>1</MAXBAS>
      <Cet>0</Cet>
      <PCALT>10</PCALT>
      <TCALT>0.6</TCALT>
      <Pelev>0</Pelev>
      <Telev>0</Telev>
      <PART>0.5</PART>
      <DELAY>1</DELAY>
    </SubCatchmentParameters>
    <SubCatchmentVegetationZone>
      <SubCatchmentVegetationZoneParameters>
        <TT>1.0096433016197497</TT>
        <CFMAX>0.56946007433111223</CFMAX>
        <SP>0</SP>
        <SFCF>0.60007485553504025</SFCF>
        <CFR>0.09988170381150048</CFR>
        <CWH>0.10001616637241831</CWH>
        <CFGlacier>1</CFGlacier>
        <CFSlope>1</CFSlope>
        <FC>153.18614327516286</FC>
        <LP>0.80448229490896483</LP>
        <BETA>3.2425836472926721</BETA>
      </SubCatchmentVegetationZoneParameters>
    </SubCatchmentVegetationZone>
  </SubCatchment>
</Catchment>