<?xml version="1.0" encoding="utf-8"?>
<Catchment xmlns:xsi="http://www.w3.org/2001/XMLSchema-instance" xmlns:xsd="http://www.w3.org/2001/XMLSchema">
  <CatchmentParameters>
    <KSI>0.001</KSI>
    <KGmin>0.05</KGmin>
    <RangeKG>0.1</RangeKG>
    <AG>0.1</AG>
    <PERC>8.7665875063219669</PERC>
    <Alpha>0</Alpha>
    <UZL>20.172856778121954</UZL>
    <K0>0.98999877905693112</K0>
    <K1>0.48221857215162905</K1>
    <K2>0.14999789425595791</K2>
    <MAXBAS>1.35268221297474</MAXBAS>
    <Cet>0</Cet>
    <PCALT>10</PCALT>
    <TCALT>0.6</TCALT>
    <Pelev>0</Pelev>
    <Telev>0</Telev>
    <PART>0.5</PART>
    <DELAY>1</DELAY>
  </CatchmentParameters>
  <VegetationZone>
    <VegetationZoneParameters>
      <TT>1.0196960120204157</TT>
      <CFMAX>2.1458062771166158</CFMAX>
      <SP>0</SP>
      <SFCF>0.50000013397091736</SFCF>
      <CFR>0.031529228738269195</CFR>
      <CWH>0.10000063151558281</CWH>
      <CFGlacier>1</CFGlacier>
      <CFSlope>1</CFSlope>
      <FC>115.70824552378851</FC>
      <LP>0.30006109247123863</LP>
      <BETA>1.9102146784169802</BETA>
    </VegetationZoneParameters>
  </VegetationZone>
  <SubCatchment>
    <SubCatchmentParameters>
      <KSI>0.001</KSI>
      <KGmin>0.05</KGmin>
      <RangeKG>0.1</RangeKG>
      <AG>0.1</AG>
      <PERC>8.7665875063219669</PERC>
      <Alpha>0</Alpha>
      <UZL>20.172856778121954</UZL>
      <K0>0.98999877905693112</K0>
      <K1>0.48221857215162905</K1>
      <K2>0.14999789425595791</K2>
      <MAXBAS>1.35268221297474</MAXBAS>
      <Cet>0</Cet>
      <PCALT>10</PCALT>
      <TCALT>0.6</TCALT>
      <Pelev>0</Pelev>
      <Telev>0</Telev>
      <PART>0.5</PART>
      <DELAY>1</DELAY>
    </SubCatchmentParameters>
    <SubCatchmentVegetationZone>
      <SubCatchmentVegetationZoneParameters>
        <TT>1.0196960120204157</TT>
        <CFMAX>2.1458062771166158</CFMAX>
        <SP>0</SP>
        <SFCF>0.50000013397091736</SFCF>
        <CFR>0.031529228738269195</CFR>
        <CWH>0.10000063151558281</CWH>
        <CFGlacier>1</CFGlacier>
        <CFSlope>1</CFSlope>
        <FC>115.70824552378851</FC>
        <LP>0.30006109247123863</LP>
        <BETA>1.9102146784169802</BETA>
      </SubCatchmentVegetationZoneParameters>
    </SubCatchmentVegetationZone>
  </SubCatchment>
</Catchment>