<?xml version="1.0" encoding="utf-8"?>
<Catchment xmlns:xsi="http://www.w3.org/2001/XMLSchema-instance" xmlns:xsd="http://www.w3.org/2001/XMLSchema">
  <CatchmentParameters>
    <KSI>0.001</KSI>
    <KGmin>0.05</KGmin>
    <RangeKG>0.1</RangeKG>
    <AG>0.1</AG>
    <PERC>5.49691443904449</PERC>
    <Alpha>0</Alpha>
    <UZL>142.79815448186534</UZL>
    <K0>0.46740582057998525</K0>
    <K1>0.76165978607014884</K1>
    <K2>0.14999988788882143</K2>
    <MAXBAS>1.4203023999699049</MAXBAS>
    <Cet>0</Cet>
    <PCALT>10</PCALT>
    <TCALT>0.6</TCALT>
    <Pelev>0</Pelev>
    <Telev>0</Telev>
    <PART>0.5</PART>
    <DELAY>1</DELAY>
  </CatchmentParameters>
  <VegetationZone>
    <VegetationZoneParameters>
      <TT>2.4737713463450297</TT>
      <CFMAX>0.51214627466905993</CFMAX>
      <SP>0</SP>
      <SFCF>1.4999989538589031</SFCF>
      <CFR>0.054395110315324235</CFR>
      <CWH>0.10000013604596494</CWH>
      <CFGlacier>1</CFGlacier>
      <CFSlope>1</CFSlope>
      <FC>447.3340320137624</FC>
      <LP>0.78394098825876057</LP>
      <BETA>2.1386845665670524</BETA>
    </VegetationZoneParameters>
  </VegetationZone>
  <SubCatchment>
    <SubCatchmentParameters>
      <KSI>0.001</KSI>
      <KGmin>0.05</KGmin>
      <RangeKG>0.1</RangeKG>
      <AG>0.1</AG>
      <PERC>5.49691443904449</PERC>
      <Alpha>0</Alpha>
      <UZL>142.79815448186534</UZL>
      <K0>0.46740582057998525</K0>
      <K1>0.76165978607014884</K1>
      <K2>0.14999988788882143</K2>
      <MAXBAS>1.4203023999699049</MAXBAS>
      <Cet>0</Cet>
      <PCALT>10</PCALT>
      <TCALT>0.6</TCALT>
      <Pelev>0</Pelev>
      <Telev>0</Telev>
      <PART>0.5</PART>
      <DELAY>1</DELAY>
    </SubCatchmentParameters>
    <SubCatchmentVegetationZone>
      <SubCatchmentVegetationZoneParameters>
        <TT>2.4737713463450297</TT>
        <CFMAX>0.51214627466905993</CFMAX>
        <SP>0</SP>
        <SFCF>1.4999989538589031</SFCF>
        <CFR>0.054395110315324235</CFR>
        <CWH>0.10000013604596494</CWH>
        <CFGlacier>1</CFGlacier>
        <CFSlope>1</CFSlope>
        <FC>447.3340320137624</FC>
        <LP>0.78394098825876057</LP>
        <BETA>2.1386845665670524</BETA>
      </SubCatchmentVegetationZoneParameters>
    </SubCatchmentVegetationZone>
  </SubCatchment>
</Catchment>