<?xml version="1.0" encoding="utf-8"?>
<Catchment xmlns:xsi="http://www.w3.org/2001/XMLSchema-instance" xmlns:xsd="http://www.w3.org/2001/XMLSchema">
  <CatchmentParameters>
    <KSI>0.001</KSI>
    <KGmin>0.05</KGmin>
    <RangeKG>0.1</RangeKG>
    <AG>0.1</AG>
    <PERC>8.5727244111982728</PERC>
    <Alpha>0</Alpha>
    <UZL>26.653050797003907</UZL>
    <K0>0.98999955730044975</K0>
    <K1>0.35224024939290649</K1>
    <K2>0.11713796963836169</K2>
    <MAXBAS>1.0724741608149337</MAXBAS>
    <Cet>0</Cet>
    <PCALT>10</PCALT>
    <TCALT>0.6</TCALT>
    <Pelev>0</Pelev>
    <Telev>0</Telev>
    <PART>0.5</PART>
    <DELAY>1</DELAY>
  </CatchmentParameters>
  <VegetationZone>
    <VegetationZoneParameters>
      <TT>1.2990212362757148</TT>
      <CFMAX>4.9997058923606561</CFMAX>
      <SP>0</SP>
      <SFCF>0.50000006525836815</SFCF>
      <CFR>0.081474584652989</CFR>
      <CWH>0.10003020159483346</CWH>
      <CFGlacier>1</CFGlacier>
      <CFSlope>1</CFSlope>
      <FC>93.841510921397045</FC>
      <LP>0.30000017139162954</LP>
      <BETA>2.2612113877204605</BETA>
    </VegetationZoneParameters>
  </VegetationZone>
  <SubCatchment>
    <SubCatchmentParameters>
      <KSI>0.001</KSI>
      <KGmin>0.05</KGmin>
      <RangeKG>0.1</RangeKG>
      <AG>0.1</AG>
      <PERC>8.5727244111982728</PERC>
      <Alpha>0</Alpha>
      <UZL>26.653050797003907</UZL>
      <K0>0.98999955730044975</K0>
      <K1>0.35224024939290649</K1>
      <K2>0.11713796963836169</K2>
      <MAXBAS>1.0724741608149337</MAXBAS>
      <Cet>0</Cet>
      <PCALT>10</PCALT>
      <TCALT>0.6</TCALT>
      <Pelev>0</Pelev>
      <Telev>0</Telev>
      <PART>0.5</PART>
      <DELAY>1</DELAY>
    </SubCatchmentParameters>
    <SubCatchmentVegetationZone>
      <SubCatchmentVegetationZoneParameters>
        <TT>1.2990212362757148</TT>
        <CFMAX>4.9997058923606561</CFMAX>
        <SP>0</SP>
        <SFCF>0.50000006525836815</SFCF>
        <CFR>0.081474584652989</CFR>
        <CWH>0.10003020159483346</CWH>
        <CFGlacier>1</CFGlacier>
        <CFSlope>1</CFSlope>
        <FC>93.841510921397045</FC>
        <LP>0.30000017139162954</LP>
        <BETA>2.2612113877204605</BETA>
      </SubCatchmentVegetationZoneParameters>
    </SubCatchmentVegetationZone>
  </SubCatchment>
</Catchment>