<?xml version="1.0" encoding="utf-8"?>
<Catchment xmlns:xsi="http://www.w3.org/2001/XMLSchema-instance" xmlns:xsd="http://www.w3.org/2001/XMLSchema">
  <CatchmentParameters>
    <KSI>0.001</KSI>
    <KGmin>0.05</KGmin>
    <RangeKG>0.1</RangeKG>
    <AG>0.1</AG>
    <PERC>4.6455017238637861</PERC>
    <Alpha>0</Alpha>
    <UZL>45.18506674395487</UZL>
    <K0>0.48929114074061852</K0>
    <K1>0.6253935224131576</K1>
    <K2>0.087975484221415948</K2>
    <MAXBAS>1</MAXBAS>
    <Cet>0</Cet>
    <PCALT>10</PCALT>
    <TCALT>0.6</TCALT>
    <Pelev>0</Pelev>
    <Telev>0</Telev>
    <PART>0.5</PART>
    <DELAY>1</DELAY>
  </CatchmentParameters>
  <VegetationZone>
    <VegetationZoneParameters>
      <TT>0.97759953961026735</TT>
      <CFMAX>0.52107186464693156</CFMAX>
      <SP>0</SP>
      <SFCF>1.4999924065930916</SFCF>
      <CFR>0.028442648936770669</CFR>
      <CWH>0.19997625708648362</CWH>
      <CFGlacier>1</CFGlacier>
      <CFSlope>1</CFSlope>
      <FC>539.20103615683274</FC>
      <LP>0.79977997955085756</LP>
      <BETA>2.3596893985430722</BETA>
    </VegetationZoneParameters>
  </VegetationZone>
  <SubCatchment>
    <SubCatchmentParameters>
      <KSI>0.001</KSI>
      <KGmin>0.05</KGmin>
      <RangeKG>0.1</RangeKG>
      <AG>0.1</AG>
      <PERC>4.6455017238637861</PERC>
      <Alpha>0</Alpha>
      <UZL>45.18506674395487</UZL>
      <K0>0.48929114074061852</K0>
      <K1>0.6253935224131576</K1>
      <K2>0.087975484221415948</K2>
      <MAXBAS>1</MAXBAS>
      <Cet>0</Cet>
      <PCALT>10</PCALT>
      <TCALT>0.6</TCALT>
      <Pelev>0</Pelev>
      <Telev>0</Telev>
      <PART>0.5</PART>
      <DELAY>1</DELAY>
    </SubCatchmentParameters>
    <SubCatchmentVegetationZone>
      <SubCatchmentVegetationZoneParameters>
        <TT>0.97759953961026735</TT>
        <CFMAX>0.52107186464693156</CFMAX>
        <SP>0</SP>
        <SFCF>1.4999924065930916</SFCF>
        <CFR>0.028442648936770669</CFR>
        <CWH>0.19997625708648362</CWH>
        <CFGlacier>1</CFGlacier>
        <CFSlope>1</CFSlope>
        <FC>539.20103615683274</FC>
        <LP>0.79977997955085756</LP>
        <BETA>2.3596893985430722</BETA>
      </SubCatchmentVegetationZoneParameters>
    </SubCatchmentVegetationZone>
  </SubCatchment>
</Catchment>