<?xml version="1.0" encoding="utf-8"?>
<Catchment xmlns:xsi="http://www.w3.org/2001/XMLSchema-instance" xmlns:xsd="http://www.w3.org/2001/XMLSchema">
  <CatchmentParameters>
    <KSI>0.001</KSI>
    <KGmin>0.05</KGmin>
    <RangeKG>0.1</RangeKG>
    <AG>0.1</AG>
    <PERC>6.2330552778419044</PERC>
    <Alpha>0</Alpha>
    <UZL>193.25844476460159</UZL>
    <K0>0.091240266263208233</K0>
    <K1>0.76977089179221891</K1>
    <K2>0.14999978504108691</K2>
    <MAXBAS>1.4156870008523537</MAXBAS>
    <Cet>0</Cet>
    <PCALT>10</PCALT>
    <TCALT>0.6</TCALT>
    <Pelev>0</Pelev>
    <Telev>0</Telev>
    <PART>0.5</PART>
    <DELAY>1</DELAY>
  </CatchmentParameters>
  <VegetationZone>
    <VegetationZoneParameters>
      <TT>2.4599795451369535</TT>
      <CFMAX>0.50310385647335953</CFMAX>
      <SP>0</SP>
      <SFCF>1.4999993830431577</SFCF>
      <CFR>0.04290305556145331</CFR>
      <CWH>0.10000115334370595</CWH>
      <CFGlacier>1</CFGlacier>
      <CFSlope>1</CFSlope>
      <FC>432.76536978726159</FC>
      <LP>0.88327243598323446</LP>
      <BETA>2.583974963811988</BETA>
    </VegetationZoneParameters>
  </VegetationZone>
  <SubCatchment>
    <SubCatchmentParameters>
      <KSI>0.001</KSI>
      <KGmin>0.05</KGmin>
      <RangeKG>0.1</RangeKG>
      <AG>0.1</AG>
      <PERC>6.2330552778419044</PERC>
      <Alpha>0</Alpha>
      <UZL>193.25844476460159</UZL>
      <K0>0.091240266263208233</K0>
      <K1>0.76977089179221891</K1>
      <K2>0.14999978504108691</K2>
      <MAXBAS>1.4156870008523537</MAXBAS>
      <Cet>0</Cet>
      <PCALT>10</PCALT>
      <TCALT>0.6</TCALT>
      <Pelev>0</Pelev>
      <Telev>0</Telev>
      <PART>0.5</PART>
      <DELAY>1</DELAY>
    </SubCatchmentParameters>
    <SubCatchmentVegetationZone>
      <SubCatchmentVegetationZoneParameters>
        <TT>2.4599795451369535</TT>
        <CFMAX>0.50310385647335953</CFMAX>
        <SP>0</SP>
        <SFCF>1.4999993830431577</SFCF>
        <CFR>0.04290305556145331</CFR>
        <CWH>0.10000115334370595</CWH>
        <CFGlacier>1</CFGlacier>
        <CFSlope>1</CFSlope>
        <FC>432.76536978726159</FC>
        <LP>0.88327243598323446</LP>
        <BETA>2.583974963811988</BETA>
      </SubCatchmentVegetationZoneParameters>
    </SubCatchmentVegetationZone>
  </SubCatchment>
</Catchment>