<?xml version="1.0" encoding="utf-8"?>
<Catchment xmlns:xsi="http://www.w3.org/2001/XMLSchema-instance" xmlns:xsd="http://www.w3.org/2001/XMLSchema">
  <CatchmentParameters>
    <KSI>0.001</KSI>
    <KGmin>0.05</KGmin>
    <RangeKG>0.1</RangeKG>
    <AG>0.1</AG>
    <PERC>9.9999941611196537</PERC>
    <Alpha>0</Alpha>
    <UZL>132.62890913990353</UZL>
    <K0>0.476622840486681</K0>
    <K1>0.57892744825015718</K1>
    <K2>0.13253858094098714</K2>
    <MAXBAS>1.3211688544647002</MAXBAS>
    <Cet>0</Cet>
    <PCALT>10</PCALT>
    <TCALT>0.6</TCALT>
    <Pelev>0</Pelev>
    <Telev>0</Telev>
    <PART>0.5</PART>
    <DELAY>1</DELAY>
  </CatchmentParameters>
  <VegetationZone>
    <VegetationZoneParameters>
      <TT>1.2989927182320471</TT>
      <CFMAX>4.999633153129766</CFMAX>
      <SP>0</SP>
      <SFCF>0.5000000168436366</SFCF>
      <CFR>0.054342234058300763</CFR>
      <CWH>0.10000846093083936</CWH>
      <CFGlacier>1</CFGlacier>
      <CFSlope>1</CFSlope>
      <FC>94.476067295193289</FC>
      <LP>0.30000003360770122</LP>
      <BETA>2.3997364246177968</BETA>
    </VegetationZoneParameters>
  </VegetationZone>
  <SubCatchment>
    <SubCatchmentParameters>
      <KSI>0.001</KSI>
      <KGmin>0.05</KGmin>
      <RangeKG>0.1</RangeKG>
      <AG>0.1</AG>
      <PERC>9.9999941611196537</PERC>
      <Alpha>0</Alpha>
      <UZL>132.62890913990353</UZL>
      <K0>0.476622840486681</K0>
      <K1>0.57892744825015718</K1>
      <K2>0.13253858094098714</K2>
      <MAXBAS>1.3211688544647002</MAXBAS>
      <Cet>0</Cet>
      <PCALT>10</PCALT>
      <TCALT>0.6</TCALT>
      <Pelev>0</Pelev>
      <Telev>0</Telev>
      <PART>0.5</PART>
      <DELAY>1</DELAY>
    </SubCatchmentParameters>
    <SubCatchmentVegetationZone>
      <SubCatchmentVegetationZoneParameters>
        <TT>1.2989927182320471</TT>
        <CFMAX>4.999633153129766</CFMAX>
        <SP>0</SP>
        <SFCF>0.5000000168436366</SFCF>
        <CFR>0.054342234058300763</CFR>
        <CWH>0.10000846093083936</CWH>
        <CFGlacier>1</CFGlacier>
        <CFSlope>1</CFSlope>
        <FC>94.476067295193289</FC>
        <LP>0.30000003360770122</LP>
        <BETA>2.3997364246177968</BETA>
      </SubCatchmentVegetationZoneParameters>
    </SubCatchmentVegetationZone>
  </SubCatchment>
</Catchment>