<?xml version="1.0" encoding="utf-8"?>
<Catchment xmlns:xsi="http://www.w3.org/2001/XMLSchema-instance" xmlns:xsd="http://www.w3.org/2001/XMLSchema">
  <CatchmentParameters>
    <KSI>0.001</KSI>
    <KGmin>0.05</KGmin>
    <RangeKG>0.1</RangeKG>
    <AG>0.1</AG>
    <PERC>4.4329604635437923</PERC>
    <Alpha>0</Alpha>
    <UZL>191.33689633878751</UZL>
    <K0>0.55240463264966366</K0>
    <K1>0.558575075576492</K1>
    <K2>0.085303993597957387</K2>
    <MAXBAS>1</MAXBAS>
    <Cet>0</Cet>
    <PCALT>10</PCALT>
    <TCALT>0.6</TCALT>
    <Pelev>0</Pelev>
    <Telev>0</Telev>
    <PART>0.5</PART>
    <DELAY>1</DELAY>
  </CatchmentParameters>
  <VegetationZone>
    <VegetationZoneParameters>
      <TT>1.1479649360562418</TT>
      <CFMAX>0.505547092984352</CFMAX>
      <SP>0</SP>
      <SFCF>1.2712666661853926</SFCF>
      <CFR>0.074310164231645312</CFR>
      <CWH>0.19999208083106415</CWH>
      <CFGlacier>1</CFGlacier>
      <CFSlope>1</CFSlope>
      <FC>404.1618348299815</FC>
      <LP>0.89131282877900153</LP>
      <BETA>2.786317846683795</BETA>
    </VegetationZoneParameters>
  </VegetationZone>
  <SubCatchment>
    <SubCatchmentParameters>
      <KSI>0.001</KSI>
      <KGmin>0.05</KGmin>
      <RangeKG>0.1</RangeKG>
      <AG>0.1</AG>
      <PERC>4.4329604635437923</PERC>
      <Alpha>0</Alpha>
      <UZL>191.33689633878751</UZL>
      <K0>0.55240463264966366</K0>
      <K1>0.558575075576492</K1>
      <K2>0.085303993597957387</K2>
      <MAXBAS>1</MAXBAS>
      <Cet>0</Cet>
      <PCALT>10</PCALT>
      <TCALT>0.6</TCALT>
      <Pelev>0</Pelev>
      <Telev>0</Telev>
      <PART>0.5</PART>
      <DELAY>1</DELAY>
    </SubCatchmentParameters>
    <SubCatchmentVegetationZone>
      <SubCatchmentVegetationZoneParameters>
        <TT>1.1479649360562418</TT>
        <CFMAX>0.505547092984352</CFMAX>
        <SP>0</SP>
        <SFCF>1.2712666661853926</SFCF>
        <CFR>0.074310164231645312</CFR>
        <CWH>0.19999208083106415</CWH>
        <CFGlacier>1</CFGlacier>
        <CFSlope>1</CFSlope>
        <FC>404.1618348299815</FC>
        <LP>0.89131282877900153</LP>
        <BETA>2.786317846683795</BETA>
      </SubCatchmentVegetationZoneParameters>
    </SubCatchmentVegetationZone>
  </SubCatchment>
</Catchment>