<?xml version="1.0" encoding="utf-8"?>
<Catchment xmlns:xsi="http://www.w3.org/2001/XMLSchema-instance" xmlns:xsd="http://www.w3.org/2001/XMLSchema">
  <CatchmentParameters>
    <KSI>0.001</KSI>
    <KGmin>0.05</KGmin>
    <RangeKG>0.1</RangeKG>
    <AG>0.1</AG>
    <PERC>1.0613247345382104</PERC>
    <Alpha>0</Alpha>
    <UZL>7.7138831853508654</UZL>
    <K0>0.79627794141732566</K0>
    <K1>0.010000069960910553</K1>
    <K2>0.064018303540799321</K2>
    <MAXBAS>1</MAXBAS>
    <Cet>0</Cet>
    <PCALT>10</PCALT>
    <TCALT>0.6</TCALT>
    <Pelev>0</Pelev>
    <Telev>0</Telev>
    <PART>0.5</PART>
    <DELAY>1</DELAY>
  </CatchmentParameters>
  <VegetationZone>
    <VegetationZoneParameters>
      <TT>1.1480164785874556</TT>
      <CFMAX>1.2160567055843758</CFMAX>
      <SP>0</SP>
      <SFCF>0.75164984517336442</SFCF>
      <CFR>0.099936263420148982</CFR>
      <CWH>0.10000330713850042</CWH>
      <CFGlacier>1</CFGlacier>
      <CFSlope>1</CFSlope>
      <FC>2098.13403996961</FC>
      <LP>0.8556916822702324</LP>
      <BETA>2.7196527752572797</BETA>
    </VegetationZoneParameters>
  </VegetationZone>
  <SubCatchment>
    <SubCatchmentParameters>
      <KSI>0.001</KSI>
      <KGmin>0.05</KGmin>
      <RangeKG>0.1</RangeKG>
      <AG>0.1</AG>
      <PERC>1.0613247345382104</PERC>
      <Alpha>0</Alpha>
      <UZL>7.7138831853508654</UZL>
      <K0>0.79627794141732566</K0>
      <K1>0.010000069960910553</K1>
      <K2>0.064018303540799321</K2>
      <MAXBAS>1</MAXBAS>
      <Cet>0</Cet>
      <PCALT>10</PCALT>
      <TCALT>0.6</TCALT>
      <Pelev>0</Pelev>
      <Telev>0</Telev>
      <PART>0.5</PART>
      <DELAY>1</DELAY>
    </SubCatchmentParameters>
    <SubCatchmentVegetationZone>
      <SubCatchmentVegetationZoneParameters>
        <TT>1.1480164785874556</TT>
        <CFMAX>1.2160567055843758</CFMAX>
        <SP>0</SP>
        <SFCF>0.75164984517336442</SFCF>
        <CFR>0.099936263420148982</CFR>
        <CWH>0.10000330713850042</CWH>
        <CFGlacier>1</CFGlacier>
        <CFSlope>1</CFSlope>
        <FC>2098.13403996961</FC>
        <LP>0.8556916822702324</LP>
        <BETA>2.7196527752572797</BETA>
      </SubCatchmentVegetationZoneParameters>
    </SubCatchmentVegetationZone>
  </SubCatchment>
</Catchment>