<?xml version="1.0" encoding="utf-8"?>
<Catchment xmlns:xsi="http://www.w3.org/2001/XMLSchema-instance" xmlns:xsd="http://www.w3.org/2001/XMLSchema">
  <CatchmentParameters>
    <KSI>0.001</KSI>
    <KGmin>0.05</KGmin>
    <RangeKG>0.1</RangeKG>
    <AG>0.1</AG>
    <PERC>5.3223384768526314</PERC>
    <Alpha>0</Alpha>
    <UZL>120.60429559347982</UZL>
    <K0>0.31091187884744037</K0>
    <K1>0.77208826585863732</K1>
    <K2>0.14186380020123282</K2>
    <MAXBAS>1.4204051673029667</MAXBAS>
    <Cet>0</Cet>
    <PCALT>10</PCALT>
    <TCALT>0.6</TCALT>
    <Pelev>0</Pelev>
    <Telev>0</Telev>
    <PART>0.5</PART>
    <DELAY>1</DELAY>
  </CatchmentParameters>
  <VegetationZone>
    <VegetationZoneParameters>
      <TT>2.4430513536639107</TT>
      <CFMAX>0.520507651324312</CFMAX>
      <SP>0</SP>
      <SFCF>1.4999997136970154</SFCF>
      <CFR>0.032599271456404344</CFR>
      <CWH>0.10000024565365943</CWH>
      <CFGlacier>1</CFGlacier>
      <CFSlope>1</CFSlope>
      <FC>435.017098809281</FC>
      <LP>0.92696576058714941</LP>
      <BETA>3.1658448252769293</BETA>
    </VegetationZoneParameters>
  </VegetationZone>
  <SubCatchment>
    <SubCatchmentParameters>
      <KSI>0.001</KSI>
      <KGmin>0.05</KGmin>
      <RangeKG>0.1</RangeKG>
      <AG>0.1</AG>
      <PERC>5.3223384768526314</PERC>
      <Alpha>0</Alpha>
      <UZL>120.60429559347982</UZL>
      <K0>0.31091187884744037</K0>
      <K1>0.77208826585863732</K1>
      <K2>0.14186380020123282</K2>
      <MAXBAS>1.4204051673029667</MAXBAS>
      <Cet>0</Cet>
      <PCALT>10</PCALT>
      <TCALT>0.6</TCALT>
      <Pelev>0</Pelev>
      <Telev>0</Telev>
      <PART>0.5</PART>
      <DELAY>1</DELAY>
    </SubCatchmentParameters>
    <SubCatchmentVegetationZone>
      <SubCatchmentVegetationZoneParameters>
        <TT>2.4430513536639107</TT>
        <CFMAX>0.520507651324312</CFMAX>
        <SP>0</SP>
        <SFCF>1.4999997136970154</SFCF>
        <CFR>0.032599271456404344</CFR>
        <CWH>0.10000024565365943</CWH>
        <CFGlacier>1</CFGlacier>
        <CFSlope>1</CFSlope>
        <FC>435.017098809281</FC>
        <LP>0.92696576058714941</LP>
        <BETA>3.1658448252769293</BETA>
      </SubCatchmentVegetationZoneParameters>
    </SubCatchmentVegetationZone>
  </SubCatchment>
</Catchment>