<?xml version="1.0" encoding="utf-8"?>
<Catchment xmlns:xsi="http://www.w3.org/2001/XMLSchema-instance" xmlns:xsd="http://www.w3.org/2001/XMLSchema">
  <CatchmentParameters>
    <KSI>0.001</KSI>
    <KGmin>0.05</KGmin>
    <RangeKG>0.1</RangeKG>
    <AG>0.1</AG>
    <PERC>4.4495790083836413</PERC>
    <Alpha>0</Alpha>
    <UZL>36.26834906061606</UZL>
    <K0>0.40566803188306966</K0>
    <K1>0.59703034065204375</K1>
    <K2>0.07807998582102095</K2>
    <MAXBAS>1</MAXBAS>
    <Cet>0</Cet>
    <PCALT>10</PCALT>
    <TCALT>0.6</TCALT>
    <Pelev>0</Pelev>
    <Telev>0</Telev>
    <PART>0.5</PART>
    <DELAY>1</DELAY>
  </CatchmentParameters>
  <VegetationZone>
    <VegetationZoneParameters>
      <TT>1.3158986522445362</TT>
      <CFMAX>0.53860169064407837</CFMAX>
      <SP>0</SP>
      <SFCF>1.4221252708627612</SFCF>
      <CFR>0.030153994450209939</CFR>
      <CWH>0.10000007564583206</CWH>
      <CFGlacier>1</CFGlacier>
      <CFSlope>1</CFSlope>
      <FC>444.73270258632351</FC>
      <LP>0.90760588935215281</LP>
      <BETA>2.9573453187195757</BETA>
    </VegetationZoneParameters>
  </VegetationZone>
  <SubCatchment>
    <SubCatchmentParameters>
      <KSI>0.001</KSI>
      <KGmin>0.05</KGmin>
      <RangeKG>0.1</RangeKG>
      <AG>0.1</AG>
      <PERC>4.4495790083836413</PERC>
      <Alpha>0</Alpha>
      <UZL>36.26834906061606</UZL>
      <K0>0.40566803188306966</K0>
      <K1>0.59703034065204375</K1>
      <K2>0.07807998582102095</K2>
      <MAXBAS>1</MAXBAS>
      <Cet>0</Cet>
      <PCALT>10</PCALT>
      <TCALT>0.6</TCALT>
      <Pelev>0</Pelev>
      <Telev>0</Telev>
      <PART>0.5</PART>
      <DELAY>1</DELAY>
    </SubCatchmentParameters>
    <SubCatchmentVegetationZone>
      <SubCatchmentVegetationZoneParameters>
        <TT>1.3158986522445362</TT>
        <CFMAX>0.53860169064407837</CFMAX>
        <SP>0</SP>
        <SFCF>1.4221252708627612</SFCF>
        <CFR>0.030153994450209939</CFR>
        <CWH>0.10000007564583206</CWH>
        <CFGlacier>1</CFGlacier>
        <CFSlope>1</CFSlope>
        <FC>444.73270258632351</FC>
        <LP>0.90760588935215281</LP>
        <BETA>2.9573453187195757</BETA>
      </SubCatchmentVegetationZoneParameters>
    </SubCatchmentVegetationZone>
  </SubCatchment>
</Catchment>