<?xml version="1.0" encoding="utf-8"?>
<Catchment xmlns:xsi="http://www.w3.org/2001/XMLSchema-instance" xmlns:xsd="http://www.w3.org/2001/XMLSchema">
  <CatchmentParameters>
    <KSI>0.001</KSI>
    <KGmin>0.05</KGmin>
    <RangeKG>0.1</RangeKG>
    <AG>0.1</AG>
    <PERC>9.9999494235761262</PERC>
    <Alpha>0</Alpha>
    <UZL>68.112960484676734</UZL>
    <K0>0.58852294250757542</K0>
    <K1>0.4877054948685956</K1>
    <K2>0.13008695545623761</K2>
    <MAXBAS>1.1623465259570252</MAXBAS>
    <Cet>0</Cet>
    <PCALT>10</PCALT>
    <TCALT>0.6</TCALT>
    <Pelev>0</Pelev>
    <Telev>0</Telev>
    <PART>0.5</PART>
    <DELAY>1</DELAY>
  </CatchmentParameters>
  <VegetationZone>
    <VegetationZoneParameters>
      <TT>1.632988345305797</TT>
      <CFMAX>4.9998443690299217</CFMAX>
      <SP>0</SP>
      <SFCF>0.50000038182155182</SFCF>
      <CFR>0.0720951148676828</CFR>
      <CWH>0.10000996796116496</CWH>
      <CFGlacier>1</CFGlacier>
      <CFSlope>1</CFSlope>
      <FC>100.76606330233942</FC>
      <LP>0.46249551562905689</LP>
      <BETA>2.8864329331048291</BETA>
    </VegetationZoneParameters>
  </VegetationZone>
  <SubCatchment>
    <SubCatchmentParameters>
      <KSI>0.001</KSI>
      <KGmin>0.05</KGmin>
      <RangeKG>0.1</RangeKG>
      <AG>0.1</AG>
      <PERC>9.9999494235761262</PERC>
      <Alpha>0</Alpha>
      <UZL>68.112960484676734</UZL>
      <K0>0.58852294250757542</K0>
      <K1>0.4877054948685956</K1>
      <K2>0.13008695545623761</K2>
      <MAXBAS>1.1623465259570252</MAXBAS>
      <Cet>0</Cet>
      <PCALT>10</PCALT>
      <TCALT>0.6</TCALT>
      <Pelev>0</Pelev>
      <Telev>0</Telev>
      <PART>0.5</PART>
      <DELAY>1</DELAY>
    </SubCatchmentParameters>
    <SubCatchmentVegetationZone>
      <SubCatchmentVegetationZoneParameters>
        <TT>1.632988345305797</TT>
        <CFMAX>4.9998443690299217</CFMAX>
        <SP>0</SP>
        <SFCF>0.50000038182155182</SFCF>
        <CFR>0.0720951148676828</CFR>
        <CWH>0.10000996796116496</CWH>
        <CFGlacier>1</CFGlacier>
        <CFSlope>1</CFSlope>
        <FC>100.76606330233942</FC>
        <LP>0.46249551562905689</LP>
        <BETA>2.8864329331048291</BETA>
      </SubCatchmentVegetationZoneParameters>
    </SubCatchmentVegetationZone>
  </SubCatchment>
</Catchment>