<?xml version="1.0" encoding="utf-8"?>
<Catchment xmlns:xsi="http://www.w3.org/2001/XMLSchema-instance" xmlns:xsd="http://www.w3.org/2001/XMLSchema">
  <CatchmentParameters>
    <KSI>0.001</KSI>
    <KGmin>0.05</KGmin>
    <RangeKG>0.1</RangeKG>
    <AG>0.1</AG>
    <PERC>1.3361898428337078</PERC>
    <Alpha>0</Alpha>
    <UZL>30.264592000639126</UZL>
    <K0>0.90403543043540691</K0>
    <K1>0.13351468738766556</K1>
    <K2>0.020000063268516884</K2>
    <MAXBAS>1.3576742088416764</MAXBAS>
    <Cet>0</Cet>
    <PCALT>10</PCALT>
    <TCALT>0.6</TCALT>
    <Pelev>0</Pelev>
    <Telev>0</Telev>
    <PART>0.5</PART>
    <DELAY>1</DELAY>
  </CatchmentParameters>
  <VegetationZone>
    <VegetationZoneParameters>
      <TT>-1.4178152720808879</TT>
      <CFMAX>2.24171583262107</CFMAX>
      <SP>0</SP>
      <SFCF>0.50000087689858252</SFCF>
      <CFR>0.0485603214304759</CFR>
      <CWH>0.19286003052453829</CWH>
      <CFGlacier>1</CFGlacier>
      <CFSlope>1</CFSlope>
      <FC>82.4718319135206</FC>
      <LP>0.30000006883355312</LP>
      <BETA>2.0691230990575349</BETA>
    </VegetationZoneParameters>
  </VegetationZone>
  <SubCatchment>
    <SubCatchmentParameters>
      <KSI>0.001</KSI>
      <KGmin>0.05</KGmin>
      <RangeKG>0.1</RangeKG>
      <AG>0.1</AG>
      <PERC>1.3361898428337078</PERC>
      <Alpha>0</Alpha>
      <UZL>30.264592000639126</UZL>
      <K0>0.90403543043540691</K0>
      <K1>0.13351468738766556</K1>
      <K2>0.020000063268516884</K2>
      <MAXBAS>1.3576742088416764</MAXBAS>
      <Cet>0</Cet>
      <PCALT>10</PCALT>
      <TCALT>0.6</TCALT>
      <Pelev>0</Pelev>
      <Telev>0</Telev>
      <PART>0.5</PART>
      <DELAY>1</DELAY>
    </SubCatchmentParameters>
    <SubCatchmentVegetationZone>
      <SubCatchmentVegetationZoneParameters>
        <TT>-1.4178152720808879</TT>
        <CFMAX>2.24171583262107</CFMAX>
        <SP>0</SP>
        <SFCF>0.50000087689858252</SFCF>
        <CFR>0.0485603214304759</CFR>
        <CWH>0.19286003052453829</CWH>
        <CFGlacier>1</CFGlacier>
        <CFSlope>1</CFSlope>
        <FC>82.4718319135206</FC>
        <LP>0.30000006883355312</LP>
        <BETA>2.0691230990575349</BETA>
      </SubCatchmentVegetationZoneParameters>
    </SubCatchmentVegetationZone>
  </SubCatchment>
</Catchment>