<?xml version="1.0" encoding="utf-8"?>
<Catchment xmlns:xsi="http://www.w3.org/2001/XMLSchema-instance" xmlns:xsd="http://www.w3.org/2001/XMLSchema">
  <CatchmentParameters>
    <KSI>0.001</KSI>
    <KGmin>0.05</KGmin>
    <RangeKG>0.1</RangeKG>
    <AG>0.1</AG>
    <PERC>4.5686529646609122</PERC>
    <Alpha>0</Alpha>
    <UZL>87.052903654763085</UZL>
    <K0>0.42902103301548777</K0>
    <K1>0.556032773612376</K1>
    <K2>0.077412564610836537</K2>
    <MAXBAS>1</MAXBAS>
    <Cet>0</Cet>
    <PCALT>10</PCALT>
    <TCALT>0.6</TCALT>
    <Pelev>0</Pelev>
    <Telev>0</Telev>
    <PART>0.5</PART>
    <DELAY>1</DELAY>
  </CatchmentParameters>
  <VegetationZone>
    <VegetationZoneParameters>
      <TT>1.4025487364204496</TT>
      <CFMAX>0.50159111529884315</CFMAX>
      <SP>0</SP>
      <SFCF>1.3054946843354316</SFCF>
      <CFR>0.022957539873578646</CFR>
      <CWH>0.1000027179112071</CWH>
      <CFGlacier>1</CFGlacier>
      <CFSlope>1</CFSlope>
      <FC>338.28537442814786</FC>
      <LP>0.78308463173663545</LP>
      <BETA>2.4628734589136365</BETA>
    </VegetationZoneParameters>
  </VegetationZone>
  <SubCatchment>
    <SubCatchmentParameters>
      <KSI>0.001</KSI>
      <KGmin>0.05</KGmin>
      <RangeKG>0.1</RangeKG>
      <AG>0.1</AG>
      <PERC>4.5686529646609122</PERC>
      <Alpha>0</Alpha>
      <UZL>87.052903654763085</UZL>
      <K0>0.42902103301548777</K0>
      <K1>0.556032773612376</K1>
      <K2>0.077412564610836537</K2>
      <MAXBAS>1</MAXBAS>
      <Cet>0</Cet>
      <PCALT>10</PCALT>
      <TCALT>0.6</TCALT>
      <Pelev>0</Pelev>
      <Telev>0</Telev>
      <PART>0.5</PART>
      <DELAY>1</DELAY>
    </SubCatchmentParameters>
    <SubCatchmentVegetationZone>
      <SubCatchmentVegetationZoneParameters>
        <TT>1.4025487364204496</TT>
        <CFMAX>0.50159111529884315</CFMAX>
        <SP>0</SP>
        <SFCF>1.3054946843354316</SFCF>
        <CFR>0.022957539873578646</CFR>
        <CWH>0.1000027179112071</CWH>
        <CFGlacier>1</CFGlacier>
        <CFSlope>1</CFSlope>
        <FC>338.28537442814786</FC>
        <LP>0.78308463173663545</LP>
        <BETA>2.4628734589136365</BETA>
      </SubCatchmentVegetationZoneParameters>
    </SubCatchmentVegetationZone>
  </SubCatchment>
</Catchment>