<?xml version="1.0" encoding="utf-8"?>
<Catchment xmlns:xsi="http://www.w3.org/2001/XMLSchema-instance" xmlns:xsd="http://www.w3.org/2001/XMLSchema">
  <CatchmentParameters>
    <KSI>0.001</KSI>
    <KGmin>0.05</KGmin>
    <RangeKG>0.1</RangeKG>
    <AG>0.1</AG>
    <PERC>5.436801337045015</PERC>
    <Alpha>0</Alpha>
    <UZL>132.57196156261119</UZL>
    <K0>0.96348502530536284</K0>
    <K1>0.75314500257656325</K1>
    <K2>0.14999993229858977</K2>
    <MAXBAS>1.4264354214164723</MAXBAS>
    <Cet>0</Cet>
    <PCALT>10</PCALT>
    <TCALT>0.6</TCALT>
    <Pelev>0</Pelev>
    <Telev>0</Telev>
    <PART>0.5</PART>
    <DELAY>1</DELAY>
  </CatchmentParameters>
  <VegetationZone>
    <VegetationZoneParameters>
      <TT>2.1749999475339439</TT>
      <CFMAX>0.50491738104122852</CFMAX>
      <SP>0</SP>
      <SFCF>1.4999987729637749</SFCF>
      <CFR>0.040706129794922365</CFR>
      <CWH>0.1000029267472913</CWH>
      <CFGlacier>1</CFGlacier>
      <CFSlope>1</CFSlope>
      <FC>482.251673526966</FC>
      <LP>0.81820509234144145</LP>
      <BETA>2.3181001210028396</BETA>
    </VegetationZoneParameters>
  </VegetationZone>
  <SubCatchment>
    <SubCatchmentParameters>
      <KSI>0.001</KSI>
      <KGmin>0.05</KGmin>
      <RangeKG>0.1</RangeKG>
      <AG>0.1</AG>
      <PERC>5.436801337045015</PERC>
      <Alpha>0</Alpha>
      <UZL>132.57196156261119</UZL>
      <K0>0.96348502530536284</K0>
      <K1>0.75314500257656325</K1>
      <K2>0.14999993229858977</K2>
      <MAXBAS>1.4264354214164723</MAXBAS>
      <Cet>0</Cet>
      <PCALT>10</PCALT>
      <TCALT>0.6</TCALT>
      <Pelev>0</Pelev>
      <Telev>0</Telev>
      <PART>0.5</PART>
      <DELAY>1</DELAY>
    </SubCatchmentParameters>
    <SubCatchmentVegetationZone>
      <SubCatchmentVegetationZoneParameters>
        <TT>2.1749999475339439</TT>
        <CFMAX>0.50491738104122852</CFMAX>
        <SP>0</SP>
        <SFCF>1.4999987729637749</SFCF>
        <CFR>0.040706129794922365</CFR>
        <CWH>0.1000029267472913</CWH>
        <CFGlacier>1</CFGlacier>
        <CFSlope>1</CFSlope>
        <FC>482.251673526966</FC>
        <LP>0.81820509234144145</LP>
        <BETA>2.3181001210028396</BETA>
      </SubCatchmentVegetationZoneParameters>
    </SubCatchmentVegetationZone>
  </SubCatchment>
</Catchment>