<?xml version="1.0" encoding="utf-8"?>
<Catchment xmlns:xsi="http://www.w3.org/2001/XMLSchema-instance" xmlns:xsd="http://www.w3.org/2001/XMLSchema">
  <CatchmentParameters>
    <KSI>0.001</KSI>
    <KGmin>0.05</KGmin>
    <RangeKG>0.1</RangeKG>
    <AG>0.1</AG>
    <PERC>9.9999951988190734</PERC>
    <Alpha>0</Alpha>
    <UZL>142.8396398622086</UZL>
    <K0>0.11525035589312876</K0>
    <K1>0.40006503288268186</K1>
    <K2>0.08373854270635922</K2>
    <MAXBAS>1.0043962020757329</MAXBAS>
    <Cet>0</Cet>
    <PCALT>10</PCALT>
    <TCALT>0.6</TCALT>
    <Pelev>0</Pelev>
    <Telev>0</Telev>
    <PART>0.5</PART>
    <DELAY>1</DELAY>
  </CatchmentParameters>
  <VegetationZone>
    <VegetationZoneParameters>
      <TT>1.2989722572312847</TT>
      <CFMAX>4.999339057696381</CFMAX>
      <SP>0</SP>
      <SFCF>0.50000001449180742</SFCF>
      <CFR>0.04458441302907154</CFR>
      <CWH>0.10000740479118671</CWH>
      <CFGlacier>1</CFGlacier>
      <CFSlope>1</CFSlope>
      <FC>76.24277766706507</FC>
      <LP>0.30000006041843191</LP>
      <BETA>2.8542292523821784</BETA>
    </VegetationZoneParameters>
  </VegetationZone>
  <SubCatchment>
    <SubCatchmentParameters>
      <KSI>0.001</KSI>
      <KGmin>0.05</KGmin>
      <RangeKG>0.1</RangeKG>
      <AG>0.1</AG>
      <PERC>9.9999951988190734</PERC>
      <Alpha>0</Alpha>
      <UZL>142.8396398622086</UZL>
      <K0>0.11525035589312876</K0>
      <K1>0.40006503288268186</K1>
      <K2>0.08373854270635922</K2>
      <MAXBAS>1.0043962020757329</MAXBAS>
      <Cet>0</Cet>
      <PCALT>10</PCALT>
      <TCALT>0.6</TCALT>
      <Pelev>0</Pelev>
      <Telev>0</Telev>
      <PART>0.5</PART>
      <DELAY>1</DELAY>
    </SubCatchmentParameters>
    <SubCatchmentVegetationZone>
      <SubCatchmentVegetationZoneParameters>
        <TT>1.2989722572312847</TT>
        <CFMAX>4.999339057696381</CFMAX>
        <SP>0</SP>
        <SFCF>0.50000001449180742</SFCF>
        <CFR>0.04458441302907154</CFR>
        <CWH>0.10000740479118671</CWH>
        <CFGlacier>1</CFGlacier>
        <CFSlope>1</CFSlope>
        <FC>76.24277766706507</FC>
        <LP>0.30000006041843191</LP>
        <BETA>2.8542292523821784</BETA>
      </SubCatchmentVegetationZoneParameters>
    </SubCatchmentVegetationZone>
  </SubCatchment>
</Catchment>