<?xml version="1.0" encoding="utf-8"?>
<Catchment xmlns:xsi="http://www.w3.org/2001/XMLSchema-instance" xmlns:xsd="http://www.w3.org/2001/XMLSchema">
  <CatchmentParameters>
    <KSI>0.001</KSI>
    <KGmin>0.05</KGmin>
    <RangeKG>0.1</RangeKG>
    <AG>0.1</AG>
    <PERC>5.3959667942032139</PERC>
    <Alpha>0</Alpha>
    <UZL>143.52612623338493</UZL>
    <K0>0.075713055763900944</K0>
    <K1>0.45249851629364829</K1>
    <K2>0.0473967442482096</K2>
    <MAXBAS>1</MAXBAS>
    <Cet>0</Cet>
    <PCALT>10</PCALT>
    <TCALT>0.6</TCALT>
    <Pelev>0</Pelev>
    <Telev>0</Telev>
    <PART>0.5</PART>
    <DELAY>1</DELAY>
  </CatchmentParameters>
  <VegetationZone>
    <VegetationZoneParameters>
      <TT>1.1479781870116228</TT>
      <CFMAX>0.52239377286743516</CFMAX>
      <SP>0</SP>
      <SFCF>0.68880345995811354</SFCF>
      <CFR>0.099626742299624246</CFR>
      <CWH>0.19999885895599473</CWH>
      <CFGlacier>1</CFGlacier>
      <CFSlope>1</CFSlope>
      <FC>171.45298512937077</FC>
      <LP>0.48024499905140061</LP>
      <BETA>1.7625462471576843</BETA>
    </VegetationZoneParameters>
  </VegetationZone>
  <SubCatchment>
    <SubCatchmentParameters>
      <KSI>0.001</KSI>
      <KGmin>0.05</KGmin>
      <RangeKG>0.1</RangeKG>
      <AG>0.1</AG>
      <PERC>5.3959667942032139</PERC>
      <Alpha>0</Alpha>
      <UZL>143.52612623338493</UZL>
      <K0>0.075713055763900944</K0>
      <K1>0.45249851629364829</K1>
      <K2>0.0473967442482096</K2>
      <MAXBAS>1</MAXBAS>
      <Cet>0</Cet>
      <PCALT>10</PCALT>
      <TCALT>0.6</TCALT>
      <Pelev>0</Pelev>
      <Telev>0</Telev>
      <PART>0.5</PART>
      <DELAY>1</DELAY>
    </SubCatchmentParameters>
    <SubCatchmentVegetationZone>
      <SubCatchmentVegetationZoneParameters>
        <TT>1.1479781870116228</TT>
        <CFMAX>0.52239377286743516</CFMAX>
        <SP>0</SP>
        <SFCF>0.68880345995811354</SFCF>
        <CFR>0.099626742299624246</CFR>
        <CWH>0.19999885895599473</CWH>
        <CFGlacier>1</CFGlacier>
        <CFSlope>1</CFSlope>
        <FC>171.45298512937077</FC>
        <LP>0.48024499905140061</LP>
        <BETA>1.7625462471576843</BETA>
      </SubCatchmentVegetationZoneParameters>
    </SubCatchmentVegetationZone>
  </SubCatchment>
</Catchment>