<?xml version="1.0" encoding="utf-8"?>
<Catchment xmlns:xsi="http://www.w3.org/2001/XMLSchema-instance" xmlns:xsd="http://www.w3.org/2001/XMLSchema">
  <CatchmentParameters>
    <KSI>0.001</KSI>
    <KGmin>0.05</KGmin>
    <RangeKG>0.1</RangeKG>
    <AG>0.1</AG>
    <PERC>5.2956294409368709</PERC>
    <Alpha>0</Alpha>
    <UZL>169.67596444279775</UZL>
    <K0>0.11437360778771832</K0>
    <K1>0.75442145502846636</K1>
    <K2>0.14999965721435471</K2>
    <MAXBAS>1.4075453418169421</MAXBAS>
    <Cet>0</Cet>
    <PCALT>10</PCALT>
    <TCALT>0.6</TCALT>
    <Pelev>0</Pelev>
    <Telev>0</Telev>
    <PART>0.5</PART>
    <DELAY>1</DELAY>
  </CatchmentParameters>
  <VegetationZone>
    <VegetationZoneParameters>
      <TT>2.4298808611902132</TT>
      <CFMAX>0.50029082726596075</CFMAX>
      <SP>0</SP>
      <SFCF>1.4999983631608049</SFCF>
      <CFR>0.04450951118292111</CFR>
      <CWH>0.10000000017809756</CWH>
      <CFGlacier>1</CFGlacier>
      <CFSlope>1</CFSlope>
      <FC>451.40310342820504</FC>
      <LP>0.78012710406956154</LP>
      <BETA>2.2934960738347709</BETA>
    </VegetationZoneParameters>
  </VegetationZone>
  <SubCatchment>
    <SubCatchmentParameters>
      <KSI>0.001</KSI>
      <KGmin>0.05</KGmin>
      <RangeKG>0.1</RangeKG>
      <AG>0.1</AG>
      <PERC>5.2956294409368709</PERC>
      <Alpha>0</Alpha>
      <UZL>169.67596444279775</UZL>
      <K0>0.11437360778771832</K0>
      <K1>0.75442145502846636</K1>
      <K2>0.14999965721435471</K2>
      <MAXBAS>1.4075453418169421</MAXBAS>
      <Cet>0</Cet>
      <PCALT>10</PCALT>
      <TCALT>0.6</TCALT>
      <Pelev>0</Pelev>
      <Telev>0</Telev>
      <PART>0.5</PART>
      <DELAY>1</DELAY>
    </SubCatchmentParameters>
    <SubCatchmentVegetationZone>
      <SubCatchmentVegetationZoneParameters>
        <TT>2.4298808611902132</TT>
        <CFMAX>0.50029082726596075</CFMAX>
        <SP>0</SP>
        <SFCF>1.4999983631608049</SFCF>
        <CFR>0.04450951118292111</CFR>
        <CWH>0.10000000017809756</CWH>
        <CFGlacier>1</CFGlacier>
        <CFSlope>1</CFSlope>
        <FC>451.40310342820504</FC>
        <LP>0.78012710406956154</LP>
        <BETA>2.2934960738347709</BETA>
      </SubCatchmentVegetationZoneParameters>
    </SubCatchmentVegetationZone>
  </SubCatchment>
</Catchment>