<?xml version="1.0" encoding="utf-8"?>
<Catchment xmlns:xsi="http://www.w3.org/2001/XMLSchema-instance" xmlns:xsd="http://www.w3.org/2001/XMLSchema">
  <CatchmentParameters>
    <KSI>0.001</KSI>
    <KGmin>0.05</KGmin>
    <RangeKG>0.1</RangeKG>
    <AG>0.1</AG>
    <PERC>9.999999882239635</PERC>
    <Alpha>0</Alpha>
    <UZL>176.64479736547585</UZL>
    <K0>0.57058961988906476</K0>
    <K1>0.55246803131441158</K1>
    <K2>0.10861850140104065</K2>
    <MAXBAS>1.3443226766492857</MAXBAS>
    <Cet>0</Cet>
    <PCALT>10</PCALT>
    <TCALT>0.6</TCALT>
    <Pelev>0</Pelev>
    <Telev>0</Telev>
    <PART>0.5</PART>
    <DELAY>1</DELAY>
  </CatchmentParameters>
  <VegetationZone>
    <VegetationZoneParameters>
      <TT>1.2788341325325328</TT>
      <CFMAX>4.56290647575385</CFMAX>
      <SP>0</SP>
      <SFCF>0.5001078451913048</SFCF>
      <CFR>0.086475779228723182</CFR>
      <CWH>0.1000142265139933</CWH>
      <CFGlacier>1</CFGlacier>
      <CFSlope>1</CFSlope>
      <FC>89.274518911430334</FC>
      <LP>0.30000010162878643</LP>
      <BETA>2.4605709159738969</BETA>
    </VegetationZoneParameters>
  </VegetationZone>
  <SubCatchment>
    <SubCatchmentParameters>
      <KSI>0.001</KSI>
      <KGmin>0.05</KGmin>
      <RangeKG>0.1</RangeKG>
      <AG>0.1</AG>
      <PERC>9.999999882239635</PERC>
      <Alpha>0</Alpha>
      <UZL>176.64479736547585</UZL>
      <K0>0.57058961988906476</K0>
      <K1>0.55246803131441158</K1>
      <K2>0.10861850140104065</K2>
      <MAXBAS>1.3443226766492857</MAXBAS>
      <Cet>0</Cet>
      <PCALT>10</PCALT>
      <TCALT>0.6</TCALT>
      <Pelev>0</Pelev>
      <Telev>0</Telev>
      <PART>0.5</PART>
      <DELAY>1</DELAY>
    </SubCatchmentParameters>
    <SubCatchmentVegetationZone>
      <SubCatchmentVegetationZoneParameters>
        <TT>1.2788341325325328</TT>
        <CFMAX>4.56290647575385</CFMAX>
        <SP>0</SP>
        <SFCF>0.5001078451913048</SFCF>
        <CFR>0.086475779228723182</CFR>
        <CWH>0.1000142265139933</CWH>
        <CFGlacier>1</CFGlacier>
        <CFSlope>1</CFSlope>
        <FC>89.274518911430334</FC>
        <LP>0.30000010162878643</LP>
        <BETA>2.4605709159738969</BETA>
      </SubCatchmentVegetationZoneParameters>
    </SubCatchmentVegetationZone>
  </SubCatchment>
</Catchment>