<?xml version="1.0" encoding="utf-8"?>
<Catchment xmlns:xsi="http://www.w3.org/2001/XMLSchema-instance" xmlns:xsd="http://www.w3.org/2001/XMLSchema">
  <CatchmentParameters>
    <KSI>0.001</KSI>
    <KGmin>0.05</KGmin>
    <RangeKG>0.1</RangeKG>
    <AG>0.1</AG>
    <PERC>7.4266712266137818</PERC>
    <Alpha>0</Alpha>
    <UZL>74.6241853208622</UZL>
    <K0>0.15127637677392222</K0>
    <K1>0.62337728408576931</K1>
    <K2>0.14999986912637683</K2>
    <MAXBAS>1.3346866311718839</MAXBAS>
    <Cet>0</Cet>
    <PCALT>10</PCALT>
    <TCALT>0.6</TCALT>
    <Pelev>0</Pelev>
    <Telev>0</Telev>
    <PART>0.5</PART>
    <DELAY>1</DELAY>
  </CatchmentParameters>
  <VegetationZone>
    <VegetationZoneParameters>
      <TT>1.2371803309361984</TT>
      <CFMAX>4.1690193749751883</CFMAX>
      <SP>0</SP>
      <SFCF>0.53962950178233771</SFCF>
      <CFR>0.028711798422245808</CFR>
      <CWH>0.1000037982466338</CWH>
      <CFGlacier>1</CFGlacier>
      <CFSlope>1</CFSlope>
      <FC>130.44079051472411</FC>
      <LP>0.38382910394142244</LP>
      <BETA>2.1755971856247949</BETA>
    </VegetationZoneParameters>
  </VegetationZone>
  <SubCatchment>
    <SubCatchmentParameters>
      <KSI>0.001</KSI>
      <KGmin>0.05</KGmin>
      <RangeKG>0.1</RangeKG>
      <AG>0.1</AG>
      <PERC>7.4266712266137818</PERC>
      <Alpha>0</Alpha>
      <UZL>74.6241853208622</UZL>
      <K0>0.15127637677392222</K0>
      <K1>0.62337728408576931</K1>
      <K2>0.14999986912637683</K2>
      <MAXBAS>1.3346866311718839</MAXBAS>
      <Cet>0</Cet>
      <PCALT>10</PCALT>
      <TCALT>0.6</TCALT>
      <Pelev>0</Pelev>
      <Telev>0</Telev>
      <PART>0.5</PART>
      <DELAY>1</DELAY>
    </SubCatchmentParameters>
    <SubCatchmentVegetationZone>
      <SubCatchmentVegetationZoneParameters>
        <TT>1.2371803309361984</TT>
        <CFMAX>4.1690193749751883</CFMAX>
        <SP>0</SP>
        <SFCF>0.53962950178233771</SFCF>
        <CFR>0.028711798422245808</CFR>
        <CWH>0.1000037982466338</CWH>
        <CFGlacier>1</CFGlacier>
        <CFSlope>1</CFSlope>
        <FC>130.44079051472411</FC>
        <LP>0.38382910394142244</LP>
        <BETA>2.1755971856247949</BETA>
      </SubCatchmentVegetationZoneParameters>
    </SubCatchmentVegetationZone>
  </SubCatchment>
</Catchment>