<?xml version="1.0" encoding="utf-8"?>
<Catchment xmlns:xsi="http://www.w3.org/2001/XMLSchema-instance" xmlns:xsd="http://www.w3.org/2001/XMLSchema">
  <CatchmentParameters>
    <KSI>0.001</KSI>
    <KGmin>0.05</KGmin>
    <RangeKG>0.1</RangeKG>
    <AG>0.1</AG>
    <PERC>5.2517404160759513</PERC>
    <Alpha>0</Alpha>
    <UZL>192.3446941771995</UZL>
    <K0>0.54653500890364959</K0>
    <K1>0.74222313800346607</K1>
    <K2>0.14999859926272988</K2>
    <MAXBAS>1.3928096857715122</MAXBAS>
    <Cet>0</Cet>
    <PCALT>10</PCALT>
    <TCALT>0.6</TCALT>
    <Pelev>0</Pelev>
    <Telev>0</Telev>
    <PART>0.5</PART>
    <DELAY>1</DELAY>
  </CatchmentParameters>
  <VegetationZone>
    <VegetationZoneParameters>
      <TT>2.4050721027331363</TT>
      <CFMAX>0.50364246369435217</CFMAX>
      <SP>0</SP>
      <SFCF>1.4999999996773767</SFCF>
      <CFR>0.022314000777759614</CFR>
      <CWH>0.19073596447411567</CWH>
      <CFGlacier>1</CFGlacier>
      <CFSlope>1</CFSlope>
      <FC>439.45837941426572</FC>
      <LP>0.855388629059116</LP>
      <BETA>2.7116741459585687</BETA>
    </VegetationZoneParameters>
  </VegetationZone>
  <SubCatchment>
    <SubCatchmentParameters>
      <KSI>0.001</KSI>
      <KGmin>0.05</KGmin>
      <RangeKG>0.1</RangeKG>
      <AG>0.1</AG>
      <PERC>5.2517404160759513</PERC>
      <Alpha>0</Alpha>
      <UZL>192.3446941771995</UZL>
      <K0>0.54653500890364959</K0>
      <K1>0.74222313800346607</K1>
      <K2>0.14999859926272988</K2>
      <MAXBAS>1.3928096857715122</MAXBAS>
      <Cet>0</Cet>
      <PCALT>10</PCALT>
      <TCALT>0.6</TCALT>
      <Pelev>0</Pelev>
      <Telev>0</Telev>
      <PART>0.5</PART>
      <DELAY>1</DELAY>
    </SubCatchmentParameters>
    <SubCatchmentVegetationZone>
      <SubCatchmentVegetationZoneParameters>
        <TT>2.4050721027331363</TT>
        <CFMAX>0.50364246369435217</CFMAX>
        <SP>0</SP>
        <SFCF>1.4999999996773767</SFCF>
        <CFR>0.022314000777759614</CFR>
        <CWH>0.19073596447411567</CWH>
        <CFGlacier>1</CFGlacier>
        <CFSlope>1</CFSlope>
        <FC>439.45837941426572</FC>
        <LP>0.855388629059116</LP>
        <BETA>2.7116741459585687</BETA>
      </SubCatchmentVegetationZoneParameters>
    </SubCatchmentVegetationZone>
  </SubCatchment>
</Catchment>