<?xml version="1.0" encoding="utf-8"?>
<Catchment xmlns:xsi="http://www.w3.org/2001/XMLSchema-instance" xmlns:xsd="http://www.w3.org/2001/XMLSchema">
  <CatchmentParameters>
    <KSI>0.001</KSI>
    <KGmin>0.05</KGmin>
    <RangeKG>0.1</RangeKG>
    <AG>0.1</AG>
    <PERC>9.999993390315721</PERC>
    <Alpha>0</Alpha>
    <UZL>104.07358717492188</UZL>
    <K0>0.14300555129715237</K0>
    <K1>0.5005858780979151</K1>
    <K2>0.13652156328460208</K2>
    <MAXBAS>1.23385276957003</MAXBAS>
    <Cet>0</Cet>
    <PCALT>10</PCALT>
    <TCALT>0.6</TCALT>
    <Pelev>0</Pelev>
    <Telev>0</Telev>
    <PART>0.5</PART>
    <DELAY>1</DELAY>
  </CatchmentParameters>
  <VegetationZone>
    <VegetationZoneParameters>
      <TT>-1.0265395145857659</TT>
      <CFMAX>1.204936086521295</CFMAX>
      <SP>0</SP>
      <SFCF>0.50000021842984765</SFCF>
      <CFR>0.0131955347493354</CFR>
      <CWH>0.10093861456114497</CWH>
      <CFGlacier>1</CFGlacier>
      <CFSlope>1</CFSlope>
      <FC>99.965705317507371</FC>
      <LP>0.30000000677462446</LP>
      <BETA>1.8435182404973487</BETA>
    </VegetationZoneParameters>
  </VegetationZone>
  <SubCatchment>
    <SubCatchmentParameters>
      <KSI>0.001</KSI>
      <KGmin>0.05</KGmin>
      <RangeKG>0.1</RangeKG>
      <AG>0.1</AG>
      <PERC>9.999993390315721</PERC>
      <Alpha>0</Alpha>
      <UZL>104.07358717492188</UZL>
      <K0>0.14300555129715237</K0>
      <K1>0.5005858780979151</K1>
      <K2>0.13652156328460208</K2>
      <MAXBAS>1.23385276957003</MAXBAS>
      <Cet>0</Cet>
      <PCALT>10</PCALT>
      <TCALT>0.6</TCALT>
      <Pelev>0</Pelev>
      <Telev>0</Telev>
      <PART>0.5</PART>
      <DELAY>1</DELAY>
    </SubCatchmentParameters>
    <SubCatchmentVegetationZone>
      <SubCatchmentVegetationZoneParameters>
        <TT>-1.0265395145857659</TT>
        <CFMAX>1.204936086521295</CFMAX>
        <SP>0</SP>
        <SFCF>0.50000021842984765</SFCF>
        <CFR>0.0131955347493354</CFR>
        <CWH>0.10093861456114497</CWH>
        <CFGlacier>1</CFGlacier>
        <CFSlope>1</CFSlope>
        <FC>99.965705317507371</FC>
        <LP>0.30000000677462446</LP>
        <BETA>1.8435182404973487</BETA>
      </SubCatchmentVegetationZoneParameters>
    </SubCatchmentVegetationZone>
  </SubCatchment>
</Catchment>