<?xml version="1.0" encoding="utf-8"?>
<Catchment xmlns:xsi="http://www.w3.org/2001/XMLSchema-instance" xmlns:xsd="http://www.w3.org/2001/XMLSchema">
  <CatchmentParameters>
    <KSI>0.001</KSI>
    <KGmin>0.05</KGmin>
    <RangeKG>0.1</RangeKG>
    <AG>0.1</AG>
    <PERC>9.9999921708883317</PERC>
    <Alpha>0</Alpha>
    <UZL>98.631230608520028</UZL>
    <K0>0.47988729429978955</K0>
    <K1>0.49459897144960113</K1>
    <K2>0.1179371096289146</K2>
    <MAXBAS>1.1966193579732116</MAXBAS>
    <Cet>0</Cet>
    <PCALT>10</PCALT>
    <TCALT>0.6</TCALT>
    <Pelev>0</Pelev>
    <Telev>0</Telev>
    <PART>0.5</PART>
    <DELAY>1</DELAY>
  </CatchmentParameters>
  <VegetationZone>
    <VegetationZoneParameters>
      <TT>1.2763319240453814</TT>
      <CFMAX>4.5094955864785735</CFMAX>
      <SP>0</SP>
      <SFCF>0.50003942521017641</SFCF>
      <CFR>0.053342866548109907</CFR>
      <CWH>0.10000796445152668</CWH>
      <CFGlacier>1</CFGlacier>
      <CFSlope>1</CFSlope>
      <FC>93.1179046759051</FC>
      <LP>0.30000000032470342</LP>
      <BETA>2.4130107987952054</BETA>
    </VegetationZoneParameters>
  </VegetationZone>
  <SubCatchment>
    <SubCatchmentParameters>
      <KSI>0.001</KSI>
      <KGmin>0.05</KGmin>
      <RangeKG>0.1</RangeKG>
      <AG>0.1</AG>
      <PERC>9.9999921708883317</PERC>
      <Alpha>0</Alpha>
      <UZL>98.631230608520028</UZL>
      <K0>0.47988729429978955</K0>
      <K1>0.49459897144960113</K1>
      <K2>0.1179371096289146</K2>
      <MAXBAS>1.1966193579732116</MAXBAS>
      <Cet>0</Cet>
      <PCALT>10</PCALT>
      <TCALT>0.6</TCALT>
      <Pelev>0</Pelev>
      <Telev>0</Telev>
      <PART>0.5</PART>
      <DELAY>1</DELAY>
    </SubCatchmentParameters>
    <SubCatchmentVegetationZone>
      <SubCatchmentVegetationZoneParameters>
        <TT>1.2763319240453814</TT>
        <CFMAX>4.5094955864785735</CFMAX>
        <SP>0</SP>
        <SFCF>0.50003942521017641</SFCF>
        <CFR>0.053342866548109907</CFR>
        <CWH>0.10000796445152668</CWH>
        <CFGlacier>1</CFGlacier>
        <CFSlope>1</CFSlope>
        <FC>93.1179046759051</FC>
        <LP>0.30000000032470342</LP>
        <BETA>2.4130107987952054</BETA>
      </SubCatchmentVegetationZoneParameters>
    </SubCatchmentVegetationZone>
  </SubCatchment>
</Catchment>