<?xml version="1.0" encoding="utf-8"?>
<Catchment xmlns:xsi="http://www.w3.org/2001/XMLSchema-instance" xmlns:xsd="http://www.w3.org/2001/XMLSchema">
  <CatchmentParameters>
    <KSI>0.001</KSI>
    <KGmin>0.05</KGmin>
    <RangeKG>0.1</RangeKG>
    <AG>0.1</AG>
    <PERC>5.384703208315786</PERC>
    <Alpha>0</Alpha>
    <UZL>109.88994084350831</UZL>
    <K0>0.45382866216076673</K0>
    <K1>0.44250158064636974</K1>
    <K2>0.047128798062681228</K2>
    <MAXBAS>1</MAXBAS>
    <Cet>0</Cet>
    <PCALT>10</PCALT>
    <TCALT>0.6</TCALT>
    <Pelev>0</Pelev>
    <Telev>0</Telev>
    <PART>0.5</PART>
    <DELAY>1</DELAY>
  </CatchmentParameters>
  <VegetationZone>
    <VegetationZoneParameters>
      <TT>1.1476381994755549</TT>
      <CFMAX>0.50000107006128014</CFMAX>
      <SP>0</SP>
      <SFCF>0.62720973809069369</SFCF>
      <CFR>0.0997525360231128</CFR>
      <CWH>0.19998140272759113</CWH>
      <CFGlacier>1</CFGlacier>
      <CFSlope>1</CFSlope>
      <FC>166.47745127151723</FC>
      <LP>0.58571474254803557</LP>
      <BETA>2.0844947221595778</BETA>
    </VegetationZoneParameters>
  </VegetationZone>
  <SubCatchment>
    <SubCatchmentParameters>
      <KSI>0.001</KSI>
      <KGmin>0.05</KGmin>
      <RangeKG>0.1</RangeKG>
      <AG>0.1</AG>
      <PERC>5.384703208315786</PERC>
      <Alpha>0</Alpha>
      <UZL>109.88994084350831</UZL>
      <K0>0.45382866216076673</K0>
      <K1>0.44250158064636974</K1>
      <K2>0.047128798062681228</K2>
      <MAXBAS>1</MAXBAS>
      <Cet>0</Cet>
      <PCALT>10</PCALT>
      <TCALT>0.6</TCALT>
      <Pelev>0</Pelev>
      <Telev>0</Telev>
      <PART>0.5</PART>
      <DELAY>1</DELAY>
    </SubCatchmentParameters>
    <SubCatchmentVegetationZone>
      <SubCatchmentVegetationZoneParameters>
        <TT>1.1476381994755549</TT>
        <CFMAX>0.50000107006128014</CFMAX>
        <SP>0</SP>
        <SFCF>0.62720973809069369</SFCF>
        <CFR>0.0997525360231128</CFR>
        <CWH>0.19998140272759113</CWH>
        <CFGlacier>1</CFGlacier>
        <CFSlope>1</CFSlope>
        <FC>166.47745127151723</FC>
        <LP>0.58571474254803557</LP>
        <BETA>2.0844947221595778</BETA>
      </SubCatchmentVegetationZoneParameters>
    </SubCatchmentVegetationZone>
  </SubCatchment>
</Catchment>