<?xml version="1.0" encoding="utf-8"?>
<Catchment xmlns:xsi="http://www.w3.org/2001/XMLSchema-instance" xmlns:xsd="http://www.w3.org/2001/XMLSchema">
  <CatchmentParameters>
    <KSI>0.001</KSI>
    <KGmin>0.05</KGmin>
    <RangeKG>0.1</RangeKG>
    <AG>0.1</AG>
    <PERC>8.29109842251644</PERC>
    <Alpha>0</Alpha>
    <UZL>21.672742667776088</UZL>
    <K0>0.98999983058264263</K0>
    <K1>0.47480576783329359</K1>
    <K2>0.1499990528111036</K2>
    <MAXBAS>1.2523614878704015</MAXBAS>
    <Cet>0</Cet>
    <PCALT>10</PCALT>
    <TCALT>0.6</TCALT>
    <Pelev>0</Pelev>
    <Telev>0</Telev>
    <PART>0.5</PART>
    <DELAY>1</DELAY>
  </CatchmentParameters>
  <VegetationZone>
    <VegetationZoneParameters>
      <TT>-1.5198364576895878</TT>
      <CFMAX>4.9912658608008638</CFMAX>
      <SP>0</SP>
      <SFCF>0.50000037745205939</SFCF>
      <CFR>0.058891220286117006</CFR>
      <CWH>0.10080386022021465</CWH>
      <CFGlacier>1</CFGlacier>
      <CFSlope>1</CFSlope>
      <FC>110.47421043889843</FC>
      <LP>0.30000015181292711</LP>
      <BETA>1.9661529466534224</BETA>
    </VegetationZoneParameters>
  </VegetationZone>
  <SubCatchment>
    <SubCatchmentParameters>
      <KSI>0.001</KSI>
      <KGmin>0.05</KGmin>
      <RangeKG>0.1</RangeKG>
      <AG>0.1</AG>
      <PERC>8.29109842251644</PERC>
      <Alpha>0</Alpha>
      <UZL>21.672742667776088</UZL>
      <K0>0.98999983058264263</K0>
      <K1>0.47480576783329359</K1>
      <K2>0.1499990528111036</K2>
      <MAXBAS>1.2523614878704015</MAXBAS>
      <Cet>0</Cet>
      <PCALT>10</PCALT>
      <TCALT>0.6</TCALT>
      <Pelev>0</Pelev>
      <Telev>0</Telev>
      <PART>0.5</PART>
      <DELAY>1</DELAY>
    </SubCatchmentParameters>
    <SubCatchmentVegetationZone>
      <SubCatchmentVegetationZoneParameters>
        <TT>-1.5198364576895878</TT>
        <CFMAX>4.9912658608008638</CFMAX>
        <SP>0</SP>
        <SFCF>0.50000037745205939</SFCF>
        <CFR>0.058891220286117006</CFR>
        <CWH>0.10080386022021465</CWH>
        <CFGlacier>1</CFGlacier>
        <CFSlope>1</CFSlope>
        <FC>110.47421043889843</FC>
        <LP>0.30000015181292711</LP>
        <BETA>1.9661529466534224</BETA>
      </SubCatchmentVegetationZoneParameters>
    </SubCatchmentVegetationZone>
  </SubCatchment>
</Catchment>