<?xml version="1.0" encoding="utf-8"?>
<Catchment xmlns:xsi="http://www.w3.org/2001/XMLSchema-instance" xmlns:xsd="http://www.w3.org/2001/XMLSchema">
  <CatchmentParameters>
    <KSI>0.001</KSI>
    <KGmin>0.05</KGmin>
    <RangeKG>0.1</RangeKG>
    <AG>0.1</AG>
    <PERC>5.042074780813393</PERC>
    <Alpha>0</Alpha>
    <UZL>65.075552948862509</UZL>
    <K0>0.45697336336459288</K0>
    <K1>0.78710996175669212</K1>
    <K2>0.14999987310872312</K2>
    <MAXBAS>1.4284448563085321</MAXBAS>
    <Cet>0</Cet>
    <PCALT>10</PCALT>
    <TCALT>0.6</TCALT>
    <Pelev>0</Pelev>
    <Telev>0</Telev>
    <PART>0.5</PART>
    <DELAY>1</DELAY>
  </CatchmentParameters>
  <VegetationZone>
    <VegetationZoneParameters>
      <TT>2.476010540107207</TT>
      <CFMAX>0.50554601124979581</CFMAX>
      <SP>0</SP>
      <SFCF>1.4999988788490866</SFCF>
      <CFR>0.027745783514424548</CFR>
      <CWH>0.10000280592501591</CWH>
      <CFGlacier>1</CFGlacier>
      <CFSlope>1</CFSlope>
      <FC>428.79787954256392</FC>
      <LP>0.85937845392933787</LP>
      <BETA>2.8265264026400239</BETA>
    </VegetationZoneParameters>
  </VegetationZone>
  <SubCatchment>
    <SubCatchmentParameters>
      <KSI>0.001</KSI>
      <KGmin>0.05</KGmin>
      <RangeKG>0.1</RangeKG>
      <AG>0.1</AG>
      <PERC>5.042074780813393</PERC>
      <Alpha>0</Alpha>
      <UZL>65.075552948862509</UZL>
      <K0>0.45697336336459288</K0>
      <K1>0.78710996175669212</K1>
      <K2>0.14999987310872312</K2>
      <MAXBAS>1.4284448563085321</MAXBAS>
      <Cet>0</Cet>
      <PCALT>10</PCALT>
      <TCALT>0.6</TCALT>
      <Pelev>0</Pelev>
      <Telev>0</Telev>
      <PART>0.5</PART>
      <DELAY>1</DELAY>
    </SubCatchmentParameters>
    <SubCatchmentVegetationZone>
      <SubCatchmentVegetationZoneParameters>
        <TT>2.476010540107207</TT>
        <CFMAX>0.50554601124979581</CFMAX>
        <SP>0</SP>
        <SFCF>1.4999988788490866</SFCF>
        <CFR>0.027745783514424548</CFR>
        <CWH>0.10000280592501591</CWH>
        <CFGlacier>1</CFGlacier>
        <CFSlope>1</CFSlope>
        <FC>428.79787954256392</FC>
        <LP>0.85937845392933787</LP>
        <BETA>2.8265264026400239</BETA>
      </SubCatchmentVegetationZoneParameters>
    </SubCatchmentVegetationZone>
  </SubCatchment>
</Catchment>