<?xml version="1.0" encoding="utf-8"?>
<Catchment xmlns:xsi="http://www.w3.org/2001/XMLSchema-instance" xmlns:xsd="http://www.w3.org/2001/XMLSchema">
  <CatchmentParameters>
    <KSI>0.001</KSI>
    <KGmin>0.05</KGmin>
    <RangeKG>0.1</RangeKG>
    <AG>0.1</AG>
    <PERC>3.4829521634799394</PERC>
    <Alpha>0</Alpha>
    <UZL>35.38571408629538</UZL>
    <K0>0.98999882885469315</K0>
    <K1>0.1615700222307688</K1>
    <K2>0.035959496710681223</K2>
    <MAXBAS>1.2504022241459081</MAXBAS>
    <Cet>0</Cet>
    <PCALT>10</PCALT>
    <TCALT>0.6</TCALT>
    <Pelev>0</Pelev>
    <Telev>0</Telev>
    <PART>0.5</PART>
    <DELAY>1</DELAY>
  </CatchmentParameters>
  <VegetationZone>
    <VegetationZoneParameters>
      <TT>1.2990055712840907</TT>
      <CFMAX>4.9998679980273986</CFMAX>
      <SP>0</SP>
      <SFCF>0.5000000001034457</SFCF>
      <CFR>0.02519230507820169</CFR>
      <CWH>0.10000315570216764</CWH>
      <CFGlacier>1</CFGlacier>
      <CFSlope>1</CFSlope>
      <FC>69.52175777504263</FC>
      <LP>0.300000309271168</LP>
      <BETA>2.49273718604785</BETA>
    </VegetationZoneParameters>
  </VegetationZone>
  <SubCatchment>
    <SubCatchmentParameters>
      <KSI>0.001</KSI>
      <KGmin>0.05</KGmin>
      <RangeKG>0.1</RangeKG>
      <AG>0.1</AG>
      <PERC>3.4829521634799394</PERC>
      <Alpha>0</Alpha>
      <UZL>35.38571408629538</UZL>
      <K0>0.98999882885469315</K0>
      <K1>0.1615700222307688</K1>
      <K2>0.035959496710681223</K2>
      <MAXBAS>1.2504022241459081</MAXBAS>
      <Cet>0</Cet>
      <PCALT>10</PCALT>
      <TCALT>0.6</TCALT>
      <Pelev>0</Pelev>
      <Telev>0</Telev>
      <PART>0.5</PART>
      <DELAY>1</DELAY>
    </SubCatchmentParameters>
    <SubCatchmentVegetationZone>
      <SubCatchmentVegetationZoneParameters>
        <TT>1.2990055712840907</TT>
        <CFMAX>4.9998679980273986</CFMAX>
        <SP>0</SP>
        <SFCF>0.5000000001034457</SFCF>
        <CFR>0.02519230507820169</CFR>
        <CWH>0.10000315570216764</CWH>
        <CFGlacier>1</CFGlacier>
        <CFSlope>1</CFSlope>
        <FC>69.52175777504263</FC>
        <LP>0.300000309271168</LP>
        <BETA>2.49273718604785</BETA>
      </SubCatchmentVegetationZoneParameters>
    </SubCatchmentVegetationZone>
  </SubCatchment>
</Catchment>