<?xml version="1.0" encoding="utf-8"?>
<Catchment xmlns:xsi="http://www.w3.org/2001/XMLSchema-instance" xmlns:xsd="http://www.w3.org/2001/XMLSchema">
  <CatchmentParameters>
    <KSI>0.001</KSI>
    <KGmin>0.05</KGmin>
    <RangeKG>0.1</RangeKG>
    <AG>0.1</AG>
    <PERC>5.783154930070534</PERC>
    <Alpha>0</Alpha>
    <UZL>17.787836433761392</UZL>
    <K0>0.98999937921291936</K0>
    <K1>0.48845691455146506</K1>
    <K2>0.14999997917572533</K2>
    <MAXBAS>1.3502406429431679</MAXBAS>
    <Cet>0</Cet>
    <PCALT>10</PCALT>
    <TCALT>0.6</TCALT>
    <Pelev>0</Pelev>
    <Telev>0</Telev>
    <PART>0.5</PART>
    <DELAY>1</DELAY>
  </CatchmentParameters>
  <VegetationZone>
    <VegetationZoneParameters>
      <TT>1.1645328777578625</TT>
      <CFMAX>3.0492226520958039</CFMAX>
      <SP>0</SP>
      <SFCF>0.50017155935823676</SFCF>
      <CFR>0.036336202842338176</CFR>
      <CWH>0.10003045092190012</CWH>
      <CFGlacier>1</CFGlacier>
      <CFSlope>1</CFSlope>
      <FC>156.63559219094253</FC>
      <LP>0.300035911147209</LP>
      <BETA>1.5126966633625973</BETA>
    </VegetationZoneParameters>
  </VegetationZone>
  <SubCatchment>
    <SubCatchmentParameters>
      <KSI>0.001</KSI>
      <KGmin>0.05</KGmin>
      <RangeKG>0.1</RangeKG>
      <AG>0.1</AG>
      <PERC>5.783154930070534</PERC>
      <Alpha>0</Alpha>
      <UZL>17.787836433761392</UZL>
      <K0>0.98999937921291936</K0>
      <K1>0.48845691455146506</K1>
      <K2>0.14999997917572533</K2>
      <MAXBAS>1.3502406429431679</MAXBAS>
      <Cet>0</Cet>
      <PCALT>10</PCALT>
      <TCALT>0.6</TCALT>
      <Pelev>0</Pelev>
      <Telev>0</Telev>
      <PART>0.5</PART>
      <DELAY>1</DELAY>
    </SubCatchmentParameters>
    <SubCatchmentVegetationZone>
      <SubCatchmentVegetationZoneParameters>
        <TT>1.1645328777578625</TT>
        <CFMAX>3.0492226520958039</CFMAX>
        <SP>0</SP>
        <SFCF>0.50017155935823676</SFCF>
        <CFR>0.036336202842338176</CFR>
        <CWH>0.10003045092190012</CWH>
        <CFGlacier>1</CFGlacier>
        <CFSlope>1</CFSlope>
        <FC>156.63559219094253</FC>
        <LP>0.300035911147209</LP>
        <BETA>1.5126966633625973</BETA>
      </SubCatchmentVegetationZoneParameters>
    </SubCatchmentVegetationZone>
  </SubCatchment>
</Catchment>