<?xml version="1.0" encoding="utf-8"?>
<Catchment xmlns:xsi="http://www.w3.org/2001/XMLSchema-instance" xmlns:xsd="http://www.w3.org/2001/XMLSchema">
  <CatchmentParameters>
    <KSI>0.001</KSI>
    <KGmin>0.05</KGmin>
    <RangeKG>0.1</RangeKG>
    <AG>0.1</AG>
    <PERC>5.2070433734661083</PERC>
    <Alpha>0</Alpha>
    <UZL>148.88554256093468</UZL>
    <K0>0.3990722678908708</K0>
    <K1>0.76384671668418291</K1>
    <K2>0.14999944465228871</K2>
    <MAXBAS>1.3917790898156381</MAXBAS>
    <Cet>0</Cet>
    <PCALT>10</PCALT>
    <TCALT>0.6</TCALT>
    <Pelev>0</Pelev>
    <Telev>0</Telev>
    <PART>0.5</PART>
    <DELAY>1</DELAY>
  </CatchmentParameters>
  <VegetationZone>
    <VegetationZoneParameters>
      <TT>2.3382600896546428</TT>
      <CFMAX>0.50908795340637825</CFMAX>
      <SP>0</SP>
      <SFCF>1.4999999998772149</SFCF>
      <CFR>0.036253170451522342</CFR>
      <CWH>0.14639444195101842</CWH>
      <CFGlacier>1</CFGlacier>
      <CFSlope>1</CFSlope>
      <FC>414.22088312295813</FC>
      <LP>0.94622909837685132</LP>
      <BETA>3.4501334862461746</BETA>
    </VegetationZoneParameters>
  </VegetationZone>
  <SubCatchment>
    <SubCatchmentParameters>
      <KSI>0.001</KSI>
      <KGmin>0.05</KGmin>
      <RangeKG>0.1</RangeKG>
      <AG>0.1</AG>
      <PERC>5.2070433734661083</PERC>
      <Alpha>0</Alpha>
      <UZL>148.88554256093468</UZL>
      <K0>0.3990722678908708</K0>
      <K1>0.76384671668418291</K1>
      <K2>0.14999944465228871</K2>
      <MAXBAS>1.3917790898156381</MAXBAS>
      <Cet>0</Cet>
      <PCALT>10</PCALT>
      <TCALT>0.6</TCALT>
      <Pelev>0</Pelev>
      <Telev>0</Telev>
      <PART>0.5</PART>
      <DELAY>1</DELAY>
    </SubCatchmentParameters>
    <SubCatchmentVegetationZone>
      <SubCatchmentVegetationZoneParameters>
        <TT>2.3382600896546428</TT>
        <CFMAX>0.50908795340637825</CFMAX>
        <SP>0</SP>
        <SFCF>1.4999999998772149</SFCF>
        <CFR>0.036253170451522342</CFR>
        <CWH>0.14639444195101842</CWH>
        <CFGlacier>1</CFGlacier>
        <CFSlope>1</CFSlope>
        <FC>414.22088312295813</FC>
        <LP>0.94622909837685132</LP>
        <BETA>3.4501334862461746</BETA>
      </SubCatchmentVegetationZoneParameters>
    </SubCatchmentVegetationZone>
  </SubCatchment>
</Catchment>