<?xml version="1.0" encoding="utf-8"?>
<Catchment xmlns:xsi="http://www.w3.org/2001/XMLSchema-instance" xmlns:xsd="http://www.w3.org/2001/XMLSchema">
  <CatchmentParameters>
    <KSI>0.001</KSI>
    <KGmin>0.05</KGmin>
    <RangeKG>0.1</RangeKG>
    <AG>0.1</AG>
    <PERC>4.2203634580230727</PERC>
    <Alpha>0</Alpha>
    <UZL>131.00370691284161</UZL>
    <K0>0.43845312003505876</K0>
    <K1>0.58342530230056344</K1>
    <K2>0.085152855543786515</K2>
    <MAXBAS>1</MAXBAS>
    <Cet>0</Cet>
    <PCALT>10</PCALT>
    <TCALT>0.6</TCALT>
    <Pelev>0</Pelev>
    <Telev>0</Telev>
    <PART>0.5</PART>
    <DELAY>1</DELAY>
  </CatchmentParameters>
  <VegetationZone>
    <VegetationZoneParameters>
      <TT>1.147967053283401</TT>
      <CFMAX>0.54412431400742289</CFMAX>
      <SP>0</SP>
      <SFCF>1.3682733827224298</SFCF>
      <CFR>0.096177072059661042</CFR>
      <CWH>0.19999352522876296</CWH>
      <CFGlacier>1</CFGlacier>
      <CFSlope>1</CFSlope>
      <FC>519.30243137443813</FC>
      <LP>0.94977138597607058</LP>
      <BETA>3.0282936977820407</BETA>
    </VegetationZoneParameters>
  </VegetationZone>
  <SubCatchment>
    <SubCatchmentParameters>
      <KSI>0.001</KSI>
      <KGmin>0.05</KGmin>
      <RangeKG>0.1</RangeKG>
      <AG>0.1</AG>
      <PERC>4.2203634580230727</PERC>
      <Alpha>0</Alpha>
      <UZL>131.00370691284161</UZL>
      <K0>0.43845312003505876</K0>
      <K1>0.58342530230056344</K1>
      <K2>0.085152855543786515</K2>
      <MAXBAS>1</MAXBAS>
      <Cet>0</Cet>
      <PCALT>10</PCALT>
      <TCALT>0.6</TCALT>
      <Pelev>0</Pelev>
      <Telev>0</Telev>
      <PART>0.5</PART>
      <DELAY>1</DELAY>
    </SubCatchmentParameters>
    <SubCatchmentVegetationZone>
      <SubCatchmentVegetationZoneParameters>
        <TT>1.147967053283401</TT>
        <CFMAX>0.54412431400742289</CFMAX>
        <SP>0</SP>
        <SFCF>1.3682733827224298</SFCF>
        <CFR>0.096177072059661042</CFR>
        <CWH>0.19999352522876296</CWH>
        <CFGlacier>1</CFGlacier>
        <CFSlope>1</CFSlope>
        <FC>519.30243137443813</FC>
        <LP>0.94977138597607058</LP>
        <BETA>3.0282936977820407</BETA>
      </SubCatchmentVegetationZoneParameters>
    </SubCatchmentVegetationZone>
  </SubCatchment>
</Catchment>