<?xml version="1.0" encoding="utf-8"?>
<Catchment xmlns:xsi="http://www.w3.org/2001/XMLSchema-instance" xmlns:xsd="http://www.w3.org/2001/XMLSchema">
  <CatchmentParameters>
    <KSI>0.001</KSI>
    <KGmin>0.05</KGmin>
    <RangeKG>0.1</RangeKG>
    <AG>0.1</AG>
    <PERC>4.7780915718765371</PERC>
    <Alpha>0</Alpha>
    <UZL>97.184301073403944</UZL>
    <K0>0.37988811697353725</K0>
    <K1>0.53465520916337683</K1>
    <K2>0.073727098569434643</K2>
    <MAXBAS>1</MAXBAS>
    <Cet>0</Cet>
    <PCALT>10</PCALT>
    <TCALT>0.6</TCALT>
    <Pelev>0</Pelev>
    <Telev>0</Telev>
    <PART>0.5</PART>
    <DELAY>1</DELAY>
  </CatchmentParameters>
  <VegetationZone>
    <VegetationZoneParameters>
      <TT>2.22391683657559</TT>
      <CFMAX>0.53364043457155119</CFMAX>
      <SP>0</SP>
      <SFCF>1.0694200021951061</SFCF>
      <CFR>0.0530270958295388</CFR>
      <CWH>0.12909845011809182</CWH>
      <CFGlacier>1</CFGlacier>
      <CFSlope>1</CFSlope>
      <FC>293.57665533327537</FC>
      <LP>0.78920498690954444</LP>
      <BETA>2.51928798636279</BETA>
    </VegetationZoneParameters>
  </VegetationZone>
  <SubCatchment>
    <SubCatchmentParameters>
      <KSI>0.001</KSI>
      <KGmin>0.05</KGmin>
      <RangeKG>0.1</RangeKG>
      <AG>0.1</AG>
      <PERC>4.7780915718765371</PERC>
      <Alpha>0</Alpha>
      <UZL>97.184301073403944</UZL>
      <K0>0.37988811697353725</K0>
      <K1>0.53465520916337683</K1>
      <K2>0.073727098569434643</K2>
      <MAXBAS>1</MAXBAS>
      <Cet>0</Cet>
      <PCALT>10</PCALT>
      <TCALT>0.6</TCALT>
      <Pelev>0</Pelev>
      <Telev>0</Telev>
      <PART>0.5</PART>
      <DELAY>1</DELAY>
    </SubCatchmentParameters>
    <SubCatchmentVegetationZone>
      <SubCatchmentVegetationZoneParameters>
        <TT>2.22391683657559</TT>
        <CFMAX>0.53364043457155119</CFMAX>
        <SP>0</SP>
        <SFCF>1.0694200021951061</SFCF>
        <CFR>0.0530270958295388</CFR>
        <CWH>0.12909845011809182</CWH>
        <CFGlacier>1</CFGlacier>
        <CFSlope>1</CFSlope>
        <FC>293.57665533327537</FC>
        <LP>0.78920498690954444</LP>
        <BETA>2.51928798636279</BETA>
      </SubCatchmentVegetationZoneParameters>
    </SubCatchmentVegetationZone>
  </SubCatchment>
</Catchment>