<?xml version="1.0" encoding="utf-8"?>
<Catchment xmlns:xsi="http://www.w3.org/2001/XMLSchema-instance" xmlns:xsd="http://www.w3.org/2001/XMLSchema">
  <CatchmentParameters>
    <KSI>0.001</KSI>
    <KGmin>0.05</KGmin>
    <RangeKG>0.1</RangeKG>
    <AG>0.1</AG>
    <PERC>4.5054507062793405</PERC>
    <Alpha>0</Alpha>
    <UZL>95.532025691241259</UZL>
    <K0>0.28184705273934207</K0>
    <K1>0.56096092325174762</K1>
    <K2>0.077019313216726532</K2>
    <MAXBAS>1</MAXBAS>
    <Cet>0</Cet>
    <PCALT>10</PCALT>
    <TCALT>0.6</TCALT>
    <Pelev>0</Pelev>
    <Telev>0</Telev>
    <PART>0.5</PART>
    <DELAY>1</DELAY>
  </CatchmentParameters>
  <VegetationZone>
    <VegetationZoneParameters>
      <TT>1.6190861815224649</TT>
      <CFMAX>0.50169122867751592</CFMAX>
      <SP>0</SP>
      <SFCF>1.2879772849303084</SFCF>
      <CFR>0.038341944023586844</CFR>
      <CWH>0.10000102161093787</CWH>
      <CFGlacier>1</CFGlacier>
      <CFSlope>1</CFSlope>
      <FC>407.26894140160971</FC>
      <LP>0.635327175479086</LP>
      <BETA>1.8624465357204816</BETA>
    </VegetationZoneParameters>
  </VegetationZone>
  <SubCatchment>
    <SubCatchmentParameters>
      <KSI>0.001</KSI>
      <KGmin>0.05</KGmin>
      <RangeKG>0.1</RangeKG>
      <AG>0.1</AG>
      <PERC>4.5054507062793405</PERC>
      <Alpha>0</Alpha>
      <UZL>95.532025691241259</UZL>
      <K0>0.28184705273934207</K0>
      <K1>0.56096092325174762</K1>
      <K2>0.077019313216726532</K2>
      <MAXBAS>1</MAXBAS>
      <Cet>0</Cet>
      <PCALT>10</PCALT>
      <TCALT>0.6</TCALT>
      <Pelev>0</Pelev>
      <Telev>0</Telev>
      <PART>0.5</PART>
      <DELAY>1</DELAY>
    </SubCatchmentParameters>
    <SubCatchmentVegetationZone>
      <SubCatchmentVegetationZoneParameters>
        <TT>1.6190861815224649</TT>
        <CFMAX>0.50169122867751592</CFMAX>
        <SP>0</SP>
        <SFCF>1.2879772849303084</SFCF>
        <CFR>0.038341944023586844</CFR>
        <CWH>0.10000102161093787</CWH>
        <CFGlacier>1</CFGlacier>
        <CFSlope>1</CFSlope>
        <FC>407.26894140160971</FC>
        <LP>0.635327175479086</LP>
        <BETA>1.8624465357204816</BETA>
      </SubCatchmentVegetationZoneParameters>
    </SubCatchmentVegetationZone>
  </SubCatchment>
</Catchment>