<?xml version="1.0" encoding="utf-8"?>
<Catchment xmlns:xsi="http://www.w3.org/2001/XMLSchema-instance" xmlns:xsd="http://www.w3.org/2001/XMLSchema">
  <CatchmentParameters>
    <KSI>0.001</KSI>
    <KGmin>0.05</KGmin>
    <RangeKG>0.1</RangeKG>
    <AG>0.1</AG>
    <PERC>4.4125453121592688</PERC>
    <Alpha>0</Alpha>
    <UZL>155.43878199138658</UZL>
    <K0>0.43250842874431361</K0>
    <K1>0.55303674986849649</K1>
    <K2>0.08480880589345445</K2>
    <MAXBAS>1</MAXBAS>
    <Cet>0</Cet>
    <PCALT>10</PCALT>
    <TCALT>0.6</TCALT>
    <Pelev>0</Pelev>
    <Telev>0</Telev>
    <PART>0.5</PART>
    <DELAY>1</DELAY>
  </CatchmentParameters>
  <VegetationZone>
    <VegetationZoneParameters>
      <TT>1.1228926648376252</TT>
      <CFMAX>0.53601513963015912</CFMAX>
      <SP>0</SP>
      <SFCF>1.3584241584541013</SFCF>
      <CFR>0.06816800294722869</CFR>
      <CWH>0.19999500686784605</CWH>
      <CFGlacier>1</CFGlacier>
      <CFSlope>1</CFSlope>
      <FC>384.93787226262123</FC>
      <LP>0.81178380573942654</LP>
      <BETA>2.4766898407005211</BETA>
    </VegetationZoneParameters>
  </VegetationZone>
  <SubCatchment>
    <SubCatchmentParameters>
      <KSI>0.001</KSI>
      <KGmin>0.05</KGmin>
      <RangeKG>0.1</RangeKG>
      <AG>0.1</AG>
      <PERC>4.4125453121592688</PERC>
      <Alpha>0</Alpha>
      <UZL>155.43878199138658</UZL>
      <K0>0.43250842874431361</K0>
      <K1>0.55303674986849649</K1>
      <K2>0.08480880589345445</K2>
      <MAXBAS>1</MAXBAS>
      <Cet>0</Cet>
      <PCALT>10</PCALT>
      <TCALT>0.6</TCALT>
      <Pelev>0</Pelev>
      <Telev>0</Telev>
      <PART>0.5</PART>
      <DELAY>1</DELAY>
    </SubCatchmentParameters>
    <SubCatchmentVegetationZone>
      <SubCatchmentVegetationZoneParameters>
        <TT>1.1228926648376252</TT>
        <CFMAX>0.53601513963015912</CFMAX>
        <SP>0</SP>
        <SFCF>1.3584241584541013</SFCF>
        <CFR>0.06816800294722869</CFR>
        <CWH>0.19999500686784605</CWH>
        <CFGlacier>1</CFGlacier>
        <CFSlope>1</CFSlope>
        <FC>384.93787226262123</FC>
        <LP>0.81178380573942654</LP>
        <BETA>2.4766898407005211</BETA>
      </SubCatchmentVegetationZoneParameters>
    </SubCatchmentVegetationZone>
  </SubCatchment>
</Catchment>