<?xml version="1.0" encoding="utf-8"?>
<Catchment xmlns:xsi="http://www.w3.org/2001/XMLSchema-instance" xmlns:xsd="http://www.w3.org/2001/XMLSchema">
  <CatchmentParameters>
    <KSI>0.001</KSI>
    <KGmin>0.05</KGmin>
    <RangeKG>0.1</RangeKG>
    <AG>0.1</AG>
    <PERC>4.5583395130208055</PERC>
    <Alpha>0</Alpha>
    <UZL>123.67055065896227</UZL>
    <K0>0.90187389441642485</K0>
    <K1>0.61462573927353947</K1>
    <K2>0.081266180082388881</K2>
    <MAXBAS>1</MAXBAS>
    <Cet>0</Cet>
    <PCALT>10</PCALT>
    <TCALT>0.6</TCALT>
    <Pelev>0</Pelev>
    <Telev>0</Telev>
    <PART>0.5</PART>
    <DELAY>1</DELAY>
  </CatchmentParameters>
  <VegetationZone>
    <VegetationZoneParameters>
      <TT>1.1478379671259744</TT>
      <CFMAX>0.5000001516500846</CFMAX>
      <SP>0</SP>
      <SFCF>1.2574047280220071</SFCF>
      <CFR>0.096120021259084976</CFR>
      <CWH>0.1999995875278032</CWH>
      <CFGlacier>1</CFGlacier>
      <CFSlope>1</CFSlope>
      <FC>559.63979584671608</FC>
      <LP>0.81279339383980787</LP>
      <BETA>2.3218384515673689</BETA>
    </VegetationZoneParameters>
  </VegetationZone>
  <SubCatchment>
    <SubCatchmentParameters>
      <KSI>0.001</KSI>
      <KGmin>0.05</KGmin>
      <RangeKG>0.1</RangeKG>
      <AG>0.1</AG>
      <PERC>4.5583395130208055</PERC>
      <Alpha>0</Alpha>
      <UZL>123.67055065896227</UZL>
      <K0>0.90187389441642485</K0>
      <K1>0.61462573927353947</K1>
      <K2>0.081266180082388881</K2>
      <MAXBAS>1</MAXBAS>
      <Cet>0</Cet>
      <PCALT>10</PCALT>
      <TCALT>0.6</TCALT>
      <Pelev>0</Pelev>
      <Telev>0</Telev>
      <PART>0.5</PART>
      <DELAY>1</DELAY>
    </SubCatchmentParameters>
    <SubCatchmentVegetationZone>
      <SubCatchmentVegetationZoneParameters>
        <TT>1.1478379671259744</TT>
        <CFMAX>0.5000001516500846</CFMAX>
        <SP>0</SP>
        <SFCF>1.2574047280220071</SFCF>
        <CFR>0.096120021259084976</CFR>
        <CWH>0.1999995875278032</CWH>
        <CFGlacier>1</CFGlacier>
        <CFSlope>1</CFSlope>
        <FC>559.63979584671608</FC>
        <LP>0.81279339383980787</LP>
        <BETA>2.3218384515673689</BETA>
      </SubCatchmentVegetationZoneParameters>
    </SubCatchmentVegetationZone>
  </SubCatchment>
</Catchment>