<?xml version="1.0" encoding="utf-8"?>
<Catchment xmlns:xsi="http://www.w3.org/2001/XMLSchema-instance" xmlns:xsd="http://www.w3.org/2001/XMLSchema">
  <CatchmentParameters>
    <KSI>0.001</KSI>
    <KGmin>0.05</KGmin>
    <RangeKG>0.1</RangeKG>
    <AG>0.1</AG>
    <PERC>5.1278972566736156</PERC>
    <Alpha>0</Alpha>
    <UZL>120.93956758077253</UZL>
    <K0>0.59357477301783335</K0>
    <K1>0.799978285729352</K1>
    <K2>0.14999944588300745</K2>
    <MAXBAS>1.4062909292315031</MAXBAS>
    <Cet>0</Cet>
    <PCALT>10</PCALT>
    <TCALT>0.6</TCALT>
    <Pelev>0</Pelev>
    <Telev>0</Telev>
    <PART>0.5</PART>
    <DELAY>1</DELAY>
  </CatchmentParameters>
  <VegetationZone>
    <VegetationZoneParameters>
      <TT>2.4995620622082111</TT>
      <CFMAX>0.51746926350913913</CFMAX>
      <SP>0</SP>
      <SFCF>1.4999996996734015</SFCF>
      <CFR>0.057275584418177428</CFR>
      <CWH>0.1005846438527353</CWH>
      <CFGlacier>1</CFGlacier>
      <CFSlope>1</CFSlope>
      <FC>373.21323458382369</FC>
      <LP>0.97110618303360963</LP>
      <BETA>3.9613391250281875</BETA>
    </VegetationZoneParameters>
  </VegetationZone>
  <SubCatchment>
    <SubCatchmentParameters>
      <KSI>0.001</KSI>
      <KGmin>0.05</KGmin>
      <RangeKG>0.1</RangeKG>
      <AG>0.1</AG>
      <PERC>5.1278972566736156</PERC>
      <Alpha>0</Alpha>
      <UZL>120.93956758077253</UZL>
      <K0>0.59357477301783335</K0>
      <K1>0.799978285729352</K1>
      <K2>0.14999944588300745</K2>
      <MAXBAS>1.4062909292315031</MAXBAS>
      <Cet>0</Cet>
      <PCALT>10</PCALT>
      <TCALT>0.6</TCALT>
      <Pelev>0</Pelev>
      <Telev>0</Telev>
      <PART>0.5</PART>
      <DELAY>1</DELAY>
    </SubCatchmentParameters>
    <SubCatchmentVegetationZone>
      <SubCatchmentVegetationZoneParameters>
        <TT>2.4995620622082111</TT>
        <CFMAX>0.51746926350913913</CFMAX>
        <SP>0</SP>
        <SFCF>1.4999996996734015</SFCF>
        <CFR>0.057275584418177428</CFR>
        <CWH>0.1005846438527353</CWH>
        <CFGlacier>1</CFGlacier>
        <CFSlope>1</CFSlope>
        <FC>373.21323458382369</FC>
        <LP>0.97110618303360963</LP>
        <BETA>3.9613391250281875</BETA>
      </SubCatchmentVegetationZoneParameters>
    </SubCatchmentVegetationZone>
  </SubCatchment>
</Catchment>