<?xml version="1.0" encoding="utf-8"?>
<Catchment xmlns:xsi="http://www.w3.org/2001/XMLSchema-instance" xmlns:xsd="http://www.w3.org/2001/XMLSchema">
  <CatchmentParameters>
    <KSI>0.001</KSI>
    <KGmin>0.05</KGmin>
    <RangeKG>0.1</RangeKG>
    <AG>0.1</AG>
    <PERC>9.9999928530629738</PERC>
    <Alpha>0</Alpha>
    <UZL>139.90663216939936</UZL>
    <K0>0.50634517788274158</K0>
    <K1>0.51278802807839352</K1>
    <K2>0.11800272639245832</K2>
    <MAXBAS>1.2320447817321072</MAXBAS>
    <Cet>0</Cet>
    <PCALT>10</PCALT>
    <TCALT>0.6</TCALT>
    <Pelev>0</Pelev>
    <Telev>0</Telev>
    <PART>0.5</PART>
    <DELAY>1</DELAY>
  </CatchmentParameters>
  <VegetationZone>
    <VegetationZoneParameters>
      <TT>-1.5185648119334767</TT>
      <CFMAX>4.9914017836454514</CFMAX>
      <SP>0</SP>
      <SFCF>0.50000004588245817</SFCF>
      <CFR>0.013061041069657668</CFR>
      <CWH>0.10787132356991103</CWH>
      <CFGlacier>1</CFGlacier>
      <CFSlope>1</CFSlope>
      <FC>90.021540165778021</FC>
      <LP>0.30003906597436292</LP>
      <BETA>2.5022348132126973</BETA>
    </VegetationZoneParameters>
  </VegetationZone>
  <SubCatchment>
    <SubCatchmentParameters>
      <KSI>0.001</KSI>
      <KGmin>0.05</KGmin>
      <RangeKG>0.1</RangeKG>
      <AG>0.1</AG>
      <PERC>9.9999928530629738</PERC>
      <Alpha>0</Alpha>
      <UZL>139.90663216939936</UZL>
      <K0>0.50634517788274158</K0>
      <K1>0.51278802807839352</K1>
      <K2>0.11800272639245832</K2>
      <MAXBAS>1.2320447817321072</MAXBAS>
      <Cet>0</Cet>
      <PCALT>10</PCALT>
      <TCALT>0.6</TCALT>
      <Pelev>0</Pelev>
      <Telev>0</Telev>
      <PART>0.5</PART>
      <DELAY>1</DELAY>
    </SubCatchmentParameters>
    <SubCatchmentVegetationZone>
      <SubCatchmentVegetationZoneParameters>
        <TT>-1.5185648119334767</TT>
        <CFMAX>4.9914017836454514</CFMAX>
        <SP>0</SP>
        <SFCF>0.50000004588245817</SFCF>
        <CFR>0.013061041069657668</CFR>
        <CWH>0.10787132356991103</CWH>
        <CFGlacier>1</CFGlacier>
        <CFSlope>1</CFSlope>
        <FC>90.021540165778021</FC>
        <LP>0.30003906597436292</LP>
        <BETA>2.5022348132126973</BETA>
      </SubCatchmentVegetationZoneParameters>
    </SubCatchmentVegetationZone>
  </SubCatchment>
</Catchment>