<?xml version="1.0" encoding="utf-8"?>
<Catchment xmlns:xsi="http://www.w3.org/2001/XMLSchema-instance" xmlns:xsd="http://www.w3.org/2001/XMLSchema">
  <CatchmentParameters>
    <KSI>0.001</KSI>
    <KGmin>0.05</KGmin>
    <RangeKG>0.1</RangeKG>
    <AG>0.1</AG>
    <PERC>9.9978467906955082</PERC>
    <Alpha>0</Alpha>
    <UZL>68.537618987660892</UZL>
    <K0>0.546799481722854</K0>
    <K1>0.65336170734758736</K1>
    <K2>0.14999999991885604</K2>
    <MAXBAS>1.385759328579929</MAXBAS>
    <Cet>0</Cet>
    <PCALT>10</PCALT>
    <TCALT>0.6</TCALT>
    <Pelev>0</Pelev>
    <Telev>0</Telev>
    <PART>0.5</PART>
    <DELAY>1</DELAY>
  </CatchmentParameters>
  <VegetationZone>
    <VegetationZoneParameters>
      <TT>1.2984801386147471</TT>
      <CFMAX>4.98758079758633</CFMAX>
      <SP>0</SP>
      <SFCF>0.500000074631744</SFCF>
      <CFR>0.081521188610938822</CFR>
      <CWH>0.10000586739398529</CWH>
      <CFGlacier>1</CFGlacier>
      <CFSlope>1</CFSlope>
      <FC>109.57416283705848</FC>
      <LP>0.300004048595669</LP>
      <BETA>2.1956326290906794</BETA>
    </VegetationZoneParameters>
  </VegetationZone>
  <SubCatchment>
    <SubCatchmentParameters>
      <KSI>0.001</KSI>
      <KGmin>0.05</KGmin>
      <RangeKG>0.1</RangeKG>
      <AG>0.1</AG>
      <PERC>9.9978467906955082</PERC>
      <Alpha>0</Alpha>
      <UZL>68.537618987660892</UZL>
      <K0>0.546799481722854</K0>
      <K1>0.65336170734758736</K1>
      <K2>0.14999999991885604</K2>
      <MAXBAS>1.385759328579929</MAXBAS>
      <Cet>0</Cet>
      <PCALT>10</PCALT>
      <TCALT>0.6</TCALT>
      <Pelev>0</Pelev>
      <Telev>0</Telev>
      <PART>0.5</PART>
      <DELAY>1</DELAY>
    </SubCatchmentParameters>
    <SubCatchmentVegetationZone>
      <SubCatchmentVegetationZoneParameters>
        <TT>1.2984801386147471</TT>
        <CFMAX>4.98758079758633</CFMAX>
        <SP>0</SP>
        <SFCF>0.500000074631744</SFCF>
        <CFR>0.081521188610938822</CFR>
        <CWH>0.10000586739398529</CWH>
        <CFGlacier>1</CFGlacier>
        <CFSlope>1</CFSlope>
        <FC>109.57416283705848</FC>
        <LP>0.300004048595669</LP>
        <BETA>2.1956326290906794</BETA>
      </SubCatchmentVegetationZoneParameters>
    </SubCatchmentVegetationZone>
  </SubCatchment>
</Catchment>