<?xml version="1.0" encoding="utf-8"?>
<Catchment xmlns:xsi="http://www.w3.org/2001/XMLSchema-instance" xmlns:xsd="http://www.w3.org/2001/XMLSchema">
  <CatchmentParameters>
    <KSI>0.001</KSI>
    <KGmin>0.05</KGmin>
    <RangeKG>0.1</RangeKG>
    <AG>0.1</AG>
    <PERC>4.3898404216406313</PERC>
    <Alpha>0</Alpha>
    <UZL>160.09973837255947</UZL>
    <K0>0.51909792943494848</K0>
    <K1>0.59424168018437928</K1>
    <K2>0.086994802028714832</K2>
    <MAXBAS>1</MAXBAS>
    <Cet>0</Cet>
    <PCALT>10</PCALT>
    <TCALT>0.6</TCALT>
    <Pelev>0</Pelev>
    <Telev>0</Telev>
    <PART>0.5</PART>
    <DELAY>1</DELAY>
  </CatchmentParameters>
  <VegetationZone>
    <VegetationZoneParameters>
      <TT>1.0834953556556302</TT>
      <CFMAX>0.5361677245227664</CFMAX>
      <SP>0</SP>
      <SFCF>1.4723392800388218</SFCF>
      <CFR>0.050252837755873948</CFR>
      <CWH>0.1999776611569869</CWH>
      <CFGlacier>1</CFGlacier>
      <CFSlope>1</CFSlope>
      <FC>513.35513099639536</FC>
      <LP>0.80564533916135772</LP>
      <BETA>2.3889789525281206</BETA>
    </VegetationZoneParameters>
  </VegetationZone>
  <SubCatchment>
    <SubCatchmentParameters>
      <KSI>0.001</KSI>
      <KGmin>0.05</KGmin>
      <RangeKG>0.1</RangeKG>
      <AG>0.1</AG>
      <PERC>4.3898404216406313</PERC>
      <Alpha>0</Alpha>
      <UZL>160.09973837255947</UZL>
      <K0>0.51909792943494848</K0>
      <K1>0.59424168018437928</K1>
      <K2>0.086994802028714832</K2>
      <MAXBAS>1</MAXBAS>
      <Cet>0</Cet>
      <PCALT>10</PCALT>
      <TCALT>0.6</TCALT>
      <Pelev>0</Pelev>
      <Telev>0</Telev>
      <PART>0.5</PART>
      <DELAY>1</DELAY>
    </SubCatchmentParameters>
    <SubCatchmentVegetationZone>
      <SubCatchmentVegetationZoneParameters>
        <TT>1.0834953556556302</TT>
        <CFMAX>0.5361677245227664</CFMAX>
        <SP>0</SP>
        <SFCF>1.4723392800388218</SFCF>
        <CFR>0.050252837755873948</CFR>
        <CWH>0.1999776611569869</CWH>
        <CFGlacier>1</CFGlacier>
        <CFSlope>1</CFSlope>
        <FC>513.35513099639536</FC>
        <LP>0.80564533916135772</LP>
        <BETA>2.3889789525281206</BETA>
      </SubCatchmentVegetationZoneParameters>
    </SubCatchmentVegetationZone>
  </SubCatchment>
</Catchment>