<?xml version="1.0" encoding="utf-8"?>
<Catchment xmlns:xsi="http://www.w3.org/2001/XMLSchema-instance" xmlns:xsd="http://www.w3.org/2001/XMLSchema">
  <CatchmentParameters>
    <KSI>0.001</KSI>
    <KGmin>0.05</KGmin>
    <RangeKG>0.1</RangeKG>
    <AG>0.1</AG>
    <PERC>4.48029387349193</PERC>
    <Alpha>0</Alpha>
    <UZL>183.559900704724</UZL>
    <K0>0.1953857990782002</K0>
    <K1>0.59085540620300436</K1>
    <K2>0.074264462353731853</K2>
    <MAXBAS>1</MAXBAS>
    <Cet>0</Cet>
    <PCALT>10</PCALT>
    <TCALT>0.6</TCALT>
    <Pelev>0</Pelev>
    <Telev>0</Telev>
    <PART>0.5</PART>
    <DELAY>1</DELAY>
  </CatchmentParameters>
  <VegetationZone>
    <VegetationZoneParameters>
      <TT>2.377028464285496</TT>
      <CFMAX>0.57611446373818409</CFMAX>
      <SP>0</SP>
      <SFCF>1.0974680385242206</SFCF>
      <CFR>0.053248088696751371</CFR>
      <CWH>0.15792883202512972</CWH>
      <CFGlacier>1</CFGlacier>
      <CFSlope>1</CFSlope>
      <FC>487.11338916285854</FC>
      <LP>0.95957913989631738</LP>
      <BETA>3.0823682260425289</BETA>
    </VegetationZoneParameters>
  </VegetationZone>
  <SubCatchment>
    <SubCatchmentParameters>
      <KSI>0.001</KSI>
      <KGmin>0.05</KGmin>
      <RangeKG>0.1</RangeKG>
      <AG>0.1</AG>
      <PERC>4.48029387349193</PERC>
      <Alpha>0</Alpha>
      <UZL>183.559900704724</UZL>
      <K0>0.1953857990782002</K0>
      <K1>0.59085540620300436</K1>
      <K2>0.074264462353731853</K2>
      <MAXBAS>1</MAXBAS>
      <Cet>0</Cet>
      <PCALT>10</PCALT>
      <TCALT>0.6</TCALT>
      <Pelev>0</Pelev>
      <Telev>0</Telev>
      <PART>0.5</PART>
      <DELAY>1</DELAY>
    </SubCatchmentParameters>
    <SubCatchmentVegetationZone>
      <SubCatchmentVegetationZoneParameters>
        <TT>2.377028464285496</TT>
        <CFMAX>0.57611446373818409</CFMAX>
        <SP>0</SP>
        <SFCF>1.0974680385242206</SFCF>
        <CFR>0.053248088696751371</CFR>
        <CWH>0.15792883202512972</CWH>
        <CFGlacier>1</CFGlacier>
        <CFSlope>1</CFSlope>
        <FC>487.11338916285854</FC>
        <LP>0.95957913989631738</LP>
        <BETA>3.0823682260425289</BETA>
      </SubCatchmentVegetationZoneParameters>
    </SubCatchmentVegetationZone>
  </SubCatchment>
</Catchment>