<?xml version="1.0" encoding="utf-8"?>
<Catchment xmlns:xsi="http://www.w3.org/2001/XMLSchema-instance" xmlns:xsd="http://www.w3.org/2001/XMLSchema">
  <CatchmentParameters>
    <KSI>0.001</KSI>
    <KGmin>0.05</KGmin>
    <RangeKG>0.1</RangeKG>
    <AG>0.1</AG>
    <PERC>4.778578790294481</PERC>
    <Alpha>0</Alpha>
    <UZL>156.08114446544229</UZL>
    <K0>0.55989799826937059</K0>
    <K1>0.6674251382966534</K1>
    <K2>0.0753345235447322</K2>
    <MAXBAS>1</MAXBAS>
    <Cet>0</Cet>
    <PCALT>10</PCALT>
    <TCALT>0.6</TCALT>
    <Pelev>0</Pelev>
    <Telev>0</Telev>
    <PART>0.5</PART>
    <DELAY>1</DELAY>
  </CatchmentParameters>
  <VegetationZone>
    <VegetationZoneParameters>
      <TT>0.94582621979014359</TT>
      <CFMAX>0.50163215753636481</CFMAX>
      <SP>0</SP>
      <SFCF>1.2816952332124239</SFCF>
      <CFR>0.083070518009416949</CFR>
      <CWH>0.1999992413218995</CWH>
      <CFGlacier>1</CFGlacier>
      <CFSlope>1</CFSlope>
      <FC>1776.7831229624303</FC>
      <LP>0.8967225735427099</LP>
      <BETA>3.0593420008351342</BETA>
    </VegetationZoneParameters>
  </VegetationZone>
  <SubCatchment>
    <SubCatchmentParameters>
      <KSI>0.001</KSI>
      <KGmin>0.05</KGmin>
      <RangeKG>0.1</RangeKG>
      <AG>0.1</AG>
      <PERC>4.778578790294481</PERC>
      <Alpha>0</Alpha>
      <UZL>156.08114446544229</UZL>
      <K0>0.55989799826937059</K0>
      <K1>0.6674251382966534</K1>
      <K2>0.0753345235447322</K2>
      <MAXBAS>1</MAXBAS>
      <Cet>0</Cet>
      <PCALT>10</PCALT>
      <TCALT>0.6</TCALT>
      <Pelev>0</Pelev>
      <Telev>0</Telev>
      <PART>0.5</PART>
      <DELAY>1</DELAY>
    </SubCatchmentParameters>
    <SubCatchmentVegetationZone>
      <SubCatchmentVegetationZoneParameters>
        <TT>0.94582621979014359</TT>
        <CFMAX>0.50163215753636481</CFMAX>
        <SP>0</SP>
        <SFCF>1.2816952332124239</SFCF>
        <CFR>0.083070518009416949</CFR>
        <CWH>0.1999992413218995</CWH>
        <CFGlacier>1</CFGlacier>
        <CFSlope>1</CFSlope>
        <FC>1776.7831229624303</FC>
        <LP>0.8967225735427099</LP>
        <BETA>3.0593420008351342</BETA>
      </SubCatchmentVegetationZoneParameters>
    </SubCatchmentVegetationZone>
  </SubCatchment>
</Catchment>