<?xml version="1.0" encoding="utf-8"?>
<Catchment xmlns:xsi="http://www.w3.org/2001/XMLSchema-instance" xmlns:xsd="http://www.w3.org/2001/XMLSchema">
  <CatchmentParameters>
    <KSI>0.001</KSI>
    <KGmin>0.05</KGmin>
    <RangeKG>0.1</RangeKG>
    <AG>0.1</AG>
    <PERC>9.9999974736124457</PERC>
    <Alpha>0</Alpha>
    <UZL>25.746281021941389</UZL>
    <K0>0.98999849708976528</K0>
    <K1>0.39959793652647652</K1>
    <K2>0.10810458747170879</K2>
    <MAXBAS>1.3025947726478042</MAXBAS>
    <Cet>0</Cet>
    <PCALT>10</PCALT>
    <TCALT>0.6</TCALT>
    <Pelev>0</Pelev>
    <Telev>0</Telev>
    <PART>0.5</PART>
    <DELAY>1</DELAY>
  </CatchmentParameters>
  <VegetationZone>
    <VegetationZoneParameters>
      <TT>1.2983889818892087</TT>
      <CFMAX>4.1496142396355893</CFMAX>
      <SP>0</SP>
      <SFCF>0.50007862198034558</SFCF>
      <CFR>0.099999850408273847</CFR>
      <CWH>0.10000898656939883</CWH>
      <CFGlacier>1</CFGlacier>
      <CFSlope>1</CFSlope>
      <FC>89.406460667410059</FC>
      <LP>0.3000002544156965</LP>
      <BETA>2.3976333531801926</BETA>
    </VegetationZoneParameters>
  </VegetationZone>
  <SubCatchment>
    <SubCatchmentParameters>
      <KSI>0.001</KSI>
      <KGmin>0.05</KGmin>
      <RangeKG>0.1</RangeKG>
      <AG>0.1</AG>
      <PERC>9.9999974736124457</PERC>
      <Alpha>0</Alpha>
      <UZL>25.746281021941389</UZL>
      <K0>0.98999849708976528</K0>
      <K1>0.39959793652647652</K1>
      <K2>0.10810458747170879</K2>
      <MAXBAS>1.3025947726478042</MAXBAS>
      <Cet>0</Cet>
      <PCALT>10</PCALT>
      <TCALT>0.6</TCALT>
      <Pelev>0</Pelev>
      <Telev>0</Telev>
      <PART>0.5</PART>
      <DELAY>1</DELAY>
    </SubCatchmentParameters>
    <SubCatchmentVegetationZone>
      <SubCatchmentVegetationZoneParameters>
        <TT>1.2983889818892087</TT>
        <CFMAX>4.1496142396355893</CFMAX>
        <SP>0</SP>
        <SFCF>0.50007862198034558</SFCF>
        <CFR>0.099999850408273847</CFR>
        <CWH>0.10000898656939883</CWH>
        <CFGlacier>1</CFGlacier>
        <CFSlope>1</CFSlope>
        <FC>89.406460667410059</FC>
        <LP>0.3000002544156965</LP>
        <BETA>2.3976333531801926</BETA>
      </SubCatchmentVegetationZoneParameters>
    </SubCatchmentVegetationZone>
  </SubCatchment>
</Catchment>