<?xml version="1.0" encoding="utf-8"?>
<Catchment xmlns:xsi="http://www.w3.org/2001/XMLSchema-instance" xmlns:xsd="http://www.w3.org/2001/XMLSchema">
  <CatchmentParameters>
    <KSI>0.001</KSI>
    <KGmin>0.05</KGmin>
    <RangeKG>0.1</RangeKG>
    <AG>0.1</AG>
    <PERC>9.99959677587015</PERC>
    <Alpha>0</Alpha>
    <UZL>198.73226402720019</UZL>
    <K0>0.54747577936257819</K0>
    <K1>0.54108430559492615</K1>
    <K2>0.13872774681123631</K2>
    <MAXBAS>1.2492608251192308</MAXBAS>
    <Cet>0</Cet>
    <PCALT>10</PCALT>
    <TCALT>0.6</TCALT>
    <Pelev>0</Pelev>
    <Telev>0</Telev>
    <PART>0.5</PART>
    <DELAY>1</DELAY>
  </CatchmentParameters>
  <VegetationZone>
    <VegetationZoneParameters>
      <TT>1.3020094542683121</TT>
      <CFMAX>4.9998675938727839</CFMAX>
      <SP>0</SP>
      <SFCF>0.50000000000126776</SFCF>
      <CFR>0.04974951566454458</CFR>
      <CWH>0.10001618932455803</CWH>
      <CFGlacier>1</CFGlacier>
      <CFSlope>1</CFSlope>
      <FC>97.341829697395966</FC>
      <LP>0.30000000864485166</LP>
      <BETA>2.3516821473333613</BETA>
    </VegetationZoneParameters>
  </VegetationZone>
  <SubCatchment>
    <SubCatchmentParameters>
      <KSI>0.001</KSI>
      <KGmin>0.05</KGmin>
      <RangeKG>0.1</RangeKG>
      <AG>0.1</AG>
      <PERC>9.99959677587015</PERC>
      <Alpha>0</Alpha>
      <UZL>198.73226402720019</UZL>
      <K0>0.54747577936257819</K0>
      <K1>0.54108430559492615</K1>
      <K2>0.13872774681123631</K2>
      <MAXBAS>1.2492608251192308</MAXBAS>
      <Cet>0</Cet>
      <PCALT>10</PCALT>
      <TCALT>0.6</TCALT>
      <Pelev>0</Pelev>
      <Telev>0</Telev>
      <PART>0.5</PART>
      <DELAY>1</DELAY>
    </SubCatchmentParameters>
    <SubCatchmentVegetationZone>
      <SubCatchmentVegetationZoneParameters>
        <TT>1.3020094542683121</TT>
        <CFMAX>4.9998675938727839</CFMAX>
        <SP>0</SP>
        <SFCF>0.50000000000126776</SFCF>
        <CFR>0.04974951566454458</CFR>
        <CWH>0.10001618932455803</CWH>
        <CFGlacier>1</CFGlacier>
        <CFSlope>1</CFSlope>
        <FC>97.341829697395966</FC>
        <LP>0.30000000864485166</LP>
        <BETA>2.3516821473333613</BETA>
      </SubCatchmentVegetationZoneParameters>
    </SubCatchmentVegetationZone>
  </SubCatchment>
</Catchment>