<?xml version="1.0" encoding="utf-8"?>
<Catchment xmlns:xsi="http://www.w3.org/2001/XMLSchema-instance" xmlns:xsd="http://www.w3.org/2001/XMLSchema">
  <CatchmentParameters>
    <KSI>0.001</KSI>
    <KGmin>0.05</KGmin>
    <RangeKG>0.1</RangeKG>
    <AG>0.1</AG>
    <PERC>5.4935712768005009</PERC>
    <Alpha>0</Alpha>
    <UZL>3.6199940955447714</UZL>
    <K0>0.74037269118497118</K0>
    <K1>0.43109945413467321</K1>
    <K2>0.075391926912005219</K2>
    <MAXBAS>1</MAXBAS>
    <Cet>0</Cet>
    <PCALT>10</PCALT>
    <TCALT>0.6</TCALT>
    <Pelev>0</Pelev>
    <Telev>0</Telev>
    <PART>0.5</PART>
    <DELAY>1</DELAY>
  </CatchmentParameters>
  <VegetationZone>
    <VegetationZoneParameters>
      <TT>1.010996697090869</TT>
      <CFMAX>0.50000001754400347</CFMAX>
      <SP>0</SP>
      <SFCF>1.2486937936591558</SFCF>
      <CFR>0.099993801132810922</CFR>
      <CWH>0.19999926902462864</CWH>
      <CFGlacier>1</CFGlacier>
      <CFSlope>1</CFSlope>
      <FC>2017.0718409675476</FC>
      <LP>0.86057274312792409</LP>
      <BETA>2.94614181601301</BETA>
    </VegetationZoneParameters>
  </VegetationZone>
  <SubCatchment>
    <SubCatchmentParameters>
      <KSI>0.001</KSI>
      <KGmin>0.05</KGmin>
      <RangeKG>0.1</RangeKG>
      <AG>0.1</AG>
      <PERC>5.4935712768005009</PERC>
      <Alpha>0</Alpha>
      <UZL>3.6199940955447714</UZL>
      <K0>0.74037269118497118</K0>
      <K1>0.43109945413467321</K1>
      <K2>0.075391926912005219</K2>
      <MAXBAS>1</MAXBAS>
      <Cet>0</Cet>
      <PCALT>10</PCALT>
      <TCALT>0.6</TCALT>
      <Pelev>0</Pelev>
      <Telev>0</Telev>
      <PART>0.5</PART>
      <DELAY>1</DELAY>
    </SubCatchmentParameters>
    <SubCatchmentVegetationZone>
      <SubCatchmentVegetationZoneParameters>
        <TT>1.010996697090869</TT>
        <CFMAX>0.50000001754400347</CFMAX>
        <SP>0</SP>
        <SFCF>1.2486937936591558</SFCF>
        <CFR>0.099993801132810922</CFR>
        <CWH>0.19999926902462864</CWH>
        <CFGlacier>1</CFGlacier>
        <CFSlope>1</CFSlope>
        <FC>2017.0718409675476</FC>
        <LP>0.86057274312792409</LP>
        <BETA>2.94614181601301</BETA>
      </SubCatchmentVegetationZoneParameters>
    </SubCatchmentVegetationZone>
  </SubCatchment>
</Catchment>