<?xml version="1.0" encoding="utf-8"?>
<Catchment xmlns:xsi="http://www.w3.org/2001/XMLSchema-instance" xmlns:xsd="http://www.w3.org/2001/XMLSchema">
  <CatchmentParameters>
    <KSI>0.001</KSI>
    <KGmin>0.05</KGmin>
    <RangeKG>0.1</RangeKG>
    <AG>0.1</AG>
    <PERC>6.0454210566614943</PERC>
    <Alpha>0</Alpha>
    <UZL>41.318763266703606</UZL>
    <K0>0.56625931592061118</K0>
    <K1>0.7908993800594023</K1>
    <K2>0.14999906387271594</K2>
    <MAXBAS>1.4306442319375827</MAXBAS>
    <Cet>0</Cet>
    <PCALT>10</PCALT>
    <TCALT>0.6</TCALT>
    <Pelev>0</Pelev>
    <Telev>0</Telev>
    <PART>0.5</PART>
    <DELAY>1</DELAY>
  </CatchmentParameters>
  <VegetationZone>
    <VegetationZoneParameters>
      <TT>2.4115371858066168</TT>
      <CFMAX>0.503473572940701</CFMAX>
      <SP>0</SP>
      <SFCF>1.4999994304192454</SFCF>
      <CFR>0.054541057593428678</CFR>
      <CWH>0.10002083412247172</CWH>
      <CFGlacier>1</CFGlacier>
      <CFSlope>1</CFSlope>
      <FC>429.57788542807572</FC>
      <LP>0.84939279703256887</LP>
      <BETA>2.5001184377639634</BETA>
    </VegetationZoneParameters>
  </VegetationZone>
  <SubCatchment>
    <SubCatchmentParameters>
      <KSI>0.001</KSI>
      <KGmin>0.05</KGmin>
      <RangeKG>0.1</RangeKG>
      <AG>0.1</AG>
      <PERC>6.0454210566614943</PERC>
      <Alpha>0</Alpha>
      <UZL>41.318763266703606</UZL>
      <K0>0.56625931592061118</K0>
      <K1>0.7908993800594023</K1>
      <K2>0.14999906387271594</K2>
      <MAXBAS>1.4306442319375827</MAXBAS>
      <Cet>0</Cet>
      <PCALT>10</PCALT>
      <TCALT>0.6</TCALT>
      <Pelev>0</Pelev>
      <Telev>0</Telev>
      <PART>0.5</PART>
      <DELAY>1</DELAY>
    </SubCatchmentParameters>
    <SubCatchmentVegetationZone>
      <SubCatchmentVegetationZoneParameters>
        <TT>2.4115371858066168</TT>
        <CFMAX>0.503473572940701</CFMAX>
        <SP>0</SP>
        <SFCF>1.4999994304192454</SFCF>
        <CFR>0.054541057593428678</CFR>
        <CWH>0.10002083412247172</CWH>
        <CFGlacier>1</CFGlacier>
        <CFSlope>1</CFSlope>
        <FC>429.57788542807572</FC>
        <LP>0.84939279703256887</LP>
        <BETA>2.5001184377639634</BETA>
      </SubCatchmentVegetationZoneParameters>
    </SubCatchmentVegetationZone>
  </SubCatchment>
</Catchment>