<?xml version="1.0" encoding="utf-8"?>
<Catchment xmlns:xsi="http://www.w3.org/2001/XMLSchema-instance" xmlns:xsd="http://www.w3.org/2001/XMLSchema">
  <CatchmentParameters>
    <KSI>0.001</KSI>
    <KGmin>0.05</KGmin>
    <RangeKG>0.1</RangeKG>
    <AG>0.1</AG>
    <PERC>5.3350583746310543</PERC>
    <Alpha>0</Alpha>
    <UZL>4.3608629706993</UZL>
    <K0>0.70802823206109033</K0>
    <K1>0.43120040499890339</K1>
    <K2>0.068431078768091527</K2>
    <MAXBAS>1</MAXBAS>
    <Cet>0</Cet>
    <PCALT>10</PCALT>
    <TCALT>0.6</TCALT>
    <Pelev>0</Pelev>
    <Telev>0</Telev>
    <PART>0.5</PART>
    <DELAY>1</DELAY>
  </CatchmentParameters>
  <VegetationZone>
    <VegetationZoneParameters>
      <TT>1.0109999993798764</TT>
      <CFMAX>0.500000250530912</CFMAX>
      <SP>0</SP>
      <SFCF>0.84490728317033781</SFCF>
      <CFR>0.063048531302298053</CFR>
      <CWH>0.19999131175493684</CWH>
      <CFGlacier>1</CFGlacier>
      <CFSlope>1</CFSlope>
      <FC>2238.9868786052793</FC>
      <LP>0.8964940602717073</LP>
      <BETA>3.1183005814906344</BETA>
    </VegetationZoneParameters>
  </VegetationZone>
  <SubCatchment>
    <SubCatchmentParameters>
      <KSI>0.001</KSI>
      <KGmin>0.05</KGmin>
      <RangeKG>0.1</RangeKG>
      <AG>0.1</AG>
      <PERC>5.3350583746310543</PERC>
      <Alpha>0</Alpha>
      <UZL>4.3608629706993</UZL>
      <K0>0.70802823206109033</K0>
      <K1>0.43120040499890339</K1>
      <K2>0.068431078768091527</K2>
      <MAXBAS>1</MAXBAS>
      <Cet>0</Cet>
      <PCALT>10</PCALT>
      <TCALT>0.6</TCALT>
      <Pelev>0</Pelev>
      <Telev>0</Telev>
      <PART>0.5</PART>
      <DELAY>1</DELAY>
    </SubCatchmentParameters>
    <SubCatchmentVegetationZone>
      <SubCatchmentVegetationZoneParameters>
        <TT>1.0109999993798764</TT>
        <CFMAX>0.500000250530912</CFMAX>
        <SP>0</SP>
        <SFCF>0.84490728317033781</SFCF>
        <CFR>0.063048531302298053</CFR>
        <CWH>0.19999131175493684</CWH>
        <CFGlacier>1</CFGlacier>
        <CFSlope>1</CFSlope>
        <FC>2238.9868786052793</FC>
        <LP>0.8964940602717073</LP>
        <BETA>3.1183005814906344</BETA>
      </SubCatchmentVegetationZoneParameters>
    </SubCatchmentVegetationZone>
  </SubCatchment>
</Catchment>