<?xml version="1.0" encoding="utf-8"?>
<Catchment xmlns:xsi="http://www.w3.org/2001/XMLSchema-instance" xmlns:xsd="http://www.w3.org/2001/XMLSchema">
  <CatchmentParameters>
    <KSI>0.001</KSI>
    <KGmin>0.05</KGmin>
    <RangeKG>0.1</RangeKG>
    <AG>0.1</AG>
    <PERC>1.0982378586942883</PERC>
    <Alpha>0</Alpha>
    <UZL>6.8552310765137774</UZL>
    <K0>0.75303182459879436</K0>
    <K1>0.010000109608521169</K1>
    <K2>0.067036950710575152</K2>
    <MAXBAS>1</MAXBAS>
    <Cet>0</Cet>
    <PCALT>10</PCALT>
    <TCALT>0.6</TCALT>
    <Pelev>0</Pelev>
    <Telev>0</Telev>
    <PART>0.5</PART>
    <DELAY>1</DELAY>
  </CatchmentParameters>
  <VegetationZone>
    <VegetationZoneParameters>
      <TT>0.45396809198600091</TT>
      <CFMAX>1.0506429536655408</CFMAX>
      <SP>0</SP>
      <SFCF>1.283992545696917</SFCF>
      <CFR>0.099793589907381922</CFR>
      <CWH>0.10000036794987798</CWH>
      <CFGlacier>1</CFGlacier>
      <CFSlope>1</CFSlope>
      <FC>2499.9995946445924</FC>
      <LP>0.90022422981618166</LP>
      <BETA>3.3915809914304553</BETA>
    </VegetationZoneParameters>
  </VegetationZone>
  <SubCatchment>
    <SubCatchmentParameters>
      <KSI>0.001</KSI>
      <KGmin>0.05</KGmin>
      <RangeKG>0.1</RangeKG>
      <AG>0.1</AG>
      <PERC>1.0982378586942883</PERC>
      <Alpha>0</Alpha>
      <UZL>6.8552310765137774</UZL>
      <K0>0.75303182459879436</K0>
      <K1>0.010000109608521169</K1>
      <K2>0.067036950710575152</K2>
      <MAXBAS>1</MAXBAS>
      <Cet>0</Cet>
      <PCALT>10</PCALT>
      <TCALT>0.6</TCALT>
      <Pelev>0</Pelev>
      <Telev>0</Telev>
      <PART>0.5</PART>
      <DELAY>1</DELAY>
    </SubCatchmentParameters>
    <SubCatchmentVegetationZone>
      <SubCatchmentVegetationZoneParameters>
        <TT>0.45396809198600091</TT>
        <CFMAX>1.0506429536655408</CFMAX>
        <SP>0</SP>
        <SFCF>1.283992545696917</SFCF>
        <CFR>0.099793589907381922</CFR>
        <CWH>0.10000036794987798</CWH>
        <CFGlacier>1</CFGlacier>
        <CFSlope>1</CFSlope>
        <FC>2499.9995946445924</FC>
        <LP>0.90022422981618166</LP>
        <BETA>3.3915809914304553</BETA>
      </SubCatchmentVegetationZoneParameters>
    </SubCatchmentVegetationZone>
  </SubCatchment>
</Catchment>