<?xml version="1.0" encoding="utf-8"?>
<Catchment xmlns:xsi="http://www.w3.org/2001/XMLSchema-instance" xmlns:xsd="http://www.w3.org/2001/XMLSchema">
  <CatchmentParameters>
    <KSI>0.001</KSI>
    <KGmin>0.05</KGmin>
    <RangeKG>0.1</RangeKG>
    <AG>0.1</AG>
    <PERC>7.4985359528133833</PERC>
    <Alpha>0</Alpha>
    <UZL>114.03063254080239</UZL>
    <K0>0.47736232847145671</K0>
    <K1>0.57628854420982223</K1>
    <K2>0.14611772461804337</K2>
    <MAXBAS>1.3082501327806371</MAXBAS>
    <Cet>0</Cet>
    <PCALT>10</PCALT>
    <TCALT>0.6</TCALT>
    <Pelev>0</Pelev>
    <Telev>0</Telev>
    <PART>0.5</PART>
    <DELAY>1</DELAY>
  </CatchmentParameters>
  <VegetationZone>
    <VegetationZoneParameters>
      <TT>1.2990003106079935</TT>
      <CFMAX>4.99992603430928</CFMAX>
      <SP>0</SP>
      <SFCF>0.50000018269298208</SFCF>
      <CFR>0.0643201585169801</CFR>
      <CWH>0.10000029832693257</CWH>
      <CFGlacier>1</CFGlacier>
      <CFSlope>1</CFSlope>
      <FC>108.93396701939987</FC>
      <LP>0.30000003918707874</LP>
      <BETA>2.1674165259271265</BETA>
    </VegetationZoneParameters>
  </VegetationZone>
  <SubCatchment>
    <SubCatchmentParameters>
      <KSI>0.001</KSI>
      <KGmin>0.05</KGmin>
      <RangeKG>0.1</RangeKG>
      <AG>0.1</AG>
      <PERC>7.4985359528133833</PERC>
      <Alpha>0</Alpha>
      <UZL>114.03063254080239</UZL>
      <K0>0.47736232847145671</K0>
      <K1>0.57628854420982223</K1>
      <K2>0.14611772461804337</K2>
      <MAXBAS>1.3082501327806371</MAXBAS>
      <Cet>0</Cet>
      <PCALT>10</PCALT>
      <TCALT>0.6</TCALT>
      <Pelev>0</Pelev>
      <Telev>0</Telev>
      <PART>0.5</PART>
      <DELAY>1</DELAY>
    </SubCatchmentParameters>
    <SubCatchmentVegetationZone>
      <SubCatchmentVegetationZoneParameters>
        <TT>1.2990003106079935</TT>
        <CFMAX>4.99992603430928</CFMAX>
        <SP>0</SP>
        <SFCF>0.50000018269298208</SFCF>
        <CFR>0.0643201585169801</CFR>
        <CWH>0.10000029832693257</CWH>
        <CFGlacier>1</CFGlacier>
        <CFSlope>1</CFSlope>
        <FC>108.93396701939987</FC>
        <LP>0.30000003918707874</LP>
        <BETA>2.1674165259271265</BETA>
      </SubCatchmentVegetationZoneParameters>
    </SubCatchmentVegetationZone>
  </SubCatchment>
</Catchment>