<?xml version="1.0" encoding="utf-8"?>
<Catchment xmlns:xsi="http://www.w3.org/2001/XMLSchema-instance" xmlns:xsd="http://www.w3.org/2001/XMLSchema">
  <CatchmentParameters>
    <KSI>0.001</KSI>
    <KGmin>0.05</KGmin>
    <RangeKG>0.1</RangeKG>
    <AG>0.1</AG>
    <PERC>5.8782537087799458</PERC>
    <Alpha>0</Alpha>
    <UZL>105.30571819582458</UZL>
    <K0>0.1631989752295831</K0>
    <K1>0.76542000757559325</K1>
    <K2>0.14999949808952717</K2>
    <MAXBAS>1.4119742822920445</MAXBAS>
    <Cet>0</Cet>
    <PCALT>10</PCALT>
    <TCALT>0.6</TCALT>
    <Pelev>0</Pelev>
    <Telev>0</Telev>
    <PART>0.5</PART>
    <DELAY>1</DELAY>
  </CatchmentParameters>
  <VegetationZone>
    <VegetationZoneParameters>
      <TT>2.3981754539496816</TT>
      <CFMAX>0.5007142608045495</CFMAX>
      <SP>0</SP>
      <SFCF>1.499999781287884</SFCF>
      <CFR>0.05183071535887835</CFR>
      <CWH>0.10000002244991439</CWH>
      <CFGlacier>1</CFGlacier>
      <CFSlope>1</CFSlope>
      <FC>427.53240545530912</FC>
      <LP>0.81045814747433864</LP>
      <BETA>2.323666483157214</BETA>
    </VegetationZoneParameters>
  </VegetationZone>
  <SubCatchment>
    <SubCatchmentParameters>
      <KSI>0.001</KSI>
      <KGmin>0.05</KGmin>
      <RangeKG>0.1</RangeKG>
      <AG>0.1</AG>
      <PERC>5.8782537087799458</PERC>
      <Alpha>0</Alpha>
      <UZL>105.30571819582458</UZL>
      <K0>0.1631989752295831</K0>
      <K1>0.76542000757559325</K1>
      <K2>0.14999949808952717</K2>
      <MAXBAS>1.4119742822920445</MAXBAS>
      <Cet>0</Cet>
      <PCALT>10</PCALT>
      <TCALT>0.6</TCALT>
      <Pelev>0</Pelev>
      <Telev>0</Telev>
      <PART>0.5</PART>
      <DELAY>1</DELAY>
    </SubCatchmentParameters>
    <SubCatchmentVegetationZone>
      <SubCatchmentVegetationZoneParameters>
        <TT>2.3981754539496816</TT>
        <CFMAX>0.5007142608045495</CFMAX>
        <SP>0</SP>
        <SFCF>1.499999781287884</SFCF>
        <CFR>0.05183071535887835</CFR>
        <CWH>0.10000002244991439</CWH>
        <CFGlacier>1</CFGlacier>
        <CFSlope>1</CFSlope>
        <FC>427.53240545530912</FC>
        <LP>0.81045814747433864</LP>
        <BETA>2.323666483157214</BETA>
      </SubCatchmentVegetationZoneParameters>
    </SubCatchmentVegetationZone>
  </SubCatchment>
</Catchment>