<?xml version="1.0" encoding="utf-8"?>
<Catchment xmlns:xsi="http://www.w3.org/2001/XMLSchema-instance" xmlns:xsd="http://www.w3.org/2001/XMLSchema">
  <CatchmentParameters>
    <KSI>0.001</KSI>
    <KGmin>0.05</KGmin>
    <RangeKG>0.1</RangeKG>
    <AG>0.1</AG>
    <PERC>6.0079646456786566</PERC>
    <Alpha>0</Alpha>
    <UZL>85.202431755438042</UZL>
    <K0>0.50631599083128787</K0>
    <K1>0.79105669124671485</K1>
    <K2>0.14999937892695858</K2>
    <MAXBAS>1.4101875438420091</MAXBAS>
    <Cet>0</Cet>
    <PCALT>10</PCALT>
    <TCALT>0.6</TCALT>
    <Pelev>0</Pelev>
    <Telev>0</Telev>
    <PART>0.5</PART>
    <DELAY>1</DELAY>
  </CatchmentParameters>
  <VegetationZone>
    <VegetationZoneParameters>
      <TT>2.4967325887119647</TT>
      <CFMAX>0.5018059598293324</CFMAX>
      <SP>0</SP>
      <SFCF>1.4999997829846803</SFCF>
      <CFR>0.033428092530087085</CFR>
      <CWH>0.10000125940074153</CWH>
      <CFGlacier>1</CFGlacier>
      <CFSlope>1</CFSlope>
      <FC>407.47085499544482</FC>
      <LP>0.96325750988412173</LP>
      <BETA>3.2345986560271518</BETA>
    </VegetationZoneParameters>
  </VegetationZone>
  <SubCatchment>
    <SubCatchmentParameters>
      <KSI>0.001</KSI>
      <KGmin>0.05</KGmin>
      <RangeKG>0.1</RangeKG>
      <AG>0.1</AG>
      <PERC>6.0079646456786566</PERC>
      <Alpha>0</Alpha>
      <UZL>85.202431755438042</UZL>
      <K0>0.50631599083128787</K0>
      <K1>0.79105669124671485</K1>
      <K2>0.14999937892695858</K2>
      <MAXBAS>1.4101875438420091</MAXBAS>
      <Cet>0</Cet>
      <PCALT>10</PCALT>
      <TCALT>0.6</TCALT>
      <Pelev>0</Pelev>
      <Telev>0</Telev>
      <PART>0.5</PART>
      <DELAY>1</DELAY>
    </SubCatchmentParameters>
    <SubCatchmentVegetationZone>
      <SubCatchmentVegetationZoneParameters>
        <TT>2.4967325887119647</TT>
        <CFMAX>0.5018059598293324</CFMAX>
        <SP>0</SP>
        <SFCF>1.4999997829846803</SFCF>
        <CFR>0.033428092530087085</CFR>
        <CWH>0.10000125940074153</CWH>
        <CFGlacier>1</CFGlacier>
        <CFSlope>1</CFSlope>
        <FC>407.47085499544482</FC>
        <LP>0.96325750988412173</LP>
        <BETA>3.2345986560271518</BETA>
      </SubCatchmentVegetationZoneParameters>
    </SubCatchmentVegetationZone>
  </SubCatchment>
</Catchment>