<?xml version="1.0" encoding="utf-8"?>
<Catchment xmlns:xsi="http://www.w3.org/2001/XMLSchema-instance" xmlns:xsd="http://www.w3.org/2001/XMLSchema">
  <CatchmentParameters>
    <KSI>0.001</KSI>
    <KGmin>0.05</KGmin>
    <RangeKG>0.1</RangeKG>
    <AG>0.1</AG>
    <PERC>5.4830803169985636</PERC>
    <Alpha>0</Alpha>
    <UZL>94.06261246611561</UZL>
    <K0>0.26983276443598958</K0>
    <K1>0.61117578153029728</K1>
    <K2>0.14999998356106792</K2>
    <MAXBAS>1.1882046973214302</MAXBAS>
    <Cet>0</Cet>
    <PCALT>10</PCALT>
    <TCALT>0.6</TCALT>
    <Pelev>0</Pelev>
    <Telev>0</Telev>
    <PART>0.5</PART>
    <DELAY>1</DELAY>
  </CatchmentParameters>
  <VegetationZone>
    <VegetationZoneParameters>
      <TT>2.4999833847395769</TT>
      <CFMAX>0.50339930450629977</CFMAX>
      <SP>0</SP>
      <SFCF>1.4999999171845821</SFCF>
      <CFR>0.035332410470519354</CFR>
      <CWH>0.10000001095975181</CWH>
      <CFGlacier>1</CFGlacier>
      <CFSlope>1</CFSlope>
      <FC>473.07723123636418</FC>
      <LP>0.72104166063385111</LP>
      <BETA>1.9958842106262247</BETA>
    </VegetationZoneParameters>
  </VegetationZone>
  <SubCatchment>
    <SubCatchmentParameters>
      <KSI>0.001</KSI>
      <KGmin>0.05</KGmin>
      <RangeKG>0.1</RangeKG>
      <AG>0.1</AG>
      <PERC>5.4830803169985636</PERC>
      <Alpha>0</Alpha>
      <UZL>94.06261246611561</UZL>
      <K0>0.26983276443598958</K0>
      <K1>0.61117578153029728</K1>
      <K2>0.14999998356106792</K2>
      <MAXBAS>1.1882046973214302</MAXBAS>
      <Cet>0</Cet>
      <PCALT>10</PCALT>
      <TCALT>0.6</TCALT>
      <Pelev>0</Pelev>
      <Telev>0</Telev>
      <PART>0.5</PART>
      <DELAY>1</DELAY>
    </SubCatchmentParameters>
    <SubCatchmentVegetationZone>
      <SubCatchmentVegetationZoneParameters>
        <TT>2.4999833847395769</TT>
        <CFMAX>0.50339930450629977</CFMAX>
        <SP>0</SP>
        <SFCF>1.4999999171845821</SFCF>
        <CFR>0.035332410470519354</CFR>
        <CWH>0.10000001095975181</CWH>
        <CFGlacier>1</CFGlacier>
        <CFSlope>1</CFSlope>
        <FC>473.07723123636418</FC>
        <LP>0.72104166063385111</LP>
        <BETA>1.9958842106262247</BETA>
      </SubCatchmentVegetationZoneParameters>
    </SubCatchmentVegetationZone>
  </SubCatchment>
</Catchment>