<?xml version="1.0" encoding="utf-8"?>
<Catchment xmlns:xsi="http://www.w3.org/2001/XMLSchema-instance" xmlns:xsd="http://www.w3.org/2001/XMLSchema">
  <CatchmentParameters>
    <KSI>0.001</KSI>
    <KGmin>0.05</KGmin>
    <RangeKG>0.1</RangeKG>
    <AG>0.1</AG>
    <PERC>4.9838937491111279</PERC>
    <Alpha>0</Alpha>
    <UZL>140.966264863301</UZL>
    <K0>0.37282984615304071</K0>
    <K1>0.79523079386633355</K1>
    <K2>0.14999942153496695</K2>
    <MAXBAS>1.4012203190569978</MAXBAS>
    <Cet>0</Cet>
    <PCALT>10</PCALT>
    <TCALT>0.6</TCALT>
    <Pelev>0</Pelev>
    <Telev>0</Telev>
    <PART>0.5</PART>
    <DELAY>1</DELAY>
  </CatchmentParameters>
  <VegetationZone>
    <VegetationZoneParameters>
      <TT>2.4987488868463803</TT>
      <CFMAX>0.50066414823968031</CFMAX>
      <SP>0</SP>
      <SFCF>1.4999987466392664</SFCF>
      <CFR>0.077005868066367417</CFR>
      <CWH>0.10000223595644099</CWH>
      <CFGlacier>1</CFGlacier>
      <CFSlope>1</CFSlope>
      <FC>378.6968962865576</FC>
      <LP>0.91894618127327088</LP>
      <BETA>3.5285805071364442</BETA>
    </VegetationZoneParameters>
  </VegetationZone>
  <SubCatchment>
    <SubCatchmentParameters>
      <KSI>0.001</KSI>
      <KGmin>0.05</KGmin>
      <RangeKG>0.1</RangeKG>
      <AG>0.1</AG>
      <PERC>4.9838937491111279</PERC>
      <Alpha>0</Alpha>
      <UZL>140.966264863301</UZL>
      <K0>0.37282984615304071</K0>
      <K1>0.79523079386633355</K1>
      <K2>0.14999942153496695</K2>
      <MAXBAS>1.4012203190569978</MAXBAS>
      <Cet>0</Cet>
      <PCALT>10</PCALT>
      <TCALT>0.6</TCALT>
      <Pelev>0</Pelev>
      <Telev>0</Telev>
      <PART>0.5</PART>
      <DELAY>1</DELAY>
    </SubCatchmentParameters>
    <SubCatchmentVegetationZone>
      <SubCatchmentVegetationZoneParameters>
        <TT>2.4987488868463803</TT>
        <CFMAX>0.50066414823968031</CFMAX>
        <SP>0</SP>
        <SFCF>1.4999987466392664</SFCF>
        <CFR>0.077005868066367417</CFR>
        <CWH>0.10000223595644099</CWH>
        <CFGlacier>1</CFGlacier>
        <CFSlope>1</CFSlope>
        <FC>378.6968962865576</FC>
        <LP>0.91894618127327088</LP>
        <BETA>3.5285805071364442</BETA>
      </SubCatchmentVegetationZoneParameters>
    </SubCatchmentVegetationZone>
  </SubCatchment>
</Catchment>