<?xml version="1.0" encoding="utf-8"?>
<Catchment xmlns:xsi="http://www.w3.org/2001/XMLSchema-instance" xmlns:xsd="http://www.w3.org/2001/XMLSchema">
  <CatchmentParameters>
    <KSI>0.001</KSI>
    <KGmin>0.05</KGmin>
    <RangeKG>0.1</RangeKG>
    <AG>0.1</AG>
    <PERC>4.3406816447153647</PERC>
    <Alpha>0</Alpha>
    <UZL>155.12888925752932</UZL>
    <K0>0.16713766875719349</K0>
    <K1>0.54764249141099075</K1>
    <K2>0.073069210831104917</K2>
    <MAXBAS>1</MAXBAS>
    <Cet>0</Cet>
    <PCALT>10</PCALT>
    <TCALT>0.6</TCALT>
    <Pelev>0</Pelev>
    <Telev>0</Telev>
    <PART>0.5</PART>
    <DELAY>1</DELAY>
  </CatchmentParameters>
  <VegetationZone>
    <VegetationZoneParameters>
      <TT>2.366584476480325</TT>
      <CFMAX>0.51433375293000694</CFMAX>
      <SP>0</SP>
      <SFCF>0.98178905763996971</SFCF>
      <CFR>0.0460067837446319</CFR>
      <CWH>0.19991902259955383</CWH>
      <CFGlacier>1</CFGlacier>
      <CFSlope>1</CFSlope>
      <FC>371.90131589654163</FC>
      <LP>0.78458487819544864</LP>
      <BETA>2.3255552577612577</BETA>
    </VegetationZoneParameters>
  </VegetationZone>
  <SubCatchment>
    <SubCatchmentParameters>
      <KSI>0.001</KSI>
      <KGmin>0.05</KGmin>
      <RangeKG>0.1</RangeKG>
      <AG>0.1</AG>
      <PERC>4.3406816447153647</PERC>
      <Alpha>0</Alpha>
      <UZL>155.12888925752932</UZL>
      <K0>0.16713766875719349</K0>
      <K1>0.54764249141099075</K1>
      <K2>0.073069210831104917</K2>
      <MAXBAS>1</MAXBAS>
      <Cet>0</Cet>
      <PCALT>10</PCALT>
      <TCALT>0.6</TCALT>
      <Pelev>0</Pelev>
      <Telev>0</Telev>
      <PART>0.5</PART>
      <DELAY>1</DELAY>
    </SubCatchmentParameters>
    <SubCatchmentVegetationZone>
      <SubCatchmentVegetationZoneParameters>
        <TT>2.366584476480325</TT>
        <CFMAX>0.51433375293000694</CFMAX>
        <SP>0</SP>
        <SFCF>0.98178905763996971</SFCF>
        <CFR>0.0460067837446319</CFR>
        <CWH>0.19991902259955383</CWH>
        <CFGlacier>1</CFGlacier>
        <CFSlope>1</CFSlope>
        <FC>371.90131589654163</FC>
        <LP>0.78458487819544864</LP>
        <BETA>2.3255552577612577</BETA>
      </SubCatchmentVegetationZoneParameters>
    </SubCatchmentVegetationZone>
  </SubCatchment>
</Catchment>