<?xml version="1.0" encoding="utf-8"?>
<Catchment xmlns:xsi="http://www.w3.org/2001/XMLSchema-instance" xmlns:xsd="http://www.w3.org/2001/XMLSchema">
  <CatchmentParameters>
    <KSI>0.001</KSI>
    <KGmin>0.05</KGmin>
    <RangeKG>0.1</RangeKG>
    <AG>0.1</AG>
    <PERC>9.9982697987115383</PERC>
    <Alpha>0</Alpha>
    <UZL>140.31674320097633</UZL>
    <K0>0.47436050283331704</K0>
    <K1>0.52515481300307121</K1>
    <K2>0.10406931104508728</K2>
    <MAXBAS>1.3105001810370158</MAXBAS>
    <Cet>0</Cet>
    <PCALT>10</PCALT>
    <TCALT>0.6</TCALT>
    <Pelev>0</Pelev>
    <Telev>0</Telev>
    <PART>0.5</PART>
    <DELAY>1</DELAY>
  </CatchmentParameters>
  <VegetationZone>
    <VegetationZoneParameters>
      <TT>1.2994683744137534</TT>
      <CFMAX>4.9996028650177164</CFMAX>
      <SP>0</SP>
      <SFCF>0.50000018718707029</SFCF>
      <CFR>0.011343588298159043</CFR>
      <CWH>0.10003657257620184</CWH>
      <CFGlacier>1</CFGlacier>
      <CFSlope>1</CFSlope>
      <FC>86.67810205127077</FC>
      <LP>0.30000004362643967</LP>
      <BETA>2.455945355569412</BETA>
    </VegetationZoneParameters>
  </VegetationZone>
  <SubCatchment>
    <SubCatchmentParameters>
      <KSI>0.001</KSI>
      <KGmin>0.05</KGmin>
      <RangeKG>0.1</RangeKG>
      <AG>0.1</AG>
      <PERC>9.9982697987115383</PERC>
      <Alpha>0</Alpha>
      <UZL>140.31674320097633</UZL>
      <K0>0.47436050283331704</K0>
      <K1>0.52515481300307121</K1>
      <K2>0.10406931104508728</K2>
      <MAXBAS>1.3105001810370158</MAXBAS>
      <Cet>0</Cet>
      <PCALT>10</PCALT>
      <TCALT>0.6</TCALT>
      <Pelev>0</Pelev>
      <Telev>0</Telev>
      <PART>0.5</PART>
      <DELAY>1</DELAY>
    </SubCatchmentParameters>
    <SubCatchmentVegetationZone>
      <SubCatchmentVegetationZoneParameters>
        <TT>1.2994683744137534</TT>
        <CFMAX>4.9996028650177164</CFMAX>
        <SP>0</SP>
        <SFCF>0.50000018718707029</SFCF>
        <CFR>0.011343588298159043</CFR>
        <CWH>0.10003657257620184</CWH>
        <CFGlacier>1</CFGlacier>
        <CFSlope>1</CFSlope>
        <FC>86.67810205127077</FC>
        <LP>0.30000004362643967</LP>
        <BETA>2.455945355569412</BETA>
      </SubCatchmentVegetationZoneParameters>
    </SubCatchmentVegetationZone>
  </SubCatchment>
</Catchment>