<?xml version="1.0" encoding="utf-8"?>
<Catchment xmlns:xsi="http://www.w3.org/2001/XMLSchema-instance" xmlns:xsd="http://www.w3.org/2001/XMLSchema">
  <CatchmentParameters>
    <KSI>0.001</KSI>
    <KGmin>0.05</KGmin>
    <RangeKG>0.1</RangeKG>
    <AG>0.1</AG>
    <PERC>9.999984862837124</PERC>
    <Alpha>0</Alpha>
    <UZL>183.02519183487053</UZL>
    <K0>0.2391819557808898</K0>
    <K1>0.42227876559205052</K1>
    <K2>0.093163292241657772</K2>
    <MAXBAS>1.0350031277802045</MAXBAS>
    <Cet>0</Cet>
    <PCALT>10</PCALT>
    <TCALT>0.6</TCALT>
    <Pelev>0</Pelev>
    <Telev>0</Telev>
    <PART>0.5</PART>
    <DELAY>1</DELAY>
  </CatchmentParameters>
  <VegetationZone>
    <VegetationZoneParameters>
      <TT>-1.0261734517315768</TT>
      <CFMAX>1.2049481916110956</CFMAX>
      <SP>0</SP>
      <SFCF>0.50000031622552321</SFCF>
      <CFR>0.03400501668730279</CFR>
      <CWH>0.19992989533082739</CWH>
      <CFGlacier>1</CFGlacier>
      <CFSlope>1</CFSlope>
      <FC>79.35809957053155</FC>
      <LP>0.30000004606306524</LP>
      <BETA>2.8134420859091147</BETA>
    </VegetationZoneParameters>
  </VegetationZone>
  <SubCatchment>
    <SubCatchmentParameters>
      <KSI>0.001</KSI>
      <KGmin>0.05</KGmin>
      <RangeKG>0.1</RangeKG>
      <AG>0.1</AG>
      <PERC>9.999984862837124</PERC>
      <Alpha>0</Alpha>
      <UZL>183.02519183487053</UZL>
      <K0>0.2391819557808898</K0>
      <K1>0.42227876559205052</K1>
      <K2>0.093163292241657772</K2>
      <MAXBAS>1.0350031277802045</MAXBAS>
      <Cet>0</Cet>
      <PCALT>10</PCALT>
      <TCALT>0.6</TCALT>
      <Pelev>0</Pelev>
      <Telev>0</Telev>
      <PART>0.5</PART>
      <DELAY>1</DELAY>
    </SubCatchmentParameters>
    <SubCatchmentVegetationZone>
      <SubCatchmentVegetationZoneParameters>
        <TT>-1.0261734517315768</TT>
        <CFMAX>1.2049481916110956</CFMAX>
        <SP>0</SP>
        <SFCF>0.50000031622552321</SFCF>
        <CFR>0.03400501668730279</CFR>
        <CWH>0.19992989533082739</CWH>
        <CFGlacier>1</CFGlacier>
        <CFSlope>1</CFSlope>
        <FC>79.35809957053155</FC>
        <LP>0.30000004606306524</LP>
        <BETA>2.8134420859091147</BETA>
      </SubCatchmentVegetationZoneParameters>
    </SubCatchmentVegetationZone>
  </SubCatchment>
</Catchment>