<?xml version="1.0" encoding="utf-8"?>
<Catchment xmlns:xsi="http://www.w3.org/2001/XMLSchema-instance" xmlns:xsd="http://www.w3.org/2001/XMLSchema">
  <CatchmentParameters>
    <KSI>0.001</KSI>
    <KGmin>0.05</KGmin>
    <RangeKG>0.1</RangeKG>
    <AG>0.1</AG>
    <PERC>5.919953771335833</PERC>
    <Alpha>0</Alpha>
    <UZL>71.491518111400367</UZL>
    <K0>0.51877037672250759</K0>
    <K1>0.74013196716300567</K1>
    <K2>0.14999977921285213</K2>
    <MAXBAS>1.4214849325872312</MAXBAS>
    <Cet>0</Cet>
    <PCALT>10</PCALT>
    <TCALT>0.6</TCALT>
    <Pelev>0</Pelev>
    <Telev>0</Telev>
    <PART>0.5</PART>
    <DELAY>1</DELAY>
  </CatchmentParameters>
  <VegetationZone>
    <VegetationZoneParameters>
      <TT>2.0143411622450946</TT>
      <CFMAX>0.50665704071736717</CFMAX>
      <SP>0</SP>
      <SFCF>1.4999991037488354</SFCF>
      <CFR>0.046387535030725048</CFR>
      <CWH>0.10000022458525253</CWH>
      <CFGlacier>1</CFGlacier>
      <CFSlope>1</CFSlope>
      <FC>481.44859933465017</FC>
      <LP>0.79873140351701633</LP>
      <BETA>2.0719884464559177</BETA>
    </VegetationZoneParameters>
  </VegetationZone>
  <SubCatchment>
    <SubCatchmentParameters>
      <KSI>0.001</KSI>
      <KGmin>0.05</KGmin>
      <RangeKG>0.1</RangeKG>
      <AG>0.1</AG>
      <PERC>5.919953771335833</PERC>
      <Alpha>0</Alpha>
      <UZL>71.491518111400367</UZL>
      <K0>0.51877037672250759</K0>
      <K1>0.74013196716300567</K1>
      <K2>0.14999977921285213</K2>
      <MAXBAS>1.4214849325872312</MAXBAS>
      <Cet>0</Cet>
      <PCALT>10</PCALT>
      <TCALT>0.6</TCALT>
      <Pelev>0</Pelev>
      <Telev>0</Telev>
      <PART>0.5</PART>
      <DELAY>1</DELAY>
    </SubCatchmentParameters>
    <SubCatchmentVegetationZone>
      <SubCatchmentVegetationZoneParameters>
        <TT>2.0143411622450946</TT>
        <CFMAX>0.50665704071736717</CFMAX>
        <SP>0</SP>
        <SFCF>1.4999991037488354</SFCF>
        <CFR>0.046387535030725048</CFR>
        <CWH>0.10000022458525253</CWH>
        <CFGlacier>1</CFGlacier>
        <CFSlope>1</CFSlope>
        <FC>481.44859933465017</FC>
        <LP>0.79873140351701633</LP>
        <BETA>2.0719884464559177</BETA>
      </SubCatchmentVegetationZoneParameters>
    </SubCatchmentVegetationZone>
  </SubCatchment>
</Catchment>