<?xml version="1.0" encoding="utf-8"?>
<Catchment xmlns:xsi="http://www.w3.org/2001/XMLSchema-instance" xmlns:xsd="http://www.w3.org/2001/XMLSchema">
  <CatchmentParameters>
    <KSI>0.001</KSI>
    <KGmin>0.05</KGmin>
    <RangeKG>0.1</RangeKG>
    <AG>0.1</AG>
    <PERC>1.0517389678021907</PERC>
    <Alpha>0</Alpha>
    <UZL>7.9143537978852105</UZL>
    <K0>0.81045117818197587</K0>
    <K1>0.0100000099152256</K1>
    <K2>0.067666566021842622</K2>
    <MAXBAS>1</MAXBAS>
    <Cet>0</Cet>
    <PCALT>10</PCALT>
    <TCALT>0.6</TCALT>
    <Pelev>0</Pelev>
    <Telev>0</Telev>
    <PART>0.5</PART>
    <DELAY>1</DELAY>
  </CatchmentParameters>
  <VegetationZone>
    <VegetationZoneParameters>
      <TT>1.1479916848142719</TT>
      <CFMAX>0.50000023466968369</CFMAX>
      <SP>0</SP>
      <SFCF>0.79085888004847071</SFCF>
      <CFR>0.098992624552027689</CFR>
      <CWH>0.1999956061587122</CWH>
      <CFGlacier>1</CFGlacier>
      <CFSlope>1</CFSlope>
      <FC>1736.805526881215</FC>
      <LP>0.82732792787406717</LP>
      <BETA>2.4701925647503344</BETA>
    </VegetationZoneParameters>
  </VegetationZone>
  <SubCatchment>
    <SubCatchmentParameters>
      <KSI>0.001</KSI>
      <KGmin>0.05</KGmin>
      <RangeKG>0.1</RangeKG>
      <AG>0.1</AG>
      <PERC>1.0517389678021907</PERC>
      <Alpha>0</Alpha>
      <UZL>7.9143537978852105</UZL>
      <K0>0.81045117818197587</K0>
      <K1>0.0100000099152256</K1>
      <K2>0.067666566021842622</K2>
      <MAXBAS>1</MAXBAS>
      <Cet>0</Cet>
      <PCALT>10</PCALT>
      <TCALT>0.6</TCALT>
      <Pelev>0</Pelev>
      <Telev>0</Telev>
      <PART>0.5</PART>
      <DELAY>1</DELAY>
    </SubCatchmentParameters>
    <SubCatchmentVegetationZone>
      <SubCatchmentVegetationZoneParameters>
        <TT>1.1479916848142719</TT>
        <CFMAX>0.50000023466968369</CFMAX>
        <SP>0</SP>
        <SFCF>0.79085888004847071</SFCF>
        <CFR>0.098992624552027689</CFR>
        <CWH>0.1999956061587122</CWH>
        <CFGlacier>1</CFGlacier>
        <CFSlope>1</CFSlope>
        <FC>1736.805526881215</FC>
        <LP>0.82732792787406717</LP>
        <BETA>2.4701925647503344</BETA>
      </SubCatchmentVegetationZoneParameters>
    </SubCatchmentVegetationZone>
  </SubCatchment>
</Catchment>