<?xml version="1.0" encoding="utf-8"?>
<Catchment xmlns:xsi="http://www.w3.org/2001/XMLSchema-instance" xmlns:xsd="http://www.w3.org/2001/XMLSchema">
  <CatchmentParameters>
    <KSI>0.001</KSI>
    <KGmin>0.05</KGmin>
    <RangeKG>0.1</RangeKG>
    <AG>0.1</AG>
    <PERC>4.3944630404722211</PERC>
    <Alpha>0</Alpha>
    <UZL>122.56025302559186</UZL>
    <K0>0.2250978272242643</K0>
    <K1>0.535865519383159</K1>
    <K2>0.071192879906511325</K2>
    <MAXBAS>1</MAXBAS>
    <Cet>0</Cet>
    <PCALT>10</PCALT>
    <TCALT>0.6</TCALT>
    <Pelev>0</Pelev>
    <Telev>0</Telev>
    <PART>0.5</PART>
    <DELAY>1</DELAY>
  </CatchmentParameters>
  <VegetationZone>
    <VegetationZoneParameters>
      <TT>2.4999958532621758</TT>
      <CFMAX>0.51983765386865766</CFMAX>
      <SP>0</SP>
      <SFCF>0.944092996929441</SFCF>
      <CFR>0.099994688617564276</CFR>
      <CWH>0.1292939276039988</CWH>
      <CFGlacier>1</CFGlacier>
      <CFSlope>1</CFSlope>
      <FC>334.71005217112076</FC>
      <LP>0.78223809096914387</LP>
      <BETA>2.3568390907607828</BETA>
    </VegetationZoneParameters>
  </VegetationZone>
  <SubCatchment>
    <SubCatchmentParameters>
      <KSI>0.001</KSI>
      <KGmin>0.05</KGmin>
      <RangeKG>0.1</RangeKG>
      <AG>0.1</AG>
      <PERC>4.3944630404722211</PERC>
      <Alpha>0</Alpha>
      <UZL>122.56025302559186</UZL>
      <K0>0.2250978272242643</K0>
      <K1>0.535865519383159</K1>
      <K2>0.071192879906511325</K2>
      <MAXBAS>1</MAXBAS>
      <Cet>0</Cet>
      <PCALT>10</PCALT>
      <TCALT>0.6</TCALT>
      <Pelev>0</Pelev>
      <Telev>0</Telev>
      <PART>0.5</PART>
      <DELAY>1</DELAY>
    </SubCatchmentParameters>
    <SubCatchmentVegetationZone>
      <SubCatchmentVegetationZoneParameters>
        <TT>2.4999958532621758</TT>
        <CFMAX>0.51983765386865766</CFMAX>
        <SP>0</SP>
        <SFCF>0.944092996929441</SFCF>
        <CFR>0.099994688617564276</CFR>
        <CWH>0.1292939276039988</CWH>
        <CFGlacier>1</CFGlacier>
        <CFSlope>1</CFSlope>
        <FC>334.71005217112076</FC>
        <LP>0.78223809096914387</LP>
        <BETA>2.3568390907607828</BETA>
      </SubCatchmentVegetationZoneParameters>
    </SubCatchmentVegetationZone>
  </SubCatchment>
</Catchment>