<?xml version="1.0" encoding="utf-8"?>
<Catchment xmlns:xsi="http://www.w3.org/2001/XMLSchema-instance" xmlns:xsd="http://www.w3.org/2001/XMLSchema">
  <CatchmentParameters>
    <KSI>0.001</KSI>
    <KGmin>0.05</KGmin>
    <RangeKG>0.1</RangeKG>
    <AG>0.1</AG>
    <PERC>5.9999731807074124</PERC>
    <Alpha>0</Alpha>
    <UZL>123.97301826424642</UZL>
    <K0>0.23962619061345858</K0>
    <K1>0.38997046336446461</K1>
    <K2>0.035532174390870669</K2>
    <MAXBAS>1</MAXBAS>
    <Cet>0</Cet>
    <PCALT>10</PCALT>
    <TCALT>0.6</TCALT>
    <Pelev>0</Pelev>
    <Telev>0</Telev>
    <PART>0.5</PART>
    <DELAY>1</DELAY>
  </CatchmentParameters>
  <VegetationZone>
    <VegetationZoneParameters>
      <TT>-1.3506381147827058</TT>
      <CFMAX>4.700464362598165</CFMAX>
      <SP>0</SP>
      <SFCF>0.52119172736262365</SFCF>
      <CFR>0.019402761053132735</CFR>
      <CWH>0.19996535919586508</CWH>
      <CFGlacier>1</CFGlacier>
      <CFSlope>1</CFSlope>
      <FC>96.142811525362049</FC>
      <LP>0.37499376084146246</LP>
      <BETA>2.4984817005654549</BETA>
    </VegetationZoneParameters>
  </VegetationZone>
  <SubCatchment>
    <SubCatchmentParameters>
      <KSI>0.001</KSI>
      <KGmin>0.05</KGmin>
      <RangeKG>0.1</RangeKG>
      <AG>0.1</AG>
      <PERC>5.9999731807074124</PERC>
      <Alpha>0</Alpha>
      <UZL>123.97301826424642</UZL>
      <K0>0.23962619061345858</K0>
      <K1>0.38997046336446461</K1>
      <K2>0.035532174390870669</K2>
      <MAXBAS>1</MAXBAS>
      <Cet>0</Cet>
      <PCALT>10</PCALT>
      <TCALT>0.6</TCALT>
      <Pelev>0</Pelev>
      <Telev>0</Telev>
      <PART>0.5</PART>
      <DELAY>1</DELAY>
    </SubCatchmentParameters>
    <SubCatchmentVegetationZone>
      <SubCatchmentVegetationZoneParameters>
        <TT>-1.3506381147827058</TT>
        <CFMAX>4.700464362598165</CFMAX>
        <SP>0</SP>
        <SFCF>0.52119172736262365</SFCF>
        <CFR>0.019402761053132735</CFR>
        <CWH>0.19996535919586508</CWH>
        <CFGlacier>1</CFGlacier>
        <CFSlope>1</CFSlope>
        <FC>96.142811525362049</FC>
        <LP>0.37499376084146246</LP>
        <BETA>2.4984817005654549</BETA>
      </SubCatchmentVegetationZoneParameters>
    </SubCatchmentVegetationZone>
  </SubCatchment>
</Catchment>