<?xml version="1.0" encoding="utf-8"?>
<Catchment xmlns:xsi="http://www.w3.org/2001/XMLSchema-instance" xmlns:xsd="http://www.w3.org/2001/XMLSchema">
  <CatchmentParameters>
    <KSI>0.001</KSI>
    <KGmin>0.05</KGmin>
    <RangeKG>0.1</RangeKG>
    <AG>0.1</AG>
    <PERC>5.3111180259964543</PERC>
    <Alpha>0</Alpha>
    <UZL>147.39230173226062</UZL>
    <K0>0.18482689836427196</K0>
    <K1>0.49644969313644072</K1>
    <K2>0.065982317437698362</K2>
    <MAXBAS>1</MAXBAS>
    <Cet>0</Cet>
    <PCALT>10</PCALT>
    <TCALT>0.6</TCALT>
    <Pelev>0</Pelev>
    <Telev>0</Telev>
    <PART>0.5</PART>
    <DELAY>1</DELAY>
  </CatchmentParameters>
  <VegetationZone>
    <VegetationZoneParameters>
      <TT>1.0653861424944915</TT>
      <CFMAX>0.50514627158296721</CFMAX>
      <SP>0</SP>
      <SFCF>0.96030860860146916</SFCF>
      <CFR>0.00018785050690265092</CFR>
      <CWH>0.19999136425338057</CWH>
      <CFGlacier>1</CFGlacier>
      <CFSlope>1</CFSlope>
      <FC>243.16175275693061</FC>
      <LP>0.648653268782726</LP>
      <BETA>2.015860042392787</BETA>
    </VegetationZoneParameters>
  </VegetationZone>
  <SubCatchment>
    <SubCatchmentParameters>
      <KSI>0.001</KSI>
      <KGmin>0.05</KGmin>
      <RangeKG>0.1</RangeKG>
      <AG>0.1</AG>
      <PERC>5.3111180259964543</PERC>
      <Alpha>0</Alpha>
      <UZL>147.39230173226062</UZL>
      <K0>0.18482689836427196</K0>
      <K1>0.49644969313644072</K1>
      <K2>0.065982317437698362</K2>
      <MAXBAS>1</MAXBAS>
      <Cet>0</Cet>
      <PCALT>10</PCALT>
      <TCALT>0.6</TCALT>
      <Pelev>0</Pelev>
      <Telev>0</Telev>
      <PART>0.5</PART>
      <DELAY>1</DELAY>
    </SubCatchmentParameters>
    <SubCatchmentVegetationZone>
      <SubCatchmentVegetationZoneParameters>
        <TT>1.0653861424944915</TT>
        <CFMAX>0.50514627158296721</CFMAX>
        <SP>0</SP>
        <SFCF>0.96030860860146916</SFCF>
        <CFR>0.00018785050690265092</CFR>
        <CWH>0.19999136425338057</CWH>
        <CFGlacier>1</CFGlacier>
        <CFSlope>1</CFSlope>
        <FC>243.16175275693061</FC>
        <LP>0.648653268782726</LP>
        <BETA>2.015860042392787</BETA>
      </SubCatchmentVegetationZoneParameters>
    </SubCatchmentVegetationZone>
  </SubCatchment>
</Catchment>