<?xml version="1.0" encoding="utf-8"?>
<Catchment xmlns:xsi="http://www.w3.org/2001/XMLSchema-instance" xmlns:xsd="http://www.w3.org/2001/XMLSchema">
  <CatchmentParameters>
    <KSI>0.001</KSI>
    <KGmin>0.05</KGmin>
    <RangeKG>0.1</RangeKG>
    <AG>0.1</AG>
    <PERC>5.243283771949903</PERC>
    <Alpha>0</Alpha>
    <UZL>180.00067074796056</UZL>
    <K0>0.21238671225017552</K0>
    <K1>0.743943292490634</K1>
    <K2>0.14999992873670989</K2>
    <MAXBAS>1.3780337936195457</MAXBAS>
    <Cet>0</Cet>
    <PCALT>10</PCALT>
    <TCALT>0.6</TCALT>
    <Pelev>0</Pelev>
    <Telev>0</Telev>
    <PART>0.5</PART>
    <DELAY>1</DELAY>
  </CatchmentParameters>
  <VegetationZone>
    <VegetationZoneParameters>
      <TT>2.4149305149230686</TT>
      <CFMAX>0.51333701074691007</CFMAX>
      <SP>0</SP>
      <SFCF>1.4999982826744587</SFCF>
      <CFR>0.027208597710931526</CFR>
      <CWH>0.10000259719494795</CWH>
      <CFGlacier>1</CFGlacier>
      <CFSlope>1</CFSlope>
      <FC>427.20972359504032</FC>
      <LP>0.92248105685155057</LP>
      <BETA>3.2054896775856752</BETA>
    </VegetationZoneParameters>
  </VegetationZone>
  <SubCatchment>
    <SubCatchmentParameters>
      <KSI>0.001</KSI>
      <KGmin>0.05</KGmin>
      <RangeKG>0.1</RangeKG>
      <AG>0.1</AG>
      <PERC>5.243283771949903</PERC>
      <Alpha>0</Alpha>
      <UZL>180.00067074796056</UZL>
      <K0>0.21238671225017552</K0>
      <K1>0.743943292490634</K1>
      <K2>0.14999992873670989</K2>
      <MAXBAS>1.3780337936195457</MAXBAS>
      <Cet>0</Cet>
      <PCALT>10</PCALT>
      <TCALT>0.6</TCALT>
      <Pelev>0</Pelev>
      <Telev>0</Telev>
      <PART>0.5</PART>
      <DELAY>1</DELAY>
    </SubCatchmentParameters>
    <SubCatchmentVegetationZone>
      <SubCatchmentVegetationZoneParameters>
        <TT>2.4149305149230686</TT>
        <CFMAX>0.51333701074691007</CFMAX>
        <SP>0</SP>
        <SFCF>1.4999982826744587</SFCF>
        <CFR>0.027208597710931526</CFR>
        <CWH>0.10000259719494795</CWH>
        <CFGlacier>1</CFGlacier>
        <CFSlope>1</CFSlope>
        <FC>427.20972359504032</FC>
        <LP>0.92248105685155057</LP>
        <BETA>3.2054896775856752</BETA>
      </SubCatchmentVegetationZoneParameters>
    </SubCatchmentVegetationZone>
  </SubCatchment>
</Catchment>