<?xml version="1.0" encoding="utf-8"?>
<Catchment xmlns:xsi="http://www.w3.org/2001/XMLSchema-instance" xmlns:xsd="http://www.w3.org/2001/XMLSchema">
  <CatchmentParameters>
    <KSI>0.001</KSI>
    <KGmin>0.05</KGmin>
    <RangeKG>0.1</RangeKG>
    <AG>0.1</AG>
    <PERC>4.2723574872305923</PERC>
    <Alpha>0</Alpha>
    <UZL>67.880170221430916</UZL>
    <K0>0.491879704312248</K0>
    <K1>0.55336819046411356</K1>
    <K2>0.071215168303305112</K2>
    <MAXBAS>1</MAXBAS>
    <Cet>0</Cet>
    <PCALT>10</PCALT>
    <TCALT>0.6</TCALT>
    <Pelev>0</Pelev>
    <Telev>0</Telev>
    <PART>0.5</PART>
    <DELAY>1</DELAY>
  </CatchmentParameters>
  <VegetationZone>
    <VegetationZoneParameters>
      <TT>2.2843017050500372</TT>
      <CFMAX>0.5001376792871155</CFMAX>
      <SP>0</SP>
      <SFCF>0.95202268131491363</SFCF>
      <CFR>0.099994647279283352</CFR>
      <CWH>0.1601533826537456</CWH>
      <CFGlacier>1</CFGlacier>
      <CFSlope>1</CFSlope>
      <FC>389.97991895477764</FC>
      <LP>0.83588704668788527</LP>
      <BETA>2.5000885473130765</BETA>
    </VegetationZoneParameters>
  </VegetationZone>
  <SubCatchment>
    <SubCatchmentParameters>
      <KSI>0.001</KSI>
      <KGmin>0.05</KGmin>
      <RangeKG>0.1</RangeKG>
      <AG>0.1</AG>
      <PERC>4.2723574872305923</PERC>
      <Alpha>0</Alpha>
      <UZL>67.880170221430916</UZL>
      <K0>0.491879704312248</K0>
      <K1>0.55336819046411356</K1>
      <K2>0.071215168303305112</K2>
      <MAXBAS>1</MAXBAS>
      <Cet>0</Cet>
      <PCALT>10</PCALT>
      <TCALT>0.6</TCALT>
      <Pelev>0</Pelev>
      <Telev>0</Telev>
      <PART>0.5</PART>
      <DELAY>1</DELAY>
    </SubCatchmentParameters>
    <SubCatchmentVegetationZone>
      <SubCatchmentVegetationZoneParameters>
        <TT>2.2843017050500372</TT>
        <CFMAX>0.5001376792871155</CFMAX>
        <SP>0</SP>
        <SFCF>0.95202268131491363</SFCF>
        <CFR>0.099994647279283352</CFR>
        <CWH>0.1601533826537456</CWH>
        <CFGlacier>1</CFGlacier>
        <CFSlope>1</CFSlope>
        <FC>389.97991895477764</FC>
        <LP>0.83588704668788527</LP>
        <BETA>2.5000885473130765</BETA>
      </SubCatchmentVegetationZoneParameters>
    </SubCatchmentVegetationZone>
  </SubCatchment>
</Catchment>