<?xml version="1.0" encoding="utf-8"?>
<Catchment xmlns:xsi="http://www.w3.org/2001/XMLSchema-instance" xmlns:xsd="http://www.w3.org/2001/XMLSchema">
  <CatchmentParameters>
    <KSI>0.001</KSI>
    <KGmin>0.05</KGmin>
    <RangeKG>0.1</RangeKG>
    <AG>0.1</AG>
    <PERC>5.9433248437550068</PERC>
    <Alpha>0</Alpha>
    <UZL>97.033622328106034</UZL>
    <K0>0.073523395082911419</K0>
    <K1>0.74226407344452594</K1>
    <K2>0.149999043798951</K2>
    <MAXBAS>1.4223898426507036</MAXBAS>
    <Cet>0</Cet>
    <PCALT>10</PCALT>
    <TCALT>0.6</TCALT>
    <Pelev>0</Pelev>
    <Telev>0</Telev>
    <PART>0.5</PART>
    <DELAY>1</DELAY>
  </CatchmentParameters>
  <VegetationZone>
    <VegetationZoneParameters>
      <TT>2.4949628340044252</TT>
      <CFMAX>0.52743792068953554</CFMAX>
      <SP>0</SP>
      <SFCF>1.4989775111059343</SFCF>
      <CFR>1.4195479135942537E-07</CFR>
      <CWH>0.10001888510914346</CWH>
      <CFGlacier>1</CFGlacier>
      <CFSlope>1</CFSlope>
      <FC>454.97022791942464</FC>
      <LP>0.88479698650595</LP>
      <BETA>2.4898259551468906</BETA>
    </VegetationZoneParameters>
  </VegetationZone>
  <SubCatchment>
    <SubCatchmentParameters>
      <KSI>0.001</KSI>
      <KGmin>0.05</KGmin>
      <RangeKG>0.1</RangeKG>
      <AG>0.1</AG>
      <PERC>5.9433248437550068</PERC>
      <Alpha>0</Alpha>
      <UZL>97.033622328106034</UZL>
      <K0>0.073523395082911419</K0>
      <K1>0.74226407344452594</K1>
      <K2>0.149999043798951</K2>
      <MAXBAS>1.4223898426507036</MAXBAS>
      <Cet>0</Cet>
      <PCALT>10</PCALT>
      <TCALT>0.6</TCALT>
      <Pelev>0</Pelev>
      <Telev>0</Telev>
      <PART>0.5</PART>
      <DELAY>1</DELAY>
    </SubCatchmentParameters>
    <SubCatchmentVegetationZone>
      <SubCatchmentVegetationZoneParameters>
        <TT>2.4949628340044252</TT>
        <CFMAX>0.52743792068953554</CFMAX>
        <SP>0</SP>
        <SFCF>1.4989775111059343</SFCF>
        <CFR>1.4195479135942537E-07</CFR>
        <CWH>0.10001888510914346</CWH>
        <CFGlacier>1</CFGlacier>
        <CFSlope>1</CFSlope>
        <FC>454.97022791942464</FC>
        <LP>0.88479698650595</LP>
        <BETA>2.4898259551468906</BETA>
      </SubCatchmentVegetationZoneParameters>
    </SubCatchmentVegetationZone>
  </SubCatchment>
</Catchment>