<?xml version="1.0" encoding="utf-8"?>
<Catchment xmlns:xsi="http://www.w3.org/2001/XMLSchema-instance" xmlns:xsd="http://www.w3.org/2001/XMLSchema">
  <CatchmentParameters>
    <KSI>0.001</KSI>
    <KGmin>0.05</KGmin>
    <RangeKG>0.1</RangeKG>
    <AG>0.1</AG>
    <PERC>9.9996456402849976</PERC>
    <Alpha>0</Alpha>
    <UZL>93.839118931498859</UZL>
    <K0>0.546787616203255</K0>
    <K1>0.53319843988138282</K1>
    <K2>0.12867116023182046</K2>
    <MAXBAS>1.2574563400226286</MAXBAS>
    <Cet>0</Cet>
    <PCALT>10</PCALT>
    <TCALT>0.6</TCALT>
    <Pelev>0</Pelev>
    <Telev>0</Telev>
    <PART>0.5</PART>
    <DELAY>1</DELAY>
  </CatchmentParameters>
  <VegetationZone>
    <VegetationZoneParameters>
      <TT>1.0863309735353741</TT>
      <CFMAX>4.9999971723973955</CFMAX>
      <SP>0</SP>
      <SFCF>0.50000004053749214</SFCF>
      <CFR>0.0037431029654054573</CFR>
      <CWH>0.1000174947421216</CWH>
      <CFGlacier>1</CFGlacier>
      <CFSlope>1</CFSlope>
      <FC>97.640266340086882</FC>
      <LP>0.30000007736369949</LP>
      <BETA>2.3676230040132524</BETA>
    </VegetationZoneParameters>
  </VegetationZone>
  <SubCatchment>
    <SubCatchmentParameters>
      <KSI>0.001</KSI>
      <KGmin>0.05</KGmin>
      <RangeKG>0.1</RangeKG>
      <AG>0.1</AG>
      <PERC>9.9996456402849976</PERC>
      <Alpha>0</Alpha>
      <UZL>93.839118931498859</UZL>
      <K0>0.546787616203255</K0>
      <K1>0.53319843988138282</K1>
      <K2>0.12867116023182046</K2>
      <MAXBAS>1.2574563400226286</MAXBAS>
      <Cet>0</Cet>
      <PCALT>10</PCALT>
      <TCALT>0.6</TCALT>
      <Pelev>0</Pelev>
      <Telev>0</Telev>
      <PART>0.5</PART>
      <DELAY>1</DELAY>
    </SubCatchmentParameters>
    <SubCatchmentVegetationZone>
      <SubCatchmentVegetationZoneParameters>
        <TT>1.0863309735353741</TT>
        <CFMAX>4.9999971723973955</CFMAX>
        <SP>0</SP>
        <SFCF>0.50000004053749214</SFCF>
        <CFR>0.0037431029654054573</CFR>
        <CWH>0.1000174947421216</CWH>
        <CFGlacier>1</CFGlacier>
        <CFSlope>1</CFSlope>
        <FC>97.640266340086882</FC>
        <LP>0.30000007736369949</LP>
        <BETA>2.3676230040132524</BETA>
      </SubCatchmentVegetationZoneParameters>
    </SubCatchmentVegetationZone>
  </SubCatchment>
</Catchment>