<?xml version="1.0" encoding="utf-8"?>
<Catchment xmlns:xsi="http://www.w3.org/2001/XMLSchema-instance" xmlns:xsd="http://www.w3.org/2001/XMLSchema">
  <CatchmentParameters>
    <KSI>0.001</KSI>
    <KGmin>0.05</KGmin>
    <RangeKG>0.1</RangeKG>
    <AG>0.1</AG>
    <PERC>6.1194546964927063</PERC>
    <Alpha>0</Alpha>
    <UZL>19.408435762045478</UZL>
    <K0>0.9899993312692571</K0>
    <K1>0.48177791338908443</K1>
    <K2>0.149999992491727</K2>
    <MAXBAS>1.3377731704067102</MAXBAS>
    <Cet>0</Cet>
    <PCALT>10</PCALT>
    <TCALT>0.6</TCALT>
    <Pelev>0</Pelev>
    <Telev>0</Telev>
    <PART>0.5</PART>
    <DELAY>1</DELAY>
  </CatchmentParameters>
  <VegetationZone>
    <VegetationZoneParameters>
      <TT>1.1406846328253744</TT>
      <CFMAX>2.8509982459451289</CFMAX>
      <SP>0</SP>
      <SFCF>0.50003902321128213</SFCF>
      <CFR>0.0997576836717615</CFR>
      <CWH>0.10000636866131735</CWH>
      <CFGlacier>1</CFGlacier>
      <CFSlope>1</CFSlope>
      <FC>140.47784929889832</FC>
      <LP>0.30000000025788326</LP>
      <BETA>1.6418589322678332</BETA>
    </VegetationZoneParameters>
  </VegetationZone>
  <SubCatchment>
    <SubCatchmentParameters>
      <KSI>0.001</KSI>
      <KGmin>0.05</KGmin>
      <RangeKG>0.1</RangeKG>
      <AG>0.1</AG>
      <PERC>6.1194546964927063</PERC>
      <Alpha>0</Alpha>
      <UZL>19.408435762045478</UZL>
      <K0>0.9899993312692571</K0>
      <K1>0.48177791338908443</K1>
      <K2>0.149999992491727</K2>
      <MAXBAS>1.3377731704067102</MAXBAS>
      <Cet>0</Cet>
      <PCALT>10</PCALT>
      <TCALT>0.6</TCALT>
      <Pelev>0</Pelev>
      <Telev>0</Telev>
      <PART>0.5</PART>
      <DELAY>1</DELAY>
    </SubCatchmentParameters>
    <SubCatchmentVegetationZone>
      <SubCatchmentVegetationZoneParameters>
        <TT>1.1406846328253744</TT>
        <CFMAX>2.8509982459451289</CFMAX>
        <SP>0</SP>
        <SFCF>0.50003902321128213</SFCF>
        <CFR>0.0997576836717615</CFR>
        <CWH>0.10000636866131735</CWH>
        <CFGlacier>1</CFGlacier>
        <CFSlope>1</CFSlope>
        <FC>140.47784929889832</FC>
        <LP>0.30000000025788326</LP>
        <BETA>1.6418589322678332</BETA>
      </SubCatchmentVegetationZoneParameters>
    </SubCatchmentVegetationZone>
  </SubCatchment>
</Catchment>