<?xml version="1.0" encoding="utf-8"?>
<Catchment xmlns:xsi="http://www.w3.org/2001/XMLSchema-instance" xmlns:xsd="http://www.w3.org/2001/XMLSchema">
  <CatchmentParameters>
    <KSI>0.001</KSI>
    <KGmin>0.05</KGmin>
    <RangeKG>0.1</RangeKG>
    <AG>0.1</AG>
    <PERC>4.6242421427877289</PERC>
    <Alpha>0</Alpha>
    <UZL>101.95632814636309</UZL>
    <K0>0.5570829431796509</K0>
    <K1>0.59810338387069972</K1>
    <K2>0.082291439079179574</K2>
    <MAXBAS>1</MAXBAS>
    <Cet>0</Cet>
    <PCALT>10</PCALT>
    <TCALT>0.6</TCALT>
    <Pelev>0</Pelev>
    <Telev>0</Telev>
    <PART>0.5</PART>
    <DELAY>1</DELAY>
  </CatchmentParameters>
  <VegetationZone>
    <VegetationZoneParameters>
      <TT>1.7314654239919702</TT>
      <CFMAX>0.52562901579218613</CFMAX>
      <SP>0</SP>
      <SFCF>1.4993884022061659</SFCF>
      <CFR>0.013364276575643413</CFR>
      <CWH>0.10000016106326932</CWH>
      <CFGlacier>1</CFGlacier>
      <CFSlope>1</CFSlope>
      <FC>395.1562246444114</FC>
      <LP>0.8552538201092722</LP>
      <BETA>2.8062498080989013</BETA>
    </VegetationZoneParameters>
  </VegetationZone>
  <SubCatchment>
    <SubCatchmentParameters>
      <KSI>0.001</KSI>
      <KGmin>0.05</KGmin>
      <RangeKG>0.1</RangeKG>
      <AG>0.1</AG>
      <PERC>4.6242421427877289</PERC>
      <Alpha>0</Alpha>
      <UZL>101.95632814636309</UZL>
      <K0>0.5570829431796509</K0>
      <K1>0.59810338387069972</K1>
      <K2>0.082291439079179574</K2>
      <MAXBAS>1</MAXBAS>
      <Cet>0</Cet>
      <PCALT>10</PCALT>
      <TCALT>0.6</TCALT>
      <Pelev>0</Pelev>
      <Telev>0</Telev>
      <PART>0.5</PART>
      <DELAY>1</DELAY>
    </SubCatchmentParameters>
    <SubCatchmentVegetationZone>
      <SubCatchmentVegetationZoneParameters>
        <TT>1.7314654239919702</TT>
        <CFMAX>0.52562901579218613</CFMAX>
        <SP>0</SP>
        <SFCF>1.4993884022061659</SFCF>
        <CFR>0.013364276575643413</CFR>
        <CWH>0.10000016106326932</CWH>
        <CFGlacier>1</CFGlacier>
        <CFSlope>1</CFSlope>
        <FC>395.1562246444114</FC>
        <LP>0.8552538201092722</LP>
        <BETA>2.8062498080989013</BETA>
      </SubCatchmentVegetationZoneParameters>
    </SubCatchmentVegetationZone>
  </SubCatchment>
</Catchment>