<?xml version="1.0" encoding="utf-8"?>
<Catchment xmlns:xsi="http://www.w3.org/2001/XMLSchema-instance" xmlns:xsd="http://www.w3.org/2001/XMLSchema">
  <CatchmentParameters>
    <KSI>0.001</KSI>
    <KGmin>0.05</KGmin>
    <RangeKG>0.1</RangeKG>
    <AG>0.1</AG>
    <PERC>4.9569411380055772</PERC>
    <Alpha>0</Alpha>
    <UZL>174.42500091699</UZL>
    <K0>0.096606927189175518</K0>
    <K1>0.794942512814946</K1>
    <K2>0.1499999999158308</K2>
    <MAXBAS>1.4261894998105664</MAXBAS>
    <Cet>0</Cet>
    <PCALT>10</PCALT>
    <TCALT>0.6</TCALT>
    <Pelev>0</Pelev>
    <Telev>0</Telev>
    <PART>0.5</PART>
    <DELAY>1</DELAY>
  </CatchmentParameters>
  <VegetationZone>
    <VegetationZoneParameters>
      <TT>2.46200961299608</TT>
      <CFMAX>0.508172195832109</CFMAX>
      <SP>0</SP>
      <SFCF>1.4999981687989756</SFCF>
      <CFR>0.096906407779514536</CFR>
      <CWH>0.10000150090528834</CWH>
      <CFGlacier>1</CFGlacier>
      <CFSlope>1</CFSlope>
      <FC>424.32814180676473</FC>
      <LP>0.78880185791146518</LP>
      <BETA>2.5325380859183042</BETA>
    </VegetationZoneParameters>
  </VegetationZone>
  <SubCatchment>
    <SubCatchmentParameters>
      <KSI>0.001</KSI>
      <KGmin>0.05</KGmin>
      <RangeKG>0.1</RangeKG>
      <AG>0.1</AG>
      <PERC>4.9569411380055772</PERC>
      <Alpha>0</Alpha>
      <UZL>174.42500091699</UZL>
      <K0>0.096606927189175518</K0>
      <K1>0.794942512814946</K1>
      <K2>0.1499999999158308</K2>
      <MAXBAS>1.4261894998105664</MAXBAS>
      <Cet>0</Cet>
      <PCALT>10</PCALT>
      <TCALT>0.6</TCALT>
      <Pelev>0</Pelev>
      <Telev>0</Telev>
      <PART>0.5</PART>
      <DELAY>1</DELAY>
    </SubCatchmentParameters>
    <SubCatchmentVegetationZone>
      <SubCatchmentVegetationZoneParameters>
        <TT>2.46200961299608</TT>
        <CFMAX>0.508172195832109</CFMAX>
        <SP>0</SP>
        <SFCF>1.4999981687989756</SFCF>
        <CFR>0.096906407779514536</CFR>
        <CWH>0.10000150090528834</CWH>
        <CFGlacier>1</CFGlacier>
        <CFSlope>1</CFSlope>
        <FC>424.32814180676473</FC>
        <LP>0.78880185791146518</LP>
        <BETA>2.5325380859183042</BETA>
      </SubCatchmentVegetationZoneParameters>
    </SubCatchmentVegetationZone>
  </SubCatchment>
</Catchment>