<?xml version="1.0" encoding="utf-8"?>
<Catchment xmlns:xsi="http://www.w3.org/2001/XMLSchema-instance" xmlns:xsd="http://www.w3.org/2001/XMLSchema">
  <CatchmentParameters>
    <KSI>0.001</KSI>
    <KGmin>0.05</KGmin>
    <RangeKG>0.1</RangeKG>
    <AG>0.1</AG>
    <PERC>9.5304878756699249</PERC>
    <Alpha>0</Alpha>
    <UZL>152.7484062776436</UZL>
    <K0>0.52985133193459955</K0>
    <K1>0.5450421322173431</K1>
    <K2>0.149999997760524</K2>
    <MAXBAS>1.2113457218546613</MAXBAS>
    <Cet>0</Cet>
    <PCALT>10</PCALT>
    <TCALT>0.6</TCALT>
    <Pelev>0</Pelev>
    <Telev>0</Telev>
    <PART>0.5</PART>
    <DELAY>1</DELAY>
  </CatchmentParameters>
  <VegetationZone>
    <VegetationZoneParameters>
      <TT>0.97335941912036994</TT>
      <CFMAX>1.9619150407897803</CFMAX>
      <SP>0</SP>
      <SFCF>0.5004199027109858</SFCF>
      <CFR>0.00501235604445243</CFR>
      <CWH>0.10000000041698447</CWH>
      <CFGlacier>1</CFGlacier>
      <CFSlope>1</CFSlope>
      <FC>107.04667880202347</FC>
      <LP>0.3000634810445581</LP>
      <BETA>2.1646522088731639</BETA>
    </VegetationZoneParameters>
  </VegetationZone>
  <SubCatchment>
    <SubCatchmentParameters>
      <KSI>0.001</KSI>
      <KGmin>0.05</KGmin>
      <RangeKG>0.1</RangeKG>
      <AG>0.1</AG>
      <PERC>9.5304878756699249</PERC>
      <Alpha>0</Alpha>
      <UZL>152.7484062776436</UZL>
      <K0>0.52985133193459955</K0>
      <K1>0.5450421322173431</K1>
      <K2>0.149999997760524</K2>
      <MAXBAS>1.2113457218546613</MAXBAS>
      <Cet>0</Cet>
      <PCALT>10</PCALT>
      <TCALT>0.6</TCALT>
      <Pelev>0</Pelev>
      <Telev>0</Telev>
      <PART>0.5</PART>
      <DELAY>1</DELAY>
    </SubCatchmentParameters>
    <SubCatchmentVegetationZone>
      <SubCatchmentVegetationZoneParameters>
        <TT>0.97335941912036994</TT>
        <CFMAX>1.9619150407897803</CFMAX>
        <SP>0</SP>
        <SFCF>0.5004199027109858</SFCF>
        <CFR>0.00501235604445243</CFR>
        <CWH>0.10000000041698447</CWH>
        <CFGlacier>1</CFGlacier>
        <CFSlope>1</CFSlope>
        <FC>107.04667880202347</FC>
        <LP>0.3000634810445581</LP>
        <BETA>2.1646522088731639</BETA>
      </SubCatchmentVegetationZoneParameters>
    </SubCatchmentVegetationZone>
  </SubCatchment>
</Catchment>