<?xml version="1.0" encoding="utf-8"?>
<Catchment xmlns:xsi="http://www.w3.org/2001/XMLSchema-instance" xmlns:xsd="http://www.w3.org/2001/XMLSchema">
  <CatchmentParameters>
    <KSI>0.001</KSI>
    <KGmin>0.05</KGmin>
    <RangeKG>0.1</RangeKG>
    <AG>0.1</AG>
    <PERC>5.226415194151433</PERC>
    <Alpha>0</Alpha>
    <UZL>3.6710083630295292</UZL>
    <K0>0.98966368708674435</K0>
    <K1>0.24465451824181872</K1>
    <K2>0.067564931720122928</K2>
    <MAXBAS>1</MAXBAS>
    <Cet>0</Cet>
    <PCALT>10</PCALT>
    <TCALT>0.6</TCALT>
    <Pelev>0</Pelev>
    <Telev>0</Telev>
    <PART>0.5</PART>
    <DELAY>1</DELAY>
  </CatchmentParameters>
  <VegetationZone>
    <VegetationZoneParameters>
      <TT>-0.67919957539877984</TT>
      <CFMAX>1.2713370475481196</CFMAX>
      <SP>0</SP>
      <SFCF>1.2585927493239077</SFCF>
      <CFR>0.041994594136356547</CFR>
      <CWH>0.19931054581407018</CWH>
      <CFGlacier>1</CFGlacier>
      <CFSlope>1</CFSlope>
      <FC>1961.1384770865097</FC>
      <LP>0.8578274585385719</LP>
      <BETA>2.7228038141083664</BETA>
    </VegetationZoneParameters>
  </VegetationZone>
  <SubCatchment>
    <SubCatchmentParameters>
      <KSI>0.001</KSI>
      <KGmin>0.05</KGmin>
      <RangeKG>0.1</RangeKG>
      <AG>0.1</AG>
      <PERC>5.226415194151433</PERC>
      <Alpha>0</Alpha>
      <UZL>3.6710083630295292</UZL>
      <K0>0.98966368708674435</K0>
      <K1>0.24465451824181872</K1>
      <K2>0.067564931720122928</K2>
      <MAXBAS>1</MAXBAS>
      <Cet>0</Cet>
      <PCALT>10</PCALT>
      <TCALT>0.6</TCALT>
      <Pelev>0</Pelev>
      <Telev>0</Telev>
      <PART>0.5</PART>
      <DELAY>1</DELAY>
    </SubCatchmentParameters>
    <SubCatchmentVegetationZone>
      <SubCatchmentVegetationZoneParameters>
        <TT>-0.67919957539877984</TT>
        <CFMAX>1.2713370475481196</CFMAX>
        <SP>0</SP>
        <SFCF>1.2585927493239077</SFCF>
        <CFR>0.041994594136356547</CFR>
        <CWH>0.19931054581407018</CWH>
        <CFGlacier>1</CFGlacier>
        <CFSlope>1</CFSlope>
        <FC>1961.1384770865097</FC>
        <LP>0.8578274585385719</LP>
        <BETA>2.7228038141083664</BETA>
      </SubCatchmentVegetationZoneParameters>
    </SubCatchmentVegetationZone>
  </SubCatchment>
</Catchment>