<?xml version="1.0" encoding="utf-8"?>
<Catchment xmlns:xsi="http://www.w3.org/2001/XMLSchema-instance" xmlns:xsd="http://www.w3.org/2001/XMLSchema">
  <CatchmentParameters>
    <KSI>0.001</KSI>
    <KGmin>0.05</KGmin>
    <RangeKG>0.1</RangeKG>
    <AG>0.1</AG>
    <PERC>5.9390699535131946</PERC>
    <Alpha>0</Alpha>
    <UZL>136.7200954586975</UZL>
    <K0>0.48075620276855968</K0>
    <K1>0.72521267094548092</K1>
    <K2>0.14999998119896696</K2>
    <MAXBAS>1.3899134818589685</MAXBAS>
    <Cet>0</Cet>
    <PCALT>10</PCALT>
    <TCALT>0.6</TCALT>
    <Pelev>0</Pelev>
    <Telev>0</Telev>
    <PART>0.5</PART>
    <DELAY>1</DELAY>
  </CatchmentParameters>
  <VegetationZone>
    <VegetationZoneParameters>
      <TT>2.2331563341818867</TT>
      <CFMAX>0.50402285654417411</CFMAX>
      <SP>0</SP>
      <SFCF>1.4999988297445004</SFCF>
      <CFR>0.027011995579426375</CFR>
      <CWH>0.10000097467129768</CWH>
      <CFGlacier>1</CFGlacier>
      <CFSlope>1</CFSlope>
      <FC>466.32612966270614</FC>
      <LP>0.86319673711184863</LP>
      <BETA>2.525924266959334</BETA>
    </VegetationZoneParameters>
  </VegetationZone>
  <SubCatchment>
    <SubCatchmentParameters>
      <KSI>0.001</KSI>
      <KGmin>0.05</KGmin>
      <RangeKG>0.1</RangeKG>
      <AG>0.1</AG>
      <PERC>5.9390699535131946</PERC>
      <Alpha>0</Alpha>
      <UZL>136.7200954586975</UZL>
      <K0>0.48075620276855968</K0>
      <K1>0.72521267094548092</K1>
      <K2>0.14999998119896696</K2>
      <MAXBAS>1.3899134818589685</MAXBAS>
      <Cet>0</Cet>
      <PCALT>10</PCALT>
      <TCALT>0.6</TCALT>
      <Pelev>0</Pelev>
      <Telev>0</Telev>
      <PART>0.5</PART>
      <DELAY>1</DELAY>
    </SubCatchmentParameters>
    <SubCatchmentVegetationZone>
      <SubCatchmentVegetationZoneParameters>
        <TT>2.2331563341818867</TT>
        <CFMAX>0.50402285654417411</CFMAX>
        <SP>0</SP>
        <SFCF>1.4999988297445004</SFCF>
        <CFR>0.027011995579426375</CFR>
        <CWH>0.10000097467129768</CWH>
        <CFGlacier>1</CFGlacier>
        <CFSlope>1</CFSlope>
        <FC>466.32612966270614</FC>
        <LP>0.86319673711184863</LP>
        <BETA>2.525924266959334</BETA>
      </SubCatchmentVegetationZoneParameters>
    </SubCatchmentVegetationZone>
  </SubCatchment>
</Catchment>