<?xml version="1.0" encoding="utf-8"?>
<Catchment xmlns:xsi="http://www.w3.org/2001/XMLSchema-instance" xmlns:xsd="http://www.w3.org/2001/XMLSchema">
  <CatchmentParameters>
    <KSI>0.001</KSI>
    <KGmin>0.05</KGmin>
    <RangeKG>0.1</RangeKG>
    <AG>0.1</AG>
    <PERC>5.98214286625763</PERC>
    <Alpha>0</Alpha>
    <UZL>5.4933363128636961</UZL>
    <K0>0.2431724288737889</K0>
    <K1>0.5964612530199922</K1>
    <K2>0.14999965985836936</K2>
    <MAXBAS>1.4075221073658344</MAXBAS>
    <Cet>0</Cet>
    <PCALT>10</PCALT>
    <TCALT>0.6</TCALT>
    <Pelev>0</Pelev>
    <Telev>0</Telev>
    <PART>0.5</PART>
    <DELAY>1</DELAY>
  </CatchmentParameters>
  <VegetationZone>
    <VegetationZoneParameters>
      <TT>2.3973110772063904</TT>
      <CFMAX>0.52041636960511883</CFMAX>
      <SP>0</SP>
      <SFCF>1.4999993632784998</SFCF>
      <CFR>0.041781913303531919</CFR>
      <CWH>0.10281036584267045</CWH>
      <CFGlacier>1</CFGlacier>
      <CFSlope>1</CFSlope>
      <FC>433.282444045129</FC>
      <LP>0.986245146678228</LP>
      <BETA>3.1811530872223726</BETA>
    </VegetationZoneParameters>
  </VegetationZone>
  <SubCatchment>
    <SubCatchmentParameters>
      <KSI>0.001</KSI>
      <KGmin>0.05</KGmin>
      <RangeKG>0.1</RangeKG>
      <AG>0.1</AG>
      <PERC>5.98214286625763</PERC>
      <Alpha>0</Alpha>
      <UZL>5.4933363128636961</UZL>
      <K0>0.2431724288737889</K0>
      <K1>0.5964612530199922</K1>
      <K2>0.14999965985836936</K2>
      <MAXBAS>1.4075221073658344</MAXBAS>
      <Cet>0</Cet>
      <PCALT>10</PCALT>
      <TCALT>0.6</TCALT>
      <Pelev>0</Pelev>
      <Telev>0</Telev>
      <PART>0.5</PART>
      <DELAY>1</DELAY>
    </SubCatchmentParameters>
    <SubCatchmentVegetationZone>
      <SubCatchmentVegetationZoneParameters>
        <TT>2.3973110772063904</TT>
        <CFMAX>0.52041636960511883</CFMAX>
        <SP>0</SP>
        <SFCF>1.4999993632784998</SFCF>
        <CFR>0.041781913303531919</CFR>
        <CWH>0.10281036584267045</CWH>
        <CFGlacier>1</CFGlacier>
        <CFSlope>1</CFSlope>
        <FC>433.282444045129</FC>
        <LP>0.986245146678228</LP>
        <BETA>3.1811530872223726</BETA>
      </SubCatchmentVegetationZoneParameters>
    </SubCatchmentVegetationZone>
  </SubCatchment>
</Catchment>