<?xml version="1.0" encoding="utf-8"?>
<Catchment xmlns:xsi="http://www.w3.org/2001/XMLSchema-instance" xmlns:xsd="http://www.w3.org/2001/XMLSchema">
  <CatchmentParameters>
    <KSI>0.001</KSI>
    <KGmin>0.05</KGmin>
    <RangeKG>0.1</RangeKG>
    <AG>0.1</AG>
    <PERC>4.9780260224360005</PERC>
    <Alpha>0</Alpha>
    <UZL>178.07654360684583</UZL>
    <K0>0.37391153026740159</K0>
    <K1>0.38889754883506145</K1>
    <K2>0.0407138592259252</K2>
    <MAXBAS>1</MAXBAS>
    <Cet>0</Cet>
    <PCALT>10</PCALT>
    <TCALT>0.6</TCALT>
    <Pelev>0</Pelev>
    <Telev>0</Telev>
    <PART>0.5</PART>
    <DELAY>1</DELAY>
  </CatchmentParameters>
  <VegetationZone>
    <VegetationZoneParameters>
      <TT>-0.33650558670572889</TT>
      <CFMAX>4.929521020867198</CFMAX>
      <SP>0</SP>
      <SFCF>0.88096521581365983</SFCF>
      <CFR>0.056303043724482915</CFR>
      <CWH>0.19994891637398732</CWH>
      <CFGlacier>1</CFGlacier>
      <CFSlope>1</CFSlope>
      <FC>139.46344703066976</FC>
      <LP>0.64057926333858584</LP>
      <BETA>2.6091142807809606</BETA>
    </VegetationZoneParameters>
  </VegetationZone>
  <SubCatchment>
    <SubCatchmentParameters>
      <KSI>0.001</KSI>
      <KGmin>0.05</KGmin>
      <RangeKG>0.1</RangeKG>
      <AG>0.1</AG>
      <PERC>4.9780260224360005</PERC>
      <Alpha>0</Alpha>
      <UZL>178.07654360684583</UZL>
      <K0>0.37391153026740159</K0>
      <K1>0.38889754883506145</K1>
      <K2>0.0407138592259252</K2>
      <MAXBAS>1</MAXBAS>
      <Cet>0</Cet>
      <PCALT>10</PCALT>
      <TCALT>0.6</TCALT>
      <Pelev>0</Pelev>
      <Telev>0</Telev>
      <PART>0.5</PART>
      <DELAY>1</DELAY>
    </SubCatchmentParameters>
    <SubCatchmentVegetationZone>
      <SubCatchmentVegetationZoneParameters>
        <TT>-0.33650558670572889</TT>
        <CFMAX>4.929521020867198</CFMAX>
        <SP>0</SP>
        <SFCF>0.88096521581365983</SFCF>
        <CFR>0.056303043724482915</CFR>
        <CWH>0.19994891637398732</CWH>
        <CFGlacier>1</CFGlacier>
        <CFSlope>1</CFSlope>
        <FC>139.46344703066976</FC>
        <LP>0.64057926333858584</LP>
        <BETA>2.6091142807809606</BETA>
      </SubCatchmentVegetationZoneParameters>
    </SubCatchmentVegetationZone>
  </SubCatchment>
</Catchment>