<?xml version="1.0" encoding="utf-8"?>
<Catchment xmlns:xsi="http://www.w3.org/2001/XMLSchema-instance" xmlns:xsd="http://www.w3.org/2001/XMLSchema">
  <CatchmentParameters>
    <KSI>0.001</KSI>
    <KGmin>0.05</KGmin>
    <RangeKG>0.1</RangeKG>
    <AG>0.1</AG>
    <PERC>4.2398724155006331</PERC>
    <Alpha>0</Alpha>
    <UZL>80.29856245369443</UZL>
    <K0>0.34054179640821852</K0>
    <K1>0.57165127505975188</K1>
    <K2>0.087348527975334239</K2>
    <MAXBAS>1</MAXBAS>
    <Cet>0</Cet>
    <PCALT>10</PCALT>
    <TCALT>0.6</TCALT>
    <Pelev>0</Pelev>
    <Telev>0</Telev>
    <PART>0.5</PART>
    <DELAY>1</DELAY>
  </CatchmentParameters>
  <VegetationZone>
    <VegetationZoneParameters>
      <TT>0.88160384038757456</TT>
      <CFMAX>0.526280326221279</CFMAX>
      <SP>0</SP>
      <SFCF>1.4369600081470384</SFCF>
      <CFR>0.053414160868094487</CFR>
      <CWH>0.19999996236674433</CWH>
      <CFGlacier>1</CFGlacier>
      <CFSlope>1</CFSlope>
      <FC>442.76501538600428</FC>
      <LP>0.96208535019336872</LP>
      <BETA>3.1863534553414623</BETA>
    </VegetationZoneParameters>
  </VegetationZone>
  <SubCatchment>
    <SubCatchmentParameters>
      <KSI>0.001</KSI>
      <KGmin>0.05</KGmin>
      <RangeKG>0.1</RangeKG>
      <AG>0.1</AG>
      <PERC>4.2398724155006331</PERC>
      <Alpha>0</Alpha>
      <UZL>80.29856245369443</UZL>
      <K0>0.34054179640821852</K0>
      <K1>0.57165127505975188</K1>
      <K2>0.087348527975334239</K2>
      <MAXBAS>1</MAXBAS>
      <Cet>0</Cet>
      <PCALT>10</PCALT>
      <TCALT>0.6</TCALT>
      <Pelev>0</Pelev>
      <Telev>0</Telev>
      <PART>0.5</PART>
      <DELAY>1</DELAY>
    </SubCatchmentParameters>
    <SubCatchmentVegetationZone>
      <SubCatchmentVegetationZoneParameters>
        <TT>0.88160384038757456</TT>
        <CFMAX>0.526280326221279</CFMAX>
        <SP>0</SP>
        <SFCF>1.4369600081470384</SFCF>
        <CFR>0.053414160868094487</CFR>
        <CWH>0.19999996236674433</CWH>
        <CFGlacier>1</CFGlacier>
        <CFSlope>1</CFSlope>
        <FC>442.76501538600428</FC>
        <LP>0.96208535019336872</LP>
        <BETA>3.1863534553414623</BETA>
      </SubCatchmentVegetationZoneParameters>
    </SubCatchmentVegetationZone>
  </SubCatchment>
</Catchment>