<?xml version="1.0" encoding="utf-8"?>
<Catchment xmlns:xsi="http://www.w3.org/2001/XMLSchema-instance" xmlns:xsd="http://www.w3.org/2001/XMLSchema">
  <CatchmentParameters>
    <KSI>0.001</KSI>
    <KGmin>0.05</KGmin>
    <RangeKG>0.1</RangeKG>
    <AG>0.1</AG>
    <PERC>4.51211497509793</PERC>
    <Alpha>0</Alpha>
    <UZL>107.26917648339479</UZL>
    <K0>0.33467343304283304</K0>
    <K1>0.61589108690915917</K1>
    <K2>0.086639965723629073</K2>
    <MAXBAS>1</MAXBAS>
    <Cet>0</Cet>
    <PCALT>10</PCALT>
    <TCALT>0.6</TCALT>
    <Pelev>0</Pelev>
    <Telev>0</Telev>
    <PART>0.5</PART>
    <DELAY>1</DELAY>
  </CatchmentParameters>
  <VegetationZone>
    <VegetationZoneParameters>
      <TT>1.101614042951848</TT>
      <CFMAX>0.5089710337985156</CFMAX>
      <SP>0</SP>
      <SFCF>1.383519734470368</SFCF>
      <CFR>0.055811414552594474</CFR>
      <CWH>0.19999284470030188</CWH>
      <CFGlacier>1</CFGlacier>
      <CFSlope>1</CFSlope>
      <FC>551.445610694021</FC>
      <LP>0.775524329944543</LP>
      <BETA>2.2359617428554386</BETA>
    </VegetationZoneParameters>
  </VegetationZone>
  <SubCatchment>
    <SubCatchmentParameters>
      <KSI>0.001</KSI>
      <KGmin>0.05</KGmin>
      <RangeKG>0.1</RangeKG>
      <AG>0.1</AG>
      <PERC>4.51211497509793</PERC>
      <Alpha>0</Alpha>
      <UZL>107.26917648339479</UZL>
      <K0>0.33467343304283304</K0>
      <K1>0.61589108690915917</K1>
      <K2>0.086639965723629073</K2>
      <MAXBAS>1</MAXBAS>
      <Cet>0</Cet>
      <PCALT>10</PCALT>
      <TCALT>0.6</TCALT>
      <Pelev>0</Pelev>
      <Telev>0</Telev>
      <PART>0.5</PART>
      <DELAY>1</DELAY>
    </SubCatchmentParameters>
    <SubCatchmentVegetationZone>
      <SubCatchmentVegetationZoneParameters>
        <TT>1.101614042951848</TT>
        <CFMAX>0.5089710337985156</CFMAX>
        <SP>0</SP>
        <SFCF>1.383519734470368</SFCF>
        <CFR>0.055811414552594474</CFR>
        <CWH>0.19999284470030188</CWH>
        <CFGlacier>1</CFGlacier>
        <CFSlope>1</CFSlope>
        <FC>551.445610694021</FC>
        <LP>0.775524329944543</LP>
        <BETA>2.2359617428554386</BETA>
      </SubCatchmentVegetationZoneParameters>
    </SubCatchmentVegetationZone>
  </SubCatchment>
</Catchment>