<?xml version="1.0" encoding="utf-8"?>
<Catchment xmlns:xsi="http://www.w3.org/2001/XMLSchema-instance" xmlns:xsd="http://www.w3.org/2001/XMLSchema">
  <CatchmentParameters>
    <KSI>0.001</KSI>
    <KGmin>0.05</KGmin>
    <RangeKG>0.1</RangeKG>
    <AG>0.1</AG>
    <PERC>4.2393543120217005</PERC>
    <Alpha>0</Alpha>
    <UZL>166.02155465172666</UZL>
    <K0>0.57791716612269228</K0>
    <K1>0.57093896092797913</K1>
    <K2>0.0841514229505135</K2>
    <MAXBAS>1</MAXBAS>
    <Cet>0</Cet>
    <PCALT>10</PCALT>
    <TCALT>0.6</TCALT>
    <Pelev>0</Pelev>
    <Telev>0</Telev>
    <PART>0.5</PART>
    <DELAY>1</DELAY>
  </CatchmentParameters>
  <VegetationZone>
    <VegetationZoneParameters>
      <TT>1.147937008866994</TT>
      <CFMAX>0.50000056180738894</CFMAX>
      <SP>0</SP>
      <SFCF>1.2748462347031431</SFCF>
      <CFR>0.075851010388299847</CFR>
      <CWH>0.19999540042522698</CWH>
      <CFGlacier>1</CFGlacier>
      <CFSlope>1</CFSlope>
      <FC>477.74998483215558</FC>
      <LP>0.84475602795794957</LP>
      <BETA>2.5090766391637933</BETA>
    </VegetationZoneParameters>
  </VegetationZone>
  <SubCatchment>
    <SubCatchmentParameters>
      <KSI>0.001</KSI>
      <KGmin>0.05</KGmin>
      <RangeKG>0.1</RangeKG>
      <AG>0.1</AG>
      <PERC>4.2393543120217005</PERC>
      <Alpha>0</Alpha>
      <UZL>166.02155465172666</UZL>
      <K0>0.57791716612269228</K0>
      <K1>0.57093896092797913</K1>
      <K2>0.0841514229505135</K2>
      <MAXBAS>1</MAXBAS>
      <Cet>0</Cet>
      <PCALT>10</PCALT>
      <TCALT>0.6</TCALT>
      <Pelev>0</Pelev>
      <Telev>0</Telev>
      <PART>0.5</PART>
      <DELAY>1</DELAY>
    </SubCatchmentParameters>
    <SubCatchmentVegetationZone>
      <SubCatchmentVegetationZoneParameters>
        <TT>1.147937008866994</TT>
        <CFMAX>0.50000056180738894</CFMAX>
        <SP>0</SP>
        <SFCF>1.2748462347031431</SFCF>
        <CFR>0.075851010388299847</CFR>
        <CWH>0.19999540042522698</CWH>
        <CFGlacier>1</CFGlacier>
        <CFSlope>1</CFSlope>
        <FC>477.74998483215558</FC>
        <LP>0.84475602795794957</LP>
        <BETA>2.5090766391637933</BETA>
      </SubCatchmentVegetationZoneParameters>
    </SubCatchmentVegetationZone>
  </SubCatchment>
</Catchment>