<?xml version="1.0" encoding="utf-8"?>
<Catchment xmlns:xsi="http://www.w3.org/2001/XMLSchema-instance" xmlns:xsd="http://www.w3.org/2001/XMLSchema">
  <CatchmentParameters>
    <KSI>0.001</KSI>
    <KGmin>0.05</KGmin>
    <RangeKG>0.1</RangeKG>
    <AG>0.1</AG>
    <PERC>9.99980360297533</PERC>
    <Alpha>0</Alpha>
    <UZL>25.140852626930194</UZL>
    <K0>0.98999999948364914</K0>
    <K1>0.38284588981108081</K1>
    <K2>0.13528426350410067</K2>
    <MAXBAS>1.11309022526714</MAXBAS>
    <Cet>0</Cet>
    <PCALT>10</PCALT>
    <TCALT>0.6</TCALT>
    <Pelev>0</Pelev>
    <Telev>0</Telev>
    <PART>0.5</PART>
    <DELAY>1</DELAY>
  </CatchmentParameters>
  <VegetationZone>
    <VegetationZoneParameters>
      <TT>1.2423422950671812</TT>
      <CFMAX>3.9366377403200947</CFMAX>
      <SP>0</SP>
      <SFCF>0.50027301315985839</SFCF>
      <CFR>0.00075411251750561955</CFR>
      <CWH>0.10000558243238435</CWH>
      <CFGlacier>1</CFGlacier>
      <CFSlope>1</CFSlope>
      <FC>94.037137668103384</FC>
      <LP>0.30000000414199768</LP>
      <BETA>2.3435730658237084</BETA>
    </VegetationZoneParameters>
  </VegetationZone>
  <SubCatchment>
    <SubCatchmentParameters>
      <KSI>0.001</KSI>
      <KGmin>0.05</KGmin>
      <RangeKG>0.1</RangeKG>
      <AG>0.1</AG>
      <PERC>9.99980360297533</PERC>
      <Alpha>0</Alpha>
      <UZL>25.140852626930194</UZL>
      <K0>0.98999999948364914</K0>
      <K1>0.38284588981108081</K1>
      <K2>0.13528426350410067</K2>
      <MAXBAS>1.11309022526714</MAXBAS>
      <Cet>0</Cet>
      <PCALT>10</PCALT>
      <TCALT>0.6</TCALT>
      <Pelev>0</Pelev>
      <Telev>0</Telev>
      <PART>0.5</PART>
      <DELAY>1</DELAY>
    </SubCatchmentParameters>
    <SubCatchmentVegetationZone>
      <SubCatchmentVegetationZoneParameters>
        <TT>1.2423422950671812</TT>
        <CFMAX>3.9366377403200947</CFMAX>
        <SP>0</SP>
        <SFCF>0.50027301315985839</SFCF>
        <CFR>0.00075411251750561955</CFR>
        <CWH>0.10000558243238435</CWH>
        <CFGlacier>1</CFGlacier>
        <CFSlope>1</CFSlope>
        <FC>94.037137668103384</FC>
        <LP>0.30000000414199768</LP>
        <BETA>2.3435730658237084</BETA>
      </SubCatchmentVegetationZoneParameters>
    </SubCatchmentVegetationZone>
  </SubCatchment>
</Catchment>