<?xml version="1.0" encoding="utf-8"?>
<Catchment xmlns:xsi="http://www.w3.org/2001/XMLSchema-instance" xmlns:xsd="http://www.w3.org/2001/XMLSchema">
  <CatchmentParameters>
    <KSI>0.001</KSI>
    <KGmin>0.05</KGmin>
    <RangeKG>0.1</RangeKG>
    <AG>0.1</AG>
    <PERC>9.9999933915373447</PERC>
    <Alpha>0</Alpha>
    <UZL>132.83984374990573</UZL>
    <K0>0.44095988522810059</K0>
    <K1>0.46725509509502872</K1>
    <K2>0.092905872832197686</K2>
    <MAXBAS>1.2150245469581069</MAXBAS>
    <Cet>0</Cet>
    <PCALT>10</PCALT>
    <TCALT>0.6</TCALT>
    <Pelev>0</Pelev>
    <Telev>0</Telev>
    <PART>0.5</PART>
    <DELAY>1</DELAY>
  </CatchmentParameters>
  <VegetationZone>
    <VegetationZoneParameters>
      <TT>-1.0260230931247614</TT>
      <CFMAX>1.2050426934892224</CFMAX>
      <SP>0</SP>
      <SFCF>0.50000022132051858</SFCF>
      <CFR>0.013830867788917676</CFR>
      <CWH>0.19953425866716468</CWH>
      <CFGlacier>1</CFGlacier>
      <CFSlope>1</CFSlope>
      <FC>82.1690715668635</FC>
      <LP>0.30000001764466594</LP>
      <BETA>2.6671489603017569</BETA>
    </VegetationZoneParameters>
  </VegetationZone>
  <SubCatchment>
    <SubCatchmentParameters>
      <KSI>0.001</KSI>
      <KGmin>0.05</KGmin>
      <RangeKG>0.1</RangeKG>
      <AG>0.1</AG>
      <PERC>9.9999933915373447</PERC>
      <Alpha>0</Alpha>
      <UZL>132.83984374990573</UZL>
      <K0>0.44095988522810059</K0>
      <K1>0.46725509509502872</K1>
      <K2>0.092905872832197686</K2>
      <MAXBAS>1.2150245469581069</MAXBAS>
      <Cet>0</Cet>
      <PCALT>10</PCALT>
      <TCALT>0.6</TCALT>
      <Pelev>0</Pelev>
      <Telev>0</Telev>
      <PART>0.5</PART>
      <DELAY>1</DELAY>
    </SubCatchmentParameters>
    <SubCatchmentVegetationZone>
      <SubCatchmentVegetationZoneParameters>
        <TT>-1.0260230931247614</TT>
        <CFMAX>1.2050426934892224</CFMAX>
        <SP>0</SP>
        <SFCF>0.50000022132051858</SFCF>
        <CFR>0.013830867788917676</CFR>
        <CWH>0.19953425866716468</CWH>
        <CFGlacier>1</CFGlacier>
        <CFSlope>1</CFSlope>
        <FC>82.1690715668635</FC>
        <LP>0.30000001764466594</LP>
        <BETA>2.6671489603017569</BETA>
      </SubCatchmentVegetationZoneParameters>
    </SubCatchmentVegetationZone>
  </SubCatchment>
</Catchment>