<?xml version="1.0" encoding="utf-8"?>
<Catchment xmlns:xsi="http://www.w3.org/2001/XMLSchema-instance" xmlns:xsd="http://www.w3.org/2001/XMLSchema">
  <CatchmentParameters>
    <KSI>0.001</KSI>
    <KGmin>0.05</KGmin>
    <RangeKG>0.1</RangeKG>
    <AG>0.1</AG>
    <PERC>4.3063591646576285</PERC>
    <Alpha>0</Alpha>
    <UZL>51.1685128417841</UZL>
    <K0>0.24985520037766262</K0>
    <K1>0.57972733644817187</K1>
    <K2>0.083955245524389543</K2>
    <MAXBAS>1</MAXBAS>
    <Cet>0</Cet>
    <PCALT>10</PCALT>
    <TCALT>0.6</TCALT>
    <Pelev>0</Pelev>
    <Telev>0</Telev>
    <PART>0.5</PART>
    <DELAY>1</DELAY>
  </CatchmentParameters>
  <VegetationZone>
    <VegetationZoneParameters>
      <TT>1.1359180599383</TT>
      <CFMAX>0.500057961942735</CFMAX>
      <SP>0</SP>
      <SFCF>1.2621883333176478</SFCF>
      <CFR>0.095231649620001427</CFR>
      <CWH>0.1999946701859032</CWH>
      <CFGlacier>1</CFGlacier>
      <CFSlope>1</CFSlope>
      <FC>525.39857998487946</FC>
      <LP>0.88683200007000229</LP>
      <BETA>2.6655086282153633</BETA>
    </VegetationZoneParameters>
  </VegetationZone>
  <SubCatchment>
    <SubCatchmentParameters>
      <KSI>0.001</KSI>
      <KGmin>0.05</KGmin>
      <RangeKG>0.1</RangeKG>
      <AG>0.1</AG>
      <PERC>4.3063591646576285</PERC>
      <Alpha>0</Alpha>
      <UZL>51.1685128417841</UZL>
      <K0>0.24985520037766262</K0>
      <K1>0.57972733644817187</K1>
      <K2>0.083955245524389543</K2>
      <MAXBAS>1</MAXBAS>
      <Cet>0</Cet>
      <PCALT>10</PCALT>
      <TCALT>0.6</TCALT>
      <Pelev>0</Pelev>
      <Telev>0</Telev>
      <PART>0.5</PART>
      <DELAY>1</DELAY>
    </SubCatchmentParameters>
    <SubCatchmentVegetationZone>
      <SubCatchmentVegetationZoneParameters>
        <TT>1.1359180599383</TT>
        <CFMAX>0.500057961942735</CFMAX>
        <SP>0</SP>
        <SFCF>1.2621883333176478</SFCF>
        <CFR>0.095231649620001427</CFR>
        <CWH>0.1999946701859032</CWH>
        <CFGlacier>1</CFGlacier>
        <CFSlope>1</CFSlope>
        <FC>525.39857998487946</FC>
        <LP>0.88683200007000229</LP>
        <BETA>2.6655086282153633</BETA>
      </SubCatchmentVegetationZoneParameters>
    </SubCatchmentVegetationZone>
  </SubCatchment>
</Catchment>