<?xml version="1.0" encoding="utf-8"?>
<Catchment xmlns:xsi="http://www.w3.org/2001/XMLSchema-instance" xmlns:xsd="http://www.w3.org/2001/XMLSchema">
  <CatchmentParameters>
    <KSI>0.001</KSI>
    <KGmin>0.05</KGmin>
    <RangeKG>0.1</RangeKG>
    <AG>0.1</AG>
    <PERC>4.7710327928384437</PERC>
    <Alpha>0</Alpha>
    <UZL>144.15750450734569</UZL>
    <K0>0.52221758076685609</K0>
    <K1>0.54998067953260155</K1>
    <K2>0.077313601848331359</K2>
    <MAXBAS>1</MAXBAS>
    <Cet>0</Cet>
    <PCALT>10</PCALT>
    <TCALT>0.6</TCALT>
    <Pelev>0</Pelev>
    <Telev>0</Telev>
    <PART>0.5</PART>
    <DELAY>1</DELAY>
  </CatchmentParameters>
  <VegetationZone>
    <VegetationZoneParameters>
      <TT>1.6235737602649589</TT>
      <CFMAX>0.508844941355032</CFMAX>
      <SP>0</SP>
      <SFCF>1.1806017076584048</SFCF>
      <CFR>0.099985272432928249</CFR>
      <CWH>0.1293771681568221</CWH>
      <CFGlacier>1</CFGlacier>
      <CFSlope>1</CFSlope>
      <FC>318.76335587872137</FC>
      <LP>0.95892593750575517</LP>
      <BETA>3.4059258371236147</BETA>
    </VegetationZoneParameters>
  </VegetationZone>
  <SubCatchment>
    <SubCatchmentParameters>
      <KSI>0.001</KSI>
      <KGmin>0.05</KGmin>
      <RangeKG>0.1</RangeKG>
      <AG>0.1</AG>
      <PERC>4.7710327928384437</PERC>
      <Alpha>0</Alpha>
      <UZL>144.15750450734569</UZL>
      <K0>0.52221758076685609</K0>
      <K1>0.54998067953260155</K1>
      <K2>0.077313601848331359</K2>
      <MAXBAS>1</MAXBAS>
      <Cet>0</Cet>
      <PCALT>10</PCALT>
      <TCALT>0.6</TCALT>
      <Pelev>0</Pelev>
      <Telev>0</Telev>
      <PART>0.5</PART>
      <DELAY>1</DELAY>
    </SubCatchmentParameters>
    <SubCatchmentVegetationZone>
      <SubCatchmentVegetationZoneParameters>
        <TT>1.6235737602649589</TT>
        <CFMAX>0.508844941355032</CFMAX>
        <SP>0</SP>
        <SFCF>1.1806017076584048</SFCF>
        <CFR>0.099985272432928249</CFR>
        <CWH>0.1293771681568221</CWH>
        <CFGlacier>1</CFGlacier>
        <CFSlope>1</CFSlope>
        <FC>318.76335587872137</FC>
        <LP>0.95892593750575517</LP>
        <BETA>3.4059258371236147</BETA>
      </SubCatchmentVegetationZoneParameters>
    </SubCatchmentVegetationZone>
  </SubCatchment>
</Catchment>