<?xml version="1.0" encoding="utf-8"?>
<Catchment xmlns:xsi="http://www.w3.org/2001/XMLSchema-instance" xmlns:xsd="http://www.w3.org/2001/XMLSchema">
  <CatchmentParameters>
    <KSI>0.001</KSI>
    <KGmin>0.05</KGmin>
    <RangeKG>0.1</RangeKG>
    <AG>0.1</AG>
    <PERC>9.9999988377001969</PERC>
    <Alpha>0</Alpha>
    <UZL>163.70916987497753</UZL>
    <K0>0.28529882559552439</K0>
    <K1>0.46065094023079645</K1>
    <K2>0.10081548716613414</K2>
    <MAXBAS>1.1841108605444923</MAXBAS>
    <Cet>0</Cet>
    <PCALT>10</PCALT>
    <TCALT>0.6</TCALT>
    <Pelev>0</Pelev>
    <Telev>0</Telev>
    <PART>0.5</PART>
    <DELAY>1</DELAY>
  </CatchmentParameters>
  <VegetationZone>
    <VegetationZoneParameters>
      <TT>1.2989957457951387</TT>
      <CFMAX>4.9997126393524818</CFMAX>
      <SP>0</SP>
      <SFCF>0.5000001132611519</SFCF>
      <CFR>0.072370953516568776</CFR>
      <CWH>0.10003825967986532</CWH>
      <CFGlacier>1</CFGlacier>
      <CFSlope>1</CFSlope>
      <FC>83.125371510418788</FC>
      <LP>0.30000002686405963</LP>
      <BETA>2.5926125137759457</BETA>
    </VegetationZoneParameters>
  </VegetationZone>
  <SubCatchment>
    <SubCatchmentParameters>
      <KSI>0.001</KSI>
      <KGmin>0.05</KGmin>
      <RangeKG>0.1</RangeKG>
      <AG>0.1</AG>
      <PERC>9.9999988377001969</PERC>
      <Alpha>0</Alpha>
      <UZL>163.70916987497753</UZL>
      <K0>0.28529882559552439</K0>
      <K1>0.46065094023079645</K1>
      <K2>0.10081548716613414</K2>
      <MAXBAS>1.1841108605444923</MAXBAS>
      <Cet>0</Cet>
      <PCALT>10</PCALT>
      <TCALT>0.6</TCALT>
      <Pelev>0</Pelev>
      <Telev>0</Telev>
      <PART>0.5</PART>
      <DELAY>1</DELAY>
    </SubCatchmentParameters>
    <SubCatchmentVegetationZone>
      <SubCatchmentVegetationZoneParameters>
        <TT>1.2989957457951387</TT>
        <CFMAX>4.9997126393524818</CFMAX>
        <SP>0</SP>
        <SFCF>0.5000001132611519</SFCF>
        <CFR>0.072370953516568776</CFR>
        <CWH>0.10003825967986532</CWH>
        <CFGlacier>1</CFGlacier>
        <CFSlope>1</CFSlope>
        <FC>83.125371510418788</FC>
        <LP>0.30000002686405963</LP>
        <BETA>2.5926125137759457</BETA>
      </SubCatchmentVegetationZoneParameters>
    </SubCatchmentVegetationZone>
  </SubCatchment>
</Catchment>