<?xml version="1.0" encoding="utf-8"?>
<Catchment xmlns:xsi="http://www.w3.org/2001/XMLSchema-instance" xmlns:xsd="http://www.w3.org/2001/XMLSchema">
  <CatchmentParameters>
    <KSI>0.001</KSI>
    <KGmin>0.05</KGmin>
    <RangeKG>0.1</RangeKG>
    <AG>0.1</AG>
    <PERC>9.9999899261664016</PERC>
    <Alpha>0</Alpha>
    <UZL>24.468305396840851</UZL>
    <K0>0.98999797387335042</K0>
    <K1>0.48253286150330532</K1>
    <K2>0.12357101699060122</K2>
    <MAXBAS>1.3593569039407885</MAXBAS>
    <Cet>0</Cet>
    <PCALT>10</PCALT>
    <TCALT>0.6</TCALT>
    <Pelev>0</Pelev>
    <Telev>0</Telev>
    <PART>0.5</PART>
    <DELAY>1</DELAY>
  </CatchmentParameters>
  <VegetationZone>
    <VegetationZoneParameters>
      <TT>1.2990205560570451</TT>
      <CFMAX>4.9996305984686842</CFMAX>
      <SP>0</SP>
      <SFCF>0.50000055331823</SFCF>
      <CFR>0.040459199199984391</CFR>
      <CWH>0.10007647896435729</CWH>
      <CFGlacier>1</CFGlacier>
      <CFSlope>1</CFSlope>
      <FC>96.886097842696685</FC>
      <LP>0.30000001523807096</LP>
      <BETA>2.3117395128052864</BETA>
    </VegetationZoneParameters>
  </VegetationZone>
  <SubCatchment>
    <SubCatchmentParameters>
      <KSI>0.001</KSI>
      <KGmin>0.05</KGmin>
      <RangeKG>0.1</RangeKG>
      <AG>0.1</AG>
      <PERC>9.9999899261664016</PERC>
      <Alpha>0</Alpha>
      <UZL>24.468305396840851</UZL>
      <K0>0.98999797387335042</K0>
      <K1>0.48253286150330532</K1>
      <K2>0.12357101699060122</K2>
      <MAXBAS>1.3593569039407885</MAXBAS>
      <Cet>0</Cet>
      <PCALT>10</PCALT>
      <TCALT>0.6</TCALT>
      <Pelev>0</Pelev>
      <Telev>0</Telev>
      <PART>0.5</PART>
      <DELAY>1</DELAY>
    </SubCatchmentParameters>
    <SubCatchmentVegetationZone>
      <SubCatchmentVegetationZoneParameters>
        <TT>1.2990205560570451</TT>
        <CFMAX>4.9996305984686842</CFMAX>
        <SP>0</SP>
        <SFCF>0.50000055331823</SFCF>
        <CFR>0.040459199199984391</CFR>
        <CWH>0.10007647896435729</CWH>
        <CFGlacier>1</CFGlacier>
        <CFSlope>1</CFSlope>
        <FC>96.886097842696685</FC>
        <LP>0.30000001523807096</LP>
        <BETA>2.3117395128052864</BETA>
      </SubCatchmentVegetationZoneParameters>
    </SubCatchmentVegetationZone>
  </SubCatchment>
</Catchment>