<?xml version="1.0" encoding="utf-8"?>
<Catchment xmlns:xsi="http://www.w3.org/2001/XMLSchema-instance" xmlns:xsd="http://www.w3.org/2001/XMLSchema">
  <CatchmentParameters>
    <KSI>0.001</KSI>
    <KGmin>0.05</KGmin>
    <RangeKG>0.1</RangeKG>
    <AG>0.1</AG>
    <PERC>1.1617893754521784</PERC>
    <Alpha>0</Alpha>
    <UZL>32.660763435258929</UZL>
    <K0>0.760077904259371</K0>
    <K1>0.107534860351047</K1>
    <K2>0.020000006665855826</K2>
    <MAXBAS>1.1225036352756663</MAXBAS>
    <Cet>0</Cet>
    <PCALT>10</PCALT>
    <TCALT>0.6</TCALT>
    <Pelev>0</Pelev>
    <Telev>0</Telev>
    <PART>0.5</PART>
    <DELAY>1</DELAY>
  </CatchmentParameters>
  <VegetationZone>
    <VegetationZoneParameters>
      <TT>0.71227375719018837</TT>
      <CFMAX>3.1275401790350017</CFMAX>
      <SP>0</SP>
      <SFCF>0.50000012797407589</SFCF>
      <CFR>0.059351397397884489</CFR>
      <CWH>0.10001171331617977</CWH>
      <CFGlacier>1</CFGlacier>
      <CFSlope>1</CFSlope>
      <FC>82.907212009585891</FC>
      <LP>0.47148955202825449</LP>
      <BETA>2.7267963235241579</BETA>
    </VegetationZoneParameters>
  </VegetationZone>
  <SubCatchment>
    <SubCatchmentParameters>
      <KSI>0.001</KSI>
      <KGmin>0.05</KGmin>
      <RangeKG>0.1</RangeKG>
      <AG>0.1</AG>
      <PERC>1.1617893754521784</PERC>
      <Alpha>0</Alpha>
      <UZL>32.660763435258929</UZL>
      <K0>0.760077904259371</K0>
      <K1>0.107534860351047</K1>
      <K2>0.020000006665855826</K2>
      <MAXBAS>1.1225036352756663</MAXBAS>
      <Cet>0</Cet>
      <PCALT>10</PCALT>
      <TCALT>0.6</TCALT>
      <Pelev>0</Pelev>
      <Telev>0</Telev>
      <PART>0.5</PART>
      <DELAY>1</DELAY>
    </SubCatchmentParameters>
    <SubCatchmentVegetationZone>
      <SubCatchmentVegetationZoneParameters>
        <TT>0.71227375719018837</TT>
        <CFMAX>3.1275401790350017</CFMAX>
        <SP>0</SP>
        <SFCF>0.50000012797407589</SFCF>
        <CFR>0.059351397397884489</CFR>
        <CWH>0.10001171331617977</CWH>
        <CFGlacier>1</CFGlacier>
        <CFSlope>1</CFSlope>
        <FC>82.907212009585891</FC>
        <LP>0.47148955202825449</LP>
        <BETA>2.7267963235241579</BETA>
      </SubCatchmentVegetationZoneParameters>
    </SubCatchmentVegetationZone>
  </SubCatchment>
</Catchment>