<?xml version="1.0" encoding="utf-8"?>
<Catchment xmlns:xsi="http://www.w3.org/2001/XMLSchema-instance" xmlns:xsd="http://www.w3.org/2001/XMLSchema">
  <CatchmentParameters>
    <KSI>0.001</KSI>
    <KGmin>0.05</KGmin>
    <RangeKG>0.1</RangeKG>
    <AG>0.1</AG>
    <PERC>4.5244516257830174</PERC>
    <Alpha>0</Alpha>
    <UZL>143.14350851953964</UZL>
    <K0>0.65425943459464153</K0>
    <K1>0.566852777886209</K1>
    <K2>0.079649257587796868</K2>
    <MAXBAS>1</MAXBAS>
    <Cet>0</Cet>
    <PCALT>10</PCALT>
    <TCALT>0.6</TCALT>
    <Pelev>0</Pelev>
    <Telev>0</Telev>
    <PART>0.5</PART>
    <DELAY>1</DELAY>
  </CatchmentParameters>
  <VegetationZone>
    <VegetationZoneParameters>
      <TT>1.8252373237623778</TT>
      <CFMAX>0.58213217267312989</CFMAX>
      <SP>0</SP>
      <SFCF>1.3288059373558794</SFCF>
      <CFR>0.03848232161147179</CFR>
      <CWH>0.12504280991351258</CWH>
      <CFGlacier>1</CFGlacier>
      <CFSlope>1</CFSlope>
      <FC>352.28082699283709</FC>
      <LP>0.93366760289586526</LP>
      <BETA>3.2234928218378536</BETA>
    </VegetationZoneParameters>
  </VegetationZone>
  <SubCatchment>
    <SubCatchmentParameters>
      <KSI>0.001</KSI>
      <KGmin>0.05</KGmin>
      <RangeKG>0.1</RangeKG>
      <AG>0.1</AG>
      <PERC>4.5244516257830174</PERC>
      <Alpha>0</Alpha>
      <UZL>143.14350851953964</UZL>
      <K0>0.65425943459464153</K0>
      <K1>0.566852777886209</K1>
      <K2>0.079649257587796868</K2>
      <MAXBAS>1</MAXBAS>
      <Cet>0</Cet>
      <PCALT>10</PCALT>
      <TCALT>0.6</TCALT>
      <Pelev>0</Pelev>
      <Telev>0</Telev>
      <PART>0.5</PART>
      <DELAY>1</DELAY>
    </SubCatchmentParameters>
    <SubCatchmentVegetationZone>
      <SubCatchmentVegetationZoneParameters>
        <TT>1.8252373237623778</TT>
        <CFMAX>0.58213217267312989</CFMAX>
        <SP>0</SP>
        <SFCF>1.3288059373558794</SFCF>
        <CFR>0.03848232161147179</CFR>
        <CWH>0.12504280991351258</CWH>
        <CFGlacier>1</CFGlacier>
        <CFSlope>1</CFSlope>
        <FC>352.28082699283709</FC>
        <LP>0.93366760289586526</LP>
        <BETA>3.2234928218378536</BETA>
      </SubCatchmentVegetationZoneParameters>
    </SubCatchmentVegetationZone>
  </SubCatchment>
</Catchment>