<?xml version="1.0" encoding="utf-8"?>
<Catchment xmlns:xsi="http://www.w3.org/2001/XMLSchema-instance" xmlns:xsd="http://www.w3.org/2001/XMLSchema">
  <CatchmentParameters>
    <KSI>0.001</KSI>
    <KGmin>0.05</KGmin>
    <RangeKG>0.1</RangeKG>
    <AG>0.1</AG>
    <PERC>8.9253389994747145</PERC>
    <Alpha>0</Alpha>
    <UZL>113.77758104225362</UZL>
    <K0>0.24207524363511235</K0>
    <K1>0.60384463841116487</K1>
    <K2>0.1423243910780134</K2>
    <MAXBAS>1.3549458452512022</MAXBAS>
    <Cet>0</Cet>
    <PCALT>10</PCALT>
    <TCALT>0.6</TCALT>
    <Pelev>0</Pelev>
    <Telev>0</Telev>
    <PART>0.5</PART>
    <DELAY>1</DELAY>
  </CatchmentParameters>
  <VegetationZone>
    <VegetationZoneParameters>
      <TT>-1.6191478685841219</TT>
      <CFMAX>4.6718244365512156</CFMAX>
      <SP>0</SP>
      <SFCF>0.500000328495586</SFCF>
      <CFR>0.032611153581016059</CFR>
      <CWH>0.12262742391283972</CWH>
      <CFGlacier>1</CFGlacier>
      <CFSlope>1</CFSlope>
      <FC>109.0190299489654</FC>
      <LP>0.30000001855991237</LP>
      <BETA>2.1041494574541573</BETA>
    </VegetationZoneParameters>
  </VegetationZone>
  <SubCatchment>
    <SubCatchmentParameters>
      <KSI>0.001</KSI>
      <KGmin>0.05</KGmin>
      <RangeKG>0.1</RangeKG>
      <AG>0.1</AG>
      <PERC>8.9253389994747145</PERC>
      <Alpha>0</Alpha>
      <UZL>113.77758104225362</UZL>
      <K0>0.24207524363511235</K0>
      <K1>0.60384463841116487</K1>
      <K2>0.1423243910780134</K2>
      <MAXBAS>1.3549458452512022</MAXBAS>
      <Cet>0</Cet>
      <PCALT>10</PCALT>
      <TCALT>0.6</TCALT>
      <Pelev>0</Pelev>
      <Telev>0</Telev>
      <PART>0.5</PART>
      <DELAY>1</DELAY>
    </SubCatchmentParameters>
    <SubCatchmentVegetationZone>
      <SubCatchmentVegetationZoneParameters>
        <TT>-1.6191478685841219</TT>
        <CFMAX>4.6718244365512156</CFMAX>
        <SP>0</SP>
        <SFCF>0.500000328495586</SFCF>
        <CFR>0.032611153581016059</CFR>
        <CWH>0.12262742391283972</CWH>
        <CFGlacier>1</CFGlacier>
        <CFSlope>1</CFSlope>
        <FC>109.0190299489654</FC>
        <LP>0.30000001855991237</LP>
        <BETA>2.1041494574541573</BETA>
      </SubCatchmentVegetationZoneParameters>
    </SubCatchmentVegetationZone>
  </SubCatchment>
</Catchment>