<?xml version="1.0" encoding="utf-8"?>
<Catchment xmlns:xsi="http://www.w3.org/2001/XMLSchema-instance" xmlns:xsd="http://www.w3.org/2001/XMLSchema">
  <CatchmentParameters>
    <KSI>0.001</KSI>
    <KGmin>0.05</KGmin>
    <RangeKG>0.1</RangeKG>
    <AG>0.1</AG>
    <PERC>4.2526870593949271</PERC>
    <Alpha>0</Alpha>
    <UZL>97.217409223514977</UZL>
    <K0>0.4629574371349352</K0>
    <K1>0.57596412269960451</K1>
    <K2>0.089141125683154673</K2>
    <MAXBAS>1</MAXBAS>
    <Cet>0</Cet>
    <PCALT>10</PCALT>
    <TCALT>0.6</TCALT>
    <Pelev>0</Pelev>
    <Telev>0</Telev>
    <PART>0.5</PART>
    <DELAY>1</DELAY>
  </CatchmentParameters>
  <VegetationZone>
    <VegetationZoneParameters>
      <TT>0.8320752648348344</TT>
      <CFMAX>0.53858384556045047</CFMAX>
      <SP>0</SP>
      <SFCF>1.4938269205996173</SFCF>
      <CFR>0.0496236551835802</CFR>
      <CWH>0.19999083823166791</CWH>
      <CFGlacier>1</CFGlacier>
      <CFSlope>1</CFSlope>
      <FC>456.81998451875359</FC>
      <LP>0.98137726150994009</LP>
      <BETA>3.3176961522125574</BETA>
    </VegetationZoneParameters>
  </VegetationZone>
  <SubCatchment>
    <SubCatchmentParameters>
      <KSI>0.001</KSI>
      <KGmin>0.05</KGmin>
      <RangeKG>0.1</RangeKG>
      <AG>0.1</AG>
      <PERC>4.2526870593949271</PERC>
      <Alpha>0</Alpha>
      <UZL>97.217409223514977</UZL>
      <K0>0.4629574371349352</K0>
      <K1>0.57596412269960451</K1>
      <K2>0.089141125683154673</K2>
      <MAXBAS>1</MAXBAS>
      <Cet>0</Cet>
      <PCALT>10</PCALT>
      <TCALT>0.6</TCALT>
      <Pelev>0</Pelev>
      <Telev>0</Telev>
      <PART>0.5</PART>
      <DELAY>1</DELAY>
    </SubCatchmentParameters>
    <SubCatchmentVegetationZone>
      <SubCatchmentVegetationZoneParameters>
        <TT>0.8320752648348344</TT>
        <CFMAX>0.53858384556045047</CFMAX>
        <SP>0</SP>
        <SFCF>1.4938269205996173</SFCF>
        <CFR>0.0496236551835802</CFR>
        <CWH>0.19999083823166791</CWH>
        <CFGlacier>1</CFGlacier>
        <CFSlope>1</CFSlope>
        <FC>456.81998451875359</FC>
        <LP>0.98137726150994009</LP>
        <BETA>3.3176961522125574</BETA>
      </SubCatchmentVegetationZoneParameters>
    </SubCatchmentVegetationZone>
  </SubCatchment>
</Catchment>