<?xml version="1.0" encoding="utf-8"?>
<Catchment xmlns:xsi="http://www.w3.org/2001/XMLSchema-instance" xmlns:xsd="http://www.w3.org/2001/XMLSchema">
  <CatchmentParameters>
    <KSI>0.001</KSI>
    <KGmin>0.05</KGmin>
    <RangeKG>0.1</RangeKG>
    <AG>0.1</AG>
    <PERC>5.2675471603025343</PERC>
    <Alpha>0</Alpha>
    <UZL>175.87258302210515</UZL>
    <K0>0.505460199296717</K0>
    <K1>0.752732896879406</K1>
    <K2>0.1499999999088672</K2>
    <MAXBAS>1.4012491712422079</MAXBAS>
    <Cet>0</Cet>
    <PCALT>10</PCALT>
    <TCALT>0.6</TCALT>
    <Pelev>0</Pelev>
    <Telev>0</Telev>
    <PART>0.5</PART>
    <DELAY>1</DELAY>
  </CatchmentParameters>
  <VegetationZone>
    <VegetationZoneParameters>
      <TT>2.4994877080434277</TT>
      <CFMAX>0.5006143909429529</CFMAX>
      <SP>0</SP>
      <SFCF>1.4999992583092465</SFCF>
      <CFR>0.030960218444483659</CFR>
      <CWH>0.10000065173632189</CWH>
      <CFGlacier>1</CFGlacier>
      <CFSlope>1</CFSlope>
      <FC>433.70146549687729</FC>
      <LP>0.8411160607487641</LP>
      <BETA>2.6692701475700855</BETA>
    </VegetationZoneParameters>
  </VegetationZone>
  <SubCatchment>
    <SubCatchmentParameters>
      <KSI>0.001</KSI>
      <KGmin>0.05</KGmin>
      <RangeKG>0.1</RangeKG>
      <AG>0.1</AG>
      <PERC>5.2675471603025343</PERC>
      <Alpha>0</Alpha>
      <UZL>175.87258302210515</UZL>
      <K0>0.505460199296717</K0>
      <K1>0.752732896879406</K1>
      <K2>0.1499999999088672</K2>
      <MAXBAS>1.4012491712422079</MAXBAS>
      <Cet>0</Cet>
      <PCALT>10</PCALT>
      <TCALT>0.6</TCALT>
      <Pelev>0</Pelev>
      <Telev>0</Telev>
      <PART>0.5</PART>
      <DELAY>1</DELAY>
    </SubCatchmentParameters>
    <SubCatchmentVegetationZone>
      <SubCatchmentVegetationZoneParameters>
        <TT>2.4994877080434277</TT>
        <CFMAX>0.5006143909429529</CFMAX>
        <SP>0</SP>
        <SFCF>1.4999992583092465</SFCF>
        <CFR>0.030960218444483659</CFR>
        <CWH>0.10000065173632189</CWH>
        <CFGlacier>1</CFGlacier>
        <CFSlope>1</CFSlope>
        <FC>433.70146549687729</FC>
        <LP>0.8411160607487641</LP>
        <BETA>2.6692701475700855</BETA>
      </SubCatchmentVegetationZoneParameters>
    </SubCatchmentVegetationZone>
  </SubCatchment>
</Catchment>