<?xml version="1.0" encoding="utf-8"?>
<Catchment xmlns:xsi="http://www.w3.org/2001/XMLSchema-instance" xmlns:xsd="http://www.w3.org/2001/XMLSchema">
  <CatchmentParameters>
    <KSI>0.001</KSI>
    <KGmin>0.05</KGmin>
    <RangeKG>0.1</RangeKG>
    <AG>0.1</AG>
    <PERC>5.9999906571972</PERC>
    <Alpha>0</Alpha>
    <UZL>81.030828622882808</UZL>
    <K0>0.272071871934291</K0>
    <K1>0.30608206527810272</K1>
    <K2>0.028106488010221184</K2>
    <MAXBAS>1</MAXBAS>
    <Cet>0</Cet>
    <PCALT>10</PCALT>
    <TCALT>0.6</TCALT>
    <Pelev>0</Pelev>
    <Telev>0</Telev>
    <PART>0.5</PART>
    <DELAY>1</DELAY>
  </CatchmentParameters>
  <VegetationZone>
    <VegetationZoneParameters>
      <TT>0.899971834605785</TT>
      <CFMAX>4.999753816177086</CFMAX>
      <SP>0</SP>
      <SFCF>0.50000077943611565</SFCF>
      <CFR>0.081949565448069944</CFR>
      <CWH>0.10000917064132868</CWH>
      <CFGlacier>1</CFGlacier>
      <CFSlope>1</CFSlope>
      <FC>79.330148146136779</FC>
      <LP>0.45459918336108335</LP>
      <BETA>4.4635669686014445</BETA>
    </VegetationZoneParameters>
  </VegetationZone>
  <SubCatchment>
    <SubCatchmentParameters>
      <KSI>0.001</KSI>
      <KGmin>0.05</KGmin>
      <RangeKG>0.1</RangeKG>
      <AG>0.1</AG>
      <PERC>5.9999906571972</PERC>
      <Alpha>0</Alpha>
      <UZL>81.030828622882808</UZL>
      <K0>0.272071871934291</K0>
      <K1>0.30608206527810272</K1>
      <K2>0.028106488010221184</K2>
      <MAXBAS>1</MAXBAS>
      <Cet>0</Cet>
      <PCALT>10</PCALT>
      <TCALT>0.6</TCALT>
      <Pelev>0</Pelev>
      <Telev>0</Telev>
      <PART>0.5</PART>
      <DELAY>1</DELAY>
    </SubCatchmentParameters>
    <SubCatchmentVegetationZone>
      <SubCatchmentVegetationZoneParameters>
        <TT>0.899971834605785</TT>
        <CFMAX>4.999753816177086</CFMAX>
        <SP>0</SP>
        <SFCF>0.50000077943611565</SFCF>
        <CFR>0.081949565448069944</CFR>
        <CWH>0.10000917064132868</CWH>
        <CFGlacier>1</CFGlacier>
        <CFSlope>1</CFSlope>
        <FC>79.330148146136779</FC>
        <LP>0.45459918336108335</LP>
        <BETA>4.4635669686014445</BETA>
      </SubCatchmentVegetationZoneParameters>
    </SubCatchmentVegetationZone>
  </SubCatchment>
</Catchment>