<?xml version="1.0" encoding="utf-8"?>
<Catchment xmlns:xsi="http://www.w3.org/2001/XMLSchema-instance" xmlns:xsd="http://www.w3.org/2001/XMLSchema">
  <CatchmentParameters>
    <KSI>0.001</KSI>
    <KGmin>0.05</KGmin>
    <RangeKG>0.1</RangeKG>
    <AG>0.1</AG>
    <PERC>4.5865436774180042</PERC>
    <Alpha>0</Alpha>
    <UZL>42.247638684942849</UZL>
    <K0>0.15649873012117083</K0>
    <K1>0.52833348492531684</K1>
    <K2>0.070536070414136329</K2>
    <MAXBAS>1</MAXBAS>
    <Cet>0</Cet>
    <PCALT>10</PCALT>
    <TCALT>0.6</TCALT>
    <Pelev>0</Pelev>
    <Telev>0</Telev>
    <PART>0.5</PART>
    <DELAY>1</DELAY>
  </CatchmentParameters>
  <VegetationZone>
    <VegetationZoneParameters>
      <TT>2.1406062258569838</TT>
      <CFMAX>0.5000363595363374</CFMAX>
      <SP>0</SP>
      <SFCF>1.0160567167684931</SFCF>
      <CFR>0.099997797862035567</CFR>
      <CWH>0.10002648791184453</CWH>
      <CFGlacier>1</CFGlacier>
      <CFSlope>1</CFSlope>
      <FC>291.54792943022409</FC>
      <LP>0.77953764821616833</LP>
      <BETA>2.4623348078279683</BETA>
    </VegetationZoneParameters>
  </VegetationZone>
  <SubCatchment>
    <SubCatchmentParameters>
      <KSI>0.001</KSI>
      <KGmin>0.05</KGmin>
      <RangeKG>0.1</RangeKG>
      <AG>0.1</AG>
      <PERC>4.5865436774180042</PERC>
      <Alpha>0</Alpha>
      <UZL>42.247638684942849</UZL>
      <K0>0.15649873012117083</K0>
      <K1>0.52833348492531684</K1>
      <K2>0.070536070414136329</K2>
      <MAXBAS>1</MAXBAS>
      <Cet>0</Cet>
      <PCALT>10</PCALT>
      <TCALT>0.6</TCALT>
      <Pelev>0</Pelev>
      <Telev>0</Telev>
      <PART>0.5</PART>
      <DELAY>1</DELAY>
    </SubCatchmentParameters>
    <SubCatchmentVegetationZone>
      <SubCatchmentVegetationZoneParameters>
        <TT>2.1406062258569838</TT>
        <CFMAX>0.5000363595363374</CFMAX>
        <SP>0</SP>
        <SFCF>1.0160567167684931</SFCF>
        <CFR>0.099997797862035567</CFR>
        <CWH>0.10002648791184453</CWH>
        <CFGlacier>1</CFGlacier>
        <CFSlope>1</CFSlope>
        <FC>291.54792943022409</FC>
        <LP>0.77953764821616833</LP>
        <BETA>2.4623348078279683</BETA>
      </SubCatchmentVegetationZoneParameters>
    </SubCatchmentVegetationZone>
  </SubCatchment>
</Catchment>