<?xml version="1.0" encoding="utf-8"?>
<Catchment xmlns:xsi="http://www.w3.org/2001/XMLSchema-instance" xmlns:xsd="http://www.w3.org/2001/XMLSchema">
  <CatchmentParameters>
    <KSI>0.001</KSI>
    <KGmin>0.05</KGmin>
    <RangeKG>0.1</RangeKG>
    <AG>0.1</AG>
    <PERC>9.9999336679980733</PERC>
    <Alpha>0</Alpha>
    <UZL>80.520888135876248</UZL>
    <K0>0.35700304064519167</K0>
    <K1>0.604769888028008</K1>
    <K2>0.14999861768674749</K2>
    <MAXBAS>1.3274603507036658</MAXBAS>
    <Cet>0</Cet>
    <PCALT>10</PCALT>
    <TCALT>0.6</TCALT>
    <Pelev>0</Pelev>
    <Telev>0</Telev>
    <PART>0.5</PART>
    <DELAY>1</DELAY>
  </CatchmentParameters>
  <VegetationZone>
    <VegetationZoneParameters>
      <TT>0.4544923029107063</TT>
      <CFMAX>4.99778188649779</CFMAX>
      <SP>0</SP>
      <SFCF>0.50000004702278356</SFCF>
      <CFR>0.083132798269333272</CFR>
      <CWH>0.10000000053884837</CWH>
      <CFGlacier>1</CFGlacier>
      <CFSlope>1</CFSlope>
      <FC>110.38390038033705</FC>
      <LP>0.30000001004563753</LP>
      <BETA>2.0175849920496369</BETA>
    </VegetationZoneParameters>
  </VegetationZone>
  <SubCatchment>
    <SubCatchmentParameters>
      <KSI>0.001</KSI>
      <KGmin>0.05</KGmin>
      <RangeKG>0.1</RangeKG>
      <AG>0.1</AG>
      <PERC>9.9999336679980733</PERC>
      <Alpha>0</Alpha>
      <UZL>80.520888135876248</UZL>
      <K0>0.35700304064519167</K0>
      <K1>0.604769888028008</K1>
      <K2>0.14999861768674749</K2>
      <MAXBAS>1.3274603507036658</MAXBAS>
      <Cet>0</Cet>
      <PCALT>10</PCALT>
      <TCALT>0.6</TCALT>
      <Pelev>0</Pelev>
      <Telev>0</Telev>
      <PART>0.5</PART>
      <DELAY>1</DELAY>
    </SubCatchmentParameters>
    <SubCatchmentVegetationZone>
      <SubCatchmentVegetationZoneParameters>
        <TT>0.4544923029107063</TT>
        <CFMAX>4.99778188649779</CFMAX>
        <SP>0</SP>
        <SFCF>0.50000004702278356</SFCF>
        <CFR>0.083132798269333272</CFR>
        <CWH>0.10000000053884837</CWH>
        <CFGlacier>1</CFGlacier>
        <CFSlope>1</CFSlope>
        <FC>110.38390038033705</FC>
        <LP>0.30000001004563753</LP>
        <BETA>2.0175849920496369</BETA>
      </SubCatchmentVegetationZoneParameters>
    </SubCatchmentVegetationZone>
  </SubCatchment>
</Catchment>