<?xml version="1.0" encoding="utf-8"?>
<Catchment xmlns:xsi="http://www.w3.org/2001/XMLSchema-instance" xmlns:xsd="http://www.w3.org/2001/XMLSchema">
  <CatchmentParameters>
    <KSI>0.001</KSI>
    <KGmin>0.05</KGmin>
    <RangeKG>0.1</RangeKG>
    <AG>0.1</AG>
    <PERC>1.0458641608015675</PERC>
    <Alpha>0</Alpha>
    <UZL>7.3731103808262</UZL>
    <K0>0.79173709032271022</K0>
    <K1>0.010000070230903907</K1>
    <K2>0.068888251770392026</K2>
    <MAXBAS>1</MAXBAS>
    <Cet>0</Cet>
    <PCALT>10</PCALT>
    <TCALT>0.6</TCALT>
    <Pelev>0</Pelev>
    <Telev>0</Telev>
    <PART>0.5</PART>
    <DELAY>1</DELAY>
  </CatchmentParameters>
  <VegetationZone>
    <VegetationZoneParameters>
      <TT>-0.62407394495328272</TT>
      <CFMAX>0.629712541693429</CFMAX>
      <SP>0</SP>
      <SFCF>1.0869294640275391</SFCF>
      <CFR>0.049845907157178938</CFR>
      <CWH>0.19999181419305565</CWH>
      <CFGlacier>1</CFGlacier>
      <CFSlope>1</CFSlope>
      <FC>1872.9549059061533</FC>
      <LP>0.907787667287318</LP>
      <BETA>2.9827676402876762</BETA>
    </VegetationZoneParameters>
  </VegetationZone>
  <SubCatchment>
    <SubCatchmentParameters>
      <KSI>0.001</KSI>
      <KGmin>0.05</KGmin>
      <RangeKG>0.1</RangeKG>
      <AG>0.1</AG>
      <PERC>1.0458641608015675</PERC>
      <Alpha>0</Alpha>
      <UZL>7.3731103808262</UZL>
      <K0>0.79173709032271022</K0>
      <K1>0.010000070230903907</K1>
      <K2>0.068888251770392026</K2>
      <MAXBAS>1</MAXBAS>
      <Cet>0</Cet>
      <PCALT>10</PCALT>
      <TCALT>0.6</TCALT>
      <Pelev>0</Pelev>
      <Telev>0</Telev>
      <PART>0.5</PART>
      <DELAY>1</DELAY>
    </SubCatchmentParameters>
    <SubCatchmentVegetationZone>
      <SubCatchmentVegetationZoneParameters>
        <TT>-0.62407394495328272</TT>
        <CFMAX>0.629712541693429</CFMAX>
        <SP>0</SP>
        <SFCF>1.0869294640275391</SFCF>
        <CFR>0.049845907157178938</CFR>
        <CWH>0.19999181419305565</CWH>
        <CFGlacier>1</CFGlacier>
        <CFSlope>1</CFSlope>
        <FC>1872.9549059061533</FC>
        <LP>0.907787667287318</LP>
        <BETA>2.9827676402876762</BETA>
      </SubCatchmentVegetationZoneParameters>
    </SubCatchmentVegetationZone>
  </SubCatchment>
</Catchment>