<?xml version="1.0" encoding="utf-8"?>
<Catchment xmlns:xsi="http://www.w3.org/2001/XMLSchema-instance" xmlns:xsd="http://www.w3.org/2001/XMLSchema">
  <CatchmentParameters>
    <KSI>0.001</KSI>
    <KGmin>0.05</KGmin>
    <RangeKG>0.1</RangeKG>
    <AG>0.1</AG>
    <PERC>4.3012879699156255</PERC>
    <Alpha>0</Alpha>
    <UZL>140.44370822152183</UZL>
    <K0>0.98892362606480044</K0>
    <K1>0.577849098075499</K1>
    <K2>0.084365612429024683</K2>
    <MAXBAS>1</MAXBAS>
    <Cet>0</Cet>
    <PCALT>10</PCALT>
    <TCALT>0.6</TCALT>
    <Pelev>0</Pelev>
    <Telev>0</Telev>
    <PART>0.5</PART>
    <DELAY>1</DELAY>
  </CatchmentParameters>
  <VegetationZone>
    <VegetationZoneParameters>
      <TT>1.147998375958917</TT>
      <CFMAX>0.51703661674970169</CFMAX>
      <SP>0</SP>
      <SFCF>1.300145219319103</SFCF>
      <CFR>0.077328738818925741</CFR>
      <CWH>0.19999533279107384</CWH>
      <CFGlacier>1</CFGlacier>
      <CFSlope>1</CFSlope>
      <FC>493.5367099147922</FC>
      <LP>0.91424961806044847</LP>
      <BETA>2.8262350806962031</BETA>
    </VegetationZoneParameters>
  </VegetationZone>
  <SubCatchment>
    <SubCatchmentParameters>
      <KSI>0.001</KSI>
      <KGmin>0.05</KGmin>
      <RangeKG>0.1</RangeKG>
      <AG>0.1</AG>
      <PERC>4.3012879699156255</PERC>
      <Alpha>0</Alpha>
      <UZL>140.44370822152183</UZL>
      <K0>0.98892362606480044</K0>
      <K1>0.577849098075499</K1>
      <K2>0.084365612429024683</K2>
      <MAXBAS>1</MAXBAS>
      <Cet>0</Cet>
      <PCALT>10</PCALT>
      <TCALT>0.6</TCALT>
      <Pelev>0</Pelev>
      <Telev>0</Telev>
      <PART>0.5</PART>
      <DELAY>1</DELAY>
    </SubCatchmentParameters>
    <SubCatchmentVegetationZone>
      <SubCatchmentVegetationZoneParameters>
        <TT>1.147998375958917</TT>
        <CFMAX>0.51703661674970169</CFMAX>
        <SP>0</SP>
        <SFCF>1.300145219319103</SFCF>
        <CFR>0.077328738818925741</CFR>
        <CWH>0.19999533279107384</CWH>
        <CFGlacier>1</CFGlacier>
        <CFSlope>1</CFSlope>
        <FC>493.5367099147922</FC>
        <LP>0.91424961806044847</LP>
        <BETA>2.8262350806962031</BETA>
      </SubCatchmentVegetationZoneParameters>
    </SubCatchmentVegetationZone>
  </SubCatchment>
</Catchment>