<?xml version="1.0" encoding="utf-8"?>
<Catchment xmlns:xsi="http://www.w3.org/2001/XMLSchema-instance" xmlns:xsd="http://www.w3.org/2001/XMLSchema">
  <CatchmentParameters>
    <KSI>0.001</KSI>
    <KGmin>0.05</KGmin>
    <RangeKG>0.1</RangeKG>
    <AG>0.1</AG>
    <PERC>1.0594570446354021</PERC>
    <Alpha>0</Alpha>
    <UZL>7.7448053612865388</UZL>
    <K0>0.80264800194883246</K0>
    <K1>0.010000033989477145</K1>
    <K2>0.065779876757046385</K2>
    <MAXBAS>1</MAXBAS>
    <Cet>0</Cet>
    <PCALT>10</PCALT>
    <TCALT>0.6</TCALT>
    <Pelev>0</Pelev>
    <Telev>0</Telev>
    <PART>0.5</PART>
    <DELAY>1</DELAY>
  </CatchmentParameters>
  <VegetationZone>
    <VegetationZoneParameters>
      <TT>1.4939902632385114</TT>
      <CFMAX>2.6053900794478944</CFMAX>
      <SP>0</SP>
      <SFCF>0.79859800835138306</SFCF>
      <CFR>0.09748287938725253</CFR>
      <CWH>0.10014052032597023</CWH>
      <CFGlacier>1</CFGlacier>
      <CFSlope>1</CFSlope>
      <FC>1927.4189602627785</FC>
      <LP>0.87546587706668455</LP>
      <BETA>2.7477706338657821</BETA>
    </VegetationZoneParameters>
  </VegetationZone>
  <SubCatchment>
    <SubCatchmentParameters>
      <KSI>0.001</KSI>
      <KGmin>0.05</KGmin>
      <RangeKG>0.1</RangeKG>
      <AG>0.1</AG>
      <PERC>1.0594570446354021</PERC>
      <Alpha>0</Alpha>
      <UZL>7.7448053612865388</UZL>
      <K0>0.80264800194883246</K0>
      <K1>0.010000033989477145</K1>
      <K2>0.065779876757046385</K2>
      <MAXBAS>1</MAXBAS>
      <Cet>0</Cet>
      <PCALT>10</PCALT>
      <TCALT>0.6</TCALT>
      <Pelev>0</Pelev>
      <Telev>0</Telev>
      <PART>0.5</PART>
      <DELAY>1</DELAY>
    </SubCatchmentParameters>
    <SubCatchmentVegetationZone>
      <SubCatchmentVegetationZoneParameters>
        <TT>1.4939902632385114</TT>
        <CFMAX>2.6053900794478944</CFMAX>
        <SP>0</SP>
        <SFCF>0.79859800835138306</SFCF>
        <CFR>0.09748287938725253</CFR>
        <CWH>0.10014052032597023</CWH>
        <CFGlacier>1</CFGlacier>
        <CFSlope>1</CFSlope>
        <FC>1927.4189602627785</FC>
        <LP>0.87546587706668455</LP>
        <BETA>2.7477706338657821</BETA>
      </SubCatchmentVegetationZoneParameters>
    </SubCatchmentVegetationZone>
  </SubCatchment>
</Catchment>