<?xml version="1.0" encoding="utf-8"?>
<Catchment xmlns:xsi="http://www.w3.org/2001/XMLSchema-instance" xmlns:xsd="http://www.w3.org/2001/XMLSchema">
  <CatchmentParameters>
    <KSI>0.001</KSI>
    <KGmin>0.05</KGmin>
    <RangeKG>0.1</RangeKG>
    <AG>0.1</AG>
    <PERC>9.9999943228013048</PERC>
    <Alpha>0</Alpha>
    <UZL>115.66437277033145</UZL>
    <K0>0.43502530897985542</K0>
    <K1>0.49965898731571318</K1>
    <K2>0.082775994334850653</K2>
    <MAXBAS>1.3147794136245488</MAXBAS>
    <Cet>0</Cet>
    <PCALT>10</PCALT>
    <TCALT>0.6</TCALT>
    <Pelev>0</Pelev>
    <Telev>0</Telev>
    <PART>0.5</PART>
    <DELAY>1</DELAY>
  </CatchmentParameters>
  <VegetationZone>
    <VegetationZoneParameters>
      <TT>-1.5199888287017487</TT>
      <CFMAX>4.9812357663240521</CFMAX>
      <SP>0</SP>
      <SFCF>0.50000031576035431</SFCF>
      <CFR>0.027280603987439749</CFR>
      <CWH>0.18779279891056622</CWH>
      <CFGlacier>1</CFGlacier>
      <CFSlope>1</CFSlope>
      <FC>81.517070701623766</FC>
      <LP>0.30000012883080523</LP>
      <BETA>2.6303266333313613</BETA>
    </VegetationZoneParameters>
  </VegetationZone>
  <SubCatchment>
    <SubCatchmentParameters>
      <KSI>0.001</KSI>
      <KGmin>0.05</KGmin>
      <RangeKG>0.1</RangeKG>
      <AG>0.1</AG>
      <PERC>9.9999943228013048</PERC>
      <Alpha>0</Alpha>
      <UZL>115.66437277033145</UZL>
      <K0>0.43502530897985542</K0>
      <K1>0.49965898731571318</K1>
      <K2>0.082775994334850653</K2>
      <MAXBAS>1.3147794136245488</MAXBAS>
      <Cet>0</Cet>
      <PCALT>10</PCALT>
      <TCALT>0.6</TCALT>
      <Pelev>0</Pelev>
      <Telev>0</Telev>
      <PART>0.5</PART>
      <DELAY>1</DELAY>
    </SubCatchmentParameters>
    <SubCatchmentVegetationZone>
      <SubCatchmentVegetationZoneParameters>
        <TT>-1.5199888287017487</TT>
        <CFMAX>4.9812357663240521</CFMAX>
        <SP>0</SP>
        <SFCF>0.50000031576035431</SFCF>
        <CFR>0.027280603987439749</CFR>
        <CWH>0.18779279891056622</CWH>
        <CFGlacier>1</CFGlacier>
        <CFSlope>1</CFSlope>
        <FC>81.517070701623766</FC>
        <LP>0.30000012883080523</LP>
        <BETA>2.6303266333313613</BETA>
      </SubCatchmentVegetationZoneParameters>
    </SubCatchmentVegetationZone>
  </SubCatchment>
</Catchment>