<?xml version="1.0" encoding="utf-8"?>
<Catchment xmlns:xsi="http://www.w3.org/2001/XMLSchema-instance" xmlns:xsd="http://www.w3.org/2001/XMLSchema">
  <CatchmentParameters>
    <KSI>0.001</KSI>
    <KGmin>0.05</KGmin>
    <RangeKG>0.1</RangeKG>
    <AG>0.1</AG>
    <PERC>5.5213532911549832</PERC>
    <Alpha>0</Alpha>
    <UZL>76.9970980409148</UZL>
    <K0>0.15804682297201261</K0>
    <K1>0.4497750072872343</K1>
    <K2>0.043914574692998788</K2>
    <MAXBAS>1</MAXBAS>
    <Cet>0</Cet>
    <PCALT>10</PCALT>
    <TCALT>0.6</TCALT>
    <Pelev>0</Pelev>
    <Telev>0</Telev>
    <PART>0.5</PART>
    <DELAY>1</DELAY>
  </CatchmentParameters>
  <VegetationZone>
    <VegetationZoneParameters>
      <TT>1.1020322805711678</TT>
      <CFMAX>0.50304604111578743</CFMAX>
      <SP>0</SP>
      <SFCF>0.62387237555151775</SFCF>
      <CFR>0.09994593425572218</CFR>
      <CWH>0.19997974335178981</CWH>
      <CFGlacier>1</CFGlacier>
      <CFSlope>1</CFSlope>
      <FC>150.5191400872055</FC>
      <LP>0.4386323669497687</LP>
      <BETA>1.7773498015976088</BETA>
    </VegetationZoneParameters>
  </VegetationZone>
  <SubCatchment>
    <SubCatchmentParameters>
      <KSI>0.001</KSI>
      <KGmin>0.05</KGmin>
      <RangeKG>0.1</RangeKG>
      <AG>0.1</AG>
      <PERC>5.5213532911549832</PERC>
      <Alpha>0</Alpha>
      <UZL>76.9970980409148</UZL>
      <K0>0.15804682297201261</K0>
      <K1>0.4497750072872343</K1>
      <K2>0.043914574692998788</K2>
      <MAXBAS>1</MAXBAS>
      <Cet>0</Cet>
      <PCALT>10</PCALT>
      <TCALT>0.6</TCALT>
      <Pelev>0</Pelev>
      <Telev>0</Telev>
      <PART>0.5</PART>
      <DELAY>1</DELAY>
    </SubCatchmentParameters>
    <SubCatchmentVegetationZone>
      <SubCatchmentVegetationZoneParameters>
        <TT>1.1020322805711678</TT>
        <CFMAX>0.50304604111578743</CFMAX>
        <SP>0</SP>
        <SFCF>0.62387237555151775</SFCF>
        <CFR>0.09994593425572218</CFR>
        <CWH>0.19997974335178981</CWH>
        <CFGlacier>1</CFGlacier>
        <CFSlope>1</CFSlope>
        <FC>150.5191400872055</FC>
        <LP>0.4386323669497687</LP>
        <BETA>1.7773498015976088</BETA>
      </SubCatchmentVegetationZoneParameters>
    </SubCatchmentVegetationZone>
  </SubCatchment>
</Catchment>