<?xml version="1.0" encoding="utf-8"?>
<Catchment xmlns:xsi="http://www.w3.org/2001/XMLSchema-instance" xmlns:xsd="http://www.w3.org/2001/XMLSchema">
  <CatchmentParameters>
    <KSI>0.001</KSI>
    <KGmin>0.05</KGmin>
    <RangeKG>0.1</RangeKG>
    <AG>0.1</AG>
    <PERC>4.6239945783956538</PERC>
    <Alpha>0</Alpha>
    <UZL>112.27232839305646</UZL>
    <K0>0.82086179855710251</K0>
    <K1>0.570099589604837</K1>
    <K2>0.077210428654614346</K2>
    <MAXBAS>1</MAXBAS>
    <Cet>0</Cet>
    <PCALT>10</PCALT>
    <TCALT>0.6</TCALT>
    <Pelev>0</Pelev>
    <Telev>0</Telev>
    <PART>0.5</PART>
    <DELAY>1</DELAY>
  </CatchmentParameters>
  <VegetationZone>
    <VegetationZoneParameters>
      <TT>2.3125732524109797</TT>
      <CFMAX>0.6171640793449662</CFMAX>
      <SP>0</SP>
      <SFCF>1.3456567838034161</SFCF>
      <CFR>0.015304671870806381</CFR>
      <CWH>0.10000040919469037</CWH>
      <CFGlacier>1</CFGlacier>
      <CFSlope>1</CFSlope>
      <FC>337.6580768067866</FC>
      <LP>0.82698966683791109</LP>
      <BETA>2.7257317758353357</BETA>
    </VegetationZoneParameters>
  </VegetationZone>
  <SubCatchment>
    <SubCatchmentParameters>
      <KSI>0.001</KSI>
      <KGmin>0.05</KGmin>
      <RangeKG>0.1</RangeKG>
      <AG>0.1</AG>
      <PERC>4.6239945783956538</PERC>
      <Alpha>0</Alpha>
      <UZL>112.27232839305646</UZL>
      <K0>0.82086179855710251</K0>
      <K1>0.570099589604837</K1>
      <K2>0.077210428654614346</K2>
      <MAXBAS>1</MAXBAS>
      <Cet>0</Cet>
      <PCALT>10</PCALT>
      <TCALT>0.6</TCALT>
      <Pelev>0</Pelev>
      <Telev>0</Telev>
      <PART>0.5</PART>
      <DELAY>1</DELAY>
    </SubCatchmentParameters>
    <SubCatchmentVegetationZone>
      <SubCatchmentVegetationZoneParameters>
        <TT>2.3125732524109797</TT>
        <CFMAX>0.6171640793449662</CFMAX>
        <SP>0</SP>
        <SFCF>1.3456567838034161</SFCF>
        <CFR>0.015304671870806381</CFR>
        <CWH>0.10000040919469037</CWH>
        <CFGlacier>1</CFGlacier>
        <CFSlope>1</CFSlope>
        <FC>337.6580768067866</FC>
        <LP>0.82698966683791109</LP>
        <BETA>2.7257317758353357</BETA>
      </SubCatchmentVegetationZoneParameters>
    </SubCatchmentVegetationZone>
  </SubCatchment>
</Catchment>