<?xml version="1.0" encoding="utf-8"?>
<Catchment xmlns:xsi="http://www.w3.org/2001/XMLSchema-instance" xmlns:xsd="http://www.w3.org/2001/XMLSchema">
  <CatchmentParameters>
    <KSI>0.001</KSI>
    <KGmin>0.05</KGmin>
    <RangeKG>0.1</RangeKG>
    <AG>0.1</AG>
    <PERC>7.6813928631241728</PERC>
    <Alpha>0</Alpha>
    <UZL>87.434216477589615</UZL>
    <K0>0.18500084695863023</K0>
    <K1>0.59498028648845391</K1>
    <K2>0.14999944475719898</K2>
    <MAXBAS>1.3158924919250883</MAXBAS>
    <Cet>0</Cet>
    <PCALT>10</PCALT>
    <TCALT>0.6</TCALT>
    <Pelev>0</Pelev>
    <Telev>0</Telev>
    <PART>0.5</PART>
    <DELAY>1</DELAY>
  </CatchmentParameters>
  <VegetationZone>
    <VegetationZoneParameters>
      <TT>1.1622835191394809</TT>
      <CFMAX>3.0281233861027927</CFMAX>
      <SP>0</SP>
      <SFCF>0.50000000065828742</SFCF>
      <CFR>0.057886185670425257</CFR>
      <CWH>0.10000423491059139</CWH>
      <CFGlacier>1</CFGlacier>
      <CFSlope>1</CFSlope>
      <FC>116.34908500943328</FC>
      <LP>0.32285657979467419</LP>
      <BETA>1.85863981828066</BETA>
    </VegetationZoneParameters>
  </VegetationZone>
  <SubCatchment>
    <SubCatchmentParameters>
      <KSI>0.001</KSI>
      <KGmin>0.05</KGmin>
      <RangeKG>0.1</RangeKG>
      <AG>0.1</AG>
      <PERC>7.6813928631241728</PERC>
      <Alpha>0</Alpha>
      <UZL>87.434216477589615</UZL>
      <K0>0.18500084695863023</K0>
      <K1>0.59498028648845391</K1>
      <K2>0.14999944475719898</K2>
      <MAXBAS>1.3158924919250883</MAXBAS>
      <Cet>0</Cet>
      <PCALT>10</PCALT>
      <TCALT>0.6</TCALT>
      <Pelev>0</Pelev>
      <Telev>0</Telev>
      <PART>0.5</PART>
      <DELAY>1</DELAY>
    </SubCatchmentParameters>
    <SubCatchmentVegetationZone>
      <SubCatchmentVegetationZoneParameters>
        <TT>1.1622835191394809</TT>
        <CFMAX>3.0281233861027927</CFMAX>
        <SP>0</SP>
        <SFCF>0.50000000065828742</SFCF>
        <CFR>0.057886185670425257</CFR>
        <CWH>0.10000423491059139</CWH>
        <CFGlacier>1</CFGlacier>
        <CFSlope>1</CFSlope>
        <FC>116.34908500943328</FC>
        <LP>0.32285657979467419</LP>
        <BETA>1.85863981828066</BETA>
      </SubCatchmentVegetationZoneParameters>
    </SubCatchmentVegetationZone>
  </SubCatchment>
</Catchment>