<?xml version="1.0" encoding="utf-8"?>
<Catchment xmlns:xsi="http://www.w3.org/2001/XMLSchema-instance" xmlns:xsd="http://www.w3.org/2001/XMLSchema">
  <CatchmentParameters>
    <KSI>0.001</KSI>
    <KGmin>0.05</KGmin>
    <RangeKG>0.1</RangeKG>
    <AG>0.1</AG>
    <PERC>9.9987054803847268</PERC>
    <Alpha>0</Alpha>
    <UZL>68.887230739090683</UZL>
    <K0>0.14662585658056795</K0>
    <K1>0.66443554167868657</K1>
    <K2>0.14999999403776843</K2>
    <MAXBAS>1.396827298567848</MAXBAS>
    <Cet>0</Cet>
    <PCALT>10</PCALT>
    <TCALT>0.6</TCALT>
    <Pelev>0</Pelev>
    <Telev>0</Telev>
    <PART>0.5</PART>
    <DELAY>1</DELAY>
  </CatchmentParameters>
  <VegetationZone>
    <VegetationZoneParameters>
      <TT>1.1839957513447352</TT>
      <CFMAX>3.2320972132985135</CFMAX>
      <SP>0</SP>
      <SFCF>0.50021244881324767</SFCF>
      <CFR>0.053391007073341511</CFR>
      <CWH>0.10000000093073432</CWH>
      <CFGlacier>1</CFGlacier>
      <CFSlope>1</CFSlope>
      <FC>110.59281346849556</FC>
      <LP>0.31959495010024747</LP>
      <BETA>2.2547276513996182</BETA>
    </VegetationZoneParameters>
  </VegetationZone>
  <SubCatchment>
    <SubCatchmentParameters>
      <KSI>0.001</KSI>
      <KGmin>0.05</KGmin>
      <RangeKG>0.1</RangeKG>
      <AG>0.1</AG>
      <PERC>9.9987054803847268</PERC>
      <Alpha>0</Alpha>
      <UZL>68.887230739090683</UZL>
      <K0>0.14662585658056795</K0>
      <K1>0.66443554167868657</K1>
      <K2>0.14999999403776843</K2>
      <MAXBAS>1.396827298567848</MAXBAS>
      <Cet>0</Cet>
      <PCALT>10</PCALT>
      <TCALT>0.6</TCALT>
      <Pelev>0</Pelev>
      <Telev>0</Telev>
      <PART>0.5</PART>
      <DELAY>1</DELAY>
    </SubCatchmentParameters>
    <SubCatchmentVegetationZone>
      <SubCatchmentVegetationZoneParameters>
        <TT>1.1839957513447352</TT>
        <CFMAX>3.2320972132985135</CFMAX>
        <SP>0</SP>
        <SFCF>0.50021244881324767</SFCF>
        <CFR>0.053391007073341511</CFR>
        <CWH>0.10000000093073432</CWH>
        <CFGlacier>1</CFGlacier>
        <CFSlope>1</CFSlope>
        <FC>110.59281346849556</FC>
        <LP>0.31959495010024747</LP>
        <BETA>2.2547276513996182</BETA>
      </SubCatchmentVegetationZoneParameters>
    </SubCatchmentVegetationZone>
  </SubCatchment>
</Catchment>