<?xml version="1.0" encoding="utf-8"?>
<Catchment xmlns:xsi="http://www.w3.org/2001/XMLSchema-instance" xmlns:xsd="http://www.w3.org/2001/XMLSchema">
  <CatchmentParameters>
    <KSI>0.001</KSI>
    <KGmin>0.05</KGmin>
    <RangeKG>0.1</RangeKG>
    <AG>0.1</AG>
    <PERC>4.9659657786743994</PERC>
    <Alpha>0</Alpha>
    <UZL>108.134622852693</UZL>
    <K0>0.09819190850367425</K0>
    <K1>0.69553671963994634</K1>
    <K2>0.0692465742726051</K2>
    <MAXBAS>1</MAXBAS>
    <Cet>0</Cet>
    <PCALT>10</PCALT>
    <TCALT>0.6</TCALT>
    <Pelev>0</Pelev>
    <Telev>0</Telev>
    <PART>0.5</PART>
    <DELAY>1</DELAY>
  </CatchmentParameters>
  <VegetationZone>
    <VegetationZoneParameters>
      <TT>2.4999949153822865</TT>
      <CFMAX>0.57440717854649836</CFMAX>
      <SP>0</SP>
      <SFCF>1.1355516719097318</SFCF>
      <CFR>0.004856241476605341</CFR>
      <CWH>0.19999955913053541</CWH>
      <CFGlacier>1</CFGlacier>
      <CFSlope>1</CFSlope>
      <FC>1967.4067574967846</FC>
      <LP>0.95250381860846023</LP>
      <BETA>3.7288581222201471</BETA>
    </VegetationZoneParameters>
  </VegetationZone>
  <SubCatchment>
    <SubCatchmentParameters>
      <KSI>0.001</KSI>
      <KGmin>0.05</KGmin>
      <RangeKG>0.1</RangeKG>
      <AG>0.1</AG>
      <PERC>4.9659657786743994</PERC>
      <Alpha>0</Alpha>
      <UZL>108.134622852693</UZL>
      <K0>0.09819190850367425</K0>
      <K1>0.69553671963994634</K1>
      <K2>0.0692465742726051</K2>
      <MAXBAS>1</MAXBAS>
      <Cet>0</Cet>
      <PCALT>10</PCALT>
      <TCALT>0.6</TCALT>
      <Pelev>0</Pelev>
      <Telev>0</Telev>
      <PART>0.5</PART>
      <DELAY>1</DELAY>
    </SubCatchmentParameters>
    <SubCatchmentVegetationZone>
      <SubCatchmentVegetationZoneParameters>
        <TT>2.4999949153822865</TT>
        <CFMAX>0.57440717854649836</CFMAX>
        <SP>0</SP>
        <SFCF>1.1355516719097318</SFCF>
        <CFR>0.004856241476605341</CFR>
        <CWH>0.19999955913053541</CWH>
        <CFGlacier>1</CFGlacier>
        <CFSlope>1</CFSlope>
        <FC>1967.4067574967846</FC>
        <LP>0.95250381860846023</LP>
        <BETA>3.7288581222201471</BETA>
      </SubCatchmentVegetationZoneParameters>
    </SubCatchmentVegetationZone>
  </SubCatchment>
</Catchment>