<?xml version="1.0" encoding="utf-8"?>
<Catchment xmlns:xsi="http://www.w3.org/2001/XMLSchema-instance" xmlns:xsd="http://www.w3.org/2001/XMLSchema">
  <CatchmentParameters>
    <KSI>0.001</KSI>
    <KGmin>0.05</KGmin>
    <RangeKG>0.1</RangeKG>
    <AG>0.1</AG>
    <PERC>8.5841590127593026</PERC>
    <Alpha>0</Alpha>
    <UZL>21.520683818067386</UZL>
    <K0>0.98999830447516024</K0>
    <K1>0.43585102320133029</K1>
    <K2>0.14999926418699511</K2>
    <MAXBAS>1.2818746604490769</MAXBAS>
    <Cet>0</Cet>
    <PCALT>10</PCALT>
    <TCALT>0.6</TCALT>
    <Pelev>0</Pelev>
    <Telev>0</Telev>
    <PART>0.5</PART>
    <DELAY>1</DELAY>
  </CatchmentParameters>
  <VegetationZone>
    <VegetationZoneParameters>
      <TT>1.6317682735483472</TT>
      <CFMAX>4.9979625395921854</CFMAX>
      <SP>0</SP>
      <SFCF>0.50002258572739378</SFCF>
      <CFR>0.026115851995926028</CFR>
      <CWH>0.10001152388779602</CWH>
      <CFGlacier>1</CFGlacier>
      <CFSlope>1</CFSlope>
      <FC>114.4007666988291</FC>
      <LP>0.42484237473406861</LP>
      <BETA>2.5697435433471285</BETA>
    </VegetationZoneParameters>
  </VegetationZone>
  <SubCatchment>
    <SubCatchmentParameters>
      <KSI>0.001</KSI>
      <KGmin>0.05</KGmin>
      <RangeKG>0.1</RangeKG>
      <AG>0.1</AG>
      <PERC>8.5841590127593026</PERC>
      <Alpha>0</Alpha>
      <UZL>21.520683818067386</UZL>
      <K0>0.98999830447516024</K0>
      <K1>0.43585102320133029</K1>
      <K2>0.14999926418699511</K2>
      <MAXBAS>1.2818746604490769</MAXBAS>
      <Cet>0</Cet>
      <PCALT>10</PCALT>
      <TCALT>0.6</TCALT>
      <Pelev>0</Pelev>
      <Telev>0</Telev>
      <PART>0.5</PART>
      <DELAY>1</DELAY>
    </SubCatchmentParameters>
    <SubCatchmentVegetationZone>
      <SubCatchmentVegetationZoneParameters>
        <TT>1.6317682735483472</TT>
        <CFMAX>4.9979625395921854</CFMAX>
        <SP>0</SP>
        <SFCF>0.50002258572739378</SFCF>
        <CFR>0.026115851995926028</CFR>
        <CWH>0.10001152388779602</CWH>
        <CFGlacier>1</CFGlacier>
        <CFSlope>1</CFSlope>
        <FC>114.4007666988291</FC>
        <LP>0.42484237473406861</LP>
        <BETA>2.5697435433471285</BETA>
      </SubCatchmentVegetationZoneParameters>
    </SubCatchmentVegetationZone>
  </SubCatchment>
</Catchment>