<?xml version="1.0" encoding="utf-8"?>
<Catchment xmlns:xsi="http://www.w3.org/2001/XMLSchema-instance" xmlns:xsd="http://www.w3.org/2001/XMLSchema">
  <CatchmentParameters>
    <KSI>0.001</KSI>
    <KGmin>0.05</KGmin>
    <RangeKG>0.1</RangeKG>
    <AG>0.1</AG>
    <PERC>5.0490767842271538</PERC>
    <Alpha>0</Alpha>
    <UZL>118.30943423037071</UZL>
    <K0>0.28051871682042845</K0>
    <K1>0.37948619306736991</K1>
    <K2>0.040172117119718326</K2>
    <MAXBAS>1</MAXBAS>
    <Cet>0</Cet>
    <PCALT>10</PCALT>
    <TCALT>0.6</TCALT>
    <Pelev>0</Pelev>
    <Telev>0</Telev>
    <PART>0.5</PART>
    <DELAY>1</DELAY>
  </CatchmentParameters>
  <VegetationZone>
    <VegetationZoneParameters>
      <TT>0.95354524481240144</TT>
      <CFMAX>0.70664617623756576</CFMAX>
      <SP>0</SP>
      <SFCF>0.59192237152762961</SFCF>
      <CFR>0.099856150897005086</CFR>
      <CWH>0.10000038596422238</CWH>
      <CFGlacier>1</CFGlacier>
      <CFSlope>1</CFSlope>
      <FC>131.91001616825386</FC>
      <LP>0.66498068117190245</LP>
      <BETA>2.8277179226631666</BETA>
    </VegetationZoneParameters>
  </VegetationZone>
  <SubCatchment>
    <SubCatchmentParameters>
      <KSI>0.001</KSI>
      <KGmin>0.05</KGmin>
      <RangeKG>0.1</RangeKG>
      <AG>0.1</AG>
      <PERC>5.0490767842271538</PERC>
      <Alpha>0</Alpha>
      <UZL>118.30943423037071</UZL>
      <K0>0.28051871682042845</K0>
      <K1>0.37948619306736991</K1>
      <K2>0.040172117119718326</K2>
      <MAXBAS>1</MAXBAS>
      <Cet>0</Cet>
      <PCALT>10</PCALT>
      <TCALT>0.6</TCALT>
      <Pelev>0</Pelev>
      <Telev>0</Telev>
      <PART>0.5</PART>
      <DELAY>1</DELAY>
    </SubCatchmentParameters>
    <SubCatchmentVegetationZone>
      <SubCatchmentVegetationZoneParameters>
        <TT>0.95354524481240144</TT>
        <CFMAX>0.70664617623756576</CFMAX>
        <SP>0</SP>
        <SFCF>0.59192237152762961</SFCF>
        <CFR>0.099856150897005086</CFR>
        <CWH>0.10000038596422238</CWH>
        <CFGlacier>1</CFGlacier>
        <CFSlope>1</CFSlope>
        <FC>131.91001616825386</FC>
        <LP>0.66498068117190245</LP>
        <BETA>2.8277179226631666</BETA>
      </SubCatchmentVegetationZoneParameters>
    </SubCatchmentVegetationZone>
  </SubCatchment>
</Catchment>