<?xml version="1.0" encoding="utf-8"?>
<Catchment xmlns:xsi="http://www.w3.org/2001/XMLSchema-instance" xmlns:xsd="http://www.w3.org/2001/XMLSchema">
  <CatchmentParameters>
    <KSI>0.001</KSI>
    <KGmin>0.05</KGmin>
    <RangeKG>0.1</RangeKG>
    <AG>0.1</AG>
    <PERC>8.7657523045913734</PERC>
    <Alpha>0</Alpha>
    <UZL>127.52145299364862</UZL>
    <K0>0.15970284726688494</K0>
    <K1>0.5966096686264788</K1>
    <K2>0.14999998976441231</K2>
    <MAXBAS>1.3109217993410485</MAXBAS>
    <Cet>0</Cet>
    <PCALT>10</PCALT>
    <TCALT>0.6</TCALT>
    <Pelev>0</Pelev>
    <Telev>0</Telev>
    <PART>0.5</PART>
    <DELAY>1</DELAY>
  </CatchmentParameters>
  <VegetationZone>
    <VegetationZoneParameters>
      <TT>1.2947618258340241</TT>
      <CFMAX>4.8988191170184345</CFMAX>
      <SP>0</SP>
      <SFCF>0.5000001616493277</SFCF>
      <CFR>0.0572420731368038</CFR>
      <CWH>0.10000026931696428</CWH>
      <CFGlacier>1</CFGlacier>
      <CFSlope>1</CFSlope>
      <FC>114.07510750982787</FC>
      <LP>0.300000010844238</LP>
      <BETA>1.9810448434677119</BETA>
    </VegetationZoneParameters>
  </VegetationZone>
  <SubCatchment>
    <SubCatchmentParameters>
      <KSI>0.001</KSI>
      <KGmin>0.05</KGmin>
      <RangeKG>0.1</RangeKG>
      <AG>0.1</AG>
      <PERC>8.7657523045913734</PERC>
      <Alpha>0</Alpha>
      <UZL>127.52145299364862</UZL>
      <K0>0.15970284726688494</K0>
      <K1>0.5966096686264788</K1>
      <K2>0.14999998976441231</K2>
      <MAXBAS>1.3109217993410485</MAXBAS>
      <Cet>0</Cet>
      <PCALT>10</PCALT>
      <TCALT>0.6</TCALT>
      <Pelev>0</Pelev>
      <Telev>0</Telev>
      <PART>0.5</PART>
      <DELAY>1</DELAY>
    </SubCatchmentParameters>
    <SubCatchmentVegetationZone>
      <SubCatchmentVegetationZoneParameters>
        <TT>1.2947618258340241</TT>
        <CFMAX>4.8988191170184345</CFMAX>
        <SP>0</SP>
        <SFCF>0.5000001616493277</SFCF>
        <CFR>0.0572420731368038</CFR>
        <CWH>0.10000026931696428</CWH>
        <CFGlacier>1</CFGlacier>
        <CFSlope>1</CFSlope>
        <FC>114.07510750982787</FC>
        <LP>0.300000010844238</LP>
        <BETA>1.9810448434677119</BETA>
      </SubCatchmentVegetationZoneParameters>
    </SubCatchmentVegetationZone>
  </SubCatchment>
</Catchment>