<?xml version="1.0" encoding="utf-8"?>
<Catchment xmlns:xsi="http://www.w3.org/2001/XMLSchema-instance" xmlns:xsd="http://www.w3.org/2001/XMLSchema">
  <CatchmentParameters>
    <KSI>0.001</KSI>
    <KGmin>0.05</KGmin>
    <RangeKG>0.1</RangeKG>
    <AG>0.1</AG>
    <PERC>2.7031292334953596</PERC>
    <Alpha>0</Alpha>
    <UZL>22.7362370987852</UZL>
    <K0>0.98999881179573723</K0>
    <K1>0.22203642797604906</K1>
    <K2>0.14997095298624738</K2>
    <MAXBAS>1.1698338330187967</MAXBAS>
    <Cet>0</Cet>
    <PCALT>10</PCALT>
    <TCALT>0.6</TCALT>
    <Pelev>0</Pelev>
    <Telev>0</Telev>
    <PART>0.5</PART>
    <DELAY>1</DELAY>
  </CatchmentParameters>
  <VegetationZone>
    <VegetationZoneParameters>
      <TT>0.69759706512215236</TT>
      <CFMAX>2.9760769038910642</CFMAX>
      <SP>0</SP>
      <SFCF>0.50000000030702285</SFCF>
      <CFR>0.031676090800082254</CFR>
      <CWH>0.10000234690989572</CWH>
      <CFGlacier>1</CFGlacier>
      <CFSlope>1</CFSlope>
      <FC>116.82361441493582</FC>
      <LP>0.3938480181863469</LP>
      <BETA>2.2879522016291802</BETA>
    </VegetationZoneParameters>
  </VegetationZone>
  <SubCatchment>
    <SubCatchmentParameters>
      <KSI>0.001</KSI>
      <KGmin>0.05</KGmin>
      <RangeKG>0.1</RangeKG>
      <AG>0.1</AG>
      <PERC>2.7031292334953596</PERC>
      <Alpha>0</Alpha>
      <UZL>22.7362370987852</UZL>
      <K0>0.98999881179573723</K0>
      <K1>0.22203642797604906</K1>
      <K2>0.14997095298624738</K2>
      <MAXBAS>1.1698338330187967</MAXBAS>
      <Cet>0</Cet>
      <PCALT>10</PCALT>
      <TCALT>0.6</TCALT>
      <Pelev>0</Pelev>
      <Telev>0</Telev>
      <PART>0.5</PART>
      <DELAY>1</DELAY>
    </SubCatchmentParameters>
    <SubCatchmentVegetationZone>
      <SubCatchmentVegetationZoneParameters>
        <TT>0.69759706512215236</TT>
        <CFMAX>2.9760769038910642</CFMAX>
        <SP>0</SP>
        <SFCF>0.50000000030702285</SFCF>
        <CFR>0.031676090800082254</CFR>
        <CWH>0.10000234690989572</CWH>
        <CFGlacier>1</CFGlacier>
        <CFSlope>1</CFSlope>
        <FC>116.82361441493582</FC>
        <LP>0.3938480181863469</LP>
        <BETA>2.2879522016291802</BETA>
      </SubCatchmentVegetationZoneParameters>
    </SubCatchmentVegetationZone>
  </SubCatchment>
</Catchment>