<?xml version="1.0" encoding="utf-8"?>
<Catchment xmlns:xsi="http://www.w3.org/2001/XMLSchema-instance" xmlns:xsd="http://www.w3.org/2001/XMLSchema">
  <CatchmentParameters>
    <KSI>0.001</KSI>
    <KGmin>0.05</KGmin>
    <RangeKG>0.1</RangeKG>
    <AG>0.1</AG>
    <PERC>5.8799935911078922</PERC>
    <Alpha>0</Alpha>
    <UZL>192.51794846925239</UZL>
    <K0>0.54992274708841726</K0>
    <K1>0.40222179278236381</K1>
    <K2>0.037194376092688754</K2>
    <MAXBAS>1</MAXBAS>
    <Cet>0</Cet>
    <PCALT>10</PCALT>
    <TCALT>0.6</TCALT>
    <Pelev>0</Pelev>
    <Telev>0</Telev>
    <PART>0.5</PART>
    <DELAY>1</DELAY>
  </CatchmentParameters>
  <VegetationZone>
    <VegetationZoneParameters>
      <TT>-0.62417439244475481</TT>
      <CFMAX>2.2101490017158145</CFMAX>
      <SP>0</SP>
      <SFCF>0.73022869351217046</SFCF>
      <CFR>0.041613250174726633</CFR>
      <CWH>0.1996653449057641</CWH>
      <CFGlacier>1</CFGlacier>
      <CFSlope>1</CFSlope>
      <FC>101.57223816670968</FC>
      <LP>0.35860351784377664</LP>
      <BETA>2.2926133113981972</BETA>
    </VegetationZoneParameters>
  </VegetationZone>
  <SubCatchment>
    <SubCatchmentParameters>
      <KSI>0.001</KSI>
      <KGmin>0.05</KGmin>
      <RangeKG>0.1</RangeKG>
      <AG>0.1</AG>
      <PERC>5.8799935911078922</PERC>
      <Alpha>0</Alpha>
      <UZL>192.51794846925239</UZL>
      <K0>0.54992274708841726</K0>
      <K1>0.40222179278236381</K1>
      <K2>0.037194376092688754</K2>
      <MAXBAS>1</MAXBAS>
      <Cet>0</Cet>
      <PCALT>10</PCALT>
      <TCALT>0.6</TCALT>
      <Pelev>0</Pelev>
      <Telev>0</Telev>
      <PART>0.5</PART>
      <DELAY>1</DELAY>
    </SubCatchmentParameters>
    <SubCatchmentVegetationZone>
      <SubCatchmentVegetationZoneParameters>
        <TT>-0.62417439244475481</TT>
        <CFMAX>2.2101490017158145</CFMAX>
        <SP>0</SP>
        <SFCF>0.73022869351217046</SFCF>
        <CFR>0.041613250174726633</CFR>
        <CWH>0.1996653449057641</CWH>
        <CFGlacier>1</CFGlacier>
        <CFSlope>1</CFSlope>
        <FC>101.57223816670968</FC>
        <LP>0.35860351784377664</LP>
        <BETA>2.2926133113981972</BETA>
      </SubCatchmentVegetationZoneParameters>
    </SubCatchmentVegetationZone>
  </SubCatchment>
</Catchment>