<?xml version="1.0" encoding="utf-8"?>
<Catchment xmlns:xsi="http://www.w3.org/2001/XMLSchema-instance" xmlns:xsd="http://www.w3.org/2001/XMLSchema">
  <CatchmentParameters>
    <KSI>0.001</KSI>
    <KGmin>0.05</KGmin>
    <RangeKG>0.1</RangeKG>
    <AG>0.1</AG>
    <PERC>8.2506621340616686</PERC>
    <Alpha>0</Alpha>
    <UZL>75.101929928708287</UZL>
    <K0>0.28486100577604079</K0>
    <K1>0.60384149859690139</K1>
    <K2>0.14999982269993961</K2>
    <MAXBAS>1.317804158006278</MAXBAS>
    <Cet>0</Cet>
    <PCALT>10</PCALT>
    <TCALT>0.6</TCALT>
    <Pelev>0</Pelev>
    <Telev>0</Telev>
    <PART>0.5</PART>
    <DELAY>1</DELAY>
  </CatchmentParameters>
  <VegetationZone>
    <VegetationZoneParameters>
      <TT>1.2898381099934464</TT>
      <CFMAX>4.7930950297914592</CFMAX>
      <SP>0</SP>
      <SFCF>0.500221059915723</SFCF>
      <CFR>0.05274569578069737</CFR>
      <CWH>0.10000737071168783</CWH>
      <CFGlacier>1</CFGlacier>
      <CFSlope>1</CFSlope>
      <FC>119.8525189867449</FC>
      <LP>0.30000000000447785</LP>
      <BETA>1.8854794060717726</BETA>
    </VegetationZoneParameters>
  </VegetationZone>
  <SubCatchment>
    <SubCatchmentParameters>
      <KSI>0.001</KSI>
      <KGmin>0.05</KGmin>
      <RangeKG>0.1</RangeKG>
      <AG>0.1</AG>
      <PERC>8.2506621340616686</PERC>
      <Alpha>0</Alpha>
      <UZL>75.101929928708287</UZL>
      <K0>0.28486100577604079</K0>
      <K1>0.60384149859690139</K1>
      <K2>0.14999982269993961</K2>
      <MAXBAS>1.317804158006278</MAXBAS>
      <Cet>0</Cet>
      <PCALT>10</PCALT>
      <TCALT>0.6</TCALT>
      <Pelev>0</Pelev>
      <Telev>0</Telev>
      <PART>0.5</PART>
      <DELAY>1</DELAY>
    </SubCatchmentParameters>
    <SubCatchmentVegetationZone>
      <SubCatchmentVegetationZoneParameters>
        <TT>1.2898381099934464</TT>
        <CFMAX>4.7930950297914592</CFMAX>
        <SP>0</SP>
        <SFCF>0.500221059915723</SFCF>
        <CFR>0.05274569578069737</CFR>
        <CWH>0.10000737071168783</CWH>
        <CFGlacier>1</CFGlacier>
        <CFSlope>1</CFSlope>
        <FC>119.8525189867449</FC>
        <LP>0.30000000000447785</LP>
        <BETA>1.8854794060717726</BETA>
      </SubCatchmentVegetationZoneParameters>
    </SubCatchmentVegetationZone>
  </SubCatchment>
</Catchment>