<?xml version="1.0" encoding="utf-8"?>
<Catchment xmlns:xsi="http://www.w3.org/2001/XMLSchema-instance" xmlns:xsd="http://www.w3.org/2001/XMLSchema">
  <CatchmentParameters>
    <KSI>0.001</KSI>
    <KGmin>0.05</KGmin>
    <RangeKG>0.1</RangeKG>
    <AG>0.1</AG>
    <PERC>4.6850382015374441</PERC>
    <Alpha>0</Alpha>
    <UZL>121.44296107489447</UZL>
    <K0>0.51471979045680527</K0>
    <K1>0.65263806407606051</K1>
    <K2>0.068908949366262</K2>
    <MAXBAS>1</MAXBAS>
    <Cet>0</Cet>
    <PCALT>10</PCALT>
    <TCALT>0.6</TCALT>
    <Pelev>0</Pelev>
    <Telev>0</Telev>
    <PART>0.5</PART>
    <DELAY>1</DELAY>
  </CatchmentParameters>
  <VegetationZone>
    <VegetationZoneParameters>
      <TT>0.89991623454559055</TT>
      <CFMAX>0.7912279960366736</CFMAX>
      <SP>0</SP>
      <SFCF>1.0682431212754338</SFCF>
      <CFR>0.0710769948571018</CFR>
      <CWH>0.19999605827638564</CWH>
      <CFGlacier>1</CFGlacier>
      <CFSlope>1</CFSlope>
      <FC>1598.0624810775216</FC>
      <LP>0.98671204534980272</LP>
      <BETA>3.3805208428010243</BETA>
    </VegetationZoneParameters>
  </VegetationZone>
  <SubCatchment>
    <SubCatchmentParameters>
      <KSI>0.001</KSI>
      <KGmin>0.05</KGmin>
      <RangeKG>0.1</RangeKG>
      <AG>0.1</AG>
      <PERC>4.6850382015374441</PERC>
      <Alpha>0</Alpha>
      <UZL>121.44296107489447</UZL>
      <K0>0.51471979045680527</K0>
      <K1>0.65263806407606051</K1>
      <K2>0.068908949366262</K2>
      <MAXBAS>1</MAXBAS>
      <Cet>0</Cet>
      <PCALT>10</PCALT>
      <TCALT>0.6</TCALT>
      <Pelev>0</Pelev>
      <Telev>0</Telev>
      <PART>0.5</PART>
      <DELAY>1</DELAY>
    </SubCatchmentParameters>
    <SubCatchmentVegetationZone>
      <SubCatchmentVegetationZoneParameters>
        <TT>0.89991623454559055</TT>
        <CFMAX>0.7912279960366736</CFMAX>
        <SP>0</SP>
        <SFCF>1.0682431212754338</SFCF>
        <CFR>0.0710769948571018</CFR>
        <CWH>0.19999605827638564</CWH>
        <CFGlacier>1</CFGlacier>
        <CFSlope>1</CFSlope>
        <FC>1598.0624810775216</FC>
        <LP>0.98671204534980272</LP>
        <BETA>3.3805208428010243</BETA>
      </SubCatchmentVegetationZoneParameters>
    </SubCatchmentVegetationZone>
  </SubCatchment>
</Catchment>