<?xml version="1.0" encoding="utf-8"?>
<Catchment xmlns:xsi="http://www.w3.org/2001/XMLSchema-instance" xmlns:xsd="http://www.w3.org/2001/XMLSchema">
  <CatchmentParameters>
    <KSI>0.001</KSI>
    <KGmin>0.05</KGmin>
    <RangeKG>0.1</RangeKG>
    <AG>0.1</AG>
    <PERC>4.7789804011317161</PERC>
    <Alpha>0</Alpha>
    <UZL>93.8318331802588</UZL>
    <K0>0.49380811935289759</K0>
    <K1>0.57888673984879557</K1>
    <K2>0.074255179874475288</K2>
    <MAXBAS>1</MAXBAS>
    <Cet>0</Cet>
    <PCALT>10</PCALT>
    <TCALT>0.6</TCALT>
    <Pelev>0</Pelev>
    <Telev>0</Telev>
    <PART>0.5</PART>
    <DELAY>1</DELAY>
  </CatchmentParameters>
  <VegetationZone>
    <VegetationZoneParameters>
      <TT>1.8819981515398165</TT>
      <CFMAX>0.50128023272684752</CFMAX>
      <SP>0</SP>
      <SFCF>1.0857828872190325</SFCF>
      <CFR>0.0861704847794011</CFR>
      <CWH>0.15033615919737206</CWH>
      <CFGlacier>1</CFGlacier>
      <CFSlope>1</CFSlope>
      <FC>513.28924894903048</FC>
      <LP>0.75445503323983421</LP>
      <BETA>2.1310394478569332</BETA>
    </VegetationZoneParameters>
  </VegetationZone>
  <SubCatchment>
    <SubCatchmentParameters>
      <KSI>0.001</KSI>
      <KGmin>0.05</KGmin>
      <RangeKG>0.1</RangeKG>
      <AG>0.1</AG>
      <PERC>4.7789804011317161</PERC>
      <Alpha>0</Alpha>
      <UZL>93.8318331802588</UZL>
      <K0>0.49380811935289759</K0>
      <K1>0.57888673984879557</K1>
      <K2>0.074255179874475288</K2>
      <MAXBAS>1</MAXBAS>
      <Cet>0</Cet>
      <PCALT>10</PCALT>
      <TCALT>0.6</TCALT>
      <Pelev>0</Pelev>
      <Telev>0</Telev>
      <PART>0.5</PART>
      <DELAY>1</DELAY>
    </SubCatchmentParameters>
    <SubCatchmentVegetationZone>
      <SubCatchmentVegetationZoneParameters>
        <TT>1.8819981515398165</TT>
        <CFMAX>0.50128023272684752</CFMAX>
        <SP>0</SP>
        <SFCF>1.0857828872190325</SFCF>
        <CFR>0.0861704847794011</CFR>
        <CWH>0.15033615919737206</CWH>
        <CFGlacier>1</CFGlacier>
        <CFSlope>1</CFSlope>
        <FC>513.28924894903048</FC>
        <LP>0.75445503323983421</LP>
        <BETA>2.1310394478569332</BETA>
      </SubCatchmentVegetationZoneParameters>
    </SubCatchmentVegetationZone>
  </SubCatchment>
</Catchment>