<?xml version="1.0" encoding="utf-8"?>
<Catchment xmlns:xsi="http://www.w3.org/2001/XMLSchema-instance" xmlns:xsd="http://www.w3.org/2001/XMLSchema">
  <CatchmentParameters>
    <KSI>0.001</KSI>
    <KGmin>0.05</KGmin>
    <RangeKG>0.1</RangeKG>
    <AG>0.1</AG>
    <PERC>5.2915702297129359</PERC>
    <Alpha>0</Alpha>
    <UZL>124.35570646247281</UZL>
    <K0>0.47732481885946554</K0>
    <K1>0.66063236755373722</K1>
    <K2>0.0800949287257064</K2>
    <MAXBAS>1</MAXBAS>
    <Cet>0</Cet>
    <PCALT>10</PCALT>
    <TCALT>0.6</TCALT>
    <Pelev>0</Pelev>
    <Telev>0</Telev>
    <PART>0.5</PART>
    <DELAY>1</DELAY>
  </CatchmentParameters>
  <VegetationZone>
    <VegetationZoneParameters>
      <TT>2.0685196755501489</TT>
      <CFMAX>0.51121583040231944</CFMAX>
      <SP>0</SP>
      <SFCF>1.4056671769332898</SFCF>
      <CFR>0.034351204312165762</CFR>
      <CWH>0.10000099354887392</CWH>
      <CFGlacier>1</CFGlacier>
      <CFSlope>1</CFSlope>
      <FC>462.07324216019396</FC>
      <LP>0.89892750488478546</LP>
      <BETA>2.9961020285877993</BETA>
    </VegetationZoneParameters>
  </VegetationZone>
  <SubCatchment>
    <SubCatchmentParameters>
      <KSI>0.001</KSI>
      <KGmin>0.05</KGmin>
      <RangeKG>0.1</RangeKG>
      <AG>0.1</AG>
      <PERC>5.2915702297129359</PERC>
      <Alpha>0</Alpha>
      <UZL>124.35570646247281</UZL>
      <K0>0.47732481885946554</K0>
      <K1>0.66063236755373722</K1>
      <K2>0.0800949287257064</K2>
      <MAXBAS>1</MAXBAS>
      <Cet>0</Cet>
      <PCALT>10</PCALT>
      <TCALT>0.6</TCALT>
      <Pelev>0</Pelev>
      <Telev>0</Telev>
      <PART>0.5</PART>
      <DELAY>1</DELAY>
    </SubCatchmentParameters>
    <SubCatchmentVegetationZone>
      <SubCatchmentVegetationZoneParameters>
        <TT>2.0685196755501489</TT>
        <CFMAX>0.51121583040231944</CFMAX>
        <SP>0</SP>
        <SFCF>1.4056671769332898</SFCF>
        <CFR>0.034351204312165762</CFR>
        <CWH>0.10000099354887392</CWH>
        <CFGlacier>1</CFGlacier>
        <CFSlope>1</CFSlope>
        <FC>462.07324216019396</FC>
        <LP>0.89892750488478546</LP>
        <BETA>2.9961020285877993</BETA>
      </SubCatchmentVegetationZoneParameters>
    </SubCatchmentVegetationZone>
  </SubCatchment>
</Catchment>