<?xml version="1.0" encoding="utf-8"?>
<Catchment xmlns:xsi="http://www.w3.org/2001/XMLSchema-instance" xmlns:xsd="http://www.w3.org/2001/XMLSchema">
  <CatchmentParameters>
    <KSI>0.001</KSI>
    <KGmin>0.05</KGmin>
    <RangeKG>0.1</RangeKG>
    <AG>0.1</AG>
    <PERC>5.13285644370228</PERC>
    <Alpha>0</Alpha>
    <UZL>130.10479957036679</UZL>
    <K0>0.48873110158933591</K0>
    <K1>0.79999947575357888</K1>
    <K2>0.14999958774452604</K2>
    <MAXBAS>1.4114019671397413</MAXBAS>
    <Cet>0</Cet>
    <PCALT>10</PCALT>
    <TCALT>0.6</TCALT>
    <Pelev>0</Pelev>
    <Telev>0</Telev>
    <PART>0.5</PART>
    <DELAY>1</DELAY>
  </CatchmentParameters>
  <VegetationZone>
    <VegetationZoneParameters>
      <TT>2.4927259590174144</TT>
      <CFMAX>0.50999917356705327</CFMAX>
      <SP>0</SP>
      <SFCF>1.4999994997404009</SFCF>
      <CFR>0.04720099343947752</CFR>
      <CWH>0.1000027246819976</CWH>
      <CFGlacier>1</CFGlacier>
      <CFSlope>1</CFSlope>
      <FC>399.39111654361432</FC>
      <LP>0.980785401614749</LP>
      <BETA>3.4837972918051729</BETA>
    </VegetationZoneParameters>
  </VegetationZone>
  <SubCatchment>
    <SubCatchmentParameters>
      <KSI>0.001</KSI>
      <KGmin>0.05</KGmin>
      <RangeKG>0.1</RangeKG>
      <AG>0.1</AG>
      <PERC>5.13285644370228</PERC>
      <Alpha>0</Alpha>
      <UZL>130.10479957036679</UZL>
      <K0>0.48873110158933591</K0>
      <K1>0.79999947575357888</K1>
      <K2>0.14999958774452604</K2>
      <MAXBAS>1.4114019671397413</MAXBAS>
      <Cet>0</Cet>
      <PCALT>10</PCALT>
      <TCALT>0.6</TCALT>
      <Pelev>0</Pelev>
      <Telev>0</Telev>
      <PART>0.5</PART>
      <DELAY>1</DELAY>
    </SubCatchmentParameters>
    <SubCatchmentVegetationZone>
      <SubCatchmentVegetationZoneParameters>
        <TT>2.4927259590174144</TT>
        <CFMAX>0.50999917356705327</CFMAX>
        <SP>0</SP>
        <SFCF>1.4999994997404009</SFCF>
        <CFR>0.04720099343947752</CFR>
        <CWH>0.1000027246819976</CWH>
        <CFGlacier>1</CFGlacier>
        <CFSlope>1</CFSlope>
        <FC>399.39111654361432</FC>
        <LP>0.980785401614749</LP>
        <BETA>3.4837972918051729</BETA>
      </SubCatchmentVegetationZoneParameters>
    </SubCatchmentVegetationZone>
  </SubCatchment>
</Catchment>