<?xml version="1.0" encoding="utf-8"?>
<Catchment xmlns:xsi="http://www.w3.org/2001/XMLSchema-instance" xmlns:xsd="http://www.w3.org/2001/XMLSchema">
  <CatchmentParameters>
    <KSI>0.001</KSI>
    <KGmin>0.05</KGmin>
    <RangeKG>0.1</RangeKG>
    <AG>0.1</AG>
    <PERC>5.4268729464422991</PERC>
    <Alpha>0</Alpha>
    <UZL>7.8059589878781539</UZL>
    <K0>0.989994890178039</K0>
    <K1>0.62193517141744148</K1>
    <K2>0.068604178259858817</K2>
    <MAXBAS>1</MAXBAS>
    <Cet>0</Cet>
    <PCALT>10</PCALT>
    <TCALT>0.6</TCALT>
    <Pelev>0</Pelev>
    <Telev>0</Telev>
    <PART>0.5</PART>
    <DELAY>1</DELAY>
  </CatchmentParameters>
  <VegetationZone>
    <VegetationZoneParameters>
      <TT>-0.62405124419610558</TT>
      <CFMAX>2.4240970704480387</CFMAX>
      <SP>0</SP>
      <SFCF>1.2370900428883795</SFCF>
      <CFR>0.064016848463330181</CFR>
      <CWH>0.19997563212776373</CWH>
      <CFGlacier>1</CFGlacier>
      <CFSlope>1</CFSlope>
      <FC>2095.7085079833041</FC>
      <LP>0.90383074988734924</LP>
      <BETA>3.0439505435758591</BETA>
    </VegetationZoneParameters>
  </VegetationZone>
  <SubCatchment>
    <SubCatchmentParameters>
      <KSI>0.001</KSI>
      <KGmin>0.05</KGmin>
      <RangeKG>0.1</RangeKG>
      <AG>0.1</AG>
      <PERC>5.4268729464422991</PERC>
      <Alpha>0</Alpha>
      <UZL>7.8059589878781539</UZL>
      <K0>0.989994890178039</K0>
      <K1>0.62193517141744148</K1>
      <K2>0.068604178259858817</K2>
      <MAXBAS>1</MAXBAS>
      <Cet>0</Cet>
      <PCALT>10</PCALT>
      <TCALT>0.6</TCALT>
      <Pelev>0</Pelev>
      <Telev>0</Telev>
      <PART>0.5</PART>
      <DELAY>1</DELAY>
    </SubCatchmentParameters>
    <SubCatchmentVegetationZone>
      <SubCatchmentVegetationZoneParameters>
        <TT>-0.62405124419610558</TT>
        <CFMAX>2.4240970704480387</CFMAX>
        <SP>0</SP>
        <SFCF>1.2370900428883795</SFCF>
        <CFR>0.064016848463330181</CFR>
        <CWH>0.19997563212776373</CWH>
        <CFGlacier>1</CFGlacier>
        <CFSlope>1</CFSlope>
        <FC>2095.7085079833041</FC>
        <LP>0.90383074988734924</LP>
        <BETA>3.0439505435758591</BETA>
      </SubCatchmentVegetationZoneParameters>
    </SubCatchmentVegetationZone>
  </SubCatchment>
</Catchment>