<?xml version="1.0" encoding="utf-8"?>
<Catchment xmlns:xsi="http://www.w3.org/2001/XMLSchema-instance" xmlns:xsd="http://www.w3.org/2001/XMLSchema">
  <CatchmentParameters>
    <KSI>0.001</KSI>
    <KGmin>0.05</KGmin>
    <RangeKG>0.1</RangeKG>
    <AG>0.1</AG>
    <PERC>3.8395168347689044</PERC>
    <Alpha>0</Alpha>
    <UZL>80.088263339583676</UZL>
    <K0>0.98998516456404928</K0>
    <K1>0.20750801037826558</K1>
    <K2>0.03927072829623332</K2>
    <MAXBAS>1</MAXBAS>
    <Cet>0</Cet>
    <PCALT>10</PCALT>
    <TCALT>0.6</TCALT>
    <Pelev>482</Pelev>
    <Telev>482</Telev>
    <PART>0.5</PART>
    <DELAY>1</DELAY>
  </CatchmentParameters>
  <VegetationZone>
    <VegetationZoneParameters>
      <TT>-2.49983044934115</TT>
      <CFMAX>4.9999944619157555</CFMAX>
      <SP>0</SP>
      <SFCF>0.50000005916752588</SFCF>
      <CFR>3.70118392304702E-07</CFR>
      <CWH>0.10000000118928122</CWH>
      <CFGlacier>1</CFGlacier>
      <CFSlope>1</CFSlope>
      <FC>2499.9983228586711</FC>
      <LP>0.30000001192510117</LP>
      <BETA>1.9190029895517793</BETA>
    </VegetationZoneParameters>
  </VegetationZone>
  <SubCatchment>
    <SubCatchmentParameters>
      <KSI>0.001</KSI>
      <KGmin>0.05</KGmin>
      <RangeKG>0.1</RangeKG>
      <AG>0.1</AG>
      <PERC>3.8395168347689044</PERC>
      <Alpha>0</Alpha>
      <UZL>80.088263339583676</UZL>
      <K0>0.98998516456404928</K0>
      <K1>0.20750801037826558</K1>
      <K2>0.03927072829623332</K2>
      <MAXBAS>1</MAXBAS>
      <Cet>0</Cet>
      <PCALT>10</PCALT>
      <TCALT>0.6</TCALT>
      <Pelev>482</Pelev>
      <Telev>482</Telev>
      <PART>0.5</PART>
      <DELAY>1</DELAY>
    </SubCatchmentParameters>
    <SubCatchmentVegetationZone>
      <SubCatchmentVegetationZoneParameters>
        <TT>-2.49983044934115</TT>
        <CFMAX>4.9999944619157555</CFMAX>
        <SP>0</SP>
        <SFCF>0.50000005916752588</SFCF>
        <CFR>3.70118392304702E-07</CFR>
        <CWH>0.10000000118928122</CWH>
        <CFGlacier>1</CFGlacier>
        <CFSlope>1</CFSlope>
        <FC>2499.9983228586711</FC>
        <LP>0.30000001192510117</LP>
        <BETA>1.9190029895517793</BETA>
      </SubCatchmentVegetationZoneParameters>
    </SubCatchmentVegetationZone>
  </SubCatchment>
</Catchment>