<?xml version="1.0" encoding="utf-8"?>
<Catchment xmlns:xsi="http://www.w3.org/2001/XMLSchema-instance" xmlns:xsd="http://www.w3.org/2001/XMLSchema">
  <CatchmentParameters>
    <KSI>0.001</KSI>
    <KGmin>0.05</KGmin>
    <RangeKG>0.1</RangeKG>
    <AG>0.1</AG>
    <PERC>9.9998641458491662</PERC>
    <Alpha>0</Alpha>
    <UZL>199.74790305219327</UZL>
    <K0>0.30102047427635131</K0>
    <K1>0.186429961959296</K1>
    <K2>0.11250519700383581</K2>
    <MAXBAS>1.3949309490417388</MAXBAS>
    <Cet>0</Cet>
    <PCALT>10</PCALT>
    <TCALT>0.6</TCALT>
    <Pelev>3022</Pelev>
    <Telev>3058</Telev>
    <PART>0.5</PART>
    <DELAY>1</DELAY>
  </CatchmentParameters>
  <VegetationZone>
    <VegetationZoneParameters>
      <TT>2.0239923504265938</TT>
      <CFMAX>1.9830125127282525</CFMAX>
      <SP>0</SP>
      <SFCF>0.59769865157765845</SFCF>
      <CFR>0.09999938242859395</CFR>
      <CWH>0.19999943213460633</CWH>
      <CFGlacier>1</CFGlacier>
      <CFSlope>1</CFSlope>
      <FC>457.85193859886874</FC>
      <LP>0.48294186086239049</LP>
      <BETA>4.7089255882879275</BETA>
    </VegetationZoneParameters>
  </VegetationZone>
  <SubCatchment>
    <SubCatchmentParameters>
      <KSI>0.001</KSI>
      <KGmin>0.05</KGmin>
      <RangeKG>0.1</RangeKG>
      <AG>0.1</AG>
      <PERC>9.9998641458491662</PERC>
      <Alpha>0</Alpha>
      <UZL>199.74790305219327</UZL>
      <K0>0.30102047427635131</K0>
      <K1>0.186429961959296</K1>
      <K2>0.11250519700383581</K2>
      <MAXBAS>1.3949309490417388</MAXBAS>
      <Cet>0</Cet>
      <PCALT>10</PCALT>
      <TCALT>0.6</TCALT>
      <Pelev>3022</Pelev>
      <Telev>3058</Telev>
      <PART>0.5</PART>
      <DELAY>1</DELAY>
    </SubCatchmentParameters>
    <SubCatchmentVegetationZone>
      <SubCatchmentVegetationZoneParameters>
        <TT>2.0239923504265938</TT>
        <CFMAX>1.9830125127282525</CFMAX>
        <SP>0</SP>
        <SFCF>0.59769865157765845</SFCF>
        <CFR>0.09999938242859395</CFR>
        <CWH>0.19999943213460633</CWH>
        <CFGlacier>1</CFGlacier>
        <CFSlope>1</CFSlope>
        <FC>457.85193859886874</FC>
        <LP>0.48294186086239049</LP>
        <BETA>4.7089255882879275</BETA>
      </SubCatchmentVegetationZoneParameters>
    </SubCatchmentVegetationZone>
  </SubCatchment>
</Catchment>