<?xml version="1.0" encoding="utf-8"?>
<Catchment xmlns:xsi="http://www.w3.org/2001/XMLSchema-instance" xmlns:xsd="http://www.w3.org/2001/XMLSchema">
  <CatchmentParameters>
    <KSI>0.001</KSI>
    <KGmin>0.05</KGmin>
    <RangeKG>0.1</RangeKG>
    <AG>0.1</AG>
    <PERC>8.8908696390712745</PERC>
    <Alpha>0</Alpha>
    <UZL>97.203246622939517</UZL>
    <K0>0.17396152356266526</K0>
    <K1>0.19074640097041534</K1>
    <K2>0.10861017308521224</K2>
    <MAXBAS>1.4848676334159123</MAXBAS>
    <Cet>0</Cet>
    <PCALT>10</PCALT>
    <TCALT>0.6</TCALT>
    <Pelev>3022</Pelev>
    <Telev>3058</Telev>
    <PART>0.5</PART>
    <DELAY>1</DELAY>
  </CatchmentParameters>
  <VegetationZone>
    <VegetationZoneParameters>
      <TT>1.1932375391975427</TT>
      <CFMAX>1.6411617375535621</CFMAX>
      <SP>0</SP>
      <SFCF>0.63885860259132643</SFCF>
      <CFR>0.016958503232044193</CFR>
      <CWH>0.19999795758566577</CWH>
      <CFGlacier>1</CFGlacier>
      <CFSlope>1</CFSlope>
      <FC>561.59030504516682</FC>
      <LP>0.58178313930615777</LP>
      <BETA>5.9999823879551055</BETA>
    </VegetationZoneParameters>
  </VegetationZone>
  <SubCatchment>
    <SubCatchmentParameters>
      <KSI>0.001</KSI>
      <KGmin>0.05</KGmin>
      <RangeKG>0.1</RangeKG>
      <AG>0.1</AG>
      <PERC>8.8908696390712745</PERC>
      <Alpha>0</Alpha>
      <UZL>97.203246622939517</UZL>
      <K0>0.17396152356266526</K0>
      <K1>0.19074640097041534</K1>
      <K2>0.10861017308521224</K2>
      <MAXBAS>1.4848676334159123</MAXBAS>
      <Cet>0</Cet>
      <PCALT>10</PCALT>
      <TCALT>0.6</TCALT>
      <Pelev>3022</Pelev>
      <Telev>3058</Telev>
      <PART>0.5</PART>
      <DELAY>1</DELAY>
    </SubCatchmentParameters>
    <SubCatchmentVegetationZone>
      <SubCatchmentVegetationZoneParameters>
        <TT>1.1932375391975427</TT>
        <CFMAX>1.6411617375535621</CFMAX>
        <SP>0</SP>
        <SFCF>0.63885860259132643</SFCF>
        <CFR>0.016958503232044193</CFR>
        <CWH>0.19999795758566577</CWH>
        <CFGlacier>1</CFGlacier>
        <CFSlope>1</CFSlope>
        <FC>561.59030504516682</FC>
        <LP>0.58178313930615777</LP>
        <BETA>5.9999823879551055</BETA>
      </SubCatchmentVegetationZoneParameters>
    </SubCatchmentVegetationZone>
  </SubCatchment>
</Catchment>