<?xml version="1.0" encoding="utf-8"?>
<Catchment xmlns:xsi="http://www.w3.org/2001/XMLSchema-instance" xmlns:xsd="http://www.w3.org/2001/XMLSchema">
  <CatchmentParameters>
    <KSI>0.001</KSI>
    <KGmin>0.05</KGmin>
    <RangeKG>0.1</RangeKG>
    <AG>0.1</AG>
    <PERC>9.9999893714063024</PERC>
    <Alpha>0</Alpha>
    <UZL>66.034156492952647</UZL>
    <K0>0.36935573509397757</K0>
    <K1>0.13180011951233753</K1>
    <K2>0.09631952482895198</K2>
    <MAXBAS>1.1649701760628792</MAXBAS>
    <Cet>0</Cet>
    <PCALT>10</PCALT>
    <TCALT>0.6</TCALT>
    <Pelev>3022</Pelev>
    <Telev>3058</Telev>
    <PART>0.5</PART>
    <DELAY>1</DELAY>
  </CatchmentParameters>
  <VegetationZone>
    <VegetationZoneParameters>
      <TT>1.9059903279302208</TT>
      <CFMAX>1.8930361541270606</CFMAX>
      <SP>0</SP>
      <SFCF>0.56575268052650807</SFCF>
      <CFR>0.099999561306700652</CFR>
      <CWH>0.19999785827148478</CWH>
      <CFGlacier>1</CFGlacier>
      <CFSlope>1</CFSlope>
      <FC>342.52198011700193</FC>
      <LP>0.30000006638370985</LP>
      <BETA>5.3905173590458988</BETA>
    </VegetationZoneParameters>
  </VegetationZone>
  <SubCatchment>
    <SubCatchmentParameters>
      <KSI>0.001</KSI>
      <KGmin>0.05</KGmin>
      <RangeKG>0.1</RangeKG>
      <AG>0.1</AG>
      <PERC>9.9999893714063024</PERC>
      <Alpha>0</Alpha>
      <UZL>66.034156492952647</UZL>
      <K0>0.36935573509397757</K0>
      <K1>0.13180011951233753</K1>
      <K2>0.09631952482895198</K2>
      <MAXBAS>1.1649701760628792</MAXBAS>
      <Cet>0</Cet>
      <PCALT>10</PCALT>
      <TCALT>0.6</TCALT>
      <Pelev>3022</Pelev>
      <Telev>3058</Telev>
      <PART>0.5</PART>
      <DELAY>1</DELAY>
    </SubCatchmentParameters>
    <SubCatchmentVegetationZone>
      <SubCatchmentVegetationZoneParameters>
        <TT>1.9059903279302208</TT>
        <CFMAX>1.8930361541270606</CFMAX>
        <SP>0</SP>
        <SFCF>0.56575268052650807</SFCF>
        <CFR>0.099999561306700652</CFR>
        <CWH>0.19999785827148478</CWH>
        <CFGlacier>1</CFGlacier>
        <CFSlope>1</CFSlope>
        <FC>342.52198011700193</FC>
        <LP>0.30000006638370985</LP>
        <BETA>5.3905173590458988</BETA>
      </SubCatchmentVegetationZoneParameters>
    </SubCatchmentVegetationZone>
  </SubCatchment>
</Catchment>