<?xml version="1.0" encoding="utf-8"?>
<Catchment xmlns:xsi="http://www.w3.org/2001/XMLSchema-instance" xmlns:xsd="http://www.w3.org/2001/XMLSchema">
  <CatchmentParameters>
    <KSI>0.001</KSI>
    <KGmin>0.05</KGmin>
    <RangeKG>0.1</RangeKG>
    <AG>0.1</AG>
    <PERC>0.0640356678224447</PERC>
    <Alpha>0</Alpha>
    <UZL>165.65038923168694</UZL>
    <K0>0.19646909883141542</K0>
    <K1>0.12647121174951451</K1>
    <K2>0.015440358297418123</K2>
    <MAXBAS>1</MAXBAS>
    <Cet>0</Cet>
    <PCALT>10</PCALT>
    <TCALT>0.6</TCALT>
    <Pelev>3022</Pelev>
    <Telev>3058</Telev>
    <PART>0.5</PART>
    <DELAY>1</DELAY>
  </CatchmentParameters>
  <VegetationZone>
    <VegetationZoneParameters>
      <TT>1.0121231248558607</TT>
      <CFMAX>1.6748220993068705</CFMAX>
      <SP>0</SP>
      <SFCF>0.663450393996873</SFCF>
      <CFR>0.099998079375145654</CFR>
      <CWH>0.10000007278391006</CWH>
      <CFGlacier>1</CFGlacier>
      <CFSlope>1</CFSlope>
      <FC>724.11842645529407</FC>
      <LP>0.55075135830125377</LP>
      <BETA>4.8247775937774344</BETA>
    </VegetationZoneParameters>
  </VegetationZone>
  <SubCatchment>
    <SubCatchmentParameters>
      <KSI>0.001</KSI>
      <KGmin>0.05</KGmin>
      <RangeKG>0.1</RangeKG>
      <AG>0.1</AG>
      <PERC>0.0640356678224447</PERC>
      <Alpha>0</Alpha>
      <UZL>165.65038923168694</UZL>
      <K0>0.19646909883141542</K0>
      <K1>0.12647121174951451</K1>
      <K2>0.015440358297418123</K2>
      <MAXBAS>1</MAXBAS>
      <Cet>0</Cet>
      <PCALT>10</PCALT>
      <TCALT>0.6</TCALT>
      <Pelev>3022</Pelev>
      <Telev>3058</Telev>
      <PART>0.5</PART>
      <DELAY>1</DELAY>
    </SubCatchmentParameters>
    <SubCatchmentVegetationZone>
      <SubCatchmentVegetationZoneParameters>
        <TT>1.0121231248558607</TT>
        <CFMAX>1.6748220993068705</CFMAX>
        <SP>0</SP>
        <SFCF>0.663450393996873</SFCF>
        <CFR>0.099998079375145654</CFR>
        <CWH>0.10000007278391006</CWH>
        <CFGlacier>1</CFGlacier>
        <CFSlope>1</CFSlope>
        <FC>724.11842645529407</FC>
        <LP>0.55075135830125377</LP>
        <BETA>4.8247775937774344</BETA>
      </SubCatchmentVegetationZoneParameters>
    </SubCatchmentVegetationZone>
  </SubCatchment>
</Catchment>