<?xml version="1.0" encoding="utf-8"?>
<Catchment xmlns:xsi="http://www.w3.org/2001/XMLSchema-instance" xmlns:xsd="http://www.w3.org/2001/XMLSchema">
  <CatchmentParameters>
    <KSI>0.001</KSI>
    <KGmin>0.05</KGmin>
    <RangeKG>0.1</RangeKG>
    <AG>0.1</AG>
    <PERC>0.091035885240719622</PERC>
    <Alpha>0</Alpha>
    <UZL>90.44450753799714</UZL>
    <K0>0.42186966305007162</K0>
    <K1>0.10572983634579938</K1>
    <K2>0.016277646084321067</K2>
    <MAXBAS>1</MAXBAS>
    <Cet>0</Cet>
    <PCALT>10</PCALT>
    <TCALT>0.6</TCALT>
    <Pelev>3022</Pelev>
    <Telev>3058</Telev>
    <PART>0.5</PART>
    <DELAY>1</DELAY>
  </CatchmentParameters>
  <VegetationZone>
    <VegetationZoneParameters>
      <TT>1.7824216946788745</TT>
      <CFMAX>2.0891828555373468</CFMAX>
      <SP>0</SP>
      <SFCF>0.62544087290455919</SFCF>
      <CFR>0.099994210166915148</CFR>
      <CWH>0.1000000518923138</CWH>
      <CFGlacier>1</CFGlacier>
      <CFSlope>1</CFSlope>
      <FC>563.666910055165</FC>
      <LP>0.52120085439544139</LP>
      <BETA>4.1650317580647958</BETA>
    </VegetationZoneParameters>
  </VegetationZone>
  <SubCatchment>
    <SubCatchmentParameters>
      <KSI>0.001</KSI>
      <KGmin>0.05</KGmin>
      <RangeKG>0.1</RangeKG>
      <AG>0.1</AG>
      <PERC>0.091035885240719622</PERC>
      <Alpha>0</Alpha>
      <UZL>90.44450753799714</UZL>
      <K0>0.42186966305007162</K0>
      <K1>0.10572983634579938</K1>
      <K2>0.016277646084321067</K2>
      <MAXBAS>1</MAXBAS>
      <Cet>0</Cet>
      <PCALT>10</PCALT>
      <TCALT>0.6</TCALT>
      <Pelev>3022</Pelev>
      <Telev>3058</Telev>
      <PART>0.5</PART>
      <DELAY>1</DELAY>
    </SubCatchmentParameters>
    <SubCatchmentVegetationZone>
      <SubCatchmentVegetationZoneParameters>
        <TT>1.7824216946788745</TT>
        <CFMAX>2.0891828555373468</CFMAX>
        <SP>0</SP>
        <SFCF>0.62544087290455919</SFCF>
        <CFR>0.099994210166915148</CFR>
        <CWH>0.1000000518923138</CWH>
        <CFGlacier>1</CFGlacier>
        <CFSlope>1</CFSlope>
        <FC>563.666910055165</FC>
        <LP>0.52120085439544139</LP>
        <BETA>4.1650317580647958</BETA>
      </SubCatchmentVegetationZoneParameters>
    </SubCatchmentVegetationZone>
  </SubCatchment>
</Catchment>