<?xml version="1.0" encoding="utf-8"?>
<Catchment xmlns:xsi="http://www.w3.org/2001/XMLSchema-instance" xmlns:xsd="http://www.w3.org/2001/XMLSchema">
  <CatchmentParameters>
    <KSI>0.001</KSI>
    <KGmin>0.05</KGmin>
    <RangeKG>0.1</RangeKG>
    <AG>0.1</AG>
    <PERC>8.511792894189611</PERC>
    <Alpha>0</Alpha>
    <UZL>64.372351772312342</UZL>
    <K0>0.37232405157194576</K0>
    <K1>0.19271187413977328</K1>
    <K2>0.11227664260920685</K2>
    <MAXBAS>1.6549739828015642</MAXBAS>
    <Cet>0</Cet>
    <PCALT>10</PCALT>
    <TCALT>0.6</TCALT>
    <Pelev>3022</Pelev>
    <Telev>3058</Telev>
    <PART>0.5</PART>
    <DELAY>1</DELAY>
  </CatchmentParameters>
  <VegetationZone>
    <VegetationZoneParameters>
      <TT>1.8653132442736384</TT>
      <CFMAX>2.0486432616222974</CFMAX>
      <SP>0</SP>
      <SFCF>0.65223651244891012</SFCF>
      <CFR>0.099999789346376156</CFR>
      <CWH>0.19999886791545168</CWH>
      <CFGlacier>1</CFGlacier>
      <CFSlope>1</CFSlope>
      <FC>570.34383692646554</FC>
      <LP>0.52202797560002578</LP>
      <BETA>4.3035590107123394</BETA>
    </VegetationZoneParameters>
  </VegetationZone>
  <SubCatchment>
    <SubCatchmentParameters>
      <KSI>0.001</KSI>
      <KGmin>0.05</KGmin>
      <RangeKG>0.1</RangeKG>
      <AG>0.1</AG>
      <PERC>8.511792894189611</PERC>
      <Alpha>0</Alpha>
      <UZL>64.372351772312342</UZL>
      <K0>0.37232405157194576</K0>
      <K1>0.19271187413977328</K1>
      <K2>0.11227664260920685</K2>
      <MAXBAS>1.6549739828015642</MAXBAS>
      <Cet>0</Cet>
      <PCALT>10</PCALT>
      <TCALT>0.6</TCALT>
      <Pelev>3022</Pelev>
      <Telev>3058</Telev>
      <PART>0.5</PART>
      <DELAY>1</DELAY>
    </SubCatchmentParameters>
    <SubCatchmentVegetationZone>
      <SubCatchmentVegetationZoneParameters>
        <TT>1.8653132442736384</TT>
        <CFMAX>2.0486432616222974</CFMAX>
        <SP>0</SP>
        <SFCF>0.65223651244891012</SFCF>
        <CFR>0.099999789346376156</CFR>
        <CWH>0.19999886791545168</CWH>
        <CFGlacier>1</CFGlacier>
        <CFSlope>1</CFSlope>
        <FC>570.34383692646554</FC>
        <LP>0.52202797560002578</LP>
        <BETA>4.3035590107123394</BETA>
      </SubCatchmentVegetationZoneParameters>
    </SubCatchmentVegetationZone>
  </SubCatchment>
</Catchment>