<?xml version="1.0" encoding="utf-8"?>
<Catchment xmlns:xsi="http://www.w3.org/2001/XMLSchema-instance" xmlns:xsd="http://www.w3.org/2001/XMLSchema">
  <CatchmentParameters>
    <KSI>0.001</KSI>
    <KGmin>0.05</KGmin>
    <RangeKG>0.1</RangeKG>
    <AG>0.1</AG>
    <PERC>9.9999186834855767</PERC>
    <Alpha>0</Alpha>
    <UZL>72.6392029632562</UZL>
    <K0>0.19822918278743856</K0>
    <K1>0.088216323181165068</K1>
    <K2>0.098121390199923747</K2>
    <MAXBAS>1.1250865799049397</MAXBAS>
    <Cet>0</Cet>
    <PCALT>10</PCALT>
    <TCALT>0.6</TCALT>
    <Pelev>3022</Pelev>
    <Telev>3058</Telev>
    <PART>0.5</PART>
    <DELAY>1</DELAY>
  </CatchmentParameters>
  <VegetationZone>
    <VegetationZoneParameters>
      <TT>2.2287280494355191</TT>
      <CFMAX>2.4026889831832476</CFMAX>
      <SP>0</SP>
      <SFCF>0.61793191929099189</SFCF>
      <CFR>0.09999655551233512</CFR>
      <CWH>0.1999980950030662</CWH>
      <CFGlacier>1</CFGlacier>
      <CFSlope>1</CFSlope>
      <FC>543.61246323369267</FC>
      <LP>0.61875162500859882</LP>
      <BETA>5.9998499912853154</BETA>
    </VegetationZoneParameters>
  </VegetationZone>
  <SubCatchment>
    <SubCatchmentParameters>
      <KSI>0.001</KSI>
      <KGmin>0.05</KGmin>
      <RangeKG>0.1</RangeKG>
      <AG>0.1</AG>
      <PERC>9.9999186834855767</PERC>
      <Alpha>0</Alpha>
      <UZL>72.6392029632562</UZL>
      <K0>0.19822918278743856</K0>
      <K1>0.088216323181165068</K1>
      <K2>0.098121390199923747</K2>
      <MAXBAS>1.1250865799049397</MAXBAS>
      <Cet>0</Cet>
      <PCALT>10</PCALT>
      <TCALT>0.6</TCALT>
      <Pelev>3022</Pelev>
      <Telev>3058</Telev>
      <PART>0.5</PART>
      <DELAY>1</DELAY>
    </SubCatchmentParameters>
    <SubCatchmentVegetationZone>
      <SubCatchmentVegetationZoneParameters>
        <TT>2.2287280494355191</TT>
        <CFMAX>2.4026889831832476</CFMAX>
        <SP>0</SP>
        <SFCF>0.61793191929099189</SFCF>
        <CFR>0.09999655551233512</CFR>
        <CWH>0.1999980950030662</CWH>
        <CFGlacier>1</CFGlacier>
        <CFSlope>1</CFSlope>
        <FC>543.61246323369267</FC>
        <LP>0.61875162500859882</LP>
        <BETA>5.9998499912853154</BETA>
      </SubCatchmentVegetationZoneParameters>
    </SubCatchmentVegetationZone>
  </SubCatchment>
</Catchment>