<?xml version="1.0" encoding="utf-8"?>
<Catchment xmlns:xsi="http://www.w3.org/2001/XMLSchema-instance" xmlns:xsd="http://www.w3.org/2001/XMLSchema">
  <CatchmentParameters>
    <KSI>0.001</KSI>
    <KGmin>0.05</KGmin>
    <RangeKG>0.1</RangeKG>
    <AG>0.1</AG>
    <PERC>0.035258049218268681</PERC>
    <Alpha>0</Alpha>
    <UZL>72.295125838395</UZL>
    <K0>0.25932603827110112</K0>
    <K1>0.14003065373101603</K1>
    <K2>0.010002229534037966</K2>
    <MAXBAS>1</MAXBAS>
    <Cet>0</Cet>
    <PCALT>10</PCALT>
    <TCALT>0.6</TCALT>
    <Pelev>3022</Pelev>
    <Telev>3058</Telev>
    <PART>0.5</PART>
    <DELAY>1</DELAY>
  </CatchmentParameters>
  <VegetationZone>
    <VegetationZoneParameters>
      <TT>1.0815275710831225</TT>
      <CFMAX>1.8572874069286391</CFMAX>
      <SP>0</SP>
      <SFCF>0.77584997433948644</SFCF>
      <CFR>0.099995309182788136</CFR>
      <CWH>0.19994449453079705</CWH>
      <CFGlacier>1</CFGlacier>
      <CFSlope>1</CFSlope>
      <FC>1786.4820163140314</FC>
      <LP>0.63742408020135033</LP>
      <BETA>4.5810842755376076</BETA>
    </VegetationZoneParameters>
  </VegetationZone>
  <SubCatchment>
    <SubCatchmentParameters>
      <KSI>0.001</KSI>
      <KGmin>0.05</KGmin>
      <RangeKG>0.1</RangeKG>
      <AG>0.1</AG>
      <PERC>0.035258049218268681</PERC>
      <Alpha>0</Alpha>
      <UZL>72.295125838395</UZL>
      <K0>0.25932603827110112</K0>
      <K1>0.14003065373101603</K1>
      <K2>0.010002229534037966</K2>
      <MAXBAS>1</MAXBAS>
      <Cet>0</Cet>
      <PCALT>10</PCALT>
      <TCALT>0.6</TCALT>
      <Pelev>3022</Pelev>
      <Telev>3058</Telev>
      <PART>0.5</PART>
      <DELAY>1</DELAY>
    </SubCatchmentParameters>
    <SubCatchmentVegetationZone>
      <SubCatchmentVegetationZoneParameters>
        <TT>1.0815275710831225</TT>
        <CFMAX>1.8572874069286391</CFMAX>
        <SP>0</SP>
        <SFCF>0.77584997433948644</SFCF>
        <CFR>0.099995309182788136</CFR>
        <CWH>0.19994449453079705</CWH>
        <CFGlacier>1</CFGlacier>
        <CFSlope>1</CFSlope>
        <FC>1786.4820163140314</FC>
        <LP>0.63742408020135033</LP>
        <BETA>4.5810842755376076</BETA>
      </SubCatchmentVegetationZoneParameters>
    </SubCatchmentVegetationZone>
  </SubCatchment>
</Catchment>