<?xml version="1.0" encoding="utf-8"?>
<Catchment xmlns:xsi="http://www.w3.org/2001/XMLSchema-instance" xmlns:xsd="http://www.w3.org/2001/XMLSchema">
  <CatchmentParameters>
    <KSI>0.001</KSI>
    <KGmin>0.05</KGmin>
    <RangeKG>0.1</RangeKG>
    <AG>0.1</AG>
    <PERC>6.578634203612296</PERC>
    <Alpha>0</Alpha>
    <UZL>114.97904491879156</UZL>
    <K0>0.1110928485785621</K0>
    <K1>0.0905166897611833</K1>
    <K2>0.093381461006042984</K2>
    <MAXBAS>1.4245912288705651</MAXBAS>
    <Cet>0</Cet>
    <PCALT>10</PCALT>
    <TCALT>0.6</TCALT>
    <Pelev>3022</Pelev>
    <Telev>3058</Telev>
    <PART>0.5</PART>
    <DELAY>1</DELAY>
  </CatchmentParameters>
  <VegetationZone>
    <VegetationZoneParameters>
      <TT>2.4978715607945938</TT>
      <CFMAX>2.9727097682062444</CFMAX>
      <SP>0</SP>
      <SFCF>0.67980678890764956</SFCF>
      <CFR>0.099999638735732768</CFR>
      <CWH>0.19999999681826869</CWH>
      <CFGlacier>1</CFGlacier>
      <CFSlope>1</CFSlope>
      <FC>459.73778625324127</FC>
      <LP>0.34965490206987732</LP>
      <BETA>4.26586853430548</BETA>
    </VegetationZoneParameters>
  </VegetationZone>
  <SubCatchment>
    <SubCatchmentParameters>
      <KSI>0.001</KSI>
      <KGmin>0.05</KGmin>
      <RangeKG>0.1</RangeKG>
      <AG>0.1</AG>
      <PERC>6.578634203612296</PERC>
      <Alpha>0</Alpha>
      <UZL>114.97904491879156</UZL>
      <K0>0.1110928485785621</K0>
      <K1>0.0905166897611833</K1>
      <K2>0.093381461006042984</K2>
      <MAXBAS>1.4245912288705651</MAXBAS>
      <Cet>0</Cet>
      <PCALT>10</PCALT>
      <TCALT>0.6</TCALT>
      <Pelev>3022</Pelev>
      <Telev>3058</Telev>
      <PART>0.5</PART>
      <DELAY>1</DELAY>
    </SubCatchmentParameters>
    <SubCatchmentVegetationZone>
      <SubCatchmentVegetationZoneParameters>
        <TT>2.4978715607945938</TT>
        <CFMAX>2.9727097682062444</CFMAX>
        <SP>0</SP>
        <SFCF>0.67980678890764956</SFCF>
        <CFR>0.099999638735732768</CFR>
        <CWH>0.19999999681826869</CWH>
        <CFGlacier>1</CFGlacier>
        <CFSlope>1</CFSlope>
        <FC>459.73778625324127</FC>
        <LP>0.34965490206987732</LP>
        <BETA>4.26586853430548</BETA>
      </SubCatchmentVegetationZoneParameters>
    </SubCatchmentVegetationZone>
  </SubCatchment>
</Catchment>