<?xml version="1.0" encoding="utf-8"?>
<Catchment xmlns:xsi="http://www.w3.org/2001/XMLSchema-instance" xmlns:xsd="http://www.w3.org/2001/XMLSchema">
  <CatchmentParameters>
    <KSI>0.001</KSI>
    <KGmin>0.05</KGmin>
    <RangeKG>0.1</RangeKG>
    <AG>0.1</AG>
    <PERC>0.02756190728070284</PERC>
    <Alpha>0</Alpha>
    <UZL>71.920414806739231</UZL>
    <K0>0.51241554788071919</K0>
    <K1>0.126174263833892</K1>
    <K2>0.01000004028733619</K2>
    <MAXBAS>1</MAXBAS>
    <Cet>0</Cet>
    <PCALT>10</PCALT>
    <TCALT>0.6</TCALT>
    <Pelev>3022</Pelev>
    <Telev>3058</Telev>
    <PART>0.5</PART>
    <DELAY>1</DELAY>
  </CatchmentParameters>
  <VegetationZone>
    <VegetationZoneParameters>
      <TT>0.956514135797115</TT>
      <CFMAX>2.1866277095518081</CFMAX>
      <SP>0</SP>
      <SFCF>0.92049362692454462</SFCF>
      <CFR>0.018870146443183217</CFR>
      <CWH>0.1408055106962903</CWH>
      <CFGlacier>1</CFGlacier>
      <CFSlope>1</CFSlope>
      <FC>1935.3024133771687</FC>
      <LP>0.49343327044985341</LP>
      <BETA>4.2394105049357051</BETA>
    </VegetationZoneParameters>
  </VegetationZone>
  <SubCatchment>
    <SubCatchmentParameters>
      <KSI>0.001</KSI>
      <KGmin>0.05</KGmin>
      <RangeKG>0.1</RangeKG>
      <AG>0.1</AG>
      <PERC>0.02756190728070284</PERC>
      <Alpha>0</Alpha>
      <UZL>71.920414806739231</UZL>
      <K0>0.51241554788071919</K0>
      <K1>0.126174263833892</K1>
      <K2>0.01000004028733619</K2>
      <MAXBAS>1</MAXBAS>
      <Cet>0</Cet>
      <PCALT>10</PCALT>
      <TCALT>0.6</TCALT>
      <Pelev>3022</Pelev>
      <Telev>3058</Telev>
      <PART>0.5</PART>
      <DELAY>1</DELAY>
    </SubCatchmentParameters>
    <SubCatchmentVegetationZone>
      <SubCatchmentVegetationZoneParameters>
        <TT>0.956514135797115</TT>
        <CFMAX>2.1866277095518081</CFMAX>
        <SP>0</SP>
        <SFCF>0.92049362692454462</SFCF>
        <CFR>0.018870146443183217</CFR>
        <CWH>0.1408055106962903</CWH>
        <CFGlacier>1</CFGlacier>
        <CFSlope>1</CFSlope>
        <FC>1935.3024133771687</FC>
        <LP>0.49343327044985341</LP>
        <BETA>4.2394105049357051</BETA>
      </SubCatchmentVegetationZoneParameters>
    </SubCatchmentVegetationZone>
  </SubCatchment>
</Catchment>