<?xml version="1.0" encoding="utf-8"?>
<Catchment xmlns:xsi="http://www.w3.org/2001/XMLSchema-instance" xmlns:xsd="http://www.w3.org/2001/XMLSchema">
  <CatchmentParameters>
    <KSI>0.001</KSI>
    <KGmin>0.05</KGmin>
    <RangeKG>0.1</RangeKG>
    <AG>0.1</AG>
    <PERC>4.5051474390344142</PERC>
    <Alpha>0</Alpha>
    <UZL>38.969584179211672</UZL>
    <K0>0.37016007064353873</K0>
    <K1>0.069703745648196785</K1>
    <K2>0.11246946266246638</K2>
    <MAXBAS>1.3050056465527822</MAXBAS>
    <Cet>0</Cet>
    <PCALT>10</PCALT>
    <TCALT>0.6</TCALT>
    <Pelev>3022</Pelev>
    <Telev>3058</Telev>
    <PART>0.5</PART>
    <DELAY>1</DELAY>
  </CatchmentParameters>
  <VegetationZone>
    <VegetationZoneParameters>
      <TT>2.4940766328809789</TT>
      <CFMAX>2.6123907336729069</CFMAX>
      <SP>0</SP>
      <SFCF>0.61968187871904956</SFCF>
      <CFR>0.09779402387542277</CFR>
      <CWH>0.19928231081564662</CWH>
      <CFGlacier>1</CFGlacier>
      <CFSlope>1</CFSlope>
      <FC>543.98849390424164</FC>
      <LP>0.63820299586454987</LP>
      <BETA>5.999976478231261</BETA>
    </VegetationZoneParameters>
  </VegetationZone>
  <SubCatchment>
    <SubCatchmentParameters>
      <KSI>0.001</KSI>
      <KGmin>0.05</KGmin>
      <RangeKG>0.1</RangeKG>
      <AG>0.1</AG>
      <PERC>4.5051474390344142</PERC>
      <Alpha>0</Alpha>
      <UZL>38.969584179211672</UZL>
      <K0>0.37016007064353873</K0>
      <K1>0.069703745648196785</K1>
      <K2>0.11246946266246638</K2>
      <MAXBAS>1.3050056465527822</MAXBAS>
      <Cet>0</Cet>
      <PCALT>10</PCALT>
      <TCALT>0.6</TCALT>
      <Pelev>3022</Pelev>
      <Telev>3058</Telev>
      <PART>0.5</PART>
      <DELAY>1</DELAY>
    </SubCatchmentParameters>
    <SubCatchmentVegetationZone>
      <SubCatchmentVegetationZoneParameters>
        <TT>2.4940766328809789</TT>
        <CFMAX>2.6123907336729069</CFMAX>
        <SP>0</SP>
        <SFCF>0.61968187871904956</SFCF>
        <CFR>0.09779402387542277</CFR>
        <CWH>0.19928231081564662</CWH>
        <CFGlacier>1</CFGlacier>
        <CFSlope>1</CFSlope>
        <FC>543.98849390424164</FC>
        <LP>0.63820299586454987</LP>
        <BETA>5.999976478231261</BETA>
      </SubCatchmentVegetationZoneParameters>
    </SubCatchmentVegetationZone>
  </SubCatchment>
</Catchment>