<?xml version="1.0" encoding="utf-8"?>
<Catchment xmlns:xsi="http://www.w3.org/2001/XMLSchema-instance" xmlns:xsd="http://www.w3.org/2001/XMLSchema">
  <CatchmentParameters>
    <KSI>0.001</KSI>
    <KGmin>0.05</KGmin>
    <RangeKG>0.1</RangeKG>
    <AG>0.1</AG>
    <PERC>7.4934249017838273</PERC>
    <Alpha>0</Alpha>
    <UZL>174.37851352511217</UZL>
    <K0>0.44109566001780914</K0>
    <K1>0.32342356185913729</K1>
    <K2>0.13104398275139551</K2>
    <MAXBAS>1.7650763630483848</MAXBAS>
    <Cet>0</Cet>
    <PCALT>10</PCALT>
    <TCALT>0.6</TCALT>
    <Pelev>3022</Pelev>
    <Telev>3058</Telev>
    <PART>0.5</PART>
    <DELAY>1</DELAY>
  </CatchmentParameters>
  <VegetationZone>
    <VegetationZoneParameters>
      <TT>1.8671644911004792</TT>
      <CFMAX>1.7046330046401303</CFMAX>
      <SP>0</SP>
      <SFCF>0.61084501827261917</SFCF>
      <CFR>0.035272393078096431</CFR>
      <CWH>0.19999870044862517</CWH>
      <CFGlacier>1</CFGlacier>
      <CFSlope>1</CFSlope>
      <FC>484.14710479134243</FC>
      <LP>0.4392489660721226</LP>
      <BETA>3.6183720119692566</BETA>
    </VegetationZoneParameters>
  </VegetationZone>
  <SubCatchment>
    <SubCatchmentParameters>
      <KSI>0.001</KSI>
      <KGmin>0.05</KGmin>
      <RangeKG>0.1</RangeKG>
      <AG>0.1</AG>
      <PERC>7.4934249017838273</PERC>
      <Alpha>0</Alpha>
      <UZL>174.37851352511217</UZL>
      <K0>0.44109566001780914</K0>
      <K1>0.32342356185913729</K1>
      <K2>0.13104398275139551</K2>
      <MAXBAS>1.7650763630483848</MAXBAS>
      <Cet>0</Cet>
      <PCALT>10</PCALT>
      <TCALT>0.6</TCALT>
      <Pelev>3022</Pelev>
      <Telev>3058</Telev>
      <PART>0.5</PART>
      <DELAY>1</DELAY>
    </SubCatchmentParameters>
    <SubCatchmentVegetationZone>
      <SubCatchmentVegetationZoneParameters>
        <TT>1.8671644911004792</TT>
        <CFMAX>1.7046330046401303</CFMAX>
        <SP>0</SP>
        <SFCF>0.61084501827261917</SFCF>
        <CFR>0.035272393078096431</CFR>
        <CWH>0.19999870044862517</CWH>
        <CFGlacier>1</CFGlacier>
        <CFSlope>1</CFSlope>
        <FC>484.14710479134243</FC>
        <LP>0.4392489660721226</LP>
        <BETA>3.6183720119692566</BETA>
      </SubCatchmentVegetationZoneParameters>
    </SubCatchmentVegetationZone>
  </SubCatchment>
</Catchment>