<?xml version="1.0" encoding="utf-8"?>
<Catchment xmlns:xsi="http://www.w3.org/2001/XMLSchema-instance" xmlns:xsd="http://www.w3.org/2001/XMLSchema">
  <CatchmentParameters>
    <KSI>0.001</KSI>
    <KGmin>0.05</KGmin>
    <RangeKG>0.1</RangeKG>
    <AG>0.1</AG>
    <PERC>0.04257264511905097</PERC>
    <Alpha>0</Alpha>
    <UZL>97.083564132761452</UZL>
    <K0>0.39633732275236389</K0>
    <K1>0.13134861518537877</K1>
    <K2>0.010005146452500221</K2>
    <MAXBAS>1</MAXBAS>
    <Cet>0</Cet>
    <PCALT>10</PCALT>
    <TCALT>0.6</TCALT>
    <Pelev>3022</Pelev>
    <Telev>3058</Telev>
    <PART>0.5</PART>
    <DELAY>1</DELAY>
  </CatchmentParameters>
  <VegetationZone>
    <VegetationZoneParameters>
      <TT>0.74150451896258285</TT>
      <CFMAX>1.3765797521363372</CFMAX>
      <SP>0</SP>
      <SFCF>0.62299776454366573</SFCF>
      <CFR>0.04339264288186339</CFR>
      <CWH>0.10001066962973508</CWH>
      <CFGlacier>1</CFGlacier>
      <CFSlope>1</CFSlope>
      <FC>623.57405925054979</FC>
      <LP>0.49640909312587872</LP>
      <BETA>4.3451115106610025</BETA>
    </VegetationZoneParameters>
  </VegetationZone>
  <SubCatchment>
    <SubCatchmentParameters>
      <KSI>0.001</KSI>
      <KGmin>0.05</KGmin>
      <RangeKG>0.1</RangeKG>
      <AG>0.1</AG>
      <PERC>0.04257264511905097</PERC>
      <Alpha>0</Alpha>
      <UZL>97.083564132761452</UZL>
      <K0>0.39633732275236389</K0>
      <K1>0.13134861518537877</K1>
      <K2>0.010005146452500221</K2>
      <MAXBAS>1</MAXBAS>
      <Cet>0</Cet>
      <PCALT>10</PCALT>
      <TCALT>0.6</TCALT>
      <Pelev>3022</Pelev>
      <Telev>3058</Telev>
      <PART>0.5</PART>
      <DELAY>1</DELAY>
    </SubCatchmentParameters>
    <SubCatchmentVegetationZone>
      <SubCatchmentVegetationZoneParameters>
        <TT>0.74150451896258285</TT>
        <CFMAX>1.3765797521363372</CFMAX>
        <SP>0</SP>
        <SFCF>0.62299776454366573</SFCF>
        <CFR>0.04339264288186339</CFR>
        <CWH>0.10001066962973508</CWH>
        <CFGlacier>1</CFGlacier>
        <CFSlope>1</CFSlope>
        <FC>623.57405925054979</FC>
        <LP>0.49640909312587872</LP>
        <BETA>4.3451115106610025</BETA>
      </SubCatchmentVegetationZoneParameters>
    </SubCatchmentVegetationZone>
  </SubCatchment>
</Catchment>