<?xml version="1.0" encoding="utf-8"?>
<Catchment xmlns:xsi="http://www.w3.org/2001/XMLSchema-instance" xmlns:xsd="http://www.w3.org/2001/XMLSchema">
  <CatchmentParameters>
    <KSI>0.001</KSI>
    <KGmin>0.05</KGmin>
    <RangeKG>0.1</RangeKG>
    <AG>0.1</AG>
    <PERC>0.031723348072725262</PERC>
    <Alpha>0</Alpha>
    <UZL>60.959064136586058</UZL>
    <K0>0.52099703632623651</K0>
    <K1>0.15828136962160877</K1>
    <K2>0.010000026729077313</K2>
    <MAXBAS>1</MAXBAS>
    <Cet>0</Cet>
    <PCALT>10</PCALT>
    <TCALT>0.6</TCALT>
    <Pelev>3022</Pelev>
    <Telev>3058</Telev>
    <PART>0.5</PART>
    <DELAY>1</DELAY>
  </CatchmentParameters>
  <VegetationZone>
    <VegetationZoneParameters>
      <TT>1.1469811022584762</TT>
      <CFMAX>1.6678229895061723</CFMAX>
      <SP>0</SP>
      <SFCF>0.74893398280577683</SFCF>
      <CFR>0.02596063972594059</CFR>
      <CWH>0.14794097890439295</CWH>
      <CFGlacier>1</CFGlacier>
      <CFSlope>1</CFSlope>
      <FC>1208.3873353801316</FC>
      <LP>0.43321548328565979</LP>
      <BETA>2.9433850882028585</BETA>
    </VegetationZoneParameters>
  </VegetationZone>
  <SubCatchment>
    <SubCatchmentParameters>
      <KSI>0.001</KSI>
      <KGmin>0.05</KGmin>
      <RangeKG>0.1</RangeKG>
      <AG>0.1</AG>
      <PERC>0.031723348072725262</PERC>
      <Alpha>0</Alpha>
      <UZL>60.959064136586058</UZL>
      <K0>0.52099703632623651</K0>
      <K1>0.15828136962160877</K1>
      <K2>0.010000026729077313</K2>
      <MAXBAS>1</MAXBAS>
      <Cet>0</Cet>
      <PCALT>10</PCALT>
      <TCALT>0.6</TCALT>
      <Pelev>3022</Pelev>
      <Telev>3058</Telev>
      <PART>0.5</PART>
      <DELAY>1</DELAY>
    </SubCatchmentParameters>
    <SubCatchmentVegetationZone>
      <SubCatchmentVegetationZoneParameters>
        <TT>1.1469811022584762</TT>
        <CFMAX>1.6678229895061723</CFMAX>
        <SP>0</SP>
        <SFCF>0.74893398280577683</SFCF>
        <CFR>0.02596063972594059</CFR>
        <CWH>0.14794097890439295</CWH>
        <CFGlacier>1</CFGlacier>
        <CFSlope>1</CFSlope>
        <FC>1208.3873353801316</FC>
        <LP>0.43321548328565979</LP>
        <BETA>2.9433850882028585</BETA>
      </SubCatchmentVegetationZoneParameters>
    </SubCatchmentVegetationZone>
  </SubCatchment>
</Catchment>