<?xml version="1.0" encoding="utf-8"?>
<Catchment xmlns:xsi="http://www.w3.org/2001/XMLSchema-instance" xmlns:xsd="http://www.w3.org/2001/XMLSchema">
  <CatchmentParameters>
    <KSI>0.001</KSI>
    <KGmin>0.05</KGmin>
    <RangeKG>0.1</RangeKG>
    <AG>0.1</AG>
    <PERC>0.052922638010674247</PERC>
    <Alpha>0</Alpha>
    <UZL>76.0861087956133</UZL>
    <K0>0.16062901901228865</K0>
    <K1>0.12389797851875953</K1>
    <K2>0.013665258278097175</K2>
    <MAXBAS>1</MAXBAS>
    <Cet>0</Cet>
    <PCALT>10</PCALT>
    <TCALT>0.6</TCALT>
    <Pelev>3022</Pelev>
    <Telev>3058</Telev>
    <PART>0.5</PART>
    <DELAY>1</DELAY>
  </CatchmentParameters>
  <VegetationZone>
    <VegetationZoneParameters>
      <TT>0.035399178032571636</TT>
      <CFMAX>1.2803832771533383</CFMAX>
      <SP>0</SP>
      <SFCF>0.66664498729875188</SFCF>
      <CFR>0.09999999156296302</CFR>
      <CWH>0.12282593888657131</CWH>
      <CFGlacier>1</CFGlacier>
      <CFSlope>1</CFSlope>
      <FC>808.365510868399</FC>
      <LP>0.59438250107446267</LP>
      <BETA>5.9104749048276357</BETA>
    </VegetationZoneParameters>
  </VegetationZone>
  <SubCatchment>
    <SubCatchmentParameters>
      <KSI>0.001</KSI>
      <KGmin>0.05</KGmin>
      <RangeKG>0.1</RangeKG>
      <AG>0.1</AG>
      <PERC>0.052922638010674247</PERC>
      <Alpha>0</Alpha>
      <UZL>76.0861087956133</UZL>
      <K0>0.16062901901228865</K0>
      <K1>0.12389797851875953</K1>
      <K2>0.013665258278097175</K2>
      <MAXBAS>1</MAXBAS>
      <Cet>0</Cet>
      <PCALT>10</PCALT>
      <TCALT>0.6</TCALT>
      <Pelev>3022</Pelev>
      <Telev>3058</Telev>
      <PART>0.5</PART>
      <DELAY>1</DELAY>
    </SubCatchmentParameters>
    <SubCatchmentVegetationZone>
      <SubCatchmentVegetationZoneParameters>
        <TT>0.035399178032571636</TT>
        <CFMAX>1.2803832771533383</CFMAX>
        <SP>0</SP>
        <SFCF>0.66664498729875188</SFCF>
        <CFR>0.09999999156296302</CFR>
        <CWH>0.12282593888657131</CWH>
        <CFGlacier>1</CFGlacier>
        <CFSlope>1</CFSlope>
        <FC>808.365510868399</FC>
        <LP>0.59438250107446267</LP>
        <BETA>5.9104749048276357</BETA>
      </SubCatchmentVegetationZoneParameters>
    </SubCatchmentVegetationZone>
  </SubCatchment>
</Catchment>