<?xml version="1.0" encoding="utf-8"?>
<Catchment xmlns:xsi="http://www.w3.org/2001/XMLSchema-instance" xmlns:xsd="http://www.w3.org/2001/XMLSchema">
  <CatchmentParameters>
    <KSI>0.001</KSI>
    <KGmin>0.05</KGmin>
    <RangeKG>0.1</RangeKG>
    <AG>0.1</AG>
    <PERC>0.048114024607778652</PERC>
    <Alpha>0</Alpha>
    <UZL>199.20303705248423</UZL>
    <K0>0.41200435616003767</K0>
    <K1>0.10986125581843888</K1>
    <K2>0.010000006405937097</K2>
    <MAXBAS>1</MAXBAS>
    <Cet>0</Cet>
    <PCALT>10</PCALT>
    <TCALT>0.6</TCALT>
    <Pelev>3022</Pelev>
    <Telev>3058</Telev>
    <PART>0.5</PART>
    <DELAY>1</DELAY>
  </CatchmentParameters>
  <VegetationZone>
    <VegetationZoneParameters>
      <TT>1.881265536351445</TT>
      <CFMAX>2.4258200075443086</CFMAX>
      <SP>0</SP>
      <SFCF>0.68714875436422862</SFCF>
      <CFR>0.081198056877334515</CFR>
      <CWH>0.10000008921522348</CWH>
      <CFGlacier>1</CFGlacier>
      <CFSlope>1</CFSlope>
      <FC>692.81631796031672</FC>
      <LP>0.51798622933134086</LP>
      <BETA>4.5616054294441515</BETA>
    </VegetationZoneParameters>
  </VegetationZone>
  <SubCatchment>
    <SubCatchmentParameters>
      <KSI>0.001</KSI>
      <KGmin>0.05</KGmin>
      <RangeKG>0.1</RangeKG>
      <AG>0.1</AG>
      <PERC>0.048114024607778652</PERC>
      <Alpha>0</Alpha>
      <UZL>199.20303705248423</UZL>
      <K0>0.41200435616003767</K0>
      <K1>0.10986125581843888</K1>
      <K2>0.010000006405937097</K2>
      <MAXBAS>1</MAXBAS>
      <Cet>0</Cet>
      <PCALT>10</PCALT>
      <TCALT>0.6</TCALT>
      <Pelev>3022</Pelev>
      <Telev>3058</Telev>
      <PART>0.5</PART>
      <DELAY>1</DELAY>
    </SubCatchmentParameters>
    <SubCatchmentVegetationZone>
      <SubCatchmentVegetationZoneParameters>
        <TT>1.881265536351445</TT>
        <CFMAX>2.4258200075443086</CFMAX>
        <SP>0</SP>
        <SFCF>0.68714875436422862</SFCF>
        <CFR>0.081198056877334515</CFR>
        <CWH>0.10000008921522348</CWH>
        <CFGlacier>1</CFGlacier>
        <CFSlope>1</CFSlope>
        <FC>692.81631796031672</FC>
        <LP>0.51798622933134086</LP>
        <BETA>4.5616054294441515</BETA>
      </SubCatchmentVegetationZoneParameters>
    </SubCatchmentVegetationZone>
  </SubCatchment>
</Catchment>