<?xml version="1.0" encoding="utf-8"?>
<Catchment xmlns:xsi="http://www.w3.org/2001/XMLSchema-instance" xmlns:xsd="http://www.w3.org/2001/XMLSchema">
  <CatchmentParameters>
    <KSI>0.001</KSI>
    <KGmin>0.05</KGmin>
    <RangeKG>0.1</RangeKG>
    <AG>0.1</AG>
    <PERC>9.99580687114329</PERC>
    <Alpha>0</Alpha>
    <UZL>141.91915007078646</UZL>
    <K0>0.2024787823941368</K0>
    <K1>0.15498089811450747</K1>
    <K2>0.11201928920767362</K2>
    <MAXBAS>1.3750923091844214</MAXBAS>
    <Cet>0</Cet>
    <PCALT>10</PCALT>
    <TCALT>0.6</TCALT>
    <Pelev>3022</Pelev>
    <Telev>3058</Telev>
    <PART>0.5</PART>
    <DELAY>1</DELAY>
  </CatchmentParameters>
  <VegetationZone>
    <VegetationZoneParameters>
      <TT>2.3484061780864507</TT>
      <CFMAX>2.2239222362923563</CFMAX>
      <SP>0</SP>
      <SFCF>0.59204321096760948</SFCF>
      <CFR>0.090778008657131815</CFR>
      <CWH>0.19999959796280775</CWH>
      <CFGlacier>1</CFGlacier>
      <CFSlope>1</CFSlope>
      <FC>445.15096670345594</FC>
      <LP>0.49558606506385255</LP>
      <BETA>4.7216304074951445</BETA>
    </VegetationZoneParameters>
  </VegetationZone>
  <SubCatchment>
    <SubCatchmentParameters>
      <KSI>0.001</KSI>
      <KGmin>0.05</KGmin>
      <RangeKG>0.1</RangeKG>
      <AG>0.1</AG>
      <PERC>9.99580687114329</PERC>
      <Alpha>0</Alpha>
      <UZL>141.91915007078646</UZL>
      <K0>0.2024787823941368</K0>
      <K1>0.15498089811450747</K1>
      <K2>0.11201928920767362</K2>
      <MAXBAS>1.3750923091844214</MAXBAS>
      <Cet>0</Cet>
      <PCALT>10</PCALT>
      <TCALT>0.6</TCALT>
      <Pelev>3022</Pelev>
      <Telev>3058</Telev>
      <PART>0.5</PART>
      <DELAY>1</DELAY>
    </SubCatchmentParameters>
    <SubCatchmentVegetationZone>
      <SubCatchmentVegetationZoneParameters>
        <TT>2.3484061780864507</TT>
        <CFMAX>2.2239222362923563</CFMAX>
        <SP>0</SP>
        <SFCF>0.59204321096760948</SFCF>
        <CFR>0.090778008657131815</CFR>
        <CWH>0.19999959796280775</CWH>
        <CFGlacier>1</CFGlacier>
        <CFSlope>1</CFSlope>
        <FC>445.15096670345594</FC>
        <LP>0.49558606506385255</LP>
        <BETA>4.7216304074951445</BETA>
      </SubCatchmentVegetationZoneParameters>
    </SubCatchmentVegetationZone>
  </SubCatchment>
</Catchment>