<?xml version="1.0" encoding="utf-8"?>
<Catchment xmlns:xsi="http://www.w3.org/2001/XMLSchema-instance" xmlns:xsd="http://www.w3.org/2001/XMLSchema">
  <CatchmentParameters>
    <KSI>0.001</KSI>
    <KGmin>0.05</KGmin>
    <RangeKG>0.1</RangeKG>
    <AG>0.1</AG>
    <PERC>0.055100651071036927</PERC>
    <Alpha>0</Alpha>
    <UZL>86.40415705017422</UZL>
    <K0>0.30811950808497796</K0>
    <K1>0.10425526780731605</K1>
    <K2>0.013646200620009853</K2>
    <MAXBAS>1</MAXBAS>
    <Cet>0</Cet>
    <PCALT>10</PCALT>
    <TCALT>0.6</TCALT>
    <Pelev>3022</Pelev>
    <Telev>3058</Telev>
    <PART>0.5</PART>
    <DELAY>1</DELAY>
  </CatchmentParameters>
  <VegetationZone>
    <VegetationZoneParameters>
      <TT>1.2160522721172404</TT>
      <CFMAX>2.2566127591640872</CFMAX>
      <SP>0</SP>
      <SFCF>0.73652443776549881</SFCF>
      <CFR>0.099998344614939921</CFR>
      <CWH>0.1000000339756455</CWH>
      <CFGlacier>1</CFGlacier>
      <CFSlope>1</CFSlope>
      <FC>783.90117899748088</FC>
      <LP>0.4676373736835624</LP>
      <BETA>4.7008542897853181</BETA>
    </VegetationZoneParameters>
  </VegetationZone>
  <SubCatchment>
    <SubCatchmentParameters>
      <KSI>0.001</KSI>
      <KGmin>0.05</KGmin>
      <RangeKG>0.1</RangeKG>
      <AG>0.1</AG>
      <PERC>0.055100651071036927</PERC>
      <Alpha>0</Alpha>
      <UZL>86.40415705017422</UZL>
      <K0>0.30811950808497796</K0>
      <K1>0.10425526780731605</K1>
      <K2>0.013646200620009853</K2>
      <MAXBAS>1</MAXBAS>
      <Cet>0</Cet>
      <PCALT>10</PCALT>
      <TCALT>0.6</TCALT>
      <Pelev>3022</Pelev>
      <Telev>3058</Telev>
      <PART>0.5</PART>
      <DELAY>1</DELAY>
    </SubCatchmentParameters>
    <SubCatchmentVegetationZone>
      <SubCatchmentVegetationZoneParameters>
        <TT>1.2160522721172404</TT>
        <CFMAX>2.2566127591640872</CFMAX>
        <SP>0</SP>
        <SFCF>0.73652443776549881</SFCF>
        <CFR>0.099998344614939921</CFR>
        <CWH>0.1000000339756455</CWH>
        <CFGlacier>1</CFGlacier>
        <CFSlope>1</CFSlope>
        <FC>783.90117899748088</FC>
        <LP>0.4676373736835624</LP>
        <BETA>4.7008542897853181</BETA>
      </SubCatchmentVegetationZoneParameters>
    </SubCatchmentVegetationZone>
  </SubCatchment>
</Catchment>