<?xml version="1.0" encoding="utf-8"?>
<Catchment xmlns:xsi="http://www.w3.org/2001/XMLSchema-instance" xmlns:xsd="http://www.w3.org/2001/XMLSchema">
  <CatchmentParameters>
    <KSI>0.001</KSI>
    <KGmin>0.05</KGmin>
    <RangeKG>0.1</RangeKG>
    <AG>0.1</AG>
    <PERC>6.9882827400882439</PERC>
    <Alpha>0</Alpha>
    <UZL>75.421792846727513</UZL>
    <K0>0.96480573280289139</K0>
    <K1>0.05709980273662206</K1>
    <K2>0.0940698484391002</K2>
    <MAXBAS>1.0051982433002937</MAXBAS>
    <Cet>0</Cet>
    <PCALT>10</PCALT>
    <TCALT>0.6</TCALT>
    <Pelev>3022</Pelev>
    <Telev>3058</Telev>
    <PART>0.5</PART>
    <DELAY>1</DELAY>
  </CatchmentParameters>
  <VegetationZone>
    <VegetationZoneParameters>
      <TT>2.482046908922857</TT>
      <CFMAX>2.817070094656466</CFMAX>
      <SP>0</SP>
      <SFCF>0.62541414722783584</SFCF>
      <CFR>0.099999459269291713</CFR>
      <CWH>0.19999838344763291</CWH>
      <CFGlacier>1</CFGlacier>
      <CFSlope>1</CFSlope>
      <FC>475.723832066769</FC>
      <LP>0.55334961832166418</LP>
      <BETA>5.999982880518469</BETA>
    </VegetationZoneParameters>
  </VegetationZone>
  <SubCatchment>
    <SubCatchmentParameters>
      <KSI>0.001</KSI>
      <KGmin>0.05</KGmin>
      <RangeKG>0.1</RangeKG>
      <AG>0.1</AG>
      <PERC>6.9882827400882439</PERC>
      <Alpha>0</Alpha>
      <UZL>75.421792846727513</UZL>
      <K0>0.96480573280289139</K0>
      <K1>0.05709980273662206</K1>
      <K2>0.0940698484391002</K2>
      <MAXBAS>1.0051982433002937</MAXBAS>
      <Cet>0</Cet>
      <PCALT>10</PCALT>
      <TCALT>0.6</TCALT>
      <Pelev>3022</Pelev>
      <Telev>3058</Telev>
      <PART>0.5</PART>
      <DELAY>1</DELAY>
    </SubCatchmentParameters>
    <SubCatchmentVegetationZone>
      <SubCatchmentVegetationZoneParameters>
        <TT>2.482046908922857</TT>
        <CFMAX>2.817070094656466</CFMAX>
        <SP>0</SP>
        <SFCF>0.62541414722783584</SFCF>
        <CFR>0.099999459269291713</CFR>
        <CWH>0.19999838344763291</CWH>
        <CFGlacier>1</CFGlacier>
        <CFSlope>1</CFSlope>
        <FC>475.723832066769</FC>
        <LP>0.55334961832166418</LP>
        <BETA>5.999982880518469</BETA>
      </SubCatchmentVegetationZoneParameters>
    </SubCatchmentVegetationZone>
  </SubCatchment>
</Catchment>