<?xml version="1.0" encoding="utf-8"?>
<Catchment xmlns:xsi="http://www.w3.org/2001/XMLSchema-instance" xmlns:xsd="http://www.w3.org/2001/XMLSchema">
  <CatchmentParameters>
    <KSI>0.001</KSI>
    <KGmin>0.05</KGmin>
    <RangeKG>0.1</RangeKG>
    <AG>0.1</AG>
    <PERC>6.8514266152532395</PERC>
    <Alpha>0</Alpha>
    <UZL>113.36620369736725</UZL>
    <K0>0.079064602788677066</K0>
    <K1>0.062700805006692867</K1>
    <K2>0.0928304441538743</K2>
    <MAXBAS>1.0050127568420804</MAXBAS>
    <Cet>0</Cet>
    <PCALT>10</PCALT>
    <TCALT>0.6</TCALT>
    <Pelev>3022</Pelev>
    <Telev>3058</Telev>
    <PART>0.5</PART>
    <DELAY>1</DELAY>
  </CatchmentParameters>
  <VegetationZone>
    <VegetationZoneParameters>
      <TT>1.90599919346112</TT>
      <CFMAX>2.2252624404787542</CFMAX>
      <SP>0</SP>
      <SFCF>0.61221482824557094</SFCF>
      <CFR>0.09999956612860636</CFR>
      <CWH>0.19999749274197498</CWH>
      <CFGlacier>1</CFGlacier>
      <CFSlope>1</CFSlope>
      <FC>388.24456415899976</FC>
      <LP>0.36771130575716054</LP>
      <BETA>5.9999841160364191</BETA>
    </VegetationZoneParameters>
  </VegetationZone>
  <SubCatchment>
    <SubCatchmentParameters>
      <KSI>0.001</KSI>
      <KGmin>0.05</KGmin>
      <RangeKG>0.1</RangeKG>
      <AG>0.1</AG>
      <PERC>6.8514266152532395</PERC>
      <Alpha>0</Alpha>
      <UZL>113.36620369736725</UZL>
      <K0>0.079064602788677066</K0>
      <K1>0.062700805006692867</K1>
      <K2>0.0928304441538743</K2>
      <MAXBAS>1.0050127568420804</MAXBAS>
      <Cet>0</Cet>
      <PCALT>10</PCALT>
      <TCALT>0.6</TCALT>
      <Pelev>3022</Pelev>
      <Telev>3058</Telev>
      <PART>0.5</PART>
      <DELAY>1</DELAY>
    </SubCatchmentParameters>
    <SubCatchmentVegetationZone>
      <SubCatchmentVegetationZoneParameters>
        <TT>1.90599919346112</TT>
        <CFMAX>2.2252624404787542</CFMAX>
        <SP>0</SP>
        <SFCF>0.61221482824557094</SFCF>
        <CFR>0.09999956612860636</CFR>
        <CWH>0.19999749274197498</CWH>
        <CFGlacier>1</CFGlacier>
        <CFSlope>1</CFSlope>
        <FC>388.24456415899976</FC>
        <LP>0.36771130575716054</LP>
        <BETA>5.9999841160364191</BETA>
      </SubCatchmentVegetationZoneParameters>
    </SubCatchmentVegetationZone>
  </SubCatchment>
</Catchment>