<?xml version="1.0" encoding="utf-8"?>
<Catchment xmlns:xsi="http://www.w3.org/2001/XMLSchema-instance" xmlns:xsd="http://www.w3.org/2001/XMLSchema">
  <CatchmentParameters>
    <KSI>0.001</KSI>
    <KGmin>0.05</KGmin>
    <RangeKG>0.1</RangeKG>
    <AG>0.1</AG>
    <PERC>7.8263502249881132</PERC>
    <Alpha>0</Alpha>
    <UZL>79.9184542658992</UZL>
    <K0>0.44860494319982563</K0>
    <K1>0.26975528282590305</K1>
    <K2>0.12718123176773896</K2>
    <MAXBAS>1.6351082805907669</MAXBAS>
    <Cet>0</Cet>
    <PCALT>10</PCALT>
    <TCALT>0.6</TCALT>
    <Pelev>3022</Pelev>
    <Telev>3058</Telev>
    <PART>0.5</PART>
    <DELAY>1</DELAY>
  </CatchmentParameters>
  <VegetationZone>
    <VegetationZoneParameters>
      <TT>2.3965510793989777</TT>
      <CFMAX>1.8953984467681933</CFMAX>
      <SP>0</SP>
      <SFCF>0.57504352887390631</SFCF>
      <CFR>0.026668900145965894</CFR>
      <CWH>0.1999732961060966</CWH>
      <CFGlacier>1</CFGlacier>
      <CFSlope>1</CFSlope>
      <FC>490.06698265219273</FC>
      <LP>0.57230464461209141</LP>
      <BETA>4.0675160252542861</BETA>
    </VegetationZoneParameters>
  </VegetationZone>
  <SubCatchment>
    <SubCatchmentParameters>
      <KSI>0.001</KSI>
      <KGmin>0.05</KGmin>
      <RangeKG>0.1</RangeKG>
      <AG>0.1</AG>
      <PERC>7.8263502249881132</PERC>
      <Alpha>0</Alpha>
      <UZL>79.9184542658992</UZL>
      <K0>0.44860494319982563</K0>
      <K1>0.26975528282590305</K1>
      <K2>0.12718123176773896</K2>
      <MAXBAS>1.6351082805907669</MAXBAS>
      <Cet>0</Cet>
      <PCALT>10</PCALT>
      <TCALT>0.6</TCALT>
      <Pelev>3022</Pelev>
      <Telev>3058</Telev>
      <PART>0.5</PART>
      <DELAY>1</DELAY>
    </SubCatchmentParameters>
    <SubCatchmentVegetationZone>
      <SubCatchmentVegetationZoneParameters>
        <TT>2.3965510793989777</TT>
        <CFMAX>1.8953984467681933</CFMAX>
        <SP>0</SP>
        <SFCF>0.57504352887390631</SFCF>
        <CFR>0.026668900145965894</CFR>
        <CWH>0.1999732961060966</CWH>
        <CFGlacier>1</CFGlacier>
        <CFSlope>1</CFSlope>
        <FC>490.06698265219273</FC>
        <LP>0.57230464461209141</LP>
        <BETA>4.0675160252542861</BETA>
      </SubCatchmentVegetationZoneParameters>
    </SubCatchmentVegetationZone>
  </SubCatchment>
</Catchment>