<?xml version="1.0" encoding="utf-8"?>
<Catchment xmlns:xsi="http://www.w3.org/2001/XMLSchema-instance" xmlns:xsd="http://www.w3.org/2001/XMLSchema">
  <CatchmentParameters>
    <KSI>0.001</KSI>
    <KGmin>0.05</KGmin>
    <RangeKG>0.1</RangeKG>
    <AG>0.1</AG>
    <PERC>6.7891108483840359</PERC>
    <Alpha>0</Alpha>
    <UZL>117.90347969670196</UZL>
    <K0>0.50022672065589957</K0>
    <K1>0.071801942545436731</K1>
    <K2>0.098122204319522122</K2>
    <MAXBAS>1.0049927203679026</MAXBAS>
    <Cet>0</Cet>
    <PCALT>10</PCALT>
    <TCALT>0.6</TCALT>
    <Pelev>3022</Pelev>
    <Telev>3058</Telev>
    <PART>0.5</PART>
    <DELAY>1</DELAY>
  </CatchmentParameters>
  <VegetationZone>
    <VegetationZoneParameters>
      <TT>2.3819924244020432</TT>
      <CFMAX>2.3545781784406166</CFMAX>
      <SP>0</SP>
      <SFCF>0.58174120704474075</SFCF>
      <CFR>0.090337776962534977</CFR>
      <CWH>0.15915130621512449</CWH>
      <CFGlacier>1</CFGlacier>
      <CFSlope>1</CFSlope>
      <FC>418.53088067424812</FC>
      <LP>0.53777640625117151</LP>
      <BETA>5.9999156875058883</BETA>
    </VegetationZoneParameters>
  </VegetationZone>
  <SubCatchment>
    <SubCatchmentParameters>
      <KSI>0.001</KSI>
      <KGmin>0.05</KGmin>
      <RangeKG>0.1</RangeKG>
      <AG>0.1</AG>
      <PERC>6.7891108483840359</PERC>
      <Alpha>0</Alpha>
      <UZL>117.90347969670196</UZL>
      <K0>0.50022672065589957</K0>
      <K1>0.071801942545436731</K1>
      <K2>0.098122204319522122</K2>
      <MAXBAS>1.0049927203679026</MAXBAS>
      <Cet>0</Cet>
      <PCALT>10</PCALT>
      <TCALT>0.6</TCALT>
      <Pelev>3022</Pelev>
      <Telev>3058</Telev>
      <PART>0.5</PART>
      <DELAY>1</DELAY>
    </SubCatchmentParameters>
    <SubCatchmentVegetationZone>
      <SubCatchmentVegetationZoneParameters>
        <TT>2.3819924244020432</TT>
        <CFMAX>2.3545781784406166</CFMAX>
        <SP>0</SP>
        <SFCF>0.58174120704474075</SFCF>
        <CFR>0.090337776962534977</CFR>
        <CWH>0.15915130621512449</CWH>
        <CFGlacier>1</CFGlacier>
        <CFSlope>1</CFSlope>
        <FC>418.53088067424812</FC>
        <LP>0.53777640625117151</LP>
        <BETA>5.9999156875058883</BETA>
      </SubCatchmentVegetationZoneParameters>
    </SubCatchmentVegetationZone>
  </SubCatchment>
</Catchment>