<?xml version="1.0" encoding="utf-8"?>
<Catchment xmlns:xsi="http://www.w3.org/2001/XMLSchema-instance" xmlns:xsd="http://www.w3.org/2001/XMLSchema">
  <CatchmentParameters>
    <KSI>0.001</KSI>
    <KGmin>0.05</KGmin>
    <RangeKG>0.1</RangeKG>
    <AG>0.1</AG>
    <PERC>0.048300584183099786</PERC>
    <Alpha>0</Alpha>
    <UZL>113.43428435222116</UZL>
    <K0>0.33471879897632767</K0>
    <K1>0.13343749889456735</K1>
    <K2>0.010000016007950011</K2>
    <MAXBAS>1</MAXBAS>
    <Cet>0</Cet>
    <PCALT>10</PCALT>
    <TCALT>0.6</TCALT>
    <Pelev>3022</Pelev>
    <Telev>3058</Telev>
    <PART>0.5</PART>
    <DELAY>1</DELAY>
  </CatchmentParameters>
  <VegetationZone>
    <VegetationZoneParameters>
      <TT>1.81497576500927</TT>
      <CFMAX>2.2079503276196411</CFMAX>
      <SP>0</SP>
      <SFCF>0.71384988990615128</SFCF>
      <CFR>0.099997876355062743</CFR>
      <CWH>0.10000044116807549</CWH>
      <CFGlacier>1</CFGlacier>
      <CFSlope>1</CFSlope>
      <FC>825.75629267190948</FC>
      <LP>0.51475080555870756</LP>
      <BETA>5.1106236437230326</BETA>
    </VegetationZoneParameters>
  </VegetationZone>
  <SubCatchment>
    <SubCatchmentParameters>
      <KSI>0.001</KSI>
      <KGmin>0.05</KGmin>
      <RangeKG>0.1</RangeKG>
      <AG>0.1</AG>
      <PERC>0.048300584183099786</PERC>
      <Alpha>0</Alpha>
      <UZL>113.43428435222116</UZL>
      <K0>0.33471879897632767</K0>
      <K1>0.13343749889456735</K1>
      <K2>0.010000016007950011</K2>
      <MAXBAS>1</MAXBAS>
      <Cet>0</Cet>
      <PCALT>10</PCALT>
      <TCALT>0.6</TCALT>
      <Pelev>3022</Pelev>
      <Telev>3058</Telev>
      <PART>0.5</PART>
      <DELAY>1</DELAY>
    </SubCatchmentParameters>
    <SubCatchmentVegetationZone>
      <SubCatchmentVegetationZoneParameters>
        <TT>1.81497576500927</TT>
        <CFMAX>2.2079503276196411</CFMAX>
        <SP>0</SP>
        <SFCF>0.71384988990615128</SFCF>
        <CFR>0.099997876355062743</CFR>
        <CWH>0.10000044116807549</CWH>
        <CFGlacier>1</CFGlacier>
        <CFSlope>1</CFSlope>
        <FC>825.75629267190948</FC>
        <LP>0.51475080555870756</LP>
        <BETA>5.1106236437230326</BETA>
      </SubCatchmentVegetationZoneParameters>
    </SubCatchmentVegetationZone>
  </SubCatchment>
</Catchment>