<?xml version="1.0" encoding="utf-8"?>
<Catchment xmlns:xsi="http://www.w3.org/2001/XMLSchema-instance" xmlns:xsd="http://www.w3.org/2001/XMLSchema">
  <CatchmentParameters>
    <KSI>0.001</KSI>
    <KGmin>0.05</KGmin>
    <RangeKG>0.1</RangeKG>
    <AG>0.1</AG>
    <PERC>0.042693309683651641</PERC>
    <Alpha>0</Alpha>
    <UZL>56.789372573791631</UZL>
    <K0>0.5181239456773995</K0>
    <K1>0.11189535656919583</K1>
    <K2>0.01000001563250374</K2>
    <MAXBAS>1</MAXBAS>
    <Cet>0</Cet>
    <PCALT>10</PCALT>
    <TCALT>0.6</TCALT>
    <Pelev>3022</Pelev>
    <Telev>3058</Telev>
    <PART>0.5</PART>
    <DELAY>1</DELAY>
  </CatchmentParameters>
  <VegetationZone>
    <VegetationZoneParameters>
      <TT>1.28758511404747</TT>
      <CFMAX>2.1167606016043004</CFMAX>
      <SP>0</SP>
      <SFCF>0.7287921854788546</SFCF>
      <CFR>0.072734477929859973</CFR>
      <CWH>0.10000017610328212</CWH>
      <CFGlacier>1</CFGlacier>
      <CFSlope>1</CFSlope>
      <FC>836.40511237492854</FC>
      <LP>0.50855533493238281</LP>
      <BETA>5.0846801730505327</BETA>
    </VegetationZoneParameters>
  </VegetationZone>
  <SubCatchment>
    <SubCatchmentParameters>
      <KSI>0.001</KSI>
      <KGmin>0.05</KGmin>
      <RangeKG>0.1</RangeKG>
      <AG>0.1</AG>
      <PERC>0.042693309683651641</PERC>
      <Alpha>0</Alpha>
      <UZL>56.789372573791631</UZL>
      <K0>0.5181239456773995</K0>
      <K1>0.11189535656919583</K1>
      <K2>0.01000001563250374</K2>
      <MAXBAS>1</MAXBAS>
      <Cet>0</Cet>
      <PCALT>10</PCALT>
      <TCALT>0.6</TCALT>
      <Pelev>3022</Pelev>
      <Telev>3058</Telev>
      <PART>0.5</PART>
      <DELAY>1</DELAY>
    </SubCatchmentParameters>
    <SubCatchmentVegetationZone>
      <SubCatchmentVegetationZoneParameters>
        <TT>1.28758511404747</TT>
        <CFMAX>2.1167606016043004</CFMAX>
        <SP>0</SP>
        <SFCF>0.7287921854788546</SFCF>
        <CFR>0.072734477929859973</CFR>
        <CWH>0.10000017610328212</CWH>
        <CFGlacier>1</CFGlacier>
        <CFSlope>1</CFSlope>
        <FC>836.40511237492854</FC>
        <LP>0.50855533493238281</LP>
        <BETA>5.0846801730505327</BETA>
      </SubCatchmentVegetationZoneParameters>
    </SubCatchmentVegetationZone>
  </SubCatchment>
</Catchment>