<?xml version="1.0" encoding="utf-8"?>
<Catchment xmlns:xsi="http://www.w3.org/2001/XMLSchema-instance" xmlns:xsd="http://www.w3.org/2001/XMLSchema">
  <CatchmentParameters>
    <KSI>0.001</KSI>
    <KGmin>0.05</KGmin>
    <RangeKG>0.1</RangeKG>
    <AG>0.1</AG>
    <PERC>9.6297283150357789</PERC>
    <Alpha>0</Alpha>
    <UZL>142.30252729787162</UZL>
    <K0>0.41327754722576748</K0>
    <K1>0.22755479377115517</K1>
    <K2>0.11124477626114065</K2>
    <MAXBAS>1.5991487280875212</MAXBAS>
    <Cet>0</Cet>
    <PCALT>10</PCALT>
    <TCALT>0.6</TCALT>
    <Pelev>3022</Pelev>
    <Telev>3058</Telev>
    <PART>0.5</PART>
    <DELAY>1</DELAY>
  </CatchmentParameters>
  <VegetationZone>
    <VegetationZoneParameters>
      <TT>1.4664775746486025</TT>
      <CFMAX>1.734594258696939</CFMAX>
      <SP>0</SP>
      <SFCF>0.61699145948750334</SFCF>
      <CFR>0.099995564034259243</CFR>
      <CWH>0.19999368690102604</CWH>
      <CFGlacier>1</CFGlacier>
      <CFSlope>1</CFSlope>
      <FC>618.74805245586037</FC>
      <LP>0.684377437953617</LP>
      <BETA>5.99999448659856</BETA>
    </VegetationZoneParameters>
  </VegetationZone>
  <SubCatchment>
    <SubCatchmentParameters>
      <KSI>0.001</KSI>
      <KGmin>0.05</KGmin>
      <RangeKG>0.1</RangeKG>
      <AG>0.1</AG>
      <PERC>9.6297283150357789</PERC>
      <Alpha>0</Alpha>
      <UZL>142.30252729787162</UZL>
      <K0>0.41327754722576748</K0>
      <K1>0.22755479377115517</K1>
      <K2>0.11124477626114065</K2>
      <MAXBAS>1.5991487280875212</MAXBAS>
      <Cet>0</Cet>
      <PCALT>10</PCALT>
      <TCALT>0.6</TCALT>
      <Pelev>3022</Pelev>
      <Telev>3058</Telev>
      <PART>0.5</PART>
      <DELAY>1</DELAY>
    </SubCatchmentParameters>
    <SubCatchmentVegetationZone>
      <SubCatchmentVegetationZoneParameters>
        <TT>1.4664775746486025</TT>
        <CFMAX>1.734594258696939</CFMAX>
        <SP>0</SP>
        <SFCF>0.61699145948750334</SFCF>
        <CFR>0.099995564034259243</CFR>
        <CWH>0.19999368690102604</CWH>
        <CFGlacier>1</CFGlacier>
        <CFSlope>1</CFSlope>
        <FC>618.74805245586037</FC>
        <LP>0.684377437953617</LP>
        <BETA>5.99999448659856</BETA>
      </SubCatchmentVegetationZoneParameters>
    </SubCatchmentVegetationZone>
  </SubCatchment>
</Catchment>