<?xml version="1.0" encoding="utf-8"?>
<Catchment xmlns:xsi="http://www.w3.org/2001/XMLSchema-instance" xmlns:xsd="http://www.w3.org/2001/XMLSchema">
  <CatchmentParameters>
    <KSI>0.001</KSI>
    <KGmin>0.05</KGmin>
    <RangeKG>0.1</RangeKG>
    <AG>0.1</AG>
    <PERC>9.9998572676891957</PERC>
    <Alpha>0</Alpha>
    <UZL>71.539508543614559</UZL>
    <K0>0.51161354234199286</K0>
    <K1>0.0793419371507921</K1>
    <K2>0.093670446912475447</K2>
    <MAXBAS>1.0048870396910075</MAXBAS>
    <Cet>0</Cet>
    <PCALT>10</PCALT>
    <TCALT>0.6</TCALT>
    <Pelev>3022</Pelev>
    <Telev>3058</Telev>
    <PART>0.5</PART>
    <DELAY>1</DELAY>
  </CatchmentParameters>
  <VegetationZone>
    <VegetationZoneParameters>
      <TT>2.229425460979944</TT>
      <CFMAX>2.4185281716589491</CFMAX>
      <SP>0</SP>
      <SFCF>0.62655790790215338</SFCF>
      <CFR>0.090007378221408724</CFR>
      <CWH>0.1859754637813443</CWH>
      <CFGlacier>1</CFGlacier>
      <CFSlope>1</CFSlope>
      <FC>448.17012096728291</FC>
      <LP>0.4643964464246757</LP>
      <BETA>5.7134651861994552</BETA>
    </VegetationZoneParameters>
  </VegetationZone>
  <SubCatchment>
    <SubCatchmentParameters>
      <KSI>0.001</KSI>
      <KGmin>0.05</KGmin>
      <RangeKG>0.1</RangeKG>
      <AG>0.1</AG>
      <PERC>9.9998572676891957</PERC>
      <Alpha>0</Alpha>
      <UZL>71.539508543614559</UZL>
      <K0>0.51161354234199286</K0>
      <K1>0.0793419371507921</K1>
      <K2>0.093670446912475447</K2>
      <MAXBAS>1.0048870396910075</MAXBAS>
      <Cet>0</Cet>
      <PCALT>10</PCALT>
      <TCALT>0.6</TCALT>
      <Pelev>3022</Pelev>
      <Telev>3058</Telev>
      <PART>0.5</PART>
      <DELAY>1</DELAY>
    </SubCatchmentParameters>
    <SubCatchmentVegetationZone>
      <SubCatchmentVegetationZoneParameters>
        <TT>2.229425460979944</TT>
        <CFMAX>2.4185281716589491</CFMAX>
        <SP>0</SP>
        <SFCF>0.62655790790215338</SFCF>
        <CFR>0.090007378221408724</CFR>
        <CWH>0.1859754637813443</CWH>
        <CFGlacier>1</CFGlacier>
        <CFSlope>1</CFSlope>
        <FC>448.17012096728291</FC>
        <LP>0.4643964464246757</LP>
        <BETA>5.7134651861994552</BETA>
      </SubCatchmentVegetationZoneParameters>
    </SubCatchmentVegetationZone>
  </SubCatchment>
</Catchment>