<?xml version="1.0" encoding="utf-8"?>
<Catchment xmlns:xsi="http://www.w3.org/2001/XMLSchema-instance" xmlns:xsd="http://www.w3.org/2001/XMLSchema">
  <CatchmentParameters>
    <KSI>0.001</KSI>
    <KGmin>0.05</KGmin>
    <RangeKG>0.1</RangeKG>
    <AG>0.1</AG>
    <PERC>0.059370053566919372</PERC>
    <Alpha>0</Alpha>
    <UZL>96.824874474242861</UZL>
    <K0>0.14884641492569126</K0>
    <K1>0.10239969589461463</K1>
    <K2>0.010000001524080336</K2>
    <MAXBAS>1</MAXBAS>
    <Cet>0</Cet>
    <PCALT>10</PCALT>
    <TCALT>0.6</TCALT>
    <Pelev>3022</Pelev>
    <Telev>3058</Telev>
    <PART>0.5</PART>
    <DELAY>1</DELAY>
  </CatchmentParameters>
  <VegetationZone>
    <VegetationZoneParameters>
      <TT>2.1096035748299276</TT>
      <CFMAX>2.965098027982962</CFMAX>
      <SP>0</SP>
      <SFCF>0.74709241399831228</SFCF>
      <CFR>0.099999496961636319</CFR>
      <CWH>0.10000000009732496</CWH>
      <CFGlacier>1</CFGlacier>
      <CFSlope>1</CFSlope>
      <FC>658.96544701924245</FC>
      <LP>0.3503744255758644</LP>
      <BETA>4.34683748011595</BETA>
    </VegetationZoneParameters>
  </VegetationZone>
  <SubCatchment>
    <SubCatchmentParameters>
      <KSI>0.001</KSI>
      <KGmin>0.05</KGmin>
      <RangeKG>0.1</RangeKG>
      <AG>0.1</AG>
      <PERC>0.059370053566919372</PERC>
      <Alpha>0</Alpha>
      <UZL>96.824874474242861</UZL>
      <K0>0.14884641492569126</K0>
      <K1>0.10239969589461463</K1>
      <K2>0.010000001524080336</K2>
      <MAXBAS>1</MAXBAS>
      <Cet>0</Cet>
      <PCALT>10</PCALT>
      <TCALT>0.6</TCALT>
      <Pelev>3022</Pelev>
      <Telev>3058</Telev>
      <PART>0.5</PART>
      <DELAY>1</DELAY>
    </SubCatchmentParameters>
    <SubCatchmentVegetationZone>
      <SubCatchmentVegetationZoneParameters>
        <TT>2.1096035748299276</TT>
        <CFMAX>2.965098027982962</CFMAX>
        <SP>0</SP>
        <SFCF>0.74709241399831228</SFCF>
        <CFR>0.099999496961636319</CFR>
        <CWH>0.10000000009732496</CWH>
        <CFGlacier>1</CFGlacier>
        <CFSlope>1</CFSlope>
        <FC>658.96544701924245</FC>
        <LP>0.3503744255758644</LP>
        <BETA>4.34683748011595</BETA>
      </SubCatchmentVegetationZoneParameters>
    </SubCatchmentVegetationZone>
  </SubCatchment>
</Catchment>