<?xml version="1.0" encoding="utf-8"?>
<Catchment xmlns:xsi="http://www.w3.org/2001/XMLSchema-instance" xmlns:xsd="http://www.w3.org/2001/XMLSchema">
  <CatchmentParameters>
    <KSI>0.001</KSI>
    <KGmin>0.05</KGmin>
    <RangeKG>0.1</RangeKG>
    <AG>0.1</AG>
    <PERC>9.9999789101217651</PERC>
    <Alpha>0</Alpha>
    <UZL>65.037684999538584</UZL>
    <K0>0.28744142950771223</K0>
    <K1>0.11795150669984882</K1>
    <K2>0.096332530016945458</K2>
    <MAXBAS>1.2950350900229009</MAXBAS>
    <Cet>0</Cet>
    <PCALT>10</PCALT>
    <TCALT>0.6</TCALT>
    <Pelev>3022</Pelev>
    <Telev>3058</Telev>
    <PART>0.5</PART>
    <DELAY>1</DELAY>
  </CatchmentParameters>
  <VegetationZone>
    <VegetationZoneParameters>
      <TT>1.5331105410573271</TT>
      <CFMAX>1.9652039715734546</CFMAX>
      <SP>0</SP>
      <SFCF>0.63292050631473062</SFCF>
      <CFR>0.095733756095794167</CFR>
      <CWH>0.1999885620084321</CWH>
      <CFGlacier>1</CFGlacier>
      <CFSlope>1</CFSlope>
      <FC>411.74081903088938</FC>
      <LP>0.31081291011789663</LP>
      <BETA>5.035123039761408</BETA>
    </VegetationZoneParameters>
  </VegetationZone>
  <SubCatchment>
    <SubCatchmentParameters>
      <KSI>0.001</KSI>
      <KGmin>0.05</KGmin>
      <RangeKG>0.1</RangeKG>
      <AG>0.1</AG>
      <PERC>9.9999789101217651</PERC>
      <Alpha>0</Alpha>
      <UZL>65.037684999538584</UZL>
      <K0>0.28744142950771223</K0>
      <K1>0.11795150669984882</K1>
      <K2>0.096332530016945458</K2>
      <MAXBAS>1.2950350900229009</MAXBAS>
      <Cet>0</Cet>
      <PCALT>10</PCALT>
      <TCALT>0.6</TCALT>
      <Pelev>3022</Pelev>
      <Telev>3058</Telev>
      <PART>0.5</PART>
      <DELAY>1</DELAY>
    </SubCatchmentParameters>
    <SubCatchmentVegetationZone>
      <SubCatchmentVegetationZoneParameters>
        <TT>1.5331105410573271</TT>
        <CFMAX>1.9652039715734546</CFMAX>
        <SP>0</SP>
        <SFCF>0.63292050631473062</SFCF>
        <CFR>0.095733756095794167</CFR>
        <CWH>0.1999885620084321</CWH>
        <CFGlacier>1</CFGlacier>
        <CFSlope>1</CFSlope>
        <FC>411.74081903088938</FC>
        <LP>0.31081291011789663</LP>
        <BETA>5.035123039761408</BETA>
      </SubCatchmentVegetationZoneParameters>
    </SubCatchmentVegetationZone>
  </SubCatchment>
</Catchment>