<?xml version="1.0" encoding="utf-8"?>
<Catchment xmlns:xsi="http://www.w3.org/2001/XMLSchema-instance" xmlns:xsd="http://www.w3.org/2001/XMLSchema">
  <CatchmentParameters>
    <KSI>0.001</KSI>
    <KGmin>0.05</KGmin>
    <RangeKG>0.1</RangeKG>
    <AG>0.1</AG>
    <PERC>8.58056211100439</PERC>
    <Alpha>0</Alpha>
    <UZL>37.825209238897074</UZL>
    <K0>0.18815267788485224</K0>
    <K1>0.26157505911181395</K1>
    <K2>0.11019738929957444</K2>
    <MAXBAS>1.7849401019008628</MAXBAS>
    <Cet>0</Cet>
    <PCALT>10</PCALT>
    <TCALT>0.6</TCALT>
    <Pelev>3022</Pelev>
    <Telev>3058</Telev>
    <PART>0.5</PART>
    <DELAY>1</DELAY>
  </CatchmentParameters>
  <VegetationZone>
    <VegetationZoneParameters>
      <TT>1.4868681991155277</TT>
      <CFMAX>1.8822950418227866</CFMAX>
      <SP>0</SP>
      <SFCF>0.6823219612311755</SFCF>
      <CFR>0.099999646020112923</CFR>
      <CWH>0.19999915081825634</CWH>
      <CFGlacier>1</CFGlacier>
      <CFSlope>1</CFSlope>
      <FC>626.033663886283</FC>
      <LP>0.52073367137597926</LP>
      <BETA>4.1724050533932262</BETA>
    </VegetationZoneParameters>
  </VegetationZone>
  <SubCatchment>
    <SubCatchmentParameters>
      <KSI>0.001</KSI>
      <KGmin>0.05</KGmin>
      <RangeKG>0.1</RangeKG>
      <AG>0.1</AG>
      <PERC>8.58056211100439</PERC>
      <Alpha>0</Alpha>
      <UZL>37.825209238897074</UZL>
      <K0>0.18815267788485224</K0>
      <K1>0.26157505911181395</K1>
      <K2>0.11019738929957444</K2>
      <MAXBAS>1.7849401019008628</MAXBAS>
      <Cet>0</Cet>
      <PCALT>10</PCALT>
      <TCALT>0.6</TCALT>
      <Pelev>3022</Pelev>
      <Telev>3058</Telev>
      <PART>0.5</PART>
      <DELAY>1</DELAY>
    </SubCatchmentParameters>
    <SubCatchmentVegetationZone>
      <SubCatchmentVegetationZoneParameters>
        <TT>1.4868681991155277</TT>
        <CFMAX>1.8822950418227866</CFMAX>
        <SP>0</SP>
        <SFCF>0.6823219612311755</SFCF>
        <CFR>0.099999646020112923</CFR>
        <CWH>0.19999915081825634</CWH>
        <CFGlacier>1</CFGlacier>
        <CFSlope>1</CFSlope>
        <FC>626.033663886283</FC>
        <LP>0.52073367137597926</LP>
        <BETA>4.1724050533932262</BETA>
      </SubCatchmentVegetationZoneParameters>
    </SubCatchmentVegetationZone>
  </SubCatchment>
</Catchment>