<?xml version="1.0" encoding="utf-8"?>
<Catchment xmlns:xsi="http://www.w3.org/2001/XMLSchema-instance" xmlns:xsd="http://www.w3.org/2001/XMLSchema">
  <CatchmentParameters>
    <KSI>0.001</KSI>
    <KGmin>0.05</KGmin>
    <RangeKG>0.1</RangeKG>
    <AG>0.1</AG>
    <PERC>8.0308676802669687</PERC>
    <Alpha>0</Alpha>
    <UZL>89.7618298989426</UZL>
    <K0>0.10393121899190157</K0>
    <K1>0.19007434301753412</K1>
    <K2>0.12053332954009177</K2>
    <MAXBAS>1.6048648452787231</MAXBAS>
    <Cet>0</Cet>
    <PCALT>10</PCALT>
    <TCALT>0.6</TCALT>
    <Pelev>3022</Pelev>
    <Telev>3058</Telev>
    <PART>0.5</PART>
    <DELAY>1</DELAY>
  </CatchmentParameters>
  <VegetationZone>
    <VegetationZoneParameters>
      <TT>0.69993180975691327</TT>
      <CFMAX>1.3136391482716272</CFMAX>
      <SP>0</SP>
      <SFCF>0.59570990684317937</SFCF>
      <CFR>0.021758620120829228</CFR>
      <CWH>0.19999978312583491</CWH>
      <CFGlacier>1</CFGlacier>
      <CFSlope>1</CFSlope>
      <FC>533.98229979680889</FC>
      <LP>0.589296948844076</LP>
      <BETA>5.9999973120408256</BETA>
    </VegetationZoneParameters>
  </VegetationZone>
  <SubCatchment>
    <SubCatchmentParameters>
      <KSI>0.001</KSI>
      <KGmin>0.05</KGmin>
      <RangeKG>0.1</RangeKG>
      <AG>0.1</AG>
      <PERC>8.0308676802669687</PERC>
      <Alpha>0</Alpha>
      <UZL>89.7618298989426</UZL>
      <K0>0.10393121899190157</K0>
      <K1>0.19007434301753412</K1>
      <K2>0.12053332954009177</K2>
      <MAXBAS>1.6048648452787231</MAXBAS>
      <Cet>0</Cet>
      <PCALT>10</PCALT>
      <TCALT>0.6</TCALT>
      <Pelev>3022</Pelev>
      <Telev>3058</Telev>
      <PART>0.5</PART>
      <DELAY>1</DELAY>
    </SubCatchmentParameters>
    <SubCatchmentVegetationZone>
      <SubCatchmentVegetationZoneParameters>
        <TT>0.69993180975691327</TT>
        <CFMAX>1.3136391482716272</CFMAX>
        <SP>0</SP>
        <SFCF>0.59570990684317937</SFCF>
        <CFR>0.021758620120829228</CFR>
        <CWH>0.19999978312583491</CWH>
        <CFGlacier>1</CFGlacier>
        <CFSlope>1</CFSlope>
        <FC>533.98229979680889</FC>
        <LP>0.589296948844076</LP>
        <BETA>5.9999973120408256</BETA>
      </SubCatchmentVegetationZoneParameters>
    </SubCatchmentVegetationZone>
  </SubCatchment>
</Catchment>