<?xml version="1.0" encoding="utf-8"?>
<Catchment xmlns:xsi="http://www.w3.org/2001/XMLSchema-instance" xmlns:xsd="http://www.w3.org/2001/XMLSchema">
  <CatchmentParameters>
    <KSI>0.001</KSI>
    <KGmin>0.05</KGmin>
    <RangeKG>0.1</RangeKG>
    <AG>0.1</AG>
    <PERC>2.4436365999699783</PERC>
    <Alpha>0</Alpha>
    <UZL>95.984507091583808</UZL>
    <K0>0.14889495416332746</K0>
    <K1>0.081913508372476768</K1>
    <K2>0.13361948484198166</K2>
    <MAXBAS>1.0050094409815067</MAXBAS>
    <Cet>0</Cet>
    <PCALT>10</PCALT>
    <TCALT>0.6</TCALT>
    <Pelev>3022</Pelev>
    <Telev>3058</Telev>
    <PART>0.5</PART>
    <DELAY>1</DELAY>
  </CatchmentParameters>
  <VegetationZone>
    <VegetationZoneParameters>
      <TT>1.6599971445301351</TT>
      <CFMAX>1.8571651356665277</CFMAX>
      <SP>0</SP>
      <SFCF>0.59808357034413007</SFCF>
      <CFR>0.093902258527566909</CFR>
      <CWH>0.12219677434585925</CWH>
      <CFGlacier>1</CFGlacier>
      <CFSlope>1</CFSlope>
      <FC>371.37760390183632</FC>
      <LP>0.30057079871627368</LP>
      <BETA>5.9999563150518922</BETA>
    </VegetationZoneParameters>
  </VegetationZone>
  <SubCatchment>
    <SubCatchmentParameters>
      <KSI>0.001</KSI>
      <KGmin>0.05</KGmin>
      <RangeKG>0.1</RangeKG>
      <AG>0.1</AG>
      <PERC>2.4436365999699783</PERC>
      <Alpha>0</Alpha>
      <UZL>95.984507091583808</UZL>
      <K0>0.14889495416332746</K0>
      <K1>0.081913508372476768</K1>
      <K2>0.13361948484198166</K2>
      <MAXBAS>1.0050094409815067</MAXBAS>
      <Cet>0</Cet>
      <PCALT>10</PCALT>
      <TCALT>0.6</TCALT>
      <Pelev>3022</Pelev>
      <Telev>3058</Telev>
      <PART>0.5</PART>
      <DELAY>1</DELAY>
    </SubCatchmentParameters>
    <SubCatchmentVegetationZone>
      <SubCatchmentVegetationZoneParameters>
        <TT>1.6599971445301351</TT>
        <CFMAX>1.8571651356665277</CFMAX>
        <SP>0</SP>
        <SFCF>0.59808357034413007</SFCF>
        <CFR>0.093902258527566909</CFR>
        <CWH>0.12219677434585925</CWH>
        <CFGlacier>1</CFGlacier>
        <CFSlope>1</CFSlope>
        <FC>371.37760390183632</FC>
        <LP>0.30057079871627368</LP>
        <BETA>5.9999563150518922</BETA>
      </SubCatchmentVegetationZoneParameters>
    </SubCatchmentVegetationZone>
  </SubCatchment>
</Catchment>