<?xml version="1.0" encoding="utf-8"?>
<Catchment xmlns:xsi="http://www.w3.org/2001/XMLSchema-instance" xmlns:xsd="http://www.w3.org/2001/XMLSchema">
  <CatchmentParameters>
    <KSI>0.001</KSI>
    <KGmin>0.05</KGmin>
    <RangeKG>0.1</RangeKG>
    <AG>0.1</AG>
    <PERC>0.045824977923272427</PERC>
    <Alpha>0</Alpha>
    <UZL>76.013134445412732</UZL>
    <K0>0.40208001825059708</K0>
    <K1>0.1416649564219655</K1>
    <K2>0.010457810319222764</K2>
    <MAXBAS>1</MAXBAS>
    <Cet>0</Cet>
    <PCALT>10</PCALT>
    <TCALT>0.6</TCALT>
    <Pelev>3022</Pelev>
    <Telev>3058</Telev>
    <PART>0.5</PART>
    <DELAY>1</DELAY>
  </CatchmentParameters>
  <VegetationZone>
    <VegetationZoneParameters>
      <TT>1.1298757862671935</TT>
      <CFMAX>1.8895026754152648</CFMAX>
      <SP>0</SP>
      <SFCF>0.756657468369018</SFCF>
      <CFR>0.057849074768889223</CFR>
      <CWH>0.10000012062563884</CWH>
      <CFGlacier>1</CFGlacier>
      <CFSlope>1</CFSlope>
      <FC>827.97107354956017</FC>
      <LP>0.38843773313810259</LP>
      <BETA>4.631181108784</BETA>
    </VegetationZoneParameters>
  </VegetationZone>
  <SubCatchment>
    <SubCatchmentParameters>
      <KSI>0.001</KSI>
      <KGmin>0.05</KGmin>
      <RangeKG>0.1</RangeKG>
      <AG>0.1</AG>
      <PERC>0.045824977923272427</PERC>
      <Alpha>0</Alpha>
      <UZL>76.013134445412732</UZL>
      <K0>0.40208001825059708</K0>
      <K1>0.1416649564219655</K1>
      <K2>0.010457810319222764</K2>
      <MAXBAS>1</MAXBAS>
      <Cet>0</Cet>
      <PCALT>10</PCALT>
      <TCALT>0.6</TCALT>
      <Pelev>3022</Pelev>
      <Telev>3058</Telev>
      <PART>0.5</PART>
      <DELAY>1</DELAY>
    </SubCatchmentParameters>
    <SubCatchmentVegetationZone>
      <SubCatchmentVegetationZoneParameters>
        <TT>1.1298757862671935</TT>
        <CFMAX>1.8895026754152648</CFMAX>
        <SP>0</SP>
        <SFCF>0.756657468369018</SFCF>
        <CFR>0.057849074768889223</CFR>
        <CWH>0.10000012062563884</CWH>
        <CFGlacier>1</CFGlacier>
        <CFSlope>1</CFSlope>
        <FC>827.97107354956017</FC>
        <LP>0.38843773313810259</LP>
        <BETA>4.631181108784</BETA>
      </SubCatchmentVegetationZoneParameters>
    </SubCatchmentVegetationZone>
  </SubCatchment>
</Catchment>