<?xml version="1.0" encoding="utf-8"?>
<Catchment xmlns:xsi="http://www.w3.org/2001/XMLSchema-instance" xmlns:xsd="http://www.w3.org/2001/XMLSchema">
  <CatchmentParameters>
    <KSI>0.001</KSI>
    <KGmin>0.05</KGmin>
    <RangeKG>0.1</RangeKG>
    <AG>0.1</AG>
    <PERC>0.057951077839577043</PERC>
    <Alpha>0</Alpha>
    <UZL>125.0511993186355</UZL>
    <K0>0.10532381895360346</K0>
    <K1>0.138425718559462</K1>
    <K2>0.010000012798462066</K2>
    <MAXBAS>1</MAXBAS>
    <Cet>0</Cet>
    <PCALT>10</PCALT>
    <TCALT>0.6</TCALT>
    <Pelev>3022</Pelev>
    <Telev>3058</Telev>
    <PART>0.5</PART>
    <DELAY>1</DELAY>
  </CatchmentParameters>
  <VegetationZone>
    <VegetationZoneParameters>
      <TT>0.12544497913100361</TT>
      <CFMAX>1.2740950869531604</CFMAX>
      <SP>0</SP>
      <SFCF>0.69753976554433583</SFCF>
      <CFR>0.066753815697650334</CFR>
      <CWH>0.1024517865899871</CWH>
      <CFGlacier>1</CFGlacier>
      <CFSlope>1</CFSlope>
      <FC>700.83608391008033</FC>
      <LP>0.39828843367226741</LP>
      <BETA>5.7297566678776786</BETA>
    </VegetationZoneParameters>
  </VegetationZone>
  <SubCatchment>
    <SubCatchmentParameters>
      <KSI>0.001</KSI>
      <KGmin>0.05</KGmin>
      <RangeKG>0.1</RangeKG>
      <AG>0.1</AG>
      <PERC>0.057951077839577043</PERC>
      <Alpha>0</Alpha>
      <UZL>125.0511993186355</UZL>
      <K0>0.10532381895360346</K0>
      <K1>0.138425718559462</K1>
      <K2>0.010000012798462066</K2>
      <MAXBAS>1</MAXBAS>
      <Cet>0</Cet>
      <PCALT>10</PCALT>
      <TCALT>0.6</TCALT>
      <Pelev>3022</Pelev>
      <Telev>3058</Telev>
      <PART>0.5</PART>
      <DELAY>1</DELAY>
    </SubCatchmentParameters>
    <SubCatchmentVegetationZone>
      <SubCatchmentVegetationZoneParameters>
        <TT>0.12544497913100361</TT>
        <CFMAX>1.2740950869531604</CFMAX>
        <SP>0</SP>
        <SFCF>0.69753976554433583</SFCF>
        <CFR>0.066753815697650334</CFR>
        <CWH>0.1024517865899871</CWH>
        <CFGlacier>1</CFGlacier>
        <CFSlope>1</CFSlope>
        <FC>700.83608391008033</FC>
        <LP>0.39828843367226741</LP>
        <BETA>5.7297566678776786</BETA>
      </SubCatchmentVegetationZoneParameters>
    </SubCatchmentVegetationZone>
  </SubCatchment>
</Catchment>