<?xml version="1.0" encoding="utf-8"?>
<Catchment xmlns:xsi="http://www.w3.org/2001/XMLSchema-instance" xmlns:xsd="http://www.w3.org/2001/XMLSchema">
  <CatchmentParameters>
    <KSI>0.001</KSI>
    <KGmin>0.05</KGmin>
    <RangeKG>0.1</RangeKG>
    <AG>0.1</AG>
    <PERC>0.08153301279596202</PERC>
    <Alpha>0</Alpha>
    <UZL>123.75665756953852</UZL>
    <K0>0.23124193274913443</K0>
    <K1>0.14013175797570093</K1>
    <K2>0.017094132583350713</K2>
    <MAXBAS>1</MAXBAS>
    <Cet>0</Cet>
    <PCALT>10</PCALT>
    <TCALT>0.6</TCALT>
    <Pelev>3022</Pelev>
    <Telev>3058</Telev>
    <PART>0.5</PART>
    <DELAY>1</DELAY>
  </CatchmentParameters>
  <VegetationZone>
    <VegetationZoneParameters>
      <TT>0.1599983693743342</TT>
      <CFMAX>1.0158229723828398</CFMAX>
      <SP>0</SP>
      <SFCF>0.57231254021995248</SFCF>
      <CFR>0.070468043985622245</CFR>
      <CWH>0.10000000510181845</CWH>
      <CFGlacier>1</CFGlacier>
      <CFSlope>1</CFSlope>
      <FC>682.31242481830316</FC>
      <LP>0.67112361776845519</LP>
      <BETA>5.9999944559326552</BETA>
    </VegetationZoneParameters>
  </VegetationZone>
  <SubCatchment>
    <SubCatchmentParameters>
      <KSI>0.001</KSI>
      <KGmin>0.05</KGmin>
      <RangeKG>0.1</RangeKG>
      <AG>0.1</AG>
      <PERC>0.08153301279596202</PERC>
      <Alpha>0</Alpha>
      <UZL>123.75665756953852</UZL>
      <K0>0.23124193274913443</K0>
      <K1>0.14013175797570093</K1>
      <K2>0.017094132583350713</K2>
      <MAXBAS>1</MAXBAS>
      <Cet>0</Cet>
      <PCALT>10</PCALT>
      <TCALT>0.6</TCALT>
      <Pelev>3022</Pelev>
      <Telev>3058</Telev>
      <PART>0.5</PART>
      <DELAY>1</DELAY>
    </SubCatchmentParameters>
    <SubCatchmentVegetationZone>
      <SubCatchmentVegetationZoneParameters>
        <TT>0.1599983693743342</TT>
        <CFMAX>1.0158229723828398</CFMAX>
        <SP>0</SP>
        <SFCF>0.57231254021995248</SFCF>
        <CFR>0.070468043985622245</CFR>
        <CWH>0.10000000510181845</CWH>
        <CFGlacier>1</CFGlacier>
        <CFSlope>1</CFSlope>
        <FC>682.31242481830316</FC>
        <LP>0.67112361776845519</LP>
        <BETA>5.9999944559326552</BETA>
      </SubCatchmentVegetationZoneParameters>
    </SubCatchmentVegetationZone>
  </SubCatchment>
</Catchment>