<?xml version="1.0" encoding="utf-8"?>
<Catchment xmlns:xsi="http://www.w3.org/2001/XMLSchema-instance" xmlns:xsd="http://www.w3.org/2001/XMLSchema">
  <CatchmentParameters>
    <KSI>0.001</KSI>
    <KGmin>0.05</KGmin>
    <RangeKG>0.1</RangeKG>
    <AG>0.1</AG>
    <PERC>0.045029655804821392</PERC>
    <Alpha>0</Alpha>
    <UZL>59.527059203973039</UZL>
    <K0>0.35279209825061492</K0>
    <K1>0.13578798018991556</K1>
    <K2>0.010000018925617079</K2>
    <MAXBAS>1</MAXBAS>
    <Cet>0</Cet>
    <PCALT>10</PCALT>
    <TCALT>0.6</TCALT>
    <Pelev>3022</Pelev>
    <Telev>3058</Telev>
    <PART>0.5</PART>
    <DELAY>1</DELAY>
  </CatchmentParameters>
  <VegetationZone>
    <VegetationZoneParameters>
      <TT>0.68080451402029285</TT>
      <CFMAX>1.5340434717158491</CFMAX>
      <SP>0</SP>
      <SFCF>0.69240805468236311</SFCF>
      <CFR>0.066985274989360133</CFR>
      <CWH>0.10001069079642956</CWH>
      <CFGlacier>1</CFGlacier>
      <CFSlope>1</CFSlope>
      <FC>765.41219929308829</FC>
      <LP>0.49920048509664827</LP>
      <BETA>5.3134542650758618</BETA>
    </VegetationZoneParameters>
  </VegetationZone>
  <SubCatchment>
    <SubCatchmentParameters>
      <KSI>0.001</KSI>
      <KGmin>0.05</KGmin>
      <RangeKG>0.1</RangeKG>
      <AG>0.1</AG>
      <PERC>0.045029655804821392</PERC>
      <Alpha>0</Alpha>
      <UZL>59.527059203973039</UZL>
      <K0>0.35279209825061492</K0>
      <K1>0.13578798018991556</K1>
      <K2>0.010000018925617079</K2>
      <MAXBAS>1</MAXBAS>
      <Cet>0</Cet>
      <PCALT>10</PCALT>
      <TCALT>0.6</TCALT>
      <Pelev>3022</Pelev>
      <Telev>3058</Telev>
      <PART>0.5</PART>
      <DELAY>1</DELAY>
    </SubCatchmentParameters>
    <SubCatchmentVegetationZone>
      <SubCatchmentVegetationZoneParameters>
        <TT>0.68080451402029285</TT>
        <CFMAX>1.5340434717158491</CFMAX>
        <SP>0</SP>
        <SFCF>0.69240805468236311</SFCF>
        <CFR>0.066985274989360133</CFR>
        <CWH>0.10001069079642956</CWH>
        <CFGlacier>1</CFGlacier>
        <CFSlope>1</CFSlope>
        <FC>765.41219929308829</FC>
        <LP>0.49920048509664827</LP>
        <BETA>5.3134542650758618</BETA>
      </SubCatchmentVegetationZoneParameters>
    </SubCatchmentVegetationZone>
  </SubCatchment>
</Catchment>