<?xml version="1.0" encoding="utf-8"?>
<Catchment xmlns:xsi="http://www.w3.org/2001/XMLSchema-instance" xmlns:xsd="http://www.w3.org/2001/XMLSchema">
  <CatchmentParameters>
    <KSI>0.001</KSI>
    <KGmin>0.05</KGmin>
    <RangeKG>0.1</RangeKG>
    <AG>0.1</AG>
    <PERC>9.9997721600074776</PERC>
    <Alpha>0</Alpha>
    <UZL>139.21608468550622</UZL>
    <K0>0.18527279574926242</K0>
    <K1>0.14157332350063054</K1>
    <K2>0.10784410352127116</K2>
    <MAXBAS>1.2648464893551712</MAXBAS>
    <Cet>0</Cet>
    <PCALT>10</PCALT>
    <TCALT>0.6</TCALT>
    <Pelev>3022</Pelev>
    <Telev>3058</Telev>
    <PART>0.5</PART>
    <DELAY>1</DELAY>
  </CatchmentParameters>
  <VegetationZone>
    <VegetationZoneParameters>
      <TT>1.8420013169031939</TT>
      <CFMAX>1.9212776376195384</CFMAX>
      <SP>0</SP>
      <SFCF>0.58448969186801014</SFCF>
      <CFR>0.099999429310114</CFR>
      <CWH>0.19999808778478351</CWH>
      <CFGlacier>1</CFGlacier>
      <CFSlope>1</CFSlope>
      <FC>416.965398360191</FC>
      <LP>0.4172483527318479</LP>
      <BETA>5.2137204552431191</BETA>
    </VegetationZoneParameters>
  </VegetationZone>
  <SubCatchment>
    <SubCatchmentParameters>
      <KSI>0.001</KSI>
      <KGmin>0.05</KGmin>
      <RangeKG>0.1</RangeKG>
      <AG>0.1</AG>
      <PERC>9.9997721600074776</PERC>
      <Alpha>0</Alpha>
      <UZL>139.21608468550622</UZL>
      <K0>0.18527279574926242</K0>
      <K1>0.14157332350063054</K1>
      <K2>0.10784410352127116</K2>
      <MAXBAS>1.2648464893551712</MAXBAS>
      <Cet>0</Cet>
      <PCALT>10</PCALT>
      <TCALT>0.6</TCALT>
      <Pelev>3022</Pelev>
      <Telev>3058</Telev>
      <PART>0.5</PART>
      <DELAY>1</DELAY>
    </SubCatchmentParameters>
    <SubCatchmentVegetationZone>
      <SubCatchmentVegetationZoneParameters>
        <TT>1.8420013169031939</TT>
        <CFMAX>1.9212776376195384</CFMAX>
        <SP>0</SP>
        <SFCF>0.58448969186801014</SFCF>
        <CFR>0.099999429310114</CFR>
        <CWH>0.19999808778478351</CWH>
        <CFGlacier>1</CFGlacier>
        <CFSlope>1</CFSlope>
        <FC>416.965398360191</FC>
        <LP>0.4172483527318479</LP>
        <BETA>5.2137204552431191</BETA>
      </SubCatchmentVegetationZoneParameters>
    </SubCatchmentVegetationZone>
  </SubCatchment>
</Catchment>