<?xml version="1.0" encoding="utf-8"?>
<Catchment xmlns:xsi="http://www.w3.org/2001/XMLSchema-instance" xmlns:xsd="http://www.w3.org/2001/XMLSchema">
  <CatchmentParameters>
    <KSI>0.001</KSI>
    <KGmin>0.05</KGmin>
    <RangeKG>0.1</RangeKG>
    <AG>0.1</AG>
    <PERC>9.9999955076653713</PERC>
    <Alpha>0</Alpha>
    <UZL>121.98629416664653</UZL>
    <K0>0.78462961145549048</K0>
    <K1>0.16421482617191421</K1>
    <K2>0.10706249025430044</K2>
    <MAXBAS>1.3352051687912143</MAXBAS>
    <Cet>0</Cet>
    <PCALT>10</PCALT>
    <TCALT>0.6</TCALT>
    <Pelev>3022</Pelev>
    <Telev>3058</Telev>
    <PART>0.5</PART>
    <DELAY>1</DELAY>
  </CatchmentParameters>
  <VegetationZone>
    <VegetationZoneParameters>
      <TT>1.4449130241483592</TT>
      <CFMAX>1.7015374126884755</CFMAX>
      <SP>0</SP>
      <SFCF>0.58987047407921556</SFCF>
      <CFR>0.09999987091939963</CFR>
      <CWH>0.19999746574186619</CWH>
      <CFGlacier>1</CFGlacier>
      <CFSlope>1</CFSlope>
      <FC>398.32601692843895</FC>
      <LP>0.34638102385909975</LP>
      <BETA>5.36114514062836</BETA>
    </VegetationZoneParameters>
  </VegetationZone>
  <SubCatchment>
    <SubCatchmentParameters>
      <KSI>0.001</KSI>
      <KGmin>0.05</KGmin>
      <RangeKG>0.1</RangeKG>
      <AG>0.1</AG>
      <PERC>9.9999955076653713</PERC>
      <Alpha>0</Alpha>
      <UZL>121.98629416664653</UZL>
      <K0>0.78462961145549048</K0>
      <K1>0.16421482617191421</K1>
      <K2>0.10706249025430044</K2>
      <MAXBAS>1.3352051687912143</MAXBAS>
      <Cet>0</Cet>
      <PCALT>10</PCALT>
      <TCALT>0.6</TCALT>
      <Pelev>3022</Pelev>
      <Telev>3058</Telev>
      <PART>0.5</PART>
      <DELAY>1</DELAY>
    </SubCatchmentParameters>
    <SubCatchmentVegetationZone>
      <SubCatchmentVegetationZoneParameters>
        <TT>1.4449130241483592</TT>
        <CFMAX>1.7015374126884755</CFMAX>
        <SP>0</SP>
        <SFCF>0.58987047407921556</SFCF>
        <CFR>0.09999987091939963</CFR>
        <CWH>0.19999746574186619</CWH>
        <CFGlacier>1</CFGlacier>
        <CFSlope>1</CFSlope>
        <FC>398.32601692843895</FC>
        <LP>0.34638102385909975</LP>
        <BETA>5.36114514062836</BETA>
      </SubCatchmentVegetationZoneParameters>
    </SubCatchmentVegetationZone>
  </SubCatchment>
</Catchment>