<?xml version="1.0" encoding="utf-8"?>
<Catchment xmlns:xsi="http://www.w3.org/2001/XMLSchema-instance" xmlns:xsd="http://www.w3.org/2001/XMLSchema">
  <CatchmentParameters>
    <KSI>0.001</KSI>
    <KGmin>0.05</KGmin>
    <RangeKG>0.1</RangeKG>
    <AG>0.1</AG>
    <PERC>0.052701071054901343</PERC>
    <Alpha>0</Alpha>
    <UZL>98.482057208024926</UZL>
    <K0>0.44521994825715688</K0>
    <K1>0.15227042951732342</K1>
    <K2>0.010000002460661007</K2>
    <MAXBAS>1</MAXBAS>
    <Cet>0</Cet>
    <PCALT>10</PCALT>
    <TCALT>0.6</TCALT>
    <Pelev>3022</Pelev>
    <Telev>3058</Telev>
    <PART>0.5</PART>
    <DELAY>1</DELAY>
  </CatchmentParameters>
  <VegetationZone>
    <VegetationZoneParameters>
      <TT>1.5599696438324884</TT>
      <CFMAX>1.5707936270853704</CFMAX>
      <SP>0</SP>
      <SFCF>0.616395489463979</SFCF>
      <CFR>0.022856560638365692</CFR>
      <CWH>0.10000022117608218</CWH>
      <CFGlacier>1</CFGlacier>
      <CFSlope>1</CFSlope>
      <FC>708.040569416446</FC>
      <LP>0.64654807029323547</LP>
      <BETA>5.9534221364965019</BETA>
    </VegetationZoneParameters>
  </VegetationZone>
  <SubCatchment>
    <SubCatchmentParameters>
      <KSI>0.001</KSI>
      <KGmin>0.05</KGmin>
      <RangeKG>0.1</RangeKG>
      <AG>0.1</AG>
      <PERC>0.052701071054901343</PERC>
      <Alpha>0</Alpha>
      <UZL>98.482057208024926</UZL>
      <K0>0.44521994825715688</K0>
      <K1>0.15227042951732342</K1>
      <K2>0.010000002460661007</K2>
      <MAXBAS>1</MAXBAS>
      <Cet>0</Cet>
      <PCALT>10</PCALT>
      <TCALT>0.6</TCALT>
      <Pelev>3022</Pelev>
      <Telev>3058</Telev>
      <PART>0.5</PART>
      <DELAY>1</DELAY>
    </SubCatchmentParameters>
    <SubCatchmentVegetationZone>
      <SubCatchmentVegetationZoneParameters>
        <TT>1.5599696438324884</TT>
        <CFMAX>1.5707936270853704</CFMAX>
        <SP>0</SP>
        <SFCF>0.616395489463979</SFCF>
        <CFR>0.022856560638365692</CFR>
        <CWH>0.10000022117608218</CWH>
        <CFGlacier>1</CFGlacier>
        <CFSlope>1</CFSlope>
        <FC>708.040569416446</FC>
        <LP>0.64654807029323547</LP>
        <BETA>5.9534221364965019</BETA>
      </SubCatchmentVegetationZoneParameters>
    </SubCatchmentVegetationZone>
  </SubCatchment>
</Catchment>