<?xml version="1.0" encoding="utf-8"?>
<Catchment xmlns:xsi="http://www.w3.org/2001/XMLSchema-instance" xmlns:xsd="http://www.w3.org/2001/XMLSchema">
  <CatchmentParameters>
    <KSI>0.001</KSI>
    <KGmin>0.05</KGmin>
    <RangeKG>0.1</RangeKG>
    <AG>0.1</AG>
    <PERC>7.4208353758818468</PERC>
    <Alpha>0</Alpha>
    <UZL>138.74754784755118</UZL>
    <K0>0.30303748410623249</K0>
    <K1>0.26506626077122736</K1>
    <K2>0.12278496723554888</K2>
    <MAXBAS>1.9049191360037856</MAXBAS>
    <Cet>0</Cet>
    <PCALT>10</PCALT>
    <TCALT>0.6</TCALT>
    <Pelev>3022</Pelev>
    <Telev>3058</Telev>
    <PART>0.5</PART>
    <DELAY>1</DELAY>
  </CatchmentParameters>
  <VegetationZone>
    <VegetationZoneParameters>
      <TT>2.4180145828113822</TT>
      <CFMAX>2.2793274908520855</CFMAX>
      <SP>0</SP>
      <SFCF>0.65054430915819961</SFCF>
      <CFR>0.099999811623471851</CFR>
      <CWH>0.19999962169273677</CWH>
      <CFGlacier>1</CFGlacier>
      <CFSlope>1</CFSlope>
      <FC>668.44384255079126</FC>
      <LP>0.53507126944470818</LP>
      <BETA>2.9912846571965765</BETA>
    </VegetationZoneParameters>
  </VegetationZone>
  <SubCatchment>
    <SubCatchmentParameters>
      <KSI>0.001</KSI>
      <KGmin>0.05</KGmin>
      <RangeKG>0.1</RangeKG>
      <AG>0.1</AG>
      <PERC>7.4208353758818468</PERC>
      <Alpha>0</Alpha>
      <UZL>138.74754784755118</UZL>
      <K0>0.30303748410623249</K0>
      <K1>0.26506626077122736</K1>
      <K2>0.12278496723554888</K2>
      <MAXBAS>1.9049191360037856</MAXBAS>
      <Cet>0</Cet>
      <PCALT>10</PCALT>
      <TCALT>0.6</TCALT>
      <Pelev>3022</Pelev>
      <Telev>3058</Telev>
      <PART>0.5</PART>
      <DELAY>1</DELAY>
    </SubCatchmentParameters>
    <SubCatchmentVegetationZone>
      <SubCatchmentVegetationZoneParameters>
        <TT>2.4180145828113822</TT>
        <CFMAX>2.2793274908520855</CFMAX>
        <SP>0</SP>
        <SFCF>0.65054430915819961</SFCF>
        <CFR>0.099999811623471851</CFR>
        <CWH>0.19999962169273677</CWH>
        <CFGlacier>1</CFGlacier>
        <CFSlope>1</CFSlope>
        <FC>668.44384255079126</FC>
        <LP>0.53507126944470818</LP>
        <BETA>2.9912846571965765</BETA>
      </SubCatchmentVegetationZoneParameters>
    </SubCatchmentVegetationZone>
  </SubCatchment>
</Catchment>