<?xml version="1.0" encoding="utf-8"?>
<Catchment xmlns:xsi="http://www.w3.org/2001/XMLSchema-instance" xmlns:xsd="http://www.w3.org/2001/XMLSchema">
  <CatchmentParameters>
    <KSI>0.001</KSI>
    <KGmin>0.05</KGmin>
    <RangeKG>0.1</RangeKG>
    <AG>0.1</AG>
    <PERC>0.0443713335009897</PERC>
    <Alpha>0</Alpha>
    <UZL>86.140729553399453</UZL>
    <K0>0.050365972583108626</K0>
    <K1>0.14470605011696128</K1>
    <K2>0.015272729237536904</K2>
    <MAXBAS>1</MAXBAS>
    <Cet>0</Cet>
    <PCALT>10</PCALT>
    <TCALT>0.6</TCALT>
    <Pelev>3022</Pelev>
    <Telev>3058</Telev>
    <PART>0.5</PART>
    <DELAY>1</DELAY>
  </CatchmentParameters>
  <VegetationZone>
    <VegetationZoneParameters>
      <TT>1.300587708530341</TT>
      <CFMAX>2.0621948109611736</CFMAX>
      <SP>0</SP>
      <SFCF>0.8701197155371071</SFCF>
      <CFR>8.31971154049148E-09</CFR>
      <CWH>0.18134566218719658</CWH>
      <CFGlacier>1</CFGlacier>
      <CFSlope>1</CFSlope>
      <FC>2073.6434903134264</FC>
      <LP>0.53420374963834361</LP>
      <BETA>3.9010235342622765</BETA>
    </VegetationZoneParameters>
  </VegetationZone>
  <SubCatchment>
    <SubCatchmentParameters>
      <KSI>0.001</KSI>
      <KGmin>0.05</KGmin>
      <RangeKG>0.1</RangeKG>
      <AG>0.1</AG>
      <PERC>0.0443713335009897</PERC>
      <Alpha>0</Alpha>
      <UZL>86.140729553399453</UZL>
      <K0>0.050365972583108626</K0>
      <K1>0.14470605011696128</K1>
      <K2>0.015272729237536904</K2>
      <MAXBAS>1</MAXBAS>
      <Cet>0</Cet>
      <PCALT>10</PCALT>
      <TCALT>0.6</TCALT>
      <Pelev>3022</Pelev>
      <Telev>3058</Telev>
      <PART>0.5</PART>
      <DELAY>1</DELAY>
    </SubCatchmentParameters>
    <SubCatchmentVegetationZone>
      <SubCatchmentVegetationZoneParameters>
        <TT>1.300587708530341</TT>
        <CFMAX>2.0621948109611736</CFMAX>
        <SP>0</SP>
        <SFCF>0.8701197155371071</SFCF>
        <CFR>8.31971154049148E-09</CFR>
        <CWH>0.18134566218719658</CWH>
        <CFGlacier>1</CFGlacier>
        <CFSlope>1</CFSlope>
        <FC>2073.6434903134264</FC>
        <LP>0.53420374963834361</LP>
        <BETA>3.9010235342622765</BETA>
      </SubCatchmentVegetationZoneParameters>
    </SubCatchmentVegetationZone>
  </SubCatchment>
</Catchment>