<?xml version="1.0" encoding="utf-8"?>
<Catchment xmlns:xsi="http://www.w3.org/2001/XMLSchema-instance" xmlns:xsd="http://www.w3.org/2001/XMLSchema">
  <CatchmentParameters>
    <KSI>0.001</KSI>
    <KGmin>0.05</KGmin>
    <RangeKG>0.1</RangeKG>
    <AG>0.1</AG>
    <PERC>9.9999118216417244</PERC>
    <Alpha>0</Alpha>
    <UZL>181.12139241661043</UZL>
    <K0>0.49914912304614178</K0>
    <K1>0.13254607836185797</K1>
    <K2>0.0969183069722358</K2>
    <MAXBAS>1.675027711987604</MAXBAS>
    <Cet>0</Cet>
    <PCALT>10</PCALT>
    <TCALT>0.6</TCALT>
    <Pelev>3022</Pelev>
    <Telev>3058</Telev>
    <PART>0.5</PART>
    <DELAY>1</DELAY>
  </CatchmentParameters>
  <VegetationZone>
    <VegetationZoneParameters>
      <TT>2.4065702014639037</TT>
      <CFMAX>2.9808092355446227</CFMAX>
      <SP>0</SP>
      <SFCF>0.71459156367282428</SFCF>
      <CFR>0.099999769742868547</CFR>
      <CWH>0.19999810534653142</CWH>
      <CFGlacier>1</CFGlacier>
      <CFSlope>1</CFSlope>
      <FC>598.46513735035376</FC>
      <LP>0.42049832750717181</LP>
      <BETA>3.4802108709801343</BETA>
    </VegetationZoneParameters>
  </VegetationZone>
  <SubCatchment>
    <SubCatchmentParameters>
      <KSI>0.001</KSI>
      <KGmin>0.05</KGmin>
      <RangeKG>0.1</RangeKG>
      <AG>0.1</AG>
      <PERC>9.9999118216417244</PERC>
      <Alpha>0</Alpha>
      <UZL>181.12139241661043</UZL>
      <K0>0.49914912304614178</K0>
      <K1>0.13254607836185797</K1>
      <K2>0.0969183069722358</K2>
      <MAXBAS>1.675027711987604</MAXBAS>
      <Cet>0</Cet>
      <PCALT>10</PCALT>
      <TCALT>0.6</TCALT>
      <Pelev>3022</Pelev>
      <Telev>3058</Telev>
      <PART>0.5</PART>
      <DELAY>1</DELAY>
    </SubCatchmentParameters>
    <SubCatchmentVegetationZone>
      <SubCatchmentVegetationZoneParameters>
        <TT>2.4065702014639037</TT>
        <CFMAX>2.9808092355446227</CFMAX>
        <SP>0</SP>
        <SFCF>0.71459156367282428</SFCF>
        <CFR>0.099999769742868547</CFR>
        <CWH>0.19999810534653142</CWH>
        <CFGlacier>1</CFGlacier>
        <CFSlope>1</CFSlope>
        <FC>598.46513735035376</FC>
        <LP>0.42049832750717181</LP>
        <BETA>3.4802108709801343</BETA>
      </SubCatchmentVegetationZoneParameters>
    </SubCatchmentVegetationZone>
  </SubCatchment>
</Catchment>