<?xml version="1.0" encoding="utf-8"?>
<Catchment xmlns:xsi="http://www.w3.org/2001/XMLSchema-instance" xmlns:xsd="http://www.w3.org/2001/XMLSchema">
  <CatchmentParameters>
    <KSI>0.001</KSI>
    <KGmin>0.05</KGmin>
    <RangeKG>0.1</RangeKG>
    <AG>0.1</AG>
    <PERC>9.9997800621985071</PERC>
    <Alpha>0</Alpha>
    <UZL>67.286429333208545</UZL>
    <K0>0.3499556322692049</K0>
    <K1>0.099380373552446347</K1>
    <K2>0.10182955127200317</K2>
    <MAXBAS>1.2749282151846708</MAXBAS>
    <Cet>0</Cet>
    <PCALT>10</PCALT>
    <TCALT>0.6</TCALT>
    <Pelev>3022</Pelev>
    <Telev>3058</Telev>
    <PART>0.5</PART>
    <DELAY>1</DELAY>
  </CatchmentParameters>
  <VegetationZone>
    <VegetationZoneParameters>
      <TT>2.4899212577577039</TT>
      <CFMAX>2.7482186112660245</CFMAX>
      <SP>0</SP>
      <SFCF>0.65694339839228832</SFCF>
      <CFR>0.08895589488579228</CFR>
      <CWH>0.16285302307706653</CWH>
      <CFGlacier>1</CFGlacier>
      <CFSlope>1</CFSlope>
      <FC>545.0347833550079</FC>
      <LP>0.50809046032594163</LP>
      <BETA>4.9191838324122275</BETA>
    </VegetationZoneParameters>
  </VegetationZone>
  <SubCatchment>
    <SubCatchmentParameters>
      <KSI>0.001</KSI>
      <KGmin>0.05</KGmin>
      <RangeKG>0.1</RangeKG>
      <AG>0.1</AG>
      <PERC>9.9997800621985071</PERC>
      <Alpha>0</Alpha>
      <UZL>67.286429333208545</UZL>
      <K0>0.3499556322692049</K0>
      <K1>0.099380373552446347</K1>
      <K2>0.10182955127200317</K2>
      <MAXBAS>1.2749282151846708</MAXBAS>
      <Cet>0</Cet>
      <PCALT>10</PCALT>
      <TCALT>0.6</TCALT>
      <Pelev>3022</Pelev>
      <Telev>3058</Telev>
      <PART>0.5</PART>
      <DELAY>1</DELAY>
    </SubCatchmentParameters>
    <SubCatchmentVegetationZone>
      <SubCatchmentVegetationZoneParameters>
        <TT>2.4899212577577039</TT>
        <CFMAX>2.7482186112660245</CFMAX>
        <SP>0</SP>
        <SFCF>0.65694339839228832</SFCF>
        <CFR>0.08895589488579228</CFR>
        <CWH>0.16285302307706653</CWH>
        <CFGlacier>1</CFGlacier>
        <CFSlope>1</CFSlope>
        <FC>545.0347833550079</FC>
        <LP>0.50809046032594163</LP>
        <BETA>4.9191838324122275</BETA>
      </SubCatchmentVegetationZoneParameters>
    </SubCatchmentVegetationZone>
  </SubCatchment>
</Catchment>