<?xml version="1.0" encoding="utf-8"?>
<Catchment xmlns:xsi="http://www.w3.org/2001/XMLSchema-instance" xmlns:xsd="http://www.w3.org/2001/XMLSchema">
  <CatchmentParameters>
    <KSI>0.001</KSI>
    <KGmin>0.05</KGmin>
    <RangeKG>0.1</RangeKG>
    <AG>0.1</AG>
    <PERC>0.053279193378573418</PERC>
    <Alpha>0</Alpha>
    <UZL>156.47715052033047</UZL>
    <K0>0.58932330377064934</K0>
    <K1>0.10171534683573133</K1>
    <K2>0.01000000635495649</K2>
    <MAXBAS>1</MAXBAS>
    <Cet>0</Cet>
    <PCALT>10</PCALT>
    <TCALT>0.6</TCALT>
    <Pelev>3022</Pelev>
    <Telev>3058</Telev>
    <PART>0.5</PART>
    <DELAY>1</DELAY>
  </CatchmentParameters>
  <VegetationZone>
    <VegetationZoneParameters>
      <TT>1.3059991512299207</TT>
      <CFMAX>2.4102838136332227</CFMAX>
      <SP>0</SP>
      <SFCF>0.76587106843066621</SFCF>
      <CFR>0.099999898515435851</CFR>
      <CWH>0.10000097755088538</CWH>
      <CFGlacier>1</CFGlacier>
      <CFSlope>1</CFSlope>
      <FC>833.86321155465077</FC>
      <LP>0.48148291889346262</LP>
      <BETA>5.9999512850507672</BETA>
    </VegetationZoneParameters>
  </VegetationZone>
  <SubCatchment>
    <SubCatchmentParameters>
      <KSI>0.001</KSI>
      <KGmin>0.05</KGmin>
      <RangeKG>0.1</RangeKG>
      <AG>0.1</AG>
      <PERC>0.053279193378573418</PERC>
      <Alpha>0</Alpha>
      <UZL>156.47715052033047</UZL>
      <K0>0.58932330377064934</K0>
      <K1>0.10171534683573133</K1>
      <K2>0.01000000635495649</K2>
      <MAXBAS>1</MAXBAS>
      <Cet>0</Cet>
      <PCALT>10</PCALT>
      <TCALT>0.6</TCALT>
      <Pelev>3022</Pelev>
      <Telev>3058</Telev>
      <PART>0.5</PART>
      <DELAY>1</DELAY>
    </SubCatchmentParameters>
    <SubCatchmentVegetationZone>
      <SubCatchmentVegetationZoneParameters>
        <TT>1.3059991512299207</TT>
        <CFMAX>2.4102838136332227</CFMAX>
        <SP>0</SP>
        <SFCF>0.76587106843066621</SFCF>
        <CFR>0.099999898515435851</CFR>
        <CWH>0.10000097755088538</CWH>
        <CFGlacier>1</CFGlacier>
        <CFSlope>1</CFSlope>
        <FC>833.86321155465077</FC>
        <LP>0.48148291889346262</LP>
        <BETA>5.9999512850507672</BETA>
      </SubCatchmentVegetationZoneParameters>
    </SubCatchmentVegetationZone>
  </SubCatchment>
</Catchment>