<?xml version="1.0" encoding="utf-8"?>
<Catchment xmlns:xsi="http://www.w3.org/2001/XMLSchema-instance" xmlns:xsd="http://www.w3.org/2001/XMLSchema">
  <CatchmentParameters>
    <KSI>0.001</KSI>
    <KGmin>0.05</KGmin>
    <RangeKG>0.1</RangeKG>
    <AG>0.1</AG>
    <PERC>9.9999051858967</PERC>
    <Alpha>0</Alpha>
    <UZL>110.07380776198077</UZL>
    <K0>0.58076646592982173</K0>
    <K1>0.11576458278966621</K1>
    <K2>0.098579162400329254</K2>
    <MAXBAS>1.1550165657063145</MAXBAS>
    <Cet>0</Cet>
    <PCALT>10</PCALT>
    <TCALT>0.6</TCALT>
    <Pelev>3022</Pelev>
    <Telev>3058</Telev>
    <PART>0.5</PART>
    <DELAY>1</DELAY>
  </CatchmentParameters>
  <VegetationZone>
    <VegetationZoneParameters>
      <TT>1.7636517826109346</TT>
      <CFMAX>2.0154876614272461</CFMAX>
      <SP>0</SP>
      <SFCF>0.609668401269864</SFCF>
      <CFR>0.099999267561359365</CFR>
      <CWH>0.19999007562806689</CWH>
      <CFGlacier>1</CFGlacier>
      <CFSlope>1</CFSlope>
      <FC>438.25949993581889</FC>
      <LP>0.45196604549588082</LP>
      <BETA>5.6103645217483908</BETA>
    </VegetationZoneParameters>
  </VegetationZone>
  <SubCatchment>
    <SubCatchmentParameters>
      <KSI>0.001</KSI>
      <KGmin>0.05</KGmin>
      <RangeKG>0.1</RangeKG>
      <AG>0.1</AG>
      <PERC>9.9999051858967</PERC>
      <Alpha>0</Alpha>
      <UZL>110.07380776198077</UZL>
      <K0>0.58076646592982173</K0>
      <K1>0.11576458278966621</K1>
      <K2>0.098579162400329254</K2>
      <MAXBAS>1.1550165657063145</MAXBAS>
      <Cet>0</Cet>
      <PCALT>10</PCALT>
      <TCALT>0.6</TCALT>
      <Pelev>3022</Pelev>
      <Telev>3058</Telev>
      <PART>0.5</PART>
      <DELAY>1</DELAY>
    </SubCatchmentParameters>
    <SubCatchmentVegetationZone>
      <SubCatchmentVegetationZoneParameters>
        <TT>1.7636517826109346</TT>
        <CFMAX>2.0154876614272461</CFMAX>
        <SP>0</SP>
        <SFCF>0.609668401269864</SFCF>
        <CFR>0.099999267561359365</CFR>
        <CWH>0.19999007562806689</CWH>
        <CFGlacier>1</CFGlacier>
        <CFSlope>1</CFSlope>
        <FC>438.25949993581889</FC>
        <LP>0.45196604549588082</LP>
        <BETA>5.6103645217483908</BETA>
      </SubCatchmentVegetationZoneParameters>
    </SubCatchmentVegetationZone>
  </SubCatchment>
</Catchment>