<?xml version="1.0" encoding="utf-8"?>
<Catchment xmlns:xsi="http://www.w3.org/2001/XMLSchema-instance" xmlns:xsd="http://www.w3.org/2001/XMLSchema">
  <CatchmentParameters>
    <KSI>0.001</KSI>
    <KGmin>0.05</KGmin>
    <RangeKG>0.1</RangeKG>
    <AG>0.1</AG>
    <PERC>0.032552385075538252</PERC>
    <Alpha>0</Alpha>
    <UZL>108.10543478572878</UZL>
    <K0>0.47591648427605376</K0>
    <K1>0.11907231013272537</K1>
    <K2>0.010000013253656412</K2>
    <MAXBAS>1</MAXBAS>
    <Cet>0</Cet>
    <PCALT>10</PCALT>
    <TCALT>0.6</TCALT>
    <Pelev>3022</Pelev>
    <Telev>3058</Telev>
    <PART>0.5</PART>
    <DELAY>1</DELAY>
  </CatchmentParameters>
  <VegetationZone>
    <VegetationZoneParameters>
      <TT>0.67974676603451067</TT>
      <CFMAX>2.0215617465066837</CFMAX>
      <SP>0</SP>
      <SFCF>0.8425972588428341</SFCF>
      <CFR>0.077535277161435073</CFR>
      <CWH>0.15631703963489874</CWH>
      <CFGlacier>1</CFGlacier>
      <CFSlope>1</CFSlope>
      <FC>1374.2606543309912</FC>
      <LP>0.47978635418872423</LP>
      <BETA>4.4926366386289125</BETA>
    </VegetationZoneParameters>
  </VegetationZone>
  <SubCatchment>
    <SubCatchmentParameters>
      <KSI>0.001</KSI>
      <KGmin>0.05</KGmin>
      <RangeKG>0.1</RangeKG>
      <AG>0.1</AG>
      <PERC>0.032552385075538252</PERC>
      <Alpha>0</Alpha>
      <UZL>108.10543478572878</UZL>
      <K0>0.47591648427605376</K0>
      <K1>0.11907231013272537</K1>
      <K2>0.010000013253656412</K2>
      <MAXBAS>1</MAXBAS>
      <Cet>0</Cet>
      <PCALT>10</PCALT>
      <TCALT>0.6</TCALT>
      <Pelev>3022</Pelev>
      <Telev>3058</Telev>
      <PART>0.5</PART>
      <DELAY>1</DELAY>
    </SubCatchmentParameters>
    <SubCatchmentVegetationZone>
      <SubCatchmentVegetationZoneParameters>
        <TT>0.67974676603451067</TT>
        <CFMAX>2.0215617465066837</CFMAX>
        <SP>0</SP>
        <SFCF>0.8425972588428341</SFCF>
        <CFR>0.077535277161435073</CFR>
        <CWH>0.15631703963489874</CWH>
        <CFGlacier>1</CFGlacier>
        <CFSlope>1</CFSlope>
        <FC>1374.2606543309912</FC>
        <LP>0.47978635418872423</LP>
        <BETA>4.4926366386289125</BETA>
      </SubCatchmentVegetationZoneParameters>
    </SubCatchmentVegetationZone>
  </SubCatchment>
</Catchment>