<?xml version="1.0" encoding="utf-8"?>
<Catchment xmlns:xsi="http://www.w3.org/2001/XMLSchema-instance" xmlns:xsd="http://www.w3.org/2001/XMLSchema">
  <CatchmentParameters>
    <KSI>0.001</KSI>
    <KGmin>0.05</KGmin>
    <RangeKG>0.1</RangeKG>
    <AG>0.1</AG>
    <PERC>4.8218007719206426</PERC>
    <Alpha>0</Alpha>
    <UZL>114.01945211516259</UZL>
    <K0>0.40123927829875938</K0>
    <K1>0.098030072563466075</K1>
    <K2>0.092746849084098262</K2>
    <MAXBAS>1.2449904024415244</MAXBAS>
    <Cet>0</Cet>
    <PCALT>10</PCALT>
    <TCALT>0.6</TCALT>
    <Pelev>3022</Pelev>
    <Telev>3058</Telev>
    <PART>0.5</PART>
    <DELAY>1</DELAY>
  </CatchmentParameters>
  <VegetationZone>
    <VegetationZoneParameters>
      <TT>1.3239954798373466</TT>
      <CFMAX>1.7240971247808177</CFMAX>
      <SP>0</SP>
      <SFCF>0.59634286927325586</SFCF>
      <CFR>0.099999888508671059</CFR>
      <CWH>0.19999961725657356</CWH>
      <CFGlacier>1</CFGlacier>
      <CFSlope>1</CFSlope>
      <FC>408.81955557175047</FC>
      <LP>0.43061968398609546</LP>
      <BETA>5.9999759383895013</BETA>
    </VegetationZoneParameters>
  </VegetationZone>
  <SubCatchment>
    <SubCatchmentParameters>
      <KSI>0.001</KSI>
      <KGmin>0.05</KGmin>
      <RangeKG>0.1</RangeKG>
      <AG>0.1</AG>
      <PERC>4.8218007719206426</PERC>
      <Alpha>0</Alpha>
      <UZL>114.01945211516259</UZL>
      <K0>0.40123927829875938</K0>
      <K1>0.098030072563466075</K1>
      <K2>0.092746849084098262</K2>
      <MAXBAS>1.2449904024415244</MAXBAS>
      <Cet>0</Cet>
      <PCALT>10</PCALT>
      <TCALT>0.6</TCALT>
      <Pelev>3022</Pelev>
      <Telev>3058</Telev>
      <PART>0.5</PART>
      <DELAY>1</DELAY>
    </SubCatchmentParameters>
    <SubCatchmentVegetationZone>
      <SubCatchmentVegetationZoneParameters>
        <TT>1.3239954798373466</TT>
        <CFMAX>1.7240971247808177</CFMAX>
        <SP>0</SP>
        <SFCF>0.59634286927325586</SFCF>
        <CFR>0.099999888508671059</CFR>
        <CWH>0.19999961725657356</CWH>
        <CFGlacier>1</CFGlacier>
        <CFSlope>1</CFSlope>
        <FC>408.81955557175047</FC>
        <LP>0.43061968398609546</LP>
        <BETA>5.9999759383895013</BETA>
      </SubCatchmentVegetationZoneParameters>
    </SubCatchmentVegetationZone>
  </SubCatchment>
</Catchment>