<?xml version="1.0" encoding="utf-8"?>
<Catchment xmlns:xsi="http://www.w3.org/2001/XMLSchema-instance" xmlns:xsd="http://www.w3.org/2001/XMLSchema">
  <CatchmentParameters>
    <KSI>0.001</KSI>
    <KGmin>0.05</KGmin>
    <RangeKG>0.1</RangeKG>
    <AG>0.1</AG>
    <PERC>0.055798067242868905</PERC>
    <Alpha>0</Alpha>
    <UZL>173.90592273894069</UZL>
    <K0>0.28981810084681758</K0>
    <K1>0.13665743114107085</K1>
    <K2>0.010000005894764061</K2>
    <MAXBAS>1</MAXBAS>
    <Cet>0</Cet>
    <PCALT>10</PCALT>
    <TCALT>0.6</TCALT>
    <Pelev>3022</Pelev>
    <Telev>3058</Telev>
    <PART>0.5</PART>
    <DELAY>1</DELAY>
  </CatchmentParameters>
  <VegetationZone>
    <VegetationZoneParameters>
      <TT>0.45623526387109148</TT>
      <CFMAX>1.489294636622051</CFMAX>
      <SP>0</SP>
      <SFCF>0.7247113215628358</SFCF>
      <CFR>0.013978025786827403</CFR>
      <CWH>0.11458101639692613</CWH>
      <CFGlacier>1</CFGlacier>
      <CFSlope>1</CFSlope>
      <FC>766.525839091905</FC>
      <LP>0.41127840636683793</LP>
      <BETA>5.766469853090463</BETA>
    </VegetationZoneParameters>
  </VegetationZone>
  <SubCatchment>
    <SubCatchmentParameters>
      <KSI>0.001</KSI>
      <KGmin>0.05</KGmin>
      <RangeKG>0.1</RangeKG>
      <AG>0.1</AG>
      <PERC>0.055798067242868905</PERC>
      <Alpha>0</Alpha>
      <UZL>173.90592273894069</UZL>
      <K0>0.28981810084681758</K0>
      <K1>0.13665743114107085</K1>
      <K2>0.010000005894764061</K2>
      <MAXBAS>1</MAXBAS>
      <Cet>0</Cet>
      <PCALT>10</PCALT>
      <TCALT>0.6</TCALT>
      <Pelev>3022</Pelev>
      <Telev>3058</Telev>
      <PART>0.5</PART>
      <DELAY>1</DELAY>
    </SubCatchmentParameters>
    <SubCatchmentVegetationZone>
      <SubCatchmentVegetationZoneParameters>
        <TT>0.45623526387109148</TT>
        <CFMAX>1.489294636622051</CFMAX>
        <SP>0</SP>
        <SFCF>0.7247113215628358</SFCF>
        <CFR>0.013978025786827403</CFR>
        <CWH>0.11458101639692613</CWH>
        <CFGlacier>1</CFGlacier>
        <CFSlope>1</CFSlope>
        <FC>766.525839091905</FC>
        <LP>0.41127840636683793</LP>
        <BETA>5.766469853090463</BETA>
      </SubCatchmentVegetationZoneParameters>
    </SubCatchmentVegetationZone>
  </SubCatchment>
</Catchment>