<?xml version="1.0" encoding="utf-8"?>
<Catchment xmlns:xsi="http://www.w3.org/2001/XMLSchema-instance" xmlns:xsd="http://www.w3.org/2001/XMLSchema">
  <CatchmentParameters>
    <KSI>0.001</KSI>
    <KGmin>0.05</KGmin>
    <RangeKG>0.1</RangeKG>
    <AG>0.1</AG>
    <PERC>9.9999972251142726</PERC>
    <Alpha>0</Alpha>
    <UZL>139.07479604331044</UZL>
    <K0>0.18630467729120889</K0>
    <K1>0.16317638194446582</K1>
    <K2>0.10829481834448802</K2>
    <MAXBAS>1.4249962513846506</MAXBAS>
    <Cet>0</Cet>
    <PCALT>10</PCALT>
    <TCALT>0.6</TCALT>
    <Pelev>3022</Pelev>
    <Telev>3058</Telev>
    <PART>0.5</PART>
    <DELAY>1</DELAY>
  </CatchmentParameters>
  <VegetationZone>
    <VegetationZoneParameters>
      <TT>2.0531872864289724</TT>
      <CFMAX>2.2119466946457056</CFMAX>
      <SP>0</SP>
      <SFCF>0.63369147776084245</SFCF>
      <CFR>0.099999971911326924</CFR>
      <CWH>0.19995619155445549</CWH>
      <CFGlacier>1</CFGlacier>
      <CFSlope>1</CFSlope>
      <FC>560.79171283786036</FC>
      <LP>0.59198015693990413</LP>
      <BETA>5.492189135621488</BETA>
    </VegetationZoneParameters>
  </VegetationZone>
  <SubCatchment>
    <SubCatchmentParameters>
      <KSI>0.001</KSI>
      <KGmin>0.05</KGmin>
      <RangeKG>0.1</RangeKG>
      <AG>0.1</AG>
      <PERC>9.9999972251142726</PERC>
      <Alpha>0</Alpha>
      <UZL>139.07479604331044</UZL>
      <K0>0.18630467729120889</K0>
      <K1>0.16317638194446582</K1>
      <K2>0.10829481834448802</K2>
      <MAXBAS>1.4249962513846506</MAXBAS>
      <Cet>0</Cet>
      <PCALT>10</PCALT>
      <TCALT>0.6</TCALT>
      <Pelev>3022</Pelev>
      <Telev>3058</Telev>
      <PART>0.5</PART>
      <DELAY>1</DELAY>
    </SubCatchmentParameters>
    <SubCatchmentVegetationZone>
      <SubCatchmentVegetationZoneParameters>
        <TT>2.0531872864289724</TT>
        <CFMAX>2.2119466946457056</CFMAX>
        <SP>0</SP>
        <SFCF>0.63369147776084245</SFCF>
        <CFR>0.099999971911326924</CFR>
        <CWH>0.19995619155445549</CWH>
        <CFGlacier>1</CFGlacier>
        <CFSlope>1</CFSlope>
        <FC>560.79171283786036</FC>
        <LP>0.59198015693990413</LP>
        <BETA>5.492189135621488</BETA>
      </SubCatchmentVegetationZoneParameters>
    </SubCatchmentVegetationZone>
  </SubCatchment>
</Catchment>