<?xml version="1.0" encoding="utf-8"?>
<Catchment xmlns:xsi="http://www.w3.org/2001/XMLSchema-instance" xmlns:xsd="http://www.w3.org/2001/XMLSchema">
  <CatchmentParameters>
    <KSI>0.001</KSI>
    <KGmin>0.05</KGmin>
    <RangeKG>0.1</RangeKG>
    <AG>0.1</AG>
    <PERC>9.2301859413785081</PERC>
    <Alpha>0</Alpha>
    <UZL>183.47798608295628</UZL>
    <K0>0.50820283781411291</K0>
    <K1>0.23558675342516255</K1>
    <K2>0.12617113430127322</K2>
    <MAXBAS>1.6133853911896321</MAXBAS>
    <Cet>0</Cet>
    <PCALT>10</PCALT>
    <TCALT>0.6</TCALT>
    <Pelev>3022</Pelev>
    <Telev>3058</Telev>
    <PART>0.5</PART>
    <DELAY>1</DELAY>
  </CatchmentParameters>
  <VegetationZone>
    <VegetationZoneParameters>
      <TT>1.8485804051940251</TT>
      <CFMAX>1.7225752023418408</CFMAX>
      <SP>0</SP>
      <SFCF>0.58188483792433565</SFCF>
      <CFR>0.09996604271577833</CFR>
      <CWH>0.18755991149552909</CWH>
      <CFGlacier>1</CFGlacier>
      <CFSlope>1</CFSlope>
      <FC>477.53793037569847</FC>
      <LP>0.5840694665719558</LP>
      <BETA>5.0797558900132076</BETA>
    </VegetationZoneParameters>
  </VegetationZone>
  <SubCatchment>
    <SubCatchmentParameters>
      <KSI>0.001</KSI>
      <KGmin>0.05</KGmin>
      <RangeKG>0.1</RangeKG>
      <AG>0.1</AG>
      <PERC>9.2301859413785081</PERC>
      <Alpha>0</Alpha>
      <UZL>183.47798608295628</UZL>
      <K0>0.50820283781411291</K0>
      <K1>0.23558675342516255</K1>
      <K2>0.12617113430127322</K2>
      <MAXBAS>1.6133853911896321</MAXBAS>
      <Cet>0</Cet>
      <PCALT>10</PCALT>
      <TCALT>0.6</TCALT>
      <Pelev>3022</Pelev>
      <Telev>3058</Telev>
      <PART>0.5</PART>
      <DELAY>1</DELAY>
    </SubCatchmentParameters>
    <SubCatchmentVegetationZone>
      <SubCatchmentVegetationZoneParameters>
        <TT>1.8485804051940251</TT>
        <CFMAX>1.7225752023418408</CFMAX>
        <SP>0</SP>
        <SFCF>0.58188483792433565</SFCF>
        <CFR>0.09996604271577833</CFR>
        <CWH>0.18755991149552909</CWH>
        <CFGlacier>1</CFGlacier>
        <CFSlope>1</CFSlope>
        <FC>477.53793037569847</FC>
        <LP>0.5840694665719558</LP>
        <BETA>5.0797558900132076</BETA>
      </SubCatchmentVegetationZoneParameters>
    </SubCatchmentVegetationZone>
  </SubCatchment>
</Catchment>