<?xml version="1.0" encoding="utf-8"?>
<Catchment xmlns:xsi="http://www.w3.org/2001/XMLSchema-instance" xmlns:xsd="http://www.w3.org/2001/XMLSchema">
  <CatchmentParameters>
    <KSI>0.001</KSI>
    <KGmin>0.05</KGmin>
    <RangeKG>0.1</RangeKG>
    <AG>0.1</AG>
    <PERC>2.0047291488828796</PERC>
    <Alpha>0</Alpha>
    <UZL>151.81499552701789</UZL>
    <K0>0.24659773906446847</K0>
    <K1>0.081439746277461686</K1>
    <K2>0.13908105688279393</K2>
    <MAXBAS>1.1449552223496555</MAXBAS>
    <Cet>0</Cet>
    <PCALT>10</PCALT>
    <TCALT>0.6</TCALT>
    <Pelev>3022</Pelev>
    <Telev>3058</Telev>
    <PART>0.5</PART>
    <DELAY>1</DELAY>
  </CatchmentParameters>
  <VegetationZone>
    <VegetationZoneParameters>
      <TT>1.8499361445514764</TT>
      <CFMAX>2.3352552572262391</CFMAX>
      <SP>0</SP>
      <SFCF>0.6528909634042338</SFCF>
      <CFR>0.099999999601499023</CFR>
      <CWH>0.19999691768683925</CWH>
      <CFGlacier>1</CFGlacier>
      <CFSlope>1</CFSlope>
      <FC>440.87848257589638</FC>
      <LP>0.37558536609749416</LP>
      <BETA>5.8877486226367575</BETA>
    </VegetationZoneParameters>
  </VegetationZone>
  <SubCatchment>
    <SubCatchmentParameters>
      <KSI>0.001</KSI>
      <KGmin>0.05</KGmin>
      <RangeKG>0.1</RangeKG>
      <AG>0.1</AG>
      <PERC>2.0047291488828796</PERC>
      <Alpha>0</Alpha>
      <UZL>151.81499552701789</UZL>
      <K0>0.24659773906446847</K0>
      <K1>0.081439746277461686</K1>
      <K2>0.13908105688279393</K2>
      <MAXBAS>1.1449552223496555</MAXBAS>
      <Cet>0</Cet>
      <PCALT>10</PCALT>
      <TCALT>0.6</TCALT>
      <Pelev>3022</Pelev>
      <Telev>3058</Telev>
      <PART>0.5</PART>
      <DELAY>1</DELAY>
    </SubCatchmentParameters>
    <SubCatchmentVegetationZone>
      <SubCatchmentVegetationZoneParameters>
        <TT>1.8499361445514764</TT>
        <CFMAX>2.3352552572262391</CFMAX>
        <SP>0</SP>
        <SFCF>0.6528909634042338</SFCF>
        <CFR>0.099999999601499023</CFR>
        <CWH>0.19999691768683925</CWH>
        <CFGlacier>1</CFGlacier>
        <CFSlope>1</CFSlope>
        <FC>440.87848257589638</FC>
        <LP>0.37558536609749416</LP>
        <BETA>5.8877486226367575</BETA>
      </SubCatchmentVegetationZoneParameters>
    </SubCatchmentVegetationZone>
  </SubCatchment>
</Catchment>