<?xml version="1.0" encoding="utf-8"?>
<Catchment xmlns:xsi="http://www.w3.org/2001/XMLSchema-instance" xmlns:xsd="http://www.w3.org/2001/XMLSchema">
  <CatchmentParameters>
    <KSI>0.001</KSI>
    <KGmin>0.05</KGmin>
    <RangeKG>0.1</RangeKG>
    <AG>0.1</AG>
    <PERC>6.2869387155008685</PERC>
    <Alpha>0</Alpha>
    <UZL>30.060570382169804</UZL>
    <K0>0.43578630246496231</K0>
    <K1>0.058897842642159165</K1>
    <K2>0.098329616509765364</K2>
    <MAXBAS>1.4845571637539072</MAXBAS>
    <Cet>0</Cet>
    <PCALT>10</PCALT>
    <TCALT>0.6</TCALT>
    <Pelev>3022</Pelev>
    <Telev>3058</Telev>
    <PART>0.5</PART>
    <DELAY>1</DELAY>
  </CatchmentParameters>
  <VegetationZone>
    <VegetationZoneParameters>
      <TT>2.0948710246750206</TT>
      <CFMAX>2.1255448446062006</CFMAX>
      <SP>0</SP>
      <SFCF>0.56270405762345532</SFCF>
      <CFR>0.0927671916436129</CFR>
      <CWH>0.19991001920781673</CWH>
      <CFGlacier>1</CFGlacier>
      <CFSlope>1</CFSlope>
      <FC>344.06329159394744</FC>
      <LP>0.3424689537317015</LP>
      <BETA>5.9999759038453107</BETA>
    </VegetationZoneParameters>
  </VegetationZone>
  <SubCatchment>
    <SubCatchmentParameters>
      <KSI>0.001</KSI>
      <KGmin>0.05</KGmin>
      <RangeKG>0.1</RangeKG>
      <AG>0.1</AG>
      <PERC>6.2869387155008685</PERC>
      <Alpha>0</Alpha>
      <UZL>30.060570382169804</UZL>
      <K0>0.43578630246496231</K0>
      <K1>0.058897842642159165</K1>
      <K2>0.098329616509765364</K2>
      <MAXBAS>1.4845571637539072</MAXBAS>
      <Cet>0</Cet>
      <PCALT>10</PCALT>
      <TCALT>0.6</TCALT>
      <Pelev>3022</Pelev>
      <Telev>3058</Telev>
      <PART>0.5</PART>
      <DELAY>1</DELAY>
    </SubCatchmentParameters>
    <SubCatchmentVegetationZone>
      <SubCatchmentVegetationZoneParameters>
        <TT>2.0948710246750206</TT>
        <CFMAX>2.1255448446062006</CFMAX>
        <SP>0</SP>
        <SFCF>0.56270405762345532</SFCF>
        <CFR>0.0927671916436129</CFR>
        <CWH>0.19991001920781673</CWH>
        <CFGlacier>1</CFGlacier>
        <CFSlope>1</CFSlope>
        <FC>344.06329159394744</FC>
        <LP>0.3424689537317015</LP>
        <BETA>5.9999759038453107</BETA>
      </SubCatchmentVegetationZoneParameters>
    </SubCatchmentVegetationZone>
  </SubCatchment>
</Catchment>