<?xml version="1.0" encoding="utf-8"?>
<Catchment xmlns:xsi="http://www.w3.org/2001/XMLSchema-instance" xmlns:xsd="http://www.w3.org/2001/XMLSchema">
  <CatchmentParameters>
    <KSI>0.001</KSI>
    <KGmin>0.05</KGmin>
    <RangeKG>0.1</RangeKG>
    <AG>0.1</AG>
    <PERC>0.04843435753455462</PERC>
    <Alpha>0</Alpha>
    <UZL>87.2142350866125</UZL>
    <K0>0.19921619919375971</K0>
    <K1>0.1516483287392516</K1>
    <K2>0.010000248761853179</K2>
    <MAXBAS>1</MAXBAS>
    <Cet>0</Cet>
    <PCALT>10</PCALT>
    <TCALT>0.6</TCALT>
    <Pelev>3022</Pelev>
    <Telev>3058</Telev>
    <PART>0.5</PART>
    <DELAY>1</DELAY>
  </CatchmentParameters>
  <VegetationZone>
    <VegetationZoneParameters>
      <TT>0.15427887028825993</TT>
      <CFMAX>1.1008516030955027</CFMAX>
      <SP>0</SP>
      <SFCF>0.63203376524727906</SFCF>
      <CFR>0.054299736968127586</CFR>
      <CWH>0.1711397262383369</CWH>
      <CFGlacier>1</CFGlacier>
      <CFSlope>1</CFSlope>
      <FC>626.74482786413682</FC>
      <LP>0.41473270711844423</LP>
      <BETA>4.1218733529319858</BETA>
    </VegetationZoneParameters>
  </VegetationZone>
  <SubCatchment>
    <SubCatchmentParameters>
      <KSI>0.001</KSI>
      <KGmin>0.05</KGmin>
      <RangeKG>0.1</RangeKG>
      <AG>0.1</AG>
      <PERC>0.04843435753455462</PERC>
      <Alpha>0</Alpha>
      <UZL>87.2142350866125</UZL>
      <K0>0.19921619919375971</K0>
      <K1>0.1516483287392516</K1>
      <K2>0.010000248761853179</K2>
      <MAXBAS>1</MAXBAS>
      <Cet>0</Cet>
      <PCALT>10</PCALT>
      <TCALT>0.6</TCALT>
      <Pelev>3022</Pelev>
      <Telev>3058</Telev>
      <PART>0.5</PART>
      <DELAY>1</DELAY>
    </SubCatchmentParameters>
    <SubCatchmentVegetationZone>
      <SubCatchmentVegetationZoneParameters>
        <TT>0.15427887028825993</TT>
        <CFMAX>1.1008516030955027</CFMAX>
        <SP>0</SP>
        <SFCF>0.63203376524727906</SFCF>
        <CFR>0.054299736968127586</CFR>
        <CWH>0.1711397262383369</CWH>
        <CFGlacier>1</CFGlacier>
        <CFSlope>1</CFSlope>
        <FC>626.74482786413682</FC>
        <LP>0.41473270711844423</LP>
        <BETA>4.1218733529319858</BETA>
      </SubCatchmentVegetationZoneParameters>
    </SubCatchmentVegetationZone>
  </SubCatchment>
</Catchment>