<?xml version="1.0" encoding="utf-8"?>
<Catchment xmlns:xsi="http://www.w3.org/2001/XMLSchema-instance" xmlns:xsd="http://www.w3.org/2001/XMLSchema">
  <CatchmentParameters>
    <KSI>0.001</KSI>
    <KGmin>0.05</KGmin>
    <RangeKG>0.1</RangeKG>
    <AG>0.1</AG>
    <PERC>6.2958491194720292</PERC>
    <Alpha>0</Alpha>
    <UZL>114.68363720947335</UZL>
    <K0>0.5493215643269751</K0>
    <K1>0.0845503405132998</K1>
    <K2>0.097055376859136</K2>
    <MAXBAS>1.0000019882736804</MAXBAS>
    <Cet>0</Cet>
    <PCALT>10</PCALT>
    <TCALT>0.6</TCALT>
    <Pelev>3022</Pelev>
    <Telev>3058</Telev>
    <PART>0.5</PART>
    <DELAY>1</DELAY>
  </CatchmentParameters>
  <VegetationZone>
    <VegetationZoneParameters>
      <TT>1.6598259439039083</TT>
      <CFMAX>1.8670429041116352</CFMAX>
      <SP>0</SP>
      <SFCF>0.59448258955905542</SFCF>
      <CFR>0.0977975843900901</CFR>
      <CWH>0.19998942720466023</CWH>
      <CFGlacier>1</CFGlacier>
      <CFSlope>1</CFSlope>
      <FC>430.78599516099712</FC>
      <LP>0.49425235029209275</LP>
      <BETA>5.9999541201218882</BETA>
    </VegetationZoneParameters>
  </VegetationZone>
  <SubCatchment>
    <SubCatchmentParameters>
      <KSI>0.001</KSI>
      <KGmin>0.05</KGmin>
      <RangeKG>0.1</RangeKG>
      <AG>0.1</AG>
      <PERC>6.2958491194720292</PERC>
      <Alpha>0</Alpha>
      <UZL>114.68363720947335</UZL>
      <K0>0.5493215643269751</K0>
      <K1>0.0845503405132998</K1>
      <K2>0.097055376859136</K2>
      <MAXBAS>1.0000019882736804</MAXBAS>
      <Cet>0</Cet>
      <PCALT>10</PCALT>
      <TCALT>0.6</TCALT>
      <Pelev>3022</Pelev>
      <Telev>3058</Telev>
      <PART>0.5</PART>
      <DELAY>1</DELAY>
    </SubCatchmentParameters>
    <SubCatchmentVegetationZone>
      <SubCatchmentVegetationZoneParameters>
        <TT>1.6598259439039083</TT>
        <CFMAX>1.8670429041116352</CFMAX>
        <SP>0</SP>
        <SFCF>0.59448258955905542</SFCF>
        <CFR>0.0977975843900901</CFR>
        <CWH>0.19998942720466023</CWH>
        <CFGlacier>1</CFGlacier>
        <CFSlope>1</CFSlope>
        <FC>430.78599516099712</FC>
        <LP>0.49425235029209275</LP>
        <BETA>5.9999541201218882</BETA>
      </SubCatchmentVegetationZoneParameters>
    </SubCatchmentVegetationZone>
  </SubCatchment>
</Catchment>