<?xml version="1.0" encoding="utf-8"?>
<Catchment xmlns:xsi="http://www.w3.org/2001/XMLSchema-instance" xmlns:xsd="http://www.w3.org/2001/XMLSchema">
  <CatchmentParameters>
    <KSI>0.001</KSI>
    <KGmin>0.05</KGmin>
    <RangeKG>0.1</RangeKG>
    <AG>0.1</AG>
    <PERC>6.6752310317096786</PERC>
    <Alpha>0</Alpha>
    <UZL>62.396189311909289</UZL>
    <K0>0.21434503691763493</K0>
    <K1>0.064343527449005483</K1>
    <K2>0.097948674014044848</K2>
    <MAXBAS>1.0049248098987915</MAXBAS>
    <Cet>0</Cet>
    <PCALT>10</PCALT>
    <TCALT>0.6</TCALT>
    <Pelev>3022</Pelev>
    <Telev>3058</Telev>
    <PART>0.5</PART>
    <DELAY>1</DELAY>
  </CatchmentParameters>
  <VegetationZone>
    <VegetationZoneParameters>
      <TT>2.0220732666442087</TT>
      <CFMAX>2.1784043267115925</CFMAX>
      <SP>0</SP>
      <SFCF>0.58679872229954722</SFCF>
      <CFR>0.099999786572290986</CFR>
      <CWH>0.19999816391454234</CWH>
      <CFGlacier>1</CFGlacier>
      <CFSlope>1</CFSlope>
      <FC>420.97021785654317</FC>
      <LP>0.51060871220246551</LP>
      <BETA>5.9999966936453042</BETA>
    </VegetationZoneParameters>
  </VegetationZone>
  <SubCatchment>
    <SubCatchmentParameters>
      <KSI>0.001</KSI>
      <KGmin>0.05</KGmin>
      <RangeKG>0.1</RangeKG>
      <AG>0.1</AG>
      <PERC>6.6752310317096786</PERC>
      <Alpha>0</Alpha>
      <UZL>62.396189311909289</UZL>
      <K0>0.21434503691763493</K0>
      <K1>0.064343527449005483</K1>
      <K2>0.097948674014044848</K2>
      <MAXBAS>1.0049248098987915</MAXBAS>
      <Cet>0</Cet>
      <PCALT>10</PCALT>
      <TCALT>0.6</TCALT>
      <Pelev>3022</Pelev>
      <Telev>3058</Telev>
      <PART>0.5</PART>
      <DELAY>1</DELAY>
    </SubCatchmentParameters>
    <SubCatchmentVegetationZone>
      <SubCatchmentVegetationZoneParameters>
        <TT>2.0220732666442087</TT>
        <CFMAX>2.1784043267115925</CFMAX>
        <SP>0</SP>
        <SFCF>0.58679872229954722</SFCF>
        <CFR>0.099999786572290986</CFR>
        <CWH>0.19999816391454234</CWH>
        <CFGlacier>1</CFGlacier>
        <CFSlope>1</CFSlope>
        <FC>420.97021785654317</FC>
        <LP>0.51060871220246551</LP>
        <BETA>5.9999966936453042</BETA>
      </SubCatchmentVegetationZoneParameters>
    </SubCatchmentVegetationZone>
  </SubCatchment>
</Catchment>