<?xml version="1.0" encoding="utf-8"?>
<Catchment xmlns:xsi="http://www.w3.org/2001/XMLSchema-instance" xmlns:xsd="http://www.w3.org/2001/XMLSchema">
  <CatchmentParameters>
    <KSI>0.001</KSI>
    <KGmin>0.05</KGmin>
    <RangeKG>0.1</RangeKG>
    <AG>0.1</AG>
    <PERC>0.044444209907138148</PERC>
    <Alpha>0</Alpha>
    <UZL>111.5762907197866</UZL>
    <K0>0.11282094086190818</K0>
    <K1>0.12267140082765719</K1>
    <K2>0.010000483476828821</K2>
    <MAXBAS>1</MAXBAS>
    <Cet>0</Cet>
    <PCALT>10</PCALT>
    <TCALT>0.6</TCALT>
    <Pelev>3022</Pelev>
    <Telev>3058</Telev>
    <PART>0.5</PART>
    <DELAY>1</DELAY>
  </CatchmentParameters>
  <VegetationZone>
    <VegetationZoneParameters>
      <TT>0.70235776335470079</TT>
      <CFMAX>1.6768751104176702</CFMAX>
      <SP>0</SP>
      <SFCF>0.70608671960581937</SFCF>
      <CFR>0.099179435655996365</CFR>
      <CWH>0.11608760622020313</CWH>
      <CFGlacier>1</CFGlacier>
      <CFSlope>1</CFSlope>
      <FC>700.48378714276714</FC>
      <LP>0.3858298932937102</LP>
      <BETA>4.1218777476403066</BETA>
    </VegetationZoneParameters>
  </VegetationZone>
  <SubCatchment>
    <SubCatchmentParameters>
      <KSI>0.001</KSI>
      <KGmin>0.05</KGmin>
      <RangeKG>0.1</RangeKG>
      <AG>0.1</AG>
      <PERC>0.044444209907138148</PERC>
      <Alpha>0</Alpha>
      <UZL>111.5762907197866</UZL>
      <K0>0.11282094086190818</K0>
      <K1>0.12267140082765719</K1>
      <K2>0.010000483476828821</K2>
      <MAXBAS>1</MAXBAS>
      <Cet>0</Cet>
      <PCALT>10</PCALT>
      <TCALT>0.6</TCALT>
      <Pelev>3022</Pelev>
      <Telev>3058</Telev>
      <PART>0.5</PART>
      <DELAY>1</DELAY>
    </SubCatchmentParameters>
    <SubCatchmentVegetationZone>
      <SubCatchmentVegetationZoneParameters>
        <TT>0.70235776335470079</TT>
        <CFMAX>1.6768751104176702</CFMAX>
        <SP>0</SP>
        <SFCF>0.70608671960581937</SFCF>
        <CFR>0.099179435655996365</CFR>
        <CWH>0.11608760622020313</CWH>
        <CFGlacier>1</CFGlacier>
        <CFSlope>1</CFSlope>
        <FC>700.48378714276714</FC>
        <LP>0.3858298932937102</LP>
        <BETA>4.1218777476403066</BETA>
      </SubCatchmentVegetationZoneParameters>
    </SubCatchmentVegetationZone>
  </SubCatchment>
</Catchment>