<?xml version="1.0" encoding="utf-8"?>
<Catchment xmlns:xsi="http://www.w3.org/2001/XMLSchema-instance" xmlns:xsd="http://www.w3.org/2001/XMLSchema">
  <CatchmentParameters>
    <KSI>0.001</KSI>
    <KGmin>0.05</KGmin>
    <RangeKG>0.1</RangeKG>
    <AG>0.1</AG>
    <PERC>6.42322604853333</PERC>
    <Alpha>0</Alpha>
    <UZL>173.80771616601942</UZL>
    <K0>0.11532516765536752</K0>
    <K1>0.068070640207281333</K1>
    <K2>0.098869113967807093</K2>
    <MAXBAS>1.0050638216185195</MAXBAS>
    <Cet>0</Cet>
    <PCALT>10</PCALT>
    <TCALT>0.6</TCALT>
    <Pelev>3022</Pelev>
    <Telev>3058</Telev>
    <PART>0.5</PART>
    <DELAY>1</DELAY>
  </CatchmentParameters>
  <VegetationZone>
    <VegetationZoneParameters>
      <TT>2.1036926541603185</TT>
      <CFMAX>2.3239447196487877</CFMAX>
      <SP>0</SP>
      <SFCF>0.616728970886923</SFCF>
      <CFR>0.086418482577259356</CFR>
      <CWH>0.15537273864119355</CWH>
      <CFGlacier>1</CFGlacier>
      <CFSlope>1</CFSlope>
      <FC>428.980355981894</FC>
      <LP>0.45202581726958191</LP>
      <BETA>5.999973829897308</BETA>
    </VegetationZoneParameters>
  </VegetationZone>
  <SubCatchment>
    <SubCatchmentParameters>
      <KSI>0.001</KSI>
      <KGmin>0.05</KGmin>
      <RangeKG>0.1</RangeKG>
      <AG>0.1</AG>
      <PERC>6.42322604853333</PERC>
      <Alpha>0</Alpha>
      <UZL>173.80771616601942</UZL>
      <K0>0.11532516765536752</K0>
      <K1>0.068070640207281333</K1>
      <K2>0.098869113967807093</K2>
      <MAXBAS>1.0050638216185195</MAXBAS>
      <Cet>0</Cet>
      <PCALT>10</PCALT>
      <TCALT>0.6</TCALT>
      <Pelev>3022</Pelev>
      <Telev>3058</Telev>
      <PART>0.5</PART>
      <DELAY>1</DELAY>
    </SubCatchmentParameters>
    <SubCatchmentVegetationZone>
      <SubCatchmentVegetationZoneParameters>
        <TT>2.1036926541603185</TT>
        <CFMAX>2.3239447196487877</CFMAX>
        <SP>0</SP>
        <SFCF>0.616728970886923</SFCF>
        <CFR>0.086418482577259356</CFR>
        <CWH>0.15537273864119355</CWH>
        <CFGlacier>1</CFGlacier>
        <CFSlope>1</CFSlope>
        <FC>428.980355981894</FC>
        <LP>0.45202581726958191</LP>
        <BETA>5.999973829897308</BETA>
      </SubCatchmentVegetationZoneParameters>
    </SubCatchmentVegetationZone>
  </SubCatchment>
</Catchment>