<?xml version="1.0" encoding="utf-8"?>
<Catchment xmlns:xsi="http://www.w3.org/2001/XMLSchema-instance" xmlns:xsd="http://www.w3.org/2001/XMLSchema">
  <CatchmentParameters>
    <KSI>0.001</KSI>
    <KGmin>0.05</KGmin>
    <RangeKG>0.1</RangeKG>
    <AG>0.1</AG>
    <PERC>0.031853836787589879</PERC>
    <Alpha>0</Alpha>
    <UZL>110.31528486951554</UZL>
    <K0>0.11615475092683499</K0>
    <K1>0.15692661618905981</K1>
    <K2>0.010000147891043747</K2>
    <MAXBAS>1</MAXBAS>
    <Cet>0</Cet>
    <PCALT>10</PCALT>
    <TCALT>0.6</TCALT>
    <Pelev>3022</Pelev>
    <Telev>3058</Telev>
    <PART>0.5</PART>
    <DELAY>1</DELAY>
  </CatchmentParameters>
  <VegetationZone>
    <VegetationZoneParameters>
      <TT>1.3196562357471127</TT>
      <CFMAX>1.8175742184981412</CFMAX>
      <SP>0</SP>
      <SFCF>0.75354812494178847</SFCF>
      <CFR>0.094876394118840968</CFR>
      <CWH>0.13062329082380064</CWH>
      <CFGlacier>1</CFGlacier>
      <CFSlope>1</CFSlope>
      <FC>1738.652214289956</FC>
      <LP>0.65645600141729155</LP>
      <BETA>4.891027584680014</BETA>
    </VegetationZoneParameters>
  </VegetationZone>
  <SubCatchment>
    <SubCatchmentParameters>
      <KSI>0.001</KSI>
      <KGmin>0.05</KGmin>
      <RangeKG>0.1</RangeKG>
      <AG>0.1</AG>
      <PERC>0.031853836787589879</PERC>
      <Alpha>0</Alpha>
      <UZL>110.31528486951554</UZL>
      <K0>0.11615475092683499</K0>
      <K1>0.15692661618905981</K1>
      <K2>0.010000147891043747</K2>
      <MAXBAS>1</MAXBAS>
      <Cet>0</Cet>
      <PCALT>10</PCALT>
      <TCALT>0.6</TCALT>
      <Pelev>3022</Pelev>
      <Telev>3058</Telev>
      <PART>0.5</PART>
      <DELAY>1</DELAY>
    </SubCatchmentParameters>
    <SubCatchmentVegetationZone>
      <SubCatchmentVegetationZoneParameters>
        <TT>1.3196562357471127</TT>
        <CFMAX>1.8175742184981412</CFMAX>
        <SP>0</SP>
        <SFCF>0.75354812494178847</SFCF>
        <CFR>0.094876394118840968</CFR>
        <CWH>0.13062329082380064</CWH>
        <CFGlacier>1</CFGlacier>
        <CFSlope>1</CFSlope>
        <FC>1738.652214289956</FC>
        <LP>0.65645600141729155</LP>
        <BETA>4.891027584680014</BETA>
      </SubCatchmentVegetationZoneParameters>
    </SubCatchmentVegetationZone>
  </SubCatchment>
</Catchment>