<?xml version="1.0" encoding="utf-8"?>
<Catchment xmlns:xsi="http://www.w3.org/2001/XMLSchema-instance" xmlns:xsd="http://www.w3.org/2001/XMLSchema">
  <CatchmentParameters>
    <KSI>0.001</KSI>
    <KGmin>0.05</KGmin>
    <RangeKG>0.1</RangeKG>
    <AG>0.1</AG>
    <PERC>6.6189070691109837</PERC>
    <Alpha>0</Alpha>
    <UZL>110.27370893947698</UZL>
    <K0>0.455652079089184</K0>
    <K1>0.077030718625697478</K1>
    <K2>0.098307777458884443</K2>
    <MAXBAS>1.067554737945587</MAXBAS>
    <Cet>0</Cet>
    <PCALT>10</PCALT>
    <TCALT>0.6</TCALT>
    <Pelev>3022</Pelev>
    <Telev>3058</Telev>
    <PART>0.5</PART>
    <DELAY>1</DELAY>
  </CatchmentParameters>
  <VegetationZone>
    <VegetationZoneParameters>
      <TT>2.3625324449070177</TT>
      <CFMAX>2.7191649022533166</CFMAX>
      <SP>0</SP>
      <SFCF>0.667841602123862</SFCF>
      <CFR>0.099999666143757521</CFR>
      <CWH>0.19999999688524958</CWH>
      <CFGlacier>1</CFGlacier>
      <CFSlope>1</CFSlope>
      <FC>604.34949953446483</FC>
      <LP>0.61110112308954867</LP>
      <BETA>5.8758875386567908</BETA>
    </VegetationZoneParameters>
  </VegetationZone>
  <SubCatchment>
    <SubCatchmentParameters>
      <KSI>0.001</KSI>
      <KGmin>0.05</KGmin>
      <RangeKG>0.1</RangeKG>
      <AG>0.1</AG>
      <PERC>6.6189070691109837</PERC>
      <Alpha>0</Alpha>
      <UZL>110.27370893947698</UZL>
      <K0>0.455652079089184</K0>
      <K1>0.077030718625697478</K1>
      <K2>0.098307777458884443</K2>
      <MAXBAS>1.067554737945587</MAXBAS>
      <Cet>0</Cet>
      <PCALT>10</PCALT>
      <TCALT>0.6</TCALT>
      <Pelev>3022</Pelev>
      <Telev>3058</Telev>
      <PART>0.5</PART>
      <DELAY>1</DELAY>
    </SubCatchmentParameters>
    <SubCatchmentVegetationZone>
      <SubCatchmentVegetationZoneParameters>
        <TT>2.3625324449070177</TT>
        <CFMAX>2.7191649022533166</CFMAX>
        <SP>0</SP>
        <SFCF>0.667841602123862</SFCF>
        <CFR>0.099999666143757521</CFR>
        <CWH>0.19999999688524958</CWH>
        <CFGlacier>1</CFGlacier>
        <CFSlope>1</CFSlope>
        <FC>604.34949953446483</FC>
        <LP>0.61110112308954867</LP>
        <BETA>5.8758875386567908</BETA>
      </SubCatchmentVegetationZoneParameters>
    </SubCatchmentVegetationZone>
  </SubCatchment>
</Catchment>