<?xml version="1.0" encoding="utf-8"?>
<Catchment xmlns:xsi="http://www.w3.org/2001/XMLSchema-instance" xmlns:xsd="http://www.w3.org/2001/XMLSchema">
  <CatchmentParameters>
    <KSI>0.001</KSI>
    <KGmin>0.05</KGmin>
    <RangeKG>0.1</RangeKG>
    <AG>0.1</AG>
    <PERC>0.056189922558774592</PERC>
    <Alpha>0</Alpha>
    <UZL>157.31323456191109</UZL>
    <K0>0.08903137228625202</K0>
    <K1>0.13709110340237904</K1>
    <K2>0.010000003790441924</K2>
    <MAXBAS>1</MAXBAS>
    <Cet>0</Cet>
    <PCALT>10</PCALT>
    <TCALT>0.6</TCALT>
    <Pelev>3022</Pelev>
    <Telev>3058</Telev>
    <PART>0.5</PART>
    <DELAY>1</DELAY>
  </CatchmentParameters>
  <VegetationZone>
    <VegetationZoneParameters>
      <TT>0.12173585034401538</TT>
      <CFMAX>1.357064867658182</CFMAX>
      <SP>0</SP>
      <SFCF>0.725001466477757</SFCF>
      <CFR>0.048795495635874785</CFR>
      <CWH>0.11410013739751307</CWH>
      <CFGlacier>1</CFGlacier>
      <CFSlope>1</CFSlope>
      <FC>759.41853681015652</FC>
      <LP>0.3879954118570022</LP>
      <BETA>5.9328117452630886</BETA>
    </VegetationZoneParameters>
  </VegetationZone>
  <SubCatchment>
    <SubCatchmentParameters>
      <KSI>0.001</KSI>
      <KGmin>0.05</KGmin>
      <RangeKG>0.1</RangeKG>
      <AG>0.1</AG>
      <PERC>0.056189922558774592</PERC>
      <Alpha>0</Alpha>
      <UZL>157.31323456191109</UZL>
      <K0>0.08903137228625202</K0>
      <K1>0.13709110340237904</K1>
      <K2>0.010000003790441924</K2>
      <MAXBAS>1</MAXBAS>
      <Cet>0</Cet>
      <PCALT>10</PCALT>
      <TCALT>0.6</TCALT>
      <Pelev>3022</Pelev>
      <Telev>3058</Telev>
      <PART>0.5</PART>
      <DELAY>1</DELAY>
    </SubCatchmentParameters>
    <SubCatchmentVegetationZone>
      <SubCatchmentVegetationZoneParameters>
        <TT>0.12173585034401538</TT>
        <CFMAX>1.357064867658182</CFMAX>
        <SP>0</SP>
        <SFCF>0.725001466477757</SFCF>
        <CFR>0.048795495635874785</CFR>
        <CWH>0.11410013739751307</CWH>
        <CFGlacier>1</CFGlacier>
        <CFSlope>1</CFSlope>
        <FC>759.41853681015652</FC>
        <LP>0.3879954118570022</LP>
        <BETA>5.9328117452630886</BETA>
      </SubCatchmentVegetationZoneParameters>
    </SubCatchmentVegetationZone>
  </SubCatchment>
</Catchment>