<?xml version="1.0" encoding="utf-8"?>
<Catchment xmlns:xsi="http://www.w3.org/2001/XMLSchema-instance" xmlns:xsd="http://www.w3.org/2001/XMLSchema">
  <CatchmentParameters>
    <KSI>0.001</KSI>
    <KGmin>0.05</KGmin>
    <RangeKG>0.1</RangeKG>
    <AG>0.1</AG>
    <PERC>8.8486626514074977</PERC>
    <Alpha>0</Alpha>
    <UZL>137.95383368847081</UZL>
    <K0>0.13114131089002454</K0>
    <K1>0.22824286314634809</K1>
    <K2>0.12192780554198818</K2>
    <MAXBAS>1.729597622852797</MAXBAS>
    <Cet>0</Cet>
    <PCALT>10</PCALT>
    <TCALT>0.6</TCALT>
    <Pelev>3022</Pelev>
    <Telev>3058</Telev>
    <PART>0.5</PART>
    <DELAY>1</DELAY>
  </CatchmentParameters>
  <VegetationZone>
    <VegetationZoneParameters>
      <TT>2.1662227116085329</TT>
      <CFMAX>2.0446897264047581</CFMAX>
      <SP>0</SP>
      <SFCF>0.61438156435767577</SFCF>
      <CFR>0.099999972558294681</CFR>
      <CWH>0.1999940991703236</CWH>
      <CFGlacier>1</CFGlacier>
      <CFSlope>1</CFSlope>
      <FC>481.48478164770023</FC>
      <LP>0.44003428700306318</LP>
      <BETA>3.6884378876165105</BETA>
    </VegetationZoneParameters>
  </VegetationZone>
  <SubCatchment>
    <SubCatchmentParameters>
      <KSI>0.001</KSI>
      <KGmin>0.05</KGmin>
      <RangeKG>0.1</RangeKG>
      <AG>0.1</AG>
      <PERC>8.8486626514074977</PERC>
      <Alpha>0</Alpha>
      <UZL>137.95383368847081</UZL>
      <K0>0.13114131089002454</K0>
      <K1>0.22824286314634809</K1>
      <K2>0.12192780554198818</K2>
      <MAXBAS>1.729597622852797</MAXBAS>
      <Cet>0</Cet>
      <PCALT>10</PCALT>
      <TCALT>0.6</TCALT>
      <Pelev>3022</Pelev>
      <Telev>3058</Telev>
      <PART>0.5</PART>
      <DELAY>1</DELAY>
    </SubCatchmentParameters>
    <SubCatchmentVegetationZone>
      <SubCatchmentVegetationZoneParameters>
        <TT>2.1662227116085329</TT>
        <CFMAX>2.0446897264047581</CFMAX>
        <SP>0</SP>
        <SFCF>0.61438156435767577</SFCF>
        <CFR>0.099999972558294681</CFR>
        <CWH>0.1999940991703236</CWH>
        <CFGlacier>1</CFGlacier>
        <CFSlope>1</CFSlope>
        <FC>481.48478164770023</FC>
        <LP>0.44003428700306318</LP>
        <BETA>3.6884378876165105</BETA>
      </SubCatchmentVegetationZoneParameters>
    </SubCatchmentVegetationZone>
  </SubCatchment>
</Catchment>