<?xml version="1.0" encoding="utf-8"?>
<Catchment xmlns:xsi="http://www.w3.org/2001/XMLSchema-instance" xmlns:xsd="http://www.w3.org/2001/XMLSchema">
  <CatchmentParameters>
    <KSI>0.001</KSI>
    <KGmin>0.05</KGmin>
    <RangeKG>0.1</RangeKG>
    <AG>0.1</AG>
    <PERC>6.46581217053246</PERC>
    <Alpha>0</Alpha>
    <UZL>97.406474929092752</UZL>
    <K0>0.59740398129105</K0>
    <K1>0.27565189023623415</K1>
    <K2>0.12396131025559332</K2>
    <MAXBAS>1.9450166447821404</MAXBAS>
    <Cet>0</Cet>
    <PCALT>10</PCALT>
    <TCALT>0.6</TCALT>
    <Pelev>3022</Pelev>
    <Telev>3058</Telev>
    <PART>0.5</PART>
    <DELAY>1</DELAY>
  </CatchmentParameters>
  <VegetationZone>
    <VegetationZoneParameters>
      <TT>2.499999996057642</TT>
      <CFMAX>2.2716688356483941</CFMAX>
      <SP>0</SP>
      <SFCF>0.67678616180760376</SFCF>
      <CFR>0.099999959425739943</CFR>
      <CWH>0.19999992748704965</CWH>
      <CFGlacier>1</CFGlacier>
      <CFSlope>1</CFSlope>
      <FC>810.410228779045</FC>
      <LP>0.470751181673631</LP>
      <BETA>2.0692434102552606</BETA>
    </VegetationZoneParameters>
  </VegetationZone>
  <SubCatchment>
    <SubCatchmentParameters>
      <KSI>0.001</KSI>
      <KGmin>0.05</KGmin>
      <RangeKG>0.1</RangeKG>
      <AG>0.1</AG>
      <PERC>6.46581217053246</PERC>
      <Alpha>0</Alpha>
      <UZL>97.406474929092752</UZL>
      <K0>0.59740398129105</K0>
      <K1>0.27565189023623415</K1>
      <K2>0.12396131025559332</K2>
      <MAXBAS>1.9450166447821404</MAXBAS>
      <Cet>0</Cet>
      <PCALT>10</PCALT>
      <TCALT>0.6</TCALT>
      <Pelev>3022</Pelev>
      <Telev>3058</Telev>
      <PART>0.5</PART>
      <DELAY>1</DELAY>
    </SubCatchmentParameters>
    <SubCatchmentVegetationZone>
      <SubCatchmentVegetationZoneParameters>
        <TT>2.499999996057642</TT>
        <CFMAX>2.2716688356483941</CFMAX>
        <SP>0</SP>
        <SFCF>0.67678616180760376</SFCF>
        <CFR>0.099999959425739943</CFR>
        <CWH>0.19999992748704965</CWH>
        <CFGlacier>1</CFGlacier>
        <CFSlope>1</CFSlope>
        <FC>810.410228779045</FC>
        <LP>0.470751181673631</LP>
        <BETA>2.0692434102552606</BETA>
      </SubCatchmentVegetationZoneParameters>
    </SubCatchmentVegetationZone>
  </SubCatchment>
</Catchment>