<?xml version="1.0" encoding="utf-8"?>
<Catchment xmlns:xsi="http://www.w3.org/2001/XMLSchema-instance" xmlns:xsd="http://www.w3.org/2001/XMLSchema">
  <CatchmentParameters>
    <KSI>0.001</KSI>
    <KGmin>0.05</KGmin>
    <RangeKG>0.1</RangeKG>
    <AG>0.1</AG>
    <PERC>9.9999939660304626</PERC>
    <Alpha>0</Alpha>
    <UZL>164.1920095477461</UZL>
    <K0>0.054175740401518624</K0>
    <K1>0.096167816348726537</K1>
    <K2>0.10227227011096655</K2>
    <MAXBAS>1.3350073060526566</MAXBAS>
    <Cet>0</Cet>
    <PCALT>10</PCALT>
    <TCALT>0.6</TCALT>
    <Pelev>3022</Pelev>
    <Telev>3058</Telev>
    <PART>0.5</PART>
    <DELAY>1</DELAY>
  </CatchmentParameters>
  <VegetationZone>
    <VegetationZoneParameters>
      <TT>2.3813487627210264</TT>
      <CFMAX>2.6719468059977411</CFMAX>
      <SP>0</SP>
      <SFCF>0.65503949727148314</SFCF>
      <CFR>0.099984952660926968</CFR>
      <CWH>0.19999957354047376</CWH>
      <CFGlacier>1</CFGlacier>
      <CFSlope>1</CFSlope>
      <FC>562.87759749174552</FC>
      <LP>0.53273537830597528</LP>
      <BETA>4.9851189397188476</BETA>
    </VegetationZoneParameters>
  </VegetationZone>
  <SubCatchment>
    <SubCatchmentParameters>
      <KSI>0.001</KSI>
      <KGmin>0.05</KGmin>
      <RangeKG>0.1</RangeKG>
      <AG>0.1</AG>
      <PERC>9.9999939660304626</PERC>
      <Alpha>0</Alpha>
      <UZL>164.1920095477461</UZL>
      <K0>0.054175740401518624</K0>
      <K1>0.096167816348726537</K1>
      <K2>0.10227227011096655</K2>
      <MAXBAS>1.3350073060526566</MAXBAS>
      <Cet>0</Cet>
      <PCALT>10</PCALT>
      <TCALT>0.6</TCALT>
      <Pelev>3022</Pelev>
      <Telev>3058</Telev>
      <PART>0.5</PART>
      <DELAY>1</DELAY>
    </SubCatchmentParameters>
    <SubCatchmentVegetationZone>
      <SubCatchmentVegetationZoneParameters>
        <TT>2.3813487627210264</TT>
        <CFMAX>2.6719468059977411</CFMAX>
        <SP>0</SP>
        <SFCF>0.65503949727148314</SFCF>
        <CFR>0.099984952660926968</CFR>
        <CWH>0.19999957354047376</CWH>
        <CFGlacier>1</CFGlacier>
        <CFSlope>1</CFSlope>
        <FC>562.87759749174552</FC>
        <LP>0.53273537830597528</LP>
        <BETA>4.9851189397188476</BETA>
      </SubCatchmentVegetationZoneParameters>
    </SubCatchmentVegetationZone>
  </SubCatchment>
</Catchment>