<?xml version="1.0" encoding="utf-8"?>
<Catchment xmlns:xsi="http://www.w3.org/2001/XMLSchema-instance" xmlns:xsd="http://www.w3.org/2001/XMLSchema">
  <CatchmentParameters>
    <KSI>0.001</KSI>
    <KGmin>0.05</KGmin>
    <RangeKG>0.1</RangeKG>
    <AG>0.1</AG>
    <PERC>9.9999795782206942</PERC>
    <Alpha>0</Alpha>
    <UZL>84.444841270822124</UZL>
    <K0>0.28411063920979485</K0>
    <K1>0.17801082944184543</K1>
    <K2>0.096845087159190227</K2>
    <MAXBAS>1.5740161134229158</MAXBAS>
    <Cet>0</Cet>
    <PCALT>10</PCALT>
    <TCALT>0.6</TCALT>
    <Pelev>3022</Pelev>
    <Telev>3058</Telev>
    <PART>0.5</PART>
    <DELAY>1</DELAY>
  </CatchmentParameters>
  <VegetationZone>
    <VegetationZoneParameters>
      <TT>1.219305692243762</TT>
      <CFMAX>1.7842783115007033</CFMAX>
      <SP>0</SP>
      <SFCF>0.63168748098029259</SFCF>
      <CFR>0.099564552257413452</CFR>
      <CWH>0.1619499153054933</CWH>
      <CFGlacier>1</CFGlacier>
      <CFSlope>1</CFSlope>
      <FC>521.10734097823263</FC>
      <LP>0.55554879095241094</LP>
      <BETA>5.9999933963050287</BETA>
    </VegetationZoneParameters>
  </VegetationZone>
  <SubCatchment>
    <SubCatchmentParameters>
      <KSI>0.001</KSI>
      <KGmin>0.05</KGmin>
      <RangeKG>0.1</RangeKG>
      <AG>0.1</AG>
      <PERC>9.9999795782206942</PERC>
      <Alpha>0</Alpha>
      <UZL>84.444841270822124</UZL>
      <K0>0.28411063920979485</K0>
      <K1>0.17801082944184543</K1>
      <K2>0.096845087159190227</K2>
      <MAXBAS>1.5740161134229158</MAXBAS>
      <Cet>0</Cet>
      <PCALT>10</PCALT>
      <TCALT>0.6</TCALT>
      <Pelev>3022</Pelev>
      <Telev>3058</Telev>
      <PART>0.5</PART>
      <DELAY>1</DELAY>
    </SubCatchmentParameters>
    <SubCatchmentVegetationZone>
      <SubCatchmentVegetationZoneParameters>
        <TT>1.219305692243762</TT>
        <CFMAX>1.7842783115007033</CFMAX>
        <SP>0</SP>
        <SFCF>0.63168748098029259</SFCF>
        <CFR>0.099564552257413452</CFR>
        <CWH>0.1619499153054933</CWH>
        <CFGlacier>1</CFGlacier>
        <CFSlope>1</CFSlope>
        <FC>521.10734097823263</FC>
        <LP>0.55554879095241094</LP>
        <BETA>5.9999933963050287</BETA>
      </SubCatchmentVegetationZoneParameters>
    </SubCatchmentVegetationZone>
  </SubCatchment>
</Catchment>