<?xml version="1.0" encoding="utf-8"?>
<Catchment xmlns:xsi="http://www.w3.org/2001/XMLSchema-instance" xmlns:xsd="http://www.w3.org/2001/XMLSchema">
  <CatchmentParameters>
    <KSI>0.001</KSI>
    <KGmin>0.05</KGmin>
    <RangeKG>0.1</RangeKG>
    <AG>0.1</AG>
    <PERC>0.061963025583125914</PERC>
    <Alpha>0</Alpha>
    <UZL>157.19442481740452</UZL>
    <K0>0.42627940162750916</K0>
    <K1>0.12953788809161829</K1>
    <K2>0.017387136709740628</K2>
    <MAXBAS>1</MAXBAS>
    <Cet>0</Cet>
    <PCALT>10</PCALT>
    <TCALT>0.6</TCALT>
    <Pelev>3022</Pelev>
    <Telev>3058</Telev>
    <PART>0.5</PART>
    <DELAY>1</DELAY>
  </CatchmentParameters>
  <VegetationZone>
    <VegetationZoneParameters>
      <TT>1.0239994952486975</TT>
      <CFMAX>1.6661662550056502</CFMAX>
      <SP>0</SP>
      <SFCF>0.66912906280905171</SFCF>
      <CFR>0.099997097550141051</CFR>
      <CWH>0.10000000042141356</CWH>
      <CFGlacier>1</CFGlacier>
      <CFSlope>1</CFSlope>
      <FC>766.41623245527194</FC>
      <LP>0.525074258421886</LP>
      <BETA>4.1092157075258626</BETA>
    </VegetationZoneParameters>
  </VegetationZone>
  <SubCatchment>
    <SubCatchmentParameters>
      <KSI>0.001</KSI>
      <KGmin>0.05</KGmin>
      <RangeKG>0.1</RangeKG>
      <AG>0.1</AG>
      <PERC>0.061963025583125914</PERC>
      <Alpha>0</Alpha>
      <UZL>157.19442481740452</UZL>
      <K0>0.42627940162750916</K0>
      <K1>0.12953788809161829</K1>
      <K2>0.017387136709740628</K2>
      <MAXBAS>1</MAXBAS>
      <Cet>0</Cet>
      <PCALT>10</PCALT>
      <TCALT>0.6</TCALT>
      <Pelev>3022</Pelev>
      <Telev>3058</Telev>
      <PART>0.5</PART>
      <DELAY>1</DELAY>
    </SubCatchmentParameters>
    <SubCatchmentVegetationZone>
      <SubCatchmentVegetationZoneParameters>
        <TT>1.0239994952486975</TT>
        <CFMAX>1.6661662550056502</CFMAX>
        <SP>0</SP>
        <SFCF>0.66912906280905171</SFCF>
        <CFR>0.099997097550141051</CFR>
        <CWH>0.10000000042141356</CWH>
        <CFGlacier>1</CFGlacier>
        <CFSlope>1</CFSlope>
        <FC>766.41623245527194</FC>
        <LP>0.525074258421886</LP>
        <BETA>4.1092157075258626</BETA>
      </SubCatchmentVegetationZoneParameters>
    </SubCatchmentVegetationZone>
  </SubCatchment>
</Catchment>