<?xml version="1.0" encoding="utf-8"?>
<Catchment xmlns:xsi="http://www.w3.org/2001/XMLSchema-instance" xmlns:xsd="http://www.w3.org/2001/XMLSchema">
  <CatchmentParameters>
    <KSI>0.001</KSI>
    <KGmin>0.05</KGmin>
    <RangeKG>0.1</RangeKG>
    <AG>0.1</AG>
    <PERC>0.040979110583829366</PERC>
    <Alpha>0</Alpha>
    <UZL>112.5306159659785</UZL>
    <K0>0.39326157311436066</K0>
    <K1>0.1275830620323607</K1>
    <K2>0.010006104710635792</K2>
    <MAXBAS>1</MAXBAS>
    <Cet>0</Cet>
    <PCALT>10</PCALT>
    <TCALT>0.6</TCALT>
    <Pelev>3022</Pelev>
    <Telev>3058</Telev>
    <PART>0.5</PART>
    <DELAY>1</DELAY>
  </CatchmentParameters>
  <VegetationZone>
    <VegetationZoneParameters>
      <TT>1.3941576833089318</TT>
      <CFMAX>1.742965351782193</CFMAX>
      <SP>0</SP>
      <SFCF>0.65756018921361559</SFCF>
      <CFR>4.6599201988429623E-05</CFR>
      <CWH>0.10000223547273766</CWH>
      <CFGlacier>1</CFGlacier>
      <CFSlope>1</CFSlope>
      <FC>629.80870208508566</FC>
      <LP>0.42818628597379205</LP>
      <BETA>3.5376528722898568</BETA>
    </VegetationZoneParameters>
  </VegetationZone>
  <SubCatchment>
    <SubCatchmentParameters>
      <KSI>0.001</KSI>
      <KGmin>0.05</KGmin>
      <RangeKG>0.1</RangeKG>
      <AG>0.1</AG>
      <PERC>0.040979110583829366</PERC>
      <Alpha>0</Alpha>
      <UZL>112.5306159659785</UZL>
      <K0>0.39326157311436066</K0>
      <K1>0.1275830620323607</K1>
      <K2>0.010006104710635792</K2>
      <MAXBAS>1</MAXBAS>
      <Cet>0</Cet>
      <PCALT>10</PCALT>
      <TCALT>0.6</TCALT>
      <Pelev>3022</Pelev>
      <Telev>3058</Telev>
      <PART>0.5</PART>
      <DELAY>1</DELAY>
    </SubCatchmentParameters>
    <SubCatchmentVegetationZone>
      <SubCatchmentVegetationZoneParameters>
        <TT>1.3941576833089318</TT>
        <CFMAX>1.742965351782193</CFMAX>
        <SP>0</SP>
        <SFCF>0.65756018921361559</SFCF>
        <CFR>4.6599201988429623E-05</CFR>
        <CWH>0.10000223547273766</CWH>
        <CFGlacier>1</CFGlacier>
        <CFSlope>1</CFSlope>
        <FC>629.80870208508566</FC>
        <LP>0.42818628597379205</LP>
        <BETA>3.5376528722898568</BETA>
      </SubCatchmentVegetationZoneParameters>
    </SubCatchmentVegetationZone>
  </SubCatchment>
</Catchment>