<?xml version="1.0" encoding="utf-8"?>
<Catchment xmlns:xsi="http://www.w3.org/2001/XMLSchema-instance" xmlns:xsd="http://www.w3.org/2001/XMLSchema">
  <CatchmentParameters>
    <KSI>0.001</KSI>
    <KGmin>0.05</KGmin>
    <RangeKG>0.1</RangeKG>
    <AG>0.1</AG>
    <PERC>6.49522918306374</PERC>
    <Alpha>0</Alpha>
    <UZL>137.04003791146667</UZL>
    <K0>0.07106812992280076</K0>
    <K1>0.061730466886443777</K1>
    <K2>0.098011914420167448</K2>
    <MAXBAS>1.0049949857582678</MAXBAS>
    <Cet>0</Cet>
    <PCALT>10</PCALT>
    <TCALT>0.6</TCALT>
    <Pelev>3022</Pelev>
    <Telev>3058</Telev>
    <PART>0.5</PART>
    <DELAY>1</DELAY>
  </CatchmentParameters>
  <VegetationZone>
    <VegetationZoneParameters>
      <TT>1.9059989133650968</TT>
      <CFMAX>2.0134090753818672</CFMAX>
      <SP>0</SP>
      <SFCF>0.56390401136474833</SFCF>
      <CFR>0.0999992979517742</CFR>
      <CWH>0.19999907037269796</CWH>
      <CFGlacier>1</CFGlacier>
      <CFSlope>1</CFSlope>
      <FC>416.84819091868985</FC>
      <LP>0.56790230396021069</LP>
      <BETA>5.9999878299277656</BETA>
    </VegetationZoneParameters>
  </VegetationZone>
  <SubCatchment>
    <SubCatchmentParameters>
      <KSI>0.001</KSI>
      <KGmin>0.05</KGmin>
      <RangeKG>0.1</RangeKG>
      <AG>0.1</AG>
      <PERC>6.49522918306374</PERC>
      <Alpha>0</Alpha>
      <UZL>137.04003791146667</UZL>
      <K0>0.07106812992280076</K0>
      <K1>0.061730466886443777</K1>
      <K2>0.098011914420167448</K2>
      <MAXBAS>1.0049949857582678</MAXBAS>
      <Cet>0</Cet>
      <PCALT>10</PCALT>
      <TCALT>0.6</TCALT>
      <Pelev>3022</Pelev>
      <Telev>3058</Telev>
      <PART>0.5</PART>
      <DELAY>1</DELAY>
    </SubCatchmentParameters>
    <SubCatchmentVegetationZone>
      <SubCatchmentVegetationZoneParameters>
        <TT>1.9059989133650968</TT>
        <CFMAX>2.0134090753818672</CFMAX>
        <SP>0</SP>
        <SFCF>0.56390401136474833</SFCF>
        <CFR>0.0999992979517742</CFR>
        <CWH>0.19999907037269796</CWH>
        <CFGlacier>1</CFGlacier>
        <CFSlope>1</CFSlope>
        <FC>416.84819091868985</FC>
        <LP>0.56790230396021069</LP>
        <BETA>5.9999878299277656</BETA>
      </SubCatchmentVegetationZoneParameters>
    </SubCatchmentVegetationZone>
  </SubCatchment>
</Catchment>