<?xml version="1.0" encoding="utf-8"?>
<Catchment xmlns:xsi="http://www.w3.org/2001/XMLSchema-instance" xmlns:xsd="http://www.w3.org/2001/XMLSchema">
  <CatchmentParameters>
    <KSI>0.001</KSI>
    <KGmin>0.05</KGmin>
    <RangeKG>0.1</RangeKG>
    <AG>0.1</AG>
    <PERC>9.99995886774418</PERC>
    <Alpha>0</Alpha>
    <UZL>94.256975455679068</UZL>
    <K0>0.266191851557028</K0>
    <K1>0.13528264315312472</K1>
    <K2>0.098609419261331752</K2>
    <MAXBAS>1.3950370441827551</MAXBAS>
    <Cet>0</Cet>
    <PCALT>10</PCALT>
    <TCALT>0.6</TCALT>
    <Pelev>3022</Pelev>
    <Telev>3058</Telev>
    <PART>0.5</PART>
    <DELAY>1</DELAY>
  </CatchmentParameters>
  <VegetationZone>
    <VegetationZoneParameters>
      <TT>1.7623843118473477</TT>
      <CFMAX>2.1995774522179108</CFMAX>
      <SP>0</SP>
      <SFCF>0.66573075517966684</SFCF>
      <CFR>0.099999435676017032</CFR>
      <CWH>0.19999997854527277</CWH>
      <CFGlacier>1</CFGlacier>
      <CFSlope>1</CFSlope>
      <FC>462.80956911623588</FC>
      <LP>0.34330155828509867</LP>
      <BETA>4.2070525317591292</BETA>
    </VegetationZoneParameters>
  </VegetationZone>
  <SubCatchment>
    <SubCatchmentParameters>
      <KSI>0.001</KSI>
      <KGmin>0.05</KGmin>
      <RangeKG>0.1</RangeKG>
      <AG>0.1</AG>
      <PERC>9.99995886774418</PERC>
      <Alpha>0</Alpha>
      <UZL>94.256975455679068</UZL>
      <K0>0.266191851557028</K0>
      <K1>0.13528264315312472</K1>
      <K2>0.098609419261331752</K2>
      <MAXBAS>1.3950370441827551</MAXBAS>
      <Cet>0</Cet>
      <PCALT>10</PCALT>
      <TCALT>0.6</TCALT>
      <Pelev>3022</Pelev>
      <Telev>3058</Telev>
      <PART>0.5</PART>
      <DELAY>1</DELAY>
    </SubCatchmentParameters>
    <SubCatchmentVegetationZone>
      <SubCatchmentVegetationZoneParameters>
        <TT>1.7623843118473477</TT>
        <CFMAX>2.1995774522179108</CFMAX>
        <SP>0</SP>
        <SFCF>0.66573075517966684</SFCF>
        <CFR>0.099999435676017032</CFR>
        <CWH>0.19999997854527277</CWH>
        <CFGlacier>1</CFGlacier>
        <CFSlope>1</CFSlope>
        <FC>462.80956911623588</FC>
        <LP>0.34330155828509867</LP>
        <BETA>4.2070525317591292</BETA>
      </SubCatchmentVegetationZoneParameters>
    </SubCatchmentVegetationZone>
  </SubCatchment>
</Catchment>