<?xml version="1.0" encoding="utf-8"?>
<Catchment xmlns:xsi="http://www.w3.org/2001/XMLSchema-instance" xmlns:xsd="http://www.w3.org/2001/XMLSchema">
  <CatchmentParameters>
    <KSI>0.001</KSI>
    <KGmin>0.05</KGmin>
    <RangeKG>0.1</RangeKG>
    <AG>0.1</AG>
    <PERC>0.045593284104983839</PERC>
    <Alpha>0</Alpha>
    <UZL>105.22891352879536</UZL>
    <K0>0.34821007544608013</K0>
    <K1>0.13722978492006624</K1>
    <K2>0.01000014175346221</K2>
    <MAXBAS>1</MAXBAS>
    <Cet>0</Cet>
    <PCALT>10</PCALT>
    <TCALT>0.6</TCALT>
    <Pelev>3022</Pelev>
    <Telev>3058</Telev>
    <PART>0.5</PART>
    <DELAY>1</DELAY>
  </CatchmentParameters>
  <VegetationZone>
    <VegetationZoneParameters>
      <TT>0.43135859462138459</TT>
      <CFMAX>1.2861799139659211</CFMAX>
      <SP>0</SP>
      <SFCF>0.65345235236978283</SFCF>
      <CFR>0.022706500241761761</CFR>
      <CWH>0.10620349166367889</CWH>
      <CFGlacier>1</CFGlacier>
      <CFSlope>1</CFSlope>
      <FC>742.701395478462</FC>
      <LP>0.56581748124781051</LP>
      <BETA>5.815300460835803</BETA>
    </VegetationZoneParameters>
  </VegetationZone>
  <SubCatchment>
    <SubCatchmentParameters>
      <KSI>0.001</KSI>
      <KGmin>0.05</KGmin>
      <RangeKG>0.1</RangeKG>
      <AG>0.1</AG>
      <PERC>0.045593284104983839</PERC>
      <Alpha>0</Alpha>
      <UZL>105.22891352879536</UZL>
      <K0>0.34821007544608013</K0>
      <K1>0.13722978492006624</K1>
      <K2>0.01000014175346221</K2>
      <MAXBAS>1</MAXBAS>
      <Cet>0</Cet>
      <PCALT>10</PCALT>
      <TCALT>0.6</TCALT>
      <Pelev>3022</Pelev>
      <Telev>3058</Telev>
      <PART>0.5</PART>
      <DELAY>1</DELAY>
    </SubCatchmentParameters>
    <SubCatchmentVegetationZone>
      <SubCatchmentVegetationZoneParameters>
        <TT>0.43135859462138459</TT>
        <CFMAX>1.2861799139659211</CFMAX>
        <SP>0</SP>
        <SFCF>0.65345235236978283</SFCF>
        <CFR>0.022706500241761761</CFR>
        <CWH>0.10620349166367889</CWH>
        <CFGlacier>1</CFGlacier>
        <CFSlope>1</CFSlope>
        <FC>742.701395478462</FC>
        <LP>0.56581748124781051</LP>
        <BETA>5.815300460835803</BETA>
      </SubCatchmentVegetationZoneParameters>
    </SubCatchmentVegetationZone>
  </SubCatchment>
</Catchment>