<?xml version="1.0" encoding="utf-8"?>
<Catchment xmlns:xsi="http://www.w3.org/2001/XMLSchema-instance" xmlns:xsd="http://www.w3.org/2001/XMLSchema">
  <CatchmentParameters>
    <KSI>0.001</KSI>
    <KGmin>0.05</KGmin>
    <RangeKG>0.1</RangeKG>
    <AG>0.1</AG>
    <PERC>9.999955142785165</PERC>
    <Alpha>0</Alpha>
    <UZL>91.182288786706167</UZL>
    <K0>0.5447692867963162</K0>
    <K1>0.11232556694535348</K1>
    <K2>0.095367605140544431</K2>
    <MAXBAS>1.3250933544587904</MAXBAS>
    <Cet>0</Cet>
    <PCALT>10</PCALT>
    <TCALT>0.6</TCALT>
    <Pelev>3022</Pelev>
    <Telev>3058</Telev>
    <PART>0.5</PART>
    <DELAY>1</DELAY>
  </CatchmentParameters>
  <VegetationZone>
    <VegetationZoneParameters>
      <TT>1.8334159464103745</TT>
      <CFMAX>2.3224068727784357</CFMAX>
      <SP>0</SP>
      <SFCF>0.66098606937298865</SFCF>
      <CFR>0.099994938993069216</CFR>
      <CWH>0.19999834339137693</CWH>
      <CFGlacier>1</CFGlacier>
      <CFSlope>1</CFSlope>
      <FC>535.51717274418</FC>
      <LP>0.53070558846813753</LP>
      <BETA>5.9997541506121879</BETA>
    </VegetationZoneParameters>
  </VegetationZone>
  <SubCatchment>
    <SubCatchmentParameters>
      <KSI>0.001</KSI>
      <KGmin>0.05</KGmin>
      <RangeKG>0.1</RangeKG>
      <AG>0.1</AG>
      <PERC>9.999955142785165</PERC>
      <Alpha>0</Alpha>
      <UZL>91.182288786706167</UZL>
      <K0>0.5447692867963162</K0>
      <K1>0.11232556694535348</K1>
      <K2>0.095367605140544431</K2>
      <MAXBAS>1.3250933544587904</MAXBAS>
      <Cet>0</Cet>
      <PCALT>10</PCALT>
      <TCALT>0.6</TCALT>
      <Pelev>3022</Pelev>
      <Telev>3058</Telev>
      <PART>0.5</PART>
      <DELAY>1</DELAY>
    </SubCatchmentParameters>
    <SubCatchmentVegetationZone>
      <SubCatchmentVegetationZoneParameters>
        <TT>1.8334159464103745</TT>
        <CFMAX>2.3224068727784357</CFMAX>
        <SP>0</SP>
        <SFCF>0.66098606937298865</SFCF>
        <CFR>0.099994938993069216</CFR>
        <CWH>0.19999834339137693</CWH>
        <CFGlacier>1</CFGlacier>
        <CFSlope>1</CFSlope>
        <FC>535.51717274418</FC>
        <LP>0.53070558846813753</LP>
        <BETA>5.9997541506121879</BETA>
      </SubCatchmentVegetationZoneParameters>
    </SubCatchmentVegetationZone>
  </SubCatchment>
</Catchment>