<?xml version="1.0" encoding="utf-8"?>
<Catchment xmlns:xsi="http://www.w3.org/2001/XMLSchema-instance" xmlns:xsd="http://www.w3.org/2001/XMLSchema">
  <CatchmentParameters>
    <KSI>0.001</KSI>
    <KGmin>0.05</KGmin>
    <RangeKG>0.1</RangeKG>
    <AG>0.1</AG>
    <PERC>0.037665464896163847</PERC>
    <Alpha>0</Alpha>
    <UZL>58.865417797473341</UZL>
    <K0>0.070071286354677659</K0>
    <K1>0.1631192595954914</K1>
    <K2>0.010000012721766311</K2>
    <MAXBAS>1</MAXBAS>
    <Cet>0</Cet>
    <PCALT>10</PCALT>
    <TCALT>0.6</TCALT>
    <Pelev>3022</Pelev>
    <Telev>3058</Telev>
    <PART>0.5</PART>
    <DELAY>1</DELAY>
  </CatchmentParameters>
  <VegetationZone>
    <VegetationZoneParameters>
      <TT>1.5664542200910716</TT>
      <CFMAX>1.905309606877575</CFMAX>
      <SP>0</SP>
      <SFCF>0.7595446049246114</SFCF>
      <CFR>0.065434134713077283</CFR>
      <CWH>0.1999997724641237</CWH>
      <CFGlacier>1</CFGlacier>
      <CFSlope>1</CFSlope>
      <FC>1670.3281610192321</FC>
      <LP>0.59676903848539453</LP>
      <BETA>3.9598861869947624</BETA>
    </VegetationZoneParameters>
  </VegetationZone>
  <SubCatchment>
    <SubCatchmentParameters>
      <KSI>0.001</KSI>
      <KGmin>0.05</KGmin>
      <RangeKG>0.1</RangeKG>
      <AG>0.1</AG>
      <PERC>0.037665464896163847</PERC>
      <Alpha>0</Alpha>
      <UZL>58.865417797473341</UZL>
      <K0>0.070071286354677659</K0>
      <K1>0.1631192595954914</K1>
      <K2>0.010000012721766311</K2>
      <MAXBAS>1</MAXBAS>
      <Cet>0</Cet>
      <PCALT>10</PCALT>
      <TCALT>0.6</TCALT>
      <Pelev>3022</Pelev>
      <Telev>3058</Telev>
      <PART>0.5</PART>
      <DELAY>1</DELAY>
    </SubCatchmentParameters>
    <SubCatchmentVegetationZone>
      <SubCatchmentVegetationZoneParameters>
        <TT>1.5664542200910716</TT>
        <CFMAX>1.905309606877575</CFMAX>
        <SP>0</SP>
        <SFCF>0.7595446049246114</SFCF>
        <CFR>0.065434134713077283</CFR>
        <CWH>0.1999997724641237</CWH>
        <CFGlacier>1</CFGlacier>
        <CFSlope>1</CFSlope>
        <FC>1670.3281610192321</FC>
        <LP>0.59676903848539453</LP>
        <BETA>3.9598861869947624</BETA>
      </SubCatchmentVegetationZoneParameters>
    </SubCatchmentVegetationZone>
  </SubCatchment>
</Catchment>