<?xml version="1.0" encoding="utf-8"?>
<Catchment xmlns:xsi="http://www.w3.org/2001/XMLSchema-instance" xmlns:xsd="http://www.w3.org/2001/XMLSchema">
  <CatchmentParameters>
    <KSI>0.001</KSI>
    <KGmin>0.05</KGmin>
    <RangeKG>0.1</RangeKG>
    <AG>0.1</AG>
    <PERC>8.4384242958802655</PERC>
    <Alpha>0</Alpha>
    <UZL>72.731807191002162</UZL>
    <K0>0.14201553762499247</K0>
    <K1>0.048554496863755993</K1>
    <K2>0.093897364451237711</K2>
    <MAXBAS>1.0649556431198439</MAXBAS>
    <Cet>0</Cet>
    <PCALT>10</PCALT>
    <TCALT>0.6</TCALT>
    <Pelev>3022</Pelev>
    <Telev>3058</Telev>
    <PART>0.5</PART>
    <DELAY>1</DELAY>
  </CatchmentParameters>
  <VegetationZone>
    <VegetationZoneParameters>
      <TT>2.1574928166687934</TT>
      <CFMAX>2.4799476659259541</CFMAX>
      <SP>0</SP>
      <SFCF>0.65116902236817931</SFCF>
      <CFR>0.099999934008355815</CFR>
      <CWH>0.19999729534569111</CWH>
      <CFGlacier>1</CFGlacier>
      <CFSlope>1</CFSlope>
      <FC>446.10570204749672</FC>
      <LP>0.41266636057017037</LP>
      <BETA>5.3164076941347549</BETA>
    </VegetationZoneParameters>
  </VegetationZone>
  <SubCatchment>
    <SubCatchmentParameters>
      <KSI>0.001</KSI>
      <KGmin>0.05</KGmin>
      <RangeKG>0.1</RangeKG>
      <AG>0.1</AG>
      <PERC>8.4384242958802655</PERC>
      <Alpha>0</Alpha>
      <UZL>72.731807191002162</UZL>
      <K0>0.14201553762499247</K0>
      <K1>0.048554496863755993</K1>
      <K2>0.093897364451237711</K2>
      <MAXBAS>1.0649556431198439</MAXBAS>
      <Cet>0</Cet>
      <PCALT>10</PCALT>
      <TCALT>0.6</TCALT>
      <Pelev>3022</Pelev>
      <Telev>3058</Telev>
      <PART>0.5</PART>
      <DELAY>1</DELAY>
    </SubCatchmentParameters>
    <SubCatchmentVegetationZone>
      <SubCatchmentVegetationZoneParameters>
        <TT>2.1574928166687934</TT>
        <CFMAX>2.4799476659259541</CFMAX>
        <SP>0</SP>
        <SFCF>0.65116902236817931</SFCF>
        <CFR>0.099999934008355815</CFR>
        <CWH>0.19999729534569111</CWH>
        <CFGlacier>1</CFGlacier>
        <CFSlope>1</CFSlope>
        <FC>446.10570204749672</FC>
        <LP>0.41266636057017037</LP>
        <BETA>5.3164076941347549</BETA>
      </SubCatchmentVegetationZoneParameters>
    </SubCatchmentVegetationZone>
  </SubCatchment>
</Catchment>