<?xml version="1.0" encoding="utf-8"?>
<Catchment xmlns:xsi="http://www.w3.org/2001/XMLSchema-instance" xmlns:xsd="http://www.w3.org/2001/XMLSchema">
  <CatchmentParameters>
    <KSI>0.001</KSI>
    <KGmin>0.05</KGmin>
    <RangeKG>0.1</RangeKG>
    <AG>0.1</AG>
    <PERC>9.1110495771491387</PERC>
    <Alpha>0</Alpha>
    <UZL>101.46736462540433</UZL>
    <K0>0.52609320241417412</K0>
    <K1>0.18899853851526363</K1>
    <K2>0.11459037618237775</K2>
    <MAXBAS>1.3341294747450638</MAXBAS>
    <Cet>0</Cet>
    <PCALT>10</PCALT>
    <TCALT>0.6</TCALT>
    <Pelev>3022</Pelev>
    <Telev>3058</Telev>
    <PART>0.5</PART>
    <DELAY>1</DELAY>
  </CatchmentParameters>
  <VegetationZone>
    <VegetationZoneParameters>
      <TT>1.286722084702651</TT>
      <CFMAX>1.5339641401162967</CFMAX>
      <SP>0</SP>
      <SFCF>0.59768047739540275</SFCF>
      <CFR>0.016767345079914266</CFR>
      <CWH>0.17323927812994008</CWH>
      <CFGlacier>1</CFGlacier>
      <CFSlope>1</CFSlope>
      <FC>432.43870750454852</FC>
      <LP>0.42916810320195714</LP>
      <BETA>5.9999996454563567</BETA>
    </VegetationZoneParameters>
  </VegetationZone>
  <SubCatchment>
    <SubCatchmentParameters>
      <KSI>0.001</KSI>
      <KGmin>0.05</KGmin>
      <RangeKG>0.1</RangeKG>
      <AG>0.1</AG>
      <PERC>9.1110495771491387</PERC>
      <Alpha>0</Alpha>
      <UZL>101.46736462540433</UZL>
      <K0>0.52609320241417412</K0>
      <K1>0.18899853851526363</K1>
      <K2>0.11459037618237775</K2>
      <MAXBAS>1.3341294747450638</MAXBAS>
      <Cet>0</Cet>
      <PCALT>10</PCALT>
      <TCALT>0.6</TCALT>
      <Pelev>3022</Pelev>
      <Telev>3058</Telev>
      <PART>0.5</PART>
      <DELAY>1</DELAY>
    </SubCatchmentParameters>
    <SubCatchmentVegetationZone>
      <SubCatchmentVegetationZoneParameters>
        <TT>1.286722084702651</TT>
        <CFMAX>1.5339641401162967</CFMAX>
        <SP>0</SP>
        <SFCF>0.59768047739540275</SFCF>
        <CFR>0.016767345079914266</CFR>
        <CWH>0.17323927812994008</CWH>
        <CFGlacier>1</CFGlacier>
        <CFSlope>1</CFSlope>
        <FC>432.43870750454852</FC>
        <LP>0.42916810320195714</LP>
        <BETA>5.9999996454563567</BETA>
      </SubCatchmentVegetationZoneParameters>
    </SubCatchmentVegetationZone>
  </SubCatchment>
</Catchment>