<?xml version="1.0" encoding="utf-8"?>
<Catchment xmlns:xsi="http://www.w3.org/2001/XMLSchema-instance" xmlns:xsd="http://www.w3.org/2001/XMLSchema">
  <CatchmentParameters>
    <KSI>0.001</KSI>
    <KGmin>0.05</KGmin>
    <RangeKG>0.1</RangeKG>
    <AG>0.1</AG>
    <PERC>9.4671224277980333</PERC>
    <Alpha>0</Alpha>
    <UZL>37.876451232615793</UZL>
    <K0>0.224048503972742</K0>
    <K1>0.23826487577414965</K1>
    <K2>0.12656113512672676</K2>
    <MAXBAS>1.4549266758747514</MAXBAS>
    <Cet>0</Cet>
    <PCALT>10</PCALT>
    <TCALT>0.6</TCALT>
    <Pelev>3022</Pelev>
    <Telev>3058</Telev>
    <PART>0.5</PART>
    <DELAY>1</DELAY>
  </CatchmentParameters>
  <VegetationZone>
    <VegetationZoneParameters>
      <TT>1.4275722391392298</TT>
      <CFMAX>1.4592329453636486</CFMAX>
      <SP>0</SP>
      <SFCF>0.5472521720112683</SFCF>
      <CFR>0.05834989358814914</CFR>
      <CWH>0.19999869968450421</CWH>
      <CFGlacier>1</CFGlacier>
      <CFSlope>1</CFSlope>
      <FC>521.7717537699798</FC>
      <LP>0.69369073749992582</LP>
      <BETA>5.9999909452850559</BETA>
    </VegetationZoneParameters>
  </VegetationZone>
  <SubCatchment>
    <SubCatchmentParameters>
      <KSI>0.001</KSI>
      <KGmin>0.05</KGmin>
      <RangeKG>0.1</RangeKG>
      <AG>0.1</AG>
      <PERC>9.4671224277980333</PERC>
      <Alpha>0</Alpha>
      <UZL>37.876451232615793</UZL>
      <K0>0.224048503972742</K0>
      <K1>0.23826487577414965</K1>
      <K2>0.12656113512672676</K2>
      <MAXBAS>1.4549266758747514</MAXBAS>
      <Cet>0</Cet>
      <PCALT>10</PCALT>
      <TCALT>0.6</TCALT>
      <Pelev>3022</Pelev>
      <Telev>3058</Telev>
      <PART>0.5</PART>
      <DELAY>1</DELAY>
    </SubCatchmentParameters>
    <SubCatchmentVegetationZone>
      <SubCatchmentVegetationZoneParameters>
        <TT>1.4275722391392298</TT>
        <CFMAX>1.4592329453636486</CFMAX>
        <SP>0</SP>
        <SFCF>0.5472521720112683</SFCF>
        <CFR>0.05834989358814914</CFR>
        <CWH>0.19999869968450421</CWH>
        <CFGlacier>1</CFGlacier>
        <CFSlope>1</CFSlope>
        <FC>521.7717537699798</FC>
        <LP>0.69369073749992582</LP>
        <BETA>5.9999909452850559</BETA>
      </SubCatchmentVegetationZoneParameters>
    </SubCatchmentVegetationZone>
  </SubCatchment>
</Catchment>