<?xml version="1.0" encoding="utf-8"?>
<Catchment xmlns:xsi="http://www.w3.org/2001/XMLSchema-instance" xmlns:xsd="http://www.w3.org/2001/XMLSchema">
  <CatchmentParameters>
    <KSI>0.001</KSI>
    <KGmin>0.05</KGmin>
    <RangeKG>0.1</RangeKG>
    <AG>0.1</AG>
    <PERC>0.043687429438855972</PERC>
    <Alpha>0</Alpha>
    <UZL>84.967272291460731</UZL>
    <K0>0.43456898342973133</K0>
    <K1>0.15148645793006943</K1>
    <K2>0.010000001456610893</K2>
    <MAXBAS>1</MAXBAS>
    <Cet>0</Cet>
    <PCALT>10</PCALT>
    <TCALT>0.6</TCALT>
    <Pelev>3022</Pelev>
    <Telev>3058</Telev>
    <PART>0.5</PART>
    <DELAY>1</DELAY>
  </CatchmentParameters>
  <VegetationZone>
    <VegetationZoneParameters>
      <TT>1.1371593746109718</TT>
      <CFMAX>1.3435187224429281</CFMAX>
      <SP>0</SP>
      <SFCF>0.58534135878902471</SFCF>
      <CFR>0.0678030498866396</CFR>
      <CWH>0.100000143769677</CWH>
      <CFGlacier>1</CFGlacier>
      <CFSlope>1</CFSlope>
      <FC>654.70226987756052</FC>
      <LP>0.63998779335418943</LP>
      <BETA>4.9808826793120033</BETA>
    </VegetationZoneParameters>
  </VegetationZone>
  <SubCatchment>
    <SubCatchmentParameters>
      <KSI>0.001</KSI>
      <KGmin>0.05</KGmin>
      <RangeKG>0.1</RangeKG>
      <AG>0.1</AG>
      <PERC>0.043687429438855972</PERC>
      <Alpha>0</Alpha>
      <UZL>84.967272291460731</UZL>
      <K0>0.43456898342973133</K0>
      <K1>0.15148645793006943</K1>
      <K2>0.010000001456610893</K2>
      <MAXBAS>1</MAXBAS>
      <Cet>0</Cet>
      <PCALT>10</PCALT>
      <TCALT>0.6</TCALT>
      <Pelev>3022</Pelev>
      <Telev>3058</Telev>
      <PART>0.5</PART>
      <DELAY>1</DELAY>
    </SubCatchmentParameters>
    <SubCatchmentVegetationZone>
      <SubCatchmentVegetationZoneParameters>
        <TT>1.1371593746109718</TT>
        <CFMAX>1.3435187224429281</CFMAX>
        <SP>0</SP>
        <SFCF>0.58534135878902471</SFCF>
        <CFR>0.0678030498866396</CFR>
        <CWH>0.100000143769677</CWH>
        <CFGlacier>1</CFGlacier>
        <CFSlope>1</CFSlope>
        <FC>654.70226987756052</FC>
        <LP>0.63998779335418943</LP>
        <BETA>4.9808826793120033</BETA>
      </SubCatchmentVegetationZoneParameters>
    </SubCatchmentVegetationZone>
  </SubCatchment>
</Catchment>