<?xml version="1.0" encoding="utf-8"?>
<Catchment xmlns:xsi="http://www.w3.org/2001/XMLSchema-instance" xmlns:xsd="http://www.w3.org/2001/XMLSchema">
  <CatchmentParameters>
    <KSI>0.001</KSI>
    <KGmin>0.05</KGmin>
    <RangeKG>0.1</RangeKG>
    <AG>0.1</AG>
    <PERC>9.9998687212257948</PERC>
    <Alpha>0</Alpha>
    <UZL>133.9307860497014</UZL>
    <K0>0.22862493898505829</K0>
    <K1>0.20456965668405122</K1>
    <K2>0.099543542172571053</K2>
    <MAXBAS>1.7651977678574387</MAXBAS>
    <Cet>0</Cet>
    <PCALT>10</PCALT>
    <TCALT>0.6</TCALT>
    <Pelev>3022</Pelev>
    <Telev>3058</Telev>
    <PART>0.5</PART>
    <DELAY>1</DELAY>
  </CatchmentParameters>
  <VegetationZone>
    <VegetationZoneParameters>
      <TT>0.87819577695228834</TT>
      <CFMAX>1.5857434450483816</CFMAX>
      <SP>0</SP>
      <SFCF>0.64091445420052107</SFCF>
      <CFR>0.00043644166891910411</CFR>
      <CWH>0.19999939595755104</CWH>
      <CFGlacier>1</CFGlacier>
      <CFSlope>1</CFSlope>
      <FC>433.59191050478859</FC>
      <LP>0.35611875346673871</LP>
      <BETA>5.9999984578474521</BETA>
    </VegetationZoneParameters>
  </VegetationZone>
  <SubCatchment>
    <SubCatchmentParameters>
      <KSI>0.001</KSI>
      <KGmin>0.05</KGmin>
      <RangeKG>0.1</RangeKG>
      <AG>0.1</AG>
      <PERC>9.9998687212257948</PERC>
      <Alpha>0</Alpha>
      <UZL>133.9307860497014</UZL>
      <K0>0.22862493898505829</K0>
      <K1>0.20456965668405122</K1>
      <K2>0.099543542172571053</K2>
      <MAXBAS>1.7651977678574387</MAXBAS>
      <Cet>0</Cet>
      <PCALT>10</PCALT>
      <TCALT>0.6</TCALT>
      <Pelev>3022</Pelev>
      <Telev>3058</Telev>
      <PART>0.5</PART>
      <DELAY>1</DELAY>
    </SubCatchmentParameters>
    <SubCatchmentVegetationZone>
      <SubCatchmentVegetationZoneParameters>
        <TT>0.87819577695228834</TT>
        <CFMAX>1.5857434450483816</CFMAX>
        <SP>0</SP>
        <SFCF>0.64091445420052107</SFCF>
        <CFR>0.00043644166891910411</CFR>
        <CWH>0.19999939595755104</CWH>
        <CFGlacier>1</CFGlacier>
        <CFSlope>1</CFSlope>
        <FC>433.59191050478859</FC>
        <LP>0.35611875346673871</LP>
        <BETA>5.9999984578474521</BETA>
      </SubCatchmentVegetationZoneParameters>
    </SubCatchmentVegetationZone>
  </SubCatchment>
</Catchment>