<?xml version="1.0" encoding="utf-8"?>
<Catchment xmlns:xsi="http://www.w3.org/2001/XMLSchema-instance" xmlns:xsd="http://www.w3.org/2001/XMLSchema">
  <CatchmentParameters>
    <KSI>0.001</KSI>
    <KGmin>0.05</KGmin>
    <RangeKG>0.1</RangeKG>
    <AG>0.1</AG>
    <PERC>1.5578672687063733</PERC>
    <Alpha>0</Alpha>
    <UZL>128.12575688496517</UZL>
    <K0>0.54945166421924585</K0>
    <K1>0.087578782919141909</K1>
    <K2>0.14999904185627924</K2>
    <MAXBAS>1.0049590029308448</MAXBAS>
    <Cet>0</Cet>
    <PCALT>10</PCALT>
    <TCALT>0.6</TCALT>
    <Pelev>3022</Pelev>
    <Telev>3058</Telev>
    <PART>0.5</PART>
    <DELAY>1</DELAY>
  </CatchmentParameters>
  <VegetationZone>
    <VegetationZoneParameters>
      <TT>2.2240032562634595</TT>
      <CFMAX>2.2188977437334079</CFMAX>
      <SP>0</SP>
      <SFCF>0.57146701982773906</SFCF>
      <CFR>0.099999896599276064</CFR>
      <CWH>0.19999924085849732</CWH>
      <CFGlacier>1</CFGlacier>
      <CFSlope>1</CFSlope>
      <FC>429.30807864442068</FC>
      <LP>0.54587870467343969</LP>
      <BETA>5.9999635314791062</BETA>
    </VegetationZoneParameters>
  </VegetationZone>
  <SubCatchment>
    <SubCatchmentParameters>
      <KSI>0.001</KSI>
      <KGmin>0.05</KGmin>
      <RangeKG>0.1</RangeKG>
      <AG>0.1</AG>
      <PERC>1.5578672687063733</PERC>
      <Alpha>0</Alpha>
      <UZL>128.12575688496517</UZL>
      <K0>0.54945166421924585</K0>
      <K1>0.087578782919141909</K1>
      <K2>0.14999904185627924</K2>
      <MAXBAS>1.0049590029308448</MAXBAS>
      <Cet>0</Cet>
      <PCALT>10</PCALT>
      <TCALT>0.6</TCALT>
      <Pelev>3022</Pelev>
      <Telev>3058</Telev>
      <PART>0.5</PART>
      <DELAY>1</DELAY>
    </SubCatchmentParameters>
    <SubCatchmentVegetationZone>
      <SubCatchmentVegetationZoneParameters>
        <TT>2.2240032562634595</TT>
        <CFMAX>2.2188977437334079</CFMAX>
        <SP>0</SP>
        <SFCF>0.57146701982773906</SFCF>
        <CFR>0.099999896599276064</CFR>
        <CWH>0.19999924085849732</CWH>
        <CFGlacier>1</CFGlacier>
        <CFSlope>1</CFSlope>
        <FC>429.30807864442068</FC>
        <LP>0.54587870467343969</LP>
        <BETA>5.9999635314791062</BETA>
      </SubCatchmentVegetationZoneParameters>
    </SubCatchmentVegetationZone>
  </SubCatchment>
</Catchment>