<?xml version="1.0" encoding="utf-8"?>
<Catchment xmlns:xsi="http://www.w3.org/2001/XMLSchema-instance" xmlns:xsd="http://www.w3.org/2001/XMLSchema">
  <CatchmentParameters>
    <KSI>0.001</KSI>
    <KGmin>0.05</KGmin>
    <RangeKG>0.1</RangeKG>
    <AG>0.1</AG>
    <PERC>0.045770824799476889</PERC>
    <Alpha>0</Alpha>
    <UZL>115.55371959825963</UZL>
    <K0>0.19290035982490239</K0>
    <K1>0.13300353156124598</K1>
    <K2>0.010000008457590246</K2>
    <MAXBAS>1</MAXBAS>
    <Cet>0</Cet>
    <PCALT>10</PCALT>
    <TCALT>0.6</TCALT>
    <Pelev>3022</Pelev>
    <Telev>3058</Telev>
    <PART>0.5</PART>
    <DELAY>1</DELAY>
  </CatchmentParameters>
  <VegetationZone>
    <VegetationZoneParameters>
      <TT>1.573032829404299</TT>
      <CFMAX>1.9866844362005216</CFMAX>
      <SP>0</SP>
      <SFCF>0.69620366394931921</SFCF>
      <CFR>0.081465871235296528</CFR>
      <CWH>0.10000081075838131</CWH>
      <CFGlacier>1</CFGlacier>
      <CFSlope>1</CFSlope>
      <FC>790.92387597257812</FC>
      <LP>0.52537866825448065</LP>
      <BETA>4.9497745228598</BETA>
    </VegetationZoneParameters>
  </VegetationZone>
  <SubCatchment>
    <SubCatchmentParameters>
      <KSI>0.001</KSI>
      <KGmin>0.05</KGmin>
      <RangeKG>0.1</RangeKG>
      <AG>0.1</AG>
      <PERC>0.045770824799476889</PERC>
      <Alpha>0</Alpha>
      <UZL>115.55371959825963</UZL>
      <K0>0.19290035982490239</K0>
      <K1>0.13300353156124598</K1>
      <K2>0.010000008457590246</K2>
      <MAXBAS>1</MAXBAS>
      <Cet>0</Cet>
      <PCALT>10</PCALT>
      <TCALT>0.6</TCALT>
      <Pelev>3022</Pelev>
      <Telev>3058</Telev>
      <PART>0.5</PART>
      <DELAY>1</DELAY>
    </SubCatchmentParameters>
    <SubCatchmentVegetationZone>
      <SubCatchmentVegetationZoneParameters>
        <TT>1.573032829404299</TT>
        <CFMAX>1.9866844362005216</CFMAX>
        <SP>0</SP>
        <SFCF>0.69620366394931921</SFCF>
        <CFR>0.081465871235296528</CFR>
        <CWH>0.10000081075838131</CWH>
        <CFGlacier>1</CFGlacier>
        <CFSlope>1</CFSlope>
        <FC>790.92387597257812</FC>
        <LP>0.52537866825448065</LP>
        <BETA>4.9497745228598</BETA>
      </SubCatchmentVegetationZoneParameters>
    </SubCatchmentVegetationZone>
  </SubCatchment>
</Catchment>