<?xml version="1.0" encoding="utf-8"?>
<Catchment xmlns:xsi="http://www.w3.org/2001/XMLSchema-instance" xmlns:xsd="http://www.w3.org/2001/XMLSchema">
  <CatchmentParameters>
    <KSI>0.001</KSI>
    <KGmin>0.05</KGmin>
    <RangeKG>0.1</RangeKG>
    <AG>0.1</AG>
    <PERC>8.72410520509543</PERC>
    <Alpha>0</Alpha>
    <UZL>120.13359793567487</UZL>
    <K0>0.2733882168087769</K0>
    <K1>0.18083748089415247</K1>
    <K2>0.10759869012367491</K2>
    <MAXBAS>1.705070793921518</MAXBAS>
    <Cet>0</Cet>
    <PCALT>10</PCALT>
    <TCALT>0.6</TCALT>
    <Pelev>3022</Pelev>
    <Telev>3058</Telev>
    <PART>0.5</PART>
    <DELAY>1</DELAY>
  </CatchmentParameters>
  <VegetationZone>
    <VegetationZoneParameters>
      <TT>0.45758046226478677</TT>
      <CFMAX>1.2722859292438933</CFMAX>
      <SP>0</SP>
      <SFCF>0.62327037804530883</SFCF>
      <CFR>0.0011222697138811096</CFR>
      <CWH>0.19999815972354831</CWH>
      <CFGlacier>1</CFGlacier>
      <CFSlope>1</CFSlope>
      <FC>401.94373116335015</FC>
      <LP>0.30000036171032296</LP>
      <BETA>5.9999854555928369</BETA>
    </VegetationZoneParameters>
  </VegetationZone>
  <SubCatchment>
    <SubCatchmentParameters>
      <KSI>0.001</KSI>
      <KGmin>0.05</KGmin>
      <RangeKG>0.1</RangeKG>
      <AG>0.1</AG>
      <PERC>8.72410520509543</PERC>
      <Alpha>0</Alpha>
      <UZL>120.13359793567487</UZL>
      <K0>0.2733882168087769</K0>
      <K1>0.18083748089415247</K1>
      <K2>0.10759869012367491</K2>
      <MAXBAS>1.705070793921518</MAXBAS>
      <Cet>0</Cet>
      <PCALT>10</PCALT>
      <TCALT>0.6</TCALT>
      <Pelev>3022</Pelev>
      <Telev>3058</Telev>
      <PART>0.5</PART>
      <DELAY>1</DELAY>
    </SubCatchmentParameters>
    <SubCatchmentVegetationZone>
      <SubCatchmentVegetationZoneParameters>
        <TT>0.45758046226478677</TT>
        <CFMAX>1.2722859292438933</CFMAX>
        <SP>0</SP>
        <SFCF>0.62327037804530883</SFCF>
        <CFR>0.0011222697138811096</CFR>
        <CWH>0.19999815972354831</CWH>
        <CFGlacier>1</CFGlacier>
        <CFSlope>1</CFSlope>
        <FC>401.94373116335015</FC>
        <LP>0.30000036171032296</LP>
        <BETA>5.9999854555928369</BETA>
      </SubCatchmentVegetationZoneParameters>
    </SubCatchmentVegetationZone>
  </SubCatchment>
</Catchment>