<?xml version="1.0" encoding="utf-8"?>
<Catchment xmlns:xsi="http://www.w3.org/2001/XMLSchema-instance" xmlns:xsd="http://www.w3.org/2001/XMLSchema">
  <CatchmentParameters>
    <KSI>0.001</KSI>
    <KGmin>0.05</KGmin>
    <RangeKG>0.1</RangeKG>
    <AG>0.1</AG>
    <PERC>9.9999834530252141</PERC>
    <Alpha>0</Alpha>
    <UZL>76.042493574887331</UZL>
    <K0>0.53293698477877571</K0>
    <K1>0.19681956475441292</K1>
    <K2>0.10850935574904409</K2>
    <MAXBAS>1.5949587130524121</MAXBAS>
    <Cet>0</Cet>
    <PCALT>10</PCALT>
    <TCALT>0.6</TCALT>
    <Pelev>3022</Pelev>
    <Telev>3058</Telev>
    <PART>0.5</PART>
    <DELAY>1</DELAY>
  </CatchmentParameters>
  <VegetationZone>
    <VegetationZoneParameters>
      <TT>2.2334757233222406</TT>
      <CFMAX>2.27835153546369</CFMAX>
      <SP>0</SP>
      <SFCF>0.63392693154995061</SFCF>
      <CFR>0.0761845533551416</CFR>
      <CWH>0.19999697733624119</CWH>
      <CFGlacier>1</CFGlacier>
      <CFSlope>1</CFSlope>
      <FC>416.12753727115756</FC>
      <LP>0.30000021836059915</LP>
      <BETA>3.8823570978827679</BETA>
    </VegetationZoneParameters>
  </VegetationZone>
  <SubCatchment>
    <SubCatchmentParameters>
      <KSI>0.001</KSI>
      <KGmin>0.05</KGmin>
      <RangeKG>0.1</RangeKG>
      <AG>0.1</AG>
      <PERC>9.9999834530252141</PERC>
      <Alpha>0</Alpha>
      <UZL>76.042493574887331</UZL>
      <K0>0.53293698477877571</K0>
      <K1>0.19681956475441292</K1>
      <K2>0.10850935574904409</K2>
      <MAXBAS>1.5949587130524121</MAXBAS>
      <Cet>0</Cet>
      <PCALT>10</PCALT>
      <TCALT>0.6</TCALT>
      <Pelev>3022</Pelev>
      <Telev>3058</Telev>
      <PART>0.5</PART>
      <DELAY>1</DELAY>
    </SubCatchmentParameters>
    <SubCatchmentVegetationZone>
      <SubCatchmentVegetationZoneParameters>
        <TT>2.2334757233222406</TT>
        <CFMAX>2.27835153546369</CFMAX>
        <SP>0</SP>
        <SFCF>0.63392693154995061</SFCF>
        <CFR>0.0761845533551416</CFR>
        <CWH>0.19999697733624119</CWH>
        <CFGlacier>1</CFGlacier>
        <CFSlope>1</CFSlope>
        <FC>416.12753727115756</FC>
        <LP>0.30000021836059915</LP>
        <BETA>3.8823570978827679</BETA>
      </SubCatchmentVegetationZoneParameters>
    </SubCatchmentVegetationZone>
  </SubCatchment>
</Catchment>