<?xml version="1.0" encoding="utf-8"?>
<Catchment xmlns:xsi="http://www.w3.org/2001/XMLSchema-instance" xmlns:xsd="http://www.w3.org/2001/XMLSchema">
  <CatchmentParameters>
    <KSI>0.001</KSI>
    <KGmin>0.05</KGmin>
    <RangeKG>0.1</RangeKG>
    <AG>0.1</AG>
    <PERC>0.047416948999141458</PERC>
    <Alpha>0</Alpha>
    <UZL>104.19442965329567</UZL>
    <K0>0.12969677735948187</K0>
    <K1>0.15407058746335117</K1>
    <K2>0.010001206657111544</K2>
    <MAXBAS>1</MAXBAS>
    <Cet>0</Cet>
    <PCALT>10</PCALT>
    <TCALT>0.6</TCALT>
    <Pelev>3022</Pelev>
    <Telev>3058</Telev>
    <PART>0.5</PART>
    <DELAY>1</DELAY>
  </CatchmentParameters>
  <VegetationZone>
    <VegetationZoneParameters>
      <TT>0.62563533816610784</TT>
      <CFMAX>1.055721597639993</CFMAX>
      <SP>0</SP>
      <SFCF>0.55469830515027863</SFCF>
      <CFR>0.018056433478319263</CFR>
      <CWH>0.10558519923509974</CWH>
      <CFGlacier>1</CFGlacier>
      <CFSlope>1</CFSlope>
      <FC>586.30481034420143</FC>
      <LP>0.61833925127984068</LP>
      <BETA>5.06392951922845</BETA>
    </VegetationZoneParameters>
  </VegetationZone>
  <SubCatchment>
    <SubCatchmentParameters>
      <KSI>0.001</KSI>
      <KGmin>0.05</KGmin>
      <RangeKG>0.1</RangeKG>
      <AG>0.1</AG>
      <PERC>0.047416948999141458</PERC>
      <Alpha>0</Alpha>
      <UZL>104.19442965329567</UZL>
      <K0>0.12969677735948187</K0>
      <K1>0.15407058746335117</K1>
      <K2>0.010001206657111544</K2>
      <MAXBAS>1</MAXBAS>
      <Cet>0</Cet>
      <PCALT>10</PCALT>
      <TCALT>0.6</TCALT>
      <Pelev>3022</Pelev>
      <Telev>3058</Telev>
      <PART>0.5</PART>
      <DELAY>1</DELAY>
    </SubCatchmentParameters>
    <SubCatchmentVegetationZone>
      <SubCatchmentVegetationZoneParameters>
        <TT>0.62563533816610784</TT>
        <CFMAX>1.055721597639993</CFMAX>
        <SP>0</SP>
        <SFCF>0.55469830515027863</SFCF>
        <CFR>0.018056433478319263</CFR>
        <CWH>0.10558519923509974</CWH>
        <CFGlacier>1</CFGlacier>
        <CFSlope>1</CFSlope>
        <FC>586.30481034420143</FC>
        <LP>0.61833925127984068</LP>
        <BETA>5.06392951922845</BETA>
      </SubCatchmentVegetationZoneParameters>
    </SubCatchmentVegetationZone>
  </SubCatchment>
</Catchment>