<?xml version="1.0" encoding="utf-8"?>
<Catchment xmlns:xsi="http://www.w3.org/2001/XMLSchema-instance" xmlns:xsd="http://www.w3.org/2001/XMLSchema">
  <CatchmentParameters>
    <KSI>0.001</KSI>
    <KGmin>0.05</KGmin>
    <RangeKG>0.1</RangeKG>
    <AG>0.1</AG>
    <PERC>0.05816851793565013</PERC>
    <Alpha>0</Alpha>
    <UZL>144.51994452870335</UZL>
    <K0>0.50632139717951363</K0>
    <K1>0.14146515536482962</K1>
    <K2>0.012386607469237497</K2>
    <MAXBAS>1</MAXBAS>
    <Cet>0</Cet>
    <PCALT>10</PCALT>
    <TCALT>0.6</TCALT>
    <Pelev>3022</Pelev>
    <Telev>3058</Telev>
    <PART>0.5</PART>
    <DELAY>1</DELAY>
  </CatchmentParameters>
  <VegetationZone>
    <VegetationZoneParameters>
      <TT>-0.27749118187863037</TT>
      <CFMAX>1.016381138213647</CFMAX>
      <SP>0</SP>
      <SFCF>0.64576362467717863</SFCF>
      <CFR>0.0822708049419204</CFR>
      <CWH>0.10000099182125731</CWH>
      <CFGlacier>1</CFGlacier>
      <CFSlope>1</CFSlope>
      <FC>706.90356678574653</FC>
      <LP>0.50820587088633806</LP>
      <BETA>5.9999860008432542</BETA>
    </VegetationZoneParameters>
  </VegetationZone>
  <SubCatchment>
    <SubCatchmentParameters>
      <KSI>0.001</KSI>
      <KGmin>0.05</KGmin>
      <RangeKG>0.1</RangeKG>
      <AG>0.1</AG>
      <PERC>0.05816851793565013</PERC>
      <Alpha>0</Alpha>
      <UZL>144.51994452870335</UZL>
      <K0>0.50632139717951363</K0>
      <K1>0.14146515536482962</K1>
      <K2>0.012386607469237497</K2>
      <MAXBAS>1</MAXBAS>
      <Cet>0</Cet>
      <PCALT>10</PCALT>
      <TCALT>0.6</TCALT>
      <Pelev>3022</Pelev>
      <Telev>3058</Telev>
      <PART>0.5</PART>
      <DELAY>1</DELAY>
    </SubCatchmentParameters>
    <SubCatchmentVegetationZone>
      <SubCatchmentVegetationZoneParameters>
        <TT>-0.27749118187863037</TT>
        <CFMAX>1.016381138213647</CFMAX>
        <SP>0</SP>
        <SFCF>0.64576362467717863</SFCF>
        <CFR>0.0822708049419204</CFR>
        <CWH>0.10000099182125731</CWH>
        <CFGlacier>1</CFGlacier>
        <CFSlope>1</CFSlope>
        <FC>706.90356678574653</FC>
        <LP>0.50820587088633806</LP>
        <BETA>5.9999860008432542</BETA>
      </SubCatchmentVegetationZoneParameters>
    </SubCatchmentVegetationZone>
  </SubCatchment>
</Catchment>