<?xml version="1.0" encoding="utf-8"?>
<Catchment xmlns:xsi="http://www.w3.org/2001/XMLSchema-instance" xmlns:xsd="http://www.w3.org/2001/XMLSchema">
  <CatchmentParameters>
    <KSI>0.001</KSI>
    <KGmin>0.05</KGmin>
    <RangeKG>0.1</RangeKG>
    <AG>0.1</AG>
    <PERC>8.6481750087628342</PERC>
    <Alpha>0</Alpha>
    <UZL>150.8955667817666</UZL>
    <K0>0.41673745339546986</K0>
    <K1>0.25601608043474822</K1>
    <K2>0.12498492044500421</K2>
    <MAXBAS>1.7933721570409651</MAXBAS>
    <Cet>0</Cet>
    <PCALT>10</PCALT>
    <TCALT>0.6</TCALT>
    <Pelev>3022</Pelev>
    <Telev>3058</Telev>
    <PART>0.5</PART>
    <DELAY>1</DELAY>
  </CatchmentParameters>
  <VegetationZone>
    <VegetationZoneParameters>
      <TT>2.4963943940563875</TT>
      <CFMAX>2.4059410905305492</CFMAX>
      <SP>0</SP>
      <SFCF>0.65732220573704725</SFCF>
      <CFR>0.098874320032231955</CFR>
      <CWH>0.19999968440461688</CWH>
      <CFGlacier>1</CFGlacier>
      <CFSlope>1</CFSlope>
      <FC>557.69111673804946</FC>
      <LP>0.3579918584308876</LP>
      <BETA>2.4198941111200565</BETA>
    </VegetationZoneParameters>
  </VegetationZone>
  <SubCatchment>
    <SubCatchmentParameters>
      <KSI>0.001</KSI>
      <KGmin>0.05</KGmin>
      <RangeKG>0.1</RangeKG>
      <AG>0.1</AG>
      <PERC>8.6481750087628342</PERC>
      <Alpha>0</Alpha>
      <UZL>150.8955667817666</UZL>
      <K0>0.41673745339546986</K0>
      <K1>0.25601608043474822</K1>
      <K2>0.12498492044500421</K2>
      <MAXBAS>1.7933721570409651</MAXBAS>
      <Cet>0</Cet>
      <PCALT>10</PCALT>
      <TCALT>0.6</TCALT>
      <Pelev>3022</Pelev>
      <Telev>3058</Telev>
      <PART>0.5</PART>
      <DELAY>1</DELAY>
    </SubCatchmentParameters>
    <SubCatchmentVegetationZone>
      <SubCatchmentVegetationZoneParameters>
        <TT>2.4963943940563875</TT>
        <CFMAX>2.4059410905305492</CFMAX>
        <SP>0</SP>
        <SFCF>0.65732220573704725</SFCF>
        <CFR>0.098874320032231955</CFR>
        <CWH>0.19999968440461688</CWH>
        <CFGlacier>1</CFGlacier>
        <CFSlope>1</CFSlope>
        <FC>557.69111673804946</FC>
        <LP>0.3579918584308876</LP>
        <BETA>2.4198941111200565</BETA>
      </SubCatchmentVegetationZoneParameters>
    </SubCatchmentVegetationZone>
  </SubCatchment>
</Catchment>