<?xml version="1.0" encoding="utf-8"?>
<Catchment xmlns:xsi="http://www.w3.org/2001/XMLSchema-instance" xmlns:xsd="http://www.w3.org/2001/XMLSchema">
  <CatchmentParameters>
    <KSI>0.001</KSI>
    <KGmin>0.05</KGmin>
    <RangeKG>0.1</RangeKG>
    <AG>0.1</AG>
    <PERC>0.053395493944007257</PERC>
    <Alpha>0</Alpha>
    <UZL>89.350174217622026</UZL>
    <K0>0.49518856076393103</K0>
    <K1>0.172251592175605</K1>
    <K2>0.010000947884910988</K2>
    <MAXBAS>1</MAXBAS>
    <Cet>0</Cet>
    <PCALT>10</PCALT>
    <TCALT>0.6</TCALT>
    <Pelev>3022</Pelev>
    <Telev>3058</Telev>
    <PART>0.5</PART>
    <DELAY>1</DELAY>
  </CatchmentParameters>
  <VegetationZone>
    <VegetationZoneParameters>
      <TT>0.39349219127935359</TT>
      <CFMAX>1.2832559359480877</CFMAX>
      <SP>0</SP>
      <SFCF>0.71983493609932914</SFCF>
      <CFR>0.027140666153089025</CFR>
      <CWH>0.1197085109617228</CWH>
      <CFGlacier>1</CFGlacier>
      <CFSlope>1</CFSlope>
      <FC>742.07210733111208</FC>
      <LP>0.30002140890080609</LP>
      <BETA>4.6946761825840992</BETA>
    </VegetationZoneParameters>
  </VegetationZone>
  <SubCatchment>
    <SubCatchmentParameters>
      <KSI>0.001</KSI>
      <KGmin>0.05</KGmin>
      <RangeKG>0.1</RangeKG>
      <AG>0.1</AG>
      <PERC>0.053395493944007257</PERC>
      <Alpha>0</Alpha>
      <UZL>89.350174217622026</UZL>
      <K0>0.49518856076393103</K0>
      <K1>0.172251592175605</K1>
      <K2>0.010000947884910988</K2>
      <MAXBAS>1</MAXBAS>
      <Cet>0</Cet>
      <PCALT>10</PCALT>
      <TCALT>0.6</TCALT>
      <Pelev>3022</Pelev>
      <Telev>3058</Telev>
      <PART>0.5</PART>
      <DELAY>1</DELAY>
    </SubCatchmentParameters>
    <SubCatchmentVegetationZone>
      <SubCatchmentVegetationZoneParameters>
        <TT>0.39349219127935359</TT>
        <CFMAX>1.2832559359480877</CFMAX>
        <SP>0</SP>
        <SFCF>0.71983493609932914</SFCF>
        <CFR>0.027140666153089025</CFR>
        <CWH>0.1197085109617228</CWH>
        <CFGlacier>1</CFGlacier>
        <CFSlope>1</CFSlope>
        <FC>742.07210733111208</FC>
        <LP>0.30002140890080609</LP>
        <BETA>4.6946761825840992</BETA>
      </SubCatchmentVegetationZoneParameters>
    </SubCatchmentVegetationZone>
  </SubCatchment>
</Catchment>