<?xml version="1.0" encoding="utf-8"?>
<Catchment xmlns:xsi="http://www.w3.org/2001/XMLSchema-instance" xmlns:xsd="http://www.w3.org/2001/XMLSchema">
  <CatchmentParameters>
    <KSI>0.001</KSI>
    <KGmin>0.05</KGmin>
    <RangeKG>0.1</RangeKG>
    <AG>0.1</AG>
    <PERC>0.043455737412306024</PERC>
    <Alpha>0</Alpha>
    <UZL>112.46644654840806</UZL>
    <K0>0.34386158655952015</K0>
    <K1>0.11863597104438185</K1>
    <K2>0.01000000334222948</K2>
    <MAXBAS>1</MAXBAS>
    <Cet>0</Cet>
    <PCALT>10</PCALT>
    <TCALT>0.6</TCALT>
    <Pelev>3022</Pelev>
    <Telev>3058</Telev>
    <PART>0.5</PART>
    <DELAY>1</DELAY>
  </CatchmentParameters>
  <VegetationZone>
    <VegetationZoneParameters>
      <TT>1.2681065928779023</TT>
      <CFMAX>1.8890984274328262</CFMAX>
      <SP>0</SP>
      <SFCF>0.69372076601385058</SFCF>
      <CFR>0.00013374376795493003</CFR>
      <CWH>0.10000111768378417</CWH>
      <CFGlacier>1</CFGlacier>
      <CFSlope>1</CFSlope>
      <FC>802.2153200478341</FC>
      <LP>0.58393054690554325</LP>
      <BETA>5.7249466671575062</BETA>
    </VegetationZoneParameters>
  </VegetationZone>
  <SubCatchment>
    <SubCatchmentParameters>
      <KSI>0.001</KSI>
      <KGmin>0.05</KGmin>
      <RangeKG>0.1</RangeKG>
      <AG>0.1</AG>
      <PERC>0.043455737412306024</PERC>
      <Alpha>0</Alpha>
      <UZL>112.46644654840806</UZL>
      <K0>0.34386158655952015</K0>
      <K1>0.11863597104438185</K1>
      <K2>0.01000000334222948</K2>
      <MAXBAS>1</MAXBAS>
      <Cet>0</Cet>
      <PCALT>10</PCALT>
      <TCALT>0.6</TCALT>
      <Pelev>3022</Pelev>
      <Telev>3058</Telev>
      <PART>0.5</PART>
      <DELAY>1</DELAY>
    </SubCatchmentParameters>
    <SubCatchmentVegetationZone>
      <SubCatchmentVegetationZoneParameters>
        <TT>1.2681065928779023</TT>
        <CFMAX>1.8890984274328262</CFMAX>
        <SP>0</SP>
        <SFCF>0.69372076601385058</SFCF>
        <CFR>0.00013374376795493003</CFR>
        <CWH>0.10000111768378417</CWH>
        <CFGlacier>1</CFGlacier>
        <CFSlope>1</CFSlope>
        <FC>802.2153200478341</FC>
        <LP>0.58393054690554325</LP>
        <BETA>5.7249466671575062</BETA>
      </SubCatchmentVegetationZoneParameters>
    </SubCatchmentVegetationZone>
  </SubCatchment>
</Catchment>