<?xml version="1.0" encoding="utf-8"?>
<Catchment xmlns:xsi="http://www.w3.org/2001/XMLSchema-instance" xmlns:xsd="http://www.w3.org/2001/XMLSchema">
  <CatchmentParameters>
    <KSI>0.001</KSI>
    <KGmin>0.05</KGmin>
    <RangeKG>0.1</RangeKG>
    <AG>0.1</AG>
    <PERC>7.6959242075796617</PERC>
    <Alpha>0</Alpha>
    <UZL>57.240193190496882</UZL>
    <K0>0.20043338899361002</K0>
    <K1>0.24266310217655682</K1>
    <K2>0.11607865243113007</K2>
    <MAXBAS>1.8550149385783235</MAXBAS>
    <Cet>0</Cet>
    <PCALT>10</PCALT>
    <TCALT>0.6</TCALT>
    <Pelev>3022</Pelev>
    <Telev>3058</Telev>
    <PART>0.5</PART>
    <DELAY>1</DELAY>
  </CatchmentParameters>
  <VegetationZone>
    <VegetationZoneParameters>
      <TT>2.4999970412584211</TT>
      <CFMAX>2.4267877940374585</CFMAX>
      <SP>0</SP>
      <SFCF>0.66622859208127028</SFCF>
      <CFR>0.099999999183089133</CFR>
      <CWH>0.19999940986039333</CWH>
      <CFGlacier>1</CFGlacier>
      <CFSlope>1</CFSlope>
      <FC>729.70916570765746</FC>
      <LP>0.58465143131012254</LP>
      <BETA>3.2389166376310148</BETA>
    </VegetationZoneParameters>
  </VegetationZone>
  <SubCatchment>
    <SubCatchmentParameters>
      <KSI>0.001</KSI>
      <KGmin>0.05</KGmin>
      <RangeKG>0.1</RangeKG>
      <AG>0.1</AG>
      <PERC>7.6959242075796617</PERC>
      <Alpha>0</Alpha>
      <UZL>57.240193190496882</UZL>
      <K0>0.20043338899361002</K0>
      <K1>0.24266310217655682</K1>
      <K2>0.11607865243113007</K2>
      <MAXBAS>1.8550149385783235</MAXBAS>
      <Cet>0</Cet>
      <PCALT>10</PCALT>
      <TCALT>0.6</TCALT>
      <Pelev>3022</Pelev>
      <Telev>3058</Telev>
      <PART>0.5</PART>
      <DELAY>1</DELAY>
    </SubCatchmentParameters>
    <SubCatchmentVegetationZone>
      <SubCatchmentVegetationZoneParameters>
        <TT>2.4999970412584211</TT>
        <CFMAX>2.4267877940374585</CFMAX>
        <SP>0</SP>
        <SFCF>0.66622859208127028</SFCF>
        <CFR>0.099999999183089133</CFR>
        <CWH>0.19999940986039333</CWH>
        <CFGlacier>1</CFGlacier>
        <CFSlope>1</CFSlope>
        <FC>729.70916570765746</FC>
        <LP>0.58465143131012254</LP>
        <BETA>3.2389166376310148</BETA>
      </SubCatchmentVegetationZoneParameters>
    </SubCatchmentVegetationZone>
  </SubCatchment>
</Catchment>