<?xml version="1.0" encoding="utf-8"?>
<Catchment xmlns:xsi="http://www.w3.org/2001/XMLSchema-instance" xmlns:xsd="http://www.w3.org/2001/XMLSchema">
  <CatchmentParameters>
    <KSI>0.001</KSI>
    <KGmin>0.05</KGmin>
    <RangeKG>0.1</RangeKG>
    <AG>0.1</AG>
    <PERC>0.036230782152142718</PERC>
    <Alpha>0</Alpha>
    <UZL>121.29263813068913</UZL>
    <K0>0.13565200796660881</K0>
    <K1>0.18510315545043912</K1>
    <K2>0.010000014588707107</K2>
    <MAXBAS>1</MAXBAS>
    <Cet>0</Cet>
    <PCALT>10</PCALT>
    <TCALT>0.6</TCALT>
    <Pelev>3022</Pelev>
    <Telev>3058</Telev>
    <PART>0.5</PART>
    <DELAY>1</DELAY>
  </CatchmentParameters>
  <VegetationZone>
    <VegetationZoneParameters>
      <TT>0.84400086587542411</TT>
      <CFMAX>1.5700026400516616</CFMAX>
      <SP>0</SP>
      <SFCF>0.83386852340879736</SFCF>
      <CFR>0.067066653213693428</CFR>
      <CWH>0.19999708047977335</CWH>
      <CFGlacier>1</CFGlacier>
      <CFSlope>1</CFSlope>
      <FC>2115.1240556345051</FC>
      <LP>0.51740662683944039</LP>
      <BETA>3.412850409316309</BETA>
    </VegetationZoneParameters>
  </VegetationZone>
  <SubCatchment>
    <SubCatchmentParameters>
      <KSI>0.001</KSI>
      <KGmin>0.05</KGmin>
      <RangeKG>0.1</RangeKG>
      <AG>0.1</AG>
      <PERC>0.036230782152142718</PERC>
      <Alpha>0</Alpha>
      <UZL>121.29263813068913</UZL>
      <K0>0.13565200796660881</K0>
      <K1>0.18510315545043912</K1>
      <K2>0.010000014588707107</K2>
      <MAXBAS>1</MAXBAS>
      <Cet>0</Cet>
      <PCALT>10</PCALT>
      <TCALT>0.6</TCALT>
      <Pelev>3022</Pelev>
      <Telev>3058</Telev>
      <PART>0.5</PART>
      <DELAY>1</DELAY>
    </SubCatchmentParameters>
    <SubCatchmentVegetationZone>
      <SubCatchmentVegetationZoneParameters>
        <TT>0.84400086587542411</TT>
        <CFMAX>1.5700026400516616</CFMAX>
        <SP>0</SP>
        <SFCF>0.83386852340879736</SFCF>
        <CFR>0.067066653213693428</CFR>
        <CWH>0.19999708047977335</CWH>
        <CFGlacier>1</CFGlacier>
        <CFSlope>1</CFSlope>
        <FC>2115.1240556345051</FC>
        <LP>0.51740662683944039</LP>
        <BETA>3.412850409316309</BETA>
      </SubCatchmentVegetationZoneParameters>
    </SubCatchmentVegetationZone>
  </SubCatchment>
</Catchment>