<?xml version="1.0" encoding="utf-8"?>
<Catchment xmlns:xsi="http://www.w3.org/2001/XMLSchema-instance" xmlns:xsd="http://www.w3.org/2001/XMLSchema">
  <CatchmentParameters>
    <KSI>0.001</KSI>
    <KGmin>0.05</KGmin>
    <RangeKG>0.1</RangeKG>
    <AG>0.1</AG>
    <PERC>9.9999933092348279</PERC>
    <Alpha>0</Alpha>
    <UZL>195.76765831012904</UZL>
    <K0>0.41378444413358995</K0>
    <K1>0.14969653068857691</K1>
    <K2>0.10173607895184188</K2>
    <MAXBAS>1.4149899028082</MAXBAS>
    <Cet>0</Cet>
    <PCALT>10</PCALT>
    <TCALT>0.6</TCALT>
    <Pelev>3022</Pelev>
    <Telev>3058</Telev>
    <PART>0.5</PART>
    <DELAY>1</DELAY>
  </CatchmentParameters>
  <VegetationZone>
    <VegetationZoneParameters>
      <TT>1.6599987859929637</TT>
      <CFMAX>1.9666101267509331</CFMAX>
      <SP>0</SP>
      <SFCF>0.61812841311119249</SFCF>
      <CFR>0.099999719130859144</CFR>
      <CWH>0.1884217766139745</CWH>
      <CFGlacier>1</CFGlacier>
      <CFSlope>1</CFSlope>
      <FC>458.5722184388074</FC>
      <LP>0.46586500417393445</LP>
      <BETA>5.8470256361827664</BETA>
    </VegetationZoneParameters>
  </VegetationZone>
  <SubCatchment>
    <SubCatchmentParameters>
      <KSI>0.001</KSI>
      <KGmin>0.05</KGmin>
      <RangeKG>0.1</RangeKG>
      <AG>0.1</AG>
      <PERC>9.9999933092348279</PERC>
      <Alpha>0</Alpha>
      <UZL>195.76765831012904</UZL>
      <K0>0.41378444413358995</K0>
      <K1>0.14969653068857691</K1>
      <K2>0.10173607895184188</K2>
      <MAXBAS>1.4149899028082</MAXBAS>
      <Cet>0</Cet>
      <PCALT>10</PCALT>
      <TCALT>0.6</TCALT>
      <Pelev>3022</Pelev>
      <Telev>3058</Telev>
      <PART>0.5</PART>
      <DELAY>1</DELAY>
    </SubCatchmentParameters>
    <SubCatchmentVegetationZone>
      <SubCatchmentVegetationZoneParameters>
        <TT>1.6599987859929637</TT>
        <CFMAX>1.9666101267509331</CFMAX>
        <SP>0</SP>
        <SFCF>0.61812841311119249</SFCF>
        <CFR>0.099999719130859144</CFR>
        <CWH>0.1884217766139745</CWH>
        <CFGlacier>1</CFGlacier>
        <CFSlope>1</CFSlope>
        <FC>458.5722184388074</FC>
        <LP>0.46586500417393445</LP>
        <BETA>5.8470256361827664</BETA>
      </SubCatchmentVegetationZoneParameters>
    </SubCatchmentVegetationZone>
  </SubCatchment>
</Catchment>