<?xml version="1.0" encoding="utf-8"?>
<Catchment xmlns:xsi="http://www.w3.org/2001/XMLSchema-instance" xmlns:xsd="http://www.w3.org/2001/XMLSchema">
  <CatchmentParameters>
    <KSI>0.001</KSI>
    <KGmin>0.05</KGmin>
    <RangeKG>0.1</RangeKG>
    <AG>0.1</AG>
    <PERC>0.045529988264550666</PERC>
    <Alpha>0</Alpha>
    <UZL>140.61534388475721</UZL>
    <K0>0.40994537845476675</K0>
    <K1>0.10851930020433484</K1>
    <K2>0.010000000007444615</K2>
    <MAXBAS>1</MAXBAS>
    <Cet>0</Cet>
    <PCALT>10</PCALT>
    <TCALT>0.6</TCALT>
    <Pelev>3022</Pelev>
    <Telev>3058</Telev>
    <PART>0.5</PART>
    <DELAY>1</DELAY>
  </CatchmentParameters>
  <VegetationZone>
    <VegetationZoneParameters>
      <TT>0.575607764804165</TT>
      <CFMAX>1.8636802687638936</CFMAX>
      <SP>0</SP>
      <SFCF>0.75529842182776885</SFCF>
      <CFR>0.076115892640397115</CFR>
      <CWH>0.12910880414765114</CWH>
      <CFGlacier>1</CFGlacier>
      <CFSlope>1</CFSlope>
      <FC>750.75430479525721</FC>
      <LP>0.34987641277294723</LP>
      <BETA>4.5810671834252465</BETA>
    </VegetationZoneParameters>
  </VegetationZone>
  <SubCatchment>
    <SubCatchmentParameters>
      <KSI>0.001</KSI>
      <KGmin>0.05</KGmin>
      <RangeKG>0.1</RangeKG>
      <AG>0.1</AG>
      <PERC>0.045529988264550666</PERC>
      <Alpha>0</Alpha>
      <UZL>140.61534388475721</UZL>
      <K0>0.40994537845476675</K0>
      <K1>0.10851930020433484</K1>
      <K2>0.010000000007444615</K2>
      <MAXBAS>1</MAXBAS>
      <Cet>0</Cet>
      <PCALT>10</PCALT>
      <TCALT>0.6</TCALT>
      <Pelev>3022</Pelev>
      <Telev>3058</Telev>
      <PART>0.5</PART>
      <DELAY>1</DELAY>
    </SubCatchmentParameters>
    <SubCatchmentVegetationZone>
      <SubCatchmentVegetationZoneParameters>
        <TT>0.575607764804165</TT>
        <CFMAX>1.8636802687638936</CFMAX>
        <SP>0</SP>
        <SFCF>0.75529842182776885</SFCF>
        <CFR>0.076115892640397115</CFR>
        <CWH>0.12910880414765114</CWH>
        <CFGlacier>1</CFGlacier>
        <CFSlope>1</CFSlope>
        <FC>750.75430479525721</FC>
        <LP>0.34987641277294723</LP>
        <BETA>4.5810671834252465</BETA>
      </SubCatchmentVegetationZoneParameters>
    </SubCatchmentVegetationZone>
  </SubCatchment>
</Catchment>