<?xml version="1.0" encoding="utf-8"?>
<Catchment xmlns:xsi="http://www.w3.org/2001/XMLSchema-instance" xmlns:xsd="http://www.w3.org/2001/XMLSchema">
  <CatchmentParameters>
    <KSI>0.001</KSI>
    <KGmin>0.05</KGmin>
    <RangeKG>0.1</RangeKG>
    <AG>0.1</AG>
    <PERC>0.046648465242930662</PERC>
    <Alpha>0</Alpha>
    <UZL>138.54633443766747</UZL>
    <K0>0.13771860221630156</K0>
    <K1>0.13903833871807883</K1>
    <K2>0.010000001088373619</K2>
    <MAXBAS>1</MAXBAS>
    <Cet>0</Cet>
    <PCALT>10</PCALT>
    <TCALT>0.6</TCALT>
    <Pelev>3022</Pelev>
    <Telev>3058</Telev>
    <PART>0.5</PART>
    <DELAY>1</DELAY>
  </CatchmentParameters>
  <VegetationZone>
    <VegetationZoneParameters>
      <TT>0.45852013786111789</TT>
      <CFMAX>1.3758110102867711</CFMAX>
      <SP>0</SP>
      <SFCF>0.67560022091025229</SFCF>
      <CFR>0.056473365919586953</CFR>
      <CWH>0.12383555954099564</CWH>
      <CFGlacier>1</CFGlacier>
      <CFSlope>1</CFSlope>
      <FC>679.8150095883592</FC>
      <LP>0.42080261593415</LP>
      <BETA>4.4029791074274716</BETA>
    </VegetationZoneParameters>
  </VegetationZone>
  <SubCatchment>
    <SubCatchmentParameters>
      <KSI>0.001</KSI>
      <KGmin>0.05</KGmin>
      <RangeKG>0.1</RangeKG>
      <AG>0.1</AG>
      <PERC>0.046648465242930662</PERC>
      <Alpha>0</Alpha>
      <UZL>138.54633443766747</UZL>
      <K0>0.13771860221630156</K0>
      <K1>0.13903833871807883</K1>
      <K2>0.010000001088373619</K2>
      <MAXBAS>1</MAXBAS>
      <Cet>0</Cet>
      <PCALT>10</PCALT>
      <TCALT>0.6</TCALT>
      <Pelev>3022</Pelev>
      <Telev>3058</Telev>
      <PART>0.5</PART>
      <DELAY>1</DELAY>
    </SubCatchmentParameters>
    <SubCatchmentVegetationZone>
      <SubCatchmentVegetationZoneParameters>
        <TT>0.45852013786111789</TT>
        <CFMAX>1.3758110102867711</CFMAX>
        <SP>0</SP>
        <SFCF>0.67560022091025229</SFCF>
        <CFR>0.056473365919586953</CFR>
        <CWH>0.12383555954099564</CWH>
        <CFGlacier>1</CFGlacier>
        <CFSlope>1</CFSlope>
        <FC>679.8150095883592</FC>
        <LP>0.42080261593415</LP>
        <BETA>4.4029791074274716</BETA>
      </SubCatchmentVegetationZoneParameters>
    </SubCatchmentVegetationZone>
  </SubCatchment>
</Catchment>