<?xml version="1.0" encoding="utf-8"?>
<Catchment xmlns:xsi="http://www.w3.org/2001/XMLSchema-instance" xmlns:xsd="http://www.w3.org/2001/XMLSchema">
  <CatchmentParameters>
    <KSI>0.001</KSI>
    <KGmin>0.05</KGmin>
    <RangeKG>0.1</RangeKG>
    <AG>0.1</AG>
    <PERC>9.74331516881513</PERC>
    <Alpha>0</Alpha>
    <UZL>59.015091365682089</UZL>
    <K0>0.55199649289333463</K0>
    <K1>0.22398956127867356</K1>
    <K2>0.11595514173896485</K2>
    <MAXBAS>1.5950409192523321</MAXBAS>
    <Cet>0</Cet>
    <PCALT>10</PCALT>
    <TCALT>0.6</TCALT>
    <Pelev>3022</Pelev>
    <Telev>3058</Telev>
    <PART>0.5</PART>
    <DELAY>1</DELAY>
  </CatchmentParameters>
  <VegetationZone>
    <VegetationZoneParameters>
      <TT>1.4533948026106878</TT>
      <CFMAX>1.6494735293041065</CFMAX>
      <SP>0</SP>
      <SFCF>0.6112767052564515</SFCF>
      <CFR>0.00028059073966102654</CFR>
      <CWH>0.19999930645376882</CWH>
      <CFGlacier>1</CFGlacier>
      <CFSlope>1</CFSlope>
      <FC>526.33610285104487</FC>
      <LP>0.58452073466786836</LP>
      <BETA>5.999991325012334</BETA>
    </VegetationZoneParameters>
  </VegetationZone>
  <SubCatchment>
    <SubCatchmentParameters>
      <KSI>0.001</KSI>
      <KGmin>0.05</KGmin>
      <RangeKG>0.1</RangeKG>
      <AG>0.1</AG>
      <PERC>9.74331516881513</PERC>
      <Alpha>0</Alpha>
      <UZL>59.015091365682089</UZL>
      <K0>0.55199649289333463</K0>
      <K1>0.22398956127867356</K1>
      <K2>0.11595514173896485</K2>
      <MAXBAS>1.5950409192523321</MAXBAS>
      <Cet>0</Cet>
      <PCALT>10</PCALT>
      <TCALT>0.6</TCALT>
      <Pelev>3022</Pelev>
      <Telev>3058</Telev>
      <PART>0.5</PART>
      <DELAY>1</DELAY>
    </SubCatchmentParameters>
    <SubCatchmentVegetationZone>
      <SubCatchmentVegetationZoneParameters>
        <TT>1.4533948026106878</TT>
        <CFMAX>1.6494735293041065</CFMAX>
        <SP>0</SP>
        <SFCF>0.6112767052564515</SFCF>
        <CFR>0.00028059073966102654</CFR>
        <CWH>0.19999930645376882</CWH>
        <CFGlacier>1</CFGlacier>
        <CFSlope>1</CFSlope>
        <FC>526.33610285104487</FC>
        <LP>0.58452073466786836</LP>
        <BETA>5.999991325012334</BETA>
      </SubCatchmentVegetationZoneParameters>
    </SubCatchmentVegetationZone>
  </SubCatchment>
</Catchment>