<?xml version="1.0" encoding="utf-8"?>
<Catchment xmlns:xsi="http://www.w3.org/2001/XMLSchema-instance" xmlns:xsd="http://www.w3.org/2001/XMLSchema">
  <CatchmentParameters>
    <KSI>0.001</KSI>
    <KGmin>0.05</KGmin>
    <RangeKG>0.1</RangeKG>
    <AG>0.1</AG>
    <PERC>9.1989377852859651</PERC>
    <Alpha>0</Alpha>
    <UZL>129.82862893684151</UZL>
    <K0>0.13628839032326551</K0>
    <K1>0.20933593080914492</K1>
    <K2>0.11743752526911072</K2>
    <MAXBAS>1.3749765653051718</MAXBAS>
    <Cet>0</Cet>
    <PCALT>10</PCALT>
    <TCALT>0.6</TCALT>
    <Pelev>3022</Pelev>
    <Telev>3058</Telev>
    <PART>0.5</PART>
    <DELAY>1</DELAY>
  </CatchmentParameters>
  <VegetationZone>
    <VegetationZoneParameters>
      <TT>1.8576426152174053</TT>
      <CFMAX>1.6284745943619678</CFMAX>
      <SP>0</SP>
      <SFCF>0.547709197408016</SFCF>
      <CFR>0.099998415117315817</CFR>
      <CWH>0.19358534457218768</CWH>
      <CFGlacier>1</CFGlacier>
      <CFSlope>1</CFSlope>
      <FC>491.92347665229335</FC>
      <LP>0.69686891022995756</LP>
      <BETA>5.8906366878282759</BETA>
    </VegetationZoneParameters>
  </VegetationZone>
  <SubCatchment>
    <SubCatchmentParameters>
      <KSI>0.001</KSI>
      <KGmin>0.05</KGmin>
      <RangeKG>0.1</RangeKG>
      <AG>0.1</AG>
      <PERC>9.1989377852859651</PERC>
      <Alpha>0</Alpha>
      <UZL>129.82862893684151</UZL>
      <K0>0.13628839032326551</K0>
      <K1>0.20933593080914492</K1>
      <K2>0.11743752526911072</K2>
      <MAXBAS>1.3749765653051718</MAXBAS>
      <Cet>0</Cet>
      <PCALT>10</PCALT>
      <TCALT>0.6</TCALT>
      <Pelev>3022</Pelev>
      <Telev>3058</Telev>
      <PART>0.5</PART>
      <DELAY>1</DELAY>
    </SubCatchmentParameters>
    <SubCatchmentVegetationZone>
      <SubCatchmentVegetationZoneParameters>
        <TT>1.8576426152174053</TT>
        <CFMAX>1.6284745943619678</CFMAX>
        <SP>0</SP>
        <SFCF>0.547709197408016</SFCF>
        <CFR>0.099998415117315817</CFR>
        <CWH>0.19358534457218768</CWH>
        <CFGlacier>1</CFGlacier>
        <CFSlope>1</CFSlope>
        <FC>491.92347665229335</FC>
        <LP>0.69686891022995756</LP>
        <BETA>5.8906366878282759</BETA>
      </SubCatchmentVegetationZoneParameters>
    </SubCatchmentVegetationZone>
  </SubCatchment>
</Catchment>