<?xml version="1.0" encoding="utf-8"?>
<Catchment xmlns:xsi="http://www.w3.org/2001/XMLSchema-instance" xmlns:xsd="http://www.w3.org/2001/XMLSchema">
  <CatchmentParameters>
    <KSI>0.001</KSI>
    <KGmin>0.05</KGmin>
    <RangeKG>0.1</RangeKG>
    <AG>0.1</AG>
    <PERC>0.058075149473417853</PERC>
    <Alpha>0</Alpha>
    <UZL>160.46627868690169</UZL>
    <K0>0.53735716008039958</K0>
    <K1>0.11436627059803235</K1>
    <K2>0.0100000081885157</K2>
    <MAXBAS>1</MAXBAS>
    <Cet>0</Cet>
    <PCALT>10</PCALT>
    <TCALT>0.6</TCALT>
    <Pelev>3022</Pelev>
    <Telev>3058</Telev>
    <PART>0.5</PART>
    <DELAY>1</DELAY>
  </CatchmentParameters>
  <VegetationZone>
    <VegetationZoneParameters>
      <TT>0.41591763612505989</TT>
      <CFMAX>1.7303521828377779</CFMAX>
      <SP>0</SP>
      <SFCF>0.76075632443576591</SFCF>
      <CFR>0.092487808064795438</CFR>
      <CWH>0.10001661995907679</CWH>
      <CFGlacier>1</CFGlacier>
      <CFSlope>1</CFSlope>
      <FC>707.38035454232136</FC>
      <LP>0.30000077572641159</LP>
      <BETA>5.3123175825626987</BETA>
    </VegetationZoneParameters>
  </VegetationZone>
  <SubCatchment>
    <SubCatchmentParameters>
      <KSI>0.001</KSI>
      <KGmin>0.05</KGmin>
      <RangeKG>0.1</RangeKG>
      <AG>0.1</AG>
      <PERC>0.058075149473417853</PERC>
      <Alpha>0</Alpha>
      <UZL>160.46627868690169</UZL>
      <K0>0.53735716008039958</K0>
      <K1>0.11436627059803235</K1>
      <K2>0.0100000081885157</K2>
      <MAXBAS>1</MAXBAS>
      <Cet>0</Cet>
      <PCALT>10</PCALT>
      <TCALT>0.6</TCALT>
      <Pelev>3022</Pelev>
      <Telev>3058</Telev>
      <PART>0.5</PART>
      <DELAY>1</DELAY>
    </SubCatchmentParameters>
    <SubCatchmentVegetationZone>
      <SubCatchmentVegetationZoneParameters>
        <TT>0.41591763612505989</TT>
        <CFMAX>1.7303521828377779</CFMAX>
        <SP>0</SP>
        <SFCF>0.76075632443576591</SFCF>
        <CFR>0.092487808064795438</CFR>
        <CWH>0.10001661995907679</CWH>
        <CFGlacier>1</CFGlacier>
        <CFSlope>1</CFSlope>
        <FC>707.38035454232136</FC>
        <LP>0.30000077572641159</LP>
        <BETA>5.3123175825626987</BETA>
      </SubCatchmentVegetationZoneParameters>
    </SubCatchmentVegetationZone>
  </SubCatchment>
</Catchment>