<?xml version="1.0" encoding="utf-8"?>
<Catchment xmlns:xsi="http://www.w3.org/2001/XMLSchema-instance" xmlns:xsd="http://www.w3.org/2001/XMLSchema">
  <CatchmentParameters>
    <KSI>0.001</KSI>
    <KGmin>0.05</KGmin>
    <RangeKG>0.1</RangeKG>
    <AG>0.1</AG>
    <PERC>9.9999619748333313</PERC>
    <Alpha>0</Alpha>
    <UZL>180.0918465033534</UZL>
    <K0>0.60793777588230458</K0>
    <K1>0.1373369527919166</K1>
    <K2>0.10759077802163283</K2>
    <MAXBAS>1.5153338718639311</MAXBAS>
    <Cet>0</Cet>
    <PCALT>10</PCALT>
    <TCALT>0.6</TCALT>
    <Pelev>3022</Pelev>
    <Telev>3058</Telev>
    <PART>0.5</PART>
    <DELAY>1</DELAY>
  </CatchmentParameters>
  <VegetationZone>
    <VegetationZoneParameters>
      <TT>2.125454722705173</TT>
      <CFMAX>2.2348639471234786</CFMAX>
      <SP>0</SP>
      <SFCF>0.62017164688703252</SFCF>
      <CFR>0.099999063138121458</CFR>
      <CWH>0.19997345460182603</CWH>
      <CFGlacier>1</CFGlacier>
      <CFSlope>1</CFSlope>
      <FC>562.00477289210869</FC>
      <LP>0.59938802367507871</LP>
      <BETA>5.582244668779027</BETA>
    </VegetationZoneParameters>
  </VegetationZone>
  <SubCatchment>
    <SubCatchmentParameters>
      <KSI>0.001</KSI>
      <KGmin>0.05</KGmin>
      <RangeKG>0.1</RangeKG>
      <AG>0.1</AG>
      <PERC>9.9999619748333313</PERC>
      <Alpha>0</Alpha>
      <UZL>180.0918465033534</UZL>
      <K0>0.60793777588230458</K0>
      <K1>0.1373369527919166</K1>
      <K2>0.10759077802163283</K2>
      <MAXBAS>1.5153338718639311</MAXBAS>
      <Cet>0</Cet>
      <PCALT>10</PCALT>
      <TCALT>0.6</TCALT>
      <Pelev>3022</Pelev>
      <Telev>3058</Telev>
      <PART>0.5</PART>
      <DELAY>1</DELAY>
    </SubCatchmentParameters>
    <SubCatchmentVegetationZone>
      <SubCatchmentVegetationZoneParameters>
        <TT>2.125454722705173</TT>
        <CFMAX>2.2348639471234786</CFMAX>
        <SP>0</SP>
        <SFCF>0.62017164688703252</SFCF>
        <CFR>0.099999063138121458</CFR>
        <CWH>0.19997345460182603</CWH>
        <CFGlacier>1</CFGlacier>
        <CFSlope>1</CFSlope>
        <FC>562.00477289210869</FC>
        <LP>0.59938802367507871</LP>
        <BETA>5.582244668779027</BETA>
      </SubCatchmentVegetationZoneParameters>
    </SubCatchmentVegetationZone>
  </SubCatchment>
</Catchment>