<?xml version="1.0" encoding="utf-8"?>
<Catchment xmlns:xsi="http://www.w3.org/2001/XMLSchema-instance" xmlns:xsd="http://www.w3.org/2001/XMLSchema">
  <CatchmentParameters>
    <KSI>0.001</KSI>
    <KGmin>0.05</KGmin>
    <RangeKG>0.1</RangeKG>
    <AG>0.1</AG>
    <PERC>9.8513610454271685</PERC>
    <Alpha>0</Alpha>
    <UZL>85.603250856450671</UZL>
    <K0>0.8086005708832219</K0>
    <K1>0.1974706374885313</K1>
    <K2>0.11996143877050279</K2>
    <MAXBAS>1.5603895552270792</MAXBAS>
    <Cet>0</Cet>
    <PCALT>10</PCALT>
    <TCALT>0.6</TCALT>
    <Pelev>3022</Pelev>
    <Telev>3058</Telev>
    <PART>0.5</PART>
    <DELAY>1</DELAY>
  </CatchmentParameters>
  <VegetationZone>
    <VegetationZoneParameters>
      <TT>2.2419967184247782</TT>
      <CFMAX>1.9270487627519086</CFMAX>
      <SP>0</SP>
      <SFCF>0.56703507154019672</SFCF>
      <CFR>0.099999912783295467</CFR>
      <CWH>0.15046438476926866</CWH>
      <CFGlacier>1</CFGlacier>
      <CFSlope>1</CFSlope>
      <FC>485.68292080818827</FC>
      <LP>0.60844101422674146</LP>
      <BETA>5.175904667972989</BETA>
    </VegetationZoneParameters>
  </VegetationZone>
  <SubCatchment>
    <SubCatchmentParameters>
      <KSI>0.001</KSI>
      <KGmin>0.05</KGmin>
      <RangeKG>0.1</RangeKG>
      <AG>0.1</AG>
      <PERC>9.8513610454271685</PERC>
      <Alpha>0</Alpha>
      <UZL>85.603250856450671</UZL>
      <K0>0.8086005708832219</K0>
      <K1>0.1974706374885313</K1>
      <K2>0.11996143877050279</K2>
      <MAXBAS>1.5603895552270792</MAXBAS>
      <Cet>0</Cet>
      <PCALT>10</PCALT>
      <TCALT>0.6</TCALT>
      <Pelev>3022</Pelev>
      <Telev>3058</Telev>
      <PART>0.5</PART>
      <DELAY>1</DELAY>
    </SubCatchmentParameters>
    <SubCatchmentVegetationZone>
      <SubCatchmentVegetationZoneParameters>
        <TT>2.2419967184247782</TT>
        <CFMAX>1.9270487627519086</CFMAX>
        <SP>0</SP>
        <SFCF>0.56703507154019672</SFCF>
        <CFR>0.099999912783295467</CFR>
        <CWH>0.15046438476926866</CWH>
        <CFGlacier>1</CFGlacier>
        <CFSlope>1</CFSlope>
        <FC>485.68292080818827</FC>
        <LP>0.60844101422674146</LP>
        <BETA>5.175904667972989</BETA>
      </SubCatchmentVegetationZoneParameters>
    </SubCatchmentVegetationZone>
  </SubCatchment>
</Catchment>