<?xml version="1.0" encoding="utf-8"?>
<Catchment xmlns:xsi="http://www.w3.org/2001/XMLSchema-instance" xmlns:xsd="http://www.w3.org/2001/XMLSchema">
  <CatchmentParameters>
    <KSI>0.001</KSI>
    <KGmin>0.05</KGmin>
    <RangeKG>0.1</RangeKG>
    <AG>0.1</AG>
    <PERC>9.9998331487963821</PERC>
    <Alpha>0</Alpha>
    <UZL>136.53263371313676</UZL>
    <K0>0.093454070020258115</K0>
    <K1>0.11366841699866953</K1>
    <K2>0.099141977312976928</K2>
    <MAXBAS>1.0149996565254102</MAXBAS>
    <Cet>0</Cet>
    <PCALT>10</PCALT>
    <TCALT>0.6</TCALT>
    <Pelev>3022</Pelev>
    <Telev>3058</Telev>
    <PART>0.5</PART>
    <DELAY>1</DELAY>
  </CatchmentParameters>
  <VegetationZone>
    <VegetationZoneParameters>
      <TT>2.08488554106963</TT>
      <CFMAX>2.4652407803068783</CFMAX>
      <SP>0</SP>
      <SFCF>0.65814759258367772</SFCF>
      <CFR>0.08223879380189357</CFR>
      <CWH>0.19999992771824146</CWH>
      <CFGlacier>1</CFGlacier>
      <CFSlope>1</CFSlope>
      <FC>577.25226860280441</FC>
      <LP>0.57602980465896347</LP>
      <BETA>5.9996392239273391</BETA>
    </VegetationZoneParameters>
  </VegetationZone>
  <SubCatchment>
    <SubCatchmentParameters>
      <KSI>0.001</KSI>
      <KGmin>0.05</KGmin>
      <RangeKG>0.1</RangeKG>
      <AG>0.1</AG>
      <PERC>9.9998331487963821</PERC>
      <Alpha>0</Alpha>
      <UZL>136.53263371313676</UZL>
      <K0>0.093454070020258115</K0>
      <K1>0.11366841699866953</K1>
      <K2>0.099141977312976928</K2>
      <MAXBAS>1.0149996565254102</MAXBAS>
      <Cet>0</Cet>
      <PCALT>10</PCALT>
      <TCALT>0.6</TCALT>
      <Pelev>3022</Pelev>
      <Telev>3058</Telev>
      <PART>0.5</PART>
      <DELAY>1</DELAY>
    </SubCatchmentParameters>
    <SubCatchmentVegetationZone>
      <SubCatchmentVegetationZoneParameters>
        <TT>2.08488554106963</TT>
        <CFMAX>2.4652407803068783</CFMAX>
        <SP>0</SP>
        <SFCF>0.65814759258367772</SFCF>
        <CFR>0.08223879380189357</CFR>
        <CWH>0.19999992771824146</CWH>
        <CFGlacier>1</CFGlacier>
        <CFSlope>1</CFSlope>
        <FC>577.25226860280441</FC>
        <LP>0.57602980465896347</LP>
        <BETA>5.9996392239273391</BETA>
      </SubCatchmentVegetationZoneParameters>
    </SubCatchmentVegetationZone>
  </SubCatchment>
</Catchment>