<?xml version="1.0" encoding="utf-8"?>
<Catchment xmlns:xsi="http://www.w3.org/2001/XMLSchema-instance" xmlns:xsd="http://www.w3.org/2001/XMLSchema">
  <CatchmentParameters>
    <KSI>0.001</KSI>
    <KGmin>0.05</KGmin>
    <RangeKG>0.1</RangeKG>
    <AG>0.1</AG>
    <PERC>7.5363747619790953</PERC>
    <Alpha>0</Alpha>
    <UZL>141.33057560254019</UZL>
    <K0>0.16375293629406862</K0>
    <K1>0.055854948531270564</K1>
    <K2>0.092187970416870518</K2>
    <MAXBAS>1.0196969840670707</MAXBAS>
    <Cet>0</Cet>
    <PCALT>10</PCALT>
    <TCALT>0.6</TCALT>
    <Pelev>3022</Pelev>
    <Telev>3058</Telev>
    <PART>0.5</PART>
    <DELAY>1</DELAY>
  </CatchmentParameters>
  <VegetationZone>
    <VegetationZoneParameters>
      <TT>2.2779882837732544</TT>
      <CFMAX>2.6796011760488696</CFMAX>
      <SP>0</SP>
      <SFCF>0.63946973669808271</SFCF>
      <CFR>0.091732882850992653</CFR>
      <CWH>0.19999619971710089</CWH>
      <CFGlacier>1</CFGlacier>
      <CFSlope>1</CFSlope>
      <FC>474.126651455418</FC>
      <LP>0.51490927666558162</LP>
      <BETA>5.9999853469263877</BETA>
    </VegetationZoneParameters>
  </VegetationZone>
  <SubCatchment>
    <SubCatchmentParameters>
      <KSI>0.001</KSI>
      <KGmin>0.05</KGmin>
      <RangeKG>0.1</RangeKG>
      <AG>0.1</AG>
      <PERC>7.5363747619790953</PERC>
      <Alpha>0</Alpha>
      <UZL>141.33057560254019</UZL>
      <K0>0.16375293629406862</K0>
      <K1>0.055854948531270564</K1>
      <K2>0.092187970416870518</K2>
      <MAXBAS>1.0196969840670707</MAXBAS>
      <Cet>0</Cet>
      <PCALT>10</PCALT>
      <TCALT>0.6</TCALT>
      <Pelev>3022</Pelev>
      <Telev>3058</Telev>
      <PART>0.5</PART>
      <DELAY>1</DELAY>
    </SubCatchmentParameters>
    <SubCatchmentVegetationZone>
      <SubCatchmentVegetationZoneParameters>
        <TT>2.2779882837732544</TT>
        <CFMAX>2.6796011760488696</CFMAX>
        <SP>0</SP>
        <SFCF>0.63946973669808271</SFCF>
        <CFR>0.091732882850992653</CFR>
        <CWH>0.19999619971710089</CWH>
        <CFGlacier>1</CFGlacier>
        <CFSlope>1</CFSlope>
        <FC>474.126651455418</FC>
        <LP>0.51490927666558162</LP>
        <BETA>5.9999853469263877</BETA>
      </SubCatchmentVegetationZoneParameters>
    </SubCatchmentVegetationZone>
  </SubCatchment>
</Catchment>