<?xml version="1.0" encoding="utf-8"?>
<Catchment xmlns:xsi="http://www.w3.org/2001/XMLSchema-instance" xmlns:xsd="http://www.w3.org/2001/XMLSchema">
  <CatchmentParameters>
    <KSI>0.001</KSI>
    <KGmin>0.05</KGmin>
    <RangeKG>0.1</RangeKG>
    <AG>0.1</AG>
    <PERC>0.044336274680972086</PERC>
    <Alpha>0</Alpha>
    <UZL>177.24883523248352</UZL>
    <K0>0.53415406637019913</K0>
    <K1>0.1071494841736048</K1>
    <K2>0.010000010633933618</K2>
    <MAXBAS>1</MAXBAS>
    <Cet>0</Cet>
    <PCALT>10</PCALT>
    <TCALT>0.6</TCALT>
    <Pelev>3022</Pelev>
    <Telev>3058</Telev>
    <PART>0.5</PART>
    <DELAY>1</DELAY>
  </CatchmentParameters>
  <VegetationZone>
    <VegetationZoneParameters>
      <TT>0.602052787028907</TT>
      <CFMAX>1.9189489904373922</CFMAX>
      <SP>0</SP>
      <SFCF>0.76523336323559865</SFCF>
      <CFR>0.099999182926324537</CFR>
      <CWH>0.13147541491434836</CWH>
      <CFGlacier>1</CFGlacier>
      <CFSlope>1</CFSlope>
      <FC>806.57835370380656</FC>
      <LP>0.38301281910648066</LP>
      <BETA>4.7531236106172292</BETA>
    </VegetationZoneParameters>
  </VegetationZone>
  <SubCatchment>
    <SubCatchmentParameters>
      <KSI>0.001</KSI>
      <KGmin>0.05</KGmin>
      <RangeKG>0.1</RangeKG>
      <AG>0.1</AG>
      <PERC>0.044336274680972086</PERC>
      <Alpha>0</Alpha>
      <UZL>177.24883523248352</UZL>
      <K0>0.53415406637019913</K0>
      <K1>0.1071494841736048</K1>
      <K2>0.010000010633933618</K2>
      <MAXBAS>1</MAXBAS>
      <Cet>0</Cet>
      <PCALT>10</PCALT>
      <TCALT>0.6</TCALT>
      <Pelev>3022</Pelev>
      <Telev>3058</Telev>
      <PART>0.5</PART>
      <DELAY>1</DELAY>
    </SubCatchmentParameters>
    <SubCatchmentVegetationZone>
      <SubCatchmentVegetationZoneParameters>
        <TT>0.602052787028907</TT>
        <CFMAX>1.9189489904373922</CFMAX>
        <SP>0</SP>
        <SFCF>0.76523336323559865</SFCF>
        <CFR>0.099999182926324537</CFR>
        <CWH>0.13147541491434836</CWH>
        <CFGlacier>1</CFGlacier>
        <CFSlope>1</CFSlope>
        <FC>806.57835370380656</FC>
        <LP>0.38301281910648066</LP>
        <BETA>4.7531236106172292</BETA>
      </SubCatchmentVegetationZoneParameters>
    </SubCatchmentVegetationZone>
  </SubCatchment>
</Catchment>