<?xml version="1.0" encoding="utf-8"?>
<Catchment xmlns:xsi="http://www.w3.org/2001/XMLSchema-instance" xmlns:xsd="http://www.w3.org/2001/XMLSchema">
  <CatchmentParameters>
    <KSI>0.001</KSI>
    <KGmin>0.05</KGmin>
    <RangeKG>0.1</RangeKG>
    <AG>0.1</AG>
    <PERC>9.999961339389662</PERC>
    <Alpha>0</Alpha>
    <UZL>29.423299719615709</UZL>
    <K0>0.099904412333189585</K0>
    <K1>0.13005432899018202</K1>
    <K2>0.10802240817458889</K2>
    <MAXBAS>1.3350120340755458</MAXBAS>
    <Cet>0</Cet>
    <PCALT>10</PCALT>
    <TCALT>0.6</TCALT>
    <Pelev>3022</Pelev>
    <Telev>3058</Telev>
    <PART>0.5</PART>
    <DELAY>1</DELAY>
  </CatchmentParameters>
  <VegetationZone>
    <VegetationZoneParameters>
      <TT>1.8742794406928631</TT>
      <CFMAX>1.8610154632417417</CFMAX>
      <SP>0</SP>
      <SFCF>0.56961516123834532</SFCF>
      <CFR>0.0759059423469708</CFR>
      <CWH>0.19999647679622107</CWH>
      <CFGlacier>1</CFGlacier>
      <CFSlope>1</CFSlope>
      <FC>440.06167291317638</FC>
      <LP>0.55514739627449816</LP>
      <BETA>5.9999972393177474</BETA>
    </VegetationZoneParameters>
  </VegetationZone>
  <SubCatchment>
    <SubCatchmentParameters>
      <KSI>0.001</KSI>
      <KGmin>0.05</KGmin>
      <RangeKG>0.1</RangeKG>
      <AG>0.1</AG>
      <PERC>9.999961339389662</PERC>
      <Alpha>0</Alpha>
      <UZL>29.423299719615709</UZL>
      <K0>0.099904412333189585</K0>
      <K1>0.13005432899018202</K1>
      <K2>0.10802240817458889</K2>
      <MAXBAS>1.3350120340755458</MAXBAS>
      <Cet>0</Cet>
      <PCALT>10</PCALT>
      <TCALT>0.6</TCALT>
      <Pelev>3022</Pelev>
      <Telev>3058</Telev>
      <PART>0.5</PART>
      <DELAY>1</DELAY>
    </SubCatchmentParameters>
    <SubCatchmentVegetationZone>
      <SubCatchmentVegetationZoneParameters>
        <TT>1.8742794406928631</TT>
        <CFMAX>1.8610154632417417</CFMAX>
        <SP>0</SP>
        <SFCF>0.56961516123834532</SFCF>
        <CFR>0.0759059423469708</CFR>
        <CWH>0.19999647679622107</CWH>
        <CFGlacier>1</CFGlacier>
        <CFSlope>1</CFSlope>
        <FC>440.06167291317638</FC>
        <LP>0.55514739627449816</LP>
        <BETA>5.9999972393177474</BETA>
      </SubCatchmentVegetationZoneParameters>
    </SubCatchmentVegetationZone>
  </SubCatchment>
</Catchment>