<?xml version="1.0" encoding="utf-8"?>
<Catchment xmlns:xsi="http://www.w3.org/2001/XMLSchema-instance" xmlns:xsd="http://www.w3.org/2001/XMLSchema">
  <CatchmentParameters>
    <KSI>0.001</KSI>
    <KGmin>0.05</KGmin>
    <RangeKG>0.1</RangeKG>
    <AG>0.1</AG>
    <PERC>0.055738277945066264</PERC>
    <Alpha>0</Alpha>
    <UZL>117.75818302007885</UZL>
    <K0>0.2641328672039116</K0>
    <K1>0.16374469002933306</K1>
    <K2>0.010000001626176199</K2>
    <MAXBAS>1</MAXBAS>
    <Cet>0</Cet>
    <PCALT>10</PCALT>
    <TCALT>0.6</TCALT>
    <Pelev>3022</Pelev>
    <Telev>3058</Telev>
    <PART>0.5</PART>
    <DELAY>1</DELAY>
  </CatchmentParameters>
  <VegetationZone>
    <VegetationZoneParameters>
      <TT>-0.094682606521527421</TT>
      <CFMAX>1.205917922528446</CFMAX>
      <SP>0</SP>
      <SFCF>0.749299636888343</SFCF>
      <CFR>0.0015528484058081112</CFR>
      <CWH>0.19999978596300885</CWH>
      <CFGlacier>1</CFGlacier>
      <CFSlope>1</CFSlope>
      <FC>760.91365098747713</FC>
      <LP>0.30000480940137858</LP>
      <BETA>5.1386350631590565</BETA>
    </VegetationZoneParameters>
  </VegetationZone>
  <SubCatchment>
    <SubCatchmentParameters>
      <KSI>0.001</KSI>
      <KGmin>0.05</KGmin>
      <RangeKG>0.1</RangeKG>
      <AG>0.1</AG>
      <PERC>0.055738277945066264</PERC>
      <Alpha>0</Alpha>
      <UZL>117.75818302007885</UZL>
      <K0>0.2641328672039116</K0>
      <K1>0.16374469002933306</K1>
      <K2>0.010000001626176199</K2>
      <MAXBAS>1</MAXBAS>
      <Cet>0</Cet>
      <PCALT>10</PCALT>
      <TCALT>0.6</TCALT>
      <Pelev>3022</Pelev>
      <Telev>3058</Telev>
      <PART>0.5</PART>
      <DELAY>1</DELAY>
    </SubCatchmentParameters>
    <SubCatchmentVegetationZone>
      <SubCatchmentVegetationZoneParameters>
        <TT>-0.094682606521527421</TT>
        <CFMAX>1.205917922528446</CFMAX>
        <SP>0</SP>
        <SFCF>0.749299636888343</SFCF>
        <CFR>0.0015528484058081112</CFR>
        <CWH>0.19999978596300885</CWH>
        <CFGlacier>1</CFGlacier>
        <CFSlope>1</CFSlope>
        <FC>760.91365098747713</FC>
        <LP>0.30000480940137858</LP>
        <BETA>5.1386350631590565</BETA>
      </SubCatchmentVegetationZoneParameters>
    </SubCatchmentVegetationZone>
  </SubCatchment>
</Catchment>