<?xml version="1.0" encoding="utf-8"?>
<Catchment xmlns:xsi="http://www.w3.org/2001/XMLSchema-instance" xmlns:xsd="http://www.w3.org/2001/XMLSchema">
  <CatchmentParameters>
    <KSI>0.001</KSI>
    <KGmin>0.05</KGmin>
    <RangeKG>0.1</RangeKG>
    <AG>0.1</AG>
    <PERC>8.0265667327634116</PERC>
    <Alpha>0</Alpha>
    <UZL>95.754233024383083</UZL>
    <K0>0.060915089006806533</K0>
    <K1>0.04215764221611884</K1>
    <K2>0.089746926402123881</K2>
    <MAXBAS>1.3253792204938935</MAXBAS>
    <Cet>0</Cet>
    <PCALT>10</PCALT>
    <TCALT>0.6</TCALT>
    <Pelev>3022</Pelev>
    <Telev>3058</Telev>
    <PART>0.5</PART>
    <DELAY>1</DELAY>
  </CatchmentParameters>
  <VegetationZone>
    <VegetationZoneParameters>
      <TT>2.4239720705094743</TT>
      <CFMAX>2.2938453885742671</CFMAX>
      <SP>0</SP>
      <SFCF>0.5250103623593444</SFCF>
      <CFR>0.099999422956437822</CFR>
      <CWH>0.19999778610601493</CWH>
      <CFGlacier>1</CFGlacier>
      <CFSlope>1</CFSlope>
      <FC>299.67903926981211</FC>
      <LP>0.33966667176627507</LP>
      <BETA>5.9999990299961539</BETA>
    </VegetationZoneParameters>
  </VegetationZone>
  <SubCatchment>
    <SubCatchmentParameters>
      <KSI>0.001</KSI>
      <KGmin>0.05</KGmin>
      <RangeKG>0.1</RangeKG>
      <AG>0.1</AG>
      <PERC>8.0265667327634116</PERC>
      <Alpha>0</Alpha>
      <UZL>95.754233024383083</UZL>
      <K0>0.060915089006806533</K0>
      <K1>0.04215764221611884</K1>
      <K2>0.089746926402123881</K2>
      <MAXBAS>1.3253792204938935</MAXBAS>
      <Cet>0</Cet>
      <PCALT>10</PCALT>
      <TCALT>0.6</TCALT>
      <Pelev>3022</Pelev>
      <Telev>3058</Telev>
      <PART>0.5</PART>
      <DELAY>1</DELAY>
    </SubCatchmentParameters>
    <SubCatchmentVegetationZone>
      <SubCatchmentVegetationZoneParameters>
        <TT>2.4239720705094743</TT>
        <CFMAX>2.2938453885742671</CFMAX>
        <SP>0</SP>
        <SFCF>0.5250103623593444</SFCF>
        <CFR>0.099999422956437822</CFR>
        <CWH>0.19999778610601493</CWH>
        <CFGlacier>1</CFGlacier>
        <CFSlope>1</CFSlope>
        <FC>299.67903926981211</FC>
        <LP>0.33966667176627507</LP>
        <BETA>5.9999990299961539</BETA>
      </SubCatchmentVegetationZoneParameters>
    </SubCatchmentVegetationZone>
  </SubCatchment>
</Catchment>