<?xml version="1.0" encoding="utf-8"?>
<Catchment xmlns:xsi="http://www.w3.org/2001/XMLSchema-instance" xmlns:xsd="http://www.w3.org/2001/XMLSchema">
  <CatchmentParameters>
    <KSI>0.001</KSI>
    <KGmin>0.05</KGmin>
    <RangeKG>0.1</RangeKG>
    <AG>0.1</AG>
    <PERC>9.999935895033067</PERC>
    <Alpha>0</Alpha>
    <UZL>66.949055576106574</UZL>
    <K0>0.13187597009947175</K0>
    <K1>0.17494676845523105</K1>
    <K2>0.10121254387042254</K2>
    <MAXBAS>1.7649351395002719</MAXBAS>
    <Cet>0</Cet>
    <PCALT>10</PCALT>
    <TCALT>0.6</TCALT>
    <Pelev>3022</Pelev>
    <Telev>3058</Telev>
    <PART>0.5</PART>
    <DELAY>1</DELAY>
  </CatchmentParameters>
  <VegetationZone>
    <VegetationZoneParameters>
      <TT>1.7973303075810432</TT>
      <CFMAX>2.3694741683454819</CFMAX>
      <SP>0</SP>
      <SFCF>0.71204630639823152</SFCF>
      <CFR>0.099999873664282021</CFR>
      <CWH>0.19999985852827004</CWH>
      <CFGlacier>1</CFGlacier>
      <CFSlope>1</CFSlope>
      <FC>654.93295330488922</FC>
      <LP>0.47370778273642267</LP>
      <BETA>3.8208823533259353</BETA>
    </VegetationZoneParameters>
  </VegetationZone>
  <SubCatchment>
    <SubCatchmentParameters>
      <KSI>0.001</KSI>
      <KGmin>0.05</KGmin>
      <RangeKG>0.1</RangeKG>
      <AG>0.1</AG>
      <PERC>9.999935895033067</PERC>
      <Alpha>0</Alpha>
      <UZL>66.949055576106574</UZL>
      <K0>0.13187597009947175</K0>
      <K1>0.17494676845523105</K1>
      <K2>0.10121254387042254</K2>
      <MAXBAS>1.7649351395002719</MAXBAS>
      <Cet>0</Cet>
      <PCALT>10</PCALT>
      <TCALT>0.6</TCALT>
      <Pelev>3022</Pelev>
      <Telev>3058</Telev>
      <PART>0.5</PART>
      <DELAY>1</DELAY>
    </SubCatchmentParameters>
    <SubCatchmentVegetationZone>
      <SubCatchmentVegetationZoneParameters>
        <TT>1.7973303075810432</TT>
        <CFMAX>2.3694741683454819</CFMAX>
        <SP>0</SP>
        <SFCF>0.71204630639823152</SFCF>
        <CFR>0.099999873664282021</CFR>
        <CWH>0.19999985852827004</CWH>
        <CFGlacier>1</CFGlacier>
        <CFSlope>1</CFSlope>
        <FC>654.93295330488922</FC>
        <LP>0.47370778273642267</LP>
        <BETA>3.8208823533259353</BETA>
      </SubCatchmentVegetationZoneParameters>
    </SubCatchmentVegetationZone>
  </SubCatchment>
</Catchment>