<?xml version="1.0" encoding="utf-8"?>
<Catchment xmlns:xsi="http://www.w3.org/2001/XMLSchema-instance" xmlns:xsd="http://www.w3.org/2001/XMLSchema">
  <CatchmentParameters>
    <KSI>0.001</KSI>
    <KGmin>0.05</KGmin>
    <RangeKG>0.1</RangeKG>
    <AG>0.1</AG>
    <PERC>6.7766656762534421</PERC>
    <Alpha>0</Alpha>
    <UZL>86.532603275244341</UZL>
    <K0>0.45675291176477451</K0>
    <K1>0.067392077876432255</K1>
    <K2>0.093467616715923463</K2>
    <MAXBAS>1.0150176244117275</MAXBAS>
    <Cet>0</Cet>
    <PCALT>10</PCALT>
    <TCALT>0.6</TCALT>
    <Pelev>3022</Pelev>
    <Telev>3058</Telev>
    <PART>0.5</PART>
    <DELAY>1</DELAY>
  </CatchmentParameters>
  <VegetationZone>
    <VegetationZoneParameters>
      <TT>2.1599849226977086</TT>
      <CFMAX>2.6303314130538871</CFMAX>
      <SP>0</SP>
      <SFCF>0.657765349879741</SFCF>
      <CFR>0.099999642443254447</CFR>
      <CWH>0.19999781400397712</CWH>
      <CFGlacier>1</CFGlacier>
      <CFSlope>1</CFSlope>
      <FC>494.15474752488529</FC>
      <LP>0.49339959258204791</LP>
      <BETA>5.9999275439428912</BETA>
    </VegetationZoneParameters>
  </VegetationZone>
  <SubCatchment>
    <SubCatchmentParameters>
      <KSI>0.001</KSI>
      <KGmin>0.05</KGmin>
      <RangeKG>0.1</RangeKG>
      <AG>0.1</AG>
      <PERC>6.7766656762534421</PERC>
      <Alpha>0</Alpha>
      <UZL>86.532603275244341</UZL>
      <K0>0.45675291176477451</K0>
      <K1>0.067392077876432255</K1>
      <K2>0.093467616715923463</K2>
      <MAXBAS>1.0150176244117275</MAXBAS>
      <Cet>0</Cet>
      <PCALT>10</PCALT>
      <TCALT>0.6</TCALT>
      <Pelev>3022</Pelev>
      <Telev>3058</Telev>
      <PART>0.5</PART>
      <DELAY>1</DELAY>
    </SubCatchmentParameters>
    <SubCatchmentVegetationZone>
      <SubCatchmentVegetationZoneParameters>
        <TT>2.1599849226977086</TT>
        <CFMAX>2.6303314130538871</CFMAX>
        <SP>0</SP>
        <SFCF>0.657765349879741</SFCF>
        <CFR>0.099999642443254447</CFR>
        <CWH>0.19999781400397712</CWH>
        <CFGlacier>1</CFGlacier>
        <CFSlope>1</CFSlope>
        <FC>494.15474752488529</FC>
        <LP>0.49339959258204791</LP>
        <BETA>5.9999275439428912</BETA>
      </SubCatchmentVegetationZoneParameters>
    </SubCatchmentVegetationZone>
  </SubCatchment>
</Catchment>