<?xml version="1.0" encoding="utf-8"?>
<Catchment xmlns:xsi="http://www.w3.org/2001/XMLSchema-instance" xmlns:xsd="http://www.w3.org/2001/XMLSchema">
  <CatchmentParameters>
    <KSI>0.001</KSI>
    <KGmin>0.05</KGmin>
    <RangeKG>0.1</RangeKG>
    <AG>0.1</AG>
    <PERC>9.9999409467169666</PERC>
    <Alpha>0</Alpha>
    <UZL>99.067500952214132</UZL>
    <K0>0.53727495509906475</K0>
    <K1>0.14816859816110611</K1>
    <K2>0.10846851681650581</K2>
    <MAXBAS>1.304957984804423</MAXBAS>
    <Cet>0</Cet>
    <PCALT>10</PCALT>
    <TCALT>0.6</TCALT>
    <Pelev>3022</Pelev>
    <Telev>3058</Telev>
    <PART>0.5</PART>
    <DELAY>1</DELAY>
  </CatchmentParameters>
  <VegetationZone>
    <VegetationZoneParameters>
      <TT>2.418572204968914</TT>
      <CFMAX>2.6550506181933704</CFMAX>
      <SP>0</SP>
      <SFCF>0.64748016717669377</SFCF>
      <CFR>0.092743070013310433</CFR>
      <CWH>0.19999869619237221</CWH>
      <CFGlacier>1</CFGlacier>
      <CFSlope>1</CFSlope>
      <FC>648.51729710934285</FC>
      <LP>0.65443402682453389</LP>
      <BETA>5.9991723081738773</BETA>
    </VegetationZoneParameters>
  </VegetationZone>
  <SubCatchment>
    <SubCatchmentParameters>
      <KSI>0.001</KSI>
      <KGmin>0.05</KGmin>
      <RangeKG>0.1</RangeKG>
      <AG>0.1</AG>
      <PERC>9.9999409467169666</PERC>
      <Alpha>0</Alpha>
      <UZL>99.067500952214132</UZL>
      <K0>0.53727495509906475</K0>
      <K1>0.14816859816110611</K1>
      <K2>0.10846851681650581</K2>
      <MAXBAS>1.304957984804423</MAXBAS>
      <Cet>0</Cet>
      <PCALT>10</PCALT>
      <TCALT>0.6</TCALT>
      <Pelev>3022</Pelev>
      <Telev>3058</Telev>
      <PART>0.5</PART>
      <DELAY>1</DELAY>
    </SubCatchmentParameters>
    <SubCatchmentVegetationZone>
      <SubCatchmentVegetationZoneParameters>
        <TT>2.418572204968914</TT>
        <CFMAX>2.6550506181933704</CFMAX>
        <SP>0</SP>
        <SFCF>0.64748016717669377</SFCF>
        <CFR>0.092743070013310433</CFR>
        <CWH>0.19999869619237221</CWH>
        <CFGlacier>1</CFGlacier>
        <CFSlope>1</CFSlope>
        <FC>648.51729710934285</FC>
        <LP>0.65443402682453389</LP>
        <BETA>5.9991723081738773</BETA>
      </SubCatchmentVegetationZoneParameters>
    </SubCatchmentVegetationZone>
  </SubCatchment>
</Catchment>