<?xml version="1.0" encoding="utf-8"?>
<Catchment xmlns:xsi="http://www.w3.org/2001/XMLSchema-instance" xmlns:xsd="http://www.w3.org/2001/XMLSchema">
  <CatchmentParameters>
    <KSI>0.001</KSI>
    <KGmin>0.05</KGmin>
    <RangeKG>0.1</RangeKG>
    <AG>0.1</AG>
    <PERC>0.0409533502023485</PERC>
    <Alpha>0</Alpha>
    <UZL>101.26817245714325</UZL>
    <K0>0.4343022717348255</K0>
    <K1>0.14898336199645751</K1>
    <K2>0.010005186533098143</K2>
    <MAXBAS>1</MAXBAS>
    <Cet>0</Cet>
    <PCALT>10</PCALT>
    <TCALT>0.6</TCALT>
    <Pelev>3022</Pelev>
    <Telev>3058</Telev>
    <PART>0.5</PART>
    <DELAY>1</DELAY>
  </CatchmentParameters>
  <VegetationZone>
    <VegetationZoneParameters>
      <TT>0.36842350259953166</TT>
      <CFMAX>1.4531540727692491</CFMAX>
      <SP>0</SP>
      <SFCF>0.76478408933078024</SFCF>
      <CFR>0.0520456199728771</CFR>
      <CWH>0.19999926774297908</CWH>
      <CFGlacier>1</CFGlacier>
      <CFSlope>1</CFSlope>
      <FC>1132.5927733476967</FC>
      <LP>0.37414465651630635</LP>
      <BETA>2.9191796027442294</BETA>
    </VegetationZoneParameters>
  </VegetationZone>
  <SubCatchment>
    <SubCatchmentParameters>
      <KSI>0.001</KSI>
      <KGmin>0.05</KGmin>
      <RangeKG>0.1</RangeKG>
      <AG>0.1</AG>
      <PERC>0.0409533502023485</PERC>
      <Alpha>0</Alpha>
      <UZL>101.26817245714325</UZL>
      <K0>0.4343022717348255</K0>
      <K1>0.14898336199645751</K1>
      <K2>0.010005186533098143</K2>
      <MAXBAS>1</MAXBAS>
      <Cet>0</Cet>
      <PCALT>10</PCALT>
      <TCALT>0.6</TCALT>
      <Pelev>3022</Pelev>
      <Telev>3058</Telev>
      <PART>0.5</PART>
      <DELAY>1</DELAY>
    </SubCatchmentParameters>
    <SubCatchmentVegetationZone>
      <SubCatchmentVegetationZoneParameters>
        <TT>0.36842350259953166</TT>
        <CFMAX>1.4531540727692491</CFMAX>
        <SP>0</SP>
        <SFCF>0.76478408933078024</SFCF>
        <CFR>0.0520456199728771</CFR>
        <CWH>0.19999926774297908</CWH>
        <CFGlacier>1</CFGlacier>
        <CFSlope>1</CFSlope>
        <FC>1132.5927733476967</FC>
        <LP>0.37414465651630635</LP>
        <BETA>2.9191796027442294</BETA>
      </SubCatchmentVegetationZoneParameters>
    </SubCatchmentVegetationZone>
  </SubCatchment>
</Catchment>