<?xml version="1.0" encoding="utf-8"?>
<Catchment xmlns:xsi="http://www.w3.org/2001/XMLSchema-instance" xmlns:xsd="http://www.w3.org/2001/XMLSchema">
  <CatchmentParameters>
    <KSI>0.001</KSI>
    <KGmin>0.05</KGmin>
    <RangeKG>0.1</RangeKG>
    <AG>0.1</AG>
    <PERC>0.26333553619451333</PERC>
    <Alpha>0</Alpha>
    <UZL>131.90934596631621</UZL>
    <K0>0.10376123515785482</K0>
    <K1>0.12944438216047191</K1>
    <K2>0.020000029371147008</K2>
    <MAXBAS>1.0326038719527948</MAXBAS>
    <Cet>0</Cet>
    <PCALT>10</PCALT>
    <TCALT>0.6</TCALT>
    <Pelev>3022</Pelev>
    <Telev>3058</Telev>
    <PART>0.5</PART>
    <DELAY>1</DELAY>
  </CatchmentParameters>
  <VegetationZone>
    <VegetationZoneParameters>
      <TT>2.4599996111354674</TT>
      <CFMAX>1.9963252808238838</CFMAX>
      <SP>0</SP>
      <SFCF>0.54394833913473872</SFCF>
      <CFR>0.099986376524303547</CFR>
      <CWH>0.19999941627242926</CWH>
      <CFGlacier>1</CFGlacier>
      <CFSlope>1</CFSlope>
      <FC>358.2923545608225</FC>
      <LP>0.31431241689896322</LP>
      <BETA>3.3598228912258596</BETA>
    </VegetationZoneParameters>
  </VegetationZone>
  <SubCatchment>
    <SubCatchmentParameters>
      <KSI>0.001</KSI>
      <KGmin>0.05</KGmin>
      <RangeKG>0.1</RangeKG>
      <AG>0.1</AG>
      <PERC>0.26333553619451333</PERC>
      <Alpha>0</Alpha>
      <UZL>131.90934596631621</UZL>
      <K0>0.10376123515785482</K0>
      <K1>0.12944438216047191</K1>
      <K2>0.020000029371147008</K2>
      <MAXBAS>1.0326038719527948</MAXBAS>
      <Cet>0</Cet>
      <PCALT>10</PCALT>
      <TCALT>0.6</TCALT>
      <Pelev>3022</Pelev>
      <Telev>3058</Telev>
      <PART>0.5</PART>
      <DELAY>1</DELAY>
    </SubCatchmentParameters>
    <SubCatchmentVegetationZone>
      <SubCatchmentVegetationZoneParameters>
        <TT>2.4599996111354674</TT>
        <CFMAX>1.9963252808238838</CFMAX>
        <SP>0</SP>
        <SFCF>0.54394833913473872</SFCF>
        <CFR>0.099986376524303547</CFR>
        <CWH>0.19999941627242926</CWH>
        <CFGlacier>1</CFGlacier>
        <CFSlope>1</CFSlope>
        <FC>358.2923545608225</FC>
        <LP>0.31431241689896322</LP>
        <BETA>3.3598228912258596</BETA>
      </SubCatchmentVegetationZoneParameters>
    </SubCatchmentVegetationZone>
  </SubCatchment>
</Catchment>