<?xml version="1.0" encoding="utf-8"?>
<Catchment xmlns:xsi="http://www.w3.org/2001/XMLSchema-instance" xmlns:xsd="http://www.w3.org/2001/XMLSchema">
  <CatchmentParameters>
    <KSI>0.001</KSI>
    <KGmin>0.05</KGmin>
    <RangeKG>0.1</RangeKG>
    <AG>0.1</AG>
    <PERC>9.49387392799324</PERC>
    <Alpha>0</Alpha>
    <UZL>15.986885481109407</UZL>
    <K0>0.58101192791886824</K0>
    <K1>0.023625234909780246</K1>
    <K2>0.083089140946759579</K2>
    <MAXBAS>1.7452315942911336</MAXBAS>
    <Cet>0</Cet>
    <PCALT>10</PCALT>
    <TCALT>0.6</TCALT>
    <Pelev>3022</Pelev>
    <Telev>3058</Telev>
    <PART>0.5</PART>
    <DELAY>1</DELAY>
  </CatchmentParameters>
  <VegetationZone>
    <VegetationZoneParameters>
      <TT>1.6598732192890988</TT>
      <CFMAX>1.9479213256326144</CFMAX>
      <SP>0</SP>
      <SFCF>0.60534886321529024</SFCF>
      <CFR>0.025533278101784337</CFR>
      <CWH>0.19999837423903505</CWH>
      <CFGlacier>1</CFGlacier>
      <CFSlope>1</CFSlope>
      <FC>400.75900503137257</FC>
      <LP>0.42749771844694834</LP>
      <BETA>5.9999882044694868</BETA>
    </VegetationZoneParameters>
  </VegetationZone>
  <SubCatchment>
    <SubCatchmentParameters>
      <KSI>0.001</KSI>
      <KGmin>0.05</KGmin>
      <RangeKG>0.1</RangeKG>
      <AG>0.1</AG>
      <PERC>9.49387392799324</PERC>
      <Alpha>0</Alpha>
      <UZL>15.986885481109407</UZL>
      <K0>0.58101192791886824</K0>
      <K1>0.023625234909780246</K1>
      <K2>0.083089140946759579</K2>
      <MAXBAS>1.7452315942911336</MAXBAS>
      <Cet>0</Cet>
      <PCALT>10</PCALT>
      <TCALT>0.6</TCALT>
      <Pelev>3022</Pelev>
      <Telev>3058</Telev>
      <PART>0.5</PART>
      <DELAY>1</DELAY>
    </SubCatchmentParameters>
    <SubCatchmentVegetationZone>
      <SubCatchmentVegetationZoneParameters>
        <TT>1.6598732192890988</TT>
        <CFMAX>1.9479213256326144</CFMAX>
        <SP>0</SP>
        <SFCF>0.60534886321529024</SFCF>
        <CFR>0.025533278101784337</CFR>
        <CWH>0.19999837423903505</CWH>
        <CFGlacier>1</CFGlacier>
        <CFSlope>1</CFSlope>
        <FC>400.75900503137257</FC>
        <LP>0.42749771844694834</LP>
        <BETA>5.9999882044694868</BETA>
      </SubCatchmentVegetationZoneParameters>
    </SubCatchmentVegetationZone>
  </SubCatchment>
</Catchment>