<?xml version="1.0" encoding="utf-8"?>
<Catchment xmlns:xsi="http://www.w3.org/2001/XMLSchema-instance" xmlns:xsd="http://www.w3.org/2001/XMLSchema">
  <CatchmentParameters>
    <KSI>0.001</KSI>
    <KGmin>0.05</KGmin>
    <RangeKG>0.1</RangeKG>
    <AG>0.1</AG>
    <PERC>9.99980976064733</PERC>
    <Alpha>0</Alpha>
    <UZL>62.948622856386081</UZL>
    <K0>0.12038651273991274</K0>
    <K1>0.10586378517458242</K1>
    <K2>0.099582291716268645</K2>
    <MAXBAS>1.0670408080793057</MAXBAS>
    <Cet>0</Cet>
    <PCALT>10</PCALT>
    <TCALT>0.6</TCALT>
    <Pelev>3022</Pelev>
    <Telev>3058</Telev>
    <PART>0.5</PART>
    <DELAY>1</DELAY>
  </CatchmentParameters>
  <VegetationZone>
    <VegetationZoneParameters>
      <TT>1.9391163833219103</TT>
      <CFMAX>1.9777996457119291</CFMAX>
      <SP>0</SP>
      <SFCF>0.57603871466625411</SFCF>
      <CFR>0.0933927521942213</CFR>
      <CWH>0.19999998472784547</CWH>
      <CFGlacier>1</CFGlacier>
      <CFSlope>1</CFSlope>
      <FC>381.46193155084012</FC>
      <LP>0.40303379115792604</LP>
      <BETA>5.6359265306428163</BETA>
    </VegetationZoneParameters>
  </VegetationZone>
  <SubCatchment>
    <SubCatchmentParameters>
      <KSI>0.001</KSI>
      <KGmin>0.05</KGmin>
      <RangeKG>0.1</RangeKG>
      <AG>0.1</AG>
      <PERC>9.99980976064733</PERC>
      <Alpha>0</Alpha>
      <UZL>62.948622856386081</UZL>
      <K0>0.12038651273991274</K0>
      <K1>0.10586378517458242</K1>
      <K2>0.099582291716268645</K2>
      <MAXBAS>1.0670408080793057</MAXBAS>
      <Cet>0</Cet>
      <PCALT>10</PCALT>
      <TCALT>0.6</TCALT>
      <Pelev>3022</Pelev>
      <Telev>3058</Telev>
      <PART>0.5</PART>
      <DELAY>1</DELAY>
    </SubCatchmentParameters>
    <SubCatchmentVegetationZone>
      <SubCatchmentVegetationZoneParameters>
        <TT>1.9391163833219103</TT>
        <CFMAX>1.9777996457119291</CFMAX>
        <SP>0</SP>
        <SFCF>0.57603871466625411</SFCF>
        <CFR>0.0933927521942213</CFR>
        <CWH>0.19999998472784547</CWH>
        <CFGlacier>1</CFGlacier>
        <CFSlope>1</CFSlope>
        <FC>381.46193155084012</FC>
        <LP>0.40303379115792604</LP>
        <BETA>5.6359265306428163</BETA>
      </SubCatchmentVegetationZoneParameters>
    </SubCatchmentVegetationZone>
  </SubCatchment>
</Catchment>