<?xml version="1.0" encoding="utf-8"?>
<Catchment xmlns:xsi="http://www.w3.org/2001/XMLSchema-instance" xmlns:xsd="http://www.w3.org/2001/XMLSchema">
  <CatchmentParameters>
    <KSI>0.001</KSI>
    <KGmin>0.05</KGmin>
    <RangeKG>0.1</RangeKG>
    <AG>0.1</AG>
    <PERC>9.999409638872292</PERC>
    <Alpha>0</Alpha>
    <UZL>73.330833205753422</UZL>
    <K0>0.33403819643819693</K0>
    <K1>0.17537996375326653</K1>
    <K2>0.11138352466528634</K2>
    <MAXBAS>1.3450728227680775</MAXBAS>
    <Cet>0</Cet>
    <PCALT>10</PCALT>
    <TCALT>0.6</TCALT>
    <Pelev>3022</Pelev>
    <Telev>3058</Telev>
    <PART>0.5</PART>
    <DELAY>1</DELAY>
  </CatchmentParameters>
  <VegetationZone>
    <VegetationZoneParameters>
      <TT>1.8868503299850905</TT>
      <CFMAX>1.8280492691601185</CFMAX>
      <SP>0</SP>
      <SFCF>0.58152583993661944</SFCF>
      <CFR>0.076230816238491247</CFR>
      <CWH>0.160302433540461</CWH>
      <CFGlacier>1</CFGlacier>
      <CFSlope>1</CFSlope>
      <FC>502.65395149115852</FC>
      <LP>0.61445323503799754</LP>
      <BETA>5.9999517682026235</BETA>
    </VegetationZoneParameters>
  </VegetationZone>
  <SubCatchment>
    <SubCatchmentParameters>
      <KSI>0.001</KSI>
      <KGmin>0.05</KGmin>
      <RangeKG>0.1</RangeKG>
      <AG>0.1</AG>
      <PERC>9.999409638872292</PERC>
      <Alpha>0</Alpha>
      <UZL>73.330833205753422</UZL>
      <K0>0.33403819643819693</K0>
      <K1>0.17537996375326653</K1>
      <K2>0.11138352466528634</K2>
      <MAXBAS>1.3450728227680775</MAXBAS>
      <Cet>0</Cet>
      <PCALT>10</PCALT>
      <TCALT>0.6</TCALT>
      <Pelev>3022</Pelev>
      <Telev>3058</Telev>
      <PART>0.5</PART>
      <DELAY>1</DELAY>
    </SubCatchmentParameters>
    <SubCatchmentVegetationZone>
      <SubCatchmentVegetationZoneParameters>
        <TT>1.8868503299850905</TT>
        <CFMAX>1.8280492691601185</CFMAX>
        <SP>0</SP>
        <SFCF>0.58152583993661944</SFCF>
        <CFR>0.076230816238491247</CFR>
        <CWH>0.160302433540461</CWH>
        <CFGlacier>1</CFGlacier>
        <CFSlope>1</CFSlope>
        <FC>502.65395149115852</FC>
        <LP>0.61445323503799754</LP>
        <BETA>5.9999517682026235</BETA>
      </SubCatchmentVegetationZoneParameters>
    </SubCatchmentVegetationZone>
  </SubCatchment>
</Catchment>