<?xml version="1.0" encoding="utf-8"?>
<Catchment xmlns:xsi="http://www.w3.org/2001/XMLSchema-instance" xmlns:xsd="http://www.w3.org/2001/XMLSchema">
  <CatchmentParameters>
    <KSI>0.001</KSI>
    <KGmin>0.05</KGmin>
    <RangeKG>0.1</RangeKG>
    <AG>0.1</AG>
    <PERC>9.9999897246967766</PERC>
    <Alpha>0</Alpha>
    <UZL>157.55550578127594</UZL>
    <K0>0.56124812587202222</K0>
    <K1>0.18191316279398462</K1>
    <K2>0.1051661060477473</K2>
    <MAXBAS>1.5149543487677675</MAXBAS>
    <Cet>0</Cet>
    <PCALT>10</PCALT>
    <TCALT>0.6</TCALT>
    <Pelev>3022</Pelev>
    <Telev>3058</Telev>
    <PART>0.5</PART>
    <DELAY>1</DELAY>
  </CatchmentParameters>
  <VegetationZone>
    <VegetationZoneParameters>
      <TT>2.2258228056615033</TT>
      <CFMAX>2.4426386610500095</CFMAX>
      <SP>0</SP>
      <SFCF>0.66761504376714054</SFCF>
      <CFR>0.0999997789084044</CFR>
      <CWH>0.19998701955064493</CWH>
      <CFGlacier>1</CFGlacier>
      <CFSlope>1</CFSlope>
      <FC>594.019316812459</FC>
      <LP>0.5454875451004032</LP>
      <BETA>4.5725283809829023</BETA>
    </VegetationZoneParameters>
  </VegetationZone>
  <SubCatchment>
    <SubCatchmentParameters>
      <KSI>0.001</KSI>
      <KGmin>0.05</KGmin>
      <RangeKG>0.1</RangeKG>
      <AG>0.1</AG>
      <PERC>9.9999897246967766</PERC>
      <Alpha>0</Alpha>
      <UZL>157.55550578127594</UZL>
      <K0>0.56124812587202222</K0>
      <K1>0.18191316279398462</K1>
      <K2>0.1051661060477473</K2>
      <MAXBAS>1.5149543487677675</MAXBAS>
      <Cet>0</Cet>
      <PCALT>10</PCALT>
      <TCALT>0.6</TCALT>
      <Pelev>3022</Pelev>
      <Telev>3058</Telev>
      <PART>0.5</PART>
      <DELAY>1</DELAY>
    </SubCatchmentParameters>
    <SubCatchmentVegetationZone>
      <SubCatchmentVegetationZoneParameters>
        <TT>2.2258228056615033</TT>
        <CFMAX>2.4426386610500095</CFMAX>
        <SP>0</SP>
        <SFCF>0.66761504376714054</SFCF>
        <CFR>0.0999997789084044</CFR>
        <CWH>0.19998701955064493</CWH>
        <CFGlacier>1</CFGlacier>
        <CFSlope>1</CFSlope>
        <FC>594.019316812459</FC>
        <LP>0.5454875451004032</LP>
        <BETA>4.5725283809829023</BETA>
      </SubCatchmentVegetationZoneParameters>
    </SubCatchmentVegetationZone>
  </SubCatchment>
</Catchment>