<?xml version="1.0" encoding="utf-8"?>
<Catchment xmlns:xsi="http://www.w3.org/2001/XMLSchema-instance" xmlns:xsd="http://www.w3.org/2001/XMLSchema">
  <CatchmentParameters>
    <KSI>0.001</KSI>
    <KGmin>0.05</KGmin>
    <RangeKG>0.1</RangeKG>
    <AG>0.1</AG>
    <PERC>9.1608402844681631</PERC>
    <Alpha>0</Alpha>
    <UZL>88.676266599713912</UZL>
    <K0>0.47715533182209957</K0>
    <K1>0.18896556225588079</K1>
    <K2>0.12158359972523383</K2>
    <MAXBAS>1.4352327515506778</MAXBAS>
    <Cet>0</Cet>
    <PCALT>10</PCALT>
    <TCALT>0.6</TCALT>
    <Pelev>3022</Pelev>
    <Telev>3058</Telev>
    <PART>0.5</PART>
    <DELAY>1</DELAY>
  </CatchmentParameters>
  <VegetationZone>
    <VegetationZoneParameters>
      <TT>2.3691685032451657</TT>
      <CFMAX>1.8377099008674944</CFMAX>
      <SP>0</SP>
      <SFCF>0.52661456050333977</SFCF>
      <CFR>0.090168191309981244</CFR>
      <CWH>0.14713021884781619</CWH>
      <CFGlacier>1</CFGlacier>
      <CFSlope>1</CFSlope>
      <FC>500.41367184654092</FC>
      <LP>0.75529441213728044</LP>
      <BETA>5.9999880752417152</BETA>
    </VegetationZoneParameters>
  </VegetationZone>
  <SubCatchment>
    <SubCatchmentParameters>
      <KSI>0.001</KSI>
      <KGmin>0.05</KGmin>
      <RangeKG>0.1</RangeKG>
      <AG>0.1</AG>
      <PERC>9.1608402844681631</PERC>
      <Alpha>0</Alpha>
      <UZL>88.676266599713912</UZL>
      <K0>0.47715533182209957</K0>
      <K1>0.18896556225588079</K1>
      <K2>0.12158359972523383</K2>
      <MAXBAS>1.4352327515506778</MAXBAS>
      <Cet>0</Cet>
      <PCALT>10</PCALT>
      <TCALT>0.6</TCALT>
      <Pelev>3022</Pelev>
      <Telev>3058</Telev>
      <PART>0.5</PART>
      <DELAY>1</DELAY>
    </SubCatchmentParameters>
    <SubCatchmentVegetationZone>
      <SubCatchmentVegetationZoneParameters>
        <TT>2.3691685032451657</TT>
        <CFMAX>1.8377099008674944</CFMAX>
        <SP>0</SP>
        <SFCF>0.52661456050333977</SFCF>
        <CFR>0.090168191309981244</CFR>
        <CWH>0.14713021884781619</CWH>
        <CFGlacier>1</CFGlacier>
        <CFSlope>1</CFSlope>
        <FC>500.41367184654092</FC>
        <LP>0.75529441213728044</LP>
        <BETA>5.9999880752417152</BETA>
      </SubCatchmentVegetationZoneParameters>
    </SubCatchmentVegetationZone>
  </SubCatchment>
</Catchment>