<?xml version="1.0" encoding="utf-8"?>
<Catchment xmlns:xsi="http://www.w3.org/2001/XMLSchema-instance" xmlns:xsd="http://www.w3.org/2001/XMLSchema">
  <CatchmentParameters>
    <KSI>0.001</KSI>
    <KGmin>0.05</KGmin>
    <RangeKG>0.1</RangeKG>
    <AG>0.1</AG>
    <PERC>0.045745562358706436</PERC>
    <Alpha>0</Alpha>
    <UZL>131.63363384658933</UZL>
    <K0>0.54610460477453182</K0>
    <K1>0.14976566059375188</K1>
    <K2>0.010000000894961683</K2>
    <MAXBAS>1</MAXBAS>
    <Cet>0</Cet>
    <PCALT>10</PCALT>
    <TCALT>0.6</TCALT>
    <Pelev>3022</Pelev>
    <Telev>3058</Telev>
    <PART>0.5</PART>
    <DELAY>1</DELAY>
  </CatchmentParameters>
  <VegetationZone>
    <VegetationZoneParameters>
      <TT>0.55912971004897416</TT>
      <CFMAX>1.2316760333046875</CFMAX>
      <SP>0</SP>
      <SFCF>0.6289440501345136</SFCF>
      <CFR>0.01880963469393401</CFR>
      <CWH>0.10081677861156699</CWH>
      <CFGlacier>1</CFGlacier>
      <CFSlope>1</CFSlope>
      <FC>682.17130848676527</FC>
      <LP>0.5536023557106996</LP>
      <BETA>5.3274096190813021</BETA>
    </VegetationZoneParameters>
  </VegetationZone>
  <SubCatchment>
    <SubCatchmentParameters>
      <KSI>0.001</KSI>
      <KGmin>0.05</KGmin>
      <RangeKG>0.1</RangeKG>
      <AG>0.1</AG>
      <PERC>0.045745562358706436</PERC>
      <Alpha>0</Alpha>
      <UZL>131.63363384658933</UZL>
      <K0>0.54610460477453182</K0>
      <K1>0.14976566059375188</K1>
      <K2>0.010000000894961683</K2>
      <MAXBAS>1</MAXBAS>
      <Cet>0</Cet>
      <PCALT>10</PCALT>
      <TCALT>0.6</TCALT>
      <Pelev>3022</Pelev>
      <Telev>3058</Telev>
      <PART>0.5</PART>
      <DELAY>1</DELAY>
    </SubCatchmentParameters>
    <SubCatchmentVegetationZone>
      <SubCatchmentVegetationZoneParameters>
        <TT>0.55912971004897416</TT>
        <CFMAX>1.2316760333046875</CFMAX>
        <SP>0</SP>
        <SFCF>0.6289440501345136</SFCF>
        <CFR>0.01880963469393401</CFR>
        <CWH>0.10081677861156699</CWH>
        <CFGlacier>1</CFGlacier>
        <CFSlope>1</CFSlope>
        <FC>682.17130848676527</FC>
        <LP>0.5536023557106996</LP>
        <BETA>5.3274096190813021</BETA>
      </SubCatchmentVegetationZoneParameters>
    </SubCatchmentVegetationZone>
  </SubCatchment>
</Catchment>