<?xml version="1.0" encoding="utf-8"?>
<Catchment xmlns:xsi="http://www.w3.org/2001/XMLSchema-instance" xmlns:xsd="http://www.w3.org/2001/XMLSchema">
  <CatchmentParameters>
    <KSI>0.001</KSI>
    <KGmin>0.05</KGmin>
    <RangeKG>0.1</RangeKG>
    <AG>0.1</AG>
    <PERC>0.051528339088123092</PERC>
    <Alpha>0</Alpha>
    <UZL>112.40197576353529</UZL>
    <K0>0.10132370723153572</K0>
    <K1>0.13045392638513897</K1>
    <K2>0.0100000158109671</K2>
    <MAXBAS>1</MAXBAS>
    <Cet>0</Cet>
    <PCALT>10</PCALT>
    <TCALT>0.6</TCALT>
    <Pelev>3022</Pelev>
    <Telev>3058</Telev>
    <PART>0.5</PART>
    <DELAY>1</DELAY>
  </CatchmentParameters>
  <VegetationZone>
    <VegetationZoneParameters>
      <TT>1.4301528729827655</TT>
      <CFMAX>2.0202832889707523</CFMAX>
      <SP>0</SP>
      <SFCF>0.72400917455002833</SFCF>
      <CFR>0.099999775392627721</CFR>
      <CWH>0.10000697008769338</CWH>
      <CFGlacier>1</CFGlacier>
      <CFSlope>1</CFSlope>
      <FC>717.77208474804547</FC>
      <LP>0.33253353577369549</LP>
      <BETA>3.8449031052306775</BETA>
    </VegetationZoneParameters>
  </VegetationZone>
  <SubCatchment>
    <SubCatchmentParameters>
      <KSI>0.001</KSI>
      <KGmin>0.05</KGmin>
      <RangeKG>0.1</RangeKG>
      <AG>0.1</AG>
      <PERC>0.051528339088123092</PERC>
      <Alpha>0</Alpha>
      <UZL>112.40197576353529</UZL>
      <K0>0.10132370723153572</K0>
      <K1>0.13045392638513897</K1>
      <K2>0.0100000158109671</K2>
      <MAXBAS>1</MAXBAS>
      <Cet>0</Cet>
      <PCALT>10</PCALT>
      <TCALT>0.6</TCALT>
      <Pelev>3022</Pelev>
      <Telev>3058</Telev>
      <PART>0.5</PART>
      <DELAY>1</DELAY>
    </SubCatchmentParameters>
    <SubCatchmentVegetationZone>
      <SubCatchmentVegetationZoneParameters>
        <TT>1.4301528729827655</TT>
        <CFMAX>2.0202832889707523</CFMAX>
        <SP>0</SP>
        <SFCF>0.72400917455002833</SFCF>
        <CFR>0.099999775392627721</CFR>
        <CWH>0.10000697008769338</CWH>
        <CFGlacier>1</CFGlacier>
        <CFSlope>1</CFSlope>
        <FC>717.77208474804547</FC>
        <LP>0.33253353577369549</LP>
        <BETA>3.8449031052306775</BETA>
      </SubCatchmentVegetationZoneParameters>
    </SubCatchmentVegetationZone>
  </SubCatchment>
</Catchment>