<?xml version="1.0" encoding="utf-8"?>
<Catchment xmlns:xsi="http://www.w3.org/2001/XMLSchema-instance" xmlns:xsd="http://www.w3.org/2001/XMLSchema">
  <CatchmentParameters>
    <KSI>0.001</KSI>
    <KGmin>0.05</KGmin>
    <RangeKG>0.1</RangeKG>
    <AG>0.1</AG>
    <PERC>0.04487231513743304</PERC>
    <Alpha>0</Alpha>
    <UZL>95.56334071016191</UZL>
    <K0>0.0500348141973699</K0>
    <K1>0.13910763018578864</K1>
    <K2>0.010417442879498778</K2>
    <MAXBAS>1</MAXBAS>
    <Cet>0</Cet>
    <PCALT>10</PCALT>
    <TCALT>0.6</TCALT>
    <Pelev>3022</Pelev>
    <Telev>3058</Telev>
    <PART>0.5</PART>
    <DELAY>1</DELAY>
  </CatchmentParameters>
  <VegetationZone>
    <VegetationZoneParameters>
      <TT>0.15999855530714444</TT>
      <CFMAX>1.1896047896458204</CFMAX>
      <SP>0</SP>
      <SFCF>0.64510532395689624</SFCF>
      <CFR>0.071617637495043684</CFR>
      <CWH>0.14740411694293557</CWH>
      <CFGlacier>1</CFGlacier>
      <CFSlope>1</CFSlope>
      <FC>700.60400354306478</FC>
      <LP>0.51044434341792333</LP>
      <BETA>4.8445578340837505</BETA>
    </VegetationZoneParameters>
  </VegetationZone>
  <SubCatchment>
    <SubCatchmentParameters>
      <KSI>0.001</KSI>
      <KGmin>0.05</KGmin>
      <RangeKG>0.1</RangeKG>
      <AG>0.1</AG>
      <PERC>0.04487231513743304</PERC>
      <Alpha>0</Alpha>
      <UZL>95.56334071016191</UZL>
      <K0>0.0500348141973699</K0>
      <K1>0.13910763018578864</K1>
      <K2>0.010417442879498778</K2>
      <MAXBAS>1</MAXBAS>
      <Cet>0</Cet>
      <PCALT>10</PCALT>
      <TCALT>0.6</TCALT>
      <Pelev>3022</Pelev>
      <Telev>3058</Telev>
      <PART>0.5</PART>
      <DELAY>1</DELAY>
    </SubCatchmentParameters>
    <SubCatchmentVegetationZone>
      <SubCatchmentVegetationZoneParameters>
        <TT>0.15999855530714444</TT>
        <CFMAX>1.1896047896458204</CFMAX>
        <SP>0</SP>
        <SFCF>0.64510532395689624</SFCF>
        <CFR>0.071617637495043684</CFR>
        <CWH>0.14740411694293557</CWH>
        <CFGlacier>1</CFGlacier>
        <CFSlope>1</CFSlope>
        <FC>700.60400354306478</FC>
        <LP>0.51044434341792333</LP>
        <BETA>4.8445578340837505</BETA>
      </SubCatchmentVegetationZoneParameters>
    </SubCatchmentVegetationZone>
  </SubCatchment>
</Catchment>