<?xml version="1.0" encoding="utf-8"?>
<Catchment xmlns:xsi="http://www.w3.org/2001/XMLSchema-instance" xmlns:xsd="http://www.w3.org/2001/XMLSchema">
  <CatchmentParameters>
    <KSI>0.001</KSI>
    <KGmin>0.05</KGmin>
    <RangeKG>0.1</RangeKG>
    <AG>0.1</AG>
    <PERC>0.05786044236806219</PERC>
    <Alpha>0</Alpha>
    <UZL>93.325616441426845</UZL>
    <K0>0.36566557211146594</K0>
    <K1>0.13602043186928306</K1>
    <K2>0.010000465774225739</K2>
    <MAXBAS>1</MAXBAS>
    <Cet>0</Cet>
    <PCALT>10</PCALT>
    <TCALT>0.6</TCALT>
    <Pelev>3022</Pelev>
    <Telev>3058</Telev>
    <PART>0.5</PART>
    <DELAY>1</DELAY>
  </CatchmentParameters>
  <VegetationZone>
    <VegetationZoneParameters>
      <TT>0.18841401133457841</TT>
      <CFMAX>1.4419401186866638</CFMAX>
      <SP>0</SP>
      <SFCF>0.75040732000059407</SFCF>
      <CFR>0.023980947469429748</CFR>
      <CWH>0.1000048617370608</CWH>
      <CFGlacier>1</CFGlacier>
      <CFSlope>1</CFSlope>
      <FC>694.69573697730209</FC>
      <LP>0.30000412009025468</LP>
      <BETA>5.4275108339859015</BETA>
    </VegetationZoneParameters>
  </VegetationZone>
  <SubCatchment>
    <SubCatchmentParameters>
      <KSI>0.001</KSI>
      <KGmin>0.05</KGmin>
      <RangeKG>0.1</RangeKG>
      <AG>0.1</AG>
      <PERC>0.05786044236806219</PERC>
      <Alpha>0</Alpha>
      <UZL>93.325616441426845</UZL>
      <K0>0.36566557211146594</K0>
      <K1>0.13602043186928306</K1>
      <K2>0.010000465774225739</K2>
      <MAXBAS>1</MAXBAS>
      <Cet>0</Cet>
      <PCALT>10</PCALT>
      <TCALT>0.6</TCALT>
      <Pelev>3022</Pelev>
      <Telev>3058</Telev>
      <PART>0.5</PART>
      <DELAY>1</DELAY>
    </SubCatchmentParameters>
    <SubCatchmentVegetationZone>
      <SubCatchmentVegetationZoneParameters>
        <TT>0.18841401133457841</TT>
        <CFMAX>1.4419401186866638</CFMAX>
        <SP>0</SP>
        <SFCF>0.75040732000059407</SFCF>
        <CFR>0.023980947469429748</CFR>
        <CWH>0.1000048617370608</CWH>
        <CFGlacier>1</CFGlacier>
        <CFSlope>1</CFSlope>
        <FC>694.69573697730209</FC>
        <LP>0.30000412009025468</LP>
        <BETA>5.4275108339859015</BETA>
      </SubCatchmentVegetationZoneParameters>
    </SubCatchmentVegetationZone>
  </SubCatchment>
</Catchment>