<?xml version="1.0" encoding="utf-8"?>
<Catchment xmlns:xsi="http://www.w3.org/2001/XMLSchema-instance" xmlns:xsd="http://www.w3.org/2001/XMLSchema">
  <CatchmentParameters>
    <KSI>0.001</KSI>
    <KGmin>0.05</KGmin>
    <RangeKG>0.1</RangeKG>
    <AG>0.1</AG>
    <PERC>9.9999109742116179</PERC>
    <Alpha>0</Alpha>
    <UZL>134.68242566809639</UZL>
    <K0>0.14553096455222681</K0>
    <K1>0.19044834076078809</K1>
    <K2>0.11253287045997419</K2>
    <MAXBAS>1.5148908762449465</MAXBAS>
    <Cet>0</Cet>
    <PCALT>10</PCALT>
    <TCALT>0.6</TCALT>
    <Pelev>3022</Pelev>
    <Telev>3058</Telev>
    <PART>0.5</PART>
    <DELAY>1</DELAY>
  </CatchmentParameters>
  <VegetationZone>
    <VegetationZoneParameters>
      <TT>1.3349844781263689</TT>
      <CFMAX>1.79727036222977</CFMAX>
      <SP>0</SP>
      <SFCF>0.64236718179716235</SFCF>
      <CFR>0.095843071158100077</CFR>
      <CWH>0.19999998646057432</CWH>
      <CFGlacier>1</CFGlacier>
      <CFSlope>1</CFSlope>
      <FC>472.13234545977252</FC>
      <LP>0.40135387413021184</LP>
      <BETA>4.95601278874808</BETA>
    </VegetationZoneParameters>
  </VegetationZone>
  <SubCatchment>
    <SubCatchmentParameters>
      <KSI>0.001</KSI>
      <KGmin>0.05</KGmin>
      <RangeKG>0.1</RangeKG>
      <AG>0.1</AG>
      <PERC>9.9999109742116179</PERC>
      <Alpha>0</Alpha>
      <UZL>134.68242566809639</UZL>
      <K0>0.14553096455222681</K0>
      <K1>0.19044834076078809</K1>
      <K2>0.11253287045997419</K2>
      <MAXBAS>1.5148908762449465</MAXBAS>
      <Cet>0</Cet>
      <PCALT>10</PCALT>
      <TCALT>0.6</TCALT>
      <Pelev>3022</Pelev>
      <Telev>3058</Telev>
      <PART>0.5</PART>
      <DELAY>1</DELAY>
    </SubCatchmentParameters>
    <SubCatchmentVegetationZone>
      <SubCatchmentVegetationZoneParameters>
        <TT>1.3349844781263689</TT>
        <CFMAX>1.79727036222977</CFMAX>
        <SP>0</SP>
        <SFCF>0.64236718179716235</SFCF>
        <CFR>0.095843071158100077</CFR>
        <CWH>0.19999998646057432</CWH>
        <CFGlacier>1</CFGlacier>
        <CFSlope>1</CFSlope>
        <FC>472.13234545977252</FC>
        <LP>0.40135387413021184</LP>
        <BETA>4.95601278874808</BETA>
      </SubCatchmentVegetationZoneParameters>
    </SubCatchmentVegetationZone>
  </SubCatchment>
</Catchment>