<?xml version="1.0" encoding="utf-8"?>
<Catchment xmlns:xsi="http://www.w3.org/2001/XMLSchema-instance" xmlns:xsd="http://www.w3.org/2001/XMLSchema">
  <CatchmentParameters>
    <KSI>0.001</KSI>
    <KGmin>0.05</KGmin>
    <RangeKG>0.1</RangeKG>
    <AG>0.1</AG>
    <PERC>9.9981867236932089</PERC>
    <Alpha>0</Alpha>
    <UZL>87.324848134454413</UZL>
    <K0>0.48816622369774482</K0>
    <K1>0.110137048089413</K1>
    <K2>0.09691489632809494</K2>
    <MAXBAS>1.529529613099109</MAXBAS>
    <Cet>0</Cet>
    <PCALT>10</PCALT>
    <TCALT>0.6</TCALT>
    <Pelev>3022</Pelev>
    <Telev>3058</Telev>
    <PART>0.5</PART>
    <DELAY>1</DELAY>
  </CatchmentParameters>
  <VegetationZone>
    <VegetationZoneParameters>
      <TT>2.4822101421912492</TT>
      <CFMAX>2.9485405169343015</CFMAX>
      <SP>0</SP>
      <SFCF>0.69280707473537007</SFCF>
      <CFR>0.099986906303020373</CFR>
      <CWH>0.19999993328184593</CWH>
      <CFGlacier>1</CFGlacier>
      <CFSlope>1</CFSlope>
      <FC>519.257979635255</FC>
      <LP>0.38347114129163623</LP>
      <BETA>3.6857852079976285</BETA>
    </VegetationZoneParameters>
  </VegetationZone>
  <SubCatchment>
    <SubCatchmentParameters>
      <KSI>0.001</KSI>
      <KGmin>0.05</KGmin>
      <RangeKG>0.1</RangeKG>
      <AG>0.1</AG>
      <PERC>9.9981867236932089</PERC>
      <Alpha>0</Alpha>
      <UZL>87.324848134454413</UZL>
      <K0>0.48816622369774482</K0>
      <K1>0.110137048089413</K1>
      <K2>0.09691489632809494</K2>
      <MAXBAS>1.529529613099109</MAXBAS>
      <Cet>0</Cet>
      <PCALT>10</PCALT>
      <TCALT>0.6</TCALT>
      <Pelev>3022</Pelev>
      <Telev>3058</Telev>
      <PART>0.5</PART>
      <DELAY>1</DELAY>
    </SubCatchmentParameters>
    <SubCatchmentVegetationZone>
      <SubCatchmentVegetationZoneParameters>
        <TT>2.4822101421912492</TT>
        <CFMAX>2.9485405169343015</CFMAX>
        <SP>0</SP>
        <SFCF>0.69280707473537007</SFCF>
        <CFR>0.099986906303020373</CFR>
        <CWH>0.19999993328184593</CWH>
        <CFGlacier>1</CFGlacier>
        <CFSlope>1</CFSlope>
        <FC>519.257979635255</FC>
        <LP>0.38347114129163623</LP>
        <BETA>3.6857852079976285</BETA>
      </SubCatchmentVegetationZoneParameters>
    </SubCatchmentVegetationZone>
  </SubCatchment>
</Catchment>