<?xml version="1.0" encoding="utf-8"?>
<Catchment xmlns:xsi="http://www.w3.org/2001/XMLSchema-instance" xmlns:xsd="http://www.w3.org/2001/XMLSchema">
  <CatchmentParameters>
    <KSI>0.001</KSI>
    <KGmin>0.05</KGmin>
    <RangeKG>0.1</RangeKG>
    <AG>0.1</AG>
    <PERC>0.059814051031374993</PERC>
    <Alpha>0</Alpha>
    <UZL>126.16917609445288</UZL>
    <K0>0.40681132469558884</K0>
    <K1>0.11344448096623297</K1>
    <K2>0.015454993189725179</K2>
    <MAXBAS>1</MAXBAS>
    <Cet>0</Cet>
    <PCALT>10</PCALT>
    <TCALT>0.6</TCALT>
    <Pelev>3022</Pelev>
    <Telev>3058</Telev>
    <PART>0.5</PART>
    <DELAY>1</DELAY>
  </CatchmentParameters>
  <VegetationZone>
    <VegetationZoneParameters>
      <TT>1.2833234919957117</TT>
      <CFMAX>1.876373647377612</CFMAX>
      <SP>0</SP>
      <SFCF>0.662208116996549</SFCF>
      <CFR>0.016341921178218907</CFR>
      <CWH>0.10000016641566979</CWH>
      <CFGlacier>1</CFGlacier>
      <CFSlope>1</CFSlope>
      <FC>822.92165768296161</FC>
      <LP>0.67443397921568526</LP>
      <BETA>5.9999969692348554</BETA>
    </VegetationZoneParameters>
  </VegetationZone>
  <SubCatchment>
    <SubCatchmentParameters>
      <KSI>0.001</KSI>
      <KGmin>0.05</KGmin>
      <RangeKG>0.1</RangeKG>
      <AG>0.1</AG>
      <PERC>0.059814051031374993</PERC>
      <Alpha>0</Alpha>
      <UZL>126.16917609445288</UZL>
      <K0>0.40681132469558884</K0>
      <K1>0.11344448096623297</K1>
      <K2>0.015454993189725179</K2>
      <MAXBAS>1</MAXBAS>
      <Cet>0</Cet>
      <PCALT>10</PCALT>
      <TCALT>0.6</TCALT>
      <Pelev>3022</Pelev>
      <Telev>3058</Telev>
      <PART>0.5</PART>
      <DELAY>1</DELAY>
    </SubCatchmentParameters>
    <SubCatchmentVegetationZone>
      <SubCatchmentVegetationZoneParameters>
        <TT>1.2833234919957117</TT>
        <CFMAX>1.876373647377612</CFMAX>
        <SP>0</SP>
        <SFCF>0.662208116996549</SFCF>
        <CFR>0.016341921178218907</CFR>
        <CWH>0.10000016641566979</CWH>
        <CFGlacier>1</CFGlacier>
        <CFSlope>1</CFSlope>
        <FC>822.92165768296161</FC>
        <LP>0.67443397921568526</LP>
        <BETA>5.9999969692348554</BETA>
      </SubCatchmentVegetationZoneParameters>
    </SubCatchmentVegetationZone>
  </SubCatchment>
</Catchment>