<?xml version="1.0" encoding="utf-8"?>
<Catchment xmlns:xsi="http://www.w3.org/2001/XMLSchema-instance" xmlns:xsd="http://www.w3.org/2001/XMLSchema">
  <CatchmentParameters>
    <KSI>0.001</KSI>
    <KGmin>0.05</KGmin>
    <RangeKG>0.1</RangeKG>
    <AG>0.1</AG>
    <PERC>9.9999592788737</PERC>
    <Alpha>0</Alpha>
    <UZL>65.657706478438456</UZL>
    <K0>0.54355941927793461</K0>
    <K1>0.14251393982131863</K1>
    <K2>0.10077819735316144</K2>
    <MAXBAS>1.1348747305406068</MAXBAS>
    <Cet>0</Cet>
    <PCALT>10</PCALT>
    <TCALT>0.6</TCALT>
    <Pelev>3022</Pelev>
    <Telev>3058</Telev>
    <PART>0.5</PART>
    <DELAY>1</DELAY>
  </CatchmentParameters>
  <VegetationZone>
    <VegetationZoneParameters>
      <TT>1.9741315965337505</TT>
      <CFMAX>1.984062676073505</CFMAX>
      <SP>0</SP>
      <SFCF>0.585312156321993</SFCF>
      <CFR>0.094186467440339872</CFR>
      <CWH>0.16376215026629085</CWH>
      <CFGlacier>1</CFGlacier>
      <CFSlope>1</CFSlope>
      <FC>445.81287673663161</FC>
      <LP>0.54473927001700551</LP>
      <BETA>5.999998673826008</BETA>
    </VegetationZoneParameters>
  </VegetationZone>
  <SubCatchment>
    <SubCatchmentParameters>
      <KSI>0.001</KSI>
      <KGmin>0.05</KGmin>
      <RangeKG>0.1</RangeKG>
      <AG>0.1</AG>
      <PERC>9.9999592788737</PERC>
      <Alpha>0</Alpha>
      <UZL>65.657706478438456</UZL>
      <K0>0.54355941927793461</K0>
      <K1>0.14251393982131863</K1>
      <K2>0.10077819735316144</K2>
      <MAXBAS>1.1348747305406068</MAXBAS>
      <Cet>0</Cet>
      <PCALT>10</PCALT>
      <TCALT>0.6</TCALT>
      <Pelev>3022</Pelev>
      <Telev>3058</Telev>
      <PART>0.5</PART>
      <DELAY>1</DELAY>
    </SubCatchmentParameters>
    <SubCatchmentVegetationZone>
      <SubCatchmentVegetationZoneParameters>
        <TT>1.9741315965337505</TT>
        <CFMAX>1.984062676073505</CFMAX>
        <SP>0</SP>
        <SFCF>0.585312156321993</SFCF>
        <CFR>0.094186467440339872</CFR>
        <CWH>0.16376215026629085</CWH>
        <CFGlacier>1</CFGlacier>
        <CFSlope>1</CFSlope>
        <FC>445.81287673663161</FC>
        <LP>0.54473927001700551</LP>
        <BETA>5.999998673826008</BETA>
      </SubCatchmentVegetationZoneParameters>
    </SubCatchmentVegetationZone>
  </SubCatchment>
</Catchment>