<?xml version="1.0" encoding="utf-8"?>
<Catchment xmlns:xsi="http://www.w3.org/2001/XMLSchema-instance" xmlns:xsd="http://www.w3.org/2001/XMLSchema">
  <CatchmentParameters>
    <KSI>0.001</KSI>
    <KGmin>0.05</KGmin>
    <RangeKG>0.1</RangeKG>
    <AG>0.1</AG>
    <PERC>7.2068584427820266</PERC>
    <Alpha>0</Alpha>
    <UZL>19.552139138212066</UZL>
    <K0>0.36482164814429507</K0>
    <K1>0.010000285713879358</K1>
    <K2>0.10620177623503585</K2>
    <MAXBAS>1.324982540984305</MAXBAS>
    <Cet>0</Cet>
    <PCALT>10</PCALT>
    <TCALT>0.6</TCALT>
    <Pelev>3022</Pelev>
    <Telev>3058</Telev>
    <PART>0.5</PART>
    <DELAY>1</DELAY>
  </CatchmentParameters>
  <VegetationZone>
    <VegetationZoneParameters>
      <TT>1.4407563628699838</TT>
      <CFMAX>2.0608164546589007</CFMAX>
      <SP>0</SP>
      <SFCF>0.6840206867460088</SFCF>
      <CFR>0.099998528070608564</CFR>
      <CWH>0.19999894586986544</CWH>
      <CFGlacier>1</CFGlacier>
      <CFSlope>1</CFSlope>
      <FC>598.99453341875028</FC>
      <LP>0.53790673217182139</LP>
      <BETA>5.57726704042091</BETA>
    </VegetationZoneParameters>
  </VegetationZone>
  <SubCatchment>
    <SubCatchmentParameters>
      <KSI>0.001</KSI>
      <KGmin>0.05</KGmin>
      <RangeKG>0.1</RangeKG>
      <AG>0.1</AG>
      <PERC>7.2068584427820266</PERC>
      <Alpha>0</Alpha>
      <UZL>19.552139138212066</UZL>
      <K0>0.36482164814429507</K0>
      <K1>0.010000285713879358</K1>
      <K2>0.10620177623503585</K2>
      <MAXBAS>1.324982540984305</MAXBAS>
      <Cet>0</Cet>
      <PCALT>10</PCALT>
      <TCALT>0.6</TCALT>
      <Pelev>3022</Pelev>
      <Telev>3058</Telev>
      <PART>0.5</PART>
      <DELAY>1</DELAY>
    </SubCatchmentParameters>
    <SubCatchmentVegetationZone>
      <SubCatchmentVegetationZoneParameters>
        <TT>1.4407563628699838</TT>
        <CFMAX>2.0608164546589007</CFMAX>
        <SP>0</SP>
        <SFCF>0.6840206867460088</SFCF>
        <CFR>0.099998528070608564</CFR>
        <CWH>0.19999894586986544</CWH>
        <CFGlacier>1</CFGlacier>
        <CFSlope>1</CFSlope>
        <FC>598.99453341875028</FC>
        <LP>0.53790673217182139</LP>
        <BETA>5.57726704042091</BETA>
      </SubCatchmentVegetationZoneParameters>
    </SubCatchmentVegetationZone>
  </SubCatchment>
</Catchment>