<?xml version="1.0" encoding="utf-8"?>
<Catchment xmlns:xsi="http://www.w3.org/2001/XMLSchema-instance" xmlns:xsd="http://www.w3.org/2001/XMLSchema">
  <CatchmentParameters>
    <KSI>0.001</KSI>
    <KGmin>0.05</KGmin>
    <RangeKG>0.1</RangeKG>
    <AG>0.1</AG>
    <PERC>0.045371607686609215</PERC>
    <Alpha>0</Alpha>
    <UZL>137.84378742442254</UZL>
    <K0>0.48185342885633731</K0>
    <K1>0.11727235675058294</K1>
    <K2>0.01000000269916425</K2>
    <MAXBAS>1</MAXBAS>
    <Cet>0</Cet>
    <PCALT>10</PCALT>
    <TCALT>0.6</TCALT>
    <Pelev>3022</Pelev>
    <Telev>3058</Telev>
    <PART>0.5</PART>
    <DELAY>1</DELAY>
  </CatchmentParameters>
  <VegetationZone>
    <VegetationZoneParameters>
      <TT>0.87941887871997859</TT>
      <CFMAX>1.6731199455054027</CFMAX>
      <SP>0</SP>
      <SFCF>0.66126057737147392</SFCF>
      <CFR>0.0999930711937246</CFR>
      <CWH>0.1000000094756764</CWH>
      <CFGlacier>1</CFGlacier>
      <CFSlope>1</CFSlope>
      <FC>734.30088127839031</FC>
      <LP>0.60553486947333779</LP>
      <BETA>5.9137497590334451</BETA>
    </VegetationZoneParameters>
  </VegetationZone>
  <SubCatchment>
    <SubCatchmentParameters>
      <KSI>0.001</KSI>
      <KGmin>0.05</KGmin>
      <RangeKG>0.1</RangeKG>
      <AG>0.1</AG>
      <PERC>0.045371607686609215</PERC>
      <Alpha>0</Alpha>
      <UZL>137.84378742442254</UZL>
      <K0>0.48185342885633731</K0>
      <K1>0.11727235675058294</K1>
      <K2>0.01000000269916425</K2>
      <MAXBAS>1</MAXBAS>
      <Cet>0</Cet>
      <PCALT>10</PCALT>
      <TCALT>0.6</TCALT>
      <Pelev>3022</Pelev>
      <Telev>3058</Telev>
      <PART>0.5</PART>
      <DELAY>1</DELAY>
    </SubCatchmentParameters>
    <SubCatchmentVegetationZone>
      <SubCatchmentVegetationZoneParameters>
        <TT>0.87941887871997859</TT>
        <CFMAX>1.6731199455054027</CFMAX>
        <SP>0</SP>
        <SFCF>0.66126057737147392</SFCF>
        <CFR>0.0999930711937246</CFR>
        <CWH>0.1000000094756764</CWH>
        <CFGlacier>1</CFGlacier>
        <CFSlope>1</CFSlope>
        <FC>734.30088127839031</FC>
        <LP>0.60553486947333779</LP>
        <BETA>5.9137497590334451</BETA>
      </SubCatchmentVegetationZoneParameters>
    </SubCatchmentVegetationZone>
  </SubCatchment>
</Catchment>