<?xml version="1.0" encoding="utf-8"?>
<Catchment xmlns:xsi="http://www.w3.org/2001/XMLSchema-instance" xmlns:xsd="http://www.w3.org/2001/XMLSchema">
  <CatchmentParameters>
    <KSI>0.001</KSI>
    <KGmin>0.05</KGmin>
    <RangeKG>0.1</RangeKG>
    <AG>0.1</AG>
    <PERC>2.1442031113936326</PERC>
    <Alpha>0</Alpha>
    <UZL>129.75678575823935</UZL>
    <K0>0.51937681429233107</K0>
    <K1>0.07658916033514572</K1>
    <K2>0.12837386535165285</K2>
    <MAXBAS>1.54500670501977</MAXBAS>
    <Cet>0</Cet>
    <PCALT>10</PCALT>
    <TCALT>0.6</TCALT>
    <Pelev>3022</Pelev>
    <Telev>3058</Telev>
    <PART>0.5</PART>
    <DELAY>1</DELAY>
  </CatchmentParameters>
  <VegetationZone>
    <VegetationZoneParameters>
      <TT>2.0870554527622027</TT>
      <CFMAX>2.62867754419697</CFMAX>
      <SP>0</SP>
      <SFCF>0.65647859107174145</SFCF>
      <CFR>0.0999998763756144</CFR>
      <CWH>0.1999974276143757</CWH>
      <CFGlacier>1</CFGlacier>
      <CFSlope>1</CFSlope>
      <FC>483.96629149780193</FC>
      <LP>0.46557364959375186</LP>
      <BETA>5.9999780150883542</BETA>
    </VegetationZoneParameters>
  </VegetationZone>
  <SubCatchment>
    <SubCatchmentParameters>
      <KSI>0.001</KSI>
      <KGmin>0.05</KGmin>
      <RangeKG>0.1</RangeKG>
      <AG>0.1</AG>
      <PERC>2.1442031113936326</PERC>
      <Alpha>0</Alpha>
      <UZL>129.75678575823935</UZL>
      <K0>0.51937681429233107</K0>
      <K1>0.07658916033514572</K1>
      <K2>0.12837386535165285</K2>
      <MAXBAS>1.54500670501977</MAXBAS>
      <Cet>0</Cet>
      <PCALT>10</PCALT>
      <TCALT>0.6</TCALT>
      <Pelev>3022</Pelev>
      <Telev>3058</Telev>
      <PART>0.5</PART>
      <DELAY>1</DELAY>
    </SubCatchmentParameters>
    <SubCatchmentVegetationZone>
      <SubCatchmentVegetationZoneParameters>
        <TT>2.0870554527622027</TT>
        <CFMAX>2.62867754419697</CFMAX>
        <SP>0</SP>
        <SFCF>0.65647859107174145</SFCF>
        <CFR>0.0999998763756144</CFR>
        <CWH>0.1999974276143757</CWH>
        <CFGlacier>1</CFGlacier>
        <CFSlope>1</CFSlope>
        <FC>483.96629149780193</FC>
        <LP>0.46557364959375186</LP>
        <BETA>5.9999780150883542</BETA>
      </SubCatchmentVegetationZoneParameters>
    </SubCatchmentVegetationZone>
  </SubCatchment>
</Catchment>