<?xml version="1.0" encoding="utf-8"?>
<Catchment xmlns:xsi="http://www.w3.org/2001/XMLSchema-instance" xmlns:xsd="http://www.w3.org/2001/XMLSchema">
  <CatchmentParameters>
    <KSI>0.001</KSI>
    <KGmin>0.05</KGmin>
    <RangeKG>0.1</RangeKG>
    <AG>0.1</AG>
    <PERC>9.6374406125599457</PERC>
    <Alpha>0</Alpha>
    <UZL>114.97259494395095</UZL>
    <K0>0.59338867564433251</K0>
    <K1>0.17990912307366641</K1>
    <K2>0.1115132318974915</K2>
    <MAXBAS>1.54505346462677</MAXBAS>
    <Cet>0</Cet>
    <PCALT>10</PCALT>
    <TCALT>0.6</TCALT>
    <Pelev>3022</Pelev>
    <Telev>3058</Telev>
    <PART>0.5</PART>
    <DELAY>1</DELAY>
  </CatchmentParameters>
  <VegetationZone>
    <VegetationZoneParameters>
      <TT>0.57799147497367909</TT>
      <CFMAX>1.3056447307769348</CFMAX>
      <SP>0</SP>
      <SFCF>0.6097378379453029</SFCF>
      <CFR>0.0004246085832552665</CFR>
      <CWH>0.19999885162562853</CWH>
      <CFGlacier>1</CFGlacier>
      <CFSlope>1</CFSlope>
      <FC>405.59452149896475</FC>
      <LP>0.32312000429384113</LP>
      <BETA>5.99997988449563</BETA>
    </VegetationZoneParameters>
  </VegetationZone>
  <SubCatchment>
    <SubCatchmentParameters>
      <KSI>0.001</KSI>
      <KGmin>0.05</KGmin>
      <RangeKG>0.1</RangeKG>
      <AG>0.1</AG>
      <PERC>9.6374406125599457</PERC>
      <Alpha>0</Alpha>
      <UZL>114.97259494395095</UZL>
      <K0>0.59338867564433251</K0>
      <K1>0.17990912307366641</K1>
      <K2>0.1115132318974915</K2>
      <MAXBAS>1.54505346462677</MAXBAS>
      <Cet>0</Cet>
      <PCALT>10</PCALT>
      <TCALT>0.6</TCALT>
      <Pelev>3022</Pelev>
      <Telev>3058</Telev>
      <PART>0.5</PART>
      <DELAY>1</DELAY>
    </SubCatchmentParameters>
    <SubCatchmentVegetationZone>
      <SubCatchmentVegetationZoneParameters>
        <TT>0.57799147497367909</TT>
        <CFMAX>1.3056447307769348</CFMAX>
        <SP>0</SP>
        <SFCF>0.6097378379453029</SFCF>
        <CFR>0.0004246085832552665</CFR>
        <CWH>0.19999885162562853</CWH>
        <CFGlacier>1</CFGlacier>
        <CFSlope>1</CFSlope>
        <FC>405.59452149896475</FC>
        <LP>0.32312000429384113</LP>
        <BETA>5.99997988449563</BETA>
      </SubCatchmentVegetationZoneParameters>
    </SubCatchmentVegetationZone>
  </SubCatchment>
</Catchment>