<?xml version="1.0" encoding="utf-8"?>
<Catchment xmlns:xsi="http://www.w3.org/2001/XMLSchema-instance" xmlns:xsd="http://www.w3.org/2001/XMLSchema">
  <CatchmentParameters>
    <KSI>0.001</KSI>
    <KGmin>0.05</KGmin>
    <RangeKG>0.1</RangeKG>
    <AG>0.1</AG>
    <PERC>0.050188077886739652</PERC>
    <Alpha>0</Alpha>
    <UZL>92.10306706170735</UZL>
    <K0>0.22394660856699628</K0>
    <K1>0.12716787978254981</K1>
    <K2>0.010002246058751024</K2>
    <MAXBAS>1</MAXBAS>
    <Cet>0</Cet>
    <PCALT>10</PCALT>
    <TCALT>0.6</TCALT>
    <Pelev>3022</Pelev>
    <Telev>3058</Telev>
    <PART>0.5</PART>
    <DELAY>1</DELAY>
  </CatchmentParameters>
  <VegetationZone>
    <VegetationZoneParameters>
      <TT>0.031087808593605729</TT>
      <CFMAX>1.3130559118964273</CFMAX>
      <SP>0</SP>
      <SFCF>0.70427944851865376</SFCF>
      <CFR>0.036393934192440039</CFR>
      <CWH>0.11329748380215131</CWH>
      <CFGlacier>1</CFGlacier>
      <CFSlope>1</CFSlope>
      <FC>716.26376389658378</FC>
      <LP>0.42637942120564365</LP>
      <BETA>5.6754245846580069</BETA>
    </VegetationZoneParameters>
  </VegetationZone>
  <SubCatchment>
    <SubCatchmentParameters>
      <KSI>0.001</KSI>
      <KGmin>0.05</KGmin>
      <RangeKG>0.1</RangeKG>
      <AG>0.1</AG>
      <PERC>0.050188077886739652</PERC>
      <Alpha>0</Alpha>
      <UZL>92.10306706170735</UZL>
      <K0>0.22394660856699628</K0>
      <K1>0.12716787978254981</K1>
      <K2>0.010002246058751024</K2>
      <MAXBAS>1</MAXBAS>
      <Cet>0</Cet>
      <PCALT>10</PCALT>
      <TCALT>0.6</TCALT>
      <Pelev>3022</Pelev>
      <Telev>3058</Telev>
      <PART>0.5</PART>
      <DELAY>1</DELAY>
    </SubCatchmentParameters>
    <SubCatchmentVegetationZone>
      <SubCatchmentVegetationZoneParameters>
        <TT>0.031087808593605729</TT>
        <CFMAX>1.3130559118964273</CFMAX>
        <SP>0</SP>
        <SFCF>0.70427944851865376</SFCF>
        <CFR>0.036393934192440039</CFR>
        <CWH>0.11329748380215131</CWH>
        <CFGlacier>1</CFGlacier>
        <CFSlope>1</CFSlope>
        <FC>716.26376389658378</FC>
        <LP>0.42637942120564365</LP>
        <BETA>5.6754245846580069</BETA>
      </SubCatchmentVegetationZoneParameters>
    </SubCatchmentVegetationZone>
  </SubCatchment>
</Catchment>