<?xml version="1.0" encoding="utf-8"?>
<Catchment xmlns:xsi="http://www.w3.org/2001/XMLSchema-instance" xmlns:xsd="http://www.w3.org/2001/XMLSchema">
  <CatchmentParameters>
    <KSI>0.001</KSI>
    <KGmin>0.05</KGmin>
    <RangeKG>0.1</RangeKG>
    <AG>0.1</AG>
    <PERC>9.9999734492494348</PERC>
    <Alpha>0</Alpha>
    <UZL>24.776228120815574</UZL>
    <K0>0.31280901066877903</K0>
    <K1>0.17959808481890807</K1>
    <K2>0.10938432372447192</K2>
    <MAXBAS>1.3349657530555532</MAXBAS>
    <Cet>0</Cet>
    <PCALT>10</PCALT>
    <TCALT>0.6</TCALT>
    <Pelev>3022</Pelev>
    <Telev>3058</Telev>
    <PART>0.5</PART>
    <DELAY>1</DELAY>
  </CatchmentParameters>
  <VegetationZone>
    <VegetationZoneParameters>
      <TT>1.50598159033518</TT>
      <CFMAX>1.5574601849955831</CFMAX>
      <SP>0</SP>
      <SFCF>0.55190153789704521</SFCF>
      <CFR>0.097440494651652512</CFR>
      <CWH>0.19996473371036408</CWH>
      <CFGlacier>1</CFGlacier>
      <CFSlope>1</CFSlope>
      <FC>428.34902183882036</FC>
      <LP>0.56701797421567157</LP>
      <BETA>5.9999691377153388</BETA>
    </VegetationZoneParameters>
  </VegetationZone>
  <SubCatchment>
    <SubCatchmentParameters>
      <KSI>0.001</KSI>
      <KGmin>0.05</KGmin>
      <RangeKG>0.1</RangeKG>
      <AG>0.1</AG>
      <PERC>9.9999734492494348</PERC>
      <Alpha>0</Alpha>
      <UZL>24.776228120815574</UZL>
      <K0>0.31280901066877903</K0>
      <K1>0.17959808481890807</K1>
      <K2>0.10938432372447192</K2>
      <MAXBAS>1.3349657530555532</MAXBAS>
      <Cet>0</Cet>
      <PCALT>10</PCALT>
      <TCALT>0.6</TCALT>
      <Pelev>3022</Pelev>
      <Telev>3058</Telev>
      <PART>0.5</PART>
      <DELAY>1</DELAY>
    </SubCatchmentParameters>
    <SubCatchmentVegetationZone>
      <SubCatchmentVegetationZoneParameters>
        <TT>1.50598159033518</TT>
        <CFMAX>1.5574601849955831</CFMAX>
        <SP>0</SP>
        <SFCF>0.55190153789704521</SFCF>
        <CFR>0.097440494651652512</CFR>
        <CWH>0.19996473371036408</CWH>
        <CFGlacier>1</CFGlacier>
        <CFSlope>1</CFSlope>
        <FC>428.34902183882036</FC>
        <LP>0.56701797421567157</LP>
        <BETA>5.9999691377153388</BETA>
      </SubCatchmentVegetationZoneParameters>
    </SubCatchmentVegetationZone>
  </SubCatchment>
</Catchment>