<?xml version="1.0" encoding="utf-8"?>
<Catchment xmlns:xsi="http://www.w3.org/2001/XMLSchema-instance" xmlns:xsd="http://www.w3.org/2001/XMLSchema">
  <CatchmentParameters>
    <KSI>0.001</KSI>
    <KGmin>0.05</KGmin>
    <RangeKG>0.1</RangeKG>
    <AG>0.1</AG>
    <PERC>9.9999157091853412</PERC>
    <Alpha>0</Alpha>
    <UZL>58.192513543489461</UZL>
    <K0>0.5229784823521848</K0>
    <K1>0.169607483131632</K1>
    <K2>0.10117810816089211</K2>
    <MAXBAS>1.4050341911528224</MAXBAS>
    <Cet>0</Cet>
    <PCALT>10</PCALT>
    <TCALT>0.6</TCALT>
    <Pelev>3022</Pelev>
    <Telev>3058</Telev>
    <PART>0.5</PART>
    <DELAY>1</DELAY>
  </CatchmentParameters>
  <VegetationZone>
    <VegetationZoneParameters>
      <TT>1.6599970024640516</TT>
      <CFMAX>1.9166222476396662</CFMAX>
      <SP>0</SP>
      <SFCF>0.64388704453385359</SFCF>
      <CFR>3.9659055656003244E-07</CFR>
      <CWH>0.1999987664242357</CWH>
      <CFGlacier>1</CFGlacier>
      <CFSlope>1</CFSlope>
      <FC>530.25280356681424</FC>
      <LP>0.52338954090385548</LP>
      <BETA>5.9785216739481237</BETA>
    </VegetationZoneParameters>
  </VegetationZone>
  <SubCatchment>
    <SubCatchmentParameters>
      <KSI>0.001</KSI>
      <KGmin>0.05</KGmin>
      <RangeKG>0.1</RangeKG>
      <AG>0.1</AG>
      <PERC>9.9999157091853412</PERC>
      <Alpha>0</Alpha>
      <UZL>58.192513543489461</UZL>
      <K0>0.5229784823521848</K0>
      <K1>0.169607483131632</K1>
      <K2>0.10117810816089211</K2>
      <MAXBAS>1.4050341911528224</MAXBAS>
      <Cet>0</Cet>
      <PCALT>10</PCALT>
      <TCALT>0.6</TCALT>
      <Pelev>3022</Pelev>
      <Telev>3058</Telev>
      <PART>0.5</PART>
      <DELAY>1</DELAY>
    </SubCatchmentParameters>
    <SubCatchmentVegetationZone>
      <SubCatchmentVegetationZoneParameters>
        <TT>1.6599970024640516</TT>
        <CFMAX>1.9166222476396662</CFMAX>
        <SP>0</SP>
        <SFCF>0.64388704453385359</SFCF>
        <CFR>3.9659055656003244E-07</CFR>
        <CWH>0.1999987664242357</CWH>
        <CFGlacier>1</CFGlacier>
        <CFSlope>1</CFSlope>
        <FC>530.25280356681424</FC>
        <LP>0.52338954090385548</LP>
        <BETA>5.9785216739481237</BETA>
      </SubCatchmentVegetationZoneParameters>
    </SubCatchmentVegetationZone>
  </SubCatchment>
</Catchment>