<?xml version="1.0" encoding="utf-8"?>
<Catchment xmlns:xsi="http://www.w3.org/2001/XMLSchema-instance" xmlns:xsd="http://www.w3.org/2001/XMLSchema">
  <CatchmentParameters>
    <KSI>0.001</KSI>
    <KGmin>0.05</KGmin>
    <RangeKG>0.1</RangeKG>
    <AG>0.1</AG>
    <PERC>0.040720393429528295</PERC>
    <Alpha>0</Alpha>
    <UZL>97.912177090153875</UZL>
    <K0>0.2932546254000849</K0>
    <K1>0.13643151238705431</K1>
    <K2>0.010000984960530613</K2>
    <MAXBAS>1</MAXBAS>
    <Cet>0</Cet>
    <PCALT>10</PCALT>
    <TCALT>0.6</TCALT>
    <Pelev>3022</Pelev>
    <Telev>3058</Telev>
    <PART>0.5</PART>
    <DELAY>1</DELAY>
  </CatchmentParameters>
  <VegetationZone>
    <VegetationZoneParameters>
      <TT>1.5842461124174467</TT>
      <CFMAX>1.7183227728391894</CFMAX>
      <SP>0</SP>
      <SFCF>0.63430044836478783</SFCF>
      <CFR>0.014798932992866623</CFR>
      <CWH>0.10000150590255266</CWH>
      <CFGlacier>1</CFGlacier>
      <CFSlope>1</CFSlope>
      <FC>710.48249076360855</FC>
      <LP>0.58342534696155746</LP>
      <BETA>4.4242370980035037</BETA>
    </VegetationZoneParameters>
  </VegetationZone>
  <SubCatchment>
    <SubCatchmentParameters>
      <KSI>0.001</KSI>
      <KGmin>0.05</KGmin>
      <RangeKG>0.1</RangeKG>
      <AG>0.1</AG>
      <PERC>0.040720393429528295</PERC>
      <Alpha>0</Alpha>
      <UZL>97.912177090153875</UZL>
      <K0>0.2932546254000849</K0>
      <K1>0.13643151238705431</K1>
      <K2>0.010000984960530613</K2>
      <MAXBAS>1</MAXBAS>
      <Cet>0</Cet>
      <PCALT>10</PCALT>
      <TCALT>0.6</TCALT>
      <Pelev>3022</Pelev>
      <Telev>3058</Telev>
      <PART>0.5</PART>
      <DELAY>1</DELAY>
    </SubCatchmentParameters>
    <SubCatchmentVegetationZone>
      <SubCatchmentVegetationZoneParameters>
        <TT>1.5842461124174467</TT>
        <CFMAX>1.7183227728391894</CFMAX>
        <SP>0</SP>
        <SFCF>0.63430044836478783</SFCF>
        <CFR>0.014798932992866623</CFR>
        <CWH>0.10000150590255266</CWH>
        <CFGlacier>1</CFGlacier>
        <CFSlope>1</CFSlope>
        <FC>710.48249076360855</FC>
        <LP>0.58342534696155746</LP>
        <BETA>4.4242370980035037</BETA>
      </SubCatchmentVegetationZoneParameters>
    </SubCatchmentVegetationZone>
  </SubCatchment>
</Catchment>