<?xml version="1.0" encoding="utf-8"?>
<Catchment xmlns:xsi="http://www.w3.org/2001/XMLSchema-instance" xmlns:xsd="http://www.w3.org/2001/XMLSchema">
  <CatchmentParameters>
    <KSI>0.001</KSI>
    <KGmin>0.05</KGmin>
    <RangeKG>0.1</RangeKG>
    <AG>0.1</AG>
    <PERC>7.0196813956598465</PERC>
    <Alpha>0</Alpha>
    <UZL>199.54946227860197</UZL>
    <K0>0.11319832425289172</K0>
    <K1>0.06751048900084404</K1>
    <K2>0.088430496914559328</K2>
    <MAXBAS>1.4750492558585056</MAXBAS>
    <Cet>0</Cet>
    <PCALT>10</PCALT>
    <TCALT>0.6</TCALT>
    <Pelev>3022</Pelev>
    <Telev>3058</Telev>
    <PART>0.5</PART>
    <DELAY>1</DELAY>
  </CatchmentParameters>
  <VegetationZone>
    <VegetationZoneParameters>
      <TT>2.439098350072531</TT>
      <CFMAX>3.0459160505207588</CFMAX>
      <SP>0</SP>
      <SFCF>0.68264198474586657</SFCF>
      <CFR>0.099999908887573583</CFR>
      <CWH>0.1999980589559846</CWH>
      <CFGlacier>1</CFGlacier>
      <CFSlope>1</CFSlope>
      <FC>545.67125340264636</FC>
      <LP>0.5280446899798118</LP>
      <BETA>5.9028888697019655</BETA>
    </VegetationZoneParameters>
  </VegetationZone>
  <SubCatchment>
    <SubCatchmentParameters>
      <KSI>0.001</KSI>
      <KGmin>0.05</KGmin>
      <RangeKG>0.1</RangeKG>
      <AG>0.1</AG>
      <PERC>7.0196813956598465</PERC>
      <Alpha>0</Alpha>
      <UZL>199.54946227860197</UZL>
      <K0>0.11319832425289172</K0>
      <K1>0.06751048900084404</K1>
      <K2>0.088430496914559328</K2>
      <MAXBAS>1.4750492558585056</MAXBAS>
      <Cet>0</Cet>
      <PCALT>10</PCALT>
      <TCALT>0.6</TCALT>
      <Pelev>3022</Pelev>
      <Telev>3058</Telev>
      <PART>0.5</PART>
      <DELAY>1</DELAY>
    </SubCatchmentParameters>
    <SubCatchmentVegetationZone>
      <SubCatchmentVegetationZoneParameters>
        <TT>2.439098350072531</TT>
        <CFMAX>3.0459160505207588</CFMAX>
        <SP>0</SP>
        <SFCF>0.68264198474586657</SFCF>
        <CFR>0.099999908887573583</CFR>
        <CWH>0.1999980589559846</CWH>
        <CFGlacier>1</CFGlacier>
        <CFSlope>1</CFSlope>
        <FC>545.67125340264636</FC>
        <LP>0.5280446899798118</LP>
        <BETA>5.9028888697019655</BETA>
      </SubCatchmentVegetationZoneParameters>
    </SubCatchmentVegetationZone>
  </SubCatchment>
</Catchment>