<?xml version="1.0" encoding="utf-8"?>
<Catchment xmlns:xsi="http://www.w3.org/2001/XMLSchema-instance" xmlns:xsd="http://www.w3.org/2001/XMLSchema">
  <CatchmentParameters>
    <KSI>0.001</KSI>
    <KGmin>0.05</KGmin>
    <RangeKG>0.1</RangeKG>
    <AG>0.1</AG>
    <PERC>0.048425589157396962</PERC>
    <Alpha>0</Alpha>
    <UZL>101.32694412299777</UZL>
    <K0>0.54382555049060133</K0>
    <K1>0.12929219679347367</K1>
    <K2>0.010000007842089903</K2>
    <MAXBAS>1</MAXBAS>
    <Cet>0</Cet>
    <PCALT>10</PCALT>
    <TCALT>0.6</TCALT>
    <Pelev>3022</Pelev>
    <Telev>3058</Telev>
    <PART>0.5</PART>
    <DELAY>1</DELAY>
  </CatchmentParameters>
  <VegetationZone>
    <VegetationZoneParameters>
      <TT>0.043995330878218</TT>
      <CFMAX>1.3371091311974428</CFMAX>
      <SP>0</SP>
      <SFCF>0.71502338120142239</SFCF>
      <CFR>0.076206059955746835</CFR>
      <CWH>0.10334188085228367</CWH>
      <CFGlacier>1</CFGlacier>
      <CFSlope>1</CFSlope>
      <FC>743.10277243129133</FC>
      <LP>0.44678362467268995</LP>
      <BETA>5.6762765390797476</BETA>
    </VegetationZoneParameters>
  </VegetationZone>
  <SubCatchment>
    <SubCatchmentParameters>
      <KSI>0.001</KSI>
      <KGmin>0.05</KGmin>
      <RangeKG>0.1</RangeKG>
      <AG>0.1</AG>
      <PERC>0.048425589157396962</PERC>
      <Alpha>0</Alpha>
      <UZL>101.32694412299777</UZL>
      <K0>0.54382555049060133</K0>
      <K1>0.12929219679347367</K1>
      <K2>0.010000007842089903</K2>
      <MAXBAS>1</MAXBAS>
      <Cet>0</Cet>
      <PCALT>10</PCALT>
      <TCALT>0.6</TCALT>
      <Pelev>3022</Pelev>
      <Telev>3058</Telev>
      <PART>0.5</PART>
      <DELAY>1</DELAY>
    </SubCatchmentParameters>
    <SubCatchmentVegetationZone>
      <SubCatchmentVegetationZoneParameters>
        <TT>0.043995330878218</TT>
        <CFMAX>1.3371091311974428</CFMAX>
        <SP>0</SP>
        <SFCF>0.71502338120142239</SFCF>
        <CFR>0.076206059955746835</CFR>
        <CWH>0.10334188085228367</CWH>
        <CFGlacier>1</CFGlacier>
        <CFSlope>1</CFSlope>
        <FC>743.10277243129133</FC>
        <LP>0.44678362467268995</LP>
        <BETA>5.6762765390797476</BETA>
      </SubCatchmentVegetationZoneParameters>
    </SubCatchmentVegetationZone>
  </SubCatchment>
</Catchment>