<?xml version="1.0" encoding="utf-8"?>
<Catchment xmlns:xsi="http://www.w3.org/2001/XMLSchema-instance" xmlns:xsd="http://www.w3.org/2001/XMLSchema">
  <CatchmentParameters>
    <KSI>0.001</KSI>
    <KGmin>0.05</KGmin>
    <RangeKG>0.1</RangeKG>
    <AG>0.1</AG>
    <PERC>9.9997137571842689</PERC>
    <Alpha>0</Alpha>
    <UZL>50.562275440042463</UZL>
    <K0>0.60241614193008675</K0>
    <K1>0.17476074552627141</K1>
    <K2>0.097803582955602569</K2>
    <MAXBAS>1.1383138779620334</MAXBAS>
    <Cet>0</Cet>
    <PCALT>10</PCALT>
    <TCALT>0.6</TCALT>
    <Pelev>3022</Pelev>
    <Telev>3058</Telev>
    <PART>0.5</PART>
    <DELAY>1</DELAY>
  </CatchmentParameters>
  <VegetationZone>
    <VegetationZoneParameters>
      <TT>1.4816097084699347</TT>
      <CFMAX>1.7778328987881997</CFMAX>
      <SP>0</SP>
      <SFCF>0.5980190228082537</SFCF>
      <CFR>0.06909403798374375</CFR>
      <CWH>0.17869382924373536</CWH>
      <CFGlacier>1</CFGlacier>
      <CFSlope>1</CFSlope>
      <FC>402.64327857658276</FC>
      <LP>0.40017415265517969</LP>
      <BETA>5.99998242502572</BETA>
    </VegetationZoneParameters>
  </VegetationZone>
  <SubCatchment>
    <SubCatchmentParameters>
      <KSI>0.001</KSI>
      <KGmin>0.05</KGmin>
      <RangeKG>0.1</RangeKG>
      <AG>0.1</AG>
      <PERC>9.9997137571842689</PERC>
      <Alpha>0</Alpha>
      <UZL>50.562275440042463</UZL>
      <K0>0.60241614193008675</K0>
      <K1>0.17476074552627141</K1>
      <K2>0.097803582955602569</K2>
      <MAXBAS>1.1383138779620334</MAXBAS>
      <Cet>0</Cet>
      <PCALT>10</PCALT>
      <TCALT>0.6</TCALT>
      <Pelev>3022</Pelev>
      <Telev>3058</Telev>
      <PART>0.5</PART>
      <DELAY>1</DELAY>
    </SubCatchmentParameters>
    <SubCatchmentVegetationZone>
      <SubCatchmentVegetationZoneParameters>
        <TT>1.4816097084699347</TT>
        <CFMAX>1.7778328987881997</CFMAX>
        <SP>0</SP>
        <SFCF>0.5980190228082537</SFCF>
        <CFR>0.06909403798374375</CFR>
        <CWH>0.17869382924373536</CWH>
        <CFGlacier>1</CFGlacier>
        <CFSlope>1</CFSlope>
        <FC>402.64327857658276</FC>
        <LP>0.40017415265517969</LP>
        <BETA>5.99998242502572</BETA>
      </SubCatchmentVegetationZoneParameters>
    </SubCatchmentVegetationZone>
  </SubCatchment>
</Catchment>