<?xml version="1.0" encoding="utf-8"?>
<Catchment xmlns:xsi="http://www.w3.org/2001/XMLSchema-instance" xmlns:xsd="http://www.w3.org/2001/XMLSchema">
  <CatchmentParameters>
    <KSI>0.001</KSI>
    <KGmin>0.05</KGmin>
    <RangeKG>0.1</RangeKG>
    <AG>0.1</AG>
    <PERC>9.9998038559124982</PERC>
    <Alpha>0</Alpha>
    <UZL>159.6322270498072</UZL>
    <K0>0.14695120155934946</K0>
    <K1>0.12889589621970471</K1>
    <K2>0.10056862161671766</K2>
    <MAXBAS>1.5651085666282514</MAXBAS>
    <Cet>0</Cet>
    <PCALT>10</PCALT>
    <TCALT>0.6</TCALT>
    <Pelev>3022</Pelev>
    <Telev>3058</Telev>
    <PART>0.5</PART>
    <DELAY>1</DELAY>
  </CatchmentParameters>
  <VegetationZone>
    <VegetationZoneParameters>
      <TT>1.651435139248707</TT>
      <CFMAX>2.0808271744792419</CFMAX>
      <SP>0</SP>
      <SFCF>0.644262305634291</SFCF>
      <CFR>0.098872775540798208</CFR>
      <CWH>0.19999492991736281</CWH>
      <CFGlacier>1</CFGlacier>
      <CFSlope>1</CFSlope>
      <FC>586.76734917692545</FC>
      <LP>0.61569638865959087</LP>
      <BETA>5.9999963851068321</BETA>
    </VegetationZoneParameters>
  </VegetationZone>
  <SubCatchment>
    <SubCatchmentParameters>
      <KSI>0.001</KSI>
      <KGmin>0.05</KGmin>
      <RangeKG>0.1</RangeKG>
      <AG>0.1</AG>
      <PERC>9.9998038559124982</PERC>
      <Alpha>0</Alpha>
      <UZL>159.6322270498072</UZL>
      <K0>0.14695120155934946</K0>
      <K1>0.12889589621970471</K1>
      <K2>0.10056862161671766</K2>
      <MAXBAS>1.5651085666282514</MAXBAS>
      <Cet>0</Cet>
      <PCALT>10</PCALT>
      <TCALT>0.6</TCALT>
      <Pelev>3022</Pelev>
      <Telev>3058</Telev>
      <PART>0.5</PART>
      <DELAY>1</DELAY>
    </SubCatchmentParameters>
    <SubCatchmentVegetationZone>
      <SubCatchmentVegetationZoneParameters>
        <TT>1.651435139248707</TT>
        <CFMAX>2.0808271744792419</CFMAX>
        <SP>0</SP>
        <SFCF>0.644262305634291</SFCF>
        <CFR>0.098872775540798208</CFR>
        <CWH>0.19999492991736281</CWH>
        <CFGlacier>1</CFGlacier>
        <CFSlope>1</CFSlope>
        <FC>586.76734917692545</FC>
        <LP>0.61569638865959087</LP>
        <BETA>5.9999963851068321</BETA>
      </SubCatchmentVegetationZoneParameters>
    </SubCatchmentVegetationZone>
  </SubCatchment>
</Catchment>