<?xml version="1.0" encoding="utf-8"?>
<Catchment xmlns:xsi="http://www.w3.org/2001/XMLSchema-instance" xmlns:xsd="http://www.w3.org/2001/XMLSchema">
  <CatchmentParameters>
    <KSI>0.001</KSI>
    <KGmin>0.05</KGmin>
    <RangeKG>0.1</RangeKG>
    <AG>0.1</AG>
    <PERC>0.034169868801813087</PERC>
    <Alpha>0</Alpha>
    <UZL>111.95139616193035</UZL>
    <K0>0.89437788497176252</K0>
    <K1>0.12709366863756519</K1>
    <K2>0.010000014500256923</K2>
    <MAXBAS>1</MAXBAS>
    <Cet>0</Cet>
    <PCALT>10</PCALT>
    <TCALT>0.6</TCALT>
    <Pelev>3022</Pelev>
    <Telev>3058</Telev>
    <PART>0.5</PART>
    <DELAY>1</DELAY>
  </CatchmentParameters>
  <VegetationZone>
    <VegetationZoneParameters>
      <TT>1.2239790743654682</TT>
      <CFMAX>2.1940747604028275</CFMAX>
      <SP>0</SP>
      <SFCF>0.850808168350224</SFCF>
      <CFR>0.00017103372744377133</CFR>
      <CWH>0.19999924478576389</CWH>
      <CFGlacier>1</CFGlacier>
      <CFSlope>1</CFSlope>
      <FC>1569.4050606974008</FC>
      <LP>0.51827724749556559</LP>
      <BETA>4.5439960121436469</BETA>
    </VegetationZoneParameters>
  </VegetationZone>
  <SubCatchment>
    <SubCatchmentParameters>
      <KSI>0.001</KSI>
      <KGmin>0.05</KGmin>
      <RangeKG>0.1</RangeKG>
      <AG>0.1</AG>
      <PERC>0.034169868801813087</PERC>
      <Alpha>0</Alpha>
      <UZL>111.95139616193035</UZL>
      <K0>0.89437788497176252</K0>
      <K1>0.12709366863756519</K1>
      <K2>0.010000014500256923</K2>
      <MAXBAS>1</MAXBAS>
      <Cet>0</Cet>
      <PCALT>10</PCALT>
      <TCALT>0.6</TCALT>
      <Pelev>3022</Pelev>
      <Telev>3058</Telev>
      <PART>0.5</PART>
      <DELAY>1</DELAY>
    </SubCatchmentParameters>
    <SubCatchmentVegetationZone>
      <SubCatchmentVegetationZoneParameters>
        <TT>1.2239790743654682</TT>
        <CFMAX>2.1940747604028275</CFMAX>
        <SP>0</SP>
        <SFCF>0.850808168350224</SFCF>
        <CFR>0.00017103372744377133</CFR>
        <CWH>0.19999924478576389</CWH>
        <CFGlacier>1</CFGlacier>
        <CFSlope>1</CFSlope>
        <FC>1569.4050606974008</FC>
        <LP>0.51827724749556559</LP>
        <BETA>4.5439960121436469</BETA>
      </SubCatchmentVegetationZoneParameters>
    </SubCatchmentVegetationZone>
  </SubCatchment>
</Catchment>