<?xml version="1.0" encoding="utf-8"?>
<Catchment xmlns:xsi="http://www.w3.org/2001/XMLSchema-instance" xmlns:xsd="http://www.w3.org/2001/XMLSchema">
  <CatchmentParameters>
    <KSI>0.001</KSI>
    <KGmin>0.05</KGmin>
    <RangeKG>0.1</RangeKG>
    <AG>0.1</AG>
    <PERC>0.052131502747819983</PERC>
    <Alpha>0</Alpha>
    <UZL>159.4469154611661</UZL>
    <K0>0.37286159303791144</K0>
    <K1>0.17518415278601643</K1>
    <K2>0.012022774095984647</K2>
    <MAXBAS>1</MAXBAS>
    <Cet>0</Cet>
    <PCALT>10</PCALT>
    <TCALT>0.6</TCALT>
    <Pelev>3022</Pelev>
    <Telev>3058</Telev>
    <PART>0.5</PART>
    <DELAY>1</DELAY>
  </CatchmentParameters>
  <VegetationZone>
    <VegetationZoneParameters>
      <TT>1.2148885657075796</TT>
      <CFMAX>1.369053508023617</CFMAX>
      <SP>0</SP>
      <SFCF>0.62887998822571689</SFCF>
      <CFR>0.0094724541785934785</CFR>
      <CWH>0.10000018214051343</CWH>
      <CFGlacier>1</CFGlacier>
      <CFSlope>1</CFSlope>
      <FC>689.86105709664571</FC>
      <LP>0.51994446085463475</LP>
      <BETA>4.4026674178981589</BETA>
    </VegetationZoneParameters>
  </VegetationZone>
  <SubCatchment>
    <SubCatchmentParameters>
      <KSI>0.001</KSI>
      <KGmin>0.05</KGmin>
      <RangeKG>0.1</RangeKG>
      <AG>0.1</AG>
      <PERC>0.052131502747819983</PERC>
      <Alpha>0</Alpha>
      <UZL>159.4469154611661</UZL>
      <K0>0.37286159303791144</K0>
      <K1>0.17518415278601643</K1>
      <K2>0.012022774095984647</K2>
      <MAXBAS>1</MAXBAS>
      <Cet>0</Cet>
      <PCALT>10</PCALT>
      <TCALT>0.6</TCALT>
      <Pelev>3022</Pelev>
      <Telev>3058</Telev>
      <PART>0.5</PART>
      <DELAY>1</DELAY>
    </SubCatchmentParameters>
    <SubCatchmentVegetationZone>
      <SubCatchmentVegetationZoneParameters>
        <TT>1.2148885657075796</TT>
        <CFMAX>1.369053508023617</CFMAX>
        <SP>0</SP>
        <SFCF>0.62887998822571689</SFCF>
        <CFR>0.0094724541785934785</CFR>
        <CWH>0.10000018214051343</CWH>
        <CFGlacier>1</CFGlacier>
        <CFSlope>1</CFSlope>
        <FC>689.86105709664571</FC>
        <LP>0.51994446085463475</LP>
        <BETA>4.4026674178981589</BETA>
      </SubCatchmentVegetationZoneParameters>
    </SubCatchmentVegetationZone>
  </SubCatchment>
</Catchment>