<?xml version="1.0" encoding="utf-8"?>
<Catchment xmlns:xsi="http://www.w3.org/2001/XMLSchema-instance" xmlns:xsd="http://www.w3.org/2001/XMLSchema">
  <CatchmentParameters>
    <KSI>0.001</KSI>
    <KGmin>0.05</KGmin>
    <RangeKG>0.1</RangeKG>
    <AG>0.1</AG>
    <PERC>9.9998538626267965</PERC>
    <Alpha>0</Alpha>
    <UZL>87.353708160836348</UZL>
    <K0>0.56550069750696952</K0>
    <K1>0.10220035341119683</K1>
    <K2>0.10017440515476499</K2>
    <MAXBAS>1.3148198598370362</MAXBAS>
    <Cet>0</Cet>
    <PCALT>10</PCALT>
    <TCALT>0.6</TCALT>
    <Pelev>3022</Pelev>
    <Telev>3058</Telev>
    <PART>0.5</PART>
    <DELAY>1</DELAY>
  </CatchmentParameters>
  <VegetationZone>
    <VegetationZoneParameters>
      <TT>2.4401516833899572</TT>
      <CFMAX>2.4890445505461716</CFMAX>
      <SP>0</SP>
      <SFCF>0.60257957803398876</SFCF>
      <CFR>0.093176085688640484</CFR>
      <CWH>0.19995467495162653</CWH>
      <CFGlacier>1</CFGlacier>
      <CFSlope>1</CFSlope>
      <FC>512.80831503696913</FC>
      <LP>0.64289881449379216</LP>
      <BETA>5.9999594930221933</BETA>
    </VegetationZoneParameters>
  </VegetationZone>
  <SubCatchment>
    <SubCatchmentParameters>
      <KSI>0.001</KSI>
      <KGmin>0.05</KGmin>
      <RangeKG>0.1</RangeKG>
      <AG>0.1</AG>
      <PERC>9.9998538626267965</PERC>
      <Alpha>0</Alpha>
      <UZL>87.353708160836348</UZL>
      <K0>0.56550069750696952</K0>
      <K1>0.10220035341119683</K1>
      <K2>0.10017440515476499</K2>
      <MAXBAS>1.3148198598370362</MAXBAS>
      <Cet>0</Cet>
      <PCALT>10</PCALT>
      <TCALT>0.6</TCALT>
      <Pelev>3022</Pelev>
      <Telev>3058</Telev>
      <PART>0.5</PART>
      <DELAY>1</DELAY>
    </SubCatchmentParameters>
    <SubCatchmentVegetationZone>
      <SubCatchmentVegetationZoneParameters>
        <TT>2.4401516833899572</TT>
        <CFMAX>2.4890445505461716</CFMAX>
        <SP>0</SP>
        <SFCF>0.60257957803398876</SFCF>
        <CFR>0.093176085688640484</CFR>
        <CWH>0.19995467495162653</CWH>
        <CFGlacier>1</CFGlacier>
        <CFSlope>1</CFSlope>
        <FC>512.80831503696913</FC>
        <LP>0.64289881449379216</LP>
        <BETA>5.9999594930221933</BETA>
      </SubCatchmentVegetationZoneParameters>
    </SubCatchmentVegetationZone>
  </SubCatchment>
</Catchment>