<?xml version="1.0" encoding="utf-8"?>
<Catchment xmlns:xsi="http://www.w3.org/2001/XMLSchema-instance" xmlns:xsd="http://www.w3.org/2001/XMLSchema">
  <CatchmentParameters>
    <KSI>0.001</KSI>
    <KGmin>0.05</KGmin>
    <RangeKG>0.1</RangeKG>
    <AG>0.1</AG>
    <PERC>0.050201300817525045</PERC>
    <Alpha>0</Alpha>
    <UZL>121.28874901887659</UZL>
    <K0>0.06866108287882447</K0>
    <K1>0.18306049451806977</K1>
    <K2>0.0100000020738668</K2>
    <MAXBAS>1</MAXBAS>
    <Cet>0</Cet>
    <PCALT>10</PCALT>
    <TCALT>0.6</TCALT>
    <Pelev>3022</Pelev>
    <Telev>3058</Telev>
    <PART>0.5</PART>
    <DELAY>1</DELAY>
  </CatchmentParameters>
  <VegetationZone>
    <VegetationZoneParameters>
      <TT>1.7402294926703639</TT>
      <CFMAX>1.6196098206276679</CFMAX>
      <SP>0</SP>
      <SFCF>0.64388458877054566</SFCF>
      <CFR>0.0999999993061393</CFR>
      <CWH>0.1000001279038094</CWH>
      <CFGlacier>1</CFGlacier>
      <CFSlope>1</CFSlope>
      <FC>771.7191468082292</FC>
      <LP>0.56070553109333088</LP>
      <BETA>4.8508234748018788</BETA>
    </VegetationZoneParameters>
  </VegetationZone>
  <SubCatchment>
    <SubCatchmentParameters>
      <KSI>0.001</KSI>
      <KGmin>0.05</KGmin>
      <RangeKG>0.1</RangeKG>
      <AG>0.1</AG>
      <PERC>0.050201300817525045</PERC>
      <Alpha>0</Alpha>
      <UZL>121.28874901887659</UZL>
      <K0>0.06866108287882447</K0>
      <K1>0.18306049451806977</K1>
      <K2>0.0100000020738668</K2>
      <MAXBAS>1</MAXBAS>
      <Cet>0</Cet>
      <PCALT>10</PCALT>
      <TCALT>0.6</TCALT>
      <Pelev>3022</Pelev>
      <Telev>3058</Telev>
      <PART>0.5</PART>
      <DELAY>1</DELAY>
    </SubCatchmentParameters>
    <SubCatchmentVegetationZone>
      <SubCatchmentVegetationZoneParameters>
        <TT>1.7402294926703639</TT>
        <CFMAX>1.6196098206276679</CFMAX>
        <SP>0</SP>
        <SFCF>0.64388458877054566</SFCF>
        <CFR>0.0999999993061393</CFR>
        <CWH>0.1000001279038094</CWH>
        <CFGlacier>1</CFGlacier>
        <CFSlope>1</CFSlope>
        <FC>771.7191468082292</FC>
        <LP>0.56070553109333088</LP>
        <BETA>4.8508234748018788</BETA>
      </SubCatchmentVegetationZoneParameters>
    </SubCatchmentVegetationZone>
  </SubCatchment>
</Catchment>