<?xml version="1.0" encoding="utf-8"?>
<Catchment xmlns:xsi="http://www.w3.org/2001/XMLSchema-instance" xmlns:xsd="http://www.w3.org/2001/XMLSchema">
  <CatchmentParameters>
    <KSI>0.001</KSI>
    <KGmin>0.05</KGmin>
    <RangeKG>0.1</RangeKG>
    <AG>0.1</AG>
    <PERC>0.065672339141518959</PERC>
    <Alpha>0</Alpha>
    <UZL>119.16953311327313</UZL>
    <K0>0.15298255119479504</K0>
    <K1>0.1112292352977825</K1>
    <K2>0.013421153739231738</K2>
    <MAXBAS>1</MAXBAS>
    <Cet>0</Cet>
    <PCALT>10</PCALT>
    <TCALT>0.6</TCALT>
    <Pelev>3022</Pelev>
    <Telev>3058</Telev>
    <PART>0.5</PART>
    <DELAY>1</DELAY>
  </CatchmentParameters>
  <VegetationZone>
    <VegetationZoneParameters>
      <TT>0.5586781494738996</TT>
      <CFMAX>1.7671020097273982</CFMAX>
      <SP>0</SP>
      <SFCF>0.74174825741762862</SFCF>
      <CFR>0.099992828105293655</CFR>
      <CWH>0.10004689703632219</CWH>
      <CFGlacier>1</CFGlacier>
      <CFSlope>1</CFSlope>
      <FC>691.9889574371723</FC>
      <LP>0.30000002827428807</LP>
      <BETA>4.3973292595908831</BETA>
    </VegetationZoneParameters>
  </VegetationZone>
  <SubCatchment>
    <SubCatchmentParameters>
      <KSI>0.001</KSI>
      <KGmin>0.05</KGmin>
      <RangeKG>0.1</RangeKG>
      <AG>0.1</AG>
      <PERC>0.065672339141518959</PERC>
      <Alpha>0</Alpha>
      <UZL>119.16953311327313</UZL>
      <K0>0.15298255119479504</K0>
      <K1>0.1112292352977825</K1>
      <K2>0.013421153739231738</K2>
      <MAXBAS>1</MAXBAS>
      <Cet>0</Cet>
      <PCALT>10</PCALT>
      <TCALT>0.6</TCALT>
      <Pelev>3022</Pelev>
      <Telev>3058</Telev>
      <PART>0.5</PART>
      <DELAY>1</DELAY>
    </SubCatchmentParameters>
    <SubCatchmentVegetationZone>
      <SubCatchmentVegetationZoneParameters>
        <TT>0.5586781494738996</TT>
        <CFMAX>1.7671020097273982</CFMAX>
        <SP>0</SP>
        <SFCF>0.74174825741762862</SFCF>
        <CFR>0.099992828105293655</CFR>
        <CWH>0.10004689703632219</CWH>
        <CFGlacier>1</CFGlacier>
        <CFSlope>1</CFSlope>
        <FC>691.9889574371723</FC>
        <LP>0.30000002827428807</LP>
        <BETA>4.3973292595908831</BETA>
      </SubCatchmentVegetationZoneParameters>
    </SubCatchmentVegetationZone>
  </SubCatchment>
</Catchment>