<?xml version="1.0" encoding="utf-8"?>
<Catchment xmlns:xsi="http://www.w3.org/2001/XMLSchema-instance" xmlns:xsd="http://www.w3.org/2001/XMLSchema">
  <CatchmentParameters>
    <KSI>0.001</KSI>
    <KGmin>0.05</KGmin>
    <RangeKG>0.1</RangeKG>
    <AG>0.1</AG>
    <PERC>9.9998583477357386</PERC>
    <Alpha>0</Alpha>
    <UZL>172.32248088437657</UZL>
    <K0>0.92860289044762767</K0>
    <K1>0.13966364990802471</K1>
    <K2>0.10614818486769276</K2>
    <MAXBAS>1.4201732926498842</MAXBAS>
    <Cet>0</Cet>
    <PCALT>10</PCALT>
    <TCALT>0.6</TCALT>
    <Pelev>3022</Pelev>
    <Telev>3058</Telev>
    <PART>0.5</PART>
    <DELAY>1</DELAY>
  </CatchmentParameters>
  <VegetationZone>
    <VegetationZoneParameters>
      <TT>1.8489957919880447</TT>
      <CFMAX>1.9168405220362015</CFMAX>
      <SP>0</SP>
      <SFCF>0.58222783194741179</SFCF>
      <CFR>0.0994284262808427</CFR>
      <CWH>0.19988338200763023</CWH>
      <CFGlacier>1</CFGlacier>
      <CFSlope>1</CFSlope>
      <FC>524.809869936643</FC>
      <LP>0.67612198718349037</LP>
      <BETA>5.9999855563226721</BETA>
    </VegetationZoneParameters>
  </VegetationZone>
  <SubCatchment>
    <SubCatchmentParameters>
      <KSI>0.001</KSI>
      <KGmin>0.05</KGmin>
      <RangeKG>0.1</RangeKG>
      <AG>0.1</AG>
      <PERC>9.9998583477357386</PERC>
      <Alpha>0</Alpha>
      <UZL>172.32248088437657</UZL>
      <K0>0.92860289044762767</K0>
      <K1>0.13966364990802471</K1>
      <K2>0.10614818486769276</K2>
      <MAXBAS>1.4201732926498842</MAXBAS>
      <Cet>0</Cet>
      <PCALT>10</PCALT>
      <TCALT>0.6</TCALT>
      <Pelev>3022</Pelev>
      <Telev>3058</Telev>
      <PART>0.5</PART>
      <DELAY>1</DELAY>
    </SubCatchmentParameters>
    <SubCatchmentVegetationZone>
      <SubCatchmentVegetationZoneParameters>
        <TT>1.8489957919880447</TT>
        <CFMAX>1.9168405220362015</CFMAX>
        <SP>0</SP>
        <SFCF>0.58222783194741179</SFCF>
        <CFR>0.0994284262808427</CFR>
        <CWH>0.19988338200763023</CWH>
        <CFGlacier>1</CFGlacier>
        <CFSlope>1</CFSlope>
        <FC>524.809869936643</FC>
        <LP>0.67612198718349037</LP>
        <BETA>5.9999855563226721</BETA>
      </SubCatchmentVegetationZoneParameters>
    </SubCatchmentVegetationZone>
  </SubCatchment>
</Catchment>