<?xml version="1.0" encoding="utf-8"?>
<Catchment xmlns:xsi="http://www.w3.org/2001/XMLSchema-instance" xmlns:xsd="http://www.w3.org/2001/XMLSchema">
  <CatchmentParameters>
    <KSI>0.001</KSI>
    <KGmin>0.05</KGmin>
    <RangeKG>0.1</RangeKG>
    <AG>0.1</AG>
    <PERC>0.034336486637040947</PERC>
    <Alpha>0</Alpha>
    <UZL>166.57826888991565</UZL>
    <K0>0.55781509872172763</K0>
    <K1>0.12896966051807288</K1>
    <K2>0.010000000030164331</K2>
    <MAXBAS>1</MAXBAS>
    <Cet>0</Cet>
    <PCALT>10</PCALT>
    <TCALT>0.6</TCALT>
    <Pelev>3022</Pelev>
    <Telev>3058</Telev>
    <PART>0.5</PART>
    <DELAY>1</DELAY>
  </CatchmentParameters>
  <VegetationZone>
    <VegetationZoneParameters>
      <TT>0.62666586019585391</TT>
      <CFMAX>1.8025288278430811</CFMAX>
      <SP>0</SP>
      <SFCF>0.79876305690665161</SFCF>
      <CFR>0.067274429452588644</CFR>
      <CWH>0.19999888435574043</CWH>
      <CFGlacier>1</CFGlacier>
      <CFSlope>1</CFSlope>
      <FC>1312.4269849203909</FC>
      <LP>0.50784872783043522</LP>
      <BETA>4.27783309450679</BETA>
    </VegetationZoneParameters>
  </VegetationZone>
  <SubCatchment>
    <SubCatchmentParameters>
      <KSI>0.001</KSI>
      <KGmin>0.05</KGmin>
      <RangeKG>0.1</RangeKG>
      <AG>0.1</AG>
      <PERC>0.034336486637040947</PERC>
      <Alpha>0</Alpha>
      <UZL>166.57826888991565</UZL>
      <K0>0.55781509872172763</K0>
      <K1>0.12896966051807288</K1>
      <K2>0.010000000030164331</K2>
      <MAXBAS>1</MAXBAS>
      <Cet>0</Cet>
      <PCALT>10</PCALT>
      <TCALT>0.6</TCALT>
      <Pelev>3022</Pelev>
      <Telev>3058</Telev>
      <PART>0.5</PART>
      <DELAY>1</DELAY>
    </SubCatchmentParameters>
    <SubCatchmentVegetationZone>
      <SubCatchmentVegetationZoneParameters>
        <TT>0.62666586019585391</TT>
        <CFMAX>1.8025288278430811</CFMAX>
        <SP>0</SP>
        <SFCF>0.79876305690665161</SFCF>
        <CFR>0.067274429452588644</CFR>
        <CWH>0.19999888435574043</CWH>
        <CFGlacier>1</CFGlacier>
        <CFSlope>1</CFSlope>
        <FC>1312.4269849203909</FC>
        <LP>0.50784872783043522</LP>
        <BETA>4.27783309450679</BETA>
      </SubCatchmentVegetationZoneParameters>
    </SubCatchmentVegetationZone>
  </SubCatchment>
</Catchment>