<?xml version="1.0" encoding="utf-8"?>
<Catchment xmlns:xsi="http://www.w3.org/2001/XMLSchema-instance" xmlns:xsd="http://www.w3.org/2001/XMLSchema">
  <CatchmentParameters>
    <KSI>0.001</KSI>
    <KGmin>0.05</KGmin>
    <RangeKG>0.1</RangeKG>
    <AG>0.1</AG>
    <PERC>9.99997929616839</PERC>
    <Alpha>0</Alpha>
    <UZL>123.43238244408161</UZL>
    <K0>0.36828693254397354</K0>
    <K1>0.088681064669573428</K1>
    <K2>0.09667427385655461</K2>
    <MAXBAS>1.0049709402473614</MAXBAS>
    <Cet>0</Cet>
    <PCALT>10</PCALT>
    <TCALT>0.6</TCALT>
    <Pelev>3022</Pelev>
    <Telev>3058</Telev>
    <PART>0.5</PART>
    <DELAY>1</DELAY>
  </CatchmentParameters>
  <VegetationZone>
    <VegetationZoneParameters>
      <TT>2.1239853990803041</TT>
      <CFMAX>2.3926480466500393</CFMAX>
      <SP>0</SP>
      <SFCF>0.63458276792927226</SFCF>
      <CFR>0.09999973325881184</CFR>
      <CWH>0.19996792543647579</CWH>
      <CFGlacier>1</CFGlacier>
      <CFSlope>1</CFSlope>
      <FC>462.41101149994779</FC>
      <LP>0.43703687865813934</LP>
      <BETA>5.2880433258387187</BETA>
    </VegetationZoneParameters>
  </VegetationZone>
  <SubCatchment>
    <SubCatchmentParameters>
      <KSI>0.001</KSI>
      <KGmin>0.05</KGmin>
      <RangeKG>0.1</RangeKG>
      <AG>0.1</AG>
      <PERC>9.99997929616839</PERC>
      <Alpha>0</Alpha>
      <UZL>123.43238244408161</UZL>
      <K0>0.36828693254397354</K0>
      <K1>0.088681064669573428</K1>
      <K2>0.09667427385655461</K2>
      <MAXBAS>1.0049709402473614</MAXBAS>
      <Cet>0</Cet>
      <PCALT>10</PCALT>
      <TCALT>0.6</TCALT>
      <Pelev>3022</Pelev>
      <Telev>3058</Telev>
      <PART>0.5</PART>
      <DELAY>1</DELAY>
    </SubCatchmentParameters>
    <SubCatchmentVegetationZone>
      <SubCatchmentVegetationZoneParameters>
        <TT>2.1239853990803041</TT>
        <CFMAX>2.3926480466500393</CFMAX>
        <SP>0</SP>
        <SFCF>0.63458276792927226</SFCF>
        <CFR>0.09999973325881184</CFR>
        <CWH>0.19996792543647579</CWH>
        <CFGlacier>1</CFGlacier>
        <CFSlope>1</CFSlope>
        <FC>462.41101149994779</FC>
        <LP>0.43703687865813934</LP>
        <BETA>5.2880433258387187</BETA>
      </SubCatchmentVegetationZoneParameters>
    </SubCatchmentVegetationZone>
  </SubCatchment>
</Catchment>