<?xml version="1.0" encoding="utf-8"?>
<Catchment xmlns:xsi="http://www.w3.org/2001/XMLSchema-instance" xmlns:xsd="http://www.w3.org/2001/XMLSchema">
  <CatchmentParameters>
    <KSI>0.001</KSI>
    <KGmin>0.05</KGmin>
    <RangeKG>0.1</RangeKG>
    <AG>0.1</AG>
    <PERC>0.045241360946852834</PERC>
    <Alpha>0</Alpha>
    <UZL>129.30490139148733</UZL>
    <K0>0.36965115543623189</K0>
    <K1>0.1271349875156258</K1>
    <K2>0.010004014619590017</K2>
    <MAXBAS>1</MAXBAS>
    <Cet>0</Cet>
    <PCALT>10</PCALT>
    <TCALT>0.6</TCALT>
    <Pelev>3022</Pelev>
    <Telev>3058</Telev>
    <PART>0.5</PART>
    <DELAY>1</DELAY>
  </CatchmentParameters>
  <VegetationZone>
    <VegetationZoneParameters>
      <TT>1.7787789331389299</TT>
      <CFMAX>2.3369245965187777</CFMAX>
      <SP>0</SP>
      <SFCF>0.74270830921338638</SFCF>
      <CFR>0.062411622787961994</CFR>
      <CWH>0.1001577746150619</CWH>
      <CFGlacier>1</CFGlacier>
      <CFSlope>1</CFSlope>
      <FC>781.134433751261</FC>
      <LP>0.34602976007476938</LP>
      <BETA>3.6950002844720369</BETA>
    </VegetationZoneParameters>
  </VegetationZone>
  <SubCatchment>
    <SubCatchmentParameters>
      <KSI>0.001</KSI>
      <KGmin>0.05</KGmin>
      <RangeKG>0.1</RangeKG>
      <AG>0.1</AG>
      <PERC>0.045241360946852834</PERC>
      <Alpha>0</Alpha>
      <UZL>129.30490139148733</UZL>
      <K0>0.36965115543623189</K0>
      <K1>0.1271349875156258</K1>
      <K2>0.010004014619590017</K2>
      <MAXBAS>1</MAXBAS>
      <Cet>0</Cet>
      <PCALT>10</PCALT>
      <TCALT>0.6</TCALT>
      <Pelev>3022</Pelev>
      <Telev>3058</Telev>
      <PART>0.5</PART>
      <DELAY>1</DELAY>
    </SubCatchmentParameters>
    <SubCatchmentVegetationZone>
      <SubCatchmentVegetationZoneParameters>
        <TT>1.7787789331389299</TT>
        <CFMAX>2.3369245965187777</CFMAX>
        <SP>0</SP>
        <SFCF>0.74270830921338638</SFCF>
        <CFR>0.062411622787961994</CFR>
        <CWH>0.1001577746150619</CWH>
        <CFGlacier>1</CFGlacier>
        <CFSlope>1</CFSlope>
        <FC>781.134433751261</FC>
        <LP>0.34602976007476938</LP>
        <BETA>3.6950002844720369</BETA>
      </SubCatchmentVegetationZoneParameters>
    </SubCatchmentVegetationZone>
  </SubCatchment>
</Catchment>