<?xml version="1.0" encoding="utf-8"?>
<Catchment xmlns:xsi="http://www.w3.org/2001/XMLSchema-instance" xmlns:xsd="http://www.w3.org/2001/XMLSchema">
  <CatchmentParameters>
    <KSI>0.001</KSI>
    <KGmin>0.05</KGmin>
    <RangeKG>0.1</RangeKG>
    <AG>0.1</AG>
    <PERC>9.8015630773983773</PERC>
    <Alpha>0</Alpha>
    <UZL>197.94449610067304</UZL>
    <K0>0.068541839223582465</K0>
    <K1>0.19770989912942938</K1>
    <K2>0.11645352609282594</K2>
    <MAXBAS>1.4250065612833232</MAXBAS>
    <Cet>0</Cet>
    <PCALT>10</PCALT>
    <TCALT>0.6</TCALT>
    <Pelev>3022</Pelev>
    <Telev>3058</Telev>
    <PART>0.5</PART>
    <DELAY>1</DELAY>
  </CatchmentParameters>
  <VegetationZone>
    <VegetationZoneParameters>
      <TT>1.9059938785576889</TT>
      <CFMAX>1.8032659360984622</CFMAX>
      <SP>0</SP>
      <SFCF>0.57773338985498357</SFCF>
      <CFR>0.080810181063312211</CFR>
      <CWH>0.19436063706891676</CWH>
      <CFGlacier>1</CFGlacier>
      <CFSlope>1</CFSlope>
      <FC>454.39416078057462</FC>
      <LP>0.517574886649178</LP>
      <BETA>5.0341942482901816</BETA>
    </VegetationZoneParameters>
  </VegetationZone>
  <SubCatchment>
    <SubCatchmentParameters>
      <KSI>0.001</KSI>
      <KGmin>0.05</KGmin>
      <RangeKG>0.1</RangeKG>
      <AG>0.1</AG>
      <PERC>9.8015630773983773</PERC>
      <Alpha>0</Alpha>
      <UZL>197.94449610067304</UZL>
      <K0>0.068541839223582465</K0>
      <K1>0.19770989912942938</K1>
      <K2>0.11645352609282594</K2>
      <MAXBAS>1.4250065612833232</MAXBAS>
      <Cet>0</Cet>
      <PCALT>10</PCALT>
      <TCALT>0.6</TCALT>
      <Pelev>3022</Pelev>
      <Telev>3058</Telev>
      <PART>0.5</PART>
      <DELAY>1</DELAY>
    </SubCatchmentParameters>
    <SubCatchmentVegetationZone>
      <SubCatchmentVegetationZoneParameters>
        <TT>1.9059938785576889</TT>
        <CFMAX>1.8032659360984622</CFMAX>
        <SP>0</SP>
        <SFCF>0.57773338985498357</SFCF>
        <CFR>0.080810181063312211</CFR>
        <CWH>0.19436063706891676</CWH>
        <CFGlacier>1</CFGlacier>
        <CFSlope>1</CFSlope>
        <FC>454.39416078057462</FC>
        <LP>0.517574886649178</LP>
        <BETA>5.0341942482901816</BETA>
      </SubCatchmentVegetationZoneParameters>
    </SubCatchmentVegetationZone>
  </SubCatchment>
</Catchment>