<?xml version="1.0" encoding="utf-8"?>
<Catchment xmlns:xsi="http://www.w3.org/2001/XMLSchema-instance" xmlns:xsd="http://www.w3.org/2001/XMLSchema">
  <CatchmentParameters>
    <KSI>0.001</KSI>
    <KGmin>0.05</KGmin>
    <RangeKG>0.1</RangeKG>
    <AG>0.1</AG>
    <PERC>0.0445408334346792</PERC>
    <Alpha>0</Alpha>
    <UZL>115.00164798524017</UZL>
    <K0>0.49506123518757117</K0>
    <K1>0.14122773765231103</K1>
    <K2>0.010000002085341344</K2>
    <MAXBAS>1</MAXBAS>
    <Cet>0</Cet>
    <PCALT>10</PCALT>
    <TCALT>0.6</TCALT>
    <Pelev>3022</Pelev>
    <Telev>3058</Telev>
    <PART>0.5</PART>
    <DELAY>1</DELAY>
  </CatchmentParameters>
  <VegetationZone>
    <VegetationZoneParameters>
      <TT>1.3239977835378352</TT>
      <CFMAX>1.6862715842939056</CFMAX>
      <SP>0</SP>
      <SFCF>0.65724129265658859</SFCF>
      <CFR>0.063191217912831568</CFR>
      <CWH>0.10000032257401169</CWH>
      <CFGlacier>1</CFGlacier>
      <CFSlope>1</CFSlope>
      <FC>821.97028851996765</FC>
      <LP>0.6349696379976093</LP>
      <BETA>5.7638479271796133</BETA>
    </VegetationZoneParameters>
  </VegetationZone>
  <SubCatchment>
    <SubCatchmentParameters>
      <KSI>0.001</KSI>
      <KGmin>0.05</KGmin>
      <RangeKG>0.1</RangeKG>
      <AG>0.1</AG>
      <PERC>0.0445408334346792</PERC>
      <Alpha>0</Alpha>
      <UZL>115.00164798524017</UZL>
      <K0>0.49506123518757117</K0>
      <K1>0.14122773765231103</K1>
      <K2>0.010000002085341344</K2>
      <MAXBAS>1</MAXBAS>
      <Cet>0</Cet>
      <PCALT>10</PCALT>
      <TCALT>0.6</TCALT>
      <Pelev>3022</Pelev>
      <Telev>3058</Telev>
      <PART>0.5</PART>
      <DELAY>1</DELAY>
    </SubCatchmentParameters>
    <SubCatchmentVegetationZone>
      <SubCatchmentVegetationZoneParameters>
        <TT>1.3239977835378352</TT>
        <CFMAX>1.6862715842939056</CFMAX>
        <SP>0</SP>
        <SFCF>0.65724129265658859</SFCF>
        <CFR>0.063191217912831568</CFR>
        <CWH>0.10000032257401169</CWH>
        <CFGlacier>1</CFGlacier>
        <CFSlope>1</CFSlope>
        <FC>821.97028851996765</FC>
        <LP>0.6349696379976093</LP>
        <BETA>5.7638479271796133</BETA>
      </SubCatchmentVegetationZoneParameters>
    </SubCatchmentVegetationZone>
  </SubCatchment>
</Catchment>