<?xml version="1.0" encoding="utf-8"?>
<Catchment xmlns:xsi="http://www.w3.org/2001/XMLSchema-instance" xmlns:xsd="http://www.w3.org/2001/XMLSchema">
  <CatchmentParameters>
    <KSI>0.001</KSI>
    <KGmin>0.05</KGmin>
    <RangeKG>0.1</RangeKG>
    <AG>0.1</AG>
    <PERC>0.050480202177229157</PERC>
    <Alpha>0</Alpha>
    <UZL>138.84222062403006</UZL>
    <K0>0.44961599277913578</K0>
    <K1>0.1166240461797617</K1>
    <K2>0.012075330411624428</K2>
    <MAXBAS>1</MAXBAS>
    <Cet>0</Cet>
    <PCALT>10</PCALT>
    <TCALT>0.6</TCALT>
    <Pelev>3022</Pelev>
    <Telev>3058</Telev>
    <PART>0.5</PART>
    <DELAY>1</DELAY>
  </CatchmentParameters>
  <VegetationZone>
    <VegetationZoneParameters>
      <TT>0.1446871760911323</TT>
      <CFMAX>1.3361424122157151</CFMAX>
      <SP>0</SP>
      <SFCF>0.67226229497408119</SFCF>
      <CFR>0.0720119032584015</CFR>
      <CWH>0.10725311355168071</CWH>
      <CFGlacier>1</CFGlacier>
      <CFSlope>1</CFSlope>
      <FC>725.17025771132671</FC>
      <LP>0.52825719210121413</LP>
      <BETA>5.4592084761776949</BETA>
    </VegetationZoneParameters>
  </VegetationZone>
  <SubCatchment>
    <SubCatchmentParameters>
      <KSI>0.001</KSI>
      <KGmin>0.05</KGmin>
      <RangeKG>0.1</RangeKG>
      <AG>0.1</AG>
      <PERC>0.050480202177229157</PERC>
      <Alpha>0</Alpha>
      <UZL>138.84222062403006</UZL>
      <K0>0.44961599277913578</K0>
      <K1>0.1166240461797617</K1>
      <K2>0.012075330411624428</K2>
      <MAXBAS>1</MAXBAS>
      <Cet>0</Cet>
      <PCALT>10</PCALT>
      <TCALT>0.6</TCALT>
      <Pelev>3022</Pelev>
      <Telev>3058</Telev>
      <PART>0.5</PART>
      <DELAY>1</DELAY>
    </SubCatchmentParameters>
    <SubCatchmentVegetationZone>
      <SubCatchmentVegetationZoneParameters>
        <TT>0.1446871760911323</TT>
        <CFMAX>1.3361424122157151</CFMAX>
        <SP>0</SP>
        <SFCF>0.67226229497408119</SFCF>
        <CFR>0.0720119032584015</CFR>
        <CWH>0.10725311355168071</CWH>
        <CFGlacier>1</CFGlacier>
        <CFSlope>1</CFSlope>
        <FC>725.17025771132671</FC>
        <LP>0.52825719210121413</LP>
        <BETA>5.4592084761776949</BETA>
      </SubCatchmentVegetationZoneParameters>
    </SubCatchmentVegetationZone>
  </SubCatchment>
</Catchment>