<?xml version="1.0" encoding="utf-8"?>
<Catchment xmlns:xsi="http://www.w3.org/2001/XMLSchema-instance" xmlns:xsd="http://www.w3.org/2001/XMLSchema">
  <CatchmentParameters>
    <KSI>0.001</KSI>
    <KGmin>0.05</KGmin>
    <RangeKG>0.1</RangeKG>
    <AG>0.1</AG>
    <PERC>0.026214842303837624</PERC>
    <Alpha>0</Alpha>
    <UZL>68.336498524812782</UZL>
    <K0>0.16468369369818023</K0>
    <K1>0.14361731917844492</K1>
    <K2>0.010006388138513392</K2>
    <MAXBAS>1</MAXBAS>
    <Cet>0</Cet>
    <PCALT>10</PCALT>
    <TCALT>0.6</TCALT>
    <Pelev>3022</Pelev>
    <Telev>3058</Telev>
    <PART>0.5</PART>
    <DELAY>1</DELAY>
  </CatchmentParameters>
  <VegetationZone>
    <VegetationZoneParameters>
      <TT>0.93495741073372007</TT>
      <CFMAX>1.7500162593243531</CFMAX>
      <SP>0</SP>
      <SFCF>0.77714089764380145</SFCF>
      <CFR>0.043613471226154527</CFR>
      <CWH>0.13564002478205725</CWH>
      <CFGlacier>1</CFGlacier>
      <CFSlope>1</CFSlope>
      <FC>1506.0587806886967</FC>
      <LP>0.57971618849176532</LP>
      <BETA>4.4031712993824179</BETA>
    </VegetationZoneParameters>
  </VegetationZone>
  <SubCatchment>
    <SubCatchmentParameters>
      <KSI>0.001</KSI>
      <KGmin>0.05</KGmin>
      <RangeKG>0.1</RangeKG>
      <AG>0.1</AG>
      <PERC>0.026214842303837624</PERC>
      <Alpha>0</Alpha>
      <UZL>68.336498524812782</UZL>
      <K0>0.16468369369818023</K0>
      <K1>0.14361731917844492</K1>
      <K2>0.010006388138513392</K2>
      <MAXBAS>1</MAXBAS>
      <Cet>0</Cet>
      <PCALT>10</PCALT>
      <TCALT>0.6</TCALT>
      <Pelev>3022</Pelev>
      <Telev>3058</Telev>
      <PART>0.5</PART>
      <DELAY>1</DELAY>
    </SubCatchmentParameters>
    <SubCatchmentVegetationZone>
      <SubCatchmentVegetationZoneParameters>
        <TT>0.93495741073372007</TT>
        <CFMAX>1.7500162593243531</CFMAX>
        <SP>0</SP>
        <SFCF>0.77714089764380145</SFCF>
        <CFR>0.043613471226154527</CFR>
        <CWH>0.13564002478205725</CWH>
        <CFGlacier>1</CFGlacier>
        <CFSlope>1</CFSlope>
        <FC>1506.0587806886967</FC>
        <LP>0.57971618849176532</LP>
        <BETA>4.4031712993824179</BETA>
      </SubCatchmentVegetationZoneParameters>
    </SubCatchmentVegetationZone>
  </SubCatchment>
</Catchment>