<?xml version="1.0" encoding="utf-8"?>
<Catchment xmlns:xsi="http://www.w3.org/2001/XMLSchema-instance" xmlns:xsd="http://www.w3.org/2001/XMLSchema">
  <CatchmentParameters>
    <KSI>0.001</KSI>
    <KGmin>0.05</KGmin>
    <RangeKG>0.1</RangeKG>
    <AG>0.1</AG>
    <PERC>0.036363998568729294</PERC>
    <Alpha>0</Alpha>
    <UZL>126.03132926023608</UZL>
    <K0>0.36233549675942084</K0>
    <K1>0.11680328446635672</K1>
    <K2>0.010000660524091471</K2>
    <MAXBAS>1</MAXBAS>
    <Cet>0</Cet>
    <PCALT>10</PCALT>
    <TCALT>0.6</TCALT>
    <Pelev>3022</Pelev>
    <Telev>3058</Telev>
    <PART>0.5</PART>
    <DELAY>1</DELAY>
  </CatchmentParameters>
  <VegetationZone>
    <VegetationZoneParameters>
      <TT>1.2276888793015985</TT>
      <CFMAX>2.283545221588597</CFMAX>
      <SP>0</SP>
      <SFCF>0.81075217608218353</SFCF>
      <CFR>0.044458116056262466</CFR>
      <CWH>0.17697993293495992</CWH>
      <CFGlacier>1</CFGlacier>
      <CFSlope>1</CFSlope>
      <FC>1382.551616509965</FC>
      <LP>0.55263168040820276</LP>
      <BETA>4.7372298000348714</BETA>
    </VegetationZoneParameters>
  </VegetationZone>
  <SubCatchment>
    <SubCatchmentParameters>
      <KSI>0.001</KSI>
      <KGmin>0.05</KGmin>
      <RangeKG>0.1</RangeKG>
      <AG>0.1</AG>
      <PERC>0.036363998568729294</PERC>
      <Alpha>0</Alpha>
      <UZL>126.03132926023608</UZL>
      <K0>0.36233549675942084</K0>
      <K1>0.11680328446635672</K1>
      <K2>0.010000660524091471</K2>
      <MAXBAS>1</MAXBAS>
      <Cet>0</Cet>
      <PCALT>10</PCALT>
      <TCALT>0.6</TCALT>
      <Pelev>3022</Pelev>
      <Telev>3058</Telev>
      <PART>0.5</PART>
      <DELAY>1</DELAY>
    </SubCatchmentParameters>
    <SubCatchmentVegetationZone>
      <SubCatchmentVegetationZoneParameters>
        <TT>1.2276888793015985</TT>
        <CFMAX>2.283545221588597</CFMAX>
        <SP>0</SP>
        <SFCF>0.81075217608218353</SFCF>
        <CFR>0.044458116056262466</CFR>
        <CWH>0.17697993293495992</CWH>
        <CFGlacier>1</CFGlacier>
        <CFSlope>1</CFSlope>
        <FC>1382.551616509965</FC>
        <LP>0.55263168040820276</LP>
        <BETA>4.7372298000348714</BETA>
      </SubCatchmentVegetationZoneParameters>
    </SubCatchmentVegetationZone>
  </SubCatchment>
</Catchment>