<?xml version="1.0" encoding="utf-8"?>
<Catchment xmlns:xsi="http://www.w3.org/2001/XMLSchema-instance" xmlns:xsd="http://www.w3.org/2001/XMLSchema">
  <CatchmentParameters>
    <KSI>0.001</KSI>
    <KGmin>0.05</KGmin>
    <RangeKG>0.1</RangeKG>
    <AG>0.1</AG>
    <PERC>9.9999465715579774</PERC>
    <Alpha>0</Alpha>
    <UZL>31.712693743685268</UZL>
    <K0>0.10530824550610922</K0>
    <K1>0.12216023994849627</K1>
    <K2>0.1003835414852414</K2>
    <MAXBAS>1.5548113006457471</MAXBAS>
    <Cet>0</Cet>
    <PCALT>10</PCALT>
    <TCALT>0.6</TCALT>
    <Pelev>3022</Pelev>
    <Telev>3058</Telev>
    <PART>0.5</PART>
    <DELAY>1</DELAY>
  </CatchmentParameters>
  <VegetationZone>
    <VegetationZoneParameters>
      <TT>2.4749281830234966</TT>
      <CFMAX>2.282837077901628</CFMAX>
      <SP>0</SP>
      <SFCF>0.56136090576734821</SFCF>
      <CFR>0.06352181648675527</CFR>
      <CWH>0.19999912296526487</CWH>
      <CFGlacier>1</CFGlacier>
      <CFSlope>1</CFSlope>
      <FC>551.7332789238443</FC>
      <LP>0.771176117544256</LP>
      <BETA>5.9999831771506287</BETA>
    </VegetationZoneParameters>
  </VegetationZone>
  <SubCatchment>
    <SubCatchmentParameters>
      <KSI>0.001</KSI>
      <KGmin>0.05</KGmin>
      <RangeKG>0.1</RangeKG>
      <AG>0.1</AG>
      <PERC>9.9999465715579774</PERC>
      <Alpha>0</Alpha>
      <UZL>31.712693743685268</UZL>
      <K0>0.10530824550610922</K0>
      <K1>0.12216023994849627</K1>
      <K2>0.1003835414852414</K2>
      <MAXBAS>1.5548113006457471</MAXBAS>
      <Cet>0</Cet>
      <PCALT>10</PCALT>
      <TCALT>0.6</TCALT>
      <Pelev>3022</Pelev>
      <Telev>3058</Telev>
      <PART>0.5</PART>
      <DELAY>1</DELAY>
    </SubCatchmentParameters>
    <SubCatchmentVegetationZone>
      <SubCatchmentVegetationZoneParameters>
        <TT>2.4749281830234966</TT>
        <CFMAX>2.282837077901628</CFMAX>
        <SP>0</SP>
        <SFCF>0.56136090576734821</SFCF>
        <CFR>0.06352181648675527</CFR>
        <CWH>0.19999912296526487</CWH>
        <CFGlacier>1</CFGlacier>
        <CFSlope>1</CFSlope>
        <FC>551.7332789238443</FC>
        <LP>0.771176117544256</LP>
        <BETA>5.9999831771506287</BETA>
      </SubCatchmentVegetationZoneParameters>
    </SubCatchmentVegetationZone>
  </SubCatchment>
</Catchment>