<?xml version="1.0" encoding="utf-8"?>
<Catchment xmlns:xsi="http://www.w3.org/2001/XMLSchema-instance" xmlns:xsd="http://www.w3.org/2001/XMLSchema">
  <CatchmentParameters>
    <KSI>0.001</KSI>
    <KGmin>0.05</KGmin>
    <RangeKG>0.1</RangeKG>
    <AG>0.1</AG>
    <PERC>6.4744325154762139</PERC>
    <Alpha>0</Alpha>
    <UZL>77.530107591773344</UZL>
    <K0>0.055844604363615366</K0>
    <K1>0.069459095857883957</K1>
    <K2>0.10210096636653426</K2>
    <MAXBAS>1.0049183026512234</MAXBAS>
    <Cet>0</Cet>
    <PCALT>10</PCALT>
    <TCALT>0.6</TCALT>
    <Pelev>3022</Pelev>
    <Telev>3058</Telev>
    <PART>0.5</PART>
    <DELAY>1</DELAY>
  </CatchmentParameters>
  <VegetationZone>
    <VegetationZoneParameters>
      <TT>1.8269206655010282</TT>
      <CFMAX>1.6708974149541978</CFMAX>
      <SP>0</SP>
      <SFCF>0.50975232630900513</SFCF>
      <CFR>0.099999470517361813</CFR>
      <CWH>0.19999901775289566</CWH>
      <CFGlacier>1</CFGlacier>
      <CFSlope>1</CFSlope>
      <FC>297.74718511343548</FC>
      <LP>0.30000051351380908</LP>
      <BETA>5.9999938868742264</BETA>
    </VegetationZoneParameters>
  </VegetationZone>
  <SubCatchment>
    <SubCatchmentParameters>
      <KSI>0.001</KSI>
      <KGmin>0.05</KGmin>
      <RangeKG>0.1</RangeKG>
      <AG>0.1</AG>
      <PERC>6.4744325154762139</PERC>
      <Alpha>0</Alpha>
      <UZL>77.530107591773344</UZL>
      <K0>0.055844604363615366</K0>
      <K1>0.069459095857883957</K1>
      <K2>0.10210096636653426</K2>
      <MAXBAS>1.0049183026512234</MAXBAS>
      <Cet>0</Cet>
      <PCALT>10</PCALT>
      <TCALT>0.6</TCALT>
      <Pelev>3022</Pelev>
      <Telev>3058</Telev>
      <PART>0.5</PART>
      <DELAY>1</DELAY>
    </SubCatchmentParameters>
    <SubCatchmentVegetationZone>
      <SubCatchmentVegetationZoneParameters>
        <TT>1.8269206655010282</TT>
        <CFMAX>1.6708974149541978</CFMAX>
        <SP>0</SP>
        <SFCF>0.50975232630900513</SFCF>
        <CFR>0.099999470517361813</CFR>
        <CWH>0.19999901775289566</CWH>
        <CFGlacier>1</CFGlacier>
        <CFSlope>1</CFSlope>
        <FC>297.74718511343548</FC>
        <LP>0.30000051351380908</LP>
        <BETA>5.9999938868742264</BETA>
      </SubCatchmentVegetationZoneParameters>
    </SubCatchmentVegetationZone>
  </SubCatchment>
</Catchment>