<?xml version="1.0" encoding="utf-8"?>
<Catchment xmlns:xsi="http://www.w3.org/2001/XMLSchema-instance" xmlns:xsd="http://www.w3.org/2001/XMLSchema">
  <CatchmentParameters>
    <KSI>0.001</KSI>
    <KGmin>0.05</KGmin>
    <RangeKG>0.1</RangeKG>
    <AG>0.1</AG>
    <PERC>9.9999576000141133</PERC>
    <Alpha>0</Alpha>
    <UZL>150.8038573229594</UZL>
    <K0>0.87347891856738857</K0>
    <K1>0.15319651689425742</K1>
    <K2>0.10606784348178212</K2>
    <MAXBAS>1.3550606342283658</MAXBAS>
    <Cet>0</Cet>
    <PCALT>10</PCALT>
    <TCALT>0.6</TCALT>
    <Pelev>3022</Pelev>
    <Telev>3058</Telev>
    <PART>0.5</PART>
    <DELAY>1</DELAY>
  </CatchmentParameters>
  <VegetationZone>
    <VegetationZoneParameters>
      <TT>1.652470248668088</TT>
      <CFMAX>1.8275830575561467</CFMAX>
      <SP>0</SP>
      <SFCF>0.59739165305221276</SFCF>
      <CFR>0.099999676592584352</CFR>
      <CWH>0.19999808106617006</CWH>
      <CFGlacier>1</CFGlacier>
      <CFSlope>1</CFSlope>
      <FC>509.12855658529946</FC>
      <LP>0.591436374781888</LP>
      <BETA>5.99999682482462</BETA>
    </VegetationZoneParameters>
  </VegetationZone>
  <SubCatchment>
    <SubCatchmentParameters>
      <KSI>0.001</KSI>
      <KGmin>0.05</KGmin>
      <RangeKG>0.1</RangeKG>
      <AG>0.1</AG>
      <PERC>9.9999576000141133</PERC>
      <Alpha>0</Alpha>
      <UZL>150.8038573229594</UZL>
      <K0>0.87347891856738857</K0>
      <K1>0.15319651689425742</K1>
      <K2>0.10606784348178212</K2>
      <MAXBAS>1.3550606342283658</MAXBAS>
      <Cet>0</Cet>
      <PCALT>10</PCALT>
      <TCALT>0.6</TCALT>
      <Pelev>3022</Pelev>
      <Telev>3058</Telev>
      <PART>0.5</PART>
      <DELAY>1</DELAY>
    </SubCatchmentParameters>
    <SubCatchmentVegetationZone>
      <SubCatchmentVegetationZoneParameters>
        <TT>1.652470248668088</TT>
        <CFMAX>1.8275830575561467</CFMAX>
        <SP>0</SP>
        <SFCF>0.59739165305221276</SFCF>
        <CFR>0.099999676592584352</CFR>
        <CWH>0.19999808106617006</CWH>
        <CFGlacier>1</CFGlacier>
        <CFSlope>1</CFSlope>
        <FC>509.12855658529946</FC>
        <LP>0.591436374781888</LP>
        <BETA>5.99999682482462</BETA>
      </SubCatchmentVegetationZoneParameters>
    </SubCatchmentVegetationZone>
  </SubCatchment>
</Catchment>