<?xml version="1.0" encoding="utf-8"?>
<Catchment xmlns:xsi="http://www.w3.org/2001/XMLSchema-instance" xmlns:xsd="http://www.w3.org/2001/XMLSchema">
  <CatchmentParameters>
    <KSI>0.001</KSI>
    <KGmin>0.05</KGmin>
    <RangeKG>0.1</RangeKG>
    <AG>0.1</AG>
    <PERC>6.1940603847322429</PERC>
    <Alpha>0</Alpha>
    <UZL>101.47029712144875</UZL>
    <K0>0.27974065113944319</K0>
    <K1>0.10025421724345496</K1>
    <K2>0.10468197855124543</K2>
    <MAXBAS>1.0050828354592509</MAXBAS>
    <Cet>0</Cet>
    <PCALT>10</PCALT>
    <TCALT>0.6</TCALT>
    <Pelev>3022</Pelev>
    <Telev>3058</Telev>
    <PART>0.5</PART>
    <DELAY>1</DELAY>
  </CatchmentParameters>
  <VegetationZone>
    <VegetationZoneParameters>
      <TT>1.6240008126735244</TT>
      <CFMAX>1.6647473335332923</CFMAX>
      <SP>0</SP>
      <SFCF>0.55701158691400765</SFCF>
      <CFR>0.08674143981525731</CFR>
      <CWH>0.14272552032244434</CWH>
      <CFGlacier>1</CFGlacier>
      <CFSlope>1</CFSlope>
      <FC>362.22340717750666</FC>
      <LP>0.37729923391084719</LP>
      <BETA>5.9999961314756538</BETA>
    </VegetationZoneParameters>
  </VegetationZone>
  <SubCatchment>
    <SubCatchmentParameters>
      <KSI>0.001</KSI>
      <KGmin>0.05</KGmin>
      <RangeKG>0.1</RangeKG>
      <AG>0.1</AG>
      <PERC>6.1940603847322429</PERC>
      <Alpha>0</Alpha>
      <UZL>101.47029712144875</UZL>
      <K0>0.27974065113944319</K0>
      <K1>0.10025421724345496</K1>
      <K2>0.10468197855124543</K2>
      <MAXBAS>1.0050828354592509</MAXBAS>
      <Cet>0</Cet>
      <PCALT>10</PCALT>
      <TCALT>0.6</TCALT>
      <Pelev>3022</Pelev>
      <Telev>3058</Telev>
      <PART>0.5</PART>
      <DELAY>1</DELAY>
    </SubCatchmentParameters>
    <SubCatchmentVegetationZone>
      <SubCatchmentVegetationZoneParameters>
        <TT>1.6240008126735244</TT>
        <CFMAX>1.6647473335332923</CFMAX>
        <SP>0</SP>
        <SFCF>0.55701158691400765</SFCF>
        <CFR>0.08674143981525731</CFR>
        <CWH>0.14272552032244434</CWH>
        <CFGlacier>1</CFGlacier>
        <CFSlope>1</CFSlope>
        <FC>362.22340717750666</FC>
        <LP>0.37729923391084719</LP>
        <BETA>5.9999961314756538</BETA>
      </SubCatchmentVegetationZoneParameters>
    </SubCatchmentVegetationZone>
  </SubCatchment>
</Catchment>