<?xml version="1.0" encoding="utf-8"?>
<Catchment xmlns:xsi="http://www.w3.org/2001/XMLSchema-instance" xmlns:xsd="http://www.w3.org/2001/XMLSchema">
  <CatchmentParameters>
    <KSI>0.001</KSI>
    <KGmin>0.05</KGmin>
    <RangeKG>0.1</RangeKG>
    <AG>0.1</AG>
    <PERC>8.55949483792495</PERC>
    <Alpha>0</Alpha>
    <UZL>108.29010226422381</UZL>
    <K0>0.26115226667972058</K0>
    <K1>0.2474942609841706</K1>
    <K2>0.11083818770048581</K2>
    <MAXBAS>1.84501559068063</MAXBAS>
    <Cet>0</Cet>
    <PCALT>10</PCALT>
    <TCALT>0.6</TCALT>
    <Pelev>3022</Pelev>
    <Telev>3058</Telev>
    <PART>0.5</PART>
    <DELAY>1</DELAY>
  </CatchmentParameters>
  <VegetationZone>
    <VegetationZoneParameters>
      <TT>1.3339219948812693</TT>
      <CFMAX>1.8782005801773611</CFMAX>
      <SP>0</SP>
      <SFCF>0.70080780856268932</SFCF>
      <CFR>0.099999610113180828</CFR>
      <CWH>0.19999939798144226</CWH>
      <CFGlacier>1</CFGlacier>
      <CFSlope>1</CFSlope>
      <FC>755.47680156544777</FC>
      <LP>0.59876256363660574</LP>
      <BETA>4.779921697700483</BETA>
    </VegetationZoneParameters>
  </VegetationZone>
  <SubCatchment>
    <SubCatchmentParameters>
      <KSI>0.001</KSI>
      <KGmin>0.05</KGmin>
      <RangeKG>0.1</RangeKG>
      <AG>0.1</AG>
      <PERC>8.55949483792495</PERC>
      <Alpha>0</Alpha>
      <UZL>108.29010226422381</UZL>
      <K0>0.26115226667972058</K0>
      <K1>0.2474942609841706</K1>
      <K2>0.11083818770048581</K2>
      <MAXBAS>1.84501559068063</MAXBAS>
      <Cet>0</Cet>
      <PCALT>10</PCALT>
      <TCALT>0.6</TCALT>
      <Pelev>3022</Pelev>
      <Telev>3058</Telev>
      <PART>0.5</PART>
      <DELAY>1</DELAY>
    </SubCatchmentParameters>
    <SubCatchmentVegetationZone>
      <SubCatchmentVegetationZoneParameters>
        <TT>1.3339219948812693</TT>
        <CFMAX>1.8782005801773611</CFMAX>
        <SP>0</SP>
        <SFCF>0.70080780856268932</SFCF>
        <CFR>0.099999610113180828</CFR>
        <CWH>0.19999939798144226</CWH>
        <CFGlacier>1</CFGlacier>
        <CFSlope>1</CFSlope>
        <FC>755.47680156544777</FC>
        <LP>0.59876256363660574</LP>
        <BETA>4.779921697700483</BETA>
      </SubCatchmentVegetationZoneParameters>
    </SubCatchmentVegetationZone>
  </SubCatchment>
</Catchment>