<?xml version="1.0" encoding="utf-8"?>
<Catchment xmlns:xsi="http://www.w3.org/2001/XMLSchema-instance" xmlns:xsd="http://www.w3.org/2001/XMLSchema">
  <CatchmentParameters>
    <KSI>0.001</KSI>
    <KGmin>0.05</KGmin>
    <RangeKG>0.1</RangeKG>
    <AG>0.1</AG>
    <PERC>0.039321709151543149</PERC>
    <Alpha>0</Alpha>
    <UZL>102.98873435612774</UZL>
    <K0>0.056378123545197764</K0>
    <K1>0.14931944924359075</K1>
    <K2>0.01000000019725651</K2>
    <MAXBAS>1</MAXBAS>
    <Cet>0</Cet>
    <PCALT>10</PCALT>
    <TCALT>0.6</TCALT>
    <Pelev>3022</Pelev>
    <Telev>3058</Telev>
    <PART>0.5</PART>
    <DELAY>1</DELAY>
  </CatchmentParameters>
  <VegetationZone>
    <VegetationZoneParameters>
      <TT>1.1390867350638858</TT>
      <CFMAX>1.80213331505338</CFMAX>
      <SP>0</SP>
      <SFCF>0.75590344636689788</SFCF>
      <CFR>0.046791084275512485</CFR>
      <CWH>0.10518356867659467</CWH>
      <CFGlacier>1</CFGlacier>
      <CFSlope>1</CFSlope>
      <FC>1111.2257172923319</FC>
      <LP>0.597736199301788</LP>
      <BETA>5.99981974001656</BETA>
    </VegetationZoneParameters>
  </VegetationZone>
  <SubCatchment>
    <SubCatchmentParameters>
      <KSI>0.001</KSI>
      <KGmin>0.05</KGmin>
      <RangeKG>0.1</RangeKG>
      <AG>0.1</AG>
      <PERC>0.039321709151543149</PERC>
      <Alpha>0</Alpha>
      <UZL>102.98873435612774</UZL>
      <K0>0.056378123545197764</K0>
      <K1>0.14931944924359075</K1>
      <K2>0.01000000019725651</K2>
      <MAXBAS>1</MAXBAS>
      <Cet>0</Cet>
      <PCALT>10</PCALT>
      <TCALT>0.6</TCALT>
      <Pelev>3022</Pelev>
      <Telev>3058</Telev>
      <PART>0.5</PART>
      <DELAY>1</DELAY>
    </SubCatchmentParameters>
    <SubCatchmentVegetationZone>
      <SubCatchmentVegetationZoneParameters>
        <TT>1.1390867350638858</TT>
        <CFMAX>1.80213331505338</CFMAX>
        <SP>0</SP>
        <SFCF>0.75590344636689788</SFCF>
        <CFR>0.046791084275512485</CFR>
        <CWH>0.10518356867659467</CWH>
        <CFGlacier>1</CFGlacier>
        <CFSlope>1</CFSlope>
        <FC>1111.2257172923319</FC>
        <LP>0.597736199301788</LP>
        <BETA>5.99981974001656</BETA>
      </SubCatchmentVegetationZoneParameters>
    </SubCatchmentVegetationZone>
  </SubCatchment>
</Catchment>