<?xml version="1.0" encoding="utf-8"?>
<Catchment xmlns:xsi="http://www.w3.org/2001/XMLSchema-instance" xmlns:xsd="http://www.w3.org/2001/XMLSchema">
  <CatchmentParameters>
    <KSI>0.001</KSI>
    <KGmin>0.05</KGmin>
    <RangeKG>0.1</RangeKG>
    <AG>0.1</AG>
    <PERC>0.029649329889920695</PERC>
    <Alpha>0</Alpha>
    <UZL>191.40417743199075</UZL>
    <K0>0.098263768015241018</K0>
    <K1>0.13569832166161194</K1>
    <K2>0.011348955907184538</K2>
    <MAXBAS>1</MAXBAS>
    <Cet>0</Cet>
    <PCALT>10</PCALT>
    <TCALT>0.6</TCALT>
    <Pelev>3022</Pelev>
    <Telev>3058</Telev>
    <PART>0.5</PART>
    <DELAY>1</DELAY>
  </CatchmentParameters>
  <VegetationZone>
    <VegetationZoneParameters>
      <TT>-0.34100319525468914</TT>
      <CFMAX>1.2872494127535574</CFMAX>
      <SP>0</SP>
      <SFCF>0.81346504039630407</SFCF>
      <CFR>0.099999894798545541</CFR>
      <CWH>0.16359231173311678</CWH>
      <CFGlacier>1</CFGlacier>
      <CFSlope>1</CFSlope>
      <FC>1427.2298209563835</FC>
      <LP>0.49449415533696173</LP>
      <BETA>4.4241120925428321</BETA>
    </VegetationZoneParameters>
  </VegetationZone>
  <SubCatchment>
    <SubCatchmentParameters>
      <KSI>0.001</KSI>
      <KGmin>0.05</KGmin>
      <RangeKG>0.1</RangeKG>
      <AG>0.1</AG>
      <PERC>0.029649329889920695</PERC>
      <Alpha>0</Alpha>
      <UZL>191.40417743199075</UZL>
      <K0>0.098263768015241018</K0>
      <K1>0.13569832166161194</K1>
      <K2>0.011348955907184538</K2>
      <MAXBAS>1</MAXBAS>
      <Cet>0</Cet>
      <PCALT>10</PCALT>
      <TCALT>0.6</TCALT>
      <Pelev>3022</Pelev>
      <Telev>3058</Telev>
      <PART>0.5</PART>
      <DELAY>1</DELAY>
    </SubCatchmentParameters>
    <SubCatchmentVegetationZone>
      <SubCatchmentVegetationZoneParameters>
        <TT>-0.34100319525468914</TT>
        <CFMAX>1.2872494127535574</CFMAX>
        <SP>0</SP>
        <SFCF>0.81346504039630407</SFCF>
        <CFR>0.099999894798545541</CFR>
        <CWH>0.16359231173311678</CWH>
        <CFGlacier>1</CFGlacier>
        <CFSlope>1</CFSlope>
        <FC>1427.2298209563835</FC>
        <LP>0.49449415533696173</LP>
        <BETA>4.4241120925428321</BETA>
      </SubCatchmentVegetationZoneParameters>
    </SubCatchmentVegetationZone>
  </SubCatchment>
</Catchment>