<?xml version="1.0" encoding="utf-8"?>
<Catchment xmlns:xsi="http://www.w3.org/2001/XMLSchema-instance" xmlns:xsd="http://www.w3.org/2001/XMLSchema">
  <CatchmentParameters>
    <KSI>0.001</KSI>
    <KGmin>0.05</KGmin>
    <RangeKG>0.1</RangeKG>
    <AG>0.1</AG>
    <PERC>8.9577028025824035</PERC>
    <Alpha>0</Alpha>
    <UZL>92.588945276815736</UZL>
    <K0>0.2883071582679837</K0>
    <K1>0.16246175010485875</K1>
    <K2>0.11557163524707413</K2>
    <MAXBAS>1.0049312673241133</MAXBAS>
    <Cet>0</Cet>
    <PCALT>10</PCALT>
    <TCALT>0.6</TCALT>
    <Pelev>3022</Pelev>
    <Telev>3058</Telev>
    <PART>0.5</PART>
    <DELAY>1</DELAY>
  </CatchmentParameters>
  <VegetationZone>
    <VegetationZoneParameters>
      <TT>1.0752085020508617</TT>
      <CFMAX>1.3576775449847371</CFMAX>
      <SP>0</SP>
      <SFCF>0.57222100786186414</SFCF>
      <CFR>0.027693610620808027</CFR>
      <CWH>0.19997678073646594</CWH>
      <CFGlacier>1</CFGlacier>
      <CFSlope>1</CFSlope>
      <FC>381.02748049039946</FC>
      <LP>0.329465705340373</LP>
      <BETA>5.99999658077473</BETA>
    </VegetationZoneParameters>
  </VegetationZone>
  <SubCatchment>
    <SubCatchmentParameters>
      <KSI>0.001</KSI>
      <KGmin>0.05</KGmin>
      <RangeKG>0.1</RangeKG>
      <AG>0.1</AG>
      <PERC>8.9577028025824035</PERC>
      <Alpha>0</Alpha>
      <UZL>92.588945276815736</UZL>
      <K0>0.2883071582679837</K0>
      <K1>0.16246175010485875</K1>
      <K2>0.11557163524707413</K2>
      <MAXBAS>1.0049312673241133</MAXBAS>
      <Cet>0</Cet>
      <PCALT>10</PCALT>
      <TCALT>0.6</TCALT>
      <Pelev>3022</Pelev>
      <Telev>3058</Telev>
      <PART>0.5</PART>
      <DELAY>1</DELAY>
    </SubCatchmentParameters>
    <SubCatchmentVegetationZone>
      <SubCatchmentVegetationZoneParameters>
        <TT>1.0752085020508617</TT>
        <CFMAX>1.3576775449847371</CFMAX>
        <SP>0</SP>
        <SFCF>0.57222100786186414</SFCF>
        <CFR>0.027693610620808027</CFR>
        <CWH>0.19997678073646594</CWH>
        <CFGlacier>1</CFGlacier>
        <CFSlope>1</CFSlope>
        <FC>381.02748049039946</FC>
        <LP>0.329465705340373</LP>
        <BETA>5.99999658077473</BETA>
      </SubCatchmentVegetationZoneParameters>
    </SubCatchmentVegetationZone>
  </SubCatchment>
</Catchment>