<?xml version="1.0" encoding="utf-8"?>
<Catchment xmlns:xsi="http://www.w3.org/2001/XMLSchema-instance" xmlns:xsd="http://www.w3.org/2001/XMLSchema">
  <CatchmentParameters>
    <KSI>0.001</KSI>
    <KGmin>0.05</KGmin>
    <RangeKG>0.1</RangeKG>
    <AG>0.1</AG>
    <PERC>9.99984358359277</PERC>
    <Alpha>0</Alpha>
    <UZL>87.412202479828863</UZL>
    <K0>0.50596994598958211</K0>
    <K1>0.11108657797207391</K1>
    <K2>0.10820549771653595</K2>
    <MAXBAS>1.0010425657974598</MAXBAS>
    <Cet>0</Cet>
    <PCALT>10</PCALT>
    <TCALT>0.6</TCALT>
    <Pelev>3022</Pelev>
    <Telev>3058</Telev>
    <PART>0.5</PART>
    <DELAY>1</DELAY>
  </CatchmentParameters>
  <VegetationZone>
    <VegetationZoneParameters>
      <TT>2.3898480849097608</TT>
      <CFMAX>1.8800715643456787</CFMAX>
      <SP>0</SP>
      <SFCF>0.50394559570937736</SFCF>
      <CFR>0.065221689854520093</CFR>
      <CWH>0.19999524534474425</CWH>
      <CFGlacier>1</CFGlacier>
      <CFSlope>1</CFSlope>
      <FC>326.06154359861324</FC>
      <LP>0.39196538155154781</LP>
      <BETA>4.9038598921074152</BETA>
    </VegetationZoneParameters>
  </VegetationZone>
  <SubCatchment>
    <SubCatchmentParameters>
      <KSI>0.001</KSI>
      <KGmin>0.05</KGmin>
      <RangeKG>0.1</RangeKG>
      <AG>0.1</AG>
      <PERC>9.99984358359277</PERC>
      <Alpha>0</Alpha>
      <UZL>87.412202479828863</UZL>
      <K0>0.50596994598958211</K0>
      <K1>0.11108657797207391</K1>
      <K2>0.10820549771653595</K2>
      <MAXBAS>1.0010425657974598</MAXBAS>
      <Cet>0</Cet>
      <PCALT>10</PCALT>
      <TCALT>0.6</TCALT>
      <Pelev>3022</Pelev>
      <Telev>3058</Telev>
      <PART>0.5</PART>
      <DELAY>1</DELAY>
    </SubCatchmentParameters>
    <SubCatchmentVegetationZone>
      <SubCatchmentVegetationZoneParameters>
        <TT>2.3898480849097608</TT>
        <CFMAX>1.8800715643456787</CFMAX>
        <SP>0</SP>
        <SFCF>0.50394559570937736</SFCF>
        <CFR>0.065221689854520093</CFR>
        <CWH>0.19999524534474425</CWH>
        <CFGlacier>1</CFGlacier>
        <CFSlope>1</CFSlope>
        <FC>326.06154359861324</FC>
        <LP>0.39196538155154781</LP>
        <BETA>4.9038598921074152</BETA>
      </SubCatchmentVegetationZoneParameters>
    </SubCatchmentVegetationZone>
  </SubCatchment>
</Catchment>