<?xml version="1.0" encoding="utf-8"?>
<Catchment xmlns:xsi="http://www.w3.org/2001/XMLSchema-instance" xmlns:xsd="http://www.w3.org/2001/XMLSchema">
  <CatchmentParameters>
    <KSI>0.001</KSI>
    <KGmin>0.05</KGmin>
    <RangeKG>0.1</RangeKG>
    <AG>0.1</AG>
    <PERC>9.9999852371687581</PERC>
    <Alpha>0</Alpha>
    <UZL>61.306805791899357</UZL>
    <K0>0.56086010251482521</K0>
    <K1>0.079748719751013636</K1>
    <K2>0.0951379094161052</K2>
    <MAXBAS>1.0149547387269464</MAXBAS>
    <Cet>0</Cet>
    <PCALT>10</PCALT>
    <TCALT>0.6</TCALT>
    <Pelev>3022</Pelev>
    <Telev>3058</Telev>
    <PART>0.5</PART>
    <DELAY>1</DELAY>
  </CatchmentParameters>
  <VegetationZone>
    <VegetationZoneParameters>
      <TT>2.2281551219287081</TT>
      <CFMAX>2.2993308843500557</CFMAX>
      <SP>0</SP>
      <SFCF>0.59144987637217994</SFCF>
      <CFR>0.099999353315399678</CFR>
      <CWH>0.19999422350464643</CWH>
      <CFGlacier>1</CFGlacier>
      <CFSlope>1</CFSlope>
      <FC>432.85449196813551</FC>
      <LP>0.53178575334543932</LP>
      <BETA>5.9999972214132962</BETA>
    </VegetationZoneParameters>
  </VegetationZone>
  <SubCatchment>
    <SubCatchmentParameters>
      <KSI>0.001</KSI>
      <KGmin>0.05</KGmin>
      <RangeKG>0.1</RangeKG>
      <AG>0.1</AG>
      <PERC>9.9999852371687581</PERC>
      <Alpha>0</Alpha>
      <UZL>61.306805791899357</UZL>
      <K0>0.56086010251482521</K0>
      <K1>0.079748719751013636</K1>
      <K2>0.0951379094161052</K2>
      <MAXBAS>1.0149547387269464</MAXBAS>
      <Cet>0</Cet>
      <PCALT>10</PCALT>
      <TCALT>0.6</TCALT>
      <Pelev>3022</Pelev>
      <Telev>3058</Telev>
      <PART>0.5</PART>
      <DELAY>1</DELAY>
    </SubCatchmentParameters>
    <SubCatchmentVegetationZone>
      <SubCatchmentVegetationZoneParameters>
        <TT>2.2281551219287081</TT>
        <CFMAX>2.2993308843500557</CFMAX>
        <SP>0</SP>
        <SFCF>0.59144987637217994</SFCF>
        <CFR>0.099999353315399678</CFR>
        <CWH>0.19999422350464643</CWH>
        <CFGlacier>1</CFGlacier>
        <CFSlope>1</CFSlope>
        <FC>432.85449196813551</FC>
        <LP>0.53178575334543932</LP>
        <BETA>5.9999972214132962</BETA>
      </SubCatchmentVegetationZoneParameters>
    </SubCatchmentVegetationZone>
  </SubCatchment>
</Catchment>