<?xml version="1.0" encoding="utf-8"?>
<Catchment xmlns:xsi="http://www.w3.org/2001/XMLSchema-instance" xmlns:xsd="http://www.w3.org/2001/XMLSchema">
  <CatchmentParameters>
    <KSI>0.001</KSI>
    <KGmin>0.05</KGmin>
    <RangeKG>0.1</RangeKG>
    <AG>0.1</AG>
    <KInfiltration>0</KInfiltration>
    <PERC>0.7623456001165787</PERC>
    <Alpha>0</Alpha>
    <UZL>55.458182121107704</UZL>
    <K0>0.98997851018267635</K0>
    <K1>0.31265648580420918</K1>
    <K2>0.049530080138838521</K2>
    <MAXBAS>1</MAXBAS>
    <Cet>0.071185457649528425</Cet>
    <PCALT>1.1291178280976697</PCALT>
    <TCALT>0.2108019726933483</TCALT>
    <Pelev>436</Pelev>
    <Telev>436</Telev>
    <PART>0.5</PART>
    <DELAY>1</DELAY>
  </CatchmentParameters>
  <VegetationZone>
    <VegetationZoneParameters>
      <TT>-1.8208251527289321</TT>
      <CFMAX>2.3562085203593832</CFMAX>
      <SP>0</SP>
      <SFCF>0.94781941885097687</SFCF>
      <CFR>0.060531763474867328</CFR>
      <CWH>0.1999649504193019</CWH>
      <CFGlacier>1</CFGlacier>
      <CFSlope>1</CFSlope>
      <FC>1640.0472276156388</FC>
      <LP>0.807098035294688</LP>
      <BETA>1.971961139906508</BETA>
    </VegetationZoneParameters>
  </VegetationZone>
  <SubCatchment>
    <SubCatchmentParameters>
      <KSI>0.001</KSI>
      <KGmin>0.05</KGmin>
      <RangeKG>0.1</RangeKG>
      <AG>0.1</AG>
      <KInfiltration>0</KInfiltration>
      <PERC>0.7623456001165787</PERC>
      <Alpha>0</Alpha>
      <UZL>55.458182121107704</UZL>
      <K0>0.98997851018267635</K0>
      <K1>0.31265648580420918</K1>
      <K2>0.049530080138838521</K2>
      <MAXBAS>1</MAXBAS>
      <Cet>0.071185457649528425</Cet>
      <PCALT>1.1291178280976697</PCALT>
      <TCALT>0.2108019726933483</TCALT>
      <Pelev>436</Pelev>
      <Telev>436</Telev>
      <PART>0.5</PART>
      <DELAY>1</DELAY>
    </SubCatchmentParameters>
    <SubCatchmentVegetationZone>
      <SubCatchmentVegetationZoneParameters>
        <TT>-1.8208251527289321</TT>
        <CFMAX>2.3562085203593832</CFMAX>
        <SP>0</SP>
        <SFCF>0.94781941885097687</SFCF>
        <CFR>0.060531763474867328</CFR>
        <CWH>0.1999649504193019</CWH>
        <CFGlacier>1</CFGlacier>
        <CFSlope>1</CFSlope>
        <FC>1640.0472276156388</FC>
        <LP>0.807098035294688</LP>
        <BETA>1.971961139906508</BETA>
      </SubCatchmentVegetationZoneParameters>
    </SubCatchmentVegetationZone>
  </SubCatchment>
</Catchment>