<?xml version="1.0" encoding="utf-8"?>
<Catchment xmlns:xsi="http://www.w3.org/2001/XMLSchema-instance" xmlns:xsd="http://www.w3.org/2001/XMLSchema">
  <CatchmentParameters>
    <KSI>0.001</KSI>
    <KGmin>0.05</KGmin>
    <RangeKG>0.1</RangeKG>
    <AG>0.1</AG>
    <PERC>0.04769368575170551</PERC>
    <Alpha>0</Alpha>
    <UZL>69.1757893772654</UZL>
    <K0>0.2775585768455846</K0>
    <K1>0.13316276469112715</K1>
    <K2>0.012154127192839846</K2>
    <MAXBAS>1</MAXBAS>
    <Cet>0</Cet>
    <PCALT>10</PCALT>
    <TCALT>0.6</TCALT>
    <Pelev>3022</Pelev>
    <Telev>3058</Telev>
    <PART>0.5</PART>
    <DELAY>1</DELAY>
  </CatchmentParameters>
  <VegetationZone>
    <VegetationZoneParameters>
      <TT>1.7924317748338472</TT>
      <CFMAX>2.0287669676530111</CFMAX>
      <SP>0</SP>
      <SFCF>0.668903386609787</SFCF>
      <CFR>0.080626603458049423</CFR>
      <CWH>0.1000000685398592</CWH>
      <CFGlacier>1</CFGlacier>
      <CFSlope>1</CFSlope>
      <FC>687.56791562291414</FC>
      <LP>0.43672524916140387</LP>
      <BETA>3.3031750910998423</BETA>
    </VegetationZoneParameters>
  </VegetationZone>
  <SubCatchment>
    <SubCatchmentParameters>
      <KSI>0.001</KSI>
      <KGmin>0.05</KGmin>
      <RangeKG>0.1</RangeKG>
      <AG>0.1</AG>
      <PERC>0.04769368575170551</PERC>
      <Alpha>0</Alpha>
      <UZL>69.1757893772654</UZL>
      <K0>0.2775585768455846</K0>
      <K1>0.13316276469112715</K1>
      <K2>0.012154127192839846</K2>
      <MAXBAS>1</MAXBAS>
      <Cet>0</Cet>
      <PCALT>10</PCALT>
      <TCALT>0.6</TCALT>
      <Pelev>3022</Pelev>
      <Telev>3058</Telev>
      <PART>0.5</PART>
      <DELAY>1</DELAY>
    </SubCatchmentParameters>
    <SubCatchmentVegetationZone>
      <SubCatchmentVegetationZoneParameters>
        <TT>1.7924317748338472</TT>
        <CFMAX>2.0287669676530111</CFMAX>
        <SP>0</SP>
        <SFCF>0.668903386609787</SFCF>
        <CFR>0.080626603458049423</CFR>
        <CWH>0.1000000685398592</CWH>
        <CFGlacier>1</CFGlacier>
        <CFSlope>1</CFSlope>
        <FC>687.56791562291414</FC>
        <LP>0.43672524916140387</LP>
        <BETA>3.3031750910998423</BETA>
      </SubCatchmentVegetationZoneParameters>
    </SubCatchmentVegetationZone>
  </SubCatchment>
</Catchment>
