<?xml version="1.0" encoding="utf-8"?>
<Catchment xmlns:xsi="http://www.w3.org/2001/XMLSchema-instance" xmlns:xsd="http://www.w3.org/2001/XMLSchema">
  <CatchmentParameters>
    <KSI>0.001</KSI>
    <KGmin>0.05</KGmin>
    <RangeKG>0.1</RangeKG>
    <AG>0.1</AG>
    <PERC>1.0780950598289163</PERC>
    <Alpha>0.21730095962347376</Alpha>
    <UZL>8.7324284517103266</UZL>
    <K0>0.98999028663645128</K0>
    <K1>0.013738804145092124</K1>
    <K2>0.027034248619435916</K2>
    <MAXBAS>1</MAXBAS>
    <Cet>0</Cet>
    <PCALT>19.612553195143235</PCALT>
    <TCALT>0.66488175290005691</TCALT>
    <Pelev>2537</Pelev>
    <Telev>2486</Telev>
    <PART>0.5</PART>
    <DELAY>1</DELAY>
  </CatchmentParameters>
  <VegetationZone>
    <VegetationZoneParameters>
      <TT>-1.0930846761024409</TT>
      <CFMAX>1.6059706968763092</CFMAX>
      <SP>0</SP>
      <SFCF>0.737659221518922</SFCF>
      <CFR>0.099998466824474525</CFR>
      <CWH>0.18542291472700229</CWH>
      <CFGlacier>1</CFGlacier>
      <CFSlope>1</CFSlope>
      <FC>2408.3073009031473</FC>
      <LP>0.56506900611468791</LP>
      <BETA>1.7370070993762692</BETA>
    </VegetationZoneParameters>
  </VegetationZone>
  <SubCatchment>
    <SubCatchmentParameters>
      <KSI>0.001</KSI>
      <KGmin>0.05</KGmin>
      <RangeKG>0.1</RangeKG>
      <AG>0.1</AG>
      <PERC>1.0780950598289163</PERC>
      <Alpha>0.21730095962347376</Alpha>
      <UZL>8.7324284517103266</UZL>
      <K0>0.98999028663645128</K0>
      <K1>0.013738804145092124</K1>
      <K2>0.027034248619435916</K2>
      <MAXBAS>1</MAXBAS>
      <Cet>0</Cet>
      <PCALT>19.612553195143235</PCALT>
      <TCALT>0.66488175290005691</TCALT>
      <Pelev>2537</Pelev>
      <Telev>2486</Telev>
      <PART>0.5</PART>
      <DELAY>1</DELAY>
    </SubCatchmentParameters>
    <SubCatchmentVegetationZone>
      <SubCatchmentVegetationZoneParameters>
        <TT>-1.0930846761024409</TT>
        <CFMAX>1.6059706968763092</CFMAX>
        <SP>0</SP>
        <SFCF>0.737659221518922</SFCF>
        <CFR>0.099998466824474525</CFR>
        <CWH>0.18542291472700229</CWH>
        <CFGlacier>1</CFGlacier>
        <CFSlope>1</CFSlope>
        <FC>2408.3073009031473</FC>
        <LP>0.56506900611468791</LP>
        <BETA>1.7370070993762692</BETA>
      </SubCatchmentVegetationZoneParameters>
    </SubCatchmentVegetationZone>
  </SubCatchment>
</Catchment>