<?xml version="1.0" encoding="utf-8"?>
<Catchment xmlns:xsi="http://www.w3.org/2001/XMLSchema-instance" xmlns:xsd="http://www.w3.org/2001/XMLSchema">
  <CatchmentParameters>
    <KSI>0.001</KSI>
    <KGmin>0.05</KGmin>
    <RangeKG>0.1</RangeKG>
    <AG>0.1</AG>
    <PERC>5.9456289050375144</PERC>
    <Alpha>0.21730095962347376</Alpha>
    <UZL>50.459209839642632</UZL>
    <K0>0.39412964801915562</K0>
    <K1>0.79996877946560652</K1>
    <K2>0.022402470110240529</K2>
    <MAXBAS>1</MAXBAS>
    <Cet>0</Cet>
    <PCALT>16.391149661671623</PCALT>
    <TCALT>0.098759274880175218</TCALT>
    <Pelev>2537</Pelev>
    <Telev>2486</Telev>
    <PART>0.5</PART>
    <DELAY>1</DELAY>
  </CatchmentParameters>
  <VegetationZone>
    <VegetationZoneParameters>
      <TT>0.25221488837477618</TT>
      <CFMAX>3.8836644601178172</CFMAX>
      <SP>0</SP>
      <SFCF>1.2221727196244174</SFCF>
      <CFR>0.062558679912919524</CFR>
      <CWH>0.17302992729213679</CWH>
      <CFGlacier>1</CFGlacier>
      <CFSlope>1</CFSlope>
      <FC>2499.9999999765032</FC>
      <LP>0.51049087558784689</LP>
      <BETA>1.9827107315558172</BETA>
    </VegetationZoneParameters>
  </VegetationZone>
  <SubCatchment>
    <SubCatchmentParameters>
      <KSI>0.001</KSI>
      <KGmin>0.05</KGmin>
      <RangeKG>0.1</RangeKG>
      <AG>0.1</AG>
      <PERC>5.9456289050375144</PERC>
      <Alpha>0.21730095962347376</Alpha>
      <UZL>50.459209839642632</UZL>
      <K0>0.39412964801915562</K0>
      <K1>0.79996877946560652</K1>
      <K2>0.022402470110240529</K2>
      <MAXBAS>1</MAXBAS>
      <Cet>0</Cet>
      <PCALT>16.391149661671623</PCALT>
      <TCALT>0.098759274880175218</TCALT>
      <Pelev>2537</Pelev>
      <Telev>2486</Telev>
      <PART>0.5</PART>
      <DELAY>1</DELAY>
    </SubCatchmentParameters>
    <SubCatchmentVegetationZone>
      <SubCatchmentVegetationZoneParameters>
        <TT>0.25221488837477618</TT>
        <CFMAX>3.8836644601178172</CFMAX>
        <SP>0</SP>
        <SFCF>1.2221727196244174</SFCF>
        <CFR>0.062558679912919524</CFR>
        <CWH>0.17302992729213679</CWH>
        <CFGlacier>1</CFGlacier>
        <CFSlope>1</CFSlope>
        <FC>2499.9999999765032</FC>
        <LP>0.51049087558784689</LP>
        <BETA>1.9827107315558172</BETA>
      </SubCatchmentVegetationZoneParameters>
    </SubCatchmentVegetationZone>
  </SubCatchment>
</Catchment>