<?xml version="1.0" encoding="utf-8"?>
<Catchment xmlns:xsi="http://www.w3.org/2001/XMLSchema-instance" xmlns:xsd="http://www.w3.org/2001/XMLSchema">
  <CatchmentParameters>
    <KSI>0.001</KSI>
    <KGmin>0.05</KGmin>
    <RangeKG>0.1</RangeKG>
    <AG>0.1</AG>
    <PERC>2.1832895874508504</PERC>
    <Alpha>0.21730095962347376</Alpha>
    <UZL>162.31945525418786</UZL>
    <K0>0.53408644543104056</K0>
    <K1>0.010703994417026212</K1>
    <K2>0.026567816513098984</K2>
    <MAXBAS>1</MAXBAS>
    <Cet>0</Cet>
    <PCALT>17.314576684225322</PCALT>
    <TCALT>0.021117161367485704</TCALT>
    <Pelev>2537</Pelev>
    <Telev>2486</Telev>
    <PART>0.5</PART>
    <DELAY>1</DELAY>
  </CatchmentParameters>
  <VegetationZone>
    <VegetationZoneParameters>
      <TT>-1.3240745982918409</TT>
      <CFMAX>1.6412106141429106</CFMAX>
      <SP>0</SP>
      <SFCF>0.72094487172598309</SFCF>
      <CFR>0.099993365245768823</CFR>
      <CWH>0.19999896762669778</CWH>
      <CFGlacier>1</CFGlacier>
      <CFSlope>1</CFSlope>
      <FC>1937.4626203755408</FC>
      <LP>0.49179567047124723</LP>
      <BETA>1.4238711172308951</BETA>
    </VegetationZoneParameters>
  </VegetationZone>
  <SubCatchment>
    <SubCatchmentParameters>
      <KSI>0.001</KSI>
      <KGmin>0.05</KGmin>
      <RangeKG>0.1</RangeKG>
      <AG>0.1</AG>
      <PERC>2.1832895874508504</PERC>
      <Alpha>0.21730095962347376</Alpha>
      <UZL>162.31945525418786</UZL>
      <K0>0.53408644543104056</K0>
      <K1>0.010703994417026212</K1>
      <K2>0.026567816513098984</K2>
      <MAXBAS>1</MAXBAS>
      <Cet>0</Cet>
      <PCALT>17.314576684225322</PCALT>
      <TCALT>0.021117161367485704</TCALT>
      <Pelev>2537</Pelev>
      <Telev>2486</Telev>
      <PART>0.5</PART>
      <DELAY>1</DELAY>
    </SubCatchmentParameters>
    <SubCatchmentVegetationZone>
      <SubCatchmentVegetationZoneParameters>
        <TT>-1.3240745982918409</TT>
        <CFMAX>1.6412106141429106</CFMAX>
        <SP>0</SP>
        <SFCF>0.72094487172598309</SFCF>
        <CFR>0.099993365245768823</CFR>
        <CWH>0.19999896762669778</CWH>
        <CFGlacier>1</CFGlacier>
        <CFSlope>1</CFSlope>
        <FC>1937.4626203755408</FC>
        <LP>0.49179567047124723</LP>
        <BETA>1.4238711172308951</BETA>
      </SubCatchmentVegetationZoneParameters>
    </SubCatchmentVegetationZone>
  </SubCatchment>
</Catchment>