<?xml version="1.0" encoding="utf-8"?>
<Catchment xmlns:xsi="http://www.w3.org/2001/XMLSchema-instance" xmlns:xsd="http://www.w3.org/2001/XMLSchema">
  <CatchmentParameters>
    <KSI>0.001</KSI>
    <KGmin>0.05</KGmin>
    <RangeKG>0.1</RangeKG>
    <AG>0.1</AG>
    <PERC>2.7635551600976771</PERC>
    <Alpha>0.21730095962347376</Alpha>
    <UZL>106.20203866822403</UZL>
    <K0>0.56715966459006273</K0>
    <K1>0.010000277056472263</K1>
    <K2>0.022568664520205485</K2>
    <MAXBAS>1</MAXBAS>
    <Cet>0</Cet>
    <PCALT>15.124273880076938</PCALT>
    <TCALT>0.3695657981677985</TCALT>
    <Pelev>2537</Pelev>
    <Telev>2486</Telev>
    <PART>0.5</PART>
    <DELAY>1</DELAY>
  </CatchmentParameters>
  <VegetationZone>
    <VegetationZoneParameters>
      <TT>0.49637302266847938</TT>
      <CFMAX>4.742730696464446</CFMAX>
      <SP>0</SP>
      <SFCF>1.1915708006365675</SFCF>
      <CFR>0.043615302283426492</CFR>
      <CWH>0.17647127328854453</CWH>
      <CFGlacier>1</CFGlacier>
      <CFSlope>1</CFSlope>
      <FC>2307.6275328357574</FC>
      <LP>0.53088975305378916</LP>
      <BETA>2.0007876198240777</BETA>
    </VegetationZoneParameters>
  </VegetationZone>
  <SubCatchment>
    <SubCatchmentParameters>
      <KSI>0.001</KSI>
      <KGmin>0.05</KGmin>
      <RangeKG>0.1</RangeKG>
      <AG>0.1</AG>
      <PERC>2.7635551600976771</PERC>
      <Alpha>0.21730095962347376</Alpha>
      <UZL>106.20203866822403</UZL>
      <K0>0.56715966459006273</K0>
      <K1>0.010000277056472263</K1>
      <K2>0.022568664520205485</K2>
      <MAXBAS>1</MAXBAS>
      <Cet>0</Cet>
      <PCALT>15.124273880076938</PCALT>
      <TCALT>0.3695657981677985</TCALT>
      <Pelev>2537</Pelev>
      <Telev>2486</Telev>
      <PART>0.5</PART>
      <DELAY>1</DELAY>
    </SubCatchmentParameters>
    <SubCatchmentVegetationZone>
      <SubCatchmentVegetationZoneParameters>
        <TT>0.49637302266847938</TT>
        <CFMAX>4.742730696464446</CFMAX>
        <SP>0</SP>
        <SFCF>1.1915708006365675</SFCF>
        <CFR>0.043615302283426492</CFR>
        <CWH>0.17647127328854453</CWH>
        <CFGlacier>1</CFGlacier>
        <CFSlope>1</CFSlope>
        <FC>2307.6275328357574</FC>
        <LP>0.53088975305378916</LP>
        <BETA>2.0007876198240777</BETA>
      </SubCatchmentVegetationZoneParameters>
    </SubCatchmentVegetationZone>
  </SubCatchment>
</Catchment>