<?xml version="1.0" encoding="utf-8"?>
<Catchment xmlns:xsi="http://www.w3.org/2001/XMLSchema-instance" xmlns:xsd="http://www.w3.org/2001/XMLSchema">
  <CatchmentParameters>
    <KSI>0.001</KSI>
    <KGmin>0.05</KGmin>
    <RangeKG>0.1</RangeKG>
    <AG>0.1</AG>
    <PERC>5.6818104931044591</PERC>
    <Alpha>0.21730095962347376</Alpha>
    <UZL>128.47024193678797</UZL>
    <K0>0.29286000508485943</K0>
    <K1>0.79990350217732442</K1>
    <K2>0.022483103330445807</K2>
    <MAXBAS>1</MAXBAS>
    <Cet>0</Cet>
    <PCALT>15.61935583466553</PCALT>
    <TCALT>0.32465254238587077</TCALT>
    <Pelev>2537</Pelev>
    <Telev>2486</Telev>
    <PART>0.5</PART>
    <DELAY>1</DELAY>
  </CatchmentParameters>
  <VegetationZone>
    <VegetationZoneParameters>
      <TT>0.15969874981705118</TT>
      <CFMAX>4.2161719364471413</CFMAX>
      <SP>0</SP>
      <SFCF>1.2230720137992395</SFCF>
      <CFR>0.0506369331590065</CFR>
      <CWH>0.14891649642103833</CWH>
      <CFGlacier>1</CFGlacier>
      <CFSlope>1</CFSlope>
      <FC>2499.9997811013559</FC>
      <LP>0.41200131639659393</LP>
      <BETA>1.5874538352813614</BETA>
    </VegetationZoneParameters>
  </VegetationZone>
  <SubCatchment>
    <SubCatchmentParameters>
      <KSI>0.001</KSI>
      <KGmin>0.05</KGmin>
      <RangeKG>0.1</RangeKG>
      <AG>0.1</AG>
      <PERC>5.6818104931044591</PERC>
      <Alpha>0.21730095962347376</Alpha>
      <UZL>128.47024193678797</UZL>
      <K0>0.29286000508485943</K0>
      <K1>0.79990350217732442</K1>
      <K2>0.022483103330445807</K2>
      <MAXBAS>1</MAXBAS>
      <Cet>0</Cet>
      <PCALT>15.61935583466553</PCALT>
      <TCALT>0.32465254238587077</TCALT>
      <Pelev>2537</Pelev>
      <Telev>2486</Telev>
      <PART>0.5</PART>
      <DELAY>1</DELAY>
    </SubCatchmentParameters>
    <SubCatchmentVegetationZone>
      <SubCatchmentVegetationZoneParameters>
        <TT>0.15969874981705118</TT>
        <CFMAX>4.2161719364471413</CFMAX>
        <SP>0</SP>
        <SFCF>1.2230720137992395</SFCF>
        <CFR>0.0506369331590065</CFR>
        <CWH>0.14891649642103833</CWH>
        <CFGlacier>1</CFGlacier>
        <CFSlope>1</CFSlope>
        <FC>2499.9997811013559</FC>
        <LP>0.41200131639659393</LP>
        <BETA>1.5874538352813614</BETA>
      </SubCatchmentVegetationZoneParameters>
    </SubCatchmentVegetationZone>
  </SubCatchment>
</Catchment>