<?xml version="1.0" encoding="utf-8"?>
<Catchment xmlns:xsi="http://www.w3.org/2001/XMLSchema-instance" xmlns:xsd="http://www.w3.org/2001/XMLSchema">
  <CatchmentParameters>
    <KSI>0.001</KSI>
    <KGmin>0.05</KGmin>
    <RangeKG>0.1</RangeKG>
    <AG>0.1</AG>
    <PERC>1.916071835970985</PERC>
    <Alpha>0.21730095962347376</Alpha>
    <UZL>75.5452282095746</UZL>
    <K0>0.252140094851672</K0>
    <K1>0.010000046919872272</K1>
    <K2>0.025213611142725634</K2>
    <MAXBAS>1</MAXBAS>
    <Cet>0</Cet>
    <PCALT>17.223055155677066</PCALT>
    <TCALT>0.33741277727395119</TCALT>
    <Pelev>2537</Pelev>
    <Telev>2486</Telev>
    <PART>0.5</PART>
    <DELAY>1</DELAY>
  </CatchmentParameters>
  <VegetationZone>
    <VegetationZoneParameters>
      <TT>-1.3472400813419938</TT>
      <CFMAX>1.8170541009115688</CFMAX>
      <SP>0</SP>
      <SFCF>0.93513102865001341</SFCF>
      <CFR>0.099997909868595941</CFR>
      <CWH>0.19999940349098885</CWH>
      <CFGlacier>1</CFGlacier>
      <CFSlope>1</CFSlope>
      <FC>2318.7440964264065</FC>
      <LP>0.49151598151409492</LP>
      <BETA>1.6080075764059203</BETA>
    </VegetationZoneParameters>
  </VegetationZone>
  <SubCatchment>
    <SubCatchmentParameters>
      <KSI>0.001</KSI>
      <KGmin>0.05</KGmin>
      <RangeKG>0.1</RangeKG>
      <AG>0.1</AG>
      <PERC>1.916071835970985</PERC>
      <Alpha>0.21730095962347376</Alpha>
      <UZL>75.5452282095746</UZL>
      <K0>0.252140094851672</K0>
      <K1>0.010000046919872272</K1>
      <K2>0.025213611142725634</K2>
      <MAXBAS>1</MAXBAS>
      <Cet>0</Cet>
      <PCALT>17.223055155677066</PCALT>
      <TCALT>0.33741277727395119</TCALT>
      <Pelev>2537</Pelev>
      <Telev>2486</Telev>
      <PART>0.5</PART>
      <DELAY>1</DELAY>
    </SubCatchmentParameters>
    <SubCatchmentVegetationZone>
      <SubCatchmentVegetationZoneParameters>
        <TT>-1.3472400813419938</TT>
        <CFMAX>1.8170541009115688</CFMAX>
        <SP>0</SP>
        <SFCF>0.93513102865001341</SFCF>
        <CFR>0.099997909868595941</CFR>
        <CWH>0.19999940349098885</CWH>
        <CFGlacier>1</CFGlacier>
        <CFSlope>1</CFSlope>
        <FC>2318.7440964264065</FC>
        <LP>0.49151598151409492</LP>
        <BETA>1.6080075764059203</BETA>
      </SubCatchmentVegetationZoneParameters>
    </SubCatchmentVegetationZone>
  </SubCatchment>
</Catchment>