<?xml version="1.0" encoding="utf-8"?>
<Catchment xmlns:xsi="http://www.w3.org/2001/XMLSchema-instance" xmlns:xsd="http://www.w3.org/2001/XMLSchema">
  <CatchmentParameters>
    <KSI>0.001</KSI>
    <KGmin>0.05</KGmin>
    <RangeKG>0.1</RangeKG>
    <AG>0.1</AG>
    <PERC>2.3462795466411865</PERC>
    <Alpha>0.21730095962347376</Alpha>
    <UZL>142.83848986394571</UZL>
    <K0>0.30668534711886797</K0>
    <K1>0.010000282412133781</K1>
    <K2>0.02619512511351689</K2>
    <MAXBAS>1</MAXBAS>
    <Cet>0</Cet>
    <PCALT>19.999785546818835</PCALT>
    <TCALT>0.054842006224315031</TCALT>
    <Pelev>2537</Pelev>
    <Telev>2486</Telev>
    <PART>0.5</PART>
    <DELAY>1</DELAY>
  </CatchmentParameters>
  <VegetationZone>
    <VegetationZoneParameters>
      <TT>-1.3628348954794709</TT>
      <CFMAX>1.7777650499194557</CFMAX>
      <SP>0</SP>
      <SFCF>0.76457114402844217</SFCF>
      <CFR>0.074005565354568953</CFR>
      <CWH>0.19999940877516875</CWH>
      <CFGlacier>1</CFGlacier>
      <CFSlope>1</CFSlope>
      <FC>1633.2642001371896</FC>
      <LP>0.65657430946730677</LP>
      <BETA>1.8648736415087319</BETA>
    </VegetationZoneParameters>
  </VegetationZone>
  <SubCatchment>
    <SubCatchmentParameters>
      <KSI>0.001</KSI>
      <KGmin>0.05</KGmin>
      <RangeKG>0.1</RangeKG>
      <AG>0.1</AG>
      <PERC>2.3462795466411865</PERC>
      <Alpha>0.21730095962347376</Alpha>
      <UZL>142.83848986394571</UZL>
      <K0>0.30668534711886797</K0>
      <K1>0.010000282412133781</K1>
      <K2>0.02619512511351689</K2>
      <MAXBAS>1</MAXBAS>
      <Cet>0</Cet>
      <PCALT>19.999785546818835</PCALT>
      <TCALT>0.054842006224315031</TCALT>
      <Pelev>2537</Pelev>
      <Telev>2486</Telev>
      <PART>0.5</PART>
      <DELAY>1</DELAY>
    </SubCatchmentParameters>
    <SubCatchmentVegetationZone>
      <SubCatchmentVegetationZoneParameters>
        <TT>-1.3628348954794709</TT>
        <CFMAX>1.7777650499194557</CFMAX>
        <SP>0</SP>
        <SFCF>0.76457114402844217</SFCF>
        <CFR>0.074005565354568953</CFR>
        <CWH>0.19999940877516875</CWH>
        <CFGlacier>1</CFGlacier>
        <CFSlope>1</CFSlope>
        <FC>1633.2642001371896</FC>
        <LP>0.65657430946730677</LP>
        <BETA>1.8648736415087319</BETA>
      </SubCatchmentVegetationZoneParameters>
    </SubCatchmentVegetationZone>
  </SubCatchment>
</Catchment>