<?xml version="1.0" encoding="utf-8"?>
<Catchment xmlns:xsi="http://www.w3.org/2001/XMLSchema-instance" xmlns:xsd="http://www.w3.org/2001/XMLSchema">
  <CatchmentParameters>
    <KSI>0.001</KSI>
    <KGmin>0.05</KGmin>
    <RangeKG>0.1</RangeKG>
    <AG>0.1</AG>
    <PERC>2.3035990716614361</PERC>
    <Alpha>0.21730095962347376</Alpha>
    <UZL>60.2597115569986</UZL>
    <K0>0.41877483926550613</K0>
    <K1>0.010002103466269948</K1>
    <K2>0.026174509957560807</K2>
    <MAXBAS>1</MAXBAS>
    <Cet>0</Cet>
    <PCALT>14.434077018336023</PCALT>
    <TCALT>0.088096381526165127</TCALT>
    <Pelev>2537</Pelev>
    <Telev>2486</Telev>
    <PART>0.5</PART>
    <DELAY>1</DELAY>
  </CatchmentParameters>
  <VegetationZone>
    <VegetationZoneParameters>
      <TT>-1.4004348188290507</TT>
      <CFMAX>1.075588010241687</CFMAX>
      <SP>0</SP>
      <SFCF>0.81409316477019777</SFCF>
      <CFR>0.099998298506812758</CFR>
      <CWH>0.19993912378647796</CWH>
      <CFGlacier>1</CFGlacier>
      <CFSlope>1</CFSlope>
      <FC>2209.6182423022096</FC>
      <LP>0.49190794051681652</LP>
      <BETA>1.5659299097294503</BETA>
    </VegetationZoneParameters>
  </VegetationZone>
  <SubCatchment>
    <SubCatchmentParameters>
      <KSI>0.001</KSI>
      <KGmin>0.05</KGmin>
      <RangeKG>0.1</RangeKG>
      <AG>0.1</AG>
      <PERC>2.3035990716614361</PERC>
      <Alpha>0.21730095962347376</Alpha>
      <UZL>60.2597115569986</UZL>
      <K0>0.41877483926550613</K0>
      <K1>0.010002103466269948</K1>
      <K2>0.026174509957560807</K2>
      <MAXBAS>1</MAXBAS>
      <Cet>0</Cet>
      <PCALT>14.434077018336023</PCALT>
      <TCALT>0.088096381526165127</TCALT>
      <Pelev>2537</Pelev>
      <Telev>2486</Telev>
      <PART>0.5</PART>
      <DELAY>1</DELAY>
    </SubCatchmentParameters>
    <SubCatchmentVegetationZone>
      <SubCatchmentVegetationZoneParameters>
        <TT>-1.4004348188290507</TT>
        <CFMAX>1.075588010241687</CFMAX>
        <SP>0</SP>
        <SFCF>0.81409316477019777</SFCF>
        <CFR>0.099998298506812758</CFR>
        <CWH>0.19993912378647796</CWH>
        <CFGlacier>1</CFGlacier>
        <CFSlope>1</CFSlope>
        <FC>2209.6182423022096</FC>
        <LP>0.49190794051681652</LP>
        <BETA>1.5659299097294503</BETA>
      </SubCatchmentVegetationZoneParameters>
    </SubCatchmentVegetationZone>
  </SubCatchment>
</Catchment>