<?xml version="1.0" encoding="utf-8"?>
<Catchment xmlns:xsi="http://www.w3.org/2001/XMLSchema-instance" xmlns:xsd="http://www.w3.org/2001/XMLSchema">
  <CatchmentParameters>
    <KSI>0.001</KSI>
    <KGmin>0.05</KGmin>
    <RangeKG>0.1</RangeKG>
    <AG>0.1</AG>
    <PERC>3.0500148619759981</PERC>
    <Alpha>0.21730095962347376</Alpha>
    <UZL>145.47314775710913</UZL>
    <K0>0.50489627997618347</K0>
    <K1>0.010000634138134627</K1>
    <K2>0.026275632263396426</K2>
    <MAXBAS>1</MAXBAS>
    <Cet>0</Cet>
    <PCALT>14.087515786289098</PCALT>
    <TCALT>1.2287221908257177E-05</TCALT>
    <Pelev>2537</Pelev>
    <Telev>2486</Telev>
    <PART>0.5</PART>
    <DELAY>1</DELAY>
  </CatchmentParameters>
  <VegetationZone>
    <VegetationZoneParameters>
      <TT>-1.5110127659972887</TT>
      <CFMAX>0.66632807469369171</CFMAX>
      <SP>0</SP>
      <SFCF>0.78279808667749307</SFCF>
      <CFR>0.099999646411015553</CFR>
      <CWH>0.11937325287115602</CWH>
      <CFGlacier>1</CFGlacier>
      <CFSlope>1</CFSlope>
      <FC>2318.6971298891413</FC>
      <LP>0.48586125016100606</LP>
      <BETA>1.5750465663884121</BETA>
    </VegetationZoneParameters>
  </VegetationZone>
  <SubCatchment>
    <SubCatchmentParameters>
      <KSI>0.001</KSI>
      <KGmin>0.05</KGmin>
      <RangeKG>0.1</RangeKG>
      <AG>0.1</AG>
      <PERC>3.0500148619759981</PERC>
      <Alpha>0.21730095962347376</Alpha>
      <UZL>145.47314775710913</UZL>
      <K0>0.50489627997618347</K0>
      <K1>0.010000634138134627</K1>
      <K2>0.026275632263396426</K2>
      <MAXBAS>1</MAXBAS>
      <Cet>0</Cet>
      <PCALT>14.087515786289098</PCALT>
      <TCALT>1.2287221908257177E-05</TCALT>
      <Pelev>2537</Pelev>
      <Telev>2486</Telev>
      <PART>0.5</PART>
      <DELAY>1</DELAY>
    </SubCatchmentParameters>
    <SubCatchmentVegetationZone>
      <SubCatchmentVegetationZoneParameters>
        <TT>-1.5110127659972887</TT>
        <CFMAX>0.66632807469369171</CFMAX>
        <SP>0</SP>
        <SFCF>0.78279808667749307</SFCF>
        <CFR>0.099999646411015553</CFR>
        <CWH>0.11937325287115602</CWH>
        <CFGlacier>1</CFGlacier>
        <CFSlope>1</CFSlope>
        <FC>2318.6971298891413</FC>
        <LP>0.48586125016100606</LP>
        <BETA>1.5750465663884121</BETA>
      </SubCatchmentVegetationZoneParameters>
    </SubCatchmentVegetationZone>
  </SubCatchment>
</Catchment>