<?xml version="1.0" encoding="utf-8"?>
<Catchment xmlns:xsi="http://www.w3.org/2001/XMLSchema-instance" xmlns:xsd="http://www.w3.org/2001/XMLSchema">
  <CatchmentParameters>
    <KSI>0.001</KSI>
    <KGmin>0.05</KGmin>
    <RangeKG>0.1</RangeKG>
    <AG>0.1</AG>
    <PERC>1.8953348874799174</PERC>
    <Alpha>0.21730095962347376</Alpha>
    <UZL>58.089543934124848</UZL>
    <K0>0.5732269232795264</K0>
    <K1>0.010000006240815335</K1>
    <K2>0.024255891377324503</K2>
    <MAXBAS>1</MAXBAS>
    <Cet>0</Cet>
    <PCALT>16.349762964687898</PCALT>
    <TCALT>0.56242284685940469</TCALT>
    <Pelev>2537</Pelev>
    <Telev>2486</Telev>
    <PART>0.5</PART>
    <DELAY>1</DELAY>
  </CatchmentParameters>
  <VegetationZone>
    <VegetationZoneParameters>
      <TT>-1.1705405146552392</TT>
      <CFMAX>2.0677510139900668</CFMAX>
      <SP>0</SP>
      <SFCF>1.0497253165506455</SFCF>
      <CFR>0.099998981718923532</CFR>
      <CWH>0.19947462844996569</CWH>
      <CFGlacier>1</CFGlacier>
      <CFSlope>1</CFSlope>
      <FC>2499.99999818814</FC>
      <LP>0.56149571732738879</LP>
      <BETA>2.0094572984993055</BETA>
    </VegetationZoneParameters>
  </VegetationZone>
  <SubCatchment>
    <SubCatchmentParameters>
      <KSI>0.001</KSI>
      <KGmin>0.05</KGmin>
      <RangeKG>0.1</RangeKG>
      <AG>0.1</AG>
      <PERC>1.8953348874799174</PERC>
      <Alpha>0.21730095962347376</Alpha>
      <UZL>58.089543934124848</UZL>
      <K0>0.5732269232795264</K0>
      <K1>0.010000006240815335</K1>
      <K2>0.024255891377324503</K2>
      <MAXBAS>1</MAXBAS>
      <Cet>0</Cet>
      <PCALT>16.349762964687898</PCALT>
      <TCALT>0.56242284685940469</TCALT>
      <Pelev>2537</Pelev>
      <Telev>2486</Telev>
      <PART>0.5</PART>
      <DELAY>1</DELAY>
    </SubCatchmentParameters>
    <SubCatchmentVegetationZone>
      <SubCatchmentVegetationZoneParameters>
        <TT>-1.1705405146552392</TT>
        <CFMAX>2.0677510139900668</CFMAX>
        <SP>0</SP>
        <SFCF>1.0497253165506455</SFCF>
        <CFR>0.099998981718923532</CFR>
        <CWH>0.19947462844996569</CWH>
        <CFGlacier>1</CFGlacier>
        <CFSlope>1</CFSlope>
        <FC>2499.99999818814</FC>
        <LP>0.56149571732738879</LP>
        <BETA>2.0094572984993055</BETA>
      </SubCatchmentVegetationZoneParameters>
    </SubCatchmentVegetationZone>
  </SubCatchment>
</Catchment>