<?xml version="1.0" encoding="utf-8"?>
<Catchment xmlns:xsi="http://www.w3.org/2001/XMLSchema-instance" xmlns:xsd="http://www.w3.org/2001/XMLSchema">
  <CatchmentParameters>
    <KSI>0.001</KSI>
    <KGmin>0.05</KGmin>
    <RangeKG>0.1</RangeKG>
    <AG>0.1</AG>
    <PERC>2.0348825596324125</PERC>
    <Alpha>0.21730095962347376</Alpha>
    <UZL>92.281972740233044</UZL>
    <K0>0.731859036087275</K0>
    <K1>0.010000007646244044</K1>
    <K2>0.024369462913383533</K2>
    <MAXBAS>1</MAXBAS>
    <Cet>0</Cet>
    <PCALT>19.712554297645784</PCALT>
    <TCALT>0.3138238510583492</TCALT>
    <Pelev>2537</Pelev>
    <Telev>2486</Telev>
    <PART>0.5</PART>
    <DELAY>1</DELAY>
  </CatchmentParameters>
  <VegetationZone>
    <VegetationZoneParameters>
      <TT>-1.3577594655788254</TT>
      <CFMAX>1.6717108604536339</CFMAX>
      <SP>0</SP>
      <SFCF>0.97776746613826</SFCF>
      <CFR>0.099997195571504272</CFR>
      <CWH>0.19999935349527465</CWH>
      <CFGlacier>1</CFGlacier>
      <CFSlope>1</CFSlope>
      <FC>2058.6992113447122</FC>
      <LP>0.619221399835285</LP>
      <BETA>2.0567141237146935</BETA>
    </VegetationZoneParameters>
  </VegetationZone>
  <SubCatchment>
    <SubCatchmentParameters>
      <KSI>0.001</KSI>
      <KGmin>0.05</KGmin>
      <RangeKG>0.1</RangeKG>
      <AG>0.1</AG>
      <PERC>2.0348825596324125</PERC>
      <Alpha>0.21730095962347376</Alpha>
      <UZL>92.281972740233044</UZL>
      <K0>0.731859036087275</K0>
      <K1>0.010000007646244044</K1>
      <K2>0.024369462913383533</K2>
      <MAXBAS>1</MAXBAS>
      <Cet>0</Cet>
      <PCALT>19.712554297645784</PCALT>
      <TCALT>0.3138238510583492</TCALT>
      <Pelev>2537</Pelev>
      <Telev>2486</Telev>
      <PART>0.5</PART>
      <DELAY>1</DELAY>
    </SubCatchmentParameters>
    <SubCatchmentVegetationZone>
      <SubCatchmentVegetationZoneParameters>
        <TT>-1.3577594655788254</TT>
        <CFMAX>1.6717108604536339</CFMAX>
        <SP>0</SP>
        <SFCF>0.97776746613826</SFCF>
        <CFR>0.099997195571504272</CFR>
        <CWH>0.19999935349527465</CWH>
        <CFGlacier>1</CFGlacier>
        <CFSlope>1</CFSlope>
        <FC>2058.6992113447122</FC>
        <LP>0.619221399835285</LP>
        <BETA>2.0567141237146935</BETA>
      </SubCatchmentVegetationZoneParameters>
    </SubCatchmentVegetationZone>
  </SubCatchment>
</Catchment>