<?xml version="1.0" encoding="utf-8"?>
<Catchment xmlns:xsi="http://www.w3.org/2001/XMLSchema-instance" xmlns:xsd="http://www.w3.org/2001/XMLSchema">
  <CatchmentParameters>
    <KSI>0.001</KSI>
    <KGmin>0.05</KGmin>
    <RangeKG>0.1</RangeKG>
    <AG>0.1</AG>
    <PERC>4.6559954884417651</PERC>
    <Alpha>0.21730095962347376</Alpha>
    <UZL>2.7388083742829124</UZL>
    <K0>0.98999854555439537</K0>
    <K1>0.01000000020377542</K1>
    <K2>0.025936410068676419</K2>
    <MAXBAS>1</MAXBAS>
    <Cet>0</Cet>
    <PCALT>15.990495119797146</PCALT>
    <TCALT>0.021798677126664331</TCALT>
    <Pelev>2537</Pelev>
    <Telev>2486</Telev>
    <PART>0.5</PART>
    <DELAY>1</DELAY>
  </CatchmentParameters>
  <VegetationZone>
    <VegetationZoneParameters>
      <TT>-1.3248513178524497</TT>
      <CFMAX>1.885791116737612</CFMAX>
      <SP>0</SP>
      <SFCF>0.71608767015292663</SFCF>
      <CFR>0.099999633812692668</CFR>
      <CWH>0.199999542831306</CWH>
      <CFGlacier>1</CFGlacier>
      <CFSlope>1</CFSlope>
      <FC>1611.6584787211586</FC>
      <LP>0.79059434648653193</LP>
      <BETA>2.3999194845355247</BETA>
    </VegetationZoneParameters>
  </VegetationZone>
  <SubCatchment>
    <SubCatchmentParameters>
      <KSI>0.001</KSI>
      <KGmin>0.05</KGmin>
      <RangeKG>0.1</RangeKG>
      <AG>0.1</AG>
      <PERC>4.6559954884417651</PERC>
      <Alpha>0.21730095962347376</Alpha>
      <UZL>2.7388083742829124</UZL>
      <K0>0.98999854555439537</K0>
      <K1>0.01000000020377542</K1>
      <K2>0.025936410068676419</K2>
      <MAXBAS>1</MAXBAS>
      <Cet>0</Cet>
      <PCALT>15.990495119797146</PCALT>
      <TCALT>0.021798677126664331</TCALT>
      <Pelev>2537</Pelev>
      <Telev>2486</Telev>
      <PART>0.5</PART>
      <DELAY>1</DELAY>
    </SubCatchmentParameters>
    <SubCatchmentVegetationZone>
      <SubCatchmentVegetationZoneParameters>
        <TT>-1.3248513178524497</TT>
        <CFMAX>1.885791116737612</CFMAX>
        <SP>0</SP>
        <SFCF>0.71608767015292663</SFCF>
        <CFR>0.099999633812692668</CFR>
        <CWH>0.199999542831306</CWH>
        <CFGlacier>1</CFGlacier>
        <CFSlope>1</CFSlope>
        <FC>1611.6584787211586</FC>
        <LP>0.79059434648653193</LP>
        <BETA>2.3999194845355247</BETA>
      </SubCatchmentVegetationZoneParameters>
    </SubCatchmentVegetationZone>
  </SubCatchment>
</Catchment>