<?xml version="1.0" encoding="utf-8"?>
<Catchment xmlns:xsi="http://www.w3.org/2001/XMLSchema-instance" xmlns:xsd="http://www.w3.org/2001/XMLSchema">
  <CatchmentParameters>
    <KSI>0.001</KSI>
    <KGmin>0.05</KGmin>
    <RangeKG>0.1</RangeKG>
    <AG>0.1</AG>
    <PERC>1.7369002049147762</PERC>
    <Alpha>0.21730095962347376</Alpha>
    <UZL>152.51931439963306</UZL>
    <K0>0.24624445251286545</K0>
    <K1>0.010000143743391287</K1>
    <K2>0.025085179472433671</K2>
    <MAXBAS>1</MAXBAS>
    <Cet>0</Cet>
    <PCALT>9.8198679265052036</PCALT>
    <TCALT>0.56834853499319049</TCALT>
    <Pelev>2537</Pelev>
    <Telev>2486</Telev>
    <PART>0.5</PART>
    <DELAY>1</DELAY>
  </CatchmentParameters>
  <VegetationZone>
    <VegetationZoneParameters>
      <TT>-1.0795704760690965</TT>
      <CFMAX>1.9277837939451379</CFMAX>
      <SP>0</SP>
      <SFCF>0.964624060452351</SFCF>
      <CFR>0.099974373929822336</CFR>
      <CWH>0.19994574803881796</CWH>
      <CFGlacier>1</CFGlacier>
      <CFSlope>1</CFSlope>
      <FC>2499.9999340088552</FC>
      <LP>0.45490878767691773</LP>
      <BETA>1.5917768160365775</BETA>
    </VegetationZoneParameters>
  </VegetationZone>
  <SubCatchment>
    <SubCatchmentParameters>
      <KSI>0.001</KSI>
      <KGmin>0.05</KGmin>
      <RangeKG>0.1</RangeKG>
      <AG>0.1</AG>
      <PERC>1.7369002049147762</PERC>
      <Alpha>0.21730095962347376</Alpha>
      <UZL>152.51931439963306</UZL>
      <K0>0.24624445251286545</K0>
      <K1>0.010000143743391287</K1>
      <K2>0.025085179472433671</K2>
      <MAXBAS>1</MAXBAS>
      <Cet>0</Cet>
      <PCALT>9.8198679265052036</PCALT>
      <TCALT>0.56834853499319049</TCALT>
      <Pelev>2537</Pelev>
      <Telev>2486</Telev>
      <PART>0.5</PART>
      <DELAY>1</DELAY>
    </SubCatchmentParameters>
    <SubCatchmentVegetationZone>
      <SubCatchmentVegetationZoneParameters>
        <TT>-1.0795704760690965</TT>
        <CFMAX>1.9277837939451379</CFMAX>
        <SP>0</SP>
        <SFCF>0.964624060452351</SFCF>
        <CFR>0.099974373929822336</CFR>
        <CWH>0.19994574803881796</CWH>
        <CFGlacier>1</CFGlacier>
        <CFSlope>1</CFSlope>
        <FC>2499.9999340088552</FC>
        <LP>0.45490878767691773</LP>
        <BETA>1.5917768160365775</BETA>
      </SubCatchmentVegetationZoneParameters>
    </SubCatchmentVegetationZone>
  </SubCatchment>
</Catchment>