<?xml version="1.0" encoding="utf-8"?>
<Catchment xmlns:xsi="http://www.w3.org/2001/XMLSchema-instance" xmlns:xsd="http://www.w3.org/2001/XMLSchema">
  <CatchmentParameters>
    <KSI>0.001</KSI>
    <KGmin>0.05</KGmin>
    <RangeKG>0.1</RangeKG>
    <AG>0.1</AG>
    <PERC>3.1050912058078777</PERC>
    <Alpha>0.21730095962347376</Alpha>
    <UZL>49.171031145788369</UZL>
    <K0>0.53494415750888258</K0>
    <K1>0.010000080691859967</K1>
    <K2>0.025445397469379911</K2>
    <MAXBAS>1</MAXBAS>
    <Cet>0</Cet>
    <PCALT>17.983586547019794</PCALT>
    <TCALT>0.025178287799217408</TCALT>
    <Pelev>2537</Pelev>
    <Telev>2486</Telev>
    <PART>0.5</PART>
    <DELAY>1</DELAY>
  </CatchmentParameters>
  <VegetationZone>
    <VegetationZoneParameters>
      <TT>-1.5287049951181133</TT>
      <CFMAX>0.77859538341230294</CFMAX>
      <SP>0</SP>
      <SFCF>0.89224390128642228</SFCF>
      <CFR>0.099996219361576683</CFR>
      <CWH>0.13393530541059839</CWH>
      <CFGlacier>1</CFGlacier>
      <CFSlope>1</CFSlope>
      <FC>2244.1978144667751</FC>
      <LP>0.50411496176065185</LP>
      <BETA>1.6481062827559443</BETA>
    </VegetationZoneParameters>
  </VegetationZone>
  <SubCatchment>
    <SubCatchmentParameters>
      <KSI>0.001</KSI>
      <KGmin>0.05</KGmin>
      <RangeKG>0.1</RangeKG>
      <AG>0.1</AG>
      <PERC>3.1050912058078777</PERC>
      <Alpha>0.21730095962347376</Alpha>
      <UZL>49.171031145788369</UZL>
      <K0>0.53494415750888258</K0>
      <K1>0.010000080691859967</K1>
      <K2>0.025445397469379911</K2>
      <MAXBAS>1</MAXBAS>
      <Cet>0</Cet>
      <PCALT>17.983586547019794</PCALT>
      <TCALT>0.025178287799217408</TCALT>
      <Pelev>2537</Pelev>
      <Telev>2486</Telev>
      <PART>0.5</PART>
      <DELAY>1</DELAY>
    </SubCatchmentParameters>
    <SubCatchmentVegetationZone>
      <SubCatchmentVegetationZoneParameters>
        <TT>-1.5287049951181133</TT>
        <CFMAX>0.77859538341230294</CFMAX>
        <SP>0</SP>
        <SFCF>0.89224390128642228</SFCF>
        <CFR>0.099996219361576683</CFR>
        <CWH>0.13393530541059839</CWH>
        <CFGlacier>1</CFGlacier>
        <CFSlope>1</CFSlope>
        <FC>2244.1978144667751</FC>
        <LP>0.50411496176065185</LP>
        <BETA>1.6481062827559443</BETA>
      </SubCatchmentVegetationZoneParameters>
    </SubCatchmentVegetationZone>
  </SubCatchment>
</Catchment>