<?xml version="1.0" encoding="utf-8"?>
<Catchment xmlns:xsi="http://www.w3.org/2001/XMLSchema-instance" xmlns:xsd="http://www.w3.org/2001/XMLSchema">
  <CatchmentParameters>
    <KSI>0.001</KSI>
    <KGmin>0.05</KGmin>
    <RangeKG>0.1</RangeKG>
    <AG>0.1</AG>
    <PERC>2.1373349039815266</PERC>
    <Alpha>0.21730095962347376</Alpha>
    <UZL>104.68098291149914</UZL>
    <K0>0.684031192700834</K0>
    <K1>0.010000187817653002</K1>
    <K2>0.025506414809989355</K2>
    <MAXBAS>1</MAXBAS>
    <Cet>0</Cet>
    <PCALT>19.999978023391886</PCALT>
    <TCALT>0.030113416462695105</TCALT>
    <Pelev>2537</Pelev>
    <Telev>2486</Telev>
    <PART>0.5</PART>
    <DELAY>1</DELAY>
  </CatchmentParameters>
  <VegetationZone>
    <VegetationZoneParameters>
      <TT>-1.3343298041368998</TT>
      <CFMAX>2.011945006094634</CFMAX>
      <SP>0</SP>
      <SFCF>0.8651349832997306</SFCF>
      <CFR>0.099999151420065421</CFR>
      <CWH>0.19999923771806183</CWH>
      <CFGlacier>1</CFGlacier>
      <CFSlope>1</CFSlope>
      <FC>2030.7887284078065</FC>
      <LP>0.4676971059995258</LP>
      <BETA>1.4201505635007463</BETA>
    </VegetationZoneParameters>
  </VegetationZone>
  <SubCatchment>
    <SubCatchmentParameters>
      <KSI>0.001</KSI>
      <KGmin>0.05</KGmin>
      <RangeKG>0.1</RangeKG>
      <AG>0.1</AG>
      <PERC>2.1373349039815266</PERC>
      <Alpha>0.21730095962347376</Alpha>
      <UZL>104.68098291149914</UZL>
      <K0>0.684031192700834</K0>
      <K1>0.010000187817653002</K1>
      <K2>0.025506414809989355</K2>
      <MAXBAS>1</MAXBAS>
      <Cet>0</Cet>
      <PCALT>19.999978023391886</PCALT>
      <TCALT>0.030113416462695105</TCALT>
      <Pelev>2537</Pelev>
      <Telev>2486</Telev>
      <PART>0.5</PART>
      <DELAY>1</DELAY>
    </SubCatchmentParameters>
    <SubCatchmentVegetationZone>
      <SubCatchmentVegetationZoneParameters>
        <TT>-1.3343298041368998</TT>
        <CFMAX>2.011945006094634</CFMAX>
        <SP>0</SP>
        <SFCF>0.8651349832997306</SFCF>
        <CFR>0.099999151420065421</CFR>
        <CWH>0.19999923771806183</CWH>
        <CFGlacier>1</CFGlacier>
        <CFSlope>1</CFSlope>
        <FC>2030.7887284078065</FC>
        <LP>0.4676971059995258</LP>
        <BETA>1.4201505635007463</BETA>
      </SubCatchmentVegetationZoneParameters>
    </SubCatchmentVegetationZone>
  </SubCatchment>
</Catchment>