<?xml version="1.0" encoding="utf-8"?>
<Catchment xmlns:xsi="http://www.w3.org/2001/XMLSchema-instance" xmlns:xsd="http://www.w3.org/2001/XMLSchema">
  <CatchmentParameters>
    <KSI>0.001</KSI>
    <KGmin>0.05</KGmin>
    <RangeKG>0.1</RangeKG>
    <AG>0.1</AG>
    <PERC>3.171403043209704</PERC>
    <Alpha>0.21730095962347376</Alpha>
    <UZL>143.28715689509829</UZL>
    <K0>0.593317290069918</K0>
    <K1>0.010000248639381284</K1>
    <K2>0.024890070151061188</K2>
    <MAXBAS>1</MAXBAS>
    <Cet>0</Cet>
    <PCALT>14.370015609967956</PCALT>
    <TCALT>0.091574396923895462</TCALT>
    <Pelev>2537</Pelev>
    <Telev>2486</Telev>
    <PART>0.5</PART>
    <DELAY>1</DELAY>
  </CatchmentParameters>
  <VegetationZone>
    <VegetationZoneParameters>
      <TT>-1.6675816281282498</TT>
      <CFMAX>0.560520685205521</CFMAX>
      <SP>0</SP>
      <SFCF>0.978400366527971</SFCF>
      <CFR>0.079174846222450856</CFR>
      <CWH>0.10000019849869449</CWH>
      <CFGlacier>1</CFGlacier>
      <CFSlope>1</CFSlope>
      <FC>2499.999819359105</FC>
      <LP>0.43070835719668515</LP>
      <BETA>1.544879516050397</BETA>
    </VegetationZoneParameters>
  </VegetationZone>
  <SubCatchment>
    <SubCatchmentParameters>
      <KSI>0.001</KSI>
      <KGmin>0.05</KGmin>
      <RangeKG>0.1</RangeKG>
      <AG>0.1</AG>
      <PERC>3.171403043209704</PERC>
      <Alpha>0.21730095962347376</Alpha>
      <UZL>143.28715689509829</UZL>
      <K0>0.593317290069918</K0>
      <K1>0.010000248639381284</K1>
      <K2>0.024890070151061188</K2>
      <MAXBAS>1</MAXBAS>
      <Cet>0</Cet>
      <PCALT>14.370015609967956</PCALT>
      <TCALT>0.091574396923895462</TCALT>
      <Pelev>2537</Pelev>
      <Telev>2486</Telev>
      <PART>0.5</PART>
      <DELAY>1</DELAY>
    </SubCatchmentParameters>
    <SubCatchmentVegetationZone>
      <SubCatchmentVegetationZoneParameters>
        <TT>-1.6675816281282498</TT>
        <CFMAX>0.560520685205521</CFMAX>
        <SP>0</SP>
        <SFCF>0.978400366527971</SFCF>
        <CFR>0.079174846222450856</CFR>
        <CWH>0.10000019849869449</CWH>
        <CFGlacier>1</CFGlacier>
        <CFSlope>1</CFSlope>
        <FC>2499.999819359105</FC>
        <LP>0.43070835719668515</LP>
        <BETA>1.544879516050397</BETA>
      </SubCatchmentVegetationZoneParameters>
    </SubCatchmentVegetationZone>
  </SubCatchment>
</Catchment>