<?xml version="1.0" encoding="utf-8"?>
<Catchment xmlns:xsi="http://www.w3.org/2001/XMLSchema-instance" xmlns:xsd="http://www.w3.org/2001/XMLSchema">
  <CatchmentParameters>
    <KSI>0.001</KSI>
    <KGmin>0.05</KGmin>
    <RangeKG>0.1</RangeKG>
    <AG>0.1</AG>
    <PERC>1.9025950601798229</PERC>
    <Alpha>0.21730095962347376</Alpha>
    <UZL>122.00712682541169</UZL>
    <K0>0.24955759689800666</K0>
    <K1>0.01000002495622767</K1>
    <K2>0.025875971707286931</K2>
    <MAXBAS>1</MAXBAS>
    <Cet>0</Cet>
    <PCALT>18.351132710899762</PCALT>
    <TCALT>0.29469214383141507</TCALT>
    <Pelev>2537</Pelev>
    <Telev>2486</Telev>
    <PART>0.5</PART>
    <DELAY>1</DELAY>
  </CatchmentParameters>
  <VegetationZone>
    <VegetationZoneParameters>
      <TT>-1.2359500202738754</TT>
      <CFMAX>1.3287375419395413</CFMAX>
      <SP>0</SP>
      <SFCF>0.84990400866713267</SFCF>
      <CFR>0.099999247761694249</CFR>
      <CWH>0.19999676383544637</CWH>
      <CFGlacier>1</CFGlacier>
      <CFSlope>1</CFSlope>
      <FC>2499.9999870296315</FC>
      <LP>0.6898339629604594</LP>
      <BETA>2.5082412509710483</BETA>
    </VegetationZoneParameters>
  </VegetationZone>
  <SubCatchment>
    <SubCatchmentParameters>
      <KSI>0.001</KSI>
      <KGmin>0.05</KGmin>
      <RangeKG>0.1</RangeKG>
      <AG>0.1</AG>
      <PERC>1.9025950601798229</PERC>
      <Alpha>0.21730095962347376</Alpha>
      <UZL>122.00712682541169</UZL>
      <K0>0.24955759689800666</K0>
      <K1>0.01000002495622767</K1>
      <K2>0.025875971707286931</K2>
      <MAXBAS>1</MAXBAS>
      <Cet>0</Cet>
      <PCALT>18.351132710899762</PCALT>
      <TCALT>0.29469214383141507</TCALT>
      <Pelev>2537</Pelev>
      <Telev>2486</Telev>
      <PART>0.5</PART>
      <DELAY>1</DELAY>
    </SubCatchmentParameters>
    <SubCatchmentVegetationZone>
      <SubCatchmentVegetationZoneParameters>
        <TT>-1.2359500202738754</TT>
        <CFMAX>1.3287375419395413</CFMAX>
        <SP>0</SP>
        <SFCF>0.84990400866713267</SFCF>
        <CFR>0.099999247761694249</CFR>
        <CWH>0.19999676383544637</CWH>
        <CFGlacier>1</CFGlacier>
        <CFSlope>1</CFSlope>
        <FC>2499.9999870296315</FC>
        <LP>0.6898339629604594</LP>
        <BETA>2.5082412509710483</BETA>
      </SubCatchmentVegetationZoneParameters>
    </SubCatchmentVegetationZone>
  </SubCatchment>
</Catchment>