<?xml version="1.0" encoding="utf-8"?>
<Catchment xmlns:xsi="http://www.w3.org/2001/XMLSchema-instance" xmlns:xsd="http://www.w3.org/2001/XMLSchema">
  <CatchmentParameters>
    <KSI>0.001</KSI>
    <KGmin>0.05</KGmin>
    <RangeKG>0.1</RangeKG>
    <AG>0.1</AG>
    <PERC>3.0222738383424836</PERC>
    <Alpha>0.21730095962347376</Alpha>
    <UZL>186.48623975060002</UZL>
    <K0>0.3059731608977363</K0>
    <K1>0.010000702719541255</K1>
    <K2>0.024393432432702915</K2>
    <MAXBAS>1</MAXBAS>
    <Cet>0</Cet>
    <PCALT>19.998455957561806</PCALT>
    <TCALT>0.36282429539586353</TCALT>
    <Pelev>2537</Pelev>
    <Telev>2486</Telev>
    <PART>0.5</PART>
    <DELAY>1</DELAY>
  </CatchmentParameters>
  <VegetationZone>
    <VegetationZoneParameters>
      <TT>-1.9603869426309253</TT>
      <CFMAX>0.690524778041675</CFMAX>
      <SP>0</SP>
      <SFCF>1.0115439654886618</SFCF>
      <CFR>0.09999701411868403</CFR>
      <CWH>0.1997021309738842</CWH>
      <CFGlacier>1</CFGlacier>
      <CFSlope>1</CFSlope>
      <FC>2371.98084632367</FC>
      <LP>0.58845796050479</LP>
      <BETA>2.0682051353196673</BETA>
    </VegetationZoneParameters>
  </VegetationZone>
  <SubCatchment>
    <SubCatchmentParameters>
      <KSI>0.001</KSI>
      <KGmin>0.05</KGmin>
      <RangeKG>0.1</RangeKG>
      <AG>0.1</AG>
      <PERC>3.0222738383424836</PERC>
      <Alpha>0.21730095962347376</Alpha>
      <UZL>186.48623975060002</UZL>
      <K0>0.3059731608977363</K0>
      <K1>0.010000702719541255</K1>
      <K2>0.024393432432702915</K2>
      <MAXBAS>1</MAXBAS>
      <Cet>0</Cet>
      <PCALT>19.998455957561806</PCALT>
      <TCALT>0.36282429539586353</TCALT>
      <Pelev>2537</Pelev>
      <Telev>2486</Telev>
      <PART>0.5</PART>
      <DELAY>1</DELAY>
    </SubCatchmentParameters>
    <SubCatchmentVegetationZone>
      <SubCatchmentVegetationZoneParameters>
        <TT>-1.9603869426309253</TT>
        <CFMAX>0.690524778041675</CFMAX>
        <SP>0</SP>
        <SFCF>1.0115439654886618</SFCF>
        <CFR>0.09999701411868403</CFR>
        <CWH>0.1997021309738842</CWH>
        <CFGlacier>1</CFGlacier>
        <CFSlope>1</CFSlope>
        <FC>2371.98084632367</FC>
        <LP>0.58845796050479</LP>
        <BETA>2.0682051353196673</BETA>
      </SubCatchmentVegetationZoneParameters>
    </SubCatchmentVegetationZone>
  </SubCatchment>
</Catchment>