<?xml version="1.0" encoding="utf-8"?>
<Catchment xmlns:xsi="http://www.w3.org/2001/XMLSchema-instance" xmlns:xsd="http://www.w3.org/2001/XMLSchema">
  <CatchmentParameters>
    <KSI>0.001</KSI>
    <KGmin>0.05</KGmin>
    <RangeKG>0.1</RangeKG>
    <AG>0.1</AG>
    <PERC>3.1028975922143522</PERC>
    <Alpha>0.21730095962347376</Alpha>
    <UZL>98.3202345622836</UZL>
    <K0>0.43684207466215463</K0>
    <K1>0.010000387033661327</K1>
    <K2>0.023649396916449909</K2>
    <MAXBAS>1</MAXBAS>
    <Cet>0</Cet>
    <PCALT>18.937723569315779</PCALT>
    <TCALT>0.39770701545885018</TCALT>
    <Pelev>2537</Pelev>
    <Telev>2486</Telev>
    <PART>0.5</PART>
    <DELAY>1</DELAY>
  </CatchmentParameters>
  <VegetationZone>
    <VegetationZoneParameters>
      <TT>-2.2409201487094497</TT>
      <CFMAX>0.62607525774713646</CFMAX>
      <SP>0</SP>
      <SFCF>1.0263988542887479</SFCF>
      <CFR>5.316736993978E-06</CFR>
      <CWH>0.13385646054703831</CWH>
      <CFGlacier>1</CFGlacier>
      <CFSlope>1</CFSlope>
      <FC>1639.0716576564503</FC>
      <LP>0.61737192697075771</LP>
      <BETA>2.0060995747057295</BETA>
    </VegetationZoneParameters>
  </VegetationZone>
  <SubCatchment>
    <SubCatchmentParameters>
      <KSI>0.001</KSI>
      <KGmin>0.05</KGmin>
      <RangeKG>0.1</RangeKG>
      <AG>0.1</AG>
      <PERC>3.1028975922143522</PERC>
      <Alpha>0.21730095962347376</Alpha>
      <UZL>98.3202345622836</UZL>
      <K0>0.43684207466215463</K0>
      <K1>0.010000387033661327</K1>
      <K2>0.023649396916449909</K2>
      <MAXBAS>1</MAXBAS>
      <Cet>0</Cet>
      <PCALT>18.937723569315779</PCALT>
      <TCALT>0.39770701545885018</TCALT>
      <Pelev>2537</Pelev>
      <Telev>2486</Telev>
      <PART>0.5</PART>
      <DELAY>1</DELAY>
    </SubCatchmentParameters>
    <SubCatchmentVegetationZone>
      <SubCatchmentVegetationZoneParameters>
        <TT>-2.2409201487094497</TT>
        <CFMAX>0.62607525774713646</CFMAX>
        <SP>0</SP>
        <SFCF>1.0263988542887479</SFCF>
        <CFR>5.316736993978E-06</CFR>
        <CWH>0.13385646054703831</CWH>
        <CFGlacier>1</CFGlacier>
        <CFSlope>1</CFSlope>
        <FC>1639.0716576564503</FC>
        <LP>0.61737192697075771</LP>
        <BETA>2.0060995747057295</BETA>
      </SubCatchmentVegetationZoneParameters>
    </SubCatchmentVegetationZone>
  </SubCatchment>
</Catchment>