<?xml version="1.0" encoding="utf-8"?>
<Catchment xmlns:xsi="http://www.w3.org/2001/XMLSchema-instance" xmlns:xsd="http://www.w3.org/2001/XMLSchema">
  <CatchmentParameters>
    <KSI>0.001</KSI>
    <KGmin>0.05</KGmin>
    <RangeKG>0.1</RangeKG>
    <AG>0.1</AG>
    <PERC>0.51429534857540271</PERC>
    <Alpha>0.21730095962347376</Alpha>
    <UZL>72.902611361958066</UZL>
    <K0>0.18888879039648551</K0>
    <K1>0.015692768529147548</K1>
    <K2>0.029508392535804225</K2>
    <MAXBAS>1</MAXBAS>
    <Cet>0</Cet>
    <PCALT>10.017806498406268</PCALT>
    <TCALT>0.45583375293692235</TCALT>
    <Pelev>2537</Pelev>
    <Telev>2486</Telev>
    <PART>0.5</PART>
    <DELAY>1</DELAY>
  </CatchmentParameters>
  <VegetationZone>
    <VegetationZoneParameters>
      <TT>-0.20458023944612236</TT>
      <CFMAX>2.8922841775010313</CFMAX>
      <SP>0</SP>
      <SFCF>1.0415693313129495</SFCF>
      <CFR>0.089362653512647619</CFR>
      <CWH>0.13981267113615081</CWH>
      <CFGlacier>1</CFGlacier>
      <CFSlope>1</CFSlope>
      <FC>2499.9799433382182</FC>
      <LP>0.56082824474860415</LP>
      <BETA>2.0921543727279053</BETA>
    </VegetationZoneParameters>
  </VegetationZone>
  <SubCatchment>
    <SubCatchmentParameters>
      <KSI>0.001</KSI>
      <KGmin>0.05</KGmin>
      <RangeKG>0.1</RangeKG>
      <AG>0.1</AG>
      <PERC>0.51429534857540271</PERC>
      <Alpha>0.21730095962347376</Alpha>
      <UZL>72.902611361958066</UZL>
      <K0>0.18888879039648551</K0>
      <K1>0.015692768529147548</K1>
      <K2>0.029508392535804225</K2>
      <MAXBAS>1</MAXBAS>
      <Cet>0</Cet>
      <PCALT>10.017806498406268</PCALT>
      <TCALT>0.45583375293692235</TCALT>
      <Pelev>2537</Pelev>
      <Telev>2486</Telev>
      <PART>0.5</PART>
      <DELAY>1</DELAY>
    </SubCatchmentParameters>
    <SubCatchmentVegetationZone>
      <SubCatchmentVegetationZoneParameters>
        <TT>-0.20458023944612236</TT>
        <CFMAX>2.8922841775010313</CFMAX>
        <SP>0</SP>
        <SFCF>1.0415693313129495</SFCF>
        <CFR>0.089362653512647619</CFR>
        <CWH>0.13981267113615081</CWH>
        <CFGlacier>1</CFGlacier>
        <CFSlope>1</CFSlope>
        <FC>2499.9799433382182</FC>
        <LP>0.56082824474860415</LP>
        <BETA>2.0921543727279053</BETA>
      </SubCatchmentVegetationZoneParameters>
    </SubCatchmentVegetationZone>
  </SubCatchment>
</Catchment>