<?xml version="1.0" encoding="utf-8"?>
<Catchment xmlns:xsi="http://www.w3.org/2001/XMLSchema-instance" xmlns:xsd="http://www.w3.org/2001/XMLSchema">
  <CatchmentParameters>
    <KSI>0.001</KSI>
    <KGmin>0.05</KGmin>
    <RangeKG>0.1</RangeKG>
    <AG>0.1</AG>
    <PERC>5.9999981006214718</PERC>
    <Alpha>0.21730095962347376</Alpha>
    <UZL>52.918074450547344</UZL>
    <K0>0.17371861391924162</K0>
    <K1>0.7997589718324396</K1>
    <K2>0.022142654883468629</K2>
    <MAXBAS>1</MAXBAS>
    <Cet>0</Cet>
    <PCALT>14.432516079861035</PCALT>
    <TCALT>0.019783446426306667</TCALT>
    <Pelev>2537</Pelev>
    <Telev>2486</Telev>
    <PART>0.5</PART>
    <DELAY>1</DELAY>
  </CatchmentParameters>
  <VegetationZone>
    <VegetationZoneParameters>
      <TT>0.60807467667913839</TT>
      <CFMAX>4.4493329260722021</CFMAX>
      <SP>0</SP>
      <SFCF>1.2183644770297142</SFCF>
      <CFR>0.036953947390367461</CFR>
      <CWH>0.1585072044664054</CWH>
      <CFGlacier>1</CFGlacier>
      <CFSlope>1</CFSlope>
      <FC>2499.9998951158259</FC>
      <LP>0.59491057602741293</LP>
      <BETA>2.4407144109147332</BETA>
    </VegetationZoneParameters>
  </VegetationZone>
  <SubCatchment>
    <SubCatchmentParameters>
      <KSI>0.001</KSI>
      <KGmin>0.05</KGmin>
      <RangeKG>0.1</RangeKG>
      <AG>0.1</AG>
      <PERC>5.9999981006214718</PERC>
      <Alpha>0.21730095962347376</Alpha>
      <UZL>52.918074450547344</UZL>
      <K0>0.17371861391924162</K0>
      <K1>0.7997589718324396</K1>
      <K2>0.022142654883468629</K2>
      <MAXBAS>1</MAXBAS>
      <Cet>0</Cet>
      <PCALT>14.432516079861035</PCALT>
      <TCALT>0.019783446426306667</TCALT>
      <Pelev>2537</Pelev>
      <Telev>2486</Telev>
      <PART>0.5</PART>
      <DELAY>1</DELAY>
    </SubCatchmentParameters>
    <SubCatchmentVegetationZone>
      <SubCatchmentVegetationZoneParameters>
        <TT>0.60807467667913839</TT>
        <CFMAX>4.4493329260722021</CFMAX>
        <SP>0</SP>
        <SFCF>1.2183644770297142</SFCF>
        <CFR>0.036953947390367461</CFR>
        <CWH>0.1585072044664054</CWH>
        <CFGlacier>1</CFGlacier>
        <CFSlope>1</CFSlope>
        <FC>2499.9998951158259</FC>
        <LP>0.59491057602741293</LP>
        <BETA>2.4407144109147332</BETA>
      </SubCatchmentVegetationZoneParameters>
    </SubCatchmentVegetationZone>
  </SubCatchment>
</Catchment>