<?xml version="1.0" encoding="utf-8"?>
<Catchment xmlns:xsi="http://www.w3.org/2001/XMLSchema-instance" xmlns:xsd="http://www.w3.org/2001/XMLSchema">
  <CatchmentParameters>
    <KSI>0.001</KSI>
    <KGmin>0.05</KGmin>
    <RangeKG>0.1</RangeKG>
    <AG>0.1</AG>
    <PERC>3.2105198041734337</PERC>
    <Alpha>0.21730095962347376</Alpha>
    <UZL>94.5761336881129</UZL>
    <K0>0.50629634971471549</K0>
    <K1>0.010000282438528905</K1>
    <K2>0.024943977942381946</K2>
    <MAXBAS>1</MAXBAS>
    <Cet>0</Cet>
    <PCALT>8.1392169693010032</PCALT>
    <TCALT>0.41638511559970515</TCALT>
    <Pelev>2537</Pelev>
    <Telev>2486</Telev>
    <PART>0.5</PART>
    <DELAY>1</DELAY>
  </CatchmentParameters>
  <VegetationZone>
    <VegetationZoneParameters>
      <TT>-2.0118711951294408</TT>
      <CFMAX>0.63364599340948013</CFMAX>
      <SP>0</SP>
      <SFCF>0.944733045349614</SFCF>
      <CFR>0.099995598118972781</CFR>
      <CWH>0.10000555844021596</CWH>
      <CFGlacier>1</CFGlacier>
      <CFSlope>1</CFSlope>
      <FC>2499.9886789291018</FC>
      <LP>0.34882465637633808</LP>
      <BETA>1.2839768607863937</BETA>
    </VegetationZoneParameters>
  </VegetationZone>
  <SubCatchment>
    <SubCatchmentParameters>
      <KSI>0.001</KSI>
      <KGmin>0.05</KGmin>
      <RangeKG>0.1</RangeKG>
      <AG>0.1</AG>
      <PERC>3.2105198041734337</PERC>
      <Alpha>0.21730095962347376</Alpha>
      <UZL>94.5761336881129</UZL>
      <K0>0.50629634971471549</K0>
      <K1>0.010000282438528905</K1>
      <K2>0.024943977942381946</K2>
      <MAXBAS>1</MAXBAS>
      <Cet>0</Cet>
      <PCALT>8.1392169693010032</PCALT>
      <TCALT>0.41638511559970515</TCALT>
      <Pelev>2537</Pelev>
      <Telev>2486</Telev>
      <PART>0.5</PART>
      <DELAY>1</DELAY>
    </SubCatchmentParameters>
    <SubCatchmentVegetationZone>
      <SubCatchmentVegetationZoneParameters>
        <TT>-2.0118711951294408</TT>
        <CFMAX>0.63364599340948013</CFMAX>
        <SP>0</SP>
        <SFCF>0.944733045349614</SFCF>
        <CFR>0.099995598118972781</CFR>
        <CWH>0.10000555844021596</CWH>
        <CFGlacier>1</CFGlacier>
        <CFSlope>1</CFSlope>
        <FC>2499.9886789291018</FC>
        <LP>0.34882465637633808</LP>
        <BETA>1.2839768607863937</BETA>
      </SubCatchmentVegetationZoneParameters>
    </SubCatchmentVegetationZone>
  </SubCatchment>
</Catchment>