<?xml version="1.0" encoding="utf-8"?>
<Catchment xmlns:xsi="http://www.w3.org/2001/XMLSchema-instance" xmlns:xsd="http://www.w3.org/2001/XMLSchema">
  <CatchmentParameters>
    <KSI>0.001</KSI>
    <KGmin>0.05</KGmin>
    <RangeKG>0.1</RangeKG>
    <AG>0.1</AG>
    <PERC>3.0871628481323938</PERC>
    <Alpha>0.21730095962347376</Alpha>
    <UZL>131.54350825686157</UZL>
    <K0>0.54513539821936818</K0>
    <K1>0.010029846742547763</K1>
    <K2>0.025350208141472496</K2>
    <MAXBAS>1</MAXBAS>
    <Cet>0</Cet>
    <PCALT>18.012017134456848</PCALT>
    <TCALT>0.21036319814134555</TCALT>
    <Pelev>2537</Pelev>
    <Telev>2486</Telev>
    <PART>0.5</PART>
    <DELAY>1</DELAY>
  </CatchmentParameters>
  <VegetationZone>
    <VegetationZoneParameters>
      <TT>-1.3965110227310109</TT>
      <CFMAX>1.0520355348544921</CFMAX>
      <SP>0</SP>
      <SFCF>0.86282741270673458</SFCF>
      <CFR>0.099999395172047076</CFR>
      <CWH>0.11783640359831576</CWH>
      <CFGlacier>1</CFGlacier>
      <CFSlope>1</CFSlope>
      <FC>1849.8646307395061</FC>
      <LP>0.7413832527194022</LP>
      <BETA>2.52100479918238</BETA>
    </VegetationZoneParameters>
  </VegetationZone>
  <SubCatchment>
    <SubCatchmentParameters>
      <KSI>0.001</KSI>
      <KGmin>0.05</KGmin>
      <RangeKG>0.1</RangeKG>
      <AG>0.1</AG>
      <PERC>3.0871628481323938</PERC>
      <Alpha>0.21730095962347376</Alpha>
      <UZL>131.54350825686157</UZL>
      <K0>0.54513539821936818</K0>
      <K1>0.010029846742547763</K1>
      <K2>0.025350208141472496</K2>
      <MAXBAS>1</MAXBAS>
      <Cet>0</Cet>
      <PCALT>18.012017134456848</PCALT>
      <TCALT>0.21036319814134555</TCALT>
      <Pelev>2537</Pelev>
      <Telev>2486</Telev>
      <PART>0.5</PART>
      <DELAY>1</DELAY>
    </SubCatchmentParameters>
    <SubCatchmentVegetationZone>
      <SubCatchmentVegetationZoneParameters>
        <TT>-1.3965110227310109</TT>
        <CFMAX>1.0520355348544921</CFMAX>
        <SP>0</SP>
        <SFCF>0.86282741270673458</SFCF>
        <CFR>0.099999395172047076</CFR>
        <CWH>0.11783640359831576</CWH>
        <CFGlacier>1</CFGlacier>
        <CFSlope>1</CFSlope>
        <FC>1849.8646307395061</FC>
        <LP>0.7413832527194022</LP>
        <BETA>2.52100479918238</BETA>
      </SubCatchmentVegetationZoneParameters>
    </SubCatchmentVegetationZone>
  </SubCatchment>
</Catchment>