<?xml version="1.0" encoding="utf-8"?>
<Catchment xmlns:xsi="http://www.w3.org/2001/XMLSchema-instance" xmlns:xsd="http://www.w3.org/2001/XMLSchema">
  <CatchmentParameters>
    <KSI>0.001</KSI>
    <KGmin>0.05</KGmin>
    <RangeKG>0.1</RangeKG>
    <AG>0.1</AG>
    <PERC>2.3827278734820032</PERC>
    <Alpha>0.21730095962347376</Alpha>
    <UZL>103.7626988716722</UZL>
    <K0>0.09963557483585983</K0>
    <K1>0.01000018703348058</K1>
    <K2>0.026489048500894955</K2>
    <MAXBAS>1</MAXBAS>
    <Cet>0</Cet>
    <PCALT>19.580269583067235</PCALT>
    <TCALT>0.050820819078236268</TCALT>
    <Pelev>2537</Pelev>
    <Telev>2486</Telev>
    <PART>0.5</PART>
    <DELAY>1</DELAY>
  </CatchmentParameters>
  <VegetationZone>
    <VegetationZoneParameters>
      <TT>-1.3579373664754253</TT>
      <CFMAX>1.816326125147395</CFMAX>
      <SP>0</SP>
      <SFCF>0.74169567711899886</SFCF>
      <CFR>0.032409744792699161</CFR>
      <CWH>0.199998976836344</CWH>
      <CFGlacier>1</CFGlacier>
      <CFSlope>1</CFSlope>
      <FC>1795.9713961849659</FC>
      <LP>0.68483669282644088</LP>
      <BETA>2.0086834157089468</BETA>
    </VegetationZoneParameters>
  </VegetationZone>
  <SubCatchment>
    <SubCatchmentParameters>
      <KSI>0.001</KSI>
      <KGmin>0.05</KGmin>
      <RangeKG>0.1</RangeKG>
      <AG>0.1</AG>
      <PERC>2.3827278734820032</PERC>
      <Alpha>0.21730095962347376</Alpha>
      <UZL>103.7626988716722</UZL>
      <K0>0.09963557483585983</K0>
      <K1>0.01000018703348058</K1>
      <K2>0.026489048500894955</K2>
      <MAXBAS>1</MAXBAS>
      <Cet>0</Cet>
      <PCALT>19.580269583067235</PCALT>
      <TCALT>0.050820819078236268</TCALT>
      <Pelev>2537</Pelev>
      <Telev>2486</Telev>
      <PART>0.5</PART>
      <DELAY>1</DELAY>
    </SubCatchmentParameters>
    <SubCatchmentVegetationZone>
      <SubCatchmentVegetationZoneParameters>
        <TT>-1.3579373664754253</TT>
        <CFMAX>1.816326125147395</CFMAX>
        <SP>0</SP>
        <SFCF>0.74169567711899886</SFCF>
        <CFR>0.032409744792699161</CFR>
        <CWH>0.199998976836344</CWH>
        <CFGlacier>1</CFGlacier>
        <CFSlope>1</CFSlope>
        <FC>1795.9713961849659</FC>
        <LP>0.68483669282644088</LP>
        <BETA>2.0086834157089468</BETA>
      </SubCatchmentVegetationZoneParameters>
    </SubCatchmentVegetationZone>
  </SubCatchment>
</Catchment>