<?xml version="1.0" encoding="utf-8"?>
<Catchment xmlns:xsi="http://www.w3.org/2001/XMLSchema-instance" xmlns:xsd="http://www.w3.org/2001/XMLSchema">
  <CatchmentParameters>
    <KSI>0.001</KSI>
    <KGmin>0.05</KGmin>
    <RangeKG>0.1</RangeKG>
    <AG>0.1</AG>
    <PERC>2.7276840452137479</PERC>
    <Alpha>0.21730095962347376</Alpha>
    <UZL>143.6578711790556</UZL>
    <K0>0.53226538543017754</K0>
    <K1>0.010010690342162345</K1>
    <K2>0.023782081906197874</K2>
    <MAXBAS>1</MAXBAS>
    <Cet>0</Cet>
    <PCALT>12.245195035693222</PCALT>
    <TCALT>0.21972640192569276</TCALT>
    <Pelev>2537</Pelev>
    <Telev>2486</Telev>
    <PART>0.5</PART>
    <DELAY>1</DELAY>
  </CatchmentParameters>
  <VegetationZone>
    <VegetationZoneParameters>
      <TT>0.17741633719298197</TT>
      <CFMAX>3.5478122843069855</CFMAX>
      <SP>0</SP>
      <SFCF>1.0573572870893664</SFCF>
      <CFR>0.055781686630952482</CFR>
      <CWH>0.17127435546162742</CWH>
      <CFGlacier>1</CFGlacier>
      <CFSlope>1</CFSlope>
      <FC>2053.4706539340928</FC>
      <LP>0.576848590245561</LP>
      <BETA>2.058519980641436</BETA>
    </VegetationZoneParameters>
  </VegetationZone>
  <SubCatchment>
    <SubCatchmentParameters>
      <KSI>0.001</KSI>
      <KGmin>0.05</KGmin>
      <RangeKG>0.1</RangeKG>
      <AG>0.1</AG>
      <PERC>2.7276840452137479</PERC>
      <Alpha>0.21730095962347376</Alpha>
      <UZL>143.6578711790556</UZL>
      <K0>0.53226538543017754</K0>
      <K1>0.010010690342162345</K1>
      <K2>0.023782081906197874</K2>
      <MAXBAS>1</MAXBAS>
      <Cet>0</Cet>
      <PCALT>12.245195035693222</PCALT>
      <TCALT>0.21972640192569276</TCALT>
      <Pelev>2537</Pelev>
      <Telev>2486</Telev>
      <PART>0.5</PART>
      <DELAY>1</DELAY>
    </SubCatchmentParameters>
    <SubCatchmentVegetationZone>
      <SubCatchmentVegetationZoneParameters>
        <TT>0.17741633719298197</TT>
        <CFMAX>3.5478122843069855</CFMAX>
        <SP>0</SP>
        <SFCF>1.0573572870893664</SFCF>
        <CFR>0.055781686630952482</CFR>
        <CWH>0.17127435546162742</CWH>
        <CFGlacier>1</CFGlacier>
        <CFSlope>1</CFSlope>
        <FC>2053.4706539340928</FC>
        <LP>0.576848590245561</LP>
        <BETA>2.058519980641436</BETA>
      </SubCatchmentVegetationZoneParameters>
    </SubCatchmentVegetationZone>
  </SubCatchment>
</Catchment>