<?xml version="1.0" encoding="utf-8"?>
<Catchment xmlns:xsi="http://www.w3.org/2001/XMLSchema-instance" xmlns:xsd="http://www.w3.org/2001/XMLSchema">
  <CatchmentParameters>
    <KSI>0.001</KSI>
    <KGmin>0.05</KGmin>
    <RangeKG>0.1</RangeKG>
    <AG>0.1</AG>
    <PERC>3.2106402915933434</PERC>
    <Alpha>0.21730095962347376</Alpha>
    <UZL>64.664647508474445</UZL>
    <K0>0.084066425986424886</K0>
    <K1>0.010000552714304976</K1>
    <K2>0.025342700253562025</K2>
    <MAXBAS>1</MAXBAS>
    <Cet>0</Cet>
    <PCALT>18.495589918702478</PCALT>
    <TCALT>0.47896063032477687</TCALT>
    <Pelev>2537</Pelev>
    <Telev>2486</Telev>
    <PART>0.5</PART>
    <DELAY>1</DELAY>
  </CatchmentParameters>
  <VegetationZone>
    <VegetationZoneParameters>
      <TT>-2.0852366156857616</TT>
      <CFMAX>0.620741928384301</CFMAX>
      <SP>0</SP>
      <SFCF>0.88988420575289684</SFCF>
      <CFR>0.00037054350396555774</CFR>
      <CWH>0.14232654873497436</CWH>
      <CFGlacier>1</CFGlacier>
      <CFSlope>1</CFSlope>
      <FC>2067.1797801771913</FC>
      <LP>0.422907552290389</LP>
      <BETA>1.3654813772254286</BETA>
    </VegetationZoneParameters>
  </VegetationZone>
  <SubCatchment>
    <SubCatchmentParameters>
      <KSI>0.001</KSI>
      <KGmin>0.05</KGmin>
      <RangeKG>0.1</RangeKG>
      <AG>0.1</AG>
      <PERC>3.2106402915933434</PERC>
      <Alpha>0.21730095962347376</Alpha>
      <UZL>64.664647508474445</UZL>
      <K0>0.084066425986424886</K0>
      <K1>0.010000552714304976</K1>
      <K2>0.025342700253562025</K2>
      <MAXBAS>1</MAXBAS>
      <Cet>0</Cet>
      <PCALT>18.495589918702478</PCALT>
      <TCALT>0.47896063032477687</TCALT>
      <Pelev>2537</Pelev>
      <Telev>2486</Telev>
      <PART>0.5</PART>
      <DELAY>1</DELAY>
    </SubCatchmentParameters>
    <SubCatchmentVegetationZone>
      <SubCatchmentVegetationZoneParameters>
        <TT>-2.0852366156857616</TT>
        <CFMAX>0.620741928384301</CFMAX>
        <SP>0</SP>
        <SFCF>0.88988420575289684</SFCF>
        <CFR>0.00037054350396555774</CFR>
        <CWH>0.14232654873497436</CWH>
        <CFGlacier>1</CFGlacier>
        <CFSlope>1</CFSlope>
        <FC>2067.1797801771913</FC>
        <LP>0.422907552290389</LP>
        <BETA>1.3654813772254286</BETA>
      </SubCatchmentVegetationZoneParameters>
    </SubCatchmentVegetationZone>
  </SubCatchment>
</Catchment>