<?xml version="1.0" encoding="utf-8"?>
<Catchment xmlns:xsi="http://www.w3.org/2001/XMLSchema-instance" xmlns:xsd="http://www.w3.org/2001/XMLSchema">
  <CatchmentParameters>
    <KSI>0.001</KSI>
    <KGmin>0.05</KGmin>
    <RangeKG>0.1</RangeKG>
    <AG>0.1</AG>
    <PERC>2.2821067619430426</PERC>
    <Alpha>0.21730095962347376</Alpha>
    <UZL>172.08391422742361</UZL>
    <K0>0.17535485717269783</K0>
    <K1>0.010000209519273573</K1>
    <K2>0.02541294180405303</K2>
    <MAXBAS>1</MAXBAS>
    <Cet>0</Cet>
    <PCALT>13.685431172125272</PCALT>
    <TCALT>0.013503894856420583</TCALT>
    <Pelev>2537</Pelev>
    <Telev>2486</Telev>
    <PART>0.5</PART>
    <DELAY>1</DELAY>
  </CatchmentParameters>
  <VegetationZone>
    <VegetationZoneParameters>
      <TT>-1.3808863058023191</TT>
      <CFMAX>1.153571457526491</CFMAX>
      <SP>0</SP>
      <SFCF>0.88183009245955279</SFCF>
      <CFR>0.099998858144361616</CFR>
      <CWH>0.199994975830971</CWH>
      <CFGlacier>1</CFGlacier>
      <CFSlope>1</CFSlope>
      <FC>2118.18093797449</FC>
      <LP>0.60596551370587648</LP>
      <BETA>2.0301569469672818</BETA>
    </VegetationZoneParameters>
  </VegetationZone>
  <SubCatchment>
    <SubCatchmentParameters>
      <KSI>0.001</KSI>
      <KGmin>0.05</KGmin>
      <RangeKG>0.1</RangeKG>
      <AG>0.1</AG>
      <PERC>2.2821067619430426</PERC>
      <Alpha>0.21730095962347376</Alpha>
      <UZL>172.08391422742361</UZL>
      <K0>0.17535485717269783</K0>
      <K1>0.010000209519273573</K1>
      <K2>0.02541294180405303</K2>
      <MAXBAS>1</MAXBAS>
      <Cet>0</Cet>
      <PCALT>13.685431172125272</PCALT>
      <TCALT>0.013503894856420583</TCALT>
      <Pelev>2537</Pelev>
      <Telev>2486</Telev>
      <PART>0.5</PART>
      <DELAY>1</DELAY>
    </SubCatchmentParameters>
    <SubCatchmentVegetationZone>
      <SubCatchmentVegetationZoneParameters>
        <TT>-1.3808863058023191</TT>
        <CFMAX>1.153571457526491</CFMAX>
        <SP>0</SP>
        <SFCF>0.88183009245955279</SFCF>
        <CFR>0.099998858144361616</CFR>
        <CWH>0.199994975830971</CWH>
        <CFGlacier>1</CFGlacier>
        <CFSlope>1</CFSlope>
        <FC>2118.18093797449</FC>
        <LP>0.60596551370587648</LP>
        <BETA>2.0301569469672818</BETA>
      </SubCatchmentVegetationZoneParameters>
    </SubCatchmentVegetationZone>
  </SubCatchment>
</Catchment>