<?xml version="1.0" encoding="utf-8"?>
<Catchment xmlns:xsi="http://www.w3.org/2001/XMLSchema-instance" xmlns:xsd="http://www.w3.org/2001/XMLSchema">
  <CatchmentParameters>
    <KSI>0.001</KSI>
    <KGmin>0.05</KGmin>
    <RangeKG>0.1</RangeKG>
    <AG>0.1</AG>
    <PERC>2.7707558823805867</PERC>
    <Alpha>0.21730095962347376</Alpha>
    <UZL>83.543046552339248</UZL>
    <K0>0.75749637526904456</K0>
    <K1>0.010000218119356176</K1>
    <K2>0.026848410166358413</K2>
    <MAXBAS>1</MAXBAS>
    <Cet>0</Cet>
    <PCALT>17.375719671539311</PCALT>
    <TCALT>0.13382057093102126</TCALT>
    <Pelev>2537</Pelev>
    <Telev>2486</Telev>
    <PART>0.5</PART>
    <DELAY>1</DELAY>
  </CatchmentParameters>
  <VegetationZone>
    <VegetationZoneParameters>
      <TT>-1.520424039260984</TT>
      <CFMAX>0.56010270905367388</CFMAX>
      <SP>0</SP>
      <SFCF>0.73052251970803417</SFCF>
      <CFR>0.0983295932912678</CFR>
      <CWH>0.10565468044917463</CWH>
      <CFGlacier>1</CFGlacier>
      <CFSlope>1</CFSlope>
      <FC>2475.8888328487715</FC>
      <LP>0.54618670673524128</LP>
      <BETA>1.7839189542078413</BETA>
    </VegetationZoneParameters>
  </VegetationZone>
  <SubCatchment>
    <SubCatchmentParameters>
      <KSI>0.001</KSI>
      <KGmin>0.05</KGmin>
      <RangeKG>0.1</RangeKG>
      <AG>0.1</AG>
      <PERC>2.7707558823805867</PERC>
      <Alpha>0.21730095962347376</Alpha>
      <UZL>83.543046552339248</UZL>
      <K0>0.75749637526904456</K0>
      <K1>0.010000218119356176</K1>
      <K2>0.026848410166358413</K2>
      <MAXBAS>1</MAXBAS>
      <Cet>0</Cet>
      <PCALT>17.375719671539311</PCALT>
      <TCALT>0.13382057093102126</TCALT>
      <Pelev>2537</Pelev>
      <Telev>2486</Telev>
      <PART>0.5</PART>
      <DELAY>1</DELAY>
    </SubCatchmentParameters>
    <SubCatchmentVegetationZone>
      <SubCatchmentVegetationZoneParameters>
        <TT>-1.520424039260984</TT>
        <CFMAX>0.56010270905367388</CFMAX>
        <SP>0</SP>
        <SFCF>0.73052251970803417</SFCF>
        <CFR>0.0983295932912678</CFR>
        <CWH>0.10565468044917463</CWH>
        <CFGlacier>1</CFGlacier>
        <CFSlope>1</CFSlope>
        <FC>2475.8888328487715</FC>
        <LP>0.54618670673524128</LP>
        <BETA>1.7839189542078413</BETA>
      </SubCatchmentVegetationZoneParameters>
    </SubCatchmentVegetationZone>
  </SubCatchment>
</Catchment>