<?xml version="1.0" encoding="utf-8"?>
<Catchment xmlns:xsi="http://www.w3.org/2001/XMLSchema-instance" xmlns:xsd="http://www.w3.org/2001/XMLSchema">
  <CatchmentParameters>
    <KSI>0.001</KSI>
    <KGmin>0.05</KGmin>
    <RangeKG>0.1</RangeKG>
    <AG>0.1</AG>
    <PERC>2.7392887981072866</PERC>
    <Alpha>0.21730095962347376</Alpha>
    <UZL>146.05588326398456</UZL>
    <K0>0.27819076368652296</K0>
    <K1>0.010000066087481189</K1>
    <K2>0.025190091288807032</K2>
    <MAXBAS>1</MAXBAS>
    <Cet>0</Cet>
    <PCALT>19.455948988289009</PCALT>
    <TCALT>0.56105177378145354</TCALT>
    <Pelev>2537</Pelev>
    <Telev>2486</Telev>
    <PART>0.5</PART>
    <DELAY>1</DELAY>
  </CatchmentParameters>
  <VegetationZone>
    <VegetationZoneParameters>
      <TT>-1.2108195332948746</TT>
      <CFMAX>2.0291671039195154</CFMAX>
      <SP>0</SP>
      <SFCF>0.91370888478321222</SFCF>
      <CFR>0.099996831659552532</CFR>
      <CWH>0.19999832593899419</CWH>
      <CFGlacier>1</CFGlacier>
      <CFSlope>1</CFSlope>
      <FC>2123.2943597939975</FC>
      <LP>0.39423375686946</LP>
      <BETA>1.2654008186447943</BETA>
    </VegetationZoneParameters>
  </VegetationZone>
  <SubCatchment>
    <SubCatchmentParameters>
      <KSI>0.001</KSI>
      <KGmin>0.05</KGmin>
      <RangeKG>0.1</RangeKG>
      <AG>0.1</AG>
      <PERC>2.7392887981072866</PERC>
      <Alpha>0.21730095962347376</Alpha>
      <UZL>146.05588326398456</UZL>
      <K0>0.27819076368652296</K0>
      <K1>0.010000066087481189</K1>
      <K2>0.025190091288807032</K2>
      <MAXBAS>1</MAXBAS>
      <Cet>0</Cet>
      <PCALT>19.455948988289009</PCALT>
      <TCALT>0.56105177378145354</TCALT>
      <Pelev>2537</Pelev>
      <Telev>2486</Telev>
      <PART>0.5</PART>
      <DELAY>1</DELAY>
    </SubCatchmentParameters>
    <SubCatchmentVegetationZone>
      <SubCatchmentVegetationZoneParameters>
        <TT>-1.2108195332948746</TT>
        <CFMAX>2.0291671039195154</CFMAX>
        <SP>0</SP>
        <SFCF>0.91370888478321222</SFCF>
        <CFR>0.099996831659552532</CFR>
        <CWH>0.19999832593899419</CWH>
        <CFGlacier>1</CFGlacier>
        <CFSlope>1</CFSlope>
        <FC>2123.2943597939975</FC>
        <LP>0.39423375686946</LP>
        <BETA>1.2654008186447943</BETA>
      </SubCatchmentVegetationZoneParameters>
    </SubCatchmentVegetationZone>
  </SubCatchment>
</Catchment>