<?xml version="1.0" encoding="utf-8"?>
<Catchment xmlns:xsi="http://www.w3.org/2001/XMLSchema-instance" xmlns:xsd="http://www.w3.org/2001/XMLSchema">
  <CatchmentParameters>
    <KSI>0.001</KSI>
    <KGmin>0.05</KGmin>
    <RangeKG>0.1</RangeKG>
    <AG>0.1</AG>
    <PERC>0.53786665550026447</PERC>
    <Alpha>0.21730095962347376</Alpha>
    <UZL>11.693765991640756</UZL>
    <K0>0.45024290119273214</K0>
    <K1>0.010901499563722</K1>
    <K2>0.027777159344349</K2>
    <MAXBAS>1</MAXBAS>
    <Cet>0</Cet>
    <PCALT>13.325134391974331</PCALT>
    <TCALT>0.6566667531438064</TCALT>
    <Pelev>2537</Pelev>
    <Telev>2486</Telev>
    <PART>0.5</PART>
    <DELAY>1</DELAY>
  </CatchmentParameters>
  <VegetationZone>
    <VegetationZoneParameters>
      <TT>-0.24748087163737473</TT>
      <CFMAX>3.4256159883752084</CFMAX>
      <SP>0</SP>
      <SFCF>1.0857586061524966</SFCF>
      <CFR>0.099901681137927828</CFR>
      <CWH>0.18154529657089105</CWH>
      <CFGlacier>1</CFGlacier>
      <CFSlope>1</CFSlope>
      <FC>2499.9972356429862</FC>
      <LP>0.50306591550082969</LP>
      <BETA>1.8262855012456871</BETA>
    </VegetationZoneParameters>
  </VegetationZone>
  <SubCatchment>
    <SubCatchmentParameters>
      <KSI>0.001</KSI>
      <KGmin>0.05</KGmin>
      <RangeKG>0.1</RangeKG>
      <AG>0.1</AG>
      <PERC>0.53786665550026447</PERC>
      <Alpha>0.21730095962347376</Alpha>
      <UZL>11.693765991640756</UZL>
      <K0>0.45024290119273214</K0>
      <K1>0.010901499563722</K1>
      <K2>0.027777159344349</K2>
      <MAXBAS>1</MAXBAS>
      <Cet>0</Cet>
      <PCALT>13.325134391974331</PCALT>
      <TCALT>0.6566667531438064</TCALT>
      <Pelev>2537</Pelev>
      <Telev>2486</Telev>
      <PART>0.5</PART>
      <DELAY>1</DELAY>
    </SubCatchmentParameters>
    <SubCatchmentVegetationZone>
      <SubCatchmentVegetationZoneParameters>
        <TT>-0.24748087163737473</TT>
        <CFMAX>3.4256159883752084</CFMAX>
        <SP>0</SP>
        <SFCF>1.0857586061524966</SFCF>
        <CFR>0.099901681137927828</CFR>
        <CWH>0.18154529657089105</CWH>
        <CFGlacier>1</CFGlacier>
        <CFSlope>1</CFSlope>
        <FC>2499.9972356429862</FC>
        <LP>0.50306591550082969</LP>
        <BETA>1.8262855012456871</BETA>
      </SubCatchmentVegetationZoneParameters>
    </SubCatchmentVegetationZone>
  </SubCatchment>
</Catchment>