<?xml version="1.0" encoding="utf-8"?>
<Catchment xmlns:xsi="http://www.w3.org/2001/XMLSchema-instance" xmlns:xsd="http://www.w3.org/2001/XMLSchema">
  <CatchmentParameters>
    <KSI>0.001</KSI>
    <KGmin>0.05</KGmin>
    <RangeKG>0.1</RangeKG>
    <AG>0.1</AG>
    <PERC>2.0135848547012043</PERC>
    <Alpha>0.21730095962347376</Alpha>
    <UZL>137.17391009780545</UZL>
    <K0>0.097908789763411691</K0>
    <K1>0.010000021302579517</K1>
    <K2>0.025936645113783727</K2>
    <MAXBAS>1</MAXBAS>
    <Cet>0</Cet>
    <PCALT>13.427893969534342</PCALT>
    <TCALT>0.080910278902769389</TCALT>
    <Pelev>2537</Pelev>
    <Telev>2486</Telev>
    <PART>0.5</PART>
    <DELAY>1</DELAY>
  </CatchmentParameters>
  <VegetationZone>
    <VegetationZoneParameters>
      <TT>-1.392257586938666</TT>
      <CFMAX>1.324118281915007</CFMAX>
      <SP>0</SP>
      <SFCF>0.84167450948230016</SFCF>
      <CFR>0.09164268831201286</CFR>
      <CWH>0.19636248995261676</CWH>
      <CFGlacier>1</CFGlacier>
      <CFSlope>1</CFSlope>
      <FC>2373.1344385457978</FC>
      <LP>0.60894006125485067</LP>
      <BETA>2.0577459976730372</BETA>
    </VegetationZoneParameters>
  </VegetationZone>
  <SubCatchment>
    <SubCatchmentParameters>
      <KSI>0.001</KSI>
      <KGmin>0.05</KGmin>
      <RangeKG>0.1</RangeKG>
      <AG>0.1</AG>
      <PERC>2.0135848547012043</PERC>
      <Alpha>0.21730095962347376</Alpha>
      <UZL>137.17391009780545</UZL>
      <K0>0.097908789763411691</K0>
      <K1>0.010000021302579517</K1>
      <K2>0.025936645113783727</K2>
      <MAXBAS>1</MAXBAS>
      <Cet>0</Cet>
      <PCALT>13.427893969534342</PCALT>
      <TCALT>0.080910278902769389</TCALT>
      <Pelev>2537</Pelev>
      <Telev>2486</Telev>
      <PART>0.5</PART>
      <DELAY>1</DELAY>
    </SubCatchmentParameters>
    <SubCatchmentVegetationZone>
      <SubCatchmentVegetationZoneParameters>
        <TT>-1.392257586938666</TT>
        <CFMAX>1.324118281915007</CFMAX>
        <SP>0</SP>
        <SFCF>0.84167450948230016</SFCF>
        <CFR>0.09164268831201286</CFR>
        <CWH>0.19636248995261676</CWH>
        <CFGlacier>1</CFGlacier>
        <CFSlope>1</CFSlope>
        <FC>2373.1344385457978</FC>
        <LP>0.60894006125485067</LP>
        <BETA>2.0577459976730372</BETA>
      </SubCatchmentVegetationZoneParameters>
    </SubCatchmentVegetationZone>
  </SubCatchment>
</Catchment>