<?xml version="1.0" encoding="utf-8"?>
<Catchment xmlns:xsi="http://www.w3.org/2001/XMLSchema-instance" xmlns:xsd="http://www.w3.org/2001/XMLSchema">
  <CatchmentParameters>
    <KSI>0.001</KSI>
    <KGmin>0.05</KGmin>
    <RangeKG>0.1</RangeKG>
    <AG>0.1</AG>
    <PERC>1.8889654748019829</PERC>
    <Alpha>0.21730095962347376</Alpha>
    <UZL>91.50222470437815</UZL>
    <K0>0.10859983495952849</K0>
    <K1>0.010000018502622703</K1>
    <K2>0.025737483453693914</K2>
    <MAXBAS>1</MAXBAS>
    <Cet>0</Cet>
    <PCALT>19.910543937705302</PCALT>
    <TCALT>0.39852111512892641</TCALT>
    <Pelev>2537</Pelev>
    <Telev>2486</Telev>
    <PART>0.5</PART>
    <DELAY>1</DELAY>
  </CatchmentParameters>
  <VegetationZone>
    <VegetationZoneParameters>
      <TT>-1.1557943255603855</TT>
      <CFMAX>1.6998269406924798</CFMAX>
      <SP>0</SP>
      <SFCF>0.87928639178349743</SFCF>
      <CFR>0.0999995246768923</CFR>
      <CWH>0.19999998955460915</CWH>
      <CFGlacier>1</CFGlacier>
      <CFSlope>1</CFSlope>
      <FC>2373.642613784144</FC>
      <LP>0.52713606874462549</LP>
      <BETA>1.6923760278686666</BETA>
    </VegetationZoneParameters>
  </VegetationZone>
  <SubCatchment>
    <SubCatchmentParameters>
      <KSI>0.001</KSI>
      <KGmin>0.05</KGmin>
      <RangeKG>0.1</RangeKG>
      <AG>0.1</AG>
      <PERC>1.8889654748019829</PERC>
      <Alpha>0.21730095962347376</Alpha>
      <UZL>91.50222470437815</UZL>
      <K0>0.10859983495952849</K0>
      <K1>0.010000018502622703</K1>
      <K2>0.025737483453693914</K2>
      <MAXBAS>1</MAXBAS>
      <Cet>0</Cet>
      <PCALT>19.910543937705302</PCALT>
      <TCALT>0.39852111512892641</TCALT>
      <Pelev>2537</Pelev>
      <Telev>2486</Telev>
      <PART>0.5</PART>
      <DELAY>1</DELAY>
    </SubCatchmentParameters>
    <SubCatchmentVegetationZone>
      <SubCatchmentVegetationZoneParameters>
        <TT>-1.1557943255603855</TT>
        <CFMAX>1.6998269406924798</CFMAX>
        <SP>0</SP>
        <SFCF>0.87928639178349743</SFCF>
        <CFR>0.0999995246768923</CFR>
        <CWH>0.19999998955460915</CWH>
        <CFGlacier>1</CFGlacier>
        <CFSlope>1</CFSlope>
        <FC>2373.642613784144</FC>
        <LP>0.52713606874462549</LP>
        <BETA>1.6923760278686666</BETA>
      </SubCatchmentVegetationZoneParameters>
    </SubCatchmentVegetationZone>
  </SubCatchment>
</Catchment>