<?xml version="1.0" encoding="utf-8"?>
<Catchment xmlns:xsi="http://www.w3.org/2001/XMLSchema-instance" xmlns:xsd="http://www.w3.org/2001/XMLSchema">
  <CatchmentParameters>
    <KSI>0.001</KSI>
    <KGmin>0.05</KGmin>
    <RangeKG>0.1</RangeKG>
    <AG>0.1</AG>
    <PERC>2.2999908161325533</PERC>
    <Alpha>0.21730095962347376</Alpha>
    <UZL>25.628775776988135</UZL>
    <K0>0.34484170577506612</K0>
    <K1>0.010000310406218422</K1>
    <K2>0.025261019128573484</K2>
    <MAXBAS>1</MAXBAS>
    <Cet>0</Cet>
    <PCALT>19.606375589182367</PCALT>
    <TCALT>0.10930859706888471</TCALT>
    <Pelev>2537</Pelev>
    <Telev>2486</Telev>
    <PART>0.5</PART>
    <DELAY>1</DELAY>
  </CatchmentParameters>
  <VegetationZone>
    <VegetationZoneParameters>
      <TT>-1.4562865848277464</TT>
      <CFMAX>1.039925860886278</CFMAX>
      <SP>0</SP>
      <SFCF>0.9046017749271219</SFCF>
      <CFR>9.0603713689340273E-07</CFR>
      <CWH>0.19998819827400327</CWH>
      <CFGlacier>1</CFGlacier>
      <CFSlope>1</CFSlope>
      <FC>2499.9998669802935</FC>
      <LP>0.56825997812662365</LP>
      <BETA>1.9319550931093577</BETA>
    </VegetationZoneParameters>
  </VegetationZone>
  <SubCatchment>
    <SubCatchmentParameters>
      <KSI>0.001</KSI>
      <KGmin>0.05</KGmin>
      <RangeKG>0.1</RangeKG>
      <AG>0.1</AG>
      <PERC>2.2999908161325533</PERC>
      <Alpha>0.21730095962347376</Alpha>
      <UZL>25.628775776988135</UZL>
      <K0>0.34484170577506612</K0>
      <K1>0.010000310406218422</K1>
      <K2>0.025261019128573484</K2>
      <MAXBAS>1</MAXBAS>
      <Cet>0</Cet>
      <PCALT>19.606375589182367</PCALT>
      <TCALT>0.10930859706888471</TCALT>
      <Pelev>2537</Pelev>
      <Telev>2486</Telev>
      <PART>0.5</PART>
      <DELAY>1</DELAY>
    </SubCatchmentParameters>
    <SubCatchmentVegetationZone>
      <SubCatchmentVegetationZoneParameters>
        <TT>-1.4562865848277464</TT>
        <CFMAX>1.039925860886278</CFMAX>
        <SP>0</SP>
        <SFCF>0.9046017749271219</SFCF>
        <CFR>9.0603713689340273E-07</CFR>
        <CWH>0.19998819827400327</CWH>
        <CFGlacier>1</CFGlacier>
        <CFSlope>1</CFSlope>
        <FC>2499.9998669802935</FC>
        <LP>0.56825997812662365</LP>
        <BETA>1.9319550931093577</BETA>
      </SubCatchmentVegetationZoneParameters>
    </SubCatchmentVegetationZone>
  </SubCatchment>
</Catchment>