<?xml version="1.0" encoding="utf-8"?>
<Catchment xmlns:xsi="http://www.w3.org/2001/XMLSchema-instance" xmlns:xsd="http://www.w3.org/2001/XMLSchema">
  <CatchmentParameters>
    <KSI>0.001</KSI>
    <KGmin>0.05</KGmin>
    <RangeKG>0.1</RangeKG>
    <AG>0.1</AG>
    <PERC>1.95062112871345</PERC>
    <Alpha>0.21730095962347376</Alpha>
    <UZL>195.03789259434959</UZL>
    <K0>0.40693780494689052</K0>
    <K1>0.01022470522176175</K1>
    <K2>0.025151587468493431</K2>
    <MAXBAS>1</MAXBAS>
    <Cet>0</Cet>
    <PCALT>19.99998220472844</PCALT>
    <TCALT>0.3883494428134267</TCALT>
    <Pelev>2537</Pelev>
    <Telev>2486</Telev>
    <PART>0.5</PART>
    <DELAY>1</DELAY>
  </CatchmentParameters>
  <VegetationZone>
    <VegetationZoneParameters>
      <TT>-1.3543691330942402</TT>
      <CFMAX>1.9076580552365288</CFMAX>
      <SP>0</SP>
      <SFCF>0.92960785863605344</SFCF>
      <CFR>0.099998465212002757</CFR>
      <CWH>0.19999924676415212</CWH>
      <CFGlacier>1</CFGlacier>
      <CFSlope>1</CFSlope>
      <FC>2200.43160226973</FC>
      <LP>0.43609440679734429</LP>
      <BETA>1.3904324276941587</BETA>
    </VegetationZoneParameters>
  </VegetationZone>
  <SubCatchment>
    <SubCatchmentParameters>
      <KSI>0.001</KSI>
      <KGmin>0.05</KGmin>
      <RangeKG>0.1</RangeKG>
      <AG>0.1</AG>
      <PERC>1.95062112871345</PERC>
      <Alpha>0.21730095962347376</Alpha>
      <UZL>195.03789259434959</UZL>
      <K0>0.40693780494689052</K0>
      <K1>0.01022470522176175</K1>
      <K2>0.025151587468493431</K2>
      <MAXBAS>1</MAXBAS>
      <Cet>0</Cet>
      <PCALT>19.99998220472844</PCALT>
      <TCALT>0.3883494428134267</TCALT>
      <Pelev>2537</Pelev>
      <Telev>2486</Telev>
      <PART>0.5</PART>
      <DELAY>1</DELAY>
    </SubCatchmentParameters>
    <SubCatchmentVegetationZone>
      <SubCatchmentVegetationZoneParameters>
        <TT>-1.3543691330942402</TT>
        <CFMAX>1.9076580552365288</CFMAX>
        <SP>0</SP>
        <SFCF>0.92960785863605344</SFCF>
        <CFR>0.099998465212002757</CFR>
        <CWH>0.19999924676415212</CWH>
        <CFGlacier>1</CFGlacier>
        <CFSlope>1</CFSlope>
        <FC>2200.43160226973</FC>
        <LP>0.43609440679734429</LP>
        <BETA>1.3904324276941587</BETA>
      </SubCatchmentVegetationZoneParameters>
    </SubCatchmentVegetationZone>
  </SubCatchment>
</Catchment>