<?xml version="1.0" encoding="utf-8"?>
<Catchment xmlns:xsi="http://www.w3.org/2001/XMLSchema-instance" xmlns:xsd="http://www.w3.org/2001/XMLSchema">
  <CatchmentParameters>
    <KSI>0.001</KSI>
    <KGmin>0.05</KGmin>
    <RangeKG>0.1</RangeKG>
    <AG>0.1</AG>
    <PERC>3.1560767841710264</PERC>
    <Alpha>0.21730095962347376</Alpha>
    <UZL>122.65576665027255</UZL>
    <K0>0.39269095414509797</K0>
    <K1>0.010000069686452914</K1>
    <K2>0.026512372361758123</K2>
    <MAXBAS>1</MAXBAS>
    <Cet>0</Cet>
    <PCALT>19.960184140646525</PCALT>
    <TCALT>0.23758438797789355</TCALT>
    <Pelev>2537</Pelev>
    <Telev>2486</Telev>
    <PART>0.5</PART>
    <DELAY>1</DELAY>
  </CatchmentParameters>
  <VegetationZone>
    <VegetationZoneParameters>
      <TT>-1.3708697810320836</TT>
      <CFMAX>1.0631589232736112</CFMAX>
      <SP>0</SP>
      <SFCF>0.75911598013469317</SFCF>
      <CFR>0.099996853534828248</CFR>
      <CWH>0.17209205605710254</CWH>
      <CFGlacier>1</CFGlacier>
      <CFSlope>1</CFSlope>
      <FC>1978.5438900905242</FC>
      <LP>0.6631074327929013</LP>
      <BETA>2.051669605850531</BETA>
    </VegetationZoneParameters>
  </VegetationZone>
  <SubCatchment>
    <SubCatchmentParameters>
      <KSI>0.001</KSI>
      <KGmin>0.05</KGmin>
      <RangeKG>0.1</RangeKG>
      <AG>0.1</AG>
      <PERC>3.1560767841710264</PERC>
      <Alpha>0.21730095962347376</Alpha>
      <UZL>122.65576665027255</UZL>
      <K0>0.39269095414509797</K0>
      <K1>0.010000069686452914</K1>
      <K2>0.026512372361758123</K2>
      <MAXBAS>1</MAXBAS>
      <Cet>0</Cet>
      <PCALT>19.960184140646525</PCALT>
      <TCALT>0.23758438797789355</TCALT>
      <Pelev>2537</Pelev>
      <Telev>2486</Telev>
      <PART>0.5</PART>
      <DELAY>1</DELAY>
    </SubCatchmentParameters>
    <SubCatchmentVegetationZone>
      <SubCatchmentVegetationZoneParameters>
        <TT>-1.3708697810320836</TT>
        <CFMAX>1.0631589232736112</CFMAX>
        <SP>0</SP>
        <SFCF>0.75911598013469317</SFCF>
        <CFR>0.099996853534828248</CFR>
        <CWH>0.17209205605710254</CWH>
        <CFGlacier>1</CFGlacier>
        <CFSlope>1</CFSlope>
        <FC>1978.5438900905242</FC>
        <LP>0.6631074327929013</LP>
        <BETA>2.051669605850531</BETA>
      </SubCatchmentVegetationZoneParameters>
    </SubCatchmentVegetationZone>
  </SubCatchment>
</Catchment>