<?xml version="1.0" encoding="utf-8"?>
<Catchment xmlns:xsi="http://www.w3.org/2001/XMLSchema-instance" xmlns:xsd="http://www.w3.org/2001/XMLSchema">
  <CatchmentParameters>
    <KSI>0.001</KSI>
    <KGmin>0.05</KGmin>
    <RangeKG>0.1</RangeKG>
    <AG>0.1</AG>
    <PERC>2.0652196777292597</PERC>
    <Alpha>0.21730095962347376</Alpha>
    <UZL>101.73009293171091</UZL>
    <K0>0.36756946373148269</K0>
    <K1>0.010843620458847998</K1>
    <K2>0.027634958514634347</K2>
    <MAXBAS>1</MAXBAS>
    <Cet>0</Cet>
    <PCALT>15.932064021339171</PCALT>
    <TCALT>0.058239790303715067</TCALT>
    <Pelev>2537</Pelev>
    <Telev>2486</Telev>
    <PART>0.5</PART>
    <DELAY>1</DELAY>
  </CatchmentParameters>
  <VegetationZone>
    <VegetationZoneParameters>
      <TT>-1.3663939364599069</TT>
      <CFMAX>1.3353911954358586</CFMAX>
      <SP>0</SP>
      <SFCF>0.62189388091687059</SFCF>
      <CFR>0.099997032723146972</CFR>
      <CWH>0.19999781225198268</CWH>
      <CFGlacier>1</CFGlacier>
      <CFSlope>1</CFSlope>
      <FC>2425.7488881150216</FC>
      <LP>0.6740941672913312</LP>
      <BETA>2.1385982550703697</BETA>
    </VegetationZoneParameters>
  </VegetationZone>
  <SubCatchment>
    <SubCatchmentParameters>
      <KSI>0.001</KSI>
      <KGmin>0.05</KGmin>
      <RangeKG>0.1</RangeKG>
      <AG>0.1</AG>
      <PERC>2.0652196777292597</PERC>
      <Alpha>0.21730095962347376</Alpha>
      <UZL>101.73009293171091</UZL>
      <K0>0.36756946373148269</K0>
      <K1>0.010843620458847998</K1>
      <K2>0.027634958514634347</K2>
      <MAXBAS>1</MAXBAS>
      <Cet>0</Cet>
      <PCALT>15.932064021339171</PCALT>
      <TCALT>0.058239790303715067</TCALT>
      <Pelev>2537</Pelev>
      <Telev>2486</Telev>
      <PART>0.5</PART>
      <DELAY>1</DELAY>
    </SubCatchmentParameters>
    <SubCatchmentVegetationZone>
      <SubCatchmentVegetationZoneParameters>
        <TT>-1.3663939364599069</TT>
        <CFMAX>1.3353911954358586</CFMAX>
        <SP>0</SP>
        <SFCF>0.62189388091687059</SFCF>
        <CFR>0.099997032723146972</CFR>
        <CWH>0.19999781225198268</CWH>
        <CFGlacier>1</CFGlacier>
        <CFSlope>1</CFSlope>
        <FC>2425.7488881150216</FC>
        <LP>0.6740941672913312</LP>
        <BETA>2.1385982550703697</BETA>
      </SubCatchmentVegetationZoneParameters>
    </SubCatchmentVegetationZone>
  </SubCatchment>
</Catchment>