<?xml version="1.0" encoding="utf-8"?>
<Catchment xmlns:xsi="http://www.w3.org/2001/XMLSchema-instance" xmlns:xsd="http://www.w3.org/2001/XMLSchema">
  <CatchmentParameters>
    <KSI>0.001</KSI>
    <KGmin>0.05</KGmin>
    <RangeKG>0.1</RangeKG>
    <AG>0.1</AG>
    <PERC>2.9476760671418236</PERC>
    <Alpha>0.21730095962347376</Alpha>
    <UZL>122.93990979935327</UZL>
    <K0>0.53737546127740032</K0>
    <K1>0.010000064642659515</K1>
    <K2>0.024920704311243817</K2>
    <MAXBAS>1</MAXBAS>
    <Cet>0</Cet>
    <PCALT>19.998169330066158</PCALT>
    <TCALT>0.22352158354704912</TCALT>
    <Pelev>2537</Pelev>
    <Telev>2486</Telev>
    <PART>0.5</PART>
    <DELAY>1</DELAY>
  </CatchmentParameters>
  <VegetationZone>
    <VegetationZoneParameters>
      <TT>-1.6105921429876451</TT>
      <CFMAX>0.72296003633457773</CFMAX>
      <SP>0</SP>
      <SFCF>0.95502298099407645</SFCF>
      <CFR>0.099994161570496912</CFR>
      <CWH>0.10000097853539564</CWH>
      <CFGlacier>1</CFGlacier>
      <CFSlope>1</CFSlope>
      <FC>2499.9999710437146</FC>
      <LP>0.56774558863533642</LP>
      <BETA>1.9855664486963447</BETA>
    </VegetationZoneParameters>
  </VegetationZone>
  <SubCatchment>
    <SubCatchmentParameters>
      <KSI>0.001</KSI>
      <KGmin>0.05</KGmin>
      <RangeKG>0.1</RangeKG>
      <AG>0.1</AG>
      <PERC>2.9476760671418236</PERC>
      <Alpha>0.21730095962347376</Alpha>
      <UZL>122.93990979935327</UZL>
      <K0>0.53737546127740032</K0>
      <K1>0.010000064642659515</K1>
      <K2>0.024920704311243817</K2>
      <MAXBAS>1</MAXBAS>
      <Cet>0</Cet>
      <PCALT>19.998169330066158</PCALT>
      <TCALT>0.22352158354704912</TCALT>
      <Pelev>2537</Pelev>
      <Telev>2486</Telev>
      <PART>0.5</PART>
      <DELAY>1</DELAY>
    </SubCatchmentParameters>
    <SubCatchmentVegetationZone>
      <SubCatchmentVegetationZoneParameters>
        <TT>-1.6105921429876451</TT>
        <CFMAX>0.72296003633457773</CFMAX>
        <SP>0</SP>
        <SFCF>0.95502298099407645</SFCF>
        <CFR>0.099994161570496912</CFR>
        <CWH>0.10000097853539564</CWH>
        <CFGlacier>1</CFGlacier>
        <CFSlope>1</CFSlope>
        <FC>2499.9999710437146</FC>
        <LP>0.56774558863533642</LP>
        <BETA>1.9855664486963447</BETA>
      </SubCatchmentVegetationZoneParameters>
    </SubCatchmentVegetationZone>
  </SubCatchment>
</Catchment>