<?xml version="1.0" encoding="utf-8"?>
<Catchment xmlns:xsi="http://www.w3.org/2001/XMLSchema-instance" xmlns:xsd="http://www.w3.org/2001/XMLSchema">
  <CatchmentParameters>
    <KSI>0.001</KSI>
    <KGmin>0.05</KGmin>
    <RangeKG>0.1</RangeKG>
    <AG>0.1</AG>
    <PERC>5.9849185502720221</PERC>
    <Alpha>0.21730095962347376</Alpha>
    <UZL>0.40071093485563647</UZL>
    <K0>0.98999577641136638</K0>
    <K1>0.010001206944899808</K1>
    <K2>0.023358120472615096</K2>
    <MAXBAS>1</MAXBAS>
    <Cet>0</Cet>
    <PCALT>19.999988974312846</PCALT>
    <TCALT>0.21235570107318963</TCALT>
    <Pelev>2537</Pelev>
    <Telev>2486</Telev>
    <PART>0.5</PART>
    <DELAY>1</DELAY>
  </CatchmentParameters>
  <VegetationZone>
    <VegetationZoneParameters>
      <TT>0.32739948443957179</TT>
      <CFMAX>3.9100761267580486</CFMAX>
      <SP>0</SP>
      <SFCF>1.1013030959632517</SFCF>
      <CFR>0.066248641804711544</CFR>
      <CWH>0.19999721372145748</CWH>
      <CFGlacier>1</CFGlacier>
      <CFSlope>1</CFSlope>
      <FC>2499.9999962456027</FC>
      <LP>0.63704920328178893</LP>
      <BETA>2.4363412716514827</BETA>
    </VegetationZoneParameters>
  </VegetationZone>
  <SubCatchment>
    <SubCatchmentParameters>
      <KSI>0.001</KSI>
      <KGmin>0.05</KGmin>
      <RangeKG>0.1</RangeKG>
      <AG>0.1</AG>
      <PERC>5.9849185502720221</PERC>
      <Alpha>0.21730095962347376</Alpha>
      <UZL>0.40071093485563647</UZL>
      <K0>0.98999577641136638</K0>
      <K1>0.010001206944899808</K1>
      <K2>0.023358120472615096</K2>
      <MAXBAS>1</MAXBAS>
      <Cet>0</Cet>
      <PCALT>19.999988974312846</PCALT>
      <TCALT>0.21235570107318963</TCALT>
      <Pelev>2537</Pelev>
      <Telev>2486</Telev>
      <PART>0.5</PART>
      <DELAY>1</DELAY>
    </SubCatchmentParameters>
    <SubCatchmentVegetationZone>
      <SubCatchmentVegetationZoneParameters>
        <TT>0.32739948443957179</TT>
        <CFMAX>3.9100761267580486</CFMAX>
        <SP>0</SP>
        <SFCF>1.1013030959632517</SFCF>
        <CFR>0.066248641804711544</CFR>
        <CWH>0.19999721372145748</CWH>
        <CFGlacier>1</CFGlacier>
        <CFSlope>1</CFSlope>
        <FC>2499.9999962456027</FC>
        <LP>0.63704920328178893</LP>
        <BETA>2.4363412716514827</BETA>
      </SubCatchmentVegetationZoneParameters>
    </SubCatchmentVegetationZone>
  </SubCatchment>
</Catchment>