<?xml version="1.0" encoding="utf-8"?>
<Catchment xmlns:xsi="http://www.w3.org/2001/XMLSchema-instance" xmlns:xsd="http://www.w3.org/2001/XMLSchema">
  <CatchmentParameters>
    <KSI>0.001</KSI>
    <KGmin>0.05</KGmin>
    <RangeKG>0.1</RangeKG>
    <AG>0.1</AG>
    <PERC>2.3669305875831492</PERC>
    <Alpha>0.21730095962347376</Alpha>
    <UZL>171.44345485814131</UZL>
    <K0>0.54615949734009006</K0>
    <K1>0.010000044117303363</K1>
    <K2>0.026388984392561085</K2>
    <MAXBAS>1</MAXBAS>
    <Cet>0</Cet>
    <PCALT>17.986334407279315</PCALT>
    <TCALT>0.1100794968432581</TCALT>
    <Pelev>2537</Pelev>
    <Telev>2486</Telev>
    <PART>0.5</PART>
    <DELAY>1</DELAY>
  </CatchmentParameters>
  <VegetationZone>
    <VegetationZoneParameters>
      <TT>-1.4559850258015676</TT>
      <CFMAX>0.77796820270209821</CFMAX>
      <SP>0</SP>
      <SFCF>0.80437159808565428</SFCF>
      <CFR>3.5258801965962582E-07</CFR>
      <CWH>0.12929386232059942</CWH>
      <CFGlacier>1</CFGlacier>
      <CFSlope>1</CFSlope>
      <FC>2499.9997274109023</FC>
      <LP>0.55605045376357654</LP>
      <BETA>1.8371847487022073</BETA>
    </VegetationZoneParameters>
  </VegetationZone>
  <SubCatchment>
    <SubCatchmentParameters>
      <KSI>0.001</KSI>
      <KGmin>0.05</KGmin>
      <RangeKG>0.1</RangeKG>
      <AG>0.1</AG>
      <PERC>2.3669305875831492</PERC>
      <Alpha>0.21730095962347376</Alpha>
      <UZL>171.44345485814131</UZL>
      <K0>0.54615949734009006</K0>
      <K1>0.010000044117303363</K1>
      <K2>0.026388984392561085</K2>
      <MAXBAS>1</MAXBAS>
      <Cet>0</Cet>
      <PCALT>17.986334407279315</PCALT>
      <TCALT>0.1100794968432581</TCALT>
      <Pelev>2537</Pelev>
      <Telev>2486</Telev>
      <PART>0.5</PART>
      <DELAY>1</DELAY>
    </SubCatchmentParameters>
    <SubCatchmentVegetationZone>
      <SubCatchmentVegetationZoneParameters>
        <TT>-1.4559850258015676</TT>
        <CFMAX>0.77796820270209821</CFMAX>
        <SP>0</SP>
        <SFCF>0.80437159808565428</SFCF>
        <CFR>3.5258801965962582E-07</CFR>
        <CWH>0.12929386232059942</CWH>
        <CFGlacier>1</CFGlacier>
        <CFSlope>1</CFSlope>
        <FC>2499.9997274109023</FC>
        <LP>0.55605045376357654</LP>
        <BETA>1.8371847487022073</BETA>
      </SubCatchmentVegetationZoneParameters>
    </SubCatchmentVegetationZone>
  </SubCatchment>
</Catchment>