<?xml version="1.0" encoding="utf-8"?>
<Catchment xmlns:xsi="http://www.w3.org/2001/XMLSchema-instance" xmlns:xsd="http://www.w3.org/2001/XMLSchema">
  <CatchmentParameters>
    <KSI>0.001</KSI>
    <KGmin>0.05</KGmin>
    <RangeKG>0.1</RangeKG>
    <AG>0.1</AG>
    <PERC>2.3451226449621596</PERC>
    <Alpha>0.21730095962347376</Alpha>
    <UZL>129.31045689578073</UZL>
    <K0>0.50603410580858543</K0>
    <K1>0.010000086367464262</K1>
    <K2>0.026236263853069472</K2>
    <MAXBAS>1</MAXBAS>
    <Cet>0</Cet>
    <PCALT>12.895465133598338</PCALT>
    <TCALT>0.044964891369221958</TCALT>
    <Pelev>2537</Pelev>
    <Telev>2486</Telev>
    <PART>0.5</PART>
    <DELAY>1</DELAY>
  </CatchmentParameters>
  <VegetationZone>
    <VegetationZoneParameters>
      <TT>-1.3512641577509086</TT>
      <CFMAX>1.7090511859394326</CFMAX>
      <SP>0</SP>
      <SFCF>0.7591464341462929</SFCF>
      <CFR>0.099997091981480254</CFR>
      <CWH>0.19999899496572446</CWH>
      <CFGlacier>1</CFGlacier>
      <CFSlope>1</CFSlope>
      <FC>1767.0072249197942</FC>
      <LP>0.65883088953693836</LP>
      <BETA>1.9958428976298743</BETA>
    </VegetationZoneParameters>
  </VegetationZone>
  <SubCatchment>
    <SubCatchmentParameters>
      <KSI>0.001</KSI>
      <KGmin>0.05</KGmin>
      <RangeKG>0.1</RangeKG>
      <AG>0.1</AG>
      <PERC>2.3451226449621596</PERC>
      <Alpha>0.21730095962347376</Alpha>
      <UZL>129.31045689578073</UZL>
      <K0>0.50603410580858543</K0>
      <K1>0.010000086367464262</K1>
      <K2>0.026236263853069472</K2>
      <MAXBAS>1</MAXBAS>
      <Cet>0</Cet>
      <PCALT>12.895465133598338</PCALT>
      <TCALT>0.044964891369221958</TCALT>
      <Pelev>2537</Pelev>
      <Telev>2486</Telev>
      <PART>0.5</PART>
      <DELAY>1</DELAY>
    </SubCatchmentParameters>
    <SubCatchmentVegetationZone>
      <SubCatchmentVegetationZoneParameters>
        <TT>-1.3512641577509086</TT>
        <CFMAX>1.7090511859394326</CFMAX>
        <SP>0</SP>
        <SFCF>0.7591464341462929</SFCF>
        <CFR>0.099997091981480254</CFR>
        <CWH>0.19999899496572446</CWH>
        <CFGlacier>1</CFGlacier>
        <CFSlope>1</CFSlope>
        <FC>1767.0072249197942</FC>
        <LP>0.65883088953693836</LP>
        <BETA>1.9958428976298743</BETA>
      </SubCatchmentVegetationZoneParameters>
    </SubCatchmentVegetationZone>
  </SubCatchment>
</Catchment>