<?xml version="1.0" encoding="utf-8"?>
<Catchment xmlns:xsi="http://www.w3.org/2001/XMLSchema-instance" xmlns:xsd="http://www.w3.org/2001/XMLSchema">
  <CatchmentParameters>
    <KSI>0.001</KSI>
    <KGmin>0.05</KGmin>
    <RangeKG>0.1</RangeKG>
    <AG>0.1</AG>
    <PERC>2.1279912801356446</PERC>
    <Alpha>0.21730095962347376</Alpha>
    <UZL>154.61256594610026</UZL>
    <K0>0.40091704167307746</K0>
    <K1>0.010000012581465519</K1>
    <K2>0.025111718785328994</K2>
    <MAXBAS>1</MAXBAS>
    <Cet>0</Cet>
    <PCALT>10.583538613992834</PCALT>
    <TCALT>0.5416830339683657</TCALT>
    <Pelev>2537</Pelev>
    <Telev>2486</Telev>
    <PART>0.5</PART>
    <DELAY>1</DELAY>
  </CatchmentParameters>
  <VegetationZone>
    <VegetationZoneParameters>
      <TT>-1.159318559306401</TT>
      <CFMAX>1.2437851948186962</CFMAX>
      <SP>0</SP>
      <SFCF>0.91969036300728257</SFCF>
      <CFR>0.099999275735702761</CFR>
      <CWH>0.10000047480730775</CWH>
      <CFGlacier>1</CFGlacier>
      <CFSlope>1</CFSlope>
      <FC>2499.9999379438555</FC>
      <LP>0.67795663112162907</LP>
      <BETA>2.6277600648648778</BETA>
    </VegetationZoneParameters>
  </VegetationZone>
  <SubCatchment>
    <SubCatchmentParameters>
      <KSI>0.001</KSI>
      <KGmin>0.05</KGmin>
      <RangeKG>0.1</RangeKG>
      <AG>0.1</AG>
      <PERC>2.1279912801356446</PERC>
      <Alpha>0.21730095962347376</Alpha>
      <UZL>154.61256594610026</UZL>
      <K0>0.40091704167307746</K0>
      <K1>0.010000012581465519</K1>
      <K2>0.025111718785328994</K2>
      <MAXBAS>1</MAXBAS>
      <Cet>0</Cet>
      <PCALT>10.583538613992834</PCALT>
      <TCALT>0.5416830339683657</TCALT>
      <Pelev>2537</Pelev>
      <Telev>2486</Telev>
      <PART>0.5</PART>
      <DELAY>1</DELAY>
    </SubCatchmentParameters>
    <SubCatchmentVegetationZone>
      <SubCatchmentVegetationZoneParameters>
        <TT>-1.159318559306401</TT>
        <CFMAX>1.2437851948186962</CFMAX>
        <SP>0</SP>
        <SFCF>0.91969036300728257</SFCF>
        <CFR>0.099999275735702761</CFR>
        <CWH>0.10000047480730775</CWH>
        <CFGlacier>1</CFGlacier>
        <CFSlope>1</CFSlope>
        <FC>2499.9999379438555</FC>
        <LP>0.67795663112162907</LP>
        <BETA>2.6277600648648778</BETA>
      </SubCatchmentVegetationZoneParameters>
    </SubCatchmentVegetationZone>
  </SubCatchment>
</Catchment>