<?xml version="1.0" encoding="utf-8"?>
<Catchment xmlns:xsi="http://www.w3.org/2001/XMLSchema-instance" xmlns:xsd="http://www.w3.org/2001/XMLSchema">
  <CatchmentParameters>
    <KSI>0.001</KSI>
    <KGmin>0.05</KGmin>
    <RangeKG>0.1</RangeKG>
    <AG>0.1</AG>
    <PERC>2.0786197209150226</PERC>
    <Alpha>0.21730095962347376</Alpha>
    <UZL>93.626933779416078</UZL>
    <K0>0.10024487333367227</K0>
    <K1>0.01000000017217636</K1>
    <K2>0.027053834154242177</K2>
    <MAXBAS>1</MAXBAS>
    <Cet>0</Cet>
    <PCALT>17.698320598359196</PCALT>
    <TCALT>0.085905544412904877</TCALT>
    <Pelev>2537</Pelev>
    <Telev>2486</Telev>
    <PART>0.5</PART>
    <DELAY>1</DELAY>
  </CatchmentParameters>
  <VegetationZone>
    <VegetationZoneParameters>
      <TT>-1.3979335051355935</TT>
      <CFMAX>1.0735329708806558</CFMAX>
      <SP>0</SP>
      <SFCF>0.72918965936901869</SFCF>
      <CFR>0.099997670121198645</CFR>
      <CWH>0.19999949844818843</CWH>
      <CFGlacier>1</CFGlacier>
      <CFSlope>1</CFSlope>
      <FC>2323.1079918525629</FC>
      <LP>0.65765316680827857</LP>
      <BETA>2.132290189298486</BETA>
    </VegetationZoneParameters>
  </VegetationZone>
  <SubCatchment>
    <SubCatchmentParameters>
      <KSI>0.001</KSI>
      <KGmin>0.05</KGmin>
      <RangeKG>0.1</RangeKG>
      <AG>0.1</AG>
      <PERC>2.0786197209150226</PERC>
      <Alpha>0.21730095962347376</Alpha>
      <UZL>93.626933779416078</UZL>
      <K0>0.10024487333367227</K0>
      <K1>0.01000000017217636</K1>
      <K2>0.027053834154242177</K2>
      <MAXBAS>1</MAXBAS>
      <Cet>0</Cet>
      <PCALT>17.698320598359196</PCALT>
      <TCALT>0.085905544412904877</TCALT>
      <Pelev>2537</Pelev>
      <Telev>2486</Telev>
      <PART>0.5</PART>
      <DELAY>1</DELAY>
    </SubCatchmentParameters>
    <SubCatchmentVegetationZone>
      <SubCatchmentVegetationZoneParameters>
        <TT>-1.3979335051355935</TT>
        <CFMAX>1.0735329708806558</CFMAX>
        <SP>0</SP>
        <SFCF>0.72918965936901869</SFCF>
        <CFR>0.099997670121198645</CFR>
        <CWH>0.19999949844818843</CWH>
        <CFGlacier>1</CFGlacier>
        <CFSlope>1</CFSlope>
        <FC>2323.1079918525629</FC>
        <LP>0.65765316680827857</LP>
        <BETA>2.132290189298486</BETA>
      </SubCatchmentVegetationZoneParameters>
    </SubCatchmentVegetationZone>
  </SubCatchment>
</Catchment>