<?xml version="1.0" encoding="utf-8"?>
<Catchment xmlns:xsi="http://www.w3.org/2001/XMLSchema-instance" xmlns:xsd="http://www.w3.org/2001/XMLSchema">
  <CatchmentParameters>
    <KSI>0.001</KSI>
    <KGmin>0.05</KGmin>
    <RangeKG>0.1</RangeKG>
    <AG>0.1</AG>
    <PERC>3.2940307704234164</PERC>
    <Alpha>0.21730095962347376</Alpha>
    <UZL>124.75651136624421</UZL>
    <K0>0.19584489393620133</K0>
    <K1>0.01000010318341856</K1>
    <K2>0.026205352573778342</K2>
    <MAXBAS>1</MAXBAS>
    <Cet>0</Cet>
    <PCALT>19.595021854833661</PCALT>
    <TCALT>0.41437358985334832</TCALT>
    <Pelev>2537</Pelev>
    <Telev>2486</Telev>
    <PART>0.5</PART>
    <DELAY>1</DELAY>
  </CatchmentParameters>
  <VegetationZone>
    <VegetationZoneParameters>
      <TT>-1.3723864665897563</TT>
      <CFMAX>1.287067350780341</CFMAX>
      <SP>0</SP>
      <SFCF>0.756840525434554</SFCF>
      <CFR>0.099999046272282413</CFR>
      <CWH>0.19100030628457299</CWH>
      <CFGlacier>1</CFGlacier>
      <CFSlope>1</CFSlope>
      <FC>1904.4408764880566</FC>
      <LP>0.44420067915565947</LP>
      <BETA>1.3089029063570985</BETA>
    </VegetationZoneParameters>
  </VegetationZone>
  <SubCatchment>
    <SubCatchmentParameters>
      <KSI>0.001</KSI>
      <KGmin>0.05</KGmin>
      <RangeKG>0.1</RangeKG>
      <AG>0.1</AG>
      <PERC>3.2940307704234164</PERC>
      <Alpha>0.21730095962347376</Alpha>
      <UZL>124.75651136624421</UZL>
      <K0>0.19584489393620133</K0>
      <K1>0.01000010318341856</K1>
      <K2>0.026205352573778342</K2>
      <MAXBAS>1</MAXBAS>
      <Cet>0</Cet>
      <PCALT>19.595021854833661</PCALT>
      <TCALT>0.41437358985334832</TCALT>
      <Pelev>2537</Pelev>
      <Telev>2486</Telev>
      <PART>0.5</PART>
      <DELAY>1</DELAY>
    </SubCatchmentParameters>
    <SubCatchmentVegetationZone>
      <SubCatchmentVegetationZoneParameters>
        <TT>-1.3723864665897563</TT>
        <CFMAX>1.287067350780341</CFMAX>
        <SP>0</SP>
        <SFCF>0.756840525434554</SFCF>
        <CFR>0.099999046272282413</CFR>
        <CWH>0.19100030628457299</CWH>
        <CFGlacier>1</CFGlacier>
        <CFSlope>1</CFSlope>
        <FC>1904.4408764880566</FC>
        <LP>0.44420067915565947</LP>
        <BETA>1.3089029063570985</BETA>
      </SubCatchmentVegetationZoneParameters>
    </SubCatchmentVegetationZone>
  </SubCatchment>
</Catchment>