<?xml version="1.0" encoding="utf-8"?>
<Catchment xmlns:xsi="http://www.w3.org/2001/XMLSchema-instance" xmlns:xsd="http://www.w3.org/2001/XMLSchema">
  <CatchmentParameters>
    <KSI>0.001</KSI>
    <KGmin>0.05</KGmin>
    <RangeKG>0.1</RangeKG>
    <AG>0.1</AG>
    <PERC>2.608864785292901</PERC>
    <Alpha>0.21730095962347376</Alpha>
    <UZL>193.67427473263177</UZL>
    <K0>0.49629966694903471</K0>
    <K1>0.010000183709042375</K1>
    <K2>0.024944133921187647</K2>
    <MAXBAS>1</MAXBAS>
    <Cet>0</Cet>
    <PCALT>14.670345291820572</PCALT>
    <TCALT>0.20469971244022669</TCALT>
    <Pelev>2537</Pelev>
    <Telev>2486</Telev>
    <PART>0.5</PART>
    <DELAY>1</DELAY>
  </CatchmentParameters>
  <VegetationZone>
    <VegetationZoneParameters>
      <TT>0.666647298134028</TT>
      <CFMAX>3.9719329708292364</CFMAX>
      <SP>0</SP>
      <SFCF>0.97518183172106432</SFCF>
      <CFR>0.0427269344540926</CFR>
      <CWH>0.17230289459280959</CWH>
      <CFGlacier>1</CFGlacier>
      <CFSlope>1</CFSlope>
      <FC>2293.2845596796287</FC>
      <LP>0.49623690025304446</LP>
      <BETA>1.6952753138050145</BETA>
    </VegetationZoneParameters>
  </VegetationZone>
  <SubCatchment>
    <SubCatchmentParameters>
      <KSI>0.001</KSI>
      <KGmin>0.05</KGmin>
      <RangeKG>0.1</RangeKG>
      <AG>0.1</AG>
      <PERC>2.608864785292901</PERC>
      <Alpha>0.21730095962347376</Alpha>
      <UZL>193.67427473263177</UZL>
      <K0>0.49629966694903471</K0>
      <K1>0.010000183709042375</K1>
      <K2>0.024944133921187647</K2>
      <MAXBAS>1</MAXBAS>
      <Cet>0</Cet>
      <PCALT>14.670345291820572</PCALT>
      <TCALT>0.20469971244022669</TCALT>
      <Pelev>2537</Pelev>
      <Telev>2486</Telev>
      <PART>0.5</PART>
      <DELAY>1</DELAY>
    </SubCatchmentParameters>
    <SubCatchmentVegetationZone>
      <SubCatchmentVegetationZoneParameters>
        <TT>0.666647298134028</TT>
        <CFMAX>3.9719329708292364</CFMAX>
        <SP>0</SP>
        <SFCF>0.97518183172106432</SFCF>
        <CFR>0.0427269344540926</CFR>
        <CWH>0.17230289459280959</CWH>
        <CFGlacier>1</CFGlacier>
        <CFSlope>1</CFSlope>
        <FC>2293.2845596796287</FC>
        <LP>0.49623690025304446</LP>
        <BETA>1.6952753138050145</BETA>
      </SubCatchmentVegetationZoneParameters>
    </SubCatchmentVegetationZone>
  </SubCatchment>
</Catchment>