<?xml version="1.0" encoding="utf-8"?>
<Catchment xmlns:xsi="http://www.w3.org/2001/XMLSchema-instance" xmlns:xsd="http://www.w3.org/2001/XMLSchema">
  <CatchmentParameters>
    <KSI>0.001</KSI>
    <KGmin>0.05</KGmin>
    <RangeKG>0.1</RangeKG>
    <AG>0.1</AG>
    <PERC>1.9253540392582211</PERC>
    <Alpha>0.21730095962347376</Alpha>
    <UZL>110.161665908687</UZL>
    <K0>0.054790855461731042</K0>
    <K1>0.010000017772972275</K1>
    <K2>0.024492429757018472</K2>
    <MAXBAS>1</MAXBAS>
    <Cet>0</Cet>
    <PCALT>19.158169115430361</PCALT>
    <TCALT>0.52225595057264085</TCALT>
    <Pelev>2537</Pelev>
    <Telev>2486</Telev>
    <PART>0.5</PART>
    <DELAY>1</DELAY>
  </CatchmentParameters>
  <VegetationZone>
    <VegetationZoneParameters>
      <TT>-1.1109214433100485</TT>
      <CFMAX>1.3956567071808963</CFMAX>
      <SP>0</SP>
      <SFCF>1.0152867096852534</SFCF>
      <CFR>0.099998976246843382</CFR>
      <CWH>0.10000016725930468</CWH>
      <CFGlacier>1</CFGlacier>
      <CFSlope>1</CFSlope>
      <FC>2499.9999099350962</FC>
      <LP>0.58526642524369943</LP>
      <BETA>2.1235409536952523</BETA>
    </VegetationZoneParameters>
  </VegetationZone>
  <SubCatchment>
    <SubCatchmentParameters>
      <KSI>0.001</KSI>
      <KGmin>0.05</KGmin>
      <RangeKG>0.1</RangeKG>
      <AG>0.1</AG>
      <PERC>1.9253540392582211</PERC>
      <Alpha>0.21730095962347376</Alpha>
      <UZL>110.161665908687</UZL>
      <K0>0.054790855461731042</K0>
      <K1>0.010000017772972275</K1>
      <K2>0.024492429757018472</K2>
      <MAXBAS>1</MAXBAS>
      <Cet>0</Cet>
      <PCALT>19.158169115430361</PCALT>
      <TCALT>0.52225595057264085</TCALT>
      <Pelev>2537</Pelev>
      <Telev>2486</Telev>
      <PART>0.5</PART>
      <DELAY>1</DELAY>
    </SubCatchmentParameters>
    <SubCatchmentVegetationZone>
      <SubCatchmentVegetationZoneParameters>
        <TT>-1.1109214433100485</TT>
        <CFMAX>1.3956567071808963</CFMAX>
        <SP>0</SP>
        <SFCF>1.0152867096852534</SFCF>
        <CFR>0.099998976246843382</CFR>
        <CWH>0.10000016725930468</CWH>
        <CFGlacier>1</CFGlacier>
        <CFSlope>1</CFSlope>
        <FC>2499.9999099350962</FC>
        <LP>0.58526642524369943</LP>
        <BETA>2.1235409536952523</BETA>
      </SubCatchmentVegetationZoneParameters>
    </SubCatchmentVegetationZone>
  </SubCatchment>
</Catchment>