<?xml version="1.0" encoding="utf-8"?>
<Catchment xmlns:xsi="http://www.w3.org/2001/XMLSchema-instance" xmlns:xsd="http://www.w3.org/2001/XMLSchema">
  <CatchmentParameters>
    <KSI>0.001</KSI>
    <KGmin>0.05</KGmin>
    <RangeKG>0.1</RangeKG>
    <AG>0.1</AG>
    <PERC>2.704322462976346</PERC>
    <Alpha>0.21730095962347376</Alpha>
    <UZL>132.5462719619961</UZL>
    <K0>0.54769273146333841</K0>
    <K1>0.010000145264047231</K1>
    <K2>0.023953289887887062</K2>
    <MAXBAS>1</MAXBAS>
    <Cet>0</Cet>
    <PCALT>17.108744227900221</PCALT>
    <TCALT>0.6000325299454875</TCALT>
    <Pelev>2537</Pelev>
    <Telev>2486</Telev>
    <PART>0.5</PART>
    <DELAY>1</DELAY>
  </CatchmentParameters>
  <VegetationZone>
    <VegetationZoneParameters>
      <TT>-0.28133165913999797</TT>
      <CFMAX>2.8499708922647153</CFMAX>
      <SP>0</SP>
      <SFCF>1.0824425668512188</SFCF>
      <CFR>0.0999112407764261</CFR>
      <CWH>0.16593673623706234</CWH>
      <CFGlacier>1</CFGlacier>
      <CFSlope>1</CFSlope>
      <FC>2499.9281401862195</FC>
      <LP>0.47424989546337387</LP>
      <BETA>1.6966588384046246</BETA>
    </VegetationZoneParameters>
  </VegetationZone>
  <SubCatchment>
    <SubCatchmentParameters>
      <KSI>0.001</KSI>
      <KGmin>0.05</KGmin>
      <RangeKG>0.1</RangeKG>
      <AG>0.1</AG>
      <PERC>2.704322462976346</PERC>
      <Alpha>0.21730095962347376</Alpha>
      <UZL>132.5462719619961</UZL>
      <K0>0.54769273146333841</K0>
      <K1>0.010000145264047231</K1>
      <K2>0.023953289887887062</K2>
      <MAXBAS>1</MAXBAS>
      <Cet>0</Cet>
      <PCALT>17.108744227900221</PCALT>
      <TCALT>0.6000325299454875</TCALT>
      <Pelev>2537</Pelev>
      <Telev>2486</Telev>
      <PART>0.5</PART>
      <DELAY>1</DELAY>
    </SubCatchmentParameters>
    <SubCatchmentVegetationZone>
      <SubCatchmentVegetationZoneParameters>
        <TT>-0.28133165913999797</TT>
        <CFMAX>2.8499708922647153</CFMAX>
        <SP>0</SP>
        <SFCF>1.0824425668512188</SFCF>
        <CFR>0.0999112407764261</CFR>
        <CWH>0.16593673623706234</CWH>
        <CFGlacier>1</CFGlacier>
        <CFSlope>1</CFSlope>
        <FC>2499.9281401862195</FC>
        <LP>0.47424989546337387</LP>
        <BETA>1.6966588384046246</BETA>
      </SubCatchmentVegetationZoneParameters>
    </SubCatchmentVegetationZone>
  </SubCatchment>
</Catchment>