<?xml version="1.0" encoding="utf-8"?>
<Catchment xmlns:xsi="http://www.w3.org/2001/XMLSchema-instance" xmlns:xsd="http://www.w3.org/2001/XMLSchema">
  <CatchmentParameters>
    <KSI>0.001</KSI>
    <KGmin>0.05</KGmin>
    <RangeKG>0.1</RangeKG>
    <AG>0.1</AG>
    <PERC>5.9999991366821668</PERC>
    <Alpha>0.21730095962347376</Alpha>
    <UZL>1.5341259924974993</UZL>
    <K0>0.9899620940643129</K0>
    <K1>0.0100003355269034</K1>
    <K2>0.025769548548408475</K2>
    <MAXBAS>1</MAXBAS>
    <Cet>0</Cet>
    <PCALT>19.318012752166485</PCALT>
    <TCALT>0.023959319639143026</TCALT>
    <Pelev>2537</Pelev>
    <Telev>2486</Telev>
    <PART>0.5</PART>
    <DELAY>1</DELAY>
  </CatchmentParameters>
  <VegetationZone>
    <VegetationZoneParameters>
      <TT>-1.3273160523148431</TT>
      <CFMAX>1.2387469099129924</CFMAX>
      <SP>0</SP>
      <SFCF>0.84068839098595216</SFCF>
      <CFR>0.099993547642990677</CFR>
      <CWH>0.10000000959321556</CWH>
      <CFGlacier>1</CFGlacier>
      <CFSlope>1</CFSlope>
      <FC>2499.9995864690495</FC>
      <LP>0.40987371690488511</LP>
      <BETA>1.3290599800856282</BETA>
    </VegetationZoneParameters>
  </VegetationZone>
  <SubCatchment>
    <SubCatchmentParameters>
      <KSI>0.001</KSI>
      <KGmin>0.05</KGmin>
      <RangeKG>0.1</RangeKG>
      <AG>0.1</AG>
      <PERC>5.9999991366821668</PERC>
      <Alpha>0.21730095962347376</Alpha>
      <UZL>1.5341259924974993</UZL>
      <K0>0.9899620940643129</K0>
      <K1>0.0100003355269034</K1>
      <K2>0.025769548548408475</K2>
      <MAXBAS>1</MAXBAS>
      <Cet>0</Cet>
      <PCALT>19.318012752166485</PCALT>
      <TCALT>0.023959319639143026</TCALT>
      <Pelev>2537</Pelev>
      <Telev>2486</Telev>
      <PART>0.5</PART>
      <DELAY>1</DELAY>
    </SubCatchmentParameters>
    <SubCatchmentVegetationZone>
      <SubCatchmentVegetationZoneParameters>
        <TT>-1.3273160523148431</TT>
        <CFMAX>1.2387469099129924</CFMAX>
        <SP>0</SP>
        <SFCF>0.84068839098595216</SFCF>
        <CFR>0.099993547642990677</CFR>
        <CWH>0.10000000959321556</CWH>
        <CFGlacier>1</CFGlacier>
        <CFSlope>1</CFSlope>
        <FC>2499.9995864690495</FC>
        <LP>0.40987371690488511</LP>
        <BETA>1.3290599800856282</BETA>
      </SubCatchmentVegetationZoneParameters>
    </SubCatchmentVegetationZone>
  </SubCatchment>
</Catchment>