<?xml version="1.0" encoding="utf-8"?>
<Catchment xmlns:xsi="http://www.w3.org/2001/XMLSchema-instance" xmlns:xsd="http://www.w3.org/2001/XMLSchema">
  <CatchmentParameters>
    <KSI>0.001</KSI>
    <KGmin>0.05</KGmin>
    <RangeKG>0.1</RangeKG>
    <AG>0.1</AG>
    <PERC>3.0775150126540245</PERC>
    <Alpha>0.21730095962347376</Alpha>
    <UZL>133.29429202557034</UZL>
    <K0>0.40361141833516978</K0>
    <K1>0.010000000984046759</K1>
    <K2>0.024690090249515441</K2>
    <MAXBAS>1</MAXBAS>
    <Cet>0</Cet>
    <PCALT>14.318534473621588</PCALT>
    <TCALT>0.13698976336638433</TCALT>
    <Pelev>2537</Pelev>
    <Telev>2486</Telev>
    <PART>0.5</PART>
    <DELAY>1</DELAY>
  </CatchmentParameters>
  <VegetationZone>
    <VegetationZoneParameters>
      <TT>-1.7191792987857384</TT>
      <CFMAX>0.78425011310796044</CFMAX>
      <SP>0</SP>
      <SFCF>0.9865076240607209</SFCF>
      <CFR>0.099999367682971615</CFR>
      <CWH>0.13787839600381344</CWH>
      <CFGlacier>1</CFGlacier>
      <CFSlope>1</CFSlope>
      <FC>2481.8606677584457</FC>
      <LP>0.48593697192762664</LP>
      <BETA>1.6975558072665424</BETA>
    </VegetationZoneParameters>
  </VegetationZone>
  <SubCatchment>
    <SubCatchmentParameters>
      <KSI>0.001</KSI>
      <KGmin>0.05</KGmin>
      <RangeKG>0.1</RangeKG>
      <AG>0.1</AG>
      <PERC>3.0775150126540245</PERC>
      <Alpha>0.21730095962347376</Alpha>
      <UZL>133.29429202557034</UZL>
      <K0>0.40361141833516978</K0>
      <K1>0.010000000984046759</K1>
      <K2>0.024690090249515441</K2>
      <MAXBAS>1</MAXBAS>
      <Cet>0</Cet>
      <PCALT>14.318534473621588</PCALT>
      <TCALT>0.13698976336638433</TCALT>
      <Pelev>2537</Pelev>
      <Telev>2486</Telev>
      <PART>0.5</PART>
      <DELAY>1</DELAY>
    </SubCatchmentParameters>
    <SubCatchmentVegetationZone>
      <SubCatchmentVegetationZoneParameters>
        <TT>-1.7191792987857384</TT>
        <CFMAX>0.78425011310796044</CFMAX>
        <SP>0</SP>
        <SFCF>0.9865076240607209</SFCF>
        <CFR>0.099999367682971615</CFR>
        <CWH>0.13787839600381344</CWH>
        <CFGlacier>1</CFGlacier>
        <CFSlope>1</CFSlope>
        <FC>2481.8606677584457</FC>
        <LP>0.48593697192762664</LP>
        <BETA>1.6975558072665424</BETA>
      </SubCatchmentVegetationZoneParameters>
    </SubCatchmentVegetationZone>
  </SubCatchment>
</Catchment>