<?xml version="1.0" encoding="utf-8"?>
<Catchment xmlns:xsi="http://www.w3.org/2001/XMLSchema-instance" xmlns:xsd="http://www.w3.org/2001/XMLSchema">
  <CatchmentParameters>
    <KSI>0.001</KSI>
    <KGmin>0.05</KGmin>
    <RangeKG>0.1</RangeKG>
    <AG>0.1</AG>
    <PERC>2.7809122075857031</PERC>
    <Alpha>0.21730095962347376</Alpha>
    <UZL>114.31331769105246</UZL>
    <K0>0.456765898545134</K0>
    <K1>0.010000037990052632</K1>
    <K2>0.023670268872048986</K2>
    <MAXBAS>1</MAXBAS>
    <Cet>0</Cet>
    <PCALT>10.894546299172113</PCALT>
    <TCALT>0.59366388843757634</TCALT>
    <Pelev>2537</Pelev>
    <Telev>2486</Telev>
    <PART>0.5</PART>
    <DELAY>1</DELAY>
  </CatchmentParameters>
  <VegetationZone>
    <VegetationZoneParameters>
      <TT>-0.26253622465285958</TT>
      <CFMAX>3.4901438093671908</CFMAX>
      <SP>0</SP>
      <SFCF>1.1014092759675458</SFCF>
      <CFR>0.099662602708388309</CFR>
      <CWH>0.19999303068295332</CWH>
      <CFGlacier>1</CFGlacier>
      <CFSlope>1</CFSlope>
      <FC>2499.9997532153634</FC>
      <LP>0.43294556776447279</LP>
      <BETA>1.5996751578746848</BETA>
    </VegetationZoneParameters>
  </VegetationZone>
  <SubCatchment>
    <SubCatchmentParameters>
      <KSI>0.001</KSI>
      <KGmin>0.05</KGmin>
      <RangeKG>0.1</RangeKG>
      <AG>0.1</AG>
      <PERC>2.7809122075857031</PERC>
      <Alpha>0.21730095962347376</Alpha>
      <UZL>114.31331769105246</UZL>
      <K0>0.456765898545134</K0>
      <K1>0.010000037990052632</K1>
      <K2>0.023670268872048986</K2>
      <MAXBAS>1</MAXBAS>
      <Cet>0</Cet>
      <PCALT>10.894546299172113</PCALT>
      <TCALT>0.59366388843757634</TCALT>
      <Pelev>2537</Pelev>
      <Telev>2486</Telev>
      <PART>0.5</PART>
      <DELAY>1</DELAY>
    </SubCatchmentParameters>
    <SubCatchmentVegetationZone>
      <SubCatchmentVegetationZoneParameters>
        <TT>-0.26253622465285958</TT>
        <CFMAX>3.4901438093671908</CFMAX>
        <SP>0</SP>
        <SFCF>1.1014092759675458</SFCF>
        <CFR>0.099662602708388309</CFR>
        <CWH>0.19999303068295332</CWH>
        <CFGlacier>1</CFGlacier>
        <CFSlope>1</CFSlope>
        <FC>2499.9997532153634</FC>
        <LP>0.43294556776447279</LP>
        <BETA>1.5996751578746848</BETA>
      </SubCatchmentVegetationZoneParameters>
    </SubCatchmentVegetationZone>
  </SubCatchment>
</Catchment>