<?xml version="1.0" encoding="utf-8"?>
<Catchment xmlns:xsi="http://www.w3.org/2001/XMLSchema-instance" xmlns:xsd="http://www.w3.org/2001/XMLSchema">
  <CatchmentParameters>
    <KSI>0.001</KSI>
    <KGmin>0.05</KGmin>
    <RangeKG>0.1</RangeKG>
    <AG>0.1</AG>
    <PERC>2.1689879145050055</PERC>
    <Alpha>0.21730095962347376</Alpha>
    <UZL>60.350962529227274</UZL>
    <K0>0.88567406635877055</K0>
    <K1>0.010000065889147891</K1>
    <K2>0.02622750145331295</K2>
    <MAXBAS>1</MAXBAS>
    <Cet>0</Cet>
    <PCALT>19.999498761208958</PCALT>
    <TCALT>0.20384644216834671</TCALT>
    <Pelev>2537</Pelev>
    <Telev>2486</Telev>
    <PART>0.5</PART>
    <DELAY>1</DELAY>
  </CatchmentParameters>
  <VegetationZone>
    <VegetationZoneParameters>
      <TT>-1.396723955311896</TT>
      <CFMAX>1.1848028883690223</CFMAX>
      <SP>0</SP>
      <SFCF>0.82772987130677889</SFCF>
      <CFR>0.099998001321679214</CFR>
      <CWH>0.18798598708526251</CWH>
      <CFGlacier>1</CFGlacier>
      <CFSlope>1</CFSlope>
      <FC>2397.8439994919354</FC>
      <LP>0.52598035438836088</LP>
      <BETA>1.6713183701356347</BETA>
    </VegetationZoneParameters>
  </VegetationZone>
  <SubCatchment>
    <SubCatchmentParameters>
      <KSI>0.001</KSI>
      <KGmin>0.05</KGmin>
      <RangeKG>0.1</RangeKG>
      <AG>0.1</AG>
      <PERC>2.1689879145050055</PERC>
      <Alpha>0.21730095962347376</Alpha>
      <UZL>60.350962529227274</UZL>
      <K0>0.88567406635877055</K0>
      <K1>0.010000065889147891</K1>
      <K2>0.02622750145331295</K2>
      <MAXBAS>1</MAXBAS>
      <Cet>0</Cet>
      <PCALT>19.999498761208958</PCALT>
      <TCALT>0.20384644216834671</TCALT>
      <Pelev>2537</Pelev>
      <Telev>2486</Telev>
      <PART>0.5</PART>
      <DELAY>1</DELAY>
    </SubCatchmentParameters>
    <SubCatchmentVegetationZone>
      <SubCatchmentVegetationZoneParameters>
        <TT>-1.396723955311896</TT>
        <CFMAX>1.1848028883690223</CFMAX>
        <SP>0</SP>
        <SFCF>0.82772987130677889</SFCF>
        <CFR>0.099998001321679214</CFR>
        <CWH>0.18798598708526251</CWH>
        <CFGlacier>1</CFGlacier>
        <CFSlope>1</CFSlope>
        <FC>2397.8439994919354</FC>
        <LP>0.52598035438836088</LP>
        <BETA>1.6713183701356347</BETA>
      </SubCatchmentVegetationZoneParameters>
    </SubCatchmentVegetationZone>
  </SubCatchment>
</Catchment>