<?xml version="1.0" encoding="utf-8"?>
<Catchment xmlns:xsi="http://www.w3.org/2001/XMLSchema-instance" xmlns:xsd="http://www.w3.org/2001/XMLSchema">
  <CatchmentParameters>
    <KSI>0.001</KSI>
    <KGmin>0.05</KGmin>
    <RangeKG>0.1</RangeKG>
    <AG>0.1</AG>
    <PERC>3.0859433160095748</PERC>
    <Alpha>0.21730095962347376</Alpha>
    <UZL>187.86038142329065</UZL>
    <K0>0.52282090034884732</K0>
    <K1>0.010003111670672533</K1>
    <K2>0.024584644959746698</K2>
    <MAXBAS>1</MAXBAS>
    <Cet>0</Cet>
    <PCALT>19.449261471050832</PCALT>
    <TCALT>0.21418175091550465</TCALT>
    <Pelev>2537</Pelev>
    <Telev>2486</Telev>
    <PART>0.5</PART>
    <DELAY>1</DELAY>
  </CatchmentParameters>
  <VegetationZone>
    <VegetationZoneParameters>
      <TT>-1.6143293826746055</TT>
      <CFMAX>0.8548907589213004</CFMAX>
      <SP>0</SP>
      <SFCF>0.9959273759295324</SFCF>
      <CFR>5.0041658701261956E-07</CFR>
      <CWH>0.1061161151364123</CWH>
      <CFGlacier>1</CFGlacier>
      <CFSlope>1</CFSlope>
      <FC>2211.9810045517547</FC>
      <LP>0.4852496605963435</LP>
      <BETA>1.6225370488503776</BETA>
    </VegetationZoneParameters>
  </VegetationZone>
  <SubCatchment>
    <SubCatchmentParameters>
      <KSI>0.001</KSI>
      <KGmin>0.05</KGmin>
      <RangeKG>0.1</RangeKG>
      <AG>0.1</AG>
      <PERC>3.0859433160095748</PERC>
      <Alpha>0.21730095962347376</Alpha>
      <UZL>187.86038142329065</UZL>
      <K0>0.52282090034884732</K0>
      <K1>0.010003111670672533</K1>
      <K2>0.024584644959746698</K2>
      <MAXBAS>1</MAXBAS>
      <Cet>0</Cet>
      <PCALT>19.449261471050832</PCALT>
      <TCALT>0.21418175091550465</TCALT>
      <Pelev>2537</Pelev>
      <Telev>2486</Telev>
      <PART>0.5</PART>
      <DELAY>1</DELAY>
    </SubCatchmentParameters>
    <SubCatchmentVegetationZone>
      <SubCatchmentVegetationZoneParameters>
        <TT>-1.6143293826746055</TT>
        <CFMAX>0.8548907589213004</CFMAX>
        <SP>0</SP>
        <SFCF>0.9959273759295324</SFCF>
        <CFR>5.0041658701261956E-07</CFR>
        <CWH>0.1061161151364123</CWH>
        <CFGlacier>1</CFGlacier>
        <CFSlope>1</CFSlope>
        <FC>2211.9810045517547</FC>
        <LP>0.4852496605963435</LP>
        <BETA>1.6225370488503776</BETA>
      </SubCatchmentVegetationZoneParameters>
    </SubCatchmentVegetationZone>
  </SubCatchment>
</Catchment>