<?xml version="1.0" encoding="utf-8"?>
<Catchment xmlns:xsi="http://www.w3.org/2001/XMLSchema-instance" xmlns:xsd="http://www.w3.org/2001/XMLSchema">
  <CatchmentParameters>
    <KSI>0.001</KSI>
    <KGmin>0.05</KGmin>
    <RangeKG>0.1</RangeKG>
    <AG>0.1</AG>
    <PERC>1.918372764895133</PERC>
    <Alpha>0.21730095962347376</Alpha>
    <UZL>192.73649495301984</UZL>
    <K0>0.65571693575637569</K0>
    <K1>0.010000304151927</K1>
    <K2>0.025103687184483959</K2>
    <MAXBAS>1</MAXBAS>
    <Cet>0</Cet>
    <PCALT>19.999609533852684</PCALT>
    <TCALT>0.58354146033050447</TCALT>
    <Pelev>2537</Pelev>
    <Telev>2486</Telev>
    <PART>0.5</PART>
    <DELAY>1</DELAY>
  </CatchmentParameters>
  <VegetationZone>
    <VegetationZoneParameters>
      <TT>-1.1816993501165334</TT>
      <CFMAX>2.0975802581415373</CFMAX>
      <SP>0</SP>
      <SFCF>0.94288542455731872</SFCF>
      <CFR>0.099998404373946165</CFR>
      <CWH>0.19999946537006494</CWH>
      <CFGlacier>1</CFGlacier>
      <CFSlope>1</CFSlope>
      <FC>1988.774746879272</FC>
      <LP>0.4984415355826663</LP>
      <BETA>1.5552608879814525</BETA>
    </VegetationZoneParameters>
  </VegetationZone>
  <SubCatchment>
    <SubCatchmentParameters>
      <KSI>0.001</KSI>
      <KGmin>0.05</KGmin>
      <RangeKG>0.1</RangeKG>
      <AG>0.1</AG>
      <PERC>1.918372764895133</PERC>
      <Alpha>0.21730095962347376</Alpha>
      <UZL>192.73649495301984</UZL>
      <K0>0.65571693575637569</K0>
      <K1>0.010000304151927</K1>
      <K2>0.025103687184483959</K2>
      <MAXBAS>1</MAXBAS>
      <Cet>0</Cet>
      <PCALT>19.999609533852684</PCALT>
      <TCALT>0.58354146033050447</TCALT>
      <Pelev>2537</Pelev>
      <Telev>2486</Telev>
      <PART>0.5</PART>
      <DELAY>1</DELAY>
    </SubCatchmentParameters>
    <SubCatchmentVegetationZone>
      <SubCatchmentVegetationZoneParameters>
        <TT>-1.1816993501165334</TT>
        <CFMAX>2.0975802581415373</CFMAX>
        <SP>0</SP>
        <SFCF>0.94288542455731872</SFCF>
        <CFR>0.099998404373946165</CFR>
        <CWH>0.19999946537006494</CWH>
        <CFGlacier>1</CFGlacier>
        <CFSlope>1</CFSlope>
        <FC>1988.774746879272</FC>
        <LP>0.4984415355826663</LP>
        <BETA>1.5552608879814525</BETA>
      </SubCatchmentVegetationZoneParameters>
    </SubCatchmentVegetationZone>
  </SubCatchment>
</Catchment>