<?xml version="1.0" encoding="utf-8"?>
<Catchment xmlns:xsi="http://www.w3.org/2001/XMLSchema-instance" xmlns:xsd="http://www.w3.org/2001/XMLSchema">
  <CatchmentParameters>
    <KSI>0.001</KSI>
    <KGmin>0.05</KGmin>
    <RangeKG>0.1</RangeKG>
    <AG>0.1</AG>
    <PERC>3.0810645422855596</PERC>
    <Alpha>0.21730095962347376</Alpha>
    <UZL>94.597278487744958</UZL>
    <K0>0.52131748809503287</K0>
    <K1>0.010017643915101383</K1>
    <K2>0.025832267007456996</K2>
    <MAXBAS>1</MAXBAS>
    <Cet>0</Cet>
    <PCALT>18.466334884211616</PCALT>
    <TCALT>0.011341379828384693</TCALT>
    <Pelev>2537</Pelev>
    <Telev>2486</Telev>
    <PART>0.5</PART>
    <DELAY>1</DELAY>
  </CatchmentParameters>
  <VegetationZone>
    <VegetationZoneParameters>
      <TT>-1.5129309616353439</TT>
      <CFMAX>0.75693022131436238</CFMAX>
      <SP>0</SP>
      <SFCF>0.84706727056245035</SFCF>
      <CFR>0.081629873839269534</CFR>
      <CWH>0.10000110461336065</CWH>
      <CFGlacier>1</CFGlacier>
      <CFSlope>1</CFSlope>
      <FC>2368.7711579937431</FC>
      <LP>0.5591571538377369</LP>
      <BETA>1.8435159537664516</BETA>
    </VegetationZoneParameters>
  </VegetationZone>
  <SubCatchment>
    <SubCatchmentParameters>
      <KSI>0.001</KSI>
      <KGmin>0.05</KGmin>
      <RangeKG>0.1</RangeKG>
      <AG>0.1</AG>
      <PERC>3.0810645422855596</PERC>
      <Alpha>0.21730095962347376</Alpha>
      <UZL>94.597278487744958</UZL>
      <K0>0.52131748809503287</K0>
      <K1>0.010017643915101383</K1>
      <K2>0.025832267007456996</K2>
      <MAXBAS>1</MAXBAS>
      <Cet>0</Cet>
      <PCALT>18.466334884211616</PCALT>
      <TCALT>0.011341379828384693</TCALT>
      <Pelev>2537</Pelev>
      <Telev>2486</Telev>
      <PART>0.5</PART>
      <DELAY>1</DELAY>
    </SubCatchmentParameters>
    <SubCatchmentVegetationZone>
      <SubCatchmentVegetationZoneParameters>
        <TT>-1.5129309616353439</TT>
        <CFMAX>0.75693022131436238</CFMAX>
        <SP>0</SP>
        <SFCF>0.84706727056245035</SFCF>
        <CFR>0.081629873839269534</CFR>
        <CWH>0.10000110461336065</CWH>
        <CFGlacier>1</CFGlacier>
        <CFSlope>1</CFSlope>
        <FC>2368.7711579937431</FC>
        <LP>0.5591571538377369</LP>
        <BETA>1.8435159537664516</BETA>
      </SubCatchmentVegetationZoneParameters>
    </SubCatchmentVegetationZone>
  </SubCatchment>
</Catchment>