<?xml version="1.0" encoding="utf-8"?>
<Catchment xmlns:xsi="http://www.w3.org/2001/XMLSchema-instance" xmlns:xsd="http://www.w3.org/2001/XMLSchema">
  <CatchmentParameters>
    <KSI>0.001</KSI>
    <KGmin>0.05</KGmin>
    <RangeKG>0.1</RangeKG>
    <AG>0.1</AG>
    <PERC>2.8063389965290488</PERC>
    <Alpha>0.21730095962347376</Alpha>
    <UZL>73.437865206553639</UZL>
    <K0>0.077334286286626114</K0>
    <K1>0.010000216892594697</K1>
    <K2>0.026531736636221378</K2>
    <MAXBAS>1</MAXBAS>
    <Cet>0</Cet>
    <PCALT>15.792493466048207</PCALT>
    <TCALT>0.52189607578936448</TCALT>
    <Pelev>2537</Pelev>
    <Telev>2486</Telev>
    <PART>0.5</PART>
    <DELAY>1</DELAY>
  </CatchmentParameters>
  <VegetationZone>
    <VegetationZoneParameters>
      <TT>-1.0949729146869982</TT>
      <CFMAX>1.8007698792568596</CFMAX>
      <SP>0</SP>
      <SFCF>0.74899687917658686</SFCF>
      <CFR>0.0999954570547227</CFR>
      <CWH>0.19301029093136618</CWH>
      <CFGlacier>1</CFGlacier>
      <CFSlope>1</CFSlope>
      <FC>2489.9296709320538</FC>
      <LP>0.34266590083508214</LP>
      <BETA>1.1145856885445729</BETA>
    </VegetationZoneParameters>
  </VegetationZone>
  <SubCatchment>
    <SubCatchmentParameters>
      <KSI>0.001</KSI>
      <KGmin>0.05</KGmin>
      <RangeKG>0.1</RangeKG>
      <AG>0.1</AG>
      <PERC>2.8063389965290488</PERC>
      <Alpha>0.21730095962347376</Alpha>
      <UZL>73.437865206553639</UZL>
      <K0>0.077334286286626114</K0>
      <K1>0.010000216892594697</K1>
      <K2>0.026531736636221378</K2>
      <MAXBAS>1</MAXBAS>
      <Cet>0</Cet>
      <PCALT>15.792493466048207</PCALT>
      <TCALT>0.52189607578936448</TCALT>
      <Pelev>2537</Pelev>
      <Telev>2486</Telev>
      <PART>0.5</PART>
      <DELAY>1</DELAY>
    </SubCatchmentParameters>
    <SubCatchmentVegetationZone>
      <SubCatchmentVegetationZoneParameters>
        <TT>-1.0949729146869982</TT>
        <CFMAX>1.8007698792568596</CFMAX>
        <SP>0</SP>
        <SFCF>0.74899687917658686</SFCF>
        <CFR>0.0999954570547227</CFR>
        <CWH>0.19301029093136618</CWH>
        <CFGlacier>1</CFGlacier>
        <CFSlope>1</CFSlope>
        <FC>2489.9296709320538</FC>
        <LP>0.34266590083508214</LP>
        <BETA>1.1145856885445729</BETA>
      </SubCatchmentVegetationZoneParameters>
    </SubCatchmentVegetationZone>
  </SubCatchment>
</Catchment>