<?xml version="1.0" encoding="utf-8"?>
<Catchment xmlns:xsi="http://www.w3.org/2001/XMLSchema-instance" xmlns:xsd="http://www.w3.org/2001/XMLSchema">
  <CatchmentParameters>
    <KSI>0.001</KSI>
    <KGmin>0.05</KGmin>
    <RangeKG>0.1</RangeKG>
    <AG>0.1</AG>
    <PERC>2.02994529189128</PERC>
    <Alpha>0.21730095962347376</Alpha>
    <UZL>107.19877644311899</UZL>
    <K0>0.543681852336379</K0>
    <K1>0.011082038972614379</K1>
    <K2>0.02543318412197168</K2>
    <MAXBAS>1</MAXBAS>
    <Cet>0</Cet>
    <PCALT>17.21263170384789</PCALT>
    <TCALT>0.085419222634788169</TCALT>
    <Pelev>2537</Pelev>
    <Telev>2486</Telev>
    <PART>0.5</PART>
    <DELAY>1</DELAY>
  </CatchmentParameters>
  <VegetationZone>
    <VegetationZoneParameters>
      <TT>-1.4069118429576579</TT>
      <CFMAX>1.4643572638315783</CFMAX>
      <SP>0</SP>
      <SFCF>0.87909171883283443</SFCF>
      <CFR>0.09999728139348539</CFR>
      <CWH>0.1999958403310273</CWH>
      <CFGlacier>1</CFGlacier>
      <CFSlope>1</CFSlope>
      <FC>2066.1740386971796</FC>
      <LP>0.50381651139369921</LP>
      <BETA>1.5791464192941656</BETA>
    </VegetationZoneParameters>
  </VegetationZone>
  <SubCatchment>
    <SubCatchmentParameters>
      <KSI>0.001</KSI>
      <KGmin>0.05</KGmin>
      <RangeKG>0.1</RangeKG>
      <AG>0.1</AG>
      <PERC>2.02994529189128</PERC>
      <Alpha>0.21730095962347376</Alpha>
      <UZL>107.19877644311899</UZL>
      <K0>0.543681852336379</K0>
      <K1>0.011082038972614379</K1>
      <K2>0.02543318412197168</K2>
      <MAXBAS>1</MAXBAS>
      <Cet>0</Cet>
      <PCALT>17.21263170384789</PCALT>
      <TCALT>0.085419222634788169</TCALT>
      <Pelev>2537</Pelev>
      <Telev>2486</Telev>
      <PART>0.5</PART>
      <DELAY>1</DELAY>
    </SubCatchmentParameters>
    <SubCatchmentVegetationZone>
      <SubCatchmentVegetationZoneParameters>
        <TT>-1.4069118429576579</TT>
        <CFMAX>1.4643572638315783</CFMAX>
        <SP>0</SP>
        <SFCF>0.87909171883283443</SFCF>
        <CFR>0.09999728139348539</CFR>
        <CWH>0.1999958403310273</CWH>
        <CFGlacier>1</CFGlacier>
        <CFSlope>1</CFSlope>
        <FC>2066.1740386971796</FC>
        <LP>0.50381651139369921</LP>
        <BETA>1.5791464192941656</BETA>
      </SubCatchmentVegetationZoneParameters>
    </SubCatchmentVegetationZone>
  </SubCatchment>
</Catchment>