<?xml version="1.0" encoding="utf-8"?>
<Catchment xmlns:xsi="http://www.w3.org/2001/XMLSchema-instance" xmlns:xsd="http://www.w3.org/2001/XMLSchema">
  <CatchmentParameters>
    <KSI>0.001</KSI>
    <KGmin>0.05</KGmin>
    <RangeKG>0.1</RangeKG>
    <AG>0.1</AG>
    <PERC>1.9555180275502766</PERC>
    <Alpha>0.21730095962347376</Alpha>
    <UZL>171.98482410222897</UZL>
    <K0>0.27226439317332907</K0>
    <K1>0.01000011899099495</K1>
    <K2>0.025215686094685524</K2>
    <MAXBAS>1</MAXBAS>
    <Cet>0</Cet>
    <PCALT>15.866702379547574</PCALT>
    <TCALT>0.4035965330666641</TCALT>
    <Pelev>2537</Pelev>
    <Telev>2486</Telev>
    <PART>0.5</PART>
    <DELAY>1</DELAY>
  </CatchmentParameters>
  <VegetationZone>
    <VegetationZoneParameters>
      <TT>-1.3601050551024618</TT>
      <CFMAX>1.8040108532603056</CFMAX>
      <SP>0</SP>
      <SFCF>0.921304479115297</SFCF>
      <CFR>0.099998404195349458</CFR>
      <CWH>0.19998552756089047</CWH>
      <CFGlacier>1</CFGlacier>
      <CFSlope>1</CFSlope>
      <FC>2332.7566508498217</FC>
      <LP>0.45875064702771506</LP>
      <BETA>1.507369810068055</BETA>
    </VegetationZoneParameters>
  </VegetationZone>
  <SubCatchment>
    <SubCatchmentParameters>
      <KSI>0.001</KSI>
      <KGmin>0.05</KGmin>
      <RangeKG>0.1</RangeKG>
      <AG>0.1</AG>
      <PERC>1.9555180275502766</PERC>
      <Alpha>0.21730095962347376</Alpha>
      <UZL>171.98482410222897</UZL>
      <K0>0.27226439317332907</K0>
      <K1>0.01000011899099495</K1>
      <K2>0.025215686094685524</K2>
      <MAXBAS>1</MAXBAS>
      <Cet>0</Cet>
      <PCALT>15.866702379547574</PCALT>
      <TCALT>0.4035965330666641</TCALT>
      <Pelev>2537</Pelev>
      <Telev>2486</Telev>
      <PART>0.5</PART>
      <DELAY>1</DELAY>
    </SubCatchmentParameters>
    <SubCatchmentVegetationZone>
      <SubCatchmentVegetationZoneParameters>
        <TT>-1.3601050551024618</TT>
        <CFMAX>1.8040108532603056</CFMAX>
        <SP>0</SP>
        <SFCF>0.921304479115297</SFCF>
        <CFR>0.099998404195349458</CFR>
        <CWH>0.19998552756089047</CWH>
        <CFGlacier>1</CFGlacier>
        <CFSlope>1</CFSlope>
        <FC>2332.7566508498217</FC>
        <LP>0.45875064702771506</LP>
        <BETA>1.507369810068055</BETA>
      </SubCatchmentVegetationZoneParameters>
    </SubCatchmentVegetationZone>
  </SubCatchment>
</Catchment>