<?xml version="1.0" encoding="utf-8"?>
<Catchment xmlns:xsi="http://www.w3.org/2001/XMLSchema-instance" xmlns:xsd="http://www.w3.org/2001/XMLSchema">
  <CatchmentParameters>
    <KSI>0.001</KSI>
    <KGmin>0.05</KGmin>
    <RangeKG>0.1</RangeKG>
    <AG>0.1</AG>
    <PERC>2.78810155337157</PERC>
    <Alpha>0.21730095962347376</Alpha>
    <UZL>42.755379372707367</UZL>
    <K0>0.16077004077828694</K0>
    <K1>0.010000098291774276</K1>
    <K2>0.023715298680312642</K2>
    <MAXBAS>1</MAXBAS>
    <Cet>0</Cet>
    <PCALT>12.556082903116822</PCALT>
    <TCALT>0.16666825637477145</TCALT>
    <Pelev>2537</Pelev>
    <Telev>2486</Telev>
    <PART>0.5</PART>
    <DELAY>1</DELAY>
  </CatchmentParameters>
  <VegetationZone>
    <VegetationZoneParameters>
      <TT>0.67260038990147053</TT>
      <CFMAX>4.555314065734</CFMAX>
      <SP>0</SP>
      <SFCF>1.0941848386667288</SFCF>
      <CFR>0.046998582921442572</CFR>
      <CWH>0.19999709972308594</CWH>
      <CFGlacier>1</CFGlacier>
      <CFSlope>1</CFSlope>
      <FC>2499.999810463652</FC>
      <LP>0.48404116754108606</LP>
      <BETA>1.7867912127319394</BETA>
    </VegetationZoneParameters>
  </VegetationZone>
  <SubCatchment>
    <SubCatchmentParameters>
      <KSI>0.001</KSI>
      <KGmin>0.05</KGmin>
      <RangeKG>0.1</RangeKG>
      <AG>0.1</AG>
      <PERC>2.78810155337157</PERC>
      <Alpha>0.21730095962347376</Alpha>
      <UZL>42.755379372707367</UZL>
      <K0>0.16077004077828694</K0>
      <K1>0.010000098291774276</K1>
      <K2>0.023715298680312642</K2>
      <MAXBAS>1</MAXBAS>
      <Cet>0</Cet>
      <PCALT>12.556082903116822</PCALT>
      <TCALT>0.16666825637477145</TCALT>
      <Pelev>2537</Pelev>
      <Telev>2486</Telev>
      <PART>0.5</PART>
      <DELAY>1</DELAY>
    </SubCatchmentParameters>
    <SubCatchmentVegetationZone>
      <SubCatchmentVegetationZoneParameters>
        <TT>0.67260038990147053</TT>
        <CFMAX>4.555314065734</CFMAX>
        <SP>0</SP>
        <SFCF>1.0941848386667288</SFCF>
        <CFR>0.046998582921442572</CFR>
        <CWH>0.19999709972308594</CWH>
        <CFGlacier>1</CFGlacier>
        <CFSlope>1</CFSlope>
        <FC>2499.999810463652</FC>
        <LP>0.48404116754108606</LP>
        <BETA>1.7867912127319394</BETA>
      </SubCatchmentVegetationZoneParameters>
    </SubCatchmentVegetationZone>
  </SubCatchment>
</Catchment>