<?xml version="1.0" encoding="utf-8"?>
<Catchment xmlns:xsi="http://www.w3.org/2001/XMLSchema-instance" xmlns:xsd="http://www.w3.org/2001/XMLSchema">
  <CatchmentParameters>
    <KSI>0.001</KSI>
    <KGmin>0.05</KGmin>
    <RangeKG>0.1</RangeKG>
    <AG>0.1</AG>
    <PERC>2.0702390692858903</PERC>
    <Alpha>0.21730095962347376</Alpha>
    <UZL>134.36388238538689</UZL>
    <K0>0.35053944766050127</K0>
    <K1>0.011240779554444809</K1>
    <K2>0.026306832873211627</K2>
    <MAXBAS>1</MAXBAS>
    <Cet>0</Cet>
    <PCALT>19.999201582459492</PCALT>
    <TCALT>0.39428460868986021</TCALT>
    <Pelev>2537</Pelev>
    <Telev>2486</Telev>
    <PART>0.5</PART>
    <DELAY>1</DELAY>
  </CatchmentParameters>
  <VegetationZone>
    <VegetationZoneParameters>
      <TT>-1.1591021181618511</TT>
      <CFMAX>1.5737367007403422</CFMAX>
      <SP>0</SP>
      <SFCF>0.78013418907206489</SFCF>
      <CFR>0.099996743607014577</CFR>
      <CWH>0.19999868870435572</CWH>
      <CFGlacier>1</CFGlacier>
      <CFSlope>1</CFSlope>
      <FC>2182.6079265346316</FC>
      <LP>0.41309747443127648</LP>
      <BETA>1.2612397063790035</BETA>
    </VegetationZoneParameters>
  </VegetationZone>
  <SubCatchment>
    <SubCatchmentParameters>
      <KSI>0.001</KSI>
      <KGmin>0.05</KGmin>
      <RangeKG>0.1</RangeKG>
      <AG>0.1</AG>
      <PERC>2.0702390692858903</PERC>
      <Alpha>0.21730095962347376</Alpha>
      <UZL>134.36388238538689</UZL>
      <K0>0.35053944766050127</K0>
      <K1>0.011240779554444809</K1>
      <K2>0.026306832873211627</K2>
      <MAXBAS>1</MAXBAS>
      <Cet>0</Cet>
      <PCALT>19.999201582459492</PCALT>
      <TCALT>0.39428460868986021</TCALT>
      <Pelev>2537</Pelev>
      <Telev>2486</Telev>
      <PART>0.5</PART>
      <DELAY>1</DELAY>
    </SubCatchmentParameters>
    <SubCatchmentVegetationZone>
      <SubCatchmentVegetationZoneParameters>
        <TT>-1.1591021181618511</TT>
        <CFMAX>1.5737367007403422</CFMAX>
        <SP>0</SP>
        <SFCF>0.78013418907206489</SFCF>
        <CFR>0.099996743607014577</CFR>
        <CWH>0.19999868870435572</CWH>
        <CFGlacier>1</CFGlacier>
        <CFSlope>1</CFSlope>
        <FC>2182.6079265346316</FC>
        <LP>0.41309747443127648</LP>
        <BETA>1.2612397063790035</BETA>
      </SubCatchmentVegetationZoneParameters>
    </SubCatchmentVegetationZone>
  </SubCatchment>
</Catchment>