<?xml version="1.0" encoding="utf-8"?>
<Catchment xmlns:xsi="http://www.w3.org/2001/XMLSchema-instance" xmlns:xsd="http://www.w3.org/2001/XMLSchema">
  <CatchmentParameters>
    <KSI>0.001</KSI>
    <KGmin>0.05</KGmin>
    <RangeKG>0.1</RangeKG>
    <AG>0.1</AG>
    <PERC>5.8620203541450833</PERC>
    <Alpha>0.21730095962347376</Alpha>
    <UZL>113.24510595666297</UZL>
    <K0>0.4771211326113598</K0>
    <K1>0.79902387374265571</K1>
    <K2>0.023090555928036504</K2>
    <MAXBAS>1</MAXBAS>
    <Cet>0</Cet>
    <PCALT>19.754693296927826</PCALT>
    <TCALT>0.28012243093061029</TCALT>
    <Pelev>2537</Pelev>
    <Telev>2486</Telev>
    <PART>0.5</PART>
    <DELAY>1</DELAY>
  </CatchmentParameters>
  <VegetationZone>
    <VegetationZoneParameters>
      <TT>0.02160459438941037</TT>
      <CFMAX>3.8534392758942877</CFMAX>
      <SP>0</SP>
      <SFCF>1.1693223480822372</SFCF>
      <CFR>0.052419259452618633</CFR>
      <CWH>0.13343525250868718</CWH>
      <CFGlacier>1</CFGlacier>
      <CFSlope>1</CFSlope>
      <FC>2499.9999865118884</FC>
      <LP>0.42589718886305949</LP>
      <BETA>1.556627439225023</BETA>
    </VegetationZoneParameters>
  </VegetationZone>
  <SubCatchment>
    <SubCatchmentParameters>
      <KSI>0.001</KSI>
      <KGmin>0.05</KGmin>
      <RangeKG>0.1</RangeKG>
      <AG>0.1</AG>
      <PERC>5.8620203541450833</PERC>
      <Alpha>0.21730095962347376</Alpha>
      <UZL>113.24510595666297</UZL>
      <K0>0.4771211326113598</K0>
      <K1>0.79902387374265571</K1>
      <K2>0.023090555928036504</K2>
      <MAXBAS>1</MAXBAS>
      <Cet>0</Cet>
      <PCALT>19.754693296927826</PCALT>
      <TCALT>0.28012243093061029</TCALT>
      <Pelev>2537</Pelev>
      <Telev>2486</Telev>
      <PART>0.5</PART>
      <DELAY>1</DELAY>
    </SubCatchmentParameters>
    <SubCatchmentVegetationZone>
      <SubCatchmentVegetationZoneParameters>
        <TT>0.02160459438941037</TT>
        <CFMAX>3.8534392758942877</CFMAX>
        <SP>0</SP>
        <SFCF>1.1693223480822372</SFCF>
        <CFR>0.052419259452618633</CFR>
        <CWH>0.13343525250868718</CWH>
        <CFGlacier>1</CFGlacier>
        <CFSlope>1</CFSlope>
        <FC>2499.9999865118884</FC>
        <LP>0.42589718886305949</LP>
        <BETA>1.556627439225023</BETA>
      </SubCatchmentVegetationZoneParameters>
    </SubCatchmentVegetationZone>
  </SubCatchment>
</Catchment>