<?xml version="1.0" encoding="utf-8"?>
<Catchment xmlns:xsi="http://www.w3.org/2001/XMLSchema-instance" xmlns:xsd="http://www.w3.org/2001/XMLSchema">
  <CatchmentParameters>
    <KSI>0.001</KSI>
    <KGmin>0.05</KGmin>
    <RangeKG>0.1</RangeKG>
    <AG>0.1</AG>
    <PERC>1.8820692405595578</PERC>
    <Alpha>0.21730095962347376</Alpha>
    <UZL>199.65110091059341</UZL>
    <K0>0.56826705089678553</K0>
    <K1>0.010000091585067063</K1>
    <K2>0.025433389610524156</K2>
    <MAXBAS>1</MAXBAS>
    <Cet>0</Cet>
    <PCALT>19.999450379679026</PCALT>
    <TCALT>0.52010679539889293</TCALT>
    <Pelev>2537</Pelev>
    <Telev>2486</Telev>
    <PART>0.5</PART>
    <DELAY>1</DELAY>
  </CatchmentParameters>
  <VegetationZone>
    <VegetationZoneParameters>
      <TT>-1.1451453765410451</TT>
      <CFMAX>2.1956380448797659</CFMAX>
      <SP>0</SP>
      <SFCF>0.91266958116093722</SFCF>
      <CFR>0.099987236825788126</CFR>
      <CWH>0.19994017842393463</CWH>
      <CFGlacier>1</CFGlacier>
      <CFSlope>1</CFSlope>
      <FC>2219.2853210869066</FC>
      <LP>0.57554860200251257</LP>
      <BETA>1.8434427117065639</BETA>
    </VegetationZoneParameters>
  </VegetationZone>
  <SubCatchment>
    <SubCatchmentParameters>
      <KSI>0.001</KSI>
      <KGmin>0.05</KGmin>
      <RangeKG>0.1</RangeKG>
      <AG>0.1</AG>
      <PERC>1.8820692405595578</PERC>
      <Alpha>0.21730095962347376</Alpha>
      <UZL>199.65110091059341</UZL>
      <K0>0.56826705089678553</K0>
      <K1>0.010000091585067063</K1>
      <K2>0.025433389610524156</K2>
      <MAXBAS>1</MAXBAS>
      <Cet>0</Cet>
      <PCALT>19.999450379679026</PCALT>
      <TCALT>0.52010679539889293</TCALT>
      <Pelev>2537</Pelev>
      <Telev>2486</Telev>
      <PART>0.5</PART>
      <DELAY>1</DELAY>
    </SubCatchmentParameters>
    <SubCatchmentVegetationZone>
      <SubCatchmentVegetationZoneParameters>
        <TT>-1.1451453765410451</TT>
        <CFMAX>2.1956380448797659</CFMAX>
        <SP>0</SP>
        <SFCF>0.91266958116093722</SFCF>
        <CFR>0.099987236825788126</CFR>
        <CWH>0.19994017842393463</CWH>
        <CFGlacier>1</CFGlacier>
        <CFSlope>1</CFSlope>
        <FC>2219.2853210869066</FC>
        <LP>0.57554860200251257</LP>
        <BETA>1.8434427117065639</BETA>
      </SubCatchmentVegetationZoneParameters>
    </SubCatchmentVegetationZone>
  </SubCatchment>
</Catchment>