<?xml version="1.0" encoding="utf-8"?>
<Catchment xmlns:xsi="http://www.w3.org/2001/XMLSchema-instance" xmlns:xsd="http://www.w3.org/2001/XMLSchema">
  <CatchmentParameters>
    <KSI>0.001</KSI>
    <KGmin>0.05</KGmin>
    <RangeKG>0.1</RangeKG>
    <AG>0.1</AG>
    <PERC>1.9613175528097124</PERC>
    <Alpha>0.21730095962347376</Alpha>
    <UZL>89.938172751065053</UZL>
    <K0>0.15589657198415863</K0>
    <K1>0.010359053854187906</K1>
    <K2>0.024601787324717739</K2>
    <MAXBAS>1</MAXBAS>
    <Cet>0</Cet>
    <PCALT>14.477466320602883</PCALT>
    <TCALT>0.43265256326433488</TCALT>
    <Pelev>2537</Pelev>
    <Telev>2486</Telev>
    <PART>0.5</PART>
    <DELAY>1</DELAY>
  </CatchmentParameters>
  <VegetationZone>
    <VegetationZoneParameters>
      <TT>-1.3932561597546374</TT>
      <CFMAX>1.896767612496306</CFMAX>
      <SP>0</SP>
      <SFCF>0.97192256972303215</SFCF>
      <CFR>0.096128495161516031</CFR>
      <CWH>0.19995402721462308</CWH>
      <CFGlacier>1</CFGlacier>
      <CFSlope>1</CFSlope>
      <FC>2109.1948650970589</FC>
      <LP>0.43589898350623352</LP>
      <BETA>1.4397202379020859</BETA>
    </VegetationZoneParameters>
  </VegetationZone>
  <SubCatchment>
    <SubCatchmentParameters>
      <KSI>0.001</KSI>
      <KGmin>0.05</KGmin>
      <RangeKG>0.1</RangeKG>
      <AG>0.1</AG>
      <PERC>1.9613175528097124</PERC>
      <Alpha>0.21730095962347376</Alpha>
      <UZL>89.938172751065053</UZL>
      <K0>0.15589657198415863</K0>
      <K1>0.010359053854187906</K1>
      <K2>0.024601787324717739</K2>
      <MAXBAS>1</MAXBAS>
      <Cet>0</Cet>
      <PCALT>14.477466320602883</PCALT>
      <TCALT>0.43265256326433488</TCALT>
      <Pelev>2537</Pelev>
      <Telev>2486</Telev>
      <PART>0.5</PART>
      <DELAY>1</DELAY>
    </SubCatchmentParameters>
    <SubCatchmentVegetationZone>
      <SubCatchmentVegetationZoneParameters>
        <TT>-1.3932561597546374</TT>
        <CFMAX>1.896767612496306</CFMAX>
        <SP>0</SP>
        <SFCF>0.97192256972303215</SFCF>
        <CFR>0.096128495161516031</CFR>
        <CWH>0.19995402721462308</CWH>
        <CFGlacier>1</CFGlacier>
        <CFSlope>1</CFSlope>
        <FC>2109.1948650970589</FC>
        <LP>0.43589898350623352</LP>
        <BETA>1.4397202379020859</BETA>
      </SubCatchmentVegetationZoneParameters>
    </SubCatchmentVegetationZone>
  </SubCatchment>
</Catchment>