<?xml version="1.0" encoding="utf-8"?>
<Catchment xmlns:xsi="http://www.w3.org/2001/XMLSchema-instance" xmlns:xsd="http://www.w3.org/2001/XMLSchema">
  <CatchmentParameters>
    <KSI>0.001</KSI>
    <KGmin>0.05</KGmin>
    <RangeKG>0.1</RangeKG>
    <AG>0.1</AG>
    <PERC>2.5918832692472913</PERC>
    <Alpha>0.21730095962347376</Alpha>
    <UZL>179.82147206942082</UZL>
    <K0>0.569369825454759</K0>
    <K1>0.010000001017590089</K1>
    <K2>0.024556234257803837</K2>
    <MAXBAS>1</MAXBAS>
    <Cet>0</Cet>
    <PCALT>19.999436527690197</PCALT>
    <TCALT>0.37532856583517982</TCALT>
    <Pelev>2537</Pelev>
    <Telev>2486</Telev>
    <PART>0.5</PART>
    <DELAY>1</DELAY>
  </CatchmentParameters>
  <VegetationZone>
    <VegetationZoneParameters>
      <TT>-0.049171900819528339</TT>
      <CFMAX>3.1820556190713933</CFMAX>
      <SP>0</SP>
      <SFCF>0.99793791846373825</SFCF>
      <CFR>0.049261863655237548</CFR>
      <CWH>0.16341299798322717</CWH>
      <CFGlacier>1</CFGlacier>
      <CFSlope>1</CFSlope>
      <FC>2181.4140349191325</FC>
      <LP>0.58608331417655013</LP>
      <BETA>1.9827847756386388</BETA>
    </VegetationZoneParameters>
  </VegetationZone>
  <SubCatchment>
    <SubCatchmentParameters>
      <KSI>0.001</KSI>
      <KGmin>0.05</KGmin>
      <RangeKG>0.1</RangeKG>
      <AG>0.1</AG>
      <PERC>2.5918832692472913</PERC>
      <Alpha>0.21730095962347376</Alpha>
      <UZL>179.82147206942082</UZL>
      <K0>0.569369825454759</K0>
      <K1>0.010000001017590089</K1>
      <K2>0.024556234257803837</K2>
      <MAXBAS>1</MAXBAS>
      <Cet>0</Cet>
      <PCALT>19.999436527690197</PCALT>
      <TCALT>0.37532856583517982</TCALT>
      <Pelev>2537</Pelev>
      <Telev>2486</Telev>
      <PART>0.5</PART>
      <DELAY>1</DELAY>
    </SubCatchmentParameters>
    <SubCatchmentVegetationZone>
      <SubCatchmentVegetationZoneParameters>
        <TT>-0.049171900819528339</TT>
        <CFMAX>3.1820556190713933</CFMAX>
        <SP>0</SP>
        <SFCF>0.99793791846373825</SFCF>
        <CFR>0.049261863655237548</CFR>
        <CWH>0.16341299798322717</CWH>
        <CFGlacier>1</CFGlacier>
        <CFSlope>1</CFSlope>
        <FC>2181.4140349191325</FC>
        <LP>0.58608331417655013</LP>
        <BETA>1.9827847756386388</BETA>
      </SubCatchmentVegetationZoneParameters>
    </SubCatchmentVegetationZone>
  </SubCatchment>
</Catchment>