<?xml version="1.0" encoding="utf-8"?>
<Catchment xmlns:xsi="http://www.w3.org/2001/XMLSchema-instance" xmlns:xsd="http://www.w3.org/2001/XMLSchema">
  <CatchmentParameters>
    <KSI>0.001</KSI>
    <KGmin>0.05</KGmin>
    <RangeKG>0.1</RangeKG>
    <AG>0.1</AG>
    <PERC>1.9885456564249788</PERC>
    <Alpha>0.21730095962347376</Alpha>
    <UZL>106.64860203774867</UZL>
    <K0>0.88136217318632748</K0>
    <K1>0.010000018250565582</K1>
    <K2>0.025390214009192866</K2>
    <MAXBAS>1</MAXBAS>
    <Cet>0</Cet>
    <PCALT>19.999942851867029</PCALT>
    <TCALT>0.028976327111536675</TCALT>
    <Pelev>2537</Pelev>
    <Telev>2486</Telev>
    <PART>0.5</PART>
    <DELAY>1</DELAY>
  </CatchmentParameters>
  <VegetationZone>
    <VegetationZoneParameters>
      <TT>-1.353927740009802</TT>
      <CFMAX>1.9800952701962289</CFMAX>
      <SP>0</SP>
      <SFCF>0.90713221168382752</SFCF>
      <CFR>0.09999532902007803</CFR>
      <CWH>0.19999833798253489</CWH>
      <CFGlacier>1</CFGlacier>
      <CFSlope>1</CFSlope>
      <FC>2437.7423404517358</FC>
      <LP>0.45954043785365878</LP>
      <BETA>1.4733541803640322</BETA>
    </VegetationZoneParameters>
  </VegetationZone>
  <SubCatchment>
    <SubCatchmentParameters>
      <KSI>0.001</KSI>
      <KGmin>0.05</KGmin>
      <RangeKG>0.1</RangeKG>
      <AG>0.1</AG>
      <PERC>1.9885456564249788</PERC>
      <Alpha>0.21730095962347376</Alpha>
      <UZL>106.64860203774867</UZL>
      <K0>0.88136217318632748</K0>
      <K1>0.010000018250565582</K1>
      <K2>0.025390214009192866</K2>
      <MAXBAS>1</MAXBAS>
      <Cet>0</Cet>
      <PCALT>19.999942851867029</PCALT>
      <TCALT>0.028976327111536675</TCALT>
      <Pelev>2537</Pelev>
      <Telev>2486</Telev>
      <PART>0.5</PART>
      <DELAY>1</DELAY>
    </SubCatchmentParameters>
    <SubCatchmentVegetationZone>
      <SubCatchmentVegetationZoneParameters>
        <TT>-1.353927740009802</TT>
        <CFMAX>1.9800952701962289</CFMAX>
        <SP>0</SP>
        <SFCF>0.90713221168382752</SFCF>
        <CFR>0.09999532902007803</CFR>
        <CWH>0.19999833798253489</CWH>
        <CFGlacier>1</CFGlacier>
        <CFSlope>1</CFSlope>
        <FC>2437.7423404517358</FC>
        <LP>0.45954043785365878</LP>
        <BETA>1.4733541803640322</BETA>
      </SubCatchmentVegetationZoneParameters>
    </SubCatchmentVegetationZone>
  </SubCatchment>
</Catchment>