<?xml version="1.0" encoding="utf-8"?>
<Catchment xmlns:xsi="http://www.w3.org/2001/XMLSchema-instance" xmlns:xsd="http://www.w3.org/2001/XMLSchema">
  <CatchmentParameters>
    <KSI>0.001</KSI>
    <KGmin>0.05</KGmin>
    <RangeKG>0.1</RangeKG>
    <AG>0.1</AG>
    <PERC>2.4958416385299032</PERC>
    <Alpha>0.21730095962347376</Alpha>
    <UZL>60.367887849464168</UZL>
    <K0>0.20532247538219939</K0>
    <K1>0.010000241614820427</K1>
    <K2>0.025492621813213913</K2>
    <MAXBAS>1</MAXBAS>
    <Cet>0</Cet>
    <PCALT>19.49315983095288</PCALT>
    <TCALT>0.03438560346503524</TCALT>
    <Pelev>2537</Pelev>
    <Telev>2486</Telev>
    <PART>0.5</PART>
    <DELAY>1</DELAY>
  </CatchmentParameters>
  <VegetationZone>
    <VegetationZoneParameters>
      <TT>-1.339200841479208</TT>
      <CFMAX>1.9980894056797349</CFMAX>
      <SP>0</SP>
      <SFCF>0.81028693160128562</SFCF>
      <CFR>0.0999992715289318</CFR>
      <CWH>0.19999956813615843</CWH>
      <CFGlacier>1</CFGlacier>
      <CFSlope>1</CFSlope>
      <FC>1422.4950622491911</FC>
      <LP>0.66304789381770768</LP>
      <BETA>1.8711461855034841</BETA>
    </VegetationZoneParameters>
  </VegetationZone>
  <SubCatchment>
    <SubCatchmentParameters>
      <KSI>0.001</KSI>
      <KGmin>0.05</KGmin>
      <RangeKG>0.1</RangeKG>
      <AG>0.1</AG>
      <PERC>2.4958416385299032</PERC>
      <Alpha>0.21730095962347376</Alpha>
      <UZL>60.367887849464168</UZL>
      <K0>0.20532247538219939</K0>
      <K1>0.010000241614820427</K1>
      <K2>0.025492621813213913</K2>
      <MAXBAS>1</MAXBAS>
      <Cet>0</Cet>
      <PCALT>19.49315983095288</PCALT>
      <TCALT>0.03438560346503524</TCALT>
      <Pelev>2537</Pelev>
      <Telev>2486</Telev>
      <PART>0.5</PART>
      <DELAY>1</DELAY>
    </SubCatchmentParameters>
    <SubCatchmentVegetationZone>
      <SubCatchmentVegetationZoneParameters>
        <TT>-1.339200841479208</TT>
        <CFMAX>1.9980894056797349</CFMAX>
        <SP>0</SP>
        <SFCF>0.81028693160128562</SFCF>
        <CFR>0.0999992715289318</CFR>
        <CWH>0.19999956813615843</CWH>
        <CFGlacier>1</CFGlacier>
        <CFSlope>1</CFSlope>
        <FC>1422.4950622491911</FC>
        <LP>0.66304789381770768</LP>
        <BETA>1.8711461855034841</BETA>
      </SubCatchmentVegetationZoneParameters>
    </SubCatchmentVegetationZone>
  </SubCatchment>
</Catchment>