<?xml version="1.0" encoding="utf-8"?>
<Catchment xmlns:xsi="http://www.w3.org/2001/XMLSchema-instance" xmlns:xsd="http://www.w3.org/2001/XMLSchema">
  <CatchmentParameters>
    <KSI>0.001</KSI>
    <KGmin>0.05</KGmin>
    <RangeKG>0.1</RangeKG>
    <AG>0.1</AG>
    <PERC>3.148150806152219</PERC>
    <Alpha>0.21730095962347376</Alpha>
    <UZL>72.259273963200812</UZL>
    <K0>0.36164985739010291</K0>
    <K1>0.01008934694385398</K1>
    <K2>0.025960010116165669</K2>
    <MAXBAS>1</MAXBAS>
    <Cet>0</Cet>
    <PCALT>15.651780289233997</PCALT>
    <TCALT>0.025320671475175419</TCALT>
    <Pelev>2537</Pelev>
    <Telev>2486</Telev>
    <PART>0.5</PART>
    <DELAY>1</DELAY>
  </CatchmentParameters>
  <VegetationZone>
    <VegetationZoneParameters>
      <TT>-1.58327969772796</TT>
      <CFMAX>0.71760979818020643</CFMAX>
      <SP>0</SP>
      <SFCF>0.82537231753091944</SFCF>
      <CFR>0.038241977576621913</CFR>
      <CWH>0.10306344184178995</CWH>
      <CFGlacier>1</CFGlacier>
      <CFSlope>1</CFSlope>
      <FC>2198.1429268813145</FC>
      <LP>0.555567711941114</LP>
      <BETA>1.8071500111103103</BETA>
    </VegetationZoneParameters>
  </VegetationZone>
  <SubCatchment>
    <SubCatchmentParameters>
      <KSI>0.001</KSI>
      <KGmin>0.05</KGmin>
      <RangeKG>0.1</RangeKG>
      <AG>0.1</AG>
      <PERC>3.148150806152219</PERC>
      <Alpha>0.21730095962347376</Alpha>
      <UZL>72.259273963200812</UZL>
      <K0>0.36164985739010291</K0>
      <K1>0.01008934694385398</K1>
      <K2>0.025960010116165669</K2>
      <MAXBAS>1</MAXBAS>
      <Cet>0</Cet>
      <PCALT>15.651780289233997</PCALT>
      <TCALT>0.025320671475175419</TCALT>
      <Pelev>2537</Pelev>
      <Telev>2486</Telev>
      <PART>0.5</PART>
      <DELAY>1</DELAY>
    </SubCatchmentParameters>
    <SubCatchmentVegetationZone>
      <SubCatchmentVegetationZoneParameters>
        <TT>-1.58327969772796</TT>
        <CFMAX>0.71760979818020643</CFMAX>
        <SP>0</SP>
        <SFCF>0.82537231753091944</SFCF>
        <CFR>0.038241977576621913</CFR>
        <CWH>0.10306344184178995</CWH>
        <CFGlacier>1</CFGlacier>
        <CFSlope>1</CFSlope>
        <FC>2198.1429268813145</FC>
        <LP>0.555567711941114</LP>
        <BETA>1.8071500111103103</BETA>
      </SubCatchmentVegetationZoneParameters>
    </SubCatchmentVegetationZone>
  </SubCatchment>
</Catchment>