<?xml version="1.0" encoding="utf-8"?>
<Catchment xmlns:xsi="http://www.w3.org/2001/XMLSchema-instance" xmlns:xsd="http://www.w3.org/2001/XMLSchema">
  <CatchmentParameters>
    <KSI>0.001</KSI>
    <KGmin>0.05</KGmin>
    <RangeKG>0.1</RangeKG>
    <AG>0.1</AG>
    <PERC>1.9230653083185687</PERC>
    <Alpha>0.21730095962347376</Alpha>
    <UZL>128.74317173864398</UZL>
    <K0>0.51909323204151747</K0>
    <K1>0.010000067441891004</K1>
    <K2>0.026032921319644818</K2>
    <MAXBAS>1</MAXBAS>
    <Cet>0</Cet>
    <PCALT>8.80299891423763</PCALT>
    <TCALT>0.3687732367001057</TCALT>
    <Pelev>2537</Pelev>
    <Telev>2486</Telev>
    <PART>0.5</PART>
    <DELAY>1</DELAY>
  </CatchmentParameters>
  <VegetationZone>
    <VegetationZoneParameters>
      <TT>-1.1662267845454244</TT>
      <CFMAX>1.9673516663420041</CFMAX>
      <SP>0</SP>
      <SFCF>0.82161660733473729</SFCF>
      <CFR>0.099996947788640628</CFR>
      <CWH>0.19999895784284025</CWH>
      <CFGlacier>1</CFGlacier>
      <CFSlope>1</CFSlope>
      <FC>2399.5773699941792</FC>
      <LP>0.50189938611035767</LP>
      <BETA>1.6548471094950166</BETA>
    </VegetationZoneParameters>
  </VegetationZone>
  <SubCatchment>
    <SubCatchmentParameters>
      <KSI>0.001</KSI>
      <KGmin>0.05</KGmin>
      <RangeKG>0.1</RangeKG>
      <AG>0.1</AG>
      <PERC>1.9230653083185687</PERC>
      <Alpha>0.21730095962347376</Alpha>
      <UZL>128.74317173864398</UZL>
      <K0>0.51909323204151747</K0>
      <K1>0.010000067441891004</K1>
      <K2>0.026032921319644818</K2>
      <MAXBAS>1</MAXBAS>
      <Cet>0</Cet>
      <PCALT>8.80299891423763</PCALT>
      <TCALT>0.3687732367001057</TCALT>
      <Pelev>2537</Pelev>
      <Telev>2486</Telev>
      <PART>0.5</PART>
      <DELAY>1</DELAY>
    </SubCatchmentParameters>
    <SubCatchmentVegetationZone>
      <SubCatchmentVegetationZoneParameters>
        <TT>-1.1662267845454244</TT>
        <CFMAX>1.9673516663420041</CFMAX>
        <SP>0</SP>
        <SFCF>0.82161660733473729</SFCF>
        <CFR>0.099996947788640628</CFR>
        <CWH>0.19999895784284025</CWH>
        <CFGlacier>1</CFGlacier>
        <CFSlope>1</CFSlope>
        <FC>2399.5773699941792</FC>
        <LP>0.50189938611035767</LP>
        <BETA>1.6548471094950166</BETA>
      </SubCatchmentVegetationZoneParameters>
    </SubCatchmentVegetationZone>
  </SubCatchment>
</Catchment>