<?xml version="1.0" encoding="utf-8"?>
<Catchment xmlns:xsi="http://www.w3.org/2001/XMLSchema-instance" xmlns:xsd="http://www.w3.org/2001/XMLSchema">
  <CatchmentParameters>
    <KSI>0.001</KSI>
    <KGmin>0.05</KGmin>
    <RangeKG>0.1</RangeKG>
    <AG>0.1</AG>
    <PERC>1.8184149205732687</PERC>
    <Alpha>0.21730095962347376</Alpha>
    <UZL>135.46340034570056</UZL>
    <K0>0.97977834194030788</K0>
    <K1>0.010000398305858587</K1>
    <K2>0.0259597862748286</K2>
    <MAXBAS>1</MAXBAS>
    <Cet>0</Cet>
    <PCALT>12.630645326682304</PCALT>
    <TCALT>0.50866159341433492</TCALT>
    <Pelev>2537</Pelev>
    <Telev>2486</Telev>
    <PART>0.5</PART>
    <DELAY>1</DELAY>
  </CatchmentParameters>
  <VegetationZone>
    <VegetationZoneParameters>
      <TT>-1.1405574908049627</TT>
      <CFMAX>1.7485028841567152</CFMAX>
      <SP>0</SP>
      <SFCF>0.848864940003633</SFCF>
      <CFR>0.0999999013211438</CFR>
      <CWH>0.19999864239530554</CWH>
      <CFGlacier>1</CFGlacier>
      <CFSlope>1</CFSlope>
      <FC>2499.9996801951897</FC>
      <LP>0.63301816648365428</LP>
      <BETA>2.2109635130289838</BETA>
    </VegetationZoneParameters>
  </VegetationZone>
  <SubCatchment>
    <SubCatchmentParameters>
      <KSI>0.001</KSI>
      <KGmin>0.05</KGmin>
      <RangeKG>0.1</RangeKG>
      <AG>0.1</AG>
      <PERC>1.8184149205732687</PERC>
      <Alpha>0.21730095962347376</Alpha>
      <UZL>135.46340034570056</UZL>
      <K0>0.97977834194030788</K0>
      <K1>0.010000398305858587</K1>
      <K2>0.0259597862748286</K2>
      <MAXBAS>1</MAXBAS>
      <Cet>0</Cet>
      <PCALT>12.630645326682304</PCALT>
      <TCALT>0.50866159341433492</TCALT>
      <Pelev>2537</Pelev>
      <Telev>2486</Telev>
      <PART>0.5</PART>
      <DELAY>1</DELAY>
    </SubCatchmentParameters>
    <SubCatchmentVegetationZone>
      <SubCatchmentVegetationZoneParameters>
        <TT>-1.1405574908049627</TT>
        <CFMAX>1.7485028841567152</CFMAX>
        <SP>0</SP>
        <SFCF>0.848864940003633</SFCF>
        <CFR>0.0999999013211438</CFR>
        <CWH>0.19999864239530554</CWH>
        <CFGlacier>1</CFGlacier>
        <CFSlope>1</CFSlope>
        <FC>2499.9996801951897</FC>
        <LP>0.63301816648365428</LP>
        <BETA>2.2109635130289838</BETA>
      </SubCatchmentVegetationZoneParameters>
    </SubCatchmentVegetationZone>
  </SubCatchment>
</Catchment>