<?xml version="1.0" encoding="utf-8"?>
<Catchment xmlns:xsi="http://www.w3.org/2001/XMLSchema-instance" xmlns:xsd="http://www.w3.org/2001/XMLSchema">
  <CatchmentParameters>
    <KSI>0.001</KSI>
    <KGmin>0.05</KGmin>
    <RangeKG>0.1</RangeKG>
    <AG>0.1</AG>
    <PERC>4.7357056449145434</PERC>
    <Alpha>0.21730095962347376</Alpha>
    <UZL>2.2948936484508082</UZL>
    <K0>0.989999681159006</K0>
    <K1>0.010000000606047207</K1>
    <K2>0.025928929258424365</K2>
    <MAXBAS>1</MAXBAS>
    <Cet>0</Cet>
    <PCALT>19.999619924071418</PCALT>
    <TCALT>0.044548029354130408</TCALT>
    <Pelev>2537</Pelev>
    <Telev>2486</Telev>
    <PART>0.5</PART>
    <DELAY>1</DELAY>
  </CatchmentParameters>
  <VegetationZone>
    <VegetationZoneParameters>
      <TT>-1.3624504614315469</TT>
      <CFMAX>1.6510682324922745</CFMAX>
      <SP>0</SP>
      <SFCF>0.67542011978684913</SFCF>
      <CFR>0.02656201360798606</CFR>
      <CWH>0.19999715390608719</CWH>
      <CFGlacier>1</CFGlacier>
      <CFSlope>1</CFSlope>
      <FC>1243.0425216968054</FC>
      <LP>0.69676603751252775</LP>
      <BETA>1.7876844725243457</BETA>
    </VegetationZoneParameters>
  </VegetationZone>
  <SubCatchment>
    <SubCatchmentParameters>
      <KSI>0.001</KSI>
      <KGmin>0.05</KGmin>
      <RangeKG>0.1</RangeKG>
      <AG>0.1</AG>
      <PERC>4.7357056449145434</PERC>
      <Alpha>0.21730095962347376</Alpha>
      <UZL>2.2948936484508082</UZL>
      <K0>0.989999681159006</K0>
      <K1>0.010000000606047207</K1>
      <K2>0.025928929258424365</K2>
      <MAXBAS>1</MAXBAS>
      <Cet>0</Cet>
      <PCALT>19.999619924071418</PCALT>
      <TCALT>0.044548029354130408</TCALT>
      <Pelev>2537</Pelev>
      <Telev>2486</Telev>
      <PART>0.5</PART>
      <DELAY>1</DELAY>
    </SubCatchmentParameters>
    <SubCatchmentVegetationZone>
      <SubCatchmentVegetationZoneParameters>
        <TT>-1.3624504614315469</TT>
        <CFMAX>1.6510682324922745</CFMAX>
        <SP>0</SP>
        <SFCF>0.67542011978684913</SFCF>
        <CFR>0.02656201360798606</CFR>
        <CWH>0.19999715390608719</CWH>
        <CFGlacier>1</CFGlacier>
        <CFSlope>1</CFSlope>
        <FC>1243.0425216968054</FC>
        <LP>0.69676603751252775</LP>
        <BETA>1.7876844725243457</BETA>
      </SubCatchmentVegetationZoneParameters>
    </SubCatchmentVegetationZone>
  </SubCatchment>
</Catchment>