<?xml version="1.0" encoding="utf-8"?>
<Catchment xmlns:xsi="http://www.w3.org/2001/XMLSchema-instance" xmlns:xsd="http://www.w3.org/2001/XMLSchema">
  <CatchmentParameters>
    <KSI>0.001</KSI>
    <KGmin>0.05</KGmin>
    <RangeKG>0.1</RangeKG>
    <AG>0.1</AG>
    <PERC>2.1243181230719195</PERC>
    <Alpha>0.21730095962347376</Alpha>
    <UZL>194.61065972518119</UZL>
    <K0>0.23872207856839681</K0>
    <K1>0.010018721976920237</K1>
    <K2>0.026784308382797668</K2>
    <MAXBAS>1</MAXBAS>
    <Cet>0</Cet>
    <PCALT>19.986670320942913</PCALT>
    <TCALT>0.016024053150908137</TCALT>
    <Pelev>2537</Pelev>
    <Telev>2486</Telev>
    <PART>0.5</PART>
    <DELAY>1</DELAY>
  </CatchmentParameters>
  <VegetationZone>
    <VegetationZoneParameters>
      <TT>-1.3234458641545788</TT>
      <CFMAX>1.9304890355237847</CFMAX>
      <SP>0</SP>
      <SFCF>0.72380352528332248</SFCF>
      <CFR>0.099982336086661586</CFR>
      <CWH>0.19999920069854552</CWH>
      <CFGlacier>1</CFGlacier>
      <CFSlope>1</CFSlope>
      <FC>2363.0276482168942</FC>
      <LP>0.70565791252361953</LP>
      <BETA>2.2972391602941284</BETA>
    </VegetationZoneParameters>
  </VegetationZone>
  <SubCatchment>
    <SubCatchmentParameters>
      <KSI>0.001</KSI>
      <KGmin>0.05</KGmin>
      <RangeKG>0.1</RangeKG>
      <AG>0.1</AG>
      <PERC>2.1243181230719195</PERC>
      <Alpha>0.21730095962347376</Alpha>
      <UZL>194.61065972518119</UZL>
      <K0>0.23872207856839681</K0>
      <K1>0.010018721976920237</K1>
      <K2>0.026784308382797668</K2>
      <MAXBAS>1</MAXBAS>
      <Cet>0</Cet>
      <PCALT>19.986670320942913</PCALT>
      <TCALT>0.016024053150908137</TCALT>
      <Pelev>2537</Pelev>
      <Telev>2486</Telev>
      <PART>0.5</PART>
      <DELAY>1</DELAY>
    </SubCatchmentParameters>
    <SubCatchmentVegetationZone>
      <SubCatchmentVegetationZoneParameters>
        <TT>-1.3234458641545788</TT>
        <CFMAX>1.9304890355237847</CFMAX>
        <SP>0</SP>
        <SFCF>0.72380352528332248</SFCF>
        <CFR>0.099982336086661586</CFR>
        <CWH>0.19999920069854552</CWH>
        <CFGlacier>1</CFGlacier>
        <CFSlope>1</CFSlope>
        <FC>2363.0276482168942</FC>
        <LP>0.70565791252361953</LP>
        <BETA>2.2972391602941284</BETA>
      </SubCatchmentVegetationZoneParameters>
    </SubCatchmentVegetationZone>
  </SubCatchment>
</Catchment>