<?xml version="1.0" encoding="utf-8"?>
<Catchment xmlns:xsi="http://www.w3.org/2001/XMLSchema-instance" xmlns:xsd="http://www.w3.org/2001/XMLSchema">
  <CatchmentParameters>
    <KSI>0.001</KSI>
    <KGmin>0.05</KGmin>
    <RangeKG>0.1</RangeKG>
    <AG>0.1</AG>
    <PERC>3.1477748987313321</PERC>
    <Alpha>0.21730095962347376</Alpha>
    <UZL>114.40156746656415</UZL>
    <K0>0.071839092827433754</K0>
    <K1>0.010000008000928035</K1>
    <K2>0.025550611983951019</K2>
    <MAXBAS>1</MAXBAS>
    <Cet>0</Cet>
    <PCALT>10.83068295568928</PCALT>
    <TCALT>0.32002185444710846</TCALT>
    <Pelev>2537</Pelev>
    <Telev>2486</Telev>
    <PART>0.5</PART>
    <DELAY>1</DELAY>
  </CatchmentParameters>
  <VegetationZone>
    <VegetationZoneParameters>
      <TT>-1.3648326094490004</TT>
      <CFMAX>1.2528023830471391</CFMAX>
      <SP>0</SP>
      <SFCF>0.86008836302220615</SFCF>
      <CFR>0.099997121737047126</CFR>
      <CWH>0.19084658217994738</CWH>
      <CFGlacier>1</CFGlacier>
      <CFSlope>1</CFSlope>
      <FC>2010.3788430219775</FC>
      <LP>0.56568281823388233</LP>
      <BETA>1.8420526884527704</BETA>
    </VegetationZoneParameters>
  </VegetationZone>
  <SubCatchment>
    <SubCatchmentParameters>
      <KSI>0.001</KSI>
      <KGmin>0.05</KGmin>
      <RangeKG>0.1</RangeKG>
      <AG>0.1</AG>
      <PERC>3.1477748987313321</PERC>
      <Alpha>0.21730095962347376</Alpha>
      <UZL>114.40156746656415</UZL>
      <K0>0.071839092827433754</K0>
      <K1>0.010000008000928035</K1>
      <K2>0.025550611983951019</K2>
      <MAXBAS>1</MAXBAS>
      <Cet>0</Cet>
      <PCALT>10.83068295568928</PCALT>
      <TCALT>0.32002185444710846</TCALT>
      <Pelev>2537</Pelev>
      <Telev>2486</Telev>
      <PART>0.5</PART>
      <DELAY>1</DELAY>
    </SubCatchmentParameters>
    <SubCatchmentVegetationZone>
      <SubCatchmentVegetationZoneParameters>
        <TT>-1.3648326094490004</TT>
        <CFMAX>1.2528023830471391</CFMAX>
        <SP>0</SP>
        <SFCF>0.86008836302220615</SFCF>
        <CFR>0.099997121737047126</CFR>
        <CWH>0.19084658217994738</CWH>
        <CFGlacier>1</CFGlacier>
        <CFSlope>1</CFSlope>
        <FC>2010.3788430219775</FC>
        <LP>0.56568281823388233</LP>
        <BETA>1.8420526884527704</BETA>
      </SubCatchmentVegetationZoneParameters>
    </SubCatchmentVegetationZone>
  </SubCatchment>
</Catchment>