<?xml version="1.0" encoding="utf-8"?>
<Catchment xmlns:xsi="http://www.w3.org/2001/XMLSchema-instance" xmlns:xsd="http://www.w3.org/2001/XMLSchema">
  <CatchmentParameters>
    <KSI>0.001</KSI>
    <KGmin>0.05</KGmin>
    <RangeKG>0.1</RangeKG>
    <AG>0.1</AG>
    <PERC>2.6252787362713117</PERC>
    <Alpha>0.21730095962347376</Alpha>
    <UZL>30.465223808840648</UZL>
    <K0>0.17681922546712836</K0>
    <K1>0.010000029122840478</K1>
    <K2>0.024701892089355325</K2>
    <MAXBAS>1</MAXBAS>
    <Cet>0</Cet>
    <PCALT>19.998840398228825</PCALT>
    <TCALT>0.086565561811423636</TCALT>
    <Pelev>2537</Pelev>
    <Telev>2486</Telev>
    <PART>0.5</PART>
    <DELAY>1</DELAY>
  </CatchmentParameters>
  <VegetationZone>
    <VegetationZoneParameters>
      <TT>0.4141365778228106</TT>
      <CFMAX>3.6041821905025384</CFMAX>
      <SP>0</SP>
      <SFCF>1.0205284122117981</SFCF>
      <CFR>0.037677693136642453</CFR>
      <CWH>0.16190104116373397</CWH>
      <CFGlacier>1</CFGlacier>
      <CFSlope>1</CFSlope>
      <FC>2499.9999874728924</FC>
      <LP>0.49624684695268445</LP>
      <BETA>1.7184173395518496</BETA>
    </VegetationZoneParameters>
  </VegetationZone>
  <SubCatchment>
    <SubCatchmentParameters>
      <KSI>0.001</KSI>
      <KGmin>0.05</KGmin>
      <RangeKG>0.1</RangeKG>
      <AG>0.1</AG>
      <PERC>2.6252787362713117</PERC>
      <Alpha>0.21730095962347376</Alpha>
      <UZL>30.465223808840648</UZL>
      <K0>0.17681922546712836</K0>
      <K1>0.010000029122840478</K1>
      <K2>0.024701892089355325</K2>
      <MAXBAS>1</MAXBAS>
      <Cet>0</Cet>
      <PCALT>19.998840398228825</PCALT>
      <TCALT>0.086565561811423636</TCALT>
      <Pelev>2537</Pelev>
      <Telev>2486</Telev>
      <PART>0.5</PART>
      <DELAY>1</DELAY>
    </SubCatchmentParameters>
    <SubCatchmentVegetationZone>
      <SubCatchmentVegetationZoneParameters>
        <TT>0.4141365778228106</TT>
        <CFMAX>3.6041821905025384</CFMAX>
        <SP>0</SP>
        <SFCF>1.0205284122117981</SFCF>
        <CFR>0.037677693136642453</CFR>
        <CWH>0.16190104116373397</CWH>
        <CFGlacier>1</CFGlacier>
        <CFSlope>1</CFSlope>
        <FC>2499.9999874728924</FC>
        <LP>0.49624684695268445</LP>
        <BETA>1.7184173395518496</BETA>
      </SubCatchmentVegetationZoneParameters>
    </SubCatchmentVegetationZone>
  </SubCatchment>
</Catchment>