<?xml version="1.0" encoding="utf-8"?>
<Catchment xmlns:xsi="http://www.w3.org/2001/XMLSchema-instance" xmlns:xsd="http://www.w3.org/2001/XMLSchema">
  <CatchmentParameters>
    <KSI>0.001</KSI>
    <KGmin>0.05</KGmin>
    <RangeKG>0.1</RangeKG>
    <AG>0.1</AG>
    <PERC>2.5730149661619808</PERC>
    <Alpha>0.21730095962347376</Alpha>
    <UZL>93.995938072265673</UZL>
    <K0>0.401681279004766</K0>
    <K1>0.010002707738715965</K1>
    <K2>0.024189538088307833</K2>
    <MAXBAS>1</MAXBAS>
    <Cet>0</Cet>
    <PCALT>18.76613053543435</PCALT>
    <TCALT>0.035940216931827029</TCALT>
    <Pelev>2537</Pelev>
    <Telev>2486</Telev>
    <PART>0.5</PART>
    <DELAY>1</DELAY>
  </CatchmentParameters>
  <VegetationZone>
    <VegetationZoneParameters>
      <TT>0.34264111996200408</TT>
      <CFMAX>3.3660461953048353</CFMAX>
      <SP>0</SP>
      <SFCF>1.0441319039085306</SFCF>
      <CFR>0.053468609104232824</CFR>
      <CWH>0.13019927841856013</CWH>
      <CFGlacier>1</CFGlacier>
      <CFSlope>1</CFSlope>
      <FC>2472.0279230492461</FC>
      <LP>0.561471634812427</LP>
      <BETA>2.0310844396156735</BETA>
    </VegetationZoneParameters>
  </VegetationZone>
  <SubCatchment>
    <SubCatchmentParameters>
      <KSI>0.001</KSI>
      <KGmin>0.05</KGmin>
      <RangeKG>0.1</RangeKG>
      <AG>0.1</AG>
      <PERC>2.5730149661619808</PERC>
      <Alpha>0.21730095962347376</Alpha>
      <UZL>93.995938072265673</UZL>
      <K0>0.401681279004766</K0>
      <K1>0.010002707738715965</K1>
      <K2>0.024189538088307833</K2>
      <MAXBAS>1</MAXBAS>
      <Cet>0</Cet>
      <PCALT>18.76613053543435</PCALT>
      <TCALT>0.035940216931827029</TCALT>
      <Pelev>2537</Pelev>
      <Telev>2486</Telev>
      <PART>0.5</PART>
      <DELAY>1</DELAY>
    </SubCatchmentParameters>
    <SubCatchmentVegetationZone>
      <SubCatchmentVegetationZoneParameters>
        <TT>0.34264111996200408</TT>
        <CFMAX>3.3660461953048353</CFMAX>
        <SP>0</SP>
        <SFCF>1.0441319039085306</SFCF>
        <CFR>0.053468609104232824</CFR>
        <CWH>0.13019927841856013</CWH>
        <CFGlacier>1</CFGlacier>
        <CFSlope>1</CFSlope>
        <FC>2472.0279230492461</FC>
        <LP>0.561471634812427</LP>
        <BETA>2.0310844396156735</BETA>
      </SubCatchmentVegetationZoneParameters>
    </SubCatchmentVegetationZone>
  </SubCatchment>
</Catchment>