<?xml version="1.0" encoding="utf-8"?>
<Catchment xmlns:xsi="http://www.w3.org/2001/XMLSchema-instance" xmlns:xsd="http://www.w3.org/2001/XMLSchema">
  <CatchmentParameters>
    <KSI>0.001</KSI>
    <KGmin>0.05</KGmin>
    <RangeKG>0.1</RangeKG>
    <AG>0.1</AG>
    <PERC>0.5481407298897063</PERC>
    <Alpha>0.21730095962347376</Alpha>
    <UZL>11.056505373861562</UZL>
    <K0>0.98924611180290445</K0>
    <K1>0.010305267363167283</K1>
    <K2>0.030081331670467049</K2>
    <MAXBAS>1</MAXBAS>
    <Cet>0</Cet>
    <PCALT>16.364311365691805</PCALT>
    <TCALT>0.51527788744858061</TCALT>
    <Pelev>2537</Pelev>
    <Telev>2486</Telev>
    <PART>0.5</PART>
    <DELAY>1</DELAY>
  </CatchmentParameters>
  <VegetationZone>
    <VegetationZoneParameters>
      <TT>-1.1287419831473449</TT>
      <CFMAX>1.6642281836339463</CFMAX>
      <SP>0</SP>
      <SFCF>0.8318453378119931</SFCF>
      <CFR>0.09999716770728595</CFR>
      <CWH>0.19999962155213286</CWH>
      <CFGlacier>1</CFGlacier>
      <CFSlope>1</CFSlope>
      <FC>2499.9998170629365</FC>
      <LP>0.66611721469718077</LP>
      <BETA>2.3108570012238658</BETA>
    </VegetationZoneParameters>
  </VegetationZone>
  <SubCatchment>
    <SubCatchmentParameters>
      <KSI>0.001</KSI>
      <KGmin>0.05</KGmin>
      <RangeKG>0.1</RangeKG>
      <AG>0.1</AG>
      <PERC>0.5481407298897063</PERC>
      <Alpha>0.21730095962347376</Alpha>
      <UZL>11.056505373861562</UZL>
      <K0>0.98924611180290445</K0>
      <K1>0.010305267363167283</K1>
      <K2>0.030081331670467049</K2>
      <MAXBAS>1</MAXBAS>
      <Cet>0</Cet>
      <PCALT>16.364311365691805</PCALT>
      <TCALT>0.51527788744858061</TCALT>
      <Pelev>2537</Pelev>
      <Telev>2486</Telev>
      <PART>0.5</PART>
      <DELAY>1</DELAY>
    </SubCatchmentParameters>
    <SubCatchmentVegetationZone>
      <SubCatchmentVegetationZoneParameters>
        <TT>-1.1287419831473449</TT>
        <CFMAX>1.6642281836339463</CFMAX>
        <SP>0</SP>
        <SFCF>0.8318453378119931</SFCF>
        <CFR>0.09999716770728595</CFR>
        <CWH>0.19999962155213286</CWH>
        <CFGlacier>1</CFGlacier>
        <CFSlope>1</CFSlope>
        <FC>2499.9998170629365</FC>
        <LP>0.66611721469718077</LP>
        <BETA>2.3108570012238658</BETA>
      </SubCatchmentVegetationZoneParameters>
    </SubCatchmentVegetationZone>
  </SubCatchment>
</Catchment>