<?xml version="1.0" encoding="utf-8"?>
<Catchment xmlns:xsi="http://www.w3.org/2001/XMLSchema-instance" xmlns:xsd="http://www.w3.org/2001/XMLSchema">
  <CatchmentParameters>
    <KSI>0.001</KSI>
    <KGmin>0.05</KGmin>
    <RangeKG>0.1</RangeKG>
    <AG>0.1</AG>
    <PERC>0.49604728229060491</PERC>
    <Alpha>0.21730095962347376</Alpha>
    <UZL>53.525916005645904</UZL>
    <K0>0.13655439514469128</K0>
    <K1>0.0178918640896521</K1>
    <K2>0.028120803712118253</K2>
    <MAXBAS>1</MAXBAS>
    <Cet>0</Cet>
    <PCALT>13.138301278763235</PCALT>
    <TCALT>0.6999655129106519</TCALT>
    <Pelev>2537</Pelev>
    <Telev>2486</Telev>
    <PART>0.5</PART>
    <DELAY>1</DELAY>
  </CatchmentParameters>
  <VegetationZone>
    <VegetationZoneParameters>
      <TT>-1.084717234529301</TT>
      <CFMAX>2.6929635730350268</CFMAX>
      <SP>0</SP>
      <SFCF>1.013458986302926</SFCF>
      <CFR>0.099998928676345675</CFR>
      <CWH>0.1999983533059678</CWH>
      <CFGlacier>1</CFGlacier>
      <CFSlope>1</CFSlope>
      <FC>2116.81426461941</FC>
      <LP>0.55359520251611727</LP>
      <BETA>1.872939796498998</BETA>
    </VegetationZoneParameters>
  </VegetationZone>
  <SubCatchment>
    <SubCatchmentParameters>
      <KSI>0.001</KSI>
      <KGmin>0.05</KGmin>
      <RangeKG>0.1</RangeKG>
      <AG>0.1</AG>
      <PERC>0.49604728229060491</PERC>
      <Alpha>0.21730095962347376</Alpha>
      <UZL>53.525916005645904</UZL>
      <K0>0.13655439514469128</K0>
      <K1>0.0178918640896521</K1>
      <K2>0.028120803712118253</K2>
      <MAXBAS>1</MAXBAS>
      <Cet>0</Cet>
      <PCALT>13.138301278763235</PCALT>
      <TCALT>0.6999655129106519</TCALT>
      <Pelev>2537</Pelev>
      <Telev>2486</Telev>
      <PART>0.5</PART>
      <DELAY>1</DELAY>
    </SubCatchmentParameters>
    <SubCatchmentVegetationZone>
      <SubCatchmentVegetationZoneParameters>
        <TT>-1.084717234529301</TT>
        <CFMAX>2.6929635730350268</CFMAX>
        <SP>0</SP>
        <SFCF>1.013458986302926</SFCF>
        <CFR>0.099998928676345675</CFR>
        <CWH>0.1999983533059678</CWH>
        <CFGlacier>1</CFGlacier>
        <CFSlope>1</CFSlope>
        <FC>2116.81426461941</FC>
        <LP>0.55359520251611727</LP>
        <BETA>1.872939796498998</BETA>
      </SubCatchmentVegetationZoneParameters>
    </SubCatchmentVegetationZone>
  </SubCatchment>
</Catchment>