<?xml version="1.0" encoding="utf-8"?>
<Catchment xmlns:xsi="http://www.w3.org/2001/XMLSchema-instance" xmlns:xsd="http://www.w3.org/2001/XMLSchema">
  <CatchmentParameters>
    <KSI>0.001</KSI>
    <KGmin>0.05</KGmin>
    <RangeKG>0.1</RangeKG>
    <AG>0.1</AG>
    <PERC>2.1609188245989484</PERC>
    <Alpha>0.21730095962347376</Alpha>
    <UZL>97.04314509886305</UZL>
    <K0>0.20306222467850704</K0>
    <K1>0.010000092281894829</K1>
    <K2>0.025068923748097854</K2>
    <MAXBAS>1</MAXBAS>
    <Cet>0</Cet>
    <PCALT>14.676626195716104</PCALT>
    <TCALT>0.63733740615416412</TCALT>
    <Pelev>2537</Pelev>
    <Telev>2486</Telev>
    <PART>0.5</PART>
    <DELAY>1</DELAY>
  </CatchmentParameters>
  <VegetationZone>
    <VegetationZoneParameters>
      <TT>0.25285698393424905</TT>
      <CFMAX>3.4426858802181455</CFMAX>
      <SP>0</SP>
      <SFCF>0.96337543060396491</SFCF>
      <CFR>0.0582602922665477</CFR>
      <CWH>0.1999999967599489</CWH>
      <CFGlacier>1</CFGlacier>
      <CFSlope>1</CFSlope>
      <FC>2459.1162164790508</FC>
      <LP>0.59633307547413039</LP>
      <BETA>2.1579601042859546</BETA>
    </VegetationZoneParameters>
  </VegetationZone>
  <SubCatchment>
    <SubCatchmentParameters>
      <KSI>0.001</KSI>
      <KGmin>0.05</KGmin>
      <RangeKG>0.1</RangeKG>
      <AG>0.1</AG>
      <PERC>2.1609188245989484</PERC>
      <Alpha>0.21730095962347376</Alpha>
      <UZL>97.04314509886305</UZL>
      <K0>0.20306222467850704</K0>
      <K1>0.010000092281894829</K1>
      <K2>0.025068923748097854</K2>
      <MAXBAS>1</MAXBAS>
      <Cet>0</Cet>
      <PCALT>14.676626195716104</PCALT>
      <TCALT>0.63733740615416412</TCALT>
      <Pelev>2537</Pelev>
      <Telev>2486</Telev>
      <PART>0.5</PART>
      <DELAY>1</DELAY>
    </SubCatchmentParameters>
    <SubCatchmentVegetationZone>
      <SubCatchmentVegetationZoneParameters>
        <TT>0.25285698393424905</TT>
        <CFMAX>3.4426858802181455</CFMAX>
        <SP>0</SP>
        <SFCF>0.96337543060396491</SFCF>
        <CFR>0.0582602922665477</CFR>
        <CWH>0.1999999967599489</CWH>
        <CFGlacier>1</CFGlacier>
        <CFSlope>1</CFSlope>
        <FC>2459.1162164790508</FC>
        <LP>0.59633307547413039</LP>
        <BETA>2.1579601042859546</BETA>
      </SubCatchmentVegetationZoneParameters>
    </SubCatchmentVegetationZone>
  </SubCatchment>
</Catchment>