<?xml version="1.0" encoding="utf-8"?>
<Catchment xmlns:xsi="http://www.w3.org/2001/XMLSchema-instance" xmlns:xsd="http://www.w3.org/2001/XMLSchema">
  <CatchmentParameters>
    <KSI>0.001</KSI>
    <KGmin>0.05</KGmin>
    <RangeKG>0.1</RangeKG>
    <AG>0.1</AG>
    <PERC>2.1067070919849313</PERC>
    <Alpha>0.21730095962347376</Alpha>
    <UZL>126.83484158712527</UZL>
    <K0>0.50808304179676678</K0>
    <K1>0.013339484875160703</K1>
    <K2>0.026338456382380138</K2>
    <MAXBAS>1</MAXBAS>
    <Cet>0</Cet>
    <PCALT>18.192227930301105</PCALT>
    <TCALT>0.44814928611510652</TCALT>
    <Pelev>2537</Pelev>
    <Telev>2486</Telev>
    <PART>0.5</PART>
    <DELAY>1</DELAY>
  </CatchmentParameters>
  <VegetationZone>
    <VegetationZoneParameters>
      <TT>-1.162746583975361</TT>
      <CFMAX>2.4607779459248937</CFMAX>
      <SP>0</SP>
      <SFCF>0.73523007519458372</SFCF>
      <CFR>0.099997339747084982</CFR>
      <CWH>0.19999831123443038</CWH>
      <CFGlacier>1</CFGlacier>
      <CFSlope>1</CFSlope>
      <FC>1777.842613075321</FC>
      <LP>0.46611255525894751</LP>
      <BETA>1.3208320714040194</BETA>
    </VegetationZoneParameters>
  </VegetationZone>
  <SubCatchment>
    <SubCatchmentParameters>
      <KSI>0.001</KSI>
      <KGmin>0.05</KGmin>
      <RangeKG>0.1</RangeKG>
      <AG>0.1</AG>
      <PERC>2.1067070919849313</PERC>
      <Alpha>0.21730095962347376</Alpha>
      <UZL>126.83484158712527</UZL>
      <K0>0.50808304179676678</K0>
      <K1>0.013339484875160703</K1>
      <K2>0.026338456382380138</K2>
      <MAXBAS>1</MAXBAS>
      <Cet>0</Cet>
      <PCALT>18.192227930301105</PCALT>
      <TCALT>0.44814928611510652</TCALT>
      <Pelev>2537</Pelev>
      <Telev>2486</Telev>
      <PART>0.5</PART>
      <DELAY>1</DELAY>
    </SubCatchmentParameters>
    <SubCatchmentVegetationZone>
      <SubCatchmentVegetationZoneParameters>
        <TT>-1.162746583975361</TT>
        <CFMAX>2.4607779459248937</CFMAX>
        <SP>0</SP>
        <SFCF>0.73523007519458372</SFCF>
        <CFR>0.099997339747084982</CFR>
        <CWH>0.19999831123443038</CWH>
        <CFGlacier>1</CFGlacier>
        <CFSlope>1</CFSlope>
        <FC>1777.842613075321</FC>
        <LP>0.46611255525894751</LP>
        <BETA>1.3208320714040194</BETA>
      </SubCatchmentVegetationZoneParameters>
    </SubCatchmentVegetationZone>
  </SubCatchment>
</Catchment>