<?xml version="1.0" encoding="utf-8"?>
<Catchment xmlns:xsi="http://www.w3.org/2001/XMLSchema-instance" xmlns:xsd="http://www.w3.org/2001/XMLSchema">
  <CatchmentParameters>
    <KSI>0.001</KSI>
    <KGmin>0.05</KGmin>
    <RangeKG>0.1</RangeKG>
    <AG>0.1</AG>
    <PERC>3.1059805112862584</PERC>
    <Alpha>0.21730095962347376</Alpha>
    <UZL>83.132215959707963</UZL>
    <K0>0.071444927627112048</K0>
    <K1>0.01000077833553248</K1>
    <K2>0.023537289166945329</K2>
    <MAXBAS>1</MAXBAS>
    <Cet>0</Cet>
    <PCALT>19.99997134542236</PCALT>
    <TCALT>0.585697562310164</TCALT>
    <Pelev>2537</Pelev>
    <Telev>2486</Telev>
    <PART>0.5</PART>
    <DELAY>1</DELAY>
  </CatchmentParameters>
  <VegetationZone>
    <VegetationZoneParameters>
      <TT>-1.9955279354655628</TT>
      <CFMAX>1.2549069888844902</CFMAX>
      <SP>0</SP>
      <SFCF>1.1084787606456688</SFCF>
      <CFR>0.099999710198679523</CFR>
      <CWH>0.19997899860176244</CWH>
      <CFGlacier>1</CFGlacier>
      <CFSlope>1</CFSlope>
      <FC>2194.4120311473916</FC>
      <LP>0.35886348273858659</LP>
      <BETA>1.2517994367032623</BETA>
    </VegetationZoneParameters>
  </VegetationZone>
  <SubCatchment>
    <SubCatchmentParameters>
      <KSI>0.001</KSI>
      <KGmin>0.05</KGmin>
      <RangeKG>0.1</RangeKG>
      <AG>0.1</AG>
      <PERC>3.1059805112862584</PERC>
      <Alpha>0.21730095962347376</Alpha>
      <UZL>83.132215959707963</UZL>
      <K0>0.071444927627112048</K0>
      <K1>0.01000077833553248</K1>
      <K2>0.023537289166945329</K2>
      <MAXBAS>1</MAXBAS>
      <Cet>0</Cet>
      <PCALT>19.99997134542236</PCALT>
      <TCALT>0.585697562310164</TCALT>
      <Pelev>2537</Pelev>
      <Telev>2486</Telev>
      <PART>0.5</PART>
      <DELAY>1</DELAY>
    </SubCatchmentParameters>
    <SubCatchmentVegetationZone>
      <SubCatchmentVegetationZoneParameters>
        <TT>-1.9955279354655628</TT>
        <CFMAX>1.2549069888844902</CFMAX>
        <SP>0</SP>
        <SFCF>1.1084787606456688</SFCF>
        <CFR>0.099999710198679523</CFR>
        <CWH>0.19997899860176244</CWH>
        <CFGlacier>1</CFGlacier>
        <CFSlope>1</CFSlope>
        <FC>2194.4120311473916</FC>
        <LP>0.35886348273858659</LP>
        <BETA>1.2517994367032623</BETA>
      </SubCatchmentVegetationZoneParameters>
    </SubCatchmentVegetationZone>
  </SubCatchment>
</Catchment>