<?xml version="1.0" encoding="utf-8"?>
<Catchment xmlns:xsi="http://www.w3.org/2001/XMLSchema-instance" xmlns:xsd="http://www.w3.org/2001/XMLSchema">
  <CatchmentParameters>
    <KSI>0.001</KSI>
    <KGmin>0.05</KGmin>
    <RangeKG>0.1</RangeKG>
    <AG>0.1</AG>
    <PERC>2.4894830288530989</PERC>
    <Alpha>0.21730095962347376</Alpha>
    <UZL>83.239542560903359</UZL>
    <K0>0.53829238941053836</K0>
    <K1>0.01000015095228284</K1>
    <K2>0.024240886354876652</K2>
    <MAXBAS>1</MAXBAS>
    <Cet>0</Cet>
    <PCALT>19.999832744451282</PCALT>
    <TCALT>0.18334531168389442</TCALT>
    <Pelev>2537</Pelev>
    <Telev>2486</Telev>
    <PART>0.5</PART>
    <DELAY>1</DELAY>
  </CatchmentParameters>
  <VegetationZone>
    <VegetationZoneParameters>
      <TT>0.3909872829213632</TT>
      <CFMAX>3.8306619424536641</CFMAX>
      <SP>0</SP>
      <SFCF>1.0521474187721021</SFCF>
      <CFR>0.063718638996373367</CFR>
      <CWH>0.19999773028738074</CWH>
      <CFGlacier>1</CFGlacier>
      <CFSlope>1</CFSlope>
      <FC>2484.9200111948467</FC>
      <LP>0.59898671111258484</LP>
      <BETA>2.1774806338475434</BETA>
    </VegetationZoneParameters>
  </VegetationZone>
  <SubCatchment>
    <SubCatchmentParameters>
      <KSI>0.001</KSI>
      <KGmin>0.05</KGmin>
      <RangeKG>0.1</RangeKG>
      <AG>0.1</AG>
      <PERC>2.4894830288530989</PERC>
      <Alpha>0.21730095962347376</Alpha>
      <UZL>83.239542560903359</UZL>
      <K0>0.53829238941053836</K0>
      <K1>0.01000015095228284</K1>
      <K2>0.024240886354876652</K2>
      <MAXBAS>1</MAXBAS>
      <Cet>0</Cet>
      <PCALT>19.999832744451282</PCALT>
      <TCALT>0.18334531168389442</TCALT>
      <Pelev>2537</Pelev>
      <Telev>2486</Telev>
      <PART>0.5</PART>
      <DELAY>1</DELAY>
    </SubCatchmentParameters>
    <SubCatchmentVegetationZone>
      <SubCatchmentVegetationZoneParameters>
        <TT>0.3909872829213632</TT>
        <CFMAX>3.8306619424536641</CFMAX>
        <SP>0</SP>
        <SFCF>1.0521474187721021</SFCF>
        <CFR>0.063718638996373367</CFR>
        <CWH>0.19999773028738074</CWH>
        <CFGlacier>1</CFGlacier>
        <CFSlope>1</CFSlope>
        <FC>2484.9200111948467</FC>
        <LP>0.59898671111258484</LP>
        <BETA>2.1774806338475434</BETA>
      </SubCatchmentVegetationZoneParameters>
    </SubCatchmentVegetationZone>
  </SubCatchment>
</Catchment>