<?xml version="1.0" encoding="utf-8"?>
<Catchment xmlns:xsi="http://www.w3.org/2001/XMLSchema-instance" xmlns:xsd="http://www.w3.org/2001/XMLSchema">
  <CatchmentParameters>
    <KSI>0.001</KSI>
    <KGmin>0.05</KGmin>
    <RangeKG>0.1</RangeKG>
    <AG>0.1</AG>
    <PERC>2.2950885743743497</PERC>
    <Alpha>0.21730095962347376</Alpha>
    <UZL>140.68412297322493</UZL>
    <K0>0.12008877967808709</K0>
    <K1>0.010000281811686737</K1>
    <K2>0.025841013245093632</K2>
    <MAXBAS>1</MAXBAS>
    <Cet>0</Cet>
    <PCALT>11.692281947276037</PCALT>
    <TCALT>8.1814346095766378E-06</TCALT>
    <Pelev>2537</Pelev>
    <Telev>2486</Telev>
    <PART>0.5</PART>
    <DELAY>1</DELAY>
  </CatchmentParameters>
  <VegetationZone>
    <VegetationZoneParameters>
      <TT>-1.3364193564472089</TT>
      <CFMAX>0.98657551349529327</CFMAX>
      <SP>0</SP>
      <SFCF>0.84756818477003071</SFCF>
      <CFR>0.0999968781400125</CFR>
      <CWH>0.140892829488177</CWH>
      <CFGlacier>1</CFGlacier>
      <CFSlope>1</CFSlope>
      <FC>2373.0381244648306</FC>
      <LP>0.60044717781440993</LP>
      <BETA>2.0809729690631213</BETA>
    </VegetationZoneParameters>
  </VegetationZone>
  <SubCatchment>
    <SubCatchmentParameters>
      <KSI>0.001</KSI>
      <KGmin>0.05</KGmin>
      <RangeKG>0.1</RangeKG>
      <AG>0.1</AG>
      <PERC>2.2950885743743497</PERC>
      <Alpha>0.21730095962347376</Alpha>
      <UZL>140.68412297322493</UZL>
      <K0>0.12008877967808709</K0>
      <K1>0.010000281811686737</K1>
      <K2>0.025841013245093632</K2>
      <MAXBAS>1</MAXBAS>
      <Cet>0</Cet>
      <PCALT>11.692281947276037</PCALT>
      <TCALT>8.1814346095766378E-06</TCALT>
      <Pelev>2537</Pelev>
      <Telev>2486</Telev>
      <PART>0.5</PART>
      <DELAY>1</DELAY>
    </SubCatchmentParameters>
    <SubCatchmentVegetationZone>
      <SubCatchmentVegetationZoneParameters>
        <TT>-1.3364193564472089</TT>
        <CFMAX>0.98657551349529327</CFMAX>
        <SP>0</SP>
        <SFCF>0.84756818477003071</SFCF>
        <CFR>0.0999968781400125</CFR>
        <CWH>0.140892829488177</CWH>
        <CFGlacier>1</CFGlacier>
        <CFSlope>1</CFSlope>
        <FC>2373.0381244648306</FC>
        <LP>0.60044717781440993</LP>
        <BETA>2.0809729690631213</BETA>
      </SubCatchmentVegetationZoneParameters>
    </SubCatchmentVegetationZone>
  </SubCatchment>
</Catchment>