<?xml version="1.0" encoding="utf-8"?>
<Catchment xmlns:xsi="http://www.w3.org/2001/XMLSchema-instance" xmlns:xsd="http://www.w3.org/2001/XMLSchema">
  <CatchmentParameters>
    <KSI>0.001</KSI>
    <KGmin>0.05</KGmin>
    <RangeKG>0.1</RangeKG>
    <AG>0.1</AG>
    <PERC>2.9094533532010596</PERC>
    <Alpha>0.21730095962347376</Alpha>
    <UZL>164.42596584329425</UZL>
    <K0>0.15422966444851238</K0>
    <K1>0.010001869316770206</K1>
    <K2>0.022159586607982396</K2>
    <MAXBAS>1</MAXBAS>
    <Cet>0</Cet>
    <PCALT>19.102326427963217</PCALT>
    <TCALT>0.36694373670819908</TCALT>
    <Pelev>2537</Pelev>
    <Telev>2486</Telev>
    <PART>0.5</PART>
    <DELAY>1</DELAY>
  </CatchmentParameters>
  <VegetationZone>
    <VegetationZoneParameters>
      <TT>-2.451372934672539</TT>
      <CFMAX>0.60019789407941926</CFMAX>
      <SP>0</SP>
      <SFCF>1.3641441474636453</SFCF>
      <CFR>0.099999250635106826</CFR>
      <CWH>0.12099696816737446</CWH>
      <CFGlacier>1</CFGlacier>
      <CFSlope>1</CFSlope>
      <FC>2370.5323181456492</FC>
      <LP>0.59648788661676355</LP>
      <BETA>2.3411908562950683</BETA>
    </VegetationZoneParameters>
  </VegetationZone>
  <SubCatchment>
    <SubCatchmentParameters>
      <KSI>0.001</KSI>
      <KGmin>0.05</KGmin>
      <RangeKG>0.1</RangeKG>
      <AG>0.1</AG>
      <PERC>2.9094533532010596</PERC>
      <Alpha>0.21730095962347376</Alpha>
      <UZL>164.42596584329425</UZL>
      <K0>0.15422966444851238</K0>
      <K1>0.010001869316770206</K1>
      <K2>0.022159586607982396</K2>
      <MAXBAS>1</MAXBAS>
      <Cet>0</Cet>
      <PCALT>19.102326427963217</PCALT>
      <TCALT>0.36694373670819908</TCALT>
      <Pelev>2537</Pelev>
      <Telev>2486</Telev>
      <PART>0.5</PART>
      <DELAY>1</DELAY>
    </SubCatchmentParameters>
    <SubCatchmentVegetationZone>
      <SubCatchmentVegetationZoneParameters>
        <TT>-2.451372934672539</TT>
        <CFMAX>0.60019789407941926</CFMAX>
        <SP>0</SP>
        <SFCF>1.3641441474636453</SFCF>
        <CFR>0.099999250635106826</CFR>
        <CWH>0.12099696816737446</CWH>
        <CFGlacier>1</CFGlacier>
        <CFSlope>1</CFSlope>
        <FC>2370.5323181456492</FC>
        <LP>0.59648788661676355</LP>
        <BETA>2.3411908562950683</BETA>
      </SubCatchmentVegetationZoneParameters>
    </SubCatchmentVegetationZone>
  </SubCatchment>
</Catchment>