<?xml version="1.0" encoding="utf-8"?>
<Catchment xmlns:xsi="http://www.w3.org/2001/XMLSchema-instance" xmlns:xsd="http://www.w3.org/2001/XMLSchema">
  <CatchmentParameters>
    <KSI>0.001</KSI>
    <KGmin>0.05</KGmin>
    <RangeKG>0.1</RangeKG>
    <AG>0.1</AG>
    <PERC>2.0745053058859835</PERC>
    <Alpha>0.21730095962347376</Alpha>
    <UZL>133.6642469203359</UZL>
    <K0>0.51569812599937837</K0>
    <K1>0.012094498574132803</K1>
    <K2>0.025566718452762358</K2>
    <MAXBAS>1</MAXBAS>
    <Cet>0</Cet>
    <PCALT>19.6937684325086</PCALT>
    <TCALT>0.23102847089848405</TCALT>
    <Pelev>2537</Pelev>
    <Telev>2486</Telev>
    <PART>0.5</PART>
    <DELAY>1</DELAY>
  </CatchmentParameters>
  <VegetationZone>
    <VegetationZoneParameters>
      <TT>-1.3343630784896916</TT>
      <CFMAX>1.6920313935405151</CFMAX>
      <SP>0</SP>
      <SFCF>0.88226878746548121</SFCF>
      <CFR>0.069317629566139835</CFR>
      <CWH>0.19999817013153703</CWH>
      <CFGlacier>1</CFGlacier>
      <CFSlope>1</CFSlope>
      <FC>2467.6544775640637</FC>
      <LP>0.31899232752175732</LP>
      <BETA>1.0923785461974809</BETA>
    </VegetationZoneParameters>
  </VegetationZone>
  <SubCatchment>
    <SubCatchmentParameters>
      <KSI>0.001</KSI>
      <KGmin>0.05</KGmin>
      <RangeKG>0.1</RangeKG>
      <AG>0.1</AG>
      <PERC>2.0745053058859835</PERC>
      <Alpha>0.21730095962347376</Alpha>
      <UZL>133.6642469203359</UZL>
      <K0>0.51569812599937837</K0>
      <K1>0.012094498574132803</K1>
      <K2>0.025566718452762358</K2>
      <MAXBAS>1</MAXBAS>
      <Cet>0</Cet>
      <PCALT>19.6937684325086</PCALT>
      <TCALT>0.23102847089848405</TCALT>
      <Pelev>2537</Pelev>
      <Telev>2486</Telev>
      <PART>0.5</PART>
      <DELAY>1</DELAY>
    </SubCatchmentParameters>
    <SubCatchmentVegetationZone>
      <SubCatchmentVegetationZoneParameters>
        <TT>-1.3343630784896916</TT>
        <CFMAX>1.6920313935405151</CFMAX>
        <SP>0</SP>
        <SFCF>0.88226878746548121</SFCF>
        <CFR>0.069317629566139835</CFR>
        <CWH>0.19999817013153703</CWH>
        <CFGlacier>1</CFGlacier>
        <CFSlope>1</CFSlope>
        <FC>2467.6544775640637</FC>
        <LP>0.31899232752175732</LP>
        <BETA>1.0923785461974809</BETA>
      </SubCatchmentVegetationZoneParameters>
    </SubCatchmentVegetationZone>
  </SubCatchment>
</Catchment>