<?xml version="1.0" encoding="utf-8"?>
<Catchment xmlns:xsi="http://www.w3.org/2001/XMLSchema-instance" xmlns:xsd="http://www.w3.org/2001/XMLSchema">
  <CatchmentParameters>
    <KSI>0.001</KSI>
    <KGmin>0.05</KGmin>
    <RangeKG>0.1</RangeKG>
    <AG>0.1</AG>
    <PERC>2.9844004253142917</PERC>
    <Alpha>0.21730095962347376</Alpha>
    <UZL>94.293253079224641</UZL>
    <K0>0.297802840564749</K0>
    <K1>0.010000043357348954</K1>
    <K2>0.025994877138049117</K2>
    <MAXBAS>1</MAXBAS>
    <Cet>0</Cet>
    <PCALT>10.200604899688122</PCALT>
    <TCALT>0.21326074880673651</TCALT>
    <Pelev>2537</Pelev>
    <Telev>2486</Telev>
    <PART>0.5</PART>
    <DELAY>1</DELAY>
  </CatchmentParameters>
  <VegetationZone>
    <VegetationZoneParameters>
      <TT>-1.3725903491536198</TT>
      <CFMAX>1.2013784902646494</CFMAX>
      <SP>0</SP>
      <SFCF>0.82003869378778438</SFCF>
      <CFR>0.099991860831046109</CFR>
      <CWH>0.19999745326877461</CWH>
      <CFGlacier>1</CFGlacier>
      <CFSlope>1</CFSlope>
      <FC>2373.2420904293281</FC>
      <LP>0.41744275294974226</LP>
      <BETA>1.3864147585880526</BETA>
    </VegetationZoneParameters>
  </VegetationZone>
  <SubCatchment>
    <SubCatchmentParameters>
      <KSI>0.001</KSI>
      <KGmin>0.05</KGmin>
      <RangeKG>0.1</RangeKG>
      <AG>0.1</AG>
      <PERC>2.9844004253142917</PERC>
      <Alpha>0.21730095962347376</Alpha>
      <UZL>94.293253079224641</UZL>
      <K0>0.297802840564749</K0>
      <K1>0.010000043357348954</K1>
      <K2>0.025994877138049117</K2>
      <MAXBAS>1</MAXBAS>
      <Cet>0</Cet>
      <PCALT>10.200604899688122</PCALT>
      <TCALT>0.21326074880673651</TCALT>
      <Pelev>2537</Pelev>
      <Telev>2486</Telev>
      <PART>0.5</PART>
      <DELAY>1</DELAY>
    </SubCatchmentParameters>
    <SubCatchmentVegetationZone>
      <SubCatchmentVegetationZoneParameters>
        <TT>-1.3725903491536198</TT>
        <CFMAX>1.2013784902646494</CFMAX>
        <SP>0</SP>
        <SFCF>0.82003869378778438</SFCF>
        <CFR>0.099991860831046109</CFR>
        <CWH>0.19999745326877461</CWH>
        <CFGlacier>1</CFGlacier>
        <CFSlope>1</CFSlope>
        <FC>2373.2420904293281</FC>
        <LP>0.41744275294974226</LP>
        <BETA>1.3864147585880526</BETA>
      </SubCatchmentVegetationZoneParameters>
    </SubCatchmentVegetationZone>
  </SubCatchment>
</Catchment>