<?xml version="1.0" encoding="utf-8"?>
<Catchment xmlns:xsi="http://www.w3.org/2001/XMLSchema-instance" xmlns:xsd="http://www.w3.org/2001/XMLSchema">
  <CatchmentParameters>
    <KSI>0.001</KSI>
    <KGmin>0.05</KGmin>
    <RangeKG>0.1</RangeKG>
    <AG>0.1</AG>
    <PERC>2.9774299255647976</PERC>
    <Alpha>0.21730095962347376</Alpha>
    <UZL>166.20027604650792</UZL>
    <K0>0.22348397322487043</K0>
    <K1>0.010000074670025779</K1>
    <K2>0.023699989789632558</K2>
    <MAXBAS>1</MAXBAS>
    <Cet>0</Cet>
    <PCALT>17.054748941203275</PCALT>
    <TCALT>0.028351802193369809</TCALT>
    <Pelev>2537</Pelev>
    <Telev>2486</Telev>
    <PART>0.5</PART>
    <DELAY>1</DELAY>
  </CatchmentParameters>
  <VegetationZone>
    <VegetationZoneParameters>
      <TT>-2.0323540873010986</TT>
      <CFMAX>0.65910937682210824</CFMAX>
      <SP>0</SP>
      <SFCF>1.1239736416782387</SFCF>
      <CFR>0.0999957393083325</CFR>
      <CWH>0.10704641789106673</CWH>
      <CFGlacier>1</CFGlacier>
      <CFSlope>1</CFSlope>
      <FC>2499.9996079156604</FC>
      <LP>0.5194627540376956</LP>
      <BETA>1.8877159776582602</BETA>
    </VegetationZoneParameters>
  </VegetationZone>
  <SubCatchment>
    <SubCatchmentParameters>
      <KSI>0.001</KSI>
      <KGmin>0.05</KGmin>
      <RangeKG>0.1</RangeKG>
      <AG>0.1</AG>
      <PERC>2.9774299255647976</PERC>
      <Alpha>0.21730095962347376</Alpha>
      <UZL>166.20027604650792</UZL>
      <K0>0.22348397322487043</K0>
      <K1>0.010000074670025779</K1>
      <K2>0.023699989789632558</K2>
      <MAXBAS>1</MAXBAS>
      <Cet>0</Cet>
      <PCALT>17.054748941203275</PCALT>
      <TCALT>0.028351802193369809</TCALT>
      <Pelev>2537</Pelev>
      <Telev>2486</Telev>
      <PART>0.5</PART>
      <DELAY>1</DELAY>
    </SubCatchmentParameters>
    <SubCatchmentVegetationZone>
      <SubCatchmentVegetationZoneParameters>
        <TT>-2.0323540873010986</TT>
        <CFMAX>0.65910937682210824</CFMAX>
        <SP>0</SP>
        <SFCF>1.1239736416782387</SFCF>
        <CFR>0.0999957393083325</CFR>
        <CWH>0.10704641789106673</CWH>
        <CFGlacier>1</CFGlacier>
        <CFSlope>1</CFSlope>
        <FC>2499.9996079156604</FC>
        <LP>0.5194627540376956</LP>
        <BETA>1.8877159776582602</BETA>
      </SubCatchmentVegetationZoneParameters>
    </SubCatchmentVegetationZone>
  </SubCatchment>
</Catchment>