<?xml version="1.0" encoding="utf-8"?>
<Catchment xmlns:xsi="http://www.w3.org/2001/XMLSchema-instance" xmlns:xsd="http://www.w3.org/2001/XMLSchema">
  <CatchmentParameters>
    <KSI>0.001</KSI>
    <KGmin>0.05</KGmin>
    <RangeKG>0.1</RangeKG>
    <AG>0.1</AG>
    <PERC>5.8556950608236038</PERC>
    <Alpha>0.21730095962347376</Alpha>
    <UZL>87.496566744383472</UZL>
    <K0>0.20199002939219224</K0>
    <K1>0.79998496747737491</K1>
    <K2>0.023246039196207439</K2>
    <MAXBAS>1</MAXBAS>
    <Cet>0</Cet>
    <PCALT>17.12831134812842</PCALT>
    <TCALT>0.656343340322639</TCALT>
    <Pelev>2537</Pelev>
    <Telev>2486</Telev>
    <PART>0.5</PART>
    <DELAY>1</DELAY>
  </CatchmentParameters>
  <VegetationZone>
    <VegetationZoneParameters>
      <TT>-1.7919023099516158</TT>
      <CFMAX>2.9894297934838874</CFMAX>
      <SP>0</SP>
      <SFCF>1.102495638731819</SFCF>
      <CFR>0.099999363648307235</CFR>
      <CWH>0.19999966339164</CWH>
      <CFGlacier>1</CFGlacier>
      <CFSlope>1</CFSlope>
      <FC>2237.1114974790667</FC>
      <LP>0.4208499351504516</LP>
      <BETA>1.4355038071330264</BETA>
    </VegetationZoneParameters>
  </VegetationZone>
  <SubCatchment>
    <SubCatchmentParameters>
      <KSI>0.001</KSI>
      <KGmin>0.05</KGmin>
      <RangeKG>0.1</RangeKG>
      <AG>0.1</AG>
      <PERC>5.8556950608236038</PERC>
      <Alpha>0.21730095962347376</Alpha>
      <UZL>87.496566744383472</UZL>
      <K0>0.20199002939219224</K0>
      <K1>0.79998496747737491</K1>
      <K2>0.023246039196207439</K2>
      <MAXBAS>1</MAXBAS>
      <Cet>0</Cet>
      <PCALT>17.12831134812842</PCALT>
      <TCALT>0.656343340322639</TCALT>
      <Pelev>2537</Pelev>
      <Telev>2486</Telev>
      <PART>0.5</PART>
      <DELAY>1</DELAY>
    </SubCatchmentParameters>
    <SubCatchmentVegetationZone>
      <SubCatchmentVegetationZoneParameters>
        <TT>-1.7919023099516158</TT>
        <CFMAX>2.9894297934838874</CFMAX>
        <SP>0</SP>
        <SFCF>1.102495638731819</SFCF>
        <CFR>0.099999363648307235</CFR>
        <CWH>0.19999966339164</CWH>
        <CFGlacier>1</CFGlacier>
        <CFSlope>1</CFSlope>
        <FC>2237.1114974790667</FC>
        <LP>0.4208499351504516</LP>
        <BETA>1.4355038071330264</BETA>
      </SubCatchmentVegetationZoneParameters>
    </SubCatchmentVegetationZone>
  </SubCatchment>
</Catchment>