<?xml version="1.0" encoding="utf-8"?>
<Catchment xmlns:xsi="http://www.w3.org/2001/XMLSchema-instance" xmlns:xsd="http://www.w3.org/2001/XMLSchema">
  <CatchmentParameters>
    <KSI>0.001</KSI>
    <KGmin>0.05</KGmin>
    <RangeKG>0.1</RangeKG>
    <AG>0.1</AG>
    <PERC>2.8074810343219911</PERC>
    <Alpha>0.21730095962347376</Alpha>
    <UZL>143.24737215058858</UZL>
    <K0>0.12180449407491416</K0>
    <K1>0.010000093392361497</K1>
    <K2>0.024420654221939269</K2>
    <MAXBAS>1</MAXBAS>
    <Cet>0</Cet>
    <PCALT>19.999368905479315</PCALT>
    <TCALT>0.26108143958681257</TCALT>
    <Pelev>2537</Pelev>
    <Telev>2486</Telev>
    <PART>0.5</PART>
    <DELAY>1</DELAY>
  </CatchmentParameters>
  <VegetationZone>
    <VegetationZoneParameters>
      <TT>0.14733809005519485</TT>
      <CFMAX>3.5253152843970188</CFMAX>
      <SP>0</SP>
      <SFCF>1.0293480085857842</SFCF>
      <CFR>0.055663347006457031</CFR>
      <CWH>0.19994874820200745</CWH>
      <CFGlacier>1</CFGlacier>
      <CFSlope>1</CFSlope>
      <FC>2216.5749476895494</FC>
      <LP>0.4419573398150799</LP>
      <BETA>1.4946461041721784</BETA>
    </VegetationZoneParameters>
  </VegetationZone>
  <SubCatchment>
    <SubCatchmentParameters>
      <KSI>0.001</KSI>
      <KGmin>0.05</KGmin>
      <RangeKG>0.1</RangeKG>
      <AG>0.1</AG>
      <PERC>2.8074810343219911</PERC>
      <Alpha>0.21730095962347376</Alpha>
      <UZL>143.24737215058858</UZL>
      <K0>0.12180449407491416</K0>
      <K1>0.010000093392361497</K1>
      <K2>0.024420654221939269</K2>
      <MAXBAS>1</MAXBAS>
      <Cet>0</Cet>
      <PCALT>19.999368905479315</PCALT>
      <TCALT>0.26108143958681257</TCALT>
      <Pelev>2537</Pelev>
      <Telev>2486</Telev>
      <PART>0.5</PART>
      <DELAY>1</DELAY>
    </SubCatchmentParameters>
    <SubCatchmentVegetationZone>
      <SubCatchmentVegetationZoneParameters>
        <TT>0.14733809005519485</TT>
        <CFMAX>3.5253152843970188</CFMAX>
        <SP>0</SP>
        <SFCF>1.0293480085857842</SFCF>
        <CFR>0.055663347006457031</CFR>
        <CWH>0.19994874820200745</CWH>
        <CFGlacier>1</CFGlacier>
        <CFSlope>1</CFSlope>
        <FC>2216.5749476895494</FC>
        <LP>0.4419573398150799</LP>
        <BETA>1.4946461041721784</BETA>
      </SubCatchmentVegetationZoneParameters>
    </SubCatchmentVegetationZone>
  </SubCatchment>
</Catchment>