<?xml version="1.0" encoding="utf-8"?>
<Catchment xmlns:xsi="http://www.w3.org/2001/XMLSchema-instance" xmlns:xsd="http://www.w3.org/2001/XMLSchema">
  <CatchmentParameters>
    <KSI>0.001</KSI>
    <KGmin>0.05</KGmin>
    <RangeKG>0.1</RangeKG>
    <AG>0.1</AG>
    <PERC>1.9230614817556759</PERC>
    <Alpha>0.21730095962347376</Alpha>
    <UZL>125.54316529864664</UZL>
    <K0>0.50653445486203619</K0>
    <K1>0.01027054798656755</K1>
    <K2>0.02554269413304474</K2>
    <MAXBAS>1</MAXBAS>
    <Cet>0</Cet>
    <PCALT>19.212447585882259</PCALT>
    <TCALT>0.55950853937545508</TCALT>
    <Pelev>2537</Pelev>
    <Telev>2486</Telev>
    <PART>0.5</PART>
    <DELAY>1</DELAY>
  </CatchmentParameters>
  <VegetationZone>
    <VegetationZoneParameters>
      <TT>-1.3785663160474169</TT>
      <CFMAX>1.7193189634943851</CFMAX>
      <SP>0</SP>
      <SFCF>0.88822262598065194</SFCF>
      <CFR>0.09999769056882335</CFR>
      <CWH>0.19999902096867522</CWH>
      <CFGlacier>1</CFGlacier>
      <CFSlope>1</CFSlope>
      <FC>2022.558881951614</FC>
      <LP>0.49494713270602014</LP>
      <BETA>1.5327659087060868</BETA>
    </VegetationZoneParameters>
  </VegetationZone>
  <SubCatchment>
    <SubCatchmentParameters>
      <KSI>0.001</KSI>
      <KGmin>0.05</KGmin>
      <RangeKG>0.1</RangeKG>
      <AG>0.1</AG>
      <PERC>1.9230614817556759</PERC>
      <Alpha>0.21730095962347376</Alpha>
      <UZL>125.54316529864664</UZL>
      <K0>0.50653445486203619</K0>
      <K1>0.01027054798656755</K1>
      <K2>0.02554269413304474</K2>
      <MAXBAS>1</MAXBAS>
      <Cet>0</Cet>
      <PCALT>19.212447585882259</PCALT>
      <TCALT>0.55950853937545508</TCALT>
      <Pelev>2537</Pelev>
      <Telev>2486</Telev>
      <PART>0.5</PART>
      <DELAY>1</DELAY>
    </SubCatchmentParameters>
    <SubCatchmentVegetationZone>
      <SubCatchmentVegetationZoneParameters>
        <TT>-1.3785663160474169</TT>
        <CFMAX>1.7193189634943851</CFMAX>
        <SP>0</SP>
        <SFCF>0.88822262598065194</SFCF>
        <CFR>0.09999769056882335</CFR>
        <CWH>0.19999902096867522</CWH>
        <CFGlacier>1</CFGlacier>
        <CFSlope>1</CFSlope>
        <FC>2022.558881951614</FC>
        <LP>0.49494713270602014</LP>
        <BETA>1.5327659087060868</BETA>
      </SubCatchmentVegetationZoneParameters>
    </SubCatchmentVegetationZone>
  </SubCatchment>
</Catchment>