<?xml version="1.0" encoding="utf-8"?>
<Catchment xmlns:xsi="http://www.w3.org/2001/XMLSchema-instance" xmlns:xsd="http://www.w3.org/2001/XMLSchema">
  <CatchmentParameters>
    <KSI>0.001</KSI>
    <KGmin>0.05</KGmin>
    <RangeKG>0.1</RangeKG>
    <AG>0.1</AG>
    <PERC>2.3948894545226946</PERC>
    <Alpha>0.21730095962347376</Alpha>
    <UZL>127.58695174384874</UZL>
    <K0>0.47817739878849719</K0>
    <K1>0.010000200414177032</K1>
    <K2>0.024496596092731637</K2>
    <MAXBAS>1</MAXBAS>
    <Cet>0</Cet>
    <PCALT>19.999991897820397</PCALT>
    <TCALT>0.5199560140991567</TCALT>
    <Pelev>2537</Pelev>
    <Telev>2486</Telev>
    <PART>0.5</PART>
    <DELAY>1</DELAY>
  </CatchmentParameters>
  <VegetationZone>
    <VegetationZoneParameters>
      <TT>-0.58908725109947668</TT>
      <CFMAX>4.0187735992620635</CFMAX>
      <SP>0</SP>
      <SFCF>0.996166156074577</SFCF>
      <CFR>0.09998236313226494</CFR>
      <CWH>0.19999782266857216</CWH>
      <CFGlacier>1</CFGlacier>
      <CFSlope>1</CFSlope>
      <FC>2172.7134389433409</FC>
      <LP>0.50816066023101625</LP>
      <BETA>1.6469442873009592</BETA>
    </VegetationZoneParameters>
  </VegetationZone>
  <SubCatchment>
    <SubCatchmentParameters>
      <KSI>0.001</KSI>
      <KGmin>0.05</KGmin>
      <RangeKG>0.1</RangeKG>
      <AG>0.1</AG>
      <PERC>2.3948894545226946</PERC>
      <Alpha>0.21730095962347376</Alpha>
      <UZL>127.58695174384874</UZL>
      <K0>0.47817739878849719</K0>
      <K1>0.010000200414177032</K1>
      <K2>0.024496596092731637</K2>
      <MAXBAS>1</MAXBAS>
      <Cet>0</Cet>
      <PCALT>19.999991897820397</PCALT>
      <TCALT>0.5199560140991567</TCALT>
      <Pelev>2537</Pelev>
      <Telev>2486</Telev>
      <PART>0.5</PART>
      <DELAY>1</DELAY>
    </SubCatchmentParameters>
    <SubCatchmentVegetationZone>
      <SubCatchmentVegetationZoneParameters>
        <TT>-0.58908725109947668</TT>
        <CFMAX>4.0187735992620635</CFMAX>
        <SP>0</SP>
        <SFCF>0.996166156074577</SFCF>
        <CFR>0.09998236313226494</CFR>
        <CWH>0.19999782266857216</CWH>
        <CFGlacier>1</CFGlacier>
        <CFSlope>1</CFSlope>
        <FC>2172.7134389433409</FC>
        <LP>0.50816066023101625</LP>
        <BETA>1.6469442873009592</BETA>
      </SubCatchmentVegetationZoneParameters>
    </SubCatchmentVegetationZone>
  </SubCatchment>
</Catchment>