<?xml version="1.0" encoding="utf-8"?>
<Catchment xmlns:xsi="http://www.w3.org/2001/XMLSchema-instance" xmlns:xsd="http://www.w3.org/2001/XMLSchema">
  <CatchmentParameters>
    <KSI>0.001</KSI>
    <KGmin>0.05</KGmin>
    <RangeKG>0.1</RangeKG>
    <AG>0.1</AG>
    <PERC>2.5908701587002114</PERC>
    <Alpha>0.21730095962347376</Alpha>
    <UZL>85.771272484976677</UZL>
    <K0>0.2760400717553072</K0>
    <K1>0.010000108888189063</K1>
    <K2>0.024681359884592143</K2>
    <MAXBAS>1</MAXBAS>
    <Cet>0</Cet>
    <PCALT>19.405042794518813</PCALT>
    <TCALT>0.037085310979261987</TCALT>
    <Pelev>2537</Pelev>
    <Telev>2486</Telev>
    <PART>0.5</PART>
    <DELAY>1</DELAY>
  </CatchmentParameters>
  <VegetationZone>
    <VegetationZoneParameters>
      <TT>0.89480838064907831</TT>
      <CFMAX>4.1240011499601605</CFMAX>
      <SP>0</SP>
      <SFCF>1.022180487965253</SFCF>
      <CFR>0.030504638407403886</CFR>
      <CWH>0.10725253143567576</CWH>
      <CFGlacier>1</CFGlacier>
      <CFSlope>1</CFSlope>
      <FC>2499.8686998728767</FC>
      <LP>0.46936525614477487</LP>
      <BETA>1.6319858866073724</BETA>
    </VegetationZoneParameters>
  </VegetationZone>
  <SubCatchment>
    <SubCatchmentParameters>
      <KSI>0.001</KSI>
      <KGmin>0.05</KGmin>
      <RangeKG>0.1</RangeKG>
      <AG>0.1</AG>
      <PERC>2.5908701587002114</PERC>
      <Alpha>0.21730095962347376</Alpha>
      <UZL>85.771272484976677</UZL>
      <K0>0.2760400717553072</K0>
      <K1>0.010000108888189063</K1>
      <K2>0.024681359884592143</K2>
      <MAXBAS>1</MAXBAS>
      <Cet>0</Cet>
      <PCALT>19.405042794518813</PCALT>
      <TCALT>0.037085310979261987</TCALT>
      <Pelev>2537</Pelev>
      <Telev>2486</Telev>
      <PART>0.5</PART>
      <DELAY>1</DELAY>
    </SubCatchmentParameters>
    <SubCatchmentVegetationZone>
      <SubCatchmentVegetationZoneParameters>
        <TT>0.89480838064907831</TT>
        <CFMAX>4.1240011499601605</CFMAX>
        <SP>0</SP>
        <SFCF>1.022180487965253</SFCF>
        <CFR>0.030504638407403886</CFR>
        <CWH>0.10725253143567576</CWH>
        <CFGlacier>1</CFGlacier>
        <CFSlope>1</CFSlope>
        <FC>2499.8686998728767</FC>
        <LP>0.46936525614477487</LP>
        <BETA>1.6319858866073724</BETA>
      </SubCatchmentVegetationZoneParameters>
    </SubCatchmentVegetationZone>
  </SubCatchment>
</Catchment>