<?xml version="1.0" encoding="utf-8"?>
<Catchment xmlns:xsi="http://www.w3.org/2001/XMLSchema-instance" xmlns:xsd="http://www.w3.org/2001/XMLSchema">
  <CatchmentParameters>
    <KSI>0.001</KSI>
    <KGmin>0.05</KGmin>
    <RangeKG>0.1</RangeKG>
    <AG>0.1</AG>
    <PERC>1.8801725420541158</PERC>
    <Alpha>0.21730095962347376</Alpha>
    <UZL>159.78158290904287</UZL>
    <K0>0.29739608800089518</K0>
    <K1>0.010000276625709762</K1>
    <K2>0.025238767312304185</K2>
    <MAXBAS>1</MAXBAS>
    <Cet>0</Cet>
    <PCALT>19.106197427234243</PCALT>
    <TCALT>0.28156571451493084</TCALT>
    <Pelev>2537</Pelev>
    <Telev>2486</Telev>
    <PART>0.5</PART>
    <DELAY>1</DELAY>
  </CatchmentParameters>
  <VegetationZone>
    <VegetationZoneParameters>
      <TT>-1.3516091580368612</TT>
      <CFMAX>1.4810882500314579</CFMAX>
      <SP>0</SP>
      <SFCF>0.91710201093403243</SFCF>
      <CFR>0.099998088748591882</CFR>
      <CWH>0.19999943982012683</CWH>
      <CFGlacier>1</CFGlacier>
      <CFSlope>1</CFSlope>
      <FC>2431.3299057111331</FC>
      <LP>0.53519461840798721</LP>
      <BETA>1.7644529433970806</BETA>
    </VegetationZoneParameters>
  </VegetationZone>
  <SubCatchment>
    <SubCatchmentParameters>
      <KSI>0.001</KSI>
      <KGmin>0.05</KGmin>
      <RangeKG>0.1</RangeKG>
      <AG>0.1</AG>
      <PERC>1.8801725420541158</PERC>
      <Alpha>0.21730095962347376</Alpha>
      <UZL>159.78158290904287</UZL>
      <K0>0.29739608800089518</K0>
      <K1>0.010000276625709762</K1>
      <K2>0.025238767312304185</K2>
      <MAXBAS>1</MAXBAS>
      <Cet>0</Cet>
      <PCALT>19.106197427234243</PCALT>
      <TCALT>0.28156571451493084</TCALT>
      <Pelev>2537</Pelev>
      <Telev>2486</Telev>
      <PART>0.5</PART>
      <DELAY>1</DELAY>
    </SubCatchmentParameters>
    <SubCatchmentVegetationZone>
      <SubCatchmentVegetationZoneParameters>
        <TT>-1.3516091580368612</TT>
        <CFMAX>1.4810882500314579</CFMAX>
        <SP>0</SP>
        <SFCF>0.91710201093403243</SFCF>
        <CFR>0.099998088748591882</CFR>
        <CWH>0.19999943982012683</CWH>
        <CFGlacier>1</CFGlacier>
        <CFSlope>1</CFSlope>
        <FC>2431.3299057111331</FC>
        <LP>0.53519461840798721</LP>
        <BETA>1.7644529433970806</BETA>
      </SubCatchmentVegetationZoneParameters>
    </SubCatchmentVegetationZone>
  </SubCatchment>
</Catchment>