<?xml version="1.0" encoding="utf-8"?>
<Catchment xmlns:xsi="http://www.w3.org/2001/XMLSchema-instance" xmlns:xsd="http://www.w3.org/2001/XMLSchema">
  <CatchmentParameters>
    <KSI>0.001</KSI>
    <KGmin>0.05</KGmin>
    <RangeKG>0.1</RangeKG>
    <AG>0.1</AG>
    <PERC>2.6185973205632989</PERC>
    <Alpha>0.21730095962347376</Alpha>
    <UZL>123.59557182653875</UZL>
    <K0>0.36787460370744324</K0>
    <K1>0.010000199394192329</K1>
    <K2>0.023933860147359983</K2>
    <MAXBAS>1</MAXBAS>
    <Cet>0</Cet>
    <PCALT>19.999973191647211</PCALT>
    <TCALT>0.43399485385866005</TCALT>
    <Pelev>2537</Pelev>
    <Telev>2486</Telev>
    <PART>0.5</PART>
    <DELAY>1</DELAY>
  </CatchmentParameters>
  <VegetationZone>
    <VegetationZoneParameters>
      <TT>-0.022247706727117334</TT>
      <CFMAX>2.9520079795860568</CFMAX>
      <SP>0</SP>
      <SFCF>1.0802317711622456</SFCF>
      <CFR>0.0566488115918833</CFR>
      <CWH>0.11484876021515435</CWH>
      <CFGlacier>1</CFGlacier>
      <CFSlope>1</CFSlope>
      <FC>2499.9985039582461</FC>
      <LP>0.56272672586976846</LP>
      <BETA>2.0437831466314735</BETA>
    </VegetationZoneParameters>
  </VegetationZone>
  <SubCatchment>
    <SubCatchmentParameters>
      <KSI>0.001</KSI>
      <KGmin>0.05</KGmin>
      <RangeKG>0.1</RangeKG>
      <AG>0.1</AG>
      <PERC>2.6185973205632989</PERC>
      <Alpha>0.21730095962347376</Alpha>
      <UZL>123.59557182653875</UZL>
      <K0>0.36787460370744324</K0>
      <K1>0.010000199394192329</K1>
      <K2>0.023933860147359983</K2>
      <MAXBAS>1</MAXBAS>
      <Cet>0</Cet>
      <PCALT>19.999973191647211</PCALT>
      <TCALT>0.43399485385866005</TCALT>
      <Pelev>2537</Pelev>
      <Telev>2486</Telev>
      <PART>0.5</PART>
      <DELAY>1</DELAY>
    </SubCatchmentParameters>
    <SubCatchmentVegetationZone>
      <SubCatchmentVegetationZoneParameters>
        <TT>-0.022247706727117334</TT>
        <CFMAX>2.9520079795860568</CFMAX>
        <SP>0</SP>
        <SFCF>1.0802317711622456</SFCF>
        <CFR>0.0566488115918833</CFR>
        <CWH>0.11484876021515435</CWH>
        <CFGlacier>1</CFGlacier>
        <CFSlope>1</CFSlope>
        <FC>2499.9985039582461</FC>
        <LP>0.56272672586976846</LP>
        <BETA>2.0437831466314735</BETA>
      </SubCatchmentVegetationZoneParameters>
    </SubCatchmentVegetationZone>
  </SubCatchment>
</Catchment>