<?xml version="1.0" encoding="utf-8"?>
<Catchment xmlns:xsi="http://www.w3.org/2001/XMLSchema-instance" xmlns:xsd="http://www.w3.org/2001/XMLSchema">
  <CatchmentParameters>
    <KSI>0.001</KSI>
    <KGmin>0.05</KGmin>
    <RangeKG>0.1</RangeKG>
    <AG>0.1</AG>
    <PERC>1.6558083248886857</PERC>
    <Alpha>0.21730095962347376</Alpha>
    <UZL>156.77286118602251</UZL>
    <K0>0.496306221701978</K0>
    <K1>0.019555511459452623</K1>
    <K2>0.026285693447093954</K2>
    <MAXBAS>1</MAXBAS>
    <Cet>0</Cet>
    <PCALT>19.999139387701518</PCALT>
    <TCALT>0.46446186289239638</TCALT>
    <Pelev>2537</Pelev>
    <Telev>2486</Telev>
    <PART>0.5</PART>
    <DELAY>1</DELAY>
  </CatchmentParameters>
  <VegetationZone>
    <VegetationZoneParameters>
      <TT>-1.1256169210954043</TT>
      <CFMAX>1.585368321237105</CFMAX>
      <SP>0</SP>
      <SFCF>0.81774595391431382</SFCF>
      <CFR>0.099999505567998456</CFR>
      <CWH>0.13897983567635708</CWH>
      <CFGlacier>1</CFGlacier>
      <CFSlope>1</CFSlope>
      <FC>1979.569853865602</FC>
      <LP>0.5497965912741184</LP>
      <BETA>1.6577781427315803</BETA>
    </VegetationZoneParameters>
  </VegetationZone>
  <SubCatchment>
    <SubCatchmentParameters>
      <KSI>0.001</KSI>
      <KGmin>0.05</KGmin>
      <RangeKG>0.1</RangeKG>
      <AG>0.1</AG>
      <PERC>1.6558083248886857</PERC>
      <Alpha>0.21730095962347376</Alpha>
      <UZL>156.77286118602251</UZL>
      <K0>0.496306221701978</K0>
      <K1>0.019555511459452623</K1>
      <K2>0.026285693447093954</K2>
      <MAXBAS>1</MAXBAS>
      <Cet>0</Cet>
      <PCALT>19.999139387701518</PCALT>
      <TCALT>0.46446186289239638</TCALT>
      <Pelev>2537</Pelev>
      <Telev>2486</Telev>
      <PART>0.5</PART>
      <DELAY>1</DELAY>
    </SubCatchmentParameters>
    <SubCatchmentVegetationZone>
      <SubCatchmentVegetationZoneParameters>
        <TT>-1.1256169210954043</TT>
        <CFMAX>1.585368321237105</CFMAX>
        <SP>0</SP>
        <SFCF>0.81774595391431382</SFCF>
        <CFR>0.099999505567998456</CFR>
        <CWH>0.13897983567635708</CWH>
        <CFGlacier>1</CFGlacier>
        <CFSlope>1</CFSlope>
        <FC>1979.569853865602</FC>
        <LP>0.5497965912741184</LP>
        <BETA>1.6577781427315803</BETA>
      </SubCatchmentVegetationZoneParameters>
    </SubCatchmentVegetationZone>
  </SubCatchment>
</Catchment>