<?xml version="1.0" encoding="utf-8"?>
<Catchment xmlns:xsi="http://www.w3.org/2001/XMLSchema-instance" xmlns:xsd="http://www.w3.org/2001/XMLSchema">
  <CatchmentParameters>
    <KSI>0.001</KSI>
    <KGmin>0.05</KGmin>
    <RangeKG>0.1</RangeKG>
    <AG>0.1</AG>
    <PERC>2.90160933090172</PERC>
    <Alpha>0.21730095962347376</Alpha>
    <UZL>180.60726241651778</UZL>
    <K0>0.43250204970485173</K0>
    <K1>0.010000239372621475</K1>
    <K2>0.024331948342869069</K2>
    <MAXBAS>1</MAXBAS>
    <Cet>0</Cet>
    <PCALT>19.999406188993355</PCALT>
    <TCALT>0.2609673240458944</TCALT>
    <Pelev>2537</Pelev>
    <Telev>2486</Telev>
    <PART>0.5</PART>
    <DELAY>1</DELAY>
  </CatchmentParameters>
  <VegetationZone>
    <VegetationZoneParameters>
      <TT>-0.043285796272979682</TT>
      <CFMAX>3.3357114944482547</CFMAX>
      <SP>0</SP>
      <SFCF>1.0318430739922386</SFCF>
      <CFR>0.086010331209385255</CFR>
      <CWH>0.19999855657396487</CWH>
      <CFGlacier>1</CFGlacier>
      <CFSlope>1</CFSlope>
      <FC>1939.031245635739</FC>
      <LP>0.50307813348308661</LP>
      <BETA>1.6445612116385393</BETA>
    </VegetationZoneParameters>
  </VegetationZone>
  <SubCatchment>
    <SubCatchmentParameters>
      <KSI>0.001</KSI>
      <KGmin>0.05</KGmin>
      <RangeKG>0.1</RangeKG>
      <AG>0.1</AG>
      <PERC>2.90160933090172</PERC>
      <Alpha>0.21730095962347376</Alpha>
      <UZL>180.60726241651778</UZL>
      <K0>0.43250204970485173</K0>
      <K1>0.010000239372621475</K1>
      <K2>0.024331948342869069</K2>
      <MAXBAS>1</MAXBAS>
      <Cet>0</Cet>
      <PCALT>19.999406188993355</PCALT>
      <TCALT>0.2609673240458944</TCALT>
      <Pelev>2537</Pelev>
      <Telev>2486</Telev>
      <PART>0.5</PART>
      <DELAY>1</DELAY>
    </SubCatchmentParameters>
    <SubCatchmentVegetationZone>
      <SubCatchmentVegetationZoneParameters>
        <TT>-0.043285796272979682</TT>
        <CFMAX>3.3357114944482547</CFMAX>
        <SP>0</SP>
        <SFCF>1.0318430739922386</SFCF>
        <CFR>0.086010331209385255</CFR>
        <CWH>0.19999855657396487</CWH>
        <CFGlacier>1</CFGlacier>
        <CFSlope>1</CFSlope>
        <FC>1939.031245635739</FC>
        <LP>0.50307813348308661</LP>
        <BETA>1.6445612116385393</BETA>
      </SubCatchmentVegetationZoneParameters>
    </SubCatchmentVegetationZone>
  </SubCatchment>
</Catchment>