<?xml version="1.0" encoding="utf-8"?>
<Catchment xmlns:xsi="http://www.w3.org/2001/XMLSchema-instance" xmlns:xsd="http://www.w3.org/2001/XMLSchema">
  <CatchmentParameters>
    <KSI>0.001</KSI>
    <KGmin>0.05</KGmin>
    <RangeKG>0.1</RangeKG>
    <AG>0.1</AG>
    <PERC>2.3593074814049646</PERC>
    <Alpha>0.21730095962347376</Alpha>
    <UZL>39.713843837496078</UZL>
    <K0>0.15310415752234158</K0>
    <K1>0.010000173105298002</K1>
    <K2>0.026721032711754276</K2>
    <MAXBAS>1</MAXBAS>
    <Cet>0</Cet>
    <PCALT>15.915608307466894</PCALT>
    <TCALT>2.2339888860276517E-05</TCALT>
    <Pelev>2537</Pelev>
    <Telev>2486</Telev>
    <PART>0.5</PART>
    <DELAY>1</DELAY>
  </CatchmentParameters>
  <VegetationZone>
    <VegetationZoneParameters>
      <TT>-1.3215394825448736</TT>
      <CFMAX>0.97832324311052365</CFMAX>
      <SP>0</SP>
      <SFCF>0.76032844984703152</SFCF>
      <CFR>0.09999562631428642</CFR>
      <CWH>0.15689367498087273</CWH>
      <CFGlacier>1</CFGlacier>
      <CFSlope>1</CFSlope>
      <FC>2499.9998424533624</FC>
      <LP>0.52309820124811712</LP>
      <BETA>1.6812825823503617</BETA>
    </VegetationZoneParameters>
  </VegetationZone>
  <SubCatchment>
    <SubCatchmentParameters>
      <KSI>0.001</KSI>
      <KGmin>0.05</KGmin>
      <RangeKG>0.1</RangeKG>
      <AG>0.1</AG>
      <PERC>2.3593074814049646</PERC>
      <Alpha>0.21730095962347376</Alpha>
      <UZL>39.713843837496078</UZL>
      <K0>0.15310415752234158</K0>
      <K1>0.010000173105298002</K1>
      <K2>0.026721032711754276</K2>
      <MAXBAS>1</MAXBAS>
      <Cet>0</Cet>
      <PCALT>15.915608307466894</PCALT>
      <TCALT>2.2339888860276517E-05</TCALT>
      <Pelev>2537</Pelev>
      <Telev>2486</Telev>
      <PART>0.5</PART>
      <DELAY>1</DELAY>
    </SubCatchmentParameters>
    <SubCatchmentVegetationZone>
      <SubCatchmentVegetationZoneParameters>
        <TT>-1.3215394825448736</TT>
        <CFMAX>0.97832324311052365</CFMAX>
        <SP>0</SP>
        <SFCF>0.76032844984703152</SFCF>
        <CFR>0.09999562631428642</CFR>
        <CWH>0.15689367498087273</CWH>
        <CFGlacier>1</CFGlacier>
        <CFSlope>1</CFSlope>
        <FC>2499.9998424533624</FC>
        <LP>0.52309820124811712</LP>
        <BETA>1.6812825823503617</BETA>
      </SubCatchmentVegetationZoneParameters>
    </SubCatchmentVegetationZone>
  </SubCatchment>
</Catchment>