<?xml version="1.0" encoding="utf-8"?>
<Catchment xmlns:xsi="http://www.w3.org/2001/XMLSchema-instance" xmlns:xsd="http://www.w3.org/2001/XMLSchema">
  <CatchmentParameters>
    <KSI>0.001</KSI>
    <KGmin>0.05</KGmin>
    <RangeKG>0.1</RangeKG>
    <AG>0.1</AG>
    <PERC>0.47118173072725894</PERC>
    <Alpha>0.21730095962347376</Alpha>
    <UZL>134.248600252567</UZL>
    <K0>0.56497633028284233</K0>
    <K1>0.025039762737791387</K1>
    <K2>0.028058298307370427</K2>
    <MAXBAS>1</MAXBAS>
    <Cet>0</Cet>
    <PCALT>19.999865752871528</PCALT>
    <TCALT>0.044764533942294661</TCALT>
    <Pelev>2537</Pelev>
    <Telev>2486</Telev>
    <PART>0.5</PART>
    <DELAY>1</DELAY>
  </CatchmentParameters>
  <VegetationZone>
    <VegetationZoneParameters>
      <TT>-1.582066155351058</TT>
      <CFMAX>0.50631855114218072</CFMAX>
      <SP>0</SP>
      <SFCF>0.6838991120336787</SFCF>
      <CFR>0.01040358348107095</CFR>
      <CWH>0.1000004563967295</CWH>
      <CFGlacier>1</CFGlacier>
      <CFSlope>1</CFSlope>
      <FC>2068.3231683942986</FC>
      <LP>0.69990650594961157</LP>
      <BETA>2.2615161503221555</BETA>
    </VegetationZoneParameters>
  </VegetationZone>
  <SubCatchment>
    <SubCatchmentParameters>
      <KSI>0.001</KSI>
      <KGmin>0.05</KGmin>
      <RangeKG>0.1</RangeKG>
      <AG>0.1</AG>
      <PERC>0.47118173072725894</PERC>
      <Alpha>0.21730095962347376</Alpha>
      <UZL>134.248600252567</UZL>
      <K0>0.56497633028284233</K0>
      <K1>0.025039762737791387</K1>
      <K2>0.028058298307370427</K2>
      <MAXBAS>1</MAXBAS>
      <Cet>0</Cet>
      <PCALT>19.999865752871528</PCALT>
      <TCALT>0.044764533942294661</TCALT>
      <Pelev>2537</Pelev>
      <Telev>2486</Telev>
      <PART>0.5</PART>
      <DELAY>1</DELAY>
    </SubCatchmentParameters>
    <SubCatchmentVegetationZone>
      <SubCatchmentVegetationZoneParameters>
        <TT>-1.582066155351058</TT>
        <CFMAX>0.50631855114218072</CFMAX>
        <SP>0</SP>
        <SFCF>0.6838991120336787</SFCF>
        <CFR>0.01040358348107095</CFR>
        <CWH>0.1000004563967295</CWH>
        <CFGlacier>1</CFGlacier>
        <CFSlope>1</CFSlope>
        <FC>2068.3231683942986</FC>
        <LP>0.69990650594961157</LP>
        <BETA>2.2615161503221555</BETA>
      </SubCatchmentVegetationZoneParameters>
    </SubCatchmentVegetationZone>
  </SubCatchment>
</Catchment>