<?xml version="1.0" encoding="utf-8"?>
<Catchment xmlns:xsi="http://www.w3.org/2001/XMLSchema-instance" xmlns:xsd="http://www.w3.org/2001/XMLSchema">
  <CatchmentParameters>
    <KSI>0.001</KSI>
    <KGmin>0.05</KGmin>
    <RangeKG>0.1</RangeKG>
    <AG>0.1</AG>
    <PERC>2.0170028674418137</PERC>
    <Alpha>0.21730095962347376</Alpha>
    <UZL>71.129472424308446</UZL>
    <K0>0.38651601572729904</K0>
    <K1>0.010054091365597203</K1>
    <K2>0.027590055840326484</K2>
    <MAXBAS>1</MAXBAS>
    <Cet>0</Cet>
    <PCALT>16.170481471875807</PCALT>
    <TCALT>0.076870935310031155</TCALT>
    <Pelev>2537</Pelev>
    <Telev>2486</Telev>
    <PART>0.5</PART>
    <DELAY>1</DELAY>
  </CatchmentParameters>
  <VegetationZone>
    <VegetationZoneParameters>
      <TT>-1.3876583625944763</TT>
      <CFMAX>1.4938695922486946</CFMAX>
      <SP>0</SP>
      <SFCF>0.6266845353205992</SFCF>
      <CFR>0.099999999426749225</CFR>
      <CWH>0.1999972481701183</CWH>
      <CFGlacier>1</CFGlacier>
      <CFSlope>1</CFSlope>
      <FC>2459.5608236444673</FC>
      <LP>0.63732591523872828</LP>
      <BETA>1.9747320276554654</BETA>
    </VegetationZoneParameters>
  </VegetationZone>
  <SubCatchment>
    <SubCatchmentParameters>
      <KSI>0.001</KSI>
      <KGmin>0.05</KGmin>
      <RangeKG>0.1</RangeKG>
      <AG>0.1</AG>
      <PERC>2.0170028674418137</PERC>
      <Alpha>0.21730095962347376</Alpha>
      <UZL>71.129472424308446</UZL>
      <K0>0.38651601572729904</K0>
      <K1>0.010054091365597203</K1>
      <K2>0.027590055840326484</K2>
      <MAXBAS>1</MAXBAS>
      <Cet>0</Cet>
      <PCALT>16.170481471875807</PCALT>
      <TCALT>0.076870935310031155</TCALT>
      <Pelev>2537</Pelev>
      <Telev>2486</Telev>
      <PART>0.5</PART>
      <DELAY>1</DELAY>
    </SubCatchmentParameters>
    <SubCatchmentVegetationZone>
      <SubCatchmentVegetationZoneParameters>
        <TT>-1.3876583625944763</TT>
        <CFMAX>1.4938695922486946</CFMAX>
        <SP>0</SP>
        <SFCF>0.6266845353205992</SFCF>
        <CFR>0.099999999426749225</CFR>
        <CWH>0.1999972481701183</CWH>
        <CFGlacier>1</CFGlacier>
        <CFSlope>1</CFSlope>
        <FC>2459.5608236444673</FC>
        <LP>0.63732591523872828</LP>
        <BETA>1.9747320276554654</BETA>
      </SubCatchmentVegetationZoneParameters>
    </SubCatchmentVegetationZone>
  </SubCatchment>
</Catchment>