<?xml version="1.0" encoding="utf-8"?>
<Catchment xmlns:xsi="http://www.w3.org/2001/XMLSchema-instance" xmlns:xsd="http://www.w3.org/2001/XMLSchema">
  <CatchmentParameters>
    <KSI>0.001</KSI>
    <KGmin>0.05</KGmin>
    <RangeKG>0.1</RangeKG>
    <AG>0.1</AG>
    <PERC>1.852773167032564</PERC>
    <Alpha>0.21730095962347376</Alpha>
    <UZL>153.44772458689425</UZL>
    <K0>0.24934996810907706</K0>
    <K1>0.011310588285474401</K1>
    <K2>0.025913116250939106</K2>
    <MAXBAS>1</MAXBAS>
    <Cet>0</Cet>
    <PCALT>14.876282578038394</PCALT>
    <TCALT>0.1334111697410133</TCALT>
    <Pelev>2537</Pelev>
    <Telev>2486</Telev>
    <PART>0.5</PART>
    <DELAY>1</DELAY>
  </CatchmentParameters>
  <VegetationZone>
    <VegetationZoneParameters>
      <TT>-1.3186948665543332</TT>
      <CFMAX>1.5196912518019303</CFMAX>
      <SP>0</SP>
      <SFCF>0.866083531735103</SFCF>
      <CFR>0.099998683249076431</CFR>
      <CWH>0.19999965364898956</CWH>
      <CFGlacier>1</CFGlacier>
      <CFSlope>1</CFSlope>
      <FC>2323.8363110043124</FC>
      <LP>0.44192608760282959</LP>
      <BETA>1.4355547436552887</BETA>
    </VegetationZoneParameters>
  </VegetationZone>
  <SubCatchment>
    <SubCatchmentParameters>
      <KSI>0.001</KSI>
      <KGmin>0.05</KGmin>
      <RangeKG>0.1</RangeKG>
      <AG>0.1</AG>
      <PERC>1.852773167032564</PERC>
      <Alpha>0.21730095962347376</Alpha>
      <UZL>153.44772458689425</UZL>
      <K0>0.24934996810907706</K0>
      <K1>0.011310588285474401</K1>
      <K2>0.025913116250939106</K2>
      <MAXBAS>1</MAXBAS>
      <Cet>0</Cet>
      <PCALT>14.876282578038394</PCALT>
      <TCALT>0.1334111697410133</TCALT>
      <Pelev>2537</Pelev>
      <Telev>2486</Telev>
      <PART>0.5</PART>
      <DELAY>1</DELAY>
    </SubCatchmentParameters>
    <SubCatchmentVegetationZone>
      <SubCatchmentVegetationZoneParameters>
        <TT>-1.3186948665543332</TT>
        <CFMAX>1.5196912518019303</CFMAX>
        <SP>0</SP>
        <SFCF>0.866083531735103</SFCF>
        <CFR>0.099998683249076431</CFR>
        <CWH>0.19999965364898956</CWH>
        <CFGlacier>1</CFGlacier>
        <CFSlope>1</CFSlope>
        <FC>2323.8363110043124</FC>
        <LP>0.44192608760282959</LP>
        <BETA>1.4355547436552887</BETA>
      </SubCatchmentVegetationZoneParameters>
    </SubCatchmentVegetationZone>
  </SubCatchment>
</Catchment>