<?xml version="1.0" encoding="utf-8"?>
<Catchment xmlns:xsi="http://www.w3.org/2001/XMLSchema-instance" xmlns:xsd="http://www.w3.org/2001/XMLSchema">
  <CatchmentParameters>
    <KSI>0.001</KSI>
    <KGmin>0.05</KGmin>
    <RangeKG>0.1</RangeKG>
    <AG>0.1</AG>
    <PERC>2.9570967519486828</PERC>
    <Alpha>0.21730095962347376</Alpha>
    <UZL>51.472828706211068</UZL>
    <K0>0.20672402575496313</K0>
    <K1>0.010002345532478925</K1>
    <K2>0.027274814131384943</K2>
    <MAXBAS>1</MAXBAS>
    <Cet>0</Cet>
    <PCALT>19.999998918494942</PCALT>
    <TCALT>0.31519288138279927</TCALT>
    <Pelev>2537</Pelev>
    <Telev>2486</Telev>
    <PART>0.5</PART>
    <DELAY>1</DELAY>
  </CatchmentParameters>
  <VegetationZone>
    <VegetationZoneParameters>
      <TT>-1.3593209673631677</TT>
      <CFMAX>3.2337104491871491</CFMAX>
      <SP>0</SP>
      <SFCF>0.64760927634084176</SFCF>
      <CFR>0.099987624067927036</CFR>
      <CWH>0.19999968428696943</CWH>
      <CFGlacier>1</CFGlacier>
      <CFSlope>1</CFSlope>
      <FC>1370.9132425192015</FC>
      <LP>0.81060347291200818</LP>
      <BETA>2.1641795640239336</BETA>
    </VegetationZoneParameters>
  </VegetationZone>
  <SubCatchment>
    <SubCatchmentParameters>
      <KSI>0.001</KSI>
      <KGmin>0.05</KGmin>
      <RangeKG>0.1</RangeKG>
      <AG>0.1</AG>
      <PERC>2.9570967519486828</PERC>
      <Alpha>0.21730095962347376</Alpha>
      <UZL>51.472828706211068</UZL>
      <K0>0.20672402575496313</K0>
      <K1>0.010002345532478925</K1>
      <K2>0.027274814131384943</K2>
      <MAXBAS>1</MAXBAS>
      <Cet>0</Cet>
      <PCALT>19.999998918494942</PCALT>
      <TCALT>0.31519288138279927</TCALT>
      <Pelev>2537</Pelev>
      <Telev>2486</Telev>
      <PART>0.5</PART>
      <DELAY>1</DELAY>
    </SubCatchmentParameters>
    <SubCatchmentVegetationZone>
      <SubCatchmentVegetationZoneParameters>
        <TT>-1.3593209673631677</TT>
        <CFMAX>3.2337104491871491</CFMAX>
        <SP>0</SP>
        <SFCF>0.64760927634084176</SFCF>
        <CFR>0.099987624067927036</CFR>
        <CWH>0.19999968428696943</CWH>
        <CFGlacier>1</CFGlacier>
        <CFSlope>1</CFSlope>
        <FC>1370.9132425192015</FC>
        <LP>0.81060347291200818</LP>
        <BETA>2.1641795640239336</BETA>
      </SubCatchmentVegetationZoneParameters>
    </SubCatchmentVegetationZone>
  </SubCatchment>
</Catchment>