<?xml version="1.0" encoding="utf-8"?>
<Catchment xmlns:xsi="http://www.w3.org/2001/XMLSchema-instance" xmlns:xsd="http://www.w3.org/2001/XMLSchema">
  <CatchmentParameters>
    <KSI>0.001</KSI>
    <KGmin>0.05</KGmin>
    <RangeKG>0.1</RangeKG>
    <AG>0.1</AG>
    <PERC>1.8411263845119672</PERC>
    <Alpha>0.21730095962347376</Alpha>
    <UZL>100.0083252218446</UZL>
    <K0>0.26016000642082526</K0>
    <K1>0.010000105378839398</K1>
    <K2>0.025405497031429844</K2>
    <MAXBAS>1</MAXBAS>
    <Cet>0</Cet>
    <PCALT>16.691845552364047</PCALT>
    <TCALT>0.51123190139772812</TCALT>
    <Pelev>2537</Pelev>
    <Telev>2486</Telev>
    <PART>0.5</PART>
    <DELAY>1</DELAY>
  </CatchmentParameters>
  <VegetationZone>
    <VegetationZoneParameters>
      <TT>-1.1121452464195851</TT>
      <CFMAX>1.7982010895441287</CFMAX>
      <SP>0</SP>
      <SFCF>0.91686691898759409</SFCF>
      <CFR>0.099999181089109976</CFR>
      <CWH>0.17926185223322655</CWH>
      <CFGlacier>1</CFGlacier>
      <CFSlope>1</CFSlope>
      <FC>2188.9365080141533</FC>
      <LP>0.51792628522013251</LP>
      <BETA>1.6899116743469145</BETA>
    </VegetationZoneParameters>
  </VegetationZone>
  <SubCatchment>
    <SubCatchmentParameters>
      <KSI>0.001</KSI>
      <KGmin>0.05</KGmin>
      <RangeKG>0.1</RangeKG>
      <AG>0.1</AG>
      <PERC>1.8411263845119672</PERC>
      <Alpha>0.21730095962347376</Alpha>
      <UZL>100.0083252218446</UZL>
      <K0>0.26016000642082526</K0>
      <K1>0.010000105378839398</K1>
      <K2>0.025405497031429844</K2>
      <MAXBAS>1</MAXBAS>
      <Cet>0</Cet>
      <PCALT>16.691845552364047</PCALT>
      <TCALT>0.51123190139772812</TCALT>
      <Pelev>2537</Pelev>
      <Telev>2486</Telev>
      <PART>0.5</PART>
      <DELAY>1</DELAY>
    </SubCatchmentParameters>
    <SubCatchmentVegetationZone>
      <SubCatchmentVegetationZoneParameters>
        <TT>-1.1121452464195851</TT>
        <CFMAX>1.7982010895441287</CFMAX>
        <SP>0</SP>
        <SFCF>0.91686691898759409</SFCF>
        <CFR>0.099999181089109976</CFR>
        <CWH>0.17926185223322655</CWH>
        <CFGlacier>1</CFGlacier>
        <CFSlope>1</CFSlope>
        <FC>2188.9365080141533</FC>
        <LP>0.51792628522013251</LP>
        <BETA>1.6899116743469145</BETA>
      </SubCatchmentVegetationZoneParameters>
    </SubCatchmentVegetationZone>
  </SubCatchment>
</Catchment>