<?xml version="1.0" encoding="utf-8"?>
<Catchment xmlns:xsi="http://www.w3.org/2001/XMLSchema-instance" xmlns:xsd="http://www.w3.org/2001/XMLSchema">
  <CatchmentParameters>
    <KSI>0.001</KSI>
    <KGmin>0.05</KGmin>
    <RangeKG>0.1</RangeKG>
    <AG>0.1</AG>
    <PERC>2.7546422768357752</PERC>
    <Alpha>0.21730095962347376</Alpha>
    <UZL>197.41985333093896</UZL>
    <K0>0.072349188867594852</K0>
    <K1>0.010000420373350565</K1>
    <K2>0.027163445075215068</K2>
    <MAXBAS>1</MAXBAS>
    <Cet>0</Cet>
    <PCALT>18.881282745390173</PCALT>
    <TCALT>0.17409552287873154</TCALT>
    <Pelev>2537</Pelev>
    <Telev>2486</Telev>
    <PART>0.5</PART>
    <DELAY>1</DELAY>
  </CatchmentParameters>
  <VegetationZone>
    <VegetationZoneParameters>
      <TT>-1.2388536405934219</TT>
      <CFMAX>1.6922120287366995</CFMAX>
      <SP>0</SP>
      <SFCF>0.62170939510234779</SFCF>
      <CFR>0.099997671504552618</CFR>
      <CWH>0.19999864203623471</CWH>
      <CFGlacier>1</CFGlacier>
      <CFSlope>1</CFSlope>
      <FC>1595.7615094264793</FC>
      <LP>0.59138198807505815</LP>
      <BETA>1.5476164140569406</BETA>
    </VegetationZoneParameters>
  </VegetationZone>
  <SubCatchment>
    <SubCatchmentParameters>
      <KSI>0.001</KSI>
      <KGmin>0.05</KGmin>
      <RangeKG>0.1</RangeKG>
      <AG>0.1</AG>
      <PERC>2.7546422768357752</PERC>
      <Alpha>0.21730095962347376</Alpha>
      <UZL>197.41985333093896</UZL>
      <K0>0.072349188867594852</K0>
      <K1>0.010000420373350565</K1>
      <K2>0.027163445075215068</K2>
      <MAXBAS>1</MAXBAS>
      <Cet>0</Cet>
      <PCALT>18.881282745390173</PCALT>
      <TCALT>0.17409552287873154</TCALT>
      <Pelev>2537</Pelev>
      <Telev>2486</Telev>
      <PART>0.5</PART>
      <DELAY>1</DELAY>
    </SubCatchmentParameters>
    <SubCatchmentVegetationZone>
      <SubCatchmentVegetationZoneParameters>
        <TT>-1.2388536405934219</TT>
        <CFMAX>1.6922120287366995</CFMAX>
        <SP>0</SP>
        <SFCF>0.62170939510234779</SFCF>
        <CFR>0.099997671504552618</CFR>
        <CWH>0.19999864203623471</CWH>
        <CFGlacier>1</CFGlacier>
        <CFSlope>1</CFSlope>
        <FC>1595.7615094264793</FC>
        <LP>0.59138198807505815</LP>
        <BETA>1.5476164140569406</BETA>
      </SubCatchmentVegetationZoneParameters>
    </SubCatchmentVegetationZone>
  </SubCatchment>
</Catchment>