<?xml version="1.0" encoding="utf-8"?>
<Catchment xmlns:xsi="http://www.w3.org/2001/XMLSchema-instance" xmlns:xsd="http://www.w3.org/2001/XMLSchema">
  <CatchmentParameters>
    <KSI>0.001</KSI>
    <KGmin>0.05</KGmin>
    <RangeKG>0.1</RangeKG>
    <AG>0.1</AG>
    <PERC>2.4022432077550722</PERC>
    <Alpha>0.21730095962347376</Alpha>
    <UZL>35.790042332718564</UZL>
    <K0>0.45828602360566745</K0>
    <K1>0.010000127976296992</K1>
    <K2>0.02543147621439874</K2>
    <MAXBAS>1</MAXBAS>
    <Cet>0</Cet>
    <PCALT>19.999676600430604</PCALT>
    <TCALT>0.033366201233254789</TCALT>
    <Pelev>2537</Pelev>
    <Telev>2486</Telev>
    <PART>0.5</PART>
    <DELAY>1</DELAY>
  </CatchmentParameters>
  <VegetationZone>
    <VegetationZoneParameters>
      <TT>-1.538038735726478</TT>
      <CFMAX>0.93624042527810514</CFMAX>
      <SP>0</SP>
      <SFCF>0.87858326003169029</SFCF>
      <CFR>0.099999250360780487</CFR>
      <CWH>0.19999183050633707</CWH>
      <CFGlacier>1</CFGlacier>
      <CFSlope>1</CFSlope>
      <FC>2410.8500532641233</FC>
      <LP>0.61555463122495591</LP>
      <BETA>2.0818775269735754</BETA>
    </VegetationZoneParameters>
  </VegetationZone>
  <SubCatchment>
    <SubCatchmentParameters>
      <KSI>0.001</KSI>
      <KGmin>0.05</KGmin>
      <RangeKG>0.1</RangeKG>
      <AG>0.1</AG>
      <PERC>2.4022432077550722</PERC>
      <Alpha>0.21730095962347376</Alpha>
      <UZL>35.790042332718564</UZL>
      <K0>0.45828602360566745</K0>
      <K1>0.010000127976296992</K1>
      <K2>0.02543147621439874</K2>
      <MAXBAS>1</MAXBAS>
      <Cet>0</Cet>
      <PCALT>19.999676600430604</PCALT>
      <TCALT>0.033366201233254789</TCALT>
      <Pelev>2537</Pelev>
      <Telev>2486</Telev>
      <PART>0.5</PART>
      <DELAY>1</DELAY>
    </SubCatchmentParameters>
    <SubCatchmentVegetationZone>
      <SubCatchmentVegetationZoneParameters>
        <TT>-1.538038735726478</TT>
        <CFMAX>0.93624042527810514</CFMAX>
        <SP>0</SP>
        <SFCF>0.87858326003169029</SFCF>
        <CFR>0.099999250360780487</CFR>
        <CWH>0.19999183050633707</CWH>
        <CFGlacier>1</CFGlacier>
        <CFSlope>1</CFSlope>
        <FC>2410.8500532641233</FC>
        <LP>0.61555463122495591</LP>
        <BETA>2.0818775269735754</BETA>
      </SubCatchmentVegetationZoneParameters>
    </SubCatchmentVegetationZone>
  </SubCatchment>
</Catchment>