<?xml version="1.0" encoding="utf-8"?>
<Catchment xmlns:xsi="http://www.w3.org/2001/XMLSchema-instance" xmlns:xsd="http://www.w3.org/2001/XMLSchema">
  <CatchmentParameters>
    <KSI>0.001</KSI>
    <KGmin>0.05</KGmin>
    <RangeKG>0.1</RangeKG>
    <AG>0.1</AG>
    <PERC>1.928030158490128</PERC>
    <Alpha>0.21730095962347376</Alpha>
    <UZL>100.2808395968903</UZL>
    <K0>0.24353332184087786</K0>
    <K1>0.010000124940887775</K1>
    <K2>0.026814489253357165</K2>
    <MAXBAS>1</MAXBAS>
    <Cet>0</Cet>
    <PCALT>19.9999996820175</PCALT>
    <TCALT>0.60622951325616226</TCALT>
    <Pelev>2537</Pelev>
    <Telev>2486</Telev>
    <PART>0.5</PART>
    <DELAY>1</DELAY>
  </CatchmentParameters>
  <VegetationZone>
    <VegetationZoneParameters>
      <TT>-1.2006103458417272</TT>
      <CFMAX>1.6042310600309615</CFMAX>
      <SP>0</SP>
      <SFCF>0.75296920626894548</SFCF>
      <CFR>0.09999880739261606</CFR>
      <CWH>0.199999337036581</CWH>
      <CFGlacier>1</CFGlacier>
      <CFSlope>1</CFSlope>
      <FC>2499.999892239261</FC>
      <LP>0.69778299835759183</LP>
      <BETA>2.3556432813885144</BETA>
    </VegetationZoneParameters>
  </VegetationZone>
  <SubCatchment>
    <SubCatchmentParameters>
      <KSI>0.001</KSI>
      <KGmin>0.05</KGmin>
      <RangeKG>0.1</RangeKG>
      <AG>0.1</AG>
      <PERC>1.928030158490128</PERC>
      <Alpha>0.21730095962347376</Alpha>
      <UZL>100.2808395968903</UZL>
      <K0>0.24353332184087786</K0>
      <K1>0.010000124940887775</K1>
      <K2>0.026814489253357165</K2>
      <MAXBAS>1</MAXBAS>
      <Cet>0</Cet>
      <PCALT>19.9999996820175</PCALT>
      <TCALT>0.60622951325616226</TCALT>
      <Pelev>2537</Pelev>
      <Telev>2486</Telev>
      <PART>0.5</PART>
      <DELAY>1</DELAY>
    </SubCatchmentParameters>
    <SubCatchmentVegetationZone>
      <SubCatchmentVegetationZoneParameters>
        <TT>-1.2006103458417272</TT>
        <CFMAX>1.6042310600309615</CFMAX>
        <SP>0</SP>
        <SFCF>0.75296920626894548</SFCF>
        <CFR>0.09999880739261606</CFR>
        <CWH>0.199999337036581</CWH>
        <CFGlacier>1</CFGlacier>
        <CFSlope>1</CFSlope>
        <FC>2499.999892239261</FC>
        <LP>0.69778299835759183</LP>
        <BETA>2.3556432813885144</BETA>
      </SubCatchmentVegetationZoneParameters>
    </SubCatchmentVegetationZone>
  </SubCatchment>
</Catchment>