<?xml version="1.0" encoding="utf-8"?>
<Catchment xmlns:xsi="http://www.w3.org/2001/XMLSchema-instance" xmlns:xsd="http://www.w3.org/2001/XMLSchema">
  <CatchmentParameters>
    <KSI>0.001</KSI>
    <KGmin>0.05</KGmin>
    <RangeKG>0.1</RangeKG>
    <AG>0.1</AG>
    <PERC>2.4348818824798717</PERC>
    <Alpha>0.21730095962347376</Alpha>
    <UZL>175.70785793371081</UZL>
    <K0>0.49634247623511452</K0>
    <K1>0.010000052819023253</K1>
    <K2>0.026378028816079698</K2>
    <MAXBAS>1</MAXBAS>
    <Cet>0</Cet>
    <PCALT>13.814661047271235</PCALT>
    <TCALT>0.31361020114914412</TCALT>
    <Pelev>2537</Pelev>
    <Telev>2486</Telev>
    <PART>0.5</PART>
    <DELAY>1</DELAY>
  </CatchmentParameters>
  <VegetationZone>
    <VegetationZoneParameters>
      <TT>-1.3576387751020962</TT>
      <CFMAX>1.8011816732423287</CFMAX>
      <SP>0</SP>
      <SFCF>0.7519715905842379</SFCF>
      <CFR>0.099999963913453033</CFR>
      <CWH>0.199999429041145</CWH>
      <CFGlacier>1</CFGlacier>
      <CFSlope>1</CFSlope>
      <FC>1707.8032381557059</FC>
      <LP>0.68402294581631173</LP>
      <BETA>2.0457684176121518</BETA>
    </VegetationZoneParameters>
  </VegetationZone>
  <SubCatchment>
    <SubCatchmentParameters>
      <KSI>0.001</KSI>
      <KGmin>0.05</KGmin>
      <RangeKG>0.1</RangeKG>
      <AG>0.1</AG>
      <PERC>2.4348818824798717</PERC>
      <Alpha>0.21730095962347376</Alpha>
      <UZL>175.70785793371081</UZL>
      <K0>0.49634247623511452</K0>
      <K1>0.010000052819023253</K1>
      <K2>0.026378028816079698</K2>
      <MAXBAS>1</MAXBAS>
      <Cet>0</Cet>
      <PCALT>13.814661047271235</PCALT>
      <TCALT>0.31361020114914412</TCALT>
      <Pelev>2537</Pelev>
      <Telev>2486</Telev>
      <PART>0.5</PART>
      <DELAY>1</DELAY>
    </SubCatchmentParameters>
    <SubCatchmentVegetationZone>
      <SubCatchmentVegetationZoneParameters>
        <TT>-1.3576387751020962</TT>
        <CFMAX>1.8011816732423287</CFMAX>
        <SP>0</SP>
        <SFCF>0.7519715905842379</SFCF>
        <CFR>0.099999963913453033</CFR>
        <CWH>0.199999429041145</CWH>
        <CFGlacier>1</CFGlacier>
        <CFSlope>1</CFSlope>
        <FC>1707.8032381557059</FC>
        <LP>0.68402294581631173</LP>
        <BETA>2.0457684176121518</BETA>
      </SubCatchmentVegetationZoneParameters>
    </SubCatchmentVegetationZone>
  </SubCatchment>
</Catchment>