<?xml version="1.0" encoding="utf-8"?>
<Catchment xmlns:xsi="http://www.w3.org/2001/XMLSchema-instance" xmlns:xsd="http://www.w3.org/2001/XMLSchema">
  <CatchmentParameters>
    <KSI>0.001</KSI>
    <KGmin>0.05</KGmin>
    <RangeKG>0.1</RangeKG>
    <AG>0.1</AG>
    <PERC>5.8108027683856163</PERC>
    <Alpha>0.21730095962347376</Alpha>
    <UZL>132.26770624712134</UZL>
    <K0>0.22222581531110819</K0>
    <K1>0.79998260969663049</K1>
    <K2>0.022999519982325696</K2>
    <MAXBAS>1</MAXBAS>
    <Cet>0</Cet>
    <PCALT>16.24991558549495</PCALT>
    <TCALT>0.26617435553928331</TCALT>
    <Pelev>2537</Pelev>
    <Telev>2486</Telev>
    <PART>0.5</PART>
    <DELAY>1</DELAY>
  </CatchmentParameters>
  <VegetationZone>
    <VegetationZoneParameters>
      <TT>0.4965676918724749</TT>
      <CFMAX>4.3867159978412662</CFMAX>
      <SP>0</SP>
      <SFCF>1.1551616442035939</SFCF>
      <CFR>0.036914449222210682</CFR>
      <CWH>0.13430646633215254</CWH>
      <CFGlacier>1</CFGlacier>
      <CFSlope>1</CFSlope>
      <FC>2493.2646877086304</FC>
      <LP>0.48946364069085546</LP>
      <BETA>1.8293134136046316</BETA>
    </VegetationZoneParameters>
  </VegetationZone>
  <SubCatchment>
    <SubCatchmentParameters>
      <KSI>0.001</KSI>
      <KGmin>0.05</KGmin>
      <RangeKG>0.1</RangeKG>
      <AG>0.1</AG>
      <PERC>5.8108027683856163</PERC>
      <Alpha>0.21730095962347376</Alpha>
      <UZL>132.26770624712134</UZL>
      <K0>0.22222581531110819</K0>
      <K1>0.79998260969663049</K1>
      <K2>0.022999519982325696</K2>
      <MAXBAS>1</MAXBAS>
      <Cet>0</Cet>
      <PCALT>16.24991558549495</PCALT>
      <TCALT>0.26617435553928331</TCALT>
      <Pelev>2537</Pelev>
      <Telev>2486</Telev>
      <PART>0.5</PART>
      <DELAY>1</DELAY>
    </SubCatchmentParameters>
    <SubCatchmentVegetationZone>
      <SubCatchmentVegetationZoneParameters>
        <TT>0.4965676918724749</TT>
        <CFMAX>4.3867159978412662</CFMAX>
        <SP>0</SP>
        <SFCF>1.1551616442035939</SFCF>
        <CFR>0.036914449222210682</CFR>
        <CWH>0.13430646633215254</CWH>
        <CFGlacier>1</CFGlacier>
        <CFSlope>1</CFSlope>
        <FC>2493.2646877086304</FC>
        <LP>0.48946364069085546</LP>
        <BETA>1.8293134136046316</BETA>
      </SubCatchmentVegetationZoneParameters>
    </SubCatchmentVegetationZone>
  </SubCatchment>
</Catchment>