<?xml version="1.0" encoding="utf-8"?>
<Catchment xmlns:xsi="http://www.w3.org/2001/XMLSchema-instance" xmlns:xsd="http://www.w3.org/2001/XMLSchema">
  <CatchmentParameters>
    <KSI>0.001</KSI>
    <KGmin>0.05</KGmin>
    <RangeKG>0.1</RangeKG>
    <AG>0.1</AG>
    <PERC>1.8956312531167483</PERC>
    <Alpha>0.21730095962347376</Alpha>
    <UZL>114.95192100589887</UZL>
    <K0>0.84889484143348359</K0>
    <K1>0.01000003433034395</K1>
    <K2>0.025325516279907586</K2>
    <MAXBAS>1</MAXBAS>
    <Cet>0</Cet>
    <PCALT>19.999979107020479</PCALT>
    <TCALT>0.28633261169377444</TCALT>
    <Pelev>2537</Pelev>
    <Telev>2486</Telev>
    <PART>0.5</PART>
    <DELAY>1</DELAY>
  </CatchmentParameters>
  <VegetationZone>
    <VegetationZoneParameters>
      <TT>-1.3400871148422471</TT>
      <CFMAX>1.9618798587222865</CFMAX>
      <SP>0</SP>
      <SFCF>0.914041197437126</SFCF>
      <CFR>0.099997030459458167</CFR>
      <CWH>0.19999891111525778</CWH>
      <CFGlacier>1</CFGlacier>
      <CFSlope>1</CFSlope>
      <FC>2499.9999932932278</FC>
      <LP>0.55837271296580193</LP>
      <BETA>1.8453635402568815</BETA>
    </VegetationZoneParameters>
  </VegetationZone>
  <SubCatchment>
    <SubCatchmentParameters>
      <KSI>0.001</KSI>
      <KGmin>0.05</KGmin>
      <RangeKG>0.1</RangeKG>
      <AG>0.1</AG>
      <PERC>1.8956312531167483</PERC>
      <Alpha>0.21730095962347376</Alpha>
      <UZL>114.95192100589887</UZL>
      <K0>0.84889484143348359</K0>
      <K1>0.01000003433034395</K1>
      <K2>0.025325516279907586</K2>
      <MAXBAS>1</MAXBAS>
      <Cet>0</Cet>
      <PCALT>19.999979107020479</PCALT>
      <TCALT>0.28633261169377444</TCALT>
      <Pelev>2537</Pelev>
      <Telev>2486</Telev>
      <PART>0.5</PART>
      <DELAY>1</DELAY>
    </SubCatchmentParameters>
    <SubCatchmentVegetationZone>
      <SubCatchmentVegetationZoneParameters>
        <TT>-1.3400871148422471</TT>
        <CFMAX>1.9618798587222865</CFMAX>
        <SP>0</SP>
        <SFCF>0.914041197437126</SFCF>
        <CFR>0.099997030459458167</CFR>
        <CWH>0.19999891111525778</CWH>
        <CFGlacier>1</CFGlacier>
        <CFSlope>1</CFSlope>
        <FC>2499.9999932932278</FC>
        <LP>0.55837271296580193</LP>
        <BETA>1.8453635402568815</BETA>
      </SubCatchmentVegetationZoneParameters>
    </SubCatchmentVegetationZone>
  </SubCatchment>
</Catchment>