<?xml version="1.0" encoding="utf-8"?>
<Catchment xmlns:xsi="http://www.w3.org/2001/XMLSchema-instance" xmlns:xsd="http://www.w3.org/2001/XMLSchema">
  <CatchmentParameters>
    <KSI>0.001</KSI>
    <KGmin>0.05</KGmin>
    <RangeKG>0.1</RangeKG>
    <AG>0.1</AG>
    <PERC>2.340193273456094</PERC>
    <Alpha>0.21730095962347376</Alpha>
    <UZL>113.07829517656849</UZL>
    <K0>0.28908165977984435</K0>
    <K1>0.010000316638140784</K1>
    <K2>0.025300089103391786</K2>
    <MAXBAS>1</MAXBAS>
    <Cet>0</Cet>
    <PCALT>19.999992417159003</PCALT>
    <TCALT>0.19268492129598014</TCALT>
    <Pelev>2537</Pelev>
    <Telev>2486</Telev>
    <PART>0.5</PART>
    <DELAY>1</DELAY>
  </CatchmentParameters>
  <VegetationZone>
    <VegetationZoneParameters>
      <TT>-1.5196627813458845</TT>
      <CFMAX>1.2135646875539072</CFMAX>
      <SP>0</SP>
      <SFCF>0.87572823891100049</SFCF>
      <CFR>0.099998689610970387</CFR>
      <CWH>0.19999845112001011</CWH>
      <CFGlacier>1</CFGlacier>
      <CFSlope>1</CFSlope>
      <FC>2026.3302170549282</FC>
      <LP>0.7016812483493895</LP>
      <BETA>2.343431717668123</BETA>
    </VegetationZoneParameters>
  </VegetationZone>
  <SubCatchment>
    <SubCatchmentParameters>
      <KSI>0.001</KSI>
      <KGmin>0.05</KGmin>
      <RangeKG>0.1</RangeKG>
      <AG>0.1</AG>
      <PERC>2.340193273456094</PERC>
      <Alpha>0.21730095962347376</Alpha>
      <UZL>113.07829517656849</UZL>
      <K0>0.28908165977984435</K0>
      <K1>0.010000316638140784</K1>
      <K2>0.025300089103391786</K2>
      <MAXBAS>1</MAXBAS>
      <Cet>0</Cet>
      <PCALT>19.999992417159003</PCALT>
      <TCALT>0.19268492129598014</TCALT>
      <Pelev>2537</Pelev>
      <Telev>2486</Telev>
      <PART>0.5</PART>
      <DELAY>1</DELAY>
    </SubCatchmentParameters>
    <SubCatchmentVegetationZone>
      <SubCatchmentVegetationZoneParameters>
        <TT>-1.5196627813458845</TT>
        <CFMAX>1.2135646875539072</CFMAX>
        <SP>0</SP>
        <SFCF>0.87572823891100049</SFCF>
        <CFR>0.099998689610970387</CFR>
        <CWH>0.19999845112001011</CWH>
        <CFGlacier>1</CFGlacier>
        <CFSlope>1</CFSlope>
        <FC>2026.3302170549282</FC>
        <LP>0.7016812483493895</LP>
        <BETA>2.343431717668123</BETA>
      </SubCatchmentVegetationZoneParameters>
    </SubCatchmentVegetationZone>
  </SubCatchment>
</Catchment>