<?xml version="1.0" encoding="utf-8"?>
<Catchment xmlns:xsi="http://www.w3.org/2001/XMLSchema-instance" xmlns:xsd="http://www.w3.org/2001/XMLSchema">
  <CatchmentParameters>
    <KSI>0.001</KSI>
    <KGmin>0.05</KGmin>
    <RangeKG>0.1</RangeKG>
    <AG>0.1</AG>
    <PERC>1.9729062879842922</PERC>
    <Alpha>0.21730095962347376</Alpha>
    <UZL>103.0628300601328</UZL>
    <K0>0.23780973669203753</K0>
    <K1>0.010197553587228462</K1>
    <K2>0.02586664617620385</K2>
    <MAXBAS>1</MAXBAS>
    <Cet>0</Cet>
    <PCALT>19.999954016012335</PCALT>
    <TCALT>0.25645097251873228</TCALT>
    <Pelev>2537</Pelev>
    <Telev>2486</Telev>
    <PART>0.5</PART>
    <DELAY>1</DELAY>
  </CatchmentParameters>
  <VegetationZone>
    <VegetationZoneParameters>
      <TT>-1.2030434559733425</TT>
      <CFMAX>1.950909986743268</CFMAX>
      <SP>0</SP>
      <SFCF>0.86310959592530145</SFCF>
      <CFR>0.099999391236812549</CFR>
      <CWH>0.19999557556050776</CWH>
      <CFGlacier>1</CFGlacier>
      <CFSlope>1</CFSlope>
      <FC>2499.9996513737115</FC>
      <LP>0.43080075518461924</LP>
      <BETA>1.3756501811122817</BETA>
    </VegetationZoneParameters>
  </VegetationZone>
  <SubCatchment>
    <SubCatchmentParameters>
      <KSI>0.001</KSI>
      <KGmin>0.05</KGmin>
      <RangeKG>0.1</RangeKG>
      <AG>0.1</AG>
      <PERC>1.9729062879842922</PERC>
      <Alpha>0.21730095962347376</Alpha>
      <UZL>103.0628300601328</UZL>
      <K0>0.23780973669203753</K0>
      <K1>0.010197553587228462</K1>
      <K2>0.02586664617620385</K2>
      <MAXBAS>1</MAXBAS>
      <Cet>0</Cet>
      <PCALT>19.999954016012335</PCALT>
      <TCALT>0.25645097251873228</TCALT>
      <Pelev>2537</Pelev>
      <Telev>2486</Telev>
      <PART>0.5</PART>
      <DELAY>1</DELAY>
    </SubCatchmentParameters>
    <SubCatchmentVegetationZone>
      <SubCatchmentVegetationZoneParameters>
        <TT>-1.2030434559733425</TT>
        <CFMAX>1.950909986743268</CFMAX>
        <SP>0</SP>
        <SFCF>0.86310959592530145</SFCF>
        <CFR>0.099999391236812549</CFR>
        <CWH>0.19999557556050776</CWH>
        <CFGlacier>1</CFGlacier>
        <CFSlope>1</CFSlope>
        <FC>2499.9996513737115</FC>
        <LP>0.43080075518461924</LP>
        <BETA>1.3756501811122817</BETA>
      </SubCatchmentVegetationZoneParameters>
    </SubCatchmentVegetationZone>
  </SubCatchment>
</Catchment>