<?xml version="1.0" encoding="utf-8"?>
<Catchment xmlns:xsi="http://www.w3.org/2001/XMLSchema-instance" xmlns:xsd="http://www.w3.org/2001/XMLSchema">
  <CatchmentParameters>
    <KSI>0.001</KSI>
    <KGmin>0.05</KGmin>
    <RangeKG>0.1</RangeKG>
    <AG>0.1</AG>
    <PERC>2.296618365948575</PERC>
    <Alpha>0.21730095962347376</Alpha>
    <UZL>125.34519993046882</UZL>
    <K0>0.47308590011400592</K0>
    <K1>0.010000445178526354</K1>
    <K2>0.0252169520061592</K2>
    <MAXBAS>1</MAXBAS>
    <Cet>0</Cet>
    <PCALT>19.999879234748924</PCALT>
    <TCALT>0.087979588551033036</TCALT>
    <Pelev>2537</Pelev>
    <Telev>2486</Telev>
    <PART>0.5</PART>
    <DELAY>1</DELAY>
  </CatchmentParameters>
  <VegetationZone>
    <VegetationZoneParameters>
      <TT>-1.4638276694159289</TT>
      <CFMAX>1.796549903840637</CFMAX>
      <SP>0</SP>
      <SFCF>0.87758370445779021</SFCF>
      <CFR>0.0999985043255667</CFR>
      <CWH>0.19999751062084178</CWH>
      <CFGlacier>1</CFGlacier>
      <CFSlope>1</CFSlope>
      <FC>1737.9875080022218</FC>
      <LP>0.53888272425982442</LP>
      <BETA>1.5934652784119441</BETA>
    </VegetationZoneParameters>
  </VegetationZone>
  <SubCatchment>
    <SubCatchmentParameters>
      <KSI>0.001</KSI>
      <KGmin>0.05</KGmin>
      <RangeKG>0.1</RangeKG>
      <AG>0.1</AG>
      <PERC>2.296618365948575</PERC>
      <Alpha>0.21730095962347376</Alpha>
      <UZL>125.34519993046882</UZL>
      <K0>0.47308590011400592</K0>
      <K1>0.010000445178526354</K1>
      <K2>0.0252169520061592</K2>
      <MAXBAS>1</MAXBAS>
      <Cet>0</Cet>
      <PCALT>19.999879234748924</PCALT>
      <TCALT>0.087979588551033036</TCALT>
      <Pelev>2537</Pelev>
      <Telev>2486</Telev>
      <PART>0.5</PART>
      <DELAY>1</DELAY>
    </SubCatchmentParameters>
    <SubCatchmentVegetationZone>
      <SubCatchmentVegetationZoneParameters>
        <TT>-1.4638276694159289</TT>
        <CFMAX>1.796549903840637</CFMAX>
        <SP>0</SP>
        <SFCF>0.87758370445779021</SFCF>
        <CFR>0.0999985043255667</CFR>
        <CWH>0.19999751062084178</CWH>
        <CFGlacier>1</CFGlacier>
        <CFSlope>1</CFSlope>
        <FC>1737.9875080022218</FC>
        <LP>0.53888272425982442</LP>
        <BETA>1.5934652784119441</BETA>
      </SubCatchmentVegetationZoneParameters>
    </SubCatchmentVegetationZone>
  </SubCatchment>
</Catchment>