<?xml version="1.0" encoding="utf-8"?>
<Catchment xmlns:xsi="http://www.w3.org/2001/XMLSchema-instance" xmlns:xsd="http://www.w3.org/2001/XMLSchema">
  <CatchmentParameters>
    <KSI>0.001</KSI>
    <KGmin>0.05</KGmin>
    <RangeKG>0.1</RangeKG>
    <AG>0.1</AG>
    <PERC>2.9456321532473226</PERC>
    <Alpha>0.21730095962347376</Alpha>
    <UZL>65.088457808466828</UZL>
    <K0>0.20452551433321031</K0>
    <K1>0.010000395365608967</K1>
    <K2>0.027048190617587307</K2>
    <MAXBAS>1</MAXBAS>
    <Cet>0</Cet>
    <PCALT>19.00978279270133</PCALT>
    <TCALT>0.0348684543975386</TCALT>
    <Pelev>2537</Pelev>
    <Telev>2486</Telev>
    <PART>0.5</PART>
    <DELAY>1</DELAY>
  </CatchmentParameters>
  <VegetationZone>
    <VegetationZoneParameters>
      <TT>-1.3397511083316687</TT>
      <CFMAX>1.550753832061829</CFMAX>
      <SP>0</SP>
      <SFCF>0.62960573725220048</SFCF>
      <CFR>0.099999758315334933</CFR>
      <CWH>0.19999819518429887</CWH>
      <CFGlacier>1</CFGlacier>
      <CFSlope>1</CFSlope>
      <FC>1390.9669057341546</FC>
      <LP>0.71626248048009067</LP>
      <BETA>1.8776953600966195</BETA>
    </VegetationZoneParameters>
  </VegetationZone>
  <SubCatchment>
    <SubCatchmentParameters>
      <KSI>0.001</KSI>
      <KGmin>0.05</KGmin>
      <RangeKG>0.1</RangeKG>
      <AG>0.1</AG>
      <PERC>2.9456321532473226</PERC>
      <Alpha>0.21730095962347376</Alpha>
      <UZL>65.088457808466828</UZL>
      <K0>0.20452551433321031</K0>
      <K1>0.010000395365608967</K1>
      <K2>0.027048190617587307</K2>
      <MAXBAS>1</MAXBAS>
      <Cet>0</Cet>
      <PCALT>19.00978279270133</PCALT>
      <TCALT>0.0348684543975386</TCALT>
      <Pelev>2537</Pelev>
      <Telev>2486</Telev>
      <PART>0.5</PART>
      <DELAY>1</DELAY>
    </SubCatchmentParameters>
    <SubCatchmentVegetationZone>
      <SubCatchmentVegetationZoneParameters>
        <TT>-1.3397511083316687</TT>
        <CFMAX>1.550753832061829</CFMAX>
        <SP>0</SP>
        <SFCF>0.62960573725220048</SFCF>
        <CFR>0.099999758315334933</CFR>
        <CWH>0.19999819518429887</CWH>
        <CFGlacier>1</CFGlacier>
        <CFSlope>1</CFSlope>
        <FC>1390.9669057341546</FC>
        <LP>0.71626248048009067</LP>
        <BETA>1.8776953600966195</BETA>
      </SubCatchmentVegetationZoneParameters>
    </SubCatchmentVegetationZone>
  </SubCatchment>
</Catchment>