<?xml version="1.0" encoding="utf-8"?>
<Catchment xmlns:xsi="http://www.w3.org/2001/XMLSchema-instance" xmlns:xsd="http://www.w3.org/2001/XMLSchema">
  <CatchmentParameters>
    <KSI>0.001</KSI>
    <KGmin>0.05</KGmin>
    <RangeKG>0.1</RangeKG>
    <AG>0.1</AG>
    <PERC>1.8199546717404813</PERC>
    <Alpha>0.21730095962347376</Alpha>
    <UZL>119.68899933904054</UZL>
    <K0>0.27632005036305274</K0>
    <K1>0.010000002571489685</K1>
    <K2>0.025974784494489582</K2>
    <MAXBAS>1</MAXBAS>
    <Cet>0</Cet>
    <PCALT>17.107879579500302</PCALT>
    <TCALT>0.2748813351121015</TCALT>
    <Pelev>2537</Pelev>
    <Telev>2486</Telev>
    <PART>0.5</PART>
    <DELAY>1</DELAY>
  </CatchmentParameters>
  <VegetationZone>
    <VegetationZoneParameters>
      <TT>-1.2133647301874724</TT>
      <CFMAX>1.6628928369517075</CFMAX>
      <SP>0</SP>
      <SFCF>0.834186998555494</SFCF>
      <CFR>0.099999369282188624</CFR>
      <CWH>0.19999924292694002</CWH>
      <CFGlacier>1</CFGlacier>
      <CFSlope>1</CFSlope>
      <FC>2397.2664591382122</FC>
      <LP>0.62068044102531028</LP>
      <BETA>2.0596007869629727</BETA>
    </VegetationZoneParameters>
  </VegetationZone>
  <SubCatchment>
    <SubCatchmentParameters>
      <KSI>0.001</KSI>
      <KGmin>0.05</KGmin>
      <RangeKG>0.1</RangeKG>
      <AG>0.1</AG>
      <PERC>1.8199546717404813</PERC>
      <Alpha>0.21730095962347376</Alpha>
      <UZL>119.68899933904054</UZL>
      <K0>0.27632005036305274</K0>
      <K1>0.010000002571489685</K1>
      <K2>0.025974784494489582</K2>
      <MAXBAS>1</MAXBAS>
      <Cet>0</Cet>
      <PCALT>17.107879579500302</PCALT>
      <TCALT>0.2748813351121015</TCALT>
      <Pelev>2537</Pelev>
      <Telev>2486</Telev>
      <PART>0.5</PART>
      <DELAY>1</DELAY>
    </SubCatchmentParameters>
    <SubCatchmentVegetationZone>
      <SubCatchmentVegetationZoneParameters>
        <TT>-1.2133647301874724</TT>
        <CFMAX>1.6628928369517075</CFMAX>
        <SP>0</SP>
        <SFCF>0.834186998555494</SFCF>
        <CFR>0.099999369282188624</CFR>
        <CWH>0.19999924292694002</CWH>
        <CFGlacier>1</CFGlacier>
        <CFSlope>1</CFSlope>
        <FC>2397.2664591382122</FC>
        <LP>0.62068044102531028</LP>
        <BETA>2.0596007869629727</BETA>
      </SubCatchmentVegetationZoneParameters>
    </SubCatchmentVegetationZone>
  </SubCatchment>
</Catchment>