<?xml version="1.0" encoding="utf-8"?>
<Catchment xmlns:xsi="http://www.w3.org/2001/XMLSchema-instance" xmlns:xsd="http://www.w3.org/2001/XMLSchema">
  <CatchmentParameters>
    <KSI>0.001</KSI>
    <KGmin>0.05</KGmin>
    <RangeKG>0.1</RangeKG>
    <AG>0.1</AG>
    <PERC>2.825573727064139</PERC>
    <Alpha>0.21730095962347376</Alpha>
    <UZL>53.067604240391312</UZL>
    <K0>0.57158916186619746</K0>
    <K1>0.010000172071681062</K1>
    <K2>0.026289836798414911</K2>
    <MAXBAS>1</MAXBAS>
    <Cet>0</Cet>
    <PCALT>16.648773355652747</PCALT>
    <TCALT>0.40325887498777585</TCALT>
    <Pelev>2537</Pelev>
    <Telev>2486</Telev>
    <PART>0.5</PART>
    <DELAY>1</DELAY>
  </CatchmentParameters>
  <VegetationZone>
    <VegetationZoneParameters>
      <TT>-1.3795121032942983</TT>
      <CFMAX>1.467056511050417</CFMAX>
      <SP>0</SP>
      <SFCF>0.749595748988887</SFCF>
      <CFR>0.099995041042389946</CFR>
      <CWH>0.19999906008107371</CWH>
      <CFGlacier>1</CFGlacier>
      <CFSlope>1</CFSlope>
      <FC>2213.5076013857265</FC>
      <LP>0.39804971661595656</LP>
      <BETA>1.2318613634609241</BETA>
    </VegetationZoneParameters>
  </VegetationZone>
  <SubCatchment>
    <SubCatchmentParameters>
      <KSI>0.001</KSI>
      <KGmin>0.05</KGmin>
      <RangeKG>0.1</RangeKG>
      <AG>0.1</AG>
      <PERC>2.825573727064139</PERC>
      <Alpha>0.21730095962347376</Alpha>
      <UZL>53.067604240391312</UZL>
      <K0>0.57158916186619746</K0>
      <K1>0.010000172071681062</K1>
      <K2>0.026289836798414911</K2>
      <MAXBAS>1</MAXBAS>
      <Cet>0</Cet>
      <PCALT>16.648773355652747</PCALT>
      <TCALT>0.40325887498777585</TCALT>
      <Pelev>2537</Pelev>
      <Telev>2486</Telev>
      <PART>0.5</PART>
      <DELAY>1</DELAY>
    </SubCatchmentParameters>
    <SubCatchmentVegetationZone>
      <SubCatchmentVegetationZoneParameters>
        <TT>-1.3795121032942983</TT>
        <CFMAX>1.467056511050417</CFMAX>
        <SP>0</SP>
        <SFCF>0.749595748988887</SFCF>
        <CFR>0.099995041042389946</CFR>
        <CWH>0.19999906008107371</CWH>
        <CFGlacier>1</CFGlacier>
        <CFSlope>1</CFSlope>
        <FC>2213.5076013857265</FC>
        <LP>0.39804971661595656</LP>
        <BETA>1.2318613634609241</BETA>
      </SubCatchmentVegetationZoneParameters>
    </SubCatchmentVegetationZone>
  </SubCatchment>
</Catchment>