<?xml version="1.0" encoding="utf-8"?>
<Catchment xmlns:xsi="http://www.w3.org/2001/XMLSchema-instance" xmlns:xsd="http://www.w3.org/2001/XMLSchema">
  <CatchmentParameters>
    <KSI>0.001</KSI>
    <KGmin>0.05</KGmin>
    <RangeKG>0.1</RangeKG>
    <AG>0.1</AG>
    <PERC>2.2293820806302822</PERC>
    <Alpha>0.21730095962347376</Alpha>
    <UZL>86.618783413232464</UZL>
    <K0>0.38169407303738689</K0>
    <K1>0.010000885720364214</K1>
    <K2>0.026335471084108119</K2>
    <MAXBAS>1</MAXBAS>
    <Cet>0</Cet>
    <PCALT>19.999998910867983</PCALT>
    <TCALT>0.034023041463607684</TCALT>
    <Pelev>2537</Pelev>
    <Telev>2486</Telev>
    <PART>0.5</PART>
    <DELAY>1</DELAY>
  </CatchmentParameters>
  <VegetationZone>
    <VegetationZoneParameters>
      <TT>-1.3387976649356708</TT>
      <CFMAX>1.2263932968212721</CFMAX>
      <SP>0</SP>
      <SFCF>0.79909465307927019</SFCF>
      <CFR>0.0999991789027503</CFR>
      <CWH>0.19249637061863961</CWH>
      <CFGlacier>1</CFGlacier>
      <CFSlope>1</CFSlope>
      <FC>2013.2093380291788</FC>
      <LP>0.61191928428382891</LP>
      <BETA>1.8774973797879326</BETA>
    </VegetationZoneParameters>
  </VegetationZone>
  <SubCatchment>
    <SubCatchmentParameters>
      <KSI>0.001</KSI>
      <KGmin>0.05</KGmin>
      <RangeKG>0.1</RangeKG>
      <AG>0.1</AG>
      <PERC>2.2293820806302822</PERC>
      <Alpha>0.21730095962347376</Alpha>
      <UZL>86.618783413232464</UZL>
      <K0>0.38169407303738689</K0>
      <K1>0.010000885720364214</K1>
      <K2>0.026335471084108119</K2>
      <MAXBAS>1</MAXBAS>
      <Cet>0</Cet>
      <PCALT>19.999998910867983</PCALT>
      <TCALT>0.034023041463607684</TCALT>
      <Pelev>2537</Pelev>
      <Telev>2486</Telev>
      <PART>0.5</PART>
      <DELAY>1</DELAY>
    </SubCatchmentParameters>
    <SubCatchmentVegetationZone>
      <SubCatchmentVegetationZoneParameters>
        <TT>-1.3387976649356708</TT>
        <CFMAX>1.2263932968212721</CFMAX>
        <SP>0</SP>
        <SFCF>0.79909465307927019</SFCF>
        <CFR>0.0999991789027503</CFR>
        <CWH>0.19249637061863961</CWH>
        <CFGlacier>1</CFGlacier>
        <CFSlope>1</CFSlope>
        <FC>2013.2093380291788</FC>
        <LP>0.61191928428382891</LP>
        <BETA>1.8774973797879326</BETA>
      </SubCatchmentVegetationZoneParameters>
    </SubCatchmentVegetationZone>
  </SubCatchment>
</Catchment>