<?xml version="1.0" encoding="utf-8"?>
<Catchment xmlns:xsi="http://www.w3.org/2001/XMLSchema-instance" xmlns:xsd="http://www.w3.org/2001/XMLSchema">
  <CatchmentParameters>
    <KSI>0.001</KSI>
    <KGmin>0.05</KGmin>
    <RangeKG>0.1</RangeKG>
    <AG>0.1</AG>
    <PERC>5.4948179772656971</PERC>
    <Alpha>0.21730095962347376</Alpha>
    <UZL>122.92661598107935</UZL>
    <K0>0.26965493420733844</K0>
    <K1>0.7999712064009652</K1>
    <K2>0.023284152155259741</K2>
    <MAXBAS>1</MAXBAS>
    <Cet>0</Cet>
    <PCALT>17.740203904242623</PCALT>
    <TCALT>0.074235155409182879</TCALT>
    <Pelev>2537</Pelev>
    <Telev>2486</Telev>
    <PART>0.5</PART>
    <DELAY>1</DELAY>
  </CatchmentParameters>
  <VegetationZone>
    <VegetationZoneParameters>
      <TT>0.24468826521457457</TT>
      <CFMAX>4.0392467053661791</CFMAX>
      <SP>0</SP>
      <SFCF>1.1325382192800964</SFCF>
      <CFR>0.056180975331029205</CFR>
      <CWH>0.16210250181641789</CWH>
      <CFGlacier>1</CFGlacier>
      <CFSlope>1</CFSlope>
      <FC>2499.9992243149886</FC>
      <LP>0.3058383134916341</LP>
      <BETA>1.187744008219692</BETA>
    </VegetationZoneParameters>
  </VegetationZone>
  <SubCatchment>
    <SubCatchmentParameters>
      <KSI>0.001</KSI>
      <KGmin>0.05</KGmin>
      <RangeKG>0.1</RangeKG>
      <AG>0.1</AG>
      <PERC>5.4948179772656971</PERC>
      <Alpha>0.21730095962347376</Alpha>
      <UZL>122.92661598107935</UZL>
      <K0>0.26965493420733844</K0>
      <K1>0.7999712064009652</K1>
      <K2>0.023284152155259741</K2>
      <MAXBAS>1</MAXBAS>
      <Cet>0</Cet>
      <PCALT>17.740203904242623</PCALT>
      <TCALT>0.074235155409182879</TCALT>
      <Pelev>2537</Pelev>
      <Telev>2486</Telev>
      <PART>0.5</PART>
      <DELAY>1</DELAY>
    </SubCatchmentParameters>
    <SubCatchmentVegetationZone>
      <SubCatchmentVegetationZoneParameters>
        <TT>0.24468826521457457</TT>
        <CFMAX>4.0392467053661791</CFMAX>
        <SP>0</SP>
        <SFCF>1.1325382192800964</SFCF>
        <CFR>0.056180975331029205</CFR>
        <CWH>0.16210250181641789</CWH>
        <CFGlacier>1</CFGlacier>
        <CFSlope>1</CFSlope>
        <FC>2499.9992243149886</FC>
        <LP>0.3058383134916341</LP>
        <BETA>1.187744008219692</BETA>
      </SubCatchmentVegetationZoneParameters>
    </SubCatchmentVegetationZone>
  </SubCatchment>
</Catchment>