<?xml version="1.0" encoding="utf-8"?>
<Catchment xmlns:xsi="http://www.w3.org/2001/XMLSchema-instance" xmlns:xsd="http://www.w3.org/2001/XMLSchema">
  <CatchmentParameters>
    <KSI>0.001</KSI>
    <KGmin>0.05</KGmin>
    <RangeKG>0.1</RangeKG>
    <AG>0.1</AG>
    <PERC>1.9139774405456171</PERC>
    <Alpha>0.21730095962347376</Alpha>
    <UZL>91.316891178759178</UZL>
    <K0>0.5497038795547915</K0>
    <K1>0.010000211381149258</K1>
    <K2>0.025323590696822367</K2>
    <MAXBAS>1</MAXBAS>
    <Cet>0</Cet>
    <PCALT>19.718658318820513</PCALT>
    <TCALT>0.36391176360037053</TCALT>
    <Pelev>2537</Pelev>
    <Telev>2486</Telev>
    <PART>0.5</PART>
    <DELAY>1</DELAY>
  </CatchmentParameters>
  <VegetationZone>
    <VegetationZoneParameters>
      <TT>-1.1544472574579547</TT>
      <CFMAX>1.7931792917564338</CFMAX>
      <SP>0</SP>
      <SFCF>0.9184677785185178</SFCF>
      <CFR>0.099998934548962554</CFR>
      <CWH>0.19373365053297606</CWH>
      <CFGlacier>1</CFGlacier>
      <CFSlope>1</CFSlope>
      <FC>2382.8482078170086</FC>
      <LP>0.61203928653645634</LP>
      <BETA>2.0738155792252218</BETA>
    </VegetationZoneParameters>
  </VegetationZone>
  <SubCatchment>
    <SubCatchmentParameters>
      <KSI>0.001</KSI>
      <KGmin>0.05</KGmin>
      <RangeKG>0.1</RangeKG>
      <AG>0.1</AG>
      <PERC>1.9139774405456171</PERC>
      <Alpha>0.21730095962347376</Alpha>
      <UZL>91.316891178759178</UZL>
      <K0>0.5497038795547915</K0>
      <K1>0.010000211381149258</K1>
      <K2>0.025323590696822367</K2>
      <MAXBAS>1</MAXBAS>
      <Cet>0</Cet>
      <PCALT>19.718658318820513</PCALT>
      <TCALT>0.36391176360037053</TCALT>
      <Pelev>2537</Pelev>
      <Telev>2486</Telev>
      <PART>0.5</PART>
      <DELAY>1</DELAY>
    </SubCatchmentParameters>
    <SubCatchmentVegetationZone>
      <SubCatchmentVegetationZoneParameters>
        <TT>-1.1544472574579547</TT>
        <CFMAX>1.7931792917564338</CFMAX>
        <SP>0</SP>
        <SFCF>0.9184677785185178</SFCF>
        <CFR>0.099998934548962554</CFR>
        <CWH>0.19373365053297606</CWH>
        <CFGlacier>1</CFGlacier>
        <CFSlope>1</CFSlope>
        <FC>2382.8482078170086</FC>
        <LP>0.61203928653645634</LP>
        <BETA>2.0738155792252218</BETA>
      </SubCatchmentVegetationZoneParameters>
    </SubCatchmentVegetationZone>
  </SubCatchment>
</Catchment>