<?xml version="1.0" encoding="utf-8"?>
<Catchment xmlns:xsi="http://www.w3.org/2001/XMLSchema-instance" xmlns:xsd="http://www.w3.org/2001/XMLSchema">
  <CatchmentParameters>
    <KSI>0.001</KSI>
    <KGmin>0.05</KGmin>
    <RangeKG>0.1</RangeKG>
    <AG>0.1</AG>
    <PERC>1.7804169380415751</PERC>
    <Alpha>0.21730095962347376</Alpha>
    <UZL>59.735329643893436</UZL>
    <K0>0.49625373303772918</K0>
    <K1>0.01001958574824589</K1>
    <K2>0.026434561667720066</K2>
    <MAXBAS>1</MAXBAS>
    <Cet>0</Cet>
    <PCALT>6.5800215294069826</PCALT>
    <TCALT>0.28519419474288821</TCALT>
    <Pelev>2537</Pelev>
    <Telev>2486</Telev>
    <PART>0.5</PART>
    <DELAY>1</DELAY>
  </CatchmentParameters>
  <VegetationZone>
    <VegetationZoneParameters>
      <TT>-1.2285763346253786</TT>
      <CFMAX>2.1913573118659468</CFMAX>
      <SP>0</SP>
      <SFCF>0.77482602192368011</SFCF>
      <CFR>0.09999743022859961</CFR>
      <CWH>0.19999718744328668</CWH>
      <CFGlacier>1</CFGlacier>
      <CFSlope>1</CFSlope>
      <FC>2461.8800523643263</FC>
      <LP>0.60438600158796474</LP>
      <BETA>2.0430522522967554</BETA>
    </VegetationZoneParameters>
  </VegetationZone>
  <SubCatchment>
    <SubCatchmentParameters>
      <KSI>0.001</KSI>
      <KGmin>0.05</KGmin>
      <RangeKG>0.1</RangeKG>
      <AG>0.1</AG>
      <PERC>1.7804169380415751</PERC>
      <Alpha>0.21730095962347376</Alpha>
      <UZL>59.735329643893436</UZL>
      <K0>0.49625373303772918</K0>
      <K1>0.01001958574824589</K1>
      <K2>0.026434561667720066</K2>
      <MAXBAS>1</MAXBAS>
      <Cet>0</Cet>
      <PCALT>6.5800215294069826</PCALT>
      <TCALT>0.28519419474288821</TCALT>
      <Pelev>2537</Pelev>
      <Telev>2486</Telev>
      <PART>0.5</PART>
      <DELAY>1</DELAY>
    </SubCatchmentParameters>
    <SubCatchmentVegetationZone>
      <SubCatchmentVegetationZoneParameters>
        <TT>-1.2285763346253786</TT>
        <CFMAX>2.1913573118659468</CFMAX>
        <SP>0</SP>
        <SFCF>0.77482602192368011</SFCF>
        <CFR>0.09999743022859961</CFR>
        <CWH>0.19999718744328668</CWH>
        <CFGlacier>1</CFGlacier>
        <CFSlope>1</CFSlope>
        <FC>2461.8800523643263</FC>
        <LP>0.60438600158796474</LP>
        <BETA>2.0430522522967554</BETA>
      </SubCatchmentVegetationZoneParameters>
    </SubCatchmentVegetationZone>
  </SubCatchment>
</Catchment>