<?xml version="1.0" encoding="utf-8"?>
<Catchment xmlns:xsi="http://www.w3.org/2001/XMLSchema-instance" xmlns:xsd="http://www.w3.org/2001/XMLSchema">
  <CatchmentParameters>
    <KSI>0.001</KSI>
    <KGmin>0.05</KGmin>
    <RangeKG>0.1</RangeKG>
    <AG>0.1</AG>
    <PERC>2.0691330123517053</PERC>
    <Alpha>0.21730095962347376</Alpha>
    <UZL>112.36582800178512</UZL>
    <K0>0.071332000709348115</K0>
    <K1>0.010000253624748939</K1>
    <K2>0.026215559672439319</K2>
    <MAXBAS>1</MAXBAS>
    <Cet>0</Cet>
    <PCALT>8.87562401655573</PCALT>
    <TCALT>0.39678656746725377</TCALT>
    <Pelev>2537</Pelev>
    <Telev>2486</Telev>
    <PART>0.5</PART>
    <DELAY>1</DELAY>
  </CatchmentParameters>
  <VegetationZone>
    <VegetationZoneParameters>
      <TT>-1.16430962565005</TT>
      <CFMAX>2.12504918395717</CFMAX>
      <SP>0</SP>
      <SFCF>0.76952945226883762</SFCF>
      <CFR>0.099998732554819184</CFR>
      <CWH>0.19999783371690563</CWH>
      <CFGlacier>1</CFGlacier>
      <CFSlope>1</CFSlope>
      <FC>2019.9552065327428</FC>
      <LP>0.54279499289038613</LP>
      <BETA>1.6783475953910461</BETA>
    </VegetationZoneParameters>
  </VegetationZone>
  <SubCatchment>
    <SubCatchmentParameters>
      <KSI>0.001</KSI>
      <KGmin>0.05</KGmin>
      <RangeKG>0.1</RangeKG>
      <AG>0.1</AG>
      <PERC>2.0691330123517053</PERC>
      <Alpha>0.21730095962347376</Alpha>
      <UZL>112.36582800178512</UZL>
      <K0>0.071332000709348115</K0>
      <K1>0.010000253624748939</K1>
      <K2>0.026215559672439319</K2>
      <MAXBAS>1</MAXBAS>
      <Cet>0</Cet>
      <PCALT>8.87562401655573</PCALT>
      <TCALT>0.39678656746725377</TCALT>
      <Pelev>2537</Pelev>
      <Telev>2486</Telev>
      <PART>0.5</PART>
      <DELAY>1</DELAY>
    </SubCatchmentParameters>
    <SubCatchmentVegetationZone>
      <SubCatchmentVegetationZoneParameters>
        <TT>-1.16430962565005</TT>
        <CFMAX>2.12504918395717</CFMAX>
        <SP>0</SP>
        <SFCF>0.76952945226883762</SFCF>
        <CFR>0.099998732554819184</CFR>
        <CWH>0.19999783371690563</CWH>
        <CFGlacier>1</CFGlacier>
        <CFSlope>1</CFSlope>
        <FC>2019.9552065327428</FC>
        <LP>0.54279499289038613</LP>
        <BETA>1.6783475953910461</BETA>
      </SubCatchmentVegetationZoneParameters>
    </SubCatchmentVegetationZone>
  </SubCatchment>
</Catchment>