<?xml version="1.0" encoding="utf-8"?>
<Catchment xmlns:xsi="http://www.w3.org/2001/XMLSchema-instance" xmlns:xsd="http://www.w3.org/2001/XMLSchema">
  <CatchmentParameters>
    <KSI>0.001</KSI>
    <KGmin>0.05</KGmin>
    <RangeKG>0.1</RangeKG>
    <AG>0.1</AG>
    <PERC>5.9481222336820379</PERC>
    <Alpha>0.21730095962347376</Alpha>
    <UZL>61.7059544829054</UZL>
    <K0>0.16042506797277811</K0>
    <K1>0.79998917578119844</K1>
    <K2>0.023866721672585807</K2>
    <MAXBAS>1</MAXBAS>
    <Cet>0</Cet>
    <PCALT>19.078122663035142</PCALT>
    <TCALT>0.13677740128284652</TCALT>
    <Pelev>2537</Pelev>
    <Telev>2486</Telev>
    <PART>0.5</PART>
    <DELAY>1</DELAY>
  </CatchmentParameters>
  <VegetationZone>
    <VegetationZoneParameters>
      <TT>0.49224598619674909</TT>
      <CFMAX>4.0522183983610418</CFMAX>
      <SP>0</SP>
      <SFCF>1.0881389040261529</SFCF>
      <CFR>0.047290816086658922</CFR>
      <CWH>0.17885584566497823</CWH>
      <CFGlacier>1</CFGlacier>
      <CFSlope>1</CFSlope>
      <FC>2499.9998954045564</FC>
      <LP>0.47586296697999769</LP>
      <BETA>1.6965129742738803</BETA>
    </VegetationZoneParameters>
  </VegetationZone>
  <SubCatchment>
    <SubCatchmentParameters>
      <KSI>0.001</KSI>
      <KGmin>0.05</KGmin>
      <RangeKG>0.1</RangeKG>
      <AG>0.1</AG>
      <PERC>5.9481222336820379</PERC>
      <Alpha>0.21730095962347376</Alpha>
      <UZL>61.7059544829054</UZL>
      <K0>0.16042506797277811</K0>
      <K1>0.79998917578119844</K1>
      <K2>0.023866721672585807</K2>
      <MAXBAS>1</MAXBAS>
      <Cet>0</Cet>
      <PCALT>19.078122663035142</PCALT>
      <TCALT>0.13677740128284652</TCALT>
      <Pelev>2537</Pelev>
      <Telev>2486</Telev>
      <PART>0.5</PART>
      <DELAY>1</DELAY>
    </SubCatchmentParameters>
    <SubCatchmentVegetationZone>
      <SubCatchmentVegetationZoneParameters>
        <TT>0.49224598619674909</TT>
        <CFMAX>4.0522183983610418</CFMAX>
        <SP>0</SP>
        <SFCF>1.0881389040261529</SFCF>
        <CFR>0.047290816086658922</CFR>
        <CWH>0.17885584566497823</CWH>
        <CFGlacier>1</CFGlacier>
        <CFSlope>1</CFSlope>
        <FC>2499.9998954045564</FC>
        <LP>0.47586296697999769</LP>
        <BETA>1.6965129742738803</BETA>
      </SubCatchmentVegetationZoneParameters>
    </SubCatchmentVegetationZone>
  </SubCatchment>
</Catchment>