<?xml version="1.0" encoding="utf-8"?>
<Catchment xmlns:xsi="http://www.w3.org/2001/XMLSchema-instance" xmlns:xsd="http://www.w3.org/2001/XMLSchema">
  <CatchmentParameters>
    <KSI>0.001</KSI>
    <KGmin>0.05</KGmin>
    <RangeKG>0.1</RangeKG>
    <AG>0.1</AG>
    <PERC>3.1523634245447893</PERC>
    <Alpha>0.21730095962347376</Alpha>
    <UZL>154.0039940517388</UZL>
    <K0>0.080554752256484619</K0>
    <K1>0.010000235810732417</K1>
    <K2>0.024967199869097494</K2>
    <MAXBAS>1</MAXBAS>
    <Cet>0</Cet>
    <PCALT>17.977318934298474</PCALT>
    <TCALT>0.37994932105064527</TCALT>
    <Pelev>2537</Pelev>
    <Telev>2486</Telev>
    <PART>0.5</PART>
    <DELAY>1</DELAY>
  </CatchmentParameters>
  <VegetationZone>
    <VegetationZoneParameters>
      <TT>-1.157125695835785</TT>
      <CFMAX>2.2766079308193494</CFMAX>
      <SP>0</SP>
      <SFCF>0.83965531619660461</SFCF>
      <CFR>0.099999221144940864</CFR>
      <CWH>0.19999821069143142</CWH>
      <CFGlacier>1</CFGlacier>
      <CFSlope>1</CFSlope>
      <FC>1184.7578156641266</FC>
      <LP>0.72419554255495056</LP>
      <BETA>2.0194524746118581</BETA>
    </VegetationZoneParameters>
  </VegetationZone>
  <SubCatchment>
    <SubCatchmentParameters>
      <KSI>0.001</KSI>
      <KGmin>0.05</KGmin>
      <RangeKG>0.1</RangeKG>
      <AG>0.1</AG>
      <PERC>3.1523634245447893</PERC>
      <Alpha>0.21730095962347376</Alpha>
      <UZL>154.0039940517388</UZL>
      <K0>0.080554752256484619</K0>
      <K1>0.010000235810732417</K1>
      <K2>0.024967199869097494</K2>
      <MAXBAS>1</MAXBAS>
      <Cet>0</Cet>
      <PCALT>17.977318934298474</PCALT>
      <TCALT>0.37994932105064527</TCALT>
      <Pelev>2537</Pelev>
      <Telev>2486</Telev>
      <PART>0.5</PART>
      <DELAY>1</DELAY>
    </SubCatchmentParameters>
    <SubCatchmentVegetationZone>
      <SubCatchmentVegetationZoneParameters>
        <TT>-1.157125695835785</TT>
        <CFMAX>2.2766079308193494</CFMAX>
        <SP>0</SP>
        <SFCF>0.83965531619660461</SFCF>
        <CFR>0.099999221144940864</CFR>
        <CWH>0.19999821069143142</CWH>
        <CFGlacier>1</CFGlacier>
        <CFSlope>1</CFSlope>
        <FC>1184.7578156641266</FC>
        <LP>0.72419554255495056</LP>
        <BETA>2.0194524746118581</BETA>
      </SubCatchmentVegetationZoneParameters>
    </SubCatchmentVegetationZone>
  </SubCatchment>
</Catchment>