<?xml version="1.0" encoding="utf-8"?>
<Catchment xmlns:xsi="http://www.w3.org/2001/XMLSchema-instance" xmlns:xsd="http://www.w3.org/2001/XMLSchema">
  <CatchmentParameters>
    <KSI>0.001</KSI>
    <KGmin>0.05</KGmin>
    <RangeKG>0.1</RangeKG>
    <AG>0.1</AG>
    <PERC>2.7467554047381371</PERC>
    <Alpha>0.21730095962347376</Alpha>
    <UZL>140.44181589839474</UZL>
    <K0>0.48289595354303805</K0>
    <K1>0.010000539217646289</K1>
    <K2>0.02413382353713759</K2>
    <MAXBAS>1</MAXBAS>
    <Cet>0</Cet>
    <PCALT>12.126296667988518</PCALT>
    <TCALT>0.392775670938053</TCALT>
    <Pelev>2537</Pelev>
    <Telev>2486</Telev>
    <PART>0.5</PART>
    <DELAY>1</DELAY>
  </CatchmentParameters>
  <VegetationZone>
    <VegetationZoneParameters>
      <TT>0.458223014003588</TT>
      <CFMAX>4.0841296672792433</CFMAX>
      <SP>0</SP>
      <SFCF>1.0504896708368465</SFCF>
      <CFR>0.050026147499785109</CFR>
      <CWH>0.19998616173866157</CWH>
      <CFGlacier>1</CFGlacier>
      <CFSlope>1</CFSlope>
      <FC>2492.932045839776</FC>
      <LP>0.43873927001555224</LP>
      <BETA>1.5975111536915652</BETA>
    </VegetationZoneParameters>
  </VegetationZone>
  <SubCatchment>
    <SubCatchmentParameters>
      <KSI>0.001</KSI>
      <KGmin>0.05</KGmin>
      <RangeKG>0.1</RangeKG>
      <AG>0.1</AG>
      <PERC>2.7467554047381371</PERC>
      <Alpha>0.21730095962347376</Alpha>
      <UZL>140.44181589839474</UZL>
      <K0>0.48289595354303805</K0>
      <K1>0.010000539217646289</K1>
      <K2>0.02413382353713759</K2>
      <MAXBAS>1</MAXBAS>
      <Cet>0</Cet>
      <PCALT>12.126296667988518</PCALT>
      <TCALT>0.392775670938053</TCALT>
      <Pelev>2537</Pelev>
      <Telev>2486</Telev>
      <PART>0.5</PART>
      <DELAY>1</DELAY>
    </SubCatchmentParameters>
    <SubCatchmentVegetationZone>
      <SubCatchmentVegetationZoneParameters>
        <TT>0.458223014003588</TT>
        <CFMAX>4.0841296672792433</CFMAX>
        <SP>0</SP>
        <SFCF>1.0504896708368465</SFCF>
        <CFR>0.050026147499785109</CFR>
        <CWH>0.19998616173866157</CWH>
        <CFGlacier>1</CFGlacier>
        <CFSlope>1</CFSlope>
        <FC>2492.932045839776</FC>
        <LP>0.43873927001555224</LP>
        <BETA>1.5975111536915652</BETA>
      </SubCatchmentVegetationZoneParameters>
    </SubCatchmentVegetationZone>
  </SubCatchment>
</Catchment>