<?xml version="1.0" encoding="utf-8"?>
<Catchment xmlns:xsi="http://www.w3.org/2001/XMLSchema-instance" xmlns:xsd="http://www.w3.org/2001/XMLSchema">
  <CatchmentParameters>
    <KSI>0.001</KSI>
    <KGmin>0.05</KGmin>
    <RangeKG>0.1</RangeKG>
    <AG>0.1</AG>
    <PERC>2.276646189561101</PERC>
    <Alpha>0.21730095962347376</Alpha>
    <UZL>87.037328142200167</UZL>
    <K0>0.11451287311471373</K0>
    <K1>0.010000002839136568</K1>
    <K2>0.024848141657224224</K2>
    <MAXBAS>1</MAXBAS>
    <Cet>0</Cet>
    <PCALT>15.520904015293448</PCALT>
    <TCALT>0.15221184824710798</TCALT>
    <Pelev>2537</Pelev>
    <Telev>2486</Telev>
    <PART>0.5</PART>
    <DELAY>1</DELAY>
  </CatchmentParameters>
  <VegetationZone>
    <VegetationZoneParameters>
      <TT>-1.4735244554878797</TT>
      <CFMAX>1.5332003697630192</CFMAX>
      <SP>0</SP>
      <SFCF>0.92777618990981225</SFCF>
      <CFR>0.099999387047230132</CFR>
      <CWH>0.19999927675938573</CWH>
      <CFGlacier>1</CFGlacier>
      <CFSlope>1</CFSlope>
      <FC>2049.2181469135476</FC>
      <LP>0.44966795089346823</LP>
      <BETA>1.4497848114801766</BETA>
    </VegetationZoneParameters>
  </VegetationZone>
  <SubCatchment>
    <SubCatchmentParameters>
      <KSI>0.001</KSI>
      <KGmin>0.05</KGmin>
      <RangeKG>0.1</RangeKG>
      <AG>0.1</AG>
      <PERC>2.276646189561101</PERC>
      <Alpha>0.21730095962347376</Alpha>
      <UZL>87.037328142200167</UZL>
      <K0>0.11451287311471373</K0>
      <K1>0.010000002839136568</K1>
      <K2>0.024848141657224224</K2>
      <MAXBAS>1</MAXBAS>
      <Cet>0</Cet>
      <PCALT>15.520904015293448</PCALT>
      <TCALT>0.15221184824710798</TCALT>
      <Pelev>2537</Pelev>
      <Telev>2486</Telev>
      <PART>0.5</PART>
      <DELAY>1</DELAY>
    </SubCatchmentParameters>
    <SubCatchmentVegetationZone>
      <SubCatchmentVegetationZoneParameters>
        <TT>-1.4735244554878797</TT>
        <CFMAX>1.5332003697630192</CFMAX>
        <SP>0</SP>
        <SFCF>0.92777618990981225</SFCF>
        <CFR>0.099999387047230132</CFR>
        <CWH>0.19999927675938573</CWH>
        <CFGlacier>1</CFGlacier>
        <CFSlope>1</CFSlope>
        <FC>2049.2181469135476</FC>
        <LP>0.44966795089346823</LP>
        <BETA>1.4497848114801766</BETA>
      </SubCatchmentVegetationZoneParameters>
    </SubCatchmentVegetationZone>
  </SubCatchment>
</Catchment>