<?xml version="1.0" encoding="utf-8"?>
<Catchment xmlns:xsi="http://www.w3.org/2001/XMLSchema-instance" xmlns:xsd="http://www.w3.org/2001/XMLSchema">
  <CatchmentParameters>
    <KSI>0.001</KSI>
    <KGmin>0.05</KGmin>
    <RangeKG>0.1</RangeKG>
    <AG>0.1</AG>
    <PERC>2.3064310716473591</PERC>
    <Alpha>0.21730095962347376</Alpha>
    <UZL>81.812477517451711</UZL>
    <K0>0.075925714756900534</K0>
    <K1>0.010000055701603172</K1>
    <K2>0.026440883471913715</K2>
    <MAXBAS>1</MAXBAS>
    <Cet>0</Cet>
    <PCALT>19.474001105238781</PCALT>
    <TCALT>0.21817124562760648</TCALT>
    <Pelev>2537</Pelev>
    <Telev>2486</Telev>
    <PART>0.5</PART>
    <DELAY>1</DELAY>
  </CatchmentParameters>
  <VegetationZone>
    <VegetationZoneParameters>
      <TT>-1.3488317941361461</TT>
      <CFMAX>1.3988358530995784</CFMAX>
      <SP>0</SP>
      <SFCF>0.75909923167120252</SFCF>
      <CFR>0.099999982318383</CFR>
      <CWH>0.19999862979063288</CWH>
      <CFGlacier>1</CFGlacier>
      <CFSlope>1</CFSlope>
      <FC>1783.054419049394</FC>
      <LP>0.64009783800793008</LP>
      <BETA>1.8775185364660947</BETA>
    </VegetationZoneParameters>
  </VegetationZone>
  <SubCatchment>
    <SubCatchmentParameters>
      <KSI>0.001</KSI>
      <KGmin>0.05</KGmin>
      <RangeKG>0.1</RangeKG>
      <AG>0.1</AG>
      <PERC>2.3064310716473591</PERC>
      <Alpha>0.21730095962347376</Alpha>
      <UZL>81.812477517451711</UZL>
      <K0>0.075925714756900534</K0>
      <K1>0.010000055701603172</K1>
      <K2>0.026440883471913715</K2>
      <MAXBAS>1</MAXBAS>
      <Cet>0</Cet>
      <PCALT>19.474001105238781</PCALT>
      <TCALT>0.21817124562760648</TCALT>
      <Pelev>2537</Pelev>
      <Telev>2486</Telev>
      <PART>0.5</PART>
      <DELAY>1</DELAY>
    </SubCatchmentParameters>
    <SubCatchmentVegetationZone>
      <SubCatchmentVegetationZoneParameters>
        <TT>-1.3488317941361461</TT>
        <CFMAX>1.3988358530995784</CFMAX>
        <SP>0</SP>
        <SFCF>0.75909923167120252</SFCF>
        <CFR>0.099999982318383</CFR>
        <CWH>0.19999862979063288</CWH>
        <CFGlacier>1</CFGlacier>
        <CFSlope>1</CFSlope>
        <FC>1783.054419049394</FC>
        <LP>0.64009783800793008</LP>
        <BETA>1.8775185364660947</BETA>
      </SubCatchmentVegetationZoneParameters>
    </SubCatchmentVegetationZone>
  </SubCatchment>
</Catchment>