<?xml version="1.0" encoding="utf-8"?>
<Catchment xmlns:xsi="http://www.w3.org/2001/XMLSchema-instance" xmlns:xsd="http://www.w3.org/2001/XMLSchema">
  <CatchmentParameters>
    <KSI>0.001</KSI>
    <KGmin>0.05</KGmin>
    <RangeKG>0.1</RangeKG>
    <AG>0.1</AG>
    <PERC>1.9532020241163843</PERC>
    <Alpha>0.21730095962347376</Alpha>
    <UZL>98.180142186783058</UZL>
    <K0>0.060754370549381737</K0>
    <K1>0.010000122304114935</K1>
    <K2>0.025207261347500766</K2>
    <MAXBAS>1</MAXBAS>
    <Cet>0</Cet>
    <PCALT>12.753134514576699</PCALT>
    <TCALT>0.30376916985333358</TCALT>
    <Pelev>2537</Pelev>
    <Telev>2486</Telev>
    <PART>0.5</PART>
    <DELAY>1</DELAY>
  </CatchmentParameters>
  <VegetationZone>
    <VegetationZoneParameters>
      <TT>-1.3706495530136988</TT>
      <CFMAX>1.6872108048134704</CFMAX>
      <SP>0</SP>
      <SFCF>0.90438768078437715</SFCF>
      <CFR>0.099994554017208692</CFR>
      <CWH>0.19999868893472936</CWH>
      <CFGlacier>1</CFGlacier>
      <CFSlope>1</CFSlope>
      <FC>2248.8622803691032</FC>
      <LP>0.63763731507966581</LP>
      <BETA>2.2042472280971617</BETA>
    </VegetationZoneParameters>
  </VegetationZone>
  <SubCatchment>
    <SubCatchmentParameters>
      <KSI>0.001</KSI>
      <KGmin>0.05</KGmin>
      <RangeKG>0.1</RangeKG>
      <AG>0.1</AG>
      <PERC>1.9532020241163843</PERC>
      <Alpha>0.21730095962347376</Alpha>
      <UZL>98.180142186783058</UZL>
      <K0>0.060754370549381737</K0>
      <K1>0.010000122304114935</K1>
      <K2>0.025207261347500766</K2>
      <MAXBAS>1</MAXBAS>
      <Cet>0</Cet>
      <PCALT>12.753134514576699</PCALT>
      <TCALT>0.30376916985333358</TCALT>
      <Pelev>2537</Pelev>
      <Telev>2486</Telev>
      <PART>0.5</PART>
      <DELAY>1</DELAY>
    </SubCatchmentParameters>
    <SubCatchmentVegetationZone>
      <SubCatchmentVegetationZoneParameters>
        <TT>-1.3706495530136988</TT>
        <CFMAX>1.6872108048134704</CFMAX>
        <SP>0</SP>
        <SFCF>0.90438768078437715</SFCF>
        <CFR>0.099994554017208692</CFR>
        <CWH>0.19999868893472936</CWH>
        <CFGlacier>1</CFGlacier>
        <CFSlope>1</CFSlope>
        <FC>2248.8622803691032</FC>
        <LP>0.63763731507966581</LP>
        <BETA>2.2042472280971617</BETA>
      </SubCatchmentVegetationZoneParameters>
    </SubCatchmentVegetationZone>
  </SubCatchment>
</Catchment>