<?xml version="1.0" encoding="utf-8"?>
<Catchment xmlns:xsi="http://www.w3.org/2001/XMLSchema-instance" xmlns:xsd="http://www.w3.org/2001/XMLSchema">
  <CatchmentParameters>
    <KSI>0.001</KSI>
    <KGmin>0.05</KGmin>
    <RangeKG>0.1</RangeKG>
    <AG>0.1</AG>
    <PERC>2.0092515944786156</PERC>
    <Alpha>0.21730095962347376</Alpha>
    <UZL>136.61211407319192</UZL>
    <K0>0.13950466719402171</K0>
    <K1>0.010000126099623773</K1>
    <K2>0.026244443001451317</K2>
    <MAXBAS>1</MAXBAS>
    <Cet>0</Cet>
    <PCALT>14.072918522838647</PCALT>
    <TCALT>0.06163647852600386</TCALT>
    <Pelev>2537</Pelev>
    <Telev>2486</Telev>
    <PART>0.5</PART>
    <DELAY>1</DELAY>
  </CatchmentParameters>
  <VegetationZone>
    <VegetationZoneParameters>
      <TT>-1.3702675884022846</TT>
      <CFMAX>1.5891456745838151</CFMAX>
      <SP>0</SP>
      <SFCF>0.79356056105059092</SFCF>
      <CFR>0.09999785885952768</CFR>
      <CWH>0.19999973345665209</CWH>
      <CFGlacier>1</CFGlacier>
      <CFSlope>1</CFSlope>
      <FC>2499.9974848726733</FC>
      <LP>0.658676651212457</LP>
      <BETA>2.2709865723065925</BETA>
    </VegetationZoneParameters>
  </VegetationZone>
  <SubCatchment>
    <SubCatchmentParameters>
      <KSI>0.001</KSI>
      <KGmin>0.05</KGmin>
      <RangeKG>0.1</RangeKG>
      <AG>0.1</AG>
      <PERC>2.0092515944786156</PERC>
      <Alpha>0.21730095962347376</Alpha>
      <UZL>136.61211407319192</UZL>
      <K0>0.13950466719402171</K0>
      <K1>0.010000126099623773</K1>
      <K2>0.026244443001451317</K2>
      <MAXBAS>1</MAXBAS>
      <Cet>0</Cet>
      <PCALT>14.072918522838647</PCALT>
      <TCALT>0.06163647852600386</TCALT>
      <Pelev>2537</Pelev>
      <Telev>2486</Telev>
      <PART>0.5</PART>
      <DELAY>1</DELAY>
    </SubCatchmentParameters>
    <SubCatchmentVegetationZone>
      <SubCatchmentVegetationZoneParameters>
        <TT>-1.3702675884022846</TT>
        <CFMAX>1.5891456745838151</CFMAX>
        <SP>0</SP>
        <SFCF>0.79356056105059092</SFCF>
        <CFR>0.09999785885952768</CFR>
        <CWH>0.19999973345665209</CWH>
        <CFGlacier>1</CFGlacier>
        <CFSlope>1</CFSlope>
        <FC>2499.9974848726733</FC>
        <LP>0.658676651212457</LP>
        <BETA>2.2709865723065925</BETA>
      </SubCatchmentVegetationZoneParameters>
    </SubCatchmentVegetationZone>
  </SubCatchment>
</Catchment>