<?xml version="1.0" encoding="utf-8"?>
<Catchment xmlns:xsi="http://www.w3.org/2001/XMLSchema-instance" xmlns:xsd="http://www.w3.org/2001/XMLSchema">
  <CatchmentParameters>
    <KSI>0.001</KSI>
    <KGmin>0.05</KGmin>
    <RangeKG>0.1</RangeKG>
    <AG>0.1</AG>
    <PERC>3.0432871303956404</PERC>
    <Alpha>0.21730095962347376</Alpha>
    <UZL>91.2304822123426</UZL>
    <K0>0.51229535927553493</K0>
    <K1>0.0100315075003349</K1>
    <K2>0.023445678864789897</K2>
    <MAXBAS>1</MAXBAS>
    <Cet>0</Cet>
    <PCALT>17.728338828336696</PCALT>
    <TCALT>0.20135813413850245</TCALT>
    <Pelev>2537</Pelev>
    <Telev>2486</Telev>
    <PART>0.5</PART>
    <DELAY>1</DELAY>
  </CatchmentParameters>
  <VegetationZone>
    <VegetationZoneParameters>
      <TT>-1.9302203171619885</TT>
      <CFMAX>0.56319159466922775</CFMAX>
      <SP>0</SP>
      <SFCF>1.1477538811169796</SFCF>
      <CFR>4.0353667608700986E-08</CFR>
      <CWH>0.10000038297353849</CWH>
      <CFGlacier>1</CFGlacier>
      <CFSlope>1</CFSlope>
      <FC>2463.0628561150093</FC>
      <LP>0.52459595906113743</LP>
      <BETA>1.9640208556852692</BETA>
    </VegetationZoneParameters>
  </VegetationZone>
  <SubCatchment>
    <SubCatchmentParameters>
      <KSI>0.001</KSI>
      <KGmin>0.05</KGmin>
      <RangeKG>0.1</RangeKG>
      <AG>0.1</AG>
      <PERC>3.0432871303956404</PERC>
      <Alpha>0.21730095962347376</Alpha>
      <UZL>91.2304822123426</UZL>
      <K0>0.51229535927553493</K0>
      <K1>0.0100315075003349</K1>
      <K2>0.023445678864789897</K2>
      <MAXBAS>1</MAXBAS>
      <Cet>0</Cet>
      <PCALT>17.728338828336696</PCALT>
      <TCALT>0.20135813413850245</TCALT>
      <Pelev>2537</Pelev>
      <Telev>2486</Telev>
      <PART>0.5</PART>
      <DELAY>1</DELAY>
    </SubCatchmentParameters>
    <SubCatchmentVegetationZone>
      <SubCatchmentVegetationZoneParameters>
        <TT>-1.9302203171619885</TT>
        <CFMAX>0.56319159466922775</CFMAX>
        <SP>0</SP>
        <SFCF>1.1477538811169796</SFCF>
        <CFR>4.0353667608700986E-08</CFR>
        <CWH>0.10000038297353849</CWH>
        <CFGlacier>1</CFGlacier>
        <CFSlope>1</CFSlope>
        <FC>2463.0628561150093</FC>
        <LP>0.52459595906113743</LP>
        <BETA>1.9640208556852692</BETA>
      </SubCatchmentVegetationZoneParameters>
    </SubCatchmentVegetationZone>
  </SubCatchment>
</Catchment>