<?xml version="1.0" encoding="utf-8"?>
<Catchment xmlns:xsi="http://www.w3.org/2001/XMLSchema-instance" xmlns:xsd="http://www.w3.org/2001/XMLSchema">
  <CatchmentParameters>
    <KSI>0.001</KSI>
    <KGmin>0.05</KGmin>
    <RangeKG>0.1</RangeKG>
    <AG>0.1</AG>
    <PERC>1.95857335603541</PERC>
    <Alpha>0.21730095962347376</Alpha>
    <UZL>159.68091890746217</UZL>
    <K0>0.51599299965449652</K0>
    <K1>0.010000569723491027</K1>
    <K2>0.025402101398050655</K2>
    <MAXBAS>1</MAXBAS>
    <Cet>0</Cet>
    <PCALT>19.769344302204214</PCALT>
    <TCALT>0.57524008080328</TCALT>
    <Pelev>2537</Pelev>
    <Telev>2486</Telev>
    <PART>0.5</PART>
    <DELAY>1</DELAY>
  </CatchmentParameters>
  <VegetationZone>
    <VegetationZoneParameters>
      <TT>-1.19094909934429</TT>
      <CFMAX>2.0681411833504981</CFMAX>
      <SP>0</SP>
      <SFCF>0.93083296493884393</SFCF>
      <CFR>0.0999996957887007</CFR>
      <CWH>0.19999937837247034</CWH>
      <CFGlacier>1</CFGlacier>
      <CFSlope>1</CFSlope>
      <FC>2217.1295388781245</FC>
      <LP>0.44697597968856612</LP>
      <BETA>1.4265134032835318</BETA>
    </VegetationZoneParameters>
  </VegetationZone>
  <SubCatchment>
    <SubCatchmentParameters>
      <KSI>0.001</KSI>
      <KGmin>0.05</KGmin>
      <RangeKG>0.1</RangeKG>
      <AG>0.1</AG>
      <PERC>1.95857335603541</PERC>
      <Alpha>0.21730095962347376</Alpha>
      <UZL>159.68091890746217</UZL>
      <K0>0.51599299965449652</K0>
      <K1>0.010000569723491027</K1>
      <K2>0.025402101398050655</K2>
      <MAXBAS>1</MAXBAS>
      <Cet>0</Cet>
      <PCALT>19.769344302204214</PCALT>
      <TCALT>0.57524008080328</TCALT>
      <Pelev>2537</Pelev>
      <Telev>2486</Telev>
      <PART>0.5</PART>
      <DELAY>1</DELAY>
    </SubCatchmentParameters>
    <SubCatchmentVegetationZone>
      <SubCatchmentVegetationZoneParameters>
        <TT>-1.19094909934429</TT>
        <CFMAX>2.0681411833504981</CFMAX>
        <SP>0</SP>
        <SFCF>0.93083296493884393</SFCF>
        <CFR>0.0999996957887007</CFR>
        <CWH>0.19999937837247034</CWH>
        <CFGlacier>1</CFGlacier>
        <CFSlope>1</CFSlope>
        <FC>2217.1295388781245</FC>
        <LP>0.44697597968856612</LP>
        <BETA>1.4265134032835318</BETA>
      </SubCatchmentVegetationZoneParameters>
    </SubCatchmentVegetationZone>
  </SubCatchment>
</Catchment>