<?xml version="1.0" encoding="utf-8"?>
<Catchment xmlns:xsi="http://www.w3.org/2001/XMLSchema-instance" xmlns:xsd="http://www.w3.org/2001/XMLSchema">
  <CatchmentParameters>
    <KSI>0.001</KSI>
    <KGmin>0.05</KGmin>
    <RangeKG>0.1</RangeKG>
    <AG>0.1</AG>
    <PERC>1.9153698966878225</PERC>
    <Alpha>0.21730095962347376</Alpha>
    <UZL>176.92165070615235</UZL>
    <K0>0.067212986272779746</K0>
    <K1>0.010001957131490337</K1>
    <K2>0.025147474031264307</K2>
    <MAXBAS>1</MAXBAS>
    <Cet>0</Cet>
    <PCALT>19.9996445742476</PCALT>
    <TCALT>0.27544948984672535</TCALT>
    <Pelev>2537</Pelev>
    <Telev>2486</Telev>
    <PART>0.5</PART>
    <DELAY>1</DELAY>
  </CatchmentParameters>
  <VegetationZone>
    <VegetationZoneParameters>
      <TT>-1.3648924016354513</TT>
      <CFMAX>1.5726192124718392</CFMAX>
      <SP>0</SP>
      <SFCF>0.95692593751261723</SFCF>
      <CFR>0.099998750362733438</CFR>
      <CWH>0.19999926600841556</CWH>
      <CFGlacier>1</CFGlacier>
      <CFSlope>1</CFSlope>
      <FC>2499.9997634104811</FC>
      <LP>0.48140207904337345</LP>
      <BETA>1.5975987808361021</BETA>
    </VegetationZoneParameters>
  </VegetationZone>
  <SubCatchment>
    <SubCatchmentParameters>
      <KSI>0.001</KSI>
      <KGmin>0.05</KGmin>
      <RangeKG>0.1</RangeKG>
      <AG>0.1</AG>
      <PERC>1.9153698966878225</PERC>
      <Alpha>0.21730095962347376</Alpha>
      <UZL>176.92165070615235</UZL>
      <K0>0.067212986272779746</K0>
      <K1>0.010001957131490337</K1>
      <K2>0.025147474031264307</K2>
      <MAXBAS>1</MAXBAS>
      <Cet>0</Cet>
      <PCALT>19.9996445742476</PCALT>
      <TCALT>0.27544948984672535</TCALT>
      <Pelev>2537</Pelev>
      <Telev>2486</Telev>
      <PART>0.5</PART>
      <DELAY>1</DELAY>
    </SubCatchmentParameters>
    <SubCatchmentVegetationZone>
      <SubCatchmentVegetationZoneParameters>
        <TT>-1.3648924016354513</TT>
        <CFMAX>1.5726192124718392</CFMAX>
        <SP>0</SP>
        <SFCF>0.95692593751261723</SFCF>
        <CFR>0.099998750362733438</CFR>
        <CWH>0.19999926600841556</CWH>
        <CFGlacier>1</CFGlacier>
        <CFSlope>1</CFSlope>
        <FC>2499.9997634104811</FC>
        <LP>0.48140207904337345</LP>
        <BETA>1.5975987808361021</BETA>
      </SubCatchmentVegetationZoneParameters>
    </SubCatchmentVegetationZone>
  </SubCatchment>
</Catchment>