<?xml version="1.0" encoding="utf-8"?>
<Catchment xmlns:xsi="http://www.w3.org/2001/XMLSchema-instance" xmlns:xsd="http://www.w3.org/2001/XMLSchema">
  <CatchmentParameters>
    <KSI>0.001</KSI>
    <KGmin>0.05</KGmin>
    <RangeKG>0.1</RangeKG>
    <AG>0.1</AG>
    <PERC>2.0147471744072543</PERC>
    <Alpha>0.21730095962347376</Alpha>
    <UZL>148.86728310900281</UZL>
    <K0>0.081970052711398914</K0>
    <K1>0.010000182906688243</K1>
    <K2>0.02647131675868029</K2>
    <MAXBAS>1</MAXBAS>
    <Cet>0</Cet>
    <PCALT>19.999996646034603</PCALT>
    <TCALT>0.49913219398562203</TCALT>
    <Pelev>2537</Pelev>
    <Telev>2486</Telev>
    <PART>0.5</PART>
    <DELAY>1</DELAY>
  </CatchmentParameters>
  <VegetationZone>
    <VegetationZoneParameters>
      <TT>-1.100348820049019</TT>
      <CFMAX>1.5521490264486113</CFMAX>
      <SP>0</SP>
      <SFCF>0.79311731213416048</SFCF>
      <CFR>0.099998375329433467</CFR>
      <CWH>0.19999941324100484</CWH>
      <CFGlacier>1</CFGlacier>
      <CFSlope>1</CFSlope>
      <FC>2499.9999999926335</FC>
      <LP>0.73121939164819827</LP>
      <BETA>2.6069245254702693</BETA>
    </VegetationZoneParameters>
  </VegetationZone>
  <SubCatchment>
    <SubCatchmentParameters>
      <KSI>0.001</KSI>
      <KGmin>0.05</KGmin>
      <RangeKG>0.1</RangeKG>
      <AG>0.1</AG>
      <PERC>2.0147471744072543</PERC>
      <Alpha>0.21730095962347376</Alpha>
      <UZL>148.86728310900281</UZL>
      <K0>0.081970052711398914</K0>
      <K1>0.010000182906688243</K1>
      <K2>0.02647131675868029</K2>
      <MAXBAS>1</MAXBAS>
      <Cet>0</Cet>
      <PCALT>19.999996646034603</PCALT>
      <TCALT>0.49913219398562203</TCALT>
      <Pelev>2537</Pelev>
      <Telev>2486</Telev>
      <PART>0.5</PART>
      <DELAY>1</DELAY>
    </SubCatchmentParameters>
    <SubCatchmentVegetationZone>
      <SubCatchmentVegetationZoneParameters>
        <TT>-1.100348820049019</TT>
        <CFMAX>1.5521490264486113</CFMAX>
        <SP>0</SP>
        <SFCF>0.79311731213416048</SFCF>
        <CFR>0.099998375329433467</CFR>
        <CWH>0.19999941324100484</CWH>
        <CFGlacier>1</CFGlacier>
        <CFSlope>1</CFSlope>
        <FC>2499.9999999926335</FC>
        <LP>0.73121939164819827</LP>
        <BETA>2.6069245254702693</BETA>
      </SubCatchmentVegetationZoneParameters>
    </SubCatchmentVegetationZone>
  </SubCatchment>
</Catchment>