<?xml version="1.0" encoding="utf-8"?>
<Catchment xmlns:xsi="http://www.w3.org/2001/XMLSchema-instance" xmlns:xsd="http://www.w3.org/2001/XMLSchema">
  <CatchmentParameters>
    <KSI>0.001</KSI>
    <KGmin>0.05</KGmin>
    <RangeKG>0.1</RangeKG>
    <AG>0.1</AG>
    <PERC>1.9418810164954583</PERC>
    <Alpha>0.21730095962347376</Alpha>
    <UZL>59.76557348882811</UZL>
    <K0>0.14919888251857294</K0>
    <K1>0.010001349670032448</K1>
    <K2>0.025494290047929736</K2>
    <MAXBAS>1</MAXBAS>
    <Cet>0</Cet>
    <PCALT>18.225512912957512</PCALT>
    <TCALT>0.26008745012394613</TCALT>
    <Pelev>2537</Pelev>
    <Telev>2486</Telev>
    <PART>0.5</PART>
    <DELAY>1</DELAY>
  </CatchmentParameters>
  <VegetationZone>
    <VegetationZoneParameters>
      <TT>-1.2188371648866943</TT>
      <CFMAX>1.7854992115895192</CFMAX>
      <SP>0</SP>
      <SFCF>0.90486747496024922</SFCF>
      <CFR>0.099997004250363841</CFR>
      <CWH>0.19991763651389752</CWH>
      <CFGlacier>1</CFGlacier>
      <CFSlope>1</CFSlope>
      <FC>2373.0805779876332</FC>
      <LP>0.4430544918174541</LP>
      <BETA>1.4386770561947215</BETA>
    </VegetationZoneParameters>
  </VegetationZone>
  <SubCatchment>
    <SubCatchmentParameters>
      <KSI>0.001</KSI>
      <KGmin>0.05</KGmin>
      <RangeKG>0.1</RangeKG>
      <AG>0.1</AG>
      <PERC>1.9418810164954583</PERC>
      <Alpha>0.21730095962347376</Alpha>
      <UZL>59.76557348882811</UZL>
      <K0>0.14919888251857294</K0>
      <K1>0.010001349670032448</K1>
      <K2>0.025494290047929736</K2>
      <MAXBAS>1</MAXBAS>
      <Cet>0</Cet>
      <PCALT>18.225512912957512</PCALT>
      <TCALT>0.26008745012394613</TCALT>
      <Pelev>2537</Pelev>
      <Telev>2486</Telev>
      <PART>0.5</PART>
      <DELAY>1</DELAY>
    </SubCatchmentParameters>
    <SubCatchmentVegetationZone>
      <SubCatchmentVegetationZoneParameters>
        <TT>-1.2188371648866943</TT>
        <CFMAX>1.7854992115895192</CFMAX>
        <SP>0</SP>
        <SFCF>0.90486747496024922</SFCF>
        <CFR>0.099997004250363841</CFR>
        <CWH>0.19991763651389752</CWH>
        <CFGlacier>1</CFGlacier>
        <CFSlope>1</CFSlope>
        <FC>2373.0805779876332</FC>
        <LP>0.4430544918174541</LP>
        <BETA>1.4386770561947215</BETA>
      </SubCatchmentVegetationZoneParameters>
    </SubCatchmentVegetationZone>
  </SubCatchment>
</Catchment>