<?xml version="1.0" encoding="utf-8"?>
<Catchment xmlns:xsi="http://www.w3.org/2001/XMLSchema-instance" xmlns:xsd="http://www.w3.org/2001/XMLSchema">
  <CatchmentParameters>
    <KSI>0.001</KSI>
    <KGmin>0.05</KGmin>
    <RangeKG>0.1</RangeKG>
    <AG>0.1</AG>
    <PERC>2.459988030265388</PERC>
    <Alpha>0.21730095962347376</Alpha>
    <UZL>157.60462448446609</UZL>
    <K0>0.47423551988075247</K0>
    <K1>0.010000016291096935</K1>
    <K2>0.02521258515134497</K2>
    <MAXBAS>1</MAXBAS>
    <Cet>0</Cet>
    <PCALT>17.235748823963711</PCALT>
    <TCALT>0.28827343855116433</TCALT>
    <Pelev>2537</Pelev>
    <Telev>2486</Telev>
    <PART>0.5</PART>
    <DELAY>1</DELAY>
  </CatchmentParameters>
  <VegetationZone>
    <VegetationZoneParameters>
      <TT>-1.355014040364279</TT>
      <CFMAX>1.920457588200752</CFMAX>
      <SP>0</SP>
      <SFCF>0.86873551256801</SFCF>
      <CFR>0.099998978771063909</CFR>
      <CWH>0.1999990004186441</CWH>
      <CFGlacier>1</CFGlacier>
      <CFSlope>1</CFSlope>
      <FC>1508.5709366041092</FC>
      <LP>0.669404591658295</LP>
      <BETA>2.000252767846622</BETA>
    </VegetationZoneParameters>
  </VegetationZone>
  <SubCatchment>
    <SubCatchmentParameters>
      <KSI>0.001</KSI>
      <KGmin>0.05</KGmin>
      <RangeKG>0.1</RangeKG>
      <AG>0.1</AG>
      <PERC>2.459988030265388</PERC>
      <Alpha>0.21730095962347376</Alpha>
      <UZL>157.60462448446609</UZL>
      <K0>0.47423551988075247</K0>
      <K1>0.010000016291096935</K1>
      <K2>0.02521258515134497</K2>
      <MAXBAS>1</MAXBAS>
      <Cet>0</Cet>
      <PCALT>17.235748823963711</PCALT>
      <TCALT>0.28827343855116433</TCALT>
      <Pelev>2537</Pelev>
      <Telev>2486</Telev>
      <PART>0.5</PART>
      <DELAY>1</DELAY>
    </SubCatchmentParameters>
    <SubCatchmentVegetationZone>
      <SubCatchmentVegetationZoneParameters>
        <TT>-1.355014040364279</TT>
        <CFMAX>1.920457588200752</CFMAX>
        <SP>0</SP>
        <SFCF>0.86873551256801</SFCF>
        <CFR>0.099998978771063909</CFR>
        <CWH>0.1999990004186441</CWH>
        <CFGlacier>1</CFGlacier>
        <CFSlope>1</CFSlope>
        <FC>1508.5709366041092</FC>
        <LP>0.669404591658295</LP>
        <BETA>2.000252767846622</BETA>
      </SubCatchmentVegetationZoneParameters>
    </SubCatchmentVegetationZone>
  </SubCatchment>
</Catchment>