<?xml version="1.0" encoding="utf-8"?>
<Catchment xmlns:xsi="http://www.w3.org/2001/XMLSchema-instance" xmlns:xsd="http://www.w3.org/2001/XMLSchema">
  <CatchmentParameters>
    <KSI>0.001</KSI>
    <KGmin>0.05</KGmin>
    <RangeKG>0.1</RangeKG>
    <AG>0.1</AG>
    <PERC>2.0694141136015878</PERC>
    <Alpha>0.21730095962347376</Alpha>
    <UZL>141.56782300346612</UZL>
    <K0>0.29252513023776849</K0>
    <K1>0.010310873475023977</K1>
    <K2>0.02551839050835188</K2>
    <MAXBAS>1</MAXBAS>
    <Cet>0</Cet>
    <PCALT>16.190617000012708</PCALT>
    <TCALT>0.32271373154983046</TCALT>
    <Pelev>2537</Pelev>
    <Telev>2486</Telev>
    <PART>0.5</PART>
    <DELAY>1</DELAY>
  </CatchmentParameters>
  <VegetationZone>
    <VegetationZoneParameters>
      <TT>-1.3451823348704322</TT>
      <CFMAX>1.6319795299622997</CFMAX>
      <SP>0</SP>
      <SFCF>0.88994910411067474</SFCF>
      <CFR>0.099995932602209722</CFR>
      <CWH>0.19998806751426132</CWH>
      <CFGlacier>1</CFGlacier>
      <CFSlope>1</CFSlope>
      <FC>2499.9989051838893</FC>
      <LP>0.36650315159614366</LP>
      <BETA>1.23959952006492</BETA>
    </VegetationZoneParameters>
  </VegetationZone>
  <SubCatchment>
    <SubCatchmentParameters>
      <KSI>0.001</KSI>
      <KGmin>0.05</KGmin>
      <RangeKG>0.1</RangeKG>
      <AG>0.1</AG>
      <PERC>2.0694141136015878</PERC>
      <Alpha>0.21730095962347376</Alpha>
      <UZL>141.56782300346612</UZL>
      <K0>0.29252513023776849</K0>
      <K1>0.010310873475023977</K1>
      <K2>0.02551839050835188</K2>
      <MAXBAS>1</MAXBAS>
      <Cet>0</Cet>
      <PCALT>16.190617000012708</PCALT>
      <TCALT>0.32271373154983046</TCALT>
      <Pelev>2537</Pelev>
      <Telev>2486</Telev>
      <PART>0.5</PART>
      <DELAY>1</DELAY>
    </SubCatchmentParameters>
    <SubCatchmentVegetationZone>
      <SubCatchmentVegetationZoneParameters>
        <TT>-1.3451823348704322</TT>
        <CFMAX>1.6319795299622997</CFMAX>
        <SP>0</SP>
        <SFCF>0.88994910411067474</SFCF>
        <CFR>0.099995932602209722</CFR>
        <CWH>0.19998806751426132</CWH>
        <CFGlacier>1</CFGlacier>
        <CFSlope>1</CFSlope>
        <FC>2499.9989051838893</FC>
        <LP>0.36650315159614366</LP>
        <BETA>1.23959952006492</BETA>
      </SubCatchmentVegetationZoneParameters>
    </SubCatchmentVegetationZone>
  </SubCatchment>
</Catchment>