<?xml version="1.0" encoding="utf-8"?>
<Catchment xmlns:xsi="http://www.w3.org/2001/XMLSchema-instance" xmlns:xsd="http://www.w3.org/2001/XMLSchema">
  <CatchmentParameters>
    <KSI>0.001</KSI>
    <KGmin>0.05</KGmin>
    <RangeKG>0.1</RangeKG>
    <AG>0.1</AG>
    <PERC>2.6607954976608368</PERC>
    <Alpha>0.21730095962347376</Alpha>
    <UZL>87.680296076938234</UZL>
    <K0>0.49127695844343378</K0>
    <K1>0.010000134306344272</K1>
    <K2>0.0244787472441511</K2>
    <MAXBAS>1</MAXBAS>
    <Cet>0</Cet>
    <PCALT>17.437938029169924</PCALT>
    <TCALT>0.42106073384044818</TCALT>
    <Pelev>2537</Pelev>
    <Telev>2486</Telev>
    <PART>0.5</PART>
    <DELAY>1</DELAY>
  </CatchmentParameters>
  <VegetationZone>
    <VegetationZoneParameters>
      <TT>0.020059742171987718</TT>
      <CFMAX>3.4542226071254158</CFMAX>
      <SP>0</SP>
      <SFCF>1.0224488434997026</SFCF>
      <CFR>0.057747792870761469</CFR>
      <CWH>0.17345158942315711</CWH>
      <CFGlacier>1</CFGlacier>
      <CFSlope>1</CFSlope>
      <FC>2366.8256118518188</FC>
      <LP>0.46112938440777185</LP>
      <BETA>1.5822264688850742</BETA>
    </VegetationZoneParameters>
  </VegetationZone>
  <SubCatchment>
    <SubCatchmentParameters>
      <KSI>0.001</KSI>
      <KGmin>0.05</KGmin>
      <RangeKG>0.1</RangeKG>
      <AG>0.1</AG>
      <PERC>2.6607954976608368</PERC>
      <Alpha>0.21730095962347376</Alpha>
      <UZL>87.680296076938234</UZL>
      <K0>0.49127695844343378</K0>
      <K1>0.010000134306344272</K1>
      <K2>0.0244787472441511</K2>
      <MAXBAS>1</MAXBAS>
      <Cet>0</Cet>
      <PCALT>17.437938029169924</PCALT>
      <TCALT>0.42106073384044818</TCALT>
      <Pelev>2537</Pelev>
      <Telev>2486</Telev>
      <PART>0.5</PART>
      <DELAY>1</DELAY>
    </SubCatchmentParameters>
    <SubCatchmentVegetationZone>
      <SubCatchmentVegetationZoneParameters>
        <TT>0.020059742171987718</TT>
        <CFMAX>3.4542226071254158</CFMAX>
        <SP>0</SP>
        <SFCF>1.0224488434997026</SFCF>
        <CFR>0.057747792870761469</CFR>
        <CWH>0.17345158942315711</CWH>
        <CFGlacier>1</CFGlacier>
        <CFSlope>1</CFSlope>
        <FC>2366.8256118518188</FC>
        <LP>0.46112938440777185</LP>
        <BETA>1.5822264688850742</BETA>
      </SubCatchmentVegetationZoneParameters>
    </SubCatchmentVegetationZone>
  </SubCatchment>
</Catchment>