<?xml version="1.0" encoding="utf-8"?>
<Catchment xmlns:xsi="http://www.w3.org/2001/XMLSchema-instance" xmlns:xsd="http://www.w3.org/2001/XMLSchema">
  <CatchmentParameters>
    <KSI>0.001</KSI>
    <KGmin>0.05</KGmin>
    <RangeKG>0.1</RangeKG>
    <AG>0.1</AG>
    <PERC>2.4194819616800842</PERC>
    <Alpha>0.21730095962347376</Alpha>
    <UZL>87.547381678743946</UZL>
    <K0>0.52277918902669052</K0>
    <K1>0.010000093317597552</K1>
    <K2>0.026317464172546236</K2>
    <MAXBAS>1</MAXBAS>
    <Cet>0</Cet>
    <PCALT>17.178876817494938</PCALT>
    <TCALT>0.20523874266251518</TCALT>
    <Pelev>2537</Pelev>
    <Telev>2486</Telev>
    <PART>0.5</PART>
    <DELAY>1</DELAY>
  </CatchmentParameters>
  <VegetationZone>
    <VegetationZoneParameters>
      <TT>-1.3444398445391028</TT>
      <CFMAX>1.0108999497984197</CFMAX>
      <SP>0</SP>
      <SFCF>0.80231378684147758</SFCF>
      <CFR>0.09999696049016138</CFR>
      <CWH>0.16549607654687781</CWH>
      <CFGlacier>1</CFGlacier>
      <CFSlope>1</CFSlope>
      <FC>2362.8383109792862</FC>
      <LP>0.54290052594665528</LP>
      <BETA>1.7577922690569752</BETA>
    </VegetationZoneParameters>
  </VegetationZone>
  <SubCatchment>
    <SubCatchmentParameters>
      <KSI>0.001</KSI>
      <KGmin>0.05</KGmin>
      <RangeKG>0.1</RangeKG>
      <AG>0.1</AG>
      <PERC>2.4194819616800842</PERC>
      <Alpha>0.21730095962347376</Alpha>
      <UZL>87.547381678743946</UZL>
      <K0>0.52277918902669052</K0>
      <K1>0.010000093317597552</K1>
      <K2>0.026317464172546236</K2>
      <MAXBAS>1</MAXBAS>
      <Cet>0</Cet>
      <PCALT>17.178876817494938</PCALT>
      <TCALT>0.20523874266251518</TCALT>
      <Pelev>2537</Pelev>
      <Telev>2486</Telev>
      <PART>0.5</PART>
      <DELAY>1</DELAY>
    </SubCatchmentParameters>
    <SubCatchmentVegetationZone>
      <SubCatchmentVegetationZoneParameters>
        <TT>-1.3444398445391028</TT>
        <CFMAX>1.0108999497984197</CFMAX>
        <SP>0</SP>
        <SFCF>0.80231378684147758</SFCF>
        <CFR>0.09999696049016138</CFR>
        <CWH>0.16549607654687781</CWH>
        <CFGlacier>1</CFGlacier>
        <CFSlope>1</CFSlope>
        <FC>2362.8383109792862</FC>
        <LP>0.54290052594665528</LP>
        <BETA>1.7577922690569752</BETA>
      </SubCatchmentVegetationZoneParameters>
    </SubCatchmentVegetationZone>
  </SubCatchment>
</Catchment>