<?xml version="1.0" encoding="utf-8"?>
<Catchment xmlns:xsi="http://www.w3.org/2001/XMLSchema-instance" xmlns:xsd="http://www.w3.org/2001/XMLSchema">
  <CatchmentParameters>
    <KSI>0.001</KSI>
    <KGmin>0.05</KGmin>
    <RangeKG>0.1</RangeKG>
    <AG>0.1</AG>
    <PERC>1.947938433223932</PERC>
    <Alpha>0.21730095962347376</Alpha>
    <UZL>152.07785368735449</UZL>
    <K0>0.31745688414392748</K0>
    <K1>0.010000010637989627</K1>
    <K2>0.0251947941416972</K2>
    <MAXBAS>1</MAXBAS>
    <Cet>0</Cet>
    <PCALT>18.487701479189994</PCALT>
    <TCALT>0.35538367136935484</TCALT>
    <Pelev>2537</Pelev>
    <Telev>2486</Telev>
    <PART>0.5</PART>
    <DELAY>1</DELAY>
  </CatchmentParameters>
  <VegetationZone>
    <VegetationZoneParameters>
      <TT>-1.3497540328844317</TT>
      <CFMAX>2.0179649362186356</CFMAX>
      <SP>0</SP>
      <SFCF>0.90955612986153489</SFCF>
      <CFR>0.0999990473696597</CFR>
      <CWH>0.19999974443950866</CWH>
      <CFGlacier>1</CFGlacier>
      <CFSlope>1</CFSlope>
      <FC>2151.0512393621802</FC>
      <LP>0.66463264758528739</LP>
      <BETA>2.2175546961249615</BETA>
    </VegetationZoneParameters>
  </VegetationZone>
  <SubCatchment>
    <SubCatchmentParameters>
      <KSI>0.001</KSI>
      <KGmin>0.05</KGmin>
      <RangeKG>0.1</RangeKG>
      <AG>0.1</AG>
      <PERC>1.947938433223932</PERC>
      <Alpha>0.21730095962347376</Alpha>
      <UZL>152.07785368735449</UZL>
      <K0>0.31745688414392748</K0>
      <K1>0.010000010637989627</K1>
      <K2>0.0251947941416972</K2>
      <MAXBAS>1</MAXBAS>
      <Cet>0</Cet>
      <PCALT>18.487701479189994</PCALT>
      <TCALT>0.35538367136935484</TCALT>
      <Pelev>2537</Pelev>
      <Telev>2486</Telev>
      <PART>0.5</PART>
      <DELAY>1</DELAY>
    </SubCatchmentParameters>
    <SubCatchmentVegetationZone>
      <SubCatchmentVegetationZoneParameters>
        <TT>-1.3497540328844317</TT>
        <CFMAX>2.0179649362186356</CFMAX>
        <SP>0</SP>
        <SFCF>0.90955612986153489</SFCF>
        <CFR>0.0999990473696597</CFR>
        <CWH>0.19999974443950866</CWH>
        <CFGlacier>1</CFGlacier>
        <CFSlope>1</CFSlope>
        <FC>2151.0512393621802</FC>
        <LP>0.66463264758528739</LP>
        <BETA>2.2175546961249615</BETA>
      </SubCatchmentVegetationZoneParameters>
    </SubCatchmentVegetationZone>
  </SubCatchment>
</Catchment>