<?xml version="1.0" encoding="utf-8"?>
<Catchment xmlns:xsi="http://www.w3.org/2001/XMLSchema-instance" xmlns:xsd="http://www.w3.org/2001/XMLSchema">
  <CatchmentParameters>
    <KSI>0.001</KSI>
    <KGmin>0.05</KGmin>
    <RangeKG>0.1</RangeKG>
    <AG>0.1</AG>
    <PERC>3.1878880433633916</PERC>
    <Alpha>0.21730095962347376</Alpha>
    <UZL>43.662491402757112</UZL>
    <K0>0.14278944486101908</K0>
    <K1>0.010000020579689148</K1>
    <K2>0.020743348950784314</K2>
    <MAXBAS>1</MAXBAS>
    <Cet>0</Cet>
    <PCALT>19.999996407721159</PCALT>
    <TCALT>0.29578012460223069</TCALT>
    <Pelev>2537</Pelev>
    <Telev>2486</Telev>
    <PART>0.5</PART>
    <DELAY>1</DELAY>
  </CatchmentParameters>
  <VegetationZone>
    <VegetationZoneParameters>
      <TT>0.12135649623803835</TT>
      <CFMAX>4.9677928434338119</CFMAX>
      <SP>0</SP>
      <SFCF>1.4436136475820705</SFCF>
      <CFR>0.071102844703060109</CFR>
      <CWH>0.19999928352029514</CWH>
      <CFGlacier>1</CFGlacier>
      <CFSlope>1</CFSlope>
      <FC>2499.9998388744443</FC>
      <LP>0.43665168214363731</LP>
      <BETA>1.7864183911171028</BETA>
    </VegetationZoneParameters>
  </VegetationZone>
  <SubCatchment>
    <SubCatchmentParameters>
      <KSI>0.001</KSI>
      <KGmin>0.05</KGmin>
      <RangeKG>0.1</RangeKG>
      <AG>0.1</AG>
      <PERC>3.1878880433633916</PERC>
      <Alpha>0.21730095962347376</Alpha>
      <UZL>43.662491402757112</UZL>
      <K0>0.14278944486101908</K0>
      <K1>0.010000020579689148</K1>
      <K2>0.020743348950784314</K2>
      <MAXBAS>1</MAXBAS>
      <Cet>0</Cet>
      <PCALT>19.999996407721159</PCALT>
      <TCALT>0.29578012460223069</TCALT>
      <Pelev>2537</Pelev>
      <Telev>2486</Telev>
      <PART>0.5</PART>
      <DELAY>1</DELAY>
    </SubCatchmentParameters>
    <SubCatchmentVegetationZone>
      <SubCatchmentVegetationZoneParameters>
        <TT>0.12135649623803835</TT>
        <CFMAX>4.9677928434338119</CFMAX>
        <SP>0</SP>
        <SFCF>1.4436136475820705</SFCF>
        <CFR>0.071102844703060109</CFR>
        <CWH>0.19999928352029514</CWH>
        <CFGlacier>1</CFGlacier>
        <CFSlope>1</CFSlope>
        <FC>2499.9998388744443</FC>
        <LP>0.43665168214363731</LP>
        <BETA>1.7864183911171028</BETA>
      </SubCatchmentVegetationZoneParameters>
    </SubCatchmentVegetationZone>
  </SubCatchment>
</Catchment>