<?xml version="1.0" encoding="utf-8"?>
<Catchment xmlns:xsi="http://www.w3.org/2001/XMLSchema-instance" xmlns:xsd="http://www.w3.org/2001/XMLSchema">
  <CatchmentParameters>
    <KSI>0.001</KSI>
    <KGmin>0.05</KGmin>
    <RangeKG>0.1</RangeKG>
    <AG>0.1</AG>
    <PERC>1.7642114214441704</PERC>
    <Alpha>0.21730095962347376</Alpha>
    <UZL>150.75789099562323</UZL>
    <K0>0.40598342465715376</K0>
    <K1>0.010000017478296288</K1>
    <K2>0.024997145582708779</K2>
    <MAXBAS>1</MAXBAS>
    <Cet>0</Cet>
    <PCALT>13.09841690577278</PCALT>
    <TCALT>0.52091242848849484</TCALT>
    <Pelev>2537</Pelev>
    <Telev>2486</Telev>
    <PART>0.5</PART>
    <DELAY>1</DELAY>
  </CatchmentParameters>
  <VegetationZone>
    <VegetationZoneParameters>
      <TT>-1.0938513554853675</TT>
      <CFMAX>2.3846578381767372</CFMAX>
      <SP>0</SP>
      <SFCF>0.953392664100922</SFCF>
      <CFR>0.09999903431270038</CFR>
      <CWH>0.19999835912653549</CWH>
      <CFGlacier>1</CFGlacier>
      <CFSlope>1</CFSlope>
      <FC>2499.960243089221</FC>
      <LP>0.59378818940595435</LP>
      <BETA>2.102789335059597</BETA>
    </VegetationZoneParameters>
  </VegetationZone>
  <SubCatchment>
    <SubCatchmentParameters>
      <KSI>0.001</KSI>
      <KGmin>0.05</KGmin>
      <RangeKG>0.1</RangeKG>
      <AG>0.1</AG>
      <PERC>1.7642114214441704</PERC>
      <Alpha>0.21730095962347376</Alpha>
      <UZL>150.75789099562323</UZL>
      <K0>0.40598342465715376</K0>
      <K1>0.010000017478296288</K1>
      <K2>0.024997145582708779</K2>
      <MAXBAS>1</MAXBAS>
      <Cet>0</Cet>
      <PCALT>13.09841690577278</PCALT>
      <TCALT>0.52091242848849484</TCALT>
      <Pelev>2537</Pelev>
      <Telev>2486</Telev>
      <PART>0.5</PART>
      <DELAY>1</DELAY>
    </SubCatchmentParameters>
    <SubCatchmentVegetationZone>
      <SubCatchmentVegetationZoneParameters>
        <TT>-1.0938513554853675</TT>
        <CFMAX>2.3846578381767372</CFMAX>
        <SP>0</SP>
        <SFCF>0.953392664100922</SFCF>
        <CFR>0.09999903431270038</CFR>
        <CWH>0.19999835912653549</CWH>
        <CFGlacier>1</CFGlacier>
        <CFSlope>1</CFSlope>
        <FC>2499.960243089221</FC>
        <LP>0.59378818940595435</LP>
        <BETA>2.102789335059597</BETA>
      </SubCatchmentVegetationZoneParameters>
    </SubCatchmentVegetationZone>
  </SubCatchment>
</Catchment>