<?xml version="1.0" encoding="utf-8"?>
<Catchment xmlns:xsi="http://www.w3.org/2001/XMLSchema-instance" xmlns:xsd="http://www.w3.org/2001/XMLSchema">
  <CatchmentParameters>
    <KSI>0.001</KSI>
    <KGmin>0.05</KGmin>
    <RangeKG>0.1</RangeKG>
    <AG>0.1</AG>
    <PERC>3.7418573605988437</PERC>
    <Alpha>0.21730095962347376</Alpha>
    <UZL>155.85417856275663</UZL>
    <K0>0.38788916266289386</K0>
    <K1>0.010000370286363226</K1>
    <K2>0.022760211286150883</K2>
    <MAXBAS>1</MAXBAS>
    <Cet>0</Cet>
    <PCALT>17.642683049156311</PCALT>
    <TCALT>0.19866893621362766</TCALT>
    <Pelev>2537</Pelev>
    <Telev>2486</Telev>
    <PART>0.5</PART>
    <DELAY>1</DELAY>
  </CatchmentParameters>
  <VegetationZone>
    <VegetationZoneParameters>
      <TT>-1.94620821735418</TT>
      <CFMAX>0.70133837299842838</CFMAX>
      <SP>0</SP>
      <SFCF>1.1419952995532385</SFCF>
      <CFR>1.1331891137393836E-08</CFR>
      <CWH>0.10000030162300881</CWH>
      <CFGlacier>1</CFGlacier>
      <CFSlope>1</CFSlope>
      <FC>1680.0049679381739</FC>
      <LP>0.47439362382740485</LP>
      <BETA>1.5955806157012769</BETA>
    </VegetationZoneParameters>
  </VegetationZone>
  <SubCatchment>
    <SubCatchmentParameters>
      <KSI>0.001</KSI>
      <KGmin>0.05</KGmin>
      <RangeKG>0.1</RangeKG>
      <AG>0.1</AG>
      <PERC>3.7418573605988437</PERC>
      <Alpha>0.21730095962347376</Alpha>
      <UZL>155.85417856275663</UZL>
      <K0>0.38788916266289386</K0>
      <K1>0.010000370286363226</K1>
      <K2>0.022760211286150883</K2>
      <MAXBAS>1</MAXBAS>
      <Cet>0</Cet>
      <PCALT>17.642683049156311</PCALT>
      <TCALT>0.19866893621362766</TCALT>
      <Pelev>2537</Pelev>
      <Telev>2486</Telev>
      <PART>0.5</PART>
      <DELAY>1</DELAY>
    </SubCatchmentParameters>
    <SubCatchmentVegetationZone>
      <SubCatchmentVegetationZoneParameters>
        <TT>-1.94620821735418</TT>
        <CFMAX>0.70133837299842838</CFMAX>
        <SP>0</SP>
        <SFCF>1.1419952995532385</SFCF>
        <CFR>1.1331891137393836E-08</CFR>
        <CWH>0.10000030162300881</CWH>
        <CFGlacier>1</CFGlacier>
        <CFSlope>1</CFSlope>
        <FC>1680.0049679381739</FC>
        <LP>0.47439362382740485</LP>
        <BETA>1.5955806157012769</BETA>
      </SubCatchmentVegetationZoneParameters>
    </SubCatchmentVegetationZone>
  </SubCatchment>
</Catchment>