<?xml version="1.0" encoding="utf-8"?>
<Catchment xmlns:xsi="http://www.w3.org/2001/XMLSchema-instance" xmlns:xsd="http://www.w3.org/2001/XMLSchema">
  <CatchmentParameters>
    <KSI>0.001</KSI>
    <KGmin>0.05</KGmin>
    <RangeKG>0.1</RangeKG>
    <AG>0.1</AG>
    <PERC>1.930176565876458</PERC>
    <Alpha>0.21730095962347376</Alpha>
    <UZL>137.23085120165735</UZL>
    <K0>0.09320057920000846</K0>
    <K1>0.010000101475737199</K1>
    <K2>0.025279906228736427</K2>
    <MAXBAS>1</MAXBAS>
    <Cet>0</Cet>
    <PCALT>16.503921550612098</PCALT>
    <TCALT>0.41151702195471263</TCALT>
    <Pelev>2537</Pelev>
    <Telev>2486</Telev>
    <PART>0.5</PART>
    <DELAY>1</DELAY>
  </CatchmentParameters>
  <VegetationZone>
    <VegetationZoneParameters>
      <TT>-1.3691315034453544</TT>
      <CFMAX>2.0522340449494365</CFMAX>
      <SP>0</SP>
      <SFCF>0.91557201257149834</SFCF>
      <CFR>0.099997743689110657</CFR>
      <CWH>0.19999899795146042</CWH>
      <CFGlacier>1</CFGlacier>
      <CFSlope>1</CFSlope>
      <FC>2460.2024733052394</FC>
      <LP>0.52659419753208725</LP>
      <BETA>1.7374190547842472</BETA>
    </VegetationZoneParameters>
  </VegetationZone>
  <SubCatchment>
    <SubCatchmentParameters>
      <KSI>0.001</KSI>
      <KGmin>0.05</KGmin>
      <RangeKG>0.1</RangeKG>
      <AG>0.1</AG>
      <PERC>1.930176565876458</PERC>
      <Alpha>0.21730095962347376</Alpha>
      <UZL>137.23085120165735</UZL>
      <K0>0.09320057920000846</K0>
      <K1>0.010000101475737199</K1>
      <K2>0.025279906228736427</K2>
      <MAXBAS>1</MAXBAS>
      <Cet>0</Cet>
      <PCALT>16.503921550612098</PCALT>
      <TCALT>0.41151702195471263</TCALT>
      <Pelev>2537</Pelev>
      <Telev>2486</Telev>
      <PART>0.5</PART>
      <DELAY>1</DELAY>
    </SubCatchmentParameters>
    <SubCatchmentVegetationZone>
      <SubCatchmentVegetationZoneParameters>
        <TT>-1.3691315034453544</TT>
        <CFMAX>2.0522340449494365</CFMAX>
        <SP>0</SP>
        <SFCF>0.91557201257149834</SFCF>
        <CFR>0.099997743689110657</CFR>
        <CWH>0.19999899795146042</CWH>
        <CFGlacier>1</CFGlacier>
        <CFSlope>1</CFSlope>
        <FC>2460.2024733052394</FC>
        <LP>0.52659419753208725</LP>
        <BETA>1.7374190547842472</BETA>
      </SubCatchmentVegetationZoneParameters>
    </SubCatchmentVegetationZone>
  </SubCatchment>
</Catchment>