<?xml version="1.0" encoding="utf-8"?>
<Catchment xmlns:xsi="http://www.w3.org/2001/XMLSchema-instance" xmlns:xsd="http://www.w3.org/2001/XMLSchema">
  <CatchmentParameters>
    <KSI>0.001</KSI>
    <KGmin>0.05</KGmin>
    <RangeKG>0.1</RangeKG>
    <AG>0.1</AG>
    <PERC>1.7184490239537875</PERC>
    <Alpha>0.21730095962347376</Alpha>
    <UZL>104.57296103102129</UZL>
    <K0>0.588824033036234</K0>
    <K1>0.012219407215196532</K1>
    <K2>0.026326826909090259</K2>
    <MAXBAS>1</MAXBAS>
    <Cet>0</Cet>
    <PCALT>19.9999963318257</PCALT>
    <TCALT>0.0924346223281154</TCALT>
    <Pelev>2537</Pelev>
    <Telev>2486</Telev>
    <PART>0.5</PART>
    <DELAY>1</DELAY>
  </CatchmentParameters>
  <VegetationZone>
    <VegetationZoneParameters>
      <TT>-1.4053757733614856</TT>
      <CFMAX>1.886719578073766</CFMAX>
      <SP>0</SP>
      <SFCF>0.80265929673133218</SFCF>
      <CFR>0.099997673595702483</CFR>
      <CWH>0.19999828662318456</CWH>
      <CFGlacier>1</CFGlacier>
      <CFSlope>1</CFSlope>
      <FC>2277.8588272159245</FC>
      <LP>0.61969158700696381</LP>
      <BETA>1.9457422449628203</BETA>
    </VegetationZoneParameters>
  </VegetationZone>
  <SubCatchment>
    <SubCatchmentParameters>
      <KSI>0.001</KSI>
      <KGmin>0.05</KGmin>
      <RangeKG>0.1</RangeKG>
      <AG>0.1</AG>
      <PERC>1.7184490239537875</PERC>
      <Alpha>0.21730095962347376</Alpha>
      <UZL>104.57296103102129</UZL>
      <K0>0.588824033036234</K0>
      <K1>0.012219407215196532</K1>
      <K2>0.026326826909090259</K2>
      <MAXBAS>1</MAXBAS>
      <Cet>0</Cet>
      <PCALT>19.9999963318257</PCALT>
      <TCALT>0.0924346223281154</TCALT>
      <Pelev>2537</Pelev>
      <Telev>2486</Telev>
      <PART>0.5</PART>
      <DELAY>1</DELAY>
    </SubCatchmentParameters>
    <SubCatchmentVegetationZone>
      <SubCatchmentVegetationZoneParameters>
        <TT>-1.4053757733614856</TT>
        <CFMAX>1.886719578073766</CFMAX>
        <SP>0</SP>
        <SFCF>0.80265929673133218</SFCF>
        <CFR>0.099997673595702483</CFR>
        <CWH>0.19999828662318456</CWH>
        <CFGlacier>1</CFGlacier>
        <CFSlope>1</CFSlope>
        <FC>2277.8588272159245</FC>
        <LP>0.61969158700696381</LP>
        <BETA>1.9457422449628203</BETA>
      </SubCatchmentVegetationZoneParameters>
    </SubCatchmentVegetationZone>
  </SubCatchment>
</Catchment>