<?xml version="1.0" encoding="utf-8"?>
<Catchment xmlns:xsi="http://www.w3.org/2001/XMLSchema-instance" xmlns:xsd="http://www.w3.org/2001/XMLSchema">
  <CatchmentParameters>
    <KSI>0.001</KSI>
    <KGmin>0.05</KGmin>
    <RangeKG>0.1</RangeKG>
    <AG>0.1</AG>
    <PERC>1.7605955444228292</PERC>
    <Alpha>0.21730095962347376</Alpha>
    <UZL>52.666441528222911</UZL>
    <K0>0.35597953500008139</K0>
    <K1>0.010076488134506253</K1>
    <K2>0.025859376919863411</K2>
    <MAXBAS>1</MAXBAS>
    <Cet>0</Cet>
    <PCALT>19.508677132939447</PCALT>
    <TCALT>0.63926179399508876</TCALT>
    <Pelev>2537</Pelev>
    <Telev>2486</Telev>
    <PART>0.5</PART>
    <DELAY>1</DELAY>
  </CatchmentParameters>
  <VegetationZone>
    <VegetationZoneParameters>
      <TT>-1.045710840534168</TT>
      <CFMAX>1.4355942094849332</CFMAX>
      <SP>0</SP>
      <SFCF>0.882325982812145</SFCF>
      <CFR>0.099997408239686322</CFR>
      <CWH>0.15127725986159837</CWH>
      <CFGlacier>1</CFGlacier>
      <CFSlope>1</CFSlope>
      <FC>2499.9899584827722</FC>
      <LP>0.59215137320362921</LP>
      <BETA>2.0043941171724708</BETA>
    </VegetationZoneParameters>
  </VegetationZone>
  <SubCatchment>
    <SubCatchmentParameters>
      <KSI>0.001</KSI>
      <KGmin>0.05</KGmin>
      <RangeKG>0.1</RangeKG>
      <AG>0.1</AG>
      <PERC>1.7605955444228292</PERC>
      <Alpha>0.21730095962347376</Alpha>
      <UZL>52.666441528222911</UZL>
      <K0>0.35597953500008139</K0>
      <K1>0.010076488134506253</K1>
      <K2>0.025859376919863411</K2>
      <MAXBAS>1</MAXBAS>
      <Cet>0</Cet>
      <PCALT>19.508677132939447</PCALT>
      <TCALT>0.63926179399508876</TCALT>
      <Pelev>2537</Pelev>
      <Telev>2486</Telev>
      <PART>0.5</PART>
      <DELAY>1</DELAY>
    </SubCatchmentParameters>
    <SubCatchmentVegetationZone>
      <SubCatchmentVegetationZoneParameters>
        <TT>-1.045710840534168</TT>
        <CFMAX>1.4355942094849332</CFMAX>
        <SP>0</SP>
        <SFCF>0.882325982812145</SFCF>
        <CFR>0.099997408239686322</CFR>
        <CWH>0.15127725986159837</CWH>
        <CFGlacier>1</CFGlacier>
        <CFSlope>1</CFSlope>
        <FC>2499.9899584827722</FC>
        <LP>0.59215137320362921</LP>
        <BETA>2.0043941171724708</BETA>
      </SubCatchmentVegetationZoneParameters>
    </SubCatchmentVegetationZone>
  </SubCatchment>
</Catchment>