<?xml version="1.0" encoding="utf-8"?>
<Catchment xmlns:xsi="http://www.w3.org/2001/XMLSchema-instance" xmlns:xsd="http://www.w3.org/2001/XMLSchema">
  <CatchmentParameters>
    <KSI>0.001</KSI>
    <KGmin>0.05</KGmin>
    <RangeKG>0.1</RangeKG>
    <AG>0.1</AG>
    <PERC>1.8561926039759942</PERC>
    <Alpha>0.21730095962347376</Alpha>
    <UZL>106.23766658732012</UZL>
    <K0>0.92977613388809455</K0>
    <K1>0.012638319723758031</K1>
    <K2>0.0279353817041275</K2>
    <MAXBAS>1</MAXBAS>
    <Cet>0</Cet>
    <PCALT>13.559484587421467</PCALT>
    <TCALT>0.42171607717162818</TCALT>
    <Pelev>2537</Pelev>
    <Telev>2486</Telev>
    <PART>0.5</PART>
    <DELAY>1</DELAY>
  </CatchmentParameters>
  <VegetationZone>
    <VegetationZoneParameters>
      <TT>-1.1579434250695639</TT>
      <CFMAX>1.7325085893319765</CFMAX>
      <SP>0</SP>
      <SFCF>0.580544069653377</SFCF>
      <CFR>0.0999992957711586</CFR>
      <CWH>0.19999738913299564</CWH>
      <CFGlacier>1</CFGlacier>
      <CFSlope>1</CFSlope>
      <FC>1925.0715477639603</FC>
      <LP>0.61109119269412771</LP>
      <BETA>1.693700837928773</BETA>
    </VegetationZoneParameters>
  </VegetationZone>
  <SubCatchment>
    <SubCatchmentParameters>
      <KSI>0.001</KSI>
      <KGmin>0.05</KGmin>
      <RangeKG>0.1</RangeKG>
      <AG>0.1</AG>
      <PERC>1.8561926039759942</PERC>
      <Alpha>0.21730095962347376</Alpha>
      <UZL>106.23766658732012</UZL>
      <K0>0.92977613388809455</K0>
      <K1>0.012638319723758031</K1>
      <K2>0.0279353817041275</K2>
      <MAXBAS>1</MAXBAS>
      <Cet>0</Cet>
      <PCALT>13.559484587421467</PCALT>
      <TCALT>0.42171607717162818</TCALT>
      <Pelev>2537</Pelev>
      <Telev>2486</Telev>
      <PART>0.5</PART>
      <DELAY>1</DELAY>
    </SubCatchmentParameters>
    <SubCatchmentVegetationZone>
      <SubCatchmentVegetationZoneParameters>
        <TT>-1.1579434250695639</TT>
        <CFMAX>1.7325085893319765</CFMAX>
        <SP>0</SP>
        <SFCF>0.580544069653377</SFCF>
        <CFR>0.0999992957711586</CFR>
        <CWH>0.19999738913299564</CWH>
        <CFGlacier>1</CFGlacier>
        <CFSlope>1</CFSlope>
        <FC>1925.0715477639603</FC>
        <LP>0.61109119269412771</LP>
        <BETA>1.693700837928773</BETA>
      </SubCatchmentVegetationZoneParameters>
    </SubCatchmentVegetationZone>
  </SubCatchment>
</Catchment>