<?xml version="1.0" encoding="utf-8"?>
<Catchment xmlns:xsi="http://www.w3.org/2001/XMLSchema-instance" xmlns:xsd="http://www.w3.org/2001/XMLSchema">
  <CatchmentParameters>
    <KSI>0.001</KSI>
    <KGmin>0.05</KGmin>
    <RangeKG>0.1</RangeKG>
    <AG>0.1</AG>
    <PERC>3.1894239006393752</PERC>
    <Alpha>0.21730095962347376</Alpha>
    <UZL>146.10055890401105</UZL>
    <K0>0.54567845052019637</K0>
    <K1>0.010000020985314944</K1>
    <K2>0.02493617099857439</K2>
    <MAXBAS>1</MAXBAS>
    <Cet>0</Cet>
    <PCALT>16.729705945615876</PCALT>
    <TCALT>0.55734972546022521</TCALT>
    <Pelev>2537</Pelev>
    <Telev>2486</Telev>
    <PART>0.5</PART>
    <DELAY>1</DELAY>
  </CatchmentParameters>
  <VegetationZone>
    <VegetationZoneParameters>
      <TT>-1.5353883865578317</TT>
      <CFMAX>1.5632024754877816</CFMAX>
      <SP>0</SP>
      <SFCF>0.95900626962938984</SFCF>
      <CFR>0.099998143157697422</CFR>
      <CWH>0.19999689350599412</CWH>
      <CFGlacier>1</CFGlacier>
      <CFSlope>1</CFSlope>
      <FC>2499.99945812839</FC>
      <LP>0.30785858221593076</LP>
      <BETA>1.1135850871293249</BETA>
    </VegetationZoneParameters>
  </VegetationZone>
  <SubCatchment>
    <SubCatchmentParameters>
      <KSI>0.001</KSI>
      <KGmin>0.05</KGmin>
      <RangeKG>0.1</RangeKG>
      <AG>0.1</AG>
      <PERC>3.1894239006393752</PERC>
      <Alpha>0.21730095962347376</Alpha>
      <UZL>146.10055890401105</UZL>
      <K0>0.54567845052019637</K0>
      <K1>0.010000020985314944</K1>
      <K2>0.02493617099857439</K2>
      <MAXBAS>1</MAXBAS>
      <Cet>0</Cet>
      <PCALT>16.729705945615876</PCALT>
      <TCALT>0.55734972546022521</TCALT>
      <Pelev>2537</Pelev>
      <Telev>2486</Telev>
      <PART>0.5</PART>
      <DELAY>1</DELAY>
    </SubCatchmentParameters>
    <SubCatchmentVegetationZone>
      <SubCatchmentVegetationZoneParameters>
        <TT>-1.5353883865578317</TT>
        <CFMAX>1.5632024754877816</CFMAX>
        <SP>0</SP>
        <SFCF>0.95900626962938984</SFCF>
        <CFR>0.099998143157697422</CFR>
        <CWH>0.19999689350599412</CWH>
        <CFGlacier>1</CFGlacier>
        <CFSlope>1</CFSlope>
        <FC>2499.99945812839</FC>
        <LP>0.30785858221593076</LP>
        <BETA>1.1135850871293249</BETA>
      </SubCatchmentVegetationZoneParameters>
    </SubCatchmentVegetationZone>
  </SubCatchment>
</Catchment>