<?xml version="1.0" encoding="utf-8"?>
<Catchment xmlns:xsi="http://www.w3.org/2001/XMLSchema-instance" xmlns:xsd="http://www.w3.org/2001/XMLSchema">
  <CatchmentParameters>
    <KSI>0.001</KSI>
    <KGmin>0.05</KGmin>
    <RangeKG>0.1</RangeKG>
    <AG>0.1</AG>
    <PERC>2.9114570137825893</PERC>
    <Alpha>0.21730095962347376</Alpha>
    <UZL>133.666056172376</UZL>
    <K0>0.29967795117177809</K0>
    <K1>0.010000330238520202</K1>
    <K2>0.026605323022091624</K2>
    <MAXBAS>1</MAXBAS>
    <Cet>0</Cet>
    <PCALT>19.999960876042852</PCALT>
    <TCALT>0.03849156208638807</TCALT>
    <Pelev>2537</Pelev>
    <Telev>2486</Telev>
    <PART>0.5</PART>
    <DELAY>1</DELAY>
  </CatchmentParameters>
  <VegetationZone>
    <VegetationZoneParameters>
      <TT>-1.54390793367683</TT>
      <CFMAX>0.52031147197644856</CFMAX>
      <SP>0</SP>
      <SFCF>0.728296944867487</SFCF>
      <CFR>0.036625016652710424</CFR>
      <CWH>0.12606912271270296</CWH>
      <CFGlacier>1</CFGlacier>
      <CFSlope>1</CFSlope>
      <FC>2385.7614777560684</FC>
      <LP>0.70547361782190465</LP>
      <BETA>2.4712397040212744</BETA>
    </VegetationZoneParameters>
  </VegetationZone>
  <SubCatchment>
    <SubCatchmentParameters>
      <KSI>0.001</KSI>
      <KGmin>0.05</KGmin>
      <RangeKG>0.1</RangeKG>
      <AG>0.1</AG>
      <PERC>2.9114570137825893</PERC>
      <Alpha>0.21730095962347376</Alpha>
      <UZL>133.666056172376</UZL>
      <K0>0.29967795117177809</K0>
      <K1>0.010000330238520202</K1>
      <K2>0.026605323022091624</K2>
      <MAXBAS>1</MAXBAS>
      <Cet>0</Cet>
      <PCALT>19.999960876042852</PCALT>
      <TCALT>0.03849156208638807</TCALT>
      <Pelev>2537</Pelev>
      <Telev>2486</Telev>
      <PART>0.5</PART>
      <DELAY>1</DELAY>
    </SubCatchmentParameters>
    <SubCatchmentVegetationZone>
      <SubCatchmentVegetationZoneParameters>
        <TT>-1.54390793367683</TT>
        <CFMAX>0.52031147197644856</CFMAX>
        <SP>0</SP>
        <SFCF>0.728296944867487</SFCF>
        <CFR>0.036625016652710424</CFR>
        <CWH>0.12606912271270296</CWH>
        <CFGlacier>1</CFGlacier>
        <CFSlope>1</CFSlope>
        <FC>2385.7614777560684</FC>
        <LP>0.70547361782190465</LP>
        <BETA>2.4712397040212744</BETA>
      </SubCatchmentVegetationZoneParameters>
    </SubCatchmentVegetationZone>
  </SubCatchment>
</Catchment>