<?xml version="1.0" encoding="utf-8"?>
<Catchment xmlns:xsi="http://www.w3.org/2001/XMLSchema-instance" xmlns:xsd="http://www.w3.org/2001/XMLSchema">
  <CatchmentParameters>
    <KSI>0.001</KSI>
    <KGmin>0.05</KGmin>
    <RangeKG>0.1</RangeKG>
    <AG>0.1</AG>
    <PERC>2.9576680653300733</PERC>
    <Alpha>0.21730095962347376</Alpha>
    <UZL>124.21573310889092</UZL>
    <K0>0.090550197930176726</K0>
    <K1>0.010000003860167339</K1>
    <K2>0.026465024794284892</K2>
    <MAXBAS>1</MAXBAS>
    <Cet>0</Cet>
    <PCALT>15.700914156216182</PCALT>
    <TCALT>0.065629904710780271</TCALT>
    <Pelev>2537</Pelev>
    <Telev>2486</Telev>
    <PART>0.5</PART>
    <DELAY>1</DELAY>
  </CatchmentParameters>
  <VegetationZone>
    <VegetationZoneParameters>
      <TT>-1.473752290782794</TT>
      <CFMAX>0.85035252080814494</CFMAX>
      <SP>0</SP>
      <SFCF>0.78370453005363261</SFCF>
      <CFR>0.082366989566933141</CFR>
      <CWH>0.126894306807992</CWH>
      <CFGlacier>1</CFGlacier>
      <CFSlope>1</CFSlope>
      <FC>2445.4077085459971</FC>
      <LP>0.49491362561411811</LP>
      <BETA>1.5983780743883491</BETA>
    </VegetationZoneParameters>
  </VegetationZone>
  <SubCatchment>
    <SubCatchmentParameters>
      <KSI>0.001</KSI>
      <KGmin>0.05</KGmin>
      <RangeKG>0.1</RangeKG>
      <AG>0.1</AG>
      <PERC>2.9576680653300733</PERC>
      <Alpha>0.21730095962347376</Alpha>
      <UZL>124.21573310889092</UZL>
      <K0>0.090550197930176726</K0>
      <K1>0.010000003860167339</K1>
      <K2>0.026465024794284892</K2>
      <MAXBAS>1</MAXBAS>
      <Cet>0</Cet>
      <PCALT>15.700914156216182</PCALT>
      <TCALT>0.065629904710780271</TCALT>
      <Pelev>2537</Pelev>
      <Telev>2486</Telev>
      <PART>0.5</PART>
      <DELAY>1</DELAY>
    </SubCatchmentParameters>
    <SubCatchmentVegetationZone>
      <SubCatchmentVegetationZoneParameters>
        <TT>-1.473752290782794</TT>
        <CFMAX>0.85035252080814494</CFMAX>
        <SP>0</SP>
        <SFCF>0.78370453005363261</SFCF>
        <CFR>0.082366989566933141</CFR>
        <CWH>0.126894306807992</CWH>
        <CFGlacier>1</CFGlacier>
        <CFSlope>1</CFSlope>
        <FC>2445.4077085459971</FC>
        <LP>0.49491362561411811</LP>
        <BETA>1.5983780743883491</BETA>
      </SubCatchmentVegetationZoneParameters>
    </SubCatchmentVegetationZone>
  </SubCatchment>
</Catchment>