<?xml version="1.0" encoding="utf-8"?>
<Catchment xmlns:xsi="http://www.w3.org/2001/XMLSchema-instance" xmlns:xsd="http://www.w3.org/2001/XMLSchema">
  <CatchmentParameters>
    <KSI>0.001</KSI>
    <KGmin>0.05</KGmin>
    <RangeKG>0.1</RangeKG>
    <AG>0.1</AG>
    <PERC>2.7408285462667297</PERC>
    <Alpha>0.21730095962347376</Alpha>
    <UZL>76.983462901314923</UZL>
    <K0>0.41075891167564293</K0>
    <K1>0.010000001697727566</K1>
    <K2>0.022346700832963702</K2>
    <MAXBAS>1</MAXBAS>
    <Cet>0</Cet>
    <PCALT>11.10945533274119</PCALT>
    <TCALT>0.37812289763251106</TCALT>
    <Pelev>2537</Pelev>
    <Telev>2486</Telev>
    <PART>0.5</PART>
    <DELAY>1</DELAY>
  </CatchmentParameters>
  <VegetationZone>
    <VegetationZoneParameters>
      <TT>0.47511647543289209</TT>
      <CFMAX>4.8744643591712578</CFMAX>
      <SP>0</SP>
      <SFCF>1.2149900254155557</SFCF>
      <CFR>0.048770047068254996</CFR>
      <CWH>0.1999999826090636</CWH>
      <CFGlacier>1</CFGlacier>
      <CFSlope>1</CFSlope>
      <FC>2499.999999999779</FC>
      <LP>0.64526858782334384</LP>
      <BETA>2.7646173824947211</BETA>
    </VegetationZoneParameters>
  </VegetationZone>
  <SubCatchment>
    <SubCatchmentParameters>
      <KSI>0.001</KSI>
      <KGmin>0.05</KGmin>
      <RangeKG>0.1</RangeKG>
      <AG>0.1</AG>
      <PERC>2.7408285462667297</PERC>
      <Alpha>0.21730095962347376</Alpha>
      <UZL>76.983462901314923</UZL>
      <K0>0.41075891167564293</K0>
      <K1>0.010000001697727566</K1>
      <K2>0.022346700832963702</K2>
      <MAXBAS>1</MAXBAS>
      <Cet>0</Cet>
      <PCALT>11.10945533274119</PCALT>
      <TCALT>0.37812289763251106</TCALT>
      <Pelev>2537</Pelev>
      <Telev>2486</Telev>
      <PART>0.5</PART>
      <DELAY>1</DELAY>
    </SubCatchmentParameters>
    <SubCatchmentVegetationZone>
      <SubCatchmentVegetationZoneParameters>
        <TT>0.47511647543289209</TT>
        <CFMAX>4.8744643591712578</CFMAX>
        <SP>0</SP>
        <SFCF>1.2149900254155557</SFCF>
        <CFR>0.048770047068254996</CFR>
        <CWH>0.1999999826090636</CWH>
        <CFGlacier>1</CFGlacier>
        <CFSlope>1</CFSlope>
        <FC>2499.999999999779</FC>
        <LP>0.64526858782334384</LP>
        <BETA>2.7646173824947211</BETA>
      </SubCatchmentVegetationZoneParameters>
    </SubCatchmentVegetationZone>
  </SubCatchment>
</Catchment>