<?xml version="1.0" encoding="utf-8"?>
<Catchment xmlns:xsi="http://www.w3.org/2001/XMLSchema-instance" xmlns:xsd="http://www.w3.org/2001/XMLSchema">
  <CatchmentParameters>
    <KSI>0.001</KSI>
    <KGmin>0.05</KGmin>
    <RangeKG>0.1</RangeKG>
    <AG>0.1</AG>
    <PERC>2.302137297103044</PERC>
    <Alpha>0.21730095962347376</Alpha>
    <UZL>82.620033344614257</UZL>
    <K0>0.27026925254569312</K0>
    <K1>0.010000272807016639</K1>
    <K2>0.025070168632059828</K2>
    <MAXBAS>1</MAXBAS>
    <Cet>0</Cet>
    <PCALT>18.463846600200327</PCALT>
    <TCALT>0.029608844190030355</TCALT>
    <Pelev>2537</Pelev>
    <Telev>2486</Telev>
    <PART>0.5</PART>
    <DELAY>1</DELAY>
  </CatchmentParameters>
  <VegetationZone>
    <VegetationZoneParameters>
      <TT>-1.3337564982731895</TT>
      <CFMAX>1.7004990444804367</CFMAX>
      <SP>0</SP>
      <SFCF>0.87977682194300422</SFCF>
      <CFR>0.099999773136687828</CFR>
      <CWH>0.1999977411397183</CWH>
      <CFGlacier>1</CFGlacier>
      <CFSlope>1</CFSlope>
      <FC>1644.1978972924328</FC>
      <LP>0.57264020481850209</LP>
      <BETA>1.701103094626427</BETA>
    </VegetationZoneParameters>
  </VegetationZone>
  <SubCatchment>
    <SubCatchmentParameters>
      <KSI>0.001</KSI>
      <KGmin>0.05</KGmin>
      <RangeKG>0.1</RangeKG>
      <AG>0.1</AG>
      <PERC>2.302137297103044</PERC>
      <Alpha>0.21730095962347376</Alpha>
      <UZL>82.620033344614257</UZL>
      <K0>0.27026925254569312</K0>
      <K1>0.010000272807016639</K1>
      <K2>0.025070168632059828</K2>
      <MAXBAS>1</MAXBAS>
      <Cet>0</Cet>
      <PCALT>18.463846600200327</PCALT>
      <TCALT>0.029608844190030355</TCALT>
      <Pelev>2537</Pelev>
      <Telev>2486</Telev>
      <PART>0.5</PART>
      <DELAY>1</DELAY>
    </SubCatchmentParameters>
    <SubCatchmentVegetationZone>
      <SubCatchmentVegetationZoneParameters>
        <TT>-1.3337564982731895</TT>
        <CFMAX>1.7004990444804367</CFMAX>
        <SP>0</SP>
        <SFCF>0.87977682194300422</SFCF>
        <CFR>0.099999773136687828</CFR>
        <CWH>0.1999977411397183</CWH>
        <CFGlacier>1</CFGlacier>
        <CFSlope>1</CFSlope>
        <FC>1644.1978972924328</FC>
        <LP>0.57264020481850209</LP>
        <BETA>1.701103094626427</BETA>
      </SubCatchmentVegetationZoneParameters>
    </SubCatchmentVegetationZone>
  </SubCatchment>
</Catchment>