<?xml version="1.0" encoding="utf-8"?>
<Catchment xmlns:xsi="http://www.w3.org/2001/XMLSchema-instance" xmlns:xsd="http://www.w3.org/2001/XMLSchema">
  <CatchmentParameters>
    <KSI>0.001</KSI>
    <KGmin>0.05</KGmin>
    <RangeKG>0.1</RangeKG>
    <AG>0.1</AG>
    <PERC>2.6376223432742152</PERC>
    <Alpha>0.21730095962347376</Alpha>
    <UZL>107.24090204694751</UZL>
    <K0>0.15952191958763407</K0>
    <K1>0.010000203668233</K1>
    <K2>0.023186832126474956</K2>
    <MAXBAS>1</MAXBAS>
    <Cet>0</Cet>
    <PCALT>19.111366143274346</PCALT>
    <TCALT>0.22869380203063675</TCALT>
    <Pelev>2537</Pelev>
    <Telev>2486</Telev>
    <PART>0.5</PART>
    <DELAY>1</DELAY>
  </CatchmentParameters>
  <VegetationZone>
    <VegetationZoneParameters>
      <TT>0.36081002492640268</TT>
      <CFMAX>4.2841045271178331</CFMAX>
      <SP>0</SP>
      <SFCF>1.1515516627503826</SFCF>
      <CFR>0.062231404786192476</CFR>
      <CWH>0.19999836785034295</CWH>
      <CFGlacier>1</CFGlacier>
      <CFSlope>1</CFSlope>
      <FC>2499.9999413284049</FC>
      <LP>0.58578786265407434</LP>
      <BETA>2.2447175193701656</BETA>
    </VegetationZoneParameters>
  </VegetationZone>
  <SubCatchment>
    <SubCatchmentParameters>
      <KSI>0.001</KSI>
      <KGmin>0.05</KGmin>
      <RangeKG>0.1</RangeKG>
      <AG>0.1</AG>
      <PERC>2.6376223432742152</PERC>
      <Alpha>0.21730095962347376</Alpha>
      <UZL>107.24090204694751</UZL>
      <K0>0.15952191958763407</K0>
      <K1>0.010000203668233</K1>
      <K2>0.023186832126474956</K2>
      <MAXBAS>1</MAXBAS>
      <Cet>0</Cet>
      <PCALT>19.111366143274346</PCALT>
      <TCALT>0.22869380203063675</TCALT>
      <Pelev>2537</Pelev>
      <Telev>2486</Telev>
      <PART>0.5</PART>
      <DELAY>1</DELAY>
    </SubCatchmentParameters>
    <SubCatchmentVegetationZone>
      <SubCatchmentVegetationZoneParameters>
        <TT>0.36081002492640268</TT>
        <CFMAX>4.2841045271178331</CFMAX>
        <SP>0</SP>
        <SFCF>1.1515516627503826</SFCF>
        <CFR>0.062231404786192476</CFR>
        <CWH>0.19999836785034295</CWH>
        <CFGlacier>1</CFGlacier>
        <CFSlope>1</CFSlope>
        <FC>2499.9999413284049</FC>
        <LP>0.58578786265407434</LP>
        <BETA>2.2447175193701656</BETA>
      </SubCatchmentVegetationZoneParameters>
    </SubCatchmentVegetationZone>
  </SubCatchment>
</Catchment>