<?xml version="1.0" encoding="utf-8"?>
<Catchment xmlns:xsi="http://www.w3.org/2001/XMLSchema-instance" xmlns:xsd="http://www.w3.org/2001/XMLSchema">
  <CatchmentParameters>
    <KSI>0.001</KSI>
    <KGmin>0.05</KGmin>
    <RangeKG>0.1</RangeKG>
    <AG>0.1</AG>
    <PERC>2.9101948584273978</PERC>
    <Alpha>0.21730095962347376</Alpha>
    <UZL>58.202750998696743</UZL>
    <K0>0.15187473853644085</K0>
    <K1>0.010000033207998077</K1>
    <K2>0.025666501896205358</K2>
    <MAXBAS>1</MAXBAS>
    <Cet>0</Cet>
    <PCALT>19.9998516580265</PCALT>
    <TCALT>0.10312336323539245</TCALT>
    <Pelev>2537</Pelev>
    <Telev>2486</Telev>
    <PART>0.5</PART>
    <DELAY>1</DELAY>
  </CatchmentParameters>
  <VegetationZone>
    <VegetationZoneParameters>
      <TT>-1.4409694804201763</TT>
      <CFMAX>1.1163312997966544</CFMAX>
      <SP>0</SP>
      <SFCF>0.87354960902767242</SFCF>
      <CFR>0.099996464503473867</CFR>
      <CWH>0.1386224898517856</CWH>
      <CFGlacier>1</CFGlacier>
      <CFSlope>1</CFSlope>
      <FC>2361.1180097349948</FC>
      <LP>0.4822100239288063</LP>
      <BETA>1.5499040816905509</BETA>
    </VegetationZoneParameters>
  </VegetationZone>
  <SubCatchment>
    <SubCatchmentParameters>
      <KSI>0.001</KSI>
      <KGmin>0.05</KGmin>
      <RangeKG>0.1</RangeKG>
      <AG>0.1</AG>
      <PERC>2.9101948584273978</PERC>
      <Alpha>0.21730095962347376</Alpha>
      <UZL>58.202750998696743</UZL>
      <K0>0.15187473853644085</K0>
      <K1>0.010000033207998077</K1>
      <K2>0.025666501896205358</K2>
      <MAXBAS>1</MAXBAS>
      <Cet>0</Cet>
      <PCALT>19.9998516580265</PCALT>
      <TCALT>0.10312336323539245</TCALT>
      <Pelev>2537</Pelev>
      <Telev>2486</Telev>
      <PART>0.5</PART>
      <DELAY>1</DELAY>
    </SubCatchmentParameters>
    <SubCatchmentVegetationZone>
      <SubCatchmentVegetationZoneParameters>
        <TT>-1.4409694804201763</TT>
        <CFMAX>1.1163312997966544</CFMAX>
        <SP>0</SP>
        <SFCF>0.87354960902767242</SFCF>
        <CFR>0.099996464503473867</CFR>
        <CWH>0.1386224898517856</CWH>
        <CFGlacier>1</CFGlacier>
        <CFSlope>1</CFSlope>
        <FC>2361.1180097349948</FC>
        <LP>0.4822100239288063</LP>
        <BETA>1.5499040816905509</BETA>
      </SubCatchmentVegetationZoneParameters>
    </SubCatchmentVegetationZone>
  </SubCatchment>
</Catchment>