<?xml version="1.0" encoding="utf-8"?>
<Catchment xmlns:xsi="http://www.w3.org/2001/XMLSchema-instance" xmlns:xsd="http://www.w3.org/2001/XMLSchema">
  <CatchmentParameters>
    <KSI>0.001</KSI>
    <KGmin>0.05</KGmin>
    <RangeKG>0.1</RangeKG>
    <AG>0.1</AG>
    <PERC>3.0406466237709582</PERC>
    <Alpha>0.21730095962347376</Alpha>
    <UZL>166.39373028748386</UZL>
    <K0>0.3457905470249954</K0>
    <K1>0.010000108739885586</K1>
    <K2>0.024812666482602067</K2>
    <MAXBAS>1</MAXBAS>
    <Cet>0</Cet>
    <PCALT>19.999980264422923</PCALT>
    <TCALT>0.1308458427926546</TCALT>
    <Pelev>2537</Pelev>
    <Telev>2486</Telev>
    <PART>0.5</PART>
    <DELAY>1</DELAY>
  </CatchmentParameters>
  <VegetationZone>
    <VegetationZoneParameters>
      <TT>-1.6491663598212072</TT>
      <CFMAX>0.99176580286188876</CFMAX>
      <SP>0</SP>
      <SFCF>0.9451657483126481</SFCF>
      <CFR>0.0999987481262654</CFR>
      <CWH>0.19999857619042757</CWH>
      <CFGlacier>1</CFGlacier>
      <CFSlope>1</CFSlope>
      <FC>2052.55642596264</FC>
      <LP>0.5926047026984933</LP>
      <BETA>1.9302214966860745</BETA>
    </VegetationZoneParameters>
  </VegetationZone>
  <SubCatchment>
    <SubCatchmentParameters>
      <KSI>0.001</KSI>
      <KGmin>0.05</KGmin>
      <RangeKG>0.1</RangeKG>
      <AG>0.1</AG>
      <PERC>3.0406466237709582</PERC>
      <Alpha>0.21730095962347376</Alpha>
      <UZL>166.39373028748386</UZL>
      <K0>0.3457905470249954</K0>
      <K1>0.010000108739885586</K1>
      <K2>0.024812666482602067</K2>
      <MAXBAS>1</MAXBAS>
      <Cet>0</Cet>
      <PCALT>19.999980264422923</PCALT>
      <TCALT>0.1308458427926546</TCALT>
      <Pelev>2537</Pelev>
      <Telev>2486</Telev>
      <PART>0.5</PART>
      <DELAY>1</DELAY>
    </SubCatchmentParameters>
    <SubCatchmentVegetationZone>
      <SubCatchmentVegetationZoneParameters>
        <TT>-1.6491663598212072</TT>
        <CFMAX>0.99176580286188876</CFMAX>
        <SP>0</SP>
        <SFCF>0.9451657483126481</SFCF>
        <CFR>0.0999987481262654</CFR>
        <CWH>0.19999857619042757</CWH>
        <CFGlacier>1</CFGlacier>
        <CFSlope>1</CFSlope>
        <FC>2052.55642596264</FC>
        <LP>0.5926047026984933</LP>
        <BETA>1.9302214966860745</BETA>
      </SubCatchmentVegetationZoneParameters>
    </SubCatchmentVegetationZone>
  </SubCatchment>
</Catchment>