<?xml version="1.0" encoding="utf-8"?>
<Catchment xmlns:xsi="http://www.w3.org/2001/XMLSchema-instance" xmlns:xsd="http://www.w3.org/2001/XMLSchema">
  <CatchmentParameters>
    <KSI>0.001</KSI>
    <KGmin>0.05</KGmin>
    <RangeKG>0.1</RangeKG>
    <AG>0.1</AG>
    <PERC>1.9394950033548017</PERC>
    <Alpha>0.21730095962347376</Alpha>
    <UZL>63.09011338825001</UZL>
    <K0>0.47212126336241167</K0>
    <K1>0.010005009367213862</K1>
    <K2>0.026701558828942467</K2>
    <MAXBAS>1</MAXBAS>
    <Cet>0</Cet>
    <PCALT>14.708483209405806</PCALT>
    <TCALT>0.27794995166522191</TCALT>
    <Pelev>2537</Pelev>
    <Telev>2486</Telev>
    <PART>0.5</PART>
    <DELAY>1</DELAY>
  </CatchmentParameters>
  <VegetationZone>
    <VegetationZoneParameters>
      <TT>-1.2168640561327613</TT>
      <CFMAX>1.6613305143716231</CFMAX>
      <SP>0</SP>
      <SFCF>0.743833387680426</SFCF>
      <CFR>0.0999972617558055</CFR>
      <CWH>0.19999838411503</CWH>
      <CFGlacier>1</CFGlacier>
      <CFSlope>1</CFSlope>
      <FC>2499.9999746008225</FC>
      <LP>0.72118432140117961</LP>
      <BETA>2.5505993211090621</BETA>
    </VegetationZoneParameters>
  </VegetationZone>
  <SubCatchment>
    <SubCatchmentParameters>
      <KSI>0.001</KSI>
      <KGmin>0.05</KGmin>
      <RangeKG>0.1</RangeKG>
      <AG>0.1</AG>
      <PERC>1.9394950033548017</PERC>
      <Alpha>0.21730095962347376</Alpha>
      <UZL>63.09011338825001</UZL>
      <K0>0.47212126336241167</K0>
      <K1>0.010005009367213862</K1>
      <K2>0.026701558828942467</K2>
      <MAXBAS>1</MAXBAS>
      <Cet>0</Cet>
      <PCALT>14.708483209405806</PCALT>
      <TCALT>0.27794995166522191</TCALT>
      <Pelev>2537</Pelev>
      <Telev>2486</Telev>
      <PART>0.5</PART>
      <DELAY>1</DELAY>
    </SubCatchmentParameters>
    <SubCatchmentVegetationZone>
      <SubCatchmentVegetationZoneParameters>
        <TT>-1.2168640561327613</TT>
        <CFMAX>1.6613305143716231</CFMAX>
        <SP>0</SP>
        <SFCF>0.743833387680426</SFCF>
        <CFR>0.0999972617558055</CFR>
        <CWH>0.19999838411503</CWH>
        <CFGlacier>1</CFGlacier>
        <CFSlope>1</CFSlope>
        <FC>2499.9999746008225</FC>
        <LP>0.72118432140117961</LP>
        <BETA>2.5505993211090621</BETA>
      </SubCatchmentVegetationZoneParameters>
    </SubCatchmentVegetationZone>
  </SubCatchment>
</Catchment>