<?xml version="1.0" encoding="utf-8"?>
<Catchment xmlns:xsi="http://www.w3.org/2001/XMLSchema-instance" xmlns:xsd="http://www.w3.org/2001/XMLSchema">
  <CatchmentParameters>
    <KSI>0.001</KSI>
    <KGmin>0.05</KGmin>
    <RangeKG>0.1</RangeKG>
    <AG>0.1</AG>
    <PERC>0.96806908849874262</PERC>
    <Alpha>0</Alpha>
    <UZL>56.603175540330412</UZL>
    <K0>0.98999473931664894</K0>
    <K1>0.2838603818942585</K1>
    <K2>0.052375404596870165</K2>
    <MAXBAS>1</MAXBAS>
    <Cet>0</Cet>
    <PCALT>10</PCALT>
    <TCALT>0.6</TCALT>
    <Pelev>482</Pelev>
    <Telev>482</Telev>
    <PART>0.5</PART>
    <DELAY>1</DELAY>
  </CatchmentParameters>
  <VegetationZone>
    <VegetationZoneParameters>
      <TT>-2</TT>
      <CFMAX>7</CFMAX>
      <SP>0</SP>
      <SFCF>0.8</SFCF>
      <CFR>1.0837273514219724E-06</CFR>
      <CWH>0.10000101791445504</CWH>
      <CFGlacier>1</CFGlacier>
      <CFSlope>1</CFSlope>
      <FC>2499.9951274437549</FC>
      <LP>0.30000004078276205</LP>
      <BETA>1.7361687292029588</BETA>
    </VegetationZoneParameters>
  </VegetationZone>
  <SubCatchment>
    <SubCatchmentParameters>
      <KSI>0.001</KSI>
      <KGmin>0.05</KGmin>
      <RangeKG>0.1</RangeKG>
      <AG>0.1</AG>
      <PERC>0.96806908849874262</PERC>
      <Alpha>0</Alpha>
      <UZL>56.603175540330412</UZL>
      <K0>0.98999473931664894</K0>
      <K1>0.2838603818942585</K1>
      <K2>0.052375404596870165</K2>
      <MAXBAS>1</MAXBAS>
      <Cet>0</Cet>
      <PCALT>10</PCALT>
      <TCALT>0.6</TCALT>
      <Pelev>482</Pelev>
      <Telev>482</Telev>
      <PART>0.5</PART>
      <DELAY>1</DELAY>
    </SubCatchmentParameters>
    <SubCatchmentVegetationZone>
      <SubCatchmentVegetationZoneParameters>
        <TT>-2</TT>
        <CFMAX>7</CFMAX>
        <SP>0</SP>
        <SFCF>0.8</SFCF>
        <CFR>1.0837273514219724E-06</CFR>
        <CWH>0.10000101791445504</CWH>
        <CFGlacier>1</CFGlacier>
        <CFSlope>1</CFSlope>
        <FC>2499.9951274437549</FC>
        <LP>0.30000004078276205</LP>
        <BETA>1.7361687292029588</BETA>
      </SubCatchmentVegetationZoneParameters>
    </SubCatchmentVegetationZone>
  </SubCatchment>
</Catchment>