<?xml version="1.0" encoding="utf-8"?>
<Simulation xmlns:xsi="http://www.w3.org/2001/XMLSchema-instance" xmlns:xsd="http://www.w3.org/2001/XMLSchema">
  <ModelType>Standard</ModelType>
  <ModelVariant>Basic</ModelVariant>
  <StartOfWarmingUpPeriod>2015-10-01T00:00:00</StartOfWarmingUpPeriod>
  <StartOfSimulationPeriod>2016-10-01T00:00:00</StartOfSimulationPeriod>
  <EndOfSimulationPeriod>2018-09-30T00:00:00</EndOfSimulationPeriod>
  <SaveResults>true</SaveResults>
  <SaveDistributedSimulations>false</SaveDistributedSimulations>
  <SaveResultsWithHighPrecision>true</SaveResultsWithHighPrecision>
  <ComputeReffInterval>false</ComputeReffInterval>
  <ComputeReffPeak>false</ComputeReffPeak>
  <ComputeReffSeason>false</ComputeReffSeason>
  <ComputeReffWeightedQ>false</ComputeReffWeightedQ>
  <SeasonalReffStartDay>1</SeasonalReffStartDay>
  <SeasonalReffEndDay>31</SeasonalReffEndDay>
  <SeasonalReffStartMonth>January</SeasonalReffStartMonth>
  <SeasonalReffEndMonth>December</SeasonalReffEndMonth>
  <ReffInterval />
  <PlotPeriod>365</PlotPeriod>
  <UseOldSUZ>true</UseOldSUZ>
  <SaveRunoffComponents>true</SaveRunoffComponents>
  <Mixing>CompleteMixing</Mixing>
  <ReffWeights />
</Simulation>