<?xml version="1.0" encoding="utf-8"?>
<Catchment xmlns:xsi="http://www.w3.org/2001/XMLSchema-instance" xmlns:xsd="http://www.w3.org/2001/XMLSchema">
  <CatchmentParameters>
    <KSI>0.001</KSI>
    <KGmin>0.05</KGmin>
    <RangeKG>0.1</RangeKG>
    <AG>0.1</AG>
    <PERC>9.9999998278547118</PERC>
    <Alpha>0</Alpha>
    <UZL>185.8770004115714</UZL>
    <K0>0.23435014701866058</K0>
    <K1>0.7079245011830454</K1>
    <K2>0.11421403188832233</K2>
    <MAXBAS>1.0050014026197272</MAXBAS>
    <Cet>0</Cet>
    <PCALT>10</PCALT>
    <TCALT>0.6</TCALT>
    <Pelev>3165</Pelev>
    <Telev>3224</Telev>
    <PART>0.5</PART>
    <DELAY>1</DELAY>
  </CatchmentParameters>
  <VegetationZone>
    <VegetationZoneParameters>
      <TT>-0.757080869568183</TT>
      <CFMAX>1.6377689939844404</CFMAX>
      <SP>0</SP>
      <SFCF>0.81500911520015529</SFCF>
      <CFR>0.0036643786020883482</CFR>
      <CWH>0.10000065618384431</CWH>
      <CFGlacier>1</CFGlacier>
      <CFSlope>1</CFSlope>
      <FC>484.78332441877041</FC>
      <LP>0.88178990582540806</LP>
      <BETA>5.999955908926121</BETA>
    </VegetationZoneParameters>
  </VegetationZone>
  <SubCatchment>
    <SubCatchmentParameters>
      <KSI>0.001</KSI>
      <KGmin>0.05</KGmin>
      <RangeKG>0.1</RangeKG>
      <AG>0.1</AG>
      <PERC>9.9999998278547118</PERC>
      <Alpha>0</Alpha>
      <UZL>185.8770004115714</UZL>
      <K0>0.23435014701866058</K0>
      <K1>0.7079245011830454</K1>
      <K2>0.11421403188832233</K2>
      <MAXBAS>1.0050014026197272</MAXBAS>
      <Cet>0</Cet>
      <PCALT>10</PCALT>
      <TCALT>0.6</TCALT>
      <Pelev>3165</Pelev>
      <Telev>3224</Telev>
      <PART>0.5</PART>
      <DELAY>1</DELAY>
    </SubCatchmentParameters>
    <SubCatchmentVegetationZone>
      <SubCatchmentVegetationZoneParameters>
        <TT>-0.757080869568183</TT>
        <CFMAX>1.6377689939844404</CFMAX>
        <SP>0</SP>
        <SFCF>0.81500911520015529</SFCF>
        <CFR>0.0036643786020883482</CFR>
        <CWH>0.10000065618384431</CWH>
        <CFGlacier>1</CFGlacier>
        <CFSlope>1</CFSlope>
        <FC>484.78332441877041</FC>
        <LP>0.88178990582540806</LP>
        <BETA>5.999955908926121</BETA>
      </SubCatchmentVegetationZoneParameters>
    </SubCatchmentVegetationZone>
  </SubCatchment>
</Catchment>