<?xml version="1.0" encoding="utf-8"?>
<Catchment xmlns:xsi="http://www.w3.org/2001/XMLSchema-instance" xmlns:xsd="http://www.w3.org/2001/XMLSchema">
  <CatchmentParameters>
    <KSI>0.001</KSI>
    <KGmin>0.05</KGmin>
    <RangeKG>0.1</RangeKG>
    <AG>0.1</AG>
    <PERC>0.26171955447005846</PERC>
    <Alpha>0</Alpha>
    <UZL>118.13413150310051</UZL>
    <K0>0.050238894183393112</K0>
    <K1>0.11330299791077222</K1>
    <K2>0.010000036973980322</K2>
    <MAXBAS>1</MAXBAS>
    <Cet>0</Cet>
    <PCALT>10</PCALT>
    <TCALT>0.6</TCALT>
    <Pelev>3165</Pelev>
    <Telev>3224</Telev>
    <PART>0.5</PART>
    <DELAY>1</DELAY>
  </CatchmentParameters>
  <VegetationZone>
    <VegetationZoneParameters>
      <TT>-0.23601269662314983</TT>
      <CFMAX>3.2633700207051235</CFMAX>
      <SP>0</SP>
      <SFCF>1.0727411307119956</SFCF>
      <CFR>0.09999990276042868</CFR>
      <CWH>0.1705680307376802</CWH>
      <CFGlacier>1</CFGlacier>
      <CFSlope>1</CFSlope>
      <FC>1189.4074180261459</FC>
      <LP>0.71321819662368646</LP>
      <BETA>2.1843172305092713</BETA>
    </VegetationZoneParameters>
  </VegetationZone>
  <SubCatchment>
    <SubCatchmentParameters>
      <KSI>0.001</KSI>
      <KGmin>0.05</KGmin>
      <RangeKG>0.1</RangeKG>
      <AG>0.1</AG>
      <PERC>0.26171955447005846</PERC>
      <Alpha>0</Alpha>
      <UZL>118.13413150310051</UZL>
      <K0>0.050238894183393112</K0>
      <K1>0.11330299791077222</K1>
      <K2>0.010000036973980322</K2>
      <MAXBAS>1</MAXBAS>
      <Cet>0</Cet>
      <PCALT>10</PCALT>
      <TCALT>0.6</TCALT>
      <Pelev>3165</Pelev>
      <Telev>3224</Telev>
      <PART>0.5</PART>
      <DELAY>1</DELAY>
    </SubCatchmentParameters>
    <SubCatchmentVegetationZone>
      <SubCatchmentVegetationZoneParameters>
        <TT>-0.23601269662314983</TT>
        <CFMAX>3.2633700207051235</CFMAX>
        <SP>0</SP>
        <SFCF>1.0727411307119956</SFCF>
        <CFR>0.09999990276042868</CFR>
        <CWH>0.1705680307376802</CWH>
        <CFGlacier>1</CFGlacier>
        <CFSlope>1</CFSlope>
        <FC>1189.4074180261459</FC>
        <LP>0.71321819662368646</LP>
        <BETA>2.1843172305092713</BETA>
      </SubCatchmentVegetationZoneParameters>
    </SubCatchmentVegetationZone>
  </SubCatchment>
</Catchment>