<?xml version="1.0" encoding="utf-8"?>
<Catchment xmlns:xsi="http://www.w3.org/2001/XMLSchema-instance" xmlns:xsd="http://www.w3.org/2001/XMLSchema">
  <CatchmentParameters>
    <KSI>0.001</KSI>
    <KGmin>0.05</KGmin>
    <RangeKG>0.1</RangeKG>
    <AG>0.1</AG>
    <PERC>0.28492137787534449</PERC>
    <Alpha>0</Alpha>
    <UZL>152.25415760272369</UZL>
    <K0>0.18888585684312392</K0>
    <K1>0.10361414847484519</K1>
    <K2>0.011236659621456799</K2>
    <MAXBAS>1</MAXBAS>
    <Cet>0</Cet>
    <PCALT>10</PCALT>
    <TCALT>0.6</TCALT>
    <Pelev>3165</Pelev>
    <Telev>3224</Telev>
    <PART>0.5</PART>
    <DELAY>1</DELAY>
  </CatchmentParameters>
  <VegetationZone>
    <VegetationZoneParameters>
      <TT>-0.33601409873040455</TT>
      <CFMAX>2.7937987591930797</CFMAX>
      <SP>0</SP>
      <SFCF>0.91944686481902027</SFCF>
      <CFR>0.099999696844002381</CFR>
      <CWH>0.18599783216987759</CWH>
      <CFGlacier>1</CFGlacier>
      <CFSlope>1</CFSlope>
      <FC>762.81739052333558</FC>
      <LP>0.90381929304400155</LP>
      <BETA>2.4333654193603378</BETA>
    </VegetationZoneParameters>
  </VegetationZone>
  <SubCatchment>
    <SubCatchmentParameters>
      <KSI>0.001</KSI>
      <KGmin>0.05</KGmin>
      <RangeKG>0.1</RangeKG>
      <AG>0.1</AG>
      <PERC>0.28492137787534449</PERC>
      <Alpha>0</Alpha>
      <UZL>152.25415760272369</UZL>
      <K0>0.18888585684312392</K0>
      <K1>0.10361414847484519</K1>
      <K2>0.011236659621456799</K2>
      <MAXBAS>1</MAXBAS>
      <Cet>0</Cet>
      <PCALT>10</PCALT>
      <TCALT>0.6</TCALT>
      <Pelev>3165</Pelev>
      <Telev>3224</Telev>
      <PART>0.5</PART>
      <DELAY>1</DELAY>
    </SubCatchmentParameters>
    <SubCatchmentVegetationZone>
      <SubCatchmentVegetationZoneParameters>
        <TT>-0.33601409873040455</TT>
        <CFMAX>2.7937987591930797</CFMAX>
        <SP>0</SP>
        <SFCF>0.91944686481902027</SFCF>
        <CFR>0.099999696844002381</CFR>
        <CWH>0.18599783216987759</CWH>
        <CFGlacier>1</CFGlacier>
        <CFSlope>1</CFSlope>
        <FC>762.81739052333558</FC>
        <LP>0.90381929304400155</LP>
        <BETA>2.4333654193603378</BETA>
      </SubCatchmentVegetationZoneParameters>
    </SubCatchmentVegetationZone>
  </SubCatchment>
</Catchment>