<?xml version="1.0" encoding="utf-8"?>
<Catchment xmlns:xsi="http://www.w3.org/2001/XMLSchema-instance" xmlns:xsd="http://www.w3.org/2001/XMLSchema">
  <CatchmentParameters>
    <KSI>0.001</KSI>
    <KGmin>0.05</KGmin>
    <RangeKG>0.1</RangeKG>
    <AG>0.1</AG>
    <PERC>5.1381288838995012</PERC>
    <Alpha>0</Alpha>
    <UZL>174.837256650278</UZL>
    <K0>0.13589156089273446</K0>
    <K1>0.090525668658100716</K1>
    <K2>0.14377736944899713</K2>
    <MAXBAS>1.0050459426816083</MAXBAS>
    <Cet>0</Cet>
    <PCALT>10</PCALT>
    <TCALT>0.6</TCALT>
    <Pelev>3165</Pelev>
    <Telev>3224</Telev>
    <PART>0.5</PART>
    <DELAY>1</DELAY>
  </CatchmentParameters>
  <VegetationZone>
    <VegetationZoneParameters>
      <TT>0.30400351869616682</TT>
      <CFMAX>3.4644450713404775</CFMAX>
      <SP>0</SP>
      <SFCF>0.94883098296701807</SFCF>
      <CFR>0.089632737134270168</CFR>
      <CWH>0.10000013023852389</CWH>
      <CFGlacier>1</CFGlacier>
      <CFSlope>1</CFSlope>
      <FC>682.58585881955423</FC>
      <LP>0.73037921762059765</LP>
      <BETA>2.9536226858371424</BETA>
    </VegetationZoneParameters>
  </VegetationZone>
  <SubCatchment>
    <SubCatchmentParameters>
      <KSI>0.001</KSI>
      <KGmin>0.05</KGmin>
      <RangeKG>0.1</RangeKG>
      <AG>0.1</AG>
      <PERC>5.1381288838995012</PERC>
      <Alpha>0</Alpha>
      <UZL>174.837256650278</UZL>
      <K0>0.13589156089273446</K0>
      <K1>0.090525668658100716</K1>
      <K2>0.14377736944899713</K2>
      <MAXBAS>1.0050459426816083</MAXBAS>
      <Cet>0</Cet>
      <PCALT>10</PCALT>
      <TCALT>0.6</TCALT>
      <Pelev>3165</Pelev>
      <Telev>3224</Telev>
      <PART>0.5</PART>
      <DELAY>1</DELAY>
    </SubCatchmentParameters>
    <SubCatchmentVegetationZone>
      <SubCatchmentVegetationZoneParameters>
        <TT>0.30400351869616682</TT>
        <CFMAX>3.4644450713404775</CFMAX>
        <SP>0</SP>
        <SFCF>0.94883098296701807</SFCF>
        <CFR>0.089632737134270168</CFR>
        <CWH>0.10000013023852389</CWH>
        <CFGlacier>1</CFGlacier>
        <CFSlope>1</CFSlope>
        <FC>682.58585881955423</FC>
        <LP>0.73037921762059765</LP>
        <BETA>2.9536226858371424</BETA>
      </SubCatchmentVegetationZoneParameters>
    </SubCatchmentVegetationZone>
  </SubCatchment>
</Catchment>