<?xml version="1.0" encoding="utf-8"?>
<Catchment xmlns:xsi="http://www.w3.org/2001/XMLSchema-instance" xmlns:xsd="http://www.w3.org/2001/XMLSchema">
  <CatchmentParameters>
    <KSI>0.001</KSI>
    <KGmin>0.05</KGmin>
    <RangeKG>0.1</RangeKG>
    <AG>0.1</AG>
    <PERC>0.33224592709603684</PERC>
    <Alpha>0</Alpha>
    <UZL>153.26393878119865</UZL>
    <K0>0.28043786731346293</K0>
    <K1>0.10584733479324464</K1>
    <K2>0.018542392178595452</K2>
    <MAXBAS>1</MAXBAS>
    <Cet>0</Cet>
    <PCALT>10</PCALT>
    <TCALT>0.6</TCALT>
    <Pelev>3165</Pelev>
    <Telev>3224</Telev>
    <PART>0.5</PART>
    <DELAY>1</DELAY>
  </CatchmentParameters>
  <VegetationZone>
    <VegetationZoneParameters>
      <TT>-1.4560045201112606</TT>
      <CFMAX>2.5578702563147284</CFMAX>
      <SP>0</SP>
      <SFCF>1.1686445344906009</SFCF>
      <CFR>0.099998518633693176</CFR>
      <CWH>0.12517413840625563</CWH>
      <CFGlacier>1</CFGlacier>
      <CFSlope>1</CFSlope>
      <FC>1647.5876890876145</FC>
      <LP>0.86651147202149659</LP>
      <BETA>4.3016923000747358</BETA>
    </VegetationZoneParameters>
  </VegetationZone>
  <SubCatchment>
    <SubCatchmentParameters>
      <KSI>0.001</KSI>
      <KGmin>0.05</KGmin>
      <RangeKG>0.1</RangeKG>
      <AG>0.1</AG>
      <PERC>0.33224592709603684</PERC>
      <Alpha>0</Alpha>
      <UZL>153.26393878119865</UZL>
      <K0>0.28043786731346293</K0>
      <K1>0.10584733479324464</K1>
      <K2>0.018542392178595452</K2>
      <MAXBAS>1</MAXBAS>
      <Cet>0</Cet>
      <PCALT>10</PCALT>
      <TCALT>0.6</TCALT>
      <Pelev>3165</Pelev>
      <Telev>3224</Telev>
      <PART>0.5</PART>
      <DELAY>1</DELAY>
    </SubCatchmentParameters>
    <SubCatchmentVegetationZone>
      <SubCatchmentVegetationZoneParameters>
        <TT>-1.4560045201112606</TT>
        <CFMAX>2.5578702563147284</CFMAX>
        <SP>0</SP>
        <SFCF>1.1686445344906009</SFCF>
        <CFR>0.099998518633693176</CFR>
        <CWH>0.12517413840625563</CWH>
        <CFGlacier>1</CFGlacier>
        <CFSlope>1</CFSlope>
        <FC>1647.5876890876145</FC>
        <LP>0.86651147202149659</LP>
        <BETA>4.3016923000747358</BETA>
      </SubCatchmentVegetationZoneParameters>
    </SubCatchmentVegetationZone>
  </SubCatchment>
</Catchment>