<?xml version="1.0" encoding="utf-8"?>
<Catchment xmlns:xsi="http://www.w3.org/2001/XMLSchema-instance" xmlns:xsd="http://www.w3.org/2001/XMLSchema">
  <CatchmentParameters>
    <KSI>0.001</KSI>
    <KGmin>0.05</KGmin>
    <RangeKG>0.1</RangeKG>
    <AG>0.1</AG>
    <PERC>6.3748579530846987</PERC>
    <Alpha>0</Alpha>
    <UZL>196.40932377417528</UZL>
    <K0>0.056973634344691923</K0>
    <K1>0.084876899778629208</K1>
    <K2>0.12879637054621268</K2>
    <MAXBAS>1.0049802920113335</MAXBAS>
    <Cet>0</Cet>
    <PCALT>10</PCALT>
    <TCALT>0.6</TCALT>
    <Pelev>3165</Pelev>
    <Telev>3224</Telev>
    <PART>0.5</PART>
    <DELAY>1</DELAY>
  </CatchmentParameters>
  <VegetationZone>
    <VegetationZoneParameters>
      <TT>1.2790953200429924</TT>
      <CFMAX>4.2867041741009118</CFMAX>
      <SP>0</SP>
      <SFCF>0.86952825699730252</SFCF>
      <CFR>0.0400774234346334</CFR>
      <CWH>0.1000000455640052</CWH>
      <CFGlacier>1</CFGlacier>
      <CFSlope>1</CFSlope>
      <FC>678.05066766942662</FC>
      <LP>0.95547710641471639</LP>
      <BETA>3.451773507105103</BETA>
    </VegetationZoneParameters>
  </VegetationZone>
  <SubCatchment>
    <SubCatchmentParameters>
      <KSI>0.001</KSI>
      <KGmin>0.05</KGmin>
      <RangeKG>0.1</RangeKG>
      <AG>0.1</AG>
      <PERC>6.3748579530846987</PERC>
      <Alpha>0</Alpha>
      <UZL>196.40932377417528</UZL>
      <K0>0.056973634344691923</K0>
      <K1>0.084876899778629208</K1>
      <K2>0.12879637054621268</K2>
      <MAXBAS>1.0049802920113335</MAXBAS>
      <Cet>0</Cet>
      <PCALT>10</PCALT>
      <TCALT>0.6</TCALT>
      <Pelev>3165</Pelev>
      <Telev>3224</Telev>
      <PART>0.5</PART>
      <DELAY>1</DELAY>
    </SubCatchmentParameters>
    <SubCatchmentVegetationZone>
      <SubCatchmentVegetationZoneParameters>
        <TT>1.2790953200429924</TT>
        <CFMAX>4.2867041741009118</CFMAX>
        <SP>0</SP>
        <SFCF>0.86952825699730252</SFCF>
        <CFR>0.0400774234346334</CFR>
        <CWH>0.1000000455640052</CWH>
        <CFGlacier>1</CFGlacier>
        <CFSlope>1</CFSlope>
        <FC>678.05066766942662</FC>
        <LP>0.95547710641471639</LP>
        <BETA>3.451773507105103</BETA>
      </SubCatchmentVegetationZoneParameters>
    </SubCatchmentVegetationZone>
  </SubCatchment>
</Catchment>