<?xml version="1.0" encoding="utf-8"?>
<Catchment xmlns:xsi="http://www.w3.org/2001/XMLSchema-instance" xmlns:xsd="http://www.w3.org/2001/XMLSchema">
  <CatchmentParameters>
    <KSI>0.001</KSI>
    <KGmin>0.05</KGmin>
    <RangeKG>0.1</RangeKG>
    <AG>0.1</AG>
    <PERC>0.24729685098215296</PERC>
    <Alpha>0</Alpha>
    <UZL>199.7203509414467</UZL>
    <K0>0.081293006338756343</K0>
    <K1>0.11009161760214464</K1>
    <K2>0.010000019171007995</K2>
    <MAXBAS>1</MAXBAS>
    <Cet>0</Cet>
    <PCALT>10</PCALT>
    <TCALT>0.6</TCALT>
    <Pelev>3165</Pelev>
    <Telev>3224</Telev>
    <PART>0.5</PART>
    <DELAY>1</DELAY>
  </CatchmentParameters>
  <VegetationZone>
    <VegetationZoneParameters>
      <TT>-0.7960077660856012</TT>
      <CFMAX>3.36800248130453</CFMAX>
      <SP>0</SP>
      <SFCF>1.2705586837609966</SFCF>
      <CFR>0.099998900207592042</CFR>
      <CWH>0.19999689494160067</CWH>
      <CFGlacier>1</CFGlacier>
      <CFSlope>1</CFSlope>
      <FC>1448.1867953042026</FC>
      <LP>0.40581134124174228</LP>
      <BETA>1.6836140627234575</BETA>
    </VegetationZoneParameters>
  </VegetationZone>
  <SubCatchment>
    <SubCatchmentParameters>
      <KSI>0.001</KSI>
      <KGmin>0.05</KGmin>
      <RangeKG>0.1</RangeKG>
      <AG>0.1</AG>
      <PERC>0.24729685098215296</PERC>
      <Alpha>0</Alpha>
      <UZL>199.7203509414467</UZL>
      <K0>0.081293006338756343</K0>
      <K1>0.11009161760214464</K1>
      <K2>0.010000019171007995</K2>
      <MAXBAS>1</MAXBAS>
      <Cet>0</Cet>
      <PCALT>10</PCALT>
      <TCALT>0.6</TCALT>
      <Pelev>3165</Pelev>
      <Telev>3224</Telev>
      <PART>0.5</PART>
      <DELAY>1</DELAY>
    </SubCatchmentParameters>
    <SubCatchmentVegetationZone>
      <SubCatchmentVegetationZoneParameters>
        <TT>-0.7960077660856012</TT>
        <CFMAX>3.36800248130453</CFMAX>
        <SP>0</SP>
        <SFCF>1.2705586837609966</SFCF>
        <CFR>0.099998900207592042</CFR>
        <CWH>0.19999689494160067</CWH>
        <CFGlacier>1</CFGlacier>
        <CFSlope>1</CFSlope>
        <FC>1448.1867953042026</FC>
        <LP>0.40581134124174228</LP>
        <BETA>1.6836140627234575</BETA>
      </SubCatchmentVegetationZoneParameters>
    </SubCatchmentVegetationZone>
  </SubCatchment>
</Catchment>