<?xml version="1.0" encoding="utf-8"?>
<Catchment xmlns:xsi="http://www.w3.org/2001/XMLSchema-instance" xmlns:xsd="http://www.w3.org/2001/XMLSchema">
  <CatchmentParameters>
    <KSI>0.001</KSI>
    <KGmin>0.05</KGmin>
    <RangeKG>0.1</RangeKG>
    <AG>0.1</AG>
    <PERC>0.24795079692265978</PERC>
    <Alpha>0</Alpha>
    <UZL>159.11494983927696</UZL>
    <K0>0.12555857173407087</K0>
    <K1>0.11727650158190152</K1>
    <K2>0.010000013401260817</K2>
    <MAXBAS>1</MAXBAS>
    <Cet>0</Cet>
    <PCALT>10</PCALT>
    <TCALT>0.6</TCALT>
    <Pelev>3165</Pelev>
    <Telev>3224</Telev>
    <PART>0.5</PART>
    <DELAY>1</DELAY>
  </CatchmentParameters>
  <VegetationZone>
    <VegetationZoneParameters>
      <TT>-1.256000031538226</TT>
      <CFMAX>2.3262793232469989</CFMAX>
      <SP>0</SP>
      <SFCF>1.0719965967647043</SFCF>
      <CFR>0.099999523531826215</CFR>
      <CWH>0.19999804306639518</CWH>
      <CFGlacier>1</CFGlacier>
      <CFSlope>1</CFSlope>
      <FC>1037.2281847166407</FC>
      <LP>0.72253430492739212</LP>
      <BETA>2.3332835929208495</BETA>
    </VegetationZoneParameters>
  </VegetationZone>
  <SubCatchment>
    <SubCatchmentParameters>
      <KSI>0.001</KSI>
      <KGmin>0.05</KGmin>
      <RangeKG>0.1</RangeKG>
      <AG>0.1</AG>
      <PERC>0.24795079692265978</PERC>
      <Alpha>0</Alpha>
      <UZL>159.11494983927696</UZL>
      <K0>0.12555857173407087</K0>
      <K1>0.11727650158190152</K1>
      <K2>0.010000013401260817</K2>
      <MAXBAS>1</MAXBAS>
      <Cet>0</Cet>
      <PCALT>10</PCALT>
      <TCALT>0.6</TCALT>
      <Pelev>3165</Pelev>
      <Telev>3224</Telev>
      <PART>0.5</PART>
      <DELAY>1</DELAY>
    </SubCatchmentParameters>
    <SubCatchmentVegetationZone>
      <SubCatchmentVegetationZoneParameters>
        <TT>-1.256000031538226</TT>
        <CFMAX>2.3262793232469989</CFMAX>
        <SP>0</SP>
        <SFCF>1.0719965967647043</SFCF>
        <CFR>0.099999523531826215</CFR>
        <CWH>0.19999804306639518</CWH>
        <CFGlacier>1</CFGlacier>
        <CFSlope>1</CFSlope>
        <FC>1037.2281847166407</FC>
        <LP>0.72253430492739212</LP>
        <BETA>2.3332835929208495</BETA>
      </SubCatchmentVegetationZoneParameters>
    </SubCatchmentVegetationZone>
  </SubCatchment>
</Catchment>