<?xml version="1.0" encoding="utf-8"?>
<Catchment xmlns:xsi="http://www.w3.org/2001/XMLSchema-instance" xmlns:xsd="http://www.w3.org/2001/XMLSchema">
  <CatchmentParameters>
    <KSI>0.001</KSI>
    <KGmin>0.05</KGmin>
    <RangeKG>0.1</RangeKG>
    <AG>0.1</AG>
    <PERC>7.4503881913036025</PERC>
    <Alpha>0</Alpha>
    <UZL>187.28814472935014</UZL>
    <K0>0.3824113445571018</K0>
    <K1>0.08580185230329182</K1>
    <K2>0.1191699934540759</K2>
    <MAXBAS>1.0001939979084829</MAXBAS>
    <Cet>0</Cet>
    <PCALT>10</PCALT>
    <TCALT>0.6</TCALT>
    <Pelev>3165</Pelev>
    <Telev>3224</Telev>
    <PART>0.5</PART>
    <DELAY>1</DELAY>
  </CatchmentParameters>
  <VegetationZone>
    <VegetationZoneParameters>
      <TT>1.6819009160973504</TT>
      <CFMAX>4.1971545493995741</CFMAX>
      <SP>0</SP>
      <SFCF>0.78213640524014127</SFCF>
      <CFR>0.017290120717628664</CFR>
      <CWH>0.10000003699814294</CWH>
      <CFGlacier>1</CFGlacier>
      <CFSlope>1</CFSlope>
      <FC>492.54362653882418</FC>
      <LP>0.99998220534213533</LP>
      <BETA>3.4275123674616852</BETA>
    </VegetationZoneParameters>
  </VegetationZone>
  <SubCatchment>
    <SubCatchmentParameters>
      <KSI>0.001</KSI>
      <KGmin>0.05</KGmin>
      <RangeKG>0.1</RangeKG>
      <AG>0.1</AG>
      <PERC>7.4503881913036025</PERC>
      <Alpha>0</Alpha>
      <UZL>187.28814472935014</UZL>
      <K0>0.3824113445571018</K0>
      <K1>0.08580185230329182</K1>
      <K2>0.1191699934540759</K2>
      <MAXBAS>1.0001939979084829</MAXBAS>
      <Cet>0</Cet>
      <PCALT>10</PCALT>
      <TCALT>0.6</TCALT>
      <Pelev>3165</Pelev>
      <Telev>3224</Telev>
      <PART>0.5</PART>
      <DELAY>1</DELAY>
    </SubCatchmentParameters>
    <SubCatchmentVegetationZone>
      <SubCatchmentVegetationZoneParameters>
        <TT>1.6819009160973504</TT>
        <CFMAX>4.1971545493995741</CFMAX>
        <SP>0</SP>
        <SFCF>0.78213640524014127</SFCF>
        <CFR>0.017290120717628664</CFR>
        <CWH>0.10000003699814294</CWH>
        <CFGlacier>1</CFGlacier>
        <CFSlope>1</CFSlope>
        <FC>492.54362653882418</FC>
        <LP>0.99998220534213533</LP>
        <BETA>3.4275123674616852</BETA>
      </SubCatchmentVegetationZoneParameters>
    </SubCatchmentVegetationZone>
  </SubCatchment>
</Catchment>