<?xml version="1.0" encoding="utf-8"?>
<Catchment xmlns:xsi="http://www.w3.org/2001/XMLSchema-instance" xmlns:xsd="http://www.w3.org/2001/XMLSchema">
  <CatchmentParameters>
    <KSI>0.001</KSI>
    <KGmin>0.05</KGmin>
    <RangeKG>0.1</RangeKG>
    <AG>0.1</AG>
    <PERC>8.7558652487647368</PERC>
    <Alpha>0</Alpha>
    <UZL>167.57539205911033</UZL>
    <K0>0.65705285299266425</K0>
    <K1>0.094946633459897192</K1>
    <K2>0.12875676639377642</K2>
    <MAXBAS>1.0000000283881059</MAXBAS>
    <Cet>0</Cet>
    <PCALT>10</PCALT>
    <TCALT>0.6</TCALT>
    <Pelev>3165</Pelev>
    <Telev>3224</Telev>
    <PART>0.5</PART>
    <DELAY>1</DELAY>
  </CatchmentParameters>
  <VegetationZone>
    <VegetationZoneParameters>
      <TT>1.9508007726117476</TT>
      <CFMAX>3.4031375688230452</CFMAX>
      <SP>0</SP>
      <SFCF>0.640003013682182</SFCF>
      <CFR>0.023882139570697538</CFR>
      <CWH>0.10000019832295683</CWH>
      <CFGlacier>1</CFGlacier>
      <CFSlope>1</CFSlope>
      <FC>275.44978755799451</FC>
      <LP>0.99999722417391956</LP>
      <BETA>3.2986948100414919</BETA>
    </VegetationZoneParameters>
  </VegetationZone>
  <SubCatchment>
    <SubCatchmentParameters>
      <KSI>0.001</KSI>
      <KGmin>0.05</KGmin>
      <RangeKG>0.1</RangeKG>
      <AG>0.1</AG>
      <PERC>8.7558652487647368</PERC>
      <Alpha>0</Alpha>
      <UZL>167.57539205911033</UZL>
      <K0>0.65705285299266425</K0>
      <K1>0.094946633459897192</K1>
      <K2>0.12875676639377642</K2>
      <MAXBAS>1.0000000283881059</MAXBAS>
      <Cet>0</Cet>
      <PCALT>10</PCALT>
      <TCALT>0.6</TCALT>
      <Pelev>3165</Pelev>
      <Telev>3224</Telev>
      <PART>0.5</PART>
      <DELAY>1</DELAY>
    </SubCatchmentParameters>
    <SubCatchmentVegetationZone>
      <SubCatchmentVegetationZoneParameters>
        <TT>1.9508007726117476</TT>
        <CFMAX>3.4031375688230452</CFMAX>
        <SP>0</SP>
        <SFCF>0.640003013682182</SFCF>
        <CFR>0.023882139570697538</CFR>
        <CWH>0.10000019832295683</CWH>
        <CFGlacier>1</CFGlacier>
        <CFSlope>1</CFSlope>
        <FC>275.44978755799451</FC>
        <LP>0.99999722417391956</LP>
        <BETA>3.2986948100414919</BETA>
      </SubCatchmentVegetationZoneParameters>
    </SubCatchmentVegetationZone>
  </SubCatchment>
</Catchment>