<?xml version="1.0" encoding="utf-8"?>
<Catchment xmlns:xsi="http://www.w3.org/2001/XMLSchema-instance" xmlns:xsd="http://www.w3.org/2001/XMLSchema">
  <CatchmentParameters>
    <KSI>0.001</KSI>
    <KGmin>0.05</KGmin>
    <RangeKG>0.1</RangeKG>
    <AG>0.1</AG>
    <PERC>0.32161877648323672</PERC>
    <Alpha>0</Alpha>
    <UZL>188.40469188023241</UZL>
    <K0>0.080423543803592859</K0>
    <K1>0.11905319817880973</K1>
    <K2>0.010000017619216584</K2>
    <MAXBAS>1</MAXBAS>
    <Cet>0</Cet>
    <PCALT>10</PCALT>
    <TCALT>0.6</TCALT>
    <Pelev>3165</Pelev>
    <Telev>3224</Telev>
    <PART>0.5</PART>
    <DELAY>1</DELAY>
  </CatchmentParameters>
  <VegetationZone>
    <VegetationZoneParameters>
      <TT>-1.858600895215526</TT>
      <CFMAX>1.6393409413697224</CFMAX>
      <SP>0</SP>
      <SFCF>0.93325013460694506</SFCF>
      <CFR>0.099999692986298516</CFR>
      <CWH>0.19999820141599034</CWH>
      <CFGlacier>1</CFGlacier>
      <CFSlope>1</CFSlope>
      <FC>682.89195147265912</FC>
      <LP>0.88252547005722082</LP>
      <BETA>3.2447663465260481</BETA>
    </VegetationZoneParameters>
  </VegetationZone>
  <SubCatchment>
    <SubCatchmentParameters>
      <KSI>0.001</KSI>
      <KGmin>0.05</KGmin>
      <RangeKG>0.1</RangeKG>
      <AG>0.1</AG>
      <PERC>0.32161877648323672</PERC>
      <Alpha>0</Alpha>
      <UZL>188.40469188023241</UZL>
      <K0>0.080423543803592859</K0>
      <K1>0.11905319817880973</K1>
      <K2>0.010000017619216584</K2>
      <MAXBAS>1</MAXBAS>
      <Cet>0</Cet>
      <PCALT>10</PCALT>
      <TCALT>0.6</TCALT>
      <Pelev>3165</Pelev>
      <Telev>3224</Telev>
      <PART>0.5</PART>
      <DELAY>1</DELAY>
    </SubCatchmentParameters>
    <SubCatchmentVegetationZone>
      <SubCatchmentVegetationZoneParameters>
        <TT>-1.858600895215526</TT>
        <CFMAX>1.6393409413697224</CFMAX>
        <SP>0</SP>
        <SFCF>0.93325013460694506</SFCF>
        <CFR>0.099999692986298516</CFR>
        <CWH>0.19999820141599034</CWH>
        <CFGlacier>1</CFGlacier>
        <CFSlope>1</CFSlope>
        <FC>682.89195147265912</FC>
        <LP>0.88252547005722082</LP>
        <BETA>3.2447663465260481</BETA>
      </SubCatchmentVegetationZoneParameters>
    </SubCatchmentVegetationZone>
  </SubCatchment>
</Catchment>