<?xml version="1.0" encoding="utf-8"?>
<Catchment xmlns:xsi="http://www.w3.org/2001/XMLSchema-instance" xmlns:xsd="http://www.w3.org/2001/XMLSchema">
  <CatchmentParameters>
    <KSI>0.001</KSI>
    <KGmin>0.05</KGmin>
    <RangeKG>0.1</RangeKG>
    <AG>0.1</AG>
    <PERC>0.29157469149320303</PERC>
    <Alpha>0</Alpha>
    <UZL>162.13037697593654</UZL>
    <K0>0.525415123533866</K0>
    <K1>0.11260809001862326</K1>
    <K2>0.012818954979231719</K2>
    <MAXBAS>1</MAXBAS>
    <Cet>0</Cet>
    <PCALT>10</PCALT>
    <TCALT>0.6</TCALT>
    <Pelev>3165</Pelev>
    <Telev>3224</Telev>
    <PART>0.5</PART>
    <DELAY>1</DELAY>
  </CatchmentParameters>
  <VegetationZone>
    <VegetationZoneParameters>
      <TT>-0.99430620288210236</TT>
      <CFMAX>2.3997137694862833</CFMAX>
      <SP>0</SP>
      <SFCF>1.0200648665091836</SFCF>
      <CFR>0.0999999684797482</CFR>
      <CWH>0.1756003576373808</CWH>
      <CFGlacier>1</CFGlacier>
      <CFSlope>1</CFSlope>
      <FC>1002.1131267047823</FC>
      <LP>0.85989340551536253</LP>
      <BETA>2.9022924475279308</BETA>
    </VegetationZoneParameters>
  </VegetationZone>
  <SubCatchment>
    <SubCatchmentParameters>
      <KSI>0.001</KSI>
      <KGmin>0.05</KGmin>
      <RangeKG>0.1</RangeKG>
      <AG>0.1</AG>
      <PERC>0.29157469149320303</PERC>
      <Alpha>0</Alpha>
      <UZL>162.13037697593654</UZL>
      <K0>0.525415123533866</K0>
      <K1>0.11260809001862326</K1>
      <K2>0.012818954979231719</K2>
      <MAXBAS>1</MAXBAS>
      <Cet>0</Cet>
      <PCALT>10</PCALT>
      <TCALT>0.6</TCALT>
      <Pelev>3165</Pelev>
      <Telev>3224</Telev>
      <PART>0.5</PART>
      <DELAY>1</DELAY>
    </SubCatchmentParameters>
    <SubCatchmentVegetationZone>
      <SubCatchmentVegetationZoneParameters>
        <TT>-0.99430620288210236</TT>
        <CFMAX>2.3997137694862833</CFMAX>
        <SP>0</SP>
        <SFCF>1.0200648665091836</SFCF>
        <CFR>0.0999999684797482</CFR>
        <CWH>0.1756003576373808</CWH>
        <CFGlacier>1</CFGlacier>
        <CFSlope>1</CFSlope>
        <FC>1002.1131267047823</FC>
        <LP>0.85989340551536253</LP>
        <BETA>2.9022924475279308</BETA>
      </SubCatchmentVegetationZoneParameters>
    </SubCatchmentVegetationZone>
  </SubCatchment>
</Catchment>