<?xml version="1.0" encoding="utf-8"?>
<Catchment xmlns:xsi="http://www.w3.org/2001/XMLSchema-instance" xmlns:xsd="http://www.w3.org/2001/XMLSchema">
  <CatchmentParameters>
    <KSI>0.001</KSI>
    <KGmin>0.05</KGmin>
    <RangeKG>0.1</RangeKG>
    <AG>0.1</AG>
    <PERC>9.9999967100588272</PERC>
    <Alpha>0</Alpha>
    <UZL>126.83759002184387</UZL>
    <K0>0.096562077649788886</K0>
    <K1>0.1482354505835041</K1>
    <K2>0.098503757445374929</K2>
    <MAXBAS>1.0001537253228503</MAXBAS>
    <Cet>0</Cet>
    <PCALT>10</PCALT>
    <TCALT>0.6</TCALT>
    <Pelev>3165</Pelev>
    <Telev>3224</Telev>
    <PART>0.5</PART>
    <DELAY>1</DELAY>
  </CatchmentParameters>
  <VegetationZone>
    <VegetationZoneParameters>
      <TT>-0.83600049645852914</TT>
      <CFMAX>1.8639078242475535</CFMAX>
      <SP>0</SP>
      <SFCF>0.78911900611777</SFCF>
      <CFR>0.09999961377849502</CFR>
      <CWH>0.18744095617120213</CWH>
      <CFGlacier>1</CFGlacier>
      <CFSlope>1</CFSlope>
      <FC>457.09731667431549</FC>
      <LP>0.9233395167061188</LP>
      <BETA>5.99949159872047</BETA>
    </VegetationZoneParameters>
  </VegetationZone>
  <SubCatchment>
    <SubCatchmentParameters>
      <KSI>0.001</KSI>
      <KGmin>0.05</KGmin>
      <RangeKG>0.1</RangeKG>
      <AG>0.1</AG>
      <PERC>9.9999967100588272</PERC>
      <Alpha>0</Alpha>
      <UZL>126.83759002184387</UZL>
      <K0>0.096562077649788886</K0>
      <K1>0.1482354505835041</K1>
      <K2>0.098503757445374929</K2>
      <MAXBAS>1.0001537253228503</MAXBAS>
      <Cet>0</Cet>
      <PCALT>10</PCALT>
      <TCALT>0.6</TCALT>
      <Pelev>3165</Pelev>
      <Telev>3224</Telev>
      <PART>0.5</PART>
      <DELAY>1</DELAY>
    </SubCatchmentParameters>
    <SubCatchmentVegetationZone>
      <SubCatchmentVegetationZoneParameters>
        <TT>-0.83600049645852914</TT>
        <CFMAX>1.8639078242475535</CFMAX>
        <SP>0</SP>
        <SFCF>0.78911900611777</SFCF>
        <CFR>0.09999961377849502</CFR>
        <CWH>0.18744095617120213</CWH>
        <CFGlacier>1</CFGlacier>
        <CFSlope>1</CFSlope>
        <FC>457.09731667431549</FC>
        <LP>0.9233395167061188</LP>
        <BETA>5.99949159872047</BETA>
      </SubCatchmentVegetationZoneParameters>
    </SubCatchmentVegetationZone>
  </SubCatchment>
</Catchment>