<?xml version="1.0" encoding="utf-8"?>
<Catchment xmlns:xsi="http://www.w3.org/2001/XMLSchema-instance" xmlns:xsd="http://www.w3.org/2001/XMLSchema">
  <CatchmentParameters>
    <KSI>0.001</KSI>
    <KGmin>0.05</KGmin>
    <RangeKG>0.1</RangeKG>
    <AG>0.1</AG>
    <PERC>6.0306500038610364</PERC>
    <Alpha>0</Alpha>
    <UZL>121.66871273064096</UZL>
    <K0>0.52947843933977978</K0>
    <K1>0.088241346087831407</K1>
    <K2>0.12077787609872906</K2>
    <MAXBAS>1.0001566392029151</MAXBAS>
    <Cet>0</Cet>
    <PCALT>10</PCALT>
    <TCALT>0.6</TCALT>
    <Pelev>3165</Pelev>
    <Telev>3224</Telev>
    <PART>0.5</PART>
    <DELAY>1</DELAY>
  </CatchmentParameters>
  <VegetationZone>
    <VegetationZoneParameters>
      <TT>0.54397322946826943</TT>
      <CFMAX>2.9794349603986379</CFMAX>
      <SP>0</SP>
      <SFCF>0.77978652937294868</SFCF>
      <CFR>0.079130995670085719</CFR>
      <CWH>0.10000003583361469</CWH>
      <CFGlacier>1</CFGlacier>
      <CFSlope>1</CFSlope>
      <FC>429.90114509839378</FC>
      <LP>0.8872133519477936</LP>
      <BETA>4.1500884007234289</BETA>
    </VegetationZoneParameters>
  </VegetationZone>
  <SubCatchment>
    <SubCatchmentParameters>
      <KSI>0.001</KSI>
      <KGmin>0.05</KGmin>
      <RangeKG>0.1</RangeKG>
      <AG>0.1</AG>
      <PERC>6.0306500038610364</PERC>
      <Alpha>0</Alpha>
      <UZL>121.66871273064096</UZL>
      <K0>0.52947843933977978</K0>
      <K1>0.088241346087831407</K1>
      <K2>0.12077787609872906</K2>
      <MAXBAS>1.0001566392029151</MAXBAS>
      <Cet>0</Cet>
      <PCALT>10</PCALT>
      <TCALT>0.6</TCALT>
      <Pelev>3165</Pelev>
      <Telev>3224</Telev>
      <PART>0.5</PART>
      <DELAY>1</DELAY>
    </SubCatchmentParameters>
    <SubCatchmentVegetationZone>
      <SubCatchmentVegetationZoneParameters>
        <TT>0.54397322946826943</TT>
        <CFMAX>2.9794349603986379</CFMAX>
        <SP>0</SP>
        <SFCF>0.77978652937294868</SFCF>
        <CFR>0.079130995670085719</CFR>
        <CWH>0.10000003583361469</CWH>
        <CFGlacier>1</CFGlacier>
        <CFSlope>1</CFSlope>
        <FC>429.90114509839378</FC>
        <LP>0.8872133519477936</LP>
        <BETA>4.1500884007234289</BETA>
      </SubCatchmentVegetationZoneParameters>
    </SubCatchmentVegetationZone>
  </SubCatchment>
</Catchment>