<?xml version="1.0" encoding="utf-8"?>
<Catchment xmlns:xsi="http://www.w3.org/2001/XMLSchema-instance" xmlns:xsd="http://www.w3.org/2001/XMLSchema">
  <CatchmentParameters>
    <KSI>0.001</KSI>
    <KGmin>0.05</KGmin>
    <RangeKG>0.1</RangeKG>
    <AG>0.1</AG>
    <PERC>9.9992579398035826</PERC>
    <Alpha>0</Alpha>
    <UZL>188.00914142813338</UZL>
    <K0>0.29409593360886249</K0>
    <K1>0.11053160514684808</K1>
    <K2>0.10127449826800299</K2>
    <MAXBAS>1.0000621736754558</MAXBAS>
    <Cet>0</Cet>
    <PCALT>10</PCALT>
    <TCALT>0.6</TCALT>
    <Pelev>3165</Pelev>
    <Telev>3224</Telev>
    <PART>0.5</PART>
    <DELAY>1</DELAY>
  </CatchmentParameters>
  <VegetationZone>
    <VegetationZoneParameters>
      <TT>0.903992860245633</TT>
      <CFMAX>2.7824119793034239</CFMAX>
      <SP>0</SP>
      <SFCF>0.6869863047932433</SFCF>
      <CFR>0.0626040997980868</CFR>
      <CWH>0.10000304139969127</CWH>
      <CFGlacier>1</CFGlacier>
      <CFSlope>1</CFSlope>
      <FC>327.38098049725994</FC>
      <LP>0.99999893827589592</LP>
      <BETA>4.8408778459907778</BETA>
    </VegetationZoneParameters>
  </VegetationZone>
  <SubCatchment>
    <SubCatchmentParameters>
      <KSI>0.001</KSI>
      <KGmin>0.05</KGmin>
      <RangeKG>0.1</RangeKG>
      <AG>0.1</AG>
      <PERC>9.9992579398035826</PERC>
      <Alpha>0</Alpha>
      <UZL>188.00914142813338</UZL>
      <K0>0.29409593360886249</K0>
      <K1>0.11053160514684808</K1>
      <K2>0.10127449826800299</K2>
      <MAXBAS>1.0000621736754558</MAXBAS>
      <Cet>0</Cet>
      <PCALT>10</PCALT>
      <TCALT>0.6</TCALT>
      <Pelev>3165</Pelev>
      <Telev>3224</Telev>
      <PART>0.5</PART>
      <DELAY>1</DELAY>
    </SubCatchmentParameters>
    <SubCatchmentVegetationZone>
      <SubCatchmentVegetationZoneParameters>
        <TT>0.903992860245633</TT>
        <CFMAX>2.7824119793034239</CFMAX>
        <SP>0</SP>
        <SFCF>0.6869863047932433</SFCF>
        <CFR>0.0626040997980868</CFR>
        <CWH>0.10000304139969127</CWH>
        <CFGlacier>1</CFGlacier>
        <CFSlope>1</CFSlope>
        <FC>327.38098049725994</FC>
        <LP>0.99999893827589592</LP>
        <BETA>4.8408778459907778</BETA>
      </SubCatchmentVegetationZoneParameters>
    </SubCatchmentVegetationZone>
  </SubCatchment>
</Catchment>