<?xml version="1.0" encoding="utf-8"?>
<Catchment xmlns:xsi="http://www.w3.org/2001/XMLSchema-instance" xmlns:xsd="http://www.w3.org/2001/XMLSchema">
  <CatchmentParameters>
    <KSI>0.001</KSI>
    <KGmin>0.05</KGmin>
    <RangeKG>0.1</RangeKG>
    <AG>0.1</AG>
    <PERC>0.36377320212117614</PERC>
    <Alpha>0</Alpha>
    <UZL>185.31672186707044</UZL>
    <K0>0.17061018593430222</K0>
    <K1>0.10124177827151015</K1>
    <K2>0.022871453991005267</K2>
    <MAXBAS>1</MAXBAS>
    <Cet>0</Cet>
    <PCALT>10</PCALT>
    <TCALT>0.6</TCALT>
    <Pelev>3165</Pelev>
    <Telev>3224</Telev>
    <PART>0.5</PART>
    <DELAY>1</DELAY>
  </CatchmentParameters>
  <VegetationZone>
    <VegetationZoneParameters>
      <TT>-2.1560046612800043</TT>
      <CFMAX>2.219243751337975</CFMAX>
      <SP>0</SP>
      <SFCF>1.2355214122284566</SFCF>
      <CFR>0.099994358728752425</CFR>
      <CWH>0.19999992469585781</CWH>
      <CFGlacier>1</CFGlacier>
      <CFSlope>1</CFSlope>
      <FC>1319.8077318692483</FC>
      <LP>0.67098341618825974</LP>
      <BETA>2.746037910540013</BETA>
    </VegetationZoneParameters>
  </VegetationZone>
  <SubCatchment>
    <SubCatchmentParameters>
      <KSI>0.001</KSI>
      <KGmin>0.05</KGmin>
      <RangeKG>0.1</RangeKG>
      <AG>0.1</AG>
      <PERC>0.36377320212117614</PERC>
      <Alpha>0</Alpha>
      <UZL>185.31672186707044</UZL>
      <K0>0.17061018593430222</K0>
      <K1>0.10124177827151015</K1>
      <K2>0.022871453991005267</K2>
      <MAXBAS>1</MAXBAS>
      <Cet>0</Cet>
      <PCALT>10</PCALT>
      <TCALT>0.6</TCALT>
      <Pelev>3165</Pelev>
      <Telev>3224</Telev>
      <PART>0.5</PART>
      <DELAY>1</DELAY>
    </SubCatchmentParameters>
    <SubCatchmentVegetationZone>
      <SubCatchmentVegetationZoneParameters>
        <TT>-2.1560046612800043</TT>
        <CFMAX>2.219243751337975</CFMAX>
        <SP>0</SP>
        <SFCF>1.2355214122284566</SFCF>
        <CFR>0.099994358728752425</CFR>
        <CWH>0.19999992469585781</CWH>
        <CFGlacier>1</CFGlacier>
        <CFSlope>1</CFSlope>
        <FC>1319.8077318692483</FC>
        <LP>0.67098341618825974</LP>
        <BETA>2.746037910540013</BETA>
      </SubCatchmentVegetationZoneParameters>
    </SubCatchmentVegetationZone>
  </SubCatchment>
</Catchment>