<?xml version="1.0" encoding="utf-8"?>
<Catchment xmlns:xsi="http://www.w3.org/2001/XMLSchema-instance" xmlns:xsd="http://www.w3.org/2001/XMLSchema">
  <CatchmentParameters>
    <KSI>0.001</KSI>
    <KGmin>0.05</KGmin>
    <RangeKG>0.1</RangeKG>
    <AG>0.1</AG>
    <PERC>0.26244116451105931</PERC>
    <Alpha>0</Alpha>
    <UZL>184.36409589258486</UZL>
    <K0>0.075718838189341914</K0>
    <K1>0.10610823739910653</K1>
    <K2>0.010006020064313691</K2>
    <MAXBAS>1</MAXBAS>
    <Cet>0</Cet>
    <PCALT>10</PCALT>
    <TCALT>0.6</TCALT>
    <Pelev>3165</Pelev>
    <Telev>3224</Telev>
    <PART>0.5</PART>
    <DELAY>1</DELAY>
  </CatchmentParameters>
  <VegetationZone>
    <VegetationZoneParameters>
      <TT>0.063982026386334531</TT>
      <CFMAX>3.9180029110706673</CFMAX>
      <SP>0</SP>
      <SFCF>1.0879689697614579</SFCF>
      <CFR>0.099999498350811164</CFR>
      <CWH>0.16236185095715194</CWH>
      <CFGlacier>1</CFGlacier>
      <CFSlope>1</CFSlope>
      <FC>1216.5505229352475</FC>
      <LP>0.70318676719207118</LP>
      <BETA>2.2318539456270043</BETA>
    </VegetationZoneParameters>
  </VegetationZone>
  <SubCatchment>
    <SubCatchmentParameters>
      <KSI>0.001</KSI>
      <KGmin>0.05</KGmin>
      <RangeKG>0.1</RangeKG>
      <AG>0.1</AG>
      <PERC>0.26244116451105931</PERC>
      <Alpha>0</Alpha>
      <UZL>184.36409589258486</UZL>
      <K0>0.075718838189341914</K0>
      <K1>0.10610823739910653</K1>
      <K2>0.010006020064313691</K2>
      <MAXBAS>1</MAXBAS>
      <Cet>0</Cet>
      <PCALT>10</PCALT>
      <TCALT>0.6</TCALT>
      <Pelev>3165</Pelev>
      <Telev>3224</Telev>
      <PART>0.5</PART>
      <DELAY>1</DELAY>
    </SubCatchmentParameters>
    <SubCatchmentVegetationZone>
      <SubCatchmentVegetationZoneParameters>
        <TT>0.063982026386334531</TT>
        <CFMAX>3.9180029110706673</CFMAX>
        <SP>0</SP>
        <SFCF>1.0879689697614579</SFCF>
        <CFR>0.099999498350811164</CFR>
        <CWH>0.16236185095715194</CWH>
        <CFGlacier>1</CFGlacier>
        <CFSlope>1</CFSlope>
        <FC>1216.5505229352475</FC>
        <LP>0.70318676719207118</LP>
        <BETA>2.2318539456270043</BETA>
      </SubCatchmentVegetationZoneParameters>
    </SubCatchmentVegetationZone>
  </SubCatchment>
</Catchment>