<?xml version="1.0" encoding="utf-8"?>
<Catchment xmlns:xsi="http://www.w3.org/2001/XMLSchema-instance" xmlns:xsd="http://www.w3.org/2001/XMLSchema">
  <CatchmentParameters>
    <KSI>0.001</KSI>
    <KGmin>0.05</KGmin>
    <RangeKG>0.1</RangeKG>
    <AG>0.1</AG>
    <PERC>0.25493641050927607</PERC>
    <Alpha>0</Alpha>
    <UZL>169.67626107261688</UZL>
    <K0>0.0528865968107102</K0>
    <K1>0.10858165851045652</K1>
    <K2>0.010000237882982495</K2>
    <MAXBAS>1</MAXBAS>
    <Cet>0</Cet>
    <PCALT>10</PCALT>
    <TCALT>0.6</TCALT>
    <Pelev>3165</Pelev>
    <Telev>3224</Telev>
    <PART>0.5</PART>
    <DELAY>1</DELAY>
  </CatchmentParameters>
  <VegetationZone>
    <VegetationZoneParameters>
      <TT>-0.97016552816380153</TT>
      <CFMAX>2.730277339605149</CFMAX>
      <SP>0</SP>
      <SFCF>1.136787983727062</SFCF>
      <CFR>0.099986032141112971</CFR>
      <CWH>0.13829898391100626</CWH>
      <CFGlacier>1</CFGlacier>
      <CFSlope>1</CFSlope>
      <FC>1201.5461470276164</FC>
      <LP>0.72028542167608589</LP>
      <BETA>2.7742361278571592</BETA>
    </VegetationZoneParameters>
  </VegetationZone>
  <SubCatchment>
    <SubCatchmentParameters>
      <KSI>0.001</KSI>
      <KGmin>0.05</KGmin>
      <RangeKG>0.1</RangeKG>
      <AG>0.1</AG>
      <PERC>0.25493641050927607</PERC>
      <Alpha>0</Alpha>
      <UZL>169.67626107261688</UZL>
      <K0>0.0528865968107102</K0>
      <K1>0.10858165851045652</K1>
      <K2>0.010000237882982495</K2>
      <MAXBAS>1</MAXBAS>
      <Cet>0</Cet>
      <PCALT>10</PCALT>
      <TCALT>0.6</TCALT>
      <Pelev>3165</Pelev>
      <Telev>3224</Telev>
      <PART>0.5</PART>
      <DELAY>1</DELAY>
    </SubCatchmentParameters>
    <SubCatchmentVegetationZone>
      <SubCatchmentVegetationZoneParameters>
        <TT>-0.97016552816380153</TT>
        <CFMAX>2.730277339605149</CFMAX>
        <SP>0</SP>
        <SFCF>1.136787983727062</SFCF>
        <CFR>0.099986032141112971</CFR>
        <CWH>0.13829898391100626</CWH>
        <CFGlacier>1</CFGlacier>
        <CFSlope>1</CFSlope>
        <FC>1201.5461470276164</FC>
        <LP>0.72028542167608589</LP>
        <BETA>2.7742361278571592</BETA>
      </SubCatchmentVegetationZoneParameters>
    </SubCatchmentVegetationZone>
  </SubCatchment>
</Catchment>