<?xml version="1.0" encoding="utf-8"?>
<Catchment xmlns:xsi="http://www.w3.org/2001/XMLSchema-instance" xmlns:xsd="http://www.w3.org/2001/XMLSchema">
  <CatchmentParameters>
    <KSI>0.001</KSI>
    <KGmin>0.05</KGmin>
    <RangeKG>0.1</RangeKG>
    <AG>0.1</AG>
    <PERC>7.2750407539108313</PERC>
    <Alpha>0</Alpha>
    <UZL>171.01234347927522</UZL>
    <K0>0.51556206678989558</K0>
    <K1>0.081537709734312624</K1>
    <K2>0.10719669982941985</K2>
    <MAXBAS>1.0000000125880337</MAXBAS>
    <Cet>0</Cet>
    <PCALT>10</PCALT>
    <TCALT>0.6</TCALT>
    <Pelev>3165</Pelev>
    <Telev>3224</Telev>
    <PART>0.5</PART>
    <DELAY>1</DELAY>
  </CatchmentParameters>
  <VegetationZone>
    <VegetationZoneParameters>
      <TT>1.9818806091016896</TT>
      <CFMAX>4.803600796465922</CFMAX>
      <SP>0</SP>
      <SFCF>0.77521670309069046</SFCF>
      <CFR>0.021422642049205996</CFR>
      <CWH>0.10000107852985925</CWH>
      <CFGlacier>1</CFGlacier>
      <CFSlope>1</CFSlope>
      <FC>430.42485076558</FC>
      <LP>0.869953293311824</LP>
      <BETA>2.4975929064603331</BETA>
    </VegetationZoneParameters>
  </VegetationZone>
  <SubCatchment>
    <SubCatchmentParameters>
      <KSI>0.001</KSI>
      <KGmin>0.05</KGmin>
      <RangeKG>0.1</RangeKG>
      <AG>0.1</AG>
      <PERC>7.2750407539108313</PERC>
      <Alpha>0</Alpha>
      <UZL>171.01234347927522</UZL>
      <K0>0.51556206678989558</K0>
      <K1>0.081537709734312624</K1>
      <K2>0.10719669982941985</K2>
      <MAXBAS>1.0000000125880337</MAXBAS>
      <Cet>0</Cet>
      <PCALT>10</PCALT>
      <TCALT>0.6</TCALT>
      <Pelev>3165</Pelev>
      <Telev>3224</Telev>
      <PART>0.5</PART>
      <DELAY>1</DELAY>
    </SubCatchmentParameters>
    <SubCatchmentVegetationZone>
      <SubCatchmentVegetationZoneParameters>
        <TT>1.9818806091016896</TT>
        <CFMAX>4.803600796465922</CFMAX>
        <SP>0</SP>
        <SFCF>0.77521670309069046</SFCF>
        <CFR>0.021422642049205996</CFR>
        <CWH>0.10000107852985925</CWH>
        <CFGlacier>1</CFGlacier>
        <CFSlope>1</CFSlope>
        <FC>430.42485076558</FC>
        <LP>0.869953293311824</LP>
        <BETA>2.4975929064603331</BETA>
      </SubCatchmentVegetationZoneParameters>
    </SubCatchmentVegetationZone>
  </SubCatchment>
</Catchment>