<?xml version="1.0" encoding="utf-8"?>
<Catchment xmlns:xsi="http://www.w3.org/2001/XMLSchema-instance" xmlns:xsd="http://www.w3.org/2001/XMLSchema">
  <CatchmentParameters>
    <KSI>0.001</KSI>
    <KGmin>0.05</KGmin>
    <RangeKG>0.1</RangeKG>
    <AG>0.1</AG>
    <PERC>5.1825612623734409</PERC>
    <Alpha>0</Alpha>
    <UZL>197.72442172523452</UZL>
    <K0>0.05003264316801783</K0>
    <K1>0.087372428590602846</K1>
    <K2>0.12918653918475029</K2>
    <MAXBAS>1.0016649516851031</MAXBAS>
    <Cet>0</Cet>
    <PCALT>10</PCALT>
    <TCALT>0.6</TCALT>
    <Pelev>3165</Pelev>
    <Telev>3224</Telev>
    <PART>0.5</PART>
    <DELAY>1</DELAY>
  </CatchmentParameters>
  <VegetationZone>
    <VegetationZoneParameters>
      <TT>-0.2315282497770142</TT>
      <CFMAX>2.5752484254401384</CFMAX>
      <SP>0</SP>
      <SFCF>0.84748229523665208</SFCF>
      <CFR>0.099999201269044172</CFR>
      <CWH>0.10000036422414065</CWH>
      <CFGlacier>1</CFGlacier>
      <CFSlope>1</CFSlope>
      <FC>537.577207161423</FC>
      <LP>0.849888326740637</LP>
      <BETA>5.0746847077215236</BETA>
    </VegetationZoneParameters>
  </VegetationZone>
  <SubCatchment>
    <SubCatchmentParameters>
      <KSI>0.001</KSI>
      <KGmin>0.05</KGmin>
      <RangeKG>0.1</RangeKG>
      <AG>0.1</AG>
      <PERC>5.1825612623734409</PERC>
      <Alpha>0</Alpha>
      <UZL>197.72442172523452</UZL>
      <K0>0.05003264316801783</K0>
      <K1>0.087372428590602846</K1>
      <K2>0.12918653918475029</K2>
      <MAXBAS>1.0016649516851031</MAXBAS>
      <Cet>0</Cet>
      <PCALT>10</PCALT>
      <TCALT>0.6</TCALT>
      <Pelev>3165</Pelev>
      <Telev>3224</Telev>
      <PART>0.5</PART>
      <DELAY>1</DELAY>
    </SubCatchmentParameters>
    <SubCatchmentVegetationZone>
      <SubCatchmentVegetationZoneParameters>
        <TT>-0.2315282497770142</TT>
        <CFMAX>2.5752484254401384</CFMAX>
        <SP>0</SP>
        <SFCF>0.84748229523665208</SFCF>
        <CFR>0.099999201269044172</CFR>
        <CWH>0.10000036422414065</CWH>
        <CFGlacier>1</CFGlacier>
        <CFSlope>1</CFSlope>
        <FC>537.577207161423</FC>
        <LP>0.849888326740637</LP>
        <BETA>5.0746847077215236</BETA>
      </SubCatchmentVegetationZoneParameters>
    </SubCatchmentVegetationZone>
  </SubCatchment>
</Catchment>