<?xml version="1.0" encoding="utf-8"?>
<Catchment xmlns:xsi="http://www.w3.org/2001/XMLSchema-instance" xmlns:xsd="http://www.w3.org/2001/XMLSchema">
  <CatchmentParameters>
    <KSI>0.001</KSI>
    <KGmin>0.05</KGmin>
    <RangeKG>0.1</RangeKG>
    <AG>0.1</AG>
    <PERC>7.7483009645943834</PERC>
    <Alpha>0</Alpha>
    <UZL>131.8839439457345</UZL>
    <K0>0.64667481351235878</K0>
    <K1>0.08383680965425748</K1>
    <K2>0.11335614223228917</K2>
    <MAXBAS>1.0001288111456208</MAXBAS>
    <Cet>0</Cet>
    <PCALT>10</PCALT>
    <TCALT>0.6</TCALT>
    <Pelev>3165</Pelev>
    <Telev>3224</Telev>
    <PART>0.5</PART>
    <DELAY>1</DELAY>
  </CatchmentParameters>
  <VegetationZone>
    <VegetationZoneParameters>
      <TT>1.3471156824948611</TT>
      <CFMAX>3.7730762688056751</CFMAX>
      <SP>0</SP>
      <SFCF>0.7614112504519851</SFCF>
      <CFR>0.038921044021265318</CFR>
      <CWH>0.10000000055496608</CWH>
      <CFGlacier>1</CFGlacier>
      <CFSlope>1</CFSlope>
      <FC>411.51875277726293</FC>
      <LP>0.88738035448619756</LP>
      <BETA>3.5594594855717294</BETA>
    </VegetationZoneParameters>
  </VegetationZone>
  <SubCatchment>
    <SubCatchmentParameters>
      <KSI>0.001</KSI>
      <KGmin>0.05</KGmin>
      <RangeKG>0.1</RangeKG>
      <AG>0.1</AG>
      <PERC>7.7483009645943834</PERC>
      <Alpha>0</Alpha>
      <UZL>131.8839439457345</UZL>
      <K0>0.64667481351235878</K0>
      <K1>0.08383680965425748</K1>
      <K2>0.11335614223228917</K2>
      <MAXBAS>1.0001288111456208</MAXBAS>
      <Cet>0</Cet>
      <PCALT>10</PCALT>
      <TCALT>0.6</TCALT>
      <Pelev>3165</Pelev>
      <Telev>3224</Telev>
      <PART>0.5</PART>
      <DELAY>1</DELAY>
    </SubCatchmentParameters>
    <SubCatchmentVegetationZone>
      <SubCatchmentVegetationZoneParameters>
        <TT>1.3471156824948611</TT>
        <CFMAX>3.7730762688056751</CFMAX>
        <SP>0</SP>
        <SFCF>0.7614112504519851</SFCF>
        <CFR>0.038921044021265318</CFR>
        <CWH>0.10000000055496608</CWH>
        <CFGlacier>1</CFGlacier>
        <CFSlope>1</CFSlope>
        <FC>411.51875277726293</FC>
        <LP>0.88738035448619756</LP>
        <BETA>3.5594594855717294</BETA>
      </SubCatchmentVegetationZoneParameters>
    </SubCatchmentVegetationZone>
  </SubCatchment>
</Catchment>