<?xml version="1.0" encoding="utf-8"?>
<Catchment xmlns:xsi="http://www.w3.org/2001/XMLSchema-instance" xmlns:xsd="http://www.w3.org/2001/XMLSchema">
  <CatchmentParameters>
    <KSI>0.001</KSI>
    <KGmin>0.05</KGmin>
    <RangeKG>0.1</RangeKG>
    <AG>0.1</AG>
    <PERC>1.9904923265197754</PERC>
    <Alpha>0</Alpha>
    <UZL>148.10291822553677</UZL>
    <K0>0.50447298301509258</K0>
    <K1>0.10146345919356595</K1>
    <K2>0.087193783215159013</K2>
    <MAXBAS>1.0049576553195116</MAXBAS>
    <Cet>0</Cet>
    <PCALT>10</PCALT>
    <TCALT>0.6</TCALT>
    <Pelev>3165</Pelev>
    <Telev>3224</Telev>
    <PART>0.5</PART>
    <DELAY>1</DELAY>
  </CatchmentParameters>
  <VegetationZone>
    <VegetationZoneParameters>
      <TT>0.89321823102461639</TT>
      <CFMAX>3.3523124459464042</CFMAX>
      <SP>0</SP>
      <SFCF>0.79468104419096142</SFCF>
      <CFR>0.060566291946211284</CFR>
      <CWH>0.1000004562264805</CWH>
      <CFGlacier>1</CFGlacier>
      <CFSlope>1</CFSlope>
      <FC>443.84431083867128</FC>
      <LP>0.90817513123718374</LP>
      <BETA>3.4849691630597777</BETA>
    </VegetationZoneParameters>
  </VegetationZone>
  <SubCatchment>
    <SubCatchmentParameters>
      <KSI>0.001</KSI>
      <KGmin>0.05</KGmin>
      <RangeKG>0.1</RangeKG>
      <AG>0.1</AG>
      <PERC>1.9904923265197754</PERC>
      <Alpha>0</Alpha>
      <UZL>148.10291822553677</UZL>
      <K0>0.50447298301509258</K0>
      <K1>0.10146345919356595</K1>
      <K2>0.087193783215159013</K2>
      <MAXBAS>1.0049576553195116</MAXBAS>
      <Cet>0</Cet>
      <PCALT>10</PCALT>
      <TCALT>0.6</TCALT>
      <Pelev>3165</Pelev>
      <Telev>3224</Telev>
      <PART>0.5</PART>
      <DELAY>1</DELAY>
    </SubCatchmentParameters>
    <SubCatchmentVegetationZone>
      <SubCatchmentVegetationZoneParameters>
        <TT>0.89321823102461639</TT>
        <CFMAX>3.3523124459464042</CFMAX>
        <SP>0</SP>
        <SFCF>0.79468104419096142</SFCF>
        <CFR>0.060566291946211284</CFR>
        <CWH>0.1000004562264805</CWH>
        <CFGlacier>1</CFGlacier>
        <CFSlope>1</CFSlope>
        <FC>443.84431083867128</FC>
        <LP>0.90817513123718374</LP>
        <BETA>3.4849691630597777</BETA>
      </SubCatchmentVegetationZoneParameters>
    </SubCatchmentVegetationZone>
  </SubCatchment>
</Catchment>