<?xml version="1.0" encoding="utf-8"?>
<Catchment xmlns:xsi="http://www.w3.org/2001/XMLSchema-instance" xmlns:xsd="http://www.w3.org/2001/XMLSchema">
  <CatchmentParameters>
    <KSI>0.001</KSI>
    <KGmin>0.05</KGmin>
    <RangeKG>0.1</RangeKG>
    <AG>0.1</AG>
    <PERC>6.9420580637109914</PERC>
    <Alpha>0</Alpha>
    <UZL>108.18465882739163</UZL>
    <K0>0.3294091911335657</K0>
    <K1>0.094974802009619871</K1>
    <K2>0.10889800852896303</K2>
    <MAXBAS>1.0001444438376688</MAXBAS>
    <Cet>0</Cet>
    <PCALT>10</PCALT>
    <TCALT>0.6</TCALT>
    <Pelev>3165</Pelev>
    <Telev>3224</Telev>
    <PART>0.5</PART>
    <DELAY>1</DELAY>
  </CatchmentParameters>
  <VegetationZone>
    <VegetationZoneParameters>
      <TT>0.80143325441327118</TT>
      <CFMAX>2.6842811375945406</CFMAX>
      <SP>0</SP>
      <SFCF>0.68101661937886826</SFCF>
      <CFR>0.06845865144918295</CFR>
      <CWH>0.11273122720042651</CWH>
      <CFGlacier>1</CFGlacier>
      <CFSlope>1</CFSlope>
      <FC>290.54459184648124</FC>
      <LP>0.9166554025199829</LP>
      <BETA>4.9864688046457672</BETA>
    </VegetationZoneParameters>
  </VegetationZone>
  <SubCatchment>
    <SubCatchmentParameters>
      <KSI>0.001</KSI>
      <KGmin>0.05</KGmin>
      <RangeKG>0.1</RangeKG>
      <AG>0.1</AG>
      <PERC>6.9420580637109914</PERC>
      <Alpha>0</Alpha>
      <UZL>108.18465882739163</UZL>
      <K0>0.3294091911335657</K0>
      <K1>0.094974802009619871</K1>
      <K2>0.10889800852896303</K2>
      <MAXBAS>1.0001444438376688</MAXBAS>
      <Cet>0</Cet>
      <PCALT>10</PCALT>
      <TCALT>0.6</TCALT>
      <Pelev>3165</Pelev>
      <Telev>3224</Telev>
      <PART>0.5</PART>
      <DELAY>1</DELAY>
    </SubCatchmentParameters>
    <SubCatchmentVegetationZone>
      <SubCatchmentVegetationZoneParameters>
        <TT>0.80143325441327118</TT>
        <CFMAX>2.6842811375945406</CFMAX>
        <SP>0</SP>
        <SFCF>0.68101661937886826</SFCF>
        <CFR>0.06845865144918295</CFR>
        <CWH>0.11273122720042651</CWH>
        <CFGlacier>1</CFGlacier>
        <CFSlope>1</CFSlope>
        <FC>290.54459184648124</FC>
        <LP>0.9166554025199829</LP>
        <BETA>4.9864688046457672</BETA>
      </SubCatchmentVegetationZoneParameters>
    </SubCatchmentVegetationZone>
  </SubCatchment>
</Catchment>