<?xml version="1.0" encoding="utf-8"?>
<Catchment xmlns:xsi="http://www.w3.org/2001/XMLSchema-instance" xmlns:xsd="http://www.w3.org/2001/XMLSchema">
  <CatchmentParameters>
    <KSI>0.001</KSI>
    <KGmin>0.05</KGmin>
    <RangeKG>0.1</RangeKG>
    <AG>0.1</AG>
    <PERC>0.27658153096946342</PERC>
    <Alpha>0</Alpha>
    <UZL>148.97087570742892</UZL>
    <K0>0.39858193687211435</K0>
    <K1>0.11667961840216791</K1>
    <K2>0.010000004911893977</K2>
    <MAXBAS>1</MAXBAS>
    <Cet>0</Cet>
    <PCALT>10</PCALT>
    <TCALT>0.6</TCALT>
    <Pelev>3165</Pelev>
    <Telev>3224</Telev>
    <PART>0.5</PART>
    <DELAY>1</DELAY>
  </CatchmentParameters>
  <VegetationZone>
    <VegetationZoneParameters>
      <TT>-0.95604943956453092</TT>
      <CFMAX>2.0825128463819391</CFMAX>
      <SP>0</SP>
      <SFCF>0.90724189176377945</SFCF>
      <CFR>0.099999484940785352</CFR>
      <CWH>0.19999769241156423</CWH>
      <CFGlacier>1</CFGlacier>
      <CFSlope>1</CFSlope>
      <FC>682.83647080152662</FC>
      <LP>0.86245177154072539</LP>
      <BETA>2.4032155646178821</BETA>
    </VegetationZoneParameters>
  </VegetationZone>
  <SubCatchment>
    <SubCatchmentParameters>
      <KSI>0.001</KSI>
      <KGmin>0.05</KGmin>
      <RangeKG>0.1</RangeKG>
      <AG>0.1</AG>
      <PERC>0.27658153096946342</PERC>
      <Alpha>0</Alpha>
      <UZL>148.97087570742892</UZL>
      <K0>0.39858193687211435</K0>
      <K1>0.11667961840216791</K1>
      <K2>0.010000004911893977</K2>
      <MAXBAS>1</MAXBAS>
      <Cet>0</Cet>
      <PCALT>10</PCALT>
      <TCALT>0.6</TCALT>
      <Pelev>3165</Pelev>
      <Telev>3224</Telev>
      <PART>0.5</PART>
      <DELAY>1</DELAY>
    </SubCatchmentParameters>
    <SubCatchmentVegetationZone>
      <SubCatchmentVegetationZoneParameters>
        <TT>-0.95604943956453092</TT>
        <CFMAX>2.0825128463819391</CFMAX>
        <SP>0</SP>
        <SFCF>0.90724189176377945</SFCF>
        <CFR>0.099999484940785352</CFR>
        <CWH>0.19999769241156423</CWH>
        <CFGlacier>1</CFGlacier>
        <CFSlope>1</CFSlope>
        <FC>682.83647080152662</FC>
        <LP>0.86245177154072539</LP>
        <BETA>2.4032155646178821</BETA>
      </SubCatchmentVegetationZoneParameters>
    </SubCatchmentVegetationZone>
  </SubCatchment>
</Catchment>