<?xml version="1.0" encoding="utf-8"?>
<Catchment xmlns:xsi="http://www.w3.org/2001/XMLSchema-instance" xmlns:xsd="http://www.w3.org/2001/XMLSchema">
  <CatchmentParameters>
    <KSI>0.001</KSI>
    <KGmin>0.05</KGmin>
    <RangeKG>0.1</RangeKG>
    <AG>0.1</AG>
    <PERC>0.27429072502534418</PERC>
    <Alpha>0</Alpha>
    <UZL>145.86677575550911</UZL>
    <K0>0.54217193146439957</K0>
    <K1>0.1080594099721825</K1>
    <K2>0.010000003702890607</K2>
    <MAXBAS>1</MAXBAS>
    <Cet>0</Cet>
    <PCALT>10</PCALT>
    <TCALT>0.6</TCALT>
    <Pelev>3165</Pelev>
    <Telev>3224</Telev>
    <PART>0.5</PART>
    <DELAY>1</DELAY>
  </CatchmentParameters>
  <VegetationZone>
    <VegetationZoneParameters>
      <TT>0.44394927582409321</TT>
      <CFMAX>2.9465203841341245</CFMAX>
      <SP>0</SP>
      <SFCF>0.79607537049082788</SFCF>
      <CFR>0.08471832361857784</CFR>
      <CWH>0.19999738755106283</CWH>
      <CFGlacier>1</CFGlacier>
      <CFSlope>1</CFSlope>
      <FC>528.08219035156787</FC>
      <LP>0.8828893341818026</LP>
      <BETA>1.546506977841412</BETA>
    </VegetationZoneParameters>
  </VegetationZone>
  <SubCatchment>
    <SubCatchmentParameters>
      <KSI>0.001</KSI>
      <KGmin>0.05</KGmin>
      <RangeKG>0.1</RangeKG>
      <AG>0.1</AG>
      <PERC>0.27429072502534418</PERC>
      <Alpha>0</Alpha>
      <UZL>145.86677575550911</UZL>
      <K0>0.54217193146439957</K0>
      <K1>0.1080594099721825</K1>
      <K2>0.010000003702890607</K2>
      <MAXBAS>1</MAXBAS>
      <Cet>0</Cet>
      <PCALT>10</PCALT>
      <TCALT>0.6</TCALT>
      <Pelev>3165</Pelev>
      <Telev>3224</Telev>
      <PART>0.5</PART>
      <DELAY>1</DELAY>
    </SubCatchmentParameters>
    <SubCatchmentVegetationZone>
      <SubCatchmentVegetationZoneParameters>
        <TT>0.44394927582409321</TT>
        <CFMAX>2.9465203841341245</CFMAX>
        <SP>0</SP>
        <SFCF>0.79607537049082788</SFCF>
        <CFR>0.08471832361857784</CFR>
        <CWH>0.19999738755106283</CWH>
        <CFGlacier>1</CFGlacier>
        <CFSlope>1</CFSlope>
        <FC>528.08219035156787</FC>
        <LP>0.8828893341818026</LP>
        <BETA>1.546506977841412</BETA>
      </SubCatchmentVegetationZoneParameters>
    </SubCatchmentVegetationZone>
  </SubCatchment>
</Catchment>