<?xml version="1.0" encoding="utf-8"?>
<Catchment xmlns:xsi="http://www.w3.org/2001/XMLSchema-instance" xmlns:xsd="http://www.w3.org/2001/XMLSchema">
  <CatchmentParameters>
    <KSI>0.001</KSI>
    <KGmin>0.05</KGmin>
    <RangeKG>0.1</RangeKG>
    <AG>0.1</AG>
    <PERC>9.999588273287296</PERC>
    <Alpha>0</Alpha>
    <UZL>133.72407839234913</UZL>
    <K0>0.49671957381610732</K0>
    <K1>0.12378103220060202</K1>
    <K2>0.093689538820732332</K2>
    <MAXBAS>1.0000000726601572</MAXBAS>
    <Cet>0</Cet>
    <PCALT>10</PCALT>
    <TCALT>0.6</TCALT>
    <Pelev>3165</Pelev>
    <Telev>3224</Telev>
    <PART>0.5</PART>
    <DELAY>1</DELAY>
  </CatchmentParameters>
  <VegetationZone>
    <VegetationZoneParameters>
      <TT>-0.05600674029503476</TT>
      <CFMAX>2.3900189128587375</CFMAX>
      <SP>0</SP>
      <SFCF>0.76800765632386858</SFCF>
      <CFR>0.099999890514282111</CFR>
      <CWH>0.10000168657145238</CWH>
      <CFGlacier>1</CFGlacier>
      <CFSlope>1</CFSlope>
      <FC>425.98375198220367</FC>
      <LP>0.95363298858973644</LP>
      <BETA>5.2534940532859942</BETA>
    </VegetationZoneParameters>
  </VegetationZone>
  <SubCatchment>
    <SubCatchmentParameters>
      <KSI>0.001</KSI>
      <KGmin>0.05</KGmin>
      <RangeKG>0.1</RangeKG>
      <AG>0.1</AG>
      <PERC>9.999588273287296</PERC>
      <Alpha>0</Alpha>
      <UZL>133.72407839234913</UZL>
      <K0>0.49671957381610732</K0>
      <K1>0.12378103220060202</K1>
      <K2>0.093689538820732332</K2>
      <MAXBAS>1.0000000726601572</MAXBAS>
      <Cet>0</Cet>
      <PCALT>10</PCALT>
      <TCALT>0.6</TCALT>
      <Pelev>3165</Pelev>
      <Telev>3224</Telev>
      <PART>0.5</PART>
      <DELAY>1</DELAY>
    </SubCatchmentParameters>
    <SubCatchmentVegetationZone>
      <SubCatchmentVegetationZoneParameters>
        <TT>-0.05600674029503476</TT>
        <CFMAX>2.3900189128587375</CFMAX>
        <SP>0</SP>
        <SFCF>0.76800765632386858</SFCF>
        <CFR>0.099999890514282111</CFR>
        <CWH>0.10000168657145238</CWH>
        <CFGlacier>1</CFGlacier>
        <CFSlope>1</CFSlope>
        <FC>425.98375198220367</FC>
        <LP>0.95363298858973644</LP>
        <BETA>5.2534940532859942</BETA>
      </SubCatchmentVegetationZoneParameters>
    </SubCatchmentVegetationZone>
  </SubCatchment>
</Catchment>