<?xml version="1.0" encoding="utf-8"?>
<Catchment xmlns:xsi="http://www.w3.org/2001/XMLSchema-instance" xmlns:xsd="http://www.w3.org/2001/XMLSchema">
  <CatchmentParameters>
    <KSI>0.001</KSI>
    <KGmin>0.05</KGmin>
    <RangeKG>0.1</RangeKG>
    <AG>0.1</AG>
    <PERC>0.26546165793337728</PERC>
    <Alpha>0</Alpha>
    <UZL>150.61361917766465</UZL>
    <K0>0.58820041794778177</K0>
    <K1>0.1069992672916899</K1>
    <K2>0.010000014596914093</K2>
    <MAXBAS>1</MAXBAS>
    <Cet>0</Cet>
    <PCALT>10</PCALT>
    <TCALT>0.6</TCALT>
    <Pelev>3165</Pelev>
    <Telev>3224</Telev>
    <PART>0.5</PART>
    <DELAY>1</DELAY>
  </CatchmentParameters>
  <VegetationZone>
    <VegetationZoneParameters>
      <TT>0.06397425213990271</TT>
      <CFMAX>3.6705076154925456</CFMAX>
      <SP>0</SP>
      <SFCF>1.050107207033409</SFCF>
      <CFR>0.099998188542389607</CFR>
      <CWH>0.10099857769054643</CWH>
      <CFGlacier>1</CFGlacier>
      <CFSlope>1</CFSlope>
      <FC>1232.5875499440188</FC>
      <LP>0.85154183226606994</LP>
      <BETA>3.0222896367957159</BETA>
    </VegetationZoneParameters>
  </VegetationZone>
  <SubCatchment>
    <SubCatchmentParameters>
      <KSI>0.001</KSI>
      <KGmin>0.05</KGmin>
      <RangeKG>0.1</RangeKG>
      <AG>0.1</AG>
      <PERC>0.26546165793337728</PERC>
      <Alpha>0</Alpha>
      <UZL>150.61361917766465</UZL>
      <K0>0.58820041794778177</K0>
      <K1>0.1069992672916899</K1>
      <K2>0.010000014596914093</K2>
      <MAXBAS>1</MAXBAS>
      <Cet>0</Cet>
      <PCALT>10</PCALT>
      <TCALT>0.6</TCALT>
      <Pelev>3165</Pelev>
      <Telev>3224</Telev>
      <PART>0.5</PART>
      <DELAY>1</DELAY>
    </SubCatchmentParameters>
    <SubCatchmentVegetationZone>
      <SubCatchmentVegetationZoneParameters>
        <TT>0.06397425213990271</TT>
        <CFMAX>3.6705076154925456</CFMAX>
        <SP>0</SP>
        <SFCF>1.050107207033409</SFCF>
        <CFR>0.099998188542389607</CFR>
        <CWH>0.10099857769054643</CWH>
        <CFGlacier>1</CFGlacier>
        <CFSlope>1</CFSlope>
        <FC>1232.5875499440188</FC>
        <LP>0.85154183226606994</LP>
        <BETA>3.0222896367957159</BETA>
      </SubCatchmentVegetationZoneParameters>
    </SubCatchmentVegetationZone>
  </SubCatchment>
</Catchment>