<?xml version="1.0" encoding="utf-8"?>
<Catchment xmlns:xsi="http://www.w3.org/2001/XMLSchema-instance" xmlns:xsd="http://www.w3.org/2001/XMLSchema">
  <CatchmentParameters>
    <KSI>0.001</KSI>
    <KGmin>0.05</KGmin>
    <RangeKG>0.1</RangeKG>
    <AG>0.1</AG>
    <PERC>0.26529958072658677</PERC>
    <Alpha>0</Alpha>
    <UZL>143.76700191868449</UZL>
    <K0>0.26058552441823307</K0>
    <K1>0.11366152223891726</K1>
    <K2>0.010001122534687035</K2>
    <MAXBAS>1</MAXBAS>
    <Cet>0</Cet>
    <PCALT>10</PCALT>
    <TCALT>0.6</TCALT>
    <Pelev>3165</Pelev>
    <Telev>3224</Telev>
    <PART>0.5</PART>
    <DELAY>1</DELAY>
  </CatchmentParameters>
  <VegetationZone>
    <VegetationZoneParameters>
      <TT>-0.99600127571174857</TT>
      <CFMAX>2.5166452493535409</CFMAX>
      <SP>0</SP>
      <SFCF>1.0648445447798223</SFCF>
      <CFR>0.099999563428985416</CFR>
      <CWH>0.15220460414261891</CWH>
      <CFGlacier>1</CFGlacier>
      <CFSlope>1</CFSlope>
      <FC>1144.6459751428833</FC>
      <LP>0.85832248109971387</LP>
      <BETA>3.319927617255892</BETA>
    </VegetationZoneParameters>
  </VegetationZone>
  <SubCatchment>
    <SubCatchmentParameters>
      <KSI>0.001</KSI>
      <KGmin>0.05</KGmin>
      <RangeKG>0.1</RangeKG>
      <AG>0.1</AG>
      <PERC>0.26529958072658677</PERC>
      <Alpha>0</Alpha>
      <UZL>143.76700191868449</UZL>
      <K0>0.26058552441823307</K0>
      <K1>0.11366152223891726</K1>
      <K2>0.010001122534687035</K2>
      <MAXBAS>1</MAXBAS>
      <Cet>0</Cet>
      <PCALT>10</PCALT>
      <TCALT>0.6</TCALT>
      <Pelev>3165</Pelev>
      <Telev>3224</Telev>
      <PART>0.5</PART>
      <DELAY>1</DELAY>
    </SubCatchmentParameters>
    <SubCatchmentVegetationZone>
      <SubCatchmentVegetationZoneParameters>
        <TT>-0.99600127571174857</TT>
        <CFMAX>2.5166452493535409</CFMAX>
        <SP>0</SP>
        <SFCF>1.0648445447798223</SFCF>
        <CFR>0.099999563428985416</CFR>
        <CWH>0.15220460414261891</CWH>
        <CFGlacier>1</CFGlacier>
        <CFSlope>1</CFSlope>
        <FC>1144.6459751428833</FC>
        <LP>0.85832248109971387</LP>
        <BETA>3.319927617255892</BETA>
      </SubCatchmentVegetationZoneParameters>
    </SubCatchmentVegetationZone>
  </SubCatchment>
</Catchment>