<?xml version="1.0" encoding="utf-8"?>
<Catchment xmlns:xsi="http://www.w3.org/2001/XMLSchema-instance" xmlns:xsd="http://www.w3.org/2001/XMLSchema">
  <CatchmentParameters>
    <KSI>0.001</KSI>
    <KGmin>0.05</KGmin>
    <RangeKG>0.1</RangeKG>
    <AG>0.1</AG>
    <PERC>8.3774579564752365</PERC>
    <Alpha>0</Alpha>
    <UZL>90.440197294278391</UZL>
    <K0>0.3451837944430734</K0>
    <K1>0.0881927600778731</K1>
    <K2>0.11237505547625888</K2>
    <MAXBAS>1.0048078715299582</MAXBAS>
    <Cet>0</Cet>
    <PCALT>10</PCALT>
    <TCALT>0.6</TCALT>
    <Pelev>3165</Pelev>
    <Telev>3224</Telev>
    <PART>0.5</PART>
    <DELAY>1</DELAY>
  </CatchmentParameters>
  <VegetationZone>
    <VegetationZoneParameters>
      <TT>0.099150517968216209</TT>
      <CFMAX>3.0142695849991461</CFMAX>
      <SP>0</SP>
      <SFCF>0.88805127825542052</SFCF>
      <CFR>0.099999254149197983</CFR>
      <CWH>0.10000015872607011</CWH>
      <CFGlacier>1</CFGlacier>
      <CFSlope>1</CFSlope>
      <FC>564.65460582521564</FC>
      <LP>0.79704782305561472</LP>
      <BETA>3.4137693605773922</BETA>
    </VegetationZoneParameters>
  </VegetationZone>
  <SubCatchment>
    <SubCatchmentParameters>
      <KSI>0.001</KSI>
      <KGmin>0.05</KGmin>
      <RangeKG>0.1</RangeKG>
      <AG>0.1</AG>
      <PERC>8.3774579564752365</PERC>
      <Alpha>0</Alpha>
      <UZL>90.440197294278391</UZL>
      <K0>0.3451837944430734</K0>
      <K1>0.0881927600778731</K1>
      <K2>0.11237505547625888</K2>
      <MAXBAS>1.0048078715299582</MAXBAS>
      <Cet>0</Cet>
      <PCALT>10</PCALT>
      <TCALT>0.6</TCALT>
      <Pelev>3165</Pelev>
      <Telev>3224</Telev>
      <PART>0.5</PART>
      <DELAY>1</DELAY>
    </SubCatchmentParameters>
    <SubCatchmentVegetationZone>
      <SubCatchmentVegetationZoneParameters>
        <TT>0.099150517968216209</TT>
        <CFMAX>3.0142695849991461</CFMAX>
        <SP>0</SP>
        <SFCF>0.88805127825542052</SFCF>
        <CFR>0.099999254149197983</CFR>
        <CWH>0.10000015872607011</CWH>
        <CFGlacier>1</CFGlacier>
        <CFSlope>1</CFSlope>
        <FC>564.65460582521564</FC>
        <LP>0.79704782305561472</LP>
        <BETA>3.4137693605773922</BETA>
      </SubCatchmentVegetationZoneParameters>
    </SubCatchmentVegetationZone>
  </SubCatchment>
</Catchment>