<?xml version="1.0" encoding="utf-8"?>
<Catchment xmlns:xsi="http://www.w3.org/2001/XMLSchema-instance" xmlns:xsd="http://www.w3.org/2001/XMLSchema">
  <CatchmentParameters>
    <KSI>0.001</KSI>
    <KGmin>0.05</KGmin>
    <RangeKG>0.1</RangeKG>
    <AG>0.1</AG>
    <PERC>0.29588411904824469</PERC>
    <Alpha>0</Alpha>
    <UZL>155.6510636526879</UZL>
    <K0>0.46390978109449366</K0>
    <K1>0.12128687247611186</K1>
    <K2>0.013640426299976055</K2>
    <MAXBAS>1</MAXBAS>
    <Cet>0</Cet>
    <PCALT>10</PCALT>
    <TCALT>0.6</TCALT>
    <Pelev>3165</Pelev>
    <Telev>3224</Telev>
    <PART>0.5</PART>
    <DELAY>1</DELAY>
  </CatchmentParameters>
  <VegetationZone>
    <VegetationZoneParameters>
      <TT>-0.838864814086515</TT>
      <CFMAX>2.9421061156605663</CFMAX>
      <SP>0</SP>
      <SFCF>1.2045959285475631</SFCF>
      <CFR>0.099999665999150458</CFR>
      <CWH>0.10035633783038925</CWH>
      <CFGlacier>1</CFGlacier>
      <CFSlope>1</CFSlope>
      <FC>1342.4094542330722</FC>
      <LP>0.59481359142684764</LP>
      <BETA>2.4348139621154266</BETA>
    </VegetationZoneParameters>
  </VegetationZone>
  <SubCatchment>
    <SubCatchmentParameters>
      <KSI>0.001</KSI>
      <KGmin>0.05</KGmin>
      <RangeKG>0.1</RangeKG>
      <AG>0.1</AG>
      <PERC>0.29588411904824469</PERC>
      <Alpha>0</Alpha>
      <UZL>155.6510636526879</UZL>
      <K0>0.46390978109449366</K0>
      <K1>0.12128687247611186</K1>
      <K2>0.013640426299976055</K2>
      <MAXBAS>1</MAXBAS>
      <Cet>0</Cet>
      <PCALT>10</PCALT>
      <TCALT>0.6</TCALT>
      <Pelev>3165</Pelev>
      <Telev>3224</Telev>
      <PART>0.5</PART>
      <DELAY>1</DELAY>
    </SubCatchmentParameters>
    <SubCatchmentVegetationZone>
      <SubCatchmentVegetationZoneParameters>
        <TT>-0.838864814086515</TT>
        <CFMAX>2.9421061156605663</CFMAX>
        <SP>0</SP>
        <SFCF>1.2045959285475631</SFCF>
        <CFR>0.099999665999150458</CFR>
        <CWH>0.10035633783038925</CWH>
        <CFGlacier>1</CFGlacier>
        <CFSlope>1</CFSlope>
        <FC>1342.4094542330722</FC>
        <LP>0.59481359142684764</LP>
        <BETA>2.4348139621154266</BETA>
      </SubCatchmentVegetationZoneParameters>
    </SubCatchmentVegetationZone>
  </SubCatchment>
</Catchment>