<?xml version="1.0" encoding="utf-8"?>
<Catchment xmlns:xsi="http://www.w3.org/2001/XMLSchema-instance" xmlns:xsd="http://www.w3.org/2001/XMLSchema">
  <CatchmentParameters>
    <KSI>0.001</KSI>
    <KGmin>0.05</KGmin>
    <RangeKG>0.1</RangeKG>
    <AG>0.1</AG>
    <PERC>0.28130201136667615</PERC>
    <Alpha>0</Alpha>
    <UZL>129.39089854573336</UZL>
    <K0>0.51755412667845491</K0>
    <K1>0.11008963471499401</K1>
    <K2>0.016775421183282044</K2>
    <MAXBAS>1</MAXBAS>
    <Cet>0</Cet>
    <PCALT>10</PCALT>
    <TCALT>0.6</TCALT>
    <Pelev>3165</Pelev>
    <Telev>3224</Telev>
    <PART>0.5</PART>
    <DELAY>1</DELAY>
  </CatchmentParameters>
  <VegetationZone>
    <VegetationZoneParameters>
      <TT>-0.878650116012143</TT>
      <CFMAX>2.4170181027960123</CFMAX>
      <SP>0</SP>
      <SFCF>0.9914674719121267</SFCF>
      <CFR>0.0998802068108178</CFR>
      <CWH>0.19999948244803514</CWH>
      <CFGlacier>1</CFGlacier>
      <CFSlope>1</CFSlope>
      <FC>891.99460399059865</FC>
      <LP>0.626213403817734</LP>
      <BETA>1.5022496509881791</BETA>
    </VegetationZoneParameters>
  </VegetationZone>
  <SubCatchment>
    <SubCatchmentParameters>
      <KSI>0.001</KSI>
      <KGmin>0.05</KGmin>
      <RangeKG>0.1</RangeKG>
      <AG>0.1</AG>
      <PERC>0.28130201136667615</PERC>
      <Alpha>0</Alpha>
      <UZL>129.39089854573336</UZL>
      <K0>0.51755412667845491</K0>
      <K1>0.11008963471499401</K1>
      <K2>0.016775421183282044</K2>
      <MAXBAS>1</MAXBAS>
      <Cet>0</Cet>
      <PCALT>10</PCALT>
      <TCALT>0.6</TCALT>
      <Pelev>3165</Pelev>
      <Telev>3224</Telev>
      <PART>0.5</PART>
      <DELAY>1</DELAY>
    </SubCatchmentParameters>
    <SubCatchmentVegetationZone>
      <SubCatchmentVegetationZoneParameters>
        <TT>-0.878650116012143</TT>
        <CFMAX>2.4170181027960123</CFMAX>
        <SP>0</SP>
        <SFCF>0.9914674719121267</SFCF>
        <CFR>0.0998802068108178</CFR>
        <CWH>0.19999948244803514</CWH>
        <CFGlacier>1</CFGlacier>
        <CFSlope>1</CFSlope>
        <FC>891.99460399059865</FC>
        <LP>0.626213403817734</LP>
        <BETA>1.5022496509881791</BETA>
      </SubCatchmentVegetationZoneParameters>
    </SubCatchmentVegetationZone>
  </SubCatchment>
</Catchment>