<?xml version="1.0" encoding="utf-8"?>
<Catchment xmlns:xsi="http://www.w3.org/2001/XMLSchema-instance" xmlns:xsd="http://www.w3.org/2001/XMLSchema">
  <CatchmentParameters>
    <KSI>0.001</KSI>
    <KGmin>0.05</KGmin>
    <RangeKG>0.1</RangeKG>
    <AG>0.1</AG>
    <PERC>1.0611576223779666</PERC>
    <Alpha>0</Alpha>
    <UZL>188.51839378447136</UZL>
    <K0>0.33051339153467</K0>
    <K1>0.10941931196554347</K1>
    <K2>0.060451749583042259</K2>
    <MAXBAS>1.0049891131620321</MAXBAS>
    <Cet>0</Cet>
    <PCALT>10</PCALT>
    <TCALT>0.6</TCALT>
    <Pelev>3165</Pelev>
    <Telev>3224</Telev>
    <PART>0.5</PART>
    <DELAY>1</DELAY>
  </CatchmentParameters>
  <VegetationZone>
    <VegetationZoneParameters>
      <TT>0.84397858151563521</TT>
      <CFMAX>3.5569283791166839</CFMAX>
      <SP>0</SP>
      <SFCF>0.84915272338847081</SFCF>
      <CFR>0.061300116806103172</CFR>
      <CWH>0.1000000127984273</CWH>
      <CFGlacier>1</CFGlacier>
      <CFSlope>1</CFSlope>
      <FC>518.09055795656673</FC>
      <LP>0.8415974201807026</LP>
      <BETA>2.7770110666149872</BETA>
    </VegetationZoneParameters>
  </VegetationZone>
  <SubCatchment>
    <SubCatchmentParameters>
      <KSI>0.001</KSI>
      <KGmin>0.05</KGmin>
      <RangeKG>0.1</RangeKG>
      <AG>0.1</AG>
      <PERC>1.0611576223779666</PERC>
      <Alpha>0</Alpha>
      <UZL>188.51839378447136</UZL>
      <K0>0.33051339153467</K0>
      <K1>0.10941931196554347</K1>
      <K2>0.060451749583042259</K2>
      <MAXBAS>1.0049891131620321</MAXBAS>
      <Cet>0</Cet>
      <PCALT>10</PCALT>
      <TCALT>0.6</TCALT>
      <Pelev>3165</Pelev>
      <Telev>3224</Telev>
      <PART>0.5</PART>
      <DELAY>1</DELAY>
    </SubCatchmentParameters>
    <SubCatchmentVegetationZone>
      <SubCatchmentVegetationZoneParameters>
        <TT>0.84397858151563521</TT>
        <CFMAX>3.5569283791166839</CFMAX>
        <SP>0</SP>
        <SFCF>0.84915272338847081</SFCF>
        <CFR>0.061300116806103172</CFR>
        <CWH>0.1000000127984273</CWH>
        <CFGlacier>1</CFGlacier>
        <CFSlope>1</CFSlope>
        <FC>518.09055795656673</FC>
        <LP>0.8415974201807026</LP>
        <BETA>2.7770110666149872</BETA>
      </SubCatchmentVegetationZoneParameters>
    </SubCatchmentVegetationZone>
  </SubCatchment>
</Catchment>