<?xml version="1.0" encoding="utf-8"?>
<Catchment xmlns:xsi="http://www.w3.org/2001/XMLSchema-instance" xmlns:xsd="http://www.w3.org/2001/XMLSchema">
  <CatchmentParameters>
    <KSI>0.001</KSI>
    <KGmin>0.05</KGmin>
    <RangeKG>0.1</RangeKG>
    <AG>0.1</AG>
    <PERC>0.25359778699994345</PERC>
    <Alpha>0</Alpha>
    <UZL>176.3894403113664</UZL>
    <K0>0.50915498336235432</K0>
    <K1>0.11512062640682709</K1>
    <K2>0.010000010887232824</K2>
    <MAXBAS>1</MAXBAS>
    <Cet>0</Cet>
    <PCALT>10</PCALT>
    <TCALT>0.6</TCALT>
    <Pelev>3165</Pelev>
    <Telev>3224</Telev>
    <PART>0.5</PART>
    <DELAY>1</DELAY>
  </CatchmentParameters>
  <VegetationZone>
    <VegetationZoneParameters>
      <TT>-1.7960025516422524</TT>
      <CFMAX>2.47057886612876</CFMAX>
      <SP>0</SP>
      <SFCF>1.3000815256529967</SFCF>
      <CFR>0.09999979673142298</CFR>
      <CWH>0.19999047520431937</CWH>
      <CFGlacier>1</CFGlacier>
      <CFSlope>1</CFSlope>
      <FC>1308.4755802521297</FC>
      <LP>0.45946703876820766</LP>
      <BETA>2.1705432982441017</BETA>
    </VegetationZoneParameters>
  </VegetationZone>
  <SubCatchment>
    <SubCatchmentParameters>
      <KSI>0.001</KSI>
      <KGmin>0.05</KGmin>
      <RangeKG>0.1</RangeKG>
      <AG>0.1</AG>
      <PERC>0.25359778699994345</PERC>
      <Alpha>0</Alpha>
      <UZL>176.3894403113664</UZL>
      <K0>0.50915498336235432</K0>
      <K1>0.11512062640682709</K1>
      <K2>0.010000010887232824</K2>
      <MAXBAS>1</MAXBAS>
      <Cet>0</Cet>
      <PCALT>10</PCALT>
      <TCALT>0.6</TCALT>
      <Pelev>3165</Pelev>
      <Telev>3224</Telev>
      <PART>0.5</PART>
      <DELAY>1</DELAY>
    </SubCatchmentParameters>
    <SubCatchmentVegetationZone>
      <SubCatchmentVegetationZoneParameters>
        <TT>-1.7960025516422524</TT>
        <CFMAX>2.47057886612876</CFMAX>
        <SP>0</SP>
        <SFCF>1.3000815256529967</SFCF>
        <CFR>0.09999979673142298</CFR>
        <CWH>0.19999047520431937</CWH>
        <CFGlacier>1</CFGlacier>
        <CFSlope>1</CFSlope>
        <FC>1308.4755802521297</FC>
        <LP>0.45946703876820766</LP>
        <BETA>2.1705432982441017</BETA>
      </SubCatchmentVegetationZoneParameters>
    </SubCatchmentVegetationZone>
  </SubCatchment>
</Catchment>