<?xml version="1.0" encoding="utf-8"?>
<Catchment xmlns:xsi="http://www.w3.org/2001/XMLSchema-instance" xmlns:xsd="http://www.w3.org/2001/XMLSchema">
  <CatchmentParameters>
    <KSI>0.001</KSI>
    <KGmin>0.05</KGmin>
    <RangeKG>0.1</RangeKG>
    <AG>0.1</AG>
    <PERC>0.29884354579870043</PERC>
    <Alpha>0</Alpha>
    <UZL>147.51365127642592</UZL>
    <K0>0.92190575480976911</K0>
    <K1>0.1133454490145164</K1>
    <K2>0.015244424055685586</K2>
    <MAXBAS>1</MAXBAS>
    <Cet>0</Cet>
    <PCALT>10</PCALT>
    <TCALT>0.6</TCALT>
    <Pelev>3165</Pelev>
    <Telev>3224</Telev>
    <PART>0.5</PART>
    <DELAY>1</DELAY>
  </CatchmentParameters>
  <VegetationZone>
    <VegetationZoneParameters>
      <TT>-1.0959905856655112</TT>
      <CFMAX>2.0904450547358655</CFMAX>
      <SP>0</SP>
      <SFCF>0.93526501502717352</SFCF>
      <CFR>0.099999745318317915</CFR>
      <CWH>0.1999982124323948</CWH>
      <CFGlacier>1</CFGlacier>
      <CFSlope>1</CFSlope>
      <FC>774.65374169308109</FC>
      <LP>0.85287484930511548</LP>
      <BETA>2.298868101700366</BETA>
    </VegetationZoneParameters>
  </VegetationZone>
  <SubCatchment>
    <SubCatchmentParameters>
      <KSI>0.001</KSI>
      <KGmin>0.05</KGmin>
      <RangeKG>0.1</RangeKG>
      <AG>0.1</AG>
      <PERC>0.29884354579870043</PERC>
      <Alpha>0</Alpha>
      <UZL>147.51365127642592</UZL>
      <K0>0.92190575480976911</K0>
      <K1>0.1133454490145164</K1>
      <K2>0.015244424055685586</K2>
      <MAXBAS>1</MAXBAS>
      <Cet>0</Cet>
      <PCALT>10</PCALT>
      <TCALT>0.6</TCALT>
      <Pelev>3165</Pelev>
      <Telev>3224</Telev>
      <PART>0.5</PART>
      <DELAY>1</DELAY>
    </SubCatchmentParameters>
    <SubCatchmentVegetationZone>
      <SubCatchmentVegetationZoneParameters>
        <TT>-1.0959905856655112</TT>
        <CFMAX>2.0904450547358655</CFMAX>
        <SP>0</SP>
        <SFCF>0.93526501502717352</SFCF>
        <CFR>0.099999745318317915</CFR>
        <CWH>0.1999982124323948</CWH>
        <CFGlacier>1</CFGlacier>
        <CFSlope>1</CFSlope>
        <FC>774.65374169308109</FC>
        <LP>0.85287484930511548</LP>
        <BETA>2.298868101700366</BETA>
      </SubCatchmentVegetationZoneParameters>
    </SubCatchmentVegetationZone>
  </SubCatchment>
</Catchment>