<?xml version="1.0" encoding="utf-8"?>
<Catchment xmlns:xsi="http://www.w3.org/2001/XMLSchema-instance" xmlns:xsd="http://www.w3.org/2001/XMLSchema">
  <CatchmentParameters>
    <KSI>0.001</KSI>
    <KGmin>0.05</KGmin>
    <RangeKG>0.1</RangeKG>
    <AG>0.1</AG>
    <PERC>1.5488248696396367</PERC>
    <Alpha>0</Alpha>
    <UZL>138.58601337115891</UZL>
    <K0>0.075636413768191635</K0>
    <K1>0.10555039483038974</K1>
    <K2>0.051031553805194793</K2>
    <MAXBAS>1.0000452593166305</MAXBAS>
    <Cet>0</Cet>
    <PCALT>10</PCALT>
    <TCALT>0.6</TCALT>
    <Pelev>3165</Pelev>
    <Telev>3224</Telev>
    <PART>0.5</PART>
    <DELAY>1</DELAY>
  </CatchmentParameters>
  <VegetationZone>
    <VegetationZoneParameters>
      <TT>1.0039975664838372</TT>
      <CFMAX>2.7204912305653424</CFMAX>
      <SP>0</SP>
      <SFCF>0.65486023124770087</SFCF>
      <CFR>0.058460321335797795</CFR>
      <CWH>0.12082432874779531</CWH>
      <CFGlacier>1</CFGlacier>
      <CFSlope>1</CFSlope>
      <FC>257.40383623714627</FC>
      <LP>0.9999939443912288</LP>
      <BETA>4.3887824374700521</BETA>
    </VegetationZoneParameters>
  </VegetationZone>
  <SubCatchment>
    <SubCatchmentParameters>
      <KSI>0.001</KSI>
      <KGmin>0.05</KGmin>
      <RangeKG>0.1</RangeKG>
      <AG>0.1</AG>
      <PERC>1.5488248696396367</PERC>
      <Alpha>0</Alpha>
      <UZL>138.58601337115891</UZL>
      <K0>0.075636413768191635</K0>
      <K1>0.10555039483038974</K1>
      <K2>0.051031553805194793</K2>
      <MAXBAS>1.0000452593166305</MAXBAS>
      <Cet>0</Cet>
      <PCALT>10</PCALT>
      <TCALT>0.6</TCALT>
      <Pelev>3165</Pelev>
      <Telev>3224</Telev>
      <PART>0.5</PART>
      <DELAY>1</DELAY>
    </SubCatchmentParameters>
    <SubCatchmentVegetationZone>
      <SubCatchmentVegetationZoneParameters>
        <TT>1.0039975664838372</TT>
        <CFMAX>2.7204912305653424</CFMAX>
        <SP>0</SP>
        <SFCF>0.65486023124770087</SFCF>
        <CFR>0.058460321335797795</CFR>
        <CWH>0.12082432874779531</CWH>
        <CFGlacier>1</CFGlacier>
        <CFSlope>1</CFSlope>
        <FC>257.40383623714627</FC>
        <LP>0.9999939443912288</LP>
        <BETA>4.3887824374700521</BETA>
      </SubCatchmentVegetationZoneParameters>
    </SubCatchmentVegetationZone>
  </SubCatchment>
</Catchment>