<?xml version="1.0" encoding="utf-8"?>
<Catchment xmlns:xsi="http://www.w3.org/2001/XMLSchema-instance" xmlns:xsd="http://www.w3.org/2001/XMLSchema">
  <CatchmentParameters>
    <KSI>0.001</KSI>
    <KGmin>0.05</KGmin>
    <RangeKG>0.1</RangeKG>
    <AG>0.1</AG>
    <PERC>9.9999112906301</PERC>
    <Alpha>0</Alpha>
    <UZL>156.97730760631487</UZL>
    <K0>0.35271291436726732</K0>
    <K1>0.11358032759286788</K1>
    <K2>0.095088800056299924</K2>
    <MAXBAS>1.00492942557498</MAXBAS>
    <Cet>0</Cet>
    <PCALT>10</PCALT>
    <TCALT>0.6</TCALT>
    <Pelev>3165</Pelev>
    <Telev>3224</Telev>
    <PART>0.5</PART>
    <DELAY>1</DELAY>
  </CatchmentParameters>
  <VegetationZone>
    <VegetationZoneParameters>
      <TT>0.20399894054872594</TT>
      <CFMAX>2.5413492158398925</CFMAX>
      <SP>0</SP>
      <SFCF>0.7470333490380382</SFCF>
      <CFR>0.099999682729729672</CFR>
      <CWH>0.10000028923534568</CWH>
      <CFGlacier>1</CFGlacier>
      <CFSlope>1</CFSlope>
      <FC>349.54282411321407</FC>
      <LP>0.83568385285254154</LP>
      <BETA>4.6468180719773642</BETA>
    </VegetationZoneParameters>
  </VegetationZone>
  <SubCatchment>
    <SubCatchmentParameters>
      <KSI>0.001</KSI>
      <KGmin>0.05</KGmin>
      <RangeKG>0.1</RangeKG>
      <AG>0.1</AG>
      <PERC>9.9999112906301</PERC>
      <Alpha>0</Alpha>
      <UZL>156.97730760631487</UZL>
      <K0>0.35271291436726732</K0>
      <K1>0.11358032759286788</K1>
      <K2>0.095088800056299924</K2>
      <MAXBAS>1.00492942557498</MAXBAS>
      <Cet>0</Cet>
      <PCALT>10</PCALT>
      <TCALT>0.6</TCALT>
      <Pelev>3165</Pelev>
      <Telev>3224</Telev>
      <PART>0.5</PART>
      <DELAY>1</DELAY>
    </SubCatchmentParameters>
    <SubCatchmentVegetationZone>
      <SubCatchmentVegetationZoneParameters>
        <TT>0.20399894054872594</TT>
        <CFMAX>2.5413492158398925</CFMAX>
        <SP>0</SP>
        <SFCF>0.7470333490380382</SFCF>
        <CFR>0.099999682729729672</CFR>
        <CWH>0.10000028923534568</CWH>
        <CFGlacier>1</CFGlacier>
        <CFSlope>1</CFSlope>
        <FC>349.54282411321407</FC>
        <LP>0.83568385285254154</LP>
        <BETA>4.6468180719773642</BETA>
      </SubCatchmentVegetationZoneParameters>
    </SubCatchmentVegetationZone>
  </SubCatchment>
</Catchment>