<?xml version="1.0" encoding="utf-8"?>
<Catchment xmlns:xsi="http://www.w3.org/2001/XMLSchema-instance" xmlns:xsd="http://www.w3.org/2001/XMLSchema">
  <CatchmentParameters>
    <KSI>0.001</KSI>
    <KGmin>0.05</KGmin>
    <RangeKG>0.1</RangeKG>
    <AG>0.1</AG>
    <PERC>0.44221450464067957</PERC>
    <Alpha>0</Alpha>
    <UZL>121.28448726087351</UZL>
    <K0>0.58739116638425071</K0>
    <K1>0.10530536638747433</K1>
    <K2>0.033050951370206354</K2>
    <MAXBAS>1</MAXBAS>
    <Cet>0</Cet>
    <PCALT>10</PCALT>
    <TCALT>0.6</TCALT>
    <Pelev>3165</Pelev>
    <Telev>3224</Telev>
    <PART>0.5</PART>
    <DELAY>1</DELAY>
  </CatchmentParameters>
  <VegetationZone>
    <VegetationZoneParameters>
      <TT>-2.456004392248802</TT>
      <CFMAX>1.7056244658564488</CFMAX>
      <SP>0</SP>
      <SFCF>1.1105564726502752</SFCF>
      <CFR>0.099999676964890177</CFR>
      <CWH>0.19999983193879187</CWH>
      <CFGlacier>1</CFGlacier>
      <CFSlope>1</CFSlope>
      <FC>1302.5563478522536</FC>
      <LP>0.86754343176994242</LP>
      <BETA>3.40477948707301</BETA>
    </VegetationZoneParameters>
  </VegetationZone>
  <SubCatchment>
    <SubCatchmentParameters>
      <KSI>0.001</KSI>
      <KGmin>0.05</KGmin>
      <RangeKG>0.1</RangeKG>
      <AG>0.1</AG>
      <PERC>0.44221450464067957</PERC>
      <Alpha>0</Alpha>
      <UZL>121.28448726087351</UZL>
      <K0>0.58739116638425071</K0>
      <K1>0.10530536638747433</K1>
      <K2>0.033050951370206354</K2>
      <MAXBAS>1</MAXBAS>
      <Cet>0</Cet>
      <PCALT>10</PCALT>
      <TCALT>0.6</TCALT>
      <Pelev>3165</Pelev>
      <Telev>3224</Telev>
      <PART>0.5</PART>
      <DELAY>1</DELAY>
    </SubCatchmentParameters>
    <SubCatchmentVegetationZone>
      <SubCatchmentVegetationZoneParameters>
        <TT>-2.456004392248802</TT>
        <CFMAX>1.7056244658564488</CFMAX>
        <SP>0</SP>
        <SFCF>1.1105564726502752</SFCF>
        <CFR>0.099999676964890177</CFR>
        <CWH>0.19999983193879187</CWH>
        <CFGlacier>1</CFGlacier>
        <CFSlope>1</CFSlope>
        <FC>1302.5563478522536</FC>
        <LP>0.86754343176994242</LP>
        <BETA>3.40477948707301</BETA>
      </SubCatchmentVegetationZoneParameters>
    </SubCatchmentVegetationZone>
  </SubCatchment>
</Catchment>