<?xml version="1.0" encoding="utf-8"?>
<Catchment xmlns:xsi="http://www.w3.org/2001/XMLSchema-instance" xmlns:xsd="http://www.w3.org/2001/XMLSchema">
  <CatchmentParameters>
    <KSI>0.001</KSI>
    <KGmin>0.05</KGmin>
    <RangeKG>0.1</RangeKG>
    <AG>0.1</AG>
    <PERC>0.26975728972545732</PERC>
    <Alpha>0</Alpha>
    <UZL>139.41630726450524</UZL>
    <K0>0.30893280816029878</K0>
    <K1>0.10689831541684715</K1>
    <K2>0.01219292507741054</K2>
    <MAXBAS>1</MAXBAS>
    <Cet>0</Cet>
    <PCALT>10</PCALT>
    <TCALT>0.6</TCALT>
    <Pelev>3165</Pelev>
    <Telev>3224</Telev>
    <PART>0.5</PART>
    <DELAY>1</DELAY>
  </CatchmentParameters>
  <VegetationZone>
    <VegetationZoneParameters>
      <TT>-1.15600128690354</TT>
      <CFMAX>2.2662345434620081</CFMAX>
      <SP>0</SP>
      <SFCF>0.99945859601802367</SFCF>
      <CFR>0.099998845409668538</CFR>
      <CWH>0.1999943347935314</CWH>
      <CFGlacier>1</CFGlacier>
      <CFSlope>1</CFSlope>
      <FC>858.10288167680494</FC>
      <LP>0.80042243449429717</LP>
      <BETA>2.461101050770774</BETA>
    </VegetationZoneParameters>
  </VegetationZone>
  <SubCatchment>
    <SubCatchmentParameters>
      <KSI>0.001</KSI>
      <KGmin>0.05</KGmin>
      <RangeKG>0.1</RangeKG>
      <AG>0.1</AG>
      <PERC>0.26975728972545732</PERC>
      <Alpha>0</Alpha>
      <UZL>139.41630726450524</UZL>
      <K0>0.30893280816029878</K0>
      <K1>0.10689831541684715</K1>
      <K2>0.01219292507741054</K2>
      <MAXBAS>1</MAXBAS>
      <Cet>0</Cet>
      <PCALT>10</PCALT>
      <TCALT>0.6</TCALT>
      <Pelev>3165</Pelev>
      <Telev>3224</Telev>
      <PART>0.5</PART>
      <DELAY>1</DELAY>
    </SubCatchmentParameters>
    <SubCatchmentVegetationZone>
      <SubCatchmentVegetationZoneParameters>
        <TT>-1.15600128690354</TT>
        <CFMAX>2.2662345434620081</CFMAX>
        <SP>0</SP>
        <SFCF>0.99945859601802367</SFCF>
        <CFR>0.099998845409668538</CFR>
        <CWH>0.1999943347935314</CWH>
        <CFGlacier>1</CFGlacier>
        <CFSlope>1</CFSlope>
        <FC>858.10288167680494</FC>
        <LP>0.80042243449429717</LP>
        <BETA>2.461101050770774</BETA>
      </SubCatchmentVegetationZoneParameters>
    </SubCatchmentVegetationZone>
  </SubCatchment>
</Catchment>