<?xml version="1.0" encoding="utf-8"?>
<Catchment xmlns:xsi="http://www.w3.org/2001/XMLSchema-instance" xmlns:xsd="http://www.w3.org/2001/XMLSchema">
  <CatchmentParameters>
    <KSI>0.001</KSI>
    <KGmin>0.05</KGmin>
    <RangeKG>0.1</RangeKG>
    <AG>0.1</AG>
    <PERC>0.24316368722167009</PERC>
    <Alpha>0</Alpha>
    <UZL>129.1817298446133</UZL>
    <K0>0.54442552887990336</K0>
    <K1>0.11338314846432593</K1>
    <K2>0.01000001149217168</K2>
    <MAXBAS>1</MAXBAS>
    <Cet>0</Cet>
    <PCALT>10</PCALT>
    <TCALT>0.6</TCALT>
    <Pelev>3165</Pelev>
    <Telev>3224</Telev>
    <PART>0.5</PART>
    <DELAY>1</DELAY>
  </CatchmentParameters>
  <VegetationZone>
    <VegetationZoneParameters>
      <TT>-1.1560008461409217</TT>
      <CFMAX>2.5496450327446203</CFMAX>
      <SP>0</SP>
      <SFCF>1.1168151460074502</SFCF>
      <CFR>0.099999663482357559</CFR>
      <CWH>0.19654590227811458</CWH>
      <CFGlacier>1</CFGlacier>
      <CFSlope>1</CFSlope>
      <FC>1313.5421867624914</FC>
      <LP>0.814809998535616</LP>
      <BETA>3.242721626537826</BETA>
    </VegetationZoneParameters>
  </VegetationZone>
  <SubCatchment>
    <SubCatchmentParameters>
      <KSI>0.001</KSI>
      <KGmin>0.05</KGmin>
      <RangeKG>0.1</RangeKG>
      <AG>0.1</AG>
      <PERC>0.24316368722167009</PERC>
      <Alpha>0</Alpha>
      <UZL>129.1817298446133</UZL>
      <K0>0.54442552887990336</K0>
      <K1>0.11338314846432593</K1>
      <K2>0.01000001149217168</K2>
      <MAXBAS>1</MAXBAS>
      <Cet>0</Cet>
      <PCALT>10</PCALT>
      <TCALT>0.6</TCALT>
      <Pelev>3165</Pelev>
      <Telev>3224</Telev>
      <PART>0.5</PART>
      <DELAY>1</DELAY>
    </SubCatchmentParameters>
    <SubCatchmentVegetationZone>
      <SubCatchmentVegetationZoneParameters>
        <TT>-1.1560008461409217</TT>
        <CFMAX>2.5496450327446203</CFMAX>
        <SP>0</SP>
        <SFCF>1.1168151460074502</SFCF>
        <CFR>0.099999663482357559</CFR>
        <CWH>0.19654590227811458</CWH>
        <CFGlacier>1</CFGlacier>
        <CFSlope>1</CFSlope>
        <FC>1313.5421867624914</FC>
        <LP>0.814809998535616</LP>
        <BETA>3.242721626537826</BETA>
      </SubCatchmentVegetationZoneParameters>
    </SubCatchmentVegetationZone>
  </SubCatchment>
</Catchment>