<?xml version="1.0" encoding="utf-8"?>
<Catchment xmlns:xsi="http://www.w3.org/2001/XMLSchema-instance" xmlns:xsd="http://www.w3.org/2001/XMLSchema">
  <CatchmentParameters>
    <KSI>0.001</KSI>
    <KGmin>0.05</KGmin>
    <RangeKG>0.1</RangeKG>
    <AG>0.1</AG>
    <PERC>0.267675526529817</PERC>
    <Alpha>0</Alpha>
    <UZL>170.12176604272469</UZL>
    <K0>0.25872188047000172</K0>
    <K1>0.1032085806346744</K1>
    <K2>0.010000011563560044</K2>
    <MAXBAS>1</MAXBAS>
    <Cet>0</Cet>
    <PCALT>10</PCALT>
    <TCALT>0.6</TCALT>
    <Pelev>3165</Pelev>
    <Telev>3224</Telev>
    <PART>0.5</PART>
    <DELAY>1</DELAY>
  </CatchmentParameters>
  <VegetationZone>
    <VegetationZoneParameters>
      <TT>0.1439804455410971</TT>
      <CFMAX>3.9625196888504117</CFMAX>
      <SP>0</SP>
      <SFCF>1.0750203489174606</SFCF>
      <CFR>0.099999204920495841</CFR>
      <CWH>0.10000090866670258</CWH>
      <CFGlacier>1</CFGlacier>
      <CFSlope>1</CFSlope>
      <FC>1320.1024893545859</FC>
      <LP>0.847243604691827</LP>
      <BETA>3.2152726080170817</BETA>
    </VegetationZoneParameters>
  </VegetationZone>
  <SubCatchment>
    <SubCatchmentParameters>
      <KSI>0.001</KSI>
      <KGmin>0.05</KGmin>
      <RangeKG>0.1</RangeKG>
      <AG>0.1</AG>
      <PERC>0.267675526529817</PERC>
      <Alpha>0</Alpha>
      <UZL>170.12176604272469</UZL>
      <K0>0.25872188047000172</K0>
      <K1>0.1032085806346744</K1>
      <K2>0.010000011563560044</K2>
      <MAXBAS>1</MAXBAS>
      <Cet>0</Cet>
      <PCALT>10</PCALT>
      <TCALT>0.6</TCALT>
      <Pelev>3165</Pelev>
      <Telev>3224</Telev>
      <PART>0.5</PART>
      <DELAY>1</DELAY>
    </SubCatchmentParameters>
    <SubCatchmentVegetationZone>
      <SubCatchmentVegetationZoneParameters>
        <TT>0.1439804455410971</TT>
        <CFMAX>3.9625196888504117</CFMAX>
        <SP>0</SP>
        <SFCF>1.0750203489174606</SFCF>
        <CFR>0.099999204920495841</CFR>
        <CWH>0.10000090866670258</CWH>
        <CFGlacier>1</CFGlacier>
        <CFSlope>1</CFSlope>
        <FC>1320.1024893545859</FC>
        <LP>0.847243604691827</LP>
        <BETA>3.2152726080170817</BETA>
      </SubCatchmentVegetationZoneParameters>
    </SubCatchmentVegetationZone>
  </SubCatchment>
</Catchment>