<?xml version="1.0" encoding="utf-8"?>
<Catchment xmlns:xsi="http://www.w3.org/2001/XMLSchema-instance" xmlns:xsd="http://www.w3.org/2001/XMLSchema">
  <CatchmentParameters>
    <KSI>0.001</KSI>
    <KGmin>0.05</KGmin>
    <RangeKG>0.1</RangeKG>
    <AG>0.1</AG>
    <PERC>5.1599829801531714</PERC>
    <Alpha>0</Alpha>
    <UZL>124.86570000785603</UZL>
    <K0>0.10461361712326321</K0>
    <K1>0.087571081279538138</K1>
    <K2>0.14605535417820439</K2>
    <MAXBAS>1.0048486400856755</MAXBAS>
    <Cet>0</Cet>
    <PCALT>10</PCALT>
    <TCALT>0.6</TCALT>
    <Pelev>3165</Pelev>
    <Telev>3224</Telev>
    <PART>0.5</PART>
    <DELAY>1</DELAY>
  </CatchmentParameters>
  <VegetationZone>
    <VegetationZoneParameters>
      <TT>-0.75600179160047465</TT>
      <CFMAX>2.4952425098312716</CFMAX>
      <SP>0</SP>
      <SFCF>0.97793069098231089</SFCF>
      <CFR>0.099999574754335491</CFR>
      <CWH>0.10000040081408712</CWH>
      <CFGlacier>1</CFGlacier>
      <CFSlope>1</CFSlope>
      <FC>842.15968943197981</FC>
      <LP>0.897924191807882</LP>
      <BETA>5.9999802535098885</BETA>
    </VegetationZoneParameters>
  </VegetationZone>
  <SubCatchment>
    <SubCatchmentParameters>
      <KSI>0.001</KSI>
      <KGmin>0.05</KGmin>
      <RangeKG>0.1</RangeKG>
      <AG>0.1</AG>
      <PERC>5.1599829801531714</PERC>
      <Alpha>0</Alpha>
      <UZL>124.86570000785603</UZL>
      <K0>0.10461361712326321</K0>
      <K1>0.087571081279538138</K1>
      <K2>0.14605535417820439</K2>
      <MAXBAS>1.0048486400856755</MAXBAS>
      <Cet>0</Cet>
      <PCALT>10</PCALT>
      <TCALT>0.6</TCALT>
      <Pelev>3165</Pelev>
      <Telev>3224</Telev>
      <PART>0.5</PART>
      <DELAY>1</DELAY>
    </SubCatchmentParameters>
    <SubCatchmentVegetationZone>
      <SubCatchmentVegetationZoneParameters>
        <TT>-0.75600179160047465</TT>
        <CFMAX>2.4952425098312716</CFMAX>
        <SP>0</SP>
        <SFCF>0.97793069098231089</SFCF>
        <CFR>0.099999574754335491</CFR>
        <CWH>0.10000040081408712</CWH>
        <CFGlacier>1</CFGlacier>
        <CFSlope>1</CFSlope>
        <FC>842.15968943197981</FC>
        <LP>0.897924191807882</LP>
        <BETA>5.9999802535098885</BETA>
      </SubCatchmentVegetationZoneParameters>
    </SubCatchmentVegetationZone>
  </SubCatchment>
</Catchment>