<?xml version="1.0" encoding="utf-8"?>
<Catchment xmlns:xsi="http://www.w3.org/2001/XMLSchema-instance" xmlns:xsd="http://www.w3.org/2001/XMLSchema">
  <CatchmentParameters>
    <KSI>0.001</KSI>
    <KGmin>0.05</KGmin>
    <RangeKG>0.1</RangeKG>
    <AG>0.1</AG>
    <PERC>9.9998802249717329</PERC>
    <Alpha>0</Alpha>
    <UZL>148.9556091035962</UZL>
    <K0>0.51311931002320388</K0>
    <K1>0.11665214002946019</K1>
    <K2>0.098855746101366049</K2>
    <MAXBAS>1.0047831734532049</MAXBAS>
    <Cet>0</Cet>
    <PCALT>10</PCALT>
    <TCALT>0.6</TCALT>
    <Pelev>3165</Pelev>
    <Telev>3224</Telev>
    <PART>0.5</PART>
    <DELAY>1</DELAY>
  </CatchmentParameters>
  <VegetationZone>
    <VegetationZoneParameters>
      <TT>0.043989462230743043</TT>
      <CFMAX>2.4112314378561348</CFMAX>
      <SP>0</SP>
      <SFCF>0.750963330125286</SFCF>
      <CFR>0.097408280469620578</CFR>
      <CWH>0.10000000520493002</CWH>
      <CFGlacier>1</CFGlacier>
      <CFSlope>1</CFSlope>
      <FC>400.80621997401704</FC>
      <LP>0.95025204484532577</LP>
      <BETA>5.09352966174229</BETA>
    </VegetationZoneParameters>
  </VegetationZone>
  <SubCatchment>
    <SubCatchmentParameters>
      <KSI>0.001</KSI>
      <KGmin>0.05</KGmin>
      <RangeKG>0.1</RangeKG>
      <AG>0.1</AG>
      <PERC>9.9998802249717329</PERC>
      <Alpha>0</Alpha>
      <UZL>148.9556091035962</UZL>
      <K0>0.51311931002320388</K0>
      <K1>0.11665214002946019</K1>
      <K2>0.098855746101366049</K2>
      <MAXBAS>1.0047831734532049</MAXBAS>
      <Cet>0</Cet>
      <PCALT>10</PCALT>
      <TCALT>0.6</TCALT>
      <Pelev>3165</Pelev>
      <Telev>3224</Telev>
      <PART>0.5</PART>
      <DELAY>1</DELAY>
    </SubCatchmentParameters>
    <SubCatchmentVegetationZone>
      <SubCatchmentVegetationZoneParameters>
        <TT>0.043989462230743043</TT>
        <CFMAX>2.4112314378561348</CFMAX>
        <SP>0</SP>
        <SFCF>0.750963330125286</SFCF>
        <CFR>0.097408280469620578</CFR>
        <CWH>0.10000000520493002</CWH>
        <CFGlacier>1</CFGlacier>
        <CFSlope>1</CFSlope>
        <FC>400.80621997401704</FC>
        <LP>0.95025204484532577</LP>
        <BETA>5.09352966174229</BETA>
      </SubCatchmentVegetationZoneParameters>
    </SubCatchmentVegetationZone>
  </SubCatchment>
</Catchment>