<?xml version="1.0" encoding="utf-8"?>
<Catchment xmlns:xsi="http://www.w3.org/2001/XMLSchema-instance" xmlns:xsd="http://www.w3.org/2001/XMLSchema">
  <CatchmentParameters>
    <KSI>0.001</KSI>
    <KGmin>0.05</KGmin>
    <RangeKG>0.1</RangeKG>
    <AG>0.1</AG>
    <PERC>5.5647186092642622</PERC>
    <Alpha>0</Alpha>
    <UZL>136.81800570786174</UZL>
    <K0>0.49357723122704295</K0>
    <K1>0.090455977502210239</K1>
    <K2>0.11939904729866009</K2>
    <MAXBAS>1.000413490100613</MAXBAS>
    <Cet>0</Cet>
    <PCALT>10</PCALT>
    <TCALT>0.6</TCALT>
    <Pelev>3165</Pelev>
    <Telev>3224</Telev>
    <PART>0.5</PART>
    <DELAY>1</DELAY>
  </CatchmentParameters>
  <VegetationZone>
    <VegetationZoneParameters>
      <TT>0.043981506526910005</TT>
      <CFMAX>2.5270446110651616</CFMAX>
      <SP>0</SP>
      <SFCF>0.76797973440391609</SFCF>
      <CFR>0.099999934225154768</CFR>
      <CWH>0.10206664211150339</CWH>
      <CFGlacier>1</CFGlacier>
      <CFSlope>1</CFSlope>
      <FC>373.78763677365555</FC>
      <LP>0.75400598084810055</LP>
      <BETA>4.6667803992158428</BETA>
    </VegetationZoneParameters>
  </VegetationZone>
  <SubCatchment>
    <SubCatchmentParameters>
      <KSI>0.001</KSI>
      <KGmin>0.05</KGmin>
      <RangeKG>0.1</RangeKG>
      <AG>0.1</AG>
      <PERC>5.5647186092642622</PERC>
      <Alpha>0</Alpha>
      <UZL>136.81800570786174</UZL>
      <K0>0.49357723122704295</K0>
      <K1>0.090455977502210239</K1>
      <K2>0.11939904729866009</K2>
      <MAXBAS>1.000413490100613</MAXBAS>
      <Cet>0</Cet>
      <PCALT>10</PCALT>
      <TCALT>0.6</TCALT>
      <Pelev>3165</Pelev>
      <Telev>3224</Telev>
      <PART>0.5</PART>
      <DELAY>1</DELAY>
    </SubCatchmentParameters>
    <SubCatchmentVegetationZone>
      <SubCatchmentVegetationZoneParameters>
        <TT>0.043981506526910005</TT>
        <CFMAX>2.5270446110651616</CFMAX>
        <SP>0</SP>
        <SFCF>0.76797973440391609</SFCF>
        <CFR>0.099999934225154768</CFR>
        <CWH>0.10206664211150339</CWH>
        <CFGlacier>1</CFGlacier>
        <CFSlope>1</CFSlope>
        <FC>373.78763677365555</FC>
        <LP>0.75400598084810055</LP>
        <BETA>4.6667803992158428</BETA>
      </SubCatchmentVegetationZoneParameters>
    </SubCatchmentVegetationZone>
  </SubCatchment>
</Catchment>