<?xml version="1.0" encoding="utf-8"?>
<Catchment xmlns:xsi="http://www.w3.org/2001/XMLSchema-instance" xmlns:xsd="http://www.w3.org/2001/XMLSchema">
  <CatchmentParameters>
    <KSI>0.001</KSI>
    <KGmin>0.05</KGmin>
    <RangeKG>0.1</RangeKG>
    <AG>0.1</AG>
    <PERC>9.9999336562447443</PERC>
    <Alpha>0</Alpha>
    <UZL>138.88478913403517</UZL>
    <K0>0.15911798862139231</K0>
    <K1>0.12743519562132827</K1>
    <K2>0.10176358635445709</K2>
    <MAXBAS>1.0000000015850783</MAXBAS>
    <Cet>0</Cet>
    <PCALT>10</PCALT>
    <TCALT>0.6</TCALT>
    <Pelev>3165</Pelev>
    <Telev>3224</Telev>
    <PART>0.5</PART>
    <DELAY>1</DELAY>
  </CatchmentParameters>
  <VegetationZone>
    <VegetationZoneParameters>
      <TT>0.0050861598336670935</TT>
      <CFMAX>2.2041517992028017</CFMAX>
      <SP>0</SP>
      <SFCF>0.70293445333648408</SFCF>
      <CFR>0.099999722666691257</CFR>
      <CWH>0.14569764474526906</CWH>
      <CFGlacier>1</CFGlacier>
      <CFSlope>1</CFSlope>
      <FC>287.44819289042158</FC>
      <LP>0.74649884479472717</LP>
      <BETA>4.9121227668766974</BETA>
    </VegetationZoneParameters>
  </VegetationZone>
  <SubCatchment>
    <SubCatchmentParameters>
      <KSI>0.001</KSI>
      <KGmin>0.05</KGmin>
      <RangeKG>0.1</RangeKG>
      <AG>0.1</AG>
      <PERC>9.9999336562447443</PERC>
      <Alpha>0</Alpha>
      <UZL>138.88478913403517</UZL>
      <K0>0.15911798862139231</K0>
      <K1>0.12743519562132827</K1>
      <K2>0.10176358635445709</K2>
      <MAXBAS>1.0000000015850783</MAXBAS>
      <Cet>0</Cet>
      <PCALT>10</PCALT>
      <TCALT>0.6</TCALT>
      <Pelev>3165</Pelev>
      <Telev>3224</Telev>
      <PART>0.5</PART>
      <DELAY>1</DELAY>
    </SubCatchmentParameters>
    <SubCatchmentVegetationZone>
      <SubCatchmentVegetationZoneParameters>
        <TT>0.0050861598336670935</TT>
        <CFMAX>2.2041517992028017</CFMAX>
        <SP>0</SP>
        <SFCF>0.70293445333648408</SFCF>
        <CFR>0.099999722666691257</CFR>
        <CWH>0.14569764474526906</CWH>
        <CFGlacier>1</CFGlacier>
        <CFSlope>1</CFSlope>
        <FC>287.44819289042158</FC>
        <LP>0.74649884479472717</LP>
        <BETA>4.9121227668766974</BETA>
      </SubCatchmentVegetationZoneParameters>
    </SubCatchmentVegetationZone>
  </SubCatchment>
</Catchment>