<?xml version="1.0" encoding="utf-8"?>
<Catchment xmlns:xsi="http://www.w3.org/2001/XMLSchema-instance" xmlns:xsd="http://www.w3.org/2001/XMLSchema">
  <CatchmentParameters>
    <KSI>0.001</KSI>
    <KGmin>0.05</KGmin>
    <RangeKG>0.1</RangeKG>
    <AG>0.1</AG>
    <PERC>5.9393230522251033</PERC>
    <Alpha>0</Alpha>
    <UZL>157.73738445273207</UZL>
    <K0>0.48463943268127763</K0>
    <K1>0.087286531404494563</K1>
    <K2>0.11743409834262224</K2>
    <MAXBAS>1.0000395148692236</MAXBAS>
    <Cet>0</Cet>
    <PCALT>10</PCALT>
    <TCALT>0.6</TCALT>
    <Pelev>3165</Pelev>
    <Telev>3224</Telev>
    <PART>0.5</PART>
    <DELAY>1</DELAY>
  </CatchmentParameters>
  <VegetationZone>
    <VegetationZoneParameters>
      <TT>-0.15600143021454652</TT>
      <CFMAX>2.3880981739060814</CFMAX>
      <SP>0</SP>
      <SFCF>0.78401114110793058</SFCF>
      <CFR>0.099999594480276968</CFR>
      <CWH>0.10484716521693402</CWH>
      <CFGlacier>1</CFGlacier>
      <CFSlope>1</CFSlope>
      <FC>486.21305257084572</FC>
      <LP>0.97994045120058793</LP>
      <BETA>5.5838215580915067</BETA>
    </VegetationZoneParameters>
  </VegetationZone>
  <SubCatchment>
    <SubCatchmentParameters>
      <KSI>0.001</KSI>
      <KGmin>0.05</KGmin>
      <RangeKG>0.1</RangeKG>
      <AG>0.1</AG>
      <PERC>5.9393230522251033</PERC>
      <Alpha>0</Alpha>
      <UZL>157.73738445273207</UZL>
      <K0>0.48463943268127763</K0>
      <K1>0.087286531404494563</K1>
      <K2>0.11743409834262224</K2>
      <MAXBAS>1.0000395148692236</MAXBAS>
      <Cet>0</Cet>
      <PCALT>10</PCALT>
      <TCALT>0.6</TCALT>
      <Pelev>3165</Pelev>
      <Telev>3224</Telev>
      <PART>0.5</PART>
      <DELAY>1</DELAY>
    </SubCatchmentParameters>
    <SubCatchmentVegetationZone>
      <SubCatchmentVegetationZoneParameters>
        <TT>-0.15600143021454652</TT>
        <CFMAX>2.3880981739060814</CFMAX>
        <SP>0</SP>
        <SFCF>0.78401114110793058</SFCF>
        <CFR>0.099999594480276968</CFR>
        <CWH>0.10484716521693402</CWH>
        <CFGlacier>1</CFGlacier>
        <CFSlope>1</CFSlope>
        <FC>486.21305257084572</FC>
        <LP>0.97994045120058793</LP>
        <BETA>5.5838215580915067</BETA>
      </SubCatchmentVegetationZoneParameters>
    </SubCatchmentVegetationZone>
  </SubCatchment>
</Catchment>