<?xml version="1.0" encoding="utf-8"?>
<Catchment xmlns:xsi="http://www.w3.org/2001/XMLSchema-instance" xmlns:xsd="http://www.w3.org/2001/XMLSchema">
  <CatchmentParameters>
    <KSI>0.001</KSI>
    <KGmin>0.05</KGmin>
    <RangeKG>0.1</RangeKG>
    <AG>0.1</AG>
    <PERC>6.0267890352326443</PERC>
    <Alpha>0</Alpha>
    <UZL>100.56726480345782</UZL>
    <K0>0.18937163989601721</K0>
    <K1>0.10073242830791689</K1>
    <K2>0.1223052069364657</K2>
    <MAXBAS>1.0001100247458827</MAXBAS>
    <Cet>0</Cet>
    <PCALT>10</PCALT>
    <TCALT>0.6</TCALT>
    <Pelev>3165</Pelev>
    <Telev>3224</Telev>
    <PART>0.5</PART>
    <DELAY>1</DELAY>
  </CatchmentParameters>
  <VegetationZone>
    <VegetationZoneParameters>
      <TT>0.76399179422556818</TT>
      <CFMAX>2.568796897216362</CFMAX>
      <SP>0</SP>
      <SFCF>0.67003486683945668</SFCF>
      <CFR>0.070867908283442291</CFR>
      <CWH>0.11643506835011076</CWH>
      <CFGlacier>1</CFGlacier>
      <CFSlope>1</CFSlope>
      <FC>312.00946149822875</FC>
      <LP>0.9996793845585159</LP>
      <BETA>4.8265974733982171</BETA>
    </VegetationZoneParameters>
  </VegetationZone>
  <SubCatchment>
    <SubCatchmentParameters>
      <KSI>0.001</KSI>
      <KGmin>0.05</KGmin>
      <RangeKG>0.1</RangeKG>
      <AG>0.1</AG>
      <PERC>6.0267890352326443</PERC>
      <Alpha>0</Alpha>
      <UZL>100.56726480345782</UZL>
      <K0>0.18937163989601721</K0>
      <K1>0.10073242830791689</K1>
      <K2>0.1223052069364657</K2>
      <MAXBAS>1.0001100247458827</MAXBAS>
      <Cet>0</Cet>
      <PCALT>10</PCALT>
      <TCALT>0.6</TCALT>
      <Pelev>3165</Pelev>
      <Telev>3224</Telev>
      <PART>0.5</PART>
      <DELAY>1</DELAY>
    </SubCatchmentParameters>
    <SubCatchmentVegetationZone>
      <SubCatchmentVegetationZoneParameters>
        <TT>0.76399179422556818</TT>
        <CFMAX>2.568796897216362</CFMAX>
        <SP>0</SP>
        <SFCF>0.67003486683945668</SFCF>
        <CFR>0.070867908283442291</CFR>
        <CWH>0.11643506835011076</CWH>
        <CFGlacier>1</CFGlacier>
        <CFSlope>1</CFSlope>
        <FC>312.00946149822875</FC>
        <LP>0.9996793845585159</LP>
        <BETA>4.8265974733982171</BETA>
      </SubCatchmentVegetationZoneParameters>
    </SubCatchmentVegetationZone>
  </SubCatchment>
</Catchment>