<?xml version="1.0" encoding="utf-8"?>
<Catchment xmlns:xsi="http://www.w3.org/2001/XMLSchema-instance" xmlns:xsd="http://www.w3.org/2001/XMLSchema">
  <CatchmentParameters>
    <KSI>0.001</KSI>
    <KGmin>0.05</KGmin>
    <RangeKG>0.1</RangeKG>
    <AG>0.1</AG>
    <PERC>7.4179612550466576</PERC>
    <Alpha>0</Alpha>
    <UZL>181.75788547525639</UZL>
    <K0>0.29880177880154135</K0>
    <K1>0.087320973899889173</K1>
    <K2>0.11412165893058425</K2>
    <MAXBAS>1.0023920143424563</MAXBAS>
    <Cet>0</Cet>
    <PCALT>10</PCALT>
    <TCALT>0.6</TCALT>
    <Pelev>3165</Pelev>
    <Telev>3224</Telev>
    <PART>0.5</PART>
    <DELAY>1</DELAY>
  </CatchmentParameters>
  <VegetationZone>
    <VegetationZoneParameters>
      <TT>1.2899036655985119</TT>
      <CFMAX>3.4541376930589833</CFMAX>
      <SP>0</SP>
      <SFCF>0.72275617395649183</SFCF>
      <CFR>0.042391571137342959</CFR>
      <CWH>0.10000016285087082</CWH>
      <CFGlacier>1</CFGlacier>
      <CFSlope>1</CFSlope>
      <FC>360.22684879500866</FC>
      <LP>0.91136212284991991</LP>
      <BETA>3.8752698546800808</BETA>
    </VegetationZoneParameters>
  </VegetationZone>
  <SubCatchment>
    <SubCatchmentParameters>
      <KSI>0.001</KSI>
      <KGmin>0.05</KGmin>
      <RangeKG>0.1</RangeKG>
      <AG>0.1</AG>
      <PERC>7.4179612550466576</PERC>
      <Alpha>0</Alpha>
      <UZL>181.75788547525639</UZL>
      <K0>0.29880177880154135</K0>
      <K1>0.087320973899889173</K1>
      <K2>0.11412165893058425</K2>
      <MAXBAS>1.0023920143424563</MAXBAS>
      <Cet>0</Cet>
      <PCALT>10</PCALT>
      <TCALT>0.6</TCALT>
      <Pelev>3165</Pelev>
      <Telev>3224</Telev>
      <PART>0.5</PART>
      <DELAY>1</DELAY>
    </SubCatchmentParameters>
    <SubCatchmentVegetationZone>
      <SubCatchmentVegetationZoneParameters>
        <TT>1.2899036655985119</TT>
        <CFMAX>3.4541376930589833</CFMAX>
        <SP>0</SP>
        <SFCF>0.72275617395649183</SFCF>
        <CFR>0.042391571137342959</CFR>
        <CWH>0.10000016285087082</CWH>
        <CFGlacier>1</CFGlacier>
        <CFSlope>1</CFSlope>
        <FC>360.22684879500866</FC>
        <LP>0.91136212284991991</LP>
        <BETA>3.8752698546800808</BETA>
      </SubCatchmentVegetationZoneParameters>
    </SubCatchmentVegetationZone>
  </SubCatchment>
</Catchment>