<?xml version="1.0" encoding="utf-8"?>
<Catchment xmlns:xsi="http://www.w3.org/2001/XMLSchema-instance" xmlns:xsd="http://www.w3.org/2001/XMLSchema">
  <CatchmentParameters>
    <KSI>0.001</KSI>
    <KGmin>0.05</KGmin>
    <RangeKG>0.1</RangeKG>
    <AG>0.1</AG>
    <PERC>6.8582410944705092</PERC>
    <Alpha>0</Alpha>
    <UZL>179.75694943063525</UZL>
    <K0>0.48052717944509393</K0>
    <K1>0.087567910048143752</K1>
    <K2>0.11306766455880166</K2>
    <MAXBAS>1.0050147824738567</MAXBAS>
    <Cet>0</Cet>
    <PCALT>10</PCALT>
    <TCALT>0.6</TCALT>
    <Pelev>3165</Pelev>
    <Telev>3224</Telev>
    <PART>0.5</PART>
    <DELAY>1</DELAY>
  </CatchmentParameters>
  <VegetationZone>
    <VegetationZoneParameters>
      <TT>1.00399412446245</TT>
      <CFMAX>3.3463606723542054</CFMAX>
      <SP>0</SP>
      <SFCF>0.76542164494465925</SFCF>
      <CFR>0.055219019219943578</CFR>
      <CWH>0.10000032583619777</CWH>
      <CFGlacier>1</CFGlacier>
      <CFSlope>1</CFSlope>
      <FC>384.41624642703482</FC>
      <LP>0.82763871438296421</LP>
      <BETA>3.6599861464116632</BETA>
    </VegetationZoneParameters>
  </VegetationZone>
  <SubCatchment>
    <SubCatchmentParameters>
      <KSI>0.001</KSI>
      <KGmin>0.05</KGmin>
      <RangeKG>0.1</RangeKG>
      <AG>0.1</AG>
      <PERC>6.8582410944705092</PERC>
      <Alpha>0</Alpha>
      <UZL>179.75694943063525</UZL>
      <K0>0.48052717944509393</K0>
      <K1>0.087567910048143752</K1>
      <K2>0.11306766455880166</K2>
      <MAXBAS>1.0050147824738567</MAXBAS>
      <Cet>0</Cet>
      <PCALT>10</PCALT>
      <TCALT>0.6</TCALT>
      <Pelev>3165</Pelev>
      <Telev>3224</Telev>
      <PART>0.5</PART>
      <DELAY>1</DELAY>
    </SubCatchmentParameters>
    <SubCatchmentVegetationZone>
      <SubCatchmentVegetationZoneParameters>
        <TT>1.00399412446245</TT>
        <CFMAX>3.3463606723542054</CFMAX>
        <SP>0</SP>
        <SFCF>0.76542164494465925</SFCF>
        <CFR>0.055219019219943578</CFR>
        <CWH>0.10000032583619777</CWH>
        <CFGlacier>1</CFGlacier>
        <CFSlope>1</CFSlope>
        <FC>384.41624642703482</FC>
        <LP>0.82763871438296421</LP>
        <BETA>3.6599861464116632</BETA>
      </SubCatchmentVegetationZoneParameters>
    </SubCatchmentVegetationZone>
  </SubCatchment>
</Catchment>