<?xml version="1.0" encoding="utf-8"?>
<Catchment xmlns:xsi="http://www.w3.org/2001/XMLSchema-instance" xmlns:xsd="http://www.w3.org/2001/XMLSchema">
  <CatchmentParameters>
    <KSI>0.001</KSI>
    <KGmin>0.05</KGmin>
    <RangeKG>0.1</RangeKG>
    <AG>0.1</AG>
    <PERC>5.6944954795699481</PERC>
    <Alpha>0</Alpha>
    <UZL>195.00584901370297</UZL>
    <K0>0.556734601663968</K0>
    <K1>0.0944204582388859</K1>
    <K2>0.12430225584841444</K2>
    <MAXBAS>1.0000341691114241</MAXBAS>
    <Cet>0</Cet>
    <PCALT>10</PCALT>
    <TCALT>0.6</TCALT>
    <Pelev>3165</Pelev>
    <Telev>3224</Telev>
    <PART>0.5</PART>
    <DELAY>1</DELAY>
  </CatchmentParameters>
  <VegetationZone>
    <VegetationZoneParameters>
      <TT>0.043999318272705611</TT>
      <CFMAX>2.3268289229120227</CFMAX>
      <SP>0</SP>
      <SFCF>0.73032253636517863</SFCF>
      <CFR>0.099999564037571417</CFR>
      <CWH>0.11872984664447324</CWH>
      <CFGlacier>1</CFGlacier>
      <CFSlope>1</CFSlope>
      <FC>383.80846605401319</FC>
      <LP>0.95236912121124073</LP>
      <BETA>5.207631101383706</BETA>
    </VegetationZoneParameters>
  </VegetationZone>
  <SubCatchment>
    <SubCatchmentParameters>
      <KSI>0.001</KSI>
      <KGmin>0.05</KGmin>
      <RangeKG>0.1</RangeKG>
      <AG>0.1</AG>
      <PERC>5.6944954795699481</PERC>
      <Alpha>0</Alpha>
      <UZL>195.00584901370297</UZL>
      <K0>0.556734601663968</K0>
      <K1>0.0944204582388859</K1>
      <K2>0.12430225584841444</K2>
      <MAXBAS>1.0000341691114241</MAXBAS>
      <Cet>0</Cet>
      <PCALT>10</PCALT>
      <TCALT>0.6</TCALT>
      <Pelev>3165</Pelev>
      <Telev>3224</Telev>
      <PART>0.5</PART>
      <DELAY>1</DELAY>
    </SubCatchmentParameters>
    <SubCatchmentVegetationZone>
      <SubCatchmentVegetationZoneParameters>
        <TT>0.043999318272705611</TT>
        <CFMAX>2.3268289229120227</CFMAX>
        <SP>0</SP>
        <SFCF>0.73032253636517863</SFCF>
        <CFR>0.099999564037571417</CFR>
        <CWH>0.11872984664447324</CWH>
        <CFGlacier>1</CFGlacier>
        <CFSlope>1</CFSlope>
        <FC>383.80846605401319</FC>
        <LP>0.95236912121124073</LP>
        <BETA>5.207631101383706</BETA>
      </SubCatchmentVegetationZoneParameters>
    </SubCatchmentVegetationZone>
  </SubCatchment>
</Catchment>