<?xml version="1.0" encoding="utf-8"?>
<Catchment xmlns:xsi="http://www.w3.org/2001/XMLSchema-instance" xmlns:xsd="http://www.w3.org/2001/XMLSchema">
  <CatchmentParameters>
    <KSI>0.001</KSI>
    <KGmin>0.05</KGmin>
    <RangeKG>0.1</RangeKG>
    <AG>0.1</AG>
    <PERC>9.3358391513086616</PERC>
    <Alpha>0</Alpha>
    <UZL>173.43756545445964</UZL>
    <K0>0.29353510179793607</K0>
    <K1>0.094560227241787226</K1>
    <K2>0.11088266790455986</K2>
    <MAXBAS>1.0000250448735375</MAXBAS>
    <Cet>0</Cet>
    <PCALT>10</PCALT>
    <TCALT>0.6</TCALT>
    <Pelev>3165</Pelev>
    <Telev>3224</Telev>
    <PART>0.5</PART>
    <DELAY>1</DELAY>
  </CatchmentParameters>
  <VegetationZone>
    <VegetationZoneParameters>
      <TT>1.6978115151299671</TT>
      <CFMAX>3.3487380111338991</CFMAX>
      <SP>0</SP>
      <SFCF>0.65124342706119709</SFCF>
      <CFR>0.03130485214234846</CFR>
      <CWH>0.1000003232174186</CWH>
      <CFGlacier>1</CFGlacier>
      <CFSlope>1</CFSlope>
      <FC>285.47356855184194</FC>
      <LP>0.99999727052423859</LP>
      <BETA>4.127928850562558</BETA>
    </VegetationZoneParameters>
  </VegetationZone>
  <SubCatchment>
    <SubCatchmentParameters>
      <KSI>0.001</KSI>
      <KGmin>0.05</KGmin>
      <RangeKG>0.1</RangeKG>
      <AG>0.1</AG>
      <PERC>9.3358391513086616</PERC>
      <Alpha>0</Alpha>
      <UZL>173.43756545445964</UZL>
      <K0>0.29353510179793607</K0>
      <K1>0.094560227241787226</K1>
      <K2>0.11088266790455986</K2>
      <MAXBAS>1.0000250448735375</MAXBAS>
      <Cet>0</Cet>
      <PCALT>10</PCALT>
      <TCALT>0.6</TCALT>
      <Pelev>3165</Pelev>
      <Telev>3224</Telev>
      <PART>0.5</PART>
      <DELAY>1</DELAY>
    </SubCatchmentParameters>
    <SubCatchmentVegetationZone>
      <SubCatchmentVegetationZoneParameters>
        <TT>1.6978115151299671</TT>
        <CFMAX>3.3487380111338991</CFMAX>
        <SP>0</SP>
        <SFCF>0.65124342706119709</SFCF>
        <CFR>0.03130485214234846</CFR>
        <CWH>0.1000003232174186</CWH>
        <CFGlacier>1</CFGlacier>
        <CFSlope>1</CFSlope>
        <FC>285.47356855184194</FC>
        <LP>0.99999727052423859</LP>
        <BETA>4.127928850562558</BETA>
      </SubCatchmentVegetationZoneParameters>
    </SubCatchmentVegetationZone>
  </SubCatchment>
</Catchment>