<?xml version="1.0" encoding="utf-8"?>
<Catchment xmlns:xsi="http://www.w3.org/2001/XMLSchema-instance" xmlns:xsd="http://www.w3.org/2001/XMLSchema">
  <CatchmentParameters>
    <KSI>0.001</KSI>
    <KGmin>0.05</KGmin>
    <RangeKG>0.1</RangeKG>
    <AG>0.1</AG>
    <PERC>0.26883991576478888</PERC>
    <Alpha>0</Alpha>
    <UZL>187.04389645531407</UZL>
    <K0>0.15214720005670351</K0>
    <K1>0.10689774786876097</K1>
    <K2>0.010000013455369248</K2>
    <MAXBAS>1</MAXBAS>
    <Cet>0</Cet>
    <PCALT>10</PCALT>
    <TCALT>0.6</TCALT>
    <Pelev>3165</Pelev>
    <Telev>3224</Telev>
    <PART>0.5</PART>
    <DELAY>1</DELAY>
  </CatchmentParameters>
  <VegetationZone>
    <VegetationZoneParameters>
      <TT>-1.3634513411829026</TT>
      <CFMAX>2.6795636509799072</CFMAX>
      <SP>0</SP>
      <SFCF>1.2091544887199563</SFCF>
      <CFR>0.0939958993458633</CFR>
      <CWH>0.10071946234067347</CWH>
      <CFGlacier>1</CFGlacier>
      <CFSlope>1</CFSlope>
      <FC>1528.6596086588486</FC>
      <LP>0.79592888160097619</LP>
      <BETA>4.2756875252828754</BETA>
    </VegetationZoneParameters>
  </VegetationZone>
  <SubCatchment>
    <SubCatchmentParameters>
      <KSI>0.001</KSI>
      <KGmin>0.05</KGmin>
      <RangeKG>0.1</RangeKG>
      <AG>0.1</AG>
      <PERC>0.26883991576478888</PERC>
      <Alpha>0</Alpha>
      <UZL>187.04389645531407</UZL>
      <K0>0.15214720005670351</K0>
      <K1>0.10689774786876097</K1>
      <K2>0.010000013455369248</K2>
      <MAXBAS>1</MAXBAS>
      <Cet>0</Cet>
      <PCALT>10</PCALT>
      <TCALT>0.6</TCALT>
      <Pelev>3165</Pelev>
      <Telev>3224</Telev>
      <PART>0.5</PART>
      <DELAY>1</DELAY>
    </SubCatchmentParameters>
    <SubCatchmentVegetationZone>
      <SubCatchmentVegetationZoneParameters>
        <TT>-1.3634513411829026</TT>
        <CFMAX>2.6795636509799072</CFMAX>
        <SP>0</SP>
        <SFCF>1.2091544887199563</SFCF>
        <CFR>0.0939958993458633</CFR>
        <CWH>0.10071946234067347</CWH>
        <CFGlacier>1</CFGlacier>
        <CFSlope>1</CFSlope>
        <FC>1528.6596086588486</FC>
        <LP>0.79592888160097619</LP>
        <BETA>4.2756875252828754</BETA>
      </SubCatchmentVegetationZoneParameters>
    </SubCatchmentVegetationZone>
  </SubCatchment>
</Catchment>