<?xml version="1.0" encoding="utf-8"?>
<Catchment xmlns:xsi="http://www.w3.org/2001/XMLSchema-instance" xmlns:xsd="http://www.w3.org/2001/XMLSchema">
  <CatchmentParameters>
    <KSI>0.001</KSI>
    <KGmin>0.05</KGmin>
    <RangeKG>0.1</RangeKG>
    <AG>0.1</AG>
    <PERC>6.3021392151097722</PERC>
    <Alpha>0</Alpha>
    <UZL>119.7793224307769</UZL>
    <K0>0.46672836081670083</K0>
    <K1>0.08267764741033333</K1>
    <K2>0.11393083882672499</K2>
    <MAXBAS>1.000141127737411</MAXBAS>
    <Cet>0</Cet>
    <PCALT>10</PCALT>
    <TCALT>0.6</TCALT>
    <Pelev>3165</Pelev>
    <Telev>3224</Telev>
    <PART>0.5</PART>
    <DELAY>1</DELAY>
  </CatchmentParameters>
  <VegetationZone>
    <VegetationZoneParameters>
      <TT>1.143998445985819</TT>
      <CFMAX>3.7207509216770251</CFMAX>
      <SP>0</SP>
      <SFCF>0.78876118693336983</SFCF>
      <CFR>0.047320499258629217</CFR>
      <CWH>0.10000031089990122</CWH>
      <CFGlacier>1</CFGlacier>
      <CFSlope>1</CFSlope>
      <FC>476.87306901613181</FC>
      <LP>0.96802378416741186</LP>
      <BETA>3.8505952527075071</BETA>
    </VegetationZoneParameters>
  </VegetationZone>
  <SubCatchment>
    <SubCatchmentParameters>
      <KSI>0.001</KSI>
      <KGmin>0.05</KGmin>
      <RangeKG>0.1</RangeKG>
      <AG>0.1</AG>
      <PERC>6.3021392151097722</PERC>
      <Alpha>0</Alpha>
      <UZL>119.7793224307769</UZL>
      <K0>0.46672836081670083</K0>
      <K1>0.08267764741033333</K1>
      <K2>0.11393083882672499</K2>
      <MAXBAS>1.000141127737411</MAXBAS>
      <Cet>0</Cet>
      <PCALT>10</PCALT>
      <TCALT>0.6</TCALT>
      <Pelev>3165</Pelev>
      <Telev>3224</Telev>
      <PART>0.5</PART>
      <DELAY>1</DELAY>
    </SubCatchmentParameters>
    <SubCatchmentVegetationZone>
      <SubCatchmentVegetationZoneParameters>
        <TT>1.143998445985819</TT>
        <CFMAX>3.7207509216770251</CFMAX>
        <SP>0</SP>
        <SFCF>0.78876118693336983</SFCF>
        <CFR>0.047320499258629217</CFR>
        <CWH>0.10000031089990122</CWH>
        <CFGlacier>1</CFGlacier>
        <CFSlope>1</CFSlope>
        <FC>476.87306901613181</FC>
        <LP>0.96802378416741186</LP>
        <BETA>3.8505952527075071</BETA>
      </SubCatchmentVegetationZoneParameters>
    </SubCatchmentVegetationZone>
  </SubCatchment>
</Catchment>