<?xml version="1.0" encoding="utf-8"?>
<Catchment xmlns:xsi="http://www.w3.org/2001/XMLSchema-instance" xmlns:xsd="http://www.w3.org/2001/XMLSchema">
  <CatchmentParameters>
    <KSI>0.001</KSI>
    <KGmin>0.05</KGmin>
    <RangeKG>0.1</RangeKG>
    <AG>0.1</AG>
    <PERC>9.99973529793604</PERC>
    <Alpha>0</Alpha>
    <UZL>103.69475611387243</UZL>
    <K0>0.40393794142836148</K0>
    <K1>0.10089130918285788</K1>
    <K2>0.092671756490352086</K2>
    <MAXBAS>1.0000047599807116</MAXBAS>
    <Cet>0</Cet>
    <PCALT>10</PCALT>
    <TCALT>0.6</TCALT>
    <Pelev>3165</Pelev>
    <Telev>3224</Telev>
    <PART>0.5</PART>
    <DELAY>1</DELAY>
  </CatchmentParameters>
  <VegetationZone>
    <VegetationZoneParameters>
      <TT>0.50579875108406214</TT>
      <CFMAX>2.8872163343623702</CFMAX>
      <SP>0</SP>
      <SFCF>0.75418913346054317</SFCF>
      <CFR>0.081760686189713827</CFR>
      <CWH>0.10000000002567994</CWH>
      <CFGlacier>1</CFGlacier>
      <CFSlope>1</CFSlope>
      <FC>399.90492166917909</FC>
      <LP>0.97530216498662692</LP>
      <BETA>4.5772343776516156</BETA>
    </VegetationZoneParameters>
  </VegetationZone>
  <SubCatchment>
    <SubCatchmentParameters>
      <KSI>0.001</KSI>
      <KGmin>0.05</KGmin>
      <RangeKG>0.1</RangeKG>
      <AG>0.1</AG>
      <PERC>9.99973529793604</PERC>
      <Alpha>0</Alpha>
      <UZL>103.69475611387243</UZL>
      <K0>0.40393794142836148</K0>
      <K1>0.10089130918285788</K1>
      <K2>0.092671756490352086</K2>
      <MAXBAS>1.0000047599807116</MAXBAS>
      <Cet>0</Cet>
      <PCALT>10</PCALT>
      <TCALT>0.6</TCALT>
      <Pelev>3165</Pelev>
      <Telev>3224</Telev>
      <PART>0.5</PART>
      <DELAY>1</DELAY>
    </SubCatchmentParameters>
    <SubCatchmentVegetationZone>
      <SubCatchmentVegetationZoneParameters>
        <TT>0.50579875108406214</TT>
        <CFMAX>2.8872163343623702</CFMAX>
        <SP>0</SP>
        <SFCF>0.75418913346054317</SFCF>
        <CFR>0.081760686189713827</CFR>
        <CWH>0.10000000002567994</CWH>
        <CFGlacier>1</CFGlacier>
        <CFSlope>1</CFSlope>
        <FC>399.90492166917909</FC>
        <LP>0.97530216498662692</LP>
        <BETA>4.5772343776516156</BETA>
      </SubCatchmentVegetationZoneParameters>
    </SubCatchmentVegetationZone>
  </SubCatchment>
</Catchment>