<?xml version="1.0" encoding="utf-8"?>
<Catchment xmlns:xsi="http://www.w3.org/2001/XMLSchema-instance" xmlns:xsd="http://www.w3.org/2001/XMLSchema">
  <CatchmentParameters>
    <KSI>0.001</KSI>
    <KGmin>0.05</KGmin>
    <RangeKG>0.1</RangeKG>
    <AG>0.1</AG>
    <PERC>9.99933286036471</PERC>
    <Alpha>0</Alpha>
    <UZL>121.48747585679308</UZL>
    <K0>0.27131381154358863</K0>
    <K1>0.11180451560269307</K1>
    <K2>0.092347441026053231</K2>
    <MAXBAS>1.0049489389304709</MAXBAS>
    <Cet>0</Cet>
    <PCALT>10</PCALT>
    <TCALT>0.6</TCALT>
    <Pelev>3165</Pelev>
    <Telev>3224</Telev>
    <PART>0.5</PART>
    <DELAY>1</DELAY>
  </CatchmentParameters>
  <VegetationZone>
    <VegetationZoneParameters>
      <TT>-0.39600038272681531</TT>
      <CFMAX>2.4852151442652728</CFMAX>
      <SP>0</SP>
      <SFCF>0.87671351052817059</SFCF>
      <CFR>0.099999613101800611</CFR>
      <CWH>0.10000146428872415</CWH>
      <CFGlacier>1</CFGlacier>
      <CFSlope>1</CFSlope>
      <FC>569.85143476174289</FC>
      <LP>0.88474446843210364</LP>
      <BETA>5.4723711599237621</BETA>
    </VegetationZoneParameters>
  </VegetationZone>
  <SubCatchment>
    <SubCatchmentParameters>
      <KSI>0.001</KSI>
      <KGmin>0.05</KGmin>
      <RangeKG>0.1</RangeKG>
      <AG>0.1</AG>
      <PERC>9.99933286036471</PERC>
      <Alpha>0</Alpha>
      <UZL>121.48747585679308</UZL>
      <K0>0.27131381154358863</K0>
      <K1>0.11180451560269307</K1>
      <K2>0.092347441026053231</K2>
      <MAXBAS>1.0049489389304709</MAXBAS>
      <Cet>0</Cet>
      <PCALT>10</PCALT>
      <TCALT>0.6</TCALT>
      <Pelev>3165</Pelev>
      <Telev>3224</Telev>
      <PART>0.5</PART>
      <DELAY>1</DELAY>
    </SubCatchmentParameters>
    <SubCatchmentVegetationZone>
      <SubCatchmentVegetationZoneParameters>
        <TT>-0.39600038272681531</TT>
        <CFMAX>2.4852151442652728</CFMAX>
        <SP>0</SP>
        <SFCF>0.87671351052817059</SFCF>
        <CFR>0.099999613101800611</CFR>
        <CWH>0.10000146428872415</CWH>
        <CFGlacier>1</CFGlacier>
        <CFSlope>1</CFSlope>
        <FC>569.85143476174289</FC>
        <LP>0.88474446843210364</LP>
        <BETA>5.4723711599237621</BETA>
      </SubCatchmentVegetationZoneParameters>
    </SubCatchmentVegetationZone>
  </SubCatchment>
</Catchment>