<?xml version="1.0" encoding="utf-8"?>
<Catchment xmlns:xsi="http://www.w3.org/2001/XMLSchema-instance" xmlns:xsd="http://www.w3.org/2001/XMLSchema">
  <CatchmentParameters>
    <KSI>0.001</KSI>
    <KGmin>0.05</KGmin>
    <RangeKG>0.1</RangeKG>
    <AG>0.1</AG>
    <PERC>9.99999208625261</PERC>
    <Alpha>0</Alpha>
    <UZL>100.56926973218445</UZL>
    <K0>0.2725837031459869</K0>
    <K1>0.75829950517530231</K1>
    <K2>0.1121591796580995</K2>
    <MAXBAS>1.4778999004837912</MAXBAS>
    <Cet>0</Cet>
    <PCALT>10</PCALT>
    <TCALT>0.6</TCALT>
    <Pelev>3165</Pelev>
    <Telev>3224</Telev>
    <PART>0.5</PART>
    <DELAY>1</DELAY>
  </CatchmentParameters>
  <VegetationZone>
    <VegetationZoneParameters>
      <TT>-1.9595626811689197</TT>
      <CFMAX>1.4392171257621504</CFMAX>
      <SP>0</SP>
      <SFCF>0.94717692573218415</SFCF>
      <CFR>0.074787165859039328</CFR>
      <CWH>0.1000002576489907</CWH>
      <CFGlacier>1</CFGlacier>
      <CFSlope>1</CFSlope>
      <FC>593.263425085365</FC>
      <LP>0.76758277275572862</LP>
      <BETA>5.9999868270829557</BETA>
    </VegetationZoneParameters>
  </VegetationZone>
  <SubCatchment>
    <SubCatchmentParameters>
      <KSI>0.001</KSI>
      <KGmin>0.05</KGmin>
      <RangeKG>0.1</RangeKG>
      <AG>0.1</AG>
      <PERC>9.99999208625261</PERC>
      <Alpha>0</Alpha>
      <UZL>100.56926973218445</UZL>
      <K0>0.2725837031459869</K0>
      <K1>0.75829950517530231</K1>
      <K2>0.1121591796580995</K2>
      <MAXBAS>1.4778999004837912</MAXBAS>
      <Cet>0</Cet>
      <PCALT>10</PCALT>
      <TCALT>0.6</TCALT>
      <Pelev>3165</Pelev>
      <Telev>3224</Telev>
      <PART>0.5</PART>
      <DELAY>1</DELAY>
    </SubCatchmentParameters>
    <SubCatchmentVegetationZone>
      <SubCatchmentVegetationZoneParameters>
        <TT>-1.9595626811689197</TT>
        <CFMAX>1.4392171257621504</CFMAX>
        <SP>0</SP>
        <SFCF>0.94717692573218415</SFCF>
        <CFR>0.074787165859039328</CFR>
        <CWH>0.1000002576489907</CWH>
        <CFGlacier>1</CFGlacier>
        <CFSlope>1</CFSlope>
        <FC>593.263425085365</FC>
        <LP>0.76758277275572862</LP>
        <BETA>5.9999868270829557</BETA>
      </SubCatchmentVegetationZoneParameters>
    </SubCatchmentVegetationZone>
  </SubCatchment>
</Catchment>