<?xml version="1.0" encoding="utf-8"?>
<Catchment xmlns:xsi="http://www.w3.org/2001/XMLSchema-instance" xmlns:xsd="http://www.w3.org/2001/XMLSchema">
  <CatchmentParameters>
    <KSI>0.001</KSI>
    <KGmin>0.05</KGmin>
    <RangeKG>0.1</RangeKG>
    <AG>0.1</AG>
    <PERC>9.9998043845075042</PERC>
    <Alpha>0</Alpha>
    <UZL>110.47660451650471</UZL>
    <K0>0.24198343900406882</K0>
    <K1>0.12120870773078932</K1>
    <K2>0.097870172237649919</K2>
    <MAXBAS>1.0001504827613388</MAXBAS>
    <Cet>0</Cet>
    <PCALT>10</PCALT>
    <TCALT>0.6</TCALT>
    <Pelev>3165</Pelev>
    <Telev>3224</Telev>
    <PART>0.5</PART>
    <DELAY>1</DELAY>
  </CatchmentParameters>
  <VegetationZone>
    <VegetationZoneParameters>
      <TT>0.50400050723416023</TT>
      <CFMAX>2.3832259300858558</CFMAX>
      <SP>0</SP>
      <SFCF>0.66024712729792334</SFCF>
      <CFR>0.085969137470890036</CFR>
      <CWH>0.14425420719429558</CWH>
      <CFGlacier>1</CFGlacier>
      <CFSlope>1</CFSlope>
      <FC>244.44587422733824</FC>
      <LP>0.74728404089768874</LP>
      <BETA>5.0146441285950809</BETA>
    </VegetationZoneParameters>
  </VegetationZone>
  <SubCatchment>
    <SubCatchmentParameters>
      <KSI>0.001</KSI>
      <KGmin>0.05</KGmin>
      <RangeKG>0.1</RangeKG>
      <AG>0.1</AG>
      <PERC>9.9998043845075042</PERC>
      <Alpha>0</Alpha>
      <UZL>110.47660451650471</UZL>
      <K0>0.24198343900406882</K0>
      <K1>0.12120870773078932</K1>
      <K2>0.097870172237649919</K2>
      <MAXBAS>1.0001504827613388</MAXBAS>
      <Cet>0</Cet>
      <PCALT>10</PCALT>
      <TCALT>0.6</TCALT>
      <Pelev>3165</Pelev>
      <Telev>3224</Telev>
      <PART>0.5</PART>
      <DELAY>1</DELAY>
    </SubCatchmentParameters>
    <SubCatchmentVegetationZone>
      <SubCatchmentVegetationZoneParameters>
        <TT>0.50400050723416023</TT>
        <CFMAX>2.3832259300858558</CFMAX>
        <SP>0</SP>
        <SFCF>0.66024712729792334</SFCF>
        <CFR>0.085969137470890036</CFR>
        <CWH>0.14425420719429558</CWH>
        <CFGlacier>1</CFGlacier>
        <CFSlope>1</CFSlope>
        <FC>244.44587422733824</FC>
        <LP>0.74728404089768874</LP>
        <BETA>5.0146441285950809</BETA>
      </SubCatchmentVegetationZoneParameters>
    </SubCatchmentVegetationZone>
  </SubCatchment>
</Catchment>