<?xml version="1.0" encoding="utf-8"?>
<Catchment xmlns:xsi="http://www.w3.org/2001/XMLSchema-instance" xmlns:xsd="http://www.w3.org/2001/XMLSchema">
  <CatchmentParameters>
    <KSI>0.001</KSI>
    <KGmin>0.05</KGmin>
    <RangeKG>0.1</RangeKG>
    <AG>0.1</AG>
    <PERC>5.8672614659325957</PERC>
    <Alpha>0</Alpha>
    <UZL>173.10437854629862</UZL>
    <K0>0.22549610447644541</K0>
    <K1>0.0829706744181458</K1>
    <K2>0.12006476149249828</K2>
    <MAXBAS>1.0101024590692727</MAXBAS>
    <Cet>0</Cet>
    <PCALT>10</PCALT>
    <TCALT>0.6</TCALT>
    <Pelev>3165</Pelev>
    <Telev>3224</Telev>
    <PART>0.5</PART>
    <DELAY>1</DELAY>
  </CatchmentParameters>
  <VegetationZone>
    <VegetationZoneParameters>
      <TT>0.70403221063984778</TT>
      <CFMAX>3.3552850532692395</CFMAX>
      <SP>0</SP>
      <SFCF>0.8093867692994795</SFCF>
      <CFR>0.068950896046130208</CFR>
      <CWH>0.10000768257578346</CWH>
      <CFGlacier>1</CFGlacier>
      <CFSlope>1</CFSlope>
      <FC>487.88366242855693</FC>
      <LP>0.915795564787173</LP>
      <BETA>4.037827427350388</BETA>
    </VegetationZoneParameters>
  </VegetationZone>
  <SubCatchment>
    <SubCatchmentParameters>
      <KSI>0.001</KSI>
      <KGmin>0.05</KGmin>
      <RangeKG>0.1</RangeKG>
      <AG>0.1</AG>
      <PERC>5.8672614659325957</PERC>
      <Alpha>0</Alpha>
      <UZL>173.10437854629862</UZL>
      <K0>0.22549610447644541</K0>
      <K1>0.0829706744181458</K1>
      <K2>0.12006476149249828</K2>
      <MAXBAS>1.0101024590692727</MAXBAS>
      <Cet>0</Cet>
      <PCALT>10</PCALT>
      <TCALT>0.6</TCALT>
      <Pelev>3165</Pelev>
      <Telev>3224</Telev>
      <PART>0.5</PART>
      <DELAY>1</DELAY>
    </SubCatchmentParameters>
    <SubCatchmentVegetationZone>
      <SubCatchmentVegetationZoneParameters>
        <TT>0.70403221063984778</TT>
        <CFMAX>3.3552850532692395</CFMAX>
        <SP>0</SP>
        <SFCF>0.8093867692994795</SFCF>
        <CFR>0.068950896046130208</CFR>
        <CWH>0.10000768257578346</CWH>
        <CFGlacier>1</CFGlacier>
        <CFSlope>1</CFSlope>
        <FC>487.88366242855693</FC>
        <LP>0.915795564787173</LP>
        <BETA>4.037827427350388</BETA>
      </SubCatchmentVegetationZoneParameters>
    </SubCatchmentVegetationZone>
  </SubCatchment>
</Catchment>