<?xml version="1.0" encoding="utf-8"?>
<Catchment xmlns:xsi="http://www.w3.org/2001/XMLSchema-instance" xmlns:xsd="http://www.w3.org/2001/XMLSchema">
  <CatchmentParameters>
    <KSI>0.001</KSI>
    <KGmin>0.05</KGmin>
    <RangeKG>0.1</RangeKG>
    <AG>0.1</AG>
    <PERC>6.4851283957658437</PERC>
    <Alpha>0</Alpha>
    <UZL>148.35003424214403</UZL>
    <K0>0.34806741398467728</K0>
    <K1>0.096980783973581688</K1>
    <K2>0.11716175849305822</K2>
    <MAXBAS>1.0000129977855712</MAXBAS>
    <Cet>0</Cet>
    <PCALT>10</PCALT>
    <TCALT>0.6</TCALT>
    <Pelev>3165</Pelev>
    <Telev>3224</Telev>
    <PART>0.5</PART>
    <DELAY>1</DELAY>
  </CatchmentParameters>
  <VegetationZone>
    <VegetationZoneParameters>
      <TT>1.0035347341915082</TT>
      <CFMAX>2.7810394523142481</CFMAX>
      <SP>0</SP>
      <SFCF>0.66765137610394754</SFCF>
      <CFR>0.058070522637788849</CFR>
      <CWH>0.12114984591871414</CWH>
      <CFGlacier>1</CFGlacier>
      <CFSlope>1</CFSlope>
      <FC>305.88153420789268</FC>
      <LP>0.999971637103919</LP>
      <BETA>4.5107818849855734</BETA>
    </VegetationZoneParameters>
  </VegetationZone>
  <SubCatchment>
    <SubCatchmentParameters>
      <KSI>0.001</KSI>
      <KGmin>0.05</KGmin>
      <RangeKG>0.1</RangeKG>
      <AG>0.1</AG>
      <PERC>6.4851283957658437</PERC>
      <Alpha>0</Alpha>
      <UZL>148.35003424214403</UZL>
      <K0>0.34806741398467728</K0>
      <K1>0.096980783973581688</K1>
      <K2>0.11716175849305822</K2>
      <MAXBAS>1.0000129977855712</MAXBAS>
      <Cet>0</Cet>
      <PCALT>10</PCALT>
      <TCALT>0.6</TCALT>
      <Pelev>3165</Pelev>
      <Telev>3224</Telev>
      <PART>0.5</PART>
      <DELAY>1</DELAY>
    </SubCatchmentParameters>
    <SubCatchmentVegetationZone>
      <SubCatchmentVegetationZoneParameters>
        <TT>1.0035347341915082</TT>
        <CFMAX>2.7810394523142481</CFMAX>
        <SP>0</SP>
        <SFCF>0.66765137610394754</SFCF>
        <CFR>0.058070522637788849</CFR>
        <CWH>0.12114984591871414</CWH>
        <CFGlacier>1</CFGlacier>
        <CFSlope>1</CFSlope>
        <FC>305.88153420789268</FC>
        <LP>0.999971637103919</LP>
        <BETA>4.5107818849855734</BETA>
      </SubCatchmentVegetationZoneParameters>
    </SubCatchmentVegetationZone>
  </SubCatchment>
</Catchment>