<?xml version="1.0" encoding="utf-8"?>
<Catchment xmlns:xsi="http://www.w3.org/2001/XMLSchema-instance" xmlns:xsd="http://www.w3.org/2001/XMLSchema">
  <CatchmentParameters>
    <KSI>0.001</KSI>
    <KGmin>0.05</KGmin>
    <RangeKG>0.1</RangeKG>
    <AG>0.1</AG>
    <PERC>6.7109168025389234</PERC>
    <Alpha>0</Alpha>
    <UZL>150.57181015562716</UZL>
    <K0>0.54249573527638451</K0>
    <K1>0.086940185104334974</K1>
    <K2>0.12732110373788147</K2>
    <MAXBAS>1.0000641641500119</MAXBAS>
    <Cet>0</Cet>
    <PCALT>10</PCALT>
    <TCALT>0.6</TCALT>
    <Pelev>3165</Pelev>
    <Telev>3224</Telev>
    <PART>0.5</PART>
    <DELAY>1</DELAY>
  </CatchmentParameters>
  <VegetationZone>
    <VegetationZoneParameters>
      <TT>1.205540399784895</TT>
      <CFMAX>3.5544965267870547</CFMAX>
      <SP>0</SP>
      <SFCF>0.76343794687844835</SFCF>
      <CFR>0.045427852307240536</CFR>
      <CWH>0.1001448225152818</CWH>
      <CFGlacier>1</CFGlacier>
      <CFSlope>1</CFSlope>
      <FC>409.33952235979183</FC>
      <LP>0.84070432303910514</LP>
      <BETA>3.6690996469585109</BETA>
    </VegetationZoneParameters>
  </VegetationZone>
  <SubCatchment>
    <SubCatchmentParameters>
      <KSI>0.001</KSI>
      <KGmin>0.05</KGmin>
      <RangeKG>0.1</RangeKG>
      <AG>0.1</AG>
      <PERC>6.7109168025389234</PERC>
      <Alpha>0</Alpha>
      <UZL>150.57181015562716</UZL>
      <K0>0.54249573527638451</K0>
      <K1>0.086940185104334974</K1>
      <K2>0.12732110373788147</K2>
      <MAXBAS>1.0000641641500119</MAXBAS>
      <Cet>0</Cet>
      <PCALT>10</PCALT>
      <TCALT>0.6</TCALT>
      <Pelev>3165</Pelev>
      <Telev>3224</Telev>
      <PART>0.5</PART>
      <DELAY>1</DELAY>
    </SubCatchmentParameters>
    <SubCatchmentVegetationZone>
      <SubCatchmentVegetationZoneParameters>
        <TT>1.205540399784895</TT>
        <CFMAX>3.5544965267870547</CFMAX>
        <SP>0</SP>
        <SFCF>0.76343794687844835</SFCF>
        <CFR>0.045427852307240536</CFR>
        <CWH>0.1001448225152818</CWH>
        <CFGlacier>1</CFGlacier>
        <CFSlope>1</CFSlope>
        <FC>409.33952235979183</FC>
        <LP>0.84070432303910514</LP>
        <BETA>3.6690996469585109</BETA>
      </SubCatchmentVegetationZoneParameters>
    </SubCatchmentVegetationZone>
  </SubCatchment>
</Catchment>