<?xml version="1.0" encoding="utf-8"?>
<Catchment xmlns:xsi="http://www.w3.org/2001/XMLSchema-instance" xmlns:xsd="http://www.w3.org/2001/XMLSchema">
  <CatchmentParameters>
    <KSI>0.001</KSI>
    <KGmin>0.05</KGmin>
    <RangeKG>0.1</RangeKG>
    <AG>0.1</AG>
    <PERC>9.99997335736925</PERC>
    <Alpha>0</Alpha>
    <UZL>71.422008139309824</UZL>
    <K0>0.52884589468068077</K0>
    <K1>0.14918433083513663</K1>
    <K2>0.099675978499648543</K2>
    <MAXBAS>1.0000216206307873</MAXBAS>
    <Cet>0</Cet>
    <PCALT>10</PCALT>
    <TCALT>0.6</TCALT>
    <Pelev>3165</Pelev>
    <Telev>3224</Telev>
    <PART>0.5</PART>
    <DELAY>1</DELAY>
  </CatchmentParameters>
  <VegetationZone>
    <VegetationZoneParameters>
      <TT>-0.75600173027162043</TT>
      <CFMAX>1.939707221195373</CFMAX>
      <SP>0</SP>
      <SFCF>0.80713582905700887</SFCF>
      <CFR>0.099999755242055816</CFR>
      <CWH>0.14623245329735951</CWH>
      <CFGlacier>1</CFGlacier>
      <CFSlope>1</CFSlope>
      <FC>475.4141640846226</FC>
      <LP>0.89512960434228284</LP>
      <BETA>5.9995433913682046</BETA>
    </VegetationZoneParameters>
  </VegetationZone>
  <SubCatchment>
    <SubCatchmentParameters>
      <KSI>0.001</KSI>
      <KGmin>0.05</KGmin>
      <RangeKG>0.1</RangeKG>
      <AG>0.1</AG>
      <PERC>9.99997335736925</PERC>
      <Alpha>0</Alpha>
      <UZL>71.422008139309824</UZL>
      <K0>0.52884589468068077</K0>
      <K1>0.14918433083513663</K1>
      <K2>0.099675978499648543</K2>
      <MAXBAS>1.0000216206307873</MAXBAS>
      <Cet>0</Cet>
      <PCALT>10</PCALT>
      <TCALT>0.6</TCALT>
      <Pelev>3165</Pelev>
      <Telev>3224</Telev>
      <PART>0.5</PART>
      <DELAY>1</DELAY>
    </SubCatchmentParameters>
    <SubCatchmentVegetationZone>
      <SubCatchmentVegetationZoneParameters>
        <TT>-0.75600173027162043</TT>
        <CFMAX>1.939707221195373</CFMAX>
        <SP>0</SP>
        <SFCF>0.80713582905700887</SFCF>
        <CFR>0.099999755242055816</CFR>
        <CWH>0.14623245329735951</CWH>
        <CFGlacier>1</CFGlacier>
        <CFSlope>1</CFSlope>
        <FC>475.4141640846226</FC>
        <LP>0.89512960434228284</LP>
        <BETA>5.9995433913682046</BETA>
      </SubCatchmentVegetationZoneParameters>
    </SubCatchmentVegetationZone>
  </SubCatchment>
</Catchment>