<?xml version="1.0" encoding="utf-8"?>
<Catchment xmlns:xsi="http://www.w3.org/2001/XMLSchema-instance" xmlns:xsd="http://www.w3.org/2001/XMLSchema">
  <CatchmentParameters>
    <KSI>0.001</KSI>
    <KGmin>0.05</KGmin>
    <RangeKG>0.1</RangeKG>
    <AG>0.1</AG>
    <PERC>0.26304236931899561</PERC>
    <Alpha>0</Alpha>
    <UZL>197.83453857301319</UZL>
    <K0>0.69511906129830914</K0>
    <K1>0.11499230992984684</K1>
    <K2>0.010000025107705384</K2>
    <MAXBAS>1</MAXBAS>
    <Cet>0</Cet>
    <PCALT>10</PCALT>
    <TCALT>0.6</TCALT>
    <Pelev>3165</Pelev>
    <Telev>3224</Telev>
    <PART>0.5</PART>
    <DELAY>1</DELAY>
  </CatchmentParameters>
  <VegetationZone>
    <VegetationZoneParameters>
      <TT>-0.79600407302195364</TT>
      <CFMAX>2.7758613557320606</CFMAX>
      <SP>0</SP>
      <SFCF>1.1610496757562614</SFCF>
      <CFR>0.002537924015896283</CFR>
      <CWH>0.19227704705463941</CWH>
      <CFGlacier>1</CFGlacier>
      <CFSlope>1</CFSlope>
      <FC>1334.1766199235212</FC>
      <LP>0.714759253179891</LP>
      <BETA>2.8686169989115053</BETA>
    </VegetationZoneParameters>
  </VegetationZone>
  <SubCatchment>
    <SubCatchmentParameters>
      <KSI>0.001</KSI>
      <KGmin>0.05</KGmin>
      <RangeKG>0.1</RangeKG>
      <AG>0.1</AG>
      <PERC>0.26304236931899561</PERC>
      <Alpha>0</Alpha>
      <UZL>197.83453857301319</UZL>
      <K0>0.69511906129830914</K0>
      <K1>0.11499230992984684</K1>
      <K2>0.010000025107705384</K2>
      <MAXBAS>1</MAXBAS>
      <Cet>0</Cet>
      <PCALT>10</PCALT>
      <TCALT>0.6</TCALT>
      <Pelev>3165</Pelev>
      <Telev>3224</Telev>
      <PART>0.5</PART>
      <DELAY>1</DELAY>
    </SubCatchmentParameters>
    <SubCatchmentVegetationZone>
      <SubCatchmentVegetationZoneParameters>
        <TT>-0.79600407302195364</TT>
        <CFMAX>2.7758613557320606</CFMAX>
        <SP>0</SP>
        <SFCF>1.1610496757562614</SFCF>
        <CFR>0.002537924015896283</CFR>
        <CWH>0.19227704705463941</CWH>
        <CFGlacier>1</CFGlacier>
        <CFSlope>1</CFSlope>
        <FC>1334.1766199235212</FC>
        <LP>0.714759253179891</LP>
        <BETA>2.8686169989115053</BETA>
      </SubCatchmentVegetationZoneParameters>
    </SubCatchmentVegetationZone>
  </SubCatchment>
</Catchment>