<?xml version="1.0" encoding="utf-8"?>
<Catchment xmlns:xsi="http://www.w3.org/2001/XMLSchema-instance" xmlns:xsd="http://www.w3.org/2001/XMLSchema">
  <CatchmentParameters>
    <KSI>0.001</KSI>
    <KGmin>0.05</KGmin>
    <RangeKG>0.1</RangeKG>
    <AG>0.1</AG>
    <PERC>1.4878536966881213</PERC>
    <Alpha>0</Alpha>
    <UZL>151.10865784608757</UZL>
    <K0>0.44518845142049551</K0>
    <K1>0.10458977167093621</K1>
    <K2>0.04948724641048078</K2>
    <MAXBAS>1.0000921455278007</MAXBAS>
    <Cet>0</Cet>
    <PCALT>10</PCALT>
    <TCALT>0.6</TCALT>
    <Pelev>3165</Pelev>
    <Telev>3224</Telev>
    <PART>0.5</PART>
    <DELAY>1</DELAY>
  </CatchmentParameters>
  <VegetationZone>
    <VegetationZoneParameters>
      <TT>0.20396521746682383</TT>
      <CFMAX>2.3475095570706173</CFMAX>
      <SP>0</SP>
      <SFCF>0.70552757156633572</SFCF>
      <CFR>0.099999982961077816</CFR>
      <CWH>0.13208154725750668</CWH>
      <CFGlacier>1</CFGlacier>
      <CFSlope>1</CFSlope>
      <FC>300.25574313597809</FC>
      <LP>0.8820247550988205</LP>
      <BETA>4.536755490289516</BETA>
    </VegetationZoneParameters>
  </VegetationZone>
  <SubCatchment>
    <SubCatchmentParameters>
      <KSI>0.001</KSI>
      <KGmin>0.05</KGmin>
      <RangeKG>0.1</RangeKG>
      <AG>0.1</AG>
      <PERC>1.4878536966881213</PERC>
      <Alpha>0</Alpha>
      <UZL>151.10865784608757</UZL>
      <K0>0.44518845142049551</K0>
      <K1>0.10458977167093621</K1>
      <K2>0.04948724641048078</K2>
      <MAXBAS>1.0000921455278007</MAXBAS>
      <Cet>0</Cet>
      <PCALT>10</PCALT>
      <TCALT>0.6</TCALT>
      <Pelev>3165</Pelev>
      <Telev>3224</Telev>
      <PART>0.5</PART>
      <DELAY>1</DELAY>
    </SubCatchmentParameters>
    <SubCatchmentVegetationZone>
      <SubCatchmentVegetationZoneParameters>
        <TT>0.20396521746682383</TT>
        <CFMAX>2.3475095570706173</CFMAX>
        <SP>0</SP>
        <SFCF>0.70552757156633572</SFCF>
        <CFR>0.099999982961077816</CFR>
        <CWH>0.13208154725750668</CWH>
        <CFGlacier>1</CFGlacier>
        <CFSlope>1</CFSlope>
        <FC>300.25574313597809</FC>
        <LP>0.8820247550988205</LP>
        <BETA>4.536755490289516</BETA>
      </SubCatchmentVegetationZoneParameters>
    </SubCatchmentVegetationZone>
  </SubCatchment>
</Catchment>