<?xml version="1.0" encoding="utf-8"?>
<Catchment xmlns:xsi="http://www.w3.org/2001/XMLSchema-instance" xmlns:xsd="http://www.w3.org/2001/XMLSchema">
  <CatchmentParameters>
    <KSI>0.001</KSI>
    <KGmin>0.05</KGmin>
    <RangeKG>0.1</RangeKG>
    <AG>0.1</AG>
    <PERC>0.25244475615375223</PERC>
    <Alpha>0</Alpha>
    <UZL>133.15219620300411</UZL>
    <K0>0.28238735169231849</K0>
    <K1>0.11355036523216899</K1>
    <K2>0.01000003470176219</K2>
    <MAXBAS>1</MAXBAS>
    <Cet>0</Cet>
    <PCALT>10</PCALT>
    <TCALT>0.6</TCALT>
    <Pelev>3165</Pelev>
    <Telev>3224</Telev>
    <PART>0.5</PART>
    <DELAY>1</DELAY>
  </CatchmentParameters>
  <VegetationZone>
    <VegetationZoneParameters>
      <TT>-1.7960016426269498</TT>
      <CFMAX>1.8969815019835357</CFMAX>
      <SP>0</SP>
      <SFCF>1.0625689095152651</SFCF>
      <CFR>0.099995997053283256</CFR>
      <CWH>0.19999943111972174</CWH>
      <CFGlacier>1</CFGlacier>
      <CFSlope>1</CFSlope>
      <FC>920.86651157827191</FC>
      <LP>0.71006090760734386</LP>
      <BETA>2.4212748127600836</BETA>
    </VegetationZoneParameters>
  </VegetationZone>
  <SubCatchment>
    <SubCatchmentParameters>
      <KSI>0.001</KSI>
      <KGmin>0.05</KGmin>
      <RangeKG>0.1</RangeKG>
      <AG>0.1</AG>
      <PERC>0.25244475615375223</PERC>
      <Alpha>0</Alpha>
      <UZL>133.15219620300411</UZL>
      <K0>0.28238735169231849</K0>
      <K1>0.11355036523216899</K1>
      <K2>0.01000003470176219</K2>
      <MAXBAS>1</MAXBAS>
      <Cet>0</Cet>
      <PCALT>10</PCALT>
      <TCALT>0.6</TCALT>
      <Pelev>3165</Pelev>
      <Telev>3224</Telev>
      <PART>0.5</PART>
      <DELAY>1</DELAY>
    </SubCatchmentParameters>
    <SubCatchmentVegetationZone>
      <SubCatchmentVegetationZoneParameters>
        <TT>-1.7960016426269498</TT>
        <CFMAX>1.8969815019835357</CFMAX>
        <SP>0</SP>
        <SFCF>1.0625689095152651</SFCF>
        <CFR>0.099995997053283256</CFR>
        <CWH>0.19999943111972174</CWH>
        <CFGlacier>1</CFGlacier>
        <CFSlope>1</CFSlope>
        <FC>920.86651157827191</FC>
        <LP>0.71006090760734386</LP>
        <BETA>2.4212748127600836</BETA>
      </SubCatchmentVegetationZoneParameters>
    </SubCatchmentVegetationZone>
  </SubCatchment>
</Catchment>