<?xml version="1.0" encoding="utf-8"?>
<Catchment xmlns:xsi="http://www.w3.org/2001/XMLSchema-instance" xmlns:xsd="http://www.w3.org/2001/XMLSchema">
  <CatchmentParameters>
    <KSI>0.001</KSI>
    <KGmin>0.05</KGmin>
    <RangeKG>0.1</RangeKG>
    <AG>0.1</AG>
    <PERC>0.36566222628156003</PERC>
    <Alpha>0</Alpha>
    <UZL>133.69058562063816</UZL>
    <K0>0.60159106864063194</K0>
    <K1>0.11355254178911896</K1>
    <K2>0.010000002940980973</K2>
    <MAXBAS>1</MAXBAS>
    <Cet>0</Cet>
    <PCALT>10</PCALT>
    <TCALT>0.6</TCALT>
    <Pelev>3165</Pelev>
    <Telev>3224</Telev>
    <PART>0.5</PART>
    <DELAY>1</DELAY>
  </CatchmentParameters>
  <VegetationZone>
    <VegetationZoneParameters>
      <TT>-0.63600308707288056</TT>
      <CFMAX>2.3184677680476904</CFMAX>
      <SP>0</SP>
      <SFCF>0.90343147441106264</SFCF>
      <CFR>0.09999962493982982</CFR>
      <CWH>0.10000010025520517</CWH>
      <CFGlacier>1</CFGlacier>
      <CFSlope>1</CFSlope>
      <FC>634.011860371167</FC>
      <LP>0.91058425919757324</LP>
      <BETA>3.3386212623112295</BETA>
    </VegetationZoneParameters>
  </VegetationZone>
  <SubCatchment>
    <SubCatchmentParameters>
      <KSI>0.001</KSI>
      <KGmin>0.05</KGmin>
      <RangeKG>0.1</RangeKG>
      <AG>0.1</AG>
      <PERC>0.36566222628156003</PERC>
      <Alpha>0</Alpha>
      <UZL>133.69058562063816</UZL>
      <K0>0.60159106864063194</K0>
      <K1>0.11355254178911896</K1>
      <K2>0.010000002940980973</K2>
      <MAXBAS>1</MAXBAS>
      <Cet>0</Cet>
      <PCALT>10</PCALT>
      <TCALT>0.6</TCALT>
      <Pelev>3165</Pelev>
      <Telev>3224</Telev>
      <PART>0.5</PART>
      <DELAY>1</DELAY>
    </SubCatchmentParameters>
    <SubCatchmentVegetationZone>
      <SubCatchmentVegetationZoneParameters>
        <TT>-0.63600308707288056</TT>
        <CFMAX>2.3184677680476904</CFMAX>
        <SP>0</SP>
        <SFCF>0.90343147441106264</SFCF>
        <CFR>0.09999962493982982</CFR>
        <CWH>0.10000010025520517</CWH>
        <CFGlacier>1</CFGlacier>
        <CFSlope>1</CFSlope>
        <FC>634.011860371167</FC>
        <LP>0.91058425919757324</LP>
        <BETA>3.3386212623112295</BETA>
      </SubCatchmentVegetationZoneParameters>
    </SubCatchmentVegetationZone>
  </SubCatchment>
</Catchment>