<?xml version="1.0" encoding="utf-8"?>
<Catchment xmlns:xsi="http://www.w3.org/2001/XMLSchema-instance" xmlns:xsd="http://www.w3.org/2001/XMLSchema">
  <CatchmentParameters>
    <KSI>0.001</KSI>
    <KGmin>0.05</KGmin>
    <RangeKG>0.1</RangeKG>
    <AG>0.1</AG>
    <PERC>9.9996382140604538</PERC>
    <Alpha>0</Alpha>
    <UZL>152.64398989022331</UZL>
    <K0>0.57967724414987665</K0>
    <K1>0.13455630780893943</K1>
    <K2>0.095473844905662839</K2>
    <MAXBAS>1.0041529570874492</MAXBAS>
    <Cet>0</Cet>
    <PCALT>10</PCALT>
    <TCALT>0.6</TCALT>
    <Pelev>3165</Pelev>
    <Telev>3224</Telev>
    <PART>0.5</PART>
    <DELAY>1</DELAY>
  </CatchmentParameters>
  <VegetationZone>
    <VegetationZoneParameters>
      <TT>-0.75600087111535219</TT>
      <CFMAX>2.1478151274463531</CFMAX>
      <SP>0</SP>
      <SFCF>0.87659720333255209</SFCF>
      <CFR>0.099999672623879057</CFR>
      <CWH>0.10000012600758408</CWH>
      <CFGlacier>1</CFGlacier>
      <CFSlope>1</CFSlope>
      <FC>596.26919905629711</FC>
      <LP>0.92472973218287358</LP>
      <BETA>5.9999999528827992</BETA>
    </VegetationZoneParameters>
  </VegetationZone>
  <SubCatchment>
    <SubCatchmentParameters>
      <KSI>0.001</KSI>
      <KGmin>0.05</KGmin>
      <RangeKG>0.1</RangeKG>
      <AG>0.1</AG>
      <PERC>9.9996382140604538</PERC>
      <Alpha>0</Alpha>
      <UZL>152.64398989022331</UZL>
      <K0>0.57967724414987665</K0>
      <K1>0.13455630780893943</K1>
      <K2>0.095473844905662839</K2>
      <MAXBAS>1.0041529570874492</MAXBAS>
      <Cet>0</Cet>
      <PCALT>10</PCALT>
      <TCALT>0.6</TCALT>
      <Pelev>3165</Pelev>
      <Telev>3224</Telev>
      <PART>0.5</PART>
      <DELAY>1</DELAY>
    </SubCatchmentParameters>
    <SubCatchmentVegetationZone>
      <SubCatchmentVegetationZoneParameters>
        <TT>-0.75600087111535219</TT>
        <CFMAX>2.1478151274463531</CFMAX>
        <SP>0</SP>
        <SFCF>0.87659720333255209</SFCF>
        <CFR>0.099999672623879057</CFR>
        <CWH>0.10000012600758408</CWH>
        <CFGlacier>1</CFGlacier>
        <CFSlope>1</CFSlope>
        <FC>596.26919905629711</FC>
        <LP>0.92472973218287358</LP>
        <BETA>5.9999999528827992</BETA>
      </SubCatchmentVegetationZoneParameters>
    </SubCatchmentVegetationZone>
  </SubCatchment>
</Catchment>