<?xml version="1.0" encoding="utf-8"?>
<Catchment xmlns:xsi="http://www.w3.org/2001/XMLSchema-instance" xmlns:xsd="http://www.w3.org/2001/XMLSchema">
  <CatchmentParameters>
    <KSI>0.001</KSI>
    <KGmin>0.05</KGmin>
    <RangeKG>0.1</RangeKG>
    <AG>0.1</AG>
    <PERC>0.25270312278561685</PERC>
    <Alpha>0</Alpha>
    <UZL>152.39081713362955</UZL>
    <K0>0.09636114497045041</K0>
    <K1>0.10794933625771608</K1>
    <K2>0.010001039537993169</K2>
    <MAXBAS>1</MAXBAS>
    <Cet>0</Cet>
    <PCALT>10</PCALT>
    <TCALT>0.6</TCALT>
    <Pelev>3165</Pelev>
    <Telev>3224</Telev>
    <PART>0.5</PART>
    <DELAY>1</DELAY>
  </CatchmentParameters>
  <VegetationZone>
    <VegetationZoneParameters>
      <TT>-0.96958914961135367</TT>
      <CFMAX>2.8628660230464389</CFMAX>
      <SP>0</SP>
      <SFCF>1.1716950756824289</SFCF>
      <CFR>0.099980679679989942</CFR>
      <CWH>0.10232020837735102</CWH>
      <CFGlacier>1</CFGlacier>
      <CFSlope>1</CFSlope>
      <FC>1204.7814284150618</FC>
      <LP>0.67617048460122131</LP>
      <BETA>2.8027410050833588</BETA>
    </VegetationZoneParameters>
  </VegetationZone>
  <SubCatchment>
    <SubCatchmentParameters>
      <KSI>0.001</KSI>
      <KGmin>0.05</KGmin>
      <RangeKG>0.1</RangeKG>
      <AG>0.1</AG>
      <PERC>0.25270312278561685</PERC>
      <Alpha>0</Alpha>
      <UZL>152.39081713362955</UZL>
      <K0>0.09636114497045041</K0>
      <K1>0.10794933625771608</K1>
      <K2>0.010001039537993169</K2>
      <MAXBAS>1</MAXBAS>
      <Cet>0</Cet>
      <PCALT>10</PCALT>
      <TCALT>0.6</TCALT>
      <Pelev>3165</Pelev>
      <Telev>3224</Telev>
      <PART>0.5</PART>
      <DELAY>1</DELAY>
    </SubCatchmentParameters>
    <SubCatchmentVegetationZone>
      <SubCatchmentVegetationZoneParameters>
        <TT>-0.96958914961135367</TT>
        <CFMAX>2.8628660230464389</CFMAX>
        <SP>0</SP>
        <SFCF>1.1716950756824289</SFCF>
        <CFR>0.099980679679989942</CFR>
        <CWH>0.10232020837735102</CWH>
        <CFGlacier>1</CFGlacier>
        <CFSlope>1</CFSlope>
        <FC>1204.7814284150618</FC>
        <LP>0.67617048460122131</LP>
        <BETA>2.8027410050833588</BETA>
      </SubCatchmentVegetationZoneParameters>
    </SubCatchmentVegetationZone>
  </SubCatchment>
</Catchment>