<?xml version="1.0" encoding="utf-8"?>
<Catchment xmlns:xsi="http://www.w3.org/2001/XMLSchema-instance" xmlns:xsd="http://www.w3.org/2001/XMLSchema">
  <CatchmentParameters>
    <KSI>0.001</KSI>
    <KGmin>0.05</KGmin>
    <RangeKG>0.1</RangeKG>
    <AG>0.1</AG>
    <PERC>0.26651893519470082</PERC>
    <Alpha>0</Alpha>
    <UZL>151.27452412667469</UZL>
    <K0>0.38987370157299872</K0>
    <K1>0.11872124082526618</K1>
    <K2>0.010000028516945311</K2>
    <MAXBAS>1</MAXBAS>
    <Cet>0</Cet>
    <PCALT>10</PCALT>
    <TCALT>0.6</TCALT>
    <Pelev>3165</Pelev>
    <Telev>3224</Telev>
    <PART>0.5</PART>
    <DELAY>1</DELAY>
  </CatchmentParameters>
  <VegetationZone>
    <VegetationZoneParameters>
      <TT>-1.0002407858830544</TT>
      <CFMAX>2.6199335889221516</CFMAX>
      <SP>0</SP>
      <SFCF>1.1252484114577726</SFCF>
      <CFR>0.099999817675688343</CFR>
      <CWH>0.1182297972440168</CWH>
      <CFGlacier>1</CFGlacier>
      <CFSlope>1</CFSlope>
      <FC>1172.2428611452795</FC>
      <LP>0.726631137056408</LP>
      <BETA>2.7959433822815636</BETA>
    </VegetationZoneParameters>
  </VegetationZone>
  <SubCatchment>
    <SubCatchmentParameters>
      <KSI>0.001</KSI>
      <KGmin>0.05</KGmin>
      <RangeKG>0.1</RangeKG>
      <AG>0.1</AG>
      <PERC>0.26651893519470082</PERC>
      <Alpha>0</Alpha>
      <UZL>151.27452412667469</UZL>
      <K0>0.38987370157299872</K0>
      <K1>0.11872124082526618</K1>
      <K2>0.010000028516945311</K2>
      <MAXBAS>1</MAXBAS>
      <Cet>0</Cet>
      <PCALT>10</PCALT>
      <TCALT>0.6</TCALT>
      <Pelev>3165</Pelev>
      <Telev>3224</Telev>
      <PART>0.5</PART>
      <DELAY>1</DELAY>
    </SubCatchmentParameters>
    <SubCatchmentVegetationZone>
      <SubCatchmentVegetationZoneParameters>
        <TT>-1.0002407858830544</TT>
        <CFMAX>2.6199335889221516</CFMAX>
        <SP>0</SP>
        <SFCF>1.1252484114577726</SFCF>
        <CFR>0.099999817675688343</CFR>
        <CWH>0.1182297972440168</CWH>
        <CFGlacier>1</CFGlacier>
        <CFSlope>1</CFSlope>
        <FC>1172.2428611452795</FC>
        <LP>0.726631137056408</LP>
        <BETA>2.7959433822815636</BETA>
      </SubCatchmentVegetationZoneParameters>
    </SubCatchmentVegetationZone>
  </SubCatchment>
</Catchment>