<?xml version="1.0" encoding="utf-8"?>
<Catchment xmlns:xsi="http://www.w3.org/2001/XMLSchema-instance" xmlns:xsd="http://www.w3.org/2001/XMLSchema">
  <CatchmentParameters>
    <KSI>0.001</KSI>
    <KGmin>0.05</KGmin>
    <RangeKG>0.1</RangeKG>
    <AG>0.1</AG>
    <PERC>0.27342114447239962</PERC>
    <Alpha>0</Alpha>
    <UZL>195.612539212378</UZL>
    <K0>0.12072059779685321</K0>
    <K1>0.099012485795487881</K1>
    <K2>0.01000000502030687</K2>
    <MAXBAS>1</MAXBAS>
    <Cet>0</Cet>
    <PCALT>10</PCALT>
    <TCALT>0.6</TCALT>
    <Pelev>3165</Pelev>
    <Telev>3224</Telev>
    <PART>0.5</PART>
    <DELAY>1</DELAY>
  </CatchmentParameters>
  <VegetationZone>
    <VegetationZoneParameters>
      <TT>0.54399649579458154</TT>
      <CFMAX>3.6113590906031052</CFMAX>
      <SP>0</SP>
      <SFCF>0.87151677814730855</SFCF>
      <CFR>0.075855220185665151</CFR>
      <CWH>0.19999537733426959</CWH>
      <CFGlacier>1</CFGlacier>
      <CFSlope>1</CFSlope>
      <FC>729.094115028625</FC>
      <LP>0.93796873076450948</LP>
      <BETA>2.0013230494726786</BETA>
    </VegetationZoneParameters>
  </VegetationZone>
  <SubCatchment>
    <SubCatchmentParameters>
      <KSI>0.001</KSI>
      <KGmin>0.05</KGmin>
      <RangeKG>0.1</RangeKG>
      <AG>0.1</AG>
      <PERC>0.27342114447239962</PERC>
      <Alpha>0</Alpha>
      <UZL>195.612539212378</UZL>
      <K0>0.12072059779685321</K0>
      <K1>0.099012485795487881</K1>
      <K2>0.01000000502030687</K2>
      <MAXBAS>1</MAXBAS>
      <Cet>0</Cet>
      <PCALT>10</PCALT>
      <TCALT>0.6</TCALT>
      <Pelev>3165</Pelev>
      <Telev>3224</Telev>
      <PART>0.5</PART>
      <DELAY>1</DELAY>
    </SubCatchmentParameters>
    <SubCatchmentVegetationZone>
      <SubCatchmentVegetationZoneParameters>
        <TT>0.54399649579458154</TT>
        <CFMAX>3.6113590906031052</CFMAX>
        <SP>0</SP>
        <SFCF>0.87151677814730855</SFCF>
        <CFR>0.075855220185665151</CFR>
        <CWH>0.19999537733426959</CWH>
        <CFGlacier>1</CFGlacier>
        <CFSlope>1</CFSlope>
        <FC>729.094115028625</FC>
        <LP>0.93796873076450948</LP>
        <BETA>2.0013230494726786</BETA>
      </SubCatchmentVegetationZoneParameters>
    </SubCatchmentVegetationZone>
  </SubCatchment>
</Catchment>