<?xml version="1.0" encoding="utf-8"?>
<Catchment xmlns:xsi="http://www.w3.org/2001/XMLSchema-instance" xmlns:xsd="http://www.w3.org/2001/XMLSchema">
  <CatchmentParameters>
    <KSI>0.001</KSI>
    <KGmin>0.05</KGmin>
    <RangeKG>0.1</RangeKG>
    <AG>0.1</AG>
    <PERC>0.26710214191443493</PERC>
    <Alpha>0</Alpha>
    <UZL>164.06499982191389</UZL>
    <K0>0.4408032280613009</K0>
    <K1>0.11050493993020891</K1>
    <K2>0.010000001508922623</K2>
    <MAXBAS>1</MAXBAS>
    <Cet>0</Cet>
    <PCALT>10</PCALT>
    <TCALT>0.6</TCALT>
    <Pelev>3165</Pelev>
    <Telev>3224</Telev>
    <PART>0.5</PART>
    <DELAY>1</DELAY>
  </CatchmentParameters>
  <VegetationZone>
    <VegetationZoneParameters>
      <TT>-0.79601932266403386</TT>
      <CFMAX>2.7492391717960492</CFMAX>
      <SP>0</SP>
      <SFCF>1.0676968986066266</SFCF>
      <CFR>0.099999759727351409</CFR>
      <CWH>0.1687006964755266</CWH>
      <CFGlacier>1</CFGlacier>
      <CFSlope>1</CFSlope>
      <FC>1167.8751191630606</FC>
      <LP>0.84494437354934049</LP>
      <BETA>3.1582594227925864</BETA>
    </VegetationZoneParameters>
  </VegetationZone>
  <SubCatchment>
    <SubCatchmentParameters>
      <KSI>0.001</KSI>
      <KGmin>0.05</KGmin>
      <RangeKG>0.1</RangeKG>
      <AG>0.1</AG>
      <PERC>0.26710214191443493</PERC>
      <Alpha>0</Alpha>
      <UZL>164.06499982191389</UZL>
      <K0>0.4408032280613009</K0>
      <K1>0.11050493993020891</K1>
      <K2>0.010000001508922623</K2>
      <MAXBAS>1</MAXBAS>
      <Cet>0</Cet>
      <PCALT>10</PCALT>
      <TCALT>0.6</TCALT>
      <Pelev>3165</Pelev>
      <Telev>3224</Telev>
      <PART>0.5</PART>
      <DELAY>1</DELAY>
    </SubCatchmentParameters>
    <SubCatchmentVegetationZone>
      <SubCatchmentVegetationZoneParameters>
        <TT>-0.79601932266403386</TT>
        <CFMAX>2.7492391717960492</CFMAX>
        <SP>0</SP>
        <SFCF>1.0676968986066266</SFCF>
        <CFR>0.099999759727351409</CFR>
        <CWH>0.1687006964755266</CWH>
        <CFGlacier>1</CFGlacier>
        <CFSlope>1</CFSlope>
        <FC>1167.8751191630606</FC>
        <LP>0.84494437354934049</LP>
        <BETA>3.1582594227925864</BETA>
      </SubCatchmentVegetationZoneParameters>
    </SubCatchmentVegetationZone>
  </SubCatchment>
</Catchment>