<?xml version="1.0" encoding="utf-8"?>
<Catchment xmlns:xsi="http://www.w3.org/2001/XMLSchema-instance" xmlns:xsd="http://www.w3.org/2001/XMLSchema">
  <CatchmentParameters>
    <KSI>0.001</KSI>
    <KGmin>0.05</KGmin>
    <RangeKG>0.1</RangeKG>
    <AG>0.1</AG>
    <PERC>9.9973616455880059</PERC>
    <Alpha>0</Alpha>
    <UZL>198.1912027015556</UZL>
    <K0>0.40959250260370011</K0>
    <K1>0.11263929824023551</K1>
    <K2>0.10014605258670385</K2>
    <MAXBAS>1.0078453343915739</MAXBAS>
    <Cet>0</Cet>
    <PCALT>10</PCALT>
    <TCALT>0.6</TCALT>
    <Pelev>3165</Pelev>
    <Telev>3224</Telev>
    <PART>0.5</PART>
    <DELAY>1</DELAY>
  </CatchmentParameters>
  <VegetationZone>
    <VegetationZoneParameters>
      <TT>1.9756160853789417</TT>
      <CFMAX>3.117189457039101</CFMAX>
      <SP>0</SP>
      <SFCF>0.55632647454209272</SFCF>
      <CFR>0.056419362298352128</CFR>
      <CWH>0.14731721574993512</CWH>
      <CFGlacier>1</CFGlacier>
      <CFSlope>1</CFSlope>
      <FC>171.28157750952934</FC>
      <LP>0.99999999988358024</LP>
      <BETA>3.3716107306599823</BETA>
    </VegetationZoneParameters>
  </VegetationZone>
  <SubCatchment>
    <SubCatchmentParameters>
      <KSI>0.001</KSI>
      <KGmin>0.05</KGmin>
      <RangeKG>0.1</RangeKG>
      <AG>0.1</AG>
      <PERC>9.9973616455880059</PERC>
      <Alpha>0</Alpha>
      <UZL>198.1912027015556</UZL>
      <K0>0.40959250260370011</K0>
      <K1>0.11263929824023551</K1>
      <K2>0.10014605258670385</K2>
      <MAXBAS>1.0078453343915739</MAXBAS>
      <Cet>0</Cet>
      <PCALT>10</PCALT>
      <TCALT>0.6</TCALT>
      <Pelev>3165</Pelev>
      <Telev>3224</Telev>
      <PART>0.5</PART>
      <DELAY>1</DELAY>
    </SubCatchmentParameters>
    <SubCatchmentVegetationZone>
      <SubCatchmentVegetationZoneParameters>
        <TT>1.9756160853789417</TT>
        <CFMAX>3.117189457039101</CFMAX>
        <SP>0</SP>
        <SFCF>0.55632647454209272</SFCF>
        <CFR>0.056419362298352128</CFR>
        <CWH>0.14731721574993512</CWH>
        <CFGlacier>1</CFGlacier>
        <CFSlope>1</CFSlope>
        <FC>171.28157750952934</FC>
        <LP>0.99999999988358024</LP>
        <BETA>3.3716107306599823</BETA>
      </SubCatchmentVegetationZoneParameters>
    </SubCatchmentVegetationZone>
  </SubCatchment>
</Catchment>