<?xml version="1.0" encoding="utf-8"?>
<Catchment xmlns:xsi="http://www.w3.org/2001/XMLSchema-instance" xmlns:xsd="http://www.w3.org/2001/XMLSchema">
  <CatchmentParameters>
    <KSI>0.001</KSI>
    <KGmin>0.05</KGmin>
    <RangeKG>0.1</RangeKG>
    <AG>0.1</AG>
    <PERC>0.72350174038024651</PERC>
    <Alpha>0</Alpha>
    <UZL>198.38501590382114</UZL>
    <K0>0.59139980879431486</K0>
    <K1>0.10136127632442672</K1>
    <K2>0.049738857020493757</K2>
    <MAXBAS>1.0049515877556441</MAXBAS>
    <Cet>0</Cet>
    <PCALT>10</PCALT>
    <TCALT>0.6</TCALT>
    <Pelev>3165</Pelev>
    <Telev>3224</Telev>
    <PART>0.5</PART>
    <DELAY>1</DELAY>
  </CatchmentParameters>
  <VegetationZone>
    <VegetationZoneParameters>
      <TT>1.3631391179778747</TT>
      <CFMAX>4.8082907022337391</CFMAX>
      <SP>0</SP>
      <SFCF>0.96098367933630391</SFCF>
      <CFR>0.036985224704684246</CFR>
      <CWH>0.10000008042310139</CWH>
      <CFGlacier>1</CFGlacier>
      <CFSlope>1</CFSlope>
      <FC>744.90399711142413</FC>
      <LP>0.71999503389480757</LP>
      <BETA>2.0459488940661803</BETA>
    </VegetationZoneParameters>
  </VegetationZone>
  <SubCatchment>
    <SubCatchmentParameters>
      <KSI>0.001</KSI>
      <KGmin>0.05</KGmin>
      <RangeKG>0.1</RangeKG>
      <AG>0.1</AG>
      <PERC>0.72350174038024651</PERC>
      <Alpha>0</Alpha>
      <UZL>198.38501590382114</UZL>
      <K0>0.59139980879431486</K0>
      <K1>0.10136127632442672</K1>
      <K2>0.049738857020493757</K2>
      <MAXBAS>1.0049515877556441</MAXBAS>
      <Cet>0</Cet>
      <PCALT>10</PCALT>
      <TCALT>0.6</TCALT>
      <Pelev>3165</Pelev>
      <Telev>3224</Telev>
      <PART>0.5</PART>
      <DELAY>1</DELAY>
    </SubCatchmentParameters>
    <SubCatchmentVegetationZone>
      <SubCatchmentVegetationZoneParameters>
        <TT>1.3631391179778747</TT>
        <CFMAX>4.8082907022337391</CFMAX>
        <SP>0</SP>
        <SFCF>0.96098367933630391</SFCF>
        <CFR>0.036985224704684246</CFR>
        <CWH>0.10000008042310139</CWH>
        <CFGlacier>1</CFGlacier>
        <CFSlope>1</CFSlope>
        <FC>744.90399711142413</FC>
        <LP>0.71999503389480757</LP>
        <BETA>2.0459488940661803</BETA>
      </SubCatchmentVegetationZoneParameters>
    </SubCatchmentVegetationZone>
  </SubCatchment>
</Catchment>