<?xml version="1.0" encoding="utf-8"?>
<Catchment xmlns:xsi="http://www.w3.org/2001/XMLSchema-instance" xmlns:xsd="http://www.w3.org/2001/XMLSchema">
  <CatchmentParameters>
    <KSI>0.001</KSI>
    <KGmin>0.05</KGmin>
    <RangeKG>0.1</RangeKG>
    <AG>0.1</AG>
    <PERC>0.26554904451479228</PERC>
    <Alpha>0</Alpha>
    <UZL>176.9091961484406</UZL>
    <K0>0.42299134863063076</K0>
    <K1>0.11493394170139128</K1>
    <K2>0.012730312195104945</K2>
    <MAXBAS>1</MAXBAS>
    <Cet>0</Cet>
    <PCALT>10</PCALT>
    <TCALT>0.6</TCALT>
    <Pelev>3165</Pelev>
    <Telev>3224</Telev>
    <PART>0.5</PART>
    <DELAY>1</DELAY>
  </CatchmentParameters>
  <VegetationZone>
    <VegetationZoneParameters>
      <TT>-0.95600253744345609</TT>
      <CFMAX>2.281187164416798</CFMAX>
      <SP>0</SP>
      <SFCF>0.98826580197874081</SFCF>
      <CFR>0.0999997779989997</CFR>
      <CWH>0.19999915323742235</CWH>
      <CFGlacier>1</CFGlacier>
      <CFSlope>1</CFSlope>
      <FC>840.580677101079</FC>
      <LP>0.65286929848949737</LP>
      <BETA>1.6629144553968569</BETA>
    </VegetationZoneParameters>
  </VegetationZone>
  <SubCatchment>
    <SubCatchmentParameters>
      <KSI>0.001</KSI>
      <KGmin>0.05</KGmin>
      <RangeKG>0.1</RangeKG>
      <AG>0.1</AG>
      <PERC>0.26554904451479228</PERC>
      <Alpha>0</Alpha>
      <UZL>176.9091961484406</UZL>
      <K0>0.42299134863063076</K0>
      <K1>0.11493394170139128</K1>
      <K2>0.012730312195104945</K2>
      <MAXBAS>1</MAXBAS>
      <Cet>0</Cet>
      <PCALT>10</PCALT>
      <TCALT>0.6</TCALT>
      <Pelev>3165</Pelev>
      <Telev>3224</Telev>
      <PART>0.5</PART>
      <DELAY>1</DELAY>
    </SubCatchmentParameters>
    <SubCatchmentVegetationZone>
      <SubCatchmentVegetationZoneParameters>
        <TT>-0.95600253744345609</TT>
        <CFMAX>2.281187164416798</CFMAX>
        <SP>0</SP>
        <SFCF>0.98826580197874081</SFCF>
        <CFR>0.0999997779989997</CFR>
        <CWH>0.19999915323742235</CWH>
        <CFGlacier>1</CFGlacier>
        <CFSlope>1</CFSlope>
        <FC>840.580677101079</FC>
        <LP>0.65286929848949737</LP>
        <BETA>1.6629144553968569</BETA>
      </SubCatchmentVegetationZoneParameters>
    </SubCatchmentVegetationZone>
  </SubCatchment>
</Catchment>