<?xml version="1.0" encoding="utf-8"?>
<Catchment xmlns:xsi="http://www.w3.org/2001/XMLSchema-instance" xmlns:xsd="http://www.w3.org/2001/XMLSchema">
  <CatchmentParameters>
    <KSI>0.001</KSI>
    <KGmin>0.05</KGmin>
    <RangeKG>0.1</RangeKG>
    <AG>0.1</AG>
    <PERC>6.819506668599538</PERC>
    <Alpha>0</Alpha>
    <UZL>127.38648636392554</UZL>
    <K0>0.24542012034810135</K0>
    <K1>0.08978394437404745</K1>
    <K2>0.11325263180867248</K2>
    <MAXBAS>1.0001268568002018</MAXBAS>
    <Cet>0</Cet>
    <PCALT>10</PCALT>
    <TCALT>0.6</TCALT>
    <Pelev>3165</Pelev>
    <Telev>3224</Telev>
    <PART>0.5</PART>
    <DELAY>1</DELAY>
  </CatchmentParameters>
  <VegetationZone>
    <VegetationZoneParameters>
      <TT>0.84398929069269157</TT>
      <CFMAX>2.9203905582054603</CFMAX>
      <SP>0</SP>
      <SFCF>0.71397444135058719</SFCF>
      <CFR>0.064523616031690989</CFR>
      <CWH>0.10000000000694347</CWH>
      <CFGlacier>1</CFGlacier>
      <CFSlope>1</CFSlope>
      <FC>355.26099992131691</FC>
      <LP>0.97088397544450633</LP>
      <BETA>4.5922312840767292</BETA>
    </VegetationZoneParameters>
  </VegetationZone>
  <SubCatchment>
    <SubCatchmentParameters>
      <KSI>0.001</KSI>
      <KGmin>0.05</KGmin>
      <RangeKG>0.1</RangeKG>
      <AG>0.1</AG>
      <PERC>6.819506668599538</PERC>
      <Alpha>0</Alpha>
      <UZL>127.38648636392554</UZL>
      <K0>0.24542012034810135</K0>
      <K1>0.08978394437404745</K1>
      <K2>0.11325263180867248</K2>
      <MAXBAS>1.0001268568002018</MAXBAS>
      <Cet>0</Cet>
      <PCALT>10</PCALT>
      <TCALT>0.6</TCALT>
      <Pelev>3165</Pelev>
      <Telev>3224</Telev>
      <PART>0.5</PART>
      <DELAY>1</DELAY>
    </SubCatchmentParameters>
    <SubCatchmentVegetationZone>
      <SubCatchmentVegetationZoneParameters>
        <TT>0.84398929069269157</TT>
        <CFMAX>2.9203905582054603</CFMAX>
        <SP>0</SP>
        <SFCF>0.71397444135058719</SFCF>
        <CFR>0.064523616031690989</CFR>
        <CWH>0.10000000000694347</CWH>
        <CFGlacier>1</CFGlacier>
        <CFSlope>1</CFSlope>
        <FC>355.26099992131691</FC>
        <LP>0.97088397544450633</LP>
        <BETA>4.5922312840767292</BETA>
      </SubCatchmentVegetationZoneParameters>
    </SubCatchmentVegetationZone>
  </SubCatchment>
</Catchment>