<?xml version="1.0" encoding="utf-8"?>
<Catchment xmlns:xsi="http://www.w3.org/2001/XMLSchema-instance" xmlns:xsd="http://www.w3.org/2001/XMLSchema">
  <CatchmentParameters>
    <KSI>0.001</KSI>
    <KGmin>0.05</KGmin>
    <RangeKG>0.1</RangeKG>
    <AG>0.1</AG>
    <PERC>0.27382929961456015</PERC>
    <Alpha>0</Alpha>
    <UZL>147.72791722345585</UZL>
    <K0>0.20048421262360303</K0>
    <K1>0.11014906137032612</K1>
    <K2>0.010000003122932977</K2>
    <MAXBAS>1</MAXBAS>
    <Cet>0</Cet>
    <PCALT>10</PCALT>
    <TCALT>0.6</TCALT>
    <Pelev>3165</Pelev>
    <Telev>3224</Telev>
    <PART>0.5</PART>
    <DELAY>1</DELAY>
  </CatchmentParameters>
  <VegetationZone>
    <VegetationZoneParameters>
      <TT>-0.095058976821046873</TT>
      <CFMAX>3.085033836391788</CFMAX>
      <SP>0</SP>
      <SFCF>0.9798745856676645</SFCF>
      <CFR>0.099998909327290955</CFR>
      <CWH>0.10000066317344857</CWH>
      <CFGlacier>1</CFGlacier>
      <CFSlope>1</CFSlope>
      <FC>985.340699608895</FC>
      <LP>0.91764022564146153</LP>
      <BETA>2.9870814826261056</BETA>
    </VegetationZoneParameters>
  </VegetationZone>
  <SubCatchment>
    <SubCatchmentParameters>
      <KSI>0.001</KSI>
      <KGmin>0.05</KGmin>
      <RangeKG>0.1</RangeKG>
      <AG>0.1</AG>
      <PERC>0.27382929961456015</PERC>
      <Alpha>0</Alpha>
      <UZL>147.72791722345585</UZL>
      <K0>0.20048421262360303</K0>
      <K1>0.11014906137032612</K1>
      <K2>0.010000003122932977</K2>
      <MAXBAS>1</MAXBAS>
      <Cet>0</Cet>
      <PCALT>10</PCALT>
      <TCALT>0.6</TCALT>
      <Pelev>3165</Pelev>
      <Telev>3224</Telev>
      <PART>0.5</PART>
      <DELAY>1</DELAY>
    </SubCatchmentParameters>
    <SubCatchmentVegetationZone>
      <SubCatchmentVegetationZoneParameters>
        <TT>-0.095058976821046873</TT>
        <CFMAX>3.085033836391788</CFMAX>
        <SP>0</SP>
        <SFCF>0.9798745856676645</SFCF>
        <CFR>0.099998909327290955</CFR>
        <CWH>0.10000066317344857</CWH>
        <CFGlacier>1</CFGlacier>
        <CFSlope>1</CFSlope>
        <FC>985.340699608895</FC>
        <LP>0.91764022564146153</LP>
        <BETA>2.9870814826261056</BETA>
      </SubCatchmentVegetationZoneParameters>
    </SubCatchmentVegetationZone>
  </SubCatchment>
</Catchment>