<?xml version="1.0" encoding="utf-8"?>
<Catchment xmlns:xsi="http://www.w3.org/2001/XMLSchema-instance" xmlns:xsd="http://www.w3.org/2001/XMLSchema">
  <CatchmentParameters>
    <KSI>0.001</KSI>
    <KGmin>0.05</KGmin>
    <RangeKG>0.1</RangeKG>
    <AG>0.1</AG>
    <PERC>6.8493778791633808</PERC>
    <Alpha>0</Alpha>
    <UZL>109.7275915959779</UZL>
    <K0>0.49124801629646592</K0>
    <K1>0.090246432489421616</K1>
    <K2>0.12234513081902326</K2>
    <MAXBAS>1.0048952595167391</MAXBAS>
    <Cet>0</Cet>
    <PCALT>10</PCALT>
    <TCALT>0.6</TCALT>
    <Pelev>3165</Pelev>
    <Telev>3224</Telev>
    <PART>0.5</PART>
    <DELAY>1</DELAY>
  </CatchmentParameters>
  <VegetationZone>
    <VegetationZoneParameters>
      <TT>0.74399714966229391</TT>
      <CFMAX>3.5000653884173678</CFMAX>
      <SP>0</SP>
      <SFCF>0.85728732854328671</SFCF>
      <CFR>0.066320396446826219</CFR>
      <CWH>0.10000000017040907</CWH>
      <CFGlacier>1</CFGlacier>
      <CFSlope>1</CFSlope>
      <FC>543.84464923061375</FC>
      <LP>0.85483679161797022</LP>
      <BETA>3.3819096636276411</BETA>
    </VegetationZoneParameters>
  </VegetationZone>
  <SubCatchment>
    <SubCatchmentParameters>
      <KSI>0.001</KSI>
      <KGmin>0.05</KGmin>
      <RangeKG>0.1</RangeKG>
      <AG>0.1</AG>
      <PERC>6.8493778791633808</PERC>
      <Alpha>0</Alpha>
      <UZL>109.7275915959779</UZL>
      <K0>0.49124801629646592</K0>
      <K1>0.090246432489421616</K1>
      <K2>0.12234513081902326</K2>
      <MAXBAS>1.0048952595167391</MAXBAS>
      <Cet>0</Cet>
      <PCALT>10</PCALT>
      <TCALT>0.6</TCALT>
      <Pelev>3165</Pelev>
      <Telev>3224</Telev>
      <PART>0.5</PART>
      <DELAY>1</DELAY>
    </SubCatchmentParameters>
    <SubCatchmentVegetationZone>
      <SubCatchmentVegetationZoneParameters>
        <TT>0.74399714966229391</TT>
        <CFMAX>3.5000653884173678</CFMAX>
        <SP>0</SP>
        <SFCF>0.85728732854328671</SFCF>
        <CFR>0.066320396446826219</CFR>
        <CWH>0.10000000017040907</CWH>
        <CFGlacier>1</CFGlacier>
        <CFSlope>1</CFSlope>
        <FC>543.84464923061375</FC>
        <LP>0.85483679161797022</LP>
        <BETA>3.3819096636276411</BETA>
      </SubCatchmentVegetationZoneParameters>
    </SubCatchmentVegetationZone>
  </SubCatchment>
</Catchment>