<?xml version="1.0" encoding="utf-8"?>
<Catchment xmlns:xsi="http://www.w3.org/2001/XMLSchema-instance" xmlns:xsd="http://www.w3.org/2001/XMLSchema">
  <CatchmentParameters>
    <KSI>0.001</KSI>
    <KGmin>0.05</KGmin>
    <RangeKG>0.1</RangeKG>
    <AG>0.1</AG>
    <PERC>0.27860685970509591</PERC>
    <Alpha>0</Alpha>
    <UZL>191.79448371300629</UZL>
    <K0>0.52595837067531659</K0>
    <K1>0.117626414374053</K1>
    <K2>0.011893365682440713</K2>
    <MAXBAS>1</MAXBAS>
    <Cet>0</Cet>
    <PCALT>10</PCALT>
    <TCALT>0.6</TCALT>
    <Pelev>3165</Pelev>
    <Telev>3224</Telev>
    <PART>0.5</PART>
    <DELAY>1</DELAY>
  </CatchmentParameters>
  <VegetationZone>
    <VegetationZoneParameters>
      <TT>-0.75601373788695458</TT>
      <CFMAX>2.47675182185583</CFMAX>
      <SP>0</SP>
      <SFCF>0.99830146511923457</SFCF>
      <CFR>0.099999319696701977</CFR>
      <CWH>0.19517403777885847</CWH>
      <CFGlacier>1</CFGlacier>
      <CFSlope>1</CFSlope>
      <FC>958.87859768317355</FC>
      <LP>0.80926898596424679</LP>
      <BETA>2.3858728252943777</BETA>
    </VegetationZoneParameters>
  </VegetationZone>
  <SubCatchment>
    <SubCatchmentParameters>
      <KSI>0.001</KSI>
      <KGmin>0.05</KGmin>
      <RangeKG>0.1</RangeKG>
      <AG>0.1</AG>
      <PERC>0.27860685970509591</PERC>
      <Alpha>0</Alpha>
      <UZL>191.79448371300629</UZL>
      <K0>0.52595837067531659</K0>
      <K1>0.117626414374053</K1>
      <K2>0.011893365682440713</K2>
      <MAXBAS>1</MAXBAS>
      <Cet>0</Cet>
      <PCALT>10</PCALT>
      <TCALT>0.6</TCALT>
      <Pelev>3165</Pelev>
      <Telev>3224</Telev>
      <PART>0.5</PART>
      <DELAY>1</DELAY>
    </SubCatchmentParameters>
    <SubCatchmentVegetationZone>
      <SubCatchmentVegetationZoneParameters>
        <TT>-0.75601373788695458</TT>
        <CFMAX>2.47675182185583</CFMAX>
        <SP>0</SP>
        <SFCF>0.99830146511923457</SFCF>
        <CFR>0.099999319696701977</CFR>
        <CWH>0.19517403777885847</CWH>
        <CFGlacier>1</CFGlacier>
        <CFSlope>1</CFSlope>
        <FC>958.87859768317355</FC>
        <LP>0.80926898596424679</LP>
        <BETA>2.3858728252943777</BETA>
      </SubCatchmentVegetationZoneParameters>
    </SubCatchmentVegetationZone>
  </SubCatchment>
</Catchment>