<?xml version="1.0" encoding="utf-8"?>
<Catchment xmlns:xsi="http://www.w3.org/2001/XMLSchema-instance" xmlns:xsd="http://www.w3.org/2001/XMLSchema">
  <CatchmentParameters>
    <KSI>0.001</KSI>
    <KGmin>0.05</KGmin>
    <RangeKG>0.1</RangeKG>
    <AG>0.1</AG>
    <PERC>0.28466543006627681</PERC>
    <Alpha>0</Alpha>
    <UZL>149.26446849030728</UZL>
    <K0>0.46113656037851442</K0>
    <K1>0.11157861291661544</K1>
    <K2>0.010000020359765693</K2>
    <MAXBAS>1</MAXBAS>
    <Cet>0</Cet>
    <PCALT>10</PCALT>
    <TCALT>0.6</TCALT>
    <Pelev>3165</Pelev>
    <Telev>3224</Telev>
    <PART>0.5</PART>
    <DELAY>1</DELAY>
  </CatchmentParameters>
  <VegetationZone>
    <VegetationZoneParameters>
      <TT>-0.96021674022742542</TT>
      <CFMAX>2.2447212464605832</CFMAX>
      <SP>0</SP>
      <SFCF>0.98433150331023511</SFCF>
      <CFR>0.052691568254515257</CFR>
      <CWH>0.11964769968927912</CWH>
      <CFGlacier>1</CFGlacier>
      <CFSlope>1</CFSlope>
      <FC>862.56090416814334</FC>
      <LP>0.88918765780729891</LP>
      <BETA>3.157016424092705</BETA>
    </VegetationZoneParameters>
  </VegetationZone>
  <SubCatchment>
    <SubCatchmentParameters>
      <KSI>0.001</KSI>
      <KGmin>0.05</KGmin>
      <RangeKG>0.1</RangeKG>
      <AG>0.1</AG>
      <PERC>0.28466543006627681</PERC>
      <Alpha>0</Alpha>
      <UZL>149.26446849030728</UZL>
      <K0>0.46113656037851442</K0>
      <K1>0.11157861291661544</K1>
      <K2>0.010000020359765693</K2>
      <MAXBAS>1</MAXBAS>
      <Cet>0</Cet>
      <PCALT>10</PCALT>
      <TCALT>0.6</TCALT>
      <Pelev>3165</Pelev>
      <Telev>3224</Telev>
      <PART>0.5</PART>
      <DELAY>1</DELAY>
    </SubCatchmentParameters>
    <SubCatchmentVegetationZone>
      <SubCatchmentVegetationZoneParameters>
        <TT>-0.96021674022742542</TT>
        <CFMAX>2.2447212464605832</CFMAX>
        <SP>0</SP>
        <SFCF>0.98433150331023511</SFCF>
        <CFR>0.052691568254515257</CFR>
        <CWH>0.11964769968927912</CWH>
        <CFGlacier>1</CFGlacier>
        <CFSlope>1</CFSlope>
        <FC>862.56090416814334</FC>
        <LP>0.88918765780729891</LP>
        <BETA>3.157016424092705</BETA>
      </SubCatchmentVegetationZoneParameters>
    </SubCatchmentVegetationZone>
  </SubCatchment>
</Catchment>