<?xml version="1.0" encoding="utf-8"?>
<Catchment xmlns:xsi="http://www.w3.org/2001/XMLSchema-instance" xmlns:xsd="http://www.w3.org/2001/XMLSchema">
  <CatchmentParameters>
    <KSI>0.001</KSI>
    <KGmin>0.05</KGmin>
    <RangeKG>0.1</RangeKG>
    <AG>0.1</AG>
    <PERC>7.3934172837102494</PERC>
    <Alpha>0</Alpha>
    <UZL>171.44403454425745</UZL>
    <K0>0.48136447037690444</K0>
    <K1>0.083859180104723083</K1>
    <K2>0.11996563025310229</K2>
    <MAXBAS>1.000045613735477</MAXBAS>
    <Cet>0</Cet>
    <PCALT>10</PCALT>
    <TCALT>0.6</TCALT>
    <Pelev>3165</Pelev>
    <Telev>3224</Telev>
    <PART>0.5</PART>
    <DELAY>1</DELAY>
  </CatchmentParameters>
  <VegetationZone>
    <VegetationZoneParameters>
      <TT>1.403622996209329</TT>
      <CFMAX>3.9471574461743248</CFMAX>
      <SP>0</SP>
      <SFCF>0.789338500236816</SFCF>
      <CFR>0.03615685305175026</CFR>
      <CWH>0.10000040822101985</CWH>
      <CFGlacier>1</CFGlacier>
      <CFSlope>1</CFSlope>
      <FC>485.69553514484181</FC>
      <LP>0.95676839033537064</LP>
      <BETA>3.5063862090492521</BETA>
    </VegetationZoneParameters>
  </VegetationZone>
  <SubCatchment>
    <SubCatchmentParameters>
      <KSI>0.001</KSI>
      <KGmin>0.05</KGmin>
      <RangeKG>0.1</RangeKG>
      <AG>0.1</AG>
      <PERC>7.3934172837102494</PERC>
      <Alpha>0</Alpha>
      <UZL>171.44403454425745</UZL>
      <K0>0.48136447037690444</K0>
      <K1>0.083859180104723083</K1>
      <K2>0.11996563025310229</K2>
      <MAXBAS>1.000045613735477</MAXBAS>
      <Cet>0</Cet>
      <PCALT>10</PCALT>
      <TCALT>0.6</TCALT>
      <Pelev>3165</Pelev>
      <Telev>3224</Telev>
      <PART>0.5</PART>
      <DELAY>1</DELAY>
    </SubCatchmentParameters>
    <SubCatchmentVegetationZone>
      <SubCatchmentVegetationZoneParameters>
        <TT>1.403622996209329</TT>
        <CFMAX>3.9471574461743248</CFMAX>
        <SP>0</SP>
        <SFCF>0.789338500236816</SFCF>
        <CFR>0.03615685305175026</CFR>
        <CWH>0.10000040822101985</CWH>
        <CFGlacier>1</CFGlacier>
        <CFSlope>1</CFSlope>
        <FC>485.69553514484181</FC>
        <LP>0.95676839033537064</LP>
        <BETA>3.5063862090492521</BETA>
      </SubCatchmentVegetationZoneParameters>
    </SubCatchmentVegetationZone>
  </SubCatchment>
</Catchment>