<?xml version="1.0" encoding="utf-8"?>
<Catchment xmlns:xsi="http://www.w3.org/2001/XMLSchema-instance" xmlns:xsd="http://www.w3.org/2001/XMLSchema">
  <CatchmentParameters>
    <KSI>0.001</KSI>
    <KGmin>0.05</KGmin>
    <RangeKG>0.1</RangeKG>
    <AG>0.1</AG>
    <PERC>1.9483896242177043</PERC>
    <Alpha>0</Alpha>
    <UZL>136.34871172908777</UZL>
    <K0>0.32616071685074516</K0>
    <K1>0.099912926305649</K1>
    <K2>0.065113905239382278</K2>
    <MAXBAS>1.0001278604833743</MAXBAS>
    <Cet>0</Cet>
    <PCALT>10</PCALT>
    <TCALT>0.6</TCALT>
    <Pelev>3165</Pelev>
    <Telev>3224</Telev>
    <PART>0.5</PART>
    <DELAY>1</DELAY>
  </CatchmentParameters>
  <VegetationZone>
    <VegetationZoneParameters>
      <TT>0.58204321200637188</TT>
      <CFMAX>2.7314169607105558</CFMAX>
      <SP>0</SP>
      <SFCF>0.72488435605978974</SFCF>
      <CFR>0.075441433360479287</CFR>
      <CWH>0.10000239798490641</CWH>
      <CFGlacier>1</CFGlacier>
      <CFSlope>1</CFSlope>
      <FC>313.2293895425276</FC>
      <LP>0.825881681875579</LP>
      <BETA>4.4693354325572319</BETA>
    </VegetationZoneParameters>
  </VegetationZone>
  <SubCatchment>
    <SubCatchmentParameters>
      <KSI>0.001</KSI>
      <KGmin>0.05</KGmin>
      <RangeKG>0.1</RangeKG>
      <AG>0.1</AG>
      <PERC>1.9483896242177043</PERC>
      <Alpha>0</Alpha>
      <UZL>136.34871172908777</UZL>
      <K0>0.32616071685074516</K0>
      <K1>0.099912926305649</K1>
      <K2>0.065113905239382278</K2>
      <MAXBAS>1.0001278604833743</MAXBAS>
      <Cet>0</Cet>
      <PCALT>10</PCALT>
      <TCALT>0.6</TCALT>
      <Pelev>3165</Pelev>
      <Telev>3224</Telev>
      <PART>0.5</PART>
      <DELAY>1</DELAY>
    </SubCatchmentParameters>
    <SubCatchmentVegetationZone>
      <SubCatchmentVegetationZoneParameters>
        <TT>0.58204321200637188</TT>
        <CFMAX>2.7314169607105558</CFMAX>
        <SP>0</SP>
        <SFCF>0.72488435605978974</SFCF>
        <CFR>0.075441433360479287</CFR>
        <CWH>0.10000239798490641</CWH>
        <CFGlacier>1</CFGlacier>
        <CFSlope>1</CFSlope>
        <FC>313.2293895425276</FC>
        <LP>0.825881681875579</LP>
        <BETA>4.4693354325572319</BETA>
      </SubCatchmentVegetationZoneParameters>
    </SubCatchmentVegetationZone>
  </SubCatchment>
</Catchment>