<?xml version="1.0" encoding="utf-8"?>
<Catchment xmlns:xsi="http://www.w3.org/2001/XMLSchema-instance" xmlns:xsd="http://www.w3.org/2001/XMLSchema">
  <CatchmentParameters>
    <KSI>0.001</KSI>
    <KGmin>0.05</KGmin>
    <RangeKG>0.1</RangeKG>
    <AG>0.1</AG>
    <PERC>5.2183942318275731</PERC>
    <Alpha>0</Alpha>
    <UZL>125.90882144199541</UZL>
    <K0>0.283191266709768</K0>
    <K1>0.085032023447616178</K1>
    <K2>0.12926798490513169</K2>
    <MAXBAS>1.0047179962272892</MAXBAS>
    <Cet>0</Cet>
    <PCALT>10</PCALT>
    <TCALT>0.6</TCALT>
    <Pelev>3165</Pelev>
    <Telev>3224</Telev>
    <PART>0.5</PART>
    <DELAY>1</DELAY>
  </CatchmentParameters>
  <VegetationZone>
    <VegetationZoneParameters>
      <TT>-0.95600285051003353</TT>
      <CFMAX>2.0660126361887956</CFMAX>
      <SP>0</SP>
      <SFCF>0.87150797734473828</SFCF>
      <CFR>0.099999414009021681</CFR>
      <CWH>0.1789619275085225</CWH>
      <CFGlacier>1</CFGlacier>
      <CFSlope>1</CFSlope>
      <FC>519.18938223608518</FC>
      <LP>0.77036969702483626</LP>
      <BETA>5.70920602870059</BETA>
    </VegetationZoneParameters>
  </VegetationZone>
  <SubCatchment>
    <SubCatchmentParameters>
      <KSI>0.001</KSI>
      <KGmin>0.05</KGmin>
      <RangeKG>0.1</RangeKG>
      <AG>0.1</AG>
      <PERC>5.2183942318275731</PERC>
      <Alpha>0</Alpha>
      <UZL>125.90882144199541</UZL>
      <K0>0.283191266709768</K0>
      <K1>0.085032023447616178</K1>
      <K2>0.12926798490513169</K2>
      <MAXBAS>1.0047179962272892</MAXBAS>
      <Cet>0</Cet>
      <PCALT>10</PCALT>
      <TCALT>0.6</TCALT>
      <Pelev>3165</Pelev>
      <Telev>3224</Telev>
      <PART>0.5</PART>
      <DELAY>1</DELAY>
    </SubCatchmentParameters>
    <SubCatchmentVegetationZone>
      <SubCatchmentVegetationZoneParameters>
        <TT>-0.95600285051003353</TT>
        <CFMAX>2.0660126361887956</CFMAX>
        <SP>0</SP>
        <SFCF>0.87150797734473828</SFCF>
        <CFR>0.099999414009021681</CFR>
        <CWH>0.1789619275085225</CWH>
        <CFGlacier>1</CFGlacier>
        <CFSlope>1</CFSlope>
        <FC>519.18938223608518</FC>
        <LP>0.77036969702483626</LP>
        <BETA>5.70920602870059</BETA>
      </SubCatchmentVegetationZoneParameters>
    </SubCatchmentVegetationZone>
  </SubCatchment>
</Catchment>