<?xml version="1.0" encoding="utf-8"?>
<Catchment xmlns:xsi="http://www.w3.org/2001/XMLSchema-instance" xmlns:xsd="http://www.w3.org/2001/XMLSchema">
  <CatchmentParameters>
    <KSI>0.001</KSI>
    <KGmin>0.05</KGmin>
    <RangeKG>0.1</RangeKG>
    <AG>0.1</AG>
    <PERC>6.7663099904248032</PERC>
    <Alpha>0</Alpha>
    <UZL>113.40366467982203</UZL>
    <K0>0.32724575816567414</K0>
    <K1>0.087049213273415624</K1>
    <K2>0.11999916941276689</K2>
    <MAXBAS>1.0001004049443745</MAXBAS>
    <Cet>0</Cet>
    <PCALT>10</PCALT>
    <TCALT>0.6</TCALT>
    <Pelev>3165</Pelev>
    <Telev>3224</Telev>
    <PART>0.5</PART>
    <DELAY>1</DELAY>
  </CatchmentParameters>
  <VegetationZone>
    <VegetationZoneParameters>
      <TT>0.74399569868180626</TT>
      <CFMAX>3.0333858491551347</CFMAX>
      <SP>0</SP>
      <SFCF>0.75253871122534644</SFCF>
      <CFR>0.068651297203878622</CFR>
      <CWH>0.1000014363271584</CWH>
      <CFGlacier>1</CFGlacier>
      <CFSlope>1</CFSlope>
      <FC>431.5778038741858</FC>
      <LP>0.99999894467345307</LP>
      <BETA>4.4470385232029983</BETA>
    </VegetationZoneParameters>
  </VegetationZone>
  <SubCatchment>
    <SubCatchmentParameters>
      <KSI>0.001</KSI>
      <KGmin>0.05</KGmin>
      <RangeKG>0.1</RangeKG>
      <AG>0.1</AG>
      <PERC>6.7663099904248032</PERC>
      <Alpha>0</Alpha>
      <UZL>113.40366467982203</UZL>
      <K0>0.32724575816567414</K0>
      <K1>0.087049213273415624</K1>
      <K2>0.11999916941276689</K2>
      <MAXBAS>1.0001004049443745</MAXBAS>
      <Cet>0</Cet>
      <PCALT>10</PCALT>
      <TCALT>0.6</TCALT>
      <Pelev>3165</Pelev>
      <Telev>3224</Telev>
      <PART>0.5</PART>
      <DELAY>1</DELAY>
    </SubCatchmentParameters>
    <SubCatchmentVegetationZone>
      <SubCatchmentVegetationZoneParameters>
        <TT>0.74399569868180626</TT>
        <CFMAX>3.0333858491551347</CFMAX>
        <SP>0</SP>
        <SFCF>0.75253871122534644</SFCF>
        <CFR>0.068651297203878622</CFR>
        <CWH>0.1000014363271584</CWH>
        <CFGlacier>1</CFGlacier>
        <CFSlope>1</CFSlope>
        <FC>431.5778038741858</FC>
        <LP>0.99999894467345307</LP>
        <BETA>4.4470385232029983</BETA>
      </SubCatchmentVegetationZoneParameters>
    </SubCatchmentVegetationZone>
  </SubCatchment>
</Catchment>