<?xml version="1.0" encoding="utf-8"?>
<Catchment xmlns:xsi="http://www.w3.org/2001/XMLSchema-instance" xmlns:xsd="http://www.w3.org/2001/XMLSchema">
  <CatchmentParameters>
    <KSI>0.001</KSI>
    <KGmin>0.05</KGmin>
    <RangeKG>0.1</RangeKG>
    <AG>0.1</AG>
    <PERC>6.040934075533964</PERC>
    <Alpha>0</Alpha>
    <UZL>147.22143208743253</UZL>
    <K0>0.17175840271623105</K0>
    <K1>0.087783352955914676</K1>
    <K2>0.13435326334533518</K2>
    <MAXBAS>1.0000973954452572</MAXBAS>
    <Cet>0</Cet>
    <PCALT>10</PCALT>
    <TCALT>0.6</TCALT>
    <Pelev>3165</Pelev>
    <Telev>3224</Telev>
    <PART>0.5</PART>
    <DELAY>1</DELAY>
  </CatchmentParameters>
  <VegetationZone>
    <VegetationZoneParameters>
      <TT>1.2040010873116704</TT>
      <CFMAX>3.9512288000806981</CFMAX>
      <SP>0</SP>
      <SFCF>0.83067829473808319</SFCF>
      <CFR>0.044107215817352767</CFR>
      <CWH>0.10000015098966651</CWH>
      <CFGlacier>1</CFGlacier>
      <CFSlope>1</CFSlope>
      <FC>615.35381909779244</FC>
      <LP>0.9924833193374899</LP>
      <BETA>3.6722034255691289</BETA>
    </VegetationZoneParameters>
  </VegetationZone>
  <SubCatchment>
    <SubCatchmentParameters>
      <KSI>0.001</KSI>
      <KGmin>0.05</KGmin>
      <RangeKG>0.1</RangeKG>
      <AG>0.1</AG>
      <PERC>6.040934075533964</PERC>
      <Alpha>0</Alpha>
      <UZL>147.22143208743253</UZL>
      <K0>0.17175840271623105</K0>
      <K1>0.087783352955914676</K1>
      <K2>0.13435326334533518</K2>
      <MAXBAS>1.0000973954452572</MAXBAS>
      <Cet>0</Cet>
      <PCALT>10</PCALT>
      <TCALT>0.6</TCALT>
      <Pelev>3165</Pelev>
      <Telev>3224</Telev>
      <PART>0.5</PART>
      <DELAY>1</DELAY>
    </SubCatchmentParameters>
    <SubCatchmentVegetationZone>
      <SubCatchmentVegetationZoneParameters>
        <TT>1.2040010873116704</TT>
        <CFMAX>3.9512288000806981</CFMAX>
        <SP>0</SP>
        <SFCF>0.83067829473808319</SFCF>
        <CFR>0.044107215817352767</CFR>
        <CWH>0.10000015098966651</CWH>
        <CFGlacier>1</CFGlacier>
        <CFSlope>1</CFSlope>
        <FC>615.35381909779244</FC>
        <LP>0.9924833193374899</LP>
        <BETA>3.6722034255691289</BETA>
      </SubCatchmentVegetationZoneParameters>
    </SubCatchmentVegetationZone>
  </SubCatchment>
</Catchment>