<?xml version="1.0" encoding="utf-8"?>
<Catchment xmlns:xsi="http://www.w3.org/2001/XMLSchema-instance" xmlns:xsd="http://www.w3.org/2001/XMLSchema">
  <CatchmentParameters>
    <KSI>0.001</KSI>
    <KGmin>0.05</KGmin>
    <RangeKG>0.1</RangeKG>
    <AG>0.1</AG>
    <PERC>0.25506362825370033</PERC>
    <Alpha>0</Alpha>
    <UZL>129.59420586810794</UZL>
    <K0>0.29895009520899662</K0>
    <K1>0.11388799598499974</K1>
    <K2>0.010000003128089546</K2>
    <MAXBAS>1</MAXBAS>
    <Cet>0</Cet>
    <PCALT>10</PCALT>
    <TCALT>0.6</TCALT>
    <Pelev>3165</Pelev>
    <Telev>3224</Telev>
    <PART>0.5</PART>
    <DELAY>1</DELAY>
  </CatchmentParameters>
  <VegetationZone>
    <VegetationZoneParameters>
      <TT>-0.95600771748282365</TT>
      <CFMAX>2.2744047620029213</CFMAX>
      <SP>0</SP>
      <SFCF>0.97829669431745458</SFCF>
      <CFR>0.099999618834033216</CFR>
      <CWH>0.19262246890775595</CWH>
      <CFGlacier>1</CFGlacier>
      <CFSlope>1</CFSlope>
      <FC>936.80817272869649</FC>
      <LP>0.90458127006696487</LP>
      <BETA>2.8927981553831694</BETA>
    </VegetationZoneParameters>
  </VegetationZone>
  <SubCatchment>
    <SubCatchmentParameters>
      <KSI>0.001</KSI>
      <KGmin>0.05</KGmin>
      <RangeKG>0.1</RangeKG>
      <AG>0.1</AG>
      <PERC>0.25506362825370033</PERC>
      <Alpha>0</Alpha>
      <UZL>129.59420586810794</UZL>
      <K0>0.29895009520899662</K0>
      <K1>0.11388799598499974</K1>
      <K2>0.010000003128089546</K2>
      <MAXBAS>1</MAXBAS>
      <Cet>0</Cet>
      <PCALT>10</PCALT>
      <TCALT>0.6</TCALT>
      <Pelev>3165</Pelev>
      <Telev>3224</Telev>
      <PART>0.5</PART>
      <DELAY>1</DELAY>
    </SubCatchmentParameters>
    <SubCatchmentVegetationZone>
      <SubCatchmentVegetationZoneParameters>
        <TT>-0.95600771748282365</TT>
        <CFMAX>2.2744047620029213</CFMAX>
        <SP>0</SP>
        <SFCF>0.97829669431745458</SFCF>
        <CFR>0.099999618834033216</CFR>
        <CWH>0.19262246890775595</CWH>
        <CFGlacier>1</CFGlacier>
        <CFSlope>1</CFSlope>
        <FC>936.80817272869649</FC>
        <LP>0.90458127006696487</LP>
        <BETA>2.8927981553831694</BETA>
      </SubCatchmentVegetationZoneParameters>
    </SubCatchmentVegetationZone>
  </SubCatchment>
</Catchment>