<?xml version="1.0" encoding="utf-8"?>
<Catchment xmlns:xsi="http://www.w3.org/2001/XMLSchema-instance" xmlns:xsd="http://www.w3.org/2001/XMLSchema">
  <CatchmentParameters>
    <KSI>0.001</KSI>
    <KGmin>0.05</KGmin>
    <RangeKG>0.1</RangeKG>
    <AG>0.1</AG>
    <PERC>0.26514635717830487</PERC>
    <Alpha>0</Alpha>
    <UZL>148.0932669901072</UZL>
    <K0>0.50477088073298892</K0>
    <K1>0.10884769056628951</K1>
    <K2>0.010000002530268249</K2>
    <MAXBAS>1</MAXBAS>
    <Cet>0</Cet>
    <PCALT>10</PCALT>
    <TCALT>0.6</TCALT>
    <Pelev>3165</Pelev>
    <Telev>3224</Telev>
    <PART>0.5</PART>
    <DELAY>1</DELAY>
  </CatchmentParameters>
  <VegetationZone>
    <VegetationZoneParameters>
      <TT>-0.16214513424054161</TT>
      <CFMAX>3.6479505197387554</CFMAX>
      <SP>0</SP>
      <SFCF>1.1334835457650223</SFCF>
      <CFR>0.099998585452558089</CFR>
      <CWH>0.10824527132739813</CWH>
      <CFGlacier>1</CFGlacier>
      <CFSlope>1</CFSlope>
      <FC>1541.708549982005</FC>
      <LP>0.81483134552902925</LP>
      <BETA>3.502059011543539</BETA>
    </VegetationZoneParameters>
  </VegetationZone>
  <SubCatchment>
    <SubCatchmentParameters>
      <KSI>0.001</KSI>
      <KGmin>0.05</KGmin>
      <RangeKG>0.1</RangeKG>
      <AG>0.1</AG>
      <PERC>0.26514635717830487</PERC>
      <Alpha>0</Alpha>
      <UZL>148.0932669901072</UZL>
      <K0>0.50477088073298892</K0>
      <K1>0.10884769056628951</K1>
      <K2>0.010000002530268249</K2>
      <MAXBAS>1</MAXBAS>
      <Cet>0</Cet>
      <PCALT>10</PCALT>
      <TCALT>0.6</TCALT>
      <Pelev>3165</Pelev>
      <Telev>3224</Telev>
      <PART>0.5</PART>
      <DELAY>1</DELAY>
    </SubCatchmentParameters>
    <SubCatchmentVegetationZone>
      <SubCatchmentVegetationZoneParameters>
        <TT>-0.16214513424054161</TT>
        <CFMAX>3.6479505197387554</CFMAX>
        <SP>0</SP>
        <SFCF>1.1334835457650223</SFCF>
        <CFR>0.099998585452558089</CFR>
        <CWH>0.10824527132739813</CWH>
        <CFGlacier>1</CFGlacier>
        <CFSlope>1</CFSlope>
        <FC>1541.708549982005</FC>
        <LP>0.81483134552902925</LP>
        <BETA>3.502059011543539</BETA>
      </SubCatchmentVegetationZoneParameters>
    </SubCatchmentVegetationZone>
  </SubCatchment>
</Catchment>