<?xml version="1.0" encoding="utf-8"?>
<Catchment xmlns:xsi="http://www.w3.org/2001/XMLSchema-instance" xmlns:xsd="http://www.w3.org/2001/XMLSchema">
  <CatchmentParameters>
    <KSI>0.001</KSI>
    <KGmin>0.05</KGmin>
    <RangeKG>0.1</RangeKG>
    <AG>0.1</AG>
    <PERC>5.8751333913979717</PERC>
    <Alpha>0</Alpha>
    <UZL>166.54825521142575</UZL>
    <K0>0.32672880256417969</K0>
    <K1>0.077256260878654254</K1>
    <K2>0.11954210308363347</K2>
    <MAXBAS>1.0049628142210183</MAXBAS>
    <Cet>0</Cet>
    <PCALT>10</PCALT>
    <TCALT>0.6</TCALT>
    <Pelev>3165</Pelev>
    <Telev>3224</Telev>
    <PART>0.5</PART>
    <DELAY>1</DELAY>
  </CatchmentParameters>
  <VegetationZone>
    <VegetationZoneParameters>
      <TT>0.68667649667777086</TT>
      <CFMAX>3.94845768415013</CFMAX>
      <SP>0</SP>
      <SFCF>0.91990739734721982</SFCF>
      <CFR>0.068147627536691638</CFR>
      <CWH>0.10000000003948385</CWH>
      <CFGlacier>1</CFGlacier>
      <CFSlope>1</CFSlope>
      <FC>633.46816787660464</FC>
      <LP>0.8009588237042653</LP>
      <BETA>3.4145289133871475</BETA>
    </VegetationZoneParameters>
  </VegetationZone>
  <SubCatchment>
    <SubCatchmentParameters>
      <KSI>0.001</KSI>
      <KGmin>0.05</KGmin>
      <RangeKG>0.1</RangeKG>
      <AG>0.1</AG>
      <PERC>5.8751333913979717</PERC>
      <Alpha>0</Alpha>
      <UZL>166.54825521142575</UZL>
      <K0>0.32672880256417969</K0>
      <K1>0.077256260878654254</K1>
      <K2>0.11954210308363347</K2>
      <MAXBAS>1.0049628142210183</MAXBAS>
      <Cet>0</Cet>
      <PCALT>10</PCALT>
      <TCALT>0.6</TCALT>
      <Pelev>3165</Pelev>
      <Telev>3224</Telev>
      <PART>0.5</PART>
      <DELAY>1</DELAY>
    </SubCatchmentParameters>
    <SubCatchmentVegetationZone>
      <SubCatchmentVegetationZoneParameters>
        <TT>0.68667649667777086</TT>
        <CFMAX>3.94845768415013</CFMAX>
        <SP>0</SP>
        <SFCF>0.91990739734721982</SFCF>
        <CFR>0.068147627536691638</CFR>
        <CWH>0.10000000003948385</CWH>
        <CFGlacier>1</CFGlacier>
        <CFSlope>1</CFSlope>
        <FC>633.46816787660464</FC>
        <LP>0.8009588237042653</LP>
        <BETA>3.4145289133871475</BETA>
      </SubCatchmentVegetationZoneParameters>
    </SubCatchmentVegetationZone>
  </SubCatchment>
</Catchment>