<?xml version="1.0" encoding="utf-8"?>
<Catchment xmlns:xsi="http://www.w3.org/2001/XMLSchema-instance" xmlns:xsd="http://www.w3.org/2001/XMLSchema">
  <CatchmentParameters>
    <KSI>0.001</KSI>
    <KGmin>0.05</KGmin>
    <RangeKG>0.1</RangeKG>
    <AG>0.1</AG>
    <PERC>5.6659094035589206</PERC>
    <Alpha>0</Alpha>
    <UZL>174.31164869240837</UZL>
    <K0>0.077326646846961875</K0>
    <K1>0.085516736667752266</K1>
    <K2>0.12746934975084484</K2>
    <MAXBAS>1.0042764245224369</MAXBAS>
    <Cet>0</Cet>
    <PCALT>10</PCALT>
    <TCALT>0.6</TCALT>
    <Pelev>3165</Pelev>
    <Telev>3224</Telev>
    <PART>0.5</PART>
    <DELAY>1</DELAY>
  </CatchmentParameters>
  <VegetationZone>
    <VegetationZoneParameters>
      <TT>1.1020994971234608</TT>
      <CFMAX>3.8738308941512769</CFMAX>
      <SP>0</SP>
      <SFCF>0.834648131448526</SFCF>
      <CFR>0.048612894758049925</CFR>
      <CWH>0.10000007398353615</CWH>
      <CFGlacier>1</CFGlacier>
      <CFSlope>1</CFSlope>
      <FC>557.64825041137749</FC>
      <LP>0.91000570029829686</LP>
      <BETA>3.5341207577022926</BETA>
    </VegetationZoneParameters>
  </VegetationZone>
  <SubCatchment>
    <SubCatchmentParameters>
      <KSI>0.001</KSI>
      <KGmin>0.05</KGmin>
      <RangeKG>0.1</RangeKG>
      <AG>0.1</AG>
      <PERC>5.6659094035589206</PERC>
      <Alpha>0</Alpha>
      <UZL>174.31164869240837</UZL>
      <K0>0.077326646846961875</K0>
      <K1>0.085516736667752266</K1>
      <K2>0.12746934975084484</K2>
      <MAXBAS>1.0042764245224369</MAXBAS>
      <Cet>0</Cet>
      <PCALT>10</PCALT>
      <TCALT>0.6</TCALT>
      <Pelev>3165</Pelev>
      <Telev>3224</Telev>
      <PART>0.5</PART>
      <DELAY>1</DELAY>
    </SubCatchmentParameters>
    <SubCatchmentVegetationZone>
      <SubCatchmentVegetationZoneParameters>
        <TT>1.1020994971234608</TT>
        <CFMAX>3.8738308941512769</CFMAX>
        <SP>0</SP>
        <SFCF>0.834648131448526</SFCF>
        <CFR>0.048612894758049925</CFR>
        <CWH>0.10000007398353615</CWH>
        <CFGlacier>1</CFGlacier>
        <CFSlope>1</CFSlope>
        <FC>557.64825041137749</FC>
        <LP>0.91000570029829686</LP>
        <BETA>3.5341207577022926</BETA>
      </SubCatchmentVegetationZoneParameters>
    </SubCatchmentVegetationZone>
  </SubCatchment>
</Catchment>