<?xml version="1.0" encoding="utf-8"?>
<Catchment xmlns:xsi="http://www.w3.org/2001/XMLSchema-instance" xmlns:xsd="http://www.w3.org/2001/XMLSchema">
  <CatchmentParameters>
    <KSI>0.001</KSI>
    <KGmin>0.05</KGmin>
    <RangeKG>0.1</RangeKG>
    <AG>0.1</AG>
    <PERC>7.3618259540894391</PERC>
    <Alpha>0</Alpha>
    <UZL>121.59901326293807</UZL>
    <K0>0.24207827656595235</K0>
    <K1>0.086549899374088954</K1>
    <K2>0.10906644517940865</K2>
    <MAXBAS>1.0049785203931325</MAXBAS>
    <Cet>0</Cet>
    <PCALT>10</PCALT>
    <TCALT>0.6</TCALT>
    <Pelev>3165</Pelev>
    <Telev>3224</Telev>
    <PART>0.5</PART>
    <DELAY>1</DELAY>
  </CatchmentParameters>
  <VegetationZone>
    <VegetationZoneParameters>
      <TT>1.1216433575834326</TT>
      <CFMAX>3.3240221172483588</CFMAX>
      <SP>0</SP>
      <SFCF>0.73715134829971229</SFCF>
      <CFR>0.049848109348804445</CFR>
      <CWH>0.1000000005180595</CWH>
      <CFGlacier>1</CFGlacier>
      <CFSlope>1</CFSlope>
      <FC>381.38280250379592</FC>
      <LP>0.97607799264750084</LP>
      <BETA>4.069713625417001</BETA>
    </VegetationZoneParameters>
  </VegetationZone>
  <SubCatchment>
    <SubCatchmentParameters>
      <KSI>0.001</KSI>
      <KGmin>0.05</KGmin>
      <RangeKG>0.1</RangeKG>
      <AG>0.1</AG>
      <PERC>7.3618259540894391</PERC>
      <Alpha>0</Alpha>
      <UZL>121.59901326293807</UZL>
      <K0>0.24207827656595235</K0>
      <K1>0.086549899374088954</K1>
      <K2>0.10906644517940865</K2>
      <MAXBAS>1.0049785203931325</MAXBAS>
      <Cet>0</Cet>
      <PCALT>10</PCALT>
      <TCALT>0.6</TCALT>
      <Pelev>3165</Pelev>
      <Telev>3224</Telev>
      <PART>0.5</PART>
      <DELAY>1</DELAY>
    </SubCatchmentParameters>
    <SubCatchmentVegetationZone>
      <SubCatchmentVegetationZoneParameters>
        <TT>1.1216433575834326</TT>
        <CFMAX>3.3240221172483588</CFMAX>
        <SP>0</SP>
        <SFCF>0.73715134829971229</SFCF>
        <CFR>0.049848109348804445</CFR>
        <CWH>0.1000000005180595</CWH>
        <CFGlacier>1</CFGlacier>
        <CFSlope>1</CFSlope>
        <FC>381.38280250379592</FC>
        <LP>0.97607799264750084</LP>
        <BETA>4.069713625417001</BETA>
      </SubCatchmentVegetationZoneParameters>
    </SubCatchmentVegetationZone>
  </SubCatchment>
</Catchment>