<?xml version="1.0" encoding="utf-8"?>
<Catchment xmlns:xsi="http://www.w3.org/2001/XMLSchema-instance" xmlns:xsd="http://www.w3.org/2001/XMLSchema">
  <CatchmentParameters>
    <KSI>0.001</KSI>
    <KGmin>0.05</KGmin>
    <RangeKG>0.1</RangeKG>
    <AG>0.1</AG>
    <PERC>0.26707148981281265</PERC>
    <Alpha>0</Alpha>
    <UZL>124.57672482877403</UZL>
    <K0>0.534755917701605</K0>
    <K1>0.12350064748572177</K1>
    <K2>0.010000068369584024</K2>
    <MAXBAS>1</MAXBAS>
    <Cet>0</Cet>
    <PCALT>10</PCALT>
    <TCALT>0.6</TCALT>
    <Pelev>3165</Pelev>
    <Telev>3224</Telev>
    <PART>0.5</PART>
    <DELAY>1</DELAY>
  </CatchmentParameters>
  <VegetationZone>
    <VegetationZoneParameters>
      <TT>-0.79601614937185994</TT>
      <CFMAX>2.9353074835719379</CFMAX>
      <SP>0</SP>
      <SFCF>1.1981238219336885</SFCF>
      <CFR>0.099998464887158259</CFR>
      <CWH>0.10000038070812618</CWH>
      <CFGlacier>1</CFGlacier>
      <CFSlope>1</CFSlope>
      <FC>1476.5282401479087</FC>
      <LP>0.68589074375647818</LP>
      <BETA>3.0070638059085133</BETA>
    </VegetationZoneParameters>
  </VegetationZone>
  <SubCatchment>
    <SubCatchmentParameters>
      <KSI>0.001</KSI>
      <KGmin>0.05</KGmin>
      <RangeKG>0.1</RangeKG>
      <AG>0.1</AG>
      <PERC>0.26707148981281265</PERC>
      <Alpha>0</Alpha>
      <UZL>124.57672482877403</UZL>
      <K0>0.534755917701605</K0>
      <K1>0.12350064748572177</K1>
      <K2>0.010000068369584024</K2>
      <MAXBAS>1</MAXBAS>
      <Cet>0</Cet>
      <PCALT>10</PCALT>
      <TCALT>0.6</TCALT>
      <Pelev>3165</Pelev>
      <Telev>3224</Telev>
      <PART>0.5</PART>
      <DELAY>1</DELAY>
    </SubCatchmentParameters>
    <SubCatchmentVegetationZone>
      <SubCatchmentVegetationZoneParameters>
        <TT>-0.79601614937185994</TT>
        <CFMAX>2.9353074835719379</CFMAX>
        <SP>0</SP>
        <SFCF>1.1981238219336885</SFCF>
        <CFR>0.099998464887158259</CFR>
        <CWH>0.10000038070812618</CWH>
        <CFGlacier>1</CFGlacier>
        <CFSlope>1</CFSlope>
        <FC>1476.5282401479087</FC>
        <LP>0.68589074375647818</LP>
        <BETA>3.0070638059085133</BETA>
      </SubCatchmentVegetationZoneParameters>
    </SubCatchmentVegetationZone>
  </SubCatchment>
</Catchment>