<?xml version="1.0" encoding="utf-8"?>
<Catchment xmlns:xsi="http://www.w3.org/2001/XMLSchema-instance" xmlns:xsd="http://www.w3.org/2001/XMLSchema">
  <CatchmentParameters>
    <KSI>0.001</KSI>
    <KGmin>0.05</KGmin>
    <RangeKG>0.1</RangeKG>
    <AG>0.1</AG>
    <PERC>0.32896193809705804</PERC>
    <Alpha>0</Alpha>
    <UZL>141.54556987408211</UZL>
    <K0>0.075491925413154859</K0>
    <K1>0.1118178436032698</K1>
    <K2>0.018221010273018017</K2>
    <MAXBAS>1</MAXBAS>
    <Cet>0</Cet>
    <PCALT>10</PCALT>
    <TCALT>0.6</TCALT>
    <Pelev>3165</Pelev>
    <Telev>3224</Telev>
    <PART>0.5</PART>
    <DELAY>1</DELAY>
  </CatchmentParameters>
  <VegetationZone>
    <VegetationZoneParameters>
      <TT>-0.63600043681527463</TT>
      <CFMAX>2.8210571152514676</CFMAX>
      <SP>0</SP>
      <SFCF>1.0565609055062408</SFCF>
      <CFR>0.099999214087836366</CFR>
      <CWH>0.10002149760963625</CWH>
      <CFGlacier>1</CFGlacier>
      <CFSlope>1</CFSlope>
      <FC>1285.5845467412257</FC>
      <LP>0.87918454851336347</LP>
      <BETA>3.2125581022803882</BETA>
    </VegetationZoneParameters>
  </VegetationZone>
  <SubCatchment>
    <SubCatchmentParameters>
      <KSI>0.001</KSI>
      <KGmin>0.05</KGmin>
      <RangeKG>0.1</RangeKG>
      <AG>0.1</AG>
      <PERC>0.32896193809705804</PERC>
      <Alpha>0</Alpha>
      <UZL>141.54556987408211</UZL>
      <K0>0.075491925413154859</K0>
      <K1>0.1118178436032698</K1>
      <K2>0.018221010273018017</K2>
      <MAXBAS>1</MAXBAS>
      <Cet>0</Cet>
      <PCALT>10</PCALT>
      <TCALT>0.6</TCALT>
      <Pelev>3165</Pelev>
      <Telev>3224</Telev>
      <PART>0.5</PART>
      <DELAY>1</DELAY>
    </SubCatchmentParameters>
    <SubCatchmentVegetationZone>
      <SubCatchmentVegetationZoneParameters>
        <TT>-0.63600043681527463</TT>
        <CFMAX>2.8210571152514676</CFMAX>
        <SP>0</SP>
        <SFCF>1.0565609055062408</SFCF>
        <CFR>0.099999214087836366</CFR>
        <CWH>0.10002149760963625</CWH>
        <CFGlacier>1</CFGlacier>
        <CFSlope>1</CFSlope>
        <FC>1285.5845467412257</FC>
        <LP>0.87918454851336347</LP>
        <BETA>3.2125581022803882</BETA>
      </SubCatchmentVegetationZoneParameters>
    </SubCatchmentVegetationZone>
  </SubCatchment>
</Catchment>