<?xml version="1.0" encoding="utf-8"?>
<Catchment xmlns:xsi="http://www.w3.org/2001/XMLSchema-instance" xmlns:xsd="http://www.w3.org/2001/XMLSchema">
  <CatchmentParameters>
    <KSI>0.001</KSI>
    <KGmin>0.05</KGmin>
    <RangeKG>0.1</RangeKG>
    <AG>0.1</AG>
    <PERC>9.9996914444751841</PERC>
    <Alpha>0</Alpha>
    <UZL>97.388785219512314</UZL>
    <K0>0.050004026899813515</K0>
    <K1>0.10536750266928069</K1>
    <K2>0.0947902132255619</K2>
    <MAXBAS>1.0001255187260192</MAXBAS>
    <Cet>0</Cet>
    <PCALT>10</PCALT>
    <TCALT>0.6</TCALT>
    <Pelev>3165</Pelev>
    <Telev>3224</Telev>
    <PART>0.5</PART>
    <DELAY>1</DELAY>
  </CatchmentParameters>
  <VegetationZone>
    <VegetationZoneParameters>
      <TT>0.5040038900922611</TT>
      <CFMAX>2.7693503827691659</CFMAX>
      <SP>0</SP>
      <SFCF>0.74218506740461221</SFCF>
      <CFR>0.082577786836071282</CFR>
      <CWH>0.1000001809905063</CWH>
      <CFGlacier>1</CFGlacier>
      <CFSlope>1</CFSlope>
      <FC>348.24764233403971</FC>
      <LP>0.85714715657054819</LP>
      <BETA>4.4119983362765636</BETA>
    </VegetationZoneParameters>
  </VegetationZone>
  <SubCatchment>
    <SubCatchmentParameters>
      <KSI>0.001</KSI>
      <KGmin>0.05</KGmin>
      <RangeKG>0.1</RangeKG>
      <AG>0.1</AG>
      <PERC>9.9996914444751841</PERC>
      <Alpha>0</Alpha>
      <UZL>97.388785219512314</UZL>
      <K0>0.050004026899813515</K0>
      <K1>0.10536750266928069</K1>
      <K2>0.0947902132255619</K2>
      <MAXBAS>1.0001255187260192</MAXBAS>
      <Cet>0</Cet>
      <PCALT>10</PCALT>
      <TCALT>0.6</TCALT>
      <Pelev>3165</Pelev>
      <Telev>3224</Telev>
      <PART>0.5</PART>
      <DELAY>1</DELAY>
    </SubCatchmentParameters>
    <SubCatchmentVegetationZone>
      <SubCatchmentVegetationZoneParameters>
        <TT>0.5040038900922611</TT>
        <CFMAX>2.7693503827691659</CFMAX>
        <SP>0</SP>
        <SFCF>0.74218506740461221</SFCF>
        <CFR>0.082577786836071282</CFR>
        <CWH>0.1000001809905063</CWH>
        <CFGlacier>1</CFGlacier>
        <CFSlope>1</CFSlope>
        <FC>348.24764233403971</FC>
        <LP>0.85714715657054819</LP>
        <BETA>4.4119983362765636</BETA>
      </SubCatchmentVegetationZoneParameters>
    </SubCatchmentVegetationZone>
  </SubCatchment>
</Catchment>