<?xml version="1.0" encoding="utf-8"?>
<Catchment xmlns:xsi="http://www.w3.org/2001/XMLSchema-instance" xmlns:xsd="http://www.w3.org/2001/XMLSchema">
  <CatchmentParameters>
    <KSI>0.001</KSI>
    <KGmin>0.05</KGmin>
    <RangeKG>0.1</RangeKG>
    <AG>0.1</AG>
    <PERC>9.99998852140688</PERC>
    <Alpha>0</Alpha>
    <UZL>63.071790734313453</UZL>
    <K0>0.46363475758945921</K0>
    <K1>0.56598265663629743</K1>
    <K2>0.12395648241801854</K2>
    <MAXBAS>1.0003178922360412</MAXBAS>
    <Cet>0</Cet>
    <PCALT>10</PCALT>
    <TCALT>0.6</TCALT>
    <Pelev>3165</Pelev>
    <Telev>3224</Telev>
    <PART>0.5</PART>
    <DELAY>1</DELAY>
  </CatchmentParameters>
  <VegetationZone>
    <VegetationZoneParameters>
      <TT>0.53571906954407844</TT>
      <CFMAX>1.8153524031082617</CFMAX>
      <SP>0</SP>
      <SFCF>0.60124146501640585</SFCF>
      <CFR>0.0916815670874225</CFR>
      <CWH>0.10000099694204931</CWH>
      <CFGlacier>1</CFGlacier>
      <CFSlope>1</CFSlope>
      <FC>197.01382243486759</FC>
      <LP>0.65525870218837645</LP>
      <BETA>4.8462716819004807</BETA>
    </VegetationZoneParameters>
  </VegetationZone>
  <SubCatchment>
    <SubCatchmentParameters>
      <KSI>0.001</KSI>
      <KGmin>0.05</KGmin>
      <RangeKG>0.1</RangeKG>
      <AG>0.1</AG>
      <PERC>9.99998852140688</PERC>
      <Alpha>0</Alpha>
      <UZL>63.071790734313453</UZL>
      <K0>0.46363475758945921</K0>
      <K1>0.56598265663629743</K1>
      <K2>0.12395648241801854</K2>
      <MAXBAS>1.0003178922360412</MAXBAS>
      <Cet>0</Cet>
      <PCALT>10</PCALT>
      <TCALT>0.6</TCALT>
      <Pelev>3165</Pelev>
      <Telev>3224</Telev>
      <PART>0.5</PART>
      <DELAY>1</DELAY>
    </SubCatchmentParameters>
    <SubCatchmentVegetationZone>
      <SubCatchmentVegetationZoneParameters>
        <TT>0.53571906954407844</TT>
        <CFMAX>1.8153524031082617</CFMAX>
        <SP>0</SP>
        <SFCF>0.60124146501640585</SFCF>
        <CFR>0.0916815670874225</CFR>
        <CWH>0.10000099694204931</CWH>
        <CFGlacier>1</CFGlacier>
        <CFSlope>1</CFSlope>
        <FC>197.01382243486759</FC>
        <LP>0.65525870218837645</LP>
        <BETA>4.8462716819004807</BETA>
      </SubCatchmentVegetationZoneParameters>
    </SubCatchmentVegetationZone>
  </SubCatchment>
</Catchment>