<?xml version="1.0" encoding="utf-8"?>
<Catchment xmlns:xsi="http://www.w3.org/2001/XMLSchema-instance" xmlns:xsd="http://www.w3.org/2001/XMLSchema">
  <CatchmentParameters>
    <KSI>0.001</KSI>
    <KGmin>0.05</KGmin>
    <RangeKG>0.1</RangeKG>
    <AG>0.1</AG>
    <PERC>5.6134203798680682</PERC>
    <Alpha>0</Alpha>
    <UZL>133.80628861000778</UZL>
    <K0>0.11902645517254686</K0>
    <K1>0.08301460624175365</K1>
    <K2>0.12246232344886429</K2>
    <MAXBAS>1.0049381617401132</MAXBAS>
    <Cet>0</Cet>
    <PCALT>10</PCALT>
    <TCALT>0.6</TCALT>
    <Pelev>3165</Pelev>
    <Telev>3224</Telev>
    <PART>0.5</PART>
    <DELAY>1</DELAY>
  </CatchmentParameters>
  <VegetationZone>
    <VegetationZoneParameters>
      <TT>0.043992506852920638</TT>
      <CFMAX>3.1743530576840056</CFMAX>
      <SP>0</SP>
      <SFCF>0.90568875468456556</SFCF>
      <CFR>0.099999756284092342</CFR>
      <CWH>0.10000000118555605</CWH>
      <CFGlacier>1</CFGlacier>
      <CFSlope>1</CFSlope>
      <FC>596.645936997964</FC>
      <LP>0.80522324978644533</LP>
      <BETA>4.000975123311977</BETA>
    </VegetationZoneParameters>
  </VegetationZone>
  <SubCatchment>
    <SubCatchmentParameters>
      <KSI>0.001</KSI>
      <KGmin>0.05</KGmin>
      <RangeKG>0.1</RangeKG>
      <AG>0.1</AG>
      <PERC>5.6134203798680682</PERC>
      <Alpha>0</Alpha>
      <UZL>133.80628861000778</UZL>
      <K0>0.11902645517254686</K0>
      <K1>0.08301460624175365</K1>
      <K2>0.12246232344886429</K2>
      <MAXBAS>1.0049381617401132</MAXBAS>
      <Cet>0</Cet>
      <PCALT>10</PCALT>
      <TCALT>0.6</TCALT>
      <Pelev>3165</Pelev>
      <Telev>3224</Telev>
      <PART>0.5</PART>
      <DELAY>1</DELAY>
    </SubCatchmentParameters>
    <SubCatchmentVegetationZone>
      <SubCatchmentVegetationZoneParameters>
        <TT>0.043992506852920638</TT>
        <CFMAX>3.1743530576840056</CFMAX>
        <SP>0</SP>
        <SFCF>0.90568875468456556</SFCF>
        <CFR>0.099999756284092342</CFR>
        <CWH>0.10000000118555605</CWH>
        <CFGlacier>1</CFGlacier>
        <CFSlope>1</CFSlope>
        <FC>596.645936997964</FC>
        <LP>0.80522324978644533</LP>
        <BETA>4.000975123311977</BETA>
      </SubCatchmentVegetationZoneParameters>
    </SubCatchmentVegetationZone>
  </SubCatchment>
</Catchment>