<?xml version="1.0" encoding="utf-8"?>
<Catchment xmlns:xsi="http://www.w3.org/2001/XMLSchema-instance" xmlns:xsd="http://www.w3.org/2001/XMLSchema">
  <CatchmentParameters>
    <KSI>0.001</KSI>
    <KGmin>0.05</KGmin>
    <RangeKG>0.1</RangeKG>
    <AG>0.1</AG>
    <PERC>7.9265673921093516</PERC>
    <Alpha>0</Alpha>
    <UZL>84.182746028052534</UZL>
    <K0>0.52659798486603082</K0>
    <K1>0.10314851063735787</K1>
    <K2>0.11303739840779094</K2>
    <MAXBAS>1.0000141227913444</MAXBAS>
    <Cet>0</Cet>
    <PCALT>10</PCALT>
    <TCALT>0.6</TCALT>
    <Pelev>3165</Pelev>
    <Telev>3224</Telev>
    <PART>0.5</PART>
    <DELAY>1</DELAY>
  </CatchmentParameters>
  <VegetationZone>
    <VegetationZoneParameters>
      <TT>0.503955642904258</TT>
      <CFMAX>2.9124710142513694</CFMAX>
      <SP>0</SP>
      <SFCF>0.79597859544214555</SFCF>
      <CFR>0.073584092394525541</CFR>
      <CWH>0.10000007235573567</CWH>
      <CFGlacier>1</CFGlacier>
      <CFSlope>1</CFSlope>
      <FC>475.03426291114926</FC>
      <LP>0.94184012838524622</LP>
      <BETA>3.9148254669268807</BETA>
    </VegetationZoneParameters>
  </VegetationZone>
  <SubCatchment>
    <SubCatchmentParameters>
      <KSI>0.001</KSI>
      <KGmin>0.05</KGmin>
      <RangeKG>0.1</RangeKG>
      <AG>0.1</AG>
      <PERC>7.9265673921093516</PERC>
      <Alpha>0</Alpha>
      <UZL>84.182746028052534</UZL>
      <K0>0.52659798486603082</K0>
      <K1>0.10314851063735787</K1>
      <K2>0.11303739840779094</K2>
      <MAXBAS>1.0000141227913444</MAXBAS>
      <Cet>0</Cet>
      <PCALT>10</PCALT>
      <TCALT>0.6</TCALT>
      <Pelev>3165</Pelev>
      <Telev>3224</Telev>
      <PART>0.5</PART>
      <DELAY>1</DELAY>
    </SubCatchmentParameters>
    <SubCatchmentVegetationZone>
      <SubCatchmentVegetationZoneParameters>
        <TT>0.503955642904258</TT>
        <CFMAX>2.9124710142513694</CFMAX>
        <SP>0</SP>
        <SFCF>0.79597859544214555</SFCF>
        <CFR>0.073584092394525541</CFR>
        <CWH>0.10000007235573567</CWH>
        <CFGlacier>1</CFGlacier>
        <CFSlope>1</CFSlope>
        <FC>475.03426291114926</FC>
        <LP>0.94184012838524622</LP>
        <BETA>3.9148254669268807</BETA>
      </SubCatchmentVegetationZoneParameters>
    </SubCatchmentVegetationZone>
  </SubCatchment>
</Catchment>