<?xml version="1.0" encoding="utf-8"?>
<Catchment xmlns:xsi="http://www.w3.org/2001/XMLSchema-instance" xmlns:xsd="http://www.w3.org/2001/XMLSchema">
  <CatchmentParameters>
    <KSI>0.001</KSI>
    <KGmin>0.05</KGmin>
    <RangeKG>0.1</RangeKG>
    <AG>0.1</AG>
    <PERC>0.26097169790655095</PERC>
    <Alpha>0</Alpha>
    <UZL>160.73267443684898</UZL>
    <K0>0.15360384912781336</K0>
    <K1>0.10424027420408269</K1>
    <K2>0.010000007633218028</K2>
    <MAXBAS>1</MAXBAS>
    <Cet>0</Cet>
    <PCALT>10</PCALT>
    <TCALT>0.6</TCALT>
    <Pelev>3165</Pelev>
    <Telev>3224</Telev>
    <PART>0.5</PART>
    <DELAY>1</DELAY>
  </CatchmentParameters>
  <VegetationZone>
    <VegetationZoneParameters>
      <TT>-0.75600166727423479</TT>
      <CFMAX>2.7327897668460697</CFMAX>
      <SP>0</SP>
      <SFCF>1.0380058935892207</SFCF>
      <CFR>0.099998838418406788</CFR>
      <CWH>0.19999808103247452</CWH>
      <CFGlacier>1</CFGlacier>
      <CFSlope>1</CFSlope>
      <FC>1055.7056315285863</FC>
      <LP>0.8298514517366955</LP>
      <BETA>2.7781053199937187</BETA>
    </VegetationZoneParameters>
  </VegetationZone>
  <SubCatchment>
    <SubCatchmentParameters>
      <KSI>0.001</KSI>
      <KGmin>0.05</KGmin>
      <RangeKG>0.1</RangeKG>
      <AG>0.1</AG>
      <PERC>0.26097169790655095</PERC>
      <Alpha>0</Alpha>
      <UZL>160.73267443684898</UZL>
      <K0>0.15360384912781336</K0>
      <K1>0.10424027420408269</K1>
      <K2>0.010000007633218028</K2>
      <MAXBAS>1</MAXBAS>
      <Cet>0</Cet>
      <PCALT>10</PCALT>
      <TCALT>0.6</TCALT>
      <Pelev>3165</Pelev>
      <Telev>3224</Telev>
      <PART>0.5</PART>
      <DELAY>1</DELAY>
    </SubCatchmentParameters>
    <SubCatchmentVegetationZone>
      <SubCatchmentVegetationZoneParameters>
        <TT>-0.75600166727423479</TT>
        <CFMAX>2.7327897668460697</CFMAX>
        <SP>0</SP>
        <SFCF>1.0380058935892207</SFCF>
        <CFR>0.099998838418406788</CFR>
        <CWH>0.19999808103247452</CWH>
        <CFGlacier>1</CFGlacier>
        <CFSlope>1</CFSlope>
        <FC>1055.7056315285863</FC>
        <LP>0.8298514517366955</LP>
        <BETA>2.7781053199937187</BETA>
      </SubCatchmentVegetationZoneParameters>
    </SubCatchmentVegetationZone>
  </SubCatchment>
</Catchment>