<?xml version="1.0" encoding="utf-8"?>
<Catchment xmlns:xsi="http://www.w3.org/2001/XMLSchema-instance" xmlns:xsd="http://www.w3.org/2001/XMLSchema">
  <CatchmentParameters>
    <KSI>0.001</KSI>
    <KGmin>0.05</KGmin>
    <RangeKG>0.1</RangeKG>
    <AG>0.1</AG>
    <PERC>0.27902450201325968</PERC>
    <Alpha>0</Alpha>
    <UZL>160.1484868093674</UZL>
    <K0>0.52661523631245244</K0>
    <K1>0.099248988210616979</K1>
    <K2>0.010000000590183297</K2>
    <MAXBAS>1</MAXBAS>
    <Cet>0</Cet>
    <PCALT>10</PCALT>
    <TCALT>0.6</TCALT>
    <Pelev>3165</Pelev>
    <Telev>3224</Telev>
    <PART>0.5</PART>
    <DELAY>1</DELAY>
  </CatchmentParameters>
  <VegetationZone>
    <VegetationZoneParameters>
      <TT>-0.45963697883045729</TT>
      <CFMAX>2.9407294889539659</CFMAX>
      <SP>0</SP>
      <SFCF>1.0081432072390453</SFCF>
      <CFR>0.099950444017250048</CFR>
      <CWH>0.11424090083523422</CWH>
      <CFGlacier>1</CFGlacier>
      <CFSlope>1</CFSlope>
      <FC>870.06154211561557</FC>
      <LP>0.82934210925754537</LP>
      <BETA>2.9031591894763471</BETA>
    </VegetationZoneParameters>
  </VegetationZone>
  <SubCatchment>
    <SubCatchmentParameters>
      <KSI>0.001</KSI>
      <KGmin>0.05</KGmin>
      <RangeKG>0.1</RangeKG>
      <AG>0.1</AG>
      <PERC>0.27902450201325968</PERC>
      <Alpha>0</Alpha>
      <UZL>160.1484868093674</UZL>
      <K0>0.52661523631245244</K0>
      <K1>0.099248988210616979</K1>
      <K2>0.010000000590183297</K2>
      <MAXBAS>1</MAXBAS>
      <Cet>0</Cet>
      <PCALT>10</PCALT>
      <TCALT>0.6</TCALT>
      <Pelev>3165</Pelev>
      <Telev>3224</Telev>
      <PART>0.5</PART>
      <DELAY>1</DELAY>
    </SubCatchmentParameters>
    <SubCatchmentVegetationZone>
      <SubCatchmentVegetationZoneParameters>
        <TT>-0.45963697883045729</TT>
        <CFMAX>2.9407294889539659</CFMAX>
        <SP>0</SP>
        <SFCF>1.0081432072390453</SFCF>
        <CFR>0.099950444017250048</CFR>
        <CWH>0.11424090083523422</CWH>
        <CFGlacier>1</CFGlacier>
        <CFSlope>1</CFSlope>
        <FC>870.06154211561557</FC>
        <LP>0.82934210925754537</LP>
        <BETA>2.9031591894763471</BETA>
      </SubCatchmentVegetationZoneParameters>
    </SubCatchmentVegetationZone>
  </SubCatchment>
</Catchment>