<?xml version="1.0" encoding="utf-8"?>
<Catchment xmlns:xsi="http://www.w3.org/2001/XMLSchema-instance" xmlns:xsd="http://www.w3.org/2001/XMLSchema">
  <CatchmentParameters>
    <KSI>0.001</KSI>
    <KGmin>0.05</KGmin>
    <RangeKG>0.1</RangeKG>
    <AG>0.1</AG>
    <PERC>9.9999569102210835</PERC>
    <Alpha>0</Alpha>
    <UZL>75.003533243869214</UZL>
    <K0>0.058248593950691693</K0>
    <K1>0.12874547515087761</K1>
    <K2>0.09635964416714235</K2>
    <MAXBAS>1.0000204709333926</MAXBAS>
    <Cet>0</Cet>
    <PCALT>10</PCALT>
    <TCALT>0.6</TCALT>
    <Pelev>3165</Pelev>
    <Telev>3224</Telev>
    <PART>0.5</PART>
    <DELAY>1</DELAY>
  </CatchmentParameters>
  <VegetationZone>
    <VegetationZoneParameters>
      <TT>0.10398891645549283</TT>
      <CFMAX>2.3520856196753552</CFMAX>
      <SP>0</SP>
      <SFCF>0.72538984406536411</SFCF>
      <CFR>0.09999929030845657</CFR>
      <CWH>0.10005108401990089</CWH>
      <CFGlacier>1</CFGlacier>
      <CFSlope>1</CFSlope>
      <FC>364.87205770862533</FC>
      <LP>0.9759162875909636</LP>
      <BETA>5.4871043658966974</BETA>
    </VegetationZoneParameters>
  </VegetationZone>
  <SubCatchment>
    <SubCatchmentParameters>
      <KSI>0.001</KSI>
      <KGmin>0.05</KGmin>
      <RangeKG>0.1</RangeKG>
      <AG>0.1</AG>
      <PERC>9.9999569102210835</PERC>
      <Alpha>0</Alpha>
      <UZL>75.003533243869214</UZL>
      <K0>0.058248593950691693</K0>
      <K1>0.12874547515087761</K1>
      <K2>0.09635964416714235</K2>
      <MAXBAS>1.0000204709333926</MAXBAS>
      <Cet>0</Cet>
      <PCALT>10</PCALT>
      <TCALT>0.6</TCALT>
      <Pelev>3165</Pelev>
      <Telev>3224</Telev>
      <PART>0.5</PART>
      <DELAY>1</DELAY>
    </SubCatchmentParameters>
    <SubCatchmentVegetationZone>
      <SubCatchmentVegetationZoneParameters>
        <TT>0.10398891645549283</TT>
        <CFMAX>2.3520856196753552</CFMAX>
        <SP>0</SP>
        <SFCF>0.72538984406536411</SFCF>
        <CFR>0.09999929030845657</CFR>
        <CWH>0.10005108401990089</CWH>
        <CFGlacier>1</CFGlacier>
        <CFSlope>1</CFSlope>
        <FC>364.87205770862533</FC>
        <LP>0.9759162875909636</LP>
        <BETA>5.4871043658966974</BETA>
      </SubCatchmentVegetationZoneParameters>
    </SubCatchmentVegetationZone>
  </SubCatchment>
</Catchment>