<?xml version="1.0" encoding="utf-8"?>
<Catchment xmlns:xsi="http://www.w3.org/2001/XMLSchema-instance" xmlns:xsd="http://www.w3.org/2001/XMLSchema">
  <CatchmentParameters>
    <KSI>0.001</KSI>
    <KGmin>0.05</KGmin>
    <RangeKG>0.1</RangeKG>
    <AG>0.1</AG>
    <PERC>7.1176234855335858</PERC>
    <Alpha>0</Alpha>
    <UZL>106.57180825160401</UZL>
    <K0>0.22233322137761608</K0>
    <K1>0.081085304468445751</K1>
    <K2>0.11217065503016979</K2>
    <MAXBAS>1.0049487782148325</MAXBAS>
    <Cet>0</Cet>
    <PCALT>10</PCALT>
    <TCALT>0.6</TCALT>
    <Pelev>3165</Pelev>
    <Telev>3224</Telev>
    <PART>0.5</PART>
    <DELAY>1</DELAY>
  </CatchmentParameters>
  <VegetationZone>
    <VegetationZoneParameters>
      <TT>0.903998150358648</TT>
      <CFMAX>3.8356736745768307</CFMAX>
      <SP>0</SP>
      <SFCF>0.860578279046929</SFCF>
      <CFR>0.05745303314275909</CFR>
      <CWH>0.1000000003989362</CWH>
      <CFGlacier>1</CFGlacier>
      <CFSlope>1</CFSlope>
      <FC>571.38976594515327</FC>
      <LP>0.90325664380569926</LP>
      <BETA>3.6889779034003447</BETA>
    </VegetationZoneParameters>
  </VegetationZone>
  <SubCatchment>
    <SubCatchmentParameters>
      <KSI>0.001</KSI>
      <KGmin>0.05</KGmin>
      <RangeKG>0.1</RangeKG>
      <AG>0.1</AG>
      <PERC>7.1176234855335858</PERC>
      <Alpha>0</Alpha>
      <UZL>106.57180825160401</UZL>
      <K0>0.22233322137761608</K0>
      <K1>0.081085304468445751</K1>
      <K2>0.11217065503016979</K2>
      <MAXBAS>1.0049487782148325</MAXBAS>
      <Cet>0</Cet>
      <PCALT>10</PCALT>
      <TCALT>0.6</TCALT>
      <Pelev>3165</Pelev>
      <Telev>3224</Telev>
      <PART>0.5</PART>
      <DELAY>1</DELAY>
    </SubCatchmentParameters>
    <SubCatchmentVegetationZone>
      <SubCatchmentVegetationZoneParameters>
        <TT>0.903998150358648</TT>
        <CFMAX>3.8356736745768307</CFMAX>
        <SP>0</SP>
        <SFCF>0.860578279046929</SFCF>
        <CFR>0.05745303314275909</CFR>
        <CWH>0.1000000003989362</CWH>
        <CFGlacier>1</CFGlacier>
        <CFSlope>1</CFSlope>
        <FC>571.38976594515327</FC>
        <LP>0.90325664380569926</LP>
        <BETA>3.6889779034003447</BETA>
      </SubCatchmentVegetationZoneParameters>
    </SubCatchmentVegetationZone>
  </SubCatchment>
</Catchment>