<?xml version="1.0" encoding="utf-8"?>
<Catchment xmlns:xsi="http://www.w3.org/2001/XMLSchema-instance" xmlns:xsd="http://www.w3.org/2001/XMLSchema">
  <CatchmentParameters>
    <KSI>0.001</KSI>
    <KGmin>0.05</KGmin>
    <RangeKG>0.1</RangeKG>
    <AG>0.1</AG>
    <PERC>7.4208535822252824</PERC>
    <Alpha>0</Alpha>
    <UZL>99.104776562326549</UZL>
    <K0>0.15825311153540109</K0>
    <K1>0.11743346964175068</K1>
    <K2>0.130271959723652</K2>
    <MAXBAS>1.0079059049732035</MAXBAS>
    <Cet>0</Cet>
    <PCALT>10</PCALT>
    <TCALT>0.6</TCALT>
    <Pelev>3165</Pelev>
    <Telev>3224</Telev>
    <PART>0.5</PART>
    <DELAY>1</DELAY>
  </CatchmentParameters>
  <VegetationZone>
    <VegetationZoneParameters>
      <TT>1.7656881295108615</TT>
      <CFMAX>2.4723952974128633</CFMAX>
      <SP>0</SP>
      <SFCF>0.52350328195666218</SFCF>
      <CFR>0.030666053656568</CFR>
      <CWH>0.19314797975749121</CWH>
      <CFGlacier>1</CFGlacier>
      <CFSlope>1</CFSlope>
      <FC>148.60468031387359</FC>
      <LP>0.99999606157941567</LP>
      <BETA>3.0682210391182414</BETA>
    </VegetationZoneParameters>
  </VegetationZone>
  <SubCatchment>
    <SubCatchmentParameters>
      <KSI>0.001</KSI>
      <KGmin>0.05</KGmin>
      <RangeKG>0.1</RangeKG>
      <AG>0.1</AG>
      <PERC>7.4208535822252824</PERC>
      <Alpha>0</Alpha>
      <UZL>99.104776562326549</UZL>
      <K0>0.15825311153540109</K0>
      <K1>0.11743346964175068</K1>
      <K2>0.130271959723652</K2>
      <MAXBAS>1.0079059049732035</MAXBAS>
      <Cet>0</Cet>
      <PCALT>10</PCALT>
      <TCALT>0.6</TCALT>
      <Pelev>3165</Pelev>
      <Telev>3224</Telev>
      <PART>0.5</PART>
      <DELAY>1</DELAY>
    </SubCatchmentParameters>
    <SubCatchmentVegetationZone>
      <SubCatchmentVegetationZoneParameters>
        <TT>1.7656881295108615</TT>
        <CFMAX>2.4723952974128633</CFMAX>
        <SP>0</SP>
        <SFCF>0.52350328195666218</SFCF>
        <CFR>0.030666053656568</CFR>
        <CWH>0.19314797975749121</CWH>
        <CFGlacier>1</CFGlacier>
        <CFSlope>1</CFSlope>
        <FC>148.60468031387359</FC>
        <LP>0.99999606157941567</LP>
        <BETA>3.0682210391182414</BETA>
      </SubCatchmentVegetationZoneParameters>
    </SubCatchmentVegetationZone>
  </SubCatchment>
</Catchment>