<?xml version="1.0" encoding="utf-8"?>
<Catchment xmlns:xsi="http://www.w3.org/2001/XMLSchema-instance" xmlns:xsd="http://www.w3.org/2001/XMLSchema">
  <CatchmentParameters>
    <KSI>0.001</KSI>
    <KGmin>0.05</KGmin>
    <RangeKG>0.1</RangeKG>
    <AG>0.1</AG>
    <PERC>6.0644465309601339</PERC>
    <Alpha>0</Alpha>
    <UZL>149.84255001240234</UZL>
    <K0>0.3939993533767519</K0>
    <K1>0.082229953372210216</K1>
    <K2>0.11932189562099195</K2>
    <MAXBAS>1.00481630173579</MAXBAS>
    <Cet>0</Cet>
    <PCALT>10</PCALT>
    <TCALT>0.6</TCALT>
    <Pelev>3165</Pelev>
    <Telev>3224</Telev>
    <PART>0.5</PART>
    <DELAY>1</DELAY>
  </CatchmentParameters>
  <VegetationZone>
    <VegetationZoneParameters>
      <TT>0.70400039329616149</TT>
      <CFMAX>3.4136459203166964</CFMAX>
      <SP>0</SP>
      <SFCF>0.81721600118570548</SFCF>
      <CFR>0.068635286044281513</CFR>
      <CWH>0.10000053440336094</CWH>
      <CFGlacier>1</CFGlacier>
      <CFSlope>1</CFSlope>
      <FC>547.10685283999874</FC>
      <LP>0.9976429835345858</LP>
      <BETA>4.285863112549154</BETA>
    </VegetationZoneParameters>
  </VegetationZone>
  <SubCatchment>
    <SubCatchmentParameters>
      <KSI>0.001</KSI>
      <KGmin>0.05</KGmin>
      <RangeKG>0.1</RangeKG>
      <AG>0.1</AG>
      <PERC>6.0644465309601339</PERC>
      <Alpha>0</Alpha>
      <UZL>149.84255001240234</UZL>
      <K0>0.3939993533767519</K0>
      <K1>0.082229953372210216</K1>
      <K2>0.11932189562099195</K2>
      <MAXBAS>1.00481630173579</MAXBAS>
      <Cet>0</Cet>
      <PCALT>10</PCALT>
      <TCALT>0.6</TCALT>
      <Pelev>3165</Pelev>
      <Telev>3224</Telev>
      <PART>0.5</PART>
      <DELAY>1</DELAY>
    </SubCatchmentParameters>
    <SubCatchmentVegetationZone>
      <SubCatchmentVegetationZoneParameters>
        <TT>0.70400039329616149</TT>
        <CFMAX>3.4136459203166964</CFMAX>
        <SP>0</SP>
        <SFCF>0.81721600118570548</SFCF>
        <CFR>0.068635286044281513</CFR>
        <CWH>0.10000053440336094</CWH>
        <CFGlacier>1</CFGlacier>
        <CFSlope>1</CFSlope>
        <FC>547.10685283999874</FC>
        <LP>0.9976429835345858</LP>
        <BETA>4.285863112549154</BETA>
      </SubCatchmentVegetationZoneParameters>
    </SubCatchmentVegetationZone>
  </SubCatchment>
</Catchment>