<?xml version="1.0" encoding="utf-8"?>
<Catchment xmlns:xsi="http://www.w3.org/2001/XMLSchema-instance" xmlns:xsd="http://www.w3.org/2001/XMLSchema">
  <CatchmentParameters>
    <KSI>0.001</KSI>
    <KGmin>0.05</KGmin>
    <RangeKG>0.1</RangeKG>
    <AG>0.1</AG>
    <PERC>9.9999221854433955</PERC>
    <Alpha>0</Alpha>
    <UZL>139.23734404527656</UZL>
    <K0>0.54973444073075117</K0>
    <K1>0.11563003714190628</K1>
    <K2>0.099503324294375139</K2>
    <MAXBAS>1.0046063184934273</MAXBAS>
    <Cet>0</Cet>
    <PCALT>10</PCALT>
    <TCALT>0.6</TCALT>
    <Pelev>3165</Pelev>
    <Telev>3224</Telev>
    <PART>0.5</PART>
    <DELAY>1</DELAY>
  </CatchmentParameters>
  <VegetationZone>
    <VegetationZoneParameters>
      <TT>0.20295063557674473</TT>
      <CFMAX>2.5423979741726286</CFMAX>
      <SP>0</SP>
      <SFCF>0.75219675370422123</SFCF>
      <CFR>0.0999995519769541</CFR>
      <CWH>0.1000004855457106</CWH>
      <CFGlacier>1</CFGlacier>
      <CFSlope>1</CFSlope>
      <FC>361.95907271815787</FC>
      <LP>0.83195301600652061</LP>
      <BETA>4.4513337531550778</BETA>
    </VegetationZoneParameters>
  </VegetationZone>
  <SubCatchment>
    <SubCatchmentParameters>
      <KSI>0.001</KSI>
      <KGmin>0.05</KGmin>
      <RangeKG>0.1</RangeKG>
      <AG>0.1</AG>
      <PERC>9.9999221854433955</PERC>
      <Alpha>0</Alpha>
      <UZL>139.23734404527656</UZL>
      <K0>0.54973444073075117</K0>
      <K1>0.11563003714190628</K1>
      <K2>0.099503324294375139</K2>
      <MAXBAS>1.0046063184934273</MAXBAS>
      <Cet>0</Cet>
      <PCALT>10</PCALT>
      <TCALT>0.6</TCALT>
      <Pelev>3165</Pelev>
      <Telev>3224</Telev>
      <PART>0.5</PART>
      <DELAY>1</DELAY>
    </SubCatchmentParameters>
    <SubCatchmentVegetationZone>
      <SubCatchmentVegetationZoneParameters>
        <TT>0.20295063557674473</TT>
        <CFMAX>2.5423979741726286</CFMAX>
        <SP>0</SP>
        <SFCF>0.75219675370422123</SFCF>
        <CFR>0.0999995519769541</CFR>
        <CWH>0.1000004855457106</CWH>
        <CFGlacier>1</CFGlacier>
        <CFSlope>1</CFSlope>
        <FC>361.95907271815787</FC>
        <LP>0.83195301600652061</LP>
        <BETA>4.4513337531550778</BETA>
      </SubCatchmentVegetationZoneParameters>
    </SubCatchmentVegetationZone>
  </SubCatchment>
</Catchment>