<?xml version="1.0" encoding="utf-8"?>
<Catchment xmlns:xsi="http://www.w3.org/2001/XMLSchema-instance" xmlns:xsd="http://www.w3.org/2001/XMLSchema">
  <CatchmentParameters>
    <KSI>0.001</KSI>
    <KGmin>0.05</KGmin>
    <RangeKG>0.1</RangeKG>
    <AG>0.1</AG>
    <PERC>0.25953747333277682</PERC>
    <Alpha>0</Alpha>
    <UZL>149.50702175594711</UZL>
    <K0>0.28098713220643179</K0>
    <K1>0.11068585333370667</K1>
    <K2>0.01000067574712207</K2>
    <MAXBAS>1</MAXBAS>
    <Cet>0</Cet>
    <PCALT>10</PCALT>
    <TCALT>0.6</TCALT>
    <Pelev>3165</Pelev>
    <Telev>3224</Telev>
    <PART>0.5</PART>
    <DELAY>1</DELAY>
  </CatchmentParameters>
  <VegetationZone>
    <VegetationZoneParameters>
      <TT>-0.95600562586692117</TT>
      <CFMAX>2.8618874702310482</CFMAX>
      <SP>0</SP>
      <SFCF>1.185290138094742</SFCF>
      <CFR>0.065319488909028431</CFR>
      <CWH>0.15061594094557174</CWH>
      <CFGlacier>1</CFGlacier>
      <CFSlope>1</CFSlope>
      <FC>1313.0339875507607</FC>
      <LP>0.67397715708671668</LP>
      <BETA>2.7582992953962111</BETA>
    </VegetationZoneParameters>
  </VegetationZone>
  <SubCatchment>
    <SubCatchmentParameters>
      <KSI>0.001</KSI>
      <KGmin>0.05</KGmin>
      <RangeKG>0.1</RangeKG>
      <AG>0.1</AG>
      <PERC>0.25953747333277682</PERC>
      <Alpha>0</Alpha>
      <UZL>149.50702175594711</UZL>
      <K0>0.28098713220643179</K0>
      <K1>0.11068585333370667</K1>
      <K2>0.01000067574712207</K2>
      <MAXBAS>1</MAXBAS>
      <Cet>0</Cet>
      <PCALT>10</PCALT>
      <TCALT>0.6</TCALT>
      <Pelev>3165</Pelev>
      <Telev>3224</Telev>
      <PART>0.5</PART>
      <DELAY>1</DELAY>
    </SubCatchmentParameters>
    <SubCatchmentVegetationZone>
      <SubCatchmentVegetationZoneParameters>
        <TT>-0.95600562586692117</TT>
        <CFMAX>2.8618874702310482</CFMAX>
        <SP>0</SP>
        <SFCF>1.185290138094742</SFCF>
        <CFR>0.065319488909028431</CFR>
        <CWH>0.15061594094557174</CWH>
        <CFGlacier>1</CFGlacier>
        <CFSlope>1</CFSlope>
        <FC>1313.0339875507607</FC>
        <LP>0.67397715708671668</LP>
        <BETA>2.7582992953962111</BETA>
      </SubCatchmentVegetationZoneParameters>
    </SubCatchmentVegetationZone>
  </SubCatchment>
</Catchment>