<?xml version="1.0" encoding="utf-8"?>
<Catchment xmlns:xsi="http://www.w3.org/2001/XMLSchema-instance" xmlns:xsd="http://www.w3.org/2001/XMLSchema">
  <CatchmentParameters>
    <KSI>0.001</KSI>
    <KGmin>0.05</KGmin>
    <RangeKG>0.1</RangeKG>
    <AG>0.1</AG>
    <PERC>0.31438768994294625</PERC>
    <Alpha>0</Alpha>
    <UZL>163.18782532698313</UZL>
    <K0>0.60100397016873841</K0>
    <K1>0.11028478768683452</K1>
    <K2>0.0162578275406767</K2>
    <MAXBAS>1</MAXBAS>
    <Cet>0</Cet>
    <PCALT>10</PCALT>
    <TCALT>0.6</TCALT>
    <Pelev>3165</Pelev>
    <Telev>3224</Telev>
    <PART>0.5</PART>
    <DELAY>1</DELAY>
  </CatchmentParameters>
  <VegetationZone>
    <VegetationZoneParameters>
      <TT>-0.79600807601730017</TT>
      <CFMAX>2.5782450391677321</CFMAX>
      <SP>0</SP>
      <SFCF>1.0208859409532787</SFCF>
      <CFR>0.099999706837193919</CFR>
      <CWH>0.13423705444896139</CWH>
      <CFGlacier>1</CFGlacier>
      <CFSlope>1</CFSlope>
      <FC>1064.3856579454182</FC>
      <LP>0.86193294535822862</LP>
      <BETA>2.8066182823858736</BETA>
    </VegetationZoneParameters>
  </VegetationZone>
  <SubCatchment>
    <SubCatchmentParameters>
      <KSI>0.001</KSI>
      <KGmin>0.05</KGmin>
      <RangeKG>0.1</RangeKG>
      <AG>0.1</AG>
      <PERC>0.31438768994294625</PERC>
      <Alpha>0</Alpha>
      <UZL>163.18782532698313</UZL>
      <K0>0.60100397016873841</K0>
      <K1>0.11028478768683452</K1>
      <K2>0.0162578275406767</K2>
      <MAXBAS>1</MAXBAS>
      <Cet>0</Cet>
      <PCALT>10</PCALT>
      <TCALT>0.6</TCALT>
      <Pelev>3165</Pelev>
      <Telev>3224</Telev>
      <PART>0.5</PART>
      <DELAY>1</DELAY>
    </SubCatchmentParameters>
    <SubCatchmentVegetationZone>
      <SubCatchmentVegetationZoneParameters>
        <TT>-0.79600807601730017</TT>
        <CFMAX>2.5782450391677321</CFMAX>
        <SP>0</SP>
        <SFCF>1.0208859409532787</SFCF>
        <CFR>0.099999706837193919</CFR>
        <CWH>0.13423705444896139</CWH>
        <CFGlacier>1</CFGlacier>
        <CFSlope>1</CFSlope>
        <FC>1064.3856579454182</FC>
        <LP>0.86193294535822862</LP>
        <BETA>2.8066182823858736</BETA>
      </SubCatchmentVegetationZoneParameters>
    </SubCatchmentVegetationZone>
  </SubCatchment>
</Catchment>