<?xml version="1.0" encoding="utf-8"?>
<Catchment xmlns:xsi="http://www.w3.org/2001/XMLSchema-instance" xmlns:xsd="http://www.w3.org/2001/XMLSchema">
  <CatchmentParameters>
    <KSI>0.001</KSI>
    <KGmin>0.05</KGmin>
    <RangeKG>0.1</RangeKG>
    <AG>0.1</AG>
    <PERC>1.6440404331630594</PERC>
    <Alpha>0</Alpha>
    <UZL>141.8512660764049</UZL>
    <K0>0.43650150349862882</K0>
    <K1>0.10607830356254314</K1>
    <K2>0.041521005168169006</K2>
    <MAXBAS>1.000259366390341</MAXBAS>
    <Cet>0</Cet>
    <PCALT>10</PCALT>
    <TCALT>0.6</TCALT>
    <Pelev>3165</Pelev>
    <Telev>3224</Telev>
    <PART>0.5</PART>
    <DELAY>1</DELAY>
  </CatchmentParameters>
  <VegetationZone>
    <VegetationZoneParameters>
      <TT>1.1313940090014243</TT>
      <CFMAX>2.6448461755166432</CFMAX>
      <SP>0</SP>
      <SFCF>0.61924347610592</SFCF>
      <CFR>0.05335842057970315</CFR>
      <CWH>0.15497499239684562</CWH>
      <CFGlacier>1</CFGlacier>
      <CFSlope>1</CFSlope>
      <FC>205.93019900795804</FC>
      <LP>0.99974754052926251</LP>
      <BETA>4.7939716087047319</BETA>
    </VegetationZoneParameters>
  </VegetationZone>
  <SubCatchment>
    <SubCatchmentParameters>
      <KSI>0.001</KSI>
      <KGmin>0.05</KGmin>
      <RangeKG>0.1</RangeKG>
      <AG>0.1</AG>
      <PERC>1.6440404331630594</PERC>
      <Alpha>0</Alpha>
      <UZL>141.8512660764049</UZL>
      <K0>0.43650150349862882</K0>
      <K1>0.10607830356254314</K1>
      <K2>0.041521005168169006</K2>
      <MAXBAS>1.000259366390341</MAXBAS>
      <Cet>0</Cet>
      <PCALT>10</PCALT>
      <TCALT>0.6</TCALT>
      <Pelev>3165</Pelev>
      <Telev>3224</Telev>
      <PART>0.5</PART>
      <DELAY>1</DELAY>
    </SubCatchmentParameters>
    <SubCatchmentVegetationZone>
      <SubCatchmentVegetationZoneParameters>
        <TT>1.1313940090014243</TT>
        <CFMAX>2.6448461755166432</CFMAX>
        <SP>0</SP>
        <SFCF>0.61924347610592</SFCF>
        <CFR>0.05335842057970315</CFR>
        <CWH>0.15497499239684562</CWH>
        <CFGlacier>1</CFGlacier>
        <CFSlope>1</CFSlope>
        <FC>205.93019900795804</FC>
        <LP>0.99974754052926251</LP>
        <BETA>4.7939716087047319</BETA>
      </SubCatchmentVegetationZoneParameters>
    </SubCatchmentVegetationZone>
  </SubCatchment>
</Catchment>