<?xml version="1.0" encoding="utf-8"?>
<Catchment xmlns:xsi="http://www.w3.org/2001/XMLSchema-instance" xmlns:xsd="http://www.w3.org/2001/XMLSchema">
  <CatchmentParameters>
    <KSI>0.001</KSI>
    <KGmin>0.05</KGmin>
    <RangeKG>0.1</RangeKG>
    <AG>0.1</AG>
    <PERC>0.27002337225305911</PERC>
    <Alpha>0</Alpha>
    <UZL>160.3769244987227</UZL>
    <K0>0.0500796685707568</K0>
    <K1>0.11380196438096615</K1>
    <K2>0.01000011533904633</K2>
    <MAXBAS>1</MAXBAS>
    <Cet>0</Cet>
    <PCALT>10</PCALT>
    <TCALT>0.6</TCALT>
    <Pelev>3165</Pelev>
    <Telev>3224</Telev>
    <PART>0.5</PART>
    <DELAY>1</DELAY>
  </CatchmentParameters>
  <VegetationZone>
    <VegetationZoneParameters>
      <TT>-1.0032040994178448</TT>
      <CFMAX>2.633476651723194</CFMAX>
      <SP>0</SP>
      <SFCF>1.1154916901189762</SFCF>
      <CFR>0.099999317609807181</CFR>
      <CWH>0.10491343964338643</CWH>
      <CFGlacier>1</CFGlacier>
      <CFSlope>1</CFSlope>
      <FC>1223.9620051903091</FC>
      <LP>0.80772659239728839</LP>
      <BETA>3.4224720867080833</BETA>
    </VegetationZoneParameters>
  </VegetationZone>
  <SubCatchment>
    <SubCatchmentParameters>
      <KSI>0.001</KSI>
      <KGmin>0.05</KGmin>
      <RangeKG>0.1</RangeKG>
      <AG>0.1</AG>
      <PERC>0.27002337225305911</PERC>
      <Alpha>0</Alpha>
      <UZL>160.3769244987227</UZL>
      <K0>0.0500796685707568</K0>
      <K1>0.11380196438096615</K1>
      <K2>0.01000011533904633</K2>
      <MAXBAS>1</MAXBAS>
      <Cet>0</Cet>
      <PCALT>10</PCALT>
      <TCALT>0.6</TCALT>
      <Pelev>3165</Pelev>
      <Telev>3224</Telev>
      <PART>0.5</PART>
      <DELAY>1</DELAY>
    </SubCatchmentParameters>
    <SubCatchmentVegetationZone>
      <SubCatchmentVegetationZoneParameters>
        <TT>-1.0032040994178448</TT>
        <CFMAX>2.633476651723194</CFMAX>
        <SP>0</SP>
        <SFCF>1.1154916901189762</SFCF>
        <CFR>0.099999317609807181</CFR>
        <CWH>0.10491343964338643</CWH>
        <CFGlacier>1</CFGlacier>
        <CFSlope>1</CFSlope>
        <FC>1223.9620051903091</FC>
        <LP>0.80772659239728839</LP>
        <BETA>3.4224720867080833</BETA>
      </SubCatchmentVegetationZoneParameters>
    </SubCatchmentVegetationZone>
  </SubCatchment>
</Catchment>