<?xml version="1.0" encoding="utf-8"?>
<Catchment xmlns:xsi="http://www.w3.org/2001/XMLSchema-instance" xmlns:xsd="http://www.w3.org/2001/XMLSchema">
  <CatchmentParameters>
    <KSI>0.001</KSI>
    <KGmin>0.05</KGmin>
    <RangeKG>0.1</RangeKG>
    <AG>0.1</AG>
    <PERC>0.28100010181423024</PERC>
    <Alpha>0</Alpha>
    <UZL>139.20834397014556</UZL>
    <K0>0.12587655587818925</K0>
    <K1>0.11272265772412803</K1>
    <K2>0.014442670879730647</K2>
    <MAXBAS>1</MAXBAS>
    <Cet>0</Cet>
    <PCALT>10</PCALT>
    <TCALT>0.6</TCALT>
    <Pelev>3165</Pelev>
    <Telev>3224</Telev>
    <PART>0.5</PART>
    <DELAY>1</DELAY>
  </CatchmentParameters>
  <VegetationZone>
    <VegetationZoneParameters>
      <TT>-0.956003478423494</TT>
      <CFMAX>2.3924106361181141</CFMAX>
      <SP>0</SP>
      <SFCF>1.0168686406000327</SFCF>
      <CFR>0.09999886874540749</CFR>
      <CWH>0.19999943125880665</CWH>
      <CFGlacier>1</CFGlacier>
      <CFSlope>1</CFSlope>
      <FC>899.13803605784915</FC>
      <LP>0.67475087272696033</LP>
      <BETA>1.8450643325169229</BETA>
    </VegetationZoneParameters>
  </VegetationZone>
  <SubCatchment>
    <SubCatchmentParameters>
      <KSI>0.001</KSI>
      <KGmin>0.05</KGmin>
      <RangeKG>0.1</RangeKG>
      <AG>0.1</AG>
      <PERC>0.28100010181423024</PERC>
      <Alpha>0</Alpha>
      <UZL>139.20834397014556</UZL>
      <K0>0.12587655587818925</K0>
      <K1>0.11272265772412803</K1>
      <K2>0.014442670879730647</K2>
      <MAXBAS>1</MAXBAS>
      <Cet>0</Cet>
      <PCALT>10</PCALT>
      <TCALT>0.6</TCALT>
      <Pelev>3165</Pelev>
      <Telev>3224</Telev>
      <PART>0.5</PART>
      <DELAY>1</DELAY>
    </SubCatchmentParameters>
    <SubCatchmentVegetationZone>
      <SubCatchmentVegetationZoneParameters>
        <TT>-0.956003478423494</TT>
        <CFMAX>2.3924106361181141</CFMAX>
        <SP>0</SP>
        <SFCF>1.0168686406000327</SFCF>
        <CFR>0.09999886874540749</CFR>
        <CWH>0.19999943125880665</CWH>
        <CFGlacier>1</CFGlacier>
        <CFSlope>1</CFSlope>
        <FC>899.13803605784915</FC>
        <LP>0.67475087272696033</LP>
        <BETA>1.8450643325169229</BETA>
      </SubCatchmentVegetationZoneParameters>
    </SubCatchmentVegetationZone>
  </SubCatchment>
</Catchment>