<?xml version="1.0" encoding="utf-8"?>
<Catchment xmlns:xsi="http://www.w3.org/2001/XMLSchema-instance" xmlns:xsd="http://www.w3.org/2001/XMLSchema">
  <CatchmentParameters>
    <KSI>0.001</KSI>
    <KGmin>0.05</KGmin>
    <RangeKG>0.1</RangeKG>
    <AG>0.1</AG>
    <PERC>0.26554843888789537</PERC>
    <Alpha>0</Alpha>
    <UZL>171.39070151219821</UZL>
    <K0>0.32472277208471056</K0>
    <K1>0.11952139798250169</K1>
    <K2>0.010000049135550826</K2>
    <MAXBAS>1</MAXBAS>
    <Cet>0</Cet>
    <PCALT>10</PCALT>
    <TCALT>0.6</TCALT>
    <Pelev>3165</Pelev>
    <Telev>3224</Telev>
    <PART>0.5</PART>
    <DELAY>1</DELAY>
  </CatchmentParameters>
  <VegetationZone>
    <VegetationZoneParameters>
      <TT>-0.75789489203671712</TT>
      <CFMAX>2.6025577748879121</CFMAX>
      <SP>0</SP>
      <SFCF>1.0437662867415003</SFCF>
      <CFR>0.099999314580127618</CFR>
      <CWH>0.19999899328786791</CWH>
      <CFGlacier>1</CFGlacier>
      <CFSlope>1</CFSlope>
      <FC>984.87972312719933</FC>
      <LP>0.66015642689132137</LP>
      <BETA>1.8985366978134997</BETA>
    </VegetationZoneParameters>
  </VegetationZone>
  <SubCatchment>
    <SubCatchmentParameters>
      <KSI>0.001</KSI>
      <KGmin>0.05</KGmin>
      <RangeKG>0.1</RangeKG>
      <AG>0.1</AG>
      <PERC>0.26554843888789537</PERC>
      <Alpha>0</Alpha>
      <UZL>171.39070151219821</UZL>
      <K0>0.32472277208471056</K0>
      <K1>0.11952139798250169</K1>
      <K2>0.010000049135550826</K2>
      <MAXBAS>1</MAXBAS>
      <Cet>0</Cet>
      <PCALT>10</PCALT>
      <TCALT>0.6</TCALT>
      <Pelev>3165</Pelev>
      <Telev>3224</Telev>
      <PART>0.5</PART>
      <DELAY>1</DELAY>
    </SubCatchmentParameters>
    <SubCatchmentVegetationZone>
      <SubCatchmentVegetationZoneParameters>
        <TT>-0.75789489203671712</TT>
        <CFMAX>2.6025577748879121</CFMAX>
        <SP>0</SP>
        <SFCF>1.0437662867415003</SFCF>
        <CFR>0.099999314580127618</CFR>
        <CWH>0.19999899328786791</CWH>
        <CFGlacier>1</CFGlacier>
        <CFSlope>1</CFSlope>
        <FC>984.87972312719933</FC>
        <LP>0.66015642689132137</LP>
        <BETA>1.8985366978134997</BETA>
      </SubCatchmentVegetationZoneParameters>
    </SubCatchmentVegetationZone>
  </SubCatchment>
</Catchment>