<?xml version="1.0" encoding="utf-8"?>
<Catchment xmlns:xsi="http://www.w3.org/2001/XMLSchema-instance" xmlns:xsd="http://www.w3.org/2001/XMLSchema">
  <CatchmentParameters>
    <KSI>0.001</KSI>
    <KGmin>0.05</KGmin>
    <RangeKG>0.1</RangeKG>
    <AG>0.1</AG>
    <PERC>0.31207802337785784</PERC>
    <Alpha>0</Alpha>
    <UZL>137.1239657754434</UZL>
    <K0>0.51675902399053164</K0>
    <K1>0.11285241215193238</K1>
    <K2>0.018720537245782324</K2>
    <MAXBAS>1</MAXBAS>
    <Cet>0</Cet>
    <PCALT>10</PCALT>
    <TCALT>0.6</TCALT>
    <Pelev>3165</Pelev>
    <Telev>3224</Telev>
    <PART>0.5</PART>
    <DELAY>1</DELAY>
  </CatchmentParameters>
  <VegetationZone>
    <VegetationZoneParameters>
      <TT>-0.856001929350874</TT>
      <CFMAX>2.5640117717588522</CFMAX>
      <SP>0</SP>
      <SFCF>1.0389352526744073</SFCF>
      <CFR>0.099999361572252893</CFR>
      <CWH>0.16758912428356307</CWH>
      <CFGlacier>1</CFGlacier>
      <CFSlope>1</CFSlope>
      <FC>1056.5964816607796</FC>
      <LP>0.73508795289748319</LP>
      <BETA>2.0906463444239858</BETA>
    </VegetationZoneParameters>
  </VegetationZone>
  <SubCatchment>
    <SubCatchmentParameters>
      <KSI>0.001</KSI>
      <KGmin>0.05</KGmin>
      <RangeKG>0.1</RangeKG>
      <AG>0.1</AG>
      <PERC>0.31207802337785784</PERC>
      <Alpha>0</Alpha>
      <UZL>137.1239657754434</UZL>
      <K0>0.51675902399053164</K0>
      <K1>0.11285241215193238</K1>
      <K2>0.018720537245782324</K2>
      <MAXBAS>1</MAXBAS>
      <Cet>0</Cet>
      <PCALT>10</PCALT>
      <TCALT>0.6</TCALT>
      <Pelev>3165</Pelev>
      <Telev>3224</Telev>
      <PART>0.5</PART>
      <DELAY>1</DELAY>
    </SubCatchmentParameters>
    <SubCatchmentVegetationZone>
      <SubCatchmentVegetationZoneParameters>
        <TT>-0.856001929350874</TT>
        <CFMAX>2.5640117717588522</CFMAX>
        <SP>0</SP>
        <SFCF>1.0389352526744073</SFCF>
        <CFR>0.099999361572252893</CFR>
        <CWH>0.16758912428356307</CWH>
        <CFGlacier>1</CFGlacier>
        <CFSlope>1</CFSlope>
        <FC>1056.5964816607796</FC>
        <LP>0.73508795289748319</LP>
        <BETA>2.0906463444239858</BETA>
      </SubCatchmentVegetationZoneParameters>
    </SubCatchmentVegetationZone>
  </SubCatchment>
</Catchment>