<?xml version="1.0" encoding="utf-8"?>
<Catchment xmlns:xsi="http://www.w3.org/2001/XMLSchema-instance" xmlns:xsd="http://www.w3.org/2001/XMLSchema">
  <CatchmentParameters>
    <KSI>0.001</KSI>
    <KGmin>0.05</KGmin>
    <RangeKG>0.1</RangeKG>
    <AG>0.1</AG>
    <PERC>9.9999135938426811</PERC>
    <Alpha>0</Alpha>
    <UZL>107.44882409591352</UZL>
    <K0>0.12761765139806081</K0>
    <K1>0.12954732556487369</K1>
    <K2>0.10980971435804578</K2>
    <MAXBAS>1.0005459246236548</MAXBAS>
    <Cet>0</Cet>
    <PCALT>10</PCALT>
    <TCALT>0.6</TCALT>
    <Pelev>3165</Pelev>
    <Telev>3224</Telev>
    <PART>0.5</PART>
    <DELAY>1</DELAY>
  </CatchmentParameters>
  <VegetationZone>
    <VegetationZoneParameters>
      <TT>0.70401318861566564</TT>
      <CFMAX>2.3299190486636205</CFMAX>
      <SP>0</SP>
      <SFCF>0.626622530553013</SFCF>
      <CFR>0.076006704312640644</CFR>
      <CWH>0.14483583861629251</CWH>
      <CFGlacier>1</CFGlacier>
      <CFSlope>1</CFSlope>
      <FC>245.09342845735262</FC>
      <LP>0.959439436225738</LP>
      <BETA>5.43532079275768</BETA>
    </VegetationZoneParameters>
  </VegetationZone>
  <SubCatchment>
    <SubCatchmentParameters>
      <KSI>0.001</KSI>
      <KGmin>0.05</KGmin>
      <RangeKG>0.1</RangeKG>
      <AG>0.1</AG>
      <PERC>9.9999135938426811</PERC>
      <Alpha>0</Alpha>
      <UZL>107.44882409591352</UZL>
      <K0>0.12761765139806081</K0>
      <K1>0.12954732556487369</K1>
      <K2>0.10980971435804578</K2>
      <MAXBAS>1.0005459246236548</MAXBAS>
      <Cet>0</Cet>
      <PCALT>10</PCALT>
      <TCALT>0.6</TCALT>
      <Pelev>3165</Pelev>
      <Telev>3224</Telev>
      <PART>0.5</PART>
      <DELAY>1</DELAY>
    </SubCatchmentParameters>
    <SubCatchmentVegetationZone>
      <SubCatchmentVegetationZoneParameters>
        <TT>0.70401318861566564</TT>
        <CFMAX>2.3299190486636205</CFMAX>
        <SP>0</SP>
        <SFCF>0.626622530553013</SFCF>
        <CFR>0.076006704312640644</CFR>
        <CWH>0.14483583861629251</CWH>
        <CFGlacier>1</CFGlacier>
        <CFSlope>1</CFSlope>
        <FC>245.09342845735262</FC>
        <LP>0.959439436225738</LP>
        <BETA>5.43532079275768</BETA>
      </SubCatchmentVegetationZoneParameters>
    </SubCatchmentVegetationZone>
  </SubCatchment>
</Catchment>