<?xml version="1.0" encoding="utf-8"?>
<Catchment xmlns:xsi="http://www.w3.org/2001/XMLSchema-instance" xmlns:xsd="http://www.w3.org/2001/XMLSchema">
  <CatchmentParameters>
    <KSI>0.001</KSI>
    <KGmin>0.05</KGmin>
    <RangeKG>0.1</RangeKG>
    <AG>0.1</AG>
    <PERC>9.9999699576633958</PERC>
    <Alpha>0</Alpha>
    <UZL>120.52277421167341</UZL>
    <K0>0.52348605100794687</K0>
    <K1>0.1252156889162587</K1>
    <K2>0.09493142819855728</K2>
    <MAXBAS>1.0064796732421266</MAXBAS>
    <Cet>0</Cet>
    <PCALT>10</PCALT>
    <TCALT>0.6</TCALT>
    <Pelev>3165</Pelev>
    <Telev>3224</Telev>
    <PART>0.5</PART>
    <DELAY>1</DELAY>
  </CatchmentParameters>
  <VegetationZone>
    <VegetationZoneParameters>
      <TT>0.039588307901306422</TT>
      <CFMAX>2.2532610803115682</CFMAX>
      <SP>0</SP>
      <SFCF>0.69976090482963793</SFCF>
      <CFR>0.0999988532716023</CFR>
      <CWH>0.15055642363585928</CWH>
      <CFGlacier>1</CFGlacier>
      <CFSlope>1</CFSlope>
      <FC>335.2093016761271</FC>
      <LP>0.9852908578754529</LP>
      <BETA>5.2159528005121363</BETA>
    </VegetationZoneParameters>
  </VegetationZone>
  <SubCatchment>
    <SubCatchmentParameters>
      <KSI>0.001</KSI>
      <KGmin>0.05</KGmin>
      <RangeKG>0.1</RangeKG>
      <AG>0.1</AG>
      <PERC>9.9999699576633958</PERC>
      <Alpha>0</Alpha>
      <UZL>120.52277421167341</UZL>
      <K0>0.52348605100794687</K0>
      <K1>0.1252156889162587</K1>
      <K2>0.09493142819855728</K2>
      <MAXBAS>1.0064796732421266</MAXBAS>
      <Cet>0</Cet>
      <PCALT>10</PCALT>
      <TCALT>0.6</TCALT>
      <Pelev>3165</Pelev>
      <Telev>3224</Telev>
      <PART>0.5</PART>
      <DELAY>1</DELAY>
    </SubCatchmentParameters>
    <SubCatchmentVegetationZone>
      <SubCatchmentVegetationZoneParameters>
        <TT>0.039588307901306422</TT>
        <CFMAX>2.2532610803115682</CFMAX>
        <SP>0</SP>
        <SFCF>0.69976090482963793</SFCF>
        <CFR>0.0999988532716023</CFR>
        <CWH>0.15055642363585928</CWH>
        <CFGlacier>1</CFGlacier>
        <CFSlope>1</CFSlope>
        <FC>335.2093016761271</FC>
        <LP>0.9852908578754529</LP>
        <BETA>5.2159528005121363</BETA>
      </SubCatchmentVegetationZoneParameters>
    </SubCatchmentVegetationZone>
  </SubCatchment>
</Catchment>