<?xml version="1.0" encoding="utf-8"?>
<Catchment xmlns:xsi="http://www.w3.org/2001/XMLSchema-instance" xmlns:xsd="http://www.w3.org/2001/XMLSchema">
  <CatchmentParameters>
    <KSI>0.001</KSI>
    <KGmin>0.05</KGmin>
    <RangeKG>0.1</RangeKG>
    <AG>0.1</AG>
    <PERC>5.4985317013083623</PERC>
    <Alpha>0</Alpha>
    <UZL>119.58005380207038</UZL>
    <K0>0.090161909909903346</K0>
    <K1>0.087945122812014692</K1>
    <K2>0.12806096202557724</K2>
    <MAXBAS>1.0049346828616963</MAXBAS>
    <Cet>0</Cet>
    <PCALT>10</PCALT>
    <TCALT>0.6</TCALT>
    <Pelev>3165</Pelev>
    <Telev>3224</Telev>
    <PART>0.5</PART>
    <DELAY>1</DELAY>
  </CatchmentParameters>
  <VegetationZone>
    <VegetationZoneParameters>
      <TT>0.0062590976579212981</TT>
      <CFMAX>2.7188161486453377</CFMAX>
      <SP>0</SP>
      <SFCF>0.82447346398989885</SFCF>
      <CFR>0.099999513648083488</CFR>
      <CWH>0.10000005924869136</CWH>
      <CFGlacier>1</CFGlacier>
      <CFSlope>1</CFSlope>
      <FC>476.52356059137747</FC>
      <LP>0.82673238629240631</LP>
      <BETA>4.49568564503602</BETA>
    </VegetationZoneParameters>
  </VegetationZone>
  <SubCatchment>
    <SubCatchmentParameters>
      <KSI>0.001</KSI>
      <KGmin>0.05</KGmin>
      <RangeKG>0.1</RangeKG>
      <AG>0.1</AG>
      <PERC>5.4985317013083623</PERC>
      <Alpha>0</Alpha>
      <UZL>119.58005380207038</UZL>
      <K0>0.090161909909903346</K0>
      <K1>0.087945122812014692</K1>
      <K2>0.12806096202557724</K2>
      <MAXBAS>1.0049346828616963</MAXBAS>
      <Cet>0</Cet>
      <PCALT>10</PCALT>
      <TCALT>0.6</TCALT>
      <Pelev>3165</Pelev>
      <Telev>3224</Telev>
      <PART>0.5</PART>
      <DELAY>1</DELAY>
    </SubCatchmentParameters>
    <SubCatchmentVegetationZone>
      <SubCatchmentVegetationZoneParameters>
        <TT>0.0062590976579212981</TT>
        <CFMAX>2.7188161486453377</CFMAX>
        <SP>0</SP>
        <SFCF>0.82447346398989885</SFCF>
        <CFR>0.099999513648083488</CFR>
        <CWH>0.10000005924869136</CWH>
        <CFGlacier>1</CFGlacier>
        <CFSlope>1</CFSlope>
        <FC>476.52356059137747</FC>
        <LP>0.82673238629240631</LP>
        <BETA>4.49568564503602</BETA>
      </SubCatchmentVegetationZoneParameters>
    </SubCatchmentVegetationZone>
  </SubCatchment>
</Catchment>