<?xml version="1.0" encoding="utf-8"?>
<Catchment xmlns:xsi="http://www.w3.org/2001/XMLSchema-instance" xmlns:xsd="http://www.w3.org/2001/XMLSchema">
  <CatchmentParameters>
    <KSI>0.001</KSI>
    <KGmin>0.05</KGmin>
    <RangeKG>0.1</RangeKG>
    <AG>0.1</AG>
    <PERC>6.8646669388677442</PERC>
    <Alpha>0</Alpha>
    <UZL>105.06827695046363</UZL>
    <K0>0.59947999010514563</K0>
    <K1>0.089079375321906962</K1>
    <K2>0.11272343106160151</K2>
    <MAXBAS>1.0000162094303795</MAXBAS>
    <Cet>0</Cet>
    <PCALT>10</PCALT>
    <TCALT>0.6</TCALT>
    <Pelev>3165</Pelev>
    <Telev>3224</Telev>
    <PART>0.5</PART>
    <DELAY>1</DELAY>
  </CatchmentParameters>
  <VegetationZone>
    <VegetationZoneParameters>
      <TT>1.0039987957657295</TT>
      <CFMAX>3.1324669315831222</CFMAX>
      <SP>0</SP>
      <SFCF>0.72374534370907573</SFCF>
      <CFR>0.055981693673194964</CFR>
      <CWH>0.1000004090076705</CWH>
      <CFGlacier>1</CFGlacier>
      <CFSlope>1</CFSlope>
      <FC>377.41413062628294</FC>
      <LP>0.99754670063365214</LP>
      <BETA>4.3090730251985487</BETA>
    </VegetationZoneParameters>
  </VegetationZone>
  <SubCatchment>
    <SubCatchmentParameters>
      <KSI>0.001</KSI>
      <KGmin>0.05</KGmin>
      <RangeKG>0.1</RangeKG>
      <AG>0.1</AG>
      <PERC>6.8646669388677442</PERC>
      <Alpha>0</Alpha>
      <UZL>105.06827695046363</UZL>
      <K0>0.59947999010514563</K0>
      <K1>0.089079375321906962</K1>
      <K2>0.11272343106160151</K2>
      <MAXBAS>1.0000162094303795</MAXBAS>
      <Cet>0</Cet>
      <PCALT>10</PCALT>
      <TCALT>0.6</TCALT>
      <Pelev>3165</Pelev>
      <Telev>3224</Telev>
      <PART>0.5</PART>
      <DELAY>1</DELAY>
    </SubCatchmentParameters>
    <SubCatchmentVegetationZone>
      <SubCatchmentVegetationZoneParameters>
        <TT>1.0039987957657295</TT>
        <CFMAX>3.1324669315831222</CFMAX>
        <SP>0</SP>
        <SFCF>0.72374534370907573</SFCF>
        <CFR>0.055981693673194964</CFR>
        <CWH>0.1000004090076705</CWH>
        <CFGlacier>1</CFGlacier>
        <CFSlope>1</CFSlope>
        <FC>377.41413062628294</FC>
        <LP>0.99754670063365214</LP>
        <BETA>4.3090730251985487</BETA>
      </SubCatchmentVegetationZoneParameters>
    </SubCatchmentVegetationZone>
  </SubCatchment>
</Catchment>