<?xml version="1.0" encoding="utf-8"?>
<Catchment xmlns:xsi="http://www.w3.org/2001/XMLSchema-instance" xmlns:xsd="http://www.w3.org/2001/XMLSchema">
  <CatchmentParameters>
    <KSI>0.001</KSI>
    <KGmin>0.05</KGmin>
    <RangeKG>0.1</RangeKG>
    <AG>0.1</AG>
    <PERC>5.9835437670476948</PERC>
    <Alpha>0</Alpha>
    <UZL>134.10689061387237</UZL>
    <K0>0.21905415650434393</K0>
    <K1>0.084301125087902232</K1>
    <K2>0.12378204150751304</K2>
    <MAXBAS>1.0048684133995118</MAXBAS>
    <Cet>0</Cet>
    <PCALT>10</PCALT>
    <TCALT>0.6</TCALT>
    <Pelev>3165</Pelev>
    <Telev>3224</Telev>
    <PART>0.5</PART>
    <DELAY>1</DELAY>
  </CatchmentParameters>
  <VegetationZone>
    <VegetationZoneParameters>
      <TT>0.74399424673248249</TT>
      <CFMAX>3.6866396635654324</CFMAX>
      <SP>0</SP>
      <SFCF>0.8722905590999549</SFCF>
      <CFR>0.065514516847480331</CFR>
      <CWH>0.10000031710785044</CWH>
      <CFGlacier>1</CFGlacier>
      <CFSlope>1</CFSlope>
      <FC>599.62366008149979</FC>
      <LP>0.89022297971591513</LP>
      <BETA>3.6232507429147174</BETA>
    </VegetationZoneParameters>
  </VegetationZone>
  <SubCatchment>
    <SubCatchmentParameters>
      <KSI>0.001</KSI>
      <KGmin>0.05</KGmin>
      <RangeKG>0.1</RangeKG>
      <AG>0.1</AG>
      <PERC>5.9835437670476948</PERC>
      <Alpha>0</Alpha>
      <UZL>134.10689061387237</UZL>
      <K0>0.21905415650434393</K0>
      <K1>0.084301125087902232</K1>
      <K2>0.12378204150751304</K2>
      <MAXBAS>1.0048684133995118</MAXBAS>
      <Cet>0</Cet>
      <PCALT>10</PCALT>
      <TCALT>0.6</TCALT>
      <Pelev>3165</Pelev>
      <Telev>3224</Telev>
      <PART>0.5</PART>
      <DELAY>1</DELAY>
    </SubCatchmentParameters>
    <SubCatchmentVegetationZone>
      <SubCatchmentVegetationZoneParameters>
        <TT>0.74399424673248249</TT>
        <CFMAX>3.6866396635654324</CFMAX>
        <SP>0</SP>
        <SFCF>0.8722905590999549</SFCF>
        <CFR>0.065514516847480331</CFR>
        <CWH>0.10000031710785044</CWH>
        <CFGlacier>1</CFGlacier>
        <CFSlope>1</CFSlope>
        <FC>599.62366008149979</FC>
        <LP>0.89022297971591513</LP>
        <BETA>3.6232507429147174</BETA>
      </SubCatchmentVegetationZoneParameters>
    </SubCatchmentVegetationZone>
  </SubCatchment>
</Catchment>