<?xml version="1.0" encoding="utf-8"?>
<Catchment xmlns:xsi="http://www.w3.org/2001/XMLSchema-instance" xmlns:xsd="http://www.w3.org/2001/XMLSchema">
  <CatchmentParameters>
    <KSI>0.001</KSI>
    <KGmin>0.05</KGmin>
    <RangeKG>0.1</RangeKG>
    <AG>0.1</AG>
    <PERC>0.28932277937047052</PERC>
    <Alpha>0</Alpha>
    <UZL>146.65569370867357</UZL>
    <K0>0.19555687778696729</K0>
    <K1>0.10916804808790794</K1>
    <K2>0.012810323829890873</K2>
    <MAXBAS>1</MAXBAS>
    <Cet>0</Cet>
    <PCALT>10</PCALT>
    <TCALT>0.6</TCALT>
    <Pelev>3165</Pelev>
    <Telev>3224</Telev>
    <PART>0.5</PART>
    <DELAY>1</DELAY>
  </CatchmentParameters>
  <VegetationZone>
    <VegetationZoneParameters>
      <TT>-1.8583384773307112</TT>
      <CFMAX>2.1016560657181724</CFMAX>
      <SP>0</SP>
      <SFCF>1.1303842901082086</SFCF>
      <CFR>0.099988813824946315</CFR>
      <CWH>0.18467880324302288</CWH>
      <CFGlacier>1</CFGlacier>
      <CFSlope>1</CFSlope>
      <FC>1105.9969916893808</FC>
      <LP>0.75114018550567474</LP>
      <BETA>3.0451252586100588</BETA>
    </VegetationZoneParameters>
  </VegetationZone>
  <SubCatchment>
    <SubCatchmentParameters>
      <KSI>0.001</KSI>
      <KGmin>0.05</KGmin>
      <RangeKG>0.1</RangeKG>
      <AG>0.1</AG>
      <PERC>0.28932277937047052</PERC>
      <Alpha>0</Alpha>
      <UZL>146.65569370867357</UZL>
      <K0>0.19555687778696729</K0>
      <K1>0.10916804808790794</K1>
      <K2>0.012810323829890873</K2>
      <MAXBAS>1</MAXBAS>
      <Cet>0</Cet>
      <PCALT>10</PCALT>
      <TCALT>0.6</TCALT>
      <Pelev>3165</Pelev>
      <Telev>3224</Telev>
      <PART>0.5</PART>
      <DELAY>1</DELAY>
    </SubCatchmentParameters>
    <SubCatchmentVegetationZone>
      <SubCatchmentVegetationZoneParameters>
        <TT>-1.8583384773307112</TT>
        <CFMAX>2.1016560657181724</CFMAX>
        <SP>0</SP>
        <SFCF>1.1303842901082086</SFCF>
        <CFR>0.099988813824946315</CFR>
        <CWH>0.18467880324302288</CWH>
        <CFGlacier>1</CFGlacier>
        <CFSlope>1</CFSlope>
        <FC>1105.9969916893808</FC>
        <LP>0.75114018550567474</LP>
        <BETA>3.0451252586100588</BETA>
      </SubCatchmentVegetationZoneParameters>
    </SubCatchmentVegetationZone>
  </SubCatchment>
</Catchment>