<?xml version="1.0" encoding="utf-8"?>
<Catchment xmlns:xsi="http://www.w3.org/2001/XMLSchema-instance" xmlns:xsd="http://www.w3.org/2001/XMLSchema">
  <CatchmentParameters>
    <KSI>0.001</KSI>
    <KGmin>0.05</KGmin>
    <RangeKG>0.1</RangeKG>
    <AG>0.1</AG>
    <PERC>0.33307231270400312</PERC>
    <Alpha>0</Alpha>
    <UZL>165.53430964499651</UZL>
    <K0>0.431390837866184</K0>
    <K1>0.0981653805675463</K1>
    <K2>0.020010087088879504</K2>
    <MAXBAS>1</MAXBAS>
    <Cet>0</Cet>
    <PCALT>10</PCALT>
    <TCALT>0.6</TCALT>
    <Pelev>3165</Pelev>
    <Telev>3224</Telev>
    <PART>0.5</PART>
    <DELAY>1</DELAY>
  </CatchmentParameters>
  <VegetationZone>
    <VegetationZoneParameters>
      <TT>-0.77613451014508483</TT>
      <CFMAX>3.0226216115459486</CFMAX>
      <SP>0</SP>
      <SFCF>1.1006990697727432</SFCF>
      <CFR>0.094964099919201253</CFR>
      <CWH>0.10000089727484118</CWH>
      <CFGlacier>1</CFGlacier>
      <CFSlope>1</CFSlope>
      <FC>1399.5480757304288</FC>
      <LP>0.86721272082381551</LP>
      <BETA>3.4632841259677503</BETA>
    </VegetationZoneParameters>
  </VegetationZone>
  <SubCatchment>
    <SubCatchmentParameters>
      <KSI>0.001</KSI>
      <KGmin>0.05</KGmin>
      <RangeKG>0.1</RangeKG>
      <AG>0.1</AG>
      <PERC>0.33307231270400312</PERC>
      <Alpha>0</Alpha>
      <UZL>165.53430964499651</UZL>
      <K0>0.431390837866184</K0>
      <K1>0.0981653805675463</K1>
      <K2>0.020010087088879504</K2>
      <MAXBAS>1</MAXBAS>
      <Cet>0</Cet>
      <PCALT>10</PCALT>
      <TCALT>0.6</TCALT>
      <Pelev>3165</Pelev>
      <Telev>3224</Telev>
      <PART>0.5</PART>
      <DELAY>1</DELAY>
    </SubCatchmentParameters>
    <SubCatchmentVegetationZone>
      <SubCatchmentVegetationZoneParameters>
        <TT>-0.77613451014508483</TT>
        <CFMAX>3.0226216115459486</CFMAX>
        <SP>0</SP>
        <SFCF>1.1006990697727432</SFCF>
        <CFR>0.094964099919201253</CFR>
        <CWH>0.10000089727484118</CWH>
        <CFGlacier>1</CFGlacier>
        <CFSlope>1</CFSlope>
        <FC>1399.5480757304288</FC>
        <LP>0.86721272082381551</LP>
        <BETA>3.4632841259677503</BETA>
      </SubCatchmentVegetationZoneParameters>
    </SubCatchmentVegetationZone>
  </SubCatchment>
</Catchment>