<?xml version="1.0" encoding="utf-8"?>
<Catchment xmlns:xsi="http://www.w3.org/2001/XMLSchema-instance" xmlns:xsd="http://www.w3.org/2001/XMLSchema">
  <CatchmentParameters>
    <KSI>0.001</KSI>
    <KGmin>0.05</KGmin>
    <RangeKG>0.1</RangeKG>
    <AG>0.1</AG>
    <PERC>0.36193365101073721</PERC>
    <Alpha>0</Alpha>
    <UZL>114.75056766741444</UZL>
    <K0>0.54414127549522728</K0>
    <K1>0.13071648996843452</K1>
    <K2>0.013797329867927307</K2>
    <MAXBAS>1</MAXBAS>
    <Cet>0</Cet>
    <PCALT>10</PCALT>
    <TCALT>0.6</TCALT>
    <Pelev>3165</Pelev>
    <Telev>3224</Telev>
    <PART>0.5</PART>
    <DELAY>1</DELAY>
  </CatchmentParameters>
  <VegetationZone>
    <VegetationZoneParameters>
      <TT>-1.0560008076712828</TT>
      <CFMAX>2.41173462191698</CFMAX>
      <SP>0</SP>
      <SFCF>1.0770509942923889</SFCF>
      <CFR>0.099999723598139412</CFR>
      <CWH>0.19999982972625696</CWH>
      <CFGlacier>1</CFGlacier>
      <CFSlope>1</CFSlope>
      <FC>1018.1303950410377</FC>
      <LP>0.55549915890542</LP>
      <BETA>1.6265035911783936</BETA>
    </VegetationZoneParameters>
  </VegetationZone>
  <SubCatchment>
    <SubCatchmentParameters>
      <KSI>0.001</KSI>
      <KGmin>0.05</KGmin>
      <RangeKG>0.1</RangeKG>
      <AG>0.1</AG>
      <PERC>0.36193365101073721</PERC>
      <Alpha>0</Alpha>
      <UZL>114.75056766741444</UZL>
      <K0>0.54414127549522728</K0>
      <K1>0.13071648996843452</K1>
      <K2>0.013797329867927307</K2>
      <MAXBAS>1</MAXBAS>
      <Cet>0</Cet>
      <PCALT>10</PCALT>
      <TCALT>0.6</TCALT>
      <Pelev>3165</Pelev>
      <Telev>3224</Telev>
      <PART>0.5</PART>
      <DELAY>1</DELAY>
    </SubCatchmentParameters>
    <SubCatchmentVegetationZone>
      <SubCatchmentVegetationZoneParameters>
        <TT>-1.0560008076712828</TT>
        <CFMAX>2.41173462191698</CFMAX>
        <SP>0</SP>
        <SFCF>1.0770509942923889</SFCF>
        <CFR>0.099999723598139412</CFR>
        <CWH>0.19999982972625696</CWH>
        <CFGlacier>1</CFGlacier>
        <CFSlope>1</CFSlope>
        <FC>1018.1303950410377</FC>
        <LP>0.55549915890542</LP>
        <BETA>1.6265035911783936</BETA>
      </SubCatchmentVegetationZoneParameters>
    </SubCatchmentVegetationZone>
  </SubCatchment>
</Catchment>