<?xml version="1.0" encoding="utf-8"?>
<Catchment xmlns:xsi="http://www.w3.org/2001/XMLSchema-instance" xmlns:xsd="http://www.w3.org/2001/XMLSchema">
  <CatchmentParameters>
    <KSI>0.001</KSI>
    <KGmin>0.05</KGmin>
    <RangeKG>0.1</RangeKG>
    <AG>0.1</AG>
    <PERC>0.24468092665801036</PERC>
    <Alpha>0</Alpha>
    <UZL>141.02148112614341</UZL>
    <K0>0.23911788974280829</K0>
    <K1>0.10159108026524154</K1>
    <K2>0.010000001385462944</K2>
    <MAXBAS>1</MAXBAS>
    <Cet>0</Cet>
    <PCALT>10</PCALT>
    <TCALT>0.6</TCALT>
    <Pelev>3165</Pelev>
    <Telev>3224</Telev>
    <PART>0.5</PART>
    <DELAY>1</DELAY>
  </CatchmentParameters>
  <VegetationZone>
    <VegetationZoneParameters>
      <TT>-1.0585552944984606</TT>
      <CFMAX>3.0108287651158165</CFMAX>
      <SP>0</SP>
      <SFCF>1.1744646428897612</SFCF>
      <CFR>0.099999632384074624</CFR>
      <CWH>0.1999995367227824</CWH>
      <CFGlacier>1</CFGlacier>
      <CFSlope>1</CFSlope>
      <FC>1305.1420810685784</FC>
      <LP>0.71350344937179822</LP>
      <BETA>2.8379633772173958</BETA>
    </VegetationZoneParameters>
  </VegetationZone>
  <SubCatchment>
    <SubCatchmentParameters>
      <KSI>0.001</KSI>
      <KGmin>0.05</KGmin>
      <RangeKG>0.1</RangeKG>
      <AG>0.1</AG>
      <PERC>0.24468092665801036</PERC>
      <Alpha>0</Alpha>
      <UZL>141.02148112614341</UZL>
      <K0>0.23911788974280829</K0>
      <K1>0.10159108026524154</K1>
      <K2>0.010000001385462944</K2>
      <MAXBAS>1</MAXBAS>
      <Cet>0</Cet>
      <PCALT>10</PCALT>
      <TCALT>0.6</TCALT>
      <Pelev>3165</Pelev>
      <Telev>3224</Telev>
      <PART>0.5</PART>
      <DELAY>1</DELAY>
    </SubCatchmentParameters>
    <SubCatchmentVegetationZone>
      <SubCatchmentVegetationZoneParameters>
        <TT>-1.0585552944984606</TT>
        <CFMAX>3.0108287651158165</CFMAX>
        <SP>0</SP>
        <SFCF>1.1744646428897612</SFCF>
        <CFR>0.099999632384074624</CFR>
        <CWH>0.1999995367227824</CWH>
        <CFGlacier>1</CFGlacier>
        <CFSlope>1</CFSlope>
        <FC>1305.1420810685784</FC>
        <LP>0.71350344937179822</LP>
        <BETA>2.8379633772173958</BETA>
      </SubCatchmentVegetationZoneParameters>
    </SubCatchmentVegetationZone>
  </SubCatchment>
</Catchment>