<?xml version="1.0" encoding="utf-8"?>
<Catchment xmlns:xsi="http://www.w3.org/2001/XMLSchema-instance" xmlns:xsd="http://www.w3.org/2001/XMLSchema">
  <CatchmentParameters>
    <KSI>0.001</KSI>
    <KGmin>0.05</KGmin>
    <RangeKG>0.1</RangeKG>
    <AG>0.1</AG>
    <PERC>0.25347940163007054</PERC>
    <Alpha>0</Alpha>
    <UZL>152.31053605422414</UZL>
    <K0>0.32454523832968379</K0>
    <K1>0.10380288139650171</K1>
    <K2>0.010000018627023143</K2>
    <MAXBAS>1</MAXBAS>
    <Cet>0</Cet>
    <PCALT>10</PCALT>
    <TCALT>0.6</TCALT>
    <Pelev>3165</Pelev>
    <Telev>3224</Telev>
    <PART>0.5</PART>
    <DELAY>1</DELAY>
  </CatchmentParameters>
  <VegetationZone>
    <VegetationZoneParameters>
      <TT>-1.1560181017497009</TT>
      <CFMAX>3.0332236593649147</CFMAX>
      <SP>0</SP>
      <SFCF>1.2416505418787156</SFCF>
      <CFR>0.09999911612789901</CFR>
      <CWH>0.14042426485795831</CWH>
      <CFGlacier>1</CFGlacier>
      <CFSlope>1</CFSlope>
      <FC>1483.4133141667564</FC>
      <LP>0.68993805320075474</LP>
      <BETA>3.2401199274267705</BETA>
    </VegetationZoneParameters>
  </VegetationZone>
  <SubCatchment>
    <SubCatchmentParameters>
      <KSI>0.001</KSI>
      <KGmin>0.05</KGmin>
      <RangeKG>0.1</RangeKG>
      <AG>0.1</AG>
      <PERC>0.25347940163007054</PERC>
      <Alpha>0</Alpha>
      <UZL>152.31053605422414</UZL>
      <K0>0.32454523832968379</K0>
      <K1>0.10380288139650171</K1>
      <K2>0.010000018627023143</K2>
      <MAXBAS>1</MAXBAS>
      <Cet>0</Cet>
      <PCALT>10</PCALT>
      <TCALT>0.6</TCALT>
      <Pelev>3165</Pelev>
      <Telev>3224</Telev>
      <PART>0.5</PART>
      <DELAY>1</DELAY>
    </SubCatchmentParameters>
    <SubCatchmentVegetationZone>
      <SubCatchmentVegetationZoneParameters>
        <TT>-1.1560181017497009</TT>
        <CFMAX>3.0332236593649147</CFMAX>
        <SP>0</SP>
        <SFCF>1.2416505418787156</SFCF>
        <CFR>0.09999911612789901</CFR>
        <CWH>0.14042426485795831</CWH>
        <CFGlacier>1</CFGlacier>
        <CFSlope>1</CFSlope>
        <FC>1483.4133141667564</FC>
        <LP>0.68993805320075474</LP>
        <BETA>3.2401199274267705</BETA>
      </SubCatchmentVegetationZoneParameters>
    </SubCatchmentVegetationZone>
  </SubCatchment>
</Catchment>