<?xml version="1.0" encoding="utf-8"?>
<Catchment xmlns:xsi="http://www.w3.org/2001/XMLSchema-instance" xmlns:xsd="http://www.w3.org/2001/XMLSchema">
  <CatchmentParameters>
    <KSI>0.001</KSI>
    <KGmin>0.05</KGmin>
    <RangeKG>0.1</RangeKG>
    <AG>0.1</AG>
    <PERC>0.28603202075871154</PERC>
    <Alpha>0</Alpha>
    <UZL>174.73821084615614</UZL>
    <K0>0.25671884217370311</K0>
    <K1>0.10849581223243386</K1>
    <K2>0.015458508072358129</K2>
    <MAXBAS>1</MAXBAS>
    <Cet>0</Cet>
    <PCALT>10</PCALT>
    <TCALT>0.6</TCALT>
    <Pelev>3165</Pelev>
    <Telev>3224</Telev>
    <PART>0.5</PART>
    <DELAY>1</DELAY>
  </CatchmentParameters>
  <VegetationZone>
    <VegetationZoneParameters>
      <TT>-1.1931601771065477</TT>
      <CFMAX>2.2692689076245895</CFMAX>
      <SP>0</SP>
      <SFCF>1.0222933973967223</SFCF>
      <CFR>0.077669772961274947</CFR>
      <CWH>0.18864787216863244</CWH>
      <CFGlacier>1</CFGlacier>
      <CFSlope>1</CFSlope>
      <FC>965.37694210124516</FC>
      <LP>0.825872793534307</LP>
      <BETA>2.6524606529790531</BETA>
    </VegetationZoneParameters>
  </VegetationZone>
  <SubCatchment>
    <SubCatchmentParameters>
      <KSI>0.001</KSI>
      <KGmin>0.05</KGmin>
      <RangeKG>0.1</RangeKG>
      <AG>0.1</AG>
      <PERC>0.28603202075871154</PERC>
      <Alpha>0</Alpha>
      <UZL>174.73821084615614</UZL>
      <K0>0.25671884217370311</K0>
      <K1>0.10849581223243386</K1>
      <K2>0.015458508072358129</K2>
      <MAXBAS>1</MAXBAS>
      <Cet>0</Cet>
      <PCALT>10</PCALT>
      <TCALT>0.6</TCALT>
      <Pelev>3165</Pelev>
      <Telev>3224</Telev>
      <PART>0.5</PART>
      <DELAY>1</DELAY>
    </SubCatchmentParameters>
    <SubCatchmentVegetationZone>
      <SubCatchmentVegetationZoneParameters>
        <TT>-1.1931601771065477</TT>
        <CFMAX>2.2692689076245895</CFMAX>
        <SP>0</SP>
        <SFCF>1.0222933973967223</SFCF>
        <CFR>0.077669772961274947</CFR>
        <CWH>0.18864787216863244</CWH>
        <CFGlacier>1</CFGlacier>
        <CFSlope>1</CFSlope>
        <FC>965.37694210124516</FC>
        <LP>0.825872793534307</LP>
        <BETA>2.6524606529790531</BETA>
      </SubCatchmentVegetationZoneParameters>
    </SubCatchmentVegetationZone>
  </SubCatchment>
</Catchment>