<?xml version="1.0" encoding="utf-8"?>
<Catchment xmlns:xsi="http://www.w3.org/2001/XMLSchema-instance" xmlns:xsd="http://www.w3.org/2001/XMLSchema">
  <CatchmentParameters>
    <KSI>0.001</KSI>
    <KGmin>0.05</KGmin>
    <RangeKG>0.1</RangeKG>
    <AG>0.1</AG>
    <PERC>0.25932023747242727</PERC>
    <Alpha>0</Alpha>
    <UZL>137.43368077104466</UZL>
    <K0>0.30854010020249278</K0>
    <K1>0.10543256627652611</K1>
    <K2>0.012274968538889555</K2>
    <MAXBAS>1</MAXBAS>
    <Cet>0</Cet>
    <PCALT>10</PCALT>
    <TCALT>0.6</TCALT>
    <Pelev>3165</Pelev>
    <Telev>3224</Telev>
    <PART>0.5</PART>
    <DELAY>1</DELAY>
  </CatchmentParameters>
  <VegetationZone>
    <VegetationZoneParameters>
      <TT>-1.1360014603805542</TT>
      <CFMAX>2.2884227813604689</CFMAX>
      <SP>0</SP>
      <SFCF>1.0009017362491419</SFCF>
      <CFR>0.0999997410900512</CFR>
      <CWH>0.19999943061790745</CWH>
      <CFGlacier>1</CFGlacier>
      <CFSlope>1</CFSlope>
      <FC>929.41339605150779</FC>
      <LP>0.84428958354048222</LP>
      <BETA>2.6146695068746753</BETA>
    </VegetationZoneParameters>
  </VegetationZone>
  <SubCatchment>
    <SubCatchmentParameters>
      <KSI>0.001</KSI>
      <KGmin>0.05</KGmin>
      <RangeKG>0.1</RangeKG>
      <AG>0.1</AG>
      <PERC>0.25932023747242727</PERC>
      <Alpha>0</Alpha>
      <UZL>137.43368077104466</UZL>
      <K0>0.30854010020249278</K0>
      <K1>0.10543256627652611</K1>
      <K2>0.012274968538889555</K2>
      <MAXBAS>1</MAXBAS>
      <Cet>0</Cet>
      <PCALT>10</PCALT>
      <TCALT>0.6</TCALT>
      <Pelev>3165</Pelev>
      <Telev>3224</Telev>
      <PART>0.5</PART>
      <DELAY>1</DELAY>
    </SubCatchmentParameters>
    <SubCatchmentVegetationZone>
      <SubCatchmentVegetationZoneParameters>
        <TT>-1.1360014603805542</TT>
        <CFMAX>2.2884227813604689</CFMAX>
        <SP>0</SP>
        <SFCF>1.0009017362491419</SFCF>
        <CFR>0.0999997410900512</CFR>
        <CWH>0.19999943061790745</CWH>
        <CFGlacier>1</CFGlacier>
        <CFSlope>1</CFSlope>
        <FC>929.41339605150779</FC>
        <LP>0.84428958354048222</LP>
        <BETA>2.6146695068746753</BETA>
      </SubCatchmentVegetationZoneParameters>
    </SubCatchmentVegetationZone>
  </SubCatchment>
</Catchment>