<?xml version="1.0" encoding="utf-8"?>
<Catchment xmlns:xsi="http://www.w3.org/2001/XMLSchema-instance" xmlns:xsd="http://www.w3.org/2001/XMLSchema">
  <CatchmentParameters>
    <KSI>0.001</KSI>
    <KGmin>0.05</KGmin>
    <RangeKG>0.1</RangeKG>
    <AG>0.1</AG>
    <PERC>0.27608509994454805</PERC>
    <Alpha>0</Alpha>
    <UZL>199.21936172179355</UZL>
    <K0>0.43610614418808785</K0>
    <K1>0.11943584175599215</K1>
    <K2>0.01000000532335529</K2>
    <MAXBAS>1</MAXBAS>
    <Cet>0</Cet>
    <PCALT>10</PCALT>
    <TCALT>0.6</TCALT>
    <Pelev>3165</Pelev>
    <Telev>3224</Telev>
    <PART>0.5</PART>
    <DELAY>1</DELAY>
  </CatchmentParameters>
  <VegetationZone>
    <VegetationZoneParameters>
      <TT>-1.0147368657183629</TT>
      <CFMAX>2.474398227631426</CFMAX>
      <SP>0</SP>
      <SFCF>1.0898553250247114</SFCF>
      <CFR>0.099999680679958791</CFR>
      <CWH>0.10626343960813073</CWH>
      <CFGlacier>1</CFGlacier>
      <CFSlope>1</CFSlope>
      <FC>1150.08589404315</FC>
      <LP>0.80402137508946769</LP>
      <BETA>3.1815769310935953</BETA>
    </VegetationZoneParameters>
  </VegetationZone>
  <SubCatchment>
    <SubCatchmentParameters>
      <KSI>0.001</KSI>
      <KGmin>0.05</KGmin>
      <RangeKG>0.1</RangeKG>
      <AG>0.1</AG>
      <PERC>0.27608509994454805</PERC>
      <Alpha>0</Alpha>
      <UZL>199.21936172179355</UZL>
      <K0>0.43610614418808785</K0>
      <K1>0.11943584175599215</K1>
      <K2>0.01000000532335529</K2>
      <MAXBAS>1</MAXBAS>
      <Cet>0</Cet>
      <PCALT>10</PCALT>
      <TCALT>0.6</TCALT>
      <Pelev>3165</Pelev>
      <Telev>3224</Telev>
      <PART>0.5</PART>
      <DELAY>1</DELAY>
    </SubCatchmentParameters>
    <SubCatchmentVegetationZone>
      <SubCatchmentVegetationZoneParameters>
        <TT>-1.0147368657183629</TT>
        <CFMAX>2.474398227631426</CFMAX>
        <SP>0</SP>
        <SFCF>1.0898553250247114</SFCF>
        <CFR>0.099999680679958791</CFR>
        <CWH>0.10626343960813073</CWH>
        <CFGlacier>1</CFGlacier>
        <CFSlope>1</CFSlope>
        <FC>1150.08589404315</FC>
        <LP>0.80402137508946769</LP>
        <BETA>3.1815769310935953</BETA>
      </SubCatchmentVegetationZoneParameters>
    </SubCatchmentVegetationZone>
  </SubCatchment>
</Catchment>