<?xml version="1.0" encoding="utf-8"?>
<Catchment xmlns:xsi="http://www.w3.org/2001/XMLSchema-instance" xmlns:xsd="http://www.w3.org/2001/XMLSchema">
  <CatchmentParameters>
    <KSI>0.001</KSI>
    <KGmin>0.05</KGmin>
    <RangeKG>0.1</RangeKG>
    <AG>0.1</AG>
    <PERC>6.896256222977871</PERC>
    <Alpha>0</Alpha>
    <UZL>103.20566612605444</UZL>
    <K0>0.54681219589044383</K0>
    <K1>0.094476427479936093</K1>
    <K2>0.12920609334203861</K2>
    <MAXBAS>1.0000438354073753</MAXBAS>
    <Cet>0</Cet>
    <PCALT>10</PCALT>
    <TCALT>0.6</TCALT>
    <Pelev>3165</Pelev>
    <Telev>3224</Telev>
    <PART>0.5</PART>
    <DELAY>1</DELAY>
  </CatchmentParameters>
  <VegetationZone>
    <VegetationZoneParameters>
      <TT>0.99302919201719619</TT>
      <CFMAX>3.0203547842820035</CFMAX>
      <SP>0</SP>
      <SFCF>0.737484441130478</SFCF>
      <CFR>0.044824067602271506</CFR>
      <CWH>0.1000001933674519</CWH>
      <CFGlacier>1</CFGlacier>
      <CFSlope>1</CFSlope>
      <FC>412.63188011197815</FC>
      <LP>0.99999989793171074</LP>
      <BETA>4.26638800819727</BETA>
    </VegetationZoneParameters>
  </VegetationZone>
  <SubCatchment>
    <SubCatchmentParameters>
      <KSI>0.001</KSI>
      <KGmin>0.05</KGmin>
      <RangeKG>0.1</RangeKG>
      <AG>0.1</AG>
      <PERC>6.896256222977871</PERC>
      <Alpha>0</Alpha>
      <UZL>103.20566612605444</UZL>
      <K0>0.54681219589044383</K0>
      <K1>0.094476427479936093</K1>
      <K2>0.12920609334203861</K2>
      <MAXBAS>1.0000438354073753</MAXBAS>
      <Cet>0</Cet>
      <PCALT>10</PCALT>
      <TCALT>0.6</TCALT>
      <Pelev>3165</Pelev>
      <Telev>3224</Telev>
      <PART>0.5</PART>
      <DELAY>1</DELAY>
    </SubCatchmentParameters>
    <SubCatchmentVegetationZone>
      <SubCatchmentVegetationZoneParameters>
        <TT>0.99302919201719619</TT>
        <CFMAX>3.0203547842820035</CFMAX>
        <SP>0</SP>
        <SFCF>0.737484441130478</SFCF>
        <CFR>0.044824067602271506</CFR>
        <CWH>0.1000001933674519</CWH>
        <CFGlacier>1</CFGlacier>
        <CFSlope>1</CFSlope>
        <FC>412.63188011197815</FC>
        <LP>0.99999989793171074</LP>
        <BETA>4.26638800819727</BETA>
      </SubCatchmentVegetationZoneParameters>
    </SubCatchmentVegetationZone>
  </SubCatchment>
</Catchment>