<?xml version="1.0" encoding="utf-8"?>
<Catchment xmlns:xsi="http://www.w3.org/2001/XMLSchema-instance" xmlns:xsd="http://www.w3.org/2001/XMLSchema">
  <CatchmentParameters>
    <KSI>0.001</KSI>
    <KGmin>0.05</KGmin>
    <RangeKG>0.1</RangeKG>
    <AG>0.1</AG>
    <PERC>0.25730047495182912</PERC>
    <Alpha>0</Alpha>
    <UZL>129.88389352153584</UZL>
    <K0>0.50590698760693353</K0>
    <K1>0.11300358712163626</K1>
    <K2>0.010000048935239619</K2>
    <MAXBAS>1</MAXBAS>
    <Cet>0</Cet>
    <PCALT>10</PCALT>
    <TCALT>0.6</TCALT>
    <Pelev>3165</Pelev>
    <Telev>3224</Telev>
    <PART>0.5</PART>
    <DELAY>1</DELAY>
  </CatchmentParameters>
  <VegetationZone>
    <VegetationZoneParameters>
      <TT>-1.078029311940371</TT>
      <CFMAX>2.6352875050738529</CFMAX>
      <SP>0</SP>
      <SFCF>1.1314462056066537</SFCF>
      <CFR>0.099999669781288436</CFR>
      <CWH>0.18994329349979533</CWH>
      <CFGlacier>1</CFGlacier>
      <CFSlope>1</CFSlope>
      <FC>1126.5436161901321</FC>
      <LP>0.66756374014497766</LP>
      <BETA>2.4187966915231547</BETA>
    </VegetationZoneParameters>
  </VegetationZone>
  <SubCatchment>
    <SubCatchmentParameters>
      <KSI>0.001</KSI>
      <KGmin>0.05</KGmin>
      <RangeKG>0.1</RangeKG>
      <AG>0.1</AG>
      <PERC>0.25730047495182912</PERC>
      <Alpha>0</Alpha>
      <UZL>129.88389352153584</UZL>
      <K0>0.50590698760693353</K0>
      <K1>0.11300358712163626</K1>
      <K2>0.010000048935239619</K2>
      <MAXBAS>1</MAXBAS>
      <Cet>0</Cet>
      <PCALT>10</PCALT>
      <TCALT>0.6</TCALT>
      <Pelev>3165</Pelev>
      <Telev>3224</Telev>
      <PART>0.5</PART>
      <DELAY>1</DELAY>
    </SubCatchmentParameters>
    <SubCatchmentVegetationZone>
      <SubCatchmentVegetationZoneParameters>
        <TT>-1.078029311940371</TT>
        <CFMAX>2.6352875050738529</CFMAX>
        <SP>0</SP>
        <SFCF>1.1314462056066537</SFCF>
        <CFR>0.099999669781288436</CFR>
        <CWH>0.18994329349979533</CWH>
        <CFGlacier>1</CFGlacier>
        <CFSlope>1</CFSlope>
        <FC>1126.5436161901321</FC>
        <LP>0.66756374014497766</LP>
        <BETA>2.4187966915231547</BETA>
      </SubCatchmentVegetationZoneParameters>
    </SubCatchmentVegetationZone>
  </SubCatchment>
</Catchment>