<?xml version="1.0" encoding="utf-8"?>
<Catchment xmlns:xsi="http://www.w3.org/2001/XMLSchema-instance" xmlns:xsd="http://www.w3.org/2001/XMLSchema">
  <CatchmentParameters>
    <KSI>0.001</KSI>
    <KGmin>0.05</KGmin>
    <RangeKG>0.1</RangeKG>
    <AG>0.1</AG>
    <PERC>6.842556821543</PERC>
    <Alpha>0</Alpha>
    <UZL>116.065207455963</UZL>
    <K0>0.33745744315734427</K0>
    <K1>0.089718863941796928</K1>
    <K2>0.12306583816460476</K2>
    <MAXBAS>1.0001286472910884</MAXBAS>
    <Cet>0</Cet>
    <PCALT>10</PCALT>
    <TCALT>0.6</TCALT>
    <Pelev>3165</Pelev>
    <Telev>3224</Telev>
    <PART>0.5</PART>
    <DELAY>1</DELAY>
  </CatchmentParameters>
  <VegetationZone>
    <VegetationZoneParameters>
      <TT>0.9019606824082923</TT>
      <CFMAX>3.0095838305292424</CFMAX>
      <SP>0</SP>
      <SFCF>0.72334442369198781</SFCF>
      <CFR>0.061274944323277118</CFR>
      <CWH>0.10000129374534075</CWH>
      <CFGlacier>1</CFGlacier>
      <CFSlope>1</CFSlope>
      <FC>402.47369271100348</FC>
      <LP>0.9999914019920898</LP>
      <BETA>4.6416494079077975</BETA>
    </VegetationZoneParameters>
  </VegetationZone>
  <SubCatchment>
    <SubCatchmentParameters>
      <KSI>0.001</KSI>
      <KGmin>0.05</KGmin>
      <RangeKG>0.1</RangeKG>
      <AG>0.1</AG>
      <PERC>6.842556821543</PERC>
      <Alpha>0</Alpha>
      <UZL>116.065207455963</UZL>
      <K0>0.33745744315734427</K0>
      <K1>0.089718863941796928</K1>
      <K2>0.12306583816460476</K2>
      <MAXBAS>1.0001286472910884</MAXBAS>
      <Cet>0</Cet>
      <PCALT>10</PCALT>
      <TCALT>0.6</TCALT>
      <Pelev>3165</Pelev>
      <Telev>3224</Telev>
      <PART>0.5</PART>
      <DELAY>1</DELAY>
    </SubCatchmentParameters>
    <SubCatchmentVegetationZone>
      <SubCatchmentVegetationZoneParameters>
        <TT>0.9019606824082923</TT>
        <CFMAX>3.0095838305292424</CFMAX>
        <SP>0</SP>
        <SFCF>0.72334442369198781</SFCF>
        <CFR>0.061274944323277118</CFR>
        <CWH>0.10000129374534075</CWH>
        <CFGlacier>1</CFGlacier>
        <CFSlope>1</CFSlope>
        <FC>402.47369271100348</FC>
        <LP>0.9999914019920898</LP>
        <BETA>4.6416494079077975</BETA>
      </SubCatchmentVegetationZoneParameters>
    </SubCatchmentVegetationZone>
  </SubCatchment>
</Catchment>