<?xml version="1.0" encoding="utf-8"?>
<Catchment xmlns:xsi="http://www.w3.org/2001/XMLSchema-instance" xmlns:xsd="http://www.w3.org/2001/XMLSchema">
  <CatchmentParameters>
    <KSI>0.001</KSI>
    <KGmin>0.05</KGmin>
    <RangeKG>0.1</RangeKG>
    <AG>0.1</AG>
    <PERC>0.35256896663075005</PERC>
    <Alpha>0</Alpha>
    <UZL>112.50321005712198</UZL>
    <K0>0.3374621597749704</K0>
    <K1>0.11705731516751142</K1>
    <K2>0.021708212776152661</K2>
    <MAXBAS>1</MAXBAS>
    <Cet>0</Cet>
    <PCALT>10</PCALT>
    <TCALT>0.6</TCALT>
    <Pelev>3165</Pelev>
    <Telev>3224</Telev>
    <PART>0.5</PART>
    <DELAY>1</DELAY>
  </CatchmentParameters>
  <VegetationZone>
    <VegetationZoneParameters>
      <TT>-0.96330950167274709</TT>
      <CFMAX>1.9709507693680253</CFMAX>
      <SP>0</SP>
      <SFCF>0.87007794204720812</SFCF>
      <CFR>0.099999391897032108</CFR>
      <CWH>0.1967728553482227</CWH>
      <CFGlacier>1</CFGlacier>
      <CFSlope>1</CFSlope>
      <FC>748.66254115536219</FC>
      <LP>0.946678920676017</LP>
      <BETA>2.1319619752721062</BETA>
    </VegetationZoneParameters>
  </VegetationZone>
  <SubCatchment>
    <SubCatchmentParameters>
      <KSI>0.001</KSI>
      <KGmin>0.05</KGmin>
      <RangeKG>0.1</RangeKG>
      <AG>0.1</AG>
      <PERC>0.35256896663075005</PERC>
      <Alpha>0</Alpha>
      <UZL>112.50321005712198</UZL>
      <K0>0.3374621597749704</K0>
      <K1>0.11705731516751142</K1>
      <K2>0.021708212776152661</K2>
      <MAXBAS>1</MAXBAS>
      <Cet>0</Cet>
      <PCALT>10</PCALT>
      <TCALT>0.6</TCALT>
      <Pelev>3165</Pelev>
      <Telev>3224</Telev>
      <PART>0.5</PART>
      <DELAY>1</DELAY>
    </SubCatchmentParameters>
    <SubCatchmentVegetationZone>
      <SubCatchmentVegetationZoneParameters>
        <TT>-0.96330950167274709</TT>
        <CFMAX>1.9709507693680253</CFMAX>
        <SP>0</SP>
        <SFCF>0.87007794204720812</SFCF>
        <CFR>0.099999391897032108</CFR>
        <CWH>0.1967728553482227</CWH>
        <CFGlacier>1</CFGlacier>
        <CFSlope>1</CFSlope>
        <FC>748.66254115536219</FC>
        <LP>0.946678920676017</LP>
        <BETA>2.1319619752721062</BETA>
      </SubCatchmentVegetationZoneParameters>
    </SubCatchmentVegetationZone>
  </SubCatchment>
</Catchment>