<?xml version="1.0" encoding="utf-8"?>
<Catchment xmlns:xsi="http://www.w3.org/2001/XMLSchema-instance" xmlns:xsd="http://www.w3.org/2001/XMLSchema">
  <CatchmentParameters>
    <KSI>0.001</KSI>
    <KGmin>0.05</KGmin>
    <RangeKG>0.1</RangeKG>
    <AG>0.1</AG>
    <PERC>0.25847853681240313</PERC>
    <Alpha>0</Alpha>
    <UZL>64.122926794302145</UZL>
    <K0>0.050000622214921124</K0>
    <K1>0.10770313089231698</K1>
    <K2>0.010000029880890281</K2>
    <MAXBAS>1</MAXBAS>
    <Cet>0</Cet>
    <PCALT>10</PCALT>
    <TCALT>0.6</TCALT>
    <Pelev>3165</Pelev>
    <Telev>3224</Telev>
    <PART>0.5</PART>
    <DELAY>1</DELAY>
  </CatchmentParameters>
  <VegetationZone>
    <VegetationZoneParameters>
      <TT>-1.4560013324364893</TT>
      <CFMAX>2.0745031801122642</CFMAX>
      <SP>0</SP>
      <SFCF>1.0183145957702759</SFCF>
      <CFR>0.0825966089609559</CFR>
      <CWH>0.18248119312124547</CWH>
      <CFGlacier>1</CFGlacier>
      <CFSlope>1</CFSlope>
      <FC>961.00020855601235</FC>
      <LP>0.8485138267083745</LP>
      <BETA>2.9147701795850618</BETA>
    </VegetationZoneParameters>
  </VegetationZone>
  <SubCatchment>
    <SubCatchmentParameters>
      <KSI>0.001</KSI>
      <KGmin>0.05</KGmin>
      <RangeKG>0.1</RangeKG>
      <AG>0.1</AG>
      <PERC>0.25847853681240313</PERC>
      <Alpha>0</Alpha>
      <UZL>64.122926794302145</UZL>
      <K0>0.050000622214921124</K0>
      <K1>0.10770313089231698</K1>
      <K2>0.010000029880890281</K2>
      <MAXBAS>1</MAXBAS>
      <Cet>0</Cet>
      <PCALT>10</PCALT>
      <TCALT>0.6</TCALT>
      <Pelev>3165</Pelev>
      <Telev>3224</Telev>
      <PART>0.5</PART>
      <DELAY>1</DELAY>
    </SubCatchmentParameters>
    <SubCatchmentVegetationZone>
      <SubCatchmentVegetationZoneParameters>
        <TT>-1.4560013324364893</TT>
        <CFMAX>2.0745031801122642</CFMAX>
        <SP>0</SP>
        <SFCF>1.0183145957702759</SFCF>
        <CFR>0.0825966089609559</CFR>
        <CWH>0.18248119312124547</CWH>
        <CFGlacier>1</CFGlacier>
        <CFSlope>1</CFSlope>
        <FC>961.00020855601235</FC>
        <LP>0.8485138267083745</LP>
        <BETA>2.9147701795850618</BETA>
      </SubCatchmentVegetationZoneParameters>
    </SubCatchmentVegetationZone>
  </SubCatchment>
</Catchment>