<?xml version="1.0" encoding="utf-8"?>
<Catchment xmlns:xsi="http://www.w3.org/2001/XMLSchema-instance" xmlns:xsd="http://www.w3.org/2001/XMLSchema">
  <CatchmentParameters>
    <KSI>0.001</KSI>
    <KGmin>0.05</KGmin>
    <RangeKG>0.1</RangeKG>
    <AG>0.1</AG>
    <PERC>5.7449692297531971</PERC>
    <Alpha>0</Alpha>
    <UZL>148.12712492342914</UZL>
    <K0>0.51717934599325011</K0>
    <K1>0.093815614911541376</K1>
    <K2>0.12356833536281264</K2>
    <MAXBAS>1.0000734482298721</MAXBAS>
    <Cet>0</Cet>
    <PCALT>10</PCALT>
    <TCALT>0.6</TCALT>
    <Pelev>3165</Pelev>
    <Telev>3224</Telev>
    <PART>0.5</PART>
    <DELAY>1</DELAY>
  </CatchmentParameters>
  <VegetationZone>
    <VegetationZoneParameters>
      <TT>0.44313354336953276</TT>
      <CFMAX>2.5312060482341252</CFMAX>
      <SP>0</SP>
      <SFCF>0.70647973026738375</SFCF>
      <CFR>0.087926008198308772</CFR>
      <CWH>0.12251010084349492</CWH>
      <CFGlacier>1</CFGlacier>
      <CFSlope>1</CFSlope>
      <FC>353.3291290710481</FC>
      <LP>0.93740270084991673</LP>
      <BETA>4.6911912456576026</BETA>
    </VegetationZoneParameters>
  </VegetationZone>
  <SubCatchment>
    <SubCatchmentParameters>
      <KSI>0.001</KSI>
      <KGmin>0.05</KGmin>
      <RangeKG>0.1</RangeKG>
      <AG>0.1</AG>
      <PERC>5.7449692297531971</PERC>
      <Alpha>0</Alpha>
      <UZL>148.12712492342914</UZL>
      <K0>0.51717934599325011</K0>
      <K1>0.093815614911541376</K1>
      <K2>0.12356833536281264</K2>
      <MAXBAS>1.0000734482298721</MAXBAS>
      <Cet>0</Cet>
      <PCALT>10</PCALT>
      <TCALT>0.6</TCALT>
      <Pelev>3165</Pelev>
      <Telev>3224</Telev>
      <PART>0.5</PART>
      <DELAY>1</DELAY>
    </SubCatchmentParameters>
    <SubCatchmentVegetationZone>
      <SubCatchmentVegetationZoneParameters>
        <TT>0.44313354336953276</TT>
        <CFMAX>2.5312060482341252</CFMAX>
        <SP>0</SP>
        <SFCF>0.70647973026738375</SFCF>
        <CFR>0.087926008198308772</CFR>
        <CWH>0.12251010084349492</CWH>
        <CFGlacier>1</CFGlacier>
        <CFSlope>1</CFSlope>
        <FC>353.3291290710481</FC>
        <LP>0.93740270084991673</LP>
        <BETA>4.6911912456576026</BETA>
      </SubCatchmentVegetationZoneParameters>
    </SubCatchmentVegetationZone>
  </SubCatchment>
</Catchment>