<?xml version="1.0" encoding="utf-8"?>
<Catchment xmlns:xsi="http://www.w3.org/2001/XMLSchema-instance" xmlns:xsd="http://www.w3.org/2001/XMLSchema">
  <CatchmentParameters>
    <KSI>0.001</KSI>
    <KGmin>0.05</KGmin>
    <RangeKG>0.1</RangeKG>
    <AG>0.1</AG>
    <PERC>1.2590117729949308</PERC>
    <Alpha>0</Alpha>
    <UZL>133.2641114240528</UZL>
    <K0>0.41665353272213468</K0>
    <K1>0.10555840469607586</K1>
    <K2>0.050701558955349516</K2>
    <MAXBAS>1.0000329333763347</MAXBAS>
    <Cet>0</Cet>
    <PCALT>10</PCALT>
    <TCALT>0.6</TCALT>
    <Pelev>3165</Pelev>
    <Telev>3224</Telev>
    <PART>0.5</PART>
    <DELAY>1</DELAY>
  </CatchmentParameters>
  <VegetationZone>
    <VegetationZoneParameters>
      <TT>0.042991572287122234</TT>
      <CFMAX>2.202092200771729</CFMAX>
      <SP>0</SP>
      <SFCF>0.69523007194512842</SFCF>
      <CFR>0.099999668280706652</CFR>
      <CWH>0.1660693343352197</CWH>
      <CFGlacier>1</CFGlacier>
      <CFSlope>1</CFSlope>
      <FC>322.23540846580522</FC>
      <LP>0.999994062034211</LP>
      <BETA>4.7618799734478454</BETA>
    </VegetationZoneParameters>
  </VegetationZone>
  <SubCatchment>
    <SubCatchmentParameters>
      <KSI>0.001</KSI>
      <KGmin>0.05</KGmin>
      <RangeKG>0.1</RangeKG>
      <AG>0.1</AG>
      <PERC>1.2590117729949308</PERC>
      <Alpha>0</Alpha>
      <UZL>133.2641114240528</UZL>
      <K0>0.41665353272213468</K0>
      <K1>0.10555840469607586</K1>
      <K2>0.050701558955349516</K2>
      <MAXBAS>1.0000329333763347</MAXBAS>
      <Cet>0</Cet>
      <PCALT>10</PCALT>
      <TCALT>0.6</TCALT>
      <Pelev>3165</Pelev>
      <Telev>3224</Telev>
      <PART>0.5</PART>
      <DELAY>1</DELAY>
    </SubCatchmentParameters>
    <SubCatchmentVegetationZone>
      <SubCatchmentVegetationZoneParameters>
        <TT>0.042991572287122234</TT>
        <CFMAX>2.202092200771729</CFMAX>
        <SP>0</SP>
        <SFCF>0.69523007194512842</SFCF>
        <CFR>0.099999668280706652</CFR>
        <CWH>0.1660693343352197</CWH>
        <CFGlacier>1</CFGlacier>
        <CFSlope>1</CFSlope>
        <FC>322.23540846580522</FC>
        <LP>0.999994062034211</LP>
        <BETA>4.7618799734478454</BETA>
      </SubCatchmentVegetationZoneParameters>
    </SubCatchmentVegetationZone>
  </SubCatchment>
</Catchment>