<?xml version="1.0" encoding="utf-8"?>
<Catchment xmlns:xsi="http://www.w3.org/2001/XMLSchema-instance" xmlns:xsd="http://www.w3.org/2001/XMLSchema">
  <CatchmentParameters>
    <KSI>0.001</KSI>
    <KGmin>0.05</KGmin>
    <RangeKG>0.1</RangeKG>
    <AG>0.1</AG>
    <PERC>0.265625603564136</PERC>
    <Alpha>0</Alpha>
    <UZL>165.8276430240463</UZL>
    <K0>0.12826450901606507</K0>
    <K1>0.11172234795049935</K1>
    <K2>0.010000019227658226</K2>
    <MAXBAS>1</MAXBAS>
    <Cet>0</Cet>
    <PCALT>10</PCALT>
    <TCALT>0.6</TCALT>
    <Pelev>3165</Pelev>
    <Telev>3224</Telev>
    <PART>0.5</PART>
    <DELAY>1</DELAY>
  </CatchmentParameters>
  <VegetationZone>
    <VegetationZoneParameters>
      <TT>-0.9560036939640727</TT>
      <CFMAX>2.8707905446738162</CFMAX>
      <SP>0</SP>
      <SFCF>1.183186260713581</SFCF>
      <CFR>0.099668125199070742</CFR>
      <CWH>0.10510346059475578</CWH>
      <CFGlacier>1</CFGlacier>
      <CFSlope>1</CFSlope>
      <FC>1357.4615218912763</FC>
      <LP>0.7150503622749288</LP>
      <BETA>3.1005596573290255</BETA>
    </VegetationZoneParameters>
  </VegetationZone>
  <SubCatchment>
    <SubCatchmentParameters>
      <KSI>0.001</KSI>
      <KGmin>0.05</KGmin>
      <RangeKG>0.1</RangeKG>
      <AG>0.1</AG>
      <PERC>0.265625603564136</PERC>
      <Alpha>0</Alpha>
      <UZL>165.8276430240463</UZL>
      <K0>0.12826450901606507</K0>
      <K1>0.11172234795049935</K1>
      <K2>0.010000019227658226</K2>
      <MAXBAS>1</MAXBAS>
      <Cet>0</Cet>
      <PCALT>10</PCALT>
      <TCALT>0.6</TCALT>
      <Pelev>3165</Pelev>
      <Telev>3224</Telev>
      <PART>0.5</PART>
      <DELAY>1</DELAY>
    </SubCatchmentParameters>
    <SubCatchmentVegetationZone>
      <SubCatchmentVegetationZoneParameters>
        <TT>-0.9560036939640727</TT>
        <CFMAX>2.8707905446738162</CFMAX>
        <SP>0</SP>
        <SFCF>1.183186260713581</SFCF>
        <CFR>0.099668125199070742</CFR>
        <CWH>0.10510346059475578</CWH>
        <CFGlacier>1</CFGlacier>
        <CFSlope>1</CFSlope>
        <FC>1357.4615218912763</FC>
        <LP>0.7150503622749288</LP>
        <BETA>3.1005596573290255</BETA>
      </SubCatchmentVegetationZoneParameters>
    </SubCatchmentVegetationZone>
  </SubCatchment>
</Catchment>