<?xml version="1.0" encoding="utf-8"?>
<Catchment xmlns:xsi="http://www.w3.org/2001/XMLSchema-instance" xmlns:xsd="http://www.w3.org/2001/XMLSchema">
  <CatchmentParameters>
    <KSI>0.001</KSI>
    <KGmin>0.05</KGmin>
    <RangeKG>0.1</RangeKG>
    <AG>0.1</AG>
    <PERC>0.259396827964462</PERC>
    <Alpha>0</Alpha>
    <UZL>127.56365783512881</UZL>
    <K0>0.50626291082057473</K0>
    <K1>0.11806435839819664</K1>
    <K2>0.010021778403693867</K2>
    <MAXBAS>1</MAXBAS>
    <Cet>0</Cet>
    <PCALT>10</PCALT>
    <TCALT>0.6</TCALT>
    <Pelev>3165</Pelev>
    <Telev>3224</Telev>
    <PART>0.5</PART>
    <DELAY>1</DELAY>
  </CatchmentParameters>
  <VegetationZone>
    <VegetationZoneParameters>
      <TT>-1.0435342195649835</TT>
      <CFMAX>2.6878000968026745</CFMAX>
      <SP>0</SP>
      <SFCF>1.153892763711053</SFCF>
      <CFR>0.0999998290826493</CFR>
      <CWH>0.17138106868909009</CWH>
      <CFGlacier>1</CFGlacier>
      <CFSlope>1</CFSlope>
      <FC>1346.1585139977735</FC>
      <LP>0.73029315721011023</LP>
      <BETA>2.872575761810706</BETA>
    </VegetationZoneParameters>
  </VegetationZone>
  <SubCatchment>
    <SubCatchmentParameters>
      <KSI>0.001</KSI>
      <KGmin>0.05</KGmin>
      <RangeKG>0.1</RangeKG>
      <AG>0.1</AG>
      <PERC>0.259396827964462</PERC>
      <Alpha>0</Alpha>
      <UZL>127.56365783512881</UZL>
      <K0>0.50626291082057473</K0>
      <K1>0.11806435839819664</K1>
      <K2>0.010021778403693867</K2>
      <MAXBAS>1</MAXBAS>
      <Cet>0</Cet>
      <PCALT>10</PCALT>
      <TCALT>0.6</TCALT>
      <Pelev>3165</Pelev>
      <Telev>3224</Telev>
      <PART>0.5</PART>
      <DELAY>1</DELAY>
    </SubCatchmentParameters>
    <SubCatchmentVegetationZone>
      <SubCatchmentVegetationZoneParameters>
        <TT>-1.0435342195649835</TT>
        <CFMAX>2.6878000968026745</CFMAX>
        <SP>0</SP>
        <SFCF>1.153892763711053</SFCF>
        <CFR>0.0999998290826493</CFR>
        <CWH>0.17138106868909009</CWH>
        <CFGlacier>1</CFGlacier>
        <CFSlope>1</CFSlope>
        <FC>1346.1585139977735</FC>
        <LP>0.73029315721011023</LP>
        <BETA>2.872575761810706</BETA>
      </SubCatchmentVegetationZoneParameters>
    </SubCatchmentVegetationZone>
  </SubCatchment>
</Catchment>