<?xml version="1.0" encoding="utf-8"?>
<Catchment xmlns:xsi="http://www.w3.org/2001/XMLSchema-instance" xmlns:xsd="http://www.w3.org/2001/XMLSchema">
  <CatchmentParameters>
    <KSI>0.001</KSI>
    <KGmin>0.05</KGmin>
    <RangeKG>0.1</RangeKG>
    <AG>0.1</AG>
    <PERC>9.999841844013762</PERC>
    <Alpha>0</Alpha>
    <UZL>119.5980492069386</UZL>
    <K0>0.43142897096983251</K0>
    <K1>0.11994456059535169</K1>
    <K2>0.09605073701017558</K2>
    <MAXBAS>1.0000720853990797</MAXBAS>
    <Cet>0</Cet>
    <PCALT>10</PCALT>
    <TCALT>0.6</TCALT>
    <Pelev>3165</Pelev>
    <Telev>3224</Telev>
    <PART>0.5</PART>
    <DELAY>1</DELAY>
  </CatchmentParameters>
  <VegetationZone>
    <VegetationZoneParameters>
      <TT>0.10399698061267805</TT>
      <CFMAX>2.3849624879604265</CFMAX>
      <SP>0</SP>
      <SFCF>0.729189115388424</SFCF>
      <CFR>0.099999594949094786</CFR>
      <CWH>0.11258157130063466</CWH>
      <CFGlacier>1</CFGlacier>
      <CFSlope>1</CFSlope>
      <FC>342.00376966138526</FC>
      <LP>0.87701416946159683</LP>
      <BETA>5.0975469237379931</BETA>
    </VegetationZoneParameters>
  </VegetationZone>
  <SubCatchment>
    <SubCatchmentParameters>
      <KSI>0.001</KSI>
      <KGmin>0.05</KGmin>
      <RangeKG>0.1</RangeKG>
      <AG>0.1</AG>
      <PERC>9.999841844013762</PERC>
      <Alpha>0</Alpha>
      <UZL>119.5980492069386</UZL>
      <K0>0.43142897096983251</K0>
      <K1>0.11994456059535169</K1>
      <K2>0.09605073701017558</K2>
      <MAXBAS>1.0000720853990797</MAXBAS>
      <Cet>0</Cet>
      <PCALT>10</PCALT>
      <TCALT>0.6</TCALT>
      <Pelev>3165</Pelev>
      <Telev>3224</Telev>
      <PART>0.5</PART>
      <DELAY>1</DELAY>
    </SubCatchmentParameters>
    <SubCatchmentVegetationZone>
      <SubCatchmentVegetationZoneParameters>
        <TT>0.10399698061267805</TT>
        <CFMAX>2.3849624879604265</CFMAX>
        <SP>0</SP>
        <SFCF>0.729189115388424</SFCF>
        <CFR>0.099999594949094786</CFR>
        <CWH>0.11258157130063466</CWH>
        <CFGlacier>1</CFGlacier>
        <CFSlope>1</CFSlope>
        <FC>342.00376966138526</FC>
        <LP>0.87701416946159683</LP>
        <BETA>5.0975469237379931</BETA>
      </SubCatchmentVegetationZoneParameters>
    </SubCatchmentVegetationZone>
  </SubCatchment>
</Catchment>