<?xml version="1.0" encoding="utf-8"?>
<Catchment xmlns:xsi="http://www.w3.org/2001/XMLSchema-instance" xmlns:xsd="http://www.w3.org/2001/XMLSchema">
  <CatchmentParameters>
    <KSI>0.001</KSI>
    <KGmin>0.05</KGmin>
    <RangeKG>0.1</RangeKG>
    <AG>0.1</AG>
    <PERC>6.96658710798318</PERC>
    <Alpha>0</Alpha>
    <UZL>149.50812180528877</UZL>
    <K0>0.43320610653385266</K0>
    <K1>0.078935998643748659</K1>
    <K2>0.11518772415035793</K2>
    <MAXBAS>1.0049618961870388</MAXBAS>
    <Cet>0</Cet>
    <PCALT>10</PCALT>
    <TCALT>0.6</TCALT>
    <Pelev>3165</Pelev>
    <Telev>3224</Telev>
    <PART>0.5</PART>
    <DELAY>1</DELAY>
  </CatchmentParameters>
  <VegetationZone>
    <VegetationZoneParameters>
      <TT>1.3111669553109424</TT>
      <CFMAX>4.3240015066295125</CFMAX>
      <SP>0</SP>
      <SFCF>0.8452572449921073</SFCF>
      <CFR>0.038693389455035754</CFR>
      <CWH>0.10000087939612587</CWH>
      <CFGlacier>1</CFGlacier>
      <CFSlope>1</CFSlope>
      <FC>621.56232755973519</FC>
      <LP>0.99997711492538655</LP>
      <BETA>3.7595105824220032</BETA>
    </VegetationZoneParameters>
  </VegetationZone>
  <SubCatchment>
    <SubCatchmentParameters>
      <KSI>0.001</KSI>
      <KGmin>0.05</KGmin>
      <RangeKG>0.1</RangeKG>
      <AG>0.1</AG>
      <PERC>6.96658710798318</PERC>
      <Alpha>0</Alpha>
      <UZL>149.50812180528877</UZL>
      <K0>0.43320610653385266</K0>
      <K1>0.078935998643748659</K1>
      <K2>0.11518772415035793</K2>
      <MAXBAS>1.0049618961870388</MAXBAS>
      <Cet>0</Cet>
      <PCALT>10</PCALT>
      <TCALT>0.6</TCALT>
      <Pelev>3165</Pelev>
      <Telev>3224</Telev>
      <PART>0.5</PART>
      <DELAY>1</DELAY>
    </SubCatchmentParameters>
    <SubCatchmentVegetationZone>
      <SubCatchmentVegetationZoneParameters>
        <TT>1.3111669553109424</TT>
        <CFMAX>4.3240015066295125</CFMAX>
        <SP>0</SP>
        <SFCF>0.8452572449921073</SFCF>
        <CFR>0.038693389455035754</CFR>
        <CWH>0.10000087939612587</CWH>
        <CFGlacier>1</CFGlacier>
        <CFSlope>1</CFSlope>
        <FC>621.56232755973519</FC>
        <LP>0.99997711492538655</LP>
        <BETA>3.7595105824220032</BETA>
      </SubCatchmentVegetationZoneParameters>
    </SubCatchmentVegetationZone>
  </SubCatchment>
</Catchment>