<?xml version="1.0" encoding="utf-8"?>
<Catchment xmlns:xsi="http://www.w3.org/2001/XMLSchema-instance" xmlns:xsd="http://www.w3.org/2001/XMLSchema">
  <CatchmentParameters>
    <KSI>0.001</KSI>
    <KGmin>0.05</KGmin>
    <RangeKG>0.1</RangeKG>
    <AG>0.1</AG>
    <PERC>9.9999086457976922</PERC>
    <Alpha>0</Alpha>
    <UZL>63.169060465585218</UZL>
    <K0>0.77758084736852306</K0>
    <K1>0.10217996992060353</K1>
    <K2>0.10135422883886779</K2>
    <MAXBAS>1.000049662108369</MAXBAS>
    <Cet>0</Cet>
    <PCALT>10</PCALT>
    <TCALT>0.6</TCALT>
    <Pelev>3165</Pelev>
    <Telev>3224</Telev>
    <PART>0.5</PART>
    <DELAY>1</DELAY>
  </CatchmentParameters>
  <VegetationZone>
    <VegetationZoneParameters>
      <TT>0.013606377695860445</TT>
      <CFMAX>2.683909525448084</CFMAX>
      <SP>0</SP>
      <SFCF>0.81873202717500915</SFCF>
      <CFR>0.0999998316401294</CFR>
      <CWH>0.10000086716543602</CWH>
      <CFGlacier>1</CFGlacier>
      <CFSlope>1</CFSlope>
      <FC>452.43873249621413</FC>
      <LP>0.8088066028771409</LP>
      <BETA>4.122107356423891</BETA>
    </VegetationZoneParameters>
  </VegetationZone>
  <SubCatchment>
    <SubCatchmentParameters>
      <KSI>0.001</KSI>
      <KGmin>0.05</KGmin>
      <RangeKG>0.1</RangeKG>
      <AG>0.1</AG>
      <PERC>9.9999086457976922</PERC>
      <Alpha>0</Alpha>
      <UZL>63.169060465585218</UZL>
      <K0>0.77758084736852306</K0>
      <K1>0.10217996992060353</K1>
      <K2>0.10135422883886779</K2>
      <MAXBAS>1.000049662108369</MAXBAS>
      <Cet>0</Cet>
      <PCALT>10</PCALT>
      <TCALT>0.6</TCALT>
      <Pelev>3165</Pelev>
      <Telev>3224</Telev>
      <PART>0.5</PART>
      <DELAY>1</DELAY>
    </SubCatchmentParameters>
    <SubCatchmentVegetationZone>
      <SubCatchmentVegetationZoneParameters>
        <TT>0.013606377695860445</TT>
        <CFMAX>2.683909525448084</CFMAX>
        <SP>0</SP>
        <SFCF>0.81873202717500915</SFCF>
        <CFR>0.0999998316401294</CFR>
        <CWH>0.10000086716543602</CWH>
        <CFGlacier>1</CFGlacier>
        <CFSlope>1</CFSlope>
        <FC>452.43873249621413</FC>
        <LP>0.8088066028771409</LP>
        <BETA>4.122107356423891</BETA>
      </SubCatchmentVegetationZoneParameters>
    </SubCatchmentVegetationZone>
  </SubCatchment>
</Catchment>