<?xml version="1.0" encoding="utf-8"?>
<Catchment xmlns:xsi="http://www.w3.org/2001/XMLSchema-instance" xmlns:xsd="http://www.w3.org/2001/XMLSchema">
  <CatchmentParameters>
    <KSI>0.001</KSI>
    <KGmin>0.05</KGmin>
    <RangeKG>0.1</RangeKG>
    <AG>0.1</AG>
    <PERC>0.27396529879372106</PERC>
    <Alpha>0</Alpha>
    <UZL>155.6190730056482</UZL>
    <K0>0.78055777914789426</K0>
    <K1>0.11428543759103185</K1>
    <K2>0.010000000719599122</K2>
    <MAXBAS>1</MAXBAS>
    <Cet>0</Cet>
    <PCALT>10</PCALT>
    <TCALT>0.6</TCALT>
    <Pelev>3165</Pelev>
    <Telev>3224</Telev>
    <PART>0.5</PART>
    <DELAY>1</DELAY>
  </CatchmentParameters>
  <VegetationZone>
    <VegetationZoneParameters>
      <TT>-0.83600107859108941</TT>
      <CFMAX>2.5373471746068956</CFMAX>
      <SP>0</SP>
      <SFCF>1.0370278860477136</SFCF>
      <CFR>0.0999990526575131</CFR>
      <CWH>0.1000021777562944</CWH>
      <CFGlacier>1</CFGlacier>
      <CFSlope>1</CFSlope>
      <FC>1098.7981785519844</FC>
      <LP>0.89368059946334155</LP>
      <BETA>3.499845793436891</BETA>
    </VegetationZoneParameters>
  </VegetationZone>
  <SubCatchment>
    <SubCatchmentParameters>
      <KSI>0.001</KSI>
      <KGmin>0.05</KGmin>
      <RangeKG>0.1</RangeKG>
      <AG>0.1</AG>
      <PERC>0.27396529879372106</PERC>
      <Alpha>0</Alpha>
      <UZL>155.6190730056482</UZL>
      <K0>0.78055777914789426</K0>
      <K1>0.11428543759103185</K1>
      <K2>0.010000000719599122</K2>
      <MAXBAS>1</MAXBAS>
      <Cet>0</Cet>
      <PCALT>10</PCALT>
      <TCALT>0.6</TCALT>
      <Pelev>3165</Pelev>
      <Telev>3224</Telev>
      <PART>0.5</PART>
      <DELAY>1</DELAY>
    </SubCatchmentParameters>
    <SubCatchmentVegetationZone>
      <SubCatchmentVegetationZoneParameters>
        <TT>-0.83600107859108941</TT>
        <CFMAX>2.5373471746068956</CFMAX>
        <SP>0</SP>
        <SFCF>1.0370278860477136</SFCF>
        <CFR>0.0999990526575131</CFR>
        <CWH>0.1000021777562944</CWH>
        <CFGlacier>1</CFGlacier>
        <CFSlope>1</CFSlope>
        <FC>1098.7981785519844</FC>
        <LP>0.89368059946334155</LP>
        <BETA>3.499845793436891</BETA>
      </SubCatchmentVegetationZoneParameters>
    </SubCatchmentVegetationZone>
  </SubCatchment>
</Catchment>