<?xml version="1.0" encoding="utf-8"?>
<Catchment xmlns:xsi="http://www.w3.org/2001/XMLSchema-instance" xmlns:xsd="http://www.w3.org/2001/XMLSchema">
  <CatchmentParameters>
    <KSI>0.001</KSI>
    <KGmin>0.05</KGmin>
    <RangeKG>0.1</RangeKG>
    <AG>0.1</AG>
    <PERC>0.26727985171466689</PERC>
    <Alpha>0</Alpha>
    <UZL>154.77730072111484</UZL>
    <K0>0.43534113982615041</K0>
    <K1>0.11376269931417354</K1>
    <K2>0.010000033299010783</K2>
    <MAXBAS>1</MAXBAS>
    <Cet>0</Cet>
    <PCALT>10</PCALT>
    <TCALT>0.6</TCALT>
    <Pelev>3165</Pelev>
    <Telev>3224</Telev>
    <PART>0.5</PART>
    <DELAY>1</DELAY>
  </CatchmentParameters>
  <VegetationZone>
    <VegetationZoneParameters>
      <TT>0.0085202477788748239</TT>
      <CFMAX>3.0992890531874959</CFMAX>
      <SP>0</SP>
      <SFCF>0.94675428510522575</SFCF>
      <CFR>0.099987236678046335</CFR>
      <CWH>0.14183753037129324</CWH>
      <CFGlacier>1</CFGlacier>
      <CFSlope>1</CFSlope>
      <FC>832.78854485088766</FC>
      <LP>0.78977576944173711</LP>
      <BETA>1.9525400907350807</BETA>
    </VegetationZoneParameters>
  </VegetationZone>
  <SubCatchment>
    <SubCatchmentParameters>
      <KSI>0.001</KSI>
      <KGmin>0.05</KGmin>
      <RangeKG>0.1</RangeKG>
      <AG>0.1</AG>
      <PERC>0.26727985171466689</PERC>
      <Alpha>0</Alpha>
      <UZL>154.77730072111484</UZL>
      <K0>0.43534113982615041</K0>
      <K1>0.11376269931417354</K1>
      <K2>0.010000033299010783</K2>
      <MAXBAS>1</MAXBAS>
      <Cet>0</Cet>
      <PCALT>10</PCALT>
      <TCALT>0.6</TCALT>
      <Pelev>3165</Pelev>
      <Telev>3224</Telev>
      <PART>0.5</PART>
      <DELAY>1</DELAY>
    </SubCatchmentParameters>
    <SubCatchmentVegetationZone>
      <SubCatchmentVegetationZoneParameters>
        <TT>0.0085202477788748239</TT>
        <CFMAX>3.0992890531874959</CFMAX>
        <SP>0</SP>
        <SFCF>0.94675428510522575</SFCF>
        <CFR>0.099987236678046335</CFR>
        <CWH>0.14183753037129324</CWH>
        <CFGlacier>1</CFGlacier>
        <CFSlope>1</CFSlope>
        <FC>832.78854485088766</FC>
        <LP>0.78977576944173711</LP>
        <BETA>1.9525400907350807</BETA>
      </SubCatchmentVegetationZoneParameters>
    </SubCatchmentVegetationZone>
  </SubCatchment>
</Catchment>