<?xml version="1.0" encoding="utf-8"?>
<Catchment xmlns:xsi="http://www.w3.org/2001/XMLSchema-instance" xmlns:xsd="http://www.w3.org/2001/XMLSchema">
  <CatchmentParameters>
    <KSI>0.001</KSI>
    <KGmin>0.05</KGmin>
    <RangeKG>0.1</RangeKG>
    <AG>0.1</AG>
    <PERC>0.26362090544066513</PERC>
    <Alpha>0</Alpha>
    <UZL>145.79074391065609</UZL>
    <K0>0.51908075102454487</K0>
    <K1>0.1076784199487785</K1>
    <K2>0.010000002716822175</K2>
    <MAXBAS>1</MAXBAS>
    <Cet>0</Cet>
    <PCALT>10</PCALT>
    <TCALT>0.6</TCALT>
    <Pelev>3165</Pelev>
    <Telev>3224</Telev>
    <PART>0.5</PART>
    <DELAY>1</DELAY>
  </CatchmentParameters>
  <VegetationZone>
    <VegetationZoneParameters>
      <TT>-0.5237039634533609</TT>
      <CFMAX>3.2480746483635992</CFMAX>
      <SP>0</SP>
      <SFCF>1.1400885055784915</SFCF>
      <CFR>0.099999790358839533</CFR>
      <CWH>0.14951782796987631</CWH>
      <CFGlacier>1</CFGlacier>
      <CFSlope>1</CFSlope>
      <FC>1291.9748266786289</FC>
      <LP>0.70996886374480783</LP>
      <BETA>2.6611133012386485</BETA>
    </VegetationZoneParameters>
  </VegetationZone>
  <SubCatchment>
    <SubCatchmentParameters>
      <KSI>0.001</KSI>
      <KGmin>0.05</KGmin>
      <RangeKG>0.1</RangeKG>
      <AG>0.1</AG>
      <PERC>0.26362090544066513</PERC>
      <Alpha>0</Alpha>
      <UZL>145.79074391065609</UZL>
      <K0>0.51908075102454487</K0>
      <K1>0.1076784199487785</K1>
      <K2>0.010000002716822175</K2>
      <MAXBAS>1</MAXBAS>
      <Cet>0</Cet>
      <PCALT>10</PCALT>
      <TCALT>0.6</TCALT>
      <Pelev>3165</Pelev>
      <Telev>3224</Telev>
      <PART>0.5</PART>
      <DELAY>1</DELAY>
    </SubCatchmentParameters>
    <SubCatchmentVegetationZone>
      <SubCatchmentVegetationZoneParameters>
        <TT>-0.5237039634533609</TT>
        <CFMAX>3.2480746483635992</CFMAX>
        <SP>0</SP>
        <SFCF>1.1400885055784915</SFCF>
        <CFR>0.099999790358839533</CFR>
        <CWH>0.14951782796987631</CWH>
        <CFGlacier>1</CFGlacier>
        <CFSlope>1</CFSlope>
        <FC>1291.9748266786289</FC>
        <LP>0.70996886374480783</LP>
        <BETA>2.6611133012386485</BETA>
      </SubCatchmentVegetationZoneParameters>
    </SubCatchmentVegetationZone>
  </SubCatchment>
</Catchment>