<?xml version="1.0" encoding="utf-8"?>
<Catchment xmlns:xsi="http://www.w3.org/2001/XMLSchema-instance" xmlns:xsd="http://www.w3.org/2001/XMLSchema">
  <CatchmentParameters>
    <KSI>0.001</KSI>
    <KGmin>0.05</KGmin>
    <RangeKG>0.1</RangeKG>
    <AG>0.1</AG>
    <PERC>0.2631201484003966</PERC>
    <Alpha>0</Alpha>
    <UZL>191.77574867616229</UZL>
    <K0>0.1258137383657118</K0>
    <K1>0.10631990544098259</K1>
    <K2>0.010000005688446105</K2>
    <MAXBAS>1</MAXBAS>
    <Cet>0</Cet>
    <PCALT>10</PCALT>
    <TCALT>0.6</TCALT>
    <Pelev>3165</Pelev>
    <Telev>3224</Telev>
    <PART>0.5</PART>
    <DELAY>1</DELAY>
  </CatchmentParameters>
  <VegetationZone>
    <VegetationZoneParameters>
      <TT>-0.75600248904648726</TT>
      <CFMAX>3.10066944274867</CFMAX>
      <SP>0</SP>
      <SFCF>1.1559445423347246</SFCF>
      <CFR>0.09999880548748577</CFR>
      <CWH>0.16573060052041749</CWH>
      <CFGlacier>1</CFGlacier>
      <CFSlope>1</CFSlope>
      <FC>1367.7390034053969</FC>
      <LP>0.75072138422380386</LP>
      <BETA>3.09261704576062</BETA>
    </VegetationZoneParameters>
  </VegetationZone>
  <SubCatchment>
    <SubCatchmentParameters>
      <KSI>0.001</KSI>
      <KGmin>0.05</KGmin>
      <RangeKG>0.1</RangeKG>
      <AG>0.1</AG>
      <PERC>0.2631201484003966</PERC>
      <Alpha>0</Alpha>
      <UZL>191.77574867616229</UZL>
      <K0>0.1258137383657118</K0>
      <K1>0.10631990544098259</K1>
      <K2>0.010000005688446105</K2>
      <MAXBAS>1</MAXBAS>
      <Cet>0</Cet>
      <PCALT>10</PCALT>
      <TCALT>0.6</TCALT>
      <Pelev>3165</Pelev>
      <Telev>3224</Telev>
      <PART>0.5</PART>
      <DELAY>1</DELAY>
    </SubCatchmentParameters>
    <SubCatchmentVegetationZone>
      <SubCatchmentVegetationZoneParameters>
        <TT>-0.75600248904648726</TT>
        <CFMAX>3.10066944274867</CFMAX>
        <SP>0</SP>
        <SFCF>1.1559445423347246</SFCF>
        <CFR>0.09999880548748577</CFR>
        <CWH>0.16573060052041749</CWH>
        <CFGlacier>1</CFGlacier>
        <CFSlope>1</CFSlope>
        <FC>1367.7390034053969</FC>
        <LP>0.75072138422380386</LP>
        <BETA>3.09261704576062</BETA>
      </SubCatchmentVegetationZoneParameters>
    </SubCatchmentVegetationZone>
  </SubCatchment>
</Catchment>