<?xml version="1.0" encoding="utf-8"?>
<Catchment xmlns:xsi="http://www.w3.org/2001/XMLSchema-instance" xmlns:xsd="http://www.w3.org/2001/XMLSchema">
  <CatchmentParameters>
    <KSI>0.001</KSI>
    <KGmin>0.05</KGmin>
    <RangeKG>0.1</RangeKG>
    <AG>0.1</AG>
    <PERC>7.2954316052975541</PERC>
    <Alpha>0</Alpha>
    <UZL>152.76976821716255</UZL>
    <K0>0.19853913505489468</K0>
    <K1>0.08730773289975842</K1>
    <K2>0.10936267050903556</K2>
    <MAXBAS>1.0044393297872458</MAXBAS>
    <Cet>0</Cet>
    <PCALT>10</PCALT>
    <TCALT>0.6</TCALT>
    <Pelev>3165</Pelev>
    <Telev>3224</Telev>
    <PART>0.5</PART>
    <DELAY>1</DELAY>
  </CatchmentParameters>
  <VegetationZone>
    <VegetationZoneParameters>
      <TT>1.2971277841771682</TT>
      <CFMAX>3.46070512533447</CFMAX>
      <SP>0</SP>
      <SFCF>0.7223089648135117</SFCF>
      <CFR>0.042073469696365495</CFR>
      <CWH>0.10000104971704567</CWH>
      <CFGlacier>1</CFGlacier>
      <CFSlope>1</CFSlope>
      <FC>355.5062191903906</FC>
      <LP>0.94487729528329778</LP>
      <BETA>3.8294084099414016</BETA>
    </VegetationZoneParameters>
  </VegetationZone>
  <SubCatchment>
    <SubCatchmentParameters>
      <KSI>0.001</KSI>
      <KGmin>0.05</KGmin>
      <RangeKG>0.1</RangeKG>
      <AG>0.1</AG>
      <PERC>7.2954316052975541</PERC>
      <Alpha>0</Alpha>
      <UZL>152.76976821716255</UZL>
      <K0>0.19853913505489468</K0>
      <K1>0.08730773289975842</K1>
      <K2>0.10936267050903556</K2>
      <MAXBAS>1.0044393297872458</MAXBAS>
      <Cet>0</Cet>
      <PCALT>10</PCALT>
      <TCALT>0.6</TCALT>
      <Pelev>3165</Pelev>
      <Telev>3224</Telev>
      <PART>0.5</PART>
      <DELAY>1</DELAY>
    </SubCatchmentParameters>
    <SubCatchmentVegetationZone>
      <SubCatchmentVegetationZoneParameters>
        <TT>1.2971277841771682</TT>
        <CFMAX>3.46070512533447</CFMAX>
        <SP>0</SP>
        <SFCF>0.7223089648135117</SFCF>
        <CFR>0.042073469696365495</CFR>
        <CWH>0.10000104971704567</CWH>
        <CFGlacier>1</CFGlacier>
        <CFSlope>1</CFSlope>
        <FC>355.5062191903906</FC>
        <LP>0.94487729528329778</LP>
        <BETA>3.8294084099414016</BETA>
      </SubCatchmentVegetationZoneParameters>
    </SubCatchmentVegetationZone>
  </SubCatchment>
</Catchment>