<?xml version="1.0" encoding="utf-8"?>
<Catchment xmlns:xsi="http://www.w3.org/2001/XMLSchema-instance" xmlns:xsd="http://www.w3.org/2001/XMLSchema">
  <CatchmentParameters>
    <KSI>0.001</KSI>
    <KGmin>0.05</KGmin>
    <RangeKG>0.1</RangeKG>
    <AG>0.1</AG>
    <PERC>8.2474355228248779</PERC>
    <Alpha>0</Alpha>
    <UZL>73.372715707067741</UZL>
    <K0>0.20899175133534367</K0>
    <K1>0.096774924566668821</K1>
    <K2>0.10549819168170103</K2>
    <MAXBAS>1.0049583734917977</MAXBAS>
    <Cet>0</Cet>
    <PCALT>10</PCALT>
    <TCALT>0.6</TCALT>
    <Pelev>3165</Pelev>
    <Telev>3224</Telev>
    <PART>0.5</PART>
    <DELAY>1</DELAY>
  </CatchmentParameters>
  <VegetationZone>
    <VegetationZoneParameters>
      <TT>0.024427243705060275</TT>
      <CFMAX>2.4441134752705418</CFMAX>
      <SP>0</SP>
      <SFCF>0.76393544616999676</SFCF>
      <CFR>0.099999574058745683</CFR>
      <CWH>0.10000030650471649</CWH>
      <CFGlacier>1</CFGlacier>
      <CFSlope>1</CFSlope>
      <FC>381.58315586894122</FC>
      <LP>0.82510715128477707</LP>
      <BETA>4.6904845816042693</BETA>
    </VegetationZoneParameters>
  </VegetationZone>
  <SubCatchment>
    <SubCatchmentParameters>
      <KSI>0.001</KSI>
      <KGmin>0.05</KGmin>
      <RangeKG>0.1</RangeKG>
      <AG>0.1</AG>
      <PERC>8.2474355228248779</PERC>
      <Alpha>0</Alpha>
      <UZL>73.372715707067741</UZL>
      <K0>0.20899175133534367</K0>
      <K1>0.096774924566668821</K1>
      <K2>0.10549819168170103</K2>
      <MAXBAS>1.0049583734917977</MAXBAS>
      <Cet>0</Cet>
      <PCALT>10</PCALT>
      <TCALT>0.6</TCALT>
      <Pelev>3165</Pelev>
      <Telev>3224</Telev>
      <PART>0.5</PART>
      <DELAY>1</DELAY>
    </SubCatchmentParameters>
    <SubCatchmentVegetationZone>
      <SubCatchmentVegetationZoneParameters>
        <TT>0.024427243705060275</TT>
        <CFMAX>2.4441134752705418</CFMAX>
        <SP>0</SP>
        <SFCF>0.76393544616999676</SFCF>
        <CFR>0.099999574058745683</CFR>
        <CWH>0.10000030650471649</CWH>
        <CFGlacier>1</CFGlacier>
        <CFSlope>1</CFSlope>
        <FC>381.58315586894122</FC>
        <LP>0.82510715128477707</LP>
        <BETA>4.6904845816042693</BETA>
      </SubCatchmentVegetationZoneParameters>
    </SubCatchmentVegetationZone>
  </SubCatchment>
</Catchment>