<?xml version="1.0" encoding="utf-8"?>
<Catchment xmlns:xsi="http://www.w3.org/2001/XMLSchema-instance" xmlns:xsd="http://www.w3.org/2001/XMLSchema">
  <CatchmentParameters>
    <KSI>0.001</KSI>
    <KGmin>0.05</KGmin>
    <RangeKG>0.1</RangeKG>
    <AG>0.1</AG>
    <PERC>9.9999654718011417</PERC>
    <Alpha>0</Alpha>
    <UZL>163.70378252393317</UZL>
    <K0>0.27138485887057956</K0>
    <K1>0.12375515211793224</K1>
    <K2>0.097236660230552927</K2>
    <MAXBAS>1.0000547255707446</MAXBAS>
    <Cet>0</Cet>
    <PCALT>10</PCALT>
    <TCALT>0.6</TCALT>
    <Pelev>3165</Pelev>
    <Telev>3224</Telev>
    <PART>0.5</PART>
    <DELAY>1</DELAY>
  </CatchmentParameters>
  <VegetationZone>
    <VegetationZoneParameters>
      <TT>0.027768016114690691</TT>
      <CFMAX>2.3225631641408868</CFMAX>
      <SP>0</SP>
      <SFCF>0.728236429114569</SFCF>
      <CFR>0.099999687985946745</CFR>
      <CWH>0.11326431170959457</CWH>
      <CFGlacier>1</CFGlacier>
      <CFSlope>1</CFSlope>
      <FC>356.71913143878521</FC>
      <LP>0.91932060439009855</LP>
      <BETA>5.1633405598703161</BETA>
    </VegetationZoneParameters>
  </VegetationZone>
  <SubCatchment>
    <SubCatchmentParameters>
      <KSI>0.001</KSI>
      <KGmin>0.05</KGmin>
      <RangeKG>0.1</RangeKG>
      <AG>0.1</AG>
      <PERC>9.9999654718011417</PERC>
      <Alpha>0</Alpha>
      <UZL>163.70378252393317</UZL>
      <K0>0.27138485887057956</K0>
      <K1>0.12375515211793224</K1>
      <K2>0.097236660230552927</K2>
      <MAXBAS>1.0000547255707446</MAXBAS>
      <Cet>0</Cet>
      <PCALT>10</PCALT>
      <TCALT>0.6</TCALT>
      <Pelev>3165</Pelev>
      <Telev>3224</Telev>
      <PART>0.5</PART>
      <DELAY>1</DELAY>
    </SubCatchmentParameters>
    <SubCatchmentVegetationZone>
      <SubCatchmentVegetationZoneParameters>
        <TT>0.027768016114690691</TT>
        <CFMAX>2.3225631641408868</CFMAX>
        <SP>0</SP>
        <SFCF>0.728236429114569</SFCF>
        <CFR>0.099999687985946745</CFR>
        <CWH>0.11326431170959457</CWH>
        <CFGlacier>1</CFGlacier>
        <CFSlope>1</CFSlope>
        <FC>356.71913143878521</FC>
        <LP>0.91932060439009855</LP>
        <BETA>5.1633405598703161</BETA>
      </SubCatchmentVegetationZoneParameters>
    </SubCatchmentVegetationZone>
  </SubCatchment>
</Catchment>