<?xml version="1.0" encoding="utf-8"?>
<Catchment xmlns:xsi="http://www.w3.org/2001/XMLSchema-instance" xmlns:xsd="http://www.w3.org/2001/XMLSchema">
  <CatchmentParameters>
    <KSI>0.001</KSI>
    <KGmin>0.05</KGmin>
    <RangeKG>0.1</RangeKG>
    <AG>0.1</AG>
    <PERC>9.9999795289316875</PERC>
    <Alpha>0</Alpha>
    <UZL>103.60790201343725</UZL>
    <K0>0.80911983108833652</K0>
    <K1>0.12718000923103748</K1>
    <K2>0.095185162959332159</K2>
    <MAXBAS>1.0001293967223102</MAXBAS>
    <Cet>0</Cet>
    <PCALT>10</PCALT>
    <TCALT>0.6</TCALT>
    <Pelev>3165</Pelev>
    <Telev>3224</Telev>
    <PART>0.5</PART>
    <DELAY>1</DELAY>
  </CatchmentParameters>
  <VegetationZone>
    <VegetationZoneParameters>
      <TT>0.30637077715267819</TT>
      <CFMAX>2.4320154993708778</CFMAX>
      <SP>0</SP>
      <SFCF>0.703153555410795</SFCF>
      <CFR>0.096609780871656517</CFR>
      <CWH>0.10696619671518039</CWH>
      <CFGlacier>1</CFGlacier>
      <CFSlope>1</CFSlope>
      <FC>329.4078576312827</FC>
      <LP>0.96190498747009279</LP>
      <BETA>5.1408086268241124</BETA>
    </VegetationZoneParameters>
  </VegetationZone>
  <SubCatchment>
    <SubCatchmentParameters>
      <KSI>0.001</KSI>
      <KGmin>0.05</KGmin>
      <RangeKG>0.1</RangeKG>
      <AG>0.1</AG>
      <PERC>9.9999795289316875</PERC>
      <Alpha>0</Alpha>
      <UZL>103.60790201343725</UZL>
      <K0>0.80911983108833652</K0>
      <K1>0.12718000923103748</K1>
      <K2>0.095185162959332159</K2>
      <MAXBAS>1.0001293967223102</MAXBAS>
      <Cet>0</Cet>
      <PCALT>10</PCALT>
      <TCALT>0.6</TCALT>
      <Pelev>3165</Pelev>
      <Telev>3224</Telev>
      <PART>0.5</PART>
      <DELAY>1</DELAY>
    </SubCatchmentParameters>
    <SubCatchmentVegetationZone>
      <SubCatchmentVegetationZoneParameters>
        <TT>0.30637077715267819</TT>
        <CFMAX>2.4320154993708778</CFMAX>
        <SP>0</SP>
        <SFCF>0.703153555410795</SFCF>
        <CFR>0.096609780871656517</CFR>
        <CWH>0.10696619671518039</CWH>
        <CFGlacier>1</CFGlacier>
        <CFSlope>1</CFSlope>
        <FC>329.4078576312827</FC>
        <LP>0.96190498747009279</LP>
        <BETA>5.1408086268241124</BETA>
      </SubCatchmentVegetationZoneParameters>
    </SubCatchmentVegetationZone>
  </SubCatchment>
</Catchment>