<?xml version="1.0" encoding="utf-8"?>
<Catchment xmlns:xsi="http://www.w3.org/2001/XMLSchema-instance" xmlns:xsd="http://www.w3.org/2001/XMLSchema">
  <CatchmentParameters>
    <KSI>0.001</KSI>
    <KGmin>0.05</KGmin>
    <RangeKG>0.1</RangeKG>
    <AG>0.1</AG>
    <PERC>6.2287241481716178</PERC>
    <Alpha>0</Alpha>
    <UZL>154.3586691148239</UZL>
    <K0>0.49568842359032689</K0>
    <K1>0.081774487526058245</K1>
    <K2>0.11235700757648462</K2>
    <MAXBAS>1.0049939909098931</MAXBAS>
    <Cet>0</Cet>
    <PCALT>10</PCALT>
    <TCALT>0.6</TCALT>
    <Pelev>3165</Pelev>
    <Telev>3224</Telev>
    <PART>0.5</PART>
    <DELAY>1</DELAY>
  </CatchmentParameters>
  <VegetationZone>
    <VegetationZoneParameters>
      <TT>1.1439862090230293</TT>
      <CFMAX>3.7528181885162937</CFMAX>
      <SP>0</SP>
      <SFCF>0.79601431081546969</SFCF>
      <CFR>0.04763717539530888</CFR>
      <CWH>0.10000018062377257</CWH>
      <CFGlacier>1</CFGlacier>
      <CFSlope>1</CFSlope>
      <FC>468.26085375804638</FC>
      <LP>0.92793919461737773</LP>
      <BETA>3.7305358040789036</BETA>
    </VegetationZoneParameters>
  </VegetationZone>
  <SubCatchment>
    <SubCatchmentParameters>
      <KSI>0.001</KSI>
      <KGmin>0.05</KGmin>
      <RangeKG>0.1</RangeKG>
      <AG>0.1</AG>
      <PERC>6.2287241481716178</PERC>
      <Alpha>0</Alpha>
      <UZL>154.3586691148239</UZL>
      <K0>0.49568842359032689</K0>
      <K1>0.081774487526058245</K1>
      <K2>0.11235700757648462</K2>
      <MAXBAS>1.0049939909098931</MAXBAS>
      <Cet>0</Cet>
      <PCALT>10</PCALT>
      <TCALT>0.6</TCALT>
      <Pelev>3165</Pelev>
      <Telev>3224</Telev>
      <PART>0.5</PART>
      <DELAY>1</DELAY>
    </SubCatchmentParameters>
    <SubCatchmentVegetationZone>
      <SubCatchmentVegetationZoneParameters>
        <TT>1.1439862090230293</TT>
        <CFMAX>3.7528181885162937</CFMAX>
        <SP>0</SP>
        <SFCF>0.79601431081546969</SFCF>
        <CFR>0.04763717539530888</CFR>
        <CWH>0.10000018062377257</CWH>
        <CFGlacier>1</CFGlacier>
        <CFSlope>1</CFSlope>
        <FC>468.26085375804638</FC>
        <LP>0.92793919461737773</LP>
        <BETA>3.7305358040789036</BETA>
      </SubCatchmentVegetationZoneParameters>
    </SubCatchmentVegetationZone>
  </SubCatchment>
</Catchment>