<?xml version="1.0" encoding="utf-8"?>
<Catchment xmlns:xsi="http://www.w3.org/2001/XMLSchema-instance" xmlns:xsd="http://www.w3.org/2001/XMLSchema">
  <CatchmentParameters>
    <KSI>0.001</KSI>
    <KGmin>0.05</KGmin>
    <RangeKG>0.1</RangeKG>
    <AG>0.1</AG>
    <PERC>0.28610655890785835</PERC>
    <Alpha>0</Alpha>
    <UZL>198.38296946058142</UZL>
    <K0>0.077198314466237566</K0>
    <K1>0.097904732017262075</K1>
    <K2>0.012219464527406033</K2>
    <MAXBAS>1</MAXBAS>
    <Cet>0</Cet>
    <PCALT>10</PCALT>
    <TCALT>0.6</TCALT>
    <Pelev>3165</Pelev>
    <Telev>3224</Telev>
    <PART>0.5</PART>
    <DELAY>1</DELAY>
  </CatchmentParameters>
  <VegetationZone>
    <VegetationZoneParameters>
      <TT>-0.15607368550314379</TT>
      <CFMAX>3.8086128320407728</CFMAX>
      <SP>0</SP>
      <SFCF>1.1169531858166923</SFCF>
      <CFR>0.09341910742368903</CFR>
      <CWH>0.10000025346192268</CWH>
      <CFGlacier>1</CFGlacier>
      <CFSlope>1</CFSlope>
      <FC>1393.4418232446167</FC>
      <LP>0.83140123670585642</LP>
      <BETA>3.4781243441317073</BETA>
    </VegetationZoneParameters>
  </VegetationZone>
  <SubCatchment>
    <SubCatchmentParameters>
      <KSI>0.001</KSI>
      <KGmin>0.05</KGmin>
      <RangeKG>0.1</RangeKG>
      <AG>0.1</AG>
      <PERC>0.28610655890785835</PERC>
      <Alpha>0</Alpha>
      <UZL>198.38296946058142</UZL>
      <K0>0.077198314466237566</K0>
      <K1>0.097904732017262075</K1>
      <K2>0.012219464527406033</K2>
      <MAXBAS>1</MAXBAS>
      <Cet>0</Cet>
      <PCALT>10</PCALT>
      <TCALT>0.6</TCALT>
      <Pelev>3165</Pelev>
      <Telev>3224</Telev>
      <PART>0.5</PART>
      <DELAY>1</DELAY>
    </SubCatchmentParameters>
    <SubCatchmentVegetationZone>
      <SubCatchmentVegetationZoneParameters>
        <TT>-0.15607368550314379</TT>
        <CFMAX>3.8086128320407728</CFMAX>
        <SP>0</SP>
        <SFCF>1.1169531858166923</SFCF>
        <CFR>0.09341910742368903</CFR>
        <CWH>0.10000025346192268</CWH>
        <CFGlacier>1</CFGlacier>
        <CFSlope>1</CFSlope>
        <FC>1393.4418232446167</FC>
        <LP>0.83140123670585642</LP>
        <BETA>3.4781243441317073</BETA>
      </SubCatchmentVegetationZoneParameters>
    </SubCatchmentVegetationZone>
  </SubCatchment>
</Catchment>