<?xml version="1.0" encoding="utf-8"?>
<Catchment xmlns:xsi="http://www.w3.org/2001/XMLSchema-instance" xmlns:xsd="http://www.w3.org/2001/XMLSchema">
  <CatchmentParameters>
    <KSI>0.001</KSI>
    <KGmin>0.05</KGmin>
    <RangeKG>0.1</RangeKG>
    <AG>0.1</AG>
    <PERC>1.4956046729527479</PERC>
    <Alpha>0</Alpha>
    <UZL>164.34408499376718</UZL>
    <K0>0.18396398161682023</K0>
    <K1>0.1231746463422938</K1>
    <K2>0.058544183270008154</K2>
    <MAXBAS>1.0001398880921886</MAXBAS>
    <Cet>0</Cet>
    <PCALT>10</PCALT>
    <TCALT>0.6</TCALT>
    <Pelev>3165</Pelev>
    <Telev>3224</Telev>
    <PART>0.5</PART>
    <DELAY>1</DELAY>
  </CatchmentParameters>
  <VegetationZone>
    <VegetationZoneParameters>
      <TT>1.4956842194210174</TT>
      <CFMAX>2.7736416032667095</CFMAX>
      <SP>0</SP>
      <SFCF>0.621515524095646</SFCF>
      <CFR>0.0284000018030596</CFR>
      <CWH>0.10000005272836818</CWH>
      <CFGlacier>1</CFGlacier>
      <CFSlope>1</CFSlope>
      <FC>238.73211226420938</FC>
      <LP>0.99999799671835676</LP>
      <BETA>3.9383604301778008</BETA>
    </VegetationZoneParameters>
  </VegetationZone>
  <SubCatchment>
    <SubCatchmentParameters>
      <KSI>0.001</KSI>
      <KGmin>0.05</KGmin>
      <RangeKG>0.1</RangeKG>
      <AG>0.1</AG>
      <PERC>1.4956046729527479</PERC>
      <Alpha>0</Alpha>
      <UZL>164.34408499376718</UZL>
      <K0>0.18396398161682023</K0>
      <K1>0.1231746463422938</K1>
      <K2>0.058544183270008154</K2>
      <MAXBAS>1.0001398880921886</MAXBAS>
      <Cet>0</Cet>
      <PCALT>10</PCALT>
      <TCALT>0.6</TCALT>
      <Pelev>3165</Pelev>
      <Telev>3224</Telev>
      <PART>0.5</PART>
      <DELAY>1</DELAY>
    </SubCatchmentParameters>
    <SubCatchmentVegetationZone>
      <SubCatchmentVegetationZoneParameters>
        <TT>1.4956842194210174</TT>
        <CFMAX>2.7736416032667095</CFMAX>
        <SP>0</SP>
        <SFCF>0.621515524095646</SFCF>
        <CFR>0.0284000018030596</CFR>
        <CWH>0.10000005272836818</CWH>
        <CFGlacier>1</CFGlacier>
        <CFSlope>1</CFSlope>
        <FC>238.73211226420938</FC>
        <LP>0.99999799671835676</LP>
        <BETA>3.9383604301778008</BETA>
      </SubCatchmentVegetationZoneParameters>
    </SubCatchmentVegetationZone>
  </SubCatchment>
</Catchment>