<?xml version="1.0" encoding="utf-8"?>
<Catchment xmlns:xsi="http://www.w3.org/2001/XMLSchema-instance" xmlns:xsd="http://www.w3.org/2001/XMLSchema">
  <CatchmentParameters>
    <KSI>0.001</KSI>
    <KGmin>0.05</KGmin>
    <RangeKG>0.1</RangeKG>
    <AG>0.1</AG>
    <PERC>1.7719678316393293</PERC>
    <Alpha>0</Alpha>
    <UZL>145.89625965233569</UZL>
    <K0>0.74349739312594321</K0>
    <K1>0.10750852159181158</K1>
    <K2>0.044484423927514991</K2>
    <MAXBAS>1.0000159496938121</MAXBAS>
    <Cet>0</Cet>
    <PCALT>10</PCALT>
    <TCALT>0.6</TCALT>
    <Pelev>3165</Pelev>
    <Telev>3224</Telev>
    <PART>0.5</PART>
    <DELAY>1</DELAY>
  </CatchmentParameters>
  <VegetationZone>
    <VegetationZoneParameters>
      <TT>1.3908261309907084</TT>
      <CFMAX>2.965583599404328</CFMAX>
      <SP>0</SP>
      <SFCF>0.65029864448855335</SFCF>
      <CFR>0.042454490861068443</CFR>
      <CWH>0.10004657809163543</CWH>
      <CFGlacier>1</CFGlacier>
      <CFSlope>1</CFSlope>
      <FC>214.83649654541884</FC>
      <LP>0.80066196422651681</LP>
      <BETA>3.7981270630759036</BETA>
    </VegetationZoneParameters>
  </VegetationZone>
  <SubCatchment>
    <SubCatchmentParameters>
      <KSI>0.001</KSI>
      <KGmin>0.05</KGmin>
      <RangeKG>0.1</RangeKG>
      <AG>0.1</AG>
      <PERC>1.7719678316393293</PERC>
      <Alpha>0</Alpha>
      <UZL>145.89625965233569</UZL>
      <K0>0.74349739312594321</K0>
      <K1>0.10750852159181158</K1>
      <K2>0.044484423927514991</K2>
      <MAXBAS>1.0000159496938121</MAXBAS>
      <Cet>0</Cet>
      <PCALT>10</PCALT>
      <TCALT>0.6</TCALT>
      <Pelev>3165</Pelev>
      <Telev>3224</Telev>
      <PART>0.5</PART>
      <DELAY>1</DELAY>
    </SubCatchmentParameters>
    <SubCatchmentVegetationZone>
      <SubCatchmentVegetationZoneParameters>
        <TT>1.3908261309907084</TT>
        <CFMAX>2.965583599404328</CFMAX>
        <SP>0</SP>
        <SFCF>0.65029864448855335</SFCF>
        <CFR>0.042454490861068443</CFR>
        <CWH>0.10004657809163543</CWH>
        <CFGlacier>1</CFGlacier>
        <CFSlope>1</CFSlope>
        <FC>214.83649654541884</FC>
        <LP>0.80066196422651681</LP>
        <BETA>3.7981270630759036</BETA>
      </SubCatchmentVegetationZoneParameters>
    </SubCatchmentVegetationZone>
  </SubCatchment>
</Catchment>