<?xml version="1.0" encoding="utf-8"?>
<Catchment xmlns:xsi="http://www.w3.org/2001/XMLSchema-instance" xmlns:xsd="http://www.w3.org/2001/XMLSchema">
  <CatchmentParameters>
    <KSI>0.001</KSI>
    <KGmin>0.05</KGmin>
    <RangeKG>0.1</RangeKG>
    <AG>0.1</AG>
    <PERC>0.27151263344884996</PERC>
    <Alpha>0</Alpha>
    <UZL>155.95971955500758</UZL>
    <K0>0.42107455512090891</K0>
    <K1>0.10521269412193725</K1>
    <K2>0.010002633341155873</K2>
    <MAXBAS>1</MAXBAS>
    <Cet>0</Cet>
    <PCALT>10</PCALT>
    <TCALT>0.6</TCALT>
    <Pelev>3165</Pelev>
    <Telev>3224</Telev>
    <PART>0.5</PART>
    <DELAY>1</DELAY>
  </CatchmentParameters>
  <VegetationZone>
    <VegetationZoneParameters>
      <TT>-0.75600286639769487</TT>
      <CFMAX>3.3808011671295892</CFMAX>
      <SP>0</SP>
      <SFCF>1.2438898931454518</SFCF>
      <CFR>0.099999426842321854</CFR>
      <CWH>0.10000025614997476</CWH>
      <CFGlacier>1</CFGlacier>
      <CFSlope>1</CFSlope>
      <FC>1536.7373745455909</FC>
      <LP>0.67795338686199635</LP>
      <BETA>3.365736217467632</BETA>
    </VegetationZoneParameters>
  </VegetationZone>
  <SubCatchment>
    <SubCatchmentParameters>
      <KSI>0.001</KSI>
      <KGmin>0.05</KGmin>
      <RangeKG>0.1</RangeKG>
      <AG>0.1</AG>
      <PERC>0.27151263344884996</PERC>
      <Alpha>0</Alpha>
      <UZL>155.95971955500758</UZL>
      <K0>0.42107455512090891</K0>
      <K1>0.10521269412193725</K1>
      <K2>0.010002633341155873</K2>
      <MAXBAS>1</MAXBAS>
      <Cet>0</Cet>
      <PCALT>10</PCALT>
      <TCALT>0.6</TCALT>
      <Pelev>3165</Pelev>
      <Telev>3224</Telev>
      <PART>0.5</PART>
      <DELAY>1</DELAY>
    </SubCatchmentParameters>
    <SubCatchmentVegetationZone>
      <SubCatchmentVegetationZoneParameters>
        <TT>-0.75600286639769487</TT>
        <CFMAX>3.3808011671295892</CFMAX>
        <SP>0</SP>
        <SFCF>1.2438898931454518</SFCF>
        <CFR>0.099999426842321854</CFR>
        <CWH>0.10000025614997476</CWH>
        <CFGlacier>1</CFGlacier>
        <CFSlope>1</CFSlope>
        <FC>1536.7373745455909</FC>
        <LP>0.67795338686199635</LP>
        <BETA>3.365736217467632</BETA>
      </SubCatchmentVegetationZoneParameters>
    </SubCatchmentVegetationZone>
  </SubCatchment>
</Catchment>