<?xml version="1.0" encoding="utf-8"?>
<Catchment xmlns:xsi="http://www.w3.org/2001/XMLSchema-instance" xmlns:xsd="http://www.w3.org/2001/XMLSchema">
  <CatchmentParameters>
    <KSI>0.001</KSI>
    <KGmin>0.05</KGmin>
    <RangeKG>0.1</RangeKG>
    <AG>0.1</AG>
    <PERC>0.27103592624892919</PERC>
    <Alpha>0</Alpha>
    <UZL>125.68091175607206</UZL>
    <K0>0.39342312093262155</K0>
    <K1>0.12383733920750414</K1>
    <K2>0.010000032283521481</K2>
    <MAXBAS>1</MAXBAS>
    <Cet>0</Cet>
    <PCALT>10</PCALT>
    <TCALT>0.6</TCALT>
    <Pelev>3165</Pelev>
    <Telev>3224</Telev>
    <PART>0.5</PART>
    <DELAY>1</DELAY>
  </CatchmentParameters>
  <VegetationZone>
    <VegetationZoneParameters>
      <TT>-1.3178979142237446</TT>
      <CFMAX>2.5038918388845546</CFMAX>
      <SP>0</SP>
      <SFCF>1.1706324828972579</SFCF>
      <CFR>0.099999276109941859</CFR>
      <CWH>0.12260349403761579</CWH>
      <CFGlacier>1</CFGlacier>
      <CFSlope>1</CFSlope>
      <FC>1376.0175534538855</FC>
      <LP>0.76901911004846524</LP>
      <BETA>3.5223049919083209</BETA>
    </VegetationZoneParameters>
  </VegetationZone>
  <SubCatchment>
    <SubCatchmentParameters>
      <KSI>0.001</KSI>
      <KGmin>0.05</KGmin>
      <RangeKG>0.1</RangeKG>
      <AG>0.1</AG>
      <PERC>0.27103592624892919</PERC>
      <Alpha>0</Alpha>
      <UZL>125.68091175607206</UZL>
      <K0>0.39342312093262155</K0>
      <K1>0.12383733920750414</K1>
      <K2>0.010000032283521481</K2>
      <MAXBAS>1</MAXBAS>
      <Cet>0</Cet>
      <PCALT>10</PCALT>
      <TCALT>0.6</TCALT>
      <Pelev>3165</Pelev>
      <Telev>3224</Telev>
      <PART>0.5</PART>
      <DELAY>1</DELAY>
    </SubCatchmentParameters>
    <SubCatchmentVegetationZone>
      <SubCatchmentVegetationZoneParameters>
        <TT>-1.3178979142237446</TT>
        <CFMAX>2.5038918388845546</CFMAX>
        <SP>0</SP>
        <SFCF>1.1706324828972579</SFCF>
        <CFR>0.099999276109941859</CFR>
        <CWH>0.12260349403761579</CWH>
        <CFGlacier>1</CFGlacier>
        <CFSlope>1</CFSlope>
        <FC>1376.0175534538855</FC>
        <LP>0.76901911004846524</LP>
        <BETA>3.5223049919083209</BETA>
      </SubCatchmentVegetationZoneParameters>
    </SubCatchmentVegetationZone>
  </SubCatchment>
</Catchment>