<?xml version="1.0" encoding="utf-8"?>
<Catchment xmlns:xsi="http://www.w3.org/2001/XMLSchema-instance" xmlns:xsd="http://www.w3.org/2001/XMLSchema">
  <CatchmentParameters>
    <KSI>0.001</KSI>
    <KGmin>0.05</KGmin>
    <RangeKG>0.1</RangeKG>
    <AG>0.1</AG>
    <PERC>0.27844018141171673</PERC>
    <Alpha>0</Alpha>
    <UZL>145.16982114567389</UZL>
    <K0>0.52947124154844127</K0>
    <K1>0.1144326975822762</K1>
    <K2>0.010000015203075696</K2>
    <MAXBAS>1</MAXBAS>
    <Cet>0</Cet>
    <PCALT>10</PCALT>
    <TCALT>0.6</TCALT>
    <Pelev>3165</Pelev>
    <Telev>3224</Telev>
    <PART>0.5</PART>
    <DELAY>1</DELAY>
  </CatchmentParameters>
  <VegetationZone>
    <VegetationZoneParameters>
      <TT>-1.3560180042294412</TT>
      <CFMAX>2.3227782372333241</CFMAX>
      <SP>0</SP>
      <SFCF>1.1361477268765903</SFCF>
      <CFR>0.015198757338406255</CFR>
      <CWH>0.13614201602990961</CWH>
      <CFGlacier>1</CFGlacier>
      <CFSlope>1</CFSlope>
      <FC>1260.9572416580124</FC>
      <LP>0.81736610966147794</LP>
      <BETA>3.8605433838382868</BETA>
    </VegetationZoneParameters>
  </VegetationZone>
  <SubCatchment>
    <SubCatchmentParameters>
      <KSI>0.001</KSI>
      <KGmin>0.05</KGmin>
      <RangeKG>0.1</RangeKG>
      <AG>0.1</AG>
      <PERC>0.27844018141171673</PERC>
      <Alpha>0</Alpha>
      <UZL>145.16982114567389</UZL>
      <K0>0.52947124154844127</K0>
      <K1>0.1144326975822762</K1>
      <K2>0.010000015203075696</K2>
      <MAXBAS>1</MAXBAS>
      <Cet>0</Cet>
      <PCALT>10</PCALT>
      <TCALT>0.6</TCALT>
      <Pelev>3165</Pelev>
      <Telev>3224</Telev>
      <PART>0.5</PART>
      <DELAY>1</DELAY>
    </SubCatchmentParameters>
    <SubCatchmentVegetationZone>
      <SubCatchmentVegetationZoneParameters>
        <TT>-1.3560180042294412</TT>
        <CFMAX>2.3227782372333241</CFMAX>
        <SP>0</SP>
        <SFCF>1.1361477268765903</SFCF>
        <CFR>0.015198757338406255</CFR>
        <CWH>0.13614201602990961</CWH>
        <CFGlacier>1</CFGlacier>
        <CFSlope>1</CFSlope>
        <FC>1260.9572416580124</FC>
        <LP>0.81736610966147794</LP>
        <BETA>3.8605433838382868</BETA>
      </SubCatchmentVegetationZoneParameters>
    </SubCatchmentVegetationZone>
  </SubCatchment>
</Catchment>