<?xml version="1.0" encoding="utf-8"?>
<Catchment xmlns:xsi="http://www.w3.org/2001/XMLSchema-instance" xmlns:xsd="http://www.w3.org/2001/XMLSchema">
  <CatchmentParameters>
    <KSI>0.001</KSI>
    <KGmin>0.05</KGmin>
    <RangeKG>0.1</RangeKG>
    <AG>0.1</AG>
    <PERC>1.1954220481977358</PERC>
    <Alpha>0</Alpha>
    <UZL>197.98460466677975</UZL>
    <K0>0.16945382365723055</K0>
    <K1>0.097602222064523181</K1>
    <K2>0.066814571739869655</K2>
    <MAXBAS>1.0049760855191305</MAXBAS>
    <Cet>0</Cet>
    <PCALT>10</PCALT>
    <TCALT>0.6</TCALT>
    <Pelev>3165</Pelev>
    <Telev>3224</Telev>
    <PART>0.5</PART>
    <DELAY>1</DELAY>
  </CatchmentParameters>
  <VegetationZone>
    <VegetationZoneParameters>
      <TT>1.2234956419338912</TT>
      <CFMAX>3.8042735885808652</CFMAX>
      <SP>0</SP>
      <SFCF>0.79530958147642428</SFCF>
      <CFR>0.044434869717871861</CFR>
      <CWH>0.10000000028766541</CWH>
      <CFGlacier>1</CFGlacier>
      <CFSlope>1</CFSlope>
      <FC>436.61739904845774</FC>
      <LP>0.89703389150287416</LP>
      <BETA>3.0809267303322372</BETA>
    </VegetationZoneParameters>
  </VegetationZone>
  <SubCatchment>
    <SubCatchmentParameters>
      <KSI>0.001</KSI>
      <KGmin>0.05</KGmin>
      <RangeKG>0.1</RangeKG>
      <AG>0.1</AG>
      <PERC>1.1954220481977358</PERC>
      <Alpha>0</Alpha>
      <UZL>197.98460466677975</UZL>
      <K0>0.16945382365723055</K0>
      <K1>0.097602222064523181</K1>
      <K2>0.066814571739869655</K2>
      <MAXBAS>1.0049760855191305</MAXBAS>
      <Cet>0</Cet>
      <PCALT>10</PCALT>
      <TCALT>0.6</TCALT>
      <Pelev>3165</Pelev>
      <Telev>3224</Telev>
      <PART>0.5</PART>
      <DELAY>1</DELAY>
    </SubCatchmentParameters>
    <SubCatchmentVegetationZone>
      <SubCatchmentVegetationZoneParameters>
        <TT>1.2234956419338912</TT>
        <CFMAX>3.8042735885808652</CFMAX>
        <SP>0</SP>
        <SFCF>0.79530958147642428</SFCF>
        <CFR>0.044434869717871861</CFR>
        <CWH>0.10000000028766541</CWH>
        <CFGlacier>1</CFGlacier>
        <CFSlope>1</CFSlope>
        <FC>436.61739904845774</FC>
        <LP>0.89703389150287416</LP>
        <BETA>3.0809267303322372</BETA>
      </SubCatchmentVegetationZoneParameters>
    </SubCatchmentVegetationZone>
  </SubCatchment>
</Catchment>