<?xml version="1.0" encoding="utf-8"?>
<Catchment xmlns:xsi="http://www.w3.org/2001/XMLSchema-instance" xmlns:xsd="http://www.w3.org/2001/XMLSchema">
  <CatchmentParameters>
    <KSI>0.001</KSI>
    <KGmin>0.05</KGmin>
    <RangeKG>0.1</RangeKG>
    <AG>0.1</AG>
    <PERC>9.9999142593201924</PERC>
    <Alpha>0</Alpha>
    <UZL>112.61481532874977</UZL>
    <K0>0.069771764805990677</K0>
    <K1>0.17485885854505387</K1>
    <K2>0.09326851571944926</K2>
    <MAXBAS>1.0001480574385857</MAXBAS>
    <Cet>0</Cet>
    <PCALT>10</PCALT>
    <TCALT>0.6</TCALT>
    <Pelev>3165</Pelev>
    <Telev>3224</Telev>
    <PART>0.5</PART>
    <DELAY>1</DELAY>
  </CatchmentParameters>
  <VegetationZone>
    <VegetationZoneParameters>
      <TT>-1.0225671801307599</TT>
      <CFMAX>1.7607990993776117</CFMAX>
      <SP>0</SP>
      <SFCF>0.83280327132056464</SFCF>
      <CFR>0.0040932078438281755</CFR>
      <CWH>0.19999878113696135</CWH>
      <CFGlacier>1</CFGlacier>
      <CFSlope>1</CFSlope>
      <FC>495.15136060957917</FC>
      <LP>0.87873020747465236</LP>
      <BETA>5.9999999698912649</BETA>
    </VegetationZoneParameters>
  </VegetationZone>
  <SubCatchment>
    <SubCatchmentParameters>
      <KSI>0.001</KSI>
      <KGmin>0.05</KGmin>
      <RangeKG>0.1</RangeKG>
      <AG>0.1</AG>
      <PERC>9.9999142593201924</PERC>
      <Alpha>0</Alpha>
      <UZL>112.61481532874977</UZL>
      <K0>0.069771764805990677</K0>
      <K1>0.17485885854505387</K1>
      <K2>0.09326851571944926</K2>
      <MAXBAS>1.0001480574385857</MAXBAS>
      <Cet>0</Cet>
      <PCALT>10</PCALT>
      <TCALT>0.6</TCALT>
      <Pelev>3165</Pelev>
      <Telev>3224</Telev>
      <PART>0.5</PART>
      <DELAY>1</DELAY>
    </SubCatchmentParameters>
    <SubCatchmentVegetationZone>
      <SubCatchmentVegetationZoneParameters>
        <TT>-1.0225671801307599</TT>
        <CFMAX>1.7607990993776117</CFMAX>
        <SP>0</SP>
        <SFCF>0.83280327132056464</SFCF>
        <CFR>0.0040932078438281755</CFR>
        <CWH>0.19999878113696135</CWH>
        <CFGlacier>1</CFGlacier>
        <CFSlope>1</CFSlope>
        <FC>495.15136060957917</FC>
        <LP>0.87873020747465236</LP>
        <BETA>5.9999999698912649</BETA>
      </SubCatchmentVegetationZoneParameters>
    </SubCatchmentVegetationZone>
  </SubCatchment>
</Catchment>