<?xml version="1.0" encoding="utf-8"?>
<Catchment xmlns:xsi="http://www.w3.org/2001/XMLSchema-instance" xmlns:xsd="http://www.w3.org/2001/XMLSchema">
  <CatchmentParameters>
    <KSI>0.001</KSI>
    <KGmin>0.05</KGmin>
    <RangeKG>0.1</RangeKG>
    <AG>0.1</AG>
    <PERC>7.7459871750407672</PERC>
    <Alpha>0</Alpha>
    <UZL>135.98691482361681</UZL>
    <K0>0.12451856601513174</K0>
    <K1>0.0838866063467653</K1>
    <K2>0.1147993214659984</K2>
    <MAXBAS>1.0001537632173088</MAXBAS>
    <Cet>0</Cet>
    <PCALT>10</PCALT>
    <TCALT>0.6</TCALT>
    <Pelev>3165</Pelev>
    <Telev>3224</Telev>
    <PART>0.5</PART>
    <DELAY>1</DELAY>
  </CatchmentParameters>
  <VegetationZone>
    <VegetationZoneParameters>
      <TT>1.3472262126483694</TT>
      <CFMAX>3.7017553151687794</CFMAX>
      <SP>0</SP>
      <SFCF>0.75742478172219652</SFCF>
      <CFR>0.040632239574032378</CFR>
      <CWH>0.10000038596282866</CWH>
      <CFGlacier>1</CFGlacier>
      <CFSlope>1</CFSlope>
      <FC>423.00072838543377</FC>
      <LP>0.940957831516369</LP>
      <BETA>3.7231121173742006</BETA>
    </VegetationZoneParameters>
  </VegetationZone>
  <SubCatchment>
    <SubCatchmentParameters>
      <KSI>0.001</KSI>
      <KGmin>0.05</KGmin>
      <RangeKG>0.1</RangeKG>
      <AG>0.1</AG>
      <PERC>7.7459871750407672</PERC>
      <Alpha>0</Alpha>
      <UZL>135.98691482361681</UZL>
      <K0>0.12451856601513174</K0>
      <K1>0.0838866063467653</K1>
      <K2>0.1147993214659984</K2>
      <MAXBAS>1.0001537632173088</MAXBAS>
      <Cet>0</Cet>
      <PCALT>10</PCALT>
      <TCALT>0.6</TCALT>
      <Pelev>3165</Pelev>
      <Telev>3224</Telev>
      <PART>0.5</PART>
      <DELAY>1</DELAY>
    </SubCatchmentParameters>
    <SubCatchmentVegetationZone>
      <SubCatchmentVegetationZoneParameters>
        <TT>1.3472262126483694</TT>
        <CFMAX>3.7017553151687794</CFMAX>
        <SP>0</SP>
        <SFCF>0.75742478172219652</SFCF>
        <CFR>0.040632239574032378</CFR>
        <CWH>0.10000038596282866</CWH>
        <CFGlacier>1</CFGlacier>
        <CFSlope>1</CFSlope>
        <FC>423.00072838543377</FC>
        <LP>0.940957831516369</LP>
        <BETA>3.7231121173742006</BETA>
      </SubCatchmentVegetationZoneParameters>
    </SubCatchmentVegetationZone>
  </SubCatchment>
</Catchment>