<?xml version="1.0" encoding="utf-8"?>
<Catchment xmlns:xsi="http://www.w3.org/2001/XMLSchema-instance" xmlns:xsd="http://www.w3.org/2001/XMLSchema">
  <CatchmentParameters>
    <KSI>0.001</KSI>
    <KGmin>0.05</KGmin>
    <RangeKG>0.1</RangeKG>
    <AG>0.1</AG>
    <PERC>0.28493517665160389</PERC>
    <Alpha>0</Alpha>
    <UZL>145.03781600822546</UZL>
    <K0>0.57112415896427016</K0>
    <K1>0.11295557079019576</K1>
    <K2>0.010000044622408088</K2>
    <MAXBAS>1</MAXBAS>
    <Cet>0</Cet>
    <PCALT>10</PCALT>
    <TCALT>0.6</TCALT>
    <Pelev>3165</Pelev>
    <Telev>3224</Telev>
    <PART>0.5</PART>
    <DELAY>1</DELAY>
  </CatchmentParameters>
  <VegetationZone>
    <VegetationZoneParameters>
      <TT>-0.7992003234469891</TT>
      <CFMAX>2.6625755023758737</CFMAX>
      <SP>0</SP>
      <SFCF>1.0588444424098285</SFCF>
      <CFR>0.099999032044523692</CFR>
      <CWH>0.10000301151958996</CWH>
      <CFGlacier>1</CFGlacier>
      <CFSlope>1</CFSlope>
      <FC>1225.1161051335685</FC>
      <LP>0.92643839250501</LP>
      <BETA>4.1605623122166984</BETA>
    </VegetationZoneParameters>
  </VegetationZone>
  <SubCatchment>
    <SubCatchmentParameters>
      <KSI>0.001</KSI>
      <KGmin>0.05</KGmin>
      <RangeKG>0.1</RangeKG>
      <AG>0.1</AG>
      <PERC>0.28493517665160389</PERC>
      <Alpha>0</Alpha>
      <UZL>145.03781600822546</UZL>
      <K0>0.57112415896427016</K0>
      <K1>0.11295557079019576</K1>
      <K2>0.010000044622408088</K2>
      <MAXBAS>1</MAXBAS>
      <Cet>0</Cet>
      <PCALT>10</PCALT>
      <TCALT>0.6</TCALT>
      <Pelev>3165</Pelev>
      <Telev>3224</Telev>
      <PART>0.5</PART>
      <DELAY>1</DELAY>
    </SubCatchmentParameters>
    <SubCatchmentVegetationZone>
      <SubCatchmentVegetationZoneParameters>
        <TT>-0.7992003234469891</TT>
        <CFMAX>2.6625755023758737</CFMAX>
        <SP>0</SP>
        <SFCF>1.0588444424098285</SFCF>
        <CFR>0.099999032044523692</CFR>
        <CWH>0.10000301151958996</CWH>
        <CFGlacier>1</CFGlacier>
        <CFSlope>1</CFSlope>
        <FC>1225.1161051335685</FC>
        <LP>0.92643839250501</LP>
        <BETA>4.1605623122166984</BETA>
      </SubCatchmentVegetationZoneParameters>
    </SubCatchmentVegetationZone>
  </SubCatchment>
</Catchment>