<?xml version="1.0" encoding="utf-8"?>
<Catchment xmlns:xsi="http://www.w3.org/2001/XMLSchema-instance" xmlns:xsd="http://www.w3.org/2001/XMLSchema">
  <CatchmentParameters>
    <KSI>0.001</KSI>
    <KGmin>0.05</KGmin>
    <RangeKG>0.1</RangeKG>
    <AG>0.1</AG>
    <PERC>0.24504294299360466</PERC>
    <Alpha>0</Alpha>
    <UZL>148.35364819978955</UZL>
    <K0>0.27897779241016563</K0>
    <K1>0.10452923313950374</K1>
    <K2>0.010009154250514272</K2>
    <MAXBAS>1</MAXBAS>
    <Cet>0</Cet>
    <PCALT>10</PCALT>
    <TCALT>0.6</TCALT>
    <Pelev>3165</Pelev>
    <Telev>3224</Telev>
    <PART>0.5</PART>
    <DELAY>1</DELAY>
  </CatchmentParameters>
  <VegetationZone>
    <VegetationZoneParameters>
      <TT>-0.95600093572661837</TT>
      <CFMAX>3.045288333569117</CFMAX>
      <SP>0</SP>
      <SFCF>1.2040839060412076</SFCF>
      <CFR>0.099999670791918766</CFR>
      <CWH>0.18077463542857014</CWH>
      <CFGlacier>1</CFGlacier>
      <CFSlope>1</CFSlope>
      <FC>1184.0633471194076</FC>
      <LP>0.55372009265932975</LP>
      <BETA>2.225899823435411</BETA>
    </VegetationZoneParameters>
  </VegetationZone>
  <SubCatchment>
    <SubCatchmentParameters>
      <KSI>0.001</KSI>
      <KGmin>0.05</KGmin>
      <RangeKG>0.1</RangeKG>
      <AG>0.1</AG>
      <PERC>0.24504294299360466</PERC>
      <Alpha>0</Alpha>
      <UZL>148.35364819978955</UZL>
      <K0>0.27897779241016563</K0>
      <K1>0.10452923313950374</K1>
      <K2>0.010009154250514272</K2>
      <MAXBAS>1</MAXBAS>
      <Cet>0</Cet>
      <PCALT>10</PCALT>
      <TCALT>0.6</TCALT>
      <Pelev>3165</Pelev>
      <Telev>3224</Telev>
      <PART>0.5</PART>
      <DELAY>1</DELAY>
    </SubCatchmentParameters>
    <SubCatchmentVegetationZone>
      <SubCatchmentVegetationZoneParameters>
        <TT>-0.95600093572661837</TT>
        <CFMAX>3.045288333569117</CFMAX>
        <SP>0</SP>
        <SFCF>1.2040839060412076</SFCF>
        <CFR>0.099999670791918766</CFR>
        <CWH>0.18077463542857014</CWH>
        <CFGlacier>1</CFGlacier>
        <CFSlope>1</CFSlope>
        <FC>1184.0633471194076</FC>
        <LP>0.55372009265932975</LP>
        <BETA>2.225899823435411</BETA>
      </SubCatchmentVegetationZoneParameters>
    </SubCatchmentVegetationZone>
  </SubCatchment>
</Catchment>