<?xml version="1.0" encoding="utf-8"?>
<Catchment xmlns:xsi="http://www.w3.org/2001/XMLSchema-instance" xmlns:xsd="http://www.w3.org/2001/XMLSchema">
  <CatchmentParameters>
    <KSI>0.001</KSI>
    <KGmin>0.05</KGmin>
    <RangeKG>0.1</RangeKG>
    <AG>0.1</AG>
    <PERC>0.43085853886793057</PERC>
    <Alpha>0</Alpha>
    <UZL>176.33057728655393</UZL>
    <K0>0.23843118961595705</K0>
    <K1>0.096987892429201278</K1>
    <K2>0.020000023154811614</K2>
    <MAXBAS>1.004988111054903</MAXBAS>
    <Cet>0</Cet>
    <PCALT>10</PCALT>
    <TCALT>0.6</TCALT>
    <Pelev>3165</Pelev>
    <Telev>3224</Telev>
    <PART>0.5</PART>
    <DELAY>1</DELAY>
  </CatchmentParameters>
  <VegetationZone>
    <VegetationZoneParameters>
      <TT>0.343984925166718</TT>
      <CFMAX>3.0477968387750631</CFMAX>
      <SP>0</SP>
      <SFCF>0.82874974916538491</SFCF>
      <CFR>0.088518419694755116</CFR>
      <CWH>0.10000007252987446</CWH>
      <CFGlacier>1</CFGlacier>
      <CFSlope>1</CFSlope>
      <FC>446.640308820201</FC>
      <LP>0.82553109429573357</LP>
      <BETA>3.4426537543383207</BETA>
    </VegetationZoneParameters>
  </VegetationZone>
  <SubCatchment>
    <SubCatchmentParameters>
      <KSI>0.001</KSI>
      <KGmin>0.05</KGmin>
      <RangeKG>0.1</RangeKG>
      <AG>0.1</AG>
      <PERC>0.43085853886793057</PERC>
      <Alpha>0</Alpha>
      <UZL>176.33057728655393</UZL>
      <K0>0.23843118961595705</K0>
      <K1>0.096987892429201278</K1>
      <K2>0.020000023154811614</K2>
      <MAXBAS>1.004988111054903</MAXBAS>
      <Cet>0</Cet>
      <PCALT>10</PCALT>
      <TCALT>0.6</TCALT>
      <Pelev>3165</Pelev>
      <Telev>3224</Telev>
      <PART>0.5</PART>
      <DELAY>1</DELAY>
    </SubCatchmentParameters>
    <SubCatchmentVegetationZone>
      <SubCatchmentVegetationZoneParameters>
        <TT>0.343984925166718</TT>
        <CFMAX>3.0477968387750631</CFMAX>
        <SP>0</SP>
        <SFCF>0.82874974916538491</SFCF>
        <CFR>0.088518419694755116</CFR>
        <CWH>0.10000007252987446</CWH>
        <CFGlacier>1</CFGlacier>
        <CFSlope>1</CFSlope>
        <FC>446.640308820201</FC>
        <LP>0.82553109429573357</LP>
        <BETA>3.4426537543383207</BETA>
      </SubCatchmentVegetationZoneParameters>
    </SubCatchmentVegetationZone>
  </SubCatchment>
</Catchment>