<?xml version="1.0" encoding="utf-8"?>
<Catchment xmlns:xsi="http://www.w3.org/2001/XMLSchema-instance" xmlns:xsd="http://www.w3.org/2001/XMLSchema">
  <CatchmentParameters>
    <KSI>0.001</KSI>
    <KGmin>0.05</KGmin>
    <RangeKG>0.1</RangeKG>
    <AG>0.1</AG>
    <PERC>6.6876614382139312</PERC>
    <Alpha>0</Alpha>
    <UZL>120.45988832599933</UZL>
    <K0>0.4611040862490105</K0>
    <K1>0.10708459138536491</K1>
    <K2>0.12679167633146832</K2>
    <MAXBAS>1.0000737080456654</MAXBAS>
    <Cet>0</Cet>
    <PCALT>10</PCALT>
    <TCALT>0.6</TCALT>
    <Pelev>3165</Pelev>
    <Telev>3224</Telev>
    <PART>0.5</PART>
    <DELAY>1</DELAY>
  </CatchmentParameters>
  <VegetationZone>
    <VegetationZoneParameters>
      <TT>1.3039879670845491</TT>
      <CFMAX>2.7714102257545248</CFMAX>
      <SP>0</SP>
      <SFCF>0.63418749935163077</SFCF>
      <CFR>0.045519220511365262</CFR>
      <CWH>0.1014712427994043</CWH>
      <CFGlacier>1</CFGlacier>
      <CFSlope>1</CFSlope>
      <FC>274.28904427807424</FC>
      <LP>0.99999547314950044</LP>
      <BETA>4.7613872892116671</BETA>
    </VegetationZoneParameters>
  </VegetationZone>
  <SubCatchment>
    <SubCatchmentParameters>
      <KSI>0.001</KSI>
      <KGmin>0.05</KGmin>
      <RangeKG>0.1</RangeKG>
      <AG>0.1</AG>
      <PERC>6.6876614382139312</PERC>
      <Alpha>0</Alpha>
      <UZL>120.45988832599933</UZL>
      <K0>0.4611040862490105</K0>
      <K1>0.10708459138536491</K1>
      <K2>0.12679167633146832</K2>
      <MAXBAS>1.0000737080456654</MAXBAS>
      <Cet>0</Cet>
      <PCALT>10</PCALT>
      <TCALT>0.6</TCALT>
      <Pelev>3165</Pelev>
      <Telev>3224</Telev>
      <PART>0.5</PART>
      <DELAY>1</DELAY>
    </SubCatchmentParameters>
    <SubCatchmentVegetationZone>
      <SubCatchmentVegetationZoneParameters>
        <TT>1.3039879670845491</TT>
        <CFMAX>2.7714102257545248</CFMAX>
        <SP>0</SP>
        <SFCF>0.63418749935163077</SFCF>
        <CFR>0.045519220511365262</CFR>
        <CWH>0.1014712427994043</CWH>
        <CFGlacier>1</CFGlacier>
        <CFSlope>1</CFSlope>
        <FC>274.28904427807424</FC>
        <LP>0.99999547314950044</LP>
        <BETA>4.7613872892116671</BETA>
      </SubCatchmentVegetationZoneParameters>
    </SubCatchmentVegetationZone>
  </SubCatchment>
</Catchment>