<?xml version="1.0" encoding="utf-8"?>
<Catchment xmlns:xsi="http://www.w3.org/2001/XMLSchema-instance" xmlns:xsd="http://www.w3.org/2001/XMLSchema">
  <CatchmentParameters>
    <KSI>0.001</KSI>
    <KGmin>0.05</KGmin>
    <RangeKG>0.1</RangeKG>
    <AG>0.1</AG>
    <PERC>0.26586549109977736</PERC>
    <Alpha>0</Alpha>
    <UZL>149.58197428056224</UZL>
    <K0>0.92735789102793142</K0>
    <K1>0.11230960532518625</K1>
    <K2>0.010000013817123864</K2>
    <MAXBAS>1</MAXBAS>
    <Cet>0</Cet>
    <PCALT>10</PCALT>
    <TCALT>0.6</TCALT>
    <Pelev>3165</Pelev>
    <Telev>3224</Telev>
    <PART>0.5</PART>
    <DELAY>1</DELAY>
  </CatchmentParameters>
  <VegetationZone>
    <VegetationZoneParameters>
      <TT>-0.26922126462121942</TT>
      <CFMAX>3.5275069164287589</CFMAX>
      <SP>0</SP>
      <SFCF>1.1538953859815775</SFCF>
      <CFR>0.099998335245402484</CFR>
      <CWH>0.11670680763144774</CWH>
      <CFGlacier>1</CFGlacier>
      <CFSlope>1</CFSlope>
      <FC>1313.7849891284882</FC>
      <LP>0.62677876744479821</LP>
      <BETA>2.2652780835511508</BETA>
    </VegetationZoneParameters>
  </VegetationZone>
  <SubCatchment>
    <SubCatchmentParameters>
      <KSI>0.001</KSI>
      <KGmin>0.05</KGmin>
      <RangeKG>0.1</RangeKG>
      <AG>0.1</AG>
      <PERC>0.26586549109977736</PERC>
      <Alpha>0</Alpha>
      <UZL>149.58197428056224</UZL>
      <K0>0.92735789102793142</K0>
      <K1>0.11230960532518625</K1>
      <K2>0.010000013817123864</K2>
      <MAXBAS>1</MAXBAS>
      <Cet>0</Cet>
      <PCALT>10</PCALT>
      <TCALT>0.6</TCALT>
      <Pelev>3165</Pelev>
      <Telev>3224</Telev>
      <PART>0.5</PART>
      <DELAY>1</DELAY>
    </SubCatchmentParameters>
    <SubCatchmentVegetationZone>
      <SubCatchmentVegetationZoneParameters>
        <TT>-0.26922126462121942</TT>
        <CFMAX>3.5275069164287589</CFMAX>
        <SP>0</SP>
        <SFCF>1.1538953859815775</SFCF>
        <CFR>0.099998335245402484</CFR>
        <CWH>0.11670680763144774</CWH>
        <CFGlacier>1</CFGlacier>
        <CFSlope>1</CFSlope>
        <FC>1313.7849891284882</FC>
        <LP>0.62677876744479821</LP>
        <BETA>2.2652780835511508</BETA>
      </SubCatchmentVegetationZoneParameters>
    </SubCatchmentVegetationZone>
  </SubCatchment>
</Catchment>