<?xml version="1.0" encoding="utf-8"?>
<Catchment xmlns:xsi="http://www.w3.org/2001/XMLSchema-instance" xmlns:xsd="http://www.w3.org/2001/XMLSchema">
  <CatchmentParameters>
    <KSI>0.001</KSI>
    <KGmin>0.05</KGmin>
    <RangeKG>0.1</RangeKG>
    <AG>0.1</AG>
    <PERC>8.9702610868783363</PERC>
    <Alpha>0</Alpha>
    <UZL>76.1159145603657</UZL>
    <K0>0.38370814780060208</K0>
    <K1>0.09442810108220441</K1>
    <K2>0.1150093666249857</K2>
    <MAXBAS>1.0000133154178856</MAXBAS>
    <Cet>0</Cet>
    <PCALT>10</PCALT>
    <TCALT>0.6</TCALT>
    <Pelev>3165</Pelev>
    <Telev>3224</Telev>
    <PART>0.5</PART>
    <DELAY>1</DELAY>
  </CatchmentParameters>
  <VegetationZone>
    <VegetationZoneParameters>
      <TT>0.775669397100971</TT>
      <CFMAX>2.7945148637406705</CFMAX>
      <SP>0</SP>
      <SFCF>0.7198229428036983</SFCF>
      <CFR>0.0686166193985261</CFR>
      <CWH>0.10000018177693502</CWH>
      <CFGlacier>1</CFGlacier>
      <CFSlope>1</CFSlope>
      <FC>355.320442958267</FC>
      <LP>0.92061691203673435</LP>
      <BETA>4.10578918487132</BETA>
    </VegetationZoneParameters>
  </VegetationZone>
  <SubCatchment>
    <SubCatchmentParameters>
      <KSI>0.001</KSI>
      <KGmin>0.05</KGmin>
      <RangeKG>0.1</RangeKG>
      <AG>0.1</AG>
      <PERC>8.9702610868783363</PERC>
      <Alpha>0</Alpha>
      <UZL>76.1159145603657</UZL>
      <K0>0.38370814780060208</K0>
      <K1>0.09442810108220441</K1>
      <K2>0.1150093666249857</K2>
      <MAXBAS>1.0000133154178856</MAXBAS>
      <Cet>0</Cet>
      <PCALT>10</PCALT>
      <TCALT>0.6</TCALT>
      <Pelev>3165</Pelev>
      <Telev>3224</Telev>
      <PART>0.5</PART>
      <DELAY>1</DELAY>
    </SubCatchmentParameters>
    <SubCatchmentVegetationZone>
      <SubCatchmentVegetationZoneParameters>
        <TT>0.775669397100971</TT>
        <CFMAX>2.7945148637406705</CFMAX>
        <SP>0</SP>
        <SFCF>0.7198229428036983</SFCF>
        <CFR>0.0686166193985261</CFR>
        <CWH>0.10000018177693502</CWH>
        <CFGlacier>1</CFGlacier>
        <CFSlope>1</CFSlope>
        <FC>355.320442958267</FC>
        <LP>0.92061691203673435</LP>
        <BETA>4.10578918487132</BETA>
      </SubCatchmentVegetationZoneParameters>
    </SubCatchmentVegetationZone>
  </SubCatchment>
</Catchment>