<?xml version="1.0" encoding="utf-8"?>
<Catchment xmlns:xsi="http://www.w3.org/2001/XMLSchema-instance" xmlns:xsd="http://www.w3.org/2001/XMLSchema">
  <CatchmentParameters>
    <KSI>0.001</KSI>
    <KGmin>0.05</KGmin>
    <RangeKG>0.1</RangeKG>
    <AG>0.1</AG>
    <PERC>5.2177375908371459</PERC>
    <Alpha>0</Alpha>
    <UZL>185.7247830043969</UZL>
    <K0>0.53350118503650268</K0>
    <K1>0.080967925987308884</K1>
    <K2>0.12552422751133324</K2>
    <MAXBAS>1.0049748747339937</MAXBAS>
    <Cet>0</Cet>
    <PCALT>10</PCALT>
    <TCALT>0.6</TCALT>
    <Pelev>3165</Pelev>
    <Telev>3224</Telev>
    <PART>0.5</PART>
    <DELAY>1</DELAY>
  </CatchmentParameters>
  <VegetationZone>
    <VegetationZoneParameters>
      <TT>-0.63600342739861682</TT>
      <CFMAX>2.5558129474133375</CFMAX>
      <SP>0</SP>
      <SFCF>0.93991050198901649</SFCF>
      <CFR>0.09999991283408953</CFR>
      <CWH>0.10000056057993341</CWH>
      <CFGlacier>1</CFGlacier>
      <CFSlope>1</CFSlope>
      <FC>566.52168545917993</FC>
      <LP>0.6782023189579347</LP>
      <BETA>5.41620902665172</BETA>
    </VegetationZoneParameters>
  </VegetationZone>
  <SubCatchment>
    <SubCatchmentParameters>
      <KSI>0.001</KSI>
      <KGmin>0.05</KGmin>
      <RangeKG>0.1</RangeKG>
      <AG>0.1</AG>
      <PERC>5.2177375908371459</PERC>
      <Alpha>0</Alpha>
      <UZL>185.7247830043969</UZL>
      <K0>0.53350118503650268</K0>
      <K1>0.080967925987308884</K1>
      <K2>0.12552422751133324</K2>
      <MAXBAS>1.0049748747339937</MAXBAS>
      <Cet>0</Cet>
      <PCALT>10</PCALT>
      <TCALT>0.6</TCALT>
      <Pelev>3165</Pelev>
      <Telev>3224</Telev>
      <PART>0.5</PART>
      <DELAY>1</DELAY>
    </SubCatchmentParameters>
    <SubCatchmentVegetationZone>
      <SubCatchmentVegetationZoneParameters>
        <TT>-0.63600342739861682</TT>
        <CFMAX>2.5558129474133375</CFMAX>
        <SP>0</SP>
        <SFCF>0.93991050198901649</SFCF>
        <CFR>0.09999991283408953</CFR>
        <CWH>0.10000056057993341</CWH>
        <CFGlacier>1</CFGlacier>
        <CFSlope>1</CFSlope>
        <FC>566.52168545917993</FC>
        <LP>0.6782023189579347</LP>
        <BETA>5.41620902665172</BETA>
      </SubCatchmentVegetationZoneParameters>
    </SubCatchmentVegetationZone>
  </SubCatchment>
</Catchment>