<?xml version="1.0" encoding="utf-8"?>
<Catchment xmlns:xsi="http://www.w3.org/2001/XMLSchema-instance" xmlns:xsd="http://www.w3.org/2001/XMLSchema">
  <CatchmentParameters>
    <KSI>0.001</KSI>
    <KGmin>0.05</KGmin>
    <RangeKG>0.1</RangeKG>
    <AG>0.1</AG>
    <PERC>5.1045480859435983</PERC>
    <Alpha>0</Alpha>
    <UZL>169.14579868499078</UZL>
    <K0>0.84374834652527486</K0>
    <K1>0.091278069633850739</K1>
    <K2>0.14085110125940617</K2>
    <MAXBAS>1.0000690056306734</MAXBAS>
    <Cet>0</Cet>
    <PCALT>10</PCALT>
    <TCALT>0.6</TCALT>
    <Pelev>3165</Pelev>
    <Telev>3224</Telev>
    <PART>0.5</PART>
    <DELAY>1</DELAY>
  </CatchmentParameters>
  <VegetationZone>
    <VegetationZoneParameters>
      <TT>-0.996000533646664</TT>
      <CFMAX>1.9572030422353526</CFMAX>
      <SP>0</SP>
      <SFCF>0.86116458167897425</SFCF>
      <CFR>0.099999589981146136</CFR>
      <CWH>0.17102182999844362</CWH>
      <CFGlacier>1</CFGlacier>
      <CFSlope>1</CFSlope>
      <FC>563.44034104499508</FC>
      <LP>0.84079361891375348</LP>
      <BETA>5.9996136418058441</BETA>
    </VegetationZoneParameters>
  </VegetationZone>
  <SubCatchment>
    <SubCatchmentParameters>
      <KSI>0.001</KSI>
      <KGmin>0.05</KGmin>
      <RangeKG>0.1</RangeKG>
      <AG>0.1</AG>
      <PERC>5.1045480859435983</PERC>
      <Alpha>0</Alpha>
      <UZL>169.14579868499078</UZL>
      <K0>0.84374834652527486</K0>
      <K1>0.091278069633850739</K1>
      <K2>0.14085110125940617</K2>
      <MAXBAS>1.0000690056306734</MAXBAS>
      <Cet>0</Cet>
      <PCALT>10</PCALT>
      <TCALT>0.6</TCALT>
      <Pelev>3165</Pelev>
      <Telev>3224</Telev>
      <PART>0.5</PART>
      <DELAY>1</DELAY>
    </SubCatchmentParameters>
    <SubCatchmentVegetationZone>
      <SubCatchmentVegetationZoneParameters>
        <TT>-0.996000533646664</TT>
        <CFMAX>1.9572030422353526</CFMAX>
        <SP>0</SP>
        <SFCF>0.86116458167897425</SFCF>
        <CFR>0.099999589981146136</CFR>
        <CWH>0.17102182999844362</CWH>
        <CFGlacier>1</CFGlacier>
        <CFSlope>1</CFSlope>
        <FC>563.44034104499508</FC>
        <LP>0.84079361891375348</LP>
        <BETA>5.9996136418058441</BETA>
      </SubCatchmentVegetationZoneParameters>
    </SubCatchmentVegetationZone>
  </SubCatchment>
</Catchment>