<?xml version="1.0" encoding="utf-8"?>
<Catchment xmlns:xsi="http://www.w3.org/2001/XMLSchema-instance" xmlns:xsd="http://www.w3.org/2001/XMLSchema">
  <CatchmentParameters>
    <KSI>0.001</KSI>
    <KGmin>0.05</KGmin>
    <RangeKG>0.1</RangeKG>
    <AG>0.1</AG>
    <PERC>0.26760189069499374</PERC>
    <Alpha>0</Alpha>
    <UZL>170.84347500048611</UZL>
    <K0>0.60016558450855073</K0>
    <K1>0.11254937387127149</K1>
    <K2>0.01000000051406047</K2>
    <MAXBAS>1</MAXBAS>
    <Cet>0</Cet>
    <PCALT>10</PCALT>
    <TCALT>0.6</TCALT>
    <Pelev>3165</Pelev>
    <Telev>3224</Telev>
    <PART>0.5</PART>
    <DELAY>1</DELAY>
  </CatchmentParameters>
  <VegetationZone>
    <VegetationZoneParameters>
      <TT>-1.256006509045098</TT>
      <CFMAX>2.5721677567279482</CFMAX>
      <SP>0</SP>
      <SFCF>1.1655606097684526</SFCF>
      <CFR>0.099999421093503613</CFR>
      <CWH>0.10683365425405969</CWH>
      <CFGlacier>1</CFGlacier>
      <CFSlope>1</CFSlope>
      <FC>1425.7879089214891</FC>
      <LP>0.81375632872634518</LP>
      <BETA>3.9822928329455847</BETA>
    </VegetationZoneParameters>
  </VegetationZone>
  <SubCatchment>
    <SubCatchmentParameters>
      <KSI>0.001</KSI>
      <KGmin>0.05</KGmin>
      <RangeKG>0.1</RangeKG>
      <AG>0.1</AG>
      <PERC>0.26760189069499374</PERC>
      <Alpha>0</Alpha>
      <UZL>170.84347500048611</UZL>
      <K0>0.60016558450855073</K0>
      <K1>0.11254937387127149</K1>
      <K2>0.01000000051406047</K2>
      <MAXBAS>1</MAXBAS>
      <Cet>0</Cet>
      <PCALT>10</PCALT>
      <TCALT>0.6</TCALT>
      <Pelev>3165</Pelev>
      <Telev>3224</Telev>
      <PART>0.5</PART>
      <DELAY>1</DELAY>
    </SubCatchmentParameters>
    <SubCatchmentVegetationZone>
      <SubCatchmentVegetationZoneParameters>
        <TT>-1.256006509045098</TT>
        <CFMAX>2.5721677567279482</CFMAX>
        <SP>0</SP>
        <SFCF>1.1655606097684526</SFCF>
        <CFR>0.099999421093503613</CFR>
        <CWH>0.10683365425405969</CWH>
        <CFGlacier>1</CFGlacier>
        <CFSlope>1</CFSlope>
        <FC>1425.7879089214891</FC>
        <LP>0.81375632872634518</LP>
        <BETA>3.9822928329455847</BETA>
      </SubCatchmentVegetationZoneParameters>
    </SubCatchmentVegetationZone>
  </SubCatchment>
</Catchment>