<?xml version="1.0" encoding="utf-8"?>
<Catchment xmlns:xsi="http://www.w3.org/2001/XMLSchema-instance" xmlns:xsd="http://www.w3.org/2001/XMLSchema">
  <CatchmentParameters>
    <KSI>0.001</KSI>
    <KGmin>0.05</KGmin>
    <RangeKG>0.1</RangeKG>
    <AG>0.1</AG>
    <PERC>0.26784428244952618</PERC>
    <Alpha>0</Alpha>
    <UZL>141.20046833722867</UZL>
    <K0>0.56094973795053327</K0>
    <K1>0.12030885018400707</K1>
    <K2>0.010000192388247352</K2>
    <MAXBAS>1</MAXBAS>
    <Cet>0</Cet>
    <PCALT>10</PCALT>
    <TCALT>0.6</TCALT>
    <Pelev>3165</Pelev>
    <Telev>3224</Telev>
    <PART>0.5</PART>
    <DELAY>1</DELAY>
  </CatchmentParameters>
  <VegetationZone>
    <VegetationZoneParameters>
      <TT>-0.96566507109647326</TT>
      <CFMAX>2.53149815557746</CFMAX>
      <SP>0</SP>
      <SFCF>1.0886825849816137</SFCF>
      <CFR>0.099996412396024387</CFR>
      <CWH>0.12296543480462514</CWH>
      <CFGlacier>1</CFGlacier>
      <CFSlope>1</CFSlope>
      <FC>1144.544361802637</FC>
      <LP>0.79409972531030781</LP>
      <BETA>3.0344279024104179</BETA>
    </VegetationZoneParameters>
  </VegetationZone>
  <SubCatchment>
    <SubCatchmentParameters>
      <KSI>0.001</KSI>
      <KGmin>0.05</KGmin>
      <RangeKG>0.1</RangeKG>
      <AG>0.1</AG>
      <PERC>0.26784428244952618</PERC>
      <Alpha>0</Alpha>
      <UZL>141.20046833722867</UZL>
      <K0>0.56094973795053327</K0>
      <K1>0.12030885018400707</K1>
      <K2>0.010000192388247352</K2>
      <MAXBAS>1</MAXBAS>
      <Cet>0</Cet>
      <PCALT>10</PCALT>
      <TCALT>0.6</TCALT>
      <Pelev>3165</Pelev>
      <Telev>3224</Telev>
      <PART>0.5</PART>
      <DELAY>1</DELAY>
    </SubCatchmentParameters>
    <SubCatchmentVegetationZone>
      <SubCatchmentVegetationZoneParameters>
        <TT>-0.96566507109647326</TT>
        <CFMAX>2.53149815557746</CFMAX>
        <SP>0</SP>
        <SFCF>1.0886825849816137</SFCF>
        <CFR>0.099996412396024387</CFR>
        <CWH>0.12296543480462514</CWH>
        <CFGlacier>1</CFGlacier>
        <CFSlope>1</CFSlope>
        <FC>1144.544361802637</FC>
        <LP>0.79409972531030781</LP>
        <BETA>3.0344279024104179</BETA>
      </SubCatchmentVegetationZoneParameters>
    </SubCatchmentVegetationZone>
  </SubCatchment>
</Catchment>