<?xml version="1.0" encoding="utf-8"?>
<Catchment xmlns:xsi="http://www.w3.org/2001/XMLSchema-instance" xmlns:xsd="http://www.w3.org/2001/XMLSchema">
  <CatchmentParameters>
    <KSI>0.001</KSI>
    <KGmin>0.05</KGmin>
    <RangeKG>0.1</RangeKG>
    <AG>0.1</AG>
    <PERC>0.25277960535382871</PERC>
    <Alpha>0</Alpha>
    <UZL>148.46249837068794</UZL>
    <K0>0.53875399366666</K0>
    <K1>0.11731187602498248</K1>
    <K2>0.010000000041298602</K2>
    <MAXBAS>1</MAXBAS>
    <Cet>0</Cet>
    <PCALT>10</PCALT>
    <TCALT>0.6</TCALT>
    <Pelev>3165</Pelev>
    <Telev>3224</Telev>
    <PART>0.5</PART>
    <DELAY>1</DELAY>
  </CatchmentParameters>
  <VegetationZone>
    <VegetationZoneParameters>
      <TT>-1.022074493861608</TT>
      <CFMAX>2.34665401525382</CFMAX>
      <SP>0</SP>
      <SFCF>1.0234481311470454</SFCF>
      <CFR>0.099999197410989546</CFR>
      <CWH>0.199998666234146</CWH>
      <CFGlacier>1</CFGlacier>
      <CFSlope>1</CFSlope>
      <FC>954.67772128187278</FC>
      <LP>0.76594165078920362</LP>
      <BETA>2.3203750172839825</BETA>
    </VegetationZoneParameters>
  </VegetationZone>
  <SubCatchment>
    <SubCatchmentParameters>
      <KSI>0.001</KSI>
      <KGmin>0.05</KGmin>
      <RangeKG>0.1</RangeKG>
      <AG>0.1</AG>
      <PERC>0.25277960535382871</PERC>
      <Alpha>0</Alpha>
      <UZL>148.46249837068794</UZL>
      <K0>0.53875399366666</K0>
      <K1>0.11731187602498248</K1>
      <K2>0.010000000041298602</K2>
      <MAXBAS>1</MAXBAS>
      <Cet>0</Cet>
      <PCALT>10</PCALT>
      <TCALT>0.6</TCALT>
      <Pelev>3165</Pelev>
      <Telev>3224</Telev>
      <PART>0.5</PART>
      <DELAY>1</DELAY>
    </SubCatchmentParameters>
    <SubCatchmentVegetationZone>
      <SubCatchmentVegetationZoneParameters>
        <TT>-1.022074493861608</TT>
        <CFMAX>2.34665401525382</CFMAX>
        <SP>0</SP>
        <SFCF>1.0234481311470454</SFCF>
        <CFR>0.099999197410989546</CFR>
        <CWH>0.199998666234146</CWH>
        <CFGlacier>1</CFGlacier>
        <CFSlope>1</CFSlope>
        <FC>954.67772128187278</FC>
        <LP>0.76594165078920362</LP>
        <BETA>2.3203750172839825</BETA>
      </SubCatchmentVegetationZoneParameters>
    </SubCatchmentVegetationZone>
  </SubCatchment>
</Catchment>