<?xml version="1.0" encoding="utf-8"?>
<Catchment xmlns:xsi="http://www.w3.org/2001/XMLSchema-instance" xmlns:xsd="http://www.w3.org/2001/XMLSchema">
  <CatchmentParameters>
    <KSI>0.001</KSI>
    <KGmin>0.05</KGmin>
    <RangeKG>0.1</RangeKG>
    <AG>0.1</AG>
    <PERC>0.25058709441040788</PERC>
    <Alpha>0</Alpha>
    <UZL>129.53011736862993</UZL>
    <K0>0.24896690849281056</K0>
    <K1>0.11645959723478715</K1>
    <K2>0.010000033878631336</K2>
    <MAXBAS>1</MAXBAS>
    <Cet>0</Cet>
    <PCALT>10</PCALT>
    <TCALT>0.6</TCALT>
    <Pelev>3165</Pelev>
    <Telev>3224</Telev>
    <PART>0.5</PART>
    <DELAY>1</DELAY>
  </CatchmentParameters>
  <VegetationZone>
    <VegetationZoneParameters>
      <TT>-0.97887122019248451</TT>
      <CFMAX>2.4157223047623919</CFMAX>
      <SP>0</SP>
      <SFCF>1.039363489222868</SFCF>
      <CFR>0.099999574487122309</CFR>
      <CWH>0.199999415453158</CWH>
      <CFGlacier>1</CFGlacier>
      <CFSlope>1</CFSlope>
      <FC>925.79172673052324</FC>
      <LP>0.65467291871573541</LP>
      <BETA>1.8941156152408152</BETA>
    </VegetationZoneParameters>
  </VegetationZone>
  <SubCatchment>
    <SubCatchmentParameters>
      <KSI>0.001</KSI>
      <KGmin>0.05</KGmin>
      <RangeKG>0.1</RangeKG>
      <AG>0.1</AG>
      <PERC>0.25058709441040788</PERC>
      <Alpha>0</Alpha>
      <UZL>129.53011736862993</UZL>
      <K0>0.24896690849281056</K0>
      <K1>0.11645959723478715</K1>
      <K2>0.010000033878631336</K2>
      <MAXBAS>1</MAXBAS>
      <Cet>0</Cet>
      <PCALT>10</PCALT>
      <TCALT>0.6</TCALT>
      <Pelev>3165</Pelev>
      <Telev>3224</Telev>
      <PART>0.5</PART>
      <DELAY>1</DELAY>
    </SubCatchmentParameters>
    <SubCatchmentVegetationZone>
      <SubCatchmentVegetationZoneParameters>
        <TT>-0.97887122019248451</TT>
        <CFMAX>2.4157223047623919</CFMAX>
        <SP>0</SP>
        <SFCF>1.039363489222868</SFCF>
        <CFR>0.099999574487122309</CFR>
        <CWH>0.199999415453158</CWH>
        <CFGlacier>1</CFGlacier>
        <CFSlope>1</CFSlope>
        <FC>925.79172673052324</FC>
        <LP>0.65467291871573541</LP>
        <BETA>1.8941156152408152</BETA>
      </SubCatchmentVegetationZoneParameters>
    </SubCatchmentVegetationZone>
  </SubCatchment>
</Catchment>