<?xml version="1.0" encoding="utf-8"?>
<Catchment xmlns:xsi="http://www.w3.org/2001/XMLSchema-instance" xmlns:xsd="http://www.w3.org/2001/XMLSchema">
  <CatchmentParameters>
    <KSI>0.001</KSI>
    <KGmin>0.05</KGmin>
    <RangeKG>0.1</RangeKG>
    <AG>0.1</AG>
    <PERC>6.9220039489403584</PERC>
    <Alpha>0</Alpha>
    <UZL>98.767591250642255</UZL>
    <K0>0.21877355947698246</K0>
    <K1>0.089136025169289174</K1>
    <K2>0.11623526300894993</K2>
    <MAXBAS>1.0047960793109962</MAXBAS>
    <Cet>0</Cet>
    <PCALT>10</PCALT>
    <TCALT>0.6</TCALT>
    <Pelev>3165</Pelev>
    <Telev>3224</Telev>
    <PART>0.5</PART>
    <DELAY>1</DELAY>
  </CatchmentParameters>
  <VegetationZone>
    <VegetationZoneParameters>
      <TT>0.84399869829673879</TT>
      <CFMAX>3.3002931701662352</CFMAX>
      <SP>0</SP>
      <SFCF>0.78683659579977483</SFCF>
      <CFR>0.062444252562273227</CFR>
      <CWH>0.10000000913274268</CWH>
      <CFGlacier>1</CFGlacier>
      <CFSlope>1</CFSlope>
      <FC>468.83239927992736</FC>
      <LP>0.96524860890724029</LP>
      <BETA>4.0748613150448092</BETA>
    </VegetationZoneParameters>
  </VegetationZone>
  <SubCatchment>
    <SubCatchmentParameters>
      <KSI>0.001</KSI>
      <KGmin>0.05</KGmin>
      <RangeKG>0.1</RangeKG>
      <AG>0.1</AG>
      <PERC>6.9220039489403584</PERC>
      <Alpha>0</Alpha>
      <UZL>98.767591250642255</UZL>
      <K0>0.21877355947698246</K0>
      <K1>0.089136025169289174</K1>
      <K2>0.11623526300894993</K2>
      <MAXBAS>1.0047960793109962</MAXBAS>
      <Cet>0</Cet>
      <PCALT>10</PCALT>
      <TCALT>0.6</TCALT>
      <Pelev>3165</Pelev>
      <Telev>3224</Telev>
      <PART>0.5</PART>
      <DELAY>1</DELAY>
    </SubCatchmentParameters>
    <SubCatchmentVegetationZone>
      <SubCatchmentVegetationZoneParameters>
        <TT>0.84399869829673879</TT>
        <CFMAX>3.3002931701662352</CFMAX>
        <SP>0</SP>
        <SFCF>0.78683659579977483</SFCF>
        <CFR>0.062444252562273227</CFR>
        <CWH>0.10000000913274268</CWH>
        <CFGlacier>1</CFGlacier>
        <CFSlope>1</CFSlope>
        <FC>468.83239927992736</FC>
        <LP>0.96524860890724029</LP>
        <BETA>4.0748613150448092</BETA>
      </SubCatchmentVegetationZoneParameters>
    </SubCatchmentVegetationZone>
  </SubCatchment>
</Catchment>