<?xml version="1.0" encoding="utf-8"?>
<Catchment xmlns:xsi="http://www.w3.org/2001/XMLSchema-instance" xmlns:xsd="http://www.w3.org/2001/XMLSchema">
  <CatchmentParameters>
    <KSI>0.001</KSI>
    <KGmin>0.05</KGmin>
    <RangeKG>0.1</RangeKG>
    <AG>0.1</AG>
    <PERC>5.2829220867144429</PERC>
    <Alpha>0</Alpha>
    <UZL>146.42159600526364</UZL>
    <K0>0.30060520352540576</K0>
    <K1>0.088179296238271448</K1>
    <K2>0.12600969344093277</K2>
    <MAXBAS>1.004975356416342</MAXBAS>
    <Cet>0</Cet>
    <PCALT>10</PCALT>
    <TCALT>0.6</TCALT>
    <Pelev>3165</Pelev>
    <Telev>3224</Telev>
    <PART>0.5</PART>
    <DELAY>1</DELAY>
  </CatchmentParameters>
  <VegetationZone>
    <VegetationZoneParameters>
      <TT>-0.45600104828651278</TT>
      <CFMAX>2.8119895468083964</CFMAX>
      <SP>0</SP>
      <SFCF>0.98361402284620025</SFCF>
      <CFR>0.099999568767350611</CFR>
      <CWH>0.10000042048323696</CWH>
      <CFGlacier>1</CFGlacier>
      <CFSlope>1</CFSlope>
      <FC>682.13721560582746</FC>
      <LP>0.74221075073317144</LP>
      <BETA>4.3204647098301967</BETA>
    </VegetationZoneParameters>
  </VegetationZone>
  <SubCatchment>
    <SubCatchmentParameters>
      <KSI>0.001</KSI>
      <KGmin>0.05</KGmin>
      <RangeKG>0.1</RangeKG>
      <AG>0.1</AG>
      <PERC>5.2829220867144429</PERC>
      <Alpha>0</Alpha>
      <UZL>146.42159600526364</UZL>
      <K0>0.30060520352540576</K0>
      <K1>0.088179296238271448</K1>
      <K2>0.12600969344093277</K2>
      <MAXBAS>1.004975356416342</MAXBAS>
      <Cet>0</Cet>
      <PCALT>10</PCALT>
      <TCALT>0.6</TCALT>
      <Pelev>3165</Pelev>
      <Telev>3224</Telev>
      <PART>0.5</PART>
      <DELAY>1</DELAY>
    </SubCatchmentParameters>
    <SubCatchmentVegetationZone>
      <SubCatchmentVegetationZoneParameters>
        <TT>-0.45600104828651278</TT>
        <CFMAX>2.8119895468083964</CFMAX>
        <SP>0</SP>
        <SFCF>0.98361402284620025</SFCF>
        <CFR>0.099999568767350611</CFR>
        <CWH>0.10000042048323696</CWH>
        <CFGlacier>1</CFGlacier>
        <CFSlope>1</CFSlope>
        <FC>682.13721560582746</FC>
        <LP>0.74221075073317144</LP>
        <BETA>4.3204647098301967</BETA>
      </SubCatchmentVegetationZoneParameters>
    </SubCatchmentVegetationZone>
  </SubCatchment>
</Catchment>