<?xml version="1.0" encoding="utf-8"?>
<Catchment xmlns:xsi="http://www.w3.org/2001/XMLSchema-instance" xmlns:xsd="http://www.w3.org/2001/XMLSchema">
  <CatchmentParameters>
    <KSI>0.001</KSI>
    <KGmin>0.05</KGmin>
    <RangeKG>0.1</RangeKG>
    <AG>0.1</AG>
    <PERC>0.26798583169621715</PERC>
    <Alpha>0</Alpha>
    <UZL>145.45109063009394</UZL>
    <K0>0.547719082436722</K0>
    <K1>0.110180121863668</K1>
    <K2>0.01000000730092363</K2>
    <MAXBAS>1</MAXBAS>
    <Cet>0</Cet>
    <PCALT>10</PCALT>
    <TCALT>0.6</TCALT>
    <Pelev>3165</Pelev>
    <Telev>3224</Telev>
    <PART>0.5</PART>
    <DELAY>1</DELAY>
  </CatchmentParameters>
  <VegetationZone>
    <VegetationZoneParameters>
      <TT>-0.47506883135381284</TT>
      <CFMAX>3.0161895007823336</CFMAX>
      <SP>0</SP>
      <SFCF>1.0744261648869258</SFCF>
      <CFR>0.099999894271657466</CFR>
      <CWH>0.11840519830440975</CWH>
      <CFGlacier>1</CFGlacier>
      <CFSlope>1</CFSlope>
      <FC>1200.3424883145603</FC>
      <LP>0.82013915387907588</LP>
      <BETA>3.0480196311485339</BETA>
    </VegetationZoneParameters>
  </VegetationZone>
  <SubCatchment>
    <SubCatchmentParameters>
      <KSI>0.001</KSI>
      <KGmin>0.05</KGmin>
      <RangeKG>0.1</RangeKG>
      <AG>0.1</AG>
      <PERC>0.26798583169621715</PERC>
      <Alpha>0</Alpha>
      <UZL>145.45109063009394</UZL>
      <K0>0.547719082436722</K0>
      <K1>0.110180121863668</K1>
      <K2>0.01000000730092363</K2>
      <MAXBAS>1</MAXBAS>
      <Cet>0</Cet>
      <PCALT>10</PCALT>
      <TCALT>0.6</TCALT>
      <Pelev>3165</Pelev>
      <Telev>3224</Telev>
      <PART>0.5</PART>
      <DELAY>1</DELAY>
    </SubCatchmentParameters>
    <SubCatchmentVegetationZone>
      <SubCatchmentVegetationZoneParameters>
        <TT>-0.47506883135381284</TT>
        <CFMAX>3.0161895007823336</CFMAX>
        <SP>0</SP>
        <SFCF>1.0744261648869258</SFCF>
        <CFR>0.099999894271657466</CFR>
        <CWH>0.11840519830440975</CWH>
        <CFGlacier>1</CFGlacier>
        <CFSlope>1</CFSlope>
        <FC>1200.3424883145603</FC>
        <LP>0.82013915387907588</LP>
        <BETA>3.0480196311485339</BETA>
      </SubCatchmentVegetationZoneParameters>
    </SubCatchmentVegetationZone>
  </SubCatchment>
</Catchment>