<?xml version="1.0" encoding="utf-8"?>
<Catchment xmlns:xsi="http://www.w3.org/2001/XMLSchema-instance" xmlns:xsd="http://www.w3.org/2001/XMLSchema">
  <CatchmentParameters>
    <KSI>0.001</KSI>
    <KGmin>0.05</KGmin>
    <RangeKG>0.1</RangeKG>
    <AG>0.1</AG>
    <PERC>9.9999143087719577</PERC>
    <Alpha>0</Alpha>
    <UZL>174.58577867907454</UZL>
    <K0>0.50764576945693</K0>
    <K1>0.14064885374408093</K1>
    <K2>0.091774958305359408</K2>
    <MAXBAS>1.0001246534956017</MAXBAS>
    <Cet>0</Cet>
    <PCALT>10</PCALT>
    <TCALT>0.6</TCALT>
    <Pelev>3165</Pelev>
    <Telev>3224</Telev>
    <PART>0.5</PART>
    <DELAY>1</DELAY>
  </CatchmentParameters>
  <VegetationZone>
    <VegetationZoneParameters>
      <TT>-0.21471474477852934</TT>
      <CFMAX>2.1071800129910594</CFMAX>
      <SP>0</SP>
      <SFCF>0.7200807838234301</SFCF>
      <CFR>0.099999488916296661</CFR>
      <CWH>0.17076547770173703</CWH>
      <CFGlacier>1</CFGlacier>
      <CFSlope>1</CFSlope>
      <FC>357.8348050737564</FC>
      <LP>0.94232031271746786</LP>
      <BETA>5.1591186888864158</BETA>
    </VegetationZoneParameters>
  </VegetationZone>
  <SubCatchment>
    <SubCatchmentParameters>
      <KSI>0.001</KSI>
      <KGmin>0.05</KGmin>
      <RangeKG>0.1</RangeKG>
      <AG>0.1</AG>
      <PERC>9.9999143087719577</PERC>
      <Alpha>0</Alpha>
      <UZL>174.58577867907454</UZL>
      <K0>0.50764576945693</K0>
      <K1>0.14064885374408093</K1>
      <K2>0.091774958305359408</K2>
      <MAXBAS>1.0001246534956017</MAXBAS>
      <Cet>0</Cet>
      <PCALT>10</PCALT>
      <TCALT>0.6</TCALT>
      <Pelev>3165</Pelev>
      <Telev>3224</Telev>
      <PART>0.5</PART>
      <DELAY>1</DELAY>
    </SubCatchmentParameters>
    <SubCatchmentVegetationZone>
      <SubCatchmentVegetationZoneParameters>
        <TT>-0.21471474477852934</TT>
        <CFMAX>2.1071800129910594</CFMAX>
        <SP>0</SP>
        <SFCF>0.7200807838234301</SFCF>
        <CFR>0.099999488916296661</CFR>
        <CWH>0.17076547770173703</CWH>
        <CFGlacier>1</CFGlacier>
        <CFSlope>1</CFSlope>
        <FC>357.8348050737564</FC>
        <LP>0.94232031271746786</LP>
        <BETA>5.1591186888864158</BETA>
      </SubCatchmentVegetationZoneParameters>
    </SubCatchmentVegetationZone>
  </SubCatchment>
</Catchment>