<?xml version="1.0" encoding="utf-8"?>
<Catchment xmlns:xsi="http://www.w3.org/2001/XMLSchema-instance" xmlns:xsd="http://www.w3.org/2001/XMLSchema">
  <CatchmentParameters>
    <KSI>0.001</KSI>
    <KGmin>0.05</KGmin>
    <RangeKG>0.1</RangeKG>
    <AG>0.1</AG>
    <PERC>0.25273309477903683</PERC>
    <Alpha>0</Alpha>
    <UZL>139.41601876368736</UZL>
    <K0>0.4335621711481662</K0>
    <K1>0.10520322414035759</K1>
    <K2>0.010342945267902394</K2>
    <MAXBAS>1</MAXBAS>
    <Cet>0</Cet>
    <PCALT>10</PCALT>
    <TCALT>0.6</TCALT>
    <Pelev>3165</Pelev>
    <Telev>3224</Telev>
    <PART>0.5</PART>
    <DELAY>1</DELAY>
  </CatchmentParameters>
  <VegetationZone>
    <VegetationZoneParameters>
      <TT>-0.15605074379012035</TT>
      <CFMAX>3.1536384770889612</CFMAX>
      <SP>0</SP>
      <SFCF>0.97807435678450094</SFCF>
      <CFR>0.09999943138158543</CFR>
      <CWH>0.19999913740267108</CWH>
      <CFGlacier>1</CFGlacier>
      <CFSlope>1</CFSlope>
      <FC>897.42194887889048</FC>
      <LP>0.69070764608529156</LP>
      <BETA>1.6326807971692</BETA>
    </VegetationZoneParameters>
  </VegetationZone>
  <SubCatchment>
    <SubCatchmentParameters>
      <KSI>0.001</KSI>
      <KGmin>0.05</KGmin>
      <RangeKG>0.1</RangeKG>
      <AG>0.1</AG>
      <PERC>0.25273309477903683</PERC>
      <Alpha>0</Alpha>
      <UZL>139.41601876368736</UZL>
      <K0>0.4335621711481662</K0>
      <K1>0.10520322414035759</K1>
      <K2>0.010342945267902394</K2>
      <MAXBAS>1</MAXBAS>
      <Cet>0</Cet>
      <PCALT>10</PCALT>
      <TCALT>0.6</TCALT>
      <Pelev>3165</Pelev>
      <Telev>3224</Telev>
      <PART>0.5</PART>
      <DELAY>1</DELAY>
    </SubCatchmentParameters>
    <SubCatchmentVegetationZone>
      <SubCatchmentVegetationZoneParameters>
        <TT>-0.15605074379012035</TT>
        <CFMAX>3.1536384770889612</CFMAX>
        <SP>0</SP>
        <SFCF>0.97807435678450094</SFCF>
        <CFR>0.09999943138158543</CFR>
        <CWH>0.19999913740267108</CWH>
        <CFGlacier>1</CFGlacier>
        <CFSlope>1</CFSlope>
        <FC>897.42194887889048</FC>
        <LP>0.69070764608529156</LP>
        <BETA>1.6326807971692</BETA>
      </SubCatchmentVegetationZoneParameters>
    </SubCatchmentVegetationZone>
  </SubCatchment>
</Catchment>