<?xml version="1.0" encoding="utf-8"?>
<Catchment xmlns:xsi="http://www.w3.org/2001/XMLSchema-instance" xmlns:xsd="http://www.w3.org/2001/XMLSchema">
  <CatchmentParameters>
    <KSI>0.001</KSI>
    <KGmin>0.05</KGmin>
    <RangeKG>0.1</RangeKG>
    <AG>0.1</AG>
    <PERC>0.28713152474476056</PERC>
    <Alpha>0</Alpha>
    <UZL>146.25259007904478</UZL>
    <K0>0.53449772425239728</K0>
    <K1>0.10702396027788902</K1>
    <K2>0.010000001278264715</K2>
    <MAXBAS>1</MAXBAS>
    <Cet>0</Cet>
    <PCALT>10</PCALT>
    <TCALT>0.6</TCALT>
    <Pelev>3165</Pelev>
    <Telev>3224</Telev>
    <PART>0.5</PART>
    <DELAY>1</DELAY>
  </CatchmentParameters>
  <VegetationZone>
    <VegetationZoneParameters>
      <TT>-1.0813124352548242</TT>
      <CFMAX>2.8735771735522415</CFMAX>
      <SP>0</SP>
      <SFCF>1.1930079250791508</SFCF>
      <CFR>0.0999993420461815</CFR>
      <CWH>0.10000091807936404</CWH>
      <CFGlacier>1</CFGlacier>
      <CFSlope>1</CFSlope>
      <FC>1283.0507467678208</FC>
      <LP>0.72712180593593667</LP>
      <BETA>3.5330114605855325</BETA>
    </VegetationZoneParameters>
  </VegetationZone>
  <SubCatchment>
    <SubCatchmentParameters>
      <KSI>0.001</KSI>
      <KGmin>0.05</KGmin>
      <RangeKG>0.1</RangeKG>
      <AG>0.1</AG>
      <PERC>0.28713152474476056</PERC>
      <Alpha>0</Alpha>
      <UZL>146.25259007904478</UZL>
      <K0>0.53449772425239728</K0>
      <K1>0.10702396027788902</K1>
      <K2>0.010000001278264715</K2>
      <MAXBAS>1</MAXBAS>
      <Cet>0</Cet>
      <PCALT>10</PCALT>
      <TCALT>0.6</TCALT>
      <Pelev>3165</Pelev>
      <Telev>3224</Telev>
      <PART>0.5</PART>
      <DELAY>1</DELAY>
    </SubCatchmentParameters>
    <SubCatchmentVegetationZone>
      <SubCatchmentVegetationZoneParameters>
        <TT>-1.0813124352548242</TT>
        <CFMAX>2.8735771735522415</CFMAX>
        <SP>0</SP>
        <SFCF>1.1930079250791508</SFCF>
        <CFR>0.0999993420461815</CFR>
        <CWH>0.10000091807936404</CWH>
        <CFGlacier>1</CFGlacier>
        <CFSlope>1</CFSlope>
        <FC>1283.0507467678208</FC>
        <LP>0.72712180593593667</LP>
        <BETA>3.5330114605855325</BETA>
      </SubCatchmentVegetationZoneParameters>
    </SubCatchmentVegetationZone>
  </SubCatchment>
</Catchment>