<?xml version="1.0" encoding="utf-8"?>
<Catchment xmlns:xsi="http://www.w3.org/2001/XMLSchema-instance" xmlns:xsd="http://www.w3.org/2001/XMLSchema">
  <CatchmentParameters>
    <KSI>0.001</KSI>
    <KGmin>0.05</KGmin>
    <RangeKG>0.1</RangeKG>
    <AG>0.1</AG>
    <PERC>5.8638951197208327</PERC>
    <Alpha>0</Alpha>
    <UZL>122.90296559773725</UZL>
    <K0>0.58847633070655292</K0>
    <K1>0.085047887327210525</K1>
    <K2>0.12000060856959229</K2>
    <MAXBAS>1.00497003496171</MAXBAS>
    <Cet>0</Cet>
    <PCALT>10</PCALT>
    <TCALT>0.6</TCALT>
    <Pelev>3165</Pelev>
    <Telev>3224</Telev>
    <PART>0.5</PART>
    <DELAY>1</DELAY>
  </CatchmentParameters>
  <VegetationZone>
    <VegetationZoneParameters>
      <TT>0.74184867600508719</TT>
      <CFMAX>3.3224510054818612</CFMAX>
      <SP>0</SP>
      <SFCF>0.80308475221412445</SFCF>
      <CFR>0.067727389554378792</CFR>
      <CWH>0.10000096405266211</CWH>
      <CFGlacier>1</CFGlacier>
      <CFSlope>1</CFSlope>
      <FC>463.56660491616435</FC>
      <LP>0.88509647867918939</LP>
      <BETA>3.877945783227271</BETA>
    </VegetationZoneParameters>
  </VegetationZone>
  <SubCatchment>
    <SubCatchmentParameters>
      <KSI>0.001</KSI>
      <KGmin>0.05</KGmin>
      <RangeKG>0.1</RangeKG>
      <AG>0.1</AG>
      <PERC>5.8638951197208327</PERC>
      <Alpha>0</Alpha>
      <UZL>122.90296559773725</UZL>
      <K0>0.58847633070655292</K0>
      <K1>0.085047887327210525</K1>
      <K2>0.12000060856959229</K2>
      <MAXBAS>1.00497003496171</MAXBAS>
      <Cet>0</Cet>
      <PCALT>10</PCALT>
      <TCALT>0.6</TCALT>
      <Pelev>3165</Pelev>
      <Telev>3224</Telev>
      <PART>0.5</PART>
      <DELAY>1</DELAY>
    </SubCatchmentParameters>
    <SubCatchmentVegetationZone>
      <SubCatchmentVegetationZoneParameters>
        <TT>0.74184867600508719</TT>
        <CFMAX>3.3224510054818612</CFMAX>
        <SP>0</SP>
        <SFCF>0.80308475221412445</SFCF>
        <CFR>0.067727389554378792</CFR>
        <CWH>0.10000096405266211</CWH>
        <CFGlacier>1</CFGlacier>
        <CFSlope>1</CFSlope>
        <FC>463.56660491616435</FC>
        <LP>0.88509647867918939</LP>
        <BETA>3.877945783227271</BETA>
      </SubCatchmentVegetationZoneParameters>
    </SubCatchmentVegetationZone>
  </SubCatchment>
</Catchment>