<?xml version="1.0" encoding="utf-8"?>
<Catchment xmlns:xsi="http://www.w3.org/2001/XMLSchema-instance" xmlns:xsd="http://www.w3.org/2001/XMLSchema">
  <CatchmentParameters>
    <KSI>0.001</KSI>
    <KGmin>0.05</KGmin>
    <RangeKG>0.1</RangeKG>
    <AG>0.1</AG>
    <PERC>7.3287486422738981</PERC>
    <Alpha>0</Alpha>
    <UZL>148.53479947034742</UZL>
    <K0>0.67272754739483753</K0>
    <K1>0.085104041784178852</K1>
    <K2>0.11120601852766887</K2>
    <MAXBAS>1.0048419340438635</MAXBAS>
    <Cet>0</Cet>
    <PCALT>10</PCALT>
    <TCALT>0.6</TCALT>
    <Pelev>3165</Pelev>
    <Telev>3224</Telev>
    <PART>0.5</PART>
    <DELAY>1</DELAY>
  </CatchmentParameters>
  <VegetationZone>
    <VegetationZoneParameters>
      <TT>1.4027457758811059</TT>
      <CFMAX>3.7973318845834125</CFMAX>
      <SP>0</SP>
      <SFCF>0.7559498391859576</SFCF>
      <CFR>0.036743370061506075</CFR>
      <CWH>0.10000001809420918</CWH>
      <CFGlacier>1</CFGlacier>
      <CFSlope>1</CFSlope>
      <FC>429.07894107121052</FC>
      <LP>0.98793059509064</LP>
      <BETA>3.6838023520637151</BETA>
    </VegetationZoneParameters>
  </VegetationZone>
  <SubCatchment>
    <SubCatchmentParameters>
      <KSI>0.001</KSI>
      <KGmin>0.05</KGmin>
      <RangeKG>0.1</RangeKG>
      <AG>0.1</AG>
      <PERC>7.3287486422738981</PERC>
      <Alpha>0</Alpha>
      <UZL>148.53479947034742</UZL>
      <K0>0.67272754739483753</K0>
      <K1>0.085104041784178852</K1>
      <K2>0.11120601852766887</K2>
      <MAXBAS>1.0048419340438635</MAXBAS>
      <Cet>0</Cet>
      <PCALT>10</PCALT>
      <TCALT>0.6</TCALT>
      <Pelev>3165</Pelev>
      <Telev>3224</Telev>
      <PART>0.5</PART>
      <DELAY>1</DELAY>
    </SubCatchmentParameters>
    <SubCatchmentVegetationZone>
      <SubCatchmentVegetationZoneParameters>
        <TT>1.4027457758811059</TT>
        <CFMAX>3.7973318845834125</CFMAX>
        <SP>0</SP>
        <SFCF>0.7559498391859576</SFCF>
        <CFR>0.036743370061506075</CFR>
        <CWH>0.10000001809420918</CWH>
        <CFGlacier>1</CFGlacier>
        <CFSlope>1</CFSlope>
        <FC>429.07894107121052</FC>
        <LP>0.98793059509064</LP>
        <BETA>3.6838023520637151</BETA>
      </SubCatchmentVegetationZoneParameters>
    </SubCatchmentVegetationZone>
  </SubCatchment>
</Catchment>