<?xml version="1.0" encoding="utf-8"?>
<Catchment xmlns:xsi="http://www.w3.org/2001/XMLSchema-instance" xmlns:xsd="http://www.w3.org/2001/XMLSchema">
  <CatchmentParameters>
    <KSI>0.001</KSI>
    <KGmin>0.05</KGmin>
    <RangeKG>0.1</RangeKG>
    <AG>0.1</AG>
    <PERC>4.96004730265265</PERC>
    <Alpha>0</Alpha>
    <UZL>187.82432504527944</UZL>
    <K0>0.38496566552414146</K0>
    <K1>0.09533664423675374</K1>
    <K2>0.13877697316450482</K2>
    <MAXBAS>1.0002789908888869</MAXBAS>
    <Cet>0</Cet>
    <PCALT>10</PCALT>
    <TCALT>0.6</TCALT>
    <Pelev>3165</Pelev>
    <Telev>3224</Telev>
    <PART>0.5</PART>
    <DELAY>1</DELAY>
  </CatchmentParameters>
  <VegetationZone>
    <VegetationZoneParameters>
      <TT>-0.770095209728751</TT>
      <CFMAX>1.9307488687149446</CFMAX>
      <SP>0</SP>
      <SFCF>0.80638098710493</SFCF>
      <CFR>0.099999999890559368</CFR>
      <CWH>0.17435651989244921</CWH>
      <CFGlacier>1</CFGlacier>
      <CFSlope>1</CFSlope>
      <FC>464.56817068941365</FC>
      <LP>0.82408056508870164</LP>
      <BETA>5.9926277841189712</BETA>
    </VegetationZoneParameters>
  </VegetationZone>
  <SubCatchment>
    <SubCatchmentParameters>
      <KSI>0.001</KSI>
      <KGmin>0.05</KGmin>
      <RangeKG>0.1</RangeKG>
      <AG>0.1</AG>
      <PERC>4.96004730265265</PERC>
      <Alpha>0</Alpha>
      <UZL>187.82432504527944</UZL>
      <K0>0.38496566552414146</K0>
      <K1>0.09533664423675374</K1>
      <K2>0.13877697316450482</K2>
      <MAXBAS>1.0002789908888869</MAXBAS>
      <Cet>0</Cet>
      <PCALT>10</PCALT>
      <TCALT>0.6</TCALT>
      <Pelev>3165</Pelev>
      <Telev>3224</Telev>
      <PART>0.5</PART>
      <DELAY>1</DELAY>
    </SubCatchmentParameters>
    <SubCatchmentVegetationZone>
      <SubCatchmentVegetationZoneParameters>
        <TT>-0.770095209728751</TT>
        <CFMAX>1.9307488687149446</CFMAX>
        <SP>0</SP>
        <SFCF>0.80638098710493</SFCF>
        <CFR>0.099999999890559368</CFR>
        <CWH>0.17435651989244921</CWH>
        <CFGlacier>1</CFGlacier>
        <CFSlope>1</CFSlope>
        <FC>464.56817068941365</FC>
        <LP>0.82408056508870164</LP>
        <BETA>5.9926277841189712</BETA>
      </SubCatchmentVegetationZoneParameters>
    </SubCatchmentVegetationZone>
  </SubCatchment>
</Catchment>