<?xml version="1.0" encoding="utf-8"?>
<Catchment xmlns:xsi="http://www.w3.org/2001/XMLSchema-instance" xmlns:xsd="http://www.w3.org/2001/XMLSchema">
  <CatchmentParameters>
    <KSI>0.001</KSI>
    <KGmin>0.05</KGmin>
    <RangeKG>0.1</RangeKG>
    <AG>0.1</AG>
    <PERC>9.9994518760077415</PERC>
    <Alpha>0</Alpha>
    <UZL>144.41126613924791</UZL>
    <K0>0.5109530304421338</K0>
    <K1>0.10443443044201904</K1>
    <K2>0.094322411754356322</K2>
    <MAXBAS>1.0000036253596092</MAXBAS>
    <Cet>0</Cet>
    <PCALT>10</PCALT>
    <TCALT>0.6</TCALT>
    <Pelev>3165</Pelev>
    <Telev>3224</Telev>
    <PART>0.5</PART>
    <DELAY>1</DELAY>
  </CatchmentParameters>
  <VegetationZone>
    <VegetationZoneParameters>
      <TT>1.0879834192998328</TT>
      <CFMAX>2.8533875343399462</CFMAX>
      <SP>0</SP>
      <SFCF>0.64840217981551307</SFCF>
      <CFR>0.053878806143297049</CFR>
      <CWH>0.15830963904242762</CWH>
      <CFGlacier>1</CFGlacier>
      <CFSlope>1</CFSlope>
      <FC>262.60230760884258</FC>
      <LP>0.99998807462043038</LP>
      <BETA>4.58393848796993</BETA>
    </VegetationZoneParameters>
  </VegetationZone>
  <SubCatchment>
    <SubCatchmentParameters>
      <KSI>0.001</KSI>
      <KGmin>0.05</KGmin>
      <RangeKG>0.1</RangeKG>
      <AG>0.1</AG>
      <PERC>9.9994518760077415</PERC>
      <Alpha>0</Alpha>
      <UZL>144.41126613924791</UZL>
      <K0>0.5109530304421338</K0>
      <K1>0.10443443044201904</K1>
      <K2>0.094322411754356322</K2>
      <MAXBAS>1.0000036253596092</MAXBAS>
      <Cet>0</Cet>
      <PCALT>10</PCALT>
      <TCALT>0.6</TCALT>
      <Pelev>3165</Pelev>
      <Telev>3224</Telev>
      <PART>0.5</PART>
      <DELAY>1</DELAY>
    </SubCatchmentParameters>
    <SubCatchmentVegetationZone>
      <SubCatchmentVegetationZoneParameters>
        <TT>1.0879834192998328</TT>
        <CFMAX>2.8533875343399462</CFMAX>
        <SP>0</SP>
        <SFCF>0.64840217981551307</SFCF>
        <CFR>0.053878806143297049</CFR>
        <CWH>0.15830963904242762</CWH>
        <CFGlacier>1</CFGlacier>
        <CFSlope>1</CFSlope>
        <FC>262.60230760884258</FC>
        <LP>0.99998807462043038</LP>
        <BETA>4.58393848796993</BETA>
      </SubCatchmentVegetationZoneParameters>
    </SubCatchmentVegetationZone>
  </SubCatchment>
</Catchment>