<?xml version="1.0" encoding="utf-8"?>
<Catchment xmlns:xsi="http://www.w3.org/2001/XMLSchema-instance" xmlns:xsd="http://www.w3.org/2001/XMLSchema">
  <CatchmentParameters>
    <KSI>0.001</KSI>
    <KGmin>0.05</KGmin>
    <RangeKG>0.1</RangeKG>
    <AG>0.1</AG>
    <PERC>7.60647828000257</PERC>
    <Alpha>0</Alpha>
    <UZL>126.00155771749117</UZL>
    <K0>0.67063782097217017</K0>
    <K1>0.088516183359694814</K1>
    <K2>0.11670900953907989</K2>
    <MAXBAS>1.000080245914853</MAXBAS>
    <Cet>0</Cet>
    <PCALT>10</PCALT>
    <TCALT>0.6</TCALT>
    <Pelev>3165</Pelev>
    <Telev>3224</Telev>
    <PART>0.5</PART>
    <DELAY>1</DELAY>
  </CatchmentParameters>
  <VegetationZone>
    <VegetationZoneParameters>
      <TT>1.4039984162533836</TT>
      <CFMAX>3.4602505245207675</CFMAX>
      <SP>0</SP>
      <SFCF>0.71165856042460951</SFCF>
      <CFR>0.038249433936868985</CFR>
      <CWH>0.10000027829904787</CWH>
      <CFGlacier>1</CFGlacier>
      <CFSlope>1</CFSlope>
      <FC>371.83676180056949</FC>
      <LP>0.99999851973511122</LP>
      <BETA>4.0409683239063723</BETA>
    </VegetationZoneParameters>
  </VegetationZone>
  <SubCatchment>
    <SubCatchmentParameters>
      <KSI>0.001</KSI>
      <KGmin>0.05</KGmin>
      <RangeKG>0.1</RangeKG>
      <AG>0.1</AG>
      <PERC>7.60647828000257</PERC>
      <Alpha>0</Alpha>
      <UZL>126.00155771749117</UZL>
      <K0>0.67063782097217017</K0>
      <K1>0.088516183359694814</K1>
      <K2>0.11670900953907989</K2>
      <MAXBAS>1.000080245914853</MAXBAS>
      <Cet>0</Cet>
      <PCALT>10</PCALT>
      <TCALT>0.6</TCALT>
      <Pelev>3165</Pelev>
      <Telev>3224</Telev>
      <PART>0.5</PART>
      <DELAY>1</DELAY>
    </SubCatchmentParameters>
    <SubCatchmentVegetationZone>
      <SubCatchmentVegetationZoneParameters>
        <TT>1.4039984162533836</TT>
        <CFMAX>3.4602505245207675</CFMAX>
        <SP>0</SP>
        <SFCF>0.71165856042460951</SFCF>
        <CFR>0.038249433936868985</CFR>
        <CWH>0.10000027829904787</CWH>
        <CFGlacier>1</CFGlacier>
        <CFSlope>1</CFSlope>
        <FC>371.83676180056949</FC>
        <LP>0.99999851973511122</LP>
        <BETA>4.0409683239063723</BETA>
      </SubCatchmentVegetationZoneParameters>
    </SubCatchmentVegetationZone>
  </SubCatchment>
</Catchment>