<?xml version="1.0" encoding="utf-8"?>
<Catchment xmlns:xsi="http://www.w3.org/2001/XMLSchema-instance" xmlns:xsd="http://www.w3.org/2001/XMLSchema">
  <CatchmentParameters>
    <KSI>0.001</KSI>
    <KGmin>0.05</KGmin>
    <RangeKG>0.1</RangeKG>
    <AG>0.1</AG>
    <PERC>6.9922454972601331</PERC>
    <Alpha>0</Alpha>
    <UZL>183.52143028940645</UZL>
    <K0>0.55119227182062869</K0>
    <K1>0.08650204523596576</K1>
    <K2>0.12404341786016356</K2>
    <MAXBAS>1.0001366044106645</MAXBAS>
    <Cet>0</Cet>
    <PCALT>10</PCALT>
    <TCALT>0.6</TCALT>
    <Pelev>3165</Pelev>
    <Telev>3224</Telev>
    <PART>0.5</PART>
    <DELAY>1</DELAY>
  </CatchmentParameters>
  <VegetationZone>
    <VegetationZoneParameters>
      <TT>1.2928847791632905</TT>
      <CFMAX>3.6732926744751286</CFMAX>
      <SP>0</SP>
      <SFCF>0.762986919055647</SFCF>
      <CFR>0.041428793225599454</CFR>
      <CWH>0.10000028390000051</CWH>
      <CFGlacier>1</CFGlacier>
      <CFSlope>1</CFSlope>
      <FC>466.182708745027</FC>
      <LP>0.99999577645836679</LP>
      <BETA>3.8492011634364647</BETA>
    </VegetationZoneParameters>
  </VegetationZone>
  <SubCatchment>
    <SubCatchmentParameters>
      <KSI>0.001</KSI>
      <KGmin>0.05</KGmin>
      <RangeKG>0.1</RangeKG>
      <AG>0.1</AG>
      <PERC>6.9922454972601331</PERC>
      <Alpha>0</Alpha>
      <UZL>183.52143028940645</UZL>
      <K0>0.55119227182062869</K0>
      <K1>0.08650204523596576</K1>
      <K2>0.12404341786016356</K2>
      <MAXBAS>1.0001366044106645</MAXBAS>
      <Cet>0</Cet>
      <PCALT>10</PCALT>
      <TCALT>0.6</TCALT>
      <Pelev>3165</Pelev>
      <Telev>3224</Telev>
      <PART>0.5</PART>
      <DELAY>1</DELAY>
    </SubCatchmentParameters>
    <SubCatchmentVegetationZone>
      <SubCatchmentVegetationZoneParameters>
        <TT>1.2928847791632905</TT>
        <CFMAX>3.6732926744751286</CFMAX>
        <SP>0</SP>
        <SFCF>0.762986919055647</SFCF>
        <CFR>0.041428793225599454</CFR>
        <CWH>0.10000028390000051</CWH>
        <CFGlacier>1</CFGlacier>
        <CFSlope>1</CFSlope>
        <FC>466.182708745027</FC>
        <LP>0.99999577645836679</LP>
        <BETA>3.8492011634364647</BETA>
      </SubCatchmentVegetationZoneParameters>
    </SubCatchmentVegetationZone>
  </SubCatchment>
</Catchment>