<?xml version="1.0" encoding="utf-8"?>
<Catchment xmlns:xsi="http://www.w3.org/2001/XMLSchema-instance" xmlns:xsd="http://www.w3.org/2001/XMLSchema">
  <CatchmentParameters>
    <KSI>0.001</KSI>
    <KGmin>0.05</KGmin>
    <RangeKG>0.1</RangeKG>
    <AG>0.1</AG>
    <PERC>0.27024291379038545</PERC>
    <Alpha>0</Alpha>
    <UZL>129.42624982084698</UZL>
    <K0>0.904278944655496</K0>
    <K1>0.12106241135418074</K1>
    <K2>0.01000000833193627</K2>
    <MAXBAS>1</MAXBAS>
    <Cet>0</Cet>
    <PCALT>10</PCALT>
    <TCALT>0.6</TCALT>
    <Pelev>3165</Pelev>
    <Telev>3224</Telev>
    <PART>0.5</PART>
    <DELAY>1</DELAY>
  </CatchmentParameters>
  <VegetationZone>
    <VegetationZoneParameters>
      <TT>-0.27866104755214544</TT>
      <CFMAX>3.1932135969798412</CFMAX>
      <SP>0</SP>
      <SFCF>1.072797899836121</SFCF>
      <CFR>0.099998984589811421</CFR>
      <CWH>0.1124863040834401</CWH>
      <CFGlacier>1</CFGlacier>
      <CFSlope>1</CFSlope>
      <FC>1178.4813437356497</FC>
      <LP>0.72931989716904821</LP>
      <BETA>2.30581241478246</BETA>
    </VegetationZoneParameters>
  </VegetationZone>
  <SubCatchment>
    <SubCatchmentParameters>
      <KSI>0.001</KSI>
      <KGmin>0.05</KGmin>
      <RangeKG>0.1</RangeKG>
      <AG>0.1</AG>
      <PERC>0.27024291379038545</PERC>
      <Alpha>0</Alpha>
      <UZL>129.42624982084698</UZL>
      <K0>0.904278944655496</K0>
      <K1>0.12106241135418074</K1>
      <K2>0.01000000833193627</K2>
      <MAXBAS>1</MAXBAS>
      <Cet>0</Cet>
      <PCALT>10</PCALT>
      <TCALT>0.6</TCALT>
      <Pelev>3165</Pelev>
      <Telev>3224</Telev>
      <PART>0.5</PART>
      <DELAY>1</DELAY>
    </SubCatchmentParameters>
    <SubCatchmentVegetationZone>
      <SubCatchmentVegetationZoneParameters>
        <TT>-0.27866104755214544</TT>
        <CFMAX>3.1932135969798412</CFMAX>
        <SP>0</SP>
        <SFCF>1.072797899836121</SFCF>
        <CFR>0.099998984589811421</CFR>
        <CWH>0.1124863040834401</CWH>
        <CFGlacier>1</CFGlacier>
        <CFSlope>1</CFSlope>
        <FC>1178.4813437356497</FC>
        <LP>0.72931989716904821</LP>
        <BETA>2.30581241478246</BETA>
      </SubCatchmentVegetationZoneParameters>
    </SubCatchmentVegetationZone>
  </SubCatchment>
</Catchment>