<?xml version="1.0" encoding="utf-8"?>
<Catchment xmlns:xsi="http://www.w3.org/2001/XMLSchema-instance" xmlns:xsd="http://www.w3.org/2001/XMLSchema">
  <CatchmentParameters>
    <KSI>0.001</KSI>
    <KGmin>0.05</KGmin>
    <RangeKG>0.1</RangeKG>
    <AG>0.1</AG>
    <PERC>9.9998719773829645</PERC>
    <Alpha>0</Alpha>
    <UZL>131.39447822136455</UZL>
    <K0>0.50725923079318214</K0>
    <K1>0.13062492183547764</K1>
    <K2>0.11469794128156688</K2>
    <MAXBAS>1.0000304714047921</MAXBAS>
    <Cet>0</Cet>
    <PCALT>10</PCALT>
    <TCALT>0.6</TCALT>
    <Pelev>3165</Pelev>
    <Telev>3224</Telev>
    <PART>0.5</PART>
    <DELAY>1</DELAY>
  </CatchmentParameters>
  <VegetationZone>
    <VegetationZoneParameters>
      <TT>-0.75651254222733932</TT>
      <CFMAX>1.945396654060751</CFMAX>
      <SP>0</SP>
      <SFCF>0.81898124676636508</SFCF>
      <CFR>0.099999686423667578</CFR>
      <CWH>0.1464538189480892</CWH>
      <CFGlacier>1</CFGlacier>
      <CFSlope>1</CFSlope>
      <FC>472.68465178474213</FC>
      <LP>0.8213252228255179</LP>
      <BETA>5.6804380442090165</BETA>
    </VegetationZoneParameters>
  </VegetationZone>
  <SubCatchment>
    <SubCatchmentParameters>
      <KSI>0.001</KSI>
      <KGmin>0.05</KGmin>
      <RangeKG>0.1</RangeKG>
      <AG>0.1</AG>
      <PERC>9.9998719773829645</PERC>
      <Alpha>0</Alpha>
      <UZL>131.39447822136455</UZL>
      <K0>0.50725923079318214</K0>
      <K1>0.13062492183547764</K1>
      <K2>0.11469794128156688</K2>
      <MAXBAS>1.0000304714047921</MAXBAS>
      <Cet>0</Cet>
      <PCALT>10</PCALT>
      <TCALT>0.6</TCALT>
      <Pelev>3165</Pelev>
      <Telev>3224</Telev>
      <PART>0.5</PART>
      <DELAY>1</DELAY>
    </SubCatchmentParameters>
    <SubCatchmentVegetationZone>
      <SubCatchmentVegetationZoneParameters>
        <TT>-0.75651254222733932</TT>
        <CFMAX>1.945396654060751</CFMAX>
        <SP>0</SP>
        <SFCF>0.81898124676636508</SFCF>
        <CFR>0.099999686423667578</CFR>
        <CWH>0.1464538189480892</CWH>
        <CFGlacier>1</CFGlacier>
        <CFSlope>1</CFSlope>
        <FC>472.68465178474213</FC>
        <LP>0.8213252228255179</LP>
        <BETA>5.6804380442090165</BETA>
      </SubCatchmentVegetationZoneParameters>
    </SubCatchmentVegetationZone>
  </SubCatchment>
</Catchment>