<?xml version="1.0" encoding="utf-8"?>
<Catchment xmlns:xsi="http://www.w3.org/2001/XMLSchema-instance" xmlns:xsd="http://www.w3.org/2001/XMLSchema">
  <CatchmentParameters>
    <KSI>0.001</KSI>
    <KGmin>0.05</KGmin>
    <RangeKG>0.1</RangeKG>
    <AG>0.1</AG>
    <PERC>6.5196925320024688</PERC>
    <Alpha>0</Alpha>
    <UZL>107.88593391914674</UZL>
    <K0>0.5893959321403055</K0>
    <K1>0.092863745601514336</K1>
    <K2>0.11959205139117864</K2>
    <MAXBAS>1.0001983874766631</MAXBAS>
    <Cet>0</Cet>
    <PCALT>10</PCALT>
    <TCALT>0.6</TCALT>
    <Pelev>3165</Pelev>
    <Telev>3224</Telev>
    <PART>0.5</PART>
    <DELAY>1</DELAY>
  </CatchmentParameters>
  <VegetationZone>
    <VegetationZoneParameters>
      <TT>0.74108394266121536</TT>
      <CFMAX>2.7907122212167228</CFMAX>
      <SP>0</SP>
      <SFCF>0.71153112462414192</SFCF>
      <CFR>0.070648338987426035</CFR>
      <CWH>0.1000034615313799</CWH>
      <CFGlacier>1</CFGlacier>
      <CFSlope>1</CFSlope>
      <FC>367.49494367875286</FC>
      <LP>0.99997903469602456</LP>
      <BETA>4.7028139855098754</BETA>
    </VegetationZoneParameters>
  </VegetationZone>
  <SubCatchment>
    <SubCatchmentParameters>
      <KSI>0.001</KSI>
      <KGmin>0.05</KGmin>
      <RangeKG>0.1</RangeKG>
      <AG>0.1</AG>
      <PERC>6.5196925320024688</PERC>
      <Alpha>0</Alpha>
      <UZL>107.88593391914674</UZL>
      <K0>0.5893959321403055</K0>
      <K1>0.092863745601514336</K1>
      <K2>0.11959205139117864</K2>
      <MAXBAS>1.0001983874766631</MAXBAS>
      <Cet>0</Cet>
      <PCALT>10</PCALT>
      <TCALT>0.6</TCALT>
      <Pelev>3165</Pelev>
      <Telev>3224</Telev>
      <PART>0.5</PART>
      <DELAY>1</DELAY>
    </SubCatchmentParameters>
    <SubCatchmentVegetationZone>
      <SubCatchmentVegetationZoneParameters>
        <TT>0.74108394266121536</TT>
        <CFMAX>2.7907122212167228</CFMAX>
        <SP>0</SP>
        <SFCF>0.71153112462414192</SFCF>
        <CFR>0.070648338987426035</CFR>
        <CWH>0.1000034615313799</CWH>
        <CFGlacier>1</CFGlacier>
        <CFSlope>1</CFSlope>
        <FC>367.49494367875286</FC>
        <LP>0.99997903469602456</LP>
        <BETA>4.7028139855098754</BETA>
      </SubCatchmentVegetationZoneParameters>
    </SubCatchmentVegetationZone>
  </SubCatchment>
</Catchment>