<?xml version="1.0" encoding="utf-8"?>
<Catchment xmlns:xsi="http://www.w3.org/2001/XMLSchema-instance" xmlns:xsd="http://www.w3.org/2001/XMLSchema">
  <CatchmentParameters>
    <KSI>0.001</KSI>
    <KGmin>0.05</KGmin>
    <RangeKG>0.1</RangeKG>
    <AG>0.1</AG>
    <PERC>7.6383330249373174</PERC>
    <Alpha>0</Alpha>
    <UZL>108.69540424465775</UZL>
    <K0>0.27107882583344994</K0>
    <K1>0.088770743699121274</K1>
    <K2>0.1139243568859513</K2>
    <MAXBAS>1.0000207256097045</MAXBAS>
    <Cet>0</Cet>
    <PCALT>10</PCALT>
    <TCALT>0.6</TCALT>
    <Pelev>3165</Pelev>
    <Telev>3224</Telev>
    <PART>0.5</PART>
    <DELAY>1</DELAY>
  </CatchmentParameters>
  <VegetationZone>
    <VegetationZoneParameters>
      <TT>1.4039979442385617</TT>
      <CFMAX>3.4747526528940096</CFMAX>
      <SP>0</SP>
      <SFCF>0.71458253619031509</SFCF>
      <CFR>0.038132860976237054</CFR>
      <CWH>0.10000059797453353</CWH>
      <CFGlacier>1</CFGlacier>
      <CFSlope>1</CFSlope>
      <FC>365.85827767683912</FC>
      <LP>0.99998814299941685</LP>
      <BETA>3.9532872711660931</BETA>
    </VegetationZoneParameters>
  </VegetationZone>
  <SubCatchment>
    <SubCatchmentParameters>
      <KSI>0.001</KSI>
      <KGmin>0.05</KGmin>
      <RangeKG>0.1</RangeKG>
      <AG>0.1</AG>
      <PERC>7.6383330249373174</PERC>
      <Alpha>0</Alpha>
      <UZL>108.69540424465775</UZL>
      <K0>0.27107882583344994</K0>
      <K1>0.088770743699121274</K1>
      <K2>0.1139243568859513</K2>
      <MAXBAS>1.0000207256097045</MAXBAS>
      <Cet>0</Cet>
      <PCALT>10</PCALT>
      <TCALT>0.6</TCALT>
      <Pelev>3165</Pelev>
      <Telev>3224</Telev>
      <PART>0.5</PART>
      <DELAY>1</DELAY>
    </SubCatchmentParameters>
    <SubCatchmentVegetationZone>
      <SubCatchmentVegetationZoneParameters>
        <TT>1.4039979442385617</TT>
        <CFMAX>3.4747526528940096</CFMAX>
        <SP>0</SP>
        <SFCF>0.71458253619031509</SFCF>
        <CFR>0.038132860976237054</CFR>
        <CWH>0.10000059797453353</CWH>
        <CFGlacier>1</CFGlacier>
        <CFSlope>1</CFSlope>
        <FC>365.85827767683912</FC>
        <LP>0.99998814299941685</LP>
        <BETA>3.9532872711660931</BETA>
      </SubCatchmentVegetationZoneParameters>
    </SubCatchmentVegetationZone>
  </SubCatchment>
</Catchment>