<?xml version="1.0" encoding="utf-8"?>
<Catchment xmlns:xsi="http://www.w3.org/2001/XMLSchema-instance" xmlns:xsd="http://www.w3.org/2001/XMLSchema">
  <CatchmentParameters>
    <KSI>0.001</KSI>
    <KGmin>0.05</KGmin>
    <RangeKG>0.1</RangeKG>
    <AG>0.1</AG>
    <PERC>7.6445217198802728</PERC>
    <Alpha>0</Alpha>
    <UZL>154.57026966308064</UZL>
    <K0>0.56121659114646083</K0>
    <K1>0.085163766794408666</K1>
    <K2>0.11354807041881108</K2>
    <MAXBAS>1.0000299456964992</MAXBAS>
    <Cet>0</Cet>
    <PCALT>10</PCALT>
    <TCALT>0.6</TCALT>
    <Pelev>3165</Pelev>
    <Telev>3224</Telev>
    <PART>0.5</PART>
    <DELAY>1</DELAY>
  </CatchmentParameters>
  <VegetationZone>
    <VegetationZoneParameters>
      <TT>1.4439947621985543</TT>
      <CFMAX>3.7353680972283168</CFMAX>
      <SP>0</SP>
      <SFCF>0.7361629743290351</SFCF>
      <CFR>0.035736528061947943</CFR>
      <CWH>0.10000021610856753</CWH>
      <CFGlacier>1</CFGlacier>
      <CFSlope>1</CFSlope>
      <FC>406.029384628754</FC>
      <LP>0.999994719188809</LP>
      <BETA>3.7850431576493531</BETA>
    </VegetationZoneParameters>
  </VegetationZone>
  <SubCatchment>
    <SubCatchmentParameters>
      <KSI>0.001</KSI>
      <KGmin>0.05</KGmin>
      <RangeKG>0.1</RangeKG>
      <AG>0.1</AG>
      <PERC>7.6445217198802728</PERC>
      <Alpha>0</Alpha>
      <UZL>154.57026966308064</UZL>
      <K0>0.56121659114646083</K0>
      <K1>0.085163766794408666</K1>
      <K2>0.11354807041881108</K2>
      <MAXBAS>1.0000299456964992</MAXBAS>
      <Cet>0</Cet>
      <PCALT>10</PCALT>
      <TCALT>0.6</TCALT>
      <Pelev>3165</Pelev>
      <Telev>3224</Telev>
      <PART>0.5</PART>
      <DELAY>1</DELAY>
    </SubCatchmentParameters>
    <SubCatchmentVegetationZone>
      <SubCatchmentVegetationZoneParameters>
        <TT>1.4439947621985543</TT>
        <CFMAX>3.7353680972283168</CFMAX>
        <SP>0</SP>
        <SFCF>0.7361629743290351</SFCF>
        <CFR>0.035736528061947943</CFR>
        <CWH>0.10000021610856753</CWH>
        <CFGlacier>1</CFGlacier>
        <CFSlope>1</CFSlope>
        <FC>406.029384628754</FC>
        <LP>0.999994719188809</LP>
        <BETA>3.7850431576493531</BETA>
      </SubCatchmentVegetationZoneParameters>
    </SubCatchmentVegetationZone>
  </SubCatchment>
</Catchment>