<?xml version="1.0" encoding="utf-8"?>
<Catchment xmlns:xsi="http://www.w3.org/2001/XMLSchema-instance" xmlns:xsd="http://www.w3.org/2001/XMLSchema">
  <CatchmentParameters>
    <KSI>0.001</KSI>
    <KGmin>0.05</KGmin>
    <RangeKG>0.1</RangeKG>
    <AG>0.1</AG>
    <PERC>0.27024106186210672</PERC>
    <Alpha>0</Alpha>
    <UZL>154.25828556134377</UZL>
    <K0>0.43841235076305674</K0>
    <K1>0.11832590093913624</K1>
    <K2>0.010093853188627355</K2>
    <MAXBAS>1</MAXBAS>
    <Cet>0</Cet>
    <PCALT>10</PCALT>
    <TCALT>0.6</TCALT>
    <Pelev>3165</Pelev>
    <Telev>3224</Telev>
    <PART>0.5</PART>
    <DELAY>1</DELAY>
  </CatchmentParameters>
  <VegetationZone>
    <VegetationZoneParameters>
      <TT>0.059952019973441385</TT>
      <CFMAX>3.1391621917992776</CFMAX>
      <SP>0</SP>
      <SFCF>0.94921925830828358</SFCF>
      <CFR>0.099999988028147579</CFR>
      <CWH>0.16344557713171543</CWH>
      <CFGlacier>1</CFGlacier>
      <CFSlope>1</CFSlope>
      <FC>804.43677207269457</FC>
      <LP>0.72204691324011139</LP>
      <BETA>1.726570888408834</BETA>
    </VegetationZoneParameters>
  </VegetationZone>
  <SubCatchment>
    <SubCatchmentParameters>
      <KSI>0.001</KSI>
      <KGmin>0.05</KGmin>
      <RangeKG>0.1</RangeKG>
      <AG>0.1</AG>
      <PERC>0.27024106186210672</PERC>
      <Alpha>0</Alpha>
      <UZL>154.25828556134377</UZL>
      <K0>0.43841235076305674</K0>
      <K1>0.11832590093913624</K1>
      <K2>0.010093853188627355</K2>
      <MAXBAS>1</MAXBAS>
      <Cet>0</Cet>
      <PCALT>10</PCALT>
      <TCALT>0.6</TCALT>
      <Pelev>3165</Pelev>
      <Telev>3224</Telev>
      <PART>0.5</PART>
      <DELAY>1</DELAY>
    </SubCatchmentParameters>
    <SubCatchmentVegetationZone>
      <SubCatchmentVegetationZoneParameters>
        <TT>0.059952019973441385</TT>
        <CFMAX>3.1391621917992776</CFMAX>
        <SP>0</SP>
        <SFCF>0.94921925830828358</SFCF>
        <CFR>0.099999988028147579</CFR>
        <CWH>0.16344557713171543</CWH>
        <CFGlacier>1</CFGlacier>
        <CFSlope>1</CFSlope>
        <FC>804.43677207269457</FC>
        <LP>0.72204691324011139</LP>
        <BETA>1.726570888408834</BETA>
      </SubCatchmentVegetationZoneParameters>
    </SubCatchmentVegetationZone>
  </SubCatchment>
</Catchment>