<?xml version="1.0" encoding="utf-8"?>
<Catchment xmlns:xsi="http://www.w3.org/2001/XMLSchema-instance" xmlns:xsd="http://www.w3.org/2001/XMLSchema">
  <CatchmentParameters>
    <KSI>0.001</KSI>
    <KGmin>0.05</KGmin>
    <RangeKG>0.1</RangeKG>
    <AG>0.1</AG>
    <PERC>5.9977463107224471</PERC>
    <Alpha>0</Alpha>
    <UZL>110.19791164395504</UZL>
    <K0>0.57498263009010842</K0>
    <K1>0.08475719502589299</K1>
    <K2>0.12075021023066605</K2>
    <MAXBAS>1.0049314584581235</MAXBAS>
    <Cet>0</Cet>
    <PCALT>10</PCALT>
    <TCALT>0.6</TCALT>
    <Pelev>3165</Pelev>
    <Telev>3224</Telev>
    <PART>0.5</PART>
    <DELAY>1</DELAY>
  </CatchmentParameters>
  <VegetationZone>
    <VegetationZoneParameters>
      <TT>0.043995250958236413</TT>
      <CFMAX>2.7355741986357112</CFMAX>
      <SP>0</SP>
      <SFCF>0.81489423772016722</SFCF>
      <CFR>0.099999681495596654</CFR>
      <CWH>0.10000012951897339</CWH>
      <CFGlacier>1</CFGlacier>
      <CFSlope>1</CFSlope>
      <FC>496.52567235690304</FC>
      <LP>0.92229733217395626</LP>
      <BETA>4.8677072783891795</BETA>
    </VegetationZoneParameters>
  </VegetationZone>
  <SubCatchment>
    <SubCatchmentParameters>
      <KSI>0.001</KSI>
      <KGmin>0.05</KGmin>
      <RangeKG>0.1</RangeKG>
      <AG>0.1</AG>
      <PERC>5.9977463107224471</PERC>
      <Alpha>0</Alpha>
      <UZL>110.19791164395504</UZL>
      <K0>0.57498263009010842</K0>
      <K1>0.08475719502589299</K1>
      <K2>0.12075021023066605</K2>
      <MAXBAS>1.0049314584581235</MAXBAS>
      <Cet>0</Cet>
      <PCALT>10</PCALT>
      <TCALT>0.6</TCALT>
      <Pelev>3165</Pelev>
      <Telev>3224</Telev>
      <PART>0.5</PART>
      <DELAY>1</DELAY>
    </SubCatchmentParameters>
    <SubCatchmentVegetationZone>
      <SubCatchmentVegetationZoneParameters>
        <TT>0.043995250958236413</TT>
        <CFMAX>2.7355741986357112</CFMAX>
        <SP>0</SP>
        <SFCF>0.81489423772016722</SFCF>
        <CFR>0.099999681495596654</CFR>
        <CWH>0.10000012951897339</CWH>
        <CFGlacier>1</CFGlacier>
        <CFSlope>1</CFSlope>
        <FC>496.52567235690304</FC>
        <LP>0.92229733217395626</LP>
        <BETA>4.8677072783891795</BETA>
      </SubCatchmentVegetationZoneParameters>
    </SubCatchmentVegetationZone>
  </SubCatchment>
</Catchment>