<?xml version="1.0" encoding="utf-8"?>
<Catchment xmlns:xsi="http://www.w3.org/2001/XMLSchema-instance" xmlns:xsd="http://www.w3.org/2001/XMLSchema">
  <CatchmentParameters>
    <KSI>0.001</KSI>
    <KGmin>0.05</KGmin>
    <RangeKG>0.1</RangeKG>
    <AG>0.1</AG>
    <PERC>6.4295971845660711</PERC>
    <Alpha>0</Alpha>
    <UZL>85.470021761219058</UZL>
    <K0>0.60080462832065</K0>
    <K1>0.096226252721259592</K1>
    <K2>0.11905682536423459</K2>
    <MAXBAS>1.0000386340567962</MAXBAS>
    <Cet>0</Cet>
    <PCALT>10</PCALT>
    <TCALT>0.6</TCALT>
    <Pelev>3165</Pelev>
    <Telev>3224</Telev>
    <PART>0.5</PART>
    <DELAY>1</DELAY>
  </CatchmentParameters>
  <VegetationZone>
    <VegetationZoneParameters>
      <TT>0.30671619107854714</TT>
      <CFMAX>2.44986133092441</CFMAX>
      <SP>0</SP>
      <SFCF>0.71548346525598516</SFCF>
      <CFR>0.096455573504884554</CFR>
      <CWH>0.10692847115529483</CWH>
      <CFGlacier>1</CFGlacier>
      <CFSlope>1</CFSlope>
      <FC>339.11108706494207</FC>
      <LP>0.8612553967338995</LP>
      <BETA>4.6506058413823457</BETA>
    </VegetationZoneParameters>
  </VegetationZone>
  <SubCatchment>
    <SubCatchmentParameters>
      <KSI>0.001</KSI>
      <KGmin>0.05</KGmin>
      <RangeKG>0.1</RangeKG>
      <AG>0.1</AG>
      <PERC>6.4295971845660711</PERC>
      <Alpha>0</Alpha>
      <UZL>85.470021761219058</UZL>
      <K0>0.60080462832065</K0>
      <K1>0.096226252721259592</K1>
      <K2>0.11905682536423459</K2>
      <MAXBAS>1.0000386340567962</MAXBAS>
      <Cet>0</Cet>
      <PCALT>10</PCALT>
      <TCALT>0.6</TCALT>
      <Pelev>3165</Pelev>
      <Telev>3224</Telev>
      <PART>0.5</PART>
      <DELAY>1</DELAY>
    </SubCatchmentParameters>
    <SubCatchmentVegetationZone>
      <SubCatchmentVegetationZoneParameters>
        <TT>0.30671619107854714</TT>
        <CFMAX>2.44986133092441</CFMAX>
        <SP>0</SP>
        <SFCF>0.71548346525598516</SFCF>
        <CFR>0.096455573504884554</CFR>
        <CWH>0.10692847115529483</CWH>
        <CFGlacier>1</CFGlacier>
        <CFSlope>1</CFSlope>
        <FC>339.11108706494207</FC>
        <LP>0.8612553967338995</LP>
        <BETA>4.6506058413823457</BETA>
      </SubCatchmentVegetationZoneParameters>
    </SubCatchmentVegetationZone>
  </SubCatchment>
</Catchment>