<?xml version="1.0" encoding="utf-8"?>
<Catchment xmlns:xsi="http://www.w3.org/2001/XMLSchema-instance" xmlns:xsd="http://www.w3.org/2001/XMLSchema">
  <CatchmentParameters>
    <KSI>0.001</KSI>
    <KGmin>0.05</KGmin>
    <RangeKG>0.1</RangeKG>
    <AG>0.1</AG>
    <PERC>6.9658346893645282</PERC>
    <Alpha>0</Alpha>
    <UZL>162.40138941715881</UZL>
    <K0>0.4891850726887656</K0>
    <K1>0.085256101626578012</K1>
    <K2>0.1247497507343248</K2>
    <MAXBAS>1.0001607040079839</MAXBAS>
    <Cet>0</Cet>
    <PCALT>10</PCALT>
    <TCALT>0.6</TCALT>
    <Pelev>3165</Pelev>
    <Telev>3224</Telev>
    <PART>0.5</PART>
    <DELAY>1</DELAY>
  </CatchmentParameters>
  <VegetationZone>
    <VegetationZoneParameters>
      <TT>1.4819812996477906</TT>
      <CFMAX>4.6525324826838963</CFMAX>
      <SP>0</SP>
      <SFCF>0.89703561302637957</SFCF>
      <CFR>0.03141620469487575</CFR>
      <CWH>0.10002680373010391</CWH>
      <CFGlacier>1</CFGlacier>
      <CFSlope>1</CFSlope>
      <FC>571.4130440098935</FC>
      <LP>0.620695845780398</LP>
      <BETA>2.0808627049772865</BETA>
    </VegetationZoneParameters>
  </VegetationZone>
  <SubCatchment>
    <SubCatchmentParameters>
      <KSI>0.001</KSI>
      <KGmin>0.05</KGmin>
      <RangeKG>0.1</RangeKG>
      <AG>0.1</AG>
      <PERC>6.9658346893645282</PERC>
      <Alpha>0</Alpha>
      <UZL>162.40138941715881</UZL>
      <K0>0.4891850726887656</K0>
      <K1>0.085256101626578012</K1>
      <K2>0.1247497507343248</K2>
      <MAXBAS>1.0001607040079839</MAXBAS>
      <Cet>0</Cet>
      <PCALT>10</PCALT>
      <TCALT>0.6</TCALT>
      <Pelev>3165</Pelev>
      <Telev>3224</Telev>
      <PART>0.5</PART>
      <DELAY>1</DELAY>
    </SubCatchmentParameters>
    <SubCatchmentVegetationZone>
      <SubCatchmentVegetationZoneParameters>
        <TT>1.4819812996477906</TT>
        <CFMAX>4.6525324826838963</CFMAX>
        <SP>0</SP>
        <SFCF>0.89703561302637957</SFCF>
        <CFR>0.03141620469487575</CFR>
        <CWH>0.10002680373010391</CWH>
        <CFGlacier>1</CFGlacier>
        <CFSlope>1</CFSlope>
        <FC>571.4130440098935</FC>
        <LP>0.620695845780398</LP>
        <BETA>2.0808627049772865</BETA>
      </SubCatchmentVegetationZoneParameters>
    </SubCatchmentVegetationZone>
  </SubCatchment>
</Catchment>