<?xml version="1.0" encoding="utf-8"?>
<Catchment xmlns:xsi="http://www.w3.org/2001/XMLSchema-instance" xmlns:xsd="http://www.w3.org/2001/XMLSchema">
  <CatchmentParameters>
    <KSI>0.001</KSI>
    <KGmin>0.05</KGmin>
    <RangeKG>0.1</RangeKG>
    <AG>0.1</AG>
    <PERC>6.1091988640477259</PERC>
    <Alpha>0</Alpha>
    <UZL>116.21152777127958</UZL>
    <K0>0.49646612384236577</K0>
    <K1>0.088290239586226449</K1>
    <K2>0.12374101279169487</K2>
    <MAXBAS>1.0047745083592907</MAXBAS>
    <Cet>0</Cet>
    <PCALT>10</PCALT>
    <TCALT>0.6</TCALT>
    <Pelev>3165</Pelev>
    <Telev>3224</Telev>
    <PART>0.5</PART>
    <DELAY>1</DELAY>
  </CatchmentParameters>
  <VegetationZone>
    <VegetationZoneParameters>
      <TT>0.57375869825670056</TT>
      <CFMAX>2.995055541487551</CFMAX>
      <SP>0</SP>
      <SFCF>0.77856999130131754</SFCF>
      <CFR>0.0774821058268628</CFR>
      <CWH>0.1000000550597447</CWH>
      <CFGlacier>1</CFGlacier>
      <CFSlope>1</CFSlope>
      <FC>468.07190233351491</FC>
      <LP>0.97918455791641423</LP>
      <BETA>4.4267320723813457</BETA>
    </VegetationZoneParameters>
  </VegetationZone>
  <SubCatchment>
    <SubCatchmentParameters>
      <KSI>0.001</KSI>
      <KGmin>0.05</KGmin>
      <RangeKG>0.1</RangeKG>
      <AG>0.1</AG>
      <PERC>6.1091988640477259</PERC>
      <Alpha>0</Alpha>
      <UZL>116.21152777127958</UZL>
      <K0>0.49646612384236577</K0>
      <K1>0.088290239586226449</K1>
      <K2>0.12374101279169487</K2>
      <MAXBAS>1.0047745083592907</MAXBAS>
      <Cet>0</Cet>
      <PCALT>10</PCALT>
      <TCALT>0.6</TCALT>
      <Pelev>3165</Pelev>
      <Telev>3224</Telev>
      <PART>0.5</PART>
      <DELAY>1</DELAY>
    </SubCatchmentParameters>
    <SubCatchmentVegetationZone>
      <SubCatchmentVegetationZoneParameters>
        <TT>0.57375869825670056</TT>
        <CFMAX>2.995055541487551</CFMAX>
        <SP>0</SP>
        <SFCF>0.77856999130131754</SFCF>
        <CFR>0.0774821058268628</CFR>
        <CWH>0.1000000550597447</CWH>
        <CFGlacier>1</CFGlacier>
        <CFSlope>1</CFSlope>
        <FC>468.07190233351491</FC>
        <LP>0.97918455791641423</LP>
        <BETA>4.4267320723813457</BETA>
      </SubCatchmentVegetationZoneParameters>
    </SubCatchmentVegetationZone>
  </SubCatchment>
</Catchment>