<?xml version="1.0" encoding="utf-8"?>
<Catchment xmlns:xsi="http://www.w3.org/2001/XMLSchema-instance" xmlns:xsd="http://www.w3.org/2001/XMLSchema">
  <CatchmentParameters>
    <KSI>0.001</KSI>
    <KGmin>0.05</KGmin>
    <RangeKG>0.1</RangeKG>
    <AG>0.1</AG>
    <PERC>6.5069647115486129</PERC>
    <Alpha>0</Alpha>
    <UZL>175.48601560500924</UZL>
    <K0>0.36986576855046616</K0>
    <K1>0.093613512247905151</K1>
    <K2>0.12520031624140365</K2>
    <MAXBAS>1.0000688899972035</MAXBAS>
    <Cet>0</Cet>
    <PCALT>10</PCALT>
    <TCALT>0.6</TCALT>
    <Pelev>3165</Pelev>
    <Telev>3224</Telev>
    <PART>0.5</PART>
    <DELAY>1</DELAY>
  </CatchmentParameters>
  <VegetationZone>
    <VegetationZoneParameters>
      <TT>0.771137578374005</TT>
      <CFMAX>2.8764116008744613</CFMAX>
      <SP>0</SP>
      <SFCF>0.72933145489338114</SFCF>
      <CFR>0.06829263747365813</CFR>
      <CWH>0.10000014066545486</CWH>
      <CFGlacier>1</CFGlacier>
      <CFSlope>1</CFSlope>
      <FC>396.63849532749003</FC>
      <LP>0.99997331318245253</LP>
      <BETA>4.506183031228832</BETA>
    </VegetationZoneParameters>
  </VegetationZone>
  <SubCatchment>
    <SubCatchmentParameters>
      <KSI>0.001</KSI>
      <KGmin>0.05</KGmin>
      <RangeKG>0.1</RangeKG>
      <AG>0.1</AG>
      <PERC>6.5069647115486129</PERC>
      <Alpha>0</Alpha>
      <UZL>175.48601560500924</UZL>
      <K0>0.36986576855046616</K0>
      <K1>0.093613512247905151</K1>
      <K2>0.12520031624140365</K2>
      <MAXBAS>1.0000688899972035</MAXBAS>
      <Cet>0</Cet>
      <PCALT>10</PCALT>
      <TCALT>0.6</TCALT>
      <Pelev>3165</Pelev>
      <Telev>3224</Telev>
      <PART>0.5</PART>
      <DELAY>1</DELAY>
    </SubCatchmentParameters>
    <SubCatchmentVegetationZone>
      <SubCatchmentVegetationZoneParameters>
        <TT>0.771137578374005</TT>
        <CFMAX>2.8764116008744613</CFMAX>
        <SP>0</SP>
        <SFCF>0.72933145489338114</SFCF>
        <CFR>0.06829263747365813</CFR>
        <CWH>0.10000014066545486</CWH>
        <CFGlacier>1</CFGlacier>
        <CFSlope>1</CFSlope>
        <FC>396.63849532749003</FC>
        <LP>0.99997331318245253</LP>
        <BETA>4.506183031228832</BETA>
      </SubCatchmentVegetationZoneParameters>
    </SubCatchmentVegetationZone>
  </SubCatchment>
</Catchment>