<?xml version="1.0" encoding="utf-8"?>
<Catchment xmlns:xsi="http://www.w3.org/2001/XMLSchema-instance" xmlns:xsd="http://www.w3.org/2001/XMLSchema">
  <CatchmentParameters>
    <KSI>0.001</KSI>
    <KGmin>0.05</KGmin>
    <RangeKG>0.1</RangeKG>
    <AG>0.1</AG>
    <PERC>9.9999911117401581</PERC>
    <Alpha>0</Alpha>
    <UZL>182.61718265781175</UZL>
    <K0>0.51403357021825147</K0>
    <K1>0.13846970440085415</K1>
    <K2>0.092950085600175258</K2>
    <MAXBAS>1.0000964785596229</MAXBAS>
    <Cet>0</Cet>
    <PCALT>10</PCALT>
    <TCALT>0.6</TCALT>
    <Pelev>3165</Pelev>
    <Telev>3224</Telev>
    <PART>0.5</PART>
    <DELAY>1</DELAY>
  </CatchmentParameters>
  <VegetationZone>
    <VegetationZoneParameters>
      <TT>-0.496002598609176</TT>
      <CFMAX>2.0940326055024534</CFMAX>
      <SP>0</SP>
      <SFCF>0.78663483445912152</SFCF>
      <CFR>0.099999884791782165</CFR>
      <CWH>0.15578604000419877</CWH>
      <CFGlacier>1</CFGlacier>
      <CFSlope>1</CFSlope>
      <FC>431.29660205285182</FC>
      <LP>0.87058225723353766</LP>
      <BETA>5.6209228877902868</BETA>
    </VegetationZoneParameters>
  </VegetationZone>
  <SubCatchment>
    <SubCatchmentParameters>
      <KSI>0.001</KSI>
      <KGmin>0.05</KGmin>
      <RangeKG>0.1</RangeKG>
      <AG>0.1</AG>
      <PERC>9.9999911117401581</PERC>
      <Alpha>0</Alpha>
      <UZL>182.61718265781175</UZL>
      <K0>0.51403357021825147</K0>
      <K1>0.13846970440085415</K1>
      <K2>0.092950085600175258</K2>
      <MAXBAS>1.0000964785596229</MAXBAS>
      <Cet>0</Cet>
      <PCALT>10</PCALT>
      <TCALT>0.6</TCALT>
      <Pelev>3165</Pelev>
      <Telev>3224</Telev>
      <PART>0.5</PART>
      <DELAY>1</DELAY>
    </SubCatchmentParameters>
    <SubCatchmentVegetationZone>
      <SubCatchmentVegetationZoneParameters>
        <TT>-0.496002598609176</TT>
        <CFMAX>2.0940326055024534</CFMAX>
        <SP>0</SP>
        <SFCF>0.78663483445912152</SFCF>
        <CFR>0.099999884791782165</CFR>
        <CWH>0.15578604000419877</CWH>
        <CFGlacier>1</CFGlacier>
        <CFSlope>1</CFSlope>
        <FC>431.29660205285182</FC>
        <LP>0.87058225723353766</LP>
        <BETA>5.6209228877902868</BETA>
      </SubCatchmentVegetationZoneParameters>
    </SubCatchmentVegetationZone>
  </SubCatchment>
</Catchment>