<?xml version="1.0" encoding="utf-8"?>
<Catchment xmlns:xsi="http://www.w3.org/2001/XMLSchema-instance" xmlns:xsd="http://www.w3.org/2001/XMLSchema">
  <CatchmentParameters>
    <KSI>0.001</KSI>
    <KGmin>0.05</KGmin>
    <RangeKG>0.1</RangeKG>
    <AG>0.1</AG>
    <PERC>9.999885818544902</PERC>
    <Alpha>0</Alpha>
    <UZL>175.61205223414873</UZL>
    <K0>0.053350475318410959</K0>
    <K1>0.12766980949178472</K1>
    <K2>0.095016759372315046</K2>
    <MAXBAS>1.0000249955387053</MAXBAS>
    <Cet>0</Cet>
    <PCALT>10</PCALT>
    <TCALT>0.6</TCALT>
    <Pelev>3165</Pelev>
    <Telev>3224</Telev>
    <PART>0.5</PART>
    <DELAY>1</DELAY>
  </CatchmentParameters>
  <VegetationZone>
    <VegetationZoneParameters>
      <TT>-0.49600081619582209</TT>
      <CFMAX>2.1704720459231237</CFMAX>
      <SP>0</SP>
      <SFCF>0.81461995240317</SFCF>
      <CFR>0.099999572204072351</CFR>
      <CWH>0.12757735701434605</CWH>
      <CFGlacier>1</CFGlacier>
      <CFSlope>1</CFSlope>
      <FC>468.40087809534839</FC>
      <LP>0.85305979446282254</LP>
      <BETA>5.6358781762341685</BETA>
    </VegetationZoneParameters>
  </VegetationZone>
  <SubCatchment>
    <SubCatchmentParameters>
      <KSI>0.001</KSI>
      <KGmin>0.05</KGmin>
      <RangeKG>0.1</RangeKG>
      <AG>0.1</AG>
      <PERC>9.999885818544902</PERC>
      <Alpha>0</Alpha>
      <UZL>175.61205223414873</UZL>
      <K0>0.053350475318410959</K0>
      <K1>0.12766980949178472</K1>
      <K2>0.095016759372315046</K2>
      <MAXBAS>1.0000249955387053</MAXBAS>
      <Cet>0</Cet>
      <PCALT>10</PCALT>
      <TCALT>0.6</TCALT>
      <Pelev>3165</Pelev>
      <Telev>3224</Telev>
      <PART>0.5</PART>
      <DELAY>1</DELAY>
    </SubCatchmentParameters>
    <SubCatchmentVegetationZone>
      <SubCatchmentVegetationZoneParameters>
        <TT>-0.49600081619582209</TT>
        <CFMAX>2.1704720459231237</CFMAX>
        <SP>0</SP>
        <SFCF>0.81461995240317</SFCF>
        <CFR>0.099999572204072351</CFR>
        <CWH>0.12757735701434605</CWH>
        <CFGlacier>1</CFGlacier>
        <CFSlope>1</CFSlope>
        <FC>468.40087809534839</FC>
        <LP>0.85305979446282254</LP>
        <BETA>5.6358781762341685</BETA>
      </SubCatchmentVegetationZoneParameters>
    </SubCatchmentVegetationZone>
  </SubCatchment>
</Catchment>