<?xml version="1.0" encoding="utf-8"?>
<Catchment xmlns:xsi="http://www.w3.org/2001/XMLSchema-instance" xmlns:xsd="http://www.w3.org/2001/XMLSchema">
  <CatchmentParameters>
    <KSI>0.001</KSI>
    <KGmin>0.05</KGmin>
    <RangeKG>0.1</RangeKG>
    <AG>0.1</AG>
    <PERC>0.27860553389762066</PERC>
    <Alpha>0</Alpha>
    <UZL>166.12720151021094</UZL>
    <K0>0.050089701403030686</K0>
    <K1>0.10914750539645265</K1>
    <K2>0.010001597940939147</K2>
    <MAXBAS>1</MAXBAS>
    <Cet>0</Cet>
    <PCALT>10</PCALT>
    <TCALT>0.6</TCALT>
    <Pelev>3165</Pelev>
    <Telev>3224</Telev>
    <PART>0.5</PART>
    <DELAY>1</DELAY>
  </CatchmentParameters>
  <VegetationZone>
    <VegetationZoneParameters>
      <TT>0.61071317899935218</TT>
      <CFMAX>3.6016643546078968</CFMAX>
      <SP>0</SP>
      <SFCF>0.91672328046658691</SFCF>
      <CFR>0.072465125331308639</CFR>
      <CWH>0.14834655032564714</CWH>
      <CFGlacier>1</CFGlacier>
      <CFSlope>1</CFSlope>
      <FC>719.67640194495527</FC>
      <LP>0.69280618865194032</LP>
      <BETA>1.5261832767072667</BETA>
    </VegetationZoneParameters>
  </VegetationZone>
  <SubCatchment>
    <SubCatchmentParameters>
      <KSI>0.001</KSI>
      <KGmin>0.05</KGmin>
      <RangeKG>0.1</RangeKG>
      <AG>0.1</AG>
      <PERC>0.27860553389762066</PERC>
      <Alpha>0</Alpha>
      <UZL>166.12720151021094</UZL>
      <K0>0.050089701403030686</K0>
      <K1>0.10914750539645265</K1>
      <K2>0.010001597940939147</K2>
      <MAXBAS>1</MAXBAS>
      <Cet>0</Cet>
      <PCALT>10</PCALT>
      <TCALT>0.6</TCALT>
      <Pelev>3165</Pelev>
      <Telev>3224</Telev>
      <PART>0.5</PART>
      <DELAY>1</DELAY>
    </SubCatchmentParameters>
    <SubCatchmentVegetationZone>
      <SubCatchmentVegetationZoneParameters>
        <TT>0.61071317899935218</TT>
        <CFMAX>3.6016643546078968</CFMAX>
        <SP>0</SP>
        <SFCF>0.91672328046658691</SFCF>
        <CFR>0.072465125331308639</CFR>
        <CWH>0.14834655032564714</CWH>
        <CFGlacier>1</CFGlacier>
        <CFSlope>1</CFSlope>
        <FC>719.67640194495527</FC>
        <LP>0.69280618865194032</LP>
        <BETA>1.5261832767072667</BETA>
      </SubCatchmentVegetationZoneParameters>
    </SubCatchmentVegetationZone>
  </SubCatchment>
</Catchment>