<?xml version="1.0" encoding="utf-8"?>
<Catchment xmlns:xsi="http://www.w3.org/2001/XMLSchema-instance" xmlns:xsd="http://www.w3.org/2001/XMLSchema">
  <CatchmentParameters>
    <KSI>0.001</KSI>
    <KGmin>0.05</KGmin>
    <RangeKG>0.1</RangeKG>
    <AG>0.1</AG>
    <PERC>0.26343478563854378</PERC>
    <Alpha>0</Alpha>
    <UZL>164.53961963933796</UZL>
    <K0>0.21398882900640237</K0>
    <K1>0.10342782024193664</K1>
    <K2>0.010007503987196926</K2>
    <MAXBAS>1</MAXBAS>
    <Cet>0</Cet>
    <PCALT>10</PCALT>
    <TCALT>0.6</TCALT>
    <Pelev>3165</Pelev>
    <Telev>3224</Telev>
    <PART>0.5</PART>
    <DELAY>1</DELAY>
  </CatchmentParameters>
  <VegetationZone>
    <VegetationZoneParameters>
      <TT>-0.15600125088564262</TT>
      <CFMAX>3.0343673894275347</CFMAX>
      <SP>0</SP>
      <SFCF>0.93874032860521872</SFCF>
      <CFR>0.099998956689719878</CFR>
      <CWH>0.19987814869468476</CWH>
      <CFGlacier>1</CFGlacier>
      <CFSlope>1</CFSlope>
      <FC>820.0258132646876</FC>
      <LP>0.84710962157633207</LP>
      <BETA>2.1389667086960982</BETA>
    </VegetationZoneParameters>
  </VegetationZone>
  <SubCatchment>
    <SubCatchmentParameters>
      <KSI>0.001</KSI>
      <KGmin>0.05</KGmin>
      <RangeKG>0.1</RangeKG>
      <AG>0.1</AG>
      <PERC>0.26343478563854378</PERC>
      <Alpha>0</Alpha>
      <UZL>164.53961963933796</UZL>
      <K0>0.21398882900640237</K0>
      <K1>0.10342782024193664</K1>
      <K2>0.010007503987196926</K2>
      <MAXBAS>1</MAXBAS>
      <Cet>0</Cet>
      <PCALT>10</PCALT>
      <TCALT>0.6</TCALT>
      <Pelev>3165</Pelev>
      <Telev>3224</Telev>
      <PART>0.5</PART>
      <DELAY>1</DELAY>
    </SubCatchmentParameters>
    <SubCatchmentVegetationZone>
      <SubCatchmentVegetationZoneParameters>
        <TT>-0.15600125088564262</TT>
        <CFMAX>3.0343673894275347</CFMAX>
        <SP>0</SP>
        <SFCF>0.93874032860521872</SFCF>
        <CFR>0.099998956689719878</CFR>
        <CWH>0.19987814869468476</CWH>
        <CFGlacier>1</CFGlacier>
        <CFSlope>1</CFSlope>
        <FC>820.0258132646876</FC>
        <LP>0.84710962157633207</LP>
        <BETA>2.1389667086960982</BETA>
      </SubCatchmentVegetationZoneParameters>
    </SubCatchmentVegetationZone>
  </SubCatchment>
</Catchment>