<?xml version="1.0" encoding="utf-8"?>
<Catchment xmlns:xsi="http://www.w3.org/2001/XMLSchema-instance" xmlns:xsd="http://www.w3.org/2001/XMLSchema">
  <CatchmentParameters>
    <KSI>0.001</KSI>
    <KGmin>0.05</KGmin>
    <RangeKG>0.1</RangeKG>
    <AG>0.1</AG>
    <PERC>6.7866515040953237</PERC>
    <Alpha>0</Alpha>
    <UZL>114.51006556918432</UZL>
    <K0>0.48771860715483523</K0>
    <K1>0.0880774833332344</K1>
    <K2>0.11260689435718439</K2>
    <MAXBAS>1.0000562367707528</MAXBAS>
    <Cet>0</Cet>
    <PCALT>10</PCALT>
    <TCALT>0.6</TCALT>
    <Pelev>3165</Pelev>
    <Telev>3224</Telev>
    <PART>0.5</PART>
    <DELAY>1</DELAY>
  </CatchmentParameters>
  <VegetationZone>
    <VegetationZoneParameters>
      <TT>0.90399457497867808</TT>
      <CFMAX>3.1391901990548439</CFMAX>
      <SP>0</SP>
      <SFCF>0.74449312764220643</SFCF>
      <CFR>0.060471999341021633</CFR>
      <CWH>0.10000114241651514</CWH>
      <CFGlacier>1</CFGlacier>
      <CFSlope>1</CFSlope>
      <FC>367.16296289695083</FC>
      <LP>0.86985097768453834</LP>
      <BETA>4.056153441736817</BETA>
    </VegetationZoneParameters>
  </VegetationZone>
  <SubCatchment>
    <SubCatchmentParameters>
      <KSI>0.001</KSI>
      <KGmin>0.05</KGmin>
      <RangeKG>0.1</RangeKG>
      <AG>0.1</AG>
      <PERC>6.7866515040953237</PERC>
      <Alpha>0</Alpha>
      <UZL>114.51006556918432</UZL>
      <K0>0.48771860715483523</K0>
      <K1>0.0880774833332344</K1>
      <K2>0.11260689435718439</K2>
      <MAXBAS>1.0000562367707528</MAXBAS>
      <Cet>0</Cet>
      <PCALT>10</PCALT>
      <TCALT>0.6</TCALT>
      <Pelev>3165</Pelev>
      <Telev>3224</Telev>
      <PART>0.5</PART>
      <DELAY>1</DELAY>
    </SubCatchmentParameters>
    <SubCatchmentVegetationZone>
      <SubCatchmentVegetationZoneParameters>
        <TT>0.90399457497867808</TT>
        <CFMAX>3.1391901990548439</CFMAX>
        <SP>0</SP>
        <SFCF>0.74449312764220643</SFCF>
        <CFR>0.060471999341021633</CFR>
        <CWH>0.10000114241651514</CWH>
        <CFGlacier>1</CFGlacier>
        <CFSlope>1</CFSlope>
        <FC>367.16296289695083</FC>
        <LP>0.86985097768453834</LP>
        <BETA>4.056153441736817</BETA>
      </SubCatchmentVegetationZoneParameters>
    </SubCatchmentVegetationZone>
  </SubCatchment>
</Catchment>