<?xml version="1.0" encoding="utf-8"?>
<Catchment xmlns:xsi="http://www.w3.org/2001/XMLSchema-instance" xmlns:xsd="http://www.w3.org/2001/XMLSchema">
  <CatchmentParameters>
    <KSI>0.001</KSI>
    <KGmin>0.05</KGmin>
    <RangeKG>0.1</RangeKG>
    <AG>0.1</AG>
    <PERC>9.9989449544600166</PERC>
    <Alpha>0</Alpha>
    <UZL>132.70358499332792</UZL>
    <K0>0.37127336118729704</K0>
    <K1>0.10578592982625107</K1>
    <K2>0.10581834468853371</K2>
    <MAXBAS>1.0000728751328794</MAXBAS>
    <Cet>0</Cet>
    <PCALT>10</PCALT>
    <TCALT>0.6</TCALT>
    <Pelev>3165</Pelev>
    <Telev>3224</Telev>
    <PART>0.5</PART>
    <DELAY>1</DELAY>
  </CatchmentParameters>
  <VegetationZone>
    <VegetationZoneParameters>
      <TT>1.2568300221073825</TT>
      <CFMAX>2.9440115797661019</CFMAX>
      <SP>0</SP>
      <SFCF>0.65050362049966193</SFCF>
      <CFR>0.046198188806106169</CFR>
      <CWH>0.11599144449666067</CWH>
      <CFGlacier>1</CFGlacier>
      <CFSlope>1</CFSlope>
      <FC>259.23888611614706</FC>
      <LP>0.87599656662307257</LP>
      <BETA>4.54835401324941</BETA>
    </VegetationZoneParameters>
  </VegetationZone>
  <SubCatchment>
    <SubCatchmentParameters>
      <KSI>0.001</KSI>
      <KGmin>0.05</KGmin>
      <RangeKG>0.1</RangeKG>
      <AG>0.1</AG>
      <PERC>9.9989449544600166</PERC>
      <Alpha>0</Alpha>
      <UZL>132.70358499332792</UZL>
      <K0>0.37127336118729704</K0>
      <K1>0.10578592982625107</K1>
      <K2>0.10581834468853371</K2>
      <MAXBAS>1.0000728751328794</MAXBAS>
      <Cet>0</Cet>
      <PCALT>10</PCALT>
      <TCALT>0.6</TCALT>
      <Pelev>3165</Pelev>
      <Telev>3224</Telev>
      <PART>0.5</PART>
      <DELAY>1</DELAY>
    </SubCatchmentParameters>
    <SubCatchmentVegetationZone>
      <SubCatchmentVegetationZoneParameters>
        <TT>1.2568300221073825</TT>
        <CFMAX>2.9440115797661019</CFMAX>
        <SP>0</SP>
        <SFCF>0.65050362049966193</SFCF>
        <CFR>0.046198188806106169</CFR>
        <CWH>0.11599144449666067</CWH>
        <CFGlacier>1</CFGlacier>
        <CFSlope>1</CFSlope>
        <FC>259.23888611614706</FC>
        <LP>0.87599656662307257</LP>
        <BETA>4.54835401324941</BETA>
      </SubCatchmentVegetationZoneParameters>
    </SubCatchmentVegetationZone>
  </SubCatchment>
</Catchment>