<?xml version="1.0" encoding="utf-8"?>
<Catchment xmlns:xsi="http://www.w3.org/2001/XMLSchema-instance" xmlns:xsd="http://www.w3.org/2001/XMLSchema">
  <CatchmentParameters>
    <KSI>0.001</KSI>
    <KGmin>0.05</KGmin>
    <RangeKG>0.1</RangeKG>
    <AG>0.1</AG>
    <PERC>0.23638927524427983</PERC>
    <Alpha>0</Alpha>
    <UZL>128.55574805058521</UZL>
    <K0>0.51052488920964756</K0>
    <K1>0.1078827709401269</K1>
    <K2>0.010000034340015623</K2>
    <MAXBAS>1</MAXBAS>
    <Cet>0</Cet>
    <PCALT>10</PCALT>
    <TCALT>0.6</TCALT>
    <Pelev>3165</Pelev>
    <Telev>3224</Telev>
    <PART>0.5</PART>
    <DELAY>1</DELAY>
  </CatchmentParameters>
  <VegetationZone>
    <VegetationZoneParameters>
      <TT>-0.95600064227306891</TT>
      <CFMAX>2.5549048906341572</CFMAX>
      <SP>0</SP>
      <SFCF>1.0650025008635189</SFCF>
      <CFR>0.099999495641541786</CFR>
      <CWH>0.19999946703873739</CWH>
      <CFGlacier>1</CFGlacier>
      <CFSlope>1</CFSlope>
      <FC>962.678246068666</FC>
      <LP>0.5489962458027573</LP>
      <BETA>1.5613082392819107</BETA>
    </VegetationZoneParameters>
  </VegetationZone>
  <SubCatchment>
    <SubCatchmentParameters>
      <KSI>0.001</KSI>
      <KGmin>0.05</KGmin>
      <RangeKG>0.1</RangeKG>
      <AG>0.1</AG>
      <PERC>0.23638927524427983</PERC>
      <Alpha>0</Alpha>
      <UZL>128.55574805058521</UZL>
      <K0>0.51052488920964756</K0>
      <K1>0.1078827709401269</K1>
      <K2>0.010000034340015623</K2>
      <MAXBAS>1</MAXBAS>
      <Cet>0</Cet>
      <PCALT>10</PCALT>
      <TCALT>0.6</TCALT>
      <Pelev>3165</Pelev>
      <Telev>3224</Telev>
      <PART>0.5</PART>
      <DELAY>1</DELAY>
    </SubCatchmentParameters>
    <SubCatchmentVegetationZone>
      <SubCatchmentVegetationZoneParameters>
        <TT>-0.95600064227306891</TT>
        <CFMAX>2.5549048906341572</CFMAX>
        <SP>0</SP>
        <SFCF>1.0650025008635189</SFCF>
        <CFR>0.099999495641541786</CFR>
        <CWH>0.19999946703873739</CWH>
        <CFGlacier>1</CFGlacier>
        <CFSlope>1</CFSlope>
        <FC>962.678246068666</FC>
        <LP>0.5489962458027573</LP>
        <BETA>1.5613082392819107</BETA>
      </SubCatchmentVegetationZoneParameters>
    </SubCatchmentVegetationZone>
  </SubCatchment>
</Catchment>