<?xml version="1.0" encoding="utf-8"?>
<Catchment xmlns:xsi="http://www.w3.org/2001/XMLSchema-instance" xmlns:xsd="http://www.w3.org/2001/XMLSchema">
  <CatchmentParameters>
    <KSI>0.001</KSI>
    <KGmin>0.05</KGmin>
    <RangeKG>0.1</RangeKG>
    <AG>0.1</AG>
    <PERC>1.3458740715627406</PERC>
    <Alpha>0</Alpha>
    <UZL>199.19196461117639</UZL>
    <K0>0.50192596814840607</K0>
    <K1>0.10903297161131283</K1>
    <K2>0.04538245258366197</K2>
    <MAXBAS>1.0000000270570608</MAXBAS>
    <Cet>0</Cet>
    <PCALT>10</PCALT>
    <TCALT>0.6</TCALT>
    <Pelev>3165</Pelev>
    <Telev>3224</Telev>
    <PART>0.5</PART>
    <DELAY>1</DELAY>
  </CatchmentParameters>
  <VegetationZone>
    <VegetationZoneParameters>
      <TT>0.30443678076794578</TT>
      <CFMAX>2.2268827626998378</CFMAX>
      <SP>0</SP>
      <SFCF>0.65008001411846461</SFCF>
      <CFR>0.098974501577407337</CFR>
      <CWH>0.18985983016475228</CWH>
      <CFGlacier>1</CFGlacier>
      <CFSlope>1</CFSlope>
      <FC>240.55906721573459</FC>
      <LP>0.89760300005565752</LP>
      <BETA>3.9848586807474011</BETA>
    </VegetationZoneParameters>
  </VegetationZone>
  <SubCatchment>
    <SubCatchmentParameters>
      <KSI>0.001</KSI>
      <KGmin>0.05</KGmin>
      <RangeKG>0.1</RangeKG>
      <AG>0.1</AG>
      <PERC>1.3458740715627406</PERC>
      <Alpha>0</Alpha>
      <UZL>199.19196461117639</UZL>
      <K0>0.50192596814840607</K0>
      <K1>0.10903297161131283</K1>
      <K2>0.04538245258366197</K2>
      <MAXBAS>1.0000000270570608</MAXBAS>
      <Cet>0</Cet>
      <PCALT>10</PCALT>
      <TCALT>0.6</TCALT>
      <Pelev>3165</Pelev>
      <Telev>3224</Telev>
      <PART>0.5</PART>
      <DELAY>1</DELAY>
    </SubCatchmentParameters>
    <SubCatchmentVegetationZone>
      <SubCatchmentVegetationZoneParameters>
        <TT>0.30443678076794578</TT>
        <CFMAX>2.2268827626998378</CFMAX>
        <SP>0</SP>
        <SFCF>0.65008001411846461</SFCF>
        <CFR>0.098974501577407337</CFR>
        <CWH>0.18985983016475228</CWH>
        <CFGlacier>1</CFGlacier>
        <CFSlope>1</CFSlope>
        <FC>240.55906721573459</FC>
        <LP>0.89760300005565752</LP>
        <BETA>3.9848586807474011</BETA>
      </SubCatchmentVegetationZoneParameters>
    </SubCatchmentVegetationZone>
  </SubCatchment>
</Catchment>