<?xml version="1.0" encoding="utf-8"?>
<Catchment xmlns:xsi="http://www.w3.org/2001/XMLSchema-instance" xmlns:xsd="http://www.w3.org/2001/XMLSchema">
  <CatchmentParameters>
    <KSI>0.001</KSI>
    <KGmin>0.05</KGmin>
    <RangeKG>0.1</RangeKG>
    <AG>0.1</AG>
    <PERC>0.25179729582244048</PERC>
    <Alpha>0</Alpha>
    <UZL>167.89557368538456</UZL>
    <K0>0.29098121933827392</K0>
    <K1>0.1052018705203958</K1>
    <K2>0.010004582732373181</K2>
    <MAXBAS>1</MAXBAS>
    <Cet>0</Cet>
    <PCALT>10</PCALT>
    <TCALT>0.6</TCALT>
    <Pelev>3165</Pelev>
    <Telev>3224</Telev>
    <PART>0.5</PART>
    <DELAY>1</DELAY>
  </CatchmentParameters>
  <VegetationZone>
    <VegetationZoneParameters>
      <TT>-1.2601988576956948</TT>
      <CFMAX>2.6364096430082808</CFMAX>
      <SP>0</SP>
      <SFCF>1.1560148879768037</SFCF>
      <CFR>0.099999249993538708</CFR>
      <CWH>0.12884170995027294</CWH>
      <CFGlacier>1</CFGlacier>
      <CFSlope>1</CFSlope>
      <FC>1312.880224654873</FC>
      <LP>0.79246508207279431</LP>
      <BETA>3.5571113288641327</BETA>
    </VegetationZoneParameters>
  </VegetationZone>
  <SubCatchment>
    <SubCatchmentParameters>
      <KSI>0.001</KSI>
      <KGmin>0.05</KGmin>
      <RangeKG>0.1</RangeKG>
      <AG>0.1</AG>
      <PERC>0.25179729582244048</PERC>
      <Alpha>0</Alpha>
      <UZL>167.89557368538456</UZL>
      <K0>0.29098121933827392</K0>
      <K1>0.1052018705203958</K1>
      <K2>0.010004582732373181</K2>
      <MAXBAS>1</MAXBAS>
      <Cet>0</Cet>
      <PCALT>10</PCALT>
      <TCALT>0.6</TCALT>
      <Pelev>3165</Pelev>
      <Telev>3224</Telev>
      <PART>0.5</PART>
      <DELAY>1</DELAY>
    </SubCatchmentParameters>
    <SubCatchmentVegetationZone>
      <SubCatchmentVegetationZoneParameters>
        <TT>-1.2601988576956948</TT>
        <CFMAX>2.6364096430082808</CFMAX>
        <SP>0</SP>
        <SFCF>1.1560148879768037</SFCF>
        <CFR>0.099999249993538708</CFR>
        <CWH>0.12884170995027294</CWH>
        <CFGlacier>1</CFGlacier>
        <CFSlope>1</CFSlope>
        <FC>1312.880224654873</FC>
        <LP>0.79246508207279431</LP>
        <BETA>3.5571113288641327</BETA>
      </SubCatchmentVegetationZoneParameters>
    </SubCatchmentVegetationZone>
  </SubCatchment>
</Catchment>