<?xml version="1.0" encoding="utf-8"?>
<Catchment xmlns:xsi="http://www.w3.org/2001/XMLSchema-instance" xmlns:xsd="http://www.w3.org/2001/XMLSchema">
  <CatchmentParameters>
    <KSI>0.001</KSI>
    <KGmin>0.05</KGmin>
    <RangeKG>0.1</RangeKG>
    <AG>0.1</AG>
    <PERC>0.32736270741915313</PERC>
    <Alpha>0</Alpha>
    <UZL>141.14872740941317</UZL>
    <K0>0.16311921731945298</K0>
    <K1>0.12115428773515446</K1>
    <K2>0.012787110790997893</K2>
    <MAXBAS>1</MAXBAS>
    <Cet>0</Cet>
    <PCALT>10</PCALT>
    <TCALT>0.6</TCALT>
    <Pelev>3165</Pelev>
    <Telev>3224</Telev>
    <PART>0.5</PART>
    <DELAY>1</DELAY>
  </CatchmentParameters>
  <VegetationZone>
    <VegetationZoneParameters>
      <TT>-2.1560027946711067</TT>
      <CFMAX>1.6501352562768057</CFMAX>
      <SP>0</SP>
      <SFCF>1.0254365659949727</SFCF>
      <CFR>0.099999196525024286</CFR>
      <CWH>0.19995854504428892</CWH>
      <CFGlacier>1</CFGlacier>
      <CFSlope>1</CFSlope>
      <FC>1052.5145546741705</FC>
      <LP>0.98097151867150978</LP>
      <BETA>4.7310886645890351</BETA>
    </VegetationZoneParameters>
  </VegetationZone>
  <SubCatchment>
    <SubCatchmentParameters>
      <KSI>0.001</KSI>
      <KGmin>0.05</KGmin>
      <RangeKG>0.1</RangeKG>
      <AG>0.1</AG>
      <PERC>0.32736270741915313</PERC>
      <Alpha>0</Alpha>
      <UZL>141.14872740941317</UZL>
      <K0>0.16311921731945298</K0>
      <K1>0.12115428773515446</K1>
      <K2>0.012787110790997893</K2>
      <MAXBAS>1</MAXBAS>
      <Cet>0</Cet>
      <PCALT>10</PCALT>
      <TCALT>0.6</TCALT>
      <Pelev>3165</Pelev>
      <Telev>3224</Telev>
      <PART>0.5</PART>
      <DELAY>1</DELAY>
    </SubCatchmentParameters>
    <SubCatchmentVegetationZone>
      <SubCatchmentVegetationZoneParameters>
        <TT>-2.1560027946711067</TT>
        <CFMAX>1.6501352562768057</CFMAX>
        <SP>0</SP>
        <SFCF>1.0254365659949727</SFCF>
        <CFR>0.099999196525024286</CFR>
        <CWH>0.19995854504428892</CWH>
        <CFGlacier>1</CFGlacier>
        <CFSlope>1</CFSlope>
        <FC>1052.5145546741705</FC>
        <LP>0.98097151867150978</LP>
        <BETA>4.7310886645890351</BETA>
      </SubCatchmentVegetationZoneParameters>
    </SubCatchmentVegetationZone>
  </SubCatchment>
</Catchment>