<?xml version="1.0" encoding="utf-8"?>
<Catchment xmlns:xsi="http://www.w3.org/2001/XMLSchema-instance" xmlns:xsd="http://www.w3.org/2001/XMLSchema">
  <CatchmentParameters>
    <KSI>0.001</KSI>
    <KGmin>0.05</KGmin>
    <RangeKG>0.1</RangeKG>
    <AG>0.1</AG>
    <PERC>9.99986017549907</PERC>
    <Alpha>0</Alpha>
    <UZL>77.861679732123832</UZL>
    <K0>0.15444459959811013</K0>
    <K1>0.073059727161552457</K1>
    <K2>0.08911422043188641</K2>
    <MAXBAS>1.0000516351892583</MAXBAS>
    <Cet>0</Cet>
    <PCALT>10</PCALT>
    <TCALT>0.6</TCALT>
    <Pelev>3165</Pelev>
    <Telev>3224</Telev>
    <PART>0.5</PART>
    <DELAY>1</DELAY>
  </CatchmentParameters>
  <VegetationZone>
    <VegetationZoneParameters>
      <TT>1.8234145891100171</TT>
      <CFMAX>4.8716783561215866</CFMAX>
      <SP>0</SP>
      <SFCF>0.776222396873797</SFCF>
      <CFR>0.024999146000159473</CFR>
      <CWH>0.1000013947583505</CWH>
      <CFGlacier>1</CFGlacier>
      <CFSlope>1</CFSlope>
      <FC>452.29861737139242</FC>
      <LP>0.99999585102995781</LP>
      <BETA>3.598603829827324</BETA>
    </VegetationZoneParameters>
  </VegetationZone>
  <SubCatchment>
    <SubCatchmentParameters>
      <KSI>0.001</KSI>
      <KGmin>0.05</KGmin>
      <RangeKG>0.1</RangeKG>
      <AG>0.1</AG>
      <PERC>9.99986017549907</PERC>
      <Alpha>0</Alpha>
      <UZL>77.861679732123832</UZL>
      <K0>0.15444459959811013</K0>
      <K1>0.073059727161552457</K1>
      <K2>0.08911422043188641</K2>
      <MAXBAS>1.0000516351892583</MAXBAS>
      <Cet>0</Cet>
      <PCALT>10</PCALT>
      <TCALT>0.6</TCALT>
      <Pelev>3165</Pelev>
      <Telev>3224</Telev>
      <PART>0.5</PART>
      <DELAY>1</DELAY>
    </SubCatchmentParameters>
    <SubCatchmentVegetationZone>
      <SubCatchmentVegetationZoneParameters>
        <TT>1.8234145891100171</TT>
        <CFMAX>4.8716783561215866</CFMAX>
        <SP>0</SP>
        <SFCF>0.776222396873797</SFCF>
        <CFR>0.024999146000159473</CFR>
        <CWH>0.1000013947583505</CWH>
        <CFGlacier>1</CFGlacier>
        <CFSlope>1</CFSlope>
        <FC>452.29861737139242</FC>
        <LP>0.99999585102995781</LP>
        <BETA>3.598603829827324</BETA>
      </SubCatchmentVegetationZoneParameters>
    </SubCatchmentVegetationZone>
  </SubCatchment>
</Catchment>