<?xml version="1.0" encoding="utf-8"?>
<Catchment xmlns:xsi="http://www.w3.org/2001/XMLSchema-instance" xmlns:xsd="http://www.w3.org/2001/XMLSchema">
  <CatchmentParameters>
    <KSI>0.001</KSI>
    <KGmin>0.05</KGmin>
    <RangeKG>0.1</RangeKG>
    <AG>0.1</AG>
    <PERC>9.99713739842578</PERC>
    <Alpha>0</Alpha>
    <UZL>127.0217402964289</UZL>
    <K0>0.51647554232689</K0>
    <K1>0.10025816891267492</K1>
    <K2>0.094151082266517666</K2>
    <MAXBAS>1.0002580893764672</MAXBAS>
    <Cet>0</Cet>
    <PCALT>10</PCALT>
    <TCALT>0.6</TCALT>
    <Pelev>3165</Pelev>
    <Telev>3224</Telev>
    <PART>0.5</PART>
    <DELAY>1</DELAY>
  </CatchmentParameters>
  <VegetationZone>
    <VegetationZoneParameters>
      <TT>0.54399574174919074</TT>
      <CFMAX>2.8409612459640807</CFMAX>
      <SP>0</SP>
      <SFCF>0.7400501657011036</SFCF>
      <CFR>0.080041151033344415</CFR>
      <CWH>0.10000106398125458</CWH>
      <CFGlacier>1</CFGlacier>
      <CFSlope>1</CFSlope>
      <FC>395.01229714459282</FC>
      <LP>0.99998296107017515</LP>
      <BETA>4.74507735373911</BETA>
    </VegetationZoneParameters>
  </VegetationZone>
  <SubCatchment>
    <SubCatchmentParameters>
      <KSI>0.001</KSI>
      <KGmin>0.05</KGmin>
      <RangeKG>0.1</RangeKG>
      <AG>0.1</AG>
      <PERC>9.99713739842578</PERC>
      <Alpha>0</Alpha>
      <UZL>127.0217402964289</UZL>
      <K0>0.51647554232689</K0>
      <K1>0.10025816891267492</K1>
      <K2>0.094151082266517666</K2>
      <MAXBAS>1.0002580893764672</MAXBAS>
      <Cet>0</Cet>
      <PCALT>10</PCALT>
      <TCALT>0.6</TCALT>
      <Pelev>3165</Pelev>
      <Telev>3224</Telev>
      <PART>0.5</PART>
      <DELAY>1</DELAY>
    </SubCatchmentParameters>
    <SubCatchmentVegetationZone>
      <SubCatchmentVegetationZoneParameters>
        <TT>0.54399574174919074</TT>
        <CFMAX>2.8409612459640807</CFMAX>
        <SP>0</SP>
        <SFCF>0.7400501657011036</SFCF>
        <CFR>0.080041151033344415</CFR>
        <CWH>0.10000106398125458</CWH>
        <CFGlacier>1</CFGlacier>
        <CFSlope>1</CFSlope>
        <FC>395.01229714459282</FC>
        <LP>0.99998296107017515</LP>
        <BETA>4.74507735373911</BETA>
      </SubCatchmentVegetationZoneParameters>
    </SubCatchmentVegetationZone>
  </SubCatchment>
</Catchment>