<?xml version="1.0" encoding="utf-8"?>
<Catchment xmlns:xsi="http://www.w3.org/2001/XMLSchema-instance" xmlns:xsd="http://www.w3.org/2001/XMLSchema">
  <CatchmentParameters>
    <KSI>0.001</KSI>
    <KGmin>0.05</KGmin>
    <RangeKG>0.1</RangeKG>
    <AG>0.1</AG>
    <PERC>0.53576874902560079</PERC>
    <Alpha>0</Alpha>
    <UZL>169.16180376632127</UZL>
    <K0>0.54934860234602545</K0>
    <K1>0.094115552424859611</K1>
    <K2>0.020000005971336103</K2>
    <MAXBAS>1.0051171566602519</MAXBAS>
    <Cet>0</Cet>
    <PCALT>10</PCALT>
    <TCALT>0.6</TCALT>
    <Pelev>3165</Pelev>
    <Telev>3224</Telev>
    <PART>0.5</PART>
    <DELAY>1</DELAY>
  </CatchmentParameters>
  <VegetationZone>
    <VegetationZoneParameters>
      <TT>0.74399681015635566</TT>
      <CFMAX>3.5330289679317652</CFMAX>
      <SP>0</SP>
      <SFCF>0.8425447134411721</SFCF>
      <CFR>0.0661471855479449</CFR>
      <CWH>0.10000016613596056</CWH>
      <CFGlacier>1</CFGlacier>
      <CFSlope>1</CFSlope>
      <FC>454.07623779720063</FC>
      <LP>0.833532922459587</LP>
      <BETA>2.9742114836902531</BETA>
    </VegetationZoneParameters>
  </VegetationZone>
  <SubCatchment>
    <SubCatchmentParameters>
      <KSI>0.001</KSI>
      <KGmin>0.05</KGmin>
      <RangeKG>0.1</RangeKG>
      <AG>0.1</AG>
      <PERC>0.53576874902560079</PERC>
      <Alpha>0</Alpha>
      <UZL>169.16180376632127</UZL>
      <K0>0.54934860234602545</K0>
      <K1>0.094115552424859611</K1>
      <K2>0.020000005971336103</K2>
      <MAXBAS>1.0051171566602519</MAXBAS>
      <Cet>0</Cet>
      <PCALT>10</PCALT>
      <TCALT>0.6</TCALT>
      <Pelev>3165</Pelev>
      <Telev>3224</Telev>
      <PART>0.5</PART>
      <DELAY>1</DELAY>
    </SubCatchmentParameters>
    <SubCatchmentVegetationZone>
      <SubCatchmentVegetationZoneParameters>
        <TT>0.74399681015635566</TT>
        <CFMAX>3.5330289679317652</CFMAX>
        <SP>0</SP>
        <SFCF>0.8425447134411721</SFCF>
        <CFR>0.0661471855479449</CFR>
        <CWH>0.10000016613596056</CWH>
        <CFGlacier>1</CFGlacier>
        <CFSlope>1</CFSlope>
        <FC>454.07623779720063</FC>
        <LP>0.833532922459587</LP>
        <BETA>2.9742114836902531</BETA>
      </SubCatchmentVegetationZoneParameters>
    </SubCatchmentVegetationZone>
  </SubCatchment>
</Catchment>