<?xml version="1.0" encoding="utf-8"?>
<Catchment xmlns:xsi="http://www.w3.org/2001/XMLSchema-instance" xmlns:xsd="http://www.w3.org/2001/XMLSchema">
  <CatchmentParameters>
    <KSI>0.001</KSI>
    <KGmin>0.05</KGmin>
    <RangeKG>0.1</RangeKG>
    <AG>0.1</AG>
    <PERC>6.3862102827774949</PERC>
    <Alpha>0</Alpha>
    <UZL>149.64538084146437</UZL>
    <K0>0.050013670184075404</K0>
    <K1>0.084064507648904968</K1>
    <K2>0.11427433013136847</K2>
    <MAXBAS>1.0001642396291282</MAXBAS>
    <Cet>0</Cet>
    <PCALT>10</PCALT>
    <TCALT>0.6</TCALT>
    <Pelev>3165</Pelev>
    <Telev>3224</Telev>
    <PART>0.5</PART>
    <DELAY>1</DELAY>
  </CatchmentParameters>
  <VegetationZone>
    <VegetationZoneParameters>
      <TT>0.43666218649968241</TT>
      <CFMAX>2.9050826866260984</CFMAX>
      <SP>0</SP>
      <SFCF>0.7759639584031125</SFCF>
      <CFR>0.08700799003780664</CFR>
      <CWH>0.10000127670679558</CWH>
      <CFGlacier>1</CFGlacier>
      <CFSlope>1</CFSlope>
      <FC>432.95097180596866</FC>
      <LP>0.910364836321139</LP>
      <BETA>4.5101662470266621</BETA>
    </VegetationZoneParameters>
  </VegetationZone>
  <SubCatchment>
    <SubCatchmentParameters>
      <KSI>0.001</KSI>
      <KGmin>0.05</KGmin>
      <RangeKG>0.1</RangeKG>
      <AG>0.1</AG>
      <PERC>6.3862102827774949</PERC>
      <Alpha>0</Alpha>
      <UZL>149.64538084146437</UZL>
      <K0>0.050013670184075404</K0>
      <K1>0.084064507648904968</K1>
      <K2>0.11427433013136847</K2>
      <MAXBAS>1.0001642396291282</MAXBAS>
      <Cet>0</Cet>
      <PCALT>10</PCALT>
      <TCALT>0.6</TCALT>
      <Pelev>3165</Pelev>
      <Telev>3224</Telev>
      <PART>0.5</PART>
      <DELAY>1</DELAY>
    </SubCatchmentParameters>
    <SubCatchmentVegetationZone>
      <SubCatchmentVegetationZoneParameters>
        <TT>0.43666218649968241</TT>
        <CFMAX>2.9050826866260984</CFMAX>
        <SP>0</SP>
        <SFCF>0.7759639584031125</SFCF>
        <CFR>0.08700799003780664</CFR>
        <CWH>0.10000127670679558</CWH>
        <CFGlacier>1</CFGlacier>
        <CFSlope>1</CFSlope>
        <FC>432.95097180596866</FC>
        <LP>0.910364836321139</LP>
        <BETA>4.5101662470266621</BETA>
      </SubCatchmentVegetationZoneParameters>
    </SubCatchmentVegetationZone>
  </SubCatchment>
</Catchment>