<?xml version="1.0" encoding="utf-8"?>
<Catchment xmlns:xsi="http://www.w3.org/2001/XMLSchema-instance" xmlns:xsd="http://www.w3.org/2001/XMLSchema">
  <CatchmentParameters>
    <KSI>0.001</KSI>
    <KGmin>0.05</KGmin>
    <RangeKG>0.1</RangeKG>
    <AG>0.1</AG>
    <PERC>9.1847158728737135</PERC>
    <Alpha>0</Alpha>
    <UZL>129.45434771073099</UZL>
    <K0>0.36803451035165008</K0>
    <K1>0.092348964947645856</K1>
    <K2>0.11426192156287653</K2>
    <MAXBAS>1.0001034974154552</MAXBAS>
    <Cet>0</Cet>
    <PCALT>10</PCALT>
    <TCALT>0.6</TCALT>
    <Pelev>3165</Pelev>
    <Telev>3224</Telev>
    <PART>0.5</PART>
    <DELAY>1</DELAY>
  </CatchmentParameters>
  <VegetationZone>
    <VegetationZoneParameters>
      <TT>1.9904716925086299</TT>
      <CFMAX>3.6004275624188753</CFMAX>
      <SP>0</SP>
      <SFCF>0.637395009641448</SFCF>
      <CFR>0.025770445192827687</CFR>
      <CWH>0.10000000912577085</CWH>
      <CFGlacier>1</CFGlacier>
      <CFSlope>1</CFSlope>
      <FC>271.19475132895542</FC>
      <LP>0.99999487922954466</LP>
      <BETA>3.5073209047490694</BETA>
    </VegetationZoneParameters>
  </VegetationZone>
  <SubCatchment>
    <SubCatchmentParameters>
      <KSI>0.001</KSI>
      <KGmin>0.05</KGmin>
      <RangeKG>0.1</RangeKG>
      <AG>0.1</AG>
      <PERC>9.1847158728737135</PERC>
      <Alpha>0</Alpha>
      <UZL>129.45434771073099</UZL>
      <K0>0.36803451035165008</K0>
      <K1>0.092348964947645856</K1>
      <K2>0.11426192156287653</K2>
      <MAXBAS>1.0001034974154552</MAXBAS>
      <Cet>0</Cet>
      <PCALT>10</PCALT>
      <TCALT>0.6</TCALT>
      <Pelev>3165</Pelev>
      <Telev>3224</Telev>
      <PART>0.5</PART>
      <DELAY>1</DELAY>
    </SubCatchmentParameters>
    <SubCatchmentVegetationZone>
      <SubCatchmentVegetationZoneParameters>
        <TT>1.9904716925086299</TT>
        <CFMAX>3.6004275624188753</CFMAX>
        <SP>0</SP>
        <SFCF>0.637395009641448</SFCF>
        <CFR>0.025770445192827687</CFR>
        <CWH>0.10000000912577085</CWH>
        <CFGlacier>1</CFGlacier>
        <CFSlope>1</CFSlope>
        <FC>271.19475132895542</FC>
        <LP>0.99999487922954466</LP>
        <BETA>3.5073209047490694</BETA>
      </SubCatchmentVegetationZoneParameters>
    </SubCatchmentVegetationZone>
  </SubCatchment>
</Catchment>