<?xml version="1.0" encoding="utf-8"?>
<Catchment xmlns:xsi="http://www.w3.org/2001/XMLSchema-instance" xmlns:xsd="http://www.w3.org/2001/XMLSchema">
  <CatchmentParameters>
    <KSI>0.001</KSI>
    <KGmin>0.05</KGmin>
    <RangeKG>0.1</RangeKG>
    <AG>0.1</AG>
    <PERC>8.83979765097797</PERC>
    <Alpha>0</Alpha>
    <UZL>68.121249577098</UZL>
    <K0>0.49706822918823962</K0>
    <K1>0.09984766547045805</K1>
    <K2>0.12870608050987595</K2>
    <MAXBAS>1.0000163763556886</MAXBAS>
    <Cet>0</Cet>
    <PCALT>10</PCALT>
    <TCALT>0.6</TCALT>
    <Pelev>3165</Pelev>
    <Telev>3224</Telev>
    <PART>0.5</PART>
    <DELAY>1</DELAY>
  </CatchmentParameters>
  <VegetationZone>
    <VegetationZoneParameters>
      <TT>1.2970267919376415</TT>
      <CFMAX>2.764828116690893</CFMAX>
      <SP>0</SP>
      <SFCF>0.63956090339922933</SFCF>
      <CFR>0.045789572976519421</CFR>
      <CWH>0.10119534749920754</CWH>
      <CFGlacier>1</CFGlacier>
      <CFSlope>1</CFSlope>
      <FC>282.65328526432637</FC>
      <LP>0.99999786603192209</LP>
      <BETA>4.45014486906893</BETA>
    </VegetationZoneParameters>
  </VegetationZone>
  <SubCatchment>
    <SubCatchmentParameters>
      <KSI>0.001</KSI>
      <KGmin>0.05</KGmin>
      <RangeKG>0.1</RangeKG>
      <AG>0.1</AG>
      <PERC>8.83979765097797</PERC>
      <Alpha>0</Alpha>
      <UZL>68.121249577098</UZL>
      <K0>0.49706822918823962</K0>
      <K1>0.09984766547045805</K1>
      <K2>0.12870608050987595</K2>
      <MAXBAS>1.0000163763556886</MAXBAS>
      <Cet>0</Cet>
      <PCALT>10</PCALT>
      <TCALT>0.6</TCALT>
      <Pelev>3165</Pelev>
      <Telev>3224</Telev>
      <PART>0.5</PART>
      <DELAY>1</DELAY>
    </SubCatchmentParameters>
    <SubCatchmentVegetationZone>
      <SubCatchmentVegetationZoneParameters>
        <TT>1.2970267919376415</TT>
        <CFMAX>2.764828116690893</CFMAX>
        <SP>0</SP>
        <SFCF>0.63956090339922933</SFCF>
        <CFR>0.045789572976519421</CFR>
        <CWH>0.10119534749920754</CWH>
        <CFGlacier>1</CFGlacier>
        <CFSlope>1</CFSlope>
        <FC>282.65328526432637</FC>
        <LP>0.99999786603192209</LP>
        <BETA>4.45014486906893</BETA>
      </SubCatchmentVegetationZoneParameters>
    </SubCatchmentVegetationZone>
  </SubCatchment>
</Catchment>