<?xml version="1.0" encoding="utf-8"?>
<Catchment xmlns:xsi="http://www.w3.org/2001/XMLSchema-instance" xmlns:xsd="http://www.w3.org/2001/XMLSchema">
  <CatchmentParameters>
    <KSI>0.001</KSI>
    <KGmin>0.05</KGmin>
    <RangeKG>0.1</RangeKG>
    <AG>0.1</AG>
    <PERC>0.24881797331798949</PERC>
    <Alpha>0</Alpha>
    <UZL>149.69418111259861</UZL>
    <K0>0.0856148832791409</K0>
    <K1>0.10911008866779572</K1>
    <K2>0.010000065543468467</K2>
    <MAXBAS>1</MAXBAS>
    <Cet>0</Cet>
    <PCALT>10</PCALT>
    <TCALT>0.6</TCALT>
    <Pelev>3165</Pelev>
    <Telev>3224</Telev>
    <PART>0.5</PART>
    <DELAY>1</DELAY>
  </CatchmentParameters>
  <VegetationZone>
    <VegetationZoneParameters>
      <TT>-0.96538033551041069</TT>
      <CFMAX>2.5041233729235461</CFMAX>
      <SP>0</SP>
      <SFCF>1.0394364023524183</SFCF>
      <CFR>0.099999182040528864</CFR>
      <CWH>0.19999762467389884</CWH>
      <CFGlacier>1</CFGlacier>
      <CFSlope>1</CFSlope>
      <FC>989.82304637977734</FC>
      <LP>0.76743998271442515</LP>
      <BETA>2.3817985433944409</BETA>
    </VegetationZoneParameters>
  </VegetationZone>
  <SubCatchment>
    <SubCatchmentParameters>
      <KSI>0.001</KSI>
      <KGmin>0.05</KGmin>
      <RangeKG>0.1</RangeKG>
      <AG>0.1</AG>
      <PERC>0.24881797331798949</PERC>
      <Alpha>0</Alpha>
      <UZL>149.69418111259861</UZL>
      <K0>0.0856148832791409</K0>
      <K1>0.10911008866779572</K1>
      <K2>0.010000065543468467</K2>
      <MAXBAS>1</MAXBAS>
      <Cet>0</Cet>
      <PCALT>10</PCALT>
      <TCALT>0.6</TCALT>
      <Pelev>3165</Pelev>
      <Telev>3224</Telev>
      <PART>0.5</PART>
      <DELAY>1</DELAY>
    </SubCatchmentParameters>
    <SubCatchmentVegetationZone>
      <SubCatchmentVegetationZoneParameters>
        <TT>-0.96538033551041069</TT>
        <CFMAX>2.5041233729235461</CFMAX>
        <SP>0</SP>
        <SFCF>1.0394364023524183</SFCF>
        <CFR>0.099999182040528864</CFR>
        <CWH>0.19999762467389884</CWH>
        <CFGlacier>1</CFGlacier>
        <CFSlope>1</CFSlope>
        <FC>989.82304637977734</FC>
        <LP>0.76743998271442515</LP>
        <BETA>2.3817985433944409</BETA>
      </SubCatchmentVegetationZoneParameters>
    </SubCatchmentVegetationZone>
  </SubCatchment>
</Catchment>