<?xml version="1.0" encoding="utf-8"?>
<Catchment xmlns:xsi="http://www.w3.org/2001/XMLSchema-instance" xmlns:xsd="http://www.w3.org/2001/XMLSchema">
  <CatchmentParameters>
    <KSI>0.001</KSI>
    <KGmin>0.05</KGmin>
    <RangeKG>0.1</RangeKG>
    <AG>0.1</AG>
    <PERC>6.3270920901963272</PERC>
    <Alpha>0</Alpha>
    <UZL>172.38595282310413</UZL>
    <K0>0.49669346198851638</K0>
    <K1>0.080370052185397653</K1>
    <K2>0.12158372067513028</K2>
    <MAXBAS>1.0049240979075931</MAXBAS>
    <Cet>0</Cet>
    <PCALT>10</PCALT>
    <TCALT>0.6</TCALT>
    <Pelev>3165</Pelev>
    <Telev>3224</Telev>
    <PART>0.5</PART>
    <DELAY>1</DELAY>
  </CatchmentParameters>
  <VegetationZone>
    <VegetationZoneParameters>
      <TT>1.2283665598508975</TT>
      <CFMAX>4.3298640310799232</CFMAX>
      <SP>0</SP>
      <SFCF>0.86539149660864256</SFCF>
      <CFR>0.04201284655899503</CFR>
      <CWH>0.10000000030498121</CWH>
      <CFGlacier>1</CFGlacier>
      <CFSlope>1</CFSlope>
      <FC>648.89831200955916</FC>
      <LP>0.95221168629795327</LP>
      <BETA>3.5682224316949642</BETA>
    </VegetationZoneParameters>
  </VegetationZone>
  <SubCatchment>
    <SubCatchmentParameters>
      <KSI>0.001</KSI>
      <KGmin>0.05</KGmin>
      <RangeKG>0.1</RangeKG>
      <AG>0.1</AG>
      <PERC>6.3270920901963272</PERC>
      <Alpha>0</Alpha>
      <UZL>172.38595282310413</UZL>
      <K0>0.49669346198851638</K0>
      <K1>0.080370052185397653</K1>
      <K2>0.12158372067513028</K2>
      <MAXBAS>1.0049240979075931</MAXBAS>
      <Cet>0</Cet>
      <PCALT>10</PCALT>
      <TCALT>0.6</TCALT>
      <Pelev>3165</Pelev>
      <Telev>3224</Telev>
      <PART>0.5</PART>
      <DELAY>1</DELAY>
    </SubCatchmentParameters>
    <SubCatchmentVegetationZone>
      <SubCatchmentVegetationZoneParameters>
        <TT>1.2283665598508975</TT>
        <CFMAX>4.3298640310799232</CFMAX>
        <SP>0</SP>
        <SFCF>0.86539149660864256</SFCF>
        <CFR>0.04201284655899503</CFR>
        <CWH>0.10000000030498121</CWH>
        <CFGlacier>1</CFGlacier>
        <CFSlope>1</CFSlope>
        <FC>648.89831200955916</FC>
        <LP>0.95221168629795327</LP>
        <BETA>3.5682224316949642</BETA>
      </SubCatchmentVegetationZoneParameters>
    </SubCatchmentVegetationZone>
  </SubCatchment>
</Catchment>