<?xml version="1.0" encoding="utf-8"?>
<Catchment xmlns:xsi="http://www.w3.org/2001/XMLSchema-instance" xmlns:xsd="http://www.w3.org/2001/XMLSchema">
  <CatchmentParameters>
    <KSI>0.001</KSI>
    <KGmin>0.05</KGmin>
    <RangeKG>0.1</RangeKG>
    <AG>0.1</AG>
    <PERC>1.5414578532182224</PERC>
    <Alpha>0</Alpha>
    <UZL>55.867580217819061</UZL>
    <K0>0.2824080274215055</K0>
    <K1>0.18473472592743115</K1>
    <K2>0.02979500913645397</K2>
    <MAXBAS>1</MAXBAS>
    <Cet>0.15021734440389514</Cet>
    <PCALT>2.9524204770107021</PCALT>
    <TCALT>0.31137634168000977</TCALT>
    <Pelev>482</Pelev>
    <Telev>482</Telev>
    <PART>0.5</PART>
    <DELAY>1</DELAY>
  </CatchmentParameters>
  <VegetationZone>
    <VegetationZoneParameters>
      <TT>-1.9851306238449249</TT>
      <CFMAX>1.5152984191841517</CFMAX>
      <SP>0</SP>
      <SFCF>1.1434557622800297</SFCF>
      <CFR>0.051832967099326235</CFR>
      <CWH>0.19998811219014104</CWH>
      <CFGlacier>1</CFGlacier>
      <CFSlope>1</CFSlope>
      <FC>1706.199348987612</FC>
      <LP>0.73976489723220162</LP>
      <BETA>1.3621660907956397</BETA>
    </VegetationZoneParameters>
  </VegetationZone>
  <SubCatchment>
    <SubCatchmentParameters>
      <KSI>0.001</KSI>
      <KGmin>0.05</KGmin>
      <RangeKG>0.1</RangeKG>
      <AG>0.1</AG>
      <PERC>1.5414578532182224</PERC>
      <Alpha>0</Alpha>
      <UZL>55.867580217819061</UZL>
      <K0>0.2824080274215055</K0>
      <K1>0.18473472592743115</K1>
      <K2>0.02979500913645397</K2>
      <MAXBAS>1</MAXBAS>
      <Cet>0.15021734440389514</Cet>
      <PCALT>2.9524204770107021</PCALT>
      <TCALT>0.31137634168000977</TCALT>
      <Pelev>482</Pelev>
      <Telev>482</Telev>
      <PART>0.5</PART>
      <DELAY>1</DELAY>
    </SubCatchmentParameters>
    <SubCatchmentVegetationZone>
      <SubCatchmentVegetationZoneParameters>
        <TT>-1.9851306238449249</TT>
        <CFMAX>1.5152984191841517</CFMAX>
        <SP>0</SP>
        <SFCF>1.1434557622800297</SFCF>
        <CFR>0.051832967099326235</CFR>
        <CWH>0.19998811219014104</CWH>
        <CFGlacier>1</CFGlacier>
        <CFSlope>1</CFSlope>
        <FC>1706.199348987612</FC>
        <LP>0.73976489723220162</LP>
        <BETA>1.3621660907956397</BETA>
      </SubCatchmentVegetationZoneParameters>
    </SubCatchmentVegetationZone>
  </SubCatchment>
</Catchment>
