<?xml version="1.0" encoding="utf-8"?>
<Catchment xmlns:xsi="http://www.w3.org/2001/XMLSchema-instance" xmlns:xsd="http://www.w3.org/2001/XMLSchema">
  <CatchmentParameters>
    <KSI>0.001</KSI>
    <KGmin>0.05</KGmin>
    <RangeKG>0.1</RangeKG>
    <AG>0.1</AG>
    <PERC>1.3374686051551652</PERC>
    <Alpha>0</Alpha>
    <UZL>50.341923435449843</UZL>
    <K0>0.22569443076817619</K0>
    <K1>0.18524999611132859</K1>
    <K2>0.027944875315544772</K2>
    <MAXBAS>1</MAXBAS>
    <Cet>0.058458320899135822</Cet>
    <PCALT>2.6202935809204875</PCALT>
    <TCALT>0.15620114573187172</TCALT>
    <Pelev>482</Pelev>
    <Telev>482</Telev>
    <PART>0.5</PART>
    <DELAY>1</DELAY>
  </CatchmentParameters>
  <VegetationZone>
    <VegetationZoneParameters>
      <TT>-0.99492351941807622</TT>
      <CFMAX>2.4569185707338574</CFMAX>
      <SP>0</SP>
      <SFCF>0.90261932616023521</SFCF>
      <CFR>0.096992298092346621</CFR>
      <CWH>0.19996308514812128</CWH>
      <CFGlacier>1</CFGlacier>
      <CFSlope>1</CFSlope>
      <FC>1564.9959552708604</FC>
      <LP>0.69720603076067067</LP>
      <BETA>1.3633247243971587</BETA>
    </VegetationZoneParameters>
  </VegetationZone>
  <SubCatchment>
    <SubCatchmentParameters>
      <KSI>0.001</KSI>
      <KGmin>0.05</KGmin>
      <RangeKG>0.1</RangeKG>
      <AG>0.1</AG>
      <PERC>1.3374686051551652</PERC>
      <Alpha>0</Alpha>
      <UZL>50.341923435449843</UZL>
      <K0>0.22569443076817619</K0>
      <K1>0.18524999611132859</K1>
      <K2>0.027944875315544772</K2>
      <MAXBAS>1</MAXBAS>
      <Cet>0.058458320899135822</Cet>
      <PCALT>2.6202935809204875</PCALT>
      <TCALT>0.15620114573187172</TCALT>
      <Pelev>482</Pelev>
      <Telev>482</Telev>
      <PART>0.5</PART>
      <DELAY>1</DELAY>
    </SubCatchmentParameters>
    <SubCatchmentVegetationZone>
      <SubCatchmentVegetationZoneParameters>
        <TT>-0.99492351941807622</TT>
        <CFMAX>2.4569185707338574</CFMAX>
        <SP>0</SP>
        <SFCF>0.90261932616023521</SFCF>
        <CFR>0.096992298092346621</CFR>
        <CWH>0.19996308514812128</CWH>
        <CFGlacier>1</CFGlacier>
        <CFSlope>1</CFSlope>
        <FC>1564.9959552708604</FC>
        <LP>0.69720603076067067</LP>
        <BETA>1.3633247243971587</BETA>
      </SubCatchmentVegetationZoneParameters>
    </SubCatchmentVegetationZone>
  </SubCatchment>
</Catchment>