<?xml version="1.0" encoding="utf-8"?>
<Catchment xmlns:xsi="http://www.w3.org/2001/XMLSchema-instance" xmlns:xsd="http://www.w3.org/2001/XMLSchema">
  <CatchmentParameters>
    <KSI>0.001</KSI>
    <KGmin>0.05</KGmin>
    <RangeKG>0.1</RangeKG>
    <AG>0.1</AG>
    <PERC>1.3258227843587578</PERC>
    <Alpha>0</Alpha>
    <UZL>54.002156803345493</UZL>
    <K0>0.24938081916460614</K0>
    <K1>0.18610731744558995</K1>
    <K2>0.027679936116539586</K2>
    <MAXBAS>1</MAXBAS>
    <Cet>0.13876483327494432</Cet>
    <PCALT>3.1137512664534595</PCALT>
    <TCALT>0.10359803925939494</TCALT>
    <Pelev>482</Pelev>
    <Telev>482</Telev>
    <PART>0.5</PART>
    <DELAY>1</DELAY>
  </CatchmentParameters>
  <VegetationZone>
    <VegetationZoneParameters>
      <TT>-0.860398068890877</TT>
      <CFMAX>2.3612424109724466</CFMAX>
      <SP>0</SP>
      <SFCF>1.0402144236243136</SFCF>
      <CFR>0.0999677971327997</CFR>
      <CWH>0.19996766172908276</CWH>
      <CFGlacier>1</CFGlacier>
      <CFSlope>1</CFSlope>
      <FC>1585.5627951327022</FC>
      <LP>0.611155412189443</LP>
      <BETA>1.1732770477038603</BETA>
    </VegetationZoneParameters>
  </VegetationZone>
  <SubCatchment>
    <SubCatchmentParameters>
      <KSI>0.001</KSI>
      <KGmin>0.05</KGmin>
      <RangeKG>0.1</RangeKG>
      <AG>0.1</AG>
      <PERC>1.3258227843587578</PERC>
      <Alpha>0</Alpha>
      <UZL>54.002156803345493</UZL>
      <K0>0.24938081916460614</K0>
      <K1>0.18610731744558995</K1>
      <K2>0.027679936116539586</K2>
      <MAXBAS>1</MAXBAS>
      <Cet>0.13876483327494432</Cet>
      <PCALT>3.1137512664534595</PCALT>
      <TCALT>0.10359803925939494</TCALT>
      <Pelev>482</Pelev>
      <Telev>482</Telev>
      <PART>0.5</PART>
      <DELAY>1</DELAY>
    </SubCatchmentParameters>
    <SubCatchmentVegetationZone>
      <SubCatchmentVegetationZoneParameters>
        <TT>-0.860398068890877</TT>
        <CFMAX>2.3612424109724466</CFMAX>
        <SP>0</SP>
        <SFCF>1.0402144236243136</SFCF>
        <CFR>0.0999677971327997</CFR>
        <CWH>0.19996766172908276</CWH>
        <CFGlacier>1</CFGlacier>
        <CFSlope>1</CFSlope>
        <FC>1585.5627951327022</FC>
        <LP>0.611155412189443</LP>
        <BETA>1.1732770477038603</BETA>
      </SubCatchmentVegetationZoneParameters>
    </SubCatchmentVegetationZone>
  </SubCatchment>
</Catchment>