<?xml version="1.0" encoding="utf-8"?>
<Catchment xmlns:xsi="http://www.w3.org/2001/XMLSchema-instance" xmlns:xsd="http://www.w3.org/2001/XMLSchema">
  <CatchmentParameters>
    <KSI>0.001</KSI>
    <KGmin>0.05</KGmin>
    <RangeKG>0.1</RangeKG>
    <AG>0.1</AG>
    <PERC>1.3201233242874553</PERC>
    <Alpha>0</Alpha>
    <UZL>56.671387232607614</UZL>
    <K0>0.26411793592527971</K0>
    <K1>0.18126532327274042</K1>
    <K2>0.02756644930166699</K2>
    <MAXBAS>1</MAXBAS>
    <Cet>0.2157891203467957</Cet>
    <PCALT>3.2141420498155187</PCALT>
    <TCALT>0.046372851988248129</TCALT>
    <Pelev>482</Pelev>
    <Telev>482</Telev>
    <PART>0.5</PART>
    <DELAY>1</DELAY>
  </CatchmentParameters>
  <VegetationZone>
    <VegetationZoneParameters>
      <TT>-1.0003824635927281</TT>
      <CFMAX>0.71330920901470773</CFMAX>
      <SP>0</SP>
      <SFCF>0.8302534156640714</SFCF>
      <CFR>0.01431310915459964</CFR>
      <CWH>0.19999997098179198</CWH>
      <CFGlacier>1</CFGlacier>
      <CFSlope>1</CFSlope>
      <FC>1535.3512256040876</FC>
      <LP>0.65825564640944834</LP>
      <BETA>1.263632703924136</BETA>
    </VegetationZoneParameters>
  </VegetationZone>
  <SubCatchment>
    <SubCatchmentParameters>
      <KSI>0.001</KSI>
      <KGmin>0.05</KGmin>
      <RangeKG>0.1</RangeKG>
      <AG>0.1</AG>
      <PERC>1.3201233242874553</PERC>
      <Alpha>0</Alpha>
      <UZL>56.671387232607614</UZL>
      <K0>0.26411793592527971</K0>
      <K1>0.18126532327274042</K1>
      <K2>0.02756644930166699</K2>
      <MAXBAS>1</MAXBAS>
      <Cet>0.2157891203467957</Cet>
      <PCALT>3.2141420498155187</PCALT>
      <TCALT>0.046372851988248129</TCALT>
      <Pelev>482</Pelev>
      <Telev>482</Telev>
      <PART>0.5</PART>
      <DELAY>1</DELAY>
    </SubCatchmentParameters>
    <SubCatchmentVegetationZone>
      <SubCatchmentVegetationZoneParameters>
        <TT>-1.0003824635927281</TT>
        <CFMAX>0.71330920901470773</CFMAX>
        <SP>0</SP>
        <SFCF>0.8302534156640714</SFCF>
        <CFR>0.01431310915459964</CFR>
        <CWH>0.19999997098179198</CWH>
        <CFGlacier>1</CFGlacier>
        <CFSlope>1</CFSlope>
        <FC>1535.3512256040876</FC>
        <LP>0.65825564640944834</LP>
        <BETA>1.263632703924136</BETA>
      </SubCatchmentVegetationZoneParameters>
    </SubCatchmentVegetationZone>
  </SubCatchment>
</Catchment>