<?xml version="1.0" encoding="utf-8"?>
<Catchment xmlns:xsi="http://www.w3.org/2001/XMLSchema-instance" xmlns:xsd="http://www.w3.org/2001/XMLSchema">
  <CatchmentParameters>
    <KSI>0.001</KSI>
    <KGmin>0.05</KGmin>
    <RangeKG>0.1</RangeKG>
    <AG>0.1</AG>
    <PERC>1.2387555439506062</PERC>
    <Alpha>0</Alpha>
    <UZL>53.833049423656718</UZL>
    <K0>0.25800969066903751</K0>
    <K1>0.18693191269414664</K1>
    <K2>0.026999217920151024</K2>
    <MAXBAS>1</MAXBAS>
    <Cet>0.24873229274862505</Cet>
    <PCALT>2.6645272724314095</PCALT>
    <TCALT>0.3680932079033099</TCALT>
    <Pelev>482</Pelev>
    <Telev>482</Telev>
    <PART>0.5</PART>
    <DELAY>1</DELAY>
  </CatchmentParameters>
  <VegetationZone>
    <VegetationZoneParameters>
      <TT>-2.0910607525107041</TT>
      <CFMAX>1.8847095666080189</CFMAX>
      <SP>0</SP>
      <SFCF>1.1059997966015895</SFCF>
      <CFR>0.0999371085626575</CFR>
      <CWH>0.19995524291826813</CWH>
      <CFGlacier>1</CFGlacier>
      <CFSlope>1</CFSlope>
      <FC>1583.3236785195777</FC>
      <LP>0.68555525113128135</LP>
      <BETA>1.158309825095921</BETA>
    </VegetationZoneParameters>
  </VegetationZone>
  <SubCatchment>
    <SubCatchmentParameters>
      <KSI>0.001</KSI>
      <KGmin>0.05</KGmin>
      <RangeKG>0.1</RangeKG>
      <AG>0.1</AG>
      <PERC>1.2387555439506062</PERC>
      <Alpha>0</Alpha>
      <UZL>53.833049423656718</UZL>
      <K0>0.25800969066903751</K0>
      <K1>0.18693191269414664</K1>
      <K2>0.026999217920151024</K2>
      <MAXBAS>1</MAXBAS>
      <Cet>0.24873229274862505</Cet>
      <PCALT>2.6645272724314095</PCALT>
      <TCALT>0.3680932079033099</TCALT>
      <Pelev>482</Pelev>
      <Telev>482</Telev>
      <PART>0.5</PART>
      <DELAY>1</DELAY>
    </SubCatchmentParameters>
    <SubCatchmentVegetationZone>
      <SubCatchmentVegetationZoneParameters>
        <TT>-2.0910607525107041</TT>
        <CFMAX>1.8847095666080189</CFMAX>
        <SP>0</SP>
        <SFCF>1.1059997966015895</SFCF>
        <CFR>0.0999371085626575</CFR>
        <CWH>0.19995524291826813</CWH>
        <CFGlacier>1</CFGlacier>
        <CFSlope>1</CFSlope>
        <FC>1583.3236785195777</FC>
        <LP>0.68555525113128135</LP>
        <BETA>1.158309825095921</BETA>
      </SubCatchmentVegetationZoneParameters>
    </SubCatchmentVegetationZone>
  </SubCatchment>
</Catchment>