<?xml version="1.0" encoding="utf-8"?>
<Catchment xmlns:xsi="http://www.w3.org/2001/XMLSchema-instance" xmlns:xsd="http://www.w3.org/2001/XMLSchema">
  <CatchmentParameters>
    <KSI>0.001</KSI>
    <KGmin>0.05</KGmin>
    <RangeKG>0.1</RangeKG>
    <AG>0.1</AG>
    <PERC>1.4282019937907251</PERC>
    <Alpha>0</Alpha>
    <UZL>52.657446855196937</UZL>
    <K0>0.24611038601621088</K0>
    <K1>0.19047241720896482</K1>
    <K2>0.028900151575035032</K2>
    <MAXBAS>1</MAXBAS>
    <Cet>0.12820581069079953</Cet>
    <PCALT>2.8864700294273664</PCALT>
    <TCALT>0.17465383119878905</TCALT>
    <Pelev>482</Pelev>
    <Telev>482</Telev>
    <PART>0.5</PART>
    <DELAY>1</DELAY>
  </CatchmentParameters>
  <VegetationZone>
    <VegetationZoneParameters>
      <TT>-1.2955000452775107</TT>
      <CFMAX>1.2912009820091972</CFMAX>
      <SP>0</SP>
      <SFCF>0.9117269327852825</SFCF>
      <CFR>0.09997058859408478</CFR>
      <CWH>0.19999389831493658</CWH>
      <CFGlacier>1</CFGlacier>
      <CFSlope>1</CFSlope>
      <FC>1715.3031615705186</FC>
      <LP>0.76930537358294571</LP>
      <BETA>1.4289103211775918</BETA>
    </VegetationZoneParameters>
  </VegetationZone>
  <SubCatchment>
    <SubCatchmentParameters>
      <KSI>0.001</KSI>
      <KGmin>0.05</KGmin>
      <RangeKG>0.1</RangeKG>
      <AG>0.1</AG>
      <PERC>1.4282019937907251</PERC>
      <Alpha>0</Alpha>
      <UZL>52.657446855196937</UZL>
      <K0>0.24611038601621088</K0>
      <K1>0.19047241720896482</K1>
      <K2>0.028900151575035032</K2>
      <MAXBAS>1</MAXBAS>
      <Cet>0.12820581069079953</Cet>
      <PCALT>2.8864700294273664</PCALT>
      <TCALT>0.17465383119878905</TCALT>
      <Pelev>482</Pelev>
      <Telev>482</Telev>
      <PART>0.5</PART>
      <DELAY>1</DELAY>
    </SubCatchmentParameters>
    <SubCatchmentVegetationZone>
      <SubCatchmentVegetationZoneParameters>
        <TT>-1.2955000452775107</TT>
        <CFMAX>1.2912009820091972</CFMAX>
        <SP>0</SP>
        <SFCF>0.9117269327852825</SFCF>
        <CFR>0.09997058859408478</CFR>
        <CWH>0.19999389831493658</CWH>
        <CFGlacier>1</CFGlacier>
        <CFSlope>1</CFSlope>
        <FC>1715.3031615705186</FC>
        <LP>0.76930537358294571</LP>
        <BETA>1.4289103211775918</BETA>
      </SubCatchmentVegetationZoneParameters>
    </SubCatchmentVegetationZone>
  </SubCatchment>
</Catchment>