<?xml version="1.0" encoding="utf-8"?>
<Catchment xmlns:xsi="http://www.w3.org/2001/XMLSchema-instance" xmlns:xsd="http://www.w3.org/2001/XMLSchema">
  <CatchmentParameters>
    <KSI>0.001</KSI>
    <KGmin>0.05</KGmin>
    <RangeKG>0.1</RangeKG>
    <AG>0.1</AG>
    <PERC>1.698846778915408</PERC>
    <Alpha>0</Alpha>
    <UZL>48.828540087389513</UZL>
    <K0>0.23621090235609263</K0>
    <K1>0.19388683197634044</K1>
    <K2>0.0314699551760093</K2>
    <MAXBAS>1</MAXBAS>
    <Cet>0.09661145417064898</Cet>
    <PCALT>4.308962595651245</PCALT>
    <TCALT>0.15101082190819895</TCALT>
    <Pelev>482</Pelev>
    <Telev>482</Telev>
    <PART>0.5</PART>
    <DELAY>1</DELAY>
  </CatchmentParameters>
  <VegetationZone>
    <VegetationZoneParameters>
      <TT>-1.2148814946588638</TT>
      <CFMAX>1.1441996333039806</CFMAX>
      <SP>0</SP>
      <SFCF>0.6311383583418777</SFCF>
      <CFR>0.099948246262299381</CFR>
      <CWH>0.19999999249653336</CWH>
      <CFGlacier>1</CFGlacier>
      <CFSlope>1</CFSlope>
      <FC>2239.3811801413708</FC>
      <LP>0.7484750488246491</LP>
      <BETA>1.5275899960545898</BETA>
    </VegetationZoneParameters>
  </VegetationZone>
  <SubCatchment>
    <SubCatchmentParameters>
      <KSI>0.001</KSI>
      <KGmin>0.05</KGmin>
      <RangeKG>0.1</RangeKG>
      <AG>0.1</AG>
      <PERC>1.698846778915408</PERC>
      <Alpha>0</Alpha>
      <UZL>48.828540087389513</UZL>
      <K0>0.23621090235609263</K0>
      <K1>0.19388683197634044</K1>
      <K2>0.0314699551760093</K2>
      <MAXBAS>1</MAXBAS>
      <Cet>0.09661145417064898</Cet>
      <PCALT>4.308962595651245</PCALT>
      <TCALT>0.15101082190819895</TCALT>
      <Pelev>482</Pelev>
      <Telev>482</Telev>
      <PART>0.5</PART>
      <DELAY>1</DELAY>
    </SubCatchmentParameters>
    <SubCatchmentVegetationZone>
      <SubCatchmentVegetationZoneParameters>
        <TT>-1.2148814946588638</TT>
        <CFMAX>1.1441996333039806</CFMAX>
        <SP>0</SP>
        <SFCF>0.6311383583418777</SFCF>
        <CFR>0.099948246262299381</CFR>
        <CWH>0.19999999249653336</CWH>
        <CFGlacier>1</CFGlacier>
        <CFSlope>1</CFSlope>
        <FC>2239.3811801413708</FC>
        <LP>0.7484750488246491</LP>
        <BETA>1.5275899960545898</BETA>
      </SubCatchmentVegetationZoneParameters>
    </SubCatchmentVegetationZone>
  </SubCatchment>
</Catchment>