<?xml version="1.0" encoding="utf-8"?>
<Catchment xmlns:xsi="http://www.w3.org/2001/XMLSchema-instance" xmlns:xsd="http://www.w3.org/2001/XMLSchema">
  <CatchmentParameters>
    <KSI>0.001</KSI>
    <KGmin>0.05</KGmin>
    <RangeKG>0.1</RangeKG>
    <AG>0.1</AG>
    <PERC>1.2798029764692369</PERC>
    <Alpha>0</Alpha>
    <UZL>48.969891021589</UZL>
    <K0>0.21654783212501744</K0>
    <K1>0.18414701311139542</K1>
    <K2>0.02721087966571582</K2>
    <MAXBAS>1</MAXBAS>
    <Cet>0.1064567358272349</Cet>
    <PCALT>2.7175690778805293</PCALT>
    <TCALT>0.33820460954568404</TCALT>
    <Pelev>482</Pelev>
    <Telev>482</Telev>
    <PART>0.5</PART>
    <DELAY>1</DELAY>
  </CatchmentParameters>
  <VegetationZone>
    <VegetationZoneParameters>
      <TT>-1.929375363181068</TT>
      <CFMAX>1.767054028404734</CFMAX>
      <SP>0</SP>
      <SFCF>1.0160194929310227</SFCF>
      <CFR>0.025828926027239636</CFR>
      <CWH>0.1999780339352783</CWH>
      <CFGlacier>1</CFGlacier>
      <CFSlope>1</CFSlope>
      <FC>1497.7519784080532</FC>
      <LP>0.61072558128819132</LP>
      <BETA>1.1706117876463258</BETA>
    </VegetationZoneParameters>
  </VegetationZone>
  <SubCatchment>
    <SubCatchmentParameters>
      <KSI>0.001</KSI>
      <KGmin>0.05</KGmin>
      <RangeKG>0.1</RangeKG>
      <AG>0.1</AG>
      <PERC>1.2798029764692369</PERC>
      <Alpha>0</Alpha>
      <UZL>48.969891021589</UZL>
      <K0>0.21654783212501744</K0>
      <K1>0.18414701311139542</K1>
      <K2>0.02721087966571582</K2>
      <MAXBAS>1</MAXBAS>
      <Cet>0.1064567358272349</Cet>
      <PCALT>2.7175690778805293</PCALT>
      <TCALT>0.33820460954568404</TCALT>
      <Pelev>482</Pelev>
      <Telev>482</Telev>
      <PART>0.5</PART>
      <DELAY>1</DELAY>
    </SubCatchmentParameters>
    <SubCatchmentVegetationZone>
      <SubCatchmentVegetationZoneParameters>
        <TT>-1.929375363181068</TT>
        <CFMAX>1.767054028404734</CFMAX>
        <SP>0</SP>
        <SFCF>1.0160194929310227</SFCF>
        <CFR>0.025828926027239636</CFR>
        <CWH>0.1999780339352783</CWH>
        <CFGlacier>1</CFGlacier>
        <CFSlope>1</CFSlope>
        <FC>1497.7519784080532</FC>
        <LP>0.61072558128819132</LP>
        <BETA>1.1706117876463258</BETA>
      </SubCatchmentVegetationZoneParameters>
    </SubCatchmentVegetationZone>
  </SubCatchment>
</Catchment>