<?xml version="1.0" encoding="utf-8"?>
<Catchment xmlns:xsi="http://www.w3.org/2001/XMLSchema-instance" xmlns:xsd="http://www.w3.org/2001/XMLSchema">
  <CatchmentParameters>
    <KSI>0.001</KSI>
    <KGmin>0.05</KGmin>
    <RangeKG>0.1</RangeKG>
    <AG>0.1</AG>
    <PERC>1.685157284617592</PERC>
    <Alpha>0</Alpha>
    <UZL>44.025516365407462</UZL>
    <K0>0.21323656050490608</K0>
    <K1>0.19702384704441195</K1>
    <K2>0.031047164884866495</K2>
    <MAXBAS>1</MAXBAS>
    <Cet>0.061703153239710415</Cet>
    <PCALT>2.9655458807472606</PCALT>
    <TCALT>0.38349131639487183</TCALT>
    <Pelev>482</Pelev>
    <Telev>482</Telev>
    <PART>0.5</PART>
    <DELAY>1</DELAY>
  </CatchmentParameters>
  <VegetationZone>
    <VegetationZoneParameters>
      <TT>-2.1743316193998439</TT>
      <CFMAX>1.8961808212017193</CFMAX>
      <SP>0</SP>
      <SFCF>1.353529263623489</SFCF>
      <CFR>0.099989495295955452</CFR>
      <CWH>0.19997654764375797</CWH>
      <CFGlacier>1</CFGlacier>
      <CFSlope>1</CFSlope>
      <FC>2018.9011359231051</FC>
      <LP>0.78227663192769947</LP>
      <BETA>1.5643298999223934</BETA>
    </VegetationZoneParameters>
  </VegetationZone>
  <SubCatchment>
    <SubCatchmentParameters>
      <KSI>0.001</KSI>
      <KGmin>0.05</KGmin>
      <RangeKG>0.1</RangeKG>
      <AG>0.1</AG>
      <PERC>1.685157284617592</PERC>
      <Alpha>0</Alpha>
      <UZL>44.025516365407462</UZL>
      <K0>0.21323656050490608</K0>
      <K1>0.19702384704441195</K1>
      <K2>0.031047164884866495</K2>
      <MAXBAS>1</MAXBAS>
      <Cet>0.061703153239710415</Cet>
      <PCALT>2.9655458807472606</PCALT>
      <TCALT>0.38349131639487183</TCALT>
      <Pelev>482</Pelev>
      <Telev>482</Telev>
      <PART>0.5</PART>
      <DELAY>1</DELAY>
    </SubCatchmentParameters>
    <SubCatchmentVegetationZone>
      <SubCatchmentVegetationZoneParameters>
        <TT>-2.1743316193998439</TT>
        <CFMAX>1.8961808212017193</CFMAX>
        <SP>0</SP>
        <SFCF>1.353529263623489</SFCF>
        <CFR>0.099989495295955452</CFR>
        <CWH>0.19997654764375797</CWH>
        <CFGlacier>1</CFGlacier>
        <CFSlope>1</CFSlope>
        <FC>2018.9011359231051</FC>
        <LP>0.78227663192769947</LP>
        <BETA>1.5643298999223934</BETA>
      </SubCatchmentVegetationZoneParameters>
    </SubCatchmentVegetationZone>
  </SubCatchment>
</Catchment>