<?xml version="1.0" encoding="utf-8"?>
<Catchment xmlns:xsi="http://www.w3.org/2001/XMLSchema-instance" xmlns:xsd="http://www.w3.org/2001/XMLSchema">
  <CatchmentParameters>
    <KSI>0.001</KSI>
    <KGmin>0.05</KGmin>
    <RangeKG>0.1</RangeKG>
    <AG>0.1</AG>
    <PERC>1.3603473151906085</PERC>
    <Alpha>0</Alpha>
    <UZL>45.09425872056547</UZL>
    <K0>0.2016219734395398</K0>
    <K1>0.1842532681250493</K1>
    <K2>0.02877874035456169</K2>
    <MAXBAS>1</MAXBAS>
    <Cet>0.15207125854868353</Cet>
    <PCALT>5.1171390360070452</PCALT>
    <TCALT>0.19921158709656578</TCALT>
    <Pelev>482</Pelev>
    <Telev>482</Telev>
    <PART>0.5</PART>
    <DELAY>1</DELAY>
  </CatchmentParameters>
  <VegetationZone>
    <VegetationZoneParameters>
      <TT>-1.380141745475951</TT>
      <CFMAX>2.1041030285283742</CFMAX>
      <SP>0</SP>
      <SFCF>1.4157031313787882</SFCF>
      <CFR>0.09683763708280331</CFR>
      <CWH>0.19999177375030663</CWH>
      <CFGlacier>1</CFGlacier>
      <CFSlope>1</CFSlope>
      <FC>2117.8097809273768</FC>
      <LP>0.561017797665336</LP>
      <BETA>1.2267465396576396</BETA>
    </VegetationZoneParameters>
  </VegetationZone>
  <SubCatchment>
    <SubCatchmentParameters>
      <KSI>0.001</KSI>
      <KGmin>0.05</KGmin>
      <RangeKG>0.1</RangeKG>
      <AG>0.1</AG>
      <PERC>1.3603473151906085</PERC>
      <Alpha>0</Alpha>
      <UZL>45.09425872056547</UZL>
      <K0>0.2016219734395398</K0>
      <K1>0.1842532681250493</K1>
      <K2>0.02877874035456169</K2>
      <MAXBAS>1</MAXBAS>
      <Cet>0.15207125854868353</Cet>
      <PCALT>5.1171390360070452</PCALT>
      <TCALT>0.19921158709656578</TCALT>
      <Pelev>482</Pelev>
      <Telev>482</Telev>
      <PART>0.5</PART>
      <DELAY>1</DELAY>
    </SubCatchmentParameters>
    <SubCatchmentVegetationZone>
      <SubCatchmentVegetationZoneParameters>
        <TT>-1.380141745475951</TT>
        <CFMAX>2.1041030285283742</CFMAX>
        <SP>0</SP>
        <SFCF>1.4157031313787882</SFCF>
        <CFR>0.09683763708280331</CFR>
        <CWH>0.19999177375030663</CWH>
        <CFGlacier>1</CFGlacier>
        <CFSlope>1</CFSlope>
        <FC>2117.8097809273768</FC>
        <LP>0.561017797665336</LP>
        <BETA>1.2267465396576396</BETA>
      </SubCatchmentVegetationZoneParameters>
    </SubCatchmentVegetationZone>
  </SubCatchment>
</Catchment>