<?xml version="1.0" encoding="utf-8"?>
<Catchment xmlns:xsi="http://www.w3.org/2001/XMLSchema-instance" xmlns:xsd="http://www.w3.org/2001/XMLSchema">
  <CatchmentParameters>
    <KSI>0.001</KSI>
    <KGmin>0.05</KGmin>
    <RangeKG>0.1</RangeKG>
    <AG>0.1</AG>
    <PERC>1.605130314531126</PERC>
    <Alpha>0</Alpha>
    <UZL>122.84345300703939</UZL>
    <K0>0.853289618065669</K0>
    <K1>0.2436725404719505</K1>
    <K2>0.028944412737458087</K2>
    <MAXBAS>1</MAXBAS>
    <Cet>0.29058304256471174</Cet>
    <PCALT>3.2397860412933182</PCALT>
    <TCALT>0.31441036374708514</TCALT>
    <Pelev>482</Pelev>
    <Telev>482</Telev>
    <PART>0.5</PART>
    <DELAY>1</DELAY>
  </CatchmentParameters>
  <VegetationZone>
    <VegetationZoneParameters>
      <TT>-1.8006674500857154</TT>
      <CFMAX>1.7238009334319535</CFMAX>
      <SP>0</SP>
      <SFCF>1.0997543802056065</SFCF>
      <CFR>0.083209881741131517</CFR>
      <CWH>0.19998862295498809</CWH>
      <CFGlacier>1</CFGlacier>
      <CFSlope>1</CFSlope>
      <FC>1646.7080595567406</FC>
      <LP>0.68457915744985132</LP>
      <BETA>1.2392359166542393</BETA>
    </VegetationZoneParameters>
  </VegetationZone>
  <SubCatchment>
    <SubCatchmentParameters>
      <KSI>0.001</KSI>
      <KGmin>0.05</KGmin>
      <RangeKG>0.1</RangeKG>
      <AG>0.1</AG>
      <PERC>1.605130314531126</PERC>
      <Alpha>0</Alpha>
      <UZL>122.84345300703939</UZL>
      <K0>0.853289618065669</K0>
      <K1>0.2436725404719505</K1>
      <K2>0.028944412737458087</K2>
      <MAXBAS>1</MAXBAS>
      <Cet>0.29058304256471174</Cet>
      <PCALT>3.2397860412933182</PCALT>
      <TCALT>0.31441036374708514</TCALT>
      <Pelev>482</Pelev>
      <Telev>482</Telev>
      <PART>0.5</PART>
      <DELAY>1</DELAY>
    </SubCatchmentParameters>
    <SubCatchmentVegetationZone>
      <SubCatchmentVegetationZoneParameters>
        <TT>-1.8006674500857154</TT>
        <CFMAX>1.7238009334319535</CFMAX>
        <SP>0</SP>
        <SFCF>1.0997543802056065</SFCF>
        <CFR>0.083209881741131517</CFR>
        <CWH>0.19998862295498809</CWH>
        <CFGlacier>1</CFGlacier>
        <CFSlope>1</CFSlope>
        <FC>1646.7080595567406</FC>
        <LP>0.68457915744985132</LP>
        <BETA>1.2392359166542393</BETA>
      </SubCatchmentVegetationZoneParameters>
    </SubCatchmentVegetationZone>
  </SubCatchment>
</Catchment>