<?xml version="1.0" encoding="utf-8"?>
<Catchment xmlns:xsi="http://www.w3.org/2001/XMLSchema-instance" xmlns:xsd="http://www.w3.org/2001/XMLSchema">
  <CatchmentParameters>
    <KSI>0.001</KSI>
    <KGmin>0.05</KGmin>
    <RangeKG>0.1</RangeKG>
    <AG>0.1</AG>
    <PERC>1.4027311508645788</PERC>
    <Alpha>0</Alpha>
    <UZL>53.058095302734564</UZL>
    <K0>0.24074764915211716</K0>
    <K1>0.19268585262662752</K1>
    <K2>0.028976687924718053</K2>
    <MAXBAS>1</MAXBAS>
    <Cet>0.0954874109191918</Cet>
    <PCALT>3.0121103827555538</PCALT>
    <TCALT>0.12772453271131667</TCALT>
    <Pelev>482</Pelev>
    <Telev>482</Telev>
    <PART>0.5</PART>
    <DELAY>1</DELAY>
  </CatchmentParameters>
  <VegetationZone>
    <VegetationZoneParameters>
      <TT>-1.1355115201133645</TT>
      <CFMAX>1.6556693578814803</CFMAX>
      <SP>0</SP>
      <SFCF>1.174957475627471</SFCF>
      <CFR>0.0999195680858602</CFR>
      <CWH>0.19998534515353431</CWH>
      <CFGlacier>1</CFGlacier>
      <CFSlope>1</CFSlope>
      <FC>2056.7677424900044</FC>
      <LP>0.89647410830841046</LP>
      <BETA>2.0084324801228197</BETA>
    </VegetationZoneParameters>
  </VegetationZone>
  <SubCatchment>
    <SubCatchmentParameters>
      <KSI>0.001</KSI>
      <KGmin>0.05</KGmin>
      <RangeKG>0.1</RangeKG>
      <AG>0.1</AG>
      <PERC>1.4027311508645788</PERC>
      <Alpha>0</Alpha>
      <UZL>53.058095302734564</UZL>
      <K0>0.24074764915211716</K0>
      <K1>0.19268585262662752</K1>
      <K2>0.028976687924718053</K2>
      <MAXBAS>1</MAXBAS>
      <Cet>0.0954874109191918</Cet>
      <PCALT>3.0121103827555538</PCALT>
      <TCALT>0.12772453271131667</TCALT>
      <Pelev>482</Pelev>
      <Telev>482</Telev>
      <PART>0.5</PART>
      <DELAY>1</DELAY>
    </SubCatchmentParameters>
    <SubCatchmentVegetationZone>
      <SubCatchmentVegetationZoneParameters>
        <TT>-1.1355115201133645</TT>
        <CFMAX>1.6556693578814803</CFMAX>
        <SP>0</SP>
        <SFCF>1.174957475627471</SFCF>
        <CFR>0.0999195680858602</CFR>
        <CWH>0.19998534515353431</CWH>
        <CFGlacier>1</CFGlacier>
        <CFSlope>1</CFSlope>
        <FC>2056.7677424900044</FC>
        <LP>0.89647410830841046</LP>
        <BETA>2.0084324801228197</BETA>
      </SubCatchmentVegetationZoneParameters>
    </SubCatchmentVegetationZone>
  </SubCatchment>
</Catchment>