<?xml version="1.0" encoding="utf-8"?>
<Catchment xmlns:xsi="http://www.w3.org/2001/XMLSchema-instance" xmlns:xsd="http://www.w3.org/2001/XMLSchema">
  <CatchmentParameters>
    <KSI>0.001</KSI>
    <KGmin>0.05</KGmin>
    <RangeKG>0.1</RangeKG>
    <AG>0.1</AG>
    <PERC>1.7135284627305056</PERC>
    <Alpha>0</Alpha>
    <UZL>138.50817780867857</UZL>
    <K0>0.73896131790090169</K0>
    <K1>0.24477239275658683</K1>
    <K2>0.030291971202523769</K2>
    <MAXBAS>1</MAXBAS>
    <Cet>0.071607741672614383</Cet>
    <PCALT>3.6755608376611555</PCALT>
    <TCALT>0.23679072553752317</TCALT>
    <Pelev>482</Pelev>
    <Telev>482</Telev>
    <PART>0.5</PART>
    <DELAY>1</DELAY>
  </CatchmentParameters>
  <VegetationZone>
    <VegetationZoneParameters>
      <TT>-1.5808130584096338</TT>
      <CFMAX>1.7471593437842943</CFMAX>
      <SP>0</SP>
      <SFCF>1.2056770845665112</SFCF>
      <CFR>0.099966880146811779</CFR>
      <CWH>0.19996858940246878</CWH>
      <CFGlacier>1</CFGlacier>
      <CFSlope>1</CFSlope>
      <FC>2179.96547896334</FC>
      <LP>0.83845999534245474</LP>
      <BETA>1.9847440509474408</BETA>
    </VegetationZoneParameters>
  </VegetationZone>
  <SubCatchment>
    <SubCatchmentParameters>
      <KSI>0.001</KSI>
      <KGmin>0.05</KGmin>
      <RangeKG>0.1</RangeKG>
      <AG>0.1</AG>
      <PERC>1.7135284627305056</PERC>
      <Alpha>0</Alpha>
      <UZL>138.50817780867857</UZL>
      <K0>0.73896131790090169</K0>
      <K1>0.24477239275658683</K1>
      <K2>0.030291971202523769</K2>
      <MAXBAS>1</MAXBAS>
      <Cet>0.071607741672614383</Cet>
      <PCALT>3.6755608376611555</PCALT>
      <TCALT>0.23679072553752317</TCALT>
      <Pelev>482</Pelev>
      <Telev>482</Telev>
      <PART>0.5</PART>
      <DELAY>1</DELAY>
    </SubCatchmentParameters>
    <SubCatchmentVegetationZone>
      <SubCatchmentVegetationZoneParameters>
        <TT>-1.5808130584096338</TT>
        <CFMAX>1.7471593437842943</CFMAX>
        <SP>0</SP>
        <SFCF>1.2056770845665112</SFCF>
        <CFR>0.099966880146811779</CFR>
        <CWH>0.19996858940246878</CWH>
        <CFGlacier>1</CFGlacier>
        <CFSlope>1</CFSlope>
        <FC>2179.96547896334</FC>
        <LP>0.83845999534245474</LP>
        <BETA>1.9847440509474408</BETA>
      </SubCatchmentVegetationZoneParameters>
    </SubCatchmentVegetationZone>
  </SubCatchment>
</Catchment>