<?xml version="1.0" encoding="utf-8"?>
<Catchment xmlns:xsi="http://www.w3.org/2001/XMLSchema-instance" xmlns:xsd="http://www.w3.org/2001/XMLSchema">
  <CatchmentParameters>
    <KSI>0.001</KSI>
    <KGmin>0.05</KGmin>
    <RangeKG>0.1</RangeKG>
    <AG>0.1</AG>
    <PERC>1.7195500360236375</PERC>
    <Alpha>0</Alpha>
    <UZL>127.47523631827268</UZL>
    <K0>0.46443266771635716</K0>
    <K1>0.24417069305321049</K1>
    <K2>0.030265804224703825</K2>
    <MAXBAS>1</MAXBAS>
    <Cet>0.14923662747692454</Cet>
    <PCALT>2.0696785009079433</PCALT>
    <TCALT>0.054972328665218513</TCALT>
    <Pelev>482</Pelev>
    <Telev>482</Telev>
    <PART>0.5</PART>
    <DELAY>1</DELAY>
  </CatchmentParameters>
  <VegetationZone>
    <VegetationZoneParameters>
      <TT>-0.59735400142370465</TT>
      <CFMAX>3.2352710639955511</CFMAX>
      <SP>0</SP>
      <SFCF>1.3760808159999869</SFCF>
      <CFR>0.099998129351962575</CFR>
      <CWH>0.1835172832615089</CWH>
      <CFGlacier>1</CFGlacier>
      <CFSlope>1</CFSlope>
      <FC>1868.7953767964425</FC>
      <LP>0.8339793228437905</LP>
      <BETA>1.3965758267470276</BETA>
    </VegetationZoneParameters>
  </VegetationZone>
  <SubCatchment>
    <SubCatchmentParameters>
      <KSI>0.001</KSI>
      <KGmin>0.05</KGmin>
      <RangeKG>0.1</RangeKG>
      <AG>0.1</AG>
      <PERC>1.7195500360236375</PERC>
      <Alpha>0</Alpha>
      <UZL>127.47523631827268</UZL>
      <K0>0.46443266771635716</K0>
      <K1>0.24417069305321049</K1>
      <K2>0.030265804224703825</K2>
      <MAXBAS>1</MAXBAS>
      <Cet>0.14923662747692454</Cet>
      <PCALT>2.0696785009079433</PCALT>
      <TCALT>0.054972328665218513</TCALT>
      <Pelev>482</Pelev>
      <Telev>482</Telev>
      <PART>0.5</PART>
      <DELAY>1</DELAY>
    </SubCatchmentParameters>
    <SubCatchmentVegetationZone>
      <SubCatchmentVegetationZoneParameters>
        <TT>-0.59735400142370465</TT>
        <CFMAX>3.2352710639955511</CFMAX>
        <SP>0</SP>
        <SFCF>1.3760808159999869</SFCF>
        <CFR>0.099998129351962575</CFR>
        <CWH>0.1835172832615089</CWH>
        <CFGlacier>1</CFGlacier>
        <CFSlope>1</CFSlope>
        <FC>1868.7953767964425</FC>
        <LP>0.8339793228437905</LP>
        <BETA>1.3965758267470276</BETA>
      </SubCatchmentVegetationZoneParameters>
    </SubCatchmentVegetationZone>
  </SubCatchment>
</Catchment>