<?xml version="1.0" encoding="utf-8"?>
<Catchment xmlns:xsi="http://www.w3.org/2001/XMLSchema-instance" xmlns:xsd="http://www.w3.org/2001/XMLSchema">
  <CatchmentParameters>
    <KSI>0.001</KSI>
    <KGmin>0.05</KGmin>
    <RangeKG>0.1</RangeKG>
    <AG>0.1</AG>
    <PERC>1.176470799714249</PERC>
    <Alpha>0</Alpha>
    <UZL>59.395531192180442</UZL>
    <K0>0.2852898391981043</K0>
    <K1>0.17304204846626012</K1>
    <K2>0.026286968416325985</K2>
    <MAXBAS>1</MAXBAS>
    <Cet>0.21337534670098646</Cet>
    <PCALT>1.8612584893149469</PCALT>
    <TCALT>0.24921055458487174</TCALT>
    <Pelev>482</Pelev>
    <Telev>482</Telev>
    <PART>0.5</PART>
    <DELAY>1</DELAY>
  </CatchmentParameters>
  <VegetationZone>
    <VegetationZoneParameters>
      <TT>-1.7987981269530347</TT>
      <CFMAX>1.4952124755241534</CFMAX>
      <SP>0</SP>
      <SFCF>1.179787031390974</SFCF>
      <CFR>0.099796745003288556</CFR>
      <CWH>0.1999868346214925</CWH>
      <CFGlacier>1</CFGlacier>
      <CFSlope>1</CFSlope>
      <FC>1421.6100583919929</FC>
      <LP>0.82388641864472745</LP>
      <BETA>1.456956146921804</BETA>
    </VegetationZoneParameters>
  </VegetationZone>
  <SubCatchment>
    <SubCatchmentParameters>
      <KSI>0.001</KSI>
      <KGmin>0.05</KGmin>
      <RangeKG>0.1</RangeKG>
      <AG>0.1</AG>
      <PERC>1.176470799714249</PERC>
      <Alpha>0</Alpha>
      <UZL>59.395531192180442</UZL>
      <K0>0.2852898391981043</K0>
      <K1>0.17304204846626012</K1>
      <K2>0.026286968416325985</K2>
      <MAXBAS>1</MAXBAS>
      <Cet>0.21337534670098646</Cet>
      <PCALT>1.8612584893149469</PCALT>
      <TCALT>0.24921055458487174</TCALT>
      <Pelev>482</Pelev>
      <Telev>482</Telev>
      <PART>0.5</PART>
      <DELAY>1</DELAY>
    </SubCatchmentParameters>
    <SubCatchmentVegetationZone>
      <SubCatchmentVegetationZoneParameters>
        <TT>-1.7987981269530347</TT>
        <CFMAX>1.4952124755241534</CFMAX>
        <SP>0</SP>
        <SFCF>1.179787031390974</SFCF>
        <CFR>0.099796745003288556</CFR>
        <CWH>0.1999868346214925</CWH>
        <CFGlacier>1</CFGlacier>
        <CFSlope>1</CFSlope>
        <FC>1421.6100583919929</FC>
        <LP>0.82388641864472745</LP>
        <BETA>1.456956146921804</BETA>
      </SubCatchmentVegetationZoneParameters>
    </SubCatchmentVegetationZone>
  </SubCatchment>
</Catchment>