<?xml version="1.0" encoding="utf-8"?>
<Catchment xmlns:xsi="http://www.w3.org/2001/XMLSchema-instance" xmlns:xsd="http://www.w3.org/2001/XMLSchema">
  <CatchmentParameters>
    <KSI>0.001</KSI>
    <KGmin>0.05</KGmin>
    <RangeKG>0.1</RangeKG>
    <AG>0.1</AG>
    <PERC>1.5288645033029102</PERC>
    <Alpha>0</Alpha>
    <UZL>45.651612113461425</UZL>
    <K0>0.20236025698192084</K0>
    <K1>0.18486070017262068</K1>
    <K2>0.029773588265166136</K2>
    <MAXBAS>1</MAXBAS>
    <Cet>0.051329222141752777</Cet>
    <PCALT>2.7458869805179393</PCALT>
    <TCALT>0.18807572891386937</TCALT>
    <Pelev>482</Pelev>
    <Telev>482</Telev>
    <PART>0.5</PART>
    <DELAY>1</DELAY>
  </CatchmentParameters>
  <VegetationZone>
    <VegetationZoneParameters>
      <TT>-1.1673202754500256</TT>
      <CFMAX>2.1263982043169802</CFMAX>
      <SP>0</SP>
      <SFCF>1.0449123311091164</SFCF>
      <CFR>0.099999998855988315</CFR>
      <CWH>0.19997680267125079</CWH>
      <CFGlacier>1</CFGlacier>
      <CFSlope>1</CFSlope>
      <FC>1718.8850463827384</FC>
      <LP>0.75167021425147107</LP>
      <BETA>1.5214554550902193</BETA>
    </VegetationZoneParameters>
  </VegetationZone>
  <SubCatchment>
    <SubCatchmentParameters>
      <KSI>0.001</KSI>
      <KGmin>0.05</KGmin>
      <RangeKG>0.1</RangeKG>
      <AG>0.1</AG>
      <PERC>1.5288645033029102</PERC>
      <Alpha>0</Alpha>
      <UZL>45.651612113461425</UZL>
      <K0>0.20236025698192084</K0>
      <K1>0.18486070017262068</K1>
      <K2>0.029773588265166136</K2>
      <MAXBAS>1</MAXBAS>
      <Cet>0.051329222141752777</Cet>
      <PCALT>2.7458869805179393</PCALT>
      <TCALT>0.18807572891386937</TCALT>
      <Pelev>482</Pelev>
      <Telev>482</Telev>
      <PART>0.5</PART>
      <DELAY>1</DELAY>
    </SubCatchmentParameters>
    <SubCatchmentVegetationZone>
      <SubCatchmentVegetationZoneParameters>
        <TT>-1.1673202754500256</TT>
        <CFMAX>2.1263982043169802</CFMAX>
        <SP>0</SP>
        <SFCF>1.0449123311091164</SFCF>
        <CFR>0.099999998855988315</CFR>
        <CWH>0.19997680267125079</CWH>
        <CFGlacier>1</CFGlacier>
        <CFSlope>1</CFSlope>
        <FC>1718.8850463827384</FC>
        <LP>0.75167021425147107</LP>
        <BETA>1.5214554550902193</BETA>
      </SubCatchmentVegetationZoneParameters>
    </SubCatchmentVegetationZone>
  </SubCatchment>
</Catchment>