<?xml version="1.0" encoding="utf-8"?>
<Catchment xmlns:xsi="http://www.w3.org/2001/XMLSchema-instance" xmlns:xsd="http://www.w3.org/2001/XMLSchema">
  <CatchmentParameters>
    <KSI>0.001</KSI>
    <KGmin>0.05</KGmin>
    <RangeKG>0.1</RangeKG>
    <AG>0.1</AG>
    <PERC>1.3730095958984718</PERC>
    <Alpha>0</Alpha>
    <UZL>54.107852485371723</UZL>
    <K0>0.24870241388558995</K0>
    <K1>0.19020818058041666</K1>
    <K2>0.0285171692200852</K2>
    <MAXBAS>1</MAXBAS>
    <Cet>0.15110212306112555</Cet>
    <PCALT>2.424272388105071</PCALT>
    <TCALT>0.25705359160364988</TCALT>
    <Pelev>482</Pelev>
    <Telev>482</Telev>
    <PART>0.5</PART>
    <DELAY>1</DELAY>
  </CatchmentParameters>
  <VegetationZone>
    <VegetationZoneParameters>
      <TT>-1.5765075245709859</TT>
      <CFMAX>1.0655484035338394</CFMAX>
      <SP>0</SP>
      <SFCF>0.621244126468595</SFCF>
      <CFR>0.056227911670300376</CFR>
      <CWH>0.19997738096231144</CWH>
      <CFGlacier>1</CFGlacier>
      <CFSlope>1</CFSlope>
      <FC>1705.6943860652034</FC>
      <LP>0.91459802814532032</LP>
      <BETA>1.7270087319521958</BETA>
    </VegetationZoneParameters>
  </VegetationZone>
  <SubCatchment>
    <SubCatchmentParameters>
      <KSI>0.001</KSI>
      <KGmin>0.05</KGmin>
      <RangeKG>0.1</RangeKG>
      <AG>0.1</AG>
      <PERC>1.3730095958984718</PERC>
      <Alpha>0</Alpha>
      <UZL>54.107852485371723</UZL>
      <K0>0.24870241388558995</K0>
      <K1>0.19020818058041666</K1>
      <K2>0.0285171692200852</K2>
      <MAXBAS>1</MAXBAS>
      <Cet>0.15110212306112555</Cet>
      <PCALT>2.424272388105071</PCALT>
      <TCALT>0.25705359160364988</TCALT>
      <Pelev>482</Pelev>
      <Telev>482</Telev>
      <PART>0.5</PART>
      <DELAY>1</DELAY>
    </SubCatchmentParameters>
    <SubCatchmentVegetationZone>
      <SubCatchmentVegetationZoneParameters>
        <TT>-1.5765075245709859</TT>
        <CFMAX>1.0655484035338394</CFMAX>
        <SP>0</SP>
        <SFCF>0.621244126468595</SFCF>
        <CFR>0.056227911670300376</CFR>
        <CWH>0.19997738096231144</CWH>
        <CFGlacier>1</CFGlacier>
        <CFSlope>1</CFSlope>
        <FC>1705.6943860652034</FC>
        <LP>0.91459802814532032</LP>
        <BETA>1.7270087319521958</BETA>
      </SubCatchmentVegetationZoneParameters>
    </SubCatchmentVegetationZone>
  </SubCatchment>
</Catchment>