<?xml version="1.0" encoding="utf-8"?>
<Catchment xmlns:xsi="http://www.w3.org/2001/XMLSchema-instance" xmlns:xsd="http://www.w3.org/2001/XMLSchema">
  <CatchmentParameters>
    <KSI>0.001</KSI>
    <KGmin>0.05</KGmin>
    <RangeKG>0.1</RangeKG>
    <AG>0.1</AG>
    <PERC>1.4171440779790561</PERC>
    <Alpha>0</Alpha>
    <UZL>45.417461553915061</UZL>
    <K0>0.20563875794569794</K0>
    <K1>0.18780346539832143</K1>
    <K2>0.0288868147530826</K2>
    <MAXBAS>1</MAXBAS>
    <Cet>0.10003546540646642</Cet>
    <PCALT>2.2248138078725592</PCALT>
    <TCALT>0.35000954760416064</TCALT>
    <Pelev>482</Pelev>
    <Telev>482</Telev>
    <PART>0.5</PART>
    <DELAY>1</DELAY>
  </CatchmentParameters>
  <VegetationZone>
    <VegetationZoneParameters>
      <TT>-1.9933776367692653</TT>
      <CFMAX>1.653621719934272</CFMAX>
      <SP>0</SP>
      <SFCF>1.2152449102927618</SFCF>
      <CFR>0.042816522797762158</CFR>
      <CWH>0.19999589409919116</CWH>
      <CFGlacier>1</CFGlacier>
      <CFSlope>1</CFSlope>
      <FC>1697.9904676113067</FC>
      <LP>0.834487506149894</LP>
      <BETA>1.5755395399651082</BETA>
    </VegetationZoneParameters>
  </VegetationZone>
  <SubCatchment>
    <SubCatchmentParameters>
      <KSI>0.001</KSI>
      <KGmin>0.05</KGmin>
      <RangeKG>0.1</RangeKG>
      <AG>0.1</AG>
      <PERC>1.4171440779790561</PERC>
      <Alpha>0</Alpha>
      <UZL>45.417461553915061</UZL>
      <K0>0.20563875794569794</K0>
      <K1>0.18780346539832143</K1>
      <K2>0.0288868147530826</K2>
      <MAXBAS>1</MAXBAS>
      <Cet>0.10003546540646642</Cet>
      <PCALT>2.2248138078725592</PCALT>
      <TCALT>0.35000954760416064</TCALT>
      <Pelev>482</Pelev>
      <Telev>482</Telev>
      <PART>0.5</PART>
      <DELAY>1</DELAY>
    </SubCatchmentParameters>
    <SubCatchmentVegetationZone>
      <SubCatchmentVegetationZoneParameters>
        <TT>-1.9933776367692653</TT>
        <CFMAX>1.653621719934272</CFMAX>
        <SP>0</SP>
        <SFCF>1.2152449102927618</SFCF>
        <CFR>0.042816522797762158</CFR>
        <CWH>0.19999589409919116</CWH>
        <CFGlacier>1</CFGlacier>
        <CFSlope>1</CFSlope>
        <FC>1697.9904676113067</FC>
        <LP>0.834487506149894</LP>
        <BETA>1.5755395399651082</BETA>
      </SubCatchmentVegetationZoneParameters>
    </SubCatchmentVegetationZone>
  </SubCatchment>
</Catchment>