<?xml version="1.0" encoding="utf-8"?>
<Catchment xmlns:xsi="http://www.w3.org/2001/XMLSchema-instance" xmlns:xsd="http://www.w3.org/2001/XMLSchema">
  <CatchmentParameters>
    <KSI>0.001</KSI>
    <KGmin>0.05</KGmin>
    <RangeKG>0.1</RangeKG>
    <AG>0.1</AG>
    <PERC>1.670889232076056</PERC>
    <Alpha>0</Alpha>
    <UZL>138.33629155859163</UZL>
    <K0>0.98980799348752313</K0>
    <K1>0.24256881930104679</K1>
    <K2>0.029256600391282642</K2>
    <MAXBAS>1</MAXBAS>
    <Cet>0.16892879851685203</Cet>
    <PCALT>1.812198293728001</PCALT>
    <TCALT>0.15987724506169951</TCALT>
    <Pelev>482</Pelev>
    <Telev>482</Telev>
    <PART>0.5</PART>
    <DELAY>1</DELAY>
  </CatchmentParameters>
  <VegetationZone>
    <VegetationZoneParameters>
      <TT>-1.2451068532251219</TT>
      <CFMAX>1.4865998023525446</CFMAX>
      <SP>0</SP>
      <SFCF>1.1068604481017172</SFCF>
      <CFR>0.060489907645865738</CFR>
      <CWH>0.1999791242858579</CWH>
      <CFGlacier>1</CFGlacier>
      <CFSlope>1</CFSlope>
      <FC>1489.9332234917506</FC>
      <LP>0.82282867609122545</LP>
      <BETA>1.4117512581999068</BETA>
    </VegetationZoneParameters>
  </VegetationZone>
  <SubCatchment>
    <SubCatchmentParameters>
      <KSI>0.001</KSI>
      <KGmin>0.05</KGmin>
      <RangeKG>0.1</RangeKG>
      <AG>0.1</AG>
      <PERC>1.670889232076056</PERC>
      <Alpha>0</Alpha>
      <UZL>138.33629155859163</UZL>
      <K0>0.98980799348752313</K0>
      <K1>0.24256881930104679</K1>
      <K2>0.029256600391282642</K2>
      <MAXBAS>1</MAXBAS>
      <Cet>0.16892879851685203</Cet>
      <PCALT>1.812198293728001</PCALT>
      <TCALT>0.15987724506169951</TCALT>
      <Pelev>482</Pelev>
      <Telev>482</Telev>
      <PART>0.5</PART>
      <DELAY>1</DELAY>
    </SubCatchmentParameters>
    <SubCatchmentVegetationZone>
      <SubCatchmentVegetationZoneParameters>
        <TT>-1.2451068532251219</TT>
        <CFMAX>1.4865998023525446</CFMAX>
        <SP>0</SP>
        <SFCF>1.1068604481017172</SFCF>
        <CFR>0.060489907645865738</CFR>
        <CWH>0.1999791242858579</CWH>
        <CFGlacier>1</CFGlacier>
        <CFSlope>1</CFSlope>
        <FC>1489.9332234917506</FC>
        <LP>0.82282867609122545</LP>
        <BETA>1.4117512581999068</BETA>
      </SubCatchmentVegetationZoneParameters>
    </SubCatchmentVegetationZone>
  </SubCatchment>
</Catchment>