<?xml version="1.0" encoding="utf-8"?>
<Catchment xmlns:xsi="http://www.w3.org/2001/XMLSchema-instance" xmlns:xsd="http://www.w3.org/2001/XMLSchema">
  <CatchmentParameters>
    <KSI>0.001</KSI>
    <KGmin>0.05</KGmin>
    <RangeKG>0.1</RangeKG>
    <AG>0.1</AG>
    <PERC>1.3007644626503914</PERC>
    <Alpha>0</Alpha>
    <UZL>56.0023021846818</UZL>
    <K0>0.25475726441253177</K0>
    <K1>0.18931734704720968</K1>
    <K2>0.026440599421459328</K2>
    <MAXBAS>1</MAXBAS>
    <Cet>0.19607138624758583</Cet>
    <PCALT>1.8382658296348273</PCALT>
    <TCALT>0.19040172188202842</TCALT>
    <Pelev>482</Pelev>
    <Telev>482</Telev>
    <PART>0.5</PART>
    <DELAY>1</DELAY>
  </CatchmentParameters>
  <VegetationZone>
    <VegetationZoneParameters>
      <TT>-1.7299341788094182</TT>
      <CFMAX>0.91445897078407</CFMAX>
      <SP>0</SP>
      <SFCF>0.89525410692193486</SFCF>
      <CFR>0.0999967348934627</CFR>
      <CWH>0.199982257635917</CWH>
      <CFGlacier>1</CFGlacier>
      <CFSlope>1</CFSlope>
      <FC>1275.8533410238274</FC>
      <LP>0.74967466470651278</LP>
      <BETA>1.3906142343071224</BETA>
    </VegetationZoneParameters>
  </VegetationZone>
  <SubCatchment>
    <SubCatchmentParameters>
      <KSI>0.001</KSI>
      <KGmin>0.05</KGmin>
      <RangeKG>0.1</RangeKG>
      <AG>0.1</AG>
      <PERC>1.3007644626503914</PERC>
      <Alpha>0</Alpha>
      <UZL>56.0023021846818</UZL>
      <K0>0.25475726441253177</K0>
      <K1>0.18931734704720968</K1>
      <K2>0.026440599421459328</K2>
      <MAXBAS>1</MAXBAS>
      <Cet>0.19607138624758583</Cet>
      <PCALT>1.8382658296348273</PCALT>
      <TCALT>0.19040172188202842</TCALT>
      <Pelev>482</Pelev>
      <Telev>482</Telev>
      <PART>0.5</PART>
      <DELAY>1</DELAY>
    </SubCatchmentParameters>
    <SubCatchmentVegetationZone>
      <SubCatchmentVegetationZoneParameters>
        <TT>-1.7299341788094182</TT>
        <CFMAX>0.91445897078407</CFMAX>
        <SP>0</SP>
        <SFCF>0.89525410692193486</SFCF>
        <CFR>0.0999967348934627</CFR>
        <CWH>0.199982257635917</CWH>
        <CFGlacier>1</CFGlacier>
        <CFSlope>1</CFSlope>
        <FC>1275.8533410238274</FC>
        <LP>0.74967466470651278</LP>
        <BETA>1.3906142343071224</BETA>
      </SubCatchmentVegetationZoneParameters>
    </SubCatchmentVegetationZone>
  </SubCatchment>
</Catchment>