<?xml version="1.0" encoding="utf-8"?>
<Catchment xmlns:xsi="http://www.w3.org/2001/XMLSchema-instance" xmlns:xsd="http://www.w3.org/2001/XMLSchema">
  <CatchmentParameters>
    <KSI>0.001</KSI>
    <KGmin>0.05</KGmin>
    <RangeKG>0.1</RangeKG>
    <AG>0.1</AG>
    <PERC>1.3057646169031798</PERC>
    <Alpha>0</Alpha>
    <UZL>54.069378530530166</UZL>
    <K0>0.24446379639201166</K0>
    <K1>0.19161456187384773</K1>
    <K2>0.027752578256302982</K2>
    <MAXBAS>1</MAXBAS>
    <Cet>0.13544777028499117</Cet>
    <PCALT>3.1061999069972948</PCALT>
    <TCALT>0.10792992344861313</TCALT>
    <Pelev>482</Pelev>
    <Telev>482</Telev>
    <PART>0.5</PART>
    <DELAY>1</DELAY>
  </CatchmentParameters>
  <VegetationZone>
    <VegetationZoneParameters>
      <TT>-1.283852481119997</TT>
      <CFMAX>1.3776282423540802</CFMAX>
      <SP>0</SP>
      <SFCF>1.1629995965220406</SFCF>
      <CFR>0.099926950467783632</CFR>
      <CWH>0.19998169201887389</CWH>
      <CFGlacier>1</CFGlacier>
      <CFSlope>1</CFSlope>
      <FC>1796.0198630191064</FC>
      <LP>0.82779747540133208</LP>
      <BETA>1.7038618119420539</BETA>
    </VegetationZoneParameters>
  </VegetationZone>
  <SubCatchment>
    <SubCatchmentParameters>
      <KSI>0.001</KSI>
      <KGmin>0.05</KGmin>
      <RangeKG>0.1</RangeKG>
      <AG>0.1</AG>
      <PERC>1.3057646169031798</PERC>
      <Alpha>0</Alpha>
      <UZL>54.069378530530166</UZL>
      <K0>0.24446379639201166</K0>
      <K1>0.19161456187384773</K1>
      <K2>0.027752578256302982</K2>
      <MAXBAS>1</MAXBAS>
      <Cet>0.13544777028499117</Cet>
      <PCALT>3.1061999069972948</PCALT>
      <TCALT>0.10792992344861313</TCALT>
      <Pelev>482</Pelev>
      <Telev>482</Telev>
      <PART>0.5</PART>
      <DELAY>1</DELAY>
    </SubCatchmentParameters>
    <SubCatchmentVegetationZone>
      <SubCatchmentVegetationZoneParameters>
        <TT>-1.283852481119997</TT>
        <CFMAX>1.3776282423540802</CFMAX>
        <SP>0</SP>
        <SFCF>1.1629995965220406</SFCF>
        <CFR>0.099926950467783632</CFR>
        <CWH>0.19998169201887389</CWH>
        <CFGlacier>1</CFGlacier>
        <CFSlope>1</CFSlope>
        <FC>1796.0198630191064</FC>
        <LP>0.82779747540133208</LP>
        <BETA>1.7038618119420539</BETA>
      </SubCatchmentVegetationZoneParameters>
    </SubCatchmentVegetationZone>
  </SubCatchment>
</Catchment>