<?xml version="1.0" encoding="utf-8"?>
<Catchment xmlns:xsi="http://www.w3.org/2001/XMLSchema-instance" xmlns:xsd="http://www.w3.org/2001/XMLSchema">
  <CatchmentParameters>
    <KSI>0.001</KSI>
    <KGmin>0.05</KGmin>
    <RangeKG>0.1</RangeKG>
    <AG>0.1</AG>
    <PERC>1.1007961604755141</PERC>
    <Alpha>0</Alpha>
    <UZL>58.678081279511204</UZL>
    <K0>0.26457576910736835</K0>
    <K1>0.18052360642637005</K1>
    <K2>0.025178725697160065</K2>
    <MAXBAS>1</MAXBAS>
    <Cet>0.17538768984355482</Cet>
    <PCALT>2.4983779061876827</PCALT>
    <TCALT>0.27417663723978392</TCALT>
    <Pelev>482</Pelev>
    <Telev>482</Telev>
    <PART>0.5</PART>
    <DELAY>1</DELAY>
  </CatchmentParameters>
  <VegetationZone>
    <VegetationZoneParameters>
      <TT>-1.6070555389457391</TT>
      <CFMAX>2.2498834753851553</CFMAX>
      <SP>0</SP>
      <SFCF>1.1478497913998509</SFCF>
      <CFR>0.071500355599181165</CFR>
      <CWH>0.19990622718733439</CWH>
      <CFGlacier>1</CFGlacier>
      <CFSlope>1</CFSlope>
      <FC>1463.9753106868177</FC>
      <LP>0.75817212935209477</LP>
      <BETA>1.4770693554021763</BETA>
    </VegetationZoneParameters>
  </VegetationZone>
  <SubCatchment>
    <SubCatchmentParameters>
      <KSI>0.001</KSI>
      <KGmin>0.05</KGmin>
      <RangeKG>0.1</RangeKG>
      <AG>0.1</AG>
      <PERC>1.1007961604755141</PERC>
      <Alpha>0</Alpha>
      <UZL>58.678081279511204</UZL>
      <K0>0.26457576910736835</K0>
      <K1>0.18052360642637005</K1>
      <K2>0.025178725697160065</K2>
      <MAXBAS>1</MAXBAS>
      <Cet>0.17538768984355482</Cet>
      <PCALT>2.4983779061876827</PCALT>
      <TCALT>0.27417663723978392</TCALT>
      <Pelev>482</Pelev>
      <Telev>482</Telev>
      <PART>0.5</PART>
      <DELAY>1</DELAY>
    </SubCatchmentParameters>
    <SubCatchmentVegetationZone>
      <SubCatchmentVegetationZoneParameters>
        <TT>-1.6070555389457391</TT>
        <CFMAX>2.2498834753851553</CFMAX>
        <SP>0</SP>
        <SFCF>1.1478497913998509</SFCF>
        <CFR>0.071500355599181165</CFR>
        <CWH>0.19990622718733439</CWH>
        <CFGlacier>1</CFGlacier>
        <CFSlope>1</CFSlope>
        <FC>1463.9753106868177</FC>
        <LP>0.75817212935209477</LP>
        <BETA>1.4770693554021763</BETA>
      </SubCatchmentVegetationZoneParameters>
    </SubCatchmentVegetationZone>
  </SubCatchment>
</Catchment>