<?xml version="1.0" encoding="utf-8"?>
<Catchment xmlns:xsi="http://www.w3.org/2001/XMLSchema-instance" xmlns:xsd="http://www.w3.org/2001/XMLSchema">
  <CatchmentParameters>
    <KSI>0.001</KSI>
    <KGmin>0.05</KGmin>
    <RangeKG>0.1</RangeKG>
    <AG>0.1</AG>
    <PERC>1.4313314903089569</PERC>
    <Alpha>0</Alpha>
    <UZL>45.342544508860179</UZL>
    <K0>0.20191678858288514</K0>
    <K1>0.18472382714616928</K1>
    <K2>0.029066936411095364</K2>
    <MAXBAS>1</MAXBAS>
    <Cet>0.13179926247152068</Cet>
    <PCALT>3.3338968551299</PCALT>
    <TCALT>0.15155991047216902</TCALT>
    <Pelev>482</Pelev>
    <Telev>482</Telev>
    <PART>0.5</PART>
    <DELAY>1</DELAY>
  </CatchmentParameters>
  <VegetationZone>
    <VegetationZoneParameters>
      <TT>-1.2167613034820008</TT>
      <CFMAX>1.5889731500995972</CFMAX>
      <SP>0</SP>
      <SFCF>1.0964690050315109</SFCF>
      <CFR>0.099993594684317316</CFR>
      <CWH>0.19998713062228193</CWH>
      <CFGlacier>1</CFGlacier>
      <CFSlope>1</CFSlope>
      <FC>1782.5083726878393</FC>
      <LP>0.69910964844709444</LP>
      <BETA>1.3288657763783092</BETA>
    </VegetationZoneParameters>
  </VegetationZone>
  <SubCatchment>
    <SubCatchmentParameters>
      <KSI>0.001</KSI>
      <KGmin>0.05</KGmin>
      <RangeKG>0.1</RangeKG>
      <AG>0.1</AG>
      <PERC>1.4313314903089569</PERC>
      <Alpha>0</Alpha>
      <UZL>45.342544508860179</UZL>
      <K0>0.20191678858288514</K0>
      <K1>0.18472382714616928</K1>
      <K2>0.029066936411095364</K2>
      <MAXBAS>1</MAXBAS>
      <Cet>0.13179926247152068</Cet>
      <PCALT>3.3338968551299</PCALT>
      <TCALT>0.15155991047216902</TCALT>
      <Pelev>482</Pelev>
      <Telev>482</Telev>
      <PART>0.5</PART>
      <DELAY>1</DELAY>
    </SubCatchmentParameters>
    <SubCatchmentVegetationZone>
      <SubCatchmentVegetationZoneParameters>
        <TT>-1.2167613034820008</TT>
        <CFMAX>1.5889731500995972</CFMAX>
        <SP>0</SP>
        <SFCF>1.0964690050315109</SFCF>
        <CFR>0.099993594684317316</CFR>
        <CWH>0.19998713062228193</CWH>
        <CFGlacier>1</CFGlacier>
        <CFSlope>1</CFSlope>
        <FC>1782.5083726878393</FC>
        <LP>0.69910964844709444</LP>
        <BETA>1.3288657763783092</BETA>
      </SubCatchmentVegetationZoneParameters>
    </SubCatchmentVegetationZone>
  </SubCatchment>
</Catchment>