<?xml version="1.0" encoding="utf-8"?>
<Catchment xmlns:xsi="http://www.w3.org/2001/XMLSchema-instance" xmlns:xsd="http://www.w3.org/2001/XMLSchema">
  <CatchmentParameters>
    <KSI>0.001</KSI>
    <KGmin>0.05</KGmin>
    <RangeKG>0.1</RangeKG>
    <AG>0.1</AG>
    <PERC>1.6278829524428069</PERC>
    <Alpha>0</Alpha>
    <UZL>52.7118005625524</UZL>
    <K0>0.25502635079907643</K0>
    <K1>0.19031289848994099</K1>
    <K2>0.030329300456919311</K2>
    <MAXBAS>1</MAXBAS>
    <Cet>0.24374911487303069</Cet>
    <PCALT>2.6350209324370577</PCALT>
    <TCALT>0.19068857583614163</TCALT>
    <Pelev>482</Pelev>
    <Telev>482</Telev>
    <PART>0.5</PART>
    <DELAY>1</DELAY>
  </CatchmentParameters>
  <VegetationZone>
    <VegetationZoneParameters>
      <TT>-1.5504986957356084</TT>
      <CFMAX>1.0777633856518238</CFMAX>
      <SP>0</SP>
      <SFCF>0.89273204725276223</SFCF>
      <CFR>0.099526639186162932</CFR>
      <CWH>0.19999546327215093</CWH>
      <CFGlacier>1</CFGlacier>
      <CFSlope>1</CFSlope>
      <FC>1665.9263748959468</FC>
      <LP>0.85250967660262311</LP>
      <BETA>1.5275695961993603</BETA>
    </VegetationZoneParameters>
  </VegetationZone>
  <SubCatchment>
    <SubCatchmentParameters>
      <KSI>0.001</KSI>
      <KGmin>0.05</KGmin>
      <RangeKG>0.1</RangeKG>
      <AG>0.1</AG>
      <PERC>1.6278829524428069</PERC>
      <Alpha>0</Alpha>
      <UZL>52.7118005625524</UZL>
      <K0>0.25502635079907643</K0>
      <K1>0.19031289848994099</K1>
      <K2>0.030329300456919311</K2>
      <MAXBAS>1</MAXBAS>
      <Cet>0.24374911487303069</Cet>
      <PCALT>2.6350209324370577</PCALT>
      <TCALT>0.19068857583614163</TCALT>
      <Pelev>482</Pelev>
      <Telev>482</Telev>
      <PART>0.5</PART>
      <DELAY>1</DELAY>
    </SubCatchmentParameters>
    <SubCatchmentVegetationZone>
      <SubCatchmentVegetationZoneParameters>
        <TT>-1.5504986957356084</TT>
        <CFMAX>1.0777633856518238</CFMAX>
        <SP>0</SP>
        <SFCF>0.89273204725276223</SFCF>
        <CFR>0.099526639186162932</CFR>
        <CWH>0.19999546327215093</CWH>
        <CFGlacier>1</CFGlacier>
        <CFSlope>1</CFSlope>
        <FC>1665.9263748959468</FC>
        <LP>0.85250967660262311</LP>
        <BETA>1.5275695961993603</BETA>
      </SubCatchmentVegetationZoneParameters>
    </SubCatchmentVegetationZone>
  </SubCatchment>
</Catchment>