<?xml version="1.0" encoding="utf-8"?>
<Catchment xmlns:xsi="http://www.w3.org/2001/XMLSchema-instance" xmlns:xsd="http://www.w3.org/2001/XMLSchema">
  <CatchmentParameters>
    <KSI>0.001</KSI>
    <KGmin>0.05</KGmin>
    <RangeKG>0.1</RangeKG>
    <AG>0.1</AG>
    <PERC>1.4133366275898407</PERC>
    <Alpha>0</Alpha>
    <UZL>54.748314864654773</UZL>
    <K0>0.25350492342433895</K0>
    <K1>0.18452957190142624</K1>
    <K2>0.028871884004544181</K2>
    <MAXBAS>1</MAXBAS>
    <Cet>0.072719973956855172</Cet>
    <PCALT>3.1393203393072997</PCALT>
    <TCALT>0.15074420478834436</TCALT>
    <Pelev>482</Pelev>
    <Telev>482</Telev>
    <PART>0.5</PART>
    <DELAY>1</DELAY>
  </CatchmentParameters>
  <VegetationZone>
    <VegetationZoneParameters>
      <TT>-1.213967619617577</TT>
      <CFMAX>1.792159935638856</CFMAX>
      <SP>0</SP>
      <SFCF>1.0109909496816456</SFCF>
      <CFR>0.042642616640869761</CFR>
      <CWH>0.19999999882495143</CWH>
      <CFGlacier>1</CFGlacier>
      <CFSlope>1</CFSlope>
      <FC>1778.22509145906</FC>
      <LP>0.78482449457752612</LP>
      <BETA>1.6832436753363258</BETA>
    </VegetationZoneParameters>
  </VegetationZone>
  <SubCatchment>
    <SubCatchmentParameters>
      <KSI>0.001</KSI>
      <KGmin>0.05</KGmin>
      <RangeKG>0.1</RangeKG>
      <AG>0.1</AG>
      <PERC>1.4133366275898407</PERC>
      <Alpha>0</Alpha>
      <UZL>54.748314864654773</UZL>
      <K0>0.25350492342433895</K0>
      <K1>0.18452957190142624</K1>
      <K2>0.028871884004544181</K2>
      <MAXBAS>1</MAXBAS>
      <Cet>0.072719973956855172</Cet>
      <PCALT>3.1393203393072997</PCALT>
      <TCALT>0.15074420478834436</TCALT>
      <Pelev>482</Pelev>
      <Telev>482</Telev>
      <PART>0.5</PART>
      <DELAY>1</DELAY>
    </SubCatchmentParameters>
    <SubCatchmentVegetationZone>
      <SubCatchmentVegetationZoneParameters>
        <TT>-1.213967619617577</TT>
        <CFMAX>1.792159935638856</CFMAX>
        <SP>0</SP>
        <SFCF>1.0109909496816456</SFCF>
        <CFR>0.042642616640869761</CFR>
        <CWH>0.19999999882495143</CWH>
        <CFGlacier>1</CFGlacier>
        <CFSlope>1</CFSlope>
        <FC>1778.22509145906</FC>
        <LP>0.78482449457752612</LP>
        <BETA>1.6832436753363258</BETA>
      </SubCatchmentVegetationZoneParameters>
    </SubCatchmentVegetationZone>
  </SubCatchment>
</Catchment>