<?xml version="1.0" encoding="utf-8"?>
<Catchment xmlns:xsi="http://www.w3.org/2001/XMLSchema-instance" xmlns:xsd="http://www.w3.org/2001/XMLSchema">
  <CatchmentParameters>
    <KSI>0.001</KSI>
    <KGmin>0.05</KGmin>
    <RangeKG>0.1</RangeKG>
    <AG>0.1</AG>
    <PERC>1.3698227595127577</PERC>
    <Alpha>0</Alpha>
    <UZL>55.385930490083986</UZL>
    <K0>0.25008688410570429</K0>
    <K1>0.18463021745496588</K1>
    <K2>0.028670447879900619</K2>
    <MAXBAS>1</MAXBAS>
    <Cet>0.061765894551540905</Cet>
    <PCALT>4.0645404303520216</PCALT>
    <TCALT>0.065792031394031877</TCALT>
    <Pelev>482</Pelev>
    <Telev>482</Telev>
    <PART>0.5</PART>
    <DELAY>1</DELAY>
  </CatchmentParameters>
  <VegetationZone>
    <VegetationZoneParameters>
      <TT>-1.0558766838068567</TT>
      <CFMAX>1.6747284713563513</CFMAX>
      <SP>0</SP>
      <SFCF>1.173051083759427</SFCF>
      <CFR>2.1343655305508914E-07</CFR>
      <CWH>0.19998059953887926</CWH>
      <CFGlacier>1</CFGlacier>
      <CFSlope>1</CFSlope>
      <FC>1995.0548680101676</FC>
      <LP>0.75761800015846548</LP>
      <BETA>1.8529167173242402</BETA>
    </VegetationZoneParameters>
  </VegetationZone>
  <SubCatchment>
    <SubCatchmentParameters>
      <KSI>0.001</KSI>
      <KGmin>0.05</KGmin>
      <RangeKG>0.1</RangeKG>
      <AG>0.1</AG>
      <PERC>1.3698227595127577</PERC>
      <Alpha>0</Alpha>
      <UZL>55.385930490083986</UZL>
      <K0>0.25008688410570429</K0>
      <K1>0.18463021745496588</K1>
      <K2>0.028670447879900619</K2>
      <MAXBAS>1</MAXBAS>
      <Cet>0.061765894551540905</Cet>
      <PCALT>4.0645404303520216</PCALT>
      <TCALT>0.065792031394031877</TCALT>
      <Pelev>482</Pelev>
      <Telev>482</Telev>
      <PART>0.5</PART>
      <DELAY>1</DELAY>
    </SubCatchmentParameters>
    <SubCatchmentVegetationZone>
      <SubCatchmentVegetationZoneParameters>
        <TT>-1.0558766838068567</TT>
        <CFMAX>1.6747284713563513</CFMAX>
        <SP>0</SP>
        <SFCF>1.173051083759427</SFCF>
        <CFR>2.1343655305508914E-07</CFR>
        <CWH>0.19998059953887926</CWH>
        <CFGlacier>1</CFGlacier>
        <CFSlope>1</CFSlope>
        <FC>1995.0548680101676</FC>
        <LP>0.75761800015846548</LP>
        <BETA>1.8529167173242402</BETA>
      </SubCatchmentVegetationZoneParameters>
    </SubCatchmentVegetationZone>
  </SubCatchment>
</Catchment>