<?xml version="1.0" encoding="utf-8"?>
<Catchment xmlns:xsi="http://www.w3.org/2001/XMLSchema-instance" xmlns:xsd="http://www.w3.org/2001/XMLSchema">
  <CatchmentParameters>
    <KSI>0.001</KSI>
    <KGmin>0.05</KGmin>
    <RangeKG>0.1</RangeKG>
    <AG>0.1</AG>
    <PERC>1.4696876499357638</PERC>
    <Alpha>0</Alpha>
    <UZL>52.398946642429422</UZL>
    <K0>0.24722530856533492</K0>
    <K1>0.18668123654828764</K1>
    <K2>0.027760727134855858</K2>
    <MAXBAS>1</MAXBAS>
    <Cet>0.1779316887903914</Cet>
    <PCALT>0.36396952340914829</PCALT>
    <TCALT>0.29969242015150394</TCALT>
    <Pelev>482</Pelev>
    <Telev>482</Telev>
    <PART>0.5</PART>
    <DELAY>1</DELAY>
  </CatchmentParameters>
  <VegetationZone>
    <VegetationZoneParameters>
      <TT>-1.9307407581823748</TT>
      <CFMAX>0.97224059473670055</CFMAX>
      <SP>0</SP>
      <SFCF>0.88116817089047439</SFCF>
      <CFR>1.3421388943788576E-07</CFR>
      <CWH>0.19996165888944917</CWH>
      <CFGlacier>1</CFGlacier>
      <CFSlope>1</CFSlope>
      <FC>1118.5289912711987</FC>
      <LP>0.80306799490704672</LP>
      <BETA>1.2574270337338707</BETA>
    </VegetationZoneParameters>
  </VegetationZone>
  <SubCatchment>
    <SubCatchmentParameters>
      <KSI>0.001</KSI>
      <KGmin>0.05</KGmin>
      <RangeKG>0.1</RangeKG>
      <AG>0.1</AG>
      <PERC>1.4696876499357638</PERC>
      <Alpha>0</Alpha>
      <UZL>52.398946642429422</UZL>
      <K0>0.24722530856533492</K0>
      <K1>0.18668123654828764</K1>
      <K2>0.027760727134855858</K2>
      <MAXBAS>1</MAXBAS>
      <Cet>0.1779316887903914</Cet>
      <PCALT>0.36396952340914829</PCALT>
      <TCALT>0.29969242015150394</TCALT>
      <Pelev>482</Pelev>
      <Telev>482</Telev>
      <PART>0.5</PART>
      <DELAY>1</DELAY>
    </SubCatchmentParameters>
    <SubCatchmentVegetationZone>
      <SubCatchmentVegetationZoneParameters>
        <TT>-1.9307407581823748</TT>
        <CFMAX>0.97224059473670055</CFMAX>
        <SP>0</SP>
        <SFCF>0.88116817089047439</SFCF>
        <CFR>1.3421388943788576E-07</CFR>
        <CWH>0.19996165888944917</CWH>
        <CFGlacier>1</CFGlacier>
        <CFSlope>1</CFSlope>
        <FC>1118.5289912711987</FC>
        <LP>0.80306799490704672</LP>
        <BETA>1.2574270337338707</BETA>
      </SubCatchmentVegetationZoneParameters>
    </SubCatchmentVegetationZone>
  </SubCatchment>
</Catchment>