<?xml version="1.0" encoding="utf-8"?>
<Catchment xmlns:xsi="http://www.w3.org/2001/XMLSchema-instance" xmlns:xsd="http://www.w3.org/2001/XMLSchema">
  <CatchmentParameters>
    <KSI>0.001</KSI>
    <KGmin>0.05</KGmin>
    <RangeKG>0.1</RangeKG>
    <AG>0.1</AG>
    <PERC>1.0639278200746514</PERC>
    <Alpha>0</Alpha>
    <UZL>60.168246763196606</UZL>
    <K0>0.27286679172390482</K0>
    <K1>0.17444567213820997</K1>
    <K2>0.024309933267274226</K2>
    <MAXBAS>1</MAXBAS>
    <Cet>0.10638132302929809</Cet>
    <PCALT>1.3758333796150331</PCALT>
    <TCALT>0.11758998195874314</TCALT>
    <Pelev>482</Pelev>
    <Telev>482</Telev>
    <PART>0.5</PART>
    <DELAY>1</DELAY>
  </CatchmentParameters>
  <VegetationZone>
    <VegetationZoneParameters>
      <TT>-1.2184672607877023</TT>
      <CFMAX>0.99329772884613354</CFMAX>
      <SP>0</SP>
      <SFCF>0.70446454448916107</SFCF>
      <CFR>0.067377287837625241</CFR>
      <CWH>0.1999999753200756</CWH>
      <CFGlacier>1</CFGlacier>
      <CFSlope>1</CFSlope>
      <FC>1205.1629846214764</FC>
      <LP>0.74623497357918389</LP>
      <BETA>1.3948013445497847</BETA>
    </VegetationZoneParameters>
  </VegetationZone>
  <SubCatchment>
    <SubCatchmentParameters>
      <KSI>0.001</KSI>
      <KGmin>0.05</KGmin>
      <RangeKG>0.1</RangeKG>
      <AG>0.1</AG>
      <PERC>1.0639278200746514</PERC>
      <Alpha>0</Alpha>
      <UZL>60.168246763196606</UZL>
      <K0>0.27286679172390482</K0>
      <K1>0.17444567213820997</K1>
      <K2>0.024309933267274226</K2>
      <MAXBAS>1</MAXBAS>
      <Cet>0.10638132302929809</Cet>
      <PCALT>1.3758333796150331</PCALT>
      <TCALT>0.11758998195874314</TCALT>
      <Pelev>482</Pelev>
      <Telev>482</Telev>
      <PART>0.5</PART>
      <DELAY>1</DELAY>
    </SubCatchmentParameters>
    <SubCatchmentVegetationZone>
      <SubCatchmentVegetationZoneParameters>
        <TT>-1.2184672607877023</TT>
        <CFMAX>0.99329772884613354</CFMAX>
        <SP>0</SP>
        <SFCF>0.70446454448916107</SFCF>
        <CFR>0.067377287837625241</CFR>
        <CWH>0.1999999753200756</CWH>
        <CFGlacier>1</CFGlacier>
        <CFSlope>1</CFSlope>
        <FC>1205.1629846214764</FC>
        <LP>0.74623497357918389</LP>
        <BETA>1.3948013445497847</BETA>
      </SubCatchmentVegetationZoneParameters>
    </SubCatchmentVegetationZone>
  </SubCatchment>
</Catchment>