<?xml version="1.0" encoding="utf-8"?>
<Catchment xmlns:xsi="http://www.w3.org/2001/XMLSchema-instance" xmlns:xsd="http://www.w3.org/2001/XMLSchema">
  <CatchmentParameters>
    <KSI>0.001</KSI>
    <KGmin>0.05</KGmin>
    <RangeKG>0.1</RangeKG>
    <AG>0.1</AG>
    <PERC>1.3688068866268317</PERC>
    <Alpha>0</Alpha>
    <UZL>54.38318758519106</UZL>
    <K0>0.24764374118946658</K0>
    <K1>0.19178906583517572</K1>
    <K2>0.028458839400592989</K2>
    <MAXBAS>1</MAXBAS>
    <Cet>0.15804326366749888</Cet>
    <PCALT>3.6807891534760451</PCALT>
    <TCALT>0.28775288641187557</TCALT>
    <Pelev>482</Pelev>
    <Telev>482</Telev>
    <PART>0.5</PART>
    <DELAY>1</DELAY>
  </CatchmentParameters>
  <VegetationZone>
    <VegetationZoneParameters>
      <TT>-1.9691894405715262</TT>
      <CFMAX>0.974719077824934</CFMAX>
      <SP>0</SP>
      <SFCF>0.79562826746188886</SFCF>
      <CFR>0.075681916063562144</CFR>
      <CWH>0.19999522501105368</CWH>
      <CFGlacier>1</CFGlacier>
      <CFSlope>1</CFSlope>
      <FC>1862.1958774353475</FC>
      <LP>0.82359514106558607</LP>
      <BETA>1.7279886851195572</BETA>
    </VegetationZoneParameters>
  </VegetationZone>
  <SubCatchment>
    <SubCatchmentParameters>
      <KSI>0.001</KSI>
      <KGmin>0.05</KGmin>
      <RangeKG>0.1</RangeKG>
      <AG>0.1</AG>
      <PERC>1.3688068866268317</PERC>
      <Alpha>0</Alpha>
      <UZL>54.38318758519106</UZL>
      <K0>0.24764374118946658</K0>
      <K1>0.19178906583517572</K1>
      <K2>0.028458839400592989</K2>
      <MAXBAS>1</MAXBAS>
      <Cet>0.15804326366749888</Cet>
      <PCALT>3.6807891534760451</PCALT>
      <TCALT>0.28775288641187557</TCALT>
      <Pelev>482</Pelev>
      <Telev>482</Telev>
      <PART>0.5</PART>
      <DELAY>1</DELAY>
    </SubCatchmentParameters>
    <SubCatchmentVegetationZone>
      <SubCatchmentVegetationZoneParameters>
        <TT>-1.9691894405715262</TT>
        <CFMAX>0.974719077824934</CFMAX>
        <SP>0</SP>
        <SFCF>0.79562826746188886</SFCF>
        <CFR>0.075681916063562144</CFR>
        <CWH>0.19999522501105368</CWH>
        <CFGlacier>1</CFGlacier>
        <CFSlope>1</CFSlope>
        <FC>1862.1958774353475</FC>
        <LP>0.82359514106558607</LP>
        <BETA>1.7279886851195572</BETA>
      </SubCatchmentVegetationZoneParameters>
    </SubCatchmentVegetationZone>
  </SubCatchment>
</Catchment>