<?xml version="1.0" encoding="utf-8"?>
<Catchment xmlns:xsi="http://www.w3.org/2001/XMLSchema-instance" xmlns:xsd="http://www.w3.org/2001/XMLSchema">
  <CatchmentParameters>
    <KSI>0.001</KSI>
    <KGmin>0.05</KGmin>
    <RangeKG>0.1</RangeKG>
    <AG>0.1</AG>
    <PERC>1.9560083300379585</PERC>
    <Alpha>0</Alpha>
    <UZL>92.516974738998144</UZL>
    <K0>0.54043036412011858</K0>
    <K1>0.24664181902128388</K1>
    <K2>0.033469138630768176</K2>
    <MAXBAS>1</MAXBAS>
    <Cet>0.1738703060694414</Cet>
    <PCALT>4.4121430844938274</PCALT>
    <TCALT>0.250114219126532</TCALT>
    <Pelev>482</Pelev>
    <Telev>482</Telev>
    <PART>0.5</PART>
    <DELAY>1</DELAY>
  </CatchmentParameters>
  <VegetationZone>
    <VegetationZoneParameters>
      <TT>-1.8046340953463631</TT>
      <CFMAX>1.0766721734738414</CFMAX>
      <SP>0</SP>
      <SFCF>0.9740077423130461</SFCF>
      <CFR>0.099693399025116022</CFR>
      <CWH>0.1999992515436671</CWH>
      <CFGlacier>1</CFGlacier>
      <CFSlope>1</CFSlope>
      <FC>2023.2211083438826</FC>
      <LP>0.67329212931867233</LP>
      <BETA>1.3198478104470448</BETA>
    </VegetationZoneParameters>
  </VegetationZone>
  <SubCatchment>
    <SubCatchmentParameters>
      <KSI>0.001</KSI>
      <KGmin>0.05</KGmin>
      <RangeKG>0.1</RangeKG>
      <AG>0.1</AG>
      <PERC>1.9560083300379585</PERC>
      <Alpha>0</Alpha>
      <UZL>92.516974738998144</UZL>
      <K0>0.54043036412011858</K0>
      <K1>0.24664181902128388</K1>
      <K2>0.033469138630768176</K2>
      <MAXBAS>1</MAXBAS>
      <Cet>0.1738703060694414</Cet>
      <PCALT>4.4121430844938274</PCALT>
      <TCALT>0.250114219126532</TCALT>
      <Pelev>482</Pelev>
      <Telev>482</Telev>
      <PART>0.5</PART>
      <DELAY>1</DELAY>
    </SubCatchmentParameters>
    <SubCatchmentVegetationZone>
      <SubCatchmentVegetationZoneParameters>
        <TT>-1.8046340953463631</TT>
        <CFMAX>1.0766721734738414</CFMAX>
        <SP>0</SP>
        <SFCF>0.9740077423130461</SFCF>
        <CFR>0.099693399025116022</CFR>
        <CWH>0.1999992515436671</CWH>
        <CFGlacier>1</CFGlacier>
        <CFSlope>1</CFSlope>
        <FC>2023.2211083438826</FC>
        <LP>0.67329212931867233</LP>
        <BETA>1.3198478104470448</BETA>
      </SubCatchmentVegetationZoneParameters>
    </SubCatchmentVegetationZone>
  </SubCatchment>
</Catchment>