<?xml version="1.0" encoding="utf-8"?>
<Catchment xmlns:xsi="http://www.w3.org/2001/XMLSchema-instance" xmlns:xsd="http://www.w3.org/2001/XMLSchema">
  <CatchmentParameters>
    <KSI>0.001</KSI>
    <KGmin>0.05</KGmin>
    <RangeKG>0.1</RangeKG>
    <AG>0.1</AG>
    <PERC>1.1076395889231752</PERC>
    <Alpha>0</Alpha>
    <UZL>48.19359259800401</UZL>
    <K0>0.21457758935931842</K0>
    <K1>0.1707455145623982</K1>
    <K2>0.025103042368367232</K2>
    <MAXBAS>1</MAXBAS>
    <Cet>0.19809736436884706</Cet>
    <PCALT>0.733683639567555</PCALT>
    <TCALT>0.26553887614330174</TCALT>
    <Pelev>482</Pelev>
    <Telev>482</Telev>
    <PART>0.5</PART>
    <DELAY>1</DELAY>
  </CatchmentParameters>
  <VegetationZone>
    <VegetationZoneParameters>
      <TT>-1.872522551795007</TT>
      <CFMAX>0.99864920967088044</CFMAX>
      <SP>0</SP>
      <SFCF>0.86564753916910975</SFCF>
      <CFR>0.099861162144122551</CFR>
      <CWH>0.19999627351982213</CWH>
      <CFGlacier>1</CFGlacier>
      <CFSlope>1</CFSlope>
      <FC>1184.6190942932426</FC>
      <LP>0.77406968553008926</LP>
      <BETA>1.1987206273031881</BETA>
    </VegetationZoneParameters>
  </VegetationZone>
  <SubCatchment>
    <SubCatchmentParameters>
      <KSI>0.001</KSI>
      <KGmin>0.05</KGmin>
      <RangeKG>0.1</RangeKG>
      <AG>0.1</AG>
      <PERC>1.1076395889231752</PERC>
      <Alpha>0</Alpha>
      <UZL>48.19359259800401</UZL>
      <K0>0.21457758935931842</K0>
      <K1>0.1707455145623982</K1>
      <K2>0.025103042368367232</K2>
      <MAXBAS>1</MAXBAS>
      <Cet>0.19809736436884706</Cet>
      <PCALT>0.733683639567555</PCALT>
      <TCALT>0.26553887614330174</TCALT>
      <Pelev>482</Pelev>
      <Telev>482</Telev>
      <PART>0.5</PART>
      <DELAY>1</DELAY>
    </SubCatchmentParameters>
    <SubCatchmentVegetationZone>
      <SubCatchmentVegetationZoneParameters>
        <TT>-1.872522551795007</TT>
        <CFMAX>0.99864920967088044</CFMAX>
        <SP>0</SP>
        <SFCF>0.86564753916910975</SFCF>
        <CFR>0.099861162144122551</CFR>
        <CWH>0.19999627351982213</CWH>
        <CFGlacier>1</CFGlacier>
        <CFSlope>1</CFSlope>
        <FC>1184.6190942932426</FC>
        <LP>0.77406968553008926</LP>
        <BETA>1.1987206273031881</BETA>
      </SubCatchmentVegetationZoneParameters>
    </SubCatchmentVegetationZone>
  </SubCatchment>
</Catchment>