<?xml version="1.0" encoding="utf-8"?>
<Catchment xmlns:xsi="http://www.w3.org/2001/XMLSchema-instance" xmlns:xsd="http://www.w3.org/2001/XMLSchema">
  <CatchmentParameters>
    <KSI>0.001</KSI>
    <KGmin>0.05</KGmin>
    <RangeKG>0.1</RangeKG>
    <AG>0.1</AG>
    <PERC>1.4400974909338569</PERC>
    <Alpha>0</Alpha>
    <UZL>43.9806700232962</UZL>
    <K0>0.19684648730780288</K0>
    <K1>0.18250890774715883</K1>
    <K2>0.029609674124290088</K2>
    <MAXBAS>1</MAXBAS>
    <Cet>0.087078922933358491</Cet>
    <PCALT>2.6415887922361887</PCALT>
    <TCALT>0.13726864058034635</TCALT>
    <Pelev>482</Pelev>
    <Telev>482</Telev>
    <PART>0.5</PART>
    <DELAY>1</DELAY>
  </CatchmentParameters>
  <VegetationZone>
    <VegetationZoneParameters>
      <TT>-1.1680226741030875</TT>
      <CFMAX>1.3440479172460638</CFMAX>
      <SP>0</SP>
      <SFCF>0.934615820955334</SFCF>
      <CFR>0.098225749910135191</CFR>
      <CWH>0.19995692696642753</CWH>
      <CFGlacier>1</CFGlacier>
      <CFSlope>1</CFSlope>
      <FC>2183.3852113450603</FC>
      <LP>0.94656699710942893</LP>
      <BETA>2.035276669932554</BETA>
    </VegetationZoneParameters>
  </VegetationZone>
  <SubCatchment>
    <SubCatchmentParameters>
      <KSI>0.001</KSI>
      <KGmin>0.05</KGmin>
      <RangeKG>0.1</RangeKG>
      <AG>0.1</AG>
      <PERC>1.4400974909338569</PERC>
      <Alpha>0</Alpha>
      <UZL>43.9806700232962</UZL>
      <K0>0.19684648730780288</K0>
      <K1>0.18250890774715883</K1>
      <K2>0.029609674124290088</K2>
      <MAXBAS>1</MAXBAS>
      <Cet>0.087078922933358491</Cet>
      <PCALT>2.6415887922361887</PCALT>
      <TCALT>0.13726864058034635</TCALT>
      <Pelev>482</Pelev>
      <Telev>482</Telev>
      <PART>0.5</PART>
      <DELAY>1</DELAY>
    </SubCatchmentParameters>
    <SubCatchmentVegetationZone>
      <SubCatchmentVegetationZoneParameters>
        <TT>-1.1680226741030875</TT>
        <CFMAX>1.3440479172460638</CFMAX>
        <SP>0</SP>
        <SFCF>0.934615820955334</SFCF>
        <CFR>0.098225749910135191</CFR>
        <CWH>0.19995692696642753</CWH>
        <CFGlacier>1</CFGlacier>
        <CFSlope>1</CFSlope>
        <FC>2183.3852113450603</FC>
        <LP>0.94656699710942893</LP>
        <BETA>2.035276669932554</BETA>
      </SubCatchmentVegetationZoneParameters>
    </SubCatchmentVegetationZone>
  </SubCatchment>
</Catchment>