<?xml version="1.0" encoding="utf-8"?>
<Catchment xmlns:xsi="http://www.w3.org/2001/XMLSchema-instance" xmlns:xsd="http://www.w3.org/2001/XMLSchema">
  <CatchmentParameters>
    <KSI>0.001</KSI>
    <KGmin>0.05</KGmin>
    <RangeKG>0.1</RangeKG>
    <AG>0.1</AG>
    <PERC>1.9236618235692153</PERC>
    <Alpha>0</Alpha>
    <UZL>135.53513258357802</UZL>
    <K0>0.97276121141081673</K0>
    <K1>0.25087102632827529</K1>
    <K2>0.031085223820272317</K2>
    <MAXBAS>1</MAXBAS>
    <Cet>0.18884438264687972</Cet>
    <PCALT>2.1842413903366009</PCALT>
    <TCALT>0.26707248227237179</TCALT>
    <Pelev>482</Pelev>
    <Telev>482</Telev>
    <PART>0.5</PART>
    <DELAY>1</DELAY>
  </CatchmentParameters>
  <VegetationZone>
    <VegetationZoneParameters>
      <TT>-1.7446165550889372</TT>
      <CFMAX>1.4607744595813861</CFMAX>
      <SP>0</SP>
      <SFCF>1.121365376081654</SFCF>
      <CFR>0.09998797020871221</CFR>
      <CWH>0.19998153562527563</CWH>
      <CFGlacier>1</CFGlacier>
      <CFSlope>1</CFSlope>
      <FC>1643.1133923761811</FC>
      <LP>0.78044029012762406</LP>
      <BETA>1.263073296170099</BETA>
    </VegetationZoneParameters>
  </VegetationZone>
  <SubCatchment>
    <SubCatchmentParameters>
      <KSI>0.001</KSI>
      <KGmin>0.05</KGmin>
      <RangeKG>0.1</RangeKG>
      <AG>0.1</AG>
      <PERC>1.9236618235692153</PERC>
      <Alpha>0</Alpha>
      <UZL>135.53513258357802</UZL>
      <K0>0.97276121141081673</K0>
      <K1>0.25087102632827529</K1>
      <K2>0.031085223820272317</K2>
      <MAXBAS>1</MAXBAS>
      <Cet>0.18884438264687972</Cet>
      <PCALT>2.1842413903366009</PCALT>
      <TCALT>0.26707248227237179</TCALT>
      <Pelev>482</Pelev>
      <Telev>482</Telev>
      <PART>0.5</PART>
      <DELAY>1</DELAY>
    </SubCatchmentParameters>
    <SubCatchmentVegetationZone>
      <SubCatchmentVegetationZoneParameters>
        <TT>-1.7446165550889372</TT>
        <CFMAX>1.4607744595813861</CFMAX>
        <SP>0</SP>
        <SFCF>1.121365376081654</SFCF>
        <CFR>0.09998797020871221</CFR>
        <CWH>0.19998153562527563</CWH>
        <CFGlacier>1</CFGlacier>
        <CFSlope>1</CFSlope>
        <FC>1643.1133923761811</FC>
        <LP>0.78044029012762406</LP>
        <BETA>1.263073296170099</BETA>
      </SubCatchmentVegetationZoneParameters>
    </SubCatchmentVegetationZone>
  </SubCatchment>
</Catchment>