<?xml version="1.0" encoding="utf-8"?>
<Catchment xmlns:xsi="http://www.w3.org/2001/XMLSchema-instance" xmlns:xsd="http://www.w3.org/2001/XMLSchema">
  <CatchmentParameters>
    <KSI>0.001</KSI>
    <KGmin>0.05</KGmin>
    <RangeKG>0.1</RangeKG>
    <AG>0.1</AG>
    <PERC>1.7347264783818228</PERC>
    <Alpha>0</Alpha>
    <UZL>179.11102279083681</UZL>
    <K0>0.89699013080202428</K0>
    <K1>0.24680734553979764</K1>
    <K2>0.0297561624231322</K2>
    <MAXBAS>1</MAXBAS>
    <Cet>0.19302281573915667</Cet>
    <PCALT>2.1604613600387674</PCALT>
    <TCALT>0.28988908173865247</TCALT>
    <Pelev>482</Pelev>
    <Telev>482</Telev>
    <PART>0.5</PART>
    <DELAY>1</DELAY>
  </CatchmentParameters>
  <VegetationZone>
    <VegetationZoneParameters>
      <TT>-1.6986367054233547</TT>
      <CFMAX>1.8148461665676512</CFMAX>
      <SP>0</SP>
      <SFCF>1.3105060227993306</SFCF>
      <CFR>0.09994719560206082</CFR>
      <CWH>0.19999881331228245</CWH>
      <CFGlacier>1</CFGlacier>
      <CFSlope>1</CFSlope>
      <FC>1572.7381755758167</FC>
      <LP>0.79077342685217678</LP>
      <BETA>1.3673021285129596</BETA>
    </VegetationZoneParameters>
  </VegetationZone>
  <SubCatchment>
    <SubCatchmentParameters>
      <KSI>0.001</KSI>
      <KGmin>0.05</KGmin>
      <RangeKG>0.1</RangeKG>
      <AG>0.1</AG>
      <PERC>1.7347264783818228</PERC>
      <Alpha>0</Alpha>
      <UZL>179.11102279083681</UZL>
      <K0>0.89699013080202428</K0>
      <K1>0.24680734553979764</K1>
      <K2>0.0297561624231322</K2>
      <MAXBAS>1</MAXBAS>
      <Cet>0.19302281573915667</Cet>
      <PCALT>2.1604613600387674</PCALT>
      <TCALT>0.28988908173865247</TCALT>
      <Pelev>482</Pelev>
      <Telev>482</Telev>
      <PART>0.5</PART>
      <DELAY>1</DELAY>
    </SubCatchmentParameters>
    <SubCatchmentVegetationZone>
      <SubCatchmentVegetationZoneParameters>
        <TT>-1.6986367054233547</TT>
        <CFMAX>1.8148461665676512</CFMAX>
        <SP>0</SP>
        <SFCF>1.3105060227993306</SFCF>
        <CFR>0.09994719560206082</CFR>
        <CWH>0.19999881331228245</CWH>
        <CFGlacier>1</CFGlacier>
        <CFSlope>1</CFSlope>
        <FC>1572.7381755758167</FC>
        <LP>0.79077342685217678</LP>
        <BETA>1.3673021285129596</BETA>
      </SubCatchmentVegetationZoneParameters>
    </SubCatchmentVegetationZone>
  </SubCatchment>
</Catchment>