<?xml version="1.0" encoding="utf-8"?>
<Catchment xmlns:xsi="http://www.w3.org/2001/XMLSchema-instance" xmlns:xsd="http://www.w3.org/2001/XMLSchema">
  <CatchmentParameters>
    <KSI>0.001</KSI>
    <KGmin>0.05</KGmin>
    <RangeKG>0.1</RangeKG>
    <AG>0.1</AG>
    <PERC>1.1394060925637906</PERC>
    <Alpha>0</Alpha>
    <UZL>59.866601128376367</UZL>
    <K0>0.28155973264109324</K0>
    <K1>0.17520280095328339</K1>
    <K2>0.026487492394013556</K2>
    <MAXBAS>1</MAXBAS>
    <Cet>0.18679032980665111</Cet>
    <PCALT>4.2989764139736453</PCALT>
    <TCALT>0.27226640027365973</TCALT>
    <Pelev>482</Pelev>
    <Telev>482</Telev>
    <PART>0.5</PART>
    <DELAY>1</DELAY>
  </CatchmentParameters>
  <VegetationZone>
    <VegetationZoneParameters>
      <TT>-1.9004652817369256</TT>
      <CFMAX>1.5125573463434838</CFMAX>
      <SP>0</SP>
      <SFCF>1.0247615417769422</SFCF>
      <CFR>0.0679433170758145</CFR>
      <CWH>0.1999827498900992</CWH>
      <CFGlacier>1</CFGlacier>
      <CFSlope>1</CFSlope>
      <FC>1894.4246290247684</FC>
      <LP>0.77675439385549994</LP>
      <BETA>1.7197782033182589</BETA>
    </VegetationZoneParameters>
  </VegetationZone>
  <SubCatchment>
    <SubCatchmentParameters>
      <KSI>0.001</KSI>
      <KGmin>0.05</KGmin>
      <RangeKG>0.1</RangeKG>
      <AG>0.1</AG>
      <PERC>1.1394060925637906</PERC>
      <Alpha>0</Alpha>
      <UZL>59.866601128376367</UZL>
      <K0>0.28155973264109324</K0>
      <K1>0.17520280095328339</K1>
      <K2>0.026487492394013556</K2>
      <MAXBAS>1</MAXBAS>
      <Cet>0.18679032980665111</Cet>
      <PCALT>4.2989764139736453</PCALT>
      <TCALT>0.27226640027365973</TCALT>
      <Pelev>482</Pelev>
      <Telev>482</Telev>
      <PART>0.5</PART>
      <DELAY>1</DELAY>
    </SubCatchmentParameters>
    <SubCatchmentVegetationZone>
      <SubCatchmentVegetationZoneParameters>
        <TT>-1.9004652817369256</TT>
        <CFMAX>1.5125573463434838</CFMAX>
        <SP>0</SP>
        <SFCF>1.0247615417769422</SFCF>
        <CFR>0.0679433170758145</CFR>
        <CWH>0.1999827498900992</CWH>
        <CFGlacier>1</CFGlacier>
        <CFSlope>1</CFSlope>
        <FC>1894.4246290247684</FC>
        <LP>0.77675439385549994</LP>
        <BETA>1.7197782033182589</BETA>
      </SubCatchmentVegetationZoneParameters>
    </SubCatchmentVegetationZone>
  </SubCatchment>
</Catchment>