<?xml version="1.0" encoding="utf-8"?>
<Catchment xmlns:xsi="http://www.w3.org/2001/XMLSchema-instance" xmlns:xsd="http://www.w3.org/2001/XMLSchema">
  <CatchmentParameters>
    <KSI>0.001</KSI>
    <KGmin>0.05</KGmin>
    <RangeKG>0.1</RangeKG>
    <AG>0.1</AG>
    <PERC>1.187719331015064</PERC>
    <Alpha>0</Alpha>
    <UZL>56.375310688566451</UZL>
    <K0>0.253723231403872</K0>
    <K1>0.18494471247719982</K1>
    <K2>0.025666599536267362</K2>
    <MAXBAS>1</MAXBAS>
    <Cet>0.099040290233547754</Cet>
    <PCALT>2.2393108421119594</PCALT>
    <TCALT>0.10032802259084966</TCALT>
    <Pelev>482</Pelev>
    <Telev>482</Telev>
    <PART>0.5</PART>
    <DELAY>1</DELAY>
  </CatchmentParameters>
  <VegetationZone>
    <VegetationZoneParameters>
      <TT>-1.2426908396934642</TT>
      <CFMAX>1.2083232925863197</CFMAX>
      <SP>0</SP>
      <SFCF>1.043050750181608</SFCF>
      <CFR>0.099855342061145547</CFR>
      <CWH>0.19999998363921376</CWH>
      <CFGlacier>1</CFGlacier>
      <CFSlope>1</CFSlope>
      <FC>1319.5898164087921</FC>
      <LP>0.60116601861553631</LP>
      <BETA>1.2287784185863071</BETA>
    </VegetationZoneParameters>
  </VegetationZone>
  <SubCatchment>
    <SubCatchmentParameters>
      <KSI>0.001</KSI>
      <KGmin>0.05</KGmin>
      <RangeKG>0.1</RangeKG>
      <AG>0.1</AG>
      <PERC>1.187719331015064</PERC>
      <Alpha>0</Alpha>
      <UZL>56.375310688566451</UZL>
      <K0>0.253723231403872</K0>
      <K1>0.18494471247719982</K1>
      <K2>0.025666599536267362</K2>
      <MAXBAS>1</MAXBAS>
      <Cet>0.099040290233547754</Cet>
      <PCALT>2.2393108421119594</PCALT>
      <TCALT>0.10032802259084966</TCALT>
      <Pelev>482</Pelev>
      <Telev>482</Telev>
      <PART>0.5</PART>
      <DELAY>1</DELAY>
    </SubCatchmentParameters>
    <SubCatchmentVegetationZone>
      <SubCatchmentVegetationZoneParameters>
        <TT>-1.2426908396934642</TT>
        <CFMAX>1.2083232925863197</CFMAX>
        <SP>0</SP>
        <SFCF>1.043050750181608</SFCF>
        <CFR>0.099855342061145547</CFR>
        <CWH>0.19999998363921376</CWH>
        <CFGlacier>1</CFGlacier>
        <CFSlope>1</CFSlope>
        <FC>1319.5898164087921</FC>
        <LP>0.60116601861553631</LP>
        <BETA>1.2287784185863071</BETA>
      </SubCatchmentVegetationZoneParameters>
    </SubCatchmentVegetationZone>
  </SubCatchment>
</Catchment>