<?xml version="1.0" encoding="utf-8"?>
<Catchment xmlns:xsi="http://www.w3.org/2001/XMLSchema-instance" xmlns:xsd="http://www.w3.org/2001/XMLSchema">
  <CatchmentParameters>
    <KSI>0.001</KSI>
    <KGmin>0.05</KGmin>
    <RangeKG>0.1</RangeKG>
    <AG>0.1</AG>
    <PERC>1.223638582014924</PERC>
    <Alpha>0</Alpha>
    <UZL>54.422276046541263</UZL>
    <K0>0.25171056217380894</K0>
    <K1>0.18987870427702494</K1>
    <K2>0.027304705188132897</K2>
    <MAXBAS>1</MAXBAS>
    <Cet>0.11945382821531134</Cet>
    <PCALT>3.5156096642559684</PCALT>
    <TCALT>0.27633932623332064</TCALT>
    <Pelev>482</Pelev>
    <Telev>482</Telev>
    <PART>0.5</PART>
    <DELAY>1</DELAY>
  </CatchmentParameters>
  <VegetationZone>
    <VegetationZoneParameters>
      <TT>-1.9184097932337787</TT>
      <CFMAX>1.1928461968840909</CFMAX>
      <SP>0</SP>
      <SFCF>0.8473191447354903</SFCF>
      <CFR>0.09986946907007023</CFR>
      <CWH>0.19998696036211275</CWH>
      <CFGlacier>1</CFGlacier>
      <CFSlope>1</CFSlope>
      <FC>1925.5900109072936</FC>
      <LP>0.82301550814382263</LP>
      <BETA>1.7160556135635248</BETA>
    </VegetationZoneParameters>
  </VegetationZone>
  <SubCatchment>
    <SubCatchmentParameters>
      <KSI>0.001</KSI>
      <KGmin>0.05</KGmin>
      <RangeKG>0.1</RangeKG>
      <AG>0.1</AG>
      <PERC>1.223638582014924</PERC>
      <Alpha>0</Alpha>
      <UZL>54.422276046541263</UZL>
      <K0>0.25171056217380894</K0>
      <K1>0.18987870427702494</K1>
      <K2>0.027304705188132897</K2>
      <MAXBAS>1</MAXBAS>
      <Cet>0.11945382821531134</Cet>
      <PCALT>3.5156096642559684</PCALT>
      <TCALT>0.27633932623332064</TCALT>
      <Pelev>482</Pelev>
      <Telev>482</Telev>
      <PART>0.5</PART>
      <DELAY>1</DELAY>
    </SubCatchmentParameters>
    <SubCatchmentVegetationZone>
      <SubCatchmentVegetationZoneParameters>
        <TT>-1.9184097932337787</TT>
        <CFMAX>1.1928461968840909</CFMAX>
        <SP>0</SP>
        <SFCF>0.8473191447354903</SFCF>
        <CFR>0.09986946907007023</CFR>
        <CWH>0.19998696036211275</CWH>
        <CFGlacier>1</CFGlacier>
        <CFSlope>1</CFSlope>
        <FC>1925.5900109072936</FC>
        <LP>0.82301550814382263</LP>
        <BETA>1.7160556135635248</BETA>
      </SubCatchmentVegetationZoneParameters>
    </SubCatchmentVegetationZone>
  </SubCatchment>
</Catchment>