<?xml version="1.0" encoding="utf-8"?>
<Catchment xmlns:xsi="http://www.w3.org/2001/XMLSchema-instance" xmlns:xsd="http://www.w3.org/2001/XMLSchema">
  <CatchmentParameters>
    <KSI>0.001</KSI>
    <KGmin>0.05</KGmin>
    <RangeKG>0.1</RangeKG>
    <AG>0.1</AG>
    <PERC>1.2337796209267071</PERC>
    <Alpha>0</Alpha>
    <UZL>48.475240545884759</UZL>
    <K0>0.2131600783180849</K0>
    <K1>0.17764743722700782</K1>
    <K2>0.026236173229822111</K2>
    <MAXBAS>1</MAXBAS>
    <Cet>0.11359942211864806</Cet>
    <PCALT>0.3986377320257779</PCALT>
    <TCALT>0.13066036852175056</TCALT>
    <Pelev>482</Pelev>
    <Telev>482</Telev>
    <PART>0.5</PART>
    <DELAY>1</DELAY>
  </CatchmentParameters>
  <VegetationZone>
    <VegetationZoneParameters>
      <TT>-1.0175239924759771</TT>
      <CFMAX>1.7896298866554512</CFMAX>
      <SP>0</SP>
      <SFCF>0.82042916159012391</SFCF>
      <CFR>0.099996544499758616</CFR>
      <CWH>0.19997771378210658</CWH>
      <CFGlacier>1</CFGlacier>
      <CFSlope>1</CFSlope>
      <FC>1154.0586659688318</FC>
      <LP>0.80382018342949624</LP>
      <BETA>1.264889018190613</BETA>
    </VegetationZoneParameters>
  </VegetationZone>
  <SubCatchment>
    <SubCatchmentParameters>
      <KSI>0.001</KSI>
      <KGmin>0.05</KGmin>
      <RangeKG>0.1</RangeKG>
      <AG>0.1</AG>
      <PERC>1.2337796209267071</PERC>
      <Alpha>0</Alpha>
      <UZL>48.475240545884759</UZL>
      <K0>0.2131600783180849</K0>
      <K1>0.17764743722700782</K1>
      <K2>0.026236173229822111</K2>
      <MAXBAS>1</MAXBAS>
      <Cet>0.11359942211864806</Cet>
      <PCALT>0.3986377320257779</PCALT>
      <TCALT>0.13066036852175056</TCALT>
      <Pelev>482</Pelev>
      <Telev>482</Telev>
      <PART>0.5</PART>
      <DELAY>1</DELAY>
    </SubCatchmentParameters>
    <SubCatchmentVegetationZone>
      <SubCatchmentVegetationZoneParameters>
        <TT>-1.0175239924759771</TT>
        <CFMAX>1.7896298866554512</CFMAX>
        <SP>0</SP>
        <SFCF>0.82042916159012391</SFCF>
        <CFR>0.099996544499758616</CFR>
        <CWH>0.19997771378210658</CWH>
        <CFGlacier>1</CFGlacier>
        <CFSlope>1</CFSlope>
        <FC>1154.0586659688318</FC>
        <LP>0.80382018342949624</LP>
        <BETA>1.264889018190613</BETA>
      </SubCatchmentVegetationZoneParameters>
    </SubCatchmentVegetationZone>
  </SubCatchment>
</Catchment>