<?xml version="1.0" encoding="utf-8"?>
<Catchment xmlns:xsi="http://www.w3.org/2001/XMLSchema-instance" xmlns:xsd="http://www.w3.org/2001/XMLSchema">
  <CatchmentParameters>
    <KSI>0.001</KSI>
    <KGmin>0.05</KGmin>
    <RangeKG>0.1</RangeKG>
    <AG>0.1</AG>
    <PERC>1.9228856216066439</PERC>
    <Alpha>0</Alpha>
    <UZL>113.43761565957045</UZL>
    <K0>0.83700295346622</K0>
    <K1>0.24788844230546681</K1>
    <K2>0.031417524856031567</K2>
    <MAXBAS>1</MAXBAS>
    <Cet>0.10656678669386285</Cet>
    <PCALT>3.4427066952826557</PCALT>
    <TCALT>0.21427916272967323</TCALT>
    <Pelev>482</Pelev>
    <Telev>482</Telev>
    <PART>0.5</PART>
    <DELAY>1</DELAY>
  </CatchmentParameters>
  <VegetationZone>
    <VegetationZoneParameters>
      <TT>-1.4590422232692266</TT>
      <CFMAX>1.6593997120311705</CFMAX>
      <SP>0</SP>
      <SFCF>1.1385429453977727</SFCF>
      <CFR>0.099982417518571232</CFR>
      <CWH>0.19998463160580854</CWH>
      <CFGlacier>1</CFGlacier>
      <CFSlope>1</CFSlope>
      <FC>1986.2373356010528</FC>
      <LP>0.78898938763570226</LP>
      <BETA>1.6141459144064652</BETA>
    </VegetationZoneParameters>
  </VegetationZone>
  <SubCatchment>
    <SubCatchmentParameters>
      <KSI>0.001</KSI>
      <KGmin>0.05</KGmin>
      <RangeKG>0.1</RangeKG>
      <AG>0.1</AG>
      <PERC>1.9228856216066439</PERC>
      <Alpha>0</Alpha>
      <UZL>113.43761565957045</UZL>
      <K0>0.83700295346622</K0>
      <K1>0.24788844230546681</K1>
      <K2>0.031417524856031567</K2>
      <MAXBAS>1</MAXBAS>
      <Cet>0.10656678669386285</Cet>
      <PCALT>3.4427066952826557</PCALT>
      <TCALT>0.21427916272967323</TCALT>
      <Pelev>482</Pelev>
      <Telev>482</Telev>
      <PART>0.5</PART>
      <DELAY>1</DELAY>
    </SubCatchmentParameters>
    <SubCatchmentVegetationZone>
      <SubCatchmentVegetationZoneParameters>
        <TT>-1.4590422232692266</TT>
        <CFMAX>1.6593997120311705</CFMAX>
        <SP>0</SP>
        <SFCF>1.1385429453977727</SFCF>
        <CFR>0.099982417518571232</CFR>
        <CWH>0.19998463160580854</CWH>
        <CFGlacier>1</CFGlacier>
        <CFSlope>1</CFSlope>
        <FC>1986.2373356010528</FC>
        <LP>0.78898938763570226</LP>
        <BETA>1.6141459144064652</BETA>
      </SubCatchmentVegetationZoneParameters>
    </SubCatchmentVegetationZone>
  </SubCatchment>
</Catchment>