<?xml version="1.0" encoding="utf-8"?>
<Catchment xmlns:xsi="http://www.w3.org/2001/XMLSchema-instance" xmlns:xsd="http://www.w3.org/2001/XMLSchema">
  <CatchmentParameters>
    <KSI>0.001</KSI>
    <KGmin>0.05</KGmin>
    <RangeKG>0.1</RangeKG>
    <AG>0.1</AG>
    <PERC>1.680719587860497</PERC>
    <Alpha>0</Alpha>
    <UZL>93.748459772223313</UZL>
    <K0>0.84311759002008035</K0>
    <K1>0.24345287354978168</K1>
    <K2>0.029828959793223711</K2>
    <MAXBAS>1</MAXBAS>
    <Cet>0.11290185533794879</Cet>
    <PCALT>3.9028373478933451</PCALT>
    <TCALT>0.30193790765281403</TCALT>
    <Pelev>482</Pelev>
    <Telev>482</Telev>
    <PART>0.5</PART>
    <DELAY>1</DELAY>
  </CatchmentParameters>
  <VegetationZone>
    <VegetationZoneParameters>
      <TT>-1.7356294918779127</TT>
      <CFMAX>1.1945653877108291</CFMAX>
      <SP>0</SP>
      <SFCF>0.72399531318118737</SFCF>
      <CFR>0.041944871261182522</CFR>
      <CWH>0.19999627281175941</CWH>
      <CFGlacier>1</CFGlacier>
      <CFSlope>1</CFSlope>
      <FC>1819.3077566568827</FC>
      <LP>0.66147659404585779</LP>
      <BETA>1.3093748873440365</BETA>
    </VegetationZoneParameters>
  </VegetationZone>
  <SubCatchment>
    <SubCatchmentParameters>
      <KSI>0.001</KSI>
      <KGmin>0.05</KGmin>
      <RangeKG>0.1</RangeKG>
      <AG>0.1</AG>
      <PERC>1.680719587860497</PERC>
      <Alpha>0</Alpha>
      <UZL>93.748459772223313</UZL>
      <K0>0.84311759002008035</K0>
      <K1>0.24345287354978168</K1>
      <K2>0.029828959793223711</K2>
      <MAXBAS>1</MAXBAS>
      <Cet>0.11290185533794879</Cet>
      <PCALT>3.9028373478933451</PCALT>
      <TCALT>0.30193790765281403</TCALT>
      <Pelev>482</Pelev>
      <Telev>482</Telev>
      <PART>0.5</PART>
      <DELAY>1</DELAY>
    </SubCatchmentParameters>
    <SubCatchmentVegetationZone>
      <SubCatchmentVegetationZoneParameters>
        <TT>-1.7356294918779127</TT>
        <CFMAX>1.1945653877108291</CFMAX>
        <SP>0</SP>
        <SFCF>0.72399531318118737</SFCF>
        <CFR>0.041944871261182522</CFR>
        <CWH>0.19999627281175941</CWH>
        <CFGlacier>1</CFGlacier>
        <CFSlope>1</CFSlope>
        <FC>1819.3077566568827</FC>
        <LP>0.66147659404585779</LP>
        <BETA>1.3093748873440365</BETA>
      </SubCatchmentVegetationZoneParameters>
    </SubCatchmentVegetationZone>
  </SubCatchment>
</Catchment>