<?xml version="1.0" encoding="utf-8"?>
<Catchment xmlns:xsi="http://www.w3.org/2001/XMLSchema-instance" xmlns:xsd="http://www.w3.org/2001/XMLSchema">
  <CatchmentParameters>
    <KSI>0.001</KSI>
    <KGmin>0.05</KGmin>
    <RangeKG>0.1</RangeKG>
    <AG>0.1</AG>
    <PERC>1.0833299441179811</PERC>
    <Alpha>0</Alpha>
    <UZL>60.379185704827606</UZL>
    <K0>0.28200352409468682</K0>
    <K1>0.17178157136506236</K1>
    <K2>0.02531599547055588</K2>
    <MAXBAS>1</MAXBAS>
    <Cet>0.12229788893789856</Cet>
    <PCALT>1.5903165953687697</PCALT>
    <TCALT>0.013290918725509207</TCALT>
    <Pelev>482</Pelev>
    <Telev>482</Telev>
    <PART>0.5</PART>
    <DELAY>1</DELAY>
  </CatchmentParameters>
  <VegetationZone>
    <VegetationZoneParameters>
      <TT>-0.808623198441612</TT>
      <CFMAX>1.833498108933546</CFMAX>
      <SP>0</SP>
      <SFCF>1.2163674736072911</SFCF>
      <CFR>0.051683599862641753</CFR>
      <CWH>0.19998817930711713</CWH>
      <CFGlacier>1</CFGlacier>
      <CFSlope>1</CFSlope>
      <FC>1425.4621584384659</FC>
      <LP>0.858597728810947</LP>
      <BETA>1.6252105330623952</BETA>
    </VegetationZoneParameters>
  </VegetationZone>
  <SubCatchment>
    <SubCatchmentParameters>
      <KSI>0.001</KSI>
      <KGmin>0.05</KGmin>
      <RangeKG>0.1</RangeKG>
      <AG>0.1</AG>
      <PERC>1.0833299441179811</PERC>
      <Alpha>0</Alpha>
      <UZL>60.379185704827606</UZL>
      <K0>0.28200352409468682</K0>
      <K1>0.17178157136506236</K1>
      <K2>0.02531599547055588</K2>
      <MAXBAS>1</MAXBAS>
      <Cet>0.12229788893789856</Cet>
      <PCALT>1.5903165953687697</PCALT>
      <TCALT>0.013290918725509207</TCALT>
      <Pelev>482</Pelev>
      <Telev>482</Telev>
      <PART>0.5</PART>
      <DELAY>1</DELAY>
    </SubCatchmentParameters>
    <SubCatchmentVegetationZone>
      <SubCatchmentVegetationZoneParameters>
        <TT>-0.808623198441612</TT>
        <CFMAX>1.833498108933546</CFMAX>
        <SP>0</SP>
        <SFCF>1.2163674736072911</SFCF>
        <CFR>0.051683599862641753</CFR>
        <CWH>0.19998817930711713</CWH>
        <CFGlacier>1</CFGlacier>
        <CFSlope>1</CFSlope>
        <FC>1425.4621584384659</FC>
        <LP>0.858597728810947</LP>
        <BETA>1.6252105330623952</BETA>
      </SubCatchmentVegetationZoneParameters>
    </SubCatchmentVegetationZone>
  </SubCatchment>
</Catchment>