<?xml version="1.0" encoding="utf-8"?>
<Catchment xmlns:xsi="http://www.w3.org/2001/XMLSchema-instance" xmlns:xsd="http://www.w3.org/2001/XMLSchema">
  <CatchmentParameters>
    <KSI>0.001</KSI>
    <KGmin>0.05</KGmin>
    <RangeKG>0.1</RangeKG>
    <AG>0.1</AG>
    <PERC>1.2220200668582755</PERC>
    <Alpha>0</Alpha>
    <UZL>54.837330865800482</UZL>
    <K0>0.23676137407440148</K0>
    <K1>0.18766597894094822</K1>
    <K2>0.02692790183872917</K2>
    <MAXBAS>1</MAXBAS>
    <Cet>0.1205363229087765</Cet>
    <PCALT>3.4161811813676444</PCALT>
    <TCALT>0.18743952720167162</TCALT>
    <Pelev>482</Pelev>
    <Telev>482</Telev>
    <PART>0.5</PART>
    <DELAY>1</DELAY>
  </CatchmentParameters>
  <VegetationZone>
    <VegetationZoneParameters>
      <TT>-1.3391058538819345</TT>
      <CFMAX>1.6968079525546946</CFMAX>
      <SP>0</SP>
      <SFCF>0.97337435417433937</SFCF>
      <CFR>0.099955299344275647</CFR>
      <CWH>0.16927272854130229</CWH>
      <CFGlacier>1</CFGlacier>
      <CFSlope>1</CFSlope>
      <FC>1791.5706142803697</FC>
      <LP>0.82646475418789411</LP>
      <BETA>1.8354241588012659</BETA>
    </VegetationZoneParameters>
  </VegetationZone>
  <SubCatchment>
    <SubCatchmentParameters>
      <KSI>0.001</KSI>
      <KGmin>0.05</KGmin>
      <RangeKG>0.1</RangeKG>
      <AG>0.1</AG>
      <PERC>1.2220200668582755</PERC>
      <Alpha>0</Alpha>
      <UZL>54.837330865800482</UZL>
      <K0>0.23676137407440148</K0>
      <K1>0.18766597894094822</K1>
      <K2>0.02692790183872917</K2>
      <MAXBAS>1</MAXBAS>
      <Cet>0.1205363229087765</Cet>
      <PCALT>3.4161811813676444</PCALT>
      <TCALT>0.18743952720167162</TCALT>
      <Pelev>482</Pelev>
      <Telev>482</Telev>
      <PART>0.5</PART>
      <DELAY>1</DELAY>
    </SubCatchmentParameters>
    <SubCatchmentVegetationZone>
      <SubCatchmentVegetationZoneParameters>
        <TT>-1.3391058538819345</TT>
        <CFMAX>1.6968079525546946</CFMAX>
        <SP>0</SP>
        <SFCF>0.97337435417433937</SFCF>
        <CFR>0.099955299344275647</CFR>
        <CWH>0.16927272854130229</CWH>
        <CFGlacier>1</CFGlacier>
        <CFSlope>1</CFSlope>
        <FC>1791.5706142803697</FC>
        <LP>0.82646475418789411</LP>
        <BETA>1.8354241588012659</BETA>
      </SubCatchmentVegetationZoneParameters>
    </SubCatchmentVegetationZone>
  </SubCatchment>
</Catchment>