<?xml version="1.0" encoding="utf-8"?>
<Catchment xmlns:xsi="http://www.w3.org/2001/XMLSchema-instance" xmlns:xsd="http://www.w3.org/2001/XMLSchema">
  <CatchmentParameters>
    <KSI>0.001</KSI>
    <KGmin>0.05</KGmin>
    <RangeKG>0.1</RangeKG>
    <AG>0.1</AG>
    <PERC>1.4675096011272757</PERC>
    <Alpha>0</Alpha>
    <UZL>46.880169169989308</UZL>
    <K0>0.21989381918032672</K0>
    <K1>0.17661107884942853</K1>
    <K2>0.028711797716217034</K2>
    <MAXBAS>1</MAXBAS>
    <Cet>0.15421905128580024</Cet>
    <PCALT>0.35124397230645521</PCALT>
    <TCALT>0.18000052562299793</TCALT>
    <Pelev>482</Pelev>
    <Telev>482</Telev>
    <PART>0.5</PART>
    <DELAY>1</DELAY>
  </CatchmentParameters>
  <VegetationZone>
    <VegetationZoneParameters>
      <TT>-1.1338309928407571</TT>
      <CFMAX>1.8100326307952714</CFMAX>
      <SP>0</SP>
      <SFCF>0.88611744839600814</SFCF>
      <CFR>0.099958995302285039</CFR>
      <CWH>0.19994563357914708</CWH>
      <CFGlacier>1</CFGlacier>
      <CFSlope>1</CFSlope>
      <FC>1229.8912346500435</FC>
      <LP>0.84763604332389508</LP>
      <BETA>1.235538521442582</BETA>
    </VegetationZoneParameters>
  </VegetationZone>
  <SubCatchment>
    <SubCatchmentParameters>
      <KSI>0.001</KSI>
      <KGmin>0.05</KGmin>
      <RangeKG>0.1</RangeKG>
      <AG>0.1</AG>
      <PERC>1.4675096011272757</PERC>
      <Alpha>0</Alpha>
      <UZL>46.880169169989308</UZL>
      <K0>0.21989381918032672</K0>
      <K1>0.17661107884942853</K1>
      <K2>0.028711797716217034</K2>
      <MAXBAS>1</MAXBAS>
      <Cet>0.15421905128580024</Cet>
      <PCALT>0.35124397230645521</PCALT>
      <TCALT>0.18000052562299793</TCALT>
      <Pelev>482</Pelev>
      <Telev>482</Telev>
      <PART>0.5</PART>
      <DELAY>1</DELAY>
    </SubCatchmentParameters>
    <SubCatchmentVegetationZone>
      <SubCatchmentVegetationZoneParameters>
        <TT>-1.1338309928407571</TT>
        <CFMAX>1.8100326307952714</CFMAX>
        <SP>0</SP>
        <SFCF>0.88611744839600814</SFCF>
        <CFR>0.099958995302285039</CFR>
        <CWH>0.19994563357914708</CWH>
        <CFGlacier>1</CFGlacier>
        <CFSlope>1</CFSlope>
        <FC>1229.8912346500435</FC>
        <LP>0.84763604332389508</LP>
        <BETA>1.235538521442582</BETA>
      </SubCatchmentVegetationZoneParameters>
    </SubCatchmentVegetationZone>
  </SubCatchment>
</Catchment>