<?xml version="1.0" encoding="utf-8"?>
<Catchment xmlns:xsi="http://www.w3.org/2001/XMLSchema-instance" xmlns:xsd="http://www.w3.org/2001/XMLSchema">
  <CatchmentParameters>
    <KSI>0.001</KSI>
    <KGmin>0.05</KGmin>
    <RangeKG>0.1</RangeKG>
    <AG>0.1</AG>
    <PERC>2.1554587220122916</PERC>
    <Alpha>0</Alpha>
    <UZL>113.3823593829151</UZL>
    <K0>0.85436723653042246</K0>
    <K1>0.252634323822954</K1>
    <K2>0.032800193873329581</K2>
    <MAXBAS>1</MAXBAS>
    <Cet>0.063399054983343084</Cet>
    <PCALT>2.8871556256571425</PCALT>
    <TCALT>0.16204232507203994</TCALT>
    <Pelev>482</Pelev>
    <Telev>482</Telev>
    <PART>0.5</PART>
    <DELAY>1</DELAY>
  </CatchmentParameters>
  <VegetationZone>
    <VegetationZoneParameters>
      <TT>-1.2525169713461533</TT>
      <CFMAX>1.1965125321184207</CFMAX>
      <SP>0</SP>
      <SFCF>0.88605986221727273</SFCF>
      <CFR>0.0999470002076369</CFR>
      <CWH>0.19999999393624282</CWH>
      <CFGlacier>1</CFGlacier>
      <CFSlope>1</CFSlope>
      <FC>2000.6750369094923</FC>
      <LP>0.799293056459003</LP>
      <BETA>1.5252597726916934</BETA>
    </VegetationZoneParameters>
  </VegetationZone>
  <SubCatchment>
    <SubCatchmentParameters>
      <KSI>0.001</KSI>
      <KGmin>0.05</KGmin>
      <RangeKG>0.1</RangeKG>
      <AG>0.1</AG>
      <PERC>2.1554587220122916</PERC>
      <Alpha>0</Alpha>
      <UZL>113.3823593829151</UZL>
      <K0>0.85436723653042246</K0>
      <K1>0.252634323822954</K1>
      <K2>0.032800193873329581</K2>
      <MAXBAS>1</MAXBAS>
      <Cet>0.063399054983343084</Cet>
      <PCALT>2.8871556256571425</PCALT>
      <TCALT>0.16204232507203994</TCALT>
      <Pelev>482</Pelev>
      <Telev>482</Telev>
      <PART>0.5</PART>
      <DELAY>1</DELAY>
    </SubCatchmentParameters>
    <SubCatchmentVegetationZone>
      <SubCatchmentVegetationZoneParameters>
        <TT>-1.2525169713461533</TT>
        <CFMAX>1.1965125321184207</CFMAX>
        <SP>0</SP>
        <SFCF>0.88605986221727273</SFCF>
        <CFR>0.0999470002076369</CFR>
        <CWH>0.19999999393624282</CWH>
        <CFGlacier>1</CFGlacier>
        <CFSlope>1</CFSlope>
        <FC>2000.6750369094923</FC>
        <LP>0.799293056459003</LP>
        <BETA>1.5252597726916934</BETA>
      </SubCatchmentVegetationZoneParameters>
    </SubCatchmentVegetationZone>
  </SubCatchment>
</Catchment>