<?xml version="1.0" encoding="utf-8"?>
<Catchment xmlns:xsi="http://www.w3.org/2001/XMLSchema-instance" xmlns:xsd="http://www.w3.org/2001/XMLSchema">
  <CatchmentParameters>
    <KSI>0.001</KSI>
    <KGmin>0.05</KGmin>
    <RangeKG>0.1</RangeKG>
    <AG>0.1</AG>
    <PERC>1.2452183228318594</PERC>
    <Alpha>0</Alpha>
    <UZL>56.988407364913414</UZL>
    <K0>0.26102612359042954</K0>
    <K1>0.18456480594884678</K1>
    <K2>0.027430753365463155</K2>
    <MAXBAS>1</MAXBAS>
    <Cet>0.11933261839702483</Cet>
    <PCALT>4.0236741521035633</PCALT>
    <TCALT>0.25544927875174028</TCALT>
    <Pelev>482</Pelev>
    <Telev>482</Telev>
    <PART>0.5</PART>
    <DELAY>1</DELAY>
  </CatchmentParameters>
  <VegetationZone>
    <VegetationZoneParameters>
      <TT>-1.8508305791300266</TT>
      <CFMAX>1.3547179758786765</CFMAX>
      <SP>0</SP>
      <SFCF>1.1089534106959247</SFCF>
      <CFR>0.099999981717649788</CFR>
      <CWH>0.19998112201621202</CWH>
      <CFGlacier>1</CFGlacier>
      <CFSlope>1</CFSlope>
      <FC>1919.4681185658437</FC>
      <LP>0.78829550062797749</LP>
      <BETA>1.8280735792427909</BETA>
    </VegetationZoneParameters>
  </VegetationZone>
  <SubCatchment>
    <SubCatchmentParameters>
      <KSI>0.001</KSI>
      <KGmin>0.05</KGmin>
      <RangeKG>0.1</RangeKG>
      <AG>0.1</AG>
      <PERC>1.2452183228318594</PERC>
      <Alpha>0</Alpha>
      <UZL>56.988407364913414</UZL>
      <K0>0.26102612359042954</K0>
      <K1>0.18456480594884678</K1>
      <K2>0.027430753365463155</K2>
      <MAXBAS>1</MAXBAS>
      <Cet>0.11933261839702483</Cet>
      <PCALT>4.0236741521035633</PCALT>
      <TCALT>0.25544927875174028</TCALT>
      <Pelev>482</Pelev>
      <Telev>482</Telev>
      <PART>0.5</PART>
      <DELAY>1</DELAY>
    </SubCatchmentParameters>
    <SubCatchmentVegetationZone>
      <SubCatchmentVegetationZoneParameters>
        <TT>-1.8508305791300266</TT>
        <CFMAX>1.3547179758786765</CFMAX>
        <SP>0</SP>
        <SFCF>1.1089534106959247</SFCF>
        <CFR>0.099999981717649788</CFR>
        <CWH>0.19998112201621202</CWH>
        <CFGlacier>1</CFGlacier>
        <CFSlope>1</CFSlope>
        <FC>1919.4681185658437</FC>
        <LP>0.78829550062797749</LP>
        <BETA>1.8280735792427909</BETA>
      </SubCatchmentVegetationZoneParameters>
    </SubCatchmentVegetationZone>
  </SubCatchment>
</Catchment>