<?xml version="1.0" encoding="utf-8"?>
<Catchment xmlns:xsi="http://www.w3.org/2001/XMLSchema-instance" xmlns:xsd="http://www.w3.org/2001/XMLSchema">
  <CatchmentParameters>
    <KSI>0.001</KSI>
    <KGmin>0.05</KGmin>
    <RangeKG>0.1</RangeKG>
    <AG>0.1</AG>
    <PERC>1.1741651134691526</PERC>
    <Alpha>0</Alpha>
    <UZL>56.708167315509414</UZL>
    <K0>0.24956124101804619</K0>
    <K1>0.18982313595361003</K1>
    <K2>0.026410796225670802</K2>
    <MAXBAS>1</MAXBAS>
    <Cet>0.11245535429704211</Cet>
    <PCALT>3.4953082152138788</PCALT>
    <TCALT>0.21614399856314609</TCALT>
    <Pelev>482</Pelev>
    <Telev>482</Telev>
    <PART>0.5</PART>
    <DELAY>1</DELAY>
  </CatchmentParameters>
  <VegetationZone>
    <VegetationZoneParameters>
      <TT>-1.57207773492612</TT>
      <CFMAX>1.4493556740006799</CFMAX>
      <SP>0</SP>
      <SFCF>1.1072711480354762</SFCF>
      <CFR>0.001644323549533009</CFR>
      <CWH>0.19994451706280719</CWH>
      <CFGlacier>1</CFGlacier>
      <CFSlope>1</CFSlope>
      <FC>1817.3513678265067</FC>
      <LP>0.81820851084046053</LP>
      <BETA>1.8749867110745306</BETA>
    </VegetationZoneParameters>
  </VegetationZone>
  <SubCatchment>
    <SubCatchmentParameters>
      <KSI>0.001</KSI>
      <KGmin>0.05</KGmin>
      <RangeKG>0.1</RangeKG>
      <AG>0.1</AG>
      <PERC>1.1741651134691526</PERC>
      <Alpha>0</Alpha>
      <UZL>56.708167315509414</UZL>
      <K0>0.24956124101804619</K0>
      <K1>0.18982313595361003</K1>
      <K2>0.026410796225670802</K2>
      <MAXBAS>1</MAXBAS>
      <Cet>0.11245535429704211</Cet>
      <PCALT>3.4953082152138788</PCALT>
      <TCALT>0.21614399856314609</TCALT>
      <Pelev>482</Pelev>
      <Telev>482</Telev>
      <PART>0.5</PART>
      <DELAY>1</DELAY>
    </SubCatchmentParameters>
    <SubCatchmentVegetationZone>
      <SubCatchmentVegetationZoneParameters>
        <TT>-1.57207773492612</TT>
        <CFMAX>1.4493556740006799</CFMAX>
        <SP>0</SP>
        <SFCF>1.1072711480354762</SFCF>
        <CFR>0.001644323549533009</CFR>
        <CWH>0.19994451706280719</CWH>
        <CFGlacier>1</CFGlacier>
        <CFSlope>1</CFSlope>
        <FC>1817.3513678265067</FC>
        <LP>0.81820851084046053</LP>
        <BETA>1.8749867110745306</BETA>
      </SubCatchmentVegetationZoneParameters>
    </SubCatchmentVegetationZone>
  </SubCatchment>
</Catchment>