<?xml version="1.0" encoding="utf-8"?>
<Catchment xmlns:xsi="http://www.w3.org/2001/XMLSchema-instance" xmlns:xsd="http://www.w3.org/2001/XMLSchema">
  <CatchmentParameters>
    <KSI>0.001</KSI>
    <KGmin>0.05</KGmin>
    <RangeKG>0.1</RangeKG>
    <AG>0.1</AG>
    <PERC>1.3368923291316504</PERC>
    <Alpha>0</Alpha>
    <UZL>49.214528864576266</UZL>
    <K0>0.22077398378832736</K0>
    <K1>0.18585912416196662</K1>
    <K2>0.028166021113280908</K2>
    <MAXBAS>1</MAXBAS>
    <Cet>0.07640934314844619</Cet>
    <PCALT>2.6481627640946948</PCALT>
    <TCALT>0.20281628303226479</TCALT>
    <Pelev>482</Pelev>
    <Telev>482</Telev>
    <PART>0.5</PART>
    <DELAY>1</DELAY>
  </CatchmentParameters>
  <VegetationZone>
    <VegetationZoneParameters>
      <TT>-1.3970925494801014</TT>
      <CFMAX>1.2964015417722157</CFMAX>
      <SP>0</SP>
      <SFCF>0.94060902759766074</SFCF>
      <CFR>0.099960725699177008</CFR>
      <CWH>0.199989867572544</CWH>
      <CFGlacier>1</CFGlacier>
      <CFSlope>1</CFSlope>
      <FC>1667.3351718900037</FC>
      <LP>0.7474998941021167</LP>
      <BETA>1.4275066456138588</BETA>
    </VegetationZoneParameters>
  </VegetationZone>
  <SubCatchment>
    <SubCatchmentParameters>
      <KSI>0.001</KSI>
      <KGmin>0.05</KGmin>
      <RangeKG>0.1</RangeKG>
      <AG>0.1</AG>
      <PERC>1.3368923291316504</PERC>
      <Alpha>0</Alpha>
      <UZL>49.214528864576266</UZL>
      <K0>0.22077398378832736</K0>
      <K1>0.18585912416196662</K1>
      <K2>0.028166021113280908</K2>
      <MAXBAS>1</MAXBAS>
      <Cet>0.07640934314844619</Cet>
      <PCALT>2.6481627640946948</PCALT>
      <TCALT>0.20281628303226479</TCALT>
      <Pelev>482</Pelev>
      <Telev>482</Telev>
      <PART>0.5</PART>
      <DELAY>1</DELAY>
    </SubCatchmentParameters>
    <SubCatchmentVegetationZone>
      <SubCatchmentVegetationZoneParameters>
        <TT>-1.3970925494801014</TT>
        <CFMAX>1.2964015417722157</CFMAX>
        <SP>0</SP>
        <SFCF>0.94060902759766074</SFCF>
        <CFR>0.099960725699177008</CFR>
        <CWH>0.199989867572544</CWH>
        <CFGlacier>1</CFGlacier>
        <CFSlope>1</CFSlope>
        <FC>1667.3351718900037</FC>
        <LP>0.7474998941021167</LP>
        <BETA>1.4275066456138588</BETA>
      </SubCatchmentVegetationZoneParameters>
    </SubCatchmentVegetationZone>
  </SubCatchment>
</Catchment>