<?xml version="1.0" encoding="utf-8"?>
<Catchment xmlns:xsi="http://www.w3.org/2001/XMLSchema-instance" xmlns:xsd="http://www.w3.org/2001/XMLSchema">
  <CatchmentParameters>
    <KSI>0.001</KSI>
    <KGmin>0.05</KGmin>
    <RangeKG>0.1</RangeKG>
    <AG>0.1</AG>
    <PERC>1.1385510450539742</PERC>
    <Alpha>0</Alpha>
    <UZL>59.759665538499895</UZL>
    <K0>0.27825190622606649</K0>
    <K1>0.17394031212256847</K1>
    <K2>0.025979072923904889</K2>
    <MAXBAS>1</MAXBAS>
    <Cet>0.17881602389196905</Cet>
    <PCALT>3.3332806368019994</PCALT>
    <TCALT>0.30837652677784938</TCALT>
    <Pelev>482</Pelev>
    <Telev>482</Telev>
    <PART>0.5</PART>
    <DELAY>1</DELAY>
  </CatchmentParameters>
  <VegetationZone>
    <VegetationZoneParameters>
      <TT>-1.9683395383624676</TT>
      <CFMAX>1.56701418537381</CFMAX>
      <SP>0</SP>
      <SFCF>0.96753523526250906</SFCF>
      <CFR>0.098820084077134981</CFR>
      <CWH>0.199947471278192</CWH>
      <CFGlacier>1</CFGlacier>
      <CFSlope>1</CFSlope>
      <FC>1564.4899961066913</FC>
      <LP>0.70122738222621361</LP>
      <BETA>1.4155215134725752</BETA>
    </VegetationZoneParameters>
  </VegetationZone>
  <SubCatchment>
    <SubCatchmentParameters>
      <KSI>0.001</KSI>
      <KGmin>0.05</KGmin>
      <RangeKG>0.1</RangeKG>
      <AG>0.1</AG>
      <PERC>1.1385510450539742</PERC>
      <Alpha>0</Alpha>
      <UZL>59.759665538499895</UZL>
      <K0>0.27825190622606649</K0>
      <K1>0.17394031212256847</K1>
      <K2>0.025979072923904889</K2>
      <MAXBAS>1</MAXBAS>
      <Cet>0.17881602389196905</Cet>
      <PCALT>3.3332806368019994</PCALT>
      <TCALT>0.30837652677784938</TCALT>
      <Pelev>482</Pelev>
      <Telev>482</Telev>
      <PART>0.5</PART>
      <DELAY>1</DELAY>
    </SubCatchmentParameters>
    <SubCatchmentVegetationZone>
      <SubCatchmentVegetationZoneParameters>
        <TT>-1.9683395383624676</TT>
        <CFMAX>1.56701418537381</CFMAX>
        <SP>0</SP>
        <SFCF>0.96753523526250906</SFCF>
        <CFR>0.098820084077134981</CFR>
        <CWH>0.199947471278192</CWH>
        <CFGlacier>1</CFGlacier>
        <CFSlope>1</CFSlope>
        <FC>1564.4899961066913</FC>
        <LP>0.70122738222621361</LP>
        <BETA>1.4155215134725752</BETA>
      </SubCatchmentVegetationZoneParameters>
    </SubCatchmentVegetationZone>
  </SubCatchment>
</Catchment>