<?xml version="1.0" encoding="utf-8"?>
<Catchment xmlns:xsi="http://www.w3.org/2001/XMLSchema-instance" xmlns:xsd="http://www.w3.org/2001/XMLSchema">
  <CatchmentParameters>
    <KSI>0.001</KSI>
    <KGmin>0.05</KGmin>
    <RangeKG>0.1</RangeKG>
    <AG>0.1</AG>
    <PERC>1.2905671744830012</PERC>
    <Alpha>0</Alpha>
    <UZL>54.967674810506352</UZL>
    <K0>0.25265300588623807</K0>
    <K1>0.19063152454575347</K1>
    <K2>0.027295964402850374</K2>
    <MAXBAS>1</MAXBAS>
    <Cet>0.17528703389782949</Cet>
    <PCALT>2.4432046712585564</PCALT>
    <TCALT>0.3310954292693335</TCALT>
    <Pelev>482</Pelev>
    <Telev>482</Telev>
    <PART>0.5</PART>
    <DELAY>1</DELAY>
  </CatchmentParameters>
  <VegetationZone>
    <VegetationZoneParameters>
      <TT>-2.0910923399939096</TT>
      <CFMAX>0.97605727133679276</CFMAX>
      <SP>0</SP>
      <SFCF>0.81665806380457662</SFCF>
      <CFR>0.017649806820079404</CFR>
      <CWH>0.19999999997021023</CWH>
      <CFGlacier>1</CFGlacier>
      <CFSlope>1</CFSlope>
      <FC>1530.9908355061914</FC>
      <LP>0.81823652879086228</LP>
      <BETA>1.5045232787517924</BETA>
    </VegetationZoneParameters>
  </VegetationZone>
  <SubCatchment>
    <SubCatchmentParameters>
      <KSI>0.001</KSI>
      <KGmin>0.05</KGmin>
      <RangeKG>0.1</RangeKG>
      <AG>0.1</AG>
      <PERC>1.2905671744830012</PERC>
      <Alpha>0</Alpha>
      <UZL>54.967674810506352</UZL>
      <K0>0.25265300588623807</K0>
      <K1>0.19063152454575347</K1>
      <K2>0.027295964402850374</K2>
      <MAXBAS>1</MAXBAS>
      <Cet>0.17528703389782949</Cet>
      <PCALT>2.4432046712585564</PCALT>
      <TCALT>0.3310954292693335</TCALT>
      <Pelev>482</Pelev>
      <Telev>482</Telev>
      <PART>0.5</PART>
      <DELAY>1</DELAY>
    </SubCatchmentParameters>
    <SubCatchmentVegetationZone>
      <SubCatchmentVegetationZoneParameters>
        <TT>-2.0910923399939096</TT>
        <CFMAX>0.97605727133679276</CFMAX>
        <SP>0</SP>
        <SFCF>0.81665806380457662</SFCF>
        <CFR>0.017649806820079404</CFR>
        <CWH>0.19999999997021023</CWH>
        <CFGlacier>1</CFGlacier>
        <CFSlope>1</CFSlope>
        <FC>1530.9908355061914</FC>
        <LP>0.81823652879086228</LP>
        <BETA>1.5045232787517924</BETA>
      </SubCatchmentVegetationZoneParameters>
    </SubCatchmentVegetationZone>
  </SubCatchment>
</Catchment>