<?xml version="1.0" encoding="utf-8"?>
<Catchment xmlns:xsi="http://www.w3.org/2001/XMLSchema-instance" xmlns:xsd="http://www.w3.org/2001/XMLSchema">
  <CatchmentParameters>
    <KSI>0.001</KSI>
    <KGmin>0.05</KGmin>
    <RangeKG>0.1</RangeKG>
    <AG>0.1</AG>
    <PERC>1.1622845511834234</PERC>
    <Alpha>0</Alpha>
    <UZL>58.48524876764327</UZL>
    <K0>0.26934396804980859</K0>
    <K1>0.17742854598539914</K1>
    <K2>0.027107568567733067</K2>
    <MAXBAS>1</MAXBAS>
    <Cet>0.14214129372913034</Cet>
    <PCALT>5.7165390967957856</PCALT>
    <TCALT>0.28705374330870609</TCALT>
    <Pelev>482</Pelev>
    <Telev>482</Telev>
    <PART>0.5</PART>
    <DELAY>1</DELAY>
  </CatchmentParameters>
  <VegetationZone>
    <VegetationZoneParameters>
      <TT>-1.8526773014575992</TT>
      <CFMAX>1.233498878175767</CFMAX>
      <SP>0</SP>
      <SFCF>0.65897773783980429</SFCF>
      <CFR>0.099912988768254454</CFR>
      <CWH>0.19998158946243749</CWH>
      <CFGlacier>1</CFGlacier>
      <CFSlope>1</CFSlope>
      <FC>2266.9873015627609</FC>
      <LP>0.74037613898582944</LP>
      <BETA>1.844517391142565</BETA>
    </VegetationZoneParameters>
  </VegetationZone>
  <SubCatchment>
    <SubCatchmentParameters>
      <KSI>0.001</KSI>
      <KGmin>0.05</KGmin>
      <RangeKG>0.1</RangeKG>
      <AG>0.1</AG>
      <PERC>1.1622845511834234</PERC>
      <Alpha>0</Alpha>
      <UZL>58.48524876764327</UZL>
      <K0>0.26934396804980859</K0>
      <K1>0.17742854598539914</K1>
      <K2>0.027107568567733067</K2>
      <MAXBAS>1</MAXBAS>
      <Cet>0.14214129372913034</Cet>
      <PCALT>5.7165390967957856</PCALT>
      <TCALT>0.28705374330870609</TCALT>
      <Pelev>482</Pelev>
      <Telev>482</Telev>
      <PART>0.5</PART>
      <DELAY>1</DELAY>
    </SubCatchmentParameters>
    <SubCatchmentVegetationZone>
      <SubCatchmentVegetationZoneParameters>
        <TT>-1.8526773014575992</TT>
        <CFMAX>1.233498878175767</CFMAX>
        <SP>0</SP>
        <SFCF>0.65897773783980429</SFCF>
        <CFR>0.099912988768254454</CFR>
        <CWH>0.19998158946243749</CWH>
        <CFGlacier>1</CFGlacier>
        <CFSlope>1</CFSlope>
        <FC>2266.9873015627609</FC>
        <LP>0.74037613898582944</LP>
        <BETA>1.844517391142565</BETA>
      </SubCatchmentVegetationZoneParameters>
    </SubCatchmentVegetationZone>
  </SubCatchment>
</Catchment>