<?xml version="1.0" encoding="utf-8"?>
<Catchment xmlns:xsi="http://www.w3.org/2001/XMLSchema-instance" xmlns:xsd="http://www.w3.org/2001/XMLSchema">
  <CatchmentParameters>
    <KSI>0.001</KSI>
    <KGmin>0.05</KGmin>
    <RangeKG>0.1</RangeKG>
    <AG>0.1</AG>
    <PERC>1.3756262819282885</PERC>
    <Alpha>0</Alpha>
    <UZL>48.179702269147135</UZL>
    <K0>0.2070633398290353</K0>
    <K1>0.18246911012959785</K1>
    <K2>0.027605261490002177</K2>
    <MAXBAS>1</MAXBAS>
    <Cet>0.20539569713369688</Cet>
    <PCALT>2.1049063574373044</PCALT>
    <TCALT>0.10409579337151577</TCALT>
    <Pelev>482</Pelev>
    <Telev>482</Telev>
    <PART>0.5</PART>
    <DELAY>1</DELAY>
  </CatchmentParameters>
  <VegetationZone>
    <VegetationZoneParameters>
      <TT>-0.86307382123274867</TT>
      <CFMAX>1.2398256482993462</CFMAX>
      <SP>0</SP>
      <SFCF>0.50049883664941863</SFCF>
      <CFR>0.0999999978166679</CFR>
      <CWH>0.19994558531411993</CWH>
      <CFGlacier>1</CFGlacier>
      <CFSlope>1</CFSlope>
      <FC>1329.3128411603675</FC>
      <LP>0.77566385828597906</LP>
      <BETA>1.3541300348126357</BETA>
    </VegetationZoneParameters>
  </VegetationZone>
  <SubCatchment>
    <SubCatchmentParameters>
      <KSI>0.001</KSI>
      <KGmin>0.05</KGmin>
      <RangeKG>0.1</RangeKG>
      <AG>0.1</AG>
      <PERC>1.3756262819282885</PERC>
      <Alpha>0</Alpha>
      <UZL>48.179702269147135</UZL>
      <K0>0.2070633398290353</K0>
      <K1>0.18246911012959785</K1>
      <K2>0.027605261490002177</K2>
      <MAXBAS>1</MAXBAS>
      <Cet>0.20539569713369688</Cet>
      <PCALT>2.1049063574373044</PCALT>
      <TCALT>0.10409579337151577</TCALT>
      <Pelev>482</Pelev>
      <Telev>482</Telev>
      <PART>0.5</PART>
      <DELAY>1</DELAY>
    </SubCatchmentParameters>
    <SubCatchmentVegetationZone>
      <SubCatchmentVegetationZoneParameters>
        <TT>-0.86307382123274867</TT>
        <CFMAX>1.2398256482993462</CFMAX>
        <SP>0</SP>
        <SFCF>0.50049883664941863</SFCF>
        <CFR>0.0999999978166679</CFR>
        <CWH>0.19994558531411993</CWH>
        <CFGlacier>1</CFGlacier>
        <CFSlope>1</CFSlope>
        <FC>1329.3128411603675</FC>
        <LP>0.77566385828597906</LP>
        <BETA>1.3541300348126357</BETA>
      </SubCatchmentVegetationZoneParameters>
    </SubCatchmentVegetationZone>
  </SubCatchment>
</Catchment>