<?xml version="1.0" encoding="utf-8"?>
<Catchment xmlns:xsi="http://www.w3.org/2001/XMLSchema-instance" xmlns:xsd="http://www.w3.org/2001/XMLSchema">
  <CatchmentParameters>
    <KSI>0.001</KSI>
    <KGmin>0.05</KGmin>
    <RangeKG>0.1</RangeKG>
    <AG>0.1</AG>
    <PERC>1.56027942603307</PERC>
    <Alpha>0</Alpha>
    <UZL>48.62495503500358</UZL>
    <K0>0.22570372483277937</K0>
    <K1>0.20669254324139583</K1>
    <K2>0.029603377330654625</K2>
    <MAXBAS>1</MAXBAS>
    <Cet>0.067839590801904437</Cet>
    <PCALT>1.5024774084661823</PCALT>
    <TCALT>0.280283994803712</TCALT>
    <Pelev>482</Pelev>
    <Telev>482</Telev>
    <PART>0.5</PART>
    <DELAY>1</DELAY>
  </CatchmentParameters>
  <VegetationZone>
    <VegetationZoneParameters>
      <TT>-1.9556809820813867</TT>
      <CFMAX>1.5784496456594628</CFMAX>
      <SP>0</SP>
      <SFCF>1.4012342718487074</SFCF>
      <CFR>0.099971977752936689</CFR>
      <CWH>0.199988061853212</CWH>
      <CFGlacier>1</CFGlacier>
      <CFSlope>1</CFSlope>
      <FC>1686.815952016332</FC>
      <LP>0.8944927677655663</LP>
      <BETA>1.6603187846226508</BETA>
    </VegetationZoneParameters>
  </VegetationZone>
  <SubCatchment>
    <SubCatchmentParameters>
      <KSI>0.001</KSI>
      <KGmin>0.05</KGmin>
      <RangeKG>0.1</RangeKG>
      <AG>0.1</AG>
      <PERC>1.56027942603307</PERC>
      <Alpha>0</Alpha>
      <UZL>48.62495503500358</UZL>
      <K0>0.22570372483277937</K0>
      <K1>0.20669254324139583</K1>
      <K2>0.029603377330654625</K2>
      <MAXBAS>1</MAXBAS>
      <Cet>0.067839590801904437</Cet>
      <PCALT>1.5024774084661823</PCALT>
      <TCALT>0.280283994803712</TCALT>
      <Pelev>482</Pelev>
      <Telev>482</Telev>
      <PART>0.5</PART>
      <DELAY>1</DELAY>
    </SubCatchmentParameters>
    <SubCatchmentVegetationZone>
      <SubCatchmentVegetationZoneParameters>
        <TT>-1.9556809820813867</TT>
        <CFMAX>1.5784496456594628</CFMAX>
        <SP>0</SP>
        <SFCF>1.4012342718487074</SFCF>
        <CFR>0.099971977752936689</CFR>
        <CWH>0.199988061853212</CWH>
        <CFGlacier>1</CFGlacier>
        <CFSlope>1</CFSlope>
        <FC>1686.815952016332</FC>
        <LP>0.8944927677655663</LP>
        <BETA>1.6603187846226508</BETA>
      </SubCatchmentVegetationZoneParameters>
    </SubCatchmentVegetationZone>
  </SubCatchment>
</Catchment>