<?xml version="1.0" encoding="utf-8"?>
<Catchment xmlns:xsi="http://www.w3.org/2001/XMLSchema-instance" xmlns:xsd="http://www.w3.org/2001/XMLSchema">
  <CatchmentParameters>
    <KSI>0.001</KSI>
    <KGmin>0.05</KGmin>
    <RangeKG>0.1</RangeKG>
    <AG>0.1</AG>
    <PERC>1.6949994214832069</PERC>
    <Alpha>0</Alpha>
    <UZL>154.90998450671685</UZL>
    <K0>0.0501643366669188</K0>
    <K1>0.24237935485202228</K1>
    <K2>0.029053010720963335</K2>
    <MAXBAS>1</MAXBAS>
    <Cet>0.14196531056274031</Cet>
    <PCALT>2.0602064463301604</PCALT>
    <TCALT>0.296363825374944</TCALT>
    <Pelev>482</Pelev>
    <Telev>482</Telev>
    <PART>0.5</PART>
    <DELAY>1</DELAY>
  </CatchmentParameters>
  <VegetationZone>
    <VegetationZoneParameters>
      <TT>-1.7142406698459225</TT>
      <CFMAX>0.980874205129818</CFMAX>
      <SP>0</SP>
      <SFCF>0.60053072376346939</SFCF>
      <CFR>0.099967587972856112</CFR>
      <CWH>0.19998987697925316</CWH>
      <CFGlacier>1</CFGlacier>
      <CFSlope>1</CFSlope>
      <FC>1361.697192300172</FC>
      <LP>0.73845302230040766</LP>
      <BETA>1.3092860447121479</BETA>
    </VegetationZoneParameters>
  </VegetationZone>
  <SubCatchment>
    <SubCatchmentParameters>
      <KSI>0.001</KSI>
      <KGmin>0.05</KGmin>
      <RangeKG>0.1</RangeKG>
      <AG>0.1</AG>
      <PERC>1.6949994214832069</PERC>
      <Alpha>0</Alpha>
      <UZL>154.90998450671685</UZL>
      <K0>0.0501643366669188</K0>
      <K1>0.24237935485202228</K1>
      <K2>0.029053010720963335</K2>
      <MAXBAS>1</MAXBAS>
      <Cet>0.14196531056274031</Cet>
      <PCALT>2.0602064463301604</PCALT>
      <TCALT>0.296363825374944</TCALT>
      <Pelev>482</Pelev>
      <Telev>482</Telev>
      <PART>0.5</PART>
      <DELAY>1</DELAY>
    </SubCatchmentParameters>
    <SubCatchmentVegetationZone>
      <SubCatchmentVegetationZoneParameters>
        <TT>-1.7142406698459225</TT>
        <CFMAX>0.980874205129818</CFMAX>
        <SP>0</SP>
        <SFCF>0.60053072376346939</SFCF>
        <CFR>0.099967587972856112</CFR>
        <CWH>0.19998987697925316</CWH>
        <CFGlacier>1</CFGlacier>
        <CFSlope>1</CFSlope>
        <FC>1361.697192300172</FC>
        <LP>0.73845302230040766</LP>
        <BETA>1.3092860447121479</BETA>
      </SubCatchmentVegetationZoneParameters>
    </SubCatchmentVegetationZone>
  </SubCatchment>
</Catchment>