<?xml version="1.0" encoding="utf-8"?>
<Catchment xmlns:xsi="http://www.w3.org/2001/XMLSchema-instance" xmlns:xsd="http://www.w3.org/2001/XMLSchema">
  <CatchmentParameters>
    <KSI>0.001</KSI>
    <KGmin>0.05</KGmin>
    <RangeKG>0.1</RangeKG>
    <AG>0.1</AG>
    <PERC>1.4826226038042574</PERC>
    <Alpha>0</Alpha>
    <UZL>109.86695327102551</UZL>
    <K0>0.90984198058900423</K0>
    <K1>0.23728815622212121</K1>
    <K2>0.02786541004456013</K2>
    <MAXBAS>1</MAXBAS>
    <Cet>0.094369234582375588</Cet>
    <PCALT>1.6836958469853585</PCALT>
    <TCALT>0.1828055354410775</TCALT>
    <Pelev>482</Pelev>
    <Telev>482</Telev>
    <PART>0.5</PART>
    <DELAY>1</DELAY>
  </CatchmentParameters>
  <VegetationZone>
    <VegetationZoneParameters>
      <TT>-1.3232885122773095</TT>
      <CFMAX>1.7567894293801865</CFMAX>
      <SP>0</SP>
      <SFCF>1.2779210058728274</SFCF>
      <CFR>0.099961287666096035</CFR>
      <CWH>0.19999488492562215</CWH>
      <CFGlacier>1</CFGlacier>
      <CFSlope>1</CFSlope>
      <FC>1485.0150614134354</FC>
      <LP>0.8589153644409957</LP>
      <BETA>1.6994000293672753</BETA>
    </VegetationZoneParameters>
  </VegetationZone>
  <SubCatchment>
    <SubCatchmentParameters>
      <KSI>0.001</KSI>
      <KGmin>0.05</KGmin>
      <RangeKG>0.1</RangeKG>
      <AG>0.1</AG>
      <PERC>1.4826226038042574</PERC>
      <Alpha>0</Alpha>
      <UZL>109.86695327102551</UZL>
      <K0>0.90984198058900423</K0>
      <K1>0.23728815622212121</K1>
      <K2>0.02786541004456013</K2>
      <MAXBAS>1</MAXBAS>
      <Cet>0.094369234582375588</Cet>
      <PCALT>1.6836958469853585</PCALT>
      <TCALT>0.1828055354410775</TCALT>
      <Pelev>482</Pelev>
      <Telev>482</Telev>
      <PART>0.5</PART>
      <DELAY>1</DELAY>
    </SubCatchmentParameters>
    <SubCatchmentVegetationZone>
      <SubCatchmentVegetationZoneParameters>
        <TT>-1.3232885122773095</TT>
        <CFMAX>1.7567894293801865</CFMAX>
        <SP>0</SP>
        <SFCF>1.2779210058728274</SFCF>
        <CFR>0.099961287666096035</CFR>
        <CWH>0.19999488492562215</CWH>
        <CFGlacier>1</CFGlacier>
        <CFSlope>1</CFSlope>
        <FC>1485.0150614134354</FC>
        <LP>0.8589153644409957</LP>
        <BETA>1.6994000293672753</BETA>
      </SubCatchmentVegetationZoneParameters>
    </SubCatchmentVegetationZone>
  </SubCatchment>
</Catchment>