<?xml version="1.0" encoding="utf-8"?>
<Catchment xmlns:xsi="http://www.w3.org/2001/XMLSchema-instance" xmlns:xsd="http://www.w3.org/2001/XMLSchema">
  <CatchmentParameters>
    <KSI>0.001</KSI>
    <KGmin>0.05</KGmin>
    <RangeKG>0.1</RangeKG>
    <AG>0.1</AG>
    <PERC>1.4360126907167765</PERC>
    <Alpha>0</Alpha>
    <UZL>54.202040388630714</UZL>
    <K0>0.26494321136252597</K0>
    <K1>0.1797747757168188</K1>
    <K2>0.03041118493702431</K2>
    <MAXBAS>1</MAXBAS>
    <Cet>0.16816833422824948</Cet>
    <PCALT>1.6071463145177967</PCALT>
    <TCALT>0.19907666573464691</TCALT>
    <Pelev>482</Pelev>
    <Telev>482</Telev>
    <PART>0.5</PART>
    <DELAY>1</DELAY>
  </CatchmentParameters>
  <VegetationZone>
    <VegetationZoneParameters>
      <TT>-1.2268161762355117</TT>
      <CFMAX>2.3637162912809946</CFMAX>
      <SP>0</SP>
      <SFCF>1.2143829870824889</SFCF>
      <CFR>0.099973139053282256</CFR>
      <CWH>0.19998932636779426</CWH>
      <CFGlacier>1</CFGlacier>
      <CFSlope>1</CFSlope>
      <FC>1433.9290610976545</FC>
      <LP>0.74162522705549128</LP>
      <BETA>1.2053876395825935</BETA>
    </VegetationZoneParameters>
  </VegetationZone>
  <SubCatchment>
    <SubCatchmentParameters>
      <KSI>0.001</KSI>
      <KGmin>0.05</KGmin>
      <RangeKG>0.1</RangeKG>
      <AG>0.1</AG>
      <PERC>1.4360126907167765</PERC>
      <Alpha>0</Alpha>
      <UZL>54.202040388630714</UZL>
      <K0>0.26494321136252597</K0>
      <K1>0.1797747757168188</K1>
      <K2>0.03041118493702431</K2>
      <MAXBAS>1</MAXBAS>
      <Cet>0.16816833422824948</Cet>
      <PCALT>1.6071463145177967</PCALT>
      <TCALT>0.19907666573464691</TCALT>
      <Pelev>482</Pelev>
      <Telev>482</Telev>
      <PART>0.5</PART>
      <DELAY>1</DELAY>
    </SubCatchmentParameters>
    <SubCatchmentVegetationZone>
      <SubCatchmentVegetationZoneParameters>
        <TT>-1.2268161762355117</TT>
        <CFMAX>2.3637162912809946</CFMAX>
        <SP>0</SP>
        <SFCF>1.2143829870824889</SFCF>
        <CFR>0.099973139053282256</CFR>
        <CWH>0.19998932636779426</CWH>
        <CFGlacier>1</CFGlacier>
        <CFSlope>1</CFSlope>
        <FC>1433.9290610976545</FC>
        <LP>0.74162522705549128</LP>
        <BETA>1.2053876395825935</BETA>
      </SubCatchmentVegetationZoneParameters>
    </SubCatchmentVegetationZone>
  </SubCatchment>
</Catchment>