<?xml version="1.0" encoding="utf-8"?>
<Catchment xmlns:xsi="http://www.w3.org/2001/XMLSchema-instance" xmlns:xsd="http://www.w3.org/2001/XMLSchema">
  <CatchmentParameters>
    <KSI>0.001</KSI>
    <KGmin>0.05</KGmin>
    <RangeKG>0.1</RangeKG>
    <AG>0.1</AG>
    <PERC>1.2873347311909071</PERC>
    <Alpha>0</Alpha>
    <UZL>107.31976883019458</UZL>
    <K0>0.91405812463325087</K0>
    <K1>0.22841963218123615</K1>
    <K2>0.024622144198642823</K2>
    <MAXBAS>1</MAXBAS>
    <Cet>0.17732468903843787</Cet>
    <PCALT>0.96063421280304639</PCALT>
    <TCALT>0.055599592115711291</TCALT>
    <Pelev>482</Pelev>
    <Telev>482</Telev>
    <PART>0.5</PART>
    <DELAY>1</DELAY>
  </CatchmentParameters>
  <VegetationZone>
    <VegetationZoneParameters>
      <TT>-0.60074558023024782</TT>
      <CFMAX>1.8475243493703737</CFMAX>
      <SP>0</SP>
      <SFCF>0.81048632619944361</SFCF>
      <CFR>0.099984746187010365</CFR>
      <CWH>0.19989378001999361</CWH>
      <CFGlacier>1</CFGlacier>
      <CFSlope>1</CFSlope>
      <FC>1058.0492673021875</FC>
      <LP>0.58201727481941357</LP>
      <BETA>1.1159642451801164</BETA>
    </VegetationZoneParameters>
  </VegetationZone>
  <SubCatchment>
    <SubCatchmentParameters>
      <KSI>0.001</KSI>
      <KGmin>0.05</KGmin>
      <RangeKG>0.1</RangeKG>
      <AG>0.1</AG>
      <PERC>1.2873347311909071</PERC>
      <Alpha>0</Alpha>
      <UZL>107.31976883019458</UZL>
      <K0>0.91405812463325087</K0>
      <K1>0.22841963218123615</K1>
      <K2>0.024622144198642823</K2>
      <MAXBAS>1</MAXBAS>
      <Cet>0.17732468903843787</Cet>
      <PCALT>0.96063421280304639</PCALT>
      <TCALT>0.055599592115711291</TCALT>
      <Pelev>482</Pelev>
      <Telev>482</Telev>
      <PART>0.5</PART>
      <DELAY>1</DELAY>
    </SubCatchmentParameters>
    <SubCatchmentVegetationZone>
      <SubCatchmentVegetationZoneParameters>
        <TT>-0.60074558023024782</TT>
        <CFMAX>1.8475243493703737</CFMAX>
        <SP>0</SP>
        <SFCF>0.81048632619944361</SFCF>
        <CFR>0.099984746187010365</CFR>
        <CWH>0.19989378001999361</CWH>
        <CFGlacier>1</CFGlacier>
        <CFSlope>1</CFSlope>
        <FC>1058.0492673021875</FC>
        <LP>0.58201727481941357</LP>
        <BETA>1.1159642451801164</BETA>
      </SubCatchmentVegetationZoneParameters>
    </SubCatchmentVegetationZone>
  </SubCatchment>
</Catchment>