<?xml version="1.0" encoding="utf-8"?>
<Catchment xmlns:xsi="http://www.w3.org/2001/XMLSchema-instance" xmlns:xsd="http://www.w3.org/2001/XMLSchema">
  <CatchmentParameters>
    <KSI>0.001</KSI>
    <KGmin>0.05</KGmin>
    <RangeKG>0.1</RangeKG>
    <AG>0.1</AG>
    <PERC>1.7413834682495417</PERC>
    <Alpha>0</Alpha>
    <UZL>105.64443084221566</UZL>
    <K0>0.957664972114893</K0>
    <K1>0.24466021882069183</K1>
    <K2>0.030429996651649371</K2>
    <MAXBAS>1</MAXBAS>
    <Cet>0.11332272619095803</Cet>
    <PCALT>5.0878248342575185</PCALT>
    <TCALT>0.22715550756010419</TCALT>
    <Pelev>482</Pelev>
    <Telev>482</Telev>
    <PART>0.5</PART>
    <DELAY>1</DELAY>
  </CatchmentParameters>
  <VegetationZone>
    <VegetationZoneParameters>
      <TT>-1.6015391507728434</TT>
      <CFMAX>1.7119091301039322</CFMAX>
      <SP>0</SP>
      <SFCF>1.1669824272380243</SFCF>
      <CFR>0.099917819286211226</CFR>
      <CWH>0.19999544314248346</CWH>
      <CFGlacier>1</CFGlacier>
      <CFSlope>1</CFSlope>
      <FC>2111.7906520114166</FC>
      <LP>0.6933256564683854</LP>
      <BETA>1.6945235536403147</BETA>
    </VegetationZoneParameters>
  </VegetationZone>
  <SubCatchment>
    <SubCatchmentParameters>
      <KSI>0.001</KSI>
      <KGmin>0.05</KGmin>
      <RangeKG>0.1</RangeKG>
      <AG>0.1</AG>
      <PERC>1.7413834682495417</PERC>
      <Alpha>0</Alpha>
      <UZL>105.64443084221566</UZL>
      <K0>0.957664972114893</K0>
      <K1>0.24466021882069183</K1>
      <K2>0.030429996651649371</K2>
      <MAXBAS>1</MAXBAS>
      <Cet>0.11332272619095803</Cet>
      <PCALT>5.0878248342575185</PCALT>
      <TCALT>0.22715550756010419</TCALT>
      <Pelev>482</Pelev>
      <Telev>482</Telev>
      <PART>0.5</PART>
      <DELAY>1</DELAY>
    </SubCatchmentParameters>
    <SubCatchmentVegetationZone>
      <SubCatchmentVegetationZoneParameters>
        <TT>-1.6015391507728434</TT>
        <CFMAX>1.7119091301039322</CFMAX>
        <SP>0</SP>
        <SFCF>1.1669824272380243</SFCF>
        <CFR>0.099917819286211226</CFR>
        <CWH>0.19999544314248346</CWH>
        <CFGlacier>1</CFGlacier>
        <CFSlope>1</CFSlope>
        <FC>2111.7906520114166</FC>
        <LP>0.6933256564683854</LP>
        <BETA>1.6945235536403147</BETA>
      </SubCatchmentVegetationZoneParameters>
    </SubCatchmentVegetationZone>
  </SubCatchment>
</Catchment>