<?xml version="1.0" encoding="utf-8"?>
<Catchment xmlns:xsi="http://www.w3.org/2001/XMLSchema-instance" xmlns:xsd="http://www.w3.org/2001/XMLSchema">
  <CatchmentParameters>
    <KSI>0.001</KSI>
    <KGmin>0.05</KGmin>
    <RangeKG>0.1</RangeKG>
    <AG>0.1</AG>
    <PERC>1.3891138661804721</PERC>
    <Alpha>0</Alpha>
    <UZL>55.907736187876893</UZL>
    <K0>0.26457394041225391</K0>
    <K1>0.18165833335639622</K1>
    <K2>0.02899739913244451</K2>
    <MAXBAS>1</MAXBAS>
    <Cet>0.11092531308769242</Cet>
    <PCALT>4.6670108623226074</PCALT>
    <TCALT>0.16404880434484861</TCALT>
    <Pelev>482</Pelev>
    <Telev>482</Telev>
    <PART>0.5</PART>
    <DELAY>1</DELAY>
  </CatchmentParameters>
  <VegetationZone>
    <VegetationZoneParameters>
      <TT>-1.431785728006872</TT>
      <CFMAX>1.1313830312047823</CFMAX>
      <SP>0</SP>
      <SFCF>0.920453701651082</SFCF>
      <CFR>0.099999140421578467</CFR>
      <CWH>0.19999111141830292</CWH>
      <CFGlacier>1</CFGlacier>
      <CFSlope>1</CFSlope>
      <FC>2065.7876593326496</FC>
      <LP>0.73010857236237114</LP>
      <BETA>1.6899335290818465</BETA>
    </VegetationZoneParameters>
  </VegetationZone>
  <SubCatchment>
    <SubCatchmentParameters>
      <KSI>0.001</KSI>
      <KGmin>0.05</KGmin>
      <RangeKG>0.1</RangeKG>
      <AG>0.1</AG>
      <PERC>1.3891138661804721</PERC>
      <Alpha>0</Alpha>
      <UZL>55.907736187876893</UZL>
      <K0>0.26457394041225391</K0>
      <K1>0.18165833335639622</K1>
      <K2>0.02899739913244451</K2>
      <MAXBAS>1</MAXBAS>
      <Cet>0.11092531308769242</Cet>
      <PCALT>4.6670108623226074</PCALT>
      <TCALT>0.16404880434484861</TCALT>
      <Pelev>482</Pelev>
      <Telev>482</Telev>
      <PART>0.5</PART>
      <DELAY>1</DELAY>
    </SubCatchmentParameters>
    <SubCatchmentVegetationZone>
      <SubCatchmentVegetationZoneParameters>
        <TT>-1.431785728006872</TT>
        <CFMAX>1.1313830312047823</CFMAX>
        <SP>0</SP>
        <SFCF>0.920453701651082</SFCF>
        <CFR>0.099999140421578467</CFR>
        <CWH>0.19999111141830292</CWH>
        <CFGlacier>1</CFGlacier>
        <CFSlope>1</CFSlope>
        <FC>2065.7876593326496</FC>
        <LP>0.73010857236237114</LP>
        <BETA>1.6899335290818465</BETA>
      </SubCatchmentVegetationZoneParameters>
    </SubCatchmentVegetationZone>
  </SubCatchment>
</Catchment>