<?xml version="1.0" encoding="utf-8"?>
<Catchment xmlns:xsi="http://www.w3.org/2001/XMLSchema-instance" xmlns:xsd="http://www.w3.org/2001/XMLSchema">
  <CatchmentParameters>
    <KSI>0.001</KSI>
    <KGmin>0.05</KGmin>
    <RangeKG>0.1</RangeKG>
    <AG>0.1</AG>
    <PERC>1.2194663166463322</PERC>
    <Alpha>0</Alpha>
    <UZL>56.005115426058332</UZL>
    <K0>0.2615604163718151</K0>
    <K1>0.18370481034205533</K1>
    <K2>0.027091264257623929</K2>
    <MAXBAS>1</MAXBAS>
    <Cet>0.1519505036937602</Cet>
    <PCALT>2.6922086668489849</PCALT>
    <TCALT>0.2734555097118222</TCALT>
    <Pelev>482</Pelev>
    <Telev>482</Telev>
    <PART>0.5</PART>
    <DELAY>1</DELAY>
  </CatchmentParameters>
  <VegetationZone>
    <VegetationZoneParameters>
      <TT>-1.6325417661037469</TT>
      <CFMAX>1.8450863555170221</CFMAX>
      <SP>0</SP>
      <SFCF>1.0227395027226565</SFCF>
      <CFR>0.037858598551665054</CFR>
      <CWH>0.19995361852421312</CWH>
      <CFGlacier>1</CFGlacier>
      <CFSlope>1</CFSlope>
      <FC>1680.5153675394838</FC>
      <LP>0.82696675200516</LP>
      <BETA>1.5689064325268673</BETA>
    </VegetationZoneParameters>
  </VegetationZone>
  <SubCatchment>
    <SubCatchmentParameters>
      <KSI>0.001</KSI>
      <KGmin>0.05</KGmin>
      <RangeKG>0.1</RangeKG>
      <AG>0.1</AG>
      <PERC>1.2194663166463322</PERC>
      <Alpha>0</Alpha>
      <UZL>56.005115426058332</UZL>
      <K0>0.2615604163718151</K0>
      <K1>0.18370481034205533</K1>
      <K2>0.027091264257623929</K2>
      <MAXBAS>1</MAXBAS>
      <Cet>0.1519505036937602</Cet>
      <PCALT>2.6922086668489849</PCALT>
      <TCALT>0.2734555097118222</TCALT>
      <Pelev>482</Pelev>
      <Telev>482</Telev>
      <PART>0.5</PART>
      <DELAY>1</DELAY>
    </SubCatchmentParameters>
    <SubCatchmentVegetationZone>
      <SubCatchmentVegetationZoneParameters>
        <TT>-1.6325417661037469</TT>
        <CFMAX>1.8450863555170221</CFMAX>
        <SP>0</SP>
        <SFCF>1.0227395027226565</SFCF>
        <CFR>0.037858598551665054</CFR>
        <CWH>0.19995361852421312</CWH>
        <CFGlacier>1</CFGlacier>
        <CFSlope>1</CFSlope>
        <FC>1680.5153675394838</FC>
        <LP>0.82696675200516</LP>
        <BETA>1.5689064325268673</BETA>
      </SubCatchmentVegetationZoneParameters>
    </SubCatchmentVegetationZone>
  </SubCatchment>
</Catchment>