<?xml version="1.0" encoding="utf-8"?>
<Catchment xmlns:xsi="http://www.w3.org/2001/XMLSchema-instance" xmlns:xsd="http://www.w3.org/2001/XMLSchema">
  <CatchmentParameters>
    <KSI>0.001</KSI>
    <KGmin>0.05</KGmin>
    <RangeKG>0.1</RangeKG>
    <AG>0.1</AG>
    <PERC>1.3557093426314086</PERC>
    <Alpha>0</Alpha>
    <UZL>54.677531722078584</UZL>
    <K0>0.24324923105734506</K0>
    <K1>0.19049437482770204</K1>
    <K2>0.028464253953808763</K2>
    <MAXBAS>1</MAXBAS>
    <Cet>0.185382124035968</Cet>
    <PCALT>5.5232435319836934</PCALT>
    <TCALT>0.038716035118404817</TCALT>
    <Pelev>482</Pelev>
    <Telev>482</Telev>
    <PART>0.5</PART>
    <DELAY>1</DELAY>
  </CatchmentParameters>
  <VegetationZone>
    <VegetationZoneParameters>
      <TT>-0.50943431648961746</TT>
      <CFMAX>2.3564233865502939</CFMAX>
      <SP>0</SP>
      <SFCF>0.82994776312031948</SFCF>
      <CFR>0.09995471949838379</CFR>
      <CWH>0.19999599396994597</CWH>
      <CFGlacier>1</CFGlacier>
      <CFSlope>1</CFSlope>
      <FC>2024.9713342252999</FC>
      <LP>0.65439654641144029</LP>
      <BETA>1.509852610610825</BETA>
    </VegetationZoneParameters>
  </VegetationZone>
  <SubCatchment>
    <SubCatchmentParameters>
      <KSI>0.001</KSI>
      <KGmin>0.05</KGmin>
      <RangeKG>0.1</RangeKG>
      <AG>0.1</AG>
      <PERC>1.3557093426314086</PERC>
      <Alpha>0</Alpha>
      <UZL>54.677531722078584</UZL>
      <K0>0.24324923105734506</K0>
      <K1>0.19049437482770204</K1>
      <K2>0.028464253953808763</K2>
      <MAXBAS>1</MAXBAS>
      <Cet>0.185382124035968</Cet>
      <PCALT>5.5232435319836934</PCALT>
      <TCALT>0.038716035118404817</TCALT>
      <Pelev>482</Pelev>
      <Telev>482</Telev>
      <PART>0.5</PART>
      <DELAY>1</DELAY>
    </SubCatchmentParameters>
    <SubCatchmentVegetationZone>
      <SubCatchmentVegetationZoneParameters>
        <TT>-0.50943431648961746</TT>
        <CFMAX>2.3564233865502939</CFMAX>
        <SP>0</SP>
        <SFCF>0.82994776312031948</SFCF>
        <CFR>0.09995471949838379</CFR>
        <CWH>0.19999599396994597</CWH>
        <CFGlacier>1</CFGlacier>
        <CFSlope>1</CFSlope>
        <FC>2024.9713342252999</FC>
        <LP>0.65439654641144029</LP>
        <BETA>1.509852610610825</BETA>
      </SubCatchmentVegetationZoneParameters>
    </SubCatchmentVegetationZone>
  </SubCatchment>
</Catchment>