<?xml version="1.0" encoding="utf-8"?>
<Catchment xmlns:xsi="http://www.w3.org/2001/XMLSchema-instance" xmlns:xsd="http://www.w3.org/2001/XMLSchema">
  <CatchmentParameters>
    <KSI>0.001</KSI>
    <KGmin>0.05</KGmin>
    <RangeKG>0.1</RangeKG>
    <AG>0.1</AG>
    <PERC>1.5798770891434926</PERC>
    <Alpha>0</Alpha>
    <UZL>46.03598112707477</UZL>
    <K0>0.21609877865683072</K0>
    <K1>0.18898235547227268</K1>
    <K2>0.030818628002001792</K2>
    <MAXBAS>1</MAXBAS>
    <Cet>0.12742919816205434</Cet>
    <PCALT>4.6490264505394858</PCALT>
    <TCALT>0.35156135903908725</TCALT>
    <Pelev>482</Pelev>
    <Telev>482</Telev>
    <PART>0.5</PART>
    <DELAY>1</DELAY>
  </CatchmentParameters>
  <VegetationZone>
    <VegetationZoneParameters>
      <TT>-2.0016246810073084</TT>
      <CFMAX>1.4135603931377767</CFMAX>
      <SP>0</SP>
      <SFCF>0.88821925972453031</SFCF>
      <CFR>0.09997078199306883</CFR>
      <CWH>0.19998091724835898</CWH>
      <CFGlacier>1</CFGlacier>
      <CFSlope>1</CFSlope>
      <FC>2433.5621460725611</FC>
      <LP>0.76758187426113322</LP>
      <BETA>1.6249884673958674</BETA>
    </VegetationZoneParameters>
  </VegetationZone>
  <SubCatchment>
    <SubCatchmentParameters>
      <KSI>0.001</KSI>
      <KGmin>0.05</KGmin>
      <RangeKG>0.1</RangeKG>
      <AG>0.1</AG>
      <PERC>1.5798770891434926</PERC>
      <Alpha>0</Alpha>
      <UZL>46.03598112707477</UZL>
      <K0>0.21609877865683072</K0>
      <K1>0.18898235547227268</K1>
      <K2>0.030818628002001792</K2>
      <MAXBAS>1</MAXBAS>
      <Cet>0.12742919816205434</Cet>
      <PCALT>4.6490264505394858</PCALT>
      <TCALT>0.35156135903908725</TCALT>
      <Pelev>482</Pelev>
      <Telev>482</Telev>
      <PART>0.5</PART>
      <DELAY>1</DELAY>
    </SubCatchmentParameters>
    <SubCatchmentVegetationZone>
      <SubCatchmentVegetationZoneParameters>
        <TT>-2.0016246810073084</TT>
        <CFMAX>1.4135603931377767</CFMAX>
        <SP>0</SP>
        <SFCF>0.88821925972453031</SFCF>
        <CFR>0.09997078199306883</CFR>
        <CWH>0.19998091724835898</CWH>
        <CFGlacier>1</CFGlacier>
        <CFSlope>1</CFSlope>
        <FC>2433.5621460725611</FC>
        <LP>0.76758187426113322</LP>
        <BETA>1.6249884673958674</BETA>
      </SubCatchmentVegetationZoneParameters>
    </SubCatchmentVegetationZone>
  </SubCatchment>
</Catchment>