<?xml version="1.0" encoding="utf-8"?>
<Catchment xmlns:xsi="http://www.w3.org/2001/XMLSchema-instance" xmlns:xsd="http://www.w3.org/2001/XMLSchema">
  <CatchmentParameters>
    <KSI>0.001</KSI>
    <KGmin>0.05</KGmin>
    <RangeKG>0.1</RangeKG>
    <AG>0.1</AG>
    <PERC>1.455695299224864</PERC>
    <Alpha>0</Alpha>
    <UZL>121.97707845301623</UZL>
    <K0>0.90879546045258008</K0>
    <K1>0.237056301720748</K1>
    <K2>0.027664765198126846</K2>
    <MAXBAS>1</MAXBAS>
    <Cet>0.16234732412664688</Cet>
    <PCALT>2.5835869594745109</PCALT>
    <TCALT>0.34953476335339567</TCALT>
    <Pelev>482</Pelev>
    <Telev>482</Telev>
    <PART>0.5</PART>
    <DELAY>1</DELAY>
  </CatchmentParameters>
  <VegetationZone>
    <VegetationZoneParameters>
      <TT>-2.0139640289025218</TT>
      <CFMAX>1.2622872313348743</CFMAX>
      <SP>0</SP>
      <SFCF>0.87004095480146293</SFCF>
      <CFR>0.06677200782718</CFR>
      <CWH>0.19999178088482403</CWH>
      <CFGlacier>1</CFGlacier>
      <CFSlope>1</CFSlope>
      <FC>1495.904045643018</FC>
      <LP>0.78173560129408026</LP>
      <BETA>1.4938187142873352</BETA>
    </VegetationZoneParameters>
  </VegetationZone>
  <SubCatchment>
    <SubCatchmentParameters>
      <KSI>0.001</KSI>
      <KGmin>0.05</KGmin>
      <RangeKG>0.1</RangeKG>
      <AG>0.1</AG>
      <PERC>1.455695299224864</PERC>
      <Alpha>0</Alpha>
      <UZL>121.97707845301623</UZL>
      <K0>0.90879546045258008</K0>
      <K1>0.237056301720748</K1>
      <K2>0.027664765198126846</K2>
      <MAXBAS>1</MAXBAS>
      <Cet>0.16234732412664688</Cet>
      <PCALT>2.5835869594745109</PCALT>
      <TCALT>0.34953476335339567</TCALT>
      <Pelev>482</Pelev>
      <Telev>482</Telev>
      <PART>0.5</PART>
      <DELAY>1</DELAY>
    </SubCatchmentParameters>
    <SubCatchmentVegetationZone>
      <SubCatchmentVegetationZoneParameters>
        <TT>-2.0139640289025218</TT>
        <CFMAX>1.2622872313348743</CFMAX>
        <SP>0</SP>
        <SFCF>0.87004095480146293</SFCF>
        <CFR>0.06677200782718</CFR>
        <CWH>0.19999178088482403</CWH>
        <CFGlacier>1</CFGlacier>
        <CFSlope>1</CFSlope>
        <FC>1495.904045643018</FC>
        <LP>0.78173560129408026</LP>
        <BETA>1.4938187142873352</BETA>
      </SubCatchmentVegetationZoneParameters>
    </SubCatchmentVegetationZone>
  </SubCatchment>
</Catchment>