<?xml version="1.0" encoding="utf-8"?>
<Catchment xmlns:xsi="http://www.w3.org/2001/XMLSchema-instance" xmlns:xsd="http://www.w3.org/2001/XMLSchema">
  <CatchmentParameters>
    <KSI>0.001</KSI>
    <KGmin>0.05</KGmin>
    <RangeKG>0.1</RangeKG>
    <AG>0.1</AG>
    <PERC>2.379004183705828</PERC>
    <Alpha>0</Alpha>
    <UZL>167.16301114858413</UZL>
    <K0>0.40505816496387465</K0>
    <K1>0.25850618160717953</K1>
    <K2>0.033453254595666962</K2>
    <MAXBAS>1</MAXBAS>
    <Cet>0.19032532202834049</Cet>
    <PCALT>2.5656595149166583</PCALT>
    <TCALT>0.18854087431815186</TCALT>
    <Pelev>482</Pelev>
    <Telev>482</Telev>
    <PART>0.5</PART>
    <DELAY>1</DELAY>
  </CatchmentParameters>
  <VegetationZone>
    <VegetationZoneParameters>
      <TT>-1.3428551167135443</TT>
      <CFMAX>1.4925534127477775</CFMAX>
      <SP>0</SP>
      <SFCF>1.1208395633021788</SFCF>
      <CFR>0.04879323930919513</CFR>
      <CWH>0.19999001800763716</CWH>
      <CFGlacier>1</CFGlacier>
      <CFSlope>1</CFSlope>
      <FC>1784.7331397585767</FC>
      <LP>0.78496279987179374</LP>
      <BETA>1.3035452333579267</BETA>
    </VegetationZoneParameters>
  </VegetationZone>
  <SubCatchment>
    <SubCatchmentParameters>
      <KSI>0.001</KSI>
      <KGmin>0.05</KGmin>
      <RangeKG>0.1</RangeKG>
      <AG>0.1</AG>
      <PERC>2.379004183705828</PERC>
      <Alpha>0</Alpha>
      <UZL>167.16301114858413</UZL>
      <K0>0.40505816496387465</K0>
      <K1>0.25850618160717953</K1>
      <K2>0.033453254595666962</K2>
      <MAXBAS>1</MAXBAS>
      <Cet>0.19032532202834049</Cet>
      <PCALT>2.5656595149166583</PCALT>
      <TCALT>0.18854087431815186</TCALT>
      <Pelev>482</Pelev>
      <Telev>482</Telev>
      <PART>0.5</PART>
      <DELAY>1</DELAY>
    </SubCatchmentParameters>
    <SubCatchmentVegetationZone>
      <SubCatchmentVegetationZoneParameters>
        <TT>-1.3428551167135443</TT>
        <CFMAX>1.4925534127477775</CFMAX>
        <SP>0</SP>
        <SFCF>1.1208395633021788</SFCF>
        <CFR>0.04879323930919513</CFR>
        <CWH>0.19999001800763716</CWH>
        <CFGlacier>1</CFGlacier>
        <CFSlope>1</CFSlope>
        <FC>1784.7331397585767</FC>
        <LP>0.78496279987179374</LP>
        <BETA>1.3035452333579267</BETA>
      </SubCatchmentVegetationZoneParameters>
    </SubCatchmentVegetationZone>
  </SubCatchment>
</Catchment>