<?xml version="1.0" encoding="utf-8"?>
<Catchment xmlns:xsi="http://www.w3.org/2001/XMLSchema-instance" xmlns:xsd="http://www.w3.org/2001/XMLSchema">
  <CatchmentParameters>
    <KSI>0.001</KSI>
    <KGmin>0.05</KGmin>
    <RangeKG>0.1</RangeKG>
    <AG>0.1</AG>
    <PERC>1.6217782974467603</PERC>
    <Alpha>0</Alpha>
    <UZL>138.55963384138218</UZL>
    <K0>0.8847258590616911</K0>
    <K1>0.241235017902489</K1>
    <K2>0.0288096372312671</K2>
    <MAXBAS>1</MAXBAS>
    <Cet>0.14729751053306753</Cet>
    <PCALT>1.3212895778185667</PCALT>
    <TCALT>0.39263474763151468</TCALT>
    <Pelev>482</Pelev>
    <Telev>482</Telev>
    <PART>0.5</PART>
    <DELAY>1</DELAY>
  </CatchmentParameters>
  <VegetationZone>
    <VegetationZoneParameters>
      <TT>-1.8811388789524617</TT>
      <CFMAX>2.768420199264642</CFMAX>
      <SP>0</SP>
      <SFCF>0.8950750045539293</SFCF>
      <CFR>0.045908822329260357</CFR>
      <CWH>0.19996229635238966</CWH>
      <CFGlacier>1</CFGlacier>
      <CFSlope>1</CFSlope>
      <FC>1369.6341323474326</FC>
      <LP>0.82458125976915408</LP>
      <BETA>1.33634813155719</BETA>
    </VegetationZoneParameters>
  </VegetationZone>
  <SubCatchment>
    <SubCatchmentParameters>
      <KSI>0.001</KSI>
      <KGmin>0.05</KGmin>
      <RangeKG>0.1</RangeKG>
      <AG>0.1</AG>
      <PERC>1.6217782974467603</PERC>
      <Alpha>0</Alpha>
      <UZL>138.55963384138218</UZL>
      <K0>0.8847258590616911</K0>
      <K1>0.241235017902489</K1>
      <K2>0.0288096372312671</K2>
      <MAXBAS>1</MAXBAS>
      <Cet>0.14729751053306753</Cet>
      <PCALT>1.3212895778185667</PCALT>
      <TCALT>0.39263474763151468</TCALT>
      <Pelev>482</Pelev>
      <Telev>482</Telev>
      <PART>0.5</PART>
      <DELAY>1</DELAY>
    </SubCatchmentParameters>
    <SubCatchmentVegetationZone>
      <SubCatchmentVegetationZoneParameters>
        <TT>-1.8811388789524617</TT>
        <CFMAX>2.768420199264642</CFMAX>
        <SP>0</SP>
        <SFCF>0.8950750045539293</SFCF>
        <CFR>0.045908822329260357</CFR>
        <CWH>0.19996229635238966</CWH>
        <CFGlacier>1</CFGlacier>
        <CFSlope>1</CFSlope>
        <FC>1369.6341323474326</FC>
        <LP>0.82458125976915408</LP>
        <BETA>1.33634813155719</BETA>
      </SubCatchmentVegetationZoneParameters>
    </SubCatchmentVegetationZone>
  </SubCatchment>
</Catchment>