<?xml version="1.0" encoding="utf-8"?>
<Catchment xmlns:xsi="http://www.w3.org/2001/XMLSchema-instance" xmlns:xsd="http://www.w3.org/2001/XMLSchema">
  <CatchmentParameters>
    <KSI>0.001</KSI>
    <KGmin>0.05</KGmin>
    <RangeKG>0.1</RangeKG>
    <AG>0.1</AG>
    <PERC>1.4266734931283975</PERC>
    <Alpha>0</Alpha>
    <UZL>54.837693911281484</UZL>
    <K0>0.25541063311187556</K0>
    <K1>0.18718619508051096</K1>
    <K2>0.029400356505442832</K2>
    <MAXBAS>1</MAXBAS>
    <Cet>0.22532018768810508</Cet>
    <PCALT>3.9541956615538605</PCALT>
    <TCALT>0.15163050230145081</TCALT>
    <Pelev>482</Pelev>
    <Telev>482</Telev>
    <PART>0.5</PART>
    <DELAY>1</DELAY>
  </CatchmentParameters>
  <VegetationZone>
    <VegetationZoneParameters>
      <TT>-0.97017512677098772</TT>
      <CFMAX>2.4886812907168236</CFMAX>
      <SP>0</SP>
      <SFCF>0.87507718773750864</SFCF>
      <CFR>0.0999807218930535</CFR>
      <CWH>0.19999999290604326</CWH>
      <CFGlacier>1</CFGlacier>
      <CFSlope>1</CFSlope>
      <FC>2295.7313842621661</FC>
      <LP>0.94931703257045463</LP>
      <BETA>2.1719186976888158</BETA>
    </VegetationZoneParameters>
  </VegetationZone>
  <SubCatchment>
    <SubCatchmentParameters>
      <KSI>0.001</KSI>
      <KGmin>0.05</KGmin>
      <RangeKG>0.1</RangeKG>
      <AG>0.1</AG>
      <PERC>1.4266734931283975</PERC>
      <Alpha>0</Alpha>
      <UZL>54.837693911281484</UZL>
      <K0>0.25541063311187556</K0>
      <K1>0.18718619508051096</K1>
      <K2>0.029400356505442832</K2>
      <MAXBAS>1</MAXBAS>
      <Cet>0.22532018768810508</Cet>
      <PCALT>3.9541956615538605</PCALT>
      <TCALT>0.15163050230145081</TCALT>
      <Pelev>482</Pelev>
      <Telev>482</Telev>
      <PART>0.5</PART>
      <DELAY>1</DELAY>
    </SubCatchmentParameters>
    <SubCatchmentVegetationZone>
      <SubCatchmentVegetationZoneParameters>
        <TT>-0.97017512677098772</TT>
        <CFMAX>2.4886812907168236</CFMAX>
        <SP>0</SP>
        <SFCF>0.87507718773750864</SFCF>
        <CFR>0.0999807218930535</CFR>
        <CWH>0.19999999290604326</CWH>
        <CFGlacier>1</CFGlacier>
        <CFSlope>1</CFSlope>
        <FC>2295.7313842621661</FC>
        <LP>0.94931703257045463</LP>
        <BETA>2.1719186976888158</BETA>
      </SubCatchmentVegetationZoneParameters>
    </SubCatchmentVegetationZone>
  </SubCatchment>
</Catchment>