<?xml version="1.0" encoding="utf-8"?>
<Catchment xmlns:xsi="http://www.w3.org/2001/XMLSchema-instance" xmlns:xsd="http://www.w3.org/2001/XMLSchema">
  <CatchmentParameters>
    <KSI>0.001</KSI>
    <KGmin>0.05</KGmin>
    <RangeKG>0.1</RangeKG>
    <AG>0.1</AG>
    <PERC>1.182523502595892</PERC>
    <Alpha>0</Alpha>
    <UZL>56.897302382877974</UZL>
    <K0>0.26188124695307746</K0>
    <K1>0.1832864775931671</K1>
    <K2>0.02645012844157393</K2>
    <MAXBAS>1</MAXBAS>
    <Cet>0.19951766304720517</Cet>
    <PCALT>3.2083986331954657</PCALT>
    <TCALT>0.36365266437289873</TCALT>
    <Pelev>482</Pelev>
    <Telev>482</Telev>
    <PART>0.5</PART>
    <DELAY>1</DELAY>
  </CatchmentParameters>
  <VegetationZone>
    <VegetationZoneParameters>
      <TT>-2.0764157191978203</TT>
      <CFMAX>1.4217101264727654</CFMAX>
      <SP>0</SP>
      <SFCF>0.74548700819812053</SFCF>
      <CFR>0.099876366848657375</CFR>
      <CWH>0.19997174714603508</CWH>
      <CFGlacier>1</CFGlacier>
      <CFSlope>1</CFSlope>
      <FC>1589.7544215801106</FC>
      <LP>0.74625006322417708</LP>
      <BETA>1.4180218702710068</BETA>
    </VegetationZoneParameters>
  </VegetationZone>
  <SubCatchment>
    <SubCatchmentParameters>
      <KSI>0.001</KSI>
      <KGmin>0.05</KGmin>
      <RangeKG>0.1</RangeKG>
      <AG>0.1</AG>
      <PERC>1.182523502595892</PERC>
      <Alpha>0</Alpha>
      <UZL>56.897302382877974</UZL>
      <K0>0.26188124695307746</K0>
      <K1>0.1832864775931671</K1>
      <K2>0.02645012844157393</K2>
      <MAXBAS>1</MAXBAS>
      <Cet>0.19951766304720517</Cet>
      <PCALT>3.2083986331954657</PCALT>
      <TCALT>0.36365266437289873</TCALT>
      <Pelev>482</Pelev>
      <Telev>482</Telev>
      <PART>0.5</PART>
      <DELAY>1</DELAY>
    </SubCatchmentParameters>
    <SubCatchmentVegetationZone>
      <SubCatchmentVegetationZoneParameters>
        <TT>-2.0764157191978203</TT>
        <CFMAX>1.4217101264727654</CFMAX>
        <SP>0</SP>
        <SFCF>0.74548700819812053</SFCF>
        <CFR>0.099876366848657375</CFR>
        <CWH>0.19997174714603508</CWH>
        <CFGlacier>1</CFGlacier>
        <CFSlope>1</CFSlope>
        <FC>1589.7544215801106</FC>
        <LP>0.74625006322417708</LP>
        <BETA>1.4180218702710068</BETA>
      </SubCatchmentVegetationZoneParameters>
    </SubCatchmentVegetationZone>
  </SubCatchment>
</Catchment>