<?xml version="1.0" encoding="utf-8"?>
<Catchment xmlns:xsi="http://www.w3.org/2001/XMLSchema-instance" xmlns:xsd="http://www.w3.org/2001/XMLSchema">
  <CatchmentParameters>
    <KSI>0.001</KSI>
    <KGmin>0.05</KGmin>
    <RangeKG>0.1</RangeKG>
    <AG>0.1</AG>
    <PERC>1.2786830588159286</PERC>
    <Alpha>0</Alpha>
    <UZL>54.693194057134711</UZL>
    <K0>0.25117360756056095</K0>
    <K1>0.186217598353745</K1>
    <K2>0.028255942197910243</K2>
    <MAXBAS>1</MAXBAS>
    <Cet>0.15470167496420478</Cet>
    <PCALT>5.26261419845567</PCALT>
    <TCALT>0.30473273785595434</TCALT>
    <Pelev>482</Pelev>
    <Telev>482</Telev>
    <PART>0.5</PART>
    <DELAY>1</DELAY>
  </CatchmentParameters>
  <VegetationZone>
    <VegetationZoneParameters>
      <TT>-1.9488861147186478</TT>
      <CFMAX>1.3146433217469147</CFMAX>
      <SP>0</SP>
      <SFCF>0.73144274949291066</SFCF>
      <CFR>0.09997538562273614</CFR>
      <CWH>0.19999784993932887</CWH>
      <CFGlacier>1</CFGlacier>
      <CFSlope>1</CFSlope>
      <FC>2349.8762535101664</FC>
      <LP>0.77819257683969112</LP>
      <BETA>1.8044130608160165</BETA>
    </VegetationZoneParameters>
  </VegetationZone>
  <SubCatchment>
    <SubCatchmentParameters>
      <KSI>0.001</KSI>
      <KGmin>0.05</KGmin>
      <RangeKG>0.1</RangeKG>
      <AG>0.1</AG>
      <PERC>1.2786830588159286</PERC>
      <Alpha>0</Alpha>
      <UZL>54.693194057134711</UZL>
      <K0>0.25117360756056095</K0>
      <K1>0.186217598353745</K1>
      <K2>0.028255942197910243</K2>
      <MAXBAS>1</MAXBAS>
      <Cet>0.15470167496420478</Cet>
      <PCALT>5.26261419845567</PCALT>
      <TCALT>0.30473273785595434</TCALT>
      <Pelev>482</Pelev>
      <Telev>482</Telev>
      <PART>0.5</PART>
      <DELAY>1</DELAY>
    </SubCatchmentParameters>
    <SubCatchmentVegetationZone>
      <SubCatchmentVegetationZoneParameters>
        <TT>-1.9488861147186478</TT>
        <CFMAX>1.3146433217469147</CFMAX>
        <SP>0</SP>
        <SFCF>0.73144274949291066</SFCF>
        <CFR>0.09997538562273614</CFR>
        <CWH>0.19999784993932887</CWH>
        <CFGlacier>1</CFGlacier>
        <CFSlope>1</CFSlope>
        <FC>2349.8762535101664</FC>
        <LP>0.77819257683969112</LP>
        <BETA>1.8044130608160165</BETA>
      </SubCatchmentVegetationZoneParameters>
    </SubCatchmentVegetationZone>
  </SubCatchment>
</Catchment>