<?xml version="1.0" encoding="utf-8"?>
<Catchment xmlns:xsi="http://www.w3.org/2001/XMLSchema-instance" xmlns:xsd="http://www.w3.org/2001/XMLSchema">
  <CatchmentParameters>
    <KSI>0.001</KSI>
    <KGmin>0.05</KGmin>
    <RangeKG>0.1</RangeKG>
    <AG>0.1</AG>
    <PERC>1.1892312957746276</PERC>
    <Alpha>0</Alpha>
    <UZL>54.032880465267439</UZL>
    <K0>0.23476229925517814</K0>
    <K1>0.19781908462725076</K1>
    <K2>0.025992547561591209</K2>
    <MAXBAS>1</MAXBAS>
    <Cet>0.22062982346259139</Cet>
    <PCALT>4.0022281146707162</PCALT>
    <TCALT>0.29712521815031689</TCALT>
    <Pelev>482</Pelev>
    <Telev>482</Telev>
    <PART>0.5</PART>
    <DELAY>1</DELAY>
  </CatchmentParameters>
  <VegetationZone>
    <VegetationZoneParameters>
      <TT>-1.9166128639149105</TT>
      <CFMAX>1.4548413834510026</CFMAX>
      <SP>0</SP>
      <SFCF>1.052313081144012</SFCF>
      <CFR>0.025117514147501116</CFR>
      <CWH>0.19999131557938851</CWH>
      <CFGlacier>1</CFGlacier>
      <CFSlope>1</CFSlope>
      <FC>1612.7219841296937</FC>
      <LP>0.58425605539758341</LP>
      <BETA>1.236557063110419</BETA>
    </VegetationZoneParameters>
  </VegetationZone>
  <SubCatchment>
    <SubCatchmentParameters>
      <KSI>0.001</KSI>
      <KGmin>0.05</KGmin>
      <RangeKG>0.1</RangeKG>
      <AG>0.1</AG>
      <PERC>1.1892312957746276</PERC>
      <Alpha>0</Alpha>
      <UZL>54.032880465267439</UZL>
      <K0>0.23476229925517814</K0>
      <K1>0.19781908462725076</K1>
      <K2>0.025992547561591209</K2>
      <MAXBAS>1</MAXBAS>
      <Cet>0.22062982346259139</Cet>
      <PCALT>4.0022281146707162</PCALT>
      <TCALT>0.29712521815031689</TCALT>
      <Pelev>482</Pelev>
      <Telev>482</Telev>
      <PART>0.5</PART>
      <DELAY>1</DELAY>
    </SubCatchmentParameters>
    <SubCatchmentVegetationZone>
      <SubCatchmentVegetationZoneParameters>
        <TT>-1.9166128639149105</TT>
        <CFMAX>1.4548413834510026</CFMAX>
        <SP>0</SP>
        <SFCF>1.052313081144012</SFCF>
        <CFR>0.025117514147501116</CFR>
        <CWH>0.19999131557938851</CWH>
        <CFGlacier>1</CFGlacier>
        <CFSlope>1</CFSlope>
        <FC>1612.7219841296937</FC>
        <LP>0.58425605539758341</LP>
        <BETA>1.236557063110419</BETA>
      </SubCatchmentVegetationZoneParameters>
    </SubCatchmentVegetationZone>
  </SubCatchment>
</Catchment>