<?xml version="1.0" encoding="utf-8"?>
<Catchment xmlns:xsi="http://www.w3.org/2001/XMLSchema-instance" xmlns:xsd="http://www.w3.org/2001/XMLSchema">
  <CatchmentParameters>
    <KSI>0.001</KSI>
    <KGmin>0.05</KGmin>
    <RangeKG>0.1</RangeKG>
    <AG>0.1</AG>
    <PERC>1.4309383872556405</PERC>
    <Alpha>0</Alpha>
    <UZL>52.174267488600734</UZL>
    <K0>0.23341440218940202</K0>
    <K1>0.19294433363915525</K1>
    <K2>0.02924091301597119</K2>
    <MAXBAS>1</MAXBAS>
    <Cet>0.034031697896598274</Cet>
    <PCALT>4.8363357913070884</PCALT>
    <TCALT>0.26075070812787449</TCALT>
    <Pelev>482</Pelev>
    <Telev>482</Telev>
    <PART>0.5</PART>
    <DELAY>1</DELAY>
  </CatchmentParameters>
  <VegetationZone>
    <VegetationZoneParameters>
      <TT>-1.7449646838794828</TT>
      <CFMAX>1.4034656481833405</CFMAX>
      <SP>0</SP>
      <SFCF>1.0296820768406472</SFCF>
      <CFR>0.052313300406018462</CFR>
      <CWH>0.19997974507009592</CWH>
      <CFGlacier>1</CFGlacier>
      <CFSlope>1</CFSlope>
      <FC>2061.3476269554285</FC>
      <LP>0.62465768729370263</LP>
      <BETA>1.5447099568613185</BETA>
    </VegetationZoneParameters>
  </VegetationZone>
  <SubCatchment>
    <SubCatchmentParameters>
      <KSI>0.001</KSI>
      <KGmin>0.05</KGmin>
      <RangeKG>0.1</RangeKG>
      <AG>0.1</AG>
      <PERC>1.4309383872556405</PERC>
      <Alpha>0</Alpha>
      <UZL>52.174267488600734</UZL>
      <K0>0.23341440218940202</K0>
      <K1>0.19294433363915525</K1>
      <K2>0.02924091301597119</K2>
      <MAXBAS>1</MAXBAS>
      <Cet>0.034031697896598274</Cet>
      <PCALT>4.8363357913070884</PCALT>
      <TCALT>0.26075070812787449</TCALT>
      <Pelev>482</Pelev>
      <Telev>482</Telev>
      <PART>0.5</PART>
      <DELAY>1</DELAY>
    </SubCatchmentParameters>
    <SubCatchmentVegetationZone>
      <SubCatchmentVegetationZoneParameters>
        <TT>-1.7449646838794828</TT>
        <CFMAX>1.4034656481833405</CFMAX>
        <SP>0</SP>
        <SFCF>1.0296820768406472</SFCF>
        <CFR>0.052313300406018462</CFR>
        <CWH>0.19997974507009592</CWH>
        <CFGlacier>1</CFGlacier>
        <CFSlope>1</CFSlope>
        <FC>2061.3476269554285</FC>
        <LP>0.62465768729370263</LP>
        <BETA>1.5447099568613185</BETA>
      </SubCatchmentVegetationZoneParameters>
    </SubCatchmentVegetationZone>
  </SubCatchment>
</Catchment>