<?xml version="1.0" encoding="utf-8"?>
<Catchment xmlns:xsi="http://www.w3.org/2001/XMLSchema-instance" xmlns:xsd="http://www.w3.org/2001/XMLSchema">
  <CatchmentParameters>
    <KSI>0.001</KSI>
    <KGmin>0.05</KGmin>
    <RangeKG>0.1</RangeKG>
    <AG>0.1</AG>
    <PERC>1.7164430864948124</PERC>
    <Alpha>0</Alpha>
    <UZL>101.15058655583384</UZL>
    <K0>0.858954298677393</K0>
    <K1>0.24424921881045242</K1>
    <K2>0.030254790729522606</K2>
    <MAXBAS>1</MAXBAS>
    <Cet>0.16330464195068944</Cet>
    <PCALT>3.8638469495355867</PCALT>
    <TCALT>0.22064683843108307</TCALT>
    <Pelev>482</Pelev>
    <Telev>482</Telev>
    <PART>0.5</PART>
    <DELAY>1</DELAY>
  </CatchmentParameters>
  <VegetationZone>
    <VegetationZoneParameters>
      <TT>-1.3133198260724519</TT>
      <CFMAX>2.11778662552499</CFMAX>
      <SP>0</SP>
      <SFCF>1.2550546497393689</SFCF>
      <CFR>0.098279431809947956</CFR>
      <CWH>0.19994343049014351</CWH>
      <CFGlacier>1</CFGlacier>
      <CFSlope>1</CFSlope>
      <FC>2016.5429346998542</FC>
      <LP>0.73564686674474689</LP>
      <BETA>1.451946034358776</BETA>
    </VegetationZoneParameters>
  </VegetationZone>
  <SubCatchment>
    <SubCatchmentParameters>
      <KSI>0.001</KSI>
      <KGmin>0.05</KGmin>
      <RangeKG>0.1</RangeKG>
      <AG>0.1</AG>
      <PERC>1.7164430864948124</PERC>
      <Alpha>0</Alpha>
      <UZL>101.15058655583384</UZL>
      <K0>0.858954298677393</K0>
      <K1>0.24424921881045242</K1>
      <K2>0.030254790729522606</K2>
      <MAXBAS>1</MAXBAS>
      <Cet>0.16330464195068944</Cet>
      <PCALT>3.8638469495355867</PCALT>
      <TCALT>0.22064683843108307</TCALT>
      <Pelev>482</Pelev>
      <Telev>482</Telev>
      <PART>0.5</PART>
      <DELAY>1</DELAY>
    </SubCatchmentParameters>
    <SubCatchmentVegetationZone>
      <SubCatchmentVegetationZoneParameters>
        <TT>-1.3133198260724519</TT>
        <CFMAX>2.11778662552499</CFMAX>
        <SP>0</SP>
        <SFCF>1.2550546497393689</SFCF>
        <CFR>0.098279431809947956</CFR>
        <CWH>0.19994343049014351</CWH>
        <CFGlacier>1</CFGlacier>
        <CFSlope>1</CFSlope>
        <FC>2016.5429346998542</FC>
        <LP>0.73564686674474689</LP>
        <BETA>1.451946034358776</BETA>
      </SubCatchmentVegetationZoneParameters>
    </SubCatchmentVegetationZone>
  </SubCatchment>
</Catchment>