<?xml version="1.0" encoding="utf-8"?>
<Catchment xmlns:xsi="http://www.w3.org/2001/XMLSchema-instance" xmlns:xsd="http://www.w3.org/2001/XMLSchema">
  <CatchmentParameters>
    <KSI>0.001</KSI>
    <KGmin>0.05</KGmin>
    <RangeKG>0.1</RangeKG>
    <AG>0.1</AG>
    <PERC>1.2981747354061402</PERC>
    <Alpha>0</Alpha>
    <UZL>55.786599884393794</UZL>
    <K0>0.24999446571778711</K0>
    <K1>0.1882306771219435</K1>
    <K2>0.027642434498559579</K2>
    <MAXBAS>1</MAXBAS>
    <Cet>0.14367392803973886</Cet>
    <PCALT>3.7140813849204135</PCALT>
    <TCALT>0.21592942312017335</TCALT>
    <Pelev>482</Pelev>
    <Telev>482</Telev>
    <PART>0.5</PART>
    <DELAY>1</DELAY>
  </CatchmentParameters>
  <VegetationZone>
    <VegetationZoneParameters>
      <TT>-1.4679737484312074</TT>
      <CFMAX>1.3857290225446681</CFMAX>
      <SP>0</SP>
      <SFCF>0.94283612408505513</SFCF>
      <CFR>0.097770573671123365</CFR>
      <CWH>0.19999448878848067</CWH>
      <CFGlacier>1</CFGlacier>
      <CFSlope>1</CFSlope>
      <FC>1756.6376350178909</FC>
      <LP>0.757707332815841</LP>
      <BETA>1.6163225920426496</BETA>
    </VegetationZoneParameters>
  </VegetationZone>
  <SubCatchment>
    <SubCatchmentParameters>
      <KSI>0.001</KSI>
      <KGmin>0.05</KGmin>
      <RangeKG>0.1</RangeKG>
      <AG>0.1</AG>
      <PERC>1.2981747354061402</PERC>
      <Alpha>0</Alpha>
      <UZL>55.786599884393794</UZL>
      <K0>0.24999446571778711</K0>
      <K1>0.1882306771219435</K1>
      <K2>0.027642434498559579</K2>
      <MAXBAS>1</MAXBAS>
      <Cet>0.14367392803973886</Cet>
      <PCALT>3.7140813849204135</PCALT>
      <TCALT>0.21592942312017335</TCALT>
      <Pelev>482</Pelev>
      <Telev>482</Telev>
      <PART>0.5</PART>
      <DELAY>1</DELAY>
    </SubCatchmentParameters>
    <SubCatchmentVegetationZone>
      <SubCatchmentVegetationZoneParameters>
        <TT>-1.4679737484312074</TT>
        <CFMAX>1.3857290225446681</CFMAX>
        <SP>0</SP>
        <SFCF>0.94283612408505513</SFCF>
        <CFR>0.097770573671123365</CFR>
        <CWH>0.19999448878848067</CWH>
        <CFGlacier>1</CFGlacier>
        <CFSlope>1</CFSlope>
        <FC>1756.6376350178909</FC>
        <LP>0.757707332815841</LP>
        <BETA>1.6163225920426496</BETA>
      </SubCatchmentVegetationZoneParameters>
    </SubCatchmentVegetationZone>
  </SubCatchment>
</Catchment>