<?xml version="1.0" encoding="utf-8"?>
<Catchment xmlns:xsi="http://www.w3.org/2001/XMLSchema-instance" xmlns:xsd="http://www.w3.org/2001/XMLSchema">
  <CatchmentParameters>
    <KSI>0.001</KSI>
    <KGmin>0.05</KGmin>
    <RangeKG>0.1</RangeKG>
    <AG>0.1</AG>
    <PERC>1.4590636988801569</PERC>
    <Alpha>0</Alpha>
    <UZL>121.58181138293088</UZL>
    <K0>0.92020705301961125</K0>
    <K1>0.23602303078657017</K1>
    <K2>0.028467757399836629</K2>
    <MAXBAS>1</MAXBAS>
    <Cet>0.059595342339659192</Cet>
    <PCALT>3.0403667772229603</PCALT>
    <TCALT>0.17851120763694739</TCALT>
    <Pelev>482</Pelev>
    <Telev>482</Telev>
    <PART>0.5</PART>
    <DELAY>1</DELAY>
  </CatchmentParameters>
  <VegetationZone>
    <VegetationZoneParameters>
      <TT>-1.3086508561376038</TT>
      <CFMAX>1.8664197964512461</CFMAX>
      <SP>0</SP>
      <SFCF>1.3377387446932272</SFCF>
      <CFR>0.030319583456076615</CFR>
      <CWH>0.19994434395619737</CWH>
      <CFGlacier>1</CFGlacier>
      <CFSlope>1</CFSlope>
      <FC>2104.0095798172074</FC>
      <LP>0.90874680204563107</LP>
      <BETA>2.316636781775637</BETA>
    </VegetationZoneParameters>
  </VegetationZone>
  <SubCatchment>
    <SubCatchmentParameters>
      <KSI>0.001</KSI>
      <KGmin>0.05</KGmin>
      <RangeKG>0.1</RangeKG>
      <AG>0.1</AG>
      <PERC>1.4590636988801569</PERC>
      <Alpha>0</Alpha>
      <UZL>121.58181138293088</UZL>
      <K0>0.92020705301961125</K0>
      <K1>0.23602303078657017</K1>
      <K2>0.028467757399836629</K2>
      <MAXBAS>1</MAXBAS>
      <Cet>0.059595342339659192</Cet>
      <PCALT>3.0403667772229603</PCALT>
      <TCALT>0.17851120763694739</TCALT>
      <Pelev>482</Pelev>
      <Telev>482</Telev>
      <PART>0.5</PART>
      <DELAY>1</DELAY>
    </SubCatchmentParameters>
    <SubCatchmentVegetationZone>
      <SubCatchmentVegetationZoneParameters>
        <TT>-1.3086508561376038</TT>
        <CFMAX>1.8664197964512461</CFMAX>
        <SP>0</SP>
        <SFCF>1.3377387446932272</SFCF>
        <CFR>0.030319583456076615</CFR>
        <CWH>0.19994434395619737</CWH>
        <CFGlacier>1</CFGlacier>
        <CFSlope>1</CFSlope>
        <FC>2104.0095798172074</FC>
        <LP>0.90874680204563107</LP>
        <BETA>2.316636781775637</BETA>
      </SubCatchmentVegetationZoneParameters>
    </SubCatchmentVegetationZone>
  </SubCatchment>
</Catchment>