<?xml version="1.0" encoding="utf-8"?>
<Catchment xmlns:xsi="http://www.w3.org/2001/XMLSchema-instance" xmlns:xsd="http://www.w3.org/2001/XMLSchema">
  <CatchmentParameters>
    <KSI>0.001</KSI>
    <KGmin>0.05</KGmin>
    <RangeKG>0.1</RangeKG>
    <AG>0.1</AG>
    <PERC>1.1697314065849249</PERC>
    <Alpha>0</Alpha>
    <UZL>50.767420529196741</UZL>
    <K0>0.22603444347452828</K0>
    <K1>0.17294715255699886</K1>
    <K2>0.025957851359693026</K2>
    <MAXBAS>1</MAXBAS>
    <Cet>0.21777883768520243</Cet>
    <PCALT>1.8404661498323096</PCALT>
    <TCALT>0.29208957922183482</TCALT>
    <Pelev>482</Pelev>
    <Telev>482</Telev>
    <PART>0.5</PART>
    <DELAY>1</DELAY>
  </CatchmentParameters>
  <VegetationZone>
    <VegetationZoneParameters>
      <TT>-1.9880702105981902</TT>
      <CFMAX>1.3140791383692922</CFMAX>
      <SP>0</SP>
      <SFCF>0.74840054607768391</SFCF>
      <CFR>0.0915297448672501</CFR>
      <CWH>0.19995069072628294</CWH>
      <CFGlacier>1</CFGlacier>
      <CFSlope>1</CFSlope>
      <FC>1321.7623911236772</FC>
      <LP>0.751342428833951</LP>
      <BETA>1.2794113318830915</BETA>
    </VegetationZoneParameters>
  </VegetationZone>
  <SubCatchment>
    <SubCatchmentParameters>
      <KSI>0.001</KSI>
      <KGmin>0.05</KGmin>
      <RangeKG>0.1</RangeKG>
      <AG>0.1</AG>
      <PERC>1.1697314065849249</PERC>
      <Alpha>0</Alpha>
      <UZL>50.767420529196741</UZL>
      <K0>0.22603444347452828</K0>
      <K1>0.17294715255699886</K1>
      <K2>0.025957851359693026</K2>
      <MAXBAS>1</MAXBAS>
      <Cet>0.21777883768520243</Cet>
      <PCALT>1.8404661498323096</PCALT>
      <TCALT>0.29208957922183482</TCALT>
      <Pelev>482</Pelev>
      <Telev>482</Telev>
      <PART>0.5</PART>
      <DELAY>1</DELAY>
    </SubCatchmentParameters>
    <SubCatchmentVegetationZone>
      <SubCatchmentVegetationZoneParameters>
        <TT>-1.9880702105981902</TT>
        <CFMAX>1.3140791383692922</CFMAX>
        <SP>0</SP>
        <SFCF>0.74840054607768391</SFCF>
        <CFR>0.0915297448672501</CFR>
        <CWH>0.19995069072628294</CWH>
        <CFGlacier>1</CFGlacier>
        <CFSlope>1</CFSlope>
        <FC>1321.7623911236772</FC>
        <LP>0.751342428833951</LP>
        <BETA>1.2794113318830915</BETA>
      </SubCatchmentVegetationZoneParameters>
    </SubCatchmentVegetationZone>
  </SubCatchment>
</Catchment>