<?xml version="1.0" encoding="utf-8"?>
<Catchment xmlns:xsi="http://www.w3.org/2001/XMLSchema-instance" xmlns:xsd="http://www.w3.org/2001/XMLSchema">
  <CatchmentParameters>
    <KSI>0.001</KSI>
    <KGmin>0.05</KGmin>
    <RangeKG>0.1</RangeKG>
    <AG>0.1</AG>
    <PERC>1.7174745804257297</PERC>
    <Alpha>0</Alpha>
    <UZL>137.04934944534691</UZL>
    <K0>0.75518713917876612</K0>
    <K1>0.2415999598169794</K1>
    <K2>0.029660502147125956</K2>
    <MAXBAS>1</MAXBAS>
    <Cet>0.16915810629328229</Cet>
    <PCALT>3.2479682500523097</PCALT>
    <TCALT>0.065853792720696566</TCALT>
    <Pelev>482</Pelev>
    <Telev>482</Telev>
    <PART>0.5</PART>
    <DELAY>1</DELAY>
  </CatchmentParameters>
  <VegetationZone>
    <VegetationZoneParameters>
      <TT>-1.0562098086512657</TT>
      <CFMAX>1.7362307813819493</CFMAX>
      <SP>0</SP>
      <SFCF>1.3222264314523051</SFCF>
      <CFR>0.099906835341943973</CFR>
      <CWH>0.19999498422166381</CWH>
      <CFGlacier>1</CFGlacier>
      <CFSlope>1</CFSlope>
      <FC>1654.8239708827682</FC>
      <LP>0.631416430562863</LP>
      <BETA>1.200612149264221</BETA>
    </VegetationZoneParameters>
  </VegetationZone>
  <SubCatchment>
    <SubCatchmentParameters>
      <KSI>0.001</KSI>
      <KGmin>0.05</KGmin>
      <RangeKG>0.1</RangeKG>
      <AG>0.1</AG>
      <PERC>1.7174745804257297</PERC>
      <Alpha>0</Alpha>
      <UZL>137.04934944534691</UZL>
      <K0>0.75518713917876612</K0>
      <K1>0.2415999598169794</K1>
      <K2>0.029660502147125956</K2>
      <MAXBAS>1</MAXBAS>
      <Cet>0.16915810629328229</Cet>
      <PCALT>3.2479682500523097</PCALT>
      <TCALT>0.065853792720696566</TCALT>
      <Pelev>482</Pelev>
      <Telev>482</Telev>
      <PART>0.5</PART>
      <DELAY>1</DELAY>
    </SubCatchmentParameters>
    <SubCatchmentVegetationZone>
      <SubCatchmentVegetationZoneParameters>
        <TT>-1.0562098086512657</TT>
        <CFMAX>1.7362307813819493</CFMAX>
        <SP>0</SP>
        <SFCF>1.3222264314523051</SFCF>
        <CFR>0.099906835341943973</CFR>
        <CWH>0.19999498422166381</CWH>
        <CFGlacier>1</CFGlacier>
        <CFSlope>1</CFSlope>
        <FC>1654.8239708827682</FC>
        <LP>0.631416430562863</LP>
        <BETA>1.200612149264221</BETA>
      </SubCatchmentVegetationZoneParameters>
    </SubCatchmentVegetationZone>
  </SubCatchment>
</Catchment>