<?xml version="1.0" encoding="utf-8"?>
<Catchment xmlns:xsi="http://www.w3.org/2001/XMLSchema-instance" xmlns:xsd="http://www.w3.org/2001/XMLSchema">
  <CatchmentParameters>
    <KSI>0.001</KSI>
    <KGmin>0.05</KGmin>
    <RangeKG>0.1</RangeKG>
    <AG>0.1</AG>
    <PERC>1.0795944286093431</PERC>
    <Alpha>0</Alpha>
    <UZL>52.731602473735258</UZL>
    <K0>0.23128473306803607</K0>
    <K1>0.18099573904180111</K1>
    <K2>0.025148268926540259</K2>
    <MAXBAS>1</MAXBAS>
    <Cet>0.12042502493221009</Cet>
    <PCALT>0.54252612070990691</PCALT>
    <TCALT>0.27362584640675236</TCALT>
    <Pelev>482</Pelev>
    <Telev>482</Telev>
    <PART>0.5</PART>
    <DELAY>1</DELAY>
  </CatchmentParameters>
  <VegetationZone>
    <VegetationZoneParameters>
      <TT>-1.8476027575634431</TT>
      <CFMAX>1.3725031938654975</CFMAX>
      <SP>0</SP>
      <SFCF>1.0547170106342905</SFCF>
      <CFR>0.060386763249568425</CFR>
      <CWH>0.19998362454797936</CWH>
      <CFGlacier>1</CFGlacier>
      <CFSlope>1</CFSlope>
      <FC>1165.4208573057072</FC>
      <LP>0.82314263331443149</LP>
      <BETA>1.3989499523364435</BETA>
    </VegetationZoneParameters>
  </VegetationZone>
  <SubCatchment>
    <SubCatchmentParameters>
      <KSI>0.001</KSI>
      <KGmin>0.05</KGmin>
      <RangeKG>0.1</RangeKG>
      <AG>0.1</AG>
      <PERC>1.0795944286093431</PERC>
      <Alpha>0</Alpha>
      <UZL>52.731602473735258</UZL>
      <K0>0.23128473306803607</K0>
      <K1>0.18099573904180111</K1>
      <K2>0.025148268926540259</K2>
      <MAXBAS>1</MAXBAS>
      <Cet>0.12042502493221009</Cet>
      <PCALT>0.54252612070990691</PCALT>
      <TCALT>0.27362584640675236</TCALT>
      <Pelev>482</Pelev>
      <Telev>482</Telev>
      <PART>0.5</PART>
      <DELAY>1</DELAY>
    </SubCatchmentParameters>
    <SubCatchmentVegetationZone>
      <SubCatchmentVegetationZoneParameters>
        <TT>-1.8476027575634431</TT>
        <CFMAX>1.3725031938654975</CFMAX>
        <SP>0</SP>
        <SFCF>1.0547170106342905</SFCF>
        <CFR>0.060386763249568425</CFR>
        <CWH>0.19998362454797936</CWH>
        <CFGlacier>1</CFGlacier>
        <CFSlope>1</CFSlope>
        <FC>1165.4208573057072</FC>
        <LP>0.82314263331443149</LP>
        <BETA>1.3989499523364435</BETA>
      </SubCatchmentVegetationZoneParameters>
    </SubCatchmentVegetationZone>
  </SubCatchment>
</Catchment>