<?xml version="1.0" encoding="utf-8"?>
<Catchment xmlns:xsi="http://www.w3.org/2001/XMLSchema-instance" xmlns:xsd="http://www.w3.org/2001/XMLSchema">
  <CatchmentParameters>
    <KSI>0.001</KSI>
    <KGmin>0.05</KGmin>
    <RangeKG>0.1</RangeKG>
    <AG>0.1</AG>
    <PERC>1.2799792298678736</PERC>
    <Alpha>0</Alpha>
    <UZL>53.757300505737255</UZL>
    <K0>0.25169851571733082</K0>
    <K1>0.19191860622733467</K1>
    <K2>0.027838520486123546</K2>
    <MAXBAS>1</MAXBAS>
    <Cet>0.21359553642723506</Cet>
    <PCALT>3.110877664271424</PCALT>
    <TCALT>0.26009219554537488</TCALT>
    <Pelev>482</Pelev>
    <Telev>482</Telev>
    <PART>0.5</PART>
    <DELAY>1</DELAY>
  </CatchmentParameters>
  <VegetationZone>
    <VegetationZoneParameters>
      <TT>-1.8467639736980364</TT>
      <CFMAX>1.4357005059891599</CFMAX>
      <SP>0</SP>
      <SFCF>1.1262684441958393</SFCF>
      <CFR>0.099822609233864046</CFR>
      <CWH>0.19997097114303072</CWH>
      <CFGlacier>1</CFGlacier>
      <CFSlope>1</CFSlope>
      <FC>1932.4562896678394</FC>
      <LP>0.89125400963577439</LP>
      <BETA>1.7502609783472849</BETA>
    </VegetationZoneParameters>
  </VegetationZone>
  <SubCatchment>
    <SubCatchmentParameters>
      <KSI>0.001</KSI>
      <KGmin>0.05</KGmin>
      <RangeKG>0.1</RangeKG>
      <AG>0.1</AG>
      <PERC>1.2799792298678736</PERC>
      <Alpha>0</Alpha>
      <UZL>53.757300505737255</UZL>
      <K0>0.25169851571733082</K0>
      <K1>0.19191860622733467</K1>
      <K2>0.027838520486123546</K2>
      <MAXBAS>1</MAXBAS>
      <Cet>0.21359553642723506</Cet>
      <PCALT>3.110877664271424</PCALT>
      <TCALT>0.26009219554537488</TCALT>
      <Pelev>482</Pelev>
      <Telev>482</Telev>
      <PART>0.5</PART>
      <DELAY>1</DELAY>
    </SubCatchmentParameters>
    <SubCatchmentVegetationZone>
      <SubCatchmentVegetationZoneParameters>
        <TT>-1.8467639736980364</TT>
        <CFMAX>1.4357005059891599</CFMAX>
        <SP>0</SP>
        <SFCF>1.1262684441958393</SFCF>
        <CFR>0.099822609233864046</CFR>
        <CWH>0.19997097114303072</CWH>
        <CFGlacier>1</CFGlacier>
        <CFSlope>1</CFSlope>
        <FC>1932.4562896678394</FC>
        <LP>0.89125400963577439</LP>
        <BETA>1.7502609783472849</BETA>
      </SubCatchmentVegetationZoneParameters>
    </SubCatchmentVegetationZone>
  </SubCatchment>
</Catchment>