<?xml version="1.0" encoding="utf-8"?>
<Catchment xmlns:xsi="http://www.w3.org/2001/XMLSchema-instance" xmlns:xsd="http://www.w3.org/2001/XMLSchema">
  <CatchmentParameters>
    <KSI>0.001</KSI>
    <KGmin>0.05</KGmin>
    <RangeKG>0.1</RangeKG>
    <AG>0.1</AG>
    <PERC>1.4051203624815836</PERC>
    <Alpha>0</Alpha>
    <UZL>43.982484622462373</UZL>
    <K0>0.20193175052897283</K0>
    <K1>0.18146085636240228</K1>
    <K2>0.029241102992133991</K2>
    <MAXBAS>1</MAXBAS>
    <Cet>0.23435141926132205</Cet>
    <PCALT>4.4602069620593241</PCALT>
    <TCALT>0.22922812142679222</TCALT>
    <Pelev>482</Pelev>
    <Telev>482</Telev>
    <PART>0.5</PART>
    <DELAY>1</DELAY>
  </CatchmentParameters>
  <VegetationZone>
    <VegetationZoneParameters>
      <TT>-1.3899210465872498</TT>
      <CFMAX>2.4267636158530079</CFMAX>
      <SP>0</SP>
      <SFCF>1.1663673327547597</SFCF>
      <CFR>0.099987170577443371</CFR>
      <CWH>0.19996138093893739</CWH>
      <CFGlacier>1</CFGlacier>
      <CFSlope>1</CFSlope>
      <FC>2115.7565099350313</FC>
      <LP>0.72250365927097482</LP>
      <BETA>1.4234494079317819</BETA>
    </VegetationZoneParameters>
  </VegetationZone>
  <SubCatchment>
    <SubCatchmentParameters>
      <KSI>0.001</KSI>
      <KGmin>0.05</KGmin>
      <RangeKG>0.1</RangeKG>
      <AG>0.1</AG>
      <PERC>1.4051203624815836</PERC>
      <Alpha>0</Alpha>
      <UZL>43.982484622462373</UZL>
      <K0>0.20193175052897283</K0>
      <K1>0.18146085636240228</K1>
      <K2>0.029241102992133991</K2>
      <MAXBAS>1</MAXBAS>
      <Cet>0.23435141926132205</Cet>
      <PCALT>4.4602069620593241</PCALT>
      <TCALT>0.22922812142679222</TCALT>
      <Pelev>482</Pelev>
      <Telev>482</Telev>
      <PART>0.5</PART>
      <DELAY>1</DELAY>
    </SubCatchmentParameters>
    <SubCatchmentVegetationZone>
      <SubCatchmentVegetationZoneParameters>
        <TT>-1.3899210465872498</TT>
        <CFMAX>2.4267636158530079</CFMAX>
        <SP>0</SP>
        <SFCF>1.1663673327547597</SFCF>
        <CFR>0.099987170577443371</CFR>
        <CWH>0.19996138093893739</CWH>
        <CFGlacier>1</CFGlacier>
        <CFSlope>1</CFSlope>
        <FC>2115.7565099350313</FC>
        <LP>0.72250365927097482</LP>
        <BETA>1.4234494079317819</BETA>
      </SubCatchmentVegetationZoneParameters>
    </SubCatchmentVegetationZone>
  </SubCatchment>
</Catchment>