<?xml version="1.0" encoding="utf-8"?>
<Catchment xmlns:xsi="http://www.w3.org/2001/XMLSchema-instance" xmlns:xsd="http://www.w3.org/2001/XMLSchema">
  <CatchmentParameters>
    <KSI>0.001</KSI>
    <KGmin>0.05</KGmin>
    <RangeKG>0.1</RangeKG>
    <AG>0.1</AG>
    <PERC>1.3351133383127858</PERC>
    <Alpha>0</Alpha>
    <UZL>53.496435728222828</UZL>
    <K0>0.24433031839416361</K0>
    <K1>0.1901656257403094</K1>
    <K2>0.0285083002756235</K2>
    <MAXBAS>1</MAXBAS>
    <Cet>0.2199690702806332</Cet>
    <PCALT>6.5946595202422991</PCALT>
    <TCALT>0.10445895114891532</TCALT>
    <Pelev>482</Pelev>
    <Telev>482</Telev>
    <PART>0.5</PART>
    <DELAY>1</DELAY>
  </CatchmentParameters>
  <VegetationZone>
    <VegetationZoneParameters>
      <TT>-0.86503136897532962</TT>
      <CFMAX>2.5738223542758378</CFMAX>
      <SP>0</SP>
      <SFCF>1.0180190520989683</SFCF>
      <CFR>0.099976409566391478</CFR>
      <CWH>0.19994998101307837</CWH>
      <CFGlacier>1</CFGlacier>
      <CFSlope>1</CFSlope>
      <FC>2284.1773909405256</FC>
      <LP>0.55865317134776293</LP>
      <BETA>1.3372580422975926</BETA>
    </VegetationZoneParameters>
  </VegetationZone>
  <SubCatchment>
    <SubCatchmentParameters>
      <KSI>0.001</KSI>
      <KGmin>0.05</KGmin>
      <RangeKG>0.1</RangeKG>
      <AG>0.1</AG>
      <PERC>1.3351133383127858</PERC>
      <Alpha>0</Alpha>
      <UZL>53.496435728222828</UZL>
      <K0>0.24433031839416361</K0>
      <K1>0.1901656257403094</K1>
      <K2>0.0285083002756235</K2>
      <MAXBAS>1</MAXBAS>
      <Cet>0.2199690702806332</Cet>
      <PCALT>6.5946595202422991</PCALT>
      <TCALT>0.10445895114891532</TCALT>
      <Pelev>482</Pelev>
      <Telev>482</Telev>
      <PART>0.5</PART>
      <DELAY>1</DELAY>
    </SubCatchmentParameters>
    <SubCatchmentVegetationZone>
      <SubCatchmentVegetationZoneParameters>
        <TT>-0.86503136897532962</TT>
        <CFMAX>2.5738223542758378</CFMAX>
        <SP>0</SP>
        <SFCF>1.0180190520989683</SFCF>
        <CFR>0.099976409566391478</CFR>
        <CWH>0.19994998101307837</CWH>
        <CFGlacier>1</CFGlacier>
        <CFSlope>1</CFSlope>
        <FC>2284.1773909405256</FC>
        <LP>0.55865317134776293</LP>
        <BETA>1.3372580422975926</BETA>
      </SubCatchmentVegetationZoneParameters>
    </SubCatchmentVegetationZone>
  </SubCatchment>
</Catchment>