<?xml version="1.0" encoding="utf-8"?>
<Catchment xmlns:xsi="http://www.w3.org/2001/XMLSchema-instance" xmlns:xsd="http://www.w3.org/2001/XMLSchema">
  <CatchmentParameters>
    <KSI>0.001</KSI>
    <KGmin>0.05</KGmin>
    <RangeKG>0.1</RangeKG>
    <AG>0.1</AG>
    <PERC>1.193520290360276</PERC>
    <Alpha>0</Alpha>
    <UZL>57.5840508725317</UZL>
    <K0>0.26149299743403193</K0>
    <K1>0.18257328737362</K1>
    <K2>0.026773482512050945</K2>
    <MAXBAS>1</MAXBAS>
    <Cet>0.15441684199753328</Cet>
    <PCALT>2.7831187393487826</PCALT>
    <TCALT>0.15152002574119325</TCALT>
    <Pelev>482</Pelev>
    <Telev>482</Telev>
    <PART>0.5</PART>
    <DELAY>1</DELAY>
  </CatchmentParameters>
  <VegetationZone>
    <VegetationZoneParameters>
      <TT>-1.227452175370819</TT>
      <CFMAX>1.4643936971452347</CFMAX>
      <SP>0</SP>
      <SFCF>1.0566483155515085</SFCF>
      <CFR>0.07455235718177125</CFR>
      <CWH>0.19995295974543179</CWH>
      <CFGlacier>1</CFGlacier>
      <CFSlope>1</CFSlope>
      <FC>1707.6926931160979</FC>
      <LP>0.86159370536108149</LP>
      <BETA>1.7483726744062067</BETA>
    </VegetationZoneParameters>
  </VegetationZone>
  <SubCatchment>
    <SubCatchmentParameters>
      <KSI>0.001</KSI>
      <KGmin>0.05</KGmin>
      <RangeKG>0.1</RangeKG>
      <AG>0.1</AG>
      <PERC>1.193520290360276</PERC>
      <Alpha>0</Alpha>
      <UZL>57.5840508725317</UZL>
      <K0>0.26149299743403193</K0>
      <K1>0.18257328737362</K1>
      <K2>0.026773482512050945</K2>
      <MAXBAS>1</MAXBAS>
      <Cet>0.15441684199753328</Cet>
      <PCALT>2.7831187393487826</PCALT>
      <TCALT>0.15152002574119325</TCALT>
      <Pelev>482</Pelev>
      <Telev>482</Telev>
      <PART>0.5</PART>
      <DELAY>1</DELAY>
    </SubCatchmentParameters>
    <SubCatchmentVegetationZone>
      <SubCatchmentVegetationZoneParameters>
        <TT>-1.227452175370819</TT>
        <CFMAX>1.4643936971452347</CFMAX>
        <SP>0</SP>
        <SFCF>1.0566483155515085</SFCF>
        <CFR>0.07455235718177125</CFR>
        <CWH>0.19995295974543179</CWH>
        <CFGlacier>1</CFGlacier>
        <CFSlope>1</CFSlope>
        <FC>1707.6926931160979</FC>
        <LP>0.86159370536108149</LP>
        <BETA>1.7483726744062067</BETA>
      </SubCatchmentVegetationZoneParameters>
    </SubCatchmentVegetationZone>
  </SubCatchment>
</Catchment>