<?xml version="1.0" encoding="utf-8"?>
<Catchment xmlns:xsi="http://www.w3.org/2001/XMLSchema-instance" xmlns:xsd="http://www.w3.org/2001/XMLSchema">
  <CatchmentParameters>
    <KSI>0.001</KSI>
    <KGmin>0.05</KGmin>
    <RangeKG>0.1</RangeKG>
    <AG>0.1</AG>
    <PERC>1.2920901201429857</PERC>
    <Alpha>0</Alpha>
    <UZL>53.865756440925551</UZL>
    <K0>0.25350579895419406</K0>
    <K1>0.18928517549612295</K1>
    <K2>0.027847218918906329</K2>
    <MAXBAS>1</MAXBAS>
    <Cet>0.20197931705935263</Cet>
    <PCALT>1.8680014979451414</PCALT>
    <TCALT>0.22897652599690763</TCALT>
    <Pelev>482</Pelev>
    <Telev>482</Telev>
    <PART>0.5</PART>
    <DELAY>1</DELAY>
  </CatchmentParameters>
  <VegetationZone>
    <VegetationZoneParameters>
      <TT>-1.5385470030907971</TT>
      <CFMAX>1.3470734708309271</CFMAX>
      <SP>0</SP>
      <SFCF>1.0241234150574754</SFCF>
      <CFR>0.099969808083329739</CFR>
      <CWH>0.19998712989457843</CWH>
      <CFGlacier>1</CFGlacier>
      <CFSlope>1</CFSlope>
      <FC>1680.9475971890565</FC>
      <LP>0.93101891481253585</LP>
      <BETA>1.6063856023860792</BETA>
    </VegetationZoneParameters>
  </VegetationZone>
  <SubCatchment>
    <SubCatchmentParameters>
      <KSI>0.001</KSI>
      <KGmin>0.05</KGmin>
      <RangeKG>0.1</RangeKG>
      <AG>0.1</AG>
      <PERC>1.2920901201429857</PERC>
      <Alpha>0</Alpha>
      <UZL>53.865756440925551</UZL>
      <K0>0.25350579895419406</K0>
      <K1>0.18928517549612295</K1>
      <K2>0.027847218918906329</K2>
      <MAXBAS>1</MAXBAS>
      <Cet>0.20197931705935263</Cet>
      <PCALT>1.8680014979451414</PCALT>
      <TCALT>0.22897652599690763</TCALT>
      <Pelev>482</Pelev>
      <Telev>482</Telev>
      <PART>0.5</PART>
      <DELAY>1</DELAY>
    </SubCatchmentParameters>
    <SubCatchmentVegetationZone>
      <SubCatchmentVegetationZoneParameters>
        <TT>-1.5385470030907971</TT>
        <CFMAX>1.3470734708309271</CFMAX>
        <SP>0</SP>
        <SFCF>1.0241234150574754</SFCF>
        <CFR>0.099969808083329739</CFR>
        <CWH>0.19998712989457843</CWH>
        <CFGlacier>1</CFGlacier>
        <CFSlope>1</CFSlope>
        <FC>1680.9475971890565</FC>
        <LP>0.93101891481253585</LP>
        <BETA>1.6063856023860792</BETA>
      </SubCatchmentVegetationZoneParameters>
    </SubCatchmentVegetationZone>
  </SubCatchment>
</Catchment>