<?xml version="1.0" encoding="utf-8"?>
<Catchment xmlns:xsi="http://www.w3.org/2001/XMLSchema-instance" xmlns:xsd="http://www.w3.org/2001/XMLSchema">
  <CatchmentParameters>
    <KSI>0.001</KSI>
    <KGmin>0.05</KGmin>
    <RangeKG>0.1</RangeKG>
    <AG>0.1</AG>
    <PERC>1.2400918245947967</PERC>
    <Alpha>0</Alpha>
    <UZL>54.950695210689055</UZL>
    <K0>0.24816874237640291</K0>
    <K1>0.19101169775629381</K1>
    <K2>0.027629143092515504</K2>
    <MAXBAS>1</MAXBAS>
    <Cet>0.14447062058273824</Cet>
    <PCALT>5.18919370677424</PCALT>
    <TCALT>0.13989671502656306</TCALT>
    <Pelev>482</Pelev>
    <Telev>482</Telev>
    <PART>0.5</PART>
    <DELAY>1</DELAY>
  </CatchmentParameters>
  <VegetationZone>
    <VegetationZoneParameters>
      <TT>-1.3168213830556108</TT>
      <CFMAX>1.58984702231819</CFMAX>
      <SP>0</SP>
      <SFCF>1.01305187631867</SFCF>
      <CFR>0.0999023234880646</CFR>
      <CWH>0.19999407254914578</CWH>
      <CFGlacier>1</CFGlacier>
      <CFSlope>1</CFSlope>
      <FC>2279.4903031797526</FC>
      <LP>0.775805839372811</LP>
      <BETA>1.9038692721435588</BETA>
    </VegetationZoneParameters>
  </VegetationZone>
  <SubCatchment>
    <SubCatchmentParameters>
      <KSI>0.001</KSI>
      <KGmin>0.05</KGmin>
      <RangeKG>0.1</RangeKG>
      <AG>0.1</AG>
      <PERC>1.2400918245947967</PERC>
      <Alpha>0</Alpha>
      <UZL>54.950695210689055</UZL>
      <K0>0.24816874237640291</K0>
      <K1>0.19101169775629381</K1>
      <K2>0.027629143092515504</K2>
      <MAXBAS>1</MAXBAS>
      <Cet>0.14447062058273824</Cet>
      <PCALT>5.18919370677424</PCALT>
      <TCALT>0.13989671502656306</TCALT>
      <Pelev>482</Pelev>
      <Telev>482</Telev>
      <PART>0.5</PART>
      <DELAY>1</DELAY>
    </SubCatchmentParameters>
    <SubCatchmentVegetationZone>
      <SubCatchmentVegetationZoneParameters>
        <TT>-1.3168213830556108</TT>
        <CFMAX>1.58984702231819</CFMAX>
        <SP>0</SP>
        <SFCF>1.01305187631867</SFCF>
        <CFR>0.0999023234880646</CFR>
        <CWH>0.19999407254914578</CWH>
        <CFGlacier>1</CFGlacier>
        <CFSlope>1</CFSlope>
        <FC>2279.4903031797526</FC>
        <LP>0.775805839372811</LP>
        <BETA>1.9038692721435588</BETA>
      </SubCatchmentVegetationZoneParameters>
    </SubCatchmentVegetationZone>
  </SubCatchment>
</Catchment>