<?xml version="1.0" encoding="utf-8"?>
<Catchment xmlns:xsi="http://www.w3.org/2001/XMLSchema-instance" xmlns:xsd="http://www.w3.org/2001/XMLSchema">
  <CatchmentParameters>
    <KSI>0.001</KSI>
    <KGmin>0.05</KGmin>
    <RangeKG>0.1</RangeKG>
    <AG>0.1</AG>
    <PERC>1.4967737641166661</PERC>
    <Alpha>0</Alpha>
    <UZL>44.290352050056818</UZL>
    <K0>0.21244353542368721</K0>
    <K1>0.18143877329516051</K1>
    <K2>0.028646951818658811</K2>
    <MAXBAS>1</MAXBAS>
    <Cet>0.14754198122340173</Cet>
    <PCALT>0.46039359218372561</PCALT>
    <TCALT>0.33238078756116446</TCALT>
    <Pelev>482</Pelev>
    <Telev>482</Telev>
    <PART>0.5</PART>
    <DELAY>1</DELAY>
  </CatchmentParameters>
  <VegetationZone>
    <VegetationZoneParameters>
      <TT>-2.16554419828317</TT>
      <CFMAX>1.7216148888736049</CFMAX>
      <SP>0</SP>
      <SFCF>1.4428571099238021</SFCF>
      <CFR>0.099995205799888423</CFR>
      <CWH>0.19998667667727993</CWH>
      <CFGlacier>1</CFGlacier>
      <CFSlope>1</CFSlope>
      <FC>1238.8782353430465</FC>
      <LP>0.76308000728900649</LP>
      <BETA>1.1379982235149382</BETA>
    </VegetationZoneParameters>
  </VegetationZone>
  <SubCatchment>
    <SubCatchmentParameters>
      <KSI>0.001</KSI>
      <KGmin>0.05</KGmin>
      <RangeKG>0.1</RangeKG>
      <AG>0.1</AG>
      <PERC>1.4967737641166661</PERC>
      <Alpha>0</Alpha>
      <UZL>44.290352050056818</UZL>
      <K0>0.21244353542368721</K0>
      <K1>0.18143877329516051</K1>
      <K2>0.028646951818658811</K2>
      <MAXBAS>1</MAXBAS>
      <Cet>0.14754198122340173</Cet>
      <PCALT>0.46039359218372561</PCALT>
      <TCALT>0.33238078756116446</TCALT>
      <Pelev>482</Pelev>
      <Telev>482</Telev>
      <PART>0.5</PART>
      <DELAY>1</DELAY>
    </SubCatchmentParameters>
    <SubCatchmentVegetationZone>
      <SubCatchmentVegetationZoneParameters>
        <TT>-2.16554419828317</TT>
        <CFMAX>1.7216148888736049</CFMAX>
        <SP>0</SP>
        <SFCF>1.4428571099238021</SFCF>
        <CFR>0.099995205799888423</CFR>
        <CWH>0.19998667667727993</CWH>
        <CFGlacier>1</CFGlacier>
        <CFSlope>1</CFSlope>
        <FC>1238.8782353430465</FC>
        <LP>0.76308000728900649</LP>
        <BETA>1.1379982235149382</BETA>
      </SubCatchmentVegetationZoneParameters>
    </SubCatchmentVegetationZone>
  </SubCatchment>
</Catchment>