<?xml version="1.0" encoding="utf-8"?>
<Catchment xmlns:xsi="http://www.w3.org/2001/XMLSchema-instance" xmlns:xsd="http://www.w3.org/2001/XMLSchema">
  <CatchmentParameters>
    <KSI>0.001</KSI>
    <KGmin>0.05</KGmin>
    <RangeKG>0.1</RangeKG>
    <AG>0.1</AG>
    <PERC>8.2737294739062879</PERC>
    <Alpha>0</Alpha>
    <UZL>104.3064989543595</UZL>
    <K0>0.45730984171372091</K0>
    <K1>0.49950689336060627</K1>
    <K2>0.074482850360130984</K2>
    <MAXBAS>1.0666029122148943</MAXBAS>
    <Cet>0</Cet>
    <PCALT>10</PCALT>
    <TCALT>0.6</TCALT>
    <Pelev>3100</Pelev>
    <Telev>3100</Telev>
    <PART>0.5</PART>
    <DELAY>1</DELAY>
  </CatchmentParameters>
  <VegetationZone>
    <VegetationZoneParameters>
      <TT>-0.044200757058942886</TT>
      <CFMAX>4.399316970033869</CFMAX>
      <SP>0</SP>
      <SFCF>0.81007775230261114</SFCF>
      <CFR>0.071361081539423429</CFR>
      <CWH>0.14257117293186428</CWH>
      <CFGlacier>1</CFGlacier>
      <CFSlope>1</CFSlope>
      <FC>955.41978119996179</FC>
      <LP>0.58436061851228094</LP>
      <BETA>5.6337911345105205</BETA>
    </VegetationZoneParameters>
  </VegetationZone>
  <SubCatchment>
    <SubCatchmentParameters>
      <KSI>0.001</KSI>
      <KGmin>0.05</KGmin>
      <RangeKG>0.1</RangeKG>
      <AG>0.1</AG>
      <PERC>8.2737294739062879</PERC>
      <Alpha>0</Alpha>
      <UZL>104.3064989543595</UZL>
      <K0>0.45730984171372091</K0>
      <K1>0.49950689336060627</K1>
      <K2>0.074482850360130984</K2>
      <MAXBAS>1.0666029122148943</MAXBAS>
      <Cet>0</Cet>
      <PCALT>10</PCALT>
      <TCALT>0.6</TCALT>
      <Pelev>3100</Pelev>
      <Telev>3100</Telev>
      <PART>0.5</PART>
      <DELAY>1</DELAY>
    </SubCatchmentParameters>
    <SubCatchmentVegetationZone>
      <SubCatchmentVegetationZoneParameters>
        <TT>-0.044200757058942886</TT>
        <CFMAX>4.399316970033869</CFMAX>
        <SP>0</SP>
        <SFCF>0.81007775230261114</SFCF>
        <CFR>0.071361081539423429</CFR>
        <CWH>0.14257117293186428</CWH>
        <CFGlacier>1</CFGlacier>
        <CFSlope>1</CFSlope>
        <FC>955.41978119996179</FC>
        <LP>0.58436061851228094</LP>
        <BETA>5.6337911345105205</BETA>
      </SubCatchmentVegetationZoneParameters>
    </SubCatchmentVegetationZone>
  </SubCatchment>
</Catchment>