<?xml version="1.0" encoding="utf-8"?>
<Catchment xmlns:xsi="http://www.w3.org/2001/XMLSchema-instance" xmlns:xsd="http://www.w3.org/2001/XMLSchema">
  <CatchmentParameters>
    <KSI>0.001</KSI>
    <KGmin>0.05</KGmin>
    <RangeKG>0.1</RangeKG>
    <AG>0.1</AG>
    <PERC>2.5297336151153371</PERC>
    <Alpha>0</Alpha>
    <UZL>78.109206141149087</UZL>
    <K0>0.4785120548410759</K0>
    <K1>0.09351021075516841</K1>
    <K2>0.011323500904000774</K2>
    <MAXBAS>1</MAXBAS>
    <Cet>0</Cet>
    <PCALT>10</PCALT>
    <TCALT>0.6</TCALT>
    <Pelev>3100</Pelev>
    <Telev>3100</Telev>
    <PART>0.5</PART>
    <DELAY>1</DELAY>
  </CatchmentParameters>
  <VegetationZone>
    <VegetationZoneParameters>
      <TT>-1.1000004428543115</TT>
      <CFMAX>3.0334924579103606</CFMAX>
      <SP>0</SP>
      <SFCF>0.88199895551506791</SFCF>
      <CFR>0.051904345528093157</CFR>
      <CWH>0.13695278277217285</CWH>
      <CFGlacier>1</CFGlacier>
      <CFSlope>1</CFSlope>
      <FC>883.49119666558386</FC>
      <LP>0.4959676180101385</LP>
      <BETA>2.7551099621690285</BETA>
    </VegetationZoneParameters>
  </VegetationZone>
  <SubCatchment>
    <SubCatchmentParameters>
      <KSI>0.001</KSI>
      <KGmin>0.05</KGmin>
      <RangeKG>0.1</RangeKG>
      <AG>0.1</AG>
      <PERC>2.5297336151153371</PERC>
      <Alpha>0</Alpha>
      <UZL>78.109206141149087</UZL>
      <K0>0.4785120548410759</K0>
      <K1>0.09351021075516841</K1>
      <K2>0.011323500904000774</K2>
      <MAXBAS>1</MAXBAS>
      <Cet>0</Cet>
      <PCALT>10</PCALT>
      <TCALT>0.6</TCALT>
      <Pelev>3100</Pelev>
      <Telev>3100</Telev>
      <PART>0.5</PART>
      <DELAY>1</DELAY>
    </SubCatchmentParameters>
    <SubCatchmentVegetationZone>
      <SubCatchmentVegetationZoneParameters>
        <TT>-1.1000004428543115</TT>
        <CFMAX>3.0334924579103606</CFMAX>
        <SP>0</SP>
        <SFCF>0.88199895551506791</SFCF>
        <CFR>0.051904345528093157</CFR>
        <CWH>0.13695278277217285</CWH>
        <CFGlacier>1</CFGlacier>
        <CFSlope>1</CFSlope>
        <FC>883.49119666558386</FC>
        <LP>0.4959676180101385</LP>
        <BETA>2.7551099621690285</BETA>
      </SubCatchmentVegetationZoneParameters>
    </SubCatchmentVegetationZone>
  </SubCatchment>
</Catchment>