<?xml version="1.0" encoding="utf-8"?>
<Catchment xmlns:xsi="http://www.w3.org/2001/XMLSchema-instance" xmlns:xsd="http://www.w3.org/2001/XMLSchema">
  <CatchmentParameters>
    <KSI>0.001</KSI>
    <KGmin>0.05</KGmin>
    <RangeKG>0.1</RangeKG>
    <AG>0.1</AG>
    <PERC>7.7298409596398256</PERC>
    <Alpha>0</Alpha>
    <UZL>156.03464370147287</UZL>
    <K0>0.53254185557539857</K0>
    <K1>0.40216754155968409</K1>
    <K2>0.10548606142269065</K2>
    <MAXBAS>1.6159689501502697</MAXBAS>
    <Cet>0</Cet>
    <PCALT>10</PCALT>
    <TCALT>0.6</TCALT>
    <Pelev>3100</Pelev>
    <Telev>3100</Telev>
    <PART>0.5</PART>
    <DELAY>1</DELAY>
  </CatchmentParameters>
  <VegetationZone>
    <VegetationZoneParameters>
      <TT>1.050883001918745</TT>
      <CFMAX>4.0488808491495982</CFMAX>
      <SP>0</SP>
      <SFCF>0.90778948583282459</SFCF>
      <CFR>0.042064524008333971</CFR>
      <CWH>0.14243774745166479</CWH>
      <CFGlacier>1</CFGlacier>
      <CFSlope>1</CFSlope>
      <FC>384.97602908692625</FC>
      <LP>0.56912000161356413</LP>
      <BETA>5.898143417487594</BETA>
    </VegetationZoneParameters>
  </VegetationZone>
  <SubCatchment>
    <SubCatchmentParameters>
      <KSI>0.001</KSI>
      <KGmin>0.05</KGmin>
      <RangeKG>0.1</RangeKG>
      <AG>0.1</AG>
      <PERC>7.7298409596398256</PERC>
      <Alpha>0</Alpha>
      <UZL>156.03464370147287</UZL>
      <K0>0.53254185557539857</K0>
      <K1>0.40216754155968409</K1>
      <K2>0.10548606142269065</K2>
      <MAXBAS>1.6159689501502697</MAXBAS>
      <Cet>0</Cet>
      <PCALT>10</PCALT>
      <TCALT>0.6</TCALT>
      <Pelev>3100</Pelev>
      <Telev>3100</Telev>
      <PART>0.5</PART>
      <DELAY>1</DELAY>
    </SubCatchmentParameters>
    <SubCatchmentVegetationZone>
      <SubCatchmentVegetationZoneParameters>
        <TT>1.050883001918745</TT>
        <CFMAX>4.0488808491495982</CFMAX>
        <SP>0</SP>
        <SFCF>0.90778948583282459</SFCF>
        <CFR>0.042064524008333971</CFR>
        <CWH>0.14243774745166479</CWH>
        <CFGlacier>1</CFGlacier>
        <CFSlope>1</CFSlope>
        <FC>384.97602908692625</FC>
        <LP>0.56912000161356413</LP>
        <BETA>5.898143417487594</BETA>
      </SubCatchmentVegetationZoneParameters>
    </SubCatchmentVegetationZone>
  </SubCatchment>
</Catchment>