<?xml version="1.0" encoding="utf-8"?>
<Catchment xmlns:xsi="http://www.w3.org/2001/XMLSchema-instance" xmlns:xsd="http://www.w3.org/2001/XMLSchema">
  <CatchmentParameters>
    <KSI>0.001</KSI>
    <KGmin>0.05</KGmin>
    <RangeKG>0.1</RangeKG>
    <AG>0.1</AG>
    <PERC>9.2567200286385649</PERC>
    <Alpha>0</Alpha>
    <UZL>143.55279954243238</UZL>
    <K0>0.54661934457964512</K0>
    <K1>0.385489816832183</K1>
    <K2>0.11900521152486415</K2>
    <MAXBAS>1.217922021392424</MAXBAS>
    <Cet>0</Cet>
    <PCALT>10</PCALT>
    <TCALT>0.6</TCALT>
    <Pelev>3100</Pelev>
    <Telev>3100</Telev>
    <PART>0.5</PART>
    <DELAY>1</DELAY>
  </CatchmentParameters>
  <VegetationZone>
    <VegetationZoneParameters>
      <TT>2.2930716402304485</TT>
      <CFMAX>2.5893763537147434</CFMAX>
      <SP>0</SP>
      <SFCF>1.01985246951771</SFCF>
      <CFR>0.04718341285909463</CFR>
      <CWH>0.18548170246555892</CWH>
      <CFGlacier>1</CFGlacier>
      <CFSlope>1</CFSlope>
      <FC>571.61083819105284</FC>
      <LP>0.53797085024282543</LP>
      <BETA>5.8695881085574655</BETA>
    </VegetationZoneParameters>
  </VegetationZone>
  <SubCatchment>
    <SubCatchmentParameters>
      <KSI>0.001</KSI>
      <KGmin>0.05</KGmin>
      <RangeKG>0.1</RangeKG>
      <AG>0.1</AG>
      <PERC>9.2567200286385649</PERC>
      <Alpha>0</Alpha>
      <UZL>143.55279954243238</UZL>
      <K0>0.54661934457964512</K0>
      <K1>0.385489816832183</K1>
      <K2>0.11900521152486415</K2>
      <MAXBAS>1.217922021392424</MAXBAS>
      <Cet>0</Cet>
      <PCALT>10</PCALT>
      <TCALT>0.6</TCALT>
      <Pelev>3100</Pelev>
      <Telev>3100</Telev>
      <PART>0.5</PART>
      <DELAY>1</DELAY>
    </SubCatchmentParameters>
    <SubCatchmentVegetationZone>
      <SubCatchmentVegetationZoneParameters>
        <TT>2.2930716402304485</TT>
        <CFMAX>2.5893763537147434</CFMAX>
        <SP>0</SP>
        <SFCF>1.01985246951771</SFCF>
        <CFR>0.04718341285909463</CFR>
        <CWH>0.18548170246555892</CWH>
        <CFGlacier>1</CFGlacier>
        <CFSlope>1</CFSlope>
        <FC>571.61083819105284</FC>
        <LP>0.53797085024282543</LP>
        <BETA>5.8695881085574655</BETA>
      </SubCatchmentVegetationZoneParameters>
    </SubCatchmentVegetationZone>
  </SubCatchment>
</Catchment>