<?xml version="1.0" encoding="utf-8"?>
<Catchment xmlns:xsi="http://www.w3.org/2001/XMLSchema-instance" xmlns:xsd="http://www.w3.org/2001/XMLSchema">
  <CatchmentParameters>
    <KSI>0.001</KSI>
    <KGmin>0.05</KGmin>
    <RangeKG>0.1</RangeKG>
    <AG>0.1</AG>
    <PERC>2.0266091641083359</PERC>
    <Alpha>0</Alpha>
    <UZL>163.30842261817307</UZL>
    <K0>0.46042839265411151</K0>
    <K1>0.075490097949266852</K1>
    <K2>0.011734669046730258</K2>
    <MAXBAS>1</MAXBAS>
    <Cet>0</Cet>
    <PCALT>10</PCALT>
    <TCALT>0.6</TCALT>
    <Pelev>3100</Pelev>
    <Telev>3100</Telev>
    <PART>0.5</PART>
    <DELAY>1</DELAY>
  </CatchmentParameters>
  <VegetationZone>
    <VegetationZoneParameters>
      <TT>-1.1520199525893944</TT>
      <CFMAX>3.5417697057750877</CFMAX>
      <SP>0</SP>
      <SFCF>1.0740505877626543</SFCF>
      <CFR>0.051733079397473784</CFR>
      <CWH>0.10384906272450731</CWH>
      <CFGlacier>1</CFGlacier>
      <CFSlope>1</CFSlope>
      <FC>1255.8027307162311</FC>
      <LP>0.47828561149095228</LP>
      <BETA>2.9693614217507323</BETA>
    </VegetationZoneParameters>
  </VegetationZone>
  <SubCatchment>
    <SubCatchmentParameters>
      <KSI>0.001</KSI>
      <KGmin>0.05</KGmin>
      <RangeKG>0.1</RangeKG>
      <AG>0.1</AG>
      <PERC>2.0266091641083359</PERC>
      <Alpha>0</Alpha>
      <UZL>163.30842261817307</UZL>
      <K0>0.46042839265411151</K0>
      <K1>0.075490097949266852</K1>
      <K2>0.011734669046730258</K2>
      <MAXBAS>1</MAXBAS>
      <Cet>0</Cet>
      <PCALT>10</PCALT>
      <TCALT>0.6</TCALT>
      <Pelev>3100</Pelev>
      <Telev>3100</Telev>
      <PART>0.5</PART>
      <DELAY>1</DELAY>
    </SubCatchmentParameters>
    <SubCatchmentVegetationZone>
      <SubCatchmentVegetationZoneParameters>
        <TT>-1.1520199525893944</TT>
        <CFMAX>3.5417697057750877</CFMAX>
        <SP>0</SP>
        <SFCF>1.0740505877626543</SFCF>
        <CFR>0.051733079397473784</CFR>
        <CWH>0.10384906272450731</CWH>
        <CFGlacier>1</CFGlacier>
        <CFSlope>1</CFSlope>
        <FC>1255.8027307162311</FC>
        <LP>0.47828561149095228</LP>
        <BETA>2.9693614217507323</BETA>
      </SubCatchmentVegetationZoneParameters>
    </SubCatchmentVegetationZone>
  </SubCatchment>
</Catchment>