<?xml version="1.0" encoding="utf-8"?>
<Catchment xmlns:xsi="http://www.w3.org/2001/XMLSchema-instance" xmlns:xsd="http://www.w3.org/2001/XMLSchema">
  <CatchmentParameters>
    <KSI>0.001</KSI>
    <KGmin>0.05</KGmin>
    <RangeKG>0.1</RangeKG>
    <AG>0.1</AG>
    <PERC>9.4381653989248484</PERC>
    <Alpha>0</Alpha>
    <UZL>131.4263545110181</UZL>
    <K0>0.34512738423500766</K0>
    <K1>0.1946345666185294</K1>
    <K2>0.056971107046828458</K2>
    <MAXBAS>1.8890104495621891</MAXBAS>
    <Cet>0</Cet>
    <PCALT>10</PCALT>
    <TCALT>0.6</TCALT>
    <Pelev>3100</Pelev>
    <Telev>3100</Telev>
    <PART>0.5</PART>
    <DELAY>1</DELAY>
  </CatchmentParameters>
  <VegetationZone>
    <VegetationZoneParameters>
      <TT>2.2977459649947729</TT>
      <CFMAX>4.8925866189258009</CFMAX>
      <SP>0</SP>
      <SFCF>1.1171231790545901</SFCF>
      <CFR>0.015177658143306612</CFR>
      <CWH>0.14286237015370856</CWH>
      <CFGlacier>1</CFGlacier>
      <CFSlope>1</CFSlope>
      <FC>672.45947060095182</FC>
      <LP>0.7027725508776218</LP>
      <BETA>5.9638133971477911</BETA>
    </VegetationZoneParameters>
  </VegetationZone>
  <SubCatchment>
    <SubCatchmentParameters>
      <KSI>0.001</KSI>
      <KGmin>0.05</KGmin>
      <RangeKG>0.1</RangeKG>
      <AG>0.1</AG>
      <PERC>9.4381653989248484</PERC>
      <Alpha>0</Alpha>
      <UZL>131.4263545110181</UZL>
      <K0>0.34512738423500766</K0>
      <K1>0.1946345666185294</K1>
      <K2>0.056971107046828458</K2>
      <MAXBAS>1.8890104495621891</MAXBAS>
      <Cet>0</Cet>
      <PCALT>10</PCALT>
      <TCALT>0.6</TCALT>
      <Pelev>3100</Pelev>
      <Telev>3100</Telev>
      <PART>0.5</PART>
      <DELAY>1</DELAY>
    </SubCatchmentParameters>
    <SubCatchmentVegetationZone>
      <SubCatchmentVegetationZoneParameters>
        <TT>2.2977459649947729</TT>
        <CFMAX>4.8925866189258009</CFMAX>
        <SP>0</SP>
        <SFCF>1.1171231790545901</SFCF>
        <CFR>0.015177658143306612</CFR>
        <CWH>0.14286237015370856</CWH>
        <CFGlacier>1</CFGlacier>
        <CFSlope>1</CFSlope>
        <FC>672.45947060095182</FC>
        <LP>0.7027725508776218</LP>
        <BETA>5.9638133971477911</BETA>
      </SubCatchmentVegetationZoneParameters>
    </SubCatchmentVegetationZone>
  </SubCatchment>
</Catchment>