<?xml version="1.0" encoding="utf-8"?>
<Catchment xmlns:xsi="http://www.w3.org/2001/XMLSchema-instance" xmlns:xsd="http://www.w3.org/2001/XMLSchema">
  <CatchmentParameters>
    <KSI>0.001</KSI>
    <KGmin>0.05</KGmin>
    <RangeKG>0.1</RangeKG>
    <AG>0.1</AG>
    <PERC>6.0605791776859395</PERC>
    <Alpha>0</Alpha>
    <UZL>150.90311758854867</UZL>
    <K0>0.56663482358732686</K0>
    <K1>0.32807569633971129</K1>
    <K2>0.086362402588439663</K2>
    <MAXBAS>1.0010195427093147</MAXBAS>
    <Cet>0</Cet>
    <PCALT>10</PCALT>
    <TCALT>0.6</TCALT>
    <Pelev>3100</Pelev>
    <Telev>3100</Telev>
    <PART>0.5</PART>
    <DELAY>1</DELAY>
  </CatchmentParameters>
  <VegetationZone>
    <VegetationZoneParameters>
      <TT>1.975662142368823</TT>
      <CFMAX>3.6881057665743739</CFMAX>
      <SP>0</SP>
      <SFCF>0.81004515790061948</SFCF>
      <CFR>0.057576794487502594</CFR>
      <CWH>0.13956288579016468</CWH>
      <CFGlacier>1</CFGlacier>
      <CFSlope>1</CFSlope>
      <FC>782.61342769481678</FC>
      <LP>0.325562286566945</LP>
      <BETA>5.3464860927444873</BETA>
    </VegetationZoneParameters>
  </VegetationZone>
  <SubCatchment>
    <SubCatchmentParameters>
      <KSI>0.001</KSI>
      <KGmin>0.05</KGmin>
      <RangeKG>0.1</RangeKG>
      <AG>0.1</AG>
      <PERC>6.0605791776859395</PERC>
      <Alpha>0</Alpha>
      <UZL>150.90311758854867</UZL>
      <K0>0.56663482358732686</K0>
      <K1>0.32807569633971129</K1>
      <K2>0.086362402588439663</K2>
      <MAXBAS>1.0010195427093147</MAXBAS>
      <Cet>0</Cet>
      <PCALT>10</PCALT>
      <TCALT>0.6</TCALT>
      <Pelev>3100</Pelev>
      <Telev>3100</Telev>
      <PART>0.5</PART>
      <DELAY>1</DELAY>
    </SubCatchmentParameters>
    <SubCatchmentVegetationZone>
      <SubCatchmentVegetationZoneParameters>
        <TT>1.975662142368823</TT>
        <CFMAX>3.6881057665743739</CFMAX>
        <SP>0</SP>
        <SFCF>0.81004515790061948</SFCF>
        <CFR>0.057576794487502594</CFR>
        <CWH>0.13956288579016468</CWH>
        <CFGlacier>1</CFGlacier>
        <CFSlope>1</CFSlope>
        <FC>782.61342769481678</FC>
        <LP>0.325562286566945</LP>
        <BETA>5.3464860927444873</BETA>
      </SubCatchmentVegetationZoneParameters>
    </SubCatchmentVegetationZone>
  </SubCatchment>
</Catchment>