<?xml version="1.0" encoding="utf-8"?>
<Catchment xmlns:xsi="http://www.w3.org/2001/XMLSchema-instance" xmlns:xsd="http://www.w3.org/2001/XMLSchema">
  <CatchmentParameters>
    <KSI>0.001</KSI>
    <KGmin>0.05</KGmin>
    <RangeKG>0.1</RangeKG>
    <AG>0.1</AG>
    <PERC>8.4196287043027</PERC>
    <Alpha>0</Alpha>
    <UZL>113.53978021572151</UZL>
    <K0>0.52343241891841019</K0>
    <K1>0.27519175870040835</K1>
    <K2>0.083766795057602886</K2>
    <MAXBAS>1.3633087476569981</MAXBAS>
    <Cet>0</Cet>
    <PCALT>10</PCALT>
    <TCALT>0.6</TCALT>
    <Pelev>3100</Pelev>
    <Telev>3100</Telev>
    <PART>0.5</PART>
    <DELAY>1</DELAY>
  </CatchmentParameters>
  <VegetationZone>
    <VegetationZoneParameters>
      <TT>1.5482489962537107</TT>
      <CFMAX>4.7936005215050637</CFMAX>
      <SP>0</SP>
      <SFCF>0.94044313204488406</SFCF>
      <CFR>0.051531137020345071</CFR>
      <CWH>0.12853276101707867</CWH>
      <CFGlacier>1</CFGlacier>
      <CFSlope>1</CFSlope>
      <FC>420.512278727165</FC>
      <LP>0.34882420993965918</LP>
      <BETA>5.1833879377408767</BETA>
    </VegetationZoneParameters>
  </VegetationZone>
  <SubCatchment>
    <SubCatchmentParameters>
      <KSI>0.001</KSI>
      <KGmin>0.05</KGmin>
      <RangeKG>0.1</RangeKG>
      <AG>0.1</AG>
      <PERC>8.4196287043027</PERC>
      <Alpha>0</Alpha>
      <UZL>113.53978021572151</UZL>
      <K0>0.52343241891841019</K0>
      <K1>0.27519175870040835</K1>
      <K2>0.083766795057602886</K2>
      <MAXBAS>1.3633087476569981</MAXBAS>
      <Cet>0</Cet>
      <PCALT>10</PCALT>
      <TCALT>0.6</TCALT>
      <Pelev>3100</Pelev>
      <Telev>3100</Telev>
      <PART>0.5</PART>
      <DELAY>1</DELAY>
    </SubCatchmentParameters>
    <SubCatchmentVegetationZone>
      <SubCatchmentVegetationZoneParameters>
        <TT>1.5482489962537107</TT>
        <CFMAX>4.7936005215050637</CFMAX>
        <SP>0</SP>
        <SFCF>0.94044313204488406</SFCF>
        <CFR>0.051531137020345071</CFR>
        <CWH>0.12853276101707867</CWH>
        <CFGlacier>1</CFGlacier>
        <CFSlope>1</CFSlope>
        <FC>420.512278727165</FC>
        <LP>0.34882420993965918</LP>
        <BETA>5.1833879377408767</BETA>
      </SubCatchmentVegetationZoneParameters>
    </SubCatchmentVegetationZone>
  </SubCatchment>
</Catchment>