<?xml version="1.0" encoding="utf-8"?>
<Catchment xmlns:xsi="http://www.w3.org/2001/XMLSchema-instance" xmlns:xsd="http://www.w3.org/2001/XMLSchema">
  <CatchmentParameters>
    <KSI>0.001</KSI>
    <KGmin>0.05</KGmin>
    <RangeKG>0.1</RangeKG>
    <AG>0.1</AG>
    <PERC>8.2506867481349211</PERC>
    <Alpha>0</Alpha>
    <UZL>198.15710172773953</UZL>
    <K0>0.33413324162194163</K0>
    <K1>0.21419085512484984</K1>
    <K2>0.065280105545257261</K2>
    <MAXBAS>1.1515628852146365</MAXBAS>
    <Cet>0</Cet>
    <PCALT>10</PCALT>
    <TCALT>0.6</TCALT>
    <Pelev>3100</Pelev>
    <Telev>3100</Telev>
    <PART>0.5</PART>
    <DELAY>1</DELAY>
  </CatchmentParameters>
  <VegetationZone>
    <VegetationZoneParameters>
      <TT>2.08936129578362</TT>
      <CFMAX>4.0489753149456265</CFMAX>
      <SP>0</SP>
      <SFCF>0.80801904484919607</SFCF>
      <CFR>0.039941259821854209</CFR>
      <CWH>0.18038769310018063</CWH>
      <CFGlacier>1</CFGlacier>
      <CFSlope>1</CFSlope>
      <FC>507.71109277866935</FC>
      <LP>0.56364722463230488</LP>
      <BETA>5.2233064592957046</BETA>
    </VegetationZoneParameters>
  </VegetationZone>
  <SubCatchment>
    <SubCatchmentParameters>
      <KSI>0.001</KSI>
      <KGmin>0.05</KGmin>
      <RangeKG>0.1</RangeKG>
      <AG>0.1</AG>
      <PERC>8.2506867481349211</PERC>
      <Alpha>0</Alpha>
      <UZL>198.15710172773953</UZL>
      <K0>0.33413324162194163</K0>
      <K1>0.21419085512484984</K1>
      <K2>0.065280105545257261</K2>
      <MAXBAS>1.1515628852146365</MAXBAS>
      <Cet>0</Cet>
      <PCALT>10</PCALT>
      <TCALT>0.6</TCALT>
      <Pelev>3100</Pelev>
      <Telev>3100</Telev>
      <PART>0.5</PART>
      <DELAY>1</DELAY>
    </SubCatchmentParameters>
    <SubCatchmentVegetationZone>
      <SubCatchmentVegetationZoneParameters>
        <TT>2.08936129578362</TT>
        <CFMAX>4.0489753149456265</CFMAX>
        <SP>0</SP>
        <SFCF>0.80801904484919607</SFCF>
        <CFR>0.039941259821854209</CFR>
        <CWH>0.18038769310018063</CWH>
        <CFGlacier>1</CFGlacier>
        <CFSlope>1</CFSlope>
        <FC>507.71109277866935</FC>
        <LP>0.56364722463230488</LP>
        <BETA>5.2233064592957046</BETA>
      </SubCatchmentVegetationZoneParameters>
    </SubCatchmentVegetationZone>
  </SubCatchment>
</Catchment>