<?xml version="1.0" encoding="utf-8"?>
<Catchment xmlns:xsi="http://www.w3.org/2001/XMLSchema-instance" xmlns:xsd="http://www.w3.org/2001/XMLSchema">
  <CatchmentParameters>
    <KSI>0.001</KSI>
    <KGmin>0.05</KGmin>
    <RangeKG>0.1</RangeKG>
    <AG>0.1</AG>
    <PERC>2.00211507719764</PERC>
    <Alpha>0</Alpha>
    <UZL>199.83776271880879</UZL>
    <K0>0.35587131547998413</K0>
    <K1>0.056563602811581057</K1>
    <K2>0.010286544508998645</K2>
    <MAXBAS>1</MAXBAS>
    <Cet>0</Cet>
    <PCALT>10</PCALT>
    <TCALT>0.6</TCALT>
    <Pelev>3100</Pelev>
    <Telev>3100</Telev>
    <PART>0.5</PART>
    <DELAY>1</DELAY>
  </CatchmentParameters>
  <VegetationZone>
    <VegetationZoneParameters>
      <TT>-0.37937591248271851</TT>
      <CFMAX>3.6367415356274067</CFMAX>
      <SP>0</SP>
      <SFCF>0.84157662392658783</SFCF>
      <CFR>0.020149431916484509</CFR>
      <CWH>0.10000001614937795</CWH>
      <CFGlacier>1</CFGlacier>
      <CFSlope>1</CFSlope>
      <FC>784.299203379808</FC>
      <LP>0.5975599146609093</LP>
      <BETA>3.4026326661046729</BETA>
    </VegetationZoneParameters>
  </VegetationZone>
  <SubCatchment>
    <SubCatchmentParameters>
      <KSI>0.001</KSI>
      <KGmin>0.05</KGmin>
      <RangeKG>0.1</RangeKG>
      <AG>0.1</AG>
      <PERC>2.00211507719764</PERC>
      <Alpha>0</Alpha>
      <UZL>199.83776271880879</UZL>
      <K0>0.35587131547998413</K0>
      <K1>0.056563602811581057</K1>
      <K2>0.010286544508998645</K2>
      <MAXBAS>1</MAXBAS>
      <Cet>0</Cet>
      <PCALT>10</PCALT>
      <TCALT>0.6</TCALT>
      <Pelev>3100</Pelev>
      <Telev>3100</Telev>
      <PART>0.5</PART>
      <DELAY>1</DELAY>
    </SubCatchmentParameters>
    <SubCatchmentVegetationZone>
      <SubCatchmentVegetationZoneParameters>
        <TT>-0.37937591248271851</TT>
        <CFMAX>3.6367415356274067</CFMAX>
        <SP>0</SP>
        <SFCF>0.84157662392658783</SFCF>
        <CFR>0.020149431916484509</CFR>
        <CWH>0.10000001614937795</CWH>
        <CFGlacier>1</CFGlacier>
        <CFSlope>1</CFSlope>
        <FC>784.299203379808</FC>
        <LP>0.5975599146609093</LP>
        <BETA>3.4026326661046729</BETA>
      </SubCatchmentVegetationZoneParameters>
    </SubCatchmentVegetationZone>
  </SubCatchment>
</Catchment>