<?xml version="1.0" encoding="utf-8"?>
<Catchment xmlns:xsi="http://www.w3.org/2001/XMLSchema-instance" xmlns:xsd="http://www.w3.org/2001/XMLSchema">
  <CatchmentParameters>
    <KSI>0.001</KSI>
    <KGmin>0.05</KGmin>
    <RangeKG>0.1</RangeKG>
    <AG>0.1</AG>
    <PERC>9.9575191497119935</PERC>
    <Alpha>0</Alpha>
    <UZL>62.689336621198237</UZL>
    <K0>0.43731062620870037</K0>
    <K1>0.21175499711274939</K1>
    <K2>0.10128197309434729</K2>
    <MAXBAS>1.2819086769299464</MAXBAS>
    <Cet>0</Cet>
    <PCALT>10</PCALT>
    <TCALT>0.6</TCALT>
    <Pelev>3100</Pelev>
    <Telev>3100</Telev>
    <PART>0.5</PART>
    <DELAY>1</DELAY>
  </CatchmentParameters>
  <VegetationZone>
    <VegetationZoneParameters>
      <TT>1.6644898249411686</TT>
      <CFMAX>4.4892197449338429</CFMAX>
      <SP>0</SP>
      <SFCF>0.840080967639159</SFCF>
      <CFR>0.00865031027754659</CFR>
      <CWH>0.16074812000653788</CWH>
      <CFGlacier>1</CFGlacier>
      <CFSlope>1</CFSlope>
      <FC>175.75408184108795</FC>
      <LP>0.61019004492539086</LP>
      <BETA>5.3217388285459828</BETA>
    </VegetationZoneParameters>
  </VegetationZone>
  <SubCatchment>
    <SubCatchmentParameters>
      <KSI>0.001</KSI>
      <KGmin>0.05</KGmin>
      <RangeKG>0.1</RangeKG>
      <AG>0.1</AG>
      <PERC>9.9575191497119935</PERC>
      <Alpha>0</Alpha>
      <UZL>62.689336621198237</UZL>
      <K0>0.43731062620870037</K0>
      <K1>0.21175499711274939</K1>
      <K2>0.10128197309434729</K2>
      <MAXBAS>1.2819086769299464</MAXBAS>
      <Cet>0</Cet>
      <PCALT>10</PCALT>
      <TCALT>0.6</TCALT>
      <Pelev>3100</Pelev>
      <Telev>3100</Telev>
      <PART>0.5</PART>
      <DELAY>1</DELAY>
    </SubCatchmentParameters>
    <SubCatchmentVegetationZone>
      <SubCatchmentVegetationZoneParameters>
        <TT>1.6644898249411686</TT>
        <CFMAX>4.4892197449338429</CFMAX>
        <SP>0</SP>
        <SFCF>0.840080967639159</SFCF>
        <CFR>0.00865031027754659</CFR>
        <CWH>0.16074812000653788</CWH>
        <CFGlacier>1</CFGlacier>
        <CFSlope>1</CFSlope>
        <FC>175.75408184108795</FC>
        <LP>0.61019004492539086</LP>
        <BETA>5.3217388285459828</BETA>
      </SubCatchmentVegetationZoneParameters>
    </SubCatchmentVegetationZone>
  </SubCatchment>
</Catchment>