<?xml version="1.0" encoding="utf-8"?>
<Catchment xmlns:xsi="http://www.w3.org/2001/XMLSchema-instance" xmlns:xsd="http://www.w3.org/2001/XMLSchema">
  <CatchmentParameters>
    <KSI>0.001</KSI>
    <KGmin>0.05</KGmin>
    <RangeKG>0.1</RangeKG>
    <AG>0.1</AG>
    <PERC>3.8363337011565877</PERC>
    <Alpha>0</Alpha>
    <UZL>82.9852602233453</UZL>
    <K0>0.49911393115480779</K0>
    <K1>0.34162543925146915</K1>
    <K2>0.0118174882751724</K2>
    <MAXBAS>1</MAXBAS>
    <Cet>0</Cet>
    <PCALT>10</PCALT>
    <TCALT>0.6</TCALT>
    <Pelev>3100</Pelev>
    <Telev>3100</Telev>
    <PART>0.5</PART>
    <DELAY>1</DELAY>
  </CatchmentParameters>
  <VegetationZone>
    <VegetationZoneParameters>
      <TT>-1.2376800041101173</TT>
      <CFMAX>2.9126026832839957</CFMAX>
      <SP>0</SP>
      <SFCF>0.84726720899809072</SFCF>
      <CFR>0.04466658240618257</CFR>
      <CWH>0.10259424898270889</CWH>
      <CFGlacier>1</CFGlacier>
      <CFSlope>1</CFSlope>
      <FC>833.19804628641441</FC>
      <LP>0.48892401225601911</LP>
      <BETA>2.6477320539995617</BETA>
    </VegetationZoneParameters>
  </VegetationZone>
  <SubCatchment>
    <SubCatchmentParameters>
      <KSI>0.001</KSI>
      <KGmin>0.05</KGmin>
      <RangeKG>0.1</RangeKG>
      <AG>0.1</AG>
      <PERC>3.8363337011565877</PERC>
      <Alpha>0</Alpha>
      <UZL>82.9852602233453</UZL>
      <K0>0.49911393115480779</K0>
      <K1>0.34162543925146915</K1>
      <K2>0.0118174882751724</K2>
      <MAXBAS>1</MAXBAS>
      <Cet>0</Cet>
      <PCALT>10</PCALT>
      <TCALT>0.6</TCALT>
      <Pelev>3100</Pelev>
      <Telev>3100</Telev>
      <PART>0.5</PART>
      <DELAY>1</DELAY>
    </SubCatchmentParameters>
    <SubCatchmentVegetationZone>
      <SubCatchmentVegetationZoneParameters>
        <TT>-1.2376800041101173</TT>
        <CFMAX>2.9126026832839957</CFMAX>
        <SP>0</SP>
        <SFCF>0.84726720899809072</SFCF>
        <CFR>0.04466658240618257</CFR>
        <CWH>0.10259424898270889</CWH>
        <CFGlacier>1</CFGlacier>
        <CFSlope>1</CFSlope>
        <FC>833.19804628641441</FC>
        <LP>0.48892401225601911</LP>
        <BETA>2.6477320539995617</BETA>
      </SubCatchmentVegetationZoneParameters>
    </SubCatchmentVegetationZone>
  </SubCatchment>
</Catchment>