<?xml version="1.0" encoding="utf-8"?>
<Catchment xmlns:xsi="http://www.w3.org/2001/XMLSchema-instance" xmlns:xsd="http://www.w3.org/2001/XMLSchema">
  <CatchmentParameters>
    <KSI>0.001</KSI>
    <KGmin>0.05</KGmin>
    <RangeKG>0.1</RangeKG>
    <AG>0.1</AG>
    <PERC>0.15012003753207592</PERC>
    <Alpha>0</Alpha>
    <UZL>112.83475818223424</UZL>
    <K0>0.36016637780311411</K0>
    <K1>0.01934967163400771</K1>
    <K2>0.010000000693357235</K2>
    <MAXBAS>1</MAXBAS>
    <Cet>0</Cet>
    <PCALT>10</PCALT>
    <TCALT>0.6</TCALT>
    <Pelev>3100</Pelev>
    <Telev>3100</Telev>
    <PART>0.5</PART>
    <DELAY>1</DELAY>
  </CatchmentParameters>
  <VegetationZone>
    <VegetationZoneParameters>
      <TT>-0.27415135071119179</TT>
      <CFMAX>4.307698777523119</CFMAX>
      <SP>0</SP>
      <SFCF>0.75079691525965253</SFCF>
      <CFR>0.029530629580887442</CFR>
      <CWH>0.13484162834477359</CWH>
      <CFGlacier>1</CFGlacier>
      <CFSlope>1</CFSlope>
      <FC>797.75578468915171</FC>
      <LP>0.70073023086153186</LP>
      <BETA>3.6333732293609287</BETA>
    </VegetationZoneParameters>
  </VegetationZone>
  <SubCatchment>
    <SubCatchmentParameters>
      <KSI>0.001</KSI>
      <KGmin>0.05</KGmin>
      <RangeKG>0.1</RangeKG>
      <AG>0.1</AG>
      <PERC>0.15012003753207592</PERC>
      <Alpha>0</Alpha>
      <UZL>112.83475818223424</UZL>
      <K0>0.36016637780311411</K0>
      <K1>0.01934967163400771</K1>
      <K2>0.010000000693357235</K2>
      <MAXBAS>1</MAXBAS>
      <Cet>0</Cet>
      <PCALT>10</PCALT>
      <TCALT>0.6</TCALT>
      <Pelev>3100</Pelev>
      <Telev>3100</Telev>
      <PART>0.5</PART>
      <DELAY>1</DELAY>
    </SubCatchmentParameters>
    <SubCatchmentVegetationZone>
      <SubCatchmentVegetationZoneParameters>
        <TT>-0.27415135071119179</TT>
        <CFMAX>4.307698777523119</CFMAX>
        <SP>0</SP>
        <SFCF>0.75079691525965253</SFCF>
        <CFR>0.029530629580887442</CFR>
        <CWH>0.13484162834477359</CWH>
        <CFGlacier>1</CFGlacier>
        <CFSlope>1</CFSlope>
        <FC>797.75578468915171</FC>
        <LP>0.70073023086153186</LP>
        <BETA>3.6333732293609287</BETA>
      </SubCatchmentVegetationZoneParameters>
    </SubCatchmentVegetationZone>
  </SubCatchment>
</Catchment>