<?xml version="1.0" encoding="utf-8"?>
<Catchment xmlns:xsi="http://www.w3.org/2001/XMLSchema-instance" xmlns:xsd="http://www.w3.org/2001/XMLSchema">
  <CatchmentParameters>
    <KSI>0.001</KSI>
    <KGmin>0.05</KGmin>
    <RangeKG>0.1</RangeKG>
    <AG>0.1</AG>
    <PERC>2.3602187950233717</PERC>
    <Alpha>0</Alpha>
    <UZL>81.61127077111972</UZL>
    <K0>0.42437898646861022</K0>
    <K1>0.0842523929870396</K1>
    <K2>0.011774071937557319</K2>
    <MAXBAS>1</MAXBAS>
    <Cet>0</Cet>
    <PCALT>10</PCALT>
    <TCALT>0.6</TCALT>
    <Pelev>3100</Pelev>
    <Telev>3100</Telev>
    <PART>0.5</PART>
    <DELAY>1</DELAY>
  </CatchmentParameters>
  <VegetationZone>
    <VegetationZoneParameters>
      <TT>-0.7000006534787645</TT>
      <CFMAX>3.3732069447302493</CFMAX>
      <SP>0</SP>
      <SFCF>0.87258498991217714</SFCF>
      <CFR>0.032077869526465658</CFR>
      <CWH>0.10000067740740155</CWH>
      <CFGlacier>1</CFGlacier>
      <CFSlope>1</CFSlope>
      <FC>894.86413252117029</FC>
      <LP>0.50521232331798382</LP>
      <BETA>2.782699170594277</BETA>
    </VegetationZoneParameters>
  </VegetationZone>
  <SubCatchment>
    <SubCatchmentParameters>
      <KSI>0.001</KSI>
      <KGmin>0.05</KGmin>
      <RangeKG>0.1</RangeKG>
      <AG>0.1</AG>
      <PERC>2.3602187950233717</PERC>
      <Alpha>0</Alpha>
      <UZL>81.61127077111972</UZL>
      <K0>0.42437898646861022</K0>
      <K1>0.0842523929870396</K1>
      <K2>0.011774071937557319</K2>
      <MAXBAS>1</MAXBAS>
      <Cet>0</Cet>
      <PCALT>10</PCALT>
      <TCALT>0.6</TCALT>
      <Pelev>3100</Pelev>
      <Telev>3100</Telev>
      <PART>0.5</PART>
      <DELAY>1</DELAY>
    </SubCatchmentParameters>
    <SubCatchmentVegetationZone>
      <SubCatchmentVegetationZoneParameters>
        <TT>-0.7000006534787645</TT>
        <CFMAX>3.3732069447302493</CFMAX>
        <SP>0</SP>
        <SFCF>0.87258498991217714</SFCF>
        <CFR>0.032077869526465658</CFR>
        <CWH>0.10000067740740155</CWH>
        <CFGlacier>1</CFGlacier>
        <CFSlope>1</CFSlope>
        <FC>894.86413252117029</FC>
        <LP>0.50521232331798382</LP>
        <BETA>2.782699170594277</BETA>
      </SubCatchmentVegetationZoneParameters>
    </SubCatchmentVegetationZone>
  </SubCatchment>
</Catchment>