<?xml version="1.0" encoding="utf-8"?>
<Catchment xmlns:xsi="http://www.w3.org/2001/XMLSchema-instance" xmlns:xsd="http://www.w3.org/2001/XMLSchema">
  <CatchmentParameters>
    <KSI>0.001</KSI>
    <KGmin>0.05</KGmin>
    <RangeKG>0.1</RangeKG>
    <AG>0.1</AG>
    <PERC>6.5435825066837729</PERC>
    <Alpha>0</Alpha>
    <UZL>70.371878510604034</UZL>
    <K0>0.530873324284209</K0>
    <K1>0.38076273999812632</K1>
    <K2>0.087828843972546811</K2>
    <MAXBAS>1.3433495117430558</MAXBAS>
    <Cet>0</Cet>
    <PCALT>10</PCALT>
    <TCALT>0.6</TCALT>
    <Pelev>3100</Pelev>
    <Telev>3100</Telev>
    <PART>0.5</PART>
    <DELAY>1</DELAY>
  </CatchmentParameters>
  <VegetationZone>
    <VegetationZoneParameters>
      <TT>1.85473429145845</TT>
      <CFMAX>4.0123264679051527</CFMAX>
      <SP>0</SP>
      <SFCF>0.58218642470083315</SFCF>
      <CFR>0.058867831728888091</CFR>
      <CWH>0.13977823251562888</CWH>
      <CFGlacier>1</CFGlacier>
      <CFSlope>1</CFSlope>
      <FC>788.16848002083748</FC>
      <LP>0.34432804424662189</LP>
      <BETA>5.3858654471437495</BETA>
    </VegetationZoneParameters>
  </VegetationZone>
  <SubCatchment>
    <SubCatchmentParameters>
      <KSI>0.001</KSI>
      <KGmin>0.05</KGmin>
      <RangeKG>0.1</RangeKG>
      <AG>0.1</AG>
      <PERC>6.5435825066837729</PERC>
      <Alpha>0</Alpha>
      <UZL>70.371878510604034</UZL>
      <K0>0.530873324284209</K0>
      <K1>0.38076273999812632</K1>
      <K2>0.087828843972546811</K2>
      <MAXBAS>1.3433495117430558</MAXBAS>
      <Cet>0</Cet>
      <PCALT>10</PCALT>
      <TCALT>0.6</TCALT>
      <Pelev>3100</Pelev>
      <Telev>3100</Telev>
      <PART>0.5</PART>
      <DELAY>1</DELAY>
    </SubCatchmentParameters>
    <SubCatchmentVegetationZone>
      <SubCatchmentVegetationZoneParameters>
        <TT>1.85473429145845</TT>
        <CFMAX>4.0123264679051527</CFMAX>
        <SP>0</SP>
        <SFCF>0.58218642470083315</SFCF>
        <CFR>0.058867831728888091</CFR>
        <CWH>0.13977823251562888</CWH>
        <CFGlacier>1</CFGlacier>
        <CFSlope>1</CFSlope>
        <FC>788.16848002083748</FC>
        <LP>0.34432804424662189</LP>
        <BETA>5.3858654471437495</BETA>
      </SubCatchmentVegetationZoneParameters>
    </SubCatchmentVegetationZone>
  </SubCatchment>
</Catchment>