<?xml version="1.0" encoding="utf-8"?>
<Catchment xmlns:xsi="http://www.w3.org/2001/XMLSchema-instance" xmlns:xsd="http://www.w3.org/2001/XMLSchema">
  <CatchmentParameters>
    <KSI>0.001</KSI>
    <KGmin>0.05</KGmin>
    <RangeKG>0.1</RangeKG>
    <AG>0.1</AG>
    <PERC>8.486932341343314</PERC>
    <Alpha>0</Alpha>
    <UZL>198.008510142213</UZL>
    <K0>0.36362111798943103</K0>
    <K1>0.41182293706212642</K1>
    <K2>0.10914850504170823</K2>
    <MAXBAS>1.1865632549222589</MAXBAS>
    <Cet>0</Cet>
    <PCALT>10</PCALT>
    <TCALT>0.6</TCALT>
    <Pelev>3100</Pelev>
    <Telev>3100</Telev>
    <PART>0.5</PART>
    <DELAY>1</DELAY>
  </CatchmentParameters>
  <VegetationZone>
    <VegetationZoneParameters>
      <TT>-0.012101564945314669</TT>
      <CFMAX>3.0097125382649352</CFMAX>
      <SP>0</SP>
      <SFCF>0.90975865886778118</SFCF>
      <CFR>0.057918119534520418</CFR>
      <CWH>0.16261247690994019</CWH>
      <CFGlacier>1</CFGlacier>
      <CFSlope>1</CFSlope>
      <FC>432.94845732383885</FC>
      <LP>0.64812614349139464</LP>
      <BETA>5.2387805107059444</BETA>
    </VegetationZoneParameters>
  </VegetationZone>
  <SubCatchment>
    <SubCatchmentParameters>
      <KSI>0.001</KSI>
      <KGmin>0.05</KGmin>
      <RangeKG>0.1</RangeKG>
      <AG>0.1</AG>
      <PERC>8.486932341343314</PERC>
      <Alpha>0</Alpha>
      <UZL>198.008510142213</UZL>
      <K0>0.36362111798943103</K0>
      <K1>0.41182293706212642</K1>
      <K2>0.10914850504170823</K2>
      <MAXBAS>1.1865632549222589</MAXBAS>
      <Cet>0</Cet>
      <PCALT>10</PCALT>
      <TCALT>0.6</TCALT>
      <Pelev>3100</Pelev>
      <Telev>3100</Telev>
      <PART>0.5</PART>
      <DELAY>1</DELAY>
    </SubCatchmentParameters>
    <SubCatchmentVegetationZone>
      <SubCatchmentVegetationZoneParameters>
        <TT>-0.012101564945314669</TT>
        <CFMAX>3.0097125382649352</CFMAX>
        <SP>0</SP>
        <SFCF>0.90975865886778118</SFCF>
        <CFR>0.057918119534520418</CFR>
        <CWH>0.16261247690994019</CWH>
        <CFGlacier>1</CFGlacier>
        <CFSlope>1</CFSlope>
        <FC>432.94845732383885</FC>
        <LP>0.64812614349139464</LP>
        <BETA>5.2387805107059444</BETA>
      </SubCatchmentVegetationZoneParameters>
    </SubCatchmentVegetationZone>
  </SubCatchment>
</Catchment>