<?xml version="1.0" encoding="utf-8"?>
<Catchment xmlns:xsi="http://www.w3.org/2001/XMLSchema-instance" xmlns:xsd="http://www.w3.org/2001/XMLSchema">
  <CatchmentParameters>
    <KSI>0.001</KSI>
    <KGmin>0.05</KGmin>
    <RangeKG>0.1</RangeKG>
    <AG>0.1</AG>
    <PERC>2.5316165907412236</PERC>
    <Alpha>0</Alpha>
    <UZL>154.59069431222267</UZL>
    <K0>0.33548123789566897</K0>
    <K1>0.061158908626714262</K1>
    <K2>0.011926375480384258</K2>
    <MAXBAS>1</MAXBAS>
    <Cet>0</Cet>
    <PCALT>10</PCALT>
    <TCALT>0.6</TCALT>
    <Pelev>3100</Pelev>
    <Telev>3100</Telev>
    <PART>0.5</PART>
    <DELAY>1</DELAY>
  </CatchmentParameters>
  <VegetationZone>
    <VegetationZoneParameters>
      <TT>0.45095383267758593</TT>
      <CFMAX>4.8168673987569495</CFMAX>
      <SP>0</SP>
      <SFCF>0.78769558531246087</SFCF>
      <CFR>0.017855310888812811</CFR>
      <CWH>0.10000000038900982</CWH>
      <CFGlacier>1</CFGlacier>
      <CFSlope>1</CFSlope>
      <FC>734.64414400269129</FC>
      <LP>0.51498010047715592</LP>
      <BETA>2.7468595822166773</BETA>
    </VegetationZoneParameters>
  </VegetationZone>
  <SubCatchment>
    <SubCatchmentParameters>
      <KSI>0.001</KSI>
      <KGmin>0.05</KGmin>
      <RangeKG>0.1</RangeKG>
      <AG>0.1</AG>
      <PERC>2.5316165907412236</PERC>
      <Alpha>0</Alpha>
      <UZL>154.59069431222267</UZL>
      <K0>0.33548123789566897</K0>
      <K1>0.061158908626714262</K1>
      <K2>0.011926375480384258</K2>
      <MAXBAS>1</MAXBAS>
      <Cet>0</Cet>
      <PCALT>10</PCALT>
      <TCALT>0.6</TCALT>
      <Pelev>3100</Pelev>
      <Telev>3100</Telev>
      <PART>0.5</PART>
      <DELAY>1</DELAY>
    </SubCatchmentParameters>
    <SubCatchmentVegetationZone>
      <SubCatchmentVegetationZoneParameters>
        <TT>0.45095383267758593</TT>
        <CFMAX>4.8168673987569495</CFMAX>
        <SP>0</SP>
        <SFCF>0.78769558531246087</SFCF>
        <CFR>0.017855310888812811</CFR>
        <CWH>0.10000000038900982</CWH>
        <CFGlacier>1</CFGlacier>
        <CFSlope>1</CFSlope>
        <FC>734.64414400269129</FC>
        <LP>0.51498010047715592</LP>
        <BETA>2.7468595822166773</BETA>
      </SubCatchmentVegetationZoneParameters>
    </SubCatchmentVegetationZone>
  </SubCatchment>
</Catchment>