<?xml version="1.0" encoding="utf-8"?>
<Catchment xmlns:xsi="http://www.w3.org/2001/XMLSchema-instance" xmlns:xsd="http://www.w3.org/2001/XMLSchema">
  <CatchmentParameters>
    <KSI>0.001</KSI>
    <KGmin>0.05</KGmin>
    <RangeKG>0.1</RangeKG>
    <AG>0.1</AG>
    <PERC>3.3030838606172432</PERC>
    <Alpha>0</Alpha>
    <UZL>85.0086197339429</UZL>
    <K0>0.13854821881980817</K0>
    <K1>0.31040744416972504</K1>
    <K2>0.012497168481660636</K2>
    <MAXBAS>1</MAXBAS>
    <Cet>0</Cet>
    <PCALT>10</PCALT>
    <TCALT>0.6</TCALT>
    <Pelev>3100</Pelev>
    <Telev>3100</Telev>
    <PART>0.5</PART>
    <DELAY>1</DELAY>
  </CatchmentParameters>
  <VegetationZone>
    <VegetationZoneParameters>
      <TT>-1.1511477327013537</TT>
      <CFMAX>3.0710559131568362</CFMAX>
      <SP>0</SP>
      <SFCF>0.91510007266445825</SFCF>
      <CFR>0.049171338915163183</CFR>
      <CWH>0.12162424948886985</CWH>
      <CFGlacier>1</CFGlacier>
      <CFSlope>1</CFSlope>
      <FC>1045.1766430533946</FC>
      <LP>0.38554841950997421</LP>
      <BETA>2.1895214934399756</BETA>
    </VegetationZoneParameters>
  </VegetationZone>
  <SubCatchment>
    <SubCatchmentParameters>
      <KSI>0.001</KSI>
      <KGmin>0.05</KGmin>
      <RangeKG>0.1</RangeKG>
      <AG>0.1</AG>
      <PERC>3.3030838606172432</PERC>
      <Alpha>0</Alpha>
      <UZL>85.0086197339429</UZL>
      <K0>0.13854821881980817</K0>
      <K1>0.31040744416972504</K1>
      <K2>0.012497168481660636</K2>
      <MAXBAS>1</MAXBAS>
      <Cet>0</Cet>
      <PCALT>10</PCALT>
      <TCALT>0.6</TCALT>
      <Pelev>3100</Pelev>
      <Telev>3100</Telev>
      <PART>0.5</PART>
      <DELAY>1</DELAY>
    </SubCatchmentParameters>
    <SubCatchmentVegetationZone>
      <SubCatchmentVegetationZoneParameters>
        <TT>-1.1511477327013537</TT>
        <CFMAX>3.0710559131568362</CFMAX>
        <SP>0</SP>
        <SFCF>0.91510007266445825</SFCF>
        <CFR>0.049171338915163183</CFR>
        <CWH>0.12162424948886985</CWH>
        <CFGlacier>1</CFGlacier>
        <CFSlope>1</CFSlope>
        <FC>1045.1766430533946</FC>
        <LP>0.38554841950997421</LP>
        <BETA>2.1895214934399756</BETA>
      </SubCatchmentVegetationZoneParameters>
    </SubCatchmentVegetationZone>
  </SubCatchment>
</Catchment>