<?xml version="1.0" encoding="utf-8"?>
<Catchment xmlns:xsi="http://www.w3.org/2001/XMLSchema-instance" xmlns:xsd="http://www.w3.org/2001/XMLSchema">
  <CatchmentParameters>
    <KSI>0.001</KSI>
    <KGmin>0.05</KGmin>
    <RangeKG>0.1</RangeKG>
    <AG>0.1</AG>
    <PERC>5.6299697364509944</PERC>
    <Alpha>0</Alpha>
    <UZL>115.02752796537651</UZL>
    <K0>0.41417004590488593</K0>
    <K1>0.69583409738877544</K1>
    <K2>0.013628794716241391</K2>
    <MAXBAS>1</MAXBAS>
    <Cet>0</Cet>
    <PCALT>10</PCALT>
    <TCALT>0.6</TCALT>
    <Pelev>3100</Pelev>
    <Telev>3100</Telev>
    <PART>0.5</PART>
    <DELAY>1</DELAY>
  </CatchmentParameters>
  <VegetationZone>
    <VegetationZoneParameters>
      <TT>-2.0419727562498897</TT>
      <CFMAX>3.3008136079107273</CFMAX>
      <SP>0</SP>
      <SFCF>0.99761199337682216</SFCF>
      <CFR>0.0019415532102084678</CFR>
      <CWH>0.10000000040889215</CWH>
      <CFGlacier>1</CFGlacier>
      <CFSlope>1</CFSlope>
      <FC>1071.8421630508663</FC>
      <LP>0.54650916325096688</LP>
      <BETA>3.0747036310469427</BETA>
    </VegetationZoneParameters>
  </VegetationZone>
  <SubCatchment>
    <SubCatchmentParameters>
      <KSI>0.001</KSI>
      <KGmin>0.05</KGmin>
      <RangeKG>0.1</RangeKG>
      <AG>0.1</AG>
      <PERC>5.6299697364509944</PERC>
      <Alpha>0</Alpha>
      <UZL>115.02752796537651</UZL>
      <K0>0.41417004590488593</K0>
      <K1>0.69583409738877544</K1>
      <K2>0.013628794716241391</K2>
      <MAXBAS>1</MAXBAS>
      <Cet>0</Cet>
      <PCALT>10</PCALT>
      <TCALT>0.6</TCALT>
      <Pelev>3100</Pelev>
      <Telev>3100</Telev>
      <PART>0.5</PART>
      <DELAY>1</DELAY>
    </SubCatchmentParameters>
    <SubCatchmentVegetationZone>
      <SubCatchmentVegetationZoneParameters>
        <TT>-2.0419727562498897</TT>
        <CFMAX>3.3008136079107273</CFMAX>
        <SP>0</SP>
        <SFCF>0.99761199337682216</SFCF>
        <CFR>0.0019415532102084678</CFR>
        <CWH>0.10000000040889215</CWH>
        <CFGlacier>1</CFGlacier>
        <CFSlope>1</CFSlope>
        <FC>1071.8421630508663</FC>
        <LP>0.54650916325096688</LP>
        <BETA>3.0747036310469427</BETA>
      </SubCatchmentVegetationZoneParameters>
    </SubCatchmentVegetationZone>
  </SubCatchment>
</Catchment>