<?xml version="1.0" encoding="utf-8"?>
<Catchment xmlns:xsi="http://www.w3.org/2001/XMLSchema-instance" xmlns:xsd="http://www.w3.org/2001/XMLSchema">
  <CatchmentParameters>
    <KSI>0.001</KSI>
    <KGmin>0.05</KGmin>
    <RangeKG>0.1</RangeKG>
    <AG>0.1</AG>
    <PERC>6.2643449490426191</PERC>
    <Alpha>0</Alpha>
    <UZL>99.721541543529852</UZL>
    <K0>0.54224733699492311</K0>
    <K1>0.094818753061548966</K1>
    <K2>0.09594009316825898</K2>
    <MAXBAS>1.1058302996727494</MAXBAS>
    <Cet>0</Cet>
    <PCALT>10</PCALT>
    <TCALT>0.6</TCALT>
    <Pelev>3100</Pelev>
    <Telev>3100</Telev>
    <PART>0.5</PART>
    <DELAY>1</DELAY>
  </CatchmentParameters>
  <VegetationZone>
    <VegetationZoneParameters>
      <TT>1.5083034406039908</TT>
      <CFMAX>4.7389191292390569</CFMAX>
      <SP>0</SP>
      <SFCF>0.86675383143167539</SFCF>
      <CFR>0.089411884710155071</CFR>
      <CWH>0.12180246269494478</CWH>
      <CFGlacier>1</CFGlacier>
      <CFSlope>1</CFSlope>
      <FC>638.565344231636</FC>
      <LP>0.59085686647189439</LP>
      <BETA>5.626118680191917</BETA>
    </VegetationZoneParameters>
  </VegetationZone>
  <SubCatchment>
    <SubCatchmentParameters>
      <KSI>0.001</KSI>
      <KGmin>0.05</KGmin>
      <RangeKG>0.1</RangeKG>
      <AG>0.1</AG>
      <PERC>6.2643449490426191</PERC>
      <Alpha>0</Alpha>
      <UZL>99.721541543529852</UZL>
      <K0>0.54224733699492311</K0>
      <K1>0.094818753061548966</K1>
      <K2>0.09594009316825898</K2>
      <MAXBAS>1.1058302996727494</MAXBAS>
      <Cet>0</Cet>
      <PCALT>10</PCALT>
      <TCALT>0.6</TCALT>
      <Pelev>3100</Pelev>
      <Telev>3100</Telev>
      <PART>0.5</PART>
      <DELAY>1</DELAY>
    </SubCatchmentParameters>
    <SubCatchmentVegetationZone>
      <SubCatchmentVegetationZoneParameters>
        <TT>1.5083034406039908</TT>
        <CFMAX>4.7389191292390569</CFMAX>
        <SP>0</SP>
        <SFCF>0.86675383143167539</SFCF>
        <CFR>0.089411884710155071</CFR>
        <CWH>0.12180246269494478</CWH>
        <CFGlacier>1</CFGlacier>
        <CFSlope>1</CFSlope>
        <FC>638.565344231636</FC>
        <LP>0.59085686647189439</LP>
        <BETA>5.626118680191917</BETA>
      </SubCatchmentVegetationZoneParameters>
    </SubCatchmentVegetationZone>
  </SubCatchment>
</Catchment>