<?xml version="1.0" encoding="utf-8"?>
<Catchment xmlns:xsi="http://www.w3.org/2001/XMLSchema-instance" xmlns:xsd="http://www.w3.org/2001/XMLSchema">
  <CatchmentParameters>
    <KSI>0.001</KSI>
    <KGmin>0.05</KGmin>
    <RangeKG>0.1</RangeKG>
    <AG>0.1</AG>
    <PERC>9.52487981338604</PERC>
    <Alpha>0</Alpha>
    <UZL>101.69056835586436</UZL>
    <K0>0.24369851207212151</K0>
    <K1>0.3447013597373641</K1>
    <K2>0.078458711406853579</K2>
    <MAXBAS>1.3412951301697329</MAXBAS>
    <Cet>0</Cet>
    <PCALT>10</PCALT>
    <TCALT>0.6</TCALT>
    <Pelev>3100</Pelev>
    <Telev>3100</Telev>
    <PART>0.5</PART>
    <DELAY>1</DELAY>
  </CatchmentParameters>
  <VegetationZone>
    <VegetationZoneParameters>
      <TT>2.0888567805130309</TT>
      <CFMAX>4.2855519401230486</CFMAX>
      <SP>0</SP>
      <SFCF>0.61451221980975257</SFCF>
      <CFR>0.060751763208950163</CFR>
      <CWH>0.10866743496862284</CWH>
      <CFGlacier>1</CFGlacier>
      <CFSlope>1</CFSlope>
      <FC>729.88224165845588</FC>
      <LP>0.72061350673481916</LP>
      <BETA>5.2472517859973351</BETA>
    </VegetationZoneParameters>
  </VegetationZone>
  <SubCatchment>
    <SubCatchmentParameters>
      <KSI>0.001</KSI>
      <KGmin>0.05</KGmin>
      <RangeKG>0.1</RangeKG>
      <AG>0.1</AG>
      <PERC>9.52487981338604</PERC>
      <Alpha>0</Alpha>
      <UZL>101.69056835586436</UZL>
      <K0>0.24369851207212151</K0>
      <K1>0.3447013597373641</K1>
      <K2>0.078458711406853579</K2>
      <MAXBAS>1.3412951301697329</MAXBAS>
      <Cet>0</Cet>
      <PCALT>10</PCALT>
      <TCALT>0.6</TCALT>
      <Pelev>3100</Pelev>
      <Telev>3100</Telev>
      <PART>0.5</PART>
      <DELAY>1</DELAY>
    </SubCatchmentParameters>
    <SubCatchmentVegetationZone>
      <SubCatchmentVegetationZoneParameters>
        <TT>2.0888567805130309</TT>
        <CFMAX>4.2855519401230486</CFMAX>
        <SP>0</SP>
        <SFCF>0.61451221980975257</SFCF>
        <CFR>0.060751763208950163</CFR>
        <CWH>0.10866743496862284</CWH>
        <CFGlacier>1</CFGlacier>
        <CFSlope>1</CFSlope>
        <FC>729.88224165845588</FC>
        <LP>0.72061350673481916</LP>
        <BETA>5.2472517859973351</BETA>
      </SubCatchmentVegetationZoneParameters>
    </SubCatchmentVegetationZone>
  </SubCatchment>
</Catchment>