<?xml version="1.0" encoding="utf-8"?>
<Catchment xmlns:xsi="http://www.w3.org/2001/XMLSchema-instance" xmlns:xsd="http://www.w3.org/2001/XMLSchema">
  <CatchmentParameters>
    <KSI>0.001</KSI>
    <KGmin>0.05</KGmin>
    <RangeKG>0.1</RangeKG>
    <AG>0.1</AG>
    <PERC>5.4294900239843846</PERC>
    <Alpha>0</Alpha>
    <UZL>28.706176823909512</UZL>
    <K0>0.079999204052606188</K0>
    <K1>0.38399056233467876</K1>
    <K2>0.096407957409056166</K2>
    <MAXBAS>1.2189536994358345</MAXBAS>
    <Cet>0</Cet>
    <PCALT>10</PCALT>
    <TCALT>0.6</TCALT>
    <Pelev>3100</Pelev>
    <Telev>3100</Telev>
    <PART>0.5</PART>
    <DELAY>1</DELAY>
  </CatchmentParameters>
  <VegetationZone>
    <VegetationZoneParameters>
      <TT>0.46184415364271758</TT>
      <CFMAX>2.4676196819630078</CFMAX>
      <SP>0</SP>
      <SFCF>0.95088767514893424</SFCF>
      <CFR>0.03309156001826162</CFR>
      <CWH>0.1165347523110585</CWH>
      <CFGlacier>1</CFGlacier>
      <CFSlope>1</CFSlope>
      <FC>401.47378916203684</FC>
      <LP>0.716293418028607</LP>
      <BETA>5.8704656609787582</BETA>
    </VegetationZoneParameters>
  </VegetationZone>
  <SubCatchment>
    <SubCatchmentParameters>
      <KSI>0.001</KSI>
      <KGmin>0.05</KGmin>
      <RangeKG>0.1</RangeKG>
      <AG>0.1</AG>
      <PERC>5.4294900239843846</PERC>
      <Alpha>0</Alpha>
      <UZL>28.706176823909512</UZL>
      <K0>0.079999204052606188</K0>
      <K1>0.38399056233467876</K1>
      <K2>0.096407957409056166</K2>
      <MAXBAS>1.2189536994358345</MAXBAS>
      <Cet>0</Cet>
      <PCALT>10</PCALT>
      <TCALT>0.6</TCALT>
      <Pelev>3100</Pelev>
      <Telev>3100</Telev>
      <PART>0.5</PART>
      <DELAY>1</DELAY>
    </SubCatchmentParameters>
    <SubCatchmentVegetationZone>
      <SubCatchmentVegetationZoneParameters>
        <TT>0.46184415364271758</TT>
        <CFMAX>2.4676196819630078</CFMAX>
        <SP>0</SP>
        <SFCF>0.95088767514893424</SFCF>
        <CFR>0.03309156001826162</CFR>
        <CWH>0.1165347523110585</CWH>
        <CFGlacier>1</CFGlacier>
        <CFSlope>1</CFSlope>
        <FC>401.47378916203684</FC>
        <LP>0.716293418028607</LP>
        <BETA>5.8704656609787582</BETA>
      </SubCatchmentVegetationZoneParameters>
    </SubCatchmentVegetationZone>
  </SubCatchment>
</Catchment>