<?xml version="1.0" encoding="utf-8"?>
<Catchment xmlns:xsi="http://www.w3.org/2001/XMLSchema-instance" xmlns:xsd="http://www.w3.org/2001/XMLSchema">
  <CatchmentParameters>
    <KSI>0.001</KSI>
    <KGmin>0.05</KGmin>
    <RangeKG>0.1</RangeKG>
    <AG>0.1</AG>
    <PERC>7.0476875665623382</PERC>
    <Alpha>0</Alpha>
    <UZL>141.90013190471242</UZL>
    <K0>0.27247758256531812</K0>
    <K1>0.17360316906929701</K1>
    <K2>0.0537764245635579</K2>
    <MAXBAS>1.2093909594504706</MAXBAS>
    <Cet>0</Cet>
    <PCALT>10</PCALT>
    <TCALT>0.6</TCALT>
    <Pelev>3100</Pelev>
    <Telev>3100</Telev>
    <PART>0.5</PART>
    <DELAY>1</DELAY>
  </CatchmentParameters>
  <VegetationZone>
    <VegetationZoneParameters>
      <TT>1.997380541864983</TT>
      <CFMAX>2.7359002898282272</CFMAX>
      <SP>0</SP>
      <SFCF>0.57441766935730831</SFCF>
      <CFR>0.060695639805649876</CFR>
      <CWH>0.13209264010012758</CWH>
      <CFGlacier>1</CFGlacier>
      <CFSlope>1</CFSlope>
      <FC>743.51685447083764</FC>
      <LP>0.32164798573749642</LP>
      <BETA>5.7513370613424479</BETA>
    </VegetationZoneParameters>
  </VegetationZone>
  <SubCatchment>
    <SubCatchmentParameters>
      <KSI>0.001</KSI>
      <KGmin>0.05</KGmin>
      <RangeKG>0.1</RangeKG>
      <AG>0.1</AG>
      <PERC>7.0476875665623382</PERC>
      <Alpha>0</Alpha>
      <UZL>141.90013190471242</UZL>
      <K0>0.27247758256531812</K0>
      <K1>0.17360316906929701</K1>
      <K2>0.0537764245635579</K2>
      <MAXBAS>1.2093909594504706</MAXBAS>
      <Cet>0</Cet>
      <PCALT>10</PCALT>
      <TCALT>0.6</TCALT>
      <Pelev>3100</Pelev>
      <Telev>3100</Telev>
      <PART>0.5</PART>
      <DELAY>1</DELAY>
    </SubCatchmentParameters>
    <SubCatchmentVegetationZone>
      <SubCatchmentVegetationZoneParameters>
        <TT>1.997380541864983</TT>
        <CFMAX>2.7359002898282272</CFMAX>
        <SP>0</SP>
        <SFCF>0.57441766935730831</SFCF>
        <CFR>0.060695639805649876</CFR>
        <CWH>0.13209264010012758</CWH>
        <CFGlacier>1</CFGlacier>
        <CFSlope>1</CFSlope>
        <FC>743.51685447083764</FC>
        <LP>0.32164798573749642</LP>
        <BETA>5.7513370613424479</BETA>
      </SubCatchmentVegetationZoneParameters>
    </SubCatchmentVegetationZone>
  </SubCatchment>
</Catchment>