<?xml version="1.0" encoding="utf-8"?>
<Catchment xmlns:xsi="http://www.w3.org/2001/XMLSchema-instance" xmlns:xsd="http://www.w3.org/2001/XMLSchema">
  <CatchmentParameters>
    <KSI>0.001</KSI>
    <KGmin>0.05</KGmin>
    <RangeKG>0.1</RangeKG>
    <AG>0.1</AG>
    <PERC>4.6928737600934438</PERC>
    <Alpha>0</Alpha>
    <UZL>48.374489366945092</UZL>
    <K0>0.51597732963413956</K0>
    <K1>0.369218352051491</K1>
    <K2>0.091955491997959313</K2>
    <MAXBAS>1.5158591204877259</MAXBAS>
    <Cet>0</Cet>
    <PCALT>10</PCALT>
    <TCALT>0.6</TCALT>
    <Pelev>3100</Pelev>
    <Telev>3100</Telev>
    <PART>0.5</PART>
    <DELAY>1</DELAY>
  </CatchmentParameters>
  <VegetationZone>
    <VegetationZoneParameters>
      <TT>2.312134934249515</TT>
      <CFMAX>4.9869995999322807</CFMAX>
      <SP>0</SP>
      <SFCF>0.98288904106592523</SFCF>
      <CFR>0.065263161767335584</CFR>
      <CWH>0.16124392945936647</CWH>
      <CFGlacier>1</CFGlacier>
      <CFSlope>1</CFSlope>
      <FC>415.65518360856322</FC>
      <LP>0.55538533921155209</LP>
      <BETA>5.83972329795726</BETA>
    </VegetationZoneParameters>
  </VegetationZone>
  <SubCatchment>
    <SubCatchmentParameters>
      <KSI>0.001</KSI>
      <KGmin>0.05</KGmin>
      <RangeKG>0.1</RangeKG>
      <AG>0.1</AG>
      <PERC>4.6928737600934438</PERC>
      <Alpha>0</Alpha>
      <UZL>48.374489366945092</UZL>
      <K0>0.51597732963413956</K0>
      <K1>0.369218352051491</K1>
      <K2>0.091955491997959313</K2>
      <MAXBAS>1.5158591204877259</MAXBAS>
      <Cet>0</Cet>
      <PCALT>10</PCALT>
      <TCALT>0.6</TCALT>
      <Pelev>3100</Pelev>
      <Telev>3100</Telev>
      <PART>0.5</PART>
      <DELAY>1</DELAY>
    </SubCatchmentParameters>
    <SubCatchmentVegetationZone>
      <SubCatchmentVegetationZoneParameters>
        <TT>2.312134934249515</TT>
        <CFMAX>4.9869995999322807</CFMAX>
        <SP>0</SP>
        <SFCF>0.98288904106592523</SFCF>
        <CFR>0.065263161767335584</CFR>
        <CWH>0.16124392945936647</CWH>
        <CFGlacier>1</CFGlacier>
        <CFSlope>1</CFSlope>
        <FC>415.65518360856322</FC>
        <LP>0.55538533921155209</LP>
        <BETA>5.83972329795726</BETA>
      </SubCatchmentVegetationZoneParameters>
    </SubCatchmentVegetationZone>
  </SubCatchment>
</Catchment>