<?xml version="1.0" encoding="utf-8"?>
<Catchment xmlns:xsi="http://www.w3.org/2001/XMLSchema-instance" xmlns:xsd="http://www.w3.org/2001/XMLSchema">
  <CatchmentParameters>
    <KSI>0.001</KSI>
    <KGmin>0.05</KGmin>
    <RangeKG>0.1</RangeKG>
    <AG>0.1</AG>
    <PERC>6.57267814070735</PERC>
    <Alpha>0</Alpha>
    <UZL>168.26022233298696</UZL>
    <K0>0.53922784106049859</K0>
    <K1>0.40410280119069597</K1>
    <K2>0.1155336107490775</K2>
    <MAXBAS>1.599137239704139</MAXBAS>
    <Cet>0</Cet>
    <PCALT>10</PCALT>
    <TCALT>0.6</TCALT>
    <Pelev>3100</Pelev>
    <Telev>3100</Telev>
    <PART>0.5</PART>
    <DELAY>1</DELAY>
  </CatchmentParameters>
  <VegetationZone>
    <VegetationZoneParameters>
      <TT>0.90775797903627264</TT>
      <CFMAX>4.2365368669274428</CFMAX>
      <SP>0</SP>
      <SFCF>0.76492443010713607</SFCF>
      <CFR>0.047672061628284614</CFR>
      <CWH>0.14120936691934091</CWH>
      <CFGlacier>1</CFGlacier>
      <CFSlope>1</CFSlope>
      <FC>795.1116454224258</FC>
      <LP>0.61053110554348144</LP>
      <BETA>5.6939075467546409</BETA>
    </VegetationZoneParameters>
  </VegetationZone>
  <SubCatchment>
    <SubCatchmentParameters>
      <KSI>0.001</KSI>
      <KGmin>0.05</KGmin>
      <RangeKG>0.1</RangeKG>
      <AG>0.1</AG>
      <PERC>6.57267814070735</PERC>
      <Alpha>0</Alpha>
      <UZL>168.26022233298696</UZL>
      <K0>0.53922784106049859</K0>
      <K1>0.40410280119069597</K1>
      <K2>0.1155336107490775</K2>
      <MAXBAS>1.599137239704139</MAXBAS>
      <Cet>0</Cet>
      <PCALT>10</PCALT>
      <TCALT>0.6</TCALT>
      <Pelev>3100</Pelev>
      <Telev>3100</Telev>
      <PART>0.5</PART>
      <DELAY>1</DELAY>
    </SubCatchmentParameters>
    <SubCatchmentVegetationZone>
      <SubCatchmentVegetationZoneParameters>
        <TT>0.90775797903627264</TT>
        <CFMAX>4.2365368669274428</CFMAX>
        <SP>0</SP>
        <SFCF>0.76492443010713607</SFCF>
        <CFR>0.047672061628284614</CFR>
        <CWH>0.14120936691934091</CWH>
        <CFGlacier>1</CFGlacier>
        <CFSlope>1</CFSlope>
        <FC>795.1116454224258</FC>
        <LP>0.61053110554348144</LP>
        <BETA>5.6939075467546409</BETA>
      </SubCatchmentVegetationZoneParameters>
    </SubCatchmentVegetationZone>
  </SubCatchment>
</Catchment>