<?xml version="1.0" encoding="utf-8"?>
<Catchment xmlns:xsi="http://www.w3.org/2001/XMLSchema-instance" xmlns:xsd="http://www.w3.org/2001/XMLSchema">
  <CatchmentParameters>
    <KSI>0.001</KSI>
    <KGmin>0.05</KGmin>
    <RangeKG>0.1</RangeKG>
    <AG>0.1</AG>
    <PERC>3.8066764268804252</PERC>
    <Alpha>0</Alpha>
    <UZL>109.084080847758</UZL>
    <K0>0.27500121994726334</K0>
    <K1>0.34746521624951765</K1>
    <K2>0.011011425233071691</K2>
    <MAXBAS>1</MAXBAS>
    <Cet>0</Cet>
    <PCALT>10</PCALT>
    <TCALT>0.6</TCALT>
    <Pelev>3100</Pelev>
    <Telev>3100</Telev>
    <PART>0.5</PART>
    <DELAY>1</DELAY>
  </CatchmentParameters>
  <VegetationZone>
    <VegetationZoneParameters>
      <TT>-0.80001330380742919</TT>
      <CFMAX>2.58168908400149</CFMAX>
      <SP>0</SP>
      <SFCF>0.67166394635166715</SFCF>
      <CFR>0.043728484890115077</CFR>
      <CWH>0.12431832200730883</CWH>
      <CFGlacier>1</CFGlacier>
      <CFSlope>1</CFSlope>
      <FC>623.9458978165236</FC>
      <LP>0.58167102204351917</LP>
      <BETA>2.8094743419771415</BETA>
    </VegetationZoneParameters>
  </VegetationZone>
  <SubCatchment>
    <SubCatchmentParameters>
      <KSI>0.001</KSI>
      <KGmin>0.05</KGmin>
      <RangeKG>0.1</RangeKG>
      <AG>0.1</AG>
      <PERC>3.8066764268804252</PERC>
      <Alpha>0</Alpha>
      <UZL>109.084080847758</UZL>
      <K0>0.27500121994726334</K0>
      <K1>0.34746521624951765</K1>
      <K2>0.011011425233071691</K2>
      <MAXBAS>1</MAXBAS>
      <Cet>0</Cet>
      <PCALT>10</PCALT>
      <TCALT>0.6</TCALT>
      <Pelev>3100</Pelev>
      <Telev>3100</Telev>
      <PART>0.5</PART>
      <DELAY>1</DELAY>
    </SubCatchmentParameters>
    <SubCatchmentVegetationZone>
      <SubCatchmentVegetationZoneParameters>
        <TT>-0.80001330380742919</TT>
        <CFMAX>2.58168908400149</CFMAX>
        <SP>0</SP>
        <SFCF>0.67166394635166715</SFCF>
        <CFR>0.043728484890115077</CFR>
        <CWH>0.12431832200730883</CWH>
        <CFGlacier>1</CFGlacier>
        <CFSlope>1</CFSlope>
        <FC>623.9458978165236</FC>
        <LP>0.58167102204351917</LP>
        <BETA>2.8094743419771415</BETA>
      </SubCatchmentVegetationZoneParameters>
    </SubCatchmentVegetationZone>
  </SubCatchment>
</Catchment>