<?xml version="1.0" encoding="utf-8"?>
<Catchment xmlns:xsi="http://www.w3.org/2001/XMLSchema-instance" xmlns:xsd="http://www.w3.org/2001/XMLSchema">
  <CatchmentParameters>
    <KSI>0.001</KSI>
    <KGmin>0.05</KGmin>
    <RangeKG>0.1</RangeKG>
    <AG>0.1</AG>
    <PERC>9.3009936217501</PERC>
    <Alpha>0</Alpha>
    <UZL>121.54682132137172</UZL>
    <K0>0.35682870023134505</K0>
    <K1>0.31193155829689118</K1>
    <K2>0.10672940775934332</K2>
    <MAXBAS>1.8346759534578685</MAXBAS>
    <Cet>0</Cet>
    <PCALT>10</PCALT>
    <TCALT>0.6</TCALT>
    <Pelev>3100</Pelev>
    <Telev>3100</Telev>
    <PART>0.5</PART>
    <DELAY>1</DELAY>
  </CatchmentParameters>
  <VegetationZone>
    <VegetationZoneParameters>
      <TT>2.011624773773895</TT>
      <CFMAX>4.7884561695167669</CFMAX>
      <SP>0</SP>
      <SFCF>1.0605573384403313</SFCF>
      <CFR>0.013154444614606161</CFR>
      <CWH>0.14326351248160768</CWH>
      <CFGlacier>1</CFGlacier>
      <CFSlope>1</CFSlope>
      <FC>705.62057263548843</FC>
      <LP>0.69261716769464288</LP>
      <BETA>5.0861969983863062</BETA>
    </VegetationZoneParameters>
  </VegetationZone>
  <SubCatchment>
    <SubCatchmentParameters>
      <KSI>0.001</KSI>
      <KGmin>0.05</KGmin>
      <RangeKG>0.1</RangeKG>
      <AG>0.1</AG>
      <PERC>9.3009936217501</PERC>
      <Alpha>0</Alpha>
      <UZL>121.54682132137172</UZL>
      <K0>0.35682870023134505</K0>
      <K1>0.31193155829689118</K1>
      <K2>0.10672940775934332</K2>
      <MAXBAS>1.8346759534578685</MAXBAS>
      <Cet>0</Cet>
      <PCALT>10</PCALT>
      <TCALT>0.6</TCALT>
      <Pelev>3100</Pelev>
      <Telev>3100</Telev>
      <PART>0.5</PART>
      <DELAY>1</DELAY>
    </SubCatchmentParameters>
    <SubCatchmentVegetationZone>
      <SubCatchmentVegetationZoneParameters>
        <TT>2.011624773773895</TT>
        <CFMAX>4.7884561695167669</CFMAX>
        <SP>0</SP>
        <SFCF>1.0605573384403313</SFCF>
        <CFR>0.013154444614606161</CFR>
        <CWH>0.14326351248160768</CWH>
        <CFGlacier>1</CFGlacier>
        <CFSlope>1</CFSlope>
        <FC>705.62057263548843</FC>
        <LP>0.69261716769464288</LP>
        <BETA>5.0861969983863062</BETA>
      </SubCatchmentVegetationZoneParameters>
    </SubCatchmentVegetationZone>
  </SubCatchment>
</Catchment>