<?xml version="1.0" encoding="utf-8"?>
<Catchment xmlns:xsi="http://www.w3.org/2001/XMLSchema-instance" xmlns:xsd="http://www.w3.org/2001/XMLSchema">
  <CatchmentParameters>
    <KSI>0.001</KSI>
    <KGmin>0.05</KGmin>
    <RangeKG>0.1</RangeKG>
    <AG>0.1</AG>
    <PERC>9.0247346876021624</PERC>
    <Alpha>0</Alpha>
    <UZL>118.7908711600259</UZL>
    <K0>0.28635403165252687</K0>
    <K1>0.37961450176034972</K1>
    <K2>0.0880988482395757</K2>
    <MAXBAS>1.401070623981632</MAXBAS>
    <Cet>0</Cet>
    <PCALT>10</PCALT>
    <TCALT>0.6</TCALT>
    <Pelev>3100</Pelev>
    <Telev>3100</Telev>
    <PART>0.5</PART>
    <DELAY>1</DELAY>
  </CatchmentParameters>
  <VegetationZone>
    <VegetationZoneParameters>
      <TT>2.3601126989640706</TT>
      <CFMAX>4.9631427842832974</CFMAX>
      <SP>0</SP>
      <SFCF>0.92761550364655476</SFCF>
      <CFR>0.040130560712400579</CFR>
      <CWH>0.14696720195489976</CWH>
      <CFGlacier>1</CFGlacier>
      <CFSlope>1</CFSlope>
      <FC>502.65740499890387</FC>
      <LP>0.64048016397155927</LP>
      <BETA>5.4072979141909743</BETA>
    </VegetationZoneParameters>
  </VegetationZone>
  <SubCatchment>
    <SubCatchmentParameters>
      <KSI>0.001</KSI>
      <KGmin>0.05</KGmin>
      <RangeKG>0.1</RangeKG>
      <AG>0.1</AG>
      <PERC>9.0247346876021624</PERC>
      <Alpha>0</Alpha>
      <UZL>118.7908711600259</UZL>
      <K0>0.28635403165252687</K0>
      <K1>0.37961450176034972</K1>
      <K2>0.0880988482395757</K2>
      <MAXBAS>1.401070623981632</MAXBAS>
      <Cet>0</Cet>
      <PCALT>10</PCALT>
      <TCALT>0.6</TCALT>
      <Pelev>3100</Pelev>
      <Telev>3100</Telev>
      <PART>0.5</PART>
      <DELAY>1</DELAY>
    </SubCatchmentParameters>
    <SubCatchmentVegetationZone>
      <SubCatchmentVegetationZoneParameters>
        <TT>2.3601126989640706</TT>
        <CFMAX>4.9631427842832974</CFMAX>
        <SP>0</SP>
        <SFCF>0.92761550364655476</SFCF>
        <CFR>0.040130560712400579</CFR>
        <CWH>0.14696720195489976</CWH>
        <CFGlacier>1</CFGlacier>
        <CFSlope>1</CFSlope>
        <FC>502.65740499890387</FC>
        <LP>0.64048016397155927</LP>
        <BETA>5.4072979141909743</BETA>
      </SubCatchmentVegetationZoneParameters>
    </SubCatchmentVegetationZone>
  </SubCatchment>
</Catchment>