<?xml version="1.0" encoding="utf-8"?>
<Catchment xmlns:xsi="http://www.w3.org/2001/XMLSchema-instance" xmlns:xsd="http://www.w3.org/2001/XMLSchema">
  <CatchmentParameters>
    <KSI>0.001</KSI>
    <KGmin>0.05</KGmin>
    <RangeKG>0.1</RangeKG>
    <AG>0.1</AG>
    <PERC>3.9589407883168439</PERC>
    <Alpha>0</Alpha>
    <UZL>103.28981904080047</UZL>
    <K0>0.55020241745441134</K0>
    <K1>0.25278232907926751</K1>
    <K2>0.010395122613177821</K2>
    <MAXBAS>1</MAXBAS>
    <Cet>0</Cet>
    <PCALT>10</PCALT>
    <TCALT>0.6</TCALT>
    <Pelev>3100</Pelev>
    <Telev>3100</Telev>
    <PART>0.5</PART>
    <DELAY>1</DELAY>
  </CatchmentParameters>
  <VegetationZone>
    <VegetationZoneParameters>
      <TT>-1.1306057098131497</TT>
      <CFMAX>2.9645958411456688</CFMAX>
      <SP>0</SP>
      <SFCF>0.86309464784046508</SFCF>
      <CFR>0.058606310431989092</CFR>
      <CWH>0.15225258386564311</CWH>
      <CFGlacier>1</CFGlacier>
      <CFSlope>1</CFSlope>
      <FC>745.52722216053576</FC>
      <LP>0.49895368849322386</LP>
      <BETA>2.8480516190596559</BETA>
    </VegetationZoneParameters>
  </VegetationZone>
  <SubCatchment>
    <SubCatchmentParameters>
      <KSI>0.001</KSI>
      <KGmin>0.05</KGmin>
      <RangeKG>0.1</RangeKG>
      <AG>0.1</AG>
      <PERC>3.9589407883168439</PERC>
      <Alpha>0</Alpha>
      <UZL>103.28981904080047</UZL>
      <K0>0.55020241745441134</K0>
      <K1>0.25278232907926751</K1>
      <K2>0.010395122613177821</K2>
      <MAXBAS>1</MAXBAS>
      <Cet>0</Cet>
      <PCALT>10</PCALT>
      <TCALT>0.6</TCALT>
      <Pelev>3100</Pelev>
      <Telev>3100</Telev>
      <PART>0.5</PART>
      <DELAY>1</DELAY>
    </SubCatchmentParameters>
    <SubCatchmentVegetationZone>
      <SubCatchmentVegetationZoneParameters>
        <TT>-1.1306057098131497</TT>
        <CFMAX>2.9645958411456688</CFMAX>
        <SP>0</SP>
        <SFCF>0.86309464784046508</SFCF>
        <CFR>0.058606310431989092</CFR>
        <CWH>0.15225258386564311</CWH>
        <CFGlacier>1</CFGlacier>
        <CFSlope>1</CFSlope>
        <FC>745.52722216053576</FC>
        <LP>0.49895368849322386</LP>
        <BETA>2.8480516190596559</BETA>
      </SubCatchmentVegetationZoneParameters>
    </SubCatchmentVegetationZone>
  </SubCatchment>
</Catchment>