<?xml version="1.0" encoding="utf-8"?>
<Catchment xmlns:xsi="http://www.w3.org/2001/XMLSchema-instance" xmlns:xsd="http://www.w3.org/2001/XMLSchema">
  <CatchmentParameters>
    <KSI>0.001</KSI>
    <KGmin>0.05</KGmin>
    <RangeKG>0.1</RangeKG>
    <AG>0.1</AG>
    <PERC>1.7831298925369001</PERC>
    <Alpha>0</Alpha>
    <UZL>170.57946214822016</UZL>
    <K0>0.22143694050751589</K0>
    <K1>0.050130315209889871</K1>
    <K2>0.010000180934928486</K2>
    <MAXBAS>1</MAXBAS>
    <Cet>0</Cet>
    <PCALT>10</PCALT>
    <TCALT>0.6</TCALT>
    <Pelev>3100</Pelev>
    <Telev>3100</Telev>
    <PART>0.5</PART>
    <DELAY>1</DELAY>
  </CatchmentParameters>
  <VegetationZone>
    <VegetationZoneParameters>
      <TT>0.065646700421319676</TT>
      <CFMAX>3.933822690555703</CFMAX>
      <SP>0</SP>
      <SFCF>0.74621826322840157</SFCF>
      <CFR>0.034599441825089908</CFR>
      <CWH>0.10101884053631229</CWH>
      <CFGlacier>1</CFGlacier>
      <CFSlope>1</CFSlope>
      <FC>668.63651407107852</FC>
      <LP>0.65251848108116162</LP>
      <BETA>3.5547903406210506</BETA>
    </VegetationZoneParameters>
  </VegetationZone>
  <SubCatchment>
    <SubCatchmentParameters>
      <KSI>0.001</KSI>
      <KGmin>0.05</KGmin>
      <RangeKG>0.1</RangeKG>
      <AG>0.1</AG>
      <PERC>1.7831298925369001</PERC>
      <Alpha>0</Alpha>
      <UZL>170.57946214822016</UZL>
      <K0>0.22143694050751589</K0>
      <K1>0.050130315209889871</K1>
      <K2>0.010000180934928486</K2>
      <MAXBAS>1</MAXBAS>
      <Cet>0</Cet>
      <PCALT>10</PCALT>
      <TCALT>0.6</TCALT>
      <Pelev>3100</Pelev>
      <Telev>3100</Telev>
      <PART>0.5</PART>
      <DELAY>1</DELAY>
    </SubCatchmentParameters>
    <SubCatchmentVegetationZone>
      <SubCatchmentVegetationZoneParameters>
        <TT>0.065646700421319676</TT>
        <CFMAX>3.933822690555703</CFMAX>
        <SP>0</SP>
        <SFCF>0.74621826322840157</SFCF>
        <CFR>0.034599441825089908</CFR>
        <CWH>0.10101884053631229</CWH>
        <CFGlacier>1</CFGlacier>
        <CFSlope>1</CFSlope>
        <FC>668.63651407107852</FC>
        <LP>0.65251848108116162</LP>
        <BETA>3.5547903406210506</BETA>
      </SubCatchmentVegetationZoneParameters>
    </SubCatchmentVegetationZone>
  </SubCatchment>
</Catchment>