<?xml version="1.0" encoding="utf-8"?>
<Catchment xmlns:xsi="http://www.w3.org/2001/XMLSchema-instance" xmlns:xsd="http://www.w3.org/2001/XMLSchema">
  <CatchmentParameters>
    <KSI>0.001</KSI>
    <KGmin>0.05</KGmin>
    <RangeKG>0.1</RangeKG>
    <AG>0.1</AG>
    <PERC>7.5182558927406822</PERC>
    <Alpha>0</Alpha>
    <UZL>155.73652596887834</UZL>
    <K0>0.460861035536728</K0>
    <K1>0.4152261542053971</K1>
    <K2>0.1065765255945811</K2>
    <MAXBAS>1.35289548474254</MAXBAS>
    <Cet>0</Cet>
    <PCALT>10</PCALT>
    <TCALT>0.6</TCALT>
    <Pelev>3100</Pelev>
    <Telev>3100</Telev>
    <PART>0.5</PART>
    <DELAY>1</DELAY>
  </CatchmentParameters>
  <VegetationZone>
    <VegetationZoneParameters>
      <TT>2.0465675361366844</TT>
      <CFMAX>4.5835095247476918</CFMAX>
      <SP>0</SP>
      <SFCF>0.97826134437230816</SFCF>
      <CFR>0.058863624007132555</CFR>
      <CWH>0.13564826040954442</CWH>
      <CFGlacier>1</CFGlacier>
      <CFSlope>1</CFSlope>
      <FC>610.16814932600323</FC>
      <LP>0.615616376845712</LP>
      <BETA>4.0697766861454721</BETA>
    </VegetationZoneParameters>
  </VegetationZone>
  <SubCatchment>
    <SubCatchmentParameters>
      <KSI>0.001</KSI>
      <KGmin>0.05</KGmin>
      <RangeKG>0.1</RangeKG>
      <AG>0.1</AG>
      <PERC>7.5182558927406822</PERC>
      <Alpha>0</Alpha>
      <UZL>155.73652596887834</UZL>
      <K0>0.460861035536728</K0>
      <K1>0.4152261542053971</K1>
      <K2>0.1065765255945811</K2>
      <MAXBAS>1.35289548474254</MAXBAS>
      <Cet>0</Cet>
      <PCALT>10</PCALT>
      <TCALT>0.6</TCALT>
      <Pelev>3100</Pelev>
      <Telev>3100</Telev>
      <PART>0.5</PART>
      <DELAY>1</DELAY>
    </SubCatchmentParameters>
    <SubCatchmentVegetationZone>
      <SubCatchmentVegetationZoneParameters>
        <TT>2.0465675361366844</TT>
        <CFMAX>4.5835095247476918</CFMAX>
        <SP>0</SP>
        <SFCF>0.97826134437230816</SFCF>
        <CFR>0.058863624007132555</CFR>
        <CWH>0.13564826040954442</CWH>
        <CFGlacier>1</CFGlacier>
        <CFSlope>1</CFSlope>
        <FC>610.16814932600323</FC>
        <LP>0.615616376845712</LP>
        <BETA>4.0697766861454721</BETA>
      </SubCatchmentVegetationZoneParameters>
    </SubCatchmentVegetationZone>
  </SubCatchment>
</Catchment>