<?xml version="1.0" encoding="utf-8"?>
<Catchment xmlns:xsi="http://www.w3.org/2001/XMLSchema-instance" xmlns:xsd="http://www.w3.org/2001/XMLSchema">
  <CatchmentParameters>
    <KSI>0.001</KSI>
    <KGmin>0.05</KGmin>
    <RangeKG>0.1</RangeKG>
    <AG>0.1</AG>
    <PERC>8.8626703655000334</PERC>
    <Alpha>0</Alpha>
    <UZL>8.0889392203302179</UZL>
    <K0>0.28280618686970282</K0>
    <K1>0.15879902566955484</K1>
    <K2>0.041167858452519863</K2>
    <MAXBAS>2.0038628922758934</MAXBAS>
    <Cet>0</Cet>
    <PCALT>10</PCALT>
    <TCALT>0.6</TCALT>
    <Pelev>3100</Pelev>
    <Telev>3100</Telev>
    <PART>0.5</PART>
    <DELAY>1</DELAY>
  </CatchmentParameters>
  <VegetationZone>
    <VegetationZoneParameters>
      <TT>2.1088400601429877</TT>
      <CFMAX>2.3927390181912527</CFMAX>
      <SP>0</SP>
      <SFCF>1.0079469776566461</SFCF>
      <CFR>0.072242253476171567</CFR>
      <CWH>0.1382149960926389</CWH>
      <CFGlacier>1</CFGlacier>
      <CFSlope>1</CFSlope>
      <FC>600.83492982577116</FC>
      <LP>0.6117791292200554</LP>
      <BETA>5.4404828768555742</BETA>
    </VegetationZoneParameters>
  </VegetationZone>
  <SubCatchment>
    <SubCatchmentParameters>
      <KSI>0.001</KSI>
      <KGmin>0.05</KGmin>
      <RangeKG>0.1</RangeKG>
      <AG>0.1</AG>
      <PERC>8.8626703655000334</PERC>
      <Alpha>0</Alpha>
      <UZL>8.0889392203302179</UZL>
      <K0>0.28280618686970282</K0>
      <K1>0.15879902566955484</K1>
      <K2>0.041167858452519863</K2>
      <MAXBAS>2.0038628922758934</MAXBAS>
      <Cet>0</Cet>
      <PCALT>10</PCALT>
      <TCALT>0.6</TCALT>
      <Pelev>3100</Pelev>
      <Telev>3100</Telev>
      <PART>0.5</PART>
      <DELAY>1</DELAY>
    </SubCatchmentParameters>
    <SubCatchmentVegetationZone>
      <SubCatchmentVegetationZoneParameters>
        <TT>2.1088400601429877</TT>
        <CFMAX>2.3927390181912527</CFMAX>
        <SP>0</SP>
        <SFCF>1.0079469776566461</SFCF>
        <CFR>0.072242253476171567</CFR>
        <CWH>0.1382149960926389</CWH>
        <CFGlacier>1</CFGlacier>
        <CFSlope>1</CFSlope>
        <FC>600.83492982577116</FC>
        <LP>0.6117791292200554</LP>
        <BETA>5.4404828768555742</BETA>
      </SubCatchmentVegetationZoneParameters>
    </SubCatchmentVegetationZone>
  </SubCatchment>
</Catchment>