<?xml version="1.0" encoding="utf-8"?>
<Catchment xmlns:xsi="http://www.w3.org/2001/XMLSchema-instance" xmlns:xsd="http://www.w3.org/2001/XMLSchema">
  <CatchmentParameters>
    <KSI>0.001</KSI>
    <KGmin>0.05</KGmin>
    <RangeKG>0.1</RangeKG>
    <AG>0.1</AG>
    <PERC>9.898305764189411</PERC>
    <Alpha>0</Alpha>
    <UZL>114.02600527040822</UZL>
    <K0>0.54483451545471473</K0>
    <K1>0.3345474288112566</K1>
    <K2>0.11377106483687062</K2>
    <MAXBAS>1.5997325996940135</MAXBAS>
    <Cet>0</Cet>
    <PCALT>10</PCALT>
    <TCALT>0.6</TCALT>
    <Pelev>3100</Pelev>
    <Telev>3100</Telev>
    <PART>0.5</PART>
    <DELAY>1</DELAY>
  </CatchmentParameters>
  <VegetationZone>
    <VegetationZoneParameters>
      <TT>1.3649036638025183</TT>
      <CFMAX>4.307893895129415</CFMAX>
      <SP>0</SP>
      <SFCF>0.89171194584655156</SFCF>
      <CFR>0.068235390750106484</CFR>
      <CWH>0.13590971448283631</CWH>
      <CFGlacier>1</CFGlacier>
      <CFSlope>1</CFSlope>
      <FC>704.91289835408645</FC>
      <LP>0.50482081748989871</LP>
      <BETA>5.2793108172221492</BETA>
    </VegetationZoneParameters>
  </VegetationZone>
  <SubCatchment>
    <SubCatchmentParameters>
      <KSI>0.001</KSI>
      <KGmin>0.05</KGmin>
      <RangeKG>0.1</RangeKG>
      <AG>0.1</AG>
      <PERC>9.898305764189411</PERC>
      <Alpha>0</Alpha>
      <UZL>114.02600527040822</UZL>
      <K0>0.54483451545471473</K0>
      <K1>0.3345474288112566</K1>
      <K2>0.11377106483687062</K2>
      <MAXBAS>1.5997325996940135</MAXBAS>
      <Cet>0</Cet>
      <PCALT>10</PCALT>
      <TCALT>0.6</TCALT>
      <Pelev>3100</Pelev>
      <Telev>3100</Telev>
      <PART>0.5</PART>
      <DELAY>1</DELAY>
    </SubCatchmentParameters>
    <SubCatchmentVegetationZone>
      <SubCatchmentVegetationZoneParameters>
        <TT>1.3649036638025183</TT>
        <CFMAX>4.307893895129415</CFMAX>
        <SP>0</SP>
        <SFCF>0.89171194584655156</SFCF>
        <CFR>0.068235390750106484</CFR>
        <CWH>0.13590971448283631</CWH>
        <CFGlacier>1</CFGlacier>
        <CFSlope>1</CFSlope>
        <FC>704.91289835408645</FC>
        <LP>0.50482081748989871</LP>
        <BETA>5.2793108172221492</BETA>
      </SubCatchmentVegetationZoneParameters>
    </SubCatchmentVegetationZone>
  </SubCatchment>
</Catchment>