<?xml version="1.0" encoding="utf-8"?>
<Catchment xmlns:xsi="http://www.w3.org/2001/XMLSchema-instance" xmlns:xsd="http://www.w3.org/2001/XMLSchema">
  <CatchmentParameters>
    <KSI>0.001</KSI>
    <KGmin>0.05</KGmin>
    <RangeKG>0.1</RangeKG>
    <AG>0.1</AG>
    <PERC>1.9777945198995484</PERC>
    <Alpha>0</Alpha>
    <UZL>167.09583775939996</UZL>
    <K0>0.54401199289153845</K0>
    <K1>0.049317309609241307</K1>
    <K2>0.010109290013102868</K2>
    <MAXBAS>1</MAXBAS>
    <Cet>0</Cet>
    <PCALT>10</PCALT>
    <TCALT>0.6</TCALT>
    <Pelev>3100</Pelev>
    <Telev>3100</Telev>
    <PART>0.5</PART>
    <DELAY>1</DELAY>
  </CatchmentParameters>
  <VegetationZone>
    <VegetationZoneParameters>
      <TT>-0.13939492455733177</TT>
      <CFMAX>4.0836210110962563</CFMAX>
      <SP>0</SP>
      <SFCF>0.816937619278721</SFCF>
      <CFR>0.041187937441846977</CFR>
      <CWH>0.10000000002617376</CWH>
      <CFGlacier>1</CFGlacier>
      <CFSlope>1</CFSlope>
      <FC>731.5606289403712</FC>
      <LP>0.56789678966680346</LP>
      <BETA>3.1088773549858386</BETA>
    </VegetationZoneParameters>
  </VegetationZone>
  <SubCatchment>
    <SubCatchmentParameters>
      <KSI>0.001</KSI>
      <KGmin>0.05</KGmin>
      <RangeKG>0.1</RangeKG>
      <AG>0.1</AG>
      <PERC>1.9777945198995484</PERC>
      <Alpha>0</Alpha>
      <UZL>167.09583775939996</UZL>
      <K0>0.54401199289153845</K0>
      <K1>0.049317309609241307</K1>
      <K2>0.010109290013102868</K2>
      <MAXBAS>1</MAXBAS>
      <Cet>0</Cet>
      <PCALT>10</PCALT>
      <TCALT>0.6</TCALT>
      <Pelev>3100</Pelev>
      <Telev>3100</Telev>
      <PART>0.5</PART>
      <DELAY>1</DELAY>
    </SubCatchmentParameters>
    <SubCatchmentVegetationZone>
      <SubCatchmentVegetationZoneParameters>
        <TT>-0.13939492455733177</TT>
        <CFMAX>4.0836210110962563</CFMAX>
        <SP>0</SP>
        <SFCF>0.816937619278721</SFCF>
        <CFR>0.041187937441846977</CFR>
        <CWH>0.10000000002617376</CWH>
        <CFGlacier>1</CFGlacier>
        <CFSlope>1</CFSlope>
        <FC>731.5606289403712</FC>
        <LP>0.56789678966680346</LP>
        <BETA>3.1088773549858386</BETA>
      </SubCatchmentVegetationZoneParameters>
    </SubCatchmentVegetationZone>
  </SubCatchment>
</Catchment>