<?xml version="1.0" encoding="utf-8"?>
<Catchment xmlns:xsi="http://www.w3.org/2001/XMLSchema-instance" xmlns:xsd="http://www.w3.org/2001/XMLSchema">
  <CatchmentParameters>
    <KSI>0.001</KSI>
    <KGmin>0.05</KGmin>
    <RangeKG>0.1</RangeKG>
    <AG>0.1</AG>
    <PERC>9.8891813717601575</PERC>
    <Alpha>0</Alpha>
    <UZL>125.59872848113756</UZL>
    <K0>0.52619949189996185</K0>
    <K1>0.0743839365930748</K1>
    <K2>0.11592182772626597</K2>
    <MAXBAS>1.2758532932659175</MAXBAS>
    <Cet>0</Cet>
    <PCALT>10</PCALT>
    <TCALT>0.6</TCALT>
    <Pelev>3100</Pelev>
    <Telev>3100</Telev>
    <PART>0.5</PART>
    <DELAY>1</DELAY>
  </CatchmentParameters>
  <VegetationZone>
    <VegetationZoneParameters>
      <TT>1.52463809296134</TT>
      <CFMAX>4.6601898625147458</CFMAX>
      <SP>0</SP>
      <SFCF>0.77192509552372668</SFCF>
      <CFR>0.03767586474088274</CFR>
      <CWH>0.12689691072939602</CWH>
      <CFGlacier>1</CFGlacier>
      <CFSlope>1</CFSlope>
      <FC>267.94501607973314</FC>
      <LP>0.32412631742062015</LP>
      <BETA>5.9974026522332862</BETA>
    </VegetationZoneParameters>
  </VegetationZone>
  <SubCatchment>
    <SubCatchmentParameters>
      <KSI>0.001</KSI>
      <KGmin>0.05</KGmin>
      <RangeKG>0.1</RangeKG>
      <AG>0.1</AG>
      <PERC>9.8891813717601575</PERC>
      <Alpha>0</Alpha>
      <UZL>125.59872848113756</UZL>
      <K0>0.52619949189996185</K0>
      <K1>0.0743839365930748</K1>
      <K2>0.11592182772626597</K2>
      <MAXBAS>1.2758532932659175</MAXBAS>
      <Cet>0</Cet>
      <PCALT>10</PCALT>
      <TCALT>0.6</TCALT>
      <Pelev>3100</Pelev>
      <Telev>3100</Telev>
      <PART>0.5</PART>
      <DELAY>1</DELAY>
    </SubCatchmentParameters>
    <SubCatchmentVegetationZone>
      <SubCatchmentVegetationZoneParameters>
        <TT>1.52463809296134</TT>
        <CFMAX>4.6601898625147458</CFMAX>
        <SP>0</SP>
        <SFCF>0.77192509552372668</SFCF>
        <CFR>0.03767586474088274</CFR>
        <CWH>0.12689691072939602</CWH>
        <CFGlacier>1</CFGlacier>
        <CFSlope>1</CFSlope>
        <FC>267.94501607973314</FC>
        <LP>0.32412631742062015</LP>
        <BETA>5.9974026522332862</BETA>
      </SubCatchmentVegetationZoneParameters>
    </SubCatchmentVegetationZone>
  </SubCatchment>
</Catchment>