<?xml version="1.0" encoding="utf-8"?>
<Catchment xmlns:xsi="http://www.w3.org/2001/XMLSchema-instance" xmlns:xsd="http://www.w3.org/2001/XMLSchema">
  <CatchmentParameters>
    <KSI>0.001</KSI>
    <KGmin>0.05</KGmin>
    <RangeKG>0.1</RangeKG>
    <AG>0.1</AG>
    <PERC>3.9651170750058111</PERC>
    <Alpha>0</Alpha>
    <UZL>106.74836597459732</UZL>
    <K0>0.41947214506134989</K0>
    <K1>0.24126612167543762</K1>
    <K2>0.010587973481469039</K2>
    <MAXBAS>1</MAXBAS>
    <Cet>0</Cet>
    <PCALT>10</PCALT>
    <TCALT>0.6</TCALT>
    <Pelev>3100</Pelev>
    <Telev>3100</Telev>
    <PART>0.5</PART>
    <DELAY>1</DELAY>
  </CatchmentParameters>
  <VegetationZone>
    <VegetationZoneParameters>
      <TT>-0.89998606769301437</TT>
      <CFMAX>2.9003437649838748</CFMAX>
      <SP>0</SP>
      <SFCF>0.80100659218484227</SFCF>
      <CFR>0.038654073258423488</CFR>
      <CWH>0.10976366788988791</CWH>
      <CFGlacier>1</CFGlacier>
      <CFSlope>1</CFSlope>
      <FC>652.18035333877128</FC>
      <LP>0.43405275185340642</LP>
      <BETA>2.4389397694195938</BETA>
    </VegetationZoneParameters>
  </VegetationZone>
  <SubCatchment>
    <SubCatchmentParameters>
      <KSI>0.001</KSI>
      <KGmin>0.05</KGmin>
      <RangeKG>0.1</RangeKG>
      <AG>0.1</AG>
      <PERC>3.9651170750058111</PERC>
      <Alpha>0</Alpha>
      <UZL>106.74836597459732</UZL>
      <K0>0.41947214506134989</K0>
      <K1>0.24126612167543762</K1>
      <K2>0.010587973481469039</K2>
      <MAXBAS>1</MAXBAS>
      <Cet>0</Cet>
      <PCALT>10</PCALT>
      <TCALT>0.6</TCALT>
      <Pelev>3100</Pelev>
      <Telev>3100</Telev>
      <PART>0.5</PART>
      <DELAY>1</DELAY>
    </SubCatchmentParameters>
    <SubCatchmentVegetationZone>
      <SubCatchmentVegetationZoneParameters>
        <TT>-0.89998606769301437</TT>
        <CFMAX>2.9003437649838748</CFMAX>
        <SP>0</SP>
        <SFCF>0.80100659218484227</SFCF>
        <CFR>0.038654073258423488</CFR>
        <CWH>0.10976366788988791</CWH>
        <CFGlacier>1</CFGlacier>
        <CFSlope>1</CFSlope>
        <FC>652.18035333877128</FC>
        <LP>0.43405275185340642</LP>
        <BETA>2.4389397694195938</BETA>
      </SubCatchmentVegetationZoneParameters>
    </SubCatchmentVegetationZone>
  </SubCatchment>
</Catchment>