<?xml version="1.0" encoding="utf-8"?>
<Catchment xmlns:xsi="http://www.w3.org/2001/XMLSchema-instance" xmlns:xsd="http://www.w3.org/2001/XMLSchema">
  <CatchmentParameters>
    <KSI>0.001</KSI>
    <KGmin>0.05</KGmin>
    <RangeKG>0.1</RangeKG>
    <AG>0.1</AG>
    <PERC>2.616015659398168</PERC>
    <Alpha>0</Alpha>
    <UZL>56.109477187866382</UZL>
    <K0>0.49582863931045629</K0>
    <K1>0.10603297507394291</K1>
    <K2>0.010000012964622921</K2>
    <MAXBAS>1</MAXBAS>
    <Cet>0</Cet>
    <PCALT>10</PCALT>
    <TCALT>0.6</TCALT>
    <Pelev>3100</Pelev>
    <Telev>3100</Telev>
    <PART>0.5</PART>
    <DELAY>1</DELAY>
  </CatchmentParameters>
  <VegetationZone>
    <VegetationZoneParameters>
      <TT>-1.4058314375600356</TT>
      <CFMAX>2.7933847515611827</CFMAX>
      <SP>0</SP>
      <SFCF>0.87128470058788476</SFCF>
      <CFR>0.056739033187108608</CFR>
      <CWH>0.11242355162206091</CWH>
      <CFGlacier>1</CFGlacier>
      <CFSlope>1</CFSlope>
      <FC>819.99413049450629</FC>
      <LP>0.62158911967436259</LP>
      <BETA>3.6026713565016046</BETA>
    </VegetationZoneParameters>
  </VegetationZone>
  <SubCatchment>
    <SubCatchmentParameters>
      <KSI>0.001</KSI>
      <KGmin>0.05</KGmin>
      <RangeKG>0.1</RangeKG>
      <AG>0.1</AG>
      <PERC>2.616015659398168</PERC>
      <Alpha>0</Alpha>
      <UZL>56.109477187866382</UZL>
      <K0>0.49582863931045629</K0>
      <K1>0.10603297507394291</K1>
      <K2>0.010000012964622921</K2>
      <MAXBAS>1</MAXBAS>
      <Cet>0</Cet>
      <PCALT>10</PCALT>
      <TCALT>0.6</TCALT>
      <Pelev>3100</Pelev>
      <Telev>3100</Telev>
      <PART>0.5</PART>
      <DELAY>1</DELAY>
    </SubCatchmentParameters>
    <SubCatchmentVegetationZone>
      <SubCatchmentVegetationZoneParameters>
        <TT>-1.4058314375600356</TT>
        <CFMAX>2.7933847515611827</CFMAX>
        <SP>0</SP>
        <SFCF>0.87128470058788476</SFCF>
        <CFR>0.056739033187108608</CFR>
        <CWH>0.11242355162206091</CWH>
        <CFGlacier>1</CFGlacier>
        <CFSlope>1</CFSlope>
        <FC>819.99413049450629</FC>
        <LP>0.62158911967436259</LP>
        <BETA>3.6026713565016046</BETA>
      </SubCatchmentVegetationZoneParameters>
    </SubCatchmentVegetationZone>
  </SubCatchment>
</Catchment>