<?xml version="1.0" encoding="utf-8"?>
<Catchment xmlns:xsi="http://www.w3.org/2001/XMLSchema-instance" xmlns:xsd="http://www.w3.org/2001/XMLSchema">
  <CatchmentParameters>
    <KSI>0.001</KSI>
    <KGmin>0.05</KGmin>
    <RangeKG>0.1</RangeKG>
    <AG>0.1</AG>
    <PERC>4.3239326019451125</PERC>
    <Alpha>0</Alpha>
    <UZL>75.42989327324598</UZL>
    <K0>0.42502268697043555</K0>
    <K1>0.096785744184455</K1>
    <K2>0.011163271226437409</K2>
    <MAXBAS>1</MAXBAS>
    <Cet>0</Cet>
    <PCALT>10</PCALT>
    <TCALT>0.6</TCALT>
    <Pelev>3100</Pelev>
    <Telev>3100</Telev>
    <PART>0.5</PART>
    <DELAY>1</DELAY>
  </CatchmentParameters>
  <VegetationZone>
    <VegetationZoneParameters>
      <TT>-0.6000007373213313</TT>
      <CFMAX>4.7212209431697278</CFMAX>
      <SP>0</SP>
      <SFCF>0.94855300893855588</SFCF>
      <CFR>0.023797086548580683</CFR>
      <CWH>0.10000015238642281</CWH>
      <CFGlacier>1</CFGlacier>
      <CFSlope>1</CFSlope>
      <FC>908.41108505502825</FC>
      <LP>0.478968846511005</LP>
      <BETA>2.782015063515848</BETA>
    </VegetationZoneParameters>
  </VegetationZone>
  <SubCatchment>
    <SubCatchmentParameters>
      <KSI>0.001</KSI>
      <KGmin>0.05</KGmin>
      <RangeKG>0.1</RangeKG>
      <AG>0.1</AG>
      <PERC>4.3239326019451125</PERC>
      <Alpha>0</Alpha>
      <UZL>75.42989327324598</UZL>
      <K0>0.42502268697043555</K0>
      <K1>0.096785744184455</K1>
      <K2>0.011163271226437409</K2>
      <MAXBAS>1</MAXBAS>
      <Cet>0</Cet>
      <PCALT>10</PCALT>
      <TCALT>0.6</TCALT>
      <Pelev>3100</Pelev>
      <Telev>3100</Telev>
      <PART>0.5</PART>
      <DELAY>1</DELAY>
    </SubCatchmentParameters>
    <SubCatchmentVegetationZone>
      <SubCatchmentVegetationZoneParameters>
        <TT>-0.6000007373213313</TT>
        <CFMAX>4.7212209431697278</CFMAX>
        <SP>0</SP>
        <SFCF>0.94855300893855588</SFCF>
        <CFR>0.023797086548580683</CFR>
        <CWH>0.10000015238642281</CWH>
        <CFGlacier>1</CFGlacier>
        <CFSlope>1</CFSlope>
        <FC>908.41108505502825</FC>
        <LP>0.478968846511005</LP>
        <BETA>2.782015063515848</BETA>
      </SubCatchmentVegetationZoneParameters>
    </SubCatchmentVegetationZone>
  </SubCatchment>
</Catchment>