<?xml version="1.0" encoding="utf-8"?>
<Catchment xmlns:xsi="http://www.w3.org/2001/XMLSchema-instance" xmlns:xsd="http://www.w3.org/2001/XMLSchema">
  <CatchmentParameters>
    <KSI>0.001</KSI>
    <KGmin>0.05</KGmin>
    <RangeKG>0.1</RangeKG>
    <AG>0.1</AG>
    <PERC>4.4230333877718575</PERC>
    <Alpha>0</Alpha>
    <UZL>86.172902161057948</UZL>
    <K0>0.085864273966591784</K0>
    <K1>0.2205860697074554</K1>
    <K2>0.012435540290934726</K2>
    <MAXBAS>1</MAXBAS>
    <Cet>0</Cet>
    <PCALT>10</PCALT>
    <TCALT>0.6</TCALT>
    <Pelev>3100</Pelev>
    <Telev>3100</Telev>
    <PART>0.5</PART>
    <DELAY>1</DELAY>
  </CatchmentParameters>
  <VegetationZone>
    <VegetationZoneParameters>
      <TT>-0.0043882746575754188</TT>
      <CFMAX>4.5186530412720325</CFMAX>
      <SP>0</SP>
      <SFCF>0.85896468359979716</SFCF>
      <CFR>0.032739494698865813</CFR>
      <CWH>0.10000003431947299</CWH>
      <CFGlacier>1</CFGlacier>
      <CFSlope>1</CFSlope>
      <FC>933.97388462056279</FC>
      <LP>0.44009996770981352</LP>
      <BETA>2.403483769383747</BETA>
    </VegetationZoneParameters>
  </VegetationZone>
  <SubCatchment>
    <SubCatchmentParameters>
      <KSI>0.001</KSI>
      <KGmin>0.05</KGmin>
      <RangeKG>0.1</RangeKG>
      <AG>0.1</AG>
      <PERC>4.4230333877718575</PERC>
      <Alpha>0</Alpha>
      <UZL>86.172902161057948</UZL>
      <K0>0.085864273966591784</K0>
      <K1>0.2205860697074554</K1>
      <K2>0.012435540290934726</K2>
      <MAXBAS>1</MAXBAS>
      <Cet>0</Cet>
      <PCALT>10</PCALT>
      <TCALT>0.6</TCALT>
      <Pelev>3100</Pelev>
      <Telev>3100</Telev>
      <PART>0.5</PART>
      <DELAY>1</DELAY>
    </SubCatchmentParameters>
    <SubCatchmentVegetationZone>
      <SubCatchmentVegetationZoneParameters>
        <TT>-0.0043882746575754188</TT>
        <CFMAX>4.5186530412720325</CFMAX>
        <SP>0</SP>
        <SFCF>0.85896468359979716</SFCF>
        <CFR>0.032739494698865813</CFR>
        <CWH>0.10000003431947299</CWH>
        <CFGlacier>1</CFGlacier>
        <CFSlope>1</CFSlope>
        <FC>933.97388462056279</FC>
        <LP>0.44009996770981352</LP>
        <BETA>2.403483769383747</BETA>
      </SubCatchmentVegetationZoneParameters>
    </SubCatchmentVegetationZone>
  </SubCatchment>
</Catchment>