<?xml version="1.0" encoding="utf-8"?>
<Catchment xmlns:xsi="http://www.w3.org/2001/XMLSchema-instance" xmlns:xsd="http://www.w3.org/2001/XMLSchema">
  <CatchmentParameters>
    <KSI>0.001</KSI>
    <KGmin>0.05</KGmin>
    <RangeKG>0.1</RangeKG>
    <AG>0.1</AG>
    <PERC>9.3239351657667946</PERC>
    <Alpha>0</Alpha>
    <UZL>199.5470566536284</UZL>
    <K0>0.080703028365648577</K0>
    <K1>0.33375804879641691</K1>
    <K2>0.11322440318045896</K2>
    <MAXBAS>1.2814531771710409</MAXBAS>
    <Cet>0</Cet>
    <PCALT>10</PCALT>
    <TCALT>0.6</TCALT>
    <Pelev>3100</Pelev>
    <Telev>3100</Telev>
    <PART>0.5</PART>
    <DELAY>1</DELAY>
  </CatchmentParameters>
  <VegetationZone>
    <VegetationZoneParameters>
      <TT>2.4368408908636128</TT>
      <CFMAX>4.1907702835892442</CFMAX>
      <SP>0</SP>
      <SFCF>0.68170263035735623</SFCF>
      <CFR>0.071117524382411729</CFR>
      <CWH>0.18498888651258139</CWH>
      <CFGlacier>1</CFGlacier>
      <CFSlope>1</CFSlope>
      <FC>569.51084587109563</FC>
      <LP>0.55482081373337033</LP>
      <BETA>3.5961104582722987</BETA>
    </VegetationZoneParameters>
  </VegetationZone>
  <SubCatchment>
    <SubCatchmentParameters>
      <KSI>0.001</KSI>
      <KGmin>0.05</KGmin>
      <RangeKG>0.1</RangeKG>
      <AG>0.1</AG>
      <PERC>9.3239351657667946</PERC>
      <Alpha>0</Alpha>
      <UZL>199.5470566536284</UZL>
      <K0>0.080703028365648577</K0>
      <K1>0.33375804879641691</K1>
      <K2>0.11322440318045896</K2>
      <MAXBAS>1.2814531771710409</MAXBAS>
      <Cet>0</Cet>
      <PCALT>10</PCALT>
      <TCALT>0.6</TCALT>
      <Pelev>3100</Pelev>
      <Telev>3100</Telev>
      <PART>0.5</PART>
      <DELAY>1</DELAY>
    </SubCatchmentParameters>
    <SubCatchmentVegetationZone>
      <SubCatchmentVegetationZoneParameters>
        <TT>2.4368408908636128</TT>
        <CFMAX>4.1907702835892442</CFMAX>
        <SP>0</SP>
        <SFCF>0.68170263035735623</SFCF>
        <CFR>0.071117524382411729</CFR>
        <CWH>0.18498888651258139</CWH>
        <CFGlacier>1</CFGlacier>
        <CFSlope>1</CFSlope>
        <FC>569.51084587109563</FC>
        <LP>0.55482081373337033</LP>
        <BETA>3.5961104582722987</BETA>
      </SubCatchmentVegetationZoneParameters>
    </SubCatchmentVegetationZone>
  </SubCatchment>
</Catchment>