<?xml version="1.0" encoding="utf-8"?>
<Catchment xmlns:xsi="http://www.w3.org/2001/XMLSchema-instance" xmlns:xsd="http://www.w3.org/2001/XMLSchema">
  <CatchmentParameters>
    <KSI>0.001</KSI>
    <KGmin>0.05</KGmin>
    <RangeKG>0.1</RangeKG>
    <AG>0.1</AG>
    <PERC>4.2647700903626946</PERC>
    <Alpha>0</Alpha>
    <UZL>76.980415081670941</UZL>
    <K0>0.314681347184266</K0>
    <K1>0.30325701927345605</K1>
    <K2>0.011360518191697483</K2>
    <MAXBAS>1</MAXBAS>
    <Cet>0</Cet>
    <PCALT>10</PCALT>
    <TCALT>0.6</TCALT>
    <Pelev>3100</Pelev>
    <Telev>3100</Telev>
    <PART>0.5</PART>
    <DELAY>1</DELAY>
  </CatchmentParameters>
  <VegetationZone>
    <VegetationZoneParameters>
      <TT>-1.1000006335034003</TT>
      <CFMAX>3.8866203182386077</CFMAX>
      <SP>0</SP>
      <SFCF>1.0782424140770219</SFCF>
      <CFR>0.037085246066873079</CFR>
      <CWH>0.10000004433111981</CWH>
      <CFGlacier>1</CFGlacier>
      <CFSlope>1</CFSlope>
      <FC>1092.9490786362487</FC>
      <LP>0.3936018250596986</LP>
      <BETA>2.5280020833820571</BETA>
    </VegetationZoneParameters>
  </VegetationZone>
  <SubCatchment>
    <SubCatchmentParameters>
      <KSI>0.001</KSI>
      <KGmin>0.05</KGmin>
      <RangeKG>0.1</RangeKG>
      <AG>0.1</AG>
      <PERC>4.2647700903626946</PERC>
      <Alpha>0</Alpha>
      <UZL>76.980415081670941</UZL>
      <K0>0.314681347184266</K0>
      <K1>0.30325701927345605</K1>
      <K2>0.011360518191697483</K2>
      <MAXBAS>1</MAXBAS>
      <Cet>0</Cet>
      <PCALT>10</PCALT>
      <TCALT>0.6</TCALT>
      <Pelev>3100</Pelev>
      <Telev>3100</Telev>
      <PART>0.5</PART>
      <DELAY>1</DELAY>
    </SubCatchmentParameters>
    <SubCatchmentVegetationZone>
      <SubCatchmentVegetationZoneParameters>
        <TT>-1.1000006335034003</TT>
        <CFMAX>3.8866203182386077</CFMAX>
        <SP>0</SP>
        <SFCF>1.0782424140770219</SFCF>
        <CFR>0.037085246066873079</CFR>
        <CWH>0.10000004433111981</CWH>
        <CFGlacier>1</CFGlacier>
        <CFSlope>1</CFSlope>
        <FC>1092.9490786362487</FC>
        <LP>0.3936018250596986</LP>
        <BETA>2.5280020833820571</BETA>
      </SubCatchmentVegetationZoneParameters>
    </SubCatchmentVegetationZone>
  </SubCatchment>
</Catchment>