<?xml version="1.0" encoding="utf-8"?>
<Catchment xmlns:xsi="http://www.w3.org/2001/XMLSchema-instance" xmlns:xsd="http://www.w3.org/2001/XMLSchema">
  <CatchmentParameters>
    <KSI>0.001</KSI>
    <KGmin>0.05</KGmin>
    <RangeKG>0.1</RangeKG>
    <AG>0.1</AG>
    <PERC>3.2376808768481729</PERC>
    <Alpha>0</Alpha>
    <UZL>172.65295518804234</UZL>
    <K0>0.49075669933111554</K0>
    <K1>0.0997291276647438</K1>
    <K2>0.085646318560742341</K2>
    <MAXBAS>1.4180221553321339</MAXBAS>
    <Cet>0</Cet>
    <PCALT>10</PCALT>
    <TCALT>0.6</TCALT>
    <Pelev>3100</Pelev>
    <Telev>3100</Telev>
    <PART>0.5</PART>
    <DELAY>1</DELAY>
  </CatchmentParameters>
  <VegetationZone>
    <VegetationZoneParameters>
      <TT>1.7058987007922273</TT>
      <CFMAX>4.625889609809704</CFMAX>
      <SP>0</SP>
      <SFCF>0.73081530632546365</SFCF>
      <CFR>0.09188919781027069</CFR>
      <CWH>0.14476345752538927</CWH>
      <CFGlacier>1</CFGlacier>
      <CFSlope>1</CFSlope>
      <FC>572.52582146308964</FC>
      <LP>0.7096120361679511</LP>
      <BETA>4.3579796749946684</BETA>
    </VegetationZoneParameters>
  </VegetationZone>
  <SubCatchment>
    <SubCatchmentParameters>
      <KSI>0.001</KSI>
      <KGmin>0.05</KGmin>
      <RangeKG>0.1</RangeKG>
      <AG>0.1</AG>
      <PERC>3.2376808768481729</PERC>
      <Alpha>0</Alpha>
      <UZL>172.65295518804234</UZL>
      <K0>0.49075669933111554</K0>
      <K1>0.0997291276647438</K1>
      <K2>0.085646318560742341</K2>
      <MAXBAS>1.4180221553321339</MAXBAS>
      <Cet>0</Cet>
      <PCALT>10</PCALT>
      <TCALT>0.6</TCALT>
      <Pelev>3100</Pelev>
      <Telev>3100</Telev>
      <PART>0.5</PART>
      <DELAY>1</DELAY>
    </SubCatchmentParameters>
    <SubCatchmentVegetationZone>
      <SubCatchmentVegetationZoneParameters>
        <TT>1.7058987007922273</TT>
        <CFMAX>4.625889609809704</CFMAX>
        <SP>0</SP>
        <SFCF>0.73081530632546365</SFCF>
        <CFR>0.09188919781027069</CFR>
        <CWH>0.14476345752538927</CWH>
        <CFGlacier>1</CFGlacier>
        <CFSlope>1</CFSlope>
        <FC>572.52582146308964</FC>
        <LP>0.7096120361679511</LP>
        <BETA>4.3579796749946684</BETA>
      </SubCatchmentVegetationZoneParameters>
    </SubCatchmentVegetationZone>
  </SubCatchment>
</Catchment>