<?xml version="1.0" encoding="utf-8"?>
<Catchment xmlns:xsi="http://www.w3.org/2001/XMLSchema-instance" xmlns:xsd="http://www.w3.org/2001/XMLSchema">
  <CatchmentParameters>
    <KSI>0.001</KSI>
    <KGmin>0.05</KGmin>
    <RangeKG>0.1</RangeKG>
    <AG>0.1</AG>
    <PERC>5.7890917321836728</PERC>
    <Alpha>0</Alpha>
    <UZL>128.03898055924702</UZL>
    <K0>0.42920908756205911</K0>
    <K1>0.22364035631939688</K1>
    <K2>0.07562743435145565</K2>
    <MAXBAS>1.8245556044579634</MAXBAS>
    <Cet>0</Cet>
    <PCALT>10</PCALT>
    <TCALT>0.6</TCALT>
    <Pelev>3100</Pelev>
    <Telev>3100</Telev>
    <PART>0.5</PART>
    <DELAY>1</DELAY>
  </CatchmentParameters>
  <VegetationZone>
    <VegetationZoneParameters>
      <TT>2.4944536693313073</TT>
      <CFMAX>4.6305788023494072</CFMAX>
      <SP>0</SP>
      <SFCF>0.545459515747173</SFCF>
      <CFR>0.033196431283861988</CFR>
      <CWH>0.14478254720685577</CWH>
      <CFGlacier>1</CFGlacier>
      <CFSlope>1</CFSlope>
      <FC>634.40408818841047</FC>
      <LP>0.48991593273154288</LP>
      <BETA>3.8672868479524549</BETA>
    </VegetationZoneParameters>
  </VegetationZone>
  <SubCatchment>
    <SubCatchmentParameters>
      <KSI>0.001</KSI>
      <KGmin>0.05</KGmin>
      <RangeKG>0.1</RangeKG>
      <AG>0.1</AG>
      <PERC>5.7890917321836728</PERC>
      <Alpha>0</Alpha>
      <UZL>128.03898055924702</UZL>
      <K0>0.42920908756205911</K0>
      <K1>0.22364035631939688</K1>
      <K2>0.07562743435145565</K2>
      <MAXBAS>1.8245556044579634</MAXBAS>
      <Cet>0</Cet>
      <PCALT>10</PCALT>
      <TCALT>0.6</TCALT>
      <Pelev>3100</Pelev>
      <Telev>3100</Telev>
      <PART>0.5</PART>
      <DELAY>1</DELAY>
    </SubCatchmentParameters>
    <SubCatchmentVegetationZone>
      <SubCatchmentVegetationZoneParameters>
        <TT>2.4944536693313073</TT>
        <CFMAX>4.6305788023494072</CFMAX>
        <SP>0</SP>
        <SFCF>0.545459515747173</SFCF>
        <CFR>0.033196431283861988</CFR>
        <CWH>0.14478254720685577</CWH>
        <CFGlacier>1</CFGlacier>
        <CFSlope>1</CFSlope>
        <FC>634.40408818841047</FC>
        <LP>0.48991593273154288</LP>
        <BETA>3.8672868479524549</BETA>
      </SubCatchmentVegetationZoneParameters>
    </SubCatchmentVegetationZone>
  </SubCatchment>
</Catchment>