<?xml version="1.0" encoding="utf-8"?>
<Catchment xmlns:xsi="http://www.w3.org/2001/XMLSchema-instance" xmlns:xsd="http://www.w3.org/2001/XMLSchema">
  <CatchmentParameters>
    <KSI>0.001</KSI>
    <KGmin>0.05</KGmin>
    <RangeKG>0.1</RangeKG>
    <AG>0.1</AG>
    <PERC>3.7070267640821721</PERC>
    <Alpha>0</Alpha>
    <UZL>117.75195522329491</UZL>
    <K0>0.5479925529116858</K0>
    <K1>0.53027813525530343</K1>
    <K2>0.014495213381740812</K2>
    <MAXBAS>1</MAXBAS>
    <Cet>0</Cet>
    <PCALT>10</PCALT>
    <TCALT>0.6</TCALT>
    <Pelev>3100</Pelev>
    <Telev>3100</Telev>
    <PART>0.5</PART>
    <DELAY>1</DELAY>
  </CatchmentParameters>
  <VegetationZone>
    <VegetationZoneParameters>
      <TT>-0.7181527508801091</TT>
      <CFMAX>3.4049114839478731</CFMAX>
      <SP>0</SP>
      <SFCF>0.88235311592232468</SFCF>
      <CFR>0.032220584962452947</CFR>
      <CWH>0.10000000589263419</CWH>
      <CFGlacier>1</CFGlacier>
      <CFSlope>1</CFSlope>
      <FC>1040.7958828856927</FC>
      <LP>0.41716327706637474</LP>
      <BETA>2.2710262544566233</BETA>
    </VegetationZoneParameters>
  </VegetationZone>
  <SubCatchment>
    <SubCatchmentParameters>
      <KSI>0.001</KSI>
      <KGmin>0.05</KGmin>
      <RangeKG>0.1</RangeKG>
      <AG>0.1</AG>
      <PERC>3.7070267640821721</PERC>
      <Alpha>0</Alpha>
      <UZL>117.75195522329491</UZL>
      <K0>0.5479925529116858</K0>
      <K1>0.53027813525530343</K1>
      <K2>0.014495213381740812</K2>
      <MAXBAS>1</MAXBAS>
      <Cet>0</Cet>
      <PCALT>10</PCALT>
      <TCALT>0.6</TCALT>
      <Pelev>3100</Pelev>
      <Telev>3100</Telev>
      <PART>0.5</PART>
      <DELAY>1</DELAY>
    </SubCatchmentParameters>
    <SubCatchmentVegetationZone>
      <SubCatchmentVegetationZoneParameters>
        <TT>-0.7181527508801091</TT>
        <CFMAX>3.4049114839478731</CFMAX>
        <SP>0</SP>
        <SFCF>0.88235311592232468</SFCF>
        <CFR>0.032220584962452947</CFR>
        <CWH>0.10000000589263419</CWH>
        <CFGlacier>1</CFGlacier>
        <CFSlope>1</CFSlope>
        <FC>1040.7958828856927</FC>
        <LP>0.41716327706637474</LP>
        <BETA>2.2710262544566233</BETA>
      </SubCatchmentVegetationZoneParameters>
    </SubCatchmentVegetationZone>
  </SubCatchment>
</Catchment>