<?xml version="1.0" encoding="utf-8"?>
<Catchment xmlns:xsi="http://www.w3.org/2001/XMLSchema-instance" xmlns:xsd="http://www.w3.org/2001/XMLSchema">
  <CatchmentParameters>
    <KSI>0.001</KSI>
    <KGmin>0.05</KGmin>
    <RangeKG>0.1</RangeKG>
    <AG>0.1</AG>
    <PERC>3.7147530451869395</PERC>
    <Alpha>0</Alpha>
    <UZL>54.468451247530041</UZL>
    <K0>0.17180110488861544</K0>
    <K1>0.22184282660186105</K1>
    <K2>0.01071935583681115</K2>
    <MAXBAS>1</MAXBAS>
    <Cet>0</Cet>
    <PCALT>10</PCALT>
    <TCALT>0.6</TCALT>
    <Pelev>3100</Pelev>
    <Telev>3100</Telev>
    <PART>0.5</PART>
    <DELAY>1</DELAY>
  </CatchmentParameters>
  <VegetationZone>
    <VegetationZoneParameters>
      <TT>-0.855314698970341</TT>
      <CFMAX>3.5926155754991225</CFMAX>
      <SP>0</SP>
      <SFCF>0.98969270760705608</SFCF>
      <CFR>0.027867096845240615</CFR>
      <CWH>0.1000000073333752</CWH>
      <CFGlacier>1</CFGlacier>
      <CFSlope>1</CFSlope>
      <FC>938.71023280443023</FC>
      <LP>0.41978866154745514</LP>
      <BETA>2.5995872530585986</BETA>
    </VegetationZoneParameters>
  </VegetationZone>
  <SubCatchment>
    <SubCatchmentParameters>
      <KSI>0.001</KSI>
      <KGmin>0.05</KGmin>
      <RangeKG>0.1</RangeKG>
      <AG>0.1</AG>
      <PERC>3.7147530451869395</PERC>
      <Alpha>0</Alpha>
      <UZL>54.468451247530041</UZL>
      <K0>0.17180110488861544</K0>
      <K1>0.22184282660186105</K1>
      <K2>0.01071935583681115</K2>
      <MAXBAS>1</MAXBAS>
      <Cet>0</Cet>
      <PCALT>10</PCALT>
      <TCALT>0.6</TCALT>
      <Pelev>3100</Pelev>
      <Telev>3100</Telev>
      <PART>0.5</PART>
      <DELAY>1</DELAY>
    </SubCatchmentParameters>
    <SubCatchmentVegetationZone>
      <SubCatchmentVegetationZoneParameters>
        <TT>-0.855314698970341</TT>
        <CFMAX>3.5926155754991225</CFMAX>
        <SP>0</SP>
        <SFCF>0.98969270760705608</SFCF>
        <CFR>0.027867096845240615</CFR>
        <CWH>0.1000000073333752</CWH>
        <CFGlacier>1</CFGlacier>
        <CFSlope>1</CFSlope>
        <FC>938.71023280443023</FC>
        <LP>0.41978866154745514</LP>
        <BETA>2.5995872530585986</BETA>
      </SubCatchmentVegetationZoneParameters>
    </SubCatchmentVegetationZone>
  </SubCatchment>
</Catchment>