<?xml version="1.0" encoding="utf-8"?>
<Catchment xmlns:xsi="http://www.w3.org/2001/XMLSchema-instance" xmlns:xsd="http://www.w3.org/2001/XMLSchema">
  <CatchmentParameters>
    <KSI>0.001</KSI>
    <KGmin>0.05</KGmin>
    <RangeKG>0.1</RangeKG>
    <AG>0.1</AG>
    <PERC>2.57899597639181</PERC>
    <Alpha>0</Alpha>
    <UZL>130.82013940795224</UZL>
    <K0>0.36160613344057158</K0>
    <K1>0.17154885297138867</K1>
    <K2>0.012442810778754077</K2>
    <MAXBAS>1</MAXBAS>
    <Cet>0</Cet>
    <PCALT>10</PCALT>
    <TCALT>0.6</TCALT>
    <Pelev>3100</Pelev>
    <Telev>3100</Telev>
    <PART>0.5</PART>
    <DELAY>1</DELAY>
  </CatchmentParameters>
  <VegetationZone>
    <VegetationZoneParameters>
      <TT>-1.944000763505459</TT>
      <CFMAX>2.0785015198948864</CFMAX>
      <SP>0</SP>
      <SFCF>0.83157707432780759</SFCF>
      <CFR>0.0046463141283365</CFR>
      <CWH>0.10000003843164039</CWH>
      <CFGlacier>1</CFGlacier>
      <CFSlope>1</CFSlope>
      <FC>833.5056609319106</FC>
      <LP>0.55990285336884515</LP>
      <BETA>2.9604419483655962</BETA>
    </VegetationZoneParameters>
  </VegetationZone>
  <SubCatchment>
    <SubCatchmentParameters>
      <KSI>0.001</KSI>
      <KGmin>0.05</KGmin>
      <RangeKG>0.1</RangeKG>
      <AG>0.1</AG>
      <PERC>2.57899597639181</PERC>
      <Alpha>0</Alpha>
      <UZL>130.82013940795224</UZL>
      <K0>0.36160613344057158</K0>
      <K1>0.17154885297138867</K1>
      <K2>0.012442810778754077</K2>
      <MAXBAS>1</MAXBAS>
      <Cet>0</Cet>
      <PCALT>10</PCALT>
      <TCALT>0.6</TCALT>
      <Pelev>3100</Pelev>
      <Telev>3100</Telev>
      <PART>0.5</PART>
      <DELAY>1</DELAY>
    </SubCatchmentParameters>
    <SubCatchmentVegetationZone>
      <SubCatchmentVegetationZoneParameters>
        <TT>-1.944000763505459</TT>
        <CFMAX>2.0785015198948864</CFMAX>
        <SP>0</SP>
        <SFCF>0.83157707432780759</SFCF>
        <CFR>0.0046463141283365</CFR>
        <CWH>0.10000003843164039</CWH>
        <CFGlacier>1</CFGlacier>
        <CFSlope>1</CFSlope>
        <FC>833.5056609319106</FC>
        <LP>0.55990285336884515</LP>
        <BETA>2.9604419483655962</BETA>
      </SubCatchmentVegetationZoneParameters>
    </SubCatchmentVegetationZone>
  </SubCatchment>
</Catchment>