<?xml version="1.0" encoding="utf-8"?>
<Catchment xmlns:xsi="http://www.w3.org/2001/XMLSchema-instance" xmlns:xsd="http://www.w3.org/2001/XMLSchema">
  <CatchmentParameters>
    <KSI>0.001</KSI>
    <KGmin>0.05</KGmin>
    <RangeKG>0.1</RangeKG>
    <AG>0.1</AG>
    <PERC>4.8388662292039673</PERC>
    <Alpha>0</Alpha>
    <UZL>103.77812722037228</UZL>
    <K0>0.50984149327545281</K0>
    <K1>0.19976136856522603</K1>
    <K2>0.09650173812425708</K2>
    <MAXBAS>1.0642467762565762</MAXBAS>
    <Cet>0</Cet>
    <PCALT>10</PCALT>
    <TCALT>0.6</TCALT>
    <Pelev>3100</Pelev>
    <Telev>3100</Telev>
    <PART>0.5</PART>
    <DELAY>1</DELAY>
  </CatchmentParameters>
  <VegetationZone>
    <VegetationZoneParameters>
      <TT>1.8618783243118822</TT>
      <CFMAX>4.0963112665811448</CFMAX>
      <SP>0</SP>
      <SFCF>0.87736159529965108</SFCF>
      <CFR>0.070433205910261393</CFR>
      <CWH>0.1139483493643141</CWH>
      <CFGlacier>1</CFGlacier>
      <CFSlope>1</CFSlope>
      <FC>545.475830399603</FC>
      <LP>0.36358860570573992</LP>
      <BETA>4.2422830446056814</BETA>
    </VegetationZoneParameters>
  </VegetationZone>
  <SubCatchment>
    <SubCatchmentParameters>
      <KSI>0.001</KSI>
      <KGmin>0.05</KGmin>
      <RangeKG>0.1</RangeKG>
      <AG>0.1</AG>
      <PERC>4.8388662292039673</PERC>
      <Alpha>0</Alpha>
      <UZL>103.77812722037228</UZL>
      <K0>0.50984149327545281</K0>
      <K1>0.19976136856522603</K1>
      <K2>0.09650173812425708</K2>
      <MAXBAS>1.0642467762565762</MAXBAS>
      <Cet>0</Cet>
      <PCALT>10</PCALT>
      <TCALT>0.6</TCALT>
      <Pelev>3100</Pelev>
      <Telev>3100</Telev>
      <PART>0.5</PART>
      <DELAY>1</DELAY>
    </SubCatchmentParameters>
    <SubCatchmentVegetationZone>
      <SubCatchmentVegetationZoneParameters>
        <TT>1.8618783243118822</TT>
        <CFMAX>4.0963112665811448</CFMAX>
        <SP>0</SP>
        <SFCF>0.87736159529965108</SFCF>
        <CFR>0.070433205910261393</CFR>
        <CWH>0.1139483493643141</CWH>
        <CFGlacier>1</CFGlacier>
        <CFSlope>1</CFSlope>
        <FC>545.475830399603</FC>
        <LP>0.36358860570573992</LP>
        <BETA>4.2422830446056814</BETA>
      </SubCatchmentVegetationZoneParameters>
    </SubCatchmentVegetationZone>
  </SubCatchment>
</Catchment>