<?xml version="1.0" encoding="utf-8"?>
<Catchment xmlns:xsi="http://www.w3.org/2001/XMLSchema-instance" xmlns:xsd="http://www.w3.org/2001/XMLSchema">
  <CatchmentParameters>
    <KSI>0.001</KSI>
    <KGmin>0.05</KGmin>
    <RangeKG>0.1</RangeKG>
    <AG>0.1</AG>
    <PERC>1.9870833937227648</PERC>
    <Alpha>0</Alpha>
    <UZL>125.09711357821898</UZL>
    <K0>0.48892187922642205</K0>
    <K1>0.064661872086970329</K1>
    <K2>0.010886187668654557</K2>
    <MAXBAS>1</MAXBAS>
    <Cet>0</Cet>
    <PCALT>10</PCALT>
    <TCALT>0.6</TCALT>
    <Pelev>3100</Pelev>
    <Telev>3100</Telev>
    <PART>0.5</PART>
    <DELAY>1</DELAY>
  </CatchmentParameters>
  <VegetationZone>
    <VegetationZoneParameters>
      <TT>-0.7057960239548291</TT>
      <CFMAX>3.320434275686817</CFMAX>
      <SP>0</SP>
      <SFCF>0.86939124663502876</SFCF>
      <CFR>0.023704761712459888</CFR>
      <CWH>0.10001431030278583</CWH>
      <CFGlacier>1</CFGlacier>
      <CFSlope>1</CFSlope>
      <FC>836.10127460610283</FC>
      <LP>0.36292746686743382</LP>
      <BETA>2.1243702003129843</BETA>
    </VegetationZoneParameters>
  </VegetationZone>
  <SubCatchment>
    <SubCatchmentParameters>
      <KSI>0.001</KSI>
      <KGmin>0.05</KGmin>
      <RangeKG>0.1</RangeKG>
      <AG>0.1</AG>
      <PERC>1.9870833937227648</PERC>
      <Alpha>0</Alpha>
      <UZL>125.09711357821898</UZL>
      <K0>0.48892187922642205</K0>
      <K1>0.064661872086970329</K1>
      <K2>0.010886187668654557</K2>
      <MAXBAS>1</MAXBAS>
      <Cet>0</Cet>
      <PCALT>10</PCALT>
      <TCALT>0.6</TCALT>
      <Pelev>3100</Pelev>
      <Telev>3100</Telev>
      <PART>0.5</PART>
      <DELAY>1</DELAY>
    </SubCatchmentParameters>
    <SubCatchmentVegetationZone>
      <SubCatchmentVegetationZoneParameters>
        <TT>-0.7057960239548291</TT>
        <CFMAX>3.320434275686817</CFMAX>
        <SP>0</SP>
        <SFCF>0.86939124663502876</SFCF>
        <CFR>0.023704761712459888</CFR>
        <CWH>0.10001431030278583</CWH>
        <CFGlacier>1</CFGlacier>
        <CFSlope>1</CFSlope>
        <FC>836.10127460610283</FC>
        <LP>0.36292746686743382</LP>
        <BETA>2.1243702003129843</BETA>
      </SubCatchmentVegetationZoneParameters>
    </SubCatchmentVegetationZone>
  </SubCatchment>
</Catchment>