<?xml version="1.0" encoding="utf-8"?>
<Catchment xmlns:xsi="http://www.w3.org/2001/XMLSchema-instance" xmlns:xsd="http://www.w3.org/2001/XMLSchema">
  <CatchmentParameters>
    <KSI>0.001</KSI>
    <KGmin>0.05</KGmin>
    <RangeKG>0.1</RangeKG>
    <AG>0.1</AG>
    <PERC>4.439708912594142</PERC>
    <Alpha>0</Alpha>
    <UZL>114.96479837985233</UZL>
    <K0>0.24481116693465749</K0>
    <K1>0.32627886158843694</K1>
    <K2>0.096750842638101228</K2>
    <MAXBAS>1.332102391450412</MAXBAS>
    <Cet>0</Cet>
    <PCALT>10</PCALT>
    <TCALT>0.6</TCALT>
    <Pelev>3100</Pelev>
    <Telev>3100</Telev>
    <PART>0.5</PART>
    <DELAY>1</DELAY>
  </CatchmentParameters>
  <VegetationZone>
    <VegetationZoneParameters>
      <TT>0.74318000115561844</TT>
      <CFMAX>3.9236573938558479</CFMAX>
      <SP>0</SP>
      <SFCF>1.0202125125562453</SFCF>
      <CFR>0.033292330894942247</CFR>
      <CWH>0.19154458767199648</CWH>
      <CFGlacier>1</CFGlacier>
      <CFSlope>1</CFSlope>
      <FC>384.06524779849212</FC>
      <LP>0.57175106298305511</LP>
      <BETA>5.7173366149482288</BETA>
    </VegetationZoneParameters>
  </VegetationZone>
  <SubCatchment>
    <SubCatchmentParameters>
      <KSI>0.001</KSI>
      <KGmin>0.05</KGmin>
      <RangeKG>0.1</RangeKG>
      <AG>0.1</AG>
      <PERC>4.439708912594142</PERC>
      <Alpha>0</Alpha>
      <UZL>114.96479837985233</UZL>
      <K0>0.24481116693465749</K0>
      <K1>0.32627886158843694</K1>
      <K2>0.096750842638101228</K2>
      <MAXBAS>1.332102391450412</MAXBAS>
      <Cet>0</Cet>
      <PCALT>10</PCALT>
      <TCALT>0.6</TCALT>
      <Pelev>3100</Pelev>
      <Telev>3100</Telev>
      <PART>0.5</PART>
      <DELAY>1</DELAY>
    </SubCatchmentParameters>
    <SubCatchmentVegetationZone>
      <SubCatchmentVegetationZoneParameters>
        <TT>0.74318000115561844</TT>
        <CFMAX>3.9236573938558479</CFMAX>
        <SP>0</SP>
        <SFCF>1.0202125125562453</SFCF>
        <CFR>0.033292330894942247</CFR>
        <CWH>0.19154458767199648</CWH>
        <CFGlacier>1</CFGlacier>
        <CFSlope>1</CFSlope>
        <FC>384.06524779849212</FC>
        <LP>0.57175106298305511</LP>
        <BETA>5.7173366149482288</BETA>
      </SubCatchmentVegetationZoneParameters>
    </SubCatchmentVegetationZone>
  </SubCatchment>
</Catchment>