<?xml version="1.0" encoding="utf-8"?>
<Catchment xmlns:xsi="http://www.w3.org/2001/XMLSchema-instance" xmlns:xsd="http://www.w3.org/2001/XMLSchema">
  <CatchmentParameters>
    <KSI>0.001</KSI>
    <KGmin>0.05</KGmin>
    <RangeKG>0.1</RangeKG>
    <AG>0.1</AG>
    <PERC>4.5475594202909546</PERC>
    <Alpha>0</Alpha>
    <UZL>122.3629488864119</UZL>
    <K0>0.26767995347482726</K0>
    <K1>0.14176878029933071</K1>
    <K2>0.011429907755129413</K2>
    <MAXBAS>1</MAXBAS>
    <Cet>0</Cet>
    <PCALT>10</PCALT>
    <TCALT>0.6</TCALT>
    <Pelev>3100</Pelev>
    <Telev>3100</Telev>
    <PART>0.5</PART>
    <DELAY>1</DELAY>
  </CatchmentParameters>
  <VegetationZone>
    <VegetationZoneParameters>
      <TT>0.377648431950174</TT>
      <CFMAX>4.3051853264035147</CFMAX>
      <SP>0</SP>
      <SFCF>0.70090539609250269</SFCF>
      <CFR>0.023206606701090995</CFR>
      <CWH>0.10000000428534211</CWH>
      <CFGlacier>1</CFGlacier>
      <CFSlope>1</CFSlope>
      <FC>640.45866705617573</FC>
      <LP>0.61574457533572291</LP>
      <BETA>3.1113671052404341</BETA>
    </VegetationZoneParameters>
  </VegetationZone>
  <SubCatchment>
    <SubCatchmentParameters>
      <KSI>0.001</KSI>
      <KGmin>0.05</KGmin>
      <RangeKG>0.1</RangeKG>
      <AG>0.1</AG>
      <PERC>4.5475594202909546</PERC>
      <Alpha>0</Alpha>
      <UZL>122.3629488864119</UZL>
      <K0>0.26767995347482726</K0>
      <K1>0.14176878029933071</K1>
      <K2>0.011429907755129413</K2>
      <MAXBAS>1</MAXBAS>
      <Cet>0</Cet>
      <PCALT>10</PCALT>
      <TCALT>0.6</TCALT>
      <Pelev>3100</Pelev>
      <Telev>3100</Telev>
      <PART>0.5</PART>
      <DELAY>1</DELAY>
    </SubCatchmentParameters>
    <SubCatchmentVegetationZone>
      <SubCatchmentVegetationZoneParameters>
        <TT>0.377648431950174</TT>
        <CFMAX>4.3051853264035147</CFMAX>
        <SP>0</SP>
        <SFCF>0.70090539609250269</SFCF>
        <CFR>0.023206606701090995</CFR>
        <CWH>0.10000000428534211</CWH>
        <CFGlacier>1</CFGlacier>
        <CFSlope>1</CFSlope>
        <FC>640.45866705617573</FC>
        <LP>0.61574457533572291</LP>
        <BETA>3.1113671052404341</BETA>
      </SubCatchmentVegetationZoneParameters>
    </SubCatchmentVegetationZone>
  </SubCatchment>
</Catchment>