<?xml version="1.0" encoding="utf-8"?>
<Catchment xmlns:xsi="http://www.w3.org/2001/XMLSchema-instance" xmlns:xsd="http://www.w3.org/2001/XMLSchema">
  <CatchmentParameters>
    <KSI>0.001</KSI>
    <KGmin>0.05</KGmin>
    <RangeKG>0.1</RangeKG>
    <AG>0.1</AG>
    <PERC>7.2548645082284908</PERC>
    <Alpha>0</Alpha>
    <UZL>24.499012258158345</UZL>
    <K0>0.49475994649600263</K0>
    <K1>0.11246155337145958</K1>
    <K2>0.031486690895807565</K2>
    <MAXBAS>1.1531623118145435</MAXBAS>
    <Cet>0</Cet>
    <PCALT>10</PCALT>
    <TCALT>0.6</TCALT>
    <Pelev>3100</Pelev>
    <Telev>3100</Telev>
    <PART>0.5</PART>
    <DELAY>1</DELAY>
  </CatchmentParameters>
  <VegetationZone>
    <VegetationZoneParameters>
      <TT>1.6279959925927643</TT>
      <CFMAX>4.1704622050176638</CFMAX>
      <SP>0</SP>
      <SFCF>0.933212241556647</SFCF>
      <CFR>0.048229677868891624</CFR>
      <CWH>0.16286899290935131</CWH>
      <CFGlacier>1</CFGlacier>
      <CFSlope>1</CFSlope>
      <FC>483.75761977549109</FC>
      <LP>0.45766656407783146</LP>
      <BETA>5.5711318832042718</BETA>
    </VegetationZoneParameters>
  </VegetationZone>
  <SubCatchment>
    <SubCatchmentParameters>
      <KSI>0.001</KSI>
      <KGmin>0.05</KGmin>
      <RangeKG>0.1</RangeKG>
      <AG>0.1</AG>
      <PERC>7.2548645082284908</PERC>
      <Alpha>0</Alpha>
      <UZL>24.499012258158345</UZL>
      <K0>0.49475994649600263</K0>
      <K1>0.11246155337145958</K1>
      <K2>0.031486690895807565</K2>
      <MAXBAS>1.1531623118145435</MAXBAS>
      <Cet>0</Cet>
      <PCALT>10</PCALT>
      <TCALT>0.6</TCALT>
      <Pelev>3100</Pelev>
      <Telev>3100</Telev>
      <PART>0.5</PART>
      <DELAY>1</DELAY>
    </SubCatchmentParameters>
    <SubCatchmentVegetationZone>
      <SubCatchmentVegetationZoneParameters>
        <TT>1.6279959925927643</TT>
        <CFMAX>4.1704622050176638</CFMAX>
        <SP>0</SP>
        <SFCF>0.933212241556647</SFCF>
        <CFR>0.048229677868891624</CFR>
        <CWH>0.16286899290935131</CWH>
        <CFGlacier>1</CFGlacier>
        <CFSlope>1</CFSlope>
        <FC>483.75761977549109</FC>
        <LP>0.45766656407783146</LP>
        <BETA>5.5711318832042718</BETA>
      </SubCatchmentVegetationZoneParameters>
    </SubCatchmentVegetationZone>
  </SubCatchment>
</Catchment>