<?xml version="1.0" encoding="utf-8"?>
<Catchment xmlns:xsi="http://www.w3.org/2001/XMLSchema-instance" xmlns:xsd="http://www.w3.org/2001/XMLSchema">
  <CatchmentParameters>
    <KSI>0.001</KSI>
    <KGmin>0.05</KGmin>
    <RangeKG>0.1</RangeKG>
    <AG>0.1</AG>
    <PERC>8.1982318507219976</PERC>
    <Alpha>0</Alpha>
    <UZL>153.87717266273779</UZL>
    <K0>0.50451534323612413</K0>
    <K1>0.37699775389161544</K1>
    <K2>0.06127954690158538</K2>
    <MAXBAS>1.2067207446051929</MAXBAS>
    <Cet>0</Cet>
    <PCALT>10</PCALT>
    <TCALT>0.6</TCALT>
    <Pelev>3100</Pelev>
    <Telev>3100</Telev>
    <PART>0.5</PART>
    <DELAY>1</DELAY>
  </CatchmentParameters>
  <VegetationZone>
    <VegetationZoneParameters>
      <TT>2.3701000021383383</TT>
      <CFMAX>4.618531054038816</CFMAX>
      <SP>0</SP>
      <SFCF>0.70785518530542257</SFCF>
      <CFR>0.027025391598523716</CFR>
      <CWH>0.13081416444053157</CWH>
      <CFGlacier>1</CFGlacier>
      <CFSlope>1</CFSlope>
      <FC>447.21259953956684</FC>
      <LP>0.52256183490602215</LP>
      <BETA>4.5095367202039256</BETA>
    </VegetationZoneParameters>
  </VegetationZone>
  <SubCatchment>
    <SubCatchmentParameters>
      <KSI>0.001</KSI>
      <KGmin>0.05</KGmin>
      <RangeKG>0.1</RangeKG>
      <AG>0.1</AG>
      <PERC>8.1982318507219976</PERC>
      <Alpha>0</Alpha>
      <UZL>153.87717266273779</UZL>
      <K0>0.50451534323612413</K0>
      <K1>0.37699775389161544</K1>
      <K2>0.06127954690158538</K2>
      <MAXBAS>1.2067207446051929</MAXBAS>
      <Cet>0</Cet>
      <PCALT>10</PCALT>
      <TCALT>0.6</TCALT>
      <Pelev>3100</Pelev>
      <Telev>3100</Telev>
      <PART>0.5</PART>
      <DELAY>1</DELAY>
    </SubCatchmentParameters>
    <SubCatchmentVegetationZone>
      <SubCatchmentVegetationZoneParameters>
        <TT>2.3701000021383383</TT>
        <CFMAX>4.618531054038816</CFMAX>
        <SP>0</SP>
        <SFCF>0.70785518530542257</SFCF>
        <CFR>0.027025391598523716</CFR>
        <CWH>0.13081416444053157</CWH>
        <CFGlacier>1</CFGlacier>
        <CFSlope>1</CFSlope>
        <FC>447.21259953956684</FC>
        <LP>0.52256183490602215</LP>
        <BETA>4.5095367202039256</BETA>
      </SubCatchmentVegetationZoneParameters>
    </SubCatchmentVegetationZone>
  </SubCatchment>
</Catchment>