<?xml version="1.0" encoding="utf-8"?>
<Catchment xmlns:xsi="http://www.w3.org/2001/XMLSchema-instance" xmlns:xsd="http://www.w3.org/2001/XMLSchema">
  <CatchmentParameters>
    <KSI>0.001</KSI>
    <KGmin>0.05</KGmin>
    <RangeKG>0.1</RangeKG>
    <AG>0.1</AG>
    <PERC>8.9813664196575971</PERC>
    <Alpha>0</Alpha>
    <UZL>36.789177280091685</UZL>
    <K0>0.10155124993070896</K0>
    <K1>0.36638351409873832</K1>
    <K2>0.13565334919332278</K2>
    <MAXBAS>1.4200514452687898</MAXBAS>
    <Cet>0</Cet>
    <PCALT>10</PCALT>
    <TCALT>0.6</TCALT>
    <Pelev>3100</Pelev>
    <Telev>3100</Telev>
    <PART>0.5</PART>
    <DELAY>1</DELAY>
  </CatchmentParameters>
  <VegetationZone>
    <VegetationZoneParameters>
      <TT>1.9795554503134505</TT>
      <CFMAX>4.20947220138364</CFMAX>
      <SP>0</SP>
      <SFCF>0.88846613178568856</SFCF>
      <CFR>0.051256085478414787</CFR>
      <CWH>0.13141142729265262</CWH>
      <CFGlacier>1</CFGlacier>
      <CFSlope>1</CFSlope>
      <FC>447.19721374081382</FC>
      <LP>0.52128685267978025</LP>
      <BETA>5.2242025387175408</BETA>
    </VegetationZoneParameters>
  </VegetationZone>
  <SubCatchment>
    <SubCatchmentParameters>
      <KSI>0.001</KSI>
      <KGmin>0.05</KGmin>
      <RangeKG>0.1</RangeKG>
      <AG>0.1</AG>
      <PERC>8.9813664196575971</PERC>
      <Alpha>0</Alpha>
      <UZL>36.789177280091685</UZL>
      <K0>0.10155124993070896</K0>
      <K1>0.36638351409873832</K1>
      <K2>0.13565334919332278</K2>
      <MAXBAS>1.4200514452687898</MAXBAS>
      <Cet>0</Cet>
      <PCALT>10</PCALT>
      <TCALT>0.6</TCALT>
      <Pelev>3100</Pelev>
      <Telev>3100</Telev>
      <PART>0.5</PART>
      <DELAY>1</DELAY>
    </SubCatchmentParameters>
    <SubCatchmentVegetationZone>
      <SubCatchmentVegetationZoneParameters>
        <TT>1.9795554503134505</TT>
        <CFMAX>4.20947220138364</CFMAX>
        <SP>0</SP>
        <SFCF>0.88846613178568856</SFCF>
        <CFR>0.051256085478414787</CFR>
        <CWH>0.13141142729265262</CWH>
        <CFGlacier>1</CFGlacier>
        <CFSlope>1</CFSlope>
        <FC>447.19721374081382</FC>
        <LP>0.52128685267978025</LP>
        <BETA>5.2242025387175408</BETA>
      </SubCatchmentVegetationZoneParameters>
    </SubCatchmentVegetationZone>
  </SubCatchment>
</Catchment>