<?xml version="1.0" encoding="utf-8"?>
<Catchment xmlns:xsi="http://www.w3.org/2001/XMLSchema-instance" xmlns:xsd="http://www.w3.org/2001/XMLSchema">
  <CatchmentParameters>
    <KSI>0.001</KSI>
    <KGmin>0.05</KGmin>
    <RangeKG>0.1</RangeKG>
    <AG>0.1</AG>
    <PERC>6.4171803955422053</PERC>
    <Alpha>0</Alpha>
    <UZL>88.6768240347147</UZL>
    <K0>0.3420792252641135</K0>
    <K1>0.35727804908689015</K1>
    <K2>0.033672495521604659</K2>
    <MAXBAS>2.0727323259485924</MAXBAS>
    <Cet>0</Cet>
    <PCALT>10</PCALT>
    <TCALT>0.6</TCALT>
    <Pelev>3100</Pelev>
    <Telev>3100</Telev>
    <PART>0.5</PART>
    <DELAY>1</DELAY>
  </CatchmentParameters>
  <VegetationZone>
    <VegetationZoneParameters>
      <TT>2.2070938882278881</TT>
      <CFMAX>4.85313111432804</CFMAX>
      <SP>0</SP>
      <SFCF>0.96489588117656433</SFCF>
      <CFR>0.022835706195629149</CFR>
      <CWH>0.16512930624924213</CWH>
      <CFGlacier>1</CFGlacier>
      <CFSlope>1</CFSlope>
      <FC>554.38197076768938</FC>
      <LP>0.67620745178609287</LP>
      <BETA>3.9734699200819783</BETA>
    </VegetationZoneParameters>
  </VegetationZone>
  <SubCatchment>
    <SubCatchmentParameters>
      <KSI>0.001</KSI>
      <KGmin>0.05</KGmin>
      <RangeKG>0.1</RangeKG>
      <AG>0.1</AG>
      <PERC>6.4171803955422053</PERC>
      <Alpha>0</Alpha>
      <UZL>88.6768240347147</UZL>
      <K0>0.3420792252641135</K0>
      <K1>0.35727804908689015</K1>
      <K2>0.033672495521604659</K2>
      <MAXBAS>2.0727323259485924</MAXBAS>
      <Cet>0</Cet>
      <PCALT>10</PCALT>
      <TCALT>0.6</TCALT>
      <Pelev>3100</Pelev>
      <Telev>3100</Telev>
      <PART>0.5</PART>
      <DELAY>1</DELAY>
    </SubCatchmentParameters>
    <SubCatchmentVegetationZone>
      <SubCatchmentVegetationZoneParameters>
        <TT>2.2070938882278881</TT>
        <CFMAX>4.85313111432804</CFMAX>
        <SP>0</SP>
        <SFCF>0.96489588117656433</SFCF>
        <CFR>0.022835706195629149</CFR>
        <CWH>0.16512930624924213</CWH>
        <CFGlacier>1</CFGlacier>
        <CFSlope>1</CFSlope>
        <FC>554.38197076768938</FC>
        <LP>0.67620745178609287</LP>
        <BETA>3.9734699200819783</BETA>
      </SubCatchmentVegetationZoneParameters>
    </SubCatchmentVegetationZone>
  </SubCatchment>
</Catchment>