<?xml version="1.0" encoding="utf-8"?>
<Catchment xmlns:xsi="http://www.w3.org/2001/XMLSchema-instance" xmlns:xsd="http://www.w3.org/2001/XMLSchema">
  <CatchmentParameters>
    <KSI>0.001</KSI>
    <KGmin>0.05</KGmin>
    <RangeKG>0.1</RangeKG>
    <AG>0.1</AG>
    <PERC>8.3880576041164048</PERC>
    <Alpha>0</Alpha>
    <UZL>110.87719336823228</UZL>
    <K0>0.58363015872050317</K0>
    <K1>0.19416434117000428</K1>
    <K2>0.081342390296834849</K2>
    <MAXBAS>1.0150508325523342</MAXBAS>
    <Cet>0</Cet>
    <PCALT>10</PCALT>
    <TCALT>0.6</TCALT>
    <Pelev>3100</Pelev>
    <Telev>3100</Telev>
    <PART>0.5</PART>
    <DELAY>1</DELAY>
  </CatchmentParameters>
  <VegetationZone>
    <VegetationZoneParameters>
      <TT>0.66113005284780146</TT>
      <CFMAX>4.9865114102778278</CFMAX>
      <SP>0</SP>
      <SFCF>1.0683701837472208</SFCF>
      <CFR>0.044365150291488249</CFR>
      <CWH>0.15527473683017123</CWH>
      <CFGlacier>1</CFGlacier>
      <CFSlope>1</CFSlope>
      <FC>164.03543523778234</FC>
      <LP>0.71490437797311812</LP>
      <BETA>5.61448819399379</BETA>
    </VegetationZoneParameters>
  </VegetationZone>
  <SubCatchment>
    <SubCatchmentParameters>
      <KSI>0.001</KSI>
      <KGmin>0.05</KGmin>
      <RangeKG>0.1</RangeKG>
      <AG>0.1</AG>
      <PERC>8.3880576041164048</PERC>
      <Alpha>0</Alpha>
      <UZL>110.87719336823228</UZL>
      <K0>0.58363015872050317</K0>
      <K1>0.19416434117000428</K1>
      <K2>0.081342390296834849</K2>
      <MAXBAS>1.0150508325523342</MAXBAS>
      <Cet>0</Cet>
      <PCALT>10</PCALT>
      <TCALT>0.6</TCALT>
      <Pelev>3100</Pelev>
      <Telev>3100</Telev>
      <PART>0.5</PART>
      <DELAY>1</DELAY>
    </SubCatchmentParameters>
    <SubCatchmentVegetationZone>
      <SubCatchmentVegetationZoneParameters>
        <TT>0.66113005284780146</TT>
        <CFMAX>4.9865114102778278</CFMAX>
        <SP>0</SP>
        <SFCF>1.0683701837472208</SFCF>
        <CFR>0.044365150291488249</CFR>
        <CWH>0.15527473683017123</CWH>
        <CFGlacier>1</CFGlacier>
        <CFSlope>1</CFSlope>
        <FC>164.03543523778234</FC>
        <LP>0.71490437797311812</LP>
        <BETA>5.61448819399379</BETA>
      </SubCatchmentVegetationZoneParameters>
    </SubCatchmentVegetationZone>
  </SubCatchment>
</Catchment>