<?xml version="1.0" encoding="utf-8"?>
<Catchment xmlns:xsi="http://www.w3.org/2001/XMLSchema-instance" xmlns:xsd="http://www.w3.org/2001/XMLSchema">
  <CatchmentParameters>
    <KSI>0.001</KSI>
    <KGmin>0.05</KGmin>
    <RangeKG>0.1</RangeKG>
    <AG>0.1</AG>
    <PERC>4.4438532110125335</PERC>
    <Alpha>0</Alpha>
    <UZL>120.96816478956481</UZL>
    <K0>0.14124384292394454</K0>
    <K1>0.087570098571562061</K1>
    <K2>0.046435433556593859</K2>
    <MAXBAS>1.1111149848678217</MAXBAS>
    <Cet>0</Cet>
    <PCALT>10</PCALT>
    <TCALT>0.6</TCALT>
    <Pelev>3100</Pelev>
    <Telev>3100</Telev>
    <PART>0.5</PART>
    <DELAY>1</DELAY>
  </CatchmentParameters>
  <VegetationZone>
    <VegetationZoneParameters>
      <TT>1.5828097351007546</TT>
      <CFMAX>4.9399615260533789</CFMAX>
      <SP>0</SP>
      <SFCF>0.58936026470047886</SFCF>
      <CFR>0.019532361416445303</CFR>
      <CWH>0.17179702455917062</CWH>
      <CFGlacier>1</CFGlacier>
      <CFSlope>1</CFSlope>
      <FC>907.432940195258</FC>
      <LP>0.44482525703414932</LP>
      <BETA>5.0387174807357882</BETA>
    </VegetationZoneParameters>
  </VegetationZone>
  <SubCatchment>
    <SubCatchmentParameters>
      <KSI>0.001</KSI>
      <KGmin>0.05</KGmin>
      <RangeKG>0.1</RangeKG>
      <AG>0.1</AG>
      <PERC>4.4438532110125335</PERC>
      <Alpha>0</Alpha>
      <UZL>120.96816478956481</UZL>
      <K0>0.14124384292394454</K0>
      <K1>0.087570098571562061</K1>
      <K2>0.046435433556593859</K2>
      <MAXBAS>1.1111149848678217</MAXBAS>
      <Cet>0</Cet>
      <PCALT>10</PCALT>
      <TCALT>0.6</TCALT>
      <Pelev>3100</Pelev>
      <Telev>3100</Telev>
      <PART>0.5</PART>
      <DELAY>1</DELAY>
    </SubCatchmentParameters>
    <SubCatchmentVegetationZone>
      <SubCatchmentVegetationZoneParameters>
        <TT>1.5828097351007546</TT>
        <CFMAX>4.9399615260533789</CFMAX>
        <SP>0</SP>
        <SFCF>0.58936026470047886</SFCF>
        <CFR>0.019532361416445303</CFR>
        <CWH>0.17179702455917062</CWH>
        <CFGlacier>1</CFGlacier>
        <CFSlope>1</CFSlope>
        <FC>907.432940195258</FC>
        <LP>0.44482525703414932</LP>
        <BETA>5.0387174807357882</BETA>
      </SubCatchmentVegetationZoneParameters>
    </SubCatchmentVegetationZone>
  </SubCatchment>
</Catchment>