<?xml version="1.0" encoding="utf-8"?>
<Catchment xmlns:xsi="http://www.w3.org/2001/XMLSchema-instance" xmlns:xsd="http://www.w3.org/2001/XMLSchema">
  <CatchmentParameters>
    <KSI>0.001</KSI>
    <KGmin>0.05</KGmin>
    <RangeKG>0.1</RangeKG>
    <AG>0.1</AG>
    <PERC>7.5627258906611683</PERC>
    <Alpha>0</Alpha>
    <UZL>105.33117377637204</UZL>
    <K0>0.49229515649607181</K0>
    <K1>0.137467668548438</K1>
    <K2>0.065897675482367385</K2>
    <MAXBAS>1.7454202227723465</MAXBAS>
    <Cet>0</Cet>
    <PCALT>10</PCALT>
    <TCALT>0.6</TCALT>
    <Pelev>3100</Pelev>
    <Telev>3100</Telev>
    <PART>0.5</PART>
    <DELAY>1</DELAY>
  </CatchmentParameters>
  <VegetationZone>
    <VegetationZoneParameters>
      <TT>1.9850039427000203</TT>
      <CFMAX>4.89327647562345</CFMAX>
      <SP>0</SP>
      <SFCF>0.859778991131292</SFCF>
      <CFR>0.050485749929788291</CFR>
      <CWH>0.15090750890435656</CWH>
      <CFGlacier>1</CFGlacier>
      <CFSlope>1</CFSlope>
      <FC>312.60193749052166</FC>
      <LP>0.72968789790334765</LP>
      <BETA>5.0466473293703373</BETA>
    </VegetationZoneParameters>
  </VegetationZone>
  <SubCatchment>
    <SubCatchmentParameters>
      <KSI>0.001</KSI>
      <KGmin>0.05</KGmin>
      <RangeKG>0.1</RangeKG>
      <AG>0.1</AG>
      <PERC>7.5627258906611683</PERC>
      <Alpha>0</Alpha>
      <UZL>105.33117377637204</UZL>
      <K0>0.49229515649607181</K0>
      <K1>0.137467668548438</K1>
      <K2>0.065897675482367385</K2>
      <MAXBAS>1.7454202227723465</MAXBAS>
      <Cet>0</Cet>
      <PCALT>10</PCALT>
      <TCALT>0.6</TCALT>
      <Pelev>3100</Pelev>
      <Telev>3100</Telev>
      <PART>0.5</PART>
      <DELAY>1</DELAY>
    </SubCatchmentParameters>
    <SubCatchmentVegetationZone>
      <SubCatchmentVegetationZoneParameters>
        <TT>1.9850039427000203</TT>
        <CFMAX>4.89327647562345</CFMAX>
        <SP>0</SP>
        <SFCF>0.859778991131292</SFCF>
        <CFR>0.050485749929788291</CFR>
        <CWH>0.15090750890435656</CWH>
        <CFGlacier>1</CFGlacier>
        <CFSlope>1</CFSlope>
        <FC>312.60193749052166</FC>
        <LP>0.72968789790334765</LP>
        <BETA>5.0466473293703373</BETA>
      </SubCatchmentVegetationZoneParameters>
    </SubCatchmentVegetationZone>
  </SubCatchment>
</Catchment>