<?xml version="1.0" encoding="utf-8"?>
<Catchment xmlns:xsi="http://www.w3.org/2001/XMLSchema-instance" xmlns:xsd="http://www.w3.org/2001/XMLSchema">
  <CatchmentParameters>
    <KSI>0.001</KSI>
    <KGmin>0.05</KGmin>
    <RangeKG>0.1</RangeKG>
    <AG>0.1</AG>
    <PERC>1.7381852459916773</PERC>
    <Alpha>0</Alpha>
    <UZL>132.46502908590102</UZL>
    <K0>0.41294191292146</K0>
    <K1>0.054434056530166544</K1>
    <K2>0.0101707001200592</K2>
    <MAXBAS>1</MAXBAS>
    <Cet>0</Cet>
    <PCALT>10</PCALT>
    <TCALT>0.6</TCALT>
    <Pelev>3100</Pelev>
    <Telev>3100</Telev>
    <PART>0.5</PART>
    <DELAY>1</DELAY>
  </CatchmentParameters>
  <VegetationZone>
    <VegetationZoneParameters>
      <TT>-0.7576764116069501</TT>
      <CFMAX>2.801760851265414</CFMAX>
      <SP>0</SP>
      <SFCF>0.73321221288953164</SFCF>
      <CFR>0.037897477472898615</CFR>
      <CWH>0.11568819118743257</CWH>
      <CFGlacier>1</CFGlacier>
      <CFSlope>1</CFSlope>
      <FC>635.87028243954637</FC>
      <LP>0.60269417529781477</LP>
      <BETA>3.1559740580241491</BETA>
    </VegetationZoneParameters>
  </VegetationZone>
  <SubCatchment>
    <SubCatchmentParameters>
      <KSI>0.001</KSI>
      <KGmin>0.05</KGmin>
      <RangeKG>0.1</RangeKG>
      <AG>0.1</AG>
      <PERC>1.7381852459916773</PERC>
      <Alpha>0</Alpha>
      <UZL>132.46502908590102</UZL>
      <K0>0.41294191292146</K0>
      <K1>0.054434056530166544</K1>
      <K2>0.0101707001200592</K2>
      <MAXBAS>1</MAXBAS>
      <Cet>0</Cet>
      <PCALT>10</PCALT>
      <TCALT>0.6</TCALT>
      <Pelev>3100</Pelev>
      <Telev>3100</Telev>
      <PART>0.5</PART>
      <DELAY>1</DELAY>
    </SubCatchmentParameters>
    <SubCatchmentVegetationZone>
      <SubCatchmentVegetationZoneParameters>
        <TT>-0.7576764116069501</TT>
        <CFMAX>2.801760851265414</CFMAX>
        <SP>0</SP>
        <SFCF>0.73321221288953164</SFCF>
        <CFR>0.037897477472898615</CFR>
        <CWH>0.11568819118743257</CWH>
        <CFGlacier>1</CFGlacier>
        <CFSlope>1</CFSlope>
        <FC>635.87028243954637</FC>
        <LP>0.60269417529781477</LP>
        <BETA>3.1559740580241491</BETA>
      </SubCatchmentVegetationZoneParameters>
    </SubCatchmentVegetationZone>
  </SubCatchment>
</Catchment>