<?xml version="1.0" encoding="utf-8"?>
<Catchment xmlns:xsi="http://www.w3.org/2001/XMLSchema-instance" xmlns:xsd="http://www.w3.org/2001/XMLSchema">
  <CatchmentParameters>
    <KSI>0.001</KSI>
    <KGmin>0.05</KGmin>
    <RangeKG>0.1</RangeKG>
    <AG>0.1</AG>
    <PERC>6.8755645441894018</PERC>
    <Alpha>0</Alpha>
    <UZL>88.12174912006769</UZL>
    <K0>0.16329909590336078</K0>
    <K1>0.31501892933636122</K1>
    <K2>0.043056806012944385</K2>
    <MAXBAS>1.8942196713848474</MAXBAS>
    <Cet>0</Cet>
    <PCALT>10</PCALT>
    <TCALT>0.6</TCALT>
    <Pelev>3100</Pelev>
    <Telev>3100</Telev>
    <PART>0.5</PART>
    <DELAY>1</DELAY>
  </CatchmentParameters>
  <VegetationZone>
    <VegetationZoneParameters>
      <TT>2.23485191063874</TT>
      <CFMAX>4.1720900349241354</CFMAX>
      <SP>0</SP>
      <SFCF>0.67179253986778853</SFCF>
      <CFR>0.046719232394462996</CFR>
      <CWH>0.17674645744789741</CWH>
      <CFGlacier>1</CFGlacier>
      <CFSlope>1</CFSlope>
      <FC>931.4061012948689</FC>
      <LP>0.63035672885432681</LP>
      <BETA>4.3762454779876014</BETA>
    </VegetationZoneParameters>
  </VegetationZone>
  <SubCatchment>
    <SubCatchmentParameters>
      <KSI>0.001</KSI>
      <KGmin>0.05</KGmin>
      <RangeKG>0.1</RangeKG>
      <AG>0.1</AG>
      <PERC>6.8755645441894018</PERC>
      <Alpha>0</Alpha>
      <UZL>88.12174912006769</UZL>
      <K0>0.16329909590336078</K0>
      <K1>0.31501892933636122</K1>
      <K2>0.043056806012944385</K2>
      <MAXBAS>1.8942196713848474</MAXBAS>
      <Cet>0</Cet>
      <PCALT>10</PCALT>
      <TCALT>0.6</TCALT>
      <Pelev>3100</Pelev>
      <Telev>3100</Telev>
      <PART>0.5</PART>
      <DELAY>1</DELAY>
    </SubCatchmentParameters>
    <SubCatchmentVegetationZone>
      <SubCatchmentVegetationZoneParameters>
        <TT>2.23485191063874</TT>
        <CFMAX>4.1720900349241354</CFMAX>
        <SP>0</SP>
        <SFCF>0.67179253986778853</SFCF>
        <CFR>0.046719232394462996</CFR>
        <CWH>0.17674645744789741</CWH>
        <CFGlacier>1</CFGlacier>
        <CFSlope>1</CFSlope>
        <FC>931.4061012948689</FC>
        <LP>0.63035672885432681</LP>
        <BETA>4.3762454779876014</BETA>
      </SubCatchmentVegetationZoneParameters>
    </SubCatchmentVegetationZone>
  </SubCatchment>
</Catchment>