<?xml version="1.0" encoding="utf-8"?>
<Catchment xmlns:xsi="http://www.w3.org/2001/XMLSchema-instance" xmlns:xsd="http://www.w3.org/2001/XMLSchema">
  <CatchmentParameters>
    <KSI>0.001</KSI>
    <KGmin>0.05</KGmin>
    <RangeKG>0.1</RangeKG>
    <AG>0.1</AG>
    <PERC>7.4295175098284041</PERC>
    <Alpha>0</Alpha>
    <UZL>156.56557746874245</UZL>
    <K0>0.48442863269306868</K0>
    <K1>0.44513706858297808</K1>
    <K2>0.11237731434240995</K2>
    <MAXBAS>1.1462959806126194</MAXBAS>
    <Cet>0</Cet>
    <PCALT>10</PCALT>
    <TCALT>0.6</TCALT>
    <Pelev>3100</Pelev>
    <Telev>3100</Telev>
    <PART>0.5</PART>
    <DELAY>1</DELAY>
  </CatchmentParameters>
  <VegetationZone>
    <VegetationZoneParameters>
      <TT>2.4774351527618972</TT>
      <CFMAX>3.2398114421390032</CFMAX>
      <SP>0</SP>
      <SFCF>0.91969726198786927</SFCF>
      <CFR>0.068180847135692932</CFR>
      <CWH>0.15280244368240059</CWH>
      <CFGlacier>1</CFGlacier>
      <CFSlope>1</CFSlope>
      <FC>672.61783524061048</FC>
      <LP>0.76742630126632938</LP>
      <BETA>4.792989468009841</BETA>
    </VegetationZoneParameters>
  </VegetationZone>
  <SubCatchment>
    <SubCatchmentParameters>
      <KSI>0.001</KSI>
      <KGmin>0.05</KGmin>
      <RangeKG>0.1</RangeKG>
      <AG>0.1</AG>
      <PERC>7.4295175098284041</PERC>
      <Alpha>0</Alpha>
      <UZL>156.56557746874245</UZL>
      <K0>0.48442863269306868</K0>
      <K1>0.44513706858297808</K1>
      <K2>0.11237731434240995</K2>
      <MAXBAS>1.1462959806126194</MAXBAS>
      <Cet>0</Cet>
      <PCALT>10</PCALT>
      <TCALT>0.6</TCALT>
      <Pelev>3100</Pelev>
      <Telev>3100</Telev>
      <PART>0.5</PART>
      <DELAY>1</DELAY>
    </SubCatchmentParameters>
    <SubCatchmentVegetationZone>
      <SubCatchmentVegetationZoneParameters>
        <TT>2.4774351527618972</TT>
        <CFMAX>3.2398114421390032</CFMAX>
        <SP>0</SP>
        <SFCF>0.91969726198786927</SFCF>
        <CFR>0.068180847135692932</CFR>
        <CWH>0.15280244368240059</CWH>
        <CFGlacier>1</CFGlacier>
        <CFSlope>1</CFSlope>
        <FC>672.61783524061048</FC>
        <LP>0.76742630126632938</LP>
        <BETA>4.792989468009841</BETA>
      </SubCatchmentVegetationZoneParameters>
    </SubCatchmentVegetationZone>
  </SubCatchment>
</Catchment>