<?xml version="1.0" encoding="utf-8"?>
<Catchment xmlns:xsi="http://www.w3.org/2001/XMLSchema-instance" xmlns:xsd="http://www.w3.org/2001/XMLSchema">
  <CatchmentParameters>
    <KSI>0.001</KSI>
    <KGmin>0.05</KGmin>
    <RangeKG>0.1</RangeKG>
    <AG>0.1</AG>
    <PERC>2.7184204485195433</PERC>
    <Alpha>0</Alpha>
    <UZL>67.747991788424684</UZL>
    <K0>0.44654561832642581</K0>
    <K1>0.19446831432416706</K1>
    <K2>0.012321587341885914</K2>
    <MAXBAS>1</MAXBAS>
    <Cet>0</Cet>
    <PCALT>10</PCALT>
    <TCALT>0.6</TCALT>
    <Pelev>3100</Pelev>
    <Telev>3100</Telev>
    <PART>0.5</PART>
    <DELAY>1</DELAY>
  </CatchmentParameters>
  <VegetationZone>
    <VegetationZoneParameters>
      <TT>-1.9000002241040608</TT>
      <CFMAX>2.615831831618562</CFMAX>
      <SP>0</SP>
      <SFCF>1.0356319335285411</SFCF>
      <CFR>8.49930726987743E-06</CFR>
      <CWH>0.10000011306670535</CWH>
      <CFGlacier>1</CFGlacier>
      <CFSlope>1</CFSlope>
      <FC>1100.8368873651054</FC>
      <LP>0.5263080575936161</LP>
      <BETA>3.1734196056782151</BETA>
    </VegetationZoneParameters>
  </VegetationZone>
  <SubCatchment>
    <SubCatchmentParameters>
      <KSI>0.001</KSI>
      <KGmin>0.05</KGmin>
      <RangeKG>0.1</RangeKG>
      <AG>0.1</AG>
      <PERC>2.7184204485195433</PERC>
      <Alpha>0</Alpha>
      <UZL>67.747991788424684</UZL>
      <K0>0.44654561832642581</K0>
      <K1>0.19446831432416706</K1>
      <K2>0.012321587341885914</K2>
      <MAXBAS>1</MAXBAS>
      <Cet>0</Cet>
      <PCALT>10</PCALT>
      <TCALT>0.6</TCALT>
      <Pelev>3100</Pelev>
      <Telev>3100</Telev>
      <PART>0.5</PART>
      <DELAY>1</DELAY>
    </SubCatchmentParameters>
    <SubCatchmentVegetationZone>
      <SubCatchmentVegetationZoneParameters>
        <TT>-1.9000002241040608</TT>
        <CFMAX>2.615831831618562</CFMAX>
        <SP>0</SP>
        <SFCF>1.0356319335285411</SFCF>
        <CFR>8.49930726987743E-06</CFR>
        <CWH>0.10000011306670535</CWH>
        <CFGlacier>1</CFGlacier>
        <CFSlope>1</CFSlope>
        <FC>1100.8368873651054</FC>
        <LP>0.5263080575936161</LP>
        <BETA>3.1734196056782151</BETA>
      </SubCatchmentVegetationZoneParameters>
    </SubCatchmentVegetationZone>
  </SubCatchment>
</Catchment>