<?xml version="1.0" encoding="utf-8"?>
<Catchment xmlns:xsi="http://www.w3.org/2001/XMLSchema-instance" xmlns:xsd="http://www.w3.org/2001/XMLSchema">
  <CatchmentParameters>
    <KSI>0.001</KSI>
    <KGmin>0.05</KGmin>
    <RangeKG>0.1</RangeKG>
    <AG>0.1</AG>
    <PERC>5.8422021272940139</PERC>
    <Alpha>0</Alpha>
    <UZL>73.100129035458068</UZL>
    <K0>0.14193329998317206</K0>
    <K1>0.28675379295589626</K1>
    <K2>0.097569195262864214</K2>
    <MAXBAS>1.2403392914132154</MAXBAS>
    <Cet>0</Cet>
    <PCALT>10</PCALT>
    <TCALT>0.6</TCALT>
    <Pelev>3100</Pelev>
    <Telev>3100</Telev>
    <PART>0.5</PART>
    <DELAY>1</DELAY>
  </CatchmentParameters>
  <VegetationZone>
    <VegetationZoneParameters>
      <TT>1.8547253132069814</TT>
      <CFMAX>4.50922188920125</CFMAX>
      <SP>0</SP>
      <SFCF>0.86701090849734486</SFCF>
      <CFR>0.029959525630095445</CFR>
      <CWH>0.15336761576782093</CWH>
      <CFGlacier>1</CFGlacier>
      <CFSlope>1</CFSlope>
      <FC>827.77859497700933</FC>
      <LP>0.53599185270087346</LP>
      <BETA>5.3960652855961975</BETA>
    </VegetationZoneParameters>
  </VegetationZone>
  <SubCatchment>
    <SubCatchmentParameters>
      <KSI>0.001</KSI>
      <KGmin>0.05</KGmin>
      <RangeKG>0.1</RangeKG>
      <AG>0.1</AG>
      <PERC>5.8422021272940139</PERC>
      <Alpha>0</Alpha>
      <UZL>73.100129035458068</UZL>
      <K0>0.14193329998317206</K0>
      <K1>0.28675379295589626</K1>
      <K2>0.097569195262864214</K2>
      <MAXBAS>1.2403392914132154</MAXBAS>
      <Cet>0</Cet>
      <PCALT>10</PCALT>
      <TCALT>0.6</TCALT>
      <Pelev>3100</Pelev>
      <Telev>3100</Telev>
      <PART>0.5</PART>
      <DELAY>1</DELAY>
    </SubCatchmentParameters>
    <SubCatchmentVegetationZone>
      <SubCatchmentVegetationZoneParameters>
        <TT>1.8547253132069814</TT>
        <CFMAX>4.50922188920125</CFMAX>
        <SP>0</SP>
        <SFCF>0.86701090849734486</SFCF>
        <CFR>0.029959525630095445</CFR>
        <CWH>0.15336761576782093</CWH>
        <CFGlacier>1</CFGlacier>
        <CFSlope>1</CFSlope>
        <FC>827.77859497700933</FC>
        <LP>0.53599185270087346</LP>
        <BETA>5.3960652855961975</BETA>
      </SubCatchmentVegetationZoneParameters>
    </SubCatchmentVegetationZone>
  </SubCatchment>
</Catchment>