<?xml version="1.0" encoding="utf-8"?>
<Catchment xmlns:xsi="http://www.w3.org/2001/XMLSchema-instance" xmlns:xsd="http://www.w3.org/2001/XMLSchema">
  <CatchmentParameters>
    <KSI>0.001</KSI>
    <KGmin>0.05</KGmin>
    <RangeKG>0.1</RangeKG>
    <AG>0.1</AG>
    <PERC>1.6606297318158905</PERC>
    <Alpha>0</Alpha>
    <UZL>154.22403088746586</UZL>
    <K0>0.56922234944549976</K0>
    <K1>0.049428651299538016</K1>
    <K2>0.010526522256206632</K2>
    <MAXBAS>1</MAXBAS>
    <Cet>0</Cet>
    <PCALT>10</PCALT>
    <TCALT>0.6</TCALT>
    <Pelev>3100</Pelev>
    <Telev>3100</Telev>
    <PART>0.5</PART>
    <DELAY>1</DELAY>
  </CatchmentParameters>
  <VegetationZone>
    <VegetationZoneParameters>
      <TT>-0.42529035566451084</TT>
      <CFMAX>4.2672499831770461</CFMAX>
      <SP>0</SP>
      <SFCF>0.99225640296801021</SFCF>
      <CFR>0.02749274512095351</CFR>
      <CWH>0.10000001665533712</CWH>
      <CFGlacier>1</CFGlacier>
      <CFSlope>1</CFSlope>
      <FC>1065.72259752746</FC>
      <LP>0.57171949846698933</LP>
      <BETA>3.5654410974079047</BETA>
    </VegetationZoneParameters>
  </VegetationZone>
  <SubCatchment>
    <SubCatchmentParameters>
      <KSI>0.001</KSI>
      <KGmin>0.05</KGmin>
      <RangeKG>0.1</RangeKG>
      <AG>0.1</AG>
      <PERC>1.6606297318158905</PERC>
      <Alpha>0</Alpha>
      <UZL>154.22403088746586</UZL>
      <K0>0.56922234944549976</K0>
      <K1>0.049428651299538016</K1>
      <K2>0.010526522256206632</K2>
      <MAXBAS>1</MAXBAS>
      <Cet>0</Cet>
      <PCALT>10</PCALT>
      <TCALT>0.6</TCALT>
      <Pelev>3100</Pelev>
      <Telev>3100</Telev>
      <PART>0.5</PART>
      <DELAY>1</DELAY>
    </SubCatchmentParameters>
    <SubCatchmentVegetationZone>
      <SubCatchmentVegetationZoneParameters>
        <TT>-0.42529035566451084</TT>
        <CFMAX>4.2672499831770461</CFMAX>
        <SP>0</SP>
        <SFCF>0.99225640296801021</SFCF>
        <CFR>0.02749274512095351</CFR>
        <CWH>0.10000001665533712</CWH>
        <CFGlacier>1</CFGlacier>
        <CFSlope>1</CFSlope>
        <FC>1065.72259752746</FC>
        <LP>0.57171949846698933</LP>
        <BETA>3.5654410974079047</BETA>
      </SubCatchmentVegetationZoneParameters>
    </SubCatchmentVegetationZone>
  </SubCatchment>
</Catchment>