<?xml version="1.0" encoding="utf-8"?>
<Catchment xmlns:xsi="http://www.w3.org/2001/XMLSchema-instance" xmlns:xsd="http://www.w3.org/2001/XMLSchema">
  <CatchmentParameters>
    <KSI>0.001</KSI>
    <KGmin>0.05</KGmin>
    <RangeKG>0.1</RangeKG>
    <AG>0.1</AG>
    <PERC>2.1397742551520151</PERC>
    <Alpha>0</Alpha>
    <UZL>115.91783381012097</UZL>
    <K0>0.20494644775534696</K0>
    <K1>0.080839530111891031</K1>
    <K2>0.012710578799374477</K2>
    <MAXBAS>1</MAXBAS>
    <Cet>0</Cet>
    <PCALT>10</PCALT>
    <TCALT>0.6</TCALT>
    <Pelev>3100</Pelev>
    <Telev>3100</Telev>
    <PART>0.5</PART>
    <DELAY>1</DELAY>
  </CatchmentParameters>
  <VegetationZone>
    <VegetationZoneParameters>
      <TT>-0.70000027468514014</TT>
      <CFMAX>3.5963315460234351</CFMAX>
      <SP>0</SP>
      <SFCF>0.931523782439696</SFCF>
      <CFR>0.032121445207020607</CFR>
      <CWH>0.10000004727518101</CWH>
      <CFGlacier>1</CFGlacier>
      <CFSlope>1</CFSlope>
      <FC>1112.6626370130873</FC>
      <LP>0.37767062670351065</LP>
      <BETA>2.1709532004977</BETA>
    </VegetationZoneParameters>
  </VegetationZone>
  <SubCatchment>
    <SubCatchmentParameters>
      <KSI>0.001</KSI>
      <KGmin>0.05</KGmin>
      <RangeKG>0.1</RangeKG>
      <AG>0.1</AG>
      <PERC>2.1397742551520151</PERC>
      <Alpha>0</Alpha>
      <UZL>115.91783381012097</UZL>
      <K0>0.20494644775534696</K0>
      <K1>0.080839530111891031</K1>
      <K2>0.012710578799374477</K2>
      <MAXBAS>1</MAXBAS>
      <Cet>0</Cet>
      <PCALT>10</PCALT>
      <TCALT>0.6</TCALT>
      <Pelev>3100</Pelev>
      <Telev>3100</Telev>
      <PART>0.5</PART>
      <DELAY>1</DELAY>
    </SubCatchmentParameters>
    <SubCatchmentVegetationZone>
      <SubCatchmentVegetationZoneParameters>
        <TT>-0.70000027468514014</TT>
        <CFMAX>3.5963315460234351</CFMAX>
        <SP>0</SP>
        <SFCF>0.931523782439696</SFCF>
        <CFR>0.032121445207020607</CFR>
        <CWH>0.10000004727518101</CWH>
        <CFGlacier>1</CFGlacier>
        <CFSlope>1</CFSlope>
        <FC>1112.6626370130873</FC>
        <LP>0.37767062670351065</LP>
        <BETA>2.1709532004977</BETA>
      </SubCatchmentVegetationZoneParameters>
    </SubCatchmentVegetationZone>
  </SubCatchment>
</Catchment>