<?xml version="1.0" encoding="utf-8"?>
<Catchment xmlns:xsi="http://www.w3.org/2001/XMLSchema-instance" xmlns:xsd="http://www.w3.org/2001/XMLSchema">
  <CatchmentParameters>
    <KSI>0.001</KSI>
    <KGmin>0.05</KGmin>
    <RangeKG>0.1</RangeKG>
    <AG>0.1</AG>
    <PERC>6.1263781220376057</PERC>
    <Alpha>0</Alpha>
    <UZL>24.043959901332872</UZL>
    <K0>0.36366294557144091</K0>
    <K1>0.33579182206637676</K1>
    <K2>0.068395442422899785</K2>
    <MAXBAS>1.1609994491778899</MAXBAS>
    <Cet>0</Cet>
    <PCALT>10</PCALT>
    <TCALT>0.6</TCALT>
    <Pelev>3100</Pelev>
    <Telev>3100</Telev>
    <PART>0.5</PART>
    <DELAY>1</DELAY>
  </CatchmentParameters>
  <VegetationZone>
    <VegetationZoneParameters>
      <TT>1.8712075009386591</TT>
      <CFMAX>4.2092143691845223</CFMAX>
      <SP>0</SP>
      <SFCF>0.78821713101381163</SFCF>
      <CFR>0.048752443414723227</CFR>
      <CWH>0.17625243230520837</CWH>
      <CFGlacier>1</CFGlacier>
      <CFSlope>1</CFSlope>
      <FC>792.48290319270382</FC>
      <LP>0.45036606015950315</LP>
      <BETA>5.5981505198521653</BETA>
    </VegetationZoneParameters>
  </VegetationZone>
  <SubCatchment>
    <SubCatchmentParameters>
      <KSI>0.001</KSI>
      <KGmin>0.05</KGmin>
      <RangeKG>0.1</RangeKG>
      <AG>0.1</AG>
      <PERC>6.1263781220376057</PERC>
      <Alpha>0</Alpha>
      <UZL>24.043959901332872</UZL>
      <K0>0.36366294557144091</K0>
      <K1>0.33579182206637676</K1>
      <K2>0.068395442422899785</K2>
      <MAXBAS>1.1609994491778899</MAXBAS>
      <Cet>0</Cet>
      <PCALT>10</PCALT>
      <TCALT>0.6</TCALT>
      <Pelev>3100</Pelev>
      <Telev>3100</Telev>
      <PART>0.5</PART>
      <DELAY>1</DELAY>
    </SubCatchmentParameters>
    <SubCatchmentVegetationZone>
      <SubCatchmentVegetationZoneParameters>
        <TT>1.8712075009386591</TT>
        <CFMAX>4.2092143691845223</CFMAX>
        <SP>0</SP>
        <SFCF>0.78821713101381163</SFCF>
        <CFR>0.048752443414723227</CFR>
        <CWH>0.17625243230520837</CWH>
        <CFGlacier>1</CFGlacier>
        <CFSlope>1</CFSlope>
        <FC>792.48290319270382</FC>
        <LP>0.45036606015950315</LP>
        <BETA>5.5981505198521653</BETA>
      </SubCatchmentVegetationZoneParameters>
    </SubCatchmentVegetationZone>
  </SubCatchment>
</Catchment>