<?xml version="1.0" encoding="utf-8"?>
<Catchment xmlns:xsi="http://www.w3.org/2001/XMLSchema-instance" xmlns:xsd="http://www.w3.org/2001/XMLSchema">
  <CatchmentParameters>
    <KSI>0.001</KSI>
    <KGmin>0.05</KGmin>
    <RangeKG>0.1</RangeKG>
    <AG>0.1</AG>
    <PERC>7.9808929260899157</PERC>
    <Alpha>0</Alpha>
    <UZL>118.81402512446879</UZL>
    <K0>0.56025480166003672</K0>
    <K1>0.018211993002007487</K1>
    <K2>0.065013430710878617</K2>
    <MAXBAS>1.2191371702159497</MAXBAS>
    <Cet>0</Cet>
    <PCALT>10</PCALT>
    <TCALT>0.6</TCALT>
    <Pelev>3100</Pelev>
    <Telev>3100</Telev>
    <PART>0.5</PART>
    <DELAY>1</DELAY>
  </CatchmentParameters>
  <VegetationZone>
    <VegetationZoneParameters>
      <TT>1.5975830691240964</TT>
      <CFMAX>4.567590808662767</CFMAX>
      <SP>0</SP>
      <SFCF>0.96507890703538057</SFCF>
      <CFR>0.045263069493287914</CFR>
      <CWH>0.13058272876609542</CWH>
      <CFGlacier>1</CFGlacier>
      <CFSlope>1</CFSlope>
      <FC>701.82795071100713</FC>
      <LP>0.56056990025111264</LP>
      <BETA>5.3609310770309859</BETA>
    </VegetationZoneParameters>
  </VegetationZone>
  <SubCatchment>
    <SubCatchmentParameters>
      <KSI>0.001</KSI>
      <KGmin>0.05</KGmin>
      <RangeKG>0.1</RangeKG>
      <AG>0.1</AG>
      <PERC>7.9808929260899157</PERC>
      <Alpha>0</Alpha>
      <UZL>118.81402512446879</UZL>
      <K0>0.56025480166003672</K0>
      <K1>0.018211993002007487</K1>
      <K2>0.065013430710878617</K2>
      <MAXBAS>1.2191371702159497</MAXBAS>
      <Cet>0</Cet>
      <PCALT>10</PCALT>
      <TCALT>0.6</TCALT>
      <Pelev>3100</Pelev>
      <Telev>3100</Telev>
      <PART>0.5</PART>
      <DELAY>1</DELAY>
    </SubCatchmentParameters>
    <SubCatchmentVegetationZone>
      <SubCatchmentVegetationZoneParameters>
        <TT>1.5975830691240964</TT>
        <CFMAX>4.567590808662767</CFMAX>
        <SP>0</SP>
        <SFCF>0.96507890703538057</SFCF>
        <CFR>0.045263069493287914</CFR>
        <CWH>0.13058272876609542</CWH>
        <CFGlacier>1</CFGlacier>
        <CFSlope>1</CFSlope>
        <FC>701.82795071100713</FC>
        <LP>0.56056990025111264</LP>
        <BETA>5.3609310770309859</BETA>
      </SubCatchmentVegetationZoneParameters>
    </SubCatchmentVegetationZone>
  </SubCatchment>
</Catchment>