<?xml version="1.0" encoding="utf-8"?>
<Catchment xmlns:xsi="http://www.w3.org/2001/XMLSchema-instance" xmlns:xsd="http://www.w3.org/2001/XMLSchema">
  <CatchmentParameters>
    <KSI>0.001</KSI>
    <KGmin>0.05</KGmin>
    <RangeKG>0.1</RangeKG>
    <AG>0.1</AG>
    <PERC>7.07006630611109</PERC>
    <Alpha>0</Alpha>
    <UZL>71.644949060343677</UZL>
    <K0>0.56681644473502968</K0>
    <K1>0.39058377627885033</K1>
    <K2>0.074883420444562088</K2>
    <MAXBAS>1.2571639758961815</MAXBAS>
    <Cet>0</Cet>
    <PCALT>10</PCALT>
    <TCALT>0.6</TCALT>
    <Pelev>3100</Pelev>
    <Telev>3100</Telev>
    <PART>0.5</PART>
    <DELAY>1</DELAY>
  </CatchmentParameters>
  <VegetationZone>
    <VegetationZoneParameters>
      <TT>2.1659348607826749</TT>
      <CFMAX>4.9418184659603526</CFMAX>
      <SP>0</SP>
      <SFCF>0.699105171408919</SFCF>
      <CFR>0.047106291125499668</CFR>
      <CWH>0.16944378616078004</CWH>
      <CFGlacier>1</CFGlacier>
      <CFSlope>1</CFSlope>
      <FC>918.92771745264986</FC>
      <LP>0.6452009531116093</LP>
      <BETA>5.9340355969875835</BETA>
    </VegetationZoneParameters>
  </VegetationZone>
  <SubCatchment>
    <SubCatchmentParameters>
      <KSI>0.001</KSI>
      <KGmin>0.05</KGmin>
      <RangeKG>0.1</RangeKG>
      <AG>0.1</AG>
      <PERC>7.07006630611109</PERC>
      <Alpha>0</Alpha>
      <UZL>71.644949060343677</UZL>
      <K0>0.56681644473502968</K0>
      <K1>0.39058377627885033</K1>
      <K2>0.074883420444562088</K2>
      <MAXBAS>1.2571639758961815</MAXBAS>
      <Cet>0</Cet>
      <PCALT>10</PCALT>
      <TCALT>0.6</TCALT>
      <Pelev>3100</Pelev>
      <Telev>3100</Telev>
      <PART>0.5</PART>
      <DELAY>1</DELAY>
    </SubCatchmentParameters>
    <SubCatchmentVegetationZone>
      <SubCatchmentVegetationZoneParameters>
        <TT>2.1659348607826749</TT>
        <CFMAX>4.9418184659603526</CFMAX>
        <SP>0</SP>
        <SFCF>0.699105171408919</SFCF>
        <CFR>0.047106291125499668</CFR>
        <CWH>0.16944378616078004</CWH>
        <CFGlacier>1</CFGlacier>
        <CFSlope>1</CFSlope>
        <FC>918.92771745264986</FC>
        <LP>0.6452009531116093</LP>
        <BETA>5.9340355969875835</BETA>
      </SubCatchmentVegetationZoneParameters>
    </SubCatchmentVegetationZone>
  </SubCatchment>
</Catchment>