<?xml version="1.0" encoding="utf-8"?>
<Catchment xmlns:xsi="http://www.w3.org/2001/XMLSchema-instance" xmlns:xsd="http://www.w3.org/2001/XMLSchema">
  <CatchmentParameters>
    <KSI>0.001</KSI>
    <KGmin>0.05</KGmin>
    <RangeKG>0.1</RangeKG>
    <AG>0.1</AG>
    <PERC>8.5508485757427586</PERC>
    <Alpha>0</Alpha>
    <UZL>56.560632264722607</UZL>
    <K0>0.147073723883258</K0>
    <K1>0.39903644209685485</K1>
    <K2>0.028749689828304874</K2>
    <MAXBAS>1.1443345406006453</MAXBAS>
    <Cet>0</Cet>
    <PCALT>10</PCALT>
    <TCALT>0.6</TCALT>
    <Pelev>3100</Pelev>
    <Telev>3100</Telev>
    <PART>0.5</PART>
    <DELAY>1</DELAY>
  </CatchmentParameters>
  <VegetationZone>
    <VegetationZoneParameters>
      <TT>2.1508244090237354</TT>
      <CFMAX>4.6346772059723982</CFMAX>
      <SP>0</SP>
      <SFCF>0.97162472490995533</SFCF>
      <CFR>0.02910721003618769</CFR>
      <CWH>0.14390110417714935</CWH>
      <CFGlacier>1</CFGlacier>
      <CFSlope>1</CFSlope>
      <FC>807.85500191503343</FC>
      <LP>0.58137350629892737</LP>
      <BETA>5.79502657494311</BETA>
    </VegetationZoneParameters>
  </VegetationZone>
  <SubCatchment>
    <SubCatchmentParameters>
      <KSI>0.001</KSI>
      <KGmin>0.05</KGmin>
      <RangeKG>0.1</RangeKG>
      <AG>0.1</AG>
      <PERC>8.5508485757427586</PERC>
      <Alpha>0</Alpha>
      <UZL>56.560632264722607</UZL>
      <K0>0.147073723883258</K0>
      <K1>0.39903644209685485</K1>
      <K2>0.028749689828304874</K2>
      <MAXBAS>1.1443345406006453</MAXBAS>
      <Cet>0</Cet>
      <PCALT>10</PCALT>
      <TCALT>0.6</TCALT>
      <Pelev>3100</Pelev>
      <Telev>3100</Telev>
      <PART>0.5</PART>
      <DELAY>1</DELAY>
    </SubCatchmentParameters>
    <SubCatchmentVegetationZone>
      <SubCatchmentVegetationZoneParameters>
        <TT>2.1508244090237354</TT>
        <CFMAX>4.6346772059723982</CFMAX>
        <SP>0</SP>
        <SFCF>0.97162472490995533</SFCF>
        <CFR>0.02910721003618769</CFR>
        <CWH>0.14390110417714935</CWH>
        <CFGlacier>1</CFGlacier>
        <CFSlope>1</CFSlope>
        <FC>807.85500191503343</FC>
        <LP>0.58137350629892737</LP>
        <BETA>5.79502657494311</BETA>
      </SubCatchmentVegetationZoneParameters>
    </SubCatchmentVegetationZone>
  </SubCatchment>
</Catchment>