<?xml version="1.0" encoding="utf-8"?>
<Catchment xmlns:xsi="http://www.w3.org/2001/XMLSchema-instance" xmlns:xsd="http://www.w3.org/2001/XMLSchema">
  <CatchmentParameters>
    <KSI>0.001</KSI>
    <KGmin>0.05</KGmin>
    <RangeKG>0.1</RangeKG>
    <AG>0.1</AG>
    <PERC>9.3257756507848839</PERC>
    <Alpha>0</Alpha>
    <UZL>11.203784075988224</UZL>
    <K0>0.21270221881038576</K0>
    <K1>0.24540125144196112</K1>
    <K2>0.055793972116101237</K2>
    <MAXBAS>1.513434283859495</MAXBAS>
    <Cet>0</Cet>
    <PCALT>10</PCALT>
    <TCALT>0.6</TCALT>
    <Pelev>3100</Pelev>
    <Telev>3100</Telev>
    <PART>0.5</PART>
    <DELAY>1</DELAY>
  </CatchmentParameters>
  <VegetationZone>
    <VegetationZoneParameters>
      <TT>1.6733069575435378</TT>
      <CFMAX>4.4883125014593581</CFMAX>
      <SP>0</SP>
      <SFCF>0.80427799620334317</SFCF>
      <CFR>0.033469014783281154</CFR>
      <CWH>0.15480707838074975</CWH>
      <CFGlacier>1</CFGlacier>
      <CFSlope>1</CFSlope>
      <FC>588.79474206665134</FC>
      <LP>0.62665131793465678</LP>
      <BETA>5.8477418030346024</BETA>
    </VegetationZoneParameters>
  </VegetationZone>
  <SubCatchment>
    <SubCatchmentParameters>
      <KSI>0.001</KSI>
      <KGmin>0.05</KGmin>
      <RangeKG>0.1</RangeKG>
      <AG>0.1</AG>
      <PERC>9.3257756507848839</PERC>
      <Alpha>0</Alpha>
      <UZL>11.203784075988224</UZL>
      <K0>0.21270221881038576</K0>
      <K1>0.24540125144196112</K1>
      <K2>0.055793972116101237</K2>
      <MAXBAS>1.513434283859495</MAXBAS>
      <Cet>0</Cet>
      <PCALT>10</PCALT>
      <TCALT>0.6</TCALT>
      <Pelev>3100</Pelev>
      <Telev>3100</Telev>
      <PART>0.5</PART>
      <DELAY>1</DELAY>
    </SubCatchmentParameters>
    <SubCatchmentVegetationZone>
      <SubCatchmentVegetationZoneParameters>
        <TT>1.6733069575435378</TT>
        <CFMAX>4.4883125014593581</CFMAX>
        <SP>0</SP>
        <SFCF>0.80427799620334317</SFCF>
        <CFR>0.033469014783281154</CFR>
        <CWH>0.15480707838074975</CWH>
        <CFGlacier>1</CFGlacier>
        <CFSlope>1</CFSlope>
        <FC>588.79474206665134</FC>
        <LP>0.62665131793465678</LP>
        <BETA>5.8477418030346024</BETA>
      </SubCatchmentVegetationZoneParameters>
    </SubCatchmentVegetationZone>
  </SubCatchment>
</Catchment>