<?xml version="1.0" encoding="utf-8"?>
<Catchment xmlns:xsi="http://www.w3.org/2001/XMLSchema-instance" xmlns:xsd="http://www.w3.org/2001/XMLSchema">
  <CatchmentParameters>
    <KSI>0.001</KSI>
    <KGmin>0.05</KGmin>
    <RangeKG>0.1</RangeKG>
    <AG>0.1</AG>
    <PERC>1.9280247008422031</PERC>
    <Alpha>0</Alpha>
    <UZL>199.9994151095658</UZL>
    <K0>0.21703778637179624</K0>
    <K1>0.064151124775790852</K1>
    <K2>0.010201438851521971</K2>
    <MAXBAS>1</MAXBAS>
    <Cet>0</Cet>
    <PCALT>10</PCALT>
    <TCALT>0.6</TCALT>
    <Pelev>3100</Pelev>
    <Telev>3100</Telev>
    <PART>0.5</PART>
    <DELAY>1</DELAY>
  </CatchmentParameters>
  <VegetationZone>
    <VegetationZoneParameters>
      <TT>-0.42130166283437948</TT>
      <CFMAX>3.548224016385666</CFMAX>
      <SP>0</SP>
      <SFCF>0.81907347462291114</SFCF>
      <CFR>0.028849938201680234</CFR>
      <CWH>0.10000004536045463</CWH>
      <CFGlacier>1</CFGlacier>
      <CFSlope>1</CFSlope>
      <FC>751.12217149503942</FC>
      <LP>0.60117916369987245</LP>
      <BETA>3.3586919977719334</BETA>
    </VegetationZoneParameters>
  </VegetationZone>
  <SubCatchment>
    <SubCatchmentParameters>
      <KSI>0.001</KSI>
      <KGmin>0.05</KGmin>
      <RangeKG>0.1</RangeKG>
      <AG>0.1</AG>
      <PERC>1.9280247008422031</PERC>
      <Alpha>0</Alpha>
      <UZL>199.9994151095658</UZL>
      <K0>0.21703778637179624</K0>
      <K1>0.064151124775790852</K1>
      <K2>0.010201438851521971</K2>
      <MAXBAS>1</MAXBAS>
      <Cet>0</Cet>
      <PCALT>10</PCALT>
      <TCALT>0.6</TCALT>
      <Pelev>3100</Pelev>
      <Telev>3100</Telev>
      <PART>0.5</PART>
      <DELAY>1</DELAY>
    </SubCatchmentParameters>
    <SubCatchmentVegetationZone>
      <SubCatchmentVegetationZoneParameters>
        <TT>-0.42130166283437948</TT>
        <CFMAX>3.548224016385666</CFMAX>
        <SP>0</SP>
        <SFCF>0.81907347462291114</SFCF>
        <CFR>0.028849938201680234</CFR>
        <CWH>0.10000004536045463</CWH>
        <CFGlacier>1</CFGlacier>
        <CFSlope>1</CFSlope>
        <FC>751.12217149503942</FC>
        <LP>0.60117916369987245</LP>
        <BETA>3.3586919977719334</BETA>
      </SubCatchmentVegetationZoneParameters>
    </SubCatchmentVegetationZone>
  </SubCatchment>
</Catchment>