<?xml version="1.0" encoding="utf-8"?>
<Catchment xmlns:xsi="http://www.w3.org/2001/XMLSchema-instance" xmlns:xsd="http://www.w3.org/2001/XMLSchema">
  <CatchmentParameters>
    <KSI>0.001</KSI>
    <KGmin>0.05</KGmin>
    <RangeKG>0.1</RangeKG>
    <AG>0.1</AG>
    <PERC>9.75175002800044</PERC>
    <Alpha>0</Alpha>
    <UZL>163.27418241085044</UZL>
    <K0>0.59789558326545034</K0>
    <K1>0.34714282950112879</K1>
    <K2>0.07901006851931236</K2>
    <MAXBAS>1.0568862891896207</MAXBAS>
    <Cet>0</Cet>
    <PCALT>10</PCALT>
    <TCALT>0.6</TCALT>
    <Pelev>3100</Pelev>
    <Telev>3100</Telev>
    <PART>0.5</PART>
    <DELAY>1</DELAY>
  </CatchmentParameters>
  <VegetationZone>
    <VegetationZoneParameters>
      <TT>2.3079433367936435</TT>
      <CFMAX>3.0031404544292206</CFMAX>
      <SP>0</SP>
      <SFCF>0.58069290383896144</SFCF>
      <CFR>0.038990166426307885</CFR>
      <CWH>0.16755866082539903</CWH>
      <CFGlacier>1</CFGlacier>
      <CFSlope>1</CFSlope>
      <FC>758.40071106847654</FC>
      <LP>0.57579201224537591</LP>
      <BETA>5.9458406356782376</BETA>
    </VegetationZoneParameters>
  </VegetationZone>
  <SubCatchment>
    <SubCatchmentParameters>
      <KSI>0.001</KSI>
      <KGmin>0.05</KGmin>
      <RangeKG>0.1</RangeKG>
      <AG>0.1</AG>
      <PERC>9.75175002800044</PERC>
      <Alpha>0</Alpha>
      <UZL>163.27418241085044</UZL>
      <K0>0.59789558326545034</K0>
      <K1>0.34714282950112879</K1>
      <K2>0.07901006851931236</K2>
      <MAXBAS>1.0568862891896207</MAXBAS>
      <Cet>0</Cet>
      <PCALT>10</PCALT>
      <TCALT>0.6</TCALT>
      <Pelev>3100</Pelev>
      <Telev>3100</Telev>
      <PART>0.5</PART>
      <DELAY>1</DELAY>
    </SubCatchmentParameters>
    <SubCatchmentVegetationZone>
      <SubCatchmentVegetationZoneParameters>
        <TT>2.3079433367936435</TT>
        <CFMAX>3.0031404544292206</CFMAX>
        <SP>0</SP>
        <SFCF>0.58069290383896144</SFCF>
        <CFR>0.038990166426307885</CFR>
        <CWH>0.16755866082539903</CWH>
        <CFGlacier>1</CFGlacier>
        <CFSlope>1</CFSlope>
        <FC>758.40071106847654</FC>
        <LP>0.57579201224537591</LP>
        <BETA>5.9458406356782376</BETA>
      </SubCatchmentVegetationZoneParameters>
    </SubCatchmentVegetationZone>
  </SubCatchment>
</Catchment>