<?xml version="1.0" encoding="utf-8"?>
<Catchment xmlns:xsi="http://www.w3.org/2001/XMLSchema-instance" xmlns:xsd="http://www.w3.org/2001/XMLSchema">
  <CatchmentParameters>
    <KSI>0.001</KSI>
    <KGmin>0.05</KGmin>
    <RangeKG>0.1</RangeKG>
    <AG>0.1</AG>
    <PERC>4.8686416745982832</PERC>
    <Alpha>0</Alpha>
    <UZL>98.720564207569325</UZL>
    <K0>0.28479113679745027</K0>
    <K1>0.36789868954908378</K1>
    <K2>0.076762511586397561</K2>
    <MAXBAS>1.3203214601369866</MAXBAS>
    <Cet>0</Cet>
    <PCALT>10</PCALT>
    <TCALT>0.6</TCALT>
    <Pelev>3100</Pelev>
    <Telev>3100</Telev>
    <PART>0.5</PART>
    <DELAY>1</DELAY>
  </CatchmentParameters>
  <VegetationZone>
    <VegetationZoneParameters>
      <TT>2.0848313044916811</TT>
      <CFMAX>4.7921836438208887</CFMAX>
      <SP>0</SP>
      <SFCF>0.51107837385130372</SFCF>
      <CFR>0.049287213944821918</CFR>
      <CWH>0.17684617872257544</CWH>
      <CFGlacier>1</CFGlacier>
      <CFSlope>1</CFSlope>
      <FC>772.99504072303216</FC>
      <LP>0.59425878350537309</LP>
      <BETA>5.1093707050536414</BETA>
    </VegetationZoneParameters>
  </VegetationZone>
  <SubCatchment>
    <SubCatchmentParameters>
      <KSI>0.001</KSI>
      <KGmin>0.05</KGmin>
      <RangeKG>0.1</RangeKG>
      <AG>0.1</AG>
      <PERC>4.8686416745982832</PERC>
      <Alpha>0</Alpha>
      <UZL>98.720564207569325</UZL>
      <K0>0.28479113679745027</K0>
      <K1>0.36789868954908378</K1>
      <K2>0.076762511586397561</K2>
      <MAXBAS>1.3203214601369866</MAXBAS>
      <Cet>0</Cet>
      <PCALT>10</PCALT>
      <TCALT>0.6</TCALT>
      <Pelev>3100</Pelev>
      <Telev>3100</Telev>
      <PART>0.5</PART>
      <DELAY>1</DELAY>
    </SubCatchmentParameters>
    <SubCatchmentVegetationZone>
      <SubCatchmentVegetationZoneParameters>
        <TT>2.0848313044916811</TT>
        <CFMAX>4.7921836438208887</CFMAX>
        <SP>0</SP>
        <SFCF>0.51107837385130372</SFCF>
        <CFR>0.049287213944821918</CFR>
        <CWH>0.17684617872257544</CWH>
        <CFGlacier>1</CFGlacier>
        <CFSlope>1</CFSlope>
        <FC>772.99504072303216</FC>
        <LP>0.59425878350537309</LP>
        <BETA>5.1093707050536414</BETA>
      </SubCatchmentVegetationZoneParameters>
    </SubCatchmentVegetationZone>
  </SubCatchment>
</Catchment>