<?xml version="1.0" encoding="utf-8"?>
<Catchment xmlns:xsi="http://www.w3.org/2001/XMLSchema-instance" xmlns:xsd="http://www.w3.org/2001/XMLSchema">
  <CatchmentParameters>
    <KSI>0.001</KSI>
    <KGmin>0.05</KGmin>
    <RangeKG>0.1</RangeKG>
    <AG>0.1</AG>
    <PERC>6.140888026266774</PERC>
    <Alpha>0</Alpha>
    <UZL>89.063672729466234</UZL>
    <K0>0.15664727905111386</K0>
    <K1>0.16260268316362345</K1>
    <K2>0.13023740209507273</K2>
    <MAXBAS>1.8470842552886539</MAXBAS>
    <Cet>0</Cet>
    <PCALT>10</PCALT>
    <TCALT>0.6</TCALT>
    <Pelev>3100</Pelev>
    <Telev>3100</Telev>
    <PART>0.5</PART>
    <DELAY>1</DELAY>
  </CatchmentParameters>
  <VegetationZone>
    <VegetationZoneParameters>
      <TT>2.2518438082783843</TT>
      <CFMAX>4.956109810413805</CFMAX>
      <SP>0</SP>
      <SFCF>0.6065898752481943</SFCF>
      <CFR>0.065281597341008024</CFR>
      <CWH>0.14665007041117614</CWH>
      <CFGlacier>1</CFGlacier>
      <CFSlope>1</CFSlope>
      <FC>907.627023612269</FC>
      <LP>0.61199986076251933</LP>
      <BETA>4.0741317385389486</BETA>
    </VegetationZoneParameters>
  </VegetationZone>
  <SubCatchment>
    <SubCatchmentParameters>
      <KSI>0.001</KSI>
      <KGmin>0.05</KGmin>
      <RangeKG>0.1</RangeKG>
      <AG>0.1</AG>
      <PERC>6.140888026266774</PERC>
      <Alpha>0</Alpha>
      <UZL>89.063672729466234</UZL>
      <K0>0.15664727905111386</K0>
      <K1>0.16260268316362345</K1>
      <K2>0.13023740209507273</K2>
      <MAXBAS>1.8470842552886539</MAXBAS>
      <Cet>0</Cet>
      <PCALT>10</PCALT>
      <TCALT>0.6</TCALT>
      <Pelev>3100</Pelev>
      <Telev>3100</Telev>
      <PART>0.5</PART>
      <DELAY>1</DELAY>
    </SubCatchmentParameters>
    <SubCatchmentVegetationZone>
      <SubCatchmentVegetationZoneParameters>
        <TT>2.2518438082783843</TT>
        <CFMAX>4.956109810413805</CFMAX>
        <SP>0</SP>
        <SFCF>0.6065898752481943</SFCF>
        <CFR>0.065281597341008024</CFR>
        <CWH>0.14665007041117614</CWH>
        <CFGlacier>1</CFGlacier>
        <CFSlope>1</CFSlope>
        <FC>907.627023612269</FC>
        <LP>0.61199986076251933</LP>
        <BETA>4.0741317385389486</BETA>
      </SubCatchmentVegetationZoneParameters>
    </SubCatchmentVegetationZone>
  </SubCatchment>
</Catchment>