<?xml version="1.0" encoding="utf-8"?>
<Catchment xmlns:xsi="http://www.w3.org/2001/XMLSchema-instance" xmlns:xsd="http://www.w3.org/2001/XMLSchema">
  <CatchmentParameters>
    <KSI>0.001</KSI>
    <KGmin>0.05</KGmin>
    <RangeKG>0.1</RangeKG>
    <AG>0.1</AG>
    <PERC>5.5305159845489644</PERC>
    <Alpha>0</Alpha>
    <UZL>94.401072876838086</UZL>
    <K0>0.56653639486043228</K0>
    <K1>0.020626729440897162</K1>
    <K2>0.1143069240027608</K2>
    <MAXBAS>1.6051426734720959</MAXBAS>
    <Cet>0</Cet>
    <PCALT>10</PCALT>
    <TCALT>0.6</TCALT>
    <Pelev>3100</Pelev>
    <Telev>3100</Telev>
    <PART>0.5</PART>
    <DELAY>1</DELAY>
  </CatchmentParameters>
  <VegetationZone>
    <VegetationZoneParameters>
      <TT>2.38113101029669</TT>
      <CFMAX>4.9810560925693164</CFMAX>
      <SP>0</SP>
      <SFCF>0.86851527797180861</SFCF>
      <CFR>0.039829328893915855</CFR>
      <CWH>0.12709191717532867</CWH>
      <CFGlacier>1</CFGlacier>
      <CFSlope>1</CFSlope>
      <FC>652.02219300553361</FC>
      <LP>0.43534515076603947</LP>
      <BETA>5.0814405045842195</BETA>
    </VegetationZoneParameters>
  </VegetationZone>
  <SubCatchment>
    <SubCatchmentParameters>
      <KSI>0.001</KSI>
      <KGmin>0.05</KGmin>
      <RangeKG>0.1</RangeKG>
      <AG>0.1</AG>
      <PERC>5.5305159845489644</PERC>
      <Alpha>0</Alpha>
      <UZL>94.401072876838086</UZL>
      <K0>0.56653639486043228</K0>
      <K1>0.020626729440897162</K1>
      <K2>0.1143069240027608</K2>
      <MAXBAS>1.6051426734720959</MAXBAS>
      <Cet>0</Cet>
      <PCALT>10</PCALT>
      <TCALT>0.6</TCALT>
      <Pelev>3100</Pelev>
      <Telev>3100</Telev>
      <PART>0.5</PART>
      <DELAY>1</DELAY>
    </SubCatchmentParameters>
    <SubCatchmentVegetationZone>
      <SubCatchmentVegetationZoneParameters>
        <TT>2.38113101029669</TT>
        <CFMAX>4.9810560925693164</CFMAX>
        <SP>0</SP>
        <SFCF>0.86851527797180861</SFCF>
        <CFR>0.039829328893915855</CFR>
        <CWH>0.12709191717532867</CWH>
        <CFGlacier>1</CFGlacier>
        <CFSlope>1</CFSlope>
        <FC>652.02219300553361</FC>
        <LP>0.43534515076603947</LP>
        <BETA>5.0814405045842195</BETA>
      </SubCatchmentVegetationZoneParameters>
    </SubCatchmentVegetationZone>
  </SubCatchment>
</Catchment>