<?xml version="1.0" encoding="utf-8"?>
<Catchment xmlns:xsi="http://www.w3.org/2001/XMLSchema-instance" xmlns:xsd="http://www.w3.org/2001/XMLSchema">
  <CatchmentParameters>
    <KSI>0.001</KSI>
    <KGmin>0.05</KGmin>
    <RangeKG>0.1</RangeKG>
    <AG>0.1</AG>
    <PERC>5.5792408041414223</PERC>
    <Alpha>0</Alpha>
    <UZL>94.804526197769633</UZL>
    <K0>0.481909053224377</K0>
    <K1>0.22205724250942793</K1>
    <K2>0.011019326566498859</K2>
    <MAXBAS>1</MAXBAS>
    <Cet>0</Cet>
    <PCALT>10</PCALT>
    <TCALT>0.6</TCALT>
    <Pelev>3100</Pelev>
    <Telev>3100</Telev>
    <PART>0.5</PART>
    <DELAY>1</DELAY>
  </CatchmentParameters>
  <VegetationZone>
    <VegetationZoneParameters>
      <TT>-0.81716430722668743</TT>
      <CFMAX>3.3096116499083106</CFMAX>
      <SP>0</SP>
      <SFCF>0.70167773524337063</SFCF>
      <CFR>0.040757622504732305</CFR>
      <CWH>0.1568567965373901</CWH>
      <CFGlacier>1</CFGlacier>
      <CFSlope>1</CFSlope>
      <FC>593.1152306167636</FC>
      <LP>0.660228066624541</LP>
      <BETA>3.370182386189045</BETA>
    </VegetationZoneParameters>
  </VegetationZone>
  <SubCatchment>
    <SubCatchmentParameters>
      <KSI>0.001</KSI>
      <KGmin>0.05</KGmin>
      <RangeKG>0.1</RangeKG>
      <AG>0.1</AG>
      <PERC>5.5792408041414223</PERC>
      <Alpha>0</Alpha>
      <UZL>94.804526197769633</UZL>
      <K0>0.481909053224377</K0>
      <K1>0.22205724250942793</K1>
      <K2>0.011019326566498859</K2>
      <MAXBAS>1</MAXBAS>
      <Cet>0</Cet>
      <PCALT>10</PCALT>
      <TCALT>0.6</TCALT>
      <Pelev>3100</Pelev>
      <Telev>3100</Telev>
      <PART>0.5</PART>
      <DELAY>1</DELAY>
    </SubCatchmentParameters>
    <SubCatchmentVegetationZone>
      <SubCatchmentVegetationZoneParameters>
        <TT>-0.81716430722668743</TT>
        <CFMAX>3.3096116499083106</CFMAX>
        <SP>0</SP>
        <SFCF>0.70167773524337063</SFCF>
        <CFR>0.040757622504732305</CFR>
        <CWH>0.1568567965373901</CWH>
        <CFGlacier>1</CFGlacier>
        <CFSlope>1</CFSlope>
        <FC>593.1152306167636</FC>
        <LP>0.660228066624541</LP>
        <BETA>3.370182386189045</BETA>
      </SubCatchmentVegetationZoneParameters>
    </SubCatchmentVegetationZone>
  </SubCatchment>
</Catchment>