<?xml version="1.0" encoding="utf-8"?>
<Catchment xmlns:xsi="http://www.w3.org/2001/XMLSchema-instance" xmlns:xsd="http://www.w3.org/2001/XMLSchema">
  <CatchmentParameters>
    <KSI>0.001</KSI>
    <KGmin>0.05</KGmin>
    <RangeKG>0.1</RangeKG>
    <AG>0.1</AG>
    <PERC>3.8478813189229255</PERC>
    <Alpha>0</Alpha>
    <UZL>1.9539549199637074</UZL>
    <K0>0.98322290490880038</K0>
    <K1>0.32610694737002921</K1>
    <K2>0.014327837782182735</K2>
    <MAXBAS>1</MAXBAS>
    <Cet>0</Cet>
    <PCALT>10</PCALT>
    <TCALT>0.6</TCALT>
    <Pelev>3100</Pelev>
    <Telev>3100</Telev>
    <PART>0.5</PART>
    <DELAY>1</DELAY>
  </CatchmentParameters>
  <VegetationZone>
    <VegetationZoneParameters>
      <TT>-2.0246306727619405</TT>
      <CFMAX>2.4211542935844492</CFMAX>
      <SP>0</SP>
      <SFCF>0.81083948070280276</SFCF>
      <CFR>0.004858916264657601</CFR>
      <CWH>0.10000000126794073</CWH>
      <CFGlacier>1</CFGlacier>
      <CFSlope>1</CFSlope>
      <FC>882.78168099598281</FC>
      <LP>0.64945931421292646</LP>
      <BETA>3.3807500588462691</BETA>
    </VegetationZoneParameters>
  </VegetationZone>
  <SubCatchment>
    <SubCatchmentParameters>
      <KSI>0.001</KSI>
      <KGmin>0.05</KGmin>
      <RangeKG>0.1</RangeKG>
      <AG>0.1</AG>
      <PERC>3.8478813189229255</PERC>
      <Alpha>0</Alpha>
      <UZL>1.9539549199637074</UZL>
      <K0>0.98322290490880038</K0>
      <K1>0.32610694737002921</K1>
      <K2>0.014327837782182735</K2>
      <MAXBAS>1</MAXBAS>
      <Cet>0</Cet>
      <PCALT>10</PCALT>
      <TCALT>0.6</TCALT>
      <Pelev>3100</Pelev>
      <Telev>3100</Telev>
      <PART>0.5</PART>
      <DELAY>1</DELAY>
    </SubCatchmentParameters>
    <SubCatchmentVegetationZone>
      <SubCatchmentVegetationZoneParameters>
        <TT>-2.0246306727619405</TT>
        <CFMAX>2.4211542935844492</CFMAX>
        <SP>0</SP>
        <SFCF>0.81083948070280276</SFCF>
        <CFR>0.004858916264657601</CFR>
        <CWH>0.10000000126794073</CWH>
        <CFGlacier>1</CFGlacier>
        <CFSlope>1</CFSlope>
        <FC>882.78168099598281</FC>
        <LP>0.64945931421292646</LP>
        <BETA>3.3807500588462691</BETA>
      </SubCatchmentVegetationZoneParameters>
    </SubCatchmentVegetationZone>
  </SubCatchment>
</Catchment>