<?xml version="1.0" encoding="utf-8"?>
<Catchment xmlns:xsi="http://www.w3.org/2001/XMLSchema-instance" xmlns:xsd="http://www.w3.org/2001/XMLSchema">
  <CatchmentParameters>
    <KSI>0.001</KSI>
    <KGmin>0.05</KGmin>
    <RangeKG>0.1</RangeKG>
    <AG>0.1</AG>
    <PERC>3.709463754606142</PERC>
    <Alpha>0</Alpha>
    <UZL>108.57910929614357</UZL>
    <K0>0.44460150008274296</K0>
    <K1>0.17304646808685292</K1>
    <K2>0.012695893019697152</K2>
    <MAXBAS>1</MAXBAS>
    <Cet>0</Cet>
    <PCALT>10</PCALT>
    <TCALT>0.6</TCALT>
    <Pelev>3100</Pelev>
    <Telev>3100</Telev>
    <PART>0.5</PART>
    <DELAY>1</DELAY>
  </CatchmentParameters>
  <VegetationZone>
    <VegetationZoneParameters>
      <TT>0.11988842715330027</TT>
      <CFMAX>3.8290719832241744</CFMAX>
      <SP>0</SP>
      <SFCF>0.72867208636972047</SFCF>
      <CFR>0.013674845933741809</CFR>
      <CWH>0.10000005644292445</CWH>
      <CFGlacier>1</CFGlacier>
      <CFSlope>1</CFSlope>
      <FC>717.87004920164725</FC>
      <LP>0.54051469238234562</LP>
      <BETA>2.6918166278999904</BETA>
    </VegetationZoneParameters>
  </VegetationZone>
  <SubCatchment>
    <SubCatchmentParameters>
      <KSI>0.001</KSI>
      <KGmin>0.05</KGmin>
      <RangeKG>0.1</RangeKG>
      <AG>0.1</AG>
      <PERC>3.709463754606142</PERC>
      <Alpha>0</Alpha>
      <UZL>108.57910929614357</UZL>
      <K0>0.44460150008274296</K0>
      <K1>0.17304646808685292</K1>
      <K2>0.012695893019697152</K2>
      <MAXBAS>1</MAXBAS>
      <Cet>0</Cet>
      <PCALT>10</PCALT>
      <TCALT>0.6</TCALT>
      <Pelev>3100</Pelev>
      <Telev>3100</Telev>
      <PART>0.5</PART>
      <DELAY>1</DELAY>
    </SubCatchmentParameters>
    <SubCatchmentVegetationZone>
      <SubCatchmentVegetationZoneParameters>
        <TT>0.11988842715330027</TT>
        <CFMAX>3.8290719832241744</CFMAX>
        <SP>0</SP>
        <SFCF>0.72867208636972047</SFCF>
        <CFR>0.013674845933741809</CFR>
        <CWH>0.10000005644292445</CWH>
        <CFGlacier>1</CFGlacier>
        <CFSlope>1</CFSlope>
        <FC>717.87004920164725</FC>
        <LP>0.54051469238234562</LP>
        <BETA>2.6918166278999904</BETA>
      </SubCatchmentVegetationZoneParameters>
    </SubCatchmentVegetationZone>
  </SubCatchment>
</Catchment>