<?xml version="1.0" encoding="utf-8"?>
<Catchment xmlns:xsi="http://www.w3.org/2001/XMLSchema-instance" xmlns:xsd="http://www.w3.org/2001/XMLSchema">
  <CatchmentParameters>
    <KSI>0.001</KSI>
    <KGmin>0.05</KGmin>
    <RangeKG>0.1</RangeKG>
    <AG>0.1</AG>
    <PERC>6.32896072482404</PERC>
    <Alpha>0</Alpha>
    <UZL>110.89627168966449</UZL>
    <K0>0.45684655819551995</K0>
    <K1>0.47665800045074924</K1>
    <K2>0.13487243426289008</K2>
    <MAXBAS>1.0624646305486349</MAXBAS>
    <Cet>0</Cet>
    <PCALT>10</PCALT>
    <TCALT>0.6</TCALT>
    <Pelev>3100</Pelev>
    <Telev>3100</Telev>
    <PART>0.5</PART>
    <DELAY>1</DELAY>
  </CatchmentParameters>
  <VegetationZone>
    <VegetationZoneParameters>
      <TT>2.4684615428034489</TT>
      <CFMAX>4.3819430302927467</CFMAX>
      <SP>0</SP>
      <SFCF>0.5582950984678795</SFCF>
      <CFR>0.041125715830085181</CFR>
      <CWH>0.13799240710604832</CWH>
      <CFGlacier>1</CFGlacier>
      <CFSlope>1</CFSlope>
      <FC>640.757679853486</FC>
      <LP>0.55477627361736437</LP>
      <BETA>5.922157314146685</BETA>
    </VegetationZoneParameters>
  </VegetationZone>
  <SubCatchment>
    <SubCatchmentParameters>
      <KSI>0.001</KSI>
      <KGmin>0.05</KGmin>
      <RangeKG>0.1</RangeKG>
      <AG>0.1</AG>
      <PERC>6.32896072482404</PERC>
      <Alpha>0</Alpha>
      <UZL>110.89627168966449</UZL>
      <K0>0.45684655819551995</K0>
      <K1>0.47665800045074924</K1>
      <K2>0.13487243426289008</K2>
      <MAXBAS>1.0624646305486349</MAXBAS>
      <Cet>0</Cet>
      <PCALT>10</PCALT>
      <TCALT>0.6</TCALT>
      <Pelev>3100</Pelev>
      <Telev>3100</Telev>
      <PART>0.5</PART>
      <DELAY>1</DELAY>
    </SubCatchmentParameters>
    <SubCatchmentVegetationZone>
      <SubCatchmentVegetationZoneParameters>
        <TT>2.4684615428034489</TT>
        <CFMAX>4.3819430302927467</CFMAX>
        <SP>0</SP>
        <SFCF>0.5582950984678795</SFCF>
        <CFR>0.041125715830085181</CFR>
        <CWH>0.13799240710604832</CWH>
        <CFGlacier>1</CFGlacier>
        <CFSlope>1</CFSlope>
        <FC>640.757679853486</FC>
        <LP>0.55477627361736437</LP>
        <BETA>5.922157314146685</BETA>
      </SubCatchmentVegetationZoneParameters>
    </SubCatchmentVegetationZone>
  </SubCatchment>
</Catchment>