<?xml version="1.0" encoding="utf-8"?>
<Catchment xmlns:xsi="http://www.w3.org/2001/XMLSchema-instance" xmlns:xsd="http://www.w3.org/2001/XMLSchema">
  <CatchmentParameters>
    <KSI>0.001</KSI>
    <KGmin>0.05</KGmin>
    <RangeKG>0.1</RangeKG>
    <AG>0.1</AG>
    <PERC>3.8085173113561979</PERC>
    <Alpha>0</Alpha>
    <UZL>86.799931918581</UZL>
    <K0>0.98977256934919788</K0>
    <K1>0.15853306443409437</K1>
    <K2>0.011920426006651651</K2>
    <MAXBAS>1</MAXBAS>
    <Cet>0</Cet>
    <PCALT>10</PCALT>
    <TCALT>0.6</TCALT>
    <Pelev>3100</Pelev>
    <Telev>3100</Telev>
    <PART>0.5</PART>
    <DELAY>1</DELAY>
  </CatchmentParameters>
  <VegetationZone>
    <VegetationZoneParameters>
      <TT>-1.1701967994598361</TT>
      <CFMAX>3.9046309371557686</CFMAX>
      <SP>0</SP>
      <SFCF>1.0544069973089367</SFCF>
      <CFR>0.054899716747548476</CFR>
      <CWH>0.10632176198477913</CWH>
      <CFGlacier>1</CFGlacier>
      <CFSlope>1</CFSlope>
      <FC>1172.4251350109284</FC>
      <LP>0.52756415339338048</LP>
      <BETA>3.2680529199905686</BETA>
    </VegetationZoneParameters>
  </VegetationZone>
  <SubCatchment>
    <SubCatchmentParameters>
      <KSI>0.001</KSI>
      <KGmin>0.05</KGmin>
      <RangeKG>0.1</RangeKG>
      <AG>0.1</AG>
      <PERC>3.8085173113561979</PERC>
      <Alpha>0</Alpha>
      <UZL>86.799931918581</UZL>
      <K0>0.98977256934919788</K0>
      <K1>0.15853306443409437</K1>
      <K2>0.011920426006651651</K2>
      <MAXBAS>1</MAXBAS>
      <Cet>0</Cet>
      <PCALT>10</PCALT>
      <TCALT>0.6</TCALT>
      <Pelev>3100</Pelev>
      <Telev>3100</Telev>
      <PART>0.5</PART>
      <DELAY>1</DELAY>
    </SubCatchmentParameters>
    <SubCatchmentVegetationZone>
      <SubCatchmentVegetationZoneParameters>
        <TT>-1.1701967994598361</TT>
        <CFMAX>3.9046309371557686</CFMAX>
        <SP>0</SP>
        <SFCF>1.0544069973089367</SFCF>
        <CFR>0.054899716747548476</CFR>
        <CWH>0.10632176198477913</CWH>
        <CFGlacier>1</CFGlacier>
        <CFSlope>1</CFSlope>
        <FC>1172.4251350109284</FC>
        <LP>0.52756415339338048</LP>
        <BETA>3.2680529199905686</BETA>
      </SubCatchmentVegetationZoneParameters>
    </SubCatchmentVegetationZone>
  </SubCatchment>
</Catchment>