<?xml version="1.0" encoding="utf-8"?>
<Catchment xmlns:xsi="http://www.w3.org/2001/XMLSchema-instance" xmlns:xsd="http://www.w3.org/2001/XMLSchema">
  <CatchmentParameters>
    <KSI>0.001</KSI>
    <KGmin>0.05</KGmin>
    <RangeKG>0.1</RangeKG>
    <AG>0.1</AG>
    <PERC>8.6349326855616919</PERC>
    <Alpha>0</Alpha>
    <UZL>105.69093393869913</UZL>
    <K0>0.49947743201298089</K0>
    <K1>0.30711501701059218</K1>
    <K2>0.037391108802307185</K2>
    <MAXBAS>1.5671749758544959</MAXBAS>
    <Cet>0</Cet>
    <PCALT>10</PCALT>
    <TCALT>0.6</TCALT>
    <Pelev>3100</Pelev>
    <Telev>3100</Telev>
    <PART>0.5</PART>
    <DELAY>1</DELAY>
  </CatchmentParameters>
  <VegetationZone>
    <VegetationZoneParameters>
      <TT>1.5200849762089552</TT>
      <CFMAX>4.6076009449016029</CFMAX>
      <SP>0</SP>
      <SFCF>0.57540236463025674</SFCF>
      <CFR>0.047931504800499562</CFR>
      <CWH>0.13135006537016156</CWH>
      <CFGlacier>1</CFGlacier>
      <CFSlope>1</CFSlope>
      <FC>831.50594673307819</FC>
      <LP>0.66039532388270716</LP>
      <BETA>4.4175928531817013</BETA>
    </VegetationZoneParameters>
  </VegetationZone>
  <SubCatchment>
    <SubCatchmentParameters>
      <KSI>0.001</KSI>
      <KGmin>0.05</KGmin>
      <RangeKG>0.1</RangeKG>
      <AG>0.1</AG>
      <PERC>8.6349326855616919</PERC>
      <Alpha>0</Alpha>
      <UZL>105.69093393869913</UZL>
      <K0>0.49947743201298089</K0>
      <K1>0.30711501701059218</K1>
      <K2>0.037391108802307185</K2>
      <MAXBAS>1.5671749758544959</MAXBAS>
      <Cet>0</Cet>
      <PCALT>10</PCALT>
      <TCALT>0.6</TCALT>
      <Pelev>3100</Pelev>
      <Telev>3100</Telev>
      <PART>0.5</PART>
      <DELAY>1</DELAY>
    </SubCatchmentParameters>
    <SubCatchmentVegetationZone>
      <SubCatchmentVegetationZoneParameters>
        <TT>1.5200849762089552</TT>
        <CFMAX>4.6076009449016029</CFMAX>
        <SP>0</SP>
        <SFCF>0.57540236463025674</SFCF>
        <CFR>0.047931504800499562</CFR>
        <CWH>0.13135006537016156</CWH>
        <CFGlacier>1</CFGlacier>
        <CFSlope>1</CFSlope>
        <FC>831.50594673307819</FC>
        <LP>0.66039532388270716</LP>
        <BETA>4.4175928531817013</BETA>
      </SubCatchmentVegetationZoneParameters>
    </SubCatchmentVegetationZone>
  </SubCatchment>
</Catchment>