<?xml version="1.0" encoding="utf-8"?>
<Catchment xmlns:xsi="http://www.w3.org/2001/XMLSchema-instance" xmlns:xsd="http://www.w3.org/2001/XMLSchema">
  <CatchmentParameters>
    <KSI>0.001</KSI>
    <KGmin>0.05</KGmin>
    <RangeKG>0.1</RangeKG>
    <AG>0.1</AG>
    <PERC>5.6262844432493555</PERC>
    <Alpha>0</Alpha>
    <UZL>116.97768408696962</UZL>
    <K0>0.34277764135881106</K0>
    <K1>0.41119951154634737</K1>
    <K2>0.087387776755729854</K2>
    <MAXBAS>1.3253159090801598</MAXBAS>
    <Cet>0</Cet>
    <PCALT>10</PCALT>
    <TCALT>0.6</TCALT>
    <Pelev>3100</Pelev>
    <Telev>3100</Telev>
    <PART>0.5</PART>
    <DELAY>1</DELAY>
  </CatchmentParameters>
  <VegetationZone>
    <VegetationZoneParameters>
      <TT>2.3759940589149759</TT>
      <CFMAX>4.3516520817735529</CFMAX>
      <SP>0</SP>
      <SFCF>0.75484438819759581</SFCF>
      <CFR>0.0353833210179073</CFR>
      <CWH>0.14698818518802928</CWH>
      <CFGlacier>1</CFGlacier>
      <CFSlope>1</CFSlope>
      <FC>561.68109733032088</FC>
      <LP>0.66717725781568671</LP>
      <BETA>5.4180230527857356</BETA>
    </VegetationZoneParameters>
  </VegetationZone>
  <SubCatchment>
    <SubCatchmentParameters>
      <KSI>0.001</KSI>
      <KGmin>0.05</KGmin>
      <RangeKG>0.1</RangeKG>
      <AG>0.1</AG>
      <PERC>5.6262844432493555</PERC>
      <Alpha>0</Alpha>
      <UZL>116.97768408696962</UZL>
      <K0>0.34277764135881106</K0>
      <K1>0.41119951154634737</K1>
      <K2>0.087387776755729854</K2>
      <MAXBAS>1.3253159090801598</MAXBAS>
      <Cet>0</Cet>
      <PCALT>10</PCALT>
      <TCALT>0.6</TCALT>
      <Pelev>3100</Pelev>
      <Telev>3100</Telev>
      <PART>0.5</PART>
      <DELAY>1</DELAY>
    </SubCatchmentParameters>
    <SubCatchmentVegetationZone>
      <SubCatchmentVegetationZoneParameters>
        <TT>2.3759940589149759</TT>
        <CFMAX>4.3516520817735529</CFMAX>
        <SP>0</SP>
        <SFCF>0.75484438819759581</SFCF>
        <CFR>0.0353833210179073</CFR>
        <CWH>0.14698818518802928</CWH>
        <CFGlacier>1</CFGlacier>
        <CFSlope>1</CFSlope>
        <FC>561.68109733032088</FC>
        <LP>0.66717725781568671</LP>
        <BETA>5.4180230527857356</BETA>
      </SubCatchmentVegetationZoneParameters>
    </SubCatchmentVegetationZone>
  </SubCatchment>
</Catchment>