<?xml version="1.0" encoding="utf-8"?>
<Catchment xmlns:xsi="http://www.w3.org/2001/XMLSchema-instance" xmlns:xsd="http://www.w3.org/2001/XMLSchema">
  <CatchmentParameters>
    <KSI>0.001</KSI>
    <KGmin>0.05</KGmin>
    <RangeKG>0.1</RangeKG>
    <AG>0.1</AG>
    <PERC>7.6683605575531981</PERC>
    <Alpha>0</Alpha>
    <UZL>137.5963350876863</UZL>
    <K0>0.244032136091329</K0>
    <K1>0.31592602054189062</K1>
    <K2>0.086266730151814741</K2>
    <MAXBAS>1.1551943766622812</MAXBAS>
    <Cet>0</Cet>
    <PCALT>10</PCALT>
    <TCALT>0.6</TCALT>
    <Pelev>3100</Pelev>
    <Telev>3100</Telev>
    <PART>0.5</PART>
    <DELAY>1</DELAY>
  </CatchmentParameters>
  <VegetationZone>
    <VegetationZoneParameters>
      <TT>1.9542734518414</TT>
      <CFMAX>4.6795297856346156</CFMAX>
      <SP>0</SP>
      <SFCF>1.0915444332672739</SFCF>
      <CFR>0.013394928214771508</CFR>
      <CWH>0.1463572370364653</CWH>
      <CFGlacier>1</CFGlacier>
      <CFSlope>1</CFSlope>
      <FC>439.76788974942804</FC>
      <LP>0.52836253198798333</LP>
      <BETA>5.51768733384837</BETA>
    </VegetationZoneParameters>
  </VegetationZone>
  <SubCatchment>
    <SubCatchmentParameters>
      <KSI>0.001</KSI>
      <KGmin>0.05</KGmin>
      <RangeKG>0.1</RangeKG>
      <AG>0.1</AG>
      <PERC>7.6683605575531981</PERC>
      <Alpha>0</Alpha>
      <UZL>137.5963350876863</UZL>
      <K0>0.244032136091329</K0>
      <K1>0.31592602054189062</K1>
      <K2>0.086266730151814741</K2>
      <MAXBAS>1.1551943766622812</MAXBAS>
      <Cet>0</Cet>
      <PCALT>10</PCALT>
      <TCALT>0.6</TCALT>
      <Pelev>3100</Pelev>
      <Telev>3100</Telev>
      <PART>0.5</PART>
      <DELAY>1</DELAY>
    </SubCatchmentParameters>
    <SubCatchmentVegetationZone>
      <SubCatchmentVegetationZoneParameters>
        <TT>1.9542734518414</TT>
        <CFMAX>4.6795297856346156</CFMAX>
        <SP>0</SP>
        <SFCF>1.0915444332672739</SFCF>
        <CFR>0.013394928214771508</CFR>
        <CWH>0.1463572370364653</CWH>
        <CFGlacier>1</CFGlacier>
        <CFSlope>1</CFSlope>
        <FC>439.76788974942804</FC>
        <LP>0.52836253198798333</LP>
        <BETA>5.51768733384837</BETA>
      </SubCatchmentVegetationZoneParameters>
    </SubCatchmentVegetationZone>
  </SubCatchment>
</Catchment>