<?xml version="1.0" encoding="utf-8"?>
<Catchment xmlns:xsi="http://www.w3.org/2001/XMLSchema-instance" xmlns:xsd="http://www.w3.org/2001/XMLSchema">
  <CatchmentParameters>
    <KSI>0.001</KSI>
    <KGmin>0.05</KGmin>
    <RangeKG>0.1</RangeKG>
    <AG>0.1</AG>
    <PERC>3.4973975987743988</PERC>
    <Alpha>0</Alpha>
    <UZL>116.84609670973258</UZL>
    <K0>0.050005362887954083</K0>
    <K1>0.23066308927864951</K1>
    <K2>0.013396755697202981</K2>
    <MAXBAS>1</MAXBAS>
    <Cet>0</Cet>
    <PCALT>10</PCALT>
    <TCALT>0.6</TCALT>
    <Pelev>3100</Pelev>
    <Telev>3100</Telev>
    <PART>0.5</PART>
    <DELAY>1</DELAY>
  </CatchmentParameters>
  <VegetationZone>
    <VegetationZoneParameters>
      <TT>-0.81629496641810906</TT>
      <CFMAX>3.1188312012880881</CFMAX>
      <SP>0</SP>
      <SFCF>0.83667705811375837</SFCF>
      <CFR>0.035939577563514381</CFR>
      <CWH>0.10000000000356842</CWH>
      <CFGlacier>1</CFGlacier>
      <CFSlope>1</CFSlope>
      <FC>908.04435356999352</FC>
      <LP>0.620391166587659</LP>
      <BETA>3.3939501889320809</BETA>
    </VegetationZoneParameters>
  </VegetationZone>
  <SubCatchment>
    <SubCatchmentParameters>
      <KSI>0.001</KSI>
      <KGmin>0.05</KGmin>
      <RangeKG>0.1</RangeKG>
      <AG>0.1</AG>
      <PERC>3.4973975987743988</PERC>
      <Alpha>0</Alpha>
      <UZL>116.84609670973258</UZL>
      <K0>0.050005362887954083</K0>
      <K1>0.23066308927864951</K1>
      <K2>0.013396755697202981</K2>
      <MAXBAS>1</MAXBAS>
      <Cet>0</Cet>
      <PCALT>10</PCALT>
      <TCALT>0.6</TCALT>
      <Pelev>3100</Pelev>
      <Telev>3100</Telev>
      <PART>0.5</PART>
      <DELAY>1</DELAY>
    </SubCatchmentParameters>
    <SubCatchmentVegetationZone>
      <SubCatchmentVegetationZoneParameters>
        <TT>-0.81629496641810906</TT>
        <CFMAX>3.1188312012880881</CFMAX>
        <SP>0</SP>
        <SFCF>0.83667705811375837</SFCF>
        <CFR>0.035939577563514381</CFR>
        <CWH>0.10000000000356842</CWH>
        <CFGlacier>1</CFGlacier>
        <CFSlope>1</CFSlope>
        <FC>908.04435356999352</FC>
        <LP>0.620391166587659</LP>
        <BETA>3.3939501889320809</BETA>
      </SubCatchmentVegetationZoneParameters>
    </SubCatchmentVegetationZone>
  </SubCatchment>
</Catchment>