<?xml version="1.0" encoding="utf-8"?>
<Catchment xmlns:xsi="http://www.w3.org/2001/XMLSchema-instance" xmlns:xsd="http://www.w3.org/2001/XMLSchema">
  <CatchmentParameters>
    <KSI>0.001</KSI>
    <KGmin>0.05</KGmin>
    <RangeKG>0.1</RangeKG>
    <AG>0.1</AG>
    <PERC>9.7813471041693667</PERC>
    <Alpha>0</Alpha>
    <UZL>108.74525496705209</UZL>
    <K0>0.33231930267619308</K0>
    <K1>0.49089707065089183</K1>
    <K2>0.042228870771236812</K2>
    <MAXBAS>1.3190248514270242</MAXBAS>
    <Cet>0</Cet>
    <PCALT>10</PCALT>
    <TCALT>0.6</TCALT>
    <Pelev>3100</Pelev>
    <Telev>3100</Telev>
    <PART>0.5</PART>
    <DELAY>1</DELAY>
  </CatchmentParameters>
  <VegetationZone>
    <VegetationZoneParameters>
      <TT>1.5424583475951841</TT>
      <CFMAX>4.42914293389089</CFMAX>
      <SP>0</SP>
      <SFCF>0.858016606581688</SFCF>
      <CFR>0.016197140296176891</CFR>
      <CWH>0.17320728662298873</CWH>
      <CFGlacier>1</CFGlacier>
      <CFSlope>1</CFSlope>
      <FC>842.7903462836905</FC>
      <LP>0.51405218876769476</LP>
      <BETA>5.5943438833148518</BETA>
    </VegetationZoneParameters>
  </VegetationZone>
  <SubCatchment>
    <SubCatchmentParameters>
      <KSI>0.001</KSI>
      <KGmin>0.05</KGmin>
      <RangeKG>0.1</RangeKG>
      <AG>0.1</AG>
      <PERC>9.7813471041693667</PERC>
      <Alpha>0</Alpha>
      <UZL>108.74525496705209</UZL>
      <K0>0.33231930267619308</K0>
      <K1>0.49089707065089183</K1>
      <K2>0.042228870771236812</K2>
      <MAXBAS>1.3190248514270242</MAXBAS>
      <Cet>0</Cet>
      <PCALT>10</PCALT>
      <TCALT>0.6</TCALT>
      <Pelev>3100</Pelev>
      <Telev>3100</Telev>
      <PART>0.5</PART>
      <DELAY>1</DELAY>
    </SubCatchmentParameters>
    <SubCatchmentVegetationZone>
      <SubCatchmentVegetationZoneParameters>
        <TT>1.5424583475951841</TT>
        <CFMAX>4.42914293389089</CFMAX>
        <SP>0</SP>
        <SFCF>0.858016606581688</SFCF>
        <CFR>0.016197140296176891</CFR>
        <CWH>0.17320728662298873</CWH>
        <CFGlacier>1</CFGlacier>
        <CFSlope>1</CFSlope>
        <FC>842.7903462836905</FC>
        <LP>0.51405218876769476</LP>
        <BETA>5.5943438833148518</BETA>
      </SubCatchmentVegetationZoneParameters>
    </SubCatchmentVegetationZone>
  </SubCatchment>
</Catchment>