<?xml version="1.0" encoding="utf-8"?>
<Catchment xmlns:xsi="http://www.w3.org/2001/XMLSchema-instance" xmlns:xsd="http://www.w3.org/2001/XMLSchema">
  <CatchmentParameters>
    <KSI>0.001</KSI>
    <KGmin>0.05</KGmin>
    <RangeKG>0.1</RangeKG>
    <AG>0.1</AG>
    <PERC>1.995183435722929</PERC>
    <Alpha>0</Alpha>
    <UZL>82.893277693774834</UZL>
    <K0>0.43997031183880875</K0>
    <K1>0.0664904175013026</K1>
    <K2>0.011486367567200081</K2>
    <MAXBAS>1</MAXBAS>
    <Cet>0</Cet>
    <PCALT>10</PCALT>
    <TCALT>0.6</TCALT>
    <Pelev>3100</Pelev>
    <Telev>3100</Telev>
    <PART>0.5</PART>
    <DELAY>1</DELAY>
  </CatchmentParameters>
  <VegetationZone>
    <VegetationZoneParameters>
      <TT>-1.100001037246408</TT>
      <CFMAX>3.7601400128789324</CFMAX>
      <SP>0</SP>
      <SFCF>1.0586481482941281</SFCF>
      <CFR>0.060159661571630635</CFR>
      <CWH>0.10000156413032063</CWH>
      <CFGlacier>1</CFGlacier>
      <CFSlope>1</CFSlope>
      <FC>1187.511769778559</FC>
      <LP>0.44450270249434615</LP>
      <BETA>2.733251275065272</BETA>
    </VegetationZoneParameters>
  </VegetationZone>
  <SubCatchment>
    <SubCatchmentParameters>
      <KSI>0.001</KSI>
      <KGmin>0.05</KGmin>
      <RangeKG>0.1</RangeKG>
      <AG>0.1</AG>
      <PERC>1.995183435722929</PERC>
      <Alpha>0</Alpha>
      <UZL>82.893277693774834</UZL>
      <K0>0.43997031183880875</K0>
      <K1>0.0664904175013026</K1>
      <K2>0.011486367567200081</K2>
      <MAXBAS>1</MAXBAS>
      <Cet>0</Cet>
      <PCALT>10</PCALT>
      <TCALT>0.6</TCALT>
      <Pelev>3100</Pelev>
      <Telev>3100</Telev>
      <PART>0.5</PART>
      <DELAY>1</DELAY>
    </SubCatchmentParameters>
    <SubCatchmentVegetationZone>
      <SubCatchmentVegetationZoneParameters>
        <TT>-1.100001037246408</TT>
        <CFMAX>3.7601400128789324</CFMAX>
        <SP>0</SP>
        <SFCF>1.0586481482941281</SFCF>
        <CFR>0.060159661571630635</CFR>
        <CWH>0.10000156413032063</CWH>
        <CFGlacier>1</CFGlacier>
        <CFSlope>1</CFSlope>
        <FC>1187.511769778559</FC>
        <LP>0.44450270249434615</LP>
        <BETA>2.733251275065272</BETA>
      </SubCatchmentVegetationZoneParameters>
    </SubCatchmentVegetationZone>
  </SubCatchment>
</Catchment>