<?xml version="1.0" encoding="utf-8"?>
<Catchment xmlns:xsi="http://www.w3.org/2001/XMLSchema-instance" xmlns:xsd="http://www.w3.org/2001/XMLSchema">
  <CatchmentParameters>
    <KSI>0.001</KSI>
    <KGmin>0.05</KGmin>
    <RangeKG>0.1</RangeKG>
    <AG>0.1</AG>
    <PERC>8.4239961571777329</PERC>
    <Alpha>0</Alpha>
    <UZL>114.37557252187243</UZL>
    <K0>0.50784767393621988</K0>
    <K1>0.314290262227505</K1>
    <K2>0.11102973421037665</K2>
    <MAXBAS>1.3268204071914918</MAXBAS>
    <Cet>0</Cet>
    <PCALT>10</PCALT>
    <TCALT>0.6</TCALT>
    <Pelev>3100</Pelev>
    <Telev>3100</Telev>
    <PART>0.5</PART>
    <DELAY>1</DELAY>
  </CatchmentParameters>
  <VegetationZone>
    <VegetationZoneParameters>
      <TT>2.2277340413513063</TT>
      <CFMAX>3.1380348086236545</CFMAX>
      <SP>0</SP>
      <SFCF>0.62832632443086978</SFCF>
      <CFR>0.020713766190792016</CFR>
      <CWH>0.14201154997658336</CWH>
      <CFGlacier>1</CFGlacier>
      <CFSlope>1</CFSlope>
      <FC>804.27361077233672</FC>
      <LP>0.47709698416302443</LP>
      <BETA>5.2376303987390465</BETA>
    </VegetationZoneParameters>
  </VegetationZone>
  <SubCatchment>
    <SubCatchmentParameters>
      <KSI>0.001</KSI>
      <KGmin>0.05</KGmin>
      <RangeKG>0.1</RangeKG>
      <AG>0.1</AG>
      <PERC>8.4239961571777329</PERC>
      <Alpha>0</Alpha>
      <UZL>114.37557252187243</UZL>
      <K0>0.50784767393621988</K0>
      <K1>0.314290262227505</K1>
      <K2>0.11102973421037665</K2>
      <MAXBAS>1.3268204071914918</MAXBAS>
      <Cet>0</Cet>
      <PCALT>10</PCALT>
      <TCALT>0.6</TCALT>
      <Pelev>3100</Pelev>
      <Telev>3100</Telev>
      <PART>0.5</PART>
      <DELAY>1</DELAY>
    </SubCatchmentParameters>
    <SubCatchmentVegetationZone>
      <SubCatchmentVegetationZoneParameters>
        <TT>2.2277340413513063</TT>
        <CFMAX>3.1380348086236545</CFMAX>
        <SP>0</SP>
        <SFCF>0.62832632443086978</SFCF>
        <CFR>0.020713766190792016</CFR>
        <CWH>0.14201154997658336</CWH>
        <CFGlacier>1</CFGlacier>
        <CFSlope>1</CFSlope>
        <FC>804.27361077233672</FC>
        <LP>0.47709698416302443</LP>
        <BETA>5.2376303987390465</BETA>
      </SubCatchmentVegetationZoneParameters>
    </SubCatchmentVegetationZone>
  </SubCatchment>
</Catchment>