<?xml version="1.0" encoding="utf-8"?>
<Catchment xmlns:xsi="http://www.w3.org/2001/XMLSchema-instance" xmlns:xsd="http://www.w3.org/2001/XMLSchema">
  <CatchmentParameters>
    <KSI>0.001</KSI>
    <KGmin>0.05</KGmin>
    <RangeKG>0.1</RangeKG>
    <AG>0.1</AG>
    <PERC>2.8058484626100788</PERC>
    <Alpha>0</Alpha>
    <UZL>29.279976946699843</UZL>
    <K0>0.10677704921011874</K0>
    <K1>0.10410037266323918</K1>
    <K2>0.010258328492391149</K2>
    <MAXBAS>1</MAXBAS>
    <Cet>0</Cet>
    <PCALT>10</PCALT>
    <TCALT>0.6</TCALT>
    <Pelev>3100</Pelev>
    <Telev>3100</Telev>
    <PART>0.5</PART>
    <DELAY>1</DELAY>
  </CatchmentParameters>
  <VegetationZone>
    <VegetationZoneParameters>
      <TT>-0.87958799323928216</TT>
      <CFMAX>3.2711780985094676</CFMAX>
      <SP>0</SP>
      <SFCF>0.91370339288418689</SFCF>
      <CFR>0.026850023441200663</CFR>
      <CWH>0.10000000019322283</CWH>
      <CFGlacier>1</CFGlacier>
      <CFSlope>1</CFSlope>
      <FC>823.83190427098168</FC>
      <LP>0.54360194593306677</LP>
      <BETA>3.2369951205830305</BETA>
    </VegetationZoneParameters>
  </VegetationZone>
  <SubCatchment>
    <SubCatchmentParameters>
      <KSI>0.001</KSI>
      <KGmin>0.05</KGmin>
      <RangeKG>0.1</RangeKG>
      <AG>0.1</AG>
      <PERC>2.8058484626100788</PERC>
      <Alpha>0</Alpha>
      <UZL>29.279976946699843</UZL>
      <K0>0.10677704921011874</K0>
      <K1>0.10410037266323918</K1>
      <K2>0.010258328492391149</K2>
      <MAXBAS>1</MAXBAS>
      <Cet>0</Cet>
      <PCALT>10</PCALT>
      <TCALT>0.6</TCALT>
      <Pelev>3100</Pelev>
      <Telev>3100</Telev>
      <PART>0.5</PART>
      <DELAY>1</DELAY>
    </SubCatchmentParameters>
    <SubCatchmentVegetationZone>
      <SubCatchmentVegetationZoneParameters>
        <TT>-0.87958799323928216</TT>
        <CFMAX>3.2711780985094676</CFMAX>
        <SP>0</SP>
        <SFCF>0.91370339288418689</SFCF>
        <CFR>0.026850023441200663</CFR>
        <CWH>0.10000000019322283</CWH>
        <CFGlacier>1</CFGlacier>
        <CFSlope>1</CFSlope>
        <FC>823.83190427098168</FC>
        <LP>0.54360194593306677</LP>
        <BETA>3.2369951205830305</BETA>
      </SubCatchmentVegetationZoneParameters>
    </SubCatchmentVegetationZone>
  </SubCatchment>
</Catchment>