<?xml version="1.0" encoding="utf-8"?>
<Catchment xmlns:xsi="http://www.w3.org/2001/XMLSchema-instance" xmlns:xsd="http://www.w3.org/2001/XMLSchema">
  <CatchmentParameters>
    <KSI>0.001</KSI>
    <KGmin>0.05</KGmin>
    <RangeKG>0.1</RangeKG>
    <AG>0.1</AG>
    <PERC>6.7285560081484883</PERC>
    <Alpha>0</Alpha>
    <UZL>30.832298904689203</UZL>
    <K0>0.2005339861926477</K0>
    <K1>0.49972926733625</K1>
    <K2>0.11153239628365722</K2>
    <MAXBAS>1.1149925799591465</MAXBAS>
    <Cet>0</Cet>
    <PCALT>10</PCALT>
    <TCALT>0.6</TCALT>
    <Pelev>3100</Pelev>
    <Telev>3100</Telev>
    <PART>0.5</PART>
    <DELAY>1</DELAY>
  </CatchmentParameters>
  <VegetationZone>
    <VegetationZoneParameters>
      <TT>2.2348905875803666</TT>
      <CFMAX>4.8596371990432257</CFMAX>
      <SP>0</SP>
      <SFCF>0.54887914460768961</SFCF>
      <CFR>0.037961529749342977</CFR>
      <CWH>0.15238756745342086</CWH>
      <CFGlacier>1</CFGlacier>
      <CFSlope>1</CFSlope>
      <FC>533.03809345617879</FC>
      <LP>0.503419467839767</LP>
      <BETA>5.3956834405002212</BETA>
    </VegetationZoneParameters>
  </VegetationZone>
  <SubCatchment>
    <SubCatchmentParameters>
      <KSI>0.001</KSI>
      <KGmin>0.05</KGmin>
      <RangeKG>0.1</RangeKG>
      <AG>0.1</AG>
      <PERC>6.7285560081484883</PERC>
      <Alpha>0</Alpha>
      <UZL>30.832298904689203</UZL>
      <K0>0.2005339861926477</K0>
      <K1>0.49972926733625</K1>
      <K2>0.11153239628365722</K2>
      <MAXBAS>1.1149925799591465</MAXBAS>
      <Cet>0</Cet>
      <PCALT>10</PCALT>
      <TCALT>0.6</TCALT>
      <Pelev>3100</Pelev>
      <Telev>3100</Telev>
      <PART>0.5</PART>
      <DELAY>1</DELAY>
    </SubCatchmentParameters>
    <SubCatchmentVegetationZone>
      <SubCatchmentVegetationZoneParameters>
        <TT>2.2348905875803666</TT>
        <CFMAX>4.8596371990432257</CFMAX>
        <SP>0</SP>
        <SFCF>0.54887914460768961</SFCF>
        <CFR>0.037961529749342977</CFR>
        <CWH>0.15238756745342086</CWH>
        <CFGlacier>1</CFGlacier>
        <CFSlope>1</CFSlope>
        <FC>533.03809345617879</FC>
        <LP>0.503419467839767</LP>
        <BETA>5.3956834405002212</BETA>
      </SubCatchmentVegetationZoneParameters>
    </SubCatchmentVegetationZone>
  </SubCatchment>
</Catchment>