<?xml version="1.0" encoding="utf-8"?>
<Catchment xmlns:xsi="http://www.w3.org/2001/XMLSchema-instance" xmlns:xsd="http://www.w3.org/2001/XMLSchema">
  <CatchmentParameters>
    <KSI>0.001</KSI>
    <KGmin>0.05</KGmin>
    <RangeKG>0.1</RangeKG>
    <AG>0.1</AG>
    <PERC>9.7590983140730323</PERC>
    <Alpha>0</Alpha>
    <UZL>62.052666166999877</UZL>
    <K0>0.41869983736573646</K0>
    <K1>0.30817805089158062</K1>
    <K2>0.068834420753012243</K2>
    <MAXBAS>2.0224073186380034</MAXBAS>
    <Cet>0</Cet>
    <PCALT>10</PCALT>
    <TCALT>0.6</TCALT>
    <Pelev>3100</Pelev>
    <Telev>3100</Telev>
    <PART>0.5</PART>
    <DELAY>1</DELAY>
  </CatchmentParameters>
  <VegetationZone>
    <VegetationZoneParameters>
      <TT>1.4553029234346586</TT>
      <CFMAX>4.6602806287203187</CFMAX>
      <SP>0</SP>
      <SFCF>1.0806591921239823</SFCF>
      <CFR>0.068999317347509664</CFR>
      <CWH>0.15044206295645562</CWH>
      <CFGlacier>1</CFGlacier>
      <CFSlope>1</CFSlope>
      <FC>654.06936894522266</FC>
      <LP>0.42086616030670992</LP>
      <BETA>4.9662460123662884</BETA>
    </VegetationZoneParameters>
  </VegetationZone>
  <SubCatchment>
    <SubCatchmentParameters>
      <KSI>0.001</KSI>
      <KGmin>0.05</KGmin>
      <RangeKG>0.1</RangeKG>
      <AG>0.1</AG>
      <PERC>9.7590983140730323</PERC>
      <Alpha>0</Alpha>
      <UZL>62.052666166999877</UZL>
      <K0>0.41869983736573646</K0>
      <K1>0.30817805089158062</K1>
      <K2>0.068834420753012243</K2>
      <MAXBAS>2.0224073186380034</MAXBAS>
      <Cet>0</Cet>
      <PCALT>10</PCALT>
      <TCALT>0.6</TCALT>
      <Pelev>3100</Pelev>
      <Telev>3100</Telev>
      <PART>0.5</PART>
      <DELAY>1</DELAY>
    </SubCatchmentParameters>
    <SubCatchmentVegetationZone>
      <SubCatchmentVegetationZoneParameters>
        <TT>1.4553029234346586</TT>
        <CFMAX>4.6602806287203187</CFMAX>
        <SP>0</SP>
        <SFCF>1.0806591921239823</SFCF>
        <CFR>0.068999317347509664</CFR>
        <CWH>0.15044206295645562</CWH>
        <CFGlacier>1</CFGlacier>
        <CFSlope>1</CFSlope>
        <FC>654.06936894522266</FC>
        <LP>0.42086616030670992</LP>
        <BETA>4.9662460123662884</BETA>
      </SubCatchmentVegetationZoneParameters>
    </SubCatchmentVegetationZone>
  </SubCatchment>
</Catchment>