<?xml version="1.0" encoding="utf-8"?>
<Catchment xmlns:xsi="http://www.w3.org/2001/XMLSchema-instance" xmlns:xsd="http://www.w3.org/2001/XMLSchema">
  <CatchmentParameters>
    <KSI>0.001</KSI>
    <KGmin>0.05</KGmin>
    <RangeKG>0.1</RangeKG>
    <AG>0.1</AG>
    <PERC>9.6223949425166371</PERC>
    <Alpha>0</Alpha>
    <UZL>160.93357522516226</UZL>
    <K0>0.53780529890150353</K0>
    <K1>0.42624297921161591</K1>
    <K2>0.0438231167987149</K2>
    <MAXBAS>1.9516095531130717</MAXBAS>
    <Cet>0</Cet>
    <PCALT>10</PCALT>
    <TCALT>0.6</TCALT>
    <Pelev>3100</Pelev>
    <Telev>3100</Telev>
    <PART>0.5</PART>
    <DELAY>1</DELAY>
  </CatchmentParameters>
  <VegetationZone>
    <VegetationZoneParameters>
      <TT>2.3208283267915086</TT>
      <CFMAX>4.8536689582348842</CFMAX>
      <SP>0</SP>
      <SFCF>0.83931031836456371</SFCF>
      <CFR>0.052954310931014666</CFR>
      <CWH>0.13060736939614714</CWH>
      <CFGlacier>1</CFGlacier>
      <CFSlope>1</CFSlope>
      <FC>932.04611198943212</FC>
      <LP>0.53051541337009489</LP>
      <BETA>5.3302676593929688</BETA>
    </VegetationZoneParameters>
  </VegetationZone>
  <SubCatchment>
    <SubCatchmentParameters>
      <KSI>0.001</KSI>
      <KGmin>0.05</KGmin>
      <RangeKG>0.1</RangeKG>
      <AG>0.1</AG>
      <PERC>9.6223949425166371</PERC>
      <Alpha>0</Alpha>
      <UZL>160.93357522516226</UZL>
      <K0>0.53780529890150353</K0>
      <K1>0.42624297921161591</K1>
      <K2>0.0438231167987149</K2>
      <MAXBAS>1.9516095531130717</MAXBAS>
      <Cet>0</Cet>
      <PCALT>10</PCALT>
      <TCALT>0.6</TCALT>
      <Pelev>3100</Pelev>
      <Telev>3100</Telev>
      <PART>0.5</PART>
      <DELAY>1</DELAY>
    </SubCatchmentParameters>
    <SubCatchmentVegetationZone>
      <SubCatchmentVegetationZoneParameters>
        <TT>2.3208283267915086</TT>
        <CFMAX>4.8536689582348842</CFMAX>
        <SP>0</SP>
        <SFCF>0.83931031836456371</SFCF>
        <CFR>0.052954310931014666</CFR>
        <CWH>0.13060736939614714</CWH>
        <CFGlacier>1</CFGlacier>
        <CFSlope>1</CFSlope>
        <FC>932.04611198943212</FC>
        <LP>0.53051541337009489</LP>
        <BETA>5.3302676593929688</BETA>
      </SubCatchmentVegetationZoneParameters>
    </SubCatchmentVegetationZone>
  </SubCatchment>
</Catchment>