<?xml version="1.0" encoding="utf-8"?>
<Catchment xmlns:xsi="http://www.w3.org/2001/XMLSchema-instance" xmlns:xsd="http://www.w3.org/2001/XMLSchema">
  <CatchmentParameters>
    <KSI>0.001</KSI>
    <KGmin>0.05</KGmin>
    <RangeKG>0.1</RangeKG>
    <AG>0.1</AG>
    <PERC>8.73110666771851</PERC>
    <Alpha>0</Alpha>
    <UZL>90.861133917315286</UZL>
    <K0>0.55275119244373827</K0>
    <K1>0.37025958495213174</K1>
    <K2>0.073946111844329657</K2>
    <MAXBAS>1.8225682819757121</MAXBAS>
    <Cet>0</Cet>
    <PCALT>10</PCALT>
    <TCALT>0.6</TCALT>
    <Pelev>3100</Pelev>
    <Telev>3100</Telev>
    <PART>0.5</PART>
    <DELAY>1</DELAY>
  </CatchmentParameters>
  <VegetationZone>
    <VegetationZoneParameters>
      <TT>1.2011666743323495</TT>
      <CFMAX>4.4752239736629624</CFMAX>
      <SP>0</SP>
      <SFCF>1.0068929902907033</SFCF>
      <CFR>0.055616720987403494</CFR>
      <CWH>0.16548840593709691</CWH>
      <CFGlacier>1</CFGlacier>
      <CFSlope>1</CFSlope>
      <FC>574.14852213551933</FC>
      <LP>0.57203235281405285</LP>
      <BETA>5.1503895312014194</BETA>
    </VegetationZoneParameters>
  </VegetationZone>
  <SubCatchment>
    <SubCatchmentParameters>
      <KSI>0.001</KSI>
      <KGmin>0.05</KGmin>
      <RangeKG>0.1</RangeKG>
      <AG>0.1</AG>
      <PERC>8.73110666771851</PERC>
      <Alpha>0</Alpha>
      <UZL>90.861133917315286</UZL>
      <K0>0.55275119244373827</K0>
      <K1>0.37025958495213174</K1>
      <K2>0.073946111844329657</K2>
      <MAXBAS>1.8225682819757121</MAXBAS>
      <Cet>0</Cet>
      <PCALT>10</PCALT>
      <TCALT>0.6</TCALT>
      <Pelev>3100</Pelev>
      <Telev>3100</Telev>
      <PART>0.5</PART>
      <DELAY>1</DELAY>
    </SubCatchmentParameters>
    <SubCatchmentVegetationZone>
      <SubCatchmentVegetationZoneParameters>
        <TT>1.2011666743323495</TT>
        <CFMAX>4.4752239736629624</CFMAX>
        <SP>0</SP>
        <SFCF>1.0068929902907033</SFCF>
        <CFR>0.055616720987403494</CFR>
        <CWH>0.16548840593709691</CWH>
        <CFGlacier>1</CFGlacier>
        <CFSlope>1</CFSlope>
        <FC>574.14852213551933</FC>
        <LP>0.57203235281405285</LP>
        <BETA>5.1503895312014194</BETA>
      </SubCatchmentVegetationZoneParameters>
    </SubCatchmentVegetationZone>
  </SubCatchment>
</Catchment>