<?xml version="1.0" encoding="utf-8"?>
<Catchment xmlns:xsi="http://www.w3.org/2001/XMLSchema-instance" xmlns:xsd="http://www.w3.org/2001/XMLSchema">
  <CatchmentParameters>
    <KSI>0.001</KSI>
    <KGmin>0.05</KGmin>
    <RangeKG>0.1</RangeKG>
    <AG>0.1</AG>
    <PERC>4.8260144494493886</PERC>
    <Alpha>0</Alpha>
    <UZL>136.96703144103634</UZL>
    <K0>0.5151356994300389</K0>
    <K1>0.23811037004412375</K1>
    <K2>0.01263962908339228</K2>
    <MAXBAS>1</MAXBAS>
    <Cet>0</Cet>
    <PCALT>10</PCALT>
    <TCALT>0.6</TCALT>
    <Pelev>3100</Pelev>
    <Telev>3100</Telev>
    <PART>0.5</PART>
    <DELAY>1</DELAY>
  </CatchmentParameters>
  <VegetationZone>
    <VegetationZoneParameters>
      <TT>-0.78950473714042813</TT>
      <CFMAX>4.5866063471255485</CFMAX>
      <SP>0</SP>
      <SFCF>1.0586205488438076</SFCF>
      <CFR>0.053974392313198241</CFR>
      <CWH>0.10000042169577879</CWH>
      <CFGlacier>1</CFGlacier>
      <CFSlope>1</CFSlope>
      <FC>1253.5767795830784</FC>
      <LP>0.40331287797133536</LP>
      <BETA>2.4869181886655052</BETA>
    </VegetationZoneParameters>
  </VegetationZone>
  <SubCatchment>
    <SubCatchmentParameters>
      <KSI>0.001</KSI>
      <KGmin>0.05</KGmin>
      <RangeKG>0.1</RangeKG>
      <AG>0.1</AG>
      <PERC>4.8260144494493886</PERC>
      <Alpha>0</Alpha>
      <UZL>136.96703144103634</UZL>
      <K0>0.5151356994300389</K0>
      <K1>0.23811037004412375</K1>
      <K2>0.01263962908339228</K2>
      <MAXBAS>1</MAXBAS>
      <Cet>0</Cet>
      <PCALT>10</PCALT>
      <TCALT>0.6</TCALT>
      <Pelev>3100</Pelev>
      <Telev>3100</Telev>
      <PART>0.5</PART>
      <DELAY>1</DELAY>
    </SubCatchmentParameters>
    <SubCatchmentVegetationZone>
      <SubCatchmentVegetationZoneParameters>
        <TT>-0.78950473714042813</TT>
        <CFMAX>4.5866063471255485</CFMAX>
        <SP>0</SP>
        <SFCF>1.0586205488438076</SFCF>
        <CFR>0.053974392313198241</CFR>
        <CWH>0.10000042169577879</CWH>
        <CFGlacier>1</CFGlacier>
        <CFSlope>1</CFSlope>
        <FC>1253.5767795830784</FC>
        <LP>0.40331287797133536</LP>
        <BETA>2.4869181886655052</BETA>
      </SubCatchmentVegetationZoneParameters>
    </SubCatchmentVegetationZone>
  </SubCatchment>
</Catchment>