<?xml version="1.0" encoding="utf-8"?>
<Catchment xmlns:xsi="http://www.w3.org/2001/XMLSchema-instance" xmlns:xsd="http://www.w3.org/2001/XMLSchema">
  <CatchmentParameters>
    <KSI>0.001</KSI>
    <KGmin>0.05</KGmin>
    <RangeKG>0.1</RangeKG>
    <AG>0.1</AG>
    <PERC>2.4824783387951035</PERC>
    <Alpha>0</Alpha>
    <UZL>126.48200850234339</UZL>
    <K0>0.19178054224310479</K0>
    <K1>0.072402419082146577</K1>
    <K2>0.010300594081031126</K2>
    <MAXBAS>1</MAXBAS>
    <Cet>0</Cet>
    <PCALT>10</PCALT>
    <TCALT>0.6</TCALT>
    <Pelev>3100</Pelev>
    <Telev>3100</Telev>
    <PART>0.5</PART>
    <DELAY>1</DELAY>
  </CatchmentParameters>
  <VegetationZone>
    <VegetationZoneParameters>
      <TT>0.31502279247369691</TT>
      <CFMAX>3.072050259302749</CFMAX>
      <SP>0</SP>
      <SFCF>0.5802306904174358</SFCF>
      <CFR>0.017637983635162904</CFR>
      <CWH>0.10000000012216521</CWH>
      <CFGlacier>1</CFGlacier>
      <CFSlope>1</CFSlope>
      <FC>501.07526504268282</FC>
      <LP>0.743736261819156</LP>
      <BETA>3.5730580237834264</BETA>
    </VegetationZoneParameters>
  </VegetationZone>
  <SubCatchment>
    <SubCatchmentParameters>
      <KSI>0.001</KSI>
      <KGmin>0.05</KGmin>
      <RangeKG>0.1</RangeKG>
      <AG>0.1</AG>
      <PERC>2.4824783387951035</PERC>
      <Alpha>0</Alpha>
      <UZL>126.48200850234339</UZL>
      <K0>0.19178054224310479</K0>
      <K1>0.072402419082146577</K1>
      <K2>0.010300594081031126</K2>
      <MAXBAS>1</MAXBAS>
      <Cet>0</Cet>
      <PCALT>10</PCALT>
      <TCALT>0.6</TCALT>
      <Pelev>3100</Pelev>
      <Telev>3100</Telev>
      <PART>0.5</PART>
      <DELAY>1</DELAY>
    </SubCatchmentParameters>
    <SubCatchmentVegetationZone>
      <SubCatchmentVegetationZoneParameters>
        <TT>0.31502279247369691</TT>
        <CFMAX>3.072050259302749</CFMAX>
        <SP>0</SP>
        <SFCF>0.5802306904174358</SFCF>
        <CFR>0.017637983635162904</CFR>
        <CWH>0.10000000012216521</CWH>
        <CFGlacier>1</CFGlacier>
        <CFSlope>1</CFSlope>
        <FC>501.07526504268282</FC>
        <LP>0.743736261819156</LP>
        <BETA>3.5730580237834264</BETA>
      </SubCatchmentVegetationZoneParameters>
    </SubCatchmentVegetationZone>
  </SubCatchment>
</Catchment>