<?xml version="1.0" encoding="utf-8"?>
<Catchment xmlns:xsi="http://www.w3.org/2001/XMLSchema-instance" xmlns:xsd="http://www.w3.org/2001/XMLSchema">
  <CatchmentParameters>
    <KSI>0.001</KSI>
    <KGmin>0.05</KGmin>
    <RangeKG>0.1</RangeKG>
    <AG>0.1</AG>
    <PERC>2.4646393407186076</PERC>
    <Alpha>0</Alpha>
    <UZL>136.39254237145659</UZL>
    <K0>0.59811442625409961</K0>
    <K1>0.096012044422200959</K1>
    <K2>0.011619963264593197</K2>
    <MAXBAS>1</MAXBAS>
    <Cet>0</Cet>
    <PCALT>10</PCALT>
    <TCALT>0.6</TCALT>
    <Pelev>3100</Pelev>
    <Telev>3100</Telev>
    <PART>0.5</PART>
    <DELAY>1</DELAY>
  </CatchmentParameters>
  <VegetationZone>
    <VegetationZoneParameters>
      <TT>-0.70001384186399651</TT>
      <CFMAX>4.1148659869140412</CFMAX>
      <SP>0</SP>
      <SFCF>1.062273998906899</SFCF>
      <CFR>0.032002195567641077</CFR>
      <CWH>0.10000000133994014</CWH>
      <CFGlacier>1</CFGlacier>
      <CFSlope>1</CFSlope>
      <FC>1192.0315684361831</FC>
      <LP>0.55075002022463837</LP>
      <BETA>3.5467134338950719</BETA>
    </VegetationZoneParameters>
  </VegetationZone>
  <SubCatchment>
    <SubCatchmentParameters>
      <KSI>0.001</KSI>
      <KGmin>0.05</KGmin>
      <RangeKG>0.1</RangeKG>
      <AG>0.1</AG>
      <PERC>2.4646393407186076</PERC>
      <Alpha>0</Alpha>
      <UZL>136.39254237145659</UZL>
      <K0>0.59811442625409961</K0>
      <K1>0.096012044422200959</K1>
      <K2>0.011619963264593197</K2>
      <MAXBAS>1</MAXBAS>
      <Cet>0</Cet>
      <PCALT>10</PCALT>
      <TCALT>0.6</TCALT>
      <Pelev>3100</Pelev>
      <Telev>3100</Telev>
      <PART>0.5</PART>
      <DELAY>1</DELAY>
    </SubCatchmentParameters>
    <SubCatchmentVegetationZone>
      <SubCatchmentVegetationZoneParameters>
        <TT>-0.70001384186399651</TT>
        <CFMAX>4.1148659869140412</CFMAX>
        <SP>0</SP>
        <SFCF>1.062273998906899</SFCF>
        <CFR>0.032002195567641077</CFR>
        <CWH>0.10000000133994014</CWH>
        <CFGlacier>1</CFGlacier>
        <CFSlope>1</CFSlope>
        <FC>1192.0315684361831</FC>
        <LP>0.55075002022463837</LP>
        <BETA>3.5467134338950719</BETA>
      </SubCatchmentVegetationZoneParameters>
    </SubCatchmentVegetationZone>
  </SubCatchment>
</Catchment>