<?xml version="1.0" encoding="utf-8"?>
<Catchment xmlns:xsi="http://www.w3.org/2001/XMLSchema-instance" xmlns:xsd="http://www.w3.org/2001/XMLSchema">
  <CatchmentParameters>
    <KSI>0.001</KSI>
    <KGmin>0.05</KGmin>
    <RangeKG>0.1</RangeKG>
    <AG>0.1</AG>
    <PERC>2.274383893977963</PERC>
    <Alpha>0</Alpha>
    <UZL>82.560340063009065</UZL>
    <K0>0.37281192538796309</K0>
    <K1>0.082834694779779547</K1>
    <K2>0.011536260992715243</K2>
    <MAXBAS>1</MAXBAS>
    <Cet>0</Cet>
    <PCALT>10</PCALT>
    <TCALT>0.6</TCALT>
    <Pelev>3100</Pelev>
    <Telev>3100</Telev>
    <PART>0.5</PART>
    <DELAY>1</DELAY>
  </CatchmentParameters>
  <VegetationZone>
    <VegetationZoneParameters>
      <TT>-0.81374423508805538</TT>
      <CFMAX>3.2421415922726622</CFMAX>
      <SP>0</SP>
      <SFCF>0.87389479976509787</SFCF>
      <CFR>0.035250098577445349</CFR>
      <CWH>0.10001041219914514</CWH>
      <CFGlacier>1</CFGlacier>
      <CFSlope>1</CFSlope>
      <FC>896.93660416233115</FC>
      <LP>0.48942496566728366</LP>
      <BETA>2.6944886649730151</BETA>
    </VegetationZoneParameters>
  </VegetationZone>
  <SubCatchment>
    <SubCatchmentParameters>
      <KSI>0.001</KSI>
      <KGmin>0.05</KGmin>
      <RangeKG>0.1</RangeKG>
      <AG>0.1</AG>
      <PERC>2.274383893977963</PERC>
      <Alpha>0</Alpha>
      <UZL>82.560340063009065</UZL>
      <K0>0.37281192538796309</K0>
      <K1>0.082834694779779547</K1>
      <K2>0.011536260992715243</K2>
      <MAXBAS>1</MAXBAS>
      <Cet>0</Cet>
      <PCALT>10</PCALT>
      <TCALT>0.6</TCALT>
      <Pelev>3100</Pelev>
      <Telev>3100</Telev>
      <PART>0.5</PART>
      <DELAY>1</DELAY>
    </SubCatchmentParameters>
    <SubCatchmentVegetationZone>
      <SubCatchmentVegetationZoneParameters>
        <TT>-0.81374423508805538</TT>
        <CFMAX>3.2421415922726622</CFMAX>
        <SP>0</SP>
        <SFCF>0.87389479976509787</SFCF>
        <CFR>0.035250098577445349</CFR>
        <CWH>0.10001041219914514</CWH>
        <CFGlacier>1</CFGlacier>
        <CFSlope>1</CFSlope>
        <FC>896.93660416233115</FC>
        <LP>0.48942496566728366</LP>
        <BETA>2.6944886649730151</BETA>
      </SubCatchmentVegetationZoneParameters>
    </SubCatchmentVegetationZone>
  </SubCatchment>
</Catchment>