<?xml version="1.0" encoding="utf-8"?>
<Catchment xmlns:xsi="http://www.w3.org/2001/XMLSchema-instance" xmlns:xsd="http://www.w3.org/2001/XMLSchema">
  <CatchmentParameters>
    <KSI>0.001</KSI>
    <KGmin>0.05</KGmin>
    <RangeKG>0.1</RangeKG>
    <AG>0.1</AG>
    <PERC>4.1830406929893735</PERC>
    <Alpha>0</Alpha>
    <UZL>43.06439661434873</UZL>
    <K0>0.22089023466869584</K0>
    <K1>0.35537305495523969</K1>
    <K2>0.081933843382894972</K2>
    <MAXBAS>1.7021635780032907</MAXBAS>
    <Cet>0</Cet>
    <PCALT>10</PCALT>
    <TCALT>0.6</TCALT>
    <Pelev>3100</Pelev>
    <Telev>3100</Telev>
    <PART>0.5</PART>
    <DELAY>1</DELAY>
  </CatchmentParameters>
  <VegetationZone>
    <VegetationZoneParameters>
      <TT>2.4595458766941829</TT>
      <CFMAX>4.0041770760672772</CFMAX>
      <SP>0</SP>
      <SFCF>0.50271130737773906</SFCF>
      <CFR>0.054504734709854528</CFR>
      <CWH>0.17263557350656528</CWH>
      <CFGlacier>1</CFGlacier>
      <CFSlope>1</CFSlope>
      <FC>513.59644829825527</FC>
      <LP>0.5992220046193899</LP>
      <BETA>5.2187773883337272</BETA>
    </VegetationZoneParameters>
  </VegetationZone>
  <SubCatchment>
    <SubCatchmentParameters>
      <KSI>0.001</KSI>
      <KGmin>0.05</KGmin>
      <RangeKG>0.1</RangeKG>
      <AG>0.1</AG>
      <PERC>4.1830406929893735</PERC>
      <Alpha>0</Alpha>
      <UZL>43.06439661434873</UZL>
      <K0>0.22089023466869584</K0>
      <K1>0.35537305495523969</K1>
      <K2>0.081933843382894972</K2>
      <MAXBAS>1.7021635780032907</MAXBAS>
      <Cet>0</Cet>
      <PCALT>10</PCALT>
      <TCALT>0.6</TCALT>
      <Pelev>3100</Pelev>
      <Telev>3100</Telev>
      <PART>0.5</PART>
      <DELAY>1</DELAY>
    </SubCatchmentParameters>
    <SubCatchmentVegetationZone>
      <SubCatchmentVegetationZoneParameters>
        <TT>2.4595458766941829</TT>
        <CFMAX>4.0041770760672772</CFMAX>
        <SP>0</SP>
        <SFCF>0.50271130737773906</SFCF>
        <CFR>0.054504734709854528</CFR>
        <CWH>0.17263557350656528</CWH>
        <CFGlacier>1</CFGlacier>
        <CFSlope>1</CFSlope>
        <FC>513.59644829825527</FC>
        <LP>0.5992220046193899</LP>
        <BETA>5.2187773883337272</BETA>
      </SubCatchmentVegetationZoneParameters>
    </SubCatchmentVegetationZone>
  </SubCatchment>
</Catchment>