<?xml version="1.0" encoding="utf-8"?>
<Catchment xmlns:xsi="http://www.w3.org/2001/XMLSchema-instance" xmlns:xsd="http://www.w3.org/2001/XMLSchema">
  <CatchmentParameters>
    <KSI>0.001</KSI>
    <KGmin>0.05</KGmin>
    <RangeKG>0.1</RangeKG>
    <AG>0.1</AG>
    <PERC>1.2652758778716857</PERC>
    <Alpha>0</Alpha>
    <UZL>119.31553049230988</UZL>
    <K0>0.51594682344003162</K0>
    <K1>0.045702020567977529</K1>
    <K2>0.010550855947420683</K2>
    <MAXBAS>1</MAXBAS>
    <Cet>0</Cet>
    <PCALT>10</PCALT>
    <TCALT>0.6</TCALT>
    <Pelev>3100</Pelev>
    <Telev>3100</Telev>
    <PART>0.5</PART>
    <DELAY>1</DELAY>
  </CatchmentParameters>
  <VegetationZone>
    <VegetationZoneParameters>
      <TT>-1.400013339942694</TT>
      <CFMAX>2.2058778366103153</CFMAX>
      <SP>0</SP>
      <SFCF>0.77117677236666993</SFCF>
      <CFR>0.053493525986857117</CFR>
      <CWH>0.10000145937650404</CWH>
      <CFGlacier>1</CFGlacier>
      <CFSlope>1</CFSlope>
      <FC>743.36945319824258</FC>
      <LP>0.57696758003739357</LP>
      <BETA>3.0145303238799741</BETA>
    </VegetationZoneParameters>
  </VegetationZone>
  <SubCatchment>
    <SubCatchmentParameters>
      <KSI>0.001</KSI>
      <KGmin>0.05</KGmin>
      <RangeKG>0.1</RangeKG>
      <AG>0.1</AG>
      <PERC>1.2652758778716857</PERC>
      <Alpha>0</Alpha>
      <UZL>119.31553049230988</UZL>
      <K0>0.51594682344003162</K0>
      <K1>0.045702020567977529</K1>
      <K2>0.010550855947420683</K2>
      <MAXBAS>1</MAXBAS>
      <Cet>0</Cet>
      <PCALT>10</PCALT>
      <TCALT>0.6</TCALT>
      <Pelev>3100</Pelev>
      <Telev>3100</Telev>
      <PART>0.5</PART>
      <DELAY>1</DELAY>
    </SubCatchmentParameters>
    <SubCatchmentVegetationZone>
      <SubCatchmentVegetationZoneParameters>
        <TT>-1.400013339942694</TT>
        <CFMAX>2.2058778366103153</CFMAX>
        <SP>0</SP>
        <SFCF>0.77117677236666993</SFCF>
        <CFR>0.053493525986857117</CFR>
        <CWH>0.10000145937650404</CWH>
        <CFGlacier>1</CFGlacier>
        <CFSlope>1</CFSlope>
        <FC>743.36945319824258</FC>
        <LP>0.57696758003739357</LP>
        <BETA>3.0145303238799741</BETA>
      </SubCatchmentVegetationZoneParameters>
    </SubCatchmentVegetationZone>
  </SubCatchment>
</Catchment>