<?xml version="1.0" encoding="utf-8"?>
<Catchment xmlns:xsi="http://www.w3.org/2001/XMLSchema-instance" xmlns:xsd="http://www.w3.org/2001/XMLSchema">
  <CatchmentParameters>
    <KSI>0.001</KSI>
    <KGmin>0.05</KGmin>
    <RangeKG>0.1</RangeKG>
    <AG>0.1</AG>
    <PERC>6.2886510171868473</PERC>
    <Alpha>0</Alpha>
    <UZL>177.76887163953376</UZL>
    <K0>0.55536896652085965</K0>
    <K1>0.37702196051970738</K1>
    <K2>0.10342962084692568</K2>
    <MAXBAS>1.088700998118024</MAXBAS>
    <Cet>0</Cet>
    <PCALT>10</PCALT>
    <TCALT>0.6</TCALT>
    <Pelev>3100</Pelev>
    <Telev>3100</Telev>
    <PART>0.5</PART>
    <DELAY>1</DELAY>
  </CatchmentParameters>
  <VegetationZone>
    <VegetationZoneParameters>
      <TT>1.8898366828109146</TT>
      <CFMAX>3.9584510227901184</CFMAX>
      <SP>0</SP>
      <SFCF>0.7191481056804504</SFCF>
      <CFR>0.044826082432875905</CFR>
      <CWH>0.14169786566698195</CWH>
      <CFGlacier>1</CFGlacier>
      <CFSlope>1</CFSlope>
      <FC>522.2492891687366</FC>
      <LP>0.60302080648305545</LP>
      <BETA>5.4103502791921283</BETA>
    </VegetationZoneParameters>
  </VegetationZone>
  <SubCatchment>
    <SubCatchmentParameters>
      <KSI>0.001</KSI>
      <KGmin>0.05</KGmin>
      <RangeKG>0.1</RangeKG>
      <AG>0.1</AG>
      <PERC>6.2886510171868473</PERC>
      <Alpha>0</Alpha>
      <UZL>177.76887163953376</UZL>
      <K0>0.55536896652085965</K0>
      <K1>0.37702196051970738</K1>
      <K2>0.10342962084692568</K2>
      <MAXBAS>1.088700998118024</MAXBAS>
      <Cet>0</Cet>
      <PCALT>10</PCALT>
      <TCALT>0.6</TCALT>
      <Pelev>3100</Pelev>
      <Telev>3100</Telev>
      <PART>0.5</PART>
      <DELAY>1</DELAY>
    </SubCatchmentParameters>
    <SubCatchmentVegetationZone>
      <SubCatchmentVegetationZoneParameters>
        <TT>1.8898366828109146</TT>
        <CFMAX>3.9584510227901184</CFMAX>
        <SP>0</SP>
        <SFCF>0.7191481056804504</SFCF>
        <CFR>0.044826082432875905</CFR>
        <CWH>0.14169786566698195</CWH>
        <CFGlacier>1</CFGlacier>
        <CFSlope>1</CFSlope>
        <FC>522.2492891687366</FC>
        <LP>0.60302080648305545</LP>
        <BETA>5.4103502791921283</BETA>
      </SubCatchmentVegetationZoneParameters>
    </SubCatchmentVegetationZone>
  </SubCatchment>
</Catchment>