<?xml version="1.0" encoding="utf-8"?>
<Catchment xmlns:xsi="http://www.w3.org/2001/XMLSchema-instance" xmlns:xsd="http://www.w3.org/2001/XMLSchema">
  <CatchmentParameters>
    <KSI>0.001</KSI>
    <KGmin>0.05</KGmin>
    <RangeKG>0.1</RangeKG>
    <AG>0.1</AG>
    <PERC>7.730383737581275</PERC>
    <Alpha>0</Alpha>
    <UZL>100.36994760579292</UZL>
    <K0>0.075592934252656452</K0>
    <K1>0.11231224235137105</K1>
    <K2>0.064271914494990451</K2>
    <MAXBAS>1.0378934050302791</MAXBAS>
    <Cet>0</Cet>
    <PCALT>10</PCALT>
    <TCALT>0.6</TCALT>
    <Pelev>3100</Pelev>
    <Telev>3100</Telev>
    <PART>0.5</PART>
    <DELAY>1</DELAY>
  </CatchmentParameters>
  <VegetationZone>
    <VegetationZoneParameters>
      <TT>1.9842101417927398</TT>
      <CFMAX>4.5381029383537337</CFMAX>
      <SP>0</SP>
      <SFCF>1.0758576912276709</SFCF>
      <CFR>0.067179724202523217</CFR>
      <CWH>0.17801787111219547</CWH>
      <CFGlacier>1</CFGlacier>
      <CFSlope>1</CFSlope>
      <FC>785.85160443703069</FC>
      <LP>0.6920519836026372</LP>
      <BETA>5.8247414516148748</BETA>
    </VegetationZoneParameters>
  </VegetationZone>
  <SubCatchment>
    <SubCatchmentParameters>
      <KSI>0.001</KSI>
      <KGmin>0.05</KGmin>
      <RangeKG>0.1</RangeKG>
      <AG>0.1</AG>
      <PERC>7.730383737581275</PERC>
      <Alpha>0</Alpha>
      <UZL>100.36994760579292</UZL>
      <K0>0.075592934252656452</K0>
      <K1>0.11231224235137105</K1>
      <K2>0.064271914494990451</K2>
      <MAXBAS>1.0378934050302791</MAXBAS>
      <Cet>0</Cet>
      <PCALT>10</PCALT>
      <TCALT>0.6</TCALT>
      <Pelev>3100</Pelev>
      <Telev>3100</Telev>
      <PART>0.5</PART>
      <DELAY>1</DELAY>
    </SubCatchmentParameters>
    <SubCatchmentVegetationZone>
      <SubCatchmentVegetationZoneParameters>
        <TT>1.9842101417927398</TT>
        <CFMAX>4.5381029383537337</CFMAX>
        <SP>0</SP>
        <SFCF>1.0758576912276709</SFCF>
        <CFR>0.067179724202523217</CFR>
        <CWH>0.17801787111219547</CWH>
        <CFGlacier>1</CFGlacier>
        <CFSlope>1</CFSlope>
        <FC>785.85160443703069</FC>
        <LP>0.6920519836026372</LP>
        <BETA>5.8247414516148748</BETA>
      </SubCatchmentVegetationZoneParameters>
    </SubCatchmentVegetationZone>
  </SubCatchment>
</Catchment>