<?xml version="1.0" encoding="utf-8"?>
<Catchment xmlns:xsi="http://www.w3.org/2001/XMLSchema-instance" xmlns:xsd="http://www.w3.org/2001/XMLSchema">
  <CatchmentParameters>
    <KSI>0.001</KSI>
    <KGmin>0.05</KGmin>
    <RangeKG>0.1</RangeKG>
    <AG>0.1</AG>
    <PERC>5.9609718714127178</PERC>
    <Alpha>0</Alpha>
    <UZL>43.188132042284117</UZL>
    <K0>0.53375504534203266</K0>
    <K1>0.43541538950196024</K1>
    <K2>0.077857644047067409</K2>
    <MAXBAS>1.4424407225526643</MAXBAS>
    <Cet>0</Cet>
    <PCALT>10</PCALT>
    <TCALT>0.6</TCALT>
    <Pelev>3100</Pelev>
    <Telev>3100</Telev>
    <PART>0.5</PART>
    <DELAY>1</DELAY>
  </CatchmentParameters>
  <VegetationZone>
    <VegetationZoneParameters>
      <TT>2.0758948540883018</TT>
      <CFMAX>4.9547583527765777</CFMAX>
      <SP>0</SP>
      <SFCF>0.96364130726398634</SFCF>
      <CFR>0.04927805556487589</CFR>
      <CWH>0.13234738567490423</CWH>
      <CFGlacier>1</CFGlacier>
      <CFSlope>1</CFSlope>
      <FC>459.89545382394039</FC>
      <LP>0.61632207701345909</LP>
      <BETA>5.9033445530122854</BETA>
    </VegetationZoneParameters>
  </VegetationZone>
  <SubCatchment>
    <SubCatchmentParameters>
      <KSI>0.001</KSI>
      <KGmin>0.05</KGmin>
      <RangeKG>0.1</RangeKG>
      <AG>0.1</AG>
      <PERC>5.9609718714127178</PERC>
      <Alpha>0</Alpha>
      <UZL>43.188132042284117</UZL>
      <K0>0.53375504534203266</K0>
      <K1>0.43541538950196024</K1>
      <K2>0.077857644047067409</K2>
      <MAXBAS>1.4424407225526643</MAXBAS>
      <Cet>0</Cet>
      <PCALT>10</PCALT>
      <TCALT>0.6</TCALT>
      <Pelev>3100</Pelev>
      <Telev>3100</Telev>
      <PART>0.5</PART>
      <DELAY>1</DELAY>
    </SubCatchmentParameters>
    <SubCatchmentVegetationZone>
      <SubCatchmentVegetationZoneParameters>
        <TT>2.0758948540883018</TT>
        <CFMAX>4.9547583527765777</CFMAX>
        <SP>0</SP>
        <SFCF>0.96364130726398634</SFCF>
        <CFR>0.04927805556487589</CFR>
        <CWH>0.13234738567490423</CWH>
        <CFGlacier>1</CFGlacier>
        <CFSlope>1</CFSlope>
        <FC>459.89545382394039</FC>
        <LP>0.61632207701345909</LP>
        <BETA>5.9033445530122854</BETA>
      </SubCatchmentVegetationZoneParameters>
    </SubCatchmentVegetationZone>
  </SubCatchment>
</Catchment>