<?xml version="1.0" encoding="utf-8"?>
<Catchment xmlns:xsi="http://www.w3.org/2001/XMLSchema-instance" xmlns:xsd="http://www.w3.org/2001/XMLSchema">
  <CatchmentParameters>
    <KSI>0.001</KSI>
    <KGmin>0.05</KGmin>
    <RangeKG>0.1</RangeKG>
    <AG>0.1</AG>
    <PERC>7.5013624860329751</PERC>
    <Alpha>0</Alpha>
    <UZL>138.72098440116133</UZL>
    <K0>0.24510103143837969</K0>
    <K1>0.42436645295082254</K1>
    <K2>0.032875961316969723</K2>
    <MAXBAS>1.17831951662598</MAXBAS>
    <Cet>0</Cet>
    <PCALT>10</PCALT>
    <TCALT>0.6</TCALT>
    <Pelev>3100</Pelev>
    <Telev>3100</Telev>
    <PART>0.5</PART>
    <DELAY>1</DELAY>
  </CatchmentParameters>
  <VegetationZone>
    <VegetationZoneParameters>
      <TT>0.22602679117764679</TT>
      <CFMAX>4.12124348535779</CFMAX>
      <SP>0</SP>
      <SFCF>0.50186579871160408</SFCF>
      <CFR>0.06700124017119842</CFR>
      <CWH>0.15630986224931154</CWH>
      <CFGlacier>1</CFGlacier>
      <CFSlope>1</CFSlope>
      <FC>859.89298946006284</FC>
      <LP>0.62654717637650414</LP>
      <BETA>5.7936357990584373</BETA>
    </VegetationZoneParameters>
  </VegetationZone>
  <SubCatchment>
    <SubCatchmentParameters>
      <KSI>0.001</KSI>
      <KGmin>0.05</KGmin>
      <RangeKG>0.1</RangeKG>
      <AG>0.1</AG>
      <PERC>7.5013624860329751</PERC>
      <Alpha>0</Alpha>
      <UZL>138.72098440116133</UZL>
      <K0>0.24510103143837969</K0>
      <K1>0.42436645295082254</K1>
      <K2>0.032875961316969723</K2>
      <MAXBAS>1.17831951662598</MAXBAS>
      <Cet>0</Cet>
      <PCALT>10</PCALT>
      <TCALT>0.6</TCALT>
      <Pelev>3100</Pelev>
      <Telev>3100</Telev>
      <PART>0.5</PART>
      <DELAY>1</DELAY>
    </SubCatchmentParameters>
    <SubCatchmentVegetationZone>
      <SubCatchmentVegetationZoneParameters>
        <TT>0.22602679117764679</TT>
        <CFMAX>4.12124348535779</CFMAX>
        <SP>0</SP>
        <SFCF>0.50186579871160408</SFCF>
        <CFR>0.06700124017119842</CFR>
        <CWH>0.15630986224931154</CWH>
        <CFGlacier>1</CFGlacier>
        <CFSlope>1</CFSlope>
        <FC>859.89298946006284</FC>
        <LP>0.62654717637650414</LP>
        <BETA>5.7936357990584373</BETA>
      </SubCatchmentVegetationZoneParameters>
    </SubCatchmentVegetationZone>
  </SubCatchment>
</Catchment>