<?xml version="1.0" encoding="utf-8"?>
<Catchment xmlns:xsi="http://www.w3.org/2001/XMLSchema-instance" xmlns:xsd="http://www.w3.org/2001/XMLSchema">
  <CatchmentParameters>
    <KSI>0.001</KSI>
    <KGmin>0.05</KGmin>
    <RangeKG>0.1</RangeKG>
    <AG>0.1</AG>
    <PERC>7.2763148510452806</PERC>
    <Alpha>0</Alpha>
    <UZL>52.749798982397586</UZL>
    <K0>0.53606602123771052</K0>
    <K1>0.11652781860420519</K1>
    <K2>0.054876424433795229</K2>
    <MAXBAS>1.0885385846768831</MAXBAS>
    <Cet>0</Cet>
    <PCALT>10</PCALT>
    <TCALT>0.6</TCALT>
    <Pelev>3100</Pelev>
    <Telev>3100</Telev>
    <PART>0.5</PART>
    <DELAY>1</DELAY>
  </CatchmentParameters>
  <VegetationZone>
    <VegetationZoneParameters>
      <TT>2.0960029742312614</TT>
      <CFMAX>4.95125314275076</CFMAX>
      <SP>0</SP>
      <SFCF>0.77037733586394441</SFCF>
      <CFR>0.03425723778270174</CFR>
      <CWH>0.12928927504661511</CWH>
      <CFGlacier>1</CFGlacier>
      <CFSlope>1</CFSlope>
      <FC>490.26341373656817</FC>
      <LP>0.56992321175752791</LP>
      <BETA>5.8499845668161541</BETA>
    </VegetationZoneParameters>
  </VegetationZone>
  <SubCatchment>
    <SubCatchmentParameters>
      <KSI>0.001</KSI>
      <KGmin>0.05</KGmin>
      <RangeKG>0.1</RangeKG>
      <AG>0.1</AG>
      <PERC>7.2763148510452806</PERC>
      <Alpha>0</Alpha>
      <UZL>52.749798982397586</UZL>
      <K0>0.53606602123771052</K0>
      <K1>0.11652781860420519</K1>
      <K2>0.054876424433795229</K2>
      <MAXBAS>1.0885385846768831</MAXBAS>
      <Cet>0</Cet>
      <PCALT>10</PCALT>
      <TCALT>0.6</TCALT>
      <Pelev>3100</Pelev>
      <Telev>3100</Telev>
      <PART>0.5</PART>
      <DELAY>1</DELAY>
    </SubCatchmentParameters>
    <SubCatchmentVegetationZone>
      <SubCatchmentVegetationZoneParameters>
        <TT>2.0960029742312614</TT>
        <CFMAX>4.95125314275076</CFMAX>
        <SP>0</SP>
        <SFCF>0.77037733586394441</SFCF>
        <CFR>0.03425723778270174</CFR>
        <CWH>0.12928927504661511</CWH>
        <CFGlacier>1</CFGlacier>
        <CFSlope>1</CFSlope>
        <FC>490.26341373656817</FC>
        <LP>0.56992321175752791</LP>
        <BETA>5.8499845668161541</BETA>
      </SubCatchmentVegetationZoneParameters>
    </SubCatchmentVegetationZone>
  </SubCatchment>
</Catchment>