<?xml version="1.0" encoding="utf-8"?>
<Catchment xmlns:xsi="http://www.w3.org/2001/XMLSchema-instance" xmlns:xsd="http://www.w3.org/2001/XMLSchema">
  <CatchmentParameters>
    <KSI>0.001</KSI>
    <KGmin>0.05</KGmin>
    <RangeKG>0.1</RangeKG>
    <AG>0.1</AG>
    <PERC>2.4319030734306892</PERC>
    <Alpha>0</Alpha>
    <UZL>91.062618957640382</UZL>
    <K0>0.13219068900789682</K0>
    <K1>0.1164664687845709</K1>
    <K2>0.012149595360503288</K2>
    <MAXBAS>1</MAXBAS>
    <Cet>0</Cet>
    <PCALT>10</PCALT>
    <TCALT>0.6</TCALT>
    <Pelev>3100</Pelev>
    <Telev>3100</Telev>
    <PART>0.5</PART>
    <DELAY>1</DELAY>
  </CatchmentParameters>
  <VegetationZone>
    <VegetationZoneParameters>
      <TT>-1.9000008430322433</TT>
      <CFMAX>2.5688560786635195</CFMAX>
      <SP>0</SP>
      <SFCF>0.98542842462656588</SFCF>
      <CFR>0.0577746632337465</CFR>
      <CWH>0.10000002492268922</CWH>
      <CFGlacier>1</CFGlacier>
      <CFSlope>1</CFSlope>
      <FC>1035.8011437199755</FC>
      <LP>0.45791626011621078</LP>
      <BETA>2.6564471923388622</BETA>
    </VegetationZoneParameters>
  </VegetationZone>
  <SubCatchment>
    <SubCatchmentParameters>
      <KSI>0.001</KSI>
      <KGmin>0.05</KGmin>
      <RangeKG>0.1</RangeKG>
      <AG>0.1</AG>
      <PERC>2.4319030734306892</PERC>
      <Alpha>0</Alpha>
      <UZL>91.062618957640382</UZL>
      <K0>0.13219068900789682</K0>
      <K1>0.1164664687845709</K1>
      <K2>0.012149595360503288</K2>
      <MAXBAS>1</MAXBAS>
      <Cet>0</Cet>
      <PCALT>10</PCALT>
      <TCALT>0.6</TCALT>
      <Pelev>3100</Pelev>
      <Telev>3100</Telev>
      <PART>0.5</PART>
      <DELAY>1</DELAY>
    </SubCatchmentParameters>
    <SubCatchmentVegetationZone>
      <SubCatchmentVegetationZoneParameters>
        <TT>-1.9000008430322433</TT>
        <CFMAX>2.5688560786635195</CFMAX>
        <SP>0</SP>
        <SFCF>0.98542842462656588</SFCF>
        <CFR>0.0577746632337465</CFR>
        <CWH>0.10000002492268922</CWH>
        <CFGlacier>1</CFGlacier>
        <CFSlope>1</CFSlope>
        <FC>1035.8011437199755</FC>
        <LP>0.45791626011621078</LP>
        <BETA>2.6564471923388622</BETA>
      </SubCatchmentVegetationZoneParameters>
    </SubCatchmentVegetationZone>
  </SubCatchment>
</Catchment>