<?xml version="1.0" encoding="utf-8"?>
<Catchment xmlns:xsi="http://www.w3.org/2001/XMLSchema-instance" xmlns:xsd="http://www.w3.org/2001/XMLSchema">
  <CatchmentParameters>
    <KSI>0.001</KSI>
    <KGmin>0.05</KGmin>
    <RangeKG>0.1</RangeKG>
    <AG>0.1</AG>
    <PERC>3.0128437297281079</PERC>
    <Alpha>0</Alpha>
    <UZL>125.34099503163181</UZL>
    <K0>0.050865968120088992</K0>
    <K1>0.27978409527067954</K1>
    <K2>0.0123285579289147</K2>
    <MAXBAS>1</MAXBAS>
    <Cet>0</Cet>
    <PCALT>10</PCALT>
    <TCALT>0.6</TCALT>
    <Pelev>3100</Pelev>
    <Telev>3100</Telev>
    <PART>0.5</PART>
    <DELAY>1</DELAY>
  </CatchmentParameters>
  <VegetationZone>
    <VegetationZoneParameters>
      <TT>-1.4558981388849779</TT>
      <CFMAX>2.5352211712092765</CFMAX>
      <SP>0</SP>
      <SFCF>0.827796606325038</SFCF>
      <CFR>0.049906418317562817</CFR>
      <CWH>0.10000005389671725</CWH>
      <CFGlacier>1</CFGlacier>
      <CFSlope>1</CFSlope>
      <FC>880.107596519173</FC>
      <LP>0.43302695881898468</LP>
      <BETA>2.2914572141945762</BETA>
    </VegetationZoneParameters>
  </VegetationZone>
  <SubCatchment>
    <SubCatchmentParameters>
      <KSI>0.001</KSI>
      <KGmin>0.05</KGmin>
      <RangeKG>0.1</RangeKG>
      <AG>0.1</AG>
      <PERC>3.0128437297281079</PERC>
      <Alpha>0</Alpha>
      <UZL>125.34099503163181</UZL>
      <K0>0.050865968120088992</K0>
      <K1>0.27978409527067954</K1>
      <K2>0.0123285579289147</K2>
      <MAXBAS>1</MAXBAS>
      <Cet>0</Cet>
      <PCALT>10</PCALT>
      <TCALT>0.6</TCALT>
      <Pelev>3100</Pelev>
      <Telev>3100</Telev>
      <PART>0.5</PART>
      <DELAY>1</DELAY>
    </SubCatchmentParameters>
    <SubCatchmentVegetationZone>
      <SubCatchmentVegetationZoneParameters>
        <TT>-1.4558981388849779</TT>
        <CFMAX>2.5352211712092765</CFMAX>
        <SP>0</SP>
        <SFCF>0.827796606325038</SFCF>
        <CFR>0.049906418317562817</CFR>
        <CWH>0.10000005389671725</CWH>
        <CFGlacier>1</CFGlacier>
        <CFSlope>1</CFSlope>
        <FC>880.107596519173</FC>
        <LP>0.43302695881898468</LP>
        <BETA>2.2914572141945762</BETA>
      </SubCatchmentVegetationZoneParameters>
    </SubCatchmentVegetationZone>
  </SubCatchment>
</Catchment>