<?xml version="1.0" encoding="utf-8"?>
<Catchment xmlns:xsi="http://www.w3.org/2001/XMLSchema-instance" xmlns:xsd="http://www.w3.org/2001/XMLSchema">
  <CatchmentParameters>
    <KSI>0.001</KSI>
    <KGmin>0.05</KGmin>
    <RangeKG>0.1</RangeKG>
    <AG>0.1</AG>
    <PERC>8.1117959897695862</PERC>
    <Alpha>0</Alpha>
    <UZL>171.22915306053662</UZL>
    <K0>0.30548113607202532</K0>
    <K1>0.38149796320687135</K1>
    <K2>0.10958701025869705</K2>
    <MAXBAS>1.6142540262220178</MAXBAS>
    <Cet>0</Cet>
    <PCALT>10</PCALT>
    <TCALT>0.6</TCALT>
    <Pelev>3100</Pelev>
    <Telev>3100</Telev>
    <PART>0.5</PART>
    <DELAY>1</DELAY>
  </CatchmentParameters>
  <VegetationZone>
    <VegetationZoneParameters>
      <TT>0.67472207146268071</TT>
      <CFMAX>2.8051367380358458</CFMAX>
      <SP>0</SP>
      <SFCF>0.59896927216917517</SFCF>
      <CFR>0.066665076952050734</CFR>
      <CWH>0.12001814060069055</CWH>
      <CFGlacier>1</CFGlacier>
      <CFSlope>1</CFSlope>
      <FC>385.58375219961567</FC>
      <LP>0.56406250642619415</LP>
      <BETA>5.5186109681594253</BETA>
    </VegetationZoneParameters>
  </VegetationZone>
  <SubCatchment>
    <SubCatchmentParameters>
      <KSI>0.001</KSI>
      <KGmin>0.05</KGmin>
      <RangeKG>0.1</RangeKG>
      <AG>0.1</AG>
      <PERC>8.1117959897695862</PERC>
      <Alpha>0</Alpha>
      <UZL>171.22915306053662</UZL>
      <K0>0.30548113607202532</K0>
      <K1>0.38149796320687135</K1>
      <K2>0.10958701025869705</K2>
      <MAXBAS>1.6142540262220178</MAXBAS>
      <Cet>0</Cet>
      <PCALT>10</PCALT>
      <TCALT>0.6</TCALT>
      <Pelev>3100</Pelev>
      <Telev>3100</Telev>
      <PART>0.5</PART>
      <DELAY>1</DELAY>
    </SubCatchmentParameters>
    <SubCatchmentVegetationZone>
      <SubCatchmentVegetationZoneParameters>
        <TT>0.67472207146268071</TT>
        <CFMAX>2.8051367380358458</CFMAX>
        <SP>0</SP>
        <SFCF>0.59896927216917517</SFCF>
        <CFR>0.066665076952050734</CFR>
        <CWH>0.12001814060069055</CWH>
        <CFGlacier>1</CFGlacier>
        <CFSlope>1</CFSlope>
        <FC>385.58375219961567</FC>
        <LP>0.56406250642619415</LP>
        <BETA>5.5186109681594253</BETA>
      </SubCatchmentVegetationZoneParameters>
    </SubCatchmentVegetationZone>
  </SubCatchment>
</Catchment>