<?xml version="1.0" encoding="utf-8"?>
<Catchment xmlns:xsi="http://www.w3.org/2001/XMLSchema-instance" xmlns:xsd="http://www.w3.org/2001/XMLSchema">
  <CatchmentParameters>
    <KSI>0.001</KSI>
    <KGmin>0.05</KGmin>
    <RangeKG>0.1</RangeKG>
    <AG>0.1</AG>
    <PERC>6.6990377377049795</PERC>
    <Alpha>0</Alpha>
    <UZL>82.336222450574184</UZL>
    <K0>0.17161055405011433</K0>
    <K1>0.43740871156656</K1>
    <K2>0.0830115410308373</K2>
    <MAXBAS>1.5255884739762546</MAXBAS>
    <Cet>0</Cet>
    <PCALT>10</PCALT>
    <TCALT>0.6</TCALT>
    <Pelev>3100</Pelev>
    <Telev>3100</Telev>
    <PART>0.5</PART>
    <DELAY>1</DELAY>
  </CatchmentParameters>
  <VegetationZone>
    <VegetationZoneParameters>
      <TT>0.71760069008381122</TT>
      <CFMAX>2.4583520772558645</CFMAX>
      <SP>0</SP>
      <SFCF>0.64632072910859117</SFCF>
      <CFR>0.072872518395020985</CFR>
      <CWH>0.12813032367146265</CWH>
      <CFGlacier>1</CFGlacier>
      <CFSlope>1</CFSlope>
      <FC>641.72233098623428</FC>
      <LP>0.58317651935664772</LP>
      <BETA>4.0523634347056632</BETA>
    </VegetationZoneParameters>
  </VegetationZone>
  <SubCatchment>
    <SubCatchmentParameters>
      <KSI>0.001</KSI>
      <KGmin>0.05</KGmin>
      <RangeKG>0.1</RangeKG>
      <AG>0.1</AG>
      <PERC>6.6990377377049795</PERC>
      <Alpha>0</Alpha>
      <UZL>82.336222450574184</UZL>
      <K0>0.17161055405011433</K0>
      <K1>0.43740871156656</K1>
      <K2>0.0830115410308373</K2>
      <MAXBAS>1.5255884739762546</MAXBAS>
      <Cet>0</Cet>
      <PCALT>10</PCALT>
      <TCALT>0.6</TCALT>
      <Pelev>3100</Pelev>
      <Telev>3100</Telev>
      <PART>0.5</PART>
      <DELAY>1</DELAY>
    </SubCatchmentParameters>
    <SubCatchmentVegetationZone>
      <SubCatchmentVegetationZoneParameters>
        <TT>0.71760069008381122</TT>
        <CFMAX>2.4583520772558645</CFMAX>
        <SP>0</SP>
        <SFCF>0.64632072910859117</SFCF>
        <CFR>0.072872518395020985</CFR>
        <CWH>0.12813032367146265</CWH>
        <CFGlacier>1</CFGlacier>
        <CFSlope>1</CFSlope>
        <FC>641.72233098623428</FC>
        <LP>0.58317651935664772</LP>
        <BETA>4.0523634347056632</BETA>
      </SubCatchmentVegetationZoneParameters>
    </SubCatchmentVegetationZone>
  </SubCatchment>
</Catchment>