<?xml version="1.0" encoding="utf-8"?>
<Catchment xmlns:xsi="http://www.w3.org/2001/XMLSchema-instance" xmlns:xsd="http://www.w3.org/2001/XMLSchema">
  <CatchmentParameters>
    <KSI>0.001</KSI>
    <KGmin>0.05</KGmin>
    <RangeKG>0.1</RangeKG>
    <AG>0.1</AG>
    <PERC>9.5190602263152186</PERC>
    <Alpha>0</Alpha>
    <UZL>119.03543397222872</UZL>
    <K0>0.10715822461445912</K0>
    <K1>0.43505889075330717</K1>
    <K2>0.13298299550818</K2>
    <MAXBAS>2.0358358878455971</MAXBAS>
    <Cet>0</Cet>
    <PCALT>10</PCALT>
    <TCALT>0.6</TCALT>
    <Pelev>3100</Pelev>
    <Telev>3100</Telev>
    <PART>0.5</PART>
    <DELAY>1</DELAY>
  </CatchmentParameters>
  <VegetationZone>
    <VegetationZoneParameters>
      <TT>1.3262490257911017</TT>
      <CFMAX>4.6650373623897652</CFMAX>
      <SP>0</SP>
      <SFCF>0.83106482554870675</SFCF>
      <CFR>0.065324251656046342</CFR>
      <CWH>0.1382247158159558</CWH>
      <CFGlacier>1</CFGlacier>
      <CFSlope>1</CFSlope>
      <FC>389.11331703162818</FC>
      <LP>0.59714635107293534</LP>
      <BETA>3.984646505956615</BETA>
    </VegetationZoneParameters>
  </VegetationZone>
  <SubCatchment>
    <SubCatchmentParameters>
      <KSI>0.001</KSI>
      <KGmin>0.05</KGmin>
      <RangeKG>0.1</RangeKG>
      <AG>0.1</AG>
      <PERC>9.5190602263152186</PERC>
      <Alpha>0</Alpha>
      <UZL>119.03543397222872</UZL>
      <K0>0.10715822461445912</K0>
      <K1>0.43505889075330717</K1>
      <K2>0.13298299550818</K2>
      <MAXBAS>2.0358358878455971</MAXBAS>
      <Cet>0</Cet>
      <PCALT>10</PCALT>
      <TCALT>0.6</TCALT>
      <Pelev>3100</Pelev>
      <Telev>3100</Telev>
      <PART>0.5</PART>
      <DELAY>1</DELAY>
    </SubCatchmentParameters>
    <SubCatchmentVegetationZone>
      <SubCatchmentVegetationZoneParameters>
        <TT>1.3262490257911017</TT>
        <CFMAX>4.6650373623897652</CFMAX>
        <SP>0</SP>
        <SFCF>0.83106482554870675</SFCF>
        <CFR>0.065324251656046342</CFR>
        <CWH>0.1382247158159558</CWH>
        <CFGlacier>1</CFGlacier>
        <CFSlope>1</CFSlope>
        <FC>389.11331703162818</FC>
        <LP>0.59714635107293534</LP>
        <BETA>3.984646505956615</BETA>
      </SubCatchmentVegetationZoneParameters>
    </SubCatchmentVegetationZone>
  </SubCatchment>
</Catchment>