<?xml version="1.0" encoding="utf-8"?>
<Catchment xmlns:xsi="http://www.w3.org/2001/XMLSchema-instance" xmlns:xsd="http://www.w3.org/2001/XMLSchema">
  <CatchmentParameters>
    <KSI>0.001</KSI>
    <KGmin>0.05</KGmin>
    <RangeKG>0.1</RangeKG>
    <AG>0.1</AG>
    <PERC>5.8998578710975336</PERC>
    <Alpha>0</Alpha>
    <UZL>156.92075923621334</UZL>
    <K0>0.26668292864048537</K0>
    <K1>0.69900745803536013</K1>
    <K2>0.010496664432179382</K2>
    <MAXBAS>1</MAXBAS>
    <Cet>0</Cet>
    <PCALT>10</PCALT>
    <TCALT>0.6</TCALT>
    <Pelev>3100</Pelev>
    <Telev>3100</Telev>
    <PART>0.5</PART>
    <DELAY>1</DELAY>
  </CatchmentParameters>
  <VegetationZone>
    <VegetationZoneParameters>
      <TT>-2.0552454789347347</TT>
      <CFMAX>2.5301766708951772</CFMAX>
      <SP>0</SP>
      <SFCF>0.7416490080640803</SFCF>
      <CFR>0.020927040860914008</CFR>
      <CWH>0.10001623175394278</CWH>
      <CFGlacier>1</CFGlacier>
      <CFSlope>1</CFSlope>
      <FC>684.59082674063757</FC>
      <LP>0.78933375224529612</LP>
      <BETA>4.4249564227427332</BETA>
    </VegetationZoneParameters>
  </VegetationZone>
  <SubCatchment>
    <SubCatchmentParameters>
      <KSI>0.001</KSI>
      <KGmin>0.05</KGmin>
      <RangeKG>0.1</RangeKG>
      <AG>0.1</AG>
      <PERC>5.8998578710975336</PERC>
      <Alpha>0</Alpha>
      <UZL>156.92075923621334</UZL>
      <K0>0.26668292864048537</K0>
      <K1>0.69900745803536013</K1>
      <K2>0.010496664432179382</K2>
      <MAXBAS>1</MAXBAS>
      <Cet>0</Cet>
      <PCALT>10</PCALT>
      <TCALT>0.6</TCALT>
      <Pelev>3100</Pelev>
      <Telev>3100</Telev>
      <PART>0.5</PART>
      <DELAY>1</DELAY>
    </SubCatchmentParameters>
    <SubCatchmentVegetationZone>
      <SubCatchmentVegetationZoneParameters>
        <TT>-2.0552454789347347</TT>
        <CFMAX>2.5301766708951772</CFMAX>
        <SP>0</SP>
        <SFCF>0.7416490080640803</SFCF>
        <CFR>0.020927040860914008</CFR>
        <CWH>0.10001623175394278</CWH>
        <CFGlacier>1</CFGlacier>
        <CFSlope>1</CFSlope>
        <FC>684.59082674063757</FC>
        <LP>0.78933375224529612</LP>
        <BETA>4.4249564227427332</BETA>
      </SubCatchmentVegetationZoneParameters>
    </SubCatchmentVegetationZone>
  </SubCatchment>
</Catchment>