<?xml version="1.0" encoding="utf-8"?>
<Catchment xmlns:xsi="http://www.w3.org/2001/XMLSchema-instance" xmlns:xsd="http://www.w3.org/2001/XMLSchema">
  <CatchmentParameters>
    <KSI>0.001</KSI>
    <KGmin>0.05</KGmin>
    <RangeKG>0.1</RangeKG>
    <AG>0.1</AG>
    <PERC>6.0407714085968856</PERC>
    <Alpha>0</Alpha>
    <UZL>107.85052986505247</UZL>
    <K0>0.07227896069147044</K0>
    <K1>0.497388033364751</K1>
    <K2>0.088454581034349458</K2>
    <MAXBAS>1.2373809264238505</MAXBAS>
    <Cet>0</Cet>
    <PCALT>10</PCALT>
    <TCALT>0.6</TCALT>
    <Pelev>3100</Pelev>
    <Telev>3100</Telev>
    <PART>0.5</PART>
    <DELAY>1</DELAY>
  </CatchmentParameters>
  <VegetationZone>
    <VegetationZoneParameters>
      <TT>1.7582075172789464</TT>
      <CFMAX>3.648746087581543</CFMAX>
      <SP>0</SP>
      <SFCF>0.8339292644207581</SFCF>
      <CFR>0.077290894498739368</CFR>
      <CWH>0.15012980928566605</CWH>
      <CFGlacier>1</CFGlacier>
      <CFSlope>1</CFSlope>
      <FC>798.09013747064364</FC>
      <LP>0.51870549905677776</LP>
      <BETA>5.2844582947705447</BETA>
    </VegetationZoneParameters>
  </VegetationZone>
  <SubCatchment>
    <SubCatchmentParameters>
      <KSI>0.001</KSI>
      <KGmin>0.05</KGmin>
      <RangeKG>0.1</RangeKG>
      <AG>0.1</AG>
      <PERC>6.0407714085968856</PERC>
      <Alpha>0</Alpha>
      <UZL>107.85052986505247</UZL>
      <K0>0.07227896069147044</K0>
      <K1>0.497388033364751</K1>
      <K2>0.088454581034349458</K2>
      <MAXBAS>1.2373809264238505</MAXBAS>
      <Cet>0</Cet>
      <PCALT>10</PCALT>
      <TCALT>0.6</TCALT>
      <Pelev>3100</Pelev>
      <Telev>3100</Telev>
      <PART>0.5</PART>
      <DELAY>1</DELAY>
    </SubCatchmentParameters>
    <SubCatchmentVegetationZone>
      <SubCatchmentVegetationZoneParameters>
        <TT>1.7582075172789464</TT>
        <CFMAX>3.648746087581543</CFMAX>
        <SP>0</SP>
        <SFCF>0.8339292644207581</SFCF>
        <CFR>0.077290894498739368</CFR>
        <CWH>0.15012980928566605</CWH>
        <CFGlacier>1</CFGlacier>
        <CFSlope>1</CFSlope>
        <FC>798.09013747064364</FC>
        <LP>0.51870549905677776</LP>
        <BETA>5.2844582947705447</BETA>
      </SubCatchmentVegetationZoneParameters>
    </SubCatchmentVegetationZone>
  </SubCatchment>
</Catchment>