<?xml version="1.0" encoding="utf-8"?>
<Catchment xmlns:xsi="http://www.w3.org/2001/XMLSchema-instance" xmlns:xsd="http://www.w3.org/2001/XMLSchema">
  <CatchmentParameters>
    <KSI>0.001</KSI>
    <KGmin>0.05</KGmin>
    <RangeKG>0.1</RangeKG>
    <AG>0.1</AG>
    <PERC>5.7996063205864745</PERC>
    <Alpha>0</Alpha>
    <UZL>177.76921951724995</UZL>
    <K0>0.54424166037119526</K0>
    <K1>0.25867824484801377</K1>
    <K2>0.11726375494753702</K2>
    <MAXBAS>1.422968073234236</MAXBAS>
    <Cet>0</Cet>
    <PCALT>10</PCALT>
    <TCALT>0.6</TCALT>
    <Pelev>3100</Pelev>
    <Telev>3100</Telev>
    <PART>0.5</PART>
    <DELAY>1</DELAY>
  </CatchmentParameters>
  <VegetationZone>
    <VegetationZoneParameters>
      <TT>2.1172464087613281</TT>
      <CFMAX>4.3186964653589648</CFMAX>
      <SP>0</SP>
      <SFCF>0.76742340151700072</SFCF>
      <CFR>0.038917236371572093</CFR>
      <CWH>0.18230521916354775</CWH>
      <CFGlacier>1</CFGlacier>
      <CFSlope>1</CFSlope>
      <FC>274.78968962057712</FC>
      <LP>0.67903946882718513</LP>
      <BETA>5.4359967136222682</BETA>
    </VegetationZoneParameters>
  </VegetationZone>
  <SubCatchment>
    <SubCatchmentParameters>
      <KSI>0.001</KSI>
      <KGmin>0.05</KGmin>
      <RangeKG>0.1</RangeKG>
      <AG>0.1</AG>
      <PERC>5.7996063205864745</PERC>
      <Alpha>0</Alpha>
      <UZL>177.76921951724995</UZL>
      <K0>0.54424166037119526</K0>
      <K1>0.25867824484801377</K1>
      <K2>0.11726375494753702</K2>
      <MAXBAS>1.422968073234236</MAXBAS>
      <Cet>0</Cet>
      <PCALT>10</PCALT>
      <TCALT>0.6</TCALT>
      <Pelev>3100</Pelev>
      <Telev>3100</Telev>
      <PART>0.5</PART>
      <DELAY>1</DELAY>
    </SubCatchmentParameters>
    <SubCatchmentVegetationZone>
      <SubCatchmentVegetationZoneParameters>
        <TT>2.1172464087613281</TT>
        <CFMAX>4.3186964653589648</CFMAX>
        <SP>0</SP>
        <SFCF>0.76742340151700072</SFCF>
        <CFR>0.038917236371572093</CFR>
        <CWH>0.18230521916354775</CWH>
        <CFGlacier>1</CFGlacier>
        <CFSlope>1</CFSlope>
        <FC>274.78968962057712</FC>
        <LP>0.67903946882718513</LP>
        <BETA>5.4359967136222682</BETA>
      </SubCatchmentVegetationZoneParameters>
    </SubCatchmentVegetationZone>
  </SubCatchment>
</Catchment>