<?xml version="1.0" encoding="utf-8"?>
<Catchment xmlns:xsi="http://www.w3.org/2001/XMLSchema-instance" xmlns:xsd="http://www.w3.org/2001/XMLSchema">
  <CatchmentParameters>
    <KSI>0.001</KSI>
    <KGmin>0.05</KGmin>
    <RangeKG>0.1</RangeKG>
    <AG>0.1</AG>
    <PERC>3.8221845639341745</PERC>
    <Alpha>0</Alpha>
    <UZL>123.09482964663667</UZL>
    <K0>0.26899948654410072</K0>
    <K1>0.15340059125763678</K1>
    <K2>0.013038720445884352</K2>
    <MAXBAS>1</MAXBAS>
    <Cet>0</Cet>
    <PCALT>10</PCALT>
    <TCALT>0.6</TCALT>
    <Pelev>3100</Pelev>
    <Telev>3100</Telev>
    <PART>0.5</PART>
    <DELAY>1</DELAY>
  </CatchmentParameters>
  <VegetationZone>
    <VegetationZoneParameters>
      <TT>-0.700000530539289</TT>
      <CFMAX>3.8330932065309096</CFMAX>
      <SP>0</SP>
      <SFCF>0.88983486868189576</SFCF>
      <CFR>1.5427222752860116E-08</CFR>
      <CWH>0.10000003260753848</CWH>
      <CFGlacier>1</CFGlacier>
      <CFSlope>1</CFSlope>
      <FC>999.287873814904</FC>
      <LP>0.44937976958417347</LP>
      <BETA>2.4345844838595165</BETA>
    </VegetationZoneParameters>
  </VegetationZone>
  <SubCatchment>
    <SubCatchmentParameters>
      <KSI>0.001</KSI>
      <KGmin>0.05</KGmin>
      <RangeKG>0.1</RangeKG>
      <AG>0.1</AG>
      <PERC>3.8221845639341745</PERC>
      <Alpha>0</Alpha>
      <UZL>123.09482964663667</UZL>
      <K0>0.26899948654410072</K0>
      <K1>0.15340059125763678</K1>
      <K2>0.013038720445884352</K2>
      <MAXBAS>1</MAXBAS>
      <Cet>0</Cet>
      <PCALT>10</PCALT>
      <TCALT>0.6</TCALT>
      <Pelev>3100</Pelev>
      <Telev>3100</Telev>
      <PART>0.5</PART>
      <DELAY>1</DELAY>
    </SubCatchmentParameters>
    <SubCatchmentVegetationZone>
      <SubCatchmentVegetationZoneParameters>
        <TT>-0.700000530539289</TT>
        <CFMAX>3.8330932065309096</CFMAX>
        <SP>0</SP>
        <SFCF>0.88983486868189576</SFCF>
        <CFR>1.5427222752860116E-08</CFR>
        <CWH>0.10000003260753848</CWH>
        <CFGlacier>1</CFGlacier>
        <CFSlope>1</CFSlope>
        <FC>999.287873814904</FC>
        <LP>0.44937976958417347</LP>
        <BETA>2.4345844838595165</BETA>
      </SubCatchmentVegetationZoneParameters>
    </SubCatchmentVegetationZone>
  </SubCatchment>
</Catchment>