<?xml version="1.0" encoding="utf-8"?>
<Catchment xmlns:xsi="http://www.w3.org/2001/XMLSchema-instance" xmlns:xsd="http://www.w3.org/2001/XMLSchema">
  <CatchmentParameters>
    <KSI>0.001</KSI>
    <KGmin>0.05</KGmin>
    <RangeKG>0.1</RangeKG>
    <AG>0.1</AG>
    <PERC>9.3403124886454947</PERC>
    <Alpha>0</Alpha>
    <UZL>118.68684547297171</UZL>
    <K0>0.30096229534320307</K0>
    <K1>0.32730152906963178</K1>
    <K2>0.065566038175988536</K2>
    <MAXBAS>1.1005145728361896</MAXBAS>
    <Cet>0</Cet>
    <PCALT>10</PCALT>
    <TCALT>0.6</TCALT>
    <Pelev>3100</Pelev>
    <Telev>3100</Telev>
    <PART>0.5</PART>
    <DELAY>1</DELAY>
  </CatchmentParameters>
  <VegetationZone>
    <VegetationZoneParameters>
      <TT>2.093114964776988</TT>
      <CFMAX>4.19095570809538</CFMAX>
      <SP>0</SP>
      <SFCF>0.679750870454067</SFCF>
      <CFR>0.022562621007780181</CFR>
      <CWH>0.12968554439184304</CWH>
      <CFGlacier>1</CFGlacier>
      <CFSlope>1</CFSlope>
      <FC>98.806013139715745</FC>
      <LP>0.4311496402206384</LP>
      <BETA>5.7036045216205089</BETA>
    </VegetationZoneParameters>
  </VegetationZone>
  <SubCatchment>
    <SubCatchmentParameters>
      <KSI>0.001</KSI>
      <KGmin>0.05</KGmin>
      <RangeKG>0.1</RangeKG>
      <AG>0.1</AG>
      <PERC>9.3403124886454947</PERC>
      <Alpha>0</Alpha>
      <UZL>118.68684547297171</UZL>
      <K0>0.30096229534320307</K0>
      <K1>0.32730152906963178</K1>
      <K2>0.065566038175988536</K2>
      <MAXBAS>1.1005145728361896</MAXBAS>
      <Cet>0</Cet>
      <PCALT>10</PCALT>
      <TCALT>0.6</TCALT>
      <Pelev>3100</Pelev>
      <Telev>3100</Telev>
      <PART>0.5</PART>
      <DELAY>1</DELAY>
    </SubCatchmentParameters>
    <SubCatchmentVegetationZone>
      <SubCatchmentVegetationZoneParameters>
        <TT>2.093114964776988</TT>
        <CFMAX>4.19095570809538</CFMAX>
        <SP>0</SP>
        <SFCF>0.679750870454067</SFCF>
        <CFR>0.022562621007780181</CFR>
        <CWH>0.12968554439184304</CWH>
        <CFGlacier>1</CFGlacier>
        <CFSlope>1</CFSlope>
        <FC>98.806013139715745</FC>
        <LP>0.4311496402206384</LP>
        <BETA>5.7036045216205089</BETA>
      </SubCatchmentVegetationZoneParameters>
    </SubCatchmentVegetationZone>
  </SubCatchment>
</Catchment>