<?xml version="1.0" encoding="utf-8"?>
<Catchment xmlns:xsi="http://www.w3.org/2001/XMLSchema-instance" xmlns:xsd="http://www.w3.org/2001/XMLSchema">
  <CatchmentParameters>
    <KSI>0.001</KSI>
    <KGmin>0.05</KGmin>
    <RangeKG>0.1</RangeKG>
    <AG>0.1</AG>
    <PERC>4.3928586169506305</PERC>
    <Alpha>0</Alpha>
    <UZL>57.672412133855339</UZL>
    <K0>0.51132285111380815</K0>
    <K1>0.15570106161962719</K1>
    <K2>0.011255244869103471</K2>
    <MAXBAS>1</MAXBAS>
    <Cet>0</Cet>
    <PCALT>10</PCALT>
    <TCALT>0.6</TCALT>
    <Pelev>3100</Pelev>
    <Telev>3100</Telev>
    <PART>0.5</PART>
    <DELAY>1</DELAY>
  </CatchmentParameters>
  <VegetationZone>
    <VegetationZoneParameters>
      <TT>-0.73724725035399774</TT>
      <CFMAX>3.3953121804267772</CFMAX>
      <SP>0</SP>
      <SFCF>0.71302273848615738</SFCF>
      <CFR>0.027011754851994481</CFR>
      <CWH>0.10591289684951875</CWH>
      <CFGlacier>1</CFGlacier>
      <CFSlope>1</CFSlope>
      <FC>616.08854205608827</FC>
      <LP>0.57925371035201567</LP>
      <BETA>2.8785923064062096</BETA>
    </VegetationZoneParameters>
  </VegetationZone>
  <SubCatchment>
    <SubCatchmentParameters>
      <KSI>0.001</KSI>
      <KGmin>0.05</KGmin>
      <RangeKG>0.1</RangeKG>
      <AG>0.1</AG>
      <PERC>4.3928586169506305</PERC>
      <Alpha>0</Alpha>
      <UZL>57.672412133855339</UZL>
      <K0>0.51132285111380815</K0>
      <K1>0.15570106161962719</K1>
      <K2>0.011255244869103471</K2>
      <MAXBAS>1</MAXBAS>
      <Cet>0</Cet>
      <PCALT>10</PCALT>
      <TCALT>0.6</TCALT>
      <Pelev>3100</Pelev>
      <Telev>3100</Telev>
      <PART>0.5</PART>
      <DELAY>1</DELAY>
    </SubCatchmentParameters>
    <SubCatchmentVegetationZone>
      <SubCatchmentVegetationZoneParameters>
        <TT>-0.73724725035399774</TT>
        <CFMAX>3.3953121804267772</CFMAX>
        <SP>0</SP>
        <SFCF>0.71302273848615738</SFCF>
        <CFR>0.027011754851994481</CFR>
        <CWH>0.10591289684951875</CWH>
        <CFGlacier>1</CFGlacier>
        <CFSlope>1</CFSlope>
        <FC>616.08854205608827</FC>
        <LP>0.57925371035201567</LP>
        <BETA>2.8785923064062096</BETA>
      </SubCatchmentVegetationZoneParameters>
    </SubCatchmentVegetationZone>
  </SubCatchment>
</Catchment>