<?xml version="1.0" encoding="utf-8"?>
<Catchment xmlns:xsi="http://www.w3.org/2001/XMLSchema-instance" xmlns:xsd="http://www.w3.org/2001/XMLSchema">
  <CatchmentParameters>
    <KSI>0.001</KSI>
    <KGmin>0.05</KGmin>
    <RangeKG>0.1</RangeKG>
    <AG>0.1</AG>
    <PERC>3.7959962982886366</PERC>
    <Alpha>0</Alpha>
    <UZL>169.30049426157521</UZL>
    <K0>0.2907222320335609</K0>
    <K1>0.36511970449437592</K1>
    <K2>0.026986194018812248</K2>
    <MAXBAS>1.8617624058139537</MAXBAS>
    <Cet>0</Cet>
    <PCALT>10</PCALT>
    <TCALT>0.6</TCALT>
    <Pelev>3100</Pelev>
    <Telev>3100</Telev>
    <PART>0.5</PART>
    <DELAY>1</DELAY>
  </CatchmentParameters>
  <VegetationZone>
    <VegetationZoneParameters>
      <TT>1.7966197531230521</TT>
      <CFMAX>4.37464279252609</CFMAX>
      <SP>0</SP>
      <SFCF>0.84912318529697139</SFCF>
      <CFR>0.027733524417570692</CFR>
      <CWH>0.12219839055508296</CWH>
      <CFGlacier>1</CFGlacier>
      <CFSlope>1</CFSlope>
      <FC>462.4766094788983</FC>
      <LP>0.49483424378685464</LP>
      <BETA>5.7221768244249738</BETA>
    </VegetationZoneParameters>
  </VegetationZone>
  <SubCatchment>
    <SubCatchmentParameters>
      <KSI>0.001</KSI>
      <KGmin>0.05</KGmin>
      <RangeKG>0.1</RangeKG>
      <AG>0.1</AG>
      <PERC>3.7959962982886366</PERC>
      <Alpha>0</Alpha>
      <UZL>169.30049426157521</UZL>
      <K0>0.2907222320335609</K0>
      <K1>0.36511970449437592</K1>
      <K2>0.026986194018812248</K2>
      <MAXBAS>1.8617624058139537</MAXBAS>
      <Cet>0</Cet>
      <PCALT>10</PCALT>
      <TCALT>0.6</TCALT>
      <Pelev>3100</Pelev>
      <Telev>3100</Telev>
      <PART>0.5</PART>
      <DELAY>1</DELAY>
    </SubCatchmentParameters>
    <SubCatchmentVegetationZone>
      <SubCatchmentVegetationZoneParameters>
        <TT>1.7966197531230521</TT>
        <CFMAX>4.37464279252609</CFMAX>
        <SP>0</SP>
        <SFCF>0.84912318529697139</SFCF>
        <CFR>0.027733524417570692</CFR>
        <CWH>0.12219839055508296</CWH>
        <CFGlacier>1</CFGlacier>
        <CFSlope>1</CFSlope>
        <FC>462.4766094788983</FC>
        <LP>0.49483424378685464</LP>
        <BETA>5.7221768244249738</BETA>
      </SubCatchmentVegetationZoneParameters>
    </SubCatchmentVegetationZone>
  </SubCatchment>
</Catchment>