<?xml version="1.0" encoding="utf-8"?>
<Catchment xmlns:xsi="http://www.w3.org/2001/XMLSchema-instance" xmlns:xsd="http://www.w3.org/2001/XMLSchema">
  <CatchmentParameters>
    <KSI>0.001</KSI>
    <KGmin>0.05</KGmin>
    <RangeKG>0.1</RangeKG>
    <AG>0.1</AG>
    <PERC>3.6740722271090394</PERC>
    <Alpha>0</Alpha>
    <UZL>70.146929369959466</UZL>
    <K0>0.53260968007313936</K0>
    <K1>0.46158423857372988</K1>
    <K2>0.013300318649509209</K2>
    <MAXBAS>1</MAXBAS>
    <Cet>0</Cet>
    <PCALT>10</PCALT>
    <TCALT>0.6</TCALT>
    <Pelev>3100</Pelev>
    <Telev>3100</Telev>
    <PART>0.5</PART>
    <DELAY>1</DELAY>
  </CatchmentParameters>
  <VegetationZone>
    <VegetationZoneParameters>
      <TT>-0.70000059780961321</TT>
      <CFMAX>3.5082829633861294</CFMAX>
      <SP>0</SP>
      <SFCF>0.892703196805937</SFCF>
      <CFR>0.031495245755505774</CFR>
      <CWH>0.10000000000008688</CWH>
      <CFGlacier>1</CFGlacier>
      <CFSlope>1</CFSlope>
      <FC>1081.230627904481</FC>
      <LP>0.44782653307558218</LP>
      <BETA>2.4320161034539272</BETA>
    </VegetationZoneParameters>
  </VegetationZone>
  <SubCatchment>
    <SubCatchmentParameters>
      <KSI>0.001</KSI>
      <KGmin>0.05</KGmin>
      <RangeKG>0.1</RangeKG>
      <AG>0.1</AG>
      <PERC>3.6740722271090394</PERC>
      <Alpha>0</Alpha>
      <UZL>70.146929369959466</UZL>
      <K0>0.53260968007313936</K0>
      <K1>0.46158423857372988</K1>
      <K2>0.013300318649509209</K2>
      <MAXBAS>1</MAXBAS>
      <Cet>0</Cet>
      <PCALT>10</PCALT>
      <TCALT>0.6</TCALT>
      <Pelev>3100</Pelev>
      <Telev>3100</Telev>
      <PART>0.5</PART>
      <DELAY>1</DELAY>
    </SubCatchmentParameters>
    <SubCatchmentVegetationZone>
      <SubCatchmentVegetationZoneParameters>
        <TT>-0.70000059780961321</TT>
        <CFMAX>3.5082829633861294</CFMAX>
        <SP>0</SP>
        <SFCF>0.892703196805937</SFCF>
        <CFR>0.031495245755505774</CFR>
        <CWH>0.10000000000008688</CWH>
        <CFGlacier>1</CFGlacier>
        <CFSlope>1</CFSlope>
        <FC>1081.230627904481</FC>
        <LP>0.44782653307558218</LP>
        <BETA>2.4320161034539272</BETA>
      </SubCatchmentVegetationZoneParameters>
    </SubCatchmentVegetationZone>
  </SubCatchment>
</Catchment>