<?xml version="1.0" encoding="utf-8"?>
<Catchment xmlns:xsi="http://www.w3.org/2001/XMLSchema-instance" xmlns:xsd="http://www.w3.org/2001/XMLSchema">
  <CatchmentParameters>
    <KSI>0.001</KSI>
    <KGmin>0.05</KGmin>
    <RangeKG>0.1</RangeKG>
    <AG>0.1</AG>
    <PERC>5.0865946393617261</PERC>
    <Alpha>0</Alpha>
    <UZL>111.16475585542139</UZL>
    <K0>0.43454956383193383</K0>
    <K1>0.09741817793438555</K1>
    <K2>0.010000335220509086</K2>
    <MAXBAS>1</MAXBAS>
    <Cet>0</Cet>
    <PCALT>10</PCALT>
    <TCALT>0.6</TCALT>
    <Pelev>3100</Pelev>
    <Telev>3100</Telev>
    <PART>0.5</PART>
    <DELAY>1</DELAY>
  </CatchmentParameters>
  <VegetationZone>
    <VegetationZoneParameters>
      <TT>0.087871208771715253</TT>
      <CFMAX>4.5923704609010807</CFMAX>
      <SP>0</SP>
      <SFCF>0.69161539677356787</SFCF>
      <CFR>0.03403227731829727</CFR>
      <CWH>0.10000025136085056</CWH>
      <CFGlacier>1</CFGlacier>
      <CFSlope>1</CFSlope>
      <FC>565.704509033188</FC>
      <LP>0.66569874646321481</LP>
      <BETA>3.4104175183663163</BETA>
    </VegetationZoneParameters>
  </VegetationZone>
  <SubCatchment>
    <SubCatchmentParameters>
      <KSI>0.001</KSI>
      <KGmin>0.05</KGmin>
      <RangeKG>0.1</RangeKG>
      <AG>0.1</AG>
      <PERC>5.0865946393617261</PERC>
      <Alpha>0</Alpha>
      <UZL>111.16475585542139</UZL>
      <K0>0.43454956383193383</K0>
      <K1>0.09741817793438555</K1>
      <K2>0.010000335220509086</K2>
      <MAXBAS>1</MAXBAS>
      <Cet>0</Cet>
      <PCALT>10</PCALT>
      <TCALT>0.6</TCALT>
      <Pelev>3100</Pelev>
      <Telev>3100</Telev>
      <PART>0.5</PART>
      <DELAY>1</DELAY>
    </SubCatchmentParameters>
    <SubCatchmentVegetationZone>
      <SubCatchmentVegetationZoneParameters>
        <TT>0.087871208771715253</TT>
        <CFMAX>4.5923704609010807</CFMAX>
        <SP>0</SP>
        <SFCF>0.69161539677356787</SFCF>
        <CFR>0.03403227731829727</CFR>
        <CWH>0.10000025136085056</CWH>
        <CFGlacier>1</CFGlacier>
        <CFSlope>1</CFSlope>
        <FC>565.704509033188</FC>
        <LP>0.66569874646321481</LP>
        <BETA>3.4104175183663163</BETA>
      </SubCatchmentVegetationZoneParameters>
    </SubCatchmentVegetationZone>
  </SubCatchment>
</Catchment>