<?xml version="1.0" encoding="utf-8"?>
<Catchment xmlns:xsi="http://www.w3.org/2001/XMLSchema-instance" xmlns:xsd="http://www.w3.org/2001/XMLSchema">
  <CatchmentParameters>
    <KSI>0.001</KSI>
    <KGmin>0.05</KGmin>
    <RangeKG>0.1</RangeKG>
    <AG>0.1</AG>
    <PERC>5.453623298733465</PERC>
    <Alpha>0</Alpha>
    <UZL>137.97490701377717</UZL>
    <K0>0.17054193797495199</K0>
    <K1>0.31364024105553079</K1>
    <K2>0.10684191966458878</K2>
    <MAXBAS>1.511670528831164</MAXBAS>
    <Cet>0</Cet>
    <PCALT>10</PCALT>
    <TCALT>0.6</TCALT>
    <Pelev>3100</Pelev>
    <Telev>3100</Telev>
    <PART>0.5</PART>
    <DELAY>1</DELAY>
  </CatchmentParameters>
  <VegetationZone>
    <VegetationZoneParameters>
      <TT>2.3564811160701491</TT>
      <CFMAX>4.3917707251842657</CFMAX>
      <SP>0</SP>
      <SFCF>0.87401036789733755</SFCF>
      <CFR>0.032956531315792285</CFR>
      <CWH>0.11236676191188001</CWH>
      <CFGlacier>1</CFGlacier>
      <CFSlope>1</CFSlope>
      <FC>570.5825332754157</FC>
      <LP>0.773706908859659</LP>
      <BETA>5.3814117879061563</BETA>
    </VegetationZoneParameters>
  </VegetationZone>
  <SubCatchment>
    <SubCatchmentParameters>
      <KSI>0.001</KSI>
      <KGmin>0.05</KGmin>
      <RangeKG>0.1</RangeKG>
      <AG>0.1</AG>
      <PERC>5.453623298733465</PERC>
      <Alpha>0</Alpha>
      <UZL>137.97490701377717</UZL>
      <K0>0.17054193797495199</K0>
      <K1>0.31364024105553079</K1>
      <K2>0.10684191966458878</K2>
      <MAXBAS>1.511670528831164</MAXBAS>
      <Cet>0</Cet>
      <PCALT>10</PCALT>
      <TCALT>0.6</TCALT>
      <Pelev>3100</Pelev>
      <Telev>3100</Telev>
      <PART>0.5</PART>
      <DELAY>1</DELAY>
    </SubCatchmentParameters>
    <SubCatchmentVegetationZone>
      <SubCatchmentVegetationZoneParameters>
        <TT>2.3564811160701491</TT>
        <CFMAX>4.3917707251842657</CFMAX>
        <SP>0</SP>
        <SFCF>0.87401036789733755</SFCF>
        <CFR>0.032956531315792285</CFR>
        <CWH>0.11236676191188001</CWH>
        <CFGlacier>1</CFGlacier>
        <CFSlope>1</CFSlope>
        <FC>570.5825332754157</FC>
        <LP>0.773706908859659</LP>
        <BETA>5.3814117879061563</BETA>
      </SubCatchmentVegetationZoneParameters>
    </SubCatchmentVegetationZone>
  </SubCatchment>
</Catchment>