<?xml version="1.0" encoding="utf-8"?>
<Catchment xmlns:xsi="http://www.w3.org/2001/XMLSchema-instance" xmlns:xsd="http://www.w3.org/2001/XMLSchema">
  <CatchmentParameters>
    <KSI>0.001</KSI>
    <KGmin>0.05</KGmin>
    <RangeKG>0.1</RangeKG>
    <AG>0.1</AG>
    <PERC>9.6785399041934781</PERC>
    <Alpha>0</Alpha>
    <UZL>55.289214989988189</UZL>
    <K0>0.51215849414318548</K0>
    <K1>0.32187988421770297</K1>
    <K2>0.061065984995316978</K2>
    <MAXBAS>1.308803847220346</MAXBAS>
    <Cet>0</Cet>
    <PCALT>10</PCALT>
    <TCALT>0.6</TCALT>
    <Pelev>3100</Pelev>
    <Telev>3100</Telev>
    <PART>0.5</PART>
    <DELAY>1</DELAY>
  </CatchmentParameters>
  <VegetationZone>
    <VegetationZoneParameters>
      <TT>0.30872117439552271</TT>
      <CFMAX>4.9185974619200525</CFMAX>
      <SP>0</SP>
      <SFCF>1.1124692309404705</SFCF>
      <CFR>0.029653728516847392</CFR>
      <CWH>0.12964227784662197</CWH>
      <CFGlacier>1</CFGlacier>
      <CFSlope>1</CFSlope>
      <FC>814.8032966870876</FC>
      <LP>0.58239211920644807</LP>
      <BETA>5.7754220494212909</BETA>
    </VegetationZoneParameters>
  </VegetationZone>
  <SubCatchment>
    <SubCatchmentParameters>
      <KSI>0.001</KSI>
      <KGmin>0.05</KGmin>
      <RangeKG>0.1</RangeKG>
      <AG>0.1</AG>
      <PERC>9.6785399041934781</PERC>
      <Alpha>0</Alpha>
      <UZL>55.289214989988189</UZL>
      <K0>0.51215849414318548</K0>
      <K1>0.32187988421770297</K1>
      <K2>0.061065984995316978</K2>
      <MAXBAS>1.308803847220346</MAXBAS>
      <Cet>0</Cet>
      <PCALT>10</PCALT>
      <TCALT>0.6</TCALT>
      <Pelev>3100</Pelev>
      <Telev>3100</Telev>
      <PART>0.5</PART>
      <DELAY>1</DELAY>
    </SubCatchmentParameters>
    <SubCatchmentVegetationZone>
      <SubCatchmentVegetationZoneParameters>
        <TT>0.30872117439552271</TT>
        <CFMAX>4.9185974619200525</CFMAX>
        <SP>0</SP>
        <SFCF>1.1124692309404705</SFCF>
        <CFR>0.029653728516847392</CFR>
        <CWH>0.12964227784662197</CWH>
        <CFGlacier>1</CFGlacier>
        <CFSlope>1</CFSlope>
        <FC>814.8032966870876</FC>
        <LP>0.58239211920644807</LP>
        <BETA>5.7754220494212909</BETA>
      </SubCatchmentVegetationZoneParameters>
    </SubCatchmentVegetationZone>
  </SubCatchment>
</Catchment>