<?xml version="1.0" encoding="utf-8"?>
<Catchment xmlns:xsi="http://www.w3.org/2001/XMLSchema-instance" xmlns:xsd="http://www.w3.org/2001/XMLSchema">
  <CatchmentParameters>
    <KSI>0.001</KSI>
    <KGmin>0.05</KGmin>
    <RangeKG>0.1</RangeKG>
    <AG>0.1</AG>
    <PERC>2.5632160556163259</PERC>
    <Alpha>0</Alpha>
    <UZL>173.95717461380554</UZL>
    <K0>0.13979325431253117</K0>
    <K1>0.10000441696524644</K1>
    <K2>0.011469393498760921</K2>
    <MAXBAS>1</MAXBAS>
    <Cet>0</Cet>
    <PCALT>10</PCALT>
    <TCALT>0.6</TCALT>
    <Pelev>3100</Pelev>
    <Telev>3100</Telev>
    <PART>0.5</PART>
    <DELAY>1</DELAY>
  </CatchmentParameters>
  <VegetationZone>
    <VegetationZoneParameters>
      <TT>-0.31919976059884542</TT>
      <CFMAX>2.8538077856405795</CFMAX>
      <SP>0</SP>
      <SFCF>0.62613982123705081</SFCF>
      <CFR>0.027588276246221732</CFR>
      <CWH>0.10000000004346475</CWH>
      <CFGlacier>1</CFGlacier>
      <CFSlope>1</CFSlope>
      <FC>574.916240828195</FC>
      <LP>0.54362743458670182</LP>
      <BETA>2.5011629283758694</BETA>
    </VegetationZoneParameters>
  </VegetationZone>
  <SubCatchment>
    <SubCatchmentParameters>
      <KSI>0.001</KSI>
      <KGmin>0.05</KGmin>
      <RangeKG>0.1</RangeKG>
      <AG>0.1</AG>
      <PERC>2.5632160556163259</PERC>
      <Alpha>0</Alpha>
      <UZL>173.95717461380554</UZL>
      <K0>0.13979325431253117</K0>
      <K1>0.10000441696524644</K1>
      <K2>0.011469393498760921</K2>
      <MAXBAS>1</MAXBAS>
      <Cet>0</Cet>
      <PCALT>10</PCALT>
      <TCALT>0.6</TCALT>
      <Pelev>3100</Pelev>
      <Telev>3100</Telev>
      <PART>0.5</PART>
      <DELAY>1</DELAY>
    </SubCatchmentParameters>
    <SubCatchmentVegetationZone>
      <SubCatchmentVegetationZoneParameters>
        <TT>-0.31919976059884542</TT>
        <CFMAX>2.8538077856405795</CFMAX>
        <SP>0</SP>
        <SFCF>0.62613982123705081</SFCF>
        <CFR>0.027588276246221732</CFR>
        <CWH>0.10000000004346475</CWH>
        <CFGlacier>1</CFGlacier>
        <CFSlope>1</CFSlope>
        <FC>574.916240828195</FC>
        <LP>0.54362743458670182</LP>
        <BETA>2.5011629283758694</BETA>
      </SubCatchmentVegetationZoneParameters>
    </SubCatchmentVegetationZone>
  </SubCatchment>
</Catchment>