<?xml version="1.0" encoding="utf-8"?>
<Catchment xmlns:xsi="http://www.w3.org/2001/XMLSchema-instance" xmlns:xsd="http://www.w3.org/2001/XMLSchema">
  <CatchmentParameters>
    <KSI>0.001</KSI>
    <KGmin>0.05</KGmin>
    <RangeKG>0.1</RangeKG>
    <AG>0.1</AG>
    <PERC>9.8890915139607962</PERC>
    <Alpha>0</Alpha>
    <UZL>46.467072958761996</UZL>
    <K0>0.48191359634117181</K0>
    <K1>0.374118966155679</K1>
    <K2>0.10984373125855051</K2>
    <MAXBAS>1.2300733921009321</MAXBAS>
    <Cet>0</Cet>
    <PCALT>10</PCALT>
    <TCALT>0.6</TCALT>
    <Pelev>3100</Pelev>
    <Telev>3100</Telev>
    <PART>0.5</PART>
    <DELAY>1</DELAY>
  </CatchmentParameters>
  <VegetationZone>
    <VegetationZoneParameters>
      <TT>0.58443092057504842</TT>
      <CFMAX>4.7681422197849717</CFMAX>
      <SP>0</SP>
      <SFCF>1.0425038289918778</SFCF>
      <CFR>0.028104403632284714</CFR>
      <CWH>0.14131553533623356</CWH>
      <CFGlacier>1</CFGlacier>
      <CFSlope>1</CFSlope>
      <FC>120.08524288065139</FC>
      <LP>0.53997466571158381</LP>
      <BETA>5.64413160018879</BETA>
    </VegetationZoneParameters>
  </VegetationZone>
  <SubCatchment>
    <SubCatchmentParameters>
      <KSI>0.001</KSI>
      <KGmin>0.05</KGmin>
      <RangeKG>0.1</RangeKG>
      <AG>0.1</AG>
      <PERC>9.8890915139607962</PERC>
      <Alpha>0</Alpha>
      <UZL>46.467072958761996</UZL>
      <K0>0.48191359634117181</K0>
      <K1>0.374118966155679</K1>
      <K2>0.10984373125855051</K2>
      <MAXBAS>1.2300733921009321</MAXBAS>
      <Cet>0</Cet>
      <PCALT>10</PCALT>
      <TCALT>0.6</TCALT>
      <Pelev>3100</Pelev>
      <Telev>3100</Telev>
      <PART>0.5</PART>
      <DELAY>1</DELAY>
    </SubCatchmentParameters>
    <SubCatchmentVegetationZone>
      <SubCatchmentVegetationZoneParameters>
        <TT>0.58443092057504842</TT>
        <CFMAX>4.7681422197849717</CFMAX>
        <SP>0</SP>
        <SFCF>1.0425038289918778</SFCF>
        <CFR>0.028104403632284714</CFR>
        <CWH>0.14131553533623356</CWH>
        <CFGlacier>1</CFGlacier>
        <CFSlope>1</CFSlope>
        <FC>120.08524288065139</FC>
        <LP>0.53997466571158381</LP>
        <BETA>5.64413160018879</BETA>
      </SubCatchmentVegetationZoneParameters>
    </SubCatchmentVegetationZone>
  </SubCatchment>
</Catchment>