<?xml version="1.0" encoding="utf-8"?>
<Catchment xmlns:xsi="http://www.w3.org/2001/XMLSchema-instance" xmlns:xsd="http://www.w3.org/2001/XMLSchema">
  <CatchmentParameters>
    <KSI>0.001</KSI>
    <KGmin>0.05</KGmin>
    <RangeKG>0.1</RangeKG>
    <AG>0.1</AG>
    <PERC>0.67714968714170432</PERC>
    <Alpha>0</Alpha>
    <UZL>64.912976875033891</UZL>
    <K0>0.54267213090152977</K0>
    <K1>0.021505836729757956</K1>
    <K2>0.012335917084426603</K2>
    <MAXBAS>1</MAXBAS>
    <Cet>0</Cet>
    <PCALT>10</PCALT>
    <TCALT>0.6</TCALT>
    <Pelev>3100</Pelev>
    <Telev>3100</Telev>
    <PART>0.5</PART>
    <DELAY>1</DELAY>
  </CatchmentParameters>
  <VegetationZone>
    <VegetationZoneParameters>
      <TT>0.53342622714704935</TT>
      <CFMAX>4.2646286282150969</CFMAX>
      <SP>0</SP>
      <SFCF>0.71155706542695762</SFCF>
      <CFR>0.028588503987995777</CFR>
      <CWH>0.10000000336500618</CWH>
      <CFGlacier>1</CFGlacier>
      <CFSlope>1</CFSlope>
      <FC>641.453742900363</FC>
      <LP>0.57385812345499887</LP>
      <BETA>2.9120125720303904</BETA>
    </VegetationZoneParameters>
  </VegetationZone>
  <SubCatchment>
    <SubCatchmentParameters>
      <KSI>0.001</KSI>
      <KGmin>0.05</KGmin>
      <RangeKG>0.1</RangeKG>
      <AG>0.1</AG>
      <PERC>0.67714968714170432</PERC>
      <Alpha>0</Alpha>
      <UZL>64.912976875033891</UZL>
      <K0>0.54267213090152977</K0>
      <K1>0.021505836729757956</K1>
      <K2>0.012335917084426603</K2>
      <MAXBAS>1</MAXBAS>
      <Cet>0</Cet>
      <PCALT>10</PCALT>
      <TCALT>0.6</TCALT>
      <Pelev>3100</Pelev>
      <Telev>3100</Telev>
      <PART>0.5</PART>
      <DELAY>1</DELAY>
    </SubCatchmentParameters>
    <SubCatchmentVegetationZone>
      <SubCatchmentVegetationZoneParameters>
        <TT>0.53342622714704935</TT>
        <CFMAX>4.2646286282150969</CFMAX>
        <SP>0</SP>
        <SFCF>0.71155706542695762</SFCF>
        <CFR>0.028588503987995777</CFR>
        <CWH>0.10000000336500618</CWH>
        <CFGlacier>1</CFGlacier>
        <CFSlope>1</CFSlope>
        <FC>641.453742900363</FC>
        <LP>0.57385812345499887</LP>
        <BETA>2.9120125720303904</BETA>
      </SubCatchmentVegetationZoneParameters>
    </SubCatchmentVegetationZone>
  </SubCatchment>
</Catchment>