<?xml version="1.0" encoding="utf-8"?>
<Catchment xmlns:xsi="http://www.w3.org/2001/XMLSchema-instance" xmlns:xsd="http://www.w3.org/2001/XMLSchema">
  <CatchmentParameters>
    <KSI>0.001</KSI>
    <KGmin>0.05</KGmin>
    <RangeKG>0.1</RangeKG>
    <AG>0.1</AG>
    <PERC>5.8235448057996351</PERC>
    <Alpha>0</Alpha>
    <UZL>46.193876556786684</UZL>
    <K0>0.59520607926806324</K0>
    <K1>0.024853561608105236</K1>
    <K2>0.12724410442889395</K2>
    <MAXBAS>1.2120421370534578</MAXBAS>
    <Cet>0</Cet>
    <PCALT>10</PCALT>
    <TCALT>0.6</TCALT>
    <Pelev>3100</Pelev>
    <Telev>3100</Telev>
    <PART>0.5</PART>
    <DELAY>1</DELAY>
  </CatchmentParameters>
  <VegetationZone>
    <VegetationZoneParameters>
      <TT>-0.04131219352882165</TT>
      <CFMAX>4.1552325421172</CFMAX>
      <SP>0</SP>
      <SFCF>0.7087638104571059</SFCF>
      <CFR>0.0454033989972029</CFR>
      <CWH>0.10840862266296333</CWH>
      <CFGlacier>1</CFGlacier>
      <CFSlope>1</CFSlope>
      <FC>459.046629702804</FC>
      <LP>0.71087501405814835</LP>
      <BETA>5.254590158365005</BETA>
    </VegetationZoneParameters>
  </VegetationZone>
  <SubCatchment>
    <SubCatchmentParameters>
      <KSI>0.001</KSI>
      <KGmin>0.05</KGmin>
      <RangeKG>0.1</RangeKG>
      <AG>0.1</AG>
      <PERC>5.8235448057996351</PERC>
      <Alpha>0</Alpha>
      <UZL>46.193876556786684</UZL>
      <K0>0.59520607926806324</K0>
      <K1>0.024853561608105236</K1>
      <K2>0.12724410442889395</K2>
      <MAXBAS>1.2120421370534578</MAXBAS>
      <Cet>0</Cet>
      <PCALT>10</PCALT>
      <TCALT>0.6</TCALT>
      <Pelev>3100</Pelev>
      <Telev>3100</Telev>
      <PART>0.5</PART>
      <DELAY>1</DELAY>
    </SubCatchmentParameters>
    <SubCatchmentVegetationZone>
      <SubCatchmentVegetationZoneParameters>
        <TT>-0.04131219352882165</TT>
        <CFMAX>4.1552325421172</CFMAX>
        <SP>0</SP>
        <SFCF>0.7087638104571059</SFCF>
        <CFR>0.0454033989972029</CFR>
        <CWH>0.10840862266296333</CWH>
        <CFGlacier>1</CFGlacier>
        <CFSlope>1</CFSlope>
        <FC>459.046629702804</FC>
        <LP>0.71087501405814835</LP>
        <BETA>5.254590158365005</BETA>
      </SubCatchmentVegetationZoneParameters>
    </SubCatchmentVegetationZone>
  </SubCatchment>
</Catchment>