<?xml version="1.0" encoding="utf-8"?>
<Catchment xmlns:xsi="http://www.w3.org/2001/XMLSchema-instance" xmlns:xsd="http://www.w3.org/2001/XMLSchema">
  <CatchmentParameters>
    <KSI>0.001</KSI>
    <KGmin>0.05</KGmin>
    <RangeKG>0.1</RangeKG>
    <AG>0.1</AG>
    <PERC>1.8432247600035374</PERC>
    <Alpha>0</Alpha>
    <UZL>138.67733078470164</UZL>
    <K0>0.81228273311807575</K0>
    <K1>0.086175668192583779</K1>
    <K2>0.01256176120816792</K2>
    <MAXBAS>1</MAXBAS>
    <Cet>0</Cet>
    <PCALT>10</PCALT>
    <TCALT>0.6</TCALT>
    <Pelev>3100</Pelev>
    <Telev>3100</Telev>
    <PART>0.5</PART>
    <DELAY>1</DELAY>
  </CatchmentParameters>
  <VegetationZone>
    <VegetationZoneParameters>
      <TT>-1.970801988698021</TT>
      <CFMAX>2.3435760232284193</CFMAX>
      <SP>0</SP>
      <SFCF>0.9888747307500394</SFCF>
      <CFR>5.5864374743150659E-09</CFR>
      <CWH>0.10000000003481901</CWH>
      <CFGlacier>1</CFGlacier>
      <CFSlope>1</CFSlope>
      <FC>1076.1716573260098</FC>
      <LP>0.45180976795919531</LP>
      <BETA>2.6173841535644207</BETA>
    </VegetationZoneParameters>
  </VegetationZone>
  <SubCatchment>
    <SubCatchmentParameters>
      <KSI>0.001</KSI>
      <KGmin>0.05</KGmin>
      <RangeKG>0.1</RangeKG>
      <AG>0.1</AG>
      <PERC>1.8432247600035374</PERC>
      <Alpha>0</Alpha>
      <UZL>138.67733078470164</UZL>
      <K0>0.81228273311807575</K0>
      <K1>0.086175668192583779</K1>
      <K2>0.01256176120816792</K2>
      <MAXBAS>1</MAXBAS>
      <Cet>0</Cet>
      <PCALT>10</PCALT>
      <TCALT>0.6</TCALT>
      <Pelev>3100</Pelev>
      <Telev>3100</Telev>
      <PART>0.5</PART>
      <DELAY>1</DELAY>
    </SubCatchmentParameters>
    <SubCatchmentVegetationZone>
      <SubCatchmentVegetationZoneParameters>
        <TT>-1.970801988698021</TT>
        <CFMAX>2.3435760232284193</CFMAX>
        <SP>0</SP>
        <SFCF>0.9888747307500394</SFCF>
        <CFR>5.5864374743150659E-09</CFR>
        <CWH>0.10000000003481901</CWH>
        <CFGlacier>1</CFGlacier>
        <CFSlope>1</CFSlope>
        <FC>1076.1716573260098</FC>
        <LP>0.45180976795919531</LP>
        <BETA>2.6173841535644207</BETA>
      </SubCatchmentVegetationZoneParameters>
    </SubCatchmentVegetationZone>
  </SubCatchment>
</Catchment>