<?xml version="1.0" encoding="utf-8"?>
<Catchment xmlns:xsi="http://www.w3.org/2001/XMLSchema-instance" xmlns:xsd="http://www.w3.org/2001/XMLSchema">
  <CatchmentParameters>
    <KSI>0.001</KSI>
    <KGmin>0.05</KGmin>
    <RangeKG>0.1</RangeKG>
    <AG>0.1</AG>
    <PERC>5.071535931816106</PERC>
    <Alpha>0</Alpha>
    <UZL>94.60738617107485</UZL>
    <K0>0.15248107458936366</K0>
    <K1>0.22839497213316784</K1>
    <K2>0.13766245109735037</K2>
    <MAXBAS>1.1516514589956723</MAXBAS>
    <Cet>0</Cet>
    <PCALT>10</PCALT>
    <TCALT>0.6</TCALT>
    <Pelev>3100</Pelev>
    <Telev>3100</Telev>
    <PART>0.5</PART>
    <DELAY>1</DELAY>
  </CatchmentParameters>
  <VegetationZone>
    <VegetationZoneParameters>
      <TT>2.0402436167511535</TT>
      <CFMAX>4.9678975959326932</CFMAX>
      <SP>0</SP>
      <SFCF>0.88625605267530727</SFCF>
      <CFR>0.041695490867472533</CFR>
      <CWH>0.16158798663136886</CWH>
      <CFGlacier>1</CFGlacier>
      <CFSlope>1</CFSlope>
      <FC>668.62805683081967</FC>
      <LP>0.53026539755517554</LP>
      <BETA>5.5893914457962506</BETA>
    </VegetationZoneParameters>
  </VegetationZone>
  <SubCatchment>
    <SubCatchmentParameters>
      <KSI>0.001</KSI>
      <KGmin>0.05</KGmin>
      <RangeKG>0.1</RangeKG>
      <AG>0.1</AG>
      <PERC>5.071535931816106</PERC>
      <Alpha>0</Alpha>
      <UZL>94.60738617107485</UZL>
      <K0>0.15248107458936366</K0>
      <K1>0.22839497213316784</K1>
      <K2>0.13766245109735037</K2>
      <MAXBAS>1.1516514589956723</MAXBAS>
      <Cet>0</Cet>
      <PCALT>10</PCALT>
      <TCALT>0.6</TCALT>
      <Pelev>3100</Pelev>
      <Telev>3100</Telev>
      <PART>0.5</PART>
      <DELAY>1</DELAY>
    </SubCatchmentParameters>
    <SubCatchmentVegetationZone>
      <SubCatchmentVegetationZoneParameters>
        <TT>2.0402436167511535</TT>
        <CFMAX>4.9678975959326932</CFMAX>
        <SP>0</SP>
        <SFCF>0.88625605267530727</SFCF>
        <CFR>0.041695490867472533</CFR>
        <CWH>0.16158798663136886</CWH>
        <CFGlacier>1</CFGlacier>
        <CFSlope>1</CFSlope>
        <FC>668.62805683081967</FC>
        <LP>0.53026539755517554</LP>
        <BETA>5.5893914457962506</BETA>
      </SubCatchmentVegetationZoneParameters>
    </SubCatchmentVegetationZone>
  </SubCatchment>
</Catchment>