<?xml version="1.0" encoding="utf-8"?>
<Catchment xmlns:xsi="http://www.w3.org/2001/XMLSchema-instance" xmlns:xsd="http://www.w3.org/2001/XMLSchema">
  <CatchmentParameters>
    <KSI>0.001</KSI>
    <KGmin>0.05</KGmin>
    <RangeKG>0.1</RangeKG>
    <AG>0.1</AG>
    <PERC>9.0837200168478134</PERC>
    <Alpha>0</Alpha>
    <UZL>109.90292125872907</UZL>
    <K0>0.47772472975084151</K0>
    <K1>0.3283796984650757</K1>
    <K2>0.057363352819844692</K2>
    <MAXBAS>1.0827920551221544</MAXBAS>
    <Cet>0</Cet>
    <PCALT>10</PCALT>
    <TCALT>0.6</TCALT>
    <Pelev>3100</Pelev>
    <Telev>3100</Telev>
    <PART>0.5</PART>
    <DELAY>1</DELAY>
  </CatchmentParameters>
  <VegetationZone>
    <VegetationZoneParameters>
      <TT>0.79778984446724044</TT>
      <CFMAX>4.9780794656731207</CFMAX>
      <SP>0</SP>
      <SFCF>1.101482620740158</SFCF>
      <CFR>0.038119281180192657</CFR>
      <CWH>0.1605902179813371</CWH>
      <CFGlacier>1</CFGlacier>
      <CFSlope>1</CFSlope>
      <FC>234.54732752022488</FC>
      <LP>0.58335647357326226</LP>
      <BETA>5.9190605971485066</BETA>
    </VegetationZoneParameters>
  </VegetationZone>
  <SubCatchment>
    <SubCatchmentParameters>
      <KSI>0.001</KSI>
      <KGmin>0.05</KGmin>
      <RangeKG>0.1</RangeKG>
      <AG>0.1</AG>
      <PERC>9.0837200168478134</PERC>
      <Alpha>0</Alpha>
      <UZL>109.90292125872907</UZL>
      <K0>0.47772472975084151</K0>
      <K1>0.3283796984650757</K1>
      <K2>0.057363352819844692</K2>
      <MAXBAS>1.0827920551221544</MAXBAS>
      <Cet>0</Cet>
      <PCALT>10</PCALT>
      <TCALT>0.6</TCALT>
      <Pelev>3100</Pelev>
      <Telev>3100</Telev>
      <PART>0.5</PART>
      <DELAY>1</DELAY>
    </SubCatchmentParameters>
    <SubCatchmentVegetationZone>
      <SubCatchmentVegetationZoneParameters>
        <TT>0.79778984446724044</TT>
        <CFMAX>4.9780794656731207</CFMAX>
        <SP>0</SP>
        <SFCF>1.101482620740158</SFCF>
        <CFR>0.038119281180192657</CFR>
        <CWH>0.1605902179813371</CWH>
        <CFGlacier>1</CFGlacier>
        <CFSlope>1</CFSlope>
        <FC>234.54732752022488</FC>
        <LP>0.58335647357326226</LP>
        <BETA>5.9190605971485066</BETA>
      </SubCatchmentVegetationZoneParameters>
    </SubCatchmentVegetationZone>
  </SubCatchment>
</Catchment>