<?xml version="1.0" encoding="utf-8"?>
<Catchment xmlns:xsi="http://www.w3.org/2001/XMLSchema-instance" xmlns:xsd="http://www.w3.org/2001/XMLSchema">
  <CatchmentParameters>
    <KSI>0.001</KSI>
    <KGmin>0.05</KGmin>
    <RangeKG>0.1</RangeKG>
    <AG>0.1</AG>
    <PERC>4.4357936000336666</PERC>
    <Alpha>0</Alpha>
    <UZL>114.37107005509618</UZL>
    <K0>0.26295095136410529</K0>
    <K1>0.33153918708394442</K1>
    <K2>0.01000000142999013</K2>
    <MAXBAS>1</MAXBAS>
    <Cet>0</Cet>
    <PCALT>10</PCALT>
    <TCALT>0.6</TCALT>
    <Pelev>3100</Pelev>
    <Telev>3100</Telev>
    <PART>0.5</PART>
    <DELAY>1</DELAY>
  </CatchmentParameters>
  <VegetationZone>
    <VegetationZoneParameters>
      <TT>-1.4035939701210549</TT>
      <CFMAX>2.5174749113570409</CFMAX>
      <SP>0</SP>
      <SFCF>0.76381891349518094</SFCF>
      <CFR>0.066363595078795565</CFR>
      <CWH>0.14521114341483876</CWH>
      <CFGlacier>1</CFGlacier>
      <CFSlope>1</CFSlope>
      <FC>703.04548792627111</FC>
      <LP>0.749026634906889</LP>
      <BETA>4.3864344384079237</BETA>
    </VegetationZoneParameters>
  </VegetationZone>
  <SubCatchment>
    <SubCatchmentParameters>
      <KSI>0.001</KSI>
      <KGmin>0.05</KGmin>
      <RangeKG>0.1</RangeKG>
      <AG>0.1</AG>
      <PERC>4.4357936000336666</PERC>
      <Alpha>0</Alpha>
      <UZL>114.37107005509618</UZL>
      <K0>0.26295095136410529</K0>
      <K1>0.33153918708394442</K1>
      <K2>0.01000000142999013</K2>
      <MAXBAS>1</MAXBAS>
      <Cet>0</Cet>
      <PCALT>10</PCALT>
      <TCALT>0.6</TCALT>
      <Pelev>3100</Pelev>
      <Telev>3100</Telev>
      <PART>0.5</PART>
      <DELAY>1</DELAY>
    </SubCatchmentParameters>
    <SubCatchmentVegetationZone>
      <SubCatchmentVegetationZoneParameters>
        <TT>-1.4035939701210549</TT>
        <CFMAX>2.5174749113570409</CFMAX>
        <SP>0</SP>
        <SFCF>0.76381891349518094</SFCF>
        <CFR>0.066363595078795565</CFR>
        <CWH>0.14521114341483876</CWH>
        <CFGlacier>1</CFGlacier>
        <CFSlope>1</CFSlope>
        <FC>703.04548792627111</FC>
        <LP>0.749026634906889</LP>
        <BETA>4.3864344384079237</BETA>
      </SubCatchmentVegetationZoneParameters>
    </SubCatchmentVegetationZone>
  </SubCatchment>
</Catchment>