<?xml version="1.0" encoding="utf-8"?>
<Catchment xmlns:xsi="http://www.w3.org/2001/XMLSchema-instance" xmlns:xsd="http://www.w3.org/2001/XMLSchema">
  <CatchmentParameters>
    <KSI>0.001</KSI>
    <KGmin>0.05</KGmin>
    <RangeKG>0.1</RangeKG>
    <AG>0.1</AG>
    <PERC>3.2298894029718364</PERC>
    <Alpha>0</Alpha>
    <UZL>121.2301668771256</UZL>
    <K0>0.37287125250432029</K0>
    <K1>0.23147647530221793</K1>
    <K2>0.012206773634073973</K2>
    <MAXBAS>1</MAXBAS>
    <Cet>0</Cet>
    <PCALT>10</PCALT>
    <TCALT>0.6</TCALT>
    <Pelev>3100</Pelev>
    <Telev>3100</Telev>
    <PART>0.5</PART>
    <DELAY>1</DELAY>
  </CatchmentParameters>
  <VegetationZone>
    <VegetationZoneParameters>
      <TT>-1.19492674666732</TT>
      <CFMAX>3.5783268959131243</CFMAX>
      <SP>0</SP>
      <SFCF>1.1157680704763628</SFCF>
      <CFR>0.038684863689314106</CFR>
      <CWH>0.10000007761227782</CWH>
      <CFGlacier>1</CFGlacier>
      <CFSlope>1</CFSlope>
      <FC>1382.4892403467763</FC>
      <LP>0.31760434851020547</LP>
      <BETA>2.1110608517498779</BETA>
    </VegetationZoneParameters>
  </VegetationZone>
  <SubCatchment>
    <SubCatchmentParameters>
      <KSI>0.001</KSI>
      <KGmin>0.05</KGmin>
      <RangeKG>0.1</RangeKG>
      <AG>0.1</AG>
      <PERC>3.2298894029718364</PERC>
      <Alpha>0</Alpha>
      <UZL>121.2301668771256</UZL>
      <K0>0.37287125250432029</K0>
      <K1>0.23147647530221793</K1>
      <K2>0.012206773634073973</K2>
      <MAXBAS>1</MAXBAS>
      <Cet>0</Cet>
      <PCALT>10</PCALT>
      <TCALT>0.6</TCALT>
      <Pelev>3100</Pelev>
      <Telev>3100</Telev>
      <PART>0.5</PART>
      <DELAY>1</DELAY>
    </SubCatchmentParameters>
    <SubCatchmentVegetationZone>
      <SubCatchmentVegetationZoneParameters>
        <TT>-1.19492674666732</TT>
        <CFMAX>3.5783268959131243</CFMAX>
        <SP>0</SP>
        <SFCF>1.1157680704763628</SFCF>
        <CFR>0.038684863689314106</CFR>
        <CWH>0.10000007761227782</CWH>
        <CFGlacier>1</CFGlacier>
        <CFSlope>1</CFSlope>
        <FC>1382.4892403467763</FC>
        <LP>0.31760434851020547</LP>
        <BETA>2.1110608517498779</BETA>
      </SubCatchmentVegetationZoneParameters>
    </SubCatchmentVegetationZone>
  </SubCatchment>
</Catchment>