<?xml version="1.0" encoding="utf-8"?>
<Catchment xmlns:xsi="http://www.w3.org/2001/XMLSchema-instance" xmlns:xsd="http://www.w3.org/2001/XMLSchema">
  <CatchmentParameters>
    <KSI>0.001</KSI>
    <KGmin>0.05</KGmin>
    <RangeKG>0.1</RangeKG>
    <AG>0.1</AG>
    <PERC>8.04831941692504</PERC>
    <Alpha>0</Alpha>
    <UZL>47.832222864182548</UZL>
    <K0>0.51942002260244491</K0>
    <K1>0.017279346953728458</K1>
    <K2>0.0839708354667601</K2>
    <MAXBAS>1.1796701423531872</MAXBAS>
    <Cet>0</Cet>
    <PCALT>10</PCALT>
    <TCALT>0.6</TCALT>
    <Pelev>3100</Pelev>
    <Telev>3100</Telev>
    <PART>0.5</PART>
    <DELAY>1</DELAY>
  </CatchmentParameters>
  <VegetationZone>
    <VegetationZoneParameters>
      <TT>1.0987056516272844</TT>
      <CFMAX>4.9976524099895983</CFMAX>
      <SP>0</SP>
      <SFCF>0.885532107595374</SFCF>
      <CFR>0.0013451216109321919</CFR>
      <CWH>0.15912351103430572</CWH>
      <CFGlacier>1</CFGlacier>
      <CFSlope>1</CFSlope>
      <FC>590.52205931402</FC>
      <LP>0.55739424381791869</LP>
      <BETA>5.7587343215445941</BETA>
    </VegetationZoneParameters>
  </VegetationZone>
  <SubCatchment>
    <SubCatchmentParameters>
      <KSI>0.001</KSI>
      <KGmin>0.05</KGmin>
      <RangeKG>0.1</RangeKG>
      <AG>0.1</AG>
      <PERC>8.04831941692504</PERC>
      <Alpha>0</Alpha>
      <UZL>47.832222864182548</UZL>
      <K0>0.51942002260244491</K0>
      <K1>0.017279346953728458</K1>
      <K2>0.0839708354667601</K2>
      <MAXBAS>1.1796701423531872</MAXBAS>
      <Cet>0</Cet>
      <PCALT>10</PCALT>
      <TCALT>0.6</TCALT>
      <Pelev>3100</Pelev>
      <Telev>3100</Telev>
      <PART>0.5</PART>
      <DELAY>1</DELAY>
    </SubCatchmentParameters>
    <SubCatchmentVegetationZone>
      <SubCatchmentVegetationZoneParameters>
        <TT>1.0987056516272844</TT>
        <CFMAX>4.9976524099895983</CFMAX>
        <SP>0</SP>
        <SFCF>0.885532107595374</SFCF>
        <CFR>0.0013451216109321919</CFR>
        <CWH>0.15912351103430572</CWH>
        <CFGlacier>1</CFGlacier>
        <CFSlope>1</CFSlope>
        <FC>590.52205931402</FC>
        <LP>0.55739424381791869</LP>
        <BETA>5.7587343215445941</BETA>
      </SubCatchmentVegetationZoneParameters>
    </SubCatchmentVegetationZone>
  </SubCatchment>
</Catchment>