<?xml version="1.0" encoding="utf-8"?>
<Catchment xmlns:xsi="http://www.w3.org/2001/XMLSchema-instance" xmlns:xsd="http://www.w3.org/2001/XMLSchema">
  <CatchmentParameters>
    <KSI>0.001</KSI>
    <KGmin>0.05</KGmin>
    <RangeKG>0.1</RangeKG>
    <AG>0.1</AG>
    <PERC>9.3597069868145084</PERC>
    <Alpha>0</Alpha>
    <UZL>53.678087528598034</UZL>
    <K0>0.0761866592007222</K0>
    <K1>0.4351033253188944</K1>
    <K2>0.065620923753575908</K2>
    <MAXBAS>1.4207665465161332</MAXBAS>
    <Cet>0</Cet>
    <PCALT>10</PCALT>
    <TCALT>0.6</TCALT>
    <Pelev>3100</Pelev>
    <Telev>3100</Telev>
    <PART>0.5</PART>
    <DELAY>1</DELAY>
  </CatchmentParameters>
  <VegetationZone>
    <VegetationZoneParameters>
      <TT>1.9544755599872548</TT>
      <CFMAX>4.11313822893427</CFMAX>
      <SP>0</SP>
      <SFCF>0.58702508539889975</SFCF>
      <CFR>0.026180313295952457</CFR>
      <CWH>0.1339837473120741</CWH>
      <CFGlacier>1</CFGlacier>
      <CFSlope>1</CFSlope>
      <FC>463.78989907085571</FC>
      <LP>0.567412969101192</LP>
      <BETA>5.9636664170920426</BETA>
    </VegetationZoneParameters>
  </VegetationZone>
  <SubCatchment>
    <SubCatchmentParameters>
      <KSI>0.001</KSI>
      <KGmin>0.05</KGmin>
      <RangeKG>0.1</RangeKG>
      <AG>0.1</AG>
      <PERC>9.3597069868145084</PERC>
      <Alpha>0</Alpha>
      <UZL>53.678087528598034</UZL>
      <K0>0.0761866592007222</K0>
      <K1>0.4351033253188944</K1>
      <K2>0.065620923753575908</K2>
      <MAXBAS>1.4207665465161332</MAXBAS>
      <Cet>0</Cet>
      <PCALT>10</PCALT>
      <TCALT>0.6</TCALT>
      <Pelev>3100</Pelev>
      <Telev>3100</Telev>
      <PART>0.5</PART>
      <DELAY>1</DELAY>
    </SubCatchmentParameters>
    <SubCatchmentVegetationZone>
      <SubCatchmentVegetationZoneParameters>
        <TT>1.9544755599872548</TT>
        <CFMAX>4.11313822893427</CFMAX>
        <SP>0</SP>
        <SFCF>0.58702508539889975</SFCF>
        <CFR>0.026180313295952457</CFR>
        <CWH>0.1339837473120741</CWH>
        <CFGlacier>1</CFGlacier>
        <CFSlope>1</CFSlope>
        <FC>463.78989907085571</FC>
        <LP>0.567412969101192</LP>
        <BETA>5.9636664170920426</BETA>
      </SubCatchmentVegetationZoneParameters>
    </SubCatchmentVegetationZone>
  </SubCatchment>
</Catchment>