<?xml version="1.0" encoding="utf-8"?>
<Catchment xmlns:xsi="http://www.w3.org/2001/XMLSchema-instance" xmlns:xsd="http://www.w3.org/2001/XMLSchema">
  <CatchmentParameters>
    <KSI>0.001</KSI>
    <KGmin>0.05</KGmin>
    <RangeKG>0.1</RangeKG>
    <AG>0.1</AG>
    <PERC>7.6075986686577091</PERC>
    <Alpha>0</Alpha>
    <UZL>107.23427648563848</UZL>
    <K0>0.4457370504917928</K0>
    <K1>0.27295462235249113</K1>
    <K2>0.093259381459616056</K2>
    <MAXBAS>1.5286493800416166</MAXBAS>
    <Cet>0</Cet>
    <PCALT>10</PCALT>
    <TCALT>0.6</TCALT>
    <Pelev>3100</Pelev>
    <Telev>3100</Telev>
    <PART>0.5</PART>
    <DELAY>1</DELAY>
  </CatchmentParameters>
  <VegetationZone>
    <VegetationZoneParameters>
      <TT>1.8830752863059841</TT>
      <CFMAX>3.5603574706511858</CFMAX>
      <SP>0</SP>
      <SFCF>0.80020875652029266</SFCF>
      <CFR>0.050869362788034229</CFR>
      <CWH>0.11677454350482761</CWH>
      <CFGlacier>1</CFGlacier>
      <CFSlope>1</CFSlope>
      <FC>532.57512385677387</FC>
      <LP>0.71705464937090735</LP>
      <BETA>5.9411322833878586</BETA>
    </VegetationZoneParameters>
  </VegetationZone>
  <SubCatchment>
    <SubCatchmentParameters>
      <KSI>0.001</KSI>
      <KGmin>0.05</KGmin>
      <RangeKG>0.1</RangeKG>
      <AG>0.1</AG>
      <PERC>7.6075986686577091</PERC>
      <Alpha>0</Alpha>
      <UZL>107.23427648563848</UZL>
      <K0>0.4457370504917928</K0>
      <K1>0.27295462235249113</K1>
      <K2>0.093259381459616056</K2>
      <MAXBAS>1.5286493800416166</MAXBAS>
      <Cet>0</Cet>
      <PCALT>10</PCALT>
      <TCALT>0.6</TCALT>
      <Pelev>3100</Pelev>
      <Telev>3100</Telev>
      <PART>0.5</PART>
      <DELAY>1</DELAY>
    </SubCatchmentParameters>
    <SubCatchmentVegetationZone>
      <SubCatchmentVegetationZoneParameters>
        <TT>1.8830752863059841</TT>
        <CFMAX>3.5603574706511858</CFMAX>
        <SP>0</SP>
        <SFCF>0.80020875652029266</SFCF>
        <CFR>0.050869362788034229</CFR>
        <CWH>0.11677454350482761</CWH>
        <CFGlacier>1</CFGlacier>
        <CFSlope>1</CFSlope>
        <FC>532.57512385677387</FC>
        <LP>0.71705464937090735</LP>
        <BETA>5.9411322833878586</BETA>
      </SubCatchmentVegetationZoneParameters>
    </SubCatchmentVegetationZone>
  </SubCatchment>
</Catchment>