<?xml version="1.0" encoding="utf-8"?>
<Catchment xmlns:xsi="http://www.w3.org/2001/XMLSchema-instance" xmlns:xsd="http://www.w3.org/2001/XMLSchema">
  <CatchmentParameters>
    <KSI>0.001</KSI>
    <KGmin>0.05</KGmin>
    <RangeKG>0.1</RangeKG>
    <AG>0.1</AG>
    <PERC>3.939302516939601</PERC>
    <Alpha>0</Alpha>
    <UZL>79.413737994428</UZL>
    <K0>0.18550894079888164</K0>
    <K1>0.67583150616997112</K1>
    <K2>0.013573421070092408</K2>
    <MAXBAS>1</MAXBAS>
    <Cet>0</Cet>
    <PCALT>10</PCALT>
    <TCALT>0.6</TCALT>
    <Pelev>3100</Pelev>
    <Telev>3100</Telev>
    <PART>0.5</PART>
    <DELAY>1</DELAY>
  </CatchmentParameters>
  <VegetationZone>
    <VegetationZoneParameters>
      <TT>-2.3730565969453439</TT>
      <CFMAX>1.9525384699122277</CFMAX>
      <SP>0</SP>
      <SFCF>0.73797550027648917</SFCF>
      <CFR>0.019737360496209444</CFR>
      <CWH>0.10000000083587966</CWH>
      <CFGlacier>1</CFGlacier>
      <CFSlope>1</CFSlope>
      <FC>794.36773569040281</FC>
      <LP>0.568360668359143</LP>
      <BETA>2.7150904785111232</BETA>
    </VegetationZoneParameters>
  </VegetationZone>
  <SubCatchment>
    <SubCatchmentParameters>
      <KSI>0.001</KSI>
      <KGmin>0.05</KGmin>
      <RangeKG>0.1</RangeKG>
      <AG>0.1</AG>
      <PERC>3.939302516939601</PERC>
      <Alpha>0</Alpha>
      <UZL>79.413737994428</UZL>
      <K0>0.18550894079888164</K0>
      <K1>0.67583150616997112</K1>
      <K2>0.013573421070092408</K2>
      <MAXBAS>1</MAXBAS>
      <Cet>0</Cet>
      <PCALT>10</PCALT>
      <TCALT>0.6</TCALT>
      <Pelev>3100</Pelev>
      <Telev>3100</Telev>
      <PART>0.5</PART>
      <DELAY>1</DELAY>
    </SubCatchmentParameters>
    <SubCatchmentVegetationZone>
      <SubCatchmentVegetationZoneParameters>
        <TT>-2.3730565969453439</TT>
        <CFMAX>1.9525384699122277</CFMAX>
        <SP>0</SP>
        <SFCF>0.73797550027648917</SFCF>
        <CFR>0.019737360496209444</CFR>
        <CWH>0.10000000083587966</CWH>
        <CFGlacier>1</CFGlacier>
        <CFSlope>1</CFSlope>
        <FC>794.36773569040281</FC>
        <LP>0.568360668359143</LP>
        <BETA>2.7150904785111232</BETA>
      </SubCatchmentVegetationZoneParameters>
    </SubCatchmentVegetationZone>
  </SubCatchment>
</Catchment>