<?xml version="1.0" encoding="utf-8"?>
<Catchment xmlns:xsi="http://www.w3.org/2001/XMLSchema-instance" xmlns:xsd="http://www.w3.org/2001/XMLSchema">
  <CatchmentParameters>
    <KSI>0.001</KSI>
    <KGmin>0.05</KGmin>
    <RangeKG>0.1</RangeKG>
    <AG>0.1</AG>
    <PERC>5.4832080390635038</PERC>
    <Alpha>0</Alpha>
    <UZL>92.994552745759748</UZL>
    <K0>0.22926112694613354</K0>
    <K1>0.32196690611499562</K1>
    <K2>0.10665827506836982</K2>
    <MAXBAS>2.0091167334580127</MAXBAS>
    <Cet>0</Cet>
    <PCALT>10</PCALT>
    <TCALT>0.6</TCALT>
    <Pelev>3100</Pelev>
    <Telev>3100</Telev>
    <PART>0.5</PART>
    <DELAY>1</DELAY>
  </CatchmentParameters>
  <VegetationZone>
    <VegetationZoneParameters>
      <TT>1.556845924034298</TT>
      <CFMAX>4.7056990312232827</CFMAX>
      <SP>0</SP>
      <SFCF>0.91802643387893879</SFCF>
      <CFR>0.072268710634767391</CFR>
      <CWH>0.13191945436065919</CWH>
      <CFGlacier>1</CFGlacier>
      <CFSlope>1</CFSlope>
      <FC>578.79816662595692</FC>
      <LP>0.69606120992722376</LP>
      <BETA>5.5474201186684677</BETA>
    </VegetationZoneParameters>
  </VegetationZone>
  <SubCatchment>
    <SubCatchmentParameters>
      <KSI>0.001</KSI>
      <KGmin>0.05</KGmin>
      <RangeKG>0.1</RangeKG>
      <AG>0.1</AG>
      <PERC>5.4832080390635038</PERC>
      <Alpha>0</Alpha>
      <UZL>92.994552745759748</UZL>
      <K0>0.22926112694613354</K0>
      <K1>0.32196690611499562</K1>
      <K2>0.10665827506836982</K2>
      <MAXBAS>2.0091167334580127</MAXBAS>
      <Cet>0</Cet>
      <PCALT>10</PCALT>
      <TCALT>0.6</TCALT>
      <Pelev>3100</Pelev>
      <Telev>3100</Telev>
      <PART>0.5</PART>
      <DELAY>1</DELAY>
    </SubCatchmentParameters>
    <SubCatchmentVegetationZone>
      <SubCatchmentVegetationZoneParameters>
        <TT>1.556845924034298</TT>
        <CFMAX>4.7056990312232827</CFMAX>
        <SP>0</SP>
        <SFCF>0.91802643387893879</SFCF>
        <CFR>0.072268710634767391</CFR>
        <CWH>0.13191945436065919</CWH>
        <CFGlacier>1</CFGlacier>
        <CFSlope>1</CFSlope>
        <FC>578.79816662595692</FC>
        <LP>0.69606120992722376</LP>
        <BETA>5.5474201186684677</BETA>
      </SubCatchmentVegetationZoneParameters>
    </SubCatchmentVegetationZone>
  </SubCatchment>
</Catchment>