<?xml version="1.0" encoding="utf-8"?>
<Catchment xmlns:xsi="http://www.w3.org/2001/XMLSchema-instance" xmlns:xsd="http://www.w3.org/2001/XMLSchema">
  <CatchmentParameters>
    <KSI>0.001</KSI>
    <KGmin>0.05</KGmin>
    <RangeKG>0.1</RangeKG>
    <AG>0.1</AG>
    <PERC>7.7542832082320023</PERC>
    <Alpha>0</Alpha>
    <UZL>91.6496761119717</UZL>
    <K0>0.26901979632774964</K0>
    <K1>0.16805697167136913</K1>
    <K2>0.055216610157259684</K2>
    <MAXBAS>1.4633854505974226</MAXBAS>
    <Cet>0</Cet>
    <PCALT>10</PCALT>
    <TCALT>0.6</TCALT>
    <Pelev>3100</Pelev>
    <Telev>3100</Telev>
    <PART>0.5</PART>
    <DELAY>1</DELAY>
  </CatchmentParameters>
  <VegetationZone>
    <VegetationZoneParameters>
      <TT>2.480174257353593</TT>
      <CFMAX>4.6553705889048569</CFMAX>
      <SP>0</SP>
      <SFCF>1.0601876245574844</SFCF>
      <CFR>0.027769369034079935</CFR>
      <CWH>0.1541204062469935</CWH>
      <CFGlacier>1</CFGlacier>
      <CFSlope>1</CFSlope>
      <FC>584.04425024089619</FC>
      <LP>0.38392158537756194</LP>
      <BETA>5.1245706277421759</BETA>
    </VegetationZoneParameters>
  </VegetationZone>
  <SubCatchment>
    <SubCatchmentParameters>
      <KSI>0.001</KSI>
      <KGmin>0.05</KGmin>
      <RangeKG>0.1</RangeKG>
      <AG>0.1</AG>
      <PERC>7.7542832082320023</PERC>
      <Alpha>0</Alpha>
      <UZL>91.6496761119717</UZL>
      <K0>0.26901979632774964</K0>
      <K1>0.16805697167136913</K1>
      <K2>0.055216610157259684</K2>
      <MAXBAS>1.4633854505974226</MAXBAS>
      <Cet>0</Cet>
      <PCALT>10</PCALT>
      <TCALT>0.6</TCALT>
      <Pelev>3100</Pelev>
      <Telev>3100</Telev>
      <PART>0.5</PART>
      <DELAY>1</DELAY>
    </SubCatchmentParameters>
    <SubCatchmentVegetationZone>
      <SubCatchmentVegetationZoneParameters>
        <TT>2.480174257353593</TT>
        <CFMAX>4.6553705889048569</CFMAX>
        <SP>0</SP>
        <SFCF>1.0601876245574844</SFCF>
        <CFR>0.027769369034079935</CFR>
        <CWH>0.1541204062469935</CWH>
        <CFGlacier>1</CFGlacier>
        <CFSlope>1</CFSlope>
        <FC>584.04425024089619</FC>
        <LP>0.38392158537756194</LP>
        <BETA>5.1245706277421759</BETA>
      </SubCatchmentVegetationZoneParameters>
    </SubCatchmentVegetationZone>
  </SubCatchment>
</Catchment>