<?xml version="1.0" encoding="utf-8"?>
<Catchment xmlns:xsi="http://www.w3.org/2001/XMLSchema-instance" xmlns:xsd="http://www.w3.org/2001/XMLSchema">
  <CatchmentParameters>
    <KSI>0.001</KSI>
    <KGmin>0.05</KGmin>
    <RangeKG>0.1</RangeKG>
    <AG>0.1</AG>
    <PERC>2.7217681261504447</PERC>
    <Alpha>0</Alpha>
    <UZL>137.01646069510105</UZL>
    <K0>0.0500000803186073</K0>
    <K1>0.14364927286277429</K1>
    <K2>0.012999316017774791</K2>
    <MAXBAS>1</MAXBAS>
    <Cet>0</Cet>
    <PCALT>10</PCALT>
    <TCALT>0.6</TCALT>
    <Pelev>3100</Pelev>
    <Telev>3100</Telev>
    <PART>0.5</PART>
    <DELAY>1</DELAY>
  </CatchmentParameters>
  <VegetationZone>
    <VegetationZoneParameters>
      <TT>-0.8483259739351886</TT>
      <CFMAX>2.4382286435013971</CFMAX>
      <SP>0</SP>
      <SFCF>0.65977632126676811</SFCF>
      <CFR>0.037725289422457405</CFR>
      <CWH>0.10999478368942188</CWH>
      <CFGlacier>1</CFGlacier>
      <CFSlope>1</CFSlope>
      <FC>638.56113705147936</FC>
      <LP>0.47938406225123187</LP>
      <BETA>2.2599574210211522</BETA>
    </VegetationZoneParameters>
  </VegetationZone>
  <SubCatchment>
    <SubCatchmentParameters>
      <KSI>0.001</KSI>
      <KGmin>0.05</KGmin>
      <RangeKG>0.1</RangeKG>
      <AG>0.1</AG>
      <PERC>2.7217681261504447</PERC>
      <Alpha>0</Alpha>
      <UZL>137.01646069510105</UZL>
      <K0>0.0500000803186073</K0>
      <K1>0.14364927286277429</K1>
      <K2>0.012999316017774791</K2>
      <MAXBAS>1</MAXBAS>
      <Cet>0</Cet>
      <PCALT>10</PCALT>
      <TCALT>0.6</TCALT>
      <Pelev>3100</Pelev>
      <Telev>3100</Telev>
      <PART>0.5</PART>
      <DELAY>1</DELAY>
    </SubCatchmentParameters>
    <SubCatchmentVegetationZone>
      <SubCatchmentVegetationZoneParameters>
        <TT>-0.8483259739351886</TT>
        <CFMAX>2.4382286435013971</CFMAX>
        <SP>0</SP>
        <SFCF>0.65977632126676811</SFCF>
        <CFR>0.037725289422457405</CFR>
        <CWH>0.10999478368942188</CWH>
        <CFGlacier>1</CFGlacier>
        <CFSlope>1</CFSlope>
        <FC>638.56113705147936</FC>
        <LP>0.47938406225123187</LP>
        <BETA>2.2599574210211522</BETA>
      </SubCatchmentVegetationZoneParameters>
    </SubCatchmentVegetationZone>
  </SubCatchment>
</Catchment>