<?xml version="1.0" encoding="utf-8"?>
<Catchment xmlns:xsi="http://www.w3.org/2001/XMLSchema-instance" xmlns:xsd="http://www.w3.org/2001/XMLSchema">
  <CatchmentParameters>
    <KSI>0.001</KSI>
    <KGmin>0.05</KGmin>
    <RangeKG>0.1</RangeKG>
    <AG>0.1</AG>
    <PERC>3.2099993807832674</PERC>
    <Alpha>0</Alpha>
    <UZL>70.282356193234691</UZL>
    <K0>0.35048745550766847</K0>
    <K1>0.08200542594029904</K1>
    <K2>0.010000000947075019</K2>
    <MAXBAS>1</MAXBAS>
    <Cet>0</Cet>
    <PCALT>10</PCALT>
    <TCALT>0.6</TCALT>
    <Pelev>3100</Pelev>
    <Telev>3100</Telev>
    <PART>0.5</PART>
    <DELAY>1</DELAY>
  </CatchmentParameters>
  <VegetationZone>
    <VegetationZoneParameters>
      <TT>-0.0044383936269032087</TT>
      <CFMAX>4.0430903598197023</CFMAX>
      <SP>0</SP>
      <SFCF>0.82942881500168653</SFCF>
      <CFR>0.029900093295032543</CFR>
      <CWH>0.10003883941177752</CWH>
      <CFGlacier>1</CFGlacier>
      <CFSlope>1</CFSlope>
      <FC>650.4592398593046</FC>
      <LP>0.35544865480451</LP>
      <BETA>2.1989897381832653</BETA>
    </VegetationZoneParameters>
  </VegetationZone>
  <SubCatchment>
    <SubCatchmentParameters>
      <KSI>0.001</KSI>
      <KGmin>0.05</KGmin>
      <RangeKG>0.1</RangeKG>
      <AG>0.1</AG>
      <PERC>3.2099993807832674</PERC>
      <Alpha>0</Alpha>
      <UZL>70.282356193234691</UZL>
      <K0>0.35048745550766847</K0>
      <K1>0.08200542594029904</K1>
      <K2>0.010000000947075019</K2>
      <MAXBAS>1</MAXBAS>
      <Cet>0</Cet>
      <PCALT>10</PCALT>
      <TCALT>0.6</TCALT>
      <Pelev>3100</Pelev>
      <Telev>3100</Telev>
      <PART>0.5</PART>
      <DELAY>1</DELAY>
    </SubCatchmentParameters>
    <SubCatchmentVegetationZone>
      <SubCatchmentVegetationZoneParameters>
        <TT>-0.0044383936269032087</TT>
        <CFMAX>4.0430903598197023</CFMAX>
        <SP>0</SP>
        <SFCF>0.82942881500168653</SFCF>
        <CFR>0.029900093295032543</CFR>
        <CWH>0.10003883941177752</CWH>
        <CFGlacier>1</CFGlacier>
        <CFSlope>1</CFSlope>
        <FC>650.4592398593046</FC>
        <LP>0.35544865480451</LP>
        <BETA>2.1989897381832653</BETA>
      </SubCatchmentVegetationZoneParameters>
    </SubCatchmentVegetationZone>
  </SubCatchment>
</Catchment>