<?xml version="1.0" encoding="utf-8"?>
<Catchment xmlns:xsi="http://www.w3.org/2001/XMLSchema-instance" xmlns:xsd="http://www.w3.org/2001/XMLSchema">
  <CatchmentParameters>
    <KSI>0.001</KSI>
    <KGmin>0.05</KGmin>
    <RangeKG>0.1</RangeKG>
    <AG>0.1</AG>
    <PERC>7.4820038714397512</PERC>
    <Alpha>0</Alpha>
    <UZL>159.8911585329775</UZL>
    <K0>0.32956204510761439</K0>
    <K1>0.500648333919615</K1>
    <K2>0.06353305168336093</K2>
    <MAXBAS>1.3798752357118898</MAXBAS>
    <Cet>0</Cet>
    <PCALT>10</PCALT>
    <TCALT>0.6</TCALT>
    <Pelev>3100</Pelev>
    <Telev>3100</Telev>
    <PART>0.5</PART>
    <DELAY>1</DELAY>
  </CatchmentParameters>
  <VegetationZone>
    <VegetationZoneParameters>
      <TT>1.5466816733413418</TT>
      <CFMAX>4.6909353643937637</CFMAX>
      <SP>0</SP>
      <SFCF>0.52530588323642458</SFCF>
      <CFR>0.082859756492714917</CFR>
      <CWH>0.11333179174245267</CWH>
      <CFGlacier>1</CFGlacier>
      <CFSlope>1</CFSlope>
      <FC>409.21291926046877</FC>
      <LP>0.65574066812852971</LP>
      <BETA>5.4786009466508983</BETA>
    </VegetationZoneParameters>
  </VegetationZone>
  <SubCatchment>
    <SubCatchmentParameters>
      <KSI>0.001</KSI>
      <KGmin>0.05</KGmin>
      <RangeKG>0.1</RangeKG>
      <AG>0.1</AG>
      <PERC>7.4820038714397512</PERC>
      <Alpha>0</Alpha>
      <UZL>159.8911585329775</UZL>
      <K0>0.32956204510761439</K0>
      <K1>0.500648333919615</K1>
      <K2>0.06353305168336093</K2>
      <MAXBAS>1.3798752357118898</MAXBAS>
      <Cet>0</Cet>
      <PCALT>10</PCALT>
      <TCALT>0.6</TCALT>
      <Pelev>3100</Pelev>
      <Telev>3100</Telev>
      <PART>0.5</PART>
      <DELAY>1</DELAY>
    </SubCatchmentParameters>
    <SubCatchmentVegetationZone>
      <SubCatchmentVegetationZoneParameters>
        <TT>1.5466816733413418</TT>
        <CFMAX>4.6909353643937637</CFMAX>
        <SP>0</SP>
        <SFCF>0.52530588323642458</SFCF>
        <CFR>0.082859756492714917</CFR>
        <CWH>0.11333179174245267</CWH>
        <CFGlacier>1</CFGlacier>
        <CFSlope>1</CFSlope>
        <FC>409.21291926046877</FC>
        <LP>0.65574066812852971</LP>
        <BETA>5.4786009466508983</BETA>
      </SubCatchmentVegetationZoneParameters>
    </SubCatchmentVegetationZone>
  </SubCatchment>
</Catchment>