<?xml version="1.0" encoding="utf-8"?>
<Catchment xmlns:xsi="http://www.w3.org/2001/XMLSchema-instance" xmlns:xsd="http://www.w3.org/2001/XMLSchema">
  <CatchmentParameters>
    <KSI>0.001</KSI>
    <KGmin>0.05</KGmin>
    <RangeKG>0.1</RangeKG>
    <AG>0.1</AG>
    <PERC>5.9085971300994</PERC>
    <Alpha>0</Alpha>
    <UZL>157.54159723242759</UZL>
    <K0>0.12821418068689372</K0>
    <K1>0.38105782232901669</K1>
    <K2>0.10893948280031554</K2>
    <MAXBAS>1.3768743344262897</MAXBAS>
    <Cet>0</Cet>
    <PCALT>10</PCALT>
    <TCALT>0.6</TCALT>
    <Pelev>3100</Pelev>
    <Telev>3100</Telev>
    <PART>0.5</PART>
    <DELAY>1</DELAY>
  </CatchmentParameters>
  <VegetationZone>
    <VegetationZoneParameters>
      <TT>1.547625098322627</TT>
      <CFMAX>4.7242825081788551</CFMAX>
      <SP>0</SP>
      <SFCF>0.551998682206278</SFCF>
      <CFR>0.083309806888625021</CFR>
      <CWH>0.15942452387454836</CWH>
      <CFGlacier>1</CFGlacier>
      <CFSlope>1</CFSlope>
      <FC>271.42987713037382</FC>
      <LP>0.35698335486751631</LP>
      <BETA>5.8212704788941</BETA>
    </VegetationZoneParameters>
  </VegetationZone>
  <SubCatchment>
    <SubCatchmentParameters>
      <KSI>0.001</KSI>
      <KGmin>0.05</KGmin>
      <RangeKG>0.1</RangeKG>
      <AG>0.1</AG>
      <PERC>5.9085971300994</PERC>
      <Alpha>0</Alpha>
      <UZL>157.54159723242759</UZL>
      <K0>0.12821418068689372</K0>
      <K1>0.38105782232901669</K1>
      <K2>0.10893948280031554</K2>
      <MAXBAS>1.3768743344262897</MAXBAS>
      <Cet>0</Cet>
      <PCALT>10</PCALT>
      <TCALT>0.6</TCALT>
      <Pelev>3100</Pelev>
      <Telev>3100</Telev>
      <PART>0.5</PART>
      <DELAY>1</DELAY>
    </SubCatchmentParameters>
    <SubCatchmentVegetationZone>
      <SubCatchmentVegetationZoneParameters>
        <TT>1.547625098322627</TT>
        <CFMAX>4.7242825081788551</CFMAX>
        <SP>0</SP>
        <SFCF>0.551998682206278</SFCF>
        <CFR>0.083309806888625021</CFR>
        <CWH>0.15942452387454836</CWH>
        <CFGlacier>1</CFGlacier>
        <CFSlope>1</CFSlope>
        <FC>271.42987713037382</FC>
        <LP>0.35698335486751631</LP>
        <BETA>5.8212704788941</BETA>
      </SubCatchmentVegetationZoneParameters>
    </SubCatchmentVegetationZone>
  </SubCatchment>
</Catchment>