<?xml version="1.0" encoding="utf-8"?>
<Catchment xmlns:xsi="http://www.w3.org/2001/XMLSchema-instance" xmlns:xsd="http://www.w3.org/2001/XMLSchema">
  <CatchmentParameters>
    <KSI>0.001</KSI>
    <KGmin>0.05</KGmin>
    <RangeKG>0.1</RangeKG>
    <AG>0.1</AG>
    <PERC>3.530467546130069</PERC>
    <Alpha>0</Alpha>
    <UZL>109.76073982282537</UZL>
    <K0>0.37275100766139835</K0>
    <K1>0.29060570250988277</K1>
    <K2>0.011514960462483815</K2>
    <MAXBAS>1</MAXBAS>
    <Cet>0</Cet>
    <PCALT>10</PCALT>
    <TCALT>0.6</TCALT>
    <Pelev>3100</Pelev>
    <Telev>3100</Telev>
    <PART>0.5</PART>
    <DELAY>1</DELAY>
  </CatchmentParameters>
  <VegetationZone>
    <VegetationZoneParameters>
      <TT>-1.421390901109481</TT>
      <CFMAX>2.7690776038013429</CFMAX>
      <SP>0</SP>
      <SFCF>0.87919355140505517</SFCF>
      <CFR>0.062023481636625938</CFR>
      <CWH>0.116080384974678</CWH>
      <CFGlacier>1</CFGlacier>
      <CFSlope>1</CFSlope>
      <FC>849.91339918639</FC>
      <LP>0.5089874429304525</LP>
      <BETA>2.809744225088179</BETA>
    </VegetationZoneParameters>
  </VegetationZone>
  <SubCatchment>
    <SubCatchmentParameters>
      <KSI>0.001</KSI>
      <KGmin>0.05</KGmin>
      <RangeKG>0.1</RangeKG>
      <AG>0.1</AG>
      <PERC>3.530467546130069</PERC>
      <Alpha>0</Alpha>
      <UZL>109.76073982282537</UZL>
      <K0>0.37275100766139835</K0>
      <K1>0.29060570250988277</K1>
      <K2>0.011514960462483815</K2>
      <MAXBAS>1</MAXBAS>
      <Cet>0</Cet>
      <PCALT>10</PCALT>
      <TCALT>0.6</TCALT>
      <Pelev>3100</Pelev>
      <Telev>3100</Telev>
      <PART>0.5</PART>
      <DELAY>1</DELAY>
    </SubCatchmentParameters>
    <SubCatchmentVegetationZone>
      <SubCatchmentVegetationZoneParameters>
        <TT>-1.421390901109481</TT>
        <CFMAX>2.7690776038013429</CFMAX>
        <SP>0</SP>
        <SFCF>0.87919355140505517</SFCF>
        <CFR>0.062023481636625938</CFR>
        <CWH>0.116080384974678</CWH>
        <CFGlacier>1</CFGlacier>
        <CFSlope>1</CFSlope>
        <FC>849.91339918639</FC>
        <LP>0.5089874429304525</LP>
        <BETA>2.809744225088179</BETA>
      </SubCatchmentVegetationZoneParameters>
    </SubCatchmentVegetationZone>
  </SubCatchment>
</Catchment>