<?xml version="1.0" encoding="utf-8"?>
<Catchment xmlns:xsi="http://www.w3.org/2001/XMLSchema-instance" xmlns:xsd="http://www.w3.org/2001/XMLSchema">
  <CatchmentParameters>
    <KSI>0.001</KSI>
    <KGmin>0.05</KGmin>
    <RangeKG>0.1</RangeKG>
    <AG>0.1</AG>
    <PERC>6.0202831568517663</PERC>
    <Alpha>0</Alpha>
    <UZL>21.043843831066003</UZL>
    <K0>0.19122988714899508</K0>
    <K1>0.37874264026008486</K1>
    <K2>0.070903648059906219</K2>
    <MAXBAS>1.3321261366009152</MAXBAS>
    <Cet>0</Cet>
    <PCALT>10</PCALT>
    <TCALT>0.6</TCALT>
    <Pelev>3100</Pelev>
    <Telev>3100</Telev>
    <PART>0.5</PART>
    <DELAY>1</DELAY>
  </CatchmentParameters>
  <VegetationZone>
    <VegetationZoneParameters>
      <TT>1.5410035114308927</TT>
      <CFMAX>4.5248588869078343</CFMAX>
      <SP>0</SP>
      <SFCF>0.59326244402508044</SFCF>
      <CFR>0.084020176737814922</CFR>
      <CWH>0.11523164647522571</CWH>
      <CFGlacier>1</CFGlacier>
      <CFSlope>1</CFSlope>
      <FC>299.82615678121766</FC>
      <LP>0.54465272876083615</LP>
      <BETA>5.21871202971757</BETA>
    </VegetationZoneParameters>
  </VegetationZone>
  <SubCatchment>
    <SubCatchmentParameters>
      <KSI>0.001</KSI>
      <KGmin>0.05</KGmin>
      <RangeKG>0.1</RangeKG>
      <AG>0.1</AG>
      <PERC>6.0202831568517663</PERC>
      <Alpha>0</Alpha>
      <UZL>21.043843831066003</UZL>
      <K0>0.19122988714899508</K0>
      <K1>0.37874264026008486</K1>
      <K2>0.070903648059906219</K2>
      <MAXBAS>1.3321261366009152</MAXBAS>
      <Cet>0</Cet>
      <PCALT>10</PCALT>
      <TCALT>0.6</TCALT>
      <Pelev>3100</Pelev>
      <Telev>3100</Telev>
      <PART>0.5</PART>
      <DELAY>1</DELAY>
    </SubCatchmentParameters>
    <SubCatchmentVegetationZone>
      <SubCatchmentVegetationZoneParameters>
        <TT>1.5410035114308927</TT>
        <CFMAX>4.5248588869078343</CFMAX>
        <SP>0</SP>
        <SFCF>0.59326244402508044</SFCF>
        <CFR>0.084020176737814922</CFR>
        <CWH>0.11523164647522571</CWH>
        <CFGlacier>1</CFGlacier>
        <CFSlope>1</CFSlope>
        <FC>299.82615678121766</FC>
        <LP>0.54465272876083615</LP>
        <BETA>5.21871202971757</BETA>
      </SubCatchmentVegetationZoneParameters>
    </SubCatchmentVegetationZone>
  </SubCatchment>
</Catchment>