<?xml version="1.0" encoding="utf-8"?>
<Catchment xmlns:xsi="http://www.w3.org/2001/XMLSchema-instance" xmlns:xsd="http://www.w3.org/2001/XMLSchema">
  <CatchmentParameters>
    <KSI>0.001</KSI>
    <KGmin>0.05</KGmin>
    <RangeKG>0.1</RangeKG>
    <AG>0.1</AG>
    <PERC>9.3896200805309533</PERC>
    <Alpha>0</Alpha>
    <UZL>156.99053810984756</UZL>
    <K0>0.51201290057059412</K0>
    <K1>0.098559451439881984</K1>
    <K2>0.049270708055983374</K2>
    <MAXBAS>1.5198864388940521</MAXBAS>
    <Cet>0</Cet>
    <PCALT>10</PCALT>
    <TCALT>0.6</TCALT>
    <Pelev>3100</Pelev>
    <Telev>3100</Telev>
    <PART>0.5</PART>
    <DELAY>1</DELAY>
  </CatchmentParameters>
  <VegetationZone>
    <VegetationZoneParameters>
      <TT>1.9198231953729441</TT>
      <CFMAX>4.7073883080484329</CFMAX>
      <SP>0</SP>
      <SFCF>0.76023951300286408</SFCF>
      <CFR>0.05771859148461566</CFR>
      <CWH>0.14704220509580704</CWH>
      <CFGlacier>1</CFGlacier>
      <CFSlope>1</CFSlope>
      <FC>920.43030703507327</FC>
      <LP>0.64166160016871521</LP>
      <BETA>4.2898600354863348</BETA>
    </VegetationZoneParameters>
  </VegetationZone>
  <SubCatchment>
    <SubCatchmentParameters>
      <KSI>0.001</KSI>
      <KGmin>0.05</KGmin>
      <RangeKG>0.1</RangeKG>
      <AG>0.1</AG>
      <PERC>9.3896200805309533</PERC>
      <Alpha>0</Alpha>
      <UZL>156.99053810984756</UZL>
      <K0>0.51201290057059412</K0>
      <K1>0.098559451439881984</K1>
      <K2>0.049270708055983374</K2>
      <MAXBAS>1.5198864388940521</MAXBAS>
      <Cet>0</Cet>
      <PCALT>10</PCALT>
      <TCALT>0.6</TCALT>
      <Pelev>3100</Pelev>
      <Telev>3100</Telev>
      <PART>0.5</PART>
      <DELAY>1</DELAY>
    </SubCatchmentParameters>
    <SubCatchmentVegetationZone>
      <SubCatchmentVegetationZoneParameters>
        <TT>1.9198231953729441</TT>
        <CFMAX>4.7073883080484329</CFMAX>
        <SP>0</SP>
        <SFCF>0.76023951300286408</SFCF>
        <CFR>0.05771859148461566</CFR>
        <CWH>0.14704220509580704</CWH>
        <CFGlacier>1</CFGlacier>
        <CFSlope>1</CFSlope>
        <FC>920.43030703507327</FC>
        <LP>0.64166160016871521</LP>
        <BETA>4.2898600354863348</BETA>
      </SubCatchmentVegetationZoneParameters>
    </SubCatchmentVegetationZone>
  </SubCatchment>
</Catchment>