<?xml version="1.0" encoding="utf-8"?>
<Catchment xmlns:xsi="http://www.w3.org/2001/XMLSchema-instance" xmlns:xsd="http://www.w3.org/2001/XMLSchema">
  <CatchmentParameters>
    <KSI>0.001</KSI>
    <KGmin>0.05</KGmin>
    <RangeKG>0.1</RangeKG>
    <AG>0.1</AG>
    <PERC>6.6000301875186969</PERC>
    <Alpha>0</Alpha>
    <UZL>81.772096048955419</UZL>
    <K0>0.2774088303897338</K0>
    <K1>0.401839739874221</K1>
    <K2>0.099660879118295853</K2>
    <MAXBAS>1.2090823347069561</MAXBAS>
    <Cet>0</Cet>
    <PCALT>10</PCALT>
    <TCALT>0.6</TCALT>
    <Pelev>3100</Pelev>
    <Telev>3100</Telev>
    <PART>0.5</PART>
    <DELAY>1</DELAY>
  </CatchmentParameters>
  <VegetationZone>
    <VegetationZoneParameters>
      <TT>0.12577478641489281</TT>
      <CFMAX>4.9946847053390249</CFMAX>
      <SP>0</SP>
      <SFCF>0.57883712043375424</SFCF>
      <CFR>0.018121342724481914</CFR>
      <CWH>0.17912545313030359</CWH>
      <CFGlacier>1</CFGlacier>
      <CFSlope>1</CFSlope>
      <FC>362.07741878816353</FC>
      <LP>0.55848637680926128</LP>
      <BETA>5.9070130007486643</BETA>
    </VegetationZoneParameters>
  </VegetationZone>
  <SubCatchment>
    <SubCatchmentParameters>
      <KSI>0.001</KSI>
      <KGmin>0.05</KGmin>
      <RangeKG>0.1</RangeKG>
      <AG>0.1</AG>
      <PERC>6.6000301875186969</PERC>
      <Alpha>0</Alpha>
      <UZL>81.772096048955419</UZL>
      <K0>0.2774088303897338</K0>
      <K1>0.401839739874221</K1>
      <K2>0.099660879118295853</K2>
      <MAXBAS>1.2090823347069561</MAXBAS>
      <Cet>0</Cet>
      <PCALT>10</PCALT>
      <TCALT>0.6</TCALT>
      <Pelev>3100</Pelev>
      <Telev>3100</Telev>
      <PART>0.5</PART>
      <DELAY>1</DELAY>
    </SubCatchmentParameters>
    <SubCatchmentVegetationZone>
      <SubCatchmentVegetationZoneParameters>
        <TT>0.12577478641489281</TT>
        <CFMAX>4.9946847053390249</CFMAX>
        <SP>0</SP>
        <SFCF>0.57883712043375424</SFCF>
        <CFR>0.018121342724481914</CFR>
        <CWH>0.17912545313030359</CWH>
        <CFGlacier>1</CFGlacier>
        <CFSlope>1</CFSlope>
        <FC>362.07741878816353</FC>
        <LP>0.55848637680926128</LP>
        <BETA>5.9070130007486643</BETA>
      </SubCatchmentVegetationZoneParameters>
    </SubCatchmentVegetationZone>
  </SubCatchment>
</Catchment>