<?xml version="1.0" encoding="utf-8"?>
<Catchment xmlns:xsi="http://www.w3.org/2001/XMLSchema-instance" xmlns:xsd="http://www.w3.org/2001/XMLSchema">
  <CatchmentParameters>
    <KSI>0.001</KSI>
    <KGmin>0.05</KGmin>
    <RangeKG>0.1</RangeKG>
    <AG>0.1</AG>
    <PERC>1.8071703832269326</PERC>
    <Alpha>0</Alpha>
    <UZL>130.01716721992764</UZL>
    <K0>0.22932794311613719</K0>
    <K1>0.074736990714977469</K1>
    <K2>0.011918888993863388</K2>
    <MAXBAS>1</MAXBAS>
    <Cet>0</Cet>
    <PCALT>10</PCALT>
    <TCALT>0.6</TCALT>
    <Pelev>3100</Pelev>
    <Telev>3100</Telev>
    <PART>0.5</PART>
    <DELAY>1</DELAY>
  </CatchmentParameters>
  <VegetationZone>
    <VegetationZoneParameters>
      <TT>-1.0314761499233776</TT>
      <CFMAX>4.3096497727025813</CFMAX>
      <SP>0</SP>
      <SFCF>1.2641235983874608</SFCF>
      <CFR>0.039377495422286676</CFR>
      <CWH>0.1000001859360945</CWH>
      <CFGlacier>1</CFGlacier>
      <CFSlope>1</CFSlope>
      <FC>2044.2905648216358</FC>
      <LP>0.5625730633715762</LP>
      <BETA>4.2304850606336375</BETA>
    </VegetationZoneParameters>
  </VegetationZone>
  <SubCatchment>
    <SubCatchmentParameters>
      <KSI>0.001</KSI>
      <KGmin>0.05</KGmin>
      <RangeKG>0.1</RangeKG>
      <AG>0.1</AG>
      <PERC>1.8071703832269326</PERC>
      <Alpha>0</Alpha>
      <UZL>130.01716721992764</UZL>
      <K0>0.22932794311613719</K0>
      <K1>0.074736990714977469</K1>
      <K2>0.011918888993863388</K2>
      <MAXBAS>1</MAXBAS>
      <Cet>0</Cet>
      <PCALT>10</PCALT>
      <TCALT>0.6</TCALT>
      <Pelev>3100</Pelev>
      <Telev>3100</Telev>
      <PART>0.5</PART>
      <DELAY>1</DELAY>
    </SubCatchmentParameters>
    <SubCatchmentVegetationZone>
      <SubCatchmentVegetationZoneParameters>
        <TT>-1.0314761499233776</TT>
        <CFMAX>4.3096497727025813</CFMAX>
        <SP>0</SP>
        <SFCF>1.2641235983874608</SFCF>
        <CFR>0.039377495422286676</CFR>
        <CWH>0.1000001859360945</CWH>
        <CFGlacier>1</CFGlacier>
        <CFSlope>1</CFSlope>
        <FC>2044.2905648216358</FC>
        <LP>0.5625730633715762</LP>
        <BETA>4.2304850606336375</BETA>
      </SubCatchmentVegetationZoneParameters>
    </SubCatchmentVegetationZone>
  </SubCatchment>
</Catchment>