<?xml version="1.0" encoding="utf-8"?>
<Catchment xmlns:xsi="http://www.w3.org/2001/XMLSchema-instance" xmlns:xsd="http://www.w3.org/2001/XMLSchema">
  <CatchmentParameters>
    <KSI>0.001</KSI>
    <KGmin>0.05</KGmin>
    <RangeKG>0.1</RangeKG>
    <AG>0.1</AG>
    <PERC>4.8563891351493194</PERC>
    <Alpha>0</Alpha>
    <UZL>46.134050920839286</UZL>
    <K0>0.7441215158454545</K0>
    <K1>0.3213215415349755</K1>
    <K2>0.012014300149898377</K2>
    <MAXBAS>1</MAXBAS>
    <Cet>0</Cet>
    <PCALT>10</PCALT>
    <TCALT>0.6</TCALT>
    <Pelev>3100</Pelev>
    <Telev>3100</Telev>
    <PART>0.5</PART>
    <DELAY>1</DELAY>
  </CatchmentParameters>
  <VegetationZone>
    <VegetationZoneParameters>
      <TT>-0.0959606508584797</TT>
      <CFMAX>3.7645917407470457</CFMAX>
      <SP>0</SP>
      <SFCF>0.72472025976169274</SFCF>
      <CFR>0.024543051782919285</CFR>
      <CWH>0.10000002674902377</CWH>
      <CFGlacier>1</CFGlacier>
      <CFSlope>1</CFSlope>
      <FC>689.29559333918348</FC>
      <LP>0.49471084250125014</LP>
      <BETA>2.4652536494873059</BETA>
    </VegetationZoneParameters>
  </VegetationZone>
  <SubCatchment>
    <SubCatchmentParameters>
      <KSI>0.001</KSI>
      <KGmin>0.05</KGmin>
      <RangeKG>0.1</RangeKG>
      <AG>0.1</AG>
      <PERC>4.8563891351493194</PERC>
      <Alpha>0</Alpha>
      <UZL>46.134050920839286</UZL>
      <K0>0.7441215158454545</K0>
      <K1>0.3213215415349755</K1>
      <K2>0.012014300149898377</K2>
      <MAXBAS>1</MAXBAS>
      <Cet>0</Cet>
      <PCALT>10</PCALT>
      <TCALT>0.6</TCALT>
      <Pelev>3100</Pelev>
      <Telev>3100</Telev>
      <PART>0.5</PART>
      <DELAY>1</DELAY>
    </SubCatchmentParameters>
    <SubCatchmentVegetationZone>
      <SubCatchmentVegetationZoneParameters>
        <TT>-0.0959606508584797</TT>
        <CFMAX>3.7645917407470457</CFMAX>
        <SP>0</SP>
        <SFCF>0.72472025976169274</SFCF>
        <CFR>0.024543051782919285</CFR>
        <CWH>0.10000002674902377</CWH>
        <CFGlacier>1</CFGlacier>
        <CFSlope>1</CFSlope>
        <FC>689.29559333918348</FC>
        <LP>0.49471084250125014</LP>
        <BETA>2.4652536494873059</BETA>
      </SubCatchmentVegetationZoneParameters>
    </SubCatchmentVegetationZone>
  </SubCatchment>
</Catchment>