<?xml version="1.0" encoding="utf-8"?>
<Catchment xmlns:xsi="http://www.w3.org/2001/XMLSchema-instance" xmlns:xsd="http://www.w3.org/2001/XMLSchema">
  <CatchmentParameters>
    <KSI>0.001</KSI>
    <KGmin>0.05</KGmin>
    <RangeKG>0.1</RangeKG>
    <AG>0.1</AG>
    <PERC>5.2628185751377092</PERC>
    <Alpha>0</Alpha>
    <UZL>11.013375517102158</UZL>
    <K0>0.28509152447043568</K0>
    <K1>0.30978382662083104</K1>
    <K2>0.080076275222264445</K2>
    <MAXBAS>1.3218654342816825</MAXBAS>
    <Cet>0</Cet>
    <PCALT>10</PCALT>
    <TCALT>0.6</TCALT>
    <Pelev>3100</Pelev>
    <Telev>3100</Telev>
    <PART>0.5</PART>
    <DELAY>1</DELAY>
  </CatchmentParameters>
  <VegetationZone>
    <VegetationZoneParameters>
      <TT>2.2281380396814665</TT>
      <CFMAX>4.1917885027837558</CFMAX>
      <SP>0</SP>
      <SFCF>0.96151987457488775</SFCF>
      <CFR>0.085421003839035864</CFR>
      <CWH>0.16648972915553326</CWH>
      <CFGlacier>1</CFGlacier>
      <CFSlope>1</CFSlope>
      <FC>678.90092679560223</FC>
      <LP>0.48348716296273364</LP>
      <BETA>5.9198891304641812</BETA>
    </VegetationZoneParameters>
  </VegetationZone>
  <SubCatchment>
    <SubCatchmentParameters>
      <KSI>0.001</KSI>
      <KGmin>0.05</KGmin>
      <RangeKG>0.1</RangeKG>
      <AG>0.1</AG>
      <PERC>5.2628185751377092</PERC>
      <Alpha>0</Alpha>
      <UZL>11.013375517102158</UZL>
      <K0>0.28509152447043568</K0>
      <K1>0.30978382662083104</K1>
      <K2>0.080076275222264445</K2>
      <MAXBAS>1.3218654342816825</MAXBAS>
      <Cet>0</Cet>
      <PCALT>10</PCALT>
      <TCALT>0.6</TCALT>
      <Pelev>3100</Pelev>
      <Telev>3100</Telev>
      <PART>0.5</PART>
      <DELAY>1</DELAY>
    </SubCatchmentParameters>
    <SubCatchmentVegetationZone>
      <SubCatchmentVegetationZoneParameters>
        <TT>2.2281380396814665</TT>
        <CFMAX>4.1917885027837558</CFMAX>
        <SP>0</SP>
        <SFCF>0.96151987457488775</SFCF>
        <CFR>0.085421003839035864</CFR>
        <CWH>0.16648972915553326</CWH>
        <CFGlacier>1</CFGlacier>
        <CFSlope>1</CFSlope>
        <FC>678.90092679560223</FC>
        <LP>0.48348716296273364</LP>
        <BETA>5.9198891304641812</BETA>
      </SubCatchmentVegetationZoneParameters>
    </SubCatchmentVegetationZone>
  </SubCatchment>
</Catchment>