<?xml version="1.0" encoding="utf-8"?>
<Catchment xmlns:xsi="http://www.w3.org/2001/XMLSchema-instance" xmlns:xsd="http://www.w3.org/2001/XMLSchema">
  <CatchmentParameters>
    <KSI>0.001</KSI>
    <KGmin>0.05</KGmin>
    <RangeKG>0.1</RangeKG>
    <AG>0.1</AG>
    <PERC>4.1079791934362335</PERC>
    <Alpha>0</Alpha>
    <UZL>119.46983876002152</UZL>
    <K0>0.11858175559151676</K0>
    <K1>0.075373547252910969</K1>
    <K2>0.010678609291118274</K2>
    <MAXBAS>1</MAXBAS>
    <Cet>0</Cet>
    <PCALT>10</PCALT>
    <TCALT>0.6</TCALT>
    <Pelev>3100</Pelev>
    <Telev>3100</Telev>
    <PART>0.5</PART>
    <DELAY>1</DELAY>
  </CatchmentParameters>
  <VegetationZone>
    <VegetationZoneParameters>
      <TT>-0.14992151607342164</TT>
      <CFMAX>4.179976545404454</CFMAX>
      <SP>0</SP>
      <SFCF>0.67409644829895887</SFCF>
      <CFR>0.049434496627530043</CFR>
      <CWH>0.100000000036956</CWH>
      <CFGlacier>1</CFGlacier>
      <CFSlope>1</CFSlope>
      <FC>631.53204160431426</FC>
      <LP>0.81256291358906207</LP>
      <BETA>4.4001184993955764</BETA>
    </VegetationZoneParameters>
  </VegetationZone>
  <SubCatchment>
    <SubCatchmentParameters>
      <KSI>0.001</KSI>
      <KGmin>0.05</KGmin>
      <RangeKG>0.1</RangeKG>
      <AG>0.1</AG>
      <PERC>4.1079791934362335</PERC>
      <Alpha>0</Alpha>
      <UZL>119.46983876002152</UZL>
      <K0>0.11858175559151676</K0>
      <K1>0.075373547252910969</K1>
      <K2>0.010678609291118274</K2>
      <MAXBAS>1</MAXBAS>
      <Cet>0</Cet>
      <PCALT>10</PCALT>
      <TCALT>0.6</TCALT>
      <Pelev>3100</Pelev>
      <Telev>3100</Telev>
      <PART>0.5</PART>
      <DELAY>1</DELAY>
    </SubCatchmentParameters>
    <SubCatchmentVegetationZone>
      <SubCatchmentVegetationZoneParameters>
        <TT>-0.14992151607342164</TT>
        <CFMAX>4.179976545404454</CFMAX>
        <SP>0</SP>
        <SFCF>0.67409644829895887</SFCF>
        <CFR>0.049434496627530043</CFR>
        <CWH>0.100000000036956</CWH>
        <CFGlacier>1</CFGlacier>
        <CFSlope>1</CFSlope>
        <FC>631.53204160431426</FC>
        <LP>0.81256291358906207</LP>
        <BETA>4.4001184993955764</BETA>
      </SubCatchmentVegetationZoneParameters>
    </SubCatchmentVegetationZone>
  </SubCatchment>
</Catchment>