<?xml version="1.0" encoding="utf-8"?>
<Catchment xmlns:xsi="http://www.w3.org/2001/XMLSchema-instance" xmlns:xsd="http://www.w3.org/2001/XMLSchema">
  <CatchmentParameters>
    <KSI>0.001</KSI>
    <KGmin>0.05</KGmin>
    <RangeKG>0.1</RangeKG>
    <AG>0.1</AG>
    <PERC>6.154472136596282</PERC>
    <Alpha>0</Alpha>
    <UZL>133.84701021951767</UZL>
    <K0>0.31936659995123834</K0>
    <K1>0.12920864527943365</K1>
    <K2>0.0794910685875073</K2>
    <MAXBAS>1.6136690902194757</MAXBAS>
    <Cet>0</Cet>
    <PCALT>10</PCALT>
    <TCALT>0.6</TCALT>
    <Pelev>3100</Pelev>
    <Telev>3100</Telev>
    <PART>0.5</PART>
    <DELAY>1</DELAY>
  </CatchmentParameters>
  <VegetationZone>
    <VegetationZoneParameters>
      <TT>2.4228075015595274</TT>
      <CFMAX>4.3328073050540494</CFMAX>
      <SP>0</SP>
      <SFCF>0.52541906399511007</SFCF>
      <CFR>0.029526471398550649</CFR>
      <CWH>0.13690743738331726</CWH>
      <CFGlacier>1</CFGlacier>
      <CFSlope>1</CFSlope>
      <FC>387.78574914648618</FC>
      <LP>0.56963651253439618</LP>
      <BETA>5.9563040567195014</BETA>
    </VegetationZoneParameters>
  </VegetationZone>
  <SubCatchment>
    <SubCatchmentParameters>
      <KSI>0.001</KSI>
      <KGmin>0.05</KGmin>
      <RangeKG>0.1</RangeKG>
      <AG>0.1</AG>
      <PERC>6.154472136596282</PERC>
      <Alpha>0</Alpha>
      <UZL>133.84701021951767</UZL>
      <K0>0.31936659995123834</K0>
      <K1>0.12920864527943365</K1>
      <K2>0.0794910685875073</K2>
      <MAXBAS>1.6136690902194757</MAXBAS>
      <Cet>0</Cet>
      <PCALT>10</PCALT>
      <TCALT>0.6</TCALT>
      <Pelev>3100</Pelev>
      <Telev>3100</Telev>
      <PART>0.5</PART>
      <DELAY>1</DELAY>
    </SubCatchmentParameters>
    <SubCatchmentVegetationZone>
      <SubCatchmentVegetationZoneParameters>
        <TT>2.4228075015595274</TT>
        <CFMAX>4.3328073050540494</CFMAX>
        <SP>0</SP>
        <SFCF>0.52541906399511007</SFCF>
        <CFR>0.029526471398550649</CFR>
        <CWH>0.13690743738331726</CWH>
        <CFGlacier>1</CFGlacier>
        <CFSlope>1</CFSlope>
        <FC>387.78574914648618</FC>
        <LP>0.56963651253439618</LP>
        <BETA>5.9563040567195014</BETA>
      </SubCatchmentVegetationZoneParameters>
    </SubCatchmentVegetationZone>
  </SubCatchment>
</Catchment>