<?xml version="1.0" encoding="utf-8"?>
<Catchment xmlns:xsi="http://www.w3.org/2001/XMLSchema-instance" xmlns:xsd="http://www.w3.org/2001/XMLSchema">
  <CatchmentParameters>
    <KSI>0.001</KSI>
    <KGmin>0.05</KGmin>
    <RangeKG>0.1</RangeKG>
    <AG>0.1</AG>
    <PERC>1.6319575347974504</PERC>
    <Alpha>0</Alpha>
    <UZL>66.598829304004937</UZL>
    <K0>0.61292920202321433</K0>
    <K1>0.048183236494497357</K1>
    <K2>0.010580209948164061</K2>
    <MAXBAS>1</MAXBAS>
    <Cet>0</Cet>
    <PCALT>10</PCALT>
    <TCALT>0.6</TCALT>
    <Pelev>3100</Pelev>
    <Telev>3100</Telev>
    <PART>0.5</PART>
    <DELAY>1</DELAY>
  </CatchmentParameters>
  <VegetationZone>
    <VegetationZoneParameters>
      <TT>0.33266038945776089</TT>
      <CFMAX>3.5825350869706982</CFMAX>
      <SP>0</SP>
      <SFCF>0.68215837639971377</SFCF>
      <CFR>0.0169272815110449</CFR>
      <CWH>0.10000004830581107</CWH>
      <CFGlacier>1</CFGlacier>
      <CFSlope>1</CFSlope>
      <FC>600.18579827062536</FC>
      <LP>0.57869860581491894</LP>
      <BETA>2.8941398440117108</BETA>
    </VegetationZoneParameters>
  </VegetationZone>
  <SubCatchment>
    <SubCatchmentParameters>
      <KSI>0.001</KSI>
      <KGmin>0.05</KGmin>
      <RangeKG>0.1</RangeKG>
      <AG>0.1</AG>
      <PERC>1.6319575347974504</PERC>
      <Alpha>0</Alpha>
      <UZL>66.598829304004937</UZL>
      <K0>0.61292920202321433</K0>
      <K1>0.048183236494497357</K1>
      <K2>0.010580209948164061</K2>
      <MAXBAS>1</MAXBAS>
      <Cet>0</Cet>
      <PCALT>10</PCALT>
      <TCALT>0.6</TCALT>
      <Pelev>3100</Pelev>
      <Telev>3100</Telev>
      <PART>0.5</PART>
      <DELAY>1</DELAY>
    </SubCatchmentParameters>
    <SubCatchmentVegetationZone>
      <SubCatchmentVegetationZoneParameters>
        <TT>0.33266038945776089</TT>
        <CFMAX>3.5825350869706982</CFMAX>
        <SP>0</SP>
        <SFCF>0.68215837639971377</SFCF>
        <CFR>0.0169272815110449</CFR>
        <CWH>0.10000004830581107</CWH>
        <CFGlacier>1</CFGlacier>
        <CFSlope>1</CFSlope>
        <FC>600.18579827062536</FC>
        <LP>0.57869860581491894</LP>
        <BETA>2.8941398440117108</BETA>
      </SubCatchmentVegetationZoneParameters>
    </SubCatchmentVegetationZone>
  </SubCatchment>
</Catchment>