<?xml version="1.0" encoding="utf-8"?>
<Catchment xmlns:xsi="http://www.w3.org/2001/XMLSchema-instance" xmlns:xsd="http://www.w3.org/2001/XMLSchema">
  <CatchmentParameters>
    <KSI>0.001</KSI>
    <KGmin>0.05</KGmin>
    <RangeKG>0.1</RangeKG>
    <AG>0.1</AG>
    <PERC>3.749104089069311</PERC>
    <Alpha>0</Alpha>
    <UZL>144.41848085216537</UZL>
    <K0>0.36205921634341914</K0>
    <K1>0.1889343240426484</K1>
    <K2>0.011897013154724068</K2>
    <MAXBAS>1</MAXBAS>
    <Cet>0</Cet>
    <PCALT>10</PCALT>
    <TCALT>0.6</TCALT>
    <Pelev>3100</Pelev>
    <Telev>3100</Telev>
    <PART>0.5</PART>
    <DELAY>1</DELAY>
  </CatchmentParameters>
  <VegetationZone>
    <VegetationZoneParameters>
      <TT>-0.015798228893487854</TT>
      <CFMAX>3.8878104229513157</CFMAX>
      <SP>0</SP>
      <SFCF>0.765146489400769</SFCF>
      <CFR>0.022069298851903254</CFR>
      <CWH>0.10000000000076437</CWH>
      <CFGlacier>1</CFGlacier>
      <CFSlope>1</CFSlope>
      <FC>760.39204922348063</FC>
      <LP>0.55614041192477548</LP>
      <BETA>2.8646184136741306</BETA>
    </VegetationZoneParameters>
  </VegetationZone>
  <SubCatchment>
    <SubCatchmentParameters>
      <KSI>0.001</KSI>
      <KGmin>0.05</KGmin>
      <RangeKG>0.1</RangeKG>
      <AG>0.1</AG>
      <PERC>3.749104089069311</PERC>
      <Alpha>0</Alpha>
      <UZL>144.41848085216537</UZL>
      <K0>0.36205921634341914</K0>
      <K1>0.1889343240426484</K1>
      <K2>0.011897013154724068</K2>
      <MAXBAS>1</MAXBAS>
      <Cet>0</Cet>
      <PCALT>10</PCALT>
      <TCALT>0.6</TCALT>
      <Pelev>3100</Pelev>
      <Telev>3100</Telev>
      <PART>0.5</PART>
      <DELAY>1</DELAY>
    </SubCatchmentParameters>
    <SubCatchmentVegetationZone>
      <SubCatchmentVegetationZoneParameters>
        <TT>-0.015798228893487854</TT>
        <CFMAX>3.8878104229513157</CFMAX>
        <SP>0</SP>
        <SFCF>0.765146489400769</SFCF>
        <CFR>0.022069298851903254</CFR>
        <CWH>0.10000000000076437</CWH>
        <CFGlacier>1</CFGlacier>
        <CFSlope>1</CFSlope>
        <FC>760.39204922348063</FC>
        <LP>0.55614041192477548</LP>
        <BETA>2.8646184136741306</BETA>
      </SubCatchmentVegetationZoneParameters>
    </SubCatchmentVegetationZone>
  </SubCatchment>
</Catchment>