<?xml version="1.0" encoding="utf-8"?>
<Catchment xmlns:xsi="http://www.w3.org/2001/XMLSchema-instance" xmlns:xsd="http://www.w3.org/2001/XMLSchema">
  <CatchmentParameters>
    <KSI>0.001</KSI>
    <KGmin>0.05</KGmin>
    <RangeKG>0.1</RangeKG>
    <AG>0.1</AG>
    <PERC>3.5467095397156077</PERC>
    <Alpha>0</Alpha>
    <UZL>134.56373761847991</UZL>
    <K0>0.17901231327829559</K0>
    <K1>0.36360865649858676</K1>
    <K2>0.012434143911950283</K2>
    <MAXBAS>1</MAXBAS>
    <Cet>0</Cet>
    <PCALT>10</PCALT>
    <TCALT>0.6</TCALT>
    <Pelev>3100</Pelev>
    <Telev>3100</Telev>
    <PART>0.5</PART>
    <DELAY>1</DELAY>
  </CatchmentParameters>
  <VegetationZone>
    <VegetationZoneParameters>
      <TT>-0.80368972538501615</TT>
      <CFMAX>2.5777027388561975</CFMAX>
      <SP>0</SP>
      <SFCF>0.67579582980488351</SFCF>
      <CFR>0.033008498090590213</CFR>
      <CWH>0.10000001384509932</CWH>
      <CFGlacier>1</CFGlacier>
      <CFSlope>1</CFSlope>
      <FC>664.28787364427967</FC>
      <LP>0.50500038968717154</LP>
      <BETA>2.4073903954036497</BETA>
    </VegetationZoneParameters>
  </VegetationZone>
  <SubCatchment>
    <SubCatchmentParameters>
      <KSI>0.001</KSI>
      <KGmin>0.05</KGmin>
      <RangeKG>0.1</RangeKG>
      <AG>0.1</AG>
      <PERC>3.5467095397156077</PERC>
      <Alpha>0</Alpha>
      <UZL>134.56373761847991</UZL>
      <K0>0.17901231327829559</K0>
      <K1>0.36360865649858676</K1>
      <K2>0.012434143911950283</K2>
      <MAXBAS>1</MAXBAS>
      <Cet>0</Cet>
      <PCALT>10</PCALT>
      <TCALT>0.6</TCALT>
      <Pelev>3100</Pelev>
      <Telev>3100</Telev>
      <PART>0.5</PART>
      <DELAY>1</DELAY>
    </SubCatchmentParameters>
    <SubCatchmentVegetationZone>
      <SubCatchmentVegetationZoneParameters>
        <TT>-0.80368972538501615</TT>
        <CFMAX>2.5777027388561975</CFMAX>
        <SP>0</SP>
        <SFCF>0.67579582980488351</SFCF>
        <CFR>0.033008498090590213</CFR>
        <CWH>0.10000001384509932</CWH>
        <CFGlacier>1</CFGlacier>
        <CFSlope>1</CFSlope>
        <FC>664.28787364427967</FC>
        <LP>0.50500038968717154</LP>
        <BETA>2.4073903954036497</BETA>
      </SubCatchmentVegetationZoneParameters>
    </SubCatchmentVegetationZone>
  </SubCatchment>
</Catchment>