<?xml version="1.0" encoding="utf-8"?>
<Catchment xmlns:xsi="http://www.w3.org/2001/XMLSchema-instance" xmlns:xsd="http://www.w3.org/2001/XMLSchema">
  <CatchmentParameters>
    <KSI>0.001</KSI>
    <KGmin>0.05</KGmin>
    <RangeKG>0.1</RangeKG>
    <AG>0.1</AG>
    <PERC>3.4933248133780954</PERC>
    <Alpha>0</Alpha>
    <UZL>148.77441907098697</UZL>
    <K0>0.76007382468939422</K0>
    <K1>0.18428235561493167</K1>
    <K2>0.010696351395833156</K2>
    <MAXBAS>1</MAXBAS>
    <Cet>0</Cet>
    <PCALT>10</PCALT>
    <TCALT>0.6</TCALT>
    <Pelev>3100</Pelev>
    <Telev>3100</Telev>
    <PART>0.5</PART>
    <DELAY>1</DELAY>
  </CatchmentParameters>
  <VegetationZone>
    <VegetationZoneParameters>
      <TT>0.30000002374747115</TT>
      <CFMAX>3.4095746794326853</CFMAX>
      <SP>0</SP>
      <SFCF>0.646689922148904</SFCF>
      <CFR>0.01663897821468931</CFR>
      <CWH>0.10000000442903294</CWH>
      <CFGlacier>1</CFGlacier>
      <CFSlope>1</CFSlope>
      <FC>568.29115221948791</FC>
      <LP>0.64981671262844076</LP>
      <BETA>3.2112236230081255</BETA>
    </VegetationZoneParameters>
  </VegetationZone>
  <SubCatchment>
    <SubCatchmentParameters>
      <KSI>0.001</KSI>
      <KGmin>0.05</KGmin>
      <RangeKG>0.1</RangeKG>
      <AG>0.1</AG>
      <PERC>3.4933248133780954</PERC>
      <Alpha>0</Alpha>
      <UZL>148.77441907098697</UZL>
      <K0>0.76007382468939422</K0>
      <K1>0.18428235561493167</K1>
      <K2>0.010696351395833156</K2>
      <MAXBAS>1</MAXBAS>
      <Cet>0</Cet>
      <PCALT>10</PCALT>
      <TCALT>0.6</TCALT>
      <Pelev>3100</Pelev>
      <Telev>3100</Telev>
      <PART>0.5</PART>
      <DELAY>1</DELAY>
    </SubCatchmentParameters>
    <SubCatchmentVegetationZone>
      <SubCatchmentVegetationZoneParameters>
        <TT>0.30000002374747115</TT>
        <CFMAX>3.4095746794326853</CFMAX>
        <SP>0</SP>
        <SFCF>0.646689922148904</SFCF>
        <CFR>0.01663897821468931</CFR>
        <CWH>0.10000000442903294</CWH>
        <CFGlacier>1</CFGlacier>
        <CFSlope>1</CFSlope>
        <FC>568.29115221948791</FC>
        <LP>0.64981671262844076</LP>
        <BETA>3.2112236230081255</BETA>
      </SubCatchmentVegetationZoneParameters>
    </SubCatchmentVegetationZone>
  </SubCatchment>
</Catchment>