<?xml version="1.0" encoding="utf-8"?>
<Catchment xmlns:xsi="http://www.w3.org/2001/XMLSchema-instance" xmlns:xsd="http://www.w3.org/2001/XMLSchema">
  <CatchmentParameters>
    <KSI>0.001</KSI>
    <KGmin>0.05</KGmin>
    <RangeKG>0.1</RangeKG>
    <AG>0.1</AG>
    <PERC>4.4595656812783329</PERC>
    <Alpha>0</Alpha>
    <UZL>63.958905664951466</UZL>
    <K0>0.32273273779241896</K0>
    <K1>0.23845443933459287</K1>
    <K2>0.011397050100000934</K2>
    <MAXBAS>1</MAXBAS>
    <Cet>0</Cet>
    <PCALT>10</PCALT>
    <TCALT>0.6</TCALT>
    <Pelev>3100</Pelev>
    <Telev>3100</Telev>
    <PART>0.5</PART>
    <DELAY>1</DELAY>
  </CatchmentParameters>
  <VegetationZone>
    <VegetationZoneParameters>
      <TT>-0.23637911691762542</TT>
      <CFMAX>4.3984542156104469</CFMAX>
      <SP>0</SP>
      <SFCF>0.90667467939908708</SFCF>
      <CFR>0.0494533290674799</CFR>
      <CWH>0.10000000000491741</CWH>
      <CFGlacier>1</CFGlacier>
      <CFSlope>1</CFSlope>
      <FC>942.48269691814369</FC>
      <LP>0.52338827159928036</LP>
      <BETA>3.0039067006296594</BETA>
    </VegetationZoneParameters>
  </VegetationZone>
  <SubCatchment>
    <SubCatchmentParameters>
      <KSI>0.001</KSI>
      <KGmin>0.05</KGmin>
      <RangeKG>0.1</RangeKG>
      <AG>0.1</AG>
      <PERC>4.4595656812783329</PERC>
      <Alpha>0</Alpha>
      <UZL>63.958905664951466</UZL>
      <K0>0.32273273779241896</K0>
      <K1>0.23845443933459287</K1>
      <K2>0.011397050100000934</K2>
      <MAXBAS>1</MAXBAS>
      <Cet>0</Cet>
      <PCALT>10</PCALT>
      <TCALT>0.6</TCALT>
      <Pelev>3100</Pelev>
      <Telev>3100</Telev>
      <PART>0.5</PART>
      <DELAY>1</DELAY>
    </SubCatchmentParameters>
    <SubCatchmentVegetationZone>
      <SubCatchmentVegetationZoneParameters>
        <TT>-0.23637911691762542</TT>
        <CFMAX>4.3984542156104469</CFMAX>
        <SP>0</SP>
        <SFCF>0.90667467939908708</SFCF>
        <CFR>0.0494533290674799</CFR>
        <CWH>0.10000000000491741</CWH>
        <CFGlacier>1</CFGlacier>
        <CFSlope>1</CFSlope>
        <FC>942.48269691814369</FC>
        <LP>0.52338827159928036</LP>
        <BETA>3.0039067006296594</BETA>
      </SubCatchmentVegetationZoneParameters>
    </SubCatchmentVegetationZone>
  </SubCatchment>
</Catchment>