<?xml version="1.0" encoding="utf-8"?>
<Catchment xmlns:xsi="http://www.w3.org/2001/XMLSchema-instance" xmlns:xsd="http://www.w3.org/2001/XMLSchema">
  <CatchmentParameters>
    <KSI>0.001</KSI>
    <KGmin>0.05</KGmin>
    <RangeKG>0.1</RangeKG>
    <AG>0.1</AG>
    <PERC>8.20452541012499</PERC>
    <Alpha>0</Alpha>
    <UZL>44.988248699364107</UZL>
    <K0>0.24722018039089344</K0>
    <K1>0.28237216063385023</K1>
    <K2>0.069062877459257585</K2>
    <MAXBAS>1.2109695184092151</MAXBAS>
    <Cet>0</Cet>
    <PCALT>10</PCALT>
    <TCALT>0.6</TCALT>
    <Pelev>3100</Pelev>
    <Telev>3100</Telev>
    <PART>0.5</PART>
    <DELAY>1</DELAY>
  </CatchmentParameters>
  <VegetationZone>
    <VegetationZoneParameters>
      <TT>-0.028795946228814762</TT>
      <CFMAX>4.8670547869415728</CFMAX>
      <SP>0</SP>
      <SFCF>0.84536213771541158</SFCF>
      <CFR>0.049945685115407527</CFR>
      <CWH>0.13949687831544066</CWH>
      <CFGlacier>1</CFGlacier>
      <CFSlope>1</CFSlope>
      <FC>747.11949934336394</FC>
      <LP>0.6789708795203746</LP>
      <BETA>5.6801103241351356</BETA>
    </VegetationZoneParameters>
  </VegetationZone>
  <SubCatchment>
    <SubCatchmentParameters>
      <KSI>0.001</KSI>
      <KGmin>0.05</KGmin>
      <RangeKG>0.1</RangeKG>
      <AG>0.1</AG>
      <PERC>8.20452541012499</PERC>
      <Alpha>0</Alpha>
      <UZL>44.988248699364107</UZL>
      <K0>0.24722018039089344</K0>
      <K1>0.28237216063385023</K1>
      <K2>0.069062877459257585</K2>
      <MAXBAS>1.2109695184092151</MAXBAS>
      <Cet>0</Cet>
      <PCALT>10</PCALT>
      <TCALT>0.6</TCALT>
      <Pelev>3100</Pelev>
      <Telev>3100</Telev>
      <PART>0.5</PART>
      <DELAY>1</DELAY>
    </SubCatchmentParameters>
    <SubCatchmentVegetationZone>
      <SubCatchmentVegetationZoneParameters>
        <TT>-0.028795946228814762</TT>
        <CFMAX>4.8670547869415728</CFMAX>
        <SP>0</SP>
        <SFCF>0.84536213771541158</SFCF>
        <CFR>0.049945685115407527</CFR>
        <CWH>0.13949687831544066</CWH>
        <CFGlacier>1</CFGlacier>
        <CFSlope>1</CFSlope>
        <FC>747.11949934336394</FC>
        <LP>0.6789708795203746</LP>
        <BETA>5.6801103241351356</BETA>
      </SubCatchmentVegetationZoneParameters>
    </SubCatchmentVegetationZone>
  </SubCatchment>
</Catchment>