<?xml version="1.0" encoding="utf-8"?>
<Catchment xmlns:xsi="http://www.w3.org/2001/XMLSchema-instance" xmlns:xsd="http://www.w3.org/2001/XMLSchema">
  <CatchmentParameters>
    <KSI>0.001</KSI>
    <KGmin>0.05</KGmin>
    <RangeKG>0.1</RangeKG>
    <AG>0.1</AG>
    <PERC>9.6955063727279587</PERC>
    <Alpha>0</Alpha>
    <UZL>11.782990864115419</UZL>
    <K0>0.31547157835870931</K0>
    <K1>0.31873643418246755</K1>
    <K2>0.13584093868655539</K2>
    <MAXBAS>2.0187654154767389</MAXBAS>
    <Cet>0</Cet>
    <PCALT>10</PCALT>
    <TCALT>0.6</TCALT>
    <Pelev>3100</Pelev>
    <Telev>3100</Telev>
    <PART>0.5</PART>
    <DELAY>1</DELAY>
  </CatchmentParameters>
  <VegetationZone>
    <VegetationZoneParameters>
      <TT>0.3342170838104177</TT>
      <CFMAX>4.6239488339465407</CFMAX>
      <SP>0</SP>
      <SFCF>0.63865859956832971</SFCF>
      <CFR>0.03465603726813684</CFR>
      <CWH>0.14207417774628062</CWH>
      <CFGlacier>1</CFGlacier>
      <CFSlope>1</CFSlope>
      <FC>294.7748712648318</FC>
      <LP>0.60766419860699472</LP>
      <BETA>5.592252057978544</BETA>
    </VegetationZoneParameters>
  </VegetationZone>
  <SubCatchment>
    <SubCatchmentParameters>
      <KSI>0.001</KSI>
      <KGmin>0.05</KGmin>
      <RangeKG>0.1</RangeKG>
      <AG>0.1</AG>
      <PERC>9.6955063727279587</PERC>
      <Alpha>0</Alpha>
      <UZL>11.782990864115419</UZL>
      <K0>0.31547157835870931</K0>
      <K1>0.31873643418246755</K1>
      <K2>0.13584093868655539</K2>
      <MAXBAS>2.0187654154767389</MAXBAS>
      <Cet>0</Cet>
      <PCALT>10</PCALT>
      <TCALT>0.6</TCALT>
      <Pelev>3100</Pelev>
      <Telev>3100</Telev>
      <PART>0.5</PART>
      <DELAY>1</DELAY>
    </SubCatchmentParameters>
    <SubCatchmentVegetationZone>
      <SubCatchmentVegetationZoneParameters>
        <TT>0.3342170838104177</TT>
        <CFMAX>4.6239488339465407</CFMAX>
        <SP>0</SP>
        <SFCF>0.63865859956832971</SFCF>
        <CFR>0.03465603726813684</CFR>
        <CWH>0.14207417774628062</CWH>
        <CFGlacier>1</CFGlacier>
        <CFSlope>1</CFSlope>
        <FC>294.7748712648318</FC>
        <LP>0.60766419860699472</LP>
        <BETA>5.592252057978544</BETA>
      </SubCatchmentVegetationZoneParameters>
    </SubCatchmentVegetationZone>
  </SubCatchment>
</Catchment>