<?xml version="1.0" encoding="utf-8"?>
<Catchment xmlns:xsi="http://www.w3.org/2001/XMLSchema-instance" xmlns:xsd="http://www.w3.org/2001/XMLSchema">
  <CatchmentParameters>
    <KSI>0.001</KSI>
    <KGmin>0.05</KGmin>
    <RangeKG>0.1</RangeKG>
    <AG>0.1</AG>
    <PERC>9.9653361456343958</PERC>
    <Alpha>0</Alpha>
    <UZL>84.413863568200824</UZL>
    <K0>0.57040959474893682</K0>
    <K1>0.23085034784473291</K1>
    <K2>0.11015692298951857</K2>
    <MAXBAS>1.4395274193601244</MAXBAS>
    <Cet>0</Cet>
    <PCALT>10</PCALT>
    <TCALT>0.6</TCALT>
    <Pelev>3100</Pelev>
    <Telev>3100</Telev>
    <PART>0.5</PART>
    <DELAY>1</DELAY>
  </CatchmentParameters>
  <VegetationZone>
    <VegetationZoneParameters>
      <TT>1.8065858978835288</TT>
      <CFMAX>3.9466407944043036</CFMAX>
      <SP>0</SP>
      <SFCF>1.0257838711017233</SFCF>
      <CFR>0.049243577341006865</CFR>
      <CWH>0.1552640334172205</CWH>
      <CFGlacier>1</CFGlacier>
      <CFSlope>1</CFSlope>
      <FC>740.44495473154188</FC>
      <LP>0.3381587015284559</LP>
      <BETA>5.5802335994622592</BETA>
    </VegetationZoneParameters>
  </VegetationZone>
  <SubCatchment>
    <SubCatchmentParameters>
      <KSI>0.001</KSI>
      <KGmin>0.05</KGmin>
      <RangeKG>0.1</RangeKG>
      <AG>0.1</AG>
      <PERC>9.9653361456343958</PERC>
      <Alpha>0</Alpha>
      <UZL>84.413863568200824</UZL>
      <K0>0.57040959474893682</K0>
      <K1>0.23085034784473291</K1>
      <K2>0.11015692298951857</K2>
      <MAXBAS>1.4395274193601244</MAXBAS>
      <Cet>0</Cet>
      <PCALT>10</PCALT>
      <TCALT>0.6</TCALT>
      <Pelev>3100</Pelev>
      <Telev>3100</Telev>
      <PART>0.5</PART>
      <DELAY>1</DELAY>
    </SubCatchmentParameters>
    <SubCatchmentVegetationZone>
      <SubCatchmentVegetationZoneParameters>
        <TT>1.8065858978835288</TT>
        <CFMAX>3.9466407944043036</CFMAX>
        <SP>0</SP>
        <SFCF>1.0257838711017233</SFCF>
        <CFR>0.049243577341006865</CFR>
        <CWH>0.1552640334172205</CWH>
        <CFGlacier>1</CFGlacier>
        <CFSlope>1</CFSlope>
        <FC>740.44495473154188</FC>
        <LP>0.3381587015284559</LP>
        <BETA>5.5802335994622592</BETA>
      </SubCatchmentVegetationZoneParameters>
    </SubCatchmentVegetationZone>
  </SubCatchment>
</Catchment>