<?xml version="1.0" encoding="utf-8"?>
<Catchment xmlns:xsi="http://www.w3.org/2001/XMLSchema-instance" xmlns:xsd="http://www.w3.org/2001/XMLSchema">
  <CatchmentParameters>
    <KSI>0.001</KSI>
    <KGmin>0.05</KGmin>
    <RangeKG>0.1</RangeKG>
    <AG>0.1</AG>
    <PERC>2.0466022007682927</PERC>
    <Alpha>0</Alpha>
    <UZL>126.90648848498265</UZL>
    <K0>0.50271750790807623</K0>
    <K1>0.035170512928745429</K1>
    <K2>0.010000000259275286</K2>
    <MAXBAS>1</MAXBAS>
    <Cet>0</Cet>
    <PCALT>10</PCALT>
    <TCALT>0.6</TCALT>
    <Pelev>3100</Pelev>
    <Telev>3100</Telev>
    <PART>0.5</PART>
    <DELAY>1</DELAY>
  </CatchmentParameters>
  <VegetationZone>
    <VegetationZoneParameters>
      <TT>-0.67929428431133687</TT>
      <CFMAX>4.0143505155448205</CFMAX>
      <SP>0</SP>
      <SFCF>0.79982178693795336</SFCF>
      <CFR>0.04758310004342365</CFR>
      <CWH>0.10328749460065791</CWH>
      <CFGlacier>1</CFGlacier>
      <CFSlope>1</CFSlope>
      <FC>698.93997255704346</FC>
      <LP>0.67092226618784367</LP>
      <BETA>3.7501522658180817</BETA>
    </VegetationZoneParameters>
  </VegetationZone>
  <SubCatchment>
    <SubCatchmentParameters>
      <KSI>0.001</KSI>
      <KGmin>0.05</KGmin>
      <RangeKG>0.1</RangeKG>
      <AG>0.1</AG>
      <PERC>2.0466022007682927</PERC>
      <Alpha>0</Alpha>
      <UZL>126.90648848498265</UZL>
      <K0>0.50271750790807623</K0>
      <K1>0.035170512928745429</K1>
      <K2>0.010000000259275286</K2>
      <MAXBAS>1</MAXBAS>
      <Cet>0</Cet>
      <PCALT>10</PCALT>
      <TCALT>0.6</TCALT>
      <Pelev>3100</Pelev>
      <Telev>3100</Telev>
      <PART>0.5</PART>
      <DELAY>1</DELAY>
    </SubCatchmentParameters>
    <SubCatchmentVegetationZone>
      <SubCatchmentVegetationZoneParameters>
        <TT>-0.67929428431133687</TT>
        <CFMAX>4.0143505155448205</CFMAX>
        <SP>0</SP>
        <SFCF>0.79982178693795336</SFCF>
        <CFR>0.04758310004342365</CFR>
        <CWH>0.10328749460065791</CWH>
        <CFGlacier>1</CFGlacier>
        <CFSlope>1</CFSlope>
        <FC>698.93997255704346</FC>
        <LP>0.67092226618784367</LP>
        <BETA>3.7501522658180817</BETA>
      </SubCatchmentVegetationZoneParameters>
    </SubCatchmentVegetationZone>
  </SubCatchment>
</Catchment>