<?xml version="1.0" encoding="utf-8"?>
<Catchment xmlns:xsi="http://www.w3.org/2001/XMLSchema-instance" xmlns:xsd="http://www.w3.org/2001/XMLSchema">
  <CatchmentParameters>
    <KSI>0.001</KSI>
    <KGmin>0.05</KGmin>
    <RangeKG>0.1</RangeKG>
    <AG>0.1</AG>
    <PERC>0.16719361064023802</PERC>
    <Alpha>0</Alpha>
    <UZL>96.281989781915541</UZL>
    <K0>0.41959069945514943</K0>
    <K1>0.01785353427474454</K1>
    <K2>0.010000001162615508</K2>
    <MAXBAS>1</MAXBAS>
    <Cet>0</Cet>
    <PCALT>10</PCALT>
    <TCALT>0.6</TCALT>
    <Pelev>3100</Pelev>
    <Telev>3100</Telev>
    <PART>0.5</PART>
    <DELAY>1</DELAY>
  </CatchmentParameters>
  <VegetationZone>
    <VegetationZoneParameters>
      <TT>-0.1125114362919848</TT>
      <CFMAX>4.6514228121376648</CFMAX>
      <SP>0</SP>
      <SFCF>0.78352811088565788</SFCF>
      <CFR>0.012182233727563692</CFR>
      <CWH>0.10000026288679778</CWH>
      <CFGlacier>1</CFGlacier>
      <CFSlope>1</CFSlope>
      <FC>806.3494190985848</FC>
      <LP>0.78496451999077344</LP>
      <BETA>4.6579053438826064</BETA>
    </VegetationZoneParameters>
  </VegetationZone>
  <SubCatchment>
    <SubCatchmentParameters>
      <KSI>0.001</KSI>
      <KGmin>0.05</KGmin>
      <RangeKG>0.1</RangeKG>
      <AG>0.1</AG>
      <PERC>0.16719361064023802</PERC>
      <Alpha>0</Alpha>
      <UZL>96.281989781915541</UZL>
      <K0>0.41959069945514943</K0>
      <K1>0.01785353427474454</K1>
      <K2>0.010000001162615508</K2>
      <MAXBAS>1</MAXBAS>
      <Cet>0</Cet>
      <PCALT>10</PCALT>
      <TCALT>0.6</TCALT>
      <Pelev>3100</Pelev>
      <Telev>3100</Telev>
      <PART>0.5</PART>
      <DELAY>1</DELAY>
    </SubCatchmentParameters>
    <SubCatchmentVegetationZone>
      <SubCatchmentVegetationZoneParameters>
        <TT>-0.1125114362919848</TT>
        <CFMAX>4.6514228121376648</CFMAX>
        <SP>0</SP>
        <SFCF>0.78352811088565788</SFCF>
        <CFR>0.012182233727563692</CFR>
        <CWH>0.10000026288679778</CWH>
        <CFGlacier>1</CFGlacier>
        <CFSlope>1</CFSlope>
        <FC>806.3494190985848</FC>
        <LP>0.78496451999077344</LP>
        <BETA>4.6579053438826064</BETA>
      </SubCatchmentVegetationZoneParameters>
    </SubCatchmentVegetationZone>
  </SubCatchment>
</Catchment>