<?xml version="1.0" encoding="utf-8"?>
<Catchment xmlns:xsi="http://www.w3.org/2001/XMLSchema-instance" xmlns:xsd="http://www.w3.org/2001/XMLSchema">
  <CatchmentParameters>
    <KSI>0.001</KSI>
    <KGmin>0.05</KGmin>
    <RangeKG>0.1</RangeKG>
    <AG>0.1</AG>
    <PERC>3.8929499960139555</PERC>
    <Alpha>0</Alpha>
    <UZL>107.42206960386935</UZL>
    <K0>0.49109282129834619</K0>
    <K1>0.27604030683568748</K1>
    <K2>0.010660953121330297</K2>
    <MAXBAS>1</MAXBAS>
    <Cet>0</Cet>
    <PCALT>10</PCALT>
    <TCALT>0.6</TCALT>
    <Pelev>3100</Pelev>
    <Telev>3100</Telev>
    <PART>0.5</PART>
    <DELAY>1</DELAY>
  </CatchmentParameters>
  <VegetationZone>
    <VegetationZoneParameters>
      <TT>-1.027916074954278</TT>
      <CFMAX>3.2097335058789627</CFMAX>
      <SP>0</SP>
      <SFCF>0.90893790764947335</SFCF>
      <CFR>0.050749779047839505</CFR>
      <CWH>0.11169310623853952</CWH>
      <CFGlacier>1</CFGlacier>
      <CFSlope>1</CFSlope>
      <FC>920.97189859394371</FC>
      <LP>0.64685165845927528</LP>
      <BETA>3.9430960220945952</BETA>
    </VegetationZoneParameters>
  </VegetationZone>
  <SubCatchment>
    <SubCatchmentParameters>
      <KSI>0.001</KSI>
      <KGmin>0.05</KGmin>
      <RangeKG>0.1</RangeKG>
      <AG>0.1</AG>
      <PERC>3.8929499960139555</PERC>
      <Alpha>0</Alpha>
      <UZL>107.42206960386935</UZL>
      <K0>0.49109282129834619</K0>
      <K1>0.27604030683568748</K1>
      <K2>0.010660953121330297</K2>
      <MAXBAS>1</MAXBAS>
      <Cet>0</Cet>
      <PCALT>10</PCALT>
      <TCALT>0.6</TCALT>
      <Pelev>3100</Pelev>
      <Telev>3100</Telev>
      <PART>0.5</PART>
      <DELAY>1</DELAY>
    </SubCatchmentParameters>
    <SubCatchmentVegetationZone>
      <SubCatchmentVegetationZoneParameters>
        <TT>-1.027916074954278</TT>
        <CFMAX>3.2097335058789627</CFMAX>
        <SP>0</SP>
        <SFCF>0.90893790764947335</SFCF>
        <CFR>0.050749779047839505</CFR>
        <CWH>0.11169310623853952</CWH>
        <CFGlacier>1</CFGlacier>
        <CFSlope>1</CFSlope>
        <FC>920.97189859394371</FC>
        <LP>0.64685165845927528</LP>
        <BETA>3.9430960220945952</BETA>
      </SubCatchmentVegetationZoneParameters>
    </SubCatchmentVegetationZone>
  </SubCatchment>
</Catchment>