<?xml version="1.0" encoding="utf-8"?>
<Catchment xmlns:xsi="http://www.w3.org/2001/XMLSchema-instance" xmlns:xsd="http://www.w3.org/2001/XMLSchema">
  <CatchmentParameters>
    <KSI>0.001</KSI>
    <KGmin>0.05</KGmin>
    <RangeKG>0.1</RangeKG>
    <AG>0.1</AG>
    <PERC>2.7946351939739289</PERC>
    <Alpha>0</Alpha>
    <UZL>116.32533303753424</UZL>
    <K0>0.53123007495884311</K0>
    <K1>0.22713209190675221</K1>
    <K2>0.014683265014836255</K2>
    <MAXBAS>1</MAXBAS>
    <Cet>0</Cet>
    <PCALT>10</PCALT>
    <TCALT>0.6</TCALT>
    <Pelev>3100</Pelev>
    <Telev>3100</Telev>
    <PART>0.5</PART>
    <DELAY>1</DELAY>
  </CatchmentParameters>
  <VegetationZone>
    <VegetationZoneParameters>
      <TT>-1.919034559416946</TT>
      <CFMAX>2.777304331072461</CFMAX>
      <SP>0</SP>
      <SFCF>1.0932551962366797</SFCF>
      <CFR>0.0062913640046301867</CFR>
      <CWH>0.10000000104071094</CWH>
      <CFGlacier>1</CFGlacier>
      <CFSlope>1</CFSlope>
      <FC>1350.6622493318525</FC>
      <LP>0.49167599425197916</LP>
      <BETA>2.9796518135933026</BETA>
    </VegetationZoneParameters>
  </VegetationZone>
  <SubCatchment>
    <SubCatchmentParameters>
      <KSI>0.001</KSI>
      <KGmin>0.05</KGmin>
      <RangeKG>0.1</RangeKG>
      <AG>0.1</AG>
      <PERC>2.7946351939739289</PERC>
      <Alpha>0</Alpha>
      <UZL>116.32533303753424</UZL>
      <K0>0.53123007495884311</K0>
      <K1>0.22713209190675221</K1>
      <K2>0.014683265014836255</K2>
      <MAXBAS>1</MAXBAS>
      <Cet>0</Cet>
      <PCALT>10</PCALT>
      <TCALT>0.6</TCALT>
      <Pelev>3100</Pelev>
      <Telev>3100</Telev>
      <PART>0.5</PART>
      <DELAY>1</DELAY>
    </SubCatchmentParameters>
    <SubCatchmentVegetationZone>
      <SubCatchmentVegetationZoneParameters>
        <TT>-1.919034559416946</TT>
        <CFMAX>2.777304331072461</CFMAX>
        <SP>0</SP>
        <SFCF>1.0932551962366797</SFCF>
        <CFR>0.0062913640046301867</CFR>
        <CWH>0.10000000104071094</CWH>
        <CFGlacier>1</CFGlacier>
        <CFSlope>1</CFSlope>
        <FC>1350.6622493318525</FC>
        <LP>0.49167599425197916</LP>
        <BETA>2.9796518135933026</BETA>
      </SubCatchmentVegetationZoneParameters>
    </SubCatchmentVegetationZone>
  </SubCatchment>
</Catchment>