<?xml version="1.0" encoding="utf-8"?>
<Catchment xmlns:xsi="http://www.w3.org/2001/XMLSchema-instance" xmlns:xsd="http://www.w3.org/2001/XMLSchema">
  <CatchmentParameters>
    <KSI>0.001</KSI>
    <KGmin>0.05</KGmin>
    <RangeKG>0.1</RangeKG>
    <AG>0.1</AG>
    <PERC>6.8572744239951353</PERC>
    <Alpha>0</Alpha>
    <UZL>105.90065271544478</UZL>
    <K0>0.42489244327880749</K0>
    <K1>0.225535369474654</K1>
    <K2>0.10920854168030332</K2>
    <MAXBAS>1.0777590642233976</MAXBAS>
    <Cet>0</Cet>
    <PCALT>10</PCALT>
    <TCALT>0.6</TCALT>
    <Pelev>3100</Pelev>
    <Telev>3100</Telev>
    <PART>0.5</PART>
    <DELAY>1</DELAY>
  </CatchmentParameters>
  <VegetationZone>
    <VegetationZoneParameters>
      <TT>1.9195208095286558</TT>
      <CFMAX>2.7411180023148</CFMAX>
      <SP>0</SP>
      <SFCF>0.92280645791597893</SFCF>
      <CFR>0.01805933498803837</CFR>
      <CWH>0.12810858864033389</CWH>
      <CFGlacier>1</CFGlacier>
      <CFSlope>1</CFSlope>
      <FC>674.63120864043117</FC>
      <LP>0.59399897421904257</LP>
      <BETA>5.2336211911016584</BETA>
    </VegetationZoneParameters>
  </VegetationZone>
  <SubCatchment>
    <SubCatchmentParameters>
      <KSI>0.001</KSI>
      <KGmin>0.05</KGmin>
      <RangeKG>0.1</RangeKG>
      <AG>0.1</AG>
      <PERC>6.8572744239951353</PERC>
      <Alpha>0</Alpha>
      <UZL>105.90065271544478</UZL>
      <K0>0.42489244327880749</K0>
      <K1>0.225535369474654</K1>
      <K2>0.10920854168030332</K2>
      <MAXBAS>1.0777590642233976</MAXBAS>
      <Cet>0</Cet>
      <PCALT>10</PCALT>
      <TCALT>0.6</TCALT>
      <Pelev>3100</Pelev>
      <Telev>3100</Telev>
      <PART>0.5</PART>
      <DELAY>1</DELAY>
    </SubCatchmentParameters>
    <SubCatchmentVegetationZone>
      <SubCatchmentVegetationZoneParameters>
        <TT>1.9195208095286558</TT>
        <CFMAX>2.7411180023148</CFMAX>
        <SP>0</SP>
        <SFCF>0.92280645791597893</SFCF>
        <CFR>0.01805933498803837</CFR>
        <CWH>0.12810858864033389</CWH>
        <CFGlacier>1</CFGlacier>
        <CFSlope>1</CFSlope>
        <FC>674.63120864043117</FC>
        <LP>0.59399897421904257</LP>
        <BETA>5.2336211911016584</BETA>
      </SubCatchmentVegetationZoneParameters>
    </SubCatchmentVegetationZone>
  </SubCatchment>
</Catchment>