<?xml version="1.0" encoding="utf-8"?>
<Catchment xmlns:xsi="http://www.w3.org/2001/XMLSchema-instance" xmlns:xsd="http://www.w3.org/2001/XMLSchema">
  <CatchmentParameters>
    <KSI>0.001</KSI>
    <KGmin>0.05</KGmin>
    <RangeKG>0.1</RangeKG>
    <AG>0.1</AG>
    <PERC>2.762620690750937</PERC>
    <Alpha>0</Alpha>
    <UZL>97.499046675502314</UZL>
    <K0>0.11351513655780805</K0>
    <K1>0.072690909022166156</K1>
    <K2>0.010106372539335601</K2>
    <MAXBAS>1</MAXBAS>
    <Cet>0</Cet>
    <PCALT>10</PCALT>
    <TCALT>0.6</TCALT>
    <Pelev>3100</Pelev>
    <Telev>3100</Telev>
    <PART>0.5</PART>
    <DELAY>1</DELAY>
  </CatchmentParameters>
  <VegetationZone>
    <VegetationZoneParameters>
      <TT>-0.70000113103696782</TT>
      <CFMAX>3.9099295779149172</CFMAX>
      <SP>0</SP>
      <SFCF>0.7908787804459122</SFCF>
      <CFR>0.038350922457768367</CFR>
      <CWH>0.137513342078633</CWH>
      <CFGlacier>1</CFGlacier>
      <CFSlope>1</CFSlope>
      <FC>707.04333941796244</FC>
      <LP>0.64459404190541714</LP>
      <BETA>3.5043137219595959</BETA>
    </VegetationZoneParameters>
  </VegetationZone>
  <SubCatchment>
    <SubCatchmentParameters>
      <KSI>0.001</KSI>
      <KGmin>0.05</KGmin>
      <RangeKG>0.1</RangeKG>
      <AG>0.1</AG>
      <PERC>2.762620690750937</PERC>
      <Alpha>0</Alpha>
      <UZL>97.499046675502314</UZL>
      <K0>0.11351513655780805</K0>
      <K1>0.072690909022166156</K1>
      <K2>0.010106372539335601</K2>
      <MAXBAS>1</MAXBAS>
      <Cet>0</Cet>
      <PCALT>10</PCALT>
      <TCALT>0.6</TCALT>
      <Pelev>3100</Pelev>
      <Telev>3100</Telev>
      <PART>0.5</PART>
      <DELAY>1</DELAY>
    </SubCatchmentParameters>
    <SubCatchmentVegetationZone>
      <SubCatchmentVegetationZoneParameters>
        <TT>-0.70000113103696782</TT>
        <CFMAX>3.9099295779149172</CFMAX>
        <SP>0</SP>
        <SFCF>0.7908787804459122</SFCF>
        <CFR>0.038350922457768367</CFR>
        <CWH>0.137513342078633</CWH>
        <CFGlacier>1</CFGlacier>
        <CFSlope>1</CFSlope>
        <FC>707.04333941796244</FC>
        <LP>0.64459404190541714</LP>
        <BETA>3.5043137219595959</BETA>
      </SubCatchmentVegetationZoneParameters>
    </SubCatchmentVegetationZone>
  </SubCatchment>
</Catchment>