<?xml version="1.0" encoding="utf-8"?>
<Catchment xmlns:xsi="http://www.w3.org/2001/XMLSchema-instance" xmlns:xsd="http://www.w3.org/2001/XMLSchema">
  <CatchmentParameters>
    <KSI>0.001</KSI>
    <KGmin>0.05</KGmin>
    <RangeKG>0.1</RangeKG>
    <AG>0.1</AG>
    <PERC>8.884084267741585</PERC>
    <Alpha>0</Alpha>
    <UZL>99.6675284045962</UZL>
    <K0>0.28633581464141433</K0>
    <K1>0.37768141809750816</K1>
    <K2>0.020233702732217362</K2>
    <MAXBAS>1.341650938192966</MAXBAS>
    <Cet>0</Cet>
    <PCALT>10</PCALT>
    <TCALT>0.6</TCALT>
    <Pelev>3100</Pelev>
    <Telev>3100</Telev>
    <PART>0.5</PART>
    <DELAY>1</DELAY>
  </CatchmentParameters>
  <VegetationZone>
    <VegetationZoneParameters>
      <TT>1.5791972153127734</TT>
      <CFMAX>4.4393251789466657</CFMAX>
      <SP>0</SP>
      <SFCF>1.0313088641465522</SFCF>
      <CFR>0.052474877193387531</CFR>
      <CWH>0.16819828642528273</CWH>
      <CFGlacier>1</CFGlacier>
      <CFSlope>1</CFSlope>
      <FC>578.44286424520419</FC>
      <LP>0.40620515038688532</LP>
      <BETA>5.0830606307679034</BETA>
    </VegetationZoneParameters>
  </VegetationZone>
  <SubCatchment>
    <SubCatchmentParameters>
      <KSI>0.001</KSI>
      <KGmin>0.05</KGmin>
      <RangeKG>0.1</RangeKG>
      <AG>0.1</AG>
      <PERC>8.884084267741585</PERC>
      <Alpha>0</Alpha>
      <UZL>99.6675284045962</UZL>
      <K0>0.28633581464141433</K0>
      <K1>0.37768141809750816</K1>
      <K2>0.020233702732217362</K2>
      <MAXBAS>1.341650938192966</MAXBAS>
      <Cet>0</Cet>
      <PCALT>10</PCALT>
      <TCALT>0.6</TCALT>
      <Pelev>3100</Pelev>
      <Telev>3100</Telev>
      <PART>0.5</PART>
      <DELAY>1</DELAY>
    </SubCatchmentParameters>
    <SubCatchmentVegetationZone>
      <SubCatchmentVegetationZoneParameters>
        <TT>1.5791972153127734</TT>
        <CFMAX>4.4393251789466657</CFMAX>
        <SP>0</SP>
        <SFCF>1.0313088641465522</SFCF>
        <CFR>0.052474877193387531</CFR>
        <CWH>0.16819828642528273</CWH>
        <CFGlacier>1</CFGlacier>
        <CFSlope>1</CFSlope>
        <FC>578.44286424520419</FC>
        <LP>0.40620515038688532</LP>
        <BETA>5.0830606307679034</BETA>
      </SubCatchmentVegetationZoneParameters>
    </SubCatchmentVegetationZone>
  </SubCatchment>
</Catchment>