<?xml version="1.0" encoding="utf-8"?>
<Catchment xmlns:xsi="http://www.w3.org/2001/XMLSchema-instance" xmlns:xsd="http://www.w3.org/2001/XMLSchema">
  <CatchmentParameters>
    <KSI>0.001</KSI>
    <KGmin>0.05</KGmin>
    <RangeKG>0.1</RangeKG>
    <AG>0.1</AG>
    <PERC>7.19286627713377</PERC>
    <Alpha>0</Alpha>
    <UZL>158.4663200392134</UZL>
    <K0>0.38255228356845522</K0>
    <K1>0.12975258455205835</K1>
    <K2>0.11158557689140651</K2>
    <MAXBAS>1.5041157512121037</MAXBAS>
    <Cet>0</Cet>
    <PCALT>10</PCALT>
    <TCALT>0.6</TCALT>
    <Pelev>3100</Pelev>
    <Telev>3100</Telev>
    <PART>0.5</PART>
    <DELAY>1</DELAY>
  </CatchmentParameters>
  <VegetationZone>
    <VegetationZoneParameters>
      <TT>2.3904168083678159</TT>
      <CFMAX>4.797698276366</CFMAX>
      <SP>0</SP>
      <SFCF>0.6003712961393638</SFCF>
      <CFR>0.007206478980236599</CFR>
      <CWH>0.105549767458838</CWH>
      <CFGlacier>1</CFGlacier>
      <CFSlope>1</CFSlope>
      <FC>363.01398723875218</FC>
      <LP>0.39921352544174282</LP>
      <BETA>5.7904905686278649</BETA>
    </VegetationZoneParameters>
  </VegetationZone>
  <SubCatchment>
    <SubCatchmentParameters>
      <KSI>0.001</KSI>
      <KGmin>0.05</KGmin>
      <RangeKG>0.1</RangeKG>
      <AG>0.1</AG>
      <PERC>7.19286627713377</PERC>
      <Alpha>0</Alpha>
      <UZL>158.4663200392134</UZL>
      <K0>0.38255228356845522</K0>
      <K1>0.12975258455205835</K1>
      <K2>0.11158557689140651</K2>
      <MAXBAS>1.5041157512121037</MAXBAS>
      <Cet>0</Cet>
      <PCALT>10</PCALT>
      <TCALT>0.6</TCALT>
      <Pelev>3100</Pelev>
      <Telev>3100</Telev>
      <PART>0.5</PART>
      <DELAY>1</DELAY>
    </SubCatchmentParameters>
    <SubCatchmentVegetationZone>
      <SubCatchmentVegetationZoneParameters>
        <TT>2.3904168083678159</TT>
        <CFMAX>4.797698276366</CFMAX>
        <SP>0</SP>
        <SFCF>0.6003712961393638</SFCF>
        <CFR>0.007206478980236599</CFR>
        <CWH>0.105549767458838</CWH>
        <CFGlacier>1</CFGlacier>
        <CFSlope>1</CFSlope>
        <FC>363.01398723875218</FC>
        <LP>0.39921352544174282</LP>
        <BETA>5.7904905686278649</BETA>
      </SubCatchmentVegetationZoneParameters>
    </SubCatchmentVegetationZone>
  </SubCatchment>
</Catchment>