<?xml version="1.0" encoding="utf-8"?>
<Catchment xmlns:xsi="http://www.w3.org/2001/XMLSchema-instance" xmlns:xsd="http://www.w3.org/2001/XMLSchema">
  <CatchmentParameters>
    <KSI>0.001</KSI>
    <KGmin>0.05</KGmin>
    <RangeKG>0.1</RangeKG>
    <AG>0.1</AG>
    <PERC>2.2230122075860703</PERC>
    <Alpha>0</Alpha>
    <UZL>122.58763951421719</UZL>
    <K0>0.37282931885638937</K0>
    <K1>0.039696564636017083</K1>
    <K2>0.01003894309644059</K2>
    <MAXBAS>1</MAXBAS>
    <Cet>0</Cet>
    <PCALT>10</PCALT>
    <TCALT>0.6</TCALT>
    <Pelev>3100</Pelev>
    <Telev>3100</Telev>
    <PART>0.5</PART>
    <DELAY>1</DELAY>
  </CatchmentParameters>
  <VegetationZone>
    <VegetationZoneParameters>
      <TT>-0.6295221306993416</TT>
      <CFMAX>4.1502393616557365</CFMAX>
      <SP>0</SP>
      <SFCF>0.82019474355113964</SFCF>
      <CFR>0.039652006901434417</CFR>
      <CWH>0.10000524588460014</CWH>
      <CFGlacier>1</CFGlacier>
      <CFSlope>1</CFSlope>
      <FC>748.20070971346911</FC>
      <LP>0.69004344035339982</LP>
      <BETA>3.9706219635587789</BETA>
    </VegetationZoneParameters>
  </VegetationZone>
  <SubCatchment>
    <SubCatchmentParameters>
      <KSI>0.001</KSI>
      <KGmin>0.05</KGmin>
      <RangeKG>0.1</RangeKG>
      <AG>0.1</AG>
      <PERC>2.2230122075860703</PERC>
      <Alpha>0</Alpha>
      <UZL>122.58763951421719</UZL>
      <K0>0.37282931885638937</K0>
      <K1>0.039696564636017083</K1>
      <K2>0.01003894309644059</K2>
      <MAXBAS>1</MAXBAS>
      <Cet>0</Cet>
      <PCALT>10</PCALT>
      <TCALT>0.6</TCALT>
      <Pelev>3100</Pelev>
      <Telev>3100</Telev>
      <PART>0.5</PART>
      <DELAY>1</DELAY>
    </SubCatchmentParameters>
    <SubCatchmentVegetationZone>
      <SubCatchmentVegetationZoneParameters>
        <TT>-0.6295221306993416</TT>
        <CFMAX>4.1502393616557365</CFMAX>
        <SP>0</SP>
        <SFCF>0.82019474355113964</SFCF>
        <CFR>0.039652006901434417</CFR>
        <CWH>0.10000524588460014</CWH>
        <CFGlacier>1</CFGlacier>
        <CFSlope>1</CFSlope>
        <FC>748.20070971346911</FC>
        <LP>0.69004344035339982</LP>
        <BETA>3.9706219635587789</BETA>
      </SubCatchmentVegetationZoneParameters>
    </SubCatchmentVegetationZone>
  </SubCatchment>
</Catchment>