<?xml version="1.0" encoding="utf-8"?>
<Catchment xmlns:xsi="http://www.w3.org/2001/XMLSchema-instance" xmlns:xsd="http://www.w3.org/2001/XMLSchema">
  <CatchmentParameters>
    <KSI>0.001</KSI>
    <KGmin>0.05</KGmin>
    <RangeKG>0.1</RangeKG>
    <AG>0.1</AG>
    <PERC>4.9362119390500165</PERC>
    <Alpha>0</Alpha>
    <UZL>144.60686812280844</UZL>
    <K0>0.20394212961213221</K0>
    <K1>0.32853027712922311</K1>
    <K2>0.098797874498007587</K2>
    <MAXBAS>1.0481709624343334</MAXBAS>
    <Cet>0</Cet>
    <PCALT>10</PCALT>
    <TCALT>0.6</TCALT>
    <Pelev>3100</Pelev>
    <Telev>3100</Telev>
    <PART>0.5</PART>
    <DELAY>1</DELAY>
  </CatchmentParameters>
  <VegetationZone>
    <VegetationZoneParameters>
      <TT>2.0445417594555386</TT>
      <CFMAX>4.2060382585616347</CFMAX>
      <SP>0</SP>
      <SFCF>0.56011647873033021</SFCF>
      <CFR>0.041454918179540223</CFR>
      <CWH>0.1603899815646064</CWH>
      <CFGlacier>1</CFGlacier>
      <CFSlope>1</CFSlope>
      <FC>913.956873137346</FC>
      <LP>0.40976517030574938</LP>
      <BETA>5.2552420694927351</BETA>
    </VegetationZoneParameters>
  </VegetationZone>
  <SubCatchment>
    <SubCatchmentParameters>
      <KSI>0.001</KSI>
      <KGmin>0.05</KGmin>
      <RangeKG>0.1</RangeKG>
      <AG>0.1</AG>
      <PERC>4.9362119390500165</PERC>
      <Alpha>0</Alpha>
      <UZL>144.60686812280844</UZL>
      <K0>0.20394212961213221</K0>
      <K1>0.32853027712922311</K1>
      <K2>0.098797874498007587</K2>
      <MAXBAS>1.0481709624343334</MAXBAS>
      <Cet>0</Cet>
      <PCALT>10</PCALT>
      <TCALT>0.6</TCALT>
      <Pelev>3100</Pelev>
      <Telev>3100</Telev>
      <PART>0.5</PART>
      <DELAY>1</DELAY>
    </SubCatchmentParameters>
    <SubCatchmentVegetationZone>
      <SubCatchmentVegetationZoneParameters>
        <TT>2.0445417594555386</TT>
        <CFMAX>4.2060382585616347</CFMAX>
        <SP>0</SP>
        <SFCF>0.56011647873033021</SFCF>
        <CFR>0.041454918179540223</CFR>
        <CWH>0.1603899815646064</CWH>
        <CFGlacier>1</CFGlacier>
        <CFSlope>1</CFSlope>
        <FC>913.956873137346</FC>
        <LP>0.40976517030574938</LP>
        <BETA>5.2552420694927351</BETA>
      </SubCatchmentVegetationZoneParameters>
    </SubCatchmentVegetationZone>
  </SubCatchment>
</Catchment>