<?xml version="1.0" encoding="utf-8"?>
<Catchment xmlns:xsi="http://www.w3.org/2001/XMLSchema-instance" xmlns:xsd="http://www.w3.org/2001/XMLSchema">
  <CatchmentParameters>
    <KSI>0.001</KSI>
    <KGmin>0.05</KGmin>
    <RangeKG>0.1</RangeKG>
    <AG>0.1</AG>
    <PERC>2.6199807982580543</PERC>
    <Alpha>0</Alpha>
    <UZL>81.019850730647832</UZL>
    <K0>0.49481812337260289</K0>
    <K1>0.068091855930218548</K1>
    <K2>0.010000010613083043</K2>
    <MAXBAS>1</MAXBAS>
    <Cet>0</Cet>
    <PCALT>10</PCALT>
    <TCALT>0.6</TCALT>
    <Pelev>3100</Pelev>
    <Telev>3100</Telev>
    <PART>0.5</PART>
    <DELAY>1</DELAY>
  </CatchmentParameters>
  <VegetationZone>
    <VegetationZoneParameters>
      <TT>0.33113783620720921</TT>
      <CFMAX>3.6688266534127649</CFMAX>
      <SP>0</SP>
      <SFCF>0.69995671382346758</SFCF>
      <CFR>0.014717864740060564</CFR>
      <CWH>0.10000023645184696</CWH>
      <CFGlacier>1</CFGlacier>
      <CFSlope>1</CFSlope>
      <FC>571.14906897053777</FC>
      <LP>0.56763386386059178</LP>
      <BETA>2.9542430499524559</BETA>
    </VegetationZoneParameters>
  </VegetationZone>
  <SubCatchment>
    <SubCatchmentParameters>
      <KSI>0.001</KSI>
      <KGmin>0.05</KGmin>
      <RangeKG>0.1</RangeKG>
      <AG>0.1</AG>
      <PERC>2.6199807982580543</PERC>
      <Alpha>0</Alpha>
      <UZL>81.019850730647832</UZL>
      <K0>0.49481812337260289</K0>
      <K1>0.068091855930218548</K1>
      <K2>0.010000010613083043</K2>
      <MAXBAS>1</MAXBAS>
      <Cet>0</Cet>
      <PCALT>10</PCALT>
      <TCALT>0.6</TCALT>
      <Pelev>3100</Pelev>
      <Telev>3100</Telev>
      <PART>0.5</PART>
      <DELAY>1</DELAY>
    </SubCatchmentParameters>
    <SubCatchmentVegetationZone>
      <SubCatchmentVegetationZoneParameters>
        <TT>0.33113783620720921</TT>
        <CFMAX>3.6688266534127649</CFMAX>
        <SP>0</SP>
        <SFCF>0.69995671382346758</SFCF>
        <CFR>0.014717864740060564</CFR>
        <CWH>0.10000023645184696</CWH>
        <CFGlacier>1</CFGlacier>
        <CFSlope>1</CFSlope>
        <FC>571.14906897053777</FC>
        <LP>0.56763386386059178</LP>
        <BETA>2.9542430499524559</BETA>
      </SubCatchmentVegetationZoneParameters>
    </SubCatchmentVegetationZone>
  </SubCatchment>
</Catchment>