<?xml version="1.0" encoding="utf-8"?>
<Catchment xmlns:xsi="http://www.w3.org/2001/XMLSchema-instance" xmlns:xsd="http://www.w3.org/2001/XMLSchema">
  <CatchmentParameters>
    <KSI>0.001</KSI>
    <KGmin>0.05</KGmin>
    <RangeKG>0.1</RangeKG>
    <AG>0.1</AG>
    <PERC>3.3767394168269642</PERC>
    <Alpha>0</Alpha>
    <UZL>86.046568956023762</UZL>
    <K0>0.77738946400835163</K0>
    <K1>0.28317407006995016</K1>
    <K2>0.011768383971611918</K2>
    <MAXBAS>1</MAXBAS>
    <Cet>0</Cet>
    <PCALT>10</PCALT>
    <TCALT>0.6</TCALT>
    <Pelev>3100</Pelev>
    <Telev>3100</Telev>
    <PART>0.5</PART>
    <DELAY>1</DELAY>
  </CatchmentParameters>
  <VegetationZone>
    <VegetationZoneParameters>
      <TT>-1.2649887405290896</TT>
      <CFMAX>3.2322554808326815</CFMAX>
      <SP>0</SP>
      <SFCF>0.9918954485585989</SFCF>
      <CFR>0.044673434919393115</CFR>
      <CWH>0.10000433321401249</CWH>
      <CFGlacier>1</CFGlacier>
      <CFSlope>1</CFSlope>
      <FC>1104.8940039155277</FC>
      <LP>0.52245977342268624</LP>
      <BETA>3.0931667271774872</BETA>
    </VegetationZoneParameters>
  </VegetationZone>
  <SubCatchment>
    <SubCatchmentParameters>
      <KSI>0.001</KSI>
      <KGmin>0.05</KGmin>
      <RangeKG>0.1</RangeKG>
      <AG>0.1</AG>
      <PERC>3.3767394168269642</PERC>
      <Alpha>0</Alpha>
      <UZL>86.046568956023762</UZL>
      <K0>0.77738946400835163</K0>
      <K1>0.28317407006995016</K1>
      <K2>0.011768383971611918</K2>
      <MAXBAS>1</MAXBAS>
      <Cet>0</Cet>
      <PCALT>10</PCALT>
      <TCALT>0.6</TCALT>
      <Pelev>3100</Pelev>
      <Telev>3100</Telev>
      <PART>0.5</PART>
      <DELAY>1</DELAY>
    </SubCatchmentParameters>
    <SubCatchmentVegetationZone>
      <SubCatchmentVegetationZoneParameters>
        <TT>-1.2649887405290896</TT>
        <CFMAX>3.2322554808326815</CFMAX>
        <SP>0</SP>
        <SFCF>0.9918954485585989</SFCF>
        <CFR>0.044673434919393115</CFR>
        <CWH>0.10000433321401249</CWH>
        <CFGlacier>1</CFGlacier>
        <CFSlope>1</CFSlope>
        <FC>1104.8940039155277</FC>
        <LP>0.52245977342268624</LP>
        <BETA>3.0931667271774872</BETA>
      </SubCatchmentVegetationZoneParameters>
    </SubCatchmentVegetationZone>
  </SubCatchment>
</Catchment>