<?xml version="1.0" encoding="utf-8"?>
<Catchment xmlns:xsi="http://www.w3.org/2001/XMLSchema-instance" xmlns:xsd="http://www.w3.org/2001/XMLSchema">
  <CatchmentParameters>
    <KSI>0.001</KSI>
    <KGmin>0.05</KGmin>
    <RangeKG>0.1</RangeKG>
    <AG>0.1</AG>
    <PERC>6.5331726719499006</PERC>
    <Alpha>0</Alpha>
    <UZL>30.541751052569751</UZL>
    <K0>0.22494025754785568</K0>
    <K1>0.40055253714173922</K1>
    <K2>0.098789242956775866</K2>
    <MAXBAS>1.8947502402261067</MAXBAS>
    <Cet>0</Cet>
    <PCALT>10</PCALT>
    <TCALT>0.6</TCALT>
    <Pelev>3100</Pelev>
    <Telev>3100</Telev>
    <PART>0.5</PART>
    <DELAY>1</DELAY>
  </CatchmentParameters>
  <VegetationZone>
    <VegetationZoneParameters>
      <TT>0.7158408968018124</TT>
      <CFMAX>4.0026789484982777</CFMAX>
      <SP>0</SP>
      <SFCF>0.68695124818667053</SFCF>
      <CFR>0.038345894516628447</CFR>
      <CWH>0.16632847000324905</CWH>
      <CFGlacier>1</CFGlacier>
      <CFSlope>1</CFSlope>
      <FC>345.87681450490135</FC>
      <LP>0.5052991601750364</LP>
      <BETA>4.9232475608730049</BETA>
    </VegetationZoneParameters>
  </VegetationZone>
  <SubCatchment>
    <SubCatchmentParameters>
      <KSI>0.001</KSI>
      <KGmin>0.05</KGmin>
      <RangeKG>0.1</RangeKG>
      <AG>0.1</AG>
      <PERC>6.5331726719499006</PERC>
      <Alpha>0</Alpha>
      <UZL>30.541751052569751</UZL>
      <K0>0.22494025754785568</K0>
      <K1>0.40055253714173922</K1>
      <K2>0.098789242956775866</K2>
      <MAXBAS>1.8947502402261067</MAXBAS>
      <Cet>0</Cet>
      <PCALT>10</PCALT>
      <TCALT>0.6</TCALT>
      <Pelev>3100</Pelev>
      <Telev>3100</Telev>
      <PART>0.5</PART>
      <DELAY>1</DELAY>
    </SubCatchmentParameters>
    <SubCatchmentVegetationZone>
      <SubCatchmentVegetationZoneParameters>
        <TT>0.7158408968018124</TT>
        <CFMAX>4.0026789484982777</CFMAX>
        <SP>0</SP>
        <SFCF>0.68695124818667053</SFCF>
        <CFR>0.038345894516628447</CFR>
        <CWH>0.16632847000324905</CWH>
        <CFGlacier>1</CFGlacier>
        <CFSlope>1</CFSlope>
        <FC>345.87681450490135</FC>
        <LP>0.5052991601750364</LP>
        <BETA>4.9232475608730049</BETA>
      </SubCatchmentVegetationZoneParameters>
    </SubCatchmentVegetationZone>
  </SubCatchment>
</Catchment>