<?xml version="1.0" encoding="utf-8"?>
<Catchment xmlns:xsi="http://www.w3.org/2001/XMLSchema-instance" xmlns:xsd="http://www.w3.org/2001/XMLSchema">
  <CatchmentParameters>
    <KSI>0.001</KSI>
    <KGmin>0.05</KGmin>
    <RangeKG>0.1</RangeKG>
    <AG>0.1</AG>
    <PERC>1.936673506837109</PERC>
    <Alpha>0</Alpha>
    <UZL>161.97010289557062</UZL>
    <K0>0.53005527323825807</K0>
    <K1>0.091481611190489517</K1>
    <K2>0.0155034401796031</K2>
    <MAXBAS>1</MAXBAS>
    <Cet>0</Cet>
    <PCALT>10</PCALT>
    <TCALT>0.6</TCALT>
    <Pelev>3100</Pelev>
    <Telev>3100</Telev>
    <PART>0.5</PART>
    <DELAY>1</DELAY>
  </CatchmentParameters>
  <VegetationZone>
    <VegetationZoneParameters>
      <TT>-2.0595818405187787</TT>
      <CFMAX>1.6728683050913855</CFMAX>
      <SP>0</SP>
      <SFCF>0.74957855126445683</SFCF>
      <CFR>3.3714074762146116E-07</CFR>
      <CWH>0.10000000013149936</CWH>
      <CFGlacier>1</CFGlacier>
      <CFSlope>1</CFSlope>
      <FC>814.37340373972859</FC>
      <LP>0.61964407748439543</LP>
      <BETA>3.1228262950934211</BETA>
    </VegetationZoneParameters>
  </VegetationZone>
  <SubCatchment>
    <SubCatchmentParameters>
      <KSI>0.001</KSI>
      <KGmin>0.05</KGmin>
      <RangeKG>0.1</RangeKG>
      <AG>0.1</AG>
      <PERC>1.936673506837109</PERC>
      <Alpha>0</Alpha>
      <UZL>161.97010289557062</UZL>
      <K0>0.53005527323825807</K0>
      <K1>0.091481611190489517</K1>
      <K2>0.0155034401796031</K2>
      <MAXBAS>1</MAXBAS>
      <Cet>0</Cet>
      <PCALT>10</PCALT>
      <TCALT>0.6</TCALT>
      <Pelev>3100</Pelev>
      <Telev>3100</Telev>
      <PART>0.5</PART>
      <DELAY>1</DELAY>
    </SubCatchmentParameters>
    <SubCatchmentVegetationZone>
      <SubCatchmentVegetationZoneParameters>
        <TT>-2.0595818405187787</TT>
        <CFMAX>1.6728683050913855</CFMAX>
        <SP>0</SP>
        <SFCF>0.74957855126445683</SFCF>
        <CFR>3.3714074762146116E-07</CFR>
        <CWH>0.10000000013149936</CWH>
        <CFGlacier>1</CFGlacier>
        <CFSlope>1</CFSlope>
        <FC>814.37340373972859</FC>
        <LP>0.61964407748439543</LP>
        <BETA>3.1228262950934211</BETA>
      </SubCatchmentVegetationZoneParameters>
    </SubCatchmentVegetationZone>
  </SubCatchment>
</Catchment>