<?xml version="1.0" encoding="utf-8"?>
<Catchment xmlns:xsi="http://www.w3.org/2001/XMLSchema-instance" xmlns:xsd="http://www.w3.org/2001/XMLSchema">
  <CatchmentParameters>
    <KSI>0.001</KSI>
    <KGmin>0.05</KGmin>
    <RangeKG>0.1</RangeKG>
    <AG>0.1</AG>
    <PERC>6.968648980928652</PERC>
    <Alpha>0</Alpha>
    <UZL>95.56280115955461</UZL>
    <K0>0.53672519886741588</K0>
    <K1>0.38181372895929139</K1>
    <K2>0.099509237705064549</K2>
    <MAXBAS>1.5874375414751158</MAXBAS>
    <Cet>0</Cet>
    <PCALT>10</PCALT>
    <TCALT>0.6</TCALT>
    <Pelev>3100</Pelev>
    <Telev>3100</Telev>
    <PART>0.5</PART>
    <DELAY>1</DELAY>
  </CatchmentParameters>
  <VegetationZone>
    <VegetationZoneParameters>
      <TT>2.3131425901861737</TT>
      <CFMAX>2.8846092815117492</CFMAX>
      <SP>0</SP>
      <SFCF>0.57265704213757374</SFCF>
      <CFR>0.057415519552039593</CFR>
      <CWH>0.13409560546120766</CWH>
      <CFGlacier>1</CFGlacier>
      <CFSlope>1</CFSlope>
      <FC>564.68905254562492</FC>
      <LP>0.64264420831684255</LP>
      <BETA>5.33545756111534</BETA>
    </VegetationZoneParameters>
  </VegetationZone>
  <SubCatchment>
    <SubCatchmentParameters>
      <KSI>0.001</KSI>
      <KGmin>0.05</KGmin>
      <RangeKG>0.1</RangeKG>
      <AG>0.1</AG>
      <PERC>6.968648980928652</PERC>
      <Alpha>0</Alpha>
      <UZL>95.56280115955461</UZL>
      <K0>0.53672519886741588</K0>
      <K1>0.38181372895929139</K1>
      <K2>0.099509237705064549</K2>
      <MAXBAS>1.5874375414751158</MAXBAS>
      <Cet>0</Cet>
      <PCALT>10</PCALT>
      <TCALT>0.6</TCALT>
      <Pelev>3100</Pelev>
      <Telev>3100</Telev>
      <PART>0.5</PART>
      <DELAY>1</DELAY>
    </SubCatchmentParameters>
    <SubCatchmentVegetationZone>
      <SubCatchmentVegetationZoneParameters>
        <TT>2.3131425901861737</TT>
        <CFMAX>2.8846092815117492</CFMAX>
        <SP>0</SP>
        <SFCF>0.57265704213757374</SFCF>
        <CFR>0.057415519552039593</CFR>
        <CWH>0.13409560546120766</CWH>
        <CFGlacier>1</CFGlacier>
        <CFSlope>1</CFSlope>
        <FC>564.68905254562492</FC>
        <LP>0.64264420831684255</LP>
        <BETA>5.33545756111534</BETA>
      </SubCatchmentVegetationZoneParameters>
    </SubCatchmentVegetationZone>
  </SubCatchment>
</Catchment>