<?xml version="1.0" encoding="utf-8"?>
<Catchment xmlns:xsi="http://www.w3.org/2001/XMLSchema-instance" xmlns:xsd="http://www.w3.org/2001/XMLSchema">
  <CatchmentParameters>
    <KSI>0.001</KSI>
    <KGmin>0.05</KGmin>
    <RangeKG>0.1</RangeKG>
    <AG>0.1</AG>
    <PERC>5.6188632935331251</PERC>
    <Alpha>0</Alpha>
    <UZL>82.144867390023364</UZL>
    <K0>0.3910721726500786</K0>
    <K1>0.33957913100709464</K1>
    <K2>0.103896208495803</K2>
    <MAXBAS>1.4851313440865912</MAXBAS>
    <Cet>0</Cet>
    <PCALT>10</PCALT>
    <TCALT>0.6</TCALT>
    <Pelev>3100</Pelev>
    <Telev>3100</Telev>
    <PART>0.5</PART>
    <DELAY>1</DELAY>
  </CatchmentParameters>
  <VegetationZone>
    <VegetationZoneParameters>
      <TT>2.4028871141369734</TT>
      <CFMAX>4.1065781155182171</CFMAX>
      <SP>0</SP>
      <SFCF>0.89090855624492649</SFCF>
      <CFR>0.081143168743705474</CFR>
      <CWH>0.15184120471145354</CWH>
      <CFGlacier>1</CFGlacier>
      <CFSlope>1</CFSlope>
      <FC>718.75665576367976</FC>
      <LP>0.61328790425856006</LP>
      <BETA>5.8417885572175967</BETA>
    </VegetationZoneParameters>
  </VegetationZone>
  <SubCatchment>
    <SubCatchmentParameters>
      <KSI>0.001</KSI>
      <KGmin>0.05</KGmin>
      <RangeKG>0.1</RangeKG>
      <AG>0.1</AG>
      <PERC>5.6188632935331251</PERC>
      <Alpha>0</Alpha>
      <UZL>82.144867390023364</UZL>
      <K0>0.3910721726500786</K0>
      <K1>0.33957913100709464</K1>
      <K2>0.103896208495803</K2>
      <MAXBAS>1.4851313440865912</MAXBAS>
      <Cet>0</Cet>
      <PCALT>10</PCALT>
      <TCALT>0.6</TCALT>
      <Pelev>3100</Pelev>
      <Telev>3100</Telev>
      <PART>0.5</PART>
      <DELAY>1</DELAY>
    </SubCatchmentParameters>
    <SubCatchmentVegetationZone>
      <SubCatchmentVegetationZoneParameters>
        <TT>2.4028871141369734</TT>
        <CFMAX>4.1065781155182171</CFMAX>
        <SP>0</SP>
        <SFCF>0.89090855624492649</SFCF>
        <CFR>0.081143168743705474</CFR>
        <CWH>0.15184120471145354</CWH>
        <CFGlacier>1</CFGlacier>
        <CFSlope>1</CFSlope>
        <FC>718.75665576367976</FC>
        <LP>0.61328790425856006</LP>
        <BETA>5.8417885572175967</BETA>
      </SubCatchmentVegetationZoneParameters>
    </SubCatchmentVegetationZone>
  </SubCatchment>
</Catchment>