<?xml version="1.0" encoding="utf-8"?>
<Catchment xmlns:xsi="http://www.w3.org/2001/XMLSchema-instance" xmlns:xsd="http://www.w3.org/2001/XMLSchema">
  <CatchmentParameters>
    <KSI>0.001</KSI>
    <KGmin>0.05</KGmin>
    <RangeKG>0.1</RangeKG>
    <AG>0.1</AG>
    <PERC>6.1371869024283807</PERC>
    <Alpha>0</Alpha>
    <UZL>130.71818827297972</UZL>
    <K0>0.50189673513208033</K0>
    <K1>0.30460403279037618</K1>
    <K2>0.083378696718758055</K2>
    <MAXBAS>1.5050377730487257</MAXBAS>
    <Cet>0</Cet>
    <PCALT>10</PCALT>
    <TCALT>0.6</TCALT>
    <Pelev>3100</Pelev>
    <Telev>3100</Telev>
    <PART>0.5</PART>
    <DELAY>1</DELAY>
  </CatchmentParameters>
  <VegetationZone>
    <VegetationZoneParameters>
      <TT>2.4427996943671886</TT>
      <CFMAX>4.1115099629852372</CFMAX>
      <SP>0</SP>
      <SFCF>0.62459455734816538</SFCF>
      <CFR>0.0773895322566298</CFR>
      <CWH>0.16004727433506946</CWH>
      <CFGlacier>1</CFGlacier>
      <CFSlope>1</CFSlope>
      <FC>478.81175193438116</FC>
      <LP>0.74023779905885745</LP>
      <BETA>5.8935441140970051</BETA>
    </VegetationZoneParameters>
  </VegetationZone>
  <SubCatchment>
    <SubCatchmentParameters>
      <KSI>0.001</KSI>
      <KGmin>0.05</KGmin>
      <RangeKG>0.1</RangeKG>
      <AG>0.1</AG>
      <PERC>6.1371869024283807</PERC>
      <Alpha>0</Alpha>
      <UZL>130.71818827297972</UZL>
      <K0>0.50189673513208033</K0>
      <K1>0.30460403279037618</K1>
      <K2>0.083378696718758055</K2>
      <MAXBAS>1.5050377730487257</MAXBAS>
      <Cet>0</Cet>
      <PCALT>10</PCALT>
      <TCALT>0.6</TCALT>
      <Pelev>3100</Pelev>
      <Telev>3100</Telev>
      <PART>0.5</PART>
      <DELAY>1</DELAY>
    </SubCatchmentParameters>
    <SubCatchmentVegetationZone>
      <SubCatchmentVegetationZoneParameters>
        <TT>2.4427996943671886</TT>
        <CFMAX>4.1115099629852372</CFMAX>
        <SP>0</SP>
        <SFCF>0.62459455734816538</SFCF>
        <CFR>0.0773895322566298</CFR>
        <CWH>0.16004727433506946</CWH>
        <CFGlacier>1</CFGlacier>
        <CFSlope>1</CFSlope>
        <FC>478.81175193438116</FC>
        <LP>0.74023779905885745</LP>
        <BETA>5.8935441140970051</BETA>
      </SubCatchmentVegetationZoneParameters>
    </SubCatchmentVegetationZone>
  </SubCatchment>
</Catchment>