<?xml version="1.0" encoding="utf-8"?>
<Catchment xmlns:xsi="http://www.w3.org/2001/XMLSchema-instance" xmlns:xsd="http://www.w3.org/2001/XMLSchema">
  <CatchmentParameters>
    <KSI>0.001</KSI>
    <KGmin>0.05</KGmin>
    <RangeKG>0.1</RangeKG>
    <AG>0.1</AG>
    <PERC>7.4696988308363457</PERC>
    <Alpha>0</Alpha>
    <UZL>121.91131229409054</UZL>
    <K0>0.549601282978457</K0>
    <K1>0.099294331033787264</K1>
    <K2>0.089121413859138243</K2>
    <MAXBAS>1.5255071150330823</MAXBAS>
    <Cet>0</Cet>
    <PCALT>10</PCALT>
    <TCALT>0.6</TCALT>
    <Pelev>3100</Pelev>
    <Telev>3100</Telev>
    <PART>0.5</PART>
    <DELAY>1</DELAY>
  </CatchmentParameters>
  <VegetationZone>
    <VegetationZoneParameters>
      <TT>2.1214955896151042</TT>
      <CFMAX>4.9029774656417988</CFMAX>
      <SP>0</SP>
      <SFCF>0.63191008092304635</SFCF>
      <CFR>0.067336874518331938</CFR>
      <CWH>0.11083913425605116</CWH>
      <CFGlacier>1</CFGlacier>
      <CFSlope>1</CFSlope>
      <FC>538.98208614435248</FC>
      <LP>0.6687802821074631</LP>
      <BETA>4.0403759063087756</BETA>
    </VegetationZoneParameters>
  </VegetationZone>
  <SubCatchment>
    <SubCatchmentParameters>
      <KSI>0.001</KSI>
      <KGmin>0.05</KGmin>
      <RangeKG>0.1</RangeKG>
      <AG>0.1</AG>
      <PERC>7.4696988308363457</PERC>
      <Alpha>0</Alpha>
      <UZL>121.91131229409054</UZL>
      <K0>0.549601282978457</K0>
      <K1>0.099294331033787264</K1>
      <K2>0.089121413859138243</K2>
      <MAXBAS>1.5255071150330823</MAXBAS>
      <Cet>0</Cet>
      <PCALT>10</PCALT>
      <TCALT>0.6</TCALT>
      <Pelev>3100</Pelev>
      <Telev>3100</Telev>
      <PART>0.5</PART>
      <DELAY>1</DELAY>
    </SubCatchmentParameters>
    <SubCatchmentVegetationZone>
      <SubCatchmentVegetationZoneParameters>
        <TT>2.1214955896151042</TT>
        <CFMAX>4.9029774656417988</CFMAX>
        <SP>0</SP>
        <SFCF>0.63191008092304635</SFCF>
        <CFR>0.067336874518331938</CFR>
        <CWH>0.11083913425605116</CWH>
        <CFGlacier>1</CFGlacier>
        <CFSlope>1</CFSlope>
        <FC>538.98208614435248</FC>
        <LP>0.6687802821074631</LP>
        <BETA>4.0403759063087756</BETA>
      </SubCatchmentVegetationZoneParameters>
    </SubCatchmentVegetationZone>
  </SubCatchment>
</Catchment>