<?xml version="1.0" encoding="utf-8"?>
<Catchment xmlns:xsi="http://www.w3.org/2001/XMLSchema-instance" xmlns:xsd="http://www.w3.org/2001/XMLSchema">
  <CatchmentParameters>
    <KSI>0.001</KSI>
    <KGmin>0.05</KGmin>
    <RangeKG>0.1</RangeKG>
    <AG>0.1</AG>
    <PERC>4.8335685854844375</PERC>
    <Alpha>0</Alpha>
    <UZL>154.95796128699465</UZL>
    <K0>0.43171482832982483</K0>
    <K1>0.2294473421476822</K1>
    <K2>0.010135297017313744</K2>
    <MAXBAS>1</MAXBAS>
    <Cet>0</Cet>
    <PCALT>10</PCALT>
    <TCALT>0.6</TCALT>
    <Pelev>3100</Pelev>
    <Telev>3100</Telev>
    <PART>0.5</PART>
    <DELAY>1</DELAY>
  </CatchmentParameters>
  <VegetationZone>
    <VegetationZoneParameters>
      <TT>-0.22477264804685157</TT>
      <CFMAX>3.4927102554148424</CFMAX>
      <SP>0</SP>
      <SFCF>0.71741288333974962</SFCF>
      <CFR>0.030321427093166115</CFR>
      <CWH>0.10000009660489524</CWH>
      <CFGlacier>1</CFGlacier>
      <CFSlope>1</CFSlope>
      <FC>677.55446032482268</FC>
      <LP>0.79841878087475782</LP>
      <BETA>4.68661782133496</BETA>
    </VegetationZoneParameters>
  </VegetationZone>
  <SubCatchment>
    <SubCatchmentParameters>
      <KSI>0.001</KSI>
      <KGmin>0.05</KGmin>
      <RangeKG>0.1</RangeKG>
      <AG>0.1</AG>
      <PERC>4.8335685854844375</PERC>
      <Alpha>0</Alpha>
      <UZL>154.95796128699465</UZL>
      <K0>0.43171482832982483</K0>
      <K1>0.2294473421476822</K1>
      <K2>0.010135297017313744</K2>
      <MAXBAS>1</MAXBAS>
      <Cet>0</Cet>
      <PCALT>10</PCALT>
      <TCALT>0.6</TCALT>
      <Pelev>3100</Pelev>
      <Telev>3100</Telev>
      <PART>0.5</PART>
      <DELAY>1</DELAY>
    </SubCatchmentParameters>
    <SubCatchmentVegetationZone>
      <SubCatchmentVegetationZoneParameters>
        <TT>-0.22477264804685157</TT>
        <CFMAX>3.4927102554148424</CFMAX>
        <SP>0</SP>
        <SFCF>0.71741288333974962</SFCF>
        <CFR>0.030321427093166115</CFR>
        <CWH>0.10000009660489524</CWH>
        <CFGlacier>1</CFGlacier>
        <CFSlope>1</CFSlope>
        <FC>677.55446032482268</FC>
        <LP>0.79841878087475782</LP>
        <BETA>4.68661782133496</BETA>
      </SubCatchmentVegetationZoneParameters>
    </SubCatchmentVegetationZone>
  </SubCatchment>
</Catchment>