<?xml version="1.0" encoding="utf-8"?>
<Catchment xmlns:xsi="http://www.w3.org/2001/XMLSchema-instance" xmlns:xsd="http://www.w3.org/2001/XMLSchema">
  <CatchmentParameters>
    <KSI>0.001</KSI>
    <KGmin>0.05</KGmin>
    <RangeKG>0.1</RangeKG>
    <AG>0.1</AG>
    <PERC>4.0560884693026251</PERC>
    <Alpha>0</Alpha>
    <UZL>70.628391588946215</UZL>
    <K0>0.50970597784443539</K0>
    <K1>0.26787148100017449</K1>
    <K2>0.11878564971093694</K2>
    <MAXBAS>1.7143147490899189</MAXBAS>
    <Cet>0</Cet>
    <PCALT>10</PCALT>
    <TCALT>0.6</TCALT>
    <Pelev>3100</Pelev>
    <Telev>3100</Telev>
    <PART>0.5</PART>
    <DELAY>1</DELAY>
  </CatchmentParameters>
  <VegetationZone>
    <VegetationZoneParameters>
      <TT>1.8400366368453125</TT>
      <CFMAX>4.2673226077846271</CFMAX>
      <SP>0</SP>
      <SFCF>1.0597228102034291</SFCF>
      <CFR>0.063787241529853891</CFR>
      <CWH>0.17015117027651636</CWH>
      <CFGlacier>1</CFGlacier>
      <CFSlope>1</CFSlope>
      <FC>446.51991126105582</FC>
      <LP>0.56350032414014861</LP>
      <BETA>5.3851515268337566</BETA>
    </VegetationZoneParameters>
  </VegetationZone>
  <SubCatchment>
    <SubCatchmentParameters>
      <KSI>0.001</KSI>
      <KGmin>0.05</KGmin>
      <RangeKG>0.1</RangeKG>
      <AG>0.1</AG>
      <PERC>4.0560884693026251</PERC>
      <Alpha>0</Alpha>
      <UZL>70.628391588946215</UZL>
      <K0>0.50970597784443539</K0>
      <K1>0.26787148100017449</K1>
      <K2>0.11878564971093694</K2>
      <MAXBAS>1.7143147490899189</MAXBAS>
      <Cet>0</Cet>
      <PCALT>10</PCALT>
      <TCALT>0.6</TCALT>
      <Pelev>3100</Pelev>
      <Telev>3100</Telev>
      <PART>0.5</PART>
      <DELAY>1</DELAY>
    </SubCatchmentParameters>
    <SubCatchmentVegetationZone>
      <SubCatchmentVegetationZoneParameters>
        <TT>1.8400366368453125</TT>
        <CFMAX>4.2673226077846271</CFMAX>
        <SP>0</SP>
        <SFCF>1.0597228102034291</SFCF>
        <CFR>0.063787241529853891</CFR>
        <CWH>0.17015117027651636</CWH>
        <CFGlacier>1</CFGlacier>
        <CFSlope>1</CFSlope>
        <FC>446.51991126105582</FC>
        <LP>0.56350032414014861</LP>
        <BETA>5.3851515268337566</BETA>
      </SubCatchmentVegetationZoneParameters>
    </SubCatchmentVegetationZone>
  </SubCatchment>
</Catchment>