<?xml version="1.0" encoding="utf-8"?>
<Catchment xmlns:xsi="http://www.w3.org/2001/XMLSchema-instance" xmlns:xsd="http://www.w3.org/2001/XMLSchema">
  <CatchmentParameters>
    <KSI>0.001</KSI>
    <KGmin>0.05</KGmin>
    <RangeKG>0.1</RangeKG>
    <AG>0.1</AG>
    <PERC>3.0957457323155433</PERC>
    <Alpha>0</Alpha>
    <UZL>134.82900053371407</UZL>
    <K0>0.58303987226968934</K0>
    <K1>0.24404437755065719</K1>
    <K2>0.01305714843831729</K2>
    <MAXBAS>1</MAXBAS>
    <Cet>0</Cet>
    <PCALT>10</PCALT>
    <TCALT>0.6</TCALT>
    <Pelev>3100</Pelev>
    <Telev>3100</Telev>
    <PART>0.5</PART>
    <DELAY>1</DELAY>
  </CatchmentParameters>
  <VegetationZone>
    <VegetationZoneParameters>
      <TT>-0.84659616745744126</TT>
      <CFMAX>3.3277039749336632</CFMAX>
      <SP>0</SP>
      <SFCF>0.92618189020943775</SFCF>
      <CFR>0.019302483335289732</CFR>
      <CWH>0.10000001784295041</CWH>
      <CFGlacier>1</CFGlacier>
      <CFSlope>1</CFSlope>
      <FC>1132.5659072292394</FC>
      <LP>0.42428537713859155</LP>
      <BETA>2.3683187643056041</BETA>
    </VegetationZoneParameters>
  </VegetationZone>
  <SubCatchment>
    <SubCatchmentParameters>
      <KSI>0.001</KSI>
      <KGmin>0.05</KGmin>
      <RangeKG>0.1</RangeKG>
      <AG>0.1</AG>
      <PERC>3.0957457323155433</PERC>
      <Alpha>0</Alpha>
      <UZL>134.82900053371407</UZL>
      <K0>0.58303987226968934</K0>
      <K1>0.24404437755065719</K1>
      <K2>0.01305714843831729</K2>
      <MAXBAS>1</MAXBAS>
      <Cet>0</Cet>
      <PCALT>10</PCALT>
      <TCALT>0.6</TCALT>
      <Pelev>3100</Pelev>
      <Telev>3100</Telev>
      <PART>0.5</PART>
      <DELAY>1</DELAY>
    </SubCatchmentParameters>
    <SubCatchmentVegetationZone>
      <SubCatchmentVegetationZoneParameters>
        <TT>-0.84659616745744126</TT>
        <CFMAX>3.3277039749336632</CFMAX>
        <SP>0</SP>
        <SFCF>0.92618189020943775</SFCF>
        <CFR>0.019302483335289732</CFR>
        <CWH>0.10000001784295041</CWH>
        <CFGlacier>1</CFGlacier>
        <CFSlope>1</CFSlope>
        <FC>1132.5659072292394</FC>
        <LP>0.42428537713859155</LP>
        <BETA>2.3683187643056041</BETA>
      </SubCatchmentVegetationZoneParameters>
    </SubCatchmentVegetationZone>
  </SubCatchment>
</Catchment>