<?xml version="1.0" encoding="utf-8"?>
<Catchment xmlns:xsi="http://www.w3.org/2001/XMLSchema-instance" xmlns:xsd="http://www.w3.org/2001/XMLSchema">
  <CatchmentParameters>
    <KSI>0.001</KSI>
    <KGmin>0.05</KGmin>
    <RangeKG>0.1</RangeKG>
    <AG>0.1</AG>
    <PERC>3.5762967272301229</PERC>
    <Alpha>0</Alpha>
    <UZL>93.353130547621248</UZL>
    <K0>0.89317576587752168</K0>
    <K1>0.25015622970512497</K1>
    <K2>0.011807395897285685</K2>
    <MAXBAS>1</MAXBAS>
    <Cet>0</Cet>
    <PCALT>10</PCALT>
    <TCALT>0.6</TCALT>
    <Pelev>3100</Pelev>
    <Telev>3100</Telev>
    <PART>0.5</PART>
    <DELAY>1</DELAY>
  </CatchmentParameters>
  <VegetationZone>
    <VegetationZoneParameters>
      <TT>-1.1000008229872207</TT>
      <CFMAX>3.5865830165999597</CFMAX>
      <SP>0</SP>
      <SFCF>1.0442692010592987</SFCF>
      <CFR>0.046344033712911854</CFR>
      <CWH>0.1201269989231951</CWH>
      <CFGlacier>1</CFGlacier>
      <CFSlope>1</CFSlope>
      <FC>1195.5706455553739</FC>
      <LP>0.5609749633670329</LP>
      <BETA>3.5268227252767992</BETA>
    </VegetationZoneParameters>
  </VegetationZone>
  <SubCatchment>
    <SubCatchmentParameters>
      <KSI>0.001</KSI>
      <KGmin>0.05</KGmin>
      <RangeKG>0.1</RangeKG>
      <AG>0.1</AG>
      <PERC>3.5762967272301229</PERC>
      <Alpha>0</Alpha>
      <UZL>93.353130547621248</UZL>
      <K0>0.89317576587752168</K0>
      <K1>0.25015622970512497</K1>
      <K2>0.011807395897285685</K2>
      <MAXBAS>1</MAXBAS>
      <Cet>0</Cet>
      <PCALT>10</PCALT>
      <TCALT>0.6</TCALT>
      <Pelev>3100</Pelev>
      <Telev>3100</Telev>
      <PART>0.5</PART>
      <DELAY>1</DELAY>
    </SubCatchmentParameters>
    <SubCatchmentVegetationZone>
      <SubCatchmentVegetationZoneParameters>
        <TT>-1.1000008229872207</TT>
        <CFMAX>3.5865830165999597</CFMAX>
        <SP>0</SP>
        <SFCF>1.0442692010592987</SFCF>
        <CFR>0.046344033712911854</CFR>
        <CWH>0.1201269989231951</CWH>
        <CFGlacier>1</CFGlacier>
        <CFSlope>1</CFSlope>
        <FC>1195.5706455553739</FC>
        <LP>0.5609749633670329</LP>
        <BETA>3.5268227252767992</BETA>
      </SubCatchmentVegetationZoneParameters>
    </SubCatchmentVegetationZone>
  </SubCatchment>
</Catchment>