<?xml version="1.0" encoding="utf-8"?>
<Catchment xmlns:xsi="http://www.w3.org/2001/XMLSchema-instance" xmlns:xsd="http://www.w3.org/2001/XMLSchema">
  <CatchmentParameters>
    <KSI>0.001</KSI>
    <KGmin>0.05</KGmin>
    <RangeKG>0.1</RangeKG>
    <AG>0.1</AG>
    <PERC>5.5589489894529276</PERC>
    <Alpha>0</Alpha>
    <UZL>123.99048847831762</UZL>
    <K0>0.0768993692129844</K0>
    <K1>0.11291033278581217</K1>
    <K2>0.011472269437549863</K2>
    <MAXBAS>1</MAXBAS>
    <Cet>0</Cet>
    <PCALT>10</PCALT>
    <TCALT>0.6</TCALT>
    <Pelev>3100</Pelev>
    <Telev>3100</Telev>
    <PART>0.5</PART>
    <DELAY>1</DELAY>
  </CatchmentParameters>
  <VegetationZone>
    <VegetationZoneParameters>
      <TT>-0.078834852153782733</TT>
      <CFMAX>4.3552222550483339</CFMAX>
      <SP>0</SP>
      <SFCF>0.70513425608038738</SFCF>
      <CFR>0.026316931296459165</CFR>
      <CWH>0.10000000090040648</CWH>
      <CFGlacier>1</CFGlacier>
      <CFSlope>1</CFSlope>
      <FC>652.5128003948372</FC>
      <LP>0.720422931761587</LP>
      <BETA>3.7021389173815153</BETA>
    </VegetationZoneParameters>
  </VegetationZone>
  <SubCatchment>
    <SubCatchmentParameters>
      <KSI>0.001</KSI>
      <KGmin>0.05</KGmin>
      <RangeKG>0.1</RangeKG>
      <AG>0.1</AG>
      <PERC>5.5589489894529276</PERC>
      <Alpha>0</Alpha>
      <UZL>123.99048847831762</UZL>
      <K0>0.0768993692129844</K0>
      <K1>0.11291033278581217</K1>
      <K2>0.011472269437549863</K2>
      <MAXBAS>1</MAXBAS>
      <Cet>0</Cet>
      <PCALT>10</PCALT>
      <TCALT>0.6</TCALT>
      <Pelev>3100</Pelev>
      <Telev>3100</Telev>
      <PART>0.5</PART>
      <DELAY>1</DELAY>
    </SubCatchmentParameters>
    <SubCatchmentVegetationZone>
      <SubCatchmentVegetationZoneParameters>
        <TT>-0.078834852153782733</TT>
        <CFMAX>4.3552222550483339</CFMAX>
        <SP>0</SP>
        <SFCF>0.70513425608038738</SFCF>
        <CFR>0.026316931296459165</CFR>
        <CWH>0.10000000090040648</CWH>
        <CFGlacier>1</CFGlacier>
        <CFSlope>1</CFSlope>
        <FC>652.5128003948372</FC>
        <LP>0.720422931761587</LP>
        <BETA>3.7021389173815153</BETA>
      </SubCatchmentVegetationZoneParameters>
    </SubCatchmentVegetationZone>
  </SubCatchment>
</Catchment>