<?xml version="1.0" encoding="utf-8"?>
<Catchment xmlns:xsi="http://www.w3.org/2001/XMLSchema-instance" xmlns:xsd="http://www.w3.org/2001/XMLSchema">
  <CatchmentParameters>
    <KSI>0.001</KSI>
    <KGmin>0.05</KGmin>
    <RangeKG>0.1</RangeKG>
    <AG>0.1</AG>
    <PERC>9.2447870652849371</PERC>
    <Alpha>0</Alpha>
    <UZL>85.796752308535432</UZL>
    <K0>0.43758547929613778</K0>
    <K1>0.15885823221928838</K1>
    <K2>0.075566969005844475</K2>
    <MAXBAS>1.5071684850388922</MAXBAS>
    <Cet>0</Cet>
    <PCALT>10</PCALT>
    <TCALT>0.6</TCALT>
    <Pelev>3100</Pelev>
    <Telev>3100</Telev>
    <PART>0.5</PART>
    <DELAY>1</DELAY>
  </CatchmentParameters>
  <VegetationZone>
    <VegetationZoneParameters>
      <TT>1.9810410100840734</TT>
      <CFMAX>4.4363904747990119</CFMAX>
      <SP>0</SP>
      <SFCF>0.58957589055864712</SFCF>
      <CFR>0.063021765253427009</CFR>
      <CWH>0.17915749846095053</CWH>
      <CFGlacier>1</CFGlacier>
      <CFSlope>1</CFSlope>
      <FC>298.46244073675678</FC>
      <LP>0.32273332172021607</LP>
      <BETA>5.3590610846984905</BETA>
    </VegetationZoneParameters>
  </VegetationZone>
  <SubCatchment>
    <SubCatchmentParameters>
      <KSI>0.001</KSI>
      <KGmin>0.05</KGmin>
      <RangeKG>0.1</RangeKG>
      <AG>0.1</AG>
      <PERC>9.2447870652849371</PERC>
      <Alpha>0</Alpha>
      <UZL>85.796752308535432</UZL>
      <K0>0.43758547929613778</K0>
      <K1>0.15885823221928838</K1>
      <K2>0.075566969005844475</K2>
      <MAXBAS>1.5071684850388922</MAXBAS>
      <Cet>0</Cet>
      <PCALT>10</PCALT>
      <TCALT>0.6</TCALT>
      <Pelev>3100</Pelev>
      <Telev>3100</Telev>
      <PART>0.5</PART>
      <DELAY>1</DELAY>
    </SubCatchmentParameters>
    <SubCatchmentVegetationZone>
      <SubCatchmentVegetationZoneParameters>
        <TT>1.9810410100840734</TT>
        <CFMAX>4.4363904747990119</CFMAX>
        <SP>0</SP>
        <SFCF>0.58957589055864712</SFCF>
        <CFR>0.063021765253427009</CFR>
        <CWH>0.17915749846095053</CWH>
        <CFGlacier>1</CFGlacier>
        <CFSlope>1</CFSlope>
        <FC>298.46244073675678</FC>
        <LP>0.32273332172021607</LP>
        <BETA>5.3590610846984905</BETA>
      </SubCatchmentVegetationZoneParameters>
    </SubCatchmentVegetationZone>
  </SubCatchment>
</Catchment>