<?xml version="1.0" encoding="utf-8"?>
<Catchment xmlns:xsi="http://www.w3.org/2001/XMLSchema-instance" xmlns:xsd="http://www.w3.org/2001/XMLSchema">
  <CatchmentParameters>
    <KSI>0.001</KSI>
    <KGmin>0.05</KGmin>
    <RangeKG>0.1</RangeKG>
    <AG>0.1</AG>
    <PERC>5.2254842368425747</PERC>
    <Alpha>0</Alpha>
    <UZL>92.8309861399103</UZL>
    <K0>0.371958845369053</K0>
    <K1>0.46908966543881769</K1>
    <K2>0.087542194710136176</K2>
    <MAXBAS>1.3193944178977701</MAXBAS>
    <Cet>0</Cet>
    <PCALT>10</PCALT>
    <TCALT>0.6</TCALT>
    <Pelev>3100</Pelev>
    <Telev>3100</Telev>
    <PART>0.5</PART>
    <DELAY>1</DELAY>
  </CatchmentParameters>
  <VegetationZone>
    <VegetationZoneParameters>
      <TT>0.45891268342033076</TT>
      <CFMAX>4.7353792551935916</CFMAX>
      <SP>0</SP>
      <SFCF>0.99291810585841433</SFCF>
      <CFR>0.066182173979004943</CFR>
      <CWH>0.15966908530005664</CWH>
      <CFGlacier>1</CFGlacier>
      <CFSlope>1</CFSlope>
      <FC>737.0441323069108</FC>
      <LP>0.69264437101781762</LP>
      <BETA>5.4972399793254736</BETA>
    </VegetationZoneParameters>
  </VegetationZone>
  <SubCatchment>
    <SubCatchmentParameters>
      <KSI>0.001</KSI>
      <KGmin>0.05</KGmin>
      <RangeKG>0.1</RangeKG>
      <AG>0.1</AG>
      <PERC>5.2254842368425747</PERC>
      <Alpha>0</Alpha>
      <UZL>92.8309861399103</UZL>
      <K0>0.371958845369053</K0>
      <K1>0.46908966543881769</K1>
      <K2>0.087542194710136176</K2>
      <MAXBAS>1.3193944178977701</MAXBAS>
      <Cet>0</Cet>
      <PCALT>10</PCALT>
      <TCALT>0.6</TCALT>
      <Pelev>3100</Pelev>
      <Telev>3100</Telev>
      <PART>0.5</PART>
      <DELAY>1</DELAY>
    </SubCatchmentParameters>
    <SubCatchmentVegetationZone>
      <SubCatchmentVegetationZoneParameters>
        <TT>0.45891268342033076</TT>
        <CFMAX>4.7353792551935916</CFMAX>
        <SP>0</SP>
        <SFCF>0.99291810585841433</SFCF>
        <CFR>0.066182173979004943</CFR>
        <CWH>0.15966908530005664</CWH>
        <CFGlacier>1</CFGlacier>
        <CFSlope>1</CFSlope>
        <FC>737.0441323069108</FC>
        <LP>0.69264437101781762</LP>
        <BETA>5.4972399793254736</BETA>
      </SubCatchmentVegetationZoneParameters>
    </SubCatchmentVegetationZone>
  </SubCatchment>
</Catchment>